0,0,0,14.74,1.25
0,1,0,14.801,1.184
0,1,1,35.63,10.5
0,1,2,14.82,0.59
0,2,0,14.831,1.176
0,2,1,35.612,10.667
0,2,2,14.814,0.593
0,3,0,14.954,1.135
0,3,1,35.635,10.668
0,3,2,14.805,0.506
0,4,0,15.048,1.049
0,4,1,35.663,10.662
0,4,2,14.952,0.447
0,5,0,15.132,0.996
0,5,1,35.66,10.773
0,5,2,14.985,0.395
0,6,0,15.233,0.94
0,6,1,35.739,10.805
0,6,2,15.113,0.348
0,7,0,15.315,0.9
0,7,1,35.767,10.884
0,7,2,15.282,0.296
0,8,0,15.398,0.857
0,8,1,35.799,10.95
0,8,2,15.371,0.257
0,9,0,15.471,0.836
0,9,1,35.928,11.041
0,9,2,15.329,0.245
0,10,0,15.548,0.798
0,10,1,35.959,11.156
0,10,2,15.418,0.173
0,11,0,15.624,0.76
0,11,1,35.979,11.27
0,11,2,15.479,0.132
0,12,0,15.751,0.735
0,12,1,36.007,11.381
0,12,2,15.536,0.101
0,13,0,15.867,0.7
0,13,1,36.037,11.462
0,13,2,15.619,0.057
0,14,0,15.954,0.984
0,14,1,36.064,11.552
0,14,2,15.686,0.026
0,15,0,16.057,1.003
0,15,1,36.099,11.639
0,15,2,15.745,-0.026
0,16,0,16.202,0.953
0,16,1,36.12,11.793
0,16,2,15.825,-0.069
0,17,0,16.317,0.91
0,17,1,36.156,11.88
0,17,2,15.896,-0.094
0,18,0,16.189,0.791
0,18,1,36.184,11.995
0,18,2,15.98,-0.133
0,19,0,16.26,0.69
0,19,1,36.203,12.087
0,19,2,16.081,-0.186
0,20,0,16.376,0.567
0,20,1,36.272,12.159
0,20,2,16.162,-0.228
0,21,0,16.48,0.404
0,21,1,36.137,12.18
0,21,2,16.28,-0.275
0,21,3,16.44,0.24
0,22,0,16.578,0.251
0,22,1,36.178,12.237
0,22,2,16.363,-0.311
0,22,3,16.554,0.203
0,23,0,16.656,0.131
0,23,1,36.202,12.305
0,23,2,16.451,-0.362
0,23,3,16.615,0.18
0,24,0,16.72,0.014
0,24,1,36.206,12.403
0,24,2,16.456,-0.396
0,24,3,16.727,0.141
0,25,0,16.79,-0.112
0,25,1,36.243,12.46
0,25,2,16.558,-0.462
0,25,3,16.845,0.081
0,26,0,16.86,-0.24
0,26,1,36.247,12.594
0,26,2,16.636,-0.511
0,26,3,16.945,0.031
0,27,0,16.836,-0.45
0,27,1,36.27,12.672
0,27,2,16.711,-0.534
0,27,3,16.998,-0.029
0,27,4,6.13,5.26
0,28,0,16.901,-0.603
0,28,1,36.285,12.757
0,28,2,16.789,-0.574
0,28,3,17.077,-0.071
0,28,4,6.29,5.187
0,29,0,16.96,-0.713
0,29,1,36.28,12.856
0,29,2,16.869,-0.614
0,29,3,17.158,-0.11
0,29,4,6.407,5.127
0,30,0,17.014,-0.797
0,30,1,36.295,12.926
0,30,2,16.983,-0.621
0,30,3,17.221,-0.149
0,30,4,6.527,4.992
0,31,0,17.07,-0.849
0,31,1,36.32,12.977
0,31,2,17.057,-0.677
0,31,3,17.305,-0.19
0,31,4,6.675,4.879
0,32,0,17.122,-0.951
0,32,1,36.33,13.077
0,32,2,17.143,-0.732
0,32,3,17.388,-0.226
0,32,4,6.798,4.785
0,33,0,17.173,-1.053
0,33,1,36.353,13.252
0,33,2,17.243,-0.81
0,33,3,17.498,-0.253
0,33,4,6.909,4.677
0,34,0,17.225,-1.155
0,34,1,36.354,13.382
0,34,2,17.526,-0.685
0,34,3,17.617,-0.321
0,34,4,7.053,4.509
0,35,0,17.278,-1.256
0,35,1,36.408,13.452
0,35,2,17.656,-0.721
0,35,3,17.711,-0.351
0,35,4,7.179,4.388
0,36,0,17.33,-1.358
0,36,1,36.42,13.526
0,36,2,17.548,-0.847
0,36,3,17.786,-0.393
0,36,4,7.361,4.257
0,37,0,17.382,-1.46
0,37,1,36.427,13.605
0,37,2,17.593,-0.934
0,37,3,17.858,-0.431
0,37,4,7.567,4.117
0,38,0,17.434,-1.562
0,38,1,36.506,13.73
0,38,2,17.673,-1.0
0,38,3,17.941,-0.466
0,38,4,7.734,3.989
0,39,0,17.487,-1.664
0,39,1,36.66,13.986
0,39,2,17.776,-1.105
0,39,3,18.007,-0.495
0,39,4,7.886,3.874
0,40,0,17.54,-1.766
0,40,1,36.68,14.105
0,40,2,17.861,-1.221
0,40,3,18.128,-0.559
0,40,4,8.046,3.765
0,41,0,17.594,-1.869
0,41,1,36.678,14.213
0,41,2,17.942,-1.283
0,41,3,18.217,-0.61
0,41,4,8.224,3.619
0,42,0,17.648,-1.97
0,42,1,36.688,14.299
0,42,2,17.977,-1.337
0,42,3,18.294,-0.646
0,42,4,8.311,3.555
0,43,0,17.702,-2.07
0,43,1,36.678,14.392
0,43,2,18.037,-1.382
0,43,3,18.382,-0.693
0,43,4,8.466,3.464
0,44,0,17.756,-2.169
0,44,1,36.71,14.471
0,44,2,18.107,-1.417
0,44,3,18.473,-0.756
0,44,4,8.603,3.382
0,45,0,17.81,-2.269
0,45,1,36.684,14.574
0,45,2,18.131,-1.437
0,45,3,18.522,-0.778
0,45,4,8.647,3.308
0,46,0,17.864,-2.37
0,46,1,36.682,14.677
0,46,2,18.193,-1.485
0,46,3,18.613,-0.8
0,46,4,8.757,3.218
0,47,0,17.917,-2.473
0,47,1,36.739,14.819
0,47,2,18.249,-1.519
0,47,3,18.697,-0.867
0,47,4,8.865,3.129
0,48,0,17.578,0.338
0,48,1,36.704,14.948
0,48,2,18.316,-1.574
0,48,3,18.728,-0.893
0,48,4,9.014,3.017
0,49,0,17.648,0.358
0,49,1,36.678,15.044
0,49,2,18.424,-1.624
0,49,3,18.824,-0.932
0,49,4,9.208,2.898
0,50,0,17.717,0.376
0,50,1,36.672,15.144
0,50,2,18.496,-1.665
0,50,3,18.906,-0.998
0,50,4,9.336,2.816
0,51,0,17.786,0.395
0,51,1,36.783,15.285
0,51,2,18.681,-1.701
0,51,3,19.002,-1.018
0,51,4,9.402,2.748
0,52,0,17.855,0.413
0,52,1,36.85,15.379
0,52,2,18.767,-1.752
0,52,3,19.106,-1.053
0,52,4,9.572,2.668
0,53,0,17.924,0.433
0,53,1,36.831,15.508
0,53,2,18.857,-1.791
0,53,3,19.189,-1.114
0,53,4,9.695,2.605
0,54,0,17.991,0.453
0,54,1,36.879,15.653
0,54,2,18.895,-1.832
0,54,3,19.257,-1.137
0,54,4,9.822,2.527
0,55,0,18.059,0.473
0,55,1,36.91,15.744
0,55,2,19.023,-1.908
0,55,3,19.344,-1.175
0,55,4,10.011,2.432
0,55,5,37.26,-15.54
0,56,0,18.126,0.493
0,56,1,36.964,15.886
0,56,2,19.116,-1.948
0,56,3,19.422,-1.24
0,56,4,10.155,2.356
0,56,5,37.243,-15.594
0,57,0,18.476,1.138
0,57,1,36.991,16.003
0,57,2,19.204,-1.998
0,57,3,19.472,-1.238
0,57,4,10.245,2.297
0,57,5,37.245,-15.594
0,58,0,18.597,1.253
0,58,1,36.882,16.004
0,58,2,19.302,-2.041
0,58,3,19.581,-1.288
0,58,4,10.417,2.197
0,58,5,37.248,-15.596
0,59,0,18.719,1.368
0,59,1,36.852,16.05
0,59,2,19.402,-2.094
0,59,3,19.662,-1.351
0,59,4,10.559,2.108
0,59,5,37.286,-15.586
0,60,0,18.84,1.483
0,60,1,36.804,16.125
0,60,2,19.503,-2.149
0,60,3,19.733,-1.39
0,60,4,10.666,2.022
0,60,5,37.316,-15.571
0,61,0,18.961,1.598
0,61,1,36.815,16.214
0,61,2,19.544,-2.194
0,61,3,19.845,-1.465
0,61,4,10.794,1.94
0,61,5,37.326,-15.544
0,62,0,19.083,1.713
0,62,1,36.687,16.297
0,62,2,19.629,-2.252
0,62,3,19.929,-1.549
0,62,4,10.923,1.884
0,62,5,37.335,-15.516
0,63,0,19.205,1.825
0,63,1,36.811,16.412
0,63,2,19.635,-2.294
0,63,3,20.025,-1.602
0,63,4,11.049,1.821
0,63,5,37.352,-15.493
0,64,0,19.327,1.938
0,64,1,36.71,16.486
0,64,2,19.711,-2.333
0,64,3,20.07,-1.646
0,64,4,11.218,1.754
0,64,5,37.358,-15.464
0,65,0,19.449,2.051
0,65,1,36.686,16.533
0,65,2,19.784,-2.375
0,65,3,20.145,-1.721
0,65,4,11.359,1.685
0,65,5,37.328,-15.423
0,66,0,19.571,2.164
0,66,1,36.625,16.578
0,66,2,19.869,-2.407
0,66,3,20.183,-1.746
0,66,4,11.484,1.62
0,66,5,37.364,-15.399
0,67,0,19.693,2.275
0,67,1,36.378,16.501
0,67,2,19.95,-2.445
0,67,3,20.269,-1.794
0,67,4,11.627,1.519
0,67,5,37.421,-15.39
0,68,0,19.814,2.386
0,68,1,36.138,16.416
0,68,2,20.028,-2.472
0,68,3,20.343,-1.86
0,68,4,11.76,1.455
0,68,5,37.533,-15.471
0,69,0,19.936,2.497
0,69,1,36.297,16.599
0,69,2,20.135,-2.512
0,69,3,20.405,-1.889
0,69,4,11.856,1.389
0,69,5,37.586,-15.451
0,70,0,20.058,2.608
0,70,1,36.162,16.581
0,70,2,20.24,-2.569
0,70,3,20.506,-1.957
0,70,4,12.06,1.285
0,70,5,37.648,-15.432
0,71,0,20.18,2.72
0,71,1,36.201,16.651
0,71,2,20.332,-2.614
0,71,3,20.587,-2.02
0,71,4,12.204,1.229
0,71,5,37.714,-15.42
0,72,0,19.422,1.22
0,72,1,35.998,16.619
0,72,2,20.391,-2.667
0,72,3,20.669,-2.043
0,72,4,12.334,1.178
0,72,5,37.782,-15.413
0,73,0,19.519,1.171
0,73,1,36.192,16.726
0,73,2,20.473,-2.701
0,73,3,20.741,-2.097
0,73,4,12.481,1.133
0,73,5,37.833,-15.398
0,74,0,19.615,1.122
0,74,1,35.657,16.479
0,74,2,20.55,-2.744
0,74,3,20.825,-2.113
0,74,4,12.567,1.062
0,74,5,37.924,-15.395
0,75,0,19.712,1.072
0,75,1,35.636,16.49
0,75,2,20.621,-2.792
0,75,3,20.911,-2.129
0,75,4,12.743,0.985
0,75,5,37.975,-15.392
0,76,0,19.808,1.024
0,76,1,35.616,16.503
0,76,2,20.699,-2.836
0,76,3,20.986,-2.181
0,76,4,12.888,0.948
0,76,5,38.119,-15.436
0,77,0,19.905,0.975
0,77,1,35.595,16.516
0,77,2,20.777,-2.894
0,77,3,21.072,-2.221
0,77,4,12.994,0.896
0,77,5,38.228,-15.455
0,78,0,20.002,0.928
0,78,1,35.573,16.53
0,78,2,20.826,-2.974
0,78,3,21.146,-2.306
0,78,4,13.186,0.799
0,78,5,38.555,-15.554
0,79,0,19.993,1.087
0,79,1,35.553,16.547
0,79,2,20.907,-3.03
0,79,3,21.228,-2.377
0,79,4,13.34,0.752
0,79,5,38.771,-15.608
0,80,0,20.102,1.059
0,80,1,35.535,16.564
0,80,2,20.988,-3.07
0,80,3,21.306,-2.437
0,80,4,13.494,0.692
0,80,5,39.12,-15.715
0,81,0,20.196,1.047
0,81,1,35.516,16.58
0,81,2,21.068,-3.111
0,81,3,21.442,-2.545
0,81,4,13.586,0.628
0,81,5,39.163,-15.678
0,82,0,20.376,0.942
0,82,1,35.497,16.594
0,82,2,21.161,-3.142
0,82,3,21.525,-2.615
0,82,4,13.728,0.563
0,82,5,39.537,-16.008
0,83,0,20.453,0.823
0,83,1,35.479,16.608
0,83,2,21.242,-3.17
0,83,3,21.609,-2.684
0,83,4,13.911,0.466
0,83,5,39.838,-16.005
0,84,0,20.552,0.779
0,84,1,35.461,16.621
0,84,2,21.362,-3.236
0,84,3,21.7,-2.713
0,84,4,14.085,0.396
0,84,5,39.457,-15.774
0,85,0,20.566,0.606
0,85,1,35.441,16.633
0,85,2,21.444,-3.285
0,85,3,21.783,-2.771
0,85,4,14.24,0.323
0,85,5,39.214,-15.616
0,86,0,20.665,0.532
0,86,1,35.42,16.646
0,86,2,21.524,-3.333
0,86,3,21.878,-2.828
0,86,4,14.349,0.254
0,86,5,39.291,-15.602
0,87,0,20.764,0.459
0,87,1,35.4,16.657
0,87,2,21.602,-3.374
0,87,3,21.975,-2.867
0,87,4,14.525,0.169
0,87,5,39.365,-15.59
0,88,0,20.864,0.386
0,88,1,35.376,16.669
0,88,2,21.675,-3.451
0,88,3,22.066,-2.921
0,88,4,14.677,0.118
0,88,5,39.495,-15.569
0,89,0,20.964,0.313
0,89,1,35.349,16.681
0,89,2,21.743,-3.504
0,89,3,21.941,-2.976
0,89,4,14.762,0.067
0,89,5,39.572,-15.549
0,90,0,21.064,0.241
0,90,1,35.322,16.692
0,90,2,21.815,-3.542
0,90,3,21.997,-3.032
0,90,4,14.926,-0.014
0,90,5,39.648,-15.528
0,91,0,21.165,0.169
0,91,1,35.296,16.704
0,91,2,21.903,-3.571
0,91,3,21.995,-3.333
0,91,4,15.068,-0.08
0,91,5,40.12,-15.694
0,92,0,19.25,1.109
0,92,1,35.271,16.717
0,92,2,22.0,-3.609
0,92,3,22.036,-3.489
0,92,4,15.152,-0.14
0,92,5,40.426,-15.787
0,93,1,35.244,16.733
0,93,2,22.08,-3.65
0,93,3,22.082,-3.62
0,93,4,15.303,-0.21
0,93,5,40.815,-15.906
0,94,1,35.215,16.749
0,94,2,22.208,-3.701
0,94,3,22.132,-3.745
0,94,4,15.435,-0.296
0,94,5,41.126,-16.012
0,95,1,35.187,16.767
0,95,2,22.291,-3.767
0,95,3,22.178,-3.875
0,95,4,15.546,-0.359
0,95,5,41.544,-16.165
0,96,1,35.157,16.783
0,96,2,22.375,-3.812
0,96,3,22.127,-3.885
0,96,4,15.715,-0.44
0,96,5,41.662,-16.181
0,97,1,35.125,16.801
0,97,2,22.455,-3.858
0,97,3,22.167,-3.984
0,97,4,15.855,-0.539
0,97,5,41.929,-16.265
0,98,1,35.093,16.817
0,98,2,22.513,-3.91
0,98,3,22.208,-4.083
0,98,4,15.949,-0.598
0,98,5,40.652,-16.061
0,99,1,36.633,13.439
0,99,2,22.595,-3.959
0,99,3,22.249,-4.184
0,99,4,16.115,-0.691
0,99,5,40.747,-16.171
0,100,1,36.734,13.286
0,100,2,22.697,-4.039
0,100,3,22.291,-4.283
0,100,4,16.253,-0.795
0,100,5,40.525,-16.117
0,101,1,36.836,13.133
0,101,2,22.832,-4.107
0,101,3,22.334,-4.382
0,101,4,16.397,-0.862
0,101,5,40.543,-16.125
0,102,1,28.3,9.706
0,102,2,22.913,-4.168
0,102,3,22.544,-3.744
0,102,4,16.56,-0.92
0,102,5,40.979,-16.291
0,103,1,27.958,9.386
0,103,2,23.052,-4.168
0,103,3,22.528,-3.584
0,103,4,16.707,-1.005
0,103,5,41.01,-16.289
0,104,1,28.45,9.463
0,104,2,23.322,-4.188
0,104,3,22.616,-3.521
0,104,4,16.814,-1.065
0,104,5,41.079,-16.292
0,105,1,28.777,9.546
0,105,2,23.308,-4.048
0,105,3,22.745,-3.482
0,105,4,16.983,-1.14
0,105,5,41.057,-16.277
0,106,1,28.642,9.498
0,106,2,23.542,-4.104
0,106,3,22.848,-3.482
0,106,4,17.131,-1.251
0,106,5,41.408,-16.347
0,107,1,28.289,9.385
0,107,2,23.861,-4.208
0,107,3,22.99,-3.472
0,107,4,17.223,-1.303
0,107,5,41.875,-16.448
0,108,1,28.088,9.345
0,108,2,23.803,-4.272
0,108,3,23.1,-3.506
0,108,4,17.375,-1.364
0,108,5,42.261,-16.55
0,109,1,28.081,9.378
0,109,2,23.746,-4.336
0,109,3,23.199,-3.587
0,109,4,17.512,-1.441
0,109,5,42.367,-16.552
0,110,1,28.098,9.427
0,110,2,23.82,-4.394
0,110,3,23.225,-3.608
0,110,4,17.6,-1.496
0,110,5,42.841,-16.748
0,111,1,28.137,9.483
0,111,2,23.902,-4.5
0,111,3,23.298,-3.666
0,111,4,17.741,-1.58
0,111,5,43.075,-16.818
0,112,1,28.157,9.511
0,112,2,24.002,-4.556
0,112,3,23.37,-3.748
0,112,4,17.87,-1.675
0,112,5,43.191,-16.837
0,113,1,28.177,9.533
0,113,2,24.079,-4.617
0,113,3,23.391,-3.777
0,113,4,17.949,-1.694
0,113,5,43.351,-16.945
0,114,1,28.223,9.561
0,114,2,24.394,-4.662
0,114,3,23.453,-3.805
0,114,4,18.126,-1.765
0,114,5,43.677,-17.197
0,115,1,28.27,9.576
0,115,2,24.598,-4.705
0,115,3,23.535,-3.876
0,115,4,18.247,-1.855
0,115,5,45.244,-17.872
0,116,1,28.278,9.566
0,116,2,24.737,-4.735
0,116,3,23.591,-3.892
0,116,4,18.392,-1.924
0,116,5,45.391,-17.953
0,117,1,28.314,9.574
0,117,2,25.211,-4.826
0,117,3,23.619,-3.911
0,117,4,18.527,-2.008
0,117,5,45.539,-18.035
0,118,1,28.359,9.556
0,118,2,25.407,-4.859
0,118,3,23.676,-3.955
0,118,4,18.668,-2.107
0,119,1,28.404,9.56
0,119,2,25.602,-4.892
0,119,3,23.703,-3.966
0,119,4,18.799,-2.187
0,120,1,28.448,9.565
0,120,2,25.897,-5.089
0,120,3,23.723,-3.949
0,120,4,18.959,-2.293
0,120,6,30.85,-12.07
0,121,1,28.492,9.57
0,121,2,25.948,-5.154
0,121,3,23.773,-4.003
0,121,4,19.104,-2.392
0,121,6,30.847,-12.066
0,122,1,28.535,9.576
0,122,2,25.964,-5.184
0,122,3,23.764,-4.027
0,122,4,19.198,-2.468
0,122,6,30.861,-12.064
0,123,1,28.58,9.583
0,123,2,26.072,-5.244
0,123,3,23.799,-4.004
0,123,4,19.32,-2.549
0,123,6,30.867,-12.033
0,124,1,28.623,9.591
0,124,2,26.181,-5.304
0,124,3,23.836,-4.028
0,124,4,19.45,-2.621
0,124,6,30.851,-12.048
0,125,1,28.664,9.6
0,125,2,26.291,-5.364
0,125,3,23.88,-4.04
0,125,4,19.528,-2.677
0,125,6,30.838,-12.057
0,126,1,28.704,9.611
0,126,2,26.401,-5.426
0,126,3,23.94,-4.047
0,126,4,19.675,-2.757
0,126,6,30.829,-12.046
0,127,1,28.745,9.622
0,127,2,26.513,-5.485
0,127,3,23.983,-4.089
0,127,4,19.799,-2.83
0,127,6,30.853,-12.034
0,128,1,28.649,9.763
0,128,2,26.625,-5.544
0,128,3,24.037,-4.091
0,128,4,19.864,-2.973
0,128,6,30.816,-12.019
0,129,1,28.527,9.748
0,129,2,26.735,-5.602
0,129,3,24.135,-4.089
0,129,4,19.984,-3.023
0,129,6,30.81,-12.002
0,130,1,28.468,9.741
0,130,2,32.304,-5.515
0,130,3,24.181,-4.164
0,130,4,20.094,-3.1
0,130,6,30.802,-11.991
0,131,1,28.497,9.766
0,131,2,32.658,-5.479
0,131,3,24.193,-4.162
0,131,4,20.208,-3.166
0,131,6,30.843,-12.027
0,132,1,28.685,9.8
0,132,2,33.088,-5.443
0,132,3,24.16,-4.176
0,132,4,20.331,-3.239
0,132,6,30.843,-12.03
0,133,1,28.755,9.83
0,133,2,33.447,-5.403
0,133,3,24.167,-4.268
0,133,4,20.444,-3.331
0,133,6,30.858,-12.002
0,134,1,28.737,9.829
0,134,2,33.866,-5.44
0,134,3,24.191,-4.309
0,134,4,20.529,-3.368
0,134,6,30.861,-12.031
0,135,1,28.783,9.845
0,135,2,34.231,-5.544
0,135,3,24.217,-4.35
0,135,4,20.71,-3.411
0,135,6,30.85,-12.096
0,136,1,28.988,9.91
0,136,2,34.585,-5.56
0,136,3,24.24,-4.392
0,136,4,20.841,-3.473
0,136,6,30.874,-12.042
0,137,1,29.084,9.945
0,137,2,34.937,-5.575
0,137,3,24.265,-4.433
0,137,4,20.917,-3.562
0,137,6,30.872,-12.044
0,138,1,29.112,9.953
0,138,2,35.29,-5.59
0,138,3,24.288,-4.474
0,138,4,21.037,-3.608
0,138,6,30.884,-12.015
0,139,1,29.132,9.951
0,139,2,35.672,-5.985
0,139,3,24.258,-4.822
0,139,4,21.156,-3.654
0,139,6,30.892,-12.005
0,140,1,29.141,9.95
0,140,2,36.002,-6.13
0,140,3,24.257,-4.882
0,140,4,21.282,-3.674
0,140,6,30.909,-11.989
0,141,1,29.055,9.896
0,141,2,36.361,-6.248
0,141,3,24.266,-4.972
0,141,4,21.407,-3.686
0,141,6,30.835,-11.94
0,142,1,29.114,9.907
0,142,2,36.697,-6.384
0,142,3,24.274,-5.061
0,142,4,21.552,-3.704
0,142,6,30.843,-11.891
0,143,2,37.103,-6.421
0,143,3,24.285,-5.148
0,143,4,21.469,-3.759
0,143,6,30.85,-11.847
0,144,2,37.466,-6.464
0,144,3,24.511,-4.885
0,144,4,21.574,-3.879
0,144,6,30.832,-11.796
0,145,2,37.826,-6.513
0,145,3,24.6,-4.901
0,145,4,21.674,-3.95
0,145,6,30.819,-11.791
0,146,2,38.178,-6.566
0,146,3,24.709,-4.92
0,146,4,21.81,-4.124
0,146,6,30.806,-11.757
0,147,2,38.527,-6.626
0,147,3,24.829,-4.853
0,147,4,21.929,-4.305
0,147,6,30.831,-11.742
0,148,2,38.905,-6.698
0,148,3,25.02,-4.879
0,148,4,22.01,-4.547
0,148,6,30.815,-11.757
0,149,2,39.251,-6.79
0,149,3,25.131,-4.889
0,149,4,22.098,-4.695
0,149,6,30.798,-11.765
0,150,2,39.609,-6.864
0,150,3,25.353,-4.998
0,150,4,22.147,-4.804
0,150,6,30.784,-11.767
0,151,2,39.936,-6.876
0,151,3,25.409,-5.007
0,151,4,22.238,-4.881
0,151,6,30.758,-11.791
0,152,2,40.295,-6.914
0,152,3,25.486,-5.008
0,152,4,22.256,-4.936
0,152,6,30.717,-11.797
0,153,2,40.611,-6.972
0,153,3,25.614,-5.022
0,153,4,22.337,-4.977
0,153,6,30.708,-11.797
0,154,2,40.984,-7.037
0,154,3,25.757,-5.042
0,154,4,22.414,-4.999
0,154,6,30.697,-11.793
0,155,2,41.396,-7.125
0,155,3,25.736,-5.032
0,155,4,22.418,-5.004
0,155,6,30.729,-11.803
0,156,2,41.816,-7.182
0,156,3,25.747,-5.035
0,156,4,22.468,-5.029
0,156,6,30.703,-11.803
0,157,2,42.265,-7.261
0,157,3,25.811,-5.038
0,157,4,22.519,-5.087
0,157,6,30.692,-11.804
0,158,2,42.677,-7.326
0,158,3,25.92,-5.063
0,158,4,22.604,-5.114
0,158,6,30.702,-11.799
0,159,2,43.093,-7.394
0,159,3,26.082,-5.099
0,159,4,22.688,-5.131
0,159,6,30.697,-11.8
0,160,2,43.528,-7.473
0,160,3,26.085,-5.076
0,160,4,22.749,-5.209
0,160,6,30.692,-11.79
0,161,2,43.942,-7.548
0,161,3,26.115,-5.038
0,161,4,22.779,-5.203
0,161,6,30.686,-11.783
0,162,2,44.376,-7.612
0,162,3,26.288,-5.105
0,162,4,22.807,-5.193
0,162,6,30.718,-11.818
0,163,2,44.771,-7.683
0,163,3,26.222,-5.095
0,163,4,22.853,-5.271
0,163,6,30.715,-11.816
0,164,2,45.172,-7.754
0,164,3,26.305,-5.122
0,164,4,22.851,-5.266
0,164,6,30.702,-11.84
0,165,2,45.594,-7.816
0,165,3,26.378,-5.137
0,165,4,22.87,-5.257
0,165,6,30.701,-11.848
0,166,2,46.034,-7.951
0,166,3,26.352,-5.162
0,166,4,22.898,-5.305
0,166,6,30.695,-11.866
0,167,2,46.419,-8.031
0,167,3,26.267,-5.156
0,167,4,22.898,-5.288
0,167,6,30.68,-11.893
0,168,2,47.046,-8.111
0,168,3,26.328,-5.178
0,168,4,22.888,-5.272
0,168,6,30.672,-11.907
0,169,2,47.528,-8.168
0,169,3,26.625,-5.245
0,169,4,22.886,-5.324
0,169,6,30.664,-11.921
0,170,2,47.987,-8.237
0,170,3,26.696,-5.266
0,170,4,22.882,-5.315
0,170,6,30.655,-11.935
0,171,2,48.455,-8.296
0,171,3,27.265,-5.38
0,171,4,22.888,-5.311
0,171,6,30.647,-11.95
0,172,2,48.849,-8.363
0,172,3,27.367,-5.377
0,172,4,22.886,-5.349
0,172,6,30.638,-11.965
0,173,2,49.066,-8.435
0,173,3,27.541,-5.408
0,173,4,22.852,-5.319
0,173,6,30.628,-11.98
0,174,2,49.674,-8.535
0,174,3,27.831,-5.464
0,174,4,22.874,-5.303
0,174,6,30.716,-11.891
0,175,2,50.266,-8.631
0,175,3,28.099,-5.517
0,175,4,22.867,-5.323
0,175,6,30.752,-11.89
0,176,2,50.787,-8.718
0,176,3,28.378,-5.576
0,176,4,22.829,-5.281
0,176,6,30.762,-11.905
0,177,2,51.514,-8.829
0,177,3,28.637,-5.625
0,177,4,22.81,-5.253
0,177,6,30.775,-11.895
0,178,2,51.939,-8.908
0,178,3,28.875,-5.679
0,178,4,22.789,-5.293
0,178,6,30.774,-11.893
0,179,2,52.404,-8.983
0,179,3,28.994,-5.705
0,179,4,22.806,-5.268
0,179,6,30.727,-11.864
0,180,2,53.0,-9.081
0,180,3,23.927,-4.702
0,180,4,22.816,-5.237
0,180,6,30.73,-11.86
0,181,2,53.609,-9.186
0,181,3,23.824,-4.678
0,181,4,22.801,-5.301
0,181,6,30.725,-11.868
0,182,2,54.05,-9.262
0,182,3,23.742,-4.674
0,182,4,22.798,-5.286
0,182,6,30.721,-11.839
0,183,2,54.67,-9.381
0,183,3,23.792,-4.635
0,183,4,22.851,-5.293
0,183,6,30.692,-11.857
0,184,2,55.412,-9.505
0,184,3,23.695,-4.64
0,184,4,22.845,-5.343
0,184,6,30.666,-11.866
0,185,2,56.101,-9.622
0,185,3,23.626,-4.632
0,185,4,22.849,-5.359
0,185,6,30.643,-11.866
0,186,2,56.876,-9.753
0,186,3,23.565,-4.631
0,186,4,22.836,-5.316
0,186,6,30.654,-11.838
0,187,2,57.57,-9.871
0,187,3,23.499,-4.613
0,187,4,22.845,-5.34
0,187,6,30.577,-12.212
0,188,2,58.243,-9.985
0,188,3,23.473,-4.355
0,188,4,22.854,-5.303
0,188,6,30.553,-12.368
0,189,2,58.852,-10.103
0,189,3,23.432,-4.248
0,189,4,22.871,-5.274
0,189,6,30.526,-12.516
0,190,2,59.331,-10.187
0,190,3,23.374,-4.148
0,190,4,22.859,-5.317
0,190,6,30.499,-12.663
0,191,2,60.091,-10.309
0,191,3,24.019,-4.239
0,191,4,22.841,-5.295
0,191,6,30.539,-12.61
0,191,7,30.77,-11.77
0,192,2,60.851,-10.439
0,192,3,24.112,-4.175
0,192,4,22.832,-5.27
0,192,6,30.535,-12.425
0,192,7,30.734,-11.869
0,192,8,23.88,-4.65
0,193,2,61.344,-10.581
0,193,3,24.147,-4.1
0,193,4,22.796,-5.32
0,193,6,30.529,-12.472
0,193,7,30.731,-11.888
0,193,8,23.889,-4.674
0,194,2,61.834,-10.677
0,194,3,24.18,-4.108
0,194,4,22.803,-5.304
0,194,6,30.623,-12.496
0,194,7,30.731,-11.893
0,194,8,23.85,-4.64
0,195,2,62.355,-10.834
0,195,3,24.214,-4.056
0,195,4,22.79,-5.332
0,195,6,30.349,-12.766
0,195,7,30.757,-11.897
0,195,8,23.839,-4.664
0,196,2,62.736,-10.811
0,196,3,24.183,-4.172
0,196,4,22.798,-5.317
0,196,6,30.297,-12.929
0,196,7,30.774,-11.904
0,196,8,23.83,-4.663
0,196,9,27.59,-12.27
0,197,2,63.229,-10.895
0,197,3,24.228,-4.195
0,197,4,22.804,-5.285
0,197,6,30.225,-13.082
0,197,7,30.793,-11.91
0,197,8,23.93,-4.641
0,197,9,27.611,-12.269
0,198,2,63.724,-10.979
0,198,3,24.257,-4.229
0,198,4,22.782,-5.326
0,198,6,30.149,-13.227
0,198,7,30.806,-11.914
0,198,8,23.929,-4.657
0,198,9,27.621,-12.272
0,199,2,64.219,-11.061
0,199,3,24.277,-4.247
0,199,4,22.776,-5.338
0,199,6,30.089,-13.346
0,199,7,30.819,-11.921
0,199,8,23.93,-4.667
0,199,9,27.743,-11.951
0,200,2,64.721,-11.099
0,200,3,24.263,-4.247
0,200,4,22.854,-5.338
0,200,6,30.015,-13.478
0,200,7,30.832,-11.926
0,200,8,23.923,-4.671
0,200,9,27.796,-11.93
0,201,2,65.221,-11.174
0,201,3,24.279,-4.264
0,201,4,22.867,-5.356
0,201,6,30.038,-13.432
0,201,7,30.844,-11.899
0,201,8,23.928,-4.677
0,201,9,27.851,-11.948
0,202,2,65.788,-11.255
0,202,3,24.237,-4.271
0,202,4,22.878,-5.333
0,202,6,29.992,-13.525
0,202,7,30.702,-11.827
0,202,8,23.937,-4.681
0,202,9,27.675,-11.891
0,203,2,66.298,-11.334
0,203,3,24.259,-4.274
0,203,4,22.871,-5.291
0,203,6,29.947,-13.618
0,203,7,30.726,-11.847
0,203,8,23.952,-4.681
0,203,9,27.692,-11.991
0,204,2,66.55,-11.416
0,204,3,24.267,-4.296
0,204,4,22.881,-5.321
0,204,6,29.902,-13.711
0,204,7,30.741,-11.863
0,204,8,23.989,-4.684
0,204,9,27.635,-12.077
0,205,2,67.462,-11.515
0,205,3,24.282,-4.286
0,205,4,22.863,-5.288
0,205,6,29.857,-13.803
0,205,7,30.739,-11.832
0,205,8,24.014,-4.692
0,205,9,27.621,-12.147
0,206,2,67.979,-11.608
0,206,3,24.182,-4.266
0,206,4,22.85,-5.259
0,206,6,29.813,-13.898
0,206,7,30.761,-11.831
0,206,8,24.045,-4.701
0,206,9,27.576,-12.219
0,207,2,68.884,-11.754
0,207,3,24.174,-4.257
0,207,4,22.84,-5.297
0,207,6,29.77,-13.993
0,207,7,30.759,-11.857
0,207,8,24.087,-4.713
0,207,9,27.55,-12.218
0,208,2,69.601,-11.866
0,208,3,24.158,-4.248
0,208,4,22.896,-5.301
0,208,6,29.728,-14.087
0,208,7,30.762,-11.864
0,208,8,24.13,-4.722
0,208,9,27.533,-12.238
0,209,2,70.236,-12.001
0,209,3,24.15,-4.227
0,209,4,22.893,-5.281
0,209,6,29.686,-14.184
0,209,7,30.771,-11.876
0,209,8,24.18,-4.731
0,209,9,27.553,-12.292
0,210,2,71.015,-12.136
0,210,3,24.145,-4.232
0,210,4,22.91,-5.322
0,210,6,29.642,-14.28
0,210,7,30.777,-11.886
0,210,8,24.229,-4.737
0,210,9,27.562,-12.256
0,211,2,71.539,-12.229
0,211,3,24.153,-4.237
0,211,4,22.864,-5.282
0,211,6,29.597,-14.377
0,211,7,30.787,-11.89
0,211,8,24.27,-4.738
0,211,9,27.581,-12.25
0,212,2,72.015,-12.331
0,212,3,24.208,-4.241
0,212,4,22.85,-5.312
0,212,6,29.955,-13.005
0,212,7,30.776,-11.897
0,212,8,24.141,-4.517
0,212,9,27.592,-12.249
0,213,2,72.609,-12.419
0,213,3,24.214,-4.272
0,213,4,22.848,-5.316
0,213,6,29.956,-12.939
0,213,7,30.789,-11.898
0,213,8,24.191,-4.568
0,213,9,27.596,-12.231
0,214,2,73.209,-12.524
0,214,3,24.189,-4.266
0,214,4,22.821,-5.269
0,214,6,30.024,-12.925
0,214,7,30.736,-11.847
0,214,8,24.146,-4.45
0,214,9,27.615,-12.24
0,214,10,23.86,-4.6
0,215,2,73.809,-12.641
0,215,3,24.177,-4.265
0,215,4,22.824,-5.243
0,215,6,30.092,-12.912
0,215,7,30.731,-11.854
0,215,8,24.132,-4.213
0,215,9,27.61,-12.238
0,215,10,23.86,-4.622
0,216,2,74.345,-12.737
0,216,3,24.177,-4.27
0,216,4,22.82,-5.293
0,216,6,30.495,-13.123
0,216,7,30.718,-11.856
0,216,8,24.15,-4.122
0,216,9,27.63,-12.21
0,216,10,23.857,-4.655
0,217,2,74.976,-12.878
0,217,3,24.237,-4.316
0,217,4,22.82,-5.281
0,217,6,30.661,-13.215
0,217,7,30.726,-11.829
0,217,8,24.122,-4.129
0,217,9,27.656,-12.226
0,217,10,23.857,-4.674
0,218,2,75.534,-12.975
0,218,3,24.26,-4.298
0,218,4,22.836,-5.263
0,218,6,30.76,-13.261
0,218,7,30.724,-11.808
0,218,8,24.126,-4.075
0,218,9,27.683,-12.223
0,218,10,23.873,-4.614
0,219,2,76.118,-13.074
0,219,3,24.277,-4.287
0,219,4,22.834,-5.302
0,219,6,30.844,-13.298
0,219,7,30.714,-11.804
0,219,8,24.13,-4.02
0,219,9,27.709,-12.207
0,219,10,23.865,-4.641
0,220,2,76.59,-13.229
0,220,3,24.268,-4.318
0,220,4,22.828,-5.288
0,220,6,30.928,-13.333
0,220,7,30.695,-11.823
0,220,8,24.133,-3.966
0,220,9,27.697,-12.212
0,220,10,23.868,-4.65
0,221,2,77.778,-13.434
0,221,3,24.277,-4.324
0,221,4,22.825,-5.257
0,221,6,31.013,-13.369
0,221,7,30.689,-11.838
0,221,8,24.138,-3.911
0,221,9,27.698,-12.234
0,221,10,23.817,-4.642
0,222,2,78.642,-13.609
0,222,3,24.271,-4.331
0,222,4,22.81,-5.305
0,222,6,31.099,-13.405
0,222,7,30.686,-11.857
0,222,8,24.142,-3.856
0,222,9,27.717,-12.21
0,222,10,23.807,-4.647
0,223,2,79.453,-13.765
0,223,3,24.271,-4.334
0,223,4,22.807,-5.278
0,223,6,29.094,-11.438
0,223,7,30.675,-11.87
0,223,8,23.897,-4.166
0,223,9,27.729,-12.197
0,223,10,23.797,-4.65
0,224,2,80.113,-13.912
0,224,3,24.269,-4.337
0,224,4,22.854,-5.283
0,224,6,29.16,-11.294
0,224,7,30.664,-11.882
0,224,8,23.923,-4.17
0,224,9,27.745,-12.181
0,224,10,23.791,-4.647
0,225,2,80.865,-14.03
0,225,3,24.268,-4.347
0,225,4,22.856,-5.328
0,225,6,29.226,-11.15
0,225,7,30.625,-11.958
0,225,8,23.58,-4.277
0,225,9,27.757,-12.176
0,225,10,23.762,-4.651
0,226,2,81.364,-14.121
0,226,3,24.273,-4.361
0,226,4,22.867,-5.343
0,226,6,29.292,-11.007
0,226,7,30.607,-11.992
0,226,8,23.492,-4.335
0,226,9,27.766,-12.17
0,226,10,23.737,-4.652
0,227,2,82.244,-14.246
0,227,3,24.295,-4.377
0,227,4,22.853,-5.315
0,227,6,29.359,-10.863
0,227,7,30.589,-12.025
0,227,8,23.401,-4.354
0,227,9,27.769,-12.17
0,227,10,23.714,-4.651
0,227,11,20.95,2.5
0,228,3,24.315,-4.37
0,228,4,22.843,-5.332
0,228,6,29.425,-10.718
0,228,7,30.57,-12.058
0,228,8,23.443,-4.245
0,228,9,27.78,-12.168
0,228,10,23.696,-4.646
0,228,11,20.956,2.426
0,229,3,24.193,-4.333
0,229,4,22.863,-5.304
0,229,6,29.492,-10.573
0,229,7,30.55,-12.092
0,229,8,23.452,-4.292
0,229,9,27.791,-12.166
0,229,10,23.669,-4.652
0,229,11,21.179,2.403
0,230,3,24.184,-4.306
0,230,4,22.847,-5.257
0,230,6,29.56,-10.426
0,230,7,30.532,-12.127
0,230,8,23.409,-4.27
0,230,9,27.802,-12.164
0,230,10,23.876,-4.68
0,230,11,21.444,2.311
0,231,3,24.171,-4.293
0,231,4,22.831,-5.287
0,231,6,29.627,-10.28
0,231,7,30.514,-12.161
0,231,8,23.414,-4.282
0,231,9,27.813,-12.162
0,231,10,23.879,-4.69
0,231,11,21.607,2.273
0,232,3,24.195,-4.274
0,232,4,22.836,-5.256
0,232,6,29.693,-10.136
0,232,7,30.409,-11.675
0,232,8,23.391,-4.301
0,232,9,27.822,-12.16
0,232,10,23.891,-4.681
0,232,11,21.8,2.171
0,233,3,24.198,-4.279
0,233,4,22.881,-5.254
0,233,6,29.758,-9.991
0,233,7,30.349,-11.662
0,233,8,23.413,-4.339
0,233,9,27.834,-12.156
0,233,10,23.906,-4.67
0,233,11,21.985,2.013
0,234,3,24.204,-4.287
0,234,4,22.879,-5.312
0,234,6,29.823,-9.848
0,234,7,30.278,-11.634
0,234,8,22.726,-4.53
0,234,9,27.846,-12.152
0,234,10,23.924,-4.662
0,234,11,22.143,1.916
0,235,3,24.209,-4.31
0,235,4,22.87,-5.294
0,235,6,29.888,-9.703
0,235,7,30.704,-11.788
0,235,8,24.016,-4.718
0,235,9,27.826,-12.348
0,235,10,24.034,-4.569
0,235,11,22.247,1.807
0,236,3,24.213,-4.31
0,236,4,22.864,-5.331
0,236,6,29.954,-9.557
0,236,7,30.711,-11.784
0,236,8,23.345,-4.601
0,236,9,27.922,-12.301
0,236,10,23.99,-4.586
0,236,11,22.443,1.679
0,237,3,24.214,-4.313
0,237,4,22.864,-5.351
0,237,6,30.02,-9.411
0,237,7,30.72,-11.832
0,237,8,23.412,-4.636
0,237,9,27.96,-12.319
0,237,10,24.031,-4.465
0,237,11,22.6,1.599
0,238,3,24.213,-4.459
0,238,4,22.846,-5.332
0,238,6,30.088,-9.264
0,238,7,30.728,-11.825
0,238,8,23.523,-4.665
0,238,9,28.015,-12.325
0,238,10,24.086,-4.411
0,238,11,22.712,1.516
0,239,3,24.16,-4.312
0,239,4,22.851,-5.317
0,239,6,30.156,-9.117
0,239,7,30.734,-11.84
0,239,8,23.635,-4.674
0,239,9,27.799,-12.239
0,239,10,24.186,-4.368
0,239,11,22.869,1.354
0,240,3,24.159,-4.289
0,240,4,22.848,-5.327
0,240,6,30.225,-8.97
0,240,7,30.727,-11.887
0,240,8,23.706,-4.665
0,240,9,27.801,-12.235
0,240,10,24.253,-4.207
0,240,11,23.016,1.273
0,241,3,24.164,-4.278
0,241,4,22.823,-5.285
0,241,6,30.294,-8.823
0,241,7,30.715,-11.895
0,241,8,23.749,-4.665
0,241,9,27.816,-12.289
0,241,10,24.307,-4.151
0,241,11,23.173,1.115
0,242,3,24.16,-4.297
0,242,4,22.831,-5.247
0,242,6,31.109,-5.133
0,242,7,30.716,-11.921
0,242,8,23.914,-4.816
0,242,9,27.831,-12.309
0,242,10,24.3,-4.093
0,242,11,23.366,0.936
0,243,3,24.151,-4.294
0,243,4,22.807,-5.282
0,243,6,31.27,-4.694
0,243,7,30.713,-11.939
0,243,8,23.936,-4.833
0,243,9,27.829,-12.319
0,243,10,24.325,-4.134
0,243,11,23.241,1.405
0,244,3,24.156,-4.438
0,244,4,22.773,-5.294
0,244,6,31.428,-4.256
0,244,7,30.711,-11.959
0,244,8,23.981,-4.841
0,244,9,27.885,-12.342
0,244,10,24.357,-4.156
0,244,11,23.323,1.403
0,245,3,24.218,-4.457
0,245,4,22.785,-5.273
0,245,6,31.587,-3.818
0,245,7,30.711,-11.908
0,245,8,24.158,-4.898
0,245,9,27.906,-12.351
0,245,10,24.303,-4.157
0,245,11,23.431,1.351
0,246,3,24.229,-4.505
0,246,4,22.771,-5.294
0,246,6,31.746,-3.379
0,246,7,30.712,-11.911
0,246,8,24.212,-4.924
0,246,9,27.922,-12.362
0,246,10,24.304,-4.221
0,246,11,23.516,1.318
0,247,3,24.202,-4.498
0,247,4,22.801,-5.298
0,247,6,31.905,-2.94
0,247,7,30.713,-11.914
0,247,8,23.993,-4.667
0,247,9,27.938,-12.373
0,247,10,24.223,-4.256
0,247,11,23.724,1.15
0,248,3,24.206,-4.531
0,248,4,22.796,-5.317
0,248,6,32.065,-2.502
0,248,7,30.684,-11.814
0,248,8,24.154,-4.638
0,248,9,27.955,-12.384
0,248,10,24.195,-4.265
0,248,11,23.937,0.987
0,249,3,24.211,-4.485
0,249,4,22.787,-5.327
0,249,6,32.223,-2.062
0,249,7,30.646,-11.85
0,249,8,24.4,-4.672
0,249,9,28.013,-12.315
0,249,10,24.177,-4.294
0,249,11,24.087,0.855
0,250,3,24.225,-4.479
0,250,4,22.815,-5.297
0,250,6,32.381,-1.623
0,250,7,30.642,-11.832
0,250,8,24.512,-4.705
0,250,9,28.112,-12.173
0,250,10,24.154,-4.338
0,250,11,24.16,0.613
0,251,3,24.242,-4.471
0,251,4,22.844,-5.267
0,251,6,32.539,-1.184
0,251,7,30.655,-11.807
0,251,8,24.568,-4.745
0,251,9,28.069,-12.169
0,251,10,24.145,-4.215
0,251,11,24.361,0.34
0,252,3,24.273,-4.468
0,252,4,22.842,-5.313
0,252,6,32.698,-0.746
0,252,7,30.633,-11.828
0,252,8,24.733,-4.81
0,252,9,28.075,-12.222
0,252,10,24.153,-4.222
0,252,11,24.509,0.084
0,253,3,24.284,-4.469
0,253,4,22.862,-5.301
0,253,6,32.855,-0.307
0,253,7,30.615,-11.831
0,253,8,24.872,-4.843
0,253,9,28.038,-12.254
0,253,10,24.166,-4.214
0,253,11,24.652,-0.179
0,254,3,24.275,-4.474
0,254,4,22.848,-5.293
0,254,6,33.012,0.131
0,254,7,30.657,-11.813
0,254,8,24.998,-4.876
0,254,9,28.036,-12.28
0,254,10,24.153,-4.239
0,254,11,24.617,-0.379
0,255,3,24.27,-4.475
0,255,4,22.844,-5.335
0,255,6,33.169,0.57
0,255,7,30.643,-11.821
0,255,8,25.067,-4.899
0,255,9,28.038,-12.304
0,255,10,24.13,-4.258
0,255,11,24.71,-0.562
0,256,3,23.971,-4.451
0,256,4,22.841,-5.36
0,256,6,33.326,1.01
0,256,7,30.631,-11.816
0,256,8,25.166,-4.93
0,256,9,27.978,-12.316
0,256,10,24.12,-4.273
0,256,11,24.798,-0.706
0,257,3,24.031,-4.264
0,257,4,22.799,-5.334
0,257,6,33.484,1.448
0,257,7,30.625,-11.811
0,257,8,25.254,-4.947
0,257,9,27.98,-12.308
0,257,10,24.12,-4.275
0,257,11,24.72,-0.791
0,258,3,24.032,-4.157
0,258,4,22.792,-5.346
0,258,6,33.641,1.888
0,258,7,30.616,-11.807
0,258,8,25.364,-4.967
0,258,9,27.983,-12.301
0,258,10,24.101,-4.282
0,258,11,24.772,-0.907
0,259,3,24.101,-4.089
0,259,4,22.795,-5.312
0,259,6,33.798,2.328
0,259,7,30.601,-11.802
0,259,8,25.487,-4.986
0,259,9,27.987,-12.295
0,259,10,24.076,-4.421
0,259,11,24.79,-0.977
0,260,3,24.101,-4.109
0,260,4,22.783,-5.329
0,260,7,30.721,-11.834
0,260,8,25.591,-5.001
0,260,9,28.147,-12.401
0,260,10,24.062,-4.461
0,260,11,24.869,-1.038
0,261,3,24.059,-4.13
0,261,4,22.767,-5.348
0,261,7,30.723,-11.843
0,261,8,25.689,-5.011
0,261,9,28.174,-12.398
0,261,10,24.045,-4.503
0,261,11,24.946,-1.103
0,262,3,24.008,-4.165
0,262,4,22.781,-5.327
0,262,7,30.732,-11.846
0,262,8,25.791,-5.035
0,262,9,28.2,-12.399
0,262,10,23.799,-4.221
0,262,11,25.018,-1.197
0,263,3,23.951,-4.126
0,263,4,22.783,-5.303
0,263,7,30.745,-11.818
0,263,8,25.912,-5.056
0,263,9,28.013,-12.356
0,263,10,23.759,-4.178
0,263,11,25.093,-1.29
0,264,3,23.902,-4.104
0,264,4,22.778,-5.314
0,264,7,30.735,-11.849
0,264,8,26.014,-5.071
0,264,9,28.006,-12.332
0,264,10,23.73,-4.151
0,264,11,25.169,-1.382
0,265,3,23.847,-4.086
0,265,4,22.807,-5.294
0,265,7,30.739,-11.867
0,265,8,26.149,-5.106
0,265,9,28.003,-12.311
0,265,10,23.707,-4.156
0,265,11,25.244,-1.473
0,266,3,23.783,-4.088
0,266,4,22.817,-5.266
0,266,7,30.758,-11.885
0,266,8,26.322,-5.138
0,266,9,28.001,-12.336
0,266,10,23.654,-4.166
0,266,11,25.321,-1.565
0,267,3,23.726,-4.077
0,267,4,22.819,-5.293
0,267,7,30.773,-11.905
0,267,8,26.482,-5.168
0,267,9,28.004,-12.315
0,267,10,23.616,-4.172
0,267,11,25.397,-1.657
0,268,3,23.669,-4.065
0,268,4,22.825,-5.277
0,268,7,30.792,-11.934
0,268,8,26.581,-5.19
0,268,9,27.985,-12.351
0,268,10,23.569,-4.167
0,268,11,25.475,-1.749
0,268,12,25.37,-1.42
0,269,3,23.625,-4.059
0,269,4,22.833,-5.256
0,269,7,30.813,-11.953
0,269,8,26.743,-5.221
0,269,9,27.992,-12.322
0,269,10,23.528,-4.163
0,269,11,25.554,-1.838
0,269,12,25.434,-1.477
0,270,3,23.583,-4.054
0,270,4,22.817,-5.313
0,270,7,30.82,-11.97
0,270,8,26.9,-5.252
0,270,9,27.986,-12.283
0,270,10,23.484,-4.159
0,270,11,25.634,-1.928
0,270,12,25.45,-1.55
0,271,3,23.582,-4.05
0,271,4,22.826,-5.302
0,271,7,30.838,-11.964
0,271,8,27.052,-5.282
0,271,9,27.985,-12.259
0,271,10,23.442,-4.155
0,271,11,25.715,-2.018
0,271,12,25.554,-1.631
0,272,3,23.596,-4.048
0,272,4,22.816,-5.305
0,272,7,30.66,-11.909
0,272,8,27.195,-5.31
0,272,9,27.981,-12.244
0,272,10,23.453,-4.153
0,272,11,25.796,-2.108
0,272,12,25.642,-1.781
0,273,3,23.593,-4.05
0,273,4,22.8,-5.366
0,273,7,30.669,-11.894
0,273,8,27.443,-5.366
0,273,9,27.978,-12.231
0,273,10,23.458,-4.154
0,273,11,25.877,-2.2
0,273,12,25.699,-1.809
0,274,3,23.585,-4.053
0,274,4,22.83,-5.362
0,274,7,30.667,-11.89
0,274,8,27.635,-5.39
0,274,9,27.967,-12.359
0,274,10,23.422,-4.151
0,274,11,25.958,-2.293
0,274,12,25.713,-1.837
0,275,3,23.545,-4.051
0,275,4,22.835,-5.316
0,275,7,30.664,-11.892
0,275,8,27.809,-5.416
0,275,9,27.945,-12.357
0,275,10,23.344,-4.126
0,275,11,26.04,-2.386
0,275,12,25.81,-1.938
0,276,3,23.548,-4.055
0,276,4,22.845,-5.355
0,276,7,30.648,-11.871
0,276,8,27.972,-5.446
0,276,9,27.96,-12.333
0,276,10,23.328,-4.133
0,276,11,26.119,-2.476
0,276,12,25.877,-1.99
0,277,3,23.541,-4.05
0,277,4,22.827,-5.316
0,277,7,30.646,-11.864
0,277,8,27.887,-5.618
0,277,9,27.953,-12.335
0,277,10,23.294,-4.131
0,277,11,26.198,-2.566
0,277,12,25.863,-2.029
0,278,3,23.574,-4.058
0,278,4,22.816,-5.283
0,278,7,30.645,-11.857
0,278,8,27.957,-5.674
0,278,9,27.945,-12.336
0,278,10,22.625,-4.445
0,278,11,26.275,-2.656
0,278,12,25.908,-2.093
0,279,3,23.641,-4.072
0,279,4,22.8,-5.307
0,279,7,30.643,-11.85
0,279,8,28.244,-5.743
0,279,9,27.936,-12.338
0,279,10,22.51,-4.542
0,279,11,26.353,-2.747
0,279,12,25.956,-2.145
0,280,3,23.712,-4.083
0,280,4,22.793,-5.28
0,280,7,30.694,-11.733
0,280,8,28.539,-5.792
0,280,9,27.926,-12.339
0,280,10,22.132,-4.533
0,280,11,26.431,-2.837
0,280,12,25.984,-2.179
0,281,3,23.78,-4.11
0,281,4,22.798,-5.251
0,281,7,30.698,-11.744
0,281,8,28.83,-5.83
0,281,9,27.916,-12.341
0,281,11,25.969,0.785
0,281,12,26.029,-2.229
0,282,3,23.893,-4.139
0,282,4,22.782,-5.288
0,282,7,30.689,-11.806
0,282,8,29.166,-5.906
0,282,9,27.907,-12.344
0,282,11,25.983,0.989
0,282,12,26.079,-2.253
0,283,3,23.885,-4.147
0,283,4,22.836,-5.293
0,283,7,30.707,-11.807
0,283,8,29.433,-5.966
0,283,9,27.896,-12.345
0,283,11,26.002,1.126
0,283,12,26.051,-2.294
0,284,3,23.877,-4.154
0,284,4,22.827,-5.271
0,284,7,30.722,-11.833
0,284,8,29.516,-5.948
0,284,9,27.862,-12.17
0,284,11,26.02,1.289
0,284,12,26.049,-2.333
0,285,3,23.685,-4.365
0,285,4,22.822,-5.294
0,285,7,30.727,-11.857
0,285,8,30.221,-6.109
0,285,9,27.864,-12.183
0,285,11,26.038,1.454
0,285,12,26.075,-2.379
0,286,3,23.81,-4.431
0,286,4,22.802,-5.26
0,286,7,30.717,-11.856
0,286,8,30.401,-6.153
0,286,9,27.867,-12.203
0,286,11,26.057,1.617
0,286,12,26.101,-2.422
0,287,3,24.055,-4.488
0,287,4,22.815,-5.232
0,287,7,30.718,-11.871
0,287,8,30.602,-6.198
0,287,9,27.857,-12.221
0,287,11,26.077,1.781
0,287,12,26.028,-2.451
0,288,3,24.084,-4.532
0,288,4,22.806,-5.265
0,288,7,30.719,-11.884
0,288,8,30.851,-6.249
0,288,9,27.838,-12.224
0,288,11,26.097,1.943
0,288,12,26.03,-2.495
0,289,3,24.105,-4.555
0,289,4,22.847,-5.253
0,289,7,30.727,-11.89
0,289,8,31.11,-6.266
0,289,9,27.823,-12.221
0,289,11,26.346,1.627
0,289,12,26.041,-2.523
0,290,3,24.303,-4.544
0,290,4,22.84,-5.23
0,290,7,30.736,-11.899
0,290,8,31.325,-6.267
0,290,9,27.885,-12.169
0,290,11,26.397,1.684
0,290,12,26.092,-2.576
0,291,3,24.205,-4.483
0,291,4,22.835,-5.253
0,291,7,30.748,-11.899
0,291,8,31.494,-6.25
0,291,9,27.923,-12.142
0,291,11,26.448,1.741
0,291,12,26.099,-2.647
0,292,3,24.46,-4.523
0,292,4,22.838,-5.228
0,292,7,30.76,-11.899
0,292,8,31.734,-6.242
0,292,9,27.928,-12.121
0,292,11,26.499,1.798
0,292,12,26.105,-2.712
0,293,3,24.052,-4.304
0,293,4,22.844,-5.218
0,293,7,30.737,-11.89
0,293,8,32.055,-6.256
0,293,9,27.914,-12.16
0,293,11,26.325,1.964
0,293,12,26.111,-2.782
0,294,3,24.285,-4.239
0,294,4,22.9,-5.213
0,294,7,30.757,-11.892
0,294,8,31.859,-5.994
0,294,9,27.889,-12.188
0,294,11,26.346,2.052
0,294,12,26.171,-2.796
0,295,3,24.388,-4.178
0,295,4,22.875,-5.17
0,295,7,30.729,-11.851
0,295,8,32.07,-5.939
0,295,9,27.888,-12.196
0,295,11,26.368,2.139
0,295,12,26.225,-2.775
0,296,3,24.246,-4.122
0,296,4,22.85,-5.232
0,296,7,30.726,-11.858
0,296,8,32.428,-5.93
0,296,9,27.89,-12.235
0,296,11,26.391,2.225
0,296,12,26.248,-2.834
0,297,3,24.251,-4.062
0,297,4,22.861,-5.255
0,297,7,30.714,-11.82
0,297,8,31.287,-5.484
0,297,9,27.923,-12.261
0,297,11,26.414,2.312
0,297,12,26.266,-2.821
0,298,3,24.392,-4.151
0,298,4,22.862,-5.271
0,298,7,30.736,-11.839
0,298,8,31.866,-5.514
0,298,9,27.926,-12.275
0,298,11,26.438,2.395
0,298,12,26.29,-2.883
0,299,3,24.333,-4.168
0,299,4,22.862,-5.231
0,299,7,30.727,-11.859
0,299,8,32.841,-5.655
0,299,9,27.945,-12.283
0,299,11,28.984,1.904
0,299,12,26.313,-2.94
0,300,3,24.416,-4.214
0,300,4,22.878,-5.195
0,300,7,30.711,-11.84
0,300,8,33.06,-5.705
0,300,9,27.937,-12.284
0,300,11,29.239,1.889
0,300,12,26.264,-2.916
0,301,3,24.416,-4.228
0,301,4,22.892,-5.143
0,301,7,30.695,-11.856
0,301,8,34.064,-5.845
0,301,9,27.936,-12.294
0,301,11,29.493,1.873
0,301,12,26.268,-2.964
0,302,3,24.527,-4.304
0,302,4,22.888,-5.144
0,302,7,30.682,-11.857
0,302,8,34.297,-5.859
0,302,9,27.946,-12.291
0,302,11,29.747,1.856
0,302,12,26.276,-3.004
0,303,3,24.618,-4.357
0,303,4,22.896,-5.144
0,303,7,30.66,-11.881
0,303,8,33.547,-5.747
0,303,9,27.95,-12.301
0,303,11,30.001,1.839
0,303,12,26.286,-3.032
0,304,3,24.628,-4.536
0,304,4,22.876,-5.107
0,304,7,30.642,-11.885
0,304,8,33.474,-5.74
0,304,9,28.004,-12.319
0,304,11,30.251,1.86
0,304,12,26.473,-3.03
0,305,3,24.652,-4.624
0,305,4,22.859,-5.126
0,305,7,30.624,-11.889
0,305,8,33.422,-5.743
0,305,9,28.012,-12.327
0,305,11,30.505,1.851
0,305,12,26.499,-3.077
0,306,3,24.951,-4.727
0,306,4,22.856,-5.141
0,306,7,30.606,-11.894
0,306,8,34.049,-5.847
0,306,9,28.019,-12.334
0,306,11,30.759,1.844
0,306,12,26.525,-3.124
0,307,3,25.198,-4.779
0,307,4,22.853,-5.135
0,307,7,30.59,-11.899
0,307,8,34.457,-5.925
0,307,9,28.024,-12.341
0,307,11,31.014,1.836
0,307,12,26.561,-3.145
0,308,3,25.223,-4.858
0,308,4,22.853,-5.157
0,308,7,30.629,-11.847
0,308,8,34.524,-5.958
0,308,9,28.029,-12.349
0,308,11,31.251,1.919
0,308,12,26.597,-3.166
0,309,3,25.273,-4.931
0,309,4,22.874,-5.143
0,309,7,30.621,-11.837
0,309,8,34.975,-6.04
0,309,9,26.286,-10.404
0,309,11,31.501,1.933
0,309,12,26.582,-3.13
0,310,3,25.337,-4.985
0,310,4,22.851,-5.107
0,310,7,30.701,-11.851
0,310,8,35.274,-6.133
0,310,9,26.242,-10.192
0,310,11,31.753,1.963
0,310,12,26.567,-3.12
0,311,3,25.417,-5.026
0,311,4,22.83,-5.153
0,311,7,30.687,-11.857
0,311,8,35.681,-6.244
0,311,9,26.12,-9.951
0,311,12,26.586,-3.143
0,312,3,25.438,-5.077
0,312,4,22.805,-5.131
0,312,7,30.682,-11.854
0,312,8,36.962,-6.384
0,312,9,25.996,-9.711
0,312,12,26.598,-3.2
0,313,3,25.393,-5.04
0,313,4,22.803,-5.114
0,313,7,30.651,-11.848
0,313,8,37.344,-6.48
0,313,9,25.871,-9.469
0,313,12,26.635,-3.189
0,314,3,25.406,-5.026
0,314,4,22.781,-5.173
0,314,7,30.64,-11.841
0,314,8,37.637,-6.614
0,314,9,25.746,-9.228
0,314,12,26.657,-3.261
0,315,3,25.428,-5.048
0,315,4,22.773,-5.151
0,315,7,30.634,-11.83
0,315,8,38.574,-6.701
0,315,9,25.621,-8.988
0,315,12,26.615,-3.235
0,316,3,25.449,-5.071
0,316,4,22.788,-5.129
0,316,7,30.634,-11.822
0,316,8,39.07,-6.819
0,316,9,25.495,-8.75
0,316,12,26.64,-3.262
0,316,13,27.97,-12.31
0,317,3,25.468,-5.094
0,317,4,22.764,-5.159
0,317,7,30.619,-11.81
0,317,8,39.528,-6.951
0,317,9,25.369,-8.512
0,317,12,26.657,-3.312
0,317,13,27.969,-12.317
0,318,3,25.487,-5.118
0,318,4,22.794,-5.151
0,318,7,30.618,-11.808
0,318,8,40.157,-6.995
0,318,9,25.243,-8.273
0,318,12,26.673,-3.347
0,318,13,27.968,-12.323
0,319,3,25.504,-5.142
0,319,4,22.812,-5.127
0,319,7,30.612,-11.806
0,319,8,40.601,-7.103
0,319,9,25.116,-8.033
0,319,12,26.684,-3.385
0,319,13,27.997,-12.355
0,320,3,26.13,-5.156
0,320,4,22.813,-5.118
0,320,7,30.614,-11.81
0,320,8,40.626,-7.163
0,320,9,24.99,-7.794
0,320,12,26.703,-3.391
0,320,13,28.028,-12.336
0,321,3,26.216,-5.164
0,321,4,22.818,-5.093
0,321,7,30.679,-11.831
0,321,8,40.785,-7.24
0,321,9,24.862,-7.553
0,321,12,26.692,-3.362
0,321,13,27.94,-12.354
0,322,3,26.309,-5.169
0,322,4,22.823,-5.088
0,322,7,30.696,-11.849
0,322,8,41.11,-7.312
0,322,9,23.548,-5.666
0,322,12,26.696,-3.373
0,322,13,28.071,-12.397
0,323,3,26.39,-5.174
0,323,4,22.827,-5.077
0,323,7,30.699,-11.851
0,323,8,41.31,-7.347
0,323,9,23.406,-5.288
0,323,12,26.704,-3.38
0,323,13,28.091,-12.377
0,324,3,26.468,-5.131
0,324,4,22.849,-5.081
0,324,7,30.691,-11.848
0,324,8,41.323,-7.425
0,324,9,23.636,-4.921
0,324,12,26.698,-3.287
0,324,13,28.081,-12.383
0,325,3,26.488,-5.156
0,325,4,22.873,-5.073
0,325,7,30.668,-11.833
0,325,8,41.734,-7.484
0,325,9,23.55,-4.526
0,325,12,26.67,-3.23
0,325,13,28.055,-12.376
0,326,3,26.555,-5.182
0,326,4,22.883,-5.065
0,326,7,30.675,-11.833
0,326,8,42.169,-7.535
0,326,9,23.464,-4.131
0,326,12,26.665,-3.25
0,326,13,28.073,-12.362
0,327,3,25.942,-5.246
0,327,4,22.88,-5.096
0,327,7,30.697,-11.845
0,327,8,42.765,-7.443
0,327,9,23.377,-3.735
0,327,12,26.694,-3.231
0,327,13,28.047,-12.384
0,328,3,26.375,-5.336
0,328,4,22.861,-5.12
0,328,7,30.831,-11.916
0,328,8,42.846,-7.38
0,328,9,23.289,-3.339
0,328,12,26.687,-3.182
0,328,13,28.061,-12.369
0,329,3,26.854,-5.398
0,329,4,22.862,-5.13
0,329,7,30.856,-11.914
0,329,8,43.195,-7.403
0,329,9,23.203,-2.943
0,329,12,26.688,-3.234
0,329,13,28.072,-12.358
0,330,3,27.002,-5.382
0,330,4,22.836,-5.151
0,330,7,30.884,-11.941
0,330,8,43.496,-7.437
0,330,9,23.116,-2.546
0,330,12,26.689,-3.273
0,330,13,28.086,-12.353
0,331,3,27.062,-5.352
0,331,4,22.83,-5.132
0,331,7,30.892,-11.938
0,331,8,43.74,-7.47
0,331,9,23.028,-2.15
0,331,12,26.681,-3.301
0,331,13,28.092,-12.351
0,332,3,27.145,-5.346
0,332,4,22.813,-5.188
0,332,7,31.025,-11.991
0,332,8,44.016,-7.516
0,332,9,22.943,-1.752
0,332,12,26.679,-3.322
0,332,13,28.099,-12.349
0,333,3,27.281,-5.353
0,333,4,22.817,-5.183
0,333,7,31.109,-12.046
0,333,8,44.313,-7.564
0,333,9,22.857,-1.353
0,333,12,26.652,-3.266
0,333,13,28.106,-12.339
0,334,3,27.461,-5.378
0,334,4,22.806,-5.168
0,334,7,31.132,-12.064
0,334,8,44.501,-7.606
0,334,9,22.773,-0.954
0,334,12,26.642,-3.296
0,334,13,28.108,-12.335
0,335,3,27.644,-5.412
0,335,4,22.803,-5.171
0,335,7,31.155,-12.082
0,335,8,44.768,-7.661
0,335,9,22.688,-0.553
0,335,12,26.631,-3.322
0,335,13,28.114,-12.331
0,336,3,27.983,-5.478
0,336,4,22.822,-5.143
0,336,7,31.441,-12.147
0,336,8,45.068,-7.72
0,336,9,22.602,-0.152
0,336,12,26.629,-3.269
0,336,13,28.122,-12.327
0,337,3,28.103,-5.496
0,337,4,22.812,-5.134
0,337,7,31.547,-12.152
0,337,8,45.433,-7.787
0,337,9,21.831,1.341
0,337,12,26.621,-3.294
0,337,13,28.131,-12.322
0,338,3,28.231,-5.518
0,338,4,22.807,-5.129
0,338,7,31.643,-12.208
0,338,8,45.752,-7.844
0,338,9,21.703,1.839
0,338,12,26.615,-3.314
0,338,13,28.141,-12.317
0,339,3,28.394,-5.313
0,339,4,22.811,-5.094
0,339,7,31.766,-12.27
0,339,8,46.05,-7.897
0,339,12,26.656,-3.282
0,339,13,28.151,-12.243
0,339,14,23.92,-4.63
0,340,3,28.698,-5.321
0,340,4,22.803,-5.099
0,340,7,31.821,-12.292
0,340,8,46.313,-7.945
0,340,12,26.615,-3.202
0,340,13,28.182,-12.268
0,340,14,23.92,-4.664
0,341,3,28.621,-5.222
0,341,4,22.802,-5.091
0,341,7,31.875,-12.326
0,341,8,46.67,-8.01
0,341,12,26.605,-3.221
0,341,13,28.191,-12.305
0,341,14,23.921,-4.684
0,342,3,29.511,-5.419
0,342,4,22.81,-5.117
0,342,7,31.93,-12.352
0,342,8,47.075,-8.08
0,342,12,26.642,-3.209
0,342,13,28.105,-12.313
0,342,14,23.928,-4.692
0,343,3,29.621,-5.408
0,343,4,22.804,-5.112
0,343,7,31.986,-12.377
0,343,8,47.552,-8.164
0,343,12,26.623,-3.187
0,343,13,28.093,-12.343
0,343,14,24.188,-4.506
0,344,3,29.903,-5.385
0,344,4,22.799,-5.106
0,344,7,32.111,-12.411
0,344,8,48.202,-8.278
0,344,12,26.605,-3.218
0,344,13,28.107,-12.378
0,344,14,24.19,-4.617
0,345,3,30.159,-5.532
0,345,4,22.823,-5.126
0,345,7,30.66,-11.802
0,345,12,26.596,-3.201
0,345,13,28.01,-12.37
0,345,14,24.186,-4.659
0,346,3,30.196,-5.563
0,346,4,22.827,-5.113
0,346,7,30.72,-11.79
0,346,12,26.635,-3.174
0,346,13,28.063,-12.422
0,346,14,24.207,-4.684
0,347,3,30.421,-5.614
0,347,4,22.831,-5.11
0,347,7,30.715,-11.812
0,347,12,26.635,-3.205
0,347,13,28.115,-12.41
0,347,14,24.223,-4.711
0,348,3,30.825,-5.675
0,348,4,22.837,-5.106
0,348,7,30.702,-11.843
0,348,12,26.627,-3.244
0,348,13,28.097,-12.444
0,348,14,23.891,-4.705
0,349,3,31.115,-5.721
0,349,4,22.828,-5.117
0,349,7,30.69,-11.859
0,349,12,26.55,-3.199
0,349,13,28.172,-12.451
0,349,14,23.856,-4.704
0,350,3,31.428,-5.728
0,350,4,22.813,-5.182
0,350,7,30.674,-11.863
0,350,12,26.528,-3.235
0,350,13,28.232,-12.444
0,350,14,23.832,-4.698
0,351,3,31.024,-5.451
0,351,4,22.807,-5.161
0,351,7,30.673,-11.87
0,351,12,26.577,-3.199
0,351,13,28.288,-12.447
0,351,14,23.885,-4.707
0,352,3,31.633,-5.496
0,352,4,22.794,-5.14
0,352,7,30.693,-11.874
0,352,12,26.58,-3.243
0,352,13,28.145,-12.353
0,352,14,23.883,-4.692
0,353,3,32.442,-5.58
0,353,4,22.772,-5.186
0,353,7,30.702,-11.871
0,353,12,26.578,-3.251
0,353,13,28.164,-12.35
0,353,14,23.881,-4.687
0,354,3,33.172,-5.698
0,354,4,22.782,-5.152
0,354,7,30.701,-11.876
0,354,12,26.571,-3.267
0,354,13,28.174,-12.359
0,354,14,23.881,-4.686
0,355,3,33.136,-5.711
0,355,4,22.781,-5.113
0,355,7,30.724,-11.849
0,355,12,26.56,-3.189
0,355,13,28.181,-12.368
0,355,14,23.896,-4.697
0,356,3,32.614,-5.672
0,356,4,22.767,-5.142
0,356,7,30.731,-11.817
0,356,12,26.547,-3.22
0,356,13,28.213,-12.374
0,356,14,23.892,-4.698
0,357,3,32.588,-5.699
0,357,4,22.777,-5.112
0,357,7,30.713,-11.792
0,357,12,26.556,-3.204
0,357,13,28.218,-12.372
0,357,14,23.888,-4.693
0,358,3,32.825,-5.764
0,358,4,22.807,-5.101
0,358,7,30.714,-11.783
0,358,12,26.515,-3.148
0,358,13,28.126,-12.342
0,358,14,23.881,-4.686
0,358,15,20.4,2.4
0,359,3,33.237,-5.853
0,359,4,22.801,-5.137
0,359,7,30.704,-11.787
0,359,12,26.501,-3.204
0,359,13,28.126,-12.342
0,359,14,23.866,-4.669
0,359,15,20.406,2.393
0,360,3,34.512,-5.977
0,360,4,22.814,-5.12
0,360,7,30.703,-11.783
0,360,12,26.492,-3.244
0,360,13,28.08,-12.354
0,360,14,23.854,-4.665
0,360,15,20.527,2.375
0,361,3,34.882,-6.06
0,361,4,22.799,-5.116
0,361,7,30.702,-11.784
0,361,12,26.495,-3.28
0,361,13,28.063,-12.38
0,361,14,23.867,-4.624
0,361,15,20.78,2.208
0,362,3,35.204,-6.142
0,362,4,22.797,-5.155
0,362,7,30.701,-11.79
0,362,12,26.489,-3.3
0,362,13,28.059,-12.36
0,362,14,23.856,-4.647
0,362,15,20.889,2.15
0,363,3,35.553,-6.232
0,363,4,22.798,-5.136
0,363,7,30.697,-11.794
0,363,12,26.576,-3.251
0,363,13,28.041,-12.375
0,363,14,23.85,-4.641
0,363,15,21.089,1.985
0,364,3,35.76,-6.278
0,364,4,22.803,-5.119
0,364,7,30.731,-11.817
0,364,12,26.568,-3.178
0,364,13,28.039,-12.342
0,364,14,23.822,-4.666
0,364,15,21.362,1.765
0,365,3,36.164,-6.391
0,365,4,22.806,-5.117
0,365,7,30.72,-11.875
0,365,12,26.567,-3.209
0,365,13,28.034,-12.321
0,365,14,23.824,-4.66
0,365,15,21.533,1.646
0,366,3,36.377,-6.446
0,366,4,22.808,-5.089
0,366,7,30.712,-11.895
0,366,12,26.61,-3.184
0,366,13,28.055,-12.346
0,366,14,24.21,-4.597
0,366,15,21.68,1.486
0,367,3,36.59,-6.5
0,367,4,22.84,-5.088
0,367,7,30.695,-11.885
0,367,12,26.633,-3.174
0,367,13,28.068,-12.339
0,367,14,24.018,-4.553
0,367,15,21.875,1.316
0,368,3,37.361,-6.611
0,368,4,22.847,-5.085
0,368,7,30.702,-11.894
0,368,12,26.643,-3.217
0,368,13,28.078,-12.33
0,368,14,23.978,-4.614
0,368,15,22.041,1.2
0,369,3,37.587,-6.657
0,369,4,22.833,-5.088
0,369,7,30.7,-11.903
0,369,12,26.693,-3.204
0,369,13,28.08,-12.326
0,369,14,23.938,-4.605
0,369,15,22.182,1.072
0,370,3,37.815,-6.538
0,370,4,22.848,-5.111
0,370,7,30.745,-11.889
0,370,12,26.716,-3.24
0,370,13,28.061,-12.355
0,370,14,24.05,-4.457
0,370,15,22.338,0.979
0,371,3,38.389,-6.651
0,371,4,22.854,-5.116
0,371,7,30.759,-11.893
0,371,12,26.735,-3.283
0,371,13,28.077,-12.34
0,371,14,24.059,-4.59
0,371,15,22.503,0.881
0,372,3,38.613,-6.676
0,372,4,22.88,-5.138
0,372,7,30.762,-11.904
0,372,12,26.688,-3.232
0,372,13,28.036,-12.348
0,372,14,24.078,-4.656
0,372,15,22.607,0.743
0,373,3,38.837,-6.702
0,373,4,22.871,-5.123
0,373,7,30.764,-11.912
0,373,12,26.63,-3.19
0,373,13,28.044,-12.325
0,373,14,24.093,-4.704
0,373,15,22.816,0.546
0,374,3,39.061,-6.728
0,374,4,22.852,-5.195
0,374,7,30.773,-11.916
0,374,12,26.624,-3.238
0,374,13,28.042,-12.325
0,374,14,24.102,-4.729
0,374,15,22.974,0.437
0,375,3,31.504,-5.912
0,375,4,22.839,-5.191
0,375,7,30.803,-11.928
0,375,12,26.628,-3.274
0,375,13,28.051,-12.305
0,375,14,24.112,-4.746
0,375,15,23.063,0.346
0,376,3,30.446,-5.859
0,376,4,22.83,-5.219
0,376,7,30.83,-11.938
0,376,12,26.628,-3.303
0,376,13,28.059,-12.299
0,376,14,24.112,-4.835
0,376,15,23.2,0.246
0,377,3,30.561,-5.998
0,377,4,22.795,-5.189
0,377,7,30.752,-11.902
0,377,12,26.627,-3.322
0,377,13,28.036,-12.277
0,377,14,23.987,-4.794
0,377,15,23.286,0.146
0,378,3,29.967,-6.068
0,378,4,22.8,-5.16
0,378,7,30.759,-11.868
0,378,12,26.618,-3.245
0,378,13,28.048,-12.276
0,378,14,23.939,-4.771
0,378,15,23.369,0.041
0,379,3,30.078,-6.131
0,379,4,22.774,-5.195
0,379,7,30.752,-11.871
0,379,12,26.611,-3.266
0,379,13,28.054,-12.278
0,379,14,23.936,-4.743
0,379,15,23.478,-0.056
0,380,3,30.431,-6.244
0,380,4,22.792,-5.175
0,380,7,30.746,-11.843
0,380,12,26.624,-3.242
0,380,13,28.057,-12.289
0,380,14,23.925,-4.716
0,380,15,23.578,-0.128
0,381,3,30.579,-6.28
0,381,4,22.79,-5.147
0,381,7,30.732,-11.856
0,381,12,26.614,-3.269
0,381,13,28.018,-12.309
0,381,14,23.91,-4.678
0,381,15,23.73,-0.226
0,382,3,30.604,-6.271
0,382,4,22.776,-5.188
0,382,7,30.73,-11.863
0,382,12,26.609,-3.297
0,382,13,28.015,-12.303
0,382,14,23.897,-4.662
0,382,15,23.845,-0.305
0,383,3,30.495,-6.207
0,383,4,22.848,-5.2
0,383,7,30.734,-11.872
0,383,12,26.604,-3.254
0,383,13,28.009,-12.297
0,383,14,23.885,-4.599
0,383,15,23.979,-0.389
0,384,3,30.652,-6.207
0,384,4,22.858,-5.215
0,384,7,30.736,-11.878
0,384,12,26.596,-3.257
0,384,13,28.001,-12.29
0,384,14,23.872,-4.541
0,384,15,24.101,-0.46
0,385,3,30.837,-6.239
0,385,4,22.832,-5.188
0,385,7,30.738,-11.888
0,385,12,26.654,-3.255
0,385,13,28.05,-12.323
0,385,14,23.856,-4.516
0,385,15,24.159,-0.508
0,386,3,31.076,-6.312
0,386,4,22.816,-5.152
0,386,7,30.732,-11.892
0,386,12,26.675,-3.247
0,386,13,28.01,-12.356
0,386,14,24.151,-4.357
0,386,15,24.268,-0.567
0,387,3,31.295,-6.352
0,387,4,22.799,-5.188
0,387,7,30.685,-11.873
0,387,12,26.68,-3.247
0,387,13,28.018,-12.348
0,387,14,24.261,-4.185
0,387,15,24.378,-0.644
0,388,3,31.447,-6.381
0,388,4,22.824,-5.154
0,388,7,30.756,-11.9
0,388,12,26.682,-3.25
0,388,13,28.024,-12.336
0,388,14,24.231,-4.134
0,388,15,24.465,-0.687
0,389,3,31.599,-6.431
0,389,4,22.832,-5.131
0,389,7,30.736,-11.887
0,389,12,26.689,-3.215
0,389,13,28.016,-12.314
0,389,14,24.223,-4.123
0,389,15,24.588,-0.761
0,390,3,31.754,-6.416
0,390,4,22.805,-5.175
0,390,7,30.73,-11.891
0,390,12,26.691,-3.225
0,390,13,28.017,-12.298
0,390,14,24.204,-4.117
0,390,15,24.702,-0.837
0,391,3,31.873,-6.463
0,391,4,22.832,-5.167
0,391,7,30.687,-11.858
0,391,12,26.691,-3.241
0,391,13,28.011,-12.34
0,391,14,24.217,-4.136
0,391,15,24.751,-0.879
0,392,3,32.068,-6.457
0,392,4,22.834,-5.146
0,392,7,30.7,-11.861
0,392,12,26.634,-3.196
0,392,13,27.957,-12.35
0,392,14,24.226,-4.155
0,392,15,24.874,-0.987
0,393,3,32.267,-6.438
0,393,4,22.819,-5.178
0,393,7,30.681,-11.855
0,393,12,26.625,-3.231
0,393,13,27.948,-12.326
0,393,14,24.216,-4.157
0,393,15,24.981,-1.054
0,394,3,32.136,-6.86
0,394,4,22.819,-5.157
0,394,7,30.698,-11.84
0,394,12,26.629,-3.223
0,394,13,27.937,-12.313
0,394,14,24.21,-4.158
0,394,15,25.044,-1.137
0,395,3,32.198,-7.053
0,395,4,22.812,-5.126
0,395,7,30.695,-11.844
0,395,12,26.638,-3.204
0,395,13,27.937,-12.296
0,395,14,24.215,-4.154
0,395,15,25.135,-1.228
0,396,3,32.131,-7.18
0,396,4,22.793,-5.159
0,396,7,30.697,-11.846
0,396,12,26.637,-3.228
0,396,13,27.931,-12.292
0,396,14,24.229,-4.151
0,396,15,25.238,-1.289
0,397,3,32.254,-7.327
0,397,4,22.813,-5.141
0,397,7,30.692,-11.837
0,397,12,26.658,-3.226
0,397,13,28.014,-12.335
0,397,14,24.229,-4.166
0,397,15,25.25,-1.317
0,398,3,32.4,-7.443
0,398,4,22.839,-5.132
0,398,7,30.689,-11.845
0,398,12,26.65,-3.211
0,398,13,28.064,-12.382
0,398,14,24.285,-4.171
0,398,15,25.267,-1.345
0,399,3,32.529,-7.58
0,399,4,22.846,-5.12
0,399,7,30.675,-11.845
0,399,12,26.65,-3.233
0,399,13,28.084,-12.393
0,399,14,24.352,-4.212
0,399,15,25.329,-1.388
0,400,3,32.658,-7.716
0,400,4,22.836,-5.111
0,400,7,30.661,-11.846
0,400,12,26.63,-3.19
0,400,13,28.107,-12.398
0,400,14,24.357,-4.194
0,400,15,25.359,-1.404
0,401,3,32.787,-7.853
0,401,4,22.851,-5.1
0,401,7,30.649,-11.851
0,401,12,26.627,-3.156
0,401,13,28.128,-12.388
0,401,14,24.376,-4.197
0,401,15,25.401,-1.454
0,402,3,32.916,-7.99
0,402,4,22.838,-5.169
0,402,7,30.667,-11.863
0,402,12,26.62,-3.212
0,402,13,28.155,-12.383
0,402,14,24.48,-4.26
0,402,15,25.452,-1.475
0,403,3,33.044,-8.126
0,403,4,22.833,-5.167
0,403,7,30.683,-11.861
0,403,12,26.601,-3.194
0,403,13,28.18,-12.383
0,403,14,24.514,-4.306
0,403,15,25.474,-1.487
0,403,16,26.07,2.71
0,404,3,33.172,-8.262
0,404,4,22.817,-5.15
0,404,7,30.69,-11.853
0,404,12,26.636,-3.174
0,404,13,28.073,-12.371
0,404,14,24.532,-4.333
0,404,15,25.513,-1.496
0,404,16,26.028,2.688
0,405,3,33.299,-8.397
0,405,4,22.815,-5.184
0,405,7,30.687,-11.847
0,405,12,26.637,-3.214
0,405,13,28.085,-12.362
0,405,14,24.295,-4.565
0,405,15,25.562,-1.514
0,405,16,25.997,2.774
0,406,3,33.284,-7.612
0,406,4,22.842,-5.181
0,406,7,30.715,-11.828
0,406,12,26.673,-3.189
0,406,13,28.093,-12.359
0,406,14,23.706,-4.168
0,406,15,25.625,-1.531
0,406,16,25.903,2.723
0,406,17,24.01,-4.6
0,407,3,33.439,-7.642
0,407,4,22.816,-5.157
0,407,7,30.731,-11.77
0,407,12,26.661,-3.151
0,407,13,28.148,-12.368
0,407,14,23.717,-4.139
0,407,15,25.637,-1.532
0,407,16,25.851,2.681
0,407,17,23.947,-4.605
0,408,3,33.368,-7.602
0,408,4,22.816,-5.158
0,408,7,30.716,-11.811
0,408,12,26.662,-3.194
0,408,13,28.158,-12.364
0,408,14,23.725,-4.14
0,408,15,25.682,-1.531
0,408,16,25.826,2.649
0,408,17,23.916,-4.672
0,409,3,33.508,-7.623
0,409,4,22.821,-5.123
0,409,7,30.7,-11.829
0,409,12,26.665,-3.202
0,409,13,28.111,-12.366
0,409,14,23.73,-4.174
0,409,15,25.639,-1.504
0,409,16,25.744,2.596
0,409,17,23.901,-4.702
0,410,3,33.483,-7.642
0,410,4,22.842,-5.129
0,410,7,30.679,-11.841
0,410,12,26.665,-3.198
0,410,13,28.102,-12.364
0,410,14,23.738,-4.114
0,410,15,25.65,-1.497
0,410,16,25.615,2.535
0,410,17,23.879,-4.73
0,411,3,33.54,-7.668
0,411,4,22.84,-5.182
0,411,7,30.662,-11.848
0,411,12,26.668,-3.198
0,411,13,28.1,-12.359
0,411,14,23.744,-4.134
0,411,15,25.674,-1.508
0,411,16,25.549,2.506
0,411,17,23.921,-4.728
0,412,3,33.651,-7.692
0,412,4,22.848,-5.212
0,412,7,30.731,-11.866
0,412,12,26.694,-3.22
0,412,13,28.098,-12.361
0,412,14,23.748,-4.152
0,412,15,25.647,-1.506
0,412,16,25.455,2.478
0,412,17,23.941,-4.672
0,413,3,33.783,-7.721
0,413,4,22.833,-5.184
0,413,7,30.777,-11.847
0,413,12,26.642,-3.21
0,413,13,28.099,-12.357
0,413,14,23.752,-4.172
0,413,15,25.621,-1.499
0,413,16,25.366,2.452
0,413,17,23.919,-4.625
0,414,3,34.04,-7.767
0,414,4,22.837,-5.204
0,414,7,30.777,-11.865
0,414,12,26.63,-3.233
0,414,13,28.104,-12.352
0,414,14,23.753,-4.181
0,414,15,25.616,-1.501
0,414,16,25.296,2.422
0,414,17,23.898,-4.672
0,415,3,34.215,-7.814
0,415,4,22.828,-5.189
0,415,7,30.745,-11.854
0,415,12,26.662,-3.271
0,415,13,28.111,-12.353
0,415,14,23.744,-4.202
0,415,15,25.595,-1.495
0,415,16,25.272,2.403
0,415,17,23.88,-4.699
0,416,3,34.409,-7.864
0,416,4,22.837,-5.165
0,416,7,30.745,-11.869
0,416,12,26.657,-3.261
0,416,13,28.18,-12.429
0,416,14,23.726,-4.22
0,416,15,25.584,-1.483
0,416,16,25.211,2.384
0,416,17,23.856,-4.73
0,417,3,34.506,-7.9
0,417,4,22.846,-5.169
0,417,7,30.741,-11.877
0,417,12,26.656,-3.288
0,417,13,28.203,-12.417
0,417,14,23.717,-4.258
0,417,15,25.581,-1.486
0,417,16,25.145,2.381
0,417,17,23.847,-4.697
0,418,3,34.621,-7.932
0,418,4,22.851,-5.155
0,418,7,30.754,-11.855
0,418,12,26.63,-3.215
0,418,13,28.117,-12.388
0,418,14,23.707,-4.125
0,418,15,25.562,-1.465
0,418,16,25.062,2.375
0,418,17,23.83,-4.695
0,419,3,34.665,-7.958
0,419,4,22.844,-5.129
0,419,7,30.745,-11.874
0,419,12,26.654,-3.217
0,419,13,28.084,-12.397
0,419,14,23.7,-4.075
0,419,15,25.564,-1.448
0,419,16,24.964,2.353
0,419,17,23.82,-4.67
0,420,3,34.793,-7.972
0,420,4,22.851,-5.097
0,420,7,30.737,-11.883
0,420,12,26.655,-3.239
0,420,13,28.083,-12.377
0,420,14,23.691,-4.042
0,420,15,25.56,-1.461
0,420,16,24.898,2.362
0,420,17,23.81,-4.666
0,421,3,34.911,-8.002
0,421,4,22.859,-5.077
0,421,7,30.733,-11.886
0,421,12,26.656,-3.259
0,421,13,28.081,-12.366
0,421,14,23.735,-4.055
0,421,15,25.53,-1.45
0,421,16,24.852,2.349
0,421,17,23.804,-4.676
0,422,3,35.089,-8.037
0,422,4,22.852,-5.079
0,422,7,30.755,-11.891
0,422,12,26.67,-3.254
0,422,13,28.078,-12.361
0,422,14,23.727,-4.053
0,422,15,25.526,-1.454
0,422,16,24.782,2.348
0,422,17,23.637,-4.79
0,423,3,35.311,-8.087
0,423,4,22.857,-5.066
0,423,7,30.753,-11.891
0,423,12,26.667,-3.274
0,423,13,28.075,-12.351
0,423,14,23.726,-4.051
0,423,15,25.519,-1.467
0,423,16,24.724,2.344
0,423,17,23.645,-4.773
0,424,3,35.566,-8.141
0,424,4,22.86,-5.053
0,424,7,30.767,-11.897
0,424,12,26.656,-3.229
0,424,13,28.078,-12.354
0,424,14,23.748,-4.053
0,424,15,25.54,-1.51
0,424,16,24.665,2.314
0,424,17,23.619,-4.728
0,425,3,35.695,-8.169
0,425,4,22.874,-5.09
0,425,7,30.766,-11.894
0,425,12,26.637,-3.183
0,425,13,28.079,-12.352
0,425,14,23.83,-4.078
0,425,15,25.544,-1.559
0,425,16,24.542,2.276
0,425,17,23.584,-4.68
0,426,3,35.857,-8.207
0,426,4,22.879,-5.088
0,426,7,30.767,-11.896
0,426,12,26.626,-3.208
0,426,13,28.082,-12.344
0,426,14,23.933,-4.101
0,426,15,25.541,-1.568
0,426,16,24.47,2.269
0,426,17,23.557,-4.642
0,427,3,35.982,-8.237
0,427,4,22.87,-5.11
0,427,7,30.767,-11.922
0,427,12,26.602,-3.148
0,427,13,28.087,-12.343
0,427,14,23.951,-4.123
0,427,15,25.529,-1.555
0,427,16,24.424,2.242
0,427,17,23.541,-4.616
0,428,3,36.115,-8.267
0,428,4,22.843,-5.128
0,428,7,30.766,-11.93
0,428,12,26.612,-3.136
0,428,13,28.103,-12.347
0,428,15,25.555,-1.603
0,428,16,24.327,2.195
0,428,17,23.367,-4.692
0,429,3,36.392,-8.325
0,429,4,22.842,-5.133
0,429,7,30.764,-11.94
0,429,12,26.608,-3.196
0,429,13,28.104,-12.341
0,429,15,25.553,-1.597
0,429,16,24.251,2.152
0,429,17,23.346,-4.679
0,430,3,36.53,-8.358
0,430,4,22.818,-5.135
0,430,7,30.797,-11.874
0,430,12,26.602,-3.238
0,430,13,28.106,-12.337
0,430,15,25.538,-1.594
0,430,16,24.142,2.082
0,430,17,23.318,-4.648
0,431,3,34.643,-7.589
0,431,4,22.815,-5.136
0,431,7,30.784,-11.886
0,431,12,26.605,-3.208
0,431,13,28.133,-12.347
0,431,15,25.511,-1.559
0,431,16,24.011,2.026
0,431,17,23.328,-4.616
0,432,3,33.398,-7.1
0,432,4,22.797,-5.189
0,432,7,30.775,-11.883
0,432,12,26.599,-3.252
0,432,13,28.159,-12.352
0,432,15,25.502,-1.543
0,432,16,23.922,1.997
0,432,17,23.323,-4.593
0,433,3,33.437,-6.969
0,433,4,22.787,-5.213
0,433,7,30.775,-11.881
0,433,12,26.631,-3.248
0,433,13,28.163,-12.353
0,433,15,25.473,-1.51
0,433,16,23.899,1.959
0,433,17,23.355,-4.591
0,434,3,32.858,-6.647
0,434,4,22.784,-5.228
0,434,7,30.759,-11.875
0,434,12,26.661,-3.237
0,434,13,28.183,-12.356
0,434,15,25.496,-1.538
0,434,16,23.822,1.908
0,434,17,23.068,-4.332
0,435,3,32.772,-6.454
0,435,4,22.795,-5.234
0,435,7,30.753,-11.878
0,435,12,26.67,-3.274
0,435,13,28.222,-12.374
0,435,15,25.491,-1.522
0,435,16,23.737,1.92
0,435,17,23.151,-4.292
0,436,3,33.211,-6.416
0,436,4,22.81,-5.217
0,436,7,30.739,-11.859
0,436,12,26.696,-3.239
0,436,13,28.271,-12.39
0,436,15,25.479,-1.488
0,436,16,23.662,1.878
0,436,17,23.084,-4.195
0,436,18,22.8,-5.11
0,437,3,33.071,-6.166
0,437,4,22.811,-5.221
0,437,7,30.737,-11.844
0,437,12,26.666,-3.198
0,437,13,28.304,-12.41
0,437,15,25.513,-1.515
0,437,16,23.59,1.825
0,437,17,22.759,-3.963
0,437,18,22.8,-5.119
0,438,3,33.037,-5.976
0,438,4,22.808,-5.223
0,438,7,30.739,-11.866
0,438,12,26.666,-3.206
0,438,13,28.336,-12.436
0,438,15,25.518,-1.522
0,438,16,23.505,1.8
0,438,17,22.743,-3.881
0,438,18,22.794,-5.128
0,439,3,33.361,-5.88
0,439,4,22.81,-5.227
0,439,7,30.731,-11.861
0,439,12,26.6,-3.128
0,439,13,28.346,-12.454
0,439,15,25.524,-1.548
0,439,16,23.466,1.754
0,439,17,22.84,-3.87
0,439,18,22.813,-5.133
0,440,3,33.828,-5.84
0,440,4,22.796,-5.221
0,440,7,30.744,-11.853
0,440,12,26.582,-3.165
0,440,13,28.0,-12.342
0,440,15,25.51,-1.524
0,440,16,23.394,1.702
0,440,17,22.755,-3.856
0,440,18,22.813,-5.14
0,441,3,34.376,-5.854
0,441,4,22.793,-5.219
0,441,7,30.738,-11.871
0,441,12,26.57,-3.194
0,441,13,28.004,-12.34
0,441,15,25.516,-1.528
0,441,16,23.329,1.672
0,441,17,22.7,-3.808
0,441,18,22.813,-5.147
0,442,3,34.595,-5.869
0,442,4,22.8,-5.221
0,442,7,30.766,-11.873
0,442,12,26.6,-3.175
0,442,13,28.022,-12.383
0,442,15,25.535,-1.551
0,442,16,23.284,1.631
0,442,17,22.646,-3.76
0,442,18,22.821,-5.109
0,442,19,23.97,-4.62
0,443,3,34.489,-5.864
0,443,4,22.806,-5.222
0,443,7,30.769,-11.879
0,443,12,26.591,-3.213
0,443,13,28.062,-12.395
0,443,15,25.546,-1.549
0,443,16,23.233,1.563
0,443,17,22.702,-3.886
0,443,18,22.846,-5.101
0,443,19,23.947,-4.66
0,444,3,34.676,-5.884
0,444,4,22.843,-5.219
0,444,7,30.77,-11.888
0,444,12,26.582,-3.25
0,444,13,28.083,-12.395
0,444,15,25.558,-1.554
0,444,16,23.17,1.538
0,444,17,22.81,-3.919
0,444,18,22.851,-5.094
0,444,19,23.952,-4.679
0,445,3,35.544,-6.032
0,445,4,22.863,-5.218
0,445,7,30.767,-11.891
0,445,12,26.667,-3.273
0,445,13,28.105,-12.393
0,445,15,25.543,-1.547
0,445,16,23.119,1.499
0,445,17,20.704,-3.762
0,445,18,22.837,-5.102
0,445,19,23.943,-4.704
0,446,3,35.974,-6.126
0,446,4,22.876,-5.218
0,446,7,30.733,-11.872
0,446,12,26.671,-3.268
0,446,13,28.115,-12.451
0,446,15,25.526,-1.533
0,446,16,23.024,1.443
0,446,17,20.56,-3.826
0,446,18,22.834,-5.101
0,446,19,23.953,-4.72
0,447,3,36.435,-6.239
0,447,4,22.898,-5.231
0,447,7,30.732,-11.88
0,447,12,26.678,-3.298
0,447,13,28.142,-12.445
0,447,15,25.525,-1.549
0,447,16,22.954,1.404
0,447,17,21.035,-3.914
0,447,18,22.835,-5.1
0,447,19,23.947,-4.71
0,448,3,36.669,-6.294
0,448,4,22.912,-5.233
0,448,7,30.725,-11.848
0,448,12,26.689,-3.324
0,448,13,28.077,-12.409
0,448,15,25.546,-1.546
0,448,16,22.896,1.363
0,448,17,20.907,-3.905
0,448,18,22.835,-5.102
0,448,19,24.122,-4.604
0,449,3,36.879,-6.333
0,449,4,22.873,-5.224
0,449,7,30.727,-11.836
0,449,12,26.724,-3.321
0,449,13,28.087,-12.401
0,449,15,25.532,-1.551
0,449,16,22.826,1.327
0,449,17,20.648,-3.854
0,449,18,22.839,-5.104
0,449,19,24.14,-4.674
0,450,3,37.083,-6.378
0,450,4,22.916,-5.227
0,450,7,30.711,-11.856
0,450,12,26.742,-3.326
0,450,13,28.092,-12.394
0,450,15,25.529,-1.565
0,450,16,22.76,1.306
0,450,17,20.363,-3.793
0,450,18,22.841,-5.106
0,450,19,24.16,-4.701
0,451,3,37.062,-6.423
0,451,4,22.93,-5.227
0,451,7,30.718,-11.837
0,451,12,26.612,-3.207
0,451,13,28.078,-12.401
0,451,15,25.448,-1.502
0,451,16,22.721,1.275
0,451,17,20.032,-3.603
0,451,18,22.819,-5.076
0,451,19,24.054,-4.671
0,452,3,37.755,-6.52
0,452,4,24.469,-5.008
0,452,7,30.728,-11.829
0,452,12,26.628,-3.174
0,452,13,28.05,-12.402
0,452,15,25.46,-1.5
0,452,16,22.648,1.249
0,452,17,19.994,-3.589
0,452,18,22.797,-5.107
0,452,19,24.05,-4.697
0,453,3,38.073,-6.62
0,453,4,24.521,-4.898
0,453,7,30.707,-11.841
0,453,12,26.622,-3.158
0,453,13,28.05,-12.382
0,453,15,25.449,-1.524
0,453,16,22.584,1.219
0,453,17,19.838,-3.53
0,453,18,22.785,-5.154
0,453,19,24.052,-4.705
0,454,3,38.314,-6.63
0,454,4,24.574,-4.792
0,454,7,30.711,-11.844
0,454,12,26.685,-3.181
0,454,13,28.019,-12.362
0,454,15,25.483,-1.561
0,454,16,22.517,1.209
0,454,17,19.682,-3.472
0,454,18,22.792,-5.148
0,454,19,24.053,-4.713
0,455,3,38.719,-6.68
0,455,4,24.638,-4.612
0,455,7,30.701,-11.839
0,455,12,26.673,-3.169
0,455,13,28.062,-12.367
0,455,15,25.474,-1.557
0,455,16,22.444,1.215
0,455,17,19.525,-3.412
0,455,18,22.787,-5.176
0,455,19,24.113,-4.496
0,456,3,39.18,-6.746
0,456,4,24.701,-4.451
0,456,7,30.688,-11.844
0,456,12,26.659,-3.229
0,456,13,28.064,-12.368
0,456,15,25.474,-1.556
0,456,16,22.38,1.18
0,456,17,19.369,-3.351
0,456,18,22.784,-5.188
0,456,19,24.095,-4.586
0,457,3,39.46,-6.834
0,457,4,24.768,-4.274
0,457,7,30.693,-11.849
0,457,12,26.658,-3.269
0,457,13,28.137,-12.41
0,457,15,25.446,-1.517
0,457,16,22.382,1.113
0,457,17,19.214,-3.291
0,457,18,22.774,-5.159
0,457,19,24.094,-4.632
0,458,3,39.339,-6.951
0,458,4,24.824,-4.188
0,458,7,30.697,-11.874
0,458,12,26.652,-3.292
0,458,13,28.144,-12.459
0,458,15,25.465,-1.539
0,458,16,22.254,1.035
0,458,17,19.061,-3.229
0,458,18,22.79,-5.137
0,458,19,24.095,-4.664
0,459,3,39.756,-7.061
0,459,4,24.833,-4.164
0,459,7,30.696,-11.881
0,459,12,26.646,-3.31
0,459,13,28.17,-12.453
0,459,15,25.47,-1.543
0,459,16,22.179,0.988
0,459,17,18.907,-3.168
0,459,18,22.772,-5.164
0,459,19,24.099,-4.688
0,460,3,40.113,-7.14
0,460,4,24.833,-4.224
0,460,7,30.697,-11.889
0,460,12,26.675,-3.278
0,460,13,28.187,-12.466
0,460,15,25.504,-1.556
0,460,16,22.159,0.938
0,460,17,18.754,-3.108
0,460,18,22.772,-5.143
0,460,19,24.105,-4.696
0,461,3,40.371,-7.192
0,461,4,24.874,-4.227
0,461,7,30.697,-11.898
0,461,12,26.634,-3.203
0,461,13,28.207,-12.478
0,461,15,25.518,-1.58
0,461,16,22.067,0.874
0,461,17,18.601,-3.048
0,461,18,22.761,-5.153
0,461,19,23.868,-4.643
0,462,3,40.541,-7.215
0,462,4,24.914,-4.24
0,462,7,30.735,-11.841
0,462,12,26.619,-3.235
0,462,13,28.228,-12.49
0,462,15,25.532,-1.578
0,462,16,21.998,0.782
0,462,17,18.447,-2.988
0,462,18,22.747,-5.17
0,462,19,23.846,-4.652
0,463,3,40.761,-7.093
0,463,4,24.644,-4.204
0,463,7,30.779,-11.872
0,463,12,26.663,-3.228
0,463,13,28.298,-12.419
0,463,15,25.548,-1.57
0,463,16,21.919,0.697
0,463,17,18.294,-2.928
0,463,18,22.808,-5.169
0,463,19,23.826,-4.665
0,464,3,41.158,-7.171
0,464,4,24.618,-4.21
0,464,7,30.791,-11.872
0,464,12,26.663,-3.271
0,464,13,28.419,-12.338
0,464,15,25.563,-1.566
0,464,16,21.849,0.628
0,464,17,18.14,-2.867
0,464,18,22.807,-5.193
0,464,19,23.805,-4.673
0,465,3,41.443,-7.15
0,465,4,24.493,-4.218
0,465,7,30.756,-11.857
0,465,12,26.66,-3.221
0,465,13,28.215,-12.264
0,465,15,25.47,-1.506
0,465,16,21.821,0.601
0,465,17,17.987,-2.806
0,465,18,22.806,-5.168
0,465,19,23.787,-4.676
0,466,3,41.795,-7.182
0,466,4,24.434,-4.271
0,466,7,30.743,-11.865
0,466,12,26.681,-3.237
0,466,13,28.158,-12.281
0,466,15,25.475,-1.515
0,466,16,21.723,0.568
0,466,17,17.834,-2.745
0,466,18,22.826,-5.145
0,466,19,23.764,-4.677
0,467,3,42.234,-7.238
0,467,4,24.367,-4.301
0,467,7,30.746,-11.86
0,467,12,26.685,-3.272
0,467,13,28.134,-12.335
0,467,15,25.467,-1.521
0,467,16,21.652,0.507
0,467,17,17.681,-2.684
0,467,18,22.822,-5.169
0,467,19,23.749,-4.668
0,468,3,42.519,-7.274
0,468,4,24.219,-4.312
0,468,7,30.754,-11.858
0,468,12,26.663,-3.215
0,468,13,28.146,-12.391
0,468,15,25.49,-1.518
0,468,16,21.604,0.471
0,468,17,17.528,-2.624
0,468,18,22.818,-5.188
0,468,19,23.736,-4.665
0,469,3,42.684,-7.298
0,469,4,24.184,-4.308
0,469,7,30.777,-11.874
0,469,12,26.653,-3.202
0,469,13,28.136,-12.447
0,469,15,25.497,-1.538
0,469,16,21.513,0.427
0,469,17,15.766,0.165
0,469,18,22.798,-5.169
0,469,19,23.954,-4.684
0,470,3,42.824,-7.326
0,470,4,24.111,-4.281
0,470,7,30.787,-11.885
0,470,12,26.639,-3.238
0,470,13,28.124,-12.458
0,470,15,25.498,-1.547
0,470,16,21.444,0.397
0,470,17,15.556,0.428
0,470,18,22.786,-5.186
0,470,19,23.968,-4.697
0,471,3,43.006,-7.368
0,471,4,24.127,-4.285
0,471,7,30.744,-11.896
0,471,12,26.611,-3.221
0,471,13,28.068,-12.468
0,471,15,25.538,-1.574
0,471,16,21.366,0.369
0,471,17,15.345,0.691
0,471,18,22.761,-5.167
0,471,19,24.106,-4.546
0,472,3,43.269,-7.423
0,472,4,24.042,-4.416
0,472,7,30.728,-11.864
0,472,12,26.611,-3.187
0,472,13,28.095,-12.474
0,472,15,25.533,-1.592
0,472,16,21.237,0.344
0,472,17,15.135,0.952
0,472,18,22.765,-5.14
0,472,19,24.146,-4.467
0,473,3,43.596,-7.478
0,473,4,23.959,-4.518
0,473,7,30.721,-11.854
0,473,12,26.594,-3.223
0,473,13,28.089,-12.454
0,473,15,25.541,-1.581
0,473,16,21.144,0.295
0,473,17,14.925,1.214
0,473,18,22.752,-5.173
0,473,19,24.212,-4.347
0,474,3,43.827,-7.517
0,474,4,23.882,-4.589
0,474,7,30.734,-11.836
0,474,12,26.595,-3.212
0,474,13,28.096,-12.438
0,474,15,25.503,-1.563
0,474,16,21.097,0.264
0,474,17,14.715,1.478
0,474,18,22.768,-5.168
0,474,19,24.247,-4.255
0,474,20,31.98,12.27
0,475,3,44.196,-7.592
0,475,4,23.811,-4.657
0,475,7,30.713,-11.805
0,475,12,26.659,-3.243
0,475,13,28.138,-12.465
0,475,15,25.473,-1.54
0,475,16,21.037,0.204
0,475,17,14.503,1.741
0,475,18,22.774,-5.15
0,475,19,24.252,-4.19
0,475,20,31.997,12.238
0,476,3,44.395,-7.627
0,476,4,23.744,-4.68
0,476,7,30.684,-11.827
0,476,12,26.667,-3.251
0,476,13,28.16,-12.457
0,476,15,25.464,-1.525
0,476,16,20.961,0.166
0,476,17,14.293,2.004
0,476,18,22.776,-5.174
0,476,19,24.285,-4.112
0,476,20,31.993,12.287
0,477,3,44.605,-7.651
0,477,4,23.687,-4.686
0,477,7,30.692,-11.81
0,477,12,26.66,-3.224
0,477,13,28.182,-12.456
0,477,15,25.455,-1.517
0,477,16,20.918,0.133
0,477,17,14.083,2.268
0,477,18,22.777,-5.149
0,477,19,24.319,-4.036
0,477,20,32.014,12.204
0,478,3,44.966,-7.701
0,478,4,23.815,-4.695
0,478,7,30.671,-11.825
0,478,12,26.673,-3.202
0,478,13,28.21,-12.469
0,478,15,25.467,-1.522
0,478,16,20.838,0.092
0,478,17,13.872,2.533
0,478,18,22.829,-5.15
0,478,19,24.354,-3.959
0,478,20,32.033,12.128
0,479,3,45.198,-7.753
0,479,4,23.794,-4.696
0,479,7,30.653,-11.829
0,479,12,26.675,-3.234
0,479,13,28.225,-12.483
0,479,15,25.469,-1.523
0,479,16,20.768,0.03
0,479,17,13.661,2.798
0,479,18,22.84,-5.183
0,479,19,24.389,-3.882
0,479,20,32.052,12.022
0,480,3,45.457,-7.792
0,480,4,23.865,-4.705
0,480,7,30.646,-11.841
0,480,12,26.686,-3.229
0,480,13,28.227,-12.486
0,480,15,25.497,-1.535
0,480,16,20.713,-0.005
0,480,17,13.45,3.062
0,480,18,22.854,-5.201
0,480,19,24.427,-3.805
0,480,20,32.035,11.874
0,481,3,45.725,-7.842
0,481,4,23.864,-4.698
0,481,7,30.655,-11.83
0,481,12,26.638,-3.161
0,481,13,28.179,-12.496
0,481,15,25.522,-1.552
0,481,16,20.608,-0.039
0,481,17,13.24,3.329
0,481,18,22.813,-5.177
0,481,19,24.572,-3.12
0,481,20,32.047,11.791
0,482,3,46.194,-7.966
0,482,4,23.867,-4.685
0,482,7,30.661,-11.832
0,482,12,26.631,-3.18
0,482,13,28.201,-12.473
0,482,15,25.532,-1.563
0,482,16,20.529,-0.089
0,482,17,13.03,3.594
0,482,18,22.815,-5.198
0,482,19,24.63,-2.949
0,482,20,32.069,11.697
0,483,3,46.397,-7.99
0,483,4,23.871,-4.674
0,483,7,30.654,-11.828
0,483,12,26.634,-3.176
0,483,13,28.204,-12.46
0,483,15,25.521,-1.542
0,483,16,20.448,-0.092
0,483,17,12.819,3.86
0,483,18,22.802,-5.18
0,483,19,24.654,-2.797
0,483,20,32.154,11.634
0,484,3,46.816,-8.056
0,484,4,23.889,-4.675
0,484,7,30.679,-11.824
0,484,12,26.625,-3.155
0,484,13,28.203,-12.455
0,484,15,25.519,-1.575
0,484,16,20.358,-0.108
0,484,17,12.609,4.126
0,484,18,22.806,-5.147
0,484,19,24.701,-2.634
0,484,20,32.178,11.536
0,485,3,47.123,-8.131
0,485,4,23.907,-4.668
0,485,7,30.672,-11.825
0,485,12,26.61,-3.215
0,485,13,28.21,-12.449
0,485,15,25.523,-1.584
0,485,16,20.275,-0.143
0,485,17,12.398,4.395
0,485,18,22.79,-5.182
0,485,19,24.748,-2.469
0,485,20,32.208,11.439
0,486,3,47.458,-8.187
0,486,4,23.929,-4.669
0,486,7,30.689,-11.819
0,486,12,26.65,-3.226
0,486,13,28.209,-12.452
0,486,15,25.524,-1.573
0,486,16,20.22,-0.147
0,486,17,12.185,4.664
0,486,18,22.794,-5.172
0,486,19,24.794,-2.305
0,486,20,32.229,11.359
0,487,3,47.744,-8.215
0,487,4,23.958,-4.661
0,487,7,30.714,-11.802
0,487,12,26.663,-3.223
0,487,13,28.204,-12.45
0,487,15,25.508,-1.56
0,487,16,20.117,-0.171
0,487,17,11.972,4.933
0,487,18,22.829,-5.163
0,487,19,24.84,-2.142
0,487,20,32.244,11.265
0,488,3,48.104,-8.273
0,488,4,23.978,-4.66
0,488,7,30.733,-11.823
0,488,12,26.666,-3.269
0,488,13,28.211,-12.434
0,488,15,25.504,-1.558
0,488,16,20.032,-0.202
0,488,17,11.759,5.201
0,488,18,22.831,-5.213
0,488,19,24.887,-1.978
0,488,20,32.244,11.18
0,489,3,48.407,-8.316
0,489,4,23.999,-4.662
0,489,7,30.751,-11.841
0,489,12,26.657,-3.257
0,489,13,28.184,-12.462
0,489,15,25.484,-1.526
0,489,16,20.009,-0.223
0,489,17,11.546,5.47
0,489,18,22.842,-5.231
0,489,19,24.933,-1.813
0,489,20,32.254,11.119
0,490,3,48.688,-8.355
0,490,4,24.012,-4.674
0,490,7,30.76,-11.829
0,490,12,26.621,-3.207
0,490,13,28.192,-12.44
0,490,15,25.505,-1.538
0,490,16,19.893,-0.24
0,490,17,11.333,5.739
0,490,18,22.841,-5.206
0,490,19,24.981,-1.649
0,490,20,32.263,11.05
0,491,3,49.04,-8.413
0,491,4,24.039,-4.673
0,491,7,30.762,-11.847
0,491,12,26.604,-3.259
0,491,13,28.199,-12.42
0,491,15,25.503,-1.534
0,491,16,19.808,-0.268
0,491,17,11.12,6.008
0,491,18,22.844,-5.258
0,491,19,25.029,-1.487
0,491,20,32.285,10.978
0,492,3,49.465,-8.485
0,492,4,24.065,-4.638
0,492,7,30.768,-11.862
0,492,12,26.592,-3.288
0,492,13,28.153,-12.383
0,492,15,25.493,-1.516
0,492,16,19.8,-0.253
0,492,18,22.851,-5.274
0,492,19,25.079,-1.324
0,492,20,32.403,10.913
0,493,3,49.751,-8.516
0,493,4,24.091,-4.638
0,493,7,30.78,-11.873
0,493,12,26.635,-3.236
0,493,13,28.144,-12.381
0,493,15,25.506,-1.52
0,493,16,19.708,-0.276
0,493,18,22.853,-5.271
0,493,19,25.128,-1.16
0,493,20,32.474,10.823
0,494,3,50.106,-8.585
0,494,4,24.105,-4.693
0,494,7,30.792,-11.878
0,494,12,26.631,-3.271
0,494,13,28.13,-12.385
0,494,15,25.502,-1.513
0,494,16,19.638,-0.326
0,494,18,22.856,-5.249
0,494,19,25.178,-0.997
0,494,20,32.521,10.721
0,495,3,50.417,-8.641
0,495,4,24.093,-4.706
0,495,7,30.786,-11.872
0,495,12,26.694,-3.262
0,495,13,28.112,-12.38
0,495,15,25.485,-1.497
0,495,16,19.542,-0.335
0,495,18,22.819,-5.207
0,495,19,22.438,1.305
0,495,20,32.656,10.622
0,495,21,25.45,-1.42
0,496,3,50.888,-8.681
0,496,4,24.135,-4.728
0,496,7,30.787,-11.889
0,496,12,26.625,-3.182
0,496,13,28.096,-12.374
0,496,15,25.482,-1.513
0,496,16,19.402,-0.349
0,496,18,22.81,-5.209
0,496,19,22.236,1.677
0,496,20,32.716,10.522
0,496,21,25.451,-1.454
0,497,3,51.207,-8.747
0,497,4,24.176,-4.742
0,497,7,30.791,-11.9
0,497,12,26.614,-3.208
0,497,13,28.08,-12.359
0,497,15,25.476,-1.534
0,497,16,19.314,-0.389
0,497,18,22.794,-5.206
0,497,19,22.036,2.047
0,497,20,32.747,10.498
0,497,21,25.456,-1.475
0,498,3,51.612,-8.831
0,498,4,24.212,-4.745
0,498,7,30.79,-11.912
0,498,12,26.598,-3.161
0,498,13,28.058,-12.353
0,498,15,25.505,-1.553
0,498,16,19.247,-0.396
0,498,18,22.812,-5.192
0,498,19,21.834,2.417
0,498,20,32.782,10.459
0,498,21,25.46,-1.498
0,499,3,51.998,-8.915
0,499,4,24.278,-4.747
0,499,7,30.787,-11.931
0,499,12,26.58,-3.179
0,499,13,28.032,-12.333
0,499,15,25.507,-1.56
0,499,16,19.106,-0.377
0,499,18,22.863,-5.185
0,499,19,21.654,2.662
0,499,20,32.76,10.326
0,499,21,25.433,-1.46
0,500,3,52.356,-9.024
0,500,4,24.325,-4.754
0,500,7,30.796,-11.938
0,500,12,26.56,-3.187
0,500,13,28.028,-12.315
0,500,15,25.51,-1.572
0,500,16,19.011,-0.388
0,500,18,22.855,-5.199
0,500,19,21.462,2.988
0,500,20,32.785,10.266
0,500,21,25.432,-1.468
0,501,3,52.666,-9.133
0,501,4,24.358,-4.761
0,501,7,30.801,-11.944
0,501,12,26.545,-3.184
0,501,13,27.957,-11.842
0,501,15,25.504,-1.569
0,501,16,18.922,-0.39
0,501,18,22.857,-5.18
0,501,19,21.27,3.314
0,501,20,32.797,10.182
0,501,21,25.43,-1.477
0,502,3,52.841,-9.163
0,502,4,24.38,-4.764
0,502,7,30.794,-11.931
0,502,12,26.533,-3.147
0,502,13,27.747,-11.681
0,502,15,25.52,-1.588
0,502,16,18.868,-0.381
0,502,18,22.856,-5.169
0,502,19,21.077,3.641
0,502,20,32.838,10.082
0,502,21,25.505,-1.475
0,502,22,22.53,2.58
0,502,23,27.65,2.84
0,503,3,53.099,-9.229
0,503,4,24.344,-4.763
0,503,7,30.785,-11.909
0,503,12,26.487,-3.168
0,503,13,27.707,-11.575
0,503,15,25.526,-1.583
0,503,16,18.787,-0.376
0,503,18,22.837,-5.206
0,503,19,20.885,3.968
0,503,20,32.86,10.018
0,503,21,25.519,-1.483
0,503,22,22.508,2.565
0,503,23,27.64,2.83
0,504,3,53.935,-9.298
0,504,4,23.977,-4.671
0,504,7,30.815,-11.916
0,504,12,26.45,-3.195
0,504,13,27.325,-11.53
0,504,15,25.521,-1.56
0,504,16,18.731,-0.359
0,504,18,22.836,-5.182
0,504,19,20.693,4.296
0,504,20,32.845,9.899
0,504,21,25.534,-1.492
0,504,22,22.41,2.548
0,504,23,27.492,2.844
0,505,3,54.852,-9.397
0,505,4,23.976,-4.67
0,505,7,30.836,-11.908
0,505,12,26.434,-3.152
0,505,13,27.448,-11.542
0,505,15,25.494,-1.527
0,505,16,18.652,-0.343
0,505,18,22.87,-5.178
0,505,19,20.501,4.622
0,505,20,32.859,9.862
0,505,21,25.549,-1.556
0,505,22,22.331,2.485
0,505,23,27.448,2.841
0,506,3,55.157,-9.459
0,506,4,23.973,-4.668
0,506,7,30.855,-11.904
0,506,12,26.416,-3.132
0,506,13,27.285,-11.586
0,506,15,25.488,-1.53
0,506,16,18.575,-0.349
0,506,18,22.867,-5.209
0,506,19,20.308,4.95
0,506,20,32.873,9.818
0,506,21,25.562,-1.574
0,506,22,22.292,2.439
0,506,23,27.405,2.839
0,507,3,55.461,-9.495
0,507,4,23.955,-4.658
0,507,7,30.874,-11.897
0,507,12,26.404,-3.148
0,507,13,27.176,-11.623
0,507,15,25.435,-1.501
0,507,16,18.52,-0.367
0,507,18,22.833,-5.192
0,507,19,20.115,5.278
0,507,20,32.903,9.741
0,507,21,25.541,-1.585
0,507,22,22.178,2.364
0,507,23,27.363,2.836
0,508,3,55.877,-9.549
0,508,4,23.951,-4.654
0,508,7,30.828,-11.905
0,508,12,26.386,-3.145
0,508,13,27.063,-11.665
0,508,15,25.421,-1.489
0,508,16,18.417,-0.346
0,508,18,22.844,-5.176
0,508,19,19.922,5.605
0,508,20,32.916,9.627
0,508,21,25.55,-1.615
0,508,22,22.061,2.304
0,508,23,27.322,2.834
0,509,3,56.48,-9.678
0,509,4,23.945,-4.657
0,509,7,30.827,-11.908
0,509,12,26.367,-3.141
0,509,13,26.96,-11.715
0,509,15,25.438,-1.218
0,509,16,18.338,-0.377
0,509,18,22.829,-5.213
0,509,19,19.727,5.932
0,509,20,32.934,9.536
0,509,21,25.562,-1.622
0,509,22,21.982,2.272
0,509,23,27.282,2.832
0,510,3,56.818,-9.72
0,510,4,24.181,-4.544
0,510,7,30.766,-11.853
0,510,12,26.617,-3.4
0,510,13,27.328,-11.873
0,510,15,25.431,-1.148
0,510,16,18.259,-0.355
0,510,18,22.846,-5.206
0,510,19,19.534,6.259
0,510,20,32.941,9.413
0,510,21,25.532,-1.589
0,510,22,21.933,2.2
0,510,23,27.241,2.919
0,511,3,57.246,-9.791
0,511,4,24.117,-4.549
0,511,7,30.785,-11.822
0,511,12,26.722,-3.467
0,511,13,27.399,-11.944
0,511,15,25.462,-1.193
0,511,16,18.136,-0.327
0,511,18,22.827,-5.185
0,511,19,19.34,6.584
0,511,20,32.923,9.244
0,511,21,25.507,-1.565
0,511,22,21.786,2.119
0,511,23,27.224,2.912
0,512,3,57.564,-9.843
0,512,4,24.095,-4.604
0,512,7,30.795,-11.793
0,512,12,26.599,-3.415
0,512,13,27.422,-12.013
0,512,15,25.45,-1.167
0,512,16,18.045,-0.322
0,512,18,22.813,-5.223
0,512,19,19.145,6.908
0,512,20,32.925,9.187
0,512,21,25.507,-1.58
0,512,22,21.701,2.107
0,512,23,27.186,2.921
0,513,3,57.881,-9.895
0,513,4,24.067,-4.653
0,513,7,30.796,-11.786
0,513,12,26.613,-3.427
0,513,13,27.542,-12.135
0,513,15,25.437,-1.14
0,513,16,17.975,-0.294
0,513,18,22.839,-5.225
0,513,19,18.95,7.231
0,513,20,32.921,9.054
0,513,21,25.526,-1.601
0,513,22,21.595,2.028
0,513,23,27.148,2.93
0,514,3,58.465,-10.01
0,514,4,24.011,-4.662
0,514,7,30.771,-11.805
0,514,12,26.641,-3.416
0,514,13,27.621,-12.206
0,514,15,25.425,-1.114
0,514,16,17.889,-0.284
0,514,18,22.873,-5.195
0,514,19,18.754,7.554
0,514,20,32.914,8.921
0,514,21,25.551,-1.637
0,514,22,21.497,1.947
0,514,23,26.667,2.712
0,515,3,59.014,-10.108
0,515,4,24.0,-4.677
0,515,7,30.771,-11.769
0,515,12,26.725,-3.405
0,515,13,27.705,-12.251
0,515,15,25.411,-1.086
0,515,16,17.799,-0.262
0,515,18,22.87,-5.246
0,515,19,18.558,7.877
0,515,20,32.874,8.932
0,515,21,25.56,-1.628
0,515,22,21.402,1.916
0,515,23,26.594,2.681
0,516,3,59.549,-10.198
0,516,4,24.107,-4.568
0,516,7,30.753,-11.804
0,516,12,26.794,-3.382
0,516,13,27.921,-12.368
0,516,15,25.397,-1.059
0,516,16,17.761,-0.235
0,516,18,22.871,-5.217
0,516,19,18.361,8.2
0,516,20,32.865,8.858
0,516,21,25.555,-1.609
0,516,22,21.346,1.842
0,516,23,26.498,2.612
0,517,3,59.993,-10.274
0,517,4,24.086,-4.625
0,517,7,30.735,-11.827
0,517,12,26.846,-3.361
0,517,13,28.032,-12.39
0,517,15,25.384,-1.031
0,517,16,17.668,-0.217
0,517,18,22.851,-5.17
0,517,19,18.167,8.523
0,517,20,32.823,8.76
0,517,21,25.516,-1.549
0,517,22,21.245,1.751
0,517,23,26.414,2.514
0,518,3,60.04,-10.286
0,518,4,24.079,-4.664
0,518,7,30.718,-11.844
0,518,12,26.891,-3.353
0,518,13,28.147,-12.424
0,518,15,25.371,-1.004
0,518,16,17.587,-0.197
0,518,18,22.848,-5.152
0,518,19,17.973,8.845
0,518,20,32.816,8.67
0,518,21,25.515,-1.557
0,518,22,21.158,1.706
0,518,23,26.326,2.498
0,519,3,60.208,-10.316
0,519,4,24.086,-4.685
0,519,7,30.719,-11.837
0,519,12,26.944,-3.352
0,519,13,28.277,-12.474
0,519,15,25.358,-0.977
0,519,16,17.524,-0.158
0,519,18,22.862,-5.17
0,519,19,17.778,9.168
0,519,20,32.796,8.561
0,519,21,25.515,-1.557
0,519,22,21.076,1.613
0,519,23,26.295,2.435
0,520,3,60.378,-10.347
0,520,4,24.099,-4.698
0,520,7,30.703,-11.842
0,520,12,27.076,-3.367
0,520,13,28.401,-12.525
0,520,15,25.436,-1.448
0,520,16,17.415,-0.136
0,520,18,22.856,-5.204
0,520,19,17.583,9.489
0,520,20,32.774,8.504
0,520,21,25.493,-1.548
0,520,22,20.987,1.531
0,520,23,26.222,2.365
0,521,3,60.592,-10.382
0,521,4,24.112,-4.708
0,521,7,30.692,-11.841
0,521,12,27.11,-3.369
0,521,13,28.525,-12.582
0,521,15,25.438,-1.485
0,521,16,17.335,-0.115
0,521,18,22.848,-5.219
0,521,19,17.388,9.81
0,521,20,32.752,8.45
0,521,21,25.486,-1.556
0,521,22,20.902,1.445
0,521,23,26.146,2.371
0,522,3,60.841,-10.421
0,522,4,24.113,-4.714
0,522,7,30.69,-11.836
0,522,12,27.133,-3.371
0,522,13,28.655,-12.631
0,522,15,25.404,-1.444
0,522,16,17.301,-0.088
0,522,18,22.832,-5.2
0,522,19,17.192,10.131
0,522,20,32.73,8.394
0,522,21,25.493,-1.541
0,522,22,20.82,1.365
0,522,23,26.127,2.32
0,523,3,61.296,-10.488
0,523,4,24.15,-4.537
0,523,7,30.665,-11.84
0,523,12,27.154,-3.374
0,523,13,28.807,-12.674
0,523,15,25.375,-1.433
0,523,16,17.216,-0.055
0,523,18,22.818,-5.234
0,523,19,16.996,10.453
0,523,20,32.717,8.352
0,523,21,25.497,-1.566
0,523,22,20.725,1.279
0,523,23,26.033,2.227
0,524,3,61.665,-10.554
0,524,4,24.135,-4.628
0,524,7,30.641,-11.839
0,524,12,27.171,-3.377
0,524,13,28.946,-12.764
0,524,15,25.364,-1.445
0,524,16,17.149,-0.046
0,524,18,22.815,-5.236
0,524,19,16.801,10.772
0,524,20,32.708,8.307
0,524,21,25.492,-1.576
0,524,22,20.64,1.197
0,524,23,25.962,2.184
0,525,3,62.061,-10.618
0,525,4,24.15,-4.659
0,525,7,30.614,-11.921
0,525,12,27.139,-3.372
0,525,13,28.233,-12.483
0,525,15,25.364,-1.446
0,525,16,17.128,-0.01
0,525,18,22.806,-5.21
0,525,19,16.606,11.09
0,525,20,32.698,8.25
0,525,21,25.503,-1.563
0,525,22,20.606,1.17
0,525,23,25.884,2.121
0,526,4,24.151,-4.675
0,526,7,30.587,-11.942
0,526,12,26.536,-3.209
0,526,13,28.268,-12.522
0,526,15,25.354,-1.457
0,526,16,17.026,0.019
0,526,18,22.798,-5.186
0,526,19,16.412,11.409
0,526,20,32.685,8.211
0,526,21,25.503,-1.569
0,526,22,20.509,1.108
0,526,23,25.827,2.078
0,527,4,24.156,-4.688
0,527,7,30.56,-11.963
0,527,12,26.55,-3.207
0,527,13,28.31,-12.549
0,527,15,25.343,-1.468
0,527,16,16.958,0.017
0,527,18,22.791,-5.198
0,527,19,16.218,11.728
0,527,20,32.689,8.178
0,527,21,25.502,-1.582
0,527,22,20.429,1.04
0,527,23,25.755,2.048
0,528,4,24.162,-4.698
0,528,7,30.534,-11.983
0,528,12,26.61,-3.188
0,528,13,28.352,-12.578
0,528,15,25.34,-1.443
0,528,16,16.848,0.051
0,528,18,22.798,-5.175
0,528,20,32.618,8.14
0,528,21,25.49,-1.556
0,528,22,20.414,1.02
0,528,23,25.675,1.99
0,529,4,24.169,-4.707
0,529,7,30.509,-12.003
0,529,12,26.668,-3.192
0,529,13,28.394,-12.608
0,529,15,25.332,-1.443
0,529,16,16.743,0.066
0,529,18,22.809,-5.152
0,529,20,32.592,8.096
0,529,21,25.489,-1.561
0,529,22,20.321,0.957
0,529,23,25.615,1.953
0,530,4,24.171,-4.718
0,530,7,30.481,-11.809
0,530,12,26.702,-3.226
0,530,13,28.436,-12.637
0,530,15,25.325,-1.444
0,530,16,16.653,0.084
0,530,18,22.796,-5.179
0,530,20,32.566,8.052
0,530,21,25.486,-1.565
0,530,22,20.244,0.901
0,530,23,25.545,1.925
0,531,4,23.927,-4.669
0,531,7,30.641,-11.836
0,531,12,26.706,-3.213
0,531,13,28.498,-12.596
0,531,15,25.41,-1.442
0,531,16,16.587,0.109
0,531,18,22.812,-5.167
0,531,20,32.552,8.041
0,531,21,25.468,-1.542
0,531,22,20.141,0.849
0,531,23,25.535,1.897
0,532,4,23.892,-4.68
0,532,7,30.653,-11.82
0,532,12,26.71,-3.222
0,532,13,28.595,-12.548
0,532,15,25.432,-1.446
0,532,16,16.508,0.132
0,532,18,22.815,-5.149
0,532,20,32.525,8.005
0,532,21,25.456,-1.525
0,532,22,20.012,0.79
0,532,23,25.451,1.828
0,533,4,23.858,-4.676
0,533,7,30.659,-11.826
0,533,12,26.728,-3.257
0,533,13,28.635,-12.6
0,533,15,25.448,-1.444
0,533,16,16.423,0.145
0,533,18,22.807,-5.167
0,533,20,32.501,7.969
0,533,21,25.445,-1.534
0,533,22,19.918,0.739
0,533,23,25.388,1.795
0,534,4,23.824,-4.667
0,534,7,30.695,-11.807
0,534,12,26.695,-3.222
0,534,13,28.7,-12.438
0,534,15,25.464,-1.439
0,534,16,16.374,0.179
0,534,18,22.797,-5.151
0,534,20,32.477,7.932
0,534,21,25.487,-1.543
0,534,22,19.864,0.691
0,534,23,25.364,1.747
0,534,24,28.22,-12.59
0,535,4,23.791,-4.655
0,535,7,30.762,-11.813
0,535,12,26.651,-3.178
0,535,13,28.765,-12.367
0,535,15,25.479,-1.433
0,535,16,16.303,0.215
0,535,18,22.794,-5.13
0,535,20,32.453,7.897
0,535,21,25.52,-1.571
0,535,22,19.78,0.641
0,535,23,25.29,1.679
0,535,24,28.234,-12.49
0,536,4,23.74,-4.653
0,536,7,30.751,-11.864
0,536,12,26.635,-3.221
0,536,13,28.826,-12.189
0,536,15,25.495,-1.426
0,536,16,16.23,0.277
0,536,18,22.779,-5.193
0,536,20,32.43,7.862
0,536,21,25.527,-1.568
0,536,22,19.696,0.59
0,536,23,25.22,1.654
0,536,24,28.237,-12.461
0,537,4,23.708,-4.773
0,537,7,30.759,-11.892
0,537,12,26.618,-3.17
0,537,13,28.939,-12.139
0,537,15,25.511,-1.419
0,537,16,16.156,0.317
0,537,18,22.778,-5.204
0,537,20,32.405,7.827
0,537,21,25.516,-1.553
0,537,22,19.612,0.54
0,537,23,25.174,1.604
0,537,24,28.241,-12.458
0,538,4,23.703,-4.809
0,538,7,30.785,-11.917
0,538,12,26.594,-3.121
0,538,13,29.117,-12.143
0,538,15,25.525,-1.413
0,538,16,16.077,0.361
0,538,18,22.808,-5.19
0,538,20,32.382,7.792
0,538,21,25.523,-1.549
0,538,22,19.294,0.323
0,538,23,25.094,1.541
0,538,24,28.254,-12.447
0,539,4,23.729,-4.831
0,539,7,30.813,-11.934
0,539,12,26.559,-3.17
0,539,13,29.263,-12.114
0,539,15,25.538,-1.407
0,539,16,16.001,0.388
0,539,18,22.813,-5.218
0,539,20,32.36,7.755
0,539,21,25.532,-1.549
0,539,22,19.164,0.224
0,539,23,25.028,1.497
0,539,24,28.244,-12.432
0,540,4,23.721,-4.837
0,540,7,30.836,-11.944
0,540,12,26.565,-3.155
0,540,13,29.338,-12.018
0,540,15,25.458,-1.46
0,540,16,15.96,0.436
0,540,18,22.79,-5.191
0,540,20,32.339,7.72
0,540,21,25.549,-1.561
0,540,22,19.168,0.206
0,540,23,25.023,1.451
0,540,24,28.243,-12.443
0,541,4,23.703,-4.835
0,541,7,30.772,-11.921
0,541,12,26.544,-3.194
0,541,13,29.509,-12.034
0,541,15,25.463,-1.459
0,541,16,15.862,0.483
0,541,18,22.781,-5.162
0,541,20,32.318,7.684
0,541,21,25.531,-1.535
0,541,22,19.087,0.151
0,541,23,24.979,1.399
0,541,24,28.25,-12.461
0,541,25,24.02,-4.67
0,542,4,23.681,-4.844
0,542,7,30.783,-11.927
0,542,12,26.529,-3.2
0,542,13,29.75,-12.125
0,542,15,25.468,-1.458
0,542,16,15.795,0.481
0,542,18,22.775,-5.196
0,542,20,32.298,7.65
0,542,21,25.538,-1.544
0,542,22,18.99,0.154
0,542,23,24.923,1.394
0,542,24,28.269,-12.479
0,542,25,24.03,-4.711
0,543,4,23.656,-4.853
0,543,7,30.734,-11.893
0,543,12,26.513,-3.206
0,543,13,29.854,-12.096
0,543,15,25.473,-1.456
0,543,16,15.751,0.501
0,543,18,22.786,-5.181
0,543,20,32.277,7.615
0,543,21,25.507,-1.53
0,543,22,18.945,0.136
0,543,23,24.872,1.213
0,543,24,28.303,-12.497
0,543,25,24.044,-4.729
0,544,4,23.632,-4.862
0,544,7,30.746,-11.847
0,544,12,26.489,-3.214
0,544,13,29.957,-12.068
0,544,15,25.478,-1.455
0,544,16,15.64,0.533
0,544,18,22.811,-5.175
0,544,20,32.257,7.581
0,544,21,25.501,-1.568
0,544,22,18.864,0.109
0,544,23,24.771,1.241
0,544,24,28.348,-12.52
0,544,25,24.07,-4.737
0,545,4,23.607,-4.871
0,545,7,30.743,-11.861
0,545,12,26.474,-3.222
0,545,13,30.06,-12.041
0,545,15,25.56,-1.953
0,545,16,15.565,0.558
0,545,18,22.803,-5.19
0,545,20,32.236,7.547
0,545,21,25.499,-1.577
0,545,22,18.776,0.093
0,545,23,24.705,1.116
0,545,24,28.4,-12.55
0,545,25,24.09,-4.731
0,546,4,23.581,-4.881
0,546,7,30.732,-11.852
0,546,12,26.458,-3.23
0,546,13,30.164,-12.014
0,546,15,25.586,-2.025
0,546,16,15.479,0.583
0,546,18,22.808,-5.169
0,546,20,32.214,7.513
0,546,21,25.498,-1.57
0,546,22,18.7,0.091
0,546,23,24.665,1.212
0,546,24,28.028,-12.388
0,546,25,24.121,-4.731
0,547,4,23.556,-4.893
0,547,7,30.74,-11.841
0,547,12,26.693,-3.144
0,547,13,30.267,-11.986
0,547,15,25.611,-2.096
0,547,16,15.394,0.617
0,547,18,22.818,-5.154
0,547,20,32.194,7.478
0,547,21,25.455,-1.535
0,547,22,18.625,0.08
0,547,23,24.544,1.141
0,547,24,28.02,-12.386
0,547,25,24.177,-4.739
0,548,4,23.533,-4.905
0,548,7,30.738,-11.846
0,548,12,26.705,-3.135
0,548,13,30.37,-11.96
0,548,15,25.636,-2.167
0,548,16,15.315,0.645
0,548,18,22.813,-5.192
0,548,20,32.172,7.442
0,548,21,25.44,-1.544
0,548,22,18.549,0.044
0,548,23,24.473,1.085
0,548,24,28.008,-12.384
0,548,25,24.254,-4.749
0,549,4,23.509,-4.916
0,549,7,30.726,-11.824
0,549,12,26.655,-3.125
0,549,13,30.473,-11.934
0,549,15,25.619,-1.984
0,549,16,15.234,0.67
0,549,18,22.803,-5.168
0,549,20,32.149,7.407
0,549,21,25.449,-1.527
0,549,22,18.447,0.022
0,549,23,24.512,0.962
0,549,24,28.088,-12.432
0,549,25,24.317,-4.75
0,550,4,23.484,-4.926
0,550,7,30.722,-11.848
0,550,12,26.601,-3.111
0,550,13,29.415,-10.484
0,550,15,25.647,-1.995
0,550,16,15.088,0.773
0,550,18,22.8,-5.146
0,550,20,32.126,7.369
0,550,21,25.448,-1.523
0,550,22,18.28,-0.002
0,550,23,24.401,0.857
0,550,24,28.138,-12.473
0,550,25,23.909,-4.639
0,551,4,23.459,-4.936
0,551,7,30.717,-11.855
0,551,12,26.59,-3.102
0,551,13,29.443,-10.298
0,551,15,25.674,-2.008
0,551,16,14.994,0.819
0,551,18,22.786,-5.172
0,551,20,32.103,7.331
0,551,21,25.435,-1.529
0,551,22,18.176,-0.023
0,551,23,24.34,0.771
0,551,24,28.157,-12.466
0,551,25,23.878,-4.643
0,552,4,23.434,-4.946
0,552,7,30.731,-11.85
0,552,12,26.706,-3.186
0,552,13,31.266,-10.25
0,552,15,25.702,-2.02
0,552,16,14.954,0.863
0,552,18,22.781,-5.152
0,552,20,32.08,7.294
0,552,21,25.469,-1.559
0,552,22,18.08,-0.013
0,552,23,24.273,0.7
0,552,24,28.17,-12.464
0,552,25,23.85,-4.475
0,553,4,23.472,-4.632
0,553,7,30.736,-11.841
0,553,12,26.65,-3.138
0,553,13,31.413,-10.02
0,553,15,25.729,-2.034
0,553,16,14.904,0.897
0,553,18,22.805,-5.142
0,553,20,32.056,7.256
0,553,21,25.456,-1.541
0,553,22,17.993,0.003
0,553,23,24.203,0.65
0,553,24,28.154,-12.484
0,553,25,23.807,-4.426
0,554,4,23.471,-4.596
0,554,7,30.747,-11.831
0,554,12,26.634,-3.21
0,554,13,31.559,-9.791
0,554,15,25.476,-2.575
0,554,16,14.83,0.91
0,554,18,22.786,-5.171
0,554,20,32.033,7.218
0,554,21,25.449,-1.541
0,554,22,17.893,0.013
0,554,23,24.149,0.819
0,554,24,28.169,-12.473
0,554,25,23.8,-4.35
0,555,4,23.464,-4.574
0,555,7,30.748,-11.816
0,555,12,26.652,-3.253
0,555,13,31.707,-9.561
0,555,15,25.371,-2.724
0,555,16,14.778,0.932
0,555,18,22.777,-5.156
0,555,20,32.008,7.178
0,555,21,25.479,-1.542
0,555,22,17.793,0.037
0,555,23,24.13,0.748
0,555,24,28.184,-12.466
0,555,25,23.786,-4.269
0,556,4,23.457,-4.552
0,556,7,30.727,-11.805
0,556,12,26.636,-3.217
0,556,13,31.852,-9.33
0,556,15,25.313,-2.88
0,556,16,14.715,0.96
0,556,18,22.789,-5.14
0,556,20,31.985,7.139
0,556,21,25.483,-1.558
0,556,22,17.678,0.058
0,556,23,24.071,0.679
0,556,24,28.203,-12.461
0,556,25,23.99,-4.323
0,557,4,23.475,-4.567
0,557,7,30.743,-11.779
0,557,12,26.631,-3.266
0,557,13,31.998,-9.098
0,557,15,25.306,-3.026
0,557,16,14.647,0.963
0,557,18,22.782,-5.179
0,557,20,31.959,7.098
0,557,21,25.483,-1.556
0,557,22,17.577,0.047
0,557,23,24.028,0.706
0,557,24,28.218,-12.457
0,557,25,23.997,-4.275
0,558,4,23.886,-4.187
0,558,7,30.752,-11.769
0,558,12,26.646,-3.241
0,558,13,32.142,-8.868
0,558,15,25.299,-3.172
0,558,16,14.548,0.99
0,558,18,22.796,-5.167
0,558,20,31.934,7.058
0,558,21,25.482,-1.536
0,558,22,17.498,0.063
0,558,23,23.978,0.646
0,558,24,28.233,-12.45
0,558,25,23.998,-4.246
0,559,4,24.218,-4.142
0,559,7,30.777,-11.689
0,559,12,26.637,-3.199
0,559,13,32.286,-8.639
0,559,15,25.292,-3.319
0,559,16,14.429,0.996
0,559,18,22.796,-5.137
0,559,20,30.019,1.908
0,559,21,25.454,-1.506
0,559,22,17.371,0.088
0,559,23,23.985,0.563
0,559,24,28.057,-12.39
0,559,25,23.957,-4.229
0,560,4,24.222,-4.093
0,560,7,30.803,-11.61
0,560,12,26.625,-3.233
0,560,13,32.429,-8.409
0,560,15,25.285,-3.466
0,560,16,14.338,0.996
0,560,18,22.789,-5.169
0,560,20,29.999,1.617
0,560,21,25.445,-1.506
0,560,22,17.271,0.071
0,560,23,23.951,0.495
0,560,24,28.039,-12.377
0,560,25,23.927,-4.219
0,561,4,24.153,-4.083
0,561,7,30.815,-11.564
0,561,12,26.644,-3.216
0,561,13,32.572,-8.182
0,561,15,24.466,-3.89
0,561,16,14.269,1.021
0,561,18,22.783,-5.153
0,561,20,29.979,1.327
0,561,21,25.461,-1.515
0,561,22,17.224,0.094
0,561,23,23.914,0.447
0,561,24,28.02,-12.364
0,561,25,23.897,-4.214
0,561,26,30.68,-11.88
0,562,4,24.164,-4.035
0,562,7,30.827,-11.537
0,562,12,26.629,-3.188
0,562,13,32.716,-7.954
0,562,15,24.378,-4.151
0,562,16,14.189,1.043
0,562,18,22.817,-5.142
0,562,20,29.959,1.036
0,562,21,25.49,-1.534
0,562,22,17.117,0.134
0,562,23,23.864,0.327
0,562,24,28.148,-12.447
0,562,25,23.88,-4.221
0,562,26,30.685,-11.879
0,563,4,24.176,-3.987
0,563,7,30.835,-11.52
0,563,12,26.618,-3.231
0,563,13,32.858,-7.726
0,563,15,24.275,-4.373
0,563,16,14.105,1.075
0,563,18,22.818,-5.187
0,563,20,29.939,0.744
0,563,21,25.499,-1.543
0,563,22,17.018,0.135
0,563,23,23.825,0.261
0,563,24,28.153,-12.441
0,563,25,23.866,-4.118
0,563,26,30.657,-11.857
0,564,4,24.189,-3.938
0,564,7,30.867,-11.5
0,564,12,26.607,-3.193
0,564,13,33.001,-7.499
0,564,15,24.17,-4.625
0,564,16,14.045,1.099
0,564,18,22.792,-5.168
0,564,20,29.92,0.453
0,564,21,25.535,-1.583
0,564,22,16.955,0.155
0,564,23,23.812,-0.004
0,564,24,28.164,-12.438
0,564,25,23.854,-4.085
0,564,26,30.728,-11.842
0,565,4,24.325,-4.134
0,565,7,30.885,-11.475
0,565,12,26.633,-3.193
0,565,13,33.144,-7.273
0,565,15,24.077,-4.808
0,565,16,13.972,1.129
0,565,18,22.789,-5.128
0,565,20,29.898,0.162
0,565,21,25.5,-1.553
0,565,22,16.846,0.197
0,565,23,23.697,-0.101
0,565,24,28.174,-12.438
0,565,25,24.169,-4.121
0,565,26,30.779,-11.816
0,566,4,24.221,-4.169
0,566,7,30.902,-11.443
0,566,12,26.63,-3.243
0,566,13,33.288,-7.045
0,566,15,23.998,-4.892
0,566,16,13.896,1.162
0,566,18,22.783,-5.172
0,566,20,29.876,-0.128
0,566,21,25.503,-1.553
0,566,22,16.754,0.208
0,566,23,23.655,-0.186
0,566,24,28.195,-12.438
0,566,25,24.185,-4.127
0,566,26,30.777,-11.863
0,567,4,24.526,-4.218
0,567,7,30.907,-11.414
0,567,12,26.642,-3.226
0,567,13,33.432,-6.817
0,567,15,23.923,-4.918
0,567,16,13.851,1.173
0,567,18,22.801,-5.156
0,567,20,33.167,0.309
0,567,21,25.507,-1.556
0,567,22,16.709,0.232
0,567,23,23.658,-0.251
0,567,24,28.208,-12.443
0,567,25,24.213,-4.135
0,567,26,30.808,-11.856
0,568,4,24.578,-4.274
0,568,7,30.933,-11.411
0,568,12,26.647,-3.213
0,568,13,33.577,-6.59
0,568,15,23.896,-5.003
0,568,16,13.772,1.202
0,568,18,22.834,-5.143
0,568,20,33.965,0.289
0,568,21,25.513,-1.563
0,568,22,16.614,0.272
0,568,23,23.622,-0.315
0,568,24,28.212,-12.448
0,568,25,24.24,-4.15
0,568,26,30.802,-11.823
0,569,4,25.044,-4.402
0,569,7,30.957,-11.42
0,569,12,26.647,-3.254
0,569,13,33.801,-6.573
0,569,15,23.827,-5.124
0,569,16,13.703,1.229
0,569,18,22.835,-5.179
0,569,20,33.802,0.279
0,569,21,25.519,-1.565
0,569,22,16.53,0.281
0,569,23,23.58,-0.323
0,569,24,28.208,-12.449
0,569,25,24.266,-4.156
0,569,26,30.782,-11.866
0,570,4,25.067,-4.436
0,570,7,30.973,-11.41
0,570,12,26.609,-3.224
0,570,13,33.913,-6.516
0,570,15,23.759,-5.244
0,570,16,13.661,1.251
0,570,18,22.82,-5.159
0,570,20,33.606,0.28
0,570,21,25.509,-1.55
0,570,22,16.439,0.289
0,570,23,23.558,-0.37
0,570,24,28.185,-12.454
0,570,25,24.28,-4.162
0,570,26,30.773,-11.847
0,571,4,25.573,-4.418
0,571,7,30.98,-11.357
0,571,12,26.631,-3.19
0,571,13,34.055,-6.329
0,571,15,23.8,-5.141
0,571,16,13.583,1.302
0,571,18,22.822,-5.139
0,571,20,33.551,0.223
0,571,21,25.521,-1.561
0,571,22,16.309,0.307
0,571,23,23.519,-0.413
0,571,24,28.182,-12.461
0,571,25,24.247,-4.172
0,571,26,30.764,-11.826
0,572,4,25.72,-4.418
0,572,7,30.943,-11.172
0,572,12,26.618,-3.228
0,572,13,34.336,-6.094
0,572,15,23.745,-5.198
0,572,16,13.518,1.323
0,572,18,22.821,-5.17
0,572,20,33.496,0.219
0,572,21,25.52,-1.576
0,572,22,16.21,0.328
0,572,23,23.487,-0.416
0,572,24,28.18,-12.47
0,572,25,24.256,-4.181
0,572,26,30.757,-11.854
0,573,4,25.999,-4.454
0,573,7,30.956,-11.101
0,573,12,26.606,-3.267
0,573,13,34.557,-5.998
0,573,15,23.691,-5.254
0,573,16,13.477,1.35
0,573,18,22.808,-5.152
0,573,20,33.331,0.286
0,573,21,25.544,-1.594
0,573,22,16.141,0.343
0,573,23,23.456,-0.444
0,573,24,28.139,-12.484
0,573,25,24.266,-4.189
0,573,26,30.758,-11.869
0,574,4,25.924,-4.466
0,574,7,30.962,-11.035
0,574,12,26.586,-3.3
0,574,13,34.78,-5.938
0,574,15,23.639,-5.346
0,574,16,13.412,1.347
0,574,18,22.807,-5.154
0,574,20,33.166,0.333
0,574,21,25.55,-1.602
0,574,22,16.048,0.361
0,574,23,23.423,-0.472
0,574,24,28.143,-12.478
0,574,25,24.277,-4.196
0,574,26,30.756,-11.881
0,575,4,25.913,-4.498
0,575,7,30.949,-10.981
0,575,12,26.633,-3.265
0,575,13,35.034,-5.928
0,575,15,23.584,-5.415
0,575,16,13.324,1.383
0,575,18,22.799,-5.115
0,575,20,33.095,0.315
0,575,21,25.535,-1.599
0,575,22,16.028,0.362
0,575,23,23.434,-0.521
0,575,24,28.173,-12.471
0,575,25,24.287,-4.204
0,575,26,30.751,-11.882
0,576,4,25.942,-4.514
0,576,7,31.005,-10.961
0,576,12,26.617,-3.217
0,576,13,35.676,-6.008
0,576,15,23.531,-5.482
0,576,16,13.261,1.393
0,576,18,22.779,-5.108
0,576,20,32.952,0.423
0,576,21,25.537,-1.63
0,576,22,15.908,0.363
0,576,23,23.444,-0.56
0,576,24,28.157,-12.464
0,576,25,24.278,-4.226
0,576,26,30.738,-11.84
0,577,4,26.194,-4.597
0,577,7,30.999,-10.937
0,577,12,26.612,-3.251
0,577,13,35.966,-6.045
0,577,15,23.479,-5.548
0,577,16,13.198,1.399
0,577,18,22.769,-5.151
0,577,20,32.869,0.546
0,577,21,25.548,-1.609
0,577,22,15.826,0.385
0,577,23,23.421,-0.624
0,577,24,28.161,-12.457
0,577,25,24.285,-4.24
0,577,26,30.732,-11.856
0,578,4,26.223,-4.622
0,578,7,31.035,-10.95
0,578,12,26.624,-3.186
0,578,13,36.001,-6.045
0,578,15,23.86,-4.942
0,578,16,13.123,1.436
0,578,18,22.803,-5.148
0,578,20,32.778,0.693
0,578,21,25.531,-1.59
0,578,22,15.748,0.408
0,578,23,23.355,-0.685
0,578,24,28.102,-12.443
0,578,25,24.303,-4.262
0,578,26,30.719,-11.848
0,579,4,26.194,-4.796
0,579,7,31.109,-10.955
0,579,12,26.603,-3.125
0,579,13,36.09,-6.085
0,579,15,23.855,-4.818
0,579,16,13.0,1.47
0,579,18,22.81,-5.131
0,579,20,32.687,0.835
0,579,21,25.546,-1.617
0,579,22,15.648,0.415
0,579,23,23.297,-0.754
0,579,24,28.092,-12.433
0,579,25,24.302,-4.243
0,579,26,30.73,-11.834
0,580,4,26.219,-4.859
0,580,7,31.18,-10.978
0,580,12,26.598,-3.174
0,580,13,36.195,-6.136
0,580,15,23.912,-4.737
0,580,16,12.917,1.501
0,580,18,22.803,-5.164
0,580,20,32.608,0.951
0,580,21,25.556,-1.614
0,580,22,15.56,0.451
0,580,23,23.265,-0.783
0,580,24,28.074,-12.419
0,580,25,24.299,-4.279
0,580,26,30.716,-11.848
0,581,4,26.244,-4.922
0,581,7,31.223,-11.02
0,581,12,26.621,-3.163
0,581,13,36.319,-6.193
0,581,15,23.968,-4.668
0,581,16,12.832,1.544
0,581,18,22.819,-5.153
0,581,20,32.534,1.054
0,581,21,25.55,-1.63
0,581,22,15.47,0.488
0,581,23,23.217,-0.838
0,581,24,28.072,-12.407
0,581,25,24.259,-4.303
0,581,26,30.724,-11.827
0,582,4,26.271,-4.985
0,582,7,31.242,-11.017
0,582,12,26.595,-3.14
0,582,13,36.472,-6.261
0,582,15,24.02,-4.635
0,582,16,12.737,1.565
0,582,18,22.823,-5.135
0,582,20,32.46,1.148
0,582,21,25.501,-1.579
0,582,22,15.365,0.525
0,582,23,23.2,-0.911
0,582,24,28.107,-12.438
0,582,25,24.24,-4.268
0,582,26,30.733,-11.815
0,582,27,25.41,-1.52
0,583,4,26.33,-5.107
0,583,7,31.283,-11.126
0,583,12,26.584,-3.19
0,583,13,36.627,-6.349
0,583,15,24.073,-4.578
0,583,16,12.644,1.617
0,583,18,22.817,-5.169
0,583,20,32.381,1.242
0,583,21,25.496,-1.591
0,583,22,15.271,0.564
0,583,23,23.167,-0.959
0,583,24,28.112,-12.423
0,583,25,24.228,-4.271
0,583,26,30.73,-11.84
0,583,27,25.401,-1.514
0,584,4,26.356,-5.186
0,584,7,31.247,-11.163
0,584,12,26.608,-3.16
0,584,13,36.813,-6.364
0,584,15,23.993,-4.538
0,584,16,12.583,1.642
0,584,18,22.835,-5.16
0,584,20,32.304,1.336
0,584,21,25.46,-1.553
0,584,22,15.202,0.606
0,584,23,23.188,-1.002
0,584,24,28.1,-12.457
0,584,26,30.73,-11.862
0,584,27,25.398,-1.584
0,585,4,27.055,-5.338
0,585,7,31.229,-11.19
0,585,12,26.643,-3.188
0,585,13,37.025,-6.382
0,585,15,24.016,-4.488
0,585,16,12.497,1.672
0,585,18,22.815,-5.132
0,585,20,32.325,1.968
0,585,21,25.43,-1.541
0,585,22,15.095,0.662
0,585,23,23.178,-1.066
0,585,24,28.143,-12.483
0,585,26,30.734,-11.878
0,585,27,25.401,-1.618
0,586,4,27.202,-5.376
0,586,7,31.433,-11.277
0,586,12,26.641,-3.25
0,586,13,37.199,-6.461
0,586,15,24.038,-4.436
0,586,16,12.412,1.701
0,586,18,22.813,-5.16
0,586,20,32.483,2.171
0,586,21,25.411,-1.581
0,586,22,14.969,0.912
0,586,23,23.155,-1.138
0,586,24,28.165,-12.481
0,586,26,30.737,-11.889
0,586,27,25.399,-1.646
0,587,4,27.252,-5.437
0,587,7,31.463,-11.316
0,587,12,26.655,-3.249
0,587,13,37.369,-6.438
0,587,15,24.014,-4.513
0,587,16,12.41,1.71
0,587,18,22.843,-5.164
0,587,20,32.453,2.371
0,587,21,25.415,-1.577
0,587,22,14.892,0.976
0,587,23,23.137,-1.185
0,587,24,28.176,-12.506
0,587,26,30.72,-11.879
0,587,27,25.397,-1.671
0,588,4,27.615,-5.466
0,588,7,31.56,-11.33
0,588,12,26.662,-3.289
0,588,13,37.573,-6.453
0,588,15,24.054,-4.376
0,588,16,12.316,1.762
0,588,18,22.846,-5.136
0,588,20,32.423,2.571
0,588,21,25.407,-1.576
0,588,22,14.769,0.973
0,588,23,23.115,-1.237
0,588,24,28.168,-12.493
0,588,26,30.727,-11.878
0,588,27,25.394,-1.694
0,589,4,28.115,-5.562
0,589,7,31.598,-11.361
0,589,12,26.681,-3.312
0,589,13,37.755,-6.518
0,589,15,24.062,-4.396
0,589,16,12.242,1.798
0,589,18,22.839,-5.171
0,589,20,32.393,2.772
0,589,21,25.398,-1.567
0,589,22,14.668,0.908
0,589,23,23.093,-1.29
0,589,24,28.187,-12.482
0,589,26,30.722,-11.887
0,589,27,25.389,-1.719
0,590,4,28.663,-5.664
0,590,7,31.744,-11.238
0,590,12,26.651,-3.264
0,590,13,37.951,-6.608
0,590,15,24.056,-4.399
0,590,16,12.197,1.837
0,590,18,22.85,-5.164
0,590,20,32.362,2.971
0,590,21,25.503,-1.612
0,590,22,14.575,0.891
0,590,23,23.136,-1.347
0,590,24,28.176,-12.491
0,590,26,30.716,-11.866
0,590,27,25.449,-1.317
0,591,4,29.356,-5.804
0,591,7,31.853,-11.152
0,591,12,26.649,-3.229
0,591,13,38.059,-6.564
0,591,15,24.079,-4.419
0,591,16,12.102,1.874
0,591,18,22.83,-5.148
0,591,20,32.332,3.172
0,591,21,25.509,-1.62
0,591,22,14.459,0.875
0,591,23,23.118,-1.412
0,591,24,28.194,-12.48
0,591,26,30.718,-11.838
0,591,27,25.424,-1.387
0,592,4,29.818,-5.893
0,592,7,32.345,-11.306
0,592,12,26.652,-3.262
0,592,13,38.26,-6.642
0,592,15,24.104,-4.428
0,592,16,12.03,1.906
0,592,18,22.816,-5.183
0,592,20,32.303,3.374
0,592,21,25.502,-1.428
0,592,22,14.352,0.861
0,592,23,23.109,-1.471
0,592,24,28.212,-12.473
0,592,26,30.714,-11.861
0,592,27,25.416,-1.397
0,593,4,29.926,-5.923
0,593,7,32.439,-11.292
0,593,12,26.669,-3.262
0,593,13,38.443,-6.622
0,593,15,24.125,-4.442
0,593,16,11.976,1.924
0,593,18,22.833,-5.184
0,593,20,32.951,2.83
0,593,21,25.509,-1.388
0,593,22,14.267,0.88
0,593,23,23.084,-1.511
0,593,24,28.232,-12.471
0,593,26,30.702,-11.825
0,593,27,25.328,-1.309
0,594,4,30.034,-5.953
0,594,7,32.534,-11.28
0,594,12,26.623,-3.202
0,594,13,38.588,-6.62
0,594,15,24.156,-4.444
0,594,16,11.874,1.952
0,594,18,22.815,-5.159
0,594,20,32.961,2.897
0,594,21,25.517,-1.347
0,594,22,14.141,0.941
0,594,23,23.047,-1.548
0,594,24,28.21,-12.48
0,594,26,30.717,-11.831
0,594,27,25.308,-1.274
0,595,4,30.6,-6.048
0,595,7,32.632,-11.269
0,595,12,26.612,-3.242
0,595,13,38.778,-6.645
0,595,15,24.174,-4.45
0,595,16,11.796,1.984
0,595,18,22.794,-5.174
0,595,20,32.74,3.387
0,595,21,25.522,-1.373
0,595,22,14.042,0.965
0,595,23,23.024,-1.604
0,595,24,28.223,-12.472
0,595,26,30.684,-11.857
0,595,27,25.291,-1.235
0,596,4,31.076,-6.134
0,596,7,29.045,-9.3
0,596,12,26.59,-3.193
0,596,13,38.948,-6.669
0,596,15,24.18,-4.455
0,596,16,11.721,2.021
0,596,18,22.781,-5.176
0,596,20,32.656,3.568
0,596,21,25.522,-1.382
0,596,22,13.958,0.999
0,596,23,22.991,-1.651
0,596,24,28.201,-12.536
0,596,26,30.678,-11.867
0,596,27,25.289,-1.261
0,597,4,31.379,-6.19
0,597,7,29.098,-9.142
0,597,12,26.642,-3.19
0,597,13,39.12,-6.705
0,597,15,24.189,-4.464
0,597,16,11.614,2.065
0,597,18,22.783,-5.145
0,597,20,32.635,3.722
0,597,21,25.533,-1.361
0,597,22,13.856,1.049
0,597,23,22.998,-1.69
0,597,24,28.236,-12.517
0,597,26,30.76,-11.907
0,597,27,25.327,-1.3
0,598,4,31.626,-6.235
0,598,7,29.153,-8.984
0,598,12,26.633,-3.233
0,598,13,39.237,-6.731
0,598,15,24.179,-4.454
0,598,16,11.528,2.113
0,598,18,22.777,-5.155
0,598,20,32.613,3.876
0,598,21,25.525,-1.401
0,598,22,13.757,1.085
0,598,23,22.986,-1.766
0,598,24,28.261,-12.512
0,598,26,30.784,-11.921
0,598,27,25.334,-1.386
0,599,4,31.885,-6.283
0,599,7,29.208,-8.824
0,599,12,26.611,-3.206
0,599,13,39.407,-6.76
0,599,15,24.193,-4.447
0,599,16,11.494,2.131
0,599,18,22.8,-5.14
0,599,20,32.591,4.03
0,599,21,25.553,-1.453
0,599,22,13.705,1.118
0,599,23,22.975,-1.806
0,599,24,28.229,-12.51
0,599,26,30.847,-11.939
0,599,27,25.35,-1.398
0,600,4,32.216,-6.345
0,600,7,29.262,-8.664
0,600,12,26.652,-3.237
0,600,13,39.582,-6.791
0,600,15,24.208,-4.462
0,600,16,11.424,2.16
0,600,18,22.802,-5.162
0,600,20,32.568,4.184
0,600,21,25.556,-1.486
0,600,22,13.6,1.169
0,600,23,22.96,-1.816
0,600,24,28.179,-12.508
0,600,26,30.822,-11.914
0,600,27,25.356,-1.411
0,601,4,32.779,-6.463
0,601,7,29.316,-8.505
0,601,12,26.653,-3.268
0,601,13,39.746,-6.821
0,601,15,24.252,-4.477
0,601,16,11.351,2.202
0,601,18,22.808,-5.169
0,601,20,33.319,3.571
0,601,21,25.57,-1.505
0,601,22,13.514,1.198
0,601,23,22.95,-1.854
0,601,24,28.191,-12.478
0,601,26,30.829,-11.917
0,601,27,25.362,-1.422
0,602,4,33.267,-6.553
0,602,7,29.371,-8.347
0,602,12,26.656,-3.205
0,602,13,39.966,-6.853
0,602,15,24.278,-4.481
0,602,16,11.293,2.213
0,602,18,22.829,-5.147
0,602,20,33.391,3.628
0,602,21,25.474,-1.537
0,602,22,13.47,1.213
0,602,23,22.98,-1.868
0,602,24,28.181,-12.477
0,602,26,30.807,-11.86
0,602,27,25.394,-1.462
0,603,4,32.982,-6.655
0,603,7,29.426,-8.19
0,603,12,26.625,-3.123
0,603,13,40.164,-6.885
0,603,15,24.337,-4.49
0,603,16,11.186,2.24
0,603,18,22.838,-5.141
0,603,20,33.61,3.701
0,603,21,25.477,-1.549
0,603,22,13.358,1.26
0,603,23,22.964,-1.898
0,603,24,28.192,-12.465
0,603,26,30.776,-11.844
0,603,27,25.43,-1.484
0,604,4,33.487,-6.74
0,604,7,29.48,-8.034
0,604,12,26.62,-3.17
0,604,13,40.365,-6.924
0,604,15,24.354,-4.499
0,604,16,11.106,2.277
0,604,18,22.838,-5.162
0,604,20,31.929,3.421
0,604,21,25.468,-1.552
0,604,22,13.272,1.273
0,604,23,22.963,-1.965
0,604,24,28.193,-12.456
0,604,26,30.77,-11.902
0,604,27,25.444,-1.503
0,605,4,34.042,-6.82
0,605,7,29.533,-7.878
0,605,12,26.665,-3.159
0,605,13,40.549,-6.959
0,605,15,24.399,-4.511
0,605,16,11.058,2.302
0,605,18,22.831,-5.146
0,605,20,31.847,3.397
0,605,21,25.46,-1.567
0,605,22,13.196,1.28
0,605,23,22.945,-1.98
0,605,24,28.187,-12.446
0,605,26,30.72,-11.878
0,605,27,25.467,-1.504
0,606,4,34.462,-6.86
0,606,7,29.585,-7.721
0,606,12,26.672,-3.126
0,606,13,40.692,-6.987
0,606,15,24.449,-4.511
0,606,16,10.966,2.345
0,606,18,22.831,-5.165
0,606,20,31.849,3.39
0,606,21,25.452,-1.581
0,606,22,13.083,1.311
0,606,23,22.932,-2.012
0,606,24,28.216,-12.475
0,606,26,30.705,-11.88
0,606,27,25.483,-1.534
0,607,4,34.786,-6.88
0,607,7,29.64,-7.565
0,607,12,26.679,-3.112
0,607,13,40.885,-7.023
0,607,15,24.533,-4.515
0,607,16,10.891,2.374
0,607,18,22.84,-5.169
0,607,20,31.849,3.383
0,607,21,25.335,-1.933
0,607,22,12.992,1.327
0,607,23,22.926,-2.067
0,607,24,28.218,-12.467
0,607,26,30.708,-11.876
0,607,27,25.495,-1.556
0,608,4,34.95,-6.892
0,608,7,29.695,-7.407
0,608,12,26.614,-3.048
0,608,13,41.108,-7.064
0,608,15,24.596,-4.521
0,608,16,10.874,2.406
0,608,18,22.818,-5.143
0,608,20,31.849,3.374
0,608,21,25.299,-1.965
0,608,22,12.906,1.347
0,608,23,22.929,-2.095
0,608,24,28.216,-12.464
0,608,26,30.696,-11.872
0,608,27,25.488,-1.559
0,609,4,35.115,-6.904
0,609,7,29.751,-7.25
0,609,12,26.607,-3.022
0,609,13,41.313,-7.1
0,609,15,24.646,-4.525
0,609,16,10.765,2.451
0,609,18,22.815,-5.16
0,609,20,31.852,3.367
0,609,21,25.272,-2.028
0,609,22,12.801,1.385
0,609,23,22.929,-2.129
0,609,24,28.216,-12.46
0,609,26,30.683,-11.867
0,609,27,25.508,-1.574
0,610,4,36.016,-7.067
0,610,7,29.842,-6.771
0,610,12,26.601,-2.997
0,610,13,41.439,-7.15
0,610,15,24.749,-4.548
0,610,16,10.695,2.465
0,610,18,22.814,-5.163
0,610,20,31.856,3.36
0,610,21,25.246,-2.089
0,610,22,12.707,1.419
0,610,23,22.921,-2.176
0,610,24,28.208,-12.453
0,610,26,30.67,-11.863
0,610,27,25.522,-1.582
0,611,4,36.406,-7.143
0,611,7,29.871,-6.686
0,611,12,26.599,-3.058
0,611,13,41.574,-7.203
0,611,15,24.81,-4.573
0,611,16,10.672,2.497
0,611,18,22.8,-5.131
0,611,20,31.568,3.229
0,611,21,25.219,-2.151
0,611,22,12.614,1.454
0,611,23,22.917,-2.198
0,611,24,28.21,-12.448
0,611,26,30.721,-11.885
0,611,27,25.53,-1.583
0,612,4,36.716,-7.196
0,612,7,30.28,-6.703
0,612,12,26.616,-3.067
0,612,13,41.714,-7.256
0,612,15,24.998,-4.618
0,612,16,10.586,2.525
0,612,18,22.829,-5.118
0,612,21,25.323,-1.806
0,612,22,12.489,1.489
0,612,23,22.925,-2.221
0,612,24,28.209,-12.444
0,612,26,30.713,-11.886
0,612,27,25.514,-1.552
0,613,4,37.128,-7.277
0,613,7,30.812,-6.803
0,613,12,26.615,-3.062
0,613,13,41.868,-7.307
0,613,15,24.998,-4.625
0,613,16,10.52,2.537
0,613,18,22.829,-5.143
0,613,21,25.288,-1.758
0,613,22,12.383,1.532
0,613,23,22.922,-2.243
0,613,24,28.202,-12.443
0,613,26,30.72,-11.874
0,613,27,25.524,-1.555
0,614,4,37.312,-7.3
0,614,7,30.902,-6.701
0,614,12,26.585,-3.186
0,614,13,42.208,-7.305
0,614,15,25.154,-4.657
0,614,16,10.451,2.535
0,614,18,22.834,-5.176
0,614,21,25.254,-1.71
0,614,22,12.315,1.561
0,614,23,22.945,-2.261
0,614,24,28.195,-12.448
0,614,26,30.722,-11.87
0,614,27,25.508,-1.549
0,614,28,27.24,2.44
0,614,29,27.26,2.45
0,615,4,37.953,-7.428
0,615,7,30.991,-6.599
0,615,12,26.578,-3.208
0,615,13,42.429,-7.309
0,615,15,25.229,-4.656
0,615,16,10.331,2.568
0,615,18,22.86,-5.163
0,615,21,25.22,-1.661
0,615,22,12.205,1.588
0,615,23,22.932,-2.274
0,615,24,28.196,-12.455
0,615,26,30.762,-11.864
0,615,27,25.503,-1.545
0,615,28,27.183,2.374
0,615,29,27.19,2.811
0,616,4,38.425,-7.509
0,616,7,30.186,-6.136
0,616,12,26.556,-3.263
0,616,13,42.624,-7.376
0,616,15,25.427,-4.699
0,616,16,10.244,2.62
0,616,18,22.868,-5.16
0,616,21,25.187,-1.613
0,616,22,12.109,1.613
0,616,23,22.929,-2.279
0,616,24,28.201,-12.453
0,616,26,30.771,-11.878
0,616,27,25.508,-1.537
0,616,28,27.188,2.342
0,616,29,27.187,2.887
0,617,4,38.74,-7.813
0,617,7,30.246,-5.98
0,617,12,26.685,-3.226
0,617,13,42.803,-7.335
0,617,15,25.515,-4.719
0,617,16,10.148,2.612
0,617,18,22.83,-5.129
0,617,21,25.344,-1.532
0,617,22,12.064,1.621
0,617,23,22.92,-2.297
0,617,24,28.193,-12.476
0,617,26,30.746,-11.849
0,617,27,25.494,-1.516
0,617,28,27.125,2.316
0,617,29,26.759,2.811
0,618,4,39.735,-8.07
0,618,7,30.361,-5.874
0,618,12,26.687,-3.275
0,618,13,43.001,-7.382
0,618,15,25.832,-4.778
0,618,16,10.051,2.666
0,618,18,22.828,-5.109
0,618,21,25.358,-1.477
0,618,22,11.968,1.665
0,618,23,22.9,-2.341
0,618,24,28.112,-12.445
0,618,26,30.741,-11.803
0,618,27,25.467,-1.505
0,618,28,27.096,2.309
0,618,29,26.641,2.75
0,619,4,33.858,-7.067
0,619,7,30.526,-5.836
0,619,12,26.696,-3.318
0,619,13,43.255,-7.409
0,619,15,25.903,-4.793
0,619,16,9.96,2.696
0,619,18,22.823,-5.119
0,619,21,25.374,-1.422
0,619,22,11.878,1.687
0,619,23,22.891,-2.343
0,619,24,28.108,-12.43
0,619,26,30.731,-11.831
0,619,27,25.463,-1.514
0,619,28,27.086,2.293
0,619,29,26.524,2.699
0,620,4,24.741,-5.37
0,620,7,30.787,-5.868
0,620,12,26.711,-3.338
0,620,13,43.563,-7.454
0,620,15,25.974,-4.808
0,620,16,9.903,2.74
0,620,18,22.819,-5.121
0,620,21,25.39,-1.367
0,620,22,11.766,1.713
0,620,23,22.902,-2.383
0,620,24,28.087,-12.416
0,620,26,30.726,-11.842
0,620,27,25.478,-1.531
0,620,28,27.075,2.285
0,620,29,26.397,2.662
0,621,4,23.452,-5.228
0,621,7,30.863,-5.786
0,621,12,26.596,-3.273
0,621,13,43.892,-7.544
0,621,15,25.493,-4.435
0,621,16,9.79,2.784
0,621,18,22.803,-5.102
0,621,21,25.405,-1.313
0,621,22,11.635,1.719
0,621,23,22.86,-2.426
0,621,24,28.15,-12.469
0,621,26,30.718,-11.855
0,621,27,25.48,-1.525
0,621,28,27.022,2.271
0,621,29,26.39,2.604
0,622,4,25.062,-5.678
0,622,7,30.918,-5.711
0,622,12,26.586,-3.301
0,622,13,44.255,-7.608
0,622,15,25.78,-4.467
0,622,16,9.699,2.814
0,622,18,22.784,-5.112
0,622,21,25.421,-1.256
0,622,22,11.53,1.747
0,622,23,22.853,-2.395
0,622,24,28.144,-12.458
0,622,26,30.716,-11.87
0,622,27,25.481,-1.533
0,622,28,27.009,2.245
0,622,29,26.301,2.573
0,623,4,26.719,-6.105
0,623,7,30.912,-5.586
0,623,12,26.577,-3.32
0,623,13,44.636,-7.688
0,623,15,25.857,-4.423
0,623,16,9.628,2.833
0,623,18,22.789,-5.096
0,623,21,25.435,-1.201
0,623,22,11.446,1.757
0,623,23,22.859,-2.416
0,623,24,28.145,-12.444
0,623,26,30.688,-11.857
0,623,27,25.478,-1.523
0,623,28,26.607,2.172
0,623,29,26.212,2.558
0,624,4,27.177,-6.232
0,624,7,31.186,-5.596
0,624,12,26.57,-3.357
0,624,13,44.949,-7.757
0,624,15,25.76,-4.415
0,624,16,9.559,2.872
0,624,18,22.791,-5.082
0,624,21,25.439,-1.383
0,624,22,11.32,1.801
0,624,23,22.871,-2.429
0,624,24,28.143,-12.437
0,624,26,30.718,-11.847
0,624,27,25.478,-1.525
0,624,28,26.501,2.113
0,624,29,26.218,2.506
0,625,4,27.142,-6.309
0,625,7,31.361,-5.557
0,625,12,26.573,-3.217
0,625,13,45.207,-7.794
0,625,15,25.816,-4.385
0,625,16,9.486,2.897
0,625,18,22.76,-5.121
0,625,21,25.455,-1.359
0,625,22,11.208,1.839
0,625,23,22.867,-2.503
0,625,24,28.141,-12.425
0,625,26,30.711,-11.851
0,625,27,25.473,-1.526
0,625,28,26.426,2.096
0,625,29,26.149,2.504
0,626,4,25.882,-5.945
0,626,7,31.721,-5.588
0,626,12,26.57,-3.177
0,626,13,45.479,-7.844
0,626,15,25.871,-4.355
0,626,16,9.418,2.913
0,626,18,22.781,-5.131
0,626,21,25.47,-1.337
0,626,22,11.183,1.858
0,626,23,22.898,-2.499
0,626,24,28.138,-12.417
0,626,26,30.709,-11.841
0,626,27,25.511,-1.518
0,626,28,26.442,2.076
0,626,29,26.178,2.484
0,626,30,24.99,2.93
0,627,4,25.858,-5.978
0,627,7,31.824,-5.542
0,627,12,26.579,-3.29
0,627,13,45.706,-7.877
0,627,15,25.926,-4.325
0,627,16,9.33,2.953
0,627,18,22.78,-5.108
0,627,21,25.486,-1.314
0,627,22,11.101,1.893
0,627,23,22.929,-2.513
0,627,24,28.131,-12.419
0,627,26,30.742,-11.836
0,627,27,25.504,-1.509
0,627,28,26.371,2.032
0,627,29,26.161,2.428
0,627,30,24.93,2.763
0,628,4,25.833,-6.011
0,628,7,32.304,-5.671
0,628,12,26.577,-3.34
0,628,13,45.977,-7.917
0,628,15,25.98,-4.297
0,628,16,9.255,2.971
0,628,18,22.773,-5.136
0,628,21,25.501,-1.29
0,628,22,11.019,1.933
0,628,23,22.931,-2.759
0,628,24,28.144,-12.43
0,628,26,30.739,-11.863
0,628,27,25.51,-1.527
0,628,28,26.307,1.995
0,628,29,26.125,2.428
0,628,30,24.915,2.754
0,629,4,25.81,-6.042
0,629,7,32.35,-5.701
0,629,12,26.601,-3.372
0,629,13,46.287,-7.968
0,629,15,26.035,-4.268
0,629,16,9.207,2.998
0,629,18,22.793,-5.127
0,629,21,25.518,-1.266
0,629,22,10.959,1.975
0,629,23,22.943,-2.704
0,629,24,28.181,-12.493
0,629,26,30.758,-11.849
0,629,27,25.517,-1.548
0,629,28,26.199,1.931
0,629,29,26.039,2.377
0,629,30,24.87,2.624
0,630,4,25.789,-6.072
0,630,7,32.473,-5.703
0,630,12,26.612,-3.341
0,630,13,46.232,-7.951
0,630,15,26.091,-4.24
0,630,16,9.088,3.028
0,630,18,22.809,-5.104
0,630,21,25.536,-1.242
0,630,22,10.811,2.007
0,630,23,22.947,-2.743
0,630,24,28.175,-12.52
0,630,26,30.74,-11.834
0,630,27,25.496,-1.543
0,630,28,26.114,1.901
0,630,29,25.985,2.345
0,630,30,24.585,2.531
0,631,4,25.766,-6.102
0,631,7,32.613,-5.764
0,631,12,26.619,-3.346
0,631,13,46.687,-8.035
0,631,15,24.094,-3.183
0,631,16,8.997,3.072
0,631,18,22.814,-5.138
0,631,21,25.553,-1.218
0,631,22,10.713,2.036
0,631,23,22.947,-2.668
0,631,24,28.197,-12.499
0,631,26,30.727,-11.856
0,631,27,25.496,-1.551
0,631,28,26.025,1.861
0,631,29,25.931,2.316
0,631,30,24.487,2.495
0,632,4,25.743,-6.131
0,632,7,33.271,-5.795
0,632,12,26.635,-3.31
0,632,13,47.1,-8.095
0,632,15,24.094,-3.034
0,632,16,8.907,3.1
0,632,18,22.829,-5.157
0,632,21,25.57,-1.195
0,632,22,10.645,2.043
0,632,23,22.951,-2.69
0,632,24,28.167,-12.501
0,632,26,30.723,-11.859
0,632,27,25.519,-1.567
0,632,28,25.919,1.818
0,632,29,25.887,2.315
0,632,30,24.421,2.44
0,633,4,25.719,-6.161
0,633,7,33.418,-5.796
0,633,12,26.643,-3.343
0,633,13,47.509,-8.157
0,633,15,24.092,-2.885
0,633,16,8.799,3.146
0,633,18,22.826,-5.135
0,633,21,25.5,-2.893
0,633,22,10.553,2.058
0,633,23,22.957,-2.7
0,633,24,28.174,-12.485
0,633,26,30.718,-11.864
0,633,27,25.5,-1.548
0,633,28,25.81,1.772
0,633,29,25.841,2.284
0,633,30,24.341,2.379
0,634,4,25.694,-6.19
0,634,7,33.92,-5.909
0,634,12,26.647,-3.349
0,634,13,47.93,-8.221
0,634,15,24.091,-2.736
0,634,16,8.705,3.177
0,634,18,22.84,-5.144
0,634,21,25.506,-3.047
0,634,22,10.468,2.076
0,634,23,22.962,-2.711
0,634,24,28.18,-12.456
0,634,26,30.714,-11.868
0,634,27,25.495,-1.552
0,634,28,25.716,1.763
0,634,29,25.781,2.286
0,634,30,24.251,2.336
0,635,4,25.669,-6.219
0,635,7,33.654,-5.694
0,635,12,26.649,-3.432
0,635,13,48.335,-8.282
0,635,15,24.091,-2.588
0,635,16,8.618,3.222
0,635,18,22.833,-5.126
0,635,21,25.51,-3.216
0,635,22,10.362,2.087
0,635,23,22.952,-2.611
0,635,24,28.178,-12.432
0,635,26,30.655,-11.85
0,635,27,25.47,-1.539
0,635,28,25.642,1.723
0,635,29,25.725,2.268
0,635,30,24.179,2.309
0,636,4,25.644,-6.247
0,636,7,33.81,-5.667
0,636,12,26.658,-3.416
0,636,13,48.75,-8.356
0,636,15,24.091,-2.441
0,636,16,8.5,3.267
0,636,18,22.818,-5.114
0,636,21,25.515,-3.378
0,636,22,10.241,2.099
0,636,23,22.957,-2.59
0,636,24,28.173,-12.412
0,636,26,30.676,-11.832
0,636,27,25.462,-1.524
0,636,28,25.58,1.699
0,636,29,25.655,2.237
0,636,30,24.092,2.23
0,637,4,25.618,-6.275
0,637,7,33.965,-5.642
0,637,12,26.666,-3.385
0,637,13,49.149,-8.423
0,637,15,24.091,-2.294
0,637,16,8.411,3.281
0,637,18,22.817,-5.131
0,637,21,25.521,-3.539
0,637,22,10.144,2.104
0,637,23,22.962,-2.587
0,637,24,28.184,-12.405
0,637,26,30.667,-11.828
0,637,27,25.446,-1.534
0,637,28,25.504,1.704
0,637,29,25.598,2.214
0,637,30,24.005,2.209
0,638,4,25.592,-6.303
0,638,7,34.121,-5.616
0,638,12,26.673,-3.384
0,638,13,49.552,-8.492
0,638,15,24.089,-2.148
0,638,16,8.3,3.338
0,638,18,22.817,-5.114
0,638,21,25.526,-3.699
0,638,22,10.039,2.122
0,638,23,22.967,-2.595
0,638,24,28.198,-12.405
0,638,26,30.652,-11.826
0,638,27,25.453,-1.531
0,638,28,25.423,1.68
0,638,29,25.543,2.191
0,638,30,23.941,2.145
0,639,4,25.566,-6.331
0,639,7,34.277,-5.592
0,639,12,26.677,-3.383
0,639,13,49.908,-8.573
0,639,15,24.088,-2.002
0,639,16,8.194,3.379
0,639,18,22.816,-5.117
0,639,21,25.53,-3.857
0,639,22,9.94,2.164
0,639,23,22.972,-2.607
0,639,24,28.206,-12.407
0,639,26,30.637,-11.83
0,639,27,25.466,-1.523
0,639,28,25.376,1.652
0,639,29,25.775,2.559
0,639,30,23.856,2.059
0,640,4,25.541,-6.358
0,640,7,34.432,-5.568
0,640,12,26.725,-3.321
0,640,13,50.455,-8.658
0,640,15,24.087,-1.854
0,640,16,8.114,3.377
0,640,18,22.815,-5.141
0,640,21,25.535,-4.015
0,640,22,9.841,2.176
0,640,23,22.979,-2.607
0,640,24,28.21,-12.409
0,640,26,30.631,-11.835
0,640,27,25.462,-1.526
0,640,28,25.302,1.637
0,640,29,25.742,2.634
0,640,30,23.772,2.043
0,641,4,25.514,-6.385
0,641,7,34.587,-5.544
0,641,12,26.799,-3.49
0,641,13,50.853,-8.725
0,641,15,24.085,-1.707
0,641,16,8.036,3.417
0,641,18,22.835,-5.136
0,641,21,25.541,-4.172
0,641,22,9.776,2.212
0,641,23,22.985,-2.607
0,641,24,28.122,-12.385
0,641,26,30.729,-11.858
0,641,27,25.484,-1.52
0,641,28,25.255,1.573
0,641,29,25.709,2.71
0,641,30,23.745,1.987
0,642,4,25.489,-6.413
0,642,7,34.741,-5.521
0,642,12,26.826,-3.528
0,642,13,51.195,-8.774
0,642,15,24.083,-1.56
0,642,16,7.991,3.432
0,642,18,22.844,-5.133
0,642,21,25.547,-4.328
0,642,22,9.696,2.259
0,642,23,22.99,-2.606
0,642,24,28.111,-12.378
0,642,26,30.746,-11.865
0,642,27,25.495,-1.547
0,642,28,25.168,1.52
0,642,29,25.675,2.786
0,642,30,23.671,1.935
0,642,31,31.63,3.96
0,643,4,17.671,-6.209
0,643,7,34.896,-5.496
0,643,12,26.889,-3.496
0,643,13,51.575,-8.828
0,643,15,24.082,-1.414
0,643,16,7.932,3.429
0,643,18,22.83,-5.186
0,643,21,25.552,-4.486
0,643,22,9.617,2.271
0,643,23,22.995,-2.607
0,643,24,28.102,-12.38
0,643,26,30.761,-11.879
0,643,27,25.499,-1.557
0,643,28,25.095,1.496
0,643,29,25.641,2.862
0,643,30,23.6,1.906
0,643,31,31.62,4.095
0,644,4,16.326,-5.783
0,644,7,35.05,-5.471
0,644,12,26.908,-3.505
0,644,13,51.864,-8.865
0,644,15,24.081,-1.266
0,644,16,7.813,3.462
0,644,18,22.802,-5.169
0,644,21,25.558,-4.646
0,644,22,9.549,2.291
0,644,23,23.0,-2.607
0,644,24,28.094,-12.383
0,644,26,30.777,-11.897
0,644,27,25.505,-1.567
0,644,28,25.033,1.453
0,644,29,25.608,2.939
0,644,30,23.509,1.839
0,644,31,31.464,4.018
0,645,4,17.567,-6.224
0,645,7,35.204,-5.445
0,645,12,26.927,-3.515
0,645,13,52.198,-8.921
0,645,15,24.08,-1.119
0,645,16,7.697,3.525
0,645,18,22.795,-5.15
0,645,21,25.564,-4.807
0,645,22,9.436,2.289
0,645,23,23.007,-2.609
0,645,24,28.094,-12.409
0,645,26,30.789,-11.909
0,645,27,25.519,-1.58
0,645,28,24.935,1.413
0,645,29,25.576,3.016
0,645,30,23.405,1.776
0,645,31,31.349,3.936
0,646,4,17.556,-6.344
0,646,7,35.36,-5.418
0,646,12,26.904,-3.399
0,646,13,52.607,-8.992
0,646,15,21.155,1.132
0,646,16,7.652,3.457
0,646,18,22.781,-5.173
0,646,21,25.57,-4.966
0,646,22,9.351,2.295
0,646,23,23.015,-2.609
0,646,24,28.088,-12.403
0,646,26,30.807,-11.918
0,646,27,25.527,-1.585
0,646,28,24.853,1.37
0,646,29,25.542,3.094
0,646,30,23.315,1.72
0,646,31,31.25,3.971
0,647,4,17.587,-6.318
0,647,7,35.516,-5.391
0,647,12,26.923,-3.387
0,647,13,52.808,-9.023
0,647,15,21.044,1.451
0,647,16,7.582,3.511
0,647,18,22.791,-5.16
0,647,21,25.575,-5.127
0,647,22,9.266,2.31
0,647,23,23.023,-2.611
0,647,24,28.178,-12.457
0,647,26,30.828,-11.922
0,647,27,25.525,-1.569
0,647,28,24.813,1.329
0,647,29,25.509,3.17
0,647,30,23.241,1.67
0,647,31,31.112,3.94
0,648,4,17.59,-6.38
0,648,7,35.673,-5.366
0,648,12,26.942,-3.375
0,648,13,53.088,-9.072
0,648,15,24.415,1.778
0,648,16,7.469,3.605
0,648,18,22.817,-5.14
0,648,21,25.58,-5.288
0,648,22,9.163,2.318
0,648,23,23.032,-2.613
0,648,24,28.19,-12.472
0,648,26,30.831,-11.913
0,648,27,25.515,-1.543
0,648,28,24.729,1.275
0,648,29,25.476,3.248
0,648,30,23.142,1.619
0,648,31,30.897,3.87
0,649,4,17.582,-6.308
0,649,7,35.829,-5.342
0,649,12,26.988,-3.33
0,649,13,53.383,-9.125
0,649,15,24.436,2.089
0,649,16,7.381,3.652
0,649,18,22.808,-5.165
0,649,21,25.418,-5.782
0,649,22,9.08,2.323
0,649,23,23.04,-2.617
0,649,24,28.2,-12.47
0,649,26,30.854,-11.915
0,649,27,25.514,-1.553
0,649,28,24.657,1.267
0,649,29,25.444,3.326
0,649,30,23.041,1.624
0,649,31,30.798,3.88
0,650,4,17.59,-6.31
0,650,7,35.983,-5.32
0,650,12,27.01,-3.313
0,650,13,53.724,-9.185
0,650,15,24.314,2.313
0,650,16,7.329,3.693
0,650,18,22.803,-5.183
0,650,21,25.454,-5.886
0,650,22,8.993,2.312
0,650,24,28.207,-12.475
0,650,26,30.698,-11.836
0,650,27,25.495,-1.515
0,650,28,24.6,1.219
0,650,29,25.413,3.404
0,650,30,22.964,1.588
0,650,31,30.686,3.873
0,651,4,17.597,-6.311
0,651,7,36.136,-5.298
0,651,12,27.078,-3.315
0,651,13,54.123,-9.255
0,651,15,24.279,2.501
0,651,16,7.256,3.75
0,651,18,22.818,-5.166
0,651,21,25.575,-5.978
0,651,22,8.895,2.328
0,651,24,28.523,-12.457
0,651,26,30.728,-11.825
0,651,27,25.473,-1.519
0,651,28,24.535,1.211
0,651,29,24.592,2.196
0,651,30,22.854,1.546
0,651,31,30.532,3.802
0,652,4,17.603,-6.312
0,652,7,36.29,-5.276
0,652,12,27.145,-3.293
0,652,13,54.99,-9.406
0,652,15,24.307,2.87
0,652,16,7.18,3.802
0,652,18,22.823,-5.181
0,652,21,25.578,-6.119
0,652,22,8.806,2.337
0,652,24,28.545,-12.539
0,652,26,30.713,-11.841
0,652,27,25.464,-1.526
0,652,28,24.465,1.238
0,652,29,24.77,1.961
0,652,30,22.757,1.536
0,652,31,30.413,3.783
0,653,4,17.611,-6.314
0,653,7,36.442,-5.253
0,653,12,27.094,-3.471
0,653,13,55.057,-9.381
0,653,15,24.284,3.104
0,653,16,7.087,3.803
0,653,18,22.801,-5.154
0,653,21,25.524,-6.035
0,653,22,8.721,2.366
0,653,24,28.319,-12.507
0,653,26,30.73,-11.825
0,653,27,25.466,-1.539
0,653,28,24.36,1.206
0,653,29,24.677,1.895
0,653,30,22.658,1.52
0,653,31,30.328,3.731
0,654,4,17.618,-6.317
0,654,7,36.595,-5.23
0,654,12,27.124,-3.531
0,654,13,55.271,-9.385
0,654,15,24.322,3.201
0,654,16,6.936,3.825
0,654,18,22.826,-5.125
0,654,21,25.38,-5.946
0,654,22,8.626,2.375
0,654,24,28.316,-12.526
0,654,26,30.726,-11.803
0,654,27,25.471,-1.52
0,654,28,24.268,1.173
0,654,29,24.594,1.769
0,654,30,22.569,1.468
0,654,31,30.209,3.666
0,655,4,17.627,-6.319
0,655,7,36.748,-5.209
0,655,12,27.108,-3.517
0,655,13,55.636,-9.461
0,655,15,24.332,3.412
0,655,16,6.835,3.855
0,655,18,22.836,-5.127
0,655,21,25.33,-5.866
0,655,22,8.538,2.386
0,655,24,28.329,-12.528
0,655,26,30.709,-11.838
0,655,27,25.468,-1.53
0,655,28,24.187,1.191
0,655,29,24.506,1.704
0,655,30,22.474,1.442
0,655,31,30.077,3.687
0,656,4,17.635,-6.321
0,656,7,38.101,-4.45
0,656,12,27.108,-3.551
0,656,13,56.545,-9.604
0,656,15,24.342,3.621
0,656,16,6.837,3.878
0,656,18,22.836,-5.098
0,656,21,25.318,-5.788
0,656,22,8.451,2.375
0,656,24,28.339,-12.538
0,656,26,30.701,-11.856
0,656,27,25.493,-1.561
0,656,28,24.175,1.219
0,656,29,24.264,1.666
0,656,30,22.428,1.397
0,656,31,29.974,3.64
0,656,32,23.89,-4.66
0,657,4,17.644,-6.322
0,657,7,40.299,-5.055
0,657,12,27.129,-3.577
0,657,13,57.095,-9.698
0,657,15,24.352,3.832
0,657,16,6.765,3.9
0,657,18,22.827,-5.094
0,657,21,25.315,-5.743
0,657,22,8.341,2.399
0,657,24,28.344,-12.537
0,657,26,30.695,-11.859
0,657,27,25.483,-1.565
0,657,28,24.11,1.201
0,657,29,24.123,1.659
0,657,30,22.35,1.347
0,657,31,29.862,3.589
0,657,32,23.878,-4.677
0,658,4,17.652,-6.325
0,658,7,40.506,-5.031
0,658,12,27.148,-3.603
0,658,13,57.638,-9.825
0,658,15,24.36,4.042
0,658,16,6.692,3.927
0,658,18,22.832,-5.072
0,658,21,25.322,-5.728
0,658,22,8.243,2.417
0,658,24,28.343,-12.538
0,658,26,30.698,-11.863
0,658,27,25.48,-1.57
0,658,28,24.054,1.17
0,658,29,23.991,1.602
0,658,30,22.26,1.334
0,658,31,29.761,3.516
0,658,32,23.874,-4.683
0,659,4,17.658,-6.326
0,659,7,40.769,-5.163
0,659,12,27.21,-3.534
0,659,13,57.972,-9.828
0,659,15,24.369,4.252
0,659,16,6.62,3.925
0,659,18,22.836,-5.078
0,659,21,25.326,-5.717
0,659,22,8.145,2.435
0,659,24,28.169,-12.484
0,659,26,30.732,-11.881
0,659,27,25.46,-1.552
0,659,28,24.018,1.136
0,659,29,23.882,1.612
0,659,30,22.233,1.302
0,659,31,29.657,3.455
0,659,32,23.846,-4.69
0,660,4,17.804,-6.284
0,660,7,40.282,-4.972
0,660,12,27.339,-3.58
0,660,13,58.335,-9.88
0,660,15,24.379,4.463
0,660,16,6.513,3.954
0,660,18,22.826,-5.076
0,660,21,25.32,-5.726
0,660,22,8.041,2.481
0,660,24,28.069,-12.491
0,660,26,30.74,-11.852
0,660,27,25.454,-1.551
0,660,28,23.938,1.357
0,660,29,23.758,1.567
0,660,30,22.135,1.24
0,660,31,29.554,3.402
0,660,32,23.84,-4.686
0,661,4,17.827,-6.283
0,661,7,40.503,-4.963
0,661,12,27.486,-3.565
0,661,13,58.617,-9.888
0,661,15,24.388,4.673
0,661,16,6.426,3.976
0,661,18,22.825,-5.07
0,661,21,25.316,-5.744
0,661,22,7.951,2.498
0,661,24,28.057,-12.452
0,661,26,30.732,-11.867
0,661,27,25.45,-1.546
0,661,28,23.878,1.449
0,661,29,23.639,1.578
0,661,30,22.059,1.172
0,661,31,29.457,3.34
0,661,32,23.829,-4.669
0,662,4,17.851,-6.28
0,662,7,40.883,-4.932
0,662,12,27.551,-3.525
0,662,13,58.897,-9.924
0,662,15,24.398,4.883
0,662,16,6.279,3.962
0,662,18,22.812,-5.078
0,662,21,25.313,-5.743
0,662,22,7.864,2.514
0,662,24,28.042,-12.435
0,662,26,30.745,-11.855
0,662,27,25.493,-1.543
0,662,28,23.849,1.376
0,662,29,23.555,1.558
0,662,30,21.975,1.139
0,662,31,29.363,3.257
0,662,32,23.823,-4.657
0,663,4,17.874,-6.279
0,663,7,40.926,-4.966
0,663,12,27.739,-3.612
0,663,13,58.96,-9.962
0,663,15,24.41,5.092
0,663,16,6.162,3.971
0,663,18,22.79,-5.138
0,663,21,25.336,-5.757
0,663,22,7.748,2.522
0,663,24,28.02,-12.417
0,663,26,30.741,-11.863
0,663,27,25.492,-1.53
0,663,28,23.804,1.394
0,663,29,23.441,1.575
0,663,30,21.834,1.086
0,663,31,29.254,3.2
0,663,32,23.933,-4.644
0,664,4,18.048,-6.323
0,664,7,41.15,-4.928
0,664,12,27.792,-3.622
0,664,13,59.288,-10.015
0,664,15,24.42,5.301
0,664,16,6.051,3.98
0,664,18,22.784,-5.151
0,664,21,25.351,-5.771
0,664,22,7.656,2.515
0,664,24,28.002,-12.397
0,664,26,30.732,-11.87
0,664,27,25.495,-1.53
0,664,28,23.763,1.356
0,664,29,23.331,1.569
0,664,30,21.741,1.051
0,664,31,29.144,3.147
0,664,32,23.941,-4.663
0,665,4,18.089,-6.328
0,665,7,41.46,-4.965
0,665,12,27.928,-3.678
0,665,13,59.385,-10.088
0,665,15,24.429,5.511
0,665,16,6.005,3.992
0,665,18,22.793,-5.134
0,665,21,25.37,-5.771
0,665,22,7.558,2.525
0,665,24,28.103,-12.464
0,665,26,30.723,-11.841
0,665,27,25.493,-1.511
0,665,28,23.719,1.392
0,665,29,23.201,1.562
0,665,30,21.649,1.002
0,665,31,29.009,3.085
0,665,32,23.948,-4.674
0,666,4,18.007,-6.485
0,666,7,41.937,-5.051
0,666,12,28.115,-3.712
0,666,13,59.652,-10.158
0,666,15,24.437,5.722
0,666,16,5.918,4.024
0,666,18,22.788,-5.162
0,666,21,25.384,-5.777
0,666,22,7.427,2.536
0,666,24,28.11,-12.45
0,666,26,30.716,-11.854
0,666,27,25.492,-1.543
0,666,28,23.675,1.321
0,666,29,23.235,1.511
0,666,30,21.534,0.969
0,666,31,28.869,3.014
0,666,32,23.896,-4.632
0,667,4,18.118,-6.496
0,667,7,42.147,-5.086
0,667,12,28.179,-3.729
0,667,13,59.968,-10.228
0,667,15,24.444,5.933
0,667,16,5.831,4.041
0,667,18,22.788,-5.171
0,667,21,25.442,-5.793
0,667,22,7.325,2.54
0,667,24,28.114,-12.444
0,667,26,30.712,-11.861
0,667,27,25.496,-1.544
0,667,28,23.629,1.309
0,667,29,23.141,1.488
0,667,30,21.441,0.922
0,667,31,28.745,2.979
0,667,32,23.895,-4.621
0,668,4,18.471,-6.556
0,668,7,42.374,-5.067
0,668,12,28.342,-3.756
0,668,13,60.357,-10.297
0,668,15,24.452,6.144
0,668,16,5.777,4.078
0,668,18,22.805,-5.147
0,668,21,25.455,-5.797
0,668,22,7.259,2.576
0,668,24,28.118,-12.437
0,668,26,30.712,-11.868
0,668,27,25.48,-1.549
0,668,28,23.579,1.248
0,668,29,23.105,1.463
0,668,30,21.367,0.927
0,668,31,28.636,2.914
0,668,32,23.897,-4.64
0,669,4,18.373,-6.539
0,669,7,42.677,-5.353
0,669,12,28.437,-3.776
0,669,13,60.514,-10.324
0,669,15,24.461,6.356
0,669,16,5.682,4.093
0,669,18,22.81,-5.121
0,669,21,25.464,-5.791
0,669,22,7.168,2.593
0,669,24,28.152,-12.441
0,669,26,30.705,-11.877
0,669,27,25.506,-1.555
0,669,28,23.51,1.194
0,669,29,23.033,1.493
0,669,30,21.246,0.876
0,669,31,28.495,2.828
0,669,32,23.858,-4.814
0,670,4,18.373,-6.564
0,670,7,43.061,-5.399
0,670,12,28.506,-3.794
0,670,13,60.829,-10.39
0,670,15,24.47,6.566
0,670,16,5.601,4.112
0,670,18,22.81,-5.114
0,670,21,25.477,-5.8
0,670,22,7.079,2.599
0,670,24,28.169,-12.423
0,670,26,30.704,-11.875
0,670,27,25.511,-1.565
0,670,28,23.439,1.11
0,670,29,22.949,1.479
0,670,30,21.047,1.135
0,670,31,28.357,2.84
0,670,32,23.876,-4.816
0,671,4,18.246,-6.602
0,671,7,43.292,-5.452
0,671,12,28.572,-3.813
0,671,13,61.143,-10.456
0,671,15,24.477,6.776
0,671,16,5.465,4.1
0,671,18,22.811,-5.104
0,671,21,25.487,-5.806
0,671,22,6.992,2.617
0,671,24,28.157,-12.443
0,671,26,30.71,-11.866
0,671,27,25.5,-1.551
0,671,28,23.39,1.062
0,671,29,22.865,1.463
0,671,30,20.955,1.15
0,671,31,28.246,2.774
0,671,32,23.899,-4.789
0,672,4,18.396,-6.654
0,672,7,43.11,-5.534
0,672,12,28.639,-3.833
0,672,13,61.697,-10.56
0,672,15,24.484,6.986
0,672,16,5.401,4.126
0,672,18,22.832,-5.116
0,672,21,25.496,-5.811
0,672,22,6.886,2.648
0,672,24,28.171,-12.423
0,672,26,30.708,-11.835
0,672,27,25.481,-1.517
0,672,28,23.342,1.014
0,672,29,22.813,1.408
0,672,30,20.915,1.117
0,672,31,28.136,2.711
0,672,32,23.931,-4.754
0,673,4,18.505,-6.685
0,673,7,43.738,-5.599
0,673,12,28.706,-3.853
0,673,13,62.285,-10.687
0,673,15,24.491,7.195
0,673,16,5.314,4.142
0,673,18,22.836,-5.114
0,673,21,25.515,-5.813
0,673,22,6.799,2.661
0,673,24,28.18,-12.418
0,673,26,30.71,-11.84
0,673,27,25.486,-1.537
0,673,28,23.208,1.304
0,673,29,22.733,1.382
0,673,30,20.72,1.254
0,673,31,28.004,2.704
0,673,32,23.965,-4.725
0,674,4,18.598,-6.75
0,674,7,43.971,-5.675
0,674,12,28.772,-3.874
0,674,13,63.064,-10.809
0,674,15,24.497,7.405
0,674,16,5.291,4.171
0,674,18,22.831,-5.097
0,674,21,25.522,-5.818
0,674,22,6.707,2.683
0,674,24,28.185,-12.415
0,674,26,30.706,-11.84
0,674,27,25.49,-1.506
0,674,28,22.737,1.3
0,674,30,20.707,1.259
0,674,31,27.892,2.628
0,674,32,23.964,-4.697
0,675,4,18.707,-6.809
0,675,7,44.432,-5.769
0,675,12,28.839,-3.894
0,675,13,63.498,-10.861
0,675,15,24.502,7.613
0,675,16,5.186,4.154
0,675,18,22.823,-5.105
0,675,21,25.529,-5.824
0,675,22,6.565,2.689
0,675,24,28.189,-12.412
0,675,26,30.728,-11.824
0,675,27,25.491,-1.498
0,675,28,22.647,1.325
0,675,30,20.592,1.214
0,675,31,27.758,2.546
0,675,32,23.875,-4.626
0,676,4,18.814,-6.861
0,676,7,44.854,-5.808
0,676,12,28.902,-3.913
0,676,13,63.83,-10.921
0,676,15,24.508,7.822
0,676,16,5.11,4.158
0,676,18,22.825,-5.104
0,676,21,25.669,-5.846
0,676,22,6.46,2.688
0,676,24,28.197,-12.407
0,676,26,30.726,-11.846
0,676,27,25.492,-1.532
0,676,28,22.543,1.322
0,676,30,20.468,1.203
0,676,31,27.64,2.514
0,676,32,23.873,-4.636
0,677,4,18.846,-6.79
0,677,7,45.346,-5.91
0,677,12,26.564,-3.387
0,677,13,64.24,-10.974
0,677,15,24.513,8.03
0,677,16,5.037,4.112
0,677,18,22.821,-5.108
0,677,21,25.684,-5.851
0,677,22,6.401,2.696
0,677,24,28.166,-12.407
0,677,26,30.738,-11.844
0,677,27,25.491,-1.519
0,677,28,22.435,1.293
0,677,30,20.376,1.079
0,677,31,27.566,2.481
0,677,32,23.87,-4.65
0,677,33,20.53,0.58
0,678,4,18.906,-6.789
0,678,7,45.614,-5.969
0,678,12,26.543,-3.367
0,678,13,64.575,-11.029
0,678,15,24.519,8.239
0,678,16,4.912,4.057
0,678,18,22.818,-5.1
0,678,21,25.699,-5.856
0,678,22,6.253,2.719
0,678,24,28.215,-12.455
0,678,26,30.742,-11.867
0,678,27,25.49,-1.517
0,678,28,22.328,1.253
0,678,30,20.153,0.91
0,678,31,27.432,2.448
0,678,32,23.862,-4.659
0,678,33,20.423,0.58
0,678,34,35.74,3.66
0,679,4,18.966,-6.788
0,679,7,45.88,-6.03
0,679,12,26.55,-3.296
0,679,13,65.043,-11.123
0,679,15,24.526,8.448
0,679,16,4.82,4.031
0,679,18,22.818,-5.102
0,679,21,25.818,-5.878
0,679,22,6.162,2.684
0,679,24,28.227,-12.456
0,679,26,30.743,-11.891
0,679,27,25.49,-1.553
0,679,28,22.194,1.026
0,679,30,19.976,0.775
0,679,31,27.315,2.412
0,679,32,23.859,-4.672
0,679,33,20.392,0.599
0,679,34,35.764,3.746
0,680,4,19.027,-6.787
0,680,7,46.147,-6.09
0,680,12,26.527,-3.269
0,680,13,65.871,-11.275
0,680,15,24.532,8.656
0,680,16,4.812,4.047
0,680,18,22.831,-5.112
0,680,21,25.838,-5.883
0,680,22,6.032,2.697
0,680,24,28.24,-12.467
0,680,26,30.747,-11.903
0,680,27,25.475,-1.548
0,680,28,22.146,0.983
0,680,30,19.84,0.678
0,680,31,27.234,2.376
0,680,32,23.857,-4.67
0,680,33,20.252,0.584
0,680,34,35.601,3.689
0,681,4,19.089,-6.785
0,681,7,47.517,-6.196
0,681,12,26.504,-3.243
0,681,13,66.198,-11.326
0,681,15,24.538,8.864
0,681,16,4.747,4.037
0,681,18,22.818,-5.13
0,681,21,25.859,-5.885
0,681,22,5.864,2.72
0,681,24,28.253,-12.469
0,681,26,30.759,-11.909
0,681,27,25.487,-1.599
0,681,28,22.056,0.943
0,681,30,19.705,0.58
0,681,31,27.089,2.328
0,681,32,23.819,-4.215
0,681,33,20.109,0.529
0,681,34,35.491,3.641
0,682,4,19.637,-7.096
0,682,7,48.403,-6.313
0,682,12,26.538,-3.226
0,682,13,66.54,-11.368
0,682,15,24.541,9.073
0,682,16,4.683,4.027
0,682,18,22.935,-4.724
0,682,21,26.054,-5.913
0,682,22,5.732,2.731
0,682,24,28.266,-12.469
0,682,26,30.768,-11.907
0,682,27,25.487,-1.607
0,682,28,21.981,0.801
0,682,30,19.569,0.483
0,682,31,26.973,2.33
0,682,32,23.712,-4.067
0,682,33,20.013,0.497
0,682,34,35.425,3.695
0,683,4,19.786,-7.147
0,683,7,48.865,-6.403
0,683,12,26.544,-3.164
0,683,13,67.049,-11.433
0,683,15,24.546,9.282
0,683,16,4.619,4.017
0,683,18,22.979,-4.619
0,683,21,26.259,-5.96
0,683,22,5.688,2.775
0,683,24,28.275,-12.479
0,683,26,30.781,-11.916
0,683,27,25.516,-1.598
0,683,28,21.995,0.816
0,683,30,19.416,0.419
0,683,31,26.885,2.299
0,683,32,23.775,-4.022
0,683,33,19.925,0.475
0,683,34,35.33,3.658
0,684,4,19.99,-7.242
0,684,7,49.366,-6.488
0,684,12,26.553,-3.146
0,684,13,67.308,-11.468
0,684,15,24.55,9.493
0,684,16,4.554,4.006
0,684,18,23.03,-4.52
0,684,21,26.293,-5.967
0,684,22,5.595,2.8
0,684,24,28.277,-12.477
0,684,26,30.764,-11.842
0,684,27,25.497,-1.581
0,684,28,21.943,0.678
0,684,30,19.431,0.743
0,684,31,26.763,2.253
0,684,32,24.037,-4.06
0,684,33,19.838,0.422
0,684,34,35.263,3.679
0,685,4,20.055,-7.294
0,685,7,49.878,-6.567
0,685,12,26.545,-3.139
0,685,13,67.771,-11.527
0,685,15,24.555,9.705
0,685,16,4.489,3.996
0,685,18,23.132,-4.461
0,685,21,26.418,-6.003
0,685,22,5.491,2.82
0,685,24,28.292,-12.494
0,685,26,30.761,-11.838
0,685,27,25.496,-1.585
0,685,28,21.879,0.539
0,685,30,19.318,0.828
0,685,31,26.652,2.237
0,685,32,24.296,-4.101
0,685,33,19.747,0.391
0,685,34,35.191,3.683
0,686,4,20.238,-7.356
0,686,7,50.514,-6.626
0,686,12,26.525,-3.143
0,686,13,68.146,-11.577
0,686,15,24.559,9.916
0,686,16,4.424,3.986
0,686,18,23.276,-4.463
0,686,21,26.457,-6.013
0,686,22,5.472,2.827
0,686,24,28.309,-12.513
0,686,26,30.753,-11.813
0,686,27,25.505,-1.582
0,686,28,21.818,0.441
0,686,30,19.191,0.839
0,686,31,26.538,2.17
0,686,32,24.589,-4.161
0,686,33,19.671,0.363
0,686,34,35.126,3.666
0,687,4,20.317,-7.392
0,687,7,51.133,-6.715
0,687,12,26.536,-3.11
0,687,13,68.685,-11.659
0,687,15,24.563,10.127
0,687,16,4.36,3.977
0,687,18,23.42,-4.489
0,687,21,26.609,-6.048
0,687,22,5.329,2.829
0,687,24,28.152,-12.469
0,687,26,30.731,-11.784
0,687,27,25.503,-1.545
0,687,28,21.758,0.343
0,687,30,19.039,0.822
0,687,31,26.422,2.111
0,687,32,24.816,-4.22
0,687,33,19.57,0.306
0,687,34,34.958,3.63
0,688,4,20.397,-7.428
0,688,7,51.471,-6.763
0,688,12,26.519,-3.135
0,688,13,69.11,-11.756
0,688,15,24.569,10.337
0,688,16,4.296,3.966
0,688,18,23.514,-4.524
0,688,21,26.732,-6.087
0,688,22,5.232,2.842
0,688,24,28.15,-12.47
0,688,26,30.719,-11.786
0,688,27,25.503,-1.543
0,688,28,21.697,0.244
0,688,30,18.91,0.829
0,688,31,26.313,2.058
0,688,32,24.96,-4.277
0,688,33,19.472,0.28
0,688,34,34.89,3.604
0,689,4,20.637,-7.531
0,689,7,52.363,-6.884
0,689,12,26.508,-3.114
0,689,13,69.621,-11.865
0,689,15,24.577,10.548
0,689,16,4.233,3.956
0,689,18,23.591,-4.562
0,689,21,26.77,-6.105
0,689,22,5.143,2.846
0,689,24,28.148,-12.476
0,689,26,30.759,-11.785
0,689,27,25.507,-1.524
0,689,28,21.563,0.624
0,689,30,18.84,0.749
0,689,31,26.221,2.018
0,689,32,25.023,-4.319
0,689,33,19.393,0.224
0,689,34,34.786,3.562
0,690,4,20.802,-7.602
0,690,7,53.378,-6.973
0,690,12,26.483,-3.098
0,690,13,70.376,-11.986
0,690,15,24.586,10.758
0,690,16,4.169,3.947
0,690,18,23.646,-4.598
0,690,21,26.787,-6.114
0,690,22,5.017,2.838
0,690,24,28.148,-12.487
0,690,26,30.748,-11.801
0,690,27,25.497,-1.535
0,690,28,21.443,0.614
0,690,30,19.212,0.613
0,690,31,26.106,1.959
0,690,32,25.112,-4.335
0,690,33,19.318,0.197
0,690,34,34.652,3.494
0,691,4,20.889,-7.645
0,691,7,53.739,-7.015
0,691,12,26.463,-3.124
0,691,13,70.761,-12.082
0,691,15,24.594,10.969
0,691,16,4.107,3.937
0,691,18,23.7,-4.613
0,691,21,26.817,-6.12
0,691,22,4.913,2.844
0,691,24,28.169,-12.491
0,691,26,30.736,-11.811
0,691,27,25.495,-1.539
0,691,28,21.375,0.684
0,691,30,19.122,0.596
0,691,31,26.0,1.912
0,691,32,25.188,-4.388
0,691,33,19.23,0.147
0,691,34,34.558,3.486
0,692,4,20.975,-7.688
0,692,7,54.827,-7.168
0,692,12,26.444,-3.162
0,692,13,71.687,-12.214
0,692,15,24.599,11.179
0,692,16,4.045,3.927
0,692,18,23.778,-4.639
0,692,21,26.853,-6.134
0,692,22,4.836,2.853
0,692,24,28.172,-12.499
0,692,26,30.719,-11.816
0,692,27,25.485,-1.514
0,692,28,21.314,0.698
0,692,30,19.046,0.547
0,692,31,25.915,1.874
0,692,32,25.29,-4.441
0,692,33,19.189,0.1
0,692,34,34.48,3.436
0,693,4,21.06,-7.732
0,693,7,55.422,-7.248
0,693,12,26.427,-3.166
0,693,13,71.993,-12.284
0,693,15,24.604,11.39
0,693,16,3.983,3.915
0,693,18,23.767,-4.79
0,693,21,26.944,-6.131
0,693,22,4.691,2.82
0,693,24,28.171,-12.503
0,693,26,30.787,-11.828
0,693,27,25.482,-1.517
0,693,28,21.239,0.627
0,693,30,19.021,0.339
0,693,31,25.814,1.799
0,693,32,25.436,-4.396
0,693,33,19.11,0.061
0,693,34,34.418,3.392
0,693,35,24.2,-4.25
0,694,4,21.145,-7.773
0,694,7,55.803,-7.296
0,694,12,26.401,-3.202
0,694,13,72.57,-12.406
0,694,15,24.609,11.6
0,694,16,3.922,3.905
0,694,18,23.797,-4.824
0,694,21,27.052,-6.15
0,694,22,4.579,2.815
0,694,24,28.17,-12.501
0,694,26,30.789,-11.836
0,694,27,25.472,-1.525
0,694,28,21.168,0.613
0,694,30,18.877,0.401
0,694,31,25.707,1.807
0,694,32,25.505,-4.444
0,694,33,19.03,0.032
0,694,34,34.332,3.394
0,694,35,24.111,-4.599
0,695,4,21.232,-7.817
0,695,7,56.143,-7.318
0,695,12,26.349,-3.208
0,695,13,73.135,-12.51
0,695,15,24.612,11.81
0,695,16,3.862,3.896
0,695,18,23.924,-4.857
0,695,21,27.119,-6.17
0,695,22,4.542,2.804
0,695,24,28.079,-12.455
0,695,26,30.757,-11.83
0,695,27,25.41,-1.468
0,695,28,21.096,0.602
0,695,30,18.839,0.262
0,695,31,25.61,1.773
0,695,32,25.571,-4.495
0,695,33,18.948,-0.055
0,695,34,34.224,3.35
0,695,35,24.101,-4.645
0,696,4,21.317,-7.86
0,696,7,56.588,-7.365
0,696,12,26.604,-3.393
0,696,13,73.823,-12.649
0,696,15,24.616,12.02
0,696,16,3.802,3.887
0,696,18,23.965,-4.877
0,696,21,27.238,-6.198
0,696,22,4.42,2.789
0,696,24,28.066,-12.453
0,696,26,30.741,-11.84
0,696,27,25.397,-1.458
0,696,28,20.992,0.563
0,696,30,18.789,0.159
0,696,31,25.527,1.71
0,696,32,25.584,-4.579
0,696,33,18.844,-0.092
0,696,34,34.117,3.314
0,696,35,24.239,-4.464
0,697,4,21.403,-7.901
0,697,7,56.639,-7.305
0,697,12,26.596,-3.431
0,697,13,74.533,-12.785
0,697,15,24.62,12.229
0,697,16,3.741,3.877
0,697,18,23.958,-4.878
0,697,21,27.382,-6.227
0,697,22,4.323,2.775
0,697,24,28.049,-12.455
0,697,26,30.735,-11.844
0,697,27,25.375,-1.47
0,697,28,20.915,0.544
0,697,30,18.726,0.077
0,697,31,25.441,1.704
0,697,32,25.658,-4.594
0,697,33,18.755,-0.114
0,697,34,34.031,3.31
0,697,35,24.215,-4.588
0,698,4,21.489,-7.942
0,698,7,57.656,-7.446
0,698,12,26.814,-3.432
0,698,13,75.495,-12.963
0,698,15,24.621,12.439
0,698,16,3.682,3.866
0,698,18,23.991,-4.877
0,698,21,27.433,-6.235
0,698,22,4.258,2.759
0,698,24,28.038,-12.45
0,698,26,30.729,-11.828
0,698,27,25.434,-1.48
0,698,28,20.824,0.512
0,698,30,18.677,0.016
0,698,31,25.328,1.649
0,698,32,25.705,-4.597
0,698,33,18.666,-0.11
0,698,34,34.009,3.289
0,698,35,24.22,-4.6
0,699,4,21.575,-7.982
0,699,7,58.664,-7.592
0,699,12,26.732,-3.457
0,699,13,76.334,-13.118
0,699,15,24.624,12.648
0,699,16,3.624,3.855
0,699,18,24.027,-4.878
0,699,21,27.486,-6.244
0,699,22,4.127,2.741
0,699,24,28.085,-12.455
0,699,26,30.753,-11.792
0,699,27,25.474,-1.491
0,699,28,20.73,0.452
0,699,30,18.526,0.127
0,699,31,25.212,1.595
0,699,32,25.799,-4.603
0,699,33,18.574,-0.115
0,699,34,33.907,3.254
0,699,35,24.214,-4.691
0,700,4,21.66,-8.023
0,700,7,59.065,-7.64
0,700,12,26.81,-3.462
0,700,13,77.046,-13.245
0,700,15,24.627,12.857
0,700,16,3.566,3.846
0,700,18,24.161,-4.905
0,700,21,27.775,-6.324
0,700,22,4.024,2.724
0,700,24,28.076,-12.477
0,700,26,30.749,-11.81
0,700,27,25.478,-1.516
0,700,28,20.653,0.452
0,700,30,18.452,0.1
0,700,31,25.105,1.579
0,700,32,25.826,-4.654
0,700,33,18.488,-0.133
0,700,34,33.824,3.267
0,700,35,24.22,-4.742
0,701,4,21.744,-8.064
0,701,7,61.037,-7.766
0,701,12,26.817,-3.476
0,701,13,77.688,-13.353
0,701,15,24.632,13.067
0,701,16,3.508,3.837
0,701,18,24.289,-4.932
0,701,21,27.803,-6.343
0,701,22,3.909,2.703
0,701,24,28.09,-12.501
0,701,26,30.723,-11.771
0,701,27,25.486,-1.514
0,701,28,20.574,0.438
0,701,30,18.376,0.074
0,701,31,25.003,1.532
0,701,32,25.926,-4.754
0,701,33,18.413,-0.129
0,701,34,33.778,3.224
0,701,35,24.243,-4.773
0,702,4,22.645,-7.915
0,702,7,61.877,-7.891
0,702,12,26.824,-3.489
0,702,13,78.252,-13.442
0,702,15,24.635,13.276
0,702,16,3.45,3.829
0,702,18,24.47,-4.966
0,702,21,27.857,-6.357
0,702,22,3.808,2.678
0,702,24,28.106,-12.545
0,702,26,30.708,-11.792
0,702,27,25.509,-1.541
0,702,28,20.476,0.419
0,702,30,18.301,0.049
0,702,31,24.895,1.472
0,702,32,26.032,-4.8
0,702,33,18.328,-0.109
0,702,34,33.671,3.181
0,702,35,24.246,-4.794
0,703,4,22.769,-7.917
0,703,7,62.494,-7.926
0,703,12,26.829,-3.504
0,703,13,78.729,-13.507
0,703,15,24.64,13.485
0,703,16,3.393,3.821
0,703,18,24.541,-4.981
0,703,21,28.165,-6.424
0,703,22,3.702,2.66
0,703,24,28.128,-12.549
0,703,26,30.697,-11.799
0,703,27,25.516,-1.554
0,703,28,20.389,0.403
0,703,31,24.79,1.414
0,703,32,26.11,-4.851
0,703,33,18.248,-0.118
0,703,34,33.581,3.208
0,703,35,24.256,-4.809
0,704,4,22.893,-7.919
0,704,7,63.136,-8.075
0,704,12,26.835,-3.519
0,704,13,79.252,-13.584
0,704,15,24.645,13.694
0,704,16,3.335,3.812
0,704,18,24.611,-5.007
0,704,21,28.224,-6.439
0,704,22,3.649,2.635
0,704,24,28.124,-12.561
0,704,26,30.687,-11.798
0,704,27,25.518,-1.553
0,704,28,20.318,0.365
0,704,31,24.654,1.358
0,704,32,26.14,-4.848
0,704,33,18.151,-0.116
0,704,34,33.484,3.193
0,704,35,24.28,-4.814
0,705,4,23.017,-7.919
0,705,7,63.011,-8.098
0,705,12,27.243,-3.407
0,705,13,79.742,-13.668
0,705,15,24.652,13.903
0,705,16,3.276,3.803
0,705,18,24.773,-5.044
0,705,21,28.281,-6.452
0,705,22,3.51,2.572
0,705,24,28.139,-12.563
0,705,26,30.721,-11.807
0,705,27,25.499,-1.553
0,705,28,20.229,0.341
0,705,31,24.552,1.273
0,705,32,26.249,-4.893
0,705,33,18.03,-0.116
0,705,34,33.354,3.147
0,705,35,24.306,-4.821
0,706,4,23.14,-7.921
0,706,7,63.648,-8.207
0,706,12,27.353,-3.326
0,706,13,80.032,-13.729
0,706,15,24.659,14.112
0,706,16,3.217,3.792
0,706,18,24.861,-5.059
0,706,21,28.728,-6.547
0,706,22,3.405,2.537
0,706,24,28.167,-12.543
0,706,26,30.717,-11.815
0,706,27,25.501,-1.568
0,706,28,20.151,0.318
0,706,31,24.444,1.212
0,706,32,26.327,-4.93
0,706,33,17.931,-0.129
0,706,34,33.26,3.151
0,706,35,24.353,-4.816
0,707,4,23.265,-7.923
0,707,7,64.362,-8.32
0,707,12,27.424,-3.32
0,707,13,80.881,-13.808
0,707,15,24.665,14.321
0,707,16,3.158,3.782
0,707,18,24.952,-5.074
0,707,21,28.933,-6.594
0,707,22,3.34,2.525
0,707,24,28.194,-12.531
0,707,26,30.736,-11.792
0,707,27,25.487,-1.541
0,707,28,20.08,0.295
0,707,31,24.346,1.146
0,707,32,26.617,-4.948
0,707,33,17.851,-0.139
0,707,34,33.171,3.12
0,707,35,24.391,-4.812
0,708,4,23.39,-7.926
0,708,7,64.808,-8.392
0,708,12,27.484,-3.277
0,708,13,81.264,-13.883
0,708,15,24.673,14.53
0,708,16,3.098,3.769
0,708,18,25.058,-5.09
0,708,21,28.999,-6.611
0,708,22,3.212,2.505
0,708,24,28.218,-12.525
0,708,26,30.718,-11.81
0,708,27,25.505,-1.546
0,708,28,19.999,0.258
0,708,31,24.22,1.097
0,708,32,26.71,-4.971
0,708,33,17.74,-0.131
0,708,34,33.079,3.079
0,708,35,24.434,-4.808
0,709,4,23.514,-7.93
0,709,7,65.252,-8.462
0,709,12,27.623,-3.311
0,709,13,81.841,-13.986
0,709,15,24.68,14.738
0,709,16,3.039,3.758
0,709,18,25.143,-5.103
0,709,21,29.046,-6.614
0,709,22,3.107,2.482
0,709,24,28.258,-12.529
0,709,26,30.714,-11.821
0,709,27,25.515,-1.558
0,709,28,19.924,0.252
0,709,31,24.111,1.055
0,709,32,27.004,-4.784
0,709,33,17.647,-0.142
0,709,34,32.994,3.06
0,709,35,24.49,-4.815
0,710,4,23.638,-7.935
0,710,7,65.698,-8.532
0,710,12,27.661,-3.291
0,710,13,82.502,-14.106
0,710,15,24.688,14.946
0,710,16,2.98,3.748
0,710,18,25.261,-5.131
0,710,21,29.111,-6.627
0,710,22,2.97,2.497
0,710,24,27.983,-12.402
0,710,26,30.743,-11.806
0,710,27,25.476,-1.53
0,710,28,19.876,0.227
0,710,31,23.96,1.031
0,710,32,26.77,-4.661
0,710,33,17.566,-0.141
0,710,34,32.895,2.996
0,710,35,24.523,-4.816
0,711,4,23.762,-7.94
0,711,7,66.144,-8.604
0,711,12,27.698,-3.27
0,711,13,83.188,-14.231
0,711,15,24.697,15.154
0,711,16,2.922,3.738
0,711,18,25.309,-5.132
0,711,21,29.367,-6.647
0,711,22,2.853,2.487
0,711,24,27.956,-12.379
0,711,26,30.746,-11.806
0,711,27,25.49,-1.525
0,711,28,19.771,0.202
0,711,31,23.83,0.983
0,711,33,17.46,-0.13
0,711,34,32.794,2.946
0,711,35,24.539,-4.809
0,711,36,19.78,-0.36
0,712,4,23.887,-7.946
0,712,7,66.59,-8.675
0,712,12,27.967,-3.346
0,712,13,83.776,-14.337
0,712,15,24.706,15.362
0,712,16,2.865,3.728
0,712,18,25.298,-5.133
0,712,21,29.301,-6.643
0,712,22,2.735,2.477
0,712,24,27.922,-12.359
0,712,26,30.75,-11.821
0,712,27,25.486,-1.526
0,712,28,19.688,0.21
0,712,31,23.715,0.969
0,712,33,17.366,-0.141
0,712,34,32.702,2.928
0,712,35,24.538,-4.805
0,712,36,19.788,-0.386
0,713,4,24.011,-7.951
0,713,7,67.036,-8.747
0,713,12,28.011,-3.336
0,713,13,84.104,-14.399
0,713,15,24.714,15.571
0,713,16,2.807,3.717
0,713,18,25.373,-5.149
0,713,21,29.363,-6.653
0,713,22,2.617,2.467
0,713,24,28.101,-12.457
0,713,26,30.753,-11.832
0,713,27,25.502,-1.518
0,713,28,19.601,0.208
0,713,31,23.637,0.925
0,713,33,17.31,-0.122
0,713,34,32.655,2.905
0,713,35,23.961,-4.66
0,713,36,19.688,-0.397
0,714,4,23.703,-6.303
0,714,7,67.483,-8.817
0,714,12,28.173,-3.38
0,714,13,84.363,-14.448
0,714,15,24.72,15.78
0,714,16,2.75,3.706
0,714,18,25.811,-5.402
0,714,21,29.69,-6.729
0,714,22,2.498,2.456
0,714,24,28.106,-12.46
0,714,26,30.759,-11.84
0,714,27,25.447,-1.496
0,714,28,19.517,0.205
0,714,31,23.502,0.885
0,714,33,17.193,-0.121
0,714,34,32.557,2.853
0,714,35,23.95,-4.682
0,714,36,19.6,-0.414
0,715,4,23.822,-6.132
0,715,7,67.929,-8.887
0,715,12,28.365,-3.419
0,715,13,84.667,-14.513
0,715,15,24.727,15.99
0,715,16,2.692,3.694
0,715,18,25.592,-5.243
0,715,21,29.889,-6.765
0,715,22,2.377,2.446
0,715,24,28.12,-12.454
0,715,26,30.775,-11.853
0,715,27,25.435,-1.494
0,715,28,19.45,0.183
0,715,31,23.386,0.881
0,715,33,17.098,-0.11
0,715,34,32.468,2.88
0,715,35,23.935,-4.697
0,715,36,19.562,-0.467
0,716,4,23.775,-5.701
0,716,7,68.375,-8.958
0,716,12,28.419,-3.419
0,716,13,85.044,-14.545
0,716,15,24.732,16.2
0,716,16,2.634,3.681
0,716,18,25.325,-5.157
0,716,21,29.896,-6.762
0,716,22,2.257,2.435
0,716,24,28.132,-12.447
0,716,26,30.833,-11.899
0,716,27,25.399,-1.463
0,716,28,19.381,0.168
0,716,31,23.304,0.834
0,716,33,17.031,-0.098
0,716,34,32.401,2.852
0,716,35,23.915,-4.7
0,716,36,19.506,-0.492
0,717,4,23.922,-5.434
0,717,7,68.823,-9.027
0,717,12,28.474,-3.419
0,717,13,86.172,-14.744
0,717,15,24.736,16.411
0,717,16,2.575,3.667
0,717,18,25.472,-5.175
0,717,21,29.964,-6.771
0,717,22,2.137,2.423
0,717,24,28.134,-12.44
0,717,26,30.798,-11.888
0,717,27,25.441,-1.458
0,717,28,19.299,0.153
0,717,31,23.192,0.772
0,717,33,16.916,-0.057
0,717,34,32.312,2.83
0,717,35,23.897,-4.695
0,717,36,19.41,-0.516
0,718,4,24.058,-5.171
0,718,7,69.272,-9.098
0,718,12,28.528,-3.418
0,718,13,86.579,-14.833
0,718,15,24.74,16.622
0,718,16,2.514,3.654
0,718,18,25.838,-5.237
0,718,21,30.508,-6.888
0,718,22,2.017,2.41
0,718,24,28.141,-12.438
0,718,26,30.82,-11.882
0,718,27,25.44,-1.446
0,718,28,19.211,0.103
0,718,31,23.084,0.73
0,718,33,16.824,-0.037
0,718,34,32.221,2.868
0,718,35,23.88,-4.689
0,718,36,19.354,-0.532
0,719,4,24.193,-4.905
0,719,7,69.721,-9.168
0,719,12,28.583,-3.417
0,719,13,86.991,-14.917
0,719,15,24.744,16.832
0,719,16,2.454,3.639
0,719,18,25.996,-5.262
0,719,21,30.779,-6.947
0,719,22,1.898,2.399
0,719,24,28.208,-12.487
0,719,26,30.807,-11.86
0,719,27,25.492,-1.418
0,719,28,19.128,0.077
0,719,31,22.95,0.663
0,719,33,16.74,-0.012
0,719,34,32.1,2.82
0,719,35,23.864,-4.681
0,719,36,19.236,-0.541
0,720,4,24.328,-4.64
0,720,7,70.168,-9.238
0,720,12,28.773,-3.509
0,720,13,87.434,-15.002
0,720,15,24.745,17.044
0,720,16,2.392,3.623
0,720,18,26.074,-5.278
0,720,21,30.982,-6.995
0,720,22,1.777,2.387
0,720,24,28.208,-12.493
0,720,26,30.777,-11.828
0,720,27,25.532,-1.45
0,720,28,19.045,0.051
0,720,31,22.829,0.604
0,720,33,16.628,-0.011
0,720,34,32.0,2.773
0,720,35,23.824,-4.679
0,720,36,19.111,-0.546
0,721,4,24.462,-4.377
0,721,7,70.615,-9.308
0,721,12,28.869,-3.541
0,721,13,87.862,-15.08
0,721,15,24.747,17.255
0,721,16,2.33,3.608
0,721,18,26.036,-5.281
0,721,21,31.262,-7.077
0,721,22,1.655,2.374
0,721,24,28.228,-12.496
0,721,26,30.77,-11.834
0,721,27,25.55,-1.446
0,721,28,18.964,0.024
0,721,31,22.708,0.591
0,721,33,16.538,0.005
0,721,34,31.906,2.73
0,721,35,23.816,-4.684
0,721,36,19.028,-0.559
0,722,4,24.297,-4.219
0,722,7,72.522,-9.092
0,722,12,28.971,-3.475
0,722,13,87.757,-15.061
0,722,15,24.747,17.466
0,722,16,2.267,3.592
0,722,18,26.155,-5.314
0,722,21,31.349,-7.099
0,722,22,1.533,2.36
0,722,24,28.221,-12.52
0,722,26,30.786,-11.831
0,722,27,25.436,-1.402
0,722,28,18.882,-0.003
0,722,31,22.639,0.566
0,722,33,16.398,0.028
0,722,34,31.86,2.674
0,722,35,23.819,-4.69
0,722,36,18.958,-0.549
0,723,4,24.336,-4.121
0,723,7,72.982,-9.127
0,723,12,29.021,-3.472
0,723,13,88.272,-15.155
0,723,15,24.749,17.677
0,723,16,2.205,3.576
0,723,18,26.294,-5.343
0,723,21,31.436,-7.12
0,723,22,1.411,2.347
0,723,24,28.242,-12.504
0,723,26,30.771,-11.81
0,723,27,25.392,-1.375
0,723,28,18.801,-0.029
0,723,31,22.518,0.514
0,723,33,16.274,0.011
0,723,34,31.737,2.619
0,723,35,23.805,-4.692
0,723,36,18.904,-0.523
0,724,4,24.392,-3.908
0,724,7,73.443,-9.16
0,724,12,29.098,-3.488
0,724,13,88.731,-15.236
0,724,15,24.75,17.888
0,724,16,2.143,3.56
0,724,18,26.388,-5.364
0,724,21,31.875,-7.251
0,724,22,1.288,2.334
0,724,24,28.255,-12.512
0,724,26,30.763,-11.835
0,724,27,25.371,-1.377
0,724,28,18.718,-0.055
0,724,31,22.41,0.519
0,724,33,16.168,0.016
0,724,34,31.636,2.625
0,724,35,23.817,-4.684
0,724,36,18.832,-0.539
0,725,4,24.43,-4.092
0,725,7,73.904,-9.193
0,725,12,29.186,-3.504
0,725,13,89.217,-15.32
0,725,15,24.75,18.098
0,725,16,2.081,3.546
0,725,18,26.841,-5.455
0,725,21,32.15,-7.318
0,725,22,1.166,2.323
0,725,24,28.213,-12.494
0,725,26,30.751,-11.831
0,725,27,25.399,-1.364
0,725,28,18.699,-0.269
0,725,31,22.298,0.455
0,725,33,16.091,0.038
0,725,34,31.568,2.589
0,725,35,23.813,-4.677
0,725,36,18.738,-0.528
0,726,4,24.516,-4.104
0,726,7,74.363,-9.226
0,726,12,29.237,-3.505
0,726,13,89.754,-15.412
0,726,15,24.75,18.307
0,726,16,2.019,3.531
0,726,18,26.965,-5.47
0,726,21,32.734,-7.466
0,726,22,1.044,2.313
0,726,24,28.215,-12.49
0,726,26,30.658,-11.474
0,726,27,25.431,-1.381
0,726,28,18.668,-0.306
0,726,31,22.171,0.43
0,726,33,16.002,0.051
0,726,34,31.458,2.549
0,726,35,23.817,-4.667
0,726,36,18.652,-0.525
0,726,37,30.67,-11.95
0,727,4,24.547,-4.072
0,727,7,74.824,-9.26
0,727,12,29.428,-3.53
0,727,13,90.753,-15.589
0,727,15,24.752,18.515
0,727,16,1.958,3.518
0,727,18,27.043,-5.442
0,727,21,33.09,-7.551
0,727,22,0.921,2.302
0,727,24,28.245,-12.507
0,727,26,30.639,-11.394
0,727,27,25.429,-1.389
0,727,28,18.499,-0.278
0,727,31,22.049,0.452
0,727,33,15.905,0.043
0,727,34,31.357,2.553
0,727,35,23.812,-4.664
0,727,36,18.568,-0.537
0,727,37,30.684,-11.847
0,728,4,24.591,-4.158
0,728,7,75.021,-9.649
0,728,12,29.521,-3.556
0,728,13,91.491,-15.71
0,728,15,24.753,18.723
0,728,16,1.896,3.505
0,728,18,27.234,-5.419
0,728,21,33.214,-7.585
0,728,22,0.798,2.291
0,728,24,28.256,-12.512
0,728,26,30.647,-11.255
0,728,27,25.481,-1.402
0,728,28,18.345,-0.264
0,728,31,21.928,0.446
0,728,33,15.827,0.052
0,728,34,31.298,2.503
0,728,35,23.695,-4.788
0,728,36,18.5,-0.539
0,728,37,30.659,-11.817
0,729,4,24.724,-4.258
0,729,7,75.803,-9.86
0,729,12,29.528,-3.569
0,729,13,92.227,-15.834
0,729,15,20.71,0.789
0,729,16,1.836,3.49
0,729,18,28.256,-5.336
0,729,21,33.337,-7.619
0,729,22,0.675,2.28
0,729,24,28.27,-12.517
0,729,26,30.66,-11.134
0,729,27,25.503,-1.422
0,729,28,18.254,-0.253
0,729,31,21.819,0.393
0,729,33,15.736,0.064
0,729,34,31.237,2.445
0,729,35,23.679,-4.816
0,729,36,18.393,-0.531
0,729,37,30.647,-11.81
0,730,4,24.783,-4.336
0,730,7,76.236,-9.936
0,730,12,29.687,-3.624
0,730,13,92.943,-15.958
0,730,15,20.609,0.614
0,730,16,1.777,3.473
0,730,18,28.393,-5.254
0,730,21,34.07,-7.78
0,730,22,0.553,2.269
0,730,24,28.286,-12.519
0,730,26,30.697,-11.0
0,730,27,25.522,-1.427
0,730,28,18.224,-0.22
0,730,31,21.703,0.365
0,730,33,15.639,0.066
0,730,34,31.149,2.45
0,730,35,23.725,-4.777
0,730,36,18.302,-0.549
0,730,37,30.664,-11.811
0,731,4,24.837,-4.408
0,731,7,76.668,-10.012
0,731,12,29.86,-3.659
0,731,13,93.008,-15.864
0,731,16,1.718,3.456
0,731,18,28.16,-5.191
0,731,21,34.209,-7.814
0,731,22,0.43,2.257
0,731,24,28.286,-12.51
0,731,26,30.665,-10.958
0,731,27,25.529,-1.442
0,731,28,18.216,-0.203
0,731,31,21.606,0.251
0,731,33,15.585,0.102
0,731,34,31.092,2.402
0,731,35,23.772,-4.74
0,731,36,18.212,-0.572
0,731,37,30.731,-11.814
0,731,38,18.28,-0.24
0,732,4,24.851,-4.588
0,732,7,77.101,-10.088
0,732,12,29.914,-3.676
0,732,13,93.823,-16.019
0,732,16,1.659,3.438
0,732,18,28.203,-5.162
0,732,21,34.348,-7.846
0,732,22,0.306,2.247
0,732,24,28.3,-12.514
0,732,26,30.668,-10.854
0,732,27,25.55,-1.431
0,732,28,18.144,-0.184
0,732,31,21.466,0.221
0,732,33,15.507,0.141
0,732,34,30.997,2.358
0,732,35,23.785,-4.705
0,732,36,18.173,-0.564
0,732,37,30.746,-11.797
0,732,38,18.307,0.009
0,733,4,24.895,-4.642
0,733,7,77.535,-10.164
0,733,12,30.156,-3.706
0,733,13,94.375,-16.116
0,733,16,1.6,3.421
0,733,18,28.337,-5.138
0,733,21,34.355,-7.814
0,733,22,0.183,2.236
0,733,24,28.318,-12.509
0,733,26,30.606,-10.924
0,733,27,25.569,-1.442
0,733,28,18.064,-0.162
0,733,31,21.353,0.253
0,733,33,15.42,0.17
0,733,34,30.911,2.328
0,733,35,23.791,-4.678
0,733,36,18.101,-0.578
0,733,37,30.766,-11.786
0,733,38,18.291,0.004
0,734,4,24.919,-4.751
0,734,7,77.969,-10.239
0,734,12,30.213,-3.724
0,734,13,94.808,-16.199
0,734,16,1.54,3.404
0,734,18,28.437,-5.093
0,734,21,34.462,-7.825
0,734,22,0.059,2.225
0,734,24,28.192,-12.466
0,734,26,30.608,-10.941
0,734,27,25.572,-1.452
0,734,28,18.058,-0.151
0,734,31,21.23,0.302
0,734,33,15.349,0.198
0,734,34,30.859,2.28
0,734,35,24.092,-4.866
0,734,36,17.991,-0.583
0,734,37,30.795,-11.726
0,734,38,18.206,-0.009
0,734,39,22.82,-5.07
0,735,4,24.948,-4.862
0,735,7,78.401,-10.313
0,735,12,30.274,-3.743
0,735,13,95.135,-16.277
0,735,16,1.479,3.387
0,735,18,28.577,-5.068
0,735,21,34.605,-7.847
0,735,22,-0.063,2.215
0,735,24,28.198,-12.461
0,735,26,30.594,-10.911
0,735,27,25.59,-1.469
0,735,28,17.997,-0.135
0,735,31,21.099,0.363
0,735,33,15.248,0.241
0,735,34,30.773,2.241
0,735,35,24.12,-4.891
0,735,36,17.887,-0.568
0,735,37,30.757,-11.799
0,735,38,18.19,0.075
0,735,39,22.847,-5.106
0,736,4,24.999,-4.95
0,736,7,78.834,-10.387
0,736,12,30.495,-3.745
0,736,13,95.31,-16.282
0,736,16,1.42,3.371
0,736,18,28.749,-5.073
0,736,21,34.777,-7.877
0,736,22,-0.185,2.204
0,736,24,28.205,-12.453
0,736,26,30.579,-10.883
0,736,27,25.6,-1.48
0,736,28,17.948,-0.133
0,736,31,20.982,0.385
0,736,33,15.164,0.259
0,736,34,30.695,2.222
0,736,35,24.064,-4.891
0,736,36,17.797,-0.583
0,736,37,30.758,-11.826
0,736,38,18.092,0.076
0,736,39,22.853,-5.12
0,737,4,25.059,-5.005
0,737,7,79.265,-10.462
0,737,12,30.653,-3.786
0,737,13,95.829,-16.352
0,737,16,1.358,3.356
0,737,18,28.871,-5.084
0,737,21,34.925,-7.901
0,737,22,-0.308,2.193
0,737,24,28.21,-12.443
0,737,26,30.566,-10.77
0,737,27,25.548,-1.45
0,737,28,17.949,-0.123
0,737,31,20.867,0.449
0,737,33,15.06,0.278
0,737,34,30.615,2.177
0,737,35,23.94,-4.865
0,737,36,17.725,-0.573
0,737,37,30.775,-11.843
0,737,38,18.084,0.13
0,737,39,22.81,-5.094
0,738,4,25.077,-5.017
0,738,7,79.7,-10.536
0,738,12,30.721,-3.804
0,738,13,95.851,-16.38
0,738,16,1.295,3.341
0,738,18,28.876,-5.118
0,738,21,35.072,-7.925
0,738,22,-0.432,2.183
0,738,24,28.208,-12.44
0,738,26,30.729,-10.972
0,738,27,25.537,-1.454
0,738,28,17.91,-0.115
0,738,31,20.751,0.476
0,738,33,14.951,0.287
0,738,34,30.544,2.135
0,738,35,23.915,-4.853
0,738,36,17.631,-0.541
0,738,37,30.805,-11.86
0,738,38,18.039,0.114
0,738,39,22.814,-5.07
0,738,40,23.18,-2.65
0,739,4,25.092,-5.008
0,739,7,80.133,-10.611
0,739,12,30.913,-3.822
0,739,13,96.901,-16.503
0,739,16,1.233,3.326
0,739,18,28.942,-5.142
0,739,21,35.183,-7.966
0,739,22,-0.557,2.173
0,739,24,28.212,-12.431
0,739,26,31.004,-11.16
0,739,27,25.53,-1.443
0,739,28,17.854,-0.096
0,739,31,20.637,0.501
0,739,33,14.857,0.315
0,739,34,30.467,2.1
0,739,35,23.906,-4.867
0,739,36,17.541,-0.546
0,739,37,30.838,-11.876
0,739,38,18.005,0.133
0,739,39,22.802,-5.06
0,739,40,23.173,-2.643
0,740,4,25.015,-4.968
0,740,7,81.874,-10.386
0,740,12,31.103,-3.845
0,740,13,97.147,-16.591
0,740,16,1.169,3.312
0,740,18,28.935,-5.316
0,740,21,35.332,-7.995
0,740,22,-0.682,2.163
0,740,24,28.137,-12.398
0,740,26,30.727,-11.05
0,740,27,25.518,-1.436
0,740,28,17.791,-0.083
0,740,31,20.522,0.527
0,740,33,14.788,0.362
0,740,34,30.42,2.044
0,740,35,23.774,-4.82
0,740,36,17.453,-0.499
0,740,37,30.846,-11.879
0,740,38,17.647,0.034
0,740,39,22.788,-5.06
0,740,40,23.17,-2.637
0,741,4,25.009,-4.964
0,741,7,81.974,-10.415
0,741,12,31.731,-3.921
0,741,13,97.033,-16.613
0,741,16,1.105,3.297
0,741,18,29.21,-5.386
0,741,21,35.482,-8.024
0,741,22,-0.807,2.153
0,741,24,28.132,-12.393
0,741,26,30.682,-11.025
0,741,27,25.438,-1.436
0,741,28,17.729,-0.07
0,741,31,20.408,0.554
0,741,33,14.704,0.396
0,741,34,30.36,2.001
0,741,35,23.721,-4.818
0,741,36,17.37,-0.487
0,741,37,30.865,-11.891
0,741,38,17.491,0.002
0,741,39,22.781,-5.05
0,741,40,23.168,-2.63
0,742,4,24.988,-4.949
0,742,7,82.913,-10.565
0,742,12,31.921,-3.895
0,742,13,97.344,-16.687
0,742,16,1.04,3.284
0,742,18,29.38,-5.448
0,742,21,36.285,-8.245
0,742,22,-0.934,2.142
0,742,24,28.118,-12.382
0,742,26,30.723,-10.992
0,742,27,25.409,-1.429
0,742,28,17.666,-0.055
0,742,31,20.286,0.629
0,742,33,14.616,0.43
0,742,34,30.29,1.968
0,742,35,23.812,-4.824
0,742,36,17.287,-0.495
0,742,37,30.887,-11.896
0,742,38,17.399,-0.02
0,742,39,22.771,-5.046
0,742,40,23.166,-2.623
0,743,4,24.954,-4.918
0,743,7,83.376,-10.622
0,743,12,32.147,-3.926
0,743,13,97.671,-16.771
0,743,16,0.977,3.27
0,743,18,29.507,-5.497
0,743,21,36.447,-8.283
0,743,22,-1.061,2.132
0,743,24,28.106,-12.373
0,743,26,30.665,-10.904
0,743,27,25.369,-1.414
0,743,28,17.604,-0.039
0,743,31,20.171,0.665
0,743,33,14.561,0.427
0,743,34,30.2,1.934
0,743,35,23.819,-4.821
0,743,36,17.201,-0.511
0,743,37,30.736,-11.859
0,743,38,17.311,-0.027
0,743,39,22.776,-5.071
0,743,40,23.164,-2.616
0,744,4,24.978,-4.924
0,744,7,83.841,-10.68
0,744,12,32.241,-3.93
0,744,13,98.3,-16.899
0,744,16,0.914,3.257
0,744,18,29.689,-5.586
0,744,21,36.942,-8.44
0,744,22,-1.19,2.122
0,744,24,28.095,-12.369
0,744,26,30.613,-10.824
0,744,27,25.39,-1.376
0,744,28,17.542,-0.023
0,744,31,20.058,0.702
0,744,33,14.452,0.485
0,744,34,30.111,1.884
0,744,35,23.826,-4.818
0,744,36,17.138,-0.488
0,744,37,30.773,-11.857
0,744,38,17.223,-0.001
0,744,39,22.801,-5.069
0,744,40,23.179,-2.71
0,745,4,24.934,-4.885
0,745,7,84.304,-10.74
0,745,12,32.511,-3.975
0,745,13,98.932,-17.049
0,745,16,0.851,3.245
0,745,18,29.881,-5.66
0,745,21,37.096,-8.505
0,745,22,-1.319,2.111
0,745,24,28.1,-12.362
0,745,26,30.679,-10.863
0,745,27,25.38,-1.377
0,745,28,17.479,-0.008
0,745,31,19.946,0.733
0,745,33,14.367,0.518
0,745,34,30.038,1.876
0,745,35,23.834,-4.814
0,745,36,17.051,-0.491
0,745,37,30.776,-11.846
0,745,38,17.137,0.014
0,745,39,22.798,-5.071
0,745,40,23.185,-2.721
0,746,4,24.901,-4.869
0,746,7,84.768,-10.8
0,746,12,32.757,-4.008
0,746,13,100.353,-17.309
0,746,16,0.787,3.235
0,746,18,30.068,-5.714
0,746,21,37.226,-8.537
0,746,22,-1.448,2.1
0,746,24,28.175,-12.392
0,746,26,30.684,-10.949
0,746,27,25.437,-1.411
0,746,28,17.416,0.008
0,746,31,19.805,0.109
0,746,33,14.316,0.546
0,746,34,29.978,1.837
0,746,35,23.874,-4.483
0,746,36,16.979,-0.465
0,746,37,30.754,-11.807
0,746,38,17.068,0.035
0,746,39,22.756,-5.215
0,746,40,23.19,-2.731
0,747,4,24.917,-4.868
0,747,7,85.232,-10.861
0,747,12,32.892,-4.028
0,747,13,101.515,-17.523
0,747,16,0.723,3.224
0,747,18,30.237,-5.826
0,747,21,37.393,-8.556
0,747,22,-1.578,2.088
0,747,24,28.195,-12.388
0,747,26,30.706,-10.987
0,747,27,25.439,-1.42
0,747,28,15.57,1.127
0,747,31,19.736,-0.037
0,747,33,14.233,0.58
0,747,34,29.906,1.859
0,747,35,23.874,-4.387
0,747,36,16.894,-0.471
0,747,37,30.745,-11.807
0,747,38,16.984,0.055
0,747,39,22.79,-5.171
0,747,40,23.193,-2.741
0,748,4,25.096,-5.018
0,748,7,85.692,-10.921
0,748,12,32.997,-4.042
0,748,13,102.968,-17.766
0,748,16,0.661,3.214
0,748,18,30.487,-5.91
0,748,21,37.564,-8.6
0,748,22,-1.708,2.076
0,748,24,28.166,-12.357
0,748,26,30.735,-11.034
0,748,27,25.491,-1.456
0,748,28,15.402,1.306
0,748,31,19.633,-0.15
0,748,33,14.157,0.613
0,748,34,29.816,1.829
0,748,35,23.934,-4.36
0,748,36,16.8,-0.453
0,748,37,30.736,-11.808
0,748,38,16.966,0.1
0,748,39,22.822,-5.149
0,748,40,23.165,-2.703
0,749,4,25.191,-5.032
0,749,7,86.154,-10.982
0,749,12,33.103,-4.057
0,749,13,104.19,-17.969
0,749,16,0.598,3.205
0,749,18,30.761,-5.991
0,749,21,37.248,-8.539
0,749,22,-1.838,2.065
0,749,24,28.159,-12.373
0,749,26,30.749,-11.07
0,749,27,25.439,-1.435
0,749,28,15.233,1.484
0,749,31,19.573,-0.206
0,749,33,14.039,0.69
0,749,34,29.714,1.796
0,749,35,23.739,-4.309
0,749,36,16.71,-0.457
0,749,37,30.729,-11.809
0,749,38,16.887,0.106
0,749,39,22.807,-5.119
0,749,40,23.136,-2.666
0,750,4,25.184,-5.068
0,750,7,86.616,-11.041
0,750,12,33.515,-4.115
0,750,13,105.143,-18.13
0,750,16,0.537,3.195
0,750,18,31.041,-6.085
0,750,21,37.439,-8.567
0,750,22,-1.969,2.054
0,750,24,28.162,-12.385
0,750,26,30.777,-11.101
0,750,27,25.442,-1.446
0,750,28,15.065,1.663
0,750,31,19.491,-0.222
0,750,33,13.96,0.713
0,750,34,29.638,1.7
0,750,35,23.949,-4.293
0,750,36,16.621,-0.443
0,750,37,30.729,-11.822
0,750,38,16.816,0.124
0,750,39,22.812,-5.118
0,750,40,23.131,-2.664
0,751,4,25.101,-5.097
0,751,7,87.079,-11.099
0,751,12,33.624,-4.131
0,751,13,105.523,-18.221
0,751,16,0.476,3.185
0,751,18,31.34,-6.089
0,751,21,37.602,-8.607
0,751,22,-2.1,2.042
0,751,24,28.162,-12.432
0,751,26,30.877,-11.042
0,751,27,25.484,-1.437
0,751,31,19.246,-0.211
0,751,33,13.88,0.743
0,751,34,29.584,1.693
0,751,35,24.06,-4.278
0,751,36,16.583,-0.403
0,751,37,30.729,-11.831
0,751,38,16.742,0.126
0,751,39,22.809,-5.09
0,751,40,23.153,-2.676
0,752,4,25.231,-5.132
0,752,7,89.833,-11.612
0,752,12,33.965,-4.165
0,752,13,106.338,-18.399
0,752,16,0.416,3.175
0,752,18,31.694,-6.203
0,752,21,37.945,-8.639
0,752,22,-2.231,2.031
0,752,24,28.188,-12.48
0,752,26,30.997,-11.155
0,752,27,25.466,-1.409
0,752,31,18.98,-0.2
0,752,33,13.799,0.777
0,752,34,29.532,1.666
0,752,35,24.011,-4.252
0,752,36,16.464,-0.384
0,752,37,30.73,-11.836
0,752,38,16.625,0.135
0,752,39,22.8,-5.084
0,752,40,23.183,-2.644
0,752,41,13.76,0.8
0,753,4,25.379,-5.165
0,753,7,90.304,-11.689
0,753,12,34.122,-4.176
0,753,13,107.352,-18.571
0,753,16,0.355,3.164
0,753,18,32.031,-6.298
0,753,21,38.825,-8.845
0,753,22,-2.36,2.019
0,753,24,28.221,-12.446
0,753,26,31.051,-11.092
0,753,27,25.475,-1.417
0,753,31,18.762,-0.159
0,753,33,13.719,0.813
0,753,34,29.457,1.65
0,753,35,24.07,-4.258
0,753,36,16.373,-0.373
0,753,37,30.735,-11.839
0,753,38,16.541,0.141
0,753,39,22.785,-5.141
0,753,40,23.181,-2.703
0,753,41,13.76,0.809
0,754,4,25.504,-5.185
0,754,7,90.776,-11.767
0,754,12,18.406,-2.617
0,754,13,108.214,-18.714
0,754,16,0.294,3.154
0,754,18,32.375,-6.389
0,754,21,39.451,-8.998
0,754,22,-2.491,2.007
0,754,24,28.239,-12.434
0,754,26,31.157,-11.052
0,754,27,25.458,-1.384
0,754,31,18.635,-0.114
0,754,33,13.73,0.186
0,754,34,29.378,1.673
0,754,35,24.641,-4.28
0,754,36,16.353,-0.341
0,754,37,30.69,-11.861
0,754,38,16.475,0.148
0,754,39,22.787,-5.15
0,754,40,23.175,-2.749
0,754,41,13.679,0.84
0,755,4,25.566,-5.195
0,755,7,91.25,-11.845
0,755,12,18.199,-2.631
0,755,13,108.95,-18.832
0,755,16,0.233,3.145
0,755,18,32.912,-6.497
0,755,21,39.638,-9.038
0,755,22,-2.622,1.996
0,755,24,28.259,-12.426
0,755,26,31.236,-11.042
0,755,27,25.464,-1.401
0,755,31,18.487,-0.072
0,755,33,13.676,0.083
0,755,34,29.329,1.574
0,755,35,24.727,-4.301
0,755,36,16.317,-0.325
0,755,37,30.73,-11.849
0,755,38,16.406,0.136
0,755,39,22.812,-5.115
0,755,40,23.17,-2.798
0,755,41,13.588,0.885
0,756,4,25.594,-5.193
0,756,7,91.724,-11.924
0,756,12,17.993,-2.646
0,756,13,109.975,-19.003
0,756,16,0.172,3.135
0,756,18,33.242,-6.563
0,756,21,40.433,-9.216
0,756,22,-2.755,1.986
0,756,24,28.269,-12.432
0,756,26,31.471,-11.126
0,756,27,25.464,-1.424
0,756,31,18.374,-0.046
0,756,33,13.622,-0.019
0,756,34,29.257,1.505
0,756,35,24.802,-4.35
0,756,36,16.25,-0.293
0,756,37,30.746,-11.838
0,756,38,16.327,0.165
0,756,39,22.811,-5.154
0,756,40,23.17,-2.83
0,756,41,13.525,0.905
0,757,4,25.694,-5.215
0,757,7,93.747,-12.013
0,757,12,17.787,-2.661
0,757,13,110.716,-19.115
0,757,16,0.112,3.126
0,757,18,33.624,-6.644
0,757,21,40.626,-9.26
0,757,22,-2.888,1.977
0,757,24,28.212,-12.444
0,757,26,31.511,-11.116
0,757,27,25.494,-1.451
0,757,31,18.402,-0.024
0,757,33,13.57,-0.122
0,757,34,29.226,1.45
0,757,35,24.875,-4.41
0,757,36,16.168,-0.266
0,757,37,30.762,-11.838
0,757,38,16.257,0.184
0,757,39,22.829,-5.137
0,757,40,23.173,-2.863
0,757,41,13.414,0.943
0,758,4,25.735,-5.222
0,758,7,94.231,-12.073
0,758,12,17.58,-2.674
0,758,13,111.665,-19.255
0,758,16,0.051,3.117
0,758,18,34.009,-6.722
0,758,21,40.82,-9.304
0,758,22,-3.019,1.967
0,758,24,28.205,-12.44
0,758,26,31.551,-11.107
0,758,27,25.47,-1.465
0,758,31,18.294,0.248
0,758,33,13.517,-0.226
0,758,34,29.168,1.397
0,758,35,25.104,-4.487
0,758,36,16.082,-0.238
0,758,37,30.765,-11.832
0,758,38,16.182,0.203
0,758,39,22.866,-5.134
0,758,40,23.068,-2.812
0,758,41,13.295,0.986
0,759,4,25.776,-5.229
0,759,7,96.24,-12.238
0,759,12,17.373,-2.688
0,759,13,112.662,-19.407
0,759,16,-0.01,3.108
0,759,18,34.422,-6.799
0,759,21,42.494,-9.683
0,759,22,-3.152,1.958
0,759,24,28.189,-12.434
0,759,26,31.593,-11.098
0,759,27,25.47,-1.47
0,759,31,18.19,0.328
0,759,33,13.465,-0.331
0,759,34,29.103,1.374
0,759,35,25.428,-4.571
0,759,36,16.006,-0.195
0,759,37,30.77,-11.827
0,759,38,16.105,0.216
0,759,39,22.881,-5.132
0,759,40,23.055,-2.837
0,759,41,13.215,1.007
0,760,4,25.942,-5.268
0,760,7,95.897,-12.216
0,760,12,17.166,-2.701
0,760,13,113.929,-19.675
0,760,16,-0.072,3.099
0,760,18,35.371,-7.068
0,760,21,42.706,-9.731
0,760,22,-3.283,1.949
0,760,24,28.172,-12.43
0,760,26,30.545,-10.274
0,760,27,25.49,-1.493
0,760,31,18.086,0.4
0,760,33,13.412,-0.436
0,760,34,29.059,1.351
0,760,35,25.468,-4.602
0,760,36,15.927,-0.151
0,760,37,30.776,-11.821
0,760,38,16.028,0.229
0,760,39,22.883,-5.108
0,760,40,23.115,-2.808
0,760,41,13.122,1.042
0,761,4,26.104,-5.299
0,761,7,96.381,-12.269
0,761,12,16.961,-2.715
0,761,13,114.282,-19.781
0,761,16,-0.134,3.091
0,761,18,36.104,-7.241
0,761,21,42.917,-9.778
0,761,22,-3.413,1.941
0,761,24,28.182,-12.405
0,761,26,30.494,-10.143
0,761,27,25.524,-1.528
0,761,31,17.985,0.475
0,761,33,13.36,-0.542
0,761,34,28.982,1.32
0,761,35,26.054,-4.714
0,761,36,15.799,-0.083
0,761,37,30.781,-11.815
0,761,38,15.888,0.331
0,761,39,22.874,-5.089
0,761,40,23.119,-2.752
0,761,41,13.006,1.084
0,762,4,26.275,-5.335
0,762,7,96.866,-12.322
0,762,12,16.756,-2.731
0,762,13,115.281,-19.979
0,762,16,-0.196,3.081
0,762,18,36.749,-7.381
0,762,21,43.942,-10.0
0,762,22,-3.545,1.933
0,762,24,28.177,-12.393
0,762,26,30.497,-10.036
0,762,27,25.539,-1.542
0,762,31,17.89,0.5
0,762,33,13.309,-0.647
0,762,34,28.921,1.358
0,762,35,26.513,-4.814
0,762,36,15.709,-0.066
0,762,37,30.787,-11.811
0,762,38,15.799,0.361
0,762,39,22.875,-5.077
0,762,40,23.109,-2.764
0,762,41,12.919,1.1
0,763,4,26.456,-5.371
0,763,7,97.598,-12.426
0,763,12,16.551,-2.747
0,763,13,116.261,-20.148
0,763,16,-0.259,3.073
0,763,18,36.909,-7.39
0,763,21,44.167,-10.048
0,763,22,-3.677,1.924
0,763,24,28.157,-12.428
0,763,26,30.499,-9.927
0,763,27,25.562,-1.572
0,763,31,17.799,0.524
0,763,33,13.259,-0.754
0,763,34,28.847,1.337
0,763,35,26.966,-4.947
0,763,36,15.655,-0.029
0,763,37,30.802,-11.806
0,763,38,15.734,0.252
0,763,39,22.837,-5.071
0,763,40,23.101,-2.76
0,763,41,12.831,1.135
0,764,4,26.191,-5.308
0,764,7,98.084,-12.482
0,764,12,16.344,-2.763
0,764,13,117.449,-20.353
0,764,16,-0.32,3.065
0,764,18,37.013,-7.369
0,764,21,44.392,-10.097
0,764,22,-3.808,1.916
0,764,24,28.146,-12.423
0,764,26,30.501,-9.818
0,764,27,25.511,-1.556
0,764,31,17.7,0.54
0,764,33,13.209,-0.861
0,764,34,28.76,1.313
0,764,35,28.061,-5.197
0,764,36,15.547,-0.001
0,764,37,30.81,-11.8
0,764,38,15.532,0.103
0,764,39,22.899,-5.108
0,764,40,23.042,-2.73
0,764,41,12.748,1.161
0,765,4,26.286,-5.326
0,765,7,99.753,-12.768
0,765,12,16.137,-2.779
0,765,13,118.491,-20.545
0,765,16,-0.382,3.057
0,765,18,36.93,-7.301
0,765,21,45.19,-10.291
0,765,22,-3.94,1.906
0,765,24,28.137,-12.418
0,765,26,30.503,-9.709
0,765,27,25.516,-1.539
0,765,31,17.575,0.561
0,765,33,13.158,-0.967
0,765,34,28.688,1.309
0,765,35,28.289,-5.278
0,765,36,15.461,-0.014
0,765,37,30.819,-11.436
0,765,38,15.428,0.063
0,765,39,22.904,-5.107
0,765,40,23.027,-2.708
0,765,41,12.658,1.195
0,766,4,26.359,-5.342
0,766,7,100.252,-12.837
0,766,12,15.984,-2.044
0,766,16,-0.443,3.051
0,766,18,37.003,-7.27
0,766,21,45.423,-10.34
0,766,22,-4.071,1.897
0,766,24,28.128,-12.412
0,766,26,30.505,-9.6
0,766,27,25.53,-1.556
0,766,31,17.465,0.565
0,766,33,13.108,-1.073
0,766,34,28.557,1.272
0,766,35,29.233,-5.411
0,766,36,15.403,0.013
0,766,37,30.902,-11.382
0,766,38,15.323,0.024
0,766,39,22.909,-5.106
0,766,40,23.109,-2.678
0,766,41,12.588,1.213
0,767,4,26.473,-5.342
0,767,7,100.75,-12.907
0,767,12,15.766,-1.969
0,767,16,-0.505,3.043
0,767,18,37.234,-7.292
0,767,21,45.658,-10.394
0,767,22,-4.202,1.889
0,767,24,28.119,-12.406
0,767,26,30.507,-9.491
0,767,27,25.508,-1.538
0,767,31,17.361,0.7
0,767,33,13.262,0.161
0,767,34,28.472,1.234
0,767,36,15.293,0.027
0,767,37,30.986,-11.31
0,767,38,15.273,0.094
0,767,39,22.842,-5.089
0,767,40,23.11,-2.692
0,767,41,12.496,1.261
0,768,4,26.642,-5.386
0,768,7,101.249,-12.977
0,768,12,15.547,-1.894
0,768,16,-0.566,3.036
0,768,18,37.604,-7.361
0,768,21,46.382,-10.561
0,768,22,-4.335,1.88
0,768,24,28.11,-12.4
0,768,26,30.509,-9.384
0,768,27,25.516,-1.535
0,768,31,17.291,0.758
0,768,33,13.236,0.191
0,768,34,28.392,1.239
0,768,36,15.203,0.031
0,768,37,31.077,-11.219
0,768,38,15.182,0.076
0,768,39,22.832,-5.084
0,768,40,23.116,-2.72
0,768,41,12.412,1.272
0,769,4,26.709,-5.398
0,769,7,101.747,-13.048
0,769,12,15.331,-1.819
0,769,16,-0.628,3.028
0,769,18,37.896,-7.429
0,769,21,46.625,-10.617
0,769,22,-4.469,1.87
0,769,24,28.139,-12.402
0,769,26,30.511,-9.277
0,769,27,25.431,-1.493
0,769,31,17.191,0.819
0,769,33,13.209,0.219
0,769,34,28.322,1.219
0,769,36,15.147,0.109
0,769,37,31.148,-11.157
0,769,38,15.09,0.058
0,769,39,22.803,-5.091
0,769,40,23.118,-2.751
0,769,41,12.37,1.299
0,770,4,26.674,-5.397
0,770,7,102.515,-13.52
0,770,12,15.115,-1.746
0,770,16,-0.689,3.021
0,770,18,38.21,-7.493
0,770,21,46.872,-10.673
0,770,22,-4.602,1.861
0,770,24,28.145,-12.4
0,770,26,30.514,-9.168
0,770,27,25.464,-1.516
0,770,31,17.328,1.207
0,770,33,13.183,0.248
0,770,34,28.236,1.183
0,770,36,15.066,0.146
0,770,37,31.234,-11.067
0,770,38,15.059,0.534
0,770,39,22.783,-5.09
0,770,40,23.122,-2.76
0,770,41,12.287,1.34
0,771,4,26.733,-5.411
0,771,7,103.002,-13.636
0,771,12,14.898,-1.673
0,771,16,-0.751,3.013
0,771,18,38.491,-7.548
0,771,21,48.099,-10.942
0,771,22,-4.736,1.852
0,771,24,28.14,-12.39
0,771,26,29.448,-10.25
0,771,27,25.456,-1.541
0,771,31,17.243,1.36
0,771,33,12.936,0.366
0,771,34,28.148,1.189
0,771,36,14.982,0.158
0,771,37,31.294,-11.008
0,771,38,14.964,0.604
0,771,39,22.767,-5.089
0,771,40,23.137,-2.736
0,771,41,12.208,1.369
0,772,4,26.898,-5.452
0,772,7,103.487,-13.751
0,772,12,14.681,-1.601
0,772,16,-0.813,3.004
0,772,18,38.719,-7.595
0,772,21,48.364,-11.003
0,772,22,-4.871,1.844
0,772,24,28.137,-12.382
0,772,26,29.758,-10.448
0,772,27,25.475,-1.541
0,772,31,17.158,1.513
0,772,33,12.869,0.492
0,772,34,28.126,1.163
0,772,36,14.943,0.185
0,772,37,31.327,-10.983
0,772,38,14.866,0.674
0,772,39,22.769,-5.089
0,772,40,23.186,-2.719
0,772,41,12.109,1.415
0,772,42,28.15,-12.4
0,773,4,27.173,-5.517
0,773,7,103.971,-13.866
0,773,12,14.466,-1.527
0,773,16,-0.875,2.995
0,773,18,38.527,-6.801
0,773,21,48.627,-11.065
0,773,22,-5.006,1.836
0,773,24,28.136,-12.373
0,773,26,29.964,-10.638
0,773,27,25.506,-1.547
0,773,31,17.071,1.667
0,773,33,12.833,0.58
0,773,34,28.058,1.235
0,773,36,14.82,0.196
0,773,37,31.372,-11.009
0,773,38,14.767,0.742
0,773,39,22.787,-5.098
0,773,40,23.207,-2.713
0,773,41,12.01,1.455
0,773,42,28.199,-12.429
0,774,4,27.247,-5.535
0,774,7,104.454,-13.981
0,774,12,14.251,-1.454
0,774,16,-0.938,2.986
0,774,18,38.584,-6.673
0,774,21,50.201,-11.419
0,774,22,-5.14,1.827
0,774,24,28.135,-12.367
0,774,26,29.995,-10.749
0,774,27,25.514,-1.556
0,774,31,16.986,1.818
0,774,33,12.534,0.764
0,774,34,27.985,1.343
0,774,36,14.732,0.23
0,774,37,31.426,-11.017
0,774,38,14.669,0.812
0,774,39,22.785,-5.1
0,774,40,23.218,-2.721
0,774,41,11.925,1.472
0,774,42,28.208,-12.438
0,775,4,27.437,-5.535
0,775,7,104.939,-14.096
0,775,12,14.036,-1.381
0,775,16,-1.001,2.977
0,775,18,39.091,-6.642
0,775,21,50.49,-11.488
0,775,22,-5.274,1.819
0,775,24,28.132,-12.356
0,775,26,30.526,-11.297
0,775,27,25.519,-1.568
0,775,31,16.899,1.968
0,775,33,12.475,0.892
0,775,34,27.899,1.383
0,775,36,14.728,0.252
0,775,37,31.46,-11.026
0,775,38,14.512,0.843
0,775,39,22.82,-5.125
0,775,40,23.14,-2.656
0,775,41,11.849,1.466
0,775,42,28.169,-12.451
0,776,4,27.821,-5.556
0,776,7,105.424,-14.212
0,776,12,13.643,-2.299
0,776,16,-1.064,2.969
0,776,18,39.61,-6.686
0,776,21,50.778,-11.557
0,776,22,-5.408,1.812
0,776,24,28.134,-12.343
0,776,26,30.435,-11.512
0,776,27,25.498,-1.554
0,776,31,16.812,2.118
0,776,33,12.414,1.02
0,776,34,27.785,1.524
0,776,36,14.641,0.304
0,776,37,31.488,-11.06
0,776,38,14.834,0.898
0,776,39,22.808,-5.115
0,776,40,23.166,-2.643
0,776,41,11.771,1.502
0,776,42,28.172,-12.485
0,777,4,28.057,-5.552
0,777,7,106.588,-14.102
0,777,12,13.418,-2.352
0,777,16,-1.127,2.961
0,777,18,39.395,-6.617
0,777,21,51.065,-11.626
0,777,22,-5.543,1.805
0,777,24,28.136,-12.329
0,777,26,30.39,-11.717
0,777,27,25.503,-1.57
0,777,31,16.727,2.267
0,777,33,12.354,1.148
0,777,34,27.705,1.622
0,777,36,14.573,0.352
0,777,37,31.513,-11.093
0,777,38,14.779,0.952
0,777,39,22.808,-5.183
0,777,40,23.171,-2.655
0,777,41,11.692,1.527
0,777,42,28.192,-12.448
0,778,4,28.143,-5.534
0,778,7,107.096,-14.189
0,778,12,13.194,-2.406
0,778,16,19.578,15.992
0,778,18,38.647,-6.509
0,778,21,51.353,-11.695
0,778,22,-5.678,1.798
0,778,24,28.136,-12.316
0,778,26,30.443,-11.914
0,778,27,25.486,-1.573
0,778,31,16.642,2.415
0,778,33,12.294,1.276
0,778,34,27.688,1.902
0,778,36,14.5,0.384
0,778,37,31.54,-11.066
0,778,38,14.736,0.995
0,778,39,22.799,-5.17
0,778,40,23.153,-2.638
0,778,41,11.653,1.569
0,778,42,28.207,-12.483
0,779,4,28.678,-5.663
0,779,7,107.604,-14.277
0,779,12,12.971,-2.461
0,779,16,19.893,16.144
0,779,18,38.503,-6.516
0,779,21,51.641,-11.763
0,779,22,-5.814,1.791
0,779,24,28.137,-12.302
0,779,26,30.632,-12.052
0,779,27,25.487,-1.558
0,779,31,16.557,2.565
0,779,33,12.233,1.402
0,779,34,27.718,1.795
0,779,36,14.431,0.417
0,779,37,31.565,-11.056
0,779,38,14.602,1.014
0,779,39,22.798,-5.194
0,779,40,23.145,-2.67
0,779,41,11.562,1.618
0,779,42,28.233,-12.47
0,780,4,29.091,-5.701
0,780,7,104.482,-13.423
0,780,12,12.749,-2.514
0,780,16,20.208,16.296
0,780,18,38.705,-6.579
0,780,21,53.719,-12.256
0,780,22,-5.95,1.784
0,780,24,28.138,-12.289
0,780,26,30.776,-12.101
0,780,27,25.488,-1.555
0,780,31,16.472,2.714
0,780,33,12.172,1.529
0,780,34,27.676,1.859
0,780,36,14.364,0.447
0,780,37,31.726,-11.324
0,780,38,14.53,1.027
0,780,39,22.801,-5.165
0,780,40,23.142,-2.697
0,780,41,11.485,1.654
0,780,42,28.254,-12.47
0,781,4,29.51,-5.765
0,781,7,104.963,-13.458
0,781,12,12.527,-2.567
0,781,16,20.524,16.448
0,781,18,38.895,-6.662
0,781,21,54.27,-12.396
0,781,22,-6.086,1.776
0,781,24,28.14,-12.276
0,781,26,30.736,-12.173
0,781,27,25.47,-1.529
0,781,31,16.385,2.865
0,781,33,12.111,1.655
0,781,34,27.69,1.819
0,781,36,14.202,0.58
0,781,37,31.794,-11.367
0,781,38,14.469,1.038
0,781,39,22.804,-5.163
0,781,40,23.144,-2.72
0,781,41,11.399,1.676
0,781,42,28.243,-12.472
0,782,4,29.906,-5.83
0,782,7,105.443,-13.493
0,782,12,12.304,-2.618
0,782,16,20.84,16.599
0,782,18,39.07,-6.713
0,782,21,54.59,-12.475
0,782,22,-6.223,1.77
0,782,24,28.141,-12.264
0,782,26,30.734,-12.231
0,782,27,25.473,-1.544
0,782,31,16.298,3.016
0,782,33,12.05,1.781
0,782,34,27.664,1.821
0,782,36,14.112,0.637
0,782,37,31.892,-11.392
0,782,38,14.364,1.044
0,782,39,22.818,-5.128
0,782,40,23.165,-2.734
0,782,41,11.294,1.706
0,782,42,28.266,-12.463
0,783,4,30.338,-5.911
0,783,7,106.041,-13.485
0,783,12,12.081,-2.669
0,783,16,21.157,16.751
0,783,18,39.254,-6.73
0,783,21,55.509,-12.695
0,783,22,-6.36,1.765
0,783,24,28.141,-12.253
0,783,26,30.817,-12.208
0,783,27,25.469,-1.539
0,783,31,16.21,3.167
0,783,33,12.316,1.525
0,783,34,27.64,1.834
0,783,36,14.019,0.721
0,783,37,31.944,-11.433
0,783,38,14.29,1.061
0,783,39,22.827,-5.116
0,783,40,23.174,-2.747
0,783,41,11.208,1.742
0,783,42,28.286,-12.458
0,784,4,30.692,-5.971
0,784,7,106.864,-13.624
0,784,12,11.858,-2.718
0,784,16,21.476,16.903
0,784,18,39.442,-6.775
0,784,21,55.837,-12.775
0,784,22,-6.499,1.761
0,784,24,29.93,-10.834
0,784,26,30.945,-12.193
0,784,27,25.463,-1.512
0,784,31,16.122,3.317
0,784,33,12.269,1.59
0,784,34,27.609,1.885
0,784,36,13.928,0.817
0,784,37,31.988,-11.434
0,784,38,14.217,1.067
0,784,39,22.849,-5.09
0,784,40,23.132,-2.69
0,784,41,11.167,1.773
0,784,42,28.232,-12.414
0,784,43,27.24,0.79
0,785,4,31.129,-6.058
0,785,7,107.96,-13.799
0,785,12,10.06,-3.444
0,785,16,21.795,17.056
0,785,18,39.625,-6.808
0,785,21,56.165,-12.856
0,785,22,-6.637,1.756
0,785,24,30.117,-10.685
0,785,26,31.028,-12.153
0,785,27,25.463,-1.51
0,785,31,16.034,3.467
0,785,33,12.222,1.656
0,785,34,27.575,1.961
0,785,36,13.861,0.785
0,785,37,32.01,-11.506
0,785,38,14.133,1.104
0,785,39,22.839,-5.061
0,785,40,23.132,-2.696
0,785,41,11.055,1.813
0,785,42,28.227,-12.41
0,785,43,27.232,0.78
0,786,4,31.388,-6.12
0,786,7,108.438,-13.85
0,786,12,11.647,-4.204
0,786,16,22.113,17.208
0,786,18,39.802,-6.838
0,786,21,56.494,-12.937
0,786,22,-6.774,1.75
0,786,24,30.844,-10.795
0,786,26,31.1,-12.106
0,786,27,25.459,-1.522
0,786,31,15.946,3.617
0,786,33,12.176,1.722
0,786,34,27.538,2.067
0,786,36,13.777,0.835
0,786,37,32.027,-11.544
0,786,38,14.05,1.134
0,786,39,22.837,-5.056
0,786,40,23.13,-2.709
0,786,41,10.97,1.827
0,786,42,28.218,-12.408
0,786,43,27.235,0.722
0,787,4,31.617,-6.169
0,787,7,109.821,-14.107
0,787,12,11.418,-4.384
0,787,16,22.431,17.36
0,787,18,39.982,-6.871
0,787,21,56.823,-13.019
0,787,22,-6.913,1.746
0,787,24,30.994,-10.647
0,787,26,31.067,-12.018
0,787,27,25.489,-1.558
0,787,31,15.859,3.768
0,787,33,12.129,1.786
0,787,34,27.509,2.199
0,787,36,13.695,0.886
0,787,37,32.042,-11.562
0,787,38,13.987,1.155
0,787,39,22.799,-5.064
0,787,40,23.188,-2.703
0,787,41,10.906,1.87
0,787,42,28.215,-12.426
0,787,43,27.136,0.713
0,788,4,31.819,-6.217
0,788,7,110.602,-14.276
0,788,12,11.19,-4.565
0,788,16,22.749,17.512
0,788,18,40.141,-6.891
0,788,21,58.399,-13.4
0,788,22,-7.053,1.741
0,788,24,31.104,-10.594
0,788,26,31.007,-11.913
0,788,27,25.49,-1.557
0,788,31,15.703,1.824
0,788,33,12.082,1.852
0,788,34,27.481,2.309
0,788,36,13.68,0.852
0,788,37,32.097,-11.591
0,788,38,13.915,1.18
0,788,39,22.831,-5.059
0,788,40,23.177,-2.68
0,788,41,10.819,1.91
0,788,42,28.227,-12.469
0,788,43,27.024,0.643
0,789,4,32.084,-6.287
0,789,7,111.099,-14.399
0,789,12,10.962,-4.746
0,789,16,23.066,17.662
0,789,18,40.317,-6.923
0,789,21,58.351,-13.356
0,789,22,-7.193,1.736
0,789,24,31.237,-10.67
0,789,26,30.988,-11.924
0,789,27,25.49,-1.56
0,789,31,15.619,1.794
0,789,33,12.035,1.919
0,789,34,27.442,2.424
0,789,36,13.613,0.887
0,789,37,32.244,-11.576
0,789,38,13.843,1.226
0,789,39,22.809,-5.134
0,789,40,23.179,-2.711
0,789,41,10.74,1.918
0,789,42,28.23,-12.463
0,789,43,26.951,0.583
0,790,4,32.314,-6.346
0,790,7,111.397,-14.516
0,790,12,10.733,-4.927
0,790,16,23.384,17.813
0,790,18,40.505,-6.965
0,790,21,58.686,-13.433
0,790,22,-7.331,1.731
0,790,24,31.415,-10.687
0,790,26,30.979,-11.931
0,790,27,25.498,-1.549
0,790,31,15.534,1.763
0,790,33,11.988,1.987
0,790,34,27.418,2.118
0,790,36,13.557,0.913
0,790,37,32.357,-11.567
0,790,38,13.772,1.253
0,790,39,22.798,-5.131
0,790,40,23.188,-2.719
0,790,41,10.673,1.949
0,790,42,28.24,-12.468
0,790,43,26.845,0.557
0,791,4,32.531,-6.401
0,791,7,111.563,-14.602
0,791,12,10.504,-5.109
0,791,16,23.704,17.964
0,791,18,40.694,-7.003
0,791,21,59.021,-13.51
0,791,22,-7.469,1.724
0,791,24,31.53,-10.741
0,791,26,30.975,-11.899
0,791,27,25.483,-1.552
0,791,31,15.448,1.733
0,791,33,11.941,2.054
0,791,34,27.375,2.398
0,791,36,13.497,0.947
0,791,37,32.567,-11.548
0,791,38,13.713,1.309
0,791,39,22.792,-5.174
0,791,40,23.192,-2.724
0,791,41,10.565,1.974
0,791,42,28.264,-12.522
0,791,43,26.768,0.544
0,791,44,14.75,1.55
0,792,4,32.73,-6.438
0,792,7,112.028,-14.704
0,792,12,10.277,-5.291
0,792,16,24.024,18.113
0,792,18,40.836,-7.025
0,792,21,59.355,-13.586
0,792,22,-7.607,1.717
0,792,24,31.457,-10.737
0,792,26,30.96,-11.951
0,792,27,25.477,-1.555
0,792,31,15.375,1.703
0,792,33,11.894,2.121
0,792,34,27.427,2.578
0,792,36,13.438,0.977
0,792,37,32.605,-11.55
0,792,38,13.633,1.381
0,792,39,22.792,-5.186
0,792,40,23.195,-2.755
0,792,41,10.478,1.976
0,792,42,28.283,-12.511
0,792,43,26.694,0.513
0,792,44,14.753,1.557
0,793,4,33.11,-6.502
0,793,7,111.393,-14.667
0,793,12,10.05,-5.473
0,793,16,24.342,18.264
0,793,18,41.029,-7.043
0,793,21,59.69,-13.664
0,793,22,-7.743,1.71
0,793,24,31.547,-10.755
0,793,26,30.946,-11.963
0,793,27,25.499,-1.548
0,793,31,15.291,1.672
0,793,33,11.847,2.187
0,793,34,27.456,2.751
0,793,36,13.327,1.03
0,793,37,32.677,-11.545
0,793,38,13.553,1.405
0,793,39,22.81,-5.178
0,793,40,23.189,-2.735
0,793,41,10.387,2.004
0,793,42,28.303,-12.508
0,793,43,26.64,0.495
0,793,44,14.521,1.658
0,794,4,33.253,-6.528
0,794,7,111.866,-14.771
0,794,12,9.825,-5.655
0,794,16,24.661,18.414
0,794,18,41.166,-7.065
0,794,21,60.027,-13.741
0,794,22,-7.881,1.703
0,794,24,31.636,-10.774
0,794,26,30.933,-11.984
0,794,27,25.5,-1.562
0,794,31,15.207,1.64
0,794,33,10.453,0.668
0,794,34,27.429,2.853
0,794,36,13.224,1.058
0,794,37,32.75,-11.542
0,794,38,13.479,1.435
0,794,39,22.812,-5.152
0,794,40,23.15,-2.723
0,794,41,10.271,2.037
0,794,42,28.226,-12.458
0,794,43,26.535,0.463
0,794,44,14.438,1.815
0,795,4,33.625,-6.598
0,795,7,112.339,-14.876
0,795,12,9.601,-5.837
0,795,16,24.978,18.564
0,795,18,41.313,-7.091
0,795,21,60.363,-13.818
0,795,22,-8.017,1.695
0,795,24,31.726,-10.791
0,795,26,30.92,-11.987
0,795,27,25.499,-1.567
0,795,31,15.125,1.607
0,795,33,10.348,0.631
0,795,34,27.443,2.79
0,795,36,13.142,1.087
0,795,37,32.824,-11.538
0,795,38,13.399,1.465
0,795,39,22.809,-5.147
0,795,40,23.146,-2.777
0,795,41,10.172,2.044
0,795,42,28.227,-12.453
0,795,43,26.457,0.43
0,795,44,14.378,1.837
0,796,4,33.773,-6.628
0,796,7,112.827,-14.954
0,796,12,9.377,-6.018
0,796,16,25.297,18.714
0,796,18,41.543,-7.127
0,796,21,60.701,-13.896
0,796,22,-8.155,1.685
0,796,24,32.101,-11.356
0,796,26,30.907,-11.99
0,796,27,25.472,-1.552
0,796,31,15.042,1.574
0,796,33,10.245,0.593
0,796,34,27.429,2.856
0,796,36,13.057,1.105
0,796,37,32.897,-11.535
0,796,38,13.296,1.485
0,796,39,22.804,-5.125
0,796,40,23.152,-2.766
0,796,41,10.077,2.064
0,796,42,28.236,-12.456
0,796,43,26.359,0.404
0,796,44,14.271,1.86
0,797,4,34.105,-6.674
0,797,7,113.582,-14.992
0,797,12,9.154,-6.198
0,797,16,25.617,18.864
0,797,18,41.67,-7.191
0,797,21,61.04,-13.972
0,797,22,-8.292,1.674
0,797,24,32.213,-11.495
0,797,26,30.896,-11.992
0,797,27,25.495,-1.556
0,797,31,14.959,1.542
0,797,33,10.14,0.554
0,797,34,27.413,2.922
0,797,36,12.968,1.136
0,797,37,32.973,-11.532
0,797,38,13.221,1.53
0,797,39,22.835,-5.116
0,797,40,23.117,-2.725
0,797,41,9.972,2.12
0,797,42,28.237,-12.454
0,797,43,26.273,0.346
0,797,44,14.106,1.939
0,798,4,34.229,-6.688
0,798,7,114.46,-15.099
0,798,12,8.932,-6.378
0,798,16,25.934,19.014
0,798,18,41.785,-7.262
0,798,21,61.38,-14.049
0,798,22,-8.428,1.663
0,798,24,32.323,-11.635
0,798,26,30.887,-11.994
0,798,27,25.496,-1.563
0,798,31,14.876,1.51
0,798,33,10.037,0.517
0,798,34,27.396,2.988
0,798,36,12.883,1.156
0,798,37,33.049,-11.529
0,798,38,13.144,1.552
0,798,39,22.823,-5.156
0,798,40,23.114,-2.761
0,798,41,9.87,2.146
0,798,42,28.238,-12.451
0,798,43,26.195,0.299
0,798,44,13.996,1.972
0,799,4,34.561,-6.76
0,799,7,115.402,-15.212
0,799,12,8.712,-6.56
0,799,16,26.252,19.163
0,799,18,41.834,-7.332
0,799,21,61.719,-14.126
0,799,22,-8.562,1.651
0,799,24,32.433,-11.775
0,799,26,30.878,-11.995
0,799,27,25.497,-1.583
0,799,31,14.794,1.48
0,799,33,9.931,0.481
0,799,34,27.637,2.712
0,799,36,12.869,1.172
0,799,37,33.125,-11.525
0,799,38,13.132,1.574
0,799,39,22.807,-5.148
0,799,40,23.046,-2.716
0,799,41,9.763,2.18
0,799,42,28.24,-12.448
0,799,43,26.119,0.272
0,799,44,13.863,1.987
0,800,4,34.493,-6.904
0,800,7,116.278,-15.354
0,800,12,8.49,-6.74
0,800,16,26.571,19.312
0,800,18,42.299,-7.313
0,800,21,62.059,-14.203
0,800,22,-8.695,1.641
0,800,24,32.543,-11.915
0,800,26,30.869,-11.995
0,800,27,25.496,-1.554
0,800,31,14.711,1.45
0,800,33,9.825,0.446
0,800,34,27.644,2.705
0,800,36,12.747,1.227
0,800,37,31.435,-12.066
0,800,38,13.016,1.629
0,800,39,22.818,-5.139
0,800,40,23.032,-2.715
0,800,41,9.665,2.216
0,800,42,28.24,-12.445
0,800,43,26.043,0.235
0,800,44,13.723,2.042
0,801,4,34.796,-6.976
0,801,7,117.167,-15.493
0,801,12,8.266,-6.921
0,801,16,26.889,19.462
0,801,18,42.553,-7.396
0,801,21,63.056,-14.365
0,801,22,-8.829,1.629
0,801,24,32.653,-12.055
0,801,26,30.86,-11.996
0,801,27,25.494,-1.554
0,801,31,14.628,1.42
0,801,33,9.711,0.759
0,801,34,27.639,2.645
0,801,36,12.674,1.234
0,801,38,12.942,1.667
0,801,39,22.813,-5.166
0,801,40,22.993,-2.89
0,801,41,9.574,2.221
0,801,42,28.24,-12.443
0,801,43,25.96,0.181
0,801,44,13.606,2.087
0,802,4,35.029,-7.029
0,802,7,118.042,-15.626
0,802,12,8.042,-7.103
0,802,16,27.207,19.61
0,802,18,42.738,-7.374
0,802,21,63.409,-14.438
0,802,22,-8.962,1.617
0,802,24,32.818,-11.644
0,802,26,29.766,-12.776
0,802,27,25.485,-1.556
0,802,31,14.544,1.392
0,802,33,9.603,0.803
0,802,34,27.518,2.474
0,802,36,12.593,1.274
0,802,38,12.859,1.704
0,802,39,22.796,-5.155
0,802,40,22.993,-2.901
0,802,41,9.508,2.239
0,802,42,28.239,-12.441
0,802,43,25.923,0.157
0,802,44,13.57,2.13
0,803,4,35.353,-7.1
0,803,7,118.885,-15.74
0,803,12,7.818,-7.285
0,803,16,27.524,19.761
0,803,18,42.953,-7.393
0,803,21,63.762,-14.51
0,803,22,-9.095,1.605
0,803,24,33.994,-11.908
0,803,26,29.663,-12.889
0,803,27,25.45,-1.532
0,803,31,14.46,1.365
0,803,33,9.497,0.849
0,803,34,27.529,2.43
0,803,36,12.492,1.366
0,803,38,12.774,1.787
0,803,39,22.807,-5.152
0,803,40,22.996,-2.983
0,803,41,9.369,2.258
0,803,42,28.24,-12.438
0,803,43,25.878,0.134
0,803,44,13.465,2.192
0,804,4,35.699,-7.166
0,804,7,119.157,-15.631
0,804,12,7.595,-7.466
0,804,16,27.843,19.91
0,804,18,43.037,-7.401
0,804,21,64.114,-14.581
0,804,22,-9.23,1.593
0,804,24,34.249,-11.943
0,804,26,29.56,-13.001
0,804,27,25.442,-1.544
0,804,31,14.377,1.337
0,804,33,9.15,1.155
0,804,34,27.487,2.264
0,804,36,12.41,1.365
0,804,38,12.688,1.855
0,804,39,22.814,-5.199
0,804,40,22.984,-3.04
0,804,41,9.269,2.263
0,804,42,28.24,-12.435
0,804,43,25.811,0.093
0,804,44,13.367,2.225
0,805,4,36.057,-7.233
0,805,7,119.781,-15.59
0,805,12,7.373,-7.647
0,805,16,28.162,20.061
0,805,18,43.251,-7.418
0,805,21,64.468,-14.653
0,805,22,-9.365,1.58
0,805,24,33.607,-11.789
0,805,26,29.457,-13.114
0,805,27,25.463,-1.553
0,805,31,15.023,-1.756
0,805,33,9.026,1.258
0,805,34,27.499,2.196
0,805,36,12.34,1.385
0,805,38,12.615,1.849
0,805,39,22.827,-5.207
0,805,40,23.046,-2.999
0,805,41,9.198,2.253
0,805,42,28.239,-12.432
0,805,43,25.747,0.068
0,805,44,13.258,2.253
0,805,45,21.51,1.7
0,806,4,36.318,-7.286
0,806,7,119.87,-15.541
0,806,12,7.151,-7.83
0,806,16,28.481,20.212
0,806,18,43.414,-7.453
0,806,21,65.92,-15.115
0,806,22,-9.498,1.566
0,806,24,33.295,-11.738
0,806,26,29.354,-13.226
0,806,27,25.46,-1.56
0,806,31,14.945,-2.066
0,806,33,8.901,1.36
0,806,34,27.511,2.127
0,806,36,12.247,1.407
0,806,38,12.528,1.887
0,806,39,22.853,-5.208
0,806,40,23.003,-2.843
0,806,41,9.073,2.271
0,806,42,28.239,-12.43
0,806,43,25.671,0.017
0,806,44,13.171,2.315
0,806,45,21.537,1.672
0,807,4,36.401,-7.312
0,807,7,120.743,-15.678
0,807,12,6.931,-8.013
0,807,16,28.801,20.365
0,807,18,43.583,-7.478
0,807,21,66.291,-15.206
0,807,22,-9.633,1.551
0,807,24,33.387,-11.802
0,807,26,29.251,-13.337
0,807,27,25.453,-1.565
0,807,31,14.866,-2.378
0,807,33,8.776,1.464
0,807,34,27.539,2.04
0,807,36,12.164,1.438
0,807,38,12.419,1.909
0,807,39,22.859,-5.234
0,807,40,23.002,-2.788
0,807,41,8.969,2.269
0,807,42,28.239,-12.426
0,807,43,25.607,-0.022
0,807,44,13.071,2.36
0,807,45,21.554,1.664
0,808,4,36.823,-7.379
0,808,7,121.699,-15.829
0,808,12,6.71,-8.197
0,808,16,29.119,20.516
0,808,18,43.865,-7.544
0,808,21,66.662,-15.296
0,808,22,-9.768,1.538
0,808,24,33.354,-11.837
0,808,26,29.147,-13.449
0,808,27,25.465,-1.565
0,808,31,14.787,-2.688
0,808,33,8.652,1.568
0,808,34,27.551,1.962
0,808,36,12.107,1.462
0,808,38,12.373,1.964
0,808,39,22.838,-5.215
0,808,40,23.006,-2.757
0,808,41,8.882,2.301
0,808,42,28.239,-12.423
0,808,43,25.575,-0.046
0,808,44,13.005,2.394
0,808,45,21.568,1.657
0,808,46,30.53,-11.6
0,809,4,37.26,-7.445
0,809,7,121.235,-15.618
0,809,12,6.49,-8.379
0,809,16,29.438,20.667
0,809,18,44.001,-7.584
0,809,21,67.031,-15.384
0,809,22,-9.903,1.525
0,809,24,33.507,-11.911
0,809,26,29.043,-13.561
0,809,27,25.459,-1.573
0,809,31,14.709,-2.999
0,809,33,8.527,1.672
0,809,34,27.564,1.883
0,809,36,12.037,1.49
0,809,38,12.302,2.016
0,809,39,22.847,-5.191
0,809,40,23.082,-2.609
0,809,41,8.792,2.322
0,809,42,28.307,-12.455
0,809,43,25.477,-0.077
0,809,44,12.894,2.461
0,809,45,21.695,1.491
0,809,46,30.526,-11.601
0,809,47,25.32,-1.46
0,810,4,37.858,-7.574
0,810,7,121.844,-15.656
0,810,12,6.269,-8.562
0,810,16,29.758,20.817
0,810,18,44.125,-7.595
0,810,21,67.399,-15.473
0,810,22,-10.038,1.511
0,810,24,33.705,-11.966
0,810,26,29.236,-13.079
0,810,27,25.454,-1.579
0,810,31,14.631,-3.31
0,810,33,8.403,1.775
0,810,34,27.592,1.838
0,810,36,11.959,1.516
0,810,38,12.226,2.072
0,810,39,22.826,-5.24
0,810,40,23.099,-2.531
0,810,41,8.702,2.322
0,810,42,28.335,-12.438
0,810,43,25.412,-0.108
0,810,44,12.798,2.508
0,810,45,21.739,1.447
0,810,46,30.507,-11.589
0,810,47,25.328,-1.467
0,811,4,38.456,-7.708
0,811,7,122.689,-15.661
0,811,12,6.048,-8.746
0,811,16,30.077,20.968
0,811,18,44.246,-7.605
0,811,21,67.768,-15.563
0,811,22,-10.175,1.496
0,811,24,33.839,-12.075
0,811,26,29.214,-13.094
0,811,27,25.477,-1.587
0,811,31,14.554,-3.62
0,811,33,8.285,1.898
0,811,34,27.602,1.762
0,811,36,11.878,1.55
0,811,38,12.13,2.098
0,811,39,22.869,-5.241
0,811,40,23.031,-2.59
0,811,41,8.62,2.354
0,811,42,28.357,-12.471
0,811,43,25.32,-0.141
0,811,44,12.71,2.532
0,811,45,21.782,1.403
0,811,46,30.502,-11.573
0,811,47,25.35,-1.46
0,812,4,38.918,-7.808
0,812,7,124.765,-15.888
0,812,12,5.827,-8.93
0,812,16,30.396,21.119
0,812,18,44.356,-7.642
0,812,21,68.137,-15.653
0,812,22,-10.312,1.481
0,812,24,33.906,-12.057
0,812,26,29.192,-13.11
0,812,27,25.496,-1.617
0,812,31,14.477,-3.93
0,812,33,8.157,2.005
0,812,34,27.612,1.688
0,812,36,11.788,1.605
0,812,38,12.029,2.119
0,812,39,22.908,-5.258
0,812,40,22.96,-2.551
0,812,41,8.5,2.369
0,812,42,28.362,-12.47
0,812,43,25.267,-0.167
0,812,44,12.639,2.583
0,812,45,21.809,1.437
0,812,46,30.391,-11.44
0,812,47,25.375,-1.5
0,813,4,39.301,-7.885
0,813,7,125.253,-15.904
0,813,12,5.607,-9.114
0,813,16,30.715,21.27
0,813,18,44.553,-7.701
0,813,21,68.504,-15.743
0,813,22,-10.451,1.467
0,813,24,33.674,-11.93
0,813,26,29.169,-13.126
0,813,27,25.506,-1.627
0,813,31,14.399,-4.239
0,813,33,8.029,2.111
0,813,34,27.62,1.659
0,813,36,11.704,1.639
0,813,38,11.942,2.168
0,813,39,22.911,-5.307
0,813,40,22.95,-2.52
0,813,41,8.403,2.377
0,813,42,28.374,-12.499
0,813,43,25.206,-0.231
0,813,44,12.543,2.631
0,813,45,21.848,1.408
0,813,46,30.355,-11.398
0,813,47,25.398,-1.514
0,814,4,39.652,-7.961
0,814,7,125.738,-15.92
0,814,12,5.386,-9.297
0,814,16,31.034,21.422
0,814,18,44.763,-7.733
0,814,21,27.891,-4.691
0,814,22,-10.59,1.453
0,814,24,33.691,-11.914
0,814,26,29.146,-13.141
0,814,27,25.519,-1.639
0,814,31,14.321,-4.549
0,814,33,7.903,2.216
0,814,34,27.63,1.592
0,814,36,11.65,1.68
0,814,38,11.855,2.177
0,814,39,22.954,-5.316
0,814,40,22.865,-2.528
0,814,41,8.328,2.391
0,814,42,28.376,-12.504
0,814,43,25.149,-0.309
0,814,44,12.469,2.661
0,814,45,21.886,1.379
0,814,46,30.413,-11.358
0,814,47,25.481,-1.631
0,815,4,40.447,-8.131
0,815,7,126.226,-15.937
0,815,12,5.165,-9.481
0,815,16,31.355,21.574
0,815,18,44.958,-7.78
0,815,21,27.825,-4.45
0,815,22,-10.728,1.44
0,815,24,33.779,-11.925
0,815,26,29.121,-13.156
0,815,27,25.466,-1.627
0,815,31,14.243,-4.858
0,815,34,27.64,1.528
0,815,36,11.551,1.744
0,815,38,11.753,2.196
0,815,39,22.957,-5.306
0,815,40,22.849,-2.512
0,815,41,8.215,2.422
0,815,42,28.36,-12.497
0,815,43,25.055,-0.393
0,815,44,12.373,2.688
0,815,45,21.923,1.351
0,815,46,30.427,-11.315
0,815,47,25.569,-1.737
0,815,48,24.31,-4.29
0,816,4,40.805,-8.217
0,816,7,126.714,-15.95
0,816,12,4.943,-9.665
0,816,16,31.675,21.726
0,816,18,45.163,-7.822
0,816,21,27.759,-4.213
0,816,22,-10.865,1.426
0,816,24,33.955,-11.966
0,816,26,29.097,-13.172
0,816,27,25.465,-1.661
0,816,31,14.166,-5.167
0,816,34,27.66,1.471
0,816,36,11.471,1.764
0,816,38,11.669,2.202
0,816,39,22.963,-5.367
0,816,40,22.764,-2.443
0,816,41,8.126,2.425
0,816,42,28.376,-12.495
0,816,43,24.988,-0.441
0,816,44,12.278,2.741
0,816,45,21.96,1.322
0,816,46,30.398,-11.335
0,816,47,25.621,-1.8
0,816,48,24.311,-4.338
0,817,4,41.123,-8.312
0,817,7,127.202,-15.964
0,817,12,4.721,-9.848
0,817,16,31.994,21.877
0,817,18,45.397,-7.905
0,817,21,27.693,-3.974
0,817,22,-11.002,1.413
0,817,24,34.032,-11.978
0,817,26,29.074,-13.186
0,817,27,25.577,-1.718
0,817,31,14.088,-5.477
0,817,34,27.665,1.406
0,817,36,11.388,1.787
0,817,38,11.601,2.209
0,817,39,23.006,-5.386
0,817,40,22.742,-2.415
0,817,41,8.049,2.438
0,817,42,28.44,-12.509
0,817,43,24.954,-0.472
0,817,44,12.225,2.809
0,817,45,21.997,1.291
0,817,46,30.382,-11.333
0,817,47,25.64,-1.829
0,817,48,24.292,-4.33
0,818,4,41.355,-8.366
0,818,7,127.691,-15.978
0,818,12,4.5,-10.032
0,818,16,32.313,22.028
0,818,18,45.643,-7.978
0,818,21,27.627,-3.734
0,818,22,-11.139,1.4
0,818,24,34.109,-11.99
0,818,26,29.051,-13.2
0,818,27,25.593,-1.766
0,818,31,14.011,-5.786
0,818,34,27.67,1.339
0,818,36,11.329,1.811
0,818,38,11.508,2.246
0,818,39,23.054,-5.397
0,818,40,22.721,-2.387
0,818,41,7.897,2.466
0,818,42,28.449,-12.508
0,818,43,24.91,-0.515
0,818,44,12.103,2.863
0,818,45,22.235,1.098
0,818,46,30.374,-11.289
0,818,47,25.652,-1.885
0,818,48,24.31,-4.362
0,819,4,41.625,-8.434
0,819,7,128.178,-15.992
0,819,12,4.279,-10.216
0,819,16,32.633,22.179
0,819,18,45.834,-8.035
0,819,21,27.562,-3.494
0,819,22,-11.278,1.386
0,819,24,34.566,-12.106
0,819,26,29.027,-13.214
0,819,27,25.609,-1.812
0,819,31,13.934,-6.097
0,819,34,27.66,1.302
0,819,36,11.258,1.827
0,819,38,11.42,2.277
0,819,39,23.073,-5.461
0,819,40,22.674,-2.426
0,819,41,7.8,2.471
0,819,42,28.455,-12.489
0,819,43,24.849,-0.552
0,819,44,12.008,2.921
0,819,45,22.298,1.045
0,819,46,30.37,-11.241
0,819,47,25.689,-1.941
0,819,48,24.316,-4.379
0,820,4,41.907,-8.529
0,820,7,128.665,-16.006
0,820,16,32.952,22.328
0,820,18,46.236,-8.001
0,820,21,27.493,-3.254
0,820,22,-11.415,1.374
0,820,24,34.725,-12.133
0,820,26,29.001,-13.229
0,820,27,25.664,-1.881
0,820,34,27.695,1.246
0,820,36,11.137,1.879
0,820,38,11.344,2.324
0,820,39,23.132,-5.484
0,820,40,22.679,-2.422
0,820,41,7.691,2.481
0,820,42,28.466,-12.484
0,820,43,24.833,-0.598
0,820,44,11.898,2.963
0,820,45,22.36,0.992
0,820,46,30.367,-11.2
0,820,47,25.725,-1.996
0,820,48,24.412,-4.396
0,821,4,41.871,-8.582
0,821,7,129.151,-16.021
0,821,16,33.272,22.478
0,821,18,46.372,-7.93
0,821,21,27.427,-3.014
0,821,22,-11.552,1.362
0,821,24,35.159,-12.266
0,821,26,28.974,-13.243
0,821,27,25.699,-1.923
0,821,34,27.707,1.184
0,821,36,10.998,1.904
0,821,38,11.255,2.351
0,821,39,23.165,-5.489
0,821,40,22.582,-2.41
0,821,41,7.577,2.52
0,821,42,28.475,-12.479
0,821,43,24.799,-0.678
0,821,44,11.762,3.048
0,821,45,22.506,0.965
0,821,46,30.357,-11.161
0,821,47,25.76,-2.108
0,821,48,24.478,-4.478
0,822,4,42.006,-8.685
0,822,7,129.64,-16.037
0,822,16,33.591,22.626
0,822,18,46.58,-7.932
0,822,21,27.363,-2.774
0,822,22,-11.689,1.35
0,822,24,35.511,-12.35
0,822,26,28.949,-13.26
0,822,27,25.729,-1.965
0,822,34,27.707,1.136
0,822,36,10.902,1.917
0,822,38,11.171,2.371
0,822,39,23.182,-5.56
0,822,40,22.521,-2.404
0,822,41,7.476,2.516
0,822,42,28.485,-12.474
0,822,43,24.755,-0.769
0,822,44,11.659,3.082
0,822,45,22.583,0.919
0,822,46,30.36,-11.097
0,822,47,25.797,-2.151
0,822,48,24.515,-4.465
0,823,4,42.136,-8.785
0,823,7,130.129,-16.053
0,823,16,33.91,22.773
0,823,18,46.821,-7.983
0,823,21,27.298,-2.533
0,823,22,-11.826,1.336
0,823,24,34.787,-12.285
0,823,26,29.627,-12.796
0,823,27,25.759,-2.008
0,823,34,27.722,1.077
0,823,36,10.806,1.948
0,823,38,11.104,2.397
0,823,39,23.26,-5.591
0,823,41,7.377,2.561
0,823,42,28.579,-12.727
0,823,43,24.724,-0.813
0,823,44,11.565,3.119
0,823,45,22.736,0.854
0,823,46,30.364,-11.135
0,823,47,25.827,-2.21
0,823,48,24.522,-4.534
0,824,4,42.388,-8.923
0,824,7,130.618,-16.068
0,824,16,34.231,22.921
0,824,18,47.289,-8.166
0,824,21,27.235,-2.291
0,824,22,-11.964,1.322
0,824,24,34.856,-12.339
0,824,26,29.664,-12.786
0,824,27,25.789,-2.05
0,824,34,27.738,1.018
0,824,36,10.754,1.949
0,824,38,11.013,2.42
0,824,39,23.339,-5.628
0,824,41,7.263,2.571
0,824,42,28.583,-12.759
0,824,43,24.686,-0.878
0,824,44,11.425,3.191
0,824,45,22.855,0.753
0,824,46,30.355,-11.111
0,824,47,25.902,-2.28
0,824,48,24.596,-4.613
0,825,4,42.65,-9.032
0,825,7,131.106,-16.084
0,825,16,34.552,23.069
0,825,18,47.619,-8.235
0,825,21,27.173,-2.051
0,825,22,-12.101,1.309
0,825,24,35.374,-12.32
0,825,26,29.656,-12.774
0,825,27,25.819,-2.093
0,825,34,27.752,0.949
0,825,36,10.671,1.975
0,825,38,10.934,2.438
0,825,39,23.375,-5.711
0,825,41,7.164,2.568
0,825,42,28.59,-12.79
0,825,43,24.644,-0.921
0,825,44,11.327,3.199
0,825,45,22.955,0.717
0,825,46,30.352,-11.021
0,825,47,25.941,-2.349
0,825,48,24.633,-4.695
0,826,4,42.682,-9.136
0,826,7,131.591,-16.098
0,826,16,34.871,23.215
0,826,18,47.965,-8.312
0,826,21,27.111,-1.811
0,826,22,-12.239,1.296
0,826,24,35.483,-12.334
0,826,26,29.645,-12.779
0,826,27,25.847,-2.136
0,826,34,27.771,0.888
0,826,36,10.618,1.993
0,826,38,10.86,2.471
0,826,39,23.462,-5.765
0,826,41,7.088,2.636
0,826,42,28.596,-12.821
0,826,43,24.616,-0.986
0,826,44,11.254,3.195
0,826,45,23.013,0.678
0,826,46,30.357,-10.948
0,826,47,25.96,-2.399
0,826,48,24.676,-4.734
0,827,4,42.709,-9.251
0,827,7,132.079,-16.111
0,827,16,35.192,23.362
0,827,18,48.317,-8.383
0,827,21,27.048,-1.57
0,827,22,23.766,0.459
0,827,24,35.04,-12.082
0,827,26,29.589,-12.755
0,827,27,25.876,-2.18
0,827,34,27.79,0.828
0,827,36,10.503,2.052
0,827,38,10.766,2.524
0,827,39,23.549,-5.837
0,827,41,6.99,2.699
0,827,42,28.603,-12.853
0,827,43,24.619,-1.061
0,827,44,11.156,3.225
0,827,45,23.101,0.622
0,827,46,30.352,-10.883
0,827,47,26.028,-2.493
0,827,48,24.712,-4.801
0,828,4,43.023,-9.387
0,828,7,132.567,-16.123
0,828,16,35.513,23.509
0,828,18,48.708,-8.481
0,828,21,26.986,-1.328
0,828,22,24.065,0.454
0,828,24,36.612,-12.65
0,828,26,29.615,-12.711
0,828,27,25.903,-2.223
0,828,34,27.909,0.747
0,828,36,10.42,2.076
0,828,38,10.689,2.536
0,828,39,23.612,-5.908
0,828,41,6.909,2.705
0,828,42,28.61,-12.885
0,828,43,24.583,-1.105
0,828,44,11.053,3.256
0,828,45,23.193,0.569
0,828,46,30.342,-10.815
0,828,47,26.076,-2.582
0,828,48,24.748,-4.849
0,829,4,37.641,-7.774
0,829,7,133.054,-16.135
0,829,16,35.832,23.657
0,829,18,49.094,-8.558
0,829,21,26.924,-1.085
0,829,22,24.364,0.449
0,829,24,36.747,-12.671
0,829,26,29.633,-12.692
0,829,27,25.931,-2.266
0,829,34,27.934,0.685
0,829,36,10.352,2.147
0,829,38,10.612,2.548
0,829,39,23.663,-5.99
0,829,41,6.815,2.74
0,829,42,28.618,-12.917
0,829,43,24.59,-1.171
0,829,44,10.976,3.316
0,829,45,23.237,0.496
0,829,46,29.918,-10.568
0,829,47,26.128,-2.658
0,829,48,24.847,-4.89
0,829,49,24.36,-5.46
0,830,4,37.823,-7.755
0,830,7,133.542,-16.147
0,830,16,36.152,23.803
0,830,18,49.526,-8.625
0,830,21,26.214,-2.003
0,830,22,24.664,0.444
0,830,24,36.882,-12.693
0,830,26,29.651,-12.672
0,830,27,25.959,-2.31
0,830,34,28.141,0.589
0,830,36,10.23,2.17
0,830,38,10.53,2.569
0,830,39,23.772,-6.087
0,830,41,6.679,2.775
0,830,42,28.626,-12.948
0,830,43,24.597,-1.248
0,830,44,10.873,3.391
0,830,45,23.304,0.414
0,830,46,29.864,-10.453
0,830,47,26.216,-2.773
0,830,48,24.935,-4.938
0,830,49,24.403,-5.456
0,831,4,37.716,-7.652
0,831,7,131.607,-16.751
0,831,16,36.472,23.95
0,831,18,49.834,-8.686
0,831,21,26.131,-1.966
0,831,22,24.964,0.439
0,831,24,37.536,-12.927
0,831,26,29.708,-12.655
0,831,27,25.987,-2.353
0,831,34,28.183,0.523
0,831,36,10.141,2.171
0,831,38,10.466,2.562
0,831,39,23.835,-6.198
0,831,41,6.587,2.786
0,831,42,28.634,-12.978
0,831,43,24.575,-1.318
0,831,44,10.779,3.438
0,831,45,23.379,0.351
0,831,46,29.798,-10.484
0,831,47,26.276,-2.872
0,831,48,24.966,-5.111
0,831,49,24.412,-5.475
0,832,4,42.018,-8.72
0,832,7,132.059,-16.816
0,832,16,36.793,24.099
0,832,18,50.038,-8.74
0,832,21,26.017,-1.862
0,832,22,25.265,0.432
0,832,24,37.766,-13.002
0,832,26,29.613,-12.736
0,832,27,26.017,-2.396
0,832,34,28.277,0.447
0,832,36,10.107,2.144
0,832,38,10.387,2.575
0,832,39,23.847,-6.241
0,832,41,6.532,2.821
0,832,43,24.565,-1.382
0,832,44,10.664,3.508
0,832,45,23.44,0.296
0,832,46,29.734,-10.492
0,832,47,26.298,-2.969
0,832,48,25.018,-5.162
0,832,49,24.472,-5.51
0,833,4,42.264,-8.77
0,833,7,132.511,-16.881
0,833,16,37.114,24.249
0,833,18,50.237,-8.79
0,833,21,25.904,-1.758
0,833,22,25.566,0.427
0,833,24,37.912,-13.038
0,833,26,29.616,-12.734
0,833,27,26.142,-2.015
0,833,34,28.308,0.379
0,833,36,10.036,2.194
0,833,38,10.304,2.612
0,833,39,23.953,-6.353
0,833,41,6.395,2.86
0,833,43,24.582,-1.442
0,833,44,10.59,3.568
0,833,45,23.526,0.223
0,833,46,29.576,-10.364
0,833,47,26.369,-3.088
0,833,48,25.075,-5.203
0,833,49,24.494,-5.556
0,834,4,42.996,-8.943
0,834,7,132.961,-16.945
0,834,16,37.435,24.397
0,834,18,50.503,-8.852
0,834,21,25.793,-1.653
0,834,22,25.868,0.424
0,834,24,38.18,-13.107
0,834,26,29.85,-12.639
0,834,27,26.183,-2.011
0,834,34,28.502,0.298
0,834,36,9.966,2.193
0,834,38,10.224,2.621
0,834,39,24.015,-6.495
0,834,41,6.327,2.831
0,834,43,24.571,-1.495
0,834,44,10.499,3.622
0,834,45,23.604,0.179
0,834,46,29.507,-10.303
0,834,47,26.428,-3.159
0,834,48,25.135,-5.267
0,834,49,24.515,-5.663
0,835,4,43.249,-8.999
0,835,7,128.918,-16.735
0,835,16,37.757,24.546
0,835,18,50.619,-8.843
0,835,21,25.68,-1.549
0,835,22,26.169,0.42
0,835,24,38.329,-13.143
0,835,26,29.879,-12.605
0,835,27,26.225,-2.008
0,835,34,28.535,0.227
0,835,36,9.851,2.245
0,835,38,10.122,2.653
0,835,39,24.067,-6.575
0,835,41,6.236,2.916
0,835,43,24.661,-1.544
0,835,44,10.393,3.661
0,835,45,23.661,0.116
0,835,46,29.513,-10.256
0,835,47,26.483,-3.237
0,835,48,25.199,-5.328
0,835,49,24.56,-5.697
0,835,50,26.87,-11.11
0,836,4,36.159,-7.933
0,836,7,129.352,-16.844
0,836,16,38.08,24.697
0,836,18,50.893,-8.912
0,836,21,25.566,-1.444
0,836,22,26.47,0.417
0,836,24,37.765,-12.601
0,836,26,29.91,-12.572
0,836,27,26.267,-2.006
0,836,34,28.569,0.156
0,836,36,9.752,2.27
0,836,38,10.042,2.676
0,836,39,24.184,-6.67
0,836,41,6.102,2.96
0,836,43,24.717,-1.617
0,836,44,10.196,3.689
0,836,45,23.782,0.019
0,836,46,29.515,-10.187
0,836,47,26.539,-3.311
0,836,48,25.279,-5.41
0,836,49,24.636,-5.767
0,836,50,26.846,-11.069
0,837,4,35.944,-7.985
0,837,7,131.961,-17.057
0,837,16,38.401,24.847
0,837,18,51.223,-8.997
0,837,21,25.451,-1.34
0,837,22,26.771,0.413
0,837,24,36.999,-12.479
0,837,26,30.116,-12.518
0,837,27,26.31,-2.005
0,837,34,28.604,0.086
0,837,36,9.667,2.269
0,837,38,9.961,2.699
0,837,39,24.261,-6.764
0,837,41,6.081,2.805
0,837,43,24.738,-1.681
0,837,44,10.077,3.735
0,837,45,23.857,-0.046
0,837,46,29.483,-10.094
0,837,47,26.571,-3.448
0,837,48,25.344,-5.477
0,837,49,24.663,-5.866
0,837,50,26.844,-11.061
0,838,4,36.075,-8.114
0,838,7,132.608,-17.171
0,838,16,38.722,24.998
0,838,18,51.638,-9.105
0,838,21,25.337,-1.235
0,838,22,27.072,0.41
0,838,24,39.746,-13.085
0,838,26,30.163,-12.47
0,838,27,26.352,-2.003
0,838,34,28.64,0.016
0,838,36,9.59,2.292
0,838,38,9.881,2.721
0,838,39,24.39,-6.908
0,838,41,5.971,2.896
0,838,43,24.826,-1.758
0,838,44,9.965,3.82
0,838,45,23.973,-0.134
0,838,46,29.424,-10.066
0,838,47,26.642,-3.487
0,838,48,25.413,-5.546
0,838,49,24.73,-5.917
0,838,50,26.708,-10.982
0,839,4,36.538,-8.295
0,839,7,136.777,-17.45
0,839,16,39.042,25.15
0,839,18,51.998,-9.196
0,839,21,25.221,-1.128
0,839,22,27.198,1.648
0,839,24,38.962,-12.714
0,839,26,30.354,-12.462
0,839,27,26.395,-2.001
0,839,34,28.673,-0.056
0,839,36,9.505,2.304
0,839,38,9.801,2.742
0,839,39,24.516,-6.854
0,839,41,5.981,2.751
0,839,43,24.857,-1.85
0,839,44,9.863,3.845
0,839,45,24.057,-0.211
0,839,46,29.385,-9.977
0,839,47,26.685,-3.629
0,839,48,25.477,-5.615
0,839,49,24.758,-5.989
0,839,50,26.664,-10.953
0,840,4,30.322,-7.382
0,840,7,138.359,-17.652
0,840,16,39.362,25.303
0,840,18,52.429,-9.289
0,840,21,25.103,-1.022
0,840,22,27.46,1.825
0,840,24,39.186,-12.669
0,840,26,30.411,-12.41
0,840,27,26.439,-1.999
0,840,34,28.706,-0.127
0,840,36,9.423,2.311
0,840,38,9.72,2.765
0,840,39,24.621,-6.974
0,840,41,5.855,2.791
0,840,43,24.918,-1.896
0,840,44,9.735,3.867
0,840,45,24.144,-0.287
0,840,46,29.45,-9.816
0,840,47,26.747,-3.637
0,840,48,25.475,-5.687
0,840,49,24.847,-6.049
0,840,50,26.565,-10.86
0,841,4,30.356,-7.598
0,841,7,138.841,-17.704
0,841,16,39.682,25.456
0,841,18,52.673,-9.354
0,841,21,24.985,-0.918
0,841,22,27.722,2.001
0,841,24,36.371,-11.75
0,841,26,30.469,-12.359
0,841,27,26.481,-1.999
0,841,36,9.359,2.34
0,841,38,9.638,2.789
0,841,39,24.731,-7.142
0,841,41,5.702,2.838
0,841,43,24.972,-1.936
0,841,44,9.596,3.924
0,841,45,24.268,-0.414
0,841,46,29.459,-9.656
0,841,47,26.881,-3.752
0,841,48,25.525,-5.753
0,841,49,24.904,-6.105
0,841,50,26.502,-10.825
0,841,51,12.6,8.74
0,842,4,30.389,-7.815
0,842,7,139.323,-17.756
0,842,16,40.002,25.61
0,842,18,53.536,-9.362
0,842,21,24.869,-0.811
0,842,22,27.984,2.178
0,842,24,31.882,-10.346
0,842,26,30.866,-12.515
0,842,27,26.524,-1.999
0,842,36,9.281,2.355
0,842,38,9.558,2.814
0,842,39,24.792,-7.361
0,842,41,5.582,2.885
0,842,43,25.015,-2.001
0,842,44,9.481,3.958
0,842,45,24.36,-0.5
0,842,46,29.418,-9.602
0,842,47,26.952,-3.875
0,842,48,25.554,-5.881
0,842,49,24.943,-6.192
0,842,50,26.442,-10.781
0,842,51,12.599,8.743
0,843,4,30.543,-7.926
0,843,7,139.803,-17.807
0,843,16,40.324,25.765
0,843,18,53.779,-9.366
0,843,21,24.753,-0.706
0,843,22,28.896,2.183
0,843,24,28.649,-9.372
0,843,26,31.292,-12.668
0,843,27,26.567,-1.998
0,843,36,9.189,2.395
0,843,38,9.477,2.838
0,843,39,24.901,-7.508
0,843,41,5.447,3.029
0,843,43,25.083,-2.038
0,843,44,9.348,3.985
0,843,45,24.474,-0.581
0,843,46,29.383,-9.543
0,843,47,26.972,-3.907
0,843,48,25.61,-5.945
0,843,49,25.007,-6.252
0,843,50,26.375,-10.795
0,843,51,13.01,8.436
0,844,4,30.611,-8.128
0,844,7,142.667,-18.176
0,844,16,40.646,25.919
0,844,18,53.945,-9.369
0,844,21,24.638,-0.6
0,844,22,29.656,2.248
0,844,24,26.501,-8.77
0,844,26,31.353,-12.666
0,844,27,26.611,-1.997
0,844,36,9.07,2.424
0,844,38,9.397,2.862
0,844,39,25.027,-7.636
0,844,41,5.301,3.137
0,844,43,25.149,-2.098
0,844,44,9.195,3.999
0,844,45,24.596,-0.693
0,844,46,29.282,-9.415
0,844,47,27.029,-4.049
0,844,48,25.684,-6.008
0,844,49,25.051,-6.346
0,844,50,26.334,-10.71
0,844,51,13.474,8.327
0,845,4,30.685,-8.277
0,845,7,143.161,-18.233
0,845,16,40.968,26.073
0,845,18,54.212,-9.393
0,845,22,30.046,2.331
0,845,24,26.375,-8.744
0,845,26,31.621,-12.741
0,845,27,26.654,-1.996
0,845,36,8.986,2.423
0,845,38,9.318,2.886
0,845,39,25.143,-7.755
0,845,41,5.166,3.232
0,845,43,25.201,-2.188
0,845,44,9.083,3.98
0,845,45,24.703,-0.783
0,845,46,29.247,-9.318
0,845,47,27.083,-4.191
0,845,48,25.732,-6.087
0,845,49,25.1,-6.424
0,845,50,26.281,-10.645
0,845,51,13.717,8.183
0,846,4,30.69,-8.289
0,846,7,143.655,-18.29
0,846,16,41.29,26.229
0,846,18,54.316,-9.46
0,846,22,30.679,2.331
0,846,24,26.249,-8.719
0,846,26,32.032,-12.873
0,846,27,24.393,-0.743
0,846,36,8.947,2.434
0,846,38,9.238,2.912
0,846,39,25.218,-7.836
0,846,41,5.113,3.227
0,846,43,25.258,-2.225
0,846,44,8.986,4.029
0,846,45,24.801,-0.873
0,846,46,29.211,-9.271
0,846,47,27.373,-4.309
0,846,48,25.764,-6.142
0,846,49,25.159,-6.465
0,846,50,26.252,-10.614
0,846,51,14.159,7.994
0,846,52,9.17,2.93
0,847,4,30.751,-8.416
0,847,7,143.537,-18.293
0,847,16,41.613,26.385
0,847,18,54.578,-9.505
0,847,22,31.132,2.341
0,847,24,26.123,-8.693
0,847,26,32.131,-12.867
0,847,27,24.369,-0.649
0,847,36,8.86,2.45
0,847,38,9.074,2.553
0,847,39,25.331,-7.916
0,847,41,4.966,3.245
0,847,43,25.322,-2.267
0,847,44,8.872,4.087
0,847,45,24.935,-0.967
0,847,46,29.1,-9.196
0,847,47,27.477,-4.418
0,847,48,25.833,-6.209
0,847,49,25.2,-6.524
0,847,50,26.143,-10.535
0,847,51,14.531,7.696
0,847,52,9.076,2.934
0,848,4,30.755,-8.286
0,848,7,144.018,-18.352
0,848,16,41.934,26.539
0,848,18,54.841,-9.551
0,848,22,31.555,2.376
0,848,24,25.989,-8.55
0,848,26,32.398,-12.965
0,848,27,24.345,-0.556
0,848,36,8.776,2.479
0,848,38,8.997,2.541
0,848,39,25.433,-8.028
0,848,41,4.84,3.291
0,848,43,25.372,-2.36
0,848,44,8.811,4.005
0,848,45,25.046,-1.067
0,848,46,29.034,-9.202
0,848,47,27.596,-4.512
0,848,48,25.872,-6.3
0,848,49,25.259,-6.561
0,848,50,26.082,-10.485
0,848,51,14.846,7.462
0,848,52,9.013,2.936
0,849,4,30.817,-8.326
0,849,7,145.825,-18.621
0,849,16,42.256,26.694
0,849,18,55.102,-9.596
0,849,22,31.981,2.412
0,849,24,25.854,-8.486
0,849,26,32.503,-12.97
0,849,27,24.32,-0.461
0,849,36,8.713,2.511
0,849,38,8.92,2.529
0,849,39,25.532,-8.112
0,849,41,4.769,3.264
0,849,43,25.424,-2.355
0,849,44,8.692,4.059
0,849,45,25.115,-1.151
0,849,46,28.986,-9.14
0,849,47,27.706,-4.626
0,849,48,25.922,-6.35
0,849,49,25.305,-6.64
0,849,50,25.949,-10.452
0,849,51,15.161,7.228
0,849,52,8.923,2.945
0,850,4,30.879,-8.348
0,850,7,146.438,-18.714
0,850,16,42.578,26.847
0,850,18,55.321,-9.717
0,850,22,32.478,2.407
0,850,24,25.735,-8.434
0,850,26,32.608,-12.976
0,850,27,24.295,-0.366
0,850,36,8.641,2.53
0,850,38,8.843,2.517
0,850,39,25.656,-8.235
0,850,41,4.646,3.285
0,850,43,25.484,-2.371
0,850,44,8.588,4.071
0,850,45,25.253,-1.248
0,850,46,28.939,-9.079
0,850,47,27.833,-4.684
0,850,48,25.951,-6.405
0,850,49,25.334,-6.687
0,850,50,25.832,-10.378
0,850,51,15.499,6.962
0,850,52,8.82,3.001
0,851,4,30.948,-8.367
0,851,7,146.916,-18.782
0,851,16,42.9,27.0
0,851,18,55.581,-9.779
0,851,22,32.915,2.429
0,851,24,25.602,-8.357
0,851,26,32.711,-12.981
0,851,27,24.27,-0.271
0,851,36,8.57,2.542
0,851,38,8.765,2.504
0,851,39,25.761,-8.345
0,851,41,4.532,3.305
0,851,43,25.538,-2.47
0,851,44,8.523,3.873
0,851,45,25.365,-1.347
0,851,46,28.872,-9.096
0,851,47,27.948,-4.805
0,851,48,25.996,-6.473
0,851,49,25.392,-6.702
0,851,50,25.756,-10.317
0,851,51,15.861,6.555
0,851,52,8.739,2.99
0,852,4,31.032,-8.463
0,852,7,147.969,-18.921
0,852,16,43.223,27.152
0,852,18,56.912,-9.748
0,852,22,33.34,2.458
0,852,24,25.486,-8.299
0,852,26,32.815,-12.985
0,852,27,24.246,-0.174
0,852,36,8.451,2.545
0,852,38,8.688,2.491
0,852,39,25.949,-8.204
0,852,41,4.466,3.292
0,852,43,25.627,-2.515
0,852,44,8.429,3.783
0,852,45,25.453,-1.409
0,852,46,28.817,-9.04
0,852,47,28.051,-4.917
0,852,48,26.028,-6.53
0,852,49,25.877,-6.768
0,852,50,25.607,-10.209
0,852,51,16.196,6.233
0,852,52,8.685,3.066
0,853,4,31.117,-8.553
0,853,7,148.936,-19.044
0,853,16,43.546,27.305
0,853,18,57.79,-9.927
0,853,22,33.798,2.488
0,853,24,25.413,-8.119
0,853,26,32.917,-12.99
0,853,27,24.222,-0.078
0,853,36,8.359,2.574
0,853,38,9.203,3.214
0,853,39,26.084,-8.3
0,853,41,4.38,3.312
0,853,43,25.71,-2.553
0,853,44,8.337,3.712
0,853,45,25.602,-1.533
0,853,46,28.678,-8.938
0,853,47,28.152,-5.033
0,853,48,26.059,-6.588
0,853,49,25.987,-6.796
0,853,50,25.501,-10.155
0,853,51,16.542,5.92
0,853,52,8.588,3.101
0,853,53,8.1,4.17
0,854,4,31.172,-8.609
0,854,7,150.297,-19.221
0,854,16,43.87,27.457
0,854,18,58.086,-9.957
0,854,22,34.239,2.517
0,854,24,25.311,-8.027
0,854,26,33.021,-12.996
0,854,27,24.2,0.017
0,854,36,8.271,2.589
0,854,38,9.116,3.293
0,854,39,26.212,-8.365
0,854,41,4.286,3.323
0,854,43,25.772,-2.621
0,854,44,8.244,3.64
0,854,45,25.722,-1.645
0,854,46,28.608,-8.894
0,854,47,28.243,-5.165
0,854,48,26.104,-6.65
0,854,49,26.097,-6.825
0,854,50,25.402,-10.099
0,854,51,16.919,5.647
0,854,52,8.517,3.098
0,854,53,8.1,4.176
0,855,4,31.327,-8.593
0,855,7,151.42,-19.36
0,855,16,44.195,27.608
0,855,18,58.644,-10.082
0,855,22,34.657,2.551
0,855,24,25.26,-7.862
0,855,26,33.125,-13.001
0,855,27,24.178,0.113
0,855,36,8.187,2.67
0,855,38,9.028,3.372
0,855,39,26.359,-8.383
0,855,41,4.282,3.365
0,855,43,25.854,-2.634
0,855,44,8.151,3.569
0,855,45,25.818,-1.713
0,855,46,28.537,-8.85
0,855,47,28.212,-5.384
0,855,48,26.126,-6.728
0,855,49,26.208,-6.855
0,855,50,25.307,-10.066
0,855,51,17.255,5.411
0,855,52,8.439,3.13
0,855,53,7.964,4.221
0,856,4,31.256,-8.696
0,856,7,152.655,-19.517
0,856,16,44.518,27.759
0,856,18,58.817,-10.152
0,856,22,35.135,2.593
0,856,24,25.166,-7.754
0,856,26,33.231,-13.007
0,856,27,24.157,0.208
0,856,36,8.096,2.707
0,856,38,8.939,3.452
0,856,39,26.49,-8.467
0,856,41,4.182,3.325
0,856,43,25.932,-2.668
0,856,44,8.058,3.498
0,856,45,25.958,-1.84
0,856,46,28.486,-8.797
0,856,47,28.303,-5.51
0,856,48,26.066,-6.877
0,856,49,26.344,-6.363
0,856,50,25.181,-9.98
0,856,51,17.598,5.116
0,856,52,8.382,3.16
0,856,53,7.794,4.208
0,857,4,31.372,-8.829
0,857,7,153.159,-19.58
0,857,16,44.843,27.908
0,857,18,59.605,-10.337
0,857,22,35.576,2.63
0,857,24,25.071,-7.644
0,857,26,33.336,-13.011
0,857,27,24.137,0.305
0,857,36,8.017,2.722
0,857,38,8.852,3.533
0,857,39,26.616,-8.528
0,857,41,4.102,3.33
0,857,43,26.002,-2.763
0,857,44,7.966,3.428
0,857,45,26.069,-1.957
0,857,46,28.42,-8.744
0,857,47,28.413,-5.612
0,857,48,26.075,-6.987
0,857,49,26.468,-6.235
0,857,50,25.081,-9.917
0,857,51,17.939,4.807
0,857,52,8.318,3.167
0,857,53,7.682,4.215
0,858,4,31.441,-8.921
0,858,7,153.881,-19.642
0,858,16,45.166,28.059
0,858,18,59.652,-10.381
0,858,22,35.989,2.66
0,858,24,24.977,-7.533
0,858,26,33.44,-13.014
0,858,27,24.119,0.403
0,858,36,7.939,2.751
0,858,38,8.764,3.614
0,858,39,26.76,-8.726
0,858,41,3.945,3.291
0,858,43,26.017,-2.801
0,858,44,7.876,3.359
0,858,45,26.176,-1.995
0,858,46,28.458,-8.704
0,858,47,28.526,-5.706
0,858,48,26.191,-7.078
0,858,49,26.573,-6.158
0,858,50,24.98,-9.861
0,858,51,18.288,4.665
0,858,52,8.255,3.167
0,858,53,7.563,4.195
0,858,54,8.29,3.18
0,859,4,31.524,-9.02
0,859,7,153.361,-19.491
0,859,16,45.489,28.209
0,859,18,59.72,-10.414
0,859,22,36.423,2.7
0,859,24,25.09,-7.583
0,859,26,28.555,-8.516
0,859,27,24.102,0.501
0,859,36,7.86,2.749
0,859,38,8.676,3.694
0,859,39,26.893,-8.586
0,859,41,3.839,3.281
0,859,43,26.097,-2.881
0,859,44,7.785,3.29
0,859,45,26.313,-2.078
0,859,46,28.352,-8.609
0,859,47,28.64,-5.511
0,859,48,26.276,-7.134
0,859,49,26.685,-6.061
0,859,50,24.868,-9.796
0,859,51,18.633,4.413
0,859,52,8.187,3.181
0,859,53,7.424,4.183
0,859,54,8.286,3.179
0,860,4,31.585,-9.117
0,860,7,153.861,-19.53
0,860,16,45.812,28.36
0,860,18,59.931,-10.471
0,860,22,36.863,2.737
0,860,24,25.009,-7.494
0,860,26,28.47,-8.237
0,860,27,24.085,0.599
0,860,36,7.78,2.745
0,860,38,8.587,3.773
0,860,39,26.988,-8.617
0,860,41,3.733,3.271
0,860,43,26.161,-2.994
0,860,44,7.693,3.223
0,860,45,26.428,-2.2
0,860,46,28.294,-8.582
0,860,47,28.734,-5.556
0,860,48,26.318,-7.212
0,860,49,26.796,-5.964
0,860,50,24.76,-9.732
0,860,51,18.978,4.163
0,860,52,8.12,3.206
0,860,53,7.309,4.178
0,860,54,8.281,3.177
0,861,4,31.636,-9.193
0,861,7,156.115,-19.803
0,861,16,46.136,28.509
0,861,18,60.325,-10.548
0,861,22,37.328,2.777
0,861,24,24.928,-7.406
0,861,26,29.704,-8.624
0,861,27,24.068,0.696
0,861,36,7.696,2.806
0,861,38,8.496,3.852
0,861,39,27.071,-8.637
0,861,41,3.627,3.263
0,861,43,26.226,-3.093
0,861,44,7.6,3.154
0,861,45,26.531,-2.249
0,861,46,28.251,-8.474
0,861,47,28.899,-5.498
0,861,48,26.36,-7.288
0,861,49,26.906,-5.867
0,861,50,24.61,-9.656
0,861,51,19.322,3.91
0,861,52,8.061,3.227
0,861,53,7.198,4.183
0,861,54,7.985,3.245
0,862,4,31.718,-9.278
0,862,7,156.34,-19.919
0,862,16,46.46,28.658
0,862,18,60.359,-10.544
0,862,22,37.815,2.813
0,862,24,24.846,-7.318
0,862,26,29.645,-8.465
0,862,27,24.05,0.795
0,862,36,7.606,2.853
0,862,38,5.449,1.491
0,862,39,27.178,-8.664
0,862,41,3.52,3.253
0,862,43,26.35,-3.169
0,862,44,7.508,3.085
0,862,45,26.637,-2.344
0,862,46,28.185,-8.406
0,862,47,28.995,-5.497
0,862,48,26.46,-7.324
0,862,49,27.009,-5.753
0,862,50,24.437,-9.553
0,862,51,19.664,3.658
0,862,52,8.007,3.277
0,862,53,7.051,4.235
0,862,54,7.911,3.246
0,862,55,27.14,-9.75
0,863,4,31.775,-9.364
0,863,7,156.855,-19.981
0,863,16,46.782,28.807
0,863,18,60.939,-10.625
0,863,22,38.257,2.849
0,863,24,23.449,-7.534
0,863,26,29.581,-8.296
0,863,27,24.033,0.893
0,863,36,7.533,2.855
0,863,38,5.273,1.303
0,863,39,27.283,-8.691
0,863,41,3.414,3.244
0,863,43,26.428,-3.26
0,863,44,7.416,3.017
0,863,45,26.729,-2.52
0,863,46,28.128,-8.334
0,863,47,29.102,-5.507
0,863,48,26.516,-7.392
0,863,49,27.122,-5.61
0,863,50,24.303,-9.48
0,863,51,20.006,3.407
0,863,52,7.943,3.303
0,863,53,6.931,4.256
0,863,54,7.813,3.267
0,863,55,27.138,-9.755
0,864,4,31.832,-9.494
0,864,7,158.639,-20.164
0,864,16,47.105,28.955
0,864,18,61.465,-10.703
0,864,22,38.753,2.882
0,864,24,23.32,-7.57
0,864,26,29.518,-8.125
0,864,27,24.432,1.497
0,864,36,7.472,2.84
0,864,38,5.095,1.116
0,864,39,27.371,-8.725
0,864,41,3.306,3.233
0,864,43,26.507,-3.338
0,864,44,7.325,2.949
0,864,45,26.833,-2.595
0,864,46,28.074,-8.267
0,864,47,29.206,-5.704
0,864,48,26.538,-7.433
0,864,49,27.217,-5.55
0,864,50,24.176,-9.431
0,864,51,20.346,3.156
0,864,52,7.879,3.33
0,864,53,6.848,4.253
0,864,54,7.726,3.333
0,864,55,27.206,-9.873
0,865,4,31.87,-9.599
0,865,7,161.078,-20.135
0,865,16,47.426,29.101
0,865,18,61.977,-10.782
0,865,22,39.208,2.917
0,865,24,23.289,-7.61
0,865,26,29.457,-7.955
0,865,27,24.78,1.532
0,865,36,7.404,2.883
0,865,38,4.917,0.928
0,865,39,27.471,-8.755
0,865,41,3.199,3.223
0,865,43,26.545,-3.383
0,865,44,7.061,1.898
0,865,45,26.881,-2.67
0,865,46,28.019,-8.201
0,865,47,28.972,-6.081
0,865,48,26.616,-7.493
0,865,49,27.323,-5.481
0,865,50,23.965,-9.351
0,865,51,20.686,2.904
0,865,52,7.818,3.357
0,865,53,6.732,4.257
0,865,54,7.634,3.368
0,865,55,27.374,-10.055
0,866,4,31.828,-9.724
0,866,7,164.559,-20.21
0,866,16,47.747,29.248
0,866,18,62.316,-10.841
0,866,22,39.654,2.952
0,866,24,23.128,-7.637
0,866,26,29.395,-7.786
0,866,27,24.827,1.589
0,866,36,7.336,2.882
0,866,38,4.74,0.74
0,866,39,27.572,-8.785
0,866,41,3.092,3.215
0,866,43,26.612,-3.452
0,866,44,6.937,1.732
0,866,45,26.969,-2.852
0,866,46,27.963,-8.133
0,866,47,28.973,-6.193
0,866,48,26.667,-7.556
0,866,49,27.428,-5.387
0,866,50,23.826,-9.263
0,866,51,21.026,2.652
0,866,52,7.772,3.331
0,866,53,6.621,4.267
0,866,54,7.537,3.399
0,866,55,27.37,-10.138
0,867,4,31.887,-9.843
0,867,7,162.264,-19.949
0,867,16,48.067,29.396
0,867,18,62.734,-10.906
0,867,22,40.029,2.986
0,867,24,22.966,-7.666
0,867,26,29.332,-7.618
0,867,27,24.851,1.535
0,867,36,7.248,2.904
0,867,38,4.564,0.552
0,867,39,27.68,-8.82
0,867,41,2.985,3.205
0,867,43,26.66,-3.482
0,867,44,6.81,1.567
0,867,45,27.086,-2.961
0,867,46,27.908,-8.064
0,867,47,29.079,-6.329
0,867,48,26.764,-7.613
0,867,49,27.531,-5.431
0,867,50,23.71,-9.22
0,867,51,21.408,2.379
0,867,52,7.75,3.508
0,867,53,6.52,4.228
0,867,54,7.505,3.42
0,867,55,27.643,-10.268
0,868,4,31.934,-9.961
0,868,7,158.562,-19.725
0,868,16,48.389,29.543
0,868,18,62.972,-10.957
0,868,22,40.428,3.026
0,868,24,23.316,-7.458
0,868,26,29.27,-7.452
0,868,27,24.884,1.533
0,868,36,7.193,2.924
0,868,38,4.387,0.364
0,868,39,27.805,-8.841
0,868,41,2.878,3.196
0,868,43,26.746,-3.531
0,868,44,6.684,1.402
0,868,45,27.247,-3.025
0,868,46,28.016,-7.807
0,868,47,29.194,-6.505
0,868,48,26.844,-7.693
0,868,49,27.659,-5.362
0,868,50,23.493,-9.108
0,868,51,21.914,1.926
0,868,52,7.517,3.436
0,868,53,6.378,4.211
0,868,54,7.405,3.443
0,868,55,27.744,-10.361
0,869,4,32.043,-10.078
0,869,7,159.083,-19.76
0,869,16,48.711,29.69
0,869,18,63.239,-11.011
0,869,22,40.87,3.068
0,869,24,23.193,-7.409
0,869,26,29.208,-7.284
0,869,27,24.922,1.535
0,869,36,7.138,2.923
0,869,38,4.209,0.176
0,869,39,27.909,-8.868
0,869,41,2.77,3.187
0,869,43,26.82,-3.594
0,869,44,6.558,1.237
0,869,45,27.358,-3.189
0,869,46,27.971,-7.74
0,869,47,29.264,-6.652
0,869,48,26.897,-7.791
0,869,49,27.769,-5.38
0,869,50,23.34,-9.016
0,869,51,22.264,1.685
0,869,52,7.258,3.321
0,869,53,6.255,4.201
0,869,54,7.322,3.47
0,869,55,27.846,-10.453
0,870,4,32.064,-10.268
0,870,7,157.293,-19.654
0,870,16,49.034,29.836
0,870,18,63.519,-11.086
0,870,22,41.312,3.111
0,870,24,23.02,-7.052
0,870,26,29.797,-7.101
0,870,27,24.962,1.534
0,870,36,7.022,2.955
0,870,38,4.032,-0.013
0,870,39,28.012,-8.894
0,870,41,2.661,3.176
0,870,43,26.858,-3.645
0,870,44,6.432,1.074
0,870,45,27.532,-3.32
0,870,46,27.937,-7.645
0,870,47,29.361,-6.674
0,870,48,26.927,-7.871
0,870,49,27.836,-5.448
0,870,50,23.122,-8.915
0,870,51,22.593,1.418
0,870,52,6.952,3.149
0,870,53,6.125,4.153
0,870,54,7.218,3.51
0,870,55,27.948,-10.544
0,871,4,32.253,-10.018
0,871,7,157.767,-19.734
0,871,16,49.358,29.982
0,871,18,63.815,-11.194
0,871,22,41.836,3.105
0,871,24,22.898,-6.924
0,871,26,29.942,-7.097
0,871,27,25.008,1.497
0,871,36,6.899,2.986
0,871,38,3.855,-0.202
0,871,39,28.115,-8.921
0,871,41,2.551,3.165
0,871,43,26.9,-3.721
0,871,44,6.305,0.911
0,871,45,27.686,-3.452
0,871,46,27.722,-7.562
0,871,47,29.441,-6.786
0,871,48,27.003,-7.943
0,871,49,27.891,-5.422
0,871,50,22.935,-8.781
0,871,51,22.85,1.134
0,871,52,6.898,3.14
0,871,53,6.002,4.145
0,871,54,7.111,3.531
0,871,55,28.051,-10.637
0,872,4,32.335,-10.055
0,872,7,141.084,-18.011
0,872,16,49.682,30.127
0,872,18,64.001,-11.29
0,872,22,42.433,3.161
0,872,24,22.776,-6.798
0,872,26,29.993,-6.846
0,872,27,25.049,1.482
0,872,36,6.825,2.975
0,872,38,3.677,-0.389
0,872,39,28.218,-8.937
0,872,41,2.442,3.154
0,872,43,26.966,-3.763
0,872,44,6.178,0.748
0,872,45,27.756,-3.775
0,872,46,27.672,-7.461
0,872,47,29.495,-7.078
0,872,48,27.067,-8.018
0,872,49,27.936,-5.367
0,872,50,22.762,-8.681
0,872,51,23.18,0.892
0,872,52,6.807,3.103
0,872,53,5.875,4.128
0,872,54,7.016,3.559
0,872,55,28.186,-10.772
0,873,4,32.817,-10.259
0,873,7,144.094,-18.44
0,873,16,50.005,30.272
0,873,18,63.879,-11.319
0,873,22,42.973,3.196
0,873,24,22.652,-6.672
0,873,26,30.138,-6.908
0,873,27,25.09,1.467
0,873,36,6.743,3.015
0,873,38,4.08,-0.719
0,873,39,28.367,-9.123
0,873,41,2.333,3.143
0,873,43,27.017,-3.854
0,873,44,7.258,0.448
0,873,45,28.003,-3.923
0,873,46,27.696,-7.402
0,873,47,29.858,-7.31
0,873,48,27.132,-8.08
0,873,49,27.995,-5.339
0,873,50,22.63,-8.591
0,873,51,23.438,0.623
0,873,52,6.687,3.053
0,873,53,5.8,4.14
0,873,54,6.993,3.592
0,873,55,28.559,-11.118
0,873,56,31.4,-5.9
0,874,4,32.985,-10.345
0,874,7,154.667,-19.777
0,874,16,50.33,30.417
0,874,18,65.499,-11.473
0,874,22,43.477,3.233
0,874,24,22.531,-6.545
0,874,26,30.259,-6.608
0,874,27,25.132,1.452
0,874,36,6.654,2.997
0,874,38,3.972,-0.92
0,874,39,28.464,-9.184
0,874,41,2.224,3.133
0,874,43,27.074,-3.936
0,874,44,7.236,0.24
0,874,45,28.199,-4.087
0,874,46,27.605,-7.353
0,874,47,30.167,-7.538
0,874,48,27.222,-8.182
0,874,49,26.727,-4.839
0,874,50,22.431,-8.469
0,874,51,23.636,0.37
0,874,52,6.605,3.019
0,874,53,5.66,4.106
0,874,54,6.879,3.599
0,874,55,28.689,-11.253
0,874,56,31.301,-5.791
0,875,4,33.134,-10.411
0,875,7,160.084,-20.497
0,875,16,50.654,30.563
0,875,18,65.999,-11.551
0,875,22,43.907,3.263
0,875,24,22.411,-6.417
0,875,26,30.345,-6.452
0,875,27,25.173,1.436
0,875,36,6.604,2.936
0,875,38,3.864,-1.119
0,875,39,28.547,-9.271
0,875,41,2.113,3.123
0,875,43,27.134,-4.024
0,875,44,7.214,0.032
0,875,45,28.353,-4.254
0,875,46,27.573,-7.182
0,875,47,30.347,-7.728
0,875,48,27.284,-8.296
0,875,49,26.663,-4.691
0,875,50,22.256,-8.383
0,875,51,23.923,0.137
0,875,52,6.523,2.987
0,875,53,5.539,4.088
0,875,54,6.791,3.622
0,875,55,28.797,-11.372
0,875,56,31.352,-5.411
0,876,4,32.88,-10.547
0,876,7,165.638,-21.223
0,876,16,50.978,30.708
0,876,18,66.312,-11.652
0,876,22,44.369,3.302
0,876,24,22.29,-6.291
0,876,26,30.431,-6.298
0,876,27,25.28,1.554
0,876,36,6.527,3.003
0,876,39,28.651,-9.363
0,876,41,2.002,3.115
0,876,43,27.164,-4.08
0,876,44,7.192,-0.176
0,876,45,28.47,-4.383
0,876,46,27.578,-7.143
0,876,47,30.538,-7.872
0,876,48,27.332,-8.364
0,876,49,26.693,-4.564
0,876,50,22.19,-8.312
0,876,51,24.081,-0.114
0,876,52,6.441,2.955
0,876,53,5.451,4.054
0,876,54,6.726,3.596
0,876,55,28.934,-11.48
0,876,56,31.306,-5.361
0,876,57,27.48,-7.36
0,877,4,32.953,-10.648
0,877,7,169.959,-21.786
0,877,16,51.302,30.854
0,877,18,67.039,-11.689
0,877,22,44.821,3.336
0,877,24,22.17,-6.165
0,877,26,30.517,-6.145
0,877,27,24.596,1.402
0,877,36,6.477,2.908
0,877,39,28.747,-9.436
0,877,41,1.89,3.106
0,877,43,27.207,-4.187
0,877,44,7.171,-0.384
0,877,45,28.62,-4.518
0,877,46,27.549,-7.061
0,877,47,30.727,-7.998
0,877,48,27.395,-8.466
0,877,49,27.76,-4.748
0,877,50,22.037,-8.264
0,877,51,24.335,-0.318
0,877,52,6.36,2.925
0,877,53,5.343,4.031
0,877,54,6.644,3.603
0,877,55,29.077,-11.591
0,877,56,31.308,-5.247
0,877,57,27.49,-7.358
0,878,4,33.077,-10.779
0,878,7,172.352,-22.076
0,878,16,51.624,30.999
0,878,18,67.634,-11.704
0,878,22,45.364,3.361
0,878,24,22.049,-6.039
0,878,26,30.605,-5.992
0,878,27,24.562,1.321
0,878,36,6.429,3.006
0,878,39,28.748,-9.478
0,878,41,1.778,3.098
0,878,43,27.257,-4.229
0,878,44,7.149,-0.592
0,878,45,28.766,-4.673
0,878,46,27.486,-7.127
0,878,47,30.909,-8.151
0,878,48,27.443,-8.569
0,878,49,27.87,-4.684
0,878,50,21.937,-8.192
0,878,51,24.465,-0.528
0,878,52,6.278,2.893
0,878,53,5.263,4.023
0,878,54,6.571,3.597
0,878,55,29.309,-11.735
0,878,56,31.344,-5.122
0,878,57,27.491,-7.35
0,878,58,25.03,-5.82
0,879,4,33.149,-10.884
0,879,7,174.903,-22.387
0,879,16,51.946,31.144
0,879,18,68.685,-11.806
0,879,22,45.826,3.39
0,879,24,21.928,-5.912
0,879,26,30.825,-5.63
0,879,27,24.529,1.239
0,879,36,6.342,3.045
0,879,39,28.848,-9.495
0,879,41,1.667,3.091
0,879,43,27.323,-4.291
0,879,44,7.128,-0.801
0,879,45,28.946,-4.781
0,879,46,27.394,-7.081
0,879,47,31.103,-8.308
0,879,48,27.481,-8.641
0,879,49,27.638,-4.654
0,879,50,21.712,-8.099
0,879,51,24.654,-0.756
0,879,52,6.193,2.86
0,879,53,5.136,4.01
0,879,54,6.479,3.626
0,879,55,29.453,-11.838
0,879,56,30.643,-5.257
0,879,57,27.509,-7.278
0,879,58,25.117,-5.917
0,880,4,33.275,-11.027
0,880,7,175.552,-22.481
0,880,16,52.266,31.288
0,880,18,69.213,-11.822
0,880,22,46.286,3.418
0,880,24,21.806,-5.786
0,880,26,30.925,-5.435
0,880,27,24.494,1.157
0,880,36,6.268,3.069
0,880,39,28.94,-9.553
0,880,41,1.558,3.082
0,880,43,27.365,-4.403
0,880,44,7.108,-1.008
0,880,45,29.1,-4.926
0,880,47,31.313,-8.423
0,880,48,27.547,-8.722
0,880,49,27.684,-4.621
0,880,50,21.543,-8.055
0,880,51,24.878,-0.981
0,880,52,6.459,2.845
0,880,53,5.026,3.994
0,880,54,6.395,3.638
0,880,55,29.593,-11.938
0,880,56,30.544,-5.206
0,880,57,27.52,-7.25
0,880,58,25.116,-6.075
0,881,4,33.315,-11.161
0,881,7,180.892,-23.138
0,881,16,52.586,31.431
0,881,18,70.626,-12.073
0,881,22,47.061,3.459
0,881,24,21.684,-5.658
0,881,26,31.064,-5.201
0,881,27,24.458,1.076
0,881,36,6.202,3.111
0,881,39,29.065,-9.808
0,881,41,1.45,3.071
0,881,43,27.425,-4.462
0,881,44,6.474,-1.802
0,881,45,29.223,-5.246
0,881,47,31.416,-8.562
0,881,48,27.535,-8.747
0,881,50,21.367,-8.029
0,881,51,25.119,-1.212
0,881,52,6.41,2.806
0,881,53,4.958,3.949
0,881,54,6.342,3.659
0,881,55,29.728,-12.022
0,881,56,30.507,-5.046
0,881,57,27.275,-7.125
0,881,58,25.216,-6.191
0,881,59,25.12,-1.27
0,882,4,34.069,-11.434
0,882,7,181.528,-23.206
0,882,16,52.907,31.574
0,882,18,70.987,-12.1
0,882,22,47.602,3.504
0,882,24,21.562,-5.532
0,882,26,30.617,-4.846
0,882,27,24.421,0.994
0,882,36,6.094,3.113
0,882,39,29.123,-9.908
0,882,41,1.341,3.061
0,882,43,27.501,-4.52
0,882,44,6.376,-2.09
0,882,45,29.37,-5.423
0,882,47,31.557,-8.72
0,882,48,27.617,-8.829
0,882,50,21.104,-7.926
0,882,51,25.363,-1.451
0,882,52,6.047,2.719
0,882,53,4.861,3.923
0,882,54,6.237,3.634
0,882,55,29.917,-12.15
0,882,56,30.298,-4.834
0,882,57,27.235,-7.072
0,882,58,25.233,-6.232
0,882,59,25.129,-1.267
0,883,4,34.17,-11.543
0,883,7,182.207,-23.293
0,883,16,53.226,31.717
0,883,18,70.173,-12.27
0,883,22,48.078,3.537
0,883,24,21.44,-5.404
0,883,26,30.666,-4.618
0,883,27,24.384,0.913
0,883,36,6.006,3.136
0,883,39,29.265,-10.003
0,883,41,1.232,3.05
0,883,43,27.547,-4.604
0,883,44,6.278,-2.379
0,883,45,29.521,-5.661
0,883,47,31.698,-8.919
0,883,48,27.667,-8.899
0,883,50,20.915,-7.859
0,883,51,25.595,-1.67
0,883,52,5.959,2.691
0,883,53,4.765,3.898
0,883,54,6.15,3.632
0,883,55,30.07,-12.235
0,883,56,30.171,-4.674
0,883,57,27.196,-7.02
0,883,58,25.27,-6.341
0,883,59,25.135,-1.257
0,884,4,34.271,-11.649
0,884,7,184.674,-23.602
0,884,16,53.549,31.859
0,884,18,70.514,-12.367
0,884,22,48.683,3.593
0,884,24,21.319,-5.277
0,884,26,30.384,-4.435
0,884,27,24.347,0.832
0,884,36,5.925,3.139
0,884,39,29.354,-10.094
0,884,41,1.123,3.041
0,884,43,27.596,-4.631
0,884,44,6.182,-2.669
0,884,45,29.661,-5.825
0,884,47,31.844,-9.075
0,884,48,27.699,-8.949
0,884,50,20.729,-7.81
0,884,51,25.735,-1.849
0,884,52,5.871,2.663
0,884,53,4.669,3.872
0,884,54,6.014,3.614
0,884,55,30.211,-12.326
0,884,56,30.171,-4.572
0,884,57,26.973,-6.77
0,884,58,25.303,-6.407
0,884,59,25.565,-1.684
0,885,4,34.413,-11.692
0,885,7,186.102,-23.781
0,885,16,53.869,32.002
0,885,18,70.855,-12.463
0,885,22,49.12,3.636
0,885,24,21.199,-5.151
0,885,26,30.223,-4.208
0,885,27,24.312,0.753
0,885,36,5.836,3.13
0,885,39,29.595,-10.265
0,885,41,1.012,3.031
0,885,43,27.653,-4.691
0,885,44,6.085,-2.958
0,885,45,29.61,-5.915
0,885,47,32.021,-9.242
0,885,48,27.761,-8.994
0,885,50,20.55,-7.732
0,885,51,25.972,-2.084
0,885,52,5.783,2.635
0,885,53,4.574,3.848
0,885,54,5.89,3.624
0,885,55,30.369,-12.436
0,885,56,30.055,-4.397
0,885,57,26.899,-6.68
0,885,58,25.339,-6.491
0,885,59,25.875,-2.008
0,886,4,34.543,-11.759
0,886,7,186.793,-23.869
0,886,16,54.187,32.145
0,886,18,71.195,-12.559
0,886,22,49.598,3.675
0,886,24,21.077,-5.026
0,886,26,30.208,-3.988
0,886,27,24.276,0.674
0,886,36,5.75,3.138
0,886,39,29.803,-10.381
0,886,41,0.9,3.021
0,886,43,27.712,-4.705
0,886,44,5.988,-3.249
0,886,45,29.746,-6.068
0,886,47,32.163,-9.474
0,886,48,27.797,-9.098
0,886,50,20.362,-7.675
0,886,51,26.195,-2.314
0,886,52,5.696,2.608
0,886,53,4.478,3.824
0,886,54,5.778,3.622
0,886,55,30.52,-12.51
0,886,56,29.937,-4.304
0,886,57,26.824,-6.591
0,886,58,25.375,-6.576
0,886,59,26.031,-2.175
0,887,4,34.656,-11.842
0,887,7,189.136,-24.135
0,887,16,54.505,32.287
0,887,18,72.898,-12.697
0,887,22,50.077,3.714
0,887,24,20.957,-4.901
0,887,26,30.074,-3.998
0,887,27,24.241,0.594
0,887,36,5.707,3.139
0,887,39,29.898,-10.477
0,887,41,0.79,3.011
0,887,43,27.811,-4.757
0,887,44,5.89,-3.538
0,887,45,29.877,-6.228
0,887,47,32.27,-9.608
0,887,48,27.852,-9.132
0,887,50,20.219,-7.636
0,887,51,26.417,-2.537
0,887,52,5.608,2.579
0,887,53,4.383,3.8
0,887,54,5.735,3.656
0,887,55,30.718,-12.624
0,887,56,29.864,-4.193
0,887,57,26.798,-6.533
0,887,58,25.418,-6.615
0,887,59,26.219,-2.382
0,887,60,20.28,-7.66
0,887,61,35.66,-10.19
0,888,4,34.941,-11.885
0,888,7,190.885,-24.341
0,888,16,55.509,22.177
0,888,18,73.244,-12.782
0,888,22,50.416,3.736
0,888,24,21.037,-3.668
0,888,26,30.014,-3.918
0,888,27,24.206,0.515
0,888,36,5.646,3.116
0,888,39,30.169,-10.672
0,888,41,0.68,3.002
0,888,43,27.862,-4.844
0,888,44,5.79,-3.828
0,888,45,29.957,-6.266
0,888,47,32.452,-9.814
0,888,48,27.903,-9.158
0,888,50,19.962,-7.554
0,888,51,26.665,-2.701
0,888,52,5.52,2.55
0,888,53,4.288,3.778
0,888,54,5.641,3.661
0,888,55,30.891,-12.71
0,888,56,29.706,-4.025
0,888,57,26.706,-6.536
0,888,58,25.505,-6.709
0,888,59,26.372,-2.557
0,888,60,20.298,-7.67
0,888,61,35.799,-9.737
0,888,62,5.63,3.69
0,889,4,35.063,-11.955
0,889,7,191.598,-24.424
0,889,16,55.882,22.227
0,889,18,73.54,-12.843
0,889,22,50.885,3.772
0,889,24,20.941,-3.46
0,889,26,29.963,-3.762
0,889,27,24.173,0.435
0,889,36,5.577,3.109
0,889,39,30.415,-10.78
0,889,41,0.571,2.993
0,889,43,27.923,-4.935
0,889,44,5.691,-4.117
0,889,45,30.103,-6.377
0,889,47,32.613,-9.98
0,889,48,27.932,-9.282
0,889,50,19.768,-7.505
0,889,51,26.888,-2.935
0,889,52,5.433,2.521
0,889,53,4.191,3.754
0,889,54,5.545,3.668
0,889,55,31.065,-12.797
0,889,56,29.571,-3.983
0,889,57,26.633,-6.49
0,889,58,25.543,-6.847
0,889,59,26.524,-2.733
0,889,60,20.302,-7.674
0,889,61,35.829,-9.652
0,889,62,5.631,3.692
0,890,4,35.186,-12.026
0,890,7,194.233,-24.826
0,890,16,56.254,22.277
0,890,18,74.056,-12.969
0,890,22,51.354,3.805
0,890,24,20.906,-3.576
0,890,26,29.911,-3.606
0,890,27,24.14,0.356
0,890,36,5.483,3.139
0,890,39,30.513,-10.849
0,890,41,0.462,2.984
0,890,43,28.016,-5.032
0,890,44,5.591,-4.408
0,890,45,30.212,-6.53
0,890,47,32.763,-10.145
0,890,48,27.975,-9.353
0,890,50,19.607,-7.449
0,890,51,27.005,-3.098
0,890,53,4.094,3.731
0,890,54,5.493,3.682
0,890,55,31.232,-12.888
0,890,56,29.472,-3.867
0,890,57,26.622,-6.458
0,890,58,25.539,-6.882
0,890,59,26.674,-2.907
0,890,60,19.75,-7.509
0,890,61,35.861,-9.568
0,890,62,5.631,3.697
0,890,63,32.71,-10.07
0,890,64,17.8,-3.14
0,891,4,35.307,-12.098
0,891,7,196.574,-25.208
0,891,16,56.625,22.325
0,891,18,74.442,-13.046
0,891,22,51.823,3.842
0,891,24,20.741,-3.507
0,891,26,29.861,-3.449
0,891,27,24.107,0.277
0,891,36,5.304,3.168
0,891,39,30.62,-10.937
0,891,41,0.354,2.975
0,891,43,28.082,-5.113
0,891,44,5.493,-4.699
0,891,45,30.345,-6.706
0,891,47,32.925,-10.336
0,891,48,28.017,-9.425
0,891,50,19.342,-7.351
0,891,51,27.253,-3.297
0,891,53,3.998,3.709
0,891,54,5.328,3.682
0,891,55,31.431,-12.973
0,891,56,29.394,-3.791
0,891,57,26.518,-6.386
0,891,58,25.585,-6.939
0,891,59,26.824,-3.083
0,891,60,19.591,-7.473
0,891,61,35.919,-9.475
0,891,62,5.631,3.703
0,891,63,32.657,-10.203
0,891,64,17.802,-3.133
0,892,4,35.255,-12.256
0,892,7,197.303,-25.321
0,892,16,56.997,22.375
0,892,18,75.304,-13.229
0,892,22,52.29,3.877
0,892,24,20.575,-3.437
0,892,26,29.81,-3.292
0,892,27,24.074,0.199
0,892,36,5.189,3.183
0,892,39,30.682,-10.95
0,892,41,0.245,2.964
0,892,43,28.147,-5.193
0,892,44,5.395,-4.99
0,892,45,30.43,-6.926
0,892,47,33.077,-10.532
0,892,48,28.059,-9.532
0,892,50,19.133,-7.292
0,892,51,27.467,-3.502
0,892,53,3.9,3.686
0,892,54,5.22,3.687
0,892,55,31.623,-13.029
0,892,56,29.278,-3.682
0,892,57,26.453,-6.336
0,892,58,25.619,-7.032
0,892,59,26.974,-3.258
0,892,60,19.433,-7.438
0,892,61,35.952,-9.404
0,892,62,5.631,3.709
0,892,63,32.644,-10.269
0,892,64,17.802,-3.13
0,893,4,35.467,-12.389
0,893,7,198.034,-25.437
0,893,16,57.369,22.424
0,893,18,75.404,-13.311
0,893,22,52.792,3.893
0,893,24,20.409,-3.367
0,893,26,29.759,-3.135
0,893,27,24.042,0.12
0,893,36,5.167,3.206
0,893,39,31.163,-11.122
0,893,41,0.137,2.952
0,893,43,28.183,-5.323
0,893,44,5.297,-5.281
0,893,45,30.552,-7.065
0,893,47,33.166,-10.624
0,893,48,28.106,-9.637
0,893,50,18.934,-7.249
0,893,51,27.667,-3.637
0,893,53,3.803,3.663
0,893,54,5.113,3.692
0,893,55,31.78,-13.069
0,893,56,29.149,-3.485
0,893,57,26.503,-6.278
0,893,58,25.647,-7.088
0,893,59,27.172,-4.074
0,893,60,19.275,-7.402
0,893,61,35.966,-9.154
0,893,62,5.63,3.716
0,893,63,32.625,-10.813
0,893,64,17.805,-3.127
0,893,65,29.05,-3.33
0,894,4,35.769,-12.525
0,894,7,199.565,-25.465
0,894,16,57.742,22.474
0,894,18,75.986,-13.451
0,894,22,53.394,3.94
0,894,24,20.245,-3.298
0,894,26,29.708,-2.977
0,894,27,24.01,0.041
0,894,36,5.042,3.187
0,894,39,31.347,-11.228
0,894,41,0.03,2.941
0,894,43,28.259,-5.434
0,894,44,5.198,-5.571
0,894,45,30.667,-7.224
0,894,47,33.33,-10.762
0,894,48,28.176,-9.731
0,894,50,18.615,-7.155
0,894,51,27.921,-3.829
0,894,53,3.705,3.64
0,894,54,5.036,3.687
0,894,55,31.94,-13.157
0,894,56,28.973,-3.356
0,894,57,26.371,-6.204
0,894,58,25.687,-7.126
0,894,59,27.338,-4.353
0,894,60,18.474,-7.032
0,894,61,36.008,-9.029
0,894,62,5.629,3.722
0,894,63,32.57,-10.711
0,894,64,17.807,-3.124
0,894,65,29.031,-3.661
0,895,4,35.998,-12.67
0,895,7,200.309,-25.556
0,895,16,58.114,22.524
0,895,18,76.576,-13.591
0,895,22,53.854,3.97
0,895,24,20.081,-3.227
0,895,26,29.656,-2.819
0,895,27,23.978,-0.037
0,895,36,4.943,3.19
0,895,39,31.481,-11.307
0,895,41,-0.077,2.931
0,895,43,28.319,-5.569
0,895,44,5.099,-5.861
0,895,45,30.797,-7.342
0,895,47,33.471,-10.939
0,895,48,28.222,-9.816
0,895,50,18.383,-7.1
0,895,51,28.132,-4.076
0,895,53,3.608,3.617
0,895,54,4.937,3.69
0,895,55,32.122,-13.225
0,895,56,28.843,-3.253
0,895,57,26.315,-6.142
0,895,58,25.708,-7.229
0,895,59,27.504,-4.633
0,895,60,18.208,-6.935
0,895,61,36.049,-8.903
0,895,62,5.627,3.729
0,895,63,32.535,-10.86
0,895,64,17.808,-3.12
0,895,65,29.055,-3.694
0,896,4,37.787,-12.808
0,896,7,200.194,-25.388
0,896,16,58.488,22.576
0,896,18,76.928,-13.683
0,896,22,54.313,3.998
0,896,24,19.918,-3.156
0,896,26,29.601,-2.661
0,896,27,23.946,-0.116
0,896,36,4.855,3.225
0,896,39,31.616,-11.385
0,896,41,-0.185,2.921
0,896,43,28.354,-5.619
0,896,44,5.001,-6.15
0,896,45,31.017,-7.551
0,896,47,33.606,-11.112
0,896,48,28.219,-9.854
0,896,50,18.192,-7.046
0,896,51,28.326,-4.231
0,896,53,3.512,3.593
0,896,54,4.838,3.692
0,896,55,32.251,-13.268
0,896,56,28.713,-3.163
0,896,57,26.189,-6.128
0,896,58,25.743,-7.3
0,896,59,27.671,-4.91
0,896,60,18.112,-6.876
0,896,61,36.089,-8.776
0,896,62,5.626,3.736
0,896,63,32.382,-10.79
0,896,64,17.81,-3.116
0,896,65,28.937,-3.585
0,896,66,31.09,-7.71
0,897,4,38.495,-12.97
0,897,7,200.932,-25.456
0,897,16,58.861,22.626
0,897,18,77.278,-13.775
0,897,22,54.773,4.027
0,897,24,19.754,-3.084
0,897,26,29.544,-2.503
0,897,27,23.913,-0.197
0,897,36,4.796,3.207
0,897,39,31.629,-11.474
0,897,41,-0.293,2.91
0,897,43,28.433,-5.697
0,897,44,4.902,-6.439
0,897,45,31.179,-7.757
0,897,47,33.761,-11.226
0,897,48,28.308,-9.941
0,897,50,17.92,-7.005
0,897,51,28.581,-4.428
0,897,53,3.413,3.57
0,897,54,4.867,3.724
0,897,55,32.41,-13.364
0,897,56,28.552,-3.058
0,897,57,26.063,-6.062
0,897,58,25.846,-7.343
0,897,59,27.838,-5.188
0,897,60,17.896,-6.777
0,897,61,36.13,-8.649
0,897,62,5.624,3.743
0,897,63,32.344,-10.89
0,897,64,17.811,-3.111
0,897,65,28.913,-3.565
0,897,66,31.118,-7.772
0,898,4,39.023,-13.098
0,898,7,204.008,-26.016
0,898,16,59.234,22.677
0,898,18,77.632,-13.867
0,898,22,55.232,4.056
0,898,24,19.591,-3.012
0,898,26,29.486,-2.344
0,898,27,23.881,-0.277
0,898,36,4.713,3.208
0,898,39,31.757,-11.592
0,898,41,-0.4,2.902
0,898,43,28.489,-5.793
0,898,44,4.804,-6.729
0,898,45,31.304,-8.017
0,898,47,33.907,-11.379
0,898,48,28.365,-9.984
0,898,50,17.696,-6.946
0,898,51,28.809,-4.624
0,898,53,3.316,3.545
0,898,54,4.799,3.733
0,898,55,32.564,-13.474
0,898,56,28.414,-2.965
0,898,57,25.977,-5.998
0,898,58,25.883,-7.457
0,898,59,28.004,-5.467
0,898,60,17.68,-6.679
0,898,61,36.169,-8.523
0,898,62,5.621,3.752
0,898,63,32.305,-10.989
0,898,64,17.81,-3.106
0,898,65,28.892,-3.547
0,898,66,31.124,-7.798
0,899,4,39.234,-13.111
0,899,7,203.686,-26.0
0,899,16,59.607,22.727
0,899,18,77.986,-13.958
0,899,22,55.689,4.087
0,899,24,19.428,-2.94
0,899,26,29.425,-2.184
0,899,27,23.848,-0.359
0,899,36,4.605,3.204
0,899,39,31.89,-11.691
0,899,41,-0.507,2.893
0,899,43,28.547,-5.854
0,899,44,4.705,-7.019
0,899,45,31.423,-8.169
0,899,47,34.429,-11.651
0,899,48,28.329,-10.087
0,899,50,17.512,-6.914
0,899,51,28.994,-4.778
0,899,53,3.217,3.52
0,899,54,4.721,3.715
0,899,55,32.719,-13.558
0,899,56,28.302,-2.888
0,899,57,25.928,-5.954
0,899,58,25.918,-7.483
0,899,59,28.169,-5.744
0,899,60,17.52,-6.848
0,899,61,36.21,-8.397
0,899,62,5.619,3.761
0,899,63,32.267,-11.089
0,899,64,17.809,-3.101
0,899,65,28.102,-3.129
0,899,66,31.283,-8.019
0,899,67,4.69,3.25
0,900,4,39.446,-13.125
0,900,7,203.895,-26.039
0,900,16,59.98,22.778
0,900,18,79.262,-14.233
0,900,22,56.147,4.118
0,900,24,19.266,-2.868
0,900,26,29.363,-2.023
0,900,27,25.395,1.587
0,900,36,4.544,3.198
0,900,39,32.024,-11.792
0,900,41,-0.616,2.884
0,900,43,28.608,-5.917
0,900,44,4.608,-7.309
0,900,45,31.559,-8.342
0,900,47,34.481,-11.802
0,900,48,28.474,-10.164
0,900,50,17.253,-6.904
0,900,51,29.201,-5.043
0,900,53,3.116,3.494
0,900,54,4.651,3.716
0,900,55,32.827,-13.715
0,900,56,28.14,-2.698
0,900,57,25.88,-5.874
0,900,58,25.949,-7.591
0,900,59,29.156,-5.062
0,900,60,17.301,-6.793
0,900,61,36.25,-8.271
0,900,62,5.617,3.77
0,900,63,32.229,-11.187
0,900,64,18.181,-4.35
0,900,65,28.051,-2.996
0,900,66,31.337,-8.103
0,900,67,4.682,3.244
0,900,68,31.55,-8.38
0,900,69,28.68,-10.08
0,900,70,34.47,-5.28
0,900,71,34.54,-5.26
0,900,72,28.05,-2.52
1,0,0,25.39,1.93
1,1,0,25.454,1.979
1,2,0,25.474,2.029
1,3,0,25.572,2.125
1,4,0,25.705,2.23
1,5,0,25.781,2.298
1,6,0,25.872,2.356
1,7,0,25.955,2.414
1,8,0,26.041,2.449
1,9,0,26.113,2.499
1,10,0,26.197,2.537
1,11,0,26.221,2.59
1,12,0,26.269,2.642
1,13,0,26.323,2.737
1,14,0,26.388,2.784
1,15,0,26.467,2.861
1,16,0,26.534,2.924
1,17,0,26.582,3.012
1,18,0,26.673,3.106
1,19,0,26.737,3.203
1,20,0,26.804,3.253
1,21,0,26.849,3.276
1,22,0,26.91,3.339
1,23,0,26.987,3.346
1,24,0,27.067,3.435
1,25,0,27.137,3.492
1,26,0,27.206,3.55
1,27,0,27.274,3.606
1,28,0,27.343,3.662
1,29,0,27.412,3.718
1,30,0,27.479,3.773
1,31,0,27.547,3.827
1,32,0,27.614,3.88
1,33,0,27.682,3.932
1,34,0,27.748,3.984
1,35,0,27.816,4.035
1,36,0,27.883,4.086
1,37,0,27.951,4.139
1,38,0,28.019,4.191
1,39,0,28.086,4.242
1,40,0,28.153,4.294
1,41,0,28.221,4.343
1,42,0,28.289,4.393
1,43,0,28.354,4.441
1,44,0,28.421,4.489
1,45,0,28.487,4.538
1,46,0,28.554,4.587
1,47,0,28.621,4.636
1,48,0,28.688,4.685
1,49,0,28.755,4.735
1,50,0,28.823,4.785
1,51,0,28.889,4.834
1,52,0,28.955,4.883
1,53,0,29.02,4.932
1,54,0,29.086,4.981
1,55,0,29.152,5.031
1,56,0,29.217,5.081
1,57,0,29.281,5.129
1,58,0,29.346,5.177
1,59,0,29.413,5.224
1,60,0,29.479,5.27
1,61,0,29.545,5.316
1,62,0,29.61,5.363
1,63,0,29.676,5.411
1,64,0,29.742,5.457
1,65,0,29.809,5.502
1,66,0,29.875,5.549
1,67,0,29.94,5.594
1,68,0,30.006,5.64
1,69,0,30.071,5.685
1,70,0,30.134,5.729
1,71,0,30.198,5.775
1,72,0,30.262,5.821
1,73,0,30.326,5.866
1,74,0,30.39,5.914
1,75,0,30.454,5.961
1,76,0,30.519,6.008
1,77,0,30.583,6.055
1,78,0,30.647,6.103
1,79,0,30.712,6.15
1,80,0,30.776,6.198
1,80,1,28.66,3.0
1,81,0,30.842,6.245
1,81,1,28.59,3.023
1,82,0,30.907,6.292
1,82,1,28.575,3.024
1,83,0,30.972,6.34
1,83,1,28.487,2.94
1,84,0,31.035,6.389
1,84,1,28.382,2.918
1,85,0,31.099,6.437
1,85,1,28.315,2.926
1,86,0,31.162,6.483
1,86,1,28.204,2.899
1,87,0,31.227,6.529
1,87,1,28.131,2.883
1,88,0,31.292,6.576
1,88,1,28.051,2.919
1,89,0,31.356,6.623
1,89,1,27.954,2.874
1,90,0,31.419,6.671
1,90,1,27.869,2.82
1,91,0,31.481,6.718
1,91,1,27.803,2.793
1,92,0,31.544,6.765
1,92,1,27.727,2.745
1,93,0,31.606,6.811
1,93,1,27.621,2.689
1,94,0,31.67,6.857
1,94,1,27.527,2.68
1,95,0,25.016,-5.051
1,95,1,27.483,2.63
1,96,0,25.091,-5.247
1,96,1,27.4,2.605
1,97,0,25.166,-5.445
1,97,1,27.334,2.546
1,98,0,25.243,-5.644
1,98,1,27.288,2.5
1,99,0,25.396,-5.577
1,99,1,27.207,2.451
1,100,0,25.497,-5.684
1,100,1,27.148,2.463
1,101,0,25.597,-5.791
1,101,1,27.087,2.407
1,102,0,25.699,-5.898
1,102,1,27.017,2.402
1,103,0,25.799,-6.005
1,103,1,26.992,2.355
1,104,0,25.898,-6.113
1,104,1,26.916,2.307
1,105,0,25.996,-6.222
1,105,1,26.847,2.298
1,106,0,26.095,-6.33
1,106,1,26.769,2.239
1,107,0,26.195,-6.438
1,107,1,26.704,2.188
1,108,0,26.295,-6.545
1,108,1,26.632,2.153
1,109,0,26.395,-6.653
1,109,1,26.593,2.1
1,110,0,26.496,-6.761
1,110,1,26.535,2.04
1,111,0,26.597,-6.868
1,111,1,26.466,1.994
1,112,0,26.697,-6.977
1,112,1,26.436,1.929
1,113,0,26.798,-7.085
1,113,1,26.374,1.862
1,114,0,26.9,-7.192
1,114,1,26.312,1.833
1,115,0,27.002,-7.301
1,115,1,26.276,1.771
1,116,0,27.104,-7.409
1,116,1,26.239,1.712
1,117,0,27.206,-7.517
1,117,1,26.197,1.68
1,118,0,27.307,-7.625
1,118,1,26.164,1.625
1,119,0,27.408,-7.734
1,119,1,26.099,1.58
1,120,1,26.05,1.539
1,121,1,25.986,1.484
1,122,1,25.924,1.407
1,123,1,25.874,1.395
1,124,1,25.837,1.328
1,125,1,25.796,1.245
1,126,1,25.747,1.226
1,127,1,25.715,1.145
1,128,1,25.673,1.055
1,129,1,25.629,1.047
1,130,1,25.589,0.966
1,131,1,25.54,0.873
1,132,1,25.493,0.833
1,133,1,25.462,0.745
1,134,1,25.417,0.643
1,135,1,25.378,0.604
1,136,1,25.337,0.528
1,137,1,25.3,0.426
1,138,1,25.266,0.341
1,139,1,25.233,0.248
1,140,1,25.222,0.172
1,141,1,25.188,0.108
1,142,1,25.16,0.039
1,143,1,25.137,-0.052
1,144,1,25.111,-0.132
1,145,1,25.121,-0.204
1,146,1,25.116,-0.279
1,147,1,25.103,-0.369
1,148,1,25.108,-0.427
1,149,1,25.106,-0.481
1,150,1,25.1,-0.546
1,151,1,25.092,-0.627
1,152,1,25.093,-0.725
1,153,1,25.087,-0.825
1,154,1,25.035,-0.904
1,155,1,25.027,-0.978
1,156,1,25.02,-1.029
1,157,1,25.014,-1.101
1,158,1,25.004,-1.169
1,159,1,24.995,-1.214
1,160,1,24.973,-1.285
1,161,1,24.972,-1.376
1,162,1,24.961,-1.461
1,163,1,24.948,-1.549
1,164,1,24.949,-1.649
1,165,1,24.943,-1.727
1,166,1,24.955,-1.804
1,167,1,24.968,-1.891
1,168,1,24.967,-1.927
1,169,1,24.936,-1.991
1,170,1,24.94,-2.058
1,171,1,24.934,-2.125
1,172,1,24.959,-2.19
1,173,1,24.95,-2.26
1,174,1,24.947,-2.344
1,175,1,24.956,-2.408
1,176,1,24.998,-2.495
1,177,1,25.009,-2.541
1,178,1,25.013,-2.602
1,179,1,25.006,-2.728
1,180,1,25.029,-2.793
1,181,1,25.049,-2.879
1,182,1,25.061,-2.966
1,183,1,25.048,-3.022
1,184,1,25.035,-3.097
1,185,1,25.041,-3.151
1,186,1,25.053,-3.215
1,187,1,25.074,-3.277
1,188,1,25.078,-3.375
1,189,1,25.083,-3.425
1,190,1,25.099,-3.495
1,191,1,25.103,-3.592
1,192,1,25.113,-3.625
1,193,1,25.103,-3.677
1,194,1,25.11,-3.736
1,195,1,25.125,-3.787
1,196,1,25.108,-3.863
1,197,1,25.106,-3.964
1,198,1,25.103,-3.992
1,199,1,25.115,-4.041
1,200,1,25.114,-4.126
1,201,1,25.088,-4.182
1,202,1,25.114,-4.23
1,203,1,25.134,-4.245
1,204,1,25.155,-4.274
1,205,1,25.152,-4.308
1,206,1,25.145,-4.375
1,207,1,25.201,-4.425
1,207,2,35.26,2.84
1,208,1,25.212,-4.5
1,208,2,34.976,2.764
1,209,1,25.222,-4.562
1,209,2,34.904,2.75
1,210,1,25.282,-4.594
1,210,2,34.444,2.67
1,211,1,25.323,-4.635
1,211,2,34.071,2.546
1,212,1,25.353,-4.713
1,212,2,33.816,2.469
1,213,1,25.309,-4.704
1,213,2,33.495,2.439
1,214,1,25.331,-4.72
1,214,2,33.023,2.32
1,215,1,25.343,-4.777
1,215,2,32.716,2.207
1,216,1,25.601,-4.814
1,216,2,32.435,2.113
1,217,1,25.527,-4.834
1,217,2,32.077,1.978
1,218,1,25.566,-4.908
1,218,2,31.763,1.874
1,219,1,25.539,-4.933
1,219,2,31.449,1.77
1,220,1,25.607,-4.864
1,220,2,31.091,1.633
1,221,1,25.636,-4.874
1,221,2,30.772,1.522
1,222,1,25.53,-4.938
1,222,2,30.562,1.424
1,223,1,25.483,-4.985
1,223,2,30.231,1.394
1,224,1,25.454,-5.076
1,224,2,29.934,1.257
1,225,1,25.435,-5.12
1,225,2,29.712,1.154
1,226,1,25.483,-5.115
1,226,2,29.438,1.061
1,227,1,25.48,-5.148
1,227,2,29.168,0.922
1,228,1,25.43,-5.131
1,228,2,28.953,0.867
1,228,3,4.42,3.79
1,229,1,25.437,-5.109
1,229,2,28.559,0.748
1,229,3,4.631,3.746
1,230,1,25.426,-5.129
1,230,2,28.268,0.649
1,230,3,4.812,3.716
1,231,1,25.462,-5.112
1,231,2,27.952,0.506
1,231,3,4.75,3.742
1,232,1,25.42,-5.079
1,232,2,27.671,0.356
1,232,3,4.862,3.744
1,233,1,25.4,-5.096
1,233,2,27.371,0.14
1,233,3,4.962,3.74
1,234,1,25.411,-5.079
1,234,2,26.892,-0.051
1,234,3,5.073,3.72
1,235,1,25.404,-5.075
1,235,2,26.518,-0.219
1,235,3,5.161,3.729
1,236,1,25.381,-5.093
1,236,2,26.186,-0.43
1,236,3,5.261,3.725
1,237,1,25.414,-5.088
1,237,2,25.858,-0.589
1,237,3,5.309,3.729
1,238,1,25.413,-5.068
1,238,2,25.477,-0.774
1,238,3,5.435,3.716
1,239,1,25.398,-5.091
1,239,2,25.136,-0.929
1,239,3,5.535,3.71
1,240,1,25.429,-5.081
1,240,2,24.973,-1.068
1,240,3,5.651,3.681
1,241,1,25.467,-5.072
1,241,2,24.624,-1.298
1,241,3,5.706,3.663
1,242,1,25.474,-5.105
1,242,2,24.31,-1.51
1,242,3,5.79,3.649
1,243,1,25.458,-5.088
1,243,2,24.015,-1.725
1,243,3,5.881,3.634
1,244,1,25.464,-5.072
1,244,2,23.698,-1.962
1,244,3,6.02,3.599
1,245,1,25.475,-5.102
1,245,2,23.397,-2.131
1,245,3,6.118,3.577
1,246,1,25.492,-5.119
1,246,2,23.19,-2.288
1,246,3,6.202,3.576
1,247,1,25.447,-5.092
1,247,2,22.876,-2.508
1,247,3,6.349,3.56
1,248,1,25.448,-5.102
1,248,2,22.595,-2.64
1,248,3,6.464,3.542
1,249,1,25.402,-5.074
1,249,2,22.387,-2.848
1,249,3,6.557,3.541
1,250,1,25.429,-5.075
1,250,2,22.053,-3.064
1,250,3,6.701,3.514
1,251,1,25.427,-5.098
1,251,2,21.772,-3.24
1,251,3,6.821,3.492
1,252,1,25.426,-5.103
1,252,2,21.564,-3.4
1,252,3,6.87,3.476
1,253,1,25.439,-5.092
1,253,2,21.306,-3.656
1,253,3,7.003,3.459
1,254,1,25.444,-5.119
1,254,2,21.077,-3.646
1,254,3,7.176,3.284
1,255,1,25.408,-5.097
1,255,2,20.81,-3.796
1,255,3,7.231,3.278
1,256,1,25.401,-5.09
1,256,2,20.556,-3.936
1,256,3,7.289,3.287
1,257,1,25.388,-5.136
1,257,2,20.306,-4.101
1,257,3,7.397,3.263
1,258,1,25.424,-5.093
1,258,2,19.931,-4.329
1,258,3,7.426,3.329
1,259,1,25.43,-5.063
1,259,2,19.481,-4.612
1,259,3,7.521,3.349
1,260,1,25.423,-5.089
1,260,2,19.175,-4.799
1,260,3,7.619,3.337
1,261,1,25.439,-5.059
1,261,2,18.894,-4.916
1,261,3,7.706,3.341
1,262,1,25.467,-5.034
1,262,2,18.57,-5.083
1,262,3,7.798,3.314
1,263,1,25.466,-5.071
1,263,2,18.265,-5.261
1,263,3,7.895,3.294
1,264,1,25.48,-5.058
1,264,2,18.045,-5.323
1,264,3,7.95,3.31
1,265,1,25.479,-5.054
1,265,2,17.728,-5.416
1,265,3,8.055,3.306
1,266,1,25.48,-5.096
1,266,2,17.44,-5.534
1,266,3,8.149,3.287
1,267,1,25.501,-5.083
1,267,2,17.151,-5.554
1,267,3,8.199,3.277
1,268,1,25.486,-5.062
1,268,2,16.716,-5.696
1,268,3,8.311,3.249
1,269,1,25.484,-5.1
1,269,2,16.373,-5.823
1,269,3,8.407,3.208
1,270,1,25.474,-5.088
1,270,2,16.181,-5.878
1,270,3,8.509,3.211
1,271,1,25.432,-5.061
1,271,2,15.582,-6.055
1,271,3,8.609,3.192
1,272,1,25.423,-5.078
1,272,2,15.212,-6.161
1,272,3,8.712,3.152
1,273,1,25.442,-5.054
1,273,2,14.964,-6.28
1,273,3,8.718,3.141
1,274,1,25.436,-5.026
1,274,2,14.464,-6.372
1,274,3,8.846,3.099
1,275,1,25.438,-5.066
1,275,2,14.125,-6.395
1,275,3,8.934,3.081
1,276,1,25.448,-5.053
1,276,2,13.837,-6.442
1,276,3,9.039,3.063
1,277,1,25.426,-5.042
1,277,2,13.461,-6.519
1,277,3,9.17,3.026
1,278,1,25.42,-5.071
1,278,2,13.171,-6.499
1,278,3,9.283,2.986
1,279,1,25.461,-5.062
1,279,2,12.88,-6.578
1,279,3,9.33,2.953
1,280,1,25.413,-5.047
1,280,2,12.478,-6.657
1,280,3,9.416,2.94
1,281,1,25.402,-5.091
1,281,2,12.137,-6.722
1,281,3,9.507,2.911
1,282,1,25.437,-5.085
1,282,2,11.83,-6.776
1,282,3,9.534,2.91
1,283,1,25.439,-5.113
1,283,2,11.501,-6.839
1,283,3,9.608,2.876
1,284,1,25.428,-5.081
1,284,2,11.3,-6.88
1,284,3,9.648,2.869
1,285,1,25.448,-5.059
1,285,2,10.916,-6.951
1,285,3,9.745,2.844
1,286,1,25.449,-5.096
1,286,2,10.593,-7.009
1,286,3,9.823,2.788
1,287,1,25.45,-5.1
1,287,2,10.363,-7.075
1,287,3,9.896,2.758
1,288,1,25.438,-5.075
1,288,2,9.97,-7.16
1,288,3,10.02,2.709
1,289,1,25.431,-5.108
1,289,2,9.644,-7.228
1,289,3,10.106,2.668
1,290,1,25.422,-5.079
1,290,2,9.414,-7.262
1,290,3,10.193,2.629
1,291,1,25.47,-5.073
1,291,2,9.034,-7.345
1,291,3,10.291,2.619
1,292,1,25.472,-5.102
1,292,2,8.707,-7.403
1,292,3,10.383,2.585
1,293,1,25.472,-5.077
1,293,2,8.541,-7.32
1,293,3,10.463,2.551
1,294,1,25.462,-5.047
1,294,2,8.259,-7.346
1,294,3,10.569,2.506
1,295,1,25.458,-5.076
1,295,2,7.978,-7.372
1,295,3,10.662,2.474
1,296,1,25.478,-5.051
1,296,2,7.698,-7.399
1,296,3,10.733,2.458
1,297,1,25.497,-5.029
1,297,2,7.417,-7.425
1,297,3,10.836,2.443
1,298,1,25.491,-5.05
1,298,2,7.137,-7.451
1,298,3,10.929,2.413
1,299,1,25.522,-4.995
1,299,2,6.855,-7.476
1,299,3,10.96,2.393
1,300,1,25.496,-4.954
1,300,2,6.572,-7.503
1,300,3,11.064,2.345
1,301,1,25.49,-4.942
1,301,2,6.289,-7.529
1,301,3,11.149,2.307
1,302,1,25.505,-4.898
1,302,2,6.006,-7.554
1,302,3,11.239,2.279
1,303,1,25.556,-4.859
1,303,2,5.724,-7.579
1,303,3,11.329,2.237
1,304,1,25.56,-4.895
1,304,2,5.442,-7.604
1,304,3,11.417,2.203
1,305,1,25.601,-4.879
1,305,2,5.161,-7.628
1,305,3,11.48,2.167
1,306,1,25.683,-4.778
1,306,2,4.88,-7.651
1,306,3,11.575,2.138
1,307,1,25.702,-4.841
1,307,2,4.599,-7.676
1,307,3,11.659,2.101
1,308,1,25.644,-4.812
1,308,2,4.319,-7.701
1,308,3,11.737,2.062
1,309,1,25.656,-4.792
1,309,2,4.038,-7.728
1,309,3,11.845,2.025
1,310,1,25.651,-4.857
1,310,2,3.758,-7.755
1,310,3,11.935,1.985
1,311,1,25.599,-4.837
1,311,2,3.479,-7.781
1,311,3,12.013,1.983
1,312,1,25.602,-4.831
1,312,2,3.2,-7.807
1,312,3,12.14,1.967
1,313,1,25.592,-4.876
1,313,2,2.923,-7.833
1,313,3,12.239,1.95
1,314,1,25.661,-4.898
1,314,2,2.645,-7.858
1,314,3,12.329,1.936
1,315,1,25.672,-4.914
1,315,2,2.368,-7.883
1,315,3,12.423,1.907
1,316,1,25.683,-4.892
1,316,2,2.092,-7.908
1,316,3,12.495,1.885
1,317,1,25.681,-4.887
1,317,2,1.816,-7.933
1,317,3,12.6,1.857
1,318,1,25.697,-4.902
1,318,2,1.54,-7.958
1,318,3,12.692,1.822
1,319,1,25.674,-4.85
1,319,2,1.264,-7.984
1,319,3,12.746,1.796
1,320,1,25.648,-4.831
1,320,2,0.988,-8.01
1,320,3,12.853,1.764
1,321,1,25.64,-4.874
1,321,2,0.712,-8.037
1,321,3,12.943,1.726
1,322,1,25.69,-4.858
1,322,2,0.438,-8.065
1,322,3,13.019,1.691
1,323,1,25.677,-4.853
1,323,2,0.162,-8.091
1,323,3,13.103,1.664
1,324,1,25.679,-4.877
1,324,2,-0.115,-8.118
1,324,3,13.187,1.623
1,325,1,25.725,-4.853
1,325,2,-0.393,-8.145
1,325,3,13.292,1.6
1,326,1,25.72,-4.812
1,326,2,-0.673,-8.173
1,326,3,13.4,1.565
1,326,4,11.52,9.56
1,327,1,25.719,-4.859
1,327,2,-0.953,-8.201
1,327,3,13.491,1.525
1,327,4,11.52,9.553
1,328,1,25.683,-4.814
1,328,2,-1.232,-8.229
1,328,3,13.604,1.491
1,328,4,11.716,9.362
1,329,1,25.678,-4.805
1,329,3,13.715,1.462
1,329,4,12.158,8.957
1,330,1,25.66,-4.846
1,330,3,13.821,1.421
1,330,4,12.378,8.783
1,331,1,25.702,-4.807
1,331,3,13.905,1.382
1,331,4,12.647,8.606
1,332,1,25.702,-4.854
1,332,3,14.015,1.325
1,332,4,12.914,8.414
1,333,1,25.695,-4.881
1,333,3,14.116,1.28
1,333,4,13.158,8.235
1,334,1,25.709,-4.869
1,334,3,14.136,1.274
1,334,4,13.335,8.091
1,335,1,25.685,-4.836
1,335,3,14.23,1.217
1,335,4,13.582,7.908
1,336,1,25.672,-4.859
1,336,3,14.312,1.183
1,336,4,13.809,7.731
1,337,1,25.707,-4.812
1,337,3,14.366,1.158
1,337,4,13.942,7.598
1,338,1,25.69,-4.786
1,338,3,14.469,1.13
1,338,4,14.158,7.395
1,339,1,25.681,-4.83
1,339,3,14.553,1.103
1,339,4,14.364,7.219
1,340,1,25.657,-4.812
1,340,3,14.64,1.072
1,340,4,14.455,7.095
1,341,1,25.663,-4.743
1,341,3,14.744,1.045
1,341,4,14.626,6.932
1,342,1,25.653,-4.808
1,342,3,14.831,1.025
1,342,4,14.838,6.706
1,343,1,25.649,-4.852
1,343,3,14.879,1.008
1,343,4,15.017,6.527
1,344,1,25.654,-4.86
1,344,3,15.003,0.976
1,344,4,15.205,6.294
1,345,1,25.656,-4.879
1,345,3,15.099,0.952
1,345,4,15.386,6.103
1,346,1,25.762,-4.849
1,346,3,15.201,0.913
1,346,4,15.567,5.912
1,347,1,25.735,-4.815
1,347,3,15.372,0.868
1,347,4,15.822,5.426
1,348,1,25.727,-4.861
1,348,3,15.493,0.854
1,348,4,16.025,5.291
1,349,1,25.66,-4.85
1,349,3,15.607,0.826
1,349,4,16.228,5.073
1,350,1,25.715,-4.815
1,350,3,15.723,0.798
1,350,4,16.572,5.004
1,351,1,25.713,-4.855
1,351,3,15.838,0.768
1,351,4,16.782,4.824
1,352,1,25.723,-4.86
1,352,3,15.952,0.737
1,352,4,16.991,4.643
1,353,1,25.702,-4.857
1,353,3,15.88,0.642
1,353,4,17.201,4.462
1,354,1,25.696,-4.87
1,354,3,15.966,0.57
1,354,4,17.411,4.282
1,355,1,25.737,-4.81
1,355,3,16.054,0.519
1,355,4,17.622,4.103
1,356,1,25.665,-4.775
1,356,3,16.142,0.481
1,356,4,17.834,3.925
1,356,5,30.8,12.45
1,357,1,25.659,-4.84
1,357,3,16.238,0.397
1,357,4,18.045,3.746
1,357,5,30.796,12.503
1,358,1,25.695,-4.826
1,358,3,16.301,0.38
1,358,4,18.256,3.568
1,358,5,30.815,12.535
1,359,1,25.722,-4.809
1,359,3,16.39,0.336
1,359,4,18.468,3.389
1,359,5,30.818,12.593
1,360,1,25.725,-4.852
1,360,3,16.49,0.313
1,360,4,18.681,3.212
1,360,5,30.801,12.629
1,361,1,25.669,-4.833
1,361,3,16.535,0.343
1,361,4,18.892,3.036
1,361,5,30.798,12.665
1,362,1,25.682,-4.797
1,362,3,16.611,0.326
1,362,4,19.103,2.859
1,362,5,30.742,12.65
1,363,1,25.665,-4.839
1,363,3,16.693,0.294
1,363,4,19.313,2.683
1,363,5,30.729,12.668
1,364,1,25.657,-4.841
1,364,3,16.787,0.289
1,364,4,19.524,2.507
1,364,5,30.733,12.674
1,365,1,25.67,-4.837
1,365,3,16.914,0.264
1,365,4,19.736,2.331
1,365,5,30.73,12.679
1,366,1,25.666,-4.847
1,366,3,17.008,0.207
1,366,4,19.948,2.154
1,366,5,30.751,12.692
1,367,1,25.729,-4.801
1,367,3,17.125,0.18
1,367,4,20.159,1.978
1,367,5,30.807,12.732
1,368,1,25.677,-4.783
1,368,3,17.26,0.144
1,368,4,20.727,2.319
1,368,5,30.912,12.776
1,369,1,25.658,-4.84
1,369,3,17.376,0.103
1,369,4,20.92,2.235
1,369,5,30.938,12.776
1,370,1,25.65,-4.862
1,370,3,17.431,0.121
1,370,4,21.084,2.11
1,370,5,30.966,12.789
1,371,1,25.64,-4.851
1,371,3,17.512,0.118
1,371,4,21.301,1.927
1,371,5,30.998,12.797
1,372,1,25.624,-4.862
1,372,3,17.605,0.094
1,372,4,21.455,1.851
1,372,5,31.039,12.803
1,373,1,25.658,-4.838
1,373,3,17.66,0.086
1,373,4,21.6,1.713
1,373,5,31.1,12.83
1,374,1,25.635,-4.769
1,374,3,17.74,0.086
1,374,4,21.798,1.502
1,374,5,31.152,12.839
1,375,1,25.628,-4.816
1,375,3,17.822,0.067
1,375,4,21.97,1.371
1,375,5,31.196,12.843
1,376,1,25.636,-4.803
1,376,3,17.912,0.049
1,376,4,22.127,1.229
1,376,5,31.235,12.825
1,377,1,25.657,-4.791
1,377,3,18.025,0.05
1,377,4,22.344,1.009
1,377,5,31.276,12.831
1,378,1,25.662,-4.837
1,378,3,18.114,0.028
1,378,4,22.526,0.856
1,378,5,31.32,12.839
1,379,1,25.664,-4.847
1,379,3,18.198,0.039
1,379,4,22.674,0.7
1,379,5,31.363,12.853
1,380,1,25.669,-4.778
1,380,3,18.297,0.024
1,380,4,22.802,0.563
1,380,5,31.412,12.853
1,381,1,25.685,-4.854
1,381,3,18.384,-0.019
1,381,4,22.961,0.455
1,381,5,31.442,12.897
1,382,1,25.626,-4.799
1,382,3,18.468,-0.033
1,382,4,23.108,0.32
1,382,5,32.421,13.178
1,383,1,25.706,-4.784
1,383,3,18.579,-0.037
1,383,4,23.279,0.229
1,383,5,32.551,13.294
1,384,1,25.721,-4.843
1,384,3,18.676,-0.06
1,384,4,23.442,0.102
1,384,5,32.686,13.412
1,385,1,25.67,-4.826
1,385,3,18.755,-0.057
1,385,4,23.606,-0.024
1,385,5,32.832,13.504
1,386,1,25.729,-4.755
1,386,3,18.846,-0.052
1,386,4,23.765,-0.375
1,386,5,32.991,13.579
1,387,1,25.717,-4.827
1,387,3,18.939,-0.06
1,387,4,23.934,-0.599
1,387,5,33.153,13.657
1,388,1,25.705,-4.817
1,388,3,18.977,-0.072
1,388,4,24.048,-0.739
1,388,5,33.325,13.732
1,389,1,25.698,-4.853
1,389,3,19.07,-0.046
1,389,4,24.242,-0.9
1,389,5,33.041,13.567
1,390,1,25.688,-4.874
1,390,3,19.142,-0.049
1,390,4,24.407,-1.026
1,390,5,33.136,13.636
1,391,1,25.735,-4.873
1,391,3,19.225,-0.015
1,391,4,24.546,-1.13
1,391,5,33.241,13.684
1,392,1,25.708,-4.846
1,392,3,19.345,0.024
1,392,4,24.721,-1.283
1,392,5,33.349,13.729
1,393,1,25.695,-4.876
1,393,3,19.433,0.024
1,393,4,24.886,-1.417
1,393,5,33.444,13.785
1,394,1,25.773,-4.83
1,394,3,19.541,0.046
1,394,4,24.994,-1.525
1,394,5,33.55,13.831
1,395,1,25.77,-4.867
1,395,3,19.638,0.038
1,395,4,25.15,-1.651
1,395,5,33.717,13.87
1,396,1,25.754,-4.844
1,396,3,19.646,0.049
1,396,4,25.203,-1.744
1,396,5,33.868,13.92
1,397,1,25.827,-4.758
1,397,3,19.764,0.076
1,397,4,25.348,-1.885
1,397,5,33.987,13.962
1,398,1,25.821,-4.83
1,398,3,19.852,0.063
1,398,4,25.485,-2.004
1,398,5,34.123,14.02
1,399,1,25.834,-4.823
1,399,3,19.945,0.062
1,399,4,25.525,-2.083
1,399,5,34.24,14.063
1,400,1,25.848,-4.869
1,400,3,20.062,0.104
1,400,4,25.625,-2.188
1,400,5,34.356,14.107
1,401,1,25.867,-4.901
1,401,3,20.158,0.112
1,401,4,25.735,-2.342
1,401,5,34.471,14.116
1,402,1,25.775,-4.864
1,402,3,20.214,0.132
1,402,4,25.75,-2.393
1,402,5,32.986,13.423
1,403,1,25.736,-4.792
1,403,3,20.296,0.154
1,403,4,25.828,-2.488
1,403,5,32.972,13.381
1,404,1,25.73,-4.842
1,404,3,20.376,0.173
1,404,4,25.912,-2.628
1,404,5,32.923,13.416
1,405,1,25.737,-4.803
1,405,3,20.486,0.211
1,405,4,26.036,-2.731
1,405,5,32.92,13.354
1,406,1,25.71,-4.745
1,406,3,20.651,0.268
1,406,4,26.14,-2.863
1,406,5,32.924,13.314
1,407,1,25.697,-4.829
1,407,3,20.759,0.295
1,407,4,26.245,-2.969
1,407,5,32.913,13.282
1,408,1,25.656,-4.775
1,408,3,20.838,0.329
1,408,4,26.352,-3.068
1,408,5,32.902,13.25
1,409,1,25.676,-4.699
1,409,3,20.95,0.375
1,409,4,26.393,-3.117
1,409,5,32.891,13.22
1,410,1,25.652,-4.807
1,410,3,21.052,0.394
1,410,4,26.491,-3.198
1,410,5,32.881,13.189
1,411,1,25.874,-4.817
1,411,3,21.133,0.431
1,411,4,26.469,-3.251
1,411,5,32.869,13.158
1,412,1,25.915,-4.888
1,412,3,21.236,0.445
1,412,4,26.545,-3.3
1,412,5,32.858,13.127
1,413,1,25.977,-4.932
1,413,3,21.335,0.457
1,413,4,26.624,-3.374
1,413,5,32.847,13.094
1,414,1,25.846,-4.85
1,414,3,21.417,0.473
1,414,4,26.563,-3.379
1,414,5,32.836,13.062
1,415,1,25.766,-4.793
1,415,3,21.576,0.501
1,415,4,26.595,-3.422
1,415,5,32.897,13.248
1,415,6,25.15,2.92
1,416,1,25.77,-4.846
1,416,3,21.682,0.499
1,416,4,26.645,-3.483
1,416,5,32.704,13.577
1,416,6,25.136,2.91
1,417,1,25.773,-4.877
1,417,3,21.761,0.515
1,417,4,26.646,-3.502
1,417,5,32.658,13.615
1,417,6,25.093,2.86
1,418,1,25.667,-4.833
1,418,3,21.836,0.524
1,418,4,26.672,-3.553
1,418,5,32.689,13.662
1,418,6,24.989,2.71
1,419,1,25.648,-4.859
1,419,3,21.929,0.525
1,419,4,26.71,-3.584
1,419,5,32.699,13.671
1,419,6,24.925,2.663
1,420,1,25.634,-4.869
1,420,3,22.021,0.527
1,420,4,26.735,-3.607
1,420,5,32.696,13.669
1,420,6,24.739,2.535
1,421,1,25.71,-4.854
1,421,3,22.087,0.573
1,421,4,26.763,-3.663
1,421,5,32.693,13.674
1,421,6,24.607,2.46
1,422,1,25.717,-4.878
1,422,3,22.177,0.586
1,422,4,26.791,-3.712
1,422,5,32.714,13.687
1,422,6,24.495,2.437
1,423,1,25.712,-4.892
1,423,3,22.288,0.632
1,423,4,26.788,-3.738
1,423,5,32.711,13.697
1,423,6,24.384,2.392
1,424,1,25.708,-4.901
1,424,3,22.409,0.67
1,424,4,26.793,-3.748
1,424,5,32.639,13.621
1,424,6,24.273,2.343
1,425,1,25.704,-4.903
1,425,3,22.516,0.693
1,425,4,26.822,-3.752
1,425,5,32.632,13.611
1,425,6,24.17,2.317
1,426,1,25.704,-4.897
1,426,3,22.622,0.705
1,426,4,26.84,-3.749
1,426,5,32.626,13.601
1,426,6,24.065,2.268
1,427,1,25.709,-4.881
1,427,3,22.802,0.726
1,427,4,26.827,-3.742
1,427,5,32.62,13.59
1,427,6,23.963,2.224
1,428,1,25.712,-4.892
1,428,3,22.922,0.728
1,428,4,26.845,-3.757
1,428,6,23.861,2.166
1,429,1,25.7,-4.891
1,429,3,22.989,0.723
1,429,4,26.849,-3.755
1,429,6,23.809,2.082
1,430,1,25.663,-4.832
1,430,3,23.03,0.729
1,430,4,26.847,-3.742
1,430,6,23.686,2.02
1,431,1,25.646,-4.862
1,431,3,23.121,0.735
1,431,4,26.856,-3.762
1,431,6,23.584,1.975
1,432,1,25.64,-4.88
1,432,3,23.203,0.761
1,432,4,26.835,-3.742
1,432,6,23.491,1.918
1,433,1,25.664,-4.858
1,433,3,23.303,0.785
1,433,4,26.843,-3.742
1,433,6,23.33,1.849
1,433,7,27.27,3.07
1,434,1,25.66,-4.878
1,434,3,23.394,0.796
1,434,4,26.847,-3.764
1,434,6,23.217,1.793
1,434,7,27.258,3.159
1,435,1,25.639,-4.844
1,435,3,23.476,0.823
1,435,4,26.818,-3.733
1,435,6,23.141,1.767
1,435,7,27.185,3.142
1,436,1,25.617,-4.822
1,436,3,23.573,0.838
1,436,4,26.793,-3.697
1,436,6,22.952,1.72
1,436,7,27.171,3.158
1,437,1,25.601,-4.858
1,437,3,23.669,0.846
1,437,4,26.787,-3.668
1,437,6,22.827,1.652
1,437,7,27.173,3.205
1,438,1,25.614,-4.841
1,438,3,23.743,0.852
1,438,4,26.86,-3.774
1,438,6,22.739,1.582
1,438,7,27.16,3.231
1,439,1,25.607,-4.804
1,439,3,23.853,0.879
1,439,4,26.84,-3.755
1,439,6,22.625,1.519
1,439,7,26.721,3.062
1,440,1,25.587,-4.847
1,440,3,23.951,0.888
1,440,4,26.851,-3.714
1,440,6,22.509,1.492
1,440,7,26.653,3.007
1,441,1,25.613,-4.809
1,441,3,24.08,0.899
1,441,4,26.842,-3.719
1,441,6,22.436,1.46
1,441,7,26.568,2.97
1,441,8,29.86,2.97
1,442,1,25.612,-4.846
1,442,3,24.189,0.894
1,442,4,26.832,-3.7
1,442,6,22.315,1.395
1,442,7,26.507,2.881
1,442,8,29.812,2.877
1,443,1,25.609,-4.867
1,443,3,24.294,0.904
1,443,4,26.836,-3.686
1,443,6,22.203,1.327
1,443,7,26.418,2.864
1,443,8,29.829,2.88
1,444,1,25.68,-4.872
1,444,3,24.417,0.94
1,444,4,26.797,-3.668
1,444,6,22.083,1.268
1,444,7,26.332,2.769
1,444,8,29.74,2.818
1,445,1,25.694,-4.852
1,445,3,24.528,0.969
1,445,4,26.794,-3.65
1,445,6,21.965,1.173
1,445,7,26.233,2.671
1,445,8,29.632,2.699
1,446,1,25.714,-4.883
1,446,3,24.634,1.018
1,446,4,26.788,-3.651
1,446,6,21.849,1.152
1,446,7,26.159,2.646
1,446,8,29.619,2.669
1,447,1,25.73,-4.895
1,447,3,24.72,1.048
1,447,4,26.754,-3.627
1,447,6,21.781,1.111
1,447,7,26.039,2.572
1,447,8,29.458,2.575
1,448,1,25.742,-4.909
1,448,3,24.823,1.077
1,448,4,26.73,-3.604
1,448,6,21.643,1.03
1,448,7,25.931,2.513
1,448,8,29.419,2.516
1,449,1,25.754,-4.913
1,449,3,24.929,1.1
1,449,4,26.706,-3.626
1,449,6,21.531,0.969
1,449,7,25.829,2.539
1,449,8,29.358,2.466
1,450,1,25.646,-4.869
1,450,3,25.006,1.148
1,450,4,26.748,-3.638
1,450,6,21.463,0.893
1,450,7,25.797,2.502
1,450,8,29.275,2.395
1,451,1,25.637,-4.865
1,451,3,25.089,1.219
1,451,4,26.747,-3.658
1,451,6,21.31,0.807
1,451,7,25.691,2.426
1,451,8,29.168,2.302
1,452,1,25.618,-4.878
1,452,3,25.186,1.233
1,452,4,26.743,-3.668
1,452,6,21.19,0.793
1,452,7,25.606,2.418
1,452,8,29.108,2.252
1,453,1,25.61,-4.882
1,453,3,25.257,1.279
1,453,4,26.737,-3.679
1,453,6,21.143,0.729
1,453,7,25.543,2.366
1,453,8,29.04,2.186
1,454,1,25.711,-4.862
1,454,3,25.354,1.327
1,454,4,26.773,-3.681
1,454,6,20.992,0.665
1,454,7,25.447,2.29
1,454,8,28.978,2.122
1,455,1,25.707,-4.879
1,455,3,25.454,1.358
1,455,4,26.777,-3.697
1,455,6,20.881,0.603
1,455,7,25.359,2.258
1,455,8,28.916,2.075
1,456,1,25.705,-4.886
1,456,3,25.536,1.415
1,456,4,26.777,-3.704
1,456,6,20.811,0.543
1,456,7,25.322,2.188
1,456,8,28.86,2.006
1,457,1,25.724,-4.868
1,457,3,25.605,1.487
1,457,4,26.789,-3.735
1,457,6,20.685,0.499
1,457,7,25.271,2.114
1,457,8,28.786,1.922
1,458,1,25.727,-4.881
1,458,3,25.694,1.509
1,458,4,26.798,-3.735
1,458,6,20.58,0.452
1,458,7,25.204,2.069
1,458,8,28.726,1.956
1,459,1,25.737,-4.895
1,459,3,25.767,1.551
1,459,4,26.773,-3.74
1,459,6,20.559,0.403
1,459,7,25.166,2.004
1,459,8,28.672,1.974
1,460,1,25.743,-4.898
1,460,3,25.834,1.598
1,460,4,26.787,-3.74
1,460,6,20.433,0.336
1,460,7,25.089,1.91
1,460,8,28.606,1.821
1,461,1,25.75,-4.915
1,461,3,25.93,1.601
1,461,4,26.795,-3.736
1,461,6,20.338,0.279
1,461,7,25.024,1.834
1,461,8,28.539,1.738
1,462,1,25.751,-4.92
1,462,3,25.988,1.643
1,462,4,26.764,-3.701
1,462,6,20.222,0.239
1,462,7,25.024,1.783
1,462,8,28.561,1.625
1,462,9,24.66,3.07
1,463,1,25.769,-4.927
1,463,3,26.069,1.684
1,463,4,26.752,-3.658
1,463,6,20.081,0.208
1,463,7,24.962,1.676
1,463,8,28.479,1.501
1,463,9,24.648,3.025
1,464,1,25.773,-4.923
1,464,3,26.152,1.774
1,464,4,26.726,-3.705
1,464,6,19.979,0.178
1,464,7,24.905,1.607
1,464,8,28.422,1.443
1,464,9,24.642,3.008
1,465,1,25.82,-4.923
1,465,3,26.173,1.851
1,465,4,26.729,-3.686
1,465,6,19.867,0.165
1,465,7,24.873,1.509
1,465,8,28.376,1.331
1,465,9,24.575,2.99
1,466,1,25.83,-4.924
1,466,3,26.256,1.923
1,466,4,26.72,-3.639
1,466,6,19.749,0.138
1,466,7,24.796,1.404
1,466,8,28.327,1.208
1,466,9,24.539,2.944
1,467,1,25.835,-4.924
1,467,3,26.328,1.987
1,467,4,26.691,-3.69
1,467,6,19.644,0.112
1,467,7,24.738,1.264
1,467,8,28.278,1.11
1,467,9,24.518,2.847
1,468,1,25.843,-4.926
1,468,3,26.402,2.061
1,468,4,26.691,-3.662
1,468,6,19.548,0.093
1,468,7,24.69,1.182
1,468,8,28.232,1.028
1,468,9,24.473,2.758
1,469,1,25.852,-4.929
1,469,3,26.498,2.142
1,469,4,26.703,-3.667
1,469,6,19.442,0.073
1,469,7,24.685,1.069
1,469,8,28.192,0.944
1,469,9,24.441,2.584
1,470,1,25.808,-4.922
1,470,3,26.571,2.209
1,470,4,26.682,-3.715
1,470,6,19.338,0.049
1,470,7,24.641,0.968
1,470,8,28.153,0.846
1,470,9,24.423,2.476
1,471,1,25.81,-4.921
1,471,3,26.613,2.275
1,471,4,26.695,-3.699
1,471,6,19.22,0.053
1,471,7,24.673,0.879
1,471,8,28.102,0.751
1,471,9,24.386,2.391
1,472,1,25.801,-4.925
1,472,3,26.686,2.312
1,472,4,26.671,-3.629
1,472,6,19.092,0.013
1,472,7,24.67,0.774
1,472,8,28.035,0.647
1,472,9,24.343,2.321
1,473,1,25.804,-4.925
1,473,3,26.733,2.424
1,473,4,26.628,-3.691
1,473,6,18.978,-0.017
1,473,7,24.648,0.675
1,473,8,27.975,0.577
1,473,9,24.302,2.3
1,474,1,25.766,-4.91
1,474,3,26.792,2.497
1,474,4,26.671,-3.685
1,474,6,18.901,-0.053
1,474,7,24.585,0.591
1,474,8,27.93,0.465
1,474,9,24.326,2.236
1,475,1,25.766,-4.907
1,475,3,26.935,2.572
1,475,4,26.696,-3.681
1,475,6,18.808,-0.078
1,475,7,24.53,0.531
1,475,8,27.917,0.37
1,475,9,24.32,2.131
1,476,1,25.823,-4.927
1,476,3,27.004,2.654
1,476,4,26.692,-3.727
1,476,6,18.708,-0.113
1,476,7,24.491,0.443
1,476,8,27.86,0.364
1,476,9,24.3,2.071
1,477,1,25.827,-4.926
1,477,3,27.108,2.707
1,477,4,26.731,-3.742
1,477,6,18.58,-0.075
1,477,7,24.48,0.37
1,477,8,27.789,0.37
1,477,9,24.312,1.99
1,478,1,25.89,-4.945
1,478,3,27.224,2.744
1,478,4,26.744,-3.745
1,478,6,18.453,-0.098
1,478,7,24.519,0.26
1,478,8,27.734,0.318
1,478,9,24.304,1.909
1,479,1,25.893,-4.942
1,479,3,27.309,2.778
1,479,4,26.758,-3.725
1,479,6,18.339,-0.117
1,479,7,24.497,0.195
1,479,8,27.671,0.335
1,479,9,24.289,1.865
1,480,1,25.903,-4.944
1,480,3,27.371,2.805
1,480,4,26.74,-3.684
1,480,6,18.248,-0.099
1,480,7,24.495,0.107
1,480,8,27.615,0.298
1,480,9,24.332,1.777
1,481,1,25.937,-4.942
1,481,3,27.441,2.827
1,481,4,26.742,-3.663
1,481,6,18.147,-0.106
1,481,7,24.474,0.02
1,481,8,27.557,0.259
1,481,9,24.32,1.736
1,482,1,25.951,-4.943
1,482,3,27.46,2.837
1,482,4,26.754,-3.644
1,482,6,18.06,-0.114
1,482,7,24.466,0.075
1,482,8,27.51,0.139
1,482,9,24.281,1.638
1,483,1,25.965,-4.942
1,483,3,27.546,2.88
1,483,4,26.753,-3.609
1,483,6,17.966,-0.121
1,483,7,24.514,-0.045
1,483,8,27.455,0.094
1,483,9,24.265,1.513
1,484,1,25.994,-4.959
1,484,3,27.607,2.984
1,484,4,26.756,-3.614
1,484,6,17.866,-0.138
1,484,7,24.509,-0.113
1,484,9,24.254,1.422
1,485,1,25.999,-4.959
1,485,3,27.719,2.992
1,485,4,26.743,-3.595
1,485,6,17.754,-0.135
1,485,7,24.761,-0.228
1,485,9,24.264,1.327
1,486,1,26.011,-4.961
1,486,3,27.791,3.076
1,486,4,26.733,-3.594
1,486,6,17.61,-0.108
1,486,7,24.612,-0.39
1,486,9,24.251,1.231
1,487,1,26.044,-4.964
1,487,3,27.863,3.13
1,487,4,26.725,-3.575
1,487,6,17.491,-0.119
1,487,7,24.595,-0.567
1,487,9,24.243,1.171
1,488,1,26.058,-4.965
1,488,3,27.935,3.183
1,488,4,26.709,-3.596
1,488,6,17.39,-0.111
1,488,7,24.456,-0.684
1,488,9,24.269,1.073
1,489,1,26.073,-4.966
1,489,3,28.007,3.235
1,489,4,26.727,-3.637
1,489,6,17.267,-0.093
1,489,7,24.552,-0.821
1,489,9,24.317,0.972
1,490,1,26.086,-4.969
1,490,3,28.08,3.287
1,490,4,26.719,-3.642
1,490,6,17.147,-0.087
1,490,7,24.551,-0.919
1,490,9,24.336,0.777
1,491,1,26.318,-5.008
1,491,3,28.261,3.345
1,491,4,26.72,-3.62
1,491,6,17.023,-0.056
1,491,7,24.425,-1.001
1,491,9,24.29,0.71
1,491,10,27.36,-0.59
1,492,1,26.396,-5.027
1,492,3,28.355,3.357
1,492,4,26.718,-3.643
1,492,6,16.904,-0.028
1,492,7,24.342,-1.09
1,492,9,24.259,0.651
1,492,10,27.43,-0.671
1,493,1,26.463,-5.043
1,493,3,28.466,3.445
1,493,4,26.715,-3.666
1,493,6,16.79,-0.027
1,493,7,24.305,-1.174
1,493,9,24.255,0.563
1,493,10,27.487,-0.785
1,494,1,26.491,-5.051
1,494,3,28.498,3.481
1,494,4,26.704,-3.637
1,494,6,16.713,-0.008
1,494,7,24.305,-1.21
1,494,9,24.196,0.519
1,494,10,27.383,-0.837
1,495,1,26.518,-5.057
1,495,3,28.607,3.522
1,495,4,26.743,-3.672
1,495,6,16.582,0.004
1,495,7,24.279,-1.293
1,495,9,24.18,0.43
1,495,10,27.356,-0.871
1,496,1,26.567,-5.073
1,496,3,28.708,3.507
1,496,4,26.75,-3.679
1,496,6,16.463,0.006
1,496,7,24.246,-1.413
1,496,9,24.169,0.36
1,496,10,27.334,-0.962
1,497,1,26.592,-5.08
1,497,3,28.736,3.517
1,497,4,26.749,-3.669
1,497,6,16.453,0.028
1,497,7,24.233,-1.473
1,497,9,24.187,0.296
1,497,10,27.328,-0.97
1,498,1,26.617,-5.088
1,498,3,28.843,3.55
1,498,4,26.787,-3.716
1,498,6,16.352,0.05
1,498,7,24.261,-1.56
1,498,9,24.191,0.176
1,498,10,27.287,-1.029
1,499,1,26.76,-5.098
1,499,3,28.923,3.576
1,499,4,26.803,-3.743
1,499,6,16.254,0.054
1,499,7,24.244,-1.679
1,499,9,24.185,0.09
1,499,10,27.276,-1.16
1,500,1,27.001,-5.144
1,500,3,29.006,3.572
1,500,4,26.754,-3.714
1,500,6,16.119,0.082
1,500,7,24.261,-1.746
1,500,9,24.179,0.004
1,500,10,27.223,-1.196
1,501,1,27.035,-5.15
1,501,3,29.093,3.629
1,501,4,26.758,-3.685
1,501,6,15.976,0.119
1,501,7,24.246,-1.828
1,501,9,24.161,-0.135
1,501,10,27.171,-1.256
1,502,1,27.28,-5.199
1,502,3,29.174,3.657
1,502,4,26.754,-3.72
1,502,6,15.857,0.129
1,502,7,24.234,-1.918
1,502,9,24.154,-0.271
1,502,10,27.143,-1.289
1,503,1,27.438,-5.23
1,503,3,29.256,3.684
1,503,4,26.667,-3.636
1,503,6,15.789,0.156
1,503,7,24.246,-1.953
1,503,9,24.119,-0.334
1,503,10,27.144,-1.334
1,504,1,27.475,-5.234
1,504,3,29.337,3.71
1,504,4,26.673,-3.628
1,504,6,15.685,0.168
1,504,7,24.257,-2.044
1,504,9,24.116,-0.428
1,504,10,27.073,-1.398
1,505,1,27.641,-5.271
1,505,3,29.419,3.738
1,505,4,26.657,-3.681
1,505,6,15.581,0.2
1,505,7,24.25,-2.183
1,505,9,24.103,-0.525
1,505,10,27.028,-1.487
1,506,1,27.687,-5.281
1,506,3,29.503,3.767
1,506,4,26.689,-3.692
1,506,6,15.489,0.23
1,506,7,24.267,-2.252
1,506,9,24.085,-0.544
1,506,10,27.022,-1.515
1,507,1,27.732,-5.29
1,507,3,29.588,3.794
1,507,4,26.696,-3.69
1,507,6,15.329,0.248
1,507,7,24.299,-2.341
1,507,9,24.11,-0.671
1,507,10,26.983,-1.576
1,508,1,28.214,-5.372
1,508,3,29.671,3.822
1,508,4,26.686,-3.687
1,508,6,15.198,0.303
1,508,7,24.306,-2.448
1,508,9,24.108,-0.765
1,508,10,26.939,-1.704
1,509,1,28.445,-5.414
1,509,3,29.754,3.849
1,509,4,26.683,-3.666
1,509,6,15.126,0.337
1,509,7,24.288,-2.522
1,509,9,24.112,-0.859
1,509,10,26.916,-1.747
1,510,1,28.801,-5.484
1,510,3,29.838,3.878
1,510,4,26.703,-3.693
1,510,6,15.006,0.38
1,510,7,24.301,-2.585
1,510,9,24.114,-0.982
1,510,10,26.852,-1.804
1,511,1,28.96,-5.517
1,511,3,29.922,3.906
1,511,4,26.703,-3.706
1,511,6,14.895,0.398
1,511,7,24.296,-2.739
1,511,9,24.102,-1.11
1,511,10,26.806,-1.915
1,512,1,25.622,-4.87
1,512,3,29.531,1.413
1,512,4,26.704,-3.684
1,512,6,14.785,0.409
1,512,7,24.338,-2.802
1,512,9,24.138,-1.161
1,512,10,26.732,-1.937
1,513,1,25.688,-4.892
1,513,3,29.536,1.209
1,513,4,26.698,-3.642
1,513,6,14.703,0.485
1,513,7,24.303,-2.88
1,513,9,24.122,-1.248
1,513,10,26.642,-1.977
1,514,1,25.779,-4.904
1,514,3,29.541,1.007
1,514,4,26.698,-3.621
1,514,6,14.603,0.523
1,514,7,24.293,-3.002
1,514,9,24.119,-1.355
1,514,10,26.578,-2.076
1,515,1,25.869,-4.923
1,515,3,29.543,0.844
1,515,4,26.71,-3.616
1,515,6,14.529,0.555
1,515,7,24.266,-3.047
1,515,9,24.136,-1.396
1,515,10,26.496,-2.112
1,516,1,25.949,-4.943
1,516,3,29.532,0.775
1,516,4,26.675,-3.568
1,516,6,14.439,0.603
1,516,7,24.271,-3.111
1,516,9,24.146,-1.454
1,516,10,26.453,-2.15
1,517,1,26.047,-4.964
1,517,3,29.747,0.79
1,517,4,26.655,-3.605
1,517,6,14.346,0.715
1,517,7,24.258,-3.236
1,517,9,24.149,-1.535
1,517,10,26.393,-2.233
1,518,1,25.96,-4.898
1,518,3,29.796,0.726
1,518,4,26.68,-3.636
1,518,6,14.264,0.727
1,518,7,24.247,-3.276
1,518,9,24.155,-1.627
1,518,10,26.336,-2.284
1,519,1,25.83,-4.803
1,519,3,29.847,0.661
1,519,4,26.715,-3.688
1,519,6,14.109,0.811
1,519,7,24.244,-3.336
1,519,9,24.155,-1.722
1,519,10,26.295,-2.343
1,520,1,25.856,-4.868
1,520,3,29.899,0.597
1,520,4,26.719,-3.704
1,520,6,14.003,0.891
1,520,7,24.236,-3.403
1,520,9,24.152,-1.874
1,520,10,26.231,-2.443
1,521,1,25.874,-4.872
1,521,3,29.95,0.532
1,521,4,26.687,-3.613
1,521,6,13.917,0.947
1,521,7,24.271,-3.504
1,521,9,24.146,-1.933
1,521,10,26.247,-2.484
1,522,1,25.899,-4.368
1,522,3,30.001,0.467
1,522,4,26.714,-3.661
1,522,6,13.784,0.996
1,522,7,24.262,-3.576
1,522,9,24.165,-2.025
1,522,10,26.199,-2.563
1,523,1,25.943,-4.244
1,523,3,30.052,0.403
1,523,4,26.719,-3.631
1,523,6,13.678,1.038
1,523,7,24.263,-3.634
1,523,9,24.173,-2.122
1,523,10,26.152,-2.592
1,524,1,26.081,-4.053
1,524,3,30.103,0.341
1,524,4,26.72,-3.626
1,524,6,13.516,1.08
1,524,7,24.257,-3.714
1,524,9,24.172,-2.173
1,524,10,26.091,-2.693
1,525,1,26.097,-3.756
1,525,3,30.155,0.278
1,525,4,26.719,-3.648
1,525,6,13.407,1.101
1,525,7,24.235,-3.78
1,525,9,24.165,-2.269
1,525,10,26.05,-2.799
1,526,1,26.311,-3.693
1,526,3,30.206,0.215
1,526,4,26.707,-3.738
1,526,6,13.287,1.127
1,526,7,24.213,-3.88
1,526,9,24.163,-2.323
1,526,10,25.997,-2.877
1,527,1,26.385,-3.537
1,527,3,30.257,0.151
1,527,4,26.736,-3.727
1,527,6,13.193,1.131
1,527,7,24.219,-3.937
1,527,9,24.166,-2.401
1,527,10,25.943,-2.956
1,528,1,26.46,-3.381
1,528,3,30.31,0.088
1,528,4,26.797,-3.811
1,528,6,13.102,1.157
1,528,7,24.216,-4.008
1,528,9,24.203,-2.501
1,528,10,25.888,-3.036
1,529,1,26.468,-3.043
1,529,3,30.363,0.023
1,529,4,26.806,-3.859
1,529,6,12.992,1.196
1,529,7,24.195,-4.115
1,529,9,24.22,-2.635
1,529,10,25.835,-3.114
1,530,1,26.536,-2.844
1,530,3,30.415,-0.043
1,530,4,26.859,-3.904
1,530,6,12.927,1.245
1,530,7,24.171,-4.168
1,530,9,24.245,-2.694
1,530,10,25.781,-3.191
1,531,1,26.603,-2.645
1,531,3,30.468,-0.108
1,531,4,26.898,-3.962
1,531,6,12.805,1.293
1,531,7,24.186,-4.176
1,531,9,24.344,-2.763
1,531,10,25.729,-3.267
1,532,1,27.212,-3.033
1,532,3,30.521,-0.176
1,532,4,26.918,-4.0
1,532,6,12.697,1.342
1,532,7,24.186,-4.21
1,532,9,24.367,-2.823
1,532,10,25.695,-3.221
1,533,1,27.589,-3.031
1,533,3,30.574,-0.243
1,533,4,26.953,-4.066
1,533,6,12.618,1.38
1,533,7,24.205,-4.269
1,533,9,24.326,-2.887
1,533,10,25.673,-3.216
1,534,1,26.964,-2.663
1,534,3,30.628,-0.312
1,534,4,26.985,-4.104
1,534,6,12.505,1.423
1,534,7,24.198,-4.406
1,534,9,24.291,-2.97
1,534,10,25.65,-3.324
1,535,1,26.749,-2.533
1,535,3,30.684,-0.381
1,535,4,27.004,-4.172
1,535,6,12.403,1.469
1,535,7,24.168,-4.535
1,535,9,24.294,-3.051
1,535,10,25.639,-3.471
1,536,1,26.91,-2.527
1,536,3,30.738,-0.449
1,536,4,27.054,-4.219
1,536,6,12.322,1.491
1,536,7,24.158,-4.634
1,536,9,24.271,-3.155
1,536,10,25.096,-3.294
1,536,11,25.8,-2.96
1,537,1,27.064,-2.562
1,537,3,30.793,-0.519
1,537,4,27.069,-4.244
1,537,6,12.229,1.517
1,537,7,24.364,-4.741
1,537,9,24.251,-3.259
1,537,10,25.016,-3.301
1,537,11,25.81,-3.006
1,538,1,27.025,-2.655
1,538,3,30.848,-0.589
1,538,4,27.086,-4.319
1,538,6,12.139,1.549
1,538,7,24.368,-4.889
1,538,9,24.243,-3.368
1,538,10,24.934,-3.309
1,538,11,25.805,-3.067
1,539,1,27.078,-2.66
1,539,3,30.904,-0.66
1,539,4,27.11,-4.344
1,539,6,12.024,1.563
1,539,7,24.371,-4.964
1,539,9,24.241,-3.436
1,539,10,24.166,-3.023
1,539,11,25.781,-3.125
1,540,1,26.712,-2.742
1,540,3,30.96,-0.731
1,540,4,27.15,-4.382
1,540,6,11.88,1.595
1,540,7,24.456,-5.056
1,540,9,24.272,-3.513
1,540,10,24.029,-2.972
1,540,11,25.922,-3.211
1,541,1,26.678,-2.806
1,541,3,31.016,-0.803
1,541,4,27.2,-4.338
1,541,6,11.767,1.621
1,541,7,24.563,-4.939
1,541,9,24.269,-3.612
1,541,10,24.335,-3.397
1,541,11,25.95,-3.336
1,542,1,26.66,-2.863
1,542,3,31.071,-0.874
1,542,4,27.25,-4.394
1,542,6,11.747,1.658
1,542,7,24.562,-5.004
1,542,9,24.266,-3.665
1,542,10,23.454,-3.28
1,542,11,25.912,-3.379
1,542,12,25.81,-4.93
1,543,1,27.095,-3.164
1,543,3,31.125,-0.946
1,543,4,27.321,-4.453
1,543,6,11.662,1.672
1,543,7,24.552,-5.103
1,543,9,24.303,-3.741
1,543,10,23.213,-3.289
1,543,11,25.892,-3.425
1,543,12,25.865,-4.974
1,544,1,27.219,-3.333
1,544,3,31.178,-1.017
1,544,4,27.359,-4.526
1,544,6,11.577,1.709
1,544,7,24.56,-5.455
1,544,9,24.302,-3.867
1,544,10,23.052,-3.326
1,544,11,25.893,-3.499
1,544,12,25.864,-5.09
1,545,1,26.842,-3.284
1,545,3,31.23,-1.087
1,545,4,27.447,-4.585
1,545,6,11.493,1.724
1,545,7,24.583,-5.562
1,545,9,24.334,-3.919
1,545,10,22.67,-3.553
1,545,11,25.907,-3.531
1,545,12,25.864,-5.107
1,546,1,26.918,-3.404
1,546,3,31.282,-1.159
1,546,4,27.496,-4.634
1,546,6,11.358,1.749
1,546,7,24.58,-5.657
1,546,9,24.356,-3.989
1,546,10,22.556,-3.505
1,546,11,25.909,-3.597
1,546,12,25.916,-5.117
1,547,1,26.928,-3.492
1,547,3,31.336,-1.23
1,547,4,27.55,-4.674
1,547,6,11.26,1.782
1,547,7,24.581,-5.765
1,547,9,24.377,-4.191
1,547,10,22.388,-3.483
1,547,11,25.904,-3.685
1,547,12,25.957,-5.191
1,548,1,26.934,-3.58
1,548,3,31.392,-1.302
1,548,4,27.601,-4.722
1,548,6,11.133,1.793
1,548,7,24.603,-5.768
1,548,9,24.413,-4.263
1,548,10,22.201,-3.503
1,548,11,26.004,-3.717
1,548,12,25.987,-5.224
1,549,1,26.941,-3.669
1,549,3,28.312,-5.133
1,549,4,27.65,-4.739
1,549,6,10.971,1.812
1,549,7,24.66,-5.822
1,549,9,24.435,-4.303
1,549,10,22.015,-3.524
1,549,11,26.017,-3.791
1,549,12,26.032,-5.276
1,550,1,26.949,-3.756
1,550,3,28.243,-5.382
1,550,4,27.704,-4.78
1,550,6,10.847,1.833
1,550,7,24.656,-5.934
1,550,9,24.454,-4.381
1,550,10,21.829,-3.544
1,550,11,26.025,-3.873
1,550,12,26.059,-5.362
1,551,1,27.006,-4.057
1,551,3,28.193,-5.533
1,551,4,27.8,-4.961
1,551,6,10.795,1.844
1,551,7,24.709,-5.983
1,551,9,24.462,-4.579
1,551,10,21.643,-3.564
1,551,11,26.038,-3.913
1,551,12,26.071,-5.387
1,552,1,25.951,-4.198
1,552,3,28.128,-5.654
1,552,4,27.87,-5.157
1,552,6,10.622,1.837
1,552,7,24.814,-6.059
1,552,9,24.489,-4.657
1,552,10,21.457,-3.584
1,552,11,26.095,-3.972
1,552,12,26.103,-5.413
1,553,1,25.901,-4.355
1,553,3,28.074,-5.805
1,553,4,27.911,-5.295
1,553,6,10.506,1.839
1,553,7,24.837,-6.16
1,553,9,24.512,-4.762
1,553,10,21.271,-3.604
1,553,11,26.11,-4.087
1,553,12,26.121,-5.513
1,554,1,25.489,-4.684
1,554,3,28.02,-5.97
1,554,4,27.965,-5.399
1,554,6,10.425,1.846
1,554,7,24.913,-6.22
1,554,9,24.68,-4.768
1,554,10,21.086,-3.624
1,554,11,26.138,-4.148
1,554,12,26.15,-5.555
1,555,1,25.492,-4.856
1,555,3,27.966,-6.125
1,555,4,27.996,-5.64
1,555,6,10.341,1.842
1,555,7,25.01,-6.273
1,555,9,24.727,-4.803
1,555,10,20.901,-3.643
1,555,11,26.163,-4.223
1,555,12,26.242,-5.628
1,556,1,25.388,-5.037
1,556,3,27.923,-6.213
1,556,4,28.042,-5.82
1,556,6,10.243,1.838
1,556,7,25.048,-6.403
1,556,9,24.775,-4.865
1,556,10,20.717,-3.662
1,556,11,26.184,-4.301
1,556,12,26.152,-5.91
1,557,1,25.403,-5.432
1,557,3,27.904,-6.298
1,557,4,28.084,-5.934
1,557,6,10.154,1.837
1,557,7,25.12,-6.463
1,557,9,24.833,-4.913
1,557,10,20.534,-3.683
1,557,11,26.254,-4.34
1,557,12,26.178,-6.011
1,558,1,25.304,-5.687
1,558,3,27.888,-6.362
1,558,4,29.073,-6.147
1,558,6,10.036,1.843
1,558,7,25.184,-6.533
1,558,9,24.864,-4.978
1,558,10,20.35,-3.703
1,558,11,26.3,-4.374
1,558,12,26.246,-6.047
1,559,1,25.205,-5.942
1,559,3,27.86,-6.423
1,559,4,29.269,-6.301
1,559,6,9.933,1.843
1,559,7,25.24,-6.624
1,559,9,24.897,-5.104
1,559,10,20.1,-3.811
1,559,11,26.331,-4.443
1,559,12,26.298,-6.035
1,560,1,24.822,-6.475
1,560,3,27.756,-6.612
1,560,4,29.461,-6.429
1,560,6,9.837,1.822
1,560,7,25.281,-6.706
1,560,9,24.914,-5.159
1,560,10,20.009,-3.796
1,560,11,26.369,-4.479
1,560,12,26.348,-6.032
1,561,1,24.681,-6.814
1,561,3,27.708,-6.735
1,561,4,29.648,-6.567
1,561,6,9.731,1.816
1,561,7,25.375,-6.793
1,561,9,24.99,-5.276
1,561,10,19.823,-3.799
1,561,11,26.404,-4.529
1,561,12,26.404,-6.028
1,562,1,24.54,-7.154
1,562,3,27.643,-6.704
1,562,4,29.58,-6.415
1,562,6,9.624,1.824
1,562,7,25.427,-6.919
1,562,9,25.036,-5.352
1,562,10,19.638,-3.801
1,562,11,26.44,-4.579
1,562,12,26.44,-6.081
1,563,3,27.672,-6.719
1,563,4,29.964,-6.663
1,563,6,9.521,1.823
1,563,7,25.435,-6.989
1,563,9,25.101,-5.455
1,563,10,19.452,-3.804
1,563,11,26.383,-4.875
1,563,12,26.47,-6.106
1,564,3,28.356,-6.917
1,564,4,30.149,-6.795
1,564,6,9.317,1.82
1,564,7,25.47,-7.059
1,564,9,25.148,-5.561
1,564,10,19.267,-3.806
1,564,11,26.373,-4.974
1,564,12,26.518,-6.15
1,565,3,28.448,-6.931
1,565,4,30.335,-6.901
1,565,6,9.183,1.815
1,565,7,25.516,-7.157
1,565,9,25.171,-5.795
1,565,10,19.083,-3.808
1,565,11,26.367,-5.07
1,565,12,26.568,-6.144
1,566,3,28.545,-6.966
1,566,4,30.878,-7.306
1,566,6,9.077,1.78
1,566,7,25.559,-7.242
1,566,9,25.218,-5.88
1,566,10,18.901,-3.809
1,566,11,26.38,-5.136
1,566,12,26.619,-6.194
1,567,3,28.642,-6.999
1,567,4,31.099,-7.52
1,567,6,8.977,1.778
1,567,7,25.638,-7.315
1,567,9,25.26,-5.937
1,567,10,18.718,-3.81
1,567,11,26.424,-5.186
1,567,12,26.663,-6.272
1,568,3,28.739,-7.035
1,568,4,31.327,-7.749
1,568,6,8.856,1.763
1,568,7,25.697,-7.402
1,568,9,25.303,-6.037
1,568,10,18.533,-3.811
1,568,11,26.452,-5.24
1,568,12,26.698,-6.311
1,569,3,29.034,-7.0
1,569,4,31.548,-7.969
1,569,6,8.844,1.753
1,569,7,25.727,-7.446
1,569,9,25.391,-6.051
1,569,10,18.348,-3.811
1,569,11,26.987,-5.045
1,569,12,26.701,-6.423
1,570,3,29.171,-7.016
1,570,4,31.77,-8.189
1,570,6,8.686,1.759
1,570,7,25.802,-7.531
1,570,9,25.481,-6.094
1,570,10,18.162,-3.811
1,570,11,27.007,-5.121
1,570,12,26.731,-6.541
1,570,13,27.08,-4.3
1,571,3,29.308,-7.032
1,571,4,32.04,-8.258
1,571,6,8.576,1.743
1,571,7,25.854,-7.606
1,571,9,25.538,-6.178
1,571,10,17.975,-3.811
1,571,11,26.918,-5.336
1,571,12,26.756,-6.615
1,571,13,27.054,-4.423
1,572,3,29.443,-7.047
1,572,4,32.276,-8.437
1,572,6,8.458,1.71
1,572,7,25.919,-7.675
1,572,9,25.572,-6.22
1,572,10,17.788,-3.81
1,572,11,26.944,-5.393
1,572,12,26.777,-6.751
1,572,13,27.123,-4.434
1,573,3,29.578,-7.063
1,573,4,32.51,-8.616
1,573,6,8.342,1.687
1,573,7,25.965,-7.776
1,573,9,25.627,-6.321
1,573,10,17.976,-2.093
1,573,11,27.002,-5.518
1,573,12,26.775,-6.931
1,573,13,27.139,-4.494
1,574,3,29.713,-7.079
1,574,4,32.743,-8.795
1,574,6,8.291,1.678
1,574,7,25.948,-7.804
1,574,9,25.657,-6.367
1,574,10,17.483,-1.966
1,574,11,27.056,-5.577
1,574,12,26.801,-7.026
1,574,13,27.173,-4.484
1,575,3,29.846,-7.096
1,575,4,32.975,-8.975
1,575,6,8.195,1.648
1,575,7,25.991,-7.864
1,575,9,25.693,-6.417
1,575,10,17.318,-1.796
1,575,11,27.103,-5.657
1,575,12,26.858,-7.109
1,575,13,27.204,-4.568
1,576,3,29.98,-7.113
1,576,4,33.208,-9.154
1,576,6,8.094,1.633
1,576,7,26.028,-7.955
1,576,9,25.728,-6.52
1,576,10,16.943,-1.616
1,576,11,27.148,-5.785
1,576,12,26.879,-7.182
1,576,13,27.227,-4.606
1,577,3,30.258,-6.473
1,577,4,33.441,-9.335
1,577,6,8.037,1.619
1,577,7,26.124,-8.028
1,577,9,25.742,-6.554
1,577,10,16.691,-1.479
1,577,11,27.193,-5.85
1,577,12,26.899,-7.233
1,577,13,27.25,-4.646
1,578,3,30.393,-6.455
1,578,4,33.673,-9.516
1,578,6,7.897,1.609
1,578,7,26.22,-8.108
1,578,9,25.823,-6.633
1,578,10,16.474,-1.352
1,578,11,27.292,-5.945
1,578,12,26.96,-7.243
1,578,13,27.274,-4.735
1,579,3,30.415,-6.519
1,579,4,33.906,-9.696
1,579,6,7.799,1.592
1,579,7,26.256,-8.277
1,579,9,25.866,-6.749
1,579,10,16.74,-1.373
1,579,11,27.342,-6.049
1,579,12,26.977,-7.38
1,579,13,27.024,-4.931
1,580,3,30.642,-6.361
1,580,4,35.415,-10.213
1,580,6,7.657,1.544
1,580,7,26.274,-8.342
1,580,9,25.911,-6.809
1,580,10,16.559,-1.252
1,580,11,27.388,-6.106
1,580,12,26.96,-7.427
1,580,13,26.859,-5.068
1,581,3,30.412,-6.145
1,581,4,35.763,-10.048
1,581,6,7.523,1.508
1,581,7,26.323,-8.423
1,581,9,25.971,-6.904
1,581,10,16.378,-1.132
1,581,11,27.395,-6.185
1,581,12,26.983,-7.499
1,581,13,26.811,-5.211
1,582,3,30.447,-5.982
1,582,4,36.117,-10.203
1,582,6,7.404,1.478
1,582,7,26.367,-8.529
1,582,9,26.062,-6.349
1,582,10,16.214,-0.954
1,582,11,27.439,-6.265
1,582,12,27.014,-7.524
1,582,13,26.763,-5.353
1,583,3,30.558,-5.846
1,583,4,36.163,-10.721
1,583,6,7.333,1.472
1,583,7,26.443,-8.588
1,583,9,26.112,-6.322
1,583,10,16.035,-0.818
1,583,11,27.464,-6.314
1,583,12,27.034,-7.522
1,583,13,27.848,-5.521
1,584,3,30.671,-5.711
1,584,4,36.44,-10.947
1,584,6,7.193,1.436
1,584,7,26.486,-8.625
1,584,9,26.165,-6.362
1,584,10,15.855,-0.681
1,584,11,27.482,-6.377
1,584,12,27.058,-7.559
1,584,13,27.941,-5.569
1,585,3,30.782,-5.575
1,585,4,36.821,-11.165
1,585,6,7.086,1.402
1,585,7,26.541,-8.697
1,585,9,26.225,-6.338
1,585,10,15.68,-0.56
1,585,11,27.519,-6.448
1,585,12,27.078,-7.617
1,585,13,28.024,-5.62
1,586,3,30.893,-5.439
1,586,4,37.169,-11.387
1,586,6,6.921,1.358
1,586,7,26.58,-8.786
1,586,9,26.265,-6.428
1,586,10,15.5,-0.425
1,586,11,27.552,-6.494
1,586,12,27.1,-7.66
1,586,13,28.119,-5.669
1,587,3,31.004,-5.303
1,587,4,37.296,-11.944
1,587,6,6.775,1.325
1,587,7,26.637,-8.872
1,587,9,26.316,-6.457
1,587,10,15.32,-0.291
1,587,11,27.61,-6.58
1,587,12,26.454,-7.521
1,587,13,28.194,-5.729
1,588,3,31.115,-5.168
1,588,4,37.601,-12.293
1,588,6,6.644,1.286
1,588,7,26.674,-8.985
1,588,9,26.376,-6.483
1,588,11,27.652,-6.649
1,588,12,26.333,-7.55
1,588,13,28.267,-5.839
1,589,3,31.226,-5.035
1,589,4,37.906,-12.643
1,589,6,6.555,1.245
1,589,7,26.797,-9.099
1,589,9,26.429,-6.51
1,589,11,27.72,-6.725
1,589,12,26.242,-7.567
1,589,13,28.341,-5.926
1,590,3,31.337,-4.902
1,590,4,38.21,-12.995
1,590,6,6.412,1.222
1,590,7,26.864,-9.183
1,590,9,26.483,-6.538
1,590,11,27.821,-6.81
1,590,12,26.271,-7.62
1,590,13,28.38,-5.982
1,591,3,31.449,-4.769
1,591,4,38.514,-13.346
1,591,6,6.287,1.189
1,591,7,26.919,-9.297
1,591,9,26.537,-6.565
1,591,11,27.856,-6.953
1,591,12,26.139,-7.731
1,591,13,28.445,-6.068
1,592,3,31.561,-4.638
1,592,4,38.819,-13.698
1,592,6,6.201,1.17
1,592,7,26.968,-9.378
1,592,9,26.59,-6.592
1,592,11,27.891,-7.016
1,592,12,26.279,-7.839
1,592,13,28.465,-6.151
1,593,3,31.674,-4.504
1,593,4,39.123,-14.05
1,593,6,6.088,1.149
1,593,7,27.018,-9.416
1,593,9,26.643,-6.619
1,593,11,27.993,-7.108
1,593,12,26.368,-7.934
1,593,13,28.515,-6.208
1,594,3,31.787,-4.37
1,594,4,39.428,-14.402
1,594,6,5.978,1.111
1,594,7,27.064,-9.515
1,594,9,26.696,-6.646
1,594,11,28.054,-7.217
1,594,12,26.338,-8.043
1,594,13,28.564,-6.322
1,595,3,31.902,-4.236
1,595,4,39.734,-14.753
1,595,6,5.919,1.058
1,595,7,27.116,-9.59
1,595,9,26.749,-6.675
1,595,11,28.094,-7.245
1,595,12,26.459,-8.173
1,595,13,28.624,-6.389
1,596,3,32.017,-4.102
1,596,4,40.039,-15.106
1,596,6,5.779,1.018
1,596,7,27.174,-9.663
1,596,9,26.801,-6.705
1,596,11,28.137,-7.326
1,596,12,26.548,-8.311
1,596,13,28.692,-6.453
1,597,3,32.13,-3.969
1,597,4,40.344,-15.461
1,597,6,5.671,0.968
1,597,7,27.232,-9.735
1,597,9,26.853,-6.733
1,597,11,28.172,-7.476
1,597,12,26.578,-8.424
1,597,13,28.735,-6.605
1,598,3,32.242,-3.838
1,598,4,40.649,-15.816
1,598,6,5.588,0.913
1,598,7,27.281,-9.814
1,598,9,26.904,-6.762
1,598,11,28.189,-7.531
1,598,12,26.66,-8.489
1,598,13,28.832,-6.663
1,599,3,32.354,-3.706
1,599,4,40.953,-16.172
1,599,6,5.419,0.843
1,599,7,27.486,-9.937
1,599,9,26.955,-6.79
1,599,11,28.284,-7.63
1,599,12,26.722,-8.561
1,599,13,28.976,-6.77
1,600,3,32.466,-3.575
1,600,4,41.258,-16.527
1,600,6,5.293,0.786
1,600,7,27.565,-10.007
1,600,9,27.004,-6.82
1,600,11,28.33,-7.708
1,600,12,26.755,-8.665
1,600,13,29.058,-6.86
1,601,3,32.576,-3.445
1,601,4,41.563,-16.884
1,601,6,5.196,0.746
1,601,7,27.644,-10.089
1,601,9,27.054,-6.849
1,601,11,28.387,-7.771
1,601,12,26.817,-8.724
1,601,13,29.174,-6.948
1,602,3,32.687,-3.316
1,602,4,41.867,-17.24
1,602,6,5.087,0.701
1,602,7,27.685,-10.169
1,602,9,27.794,-8.632
1,602,11,28.475,-7.844
1,602,12,26.864,-8.733
1,602,13,29.259,-7.04
1,603,3,32.799,-3.188
1,603,4,42.17,-17.596
1,603,6,4.974,0.645
1,603,7,27.757,-10.249
1,603,9,27.799,-9.375
1,603,11,28.53,-7.911
1,603,12,26.912,-8.812
1,603,13,29.338,-7.168
1,604,3,32.91,-3.059
1,604,4,42.475,-17.952
1,604,6,4.846,0.606
1,604,7,27.767,-10.281
1,604,9,27.806,-9.429
1,604,11,28.598,-7.969
1,604,12,26.962,-8.937
1,604,13,29.347,-7.213
1,605,3,33.018,-2.93
1,605,4,42.779,-18.309
1,605,6,4.737,0.564
1,605,7,27.861,-10.348
1,605,9,27.74,-9.33
1,605,11,28.657,-8.035
1,605,12,27.04,-9.078
1,605,13,29.427,-7.282
1,606,3,33.127,-2.801
1,606,4,43.084,-18.665
1,606,6,4.622,0.51
1,606,7,27.923,-10.427
1,606,9,27.841,-9.501
1,606,11,28.704,-8.133
1,606,12,27.146,-8.98
1,606,13,29.502,-7.381
1,607,3,33.236,-2.673
1,607,4,43.388,-19.021
1,607,6,4.54,0.467
1,607,7,28.0,-10.493
1,607,9,27.927,-9.605
1,607,11,28.737,-8.185
1,607,12,27.211,-9.111
1,607,13,29.539,-7.444
1,608,3,33.345,-2.544
1,608,4,43.693,-19.378
1,608,6,4.444,0.422
1,608,7,28.15,-10.547
1,608,9,28.023,-9.683
1,608,11,28.809,-8.256
1,608,12,27.245,-9.226
1,608,13,29.651,-7.542
1,609,3,33.454,-2.416
1,609,4,43.998,-19.734
1,609,6,4.341,0.365
1,609,7,28.227,-10.612
1,609,9,28.127,-9.821
1,609,11,28.869,-8.336
1,609,12,27.296,-9.303
1,609,13,29.726,-7.635
1,610,3,33.565,-2.287
1,610,4,44.303,-20.089
1,610,6,4.274,0.334
1,610,7,28.307,-10.668
1,610,9,28.229,-9.959
1,610,11,28.975,-8.435
1,610,12,27.307,-9.402
1,610,13,29.776,-7.685
1,611,3,33.676,-2.159
1,611,4,44.609,-20.444
1,611,6,4.122,0.245
1,611,7,28.384,-10.737
1,611,9,28.353,-10.049
1,611,11,29.014,-8.499
1,611,12,27.351,-9.486
1,611,13,29.846,-7.745
1,612,3,33.788,-2.028
1,612,4,44.913,-20.799
1,612,6,4.006,0.176
1,612,7,28.458,-10.809
1,612,9,28.476,-10.141
1,612,11,29.072,-8.598
1,612,12,27.396,-9.568
1,612,13,29.916,-7.816
1,613,3,33.898,-1.897
1,613,4,45.217,-21.156
1,613,6,3.941,0.096
1,613,7,28.536,-10.871
1,613,9,28.612,-10.229
1,613,11,29.127,-8.631
1,613,12,27.441,-9.651
1,613,13,29.964,-7.885
1,614,3,34.009,-1.765
1,614,4,45.521,-21.512
1,614,6,3.805,-0.001
1,614,7,28.599,-10.91
1,614,9,28.726,-10.334
1,614,11,29.198,-8.689
1,614,12,27.571,-9.846
1,614,13,30.129,-7.981
1,615,3,34.119,-1.634
1,615,4,45.827,-21.867
1,615,6,3.698,-0.076
1,615,7,28.679,-10.956
1,615,9,28.826,-10.416
1,615,11,29.256,-8.78
1,615,12,27.703,-9.588
1,615,13,30.215,-8.118
1,616,3,34.229,-1.502
1,616,4,46.134,-22.223
1,616,6,3.648,-0.056
1,616,7,28.753,-11.014
1,616,9,28.94,-10.518
1,616,11,29.304,-8.828
1,616,12,27.759,-9.611
1,616,13,30.266,-8.177
1,617,3,34.34,-1.369
1,617,4,46.439,-22.58
1,617,6,3.553,-0.112
1,617,7,28.989,-11.128
1,617,9,29.053,-10.619
1,617,11,29.378,-8.888
1,617,12,28.27,-9.809
1,617,13,30.345,-8.255
1,618,3,34.45,-1.236
1,618,4,46.746,-22.936
1,618,6,3.454,-0.187
1,618,7,29.084,-11.191
1,618,9,29.14,-10.735
1,618,11,29.436,-8.962
1,618,12,28.394,-9.863
1,618,13,30.414,-8.374
1,619,3,34.56,-1.102
1,619,4,47.051,-23.293
1,619,6,3.355,-0.271
1,619,7,29.193,-11.229
1,619,9,29.247,-10.842
1,619,11,29.492,-9.002
1,619,12,28.575,-9.924
1,619,13,30.448,-8.427
1,620,3,34.672,-0.968
1,620,4,47.359,-23.651
1,620,6,3.26,-0.333
1,620,7,29.288,-11.305
1,620,9,29.393,-10.91
1,620,11,29.563,-9.053
1,620,12,28.707,-9.988
1,620,13,30.54,-8.513
1,621,3,34.783,-0.833
1,621,4,47.666,-24.009
1,621,6,3.155,-0.394
1,621,7,29.385,-11.366
1,621,9,29.52,-11.028
1,621,11,29.617,-9.136
1,621,12,28.837,-10.067
1,621,13,30.614,-8.612
1,622,3,34.895,-0.7
1,622,4,47.972,-24.368
1,622,6,2.871,-0.437
1,622,7,29.377,-11.361
1,622,9,29.628,-11.13
1,622,11,29.684,-9.178
1,622,12,28.868,-10.106
1,622,13,30.697,-8.675
1,623,3,35.007,-0.565
1,623,4,48.278,-24.728
1,623,6,2.739,-0.479
1,623,7,29.431,-11.453
1,623,9,29.738,-11.229
1,623,11,29.743,-9.212
1,623,12,28.929,-10.147
1,623,13,30.78,-8.737
1,624,3,35.117,-0.432
1,624,4,48.586,-25.088
1,624,6,2.6,-0.516
1,624,7,29.505,-11.541
1,624,9,29.911,-11.302
1,624,11,29.79,-9.317
1,624,12,29.032,-10.215
1,624,13,30.84,-8.824
1,625,3,34.415,-7.146
1,625,4,48.894,-25.447
1,625,6,2.466,-0.561
1,625,7,29.575,-11.616
1,625,9,30.025,-11.392
1,625,11,29.84,-9.367
1,625,12,29.075,-10.208
1,625,13,30.861,-8.87
1,626,3,34.464,-7.326
1,626,4,49.2,-25.807
1,626,6,2.331,-0.605
1,626,7,29.656,-11.667
1,626,9,30.166,-11.465
1,626,11,29.914,-9.421
1,626,12,29.136,-10.26
1,626,13,30.969,-8.931
1,627,3,34.553,-7.437
1,627,4,49.507,-26.166
1,627,6,2.127,-0.581
1,627,7,29.745,-11.702
1,627,9,30.252,-11.577
1,627,11,29.963,-9.518
1,627,12,29.19,-10.375
1,627,13,31.008,-9.013
1,628,3,34.639,-7.549
1,628,4,49.814,-26.526
1,628,6,1.974,-0.611
1,628,7,29.825,-11.757
1,628,9,30.325,-11.674
1,628,11,30.047,-9.56
1,628,12,29.238,-10.411
1,628,13,31.069,-9.083
1,629,3,34.725,-7.66
1,629,4,50.121,-26.885
1,629,6,1.821,-0.639
1,629,7,29.905,-11.813
1,629,9,30.4,-11.758
1,629,11,30.129,-9.614
1,629,12,29.31,-10.488
1,629,13,31.223,-9.197
1,630,3,34.812,-7.772
1,630,4,50.427,-27.245
1,630,6,1.668,-0.667
1,630,7,29.984,-11.87
1,630,9,30.458,-11.819
1,630,11,30.192,-9.657
1,630,12,29.383,-10.556
1,630,13,31.254,-9.323
1,631,3,34.899,-7.883
1,631,4,50.735,-27.607
1,631,6,1.516,-0.696
1,631,7,30.065,-11.927
1,631,9,30.589,-11.903
1,631,11,30.269,-9.704
1,631,12,29.45,-10.621
1,631,13,31.344,-9.406
1,632,3,34.987,-7.995
1,632,4,51.043,-27.967
1,632,6,1.363,-0.722
1,632,7,30.144,-11.984
1,632,9,30.693,-11.989
1,632,11,30.348,-9.727
1,632,12,29.518,-10.676
1,632,13,31.419,-9.504
1,633,3,35.075,-8.108
1,633,4,51.353,-28.328
1,633,6,1.208,-0.748
1,633,7,30.225,-12.04
1,633,9,30.897,-12.091
1,633,11,30.411,-9.804
1,633,12,29.576,-10.724
1,633,13,31.478,-9.605
1,634,3,35.163,-8.22
1,634,4,51.662,-28.687
1,634,6,1.053,-0.775
1,634,7,30.304,-12.096
1,634,9,31.005,-12.18
1,634,11,30.499,-9.819
1,634,12,29.654,-10.769
1,634,13,31.541,-9.671
1,635,3,35.25,-8.333
1,635,4,51.972,-29.046
1,635,6,0.897,-0.8
1,635,7,30.386,-12.154
1,635,9,31.171,-12.282
1,635,11,30.563,-9.896
1,635,12,29.741,-10.806
1,635,13,31.612,-9.753
1,636,3,35.337,-8.447
1,636,4,52.283,-29.406
1,636,6,0.741,-0.826
1,636,7,30.469,-12.211
1,636,9,31.305,-12.399
1,636,11,30.636,-9.962
1,636,12,29.835,-10.852
1,636,13,31.682,-9.844
1,637,3,35.423,-8.559
1,637,4,52.593,-29.765
1,637,6,0.586,-0.851
1,637,7,29.424,-11.745
1,637,9,31.411,-12.488
1,637,11,30.707,-10.025
1,637,12,29.986,-10.906
1,637,13,31.748,-9.95
1,638,3,35.51,-8.671
1,638,4,52.903,-30.124
1,638,6,0.431,-0.876
1,638,7,29.446,-11.793
1,638,9,31.169,-12.708
1,638,11,30.803,-10.063
1,638,12,29.944,-10.908
1,638,13,32.059,-10.093
1,639,3,35.596,-8.783
1,639,4,53.215,-30.484
1,639,6,0.275,-0.899
1,639,7,29.444,-11.792
1,639,9,31.266,-12.823
1,639,11,30.865,-10.134
1,639,12,30.012,-10.963
1,639,13,32.165,-10.19
1,640,3,35.682,-8.896
1,640,4,53.526,-30.844
1,640,6,0.12,-0.922
1,640,7,29.423,-11.796
1,640,9,31.352,-12.904
1,640,11,30.95,-10.195
1,640,12,30.056,-11.007
1,640,13,32.166,-10.241
1,641,3,35.769,-9.008
1,641,4,53.837,-31.203
1,641,6,-0.035,-0.945
1,641,7,29.401,-11.819
1,641,9,31.41,-12.929
1,641,11,31.008,-10.307
1,641,12,30.132,-11.053
1,641,13,32.226,-10.298
1,642,3,35.853,-9.119
1,642,4,54.148,-31.561
1,642,6,-0.192,-0.968
1,642,7,29.374,-11.864
1,642,9,31.519,-12.981
1,642,11,31.091,-10.371
1,642,12,30.203,-11.11
1,642,13,32.31,-10.377
1,643,3,35.937,-9.23
1,643,4,54.46,-31.921
1,643,6,-0.347,-0.991
1,643,7,29.68,-12.034
1,643,9,31.631,-13.053
1,643,11,31.159,-10.46
1,643,12,30.259,-11.175
1,643,13,32.38,-10.488
1,644,3,36.02,-9.339
1,644,4,54.772,-32.279
1,644,6,-0.504,-1.016
1,644,7,29.709,-12.067
1,644,9,31.754,-13.158
1,644,11,31.232,-10.537
1,644,12,30.324,-11.232
1,644,13,32.466,-10.562
1,645,3,36.105,-9.449
1,645,4,55.083,-32.637
1,645,6,-0.661,-1.041
1,645,7,29.726,-12.106
1,645,9,31.8,-13.216
1,645,11,31.308,-10.599
1,645,12,30.389,-11.292
1,645,13,32.55,-10.641
1,646,3,36.191,-9.558
1,646,4,55.393,-32.996
1,646,6,-0.817,-1.067
1,646,7,30.001,-12.226
1,646,9,31.903,-13.274
1,646,11,31.381,-10.613
1,646,12,30.451,-11.353
1,646,13,32.622,-10.726
1,647,3,36.277,-9.668
1,647,4,55.703,-33.355
1,647,6,-0.973,-1.092
1,647,7,30.072,-12.293
1,647,9,31.999,-13.339
1,647,11,31.465,-10.628
1,647,12,30.514,-11.408
1,647,13,32.744,-10.801
1,648,3,36.364,-9.778
1,648,4,56.014,-33.713
1,648,6,-1.127,-1.116
1,648,7,30.156,-12.346
1,648,9,32.097,-13.405
1,648,11,31.455,-10.8
1,648,12,30.592,-11.45
1,648,13,32.825,-10.897
1,649,3,36.448,-9.888
1,649,4,56.325,-34.07
1,649,6,-1.282,-1.14
1,649,7,30.258,-12.366
1,649,9,31.995,-13.39
1,649,11,31.529,-10.883
1,649,12,30.665,-11.488
1,649,13,32.91,-10.99
1,650,3,36.532,-9.997
1,650,4,56.637,-34.427
1,650,6,-1.436,-1.165
1,650,7,30.339,-12.413
1,650,9,31.863,-13.344
1,650,11,31.618,-10.943
1,650,12,30.735,-11.522
1,650,13,33.042,-11.002
1,650,14,31.52,-10.76
1,651,3,36.616,-10.107
1,651,4,56.949,-34.785
1,651,6,0.556,0.149
1,651,7,30.423,-12.459
1,651,9,31.954,-13.402
1,651,11,31.672,-10.99
1,651,12,30.832,-11.573
1,651,13,33.142,-11.126
1,651,14,31.525,-10.753
1,652,3,36.7,-10.218
1,652,4,57.261,-35.139
1,652,6,0.421,0.138
1,652,7,30.511,-12.519
1,652,9,32.218,-13.52
1,652,11,31.736,-11.029
1,652,12,30.916,-11.614
1,652,13,33.236,-11.207
1,652,14,31.535,-10.756
1,653,3,36.783,-10.326
1,653,4,57.572,-35.493
1,653,6,0.287,0.126
1,653,7,30.591,-12.52
1,653,9,31.959,-13.346
1,653,11,31.797,-11.312
1,653,12,30.854,-11.57
1,653,13,33.33,-11.286
1,653,14,31.679,-10.872
1,654,3,36.867,-10.434
1,654,4,57.883,-35.845
1,654,6,0.152,0.115
1,654,7,30.68,-12.554
1,654,9,32.059,-13.371
1,654,11,31.774,-11.424
1,654,12,30.909,-11.603
1,654,13,33.425,-11.364
1,654,14,31.691,-11.001
1,655,3,36.949,-10.543
1,655,4,58.197,-36.198
1,655,6,0.016,0.104
1,655,7,30.775,-12.568
1,655,9,32.56,-13.671
1,655,11,31.855,-11.511
1,655,12,30.96,-11.647
1,655,13,33.52,-11.44
1,655,14,31.785,-11.031
1,656,3,37.03,-10.653
1,656,4,58.51,-36.549
1,656,6,-0.119,0.093
1,656,7,30.872,-12.582
1,656,9,32.222,-13.452
1,656,11,31.84,-11.53
1,656,12,31.032,-11.697
1,656,13,33.616,-11.517
1,656,14,31.901,-11.06
1,657,3,37.114,-10.764
1,657,4,58.823,-36.9
1,657,6,-0.254,0.082
1,657,7,30.978,-12.677
1,657,9,32.037,-13.456
1,657,11,31.797,-11.529
1,657,12,31.086,-11.742
1,657,13,33.731,-11.917
1,657,14,31.937,-11.155
1,658,3,37.198,-10.874
1,658,4,59.138,-37.253
1,658,6,-0.388,0.071
1,658,7,31.074,-12.705
1,658,9,32.462,-13.568
1,658,11,31.64,-11.413
1,658,12,31.134,-11.779
1,658,13,33.888,-12.102
1,658,14,32.031,-11.215
1,659,3,37.281,-10.985
1,659,4,59.45,-37.604
1,659,6,-0.522,0.06
1,659,7,31.194,-12.718
1,659,9,32.917,-13.679
1,659,11,31.236,-11.2
1,659,12,31.185,-11.799
1,659,13,34.086,-12.232
1,659,14,32.109,-11.257
1,660,3,37.365,-11.095
1,660,4,59.763,-37.956
1,660,6,-0.656,0.05
1,660,7,31.282,-12.768
1,660,9,32.956,-13.809
1,660,11,31.213,-11.135
1,660,12,31.239,-11.835
1,660,13,34.194,-12.346
1,660,14,32.196,-11.283
1,661,3,37.448,-11.206
1,661,4,60.075,-38.308
1,661,6,-0.791,0.039
1,661,7,31.448,-12.858
1,661,9,33.066,-13.869
1,661,11,31.211,-11.082
1,661,12,31.295,-11.871
1,661,13,33.294,-12.118
1,661,14,32.279,-11.328
1,662,3,37.531,-11.315
1,662,4,60.388,-38.659
1,662,6,-0.926,0.03
1,662,7,31.523,-12.912
1,662,9,33.176,-13.928
1,662,11,31.208,-11.031
1,662,12,31.374,-11.931
1,662,13,33.301,-12.246
1,662,14,32.363,-11.369
1,663,3,37.614,-11.424
1,663,4,60.701,-39.011
1,663,6,-1.062,0.021
1,663,7,31.593,-12.952
1,663,9,33.167,-13.948
1,663,11,31.239,-11.082
1,663,12,31.448,-11.985
1,663,13,33.361,-12.308
1,663,14,32.455,-11.433
1,664,3,37.697,-11.534
1,664,4,61.014,-39.362
1,664,6,-1.199,0.011
1,664,7,31.662,-12.983
1,664,9,33.282,-14.012
1,664,11,31.228,-11.053
1,664,12,31.508,-12.02
1,664,13,33.414,-12.382
1,664,14,32.519,-11.511
1,665,3,37.78,-11.645
1,665,4,61.329,-39.714
1,665,6,-1.335,0.002
1,665,7,31.708,-13.007
1,665,9,33.395,-14.076
1,665,11,31.053,-11.339
1,665,12,31.558,-12.055
1,665,13,33.462,-12.418
1,665,14,32.603,-11.578
1,666,3,37.864,-11.755
1,666,4,61.641,-40.065
1,666,6,-1.472,-0.007
1,666,7,31.766,-13.031
1,666,9,33.508,-14.141
1,666,11,31.063,-11.432
1,666,12,32.263,-12.193
1,666,13,33.533,-12.494
1,666,14,32.705,-11.65
1,667,3,37.947,-11.866
1,667,4,61.954,-40.415
1,667,6,-1.61,-0.017
1,667,7,32.17,-13.228
1,667,9,33.622,-14.206
1,667,11,31.027,-11.496
1,667,12,32.355,-12.3
1,667,13,33.579,-12.569
1,667,14,32.781,-11.745
1,668,3,38.032,-11.977
1,668,4,62.267,-40.766
1,668,6,-1.748,-0.028
1,668,7,32.242,-13.254
1,668,9,33.734,-14.272
1,668,11,30.951,-11.55
1,668,12,32.444,-12.363
1,668,13,33.624,-12.645
1,668,14,32.852,-11.841
1,669,3,38.117,-12.086
1,669,4,62.578,-41.117
1,669,6,-1.885,-0.036
1,669,7,32.405,-13.321
1,669,9,33.847,-14.338
1,669,11,30.9,-11.606
1,669,12,32.534,-12.413
1,669,13,33.669,-12.721
1,669,14,32.948,-12.02
1,670,3,38.199,-12.197
1,670,4,62.889,-41.466
1,670,6,-2.022,-0.046
1,670,7,32.486,-13.369
1,670,9,34.648,-14.608
1,670,11,30.851,-11.662
1,670,12,32.308,-12.366
1,670,13,33.716,-12.797
1,670,14,32.997,-12.122
1,671,3,38.281,-12.308
1,671,4,63.199,-41.818
1,671,6,-2.157,-0.055
1,671,7,32.574,-13.419
1,671,9,35.227,-14.842
1,671,11,30.8,-11.718
1,671,12,32.365,-12.396
1,671,13,33.763,-12.872
1,671,14,33.044,-12.206
1,672,3,38.364,-12.42
1,672,4,63.507,-42.169
1,672,6,-2.292,-0.063
1,672,7,32.614,-13.45
1,672,9,31.982,-13.226
1,672,11,30.75,-11.774
1,672,12,32.221,-12.347
1,672,13,33.811,-12.947
1,672,14,32.923,-12.231
1,673,3,38.447,-12.533
1,673,4,63.815,-42.521
1,673,6,-2.427,-0.074
1,673,7,32.693,-13.504
1,673,9,32.192,-13.21
1,673,11,30.701,-11.828
1,673,12,32.237,-12.385
1,673,13,33.858,-13.023
1,673,14,32.985,-12.252
1,674,3,38.533,-12.646
1,674,4,64.123,-42.875
1,674,6,-2.562,-0.084
1,674,7,32.775,-13.556
1,674,9,32.403,-13.193
1,674,11,30.65,-11.883
1,674,12,32.254,-12.41
1,674,13,33.907,-13.099
1,674,14,33.049,-12.268
1,675,3,38.617,-12.76
1,675,4,64.431,-43.227
1,675,6,-2.696,-0.095
1,675,7,32.855,-13.603
1,675,9,32.615,-13.175
1,675,11,30.6,-11.938
1,675,12,32.267,-12.45
1,675,13,33.893,-13.353
1,675,14,33.099,-12.295
1,676,3,38.701,-12.874
1,676,4,64.74,-43.58
1,676,6,-2.829,-0.104
1,676,7,32.933,-13.647
1,676,9,32.828,-13.158
1,676,11,30.551,-11.994
1,676,12,32.276,-12.485
1,676,13,33.929,-13.448
1,676,14,33.14,-12.307
1,677,3,38.785,-12.988
1,677,4,65.047,-43.933
1,677,6,-2.962,-0.114
1,677,7,33.002,-13.671
1,677,9,32.42,-12.45
1,677,11,30.503,-12.05
1,677,12,32.296,-12.537
1,677,13,33.967,-13.542
1,677,14,33.183,-12.337
1,678,3,38.869,-13.102
1,678,4,65.356,-44.287
1,678,6,-3.096,-0.124
1,678,7,33.074,-13.693
1,678,9,32.682,-12.376
1,678,11,30.454,-12.105
1,678,12,32.318,-12.585
1,678,13,34.006,-13.636
1,678,14,33.238,-12.373
1,679,3,38.952,-13.215
1,679,4,65.664,-44.641
1,679,6,-3.229,-0.132
1,679,7,33.118,-13.749
1,679,9,32.944,-12.283
1,679,11,30.405,-12.161
1,679,12,32.335,-12.638
1,679,13,34.045,-13.73
1,679,14,33.292,-12.408
1,680,3,39.033,-13.327
1,680,4,65.971,-44.995
1,680,6,-3.362,-0.141
1,680,7,33.184,-13.797
1,680,9,33.205,-12.19
1,680,11,30.244,-12.3
1,680,12,32.346,-12.675
1,680,14,33.354,-12.45
1,681,3,39.115,-13.438
1,681,4,66.278,-45.348
1,681,6,-3.497,-0.15
1,681,7,33.246,-13.84
1,681,9,33.467,-12.098
1,681,11,30.295,-12.337
1,681,12,32.369,-12.729
1,681,14,33.401,-12.498
1,682,3,39.196,-13.548
1,682,4,66.585,-45.702
1,682,6,-3.629,-0.16
1,682,7,33.345,-13.907
1,682,9,33.728,-12.007
1,682,11,30.417,-12.458
1,682,12,33.703,-13.288
1,682,14,33.415,-12.552
1,683,3,39.276,-13.658
1,683,4,66.894,-46.057
1,683,6,-3.763,-0.169
1,683,7,33.46,-13.988
1,683,9,33.99,-11.93
1,683,11,30.319,-12.438
1,683,12,33.834,-13.386
1,683,14,33.441,-12.597
1,684,3,39.356,-13.767
1,684,4,67.201,-46.412
1,684,6,-3.897,-0.177
1,684,7,33.583,-14.056
1,684,9,35.32,-12.278
1,684,11,29.734,-12.181
1,684,12,33.974,-13.485
1,684,14,33.426,-12.62
1,685,3,45.144,-18.293
1,685,4,67.509,-46.767
1,685,6,-4.029,-0.186
1,685,7,33.681,-14.114
1,685,9,35.348,-12.093
1,685,11,29.574,-12.081
1,685,12,34.124,-13.58
1,685,14,33.438,-12.664
1,686,3,45.539,-18.604
1,686,4,67.816,-47.12
1,686,6,-4.162,-0.195
1,686,7,33.733,-14.187
1,686,9,35.644,-12.214
1,686,11,29.502,-12.159
1,686,12,34.293,-13.677
1,686,14,33.416,-12.715
1,687,3,47.076,-19.37
1,687,4,68.121,-47.473
1,687,6,-4.295,-0.204
1,687,7,33.785,-14.256
1,687,9,35.625,-12.155
1,687,11,29.351,-12.153
1,687,12,34.358,-13.895
1,687,14,33.441,-12.767
1,688,3,50.336,-20.965
1,688,4,68.428,-47.824
1,688,6,-4.427,-0.214
1,688,7,33.861,-14.322
1,688,9,35.908,-12.158
1,688,11,29.684,-12.217
1,688,12,34.497,-13.966
1,688,14,33.446,-12.812
1,688,15,34.24,-11.05
1,689,3,47.958,-20.042
1,689,4,68.735,-48.178
1,689,6,-4.56,-0.222
1,689,7,34.121,-14.27
1,689,9,36.191,-12.16
1,689,11,29.719,-12.201
1,689,12,34.683,-14.021
1,689,14,33.468,-12.857
1,689,15,34.209,-11.174
1,690,3,48.202,-20.27
1,690,4,69.041,-48.532
1,690,6,-4.694,-0.232
1,690,7,34.222,-14.288
1,690,9,36.473,-12.163
1,690,11,29.78,-12.225
1,690,12,34.863,-14.085
1,690,14,33.494,-12.891
1,690,15,33.956,-11.035
1,691,3,48.032,-20.262
1,691,4,69.35,-48.886
1,691,6,-4.826,-0.243
1,691,7,34.332,-14.287
1,691,9,36.756,-12.167
1,691,11,29.851,-12.271
1,691,12,35.022,-14.149
1,691,14,33.565,-12.949
1,691,15,33.553,-10.644
1,692,3,47.902,-20.402
1,692,4,69.661,-49.24
1,692,6,-4.96,-0.253
1,692,7,34.453,-14.278
1,692,9,36.791,-11.27
1,692,11,29.848,-12.269
1,692,12,35.146,-14.218
1,692,14,33.55,-13.008
1,692,15,33.478,-10.48
1,693,3,47.883,-20.581
1,693,4,69.973,-49.597
1,693,6,-5.092,-0.262
1,693,7,34.55,-14.294
1,693,9,37.047,-11.131
1,693,11,29.845,-12.267
1,693,12,35.314,-14.291
1,693,14,33.575,-13.07
1,693,15,33.036,-10.159
1,694,3,47.665,-20.689
1,694,4,70.283,-49.952
1,694,6,-7.59,-0.572
1,694,7,34.579,-14.311
1,694,11,29.1,-12.218
1,694,12,35.457,-14.382
1,694,14,33.607,-13.13
1,694,15,32.659,-9.811
1,695,3,47.596,-20.817
1,695,4,70.594,-50.307
1,695,6,-7.78,-0.62
1,695,7,34.696,-14.338
1,695,11,30.387,-12.756
1,695,12,35.602,-14.477
1,695,14,33.669,-13.207
1,695,15,32.362,-9.731
1,696,3,47.868,-21.034
1,696,4,70.906,-50.662
1,696,6,-7.969,-0.669
1,696,7,34.406,-14.289
1,696,11,30.485,-12.839
1,696,12,35.755,-14.572
1,696,14,34.345,-13.504
1,696,15,31.921,-9.441
1,697,3,48.354,-21.28
1,697,4,71.216,-51.016
1,697,6,-8.159,-0.716
1,697,7,34.282,-14.316
1,697,11,30.374,-12.904
1,697,12,35.913,-14.673
1,697,14,34.503,-13.612
1,697,15,31.505,-9.224
1,698,3,48.868,-21.496
1,698,4,71.529,-51.369
1,698,6,-10.708,-1.282
1,698,7,34.357,-14.409
1,698,11,30.355,-12.967
1,698,12,36.063,-14.767
1,698,14,34.583,-13.688
1,698,15,31.119,-9.136
1,699,3,48.799,-21.449
1,699,4,71.841,-51.721
1,699,6,-10.968,-1.427
1,699,7,34.374,-14.463
1,699,11,30.335,-13.03
1,699,12,36.214,-14.862
1,699,14,34.663,-13.754
1,699,15,30.702,-8.953
1,700,3,49.125,-21.575
1,700,4,72.154,-52.074
1,700,6,-11.226,-1.572
1,700,7,34.426,-14.51
1,700,11,30.315,-13.096
1,700,12,36.404,-14.986
1,700,14,34.735,-13.834
1,700,15,30.216,-8.745
1,701,3,49.364,-21.672
1,701,4,72.468,-52.427
1,701,6,-11.483,-1.718
1,701,7,34.398,-14.499
1,701,11,30.179,-13.165
1,701,12,36.541,-15.08
1,701,14,34.809,-13.91
1,701,15,29.793,-8.66
1,702,3,49.564,-21.733
1,702,4,72.781,-52.783
1,702,6,-11.74,-1.865
1,702,7,34.456,-14.539
1,702,12,36.665,-15.154
1,702,14,34.883,-13.982
1,702,15,29.516,-8.541
1,703,3,49.755,-21.824
1,703,4,73.094,-53.138
1,703,6,-11.998,-2.011
1,703,7,34.833,-14.759
1,703,12,36.795,-15.234
1,703,14,34.959,-14.053
1,703,15,29.015,-8.308
1,704,3,49.946,-21.915
1,704,4,73.406,-53.492
1,704,6,-12.257,-2.158
1,704,7,34.74,-14.76
1,704,12,36.973,-15.361
1,704,14,35.044,-14.111
1,704,15,28.586,-8.212
1,705,3,49.937,-21.981
1,705,4,73.718,-53.846
1,705,6,-12.515,-2.304
1,705,7,34.789,-14.817
1,705,12,37.096,-15.437
1,705,14,35.145,-14.164
1,705,15,28.235,-8.052
1,706,3,50.126,-22.082
1,706,4,74.03,-54.2
1,706,6,-12.773,-2.451
1,706,7,34.837,-14.874
1,706,12,37.235,-15.537
1,706,14,35.225,-14.24
1,706,15,27.765,-7.888
1,707,3,50.313,-22.183
1,707,4,74.342,-54.555
1,707,6,-13.032,-2.598
1,707,7,35.025,-15.009
1,707,12,37.361,-15.613
1,707,14,35.297,-14.307
1,707,15,27.338,-7.779
1,708,3,50.501,-22.283
1,708,4,74.653,-54.91
1,708,6,-13.292,-2.747
1,708,7,35.074,-15.072
1,708,12,37.502,-15.699
1,708,14,35.358,-14.383
1,708,15,27.018,-7.675
1,709,3,50.165,-22.321
1,709,4,74.965,-55.265
1,709,6,-13.552,-2.896
1,709,7,35.12,-15.134
1,709,12,37.594,-15.754
1,709,14,35.411,-14.449
1,709,15,26.581,-7.514
1,710,3,50.224,-22.428
1,710,4,75.277,-55.621
1,710,6,-13.812,-3.044
1,710,7,35.168,-15.197
1,710,12,37.711,-15.838
1,710,14,35.472,-14.52
1,710,15,26.162,-7.414
1,711,3,50.417,-22.571
1,711,4,75.589,-55.977
1,711,6,-14.072,-3.192
1,711,7,35.326,-15.395
1,711,12,37.843,-15.917
1,711,14,35.532,-14.586
1,711,15,25.873,-7.272
1,712,3,50.612,-22.714
1,712,4,75.901,-56.334
1,712,6,-14.332,-3.34
1,712,7,35.248,-15.39
1,712,12,37.976,-16.011
1,712,14,35.584,-14.648
1,712,15,25.391,-7.164
1,713,3,51.573,-23.044
1,713,4,76.21,-56.688
1,713,6,-14.593,-3.488
1,713,7,34.826,-15.236
1,713,12,37.957,-16.046
1,713,14,35.665,-14.733
1,713,15,24.959,-7.077
1,714,3,51.805,-23.117
1,714,4,76.521,-57.043
1,714,6,-14.853,-3.636
1,714,7,34.186,-14.989
1,714,12,38.09,-16.136
1,714,14,35.713,-14.792
1,714,15,24.654,-6.948
1,715,3,51.78,-22.937
1,715,4,76.831,-57.4
1,715,6,-15.115,-3.784
1,715,7,33.939,-14.873
1,715,12,38.256,-16.174
1,715,14,35.759,-14.852
1,715,15,24.209,-6.868
1,716,3,50.889,-22.399
1,716,4,77.141,-57.756
1,716,6,-15.377,-3.933
1,716,7,33.934,-14.894
1,716,12,38.35,-16.269
1,716,14,35.828,-14.97
1,716,15,23.783,-6.837
1,717,3,50.435,-22.078
1,717,4,77.451,-58.112
1,717,6,-15.638,-4.083
1,717,7,33.927,-14.917
1,717,12,38.328,-16.194
1,717,14,35.904,-15.096
1,717,15,23.133,-6.719
1,718,3,50.717,-22.101
1,718,4,77.761,-58.467
1,718,6,-15.9,-4.232
1,718,7,33.92,-14.941
1,718,12,38.553,-16.261
1,718,14,35.959,-15.187
1,718,15,22.58,-6.6
1,719,3,50.999,-22.123
1,719,4,78.073,-58.823
1,719,6,-16.162,-4.382
1,719,7,33.913,-14.966
1,719,12,38.698,-16.315
1,719,14,36.015,-15.278
1,719,15,22.103,-6.578
1,720,3,51.282,-22.144
1,720,4,78.383,-59.178
1,720,6,-15.714,-5.061
1,720,7,33.907,-14.991
1,720,12,38.839,-16.412
1,720,14,36.072,-15.371
1,720,15,21.637,-6.475
1,721,3,51.563,-22.165
1,721,4,78.694,-59.532
1,721,6,-16.425,-5.34
1,721,7,33.415,-15.082
1,721,12,38.889,-16.441
1,721,14,36.128,-15.463
1,721,15,21.132,-6.455
1,722,3,51.844,-22.186
1,722,4,79.005,-59.887
1,722,6,-16.728,-5.517
1,722,7,33.38,-15.143
1,722,12,39.027,-16.508
1,722,14,36.184,-15.556
1,722,15,20.641,-6.418
1,723,3,52.125,-22.206
1,723,4,79.316,-60.241
1,723,6,-17.032,-5.692
1,723,7,33.344,-15.204
1,723,12,39.165,-16.574
1,723,14,36.241,-15.648
1,723,15,20.362,-6.398
1,724,3,52.407,-22.226
1,724,4,79.627,-60.594
1,724,6,-17.337,-5.867
1,724,7,33.309,-15.266
1,724,12,39.304,-16.64
1,724,14,36.298,-15.742
1,724,15,19.918,-6.318
1,725,3,52.689,-22.245
1,725,4,79.938,-60.946
1,725,6,-17.642,-6.043
1,725,7,33.274,-15.327
1,725,12,39.443,-16.705
1,725,14,36.357,-15.835
1,725,15,19.476,-6.261
1,726,3,52.971,-22.265
1,726,4,80.248,-61.299
1,726,6,-17.947,-6.217
1,726,7,33.239,-15.389
1,726,12,39.584,-16.772
1,726,14,36.415,-15.928
1,726,15,19.167,-6.25
1,727,3,53.253,-22.283
1,727,4,80.559,-61.651
1,727,6,-18.253,-6.392
1,727,7,33.203,-15.45
1,727,12,39.723,-16.838
1,727,14,36.475,-16.02
1,727,15,18.761,-6.263
1,728,3,53.534,-22.3
1,728,4,80.87,-62.003
1,728,6,-18.452,-5.965
1,728,7,33.166,-15.511
1,728,12,39.861,-16.905
1,728,14,36.535,-16.112
1,728,15,18.334,-6.291
1,729,3,50.465,-19.048
1,729,4,81.18,-62.356
1,729,6,-19.222,-6.185
1,729,7,33.13,-15.572
1,729,12,40.0,-16.971
1,729,14,36.594,-16.204
1,729,15,17.962,-6.258
1,730,3,50.775,-18.923
1,730,4,81.49,-62.709
1,730,6,-19.983,-6.42
1,730,7,33.094,-15.634
1,730,12,40.136,-17.035
1,730,14,36.653,-16.295
1,730,15,17.474,-6.309
1,731,3,51.085,-18.799
1,731,4,81.802,-63.062
1,731,6,-20.579,-6.615
1,731,7,33.056,-15.697
1,731,12,40.271,-17.101
1,731,14,36.714,-16.386
1,731,15,17.029,-6.358
1,732,3,52.016,-19.214
1,732,4,82.114,-63.416
1,732,6,-21.318,-6.853
1,732,7,33.02,-15.762
1,732,12,40.409,-17.165
1,732,14,36.775,-16.477
1,732,15,16.676,-6.375
1,733,3,52.356,-19.14
1,733,4,82.425,-63.77
1,733,6,-21.889,-7.042
1,733,7,32.983,-15.826
1,733,12,41.056,-16.757
1,733,14,36.837,-16.568
1,733,15,16.198,-6.386
1,734,3,52.697,-19.066
1,734,4,82.735,-64.125
1,734,6,-22.324,-7.182
1,734,7,32.945,-15.891
1,734,12,41.223,-16.761
1,734,14,36.9,-16.66
1,734,15,15.756,-6.44
1,735,3,53.036,-18.992
1,735,4,83.046,-64.48
1,735,6,-22.76,-7.323
1,735,7,32.907,-15.954
1,735,12,41.391,-16.766
1,735,14,36.961,-16.752
1,735,15,15.417,-6.458
1,736,3,53.377,-18.919
1,736,4,83.357,-64.837
1,736,6,-23.196,-7.463
1,736,7,32.87,-16.019
1,736,12,41.558,-16.771
1,736,14,37.021,-16.844
1,736,15,14.936,-6.504
1,737,3,53.717,-18.844
1,737,4,83.666,-65.193
1,737,6,-23.63,-7.603
1,737,7,32.833,-16.083
1,737,12,41.724,-16.777
1,737,14,37.081,-16.936
1,737,15,14.51,-6.535
1,738,3,54.056,-18.771
1,738,4,83.975,-65.548
1,738,6,-24.063,-7.744
1,738,7,32.795,-16.147
1,738,12,41.891,-16.782
1,738,14,37.201,-17.62
1,738,15,14.141,-6.574
1,739,3,54.396,-18.697
1,739,4,84.282,-65.902
1,739,6,-24.495,-7.883
1,739,7,32.757,-16.211
1,739,12,42.057,-16.789
1,739,14,37.278,-17.626
1,739,15,13.684,-6.678
1,740,3,54.736,-18.625
1,740,4,84.59,-66.256
1,740,6,-24.928,-8.022
1,740,7,32.72,-16.277
1,740,12,42.223,-16.794
1,740,14,37.334,-17.748
1,740,15,13.101,-6.678
1,741,3,55.076,-18.553
1,741,4,84.899,-66.607
1,741,6,-25.36,-8.16
1,741,7,32.684,-16.342
1,741,12,42.39,-16.8
1,741,14,35.943,-17.606
1,741,15,12.811,-6.744
1,742,3,55.416,-18.483
1,742,4,85.206,-66.959
1,742,6,-25.792,-8.299
1,742,7,32.647,-16.406
1,742,12,42.557,-16.806
1,742,14,35.901,-17.764
1,742,15,12.395,-6.788
1,743,3,55.757,-18.413
1,743,4,85.515,-67.312
1,743,6,-26.223,-8.438
1,743,7,32.61,-16.471
1,743,12,42.725,-16.813
1,743,14,35.858,-17.923
1,743,15,11.789,-6.857
1,744,3,56.098,-18.342
1,744,4,85.826,-67.663
1,744,6,-26.655,-8.578
1,744,7,32.574,-16.535
1,744,12,42.891,-16.82
1,744,14,35.813,-18.084
1,744,15,11.167,-6.905
1,745,3,56.44,-18.272
1,745,4,86.137,-68.014
1,745,6,-27.087,-8.718
1,745,7,32.538,-16.598
1,745,12,43.057,-16.828
1,745,14,35.767,-18.245
1,745,15,10.658,-6.964
1,746,3,56.783,-18.2
1,746,4,86.448,-68.367
1,746,6,-27.521,-8.858
1,746,7,32.503,-16.662
1,746,12,43.224,-16.836
1,746,14,35.72,-18.407
1,746,15,10.296,-7.034
1,747,3,57.126,-18.131
1,747,4,86.76,-68.718
1,747,6,-27.953,-8.999
1,747,7,32.467,-16.726
1,747,12,43.391,-16.843
1,747,14,35.673,-18.567
1,747,15,9.813,-7.102
1,748,3,57.469,-18.06
1,748,4,87.073,-69.07
1,748,6,-28.386,-9.139
1,748,7,32.431,-16.79
1,748,12,43.559,-16.852
1,748,14,35.627,-18.727
1,748,15,9.346,-7.166
1,749,3,57.813,-17.989
1,749,4,87.388,-69.421
1,749,6,-28.819,-9.281
1,749,7,32.393,-16.856
1,749,12,43.727,-16.861
1,749,14,35.578,-18.886
1,749,15,9.018,-7.22
1,750,3,58.156,-17.918
1,750,4,87.702,-69.776
1,750,6,-29.252,-9.423
1,750,7,32.356,-16.921
1,750,12,43.897,-16.871
1,750,14,35.531,-19.045
1,750,15,8.59,-7.295
1,751,3,58.5,-17.848
1,751,4,88.016,-70.131
1,751,6,-29.808,-9.574
1,751,7,32.319,-16.985
1,751,12,44.065,-16.879
1,751,14,35.48,-19.205
1,751,15,8.162,-7.36
1,752,3,58.844,-17.777
1,752,4,88.329,-70.486
1,752,6,-30.239,-9.701
1,752,7,32.283,-17.05
1,752,12,44.232,-16.887
1,752,14,35.43,-19.364
1,752,15,7.735,-7.425
1,753,3,59.187,-17.706
1,753,4,88.643,-70.841
1,753,6,-30.67,-9.826
1,753,7,32.248,-17.116
1,753,12,44.4,-16.896
1,753,14,35.378,-19.522
1,753,15,7.308,-7.489
1,754,3,59.53,-17.635
1,754,4,88.956,-71.197
1,754,6,-31.102,-9.949
1,754,7,32.212,-17.183
1,754,12,44.567,-16.905
1,754,14,35.327,-19.682
1,754,15,6.88,-7.554
1,755,3,59.875,-17.565
1,755,4,89.27,-71.552
1,755,6,-31.535,-10.072
1,755,7,32.176,-17.25
1,755,12,44.734,-16.912
1,755,14,35.275,-19.841
1,755,15,6.452,-7.618
1,756,3,60.219,-17.497
1,756,4,89.583,-71.907
1,756,6,-31.97,-10.195
1,756,7,32.14,-17.318
1,756,12,44.901,-16.921
1,756,14,35.225,-20.001
1,756,15,6.024,-7.682
1,757,3,60.561,-17.428
1,757,4,89.895,-72.263
1,757,6,-32.405,-10.317
1,757,7,32.103,-17.386
1,757,12,45.069,-16.93
1,757,14,35.174,-20.16
1,757,15,5.598,-7.746
1,758,3,60.904,-17.36
1,758,4,90.205,-72.619
1,758,6,-32.838,-10.44
1,758,7,32.066,-17.455
1,758,12,45.234,-16.939
1,758,14,35.123,-20.319
1,758,15,5.17,-7.811
1,759,3,61.245,-17.292
1,759,4,90.514,-72.977
1,759,6,-33.272,-10.563
1,759,7,32.029,-17.523
1,759,12,39.281,-8.703
1,759,14,35.073,-20.478
1,759,15,4.743,-7.876
1,760,3,61.586,-17.224
1,760,4,90.825,-73.332
1,760,6,-33.705,-10.685
1,760,7,31.992,-17.592
1,760,12,39.373,-8.345
1,760,15,4.314,-7.941
1,761,3,61.93,-17.155
1,761,4,91.135,-73.687
1,761,6,-34.139,-10.807
1,761,7,31.955,-17.663
1,761,12,39.466,-7.987
1,761,15,3.885,-8.006
1,762,3,62.274,-17.087
1,762,4,91.445,-74.043
1,762,6,-35.507,-10.458
1,762,7,31.919,-17.732
1,762,12,39.559,-7.629
1,762,15,3.455,-8.072
1,763,3,62.618,-17.016
1,763,4,91.753,-74.398
1,763,6,-36.003,-10.496
1,763,7,31.881,-17.802
1,763,12,39.653,-7.271
1,763,15,3.025,-8.14
1,764,3,62.962,-16.946
1,764,4,92.061,-74.754
1,764,6,-36.499,-10.535
1,764,7,31.843,-17.873
1,764,12,39.746,-6.916
1,764,15,2.594,-8.207
1,765,3,63.306,-16.878
1,765,4,92.368,-75.109
1,765,6,-36.994,-10.573
1,765,7,31.808,-17.943
1,765,12,39.841,-6.561
1,765,15,2.164,-8.273
1,766,3,63.65,-16.81
1,766,4,92.678,-75.464
1,766,6,-36.844,-10.195
1,766,7,31.771,-18.014
1,766,12,39.935,-6.206
1,766,15,1.731,-8.34
1,767,3,63.992,-16.741
1,767,4,92.989,-75.818
1,767,6,-37.325,-10.166
1,767,7,31.734,-18.084
1,767,12,40.028,-5.85
1,767,15,1.298,-8.409
1,768,3,64.333,-16.674
1,768,4,93.298,-76.172
1,768,6,-37.804,-10.138
1,768,7,31.698,-18.153
1,768,12,40.119,-5.494
1,768,15,0.866,-8.479
1,769,3,64.674,-16.607
1,769,4,93.609,-76.526
1,769,6,-38.284,-10.109
1,769,7,31.662,-18.221
1,769,12,40.21,-5.138
1,769,15,0.434,-8.548
1,770,3,65.015,-16.54
1,770,4,93.92,-76.88
1,770,6,-38.765,-10.079
1,770,7,31.626,-18.29
1,770,12,40.299,-4.782
1,770,15,0.002,-8.618
1,771,3,65.353,-16.472
1,771,4,94.231,-77.236
1,771,6,-39.246,-10.048
1,771,7,31.59,-18.36
1,771,12,40.388,-4.426
1,771,15,-0.43,-8.69
1,772,3,65.693,-16.405
1,772,4,94.543,-77.591
1,772,6,-31.649,-8.621
1,772,7,31.555,-18.428
1,772,12,40.478,-4.071
1,773,3,66.031,-16.337
1,773,4,94.857,-77.946
1,773,6,-30.606,-8.394
1,773,7,31.52,-18.497
1,773,12,40.567,-3.715
1,774,3,66.368,-16.267
1,774,4,95.171,-78.302
1,774,6,-30.983,-8.519
1,774,7,31.484,-18.566
1,774,12,40.657,-3.36
1,775,3,66.705,-16.199
1,775,4,95.486,-78.661
1,775,6,-31.359,-8.642
1,775,7,31.449,-18.634
1,775,12,40.75,-3.004
1,776,3,67.041,-16.129
1,776,4,95.8,-79.02
1,776,6,-31.735,-8.764
1,776,12,40.84,-2.649
1,777,3,67.376,-16.06
1,777,4,96.115,-79.381
1,777,6,-32.112,-8.887
1,777,12,40.931,-2.292
1,778,3,67.71,-15.992
1,778,4,96.428,-79.738
1,778,6,-32.488,-9.01
1,778,12,41.022,-1.935
1,779,3,68.045,-15.925
1,779,4,96.74,-80.094
1,779,6,-32.863,-9.132
1,779,12,41.112,-1.577
1,780,3,68.382,-15.859
1,780,4,97.051,-80.449
1,780,6,-33.238,-9.254
1,780,12,41.203,-1.218
1,781,3,68.718,-15.792
1,781,4,97.363,-80.802
1,781,6,-33.611,-9.376
1,781,12,41.294,-0.859
1,782,3,69.054,-15.725
1,782,4,97.673,-81.156
1,782,6,-33.986,-9.498
1,782,12,41.384,-0.499
1,783,3,69.39,-15.658
1,783,4,97.984,-81.509
1,783,6,-34.335,-9.702
1,783,12,41.475,-0.139
1,784,3,69.726,-15.592
1,784,4,98.294,-81.861
1,784,6,-34.711,-9.834
1,784,12,41.566,0.22
1,785,3,70.061,-15.525
1,785,4,98.604,-82.214
1,785,6,-35.086,-9.965
1,785,12,41.655,0.58
1,786,3,70.397,-15.458
1,786,4,98.916,-82.567
1,786,6,-35.461,-10.096
1,786,12,41.744,0.939
1,787,3,70.733,-15.393
1,787,4,99.226,-82.918
1,787,6,-35.837,-10.228
1,787,12,41.832,1.297
1,788,3,71.072,-15.328
1,788,4,99.536,-83.272
1,788,6,-36.213,-10.362
1,788,12,43.38,3.063
1,789,3,71.411,-15.262
1,789,4,99.848,-83.624
1,789,6,-36.589,-10.494
1,789,12,43.531,3.475
1,790,3,71.749,-15.195
1,790,4,100.159,-83.977
1,790,6,-36.966,-10.625
1,790,12,43.684,3.887
1,791,3,72.088,-15.128
1,791,4,100.469,-84.328
1,791,6,-37.343,-10.757
1,791,12,43.835,4.298
1,792,3,72.427,-15.06
1,792,4,100.776,-84.681
1,792,6,-37.721,-10.888
1,792,12,43.986,4.709
1,793,3,72.766,-14.991
1,793,4,101.084,-85.036
1,793,6,-38.097,-11.018
1,793,12,44.136,5.121
1,794,3,73.104,-14.92
1,794,4,101.393,-85.389
1,794,6,-38.439,-10.638
1,794,12,44.287,5.532
1,795,3,73.44,-14.85
1,795,4,101.702,-85.743
1,795,6,-38.763,-10.682
1,795,12,44.437,5.944
1,796,3,73.778,-14.78
1,796,4,102.01,-86.097
1,796,6,-39.381,-10.867
1,796,12,44.589,6.355
1,797,3,74.113,-14.71
1,797,4,102.319,-86.451
1,797,6,-39.78,-10.953
1,797,12,44.741,6.766
1,798,3,74.45,-14.64
1,798,4,102.631,-86.804
1,798,6,-40.179,-11.04
1,798,12,44.894,7.178
1,799,3,74.788,-14.571
1,799,4,102.943,-87.156
1,799,6,-40.579,-11.126
1,799,12,45.048,7.589
1,800,3,75.124,-14.501
1,800,4,103.255,-87.507
1,800,6,-41.227,-11.211
1,800,12,45.201,8.0
1,801,3,75.462,-14.433
1,801,4,103.566,-87.858
1,801,6,-41.648,-11.288
1,801,12,45.353,8.411
1,802,3,75.8,-14.363
1,802,4,103.878,-88.209
1,802,6,-42.269,-11.452
1,802,12,45.507,8.821
1,803,3,76.137,-14.293
1,803,4,104.192,-88.56
1,803,6,-42.714,-11.572
1,803,12,45.661,9.232
1,804,3,76.473,-14.222
1,804,4,104.502,-88.911
1,804,6,-43.148,-11.672
1,804,12,45.813,9.642
1,805,3,76.808,-14.15
1,805,4,104.811,-89.261
1,805,6,-43.597,-11.81
1,805,12,45.965,10.053
1,806,3,77.143,-14.079
1,806,4,105.121,-89.609
1,806,6,-44.101,-11.953
1,806,12,46.116,10.464
1,807,3,77.475,-14.006
1,807,4,105.43,-89.959
1,807,6,-44.538,-12.073
1,807,12,46.268,10.874
1,808,3,77.808,-13.934
1,808,4,105.74,-90.309
1,808,6,-44.976,-12.192
1,808,12,46.419,11.285
1,809,3,78.141,-13.862
1,809,4,106.048,-90.66
1,809,6,-45.414,-12.311
1,809,12,46.571,11.694
1,810,3,78.475,-13.791
1,810,6,-45.852,-12.431
1,810,12,46.723,12.105
1,811,3,78.808,-13.72
1,811,6,-46.29,-12.552
1,811,12,46.875,12.514
1,812,3,79.14,-13.648
1,812,6,-46.729,-12.673
1,812,12,47.027,12.924
1,813,3,79.472,-13.575
1,813,6,-47.166,-12.795
1,813,12,46.585,13.66
1,814,3,79.804,-13.501
1,814,6,-47.602,-12.916
1,814,12,47.299,14.081
1,815,3,80.137,-13.426
1,815,6,-48.04,-13.036
1,815,12,47.457,14.456
1,816,3,80.47,-13.35
1,816,6,-46.577,-11.602
1,816,12,47.615,14.831
1,817,3,80.804,-13.274
1,817,6,-46.989,-11.576
1,817,12,47.771,15.208
1,818,3,81.138,-13.197
1,818,6,-47.401,-11.548
1,818,12,47.927,15.584
1,819,3,81.47,-13.119
1,819,6,-47.814,-11.521
1,819,12,48.083,15.961
1,820,3,81.802,-13.042
1,820,6,-49.551,-12.223
1,820,12,48.239,16.337
1,821,3,82.136,-12.966
1,821,6,-49.988,-12.301
1,821,12,48.396,16.713
1,822,3,82.468,-12.889
1,822,6,-50.424,-12.379
1,822,12,48.552,17.092
1,823,3,82.8,-12.813
1,823,6,-50.861,-12.458
1,823,12,48.71,17.471
1,823,16,17.45,3.02
1,824,3,83.133,-12.737
1,824,6,-51.296,-12.537
1,824,12,48.866,17.85
1,824,16,17.448,3.019
1,825,3,83.467,-12.66
1,825,6,-51.731,-12.615
1,825,12,49.022,18.228
1,825,16,17.446,3.022
1,826,3,83.801,-12.583
1,826,6,-52.167,-12.694
1,826,12,50.401,20.538
1,826,16,17.664,2.955
1,827,3,84.136,-12.507
1,827,6,-52.602,-12.774
1,827,12,50.473,20.898
1,827,16,17.728,2.945
1,828,3,84.471,-12.431
1,828,6,-53.04,-12.854
1,828,12,50.113,20.536
1,828,16,17.794,2.936
1,829,3,84.805,-12.356
1,829,6,-53.477,-12.935
1,829,12,51.016,20.852
1,829,16,17.859,2.926
1,830,3,85.141,-12.28
1,830,6,-53.913,-13.017
1,830,12,51.211,21.27
1,830,16,17.925,2.916
1,831,3,85.476,-12.204
1,831,6,-54.35,-13.098
1,831,12,51.407,21.689
1,831,16,17.992,2.906
1,832,3,85.81,-12.128
1,832,6,-54.785,-13.178
1,832,12,51.604,22.106
1,832,16,18.059,2.894
1,833,3,86.145,-12.054
1,833,6,-53.859,-13.582
1,833,12,51.802,22.524
1,833,16,18.124,2.883
1,834,3,86.482,-11.979
1,834,6,-54.254,-13.72
1,834,12,52.0,22.941
1,834,16,18.189,2.871
1,835,3,86.817,-11.904
1,835,6,-55.401,-13.936
1,835,12,52.196,23.358
1,835,16,18.254,2.859
1,836,3,87.156,-11.829
1,836,6,-55.82,-14.053
1,836,12,52.393,23.774
1,836,16,18.318,2.847
1,837,3,87.493,-11.753
1,837,6,-56.238,-14.169
1,837,12,52.591,24.19
1,837,16,18.382,2.834
1,838,3,87.831,-11.678
1,838,6,-56.654,-14.286
1,838,12,52.789,24.608
1,838,16,18.447,2.821
1,839,3,88.169,-11.603
1,839,6,-57.069,-14.403
1,839,12,52.987,25.024
1,839,16,18.511,2.807
1,840,3,88.509,-11.527
1,840,6,-57.484,-14.519
1,840,12,53.185,25.44
1,840,16,18.576,2.794
1,841,3,88.847,-11.453
1,841,6,-57.901,-14.636
1,841,12,53.385,25.857
1,841,16,18.64,2.781
1,842,3,89.185,-11.38
1,842,6,-58.318,-14.753
1,842,12,53.584,26.274
1,842,16,18.705,2.771
1,843,3,89.523,-11.307
1,843,6,-58.733,-14.871
1,843,12,53.784,26.69
1,843,16,18.768,2.76
1,844,3,89.86,-11.232
1,844,6,-59.15,-14.991
1,844,12,53.983,27.105
1,844,16,18.831,2.748
1,845,3,90.197,-11.159
1,845,6,-59.568,-15.11
1,845,12,54.181,27.519
1,845,16,18.892,2.737
1,846,3,90.534,-11.085
1,846,6,-59.986,-15.231
1,846,12,54.378,27.935
1,846,16,18.954,2.728
1,847,3,90.872,-11.011
1,847,6,-60.405,-15.352
1,847,12,54.575,28.351
1,847,16,19.015,2.719
1,848,3,91.208,-10.936
1,848,6,-60.823,-15.474
1,848,12,54.772,28.767
1,848,16,19.077,2.71
1,849,3,91.543,-10.861
1,849,6,-61.243,-15.596
1,849,12,54.969,29.183
1,849,16,19.139,2.701
1,849,17,20.55,2.38
1,850,3,91.881,-10.788
1,850,6,-61.661,-15.718
1,850,12,55.166,29.599
1,850,16,19.2,2.692
1,850,17,20.727,2.227
1,851,3,92.217,-10.714
1,851,6,-60.849,-17.259
1,851,12,55.363,30.015
1,851,16,19.263,2.683
1,851,17,20.789,2.098
1,852,3,92.551,-10.641
1,852,6,-61.219,-17.5
1,852,12,55.56,30.43
1,852,16,19.327,2.674
1,852,17,21.058,1.922
1,853,3,92.886,-10.568
1,853,6,-61.264,-17.287
1,853,12,55.757,30.845
1,853,16,19.391,2.663
1,853,17,21.277,1.737
1,854,3,93.222,-10.494
1,854,6,-61.601,-17.426
1,854,12,55.954,31.262
1,854,16,19.454,2.652
1,854,17,21.436,1.576
1,855,3,93.557,-10.421
1,855,6,-61.937,-17.563
1,855,16,19.518,2.642
1,855,17,21.65,1.403
1,856,3,93.893,-10.347
1,856,6,-63.331,-18.558
1,856,16,19.581,2.633
1,856,17,21.887,1.244
1,857,3,94.227,-10.275
1,857,6,-63.704,-18.826
1,857,16,19.646,2.622
1,857,17,22.076,1.061
1,858,3,94.563,-10.203
1,858,6,-64.078,-19.095
1,858,16,19.711,2.612
1,858,17,22.317,0.891
1,859,3,94.898,-10.132
1,859,6,-64.027,-18.945
1,859,16,19.776,2.602
1,859,17,22.59,0.638
1,860,3,95.234,-10.061
1,860,6,-64.477,-19.165
1,860,16,19.842,2.594
1,860,17,22.802,0.464
1,861,3,95.571,-9.989
1,861,6,-64.926,-19.382
1,861,16,17.543,3.348
1,861,17,22.953,0.294
1,862,3,95.907,-9.919
1,862,6,-65.375,-19.6
1,862,16,17.646,2.969
1,862,17,23.141,0.089
1,863,3,96.243,-9.849
1,863,6,-65.824,-19.817
1,863,16,17.551,2.906
1,863,17,23.336,-0.072
1,864,3,96.577,-9.779
1,864,6,-66.273,-20.036
1,864,16,17.457,2.842
1,864,17,23.446,-0.234
1,865,3,96.91,-9.709
1,865,6,-66.722,-20.253
1,865,16,17.386,2.897
1,865,17,23.604,-0.4
1,866,3,97.241,-9.637
1,866,6,-67.172,-20.471
1,866,16,17.299,2.879
1,866,17,23.776,-0.539
1,867,3,97.574,-9.567
1,867,6,-67.622,-20.688
1,867,16,17.214,2.862
1,867,17,23.866,-0.633
1,868,3,97.907,-9.496
1,868,6,-68.071,-20.907
1,868,16,17.36,3.059
1,868,17,24.036,-0.801
1,869,3,98.238,-9.425
1,869,6,-68.52,-21.126
1,869,16,17.327,3.089
1,869,17,24.195,-0.942
1,870,3,98.568,-9.354
1,870,6,-68.971,-21.344
1,870,16,17.294,3.12
1,870,17,24.319,-1.062
1,871,3,98.901,-9.282
1,871,6,-69.421,-21.562
1,871,16,17.262,3.15
1,871,17,24.5,-1.257
1,872,3,99.235,-9.211
1,872,6,-69.871,-21.778
1,872,16,17.23,3.179
1,872,17,24.656,-1.395
1,873,3,99.569,-9.139
1,873,6,-70.322,-21.994
1,873,16,17.668,2.94
1,873,17,24.739,-1.54
1,874,3,99.903,-9.069
1,874,6,-70.773,-22.208
1,874,16,17.716,2.925
1,874,17,24.88,-1.691
1,875,3,100.237,-8.999
1,875,6,-71.224,-22.422
1,875,16,17.764,2.909
1,875,17,25.025,-1.802
1,876,3,100.571,-8.928
1,876,6,-71.675,-22.636
1,876,16,17.812,2.893
1,876,17,25.098,-1.917
1,877,3,100.908,-8.857
1,877,6,-72.125,-22.85
1,877,16,17.861,2.876
1,877,17,25.197,-2.027
1,878,3,101.242,-8.784
1,878,6,-72.576,-23.065
1,878,16,17.91,2.859
1,878,17,25.324,-2.128
1,879,3,101.577,-8.712
1,879,6,-73.025,-23.281
1,879,16,17.959,2.843
1,879,17,25.341,-2.164
1,880,3,50.0,14.625
1,880,6,-73.473,-23.497
1,880,16,18.009,2.825
1,880,17,25.419,-2.25
1,881,3,49.691,14.757
1,881,6,-74.675,-22.937
1,881,16,18.058,2.807
1,881,17,25.52,-2.347
1,882,3,49.397,14.894
1,882,6,-75.17,-23.114
1,882,16,18.106,2.788
1,882,17,25.605,-2.443
1,883,3,49.149,15.043
1,883,6,-75.665,-23.293
1,883,16,18.153,2.769
1,883,17,25.673,-2.499
1,884,3,48.892,15.13
1,884,6,-76.16,-23.472
1,884,16,18.198,2.748
1,884,17,25.761,-2.605
1,885,3,48.662,14.965
1,885,6,-76.655,-23.649
1,885,16,18.244,2.727
1,885,17,25.819,-2.676
1,886,3,48.544,14.97
1,886,6,-77.149,-23.825
1,886,16,18.29,2.706
1,886,17,25.895,-2.716
1,887,3,48.311,15.005
1,887,6,-77.643,-24.002
1,887,16,18.334,2.684
1,887,17,25.98,-2.807
1,888,3,48.079,15.032
1,888,6,-78.409,-23.803
1,888,16,18.38,2.662
1,888,17,26.014,-2.859
1,889,3,47.858,14.996
1,889,6,-78.897,-23.915
1,889,16,18.424,2.64
1,889,17,26.132,-2.943
1,889,18,50.55,15.7
1,890,3,47.639,14.941
1,890,6,-79.385,-24.027
1,890,16,18.468,2.618
1,890,17,26.218,-3.025
1,890,18,50.549,15.714
1,891,3,47.418,14.914
1,891,6,-79.873,-24.138
1,891,16,18.511,2.596
1,891,17,26.258,-3.092
1,891,18,50.532,15.842
1,891,19,62.22,16.37
1,892,3,47.197,14.883
1,892,6,-80.361,-24.249
1,892,16,18.555,2.574
1,892,17,26.314,-3.185
1,892,18,50.562,15.843
1,892,19,62.145,16.641
1,893,3,46.975,14.862
1,893,6,-80.849,-24.359
1,893,16,18.597,2.554
1,893,17,26.384,-3.245
1,893,18,50.568,15.866
1,893,19,62.132,16.676
1,894,3,46.753,14.839
1,894,6,-81.338,-24.469
1,894,16,18.638,2.532
1,894,17,26.344,-3.252
1,894,18,50.643,15.729
1,894,19,62.202,16.603
1,895,3,46.532,14.818
1,895,6,-81.827,-24.578
1,895,16,18.68,2.511
1,895,17,26.353,-3.299
1,895,18,50.681,15.697
1,895,19,62.303,16.556
1,896,3,46.308,14.797
1,896,6,-82.316,-24.689
1,896,16,18.722,2.489
1,896,17,26.395,-3.325
1,896,18,50.719,15.664
1,896,19,62.335,16.541
1,897,3,46.087,14.777
1,897,6,-82.803,-24.8
1,897,16,18.765,2.467
1,897,17,26.364,-3.322
1,897,18,50.759,15.63
1,897,19,62.368,16.526
1,897,20,19.8,15.67
1,898,3,45.864,14.758
1,898,6,-83.291,-24.912
1,898,16,18.807,2.447
1,898,17,26.345,-3.338
1,898,18,50.799,15.596
1,898,19,62.401,16.51
1,898,20,19.802,15.677
1,899,3,45.641,14.74
1,899,6,-83.777,-25.023
1,899,16,18.85,2.428
1,899,17,26.367,-3.357
1,899,18,50.838,15.56
1,899,19,62.432,16.495
1,899,20,19.807,15.676
1,900,3,45.458,14.545
1,900,6,-84.262,-25.134
1,900,16,18.89,2.408
1,900,17,26.285,-3.333
1,900,18,50.876,15.525
1,900,19,62.467,16.48
1,900,20,19.812,15.675
