id,external_id,class_id,object_time,life_time,speed,class_confidence,object_confidence,gps_latitude,gps_longitude,gps_heading,world_x,world_y,world_z,world_heading_3d,world_height,world_length,world_width,image_x,image_y,speed_x_confidence,speed_y_confidence,world_x_confidence,world_y_confidence,world_heading_3d_confidence,record_time,data_number,camera_type,message_type,record_type,interval_time,num_objects
6,0,0,0.657,0.000,3.671,0.980,0.982,0.0,0.0,232.816,-1.847,7.260,0,232.816,1.700,0.300,0.450,0.391,0.890,1,1,1,1,126,,6,visual,Data,TrackUpdate,0.10,1
6,0,0,0.723,0.066,3.717,0.989,0.990,0.0,0.0,232.816,-1.903,7.211,0,232.816,1.700,0.300,0.450,0.387,0.892,1,1,1,1,126,,7,visual,Data,TrackUpdate,0.10,1
6,0,0,0.857,0.200,3.657,0.991,0.992,0.0,0.0,232.816,-2.011,7.155,0,232.816,1.700,0.300,0.450,0.382,0.894,1,1,1,1,126,,8,visual,Data,TrackUpdate,0.10,1
6,0,0,0.923,0.266,3.697,0.993,0.994,0.0,0.0,232.816,-2.095,7.143,0,232.816,1.700,0.300,0.450,0.378,0.894,1,1,1,1,126,,9,visual,Data,TrackUpdate,0.10,1
6,0,0,1.123,0.466,3.535,0.651,0.720,0.0,0.0,232.816,-2.180,6.989,0,232.816,1.700,0.300,0.450,0.372,0.902,1,1,1,1,126,,11,visual,Data,TrackUpdate,0.10,1
6,0,0,1.257,0.600,3.478,0.771,0.822,0.0,0.0,232.816,-2.235,6.886,0,232.816,1.700,0.300,0.450,0.368,0.907,1,1,1,1,126,,12,visual,Data,TrackUpdate,0.10,1
6,0,0,1.324,0.667,3.671,0.956,0.967,0.0,0.0,232.816,-2.282,6.742,0,232.816,1.700,0.300,0.450,0.365,0.916,1,1,1,1,126,,13,visual,Data,TrackUpdate,0.10,1
6,0,0,1.459,0.802,3.814,0.987,0.991,0.0,0.0,232.816,-2.383,6.580,0,232.816,1.700,0.300,0.450,0.358,0.925,1,1,1,1,126,,14,visual,Data,TrackUpdate,0.10,1
6,0,0,1.523,0.866,3.766,0.981,0.987,0.0,0.0,232.816,-2.428,6.560,0,232.816,1.700,0.300,0.450,0.355,0.925,1,1,1,1,126,,15,visual,Data,TrackUpdate,0.10,1
6,0,0,1.57,0.400,3.416,0.988,0.990,0.0,0.0,232.816,-2.085,7.024,0,232.816,1.700,0.300,0.450,0.377,0.901,1,1,1,1,126,,10,visual,Data,TrackUpdate,0.10,1
6,0,0,1.657,1.000,4.022,0.985,0.990,0.0,0.0,216.361,-2.535,6.322,0,216.361,1.700,0.300,0.450,0.347,0.939,1,1,1,1,126,,16,visual,Data,TrackUpdate,0.10,1
6,0,0,1.723,1.066,4.046,0.988,0.992,0.0,0.0,216.361,-2.554,6.226,0,216.361,1.700,0.300,0.450,0.345,0.945,127,127,1,1,127,,17,visual,Data,TrackUpdate,0.10,1
6,0,0,1.857,1.200,3.892,0.958,0.974,0.0,0.0,216.361,-2.579,6.150,0,216.361,1.700,0.300,0.450,0.343,0.950,127,127,1,1,127,,18,visual,Data,TrackUpdate,0.10,1
6,0,0,1.923,1.266,4.000,0.991,0.995,0.0,0.0,216.361,-2.630,6.027,0,216.361,1.700,0.300,0.450,0.339,0.956,127,127,1,1,127,,19,visual,Data,TrackUpdate,0.10,1
28,12,0,103.259,0.067,3.328,0.952,0.962,0.0,0.0,272.693,4.997,12.184,0,272.693,1.900,1.100,0.450,0.658,0.699,1,1,1,1,126,,1032,visual,Data,TrackUpdate,0.10,1
28,12,0,103.323,0.131,3.476,0.987,0.990,0.0,0.0,272.693,4.895,12.125,0,272.693,1.900,1.100,0.450,0.655,0.701,1,1,1,1,126,,1033,visual,Data,TrackUpdate,0.10,1
28,12,0,103.457,0.265,3.150,0.996,0.997,0.0,0.0,272.693,4.858,12.171,0,272.693,1.900,1.100,0.450,0.654,0.699,1,1,1,1,126,,1034,visual,Data,TrackUpdate,0.10,1
28,12,0,103.523,0.331,3.060,0.988,0.991,0.0,0.0,272.693,4.830,12.201,0,272.693,1.900,1.100,0.450,0.652,0.697,1,1,1,1,126,,1035,visual,Data,TrackUpdate,0.10,1
28,12,0,103.657,0.465,2.925,0.991,0.994,0.0,0.0,272.693,4.739,12.000,0,272.693,1.900,1.100,0.450,0.651,0.705,1,1,1,1,126,,1036,visual,Data,TrackUpdate,0.10,1
28,12,0,103.723,0.531,2.877,0.966,0.977,0.0,0.0,272.693,4.705,12.100,0,272.693,1.900,1.100,0.450,0.649,0.701,1,1,1,1,126,,1037,visual,Data,TrackUpdate,0.10,1
28,12,0,103.858,0.666,2.764,0.997,0.998,0.0,0.0,272.693,4.643,12.128,0,272.693,1.900,1.100,0.450,0.647,0.700,1,1,1,1,126,,1038,visual,Data,TrackUpdate,0.10,1
28,12,0,103.925,0.733,2.776,0.999,0.999,0.0,0.0,272.693,4.589,12.155,0,272.693,1.900,1.100,0.450,0.645,0.699,1,1,1,1,126,,1039,visual,Data,TrackUpdate,0.10,1
28,12,0,104.123,0.931,3.132,0.999,0.999,0.0,0.0,272.693,4.277,12.097,0,272.693,1.900,1.100,0.450,0.635,0.700,1,1,1,1,126,,1041,visual,Data,TrackUpdate,0.10,1
28,12,0,104.257,1.065,3.161,0.999,0.999,0.0,0.0,272.693,4.144,12.010,0,272.693,1.900,1.100,0.450,0.632,0.703,1,1,1,1,126,,1042,visual,Data,TrackUpdate,0.10,1
28,12,0,104.323,1.131,3.086,0.998,0.999,0.0,0.0,272.693,4.128,12.008,0,272.693,1.900,1.100,0.450,0.631,0.703,1,1,1,1,126,,1043,visual,Data,TrackUpdate,0.10,1
28,12,0,104.457,1.265,3.125,0.999,0.999,0.0,0.0,276.821,3.999,12.056,0,276.821,1.900,1.100,0.450,0.627,0.701,1,1,1,1,126,,1044,visual,Data,TrackUpdate,0.10,1
28,12,0,104.523,1.331,3.340,0.999,1.000,0.0,0.0,276.821,3.823,12.025,0,276.821,1.900,1.100,0.450,0.621,0.701,1,1,1,1,126,,1045,visual,Data,TrackUpdate,0.10,1
28,12,0,104.57,0.865,2.997,0.999,0.999,0.0,0.0,272.693,4.391,12.143,0,272.693,1.900,1.100,0.450,0.639,0.699,1,1,1,1,126,,1040,visual,Data,TrackUpdate,0.10,1
28,12,0,104.657,1.465,3.357,0.999,1.000,0.0,0.0,276.821,3.692,12.016,0,276.821,1.900,1.100,0.450,0.617,0.701,1,1,1,1,126,,1046,visual,Data,TrackUpdate,0.10,1
28,12,0,104.723,1.531,3.315,0.999,1.000,0.0,0.0,276.821,3.659,11.998,0,276.821,1.900,1.100,0.450,0.616,0.701,1,1,1,1,126,,1047,visual,Data,TrackUpdate,0.10,1
28,12,0,104.857,1.665,3.234,0.999,1.000,0.0,0.0,276.821,3.591,11.988,0,276.821,1.900,1.100,0.450,0.614,0.701,1,1,1,1,126,,1048,visual,Data,TrackUpdate,0.10,1
28,12,0,104.923,1.731,3.257,0.999,1.000,0.0,0.0,276.821,3.532,11.962,0,276.821,1.900,1.100,0.450,0.612,0.703,1,1,1,1,126,,1049,visual,Data,TrackUpdate,0.10,1
28,12,0,105.123,1.931,3.163,0.999,1.000,0.0,0.0,270.629,3.422,11.872,0,270.629,1.900,1.100,0.450,0.608,0.706,1,1,1,1,126,,1051,visual,Data,TrackUpdate,0.10,1
28,12,0,105.257,2.065,3.389,0.998,0.999,0.0,0.0,270.629,3.172,11.740,0,270.629,1.900,1.100,0.450,0.601,0.709,1,1,1,1,126,,1052,visual,Data,TrackUpdate,0.10,1
28,12,0,105.323,2.131,3.861,0.998,0.999,0.0,0.0,270.629,3.106,11.604,0,270.629,1.700,0.300,0.450,0.599,0.714,1,1,1,1,126,,1053,visual,Data,TrackUpdate,0.10,1
28,12,0,105.457,2.265,3.471,0.999,1.000,0.0,0.0,270.629,3.086,11.610,0,270.629,1.700,0.300,0.450,0.598,0.714,1,1,1,1,126,,1054,visual,Data,TrackUpdate,0.10,1
28,12,0,105.523,2.331,3.239,0.999,1.000,0.0,0.0,270.629,3.044,11.585,0,270.629,1.700,0.300,0.450,0.597,0.715,1,1,1,1,126,,1055,visual,Data,TrackUpdate,0.10,1
28,12,0,105.57,1.865,3.149,0.999,1.000,0.0,0.0,270.629,3.443,11.861,0,270.629,1.900,1.100,0.450,0.609,0.706,1,1,1,1,126,,1050,visual,Data,TrackUpdate,0.10,1
28,12,0,105.657,2.465,3.163,0.998,0.999,0.0,0.0,270.629,2.974,11.563,0,270.629,1.700,0.300,0.450,0.595,0.715,1,1,1,1,126,,1056,visual,Data,TrackUpdate,0.10,1
28,12,0,105.723,2.531,3.235,0.998,0.999,0.0,0.0,270.629,2.934,11.553,0,270.629,1.700,0.300,0.450,0.594,0.715,1,1,1,1,126,,1057,visual,Data,TrackUpdate,0.10,1
28,12,0,105.857,2.665,3.354,0.998,1.000,0.0,0.0,270.629,2.806,11.518,0,270.629,1.700,0.300,0.450,0.590,0.716,1,1,1,1,126,,1058,visual,Data,TrackUpdate,0.10,1
28,12,0,105.925,2.733,3.464,0.997,0.999,0.0,0.0,270.629,2.697,11.492,0,270.629,1.700,0.300,0.450,0.585,0.717,1,1,1,1,126,,1059,visual,Data,TrackUpdate,0.10,1
28,12,0,106.123,2.931,3.498,0.994,0.999,0.0,0.0,270.629,2.551,11.481,0,270.629,1.700,0.300,0.450,0.581,0.716,1,1,1,1,126,,1061,visual,Data,TrackUpdate,0.10,1
28,12,0,106.257,3.065,3.620,0.998,1.000,0.0,0.0,270.629,2.405,11.421,0,270.629,1.700,0.300,0.450,0.576,0.719,1,1,1,1,126,,1062,visual,Data,TrackUpdate,0.10,1
28,12,0,106.323,3.131,3.653,0.998,1.000,0.0,0.0,270.629,2.328,11.377,0,270.629,1.700,0.300,0.450,0.573,0.719,1,1,1,1,126,,1063,visual,Data,TrackUpdate,0.10,1
28,12,0,106.457,3.265,3.339,0.997,0.999,0.0,0.0,270.629,2.287,11.352,0,270.629,1.700,0.300,0.450,0.572,0.720,1,1,1,1,126,,1064,visual,Data,TrackUpdate,0.10,1
28,12,0,106.523,3.331,3.447,0.996,0.999,0.0,0.0,270.629,2.155,11.282,0,270.629,1.700,0.300,0.450,0.567,0.722,1,1,1,1,126,,1065,visual,Data,TrackUpdate,0.10,1
28,12,0,106.57,2.865,3.501,0.993,0.999,0.0,0.0,270.629,2.575,11.467,0,270.629,1.700,0.300,0.450,0.582,0.717,1,1,1,1,126,,1060,visual,Data,TrackUpdate,0.10,1
28,12,0,106.657,3.465,3.609,0.959,0.994,0.0,0.0,257.673,1.999,11.117,0,257.673,1.700,0.300,0.450,0.562,0.728,1,1,1,1,126,,1066,visual,Data,TrackUpdate,0.10,1
28,12,0,106.723,3.531,3.614,0.971,0.996,0.0,0.0,257.673,1.974,11.077,0,257.673,1.700,0.300,0.450,0.561,0.729,1,1,1,1,126,,1067,visual,Data,TrackUpdate,0.10,1
28,12,0,106.857,3.665,3.340,0.995,0.999,0.0,0.0,257.673,1.903,11.015,0,257.673,1.700,0.300,0.450,0.559,0.731,1,1,1,1,126,,1068,visual,Data,TrackUpdate,0.10,1
28,12,0,106.924,3.732,3.312,0.996,0.999,0.0,0.0,257.673,1.857,10.974,0,257.673,1.700,0.300,0.450,0.557,0.732,1,1,1,1,126,,1069,visual,Data,TrackUpdate,0.10,1
28,12,0,107.123,3.931,3.266,0.994,0.999,0.0,0.0,257.673,1.821,10.918,0,257.673,1.700,0.300,0.450,0.556,0.734,1,1,1,1,126,,1071,visual,Data,TrackUpdate,0.10,1
28,12,0,107.257,4.065,3.041,0.986,0.999,0.0,0.0,257.673,1.825,10.946,0,257.673,1.700,0.300,0.450,0.556,0.733,1,1,1,1,126,,1072,visual,Data,TrackUpdate,0.10,1
28,12,0,107.323,4.131,3.011,0.987,0.999,0.0,0.0,257.673,1.779,10.917,0,257.673,1.700,0.300,0.450,0.555,0.734,1,1,1,1,126,,1073,visual,Data,TrackUpdate,0.10,1
28,12,0,107.457,4.265,3.078,0.974,0.998,0.0,0.0,257.673,1.702,10.899,0,257.673,1.700,0.300,0.450,0.552,0.734,1,1,1,1,126,,1074,visual,Data,TrackUpdate,0.10,1
28,12,0,107.523,4.331,3.054,0.986,0.999,0.0,0.0,254.253,1.598,10.867,0,254.253,1.700,0.300,0.450,0.548,0.735,1,1,1,1,126,,1075,visual,Data,TrackUpdate,0.10,1
28,12,0,107.59,3.867,3.236,0.993,0.999,0.0,0.0,257.673,1.837,10.930,0,257.673,1.700,0.300,0.450,0.556,0.734,1,1,1,1,126,,1070,visual,Data,TrackUpdate,0.10,1
28,12,0,107.657,4.465,2.964,0.977,0.999,0.0,0.0,254.253,1.428,10.700,0,254.253,1.700,0.300,0.450,0.542,0.742,1,1,1,1,126,,1076,visual,Data,TrackUpdate,0.10,1
28,12,0,107.723,4.531,3.055,0.989,0.999,0.0,0.0,254.253,1.408,10.678,0,254.253,1.700,0.300,0.450,0.541,0.743,1,1,1,1,126,,1077,visual,Data,TrackUpdate,0.10,1
28,12,0,107.857,4.665,3.126,0.982,0.999,0.0,0.0,254.253,1.305,10.577,0,254.253,1.700,0.300,0.450,0.538,0.746,1,1,1,1,126,,1078,visual,Data,TrackUpdate,0.10,1
28,12,0,107.923,4.731,3.222,0.987,1.000,0.0,0.0,248.880,1.227,10.497,0,248.880,1.700,0.300,0.450,0.535,0.749,1,1,1,1,126,,1079,visual,Data,TrackUpdate,0.10,1
28,12,0,108.123,4.931,3.416,0.971,1.000,0.0,0.0,248.880,1.089,10.293,0,248.880,1.700,0.300,0.450,0.530,0.756,1,1,1,1,126,,1081,visual,Data,TrackUpdate,0.10,1
28,12,0,108.257,5.065,3.182,0.986,1.000,0.0,0.0,248.880,1.036,10.302,0,248.880,1.700,0.300,0.450,0.528,0.756,1,1,1,1,126,,1082,visual,Data,TrackUpdate,0.10,1
28,12,0,108.323,5.131,3.292,0.995,1.000,0.0,0.0,248.880,0.949,10.212,0,248.880,1.700,0.300,0.450,0.524,0.759,1,1,1,1,126,,1083,visual,Data,TrackUpdate,0.10,1
28,12,0,108.457,5.265,3.370,0.997,1.000,0.0,0.0,246.219,0.869,10.124,0,246.219,1.700,0.300,0.450,0.521,0.763,1,1,1,1,126,,1084,visual,Data,TrackUpdate,0.10,1
28,12,0,108.524,5.332,3.155,0.996,1.000,0.0,0.0,246.219,0.910,10.211,0,246.219,1.700,0.300,0.450,0.522,0.759,1,1,1,1,126,,1085,visual,Data,TrackUpdate,0.10,1
28,12,0,108.57,4.865,3.342,0.975,1.000,0.0,0.0,248.880,1.147,10.362,0,248.880,1.700,0.300,0.450,0.532,0.754,1,1,1,1,126,,1080,visual,Data,TrackUpdate,0.10,1
28,12,0,108.657,5.465,3.226,0.997,1.000,0.0,0.0,246.219,0.749,10.068,0,246.219,1.700,0.300,0.450,0.516,0.765,1,1,1,1,126,,1086,visual,Data,TrackUpdate,0.10,1
28,12,0,108.723,5.531,3.282,0.997,1.000,0.0,0.0,246.219,0.684,9.981,0,246.219,1.700,0.300,0.450,0.514,0.768,1,1,1,1,126,,1087,visual,Data,TrackUpdate,0.10,2
29,13,5,108.723,0.000,11.274,0.989,0.991,0.0,0.0,36.895,4.020,10.581,0,36.895,1.500,5.000,2.000,0.637,0.755,1,1,1,1,126,,1087,visual,Data,TrackUpdate,0.10,2
28,12,0,108.857,5.665,3.145,0.996,1.000,0.0,0.0,246.219,0.662,9.933,0,246.219,1.700,0.300,0.450,0.513,0.770,1,1,1,1,126,,1088,visual,Data,TrackUpdate,0.10,2
29,13,5,108.857,0.134,11.458,0.932,0.949,0.0,0.0,36.895,4.435,10.834,0,36.895,1.500,5.000,2.000,0.650,0.745,1,1,1,1,126,,1088,visual,Data,TrackUpdate,0.10,2
28,12,0,108.925,5.733,3.095,0.996,1.000,0.0,0.0,246.219,0.625,9.861,0,246.219,1.700,0.300,0.450,0.511,0.773,1,1,1,1,126,,1089,visual,Data,TrackUpdate,0.10,2
29,13,5,108.925,0.202,10.712,0.921,0.942,0.0,0.0,36.895,4.537,10.834,0,36.895,1.500,5.000,2.000,0.653,0.746,1,1,1,1,126,,1089,visual,Data,TrackUpdate,0.10,2
28,12,0,109.123,5.931,2.864,0.995,1.000,0.0,0.0,246.219,0.588,9.773,0,246.219,1.700,0.300,0.450,0.510,0.778,1,1,1,1,126,,1091,visual,Data,TrackUpdate,0.10,2
29,13,5,109.123,0.400,10.461,0.811,0.875,0.0,0.0,36.895,5.026,11.127,0,36.895,1.500,5.000,2.000,0.667,0.736,1,1,1,1,126,,1091,visual,Data,TrackUpdate,0.10,2
28,12,0,109.257,6.065,3.059,0.993,1.000,0.0,0.0,242.485,0.482,9.642,0,242.485,1.700,0.300,0.450,0.505,0.782,1,1,1,1,126,,1092,visual,Data,TrackUpdate,0.10,2
29,13,5,109.257,0.534,10.531,0.951,0.970,0.0,0.0,36.895,5.477,11.278,0,36.895,1.500,5.000,2.000,0.680,0.731,1,1,1,1,126,,1092,visual,Data,TrackUpdate,0.10,2
28,12,0,109.323,6.131,3.320,0.996,1.000,0.0,0.0,242.485,0.399,9.471,0,242.485,1.700,0.300,0.450,0.502,0.790,1,1,1,1,126,,1093,visual,Data,TrackUpdate,0.10,2
29,13,5,109.323,0.600,10.579,0.938,0.964,0.0,0.0,36.895,5.638,11.430,0,36.895,1.500,5.000,2.000,0.684,0.725,1,1,1,1,126,,1093,visual,Data,TrackUpdate,0.10,2
28,12,0,109.457,6.265,3.462,0.998,1.000,0.0,0.0,242.485,0.368,9.395,0,242.485,1.700,0.300,0.450,0.500,0.794,1,1,1,1,126,,1094,visual,Data,TrackUpdate,0.10,2
29,13,5,109.457,0.734,10.497,0.904,0.950,0.0,0.0,36.895,5.887,11.731,0,36.895,1.500,5.000,2.000,0.689,0.716,1,1,1,1,126,,1094,visual,Data,TrackUpdate,0.10,2
28,12,0,109.524,6.332,3.316,0.998,1.000,0.0,0.0,242.485,0.382,9.493,0,242.485,1.700,0.300,0.450,0.501,0.789,1,1,1,1,126,,1095,visual,Data,TrackUpdate,0.10,2
29,13,5,109.524,0.801,10.386,0.957,0.979,0.0,0.0,36.895,5.954,11.897,0,36.895,1.500,5.000,2.000,0.690,0.710,1,1,1,1,126,,1095,visual,Data,TrackUpdate,0.10,2
28,12,0,109.59,5.867,2.868,0.992,1.000,0.0,0.0,246.219,0.618,9.814,0,246.219,1.700,0.300,0.450,0.511,0.776,1,1,1,1,126,,1090,visual,Data,TrackUpdate,0.10,2
29,13,5,109.59,0.336,10.528,0.890,0.925,0.0,0.0,36.895,4.828,11.067,0,36.895,1.500,5.000,2.000,0.661,0.738,1,1,1,1,126,,1090,visual,Data,TrackUpdate,0.10,2
28,12,0,109.657,6.465,3.627,0.998,1.000,0.0,0.0,242.485,0.233,9.273,0,242.485,1.700,0.300,0.450,0.495,0.798,1,1,1,1,126,,1096,visual,Data,TrackUpdate,0.10,2
29,13,5,109.657,0.934,10.390,0.986,0.994,0.0,0.0,36.895,6.165,12.254,0,36.895,1.500,5.000,2.000,0.693,0.699,1,1,1,1,126,,1096,visual,Data,TrackUpdate,0.10,2
28,12,0,109.726,6.534,3.658,0.997,1.000,0.0,0.0,239.984,0.190,9.211,0,239.984,1.700,0.300,0.450,0.493,0.801,1,1,1,1,126,,1097,visual,Data,TrackUpdate,0.10,2
29,13,5,109.726,1.003,10.293,0.969,0.987,0.0,0.0,46.954,6.522,12.128,0,46.954,1.500,5.000,2.000,0.704,0.703,1,1,1,1,126,,1097,visual,Data,TrackUpdate,0.10,2
28,12,0,109.857,6.665,3.229,0.995,1.000,0.0,0.0,239.984,0.183,9.240,0,239.984,1.700,0.300,0.450,0.493,0.799,1,1,1,1,126,,1098,visual,Data,TrackUpdate,0.10,2
29,13,5,109.857,1.134,9.829,0.930,0.973,0.0,0.0,46.954,6.519,12.314,0,46.954,1.500,5.000,2.000,0.702,0.697,1,1,1,1,126,,1098,visual,Data,TrackUpdate,0.10,2
28,12,0,109.923,6.731,3.235,0.992,1.000,0.0,0.0,239.984,0.126,9.176,0,239.984,1.700,0.300,0.450,0.490,0.803,1,1,1,1,126,,1099,visual,Data,TrackUpdate,0.10,2
29,13,5,109.923,1.200,9.509,0.918,0.969,0.0,0.0,46.954,6.488,12.369,0,46.954,1.500,5.000,2.000,0.701,0.695,1,1,1,1,126,,1099,visual,Data,TrackUpdate,0.10,2
28,12,0,110.126,6.934,3.356,0.995,1.000,0.0,0.0,239.984,-0.063,9.001,0,239.984,1.700,0.300,0.450,0.482,0.810,1,1,1,1,126,,1101,visual,Data,TrackUpdate,0.10,2
29,13,5,110.126,1.403,8.751,0.928,0.974,0.0,0.0,46.954,6.487,12.521,0,46.954,1.500,5.000,2.000,0.699,0.691,1,1,1,1,126,,1101,visual,Data,TrackUpdate,0.10,2
28,12,0,110.257,7.065,3.029,0.991,1.000,0.0,0.0,239.984,-0.114,8.975,0,239.984,1.700,0.300,0.450,0.479,0.811,1,1,1,1,126,,1102,visual,Data,TrackUpdate,0.10,2
29,13,5,110.257,1.534,8.299,0.612,0.866,0.0,0.0,46.954,6.505,12.583,0,46.954,1.500,5.000,2.000,0.699,0.689,1,1,1,1,126,,1102,visual,Data,TrackUpdate,0.10,2
28,12,0,110.323,7.131,3.180,0.986,1.000,0.0,0.0,239.984,-0.177,8.913,0,239.984,1.700,0.300,0.450,0.477,0.813,1,1,1,1,126,,1103,visual,Data,TrackUpdate,0.10,2
29,13,5,110.323,1.600,8.096,0.595,0.862,0.0,0.0,46.954,6.518,12.611,0,46.954,1.500,5.000,2.000,0.699,0.688,1,1,1,1,126,,1103,visual,Data,TrackUpdate,0.10,2
28,12,0,110.457,7.265,3.484,0.995,1.000,0.0,0.0,235.597,-0.248,8.826,0,235.597,1.700,0.300,0.450,0.473,0.818,1,1,1,1,126,,1104,visual,Data,TrackUpdate,0.10,2
29,13,5,110.457,1.734,7.704,0.513,0.841,0.0,0.0,46.954,6.544,12.662,0,46.954,1.500,5.000,2.000,0.699,0.686,1,1,1,1,126,,1104,visual,Data,TrackUpdate,0.10,2
28,12,0,110.523,7.331,3.254,0.996,1.000,0.0,0.0,235.597,-0.284,8.789,0,235.597,1.700,0.300,0.450,0.471,0.819,1,1,1,1,126,,1105,visual,Data,TrackUpdate,0.10,2
29,13,5,110.523,1.800,7.525,0.330,0.786,0.0,0.0,45.802,6.530,12.717,0,45.802,1.500,5.000,2.000,0.698,0.684,1,1,1,1,126,,1105,visual,Data,TrackUpdate,0.10,2
28,12,0,110.57,6.865,3.458,0.993,1.000,0.0,0.0,239.984,-0.054,8.994,0,239.984,1.700,0.300,0.450,0.482,0.810,1,1,1,1,126,,1100,visual,Data,TrackUpdate,0.10,2
29,13,5,110.57,1.334,9.048,0.935,0.976,0.0,0.0,46.954,6.500,12.501,0,46.954,1.500,5.000,2.000,0.699,0.692,1,1,1,1,126,,1100,visual,Data,TrackUpdate,0.10,2
28,12,0,110.657,7.465,3.251,0.995,1.000,0.0,0.0,235.597,-0.369,8.648,0,235.597,1.700,0.300,0.450,0.467,0.825,1,1,1,1,126,,1106,visual,Data,TrackUpdate,0.10,2
29,13,5,110.657,1.934,7.023,0.485,0.842,0.0,0.0,45.802,6.567,12.754,0,45.802,1.500,5.000,2.000,0.699,0.684,1,1,1,1,126,,1106,visual,Data,TrackUpdate,0.10,2
28,12,0,110.723,7.531,3.367,0.997,1.000,0.0,0.0,235.597,-0.438,8.486,0,235.597,1.700,0.300,0.450,0.464,0.833,1,1,1,1,126,,1107,visual,Data,TrackUpdate,0.10,2
29,13,5,110.723,2.000,6.967,0.708,0.912,0.0,0.0,45.802,6.634,12.830,0,45.802,1.500,5.000,2.000,0.701,0.681,1,1,1,1,126,,1107,visual,Data,TrackUpdate,0.10,2
28,12,0,110.857,7.665,3.623,0.994,1.000,0.0,0.0,232.950,-0.447,8.312,0,232.950,1.700,0.300,0.450,0.463,0.843,1,1,1,1,126,,1108,visual,Data,TrackUpdate,0.10,2
29,13,5,110.857,2.134,6.501,0.863,0.961,0.0,0.0,45.802,6.794,13.023,0,45.802,1.500,5.000,2.000,0.703,0.676,1,1,1,1,126,,1108,visual,Data,TrackUpdate,0.10,2
28,12,0,110.923,7.731,3.428,0.998,1.000,0.0,0.0,232.950,-0.454,8.297,0,232.950,1.700,0.300,0.450,0.462,0.844,1,1,1,1,126,,1109,visual,Data,TrackUpdate,0.10,2
29,13,5,110.923,2.200,6.451,0.863,0.962,0.0,0.0,45.802,6.854,13.103,0,45.802,1.500,5.000,2.000,0.704,0.674,1,1,1,1,126,,1109,visual,Data,TrackUpdate,0.10,2
28,12,0,111.0,7.808,3.301,0.998,1.000,0.0,0.0,232.950,-0.477,8.275,0,232.950,1.700,0.300,0.450,0.461,0.844,1,1,1,1,126,,1110,visual,Data,TrackUpdate,0.10,2
29,13,5,111.0,2.277,6.198,0.807,0.947,0.0,0.0,44.426,6.885,13.241,0,44.426,1.500,5.000,2.000,0.704,0.670,1,1,1,1,126,,1110,visual,Data,TrackUpdate,0.10,2
28,12,0,111.124,7.932,3.385,0.997,1.000,0.0,0.0,232.950,-0.543,8.197,0,232.950,1.700,0.300,0.450,0.457,0.848,1,1,1,1,126,,1111,visual,Data,TrackUpdate,0.10,2
29,13,5,111.124,2.401,5.630,0.843,0.959,0.0,0.0,44.426,6.954,13.326,0,44.426,1.500,5.000,2.000,0.705,0.668,1,1,1,1,126,,1111,visual,Data,TrackUpdate,0.10,2
28,12,0,111.259,8.067,3.385,0.998,1.000,0.0,0.0,232.950,-0.612,8.138,0,232.950,1.700,0.300,0.450,0.454,0.851,1,1,1,1,126,,1112,visual,Data,TrackUpdate,0.10,2
29,13,5,111.259,2.536,5.483,0.632,0.909,0.0,0.0,44.426,7.044,13.460,0,44.426,1.500,5.000,2.000,0.706,0.664,1,1,1,1,126,,1112,visual,Data,TrackUpdate,0.10,2
28,12,0,111.323,8.131,3.422,0.998,1.000,0.0,0.0,232.950,-0.653,8.115,0,232.950,1.700,0.300,0.450,0.452,0.852,1,1,1,1,126,,1113,visual,Data,TrackUpdate,0.10,2
29,13,5,111.323,2.600,5.321,0.622,0.909,0.0,0.0,44.426,7.070,13.490,0,44.426,1.500,5.000,2.000,0.706,0.663,1,1,1,1,126,,1113,visual,Data,TrackUpdate,0.10,2
28,12,0,111.457,8.265,3.455,0.993,1.000,0.0,0.0,232.950,-0.738,8.037,0,232.950,1.700,0.300,0.450,0.448,0.856,1,1,1,1,126,,1114,visual,Data,TrackUpdate,0.10,2
29,13,5,111.457,2.734,4.830,0.549,0.898,0.0,0.0,44.426,7.104,13.535,0,44.426,1.500,5.000,2.000,0.707,0.662,1,1,1,1,126,,1114,visual,Data,TrackUpdate,0.10,2
28,12,0,111.524,8.332,3.336,0.992,1.000,0.0,0.0,232.950,-0.772,7.990,0,232.950,1.700,0.300,0.450,0.446,0.857,1,1,1,1,126,,1115,visual,Data,TrackUpdate,0.10,2
29,13,5,111.524,2.801,4.559,0.549,0.901,0.0,0.0,44.426,7.141,13.583,0,44.426,1.500,5.000,2.000,0.707,0.661,127,127,1,1,127,,1115,visual,Data,TrackUpdate,0.10,2
28,12,0,111.657,8.465,3.109,0.983,1.000,0.0,0.0,230.393,-0.856,7.917,0,230.393,1.700,0.300,0.450,0.442,0.861,1,1,1,1,126,,1116,visual,Data,TrackUpdate,0.10,2
29,13,5,111.657,2.934,4.083,0.418,0.880,0.0,0.0,44.426,7.157,13.595,0,44.426,1.500,5.000,2.000,0.708,0.660,1,1,1,1,126,,1116,visual,Data,TrackUpdate,0.10,2
28,12,0,111.723,8.531,3.153,0.994,1.000,0.0,0.0,230.393,-0.894,7.898,0,230.393,1.700,0.300,0.450,0.440,0.862,1,1,1,1,126,,1117,visual,Data,TrackUpdate,0.10,2
29,13,5,111.723,3.000,3.825,0.418,0.884,0.0,0.0,44.426,7.185,13.631,0,44.426,1.500,5.000,2.000,0.708,0.659,127,127,1,1,127,,1117,visual,Data,TrackUpdate,0.10,2
28,12,0,111.857,8.665,3.188,0.968,1.000,0.0,0.0,230.393,-1.010,7.834,0,230.393,1.700,0.300,0.450,0.434,0.864,1,1,1,1,126,,1118,visual,Data,TrackUpdate,0.10,2
29,13,5,111.857,3.134,3.413,0.418,0.891,0.0,0.0,42.342,7.159,13.744,0,42.342,1.500,5.000,2.000,0.706,0.656,127,127,1,1,127,,1118,visual,Data,TrackUpdate,0.10,2
28,12,0,111.923,8.731,3.261,0.984,1.000,0.0,0.0,230.393,-1.086,7.743,0,230.393,1.700,0.300,0.450,0.430,0.869,1,1,1,1,126,,1119,visual,Data,TrackUpdate,0.10,2
29,13,5,111.923,3.200,3.089,0.354,0.884,0.0,0.0,42.342,7.179,13.744,0,42.342,1.500,5.000,2.000,0.707,0.656,1,1,1,1,126,,1119,visual,Data,TrackUpdate,0.10,2
28,12,0,112.123,8.931,3.415,0.656,1.000,0.0,0.0,230.098,-1.175,7.612,0,230.098,1.700,0.300,0.450,0.425,0.876,1,1,1,1,126,,1121,visual,Data,TrackUpdate,0.10,2
29,13,5,112.123,3.400,2.362,0.338,0.894,0.0,0.0,42.342,7.216,13.735,0,42.342,1.500,5.000,2.000,0.708,0.656,1,1,1,1,126,,1121,visual,Data,TrackUpdate,0.10,2
28,12,0,112.257,9.065,3.281,0.994,1.000,0.0,0.0,230.098,-1.280,7.426,0,230.098,1.700,0.300,0.450,0.419,0.885,1,1,1,1,126,,1122,visual,Data,TrackUpdate,0.10,2
29,13,5,112.257,3.534,2.246,0.574,0.938,0.0,0.0,42.342,7.228,13.733,0,42.342,1.500,5.000,2.000,0.708,0.656,1,1,1,1,126,,1122,visual,Data,TrackUpdate,0.10,2
28,12,0,112.325,9.133,3.228,0.992,1.000,0.0,0.0,230.098,-1.275,7.418,0,230.098,1.700,0.300,0.450,0.419,0.886,1,1,1,1,126,,1123,visual,Data,TrackUpdate,0.10,2
29,13,5,112.325,3.602,2.092,0.421,0.919,0.0,0.0,42.342,7.220,13.714,0,42.342,1.500,5.000,2.000,0.708,0.657,1,1,1,1,126,,1123,visual,Data,TrackUpdate,0.10,2
28,12,0,112.457,9.265,3.412,0.993,1.000,0.0,0.0,230.098,-1.384,7.328,0,230.098,1.700,0.300,0.450,0.414,0.891,1,1,1,1,126,,1124,visual,Data,TrackUpdate,0.10,2
29,13,5,112.457,3.734,1.925,0.319,0.914,0.0,0.0,42.342,7.191,13.664,0,42.342,1.500,5.000,2.000,0.708,0.658,1,1,1,1,126,,1124,visual,Data,TrackUpdate,0.10,2
28,12,0,112.523,9.331,3.398,0.996,1.000,0.0,0.0,230.098,-1.418,7.332,0,230.098,1.700,0.300,0.450,0.412,0.890,1,1,1,1,126,,1125,visual,Data,TrackUpdate,0.10,2
29,13,5,112.523,3.800,1.851,0.351,0.922,0.0,0.0,42.342,7.176,13.637,0,42.342,1.500,5.000,2.000,0.708,0.659,1,1,1,1,126,,1125,visual,Data,TrackUpdate,0.10,2
28,12,0,112.56,8.864,3.315,0.990,1.000,0.0,0.0,230.098,-1.182,7.562,0,230.098,1.700,0.300,0.450,0.424,0.879,1,1,1,1,126,,1120,visual,Data,TrackUpdate,0.10,2
29,13,5,112.56,3.333,2.566,0.320,0.887,0.0,0.0,42.342,7.211,13.743,0,42.342,1.500,5.000,2.000,0.708,0.656,1,1,1,1,126,,1120,visual,Data,TrackUpdate,0.10,2
28,12,0,112.657,9.465,3.344,0.994,1.000,0.0,0.0,230.098,-1.515,7.270,0,230.098,1.700,0.300,0.450,0.407,0.893,1,1,1,1,126,,1126,visual,Data,TrackUpdate,0.10,2
29,13,5,112.657,3.934,1.876,0.375,0.933,0.0,0.0,42.342,7.231,13.709,0,42.342,1.500,5.000,2.000,0.709,0.657,1,1,1,1,126,,1126,visual,Data,TrackUpdate,0.10,2
28,12,0,112.723,9.531,3.382,0.994,1.000,0.0,0.0,228.055,-1.578,7.226,0,228.055,1.700,0.300,0.450,0.403,0.894,1,1,1,1,126,,1127,visual,Data,TrackUpdate,0.10,2
29,13,5,112.723,4.000,1.771,0.473,0.947,0.0,0.0,42.342,7.209,13.677,0,42.342,1.500,5.000,2.000,0.708,0.658,1,1,1,1,126,,1127,visual,Data,TrackUpdate,0.10,2
28,12,0,112.857,9.665,3.326,0.998,1.000,0.0,0.0,228.055,-1.630,7.177,0,228.055,1.700,0.300,0.450,0.400,0.897,1,1,1,1,126,,1128,visual,Data,TrackUpdate,0.10,2
29,13,5,112.857,4.134,1.535,0.408,0.949,0.0,0.0,42.342,7.152,13.598,0,42.342,1.500,5.000,2.000,0.708,0.660,1,1,1,1,126,,1128,visual,Data,TrackUpdate,0.10,2
28,12,0,112.923,9.731,3.203,0.997,1.000,0.0,0.0,228.055,-1.648,7.158,0,228.055,1.700,0.300,0.450,0.399,0.897,1,1,1,1,126,,1129,visual,Data,TrackUpdate,0.10,2
29,13,5,112.923,4.200,1.425,0.367,0.949,0.0,0.0,42.342,7.133,13.569,0,42.342,1.500,5.000,2.000,0.707,0.661,1,1,1,1,126,,1129,visual,Data,TrackUpdate,0.10,2
28,12,0,113.123,9.931,3.140,0.992,1.000,0.0,0.0,228.055,-1.874,7.032,0,228.055,1.700,0.300,0.450,0.387,0.903,1,1,1,1,126,,1131,visual,Data,TrackUpdate,0.10,2
29,13,5,113.123,4.400,1.162,0.332,0.960,0.0,0.0,42.342,7.149,13.595,0,42.342,1.500,5.000,2.000,0.707,0.660,1,1,1,1,126,,1131,visual,Data,TrackUpdate,0.10,2
28,12,0,113.257,10.065,3.418,0.996,1.000,0.0,0.0,228.361,-2.007,6.872,0,228.361,1.700,0.300,0.450,0.379,0.911,1,1,1,1,126,,1132,visual,Data,TrackUpdate,0.10,2
29,13,5,113.257,4.534,0.628,0.329,0.969,0.0,0.0,42.342,7.095,13.520,0,42.342,1.500,5.000,2.000,0.707,0.662,1,1,1,1,126,,1132,visual,Data,TrackUpdate,0.10,2
28,12,0,113.323,10.131,3.515,0.997,1.000,0.0,0.0,228.361,-2.057,6.762,0,228.361,1.700,0.300,0.450,0.376,0.918,1,1,1,1,126,,1133,visual,Data,TrackUpdate,0.10,2
29,13,5,113.323,4.600,0.495,0.351,0.974,0.0,0.0,42.342,7.109,13.540,0,42.342,1.500,5.000,2.000,0.707,0.662,1,1,1,1,126,,1133,visual,Data,TrackUpdate,0.10,2
28,12,0,113.457,10.265,3.501,0.997,1.000,0.0,0.0,228.361,-2.057,6.691,0,228.361,1.700,0.300,0.450,0.375,0.922,1,1,1,1,126,,1134,visual,Data,TrackUpdate,0.10,2
29,13,5,113.457,4.734,0.293,0.493,0.987,0.0,0.0,42.342,7.092,13.518,0,42.342,1.500,5.000,2.000,0.707,0.663,1,1,1,1,126,,1134,visual,Data,TrackUpdate,0.10,2
28,12,0,113.523,10.331,3.360,0.993,1.000,0.0,0.0,228.361,-2.041,6.684,0,228.361,1.700,0.300,0.450,0.376,0.922,1,1,1,1,126,,1135,visual,Data,TrackUpdate,0.10,2
29,13,5,113.523,4.800,0.092,0.506,0.990,0.0,0.0,42.342,7.086,13.511,0,42.342,1.500,5.000,2.000,0.707,0.663,1,1,1,1,126,,1135,visual,Data,TrackUpdate,0.10,2
28,12,0,113.57,9.865,3.045,0.997,1.000,0.0,0.0,228.055,-1.796,7.063,0,228.055,1.700,0.300,0.450,0.391,0.902,1,1,1,1,126,,1130,visual,Data,TrackUpdate,0.10,2
29,13,5,113.57,4.334,1.280,0.312,0.954,0.0,0.0,42.342,7.142,13.583,0,42.342,1.500,5.000,2.000,0.707,0.661,1,1,1,1,126,,1130,visual,Data,TrackUpdate,0.10,2
28,12,0,113.657,10.465,3.376,0.967,1.000,0.0,0.0,228.361,-2.135,6.601,0,228.361,1.700,0.300,0.450,0.370,0.927,1,1,1,1,126,,1136,visual,Data,TrackUpdate,0.10,2
29,13,5,113.657,4.934,0.015,0.366,0.996,0.0,0.0,42.342,7.089,13.512,0,42.342,1.500,5.000,2.000,0.707,0.663,1,1,1,1,126,,1136,visual,Data,TrackUpdate,0.10,2
28,12,0,113.723,10.531,3.427,0.994,1.000,0.0,0.0,228.361,-2.209,6.562,0,228.361,1.700,0.300,0.450,0.366,0.928,1,1,1,1,126,,1137,visual,Data,TrackUpdate,0.10,2
29,13,5,113.723,5.000,0.010,0.375,1.000,0.0,0.0,42.342,7.119,13.554,0,42.342,1.500,5.000,2.000,0.707,0.661,1,1,1,1,126,,1137,visual,Data,TrackUpdate,0.10,2
28,12,0,113.857,10.665,3.418,0.994,1.000,0.0,0.0,228.361,-2.314,6.552,0,228.361,1.700,0.300,0.450,0.361,0.928,1,1,1,1,126,,1138,visual,Data,TrackUpdate,0.10,2
29,13,5,113.857,5.134,0.148,0.473,1.000,0.0,0.0,42.342,7.108,13.535,0,42.342,1.500,5.000,2.000,0.707,0.662,1,1,1,1,126,,1138,visual,Data,TrackUpdate,0.10,2
28,12,0,113.923,10.731,3.425,0.994,1.000,0.0,0.0,227.594,-2.392,6.519,0,227.594,1.700,0.300,0.450,0.357,0.929,1,1,1,1,126,,1139,visual,Data,TrackUpdate,0.10,2
29,13,5,113.923,5.200,0.162,0.456,1.000,0.0,0.0,42.342,7.109,13.534,0,42.342,1.500,5.000,2.000,0.707,0.662,1,1,1,1,126,,1139,visual,Data,TrackUpdate,0.10,2
28,12,0,114.0,10.808,3.410,0.992,1.000,0.0,0.0,227.594,-2.425,6.488,0,227.594,1.700,0.300,0.450,0.355,0.930,1,1,1,1,126,,1140,visual,Data,TrackUpdate,0.10,2
29,13,5,114.0,5.277,0.281,0.338,1.000,0.0,0.0,42.342,7.101,13.519,0,42.342,1.500,5.000,2.000,0.707,0.663,1,1,1,1,126,,1140,visual,Data,TrackUpdate,0.10,2
28,12,0,114.125,10.933,3.291,0.877,1.000,0.0,0.0,227.594,-2.459,6.466,0,227.594,1.700,0.300,0.450,0.353,0.931,1,1,1,1,126,,1141,visual,Data,TrackUpdate,0.10,2
29,13,5,114.125,5.402,0.357,0.335,1.000,0.0,0.0,42.342,7.096,13.502,0,42.342,1.500,5.000,2.000,0.707,0.663,1,1,1,1,126,,1141,visual,Data,TrackUpdate,0.10,2
28,12,0,114.257,11.065,3.022,0.455,1.000,0.0,0.0,227.594,-2.575,6.379,0,227.594,1.700,0.300,0.450,0.346,0.935,1,1,1,1,126,,1142,visual,Data,TrackUpdate,0.10,2
29,13,5,114.257,5.534,0.456,0.388,1.000,0.0,0.0,42.342,7.081,13.469,0,42.342,1.500,5.000,2.000,0.707,0.664,1,1,1,1,126,,1142,visual,Data,TrackUpdate,0.10,2
28,12,0,114.323,11.131,3.162,0.861,1.000,0.0,0.0,227.594,-2.642,6.341,0,227.594,1.700,0.300,0.450,0.342,0.936,1,1,1,1,126,,1143,visual,Data,TrackUpdate,0.10,2
29,13,5,114.323,5.600,0.456,0.415,1.000,0.0,0.0,42.342,7.088,13.473,0,42.342,1.500,5.000,2.000,0.707,0.664,1,1,1,1,126,,1143,visual,Data,TrackUpdate,0.10,2
28,12,0,114.457,11.265,3.319,0.845,1.000,0.0,0.0,227.873,-2.783,6.206,0,227.873,1.700,0.300,0.450,0.333,0.943,127,127,1,1,127,,1144,visual,Data,TrackUpdate,0.10,2
29,13,5,114.457,5.734,0.419,0.341,1.000,0.0,0.0,42.342,7.098,13.480,0,42.342,1.500,5.000,2.000,0.707,0.664,1,1,1,1,126,,1144,visual,Data,TrackUpdate,0.10,2
28,12,0,114.523,11.331,3.300,0.894,1.000,0.0,0.0,227.873,-2.806,6.130,0,227.873,1.700,0.300,0.450,0.332,0.947,127,127,1,1,127,,1145,visual,Data,TrackUpdate,0.10,2
29,13,5,114.523,5.800,0.418,0.329,1.000,0.0,0.0,42.342,7.092,13.466,0,42.342,1.500,5.000,2.000,0.707,0.664,1,1,1,1,126,,1145,visual,Data,TrackUpdate,0.10,2
28,12,0,114.657,11.465,3.320,0.991,1.000,0.0,0.0,227.873,-2.853,6.051,0,227.873,1.700,0.300,0.450,0.328,0.952,127,127,1,1,127,,1146,visual,Data,TrackUpdate,0.10,2
29,13,5,114.657,5.934,0.387,0.350,1.000,0.0,0.0,42.342,7.101,13.473,0,42.342,1.500,5.000,2.000,0.707,0.664,1,1,1,1,126,,1146,visual,Data,TrackUpdate,0.10,2
28,12,0,114.723,11.531,3.245,0.982,1.000,0.0,0.0,227.873,-2.868,6.021,0,227.873,1.700,0.300,0.450,0.327,0.954,127,127,1,1,127,,1147,visual,Data,TrackUpdate,0.10,2
29,13,5,114.723,6.000,0.318,0.363,1.000,0.0,0.0,42.342,7.110,13.484,0,42.342,1.500,5.000,2.000,0.708,0.664,1,1,1,1,126,,1147,visual,Data,TrackUpdate,0.10,2
28,12,0,114.857,11.665,3.458,0.794,1.000,0.0,0.0,227.873,-3.018,5.837,0,227.873,1.700,0.300,0.450,0.317,0.963,127,127,1,1,127,,1148,visual,Data,TrackUpdate,0.10,2
29,13,5,114.857,6.134,0.314,0.369,1.000,0.0,0.0,42.342,7.152,13.547,0,42.342,1.500,5.000,2.000,0.708,0.662,1,1,1,1,126,,1148,visual,Data,TrackUpdate,0.10,2
28,12,0,114.923,11.731,3.546,0.926,1.000,0.0,0.0,225.008,-3.081,5.757,0,225.008,1.700,0.300,0.450,0.312,0.968,127,127,1,1,127,,1149,visual,Data,TrackUpdate,0.10,2
29,13,5,114.923,6.200,0.244,0.380,1.000,0.0,0.0,42.342,7.162,13.560,0,42.342,1.500,5.000,2.000,0.708,0.661,1,1,1,1,126,,1149,visual,Data,TrackUpdate,0.10,2
28,12,0,115.123,11.931,3.343,0.985,1.000,0.0,0.0,225.008,-3.118,5.754,0,225.008,1.700,0.300,0.450,0.311,0.967,127,127,1,1,127,,1151,visual,Data,TrackUpdate,0.10,2
29,13,5,115.123,6.400,0.051,0.380,1.000,0.0,0.0,42.342,7.162,13.560,0,42.342,1.500,5.000,2.000,0.708,0.661,127,127,1,1,127,,1151,visual,Data,TrackUpdate,0.10,2
28,12,0,115.257,12.065,3.281,0.994,1.000,0.0,0.0,225.008,-3.201,5.686,0,225.008,1.700,0.300,0.450,0.306,0.969,127,127,1,1,127,,1152,visual,Data,TrackUpdate,0.10,2
29,13,5,115.257,6.534,0.067,0.410,1.000,0.0,0.0,42.342,7.166,13.570,0,42.342,1.500,5.000,2.000,0.708,0.661,1,1,1,1,126,,1152,visual,Data,TrackUpdate,0.10,2
28,12,0,115.323,12.131,3.252,0.995,1.000,0.0,0.0,225.008,-3.227,5.657,0,225.008,1.700,0.300,0.450,0.304,0.971,127,127,1,1,127,,1153,visual,Data,TrackUpdate,0.10,2
29,13,5,115.323,6.600,0.053,0.452,1.000,0.0,0.0,42.342,7.166,13.571,0,42.342,1.500,5.000,2.000,0.708,0.661,1,1,1,1,126,,1153,visual,Data,TrackUpdate,0.10,2
28,12,0,115.457,12.265,3.081,0.937,1.000,0.0,0.0,225.008,-3.281,5.614,0,225.008,1.700,0.300,0.450,0.301,0.972,127,127,1,1,127,,1154,visual,Data,TrackUpdate,0.10,2
29,13,5,115.457,6.734,0.164,0.457,1.000,0.0,0.0,42.342,7.200,13.621,0,42.342,1.500,5.000,2.000,0.708,0.660,1,1,1,1,126,,1154,visual,Data,TrackUpdate,0.10,2
28,12,0,115.523,12.331,3.078,0.951,1.000,0.0,0.0,225.008,-3.369,5.545,0,225.008,1.700,0.300,0.450,0.295,0.976,127,127,1,1,127,,1155,visual,Data,TrackUpdate,0.10,2
29,13,5,115.523,6.800,0.363,0.594,1.000,0.0,0.0,42.342,7.246,13.689,0,42.342,1.500,5.000,2.000,0.709,0.658,1,1,1,1,126,,1155,visual,Data,TrackUpdate,0.10,2
28,12,0,115.57,11.865,3.338,0.981,1.000,0.0,0.0,225.008,-3.096,5.775,0,225.008,1.700,0.300,0.450,0.312,0.966,127,127,1,1,127,,1150,visual,Data,TrackUpdate,0.10,2
29,13,5,115.57,6.334,0.105,0.380,1.000,0.0,0.0,42.342,7.163,13.562,0,42.342,1.500,5.000,2.000,0.708,0.661,127,127,1,1,127,,1150,visual,Data,TrackUpdate,0.10,2
28,12,0,115.657,12.465,3.127,0.931,1.000,0.0,0.0,225.797,-3.527,5.477,0,225.797,1.700,0.300,0.450,0.286,0.977,127,127,1,1,127,,1156,visual,Data,TrackUpdate,0.10,2
29,13,5,115.657,6.934,0.590,0.364,1.000,0.0,0.0,42.342,7.332,13.816,0,42.342,1.500,5.000,2.000,0.710,0.655,1,1,1,1,126,,1156,visual,Data,TrackUpdate,0.10,2
28,12,0,115.724,12.532,3.179,0.990,1.000,0.0,0.0,225.797,-3.600,5.458,0,225.797,1.700,0.300,0.450,0.283,0.977,127,127,1,1,127,,1157,visual,Data,TrackUpdate,0.10,2
29,13,5,115.724,7.001,0.629,0.364,1.000,0.0,0.0,42.342,7.342,13.831,0,42.342,1.500,5.000,2.000,0.710,0.654,127,127,1,1,127,,1157,visual,Data,TrackUpdate,0.10,2
28,12,0,115.857,12.665,3.229,0.941,1.000,0.0,0.0,225.797,-3.685,5.422,0,225.797,1.700,0.300,0.450,0.278,0.978,127,127,1,1,127,,1158,visual,Data,TrackUpdate,0.10,2
29,13,5,115.857,7.134,0.711,0.364,1.000,0.0,0.0,42.342,7.369,13.872,0,42.342,1.500,5.000,2.000,0.710,0.653,127,127,1,1,127,,1158,visual,Data,TrackUpdate,0.10,2
28,12,0,115.923,12.731,3.198,0.719,1.000,0.0,0.0,225.797,-3.713,5.395,0,225.797,1.700,0.300,0.450,0.276,0.979,127,127,1,1,127,,1159,visual,Data,TrackUpdate,0.10,2
29,13,5,115.923,7.200,0.756,0.364,1.000,0.0,0.0,42.342,7.384,13.894,0,42.342,1.500,5.000,2.000,0.711,0.653,127,127,1,1,127,,1159,visual,Data,TrackUpdate,0.10,2
29,13,5,116.123,7.400,0.849,0.364,1.000,0.0,0.0,42.342,7.432,13.965,0,42.342,1.500,5.000,2.000,0.711,0.651,127,127,1,1,127,,1161,visual,Data,TrackUpdate,0.10,1
29,13,5,116.257,7.534,0.976,0.364,1.000,0.0,0.0,42.342,7.465,14.014,0,42.342,1.500,5.000,2.000,0.712,0.650,127,127,1,1,127,,1162,visual,Data,TrackUpdate,0.10,1
29,13,5,116.323,7.600,1.033,0.364,1.000,0.0,0.0,42.342,7.482,14.039,0,42.342,1.500,5.000,2.000,0.712,0.649,127,127,1,1,127,,1163,visual,Data,TrackUpdate,0.10,1
29,13,5,116.457,7.734,1.162,0.364,1.000,0.0,0.0,42.342,7.517,14.090,0,42.342,1.500,5.000,2.000,0.712,0.648,127,127,1,1,127,,1164,visual,Data,TrackUpdate,0.10,1
29,13,5,116.523,7.800,1.246,0.364,1.000,0.0,0.0,41.682,7.513,14.135,0,41.682,1.500,5.000,2.000,0.712,0.646,127,127,1,1,127,,1165,visual,Data,TrackUpdate,0.10,1
29,13,5,116.58,7.335,0.787,0.364,1.000,0.0,0.0,42.342,7.416,13.942,0,42.342,1.500,5.000,2.000,0.711,0.652,127,127,1,1,127,,1160,visual,Data,TrackUpdate,0.10,1
29,13,5,116.657,7.934,1.317,0.364,1.000,0.0,0.0,41.682,7.549,14.188,0,41.682,1.500,5.000,2.000,0.712,0.645,127,127,1,1,127,,1166,visual,Data,TrackUpdate,0.10,1
29,13,5,116.723,8.000,1.358,0.364,1.000,0.0,0.0,41.682,7.567,14.215,0,41.682,1.500,5.000,2.000,0.712,0.644,127,127,1,1,127,,1167,visual,Data,TrackUpdate,0.10,1
29,13,5,116.857,8.134,1.464,0.364,1.000,0.0,0.0,41.682,7.605,14.269,0,41.682,1.500,5.000,2.000,0.713,0.644,127,127,1,1,127,,1168,visual,Data,TrackUpdate,0.10,1
29,13,5,116.923,8.200,1.513,0.364,1.000,0.0,0.0,41.682,7.624,14.297,0,41.682,1.500,5.000,2.000,0.714,0.643,127,127,1,1,127,,1169,visual,Data,TrackUpdate,0.10,1
29,13,5,117.123,8.400,1.534,0.364,1.000,0.0,0.0,41.682,7.684,14.382,0,41.682,1.500,5.000,2.000,0.714,0.640,127,127,1,1,127,,1171,visual,Data,TrackUpdate,0.10,1
29,13,5,117.257,8.534,1.626,0.364,1.000,0.0,0.0,41.682,7.724,14.439,0,41.682,1.500,5.000,2.000,0.714,0.639,127,127,1,1,127,,1172,visual,Data,TrackUpdate,0.10,1
29,13,5,117.323,8.600,1.677,0.364,1.000,0.0,0.0,41.682,7.745,14.468,0,41.682,1.500,5.000,2.000,0.715,0.639,127,127,1,1,127,,1173,visual,Data,TrackUpdate,0.10,1
29,13,5,117.457,8.734,1.802,0.364,1.000,0.0,0.0,41.682,7.786,14.527,0,41.682,1.500,5.000,2.000,0.715,0.637,127,127,1,1,127,,1174,visual,Data,TrackUpdate,0.10,1
29,13,5,117.523,8.800,1.844,0.364,1.000,0.0,0.0,38.606,7.705,14.643,0,38.606,1.500,5.000,2.000,0.712,0.634,127,127,1,1,127,,1175,visual,Data,TrackUpdate,0.10,1
29,13,5,117.57,8.334,1.580,0.364,1.000,0.0,0.0,41.682,7.664,14.353,0,41.682,1.500,5.000,2.000,0.714,0.641,127,127,1,1,127,,1170,visual,Data,TrackUpdate,0.10,1
29,13,5,117.657,8.934,1.964,0.364,1.000,0.0,0.0,38.606,7.748,14.705,0,38.606,1.500,5.000,2.000,0.712,0.632,127,127,1,1,127,,1176,visual,Data,TrackUpdate,0.10,1
32,14,5,122.857,0.000,10.090,0.969,0.978,0.0,0.0,232.776,5.554,11.998,0,232.776,1.500,5.000,2.000,0.676,0.706,1,1,1,1,126,,1228,visual,Data,TrackUpdate,0.10,1
32,14,5,122.923,0.066,9.362,0.980,0.986,0.0,0.0,232.776,5.604,11.929,0,232.776,1.500,5.000,2.000,0.678,0.708,1,1,1,1,126,,1229,visual,Data,TrackUpdate,0.10,1
32,14,5,123.123,0.266,9.689,0.922,0.951,0.0,0.0,227.320,4.985,11.701,0,227.320,1.500,5.000,2.000,0.661,0.716,1,1,1,1,126,,1231,visual,Data,TrackUpdate,0.10,1
32,14,5,123.257,0.400,10.357,0.899,0.944,0.0,0.0,229.251,4.567,11.280,0,229.251,1.500,5.000,2.000,0.651,0.729,1,1,1,1,126,,1232,visual,Data,TrackUpdate,0.10,1
32,14,5,123.323,0.466,10.678,0.900,0.948,0.0,0.0,229.251,4.321,11.079,0,229.251,1.500,5.000,2.000,0.644,0.736,1,1,1,1,126,,1233,visual,Data,TrackUpdate,0.10,1
32,14,5,123.457,0.600,10.933,0.948,0.976,0.0,0.0,228.293,3.952,10.709,0,228.293,1.500,5.000,2.000,0.634,0.750,1,1,1,1,126,,1234,visual,Data,TrackUpdate,0.10,1
32,14,5,123.524,0.667,10.989,0.974,0.989,0.0,0.0,228.293,3.747,10.585,0,228.293,1.500,5.000,2.000,0.628,0.754,1,1,1,1,126,,1235,visual,Data,TrackUpdate,0.10,1
32,14,5,123.57,0.200,9.325,0.883,0.922,0.0,0.0,232.776,5.318,11.734,0,232.776,1.500,5.000,2.000,0.671,0.715,1,1,1,1,126,,1230,visual,Data,TrackUpdate,0.10,1
32,14,5,123.657,0.800,10.995,0.979,0.991,0.0,0.0,228.706,3.423,10.294,0,228.706,1.500,5.000,2.000,0.618,0.766,1,1,1,1,126,,1236,visual,Data,TrackUpdate,0.10,2
33,15,0,123.657,0.000,3.472,0.968,0.973,0.0,0.0,212.844,3.619,13.386,0,212.844,1.700,0.300,0.450,0.607,0.657,1,1,1,1,126,,1236,visual,Data,TrackUpdate,0.10,2
32,14,5,123.723,0.866,11.018,0.902,0.959,0.0,0.0,228.706,3.248,10.149,0,228.706,1.500,5.000,2.000,0.613,0.771,1,1,1,1,126,,1237,visual,Data,TrackUpdate,0.10,2
33,15,0,123.723,0.066,3.615,0.880,0.902,0.0,0.0,212.844,3.511,13.311,0,212.844,1.700,0.300,0.450,0.604,0.659,1,1,1,1,126,,1237,visual,Data,TrackUpdate,0.10,2
32,14,5,123.857,1.000,11.055,0.819,0.928,0.0,0.0,228.416,2.900,9.855,0,228.416,1.500,5.000,2.000,0.601,0.782,1,1,1,1,126,,1238,visual,Data,TrackUpdate,0.10,2
33,15,0,123.857,0.200,3.655,0.983,0.987,0.0,0.0,212.844,3.493,13.142,0,212.844,1.700,0.300,0.450,0.605,0.665,1,1,1,1,126,,1238,visual,Data,TrackUpdate,0.10,2
32,14,5,123.923,1.066,10.960,0.932,0.973,0.0,0.0,228.416,2.782,9.742,0,228.416,1.500,5.000,2.000,0.597,0.788,1,1,1,1,126,,1239,visual,Data,TrackUpdate,0.10,2
33,15,0,123.923,0.266,3.626,0.942,0.957,0.0,0.0,212.844,3.468,13.093,0,212.844,1.700,0.300,0.450,0.604,0.666,1,1,1,1,126,,1239,visual,Data,TrackUpdate,0.10,2
32,14,5,124.124,1.267,11.200,0.939,0.977,0.0,0.0,227.894,2.198,9.206,0,227.894,1.500,5.000,2.000,0.576,0.810,1,1,1,1,126,,1241,visual,Data,TrackUpdate,0.10,2
33,15,0,124.124,0.467,4.031,0.924,0.948,0.0,0.0,211.163,3.265,12.744,0,211.163,1.700,0.300,0.450,0.599,0.676,1,1,1,1,126,,1241,visual,Data,TrackUpdate,0.10,2
32,14,5,124.257,1.400,11.101,0.981,0.993,0.0,0.0,226.291,1.894,9.016,0,226.291,1.500,5.000,2.000,0.564,0.819,127,127,1,1,127,,1242,visual,Data,TrackUpdate,0.10,2
33,15,0,124.257,0.600,4.068,0.977,0.985,0.0,0.0,211.163,3.173,12.589,0,211.163,1.700,0.300,0.450,0.597,0.681,1,1,1,1,126,,1242,visual,Data,TrackUpdate,0.10,2
32,14,5,124.323,1.466,11.110,0.941,0.979,0.0,0.0,226.291,1.742,8.872,0,226.291,1.500,5.000,2.000,0.558,0.825,127,127,1,1,127,,1243,visual,Data,TrackUpdate,0.10,2
33,15,0,124.323,0.666,3.973,0.955,0.971,0.0,0.0,211.163,3.170,12.567,0,211.163,1.700,0.300,0.450,0.597,0.681,1,1,1,1,126,,1243,visual,Data,TrackUpdate,0.10,2
32,14,5,124.457,1.600,11.504,0.988,0.996,0.0,0.0,226.302,1.301,8.452,0,226.302,1.500,5.000,2.000,0.540,0.845,127,127,1,1,127,,1244,visual,Data,TrackUpdate,0.10,2
33,15,0,124.457,0.800,3.828,0.993,0.996,0.0,0.0,211.163,3.149,12.513,0,211.163,1.700,0.300,0.450,0.596,0.683,1,1,1,1,126,,1244,visual,Data,TrackUpdate,0.10,2
32,14,5,124.523,1.666,11.265,0.978,0.993,0.0,0.0,227.018,1.085,8.203,0,227.018,1.500,5.000,2.000,0.531,0.857,127,127,1,1,127,,1245,visual,Data,TrackUpdate,0.10,2
33,15,0,124.523,0.866,3.725,0.949,0.968,0.0,0.0,211.163,3.144,12.510,0,211.163,1.700,0.300,0.450,0.596,0.683,1,1,1,1,126,,1245,visual,Data,TrackUpdate,0.10,2
32,14,5,124.57,1.200,11.119,0.968,0.988,0.0,0.0,227.894,2.392,9.393,0,227.894,1.500,5.000,2.000,0.583,0.802,1,1,1,1,126,,1240,visual,Data,TrackUpdate,0.10,2
33,15,0,124.57,0.400,3.854,0.846,0.891,0.0,0.0,211.163,3.345,12.882,0,211.163,1.700,0.300,0.450,0.601,0.671,1,1,1,1,126,,1240,visual,Data,TrackUpdate,0.10,2
32,14,5,124.657,1.800,12.103,0.993,0.998,0.0,0.0,226.979,0.488,7.642,0,226.979,1.500,5.000,2.000,0.503,0.886,127,127,1,1,127,,1246,visual,Data,TrackUpdate,0.10,2
33,15,0,124.657,1.000,3.510,0.987,0.992,0.0,0.0,210.987,3.060,12.390,0,210.987,1.700,0.300,0.450,0.594,0.687,1,1,1,1,126,,1246,visual,Data,TrackUpdate,0.10,2
32,14,5,124.724,1.867,12.453,0.984,0.995,0.0,0.0,226.979,0.266,7.432,0,226.979,1.500,5.000,2.000,0.493,0.898,127,127,1,1,127,,1247,visual,Data,TrackUpdate,0.10,2
33,15,0,124.724,1.067,3.542,0.989,0.994,0.0,0.0,210.987,3.034,12.374,0,210.987,1.700,0.300,0.450,0.594,0.687,1,1,1,1,126,,1247,visual,Data,TrackUpdate,0.10,2
32,14,5,124.857,2.000,12.997,0.989,0.997,0.0,0.0,227.078,-0.232,6.956,0,227.078,1.500,5.000,2.000,0.467,0.924,127,127,1,1,127,,1248,visual,Data,TrackUpdate,0.10,2
33,15,0,124.857,1.200,3.698,0.982,0.990,0.0,0.0,210.987,2.937,12.215,0,210.987,1.700,0.300,0.450,0.591,0.693,1,1,1,1,126,,1248,visual,Data,TrackUpdate,0.10,2
32,14,5,124.923,2.066,13.195,0.992,0.998,0.0,0.0,227.046,-0.453,6.750,0,227.046,1.500,5.000,2.000,0.455,0.935,127,127,1,1,127,,1249,visual,Data,TrackUpdate,0.10,2
33,15,0,124.923,1.266,3.726,0.943,0.969,0.0,0.0,210.987,2.894,12.213,0,210.987,1.700,0.300,0.450,0.590,0.692,1,1,1,1,126,,1249,visual,Data,TrackUpdate,0.10,2
32,14,5,125.125,2.268,14.029,0.764,0.936,0.0,0.0,226.580,-1.083,6.182,0,226.580,1.500,5.000,2.000,0.419,0.967,127,127,1,1,127,,1251,visual,Data,TrackUpdate,0.10,2
33,15,0,125.125,1.468,4.219,0.935,0.970,0.0,0.0,214.762,2.529,11.815,0,214.762,1.700,0.300,0.450,0.579,0.704,1,1,1,1,126,,1251,visual,Data,TrackUpdate,0.10,2
32,14,5,125.257,2.400,14.309,0.815,0.952,0.0,0.0,226.579,-1.522,5.766,0,226.579,1.500,5.000,2.000,0.392,0.991,127,127,1,1,127,,1252,visual,Data,TrackUpdate,0.10,2
33,15,0,125.257,1.600,4.277,0.952,0.979,0.0,0.0,214.762,2.493,11.779,0,214.762,1.700,0.300,0.450,0.578,0.705,1,1,1,1,126,,1252,visual,Data,TrackUpdate,0.10,2
32,14,5,125.323,2.466,14.602,0.815,0.953,0.0,0.0,226.810,-1.731,5.555,0,226.810,1.500,5.000,2.000,0.379,1.003,127,127,1,1,127,,1253,visual,Data,TrackUpdate,0.10,2
33,15,0,125.323,1.666,4.154,0.961,0.983,0.0,0.0,214.762,2.479,11.755,0,214.762,1.700,0.300,0.450,0.578,0.706,1,1,1,1,126,,1253,visual,Data,TrackUpdate,0.10,2
32,14,5,125.457,2.600,14.751,0.815,0.956,0.0,0.0,226.799,-2.175,5.136,0,226.799,1.500,5.000,2.000,0.351,1.026,127,127,1,1,127,,1254,visual,Data,TrackUpdate,0.10,2
33,15,0,125.457,1.800,3.979,0.976,0.990,0.0,0.0,214.762,2.511,11.746,0,214.762,1.700,0.300,0.450,0.578,0.706,1,1,1,1,126,,1254,visual,Data,TrackUpdate,0.10,2
32,14,5,125.523,2.666,14.812,0.815,0.957,0.0,0.0,226.799,-2.395,4.928,0,226.799,1.500,5.000,2.000,0.336,1.037,127,127,1,1,127,,1255,visual,Data,TrackUpdate,0.10,2
33,15,0,125.523,1.866,3.805,0.987,0.995,0.0,0.0,214.762,2.420,11.603,0,214.762,1.700,0.300,0.450,0.576,0.711,1,1,1,1,126,,1255,visual,Data,TrackUpdate,0.10,2
32,14,5,125.57,2.200,13.783,0.852,0.959,0.0,0.0,226.580,-0.868,6.385,0,226.580,1.500,5.000,2.000,0.432,0.956,127,127,1,1,127,,1250,visual,Data,TrackUpdate,0.10,2
33,15,0,125.57,1.400,3.534,0.973,0.986,0.0,0.0,210.987,2.778,12.128,0,210.987,1.700,0.300,0.450,0.586,0.694,1,1,1,1,126,,1250,visual,Data,TrackUpdate,0.10,2
32,14,5,125.657,2.800,14.785,0.815,0.959,0.0,0.0,226.301,-2.857,4.520,0,226.301,1.500,5.000,2.000,0.305,1.058,127,127,1,1,127,,1256,visual,Data,TrackUpdate,0.10,2
33,15,0,125.657,2.000,3.448,0.918,0.971,0.0,0.0,214.762,2.460,11.693,0,214.762,1.700,0.300,0.450,0.577,0.708,1,1,1,1,126,,1256,visual,Data,TrackUpdate,0.10,2
33,15,0,125.723,2.066,3.682,0.870,0.956,0.0,0.0,214.762,2.428,11.662,0,214.762,1.700,0.300,0.450,0.576,0.709,1,1,1,1,126,,1257,visual,Data,TrackUpdate,0.10,1
33,15,0,125.857,2.200,3.585,0.972,0.992,0.0,0.0,215.663,2.187,11.420,0,215.663,1.700,0.300,0.450,0.568,0.717,1,1,1,1,126,,1258,visual,Data,TrackUpdate,0.10,1
33,15,0,125.923,2.266,3.867,0.985,0.996,0.0,0.0,215.663,2.143,11.395,0,215.663,1.700,0.300,0.450,0.567,0.718,1,1,1,1,126,,1259,visual,Data,TrackUpdate,0.10,1
33,15,0,126.123,2.466,3.858,0.905,0.976,0.0,0.0,215.663,1.969,11.167,0,215.663,1.700,0.300,0.450,0.561,0.726,1,1,1,1,126,,1261,visual,Data,TrackUpdate,0.10,1
33,15,0,126.257,2.600,3.482,0.951,0.988,0.0,0.0,215.663,1.906,11.099,0,215.663,1.700,0.300,0.450,0.559,0.729,1,1,1,1,126,,1262,visual,Data,TrackUpdate,0.10,1
33,15,0,126.323,2.666,3.427,0.949,0.988,0.0,0.0,215.663,1.901,11.128,0,215.663,1.700,0.300,0.450,0.558,0.727,1,1,1,1,126,,1263,visual,Data,TrackUpdate,0.10,1
33,15,0,126.457,2.800,3.435,0.989,0.998,0.0,0.0,215.663,1.835,11.089,0,215.663,1.700,0.300,0.450,0.556,0.729,1,1,1,1,126,,1264,visual,Data,TrackUpdate,0.10,1
33,15,0,126.523,2.866,3.491,0.916,0.982,0.0,0.0,217.938,1.801,11.056,0,217.938,1.700,0.300,0.450,0.555,0.730,1,1,1,1,126,,1265,visual,Data,TrackUpdate,0.10,1
33,15,0,126.57,2.400,3.809,0.889,0.971,0.0,0.0,215.663,2.008,11.212,0,215.663,1.700,0.300,0.450,0.562,0.724,1,1,1,1,126,,1260,visual,Data,TrackUpdate,0.10,1
33,15,0,126.657,3.000,3.537,0.922,0.984,0.0,0.0,217.938,1.762,11.051,0,217.938,1.700,0.300,0.450,0.554,0.730,1,1,1,1,126,,1266,visual,Data,TrackUpdate,0.10,1
33,15,0,126.725,3.068,3.393,0.969,0.994,0.0,0.0,217.938,1.699,11.021,0,217.938,1.700,0.300,0.450,0.552,0.731,1,1,1,1,126,,1267,visual,Data,TrackUpdate,0.10,1
33,15,0,126.857,3.200,3.539,0.941,0.989,0.0,0.0,217.938,1.525,10.951,0,217.938,1.700,0.300,0.450,0.545,0.732,1,1,1,1,126,,1268,visual,Data,TrackUpdate,0.10,1
33,15,0,126.925,3.268,3.557,0.979,0.996,0.0,0.0,217.938,1.446,10.896,0,217.938,1.700,0.300,0.450,0.542,0.734,1,1,1,1,126,,1269,visual,Data,TrackUpdate,0.10,1
33,15,0,127.123,3.466,3.483,0.980,0.997,0.0,0.0,217.938,1.367,10.826,0,217.938,1.700,0.300,0.450,0.540,0.737,1,1,1,1,126,,1271,visual,Data,TrackUpdate,0.10,1
33,15,0,127.257,3.600,2.941,0.936,0.991,0.0,0.0,221.348,1.190,10.722,0,221.348,1.700,0.300,0.450,0.533,0.740,1,1,1,1,126,,1272,visual,Data,TrackUpdate,0.10,1
33,15,0,127.323,3.666,3.171,0.982,0.998,0.0,0.0,221.348,1.069,10.566,0,221.348,1.700,0.300,0.450,0.529,0.745,1,1,1,1,126,,1273,visual,Data,TrackUpdate,0.10,1
33,15,0,127.457,3.800,3.221,0.991,0.999,0.0,0.0,221.348,1.053,10.488,0,221.348,1.700,0.300,0.450,0.528,0.749,1,1,1,1,126,,1274,visual,Data,TrackUpdate,0.10,1
33,15,0,127.523,3.866,3.141,0.987,0.999,0.0,0.0,221.348,1.056,10.520,0,221.348,1.700,0.300,0.450,0.528,0.747,1,1,1,1,126,,1275,visual,Data,TrackUpdate,0.10,1
33,15,0,127.57,3.400,3.467,0.988,0.998,0.0,0.0,217.938,1.390,10.828,0,217.938,1.700,0.300,0.450,0.540,0.737,1,1,1,1,126,,1270,visual,Data,TrackUpdate,0.10,1
33,15,0,127.657,4.000,3.429,0.985,0.998,0.0,0.0,221.946,0.871,10.305,0,221.946,1.700,0.300,0.450,0.521,0.756,1,1,1,1,126,,1276,visual,Data,TrackUpdate,0.10,1
33,15,0,127.723,4.066,3.490,0.996,1.000,0.0,0.0,221.946,0.816,10.252,0,221.946,1.700,0.300,0.450,0.519,0.757,1,1,1,1,126,,1277,visual,Data,TrackUpdate,0.10,1
33,15,0,127.857,4.200,3.871,0.988,0.999,0.0,0.0,221.946,0.730,10.132,0,221.946,1.700,0.300,0.450,0.516,0.762,1,1,1,1,126,,1278,visual,Data,TrackUpdate,0.10,1
33,15,0,127.923,4.266,3.627,0.991,0.999,0.0,0.0,221.946,0.721,10.107,0,221.946,1.700,0.300,0.450,0.516,0.763,1,1,1,1,126,,1279,visual,Data,TrackUpdate,0.10,1
33,15,0,128.0,4.343,3.422,0.995,1.000,0.0,0.0,221.946,0.690,10.079,0,221.946,1.700,0.300,0.450,0.514,0.764,1,1,1,1,126,,1280,visual,Data,TrackUpdate,0.10,1
33,15,0,128.123,4.466,3.233,0.982,0.999,0.0,0.0,221.946,0.635,10.011,0,221.946,1.700,0.300,0.450,0.512,0.768,1,1,1,1,126,,1281,visual,Data,TrackUpdate,0.10,1
33,15,0,128.257,4.600,3.100,0.984,0.999,0.0,0.0,221.946,0.583,9.995,0,221.946,1.700,0.300,0.450,0.510,0.768,1,1,1,1,126,,1282,visual,Data,TrackUpdate,0.10,1
33,15,0,128.323,4.666,3.201,0.993,1.000,0.0,0.0,222.143,0.490,9.916,0,222.143,1.700,0.300,0.450,0.506,0.769,1,1,1,1,126,,1283,visual,Data,TrackUpdate,0.10,1
33,15,0,128.457,4.800,3.752,0.991,1.000,0.0,0.0,222.143,0.278,9.626,0,222.143,1.700,0.300,0.450,0.497,0.781,1,1,1,1,126,,1284,visual,Data,TrackUpdate,0.10,1
33,15,0,128.523,4.866,3.851,0.997,1.000,0.0,0.0,222.143,0.236,9.549,0,222.143,1.700,0.300,0.450,0.495,0.785,1,1,1,1,126,,1285,visual,Data,TrackUpdate,0.10,1
33,15,0,128.657,5.000,3.778,0.996,1.000,0.0,0.0,222.143,0.204,9.521,0,222.143,1.700,0.300,0.450,0.494,0.787,1,1,1,1,126,,1286,visual,Data,TrackUpdate,0.10,1
33,15,0,128.723,5.066,3.736,0.651,1.000,0.0,0.0,222.143,0.206,9.573,0,222.143,1.700,0.300,0.450,0.494,0.784,1,1,1,1,126,,1287,visual,Data,TrackUpdate,0.10,1
33,15,0,128.857,5.200,4.132,0.758,1.000,0.0,0.0,221.766,-0.031,9.327,0,221.766,1.700,0.300,0.450,0.483,0.794,1,1,1,1,126,,1288,visual,Data,TrackUpdate,0.10,1
33,15,0,128.923,5.266,3.816,0.974,1.000,0.0,0.0,221.766,-0.063,9.278,0,221.766,1.700,0.300,0.450,0.482,0.796,1,1,1,1,126,,1289,visual,Data,TrackUpdate,0.10,1
33,15,0,129.123,5.466,3.532,0.965,1.000,0.0,0.0,221.766,-0.076,9.367,0,221.766,1.700,0.300,0.450,0.482,0.792,1,1,1,1,126,,1291,visual,Data,TrackUpdate,0.10,1
33,15,0,129.258,5.601,4.148,0.976,1.000,0.0,0.0,221.766,-0.336,9.100,0,221.766,1.700,0.300,0.450,0.470,0.803,1,1,1,1,126,,1292,visual,Data,TrackUpdate,0.10,1
33,15,0,129.323,5.666,4.251,0.866,1.000,0.0,0.0,222.142,-0.393,8.962,0,222.142,1.700,0.300,0.450,0.467,0.810,1,1,1,1,126,,1293,visual,Data,TrackUpdate,0.10,1
33,15,0,129.457,5.800,4.068,0.953,1.000,0.0,0.0,222.142,-0.421,8.868,0,222.142,1.700,0.300,0.450,0.466,0.814,1,1,1,1,126,,1294,visual,Data,TrackUpdate,0.10,1
33,15,0,129.523,5.866,3.906,0.982,1.000,0.0,0.0,222.142,-0.479,8.791,0,222.142,1.700,0.300,0.450,0.463,0.817,1,1,1,1,126,,1295,visual,Data,TrackUpdate,0.10,1
33,15,0,129.57,5.400,3.924,0.987,1.000,0.0,0.0,221.766,-0.128,9.216,0,221.766,1.700,0.300,0.450,0.480,0.799,1,1,1,1,126,,1290,visual,Data,TrackUpdate,0.10,1
33,15,0,129.657,6.000,4.023,0.990,1.000,0.0,0.0,222.142,-0.560,8.670,0,222.142,1.700,0.300,0.450,0.459,0.823,1,1,1,1,126,,1296,visual,Data,TrackUpdate,0.10,1
33,15,0,129.723,6.066,4.187,0.949,1.000,0.0,0.0,222.142,-0.604,8.603,0,222.142,1.700,0.300,0.450,0.457,0.826,1,1,1,1,126,,1297,visual,Data,TrackUpdate,0.10,1
33,15,0,129.857,6.200,3.873,0.990,1.000,0.0,0.0,221.561,-0.668,8.540,0,221.561,1.700,0.300,0.450,0.454,0.829,1,1,1,1,126,,1298,visual,Data,TrackUpdate,0.10,1
33,15,0,129.923,6.266,3.879,0.993,1.000,0.0,0.0,221.561,-0.726,8.490,0,221.561,1.700,0.300,0.450,0.451,0.831,1,1,1,1,126,,1299,visual,Data,TrackUpdate,0.10,1
33,15,0,130.123,6.466,3.928,0.988,1.000,0.0,0.0,221.561,-0.885,8.364,0,221.561,1.700,0.300,0.450,0.443,0.837,1,1,1,1,126,,1301,visual,Data,TrackUpdate,0.10,1
33,15,0,130.259,6.602,3.984,0.868,1.000,0.0,0.0,221.561,-1.024,8.284,0,221.561,1.700,0.300,0.450,0.436,0.840,1,1,1,1,126,,1302,visual,Data,TrackUpdate,0.10,1
33,15,0,130.323,6.666,3.992,0.952,1.000,0.0,0.0,221.561,-1.045,8.268,0,221.561,1.700,0.300,0.450,0.435,0.841,1,1,1,1,126,,1303,visual,Data,TrackUpdate,0.10,1
33,15,0,130.456,6.799,4.188,0.984,1.000,0.0,0.0,222.578,-1.163,8.166,0,222.578,1.700,0.300,0.450,0.429,0.845,1,1,1,1,126,,1304,visual,Data,TrackUpdate,0.10,1
33,15,0,130.523,6.866,4.083,0.996,1.000,0.0,0.0,222.578,-1.202,8.130,0,222.578,1.700,0.300,0.450,0.428,0.846,1,1,1,1,126,,1305,visual,Data,TrackUpdate,0.10,1
33,15,0,130.57,6.400,3.854,0.988,1.000,0.0,0.0,221.561,-0.832,8.421,0,221.561,1.700,0.300,0.450,0.446,0.833,1,1,1,1,126,,1300,visual,Data,TrackUpdate,0.10,1
33,15,0,130.657,7.000,3.883,0.998,1.000,0.0,0.0,222.578,-1.333,7.932,0,222.578,1.700,0.300,0.450,0.420,0.856,1,1,1,1,126,,1306,visual,Data,TrackUpdate,0.10,1
33,15,0,130.723,7.066,3.766,0.993,1.000,0.0,0.0,222.578,-1.315,7.897,0,222.578,1.700,0.300,0.450,0.421,0.858,1,1,1,1,126,,1307,visual,Data,TrackUpdate,0.10,1
33,15,0,130.858,7.201,3.944,0.961,1.000,0.0,0.0,221.967,-1.355,7.738,0,221.967,1.700,0.300,0.450,0.418,0.867,1,1,1,1,126,,1308,visual,Data,TrackUpdate,0.10,1
33,15,0,130.924,7.267,4.152,0.964,1.000,0.0,0.0,221.967,-1.402,7.664,0,221.967,1.700,0.300,0.450,0.415,0.870,1,1,1,1,126,,1309,visual,Data,TrackUpdate,0.10,1
33,15,0,131.123,7.466,3.737,0.989,1.000,0.0,0.0,221.967,-1.534,7.599,0,221.967,1.700,0.300,0.450,0.408,0.873,1,1,1,1,126,,1311,visual,Data,TrackUpdate,0.10,1
33,15,0,131.259,7.602,3.704,0.958,1.000,0.0,0.0,221.967,-1.603,7.567,0,221.967,1.700,0.300,0.450,0.405,0.874,1,1,1,1,126,,1312,visual,Data,TrackUpdate,0.10,1
33,15,0,131.323,7.666,4.146,0.966,1.000,0.0,0.0,221.967,-1.681,7.479,0,221.967,1.700,0.300,0.450,0.401,0.878,1,1,1,1,126,,1313,visual,Data,TrackUpdate,0.10,1
33,15,0,131.458,7.801,3.759,0.996,1.000,0.0,0.0,222.467,-1.760,7.361,0,222.467,1.700,0.300,0.450,0.395,0.884,1,1,1,1,126,,1314,visual,Data,TrackUpdate,0.10,1
33,15,0,131.524,7.867,3.695,0.993,1.000,0.0,0.0,222.467,-1.824,7.282,0,222.467,1.700,0.300,0.450,0.392,0.889,1,1,1,1,126,,1315,visual,Data,TrackUpdate,0.10,1
33,15,0,131.57,7.400,3.725,0.970,1.000,0.0,0.0,221.967,-1.489,7.640,0,221.967,1.700,0.300,0.450,0.411,0.871,1,1,1,1,126,,1310,visual,Data,TrackUpdate,0.10,1
33,15,0,131.657,8.000,3.662,0.997,1.000,0.0,0.0,222.467,-1.884,7.246,0,222.467,1.700,0.300,0.450,0.389,0.890,1,1,1,1,126,,1316,visual,Data,TrackUpdate,0.10,1
33,15,0,131.723,8.066,3.683,0.994,1.000,0.0,0.0,222.467,-1.949,7.154,0,222.467,1.700,0.300,0.450,0.385,0.894,1,1,1,1,126,,1317,visual,Data,TrackUpdate,0.10,1
33,15,0,131.857,8.200,3.761,0.984,1.000,0.0,0.0,222.467,-2.027,6.975,0,222.467,1.700,0.300,0.450,0.379,0.905,1,1,1,1,126,,1318,visual,Data,TrackUpdate,0.10,1
33,15,0,131.923,8.266,3.780,0.983,1.000,0.0,0.0,221.571,-2.055,6.880,0,221.571,1.700,0.300,0.450,0.377,0.910,1,1,1,1,126,,1319,visual,Data,TrackUpdate,0.10,1
33,15,0,132.126,8.469,3.677,0.943,1.000,0.0,0.0,221.571,-2.154,6.829,0,221.571,1.700,0.300,0.450,0.372,0.912,1,1,1,1,126,,1321,visual,Data,TrackUpdate,0.10,1
33,15,0,132.257,8.600,3.698,0.733,1.000,0.0,0.0,221.571,-2.266,6.754,0,221.571,1.700,0.300,0.450,0.366,0.915,1,1,1,1,126,,1322,visual,Data,TrackUpdate,0.10,1
33,15,0,132.323,8.666,3.643,0.816,1.000,0.0,0.0,221.571,-2.306,6.730,0,221.571,1.700,0.300,0.450,0.364,0.917,1,1,1,1,126,,1323,visual,Data,TrackUpdate,0.10,1
33,15,0,132.457,8.800,3.604,0.984,1.000,0.0,0.0,221.571,-2.397,6.652,0,221.571,1.700,0.300,0.450,0.358,0.920,1,1,1,1,126,,1324,visual,Data,TrackUpdate,0.10,1
33,15,0,132.523,8.866,3.604,0.975,1.000,0.0,0.0,221.571,-2.420,6.636,0,221.571,1.700,0.300,0.450,0.357,0.920,1,1,1,1,126,,1325,visual,Data,TrackUpdate,0.10,1
33,15,0,132.57,8.400,3.723,0.984,1.000,0.0,0.0,221.571,-2.112,6.852,0,221.571,1.700,0.300,0.450,0.374,0.911,1,1,1,1,126,,1320,visual,Data,TrackUpdate,0.10,1
33,15,0,132.657,9.000,3.586,0.946,1.000,0.0,0.0,222.568,-2.547,6.555,0,222.568,1.700,0.300,0.450,0.350,0.924,1,1,1,1,126,,1326,visual,Data,TrackUpdate,0.10,1
33,15,0,132.723,9.066,3.598,0.923,1.000,0.0,0.0,222.568,-2.598,6.517,0,222.568,1.700,0.300,0.450,0.347,0.926,1,1,1,1,126,,1327,visual,Data,TrackUpdate,0.10,1
33,15,0,132.857,9.200,3.585,0.980,1.000,0.0,0.0,222.568,-2.699,6.308,0,222.568,1.700,0.300,0.450,0.339,0.937,1,1,1,1,126,,1328,visual,Data,TrackUpdate,0.10,1
33,15,0,132.923,9.266,3.606,0.990,1.000,0.0,0.0,222.568,-2.703,6.279,0,222.568,1.700,0.300,0.450,0.339,0.939,1,1,1,1,126,,1329,visual,Data,TrackUpdate,0.10,1
33,15,0,133.123,9.466,3.579,0.732,1.000,0.0,0.0,223.021,-2.844,6.113,0,223.021,1.700,0.300,0.450,0.329,0.948,127,127,1,1,127,,1331,visual,Data,TrackUpdate,0.10,1
33,15,0,133.57,9.400,3.592,0.953,1.000,0.0,0.0,222.568,-2.793,6.174,0,222.568,1.700,0.300,0.450,0.333,0.944,127,127,1,1,127,,1330,visual,Data,TrackUpdate,0.10,1
37,16,0,133.923,0.000,3.407,0.694,0.718,0.0,0.0,216.060,-3.007,4.980,0,216.060,1.700,0.300,0.450,0.305,1.022,1,1,1,1,126,,1339,visual,Data,TrackUpdate,0.10,1
37,16,0,134.57,0.134,3.014,0.452,0.510,0.0,0.0,216.060,-2.995,4.924,0,216.060,1.700,0.300,0.450,0.305,1.026,127,127,1,1,127,,1340,visual,Data,TrackUpdate,0.10,1
38,17,0,145.257,0.000,5.093,0.995,0.996,0.0,0.0,263.904,3.680,11.761,0,263.904,1.900,1.100,0.450,0.618,0.709,1,1,1,1,126,,1452,visual,Data,TrackUpdate,0.10,1
38,17,0,145.323,0.066,5.962,0.995,0.996,0.0,0.0,263.904,3.543,11.443,0,263.904,1.900,1.100,0.450,0.615,0.721,1,1,1,1,126,,1453,visual,Data,TrackUpdate,0.10,1
38,17,0,145.457,0.200,5.807,0.987,0.989,0.0,0.0,263.904,3.374,11.346,0,263.904,1.900,1.100,0.450,0.610,0.724,1,1,1,1,126,,1454,visual,Data,TrackUpdate,0.10,1
38,17,0,145.523,0.266,5.713,0.976,0.981,0.0,0.0,263.904,3.296,11.400,0,263.904,1.700,0.300,0.450,0.607,0.721,1,1,1,1,126,,1455,visual,Data,TrackUpdate,0.10,1
38,17,0,145.657,0.400,5.623,0.963,0.971,0.0,0.0,263.904,3.117,11.325,0,263.904,1.700,0.300,0.450,0.601,0.724,1,1,1,1,126,,1456,visual,Data,TrackUpdate,0.10,1
38,17,0,145.723,0.466,6.151,0.933,0.950,0.0,0.0,247.506,2.912,11.222,0,247.506,1.700,0.300,0.450,0.594,0.728,1,1,1,1,126,,1457,visual,Data,TrackUpdate,0.10,1
38,17,0,145.857,0.600,6.017,0.971,0.980,0.0,0.0,247.506,2.787,11.058,0,247.506,1.700,0.300,0.450,0.591,0.732,1,1,1,1,126,,1458,visual,Data,TrackUpdate,0.10,1
38,17,0,145.923,0.666,5.734,0.983,0.988,0.0,0.0,247.506,2.766,11.060,0,247.506,1.700,0.300,0.450,0.590,0.732,1,1,1,1,126,,1459,visual,Data,TrackUpdate,0.10,1
38,17,0,146.0,0.743,5.997,0.976,0.984,0.0,0.0,247.506,2.610,10.911,0,247.506,1.700,0.300,0.450,0.585,0.738,1,1,1,1,126,,1460,visual,Data,TrackUpdate,0.10,1
38,17,0,146.123,0.866,6.296,0.925,0.953,0.0,0.0,240.646,2.353,10.713,0,240.646,1.700,0.300,0.450,0.576,0.744,1,1,1,1,126,,1461,visual,Data,TrackUpdate,0.10,1
38,17,0,146.257,1.000,6.245,0.810,0.888,0.0,0.0,240.646,2.173,10.608,0,240.646,1.700,0.300,0.450,0.570,0.748,1,1,1,1,126,,1462,visual,Data,TrackUpdate,0.10,1
38,17,0,146.323,1.066,6.700,0.931,0.962,0.0,0.0,238.078,1.950,10.382,0,238.078,1.700,0.300,0.450,0.562,0.757,1,1,1,1,126,,1463,visual,Data,TrackUpdate,0.10,1
38,17,0,146.457,1.200,6.782,0.862,0.930,0.0,0.0,238.078,1.773,10.116,0,238.078,1.700,0.300,0.450,0.556,0.768,1,1,1,1,126,,1464,visual,Data,TrackUpdate,0.10,1
38,17,0,146.523,1.266,6.791,0.954,0.978,0.0,0.0,238.078,1.688,10.019,0,238.078,1.700,0.300,0.450,0.553,0.771,1,1,1,1,126,,1465,visual,Data,TrackUpdate,0.10,1
38,17,0,146.657,1.400,6.553,0.972,0.987,0.0,0.0,229.684,1.573,9.974,0,229.684,1.700,0.300,0.450,0.549,0.773,1,1,1,1,126,,1466,visual,Data,TrackUpdate,0.10,1
38,17,0,146.723,1.466,6.659,0.889,0.952,0.0,0.0,229.684,1.437,9.854,0,229.684,1.700,0.300,0.450,0.543,0.778,1,1,1,1,126,,1467,visual,Data,TrackUpdate,0.10,1
38,17,0,146.857,1.600,7.009,0.938,0.977,0.0,0.0,229.909,1.105,9.544,0,229.910,1.700,0.300,0.450,0.531,0.791,1,1,1,1,126,,1468,visual,Data,TrackUpdate,0.10,1
38,17,0,146.923,1.666,7.084,0.941,0.979,0.0,0.0,229.909,0.976,9.431,0,229.910,1.700,0.300,0.450,0.525,0.794,1,1,1,1,126,,1469,visual,Data,TrackUpdate,0.10,1
38,17,0,147.124,1.867,6.952,0.960,0.987,0.0,0.0,229.909,0.757,9.208,0,229.910,1.700,0.300,0.450,0.516,0.804,1,1,1,1,126,,1471,visual,Data,TrackUpdate,0.10,1
38,17,0,147.257,2.000,7.162,0.979,0.994,0.0,0.0,231.568,0.560,9.079,0,231.568,1.700,0.300,0.450,0.508,0.810,1,1,1,1,126,,1472,visual,Data,TrackUpdate,0.10,1
38,17,0,147.323,2.066,7.404,0.953,0.986,0.0,0.0,231.568,0.361,8.924,0,231.568,1.700,0.300,0.450,0.499,0.817,1,1,1,1,126,,1473,visual,Data,TrackUpdate,0.10,1
38,17,0,147.457,2.200,7.530,0.983,0.995,0.0,0.0,232.006,0.225,8.830,0,232.006,1.700,0.300,0.450,0.494,0.819,1,1,1,1,126,,1474,visual,Data,TrackUpdate,0.10,1
38,17,0,147.523,2.266,7.323,0.986,0.996,0.0,0.0,232.006,0.100,8.713,0,232.006,1.700,0.300,0.450,0.488,0.826,1,1,1,1,126,,1475,visual,Data,TrackUpdate,0.10,1
38,17,0,147.57,1.800,7.093,0.981,0.994,0.0,0.0,229.909,0.788,9.234,0,229.910,1.700,0.300,0.450,0.518,0.803,1,1,1,1,126,,1470,visual,Data,TrackUpdate,0.10,1
38,17,0,147.657,2.400,7.441,0.988,0.997,0.0,0.0,232.006,-0.084,8.531,0,232.006,1.700,0.300,0.450,0.479,0.833,1,1,1,1,126,,1476,visual,Data,TrackUpdate,0.10,1
38,17,0,147.723,2.466,7.612,0.966,0.991,0.0,0.0,228.293,-0.186,8.409,0,228.293,1.700,0.300,0.450,0.474,0.839,1,1,1,1,126,,1477,visual,Data,TrackUpdate,0.10,1
38,17,0,147.857,2.600,7.592,0.980,0.995,0.0,0.0,228.293,-0.295,8.283,0,228.293,1.700,0.300,0.450,0.469,0.845,1,1,1,1,126,,1478,visual,Data,TrackUpdate,0.10,1
38,17,0,147.923,2.666,7.400,0.986,0.997,0.0,0.0,228.293,-0.373,8.177,0,228.293,1.700,0.300,0.450,0.465,0.850,1,1,1,1,126,,1479,visual,Data,TrackUpdate,0.10,1
38,17,0,148.123,2.866,7.445,0.907,0.980,0.0,0.0,226.997,-0.509,7.962,0,226.997,1.700,0.300,0.450,0.458,0.861,1,1,1,1,126,,1481,visual,Data,TrackUpdate,0.10,1
38,17,0,148.257,3.000,7.222,0.996,0.999,0.0,0.0,226.997,-0.640,7.809,0,226.997,1.700,0.300,0.450,0.451,0.869,1,1,1,1,126,,1482,visual,Data,TrackUpdate,0.10,1
38,17,0,148.323,3.066,7.007,0.997,0.999,0.0,0.0,226.997,-0.689,7.727,0,226.997,1.700,0.300,0.450,0.448,0.873,1,1,1,1,126,,1483,visual,Data,TrackUpdate,0.10,1
38,17,0,148.457,3.200,6.953,0.986,0.997,0.0,0.0,226.997,-0.775,7.553,0,226.997,1.700,0.300,0.450,0.444,0.882,1,1,1,1,126,,1484,visual,Data,TrackUpdate,0.10,1
38,17,0,148.523,3.266,6.902,0.982,0.997,0.0,0.0,225.216,-0.800,7.496,0,225.216,1.700,0.300,0.450,0.442,0.886,1,1,1,1,126,,1485,visual,Data,TrackUpdate,0.10,1
38,17,0,148.57,2.800,7.363,0.988,0.997,0.0,0.0,228.293,-0.469,8.013,0,228.293,1.700,0.300,0.450,0.460,0.858,1,1,1,1,126,,1480,visual,Data,TrackUpdate,0.10,1
38,17,0,148.657,3.400,6.490,0.981,0.997,0.0,0.0,225.216,-0.927,7.344,0,225.216,1.700,0.300,0.450,0.435,0.894,1,1,1,1,126,,1486,visual,Data,TrackUpdate,0.10,1
38,17,0,148.723,3.466,6.311,0.994,0.999,0.0,0.0,225.216,-1.003,7.342,0,225.216,1.700,0.300,0.450,0.432,0.894,1,1,1,1,126,,1487,visual,Data,TrackUpdate,0.10,1
38,17,0,148.857,3.600,6.320,0.992,0.999,0.0,0.0,225.216,-1.157,7.197,0,225.216,1.700,0.300,0.450,0.423,0.900,1,1,1,1,126,,1488,visual,Data,TrackUpdate,0.10,1
38,17,0,148.923,3.666,6.462,0.988,0.998,0.0,0.0,225.852,-1.246,7.110,0,225.852,1.700,0.300,0.450,0.418,0.906,1,1,1,1,126,,1489,visual,Data,TrackUpdate,0.10,1
38,17,0,149.123,3.866,5.772,0.976,0.997,0.0,0.0,225.852,-1.386,6.997,0,225.852,1.700,0.300,0.450,0.410,0.910,1,1,1,1,126,,1491,visual,Data,TrackUpdate,0.10,1
38,17,0,149.257,4.000,5.573,0.991,0.999,0.0,0.0,225.852,-1.556,6.878,0,225.852,1.700,0.300,0.450,0.401,0.917,1,1,1,1,126,,1492,visual,Data,TrackUpdate,0.10,1
38,17,0,149.324,4.067,5.518,0.996,1.000,0.0,0.0,225.852,-1.612,6.833,0,225.852,1.700,0.300,0.450,0.398,0.919,1,1,1,1,126,,1493,visual,Data,TrackUpdate,0.10,1
38,17,0,149.457,4.200,5.598,0.988,0.999,0.0,0.0,225.901,-1.730,6.714,0,225.901,1.700,0.300,0.450,0.391,0.925,1,1,1,1,126,,1494,visual,Data,TrackUpdate,0.10,1
38,17,0,149.523,4.266,5.514,0.995,1.000,0.0,0.0,225.901,-1.807,6.650,0,225.901,1.700,0.300,0.450,0.387,0.928,1,1,1,1,126,,1495,visual,Data,TrackUpdate,0.10,1
38,17,0,149.57,3.800,5.994,0.988,0.999,0.0,0.0,225.852,-1.332,7.054,0,225.852,1.700,0.300,0.450,0.413,0.907,1,1,1,1,126,,1490,visual,Data,TrackUpdate,0.10,1
38,17,0,149.657,4.400,5.239,0.968,0.998,0.0,0.0,225.901,-1.909,6.561,0,225.901,1.700,0.300,0.450,0.381,0.932,1,1,1,1,126,,1496,visual,Data,TrackUpdate,0.10,1
38,17,0,149.724,4.467,5.277,0.990,0.999,0.0,0.0,225.901,-1.991,6.471,0,225.901,1.700,0.300,0.450,0.376,0.936,1,1,1,1,126,,1497,visual,Data,TrackUpdate,0.10,1
38,17,0,149.857,4.600,5.169,0.940,0.998,0.0,0.0,225.762,-2.123,6.265,0,225.762,1.700,0.300,0.450,0.367,0.948,127,127,1,1,127,,1498,visual,Data,TrackUpdate,0.10,1
38,17,0,149.923,4.666,5.080,0.970,0.999,0.0,0.0,225.762,-2.179,6.214,0,225.762,1.700,0.300,0.450,0.363,0.951,127,127,1,1,127,,1499,visual,Data,TrackUpdate,0.10,1
38,17,0,150.123,4.866,5.087,0.801,0.997,0.0,0.0,225.735,-2.386,5.949,0,225.735,1.700,0.300,0.450,0.349,0.966,127,127,1,1,127,,1501,visual,Data,TrackUpdate,0.10,1
38,17,0,150.257,5.000,5.107,0.988,1.000,0.0,0.0,225.735,-2.565,5.801,0,225.735,1.700,0.300,0.450,0.339,0.973,127,127,1,1,127,,1502,visual,Data,TrackUpdate,0.10,1
38,17,0,150.323,5.066,5.102,0.978,1.000,0.0,0.0,225.735,-2.657,5.757,0,225.735,1.700,0.300,0.450,0.333,0.974,127,127,1,1,127,,1503,visual,Data,TrackUpdate,0.10,1
38,17,0,150.457,5.200,5.220,0.988,1.000,0.0,0.0,226.694,-2.846,5.645,0,226.693,1.700,0.300,0.450,0.322,0.979,127,127,1,1,127,,1504,visual,Data,TrackUpdate,0.10,1
38,17,0,150.523,5.266,5.226,0.986,1.000,0.0,0.0,226.694,-2.967,5.584,0,226.693,1.700,0.300,0.450,0.316,0.981,127,127,1,1,127,,1505,visual,Data,TrackUpdate,0.10,1
38,17,0,150.57,4.800,5.119,0.925,0.998,0.0,0.0,225.762,-2.364,6.015,0,225.762,1.700,0.300,0.450,0.352,0.962,127,127,1,1,127,,1500,visual,Data,TrackUpdate,0.10,1
38,17,0,150.657,5.400,5.335,0.992,1.000,0.0,0.0,226.694,-3.160,5.506,0,226.693,1.700,0.300,0.450,0.305,0.982,127,127,1,1,127,,1506,visual,Data,TrackUpdate,0.10,1
38,17,0,150.723,5.466,5.271,0.984,1.000,0.0,0.0,226.694,-3.257,5.455,0,226.693,1.700,0.300,0.450,0.299,0.984,127,127,1,1,127,,1507,visual,Data,TrackUpdate,0.10,1
38,17,0,150.857,5.600,5.487,0.781,1.000,0.0,0.0,228.019,-3.515,5.311,0,228.019,1.700,0.300,0.450,0.284,0.988,127,127,1,1,127,,1508,visual,Data,TrackUpdate,0.10,1
38,17,0,150.923,5.666,5.451,0.446,1.000,0.0,0.0,228.019,-3.573,5.263,0,228.019,1.700,0.300,0.450,0.281,0.991,127,127,1,1,127,,1509,visual,Data,TrackUpdate,0.10,1
39,18,5,151.723,0.000,9.361,0.947,0.974,0.0,0.0,225.313,3.560,11.725,0,225.313,1.500,5.000,2.000,0.614,0.711,1,1,1,1,126,,1517,visual,Data,TrackUpdate,0.10,1
39,18,5,151.857,0.134,9.435,0.742,0.874,0.0,0.0,225.313,3.243,11.478,0,225.313,1.500,5.000,2.000,0.605,0.719,1,1,1,1,126,,1518,visual,Data,TrackUpdate,0.10,1
39,18,5,151.923,0.200,9.421,0.680,0.846,0.0,0.0,227.261,3.164,11.303,0,227.261,1.500,5.000,2.000,0.603,0.725,1,1,1,1,126,,1519,visual,Data,TrackUpdate,0.10,1
39,18,5,152.125,0.402,9.567,0.988,0.994,0.0,0.0,225.701,2.638,10.908,0,225.701,1.500,5.000,2.000,0.586,0.738,1,1,1,1,126,,1521,visual,Data,TrackUpdate,0.10,1
39,18,5,152.257,0.534,9.946,0.956,0.980,0.0,0.0,225.701,2.359,10.627,0,225.701,1.500,5.000,2.000,0.577,0.748,1,1,1,1,126,,1522,visual,Data,TrackUpdate,0.10,1
39,18,5,152.324,0.601,10.342,0.973,0.988,0.0,0.0,225.494,2.193,10.494,0,225.494,1.500,5.000,2.000,0.571,0.754,1,1,1,1,126,,1523,visual,Data,TrackUpdate,0.10,1
39,18,5,152.458,0.735,10.444,0.989,0.995,0.0,0.0,225.494,1.905,10.220,0,225.494,1.500,5.000,2.000,0.561,0.763,1,1,1,1,126,,1524,visual,Data,TrackUpdate,0.10,1
39,18,5,152.525,0.802,10.232,0.989,0.995,0.0,0.0,224.387,1.737,10.087,0,224.387,1.500,5.000,2.000,0.555,0.769,1,1,1,1,126,,1525,visual,Data,TrackUpdate,0.10,1
39,18,5,152.57,0.334,9.503,0.986,0.993,0.0,0.0,227.261,2.836,11.028,0,227.261,1.500,5.000,2.000,0.593,0.734,1,1,1,1,126,,1520,visual,Data,TrackUpdate,0.10,1
39,18,5,152.657,0.934,10.647,0.945,0.978,0.0,0.0,224.387,1.497,9.835,0,224.387,1.500,5.000,2.000,0.546,0.779,1,1,1,1,126,,1526,visual,Data,TrackUpdate,0.10,1
39,18,5,152.723,1.000,10.546,0.987,0.995,0.0,0.0,224.387,1.374,9.754,0,224.387,1.500,5.000,2.000,0.541,0.781,1,1,1,1,126,,1527,visual,Data,TrackUpdate,0.10,1
39,18,5,152.858,1.135,10.191,0.974,0.990,0.0,0.0,224.515,1.097,9.491,0,224.515,1.500,5.000,2.000,0.530,0.793,1,1,1,1,126,,1528,visual,Data,TrackUpdate,0.10,1
39,18,5,152.925,1.202,9.747,0.992,0.997,0.0,0.0,224.515,0.986,9.369,0,224.515,1.500,5.000,2.000,0.526,0.798,1,1,1,1,126,,1529,visual,Data,TrackUpdate,0.10,1
39,18,5,153.123,1.400,9.762,0.993,0.997,0.0,0.0,224.385,0.643,9.013,0,224.385,1.500,5.000,2.000,0.511,0.813,1,1,1,1,126,,1531,visual,Data,TrackUpdate,0.10,1
39,18,5,153.257,1.534,9.640,0.994,0.998,0.0,0.0,224.385,0.512,8.865,0,224.385,1.500,5.000,2.000,0.506,0.819,127,127,1,1,127,,1532,visual,Data,TrackUpdate,0.10,1
39,18,5,153.323,1.600,9.438,0.984,0.995,0.0,0.0,224.385,0.439,8.785,0,224.385,1.500,5.000,2.000,0.503,0.824,127,127,1,1,127,,1533,visual,Data,TrackUpdate,0.10,1
39,18,5,153.457,1.734,9.576,0.993,0.998,0.0,0.0,224.153,0.149,8.488,0,224.153,1.500,5.000,2.000,0.490,0.838,127,127,1,1,127,,1534,visual,Data,TrackUpdate,0.10,1
39,18,5,153.523,1.800,9.435,0.993,0.998,0.0,0.0,224.153,-0.005,8.322,0,224.153,1.500,5.000,2.000,0.482,0.844,127,127,1,1,127,,1535,visual,Data,TrackUpdate,0.10,1
39,18,5,153.57,1.334,9.771,0.985,0.995,0.0,0.0,224.385,0.777,9.145,0,224.385,1.500,5.000,2.000,0.517,0.807,1,1,1,1,126,,1530,visual,Data,TrackUpdate,0.10,1
39,18,5,153.657,1.934,9.167,0.993,0.998,0.0,0.0,223.693,-0.233,8.105,0,223.693,1.500,5.000,2.000,0.471,0.855,127,127,1,1,127,,1536,visual,Data,TrackUpdate,0.10,1
39,18,5,153.724,2.001,9.234,0.992,0.998,0.0,0.0,223.693,-0.340,7.989,0,223.693,1.500,5.000,2.000,0.466,0.861,127,127,1,1,127,,1537,visual,Data,TrackUpdate,0.10,1
39,18,5,153.857,2.134,9.135,0.994,0.998,0.0,0.0,223.614,-0.537,7.781,0,223.614,1.500,5.000,2.000,0.456,0.871,127,127,1,1,127,,1538,visual,Data,TrackUpdate,0.10,1
39,18,5,153.925,2.202,9.220,0.995,0.999,0.0,0.0,223.614,-0.636,7.674,0,223.614,1.500,5.000,2.000,0.451,0.877,127,127,1,1,127,,1539,visual,Data,TrackUpdate,0.10,1
39,18,5,154.123,2.400,9.500,0.988,0.997,0.0,0.0,224.181,-1.127,7.110,0,224.181,1.500,5.000,2.000,0.424,0.906,127,127,1,1,127,,1541,visual,Data,TrackUpdate,0.10,1
39,18,5,154.257,2.534,9.450,0.996,0.999,0.0,0.0,224.103,-1.357,6.868,0,224.103,1.500,5.000,2.000,0.411,0.919,127,127,1,1,127,,1542,visual,Data,TrackUpdate,0.10,1
39,18,5,154.324,2.601,9.335,0.992,0.998,0.0,0.0,224.103,-1.446,6.772,0,224.103,1.500,5.000,2.000,0.406,0.924,127,127,1,1,127,,1543,visual,Data,TrackUpdate,0.10,1
39,18,5,154.457,2.734,9.093,0.988,0.997,0.0,0.0,224.103,-1.610,6.595,0,224.103,1.500,5.000,2.000,0.396,0.933,127,127,1,1,127,,1544,visual,Data,TrackUpdate,0.10,1
39,18,5,154.523,2.800,8.949,0.987,0.997,0.0,0.0,224.103,-1.686,6.513,0,224.103,1.500,5.000,2.000,0.391,0.938,127,127,1,1,127,,1545,visual,Data,TrackUpdate,0.10,1
39,18,5,154.58,2.335,9.424,0.992,0.998,0.0,0.0,224.181,-0.990,7.257,0,224.181,1.500,5.000,2.000,0.431,0.898,127,127,1,1,127,,1540,visual,Data,TrackUpdate,0.10,1
39,18,5,154.657,2.934,8.606,0.990,0.998,0.0,0.0,222.759,-1.869,6.401,0,222.759,1.500,5.000,2.000,0.381,0.943,127,127,1,1,127,,1546,visual,Data,TrackUpdate,0.10,1
39,18,5,154.723,3.000,8.522,0.972,0.994,0.0,0.0,222.759,-1.935,6.330,0,222.759,1.500,5.000,2.000,0.377,0.946,127,127,1,1,127,,1547,visual,Data,TrackUpdate,0.10,1
39,18,5,154.858,3.135,8.160,0.973,0.995,0.0,0.0,222.759,-2.057,6.198,0,222.759,1.500,5.000,2.000,0.369,0.954,127,127,1,1,127,,1548,visual,Data,TrackUpdate,0.10,1
39,18,5,154.925,3.202,8.077,0.947,0.990,0.0,0.0,222.759,-2.113,6.138,0,222.759,1.500,5.000,2.000,0.366,0.957,127,127,1,1,127,,1549,visual,Data,TrackUpdate,0.10,1
39,18,5,155.123,3.400,7.755,0.960,0.994,0.0,0.0,222.760,-2.304,5.931,0,222.760,1.500,5.000,2.000,0.354,0.969,127,127,1,1,127,,1551,visual,Data,TrackUpdate,0.10,1
39,18,5,155.257,3.534,7.526,0.919,0.988,0.0,0.0,222.760,-2.408,5.819,0,222.760,1.500,5.000,2.000,0.347,0.974,127,127,1,1,127,,1552,visual,Data,TrackUpdate,0.10,1
39,18,5,155.323,3.600,7.463,0.919,0.989,0.0,0.0,222.760,-2.478,5.744,0,222.760,1.500,5.000,2.000,0.343,0.978,127,127,1,1,127,,1553,visual,Data,TrackUpdate,0.10,1
39,18,5,155.457,3.734,7.238,0.680,0.959,0.0,0.0,223.148,-2.559,5.631,0,223.148,1.500,5.000,2.000,0.337,0.984,127,127,1,1,127,,1554,visual,Data,TrackUpdate,0.10,1
39,18,5,155.523,3.800,7.240,0.680,0.962,0.0,0.0,223.148,-2.625,5.560,0,223.148,1.500,5.000,2.000,0.332,0.988,127,127,1,1,127,,1555,visual,Data,TrackUpdate,0.10,1
39,18,5,155.58,3.335,7.899,0.958,0.993,0.0,0.0,222.760,-2.251,5.989,0,222.760,1.500,5.000,2.000,0.357,0.966,127,127,1,1,127,,1550,visual,Data,TrackUpdate,0.10,1
39,18,5,155.657,3.934,6.973,0.558,0.953,0.0,0.0,223.148,-2.718,5.460,0,223.148,1.500,5.000,2.000,0.327,0.994,127,127,1,1,127,,1556,visual,Data,TrackUpdate,0.10,1
39,18,5,155.723,4.000,6.777,0.558,0.956,0.0,0.0,223.148,-2.783,5.390,0,223.148,1.500,5.000,2.000,0.322,0.997,127,127,1,1,127,,1557,visual,Data,TrackUpdate,0.10,1
39,18,5,155.857,4.134,6.414,0.558,0.962,0.0,0.0,223.131,-2.904,5.260,0,223.131,1.500,5.000,2.000,0.314,1.005,127,127,1,1,127,,1558,visual,Data,TrackUpdate,0.10,1
39,18,5,155.924,4.201,6.330,0.558,0.965,0.0,0.0,223.131,-2.961,5.198,0,223.131,1.500,5.000,2.000,0.310,1.007,127,127,1,1,127,,1559,visual,Data,TrackUpdate,0.10,1
39,18,5,156.123,4.400,6.015,0.558,0.973,0.0,0.0,223.131,-3.128,5.019,0,223.131,1.500,5.000,2.000,0.299,1.017,127,127,1,1,127,,1561,visual,Data,TrackUpdate,0.10,1
39,18,5,156.58,4.335,6.111,0.558,0.971,0.0,0.0,223.131,-3.074,5.077,0,223.131,1.500,5.000,2.000,0.303,1.013,127,127,1,1,127,,1560,visual,Data,TrackUpdate,0.10,1
42,19,0,161.323,0.000,3.404,0.896,0.924,0.0,0.0,53.146,-3.073,5.421,0,53.146,1.700,0.300,0.450,0.308,0.990,1,1,1,1,126,,1613,visual,Data,TrackUpdate,0.10,1
42,19,0,161.459,0.136,3.247,0.992,0.994,0.0,0.0,53.146,-3.014,5.604,0,53.146,1.700,0.300,0.450,0.314,0.979,127,127,1,1,127,,1614,visual,Data,TrackUpdate,0.10,1
42,19,0,161.523,0.200,3.198,0.993,0.995,0.0,0.0,53.146,-2.982,5.625,0,53.146,1.700,0.300,0.450,0.315,0.978,127,127,1,1,127,,1615,visual,Data,TrackUpdate,0.10,1
42,19,0,161.657,0.334,3.005,0.958,0.972,0.0,0.0,53.146,-2.980,5.698,0,53.146,1.700,0.300,0.450,0.317,0.972,127,127,1,1,127,,1616,visual,Data,TrackUpdate,0.10,1
42,19,0,161.723,0.400,2.913,0.906,0.938,0.0,0.0,53.146,-2.954,5.701,0,53.146,1.700,0.300,0.450,0.318,0.973,127,127,1,1,127,,1617,visual,Data,TrackUpdate,0.10,1
42,19,0,161.857,0.534,2.970,0.883,0.926,0.0,0.0,53.146,-3.061,6.045,0,53.146,1.700,0.300,0.450,0.318,0.949,1,1,1,1,126,,1618,visual,Data,TrackUpdate,0.10,1
42,19,0,161.923,0.600,3.055,0.922,0.952,0.0,0.0,53.146,-3.042,6.104,0,53.146,1.700,0.300,0.450,0.319,0.945,1,1,1,1,126,,1619,visual,Data,TrackUpdate,0.10,1
42,19,0,162.123,0.800,3.288,0.965,0.980,0.0,0.0,42.554,-2.932,6.354,0,42.554,1.700,0.300,0.450,0.328,0.931,1,1,1,1,126,,1621,visual,Data,TrackUpdate,0.10,1
42,19,0,162.257,0.934,3.329,0.953,0.975,0.0,0.0,42.554,-2.846,6.411,0,42.554,1.700,0.300,0.450,0.333,0.929,1,1,1,1,126,,1622,visual,Data,TrackUpdate,0.10,1
42,19,0,162.323,1.000,3.408,0.987,0.993,0.0,0.0,42.554,-2.771,6.524,0,42.554,1.700,0.300,0.450,0.338,0.922,1,1,1,1,126,,1623,visual,Data,TrackUpdate,0.10,1
42,19,0,162.457,1.134,3.356,0.964,0.983,0.0,0.0,42.554,-2.737,6.672,0,42.554,1.700,0.300,0.450,0.342,0.914,1,1,1,1,126,,1624,visual,Data,TrackUpdate,0.10,1
42,19,0,162.523,1.200,3.406,0.817,0.914,0.0,0.0,40.063,-2.698,6.745,0,40.063,1.700,0.300,0.450,0.345,0.910,1,1,1,1,126,,1625,visual,Data,TrackUpdate,0.10,1
42,19,0,162.57,0.734,3.290,0.877,0.928,0.0,0.0,42.554,-2.975,6.292,0,42.554,1.700,0.300,0.450,0.326,0.934,1,1,1,1,126,,1620,visual,Data,TrackUpdate,0.10,1
42,19,0,162.657,1.334,3.433,0.984,0.993,0.0,0.0,40.063,-2.647,6.763,0,40.063,1.700,0.300,0.450,0.347,0.910,1,1,1,1,126,,1626,visual,Data,TrackUpdate,0.10,1
42,19,0,162.723,1.400,3.413,0.972,0.988,0.0,0.0,40.063,-2.623,6.778,0,40.063,1.700,0.300,0.450,0.348,0.909,1,1,1,1,126,,1627,visual,Data,TrackUpdate,0.10,1
42,19,0,162.857,1.534,3.281,0.990,0.996,0.0,0.0,40.063,-2.514,6.882,0,40.063,1.700,0.300,0.450,0.355,0.905,1,1,1,1,126,,1628,visual,Data,TrackUpdate,0.10,1
42,19,0,162.923,1.600,3.358,0.975,0.990,0.0,0.0,40.063,-2.490,6.905,0,40.063,1.700,0.300,0.450,0.357,0.903,1,1,1,1,126,,1629,visual,Data,TrackUpdate,0.10,1
42,19,0,163.123,1.800,3.280,0.807,0.931,0.0,0.0,40.063,-2.328,7.025,0,40.063,1.700,0.300,0.450,0.366,0.898,1,1,1,1,126,,1631,visual,Data,TrackUpdate,0.10,1
42,19,0,163.257,1.934,3.308,0.992,0.997,0.0,0.0,43.471,-2.233,7.076,0,43.471,1.700,0.300,0.450,0.371,0.896,1,1,1,1,126,,1632,visual,Data,TrackUpdate,0.10,1
42,19,0,163.323,2.000,3.373,0.993,0.998,0.0,0.0,43.471,-2.199,7.109,0,43.471,1.700,0.300,0.450,0.372,0.895,1,1,1,1,126,,1633,visual,Data,TrackUpdate,0.10,1
42,19,0,163.458,2.135,3.267,0.993,0.998,0.0,0.0,43.471,-2.148,7.153,0,43.471,1.700,0.300,0.450,0.376,0.893,1,1,1,1,126,,1634,visual,Data,TrackUpdate,0.10,1
42,19,0,163.523,2.200,3.353,0.992,0.998,0.0,0.0,43.471,-2.089,7.204,0,43.471,1.700,0.300,0.450,0.379,0.891,1,1,1,1,126,,1635,visual,Data,TrackUpdate,0.10,1
42,19,0,163.59,1.736,3.230,0.980,0.993,0.0,0.0,40.063,-2.386,7.018,0,40.063,1.700,0.300,0.450,0.363,0.897,1,1,1,1,126,,1630,visual,Data,TrackUpdate,0.10,1
42,19,0,163.657,2.334,3.467,0.993,0.998,0.0,0.0,43.471,-1.957,7.401,0,43.471,1.700,0.300,0.450,0.387,0.880,1,1,1,1,126,,1636,visual,Data,TrackUpdate,0.10,1
42,19,0,163.723,2.400,3.396,0.989,0.997,0.0,0.0,44.416,-1.954,7.426,0,44.416,1.700,0.300,0.450,0.387,0.879,1,1,1,1,126,,1637,visual,Data,TrackUpdate,0.10,1
42,19,0,163.857,2.534,3.606,0.979,0.995,0.0,0.0,44.416,-1.897,7.501,0,44.416,1.700,0.300,0.450,0.391,0.875,1,1,1,1,126,,1638,visual,Data,TrackUpdate,0.10,1
42,19,0,163.923,2.600,3.399,0.740,0.938,0.0,0.0,44.416,-1.865,7.577,0,44.416,1.700,0.300,0.450,0.393,0.870,1,1,1,1,126,,1639,visual,Data,TrackUpdate,0.10,1
42,19,0,164.0,2.677,3.029,0.904,0.978,0.0,0.0,44.416,-1.878,7.560,0,44.416,1.700,0.300,0.450,0.392,0.872,1,1,1,1,126,,1640,visual,Data,TrackUpdate,0.10,1
42,19,0,164.123,2.800,3.063,0.849,0.967,0.0,0.0,44.416,-1.790,7.670,0,44.416,1.700,0.300,0.450,0.397,0.867,1,1,1,1,126,,1641,visual,Data,TrackUpdate,0.10,1
42,19,0,164.257,2.934,3.079,0.849,0.969,0.0,0.0,44.416,-1.716,7.759,0,44.416,1.700,0.300,0.450,0.402,0.862,127,127,1,1,127,,1642,visual,Data,TrackUpdate,0.10,1
42,19,0,164.323,3.000,3.334,0.669,0.934,0.0,0.0,43.590,-1.590,7.887,0,43.590,1.700,0.300,0.450,0.408,0.856,1,1,1,1,126,,1643,visual,Data,TrackUpdate,0.10,1
42,19,0,164.457,3.134,3.382,0.979,0.996,0.0,0.0,43.590,-1.494,7.892,0,43.590,1.700,0.300,0.450,0.412,0.856,1,1,1,1,126,,1644,visual,Data,TrackUpdate,0.10,1
42,19,0,164.523,3.200,3.237,0.980,0.996,0.0,0.0,43.590,-1.486,7.869,0,43.590,1.700,0.300,0.450,0.413,0.858,1,1,1,1,126,,1645,visual,Data,TrackUpdate,0.10,1
42,19,0,164.660,3.337,3.277,0.991,0.999,0.0,0.0,43.590,-1.377,7.957,0,43.590,1.700,0.300,0.450,0.418,0.855,1,1,1,1,126,,1646,visual,Data,TrackUpdate,0.10,1
42,19,0,164.723,3.400,3.458,0.988,0.998,0.0,0.0,43.590,-1.290,8.057,0,43.590,1.700,0.300,0.450,0.423,0.849,1,1,1,1,126,,1647,visual,Data,TrackUpdate,0.10,1
42,19,0,164.857,3.534,3.317,0.991,0.999,0.0,0.0,43.590,-1.261,8.152,0,43.590,1.700,0.300,0.450,0.425,0.844,1,1,1,1,126,,1648,visual,Data,TrackUpdate,0.10,1
42,19,0,164.923,3.600,3.239,0.983,0.998,0.0,0.0,43.590,-1.248,8.161,0,43.590,1.700,0.300,0.450,0.426,0.844,1,1,1,1,126,,1649,visual,Data,TrackUpdate,0.10,1
42,19,0,165.125,3.802,3.360,0.869,0.984,0.0,0.0,44.303,-1.106,8.309,0,44.303,1.700,0.300,0.450,0.433,0.838,1,1,1,1,126,,1651,visual,Data,TrackUpdate,0.10,1
42,19,0,165.258,3.935,3.261,0.511,0.948,0.0,0.0,44.303,-1.096,8.328,0,44.303,1.700,0.300,0.450,0.433,0.836,1,1,1,1,126,,1652,visual,Data,TrackUpdate,0.10,1
42,19,0,165.323,4.000,3.373,0.966,0.997,0.0,0.0,44.303,-0.985,8.410,0,44.303,1.700,0.300,0.450,0.439,0.833,1,1,1,1,126,,1653,visual,Data,TrackUpdate,0.10,1
42,19,0,165.457,4.134,3.187,0.586,0.964,0.0,0.0,44.303,-0.893,8.515,0,44.303,1.700,0.300,0.450,0.443,0.829,1,1,1,1,126,,1654,visual,Data,TrackUpdate,0.10,1
42,19,0,165.523,4.200,3.154,0.723,0.978,0.0,0.0,44.303,-0.873,8.505,0,44.303,1.700,0.300,0.450,0.444,0.830,1,1,1,1,126,,1655,visual,Data,TrackUpdate,0.10,1
42,19,0,165.57,3.734,3.399,0.971,0.996,0.0,0.0,44.303,-1.115,8.279,0,44.303,1.700,0.300,0.450,0.432,0.840,1,1,1,1,126,,1650,visual,Data,TrackUpdate,0.10,1
42,19,0,165.657,4.334,3.374,0.991,0.999,0.0,0.0,44.988,-0.709,8.630,0,44.988,1.700,0.300,0.450,0.452,0.824,1,1,1,1,126,,1656,visual,Data,TrackUpdate,0.10,1
42,19,0,165.723,4.400,3.278,0.989,0.999,0.0,0.0,44.988,-0.692,8.647,0,44.988,1.700,0.300,0.450,0.453,0.823,1,1,1,1,126,,1657,visual,Data,TrackUpdate,0.10,1
42,19,0,165.857,4.534,3.520,0.871,0.994,0.0,0.0,44.988,-0.606,8.757,0,44.988,1.700,0.300,0.450,0.457,0.819,1,1,1,1,126,,1658,visual,Data,TrackUpdate,0.10,1
42,19,0,165.923,4.600,3.434,0.966,0.999,0.0,0.0,44.988,-0.561,8.793,0,44.988,1.700,0.300,0.450,0.459,0.817,1,1,1,1,126,,1659,visual,Data,TrackUpdate,0.10,1
42,19,0,166.123,4.800,3.412,0.934,0.999,0.0,0.0,44.988,-0.432,8.887,0,44.988,1.700,0.300,0.450,0.466,0.813,1,1,1,1,126,,1661,visual,Data,TrackUpdate,0.10,1
42,19,0,166.257,4.934,3.403,0.952,1.000,0.0,0.0,45.524,-0.293,9.025,0,45.524,1.700,0.300,0.450,0.471,0.807,1,1,1,1,126,,1662,visual,Data,TrackUpdate,0.10,1
42,19,0,166.323,5.000,3.293,0.949,1.000,0.0,0.0,45.524,-0.295,9.036,0,45.524,1.700,0.300,0.450,0.471,0.806,1,1,1,1,126,,1663,visual,Data,TrackUpdate,0.10,1
42,19,0,166.457,5.134,3.420,0.927,1.000,0.0,0.0,45.524,-0.210,9.163,0,45.524,1.700,0.300,0.450,0.476,0.801,1,1,1,1,126,,1664,visual,Data,TrackUpdate,0.10,1
42,19,0,166.523,5.200,3.470,0.982,1.000,0.0,0.0,45.524,-0.164,9.223,0,45.524,1.700,0.300,0.450,0.478,0.798,1,1,1,1,126,,1665,visual,Data,TrackUpdate,0.10,1
42,19,0,166.57,4.734,3.345,0.965,0.999,0.0,0.0,44.988,-0.500,8.835,0,44.988,1.700,0.300,0.450,0.462,0.816,1,1,1,1,126,,1660,visual,Data,TrackUpdate,0.10,1
42,19,0,166.657,5.334,3.221,0.989,1.000,0.0,0.0,45.524,-0.098,9.291,0,45.524,1.700,0.300,0.450,0.481,0.795,1,1,1,1,126,,1666,visual,Data,TrackUpdate,0.10,1
42,19,0,166.725,5.402,3.277,0.987,1.000,0.0,0.0,45.524,-0.066,9.316,0,45.524,1.700,0.300,0.450,0.482,0.794,1,1,1,1,126,,1667,visual,Data,TrackUpdate,0.10,1
42,19,0,166.857,5.534,3.385,0.985,1.000,0.0,0.0,44.913,0.020,9.398,0,44.913,1.700,0.300,0.450,0.486,0.791,1,1,1,1,126,,1668,visual,Data,TrackUpdate,0.10,1
42,19,0,166.923,5.600,3.186,0.931,1.000,0.0,0.0,44.913,0.049,9.413,0,44.913,1.700,0.300,0.450,0.487,0.791,1,1,1,1,126,,1669,visual,Data,TrackUpdate,0.10,1
42,19,0,167.123,5.800,3.614,0.770,1.000,0.0,0.0,44.913,0.209,9.634,0,44.913,1.700,0.300,0.450,0.494,0.781,1,1,1,1,126,,1671,visual,Data,TrackUpdate,0.10,1
42,19,0,167.257,5.934,3.344,0.999,1.000,0.0,0.0,43.795,0.279,9.748,0,43.795,1.700,0.300,0.450,0.497,0.777,1,1,1,1,126,,1672,visual,Data,TrackUpdate,0.10,1
42,19,0,167.323,6.000,3.556,0.997,1.000,0.0,0.0,43.795,0.338,9.852,0,43.795,1.700,0.300,0.450,0.499,0.772,1,1,1,1,126,,1673,visual,Data,TrackUpdate,0.10,1
42,19,0,167.457,6.134,3.544,0.997,1.000,0.0,0.0,43.795,0.402,9.943,0,43.795,1.700,0.300,0.450,0.502,0.769,1,1,1,1,126,,1674,visual,Data,TrackUpdate,0.10,1
42,19,0,167.523,6.200,3.515,0.986,1.000,0.0,0.0,43.795,0.431,9.980,0,43.795,1.700,0.300,0.450,0.504,0.768,1,1,1,1,126,,1675,visual,Data,TrackUpdate,0.10,1
42,19,0,167.57,5.734,3.807,0.754,1.000,0.0,0.0,44.913,0.180,9.570,0,44.913,1.700,0.300,0.450,0.493,0.784,1,1,1,1,126,,1670,visual,Data,TrackUpdate,0.10,1
42,19,0,167.657,6.334,3.555,0.978,1.000,0.0,0.0,43.795,0.529,10.087,0,43.795,1.700,0.300,0.450,0.508,0.763,1,1,1,1,126,,1676,visual,Data,TrackUpdate,0.10,1
42,19,0,167.723,6.400,3.559,0.959,1.000,0.0,0.0,43.795,0.574,10.124,0,43.795,1.700,0.300,0.450,0.509,0.761,1,1,1,1,126,,1677,visual,Data,TrackUpdate,0.10,1
42,19,0,167.857,6.534,3.460,0.972,1.000,0.0,0.0,43.888,0.680,10.154,0,43.888,1.700,0.300,0.450,0.514,0.761,1,1,1,1,126,,1678,visual,Data,TrackUpdate,0.10,1
42,19,0,167.923,6.600,3.297,0.992,1.000,0.0,0.0,43.888,0.697,10.126,0,43.888,1.700,0.300,0.450,0.515,0.762,1,1,1,1,126,,1679,visual,Data,TrackUpdate,0.10,1
42,19,0,168.0,6.677,3.328,0.994,1.000,0.0,0.0,43.888,0.716,10.129,0,43.888,1.700,0.300,0.450,0.515,0.762,1,1,1,1,126,,1680,visual,Data,TrackUpdate,0.10,1
42,19,0,168.125,6.802,3.247,0.968,1.000,0.0,0.0,43.888,0.831,10.219,0,43.888,1.700,0.300,0.450,0.519,0.758,1,1,1,1,126,,1681,visual,Data,TrackUpdate,0.10,1
42,19,0,168.257,6.934,3.280,0.964,1.000,0.0,0.0,43.888,0.890,10.312,0,43.888,1.700,0.300,0.450,0.522,0.756,1,1,1,1,126,,1682,visual,Data,TrackUpdate,0.10,1
42,19,0,168.323,7.000,3.215,0.971,1.000,0.0,0.0,43.888,0.921,10.378,0,43.888,1.700,0.300,0.450,0.523,0.753,1,1,1,1,126,,1683,visual,Data,TrackUpdate,0.10,1
42,19,0,168.457,7.134,3.403,0.992,1.000,0.0,0.0,43.341,1.040,10.583,0,43.341,1.700,0.300,0.450,0.528,0.744,1,1,1,1,126,,1684,visual,Data,TrackUpdate,0.10,1
42,19,0,168.523,7.200,3.538,0.899,1.000,0.0,0.0,43.341,1.061,10.669,0,43.341,1.700,0.300,0.450,0.528,0.742,1,1,1,1,126,,1685,visual,Data,TrackUpdate,0.10,1
42,19,0,168.657,7.334,3.425,0.974,1.000,0.0,0.0,43.341,1.105,10.721,0,43.341,1.700,0.300,0.450,0.530,0.740,1,1,1,1,126,,1686,visual,Data,TrackUpdate,0.10,1
42,19,0,168.723,7.400,3.512,0.942,1.000,0.0,0.0,43.341,1.163,10.800,0,43.341,1.700,0.300,0.450,0.532,0.737,1,1,1,1,126,,1687,visual,Data,TrackUpdate,0.10,1
42,19,0,168.857,7.534,3.395,0.953,1.000,0.0,0.0,43.341,1.219,10.792,0,43.341,1.700,0.300,0.450,0.534,0.737,1,1,1,1,126,,1688,visual,Data,TrackUpdate,0.10,1
42,19,0,168.923,7.600,3.345,0.695,1.000,0.0,0.0,43.341,1.274,10.862,0,43.341,1.700,0.300,0.450,0.536,0.734,1,1,1,1,126,,1689,visual,Data,TrackUpdate,0.10,1
42,19,0,169.124,7.801,3.186,0.911,1.000,0.0,0.0,43.532,1.411,10.914,0,43.532,1.700,0.300,0.450,0.541,0.733,1,1,1,1,126,,1691,visual,Data,TrackUpdate,0.10,1
42,19,0,169.257,7.934,3.520,0.963,1.000,0.0,0.0,43.532,1.646,11.131,0,43.532,1.700,0.300,0.450,0.549,0.726,1,1,1,1,126,,1692,visual,Data,TrackUpdate,0.10,1
42,19,0,169.323,8.000,3.418,0.942,1.000,0.0,0.0,43.532,1.685,11.175,0,43.532,1.700,0.300,0.450,0.551,0.724,1,1,1,1,126,,1693,visual,Data,TrackUpdate,0.10,1
42,19,0,169.457,8.134,3.404,0.947,1.000,0.0,0.0,43.532,1.777,11.218,0,43.532,1.700,0.300,0.450,0.554,0.723,1,1,1,1,126,,1694,visual,Data,TrackUpdate,0.10,1
42,19,0,169.523,8.200,3.321,0.966,1.000,0.0,0.0,43.532,1.778,11.211,0,43.532,1.700,0.300,0.450,0.554,0.723,1,1,1,1,126,,1695,visual,Data,TrackUpdate,0.10,1
42,19,0,169.60,7.737,3.325,0.970,1.000,0.0,0.0,43.532,1.402,10.938,0,43.532,1.700,0.300,0.450,0.541,0.732,1,1,1,1,126,,1690,visual,Data,TrackUpdate,0.10,1
42,19,0,169.657,8.334,3.143,0.974,1.000,0.0,0.0,44.196,1.818,11.231,0,44.196,1.700,0.300,0.450,0.555,0.722,1,1,1,1,126,,1696,visual,Data,TrackUpdate,0.10,1
42,19,0,169.723,8.400,3.130,0.949,1.000,0.0,0.0,44.196,1.857,11.262,0,44.196,1.700,0.300,0.450,0.557,0.721,1,1,1,1,126,,1697,visual,Data,TrackUpdate,0.10,1
42,19,0,169.857,8.534,3.059,0.889,1.000,0.0,0.0,44.196,1.884,11.314,0,44.196,1.700,0.300,0.450,0.558,0.719,1,1,1,1,126,,1698,visual,Data,TrackUpdate,0.10,1
42,19,0,169.923,8.600,3.127,0.815,1.000,0.0,0.0,44.196,1.907,11.340,0,44.196,1.700,0.300,0.450,0.558,0.719,1,1,1,1,126,,1699,visual,Data,TrackUpdate,0.10,1
8,2,5,17.524,0.000,11.715,0.947,0.956,0.0,0.0,42.963,3.209,10.301,0,42.963,1.500,5.000,2.000,0.610,0.765,1,1,1,1,126,,175,visual,Data,TrackUpdate,0.10,1
8,2,5,17.657,0.133,11.828,0.990,0.992,0.0,0.0,42.963,3.539,10.621,0,42.963,1.500,5.000,2.000,0.620,0.752,1,1,1,1,126,,176,visual,Data,TrackUpdate,0.10,1
8,2,5,17.723,0.199,11.399,0.981,0.986,0.0,0.0,42.467,3.627,10.735,0,42.467,1.500,5.000,2.000,0.622,0.747,1,1,1,1,126,,177,visual,Data,TrackUpdate,0.10,1
8,2,5,17.857,0.333,11.449,0.963,0.974,0.0,0.0,42.467,3.952,11.049,0,42.467,1.500,5.000,2.000,0.632,0.737,1,1,1,1,126,,178,visual,Data,TrackUpdate,0.10,1
8,2,5,17.923,0.399,11.398,0.963,0.975,0.0,0.0,41.860,4.064,11.230,0,41.860,1.500,5.000,2.000,0.634,0.730,1,1,1,1,126,,179,visual,Data,TrackUpdate,0.10,1
42,19,0,170.123,8.800,2.887,0.685,1.000,0.0,0.0,44.196,1.955,11.349,0,44.196,1.700,0.300,0.450,0.560,0.719,1,1,1,1,126,,1701,visual,Data,TrackUpdate,0.10,1
42,19,0,170.257,8.934,3.124,0.778,1.000,0.0,0.0,44.196,2.140,11.501,0,44.196,1.700,0.300,0.450,0.566,0.714,1,1,1,1,126,,1702,visual,Data,TrackUpdate,0.10,1
42,19,0,170.323,9.000,3.149,0.608,1.000,0.0,0.0,44.467,2.179,11.573,0,44.467,1.700,0.300,0.450,0.567,0.711,1,1,1,1,126,,1703,visual,Data,TrackUpdate,0.10,1
42,19,0,170.457,9.134,2.706,0.688,1.000,0.0,0.0,44.467,2.163,11.563,0,44.467,1.700,0.300,0.450,0.567,0.711,1,1,1,1,126,,1704,visual,Data,TrackUpdate,0.10,1
42,19,0,170.523,9.200,2.663,0.688,1.000,0.0,0.0,44.467,2.196,11.593,0,44.467,1.700,0.300,0.450,0.568,0.711,127,127,1,1,127,,1705,visual,Data,TrackUpdate,0.10,1
42,19,0,170.57,8.734,3.213,0.978,1.000,0.0,0.0,44.196,2.014,11.424,0,44.196,1.700,0.300,0.450,0.561,0.716,1,1,1,1,126,,1700,visual,Data,TrackUpdate,0.10,1
42,19,0,170.657,9.334,3.224,0.869,1.000,0.0,0.0,44.467,2.447,11.878,0,44.467,1.700,0.300,0.450,0.576,0.702,1,1,1,1,126,,1706,visual,Data,TrackUpdate,0.10,1
42,19,0,170.723,9.400,3.075,0.945,1.000,0.0,0.0,44.467,2.433,11.914,0,44.467,1.700,0.300,0.450,0.575,0.701,1,1,1,1,126,,1707,visual,Data,TrackUpdate,0.10,1
42,19,0,170.857,9.534,3.210,0.854,1.000,0.0,0.0,43.666,2.478,12.033,0,43.666,1.700,0.300,0.450,0.576,0.696,1,1,1,1,126,,1708,visual,Data,TrackUpdate,0.10,1
42,19,0,170.923,9.600,3.071,0.895,1.000,0.0,0.0,43.666,2.476,12.047,0,43.666,1.700,0.300,0.450,0.576,0.696,1,1,1,1,126,,1709,visual,Data,TrackUpdate,0.10,1
42,19,0,171.123,9.800,2.897,0.435,1.000,0.0,0.0,43.666,2.508,12.079,0,43.666,1.700,0.300,0.450,0.577,0.694,127,127,1,1,127,,1711,visual,Data,TrackUpdate,0.10,1
42,19,0,171.257,9.934,2.847,0.906,1.000,0.0,0.0,43.666,2.649,12.342,0,43.666,1.700,0.300,0.450,0.581,0.686,1,1,1,1,126,,1712,visual,Data,TrackUpdate,0.10,1
42,19,0,171.323,10.000,2.885,0.961,1.000,0.0,0.0,43.666,2.684,12.420,0,43.666,1.700,0.300,0.450,0.582,0.684,1,1,1,1,126,,1713,visual,Data,TrackUpdate,0.10,1
42,19,0,171.457,10.134,2.806,0.938,1.000,0.0,0.0,42.592,2.690,12.485,0,42.592,1.700,0.300,0.450,0.582,0.682,1,1,1,1,126,,1714,visual,Data,TrackUpdate,0.10,1
42,19,0,171.523,10.200,2.723,0.814,1.000,0.0,0.0,42.592,2.665,12.444,0,42.592,1.700,0.300,0.450,0.581,0.683,1,1,1,1,126,,1715,visual,Data,TrackUpdate,0.10,1
42,19,0,171.57,9.734,2.789,0.435,1.000,0.0,0.0,43.666,2.479,12.037,0,43.666,1.700,0.300,0.450,0.576,0.696,127,127,1,1,127,,1710,visual,Data,TrackUpdate,0.10,1
42,19,0,171.656,10.333,2.962,0.826,1.000,0.0,0.0,42.592,2.741,12.594,0,42.592,1.700,0.300,0.450,0.583,0.679,1,1,1,1,126,,1716,visual,Data,TrackUpdate,0.10,1
42,19,0,171.723,10.400,3.052,0.974,1.000,0.0,0.0,42.592,2.790,12.676,0,42.592,1.700,0.300,0.450,0.584,0.676,1,1,1,1,126,,1717,visual,Data,TrackUpdate,0.10,1
42,19,0,171.858,10.535,3.070,0.985,1.000,0.0,0.0,42.592,2.846,12.734,0,42.592,1.700,0.300,0.450,0.586,0.675,1,1,1,1,126,,1718,visual,Data,TrackUpdate,0.10,1
42,19,0,171.923,10.600,3.046,0.964,1.000,0.0,0.0,42.592,2.863,12.740,0,42.592,1.700,0.300,0.450,0.586,0.675,1,1,1,1,126,,1719,visual,Data,TrackUpdate,0.10,1
42,19,0,172.0,10.677,2.928,0.990,1.000,0.0,0.0,42.592,2.908,12.828,0,42.592,1.700,0.300,0.450,0.587,0.672,1,1,1,1,126,,1720,visual,Data,TrackUpdate,0.10,1
42,19,0,172.123,10.800,3.267,0.986,1.000,0.0,0.0,42.592,2.955,12.882,0,42.592,1.700,0.300,0.450,0.589,0.670,1,1,1,1,126,,1721,visual,Data,TrackUpdate,0.10,1
42,19,0,172.257,10.934,3.221,0.683,1.000,0.0,0.0,42.269,3.087,13.038,0,42.269,1.700,0.300,0.450,0.592,0.666,1,1,1,1,126,,1722,visual,Data,TrackUpdate,0.10,1
42,19,0,172.323,11.000,3.364,0.816,1.000,0.0,0.0,42.269,3.150,13.169,0,42.269,1.700,0.300,0.450,0.594,0.662,1,1,1,1,126,,1723,visual,Data,TrackUpdate,0.10,1
42,19,0,172.457,11.134,3.320,0.448,1.000,0.0,0.0,42.269,3.155,13.110,0,42.269,1.700,0.300,0.450,0.594,0.664,1,1,1,1,126,,1724,visual,Data,TrackUpdate,0.10,1
42,19,0,172.523,11.200,3.365,0.448,1.000,0.0,0.0,42.269,3.197,13.164,0,42.269,1.700,0.300,0.450,0.595,0.662,127,127,1,1,127,,1725,visual,Data,TrackUpdate,0.10,1
42,19,0,172.658,11.335,2.892,0.448,1.000,0.0,0.0,42.269,3.270,13.257,0,42.269,1.700,0.300,0.450,0.597,0.660,127,127,1,1,127,,1726,visual,Data,TrackUpdate,0.10,2
44,20,0,172.658,0.000,3.465,0.980,0.985,0.0,0.0,249.132,3.889,12.479,0,249.132,1.700,0.300,0.450,0.620,0.686,1,1,1,1,126,,1726,visual,Data,TrackUpdate,0.10,2
42,19,0,172.723,11.400,2.891,0.403,1.000,0.0,0.0,42.269,3.302,13.298,0,42.269,1.700,0.300,0.450,0.598,0.658,127,127,1,1,127,,1727,visual,Data,TrackUpdate,0.10,2
44,20,0,172.723,0.065,3.541,0.996,0.997,0.0,0.0,249.132,3.804,12.431,0,249.132,1.700,0.300,0.450,0.618,0.687,1,1,1,1,126,,1727,visual,Data,TrackUpdate,0.10,2
42,19,0,172.857,11.534,2.882,0.327,1.000,0.0,0.0,42.269,3.370,13.382,0,42.269,1.700,0.300,0.450,0.599,0.656,127,127,1,1,127,,1728,visual,Data,TrackUpdate,0.10,2
44,20,0,172.857,0.199,3.743,0.997,0.998,0.0,0.0,249.132,3.676,12.187,0,249.132,1.700,0.300,0.450,0.616,0.695,1,1,1,1,126,,1728,visual,Data,TrackUpdate,0.10,2
42,19,0,172.923,11.600,2.900,0.294,1.000,0.0,0.0,42.133,3.403,13.424,0,42.133,1.700,0.300,0.450,0.601,0.656,127,127,1,1,127,,1729,visual,Data,TrackUpdate,0.10,2
44,20,0,172.923,0.265,3.585,0.986,0.990,0.0,0.0,249.132,3.640,12.247,0,249.132,1.700,0.300,0.450,0.614,0.694,1,1,1,1,126,,1729,visual,Data,TrackUpdate,0.10,2
42,19,0,173.123,11.800,3.191,0.214,1.000,0.0,0.0,42.133,3.507,13.553,0,42.133,1.700,0.300,0.450,0.603,0.652,127,127,1,1,127,,1731,visual,Data,TrackUpdate,0.10,2
44,20,0,173.123,0.465,3.346,0.989,0.993,0.0,0.0,249.132,3.556,12.223,0,249.132,1.700,0.300,0.450,0.611,0.694,1,1,1,1,126,,1731,visual,Data,TrackUpdate,0.10,2
42,19,0,173.257,11.934,3.174,0.174,1.000,0.0,0.0,42.133,3.583,13.645,0,42.133,1.700,0.300,0.450,0.605,0.649,127,127,1,1,127,,1732,visual,Data,TrackUpdate,0.10,2
44,20,0,173.257,0.599,3.345,0.993,0.996,0.0,0.0,249.132,3.451,12.141,0,249.132,1.700,0.300,0.450,0.608,0.696,1,1,1,1,126,,1732,visual,Data,TrackUpdate,0.10,2
42,19,0,173.325,12.002,2.894,0.156,1.000,0.0,0.0,42.133,3.621,13.691,0,42.133,1.700,0.300,0.450,0.606,0.648,127,127,1,1,127,,1733,visual,Data,TrackUpdate,0.10,2
44,20,0,173.325,0.667,3.648,0.980,0.988,0.0,0.0,249.132,3.205,12.173,0,249.132,1.700,0.300,0.450,0.600,0.694,1,1,1,1,126,,1733,visual,Data,TrackUpdate,0.10,2
42,19,0,173.457,12.134,3.190,0.419,1.000,0.0,0.0,41.909,3.770,13.831,0,41.909,1.700,0.300,0.450,0.609,0.644,1,1,1,1,126,,1734,visual,Data,TrackUpdate,0.10,2
44,20,0,173.457,0.799,3.643,0.982,0.990,0.0,0.0,249.132,3.138,12.017,0,249.132,1.700,0.300,0.450,0.598,0.700,1,1,1,1,126,,1734,visual,Data,TrackUpdate,0.10,2
42,19,0,173.524,12.201,3.121,0.689,1.000,0.0,0.0,41.909,3.802,13.873,0,41.909,1.700,0.300,0.450,0.610,0.644,1,1,1,1,126,,1735,visual,Data,TrackUpdate,0.10,2
44,20,0,173.524,0.866,3.682,0.916,0.953,0.0,0.0,249.132,3.050,11.978,0,249.132,1.700,0.300,0.450,0.596,0.701,1,1,1,1,126,,1735,visual,Data,TrackUpdate,0.10,2
42,19,0,173.56,11.733,3.167,0.238,1.000,0.0,0.0,42.133,3.470,13.507,0,42.133,1.700,0.300,0.450,0.602,0.653,127,127,1,1,127,,1730,visual,Data,TrackUpdate,0.10,2
44,20,0,173.56,0.398,3.444,0.970,0.980,0.0,0.0,249.132,3.574,12.232,0,249.132,1.700,0.300,0.450,0.611,0.694,1,1,1,1,126,,1730,visual,Data,TrackUpdate,0.10,2
42,19,0,173.657,12.334,3.220,0.440,1.000,0.0,0.0,41.909,3.928,13.958,0,41.909,1.700,0.300,0.450,0.614,0.642,1,1,1,1,126,,1736,visual,Data,TrackUpdate,0.10,2
44,20,0,173.657,0.999,3.981,0.984,0.992,0.0,0.0,249.132,2.765,11.829,0,249.132,1.700,0.300,0.450,0.587,0.705,1,1,1,1,126,,1736,visual,Data,TrackUpdate,0.10,2
42,19,0,173.724,12.401,3.514,0.851,1.000,0.0,0.0,41.909,4.031,14.132,0,41.909,1.700,0.300,0.450,0.616,0.637,1,1,1,1,126,,1737,visual,Data,TrackUpdate,0.10,2
44,20,0,173.724,1.066,4.214,0.994,0.997,0.0,0.0,249.132,2.591,11.672,0,249.132,1.700,0.300,0.450,0.581,0.709,1,1,1,1,126,,1737,visual,Data,TrackUpdate,0.10,2
42,19,0,173.857,12.534,3.128,0.333,1.000,0.0,0.0,41.909,4.000,14.107,0,41.909,1.700,0.300,0.450,0.615,0.638,1,1,1,1,126,,1738,visual,Data,TrackUpdate,0.10,2
44,20,0,173.857,1.199,4.455,0.997,0.999,0.0,0.0,239.383,2.557,11.602,0,239.383,1.700,0.300,0.450,0.580,0.712,1,1,1,1,126,,1738,visual,Data,TrackUpdate,0.10,2
42,19,0,173.923,12.600,3.209,0.696,1.000,0.0,0.0,41.909,4.029,14.134,0,41.909,1.700,0.300,0.450,0.616,0.637,1,1,1,1,126,,1739,visual,Data,TrackUpdate,0.10,2
44,20,0,173.923,1.265,4.606,0.991,0.996,0.0,0.0,239.383,2.481,11.528,0,239.383,1.700,0.300,0.450,0.578,0.715,1,1,1,1,126,,1739,visual,Data,TrackUpdate,0.10,2
42,19,0,174.123,12.800,3.202,0.522,1.000,0.0,0.0,41.861,4.124,14.253,0,41.861,1.700,0.300,0.450,0.618,0.634,1,1,1,1,126,,1741,visual,Data,TrackUpdate,0.10,2
44,20,0,174.123,1.465,4.787,0.994,0.998,0.0,0.0,239.383,2.321,11.366,0,239.383,1.700,0.300,0.450,0.573,0.720,1,1,1,1,126,,1741,visual,Data,TrackUpdate,0.10,2
42,19,0,174.257,12.934,3.349,0.522,1.000,0.0,0.0,41.861,4.203,14.346,0,41.861,1.700,0.300,0.450,0.620,0.632,127,127,1,1,127,,1742,visual,Data,TrackUpdate,0.10,2
44,20,0,174.257,1.599,4.712,0.993,0.997,0.0,0.0,236.880,2.185,11.229,0,236.880,1.700,0.300,0.450,0.569,0.724,1,1,1,1,126,,1742,visual,Data,TrackUpdate,0.10,2
42,19,0,174.323,13.000,3.141,0.522,1.000,0.0,0.0,41.861,4.242,14.392,0,41.861,1.700,0.300,0.450,0.620,0.631,127,127,1,1,127,,1743,visual,Data,TrackUpdate,0.10,2
44,20,0,174.323,1.665,4.580,0.964,0.987,0.0,0.0,236.880,2.149,11.196,0,236.880,1.700,0.300,0.450,0.568,0.725,1,1,1,1,126,,1743,visual,Data,TrackUpdate,0.10,2
42,19,0,174.457,13.134,3.858,0.763,1.000,0.0,0.0,42.270,4.468,14.707,0,42.270,1.700,0.300,0.450,0.626,0.624,1,1,1,1,126,,1744,visual,Data,TrackUpdate,0.10,2
44,20,0,174.457,1.799,4.959,0.991,0.997,0.0,0.0,236.880,1.969,10.999,0,236.880,1.700,0.300,0.450,0.561,0.732,1,1,1,1,126,,1744,visual,Data,TrackUpdate,0.10,2
42,19,0,174.523,13.200,3.776,0.763,1.000,0.0,0.0,42.270,4.523,14.780,0,42.270,1.700,0.300,0.450,0.627,0.623,127,127,1,1,127,,1745,visual,Data,TrackUpdate,0.10,3
44,20,0,174.523,1.865,4.912,0.985,0.995,0.0,0.0,236.880,1.926,10.977,0,236.880,1.700,0.300,0.450,0.560,0.732,1,1,1,1,126,,1745,visual,Data,TrackUpdate,0.10,3
46,21,0,174.523,0.000,2.321,0.994,0.994,0.0,0.0,53.604,2.288,5.894,0,53.604,1.700,0.300,0.450,0.594,1.005,1,1,1,1,126,,1745,visual,Data,TrackUpdate,0.10,3
42,19,0,174.57,12.734,3.181,0.313,1.000,0.0,0.0,41.909,4.077,14.193,0,41.909,1.700,0.300,0.450,0.617,0.636,1,1,1,1,126,,1740,visual,Data,TrackUpdate,0.10,2
44,20,0,174.57,1.399,4.877,0.998,0.999,0.0,0.0,239.383,2.353,11.414,0,239.383,1.700,0.300,0.450,0.573,0.719,1,1,1,1,126,,1740,visual,Data,TrackUpdate,0.10,2
42,19,0,174.657,13.334,3.463,0.775,1.000,0.0,0.0,42.270,4.499,14.735,0,42.270,1.700,0.300,0.450,0.626,0.624,1,1,1,1,126,,1746,visual,Data,TrackUpdate,0.10,3
44,20,0,174.657,1.999,4.693,0.904,0.971,0.0,0.0,236.880,1.867,10.949,0,236.880,1.700,0.300,0.450,0.558,0.733,1,1,1,1,126,,1746,visual,Data,TrackUpdate,0.10,3
46,21,0,174.657,0.134,2.389,0.987,0.988,0.0,0.0,53.604,2.386,5.940,0,53.604,1.700,0.300,0.450,0.599,1.002,127,127,1,1,127,,1746,visual,Data,TrackUpdate,0.10,3
42,19,0,174.723,13.400,3.131,0.530,1.000,0.0,0.0,42.270,4.431,14.616,0,42.270,1.700,0.300,0.450,0.625,0.626,1,1,1,1,126,,1747,visual,Data,TrackUpdate,0.10,3
44,20,0,174.723,2.065,4.749,0.924,0.978,0.0,0.0,236.880,1.828,10.954,0,236.880,1.700,0.300,0.450,0.556,0.733,1,1,1,1,126,,1747,visual,Data,TrackUpdate,0.10,3
46,21,0,174.723,0.200,2.264,0.991,0.992,0.0,0.0,53.604,2.407,5.916,0,53.604,1.700,0.300,0.450,0.600,1.004,127,127,1,1,127,,1747,visual,Data,TrackUpdate,0.10,3
42,19,0,174.857,13.534,3.560,0.957,1.000,0.0,0.0,42.270,4.653,14.886,0,42.270,1.700,0.300,0.450,0.629,0.620,1,1,1,1,126,,1748,visual,Data,TrackUpdate,0.10,3
44,20,0,174.857,2.199,4.258,0.863,0.962,0.0,0.0,236.880,1.812,11.002,0,236.880,1.700,0.300,0.450,0.556,0.731,1,1,1,1,126,,1748,visual,Data,TrackUpdate,0.10,3
46,21,0,174.857,0.334,2.195,0.996,0.997,0.0,0.0,53.604,2.472,5.924,0,53.604,1.700,0.300,0.450,0.604,1.003,127,127,1,1,127,,1748,visual,Data,TrackUpdate,0.10,3
42,19,0,174.923,13.600,3.669,0.694,1.000,0.0,0.0,42.270,4.736,14.964,0,42.270,1.700,0.300,0.450,0.631,0.619,1,1,1,1,126,,1749,visual,Data,TrackUpdate,0.10,3
44,20,0,174.923,2.265,4.133,0.814,0.949,0.0,0.0,237.541,1.707,10.961,0,237.541,1.700,0.300,0.450,0.552,0.733,1,1,1,1,126,,1749,visual,Data,TrackUpdate,0.10,3
46,21,0,174.923,0.400,2.170,0.997,0.997,0.0,0.0,53.604,2.503,5.933,0,53.604,1.700,0.300,0.450,0.605,1.002,127,127,1,1,127,,1749,visual,Data,TrackUpdate,0.10,3
42,19,0,175.0,13.677,3.696,0.694,1.000,0.0,0.0,42.270,4.787,15.025,0,42.270,1.700,0.300,0.450,0.632,0.618,127,127,1,1,127,,1750,visual,Data,TrackUpdate,0.10,3
44,20,0,175.0,2.342,4.347,0.958,0.989,0.0,0.0,237.541,1.561,10.899,0,237.541,1.700,0.300,0.450,0.546,0.735,1,1,1,1,126,,1750,visual,Data,TrackUpdate,0.10,3
46,21,0,175.0,0.477,2.184,0.997,0.997,0.0,0.0,53.604,2.548,5.959,0,53.604,1.700,0.300,0.450,0.607,1.000,127,127,1,1,127,,1750,visual,Data,TrackUpdate,0.10,3
42,19,0,175.123,13.800,3.745,0.694,1.000,0.0,0.0,42.331,4.867,15.122,0,42.331,1.700,0.300,0.450,0.634,0.615,127,127,1,1,127,,1751,visual,Data,TrackUpdate,0.10,3
44,20,0,175.123,2.465,4.251,0.983,0.996,0.0,0.0,237.541,1.408,10.817,0,237.541,1.700,0.300,0.450,0.541,0.737,1,1,1,1,126,,1751,visual,Data,TrackUpdate,0.10,3
46,21,0,175.123,0.600,2.297,0.991,0.993,0.0,0.0,53.604,2.638,6.048,0,53.604,1.700,0.300,0.450,0.611,0.994,127,127,1,1,127,,1751,visual,Data,TrackUpdate,0.10,3
42,19,0,175.257,13.934,3.783,0.694,1.000,0.0,0.0,42.331,4.955,15.230,0,42.331,1.700,0.300,0.450,0.636,0.613,127,127,1,1,127,,1752,visual,Data,TrackUpdate,0.10,3
44,20,0,175.257,2.599,4.502,0.956,0.989,0.0,0.0,237.523,1.225,10.651,0,237.523,1.700,0.300,0.450,0.534,0.743,1,1,1,1,126,,1752,visual,Data,TrackUpdate,0.10,3
46,21,0,175.257,0.734,2.541,0.991,0.993,0.0,0.0,53.604,2.755,6.229,0,53.604,1.700,0.300,0.450,0.616,0.981,127,127,1,1,127,,1752,visual,Data,TrackUpdate,0.10,3
42,19,0,175.324,14.001,3.802,0.694,1.000,0.0,0.0,42.331,5.000,15.284,0,42.331,1.700,0.300,0.450,0.636,0.612,127,127,1,1,127,,1753,visual,Data,TrackUpdate,0.10,3
44,20,0,175.324,2.666,4.625,0.957,0.990,0.0,0.0,237.523,1.100,10.524,0,237.523,1.700,0.300,0.450,0.530,0.747,1,1,1,1,126,,1753,visual,Data,TrackUpdate,0.10,3
46,21,0,175.324,0.801,2.444,0.994,0.995,0.0,0.0,53.604,2.765,6.216,0,53.604,1.700,0.300,0.450,0.616,0.982,127,127,1,1,127,,1753,visual,Data,TrackUpdate,0.10,3
42,19,0,175.457,14.134,3.855,0.694,1.000,0.0,0.0,42.331,5.090,15.392,0,42.331,1.700,0.300,0.450,0.639,0.609,127,127,1,1,127,,1754,visual,Data,TrackUpdate,0.10,3
44,20,0,175.457,2.799,4.646,0.911,0.980,0.0,0.0,237.523,1.058,10.601,0,237.523,1.700,0.300,0.450,0.528,0.744,1,1,1,1,126,,1754,visual,Data,TrackUpdate,0.10,3
46,21,0,175.457,0.934,2.621,0.992,0.994,0.0,0.0,53.604,2.876,6.372,0,53.604,1.700,0.300,0.450,0.620,0.972,127,127,1,1,127,,1754,visual,Data,TrackUpdate,0.10,3
42,19,0,175.523,14.200,2.540,0.342,1.000,0.0,0.0,42.331,4.818,14.847,0,42.331,1.700,0.300,0.450,0.634,0.621,1,1,1,1,126,,1755,visual,Data,TrackUpdate,0.10,3
44,20,0,175.523,2.865,4.630,0.914,0.982,0.0,0.0,237.523,1.017,10.599,0,237.523,1.700,0.300,0.450,0.527,0.744,1,1,1,1,126,,1755,visual,Data,TrackUpdate,0.10,3
46,21,0,175.523,1.000,2.530,0.992,0.994,0.0,0.0,53.604,2.875,6.372,0,53.604,1.700,0.300,0.450,0.620,0.972,127,127,1,1,127,,1755,visual,Data,TrackUpdate,0.10,3
42,19,0,175.657,14.334,2.400,0.478,1.000,0.0,0.0,42.331,4.976,14.645,0,42.331,1.700,0.300,0.450,0.640,0.628,1,1,1,1,126,,1756,visual,Data,TrackUpdate,0.10,3
44,20,0,175.657,2.999,4.713,0.970,0.994,0.0,0.0,239.018,0.756,10.404,0,239.018,1.700,0.300,0.450,0.517,0.751,1,1,1,1,126,,1756,visual,Data,TrackUpdate,0.10,3
46,21,0,175.657,1.134,2.638,0.987,0.991,0.0,0.0,53.604,2.957,6.655,0,53.604,1.700,0.300,0.450,0.622,0.954,1,1,1,1,126,,1756,visual,Data,TrackUpdate,0.10,3
42,19,0,175.723,14.400,2.579,0.537,1.000,0.0,0.0,42.331,5.127,14.824,0,42.331,1.700,0.300,0.450,0.643,0.623,1,1,1,1,126,,1757,visual,Data,TrackUpdate,0.10,3
44,20,0,175.723,3.065,4.813,0.749,0.951,0.0,0.0,239.018,0.583,10.329,0,239.018,1.700,0.300,0.450,0.510,0.753,1,1,1,1,126,,1757,visual,Data,TrackUpdate,0.10,3
46,21,0,175.723,1.200,2.573,0.987,0.991,0.0,0.0,53.604,2.945,6.759,0,53.604,1.700,0.300,0.450,0.621,0.947,1,1,1,1,126,,1757,visual,Data,TrackUpdate,0.10,3
42,19,0,175.858,14.535,1.897,0.470,1.000,0.0,0.0,42.331,5.032,14.630,0,42.331,1.700,0.300,0.450,0.641,0.628,1,1,1,1,126,,1758,visual,Data,TrackUpdate,0.10,3
44,20,0,175.858,3.200,5.148,0.896,0.981,0.0,0.0,235.751,0.462,9.917,0,235.751,1.700,0.300,0.450,0.505,0.769,1,1,1,1,126,,1758,visual,Data,TrackUpdate,0.10,3
46,21,0,175.858,1.335,2.958,0.803,0.872,0.0,0.0,52.972,3.136,7.118,0,52.972,1.700,0.300,0.450,0.628,0.925,1,1,1,1,126,,1758,visual,Data,TrackUpdate,0.10,3
42,19,0,175.923,14.600,2.097,0.417,1.000,0.0,0.0,42.331,5.057,14.668,0,42.331,1.700,0.300,0.450,0.642,0.627,1,1,1,1,126,,1759,visual,Data,TrackUpdate,0.10,3
44,20,0,175.923,3.265,5.012,0.848,0.974,0.0,0.0,235.751,0.456,9.854,0,235.751,1.700,0.300,0.450,0.505,0.773,1,1,1,1,126,,1759,visual,Data,TrackUpdate,0.10,3
46,21,0,175.923,1.400,2.971,0.803,0.875,0.0,0.0,52.972,3.180,7.161,0,52.972,1.700,0.300,0.450,0.629,0.922,127,127,1,1,127,,1759,visual,Data,TrackUpdate,0.10,3
42,19,0,176.123,14.800,1.864,0.508,1.000,0.0,0.0,45.094,5.062,14.588,0,45.094,1.700,0.300,0.450,0.643,0.629,1,1,1,1,126,,1761,visual,Data,TrackUpdate,0.10,3
44,20,0,176.123,3.465,4.289,0.992,0.999,0.0,0.0,235.751,0.445,9.817,0,235.751,1.700,0.300,0.450,0.504,0.774,1,1,1,1,126,,1761,visual,Data,TrackUpdate,0.10,3
46,21,0,176.123,1.600,3.444,0.729,0.844,0.0,0.0,52.972,3.400,7.509,0,52.972,1.700,0.300,0.450,0.636,0.902,1,1,1,1,126,,1761,visual,Data,TrackUpdate,0.10,3
42,19,0,176.257,14.934,1.716,0.695,1.000,0.0,0.0,45.094,5.086,14.616,0,45.094,1.700,0.300,0.450,0.643,0.628,1,1,1,1,126,,1762,visual,Data,TrackUpdate,0.10,3
44,20,0,176.257,3.599,4.407,0.989,0.998,0.0,0.0,235.751,0.303,9.696,0,235.751,1.700,0.300,0.450,0.498,0.779,1,1,1,1,126,,1762,visual,Data,TrackUpdate,0.10,3
46,21,0,176.257,1.734,3.296,0.524,0.734,0.0,0.0,52.972,3.414,7.533,0,52.972,1.700,0.300,0.450,0.636,0.900,1,1,1,1,126,,1762,visual,Data,TrackUpdate,0.10,3
42,19,0,176.323,15.000,1.724,0.704,1.000,0.0,0.0,45.094,5.119,14.698,0,45.094,1.700,0.300,0.450,0.644,0.626,1,1,1,1,126,,1763,visual,Data,TrackUpdate,0.10,3
44,20,0,176.323,3.665,4.304,0.998,1.000,0.0,0.0,235.751,0.235,9.669,0,235.751,1.700,0.300,0.450,0.495,0.780,1,1,1,1,126,,1763,visual,Data,TrackUpdate,0.10,3
46,21,0,176.323,1.800,3.091,0.881,0.935,0.0,0.0,52.972,3.395,7.481,0,52.972,1.700,0.300,0.450,0.636,0.904,1,1,1,1,126,,1763,visual,Data,TrackUpdate,0.10,3
42,19,0,176.458,15.135,1.594,0.803,1.000,0.0,0.0,45.094,5.136,14.753,0,45.094,1.700,0.300,0.450,0.644,0.625,1,1,1,1,126,,1764,visual,Data,TrackUpdate,0.10,3
44,20,0,176.458,3.800,4.464,0.993,0.999,0.0,0.0,234.860,0.087,9.566,0,234.860,1.700,0.300,0.450,0.489,0.783,1,1,1,1,126,,1764,visual,Data,TrackUpdate,0.10,3
46,21,0,176.458,1.935,3.445,0.992,0.996,0.0,0.0,48.819,3.591,7.782,0,48.819,1.700,0.300,0.450,0.642,0.886,1,1,1,1,126,,1764,visual,Data,TrackUpdate,0.10,3
42,19,0,176.523,15.200,1.131,0.832,1.000,0.0,0.0,45.094,5.110,14.729,0,45.094,1.700,0.300,0.450,0.643,0.625,1,1,1,1,126,,1765,visual,Data,TrackUpdate,0.10,3
44,20,0,176.523,3.865,4.698,0.993,0.999,0.0,0.0,234.860,-0.046,9.415,0,234.860,1.700,0.300,0.450,0.483,0.790,1,1,1,1,126,,1765,visual,Data,TrackUpdate,0.10,3
46,21,0,176.523,2.000,3.293,0.993,0.997,0.0,0.0,48.819,3.555,7.732,0,48.819,1.700,0.300,0.450,0.641,0.890,1,1,1,1,126,,1765,visual,Data,TrackUpdate,0.10,3
42,19,0,176.58,14.735,1.866,0.445,1.000,0.0,0.0,45.094,5.038,14.559,0,45.094,1.700,0.300,0.450,0.642,0.630,1,1,1,1,126,,1760,visual,Data,TrackUpdate,0.10,3
44,20,0,176.58,3.400,4.237,0.981,0.997,0.0,0.0,235.751,0.518,9.922,0,235.751,1.700,0.300,0.450,0.507,0.769,1,1,1,1,126,,1760,visual,Data,TrackUpdate,0.10,3
46,21,0,176.58,1.535,3.365,0.404,0.647,0.0,0.0,52.972,3.356,7.426,0,52.972,1.700,0.300,0.450,0.635,0.906,1,1,1,1,126,,1760,visual,Data,TrackUpdate,0.10,3
42,19,0,176.659,15.336,0.963,0.689,1.000,0.0,0.0,45.094,5.064,14.601,0,45.094,1.700,0.300,0.450,0.643,0.628,1,1,1,1,126,,1766,visual,Data,TrackUpdate,0.10,4
44,20,0,176.659,4.001,4.452,0.988,0.999,0.0,0.0,234.860,-0.067,9.396,0,234.860,1.700,0.300,0.450,0.482,0.791,1,1,1,1,126,,1766,visual,Data,TrackUpdate,0.10,4
45,22,5,176.659,0.000,7.485,0.994,0.995,0.0,0.0,36.610,2.533,10.352,0,36.610,1.500,5.000,2.000,0.584,0.760,1,1,1,1,126,,1766,visual,Data,TrackUpdate,0.10,4
46,21,0,176.659,2.136,3.389,0.995,0.998,0.0,0.0,48.819,3.592,7.790,0,48.819,1.700,0.300,0.450,0.642,0.885,1,1,1,1,126,,1766,visual,Data,TrackUpdate,0.10,4
42,19,0,176.725,15.402,1.002,0.820,1.000,0.0,0.0,45.094,5.052,14.594,0,45.094,1.700,0.300,0.450,0.642,0.629,1,1,1,1,126,,1767,visual,Data,TrackUpdate,0.10,4
44,20,0,176.725,4.067,4.316,0.983,0.998,0.0,0.0,234.860,-0.126,9.349,0,234.860,1.700,0.300,0.450,0.480,0.793,1,1,1,1,126,,1767,visual,Data,TrackUpdate,0.10,4
45,22,5,176.725,0.066,8.156,0.987,0.990,0.0,0.0,36.610,2.723,10.571,0,36.610,1.500,5.000,2.000,0.591,0.752,1,1,1,1,126,,1767,visual,Data,TrackUpdate,0.10,4
46,21,0,176.725,2.202,3.410,0.965,0.984,0.0,0.0,48.819,3.648,7.865,0,48.819,1.700,0.300,0.450,0.644,0.881,1,1,1,1,126,,1767,visual,Data,TrackUpdate,0.10,4
42,19,0,176.857,15.534,0.942,0.930,1.000,0.0,0.0,45.094,5.043,14.625,0,45.094,1.700,0.300,0.450,0.642,0.628,1,1,1,1,126,,1768,visual,Data,TrackUpdate,0.10,4
44,20,0,176.857,4.199,4.666,0.961,0.997,0.0,0.0,233.736,-0.389,9.079,0,233.736,1.700,0.300,0.450,0.468,0.804,1,1,1,1,126,,1768,visual,Data,TrackUpdate,0.10,4
45,22,5,176.857,0.198,7.705,0.992,0.994,0.0,0.0,36.610,2.865,10.700,0,36.610,1.500,5.000,2.000,0.595,0.747,1,1,1,1,126,,1768,visual,Data,TrackUpdate,0.10,4
46,21,0,176.857,2.334,3.236,0.921,0.966,0.0,0.0,48.819,3.656,7.823,0,48.819,1.700,0.300,0.450,0.644,0.883,1,1,1,1,126,,1768,visual,Data,TrackUpdate,0.10,4
42,19,0,176.924,15.601,0.817,0.951,1.000,0.0,0.0,45.094,5.028,14.616,0,45.094,1.700,0.300,0.450,0.641,0.628,1,1,1,1,126,,1769,visual,Data,TrackUpdate,0.10,4
44,20,0,176.924,4.266,4.772,0.830,0.988,0.0,0.0,233.736,-0.425,8.978,0,233.736,1.700,0.300,0.450,0.466,0.808,1,1,1,1,126,,1769,visual,Data,TrackUpdate,0.10,4
45,22,5,176.924,0.265,7.609,0.981,0.986,0.0,0.0,36.610,2.963,10.777,0,36.610,1.500,5.000,2.000,0.598,0.744,1,1,1,1,126,,1769,visual,Data,TrackUpdate,0.10,4
46,21,0,176.924,2.401,3.593,0.327,0.734,0.0,0.0,48.819,3.835,8.049,0,48.819,1.700,0.300,0.450,0.650,0.872,1,1,1,1,126,,1769,visual,Data,TrackUpdate,0.10,4
42,19,0,177.123,15.800,0.952,0.767,1.000,0.0,0.0,45.094,4.980,14.549,0,45.094,1.700,0.300,0.450,0.641,0.630,1,1,1,1,126,,1771,visual,Data,TrackUpdate,0.10,4
44,20,0,177.123,4.465,4.934,0.882,0.994,0.0,0.0,233.736,-0.530,8.918,0,233.736,1.700,0.300,0.450,0.461,0.810,1,1,1,1,126,,1771,visual,Data,TrackUpdate,0.10,4
45,22,5,177.123,0.464,7.648,0.939,0.958,0.0,0.0,36.610,3.301,11.083,0,36.610,1.500,5.000,2.000,0.609,0.733,1,1,1,1,126,,1771,visual,Data,TrackUpdate,0.10,4
46,21,0,177.123,2.600,3.837,0.481,0.833,0.0,0.0,46.580,3.985,8.213,0,46.580,1.700,0.300,0.450,0.655,0.863,1,1,1,1,126,,1771,visual,Data,TrackUpdate,0.10,4
42,19,0,177.257,15.934,0.996,0.320,1.000,0.0,0.0,45.094,5.003,14.621,0,45.094,1.700,0.300,0.450,0.641,0.628,1,1,1,1,126,,1772,visual,Data,TrackUpdate,0.10,4
44,20,0,177.257,4.599,4.957,0.767,0.991,0.0,0.0,233.736,-0.657,8.837,0,233.736,1.700,0.300,0.450,0.456,0.814,1,1,1,1,126,,1772,visual,Data,TrackUpdate,0.10,4
45,22,5,177.257,0.598,7.971,0.984,0.990,0.0,0.0,36.610,3.522,11.436,0,36.610,1.500,5.000,2.000,0.615,0.721,1,1,1,1,126,,1772,visual,Data,TrackUpdate,0.10,4
46,21,0,177.257,2.734,4.002,0.481,0.849,0.0,0.0,46.580,4.095,8.332,0,46.580,1.700,0.300,0.450,0.658,0.857,127,127,1,1,127,,1772,visual,Data,TrackUpdate,0.10,4
42,19,0,177.323,16.000,1.063,0.320,1.000,0.0,0.0,45.094,5.011,14.632,0,45.094,1.700,0.300,0.450,0.641,0.628,127,127,1,1,127,,1773,visual,Data,TrackUpdate,0.10,4
44,20,0,177.323,4.665,4.952,0.677,0.989,0.0,0.0,232.918,-0.792,8.778,0,232.918,1.700,0.300,0.450,0.449,0.816,1,1,1,1,126,,1773,visual,Data,TrackUpdate,0.10,4
45,22,5,177.323,0.664,8.044,0.982,0.989,0.0,0.0,36.610,3.623,11.591,0,36.610,1.500,5.000,2.000,0.617,0.716,1,1,1,1,126,,1773,visual,Data,TrackUpdate,0.10,4
46,21,0,177.323,2.800,4.060,0.481,0.856,0.0,0.0,46.580,4.145,8.385,0,46.580,1.700,0.300,0.450,0.660,0.854,127,127,1,1,127,,1773,visual,Data,TrackUpdate,0.10,4
42,19,0,177.457,16.134,1.063,0.320,1.000,0.0,0.0,45.094,5.034,14.664,0,45.094,1.700,0.300,0.450,0.641,0.627,127,127,1,1,127,,1774,visual,Data,TrackUpdate,0.10,4
44,20,0,177.457,4.799,4.870,0.944,0.999,0.0,0.0,232.918,-0.907,8.710,0,232.918,1.700,0.300,0.450,0.444,0.819,1,1,1,1,126,,1774,visual,Data,TrackUpdate,0.10,4
45,22,5,177.457,0.798,8.086,0.983,0.990,0.0,0.0,37.904,3.920,11.775,0,37.904,1.500,5.000,2.000,0.626,0.710,1,1,1,1,126,,1774,visual,Data,TrackUpdate,0.10,4
46,21,0,177.457,2.934,4.103,0.319,0.831,0.0,0.0,46.215,4.263,8.510,0,46.215,1.700,0.300,0.450,0.663,0.848,1,1,1,1,126,,1774,visual,Data,TrackUpdate,0.10,4
42,19,0,177.523,16.200,1.140,0.320,1.000,0.0,0.0,45.094,5.045,14.680,0,45.094,1.700,0.300,0.450,0.642,0.627,127,127,1,1,127,,1775,visual,Data,TrackUpdate,0.10,4
44,20,0,177.523,4.865,4.870,0.995,1.000,0.0,0.0,232.918,-0.917,8.635,0,232.918,1.700,0.300,0.450,0.443,0.822,1,1,1,1,126,,1775,visual,Data,TrackUpdate,0.10,4
45,22,5,177.523,0.864,8.069,0.990,0.995,0.0,0.0,37.904,4.026,11.875,0,37.904,1.500,5.000,2.000,0.629,0.707,1,1,1,1,126,,1775,visual,Data,TrackUpdate,0.10,4
46,21,0,177.523,3.000,3.941,0.646,0.915,0.0,0.0,46.215,4.269,8.512,0,46.215,1.700,0.300,0.450,0.663,0.848,1,1,1,1,126,,1775,visual,Data,TrackUpdate,0.10,4
42,19,0,177.57,15.734,0.988,0.938,1.000,0.0,0.0,45.094,4.950,14.492,0,45.094,1.700,0.300,0.450,0.640,0.631,1,1,1,1,126,,1770,visual,Data,TrackUpdate,0.10,4
44,20,0,177.57,4.399,4.736,0.876,0.993,0.0,0.0,233.736,-0.469,8.964,0,233.736,1.700,0.300,0.450,0.464,0.809,1,1,1,1,126,,1770,visual,Data,TrackUpdate,0.10,4
45,22,5,177.57,0.398,7.541,0.985,0.989,0.0,0.0,36.610,3.184,10.949,0,36.610,1.500,5.000,2.000,0.605,0.739,1,1,1,1,126,,1770,visual,Data,TrackUpdate,0.10,4
46,21,0,177.57,2.534,3.404,0.839,0.942,0.0,0.0,46.580,3.796,7.974,0,46.580,1.700,0.300,0.450,0.649,0.876,1,1,1,1,126,,1770,visual,Data,TrackUpdate,0.10,4
42,19,0,177.657,16.334,0.491,0.320,1.000,0.0,0.0,45.094,5.070,14.715,0,45.094,1.700,0.300,0.450,0.642,0.626,127,127,1,1,127,,1776,visual,Data,TrackUpdate,0.10,4
44,20,0,177.657,4.999,4.439,0.966,1.000,0.0,0.0,232.918,-0.952,8.572,0,232.918,1.700,0.300,0.450,0.441,0.825,1,1,1,1,126,,1776,visual,Data,TrackUpdate,0.10,4
45,22,5,177.657,0.998,8.160,0.993,0.997,0.0,0.0,38.943,4.273,12.135,0,38.943,1.500,5.000,2.000,0.635,0.699,1,1,1,1,126,,1776,visual,Data,TrackUpdate,0.10,4
46,21,0,177.657,3.134,3.981,0.859,0.970,0.0,0.0,46.215,4.358,8.597,0,46.215,1.700,0.300,0.450,0.666,0.844,1,1,1,1,126,,1776,visual,Data,TrackUpdate,0.10,4
42,19,0,177.723,16.400,0.235,0.320,1.000,0.0,0.0,45.094,5.075,14.723,0,45.094,1.700,0.300,0.450,0.642,0.626,127,127,1,1,127,,1777,visual,Data,TrackUpdate,0.10,4
44,20,0,177.723,5.065,4.538,0.603,1.000,0.0,0.0,232.918,-1.026,8.506,0,232.918,1.700,0.300,0.450,0.438,0.828,1,1,1,1,126,,1777,visual,Data,TrackUpdate,0.10,4
45,22,5,177.723,1.064,8.168,0.991,0.996,0.0,0.0,38.943,4.390,12.241,0,38.943,1.500,5.000,2.000,0.638,0.695,1,1,1,1,126,,1777,visual,Data,TrackUpdate,0.10,4
46,21,0,177.723,3.200,3.958,0.859,0.972,0.0,0.0,46.215,4.411,8.653,0,46.215,1.700,0.300,0.450,0.668,0.841,127,127,1,1,127,,1777,visual,Data,TrackUpdate,0.10,4
42,19,0,177.857,16.534,0.167,0.320,1.000,0.0,0.0,45.094,5.080,14.730,0,45.094,1.700,0.300,0.450,0.642,0.626,127,127,1,1,127,,1778,visual,Data,TrackUpdate,0.10,4
44,20,0,177.857,5.199,4.949,0.505,1.000,0.0,0.0,231.705,-1.166,8.301,0,231.705,1.700,0.300,0.450,0.430,0.838,1,1,1,1,126,,1778,visual,Data,TrackUpdate,0.10,4
45,22,5,177.857,1.198,8.172,0.990,0.996,0.0,0.0,38.943,4.596,12.485,0,38.943,1.500,5.000,2.000,0.643,0.688,1,1,1,1,126,,1778,visual,Data,TrackUpdate,0.10,4
46,21,0,177.857,3.334,4.031,0.859,0.976,0.0,0.0,46.215,4.512,8.758,0,46.215,1.700,0.300,0.450,0.670,0.835,127,127,1,1,127,,1778,visual,Data,TrackUpdate,0.10,4
42,19,0,177.923,16.600,0.071,0.320,1.000,0.0,0.0,45.094,5.082,14.732,0,45.094,1.700,0.300,0.450,0.642,0.626,127,127,1,1,127,,1779,visual,Data,TrackUpdate,0.10,4
44,20,0,177.923,5.265,4.853,0.588,1.000,0.0,0.0,231.705,-1.189,8.285,0,231.705,1.700,0.300,0.450,0.429,0.839,1,1,1,1,126,,1779,visual,Data,TrackUpdate,0.10,4
45,22,5,177.923,1.264,8.152,0.992,0.997,0.0,0.0,39.566,4.717,12.575,0,39.566,1.500,5.000,2.000,0.646,0.685,1,1,1,1,126,,1779,visual,Data,TrackUpdate,0.10,4
46,21,0,177.923,3.400,4.070,0.859,0.977,0.0,0.0,46.215,4.564,8.811,0,46.215,1.700,0.300,0.450,0.672,0.833,127,127,1,1,127,,1779,visual,Data,TrackUpdate,0.10,4
42,19,0,178.123,16.800,0.617,0.312,1.000,0.0,0.0,45.094,4.761,14.307,0,45.094,1.700,0.300,0.450,0.636,0.635,1,1,1,1,126,,1781,visual,Data,TrackUpdate,0.10,4
44,20,0,178.123,5.465,4.282,0.315,1.000,0.0,0.0,231.705,-1.268,8.134,0,231.705,1.700,0.300,0.450,0.424,0.845,1,1,1,1,126,,1781,visual,Data,TrackUpdate,0.10,4
45,22,5,178.123,1.464,7.994,0.966,0.988,0.0,0.0,39.566,4.994,12.827,0,39.566,1.500,5.000,2.000,0.653,0.678,1,1,1,1,126,,1781,visual,Data,TrackUpdate,0.10,4
46,21,0,178.123,3.600,4.015,0.859,0.980,0.0,0.0,45.584,4.720,8.974,0,45.584,1.700,0.300,0.450,0.676,0.825,127,127,1,1,127,,1781,visual,Data,TrackUpdate,0.10,4
42,19,0,178.257,16.934,0.969,0.970,1.000,0.0,0.0,44.778,4.617,14.247,0,44.778,1.700,0.300,0.450,0.632,0.637,1,1,1,1,126,,1782,visual,Data,TrackUpdate,0.10,4
44,20,0,178.257,5.599,3.890,0.564,1.000,0.0,0.0,231.705,-1.315,8.113,0,231.705,1.700,0.300,0.450,0.422,0.846,1,1,1,1,126,,1782,visual,Data,TrackUpdate,0.10,4
45,22,5,178.257,1.598,8.176,0.987,0.996,0.0,0.0,40.747,5.365,13.070,0,40.747,1.500,5.000,2.000,0.662,0.672,1,1,1,1,126,,1782,visual,Data,TrackUpdate,0.10,4
46,21,0,178.257,3.734,3.834,0.859,0.982,0.0,0.0,45.584,4.822,9.079,0,45.584,1.700,0.300,0.450,0.679,0.820,127,127,1,1,127,,1782,visual,Data,TrackUpdate,0.10,4
42,19,0,178.323,17.000,1.201,0.991,1.000,0.0,0.0,44.778,4.481,14.217,0,44.778,1.700,0.300,0.450,0.629,0.637,1,1,1,1,126,,1783,visual,Data,TrackUpdate,0.10,4
44,20,0,178.323,5.665,4.156,0.542,1.000,0.0,0.0,231.705,-1.402,8.026,0,231.705,1.700,0.300,0.450,0.418,0.851,1,1,1,1,126,,1783,visual,Data,TrackUpdate,0.10,4
45,22,5,178.323,1.664,8.304,0.991,0.997,0.0,0.0,40.747,5.494,13.150,0,40.747,1.500,5.000,2.000,0.665,0.670,1,1,1,1,126,,1783,visual,Data,TrackUpdate,0.10,4
46,21,0,178.323,3.800,3.865,0.859,0.983,0.0,0.0,45.584,4.872,9.129,0,45.584,1.700,0.300,0.450,0.680,0.818,127,127,1,1,127,,1783,visual,Data,TrackUpdate,0.10,4
42,19,0,178.457,17.134,1.587,0.995,1.000,0.0,0.0,44.778,4.361,14.179,0,44.778,1.700,0.300,0.450,0.625,0.638,1,1,1,1,126,,1784,visual,Data,TrackUpdate,0.10,4
44,20,0,178.457,5.799,4.280,0.542,1.000,0.0,0.0,230.568,-1.516,7.918,0,230.568,1.700,0.300,0.450,0.412,0.855,127,127,1,1,127,,1784,visual,Data,TrackUpdate,0.10,4
45,22,5,178.457,1.798,8.189,0.991,0.997,0.0,0.0,44.095,5.781,13.153,0,44.095,1.500,5.000,2.000,0.673,0.670,1,1,1,1,126,,1784,visual,Data,TrackUpdate,0.10,4
46,21,0,178.457,3.934,3.569,0.859,0.985,0.0,0.0,45.584,4.970,9.228,0,45.584,1.700,0.300,0.450,0.683,0.814,127,127,1,1,127,,1784,visual,Data,TrackUpdate,0.10,4
42,19,0,178.523,17.200,1.669,0.995,1.000,0.0,0.0,44.778,4.351,14.183,0,44.778,1.700,0.300,0.450,0.624,0.637,1,1,1,1,126,,1785,visual,Data,TrackUpdate,0.10,4
44,20,0,178.523,5.865,4.309,0.542,1.000,0.0,0.0,230.568,-1.571,7.864,0,230.568,1.700,0.300,0.450,0.409,0.858,127,127,1,1,127,,1785,visual,Data,TrackUpdate,0.10,4
45,22,5,178.523,1.864,8.226,0.994,0.998,0.0,0.0,44.095,5.867,13.209,0,44.095,1.500,5.000,2.000,0.676,0.669,1,1,1,1,126,,1785,visual,Data,TrackUpdate,0.10,4
46,21,0,178.523,4.000,3.698,0.859,0.986,0.0,0.0,45.428,5.015,9.275,0,45.428,1.700,0.300,0.450,0.684,0.811,127,127,1,1,127,,1785,visual,Data,TrackUpdate,0.10,4
42,19,0,178.57,16.734,0.118,0.320,1.000,0.0,0.0,45.094,5.085,14.736,0,45.094,1.700,0.300,0.450,0.642,0.626,127,127,1,1,127,,1780,visual,Data,TrackUpdate,0.10,4
44,20,0,178.57,5.399,4.412,0.872,1.000,0.0,0.0,231.705,-1.250,8.177,0,231.705,1.700,0.300,0.450,0.426,0.844,1,1,1,1,126,,1780,visual,Data,TrackUpdate,0.10,4
45,22,5,178.57,1.398,8.025,0.984,0.994,0.0,0.0,39.566,4.884,12.740,0,39.566,1.500,5.000,2.000,0.649,0.681,1,1,1,1,126,,1780,visual,Data,TrackUpdate,0.10,4
46,21,0,178.57,3.534,4.119,0.859,0.979,0.0,0.0,45.584,4.668,8.920,0,45.584,1.700,0.300,0.450,0.674,0.828,127,127,1,1,127,,1780,visual,Data,TrackUpdate,0.10,4
42,19,0,178.658,17.335,1.603,0.996,1.000,0.0,0.0,44.778,4.350,14.207,0,44.778,1.700,0.300,0.450,0.624,0.637,1,1,1,1,126,,1786,visual,Data,TrackUpdate,0.10,3
44,20,0,178.658,6.000,4.548,0.728,1.000,0.0,0.0,230.568,-1.740,7.556,0,230.568,1.700,0.300,0.450,0.398,0.873,1,1,1,1,126,,1786,visual,Data,TrackUpdate,0.10,3
45,22,5,178.658,1.999,8.094,0.987,0.996,0.0,0.0,44.095,6.038,13.307,0,44.095,1.500,5.000,2.000,0.680,0.667,1,1,1,1,126,,1786,visual,Data,TrackUpdate,0.10,3
42,19,0,178.723,17.400,1.503,0.996,1.000,0.0,0.0,44.778,4.353,14.209,0,44.778,1.700,0.300,0.450,0.624,0.637,1,1,1,1,126,,1787,visual,Data,TrackUpdate,0.10,3
44,20,0,178.723,6.065,4.578,0.948,1.000,0.0,0.0,229.365,-1.789,7.450,0,229.365,1.700,0.300,0.450,0.395,0.880,1,1,1,1,126,,1787,visual,Data,TrackUpdate,0.10,3
45,22,5,178.723,2.064,7.740,0.989,0.997,0.0,0.0,44.095,6.072,13.294,0,44.095,1.500,5.000,2.000,0.681,0.667,1,1,1,1,126,,1787,visual,Data,TrackUpdate,0.10,3
42,19,0,178.857,17.534,1.436,0.994,1.000,0.0,0.0,44.778,4.331,14.193,0,44.778,1.700,0.300,0.450,0.624,0.637,1,1,1,1,126,,1788,visual,Data,TrackUpdate,0.10,3
44,20,0,178.857,6.199,4.940,0.707,1.000,0.0,0.0,229.365,-2.050,7.065,0,229.365,1.700,0.300,0.450,0.379,0.899,1,1,1,1,126,,1788,visual,Data,TrackUpdate,0.10,3
45,22,5,178.857,2.198,7.255,0.973,0.992,0.0,0.0,44.095,6.149,13.282,0,44.095,1.500,5.000,2.000,0.683,0.668,1,1,1,1,126,,1788,visual,Data,TrackUpdate,0.10,3
42,19,0,178.925,17.602,1.460,0.994,1.000,0.0,0.0,44.778,4.332,14.200,0,44.778,1.700,0.300,0.450,0.624,0.637,1,1,1,1,126,,1789,visual,Data,TrackUpdate,0.10,3
44,20,0,178.925,6.267,4.688,0.716,1.000,0.0,0.0,229.365,-1.969,7.217,0,229.365,1.700,0.300,0.450,0.384,0.891,1,1,1,1,126,,1789,visual,Data,TrackUpdate,0.10,3
45,22,5,178.925,2.266,7.095,0.982,0.995,0.0,0.0,44.095,6.196,13.296,0,44.095,1.500,5.000,2.000,0.684,0.667,1,1,1,1,126,,1789,visual,Data,TrackUpdate,0.10,3
42,19,0,179.123,17.800,1.555,0.995,1.000,0.0,0.0,44.778,4.278,14.149,0,44.778,1.700,0.300,0.450,0.623,0.638,1,1,1,1,126,,1791,visual,Data,TrackUpdate,0.10,3
44,20,0,179.123,6.465,4.185,0.970,1.000,0.0,0.0,229.365,-2.074,7.146,0,229.365,1.700,0.300,0.450,0.379,0.894,1,1,1,1,126,,1791,visual,Data,TrackUpdate,0.10,3
45,22,5,179.123,2.464,6.871,0.980,0.995,0.0,0.0,47.033,6.506,13.394,0,47.033,1.500,5.000,2.000,0.692,0.665,1,1,1,1,126,,1791,visual,Data,TrackUpdate,0.10,3
42,19,0,179.257,17.934,1.498,0.996,1.000,0.0,0.0,44.778,4.242,14.093,0,44.778,1.700,0.300,0.450,0.622,0.640,1,1,1,1,126,,1792,visual,Data,TrackUpdate,0.10,3
44,20,0,179.257,6.599,4.417,0.966,1.000,0.0,0.0,229.483,-2.236,7.016,0,229.483,1.700,0.300,0.450,0.370,0.900,1,1,1,1,126,,1792,visual,Data,TrackUpdate,0.10,3
45,22,5,179.257,2.598,6.549,0.976,0.994,0.0,0.0,47.033,6.554,13.385,0,47.033,1.500,5.000,2.000,0.693,0.665,1,1,1,1,126,,1792,visual,Data,TrackUpdate,0.10,3
42,19,0,179.323,18.000,1.607,0.995,1.000,0.0,0.0,44.778,4.260,14.090,0,44.778,1.700,0.300,0.450,0.623,0.640,1,1,1,1,126,,1793,visual,Data,TrackUpdate,0.10,3
44,20,0,179.323,6.665,4.286,0.938,1.000,0.0,0.0,229.483,-2.233,7.022,0,229.483,1.700,0.300,0.450,0.370,0.899,1,1,1,1,126,,1793,visual,Data,TrackUpdate,0.10,3
45,22,5,179.323,2.664,6.270,0.953,0.989,0.0,0.0,47.033,6.538,13.353,0,47.033,1.500,5.000,2.000,0.693,0.666,1,1,1,1,126,,1793,visual,Data,TrackUpdate,0.10,3
42,19,0,179.457,18.134,1.554,0.994,1.000,0.0,0.0,44.778,4.281,14.085,0,44.778,1.700,0.300,0.450,0.623,0.640,1,1,1,1,126,,1794,visual,Data,TrackUpdate,0.10,3
44,20,0,179.457,6.799,4.549,0.820,1.000,0.0,0.0,229.483,-2.398,6.818,0,229.483,1.700,0.300,0.450,0.360,0.909,1,1,1,1,126,,1794,visual,Data,TrackUpdate,0.10,3
45,22,5,179.457,2.798,5.867,0.820,0.960,0.0,0.0,47.033,6.570,13.356,0,47.033,1.500,5.000,2.000,0.694,0.666,1,1,1,1,126,,1794,visual,Data,TrackUpdate,0.10,3
42,19,0,179.524,18.201,1.593,0.993,1.000,0.0,0.0,44.778,4.289,14.082,0,44.778,1.700,0.300,0.450,0.624,0.640,1,1,1,1,126,,1795,visual,Data,TrackUpdate,0.10,3
44,20,0,179.524,6.866,4.311,0.838,1.000,0.0,0.0,229.483,-2.386,6.840,0,229.483,1.700,0.300,0.450,0.361,0.909,1,1,1,1,126,,1795,visual,Data,TrackUpdate,0.10,3
45,22,5,179.524,2.865,5.697,0.863,0.971,0.0,0.0,47.033,6.646,13.400,0,47.033,1.500,5.000,2.000,0.696,0.665,1,1,1,1,126,,1795,visual,Data,TrackUpdate,0.10,3
42,19,0,179.59,17.736,1.523,0.995,1.000,0.0,0.0,44.778,4.285,14.158,0,44.778,1.700,0.300,0.450,0.623,0.638,1,1,1,1,126,,1790,visual,Data,TrackUpdate,0.10,3
44,20,0,179.59,6.401,4.565,0.944,1.000,0.0,0.0,229.365,-2.057,7.130,0,229.365,1.700,0.300,0.450,0.379,0.895,1,1,1,1,126,,1790,visual,Data,TrackUpdate,0.10,3
45,22,5,179.59,2.400,6.835,0.982,0.995,0.0,0.0,47.033,6.441,13.351,0,47.033,1.500,5.000,2.000,0.690,0.666,1,1,1,1,126,,1790,visual,Data,TrackUpdate,0.10,3
42,19,0,179.657,18.334,1.455,0.991,1.000,0.0,0.0,44.778,4.362,14.175,0,44.778,1.700,0.300,0.450,0.625,0.638,1,1,1,1,126,,1796,visual,Data,TrackUpdate,0.10,3
44,20,0,179.657,6.999,4.190,0.915,1.000,0.0,0.0,229.483,-2.348,6.818,0,229.483,1.700,0.300,0.450,0.362,0.910,1,1,1,1,126,,1796,visual,Data,TrackUpdate,0.10,3
45,22,5,179.657,2.998,5.605,0.947,0.989,0.0,0.0,49.513,6.963,13.478,0,49.513,1.500,5.000,2.000,0.704,0.663,1,1,1,1,126,,1796,visual,Data,TrackUpdate,0.10,3
42,19,0,179.723,18.400,1.529,0.991,1.000,0.0,0.0,44.778,4.349,14.167,0,44.778,1.700,0.300,0.450,0.624,0.638,1,1,1,1,126,,1797,visual,Data,TrackUpdate,0.10,3
44,20,0,179.723,7.065,3.990,0.982,1.000,0.0,0.0,229.483,-2.378,6.762,0,229.483,1.700,0.300,0.450,0.360,0.913,1,1,1,1,126,,1797,visual,Data,TrackUpdate,0.10,3
45,22,5,179.723,3.064,5.499,0.781,0.958,0.0,0.0,49.513,7.054,13.546,0,49.513,1.500,5.000,2.000,0.705,0.661,1,1,1,1,126,,1797,visual,Data,TrackUpdate,0.10,3
42,19,0,179.857,18.534,1.559,0.992,1.000,0.0,0.0,44.778,4.358,14.174,0,44.778,1.700,0.300,0.450,0.625,0.638,1,1,1,1,126,,1798,visual,Data,TrackUpdate,0.10,3
44,20,0,179.857,7.199,4.299,0.970,1.000,0.0,0.0,228.328,-2.522,6.527,0,228.328,1.700,0.300,0.450,0.351,0.926,1,1,1,1,126,,1798,visual,Data,TrackUpdate,0.10,3
45,22,5,179.857,3.198,5.315,0.684,0.943,0.0,0.0,49.513,7.188,13.635,0,49.513,1.500,5.000,2.000,0.708,0.659,127,127,1,1,127,,1798,visual,Data,TrackUpdate,0.10,3
42,19,0,179.923,18.600,1.557,0.994,1.000,0.0,0.0,44.778,4.365,14.177,0,44.778,1.700,0.300,0.450,0.625,0.638,1,1,1,1,126,,1799,visual,Data,TrackUpdate,0.10,3
44,20,0,179.923,7.265,4.435,0.972,1.000,0.0,0.0,228.328,-2.555,6.373,0,228.328,1.700,0.300,0.450,0.347,0.935,1,1,1,1,126,,1799,visual,Data,TrackUpdate,0.10,3
45,22,5,179.923,3.264,5.186,0.684,0.945,0.0,0.0,49.513,7.249,13.673,0,49.513,1.500,5.000,2.000,0.709,0.658,127,127,1,1,127,,1799,visual,Data,TrackUpdate,0.10,3
8,2,5,18.123,0.599,11.318,0.810,0.888,0.0,0.0,41.985,4.552,11.649,0,41.985,1.500,5.000,2.000,0.647,0.716,1,1,1,1,126,,181,visual,Data,TrackUpdate,0.10,1
8,2,5,18.257,0.733,11.764,0.838,0.916,0.0,0.0,42.782,5.013,12.023,0,42.782,1.500,5.000,2.000,0.659,0.704,1,1,1,1,126,,182,visual,Data,TrackUpdate,0.10,1
8,2,5,18.323,0.799,11.979,0.853,0.929,0.0,0.0,42.782,5.255,12.212,0,42.782,1.500,5.000,2.000,0.666,0.698,1,1,1,1,126,,183,visual,Data,TrackUpdate,0.10,1
8,2,5,18.457,0.933,12.251,0.949,0.979,0.0,0.0,43.853,5.694,12.586,0,43.853,1.500,5.000,2.000,0.676,0.687,1,1,1,1,126,,184,visual,Data,TrackUpdate,0.10,1
8,2,5,18.524,1.000,12.347,0.962,0.985,0.0,0.0,43.298,5.864,12.807,0,43.298,1.500,5.000,2.000,0.679,0.681,1,1,1,1,126,,185,visual,Data,TrackUpdate,0.10,1
8,2,5,18.57,0.533,11.245,0.906,0.942,0.0,0.0,41.860,4.387,11.477,0,41.860,1.500,5.000,2.000,0.643,0.722,1,1,1,1,126,,180,visual,Data,TrackUpdate,0.10,1
8,2,5,18.657,1.133,12.053,0.976,0.991,0.0,0.0,43.298,6.144,13.016,0,43.298,1.500,5.000,2.000,0.685,0.675,1,1,1,1,126,,186,visual,Data,TrackUpdate,0.10,1
8,2,5,18.723,1.199,12.050,0.876,0.953,0.0,0.0,44.800,6.368,13.118,0,44.800,1.500,5.000,2.000,0.690,0.673,1,1,1,1,126,,187,visual,Data,TrackUpdate,0.10,1
8,2,5,18.857,1.333,11.824,0.958,0.985,0.0,0.0,44.800,6.630,13.346,0,44.800,1.500,5.000,2.000,0.696,0.667,1,1,1,1,126,,188,visual,Data,TrackUpdate,0.10,1
8,2,5,18.923,1.399,11.783,0.877,0.956,0.0,0.0,45.328,6.804,13.450,0,45.328,1.500,5.000,2.000,0.699,0.664,1,1,1,1,126,,189,visual,Data,TrackUpdate,0.10,1
42,19,0,180.123,18.800,1.620,0.989,1.000,0.0,0.0,44.778,4.355,14.149,0,44.778,1.700,0.300,0.450,0.625,0.638,1,1,1,1,126,,1801,visual,Data,TrackUpdate,0.10,3
44,20,0,180.123,7.465,4.135,0.623,1.000,0.0,0.0,228.328,-2.557,6.179,0,228.328,1.700,0.300,0.450,0.344,0.948,127,127,1,1,127,,1801,visual,Data,TrackUpdate,0.10,3
45,22,5,180.123,3.464,4.802,0.684,0.951,0.0,0.0,50.332,7.448,13.758,0,50.332,1.500,5.000,2.000,0.714,0.656,127,127,1,1,127,,1801,visual,Data,TrackUpdate,0.10,3
42,19,0,180.257,18.934,0.645,0.986,1.000,0.0,0.0,44.778,4.417,14.185,0,44.778,1.700,0.300,0.450,0.627,0.638,1,1,1,1,126,,1802,visual,Data,TrackUpdate,0.10,3
44,20,0,180.257,7.599,4.062,0.510,1.000,0.0,0.0,228.328,-2.611,6.128,0,228.328,1.700,0.300,0.450,0.341,0.951,127,127,1,1,127,,1802,visual,Data,TrackUpdate,0.10,3
45,22,5,180.257,3.598,4.569,0.684,0.956,0.0,0.0,50.332,7.560,13.830,0,50.332,1.500,5.000,2.000,0.716,0.655,127,127,1,1,127,,1802,visual,Data,TrackUpdate,0.10,3
42,19,0,180.325,19.002,0.542,0.963,1.000,0.0,0.0,44.778,4.447,14.200,0,44.778,1.700,0.300,0.450,0.628,0.637,1,1,1,1,126,,1803,visual,Data,TrackUpdate,0.10,2
44,20,0,180.325,7.667,4.287,0.806,1.000,0.0,0.0,226.047,-2.710,5.983,0,226.047,1.700,0.300,0.450,0.334,0.958,127,127,1,1,127,,1803,visual,Data,TrackUpdate,0.10,2
42,19,0,180.458,19.135,0.416,0.660,1.000,0.0,0.0,44.778,4.313,14.045,0,44.778,1.700,0.300,0.450,0.624,0.642,1,1,1,1,126,,1804,visual,Data,TrackUpdate,0.10,2
44,20,0,180.458,7.800,4.421,0.751,1.000,0.0,0.0,226.047,-2.877,6.016,0,226.047,1.700,0.300,0.450,0.327,0.954,127,127,1,1,127,,1804,visual,Data,TrackUpdate,0.10,2
42,19,0,180.524,19.201,0.249,0.786,1.000,0.0,0.0,44.778,4.519,14.105,0,44.778,1.700,0.300,0.450,0.630,0.640,1,1,1,1,126,,1805,visual,Data,TrackUpdate,0.10,2
44,20,0,180.524,7.866,4.393,0.984,1.000,0.0,0.0,226.047,-2.958,5.967,0,226.047,1.700,0.300,0.450,0.321,0.956,127,127,1,1,127,,1805,visual,Data,TrackUpdate,0.10,2
42,19,0,180.57,18.734,1.620,0.992,1.000,0.0,0.0,44.778,4.346,14.146,0,44.778,1.700,0.300,0.450,0.625,0.639,1,1,1,1,126,,1800,visual,Data,TrackUpdate,0.10,3
44,20,0,180.57,7.399,4.324,0.909,1.000,0.0,0.0,228.328,-2.550,6.203,0,228.328,1.700,0.300,0.450,0.345,0.946,127,127,1,1,127,,1800,visual,Data,TrackUpdate,0.10,3
45,22,5,180.57,3.398,4.910,0.684,0.949,0.0,0.0,49.513,7.368,13.749,0,49.513,1.500,5.000,2.000,0.711,0.656,127,127,1,1,127,,1800,visual,Data,TrackUpdate,0.10,3
42,19,0,180.658,19.335,0.478,0.988,1.000,0.0,0.0,44.778,4.611,14.073,0,44.778,1.700,0.300,0.450,0.633,0.641,1,1,1,1,126,,1806,visual,Data,TrackUpdate,0.10,2
44,20,0,180.658,8.000,4.663,0.868,1.000,0.0,0.0,227.124,-3.248,5.718,0,227.124,1.700,0.300,0.450,0.304,0.967,127,127,1,1,127,,1806,visual,Data,TrackUpdate,0.10,2
42,19,0,180.723,19.400,0.488,0.988,1.000,0.0,0.0,44.778,4.595,14.043,0,44.778,1.700,0.300,0.450,0.633,0.642,1,1,1,1,126,,1807,visual,Data,TrackUpdate,0.10,2
44,20,0,180.723,8.065,4.556,0.972,1.000,0.0,0.0,227.124,-3.252,5.709,0,227.124,1.700,0.300,0.450,0.304,0.967,127,127,1,1,127,,1807,visual,Data,TrackUpdate,0.10,2
42,19,0,180.857,19.534,0.605,0.974,1.000,0.0,0.0,44.778,4.649,14.016,0,44.778,1.700,0.300,0.450,0.634,0.643,1,1,1,1,126,,1808,visual,Data,TrackUpdate,0.10,2
44,20,0,180.857,8.199,4.443,0.947,1.000,0.0,0.0,227.124,-3.422,5.596,0,227.124,1.700,0.300,0.450,0.294,0.971,127,127,1,1,127,,1808,visual,Data,TrackUpdate,0.10,2
42,19,0,180.923,19.600,0.756,0.956,1.000,0.0,0.0,44.778,4.724,13.988,0,44.778,1.700,0.300,0.450,0.636,0.644,1,1,1,1,126,,1809,visual,Data,TrackUpdate,0.10,2
44,20,0,180.923,8.265,4.493,0.976,1.000,0.0,0.0,227.484,-3.604,5.491,0,227.484,1.700,0.300,0.450,0.283,0.975,127,127,1,1,127,,1809,visual,Data,TrackUpdate,0.10,2
42,19,0,181.123,19.800,0.943,0.718,1.000,0.0,0.0,44.778,4.842,14.067,0,44.778,1.700,0.300,0.450,0.640,0.643,127,127,1,1,127,,1811,visual,Data,TrackUpdate,0.10,2
44,20,0,181.123,8.465,3.308,0.928,1.000,0.0,0.0,227.484,-3.473,5.586,0,227.484,1.700,0.300,0.450,0.291,0.971,127,127,1,1,127,,1811,visual,Data,TrackUpdate,0.10,2
42,19,0,181.257,19.934,1.020,0.718,1.000,0.0,0.0,44.778,4.869,14.076,0,44.778,1.700,0.300,0.450,0.641,0.642,127,127,1,1,127,,1812,visual,Data,TrackUpdate,0.10,1
42,19,0,181.323,20.000,1.266,0.912,1.000,0.0,0.0,44.778,5.003,14.122,0,44.778,1.700,0.300,0.450,0.644,0.642,1,1,1,1,126,,1813,visual,Data,TrackUpdate,0.10,1
42,19,0,181.457,20.134,1.362,0.903,1.000,0.0,0.0,44.778,5.064,14.179,0,44.778,1.700,0.300,0.450,0.645,0.640,1,1,1,1,126,,1814,visual,Data,TrackUpdate,0.10,1
42,19,0,181.523,20.200,1.362,0.969,1.000,0.0,0.0,44.778,5.067,14.178,0,44.778,1.700,0.300,0.450,0.645,0.640,1,1,1,1,126,,1815,visual,Data,TrackUpdate,0.10,1
42,19,0,181.59,19.736,0.889,0.718,1.000,0.0,0.0,44.778,4.829,14.062,0,44.778,1.700,0.300,0.450,0.639,0.643,1,1,1,1,126,,1810,visual,Data,TrackUpdate,0.10,2
44,20,0,181.59,8.401,3.833,0.907,1.000,0.0,0.0,227.484,-3.523,5.555,0,227.484,1.700,0.300,0.450,0.288,0.972,127,127,1,1,127,,1810,visual,Data,TrackUpdate,0.10,2
42,19,0,181.657,20.334,1.176,0.875,1.000,0.0,0.0,44.778,4.974,14.090,0,44.778,1.700,0.300,0.450,0.643,0.643,1,1,1,1,126,,1816,visual,Data,TrackUpdate,0.10,1
42,19,0,181.723,20.400,1.131,0.875,1.000,0.0,0.0,44.778,4.982,14.095,0,44.778,1.700,0.300,0.450,0.643,0.642,127,127,1,1,127,,1817,visual,Data,TrackUpdate,0.10,1
42,19,0,181.857,20.534,1.507,0.474,1.000,0.0,0.0,46.940,5.232,14.145,0,46.940,1.700,0.300,0.450,0.650,0.641,1,1,1,1,126,,1818,visual,Data,TrackUpdate,0.10,1
42,19,0,181.924,20.601,1.512,0.469,1.000,0.0,0.0,46.940,5.252,14.137,0,46.940,1.700,0.300,0.450,0.651,0.642,1,1,1,1,126,,1819,visual,Data,TrackUpdate,0.10,1
42,19,0,182.125,20.802,1.687,0.469,1.000,0.0,0.0,46.940,5.321,14.159,0,46.940,1.700,0.300,0.450,0.653,0.641,127,127,1,1,127,,1821,visual,Data,TrackUpdate,0.10,1
42,19,0,182.257,20.934,1.669,0.589,1.000,0.0,0.0,46.940,5.323,14.148,0,46.940,1.700,0.300,0.450,0.653,0.642,1,1,1,1,126,,1822,visual,Data,TrackUpdate,0.10,1
42,19,0,182.323,21.000,1.622,0.643,1.000,0.0,0.0,46.940,5.339,14.155,0,46.940,1.700,0.300,0.450,0.653,0.641,1,1,1,1,126,,1823,visual,Data,TrackUpdate,0.10,1
42,19,0,182.457,21.134,1.637,0.838,1.000,0.0,0.0,46.940,5.406,14.185,0,46.940,1.700,0.300,0.450,0.655,0.641,1,1,1,1,126,,1824,visual,Data,TrackUpdate,0.10,1
42,19,0,182.525,21.202,1.732,0.511,1.000,0.0,0.0,46.940,5.425,14.201,0,46.940,1.700,0.300,0.450,0.655,0.640,1,1,1,1,126,,1825,visual,Data,TrackUpdate,0.10,1
42,19,0,182.57,20.734,1.601,0.469,1.000,0.0,0.0,46.940,5.297,14.151,0,46.940,1.700,0.300,0.450,0.652,0.641,127,127,1,1,127,,1820,visual,Data,TrackUpdate,0.10,1
42,19,0,182.657,21.334,1.240,0.337,1.000,0.0,0.0,46.940,5.246,14.111,0,46.940,1.700,0.300,0.450,0.651,0.642,1,1,1,1,126,,1826,visual,Data,TrackUpdate,0.10,1
42,19,0,182.723,21.400,1.194,0.337,1.000,0.0,0.0,46.940,5.253,14.115,0,46.940,1.700,0.300,0.450,0.651,0.642,127,127,1,1,127,,1827,visual,Data,TrackUpdate,0.10,1
42,19,0,182.858,21.535,1.196,0.337,1.000,0.0,0.0,46.940,5.289,14.121,0,46.940,1.700,0.300,0.450,0.652,0.642,127,127,1,1,127,,1828,visual,Data,TrackUpdate,0.10,1
42,19,0,182.924,21.601,1.228,0.337,1.000,0.0,0.0,46.940,5.306,14.124,0,46.940,1.700,0.300,0.450,0.653,0.642,127,127,1,1,127,,1829,visual,Data,TrackUpdate,0.10,1
42,19,0,183.125,21.802,0.954,0.337,1.000,0.0,0.0,46.940,5.357,14.132,0,46.940,1.700,0.300,0.450,0.654,0.642,127,127,1,1,127,,1831,visual,Data,TrackUpdate,0.10,1
42,19,0,183.257,21.934,0.924,0.337,1.000,0.0,0.0,46.940,5.384,14.136,0,46.940,1.700,0.300,0.450,0.655,0.642,127,127,1,1,127,,1832,visual,Data,TrackUpdate,0.10,1
42,19,0,183.324,22.001,0.923,0.337,1.000,0.0,0.0,46.940,5.398,14.139,0,46.940,1.700,0.300,0.450,0.655,0.642,127,127,1,1,127,,1833,visual,Data,TrackUpdate,0.10,1
42,19,0,183.457,22.134,0.718,0.337,1.000,0.0,0.0,46.940,5.425,14.145,0,46.940,1.700,0.300,0.450,0.656,0.642,127,127,1,1,127,,1834,visual,Data,TrackUpdate,0.10,1
42,19,0,183.525,22.202,0.659,0.337,1.000,0.0,0.0,46.940,5.436,14.147,0,46.940,1.700,0.300,0.450,0.656,0.642,127,127,1,1,127,,1835,visual,Data,TrackUpdate,0.10,1
42,19,0,183.58,21.735,1.066,0.337,1.000,0.0,0.0,46.940,5.341,14.129,0,46.940,1.700,0.300,0.450,0.653,0.642,127,127,1,1,127,,1830,visual,Data,TrackUpdate,0.10,1
42,19,0,183.657,22.334,0.671,0.337,1.000,0.0,0.0,46.940,5.455,14.152,0,46.940,1.700,0.300,0.450,0.657,0.642,127,127,1,1,127,,1836,visual,Data,TrackUpdate,0.10,1
42,19,0,183.723,22.400,0.690,0.337,1.000,0.0,0.0,46.940,5.465,14.154,0,46.940,1.700,0.300,0.450,0.657,0.642,127,127,1,1,127,,1837,visual,Data,TrackUpdate,0.10,1
42,19,0,183.857,22.534,0.866,0.337,1.000,0.0,0.0,46.940,5.488,14.160,0,46.940,1.700,0.300,0.450,0.657,0.642,127,127,1,1,127,,1838,visual,Data,TrackUpdate,0.10,1
42,19,0,183.923,22.600,0.523,0.337,1.000,0.0,0.0,46.940,5.501,14.164,0,46.940,1.700,0.300,0.450,0.658,0.642,127,127,1,1,127,,1839,visual,Data,TrackUpdate,0.10,1
42,19,0,184.123,22.800,0.426,0.337,1.000,0.0,0.0,46.940,5.524,14.170,0,46.940,1.700,0.300,0.450,0.658,0.642,127,127,1,1,127,,1841,visual,Data,TrackUpdate,0.10,1
42,19,0,184.257,22.934,0.370,0.337,1.000,0.0,0.0,46.940,5.536,14.173,0,46.940,1.700,0.300,0.450,0.658,0.641,127,127,1,1,127,,1842,visual,Data,TrackUpdate,0.10,1
42,19,0,184.323,23.000,0.336,0.337,1.000,0.0,0.0,46.940,5.542,14.175,0,46.940,1.700,0.300,0.450,0.658,0.641,127,127,1,1,127,,1843,visual,Data,TrackUpdate,0.10,1
42,19,0,184.458,23.135,0.355,0.337,1.000,0.0,0.0,46.940,5.553,14.178,0,46.940,1.700,0.300,0.450,0.659,0.641,127,127,1,1,127,,1844,visual,Data,TrackUpdate,0.10,1
42,19,0,184.525,23.202,0.330,0.337,1.000,0.0,0.0,46.940,5.558,14.179,0,46.940,1.700,0.300,0.450,0.659,0.641,127,127,1,1,127,,1845,visual,Data,TrackUpdate,0.10,1
42,19,0,184.57,22.734,0.456,0.337,1.000,0.0,0.0,46.940,5.517,14.168,0,46.940,1.700,0.300,0.450,0.658,0.642,127,127,1,1,127,,1840,visual,Data,TrackUpdate,0.10,1
51,23,0,186.323,0.000,9.328,0.992,0.993,0.0,0.0,43.618,-0.887,5.246,0,43.618,1.700,0.300,0.450,0.422,1.037,1,1,1,1,126,,1863,visual,Data,TrackUpdate,0.10,1
51,23,0,186.457,0.134,8.586,0.985,0.987,0.0,0.0,43.618,-0.732,5.448,0,43.618,1.700,0.300,0.450,0.432,1.023,127,127,1,1,127,,1864,visual,Data,TrackUpdate,0.10,1
51,23,0,186.523,0.200,8.362,0.996,0.997,0.0,0.0,43.618,-0.610,5.504,0,43.618,1.700,0.300,0.450,0.439,1.020,127,127,1,1,127,,1865,visual,Data,TrackUpdate,0.10,1
51,23,0,186.657,0.334,7.413,0.996,0.997,0.0,0.0,43.618,-0.439,5.523,0,43.618,1.700,0.300,0.450,0.449,1.020,127,127,1,1,127,,1866,visual,Data,TrackUpdate,0.10,1
51,23,0,186.723,0.400,7.351,0.990,0.992,0.0,0.0,43.618,-0.344,5.602,0,43.618,1.700,0.300,0.450,0.454,1.016,127,127,1,1,127,,1867,visual,Data,TrackUpdate,0.10,1
51,23,0,186.857,0.534,7.399,0.992,0.994,0.0,0.0,43.618,-0.160,5.825,0,43.618,1.700,0.300,0.450,0.465,1.001,127,127,1,1,127,,1868,visual,Data,TrackUpdate,0.10,1
51,23,0,186.923,0.600,7.393,0.984,0.988,0.0,0.0,47.857,-0.062,5.916,0,47.857,1.700,0.300,0.450,0.471,0.995,127,127,1,1,127,,1869,visual,Data,TrackUpdate,0.10,1
51,23,0,187.123,0.800,7.228,0.989,0.993,0.0,0.0,47.857,0.058,6.752,0,47.857,1.700,0.300,0.450,0.480,0.939,1,1,1,1,126,,1871,visual,Data,TrackUpdate,0.10,1
51,23,0,187.257,0.934,7.351,0.995,0.997,0.0,0.0,41.808,0.184,7.123,0,41.808,1.700,0.300,0.450,0.488,0.916,1,1,1,1,126,,1872,visual,Data,TrackUpdate,0.10,1
51,23,0,187.323,1.000,7.183,0.989,0.993,0.0,0.0,41.808,0.213,7.214,0,41.808,1.700,0.300,0.450,0.489,0.910,1,1,1,1,126,,1873,visual,Data,TrackUpdate,0.10,1
51,23,0,187.456,1.133,7.026,0.993,0.996,0.0,0.0,41.808,0.320,7.400,0,41.808,1.700,0.300,0.450,0.495,0.900,1,1,1,1,126,,1874,visual,Data,TrackUpdate,0.10,1
51,23,0,187.523,1.200,7.250,0.995,0.997,0.0,0.0,38.456,0.438,7.597,0,38.456,1.700,0.300,0.450,0.501,0.889,1,1,1,1,126,,1875,visual,Data,TrackUpdate,0.10,1
51,23,0,187.58,0.735,7.357,0.972,0.981,0.0,0.0,47.857,0.030,6.569,0,47.857,1.700,0.300,0.450,0.479,0.951,1,1,1,1,126,,1870,visual,Data,TrackUpdate,0.10,1
51,23,0,187.657,1.334,7.151,0.990,0.995,0.0,0.0,38.456,0.552,7.794,0,38.456,1.700,0.300,0.450,0.506,0.878,1,1,1,1,126,,1876,visual,Data,TrackUpdate,0.10,1
51,23,0,187.723,1.400,7.176,0.980,0.990,0.0,0.0,38.456,0.616,7.926,0,38.456,1.700,0.300,0.450,0.509,0.870,1,1,1,1,126,,1877,visual,Data,TrackUpdate,0.10,1
51,23,0,187.857,1.534,6.905,0.968,0.985,0.0,0.0,38.456,0.714,8.006,0,38.456,1.700,0.300,0.450,0.514,0.867,1,1,1,1,126,,1878,visual,Data,TrackUpdate,0.10,1
51,23,0,187.923,1.600,7.006,0.969,0.986,0.0,0.0,38.245,0.819,8.152,0,38.245,1.700,0.300,0.450,0.519,0.858,1,1,1,1,126,,1879,visual,Data,TrackUpdate,0.10,1
51,23,0,188.123,1.800,7.257,0.964,0.987,0.0,0.0,35.929,1.035,8.665,0,35.929,1.700,0.300,0.450,0.528,0.833,1,1,1,1,126,,1881,visual,Data,TrackUpdate,0.10,1
51,23,0,188.257,1.934,7.317,0.936,0.979,0.0,0.0,35.929,1.113,8.982,0,35.929,1.700,0.300,0.450,0.531,0.818,1,1,1,1,126,,1882,visual,Data,TrackUpdate,0.10,1
51,23,0,188.323,2.000,7.247,0.946,0.983,0.0,0.0,35.929,1.147,9.069,0,35.929,1.700,0.300,0.450,0.532,0.813,1,1,1,1,126,,1883,visual,Data,TrackUpdate,0.10,1
51,23,0,188.457,2.134,6.846,0.937,0.982,0.0,0.0,30.669,1.228,9.142,0,30.669,1.700,0.300,0.450,0.536,0.810,1,1,1,1,126,,1884,visual,Data,TrackUpdate,0.10,1
51,23,0,188.524,2.201,6.859,0.950,0.986,0.0,0.0,30.669,1.309,9.237,0,30.669,1.700,0.300,0.450,0.539,0.806,1,1,1,1,126,,1885,visual,Data,TrackUpdate,0.10,1
51,23,0,188.57,1.734,7.048,0.984,0.994,0.0,0.0,38.245,0.957,8.409,0,38.245,1.700,0.300,0.450,0.525,0.846,1,1,1,1,126,,1880,visual,Data,TrackUpdate,0.10,1
51,23,0,188.657,2.334,6.733,0.972,0.993,0.0,0.0,30.669,1.487,9.459,0,30.669,1.700,0.300,0.450,0.546,0.795,1,1,1,1,126,,1886,visual,Data,TrackUpdate,0.10,1
51,23,0,188.723,2.400,6.668,0.988,0.997,0.0,0.0,31.937,1.583,9.541,0,31.937,1.700,0.300,0.450,0.550,0.793,1,1,1,1,126,,1887,visual,Data,TrackUpdate,0.10,1
51,23,0,188.857,2.534,6.912,0.979,0.995,0.0,0.0,31.937,1.774,9.848,0,31.937,1.700,0.300,0.450,0.557,0.780,1,1,1,1,126,,1888,visual,Data,TrackUpdate,0.10,1
51,23,0,188.923,2.600,6.968,0.980,0.995,0.0,0.0,31.937,1.834,9.940,0,31.937,1.700,0.300,0.450,0.559,0.775,1,1,1,1,126,,1889,visual,Data,TrackUpdate,0.10,1
51,23,0,189.123,2.800,6.897,0.991,0.998,0.0,0.0,30.571,1.979,10.157,0,30.571,1.700,0.300,0.450,0.564,0.767,1,1,1,1,126,,1891,visual,Data,TrackUpdate,0.10,1
51,23,0,189.257,2.934,7.177,0.985,0.997,0.0,0.0,31.023,2.222,10.531,0,31.023,1.700,0.300,0.450,0.572,0.752,1,1,1,1,126,,1892,visual,Data,TrackUpdate,0.10,1
51,23,0,189.323,3.000,7.272,0.961,0.992,0.0,0.0,31.023,2.290,10.683,0,31.023,1.700,0.300,0.450,0.574,0.745,1,1,1,1,126,,1893,visual,Data,TrackUpdate,0.10,1
51,23,0,189.457,3.134,7.157,0.996,0.999,0.0,0.0,31.023,2.408,10.828,0,31.023,1.700,0.300,0.450,0.578,0.741,1,1,1,1,126,,1894,visual,Data,TrackUpdate,0.10,1
51,23,0,189.523,3.200,6.973,0.992,0.999,0.0,0.0,31.023,2.459,10.883,0,31.023,1.700,0.300,0.450,0.580,0.739,1,1,1,1,126,,1895,visual,Data,TrackUpdate,0.10,1
51,23,0,189.57,2.734,6.966,0.991,0.998,0.0,0.0,30.571,1.915,10.077,0,30.571,1.700,0.300,0.450,0.562,0.770,1,1,1,1,126,,1890,visual,Data,TrackUpdate,0.10,1
51,23,0,189.657,3.334,7.199,0.992,0.999,0.0,0.0,31.640,2.681,11.163,0,31.640,1.700,0.300,0.450,0.586,0.729,1,1,1,1,126,,1896,visual,Data,TrackUpdate,0.10,1
51,23,0,189.723,3.400,6.975,0.989,0.998,0.0,0.0,31.640,2.680,11.097,0,31.640,1.700,0.300,0.450,0.587,0.731,1,1,1,1,126,,1897,visual,Data,TrackUpdate,0.10,1
51,23,0,189.857,3.534,6.923,0.996,0.999,0.0,0.0,31.640,2.898,11.327,0,31.640,1.700,0.300,0.450,0.593,0.723,1,1,1,1,126,,1898,visual,Data,TrackUpdate,0.10,1
51,23,0,189.923,3.600,6.807,0.996,0.999,0.0,0.0,33.452,2.968,11.359,0,33.452,1.700,0.300,0.450,0.596,0.722,1,1,1,1,126,,1899,visual,Data,TrackUpdate,0.10,1
8,2,5,19.123,1.599,11.880,0.515,0.835,0.0,0.0,45.360,7.318,13.965,0,45.360,1.500,5.000,2.000,0.708,0.651,127,127,1,1,127,,191,visual,Data,TrackUpdate,0.10,1
8,2,5,19.258,1.734,11.863,0.515,0.842,0.0,0.0,45.405,7.631,14.267,0,45.405,1.500,5.000,2.000,0.714,0.644,127,127,1,1,127,,192,visual,Data,TrackUpdate,0.10,1
8,2,5,19.324,1.800,11.853,0.515,0.845,0.0,0.0,45.405,7.782,14.415,0,45.405,1.500,5.000,2.000,0.716,0.640,127,127,1,1,127,,193,visual,Data,TrackUpdate,0.10,1
8,2,5,19.457,1.933,11.940,0.515,0.851,0.0,0.0,46.034,8.105,14.692,0,46.034,1.500,5.000,2.000,0.722,0.633,127,127,1,1,127,,194,visual,Data,TrackUpdate,0.10,1
8,2,5,19.523,1.999,11.733,0.515,0.854,0.0,0.0,46.034,8.256,14.838,0,46.034,1.500,5.000,2.000,0.724,0.630,127,127,1,1,127,,195,visual,Data,TrackUpdate,0.10,1
8,2,5,19.59,1.535,11.885,0.515,0.832,0.0,0.0,45.360,7.169,13.820,0,45.360,1.500,5.000,2.000,0.706,0.655,1,1,1,1,126,,190,visual,Data,TrackUpdate,0.10,1
51,23,0,190.123,3.800,6.648,0.987,0.998,0.0,0.0,33.452,3.119,11.518,0,33.452,1.700,0.300,0.450,0.601,0.717,1,1,1,1,126,,1901,visual,Data,TrackUpdate,0.10,1
51,23,0,190.258,3.935,6.892,0.991,0.999,0.0,0.0,35.023,3.368,11.799,0,35.023,1.700,0.300,0.450,0.607,0.707,1,1,1,1,126,,1902,visual,Data,TrackUpdate,0.10,1
51,23,0,190.323,4.000,7.022,0.997,1.000,0.0,0.0,35.023,3.463,11.915,0,35.023,1.700,0.300,0.450,0.610,0.705,1,1,1,1,126,,1903,visual,Data,TrackUpdate,0.10,1
51,23,0,190.457,4.134,6.786,0.997,1.000,0.0,0.0,35.023,3.683,12.524,0,35.023,1.900,1.100,0.450,0.614,0.684,1,1,1,1,126,,1904,visual,Data,TrackUpdate,0.10,1
51,23,0,190.523,4.200,6.690,0.998,1.000,0.0,0.0,35.111,3.774,12.626,0,35.111,1.900,1.100,0.450,0.616,0.681,1,1,1,1,126,,1905,visual,Data,TrackUpdate,0.10,1
51,23,0,190.57,3.734,6.915,0.997,1.000,0.0,0.0,33.452,3.144,11.603,0,33.452,1.700,0.300,0.450,0.601,0.714,1,1,1,1,126,,1900,visual,Data,TrackUpdate,0.10,1
51,23,0,190.658,4.335,6.745,0.998,1.000,0.0,0.0,35.111,3.913,12.810,0,35.111,1.900,1.100,0.450,0.619,0.676,1,1,1,1,126,,1906,visual,Data,TrackUpdate,0.10,1
51,23,0,190.723,4.400,6.703,0.969,0.998,0.0,0.0,35.111,3.883,12.773,0,35.111,1.900,1.100,0.450,0.619,0.677,1,1,1,1,126,,1907,visual,Data,TrackUpdate,0.10,1
51,23,0,190.858,4.535,6.986,0.987,0.999,0.0,0.0,35.070,4.133,13.135,0,35.070,1.900,1.100,0.450,0.624,0.667,1,1,1,1,126,,1908,visual,Data,TrackUpdate,0.10,1
51,23,0,190.926,4.603,7.030,0.993,1.000,0.0,0.0,35.070,4.197,13.226,0,35.070,1.900,1.100,0.450,0.626,0.664,1,1,1,1,126,,1909,visual,Data,TrackUpdate,0.10,1
51,23,0,191.123,4.800,6.335,0.825,0.997,0.0,0.0,35.070,4.238,13.234,0,35.070,1.900,1.100,0.450,0.627,0.664,1,1,1,1,126,,1911,visual,Data,TrackUpdate,0.10,1
51,23,0,191.257,4.934,6.350,0.890,0.999,0.0,0.0,35.070,4.440,13.488,0,35.070,1.900,1.100,0.450,0.632,0.656,1,1,1,1,126,,1912,visual,Data,TrackUpdate,0.10,1
51,23,0,191.323,5.000,6.177,0.512,1.000,0.0,0.0,35.070,4.434,13.507,0,35.070,1.900,1.100,0.450,0.631,0.656,1,1,1,1,126,,1913,visual,Data,TrackUpdate,0.10,1
51,23,0,191.457,5.134,6.360,0.889,1.000,0.0,0.0,35.296,4.561,13.721,0,35.296,1.900,1.100,0.450,0.634,0.651,1,1,1,1,126,,1914,visual,Data,TrackUpdate,0.10,1
51,23,0,191.525,5.202,6.123,0.951,1.000,0.0,0.0,35.296,4.529,13.679,0,35.296,1.900,1.100,0.450,0.633,0.652,1,1,1,1,126,,1915,visual,Data,TrackUpdate,0.10,1
51,23,0,191.57,4.734,6.694,0.861,0.996,0.0,0.0,35.070,4.288,13.301,0,35.070,1.900,1.100,0.450,0.628,0.662,1,1,1,1,126,,1910,visual,Data,TrackUpdate,0.10,1
51,23,0,191.659,5.336,5.573,0.973,1.000,0.0,0.0,35.296,4.535,13.511,0,35.296,1.700,0.300,0.450,0.634,0.656,1,1,1,1,126,,1916,visual,Data,TrackUpdate,0.10,1
51,23,0,191.725,5.402,5.239,0.969,1.000,0.0,0.0,35.296,4.537,13.552,0,35.296,1.700,0.300,0.450,0.634,0.656,1,1,1,1,126,,1917,visual,Data,TrackUpdate,0.10,1
51,23,0,191.858,5.535,5.526,0.450,1.000,0.0,0.0,35.143,4.617,13.758,0,35.143,1.700,0.300,0.450,0.635,0.650,1,1,1,1,126,,1918,visual,Data,TrackUpdate,0.10,1
51,23,0,191.925,5.602,5.395,0.427,1.000,0.0,0.0,35.143,4.678,13.755,0,35.143,1.700,0.300,0.450,0.637,0.650,1,1,1,1,126,,1919,visual,Data,TrackUpdate,0.10,1
51,23,0,192.125,5.802,4.991,0.359,1.000,0.0,0.0,35.143,4.789,13.736,0,35.143,1.700,0.300,0.450,0.641,0.651,127,127,1,1,127,,1921,visual,Data,TrackUpdate,0.10,1
51,23,0,192.258,5.935,4.890,0.359,1.000,0.0,0.0,35.143,4.902,13.877,0,35.143,1.700,0.300,0.450,0.643,0.647,127,127,1,1,127,,1922,visual,Data,TrackUpdate,0.10,1
51,23,0,192.325,6.002,4.774,0.359,1.000,0.0,0.0,35.143,4.959,13.948,0,35.143,1.700,0.300,0.450,0.644,0.645,127,127,1,1,127,,1923,visual,Data,TrackUpdate,0.10,1
51,23,0,192.457,6.134,4.954,0.359,1.000,0.0,0.0,36.718,5.069,14.083,0,36.718,1.700,0.300,0.450,0.646,0.642,127,127,1,1,127,,1924,visual,Data,TrackUpdate,0.10,1
51,23,0,192.523,6.200,4.727,0.359,1.000,0.0,0.0,36.718,5.125,14.154,0,36.718,1.700,0.300,0.450,0.647,0.640,127,127,1,1,127,,1925,visual,Data,TrackUpdate,0.10,1
51,23,0,192.57,5.734,5.063,0.359,1.000,0.0,0.0,35.143,4.727,13.661,0,35.143,1.700,0.300,0.450,0.639,0.653,1,1,1,1,126,,1920,visual,Data,TrackUpdate,0.10,1
51,23,0,192.657,6.334,4.558,0.359,1.000,0.0,0.0,36.718,5.232,14.292,0,36.718,1.700,0.300,0.450,0.649,0.637,127,127,1,1,127,,1926,visual,Data,TrackUpdate,0.10,1
51,23,0,192.723,6.400,4.407,0.359,1.000,0.0,0.0,36.718,5.284,14.357,0,36.718,1.700,0.300,0.450,0.650,0.635,127,127,1,1,127,,1927,visual,Data,TrackUpdate,0.10,1
51,23,0,192.857,6.534,4.233,0.359,1.000,0.0,0.0,37.885,5.386,14.484,0,37.885,1.700,0.300,0.450,0.652,0.632,127,127,1,1,127,,1928,visual,Data,TrackUpdate,0.10,1
51,23,0,192.924,6.601,4.192,0.359,1.000,0.0,0.0,37.885,5.435,14.546,0,37.885,1.700,0.300,0.450,0.653,0.631,127,127,1,1,127,,1929,visual,Data,TrackUpdate,0.10,1
51,23,0,193.57,6.734,4.304,0.359,1.000,0.0,0.0,37.885,5.531,14.669,0,37.885,1.700,0.300,0.450,0.655,0.629,127,127,1,1,127,,1930,visual,Data,TrackUpdate,0.10,1
56,24,5,196.123,0.125,11.293,0.869,0.915,0.0,0.0,222.067,5.740,12.735,0,222.067,1.500,5.000,2.000,0.676,0.682,1,1,1,1,126,,1961,visual,Data,TrackUpdate,0.10,1
56,24,5,196.257,0.259,11.398,0.910,0.947,0.0,0.0,222.067,5.356,12.466,0,222.067,1.500,5.000,2.000,0.666,0.691,1,1,1,1,126,,1962,visual,Data,TrackUpdate,0.10,1
56,24,5,196.323,0.325,11.693,0.971,0.984,0.0,0.0,222.067,5.034,12.356,0,222.067,1.500,5.000,2.000,0.657,0.693,1,1,1,1,126,,1963,visual,Data,TrackUpdate,0.10,1
56,24,5,196.457,0.459,11.534,0.933,0.967,0.0,0.0,222.067,4.778,12.036,0,222.067,1.500,5.000,2.000,0.652,0.704,1,1,1,1,126,,1964,visual,Data,TrackUpdate,0.10,1
56,24,5,196.523,0.525,11.696,0.903,0.955,0.0,0.0,222.067,4.533,11.889,0,222.067,1.500,5.000,2.000,0.645,0.707,1,1,1,1,126,,1965,visual,Data,TrackUpdate,0.10,1
56,24,5,196.57,0.059,11.533,0.963,0.975,0.0,0.0,222.067,5.874,12.839,0,222.067,1.500,5.000,2.000,0.679,0.680,1,1,1,1,126,,1960,visual,Data,TrackUpdate,0.10,1
56,24,5,196.657,0.659,11.786,0.716,0.877,0.0,0.0,222.067,4.130,11.604,0,222.067,1.500,5.000,2.000,0.634,0.717,1,1,1,1,126,,1966,visual,Data,TrackUpdate,0.10,1
56,24,5,196.723,0.725,11.624,0.916,0.964,0.0,0.0,222.067,3.987,11.515,0,222.067,1.500,5.000,2.000,0.630,0.719,1,1,1,1,126,,1967,visual,Data,TrackUpdate,0.10,1
56,24,5,196.857,0.859,11.540,0.893,0.956,0.0,0.0,222.067,3.670,11.230,0,222.067,1.500,5.000,2.000,0.620,0.729,1,1,1,1,126,,1968,visual,Data,TrackUpdate,0.10,1
56,24,5,196.923,0.925,11.507,0.745,0.896,0.0,0.0,234.201,3.787,10.731,0,234.201,1.500,5.000,2.000,0.628,0.749,1,1,1,1,126,,1969,visual,Data,TrackUpdate,0.10,1
56,24,5,197.123,1.125,11.394,0.886,0.956,0.0,0.0,230.432,3.105,10.493,0,230.432,1.500,5.000,2.000,0.605,0.756,1,1,1,1,126,,1971,visual,Data,TrackUpdate,0.10,1
56,24,5,197.257,1.259,11.249,0.851,0.944,0.0,0.0,230.432,2.805,10.258,0,230.432,1.500,5.000,2.000,0.595,0.766,1,1,1,1,126,,1972,visual,Data,TrackUpdate,0.10,1
56,24,5,197.323,1.325,11.264,0.873,0.953,0.0,0.0,229.541,2.614,10.129,0,229.541,1.500,5.000,2.000,0.589,0.770,1,1,1,1,126,,1973,visual,Data,TrackUpdate,0.10,1
56,24,5,197.457,1.459,11.336,0.911,0.968,0.0,0.0,229.541,2.271,9.776,0,229.541,1.500,5.000,2.000,0.577,0.784,1,1,1,1,126,,1974,visual,Data,TrackUpdate,0.10,1
56,24,5,197.523,1.525,11.351,0.859,0.951,0.0,0.0,228.132,2.078,9.655,0,228.132,1.500,5.000,2.000,0.570,0.789,1,1,1,1,126,,1975,visual,Data,TrackUpdate,0.10,1
56,24,5,197.57,1.059,11.426,0.840,0.937,0.0,0.0,234.201,3.391,10.475,0,234.201,1.500,5.000,2.000,0.616,0.758,1,1,1,1,126,,1970,visual,Data,TrackUpdate,0.10,1
56,24,5,197.657,1.659,11.334,0.382,0.794,0.0,0.0,228.132,1.777,9.342,0,228.132,1.500,5.000,2.000,0.558,0.803,1,1,1,1,126,,1976,visual,Data,TrackUpdate,0.10,1
56,24,5,197.723,1.725,11.076,0.632,0.879,0.0,0.0,227.537,1.604,9.211,0,227.537,1.500,5.000,2.000,0.552,0.807,1,1,1,1,126,,1977,visual,Data,TrackUpdate,0.10,1
56,24,5,197.857,1.859,10.248,0.982,0.994,0.0,0.0,227.537,1.360,8.935,0,227.537,1.500,5.000,2.000,0.542,0.820,127,127,1,1,127,,1978,visual,Data,TrackUpdate,0.10,1
56,24,5,197.923,1.925,10.841,0.950,0.985,0.0,0.0,226.131,1.122,8.788,0,226.131,1.500,5.000,2.000,0.532,0.827,127,127,1,1,127,,1979,visual,Data,TrackUpdate,0.10,1
56,24,5,198.123,2.125,10.855,0.885,0.967,0.0,0.0,225.996,0.608,8.280,0,225.996,1.500,5.000,2.000,0.509,0.851,127,127,1,1,127,,1981,visual,Data,TrackUpdate,0.10,1
56,24,5,198.257,2.259,11.629,0.983,0.995,0.0,0.0,226.064,0.229,7.898,0,226.064,1.500,5.000,2.000,0.492,0.870,127,127,1,1,127,,1982,visual,Data,TrackUpdate,0.10,1
56,24,5,198.323,2.325,11.804,0.981,0.995,0.0,0.0,226.064,-0.022,7.650,0,226.064,1.500,5.000,2.000,0.479,0.882,127,127,1,1,127,,1983,visual,Data,TrackUpdate,0.10,1
56,24,5,198.457,2.459,12.249,0.950,0.987,0.0,0.0,225.986,-0.485,7.194,0,225.986,1.500,5.000,2.000,0.456,0.906,127,127,1,1,127,,1984,visual,Data,TrackUpdate,0.10,1
56,24,5,198.523,2.525,12.552,0.993,0.998,0.0,0.0,224.676,-0.798,6.965,0,224.676,1.500,5.000,2.000,0.439,0.919,127,127,1,1,127,,1985,visual,Data,TrackUpdate,0.10,1
56,24,5,198.57,2.059,10.646,0.842,0.954,0.0,0.0,226.131,0.816,8.479,0,226.131,1.500,5.000,2.000,0.519,0.842,127,127,1,1,127,,1980,visual,Data,TrackUpdate,0.10,1
56,24,5,198.657,2.659,12.563,0.984,0.996,0.0,0.0,224.693,-1.196,6.565,0,224.693,1.500,5.000,2.000,0.416,0.940,127,127,1,1,127,,1986,visual,Data,TrackUpdate,0.10,1
56,24,5,198.723,2.725,12.631,0.914,0.980,0.0,0.0,224.693,-1.361,6.400,0,224.693,1.500,5.000,2.000,0.407,0.949,127,127,1,1,127,,1987,visual,Data,TrackUpdate,0.10,1
56,24,5,198.857,2.859,12.699,0.792,0.955,0.0,0.0,224.736,-1.717,6.040,0,224.736,1.500,5.000,2.000,0.385,0.969,127,127,1,1,127,,1988,visual,Data,TrackUpdate,0.10,1
56,24,5,198.924,2.926,12.733,0.751,0.948,0.0,0.0,224.736,-1.897,5.860,0,224.736,1.500,5.000,2.000,0.374,0.980,127,127,1,1,127,,1989,visual,Data,TrackUpdate,0.10,1
56,24,5,199.123,3.125,13.027,0.478,0.902,0.0,0.0,224.750,-2.458,5.297,0,224.750,1.500,5.000,2.000,0.338,1.010,127,127,1,1,127,,1991,visual,Data,TrackUpdate,0.10,1
56,24,5,199.257,3.259,13.279,0.478,0.909,0.0,0.0,224.183,-2.856,4.932,0,224.183,1.500,5.000,2.000,0.311,1.029,127,127,1,1,127,,1992,visual,Data,TrackUpdate,0.10,1
56,24,5,199.323,3.325,13.403,0.478,0.913,0.0,0.0,224.216,-3.043,4.741,0,224.216,1.500,5.000,2.000,0.299,1.038,127,127,1,1,127,,1993,visual,Data,TrackUpdate,0.10,1
56,24,5,199.457,3.459,13.633,0.478,0.920,0.0,0.0,224.189,-3.428,4.354,0,224.189,1.500,5.000,2.000,0.273,1.056,127,127,1,1,127,,1994,visual,Data,TrackUpdate,0.10,1
56,24,5,199.57,3.059,12.959,0.478,0.899,0.0,0.0,224.750,-2.273,5.483,0,224.750,1.500,5.000,2.000,0.349,1.000,127,127,1,1,127,,1990,visual,Data,TrackUpdate,0.10,1
6,0,0,2.123,1.466,3.809,0.996,0.998,0.0,0.0,213.664,-2.727,5.961,0,213.664,1.700,0.300,0.450,0.333,0.960,127,127,1,1,127,,21,visual,Data,TrackUpdate,0.10,1
6,0,0,2.257,1.600,3.788,0.992,0.996,0.0,0.0,213.664,-2.799,5.852,0,213.664,1.700,0.300,0.450,0.328,0.966,127,127,1,1,127,,22,visual,Data,TrackUpdate,0.10,1
6,0,0,2.323,1.666,3.742,0.985,0.992,0.0,0.0,213.664,-2.834,5.829,0,213.664,1.700,0.300,0.450,0.326,0.967,127,127,1,1,127,,23,visual,Data,TrackUpdate,0.10,2
7,1,0,2.323,0.000,10.765,0.988,0.989,0.0,0.0,50.800,-0.963,5.226,0,50.800,1.700,0.300,0.450,0.418,1.038,1,1,1,1,126,,23,visual,Data,TrackUpdate,0.10,2
6,0,0,2.457,1.800,3.914,0.985,0.992,0.0,0.0,213.664,-2.936,5.725,0,213.664,1.700,0.300,0.450,0.319,0.972,127,127,1,1,127,,24,visual,Data,TrackUpdate,0.10,2
7,1,0,2.457,0.134,10.068,0.987,0.989,0.0,0.0,50.800,-0.745,5.452,0,50.800,1.700,0.300,0.450,0.432,1.022,127,127,1,1,127,,24,visual,Data,TrackUpdate,0.10,2
6,0,0,2.523,1.866,3.907,0.961,0.981,0.0,0.0,213.664,-3.001,5.663,0,213.664,1.700,0.300,0.450,0.315,0.975,127,127,1,1,127,,25,visual,Data,TrackUpdate,0.10,2
7,1,0,2.523,0.200,9.732,0.994,0.995,0.0,0.0,50.800,-0.603,5.493,0,50.800,1.700,0.300,0.450,0.439,1.021,127,127,1,1,127,,25,visual,Data,TrackUpdate,0.10,2
6,0,0,2.57,1.400,3.880,0.996,0.998,0.0,0.0,213.664,-2.700,5.978,0,213.664,1.700,0.300,0.450,0.334,0.958,127,127,1,1,127,,20,visual,Data,TrackUpdate,0.10,1
6,0,0,2.659,2.002,3.921,0.991,0.996,0.0,0.0,216.383,-3.147,5.550,0,216.383,1.700,0.300,0.450,0.306,0.980,127,127,1,1,127,,26,visual,Data,TrackUpdate,0.10,2
7,1,0,2.659,0.336,9.122,0.995,0.996,0.0,0.0,56.183,-0.357,5.592,0,56.183,1.700,0.300,0.450,0.454,1.017,127,127,1,1,127,,26,visual,Data,TrackUpdate,0.10,2
6,0,0,2.724,2.067,3.805,0.995,0.998,0.0,0.0,216.383,-3.182,5.557,0,216.383,1.700,0.300,0.450,0.305,0.979,127,127,1,1,127,,27,visual,Data,TrackUpdate,0.10,2
7,1,0,2.724,0.401,9.019,0.993,0.995,0.0,0.0,56.183,-0.241,5.676,0,56.183,1.700,0.300,0.450,0.460,1.011,127,127,1,1,127,,27,visual,Data,TrackUpdate,0.10,2
6,0,0,2.857,2.200,3.847,0.786,0.910,0.0,0.0,216.383,-3.306,5.490,0,216.383,1.700,0.300,0.450,0.297,0.981,127,127,1,1,127,,28,visual,Data,TrackUpdate,0.10,2
7,1,0,2.857,0.534,8.822,0.987,0.990,0.0,0.0,55.203,-0.016,5.855,0,55.203,1.700,0.300,0.450,0.473,1.000,127,127,1,1,127,,28,visual,Data,TrackUpdate,0.10,2
6,0,0,2.923,2.266,3.777,0.819,0.926,0.0,0.0,216.383,-3.360,5.436,0,216.383,1.700,0.300,0.450,0.294,0.983,127,127,1,1,127,,29,visual,Data,TrackUpdate,0.10,2
7,1,0,2.923,0.600,8.938,0.984,0.989,0.0,0.0,55.203,0.085,6.254,0,55.203,1.700,0.300,0.450,0.480,0.972,1,1,1,1,126,,29,visual,Data,TrackUpdate,0.10,2
62,25,0,205.123,0.125,2.674,0.983,0.986,0.0,0.0,56.981,2.557,6.572,0,56.981,1.700,0.300,0.450,0.604,0.959,127,127,1,1,127,,2051,visual,Data,TrackUpdate,0.10,1
62,25,0,205.257,0.259,2.845,0.985,0.989,0.0,0.0,56.981,2.583,6.970,0,56.981,1.700,0.300,0.450,0.603,0.933,1,1,1,1,126,,2052,visual,Data,TrackUpdate,0.10,1
62,25,0,205.324,0.326,2.930,0.942,0.957,0.0,0.0,56.981,2.643,7.072,0,56.981,1.700,0.300,0.450,0.605,0.928,1,1,1,1,126,,2053,visual,Data,TrackUpdate,0.10,1
62,25,0,205.457,0.459,2.969,0.967,0.976,0.0,0.0,42.407,2.736,7.187,0,42.407,1.700,0.300,0.450,0.609,0.921,1,1,1,1,126,,2054,visual,Data,TrackUpdate,0.10,1
62,25,0,205.523,0.525,3.141,0.958,0.971,0.0,0.0,42.407,2.835,7.296,0,42.407,1.700,0.300,0.450,0.613,0.915,1,1,1,1,126,,2055,visual,Data,TrackUpdate,0.10,1
62,25,0,205.57,0.059,2.580,0.995,0.996,0.0,0.0,56.981,2.454,6.573,0,56.981,1.700,0.300,0.450,0.599,0.959,127,127,1,1,127,,2050,visual,Data,TrackUpdate,0.10,1
62,25,0,205.657,0.659,3.139,0.981,0.987,0.0,0.0,42.407,2.922,7.371,0,42.407,1.700,0.300,0.450,0.616,0.910,1,1,1,1,126,,2056,visual,Data,TrackUpdate,0.10,1
62,25,0,205.723,0.725,3.127,0.982,0.988,0.0,0.0,42.407,2.959,7.414,0,42.407,1.700,0.300,0.450,0.618,0.907,1,1,1,1,126,,2057,visual,Data,TrackUpdate,0.10,1
62,25,0,205.857,0.859,3.187,0.712,0.818,0.0,0.0,43.624,3.059,7.528,0,43.624,1.700,0.300,0.450,0.621,0.901,1,1,1,1,126,,2058,visual,Data,TrackUpdate,0.10,1
62,25,0,205.923,0.925,3.185,0.688,0.807,0.0,0.0,43.624,3.099,7.573,0,43.624,1.700,0.300,0.450,0.622,0.898,1,1,1,1,126,,2059,visual,Data,TrackUpdate,0.10,1
62,25,0,206.123,1.125,3.551,0.973,0.985,0.0,0.0,43.624,3.365,7.830,0,43.624,1.700,0.300,0.450,0.632,0.883,1,1,1,1,126,,2061,visual,Data,TrackUpdate,0.10,1
62,25,0,206.257,1.259,4.278,0.963,0.980,0.0,0.0,45.360,3.463,7.865,0,45.360,1.700,0.300,0.450,0.636,0.882,1,1,1,1,126,,2062,visual,Data,TrackUpdate,0.10,1
62,25,0,206.323,1.325,4.217,0.966,0.982,0.0,0.0,45.360,3.473,7.851,0,45.360,1.700,0.300,0.450,0.636,0.882,1,1,1,1,126,,2063,visual,Data,TrackUpdate,0.10,1
62,25,0,206.457,1.459,3.962,0.920,0.960,0.0,0.0,45.360,3.608,7.916,0,45.360,1.700,0.300,0.450,0.642,0.879,1,1,1,1,126,,2064,visual,Data,TrackUpdate,0.10,1
62,25,0,206.523,1.525,3.930,0.729,0.868,0.0,0.0,45.360,3.642,7.942,0,45.360,1.700,0.300,0.450,0.643,0.878,1,1,1,1,126,,2065,visual,Data,TrackUpdate,0.10,1
62,25,0,206.57,1.059,3.475,0.994,0.997,0.0,0.0,43.624,3.300,7.801,0,43.624,1.700,0.300,0.450,0.630,0.885,1,1,1,1,126,,2060,visual,Data,TrackUpdate,0.10,1
62,25,0,206.657,1.659,4.275,0.553,0.800,0.0,0.0,45.360,3.839,8.130,0,45.360,1.700,0.300,0.450,0.649,0.868,1,1,1,1,126,,2066,visual,Data,TrackUpdate,0.10,1
62,25,0,206.723,1.725,4.359,0.553,0.807,0.0,0.0,47.556,3.907,8.185,0,47.556,1.700,0.300,0.450,0.652,0.865,127,127,1,1,127,,2067,visual,Data,TrackUpdate,0.10,1
62,25,0,206.857,1.859,4.568,0.837,0.936,0.0,0.0,47.556,3.959,8.416,0,47.556,1.700,0.300,0.450,0.652,0.853,1,1,1,1,126,,2068,visual,Data,TrackUpdate,0.10,1
62,25,0,206.923,1.925,4.561,0.807,0.926,0.0,0.0,47.556,3.966,8.466,0,47.556,1.700,0.300,0.450,0.652,0.850,1,1,1,1,126,,2069,visual,Data,TrackUpdate,0.10,1
62,25,0,207.123,2.125,4.264,0.431,0.805,0.0,0.0,47.556,4.078,8.631,0,47.556,1.700,0.300,0.450,0.655,0.842,1,1,1,1,126,,2071,visual,Data,TrackUpdate,0.10,1
62,25,0,207.257,2.259,4.470,0.949,0.985,0.0,0.0,43.021,4.230,8.839,0,43.021,1.700,0.300,0.450,0.659,0.831,1,1,1,1,126,,2072,visual,Data,TrackUpdate,0.10,1
62,25,0,207.323,2.325,4.438,0.902,0.972,0.0,0.0,43.021,4.287,8.883,0,43.021,1.700,0.300,0.450,0.660,0.830,1,1,1,1,126,,2073,visual,Data,TrackUpdate,0.10,1
62,25,0,207.457,2.459,4.222,0.912,0.977,0.0,0.0,43.021,4.329,8.845,0,43.021,1.700,0.300,0.450,0.663,0.831,1,1,1,1,126,,2074,visual,Data,TrackUpdate,0.10,1
62,25,0,207.523,2.525,3.903,0.445,0.861,0.0,0.0,43.021,4.310,8.785,0,43.021,1.700,0.300,0.450,0.663,0.834,1,1,1,1,126,,2075,visual,Data,TrackUpdate,0.10,1
62,25,0,207.57,2.059,4.182,0.856,0.948,0.0,0.0,47.556,3.996,8.530,0,47.556,1.700,0.300,0.450,0.653,0.846,127,127,1,1,127,,2070,visual,Data,TrackUpdate,0.10,1
62,25,0,207.657,2.659,3.859,0.445,0.870,0.0,0.0,43.021,4.407,8.879,0,43.021,1.700,0.300,0.450,0.666,0.830,127,127,1,1,127,,2076,visual,Data,TrackUpdate,0.10,1
62,25,0,207.723,2.725,3.881,0.445,0.874,0.0,0.0,43.021,4.458,8.927,0,43.021,1.700,0.300,0.450,0.667,0.828,127,127,1,1,127,,2077,visual,Data,TrackUpdate,0.10,1
62,25,0,207.857,2.859,3.722,0.445,0.881,0.0,0.0,43.021,4.560,9.027,0,43.021,1.700,0.300,0.450,0.670,0.822,127,127,1,1,127,,2078,visual,Data,TrackUpdate,0.10,1
62,25,0,207.923,2.925,3.802,0.445,0.885,0.0,0.0,43.021,4.608,9.075,0,43.021,1.700,0.300,0.450,0.671,0.820,127,127,1,1,127,,2079,visual,Data,TrackUpdate,0.10,1
62,25,0,208.123,3.125,3.816,0.445,0.896,0.0,0.0,44.984,4.764,9.220,0,44.984,1.700,0.300,0.450,0.676,0.814,127,127,1,1,127,,2081,visual,Data,TrackUpdate,0.10,1
62,25,0,208.257,3.259,3.728,0.445,0.903,0.0,0.0,44.984,4.865,9.320,0,44.984,1.700,0.300,0.450,0.678,0.809,127,127,1,1,127,,2082,visual,Data,TrackUpdate,0.10,1
62,25,0,208.323,3.325,3.577,0.445,0.907,0.0,0.0,44.984,4.914,9.368,0,44.984,1.700,0.300,0.450,0.679,0.807,127,127,1,1,127,,2083,visual,Data,TrackUpdate,0.10,1
62,25,0,208.457,3.459,3.628,0.445,0.914,0.0,0.0,44.984,5.009,9.461,0,44.984,1.700,0.300,0.450,0.682,0.803,127,127,1,1,127,,2084,visual,Data,TrackUpdate,0.10,1
62,25,0,208.523,3.525,3.636,0.445,0.918,0.0,0.0,45.057,5.057,9.508,0,45.057,1.700,0.300,0.450,0.683,0.801,127,127,1,1,127,,2085,visual,Data,TrackUpdate,0.10,1
62,25,0,208.57,3.059,3.868,0.445,0.892,0.0,0.0,44.984,4.713,9.171,0,44.984,1.700,0.300,0.450,0.674,0.816,127,127,1,1,127,,2080,visual,Data,TrackUpdate,0.10,1
72,26,0,224.923,0.000,2.888,0.564,0.644,0.0,0.0,314.073,3.463,15.600,0,314.073,1.700,0.300,0.450,0.593,0.599,1,1,1,1,126,,2249,visual,Data,TrackUpdate,0.10,1
72,26,0,225.125,0.202,2.410,0.612,0.700,0.0,0.0,314.073,3.429,15.482,0,314.073,1.700,0.300,0.450,0.593,0.602,1,1,1,1,126,,2251,visual,Data,TrackUpdate,0.10,1
72,26,0,225.258,0.335,2.592,0.971,0.978,0.0,0.0,314.073,3.280,15.572,0,314.073,1.700,0.300,0.450,0.588,0.599,1,1,1,1,126,,2252,visual,Data,TrackUpdate,0.10,2
73,27,0,225.258,0.067,3.325,0.996,0.997,0.0,0.0,246.389,4.556,13.779,0,246.389,1.700,0.300,0.450,0.633,0.649,1,1,1,1,126,,2252,visual,Data,TrackUpdate,0.10,2
72,26,0,225.323,0.400,2.674,0.969,0.977,0.0,0.0,314.073,3.210,15.617,0,314.073,1.700,0.300,0.450,0.586,0.597,1,1,1,1,126,,2253,visual,Data,TrackUpdate,0.10,2
73,27,0,225.323,0.132,3.351,0.993,0.996,0.0,0.0,246.389,4.542,13.672,0,246.389,1.700,0.300,0.450,0.634,0.653,1,1,1,1,126,,2253,visual,Data,TrackUpdate,0.10,2
69,28,5,225.459,0.062,7.670,0.984,0.987,0.0,0.0,37.885,3.763,10.382,0,37.885,1.500,5.000,2.000,0.630,0.763,1,1,1,1,126,,2254,visual,Data,TrackUpdate,0.10,3
72,26,0,225.459,0.536,2.569,0.959,0.971,0.0,0.0,314.073,3.116,15.558,0,314.073,1.700,0.300,0.450,0.583,0.598,1,1,1,1,126,,2254,visual,Data,TrackUpdate,0.10,3
73,27,0,225.459,0.268,3.328,0.971,0.983,0.0,0.0,246.389,4.438,13.622,0,246.389,1.700,0.300,0.450,0.631,0.654,1,1,1,1,126,,2254,visual,Data,TrackUpdate,0.10,3
69,28,5,225.523,0.126,8.261,0.989,0.991,0.0,0.0,37.885,3.903,10.621,0,37.885,1.500,5.000,2.000,0.633,0.754,1,1,1,1,126,,2255,visual,Data,TrackUpdate,0.10,3
72,26,0,225.523,0.600,2.576,0.535,0.682,0.0,0.0,314.073,3.071,15.577,0,314.073,1.700,0.300,0.450,0.582,0.598,1,1,1,1,126,,2255,visual,Data,TrackUpdate,0.10,3
73,27,0,225.523,0.332,3.258,0.908,0.946,0.0,0.0,246.389,4.419,13.589,0,246.389,1.700,0.300,0.450,0.630,0.655,1,1,1,1,126,,2255,visual,Data,TrackUpdate,0.10,3
72,26,0,225.57,0.134,2.563,0.636,0.714,0.0,0.0,314.073,3.433,15.520,0,314.073,1.700,0.300,0.450,0.593,0.601,1,1,1,1,126,,2250,visual,Data,TrackUpdate,0.10,1
69,28,5,225.657,0.260,8.154,0.963,0.973,0.0,0.0,37.885,4.176,10.765,0,37.885,1.500,5.000,2.000,0.641,0.748,1,1,1,1,126,,2256,visual,Data,TrackUpdate,0.10,3
72,26,0,225.657,0.734,2.445,0.873,0.916,0.0,0.0,314.073,3.015,15.511,0,314.073,1.700,0.300,0.450,0.581,0.599,1,1,1,1,126,,2256,visual,Data,TrackUpdate,0.10,3
73,27,0,225.657,0.466,3.386,0.958,0.977,0.0,0.0,232.746,4.272,13.477,0,232.746,1.700,0.300,0.450,0.627,0.657,1,1,1,1,126,,2256,visual,Data,TrackUpdate,0.10,3
69,28,5,225.723,0.326,8.057,0.947,0.962,0.0,0.0,37.885,4.289,10.836,0,37.885,1.500,5.000,2.000,0.645,0.745,1,1,1,1,126,,2257,visual,Data,TrackUpdate,0.10,3
72,26,0,225.723,0.800,2.462,0.952,0.969,0.0,0.0,314.073,2.984,15.572,0,314.073,1.700,0.300,0.450,0.580,0.597,1,1,1,1,126,,2257,visual,Data,TrackUpdate,0.10,3
73,27,0,225.723,0.532,3.465,0.978,0.988,0.0,0.0,232.746,4.223,13.364,0,232.746,1.700,0.300,0.450,0.626,0.660,1,1,1,1,126,,2257,visual,Data,TrackUpdate,0.10,3
69,28,5,225.857,0.460,7.871,0.439,0.617,0.0,0.0,43.971,4.672,10.822,0,43.971,1.500,5.000,2.000,0.658,0.746,1,1,1,1,126,,2258,visual,Data,TrackUpdate,0.10,3
72,26,0,225.857,0.934,2.439,0.500,0.686,0.0,0.0,293.304,2.891,15.580,0,293.304,1.700,0.300,0.450,0.578,0.597,127,127,1,1,127,,2258,visual,Data,TrackUpdate,0.10,3
73,27,0,225.857,0.666,3.330,0.988,0.994,0.0,0.0,232.746,4.157,13.363,0,232.746,1.700,0.300,0.450,0.624,0.660,1,1,1,1,126,,2258,visual,Data,TrackUpdate,0.10,3
69,28,5,225.923,0.526,7.805,0.798,0.866,0.0,0.0,43.971,4.779,10.879,0,43.971,1.500,5.000,2.000,0.661,0.744,1,1,1,1,126,,2259,visual,Data,TrackUpdate,0.10,3
72,26,0,225.923,1.000,2.509,0.612,0.763,0.0,0.0,293.304,2.828,15.678,0,293.304,1.700,0.300,0.450,0.576,0.594,1,1,1,1,126,,2259,visual,Data,TrackUpdate,0.10,3
73,27,0,225.923,0.732,3.186,0.989,0.995,0.0,0.0,232.746,4.159,13.411,0,232.746,1.700,0.300,0.450,0.623,0.658,1,1,1,1,126,,2259,visual,Data,TrackUpdate,0.10,3
69,28,5,226.124,0.727,8.009,0.829,0.899,0.0,0.0,43.687,5.052,11.336,0,43.687,1.500,5.000,2.000,0.666,0.729,1,1,1,1,126,,2261,visual,Data,TrackUpdate,0.10,3
72,26,0,226.124,1.201,2.900,0.612,0.777,0.0,0.0,293.304,2.698,15.742,0,293.304,1.700,0.300,0.450,0.571,0.593,127,127,1,1,127,,2261,visual,Data,TrackUpdate,0.10,3
73,27,0,226.124,0.933,4.386,0.988,0.995,0.0,0.0,232.746,3.886,13.209,0,232.746,1.700,0.300,0.450,0.617,0.664,1,1,1,1,126,,2261,visual,Data,TrackUpdate,0.10,3
69,28,5,226.258,0.861,8.467,0.913,0.955,0.0,0.0,49.481,5.676,11.392,0,49.481,1.500,5.000,2.000,0.686,0.727,1,1,1,1,126,,2262,visual,Data,TrackUpdate,0.10,3
72,26,0,226.258,1.335,2.980,0.612,0.786,0.0,0.0,293.304,2.601,15.788,0,293.304,1.700,0.300,0.450,0.569,0.592,127,127,1,1,127,,2262,visual,Data,TrackUpdate,0.10,3
73,27,0,226.258,1.067,3.078,0.998,0.999,0.0,0.0,229.827,3.848,13.169,0,229.827,1.700,0.300,0.450,0.616,0.665,1,1,1,1,126,,2262,visual,Data,TrackUpdate,0.10,3
69,28,5,226.323,0.926,8.486,0.943,0.971,0.0,0.0,49.481,5.789,11.505,0,49.481,1.500,5.000,2.000,0.688,0.723,1,1,1,1,126,,2263,visual,Data,TrackUpdate,0.10,3
72,26,0,226.323,1.400,2.903,0.612,0.791,0.0,0.0,293.304,2.553,15.811,0,293.304,1.700,0.300,0.450,0.567,0.591,127,127,1,1,127,,2263,visual,Data,TrackUpdate,0.10,3
73,27,0,226.323,1.132,3.120,0.998,0.999,0.0,0.0,229.827,3.871,13.200,0,229.827,1.700,0.300,0.450,0.616,0.664,1,1,1,1,126,,2263,visual,Data,TrackUpdate,0.10,3
69,28,5,226.457,1.060,8.466,0.980,0.991,0.0,0.0,49.481,5.962,11.771,0,49.481,1.500,5.000,2.000,0.691,0.715,1,1,1,1,126,,2264,visual,Data,TrackUpdate,0.10,3
72,26,0,226.457,1.534,2.665,0.612,0.800,0.0,0.0,295.572,2.459,15.862,0,295.572,1.700,0.300,0.450,0.565,0.589,127,127,1,1,127,,2264,visual,Data,TrackUpdate,0.10,3
73,27,0,226.457,1.266,3.074,0.999,1.000,0.0,0.0,229.827,3.760,13.113,0,229.827,1.700,0.300,0.450,0.613,0.666,1,1,1,1,126,,2264,visual,Data,TrackUpdate,0.10,3
69,28,5,226.523,1.126,8.484,0.978,0.991,0.0,0.0,47.770,6.004,11.979,0,47.770,1.500,5.000,2.000,0.690,0.707,1,1,1,1,126,,2265,visual,Data,TrackUpdate,0.10,3
72,26,0,226.523,1.600,2.659,0.612,0.805,0.0,0.0,295.572,2.415,15.884,0,295.572,1.700,0.300,0.450,0.564,0.589,127,127,1,1,127,,2265,visual,Data,TrackUpdate,0.10,3
73,27,0,226.523,1.332,3.109,0.999,1.000,0.0,0.0,229.827,3.759,13.107,0,229.827,1.700,0.300,0.450,0.613,0.667,1,1,1,1,126,,2265,visual,Data,TrackUpdate,0.10,3
69,28,5,226.57,0.660,7.891,0.730,0.834,0.0,0.0,43.971,4.976,11.133,0,43.971,1.500,5.000,2.000,0.665,0.735,1,1,1,1,126,,2260,visual,Data,TrackUpdate,0.10,3
72,26,0,226.57,1.134,2.601,0.612,0.772,0.0,0.0,293.304,2.741,15.721,0,293.304,1.700,0.300,0.450,0.573,0.593,127,127,1,1,127,,2260,visual,Data,TrackUpdate,0.10,3
73,27,0,226.57,0.866,3.327,0.993,0.997,0.0,0.0,232.746,3.998,13.296,0,232.746,1.700,0.300,0.450,0.619,0.661,1,1,1,1,126,,2260,visual,Data,TrackUpdate,0.10,3
69,28,5,226.657,1.260,8.547,0.894,0.959,0.0,0.0,47.770,6.231,12.262,0,47.770,1.500,5.000,2.000,0.694,0.698,1,1,1,1,126,,2266,visual,Data,TrackUpdate,0.10,3
72,26,0,226.657,1.734,2.688,0.612,0.814,0.0,0.0,295.572,2.326,15.927,0,295.572,1.700,0.300,0.450,0.561,0.587,127,127,1,1,127,,2266,visual,Data,TrackUpdate,0.10,3
73,27,0,226.657,1.466,3.442,0.997,0.999,0.0,0.0,229.827,3.619,12.959,0,229.827,1.700,0.300,0.450,0.609,0.670,1,1,1,1,126,,2266,visual,Data,TrackUpdate,0.10,3
69,28,5,226.723,1.326,8.543,0.962,0.986,0.0,0.0,47.336,6.327,12.399,0,47.336,1.500,5.000,2.000,0.696,0.694,1,1,1,1,126,,2267,visual,Data,TrackUpdate,0.10,3
72,26,0,226.723,1.800,2.705,0.612,0.818,0.0,0.0,295.572,2.282,15.948,0,295.572,1.700,0.300,0.450,0.560,0.586,127,127,1,1,127,,2267,visual,Data,TrackUpdate,0.10,3
73,27,0,226.723,1.532,3.482,0.997,0.999,0.0,0.0,229.827,3.573,12.807,0,229.827,1.700,0.300,0.450,0.608,0.675,1,1,1,1,126,,2267,visual,Data,TrackUpdate,0.10,3
69,28,5,226.857,1.460,8.379,0.936,0.977,0.0,0.0,47.336,6.453,12.600,0,47.336,1.500,5.000,2.000,0.697,0.688,1,1,1,1,126,,2268,visual,Data,TrackUpdate,0.10,3
72,26,0,226.857,1.934,2.741,0.612,0.827,0.0,0.0,295.572,2.191,15.992,0,295.572,1.700,0.300,0.450,0.557,0.585,127,127,1,1,127,,2268,visual,Data,TrackUpdate,0.10,3
73,27,0,226.857,1.666,3.279,0.995,0.998,0.0,0.0,225.385,3.577,12.717,0,225.385,1.700,0.300,0.450,0.609,0.677,1,1,1,1,126,,2268,visual,Data,TrackUpdate,0.10,3
69,28,5,226.923,1.526,8.323,0.882,0.959,0.0,0.0,47.336,6.529,12.699,0,47.336,1.500,5.000,2.000,0.698,0.685,1,1,1,1,126,,2269,visual,Data,TrackUpdate,0.10,3
72,26,0,226.923,2.000,2.740,0.612,0.832,0.0,0.0,295.572,2.146,16.014,0,295.572,1.700,0.300,0.450,0.556,0.584,127,127,1,1,127,,2269,visual,Data,TrackUpdate,0.10,3
73,27,0,226.923,1.732,3.106,0.997,0.999,0.0,0.0,225.385,3.567,12.687,0,225.385,1.700,0.300,0.450,0.609,0.679,1,1,1,1,126,,2269,visual,Data,TrackUpdate,0.10,3
69,28,5,227.124,1.727,8.294,0.693,0.900,0.0,0.0,45.895,6.783,13.004,0,45.895,1.500,5.000,2.000,0.703,0.677,127,127,1,1,127,,2271,visual,Data,TrackUpdate,0.10,2
73,27,0,227.124,1.933,3.310,0.994,0.998,0.0,0.0,225.385,3.499,12.577,0,225.385,1.700,0.300,0.450,0.607,0.681,1,1,1,1,126,,2271,visual,Data,TrackUpdate,0.10,2
69,28,5,227.257,1.860,8.294,0.467,0.833,0.0,0.0,45.895,6.961,13.142,0,45.895,1.500,5.000,2.000,0.706,0.673,1,1,1,1,126,,2272,visual,Data,TrackUpdate,0.10,2
73,27,0,227.257,2.066,3.040,0.993,0.998,0.0,0.0,225.385,3.492,12.627,0,225.385,1.700,0.300,0.450,0.607,0.680,1,1,1,1,126,,2272,visual,Data,TrackUpdate,0.10,2
69,28,5,227.323,1.926,8.141,0.467,0.836,0.0,0.0,45.895,7.057,13.239,0,45.895,1.500,5.000,2.000,0.708,0.670,127,127,1,1,127,,2273,visual,Data,TrackUpdate,0.10,2
73,27,0,227.323,2.132,3.103,0.993,0.998,0.0,0.0,225.385,3.405,12.501,0,225.385,1.700,0.300,0.450,0.605,0.683,1,1,1,1,126,,2273,visual,Data,TrackUpdate,0.10,2
69,28,5,227.457,2.060,8.145,0.467,0.843,0.0,0.0,45.912,7.242,13.425,0,45.912,1.500,5.000,2.000,0.711,0.666,127,127,1,1,127,,2274,visual,Data,TrackUpdate,0.10,2
73,27,0,227.457,2.266,2.968,0.997,0.999,0.0,0.0,225.385,3.329,12.405,0,225.385,1.700,0.300,0.450,0.603,0.687,1,1,1,1,126,,2274,visual,Data,TrackUpdate,0.10,2
69,28,5,227.523,2.126,8.013,0.467,0.847,0.0,0.0,45.912,7.331,13.515,0,45.912,1.500,5.000,2.000,0.713,0.663,127,127,1,1,127,,2275,visual,Data,TrackUpdate,0.10,2
73,27,0,227.523,2.332,2.994,0.996,0.999,0.0,0.0,225.385,3.296,12.371,0,225.385,1.700,0.300,0.450,0.602,0.688,1,1,1,1,126,,2275,visual,Data,TrackUpdate,0.10,2
69,28,5,227.56,1.659,8.215,0.693,0.897,0.0,0.0,45.895,6.681,12.901,0,45.895,1.500,5.000,2.000,0.701,0.680,1,1,1,1,126,,2270,visual,Data,TrackUpdate,0.10,2
73,27,0,227.56,1.865,3.564,0.996,0.999,0.0,0.0,225.385,3.519,12.596,0,225.385,1.700,0.300,0.450,0.608,0.681,1,1,1,1,126,,2270,visual,Data,TrackUpdate,0.10,2
69,28,5,227.657,2.260,7.809,0.467,0.854,0.0,0.0,45.912,7.509,13.694,0,45.912,1.500,5.000,2.000,0.716,0.658,127,127,1,1,127,,2276,visual,Data,TrackUpdate,0.10,2
73,27,0,227.657,2.466,2.892,0.999,1.000,0.0,0.0,225.385,3.263,12.340,0,225.385,1.700,0.300,0.450,0.601,0.689,1,1,1,1,126,,2276,visual,Data,TrackUpdate,0.10,2
69,28,5,227.723,2.326,7.876,0.467,0.857,0.0,0.0,45.766,7.590,13.786,0,45.766,1.500,5.000,2.000,0.717,0.656,127,127,1,1,127,,2277,visual,Data,TrackUpdate,0.10,2
73,27,0,227.723,2.532,2.838,0.998,1.000,0.0,0.0,225.385,3.267,12.351,0,225.385,1.700,0.300,0.450,0.601,0.688,1,1,1,1,126,,2277,visual,Data,TrackUpdate,0.10,2
73,27,0,227.857,2.666,2.250,0.999,1.000,0.0,0.0,225.385,3.297,12.405,0,225.385,1.700,0.300,0.450,0.602,0.686,1,1,1,1,126,,2278,visual,Data,TrackUpdate,0.10,1
73,27,0,227.923,2.732,2.358,0.999,1.000,0.0,0.0,225.385,3.268,12.377,0,225.385,1.700,0.300,0.450,0.601,0.687,1,1,1,1,126,,2279,visual,Data,TrackUpdate,0.10,1
73,27,0,228.123,2.932,2.161,0.999,1.000,0.0,0.0,225.385,3.282,12.449,0,225.385,1.700,0.300,0.450,0.601,0.685,1,1,1,1,126,,2281,visual,Data,TrackUpdate,0.10,1
73,27,0,228.257,3.066,2.039,0.999,1.000,0.0,0.0,225.460,3.197,12.353,0,225.460,1.700,0.300,0.450,0.599,0.688,1,1,1,1,126,,2282,visual,Data,TrackUpdate,0.10,1
73,27,0,228.323,3.132,1.849,0.999,1.000,0.0,0.0,225.460,3.189,12.338,0,225.460,1.700,0.300,0.450,0.598,0.688,1,1,1,1,126,,2283,visual,Data,TrackUpdate,0.10,1
73,27,0,228.457,3.266,1.753,0.999,1.000,0.0,0.0,225.460,3.200,12.349,0,225.460,1.700,0.300,0.450,0.599,0.688,1,1,1,1,126,,2284,visual,Data,TrackUpdate,0.10,1
73,27,0,228.524,3.333,1.818,0.998,1.000,0.0,0.0,225.460,3.199,12.346,0,225.460,1.700,0.300,0.450,0.599,0.688,1,1,1,1,126,,2285,visual,Data,TrackUpdate,0.10,1
73,27,0,228.57,2.866,2.090,0.998,1.000,0.0,0.0,225.385,3.289,12.448,0,225.385,1.700,0.300,0.450,0.602,0.685,1,1,1,1,126,,2280,visual,Data,TrackUpdate,0.10,1
73,27,0,228.657,3.466,1.601,0.999,1.000,0.0,0.0,225.460,3.193,12.335,0,225.460,1.700,0.300,0.450,0.599,0.689,1,1,1,1,126,,2286,visual,Data,TrackUpdate,0.10,1
73,27,0,228.723,3.532,1.523,0.999,1.000,0.0,0.0,225.460,3.220,12.373,0,225.460,1.700,0.300,0.450,0.599,0.687,1,1,1,1,126,,2287,visual,Data,TrackUpdate,0.10,1
73,27,0,228.857,3.666,1.186,0.999,1.000,0.0,0.0,225.460,3.223,12.371,0,225.460,1.700,0.300,0.450,0.599,0.687,1,1,1,1,126,,2288,visual,Data,TrackUpdate,0.10,1
73,27,0,228.923,3.732,0.917,0.999,1.000,0.0,0.0,225.460,3.232,12.380,0,225.460,1.700,0.300,0.450,0.600,0.687,1,1,1,1,126,,2289,visual,Data,TrackUpdate,0.10,1
73,27,0,229.125,3.934,0.735,0.999,1.000,0.0,0.0,225.460,3.226,12.385,0,225.460,1.700,0.300,0.450,0.599,0.687,1,1,1,1,126,,2291,visual,Data,TrackUpdate,0.10,1
73,27,0,229.257,4.066,0.424,0.999,1.000,0.0,0.0,225.460,3.287,12.481,0,225.460,1.700,0.300,0.450,0.601,0.685,1,1,1,1,126,,2292,visual,Data,TrackUpdate,0.10,1
73,27,0,229.324,4.133,0.414,0.999,1.000,0.0,0.0,225.460,3.277,12.470,0,225.460,1.700,0.300,0.450,0.601,0.685,1,1,1,1,126,,2293,visual,Data,TrackUpdate,0.10,1
73,27,0,229.457,4.266,0.385,0.999,1.000,0.0,0.0,225.460,3.281,12.496,0,225.460,1.700,0.300,0.450,0.601,0.684,1,1,1,1,126,,2294,visual,Data,TrackUpdate,0.10,1
73,27,0,229.523,4.332,0.191,0.999,1.000,0.0,0.0,225.460,3.290,12.512,0,225.460,1.700,0.300,0.450,0.601,0.683,1,1,1,1,126,,2295,visual,Data,TrackUpdate,0.10,1
73,27,0,229.57,3.866,0.767,0.999,1.000,0.0,0.0,225.460,3.233,12.401,0,225.460,1.700,0.300,0.450,0.600,0.686,1,1,1,1,126,,2290,visual,Data,TrackUpdate,0.10,1
73,27,0,229.657,4.466,0.142,0.999,1.000,0.0,0.0,225.460,3.252,12.444,0,225.460,1.700,0.300,0.450,0.600,0.686,1,1,1,1,126,,2296,visual,Data,TrackUpdate,0.10,1
73,27,0,229.723,4.532,0.162,0.999,1.000,0.0,0.0,225.460,3.259,12.462,0,225.460,1.700,0.300,0.450,0.601,0.685,1,1,1,1,126,,2297,visual,Data,TrackUpdate,0.10,1
73,27,0,229.857,4.666,0.270,0.999,1.000,0.0,0.0,225.460,3.275,12.505,0,225.460,1.700,0.300,0.450,0.601,0.684,1,1,1,1,126,,2298,visual,Data,TrackUpdate,0.10,1
73,27,0,229.923,4.732,0.237,0.999,1.000,0.0,0.0,225.460,3.264,12.494,0,225.460,1.700,0.300,0.450,0.601,0.684,1,1,1,1,126,,2299,visual,Data,TrackUpdate,0.10,1
73,27,0,230.123,4.932,0.186,0.999,1.000,0.0,0.0,225.460,3.258,12.500,0,225.460,1.700,0.300,0.450,0.600,0.684,1,1,1,1,126,,2301,visual,Data,TrackUpdate,0.10,1
73,27,0,230.257,5.066,0.120,0.999,1.000,0.0,0.0,225.460,3.257,12.501,0,225.460,1.700,0.300,0.450,0.600,0.684,1,1,1,1,126,,2302,visual,Data,TrackUpdate,0.10,1
73,27,0,230.325,5.134,0.094,0.999,1.000,0.0,0.0,225.460,3.246,12.469,0,225.460,1.700,0.300,0.450,0.600,0.685,1,1,1,1,126,,2303,visual,Data,TrackUpdate,0.10,1
73,27,0,230.458,5.267,0.268,0.999,1.000,0.0,0.0,225.460,3.250,12.493,0,225.460,1.700,0.300,0.450,0.600,0.684,1,1,1,1,126,,2304,visual,Data,TrackUpdate,0.10,1
73,27,0,230.523,5.332,0.238,0.999,1.000,0.0,0.0,225.460,3.239,12.466,0,225.460,1.700,0.300,0.450,0.599,0.685,1,1,1,1,126,,2305,visual,Data,TrackUpdate,0.10,1
73,27,0,230.56,4.865,0.188,0.999,1.000,0.0,0.0,225.460,3.266,12.520,0,225.460,1.700,0.300,0.450,0.601,0.683,1,1,1,1,126,,2300,visual,Data,TrackUpdate,0.10,1
73,27,0,230.657,5.466,0.264,0.999,1.000,0.0,0.0,225.460,3.242,12.495,0,225.460,1.700,0.300,0.450,0.599,0.684,1,1,1,1,126,,2306,visual,Data,TrackUpdate,0.10,1
73,27,0,230.723,5.532,0.224,0.999,1.000,0.0,0.0,225.460,3.238,12.473,0,225.460,1.700,0.300,0.450,0.599,0.685,1,1,1,1,126,,2307,visual,Data,TrackUpdate,0.10,1
73,27,0,230.857,5.666,0.246,0.998,1.000,0.0,0.0,225.460,3.240,12.470,0,225.460,1.700,0.300,0.450,0.599,0.685,1,1,1,1,126,,2308,visual,Data,TrackUpdate,0.10,1
73,27,0,230.925,5.734,0.189,0.997,1.000,0.0,0.0,225.460,3.240,12.467,0,225.460,1.700,0.300,0.450,0.599,0.685,1,1,1,1,126,,2309,visual,Data,TrackUpdate,0.10,1
73,27,0,231.123,5.932,0.047,0.998,1.000,0.0,0.0,225.460,3.208,12.369,0,225.460,1.700,0.300,0.450,0.599,0.687,1,1,1,1,126,,2311,visual,Data,TrackUpdate,0.10,1
73,27,0,231.257,6.066,0.297,0.998,1.000,0.0,0.0,225.460,3.142,12.235,0,225.460,1.700,0.300,0.450,0.597,0.692,1,1,1,1,126,,2312,visual,Data,TrackUpdate,0.10,1
73,27,0,231.325,6.134,0.396,0.998,1.000,0.0,0.0,225.460,3.112,12.154,0,225.460,1.700,0.300,0.450,0.597,0.694,1,1,1,1,126,,2313,visual,Data,TrackUpdate,0.10,1
73,27,0,231.457,6.266,0.691,0.996,1.000,0.0,0.0,225.460,3.088,12.089,0,225.460,1.700,0.300,0.450,0.596,0.696,1,1,1,1,126,,2314,visual,Data,TrackUpdate,0.10,1
73,27,0,231.523,6.332,0.720,0.997,1.000,0.0,0.0,225.460,3.083,12.052,0,225.460,1.700,0.300,0.450,0.596,0.698,1,1,1,1,126,,2315,visual,Data,TrackUpdate,0.10,1
73,27,0,231.59,5.868,0.187,0.998,1.000,0.0,0.0,225.460,3.238,12.463,0,225.460,1.700,0.300,0.450,0.599,0.685,1,1,1,1,126,,2310,visual,Data,TrackUpdate,0.10,1
73,27,0,231.657,6.466,0.788,0.998,1.000,0.0,0.0,225.460,3.075,12.042,0,225.460,1.700,0.300,0.450,0.596,0.698,1,1,1,1,126,,2316,visual,Data,TrackUpdate,0.10,1
73,27,0,231.723,6.532,0.804,0.998,1.000,0.0,0.0,225.460,3.076,12.057,0,225.460,1.700,0.300,0.450,0.596,0.698,1,1,1,1,126,,2317,visual,Data,TrackUpdate,0.10,1
73,27,0,231.857,6.666,0.699,0.998,1.000,0.0,0.0,225.460,3.070,12.055,0,225.460,1.700,0.300,0.450,0.596,0.698,1,1,1,1,126,,2318,visual,Data,TrackUpdate,0.10,1
73,27,0,231.923,6.732,0.741,0.997,1.000,0.0,0.0,225.460,3.061,12.046,0,225.460,1.700,0.300,0.450,0.596,0.698,1,1,1,1,126,,2319,visual,Data,TrackUpdate,0.10,1
73,27,0,232.123,6.932,0.817,0.993,1.000,0.0,0.0,225.460,3.040,12.047,0,225.460,1.700,0.300,0.450,0.595,0.698,1,1,1,1,126,,2321,visual,Data,TrackUpdate,0.10,1
73,27,0,232.257,7.066,1.115,0.996,1.000,0.0,0.0,225.460,2.943,11.915,0,225.460,1.700,0.300,0.450,0.592,0.703,1,1,1,1,126,,2322,visual,Data,TrackUpdate,0.10,1
73,27,0,232.323,7.132,1.187,0.997,1.000,0.0,0.0,223.770,2.862,11.879,0,223.770,1.700,0.300,0.450,0.590,0.703,1,1,1,1,126,,2323,visual,Data,TrackUpdate,0.10,1
73,27,0,232.457,7.266,1.259,0.998,1.000,0.0,0.0,223.770,2.775,11.887,0,223.770,1.700,0.300,0.450,0.587,0.703,1,1,1,1,126,,2324,visual,Data,TrackUpdate,0.10,1
73,27,0,232.524,7.333,1.217,0.998,1.000,0.0,0.0,223.770,2.768,11.895,0,223.770,1.700,0.300,0.450,0.586,0.702,1,1,1,1,126,,2325,visual,Data,TrackUpdate,0.10,1
73,27,0,232.56,6.865,0.823,0.997,1.000,0.0,0.0,225.460,3.047,12.052,0,225.460,1.700,0.300,0.450,0.595,0.698,1,1,1,1,126,,2320,visual,Data,TrackUpdate,0.10,1
73,27,0,232.659,7.468,1.393,0.996,1.000,0.0,0.0,223.770,2.694,11.852,0,223.770,1.700,0.300,0.450,0.584,0.704,1,1,1,1,126,,2326,visual,Data,TrackUpdate,0.10,1
73,27,0,232.723,7.532,1.302,0.995,1.000,0.0,0.0,223.770,2.709,11.874,0,223.770,1.700,0.300,0.450,0.584,0.703,1,1,1,1,126,,2327,visual,Data,TrackUpdate,0.10,1
73,27,0,232.857,7.666,1.202,0.996,1.000,0.0,0.0,223.770,2.764,11.929,0,223.770,1.700,0.300,0.450,0.586,0.701,1,1,1,1,126,,2328,visual,Data,TrackUpdate,0.10,1
73,27,0,232.923,7.732,1.342,0.991,1.000,0.0,0.0,223.770,2.658,11.874,0,223.770,1.700,0.300,0.450,0.583,0.702,1,1,1,1,126,,2329,visual,Data,TrackUpdate,0.10,1
73,27,0,233.123,7.932,1.439,0.988,1.000,0.0,0.0,223.770,2.612,11.841,0,223.770,1.700,0.300,0.450,0.581,0.704,1,1,1,1,126,,2331,visual,Data,TrackUpdate,0.10,1
73,27,0,233.257,8.066,1.414,0.989,1.000,0.0,0.0,223.770,2.621,11.852,0,223.770,1.700,0.300,0.450,0.582,0.703,1,1,1,1,126,,2332,visual,Data,TrackUpdate,0.10,1
73,27,0,233.324,8.133,1.204,0.991,1.000,0.0,0.0,223.770,2.643,11.863,0,223.770,1.700,0.300,0.450,0.582,0.703,1,1,1,1,126,,2333,visual,Data,TrackUpdate,0.10,1
73,27,0,233.458,8.267,1.016,0.992,1.000,0.0,0.0,223.770,2.630,11.863,0,223.770,1.700,0.300,0.450,0.582,0.703,1,1,1,1,126,,2334,visual,Data,TrackUpdate,0.10,1
73,27,0,233.524,8.333,0.886,0.993,1.000,0.0,0.0,223.770,2.646,11.866,0,223.770,1.700,0.300,0.450,0.582,0.703,1,1,1,1,126,,2335,visual,Data,TrackUpdate,0.10,1
73,27,0,233.57,7.866,1.418,0.991,1.000,0.0,0.0,223.770,2.621,11.849,0,223.770,1.700,0.300,0.450,0.582,0.703,1,1,1,1,126,,2330,visual,Data,TrackUpdate,0.10,1
73,27,0,233.657,8.466,0.781,0.992,1.000,0.0,0.0,223.770,2.656,11.874,0,223.770,1.700,0.300,0.450,0.583,0.702,1,1,1,1,126,,2336,visual,Data,TrackUpdate,0.10,1
73,27,0,233.723,8.532,0.764,0.991,1.000,0.0,0.0,223.770,2.649,11.869,0,223.770,1.700,0.300,0.450,0.582,0.703,1,1,1,1,126,,2337,visual,Data,TrackUpdate,0.10,1
73,27,0,233.857,8.666,0.739,0.992,1.000,0.0,0.0,223.770,2.651,11.879,0,223.770,1.700,0.300,0.450,0.582,0.702,1,1,1,1,126,,2338,visual,Data,TrackUpdate,0.10,1
73,27,0,233.923,8.732,0.743,0.994,1.000,0.0,0.0,223.770,2.651,11.888,0,223.770,1.700,0.300,0.450,0.582,0.702,1,1,1,1,126,,2339,visual,Data,TrackUpdate,0.10,1
73,27,0,234.125,8.934,0.660,0.993,1.000,0.0,0.0,223.770,2.679,11.916,0,223.770,1.700,0.300,0.450,0.583,0.701,1,1,1,1,126,,2341,visual,Data,TrackUpdate,0.10,1
73,27,0,234.259,9.068,0.610,0.989,1.000,0.0,0.0,223.770,2.682,11.943,0,223.770,1.700,0.300,0.450,0.583,0.700,1,1,1,1,126,,2342,visual,Data,TrackUpdate,0.10,1
73,27,0,234.325,9.134,0.604,0.977,1.000,0.0,0.0,223.770,2.683,11.963,0,223.770,1.700,0.300,0.450,0.583,0.700,1,1,1,1,126,,2343,visual,Data,TrackUpdate,0.10,1
73,27,0,234.457,9.266,0.467,0.974,1.000,0.0,0.0,223.770,2.719,12.032,0,223.770,1.700,0.300,0.450,0.584,0.698,1,1,1,1,126,,2344,visual,Data,TrackUpdate,0.10,1
73,27,0,234.523,9.332,0.431,0.972,1.000,0.0,0.0,223.770,2.708,12.070,0,223.770,1.700,0.300,0.450,0.584,0.696,1,1,1,1,126,,2345,visual,Data,TrackUpdate,0.10,1
73,27,0,234.57,8.866,0.652,0.996,1.000,0.0,0.0,223.770,2.696,11.918,0,223.770,1.700,0.300,0.450,0.584,0.701,1,1,1,1,126,,2340,visual,Data,TrackUpdate,0.10,1
73,27,0,234.657,9.466,0.295,0.966,1.000,0.0,0.0,223.770,2.657,11.987,0,223.770,1.700,0.300,0.450,0.582,0.699,1,1,1,1,126,,2346,visual,Data,TrackUpdate,0.10,1
73,27,0,234.723,9.532,0.249,0.983,1.000,0.0,0.0,223.770,2.628,11.942,0,223.770,1.700,0.300,0.450,0.581,0.701,1,1,1,1,126,,2347,visual,Data,TrackUpdate,0.10,1
73,27,0,234.857,9.666,0.225,0.990,1.000,0.0,0.0,223.770,2.596,11.917,0,223.770,1.700,0.300,0.450,0.580,0.701,1,1,1,1,126,,2348,visual,Data,TrackUpdate,0.10,1
73,27,0,234.923,9.732,0.190,0.988,1.000,0.0,0.0,223.770,2.603,11.945,0,223.770,1.700,0.300,0.450,0.581,0.700,1,1,1,1,126,,2349,visual,Data,TrackUpdate,0.10,1
73,27,0,235.123,9.932,0.313,0.990,1.000,0.0,0.0,223.770,2.572,11.908,0,223.770,1.700,0.300,0.450,0.580,0.702,1,1,1,1,126,,2351,visual,Data,TrackUpdate,0.10,1
73,27,0,235.257,10.066,0.291,0.998,1.000,0.0,0.0,223.770,2.475,11.757,0,223.770,1.700,0.300,0.450,0.577,0.706,1,1,1,1,126,,2352,visual,Data,TrackUpdate,0.10,1
73,27,0,235.325,10.134,0.482,0.998,1.000,0.0,0.0,227.481,2.440,11.623,0,227.481,1.700,0.300,0.450,0.576,0.710,1,1,1,1,126,,2353,visual,Data,TrackUpdate,0.10,1
73,27,0,235.457,10.266,0.773,0.998,1.000,0.0,0.0,227.481,2.383,11.439,0,227.481,1.700,0.300,0.450,0.574,0.718,1,1,1,1,126,,2354,visual,Data,TrackUpdate,0.10,1
73,27,0,235.523,10.332,0.811,0.995,1.000,0.0,0.0,227.481,2.372,11.426,0,227.481,1.700,0.300,0.450,0.574,0.718,1,1,1,1,126,,2355,visual,Data,TrackUpdate,0.10,1
73,27,0,235.57,9.866,0.215,0.985,1.000,0.0,0.0,223.770,2.573,11.918,0,223.770,1.700,0.300,0.450,0.580,0.701,1,1,1,1,126,,2350,visual,Data,TrackUpdate,0.10,1
73,27,0,235.657,10.466,0.668,0.990,1.000,0.0,0.0,227.481,2.398,11.524,0,227.481,1.700,0.300,0.450,0.575,0.714,1,1,1,1,126,,2356,visual,Data,TrackUpdate,0.10,1
73,27,0,235.723,10.532,0.722,0.986,1.000,0.0,0.0,227.481,2.380,11.497,0,227.481,1.700,0.300,0.450,0.574,0.715,1,1,1,1,126,,2357,visual,Data,TrackUpdate,0.10,1
73,27,0,235.857,10.666,0.809,0.982,1.000,0.0,0.0,227.481,2.336,11.466,0,227.481,1.700,0.300,0.450,0.573,0.716,1,1,1,1,126,,2358,visual,Data,TrackUpdate,0.10,1
73,27,0,235.923,10.732,0.938,0.971,1.000,0.0,0.0,227.481,2.293,11.417,0,227.481,1.700,0.300,0.450,0.572,0.718,1,1,1,1,126,,2359,visual,Data,TrackUpdate,0.10,1
73,27,0,236.123,10.932,1.092,0.956,1.000,0.0,0.0,227.481,2.200,11.380,0,227.481,1.700,0.300,0.450,0.569,0.719,1,1,1,1,126,,2361,visual,Data,TrackUpdate,0.10,1
73,27,0,236.257,11.066,1.286,0.972,1.000,0.0,0.0,227.481,2.136,11.334,0,227.481,1.700,0.300,0.450,0.567,0.720,1,1,1,1,126,,2362,visual,Data,TrackUpdate,0.10,1
73,27,0,236.323,11.132,1.426,0.969,1.000,0.0,0.0,227.178,2.078,11.275,0,227.178,1.700,0.300,0.450,0.565,0.722,1,1,1,1,126,,2363,visual,Data,TrackUpdate,0.10,1
73,27,0,236.457,11.266,1.582,0.968,1.000,0.0,0.0,227.178,1.996,11.232,0,227.178,1.700,0.300,0.450,0.561,0.723,1,1,1,1,126,,2364,visual,Data,TrackUpdate,0.10,1
73,27,0,236.523,11.332,1.603,0.983,1.000,0.0,0.0,227.178,1.971,11.233,0,227.178,1.700,0.300,0.450,0.560,0.723,1,1,1,1,126,,2365,visual,Data,TrackUpdate,0.10,1
73,27,0,236.57,10.866,0.942,0.970,1.000,0.0,0.0,227.481,2.248,11.424,0,227.481,1.700,0.300,0.450,0.570,0.718,1,1,1,1,126,,2360,visual,Data,TrackUpdate,0.10,1
73,27,0,236.657,11.466,1.667,0.991,1.000,0.0,0.0,227.178,1.929,11.229,0,227.178,1.700,0.300,0.450,0.559,0.723,1,1,1,1,126,,2366,visual,Data,TrackUpdate,0.10,1
73,27,0,236.723,11.532,1.863,0.982,1.000,0.0,0.0,227.178,1.891,11.207,0,227.178,1.700,0.300,0.450,0.558,0.724,1,1,1,1,126,,2367,visual,Data,TrackUpdate,0.10,1
73,27,0,236.857,11.666,1.878,0.990,1.000,0.0,0.0,227.178,1.839,11.193,0,227.178,1.700,0.300,0.450,0.556,0.724,1,1,1,1,126,,2368,visual,Data,TrackUpdate,0.10,1
73,27,0,236.923,11.732,2.039,0.996,1.000,0.0,0.0,227.178,1.737,11.109,0,227.178,1.700,0.300,0.450,0.553,0.727,1,1,1,1,126,,2369,visual,Data,TrackUpdate,0.10,1
73,27,0,237.123,11.932,1.941,0.987,1.000,0.0,0.0,227.178,1.743,11.055,0,227.178,1.700,0.300,0.450,0.553,0.730,1,1,1,1,126,,2371,visual,Data,TrackUpdate,0.10,1
73,27,0,237.257,12.066,1.802,0.910,1.000,0.0,0.0,227.178,1.791,11.121,0,227.178,1.700,0.300,0.450,0.555,0.727,1,1,1,1,126,,2372,visual,Data,TrackUpdate,0.10,1
73,27,0,237.323,12.132,1.874,0.950,1.000,0.0,0.0,227.178,1.744,11.083,0,227.178,1.700,0.300,0.450,0.553,0.728,1,1,1,1,126,,2373,visual,Data,TrackUpdate,0.10,1
73,27,0,237.457,12.266,2.004,0.965,1.000,0.0,0.0,227.396,1.650,11.004,0,227.396,1.700,0.300,0.450,0.549,0.731,1,1,1,1,126,,2374,visual,Data,TrackUpdate,0.10,1
73,27,0,237.523,12.332,1.849,0.937,1.000,0.0,0.0,227.396,1.617,10.970,0,227.396,1.700,0.300,0.450,0.548,0.732,1,1,1,1,126,,2375,visual,Data,TrackUpdate,0.10,1
73,27,0,237.57,11.866,1.989,0.992,1.000,0.0,0.0,227.178,1.737,11.047,0,227.178,1.700,0.300,0.450,0.553,0.730,1,1,1,1,126,,2370,visual,Data,TrackUpdate,0.10,1
73,27,0,237.657,12.466,2.072,0.840,1.000,0.0,0.0,227.396,1.482,10.764,0,227.396,1.700,0.300,0.450,0.544,0.739,1,1,1,1,126,,2376,visual,Data,TrackUpdate,0.10,1
73,27,0,237.723,12.532,1.752,0.962,1.000,0.0,0.0,227.396,1.496,10.797,0,227.396,1.700,0.300,0.450,0.544,0.738,1,1,1,1,126,,2377,visual,Data,TrackUpdate,0.10,1
73,27,0,237.856,12.665,1.518,0.583,1.000,0.0,0.0,227.396,1.626,10.989,0,227.396,1.700,0.300,0.450,0.549,0.731,1,1,1,1,126,,2378,visual,Data,TrackUpdate,0.10,1
73,27,0,237.923,12.732,1.767,0.978,1.000,0.0,0.0,227.396,1.501,10.869,0,227.396,1.700,0.300,0.450,0.544,0.736,1,1,1,1,126,,2379,visual,Data,TrackUpdate,0.10,1
73,27,0,238.123,12.932,2.032,0.986,1.000,0.0,0.0,227.396,1.324,10.693,0,227.396,1.700,0.300,0.450,0.538,0.742,1,1,1,1,126,,2381,visual,Data,TrackUpdate,0.10,1
73,27,0,238.257,13.066,2.084,0.992,1.000,0.0,0.0,228.183,1.215,10.690,0,228.183,1.700,0.300,0.450,0.534,0.741,1,1,1,1,126,,2382,visual,Data,TrackUpdate,0.10,1
73,27,0,238.323,13.132,2.102,0.992,1.000,0.0,0.0,228.183,1.167,10.679,0,228.183,1.700,0.300,0.450,0.532,0.742,1,1,1,1,126,,2383,visual,Data,TrackUpdate,0.10,1
73,27,0,238.457,13.266,2.213,0.994,1.000,0.0,0.0,228.183,1.038,10.604,0,228.183,1.700,0.300,0.450,0.527,0.744,1,1,1,1,126,,2384,visual,Data,TrackUpdate,0.10,1
73,27,0,238.523,13.332,2.175,0.991,1.000,0.0,0.0,228.183,1.010,10.580,0,228.183,1.700,0.300,0.450,0.526,0.744,1,1,1,1,126,,2385,visual,Data,TrackUpdate,0.10,1
73,27,0,238.58,12.867,2.048,0.990,1.000,0.0,0.0,227.396,1.369,10.729,0,227.396,1.700,0.300,0.450,0.540,0.740,1,1,1,1,126,,2380,visual,Data,TrackUpdate,0.10,1
73,27,0,238.657,13.466,2.013,0.991,1.000,0.0,0.0,228.183,0.967,10.533,0,228.183,1.700,0.300,0.450,0.524,0.746,1,1,1,1,126,,2386,visual,Data,TrackUpdate,0.10,1
73,27,0,238.723,13.532,2.035,0.992,1.000,0.0,0.0,228.183,0.940,10.520,0,228.183,1.700,0.300,0.450,0.523,0.746,1,1,1,1,126,,2387,visual,Data,TrackUpdate,0.10,1
73,27,0,238.857,13.666,2.078,0.992,1.000,0.0,0.0,228.183,0.880,10.487,0,228.183,1.700,0.300,0.450,0.521,0.747,1,1,1,1,126,,2388,visual,Data,TrackUpdate,0.10,1
73,27,0,238.923,13.732,2.137,0.995,1.000,0.0,0.0,228.183,0.852,10.443,0,228.183,1.700,0.300,0.450,0.520,0.749,1,1,1,1,126,,2389,visual,Data,TrackUpdate,0.10,1
73,27,0,239.123,13.932,2.097,0.996,1.000,0.0,0.0,228.389,0.814,10.381,0,228.389,1.700,0.300,0.450,0.519,0.752,1,1,1,1,126,,2391,visual,Data,TrackUpdate,0.10,1
73,27,0,239.257,14.066,1.942,0.996,1.000,0.0,0.0,228.389,0.775,10.342,0,228.389,1.700,0.300,0.450,0.518,0.754,1,1,1,1,126,,2392,visual,Data,TrackUpdate,0.10,1
73,27,0,239.323,14.132,1.958,0.989,1.000,0.0,0.0,228.389,0.753,10.311,0,228.389,1.700,0.300,0.450,0.517,0.755,1,1,1,1,126,,2393,visual,Data,TrackUpdate,0.10,1
73,27,0,239.457,14.266,2.116,0.991,1.000,0.0,0.0,228.389,0.721,10.248,0,228.389,1.700,0.300,0.450,0.516,0.757,1,1,1,1,126,,2394,visual,Data,TrackUpdate,0.10,1
73,27,0,239.523,14.332,2.296,0.991,1.000,0.0,0.0,228.389,0.691,10.195,0,228.389,1.700,0.300,0.450,0.514,0.759,1,1,1,1,126,,2395,visual,Data,TrackUpdate,0.10,1
73,27,0,239.57,13.866,2.171,0.996,1.000,0.0,0.0,228.389,0.822,10.389,0,228.389,1.700,0.300,0.450,0.519,0.752,1,1,1,1,126,,2390,visual,Data,TrackUpdate,0.10,1
73,27,0,239.657,14.466,2.143,0.995,1.000,0.0,0.0,228.389,0.687,10.158,0,228.389,1.700,0.300,0.450,0.514,0.760,1,1,1,1,126,,2396,visual,Data,TrackUpdate,0.10,1
73,27,0,239.723,14.532,2.175,0.994,1.000,0.0,0.0,228.389,0.647,10.104,0,228.389,1.700,0.300,0.450,0.512,0.763,1,1,1,1,126,,2397,visual,Data,TrackUpdate,0.10,1
73,27,0,239.857,14.666,1.812,0.997,1.000,0.0,0.0,228.389,0.647,10.115,0,228.389,1.700,0.300,0.450,0.512,0.762,1,1,1,1,126,,2398,visual,Data,TrackUpdate,0.10,1
73,27,0,239.923,14.732,1.747,0.996,1.000,0.0,0.0,228.389,0.626,10.098,0,228.389,1.700,0.300,0.450,0.511,0.763,1,1,1,1,126,,2399,visual,Data,TrackUpdate,0.10,1
73,27,0,240.123,14.932,2.232,0.989,1.000,0.0,0.0,228.389,0.579,10.083,0,228.389,1.700,0.300,0.450,0.509,0.763,1,1,1,1,126,,2401,visual,Data,TrackUpdate,0.10,1
73,27,0,240.257,15.066,1.726,0.994,1.000,0.0,0.0,228.389,0.567,10.091,0,228.389,1.700,0.300,0.450,0.509,0.763,1,1,1,1,126,,2402,visual,Data,TrackUpdate,0.10,1
73,27,0,240.324,15.133,1.621,0.990,1.000,0.0,0.0,228.389,0.573,10.112,0,228.389,1.700,0.300,0.450,0.509,0.762,1,1,1,1,126,,2403,visual,Data,TrackUpdate,0.10,1
73,27,0,240.457,15.266,1.595,0.983,1.000,0.0,0.0,228.389,0.512,10.081,0,228.389,1.700,0.300,0.450,0.507,0.763,1,1,1,1,126,,2404,visual,Data,TrackUpdate,0.10,1
73,27,0,240.523,15.332,1.511,0.983,1.000,0.0,0.0,228.389,0.495,10.083,0,228.389,1.700,0.300,0.450,0.506,0.763,1,1,1,1,126,,2405,visual,Data,TrackUpdate,0.10,1
73,27,0,240.57,14.866,1.785,0.990,1.000,0.0,0.0,228.389,0.613,10.107,0,228.389,1.700,0.300,0.450,0.511,0.762,1,1,1,1,126,,2400,visual,Data,TrackUpdate,0.10,1
73,27,0,240.657,15.466,1.351,0.992,1.000,0.0,0.0,228.389,0.451,10.078,0,228.389,1.700,0.300,0.450,0.505,0.763,1,1,1,1,126,,2406,visual,Data,TrackUpdate,0.10,1
73,27,0,240.723,15.532,1.238,0.990,1.000,0.0,0.0,228.389,0.451,10.092,0,228.389,1.700,0.300,0.450,0.505,0.762,1,1,1,1,126,,2407,visual,Data,TrackUpdate,0.10,1
73,27,0,240.857,15.666,1.085,0.986,1.000,0.0,0.0,228.389,0.453,10.096,0,228.389,1.700,0.300,0.450,0.505,0.762,1,1,1,1,126,,2408,visual,Data,TrackUpdate,0.10,1
73,27,0,240.923,15.732,1.052,0.990,1.000,0.0,0.0,228.389,0.469,10.103,0,228.389,1.700,0.300,0.450,0.505,0.762,1,1,1,1,126,,2409,visual,Data,TrackUpdate,0.10,1
73,27,0,241.123,15.932,0.908,0.997,1.000,0.0,0.0,228.389,0.461,10.095,0,228.389,1.700,0.300,0.450,0.505,0.762,1,1,1,1,126,,2411,visual,Data,TrackUpdate,0.10,1
73,27,0,241.257,16.066,0.752,0.998,1.000,0.0,0.0,228.389,0.472,10.097,0,228.389,1.700,0.300,0.450,0.505,0.762,1,1,1,1,126,,2412,visual,Data,TrackUpdate,0.10,1
73,27,0,241.323,16.132,0.725,0.998,1.000,0.0,0.0,228.389,0.474,10.096,0,228.389,1.700,0.300,0.450,0.505,0.762,1,1,1,1,126,,2413,visual,Data,TrackUpdate,0.10,1
73,27,0,241.457,16.266,0.675,0.998,1.000,0.0,0.0,228.389,0.495,10.106,0,228.389,1.700,0.300,0.450,0.506,0.762,1,1,1,1,126,,2414,visual,Data,TrackUpdate,0.10,1
73,27,0,241.525,16.334,0.570,0.998,1.000,0.0,0.0,228.389,0.506,10.112,0,228.389,1.700,0.300,0.450,0.507,0.762,1,1,1,1,126,,2415,visual,Data,TrackUpdate,0.10,1
73,27,0,241.57,15.866,0.993,0.997,1.000,0.0,0.0,228.389,0.459,10.097,0,228.389,1.700,0.300,0.450,0.505,0.762,1,1,1,1,126,,2410,visual,Data,TrackUpdate,0.10,1
73,27,0,241.657,16.466,0.498,0.998,1.000,0.0,0.0,228.389,0.519,10.118,0,228.389,1.700,0.300,0.450,0.507,0.761,1,1,1,1,126,,2416,visual,Data,TrackUpdate,0.10,1
73,27,0,241.723,16.532,0.379,0.999,1.000,0.0,0.0,228.389,0.535,10.123,0,228.389,1.700,0.300,0.450,0.508,0.761,1,1,1,1,126,,2417,visual,Data,TrackUpdate,0.10,1
73,27,0,241.857,16.666,0.221,0.998,1.000,0.0,0.0,228.389,0.536,10.120,0,228.389,1.700,0.300,0.450,0.508,0.761,1,1,1,1,126,,2418,visual,Data,TrackUpdate,0.10,1
73,27,0,241.923,16.732,0.215,0.998,1.000,0.0,0.0,228.389,0.553,10.122,0,228.389,1.700,0.300,0.450,0.509,0.761,1,1,1,1,126,,2419,visual,Data,TrackUpdate,0.10,1
73,27,0,242.123,16.932,0.069,0.993,1.000,0.0,0.0,228.389,0.598,10.116,0,228.389,1.700,0.300,0.450,0.510,0.762,1,1,1,1,126,,2421,visual,Data,TrackUpdate,0.10,2
83,29,5,242.123,0.066,9.389,0.946,0.961,0.0,0.0,39.659,4.188,10.849,0,39.659,1.500,5.000,2.000,0.641,0.745,1,1,1,1,126,,2421,visual,Data,TrackUpdate,0.10,2
73,27,0,242.257,17.066,0.136,0.993,1.000,0.0,0.0,228.389,0.683,10.121,0,228.389,1.700,0.300,0.450,0.514,0.762,1,1,1,1,126,,2422,visual,Data,TrackUpdate,0.10,2
83,29,5,242.257,0.200,8.773,0.862,0.905,0.0,0.0,39.659,4.351,10.958,0,39.659,1.500,5.000,2.000,0.646,0.742,1,1,1,1,126,,2422,visual,Data,TrackUpdate,0.10,2
73,27,0,242.323,17.132,0.165,0.990,1.000,0.0,0.0,228.389,0.708,10.122,0,228.389,1.700,0.300,0.450,0.515,0.762,1,1,1,1,126,,2423,visual,Data,TrackUpdate,0.10,2
83,29,5,242.323,0.266,8.726,0.872,0.915,0.0,0.0,43.435,4.523,10.998,0,43.435,1.500,5.000,2.000,0.652,0.740,1,1,1,1,126,,2423,visual,Data,TrackUpdate,0.10,2
73,27,0,242.457,17.266,0.292,0.998,1.000,0.0,0.0,228.389,0.745,10.132,0,228.389,1.700,0.300,0.450,0.516,0.762,1,1,1,1,126,,2424,visual,Data,TrackUpdate,0.10,2
83,29,5,242.457,0.400,8.914,0.645,0.782,0.0,0.0,43.435,4.713,11.346,0,43.435,1.500,5.000,2.000,0.655,0.727,1,1,1,1,126,,2424,visual,Data,TrackUpdate,0.10,2
73,27,0,242.523,17.332,0.317,0.998,1.000,0.0,0.0,228.389,0.757,10.140,0,228.389,1.700,0.300,0.450,0.516,0.762,1,1,1,1,126,,2425,visual,Data,TrackUpdate,0.10,2
83,29,5,242.523,0.466,8.966,0.484,0.697,0.0,0.0,35.994,4.611,11.688,0,35.994,1.500,5.000,2.000,0.649,0.715,1,1,1,1,126,,2425,visual,Data,TrackUpdate,0.10,2
73,27,0,242.57,16.866,0.086,0.997,1.000,0.0,0.0,228.389,0.586,10.121,0,228.389,1.700,0.300,0.450,0.510,0.762,1,1,1,1,126,,2420,visual,Data,TrackUpdate,0.10,2
83,29,5,242.57,0.000,9.044,0.988,0.991,0.0,0.0,39.659,3.974,10.699,0,39.659,1.500,5.000,2.000,0.635,0.750,1,1,1,1,126,,2420,visual,Data,TrackUpdate,0.10,2
73,27,0,242.657,17.466,0.428,0.998,1.000,0.0,0.0,228.389,0.798,10.149,0,228.389,1.700,0.300,0.450,0.518,0.762,1,1,1,1,126,,2426,visual,Data,TrackUpdate,0.10,2
83,29,5,242.657,0.600,9.092,0.631,0.802,0.0,0.0,35.994,4.942,11.947,0,35.994,1.500,5.000,2.000,0.657,0.706,1,1,1,1,126,,2426,visual,Data,TrackUpdate,0.10,2
73,27,0,242.723,17.532,0.526,0.998,1.000,0.0,0.0,228.389,0.836,10.163,0,228.389,1.700,0.300,0.450,0.519,0.761,1,1,1,1,126,,2427,visual,Data,TrackUpdate,0.10,2
83,29,5,242.723,0.666,8.998,0.840,0.917,0.0,0.0,36.969,5.074,12.020,0,36.969,1.500,5.000,2.000,0.661,0.705,1,1,1,1,126,,2427,visual,Data,TrackUpdate,0.10,2
73,27,0,242.857,17.666,0.609,0.998,1.000,0.0,0.0,228.389,0.847,10.165,0,228.389,1.700,0.300,0.450,0.520,0.761,1,1,1,1,126,,2428,visual,Data,TrackUpdate,0.10,2
83,29,5,242.857,0.800,9.353,0.728,0.877,0.0,0.0,36.969,5.465,12.362,0,36.969,1.500,5.000,2.000,0.671,0.694,1,1,1,1,126,,2428,visual,Data,TrackUpdate,0.10,2
73,27,0,242.923,17.732,0.677,0.999,1.000,0.0,0.0,228.389,0.862,10.181,0,228.389,1.700,0.300,0.450,0.520,0.760,1,1,1,1,126,,2429,visual,Data,TrackUpdate,0.10,2
83,29,5,242.923,0.866,9.417,0.897,0.956,0.0,0.0,42.050,5.709,12.420,0,42.050,1.500,5.000,2.000,0.678,0.693,1,1,1,1,126,,2429,visual,Data,TrackUpdate,0.10,2
73,27,0,243.123,17.932,0.748,0.998,1.000,0.0,0.0,228.389,0.910,10.198,0,228.389,1.700,0.300,0.450,0.522,0.760,1,1,1,1,126,,2431,visual,Data,TrackUpdate,0.10,2
83,29,5,243.123,1.066,9.507,0.938,0.976,0.0,0.0,44.710,6.211,12.725,0,44.710,1.500,5.000,2.000,0.690,0.684,1,1,1,1,126,,2431,visual,Data,TrackUpdate,0.10,2
73,27,0,243.257,18.066,0.768,0.996,1.000,0.0,0.0,228.389,0.929,10.205,0,228.389,1.700,0.300,0.450,0.523,0.760,1,1,1,1,126,,2432,visual,Data,TrackUpdate,0.10,2
83,29,5,243.257,1.200,9.537,0.604,0.850,0.0,0.0,44.710,6.442,13.022,0,44.710,1.500,5.000,2.000,0.693,0.675,1,1,1,1,126,,2432,visual,Data,TrackUpdate,0.10,2
73,27,0,243.323,18.132,0.891,0.989,1.000,0.0,0.0,228.389,1.005,10.247,0,228.389,1.700,0.300,0.450,0.526,0.758,1,1,1,1,126,,2433,visual,Data,TrackUpdate,0.10,2
83,29,5,243.323,1.266,9.305,0.789,0.921,0.0,0.0,44.710,6.471,13.063,0,44.710,1.500,5.000,2.000,0.694,0.674,1,1,1,1,126,,2433,visual,Data,TrackUpdate,0.10,2
73,27,0,243.457,18.266,1.047,0.990,1.000,0.0,0.0,228.389,1.087,10.295,0,228.389,1.700,0.300,0.450,0.530,0.756,1,1,1,1,126,,2434,visual,Data,TrackUpdate,0.10,2
83,29,5,243.457,1.400,8.886,0.853,0.947,0.0,0.0,41.537,6.482,13.206,0,41.537,1.500,5.000,2.000,0.693,0.670,1,1,1,1,126,,2434,visual,Data,TrackUpdate,0.10,2
73,27,0,243.523,18.332,1.065,0.983,1.000,0.0,0.0,228.389,1.100,10.313,0,228.389,1.700,0.300,0.450,0.530,0.756,1,1,1,1,126,,2435,visual,Data,TrackUpdate,0.10,2
83,29,5,243.523,1.466,8.643,0.903,0.966,0.0,0.0,41.537,6.518,13.190,0,41.537,1.500,5.000,2.000,0.694,0.671,1,1,1,1,126,,2435,visual,Data,TrackUpdate,0.10,2
73,27,0,243.57,17.866,0.710,0.998,1.000,0.0,0.0,228.389,0.888,10.195,0,228.389,1.700,0.300,0.450,0.521,0.760,1,1,1,1,126,,2430,visual,Data,TrackUpdate,0.10,2
83,29,5,243.57,1.000,9.696,0.923,0.969,0.0,0.0,44.710,6.209,12.627,0,44.710,1.500,5.000,2.000,0.690,0.687,1,1,1,1,126,,2430,visual,Data,TrackUpdate,0.10,2
73,27,0,243.657,18.466,1.126,0.992,1.000,0.0,0.0,228.389,1.138,10.345,0,228.389,1.700,0.300,0.450,0.531,0.755,1,1,1,1,126,,2436,visual,Data,TrackUpdate,0.10,2
83,29,5,243.657,1.600,8.438,0.451,0.813,0.0,0.0,41.537,6.673,13.324,0,41.537,1.500,5.000,2.000,0.697,0.668,1,1,1,1,126,,2436,visual,Data,TrackUpdate,0.10,2
73,27,0,243.723,18.532,1.176,0.988,1.000,0.0,0.0,228.389,1.168,10.387,0,228.389,1.700,0.300,0.450,0.533,0.753,1,1,1,1,126,,2437,visual,Data,TrackUpdate,0.10,2
83,29,5,243.723,1.666,8.425,0.815,0.938,0.0,0.0,41.537,6.799,13.409,0,41.537,1.500,5.000,2.000,0.699,0.665,1,1,1,1,126,,2437,visual,Data,TrackUpdate,0.10,2
73,27,0,243.857,18.666,1.457,0.981,1.000,0.0,0.0,225.720,1.322,10.526,0,225.720,1.700,0.300,0.450,0.538,0.748,1,1,1,1,126,,2438,visual,Data,TrackUpdate,0.10,2
83,29,5,243.857,1.800,8.494,0.627,0.881,0.0,0.0,42.789,7.078,13.600,0,42.789,1.500,5.000,2.000,0.706,0.660,1,1,1,1,126,,2438,visual,Data,TrackUpdate,0.10,2
73,27,0,243.923,18.732,1.332,0.984,1.000,0.0,0.0,225.720,1.277,10.455,0,225.720,1.700,0.300,0.450,0.536,0.751,1,1,1,1,126,,2439,visual,Data,TrackUpdate,0.10,2
83,29,5,243.923,1.866,8.302,0.488,0.840,0.0,0.0,42.789,7.172,13.695,0,42.789,1.500,5.000,2.000,0.707,0.657,1,1,1,1,126,,2439,visual,Data,TrackUpdate,0.10,2
73,27,0,244.123,18.932,1.722,0.978,1.000,0.0,0.0,225.720,1.471,10.662,0,225.720,1.700,0.300,0.450,0.544,0.744,1,1,1,1,126,,2441,visual,Data,TrackUpdate,0.10,2
83,29,5,244.123,2.066,8.346,0.644,0.896,0.0,0.0,43.002,7.677,14.342,0,43.002,1.500,5.000,2.000,0.714,0.642,1,1,1,1,126,,2441,visual,Data,TrackUpdate,0.10,2
73,27,0,244.257,19.066,1.636,0.988,1.000,0.0,0.0,225.720,1.457,10.655,0,225.720,1.700,0.300,0.450,0.543,0.744,1,1,1,1,126,,2442,visual,Data,TrackUpdate,0.10,2
83,29,5,244.257,2.200,8.617,0.433,0.841,0.0,0.0,42.218,7.847,14.575,0,42.218,1.500,5.000,2.000,0.716,0.636,1,1,1,1,126,,2442,visual,Data,TrackUpdate,0.10,2
73,27,0,244.323,19.132,1.683,0.991,1.000,0.0,0.0,225.720,1.481,10.676,0,225.720,1.700,0.300,0.450,0.544,0.743,1,1,1,1,126,,2443,visual,Data,TrackUpdate,0.10,2
83,29,5,244.323,2.266,8.670,0.433,0.845,0.0,0.0,42.218,7.946,14.686,0,42.218,1.500,5.000,2.000,0.717,0.633,127,127,1,1,127,,2443,visual,Data,TrackUpdate,0.10,2
73,27,0,244.457,19.266,1.765,0.997,1.000,0.0,0.0,225.720,1.557,10.755,0,225.720,1.700,0.300,0.450,0.547,0.740,1,1,1,1,126,,2444,visual,Data,TrackUpdate,0.10,2
83,29,5,244.457,2.400,8.500,0.496,0.869,0.0,0.0,41.988,8.149,14.922,0,41.988,1.500,5.000,2.000,0.720,0.628,127,127,1,1,127,,2444,visual,Data,TrackUpdate,0.10,2
73,27,0,244.523,19.332,1.779,0.996,1.000,0.0,0.0,225.720,1.574,10.769,0,225.720,1.700,0.300,0.450,0.547,0.740,1,1,1,1,126,,2445,visual,Data,TrackUpdate,0.10,2
83,29,5,244.523,2.466,8.603,0.496,0.872,0.0,0.0,41.988,8.245,15.032,0,41.988,1.500,5.000,2.000,0.722,0.626,127,127,1,1,127,,2445,visual,Data,TrackUpdate,0.10,2
73,27,0,244.57,18.866,1.672,0.983,1.000,0.0,0.0,225.720,1.469,10.620,0,225.720,1.700,0.300,0.450,0.544,0.745,1,1,1,1,126,,2440,visual,Data,TrackUpdate,0.10,2
83,29,5,244.57,2.000,8.989,0.809,0.943,0.0,0.0,43.002,7.613,14.240,0,43.002,1.500,5.000,2.000,0.714,0.644,1,1,1,1,126,,2440,visual,Data,TrackUpdate,0.10,2
73,27,0,244.658,19.467,1.928,0.993,1.000,0.0,0.0,225.720,1.677,10.864,0,225.720,1.700,0.300,0.450,0.551,0.736,1,1,1,1,126,,2446,visual,Data,TrackUpdate,0.10,2
83,29,5,244.658,2.601,8.681,0.496,0.879,0.0,0.0,41.988,8.443,15.256,0,41.988,1.500,5.000,2.000,0.724,0.620,127,127,1,1,127,,2446,visual,Data,TrackUpdate,0.10,2
73,27,0,244.723,19.532,2.036,0.988,1.000,0.0,0.0,224.499,1.730,10.919,0,224.499,1.700,0.300,0.450,0.553,0.734,1,1,1,1,126,,2447,visual,Data,TrackUpdate,0.10,2
83,29,5,244.723,2.666,8.590,0.496,0.882,0.0,0.0,41.934,8.536,15.365,0,41.934,1.500,5.000,2.000,0.726,0.619,127,127,1,1,127,,2447,visual,Data,TrackUpdate,0.10,2
73,27,0,244.857,19.666,2.073,0.994,1.000,0.0,0.0,224.499,1.765,10.955,0,224.499,1.700,0.300,0.450,0.554,0.732,1,1,1,1,126,,2448,visual,Data,TrackUpdate,0.10,2
83,29,5,244.857,2.800,8.484,0.496,0.889,0.0,0.0,41.934,8.730,15.585,0,41.934,1.500,5.000,2.000,0.728,0.614,127,127,1,1,127,,2448,visual,Data,TrackUpdate,0.10,2
73,27,0,244.923,19.732,2.118,0.997,1.000,0.0,0.0,224.499,1.803,10.995,0,224.499,1.700,0.300,0.450,0.556,0.731,1,1,1,1,126,,2449,visual,Data,TrackUpdate,0.10,1
73,27,0,245.125,19.934,2.041,0.996,1.000,0.0,0.0,224.499,1.822,10.987,0,224.499,1.700,0.300,0.450,0.556,0.731,1,1,1,1,126,,2451,visual,Data,TrackUpdate,0.10,1
73,27,0,245.257,20.066,2.059,0.992,1.000,0.0,0.0,224.499,1.863,10.995,0,224.499,1.700,0.300,0.450,0.557,0.731,1,1,1,1,126,,2452,visual,Data,TrackUpdate,0.10,1
73,27,0,245.324,20.133,2.059,0.983,1.000,0.0,0.0,224.499,1.889,11.008,0,224.499,1.700,0.300,0.450,0.558,0.731,1,1,1,1,126,,2453,visual,Data,TrackUpdate,0.10,1
73,27,0,245.457,20.266,2.115,0.986,1.000,0.0,0.0,224.499,1.947,11.019,0,224.499,1.700,0.300,0.450,0.560,0.731,1,1,1,1,126,,2454,visual,Data,TrackUpdate,0.10,1
73,27,0,245.523,20.332,2.196,0.981,1.000,0.0,0.0,224.499,1.999,11.050,0,224.499,1.700,0.300,0.450,0.562,0.731,1,1,1,1,126,,2455,visual,Data,TrackUpdate,0.10,1
73,27,0,245.58,19.867,2.011,0.997,1.000,0.0,0.0,224.499,1.805,10.984,0,224.499,1.700,0.300,0.450,0.556,0.731,1,1,1,1,126,,2450,visual,Data,TrackUpdate,0.10,1
73,27,0,245.659,20.468,2.685,0.992,1.000,0.0,0.0,222.704,2.228,11.411,0,222.704,1.700,0.300,0.450,0.570,0.718,1,1,1,1,126,,2456,visual,Data,TrackUpdate,0.10,1
73,27,0,245.723,20.532,2.408,0.997,1.000,0.0,0.0,222.704,2.162,11.345,0,222.704,1.700,0.300,0.450,0.567,0.720,1,1,1,1,126,,2457,visual,Data,TrackUpdate,0.10,1
73,27,0,245.857,20.666,2.601,0.997,1.000,0.0,0.0,222.704,2.226,11.449,0,222.704,1.700,0.300,0.450,0.569,0.717,1,1,1,1,126,,2458,visual,Data,TrackUpdate,0.10,1
73,27,0,245.923,20.732,2.587,0.997,1.000,0.0,0.0,222.704,2.269,11.501,0,222.704,1.700,0.300,0.450,0.571,0.715,1,1,1,1,126,,2459,visual,Data,TrackUpdate,0.10,1
73,27,0,246.123,20.932,2.317,0.994,1.000,0.0,0.0,222.704,2.351,11.544,0,222.704,1.700,0.300,0.450,0.573,0.713,1,1,1,1,126,,2461,visual,Data,TrackUpdate,0.10,1
73,27,0,246.257,21.066,2.468,0.995,1.000,0.0,0.0,222.704,2.368,11.530,0,222.704,1.700,0.300,0.450,0.574,0.714,1,1,1,1,126,,2462,visual,Data,TrackUpdate,0.10,1
73,27,0,246.323,21.132,2.276,0.996,1.000,0.0,0.0,223.617,2.464,11.624,0,223.617,1.700,0.300,0.450,0.577,0.711,1,1,1,1,126,,2463,visual,Data,TrackUpdate,0.10,1
73,27,0,246.456,21.265,2.410,0.996,1.000,0.0,0.0,223.617,2.518,11.647,0,223.617,1.700,0.300,0.450,0.579,0.710,1,1,1,1,126,,2464,visual,Data,TrackUpdate,0.10,1
73,27,0,246.523,21.332,2.317,0.994,1.000,0.0,0.0,223.617,2.513,11.633,0,223.617,1.700,0.300,0.450,0.579,0.710,1,1,1,1,126,,2465,visual,Data,TrackUpdate,0.10,1
73,27,0,246.56,20.865,2.516,0.996,1.000,0.0,0.0,222.704,2.310,11.513,0,222.704,1.700,0.300,0.450,0.572,0.714,1,1,1,1,126,,2460,visual,Data,TrackUpdate,0.10,1
73,27,0,246.657,21.466,2.177,0.994,1.000,0.0,0.0,223.617,2.546,11.640,0,223.617,1.700,0.300,0.450,0.580,0.710,1,1,1,1,126,,2466,visual,Data,TrackUpdate,0.10,1
73,27,0,246.723,21.532,2.166,0.993,1.000,0.0,0.0,223.617,2.571,11.648,0,223.617,1.700,0.300,0.450,0.581,0.710,1,1,1,1,126,,2467,visual,Data,TrackUpdate,0.10,1
73,27,0,246.856,21.665,2.040,0.989,1.000,0.0,0.0,223.617,2.609,11.675,0,223.617,1.700,0.300,0.450,0.582,0.709,1,1,1,1,126,,2468,visual,Data,TrackUpdate,0.10,1
73,27,0,246.923,21.732,2.103,0.995,1.000,0.0,0.0,223.617,2.673,11.732,0,223.617,1.700,0.300,0.450,0.584,0.707,1,1,1,1,126,,2469,visual,Data,TrackUpdate,0.10,1
73,27,0,247.123,21.932,2.196,0.998,1.000,0.0,0.0,223.617,2.813,11.852,0,223.617,1.700,0.300,0.450,0.589,0.704,1,1,1,1,126,,2471,visual,Data,TrackUpdate,0.10,1
73,27,0,247.257,22.066,2.475,0.998,1.000,0.0,0.0,221.879,2.896,12.038,0,221.879,1.700,0.300,0.450,0.591,0.697,1,1,1,1,126,,2472,visual,Data,TrackUpdate,0.10,1
73,27,0,247.323,22.132,2.388,0.998,1.000,0.0,0.0,221.879,2.862,12.012,0,221.879,1.700,0.300,0.450,0.590,0.698,1,1,1,1,126,,2473,visual,Data,TrackUpdate,0.10,1
73,27,0,247.457,22.266,2.673,0.999,1.000,0.0,0.0,221.879,2.978,12.223,0,221.879,1.700,0.300,0.450,0.592,0.693,1,1,1,1,126,,2474,visual,Data,TrackUpdate,0.10,1
73,27,0,247.523,22.332,2.856,0.998,1.000,0.0,0.0,221.879,3.019,12.351,0,221.879,1.700,0.300,0.450,0.593,0.688,1,1,1,1,126,,2475,visual,Data,TrackUpdate,0.10,1
73,27,0,247.57,21.866,1.951,0.993,1.000,0.0,0.0,223.617,2.688,11.738,0,223.617,1.700,0.300,0.450,0.584,0.707,1,1,1,1,126,,2470,visual,Data,TrackUpdate,0.10,1
73,27,0,247.657,22.466,2.825,0.998,1.000,0.0,0.0,227.630,3.027,12.430,0,227.630,1.700,0.300,0.450,0.593,0.685,1,1,1,1,126,,2476,visual,Data,TrackUpdate,0.10,1
73,27,0,247.723,22.532,2.878,0.998,1.000,0.0,0.0,227.630,3.038,12.460,0,227.630,1.700,0.300,0.450,0.593,0.684,1,1,1,1,126,,2477,visual,Data,TrackUpdate,0.10,1
73,27,0,247.857,22.666,2.553,0.998,1.000,0.0,0.0,227.630,3.073,12.522,0,227.630,1.700,0.300,0.450,0.594,0.682,1,1,1,1,126,,2478,visual,Data,TrackUpdate,0.10,1
73,27,0,247.923,22.732,2.249,0.999,1.000,0.0,0.0,227.630,3.082,12.530,0,227.630,1.700,0.300,0.450,0.594,0.682,1,1,1,1,126,,2479,visual,Data,TrackUpdate,0.10,1
73,27,0,248.125,22.934,2.342,0.998,1.000,0.0,0.0,227.630,3.135,12.596,0,227.630,1.700,0.300,0.450,0.596,0.680,1,1,1,1,126,,2481,visual,Data,TrackUpdate,0.10,1
73,27,0,248.257,23.066,2.377,0.998,1.000,0.0,0.0,227.630,3.204,12.680,0,227.630,1.700,0.300,0.450,0.597,0.678,1,1,1,1,126,,2482,visual,Data,TrackUpdate,0.10,1
73,27,0,248.323,23.132,2.300,0.998,1.000,0.0,0.0,227.630,3.198,12.649,0,227.630,1.700,0.300,0.450,0.597,0.679,1,1,1,1,126,,2483,visual,Data,TrackUpdate,0.10,1
73,27,0,248.456,23.265,2.285,0.998,1.000,0.0,0.0,227.630,3.208,12.656,0,227.630,1.700,0.300,0.450,0.597,0.679,1,1,1,1,126,,2484,visual,Data,TrackUpdate,0.10,1
73,27,0,248.523,23.332,2.270,0.998,1.000,0.0,0.0,227.630,3.217,12.671,0,227.630,1.700,0.300,0.450,0.598,0.678,1,1,1,1,126,,2485,visual,Data,TrackUpdate,0.10,1
73,27,0,248.59,22.868,2.452,0.998,1.000,0.0,0.0,227.630,3.107,12.554,0,227.630,1.700,0.300,0.450,0.595,0.681,1,1,1,1,126,,2480,visual,Data,TrackUpdate,0.10,1
73,27,0,248.657,23.466,2.321,0.995,1.000,0.0,0.0,227.630,3.281,12.817,0,227.630,1.700,0.300,0.450,0.599,0.673,1,1,1,1,126,,2486,visual,Data,TrackUpdate,0.10,1
73,27,0,248.723,23.532,2.373,0.997,1.000,0.0,0.0,233.784,3.315,12.916,0,233.784,1.700,0.300,0.450,0.600,0.670,1,1,1,1,126,,2487,visual,Data,TrackUpdate,0.10,1
73,27,0,248.857,23.666,2.603,0.995,1.000,0.0,0.0,233.784,3.310,13.069,0,233.784,1.700,0.300,0.450,0.599,0.666,1,1,1,1,126,,2488,visual,Data,TrackUpdate,0.10,1
73,27,0,248.923,23.732,2.789,0.995,1.000,0.0,0.0,233.784,3.331,13.215,0,233.784,1.700,0.300,0.450,0.599,0.661,1,1,1,1,126,,2489,visual,Data,TrackUpdate,0.10,1
73,27,0,249.123,23.932,2.803,0.994,1.000,0.0,0.0,233.784,3.348,13.305,0,233.784,1.700,0.300,0.450,0.599,0.659,1,1,1,1,126,,2491,visual,Data,TrackUpdate,0.10,1
73,27,0,249.257,24.066,2.952,0.995,1.000,0.0,0.0,248.973,3.415,13.441,0,248.973,1.700,0.300,0.450,0.601,0.655,1,1,1,1,126,,2492,visual,Data,TrackUpdate,0.10,1
73,27,0,249.323,24.132,2.971,0.998,1.000,0.0,0.0,248.973,3.424,13.429,0,248.973,1.700,0.300,0.450,0.601,0.656,1,1,1,1,126,,2493,visual,Data,TrackUpdate,0.10,1
73,27,0,249.457,24.266,2.789,0.990,1.000,0.0,0.0,248.973,3.478,13.546,0,248.973,1.700,0.300,0.450,0.603,0.652,1,1,1,1,126,,2494,visual,Data,TrackUpdate,0.10,1
73,27,0,249.523,24.332,2.647,0.990,1.000,0.0,0.0,248.973,3.495,13.575,0,248.973,1.700,0.300,0.450,0.603,0.651,1,1,1,1,126,,2495,visual,Data,TrackUpdate,0.10,1
73,27,0,249.57,23.866,2.762,0.994,1.000,0.0,0.0,233.784,3.332,13.266,0,233.784,1.700,0.300,0.450,0.599,0.660,1,1,1,1,126,,2490,visual,Data,TrackUpdate,0.10,1
73,27,0,249.656,24.465,2.767,0.988,1.000,0.0,0.0,248.973,3.551,13.724,0,248.973,1.700,0.300,0.450,0.604,0.648,1,1,1,1,126,,2496,visual,Data,TrackUpdate,0.10,1
73,27,0,249.723,24.532,2.633,0.990,1.000,0.0,0.0,248.973,3.564,13.765,0,248.973,1.700,0.300,0.450,0.604,0.646,1,1,1,1,126,,2497,visual,Data,TrackUpdate,0.10,1
73,27,0,249.857,24.666,2.383,0.992,1.000,0.0,0.0,248.973,3.596,13.807,0,248.973,1.700,0.300,0.450,0.605,0.645,1,1,1,1,126,,2498,visual,Data,TrackUpdate,0.10,1
73,27,0,249.923,24.732,2.358,0.991,1.000,0.0,0.0,248.973,3.602,13.795,0,248.973,1.700,0.300,0.450,0.605,0.646,1,1,1,1,126,,2499,visual,Data,TrackUpdate,0.10,1
10,3,5,25.523,0.000,10.989,0.907,0.954,0.0,0.0,226.653,3.575,11.179,0,226.653,1.500,5.000,2.000,0.618,0.731,1,1,1,1,126,,255,visual,Data,TrackUpdate,0.10,1
10,3,5,25.657,0.134,11.116,0.939,0.970,0.0,0.0,226.653,3.263,10.815,0,226.653,1.500,5.000,2.000,0.609,0.744,1,1,1,1,126,,256,visual,Data,TrackUpdate,0.10,1
10,3,5,25.724,0.201,11.115,0.926,0.964,0.0,0.0,232.620,3.201,10.522,0,232.620,1.500,5.000,2.000,0.608,0.756,1,1,1,1,126,,257,visual,Data,TrackUpdate,0.10,1
10,3,5,25.858,0.335,11.026,0.817,0.915,0.0,0.0,232.620,2.848,10.305,0,232.620,1.500,5.000,2.000,0.596,0.763,1,1,1,1,126,,258,visual,Data,TrackUpdate,0.10,1
10,3,5,25.923,0.400,11.072,0.913,0.960,0.0,0.0,231.559,2.648,10.170,0,231.559,1.500,5.000,2.000,0.590,0.769,1,1,1,1,126,,259,visual,Data,TrackUpdate,0.10,1
73,27,0,250.123,24.932,2.209,0.997,1.000,0.0,0.0,248.973,3.601,13.790,0,248.973,1.700,0.300,0.450,0.605,0.646,1,1,1,1,126,,2501,visual,Data,TrackUpdate,0.10,1
73,27,0,250.257,25.066,2.307,0.997,1.000,0.0,0.0,248.973,3.629,13.858,0,248.973,1.700,0.300,0.450,0.606,0.644,1,1,1,1,126,,2502,visual,Data,TrackUpdate,0.10,1
73,27,0,250.323,25.132,2.434,0.995,1.000,0.0,0.0,248.973,3.669,13.967,0,248.973,1.700,0.300,0.450,0.606,0.642,1,1,1,1,126,,2503,visual,Data,TrackUpdate,0.10,1
73,27,0,250.457,25.266,2.422,0.996,1.000,0.0,0.0,248.973,3.693,14.036,0,248.973,1.700,0.300,0.450,0.607,0.640,1,1,1,1,126,,2504,visual,Data,TrackUpdate,0.10,1
73,27,0,250.523,25.332,2.511,0.996,1.000,0.0,0.0,248.973,3.745,14.169,0,248.973,1.700,0.300,0.450,0.607,0.636,1,1,1,1,126,,2505,visual,Data,TrackUpdate,0.10,1
73,27,0,250.57,24.866,2.210,0.997,1.000,0.0,0.0,248.973,3.590,13.773,0,248.973,1.700,0.300,0.450,0.605,0.646,1,1,1,1,126,,2500,visual,Data,TrackUpdate,0.10,1
73,27,0,250.657,25.466,2.654,0.998,1.000,0.0,0.0,248.973,3.743,14.182,0,248.973,1.700,0.300,0.450,0.607,0.635,1,1,1,1,126,,2506,visual,Data,TrackUpdate,0.10,1
73,27,0,250.723,25.532,2.689,0.998,1.000,0.0,0.0,248.973,3.753,14.238,0,248.973,1.700,0.300,0.450,0.607,0.634,1,1,1,1,126,,2507,visual,Data,TrackUpdate,0.10,1
73,27,0,250.858,25.667,2.713,0.998,1.000,0.0,0.0,248.973,3.762,14.307,0,248.973,1.700,0.300,0.450,0.607,0.632,1,1,1,1,126,,2508,visual,Data,TrackUpdate,0.10,1
73,27,0,250.924,25.733,2.618,0.996,1.000,0.0,0.0,248.973,3.772,14.349,0,248.973,1.700,0.300,0.450,0.607,0.631,1,1,1,1,126,,2509,visual,Data,TrackUpdate,0.10,1
73,27,0,251.125,25.934,2.234,0.994,1.000,0.0,0.0,248.973,3.770,14.379,0,248.973,1.700,0.300,0.450,0.607,0.630,1,1,1,1,126,,2511,visual,Data,TrackUpdate,0.10,1
73,27,0,251.257,26.066,1.931,0.990,1.000,0.0,0.0,248.973,3.767,14.376,0,248.973,1.700,0.300,0.450,0.607,0.631,1,1,1,1,126,,2512,visual,Data,TrackUpdate,0.10,1
73,27,0,251.323,26.132,1.952,0.988,1.000,0.0,0.0,248.973,3.760,14.369,0,248.973,1.700,0.300,0.450,0.607,0.631,1,1,1,1,126,,2513,visual,Data,TrackUpdate,0.10,1
73,27,0,251.457,26.266,1.721,0.996,1.000,0.0,0.0,248.973,3.752,14.360,0,248.973,1.700,0.300,0.450,0.607,0.631,1,1,1,1,126,,2514,visual,Data,TrackUpdate,0.10,1
73,27,0,251.524,26.333,1.546,0.998,1.000,0.0,0.0,248.973,3.745,14.354,0,248.973,1.700,0.300,0.450,0.606,0.631,1,1,1,1,126,,2515,visual,Data,TrackUpdate,0.10,1
73,27,0,251.58,25.867,2.452,0.994,1.000,0.0,0.0,248.973,3.778,14.405,0,248.973,1.700,0.300,0.450,0.607,0.630,1,1,1,1,126,,2510,visual,Data,TrackUpdate,0.10,1
73,27,0,251.659,26.468,1.581,0.996,1.000,0.0,0.0,248.973,3.753,14.434,0,248.973,1.700,0.300,0.450,0.606,0.629,1,1,1,1,126,,2516,visual,Data,TrackUpdate,0.10,1
73,27,0,251.725,26.534,1.466,0.997,1.000,0.0,0.0,248.973,3.746,14.432,0,248.973,1.700,0.300,0.450,0.606,0.629,1,1,1,1,126,,2517,visual,Data,TrackUpdate,0.10,1
73,27,0,251.857,26.666,1.378,0.998,1.000,0.0,0.0,248.973,3.735,14.465,0,248.973,1.700,0.300,0.450,0.606,0.628,1,1,1,1,126,,2518,visual,Data,TrackUpdate,0.10,1
73,27,0,251.923,26.732,1.251,0.998,1.000,0.0,0.0,248.973,3.723,14.484,0,248.973,1.700,0.300,0.450,0.605,0.627,1,1,1,1,126,,2519,visual,Data,TrackUpdate,0.10,1
73,27,0,252.123,26.932,1.317,0.990,1.000,0.0,0.0,248.973,3.685,14.653,0,248.973,1.700,0.300,0.450,0.603,0.623,1,1,1,1,126,,2521,visual,Data,TrackUpdate,0.10,1
73,27,0,252.257,27.066,1.315,0.975,1.000,0.0,0.0,248.973,3.671,14.629,0,248.973,1.700,0.300,0.450,0.603,0.624,1,1,1,1,126,,2522,visual,Data,TrackUpdate,0.10,1
73,27,0,252.323,27.132,1.184,0.964,1.000,0.0,0.0,248.973,3.675,14.526,0,248.973,1.700,0.300,0.450,0.604,0.626,1,1,1,1,126,,2523,visual,Data,TrackUpdate,0.10,1
73,27,0,252.458,27.267,1.300,0.966,1.000,0.0,0.0,248.973,3.587,14.660,0,248.973,1.700,0.300,0.450,0.601,0.622,1,1,1,1,126,,2524,visual,Data,TrackUpdate,0.10,1
73,27,0,252.523,27.332,1.435,0.981,1.000,0.0,0.0,248.973,3.515,14.750,0,248.973,1.700,0.300,0.450,0.598,0.619,1,1,1,1,126,,2525,visual,Data,TrackUpdate,0.10,1
73,27,0,252.57,26.866,1.316,0.993,1.000,0.0,0.0,248.973,3.702,14.598,0,248.973,1.700,0.300,0.450,0.604,0.625,1,1,1,1,126,,2520,visual,Data,TrackUpdate,0.10,1
73,27,0,252.657,27.466,1.186,0.941,1.000,0.0,0.0,248.973,3.471,14.660,0,248.973,1.700,0.300,0.450,0.597,0.622,1,1,1,1,126,,2526,visual,Data,TrackUpdate,0.10,1
73,27,0,252.723,27.532,1.406,0.820,1.000,0.0,0.0,325.681,3.222,14.866,0,325.681,1.700,0.300,0.450,0.589,0.616,1,1,1,1,126,,2527,visual,Data,TrackUpdate,0.10,1
73,27,0,252.857,27.666,1.661,0.955,1.000,0.0,0.0,325.681,3.305,15.130,0,325.681,1.700,0.300,0.450,0.591,0.610,1,1,1,1,126,,2528,visual,Data,TrackUpdate,0.10,1
73,27,0,252.923,27.732,1.869,0.871,1.000,0.0,0.0,325.681,3.312,15.273,0,325.681,1.700,0.300,0.450,0.590,0.606,1,1,1,1,126,,2529,visual,Data,TrackUpdate,0.10,1
73,27,0,253.123,27.932,1.554,0.996,1.000,0.0,0.0,325.681,3.353,15.182,0,325.681,1.700,0.300,0.450,0.592,0.608,1,1,1,1,126,,2531,visual,Data,TrackUpdate,0.10,1
73,27,0,253.257,28.066,1.547,0.999,1.000,0.0,0.0,325.681,3.314,15.217,0,325.681,1.700,0.300,0.450,0.591,0.607,1,1,1,1,126,,2532,visual,Data,TrackUpdate,0.10,1
73,27,0,253.326,28.135,1.771,0.997,1.000,0.0,0.0,325.681,3.260,15.394,0,325.681,1.700,0.300,0.450,0.589,0.603,1,1,1,1,126,,2533,visual,Data,TrackUpdate,0.10,1
73,27,0,253.459,28.268,2.221,0.998,1.000,0.0,0.0,325.681,3.176,15.630,0,325.681,1.700,0.300,0.450,0.585,0.597,1,1,1,1,126,,2534,visual,Data,TrackUpdate,0.10,1
73,27,0,253.524,28.333,2.496,0.996,1.000,0.0,0.0,325.681,3.144,15.810,0,325.681,1.700,0.300,0.450,0.583,0.593,1,1,1,1,126,,2535,visual,Data,TrackUpdate,0.10,1
73,27,0,253.57,27.866,1.564,0.991,1.000,0.0,0.0,325.681,3.363,15.140,0,325.681,1.700,0.300,0.450,0.592,0.609,1,1,1,1,126,,2530,visual,Data,TrackUpdate,0.10,1
73,27,0,253.657,28.466,2.084,0.988,1.000,0.0,0.0,325.681,3.186,15.552,0,325.681,1.700,0.300,0.450,0.585,0.599,1,1,1,1,126,,2536,visual,Data,TrackUpdate,0.10,1
73,27,0,253.725,28.534,2.275,0.993,1.000,0.0,0.0,325.681,3.153,15.648,0,325.681,1.700,0.300,0.450,0.584,0.596,1,1,1,1,126,,2537,visual,Data,TrackUpdate,0.10,1
73,27,0,253.857,28.666,2.407,0.993,1.000,0.0,0.0,325.681,3.106,15.728,0,325.681,1.700,0.300,0.450,0.583,0.594,1,1,1,1,126,,2538,visual,Data,TrackUpdate,0.10,1
73,27,0,253.923,28.732,2.345,0.985,1.000,0.0,0.0,325.681,3.101,15.718,0,325.681,1.700,0.300,0.450,0.583,0.594,1,1,1,1,126,,2539,visual,Data,TrackUpdate,0.10,1
73,27,0,254.124,28.933,2.558,0.971,1.000,0.0,0.0,342.699,3.044,15.882,0,342.699,1.700,0.300,0.450,0.581,0.591,1,1,1,1,126,,2541,visual,Data,TrackUpdate,0.10,1
73,27,0,254.257,29.066,2.537,0.978,1.000,0.0,0.0,342.699,3.044,15.973,0,342.699,1.700,0.300,0.450,0.581,0.588,1,1,1,1,126,,2542,visual,Data,TrackUpdate,0.10,1
73,27,0,254.324,29.133,2.720,0.989,1.000,0.0,0.0,342.699,3.024,16.079,0,342.699,1.700,0.300,0.450,0.580,0.586,1,1,1,1,126,,2543,visual,Data,TrackUpdate,0.10,1
73,27,0,254.457,29.266,2.136,0.972,1.000,0.0,0.0,342.699,3.066,15.815,0,342.699,1.700,0.300,0.450,0.582,0.592,1,1,1,1,126,,2544,visual,Data,TrackUpdate,0.10,1
73,27,0,254.523,29.332,2.391,0.985,1.000,0.0,0.0,342.699,3.044,15.896,0,342.699,1.700,0.300,0.450,0.581,0.590,1,1,1,1,126,,2545,visual,Data,TrackUpdate,0.10,1
73,27,0,254.57,28.866,2.174,0.970,1.000,0.0,0.0,325.681,3.105,15.680,0,325.681,1.700,0.300,0.450,0.583,0.595,1,1,1,1,126,,2540,visual,Data,TrackUpdate,0.10,1
73,27,0,254.657,29.466,3.195,0.988,1.000,0.0,0.0,342.699,2.963,16.508,0,342.699,1.700,0.300,0.450,0.577,0.577,1,1,1,1,126,,2546,visual,Data,TrackUpdate,0.10,1
73,27,0,254.723,29.532,3.453,0.992,1.000,0.0,0.0,342.699,3.002,16.662,0,342.699,1.700,0.300,0.450,0.577,0.573,1,1,1,1,126,,2547,visual,Data,TrackUpdate,0.10,1
73,27,0,254.857,29.666,3.182,0.986,1.000,0.0,0.0,342.699,3.027,16.700,0,342.699,1.700,0.300,0.450,0.578,0.573,1,1,1,1,126,,2548,visual,Data,TrackUpdate,0.10,1
73,27,0,254.924,29.733,3.558,0.995,1.000,0.0,0.0,342.699,3.033,16.784,0,342.699,1.700,0.300,0.450,0.578,0.571,1,1,1,1,126,,2549,visual,Data,TrackUpdate,0.10,1
73,27,0,255.123,29.932,3.078,0.996,1.000,0.0,0.0,342.699,3.051,16.944,0,342.699,1.700,0.300,0.450,0.578,0.568,1,1,1,1,126,,2551,visual,Data,TrackUpdate,0.10,1
73,27,0,255.257,30.066,3.008,0.992,1.000,0.0,0.0,342.699,3.060,16.951,0,342.699,1.700,0.300,0.450,0.578,0.568,1,1,1,1,126,,2552,visual,Data,TrackUpdate,0.10,1
73,27,0,255.324,30.133,3.357,0.996,1.000,0.0,0.0,342.699,3.086,17.167,0,342.699,1.700,0.300,0.450,0.578,0.563,1,1,1,1,126,,2553,visual,Data,TrackUpdate,0.10,1
73,27,0,255.457,30.266,3.441,0.991,1.000,0.0,0.0,342.699,3.130,17.271,0,342.699,1.700,0.300,0.450,0.579,0.561,1,1,1,1,126,,2554,visual,Data,TrackUpdate,0.10,1
73,27,0,255.523,30.332,3.491,0.984,1.000,0.0,0.0,342.699,3.162,17.336,0,342.699,1.700,0.300,0.450,0.579,0.560,1,1,1,1,126,,2555,visual,Data,TrackUpdate,0.10,1
73,27,0,255.57,29.866,3.069,0.996,1.000,0.0,0.0,342.699,3.044,16.906,0,342.699,1.700,0.300,0.450,0.578,0.569,1,1,1,1,126,,2550,visual,Data,TrackUpdate,0.10,1
73,27,0,255.657,30.466,3.055,0.949,1.000,0.0,0.0,342.699,3.190,17.340,0,342.699,1.700,0.300,0.450,0.580,0.560,1,1,1,1,126,,2556,visual,Data,TrackUpdate,0.10,1
73,27,0,255.723,30.532,2.851,0.977,1.000,0.0,0.0,342.699,3.204,17.347,0,342.699,1.700,0.300,0.450,0.580,0.560,1,1,1,1,126,,2557,visual,Data,TrackUpdate,0.10,1
73,27,0,255.857,30.666,2.727,0.996,1.000,0.0,0.0,342.699,3.211,17.347,0,342.699,1.700,0.300,0.450,0.581,0.560,1,1,1,1,126,,2558,visual,Data,TrackUpdate,0.10,1
73,27,0,255.923,30.732,2.900,0.995,1.000,0.0,0.0,342.699,3.213,17.326,0,342.699,1.700,0.300,0.450,0.581,0.560,1,1,1,1,126,,2559,visual,Data,TrackUpdate,0.10,1
73,27,0,256.123,30.932,2.673,0.985,1.000,0.0,0.0,342.699,3.231,17.354,0,342.699,1.700,0.300,0.450,0.581,0.560,1,1,1,1,126,,2561,visual,Data,TrackUpdate,0.10,1
73,27,0,256.257,31.066,2.627,0.963,1.000,0.0,0.0,342.699,3.245,17.373,0,342.699,1.700,0.300,0.450,0.581,0.560,1,1,1,1,126,,2562,visual,Data,TrackUpdate,0.10,1
73,27,0,256.323,31.132,2.752,0.989,1.000,0.0,0.0,342.699,3.231,17.338,0,342.699,1.700,0.300,0.450,0.581,0.560,1,1,1,1,126,,2563,visual,Data,TrackUpdate,0.10,1
73,27,0,256.457,31.266,2.349,0.978,1.000,0.0,0.0,342.699,3.247,17.378,0,342.699,1.700,0.300,0.450,0.581,0.559,1,1,1,1,126,,2564,visual,Data,TrackUpdate,0.10,1
73,27,0,256.523,31.332,2.525,0.978,1.000,0.0,0.0,342.699,3.291,17.520,0,342.699,1.700,0.300,0.450,0.582,0.557,1,1,1,1,126,,2565,visual,Data,TrackUpdate,0.10,1
73,27,0,256.56,30.865,2.652,0.986,1.000,0.0,0.0,342.699,3.225,17.350,0,342.699,1.700,0.300,0.450,0.581,0.560,1,1,1,1,126,,2560,visual,Data,TrackUpdate,0.10,1
73,27,0,256.657,31.466,2.521,0.989,1.000,0.0,0.0,342.699,3.296,17.589,0,342.699,1.700,0.300,0.450,0.582,0.556,1,1,1,1,126,,2566,visual,Data,TrackUpdate,0.10,1
73,27,0,256.724,31.533,2.708,0.950,1.000,0.0,0.0,342.699,3.290,17.519,0,342.699,1.700,0.300,0.450,0.582,0.557,1,1,1,1,126,,2567,visual,Data,TrackUpdate,0.10,1
73,27,0,256.860,31.669,2.557,0.668,1.000,0.0,0.0,342.699,3.377,17.720,0,342.699,1.700,0.300,0.450,0.584,0.554,1,1,1,1,126,,2568,visual,Data,TrackUpdate,0.10,1
73,27,0,256.923,31.732,2.032,0.921,1.000,0.0,0.0,342.699,3.393,17.715,0,342.699,1.700,0.300,0.450,0.584,0.554,1,1,1,1,126,,2569,visual,Data,TrackUpdate,0.10,1
73,27,0,257.123,31.932,2.022,0.949,1.000,0.0,0.0,342.699,3.463,17.911,0,342.699,1.700,0.300,0.450,0.585,0.550,1,1,1,1,126,,2571,visual,Data,TrackUpdate,0.10,1
73,27,0,257.257,32.066,2.004,0.924,1.000,0.0,0.0,342.699,3.507,18.042,0,342.699,1.700,0.300,0.450,0.586,0.547,1,1,1,1,126,,2572,visual,Data,TrackUpdate,0.10,1
73,27,0,257.323,32.132,2.084,0.923,1.000,0.0,0.0,342.699,3.539,18.143,0,342.699,1.700,0.300,0.450,0.586,0.546,1,1,1,1,126,,2573,visual,Data,TrackUpdate,0.10,1
73,27,0,257.457,32.266,1.883,0.988,1.000,0.0,0.0,342.699,3.528,18.105,0,342.699,1.700,0.300,0.450,0.586,0.546,1,1,1,1,126,,2574,visual,Data,TrackUpdate,0.10,1
73,27,0,257.523,32.332,1.936,0.987,1.000,0.0,0.0,342.699,3.528,18.095,0,342.699,1.700,0.300,0.450,0.586,0.546,1,1,1,1,126,,2575,visual,Data,TrackUpdate,0.10,1
73,27,0,257.57,31.866,1.926,0.675,1.000,0.0,0.0,342.699,3.437,17.851,0,342.699,1.700,0.300,0.450,0.585,0.551,1,1,1,1,126,,2570,visual,Data,TrackUpdate,0.10,1
73,27,0,257.659,32.468,1.668,0.982,1.000,0.0,0.0,342.699,3.541,18.138,0,342.699,1.700,0.300,0.450,0.586,0.546,1,1,1,1,126,,2576,visual,Data,TrackUpdate,0.10,1
73,27,0,257.723,32.532,1.633,0.969,1.000,0.0,0.0,342.699,3.564,18.194,0,342.699,1.700,0.300,0.450,0.587,0.545,1,1,1,1,126,,2577,visual,Data,TrackUpdate,0.10,1
73,27,0,257.857,32.666,1.584,0.990,1.000,0.0,0.0,342.699,3.576,18.239,0,342.699,1.700,0.300,0.450,0.587,0.544,1,1,1,1,126,,2578,visual,Data,TrackUpdate,0.10,1
73,27,0,257.923,32.732,1.894,0.970,1.000,0.0,0.0,342.699,3.638,18.432,0,342.699,1.700,0.300,0.450,0.588,0.541,1,1,1,1,126,,2579,visual,Data,TrackUpdate,0.10,1
73,27,0,258.123,32.932,1.910,0.988,1.000,0.0,0.0,342.699,3.627,18.457,0,342.699,1.700,0.300,0.450,0.587,0.541,1,1,1,1,126,,2581,visual,Data,TrackUpdate,0.10,1
73,27,0,258.257,33.066,2.100,0.811,1.000,0.0,0.0,342.699,3.644,18.508,0,342.699,1.700,0.300,0.450,0.588,0.540,1,1,1,1,126,,2582,visual,Data,TrackUpdate,0.10,1
73,27,0,258.325,33.134,2.037,0.501,1.000,0.0,0.0,342.699,3.661,18.537,0,342.699,1.700,0.300,0.450,0.588,0.539,1,1,1,1,126,,2583,visual,Data,TrackUpdate,0.10,1
73,27,0,258.458,33.267,2.470,0.431,1.000,0.0,0.0,342.699,3.741,18.761,0,342.699,1.700,0.300,0.450,0.590,0.535,1,1,1,1,126,,2584,visual,Data,TrackUpdate,0.10,1
73,27,0,258.526,33.335,2.440,0.431,1.000,0.0,0.0,342.699,3.747,18.812,0,342.699,1.700,0.300,0.450,0.590,0.534,127,127,1,1,127,,2585,visual,Data,TrackUpdate,0.10,1
73,27,0,258.57,32.866,1.958,0.976,1.000,0.0,0.0,342.699,3.628,18.450,0,342.699,1.700,0.300,0.450,0.587,0.541,1,1,1,1,126,,2580,visual,Data,TrackUpdate,0.10,1
73,27,0,258.657,33.466,2.694,0.431,1.000,0.0,0.0,342.699,3.754,18.886,0,342.699,1.700,0.300,0.450,0.590,0.533,127,127,1,1,127,,2586,visual,Data,TrackUpdate,0.10,1
73,27,0,258.723,33.532,2.608,0.431,1.000,0.0,0.0,342.699,3.759,18.927,0,342.699,1.700,0.300,0.450,0.590,0.532,127,127,1,1,127,,2587,visual,Data,TrackUpdate,0.10,1
73,27,0,258.857,33.666,2.479,0.431,1.000,0.0,0.0,342.699,3.768,19.007,0,342.699,1.700,0.300,0.450,0.589,0.531,127,127,1,1,127,,2588,visual,Data,TrackUpdate,0.10,1
73,27,0,258.923,33.732,2.472,0.431,1.000,0.0,0.0,342.699,3.772,19.046,0,342.699,1.700,0.300,0.450,0.589,0.531,127,127,1,1,127,,2589,visual,Data,TrackUpdate,0.10,1
73,27,0,259.125,33.934,2.414,0.431,1.000,0.0,0.0,342.699,3.784,19.168,0,342.699,1.700,0.300,0.450,0.589,0.529,127,127,1,1,127,,2591,visual,Data,TrackUpdate,0.10,1
73,27,0,259.258,34.067,2.427,0.431,1.000,0.0,0.0,342.699,3.789,19.248,0,342.699,1.700,0.300,0.450,0.589,0.527,127,127,1,1,127,,2592,visual,Data,TrackUpdate,0.10,1
73,27,0,259.323,34.132,2.385,0.431,1.000,0.0,0.0,342.699,3.791,19.287,0,342.699,1.700,0.300,0.450,0.589,0.527,127,127,1,1,127,,2593,visual,Data,TrackUpdate,0.10,1
73,27,0,259.456,34.265,2.323,0.431,1.000,0.0,0.0,342.699,3.793,19.367,0,342.699,1.700,0.300,0.450,0.589,0.525,127,127,1,1,127,,2594,visual,Data,TrackUpdate,0.10,1
73,27,0,259.523,34.332,2.236,0.431,1.000,0.0,0.0,342.699,3.794,19.407,0,342.699,1.700,0.300,0.450,0.589,0.524,127,127,1,1,127,,2595,visual,Data,TrackUpdate,0.10,1
73,27,0,259.57,33.866,2.367,0.431,1.000,0.0,0.0,342.699,3.780,19.128,0,342.699,1.700,0.300,0.450,0.589,0.529,127,127,1,1,127,,2590,visual,Data,TrackUpdate,0.10,1
73,27,0,259.657,34.466,2.245,0.431,1.000,0.0,0.0,342.699,3.794,19.482,0,342.699,1.700,0.300,0.450,0.589,0.523,127,127,1,1,127,,2596,visual,Data,TrackUpdate,0.10,1
73,27,0,259.723,34.532,2.317,0.431,1.000,0.0,0.0,342.699,3.794,19.521,0,342.699,1.700,0.300,0.450,0.588,0.522,127,127,1,1,127,,2597,visual,Data,TrackUpdate,0.10,1
73,27,0,259.857,34.666,2.422,0.431,1.000,0.0,0.0,342.699,3.792,19.602,0,342.699,1.700,0.300,0.450,0.588,0.521,127,127,1,1,127,,2598,visual,Data,TrackUpdate,0.10,1
73,27,0,259.925,34.734,2.415,0.431,1.000,0.0,0.0,342.699,3.790,19.645,0,342.699,1.700,0.300,0.450,0.588,0.520,127,127,1,1,127,,2599,visual,Data,TrackUpdate,0.10,1
10,3,5,26.125,0.602,11.258,0.961,0.983,0.0,0.0,228.306,2.088,9.654,0,228.306,1.500,5.000,2.000,0.570,0.790,1,1,1,1,126,,261,visual,Data,TrackUpdate,0.10,1
10,3,5,26.257,0.734,11.895,0.978,0.991,0.0,0.0,228.306,1.815,9.265,0,228.306,1.500,5.000,2.000,0.560,0.806,1,1,1,1,126,,262,visual,Data,TrackUpdate,0.10,1
10,3,5,26.323,0.800,11.601,0.582,0.824,0.0,0.0,226.732,1.622,9.141,0,226.732,1.500,5.000,2.000,0.553,0.812,1,1,1,1,126,,263,visual,Data,TrackUpdate,0.10,1
10,3,5,26.457,0.934,11.351,0.881,0.952,0.0,0.0,226.732,1.372,8.989,0,226.732,1.500,5.000,2.000,0.542,0.818,1,1,1,1,126,,264,visual,Data,TrackUpdate,0.10,1
10,3,5,26.523,1.000,11.519,0.916,0.966,0.0,0.0,226.732,1.266,8.914,0,226.732,1.500,5.000,2.000,0.538,0.821,1,1,1,1,126,,265,visual,Data,TrackUpdate,0.10,1
10,3,5,26.57,0.534,11.104,0.709,0.870,0.0,0.0,231.559,2.344,9.825,0,231.559,1.500,5.000,2.000,0.580,0.782,1,1,1,1,126,,260,visual,Data,TrackUpdate,0.10,1
10,3,5,26.657,1.134,10.291,0.889,0.957,0.0,0.0,227.307,0.974,8.583,0,227.307,1.500,5.000,2.000,0.526,0.837,127,127,1,1,127,,266,visual,Data,TrackUpdate,0.10,1
10,3,5,26.723,1.200,10.649,0.816,0.930,0.0,0.0,227.307,0.837,8.440,0,227.307,1.500,5.000,2.000,0.520,0.844,127,127,1,1,127,,267,visual,Data,TrackUpdate,0.10,1
10,3,5,26.857,1.334,11.020,0.426,0.790,0.0,0.0,226.935,0.560,8.169,0,226.935,1.500,5.000,2.000,0.507,0.856,127,127,1,1,127,,268,visual,Data,TrackUpdate,0.10,1
10,3,5,26.923,1.400,11.210,0.637,0.869,0.0,0.0,226.935,0.436,8.037,0,226.935,1.500,5.000,2.000,0.502,0.864,127,127,1,1,127,,269,visual,Data,TrackUpdate,0.10,1
73,27,0,260.123,34.932,2.429,0.431,1.000,0.0,0.0,342.699,3.784,19.770,0,342.699,1.700,0.300,0.450,0.587,0.519,127,127,1,1,127,,2601,visual,Data,TrackUpdate,0.10,1
73,27,0,260.257,35.066,2.138,0.431,1.000,0.0,0.0,342.699,3.778,19.852,0,342.699,1.700,0.300,0.450,0.587,0.518,127,127,1,1,127,,2602,visual,Data,TrackUpdate,0.10,1
73,27,0,260.323,35.132,2.274,0.431,1.000,0.0,0.0,342.699,3.775,19.890,0,342.699,1.700,0.300,0.450,0.586,0.518,127,127,1,1,127,,2603,visual,Data,TrackUpdate,0.10,1
73,27,0,260.457,35.266,2.547,0.431,1.000,0.0,0.0,342.699,3.768,19.972,0,342.699,1.700,0.300,0.450,0.586,0.516,127,127,1,1,127,,2604,visual,Data,TrackUpdate,0.10,1
73,27,0,260.56,34.865,2.367,0.431,1.000,0.0,0.0,342.699,3.786,19.728,0,342.699,1.700,0.300,0.450,0.587,0.519,127,127,1,1,127,,2600,visual,Data,TrackUpdate,0.10,1
88,30,0,260.657,0.000,1.214,0.357,0.678,0.0,0.0,100.161,6.459,15.467,0,100.161,1.700,0.300,0.450,0.673,0.611,1,1,1,1,126,,2606,visual,Data,TrackUpdate,0.10,1
88,30,0,260.723,0.066,1.216,0.357,0.683,0.0,0.0,100.161,6.480,15.463,0,100.161,1.700,0.300,0.450,0.674,0.611,127,127,1,1,127,,2607,visual,Data,TrackUpdate,0.10,1
88,30,0,260.857,0.200,1.227,0.357,0.691,0.0,0.0,100.161,6.525,15.455,0,100.161,1.700,0.300,0.450,0.676,0.611,127,127,1,1,127,,2608,visual,Data,TrackUpdate,0.10,1
88,30,0,260.923,0.266,1.221,0.357,0.696,0.0,0.0,100.161,6.547,15.452,0,100.161,1.700,0.300,0.450,0.676,0.612,127,127,1,1,127,,2609,visual,Data,TrackUpdate,0.10,1
88,30,0,261.126,0.469,1.094,0.357,0.709,0.0,0.0,100.161,6.612,15.440,0,100.161,1.700,0.300,0.450,0.678,0.612,127,127,1,1,127,,2611,visual,Data,TrackUpdate,0.10,1
88,30,0,261.257,0.600,1.201,0.357,0.717,0.0,0.0,100.161,6.652,15.433,0,100.161,1.700,0.300,0.450,0.679,0.613,127,127,1,1,127,,2612,visual,Data,TrackUpdate,0.10,1
88,30,0,261.323,0.666,1.205,0.357,0.721,0.0,0.0,100.161,6.674,15.429,0,100.161,1.700,0.300,0.450,0.679,0.613,127,127,1,1,127,,2613,visual,Data,TrackUpdate,0.10,1
88,30,0,261.458,0.801,1.092,0.357,0.730,0.0,0.0,100.161,6.718,15.421,0,100.161,1.700,0.300,0.450,0.681,0.613,127,127,1,1,127,,2614,visual,Data,TrackUpdate,0.10,1
88,30,0,261.523,0.866,1.199,0.357,0.734,0.0,0.0,100.161,6.738,15.417,0,100.161,1.700,0.300,0.450,0.681,0.613,127,127,1,1,127,,2615,visual,Data,TrackUpdate,0.10,1
88,30,0,261.58,0.401,1.148,0.357,0.704,0.0,0.0,100.161,6.591,15.444,0,100.161,1.700,0.300,0.450,0.677,0.612,127,127,1,1,127,,2610,visual,Data,TrackUpdate,0.10,1
88,30,0,261.657,1.000,1.286,0.357,0.743,0.0,0.0,100.161,6.783,15.409,0,100.161,1.700,0.300,0.450,0.682,0.614,127,127,1,1,127,,2616,visual,Data,TrackUpdate,0.10,1
10,3,5,27.125,1.602,11.873,0.929,0.976,0.0,0.0,224.323,-0.305,7.440,0,224.323,1.500,5.000,2.000,0.465,0.893,127,127,1,1,127,,271,visual,Data,TrackUpdate,0.10,1
10,3,5,27.257,1.734,11.950,0.964,0.988,0.0,0.0,223.239,-0.822,6.969,0,223.239,1.500,5.000,2.000,0.438,0.918,127,127,1,1,127,,272,visual,Data,TrackUpdate,0.10,1
10,3,5,27.323,1.800,12.097,0.968,0.990,0.0,0.0,223.239,-1.023,6.758,0,223.239,1.500,5.000,2.000,0.426,0.930,127,127,1,1,127,,273,visual,Data,TrackUpdate,0.10,1
10,3,5,27.457,1.934,12.141,0.821,0.945,0.0,0.0,223.260,-1.313,6.453,0,223.260,1.500,5.000,2.000,0.409,0.946,127,127,1,1,127,,274,visual,Data,TrackUpdate,0.10,1
10,3,5,27.523,2.000,12.027,0.938,0.981,0.0,0.0,223.260,-1.456,6.302,0,223.260,1.500,5.000,2.000,0.401,0.955,127,127,1,1,127,,275,visual,Data,TrackUpdate,0.10,1
10,3,5,27.57,1.534,11.825,0.383,0.786,0.0,0.0,224.377,-0.074,7.678,0,224.377,1.500,5.000,2.000,0.477,0.881,127,127,1,1,127,,270,visual,Data,TrackUpdate,0.10,1
10,3,5,27.657,2.134,12.024,0.868,0.962,0.0,0.0,224.093,-1.699,5.994,0,224.093,1.500,5.000,2.000,0.385,0.972,127,127,1,1,127,,276,visual,Data,TrackUpdate,0.10,1
10,3,5,27.723,2.200,12.290,0.584,0.884,0.0,0.0,224.093,-1.858,5.827,0,224.093,1.500,5.000,2.000,0.375,0.981,127,127,1,1,127,,277,visual,Data,TrackUpdate,0.10,1
10,3,5,27.857,2.334,12.238,0.584,0.889,0.0,0.0,224.062,-2.184,5.489,0,224.062,1.500,5.000,2.000,0.355,1.001,127,127,1,1,127,,278,visual,Data,TrackUpdate,0.10,1
10,3,5,27.923,2.400,12.224,0.584,0.892,0.0,0.0,224.062,-2.345,5.321,0,224.062,1.500,5.000,2.000,0.344,1.010,127,127,1,1,127,,279,visual,Data,TrackUpdate,0.10,1
10,3,5,28.123,2.600,12.334,0.584,0.900,0.0,0.0,224.045,-2.833,4.812,0,224.045,1.500,5.000,2.000,0.311,1.037,127,127,1,1,127,,281,visual,Data,TrackUpdate,0.10,1
10,3,5,28.59,2.536,12.284,0.584,0.897,0.0,0.0,224.045,-2.677,4.975,0,224.045,1.500,5.000,2.000,0.321,1.029,127,127,1,1,127,,280,visual,Data,TrackUpdate,0.10,1
12,4,0,28.657,0.067,2.722,0.996,0.996,0.0,0.0,36.594,2.187,5.998,0,36.594,1.700,0.300,0.450,0.589,0.998,127,127,1,1,127,,286,visual,Data,TrackUpdate,0.10,1
12,4,0,28.725,0.135,2.885,0.998,0.998,0.0,0.0,36.594,2.254,6.072,0,36.594,1.700,0.300,0.450,0.592,0.993,127,127,1,1,127,,287,visual,Data,TrackUpdate,0.10,1
12,4,0,28.857,0.267,2.813,0.997,0.997,0.0,0.0,36.594,2.332,6.115,0,36.594,1.700,0.300,0.450,0.595,0.990,127,127,1,1,127,,288,visual,Data,TrackUpdate,0.10,1
12,4,0,28.923,0.333,2.665,0.996,0.997,0.0,0.0,36.594,2.339,6.109,0,36.594,1.700,0.300,0.450,0.596,0.991,127,127,1,1,127,,289,visual,Data,TrackUpdate,0.10,1
12,4,0,29.0,0.410,2.582,0.995,0.996,0.0,0.0,36.594,2.366,6.119,0,36.594,1.700,0.300,0.450,0.597,0.990,127,127,1,1,127,,290,visual,Data,TrackUpdate,0.10,1
12,4,0,29.123,0.533,2.780,0.945,0.955,0.0,0.0,36.594,2.475,6.248,0,36.594,1.700,0.300,0.450,0.602,0.981,127,127,1,1,127,,291,visual,Data,TrackUpdate,0.10,1
12,4,0,29.257,0.667,3.079,0.984,0.988,0.0,0.0,44.066,2.539,6.770,0,44.066,1.700,0.300,0.450,0.602,0.946,1,1,1,1,126,,292,visual,Data,TrackUpdate,0.10,1
12,4,0,29.324,0.734,3.160,0.996,0.997,0.0,0.0,44.066,2.572,6.920,0,44.066,1.700,0.300,0.450,0.603,0.937,1,1,1,1,126,,293,visual,Data,TrackUpdate,0.10,1
12,4,0,29.458,0.868,3.046,0.996,0.997,0.0,0.0,44.066,2.599,7.035,0,44.066,1.700,0.300,0.450,0.603,0.931,1,1,1,1,126,,294,visual,Data,TrackUpdate,0.10,1
12,4,0,29.523,0.933,3.057,0.995,0.996,0.0,0.0,44.066,2.624,7.100,0,44.066,1.700,0.300,0.450,0.605,0.926,1,1,1,1,126,,295,visual,Data,TrackUpdate,0.10,1
12,4,0,29.657,1.067,3.154,0.992,0.994,0.0,0.0,44.066,2.714,7.262,0,44.066,1.700,0.300,0.450,0.608,0.916,1,1,1,1,126,,296,visual,Data,TrackUpdate,0.10,1
12,4,0,29.723,1.133,3.233,0.994,0.996,0.0,0.0,39.171,2.762,7.358,0,39.171,1.700,0.300,0.450,0.609,0.911,1,1,1,1,126,,297,visual,Data,TrackUpdate,0.10,1
12,4,0,29.857,1.267,3.323,0.998,0.999,0.0,0.0,39.171,2.873,7.489,0,39.171,1.700,0.300,0.450,0.613,0.903,1,1,1,1,126,,298,visual,Data,TrackUpdate,0.10,1
12,4,0,29.923,1.333,3.265,0.998,0.999,0.0,0.0,39.171,2.903,7.504,0,39.171,1.700,0.300,0.450,0.614,0.902,1,1,1,1,126,,299,visual,Data,TrackUpdate,0.10,1
7,1,0,3.123,0.800,8.411,0.983,0.989,0.0,0.0,50.214,0.247,6.830,0,50.214,1.700,0.300,0.450,0.490,0.935,1,1,1,1,126,,31,visual,Data,TrackUpdate,0.10,1
7,1,0,3.257,0.934,8.264,0.992,0.995,0.0,0.0,50.214,0.433,7.054,0,50.214,1.700,0.300,0.450,0.500,0.921,1,1,1,1,126,,32,visual,Data,TrackUpdate,0.10,1
7,1,0,3.323,1.000,8.428,0.979,0.988,0.0,0.0,50.214,0.571,7.233,0,50.214,1.700,0.300,0.450,0.507,0.911,1,1,1,1,126,,33,visual,Data,TrackUpdate,0.10,1
7,1,0,3.457,1.134,8.299,0.994,0.997,0.0,0.0,48.046,0.701,7.480,0,48.046,1.700,0.300,0.450,0.513,0.897,1,1,1,1,126,,34,visual,Data,TrackUpdate,0.10,1
7,1,0,3.523,1.200,8.095,0.992,0.996,0.0,0.0,48.046,0.745,7.537,0,48.046,1.700,0.300,0.450,0.515,0.894,1,1,1,1,126,,35,visual,Data,TrackUpdate,0.10,1
6,0,0,3.57,2.400,3.850,0.345,0.754,0.0,0.0,218.707,-3.488,5.318,0,218.707,1.700,0.300,0.450,0.286,0.988,127,127,1,1,127,,30,visual,Data,TrackUpdate,0.10,2
7,1,0,3.57,0.734,8.542,0.973,0.982,0.0,0.0,55.203,0.164,6.703,0,55.203,1.700,0.300,0.450,0.486,0.943,1,1,1,1,126,,30,visual,Data,TrackUpdate,0.10,2
7,1,0,3.657,1.334,7.993,0.995,0.998,0.0,0.0,48.046,0.913,7.723,0,48.046,1.700,0.300,0.450,0.523,0.883,1,1,1,1,126,,36,visual,Data,TrackUpdate,0.10,1
7,1,0,3.723,1.400,7.803,0.989,0.995,0.0,0.0,48.046,0.954,7.755,0,48.046,1.700,0.300,0.450,0.525,0.882,1,1,1,1,126,,37,visual,Data,TrackUpdate,0.10,1
7,1,0,3.857,1.534,8.005,0.989,0.995,0.0,0.0,46.699,1.195,8.071,0,46.699,1.700,0.300,0.450,0.536,0.866,1,1,1,1,126,,38,visual,Data,TrackUpdate,0.10,1
7,1,0,3.923,1.600,7.870,0.988,0.995,0.0,0.0,46.699,1.239,8.132,0,46.699,1.700,0.300,0.450,0.538,0.862,1,1,1,1,126,,39,visual,Data,TrackUpdate,0.10,1
12,4,0,30.127,1.537,3.136,0.999,0.999,0.0,0.0,39.171,3.002,7.545,0,39.171,1.700,0.300,0.450,0.618,0.900,1,1,1,1,126,,301,visual,Data,TrackUpdate,0.10,1
12,4,0,30.257,1.667,3.057,0.972,0.983,0.0,0.0,39.171,3.061,7.553,0,39.171,1.700,0.300,0.450,0.621,0.899,1,1,1,1,126,,302,visual,Data,TrackUpdate,0.10,1
12,4,0,30.323,1.733,3.245,0.997,0.998,0.0,0.0,42.757,3.177,7.651,0,42.757,1.700,0.300,0.450,0.626,0.894,1,1,1,1,126,,303,visual,Data,TrackUpdate,0.10,1
12,4,0,30.457,1.867,3.460,0.997,0.998,0.0,0.0,42.757,3.295,7.799,0,42.757,1.700,0.300,0.450,0.630,0.885,1,1,1,1,126,,304,visual,Data,TrackUpdate,0.10,1
12,4,0,30.523,1.933,3.540,0.997,0.998,0.0,0.0,42.757,3.356,7.876,0,42.757,1.700,0.300,0.450,0.632,0.881,1,1,1,1,126,,305,visual,Data,TrackUpdate,0.10,1
12,4,0,30.57,1.467,3.102,0.999,0.999,0.0,0.0,39.171,2.959,7.518,0,39.171,1.700,0.300,0.450,0.617,0.901,1,1,1,1,126,,300,visual,Data,TrackUpdate,0.10,1
12,4,0,30.657,2.067,3.417,0.997,0.999,0.0,0.0,42.757,3.374,7.938,0,42.757,1.700,0.300,0.450,0.632,0.878,1,1,1,1,126,,306,visual,Data,TrackUpdate,0.10,1
12,4,0,30.724,2.134,3.414,0.997,0.999,0.0,0.0,42.757,3.376,7.942,0,42.757,1.700,0.300,0.450,0.632,0.878,1,1,1,1,126,,307,visual,Data,TrackUpdate,0.10,1
12,4,0,30.857,2.267,3.344,0.996,0.998,0.0,0.0,42.757,3.412,7.991,0,42.757,1.700,0.300,0.450,0.633,0.875,1,1,1,1,126,,308,visual,Data,TrackUpdate,0.10,1
12,4,0,30.923,2.333,3.461,0.996,0.998,0.0,0.0,42.906,3.513,8.106,0,42.906,1.700,0.300,0.450,0.636,0.869,1,1,1,1,126,,309,visual,Data,TrackUpdate,0.10,1
12,4,0,31.123,2.533,3.562,0.972,0.989,0.0,0.0,42.906,3.742,8.302,0,42.906,1.700,0.300,0.450,0.644,0.858,1,1,1,1,126,,311,visual,Data,TrackUpdate,0.10,1
12,4,0,31.257,2.667,3.493,0.627,0.858,0.0,0.0,42.906,3.749,8.277,0,42.906,1.700,0.300,0.450,0.645,0.860,1,1,1,1,126,,312,visual,Data,TrackUpdate,0.10,1
12,4,0,31.323,2.733,3.770,0.497,0.822,0.0,0.0,42.906,3.891,8.415,0,42.906,1.700,0.300,0.450,0.649,0.853,1,1,1,1,126,,313,visual,Data,TrackUpdate,0.10,1
12,4,0,31.459,2.869,3.644,0.371,0.792,0.0,0.0,44.478,3.960,8.486,0,44.478,1.700,0.300,0.450,0.652,0.849,1,1,1,1,126,,314,visual,Data,TrackUpdate,0.10,1
12,4,0,31.525,2.935,3.429,0.702,0.906,0.0,0.0,44.478,4.015,8.541,0,44.478,1.700,0.300,0.450,0.653,0.846,1,1,1,1,126,,315,visual,Data,TrackUpdate,0.10,1
12,4,0,31.57,2.467,3.472,0.994,0.998,0.0,0.0,42.906,3.649,8.238,0,42.906,1.700,0.300,0.450,0.641,0.862,1,1,1,1,126,,310,visual,Data,TrackUpdate,0.10,1
12,4,0,31.657,3.067,3.415,0.844,0.955,0.0,0.0,44.478,4.087,8.605,0,44.478,1.700,0.300,0.450,0.655,0.844,1,1,1,1,126,,316,visual,Data,TrackUpdate,0.10,1
12,4,0,31.723,3.133,3.448,0.966,0.990,0.0,0.0,44.478,4.114,8.631,0,44.478,1.700,0.300,0.450,0.656,0.842,1,1,1,1,126,,317,visual,Data,TrackUpdate,0.10,1
12,4,0,31.857,3.267,3.378,0.790,0.945,0.0,0.0,44.478,4.155,8.682,0,44.478,1.700,0.300,0.450,0.657,0.839,1,1,1,1,126,,318,visual,Data,TrackUpdate,0.10,1
12,4,0,31.923,3.333,3.474,0.301,0.829,0.0,0.0,44.478,4.215,8.748,0,44.478,1.700,0.300,0.450,0.659,0.836,1,1,1,1,126,,319,visual,Data,TrackUpdate,0.10,1
12,4,0,32.0,3.410,3.373,0.301,0.840,0.0,0.0,44.161,4.268,8.803,0,44.161,1.700,0.300,0.450,0.661,0.833,127,127,1,1,127,,320,visual,Data,TrackUpdate,0.10,1
12,4,0,32.125,3.535,3.266,0.301,0.857,0.0,0.0,44.161,4.349,8.885,0,44.161,1.700,0.300,0.450,0.663,0.830,127,127,1,1,127,,321,visual,Data,TrackUpdate,0.10,1
12,4,0,32.257,3.667,3.284,0.301,0.874,0.0,0.0,44.161,4.433,8.970,0,44.161,1.700,0.300,0.450,0.665,0.826,127,127,1,1,127,,322,visual,Data,TrackUpdate,0.10,1
12,4,0,32.325,3.735,3.353,0.301,0.883,0.0,0.0,44.161,4.476,9.014,0,44.161,1.700,0.300,0.450,0.667,0.823,127,127,1,1,127,,323,visual,Data,TrackUpdate,0.10,1
12,4,0,32.457,3.867,3.416,0.301,0.901,0.0,0.0,44.161,4.563,9.102,0,44.161,1.700,0.300,0.450,0.669,0.819,127,127,1,1,127,,324,visual,Data,TrackUpdate,0.10,1
12,4,0,32.523,3.933,3.459,0.301,0.910,0.0,0.0,44.161,4.607,9.147,0,44.161,1.700,0.300,0.450,0.670,0.817,127,127,1,1,127,,325,visual,Data,TrackUpdate,0.10,1
12,4,0,32.657,4.067,3.399,0.301,0.929,0.0,0.0,44.217,4.698,9.240,0,44.217,1.700,0.300,0.450,0.673,0.813,127,127,1,1,127,,326,visual,Data,TrackUpdate,0.10,1
12,4,0,32.725,4.135,3.362,0.301,0.938,0.0,0.0,44.217,4.743,9.285,0,44.217,1.700,0.300,0.450,0.674,0.811,127,127,1,1,127,,327,visual,Data,TrackUpdate,0.10,1
12,4,0,32.857,4.267,3.243,0.301,0.949,0.0,0.0,44.217,4.829,9.373,0,44.217,1.700,0.300,0.450,0.676,0.806,127,127,1,1,127,,328,visual,Data,TrackUpdate,0.10,1
14,5,0,32.924,0.000,2.662,0.993,0.994,0.0,0.0,47.706,2.131,6.027,0,47.706,1.700,0.300,0.450,0.586,0.995,1,1,1,1,126,,329,visual,Data,TrackUpdate,0.10,1
14,5,0,33.123,0.199,2.674,0.995,0.996,0.0,0.0,47.706,2.290,6.071,0,47.706,1.700,0.300,0.450,0.594,0.993,127,127,1,1,127,,331,visual,Data,TrackUpdate,0.10,1
14,5,0,33.257,0.333,2.532,0.995,0.996,0.0,0.0,47.706,2.347,6.081,0,47.706,1.700,0.300,0.450,0.596,0.993,127,127,1,1,127,,332,visual,Data,TrackUpdate,0.10,1
14,5,0,33.323,0.399,2.477,0.993,0.994,0.0,0.0,47.706,2.382,6.078,0,47.706,1.700,0.300,0.450,0.598,0.992,127,127,1,1,127,,333,visual,Data,TrackUpdate,0.10,1
14,5,0,33.457,0.533,2.637,0.994,0.995,0.0,0.0,47.706,2.490,6.194,0,47.706,1.700,0.300,0.450,0.603,0.984,127,127,1,1,127,,334,visual,Data,TrackUpdate,0.10,1
14,5,0,33.523,0.599,2.765,0.982,0.986,0.0,0.0,47.706,2.533,6.303,0,47.706,1.700,0.300,0.450,0.604,0.977,127,127,1,1,127,,335,visual,Data,TrackUpdate,0.10,1
14,5,0,33.57,0.133,2.877,0.995,0.996,0.0,0.0,47.706,2.264,6.116,0,47.706,1.700,0.300,0.450,0.592,0.990,127,127,1,1,127,,330,visual,Data,TrackUpdate,0.10,1
14,5,0,33.657,0.733,2.944,0.993,0.995,0.0,0.0,47.706,2.598,6.635,0,47.706,1.700,0.300,0.450,0.606,0.955,1,1,1,1,126,,336,visual,Data,TrackUpdate,0.10,1
14,5,0,33.724,0.800,2.910,0.994,0.996,0.0,0.0,47.706,2.614,6.752,0,47.706,1.700,0.300,0.450,0.606,0.948,1,1,1,1,126,,337,visual,Data,TrackUpdate,0.10,1
14,5,0,33.858,0.934,2.861,0.995,0.996,0.0,0.0,47.706,2.666,6.886,0,47.706,1.700,0.300,0.450,0.607,0.940,1,1,1,1,126,,338,visual,Data,TrackUpdate,0.10,1
14,5,0,33.923,0.999,2.902,0.994,0.996,0.0,0.0,47.706,2.710,6.968,0,47.706,1.700,0.300,0.450,0.609,0.934,1,1,1,1,126,,339,visual,Data,TrackUpdate,0.10,1
14,5,0,34.125,1.201,3.579,0.998,0.999,0.0,0.0,47.311,2.990,7.488,0,47.311,1.700,0.300,0.450,0.618,0.903,1,1,1,1,126,,341,visual,Data,TrackUpdate,0.10,1
14,5,0,34.259,1.335,3.267,0.998,0.999,0.0,0.0,47.311,2.979,7.414,0,47.311,1.700,0.300,0.450,0.619,0.907,1,1,1,1,126,,342,visual,Data,TrackUpdate,0.10,1
14,5,0,34.323,1.399,3.181,0.997,0.998,0.0,0.0,47.311,2.993,7.411,0,47.311,1.700,0.300,0.450,0.619,0.907,1,1,1,1,126,,343,visual,Data,TrackUpdate,0.10,1
14,5,0,34.456,1.532,3.161,0.998,0.999,0.0,0.0,47.311,3.069,7.490,0,47.311,1.700,0.300,0.450,0.622,0.903,1,1,1,1,126,,344,visual,Data,TrackUpdate,0.10,1
14,5,0,34.523,1.599,3.414,0.998,0.999,0.0,0.0,45.773,3.154,7.596,0,45.773,1.700,0.300,0.450,0.625,0.897,1,1,1,1,126,,345,visual,Data,TrackUpdate,0.10,1
14,5,0,34.57,1.133,3.450,0.998,0.999,0.0,0.0,47.311,2.924,7.355,0,47.311,1.700,0.300,0.450,0.616,0.910,1,1,1,1,126,,340,visual,Data,TrackUpdate,0.10,1
14,5,0,34.657,1.733,3.620,0.997,0.998,0.0,0.0,45.773,3.312,7.818,0,45.773,1.700,0.300,0.450,0.630,0.884,1,1,1,1,126,,346,visual,Data,TrackUpdate,0.10,1
14,5,0,34.723,1.799,3.630,0.996,0.998,0.0,0.0,45.773,3.361,7.907,0,45.773,1.700,0.300,0.450,0.632,0.880,1,1,1,1,126,,347,visual,Data,TrackUpdate,0.10,1
14,5,0,34.857,1.933,3.599,0.995,0.998,0.0,0.0,45.773,3.411,7.963,0,45.773,1.700,0.300,0.450,0.633,0.877,1,1,1,1,126,,348,visual,Data,TrackUpdate,0.10,1
14,5,0,34.923,1.999,3.490,0.995,0.998,0.0,0.0,45.773,3.429,7.977,0,45.773,1.700,0.300,0.450,0.634,0.876,1,1,1,1,126,,349,visual,Data,TrackUpdate,0.10,1
14,5,0,35.123,2.199,3.922,0.983,0.993,0.0,0.0,43.402,3.625,8.190,0,43.402,1.700,0.300,0.450,0.641,0.864,1,1,1,1,126,,351,visual,Data,TrackUpdate,0.10,1
14,5,0,35.257,2.333,3.950,0.994,0.998,0.0,0.0,43.402,3.795,8.293,0,43.402,1.700,0.300,0.450,0.646,0.859,1,1,1,1,126,,352,visual,Data,TrackUpdate,0.10,1
14,5,0,35.323,2.399,3.856,0.991,0.997,0.0,0.0,43.402,3.830,8.301,0,43.402,1.700,0.300,0.450,0.647,0.858,1,1,1,1,126,,353,visual,Data,TrackUpdate,0.10,1
14,5,0,35.457,2.533,3.909,0.969,0.989,0.0,0.0,44.988,3.906,8.331,0,44.988,1.700,0.300,0.450,0.651,0.856,1,1,1,1,126,,354,visual,Data,TrackUpdate,0.10,1
14,5,0,35.523,2.599,4.006,0.966,0.989,0.0,0.0,44.988,3.993,8.407,0,44.988,1.700,0.300,0.450,0.653,0.854,1,1,1,1,126,,355,visual,Data,TrackUpdate,0.10,1
14,5,0,35.57,2.133,3.693,0.995,0.998,0.0,0.0,43.402,3.529,8.085,0,43.402,1.700,0.300,0.450,0.637,0.870,1,1,1,1,126,,350,visual,Data,TrackUpdate,0.10,1
14,5,0,35.657,2.733,4.390,0.908,0.973,0.0,0.0,44.988,4.171,8.606,0,44.988,1.700,0.300,0.450,0.658,0.844,1,1,1,1,126,,356,visual,Data,TrackUpdate,0.10,1
14,5,0,35.723,2.799,4.274,0.927,0.979,0.0,0.0,44.988,4.164,8.606,0,44.988,1.700,0.300,0.450,0.658,0.843,1,1,1,1,126,,357,visual,Data,TrackUpdate,0.10,1
14,5,0,35.857,2.933,4.246,0.998,0.999,0.0,0.0,44.564,4.280,8.754,0,44.564,1.700,0.300,0.450,0.661,0.836,1,1,1,1,126,,358,visual,Data,TrackUpdate,0.10,1
14,5,0,35.923,2.999,4.204,0.995,0.999,0.0,0.0,44.564,4.292,8.780,0,44.564,1.700,0.300,0.450,0.661,0.834,1,1,1,1,126,,359,visual,Data,TrackUpdate,0.10,1
14,5,0,36.123,3.199,4.086,0.401,0.877,0.0,0.0,44.564,4.386,8.854,0,44.564,1.700,0.300,0.450,0.665,0.831,1,1,1,1,126,,361,visual,Data,TrackUpdate,0.10,1
14,5,0,36.257,3.333,3.978,0.416,0.895,0.0,0.0,44.564,4.460,8.868,0,44.564,1.700,0.300,0.450,0.667,0.830,1,1,1,1,126,,362,visual,Data,TrackUpdate,0.10,1
14,5,0,36.323,3.399,3.738,0.416,0.902,0.0,0.0,44.564,4.511,8.912,0,44.564,1.700,0.300,0.450,0.669,0.828,127,127,1,1,127,,363,visual,Data,TrackUpdate,0.10,1
14,5,0,36.457,3.533,3.349,0.580,0.938,0.0,0.0,44.564,4.583,8.944,0,44.564,1.700,0.300,0.450,0.671,0.827,127,127,1,1,127,,364,visual,Data,TrackUpdate,0.10,1
14,5,0,36.523,3.599,3.438,0.580,0.941,0.0,0.0,44.564,4.631,8.981,0,44.564,1.700,0.300,0.450,0.672,0.825,127,127,1,1,127,,365,visual,Data,TrackUpdate,0.10,1
14,5,0,36.57,3.133,3.935,0.979,0.995,0.0,0.0,44.564,4.301,8.774,0,44.564,1.700,0.300,0.450,0.662,0.834,1,1,1,1,126,,360,visual,Data,TrackUpdate,0.10,1
14,5,0,36.657,3.733,3.712,0.580,0.947,0.0,0.0,45.811,4.734,9.059,0,45.811,1.700,0.300,0.450,0.676,0.820,127,127,1,1,127,,366,visual,Data,TrackUpdate,0.10,1
14,5,0,36.723,3.799,3.740,0.580,0.950,0.0,0.0,45.811,4.787,9.101,0,45.811,1.700,0.300,0.450,0.677,0.819,127,127,1,1,127,,367,visual,Data,TrackUpdate,0.10,1
14,5,0,36.857,3.933,3.650,0.580,0.955,0.0,0.0,45.811,4.894,9.188,0,45.811,1.700,0.300,0.450,0.681,0.816,127,127,1,1,127,,368,visual,Data,TrackUpdate,0.10,1
14,5,0,36.923,3.999,3.477,0.580,0.958,0.0,0.0,45.811,4.946,9.231,0,45.811,1.700,0.300,0.450,0.682,0.813,127,127,1,1,127,,369,visual,Data,TrackUpdate,0.10,1
14,5,0,37.123,4.199,3.629,0.629,0.970,0.0,0.0,45.658,5.139,9.515,0,45.658,1.700,0.300,0.450,0.686,0.801,1,1,1,1,126,,371,visual,Data,TrackUpdate,0.10,1
14,5,0,37.257,4.333,3.777,0.629,0.975,0.0,0.0,45.658,5.233,9.618,0,45.658,1.700,0.300,0.450,0.688,0.796,127,127,1,1,127,,372,visual,Data,TrackUpdate,0.10,1
14,5,0,37.323,4.399,3.758,0.629,0.978,0.0,0.0,45.658,5.280,9.668,0,45.658,1.700,0.300,0.450,0.690,0.794,127,127,1,1,127,,373,visual,Data,TrackUpdate,0.10,1
14,5,0,37.459,4.535,3.653,0.629,0.983,0.0,0.0,45.658,5.376,9.772,0,45.658,1.700,0.300,0.450,0.691,0.790,127,127,1,1,127,,374,visual,Data,TrackUpdate,0.10,1
14,5,0,37.524,4.600,3.506,0.629,0.985,0.0,0.0,44.369,5.419,9.823,0,44.369,1.700,0.300,0.450,0.692,0.787,127,127,1,1,127,,375,visual,Data,TrackUpdate,0.10,1
14,5,0,37.57,4.133,3.553,0.528,0.959,0.0,0.0,45.658,5.082,9.416,0,45.658,1.700,0.300,0.450,0.685,0.805,127,127,1,1,127,,370,visual,Data,TrackUpdate,0.10,1
14,5,0,37.657,4.733,3.604,0.629,0.990,0.0,0.0,44.369,5.508,9.919,0,44.369,1.700,0.300,0.450,0.695,0.783,127,127,1,1,127,,376,visual,Data,TrackUpdate,0.10,1
14,5,0,37.723,4.799,3.653,0.629,0.993,0.0,0.0,44.369,5.553,9.967,0,44.369,1.700,0.300,0.450,0.696,0.781,127,127,1,1,127,,377,visual,Data,TrackUpdate,0.10,1
14,5,0,37.858,4.934,3.628,0.629,0.998,0.0,0.0,44.369,5.647,10.068,0,44.369,1.700,0.300,0.450,0.697,0.778,127,127,1,1,127,,378,visual,Data,TrackUpdate,0.10,1
14,5,0,37.924,5.000,3.470,0.629,1.000,0.0,0.0,44.369,5.692,10.116,0,44.369,1.700,0.300,0.450,0.698,0.775,127,127,1,1,127,,379,visual,Data,TrackUpdate,0.10,1
14,5,0,38.123,5.199,3.497,0.629,1.000,0.0,0.0,44.238,5.824,10.258,0,44.238,1.700,0.300,0.450,0.702,0.769,127,127,1,1,127,,381,visual,Data,TrackUpdate,0.10,1
14,5,0,38.57,5.133,3.524,0.629,1.000,0.0,0.0,44.238,5.780,10.211,0,44.238,1.700,0.300,0.450,0.701,0.771,127,127,1,1,127,,380,visual,Data,TrackUpdate,0.10,1
7,1,0,4.123,1.800,7.485,0.987,0.995,0.0,0.0,46.699,1.409,8.257,0,46.699,1.700,0.300,0.450,0.545,0.856,1,1,1,1,126,,41,visual,Data,TrackUpdate,0.10,1
7,1,0,4.257,1.934,7.526,0.990,0.997,0.0,0.0,45.411,1.584,8.514,0,45.411,1.700,0.300,0.450,0.553,0.844,1,1,1,1,126,,42,visual,Data,TrackUpdate,0.10,1
7,1,0,4.324,2.001,7.533,0.993,0.998,0.0,0.0,45.411,1.694,8.906,0,45.411,1.900,1.100,0.450,0.556,0.824,1,1,1,1,126,,43,visual,Data,TrackUpdate,0.10,1
7,1,0,4.457,2.134,7.289,0.963,0.989,0.0,0.0,45.411,1.836,9.104,0,45.411,1.900,1.100,0.450,0.561,0.815,1,1,1,1,126,,44,visual,Data,TrackUpdate,0.10,1
7,1,0,4.523,2.200,7.211,0.993,0.998,0.0,0.0,42.267,1.882,9.187,0,42.267,1.900,1.100,0.450,0.563,0.810,1,1,1,1,126,,45,visual,Data,TrackUpdate,0.10,1
7,1,0,4.57,1.734,7.632,0.992,0.997,0.0,0.0,46.699,1.363,8.226,0,46.699,1.700,0.300,0.450,0.543,0.858,1,1,1,1,126,,40,visual,Data,TrackUpdate,0.10,1
7,1,0,4.657,2.334,6.983,0.993,0.998,0.0,0.0,42.267,2.057,9.116,0,42.267,1.700,0.300,0.450,0.570,0.814,1,1,1,1,126,,46,visual,Data,TrackUpdate,0.10,1
7,1,0,4.723,2.400,6.901,0.985,0.996,0.0,0.0,42.267,2.135,9.224,0,42.267,1.700,0.300,0.450,0.573,0.810,1,1,1,1,126,,47,visual,Data,TrackUpdate,0.10,1
7,1,0,4.857,2.534,6.807,0.993,0.998,0.0,0.0,41.652,2.263,9.382,0,41.652,1.700,0.300,0.450,0.578,0.802,1,1,1,1,126,,48,visual,Data,TrackUpdate,0.10,1
7,1,0,4.923,2.600,6.933,0.995,0.999,0.0,0.0,41.652,2.415,9.838,0,41.652,1.900,1.100,0.450,0.582,0.782,1,1,1,1,126,,49,visual,Data,TrackUpdate,0.10,1
16,6,0,44.723,0.000,7.748,0.933,0.939,0.0,0.0,227.203,4.114,12.140,0,227.203,1.900,1.100,0.450,0.630,0.698,1,1,1,1,126,,447,visual,Data,TrackUpdate,0.10,1
16,6,0,44.857,0.134,8.109,0.909,0.922,0.0,0.0,227.203,3.871,11.900,0,227.203,1.900,1.100,0.450,0.623,0.706,1,1,1,1,126,,448,visual,Data,TrackUpdate,0.10,1
16,6,0,44.923,0.200,7.185,0.990,0.992,0.0,0.0,227.203,3.779,12.020,0,227.203,1.900,1.100,0.450,0.620,0.701,1,1,1,1,126,,449,visual,Data,TrackUpdate,0.10,1
16,6,0,45.123,0.400,7.460,0.846,0.881,0.0,0.0,227.203,3.450,11.693,0,227.203,1.900,1.100,0.450,0.611,0.712,1,1,1,1,126,,451,visual,Data,TrackUpdate,0.10,1
16,6,0,45.257,0.534,7.638,0.987,0.991,0.0,0.0,240.589,3.231,11.416,0,240.589,1.900,1.100,0.450,0.605,0.721,1,1,1,1,126,,452,visual,Data,TrackUpdate,0.10,1
16,6,0,45.323,0.600,7.669,0.944,0.961,0.0,0.0,240.589,3.048,11.125,0,240.589,1.700,0.300,0.450,0.599,0.731,1,1,1,1,126,,453,visual,Data,TrackUpdate,0.10,1
16,6,0,45.457,0.734,7.605,0.944,0.963,0.0,0.0,240.589,2.806,11.006,0,240.589,1.700,0.300,0.450,0.592,0.735,1,1,1,1,126,,454,visual,Data,TrackUpdate,0.10,1
16,6,0,45.523,0.800,7.360,0.946,0.965,0.0,0.0,240.589,2.759,10.979,0,240.589,1.700,0.300,0.450,0.590,0.736,1,1,1,1,126,,455,visual,Data,TrackUpdate,0.10,1
16,6,0,45.57,0.334,7.283,0.994,0.995,0.0,0.0,227.203,3.584,11.805,0,227.203,1.900,1.100,0.450,0.614,0.708,1,1,1,1,126,,450,visual,Data,TrackUpdate,0.10,1
16,6,0,45.657,0.934,7.919,0.970,0.982,0.0,0.0,238.567,2.377,10.682,0,238.567,1.700,0.300,0.450,0.577,0.746,1,1,1,1,126,,456,visual,Data,TrackUpdate,0.10,1
16,6,0,45.723,1.000,7.667,0.957,0.975,0.0,0.0,238.567,2.336,10.660,0,238.567,1.700,0.300,0.450,0.576,0.747,1,1,1,1,126,,457,visual,Data,TrackUpdate,0.10,1
16,6,0,45.857,1.134,8.091,0.817,0.906,0.0,0.0,235.600,1.968,10.375,0,235.600,1.700,0.300,0.450,0.563,0.757,1,1,1,1,126,,458,visual,Data,TrackUpdate,0.10,1
16,6,0,45.923,1.200,7.989,0.942,0.971,0.0,0.0,235.600,1.903,10.297,0,235.600,1.700,0.300,0.450,0.560,0.761,1,1,1,1,126,,459,visual,Data,TrackUpdate,0.10,1
16,6,0,46.124,1.401,7.819,0.965,0.985,0.0,0.0,235.600,1.675,10.013,0,235.600,1.700,0.300,0.450,0.553,0.772,1,1,1,1,126,,461,visual,Data,TrackUpdate,0.10,1
16,6,0,46.257,1.534,7.815,0.910,0.964,0.0,0.0,232.800,1.455,9.835,0,232.800,1.700,0.300,0.450,0.544,0.778,1,1,1,1,126,,462,visual,Data,TrackUpdate,0.10,1
16,6,0,46.323,1.600,7.705,0.966,0.987,0.0,0.0,232.800,1.379,9.793,0,232.800,1.700,0.300,0.450,0.541,0.780,1,1,1,1,126,,463,visual,Data,TrackUpdate,0.10,1
16,6,0,46.457,1.734,7.977,0.923,0.975,0.0,0.0,231.545,1.059,9.482,0,231.545,1.700,0.300,0.450,0.529,0.793,1,1,1,1,126,,464,visual,Data,TrackUpdate,0.10,1
16,6,0,46.523,1.800,7.881,0.943,0.982,0.0,0.0,231.545,0.997,9.431,0,231.545,1.700,0.300,0.450,0.526,0.794,1,1,1,1,126,,465,visual,Data,TrackUpdate,0.10,1
16,6,0,46.57,1.334,8.027,0.976,0.989,0.0,0.0,235.600,1.696,10.050,0,235.600,1.700,0.300,0.450,0.554,0.770,1,1,1,1,126,,460,visual,Data,TrackUpdate,0.10,1
16,6,0,46.657,1.934,7.858,0.983,0.995,0.0,0.0,231.545,0.808,9.237,0,231.545,1.700,0.300,0.450,0.519,0.803,1,1,1,1,126,,466,visual,Data,TrackUpdate,0.10,1
16,6,0,46.723,2.000,7.952,0.970,0.991,0.0,0.0,231.545,0.751,9.172,0,231.545,1.700,0.300,0.450,0.516,0.806,1,1,1,1,126,,467,visual,Data,TrackUpdate,0.10,1
16,6,0,46.857,2.134,7.681,0.978,0.994,0.0,0.0,230.700,0.592,9.024,0,230.700,1.700,0.300,0.450,0.509,0.812,1,1,1,1,126,,468,visual,Data,TrackUpdate,0.10,1
16,6,0,46.923,2.200,7.381,0.972,0.992,0.0,0.0,230.700,0.515,8.958,0,230.700,1.700,0.300,0.450,0.506,0.816,1,1,1,1,126,,469,visual,Data,TrackUpdate,0.10,1
16,6,0,47.123,2.400,7.365,0.812,0.951,0.0,0.0,230.700,0.295,8.778,0,230.700,1.700,0.300,0.450,0.496,0.823,1,1,1,1,126,,471,visual,Data,TrackUpdate,0.10,1
16,6,0,47.257,2.534,7.633,0.980,0.995,0.0,0.0,229.252,0.035,8.533,0,229.252,1.700,0.300,0.450,0.484,0.834,1,1,1,1,126,,472,visual,Data,TrackUpdate,0.10,1
16,6,0,47.323,2.600,7.524,0.984,0.996,0.0,0.0,229.252,-0.035,8.459,0,229.252,1.700,0.300,0.450,0.481,0.838,1,1,1,1,126,,473,visual,Data,TrackUpdate,0.10,1
16,6,0,47.457,2.734,7.399,0.968,0.993,0.0,0.0,229.252,-0.188,8.326,0,229.252,1.700,0.300,0.450,0.473,0.844,1,1,1,1,126,,474,visual,Data,TrackUpdate,0.10,1
16,6,0,47.523,2.800,7.283,0.986,0.997,0.0,0.0,229.062,-0.245,8.267,0,229.062,1.700,0.300,0.450,0.471,0.846,1,1,1,1,126,,475,visual,Data,TrackUpdate,0.10,1
16,6,0,47.57,2.334,7.593,0.846,0.959,0.0,0.0,230.700,0.308,8.769,0,230.700,1.700,0.300,0.450,0.497,0.824,1,1,1,1,126,,470,visual,Data,TrackUpdate,0.10,1
16,6,0,47.657,2.934,7.106,0.946,0.989,0.0,0.0,229.062,-0.416,8.347,0,229.062,1.900,1.100,0.450,0.464,0.841,1,1,1,1,126,,476,visual,Data,TrackUpdate,0.10,1
16,6,0,47.723,3.000,7.139,0.979,0.996,0.0,0.0,229.062,-0.504,8.265,0,229.062,1.900,1.100,0.450,0.460,0.844,1,1,1,1,126,,477,visual,Data,TrackUpdate,0.10,1
16,6,0,47.857,3.134,7.188,0.992,0.999,0.0,0.0,228.639,-0.693,8.095,0,228.639,1.900,1.100,0.450,0.450,0.852,1,1,1,1,126,,478,visual,Data,TrackUpdate,0.10,1
16,6,0,47.923,3.200,7.020,0.997,0.999,0.0,0.0,228.639,-0.789,7.966,0,228.639,1.900,1.100,0.450,0.445,0.859,1,1,1,1,126,,479,visual,Data,TrackUpdate,0.10,1
16,6,0,48.123,3.400,6.747,0.984,0.997,0.0,0.0,228.639,-0.835,7.548,0,228.639,1.700,0.300,0.450,0.441,0.882,1,1,1,1,126,,481,visual,Data,TrackUpdate,0.10,1
16,6,0,48.258,3.535,6.340,0.990,0.999,0.0,0.0,227.692,-0.982,7.448,0,227.692,1.700,0.300,0.450,0.433,0.887,1,1,1,1,126,,482,visual,Data,TrackUpdate,0.10,1
16,6,0,48.323,3.600,6.354,0.988,0.998,0.0,0.0,227.692,-1.120,7.310,0,227.692,1.700,0.300,0.450,0.426,0.894,1,1,1,1,126,,483,visual,Data,TrackUpdate,0.10,1
16,6,0,48.457,3.734,6.490,0.988,0.998,0.0,0.0,227.692,-1.295,7.127,0,227.692,1.700,0.300,0.450,0.416,0.904,1,1,1,1,126,,484,visual,Data,TrackUpdate,0.10,1
16,6,0,48.524,3.801,6.306,0.987,0.998,0.0,0.0,226.741,-1.344,7.112,0,226.741,1.700,0.300,0.450,0.413,0.904,1,1,1,1,126,,485,visual,Data,TrackUpdate,0.10,1
16,6,0,48.57,3.334,6.813,0.989,0.998,0.0,0.0,228.639,-0.787,7.621,0,228.639,1.700,0.300,0.450,0.444,0.879,1,1,1,1,126,,480,visual,Data,TrackUpdate,0.10,1
16,6,0,48.657,3.934,6.476,0.990,0.999,0.0,0.0,226.741,-1.547,6.892,0,226.741,1.700,0.300,0.450,0.402,0.916,1,1,1,1,126,,486,visual,Data,TrackUpdate,0.10,1
16,6,0,48.723,4.000,6.276,0.995,0.999,0.0,0.0,226.741,-1.602,6.800,0,226.741,1.700,0.300,0.450,0.398,0.920,1,1,1,1,126,,487,visual,Data,TrackUpdate,0.10,2
17,7,0,48.723,0.000,2.954,0.996,0.996,0.0,0.0,46.951,1.367,5.901,0,46.951,1.700,0.300,0.450,0.547,1.004,1,1,1,1,126,,487,visual,Data,TrackUpdate,0.10,2
16,6,0,48.857,4.134,6.247,0.989,0.999,0.0,0.0,226.235,-1.782,6.598,0,226.235,1.700,0.300,0.450,0.387,0.931,1,1,1,1,126,,488,visual,Data,TrackUpdate,0.10,3
17,7,0,48.857,0.134,3.512,0.997,0.997,0.0,0.0,46.951,1.491,6.079,0,46.951,1.700,0.300,0.450,0.553,0.992,127,127,1,1,127,,488,visual,Data,TrackUpdate,0.10,3
18,8,0,48.857,0.000,2.484,0.998,0.998,0.0,0.0,40.874,2.018,5.807,0,40.874,1.700,0.300,0.450,0.581,1.011,1,1,1,1,126,,488,visual,Data,TrackUpdate,0.10,3
16,6,0,48.924,4.201,6.065,0.985,0.999,0.0,0.0,226.235,-1.865,6.507,0,226.235,1.700,0.300,0.450,0.382,0.936,1,1,1,1,126,,489,visual,Data,TrackUpdate,0.10,3
17,7,0,48.924,0.201,3.755,0.994,0.995,0.0,0.0,46.951,1.547,6.183,0,46.951,1.700,0.300,0.450,0.556,0.984,127,127,1,1,127,,489,visual,Data,TrackUpdate,0.10,3
18,8,0,48.924,0.067,2.552,0.994,0.994,0.0,0.0,40.874,2.060,5.849,0,40.874,1.700,0.300,0.450,0.583,1.008,127,127,1,1,127,,489,visual,Data,TrackUpdate,0.10,3
16,6,0,49.123,4.400,6.263,0.690,0.981,0.0,0.0,225.413,-2.144,6.241,0,225.413,1.700,0.300,0.450,0.366,0.950,127,127,1,1,127,,491,visual,Data,TrackUpdate,0.10,3
17,7,0,49.123,0.400,3.024,0.990,0.991,0.0,0.0,46.951,1.635,6.121,0,46.951,1.700,0.300,0.450,0.560,0.989,127,127,1,1,127,,491,visual,Data,TrackUpdate,0.10,3
18,8,0,49.123,0.266,2.141,0.995,0.996,0.0,0.0,40.874,2.137,5.831,0,40.874,1.700,0.300,0.450,0.587,1.009,127,127,1,1,127,,491,visual,Data,TrackUpdate,0.10,3
16,6,0,49.257,4.534,6.449,0.540,0.979,0.0,0.0,225.413,-2.355,6.034,0,225.413,1.700,0.300,0.450,0.352,0.961,127,127,1,1,127,,492,visual,Data,TrackUpdate,0.10,3
17,7,0,49.257,0.534,2.790,0.946,0.954,0.0,0.0,46.951,1.664,6.155,0,46.951,1.700,0.300,0.450,0.561,0.986,127,127,1,1,127,,492,visual,Data,TrackUpdate,0.10,3
18,8,0,49.257,0.400,2.133,0.992,0.993,0.0,0.0,40.874,2.223,5.847,0,40.874,1.700,0.300,0.450,0.591,1.008,127,127,1,1,127,,492,visual,Data,TrackUpdate,0.10,3
16,6,0,49.323,4.600,6.262,0.940,0.998,0.0,0.0,225.639,-2.428,5.963,0,225.639,1.700,0.300,0.450,0.348,0.964,127,127,1,1,127,,493,visual,Data,TrackUpdate,0.10,3
17,7,0,49.323,0.600,2.859,0.983,0.986,0.0,0.0,46.951,1.731,6.189,0,46.951,1.700,0.300,0.450,0.565,0.984,127,127,1,1,127,,493,visual,Data,TrackUpdate,0.10,3
18,8,0,49.323,0.466,2.056,0.995,0.996,0.0,0.0,40.874,2.244,5.846,0,40.874,1.700,0.300,0.450,0.592,1.008,127,127,1,1,127,,493,visual,Data,TrackUpdate,0.10,3
16,6,0,49.457,4.734,6.617,0.923,0.998,0.0,0.0,225.639,-2.688,5.801,0,225.639,1.700,0.300,0.450,0.333,0.971,127,127,1,1,127,,494,visual,Data,TrackUpdate,0.10,3
17,7,0,49.457,0.734,3.047,0.996,0.997,0.0,0.0,46.951,1.846,6.493,0,46.951,1.700,0.300,0.450,0.570,0.964,1,1,1,1,126,,494,visual,Data,TrackUpdate,0.10,3
18,8,0,49.457,0.600,2.480,0.996,0.997,0.0,0.0,40.874,2.379,6.027,0,40.874,1.700,0.300,0.450,0.598,0.996,127,127,1,1,127,,494,visual,Data,TrackUpdate,0.10,3
16,6,0,49.524,4.801,6.488,0.983,1.000,0.0,0.0,225.639,-2.784,5.746,0,225.639,1.700,0.300,0.450,0.327,0.973,127,127,1,1,127,,495,visual,Data,TrackUpdate,0.10,3
17,7,0,49.524,0.801,3.131,0.990,0.992,0.0,0.0,46.951,1.887,6.681,0,46.951,1.700,0.300,0.450,0.571,0.952,1,1,1,1,126,,495,visual,Data,TrackUpdate,0.10,3
18,8,0,49.524,0.667,2.416,0.995,0.996,0.0,0.0,40.874,2.372,6.071,0,40.874,1.700,0.300,0.450,0.597,0.993,127,127,1,1,127,,495,visual,Data,TrackUpdate,0.10,3
16,6,0,49.57,4.334,6.300,0.940,0.996,0.0,0.0,225.413,-2.042,6.310,0,225.413,1.700,0.300,0.450,0.371,0.946,127,127,1,1,127,,490,visual,Data,TrackUpdate,0.10,3
17,7,0,49.57,0.334,3.248,0.975,0.978,0.0,0.0,46.951,1.607,6.150,0,46.951,1.700,0.300,0.450,0.559,0.987,127,127,1,1,127,,490,visual,Data,TrackUpdate,0.10,3
18,8,0,49.57,0.200,2.264,0.992,0.993,0.0,0.0,40.874,2.126,5.826,0,40.874,1.700,0.300,0.450,0.586,1.009,127,127,1,1,127,,490,visual,Data,TrackUpdate,0.10,3
16,6,0,49.658,4.935,6.562,0.990,1.000,0.0,0.0,227.204,-3.066,5.575,0,227.204,1.700,0.300,0.450,0.310,0.980,127,127,1,1,127,,496,visual,Data,TrackUpdate,0.10,3
17,7,0,49.658,0.935,3.216,0.992,0.994,0.0,0.0,46.951,1.963,6.921,0,46.951,1.700,0.300,0.450,0.574,0.936,1,1,1,1,126,,496,visual,Data,TrackUpdate,0.10,3
18,8,0,49.658,0.801,2.487,0.997,0.998,0.0,0.0,40.874,2.438,6.172,0,40.874,1.700,0.300,0.450,0.601,0.986,127,127,1,1,127,,496,visual,Data,TrackUpdate,0.10,3
16,6,0,49.723,5.000,6.659,0.982,1.000,0.0,0.0,227.204,-3.202,5.469,0,227.204,1.700,0.300,0.450,0.302,0.984,127,127,1,1,127,,497,visual,Data,TrackUpdate,0.10,3
17,7,0,49.723,1.000,3.128,0.977,0.983,0.0,0.0,46.951,1.972,6.966,0,46.951,1.700,0.300,0.450,0.574,0.933,1,1,1,1,126,,497,visual,Data,TrackUpdate,0.10,3
18,8,0,49.723,0.866,2.444,0.993,0.995,0.0,0.0,40.874,2.460,6.189,0,40.874,1.700,0.300,0.450,0.602,0.984,127,127,1,1,127,,497,visual,Data,TrackUpdate,0.10,3
16,6,0,49.857,5.134,6.904,0.758,1.000,0.0,0.0,227.702,-3.447,5.240,0,227.702,1.700,0.300,0.450,0.286,0.994,127,127,1,1,127,,498,visual,Data,TrackUpdate,0.10,3
17,7,0,49.857,1.134,3.130,0.979,0.985,0.0,0.0,46.951,2.048,7.075,0,46.951,1.700,0.300,0.450,0.578,0.927,1,1,1,1,126,,498,visual,Data,TrackUpdate,0.10,3
18,8,0,49.857,1.000,2.324,0.993,0.995,0.0,0.0,40.874,2.500,6.201,0,40.874,1.700,0.300,0.450,0.604,0.983,127,127,1,1,127,,498,visual,Data,TrackUpdate,0.10,3
17,7,0,49.923,1.200,3.200,0.849,0.893,0.0,0.0,47.463,2.104,7.156,0,47.463,1.700,0.300,0.450,0.580,0.922,1,1,1,1,126,,499,visual,Data,TrackUpdate,0.10,2
18,8,0,49.923,1.066,2.453,0.984,0.988,0.0,0.0,40.874,2.570,6.276,0,40.874,1.700,0.300,0.450,0.606,0.979,127,127,1,1,127,,499,visual,Data,TrackUpdate,0.10,2
7,1,0,5.124,2.801,7.004,0.994,0.999,0.0,0.0,39.912,2.693,10.198,0,39.912,1.900,1.100,0.450,0.591,0.768,1,1,1,1,126,,51,visual,Data,TrackUpdate,0.10,1
7,1,0,5.257,2.934,6.978,0.991,0.998,0.0,0.0,40.120,2.916,10.409,0,40.120,1.900,1.100,0.450,0.598,0.759,1,1,1,1,126,,52,visual,Data,TrackUpdate,0.10,1
7,1,0,5.323,3.000,6.989,0.994,0.999,0.0,0.0,40.120,3.004,10.460,0,40.120,1.900,1.100,0.450,0.602,0.757,1,1,1,1,126,,53,visual,Data,TrackUpdate,0.10,1
7,1,0,5.457,3.134,7.200,0.987,0.998,0.0,0.0,40.120,3.292,10.727,0,40.120,1.900,1.100,0.450,0.610,0.747,1,1,1,1,126,,54,visual,Data,TrackUpdate,0.10,1
7,1,0,5.523,3.200,7.366,0.997,0.999,0.0,0.0,41.147,3.455,10.878,0,41.147,1.900,1.100,0.450,0.616,0.743,1,1,1,1,126,,55,visual,Data,TrackUpdate,0.10,1
7,1,0,5.57,2.734,6.900,0.993,0.998,0.0,0.0,39.912,2.557,10.025,0,39.912,1.900,1.100,0.450,0.586,0.774,1,1,1,1,126,,50,visual,Data,TrackUpdate,0.10,1
7,1,0,5.657,3.334,7.287,0.995,0.999,0.0,0.0,41.147,3.659,11.113,0,41.147,1.900,1.100,0.450,0.621,0.733,1,1,1,1,126,,56,visual,Data,TrackUpdate,0.10,1
7,1,0,5.724,3.401,7.385,0.991,0.999,0.0,0.0,41.085,3.748,10.988,0,41.085,1.700,0.300,0.450,0.625,0.738,1,1,1,1,126,,57,visual,Data,TrackUpdate,0.10,1
7,1,0,5.857,3.534,7.555,0.973,0.996,0.0,0.0,41.085,4.007,11.465,0,41.085,1.900,1.100,0.450,0.631,0.721,1,1,1,1,126,,58,visual,Data,TrackUpdate,0.10,1
7,1,0,5.923,3.600,7.803,0.909,0.987,0.0,0.0,41.486,4.198,11.661,0,41.486,1.900,1.100,0.450,0.635,0.715,1,1,1,1,126,,59,visual,Data,TrackUpdate,0.10,1
17,7,0,50.123,1.400,3.820,0.991,0.994,0.0,0.0,41.096,2.331,7.648,0,41.096,1.700,0.300,0.450,0.588,0.894,1,1,1,1,126,,501,visual,Data,TrackUpdate,0.10,2
18,8,0,50.123,1.266,2.772,0.953,0.967,0.0,0.0,40.874,2.729,6.858,0,40.874,1.700,0.300,0.450,0.610,0.941,1,1,1,1,126,,501,visual,Data,TrackUpdate,0.10,2
17,7,0,50.257,1.534,3.566,0.984,0.991,0.0,0.0,41.096,2.349,7.622,0,41.096,1.700,0.300,0.450,0.589,0.894,1,1,1,1,126,,502,visual,Data,TrackUpdate,0.10,2
18,8,0,50.257,1.400,2.645,0.967,0.979,0.0,0.0,40.874,2.759,6.924,0,40.874,1.700,0.300,0.450,0.611,0.937,1,1,1,1,126,,502,visual,Data,TrackUpdate,0.10,2
17,7,0,50.323,1.600,3.588,0.993,0.996,0.0,0.0,41.096,2.394,7.684,0,41.096,1.700,0.300,0.450,0.591,0.892,1,1,1,1,126,,503,visual,Data,TrackUpdate,0.10,2
18,8,0,50.323,1.466,2.643,0.991,0.994,0.0,0.0,40.874,2.791,6.971,0,40.874,1.700,0.300,0.450,0.613,0.934,1,1,1,1,126,,503,visual,Data,TrackUpdate,0.10,2
17,7,0,50.457,1.734,3.764,0.995,0.997,0.0,0.0,41.096,2.521,7.904,0,41.096,1.700,0.300,0.450,0.595,0.879,1,1,1,1,126,,504,visual,Data,TrackUpdate,0.10,2
18,8,0,50.457,1.600,2.951,0.990,0.994,0.0,0.0,40.874,2.968,7.209,0,40.874,1.700,0.300,0.450,0.619,0.919,1,1,1,1,126,,504,visual,Data,TrackUpdate,0.10,2
17,7,0,50.523,1.800,3.604,0.991,0.995,0.0,0.0,41.096,2.508,7.868,0,41.096,1.700,0.300,0.450,0.595,0.881,1,1,1,1,126,,505,visual,Data,TrackUpdate,0.10,2
18,8,0,50.523,1.666,3.038,0.995,0.997,0.0,0.0,40.874,3.033,7.300,0,40.874,1.700,0.300,0.450,0.621,0.914,1,1,1,1,126,,505,visual,Data,TrackUpdate,0.10,2
17,7,0,50.57,1.334,3.478,0.981,0.987,0.0,0.0,47.463,2.233,7.410,0,47.463,1.700,0.300,0.450,0.585,0.906,1,1,1,1,126,,500,visual,Data,TrackUpdate,0.10,2
18,8,0,50.57,1.200,2.658,0.971,0.979,0.0,0.0,40.874,2.673,6.706,0,40.874,1.700,0.300,0.450,0.609,0.950,1,1,1,1,126,,500,visual,Data,TrackUpdate,0.10,2
17,7,0,50.658,1.935,3.369,0.993,0.996,0.0,0.0,41.096,2.576,7.891,0,41.096,1.700,0.300,0.450,0.598,0.880,1,1,1,1,126,,506,visual,Data,TrackUpdate,0.10,2
18,8,0,50.658,1.801,3.234,0.989,0.994,0.0,0.0,40.874,3.114,7.445,0,40.874,1.700,0.300,0.450,0.624,0.906,1,1,1,1,126,,506,visual,Data,TrackUpdate,0.10,2
17,7,0,50.723,2.000,3.659,0.994,0.997,0.0,0.0,41.095,2.720,8.067,0,41.095,1.700,0.300,0.450,0.603,0.870,1,1,1,1,126,,507,visual,Data,TrackUpdate,0.10,2
18,8,0,50.723,1.866,3.269,0.989,0.994,0.0,0.0,40.874,3.171,7.529,0,40.874,1.700,0.300,0.450,0.626,0.900,1,1,1,1,126,,507,visual,Data,TrackUpdate,0.10,2
17,7,0,50.857,2.134,3.884,0.995,0.998,0.0,0.0,41.095,2.885,8.226,0,41.095,1.700,0.300,0.450,0.609,0.862,1,1,1,1,126,,508,visual,Data,TrackUpdate,0.10,2
18,8,0,50.857,2.000,3.364,0.994,0.997,0.0,0.0,46.440,3.231,7.634,0,46.440,1.700,0.300,0.450,0.628,0.895,1,1,1,1,126,,508,visual,Data,TrackUpdate,0.10,2
17,7,0,50.923,2.200,4.037,0.996,0.998,0.0,0.0,41.095,2.954,8.304,0,41.095,1.700,0.300,0.450,0.611,0.858,1,1,1,1,126,,509,visual,Data,TrackUpdate,0.10,2
18,8,0,50.923,2.066,3.396,0.991,0.996,0.0,0.0,46.440,3.269,7.695,0,46.440,1.700,0.300,0.450,0.629,0.892,1,1,1,1,126,,509,visual,Data,TrackUpdate,0.10,2
17,7,0,51.123,2.400,3.727,0.994,0.998,0.0,0.0,41.095,2.921,8.213,0,41.095,1.700,0.300,0.450,0.611,0.863,1,1,1,1,126,,511,visual,Data,TrackUpdate,0.10,2
18,8,0,51.123,2.266,3.295,0.992,0.996,0.0,0.0,46.440,3.360,7.785,0,46.440,1.700,0.300,0.450,0.632,0.886,1,1,1,1,126,,511,visual,Data,TrackUpdate,0.10,2
17,7,0,51.257,2.534,3.416,0.983,0.994,0.0,0.0,41.095,3.011,8.273,0,41.095,1.700,0.300,0.450,0.614,0.859,1,1,1,1,126,,512,visual,Data,TrackUpdate,0.10,2
18,8,0,51.257,2.400,3.356,0.973,0.989,0.0,0.0,46.440,3.488,7.904,0,46.440,1.700,0.300,0.450,0.636,0.880,1,1,1,1,126,,512,visual,Data,TrackUpdate,0.10,2
17,7,0,51.323,2.600,3.567,0.994,0.998,0.0,0.0,41.095,3.086,8.334,0,41.095,1.700,0.300,0.450,0.617,0.856,1,1,1,1,126,,513,visual,Data,TrackUpdate,0.10,2
18,8,0,51.323,2.466,3.519,0.958,0.984,0.0,0.0,45.444,3.568,7.997,0,45.444,1.700,0.300,0.450,0.640,0.875,1,1,1,1,126,,513,visual,Data,TrackUpdate,0.10,2
17,7,0,51.457,2.734,4.170,0.996,0.999,0.0,0.0,43.339,3.349,8.653,0,43.339,1.700,0.300,0.450,0.626,0.840,1,1,1,1,126,,514,visual,Data,TrackUpdate,0.10,2
18,8,0,51.457,2.600,3.641,0.976,0.991,0.0,0.0,45.444,3.642,8.074,0,45.444,1.700,0.300,0.450,0.642,0.870,1,1,1,1,126,,514,visual,Data,TrackUpdate,0.10,2
17,7,0,51.525,2.802,4.283,0.997,0.999,0.0,0.0,43.339,3.379,8.741,0,43.339,1.700,0.300,0.450,0.626,0.836,1,1,1,1,126,,515,visual,Data,TrackUpdate,0.10,2
18,8,0,51.525,2.668,3.746,0.802,0.931,0.0,0.0,45.444,3.697,8.150,0,45.444,1.700,0.300,0.450,0.644,0.866,1,1,1,1,126,,515,visual,Data,TrackUpdate,0.10,2
17,7,0,51.57,2.334,3.860,0.993,0.997,0.0,0.0,41.095,2.953,8.277,0,41.095,1.700,0.300,0.450,0.612,0.859,1,1,1,1,126,,510,visual,Data,TrackUpdate,0.10,2
18,8,0,51.57,2.200,3.335,0.990,0.995,0.0,0.0,46.440,3.331,7.758,0,46.440,1.700,0.300,0.450,0.631,0.888,1,1,1,1,126,,510,visual,Data,TrackUpdate,0.10,2
17,7,0,51.657,2.934,4.242,0.998,1.000,0.0,0.0,43.339,3.422,8.792,0,43.339,1.700,0.300,0.450,0.628,0.833,1,1,1,1,126,,516,visual,Data,TrackUpdate,0.10,2
18,8,0,51.657,2.800,4.152,0.717,0.914,0.0,0.0,43.203,3.871,8.416,0,43.203,1.700,0.300,0.450,0.648,0.853,1,1,1,1,126,,516,visual,Data,TrackUpdate,0.10,2
17,7,0,51.726,3.003,4.083,0.996,0.999,0.0,0.0,43.339,3.419,8.767,0,43.339,1.700,0.300,0.450,0.628,0.834,1,1,1,1,126,,517,visual,Data,TrackUpdate,0.10,2
18,8,0,51.726,2.869,3.975,0.718,0.917,0.0,0.0,43.203,3.840,8.390,0,43.203,1.700,0.300,0.450,0.647,0.855,1,1,1,1,126,,517,visual,Data,TrackUpdate,0.10,2
17,7,0,51.857,3.134,3.616,0.986,0.997,0.0,0.0,43.339,3.375,8.638,0,43.339,1.700,0.300,0.450,0.627,0.841,1,1,1,1,126,,518,visual,Data,TrackUpdate,0.10,2
18,8,0,51.857,3.000,3.739,0.845,0.959,0.0,0.0,43.203,3.864,8.397,0,43.203,1.700,0.300,0.450,0.648,0.854,1,1,1,1,126,,518,visual,Data,TrackUpdate,0.10,2
17,7,0,51.923,3.200,3.618,0.993,0.999,0.0,0.0,43.339,3.465,8.715,0,43.339,1.700,0.300,0.450,0.630,0.837,1,1,1,1,126,,519,visual,Data,TrackUpdate,0.10,2
18,8,0,51.923,3.066,3.862,0.901,0.976,0.0,0.0,43.203,3.943,8.507,0,43.203,1.700,0.300,0.450,0.651,0.847,1,1,1,1,126,,519,visual,Data,TrackUpdate,0.10,2
17,7,0,52.123,3.400,3.969,0.992,0.999,0.0,0.0,42.622,3.717,8.964,0,42.622,1.700,0.300,0.450,0.638,0.825,1,1,1,1,126,,521,visual,Data,TrackUpdate,0.10,2
18,8,0,52.123,3.266,3.786,0.909,0.982,0.0,0.0,43.203,3.990,8.559,0,43.203,1.700,0.300,0.450,0.652,0.845,1,1,1,1,126,,521,visual,Data,TrackUpdate,0.10,2
17,7,0,52.257,3.534,3.792,0.993,0.999,0.0,0.0,42.622,3.756,8.964,0,42.622,1.700,0.300,0.450,0.640,0.825,1,1,1,1,126,,522,visual,Data,TrackUpdate,0.10,2
18,8,0,52.257,3.400,4.051,0.820,0.971,0.0,0.0,43.203,4.177,8.768,0,43.203,1.700,0.300,0.450,0.658,0.835,1,1,1,1,126,,522,visual,Data,TrackUpdate,0.10,2
17,7,0,52.323,3.600,3.640,0.987,0.998,0.0,0.0,42.622,3.799,9.000,0,42.622,1.700,0.300,0.450,0.641,0.823,1,1,1,1,126,,523,visual,Data,TrackUpdate,0.10,2
18,8,0,52.323,3.466,4.097,0.893,0.984,0.0,0.0,43.169,4.292,8.874,0,43.169,1.700,0.300,0.450,0.661,0.830,1,1,1,1,126,,523,visual,Data,TrackUpdate,0.10,2
17,7,0,52.457,3.734,3.137,0.957,0.995,0.0,0.0,42.622,3.852,8.979,0,42.622,1.700,0.300,0.450,0.643,0.825,1,1,1,1,126,,524,visual,Data,TrackUpdate,0.10,2
18,8,0,52.457,3.600,4.063,0.723,0.961,0.0,0.0,43.169,4.398,8.987,0,43.169,1.700,0.300,0.450,0.664,0.825,127,127,1,1,127,,524,visual,Data,TrackUpdate,0.10,2
17,7,0,52.523,3.800,3.439,0.981,0.998,0.0,0.0,44.794,4.088,9.191,0,44.794,1.700,0.300,0.450,0.651,0.815,1,1,1,1,126,,525,visual,Data,TrackUpdate,0.10,2
18,8,0,52.523,3.666,3.768,0.651,0.953,0.0,0.0,43.169,4.449,9.041,0,43.169,1.700,0.300,0.450,0.665,0.821,127,127,1,1,127,,525,visual,Data,TrackUpdate,0.10,2
17,7,0,52.57,3.334,4.078,0.996,0.999,0.0,0.0,42.622,3.699,8.981,0,42.622,1.700,0.300,0.450,0.637,0.825,1,1,1,1,126,,520,visual,Data,TrackUpdate,0.10,2
18,8,0,52.57,3.200,3.940,0.983,0.996,0.0,0.0,43.203,4.032,8.621,0,43.203,1.700,0.300,0.450,0.653,0.842,1,1,1,1,126,,520,visual,Data,TrackUpdate,0.10,2
17,7,0,52.657,3.934,3.579,0.985,0.998,0.0,0.0,44.794,4.096,9.249,0,44.794,1.700,0.300,0.450,0.650,0.812,1,1,1,1,126,,526,visual,Data,TrackUpdate,0.10,2
18,8,0,52.657,3.800,3.750,0.859,0.983,0.0,0.0,43.169,4.339,8.866,0,43.169,1.700,0.300,0.450,0.663,0.831,1,1,1,1,126,,526,visual,Data,TrackUpdate,0.10,2
17,7,0,52.723,4.000,3.533,0.981,0.998,0.0,0.0,44.794,4.203,9.398,0,44.794,1.700,0.300,0.450,0.653,0.806,1,1,1,1,126,,527,visual,Data,TrackUpdate,0.10,2
18,8,0,52.723,3.866,3.550,0.571,0.951,0.0,0.0,43.169,4.334,8.879,0,43.169,1.700,0.300,0.450,0.663,0.830,1,1,1,1,126,,527,visual,Data,TrackUpdate,0.10,2
17,7,0,52.857,4.134,3.647,0.962,0.997,0.0,0.0,44.794,4.252,9.447,0,44.794,1.700,0.300,0.450,0.655,0.804,1,1,1,1,126,,528,visual,Data,TrackUpdate,0.10,2
18,8,0,52.857,4.000,3.340,0.657,0.966,0.0,0.0,43.169,4.439,8.953,0,43.169,1.700,0.300,0.450,0.666,0.826,127,127,1,1,127,,528,visual,Data,TrackUpdate,0.10,2
17,7,0,52.923,4.200,3.545,0.815,0.985,0.0,0.0,44.794,4.222,9.388,0,44.794,1.700,0.300,0.450,0.654,0.806,1,1,1,1,126,,529,visual,Data,TrackUpdate,0.10,2
18,8,0,52.923,4.066,3.412,0.657,0.968,0.0,0.0,43.169,4.483,8.995,0,43.169,1.700,0.300,0.450,0.667,0.824,127,127,1,1,127,,529,visual,Data,TrackUpdate,0.10,2
17,7,0,53.124,4.401,3.820,0.960,0.998,0.0,0.0,43.944,4.569,9.803,0,43.944,1.700,0.300,0.450,0.663,0.788,1,1,1,1,126,,531,visual,Data,TrackUpdate,0.10,2
18,8,0,53.124,4.267,3.490,0.434,0.959,0.0,0.0,44.854,4.767,9.199,0,44.854,1.700,0.300,0.450,0.676,0.815,1,1,1,1,126,,531,visual,Data,TrackUpdate,0.10,2
17,7,0,53.257,4.534,4.092,0.985,0.999,0.0,0.0,41.245,4.704,10.292,0,41.245,1.700,0.300,0.450,0.663,0.768,1,1,1,1,126,,532,visual,Data,TrackUpdate,0.10,2
18,8,0,53.257,4.400,3.141,0.440,0.966,0.0,0.0,44.854,4.677,9.162,0,44.854,1.700,0.300,0.450,0.672,0.817,1,1,1,1,126,,532,visual,Data,TrackUpdate,0.10,2
17,7,0,53.323,4.600,4.240,0.981,0.999,0.0,0.0,41.245,4.720,10.301,0,41.245,1.700,0.300,0.450,0.664,0.768,1,1,1,1,126,,533,visual,Data,TrackUpdate,0.10,2
18,8,0,53.323,4.466,3.153,0.440,0.970,0.0,0.0,44.854,4.698,9.189,0,44.854,1.700,0.300,0.450,0.673,0.815,127,127,1,1,127,,533,visual,Data,TrackUpdate,0.10,2
17,7,0,53.457,4.734,4.276,0.898,0.997,0.0,0.0,41.245,4.743,10.315,0,41.245,1.700,0.300,0.450,0.665,0.767,1,1,1,1,126,,534,visual,Data,TrackUpdate,0.10,2
18,8,0,53.457,4.600,3.179,0.440,0.978,0.0,0.0,44.854,4.779,9.276,0,44.854,1.700,0.300,0.450,0.675,0.812,127,127,1,1,127,,534,visual,Data,TrackUpdate,0.10,2
17,7,0,53.524,4.801,4.399,0.808,0.996,0.0,0.0,41.245,4.778,10.380,0,41.245,1.700,0.300,0.450,0.665,0.764,127,127,1,1,127,,535,visual,Data,TrackUpdate,0.10,2
18,8,0,53.524,4.667,3.203,0.440,0.981,0.0,0.0,44.854,4.819,9.319,0,44.854,1.700,0.300,0.450,0.677,0.809,127,127,1,1,127,,535,visual,Data,TrackUpdate,0.10,2
17,7,0,53.57,4.334,3.299,0.660,0.977,0.0,0.0,44.794,4.308,9.479,0,44.794,1.700,0.300,0.450,0.656,0.802,127,127,1,1,127,,530,visual,Data,TrackUpdate,0.10,2
18,8,0,53.57,4.200,3.102,0.711,0.977,0.0,0.0,43.169,4.539,9.003,0,43.169,1.700,0.300,0.450,0.669,0.824,1,1,1,1,126,,530,visual,Data,TrackUpdate,0.10,2
17,7,0,53.657,4.934,4.322,0.655,0.998,0.0,0.0,41.245,4.853,10.516,0,41.245,1.700,0.300,0.450,0.667,0.758,127,127,1,1,127,,536,visual,Data,TrackUpdate,0.10,2
18,8,0,53.657,4.800,3.003,0.440,0.989,0.0,0.0,44.854,4.899,9.404,0,44.854,1.700,0.300,0.450,0.679,0.806,127,127,1,1,127,,536,visual,Data,TrackUpdate,0.10,2
17,7,0,53.724,5.001,4.073,0.589,1.000,0.0,0.0,41.245,4.893,10.584,0,41.245,1.700,0.300,0.450,0.667,0.756,127,127,1,1,127,,537,visual,Data,TrackUpdate,0.10,2
18,8,0,53.724,4.867,2.960,0.440,0.993,0.0,0.0,44.854,4.937,9.445,0,44.854,1.700,0.300,0.450,0.679,0.804,127,127,1,1,127,,537,visual,Data,TrackUpdate,0.10,2
17,7,0,53.857,5.134,3.902,0.477,1.000,0.0,0.0,41.245,4.968,10.706,0,41.245,1.700,0.300,0.450,0.669,0.752,127,127,1,1,127,,538,visual,Data,TrackUpdate,0.10,2
18,8,0,53.857,5.000,2.958,0.440,1.000,0.0,0.0,44.854,5.013,9.525,0,44.854,1.700,0.300,0.450,0.681,0.800,127,127,1,1,127,,538,visual,Data,TrackUpdate,0.10,2
17,7,0,53.926,5.203,3.851,0.430,1.000,0.0,0.0,38.831,5.002,10.772,0,38.831,1.700,0.300,0.450,0.669,0.749,127,127,1,1,127,,539,visual,Data,TrackUpdate,0.10,2
18,8,0,53.926,5.069,2.852,0.440,1.000,0.0,0.0,44.854,5.052,9.566,0,44.854,1.700,0.300,0.450,0.682,0.798,127,127,1,1,127,,539,visual,Data,TrackUpdate,0.10,2
17,7,0,54.124,5.401,3.986,0.364,1.000,0.0,0.0,38.831,5.013,10.664,0,38.831,1.700,0.300,0.450,0.670,0.754,127,127,1,1,127,,541,visual,Data,TrackUpdate,0.10,2
18,8,0,54.124,5.267,2.959,0.440,1.000,0.0,0.0,44.210,5.156,9.677,0,44.210,1.700,0.300,0.450,0.685,0.794,127,127,1,1,127,,541,visual,Data,TrackUpdate,0.10,2
17,7,0,54.259,5.536,4.093,0.295,1.000,0.0,0.0,38.831,5.107,10.787,0,38.831,1.700,0.300,0.450,0.673,0.749,127,127,1,1,127,,542,visual,Data,TrackUpdate,0.10,1
17,7,0,54.325,5.602,3.799,0.295,1.000,0.0,0.0,38.831,5.153,10.846,0,38.831,1.700,0.300,0.450,0.674,0.746,127,127,1,1,127,,543,visual,Data,TrackUpdate,0.10,1
17,7,0,54.457,5.734,3.871,0.295,1.000,0.0,0.0,38.831,5.240,10.957,0,38.831,1.700,0.300,0.450,0.676,0.742,127,127,1,1,127,,544,visual,Data,TrackUpdate,0.10,1
17,7,0,54.523,5.800,3.945,0.295,1.000,0.0,0.0,38.831,5.284,11.012,0,38.831,1.700,0.300,0.450,0.677,0.741,127,127,1,1,127,,545,visual,Data,TrackUpdate,0.10,1
17,7,0,54.58,5.335,3.763,0.405,1.000,0.0,0.0,38.831,4.987,10.624,0,38.831,1.700,0.300,0.450,0.670,0.755,1,1,1,1,126,,540,visual,Data,TrackUpdate,0.10,2
18,8,0,54.58,5.201,2.775,0.440,1.000,0.0,0.0,44.210,5.121,9.640,0,44.210,1.700,0.300,0.450,0.684,0.795,127,127,1,1,127,,540,visual,Data,TrackUpdate,0.10,2
17,7,0,54.657,5.934,4.086,0.295,1.000,0.0,0.0,39.458,5.377,11.128,0,39.458,1.700,0.300,0.450,0.678,0.736,127,127,1,1,127,,546,visual,Data,TrackUpdate,0.10,1
17,7,0,54.723,6.000,4.301,0.295,1.000,0.0,0.0,39.458,5.423,11.187,0,39.458,1.700,0.300,0.450,0.679,0.734,127,127,1,1,127,,547,visual,Data,TrackUpdate,0.10,1
17,7,0,54.857,6.134,3.729,0.295,1.000,0.0,0.0,39.458,5.519,11.307,0,39.458,1.700,0.300,0.450,0.681,0.730,127,127,1,1,127,,548,visual,Data,TrackUpdate,0.10,1
17,7,0,54.924,6.201,4.089,0.295,1.000,0.0,0.0,39.458,5.562,11.362,0,39.458,1.700,0.300,0.450,0.682,0.728,127,127,1,1,127,,549,visual,Data,TrackUpdate,0.10,1
17,7,0,55.123,6.400,4.043,0.295,1.000,0.0,0.0,39.521,5.701,11.535,0,39.521,1.700,0.300,0.450,0.685,0.722,127,127,1,1,127,,551,visual,Data,TrackUpdate,0.10,1
17,7,0,55.257,6.534,4.298,0.295,1.000,0.0,0.0,39.521,5.798,11.655,0,39.521,1.700,0.300,0.450,0.687,0.718,127,127,1,1,127,,552,visual,Data,TrackUpdate,0.10,1
17,7,0,55.57,6.334,4.023,0.295,1.000,0.0,0.0,39.458,5.655,11.478,0,39.458,1.700,0.300,0.450,0.684,0.724,127,127,1,1,127,,550,visual,Data,TrackUpdate,0.10,1
21,9,5,59.926,0.000,13.106,0.955,0.963,0.0,0.0,30.181,3.978,10.704,0,30.181,1.500,5.000,2.000,0.635,0.750,1,1,1,1,126,,599,visual,Data,TrackUpdate,0.10,1
7,1,0,6.123,3.800,7.298,0.966,0.996,0.0,0.0,41.486,4.327,11.627,0,41.486,1.900,1.100,0.450,0.640,0.717,1,1,1,1,126,,61,visual,Data,TrackUpdate,0.10,1
7,1,0,6.257,3.934,7.387,0.964,0.996,0.0,0.0,41.486,4.667,11.783,0,41.486,1.900,1.100,0.450,0.651,0.711,1,1,1,1,126,,62,visual,Data,TrackUpdate,0.10,1
7,1,0,6.323,4.000,7.429,0.599,0.960,0.0,0.0,44.927,4.776,11.752,0,44.927,1.900,1.100,0.450,0.654,0.713,1,1,1,1,126,,63,visual,Data,TrackUpdate,0.10,1
7,1,0,6.457,4.134,8.461,0.392,0.947,0.0,0.0,45.792,5.400,12.327,0,45.792,1.900,1.100,0.450,0.669,0.695,1,1,1,1,126,,64,visual,Data,TrackUpdate,0.10,1
7,1,0,6.523,4.200,7.885,0.735,0.979,0.0,0.0,45.792,5.336,12.247,0,45.792,1.900,1.100,0.450,0.667,0.697,1,1,1,1,126,,65,visual,Data,TrackUpdate,0.10,1
7,1,0,6.57,3.734,7.612,0.878,0.985,0.0,0.0,41.486,4.295,11.679,0,41.486,1.900,1.100,0.450,0.639,0.714,1,1,1,1,126,,60,visual,Data,TrackUpdate,0.10,1
7,1,0,6.657,4.334,7.702,0.908,0.994,0.0,0.0,45.792,5.389,12.262,0,45.792,1.900,1.100,0.450,0.669,0.697,127,127,1,1,127,,66,visual,Data,TrackUpdate,0.10,1
7,1,0,6.723,4.400,7.741,0.908,0.994,0.0,0.0,45.792,5.491,12.362,0,45.792,1.900,1.100,0.450,0.671,0.694,127,127,1,1,127,,67,visual,Data,TrackUpdate,0.10,1
7,1,0,6.857,4.534,7.845,0.908,0.996,0.0,0.0,45.792,5.697,12.563,0,45.792,1.900,1.100,0.450,0.676,0.688,127,127,1,1,127,,68,visual,Data,TrackUpdate,0.10,1
7,1,0,6.923,4.600,7.934,0.908,0.996,0.0,0.0,46.151,5.802,12.661,0,46.151,1.900,1.100,0.450,0.678,0.685,127,127,1,1,127,,69,visual,Data,TrackUpdate,0.10,1
21,9,5,60.124,0.198,11.072,0.956,0.966,0.0,0.0,30.181,4.378,10.859,0,30.181,1.500,5.000,2.000,0.647,0.744,1,1,1,1,126,,601,visual,Data,TrackUpdate,0.10,1
21,9,5,60.258,0.332,10.548,0.954,0.967,0.0,0.0,30.181,4.635,11.045,0,30.181,1.500,5.000,2.000,0.655,0.738,1,1,1,1,126,,602,visual,Data,TrackUpdate,0.10,1
21,9,5,60.323,0.397,10.589,0.942,0.960,0.0,0.0,30.181,4.795,11.182,0,30.181,1.500,5.000,2.000,0.659,0.733,1,1,1,1,126,,603,visual,Data,TrackUpdate,0.10,1
21,9,5,60.461,0.535,10.623,0.809,0.879,0.0,0.0,30.181,5.112,11.481,0,30.181,1.500,5.000,2.000,0.667,0.723,1,1,1,1,126,,604,visual,Data,TrackUpdate,0.10,1
21,9,5,60.523,0.597,10.478,0.848,0.907,0.0,0.0,30.181,5.246,11.561,0,30.181,1.500,5.000,2.000,0.670,0.720,1,1,1,1,126,,605,visual,Data,TrackUpdate,0.10,1
21,9,5,60.58,0.132,11.343,0.986,0.989,0.0,0.0,30.181,4.206,10.784,0,30.181,1.500,5.000,2.000,0.642,0.747,1,1,1,1,126,,600,visual,Data,TrackUpdate,0.10,1
21,9,5,60.657,0.731,10.136,0.932,0.961,0.0,0.0,30.181,5.533,11.702,0,30.181,1.500,5.000,2.000,0.678,0.716,1,1,1,1,126,,606,visual,Data,TrackUpdate,0.10,1
21,9,5,60.723,0.797,9.844,0.950,0.972,0.0,0.0,30.181,5.581,11.780,0,30.181,1.500,5.000,2.000,0.679,0.714,1,1,1,1,126,,607,visual,Data,TrackUpdate,0.10,1
21,9,5,60.857,0.931,9.639,0.914,0.956,0.0,0.0,30.181,5.792,11.995,0,30.181,1.500,5.000,2.000,0.684,0.706,1,1,1,1,126,,608,visual,Data,TrackUpdate,0.10,1
21,9,5,60.923,0.997,9.487,0.989,0.995,0.0,0.0,30.181,5.866,12.095,0,30.181,1.500,5.000,2.000,0.685,0.704,1,1,1,1,126,,609,visual,Data,TrackUpdate,0.10,1
21,9,5,61.123,1.197,9.161,0.981,0.992,0.0,0.0,45.950,6.442,12.061,0,45.950,1.500,5.000,2.000,0.702,0.705,1,1,1,1,126,,611,visual,Data,TrackUpdate,0.10,1
21,9,5,61.257,1.331,8.792,0.993,0.997,0.0,0.0,45.950,6.473,12.215,0,45.950,1.500,5.000,2.000,0.702,0.700,1,1,1,1,126,,612,visual,Data,TrackUpdate,0.10,1
21,9,5,61.323,1.397,8.640,0.989,0.996,0.0,0.0,45.950,6.497,12.297,0,45.950,1.500,5.000,2.000,0.702,0.697,1,1,1,1,126,,613,visual,Data,TrackUpdate,0.10,1
21,9,5,61.457,1.531,8.441,0.954,0.983,0.0,0.0,45.950,6.609,12.478,0,45.950,1.500,5.000,2.000,0.703,0.693,1,1,1,1,126,,614,visual,Data,TrackUpdate,0.10,1
21,9,5,61.523,1.597,8.423,0.991,0.997,0.0,0.0,45.950,6.692,12.591,0,45.950,1.500,5.000,2.000,0.705,0.689,1,1,1,1,126,,615,visual,Data,TrackUpdate,0.10,1
21,9,5,61.57,1.131,9.285,0.994,0.997,0.0,0.0,45.950,6.412,11.958,0,45.950,1.500,5.000,2.000,0.703,0.708,1,1,1,1,126,,610,visual,Data,TrackUpdate,0.10,1
21,9,5,61.657,1.731,8.101,0.955,0.985,0.0,0.0,45.950,6.784,12.666,0,45.950,1.500,5.000,2.000,0.706,0.686,1,1,1,1,126,,616,visual,Data,TrackUpdate,0.10,1
21,9,5,61.723,1.797,8.153,0.990,0.997,0.0,0.0,45.950,6.910,12.796,0,45.950,1.500,5.000,2.000,0.709,0.682,1,1,1,1,126,,617,visual,Data,TrackUpdate,0.10,1
21,9,5,61.857,1.931,8.065,0.337,0.797,0.0,0.0,45.950,7.062,12.921,0,45.950,1.500,5.000,2.000,0.711,0.680,1,1,1,1,126,,618,visual,Data,TrackUpdate,0.10,1
21,9,5,61.923,1.997,7.569,0.417,0.825,0.0,0.0,45.950,7.132,12.982,0,45.950,1.500,5.000,2.000,0.712,0.678,1,1,1,1,126,,619,visual,Data,TrackUpdate,0.10,1
21,9,5,62.0,2.074,7.122,0.302,0.796,0.0,0.0,45.950,7.209,13.052,0,45.950,1.500,5.000,2.000,0.714,0.676,1,1,1,1,126,,620,visual,Data,TrackUpdate,0.10,1
21,9,5,62.123,2.197,6.895,0.302,0.804,0.0,0.0,48.512,7.425,13.102,0,48.512,1.500,5.000,2.000,0.720,0.675,127,127,1,1,127,,621,visual,Data,TrackUpdate,0.10,1
21,9,5,62.257,2.331,6.568,0.302,0.814,0.0,0.0,48.512,7.566,13.232,0,48.512,1.500,5.000,2.000,0.722,0.671,127,127,1,1,127,,622,visual,Data,TrackUpdate,0.10,1
21,9,5,62.324,2.398,6.589,0.302,0.818,0.0,0.0,48.512,7.633,13.294,0,48.512,1.500,5.000,2.000,0.723,0.669,127,127,1,1,127,,623,visual,Data,TrackUpdate,0.10,1
21,9,5,62.457,2.531,6.383,0.302,0.828,0.0,0.0,48.512,7.766,13.416,0,48.512,1.500,5.000,2.000,0.726,0.667,127,127,1,1,127,,624,visual,Data,TrackUpdate,0.10,1
23,10,5,65.857,0.000,21.764,0.908,0.927,0.0,0.0,206.559,6.280,13.092,0,206.559,1.500,5.000,2.000,0.688,0.673,1,1,1,1,126,,658,visual,Data,TrackUpdate,0.10,1
23,10,5,65.923,0.066,20.000,0.958,0.968,0.0,0.0,206.559,6.010,13.010,0,206.559,1.500,5.000,2.000,0.681,0.675,1,1,1,1,126,,659,visual,Data,TrackUpdate,0.10,1
23,10,5,66.123,0.266,15.563,0.868,0.911,0.0,0.0,206.559,5.860,12.658,0,206.559,1.500,5.000,2.000,0.680,0.686,1,1,1,1,126,,661,visual,Data,TrackUpdate,0.10,1
23,10,5,66.257,0.400,14.770,0.857,0.912,0.0,0.0,206.559,5.477,12.392,0,206.559,1.500,5.000,2.000,0.671,0.694,1,1,1,1,126,,662,visual,Data,TrackUpdate,0.10,1
23,10,5,66.323,0.466,14.837,0.921,0.954,0.0,0.0,206.559,5.228,12.206,0,206.559,1.500,5.000,2.000,0.665,0.698,1,1,1,1,126,,663,visual,Data,TrackUpdate,0.10,1
23,10,5,66.457,0.600,14.932,0.964,0.982,0.0,0.0,206.559,4.739,11.826,0,206.559,1.500,5.000,2.000,0.652,0.710,1,1,1,1,126,,664,visual,Data,TrackUpdate,0.10,1
23,10,5,66.523,0.666,15.106,0.976,0.989,0.0,0.0,206.559,4.472,11.614,0,206.559,1.500,5.000,2.000,0.645,0.717,1,1,1,1,126,,665,visual,Data,TrackUpdate,0.10,1
23,10,5,66.57,0.200,15.740,0.915,0.940,0.0,0.0,206.559,5.996,12.885,0,206.559,1.500,5.000,2.000,0.682,0.679,1,1,1,1,126,,660,visual,Data,TrackUpdate,0.10,1
23,10,5,66.657,0.800,15.113,0.970,0.987,0.0,0.0,206.559,3.974,11.257,0,206.559,1.500,5.000,2.000,0.631,0.729,1,1,1,1,126,,666,visual,Data,TrackUpdate,0.10,1
23,10,5,66.723,0.866,15.093,0.972,0.988,0.0,0.0,206.559,3.727,11.089,0,206.559,1.500,5.000,2.000,0.624,0.735,1,1,1,1,126,,667,visual,Data,TrackUpdate,0.10,1
23,10,5,66.857,1.000,15.073,0.979,0.992,0.0,0.0,206.559,3.253,10.725,0,206.559,1.500,5.000,2.000,0.609,0.748,1,1,1,1,126,,668,visual,Data,TrackUpdate,0.10,1
23,10,5,66.923,1.066,15.097,0.954,0.982,0.0,0.0,206.559,3.014,10.530,0,206.559,1.500,5.000,2.000,0.602,0.754,1,1,1,1,126,,669,visual,Data,TrackUpdate,0.10,1
23,10,5,67.125,1.268,14.862,0.990,0.996,0.0,0.0,230.718,2.927,9.497,0,230.718,1.500,5.000,2.000,0.604,0.799,1,1,1,1,126,,671,visual,Data,TrackUpdate,0.10,1
23,10,5,67.257,1.400,15.080,0.988,0.996,0.0,0.0,229.421,2.267,9.102,0,229.421,1.500,5.000,2.000,0.579,0.816,1,1,1,1,126,,672,visual,Data,TrackUpdate,0.10,1
23,10,5,67.323,1.466,14.986,0.995,0.998,0.0,0.0,227.782,1.972,9.023,0,227.782,1.500,5.000,2.000,0.567,0.819,1,1,1,1,126,,673,visual,Data,TrackUpdate,0.10,1
23,10,5,67.457,1.600,14.740,0.987,0.996,0.0,0.0,227.782,1.672,8.721,0,227.782,1.500,5.000,2.000,0.556,0.832,127,127,1,1,127,,674,visual,Data,TrackUpdate,0.10,1
23,10,5,67.523,1.666,14.701,0.993,0.998,0.0,0.0,227.427,1.483,8.559,0,227.427,1.500,5.000,2.000,0.547,0.841,127,127,1,1,127,,675,visual,Data,TrackUpdate,0.10,1
23,10,5,67.59,1.202,14.839,0.992,0.997,0.0,0.0,230.718,3.271,9.648,0,230.718,1.500,5.000,2.000,0.616,0.793,1,1,1,1,126,,670,visual,Data,TrackUpdate,0.10,1
23,10,5,67.657,1.800,14.879,0.991,0.997,0.0,0.0,226.903,0.997,8.121,0,226.903,1.500,5.000,2.000,0.527,0.862,127,127,1,1,127,,676,visual,Data,TrackUpdate,0.10,1
23,10,5,67.723,1.866,15.098,0.991,0.997,0.0,0.0,226.903,0.705,7.838,0,226.903,1.500,5.000,2.000,0.514,0.876,127,127,1,1,127,,677,visual,Data,TrackUpdate,0.10,1
23,10,5,67.857,2.000,15.536,0.972,0.992,0.0,0.0,226.767,0.091,7.253,0,226.767,1.500,5.000,2.000,0.484,0.907,127,127,1,1,127,,678,visual,Data,TrackUpdate,0.10,1
23,10,5,67.923,2.066,15.855,0.981,0.994,0.0,0.0,226.308,-0.157,7.041,0,226.308,1.500,5.000,2.000,0.471,0.919,127,127,1,1,127,,679,visual,Data,TrackUpdate,0.10,1
23,10,5,68.123,2.266,14.945,0.964,0.990,0.0,0.0,226.266,-0.730,6.487,0,226.266,1.500,5.000,2.000,0.439,0.950,127,127,1,1,127,,681,visual,Data,TrackUpdate,0.10,1
23,10,5,68.257,2.400,14.830,0.917,0.978,0.0,0.0,225.669,-1.167,6.098,0,225.669,1.500,5.000,2.000,0.414,0.972,127,127,1,1,127,,682,visual,Data,TrackUpdate,0.10,1
23,10,5,68.323,2.466,15.475,0.917,0.979,0.0,0.0,225.676,-1.380,5.891,0,225.676,1.500,5.000,2.000,0.401,0.983,127,127,1,1,127,,683,visual,Data,TrackUpdate,0.10,1
23,10,5,68.457,2.600,15.704,0.917,0.980,0.0,0.0,225.372,-1.826,5.474,0,225.372,1.500,5.000,2.000,0.373,1.007,127,127,1,1,127,,684,visual,Data,TrackUpdate,0.10,1
23,10,5,68.523,2.666,15.739,0.917,0.981,0.0,0.0,225.372,-2.042,5.263,0,225.372,1.500,5.000,2.000,0.359,1.019,127,127,1,1,127,,685,visual,Data,TrackUpdate,0.10,1
23,10,5,68.57,2.200,15.145,0.910,0.975,0.0,0.0,226.266,-0.551,6.661,0,226.266,1.500,5.000,2.000,0.449,0.940,127,127,1,1,127,,680,visual,Data,TrackUpdate,0.10,1
23,10,5,68.657,2.800,15.970,0.917,0.982,0.0,0.0,225.396,-2.481,4.833,0,225.396,1.500,5.000,2.000,0.330,1.043,127,127,1,1,127,,686,visual,Data,TrackUpdate,0.10,1
7,1,0,7.57,4.734,7.883,0.908,0.998,0.0,0.0,46.151,6.013,12.866,0,46.151,1.900,1.100,0.450,0.682,0.680,127,127,1,1,127,,70,visual,Data,TrackUpdate,0.10,1
27,11,0,93.923,0.000,8.519,0.972,0.974,0.0,0.0,41.583,-1.506,5.214,0,41.583,1.700,0.300,0.450,0.387,1.031,1,1,1,1,126,,939,visual,Data,TrackUpdate,0.10,1
27,11,0,94.123,0.200,7.833,0.980,0.983,0.0,0.0,41.583,-1.192,5.428,0,41.583,1.700,0.300,0.450,0.407,1.019,127,127,1,1,127,,941,visual,Data,TrackUpdate,0.10,1
27,11,0,94.257,0.334,7.241,0.979,0.983,0.0,0.0,41.583,-1.020,5.509,0,41.583,1.700,0.300,0.450,0.417,1.016,127,127,1,1,127,,942,visual,Data,TrackUpdate,0.10,1
27,11,0,94.326,0.403,7.331,0.980,0.984,0.0,0.0,41.583,-0.902,5.613,0,41.583,1.700,0.300,0.450,0.424,1.009,127,127,1,1,127,,943,visual,Data,TrackUpdate,0.10,1
27,11,0,94.457,0.534,7.028,0.963,0.971,0.0,0.0,41.583,-0.741,5.723,0,41.583,1.700,0.300,0.450,0.434,1.003,127,127,1,1,127,,944,visual,Data,TrackUpdate,0.10,1
27,11,0,94.523,0.600,7.178,0.988,0.991,0.0,0.0,48.880,-0.627,5.849,0,48.880,1.700,0.300,0.450,0.441,0.994,127,127,1,1,127,,945,visual,Data,TrackUpdate,0.10,1
27,11,0,94.57,0.134,8.032,0.991,0.992,0.0,0.0,41.583,-1.288,5.357,0,41.583,1.700,0.300,0.450,0.401,1.023,127,127,1,1,127,,940,visual,Data,TrackUpdate,0.10,1
27,11,0,94.657,0.734,7.174,0.991,0.994,0.0,0.0,48.880,-0.612,6.461,0,48.880,1.700,0.300,0.450,0.445,0.953,1,1,1,1,126,,946,visual,Data,TrackUpdate,0.10,1
27,11,0,94.723,0.800,7.014,0.984,0.989,0.0,0.0,48.880,-0.574,6.593,0,48.880,1.700,0.300,0.450,0.448,0.944,1,1,1,1,126,,947,visual,Data,TrackUpdate,0.10,1
27,11,0,94.858,0.935,7.181,0.984,0.990,0.0,0.0,46.169,-0.414,6.940,0,46.169,1.700,0.300,0.450,0.458,0.923,1,1,1,1,126,,948,visual,Data,TrackUpdate,0.10,1
27,11,0,94.925,1.002,7.121,0.980,0.987,0.0,0.0,46.169,-0.353,7.047,0,46.169,1.700,0.300,0.450,0.461,0.917,1,1,1,1,126,,949,visual,Data,TrackUpdate,0.10,1
27,11,0,95.123,1.200,7.023,0.955,0.974,0.0,0.0,45.315,-0.123,7.318,0,45.315,1.700,0.300,0.450,0.473,0.902,1,1,1,1,126,,951,visual,Data,TrackUpdate,0.10,1
27,11,0,95.258,1.335,6.880,0.958,0.977,0.0,0.0,45.315,-0.011,7.483,0,45.315,1.700,0.300,0.450,0.479,0.893,1,1,1,1,126,,952,visual,Data,TrackUpdate,0.10,1
27,11,0,95.324,1.401,6.930,0.976,0.988,0.0,0.0,45.315,0.082,7.604,0,45.315,1.700,0.300,0.450,0.484,0.886,1,1,1,1,126,,953,visual,Data,TrackUpdate,0.10,1
27,11,0,95.457,1.534,6.950,0.920,0.962,0.0,0.0,44.884,0.251,7.802,0,44.884,1.700,0.300,0.450,0.493,0.876,1,1,1,1,126,,954,visual,Data,TrackUpdate,0.10,1
27,11,0,95.525,1.602,6.930,0.964,0.983,0.0,0.0,44.884,0.333,7.882,0,44.884,1.700,0.300,0.450,0.496,0.871,1,1,1,1,126,,955,visual,Data,TrackUpdate,0.10,1
27,11,0,95.58,1.135,7.097,0.980,0.988,0.0,0.0,46.169,-0.195,7.258,0,46.169,1.700,0.300,0.450,0.470,0.906,1,1,1,1,126,,950,visual,Data,TrackUpdate,0.10,1
27,11,0,95.657,1.734,6.849,0.984,0.993,0.0,0.0,44.884,0.482,8.018,0,44.884,1.700,0.300,0.450,0.504,0.865,1,1,1,1,126,,956,visual,Data,TrackUpdate,0.10,1
27,11,0,95.723,1.800,6.703,0.976,0.990,0.0,0.0,44.884,0.530,8.030,0,44.884,1.700,0.300,0.450,0.506,0.865,1,1,1,1,126,,957,visual,Data,TrackUpdate,0.10,1
27,11,0,95.857,1.934,6.840,0.979,0.992,0.0,0.0,45.891,0.780,8.256,0,45.891,1.700,0.300,0.450,0.517,0.854,1,1,1,1,126,,958,visual,Data,TrackUpdate,0.10,1
27,11,0,95.923,2.000,7.000,0.987,0.996,0.0,0.0,45.891,0.906,8.450,0,45.891,1.700,0.300,0.450,0.523,0.844,1,1,1,1,126,,959,visual,Data,TrackUpdate,0.10,1
27,11,0,96.123,2.200,6.752,0.938,0.983,0.0,0.0,43.351,1.120,8.715,0,43.351,1.700,0.300,0.450,0.532,0.831,1,1,1,1,126,,961,visual,Data,TrackUpdate,0.10,1
27,11,0,96.257,2.334,6.652,0.972,0.993,0.0,0.0,43.351,1.285,8.862,0,43.351,1.700,0.300,0.450,0.539,0.824,1,1,1,1,126,,962,visual,Data,TrackUpdate,0.10,1
27,11,0,96.323,2.400,6.570,0.983,0.996,0.0,0.0,43.351,1.356,8.902,0,43.351,1.700,0.300,0.450,0.542,0.822,1,1,1,1,126,,963,visual,Data,TrackUpdate,0.10,1
27,11,0,96.457,2.534,6.527,0.977,0.994,0.0,0.0,44.249,1.519,9.036,0,44.249,1.700,0.300,0.450,0.548,0.816,1,1,1,1,126,,964,visual,Data,TrackUpdate,0.10,1
27,11,0,96.523,2.600,6.712,0.982,0.996,0.0,0.0,44.249,1.683,9.210,0,44.249,1.700,0.300,0.450,0.555,0.808,1,1,1,1,126,,965,visual,Data,TrackUpdate,0.10,1
27,11,0,96.56,2.133,6.709,0.979,0.994,0.0,0.0,43.351,0.994,8.582,0,43.351,1.700,0.300,0.450,0.527,0.837,1,1,1,1,126,,960,visual,Data,TrackUpdate,0.10,1
27,11,0,96.657,2.734,6.710,0.990,0.998,0.0,0.0,43.184,1.819,9.363,0,43.184,1.700,0.300,0.450,0.560,0.802,1,1,1,1,126,,966,visual,Data,TrackUpdate,0.10,1
27,11,0,96.723,2.800,6.578,0.989,0.998,0.0,0.0,43.184,1.863,9.326,0,43.184,1.700,0.300,0.450,0.562,0.804,1,1,1,1,126,,967,visual,Data,TrackUpdate,0.10,1
27,11,0,96.857,2.934,6.584,0.991,0.998,0.0,0.0,43.184,2.100,9.484,0,43.184,1.700,0.300,0.450,0.571,0.797,1,1,1,1,126,,968,visual,Data,TrackUpdate,0.10,1
27,11,0,96.923,3.000,6.534,0.991,0.998,0.0,0.0,43.184,2.187,9.585,0,43.184,1.700,0.300,0.450,0.574,0.793,1,1,1,1,126,,969,visual,Data,TrackUpdate,0.10,1
27,11,0,97.0,3.077,6.530,0.985,0.997,0.0,0.0,44.724,2.268,9.663,0,44.724,1.700,0.300,0.450,0.577,0.789,1,1,1,1,126,,970,visual,Data,TrackUpdate,0.10,1
27,11,0,97.123,3.200,6.242,0.966,0.994,0.0,0.0,44.724,2.363,9.735,0,44.724,1.700,0.300,0.450,0.580,0.786,1,1,1,1,126,,971,visual,Data,TrackUpdate,0.10,1
27,11,0,97.257,3.334,6.447,0.991,0.999,0.0,0.0,44.724,2.596,9.959,0,44.724,1.700,0.300,0.450,0.589,0.778,1,1,1,1,126,,972,visual,Data,TrackUpdate,0.10,1
27,11,0,97.323,3.400,6.538,0.995,0.999,0.0,0.0,46.219,2.727,10.064,0,46.219,1.700,0.300,0.450,0.593,0.773,1,1,1,1,126,,973,visual,Data,TrackUpdate,0.10,1
27,11,0,97.457,3.534,6.273,0.992,0.999,0.0,0.0,46.219,2.812,10.072,0,46.219,1.700,0.300,0.450,0.596,0.773,1,1,1,1,126,,974,visual,Data,TrackUpdate,0.10,1
27,11,0,97.523,3.600,6.520,0.994,0.999,0.0,0.0,46.219,3.003,10.264,0,46.219,1.700,0.300,0.450,0.602,0.766,1,1,1,1,126,,975,visual,Data,TrackUpdate,0.10,1
27,11,0,97.657,3.734,6.516,0.994,0.999,0.0,0.0,46.610,3.154,10.440,0,46.610,1.700,0.300,0.450,0.607,0.758,1,1,1,1,126,,976,visual,Data,TrackUpdate,0.10,1
27,11,0,97.723,3.800,6.596,0.992,0.999,0.0,0.0,46.610,3.264,10.552,0,46.610,1.700,0.300,0.450,0.610,0.755,1,1,1,1,126,,977,visual,Data,TrackUpdate,0.10,1
27,11,0,97.857,3.934,6.431,0.996,1.000,0.0,0.0,46.610,3.398,10.643,0,46.610,1.700,0.300,0.450,0.615,0.751,1,1,1,1,126,,978,visual,Data,TrackUpdate,0.10,1
27,11,0,97.925,4.002,6.478,0.997,1.000,0.0,0.0,47.184,3.546,10.781,0,47.184,1.700,0.300,0.450,0.619,0.746,1,1,1,1,126,,979,visual,Data,TrackUpdate,0.10,1
27,11,0,98.123,4.200,6.547,0.986,0.999,0.0,0.0,47.184,3.734,10.985,0,47.184,1.700,0.300,0.450,0.624,0.738,1,1,1,1,126,,981,visual,Data,TrackUpdate,0.10,1
27,11,0,98.257,4.334,6.527,0.994,1.000,0.0,0.0,46.850,4.017,11.272,0,46.850,1.700,0.300,0.450,0.632,0.728,1,1,1,1,126,,982,visual,Data,TrackUpdate,0.10,1
27,11,0,98.323,4.400,6.649,0.994,1.000,0.0,0.0,46.850,4.057,11.320,0,46.850,1.700,0.300,0.450,0.633,0.727,1,1,1,1,126,,983,visual,Data,TrackUpdate,0.10,1
27,11,0,98.458,4.535,6.132,0.969,0.999,0.0,0.0,46.850,4.111,11.301,0,46.850,1.700,0.300,0.450,0.635,0.728,1,1,1,1,126,,984,visual,Data,TrackUpdate,0.10,1
27,11,0,98.523,4.600,6.312,0.991,1.000,0.0,0.0,46.850,4.278,11.655,0,46.850,1.900,1.100,0.450,0.639,0.715,1,1,1,1,126,,985,visual,Data,TrackUpdate,0.10,1
27,11,0,98.57,4.134,6.655,0.994,0.999,0.0,0.0,47.184,3.684,10.925,0,47.184,1.700,0.300,0.450,0.623,0.741,1,1,1,1,126,,980,visual,Data,TrackUpdate,0.10,1
27,11,0,98.657,4.734,5.965,0.986,1.000,0.0,0.0,46.850,4.368,11.615,0,46.850,1.900,1.100,0.450,0.642,0.717,1,1,1,1,126,,986,visual,Data,TrackUpdate,0.10,1
27,11,0,98.723,4.800,6.003,0.967,0.999,0.0,0.0,46.850,4.493,11.672,0,46.850,1.900,1.100,0.450,0.645,0.715,1,1,1,1,126,,987,visual,Data,TrackUpdate,0.10,1
27,11,0,98.857,4.934,5.833,0.917,0.999,0.0,0.0,50.076,4.716,11.757,0,50.076,1.900,1.100,0.450,0.652,0.713,127,127,1,1,127,,988,visual,Data,TrackUpdate,0.10,1
27,11,0,98.923,5.000,6.080,0.638,1.000,0.0,0.0,50.076,4.896,11.899,0,50.076,1.900,1.100,0.450,0.656,0.708,1,1,1,1,126,,989,visual,Data,TrackUpdate,0.10,1
27,11,0,99.123,5.200,6.265,0.621,1.000,0.0,0.0,49.810,5.120,12.185,0,49.810,1.900,1.100,0.450,0.661,0.699,127,127,1,1,127,,991,visual,Data,TrackUpdate,0.10,1
27,11,0,99.257,5.334,6.143,0.960,1.000,0.0,0.0,49.810,5.330,12.327,0,49.810,1.900,1.100,0.450,0.667,0.694,1,1,1,1,126,,992,visual,Data,TrackUpdate,0.10,1
27,11,0,99.323,5.400,6.248,0.737,1.000,0.0,0.0,49.810,5.474,12.418,0,49.810,1.900,1.100,0.450,0.670,0.693,1,1,1,1,126,,993,visual,Data,TrackUpdate,0.10,1
27,11,0,99.457,5.534,6.093,0.911,1.000,0.0,0.0,50.879,5.569,12.363,0,50.879,1.900,1.100,0.450,0.674,0.694,127,127,1,1,127,,994,visual,Data,TrackUpdate,0.10,1
27,11,0,99.525,5.602,6.031,0.911,1.000,0.0,0.0,50.879,5.666,12.421,0,50.879,1.900,1.100,0.450,0.676,0.692,127,127,1,1,127,,995,visual,Data,TrackUpdate,0.10,1
27,11,0,99.57,5.134,6.231,0.621,1.000,0.0,0.0,49.810,5.042,12.117,0,49.810,1.900,1.100,0.450,0.659,0.701,1,1,1,1,126,,990,visual,Data,TrackUpdate,0.10,1
27,11,0,99.657,5.734,5.851,0.911,1.000,0.0,0.0,50.879,5.849,12.536,0,50.879,1.900,1.100,0.450,0.680,0.689,127,127,1,1,127,,996,visual,Data,TrackUpdate,0.10,1
27,11,0,99.723,5.800,6.179,0.911,1.000,0.0,0.0,50.879,5.938,12.595,0,50.879,1.900,1.100,0.450,0.683,0.687,127,127,1,1,127,,997,visual,Data,TrackUpdate,0.10,1
27,11,0,99.857,5.934,5.822,0.911,1.000,0.0,0.0,51.406,6.128,12.717,0,51.406,1.900,1.100,0.450,0.687,0.684,127,127,1,1,127,,998,visual,Data,TrackUpdate,0.10,1
