c,t,o,x,y
0,0,0,463.5461459273941,-1.6040696185541492
0,0,1,514.8358696285208,-1.56255259850127
0,1,0,467.7254529748715,-1.6017025678921186
0,1,1,516.4588141624788,-1.56235338079685
0,2,0,471.8132206967082,-1.5980897791771156
0,2,1,518.1109076383973,-1.5627365570016991
0,3,0,475.8105981383861,-1.331392218512292
0,3,1,519.7932995010772,-1.5611177942161871
0,4,0,479.76984708004863,-1.0825613163966636
0,4,1,521.5048403057069,-1.5600814253127453
0,5,0,483.7614734619565,-0.8427138080510304
0,5,1,523.2442378858362,-1.5590527279299806
0,6,0,487.8041461727067,-0.6046752529009893
0,6,1,525.0127844079362,-1.558606424483628
0,7,0,491.8987986567363,-0.3680869288822919
0,7,1,526.8088289835018,-1.5572343480779125
0,8,0,496.0441387475814,-0.1323741136387184
0,8,1,528.6314381680926,-1.5552952208094553
0,9,0,500.2394490011711,0.1043300817574106
0,9,1,530.481329405789,-1.5546559315088473
0,10,0,504.4845134171422,0.3398000463465962
0,10,1,532.3577852525378,-1.5534495913350952
0,11,0,508.7776811070032,0.5755439470297006
0,11,1,534.2608057083046,-1.5516762002390294
0,12,0,513.1198855151955,0.8119205057791987
0,12,1,536.189457328676,-1.5496944803070107
0,13,0,517.509259752851,1.0482122785312242
0,13,1,538.1431653912719,-1.5487965979808394
0,14,0,521.9470959864198,1.2838445429243848
0,14,1,540.122504618462,-1.547690386791544
0,15,0,526.431230376451,1.4826328022986957
0,15,1,542.1261828437887,-1.5458011243180465
0,16,0,530.9614584298549,1.6841366089641383
0,16,1,544.153625344876,-1.5444209770942905
0,17,0,535.5372054242407,1.8870637965060555
0,17,1,546.2066990105607,-1.5428325009749244
0,18,0,540.1591581176001,1.97812037403088
0,18,1,548.2822447855348,-1.541178417689537
0,19,0,544.825380178136,1.9651326190212897
0,19,1,550.381196114225,-1.539100005146679
0,20,0,549.5357595702264,1.962686688839796
0,20,1,552.5029782742312,-1.537889429858268
0,21,0,554.2905817371917,1.9644644727857496
0,21,1,554.6472325435059,-1.536613247349493
0,22,0,559.0877637898068,1.9675229159004743
0,22,1,556.8148923665176,-1.5349127356375618
0,23,0,563.9289566165623,1.9703538514073105
0,23,1,559.0040908543773,-1.5335053387319704
0,24,0,568.8115758845233,1.97410672407824
0,24,1,561.2144692850552,-1.5314576122445374
0,25,0,573.7376312042383,1.9763399226345089
0,25,1,563.4463863805779,-1.5297030005958447
0,26,0,578.7044649640541,1.9728182257194649
0,26,1,565.6998421409726,-1.528241503775405
0,27,0,583.7130838871227,1.9692850214936184
0,27,1,567.9735443997649,-1.526498399399884
0,28,0,588.762554529003,1.965381587984666
0,28,1,570.267493156931,-1.5244736874472835
0,29,0,593.8525181676681,1.962041369613104
0,29,1,572.582047134535,-1.5231008123548406
0,30,0,598.9820413586841,1.9589056443469983
0,30,1,574.9160568877588,-1.5249641070597877
0,31,0,604.1511241020646,1.9559744121916085
0,31,1,577.2693796949359,-1.52690451621433
0,32,0,609.3601251198193,1.9523142286888344
0,32,1,579.6425902784839,-1.5276298733932947
0,33,0,614.6064604784004,1.6898198376394475
0,33,1,582.0345391935914,-1.5297245114690838
0,34,0,619.8918577814071,1.4455508271931308
0,34,1,584.4445089962015,-1.5313215416330197
0,35,0,625.2150210266101,1.2061535320090968
0,35,1,586.8737918527785,-1.5329956862414065
0,36,0,630.5760929356662,0.968468896766808
0,36,1,589.3201621524241,-1.5345309449699016
0,37,0,635.9754322306259,0.7315634770238262
0,37,1,591.7849120616025,-1.536502040174696
0,38,0,641.410238578187,0.49436110668438
0,38,1,594.2667494138392,-1.5383342494724843
0,39,0,646.8823788672177,0.257579229812336
0,39,1,596.7574896090058,-1.8002851612756956
0,40,0,652.3905609312466,0.0217925688234288
0,40,1,599.2559866386885,-2.051756019718709
0,41,0,657.9345687699035,-0.2152244871824109
0,41,1,601.7712856681302,-2.296769881608298
0,42,0,663.5140436611756,-0.452538493779457
0,42,1,604.3041041413676,-2.537193635823144
0,43,0,669.1286268830223,-0.6892160065524138
0,43,1,606.853292613637,-2.775611615279473
0,44,0,674.7783184354333,-0.9252570254741386
0,44,1,609.4188510848905,-3.012023819933461
0,45,0,680.462481824571,-1.1255532199751317
0,45,1,612.0005635548029,-3.2486558607613745
0,46,0,686.1796706550481,-1.3281559755835417
0,46,1,614.5986460237127,-3.4832821267817167
0,47,0,691.9323265381402,-1.5310556817831582
0,47,1,617.2119490468368,-3.718486950980747
0,48,0,697.7180385486134,-1.6248348471077063
0,48,1,619.8401139021411,-3.953336888878397
0,49,0,703.5367334077678,-1.614878137772621
0,49,1,622.4834993116594,-4.188765384954763
0,50,0,709.3881644291806,-1.6148382666332282
0,50,1,625.1413878313283,-4.422905550341682
1,0,0,487.681033234296,-1.5861619845441055
1,0,1,501.426961002933,-5.076496034399128
1,1,0,491.8932230014429,-1.5829424396741842
1,1,1,503.66835526442577,-5.074313257762384
1,2,0,496.07755599310383,-1.5797152232783844
1,2,1,505.9645296324867,-5.072504546166499
1,3,0,500.23467981102647,-1.3105488017073412
1,3,1,508.31548410712605,-5.071069899638587
1,4,0,504.3768646823036,-1.0610503203500343
1,4,1,510.7199265218592,-5.069434595768172
1,5,0,508.5191189965232,-0.8200955605339004
1,5,1,513.1765647102286,-5.067023912134204
1,6,0,512.6665419765828,-0.5814396903045065
1,6,1,515.6851826718878,-5.06606345965875
1,7,0,516.8475651203996,-0.3437982147572995
1,7,1,518.2447042407225,-5.06375290503118
1,8,0,521.0827936483772,-0.1078229707033244
1,8,1,520.8536212499151,-5.061743136757769
1,9,0,525.3715101164621,0.1283529306984121
1,9,1,523.5128671438894,-5.059675432779415
1,10,0,529.7127810802203,0.3643707674160055
1,10,1,526.219282867313,-5.057692514803733
1,11,0,534.1056730952178,0.5998718174175224
1,11,1,528.9738018646372,-5.055435660761248
1,12,0,538.5507608838514,0.8361482471825639
1,12,1,531.7745572469933,-5.05362231471571
1,13,0,543.0471110017215,1.0728413346301124
1,13,1,534.6211902923415,-5.051319032251882
1,14,0,547.5932152819522,1.3083001913249743
1,14,1,537.5127675562746,-5.04888453539121
1,15,0,552.1586943875903,1.5072814365263696
1,15,1,540.4496477607922,-5.04725226856462
1,16,0,556.7113945502867,1.708850850390263
1,16,1,543.4301800174206,-5.044914064957851
1,17,0,561.2529666585287,1.9115002661075948
1,17,1,546.4534308817287,-5.042228646570379
1,18,0,565.7822305814567,2.001218248758704
1,18,1,549.518825631306,-5.040488179887007
1,19,0,570.2991168761416,1.9865485198900217
1,19,1,552.6269389885629,-5.038400498422902
1,20,0,574.8042309510054,1.9802103479258903
1,20,1,555.7723862872998,-5.035892323518652
1,21,0,579.2976422490179,1.9736600113356813
1,21,1,558.9497828612617,-5.03289037641116
1,22,0,583.7827258258679,1.9692658427217395
1,22,1,562.1553949327738,-5.030829545266812
1,23,0,588.2661585142168,1.966379840911685
1,23,1,565.389797224209,-5.028417663584008
1,24,0,592.7486577581453,1.963135117074927
1,24,1,568.6511228467097,-5.026372175453787
1,25,0,597.2320904464943,1.960249115264844
1,25,1,571.9421721335677,-5.023616914753234
1,26,0,601.72535902284,1.956857834022344
1,26,1,575.2602874731475,-5.0243871029258
1,27,0,606.245192208238,1.9540336036529595
1,27,1,578.6060435878701,-5.027390573513912
1,28,0,610.8004924462135,1.9509124227091377
1,28,1,581.9815233669469,-5.029684271564037
1,29,0,615.4003781807472,1.9488559005826005
1,29,1,585.3839264770922,-5.032344363134371
1,30,0,620.0481511887974,1.944847703617654
1,30,1,588.8151198071608,-5.034653404166278
1,31,0,624.7458943596025,1.9418308867781209
1,31,1,592.2741699127392,-5.036970116746005
1,32,0,629.4908073598604,1.9387292839682857
1,32,1,595.7610767938069,-5.039294500819239
1,33,0,634.2820998661605,1.6727704167945774
1,33,1,599.2713892285874,-5.041194555667374
1,34,0,639.120998038422,1.4251063731800857
1,34,1,602.7924709957852,-5.043241167921252
1,35,0,644.0060631527596,1.1855425431045887
1,35,1,606.3180039847934,-5.045719780942875
1,36,0,648.9375806524965,0.9477608158997556
1,36,1,609.8435369737779,-5.048198393942528
1,37,0,653.9146170932016,0.7114024695661385
1,37,1,613.3659109074468,-5.0508197286121685
1,38,0,658.9365977524783,0.4751753376241083
1,38,1,616.882541452882,-5.05243434014227
1,39,0,664.0025891858924,0.238720698041817
1,39,1,620.3887613879028,-5.054835838665127
1,40,0,669.1125913934437,0.0020385508192077
1,40,1,623.8832785460721,-5.057449501814119
1,41,0,674.2653122086851,-0.2342963816498411
1,41,1,627.3648007609296,-5.059700607200682
1,42,0,679.4607516315928,-0.4702840993434449
1,42,1,630.8346201989389,-5.062163877180922
1,43,0,684.6992683841934,-0.7068580466820436
1,43,1,634.2923781380462,-5.063905867344914
1,44,0,689.9795703000602,-0.9434435013262146
1,44,1,637.7384333002917,-5.06586002210787
1,45,0,695.3021703301397,-1.1423477997201417
1,45,1,641.1718522412624,-5.068385063556036
1,46,0,700.6644726342125,-1.3442066603343503
1,46,1,644.5945018497949,-5.070763547544061
1,47,0,706.068918823582,-1.5470104726422278
1,47,1,648.0041565150019,-5.072779473774887
1,48,0,711.5129552513439,-1.6381826898621623
1,48,1,651.4021084033607,-5.075007564599446
1,49,0,716.9966513604547,-1.6262670335301266
1,49,1,654.7924500146178,-5.076946376348246
1,50,0,722.5194017424787,-1.6239827720757205
1,50,1,658.1831503479118,-5.079818632544715
2,0,0,438.8989539376794,1.877133050334379
2,0,1,480.76289985716113,-5.091123550147358
2,1,0,444.5795838070936,1.8811687286364247
2,1,1,483.727636837192,-5.089498954836245
2,2,0,450.2396084560801,1.8858562437714
2,2,1,486.72525653688166,-5.087021865290012
2,3,0,455.87902828400246,1.6319408947902616
2,3,1,489.74979956764736,-5.0849111693235045
2,4,0,461.5164423371548,1.394395544790001
2,4,1,492.8021993739157,-5.0828081448452735
2,5,0,467.1583808908075,1.1618028602645722
2,5,1,495.8789381783175,-5.07992206911527
2,6,0,472.7875405014945,0.931798344423612
2,6,1,498.9794412584831,-5.077545108602607
2,7,0,478.3929358364553,0.7023029437833088
2,7,1,502.1037086143882,-5.075677263285314
2,8,0,483.9723412847576,0.473532658717005
2,8,1,505.251381523996,-5.07338508871581
2,9,0,489.5277664569531,0.2430458779784032
2,9,1,508.4205930984726,-5.071386029006902
2,10,0,495.0600020758163,0.0143603788876021
2,10,1,511.611918060191,-5.068387917657134
2,11,0,500.5669652520848,-0.2154668934973074
2,11,1,514.8270072976732,-5.065898921524706
2,12,0,506.0510975970613,-0.4444263286497403
2,12,1,518.0636351999897,-5.063703040203848
2,13,0,511.510890943877,-0.6741688150643768
2,13,1,521.3227352115955,-5.061441551716911
2,14,0,516.9482121814035,-0.9039769086450632
2,14,1,524.6043073324971,-5.059114455999236
2,15,0,522.3604152052857,-1.0963006676250586
2,15,1,527.9070593962032,-5.0561470307049206
2,16,0,527.7445454533013,-1.290842365952102
2,16,1,531.2335757356728,-5.053688720627974
2,17,0,533.1024698143119,-1.4868845596271
2,17,1,534.5825641844248,-5.051164803325463
2,18,0,538.4338602523258,-1.572066702187584
2,18,1,537.9486400762349,-5.04850200011586
2,19,0,543.7390022106796,-1.5527069042966275
2,19,1,541.3236184116181,-5.046703198397808
2,20,0,549.0157821140826,-1.54317532287331
2,20,1,544.6991714694087,-5.043612230227325
2,21,0,554.2661401301001,-1.5373698476709023
2,21,1,548.0719241939003,-5.041597428120184
2,22,0,559.4893588146955,-1.5334235898107238
2,22,1,551.442451307497,-5.039366625656356
2,23,0,564.6856541682223,-1.529110938430421
2,23,1,554.8107528102124,-5.036919822830612
2,24,0,569.8553849127104,-1.5253653379180037
2,24,1,558.1755365355618,-5.033682297232417
2,25,0,574.9974016033522,-1.5247711212379045
2,25,1,561.5384533720567,-5.031162215692859
2,26,0,580.1129964066251,-1.5279030107410565
2,26,1,564.8982111532362,-5.028784855823261
2,27,0,585.2010931564357,-1.5319606731711986
2,27,1,568.2557433235104,-5.026191495569805
2,28,0,590.2622665751672,-1.535651942054017
2,28,1,571.6114086049404,-5.024315579402099
2,29,0,595.2974501072644,-1.5386180953847486
2,29,1,574.9636988306639,-5.0248079957501375
2,30,0,600.3101615300825,-1.541649855908673
2,30,1,578.312614000702,-5.027668744668205
2,31,0,605.3102367316048,-1.545252503063466
2,31,1,581.658944837832,-5.029380048803887
2,32,0,610.3067941557852,-1.5480644274677786
2,32,1,585.0034087860835,-5.031808796976208
2,33,0,615.3299157896504,-1.2910545999577892
2,33,1,588.3456471234401,-5.034021544791841
2,34,0,620.4092485824433,-1.0520810029543384
2,34,1,591.6802751837084,-5.035945013526487
2,35,0,625.5477394248769,-0.8192981379581283
2,35,1,595.0054260780067,-5.038296647249155
2,36,0,630.7458203176889,-0.5882547832013643
2,36,1,598.3175820289825,-5.040285723182223
2,37,0,636.0009069279606,-0.3578014938745184
2,37,1,601.6180352030966,-5.0424869637142535
2,38,0,641.3142914221424,-0.1285129923390116
2,38,1,604.906785600346,-5.04490036887762
2,39,0,646.6833894673233,0.1007601661552257
2,39,1,608.1825410542864,-5.046951216246185
2,40,0,652.1082010635032,0.3300179816080799
2,40,1,611.4465937313754,-5.0492142282408565
2,41,0,657.5874340442142,0.5598351764678
2,41,1,614.7030361313522,-5.051187961132598
2,42,0,663.1195802426491,0.7885608622009102
2,42,1,617.9594785313394,-5.053161694051539
2,43,0,668.7057891035612,1.0187793717508953
2,43,1,621.2235312084149,-5.055424706051412
2,44,0,674.3439777377632,1.247547650142394
2,44,1,624.4983532179348,-5.057834275446624
2,45,0,680.0334904726215,1.4403320892216982
2,45,1,627.787103615184,-5.060247680610047
2,46,0,685.7739068146553,1.6344666304530904
2,46,1,631.0894236781662,-5.06173147707824
2,47,0,691.5639345974037,1.8305259962251623
2,47,1,634.4069642953492,-5.063793831730408
2,48,0,697.4042605789023,1.9152161956925229
2,48,1,637.7419510776442,-5.06665074488555
2,49,0,703.2925897052895,1.8972969507750288
2,49,1,641.0927331365367,-5.068794049745037
2,50,0,709.228593940591,1.8891288078484365
2,50,1,644.4628282494065,-5.07101446907609
3,0,0,444.7324373503002,1.8820599797502096
3,0,1,478.6468610854022,-5.093340848570136
3,1,0,449.44920813174247,1.885284159069755
3,1,1,481.449483356613,-5.090810058466019
3,2,0,454.15836863607245,1.8887976174922585
3,2,1,484.29073173576455,-5.088433497310291
3,3,0,458.86357976168,1.6293958758835458
3,3,1,487.1687393339543,-5.086928609117592
3,4,0,463.42900940184455,1.3880533793057168
3,4,1,490.08092181831177,-5.085145949122307
3,5,0,467.86247999831096,1.1527780718693634
3,5,1,493.0246948558675,-5.081936072503339
3,6,0,472.3233059265834,0.9215875926806234
3,6,1,495.9979755574207,-5.080242034241309
3,7,0,476.8268504625324,0.6907443282401289
3,7,1,498.9955952571208,-5.077764944722247
3,8,0,481.37591393943626,0.461324444665621
3,8,1,502.0138201772454,-5.075939692068573
3,9,0,485.9671213016468,0.2309596093702737
3,9,1,505.0500659848759,-5.07361683147073
3,10,0,490.6016219939069,0.0022341553247429
3,10,1,508.0989480137782,-5.070723084220049
3,11,0,495.2792000158838,-0.2270775283877526
3,11,1,511.1580246527248,-5.069268060876652
3,12,0,499.9976297566828,-0.4567594414104974
3,12,1,514.2275119020514,-5.067026150491387
3,13,0,504.7587781051615,-0.6860941396525959
3,13,1,517.3096353726875,-5.064213353470024
3,14,0,509.5617116168827,-0.9154403451782684
3,14,1,520.4028868977642,-5.0624805583073
3,15,0,514.4050763539584,-1.1078228385447062
3,15,1,523.5087746441399,-5.060176876481307
3,16,0,519.2887180874385,-1.3018677276466235
3,16,1,526.6263651673637,-5.057661030061581
3,17,0,524.2117033728989,-1.4979337345431247
3,17,1,529.756591911873,-5.054574296983816
3,18,0,529.1761457856339,-1.581650702282673
3,18,1,532.89794671085,-5.052567565754288
3,19,0,534.1785969912197,-1.5607716296339902
3,19,1,536.0519377311125,-5.049989947866692
3,20,0,539.2208199137795,-1.5513908407635029
3,20,1,539.2233749164703,-5.048206888519701
3,21,0,544.3008782215054,-1.5456820581614463
3,21,1,542.4200845444093,-5.045282055883774
3,22,0,549.4186291927035,-1.5404862264905432
3,22,1,545.6491021696345,-5.0427968955143
3,23,0,554.5744315494453,-1.5367367902476303
3,23,1,548.9202636801319,-5.041256686816553
3,24,0,559.7675678476464,-1.5325668605101157
3,24,1,552.2432622422356,-5.038007653967156
3,25,0,564.9983968093437,-1.528909881725724
3,25,1,555.6267842991548,-5.036139409292929
3,26,0,570.2646928236423,-1.5255498535377685
3,26,1,559.071045851246,-5.033426341899087
3,27,0,575.568465501067,-1.5249283872029764
3,27,1,562.5665697325738,-5.03029661682271
3,28,0,580.9072732303555,-1.52905509323233
3,28,1,566.1083299989099,-5.027610399721397
3,29,0,586.2824814566661,-1.533120027831444
3,29,1,569.6868494843184,-5.0257958556322535
3,30,0,591.6927980135648,-1.5365484686012678
3,30,1,573.3004773002913,-5.02334481769188
3,31,0,597.137289456597,-1.5396991375193636
3,31,1,576.9482067237045,-5.026000674174725
3,32,0,602.6172479522409,-1.543146757061038
3,32,1,580.6354956994716,-5.028452037519685
3,33,0,608.1313809346717,-1.2870619037642257
3,33,1,584.3614107831659,-5.031057629818292
3,34,0,613.6792529667481,-1.0490788881994888
3,34,1,588.1250185303564,-5.034176173069966
3,35,0,619.261226606244,-0.8162027670036878
3,35,1,591.9246680525454,-5.036299500438503
3,36,0,624.8765844091404,-0.5865666513848851
3,36,1,595.7620102382273,-5.038935778792563
3,37,0,630.5248249316957,-0.3560780415309921
3,37,1,599.635752920948,-5.041510285678726
3,38,0,636.2066656180084,-0.1266038263592577
3,38,1,603.5458961007041,-5.044023021129448
3,39,0,641.9198808571657,0.1020719945736914
3,39,1,607.4902141666007,-5.046257984787957
3,40,0,647.665978816003,0.3316003096873601
3,40,1,611.4712914515492,-5.049364621404351
3,41,0,653.4430926056685,0.5612636749556259
3,41,1,615.4884105115063,-5.051476042164751
3,42,0,659.2525143925964,0.7904873679794093
3,42,1,619.5413553461053,-5.054817857936882
3,43,0,665.0929520103524,1.0198461111577617
3,43,1,623.6303419556994,-5.057164457858221
3,44,0,670.9653389033574,1.2496986265173575
3,44,1,627.7538621734775,-5.06016673037027
3,45,0,676.8672952318038,1.4416348065033446
3,45,1,631.9147163327084,-5.062748509452575
3,46,0,682.8001246694055,1.6368650919268362
3,46,1,636.1106788225204,-5.064693794646047
3,47,0,688.763036493391,1.8318717055001912
3,47,1,640.3424670869572,-5.067869474888795
3,48,0,694.7562160180858,1.9174531561085644
3,48,1,644.6097224039986,-5.071342105695578
3,49,0,700.7797365222244,1.8989941099182204
3,49,1,648.9054092189334,-5.073530241575867
3,50,0,706.8316190812898,1.8903632802175423
3,50,1,653.2163165880855,-5.076296935602471
4,0,0,465.9496548976931,-1.6027930367155818
4,0,1,466.05394383604505,-5.102293546410152
4,1,0,469.6401762074999,-1.599717012197118
4,1,1,468.6502246239418,-5.10085466476761
4,2,0,473.361713348108,-1.5965059375345447
4,2,1,471.286998408634,-5.09885256801482
4,3,0,477.1156313653726,-1.329095167898629
4,3,1,473.96426519010055,-5.096287256097526
4,4,0,480.9175755420524,-1.0807235161782105
4,4,1,476.68238369038914,-5.0940921734904805
4,5,0,484.7847798786606,-0.840482764014638
4,5,1,479.4404204650656,-5.092626042225675
4,6,0,488.71509204298894,-0.6027722448410486
4,6,1,482.2376580700695,-5.090021973402457
4,7,0,492.70908675744494,-0.3662997922050408
4,7,1,485.07388050502703,-5.088505577953356
4,8,0,496.7641796891101,-0.1299159612970584
4,8,1,487.95023721474286,-5.085492522946368
4,9,0,500.88072956002486,0.1054458034676599
4,9,1,490.86464530996807,-5.083925863318228
4,10,0,505.0570854816849,0.3412936688605725
4,10,1,493.8173207910969,-5.081579988190782
4,11,0,509.2923140096625,0.577268912914576
4,11,1,496.808622380156,-5.079388341984526
4,12,0,513.5867738659947,0.8124380911819458
4,12,1,499.8376166327113,-5.077709646731421
4,13,0,517.93881416217,1.0483093704937403
4,13,1,502.9048782711431,-5.075251735989468
4,14,0,522.3475014537786,1.28452402879617
4,14,1,506.008540406624,-5.072732053806789
4,15,0,526.8132562342909,1.4837481246519817
4,15,1,509.1486030391403,-5.07015060018864
4,16,0,531.3232377893075,1.6849703237352005
4,16,1,512.3263583351529,-5.068082097523615
4,17,0,535.8701945637462,1.887546460760604
4,17,1,515.5405141281905,-5.06595182339592
4,18,0,540.4624235927515,1.9778932657475248
4,18,1,518.7907116962369,-5.062826333412261
4,19,0,545.1071069884424,1.965198625576648
4,19,1,522.0767350389114,-5.060931238445534
4,20,0,549.8044914372074,1.9631152531523528
4,20,1,525.3988001565946,-5.058040927622841
4,21,0,554.5435183275614,1.9641794287974503
4,21,1,528.7553988824347,-5.055806289401289
4,22,0,559.3182282709007,1.9671722647513832
4,22,1,532.1483981053238,-5.053509879739039
4,23,0,564.1365902663372,1.970871037480293
4,23,1,535.5746387699196,-5.051294420316509
4,24,0,569.0043477021211,1.974269023882244
4,24,1,539.0359877650933,-5.048442467037546
4,25,0,573.9218593003001,1.9764327794823653
4,25,1,542.531511646397,-5.045312741939284
4,26,0,578.8760568388168,1.972340195904053
4,26,1,546.0615691358818,-5.042838689464077
4,27,0,583.8460496539689,1.9689612206046831
4,27,1,549.6258015115206,-5.040086865191512
4,28,0,588.8138168582051,1.9657982457162573
4,28,1,553.2223418844216,-5.037774713163401
4,29,0,593.7689478411666,1.9620643841427068
4,29,1,556.8530571434663,-5.035184789310733
4,30,0,598.7129507696632,1.9594105244497089
4,30,1,560.5157216777704,-5.032101093303993
4,31,0,603.6443174768847,1.9561857780715
4,31,1,564.2116276537843,-5.0290983475046005
4,32,0,608.5639814072342,1.952748867121528
4,32,1,567.9398416270736,-5.026535273944461
4,33,0,613.4710095156554,1.6894863684995016
4,33,1,571.7003635976387,-5.024411872623602
4,34,0,618.3778987381746,1.4433113129222477
4,34,1,575.4929775651332,-5.024953754463979
4,35,0,623.3164517926195,1.203948140194484
4,35,1,579.3176835295329,-5.028160919443707
4,36,0,628.3042575657524,0.9674432364278972
4,36,1,583.1730466027209,-5.03029958985357
4,37,0,633.3414587792328,0.73063754633435
4,37,1,587.0597842287503,-5.033236654534591
4,38,0,638.4267632666,0.4941057923024345
4,38,1,590.9775376856084,-5.036038669061014
4,39,0,643.5601710278779,0.2578479743101809
4,39,1,594.9263069732812,-5.038705633438156
4,40,0,648.7398151741745,0.0211466483157209
4,40,1,598.9060920917927,-5.041237547687899
4,41,0,653.9419314297498,-0.2154890704855745
4,41,1,602.9146674302141,-5.043418411404446
4,42,0,659.1395964635628,-0.4516927885629798
4,42,1,606.9546173214904,-5.04639766938692
4,43,0,664.3341024420259,-0.6880392282613172
4,43,1,611.024290877121,-5.048667154831492
4,44,0,669.5258080872109,-0.9254618340773106
4,44,1,615.1231133747118,-5.051519034185304
4,45,0,674.7126420171522,-1.125118497705131
4,45,1,619.2516595366703,-5.053661140995956
4,46,0,679.8938752804924,-1.326927493492036
4,46,1,623.409354640589,-5.056385641715849
4,47,0,685.0713747661233,-1.5301713773960728
4,47,1,627.5952652420235,-5.060051258349773
4,48,0,690.2457458824673,-1.6221308809928985
4,48,1,631.8105407857959,-5.062073658052412
4,49,0,695.4148324616021,-1.6111337254241107
4,49,1,636.0540318270977,-5.065037173663825
4,50,0,700.5802547059601,-1.6101151794865132
4,50,1,640.3263130883195,-5.067649638769183
5,0,0,400.90303271339457,-5.142003600145102
5,0,1,407.0592960372719,1.850793257126071
5,1,0,405.6139829921347,-5.157085751630774
5,1,1,412.6632484132223,1.8564295597500688
5,2,0,410.3133808871818,-5.147682347555218
5,2,1,418.2672007891967,1.862065862352125
5,3,0,415.0028036089767,-4.861431519956142
5,3,1,423.8705784427502,1.8664099984965503
5,4,0,419.6897770480076,-4.6050470783759465
5,4,1,429.4743148183544,1.8698206901985368
5,5,0,424.394050094699,-4.3602265277180265
5,5,1,435.0776924719214,1.874164826348192
5,6,0,429.1238810273189,-4.120582314461416
5,6,1,440.68200356990894,1.878867684524522
5,7,0,433.8800605685863,-3.8825966611826175
5,7,1,446.2853812234864,1.8832118206470057
5,8,0,438.6625887185255,-3.646269567903545
5,8,1,451.8891175990802,1.886622512376164
5,9,0,443.4707480330724,-3.4097341457560333
5,9,1,457.4924952526473,1.89096664852579
5,10,0,448.3054719566581,-3.172631672740636
5,10,1,463.0958729062111,1.8953107846430728
5,11,0,453.1648936004175,-2.9356795928886754
5,11,1,468.70018400421225,1.900013642824632
5,12,0,458.0503051308219,-2.699452628616001
5,12,1,474.303920379806,1.9034243345537905
5,13,0,462.9604143814,-2.4633760575067924
5,13,1,479.9072980333699,1.9077684706710445
5,14,0,467.8828011312233,-2.2257951553242776
5,14,1,485.51067568693696,1.9121126068206704
5,15,0,472.8046131586632,-1.9895064196161345
5,15,1,491.114053340504,1.9164567429703248
5,16,0,477.726270957163,-1.7918437918298764
5,16,1,496.7187231605287,1.920226156699016
5,17,0,482.64778603399606,-1.5910221086959666
5,17,1,502.3221008140957,1.9245702928486708
5,18,0,487.56976036122114,-1.5475051905771409
5,18,1,507.9254784676628,1.928914428998325
5,19,0,492.49178878837466,-1.5682455449880877
5,19,1,513.5288561212299,1.933258565147952
5,20,0,497.41310360722207,-1.573190622774348
5,20,1,519.1325924968204,1.9366692568447093
5,21,0,502.3344917047802,-1.5727510343723736
5,21,1,524.7359701503874,1.941013392994364
5,22,0,507.2555210803012,-1.5713780015227314
5,22,1,530.3402812483886,1.945716251175924
5,23,0,512.1767664561925,-1.5677793577730483
5,23,1,535.9436589019421,1.9500603873203768
5,24,0,517.0980118320942,-1.564180714050508
5,24,1,541.5473952775462,1.953471079022364
5,25,0,522.0192572079854,-1.5605820703007964
5,25,1,547.1507729311132,1.9578152151719903
5,26,0,526.9405025838871,-1.556983426578256
5,26,1,552.7541505846804,1.962159351321645
5,27,0,531.8617479597784,-1.5533847828285443
5,27,1,558.358820404705,1.965928765050308
5,28,0,536.7829933356697,-1.5497861390788614
5,28,1,563.9621980582721,1.9702729011999625
5,29,0,541.7042387115714,-1.546187495356321
5,29,1,569.5655757118391,1.9746170373496448
5,30,0,546.6254840874626,-1.542588851606638
5,30,1,575.1690960870731,1.975802118151563
5,31,0,551.5467294633644,-1.5389902078840976
5,31,1,580.7738353500434,1.971027810371453
5,32,0,556.4679748392556,-1.5353915641344145
5,32,1,586.377282446553,1.9668282249799347
5,33,0,561.3882100555982,-1.810719397407752
5,33,1,591.9813042654836,1.963920806046048
5,34,0,566.3084529434666,-2.058190455195131
5,34,1,597.5847513619931,1.9597212206545287
5,35,0,571.2288423887492,-2.2948921805464977
5,35,1,603.1891319029609,1.9558803572729744
5,36,0,576.1501652784553,-2.531235183838845
5,36,1,608.7931537218674,1.9529729383610004
5,37,0,581.0712721678017,-2.7698037980583763
5,37,1,614.396600818377,1.9487733529694824
5,38,0,585.9916616130707,-3.0065055234149725
5,38,1,620.0009813593448,1.9449324895879272
5,39,0,590.9124097803799,-3.244140693186864
5,39,1,625.6050031782513,1.9420250706759816
5,40,0,595.8315070592153,-3.480267696144466
5,40,1,631.2084502747849,1.9378254852625216
5,41,0,600.7496708935926,-3.7167534211119744
5,41,1,636.8128308157286,1.9339846219029084
5,42,0,605.6646756726544,-3.953381867749499
5,42,1,642.4168526346351,1.9310772029909629
5,43,0,610.5765213964012,-4.1901530360570405
5,43,1,648.0202997311688,1.926877617577503
5,44,0,615.486141509256,-4.426708203975494
5,44,1,653.6246802721125,1.9230367542178897
5,45,0,620.3916691223479,-4.663764815601041
5,45,1,659.2287020910295,1.9201293352788007
5,46,0,625.283638577004,-4.859965872674053
5,46,1,664.8321491875527,1.915929749892456
5,47,0,630.1410011447686,-5.060895923312188
5,47,1,670.4365297284965,1.912088886532871
5,48,0,634.9516680771327,-5.104077700960175
5,48,1,676.0405515474134,1.9091814675937544
5,49,0,639.7141776356578,-5.083276142118024
5,49,1,681.6439986439366,1.9049818822074656
5,50,0,644.4330313063385,-5.077108907834656
5,50,1,687.2483791848803,1.901141018847852
6,0,0,410.5759998614074,1.854563311811376
6,0,1,447.8930518181702,-3.523958627820548
6,1,0,416.4234116617711,1.8594864054643097
6,1,1,452.73683704871337,-3.753675062656528
6,2,0,422.25876196325993,1.865130778943921
6,2,1,457.597709722318,-3.983252611553041
6,3,0,428.0805429983727,1.61059084271443
6,3,1,462.4743776725442,-4.212116552175843
6,4,0,433.8936414260509,1.37306890660588
6,4,1,467.3643992881091,-4.442276494981627
6,5,0,439.69791068888026,1.1417956381823444
6,5,1,472.2549338546376,-4.634743774318338
6,6,0,445.4955031190178,0.9111703708884136
6,6,1,477.1335496439341,-4.829648829154053
6,7,0,451.28512655002686,0.6817678270907379
6,7,1,482.000821378406,-5.025699493036399
6,8,0,457.0658475374733,0.4532292847574126
6,8,1,486.8564210220716,-5.11053521953005
6,9,0,462.84060913630526,0.2234718546907572
6,9,1,491.6997005737962,-5.090832841313244
6,10,0,468.606468291561,-0.0054215739167489
6,10,1,496.5311307912689,-5.0821119601532985
6,11,0,474.36471716972846,-0.234025723443267
6,11,1,501.3500675091127,-5.077121020971987
6,12,0,480.1157144928208,-0.4632740383145233
6,12,1,506.1576601721215,-5.073275690810164
6,13,0,485.85816809435306,-0.6925917961199275
6,13,1,510.9522578918078,-5.069067802858683
6,14,0,491.5930114188076,-0.9216202748715716
6,14,1,515.7364450011004,-5.065646801954301
6,15,0,497.3179570838111,-1.1137429771469272
6,15,1,520.5076371670737,-5.061863243227947
6,16,0,503.02782491626726,-1.3084461765912463
6,16,1,525.2661931117616,-5.058650571159603
6,17,0,508.7250565274412,-1.5037202626612896
6,17,1,530.0139797240323,-5.055291341685489
6,18,0,514.4078157145067,-1.588855577438295
6,18,1,534.7487713929805,-5.0515695544217465
6,19,0,520.0760291987602,-1.569236787170098
6,19,1,539.4718602850671,-5.048059931756995
6,20,0,525.7301677378463,-1.5603834935477892
6,20,1,544.1832464002888,-5.04476247372358
6,21,0,531.3705206108426,-1.5546854195154935
6,21,1,548.8825710166357,-5.04074373586343
6,22,0,536.9973038181226,-1.5499169541407412
6,22,1,553.5701928561072,-5.036937162607472
6,23,0,542.6092251932257,-1.5455033750349116
6,23,1,558.245178474307,-5.033701476004325
6,24,0,548.2072181805826,-1.5410859601985862
6,24,1,562.9084613156555,-5.030677954027311
6,25,0,553.7916415022096,-1.5375981540250336
6,25,1,567.559682658102,-5.0269331522339655
6,26,0,559.3617777140564,-1.5331730676408597
6,26,1,572.1992012236868,-5.023400515039612
6,27,0,564.9170520937367,-1.5291028675528366
6,27,1,576.8260102892859,-5.025823430718702
6,28,0,570.4583980856605,-1.5250288317070613
6,28,1,581.444634355379,-5.029249233742007
6,29,0,575.9863171335348,-1.5250434598665947
6,29,1,586.0619662550082,-5.032100314409149
6,30,0,581.4998757929256,-1.529505474063285
6,30,1,590.6729800439963,-5.035236838389096
6,31,0,586.9982138980886,-1.5333889300865169
6,31,1,595.2754501114379,-5.03844280529799
6,32,0,592.4835570599428,-1.53690982831489
6,32,1,599.8769867344695,-5.0420074942607584
6,33,0,597.9536792682227,-1.2805974673829894
6,33,1,604.4781646354504,-5.044638738781117
6,34,0,603.4230069179944,-1.0417312715496507
6,34,1,609.0730244258007,-5.047555426641424
6,35,0,608.9191846201176,-0.8086161354895296
6,35,1,613.6593404946045,-5.050541557430705
6,36,0,614.4572902071566,-0.5786715619959182
6,36,1,618.2447231189848,-5.053886410279063
6,37,0,620.0349553465463,-0.3485224953968497
6,37,1,622.8297470213414,-5.056297818674551
6,38,0,625.6534722047445,-0.1187436581132317
6,38,1,627.4088115350805,-5.059928114835714
6,39,0,631.3119073373337,0.1103062278605477
6,39,1,631.9799070496671,-5.062335687478708
6,40,0,637.0099020222736,0.3395606069397843
6,40,1,636.5491356754127,-5.065460704175052
6,41,0,642.7465228151544,0.5686607570706883
6,41,1,641.1174308567208,-5.068944442935703
6,42,0,648.5214109939149,0.798540122722784
6,42,1,645.6809160942191,-5.07106273649768
6,43,0,654.3343505582086,1.0269730929741172
6,43,1,650.235282887774,-5.074542639468206
6,44,0,660.1851987863657,1.257118723139996
6,44,1,654.7915165701836,-5.077305098380151
6,45,0,666.0741601714896,1.4494174609156687
6,45,1,659.3585195850343,-5.0802141147198085
6,46,0,671.9988046095715,1.6436448589896884
6,46,1,663.9426100429569,-5.082984245147173
6,47,0,677.9604242671098,1.8392261949568365
6,47,1,668.5463722768802,-5.08676493449903
6,48,0,683.9580550136016,1.9243756447922635
6,48,1,673.1677966762484,-5.089114571437079
6,49,0,689.9910526836861,1.906344763611912
6,49,1,677.8057337963019,-5.09261748896958
6,50,0,696.0600226858235,1.8978528198235267
6,50,1,682.4594661929696,-5.0954067981688524
7,0,0,435.3742918968998,-5.125291208321471
7,0,1,417.2108658102773,-3.6239925052086335
7,1,0,437.0234423178596,-5.123591495301412
7,1,1,418.9769787919606,-3.856953737784551
7,2,0,438.7008082363592,-5.122832898217354
7,2,1,420.7336146077114,-4.090343135365288
7,3,0,440.41451248108297,-4.826357331639969
7,3,1,422.4826401463364,-4.323443253848268
7,4,0,442.1695660525783,-4.548272881892444
7,4,1,424.22089635252007,-4.556396814903508
7,5,0,443.9686265624458,-4.284344327482188
7,5,1,425.9522712329494,-4.749142822508702
7,6,0,445.8111925670098,-4.030479168727766
7,6,1,427.673952947028,-4.94454260597476
7,7,0,447.69618790018,-3.783877072340431
7,7,1,429.3906087169365,-5.140802555169444
7,8,0,449.6247620067397,-3.541953705333981
7,8,1,431.11074350728336,-5.217882403623378
7,9,0,451.59562272024885,-3.304134345374109
7,9,1,432.8359349278587,-5.182674984328685
7,10,0,453.6089860410436,-3.068193381511662
7,10,1,434.5657897348301,-5.15960234266862
7,11,0,455.66355980271095,-2.833556091401931
7,11,1,436.3140935942901,-5.145509259020827
7,12,0,457.7593440052031,-2.6002224750010328
7,12,1,438.1005915609295,-5.136021626067191
7,13,0,459.8969133709512,-2.366900365878536
7,13,1,439.9344020786885,-5.1297778344315645
7,14,0,462.0744010111008,-2.134307208092963
7,14,1,441.8255770359475,-5.125057552641096
7,15,0,464.2918069256143,-1.902443001627688
7,15,1,443.77820893243927,-5.121359337031578
7,16,0,466.55062777410086,-1.7114420212522816
7,16,1,445.7945233790618,-5.118899187927212
7,17,0,468.8479320088237,-1.5174362144608722
7,17,1,447.871936042904,-5.116527660577987
7,18,0,471.187766100521,-1.4870647905987937
7,18,1,450.01173909040574,-5.114819477318264
7,19,0,473.5649149548921,-1.5259148119926067
7,19,1,452.2113481886528,-5.11262519343029
7,20,0,475.9794015864768,-1.5504159521676684
7,20,1,454.47112205968864,-5.110878253297045
7,21,0,478.4317274389824,-1.564660710886983
7,21,1,456.789768537042,-5.109003934502709
7,22,0,480.9218192336844,-1.5740337543440717
7,22,1,459.16635417627566,-5.107360959111617
7,23,0,483.44967697059656,-1.578535082533648
7,23,1,461.6008789774032,-5.105949327118509
7,24,0,486.0163768157925,-1.5809650287819466
7,24,1,464.092984218398,-5.1038355941029465
7,25,0,488.6187597139633,-1.5814663146942394
7,25,1,466.6408030103573,-5.101737204079569
7,26,0,491.25847655361406,-1.5815471071663296
7,26,1,469.2443353533429,-5.099654157087059
7,27,0,493.9351686126837,-1.5802739617285797
7,27,1,471.9026478028695,-5.097945175145867
7,28,0,496.6482611687784,-1.5789390448281893
7,28,1,474.61538163696144,-5.095676813846893
7,29,0,499.3973954998818,-1.5766089120718334
7,29,1,477.3828955775976,-5.093782517566865
7,30,0,502.1823556056374,-1.5755091743543232
7,30,1,480.2029640139038,-5.092046286003352
7,31,0,505.0033574863809,-1.5734142207265052
7,31,1,483.07522822385977,-5.089534674671114
7,32,0,507.8585342532649,-1.5710414953065597
7,32,1,486.0000469294995,-5.087181128050162
7,33,0,510.7484533565281,-1.854210308141944
7,33,1,488.9764866863815,-5.085344368112885
7,34,0,513.6728404607873,-2.115562684302688
7,34,1,492.003255328042,-5.083449672503093
7,35,0,516.631765008958,-2.3636423453404234
7,35,1,495.0812862989151,-5.081138319188852
7,36,0,519.6251537223535,-2.603833957465355
7,36,1,498.19887682212845,-5.078622472741927
7,37,0,522.6535080446567,-2.8402300204184883
7,37,1,501.3389394546448,-5.076041019123807
7,38,0,525.7149610870134,-3.073547978258404
7,38,1,504.49515608579895,-5.07367940162527
7,39,0,528.8102302934735,-3.305654719858495
7,39,1,507.66846016002495,-5.071178898214498
7,40,0,531.938956942024,-3.535616800793065
7,40,1,510.8579182328888,-5.06889823092331
7,41,0,535.1003503098873,-3.766951998414527
7,41,1,514.0635303043905,-5.066837399751762
7,42,0,538.295201119817,-3.996142535348525
7,42,1,517.2862298189609,-5.064637682700322
7,43,0,541.5217852046493,-4.227064911023234
7,43,1,520.524724610156,-5.061724357342825
7,44,0,544.7808932871139,-4.456201348042384
7,44,1,523.7793733999785,-5.059030868077741
7,45,0,548.0726680888945,-4.686710901716111
7,45,1,527.0505349104864,-5.057490659407165
7,46,0,551.395828950797,-4.876233686450831
7,46,1,530.3263636431269,-5.054156840560324
7,47,0,554.7510818096049,-5.0684217543248735
7,47,1,533.5940073762719,-5.051825909084869
7,48,0,558.1383994157011,-5.101519118572099
7,48,1,536.8540408323119,-5.049205698566055
7,49,0,561.5559613085959,-5.068357271250136
7,49,1,540.1058892888425,-5.047588375423885
7,50,0,565.0036017521513,-5.049347483584
7,50,1,543.3488353018138,-5.045107050784935
8,0,0,487.5982829608026,1.913045410316954
8,0,1,531.7615623036709,-5.05325975692611
8,1,0,492.2998331880307,1.9168481478151875
8,1,1,534.0033152872143,-5.0520104247318045
8,2,0,496.9874550275126,1.9206547210439733
8,2,1,536.3048743214822,-5.0502749918549625
8,3,0,501.6648093776175,1.6612606509235377
8,3,1,538.6576956849761,-5.048122901268471
8,4,0,506.3431742866039,1.4215383568341338
8,4,1,541.0526609337425,-5.046915762353677
8,5,0,511.049110527774,1.1881265018327838
8,5,1,543.4858935684092,-5.044929407972006
8,6,0,515.7742171012543,0.95779658770752
8,6,1,545.9555267001011,-5.0428812821276665
8,7,0,520.489846508751,0.7270385085890609
8,7,1,548.458401273513,-5.040914106517874
8,8,0,525.1965734726882,0.4971444309673245
8,8,1,550.9935838442142,-5.039386603142077
8,9,0,529.893823270669,0.2668221883627382
8,9,1,553.5597822457166,-5.03772404962217
8,10,0,534.5803037362191,0.036646503158721
8,10,1,556.1566377560209,-5.034993001527255
8,11,0,539.2578817581959,-0.1926651805537744
8,11,1,558.7839343747326,-5.033419069735345
8,12,0,543.9259826142029,-0.4224050292542927
8,12,1,561.4390877689574,-5.031852809458911
8,13,0,548.5868319151451,-0.6527890433267203
8,13,1,564.1239648275362,-5.0295767766445465
8,14,0,553.2387787725278,-0.8823090559023967
8,14,1,566.8366986616043,-5.02730841532366
8,15,0,557.8852791922355,-1.0753552927203884
8,15,1,569.5772892711852,-5.02504772551822
8,16,0,562.5230198900476,-1.270696583421767
8,16,1,572.3448032118183,-5.023153429270565
8,17,0,567.1522168663269,-1.4661073170468342
8,17,1,575.1393832052003,-5.024784581885569
8,18,0,571.7751264180068,-1.550376392002306
8,18,1,577.9618199740713,-5.026423405994052
8,19,0,576.3888016543849,-1.535349306814652
8,19,1,580.8093131851397,-5.029146067718926
8,20,0,580.9945040558525,-1.53302788586538
8,20,1,583.6843044496841,-5.030942956511609
8,21,0,585.5927389018884,-1.5335762411556288
8,21,1,586.5852856008598,-5.033464960888693
8,22,0,590.1818553040049,-1.5354862058763956
8,22,1,589.5124726390403,-5.03448646991788
8,23,0,594.7640788730594,-1.53897378036757
8,23,1,592.4669417303235,-5.036807816947203
8,24,0,599.3383334429749,-1.541238631335318
8,24,1,595.4470419862143,-5.038920835108144
8,25,0,603.9044030133915,-1.5445063697068804
8,25,1,598.4527734067099,-5.040825524433075
8,26,0,608.4615701402455,-1.5469101066140922
8,26,1,601.4863616027083,-5.042737885246282
8,27,0,613.0114857120138,-1.5499580088388711
8,27,1,604.5446475188803,-5.044800639222956
8,28,0,617.5537910066909,-1.5527166320150343
8,28,1,607.6307902105382,-5.046871064725536
8,29,0,622.0875525798318,-1.555544698147315
8,29,1,610.7425640668281,-5.048733161381591
8,30,0,626.6131291534531,-1.559375651629125
8,30,1,613.8812612541593,-5.050961651568315
8,31,0,631.1307367279563,-1.561983881641794
8,31,1,617.045589606112,-5.052981812881399
8,32,0,635.6410927473739,-1.5652362769720298
8,32,1,620.2368412891302,-5.055368367747036
8,33,0,640.1424032022155,-1.3052109145034194
8,33,1,623.4546575811871,-5.0571878717447305
8,34,0,644.6442112649961,-1.063206439527164
8,34,1,626.6981050378519,-5.058799046874015
8,35,0,649.1748789906528,-0.8293946355808544
8,35,1,629.9684758255717,-5.0607766155287095
8,36,0,653.7556596007208,-0.5977505068296693
8,36,1,633.2648364999363,-5.0634792997626334
8,37,0,658.385260928753,-0.3676993308797875
8,37,1,636.5877617833293,-5.065614933101472
8,38,0,663.0642576971296,-0.1379489412892667
8,38,1,639.9376103978013,-5.068116959987663
8,39,0,667.7904242949588,0.0917166623309526
8,39,1,643.3130901768782,-5.070410658037815
8,40,0,672.5646941666884,0.3216562020180049
8,40,1,646.7151345649968,-5.072137305187624
8,41,0,677.3861338678811,0.5515109557075846
8,41,1,650.1441022841705,-5.074230345862844
8,42,0,682.2534512320688,0.7818556458478838
8,42,1,653.5987011679624,-5.076115057696825
8,43,0,687.1673637033123,1.010823383538309
8,43,1,657.0792899383889,-5.078724885082863
8,44,0,692.125861671114,1.2408557800460756
8,44,1,660.5877354843013,-5.081342383994809
8,45,0,697.1287909065101,1.4333267274711543
8,45,1,664.1218121948352,-5.083751554033114
8,46,0,702.1778138052683,1.6285132222145933
8,46,1,667.6815200699738,-5.085952395235381
8,47,0,707.2695553117167,1.8240469317115924
8,47,1,671.2681512761673,-5.088519629963059
8,48,0,712.4049181842202,1.908859476001112
8,48,1,674.8759624251925,-5.090446535103695
8,49,0,717.5836169794798,1.8892689657294848
8,49,1,678.493609462225,-5.092878719704004
8,50,0,722.8029553289142,1.8810110030531744
8,50,1,682.1144155545726,-5.095168182634268
9,0,0,401.89001583135314,-0.1668251787249346
9,0,1,416.1171005227198,-1.6392548661947617
9,1,0,404.6106373149906,0.0602337183903785
9,1,1,417.78463055322266,-1.637990989678201
9,2,0,407.43723179146303,0.2958789296780537
9,2,1,419.41576008669006,-1.636788884597138
9,3,0,410.3674270924437,0.5295571231455369
9,3,1,421.0168072337631,-1.6353631076387387
9,4,0,413.4005057738761,0.7631351876014207
9,4,1,422.6235977690834,-1.634944053814678
9,5,0,416.5342422248925,0.996829123412823
9,5,1,424.2740403565039,-1.633819063183239
9,6,0,419.7645439457092,1.2301374869269068
9,6,1,425.9928327162225,-1.632138528929886
9,7,0,423.09147270777714,1.426659781067542
9,7,1,427.7920363471002,-1.6306237308865263
9,8,0,426.5120236847002,1.624879392140997
9,8,1,429.65140475076674,-1.6295562765978673
9,9,0,430.0252634320683,1.8244375980933685
9,9,1,431.5310196528309,-1.628207214754099
9,10,0,433.6277862081269,1.911538964361739
9,10,1,433.4061833330949,-1.6264261521697847
9,11,0,437.3202400139867,1.892860323646289
9,11,1,435.2633261258802,-1.6251426975192371
9,12,0,441.09827759260327,1.885645444890628
9,12,1,437.1043149200036,-1.6236394067271078
9,13,0,444.96182566530047,1.8845096618573791
9,13,1,438.9573652130258,-1.622857395783683
9,14,0,448.90880134281895,1.8865099196370352
9,14,1,440.8572266134772,-1.6212267263576337
9,15,0,452.9384139024051,1.8881284408552403
9,15,1,442.8235708973448,-1.6197579573786811
9,16,0,457.0490124555714,1.890873392320998
9,16,1,444.84117751043857,-1.6178725306900787
9,17,0,461.2377966690054,1.8936686079658216
9,17,1,446.8749381221565,-1.6162069401263466
9,18,0,465.5056999871545,1.8968728098268173
9,18,1,448.9270783434072,-1.6149771860388853
9,19,0,469.8495633547034,1.9003432762339685
9,19,1,451.0304808938839,-1.6133307742417742
9,20,0,474.2684533272015,1.903721285117825
9,20,1,453.1738017187485,-1.6124133137868455
9,21,0,478.7623699046684,1.9070068365483337
9,21,1,455.32530754309846,-1.6104929659333609
9,22,0,483.32815403174817,1.910057208839817
9,22,1,457.4660440350447,-1.6084260606688474
9,23,0,487.96544698645175,1.913805846396059
9,23,1,459.5954364721528,-1.6075047644561948
9,24,0,492.6733153243345,1.917894027212356
9,24,1,461.7374651305463,-1.6060125815855315
9,25,0,497.450250878552,1.920670862771999
9,25,1,463.92537145193165,-1.604030462296549
9,26,0,502.2749309846431,1.924655078818972
9,26,1,466.1775350458656,-1.6019942430874892
9,27,0,507.1179907002532,1.928203458384388
9,27,1,468.505083966792,-1.6009839257847034
9,28,0,511.95695791610353,1.9312503942750825
9,28,1,470.9158444921558,-1.599063178574255
9,29,0,516.7825714666287,1.93559333235396
9,29,1,473.4133343993608,-1.5970227242453916
9,30,0,521.5873637963352,1.9383624964200976
9,30,1,475.97285596819546,-1.5947121696178217
9,31,0,526.3670996838549,1.942215498075456
9,31,1,478.5539162018749,-1.592694729828963
9,32,0,531.1256556285427,1.9454281701437992
9,32,1,481.13181738025264,-1.590820011704892
9,33,0,535.8643241962271,1.6881710891954071
9,33,1,483.6916976711245,-1.5894429015249898
9,34,0,540.5866998793614,1.448221287438514
9,34,1,486.21704091740406,-1.860593207465314
9,35,0,545.2952204534529,1.2136599876599805
9,35,1,488.69715833756766,-2.111628229426799
9,36,0,549.9887364736974,0.9819028569278032
9,36,1,491.1322620961933,-2.354250744216756
9,37,0,554.6676066621455,0.752016450799573
9,37,1,493.52472052586336,-2.5918358075939807
9,38,0,559.332548462837,0.5221338804290099
9,38,1,495.8774766815023,-2.8264663087341546
9,39,0,563.980761542473,0.2911789797528854
9,39,1,498.2010838951945,-3.060514415959858
9,40,0,568.613395345889,0.0617360816216034
9,40,1,500.5040858884488,-3.293910686325461
9,41,0,573.2315260391547,-0.1689951471991264
9,41,1,502.7959598272728,-3.52622695485951
9,42,0,577.8328547326747,-0.406183372568023
9,42,1,505.07835660010267,-3.7589713883596687
9,43,0,582.4211884828724,-0.643009040147291
9,43,1,507.34869187405775,-3.990994542033093
9,44,0,586.996527289734,-0.8794721499421598
9,44,1,509.607324371148,-4.223229860337881
9,45,0,591.5584506598193,-1.0782387604726296
9,45,1,511.8583465911364,-4.455175899566882
9,46,0,596.1075218082489,-1.2798018685612078
9,46,1,514.1019127629629,-4.648206551798154
9,47,0,600.645248901854,-1.4825105856963887
9,47,1,516.332626713113,-4.84403370153322
9,48,0,605.1741042379415,-1.5729281993524182
9,48,1,518.5510631640147,-5.041365182373994
9,49,0,609.6947319818373,-1.558306264596041
9,49,1,520.7597676916652,-5.121379615552087
9,50,0,614.2070281688339,-1.5554565496742612
9,50,1,522.9562254061123,-5.091471277821
10,0,0,402.3640639206744,1.847275962967842
10,0,1,442.97725527604416,-5.11955925340024
10,1,0,408.0532375116349,1.851381084198806
10,1,1,445.9492438111366,-5.117290492749589
10,2,0,413.7533968347261,1.5983105579049095
10,2,1,448.97787934165166,-5.11467835308116
10,3,0,419.4825662138895,1.3617450807516889
10,3,1,452.06258714520607,-5.113015000869353
10,4,0,425.22480381505153,1.130201712046187
10,4,1,455.2017163332779,-5.110792269255967
10,5,0,430.9505286955627,0.8998116238860518
10,5,1,458.3952669059016,-5.108010158290057
10,6,0,436.65880741097527,0.6702160942340925
10,6,1,461.6413719741881,-5.105386111981147
10,7,0,442.3505734057025,0.4417738451766126
10,7,1,464.9454162043654,-5.102993409102595
10,8,0,448.02654412382896,0.2126179877910772
10,8,1,468.3073995964397,-5.100832049589684
10,9,0,453.6867195653548,-0.017251477922457
10,9,1,471.73234809456426,-5.098041867751419
10,10,0,459.3326078970901,-0.2461836633982557
10,10,1,475.2206204208169,-5.095556308019809
10,11,0,464.9627009522216,-0.4758294572344539
10,11,1,478.7722165751464,-5.093375370383313
10,12,0,470.5785068975729,-0.7045379708600592
10,12,1,482.38677783555335,-5.0905656104110335
10,13,0,476.1816766216284,-0.9338173711165608
10,13,1,486.0643042020377,-5.087127028102941
10,14,0,481.7708561864972,-1.1266924385934374
10,14,1,489.8032875077547,-5.084710511975771
10,15,0,487.34775825210727,-1.3210718371488213
10,15,1,493.6020768642234,-5.081807895155606
10,16,0,492.9110906519979,-1.516380844394206
10,16,1,497.4619644378982,-5.078993900095838
10,17,0,498.46088407221725,-1.6011923582822476
10,17,1,501.3807246178905,-5.076052526375008
10,18,0,503.997423956072,-1.5818244895188798
10,18,1,505.3574239597766,-5.073342496052163
10,19,0,509.5208223392141,-1.572863395423866
10,19,1,509.39263718595055,-5.06957164268016
10,20,0,515.0313685006931,-1.5666987988274172
10,20,1,513.4839226851533,-5.066749576737607
10,21,0,520.5296371629,-1.5620385333146487
10,21,1,517.6318551797652,-5.063584131782505
10,22,0,526.0162030482693,-1.5575904324228702
10,22,1,521.8345677809557,-5.060792751895406
10,23,0,531.4923583232344,-1.5539292185509908
10,23,1,526.0917017666876,-5.05744199262864
10,24,0,536.9573855437347,-1.5491880027985303
10,24,1,530.403615858974,-5.054465298407962
10,25,0,542.4120021538414,-1.545233674093197
10,25,1,534.7690178913678,-5.051287946839466
10,26,0,547.8562081535576,-1.5420662324025614
10,26,1,539.1856822529742,-5.047693937566578
10,27,0,553.2911529876772,-1.5371013447675352
10,27,1,543.6552598322804,-5.045191437398302
10,28,0,558.7169793778503,-1.5334980665734292
10,28,1,548.1757410187861,-5.041338835099907
10,29,0,564.1329698800402,-1.529389508941648
10,29,1,552.7469098120864,-5.038361741522266
10,30,0,569.5417088271549,-1.525925116654605
10,30,1,557.3680487681522,-5.0343932678463545
10,31,0,574.9416880523531,-1.524755778196578
10,31,1,562.0385831645655,-5.03072558049746
10,32,0,580.3339837217491,-1.5286818268781983
10,32,1,566.7585130013231,-5.027358679507927
10,33,0,585.7160843817647,-1.27191445069289
10,33,1,571.5278382784522,-5.024292564867295
10,34,0,591.099616094143,-1.0328092399409172
10,34,1,576.3448348287172,-5.025403735937999
10,35,0,596.5148078026859,-0.8008205341283485
10,35,1,581.2119442634039,-5.028682582230999
10,36,0,601.9797536736378,-0.5700660591123494
10,36,1,586.1275156940039,-5.032620936882921
10,37,0,607.4922280960584,-0.3403298144600342
10,37,1,591.0921238429249,-5.035926633441278
10,38,0,613.0540979588338,-0.1108943561941657
10,38,1,596.1070608766242,-5.039174394327119
10,39,0,618.6631376510651,0.1184563161337166
10,39,1,601.1701011842345,-5.042148219173299
10,40,0,624.3180550063124,0.3482969248580048
10,40,1,606.281603487758,-5.045781552378344
10,41,0,630.0205009130389,0.5771193031914947
10,41,1,611.4434346760601,-5.049356949910873
10,42,0,635.7675323163102,0.807006340337125
10,42,1,616.6543025826725,-5.052299689322695
10,43,0,641.5608001046137,1.0364498694857502
10,43,1,621.9136324852193,-5.055901937147752
10,44,0,647.3980786670545,1.265665890994086
10,44,1,627.2210656616663,-5.059230248905919
10,45,0,653.2797884970896,1.4573204634197907
10,45,1,632.5769608340132,-5.063218069028238
10,46,0,659.2040742131584,1.6524813059195085
10,46,1,637.9787336693656,-5.066715952727037
10,47,0,665.1710785369038,1.847989363167585
10,47,1,643.4276763341948,-5.070298622418051
10,48,0,671.1807707822734,1.9324175332086493
10,48,1,648.9130194960488,-5.073819520646424
10,49,0,677.2330815063217,1.9143095375515315
10,49,1,654.4176757118531,-5.077417533356822
10,50,0,683.3245236177515,1.90588320096154
10,50,1,659.9306325698033,-5.08057630365777
11,0,0,50.0,0.0
11,1,0,58.0,0.0
11,2,0,66.0,0.0
11,3,0,74.0,0.0
11,4,0,82.0,0.0
11,5,0,90.0,0.0
11,6,0,98.0,0.0
11,7,0,106.0,0.0
11,8,0,114.0,0.0
11,9,0,122.0,0.0
11,10,0,130.0,0.0
11,11,0,138.0,0.0
11,12,0,146.0,0.0
11,13,0,154.0,0.0
11,14,0,162.0,0.0
11,15,0,170.0,0.0
11,16,0,178.0,0.0
11,17,0,186.0,0.0
11,18,0,194.0,0.0
11,19,0,202.0,0.0
11,20,0,210.0,0.0
11,21,0,218.0,0.0
11,22,0,226.0,0.0
11,23,0,234.0,0.0
11,24,0,242.0,0.0
11,25,0,250.0,0.0
11,26,0,258.0,0.0
11,27,0,266.0,0.0
11,28,0,274.0,0.0
11,29,0,282.0,0.0
11,30,0,290.0,0.0
11,31,0,298.0,0.0
11,32,0,306.0,0.0
11,33,0,314.0,0.0
11,34,0,322.0,0.0
11,35,0,330.0,0.0
11,36,0,338.0,0.0
11,37,0,346.0,0.0
11,38,0,354.0,0.0
11,39,0,362.0,0.0
11,40,0,370.0,0.0
11,41,0,378.0,0.0
11,42,0,386.0,0.0
11,43,0,394.0,0.0
11,44,0,402.0,0.0
11,45,0,410.0,0.0
11,46,0,418.0,0.0
11,47,0,426.0,0.0
11,48,0,434.0,0.0
11,49,0,442.0,0.0
12,0,0,50.027885359691574,-0.09499784895546662
12,1,0,57.955005863673826,-0.05535785237023545
12,2,0,66.0472942428328,0.03533989748458227
12,3,0,74.07843591354097,-0.08261223347411678
12,4,0,81.98438436393705,-0.09404055611238593
12,5,0,89.94372759496072,0.001071057620672472
12,6,0,97.90530719393678,-0.06023246986267031
12,7,0,106.0299768875559,0.008988296120643335
12,8,0,113.94408812440814,0.017853136775181744
12,9,0,122.06188609133557,-0.0987002480643878
12,10,0,130.06116385036657,0.03962787899764536
12,11,0,137.9680501033036,-0.06890410003764369
12,12,0,146.09144261444135,-0.03268109097747465
12,13,0,153.91854916867604,-0.0806567246333072
12,14,0,162.06949887326948,0.02074520627337821
12,15,0,170.06142565465487,0.045946357338763566
12,16,0,178.00724561829094,0.09462315279587413
12,17,0,185.97570687544166,0.010408126254645406
12,18,0,194.0658809328506,0.023703950472849206
12,19,0,202.07234138006214,0.015470429051352402
12,20,0,210.04091436724298,-0.09083512326886756
12,21,0,217.9455796551303,-0.04212240727957857
12,22,0,225.91595839538473,-0.053441822727793964
12,23,0,233.92020028588195,-0.04440527937798158
12,24,0,242.02713688885288,-0.027033564205983157
12,25,0,249.9740361934234,-0.05809859384570246
12,26,0,257.95339556440985,0.0873309175424988
12,27,0,266.0296070770493,0.021826201133397644
12,28,0,273.93422772963964,0.045825359590069836
12,29,0,281.9326804987524,-0.02410891164847044
12,30,0,290.0979046701273,0.02799995197081856
12,31,0,298.0113899487549,0.03692285019797492
12,32,0,306.06857038403797,0.05519998230924897
12,33,0,313.94580961439283,-0.09357995121919245
12,34,0,321.9630906096118,-0.04645182480485946
12,35,0,329.9421965687173,0.0885819428670109
12,36,0,338.0752735252945,-0.03706442384030442
12,37,0,346.031087733059,-0.020873619787867143
12,38,0,354.0829095179481,-0.008229629482520234
12,39,0,361.9529760332996,-0.05067449846120331
12,40,0,370.0122736268326,-0.04745167829541295
12,41,0,378.0169171980447,0.07956457672049541
12,42,0,385.9798801010281,-0.056135848168543334
12,43,0,394.099507521299,0.001905258735292903
12,44,0,401.91818188243474,-0.09057672491505309
12,45,0,409.92192982607014,0.02548920834061802
12,46,0,418.0584158728726,-0.015568006640063192
12,47,0,425.91270554123037,-0.023676142698692643
12,48,0,434.099224276048,0.005822869019827398
12,49,0,442.0942156755227,0.07215594044689963
13,0,0,55.82518005371094,-26.35788917541504
13,0,1,14.408479690551758,-39.15964889526367
13,1,0,55.549320220947266,-26.397750854492188
13,1,1,14.719690322875977,-39.0778694152832
13,2,0,55.272850036621094,-26.437820434570312
13,2,1,15.033610343933105,-38.99549102783203
13,3,0,54.99652862548828,-26.477930068969727
13,3,1,15.35066032409668,-38.91294860839844
13,4,0,54.720298767089844,-26.518159866333008
13,4,1,15.670419692993164,-38.8303108215332
13,5,0,54.443389892578125,-26.55876922607422
13,5,1,15.991570472717285,-38.747161865234375
13,6,0,54.165828704833984,-26.599809646606445
13,6,1,16.314680099487305,-38.6638298034668
13,7,0,53.887229919433594,-26.64143943786621
13,7,1,16.638320922851562,-38.579139709472656
13,8,0,53.607460021972656,-26.68375015258789
13,8,1,16.961509704589844,-38.493629455566406
13,9,0,53.32691955566406,-26.726680755615234
13,9,1,17.284090042114258,-38.407569885253906
13,10,0,53.046669006347656,-26.769990921020508
13,10,1,17.606050491333008,-38.32168960571289
13,11,0,52.766448974609375,-26.813840866088867
13,11,1,17.92806053161621,-38.236019134521484
13,12,0,52.486061096191406,-26.858089447021484
13,12,1,18.25065040588379,-38.15013122558594
13,13,0,52.206050872802734,-26.90283966064453
13,13,1,18.572980880737305,-38.06489181518555
13,14,0,51.92646026611328,-26.948020935058594
13,14,1,18.895349502563477,-37.979000091552734
13,15,0,51.64752960205078,-26.99350929260254
13,15,1,19.217069625854492,-37.89384078979492
13,16,0,51.36915969848633,-27.039400100708008
13,16,1,19.538490295410156,-37.80852127075195
13,17,0,51.09196853637695,-27.085399627685547
13,17,1,19.859439849853516,-37.72328186035156
13,18,0,50.81547164916992,-27.131860733032227
13,18,1,20.17974090576172,-37.63850021362305
13,19,0,50.53969955444336,-27.17881965637207
13,19,1,20.499130249023438,-37.55438995361328
13,20,0,50.2652702331543,-27.226070404052734
13,20,1,20.817129135131836,-37.47037887573242
13,21,0,49.992149353027344,-27.27359962463379
13,21,1,21.13397979736328,-37.3856086730957
13,22,0,49.71968078613281,-27.321699142456055
13,22,1,21.450439453125,-37.300941467285156
13,23,0,49.44763946533203,-27.37055015563965
13,23,1,21.766700744628906,-37.215579986572266
13,24,0,49.17610168457031,-27.420019149780273
13,24,1,22.081539154052734,-37.130001068115234
13,25,0,48.9051399230957,-27.470069885253906
13,25,1,22.395320892333984,-37.0442008972168
13,26,0,48.63483810424805,-27.5206298828125
13,26,1,22.709510803222656,-36.95882034301758
13,27,0,48.364261627197266,-27.572010040283203
13,27,1,23.022489547729492,-36.873470306396484
13,28,0,48.09428024291992,-27.624019622802734
13,28,1,23.334569931030273,-36.78820037841797
13,29,0,47.82490158081055,-27.676620483398438
13,29,1,23.645980834960938,-36.70301818847656
13,30,0,47.555938720703125,-27.72956085205078
13,30,1,23.956079483032227,-36.61820983886719
13,31,0,47.28731155395508,-27.783180236816406
13,31,1,24.26512908935547,-36.5341682434082
13,32,0,47.01908874511719,-27.837169647216797
13,32,1,24.5731201171875,-36.450618743896484
13,33,0,46.75075149536133,-27.891469955444336
13,33,1,24.87936019897461,-36.36819076538086
13,34,0,46.48231887817383,-27.94618034362793
13,34,1,25.184579849243164,-36.28662109375
13,35,0,46.21384811401367,-28.001440048217773
13,35,1,25.48866081237793,-36.20610809326172
13,36,0,45.94520950317383,-28.057079315185547
13,36,1,25.79207992553711,-36.12565994262695
13,37,0,45.67649841308594,-28.113019943237305
13,37,1,26.094650268554688,-36.04549026489258
13,38,0,45.40789031982422,-28.1694393157959
13,38,1,26.395889282226562,-35.964988708496094
13,39,0,45.13895034790039,-28.226520538330078
13,39,1,26.695510864257812,-35.88439178466797
13,40,0,44.86922073364258,-28.28428077697754
13,40,1,26.993249893188477,-35.80438995361328
13,41,0,44.5986213684082,-28.3428897857666
13,41,1,27.289390563964844,-35.72455978393555
13,42,0,44.327308654785156,-28.40213966369629
13,42,1,27.58350944519043,-35.64554977416992
13,43,0,44.054969787597656,-28.462120056152344
13,43,1,27.875070571899414,-35.56774139404297
13,44,0,43.781639099121094,-28.522220611572266
13,44,1,28.164920806884766,-35.49085998535156
13,45,0,43.50794982910156,-28.583009719848633
13,45,1,28.453889846801758,-35.4145393371582
13,46,0,43.234500885009766,-28.644189834594727
13,46,1,28.741140365600586,-35.33921813964844
13,47,0,42.96112060546875,-28.705780029296875
13,47,1,29.026330947875977,-35.2642707824707
13,48,0,42.687530517578125,-28.767990112304688
13,48,1,29.309919357299805,-35.18885040283203
13,49,0,42.4139289855957,-28.83061981201172
13,49,1,29.59248924255371,-35.11296844482422
13,50,0,42.14020919799805,-28.893259048461914
13,50,1,29.873010635375977,-35.03746032714844
13,51,0,41.86613845825195,-28.955930709838867
13,51,1,30.15191078186035,-34.96234130859375
13,52,0,41.591129302978516,-29.018569946289062
13,52,1,30.428749084472656,-34.88787841796875
13,53,0,41.31581115722656,-29.081260681152344
13,53,1,30.70383071899414,-34.814151763916016
13,54,0,41.04029846191406,-29.143970489501953
13,54,1,30.97736930847168,-34.74126052856445
13,55,0,40.76424026489258,-29.20718002319336
13,55,1,31.24951934814453,-34.66931915283203
13,56,0,40.48780822753906,-29.270790100097656
13,56,1,31.52029037475586,-34.59819030761719
13,57,0,40.21086120605469,-29.33439064025879
13,57,1,31.790559768676758,-34.52785110473633
13,58,0,39.933349609375,-29.39851951599121
13,58,1,32.05982971191406,-34.45684814453125
13,59,0,39.655208587646484,-29.463150024414062
13,59,1,32.32828140258789,-34.38628005981445
13,60,0,39.37709045410156,-29.527719497680664
13,60,1,32.5966796875,-34.31618881225586
13,61,0,39.09959030151367,-29.592649459838867
13,61,1,32.864898681640625,-34.246849060058594
13,62,0,38.821739196777344,-29.658069610595703
13,62,1,33.13182067871094,-34.17829895019531
13,63,0,38.54391098022461,-29.724140167236328
13,63,1,33.39799118041992,-34.11035919189453
13,64,0,38.266231536865234,-29.790250778198242
13,64,1,33.6640510559082,-34.043479919433594
13,65,0,37.98936080932617,-29.85679054260254
13,65,1,33.92951965332031,-33.97724151611328
13,66,0,37.71295928955078,-29.923749923706055
13,66,1,34.1939811706543,-33.91128158569336
13,67,0,37.4370002746582,-29.991060256958008
13,67,1,34.45790100097656,-33.84593963623047
13,68,0,37.16170883178711,-30.05841064453125
13,68,1,34.720829010009766,-33.78110122680664
13,69,0,36.88679122924805,-30.12618064880371
13,69,1,34.98318862915039,-33.71709060668945
13,70,0,36.61262130737305,-30.194499969482422
13,70,1,35.245201110839844,-33.65370178222656
13,71,0,36.339088439941406,-30.262969970703125
13,71,1,35.50638961791992,-33.59109115600586
13,72,0,36.0660514831543,-30.331560134887695
13,72,1,35.76958084106445,-33.52920150756836
13,73,0,35.793251037597656,-30.400409698486328
13,73,1,36.03263854980469,-33.46868896484375
13,74,0,35.52037811279297,-30.469499588012695
13,74,1,36.29568099975586,-33.40911102294922
13,75,0,35.247501373291016,-30.539329528808594
13,75,1,36.55802917480469,-33.35026168823242
13,76,0,34.97412872314453,-30.610000610351562
13,76,1,36.81925964355469,-33.29267120361328
13,77,0,34.69990921020508,-30.68160057067871
13,77,1,37.08039855957031,-33.23643112182617
13,78,0,34.425479888916016,-30.75391960144043
13,78,1,37.34067916870117,-33.18111038208008
13,79,0,34.15031051635742,-30.82707977294922
13,79,1,37.60103988647461,-33.12733840942383
13,80,0,33.87514877319336,-30.900569915771484
13,80,1,37.861629486083984,-33.07476043701172
13,81,0,33.599849700927734,-30.974769592285156
13,81,1,38.122501373291016,-33.02315902709961
13,82,0,33.32484817504883,-31.050020217895508
13,82,1,38.38372039794922,-32.97251892089844
13,83,0,33.04951095581055,-31.1259708404541
13,83,1,38.645469665527344,-32.92321014404297
13,84,0,32.77436828613281,-31.202320098876953
13,84,1,38.907798767089844,-32.87514114379883
13,85,0,32.49932861328125,-31.27907943725586
13,85,1,39.17079162597656,-32.82794189453125
13,86,0,32.22393035888672,-31.356510162353516
13,86,1,39.434471130371094,-32.781639099121094
13,87,0,31.948280334472656,-31.434349060058594
13,87,1,39.69900131225586,-32.73617172241211
13,88,0,31.67251968383789,-31.512510299682617
13,88,1,39.96432876586914,-32.69116973876953
13,89,0,31.396900177001953,-31.59086036682129
13,89,1,40.230690002441406,-32.6469612121582
13,90,0,31.121530532836914,-31.669090270996094
13,90,1,40.49761962890625,-32.60411071777344
13,91,0,30.846250534057617,-31.74711036682129
13,91,1,40.76525115966797,-32.56195068359375
13,92,0,30.571069717407227,-31.82489013671875
13,92,1,41.03316879272461,-32.52056884765625
13,93,0,30.295650482177734,-31.902389526367188
13,93,1,41.29961013793945,-32.480369567871094
13,94,0,30.02014923095703,-31.97994041442871
13,94,1,41.56644058227539,-32.44110107421875
13,95,0,29.74448013305664,-32.05752182006836
13,95,1,41.833560943603516,-32.4026985168457
13,96,0,29.468730926513672,-32.13468933105469
13,96,1,42.10160827636719,-32.36513900756836
13,97,0,29.192869186401367,-32.211299896240234
13,97,1,42.37046813964844,-32.328189849853516
13,98,0,28.916959762573242,-32.28736114501953
13,98,1,42.640419006347656,-32.291908264160156
13,99,0,28.64082908630371,-32.362850189208984
13,99,1,42.911041259765625,-32.25608825683594
14,0,0,60.7777099609375,-29.473859786987305
14,0,1,92.25787353515625,-18.769359588623047
14,1,0,61.06377029418945,-29.411489486694336
14,1,1,92.02310180664062,-18.813980102539062
14,2,0,61.349998474121094,-29.34922981262207
14,2,1,91.78742980957031,-18.859010696411133
14,3,0,61.64081954956055,-29.286060333251953
14,3,1,91.55098724365234,-18.904420852661133
14,4,0,61.93170166015625,-29.223709106445312
14,4,1,91.31381225585938,-18.950220108032227
14,5,0,62.222068786621094,-29.1612606048584
14,5,1,91.075927734375,-18.996349334716797
14,6,0,62.510520935058594,-29.098770141601562
14,6,1,90.83748626708984,-19.04286003112793
14,7,0,62.79804992675781,-29.03643035888672
14,7,1,90.59842681884766,-19.08966064453125
14,8,0,63.08518981933594,-28.9743595123291
14,8,1,90.35904693603516,-19.136760711669922
14,9,0,63.3709602355957,-28.912490844726562
14,9,1,90.1192398071289,-19.184179306030273
14,10,0,63.656429290771484,-28.85041046142578
14,10,1,89.87902069091797,-19.23189926147461
14,11,0,63.9405517578125,-28.788429260253906
14,11,1,89.63841247558594,-19.279830932617188
14,12,0,64.2243881225586,-28.72587013244629
14,12,1,89.39762878417969,-19.327980041503906
14,13,0,64.50679779052734,-28.663209915161133
14,13,1,89.15644073486328,-19.376319885253906
14,14,0,64.78810119628906,-28.600189208984375
14,14,1,88.91497802734375,-19.42491912841797
14,15,0,65.06815338134766,-28.537750244140625
14,15,1,88.67350006103516,-19.473590850830078
14,16,0,65.34754180908203,-28.475160598754883
14,16,1,88.43196105957031,-19.522449493408203
14,17,0,65.62715911865234,-28.41213035583496
14,17,1,88.18994140625,-19.57151985168457
14,18,0,65.9066390991211,-28.34971046447754
14,18,1,87.94757080078125,-19.620849609375
14,19,0,66.18624114990234,-28.287879943847656
14,19,1,87.70500946044922,-19.670320510864258
14,20,0,66.46559143066406,-28.225000381469727
14,20,1,87.46263122558594,-19.719820022583008
14,21,0,66.74458312988281,-28.16176986694336
14,21,1,87.2199478149414,-19.769590377807617
14,22,0,67.0235824584961,-28.098739624023438
14,22,1,86.97715759277344,-19.819570541381836
14,23,0,67.30396270751953,-28.03618049621582
14,23,1,86.73429107666016,-19.869779586791992
14,24,0,67.5839614868164,-27.972900390625
14,24,1,86.4914779663086,-19.920089721679688
14,25,0,67.86372375488281,-27.90941047668457
14,25,1,86.24858856201172,-19.970539093017578
14,26,0,68.14298248291016,-27.84588050842285
14,26,1,86.0054931640625,-20.02128028869629
14,27,0,68.42198944091797,-27.78282928466797
14,27,1,85.76226043701172,-20.07221031188965
14,28,0,68.70101165771484,-27.72056007385254
14,28,1,85.51891326904297,-20.123329162597656
14,29,0,68.98005676269531,-27.65802001953125
14,29,1,85.27543640136719,-20.174579620361328
14,30,0,69.25847625732422,-27.596179962158203
14,30,1,85.0320816040039,-20.226009368896484
14,31,0,69.53640747070312,-27.533649444580078
14,31,1,84.78865051269531,-20.27758026123047
14,32,0,69.81420135498047,-27.47079086303711
14,32,1,84.54544067382812,-20.32925033569336
14,33,0,70.09123229980469,-27.407419204711914
14,33,1,84.30239868164062,-20.381139755249023
14,34,0,70.36860656738281,-27.344709396362305
14,34,1,84.05963134765625,-20.43316078186035
14,35,0,70.6461410522461,-27.282310485839844
14,35,1,83.81681823730469,-20.485429763793945
14,36,0,70.922607421875,-27.220109939575195
14,36,1,83.57440948486328,-20.53784942626953
14,37,0,71.19908142089844,-27.159019470214844
14,37,1,83.33294677734375,-20.590309143066406
14,38,0,71.47528076171875,-27.097230911254883
14,38,1,83.09227752685547,-20.64286994934082
14,39,0,71.75076293945312,-27.035959243774414
14,39,1,82.85208129882812,-20.695669174194336
14,40,0,72.02620697021484,-26.974470138549805
14,40,1,82.61258697509766,-20.74856948852539
14,41,0,72.3009033203125,-26.912429809570312
14,41,1,82.37381744384766,-20.801610946655273
14,42,0,72.57498931884766,-26.850170135498047
14,42,1,82.13583374023438,-20.854719161987305
14,43,0,72.8495864868164,-26.787450790405273
14,43,1,81.89846801757812,-20.908079147338867
14,44,0,73.12333679199219,-26.72467041015625
14,44,1,81.661376953125,-20.96170997619629
14,45,0,73.39717864990234,-26.662250518798828
14,45,1,81.42462921142578,-21.01565933227539
14,46,0,73.67034149169922,-26.599130630493164
14,46,1,81.18846893310547,-21.06987953186035
14,47,0,73.94290161132812,-26.53652000427246
14,47,1,80.9529037475586,-21.124420166015625
14,48,0,74.21504974365234,-26.47562026977539
14,48,1,80.71703338623047,-21.179479598999023
14,49,0,74.4863510131836,-26.414649963378906
14,49,1,80.48055267333984,-21.235260009765625
14,50,0,74.75689697265625,-26.354019165039062
14,50,1,80.24369049072266,-21.29166030883789
14,51,0,75.0277099609375,-26.29302978515625
14,51,1,80.00688934326172,-21.34848976135254
14,52,0,75.29814910888672,-26.232149124145508
14,52,1,79.77031707763672,-21.405750274658203
14,53,0,75.56880187988281,-26.17089080810547
14,53,1,79.53356170654297,-21.463499069213867
14,54,0,75.8394775390625,-26.109189987182617
14,54,1,79.29705810546875,-21.521570205688477
14,55,0,76.11018371582031,-26.047510147094727
14,55,1,79.06065368652344,-21.579940795898438
14,56,0,76.3805923461914,-25.98539924621582
14,56,1,78.82460021972656,-21.638479232788086
14,57,0,76.65068054199219,-25.923070907592773
14,57,1,78.58876037597656,-21.697189331054688
14,58,0,76.92019653320312,-25.8602294921875
14,58,1,78.3530502319336,-21.75605010986328
14,59,0,77.18926239013672,-25.798450469970703
14,59,1,78.11734008789062,-21.81502914428711
14,60,0,77.45744323730469,-25.736820220947266
14,60,1,77.88194274902344,-21.874210357666016
14,61,0,77.72550964355469,-25.675249099731445
14,61,1,77.64688110351562,-21.93351936340332
14,62,0,77.99368286132812,-25.61334991455078
14,62,1,77.41143798828125,-21.99312973022461
14,63,0,78.26207733154297,-25.55200958251953
14,63,1,77.17630767822266,-22.052810668945312
14,64,0,78.53047180175781,-25.49148941040039
14,64,1,76.94175720214844,-22.112640380859375
14,65,0,78.79900360107422,-25.430479049682617
14,65,1,76.7079086303711,-22.172460556030273
14,66,0,79.06758117675781,-25.36968994140625
14,66,1,76.47454071044922,-22.23240089416504
14,67,0,79.3360824584961,-25.309009552001953
14,67,1,76.24166107177734,-22.292400360107422
14,68,0,79.60428619384766,-25.248069763183594
14,68,1,76.0093994140625,-22.352420806884766
14,69,0,79.87206268310547,-25.187589645385742
14,69,1,75.77787017822266,-22.412389755249023
14,70,0,80.13967895507812,-25.126590728759766
14,70,1,75.54695129394531,-22.472400665283203
14,71,0,80.40705871582031,-25.065689086914062
14,71,1,75.31690216064453,-22.532360076904297
14,72,0,80.67395782470703,-25.005279541015625
14,72,1,75.08747863769531,-22.592330932617188
14,73,0,80.94017791748047,-24.945510864257812
14,73,1,74.85845184326172,-22.6523494720459
14,74,0,81.20687866210938,-24.8859806060791
14,74,1,74.630126953125,-22.712299346923828
14,75,0,81.47427368164062,-24.82564926147461
14,75,1,74.4024887084961,-22.772279739379883
14,76,0,81.7420883178711,-24.765090942382812
14,76,1,74.17516326904297,-22.832359313964844
14,77,0,82.01032257080078,-24.704669952392578
14,77,1,73.94780731201172,-22.892620086669922
14,78,0,82.2779769897461,-24.645179748535156
14,78,1,73.72052001953125,-22.953020095825195
14,79,0,82.54541015625,-24.585739135742188
14,79,1,73.49353790283203,-23.013479232788086
14,80,0,82.81234741210938,-24.526769638061523
14,80,1,73.26673126220703,-23.074079513549805
14,81,0,83.07929229736328,-24.467729568481445
14,81,1,73.03864288330078,-23.13524055480957
14,82,0,83.34664916992188,-24.408920288085938
14,82,1,72.81014251708984,-23.19671058654785
14,83,0,83.61399841308594,-24.34980010986328
14,83,1,72.58158874511719,-23.258459091186523
14,84,0,83.88140869140625,-24.290990829467773
14,84,1,72.35301971435547,-23.320459365844727
14,85,0,84.14913177490234,-24.23158073425293
14,85,1,72.1246337890625,-23.38265037536621
14,86,0,84.41708374023438,-24.172330856323242
14,86,1,71.89627075195312,-23.445039749145508
14,87,0,84.68582153320312,-24.113340377807617
14,87,1,71.6673583984375,-23.507780075073242
14,88,0,84.95513153076172,-24.054580688476562
14,88,1,71.43820190429688,-23.57076072692871
14,89,0,85.22464752197266,-23.99625015258789
14,89,1,71.2081298828125,-23.634140014648438
14,90,0,85.4942398071289,-23.937740325927734
14,90,1,70.97781372070312,-23.697710037231445
14,91,0,85.76373291015625,-23.879499435424805
14,91,1,70.74735260009766,-23.761409759521484
14,92,0,86.03289031982422,-23.821699142456055
14,92,1,70.51638793945312,-23.825319290161133
14,93,0,86.30155181884766,-23.764169692993164
14,93,1,70.28559112548828,-23.889219284057617
14,94,0,86.57066345214844,-23.70656967163086
14,94,1,70.0548095703125,-23.9531192779541
14,95,0,86.8402328491211,-23.64896011352539
14,95,1,69.8237075805664,-24.017080307006836
14,96,0,87.10974884033203,-23.591140747070312
14,96,1,69.59246826171875,-24.080839157104492
14,97,0,87.3794174194336,-23.53380012512207
14,97,1,69.36116790771484,-24.144439697265625
14,98,0,87.649169921875,-23.4768009185791
14,98,1,69.12976837158203,-24.20775032043457
14,99,0,87.91861724853516,-23.419919967651367
14,99,1,68.89849090576172,-24.270610809326172
15,0,0,25.7968692779541,-35.628700256347656
15,0,1,13.915740013122559,-40.34225082397461
15,1,0,26.038249969482422,-35.570640563964844
15,1,1,14.126190185546875,-40.287349700927734
15,2,0,26.27889060974121,-35.51435852050781
15,2,1,14.337650299072266,-40.23202133178711
15,3,0,26.52113914489746,-35.45703887939453
15,3,1,14.550049781799316,-40.17610168457031
15,4,0,26.763490676879883,-35.39957046508789
15,4,1,14.763409614562988,-40.119590759277344
15,5,0,27.005859375,-35.341529846191406
15,5,1,14.977560043334961,-40.062538146972656
15,6,0,27.248409271240234,-35.283329010009766
15,6,1,15.192729949951172,-40.005130767822266
15,7,0,27.490150451660156,-35.22481155395508
15,7,1,15.408929824829102,-39.947391510009766
15,8,0,27.731279373168945,-35.16761016845703
15,8,1,15.625969886779785,-39.88938903808594
15,9,0,27.970600128173828,-35.11037826538086
15,9,1,15.84395980834961,-39.83110046386719
15,10,0,28.208009719848633,-35.0536003112793
15,10,1,16.062870025634766,-39.772560119628906
15,11,0,28.44338035583496,-34.99879837036133
15,11,1,16.282569885253906,-39.71379852294922
15,12,0,28.676240921020508,-34.94544982910156
15,12,1,16.503019332885742,-39.65473937988281
15,13,0,28.906869888305664,-34.89347839355469
15,13,1,16.72426986694336,-39.5954704284668
15,14,0,29.134689331054688,-34.843570709228516
15,14,1,16.946199417114258,-39.536041259765625
15,15,0,29.35849952697754,-34.79378128051758
15,15,1,17.1683292388916,-39.47623825073242
15,16,0,29.5792293548584,-34.74443817138672
15,16,1,17.390710830688477,-39.41613006591797
15,17,0,29.796829223632812,-34.696678161621094
15,17,1,17.613849639892578,-39.35560989379883
15,18,0,30.01078987121582,-34.649810791015625
15,18,1,17.837520599365234,-39.2947883605957
15,19,0,30.222169876098633,-34.60319900512695
15,19,1,18.061819076538086,-39.233619689941406
15,20,0,30.43025016784668,-34.556758880615234
15,20,1,18.286550521850586,-39.17216873168945
15,21,0,30.63521957397461,-34.51097869873047
15,21,1,18.511810302734375,-39.11040115356445
15,22,0,30.83700942993164,-34.466209411621094
15,22,1,18.737510681152344,-39.04832077026367
15,23,0,31.035449981689453,-34.42295837402344
15,23,1,18.963640213012695,-38.985939025878906
15,24,0,31.231050491333008,-34.38132095336914
15,24,1,19.189870834350586,-38.92333984375
15,25,0,31.424129486083984,-34.341209411621094
15,25,1,19.41655921936035,-38.86040115356445
15,26,0,31.613849639892578,-34.302268981933594
15,26,1,19.64361000061035,-38.79705810546875
15,27,0,31.80010986328125,-34.26321029663086
15,27,1,19.87112045288086,-38.73326110839844
15,28,0,31.983579635620117,-34.22356033325195
15,28,1,20.09902000427246,-38.669029235839844
15,29,0,32.1644287109375,-34.184600830078125
15,29,1,20.3275203704834,-38.604278564453125
15,30,0,32.34315872192383,-34.14657974243164
15,30,1,20.55653953552246,-38.5390510559082
15,31,0,32.52016830444336,-34.109981536865234
15,31,1,20.786020278930664,-38.47332000732422
15,32,0,32.695709228515625,-34.07406997680664
15,32,1,21.015369415283203,-38.407169342041016
15,33,0,32.86983871459961,-34.03755187988281
15,33,1,21.24481964111328,-38.3407096862793
15,34,0,33.04227066040039,-34.002220153808594
15,34,1,21.474599838256836,-38.273868560791016
15,35,0,33.21316909790039,-33.968658447265625
15,35,1,21.704639434814453,-38.206668853759766
15,36,0,33.38309860229492,-33.93608093261719
15,36,1,21.934900283813477,-38.13909912109375
15,37,0,33.552101135253906,-33.90414810180664
15,37,1,22.165430068969727,-38.071250915527344
15,38,0,33.720558166503906,-33.87274169921875
15,38,1,22.39620018005371,-38.003108978271484
15,39,0,33.88835144042969,-33.842220306396484
15,39,1,22.627349853515625,-37.934600830078125
15,40,0,34.05514907836914,-33.81182098388672
15,40,1,22.858739852905273,-37.86574935913086
15,41,0,34.22066879272461,-33.782249450683594
15,41,1,23.09050941467285,-37.796661376953125
15,42,0,34.38499069213867,-33.75122833251953
15,42,1,23.322500228881836,-37.72726058959961
15,43,0,34.54819869995117,-33.720829010009766
15,43,1,23.554859161376953,-37.657630920410156
15,44,0,34.7105712890625,-33.69118881225586
15,44,1,23.787189483642578,-37.587860107421875
15,45,0,34.87221908569336,-33.66218185424805
15,45,1,24.01983070373535,-37.51803970336914
15,46,0,35.033329010009766,-33.6337890625
15,46,1,24.252649307250977,-37.448219299316406
15,47,0,35.19348907470703,-33.60628128051758
15,47,1,24.4855899810791,-37.37839126586914
15,48,0,35.3525390625,-33.57912826538086
15,48,1,24.718669891357422,-37.30855178833008
15,49,0,35.51047897338867,-33.55234909057617
15,49,1,24.951669692993164,-37.23876953125
15,50,0,35.66691970825195,-33.526309967041016
15,50,1,25.18478012084961,-37.16896057128906
15,51,0,35.822269439697266,-33.5004997253418
15,51,1,25.41805076599121,-37.0992317199707
15,52,0,35.97697830200195,-33.47486877441406
15,52,1,25.651399612426758,-37.02956008911133
15,53,0,36.130008697509766,-33.449920654296875
15,53,1,25.88488006591797,-36.96004867553711
15,54,0,36.28116989135742,-33.4256591796875
15,54,1,26.118579864501953,-36.89065933227539
15,55,0,36.43172073364258,-33.402259826660156
15,55,1,26.352340698242188,-36.8215217590332
15,56,0,36.58082962036133,-33.37944030761719
15,56,1,26.58555030822754,-36.75270080566406
15,57,0,36.72705078125,-33.35742950439453
15,57,1,26.81808090209961,-36.68413162231445
15,58,0,36.873130798339844,-33.335670471191406
15,58,1,27.050199508666992,-36.61568832397461
15,59,0,37.01897048950195,-33.31352996826172
15,59,1,27.281890869140625,-36.54743957519531
15,60,0,37.16456985473633,-33.29161071777344
15,60,1,27.512910842895508,-36.479679107666016
15,61,0,37.30768966674805,-33.269771575927734
15,61,1,27.743310928344727,-36.41239929199219
15,62,0,37.44942092895508,-33.24800109863281
15,62,1,27.972919464111328,-36.34550857543945
15,63,0,37.58951187133789,-33.225399017333984
15,63,1,28.201669692993164,-36.279109954833984
15,64,0,37.7282600402832,-33.20328140258789
15,64,1,28.429779052734375,-36.21316909790039
15,65,0,37.86592102050781,-33.18157958984375
15,65,1,28.657140731811523,-36.14762878417969
15,66,0,38.00249099731445,-33.161380767822266
15,66,1,28.883230209350586,-36.082740783691406
15,67,0,38.137939453125,-33.1414794921875
15,67,1,29.10835075378418,-36.01836013793945
15,68,0,38.272708892822266,-33.12118911743164
15,68,1,29.332250595092773,-35.95465850830078
15,69,0,38.4068603515625,-33.100921630859375
15,69,1,29.55483055114746,-35.891700744628906
15,70,0,38.540550231933594,-33.08174133300781
15,70,1,29.77614974975586,-35.82950973510742
15,71,0,38.67438888549805,-33.0635986328125
15,71,1,29.99618911743164,-35.76811981201172
15,72,0,38.808319091796875,-33.04642105102539
15,72,1,30.21540069580078,-35.707550048828125
15,73,0,38.941341400146484,-33.0277099609375
15,73,1,30.433490753173828,-35.64802932739258
15,74,0,39.074859619140625,-33.00988006591797
15,74,1,30.650279998779297,-35.58955001831055
15,75,0,39.20901107788086,-32.99259948730469
15,75,1,30.865760803222656,-35.532169342041016
15,76,0,39.34326171875,-32.97468185424805
15,76,1,31.079910278320312,-35.4759407043457
15,77,0,39.476959228515625,-32.95606994628906
15,77,1,31.292810440063477,-35.4208984375
15,78,0,39.6102294921875,-32.93817901611328
15,78,1,31.504499435424805,-35.367008209228516
15,79,0,39.74338150024414,-32.919151306152344
15,79,1,31.71504020690918,-35.3142204284668
15,80,0,39.87699890136719,-32.9002685546875
15,80,1,31.92449951171875,-35.26259994506836
15,81,0,40.010318756103516,-32.88092041015625
15,81,1,32.133209228515625,-35.21210861206055
15,82,0,40.143489837646484,-32.86177062988281
15,82,1,32.34088134765625,-35.1628303527832
15,83,0,40.27608108520508,-32.841861724853516
15,83,1,32.54756164550781,-35.11473846435547
15,84,0,40.40837097167969,-32.822181701660156
15,84,1,32.75352096557617,-35.06795120239258
15,85,0,40.54098129272461,-32.80356979370117
15,85,1,32.95920944213867,-35.0223503112793
15,86,0,40.67332077026367,-32.785648345947266
15,86,1,33.164268493652344,-34.978031158447266
15,87,0,40.8048095703125,-32.76696014404297
15,87,1,33.36874008178711,-34.93503952026367
15,88,0,40.93598937988281,-32.747581481933594
15,88,1,33.57286834716797,-34.893470764160156
15,89,0,41.067378997802734,-32.72795867919922
15,89,1,33.77640914916992,-34.853370666503906
15,90,0,41.19805908203125,-32.70787811279297
15,90,1,33.979408264160156,-34.814788818359375
15,91,0,41.32946014404297,-32.68754959106445
15,91,1,34.18183135986328,-34.777801513671875
15,92,0,41.461280822753906,-32.6667594909668
15,92,1,34.38407897949219,-34.7421989440918
15,93,0,41.59257888793945,-32.64591979980469
15,93,1,34.58612060546875,-34.70811080932617
15,94,0,41.7234001159668,-32.6255989074707
15,94,1,34.787879943847656,-34.67559051513672
15,95,0,41.854610443115234,-32.60504913330078
15,95,1,34.98963165283203,-34.6445198059082
15,96,0,41.98604965209961,-32.584659576416016
15,96,1,35.191200256347656,-34.6149787902832
15,97,0,42.11661911010742,-32.56412887573242
15,97,1,35.39252853393555,-34.587039947509766
15,98,0,42.246978759765625,-32.543739318847656
15,98,1,35.59368896484375,-34.560638427734375
15,99,0,42.37675094604492,-32.523738861083984
15,99,1,35.79454040527344,-34.535858154296875
16,0,0,49.887428283691406,-31.287490844726562
16,0,1,92.32633972167969,-19.324399948120117
16,1,0,50.0018196105957,-31.26732063293457
16,1,1,92.1130599975586,-19.36210060119629
16,2,0,50.114078521728516,-31.247089385986328
16,2,1,91.89894104003906,-19.400150299072266
16,3,0,50.22386932373047,-31.22726058959961
16,3,1,91.68385314941406,-19.438459396362305
16,4,0,50.3306999206543,-31.207839965820312
16,4,1,91.46849060058594,-19.476919174194336
16,5,0,50.43587875366211,-31.188339233398438
16,5,1,91.25334167480469,-19.515260696411133
16,6,0,50.538719177246094,-31.16901969909668
16,6,1,91.03858184814453,-19.55352020263672
16,7,0,50.63869094848633,-31.150320053100586
16,7,1,90.82369232177734,-19.591720581054688
16,8,0,50.73685836791992,-31.13178062438965
16,8,1,90.60900115966797,-19.62982940673828
16,9,0,50.8331413269043,-31.11359977722168
16,9,1,90.3943862915039,-19.66777992248535
16,10,0,50.92721939086914,-31.095869064331055
16,10,1,90.17984771728516,-19.705549240112305
16,11,0,51.018741607666016,-31.078670501708984
16,11,1,89.96527099609375,-19.743139266967773
16,12,0,51.10770034790039,-31.061830520629883
16,12,1,89.75080871582031,-19.78059959411621
16,13,0,51.194149017333984,-31.045679092407227
16,13,1,89.53639221191406,-19.817920684814453
16,14,0,51.278358459472656,-31.03006935119629
16,14,1,89.32203674316406,-19.85508918762207
16,15,0,51.36027145385742,-31.014680862426758
16,15,1,89.10781860351562,-19.892000198364258
16,16,0,51.44013977050781,-30.99970054626465
16,16,1,88.8934326171875,-19.928699493408203
16,17,0,51.517948150634766,-30.984840393066406
16,17,1,88.6789779663086,-19.965360641479492
16,18,0,51.59315872192383,-30.969989776611328
16,18,1,88.46443176269531,-20.00189971923828
16,19,0,51.666229248046875,-30.95553970336914
16,19,1,88.25019073486328,-20.03829002380371
16,20,0,51.73691177368164,-30.941669464111328
16,20,1,88.03608703613281,-20.07468032836914
16,21,0,51.80527877807617,-30.92799949645996
16,21,1,87.82209777832031,-20.1110897064209
16,22,0,51.871498107910156,-30.91482925415039
16,22,1,87.60822296142578,-20.147619247436523
16,23,0,51.93574905395508,-30.90230941772461
16,23,1,87.39433288574219,-20.18429946899414
16,24,0,51.99768829345703,-30.890159606933594
16,24,1,87.180419921875,-20.221250534057617
16,25,0,52.05876159667969,-30.879009246826172
16,25,1,86.9668197631836,-20.258480072021484
16,26,0,52.11848068237305,-30.86751937866211
16,26,1,86.75324249267578,-20.29598045349121
16,27,0,52.17728042602539,-30.856260299682617
16,27,1,86.53972625732422,-20.333749771118164
16,28,0,52.23480987548828,-30.84515953063965
16,28,1,86.32617950439453,-20.371829986572266
16,29,0,52.29188919067383,-30.8343505859375
16,29,1,86.11257934570312,-20.410320281982422
16,30,0,52.34783935546875,-30.82352066040039
16,30,1,85.8989028930664,-20.449209213256836
16,31,0,52.4034309387207,-30.81254005432129
16,31,1,85.68505859375,-20.48866081237793
16,32,0,52.45838928222656,-30.80154037475586
16,32,1,85.47148895263672,-20.528549194335938
16,33,0,52.513580322265625,-30.7900390625
16,33,1,85.2583236694336,-20.568859100341797
16,34,0,52.56875991821289,-30.778409957885742
16,34,1,85.04546356201172,-20.609619140625
16,35,0,52.62363052368164,-30.76679039001465
16,35,1,84.83268737792969,-20.650800704956055
16,36,0,52.6782112121582,-30.75535011291504
16,36,1,84.6203384399414,-20.692310333251953
16,37,0,52.73255920410156,-30.74407958984375
16,37,1,84.40837860107422,-20.73417091369629
16,38,0,52.78718948364258,-30.733060836791992
16,38,1,84.19654083251953,-20.776460647583008
16,39,0,52.84204864501953,-30.722389221191406
16,39,1,83.98451232910156,-20.81916046142578
16,40,0,52.89664077758789,-30.712400436401367
16,40,1,83.77272033691406,-20.86227035522461
16,41,0,52.95138168334961,-30.702350616455078
16,41,1,83.56114196777344,-20.905710220336914
16,42,0,53.0064811706543,-30.691890716552734
16,42,1,83.3499984741211,-20.94940948486328
16,43,0,53.0618782043457,-30.681190490722656
16,43,1,83.13909912109375,-20.993349075317383
16,44,0,53.11682891845703,-30.670669555664062
16,44,1,82.92849731445312,-21.037609100341797
16,45,0,53.17137145996094,-30.660320281982422
16,45,1,82.71784973144531,-21.08222007751465
16,46,0,53.22587966918945,-30.650110244750977
16,46,1,82.50711059570312,-21.12718963623047
16,47,0,53.28038024902344,-30.639970779418945
16,47,1,82.2965316772461,-21.172470092773438
16,48,0,53.335330963134766,-30.629770278930664
16,48,1,82.0860824584961,-21.21799087524414
16,49,0,53.390071868896484,-30.619020462036133
16,49,1,81.87602233886719,-21.263790130615234
16,50,0,53.44424819946289,-30.608280181884766
16,50,1,81.66638946533203,-21.30978012084961
16,51,0,53.49790954589844,-30.597129821777344
16,51,1,81.45699310302734,-21.35594940185547
16,52,0,53.55147933959961,-30.58612060546875
16,52,1,81.24820709228516,-21.40212059020996
16,53,0,53.605621337890625,-30.57493019104004
16,53,1,81.0395278930664,-21.448549270629883
16,54,0,53.66038131713867,-30.563390731811523
16,54,1,80.83129119873047,-21.49509048461914
16,55,0,53.716148376464844,-30.552040100097656
16,55,1,80.623046875,-21.54184913635254
16,56,0,53.77252960205078,-30.541109085083008
16,56,1,80.41490936279297,-21.588869094848633
16,57,0,53.82931900024414,-30.52992057800293
16,57,1,80.20657348632812,-21.63616943359375
16,58,0,53.88655090332031,-30.518619537353516
16,58,1,79.99832916259766,-21.683610916137695
16,59,0,53.944129943847656,-30.5067195892334
16,59,1,79.78994750976562,-21.73138999938965
16,60,0,54.002418518066406,-30.4943904876709
16,60,1,79.58213806152344,-21.77924919128418
16,61,0,54.061309814453125,-30.48181915283203
16,61,1,79.37454986572266,-21.827329635620117
16,62,0,54.12015151977539,-30.469430923461914
16,62,1,79.16673278808594,-21.87579917907715
16,63,0,54.1804313659668,-30.45684051513672
16,63,1,78.95883178710938,-21.92452049255371
16,64,0,54.241798400878906,-30.444080352783203
16,64,1,78.75154876708984,-21.973289489746094
16,65,0,54.30344009399414,-30.431379318237305
16,65,1,78.54432678222656,-22.022199630737305
16,66,0,54.365779876708984,-30.418720245361328
16,66,1,78.3370132446289,-22.071439743041992
16,67,0,54.42898178100586,-30.40583038330078
16,67,1,78.12962341308594,-22.120960235595703
16,68,0,54.49380874633789,-30.39263916015625
16,68,1,77.92169189453125,-22.170820236206055
16,69,0,54.559661865234375,-30.3794002532959
16,69,1,77.71305084228516,-22.22113037109375
16,70,0,54.625450134277344,-30.36465072631836
16,70,1,77.5044174194336,-22.27161979675293
16,71,0,54.69221878051758,-30.35007095336914
16,71,1,77.29560089111328,-22.322309494018555
16,72,0,54.75931167602539,-30.335979461669922
16,72,1,77.08650207519531,-22.37327003479004
16,73,0,54.82699966430664,-30.32162094116211
16,73,1,76.87718200683594,-22.424419403076172
16,74,0,54.895259857177734,-30.307029724121094
16,74,1,76.66768646240234,-22.47570037841797
16,75,0,54.962440490722656,-30.292680740356445
16,75,1,76.45812225341797,-22.527179718017578
16,76,0,55.02922058105469,-30.27853012084961
16,76,1,76.2485580444336,-22.57883071899414
16,77,0,55.09632873535156,-30.26445960998535
16,77,1,76.03904724121094,-22.630569458007812
16,78,0,55.16339111328125,-30.24958038330078
16,78,1,75.82971954345703,-22.6825008392334
16,79,0,55.2303581237793,-30.23409080505371
16,79,1,75.62055969238281,-22.7343807220459
16,80,0,55.29743957519531,-30.21895980834961
16,80,1,75.41133117675781,-22.786399841308594
16,81,0,55.36354064941406,-30.203800201416016
16,81,1,75.20208740234375,-22.838489532470703
16,82,0,55.42947006225586,-30.18852996826172
16,82,1,74.99304962158203,-22.890520095825195
16,83,0,55.49517822265625,-30.1730899810791
16,83,1,74.78373718261719,-22.942550659179688
16,84,0,55.561431884765625,-30.157350540161133
16,84,1,74.5747299194336,-22.994380950927734
16,85,0,55.62821960449219,-30.14143943786621
16,85,1,74.36537170410156,-23.046110153198242
16,86,0,55.695289611816406,-30.124900817871094
16,86,1,74.15603637695312,-23.097660064697266
16,87,0,55.7628288269043,-30.107839584350586
16,87,1,73.94667053222656,-23.14897918701172
16,88,0,55.83095169067383,-30.090349197387695
16,88,1,73.73712158203125,-23.20008087158203
16,89,0,55.8997802734375,-30.072490692138672
16,89,1,73.52716064453125,-23.250940322875977
16,90,0,55.9694709777832,-30.054290771484375
16,90,1,73.31683349609375,-23.3015193939209
16,91,0,56.039390563964844,-30.036020278930664
16,91,1,73.10655212402344,-23.35165023803711
16,92,0,56.11064147949219,-30.0174503326416
16,92,1,72.8960189819336,-23.40135955810547
16,93,0,56.183509826660156,-29.99859046936035
16,93,1,72.68537139892578,-23.450590133666992
16,94,0,56.25754165649414,-29.979650497436523
16,94,1,72.47447204589844,-23.499290466308594
16,95,0,56.33317184448242,-29.960609436035156
16,95,1,72.263427734375,-23.547569274902344
16,96,0,56.4109001159668,-29.94144058227539
16,96,1,72.05194854736328,-23.595460891723633
16,97,0,56.490509033203125,-29.922300338745117
16,97,1,71.84011840820312,-23.642990112304688
16,98,0,56.57244873046875,-29.902320861816406
16,98,1,71.62818145751953,-23.690099716186523
16,99,0,56.655818939208984,-29.88184928894043
16,99,1,71.41602325439453,-23.736780166625977
17,0,0,37.70793914794922,-32.88642120361328
17,0,1,92.51341247558594,-18.51869010925293
17,1,0,37.82828903198242,-32.86238098144531
17,1,1,92.34200286865234,-18.55974006652832
17,2,0,37.94763946533203,-32.838951110839844
17,2,1,92.17012023925781,-18.600650787353516
17,3,0,38.06538009643555,-32.81666946411133
17,3,1,91.99777221679688,-18.641359329223633
17,4,0,38.18225860595703,-32.79513931274414
17,4,1,91.82495880126953,-18.681930541992188
17,5,0,38.29798889160156,-32.77388000488281
17,5,1,91.65164184570312,-18.72258949279785
17,6,0,38.41310119628906,-32.75326156616211
17,6,1,91.47782897949219,-18.763259887695312
17,7,0,38.52825927734375,-32.733028411865234
17,7,1,91.30368041992188,-18.80381965637207
17,8,0,38.6431999206543,-32.711700439453125
17,8,1,91.12921142578125,-18.84429931640625
17,9,0,38.757869720458984,-32.69028091430664
17,9,1,90.95446014404297,-18.884750366210938
17,10,0,38.87297821044922,-32.6692008972168
17,10,1,90.7794189453125,-18.925180435180664
17,11,0,38.988468170166016,-32.64910125732422
17,11,1,90.60420227050781,-18.965499877929688
17,12,0,39.103759765625,-32.62826156616211
17,12,1,90.42896270751953,-19.005630493164062
17,13,0,39.219539642333984,-32.606788635253906
17,13,1,90.25390625,-19.04553985595703
17,14,0,39.33517074584961,-32.58631134033203
17,14,1,90.07877349853516,-19.085220336914062
17,15,0,39.45098876953125,-32.565608978271484
17,15,1,89.90360260009766,-19.124399185180664
17,16,0,39.56782913208008,-32.54500961303711
17,16,1,89.72859191894531,-19.163150787353516
17,17,0,39.68473815917969,-32.524898529052734
17,17,1,89.55364990234375,-19.201419830322266
17,18,0,39.80205154418945,-32.50413131713867
17,18,1,89.37867736816406,-19.23917007446289
17,19,0,39.9204216003418,-32.4821891784668
17,19,1,89.203857421875,-19.276369094848633
17,20,0,40.03984832763672,-32.45914840698242
17,20,1,89.0290298461914,-19.313079833984375
17,21,0,40.16033935546875,-32.435340881347656
17,21,1,88.85417175292969,-19.34925079345703
17,22,0,40.28097915649414,-32.41093826293945
17,22,1,88.67935180664062,-19.384790420532227
17,23,0,40.40217971801758,-32.386688232421875
17,23,1,88.5047607421875,-19.419750213623047
17,24,0,40.52437973022461,-32.362998962402344
17,24,1,88.33038330078125,-19.45408058166504
17,25,0,40.64741897583008,-32.339759826660156
17,25,1,88.15621948242188,-19.487810134887695
17,26,0,40.772029876708984,-32.31650924682617
17,26,1,87.98217010498047,-19.520980834960938
17,27,0,40.8986701965332,-32.293941497802734
17,27,1,87.80812072753906,-19.553560256958008
17,28,0,41.02922821044922,-32.27067947387695
17,28,1,87.63419342041016,-19.585590362548828
17,29,0,41.162010192871094,-32.247718811035156
17,29,1,87.45999908447266,-19.61716079711914
17,30,0,41.296321868896484,-32.22465896606445
17,30,1,87.2859115600586,-19.648300170898438
17,31,0,41.433128356933594,-32.201690673828125
17,31,1,87.11200714111328,-19.679100036621094
17,32,0,41.57231140136719,-32.17911911010742
17,32,1,86.93827819824219,-19.70949935913086
17,33,0,41.71295166015625,-32.155860900878906
17,33,1,86.76470184326172,-19.73954963684082
17,34,0,41.85575866699219,-32.13138961791992
17,34,1,86.59121704101562,-19.769359588623047
17,35,0,42.0012092590332,-32.10673141479492
17,35,1,86.41771697998047,-19.798999786376953
17,36,0,42.148719787597656,-32.082069396972656
17,36,1,86.24413299560547,-19.828590393066406
17,37,0,42.29867172241211,-32.057289123535156
17,37,1,86.07060241699219,-19.858020782470703
17,38,0,42.45064163208008,-32.03232955932617
17,38,1,85.89679718017578,-19.887449264526367
17,39,0,42.60498046875,-32.00687026977539
17,39,1,85.72295379638672,-19.916759490966797
17,40,0,42.761661529541016,-31.980600357055664
17,40,1,85.54907989501953,-19.946029663085938
17,41,0,42.92081069946289,-31.953880310058594
17,41,1,85.37516021728516,-19.975210189819336
17,42,0,43.08277893066406,-31.926610946655273
17,42,1,85.2012710571289,-20.00436019897461
17,43,0,43.247108459472656,-31.898880004882812
17,43,1,85.02725982666016,-20.03352928161621
17,44,0,43.41410827636719,-31.871259689331055
17,44,1,84.85318756103516,-20.062700271606445
17,45,0,43.58427810668945,-31.843130111694336
17,45,1,84.67913055419922,-20.09174919128418
17,46,0,43.75690841674805,-31.81477928161621
17,46,1,84.50517272949219,-20.120729446411133
17,47,0,43.933109283447266,-31.785720825195312
17,47,1,84.33139038085938,-20.149520874023438
17,48,0,44.112178802490234,-31.75575065612793
17,48,1,84.15760040283203,-20.17816925048828
17,49,0,44.29389190673828,-31.72599983215332
17,49,1,83.98355102539062,-20.206729888916016
17,50,0,44.4786491394043,-31.696409225463867
17,50,1,83.8094482421875,-20.235029220581055
17,51,0,44.666908264160156,-31.666900634765625
17,51,1,83.63539123535156,-20.26304054260254
17,52,0,44.85860824584961,-31.63715934753418
17,52,1,83.46131896972656,-20.290769577026367
17,53,0,45.053321838378906,-31.606870651245117
17,53,1,83.2872085571289,-20.31822967529297
17,54,0,45.25143051147461,-31.57646942138672
17,54,1,83.11319732666016,-20.345359802246094
17,55,0,45.45296096801758,-31.545469284057617
17,55,1,82.93904113769531,-20.372140884399414
17,56,0,45.65742874145508,-31.513500213623047
17,56,1,82.76471710205078,-20.398679733276367
17,57,0,45.86471939086914,-31.48200035095215
17,57,1,82.59046936035156,-20.424949645996094
17,58,0,46.075279235839844,-31.450809478759766
17,58,1,82.41597747802734,-20.451019287109375
17,59,0,46.2884407043457,-31.420080184936523
17,59,1,82.24130249023438,-20.476900100708008
17,60,0,46.50490188598633,-31.389400482177734
17,60,1,82.06655883789062,-20.502580642700195
17,61,0,46.72454833984375,-31.358440399169922
17,61,1,81.89179992675781,-20.528169631958008
17,62,0,46.947410583496094,-31.327720642089844
17,62,1,81.71710968017578,-20.553680419921875
17,63,0,47.1739616394043,-31.297800064086914
17,63,1,81.54242706298828,-20.579259872436523
17,64,0,47.40317153930664,-31.267589569091797
17,64,1,81.36785125732422,-20.60491943359375
17,65,0,47.635101318359375,-31.23788070678711
17,65,1,81.19344329833984,-20.63088035583496
17,66,0,47.87028884887695,-31.208240509033203
17,66,1,81.01891326904297,-20.657180786132812
17,67,0,48.10755157470703,-31.1783504486084
17,67,1,80.84429931640625,-20.683940887451172
17,68,0,48.3479118347168,-31.14837074279785
17,68,1,80.66973114013672,-20.71129035949707
17,69,0,48.59014892578125,-31.11804962158203
17,69,1,80.49530029296875,-20.739240646362305
17,70,0,48.83538055419922,-31.08772087097168
17,70,1,80.32097625732422,-20.76789093017578
17,71,0,49.08243942260742,-31.057199478149414
17,71,1,80.14671325683594,-20.797409057617188
17,72,0,49.33393096923828,-31.026309967041016
17,72,1,79.97315216064453,-20.82762908935547
17,73,0,49.588008880615234,-30.995010375976562
17,73,1,79.79989624023438,-20.858789443969727
17,74,0,49.84423065185547,-30.963579177856445
17,74,1,79.62673950195312,-20.89109992980957
17,75,0,50.10295104980469,-30.93151092529297
17,75,1,79.45365142822266,-20.92452049255371
17,76,0,50.36439895629883,-30.89937973022461
17,76,1,79.28077697753906,-20.95907974243164
17,77,0,50.62779998779297,-30.866989135742188
17,77,1,79.10839080810547,-20.994760513305664
17,78,0,50.89326095581055,-30.834089279174805
17,78,1,78.9361572265625,-21.031530380249023
17,79,0,51.16033935546875,-30.800199508666992
17,79,1,78.7640609741211,-21.069339752197266
17,80,0,51.42961883544922,-30.766069412231445
17,80,1,78.59223175048828,-21.108190536499023
17,81,0,51.6998405456543,-30.73055076599121
17,81,1,78.42044830322266,-21.148059844970703
17,82,0,51.97224044799805,-30.694339752197266
17,82,1,78.24893951416016,-21.18882942199707
17,83,0,52.24700927734375,-30.657489776611328
17,83,1,78.07749938964844,-21.230379104614258
17,84,0,52.52357864379883,-30.61981964111328
17,84,1,77.90611267089844,-21.272659301757812
17,85,0,52.80134963989258,-30.581649780273438
17,85,1,77.73493957519531,-21.31555938720703
17,86,0,53.08058166503906,-30.54353904724121
17,86,1,77.56404876708984,-21.358989715576172
17,87,0,53.3621711730957,-30.50506019592285
17,87,1,77.39334106445312,-21.40291976928711
17,88,0,53.645931243896484,-30.465850830078125
17,88,1,77.22264099121094,-21.447359085083008
17,89,0,53.931880950927734,-30.42609977722168
17,89,1,77.05201721191406,-21.492219924926758
17,90,0,54.22011947631836,-30.3853702545166
17,90,1,76.88139343261719,-21.537490844726562
17,91,0,54.50975036621094,-30.343679428100586
17,91,1,76.71082305908203,-21.583110809326172
17,92,0,54.80107879638672,-30.301509857177734
17,92,1,76.54032135009766,-21.629039764404297
17,93,0,55.09442138671875,-30.257869720458984
17,93,1,76.36971282958984,-21.675310134887695
17,94,0,55.39012145996094,-30.213449478149414
17,94,1,76.1989974975586,-21.72188949584961
17,95,0,55.687599182128906,-30.167850494384766
17,95,1,76.02850341796875,-21.76881980895996
17,96,0,55.987060546875,-30.121309280395508
17,96,1,75.85816192626953,-21.815959930419922
17,97,0,56.28683853149414,-30.073610305786133
17,97,1,75.68814086914062,-21.863439559936523
17,98,0,56.58824920654297,-30.024280548095703
17,98,1,75.51834106445312,-21.911270141601562
17,99,0,56.89133834838867,-29.97368049621582
17,99,1,75.34868621826172,-21.959489822387695
18,0,0,17.880170822143555,-37.400230407714844
18,0,1,92.51341247558594,-18.51869010925293
18,1,0,18.132709503173828,-37.34389877319336
18,1,1,92.34200286865234,-18.55974006652832
18,2,0,18.384370803833008,-37.287841796875
18,2,1,92.17012023925781,-18.600650787353516
18,3,0,18.63558006286621,-37.2321891784668
18,3,1,91.99777221679688,-18.641359329223633
18,4,0,18.88602066040039,-37.177330017089844
18,4,1,91.82495880126953,-18.681930541992188
18,5,0,19.135120391845703,-37.123138427734375
18,5,1,91.65164184570312,-18.72258949279785
18,6,0,19.383060455322266,-37.06924057006836
18,6,1,91.47782897949219,-18.763259887695312
18,7,0,19.630809783935547,-37.01530838012695
18,7,1,91.30368041992188,-18.80381965637207
18,8,0,19.876989364624023,-36.961891174316406
18,8,1,91.12921142578125,-18.84429931640625
18,9,0,20.1218204498291,-36.90956115722656
18,9,1,90.95446014404297,-18.884750366210938
18,10,0,20.366050720214844,-36.857601165771484
18,10,1,90.7794189453125,-18.925180435180664
18,11,0,20.608810424804688,-36.80569839477539
18,11,1,90.60420227050781,-18.965499877929688
18,12,0,20.85025978088379,-36.75394821166992
18,12,1,90.42896270751953,-19.005630493164062
18,13,0,21.090240478515625,-36.70233154296875
18,13,1,90.25390625,-19.04553985595703
18,14,0,21.32868003845215,-36.651309967041016
18,14,1,90.07877349853516,-19.085220336914062
18,15,0,21.566160202026367,-36.60097122192383
18,15,1,89.90360260009766,-19.124399185180664
18,16,0,21.802400588989258,-36.55057144165039
18,16,1,89.72859191894531,-19.163150787353516
18,17,0,22.03791046142578,-36.50001907348633
18,17,1,89.55364990234375,-19.201419830322266
18,18,0,22.27239990234375,-36.44995880126953
18,18,1,89.37867736816406,-19.23917007446289
18,19,0,22.50551986694336,-36.39979934692383
18,19,1,89.203857421875,-19.276369094848633
18,20,0,22.737499237060547,-36.34897994995117
18,20,1,89.0290298461914,-19.313079833984375
18,21,0,22.96796989440918,-36.2982292175293
18,21,1,88.85417175292969,-19.34925079345703
18,22,0,23.196359634399414,-36.24795150756836
18,22,1,88.67935180664062,-19.384790420532227
18,23,0,23.422840118408203,-36.19765090942383
18,23,1,88.5047607421875,-19.419750213623047
18,24,0,23.64767074584961,-36.147701263427734
18,24,1,88.33038330078125,-19.45408058166504
18,25,0,23.871780395507812,-36.09815979003906
18,25,1,88.15621948242188,-19.487810134887695
18,26,0,24.094179153442383,-36.04854965209961
18,26,1,87.98217010498047,-19.520980834960938
18,27,0,24.31555938720703,-35.99863052368164
18,27,1,87.80812072753906,-19.553560256958008
18,28,0,24.53611946105957,-35.94926071166992
18,28,1,87.63419342041016,-19.585590362548828
18,29,0,24.75625991821289,-35.899471282958984
18,29,1,87.45999908447266,-19.61716079711914
18,30,0,24.975130081176758,-35.849910736083984
18,30,1,87.2859115600586,-19.648300170898438
18,31,0,25.192459106445312,-35.800838470458984
18,31,1,87.11200714111328,-19.679100036621094
18,32,0,25.40859031677246,-35.75164031982422
18,32,1,86.93827819824219,-19.70949935913086
18,33,0,25.623310089111328,-35.702491760253906
18,33,1,86.76470184326172,-19.73954963684082
18,34,0,25.83715057373047,-35.65380859375
18,34,1,86.59121704101562,-19.769359588623047
18,35,0,26.051090240478516,-35.60469055175781
18,35,1,86.41771697998047,-19.798999786376953
18,36,0,26.264720916748047,-35.555641174316406
18,36,1,86.24413299560547,-19.828590393066406
18,37,0,26.478370666503906,-35.50666046142578
18,37,1,86.07060241699219,-19.858020782470703
18,38,0,26.690500259399414,-35.45722961425781
18,38,1,85.89679718017578,-19.887449264526367
18,39,0,26.901399612426758,-35.40753936767578
18,39,1,85.72295379638672,-19.916759490966797
18,40,0,27.111330032348633,-35.35784912109375
18,40,1,85.54907989501953,-19.946029663085938
18,41,0,27.32052993774414,-35.30852127075195
18,41,1,85.37516021728516,-19.975210189819336
18,42,0,27.52911949157715,-35.25944137573242
18,42,1,85.2012710571289,-20.00436019897461
18,43,0,27.73634910583496,-35.21078872680664
18,43,1,85.02725982666016,-20.03352928161621
18,44,0,27.941389083862305,-35.163089752197266
18,44,1,84.85318756103516,-20.062700271606445
18,45,0,28.144990921020508,-35.1159782409668
18,45,1,84.67913055419922,-20.09174919128418
18,46,0,28.346860885620117,-35.069210052490234
18,46,1,84.50517272949219,-20.120729446411133
18,47,0,28.547590255737305,-35.02259826660156
18,47,1,84.33139038085938,-20.149520874023438
18,48,0,28.74677085876465,-34.97597885131836
18,48,1,84.15760040283203,-20.17816925048828
18,49,0,28.944509506225586,-34.92787170410156
18,49,1,83.98355102539062,-20.206729888916016
18,50,0,29.14082908630371,-34.88037872314453
18,50,1,83.8094482421875,-20.235029220581055
18,51,0,29.33608055114746,-34.833309173583984
18,51,1,83.63539123535156,-20.26304054260254
18,52,0,29.529659271240234,-34.786678314208984
18,52,1,83.46131896972656,-20.290769577026367
18,53,0,29.720970153808594,-34.74089050292969
18,53,1,83.2872085571289,-20.31822967529297
18,54,0,29.90995979309082,-34.6956901550293
18,54,1,83.11319732666016,-20.345359802246094
18,55,0,30.09847068786621,-34.65092849731445
18,55,1,82.93904113769531,-20.372140884399414
18,56,0,30.28554916381836,-34.60667037963867
18,56,1,82.76471710205078,-20.398679733276367
18,57,0,30.470239639282227,-34.56304168701172
18,57,1,82.59046936035156,-20.424949645996094
18,58,0,30.65321922302246,-34.52022171020508
18,58,1,82.41597747802734,-20.451019287109375
18,59,0,30.83506965637207,-34.47840118408203
18,59,1,82.24130249023438,-20.476900100708008
18,60,0,31.015220642089844,-34.43674087524414
18,60,1,82.06655883789062,-20.502580642700195
18,61,0,31.19420051574707,-34.3956298828125
18,61,1,81.89179992675781,-20.528169631958008
18,62,0,31.372390747070312,-34.35538864135742
18,62,1,81.71710968017578,-20.553680419921875
18,63,0,31.548349380493164,-34.31584930419922
18,63,1,81.54242706298828,-20.579259872436523
18,64,0,31.72212028503418,-34.2765998840332
18,64,1,81.36785125732422,-20.60491943359375
18,65,0,31.89362907409668,-34.23699188232422
18,65,1,81.19344329833984,-20.63088035583496
18,66,0,32.06391906738281,-34.19770812988281
18,66,1,81.01891326904297,-20.657180786132812
18,67,0,32.232059478759766,-34.15871810913086
18,67,1,80.84429931640625,-20.683940887451172
18,68,0,32.39883041381836,-34.12015151977539
18,68,1,80.66973114013672,-20.71129035949707
18,69,0,32.563079833984375,-34.081939697265625
18,69,1,80.49530029296875,-20.739240646362305
18,70,0,32.72605895996094,-34.04323959350586
18,70,1,80.32097625732422,-20.76789093017578
18,71,0,32.8868408203125,-34.005699157714844
18,71,1,80.14671325683594,-20.797409057617188
18,72,0,33.046539306640625,-33.96834945678711
18,72,1,79.97315216064453,-20.82762908935547
18,73,0,33.20555877685547,-33.93218994140625
18,73,1,79.79989624023438,-20.858789443969727
18,74,0,33.36296844482422,-33.895328521728516
18,74,1,79.62673950195312,-20.89109992980957
18,75,0,33.519100189208984,-33.85803985595703
18,75,1,79.45365142822266,-20.92452049255371
18,76,0,33.67443084716797,-33.82162094116211
18,76,1,79.28077697753906,-20.95907974243164
18,77,0,33.828941345214844,-33.78575134277344
18,77,1,79.10839080810547,-20.994760513305664
18,78,0,33.98276901245117,-33.750518798828125
18,78,1,78.9361572265625,-21.031530380249023
18,79,0,34.13682174682617,-33.71598815917969
18,79,1,78.7640609741211,-21.069339752197266
18,80,0,34.290279388427734,-33.682369232177734
18,80,1,78.59223175048828,-21.108190536499023
18,81,0,34.44314956665039,-33.64965057373047
18,81,1,78.42044830322266,-21.148059844970703
18,82,0,34.595211029052734,-33.61743927001953
18,82,1,78.24893951416016,-21.18882942199707
18,83,0,34.74723815917969,-33.58518981933594
18,83,1,78.07749938964844,-21.230379104614258
18,84,0,34.89910888671875,-33.553070068359375
18,84,1,77.90611267089844,-21.272659301757812
18,85,0,35.04988098144531,-33.521209716796875
18,85,1,77.73493957519531,-21.31555938720703
18,86,0,35.200340270996094,-33.489810943603516
18,86,1,77.56404876708984,-21.358989715576172
18,87,0,35.35115051269531,-33.45893096923828
18,87,1,77.39334106445312,-21.40291976928711
18,88,0,35.501461029052734,-33.429351806640625
18,88,1,77.22264099121094,-21.447359085083008
18,89,0,35.651649475097656,-33.40005111694336
18,89,1,77.05201721191406,-21.492219924926758
18,90,0,35.803348541259766,-33.3707389831543
18,90,1,76.88139343261719,-21.537490844726562
18,91,0,35.95991897583008,-33.34114074707031
18,91,1,76.71082305908203,-21.583110809326172
18,92,0,36.116790771484375,-33.31216812133789
18,92,1,76.54032135009766,-21.629039764404297
18,93,0,36.273040771484375,-33.283790588378906
18,93,1,76.36971282958984,-21.675310134887695
18,94,0,36.42974853515625,-33.25632858276367
18,94,1,76.1989974975586,-21.72188949584961
18,95,0,36.586639404296875,-33.228919982910156
18,95,1,76.02850341796875,-21.76881980895996
18,96,0,36.74296188354492,-33.2021598815918
18,96,1,75.85816192626953,-21.815959930419922
18,97,0,36.89876937866211,-33.176300048828125
18,97,1,75.68814086914062,-21.863439559936523
18,98,0,37.05387878417969,-33.15047836303711
18,98,1,75.51834106445312,-21.911270141601562
18,99,0,37.20692825317383,-33.12532043457031
18,99,1,75.34868621826172,-21.959489822387695
19,0,0,85.74575805664062,-19.609209060668945
19,0,1,40.53369140625,-16.301620483398438
19,1,0,85.58068084716797,-19.645769119262695
19,1,1,40.662899017333984,-16.462919235229492
19,2,0,85.41546630859375,-19.682470321655273
19,2,1,40.79159164428711,-16.625499725341797
19,3,0,85.25019836425781,-19.719350814819336
19,3,1,40.92042922973633,-16.787660598754883
19,4,0,85.08477783203125,-19.756359100341797
19,4,1,41.04853057861328,-16.948299407958984
19,5,0,84.91935729980469,-19.79364013671875
19,5,1,41.177730560302734,-17.108619689941406
19,6,0,84.75382995605469,-19.83135986328125
19,6,1,41.30377960205078,-17.268030166625977
19,7,0,84.58844757080078,-19.869749069213867
19,7,1,41.42741012573242,-17.425199508666992
19,8,0,84.42323303222656,-19.907190322875977
19,8,1,41.548828125,-17.580320358276367
19,9,0,84.25845336914062,-19.943660736083984
19,9,1,41.66719055175781,-17.732999801635742
19,10,0,84.09398651123047,-19.97941017150879
19,10,1,41.782379150390625,-17.883380889892578
19,11,0,83.92974853515625,-20.014490127563477
19,11,1,41.89455032348633,-18.031169891357422
19,12,0,83.76522827148438,-20.049060821533203
19,12,1,42.00394058227539,-18.17584991455078
19,13,0,83.60090637207031,-20.083690643310547
19,13,1,42.11103820800781,-18.31764030456543
19,14,0,83.43634033203125,-20.118310928344727
19,14,1,42.2157096862793,-18.456890106201172
19,15,0,83.27159118652344,-20.1529598236084
19,15,1,42.317718505859375,-18.59370994567871
19,16,0,83.1065673828125,-20.187599182128906
19,16,1,42.41817855834961,-18.728130340576172
19,17,0,82.94113159179688,-20.22216033935547
19,17,1,42.51679992675781,-18.860990524291992
19,18,0,82.77629089355469,-20.256559371948242
19,18,1,42.61294174194336,-18.991640090942383
19,19,0,82.6115493774414,-20.29096031188965
19,19,1,42.70766067504883,-19.12026023864746
19,20,0,82.4466323852539,-20.325359344482422
19,20,1,42.80051040649414,-19.2473201751709
19,21,0,82.28156280517578,-20.359739303588867
19,21,1,42.89228057861328,-19.373619079589844
19,22,0,82.1159896850586,-20.394500732421875
19,22,1,42.98387145996094,-19.500329971313477
19,23,0,81.9497299194336,-20.429670333862305
19,23,1,43.073280334472656,-19.625699996948242
19,24,0,81.78270721435547,-20.465179443359375
19,24,1,43.16130828857422,-19.7496395111084
19,25,0,81.61595916748047,-20.50082015991211
19,25,1,43.24742126464844,-19.872230529785156
19,26,0,81.44886016845703,-20.536640167236328
19,26,1,43.331748962402344,-19.993139266967773
19,27,0,81.28230285644531,-20.572460174560547
19,27,1,43.41490173339844,-20.112449645996094
19,28,0,81.11650848388672,-20.608169555664062
19,28,1,43.496368408203125,-20.23015022277832
19,29,0,80.9513168334961,-20.643970489501953
19,29,1,43.576358795166016,-20.34650993347168
19,30,0,80.78675842285156,-20.67983055114746
19,30,1,43.655181884765625,-20.46108055114746
19,31,0,80.62246704101562,-20.716049194335938
19,31,1,43.73244094848633,-20.57406997680664
19,32,0,80.45802307128906,-20.752309799194336
19,32,1,43.8083381652832,-20.685850143432617
19,33,0,80.29422760009766,-20.78849983215332
19,33,1,43.8832893371582,-20.796180725097656
19,34,0,80.1309814453125,-20.824499130249023
19,34,1,43.95745086669922,-20.904640197753906
19,35,0,79.96808624267578,-20.859859466552734
19,35,1,44.03049850463867,-21.011180877685547
19,36,0,79.80577087402344,-20.894529342651367
19,36,1,44.102088928222656,-21.116409301757812
19,37,0,79.64391326904297,-20.92860984802246
19,37,1,44.17253112792969,-21.220109939575195
19,38,0,79.48262023925781,-20.962230682373047
19,38,1,44.242149353027344,-21.322519302368164
19,39,0,79.32186126708984,-20.995590209960938
19,39,1,44.31098175048828,-21.423320770263672
19,40,0,79.16146087646484,-21.028749465942383
19,40,1,44.37947082519531,-21.52259063720703
19,41,0,79.00144958496094,-21.0618896484375
19,41,1,44.44675827026367,-21.61996078491211
19,42,0,78.84169006347656,-21.09610939025879
19,42,1,44.51219940185547,-21.715560913085938
19,43,0,78.68192291259766,-21.13014030456543
19,43,1,44.57643127441406,-21.810340881347656
19,44,0,78.52174377441406,-21.16411018371582
19,44,1,44.63972091674805,-21.90399932861328
19,45,0,78.3614730834961,-21.19782066345215
19,45,1,44.703060150146484,-21.99799919128418
19,46,0,78.20143127441406,-21.231229782104492
19,46,1,44.765960693359375,-22.091520309448242
19,47,0,78.04167938232422,-21.26435089111328
19,47,1,44.82862854003906,-22.184879302978516
19,48,0,77.8818588256836,-21.297380447387695
19,48,1,44.89125061035156,-22.2783203125
19,49,0,77.72218322753906,-21.330490112304688
19,49,1,44.953739166259766,-22.37169075012207
19,50,0,77.56253814697266,-21.3641300201416
19,50,1,45.014129638671875,-22.461429595947266
19,51,0,77.40286254882812,-21.3983097076416
19,51,1,45.074180603027344,-22.550230026245117
19,52,0,77.24286651611328,-21.43267059326172
19,52,1,45.13386154174805,-22.638460159301758
19,53,0,77.08267211914062,-21.46710968017578
19,53,1,45.19377899169922,-22.72650909423828
19,54,0,76.9222183227539,-21.50164031982422
19,54,1,45.25362014770508,-22.814390182495117
19,55,0,76.76158905029297,-21.53619956970215
19,55,1,45.31319046020508,-22.901960372924805
19,56,0,76.60118103027344,-21.571720123291016
19,56,1,45.37260818481445,-22.989139556884766
19,57,0,76.44065856933594,-21.608190536499023
19,57,1,45.43191146850586,-23.076040267944336
19,58,0,76.28015899658203,-21.64579963684082
19,58,1,45.49085998535156,-23.161760330200195
19,59,0,76.11936950683594,-21.68433952331543
19,59,1,45.5499382019043,-23.24721908569336
19,60,0,75.95807647705078,-21.723970413208008
19,60,1,45.60947036743164,-23.33283042907715
19,61,0,75.79685974121094,-21.76470947265625
19,61,1,45.66954040527344,-23.41851043701172
19,62,0,75.63522338867188,-21.806720733642578
19,62,1,45.73004913330078,-23.50366973876953
19,63,0,75.47354125976562,-21.849950790405273
19,63,1,45.791038513183594,-23.588350296020508
19,64,0,75.3117904663086,-21.8944091796875
19,64,1,45.85213851928711,-23.67289924621582
19,65,0,75.15013885498047,-21.9401798248291
19,65,1,45.91373062133789,-23.757259368896484
19,66,0,74.9885482788086,-21.987430572509766
19,66,1,45.97563934326172,-23.841609954833984
19,67,0,74.82701110839844,-22.036130905151367
19,67,1,46.03839874267578,-23.925830841064453
19,68,0,74.66535949707031,-22.086299896240234
19,68,1,46.10197067260742,-24.009729385375977
19,69,0,74.50375366210938,-22.13775062561035
19,69,1,46.1668586730957,-24.093610763549805
19,70,0,74.3420181274414,-22.19029998779297
19,70,1,46.23262023925781,-24.177940368652344
19,71,0,74.1805419921875,-22.243179321289062
19,71,1,46.29972839355469,-24.263200759887695
19,72,0,74.0186996459961,-22.296119689941406
19,72,1,46.368080139160156,-24.349319458007812
19,73,0,73.85633087158203,-22.3487491607666
19,73,1,46.43770980834961,-24.436279296875
19,74,0,73.69348907470703,-22.400869369506836
19,74,1,46.509578704833984,-24.52383041381836
19,75,0,73.53018951416016,-22.453590393066406
19,75,1,46.58320999145508,-24.61241912841797
19,76,0,73.36683654785156,-22.50550079345703
19,76,1,46.65837860107422,-24.70166015625
19,77,0,73.2034912109375,-22.556560516357422
19,77,1,46.734779357910156,-24.791669845581055
19,78,0,73.04020690917969,-22.606800079345703
19,78,1,46.81415939331055,-24.88178062438965
19,79,0,72.87712860107422,-22.656219482421875
19,79,1,46.894840240478516,-24.973060607910156
19,80,0,72.71436309814453,-22.70496940612793
19,80,1,46.977439880371094,-25.065250396728516
19,81,0,72.55181121826172,-22.75334930419922
19,81,1,47.06153106689453,-25.158679962158203
19,82,0,72.38941192626953,-22.801719665527344
19,82,1,47.14788818359375,-25.252840042114258
19,83,0,72.22760772705078,-22.85009002685547
19,83,1,47.236881256103516,-25.34741973876953
19,84,0,72.06604766845703,-22.898479461669922
19,84,1,47.3277587890625,-25.44215965270996
19,85,0,71.904052734375,-22.946800231933594
19,85,1,47.422210693359375,-25.535560607910156
19,86,0,71.74183654785156,-22.9949893951416
19,86,1,47.520790100097656,-25.629240036010742
19,87,0,71.5797119140625,-23.043289184570312
19,87,1,47.624168395996094,-25.72368049621582
19,88,0,71.41802215576172,-23.0916690826416
19,88,1,47.730281829833984,-25.818510055541992
19,89,0,71.25647735595703,-23.140209197998047
19,89,1,47.8402214050293,-25.913110733032227
19,90,0,71.09526062011719,-23.18903923034668
19,90,1,47.952579498291016,-26.008079528808594
19,91,0,70.9343490600586,-23.238189697265625
19,91,1,48.067501068115234,-26.10308074951172
19,92,0,70.7738037109375,-23.28754997253418
19,92,1,48.1856689453125,-26.198680877685547
19,93,0,70.6135025024414,-23.336599349975586
19,93,1,48.307491302490234,-26.292800903320312
19,94,0,70.45349884033203,-23.385650634765625
19,94,1,48.43178176879883,-26.387039184570312
19,95,0,70.2939224243164,-23.434709548950195
19,95,1,48.55857849121094,-26.481290817260742
19,96,0,70.1347427368164,-23.483779907226562
19,96,1,48.68790054321289,-26.575510025024414
19,97,0,69.97590637207031,-23.532859802246094
19,97,1,48.82075119018555,-26.66847038269043
19,98,0,69.8172607421875,-23.58209991455078
19,98,1,48.957279205322266,-26.760299682617188
19,99,0,69.6588134765625,-23.631549835205078
19,99,1,49.095829010009766,-26.85256004333496
20,0,0,88.78021240234375,-19.06907081604004
20,0,1,40.53369140625,-16.301620483398438
20,1,0,88.61112213134766,-19.095949172973633
20,1,1,40.662899017333984,-16.462919235229492
20,2,0,88.4420394897461,-19.122840881347656
20,2,1,40.79159164428711,-16.625499725341797
20,3,0,88.2730484008789,-19.14982032775879
20,3,1,40.92042922973633,-16.787660598754883
20,4,0,88.1042709350586,-19.1768798828125
20,4,1,41.04853057861328,-16.948299407958984
20,5,0,87.93576049804688,-19.20404052734375
20,5,1,41.177730560302734,-17.108619689941406
20,6,0,87.76753234863281,-19.231609344482422
20,6,1,41.30377960205078,-17.268030166625977
20,7,0,87.5990982055664,-19.25963020324707
20,7,1,41.42741012573242,-17.425199508666992
20,8,0,87.42932891845703,-19.28837013244629
20,8,1,41.548828125,-17.580320358276367
20,9,0,87.25969696044922,-19.31743049621582
20,9,1,41.66719055175781,-17.732999801635742
20,10,0,87.09026336669922,-19.346799850463867
20,10,1,41.782379150390625,-17.883380889892578
20,11,0,86.9209976196289,-19.376510620117188
20,11,1,41.89455032348633,-18.031169891357422
20,12,0,86.75212097167969,-19.40675926208496
20,12,1,42.00394058227539,-18.17584991455078
20,13,0,86.58354949951172,-19.437559127807617
20,13,1,42.11103820800781,-18.31764030456543
20,14,0,86.41542053222656,-19.468650817871094
20,14,1,42.2157096862793,-18.456890106201172
20,15,0,86.2477035522461,-19.500059127807617
20,15,1,42.317718505859375,-18.59370994567871
20,16,0,86.08055114746094,-19.53182029724121
20,16,1,42.41817855834961,-18.728130340576172
20,17,0,85.91390991210938,-19.56385040283203
20,17,1,42.51679992675781,-18.860990524291992
20,18,0,85.74772644042969,-19.596099853515625
20,18,1,42.61294174194336,-18.991640090942383
20,19,0,85.58196258544922,-19.6285400390625
20,19,1,42.70766067504883,-19.12026023864746
20,20,0,85.41667938232422,-19.6612606048584
20,20,1,42.80051040649414,-19.2473201751709
20,21,0,85.25189971923828,-19.69413948059082
20,21,1,42.89228057861328,-19.373619079589844
20,22,0,85.08757019042969,-19.727100372314453
20,22,1,42.98387145996094,-19.500329971313477
20,23,0,84.92376708984375,-19.760009765625
20,23,1,43.073280334472656,-19.625699996948242
20,24,0,84.76046752929688,-19.792869567871094
20,24,1,43.16130828857422,-19.7496395111084
20,25,0,84.59752655029297,-19.8256893157959
20,25,1,43.24742126464844,-19.872230529785156
20,26,0,84.43489074707031,-19.858409881591797
20,26,1,43.331748962402344,-19.993139266967773
20,27,0,84.27253723144531,-19.890949249267578
20,27,1,43.41490173339844,-20.112449645996094
20,28,0,84.11067962646484,-19.923120498657227
20,28,1,43.496368408203125,-20.23015022277832
20,29,0,83.94911193847656,-19.955059051513672
20,29,1,43.576358795166016,-20.34650993347168
20,30,0,83.78759002685547,-19.986719131469727
20,30,1,43.655181884765625,-20.46108055114746
20,31,0,83.62615203857422,-20.018110275268555
20,31,1,43.73244094848633,-20.57406997680664
20,32,0,83.46489715576172,-20.049299240112305
20,32,1,43.8083381652832,-20.685850143432617
20,33,0,83.30368041992188,-20.080039978027344
20,33,1,43.8832893371582,-20.796180725097656
20,34,0,83.14253234863281,-20.1102294921875
20,34,1,43.95745086669922,-20.904640197753906
20,35,0,82.98139953613281,-20.14015007019043
20,35,1,44.03049850463867,-21.011180877685547
20,36,0,82.82042694091797,-20.169740676879883
20,36,1,44.102088928222656,-21.116409301757812
20,37,0,82.65966796875,-20.19902992248535
20,37,1,44.17253112792969,-21.220109939575195
20,38,0,82.49907684326172,-20.228050231933594
20,38,1,44.242149353027344,-21.322519302368164
20,39,0,82.33866882324219,-20.256729125976562
20,39,1,44.31098175048828,-21.423320770263672
20,40,0,82.17829132080078,-20.28502082824707
20,40,1,44.37947082519531,-21.52259063720703
20,41,0,82.01809692382812,-20.31300926208496
20,41,1,44.44675827026367,-21.61996078491211
20,42,0,81.85803985595703,-20.340639114379883
20,42,1,44.51219940185547,-21.715560913085938
20,43,0,81.6982192993164,-20.367799758911133
20,43,1,44.57643127441406,-21.810340881347656
20,44,0,81.53845977783203,-20.394670486450195
20,44,1,44.63972091674805,-21.90399932861328
20,45,0,81.37876892089844,-20.421180725097656
20,45,1,44.703060150146484,-21.99799919128418
20,46,0,81.21916198730469,-20.44746971130371
20,46,1,44.765960693359375,-22.091520309448242
20,47,0,81.05940246582031,-20.47361946105957
20,47,1,44.82862854003906,-22.184879302978516
20,48,0,80.8991928100586,-20.499679565429688
20,48,1,44.89125061035156,-22.2783203125
20,49,0,80.73889923095703,-20.52560043334961
20,49,1,44.953739166259766,-22.37169075012207
20,50,0,80.57842254638672,-20.551429748535156
20,50,1,45.014129638671875,-22.461429595947266
20,51,0,80.4176025390625,-20.577369689941406
20,51,1,45.074180603027344,-22.550230026245117
20,52,0,80.25646209716797,-20.603479385375977
20,52,1,45.13386154174805,-22.638460159301758
20,53,0,80.09503173828125,-20.62989044189453
20,53,1,45.19377899169922,-22.72650909423828
20,54,0,79.93340301513672,-20.6566104888916
20,54,1,45.25362014770508,-22.814390182495117
20,55,0,79.77136993408203,-20.683759689331055
20,55,1,45.31319046020508,-22.901960372924805
20,56,0,79.60955047607422,-20.71122932434082
20,56,1,45.37260818481445,-22.989139556884766
20,57,0,79.44776916503906,-20.73921012878418
20,57,1,45.43191146850586,-23.076040267944336
20,58,0,79.2860107421875,-20.767669677734375
20,58,1,45.49085998535156,-23.161760330200195
20,59,0,79.1236572265625,-20.796749114990234
20,59,1,45.5499382019043,-23.24721908569336
20,60,0,78.96106719970703,-20.82649040222168
20,60,1,45.60947036743164,-23.33283042907715
20,61,0,78.7986068725586,-20.856849670410156
20,61,1,45.66954040527344,-23.41851043701172
20,62,0,78.63616180419922,-20.887990951538086
20,62,1,45.73004913330078,-23.50366973876953
20,63,0,78.47376251220703,-20.91986083984375
20,63,1,45.791038513183594,-23.588350296020508
20,64,0,78.3115005493164,-20.95241928100586
20,64,1,45.85213851928711,-23.67289924621582
20,65,0,78.14958953857422,-20.985740661621094
20,65,1,45.91373062133789,-23.757259368896484
20,66,0,77.98815155029297,-21.019840240478516
20,66,1,45.97563934326172,-23.841609954833984
20,67,0,77.82711791992188,-21.05474090576172
20,67,1,46.03839874267578,-23.925830841064453
20,68,0,77.66670227050781,-21.090349197387695
20,68,1,46.10197067260742,-24.009729385375977
20,69,0,77.50669860839844,-21.126699447631836
20,69,1,46.1668586730957,-24.093610763549805
20,70,0,77.34754180908203,-21.163610458374023
20,70,1,46.23262023925781,-24.177940368652344
20,71,0,77.18885040283203,-21.201120376586914
20,71,1,46.29972839355469,-24.263200759887695
20,72,0,77.03060913085938,-21.23918914794922
20,72,1,46.368080139160156,-24.349319458007812
20,73,0,76.8729476928711,-21.27773094177246
20,73,1,46.43770980834961,-24.436279296875
20,74,0,76.71575927734375,-21.316699981689453
20,74,1,46.509578704833984,-24.52383041381836
20,75,0,76.55928802490234,-21.35610008239746
20,75,1,46.58320999145508,-24.61241912841797
20,76,0,76.40348052978516,-21.395780563354492
20,76,1,46.65837860107422,-24.70166015625
20,77,0,76.24819946289062,-21.435739517211914
20,77,1,46.734779357910156,-24.791669845581055
20,78,0,76.0932388305664,-21.475990295410156
20,78,1,46.81415939331055,-24.88178062438965
20,79,0,75.93846893310547,-21.516529083251953
20,79,1,46.894840240478516,-24.973060607910156
20,80,0,75.78395080566406,-21.557310104370117
20,80,1,46.977439880371094,-25.065250396728516
20,81,0,75.62970733642578,-21.598289489746094
20,81,1,47.06153106689453,-25.158679962158203
20,82,0,75.47554016113281,-21.63949966430664
20,82,1,47.14788818359375,-25.252840042114258
20,83,0,75.32144927978516,-21.681020736694336
20,83,1,47.236881256103516,-25.34741973876953
20,84,0,75.16737365722656,-21.722749710083008
20,84,1,47.3277587890625,-25.44215965270996
20,85,0,75.01326751708984,-21.764699935913086
20,85,1,47.422210693359375,-25.535560607910156
20,86,0,74.85929107666016,-21.806730270385742
20,86,1,47.520790100097656,-25.629240036010742
20,87,0,74.70516204833984,-21.849000930786133
20,87,1,47.624168395996094,-25.72368049621582
20,88,0,74.5510482788086,-21.891490936279297
20,88,1,47.730281829833984,-25.818510055541992
20,89,0,74.3968734741211,-21.93423080444336
20,89,1,47.8402214050293,-25.913110733032227
20,90,0,74.24250793457031,-21.977270126342773
20,90,1,47.952579498291016,-26.008079528808594
20,91,0,74.08827209472656,-22.020639419555664
20,91,1,48.067501068115234,-26.10308074951172
20,92,0,73.93415069580078,-22.064380645751953
20,92,1,48.1856689453125,-26.198680877685547
20,93,0,73.78021240234375,-22.108600616455078
20,93,1,48.307491302490234,-26.292800903320312
20,94,0,73.62628173828125,-22.153350830078125
20,94,1,48.43178176879883,-26.387039184570312
20,95,0,73.47248077392578,-22.198680877685547
20,95,1,48.55857849121094,-26.481290817260742
20,96,0,73.31868743896484,-22.244720458984375
20,96,1,48.68790054321289,-26.575510025024414
20,97,0,73.16520690917969,-22.291410446166992
20,97,1,48.82075119018555,-26.66847038269043
20,98,0,73.01180267333984,-22.338769912719727
20,98,1,48.957279205322266,-26.760299682617188
20,99,0,72.85880279541016,-22.386730194091797
20,99,1,49.095829010009766,-26.85256004333496
21,0,0,40.485740661621094,-29.472639083862305
21,0,1,15.529199600219727,-38.723941802978516
21,1,0,40.25621032714844,-29.52712059020996
21,1,1,15.758899688720703,-38.6652717590332
21,2,0,40.0265007019043,-29.581199645996094
21,2,1,15.991259574890137,-38.60615921020508
21,3,0,39.796451568603516,-29.634790420532227
21,3,1,16.2254695892334,-38.54528045654297
21,4,0,39.565799713134766,-29.687999725341797
21,4,1,16.46154022216797,-38.483741760253906
21,5,0,39.33457946777344,-29.740840911865234
21,5,1,16.699020385742188,-38.42095947265625
21,6,0,39.10253143310547,-29.793420791625977
21,6,1,16.936359405517578,-38.35845184326172
21,7,0,38.86954879760742,-29.845550537109375
21,7,1,17.174020767211914,-38.29536056518555
21,8,0,38.635398864746094,-29.897340774536133
21,8,1,17.41189956665039,-38.231868743896484
21,9,0,38.4005012512207,-29.94870948791504
21,9,1,17.65074920654297,-38.167930603027344
21,10,0,38.16474914550781,-29.99958038330078
21,10,1,17.889659881591797,-38.10390853881836
21,11,0,37.928321838378906,-30.049970626831055
21,11,1,18.129430770874023,-38.03974151611328
21,12,0,37.691200256347656,-30.099809646606445
21,12,1,18.37002944946289,-37.97555923461914
21,13,0,37.45335006713867,-30.148849487304688
21,13,1,18.61063003540039,-37.911739349365234
21,14,0,37.215511322021484,-30.19721031188965
21,14,1,18.850400924682617,-37.84865951538086
21,15,0,36.977989196777344,-30.245460510253906
21,15,1,19.089059829711914,-37.785640716552734
21,16,0,36.740379333496094,-30.293689727783203
21,16,1,19.32632064819336,-37.72200012207031
21,17,0,36.502689361572266,-30.341890335083008
21,17,1,19.563199996948242,-37.65848922729492
21,18,0,36.26456069946289,-30.390439987182617
21,18,1,19.800189971923828,-37.59416961669922
21,19,0,36.02579879760742,-30.439489364624023
21,19,1,20.037179946899414,-37.52914810180664
21,20,0,35.7865104675293,-30.489110946655273
21,20,1,20.27351951599121,-37.46493148803711
21,21,0,35.54663848876953,-30.53944969177246
21,21,1,20.509899139404297,-37.401309967041016
21,22,0,35.30641174316406,-30.59048080444336
21,22,1,20.74608039855957,-37.33794021606445
21,23,0,35.06568908691406,-30.642030715942383
21,23,1,20.981760025024414,-37.27437973022461
21,24,0,34.824710845947266,-30.693599700927734
21,24,1,21.216779708862305,-37.210750579833984
21,25,0,34.58391189575195,-30.745229721069336
21,25,1,21.450950622558594,-37.14720153808594
21,26,0,34.34223937988281,-30.797800064086914
21,26,1,21.685739517211914,-37.08340072631836
21,27,0,34.10042190551758,-30.850759506225586
21,27,1,21.920089721679688,-37.019710540771484
21,28,0,33.85786819458008,-30.90534019470215
21,28,1,22.15376091003418,-36.95627975463867
21,29,0,33.61402130126953,-30.961280822753906
21,29,1,22.386470794677734,-36.89324951171875
21,30,0,33.369041442871094,-31.01789093017578
21,30,1,22.617929458618164,-36.830780029296875
21,31,0,33.12480163574219,-31.074899673461914
21,31,1,22.849449157714844,-36.76858139038086
21,32,0,32.88029861450195,-31.132280349731445
21,32,1,23.080419540405273,-36.70600891113281
21,33,0,32.63618087768555,-31.190250396728516
21,33,1,23.3104305267334,-36.64324188232422
21,34,0,32.39284896850586,-31.24942970275879
21,34,1,23.540739059448242,-36.57999038696289
21,35,0,32.15047073364258,-31.309329986572266
21,35,1,23.769180297851562,-36.51689910888672
21,36,0,31.908710479736328,-31.369829177856445
21,36,1,23.99608039855957,-36.45391082763672
21,37,0,31.667600631713867,-31.430879592895508
21,37,1,24.222530364990234,-36.390750885009766
21,38,0,31.427549362182617,-31.492509841918945
21,38,1,24.448169708251953,-36.32844924926758
21,39,0,31.188180923461914,-31.55483055114746
21,39,1,24.672910690307617,-36.26612854003906
21,40,0,30.949399948120117,-31.617799758911133
21,40,1,24.896289825439453,-36.204891204833984
21,41,0,30.710840225219727,-31.681549072265625
21,41,1,25.118139266967773,-36.14390182495117
21,42,0,30.472429275512695,-31.7460994720459
21,42,1,25.338449478149414,-36.08319091796875
21,43,0,30.234270095825195,-31.811140060424805
21,43,1,25.55714988708496,-36.022850036621094
21,44,0,29.99658966064453,-31.876819610595703
21,44,1,25.77495002746582,-35.96268844604492
21,45,0,29.759489059448242,-31.943069458007812
21,45,1,25.991670608520508,-35.902828216552734
21,46,0,29.522659301757812,-32.00973892211914
21,46,1,26.207050323486328,-35.843360900878906
21,47,0,29.2860107421875,-32.07672119140625
21,47,1,26.422630310058594,-35.78470993041992
21,48,0,29.04994010925293,-32.14393997192383
21,48,1,26.637069702148438,-35.72650909423828
21,49,0,28.814329147338867,-32.21138000488281
21,49,1,26.85000991821289,-35.668949127197266
21,50,0,28.579599380493164,-32.27833938598633
21,50,1,27.06093978881836,-35.612178802490234
21,51,0,28.345609664916992,-32.34474182128906
21,51,1,27.27104949951172,-35.5560417175293
21,52,0,28.11277961730957,-32.411041259765625
21,52,1,27.478639602661133,-35.50019073486328
21,53,0,27.880809783935547,-32.47731018066406
21,53,1,27.683870315551758,-35.444698333740234
21,54,0,27.64965057373047,-32.54291915893555
21,54,1,27.88702964782715,-35.39036178588867
21,55,0,27.419300079345703,-32.607818603515625
21,55,1,28.088850021362305,-35.33700942993164
21,56,0,27.189790725708008,-32.67203140258789
21,56,1,28.28923988342285,-35.2849006652832
21,57,0,26.961219787597656,-32.73603057861328
21,57,1,28.487770080566406,-35.23339080810547
21,58,0,26.73381996154785,-32.79991149902344
21,58,1,28.68423080444336,-35.1828498840332
21,59,0,26.50727081298828,-32.86341857910156
21,59,1,28.87887954711914,-35.13248062133789
21,60,0,26.2808895111084,-32.92715072631836
21,60,1,29.072120666503906,-35.08235168457031
21,61,0,26.05500030517578,-32.99095916748047
21,61,1,29.263439178466797,-35.032779693603516
21,62,0,25.829599380493164,-33.054779052734375
21,62,1,29.453960418701172,-34.98365020751953
21,63,0,25.604320526123047,-33.11865997314453
21,63,1,29.64303970336914,-34.93532943725586
21,64,0,25.37881088256836,-33.18244934082031
21,64,1,29.82988929748535,-34.887969970703125
21,65,0,25.1533203125,-33.2463493347168
21,65,1,30.015369415283203,-34.841609954833984
21,66,0,24.928430557250977,-33.31018829345703
21,66,1,30.199430465698242,-34.79624938964844
21,67,0,24.704139709472656,-33.37392044067383
21,67,1,30.382810592651367,-34.75196075439453
21,68,0,24.480369567871094,-33.437400817871094
21,68,1,30.565250396728516,-34.70851135253906
21,69,0,24.257400512695312,-33.50056076049805
21,69,1,30.746129989624023,-34.66471862792969
21,70,0,24.034570693969727,-33.56378936767578
21,70,1,30.926050186157227,-34.6207389831543
21,71,0,23.812490463256836,-33.626670837402344
21,71,1,31.105560302734375,-34.57670974731445
21,72,0,23.590900421142578,-33.689170837402344
21,72,1,31.284400939941406,-34.53363037109375
21,73,0,23.3688907623291,-33.751590728759766
21,73,1,31.46162986755371,-34.489601135253906
21,74,0,23.14657974243164,-33.81391143798828
21,74,1,31.63886070251465,-34.44601821899414
21,75,0,22.923669815063477,-33.87554931640625
21,75,1,31.814899444580078,-34.40393829345703
21,76,0,22.700300216674805,-33.9370002746582
21,76,1,31.98961067199707,-34.36172103881836
21,77,0,22.47648048400879,-33.99824142456055
21,77,1,32.163360595703125,-34.31998062133789
21,78,0,22.252090454101562,-34.05929946899414
21,78,1,32.33633041381836,-34.27899169921875
21,79,0,22.02730941772461,-34.12010955810547
21,79,1,32.50849914550781,-34.23809051513672
21,80,0,21.8021297454834,-34.18077087402344
21,80,1,32.679931640625,-34.19738006591797
21,81,0,21.576730728149414,-34.241119384765625
21,81,1,32.850521087646484,-34.15625
21,82,0,21.350900650024414,-34.30120086669922
21,82,1,33.02054977416992,-34.11623001098633
21,83,0,21.12476921081543,-34.36106872558594
21,83,1,33.19044876098633,-34.07545852661133
21,84,0,20.898000717163086,-34.42102813720703
21,84,1,33.359519958496094,-34.034889221191406
21,85,0,20.670530319213867,-34.48109817504883
21,85,1,33.5276985168457,-33.99483108520508
21,86,0,20.44243049621582,-34.541358947753906
21,86,1,33.69596862792969,-33.956138610839844
21,87,0,20.214509963989258,-34.601478576660156
21,87,1,33.86383056640625,-33.91764831542969
21,88,0,19.985929489135742,-34.66157150268555
21,88,1,34.0312614440918,-33.87963104248047
21,89,0,19.75674057006836,-34.721561431884766
21,89,1,34.19826889038086,-33.842559814453125
21,90,0,19.526790618896484,-34.78145980834961
21,90,1,34.3650016784668,-33.80514144897461
21,91,0,19.296180725097656,-34.841548919677734
21,91,1,34.53049087524414,-33.76792907714844
21,92,0,19.064939498901367,-34.901611328125
21,92,1,34.69541931152344,-33.731201171875
21,93,0,18.833200454711914,-34.9615592956543
21,93,1,34.86109161376953,-33.69485092163086
21,94,0,18.60063934326172,-35.020938873291016
21,94,1,35.0269889831543,-33.65835189819336
21,95,0,18.36758041381836,-35.079219818115234
21,95,1,35.192081451416016,-33.62194061279297
21,96,0,18.1337890625,-35.136810302734375
21,96,1,35.35708999633789,-33.58646011352539
21,97,0,17.899200439453125,-35.193321228027344
21,97,1,35.52136993408203,-33.551109313964844
21,98,0,17.66387939453125,-35.249778747558594
21,98,1,35.6846809387207,-33.5158805847168
21,99,0,17.42789077758789,-35.306148529052734
21,99,1,35.847320556640625,-33.48088836669922
22,0,0,39.89678955078125,-15.329339981079102
22,0,1,15.422269821166992,-38.530181884765625
22,1,0,40.02906036376953,-15.477080345153809
22,1,1,15.793959617614746,-38.439090728759766
22,2,0,40.15964126586914,-15.62382984161377
22,2,1,16.16762924194336,-38.34711837768555
22,3,0,40.288169860839844,-15.769729614257812
22,3,1,16.543790817260742,-38.25434875488281
22,4,0,40.414669036865234,-15.914950370788574
22,4,1,16.92061996459961,-38.16123962402344
22,5,0,40.53921890258789,-16.059249877929688
22,5,1,17.296159744262695,-38.067989349365234
22,6,0,40.66154861450195,-16.202550888061523
22,6,1,17.67112922668457,-37.974971771240234
22,7,0,40.78179931640625,-16.345060348510742
22,7,1,18.045339584350586,-37.88236999511719
22,8,0,40.89994812011719,-16.4867000579834
22,8,1,18.417940139770508,-37.788639068603516
22,9,0,41.016029357910156,-16.627710342407227
22,9,1,18.78969955444336,-37.69512939453125
22,10,0,41.129920959472656,-16.767940521240234
22,10,1,19.16122055053711,-37.60218811035156
22,11,0,41.24161148071289,-16.907339096069336
22,11,1,19.53076934814453,-37.509010314941406
22,12,0,41.351139068603516,-17.045940399169922
22,12,1,19.898130416870117,-37.41613006591797
22,13,0,41.45845031738281,-17.183719635009766
22,13,1,20.264209747314453,-37.323768615722656
22,14,0,41.563819885253906,-17.321029663085938
22,14,1,20.62837028503418,-37.23225021362305
22,15,0,41.66725158691406,-17.4578800201416
22,15,1,20.990629196166992,-37.14133834838867
22,16,0,41.76863098144531,-17.594120025634766
22,16,1,21.3499698638916,-37.050941467285156
22,17,0,41.8679084777832,-17.729469299316406
22,17,1,21.706329345703125,-36.96152114868164
22,18,0,41.965049743652344,-17.86389923095703
22,18,1,22.060239791870117,-36.872989654541016
22,19,0,42.05997848510742,-17.997289657592773
22,19,1,22.41036033630371,-36.785118103027344
22,20,0,42.15256118774414,-18.129390716552734
22,20,1,22.756980895996094,-36.69807052612305
22,21,0,42.24298858642578,-18.26032066345215
22,21,1,23.100250244140625,-36.61225128173828
22,22,0,42.331390380859375,-18.390289306640625
22,22,1,23.440210342407227,-36.527931213378906
22,23,0,42.417720794677734,-18.51943016052246
22,23,1,23.77621078491211,-36.443668365478516
22,24,0,42.5018310546875,-18.647239685058594
22,24,1,24.10886001586914,-36.36008071899414
22,25,0,42.583919525146484,-18.773889541625977
22,25,1,24.439390182495117,-36.27714920043945
22,26,0,42.66402053833008,-18.899269104003906
22,26,1,24.767269134521484,-36.195098876953125
22,27,0,42.74222946166992,-19.02338981628418
22,27,1,25.0910701751709,-36.114749908447266
22,28,0,42.81835174560547,-19.145889282226562
22,28,1,25.41122055053711,-36.035308837890625
22,29,0,42.89242935180664,-19.266769409179688
22,29,1,25.728389739990234,-35.956809997558594
22,30,0,42.96440887451172,-19.385940551757812
22,30,1,26.042940139770508,-35.87913131713867
22,31,0,43.03432083129883,-19.503299713134766
22,31,1,26.35424041748047,-35.80189895629883
22,32,0,43.10211181640625,-19.618799209594727
22,32,1,26.66254997253418,-35.72534942626953
22,33,0,43.16788864135742,-19.73240089416504
22,33,1,26.967899322509766,-35.649898529052734
22,34,0,43.23186111450195,-19.844379425048828
22,34,1,27.270219802856445,-35.57587814331055
22,35,0,43.29399871826172,-19.954530715942383
22,35,1,27.56907081604004,-35.502418518066406
22,36,0,43.35430145263672,-20.06270980834961
22,36,1,27.86414909362793,-35.42998123168945
22,37,0,43.41292190551758,-20.169469833374023
22,37,1,28.155649185180664,-35.358829498291016
22,38,0,43.469818115234375,-20.274320602416992
22,38,1,28.444520950317383,-35.28913116455078
22,39,0,43.524940490722656,-20.37727928161621
22,39,1,28.7305908203125,-35.220130920410156
22,40,0,43.578338623046875,-20.478479385375977
22,40,1,29.013750076293945,-35.15214920043945
22,41,0,43.63019943237305,-20.577980041503906
22,41,1,29.294540405273438,-35.08543014526367
22,42,0,43.68050003051758,-20.675790786743164
22,42,1,29.573089599609375,-35.01961135864258
22,43,0,43.72945022583008,-20.771949768066406
22,43,1,29.848770141601562,-34.95463943481445
22,44,0,43.777000427246094,-20.866500854492188
22,44,1,30.121789932250977,-34.89081954956055
22,45,0,43.82318878173828,-20.95956039428711
22,45,1,30.392099380493164,-34.82809829711914
22,46,0,43.86825942993164,-21.051349639892578
22,46,1,30.6594295501709,-34.76613998413086
22,47,0,43.912288665771484,-21.1417293548584
22,47,1,30.92354965209961,-34.704898834228516
22,48,0,43.9552116394043,-21.23056983947754
22,48,1,31.185649871826172,-34.644630432128906
22,49,0,43.99720001220703,-21.317739486694336
22,49,1,31.445749282836914,-34.58456039428711
22,50,0,44.03820037841797,-21.403400421142578
22,50,1,31.703399658203125,-34.52526092529297
22,51,0,44.077919006347656,-21.48744010925293
22,51,1,31.959409713745117,-34.46689987182617
22,52,0,44.11629104614258,-21.570049285888672
22,52,1,32.213069915771484,-34.4096794128418
22,53,0,44.15333938598633,-21.651159286499023
22,53,1,32.46500015258789,-34.3531494140625
22,54,0,44.18904113769531,-21.730640411376953
22,54,1,32.715641021728516,-34.29716110229492
22,55,0,44.22336959838867,-21.808429718017578
22,55,1,32.96403121948242,-34.242549896240234
22,56,0,44.25703048706055,-21.884349822998047
22,56,1,33.2110710144043,-34.18832015991211
22,57,0,44.28950881958008,-21.95833969116211
22,57,1,33.4565315246582,-34.13536071777344
22,58,0,44.3209114074707,-22.030250549316406
22,58,1,33.70050811767578,-34.08314895629883
22,59,0,44.35103988647461,-22.100130081176758
22,59,1,33.942501068115234,-34.03226089477539
22,60,0,44.380130767822266,-22.167770385742188
22,60,1,34.18241882324219,-33.982059478759766
22,61,0,44.4080810546875,-22.233169555664062
22,61,1,34.42023849487305,-33.933128356933594
22,62,0,44.43503189086914,-22.296390533447266
22,62,1,34.65631866455078,-33.885009765625
22,63,0,44.46091842651367,-22.357419967651367
22,63,1,34.890499114990234,-33.838138580322266
22,64,0,44.4857292175293,-22.416139602661133
22,64,1,35.123111724853516,-33.79185104370117
22,65,0,44.50946044921875,-22.472490310668945
22,65,1,35.353240966796875,-33.746978759765625
22,66,0,44.53211975097656,-22.52631950378418
22,66,1,35.581451416015625,-33.703121185302734
22,67,0,44.55379104614258,-22.577579498291016
22,67,1,35.81148147583008,-33.65943908691406
22,68,0,44.57453155517578,-22.626230239868164
22,68,1,36.0400505065918,-33.61650085449219
22,69,0,44.59442138671875,-22.672300338745117
22,69,1,36.266719818115234,-33.574249267578125
22,70,0,44.61347961425781,-22.71571922302246
22,70,1,36.491451263427734,-33.53337860107422
22,71,0,44.63169860839844,-22.756460189819336
22,71,1,36.71485900878906,-33.493568420410156
22,72,0,44.64921951293945,-22.794540405273438
22,72,1,36.93693923950195,-33.45486831665039
22,73,0,44.66606903076172,-22.82988929748535
22,73,1,37.15660095214844,-33.417259216308594
22,74,0,44.682281494140625,-22.862550735473633
22,74,1,37.37437057495117,-33.380958557128906
22,75,0,44.697959899902344,-22.89257049560547
22,75,1,37.59040069580078,-33.34592056274414
22,76,0,44.71323013305664,-22.92003059387207
22,76,1,37.80562973022461,-33.31114959716797
22,77,0,44.728179931640625,-22.944910049438477
22,77,1,38.019649505615234,-33.276878356933594
22,78,0,44.742889404296875,-22.96731948852539
22,78,1,38.23196029663086,-33.24311065673828
22,79,0,44.757469177246094,-22.987340927124023
22,79,1,38.443119049072266,-33.209190368652344
22,80,0,44.77199935913086,-23.005020141601562
22,80,1,38.65266036987305,-33.17613983154297
22,81,0,44.786529541015625,-23.02046012878418
22,81,1,38.86101150512695,-33.14302062988281
22,82,0,44.801029205322266,-23.033830642700195
22,82,1,39.06850814819336,-33.11098861694336
22,83,0,44.81563186645508,-23.045320510864258
22,83,1,39.27402114868164,-33.079280853271484
22,84,0,44.83021926879883,-23.055200576782227
22,84,1,39.47789001464844,-33.04719161987305
22,85,0,44.845008850097656,-23.063629150390625
22,85,1,39.68027877807617,-33.01607131958008
22,86,0,44.86008834838867,-23.07061004638672
22,86,1,39.880889892578125,-32.9864501953125
22,87,0,44.875370025634766,-23.076480865478516
22,87,1,40.080291748046875,-32.95695877075195
22,88,0,44.89104080200195,-23.081310272216797
22,88,1,40.277591705322266,-32.92869186401367
22,89,0,44.90721893310547,-23.085229873657227
22,89,1,40.473121643066406,-32.90129089355469
22,90,0,44.92388916015625,-23.088470458984375
22,90,1,40.66762924194336,-32.87451171875
22,91,0,44.94105911254883,-23.091079711914062
22,91,1,40.860870361328125,-32.847801208496094
22,92,0,44.9587287902832,-23.093229293823242
22,92,1,41.0523681640625,-32.821048736572266
22,93,0,44.977291107177734,-23.095369338989258
22,93,1,41.24414825439453,-32.794010162353516
22,94,0,44.99671173095703,-23.097679138183594
22,94,1,41.43471908569336,-32.76736831665039
22,95,0,45.01689147949219,-23.1002197265625
22,95,1,41.62398147583008,-32.74102020263672
22,96,0,45.03773880004883,-23.102659225463867
22,96,1,41.81182861328125,-32.71508026123047
22,97,0,45.0594482421875,-23.10556983947754
22,97,1,41.99851989746094,-32.68954086303711
22,98,0,45.08211135864258,-23.108959197998047
22,98,1,42.18436050415039,-32.66455078125
22,99,0,45.10564041137695,-23.112659454345703
22,99,1,42.36967086791992,-32.63983154296875
23,0,0,50.463600158691406,-32.443359375
23,0,1,15.176679611206055,-38.5494384765625
23,1,0,50.462158203125,-32.44321060180664
23,1,1,15.46891975402832,-38.47447967529297
23,2,0,50.460731506347656,-32.44306945800781
23,2,1,15.765310287475586,-38.39820861816406
23,3,0,50.4593391418457,-32.44306182861328
23,3,1,16.06451988220215,-38.32133865356445
23,4,0,50.458038330078125,-32.443199157714844
23,4,1,16.366130828857422,-38.24428176879883
23,5,0,50.45698928833008,-32.4434700012207
23,5,1,16.669809341430664,-38.16756820678711
23,6,0,50.456180572509766,-32.443790435791016
23,6,1,16.975719451904297,-38.0896110534668
23,7,0,50.455631256103516,-32.44417190551758
23,7,1,17.282880783081055,-38.01103973388672
23,8,0,50.455379486083984,-32.4445915222168
23,8,1,17.591230392456055,-37.932491302490234
23,9,0,50.455570220947266,-32.4450798034668
23,9,1,17.900449752807617,-37.85322952270508
23,10,0,50.456180572509766,-32.445709228515625
23,10,1,18.20993995666504,-37.774681091308594
23,11,0,50.457340240478516,-32.44649124145508
23,11,1,18.51947021484375,-37.69636154174805
23,12,0,50.45909118652344,-32.44736862182617
23,12,1,18.829069137573242,-37.618648529052734
23,13,0,50.461490631103516,-32.44837188720703
23,13,1,19.139400482177734,-37.541481018066406
23,14,0,50.4647216796875,-32.449459075927734
23,14,1,19.450260162353516,-37.46377944946289
23,15,0,50.468971252441406,-32.450531005859375
23,15,1,19.7608699798584,-37.38618087768555
23,16,0,50.47420883178711,-32.451690673828125
23,16,1,20.07107925415039,-37.308231353759766
23,17,0,50.48064041137695,-32.45283889770508
23,17,1,20.380950927734375,-37.23031997680664
23,18,0,50.48828887939453,-32.45404052734375
23,18,1,20.690290451049805,-37.15196990966797
23,19,0,50.49721908569336,-32.4553108215332
23,19,1,20.99941062927246,-37.07440948486328
23,20,0,50.507408142089844,-32.45663070678711
23,20,1,21.306989669799805,-36.996578216552734
23,21,0,50.51890182495117,-32.457969665527344
23,21,1,21.613859176635742,-36.91865158081055
23,22,0,50.53165054321289,-32.45933151245117
23,22,1,21.919979095458984,-36.840999603271484
23,23,0,50.545780181884766,-32.46072006225586
23,23,1,22.226110458374023,-36.76380157470703
23,24,0,50.56134033203125,-32.46215057373047
23,24,1,22.531309127807617,-36.68772888183594
23,25,0,50.57828140258789,-32.46356964111328
23,25,1,22.835220336914062,-36.612388610839844
23,26,0,50.59663009643555,-32.464988708496094
23,26,1,23.138259887695312,-36.537200927734375
23,27,0,50.616371154785156,-32.466339111328125
23,27,1,23.440200805664062,-36.46266174316406
23,28,0,50.63761901855469,-32.46760940551758
23,28,1,23.741130828857422,-36.38737869262695
23,29,0,50.66033935546875,-32.46870040893555
23,29,1,24.040979385375977,-36.312721252441406
23,30,0,50.68442916870117,-32.46952819824219
23,30,1,24.339969635009766,-36.238128662109375
23,31,0,50.70998001098633,-32.47005081176758
23,31,1,24.63857078552246,-36.16461181640625
23,32,0,50.737060546875,-32.47031021118164
23,32,1,24.9360408782959,-36.09123992919922
23,33,0,50.76573181152344,-32.47023010253906
23,33,1,25.231630325317383,-36.01776123046875
23,34,0,50.79608917236328,-32.46963119506836
23,34,1,25.52644920349121,-35.94430923461914
23,35,0,50.82788848876953,-32.46849060058594
23,35,1,25.82069969177246,-35.871299743652344
23,36,0,50.86103057861328,-32.46675109863281
23,36,1,26.113439559936523,-35.79851150512695
23,37,0,50.895538330078125,-32.464420318603516
23,37,1,26.405569076538086,-35.727210998535156
23,38,0,50.93098068237305,-32.46141815185547
23,38,1,26.695240020751953,-35.656429290771484
23,39,0,50.96746063232422,-32.457611083984375
23,39,1,26.98324966430664,-35.587039947509766
23,40,0,51.00511932373047,-32.45309066772461
23,40,1,27.268369674682617,-35.519798278808594
23,41,0,51.04405975341797,-32.44778060913086
23,41,1,27.551740646362305,-35.452659606933594
23,42,0,51.08422088623047,-32.441558837890625
23,42,1,27.831899642944336,-35.38631057739258
23,43,0,51.12548828125,-32.43442916870117
23,43,1,28.109180450439453,-35.321170806884766
23,44,0,51.16807174682617,-32.42641067504883
23,44,1,28.383590698242188,-35.256309509277344
23,45,0,51.21179962158203,-32.4174690246582
23,45,1,28.656940460205078,-35.191810607910156
23,46,0,51.2565803527832,-32.407649993896484
23,46,1,28.928159713745117,-35.128108978271484
23,47,0,51.302391052246094,-32.396968841552734
23,47,1,29.197139739990234,-35.06602096557617
23,48,0,51.34939956665039,-32.38536834716797
23,48,1,29.464069366455078,-35.00442886352539
23,49,0,51.39752960205078,-32.372798919677734
23,49,1,29.728910446166992,-34.94464111328125
23,50,0,51.446529388427734,-32.35921859741211
23,50,1,29.9914493560791,-34.8848991394043
23,51,0,51.49658966064453,-32.34463119506836
23,51,1,30.25132942199707,-34.825660705566406
23,52,0,51.54767990112305,-32.3290901184082
23,52,1,30.508689880371094,-34.76749038696289
23,53,0,51.599998474121094,-32.31267166137695
23,53,1,30.76317024230957,-34.709529876708984
23,54,0,51.65346145629883,-32.29539108276367
23,54,1,31.014820098876953,-34.65222930908203
23,55,0,51.70811080932617,-32.27743911743164
23,55,1,31.26519012451172,-34.59579086303711
23,56,0,51.763980865478516,-32.25886154174805
23,56,1,31.51314926147461,-34.540828704833984
23,57,0,51.821170806884766,-32.23963165283203
23,57,1,31.758840560913086,-34.48659896850586
23,58,0,51.879539489746094,-32.219818115234375
23,58,1,32.00151062011719,-34.4333381652832
23,59,0,51.93904113769531,-32.1994514465332
23,59,1,32.24208068847656,-34.37982940673828
23,60,0,51.99967956542969,-32.178550720214844
23,60,1,32.48067092895508,-34.32678985595703
23,61,0,52.061439514160156,-32.157161712646484
23,61,1,32.717430114746094,-34.275638580322266
23,62,0,52.124271392822266,-32.13528823852539
23,62,1,32.95186996459961,-34.22478103637695
23,63,0,52.188201904296875,-32.11296844482422
23,63,1,33.18452072143555,-34.1752815246582
23,64,0,52.25318145751953,-32.09033966064453
23,64,1,33.415748596191406,-34.12746810913086
23,65,0,52.31925964355469,-32.06748962402344
23,65,1,33.64582824707031,-34.080421447753906
23,66,0,52.386409759521484,-32.04439926147461
23,66,1,33.87434005737305,-34.0349006652832
23,67,0,52.454559326171875,-32.02119827270508
23,67,1,34.100730895996094,-33.98979949951172
23,68,0,52.52375030517578,-31.997859954833984
23,68,1,34.32579040527344,-33.945709228515625
23,69,0,52.593910217285156,-31.974470138549805
23,69,1,34.549461364746094,-33.90195846557617
23,70,0,52.66503143310547,-31.951059341430664
23,70,1,34.77156066894531,-33.86088943481445
23,71,0,52.73712921142578,-31.92770004272461
23,71,1,34.992149353027344,-33.821781158447266
23,72,0,52.81018829345703,-31.904369354248047
23,72,1,35.21141052246094,-33.78413009643555
23,73,0,52.88431930541992,-31.8811092376709
23,73,1,35.42885971069336,-33.748008728027344
23,74,0,52.95928955078125,-31.858030319213867
23,74,1,35.64601135253906,-33.713558197021484
23,75,0,53.03511047363281,-31.835140228271484
23,75,1,35.86170959472656,-33.68014144897461
23,76,0,53.11170959472656,-31.812490463256836
23,76,1,36.07590866088867,-33.64588165283203
23,77,0,53.189029693603516,-31.79007911682129
23,77,1,36.288028717041016,-33.61286926269531
23,78,0,53.26742172241211,-31.767820358276367
23,78,1,36.49851989746094,-33.581138610839844
23,79,0,53.346431732177734,-31.74588966369629
23,79,1,36.707801818847656,-33.551448822021484
23,80,0,53.42610168457031,-31.72429084777832
23,80,1,36.91606903076172,-33.52302169799805
23,81,0,53.50638961791992,-31.70305061340332
23,81,1,37.122440338134766,-33.494380950927734
23,82,0,53.58734893798828,-31.68218994140625
23,82,1,37.3271484375,-33.46644973754883
23,83,0,53.66889953613281,-31.661760330200195
23,83,1,37.5306282043457,-33.43999099731445
23,84,0,53.751068115234375,-31.64175033569336
23,84,1,37.732330322265625,-33.41461181640625
23,85,0,53.83393859863281,-31.622140884399414
23,85,1,37.932220458984375,-33.389198303222656
23,86,0,53.917510986328125,-31.602989196777344
23,86,1,38.13043975830078,-33.36375045776367
23,87,0,54.001861572265625,-31.584270477294922
23,87,1,38.32741165161133,-33.33885955810547
23,88,0,54.08699035644531,-31.565990447998047
23,88,1,38.5236701965332,-33.31393814086914
23,89,0,54.172889709472656,-31.548120498657227
23,89,1,38.71876907348633,-33.28968048095703
23,90,0,54.259681701660156,-31.530649185180664
23,90,1,38.91305923461914,-33.26470947265625
23,91,0,54.34727096557617,-31.513620376586914
23,91,1,39.106170654296875,-33.240821838378906
23,92,0,54.435691833496094,-31.49700927734375
23,92,1,39.298851013183594,-33.21731948852539
23,93,0,54.52494812011719,-31.48080062866211
23,93,1,39.49116897583008,-33.194610595703125
23,94,0,54.6150016784668,-31.46501922607422
23,94,1,39.68281173706055,-33.17195129394531
23,95,0,54.706031799316406,-31.449560165405273
23,95,1,39.87382125854492,-33.148651123046875
23,96,0,54.79798126220703,-31.434450149536133
23,96,1,40.064151763916016,-33.126461029052734
23,97,0,54.89080047607422,-31.419660568237305
23,97,1,40.2540283203125,-33.10540008544922
23,98,0,54.98442840576172,-31.405120849609375
23,98,1,40.4429817199707,-33.084529876708984
23,99,0,55.07889175415039,-31.39076042175293
23,99,1,40.63167190551758,-33.06385040283203
24,0,0,54.63917922973633,-26.50235939025879
24,0,1,15.294560432434082,-38.67304992675781
24,1,0,54.38343048095703,-26.535890579223633
24,1,1,15.687199592590332,-38.56919860839844
24,2,0,54.127540588378906,-26.56985092163086
24,2,1,16.082799911499023,-38.46577835083008
24,3,0,53.87171936035156,-26.604249954223633
24,3,1,16.48008918762207,-38.361549377441406
24,4,0,53.615631103515625,-26.63916015625
24,4,1,16.878389358520508,-38.25703048706055
24,5,0,53.35956954956055,-26.674560546875
24,5,1,17.27699089050293,-38.152809143066406
24,6,0,53.103759765625,-26.71044921875
24,6,1,17.67436981201172,-38.049560546875
24,7,0,52.84775924682617,-26.746999740600586
24,7,1,18.07122039794922,-37.94704055786133
24,8,0,52.59151840209961,-26.78404998779297
24,8,1,18.46647071838379,-37.84449005126953
24,9,0,52.335609436035156,-26.821470260620117
24,9,1,18.858970642089844,-37.741668701171875
24,10,0,52.079551696777344,-26.85943031311035
24,10,1,19.24941062927246,-37.638729095458984
24,11,0,51.823219299316406,-26.898019790649414
24,11,1,19.637800216674805,-37.536869049072266
24,12,0,51.56673812866211,-26.93722915649414
24,12,1,20.022960662841797,-37.43672180175781
24,13,0,51.31016159057617,-26.97709083557129
24,13,1,20.404970169067383,-37.337799072265625
24,14,0,51.05400085449219,-27.017589569091797
24,14,1,20.78240966796875,-37.24082946777344
24,15,0,50.79764175415039,-27.058759689331055
24,15,1,21.156579971313477,-37.144500732421875
24,16,0,50.540870666503906,-27.100709915161133
24,16,1,21.526769638061523,-37.05043029785156
24,17,0,50.28403854370117,-27.143280029296875
24,17,1,21.893980026245117,-36.95709991455078
24,18,0,50.0277099609375,-27.186290740966797
24,18,1,22.257579803466797,-36.8642692565918
24,19,0,49.77138900756836,-27.229909896850586
24,19,1,22.617929458618164,-36.772579193115234
24,20,0,49.51504898071289,-27.274200439453125
24,20,1,22.97580909729004,-36.68149948120117
24,21,0,49.2588005065918,-27.319080352783203
24,21,1,23.330310821533203,-36.59128952026367
24,22,0,49.00284957885742,-27.364559173583984
24,22,1,23.682119369506836,-36.502159118652344
24,23,0,48.74673080444336,-27.410810470581055
24,23,1,24.03162956237793,-36.41389846801758
24,24,0,48.49052047729492,-27.457679748535156
24,24,1,24.378110885620117,-36.325950622558594
24,25,0,48.234371185302734,-27.505189895629883
24,25,1,24.72100067138672,-36.23870086669922
24,26,0,47.97813034057617,-27.55344009399414
24,26,1,25.060380935668945,-36.15243148803711
24,27,0,47.721649169921875,-27.60235023498535
24,27,1,25.396270751953125,-36.06772994995117
24,28,0,47.46556854248047,-27.65180015563965
24,28,1,25.730030059814453,-35.98432159423828
24,29,0,47.209320068359375,-27.7019100189209
24,29,1,26.061080932617188,-35.901729583740234
24,30,0,46.95309066772461,-27.752620697021484
24,30,1,26.388839721679688,-35.820098876953125
24,31,0,46.696990966796875,-27.803770065307617
24,31,1,26.713510513305664,-35.739830017089844
24,32,0,46.44097137451172,-27.855459213256836
24,32,1,27.034849166870117,-35.66035079956055
24,33,0,46.18470001220703,-27.907649993896484
24,33,1,27.352670669555664,-35.58163070678711
24,34,0,45.92876052856445,-27.960269927978516
24,34,1,27.66744041442871,-35.50400924682617
24,35,0,45.67338943481445,-28.01314926147461
24,35,1,27.97953987121582,-35.42766189575195
24,36,0,45.418128967285156,-28.066490173339844
24,36,1,28.288930892944336,-35.3519401550293
24,37,0,45.16299819946289,-28.120210647583008
24,37,1,28.595680236816406,-35.27708053588867
24,38,0,44.90835189819336,-28.174190521240234
24,38,1,28.89974021911621,-35.20338821411133
24,39,0,44.65428924560547,-28.228410720825195
24,39,1,29.200849533081055,-35.1309814453125
24,40,0,44.400569915771484,-28.282949447631836
24,40,1,29.499149322509766,-35.05887985229492
24,41,0,44.14704132080078,-28.337860107421875
24,41,1,29.79425048828125,-34.98789978027344
24,42,0,43.89345932006836,-28.393299102783203
24,42,1,30.085439682006836,-34.918251037597656
24,43,0,43.639869689941406,-28.44927978515625
24,43,1,30.373409271240234,-34.84999084472656
24,44,0,43.38650131225586,-28.50575065612793
24,44,1,30.656850814819336,-34.78263854980469
24,45,0,43.13311004638672,-28.56270980834961
24,45,1,30.93634033203125,-34.71678924560547
24,46,0,42.87984085083008,-28.62017059326172
24,46,1,31.212669372558594,-34.65140914916992
24,47,0,42.62644958496094,-28.6781005859375
24,47,1,31.48505973815918,-34.58694839477539
24,48,0,42.37274932861328,-28.7364501953125
24,48,1,31.753490447998047,-34.52389144897461
24,49,0,42.11909103393555,-28.79530906677246
24,49,1,32.018341064453125,-34.461978912353516
24,50,0,41.86492919921875,-28.85478973388672
24,50,1,32.279170989990234,-34.40174865722656
24,51,0,41.610721588134766,-28.914749145507812
24,51,1,32.536041259765625,-34.34275817871094
24,52,0,41.35639953613281,-28.975160598754883
24,52,1,32.78805160522461,-34.285240173339844
24,53,0,41.10198974609375,-29.035879135131836
24,53,1,33.03649139404297,-34.22827911376953
24,54,0,40.84722900390625,-29.096920013427734
24,54,1,33.28076934814453,-34.17253112792969
24,55,0,40.592079162597656,-29.158409118652344
24,55,1,33.52050018310547,-34.11827850341797
24,56,0,40.33692169189453,-29.22028923034668
24,56,1,33.756370544433594,-34.06575012207031
24,57,0,40.08203125,-29.282489776611328
24,57,1,33.9881591796875,-34.01464080810547
24,58,0,39.827308654785156,-29.34490966796875
24,58,1,34.21615982055664,-33.9647102355957
24,59,0,39.572471618652344,-29.407760620117188
24,59,1,34.44002914428711,-33.916778564453125
24,60,0,39.317420959472656,-29.470989227294922
24,60,1,34.6602897644043,-33.87030029296875
24,61,0,39.06224822998047,-29.534530639648438
24,61,1,34.87607955932617,-33.824920654296875
24,62,0,38.807071685791016,-29.598390579223633
24,62,1,35.088111877441406,-33.781131744384766
24,63,0,38.552101135253906,-29.662809371948242
24,63,1,35.296730041503906,-33.73910903930664
24,64,0,38.29705810546875,-29.727020263671875
24,64,1,35.50185012817383,-33.698219299316406
24,65,0,38.04191970825195,-29.790929794311523
24,65,1,35.703399658203125,-33.65803909301758
24,66,0,37.78683090209961,-29.85511016845703
24,66,1,35.905208587646484,-33.61846160888672
24,67,0,37.531700134277344,-29.919540405273438
24,67,1,36.10348129272461,-33.5795783996582
24,68,0,37.27663040161133,-29.98417091369629
24,68,1,36.299659729003906,-33.54108810424805
24,69,0,37.0213508605957,-30.048999786376953
24,69,1,36.49317932128906,-33.50362014770508
24,70,0,36.766029357910156,-30.113969802856445
24,70,1,36.68523025512695,-33.466758728027344
24,71,0,36.51079177856445,-30.17860984802246
24,71,1,36.876041412353516,-33.43061065673828
24,72,0,36.25566864013672,-30.24350929260254
24,72,1,37.06536102294922,-33.39590072631836
24,73,0,36.00032043457031,-30.308019638061523
24,73,1,37.25326156616211,-33.36212158203125
24,74,0,35.7446403503418,-30.3723201751709
24,74,1,37.440589904785156,-33.32954025268555
24,75,0,35.488670349121094,-30.43692970275879
24,75,1,37.62705993652344,-33.2977294921875
24,76,0,35.23244094848633,-30.501819610595703
24,76,1,37.8131217956543,-33.26646041870117
24,77,0,34.97645950317383,-30.566829681396484
24,77,1,37.99882888793945,-33.235130310058594
24,78,0,34.72077178955078,-30.632009506225586
24,78,1,38.18394088745117,-33.20341110229492
24,79,0,34.465240478515625,-30.69746971130371
24,79,1,38.368839263916016,-33.170780181884766
24,80,0,34.20962142944336,-30.763229370117188
24,80,1,38.55385971069336,-33.138389587402344
24,81,0,33.954219818115234,-30.82975959777832
24,81,1,38.73836898803711,-33.105159759521484
24,82,0,33.69850158691406,-30.896589279174805
24,82,1,38.92238998413086,-33.071250915527344
24,83,0,33.442630767822266,-30.963830947875977
24,83,1,39.10675811767578,-33.03929901123047
24,84,0,33.1869010925293,-31.030710220336914
24,84,1,39.2913703918457,-33.00777053833008
24,85,0,32.93165969848633,-31.097349166870117
24,85,1,39.475929260253906,-32.976200103759766
24,86,0,32.67692947387695,-31.16373062133789
24,86,1,39.66107940673828,-32.945518493652344
24,87,0,32.42245864868164,-31.23015022277832
24,87,1,39.84749984741211,-32.91482925415039
24,88,0,32.16843032836914,-31.29659080505371
24,88,1,40.035850524902344,-32.88507843017578
24,89,0,31.914390563964844,-31.363229751586914
24,89,1,40.22684097290039,-32.85498046875
24,90,0,31.660919189453125,-31.429779052734375
24,90,1,40.42063903808594,-32.82508850097656
24,91,0,31.407190322875977,-31.496410369873047
24,91,1,40.61724090576172,-32.79460906982422
24,92,0,31.153179168701172,-31.562349319458008
24,92,1,40.81734848022461,-32.76333999633789
24,93,0,30.899410247802734,-31.628250122070312
24,93,1,41.020511627197266,-32.73115921020508
24,94,0,30.646089553833008,-31.694000244140625
24,94,1,41.22666931152344,-32.69829177856445
24,95,0,30.393320083618164,-31.75905990600586
24,95,1,41.42792892456055,-32.66661834716797
24,96,0,30.140790939331055,-31.823440551757812
24,96,1,41.623531341552734,-32.6361198425293
24,97,0,29.888639450073242,-31.88715934753418
24,97,1,41.823699951171875,-32.6042594909668
24,98,0,29.63697052001953,-31.95025062561035
24,98,1,42.027198791503906,-32.5714111328125
24,99,0,29.38581085205078,-32.012821197509766
24,99,1,42.23468017578125,-32.538089752197266
25,0,0,30.86380958557129,-34.59315872192383
25,0,1,92.62682342529297,-18.500070571899414
25,1,0,31.203969955444336,-34.51683044433594
25,1,1,92.44087982177734,-18.53856086730957
25,2,0,31.543230056762695,-34.440391540527344
25,2,1,92.25447845458984,-18.577070236206055
25,3,0,31.881729125976562,-34.36513900756836
25,3,1,92.06713104248047,-18.615829467773438
25,4,0,32.219818115234375,-34.29077911376953
25,4,1,91.87882232666016,-18.654800415039062
25,5,0,32.558040618896484,-34.21757888793945
25,5,1,91.68932342529297,-18.694040298461914
25,6,0,32.89582061767578,-34.144378662109375
25,6,1,91.4988784790039,-18.73349952697754
25,7,0,33.2330207824707,-34.07170104980469
25,7,1,91.30760192871094,-18.773099899291992
25,8,0,33.57033157348633,-34.00054168701172
25,8,1,91.1155014038086,-18.812759399414062
25,9,0,33.90724182128906,-33.930110931396484
25,9,1,90.92269134521484,-18.8525390625
25,10,0,34.24494171142578,-33.86111068725586
25,10,1,90.72950744628906,-18.892290115356445
25,11,0,34.58311080932617,-33.79362106323242
25,11,1,90.53559112548828,-18.932090759277344
25,12,0,34.921329498291016,-33.72734832763672
25,12,1,90.34131622314453,-18.971790313720703
25,13,0,35.25978088378906,-33.66204833984375
25,13,1,90.14665985107422,-19.011499404907227
25,14,0,35.59798812866211,-33.597198486328125
25,14,1,89.95149230957031,-19.051210403442383
25,15,0,35.93571090698242,-33.53303909301758
25,15,1,89.75569152832031,-19.090940475463867
25,16,0,36.27452087402344,-33.469879150390625
25,16,1,89.5595703125,-19.13055992126465
25,17,0,36.61376190185547,-33.40779113769531
25,17,1,89.36286926269531,-19.170230865478516
25,18,0,36.952980041503906,-33.34672164916992
25,18,1,89.16639709472656,-19.209739685058594
25,19,0,37.29161071777344,-33.287410736083984
25,19,1,88.9699935913086,-19.249160766601562
25,20,0,37.63018035888672,-33.22903060913086
25,20,1,88.77348327636719,-19.288549423217773
25,21,0,37.96849060058594,-33.17033004760742
25,21,1,88.57731628417969,-19.32777976989746
25,22,0,38.306739807128906,-33.111351013183594
25,22,1,88.381591796875,-19.366870880126953
25,23,0,38.64482879638672,-33.05261993408203
25,23,1,88.18601989746094,-19.40587043762207
25,24,0,38.98278045654297,-32.99272155761719
25,24,1,87.99015808105469,-19.444839477539062
25,25,0,39.32075119018555,-32.93434143066406
25,25,1,87.79444122314453,-19.483749389648438
25,26,0,39.65851974487305,-32.87622833251953
25,26,1,87.59867095947266,-19.522560119628906
25,27,0,39.996150970458984,-32.81858825683594
25,27,1,87.40306854248047,-19.561220169067383
25,28,0,40.33359146118164,-32.76224899291992
25,28,1,87.20780944824219,-19.59967041015625
25,29,0,40.671260833740234,-32.706668853759766
25,29,1,87.01264953613281,-19.637889862060547
25,30,0,41.00899124145508,-32.65187072753906
25,30,1,86.81746673583984,-19.675800323486328
25,31,0,41.345741271972656,-32.59672164916992
25,31,1,86.62235260009766,-19.71347999572754
25,32,0,41.68223190307617,-32.5417594909668
25,32,1,86.42733001708984,-19.75082015991211
25,33,0,42.01863098144531,-32.48611831665039
25,33,1,86.23248291015625,-19.787870407104492
25,34,0,42.35525894165039,-32.430179595947266
25,34,1,86.03764343261719,-19.824499130249023
25,35,0,42.6921501159668,-32.37385177612305
25,35,1,85.8426513671875,-19.860929489135742
25,36,0,43.02885055541992,-32.31755828857422
25,36,1,85.64727020263672,-19.89715003967285
25,37,0,43.3659782409668,-32.26102066040039
25,37,1,85.45182037353516,-19.933040618896484
25,38,0,43.703250885009766,-32.2046012878418
25,38,1,85.25643157958984,-19.968460083007812
25,39,0,44.040138244628906,-32.14815139770508
25,39,1,85.06094360351562,-20.003629684448242
25,40,0,44.377220153808594,-32.09170150756836
25,40,1,84.86514282226562,-20.03852081298828
25,41,0,44.71405029296875,-32.03504943847656
25,41,1,84.66944122314453,-20.073089599609375
25,42,0,45.05030059814453,-31.97846031188965
25,42,1,84.47373962402344,-20.107349395751953
25,43,0,45.386348724365234,-31.92181968688965
25,43,1,84.27810668945312,-20.141300201416016
25,44,0,45.72235107421875,-31.865280151367188
25,44,1,84.08258819580078,-20.17487907409668
25,45,0,46.05854034423828,-31.808570861816406
25,45,1,83.88691711425781,-20.208179473876953
25,46,0,46.39516830444336,-31.751779556274414
25,46,1,83.6912612915039,-20.241230010986328
25,47,0,46.73228073120117,-31.694860458374023
25,47,1,83.49556732177734,-20.273929595947266
25,48,0,47.06962966918945,-31.637990951538086
25,48,1,83.29981231689453,-20.306350708007812
25,49,0,47.406639099121094,-31.58119010925293
25,49,1,83.10423278808594,-20.338510513305664
25,50,0,47.74340057373047,-31.524459838867188
25,50,1,82.90872192382812,-20.370330810546875
25,51,0,48.08047103881836,-31.467849731445312
25,51,1,82.7132568359375,-20.401880264282227
25,52,0,48.41807174682617,-31.411230087280273
25,52,1,82.51780700683594,-20.4330997467041
25,53,0,48.75653839111328,-31.354490280151367
25,53,1,82.32235717773438,-20.464040756225586
25,54,0,49.09563064575195,-31.297449111938477
25,54,1,82.12705993652344,-20.494659423828125
25,55,0,49.43492889404297,-31.240510940551758
25,55,1,81.93196868896484,-20.524940490722656
25,56,0,49.7747688293457,-31.183509826660156
25,56,1,81.73693084716797,-20.554929733276367
25,57,0,50.11513137817383,-31.125459671020508
25,57,1,81.54192352294922,-20.584590911865234
25,58,0,50.4559211730957,-31.06658935546875
25,58,1,81.34667205810547,-20.61404037475586
25,59,0,50.79737854003906,-31.00720977783203
25,59,1,81.15133666992188,-20.643239974975586
25,60,0,51.13935089111328,-30.947660446166992
25,60,1,80.9560317993164,-20.672269821166992
25,61,0,51.482181549072266,-30.88759994506836
25,61,1,80.76068115234375,-20.701120376586914
25,62,0,51.82545852661133,-30.82716941833496
25,62,1,80.56542205810547,-20.72995948791504
25,63,0,52.16913986206055,-30.766490936279297
25,63,1,80.37008666992188,-20.758520126342773
25,64,0,52.51327133178711,-30.705360412597656
25,64,1,80.17485809326172,-20.787010192871094
25,65,0,52.85744857788086,-30.643840789794922
25,65,1,79.97946166992188,-20.81555938720703
25,66,0,53.20172119140625,-30.58177947998047
25,66,1,79.78412628173828,-20.844249725341797
25,67,0,53.54698181152344,-30.518749237060547
25,67,1,79.58870697021484,-20.873170852661133
25,68,0,53.89276885986328,-30.455289840698242
25,68,1,79.39334106445312,-20.90226936340332
25,69,0,54.23899841308594,-30.39143943786621
25,69,1,79.19805908203125,-20.931629180908203
25,70,0,54.58552932739258,-30.326929092407227
25,70,1,79.00289154052734,-20.9613094329834
25,71,0,54.93307876586914,-30.261539459228516
25,71,1,78.80757904052734,-20.99135971069336
25,72,0,55.28092956542969,-30.195249557495117
25,72,1,78.612060546875,-21.021989822387695
25,73,0,55.62916946411133,-30.12849998474121
25,73,1,78.41667175292969,-21.05314064025879
25,74,0,55.97787857055664,-30.061279296875
25,74,1,78.22128295898438,-21.084880828857422
25,75,0,56.327239990234375,-29.993560791015625
25,75,1,78.02559661865234,-21.117279052734375
25,76,0,56.6773681640625,-29.925329208374023
25,76,1,77.82972717285156,-21.150400161743164
25,77,0,57.02885818481445,-29.85618019104004
25,77,1,77.63352966308594,-21.184240341186523
25,78,0,57.37485122680664,-29.787700653076172
25,78,1,77.43757629394531,-21.218719482421875
25,79,0,57.72185134887695,-29.71887969970703
25,79,1,77.241943359375,-21.253860473632812
25,80,0,58.068809509277344,-29.649309158325195
25,80,1,77.04609680175781,-21.289749145507812
25,81,0,58.41590881347656,-29.57939910888672
25,81,1,76.84986114501953,-21.326480865478516
25,82,0,58.7630615234375,-29.508739471435547
25,82,1,76.65341186523438,-21.364030838012695
25,83,0,59.11043930053711,-29.437850952148438
25,83,1,76.45684814453125,-21.402490615844727
25,84,0,59.457271575927734,-29.36578941345215
25,84,1,76.26020050048828,-21.441829681396484
25,85,0,59.80363845825195,-29.2927303314209
25,85,1,76.06350708007812,-21.482229232788086
25,86,0,60.14971923828125,-29.21887969970703
25,86,1,75.86711120605469,-21.523509979248047
25,87,0,60.494781494140625,-29.144670486450195
25,87,1,75.67073822021484,-21.565750122070312
25,88,0,60.83992004394531,-29.07115936279297
25,88,1,75.47492218017578,-21.608869552612305
25,89,0,61.18402862548828,-28.996789932250977
25,89,1,75.27987670898438,-21.652759552001953
25,90,0,61.528221130371094,-28.922639846801758
25,90,1,75.0854721069336,-21.697519302368164
25,91,0,61.87253952026367,-28.84878921508789
25,91,1,74.8912582397461,-21.743310928344727
25,92,0,62.22367858886719,-28.772390365600586
25,92,1,74.69721984863281,-21.790119171142578
25,93,0,62.57426071166992,-28.69577980041504
25,93,1,74.50335693359375,-21.837980270385742
25,94,0,62.92375946044922,-28.61882972717285
25,94,1,74.30976104736328,-21.88694953918457
25,95,0,63.27098083496094,-28.542049407958984
25,95,1,74.11650848388672,-21.93695068359375
25,96,0,63.61738967895508,-28.464820861816406
25,96,1,73.92365264892578,-21.987939834594727
25,97,0,63.96311950683594,-28.387039184570312
25,97,1,73.73119354248047,-22.039880752563477
25,98,0,64.30811309814453,-28.309249877929688
25,98,1,73.53919982910156,-22.092809677124023
25,99,0,64.6523208618164,-28.230989456176758
25,99,1,73.34774017333984,-22.146589279174805
26,0,0,56.9445915222168,-30.13035011291504
26,0,1,92.41454315185547,-18.828880310058594
26,1,0,57.18009948730469,-30.093549728393555
26,1,1,92.21576690673828,-18.854419708251953
26,2,0,57.42377853393555,-30.054929733276367
26,2,1,92.01622009277344,-18.880489349365234
26,3,0,57.6627311706543,-30.016050338745117
26,3,1,91.81594848632812,-18.907060623168945
26,4,0,57.89973831176758,-29.97637939453125
26,4,1,91.614990234375,-18.934049606323242
26,5,0,58.14181137084961,-29.935890197753906
26,5,1,91.41340637207031,-18.961490631103516
26,6,0,58.391571044921875,-29.89335060119629
26,6,1,91.21112060546875,-18.989459991455078
26,7,0,58.64775848388672,-29.85051918029785
26,7,1,91.00833892822266,-19.0179500579834
26,8,0,58.905311584472656,-29.80946922302246
26,8,1,90.8051528930664,-19.046979904174805
26,9,0,59.1632194519043,-29.768550872802734
26,9,1,90.60157012939453,-19.0764102935791
26,10,0,59.428218841552734,-29.725500106811523
26,10,1,90.39775085449219,-19.10626983642578
26,11,0,59.694679260253906,-29.683189392089844
26,11,1,90.19365692138672,-19.13661003112793
26,12,0,59.95991897583008,-29.640810012817383
26,12,1,89.98934936523438,-19.167390823364258
26,13,0,60.22544860839844,-29.595399856567383
26,13,1,89.78468322753906,-19.19860076904297
26,14,0,60.49734115600586,-29.546600341796875
26,14,1,89.57978057861328,-19.23027992248535
26,15,0,60.75225067138672,-29.4974308013916
26,15,1,89.37403869628906,-19.262649536132812
26,16,0,61.00428009033203,-29.446239471435547
26,16,1,89.1673812866211,-19.295610427856445
26,17,0,61.244510650634766,-29.39569091796875
26,17,1,88.96063232421875,-19.32900047302246
26,18,0,61.496131896972656,-29.340049743652344
26,18,1,88.7539291381836,-19.36284065246582
26,19,0,61.755489349365234,-29.281509399414062
26,19,1,88.54730987548828,-19.3971004486084
26,20,0,62.0178108215332,-29.220319747924805
26,20,1,88.33988189697266,-19.431989669799805
26,21,0,62.283451080322266,-29.159530639648438
26,21,1,88.13175964355469,-19.46746063232422
26,22,0,62.54983139038086,-29.09617042541504
26,22,1,87.92324829101562,-19.503400802612305
26,23,0,62.818641662597656,-29.033010482788086
26,23,1,87.71492004394531,-19.53972053527832
26,24,0,63.089569091796875,-28.969900131225586
26,24,1,87.50669860839844,-19.576330184936523
26,25,0,63.363460540771484,-28.90726089477539
26,25,1,87.2985610961914,-19.613300323486328
26,26,0,63.640220642089844,-28.844919204711914
26,26,1,87.09073638916016,-19.6506404876709
26,27,0,63.91958999633789,-28.781869888305664
26,27,1,86.88324737548828,-19.68824005126953
26,28,0,64.19615173339844,-28.717599868774414
26,28,1,86.67611694335938,-19.726150512695312
26,29,0,64.47557067871094,-28.650619506835938
26,29,1,86.46945190429688,-19.764249801635742
26,30,0,64.75727844238281,-28.583160400390625
26,30,1,86.26326751708984,-19.802589416503906
26,31,0,65.0397720336914,-28.51483917236328
26,31,1,86.05696868896484,-19.84123992919922
26,32,0,65.31971740722656,-28.44659996032715
26,32,1,85.85066986083984,-19.880239486694336
26,33,0,65.600341796875,-28.37748908996582
26,33,1,85.64485931396484,-19.919340133666992
26,34,0,65.88096618652344,-28.307199478149414
26,34,1,85.43932342529297,-19.958690643310547
26,35,0,66.16744232177734,-28.235660552978516
26,35,1,85.23428344726562,-19.998109817504883
26,36,0,66.45600891113281,-28.165109634399414
26,36,1,85.02957153320312,-20.037729263305664
26,37,0,66.74524688720703,-28.095420837402344
26,37,1,84.82524871826172,-20.07744026184082
26,38,0,67.03530883789062,-28.026330947875977
26,38,1,84.62079620361328,-20.11737060546875
26,39,0,67.3251724243164,-27.957029342651367
26,39,1,84.41612243652344,-20.157550811767578
26,40,0,67.61466979980469,-27.88814926147461
26,40,1,84.21156311035156,-20.19795036315918
26,41,0,67.9035873413086,-27.820220947265625
26,41,1,84.00724792480469,-20.238439559936523
26,42,0,68.19251251220703,-27.753740310668945
26,42,1,83.80299377441406,-20.278989791870117
26,43,0,68.47958374023438,-27.687339782714844
26,43,1,83.59857177734375,-20.319650650024414
26,44,0,68.76569366455078,-27.62196922302246
26,44,1,83.39375305175781,-20.36050033569336
26,45,0,69.05111694335938,-27.556900024414062
26,45,1,83.18856048583984,-20.401430130004883
26,46,0,69.34178924560547,-27.491079330444336
26,46,1,82.98335266113281,-20.442440032958984
26,47,0,69.63471984863281,-27.424270629882812
26,47,1,82.77826690673828,-20.48341941833496
26,48,0,69.92678833007812,-27.35811996459961
26,48,1,82.57256317138672,-20.52467918395996
26,49,0,70.21804809570312,-27.29224967956543
26,49,1,82.36646270751953,-20.56608009338379
26,50,0,70.51312255859375,-27.225719451904297
26,50,1,82.15991973876953,-20.60767936706543
26,51,0,70.81317901611328,-27.158899307250977
26,51,1,81.95307922363281,-20.649429321289062
26,52,0,71.11431884765625,-27.09075927734375
26,52,1,81.74623107910156,-20.691190719604492
26,53,0,71.41378784179688,-27.022539138793945
26,53,1,81.53925323486328,-20.73311996459961
26,54,0,71.71485900878906,-26.953350067138672
26,54,1,81.33193969726562,-20.775209426879883
26,55,0,72.01753997802734,-26.884679794311523
26,55,1,81.12458038330078,-20.8174991607666
26,56,0,72.32048797607422,-26.816600799560547
26,56,1,80.91699981689453,-20.860000610351562
26,57,0,72.62129974365234,-26.748029708862305
26,57,1,80.7089614868164,-20.902889251708984
26,58,0,72.92282104492188,-26.67888069152832
26,58,1,80.50090789794922,-20.946109771728516
26,59,0,73.22715759277344,-26.609359741210938
26,59,1,80.29241180419922,-20.989709854125977
26,60,0,73.53357696533203,-26.540420532226562
26,60,1,80.08396911621094,-21.033599853515625
26,61,0,73.84091186523438,-26.471969604492188
26,61,1,79.87538146972656,-21.077899932861328
26,62,0,74.14946746826172,-26.403560638427734
26,62,1,79.66670989990234,-21.12261962890625
26,63,0,74.45980072021484,-26.335500717163086
26,63,1,79.45799255371094,-21.167720794677734
26,64,0,74.77303314208984,-26.26711082458496
26,64,1,79.24915313720703,-21.213350296020508
26,65,0,75.08672332763672,-26.198589324951172
26,65,1,79.040283203125,-21.25946044921875
26,66,0,75.40326690673828,-26.129560470581055
26,66,1,78.83139038085938,-21.305999755859375
26,67,0,75.72071838378906,-26.06031036376953
26,67,1,78.62249755859375,-21.353010177612305
26,68,0,76.0409927368164,-25.99053955078125
26,68,1,78.4136962890625,-21.400440216064453
26,69,0,76.36395263671875,-25.919370651245117
26,69,1,78.20503234863281,-21.44841957092285
26,70,0,76.69055938720703,-25.8466796875
26,70,1,77.996337890625,-21.496950149536133
26,71,0,77.01683807373047,-25.773990631103516
26,71,1,77.78780364990234,-21.54595947265625
26,72,0,77.33416748046875,-25.704559326171875
26,72,1,77.57967376708984,-21.595409393310547
26,73,0,77.65572357177734,-25.63471031188965
26,73,1,77.37181091308594,-21.64533042907715
26,74,0,77.9699935913086,-25.566570281982422
26,74,1,77.16443634033203,-21.695709228515625
26,75,0,78.28589630126953,-25.498289108276367
26,75,1,76.9575424194336,-21.746530532836914
26,76,0,78.60543060302734,-25.43018913269043
26,76,1,76.7509994506836,-21.79785919189453
26,77,0,78.92759704589844,-25.361919403076172
26,77,1,76.54474639892578,-21.849809646606445
26,78,0,79.25338745117188,-25.292390823364258
26,78,1,76.33895874023438,-21.90226936340332
26,79,0,79.58444213867188,-25.223840713500977
26,79,1,76.13365173339844,-21.955209732055664
26,80,0,79.91207122802734,-25.157119750976562
26,80,1,75.9288101196289,-22.008609771728516
26,81,0,80.23085021972656,-25.091859817504883
26,81,1,75.72454071044922,-22.062389373779297
26,82,0,80.54158020019531,-25.028850555419922
26,82,1,75.52075958251953,-22.11655044555664
26,83,0,80.85716247558594,-24.965150833129883
26,83,1,75.31739044189453,-22.171070098876953
26,84,0,81.17581176757812,-24.8994197845459
26,84,1,75.11451721191406,-22.225900650024414
26,85,0,81.49845886230469,-24.833290100097656
26,85,1,74.9120864868164,-22.281009674072266
26,86,0,81.82518005371094,-24.766939163208008
26,86,1,74.7100830078125,-22.336380004882812
26,87,0,82.15567016601562,-24.699159622192383
26,87,1,74.509033203125,-22.391759872436523
26,88,0,82.4899673461914,-24.630929946899414
26,88,1,74.3083724975586,-22.447420120239258
26,89,0,82.82061004638672,-24.5633602142334
26,89,1,74.10823822021484,-22.503210067749023
26,90,0,83.15531158447266,-24.4949893951416
26,90,1,73.90850067138672,-22.55908966064453
26,91,0,83.49523162841797,-24.425029754638672
26,91,1,73.70924377441406,-22.615060806274414
26,92,0,83.83164978027344,-24.357120513916016
26,92,1,73.51046752929688,-22.67108917236328
26,93,0,84.17424774169922,-24.289209365844727
26,93,1,73.31208801269531,-22.727170944213867
26,94,0,84.51393127441406,-24.223060607910156
26,94,1,73.1141128540039,-22.783300399780273
26,95,0,84.84532165527344,-24.157419204711914
26,95,1,72.91661071777344,-22.839439392089844
26,96,0,85.17415618896484,-24.09280014038086
26,96,1,72.71994018554688,-22.895410537719727
26,97,0,85.49935913085938,-24.029020309448242
26,97,1,72.52364349365234,-22.95134925842285
26,98,0,85.82080841064453,-23.96540069580078
26,98,1,72.32772827148438,-23.00724983215332
26,99,0,86.13636779785156,-23.901630401611328
26,99,1,72.13220977783203,-23.063060760498047
27,0,0,25.59086036682129,-37.03622055053711
27,0,1,90.97737121582031,-20.321809768676758
27,1,0,25.84457015991211,-36.97285842895508
27,1,1,90.67259216308594,-20.37980079650879
27,2,0,26.09741973876953,-36.90932083129883
27,2,1,90.36553192138672,-20.439029693603516
27,3,0,26.349220275878906,-36.84552001953125
27,3,1,90.05622863769531,-20.49888038635254
27,4,0,26.600200653076172,-36.7818489074707
27,4,1,89.74471282958984,-20.55900001525879
27,5,0,26.85038948059082,-36.71828842163086
27,5,1,89.43135070800781,-20.620119094848633
27,6,0,27.09947967529297,-36.653438568115234
27,6,1,89.1174087524414,-20.681299209594727
27,7,0,27.347759246826172,-36.588619232177734
27,7,1,88.80297088623047,-20.742660522460938
27,8,0,27.595029830932617,-36.523681640625
27,8,1,88.48866271972656,-20.804019927978516
27,9,0,27.841449737548828,-36.45878982543945
27,9,1,88.1745376586914,-20.86581039428711
27,10,0,28.086809158325195,-36.39373016357422
27,10,1,87.86144256591797,-20.926820755004883
27,11,0,28.331029891967773,-36.3284797668457
27,11,1,87.550048828125,-20.987489700317383
27,12,0,28.57406997680664,-36.2630615234375
27,12,1,87.24005889892578,-21.048690795898438
27,13,0,28.815900802612305,-36.19755935668945
27,13,1,86.93121337890625,-21.10917091369629
27,14,0,29.056589126586914,-36.13188171386719
27,14,1,86.62322998046875,-21.169919967651367
27,15,0,29.295989990234375,-36.06565856933594
27,15,1,86.31625366210938,-21.23015022277832
27,16,0,29.53458023071289,-35.999229431152344
27,16,1,86.01053619384766,-21.290250778198242
27,17,0,29.77212905883789,-35.93244171142578
27,17,1,85.70648193359375,-21.350500106811523
27,18,0,30.008590698242188,-35.86534118652344
27,18,1,85.4036636352539,-21.41069984436035
27,19,0,30.244380950927734,-35.79798889160156
27,19,1,85.10324096679688,-21.469879150390625
27,20,0,30.479089736938477,-35.73023986816406
27,20,1,84.8050537109375,-21.529199600219727
27,21,0,30.712600708007812,-35.66181945800781
27,21,1,84.50884246826172,-21.58831024169922
27,22,0,30.94491958618164,-35.59272003173828
27,22,1,84.21454620361328,-21.647319793701172
27,23,0,31.176429748535156,-35.5235595703125
27,23,1,83.9218978881836,-21.705509185791016
27,24,0,31.406999588012695,-35.45405960083008
27,24,1,83.63117980957031,-21.763660430908203
27,25,0,31.636980056762695,-35.38460922241211
27,25,1,83.3422622680664,-21.821170806884766
27,26,0,31.86639976501465,-35.315208435058594
27,26,1,83.05545043945312,-21.8782901763916
27,27,0,32.0949592590332,-35.245399475097656
27,27,1,82.77113342285156,-21.93556022644043
27,28,0,32.322940826416016,-35.17578887939453
27,28,1,82.48784637451172,-21.992359161376953
27,29,0,32.55033874511719,-35.106441497802734
27,29,1,82.20616149902344,-22.04914093017578
27,30,0,32.7772216796875,-35.03742980957031
27,30,1,81.92642211914062,-22.10580062866211
27,31,0,33.003578186035156,-34.96834945678711
27,31,1,81.64688873291016,-22.162559509277344
27,32,0,33.229759216308594,-34.89960861206055
27,32,1,81.36894226074219,-22.219310760498047
27,33,0,33.45555114746094,-34.830841064453125
27,33,1,81.09243774414062,-22.275760650634766
27,34,0,33.681278228759766,-34.76259994506836
27,34,1,80.81752014160156,-22.332429885864258
27,35,0,33.90781021118164,-34.69451904296875
27,35,1,80.54460144042969,-22.388439178466797
27,36,0,34.135379791259766,-34.626590728759766
27,36,1,80.2739486694336,-22.44430923461914
27,37,0,34.36307144165039,-34.55937957763672
27,37,1,80.00411224365234,-22.499679565429688
27,38,0,34.59095001220703,-34.49283981323242
27,38,1,79.7354736328125,-22.554880142211914
27,39,0,34.81911087036133,-34.42707824707031
27,39,1,79.46881866455078,-22.609130859375
27,40,0,35.04771041870117,-34.36225891113281
27,40,1,79.20313262939453,-22.663249969482422
27,41,0,35.276641845703125,-34.2983512878418
27,41,1,78.93885803222656,-22.71773910522461
27,42,0,35.50598907470703,-34.235328674316406
27,42,1,78.67594909667969,-22.77219009399414
27,43,0,35.73566818237305,-34.17311096191406
27,43,1,78.4146728515625,-22.82585906982422
27,44,0,35.965728759765625,-34.11178970336914
27,44,1,78.15576934814453,-22.878990173339844
27,45,0,36.196189880371094,-34.051448822021484
27,45,1,77.8982162475586,-22.931970596313477
27,46,0,36.426971435546875,-33.992088317871094
27,46,1,77.64270782470703,-22.98440933227539
27,47,0,36.65821838378906,-33.933719635009766
27,47,1,77.38790893554688,-23.03680992126465
27,48,0,36.88983154296875,-33.8763313293457
27,48,1,77.13468933105469,-23.08909034729004
27,49,0,37.12181091308594,-33.819950103759766
27,49,1,76.8826904296875,-23.14160919189453
27,50,0,37.35429000854492,-33.76451110839844
27,50,1,76.6312484741211,-23.19384002685547
27,51,0,37.587188720703125,-33.70988845825195
27,51,1,76.38162231445312,-23.245880126953125
27,52,0,37.82046890258789,-33.65607833862305
27,52,1,76.13330078125,-23.297399520874023
27,53,0,38.05414962768555,-33.6030387878418
27,53,1,75.88606262207031,-23.348880767822266
27,54,0,38.28818893432617,-33.55078125
27,54,1,75.64034271240234,-23.400190353393555
27,55,0,38.523231506347656,-33.499019622802734
27,55,1,75.39497375488281,-23.450769424438477
27,56,0,38.759220123291016,-33.44779968261719
27,56,1,75.1512680053711,-23.501020431518555
27,57,0,38.995330810546875,-33.397281646728516
27,57,1,74.90921783447266,-23.551189422607422
27,58,0,39.23154830932617,-33.3473014831543
27,58,1,74.66857147216797,-23.600820541381836
27,59,0,39.467018127441406,-33.29766082763672
27,59,1,74.42928314208984,-23.65056037902832
27,60,0,39.70227813720703,-33.248291015625
27,60,1,74.19158172607422,-23.699939727783203
27,61,0,39.93832015991211,-33.19934844970703
27,61,1,73.95501708984375,-23.749469757080078
27,62,0,40.17470169067383,-33.15092849731445
27,62,1,73.71959686279297,-23.79874038696289
27,63,0,40.411109924316406,-33.10329055786133
27,63,1,73.48558044433594,-23.84770965576172
27,64,0,40.647579193115234,-33.056461334228516
27,64,1,73.25302124023438,-23.89661979675293
27,65,0,40.883968353271484,-33.01034927368164
27,65,1,73.0223617553711,-23.945369720458984
27,66,0,41.12017059326172,-32.965110778808594
27,66,1,72.79176330566406,-23.994430541992188
27,67,0,41.35628128051758,-32.92089080810547
27,67,1,72.56217956542969,-24.043659210205078
27,68,0,41.592350006103516,-32.877708435058594
27,68,1,72.33341979980469,-24.09292984008789
27,69,0,41.82807159423828,-32.835689544677734
27,69,1,72.10517883300781,-24.14215087890625
27,70,0,42.06351089477539,-32.79473876953125
27,70,1,71.87715148925781,-24.191469192504883
27,71,0,42.29846954345703,-32.75502014160156
27,71,1,71.65030670166016,-24.24139976501465
27,72,0,42.533321380615234,-32.71636962890625
27,72,1,71.42391967773438,-24.290700912475586
27,73,0,42.76803970336914,-32.67877960205078
27,73,1,71.1981201171875,-24.339759826660156
27,74,0,43.002540588378906,-32.64207077026367
27,74,1,70.97329711914062,-24.38920021057129
27,75,0,43.23688888549805,-32.60628128051758
27,75,1,70.7496566772461,-24.438579559326172
27,76,0,43.470890045166016,-32.57130813598633
27,76,1,70.527099609375,-24.48859977722168
27,77,0,43.70454025268555,-32.537010192871094
27,77,1,70.305419921875,-24.53891944885254
27,78,0,43.93803024291992,-32.503299713134766
27,78,1,70.0838394165039,-24.589479446411133
27,79,0,44.17110824584961,-32.470088958740234
27,79,1,69.86296844482422,-24.6389102935791
27,80,0,44.40380859375,-32.437381744384766
27,80,1,69.64222717285156,-24.68773078918457
27,81,0,44.63623046875,-32.40507125854492
27,81,1,69.42162322998047,-24.735349655151367
27,82,0,44.86835861206055,-32.3731803894043
27,82,1,69.199951171875,-24.7839298248291
27,83,0,45.10026168823242,-32.34151840209961
27,83,1,68.97866821289062,-24.832109451293945
27,84,0,45.332008361816406,-32.3101806640625
27,84,1,68.7574691772461,-24.880640029907227
27,85,0,45.563541412353516,-32.27909851074219
27,85,1,68.53697204589844,-24.929309844970703
27,86,0,45.7949104309082,-32.248268127441406
27,86,1,68.31658935546875,-24.978469848632812
27,87,0,46.02621841430664,-32.217628479003906
27,87,1,68.09722137451172,-25.027700424194336
27,88,0,46.257591247558594,-32.18706130981445
27,88,1,67.87840270996094,-25.07769012451172
27,89,0,46.48868942260742,-32.15658950805664
27,89,1,67.6611099243164,-25.127859115600586
27,90,0,46.719749450683594,-32.12617874145508
27,90,1,67.44474792480469,-25.17797088623047
27,91,0,46.95061111450195,-32.095741271972656
27,91,1,67.22884368896484,-25.22801971435547
27,92,0,47.18159103393555,-32.06528854370117
27,92,1,67.01384735107422,-25.278579711914062
27,93,0,47.412899017333984,-32.03422927856445
27,93,1,66.79914093017578,-25.329059600830078
27,94,0,47.644290924072266,-32.003089904785156
27,94,1,66.5841064453125,-25.37912940979004
27,95,0,47.875518798828125,-31.970800399780273
27,95,1,66.36840057373047,-25.42930030822754
27,96,0,48.10649871826172,-31.937259674072266
27,96,1,66.15328216552734,-25.479360580444336
27,97,0,48.33732986450195,-31.902549743652344
27,97,1,65.93924713134766,-25.52981948852539
27,98,0,48.56813049316406,-31.86656951904297
27,98,1,65.72653198242188,-25.579679489135742
27,99,0,48.79888153076172,-31.829740524291992
27,99,1,65.51490783691406,-25.629610061645508
28,0,0,24.087249755859375,-35.266448974609375
28,0,1,90.97737121582031,-20.321809768676758
28,1,0,24.42190933227539,-35.178531646728516
28,1,1,90.67259216308594,-20.37980079650879
28,2,0,24.756370544433594,-35.09088897705078
28,2,1,90.36553192138672,-20.439029693603516
28,3,0,25.09050941467285,-35.00362014770508
28,3,1,90.05622863769531,-20.49888038635254
28,4,0,25.424640655517578,-34.916709899902344
28,4,1,89.74471282958984,-20.55900001525879
28,5,0,25.758609771728516,-34.83007049560547
28,5,1,89.43135070800781,-20.620119094848633
28,6,0,26.092639923095703,-34.74372100830078
28,6,1,89.1174087524414,-20.681299209594727
28,7,0,26.42658042907715,-34.657859802246094
28,7,1,88.80297088623047,-20.742660522460938
28,8,0,26.760160446166992,-34.57246017456055
28,8,1,88.48866271972656,-20.804019927978516
28,9,0,27.09358024597168,-34.487640380859375
28,9,1,88.1745376586914,-20.86581039428711
28,10,0,27.42704963684082,-34.40333938598633
28,10,1,87.86144256591797,-20.926820755004883
28,11,0,27.760549545288086,-34.31964874267578
28,11,1,87.550048828125,-20.987489700317383
28,12,0,28.093910217285156,-34.23672866821289
28,12,1,87.24005889892578,-21.048690795898438
28,13,0,28.427160263061523,-34.15456008911133
28,13,1,86.93121337890625,-21.10917091369629
28,14,0,28.760360717773438,-34.073150634765625
28,14,1,86.62322998046875,-21.169919967651367
28,15,0,29.093660354614258,-33.992431640625
28,15,1,86.31625366210938,-21.23015022277832
28,16,0,29.427099227905273,-33.91246032714844
28,16,1,86.01053619384766,-21.290250778198242
28,17,0,29.760669708251953,-33.833351135253906
28,17,1,85.70648193359375,-21.350500106811523
28,18,0,30.094459533691406,-33.75522994995117
28,18,1,85.4036636352539,-21.41069984436035
28,19,0,30.42837905883789,-33.67795944213867
28,19,1,85.10324096679688,-21.469879150390625
28,20,0,30.762529373168945,-33.60176086425781
28,20,1,84.8050537109375,-21.529199600219727
28,21,0,31.09705924987793,-33.526641845703125
28,21,1,84.50884246826172,-21.58831024169922
28,22,0,31.43191909790039,-33.452659606933594
28,22,1,84.21454620361328,-21.647319793701172
28,23,0,31.76711082458496,-33.37998962402344
28,23,1,83.9218978881836,-21.705509185791016
28,24,0,32.10255813598633,-33.30860900878906
28,24,1,83.63117980957031,-21.763660430908203
28,25,0,32.438629150390625,-33.23843002319336
28,25,1,83.3422622680664,-21.821170806884766
28,26,0,32.77505874633789,-33.16967010498047
28,26,1,83.05545043945312,-21.8782901763916
28,27,0,33.11159133911133,-33.10239028930664
28,27,1,82.77113342285156,-21.93556022644043
28,28,0,33.448570251464844,-33.03675079345703
28,28,1,82.48784637451172,-21.992359161376953
28,29,0,33.78572082519531,-32.97296905517578
28,29,1,82.20616149902344,-22.04914093017578
28,30,0,34.123191833496094,-32.91080093383789
28,30,1,81.92642211914062,-22.10580062866211
28,31,0,34.461280822753906,-32.85070037841797
28,31,1,81.64688873291016,-22.162559509277344
28,32,0,34.79948043823242,-32.79219055175781
28,32,1,81.36894226074219,-22.219310760498047
28,33,0,35.1378288269043,-32.7353515625
28,33,1,81.09243774414062,-22.275760650634766
28,34,0,35.47642135620117,-32.68016815185547
28,34,1,80.81752014160156,-22.332429885864258
28,35,0,35.81515884399414,-32.626678466796875
28,35,1,80.54460144042969,-22.388439178466797
28,36,0,36.15407943725586,-32.57484817504883
28,36,1,80.2739486694336,-22.44430923461914
28,37,0,36.493011474609375,-32.52479934692383
28,37,1,80.00411224365234,-22.499679565429688
28,38,0,36.831939697265625,-32.47650146484375
28,38,1,79.7354736328125,-22.554880142211914
28,39,0,37.170799255371094,-32.42998123168945
28,39,1,79.46881866455078,-22.609130859375
28,40,0,37.509788513183594,-32.38526153564453
28,40,1,79.20313262939453,-22.663249969482422
28,41,0,37.84912109375,-32.34220886230469
28,41,1,78.93885803222656,-22.71773910522461
28,42,0,38.188331604003906,-32.300880432128906
28,42,1,78.67594909667969,-22.77219009399414
28,43,0,38.527469635009766,-32.261199951171875
28,43,1,78.4146728515625,-22.82585906982422
28,44,0,38.866180419921875,-32.223289489746094
28,44,1,78.15576934814453,-22.878990173339844
28,45,0,39.20450973510742,-32.186988830566406
28,45,1,77.8982162475586,-22.931970596313477
28,46,0,39.54277038574219,-32.15229034423828
28,46,1,77.64270782470703,-22.98440933227539
28,47,0,39.8808708190918,-32.11914825439453
28,47,1,77.38790893554688,-23.03680992126465
28,48,0,40.21916961669922,-32.08753967285156
28,48,1,77.13468933105469,-23.08909034729004
28,49,0,40.55738067626953,-32.05744171142578
28,49,1,76.8826904296875,-23.14160919189453
28,50,0,40.8956298828125,-32.02875900268555
28,50,1,76.6312484741211,-23.19384002685547
28,51,0,41.2340087890625,-32.00143814086914
28,51,1,76.38162231445312,-23.245880126953125
28,52,0,41.57244110107422,-31.975419998168945
28,52,1,76.13330078125,-23.297399520874023
28,53,0,41.91062927246094,-31.95063018798828
28,53,1,75.88606262207031,-23.348880767822266
28,54,0,42.2486686706543,-31.926950454711914
28,54,1,75.64034271240234,-23.400190353393555
28,55,0,42.58639144897461,-31.904329299926758
28,55,1,75.39497375488281,-23.450769424438477
28,56,0,42.92369079589844,-31.88275909423828
28,56,1,75.1512680053711,-23.501020431518555
28,57,0,43.26081085205078,-31.862030029296875
28,57,1,74.90921783447266,-23.551189422607422
28,58,0,43.5977783203125,-31.842050552368164
28,58,1,74.66857147216797,-23.600820541381836
28,59,0,43.934410095214844,-31.822799682617188
28,59,1,74.42928314208984,-23.65056037902832
28,60,0,44.27104949951172,-31.804109573364258
28,60,1,74.19158172607422,-23.699939727783203
28,61,0,44.60768127441406,-31.7860107421875
28,61,1,73.95501708984375,-23.749469757080078
28,62,0,44.944061279296875,-31.76828956604004
28,62,1,73.71959686279297,-23.79874038696289
28,63,0,45.28034973144531,-31.750829696655273
28,63,1,73.48558044433594,-23.84770965576172
28,64,0,45.61711120605469,-31.733449935913086
28,64,1,73.25302124023438,-23.89661979675293
28,65,0,45.954681396484375,-31.71603012084961
28,65,1,73.0223617553711,-23.945369720458984
28,66,0,46.292781829833984,-31.698640823364258
28,66,1,72.79176330566406,-23.994430541992188
28,67,0,46.631229400634766,-31.680999755859375
28,67,1,72.56217956542969,-24.043659210205078
28,68,0,46.96971893310547,-31.66301918029785
28,68,1,72.33341979980469,-24.09292984008789
28,69,0,47.3078498840332,-31.644710540771484
28,69,1,72.10517883300781,-24.14215087890625
28,70,0,47.64596176147461,-31.62636947631836
28,70,1,71.87715148925781,-24.191469192504883
28,71,0,47.98368835449219,-31.607799530029297
28,71,1,71.65030670166016,-24.24139976501465
28,72,0,48.321659088134766,-31.588470458984375
28,72,1,71.42391967773438,-24.290700912475586
28,73,0,48.6590690612793,-31.568410873413086
28,73,1,71.1981201171875,-24.339759826660156
28,74,0,48.996009826660156,-31.547529220581055
28,74,1,70.97329711914062,-24.38920021057129
28,75,0,49.3326301574707,-31.525699615478516
28,75,1,70.7496566772461,-24.438579559326172
28,76,0,49.6693000793457,-31.502939224243164
28,76,1,70.527099609375,-24.48859977722168
28,77,0,50.005210876464844,-31.479169845581055
28,77,1,70.305419921875,-24.53891944885254
28,78,0,50.341148376464844,-31.45417022705078
28,78,1,70.0838394165039,-24.589479446411133
28,79,0,50.676490783691406,-31.42797088623047
28,79,1,69.86296844482422,-24.6389102935791
28,80,0,51.011268615722656,-31.400529861450195
28,80,1,69.64222717285156,-24.68773078918457
28,81,0,51.34553146362305,-31.371810913085938
28,81,1,69.42162322998047,-24.735349655151367
28,82,0,51.678611755371094,-31.341869354248047
28,82,1,69.199951171875,-24.7839298248291
28,83,0,52.01129913330078,-31.310550689697266
28,83,1,68.97866821289062,-24.832109451293945
28,84,0,52.343101501464844,-31.277929306030273
28,84,1,68.7574691772461,-24.880640029907227
28,85,0,52.674930572509766,-31.243730545043945
28,85,1,68.53697204589844,-24.929309844970703
28,86,0,53.00640869140625,-31.207969665527344
28,86,1,68.31658935546875,-24.978469848632812
28,87,0,53.33713150024414,-31.170780181884766
28,87,1,68.09722137451172,-25.027700424194336
28,88,0,53.66775131225586,-31.132190704345703
28,88,1,67.87840270996094,-25.07769012451172
28,89,0,53.9981803894043,-31.091949462890625
28,89,1,67.6611099243164,-25.127859115600586
28,90,0,54.32781982421875,-31.05014991760254
28,90,1,67.44474792480469,-25.17797088623047
28,91,0,54.65673828125,-31.00680923461914
28,91,1,67.22884368896484,-25.22801971435547
28,92,0,54.98550033569336,-30.961830139160156
28,92,1,67.01384735107422,-25.278579711914062
28,93,0,55.313621520996094,-30.91537094116211
28,93,1,66.79914093017578,-25.329059600830078
28,94,0,55.64191818237305,-30.867319107055664
28,94,1,66.5841064453125,-25.37912940979004
28,95,0,55.970088958740234,-30.817819595336914
28,95,1,66.36840057373047,-25.42930030822754
28,96,0,56.29816818237305,-30.766780853271484
28,96,1,66.15328216552734,-25.479360580444336
28,97,0,56.62617874145508,-30.714210510253906
28,97,1,65.93924713134766,-25.52981948852539
28,98,0,56.953609466552734,-30.660289764404297
28,98,1,65.72653198242188,-25.579679489135742
28,99,0,57.28044891357422,-30.605100631713867
28,99,1,65.51490783691406,-25.629610061645508
29,0,0,37.587188720703125,-33.70988845825195
29,0,1,90.42591857910156,-20.42840003967285
29,1,0,37.82046890258789,-33.65607833862305
29,1,1,90.13922119140625,-20.474639892578125
29,2,0,38.05414962768555,-33.6030387878418
29,2,1,89.85079956054688,-20.52136993408203
29,3,0,38.28818893432617,-33.55078125
29,3,1,89.56197357177734,-20.56882095336914
29,4,0,38.523231506347656,-33.499019622802734
29,4,1,89.27230072021484,-20.616060256958008
29,5,0,38.759220123291016,-33.44779968261719
29,5,1,88.98265838623047,-20.663860321044922
29,6,0,38.995330810546875,-33.397281646728516
29,6,1,88.69345092773438,-20.712339401245117
29,7,0,39.23154830932617,-33.3473014831543
29,7,1,88.40403747558594,-20.760690689086914
29,8,0,39.467018127441406,-33.29766082763672
29,8,1,88.11534881591797,-20.80940055847168
29,9,0,39.70227813720703,-33.248291015625
29,9,1,87.82843780517578,-20.857799530029297
29,10,0,39.93832015991211,-33.19934844970703
29,10,1,87.54335021972656,-20.906230926513672
29,11,0,40.17470169067383,-33.15092849731445
29,11,1,87.26033020019531,-20.95454978942871
29,12,0,40.411109924316406,-33.10329055786133
29,12,1,86.97982025146484,-21.0026798248291
29,13,0,40.647579193115234,-33.056461334228516
29,13,1,86.70178985595703,-21.050249099731445
29,14,0,40.883968353271484,-33.01034927368164
29,14,1,86.42655181884766,-21.09733009338379
29,15,0,41.12017059326172,-32.965110778808594
29,15,1,86.15415954589844,-21.144010543823242
29,16,0,41.35628128051758,-32.92089080810547
29,16,1,85.8841323852539,-21.19046974182129
29,17,0,41.592350006103516,-32.877708435058594
29,17,1,85.61672973632812,-21.23703956604004
29,18,0,41.82807159423828,-32.835689544677734
29,18,1,85.35172271728516,-21.282989501953125
29,19,0,42.06351089477539,-32.79473876953125
29,19,1,85.08950805664062,-21.328250885009766
29,20,0,42.29846954345703,-32.75502014160156
29,20,1,84.83030700683594,-21.373310089111328
29,21,0,42.533321380615234,-32.71636962890625
29,21,1,84.57328033447266,-21.41815948486328
29,22,0,42.76803970336914,-32.67877960205078
29,22,1,84.31916809082031,-21.463319778442383
29,23,0,43.002540588378906,-32.64207077026367
29,23,1,84.06787109375,-21.50806999206543
29,24,0,43.23688888549805,-32.60628128051758
29,24,1,83.81964111328125,-21.55191993713379
29,25,0,43.470890045166016,-32.57130813598633
29,25,1,83.57450866699219,-21.59556007385254
29,26,0,43.70454025268555,-32.537010192871094
29,26,1,83.3322982788086,-21.638660430908203
29,27,0,43.93803024291992,-32.503299713134766
29,27,1,83.09308624267578,-21.681499481201172
29,28,0,44.17110824584961,-32.470088958740234
29,28,1,82.85677337646484,-21.723819732666016
29,29,0,44.40380859375,-32.437381744384766
29,29,1,82.62335968017578,-21.76552963256836
29,30,0,44.63623046875,-32.40507125854492
29,30,1,82.3924789428711,-21.806589126586914
29,31,0,44.86835861206055,-32.3731803894043
29,31,1,82.16378784179688,-21.847469329833984
29,32,0,45.10026168823242,-32.34151840209961
29,32,1,81.9376220703125,-21.88813018798828
29,33,0,45.332008361816406,-32.3101806640625
29,33,1,81.71336364746094,-21.92860984802246
29,34,0,45.563541412353516,-32.27909851074219
29,34,1,81.49105834960938,-21.96925926208496
29,35,0,45.7949104309082,-32.248268127441406
29,35,1,81.26994323730469,-22.009349822998047
29,36,0,46.02621841430664,-32.217628479003906
29,36,1,81.05032348632812,-22.049240112304688
29,37,0,46.257591247558594,-32.18706130981445
29,37,1,80.83200073242188,-22.08926010131836
29,38,0,46.48868942260742,-32.15658950805664
29,38,1,80.61541748046875,-22.12883949279785
29,39,0,46.719749450683594,-32.12617874145508
29,39,1,80.39958953857422,-22.16830062866211
29,40,0,46.95061111450195,-32.095741271972656
29,40,1,80.1849136352539,-22.207849502563477
29,41,0,47.18159103393555,-32.06528854370117
29,41,1,79.97122955322266,-22.247499465942383
29,42,0,47.412899017333984,-32.03422927856445
29,42,1,79.75843048095703,-22.286840438842773
29,43,0,47.644290924072266,-32.003089904785156
29,43,1,79.54653930664062,-22.32621955871582
29,44,0,47.875518798828125,-31.970800399780273
29,44,1,79.33537292480469,-22.365779876708984
29,45,0,48.10649871826172,-31.937259674072266
29,45,1,79.12481689453125,-22.405580520629883
29,46,0,48.33732986450195,-31.902549743652344
29,46,1,78.9153823852539,-22.445240020751953
29,47,0,48.56813049316406,-31.86656951904297
29,47,1,78.7069320678711,-22.484899520874023
29,48,0,48.79888153076172,-31.829740524291992
29,48,1,78.49884796142578,-22.524669647216797
29,49,0,49.029441833496094,-31.792179107666016
29,49,1,78.29174041748047,-22.5648193359375
29,50,0,49.259849548339844,-31.75387954711914
29,50,1,78.08554077148438,-22.604419708251953
29,51,0,49.490211486816406,-31.714399337768555
29,51,1,77.88036346435547,-22.64388084411621
29,52,0,49.72052001953125,-31.67371940612793
29,52,1,77.67562866210938,-22.683759689331055
29,53,0,49.95071029663086,-31.632959365844727
29,53,1,77.47180938720703,-22.72372055053711
29,54,0,50.18083953857422,-31.592069625854492
29,54,1,77.26850891113281,-22.763700485229492
29,55,0,50.41082000732422,-31.55108070373535
29,55,1,77.06558227539062,-22.80405044555664
29,56,0,50.64065933227539,-31.50996971130371
29,56,1,76.86311340332031,-22.84412956237793
29,57,0,50.870269775390625,-31.468820571899414
29,57,1,76.6615219116211,-22.88442039489746
29,58,0,51.099700927734375,-31.427570343017578
29,58,1,76.4610595703125,-22.924610137939453
29,59,0,51.328948974609375,-31.386249542236328
29,59,1,76.26126098632812,-22.965030670166016
29,60,0,51.55799102783203,-31.344959259033203
29,60,1,76.06169128417969,-23.005319595336914
29,61,0,51.78689956665039,-31.303739547729492
29,61,1,75.86263275146484,-23.045909881591797
29,62,0,52.015708923339844,-31.262670516967773
29,62,1,75.66436004638672,-23.086620330810547
29,63,0,52.24443817138672,-31.221830368041992
29,63,1,75.4666519165039,-23.12748908996582
29,64,0,52.472999572753906,-31.18121910095215
29,64,1,75.26970672607422,-23.1680908203125
29,65,0,52.701438903808594,-31.140979766845703
29,65,1,75.0734634399414,-23.208820343017578
29,66,0,52.92974090576172,-31.101110458374023
29,66,1,74.8779296875,-23.249420166015625
29,67,0,53.157920837402344,-31.061649322509766
29,67,1,74.68315124511719,-23.290510177612305
29,68,0,53.38600158691406,-31.022769927978516
29,68,1,74.48872375488281,-23.331600189208984
29,69,0,53.61391830444336,-30.984479904174805
29,69,1,74.29488372802734,-23.372629165649414
29,70,0,53.84186935424805,-30.946840286254883
29,70,1,74.10160064697266,-23.41360092163086
29,71,0,54.06929016113281,-30.90880012512207
29,71,1,73.90930938720703,-23.454389572143555
29,72,0,54.296260833740234,-30.871570587158203
29,72,1,73.71742248535156,-23.495420455932617
29,73,0,54.52322006225586,-30.834999084472656
29,73,1,73.52562713623047,-23.53656005859375
29,74,0,54.750038146972656,-30.79911994934082
29,74,1,73.33451843261719,-23.577470779418945
29,75,0,54.97671890258789,-30.763879776000977
29,75,1,73.1438217163086,-23.61850929260254
29,76,0,55.20320129394531,-30.729259490966797
29,76,1,72.95352935791016,-23.659669876098633
29,77,0,55.42913818359375,-30.695419311523438
29,77,1,72.76329803466797,-23.701309204101562
29,78,0,55.654788970947266,-30.662220001220703
29,78,1,72.57315063476562,-23.743310928344727
29,79,0,55.87998962402344,-30.629579544067383
29,79,1,72.38297271728516,-23.785520553588867
29,80,0,56.10490036010742,-30.597389221191406
29,80,1,72.19190216064453,-23.82809066772461
29,81,0,56.329490661621094,-30.56559944152832
29,81,1,72.00052642822266,-23.870800018310547
29,82,0,56.553871154785156,-30.534290313720703
29,82,1,71.8091812133789,-23.91349983215332
29,83,0,56.77803039550781,-30.50341033935547
29,83,1,71.61699676513672,-23.956310272216797
29,84,0,57.002159118652344,-30.472820281982422
29,84,1,71.42437744140625,-23.999059677124023
29,85,0,57.22589874267578,-30.44260025024414
29,85,1,71.23055267333984,-24.0422306060791
29,86,0,57.449161529541016,-30.412729263305664
29,86,1,71.03597259521484,-24.085390090942383
29,87,0,57.6720085144043,-30.38323974609375
29,87,1,70.8407211303711,-24.128339767456055
29,88,0,57.89485168457031,-30.35392951965332
29,88,1,70.6454086303711,-24.171199798583984
29,89,0,58.11766815185547,-30.324769973754883
29,89,1,70.44895935058594,-24.213680267333984
29,90,0,58.34006881713867,-30.295730590820312
29,90,1,70.25186157226562,-24.25634002685547
29,91,0,58.56254959106445,-30.266700744628906
29,91,1,70.0535888671875,-24.29888916015625
29,92,0,58.784828186035156,-30.23780059814453
29,92,1,69.85442352294922,-24.34075927734375
29,93,0,59.00693130493164,-30.209009170532227
29,93,1,69.65416717529297,-24.382230758666992
29,94,0,59.22883987426758,-30.180280685424805
29,94,1,69.4528579711914,-24.42317008972168
29,95,0,59.45058059692383,-30.151609420776367
29,95,1,69.24983978271484,-24.463579177856445
29,96,0,59.672149658203125,-30.122940063476562
29,96,1,69.0456314086914,-24.505420684814453
29,97,0,59.893550872802734,-30.094249725341797
29,97,1,68.84028625488281,-24.548429489135742
29,98,0,60.11479187011719,-30.065509796142578
29,98,1,68.6340103149414,-24.59280014038086
29,99,0,60.335880279541016,-30.03668975830078
29,99,1,68.42672729492188,-24.638429641723633
30,0,0,41.2340087890625,-32.00143814086914
30,0,1,90.42591857910156,-20.42840003967285
30,1,0,41.57244110107422,-31.975419998168945
30,1,1,90.13922119140625,-20.474639892578125
30,2,0,41.91062927246094,-31.95063018798828
30,2,1,89.85079956054688,-20.52136993408203
30,3,0,42.2486686706543,-31.926950454711914
30,3,1,89.56197357177734,-20.56882095336914
30,4,0,42.58639144897461,-31.904329299926758
30,4,1,89.27230072021484,-20.616060256958008
30,5,0,42.92369079589844,-31.88275909423828
30,5,1,88.98265838623047,-20.663860321044922
30,6,0,43.26081085205078,-31.862030029296875
30,6,1,88.69345092773438,-20.712339401245117
30,7,0,43.5977783203125,-31.842050552368164
30,7,1,88.40403747558594,-20.760690689086914
30,8,0,43.934410095214844,-31.822799682617188
30,8,1,88.11534881591797,-20.80940055847168
30,9,0,44.27104949951172,-31.804109573364258
30,9,1,87.82843780517578,-20.857799530029297
30,10,0,44.60768127441406,-31.7860107421875
30,10,1,87.54335021972656,-20.906230926513672
30,11,0,44.944061279296875,-31.76828956604004
30,11,1,87.26033020019531,-20.95454978942871
30,12,0,45.28034973144531,-31.750829696655273
30,12,1,86.97982025146484,-21.0026798248291
30,13,0,45.61711120605469,-31.733449935913086
30,13,1,86.70178985595703,-21.050249099731445
30,14,0,45.954681396484375,-31.71603012084961
30,14,1,86.42655181884766,-21.09733009338379
30,15,0,46.292781829833984,-31.698640823364258
30,15,1,86.15415954589844,-21.144010543823242
30,16,0,46.631229400634766,-31.680999755859375
30,16,1,85.8841323852539,-21.19046974182129
30,17,0,46.96971893310547,-31.66301918029785
30,17,1,85.61672973632812,-21.23703956604004
30,18,0,47.3078498840332,-31.644710540771484
30,18,1,85.35172271728516,-21.282989501953125
30,19,0,47.64596176147461,-31.62636947631836
30,19,1,85.08950805664062,-21.328250885009766
30,20,0,47.98368835449219,-31.607799530029297
30,20,1,84.83030700683594,-21.373310089111328
30,21,0,48.321659088134766,-31.588470458984375
30,21,1,84.57328033447266,-21.41815948486328
30,22,0,48.6590690612793,-31.568410873413086
30,22,1,84.31916809082031,-21.463319778442383
30,23,0,48.996009826660156,-31.547529220581055
30,23,1,84.06787109375,-21.50806999206543
30,24,0,49.3326301574707,-31.525699615478516
30,24,1,83.81964111328125,-21.55191993713379
30,25,0,49.6693000793457,-31.502939224243164
30,25,1,83.57450866699219,-21.59556007385254
30,26,0,50.005210876464844,-31.479169845581055
30,26,1,83.3322982788086,-21.638660430908203
30,27,0,50.341148376464844,-31.45417022705078
30,27,1,83.09308624267578,-21.681499481201172
30,28,0,50.676490783691406,-31.42797088623047
30,28,1,82.85677337646484,-21.723819732666016
30,29,0,51.011268615722656,-31.400529861450195
30,29,1,82.62335968017578,-21.76552963256836
30,30,0,51.34553146362305,-31.371810913085938
30,30,1,82.3924789428711,-21.806589126586914
30,31,0,51.678611755371094,-31.341869354248047
30,31,1,82.16378784179688,-21.847469329833984
30,32,0,52.01129913330078,-31.310550689697266
30,32,1,81.9376220703125,-21.88813018798828
30,33,0,52.343101501464844,-31.277929306030273
30,33,1,81.71336364746094,-21.92860984802246
30,34,0,52.674930572509766,-31.243730545043945
30,34,1,81.49105834960938,-21.96925926208496
30,35,0,53.00640869140625,-31.207969665527344
30,35,1,81.26994323730469,-22.009349822998047
30,36,0,53.33713150024414,-31.170780181884766
30,36,1,81.05032348632812,-22.049240112304688
30,37,0,53.66775131225586,-31.132190704345703
30,37,1,80.83200073242188,-22.08926010131836
30,38,0,53.9981803894043,-31.091949462890625
30,38,1,80.61541748046875,-22.12883949279785
30,39,0,54.32781982421875,-31.05014991760254
30,39,1,80.39958953857422,-22.16830062866211
30,40,0,54.65673828125,-31.00680923461914
30,40,1,80.1849136352539,-22.207849502563477
30,41,0,54.98550033569336,-30.961830139160156
30,41,1,79.97122955322266,-22.247499465942383
30,42,0,55.313621520996094,-30.91537094116211
30,42,1,79.75843048095703,-22.286840438842773
30,43,0,55.64191818237305,-30.867319107055664
30,43,1,79.54653930664062,-22.32621955871582
30,44,0,55.970088958740234,-30.817819595336914
30,44,1,79.33537292480469,-22.365779876708984
30,45,0,56.29816818237305,-30.766780853271484
30,45,1,79.12481689453125,-22.405580520629883
30,46,0,56.62617874145508,-30.714210510253906
30,46,1,78.9153823852539,-22.445240020751953
30,47,0,56.953609466552734,-30.660289764404297
30,47,1,78.7069320678711,-22.484899520874023
30,48,0,57.28044891357422,-30.605100631713867
30,48,1,78.49884796142578,-22.524669647216797
30,49,0,57.60673904418945,-30.54878044128418
30,49,1,78.29174041748047,-22.5648193359375
30,50,0,57.93254089355469,-30.491249084472656
30,50,1,78.08554077148438,-22.604419708251953
30,51,0,58.257728576660156,-30.432580947875977
30,51,1,77.88036346435547,-22.64388084411621
30,52,0,58.582359313964844,-30.37289047241211
30,52,1,77.67562866210938,-22.683759689331055
30,53,0,58.90559005737305,-30.312530517578125
30,53,1,77.47180938720703,-22.72372055053711
30,54,0,59.22731018066406,-30.25160026550293
30,54,1,77.26850891113281,-22.763700485229492
30,55,0,59.54743957519531,-30.190189361572266
30,55,1,77.06558227539062,-22.80405044555664
30,56,0,59.85988998413086,-30.130329132080078
30,56,1,76.86311340332031,-22.84412956237793
30,57,0,60.170719146728516,-30.07012939453125
30,57,1,76.6615219116211,-22.88442039489746
30,58,0,60.4799690246582,-30.009660720825195
30,58,1,76.4610595703125,-22.924610137939453
30,59,0,60.78171157836914,-29.951190948486328
30,59,1,76.26126098632812,-22.965030670166016
30,60,0,61.082130432128906,-29.892480850219727
30,60,1,76.06169128417969,-23.005319595336914
30,61,0,61.381431579589844,-29.833560943603516
30,61,1,75.86263275146484,-23.045909881591797
30,62,0,61.68085861206055,-29.774120330810547
30,62,1,75.66436004638672,-23.086620330810547
30,63,0,61.980491638183594,-29.7142391204834
30,63,1,75.4666519165039,-23.12748908996582
30,64,0,62.28041076660156,-29.65386962890625
30,64,1,75.26970672607422,-23.1680908203125
30,65,0,62.58074188232422,-29.592960357666016
30,65,1,75.0734634399414,-23.208820343017578
30,66,0,62.88167190551758,-29.531620025634766
30,66,1,74.8779296875,-23.249420166015625
30,67,0,63.183349609375,-29.46977996826172
30,67,1,74.68315124511719,-23.290510177612305
30,68,0,63.48564147949219,-29.407630920410156
30,68,1,74.48872375488281,-23.331600189208984
30,69,0,63.788360595703125,-29.345430374145508
30,69,1,74.29488372802734,-23.372629165649414
30,70,0,64.0920181274414,-29.28285026550293
30,70,1,74.10160064697266,-23.41360092163086
30,71,0,64.39595031738281,-29.22003936767578
30,71,1,73.90930938720703,-23.454389572143555
30,72,0,64.69994354248047,-29.157209396362305
30,72,1,73.71742248535156,-23.495420455932617
30,73,0,65.00460815429688,-29.09423065185547
30,73,1,73.52562713623047,-23.53656005859375
30,74,0,65.31050872802734,-29.031089782714844
30,74,1,73.33451843261719,-23.577470779418945
30,75,0,65.6172103881836,-28.967679977416992
30,75,1,73.1438217163086,-23.61850929260254
30,76,0,65.92465209960938,-28.90414047241211
30,76,1,72.95352935791016,-23.659669876098633
30,77,0,66.23243713378906,-28.840530395507812
30,77,1,72.76329803466797,-23.701309204101562
30,78,0,66.53961181640625,-28.777149200439453
30,78,1,72.57315063476562,-23.743310928344727
30,79,0,66.84667205810547,-28.71392059326172
30,79,1,72.38297271728516,-23.785520553588867
30,80,0,67.15409088134766,-28.65073013305664
30,80,1,72.19190216064453,-23.82809066772461
30,81,0,67.46182250976562,-28.587539672851562
30,81,1,72.00052642822266,-23.870800018310547
30,82,0,67.76985931396484,-28.52440071105957
30,82,1,71.8091812133789,-23.91349983215332
30,83,0,68.07843017578125,-28.461360931396484
30,83,1,71.61699676513672,-23.956310272216797
30,84,0,68.38774871826172,-28.3983097076416
30,84,1,71.42437744140625,-23.999059677124023
30,85,0,68.69741821289062,-28.335399627685547
30,85,1,71.23055267333984,-24.0422306060791
30,86,0,69.00749206542969,-28.27264976501465
30,86,1,71.03597259521484,-24.085390090942383
30,87,0,69.3172378540039,-28.21027946472168
30,87,1,70.8407211303711,-24.128339767456055
30,88,0,69.62711334228516,-28.14822006225586
30,88,1,70.6454086303711,-24.171199798583984
30,89,0,69.93627166748047,-28.086530685424805
30,89,1,70.44895935058594,-24.213680267333984
30,90,0,70.2449722290039,-28.025360107421875
30,90,1,70.25186157226562,-24.25634002685547
30,91,0,70.55412292480469,-27.964210510253906
30,91,1,70.0535888671875,-24.29888916015625
30,92,0,70.86273956298828,-27.903379440307617
30,92,1,69.85442352294922,-24.34075927734375
30,93,0,71.17079162597656,-27.84292984008789
30,93,1,69.65416717529297,-24.382230758666992
30,94,0,71.47901153564453,-27.78265953063965
30,94,1,69.4528579711914,-24.42317008972168
30,95,0,71.78690338134766,-27.72266960144043
30,95,1,69.24983978271484,-24.463579177856445
30,96,0,72.09443664550781,-27.66299057006836
30,96,1,69.0456314086914,-24.505420684814453
30,97,0,72.40131378173828,-27.603649139404297
30,97,1,68.84028625488281,-24.548429489135742
30,98,0,72.70818328857422,-27.54458999633789
30,98,1,68.6340103149414,-24.59280014038086
30,99,0,73.01448059082031,-27.485889434814453
30,99,1,68.42672729492188,-24.638429641723633
31,0,0,28.073379516601562,-36.20418930053711
31,0,1,90.42591857910156,-20.42840003967285
31,1,0,28.317180633544922,-36.13705825805664
31,1,1,90.13922119140625,-20.474639892578125
31,2,0,28.560569763183594,-36.069759368896484
31,2,1,89.85079956054688,-20.52136993408203
31,3,0,28.803590774536133,-36.00239944458008
31,3,1,89.56197357177734,-20.56882095336914
31,4,0,29.046070098876953,-35.93503952026367
31,4,1,89.27230072021484,-20.616060256958008
31,5,0,29.288110733032227,-35.867679595947266
31,5,1,88.98265838623047,-20.663860321044922
31,6,0,29.529619216918945,-35.80036163330078
31,6,1,88.69345092773438,-20.712339401245117
31,7,0,29.770620346069336,-35.73310852050781
31,7,1,88.40403747558594,-20.760690689086914
31,8,0,30.011180877685547,-35.66592025756836
31,8,1,88.11534881591797,-20.80940055847168
31,9,0,30.251239776611328,-35.59885025024414
31,9,1,87.82843780517578,-20.857799530029297
31,10,0,30.49087905883789,-35.53190994262695
31,10,1,87.54335021972656,-20.906230926513672
31,11,0,30.73002052307129,-35.46516036987305
31,11,1,87.26033020019531,-20.95454978942871
31,12,0,30.96855926513672,-35.398651123046875
31,12,1,86.97982025146484,-21.0026798248291
31,13,0,31.20660972595215,-35.3324089050293
31,13,1,86.70178985595703,-21.050249099731445
31,14,0,31.444150924682617,-35.26647186279297
31,14,1,86.42655181884766,-21.09733009338379
31,15,0,31.681259155273438,-35.20077133178711
31,15,1,86.15415954589844,-21.144010543823242
31,16,0,31.917850494384766,-35.13539123535156
31,16,1,85.8841323852539,-21.19046974182129
31,17,0,32.1538200378418,-35.07033157348633
31,17,1,85.61672973632812,-21.23703956604004
31,18,0,32.389278411865234,-35.005699157714844
31,18,1,85.35172271728516,-21.282989501953125
31,19,0,32.62422180175781,-34.94157028198242
31,19,1,85.08950805664062,-21.328250885009766
31,20,0,32.858489990234375,-34.87805938720703
31,20,1,84.83030700683594,-21.373310089111328
31,21,0,33.09217071533203,-34.81521987915039
31,21,1,84.57328033447266,-21.41815948486328
31,22,0,33.325199127197266,-34.753150939941406
31,22,1,84.31916809082031,-21.463319778442383
31,23,0,33.55778121948242,-34.691959381103516
31,23,1,84.06787109375,-21.50806999206543
31,24,0,33.78998947143555,-34.631629943847656
31,24,1,83.81964111328125,-21.55191993713379
31,25,0,34.0219612121582,-34.57231140136719
31,25,1,83.57450866699219,-21.59556007385254
31,26,0,34.253780364990234,-34.514060974121094
31,26,1,83.3322982788086,-21.638660430908203
31,27,0,34.48550033569336,-34.4569091796875
31,27,1,83.09308624267578,-21.681499481201172
31,28,0,34.717220306396484,-34.400779724121094
31,28,1,82.85677337646484,-21.723819732666016
31,29,0,34.948970794677734,-34.34577178955078
31,29,1,82.62335968017578,-21.76552963256836
31,30,0,35.18075180053711,-34.2919807434082
31,30,1,82.3924789428711,-21.806589126586914
31,31,0,35.41259002685547,-34.239498138427734
31,31,1,82.16378784179688,-21.847469329833984
31,32,0,35.64453887939453,-34.188331604003906
31,32,1,81.9376220703125,-21.88813018798828
31,33,0,35.87654113769531,-34.13862991333008
31,33,1,81.71336364746094,-21.92860984802246
31,34,0,36.10871887207031,-34.090309143066406
31,34,1,81.49105834960938,-21.96925926208496
31,35,0,36.341190338134766,-34.04344177246094
31,35,1,81.26994323730469,-22.009349822998047
31,36,0,36.57421875,-33.997859954833984
31,36,1,81.05032348632812,-22.049240112304688
31,37,0,36.80739974975586,-33.953758239746094
31,37,1,80.83200073242188,-22.08926010131836
31,38,0,37.040679931640625,-33.911170959472656
31,38,1,80.61541748046875,-22.12883949279785
31,39,0,37.27404022216797,-33.87009048461914
31,39,1,80.39958953857422,-22.16830062866211
31,40,0,37.508018493652344,-33.83026123046875
31,40,1,80.1849136352539,-22.207849502563477
31,41,0,37.74225997924805,-33.791568756103516
31,41,1,79.97122955322266,-22.247499465942383
31,42,0,37.97713088989258,-33.75413131713867
31,42,1,79.75843048095703,-22.286840438842773
31,43,0,38.21289825439453,-33.717750549316406
31,43,1,79.54653930664062,-22.32621955871582
31,44,0,38.449100494384766,-33.68254852294922
31,44,1,79.33537292480469,-22.365779876708984
31,45,0,38.68581008911133,-33.64841079711914
31,45,1,79.12481689453125,-22.405580520629883
31,46,0,38.922550201416016,-33.61537170410156
31,46,1,78.9153823852539,-22.445240020751953
31,47,0,39.159759521484375,-33.58264923095703
31,47,1,78.7069320678711,-22.484899520874023
31,48,0,39.39667892456055,-33.55043029785156
31,48,1,78.49884796142578,-22.524669647216797
31,49,0,39.63251876831055,-33.51893997192383
31,49,1,78.29174041748047,-22.5648193359375
31,50,0,39.86824035644531,-33.487911224365234
31,50,1,78.08554077148438,-22.604419708251953
31,51,0,40.103790283203125,-33.457271575927734
31,51,1,77.88036346435547,-22.64388084411621
31,52,0,40.339141845703125,-33.42705154418945
31,52,1,77.67562866210938,-22.683759689331055
31,53,0,40.57426071166992,-33.39727020263672
31,53,1,77.47180938720703,-22.72372055053711
31,54,0,40.80937957763672,-33.367889404296875
31,54,1,77.26850891113281,-22.763700485229492
31,55,0,41.045230865478516,-33.33842849731445
31,55,1,77.06558227539062,-22.80405044555664
31,56,0,41.28152847290039,-33.30891036987305
31,56,1,76.86311340332031,-22.84412956237793
31,57,0,41.518428802490234,-33.27933883666992
31,57,1,76.6615219116211,-22.88442039489746
31,58,0,41.75605010986328,-33.24966812133789
31,58,1,76.4610595703125,-22.924610137939453
31,59,0,41.994319915771484,-33.21952819824219
31,59,1,76.26126098632812,-22.965030670166016
31,60,0,42.232730865478516,-33.18920135498047
31,60,1,76.06169128417969,-23.005319595336914
31,61,0,42.47093963623047,-33.15871810913086
31,61,1,75.86263275146484,-23.045909881591797
31,62,0,42.70854949951172,-33.128170013427734
31,62,1,75.66436004638672,-23.086620330810547
31,63,0,42.94573974609375,-33.097469329833984
31,63,1,75.4666519165039,-23.12748908996582
31,64,0,43.18299865722656,-33.0665397644043
31,64,1,75.26970672607422,-23.1680908203125
31,65,0,43.420101165771484,-33.035301208496094
31,65,1,75.0734634399414,-23.208820343017578
31,66,0,43.657169342041016,-33.003849029541016
31,66,1,74.8779296875,-23.249420166015625
31,67,0,43.89424133300781,-32.971981048583984
31,67,1,74.68315124511719,-23.290510177612305
31,68,0,44.1314811706543,-32.93986892700195
31,68,1,74.48872375488281,-23.331600189208984
31,69,0,44.36906051635742,-32.90753936767578
31,69,1,74.29488372802734,-23.372629165649414
31,70,0,44.6068000793457,-32.8748893737793
31,70,1,74.10160064697266,-23.41360092163086
31,71,0,44.84457015991211,-32.84196853637695
31,71,1,73.90930938720703,-23.454389572143555
31,72,0,45.0824089050293,-32.808738708496094
31,72,1,73.71742248535156,-23.495420455932617
31,73,0,45.320350646972656,-32.775211334228516
31,73,1,73.52562713623047,-23.53656005859375
31,74,0,45.55818176269531,-32.74140167236328
31,74,1,73.33451843261719,-23.577470779418945
31,75,0,45.79584884643555,-32.707191467285156
31,75,1,73.1438217163086,-23.61850929260254
31,76,0,46.03342056274414,-32.672698974609375
31,76,1,72.95352935791016,-23.659669876098633
31,77,0,46.270938873291016,-32.637969970703125
31,77,1,72.76329803466797,-23.701309204101562
31,78,0,46.50811004638672,-32.602909088134766
31,78,1,72.57315063476562,-23.743310928344727
31,79,0,46.745121002197266,-32.567359924316406
31,79,1,72.38297271728516,-23.785520553588867
31,80,0,46.98234939575195,-32.531471252441406
31,80,1,72.19190216064453,-23.82809066772461
31,81,0,47.22013854980469,-32.4952392578125
31,81,1,72.00052642822266,-23.870800018310547
31,82,0,47.458248138427734,-32.45869064331055
31,82,1,71.8091812133789,-23.91349983215332
31,83,0,47.6968994140625,-32.42163848876953
31,83,1,71.61699676513672,-23.956310272216797
31,84,0,47.935768127441406,-32.38412857055664
31,84,1,71.42437744140625,-23.999059677124023
31,85,0,48.174678802490234,-32.34629821777344
31,85,1,71.23055267333984,-24.0422306060791
31,86,0,48.4139289855957,-32.308128356933594
31,86,1,71.03597259521484,-24.085390090942383
31,87,0,48.65346908569336,-32.26961135864258
31,87,1,70.8407211303711,-24.128339767456055
31,88,0,48.893150329589844,-32.230751037597656
31,88,1,70.6454086303711,-24.171199798583984
31,89,0,49.13277816772461,-32.191768646240234
31,89,1,70.44895935058594,-24.213680267333984
31,90,0,49.37253189086914,-32.15250015258789
31,90,1,70.25186157226562,-24.25634002685547
31,91,0,49.612281799316406,-32.1130485534668
31,91,1,70.0535888671875,-24.29888916015625
31,92,0,49.85192108154297,-32.0736083984375
31,92,1,69.85442352294922,-24.34075927734375
31,93,0,50.09114074707031,-32.03422927856445
31,93,1,69.65416717529297,-24.382230758666992
31,94,0,50.33013153076172,-31.994829177856445
31,94,1,69.4528579711914,-24.42317008972168
31,95,0,50.56892013549805,-31.95536994934082
31,95,1,69.24983978271484,-24.463579177856445
31,96,0,50.807491302490234,-31.915990829467773
31,96,1,69.0456314086914,-24.505420684814453
31,97,0,51.045719146728516,-31.876710891723633
31,97,1,68.84028625488281,-24.548429489135742
31,98,0,51.2835807800293,-31.8376407623291
31,98,1,68.6340103149414,-24.59280014038086
31,99,0,51.521278381347656,-31.79871940612793
31,99,1,68.42672729492188,-24.638429641723633
32,0,0,67.38126373291016,-28.916290283203125
32,0,1,91.08540344238281,-20.618389129638672
32,1,0,67.59996795654297,-28.873220443725586
32,1,1,90.80679321289062,-20.663219451904297
32,2,0,67.81835174560547,-28.829439163208008
32,2,1,90.52535247802734,-20.709840774536133
32,3,0,68.03675079345703,-28.785369873046875
32,3,1,90.24089813232422,-20.757089614868164
32,4,0,68.25486755371094,-28.7406005859375
32,4,1,89.95378112792969,-20.80569076538086
32,5,0,68.47286987304688,-28.695579528808594
32,5,1,89.66439819335938,-20.854909896850586
32,6,0,68.69071960449219,-28.65036964416504
32,6,1,89.37246704101562,-20.904909133911133
32,7,0,68.90838623046875,-28.60498046875
32,7,1,89.07901000976562,-20.955930709838867
32,8,0,69.1258316040039,-28.559370040893555
32,8,1,88.78489685058594,-21.006559371948242
32,9,0,69.34327697753906,-28.513519287109375
32,9,1,88.48957061767578,-21.05722999572754
32,10,0,69.56065368652344,-28.46755027770996
32,10,1,88.19384002685547,-21.1082706451416
32,11,0,69.77789306640625,-28.421409606933594
32,11,1,87.89771270751953,-21.16002082824707
32,12,0,69.99513244628906,-28.375009536743164
32,12,1,87.60150909423828,-21.212480545043945
32,13,0,70.2123031616211,-28.328479766845703
32,13,1,87.3051528930664,-21.2656307220459
32,14,0,70.429443359375,-28.281829833984375
32,14,1,87.00927734375,-21.31846046447754
32,15,0,70.64653778076172,-28.235029220581055
32,15,1,86.71333312988281,-21.371789932250977
32,16,0,70.86363220214844,-28.188100814819336
32,16,1,86.41799926757812,-21.425880432128906
32,17,0,71.0804672241211,-28.141239166259766
32,17,1,86.12259674072266,-21.4808406829834
32,18,0,71.29730224609375,-28.094419479370117
32,18,1,85.82688903808594,-21.536169052124023
32,19,0,71.51421356201172,-28.04754066467285
32,19,1,85.5316390991211,-21.59157943725586
32,20,0,71.73123931884766,-28.00065040588379
32,20,1,85.23668670654297,-21.64735984802246
32,21,0,71.94818115234375,-27.95393943786621
32,21,1,84.94152069091797,-21.70417022705078
32,22,0,72.16480255126953,-27.907379150390625
32,22,1,84.64644622802734,-21.76082992553711
32,23,0,72.38141632080078,-27.86090087890625
32,23,1,84.350830078125,-21.817760467529297
32,24,0,72.5979995727539,-27.814430236816406
32,24,1,84.05528259277344,-21.874820709228516
32,25,0,72.8144302368164,-27.768070220947266
32,25,1,83.75971221923828,-21.932079315185547
32,26,0,73.03060913085938,-27.721830368041992
32,26,1,83.46414947509766,-21.989450454711914
32,27,0,73.24683380126953,-27.6756591796875
32,27,1,83.16932678222656,-22.04734992980957
32,28,0,73.46308135986328,-27.629499435424805
32,28,1,82.8742904663086,-22.105670928955078
32,29,0,73.67902374267578,-27.583290100097656
32,29,1,82.57897186279297,-22.16436004638672
32,30,0,73.89501190185547,-27.537099838256836
32,30,1,82.28388214111328,-22.22296905517578
32,31,0,74.11077880859375,-27.490989685058594
32,31,1,81.989013671875,-22.281410217285156
32,32,0,74.3265380859375,-27.444910049438477
32,32,1,81.69426727294922,-22.340120315551758
32,33,0,74.5427017211914,-27.39872932434082
32,33,1,81.39978790283203,-22.39957046508789
32,34,0,74.75868225097656,-27.352359771728516
32,34,1,81.10455322265625,-22.459379196166992
32,35,0,74.97467803955078,-27.305700302124023
32,35,1,80.81005096435547,-22.519390106201172
32,36,0,75.19059753417969,-27.258710861206055
32,36,1,80.51627349853516,-22.579570770263672
32,37,0,75.40675354003906,-27.211669921875
32,37,1,80.22322082519531,-22.640010833740234
32,38,0,75.62309265136719,-27.164630889892578
32,38,1,79.93003845214844,-22.70013999938965
32,39,0,75.83934020996094,-27.117420196533203
32,39,1,79.63758087158203,-22.760860443115234
32,40,0,76.05577087402344,-27.070280075073242
32,40,1,79.34512329101562,-22.822280883789062
32,41,0,76.27217102050781,-27.023239135742188
32,41,1,79.05309295654297,-22.883819580078125
32,42,0,76.48886108398438,-26.97631072998047
32,42,1,78.7609634399414,-22.945999145507812
32,43,0,76.70597839355469,-26.92943000793457
32,43,1,78.46846771240234,-23.008119583129883
32,44,0,76.9232177734375,-26.88258934020996
32,44,1,78.17584228515625,-23.070770263671875
32,45,0,77.14096069335938,-26.835729598999023
32,45,1,77.88359832763672,-23.133060455322266
32,46,0,77.35909271240234,-26.788869857788086
32,46,1,77.59114837646484,-23.19601058959961
32,47,0,77.57730102539062,-26.742050170898438
32,47,1,77.29918670654297,-23.25897979736328
32,48,0,77.79551696777344,-26.69523048400879
32,48,1,77.0071029663086,-23.32254981994629
32,49,0,78.01354217529297,-26.648479461669922
32,49,1,76.71566772460938,-23.38623046875
32,50,0,78.23145294189453,-26.601699829101562
32,50,1,76.42475128173828,-23.4495792388916
32,51,0,78.4493179321289,-26.554880142211914
32,51,1,76.13456726074219,-23.513139724731445
32,52,0,78.6670913696289,-26.507999420166016
32,52,1,75.84526824951172,-23.577110290527344
32,53,0,78.88472747802734,-26.461130142211914
32,53,1,75.55603790283203,-23.641159057617188
32,54,0,79.1021499633789,-26.414369583129883
32,54,1,75.26770782470703,-23.70479965209961
32,55,0,79.31947326660156,-26.36764907836914
32,55,1,74.97981262207031,-23.76881980895996
32,56,0,79.53662872314453,-26.32101058959961
32,56,1,74.69161987304688,-23.832929611206055
32,57,0,79.75360107421875,-26.274410247802734
32,57,1,74.40425109863281,-23.897329330444336
32,58,0,79.97035217285156,-26.227909088134766
32,58,1,74.11676025390625,-23.961450576782227
32,59,0,80.18679809570312,-26.181379318237305
32,59,1,73.8296890258789,-24.026090621948242
32,60,0,80.40315246582031,-26.134729385375977
32,60,1,73.54400634765625,-24.090839385986328
32,61,0,80.61937713623047,-26.08793067932129
32,61,1,73.25814819335938,-24.155370712280273
32,62,0,80.83527374267578,-26.041019439697266
32,62,1,72.9725570678711,-24.22015953063965
32,63,0,81.05078887939453,-25.994060516357422
32,63,1,72.68578338623047,-24.285430908203125
32,64,0,81.26616668701172,-25.946989059448242
32,64,1,72.3997802734375,-24.350679397583008
32,65,0,81.48136138916016,-25.899770736694336
32,65,1,72.1150131225586,-24.41646957397461
32,66,0,81.69667053222656,-25.85226058959961
32,66,1,71.8306884765625,-24.482019424438477
32,67,0,81.91163635253906,-25.804609298706055
32,67,1,71.54730224609375,-24.547710418701172
32,68,0,82.1263198852539,-25.756860733032227
32,68,1,71.264892578125,-24.613340377807617
32,69,0,82.34087371826172,-25.70903968811035
32,69,1,70.98393249511719,-24.678449630737305
32,70,0,82.55542755126953,-25.661130905151367
32,70,1,70.70352172851562,-24.74401092529297
32,71,0,82.76995849609375,-25.6131591796875
32,71,1,70.42320251464844,-24.809480667114258
32,72,0,82.98438262939453,-25.565229415893555
32,72,1,70.14443969726562,-24.875150680541992
32,73,0,83.19879913330078,-25.51725959777832
32,73,1,69.86573028564453,-24.93985939025879
32,74,0,83.41319274902344,-25.469310760498047
32,74,1,69.58580780029297,-25.003219604492188
32,75,0,83.62753295898438,-25.421480178833008
32,75,1,69.30622100830078,-25.065399169921875
32,76,0,83.84188842773438,-25.37380027770996
32,76,1,69.02690124511719,-25.127609252929688
32,77,0,84.05610656738281,-25.326379776000977
32,77,1,68.74755859375,-25.189510345458984
32,78,0,84.27011108398438,-25.27931022644043
32,78,1,68.46785736083984,-25.25115966796875
32,79,0,84.48399353027344,-25.23246955871582
32,79,1,68.18734741210938,-25.312589645385742
32,80,0,84.69767761230469,-25.185810089111328
32,80,1,67.90786743164062,-25.373699188232422
32,81,0,84.91110229492188,-25.139379501342773
32,81,1,67.62818908691406,-25.434419631958008
32,82,0,85.12423706054688,-25.093189239501953
32,82,1,67.3481674194336,-25.495149612426758
32,83,0,85.33724212646484,-25.047069549560547
32,83,1,67.06817626953125,-25.554819107055664
32,84,0,85.5501708984375,-25.001020431518555
32,84,1,66.78987121582031,-25.61309051513672
32,85,0,85.76287841796875,-24.955020904541016
32,85,1,66.51239776611328,-25.670129776000977
32,86,0,85.97531127929688,-24.909019470214844
32,86,1,66.23468017578125,-25.72686004638672
32,87,0,86.18769073486328,-24.86298942565918
32,87,1,65.95771026611328,-25.783239364624023
32,88,0,86.40003967285156,-24.816890716552734
32,88,1,65.68125915527344,-25.838939666748047
32,89,0,86.61239624023438,-24.770729064941406
32,89,1,65.40618896484375,-25.893840789794922
32,90,0,86.82466888427734,-24.724609375
32,90,1,65.13153839111328,-25.947620391845703
32,91,0,87.0368423461914,-24.678510665893555
32,91,1,64.85723114013672,-25.999710083007812
32,92,0,87.24906158447266,-24.632509231567383
32,92,1,64.58399200439453,-26.052810668945312
32,93,0,87.46131896972656,-24.586610794067383
32,93,1,64.31076049804688,-26.105770111083984
32,94,0,87.67373657226562,-24.540739059448242
32,94,1,64.0373764038086,-26.156530380249023
32,95,0,87.8862075805664,-24.494970321655273
32,95,1,63.76356887817383,-26.20716094970703
32,96,0,88.0988998413086,-24.449399948120117
32,96,1,63.49005889892578,-26.257320404052734
32,97,0,88.31178283691406,-24.404109954833984
32,97,1,63.217369079589844,-26.308290481567383
32,98,0,88.5251693725586,-24.359020233154297
32,98,1,62.946868896484375,-26.35820960998535
32,99,0,88.7391128540039,-24.314189910888672
32,99,1,62.67723846435547,-26.407339096069336
33,0,0,59.04890060424805,-30.473159790039062
33,0,1,91.08540344238281,-20.618389129638672
33,1,0,59.284671783447266,-30.424280166625977
33,1,1,90.80679321289062,-20.663219451904297
33,2,0,59.52042007446289,-30.375049591064453
33,2,1,90.52535247802734,-20.709840774536133
33,3,0,59.756141662597656,-30.325519561767578
33,3,1,90.24089813232422,-20.757089614868164
33,4,0,59.991790771484375,-30.27570915222168
33,4,1,89.95378112792969,-20.80569076538086
33,5,0,60.22734832763672,-30.225679397583008
33,5,1,89.66439819335938,-20.854909896850586
33,6,0,60.462791442871094,-30.17547035217285
33,6,1,89.37246704101562,-20.904909133911133
33,7,0,60.698089599609375,-30.125099182128906
33,7,1,89.07901000976562,-20.955930709838867
33,8,0,60.933231353759766,-30.07464027404785
33,8,1,88.78489685058594,-21.006559371948242
33,9,0,61.16761016845703,-30.024320602416992
33,9,1,88.48957061767578,-21.05722999572754
33,10,0,61.40127182006836,-29.974159240722656
33,10,1,88.19384002685547,-21.1082706451416
33,11,0,61.634761810302734,-29.924009323120117
33,11,1,87.89771270751953,-21.16002082824707
33,12,0,61.86804962158203,-29.87398910522461
33,12,1,87.60150909423828,-21.212480545043945
33,13,0,62.101200103759766,-29.824100494384766
33,13,1,87.3051528930664,-21.2656307220459
33,14,0,62.33415985107422,-29.77436065673828
33,14,1,87.00927734375,-21.31846046447754
33,15,0,62.567230224609375,-29.724790573120117
33,15,1,86.71333312988281,-21.371789932250977
33,16,0,62.800628662109375,-29.675350189208984
33,16,1,86.41799926757812,-21.425880432128906
33,17,0,63.033538818359375,-29.626249313354492
33,17,1,86.12259674072266,-21.4808406829834
33,18,0,63.26585006713867,-29.57762908935547
33,18,1,85.82688903808594,-21.536169052124023
33,19,0,63.49726867675781,-29.529300689697266
33,19,1,85.5316390991211,-21.59157943725586
33,20,0,63.7288818359375,-29.48103904724121
33,20,1,85.23668670654297,-21.64735984802246
33,21,0,63.960880279541016,-29.432809829711914
33,21,1,84.94152069091797,-21.70417022705078
33,22,0,64.19265747070312,-29.38488006591797
33,22,1,84.64644622802734,-21.76082992553711
33,23,0,64.4239730834961,-29.337209701538086
33,23,1,84.350830078125,-21.817760467529297
33,24,0,64.65444946289062,-29.289709091186523
33,24,1,84.05528259277344,-21.874820709228516
33,25,0,64.88481140136719,-29.242490768432617
33,25,1,83.75971221923828,-21.932079315185547
33,26,0,65.11483764648438,-29.195600509643555
33,26,1,83.46414947509766,-21.989450454711914
33,27,0,65.34456634521484,-29.149070739746094
33,27,1,83.16932678222656,-22.04734992980957
33,28,0,65.57396697998047,-29.102890014648438
33,28,1,82.8742904663086,-22.105670928955078
33,29,0,65.80374145507812,-29.05678939819336
33,29,1,82.57897186279297,-22.16436004638672
33,30,0,66.03317260742188,-29.011079788208008
33,30,1,82.28388214111328,-22.22296905517578
33,31,0,66.26191711425781,-28.96603012084961
33,31,1,81.989013671875,-22.281410217285156
33,32,0,66.49040985107422,-28.921350479125977
33,32,1,81.69426727294922,-22.340120315551758
33,33,0,66.71874237060547,-28.87713050842285
33,33,1,81.39978790283203,-22.39957046508789
33,34,0,66.9469985961914,-28.83325958251953
33,34,1,81.10455322265625,-22.459379196166992
33,35,0,67.17532348632812,-28.789709091186523
33,35,1,80.81005096435547,-22.519390106201172
33,36,0,67.40360260009766,-28.746530532836914
33,36,1,80.51627349853516,-22.579570770263672
33,37,0,67.63179016113281,-28.7037296295166
33,37,1,80.22322082519531,-22.640010833740234
33,38,0,67.86002349853516,-28.661279678344727
33,38,1,79.93003845214844,-22.70013999938965
33,39,0,68.08849334716797,-28.619060516357422
33,39,1,79.63758087158203,-22.760860443115234
33,40,0,68.31716918945312,-28.577180862426758
33,40,1,79.34512329101562,-22.822280883789062
33,41,0,68.54601287841797,-28.535560607910156
33,41,1,79.05309295654297,-22.883819580078125
33,42,0,68.77503967285156,-28.49420928955078
33,42,1,78.7609634399414,-22.945999145507812
33,43,0,69.00447845458984,-28.45309066772461
33,43,1,78.46846771240234,-23.008119583129883
33,44,0,69.23406219482422,-28.412189483642578
33,44,1,78.17584228515625,-23.070770263671875
33,45,0,69.46401977539062,-28.371540069580078
33,45,1,77.88359832763672,-23.133060455322266
33,46,0,69.69454193115234,-28.331029891967773
33,46,1,77.59114837646484,-23.19601058959961
33,47,0,69.92533874511719,-28.290639877319336
33,47,1,77.29918670654297,-23.25897979736328
33,48,0,70.1562728881836,-28.250350952148438
33,48,1,77.0071029663086,-23.32254981994629
33,49,0,70.38716125488281,-28.2102108001709
33,49,1,76.71566772460938,-23.38623046875
33,50,0,70.61817932128906,-28.170499801635742
33,50,1,76.42475128173828,-23.4495792388916
33,51,0,70.84947967529297,-28.131179809570312
33,51,1,76.13456726074219,-23.513139724731445
33,52,0,71.08104705810547,-28.092300415039062
33,52,1,75.84526824951172,-23.577110290527344
33,53,0,71.31268310546875,-28.053430557250977
33,53,1,75.55603790283203,-23.641159057617188
33,54,0,71.54393768310547,-28.01460075378418
33,54,1,75.26770782470703,-23.70479965209961
33,55,0,71.77468872070312,-27.975950241088867
33,55,1,74.97981262207031,-23.76881980895996
33,56,0,72.00511169433594,-27.93737030029297
33,56,1,74.69161987304688,-23.832929611206055
33,57,0,72.23516082763672,-27.899099349975586
33,57,1,74.40425109863281,-23.897329330444336
33,58,0,72.4654769897461,-27.860580444335938
33,58,1,74.11676025390625,-23.961450576782227
33,59,0,72.69593811035156,-27.821950912475586
33,59,1,73.8296890258789,-24.026090621948242
33,60,0,72.92611694335938,-27.783279418945312
33,60,1,73.54400634765625,-24.090839385986328
33,61,0,73.15596771240234,-27.744590759277344
33,61,1,73.25814819335938,-24.155370712280273
33,62,0,73.38604736328125,-27.706209182739258
33,62,1,72.9725570678711,-24.22015953063965
33,63,0,73.61628723144531,-27.667749404907227
33,63,1,72.68578338623047,-24.285430908203125
33,64,0,73.84676361083984,-27.62908935546875
33,64,1,72.3997802734375,-24.350679397583008
33,65,0,74.0771484375,-27.59037971496582
33,65,1,72.1150131225586,-24.41646957397461
33,66,0,74.30731964111328,-27.551660537719727
33,66,1,71.8306884765625,-24.482019424438477
33,67,0,74.53719329833984,-27.51289939880371
33,67,1,71.54730224609375,-24.547710418701172
33,68,0,74.76679992675781,-27.474199295043945
33,68,1,71.264892578125,-24.613340377807617
33,69,0,74.99601745605469,-27.435640335083008
33,69,1,70.98393249511719,-24.678449630737305
33,70,0,75.2256088256836,-27.396930694580078
33,70,1,70.70352172851562,-24.74401092529297
33,71,0,75.4552001953125,-27.358219146728516
33,71,1,70.42320251464844,-24.809480667114258
33,72,0,75.68460083007812,-27.319459915161133
33,72,1,70.14443969726562,-24.875150680541992
33,73,0,75.9138412475586,-27.280990600585938
33,73,1,69.86573028564453,-24.93985939025879
33,74,0,76.14295196533203,-27.242420196533203
33,74,1,69.58580780029297,-25.003219604492188
33,75,0,76.37177276611328,-27.20380973815918
33,75,1,69.30622100830078,-25.065399169921875
33,76,0,76.60089874267578,-27.165489196777344
33,76,1,69.02690124511719,-25.127609252929688
33,77,0,76.83020782470703,-27.126930236816406
33,77,1,68.74755859375,-25.189510345458984
33,78,0,77.05979919433594,-27.08803939819336
33,78,1,68.46785736083984,-25.25115966796875
33,79,0,77.28926849365234,-27.048999786376953
33,79,1,68.18734741210938,-25.312589645385742
33,80,0,77.51872253417969,-27.00971031188965
33,80,1,67.90786743164062,-25.373699188232422
33,81,0,77.74797058105469,-26.970130920410156
33,81,1,67.62818908691406,-25.434419631958008
33,82,0,77.97714233398438,-26.930320739746094
33,82,1,67.3481674194336,-25.495149612426758
33,83,0,78.20616149902344,-26.890209197998047
33,83,1,67.06817626953125,-25.554819107055664
33,84,0,78.43509674072266,-26.849679946899414
33,84,1,66.78987121582031,-25.61309051513672
33,85,0,78.66407775878906,-26.80868911743164
33,85,1,66.51239776611328,-25.670129776000977
33,86,0,78.89289855957031,-26.767669677734375
33,86,1,66.23468017578125,-25.72686004638672
33,87,0,79.12153625488281,-26.72624969482422
33,87,1,65.95771026611328,-25.783239364624023
33,88,0,79.3503189086914,-26.684240341186523
33,88,1,65.68125915527344,-25.838939666748047
33,89,0,79.5789794921875,-26.64208984375
33,89,1,65.40618896484375,-25.893840789794922
33,90,0,79.80738830566406,-26.59942054748535
33,90,1,65.13153839111328,-25.947620391845703
33,91,0,80.03556060791016,-26.556140899658203
33,91,1,64.85723114013672,-25.999710083007812
33,92,0,80.2634506225586,-26.512420654296875
33,92,1,64.58399200439453,-26.052810668945312
33,93,0,80.49102783203125,-26.468050003051758
33,93,1,64.31076049804688,-26.105770111083984
33,94,0,80.7185287475586,-26.423070907592773
33,94,1,64.0373764038086,-26.156530380249023
33,95,0,80.94586181640625,-26.37738037109375
33,95,1,63.76356887817383,-26.20716094970703
33,96,0,81.17312622070312,-26.331029891967773
33,96,1,63.49005889892578,-26.257320404052734
33,97,0,81.40009307861328,-26.283979415893555
33,97,1,63.217369079589844,-26.308290481567383
33,98,0,81.62699890136719,-26.236459732055664
33,98,1,62.946868896484375,-26.35820960998535
33,99,0,81.85382080078125,-26.18824005126953
33,99,1,62.67723846435547,-26.407339096069336
34,0,0,69.23406219482422,-28.412189483642578
34,0,1,90.82518768310547,-20.715360641479492
34,1,0,69.46401977539062,-28.371540069580078
34,1,1,90.49999237060547,-20.773269653320312
34,2,0,69.69454193115234,-28.331029891967773
34,2,1,90.17218017578125,-20.831960678100586
34,3,0,69.92533874511719,-28.290639877319336
34,3,1,89.84427642822266,-20.890960693359375
34,4,0,70.1562728881836,-28.250350952148438
34,4,1,89.51393127441406,-20.95085906982422
34,5,0,70.38716125488281,-28.2102108001709
34,5,1,89.1844711303711,-21.011159896850586
34,6,0,70.61817932128906,-28.170499801635742
34,6,1,88.85661315917969,-21.07110023498535
34,7,0,70.84947967529297,-28.131179809570312
34,7,1,88.52570343017578,-21.13191032409668
34,8,0,71.08104705810547,-28.092300415039062
34,8,1,88.19644927978516,-21.19223976135254
34,9,0,71.31268310546875,-28.053430557250977
34,9,1,87.86815643310547,-21.25238037109375
34,10,0,71.54393768310547,-28.01460075378418
34,10,1,87.54193115234375,-21.312389373779297
34,11,0,71.77468872070312,-27.975950241088867
34,11,1,87.21730041503906,-21.3726806640625
34,12,0,72.00511169433594,-27.93737030029297
34,12,1,86.89469909667969,-21.432689666748047
34,13,0,72.23516082763672,-27.899099349975586
34,13,1,86.57379913330078,-21.492630004882812
34,14,0,72.4654769897461,-27.860580444335938
34,14,1,86.25392150878906,-21.552570343017578
34,15,0,72.69593811035156,-27.821950912475586
34,15,1,85.9357681274414,-21.612560272216797
34,16,0,72.92611694335938,-27.783279418945312
34,16,1,85.6195068359375,-21.672319412231445
34,17,0,73.15596771240234,-27.744590759277344
34,17,1,85.30491638183594,-21.73150062561035
34,18,0,73.38604736328125,-27.706209182739258
34,18,1,84.99137878417969,-21.7903995513916
34,19,0,73.61628723144531,-27.667749404907227
34,19,1,84.67945098876953,-21.849199295043945
34,20,0,73.84676361083984,-27.62908935546875
34,20,1,84.36934661865234,-21.90821075439453
34,21,0,74.0771484375,-27.59037971496582
34,21,1,84.06192779541016,-21.96725082397461
34,22,0,74.30731964111328,-27.551660537719727
34,22,1,83.75576782226562,-22.026140213012695
34,23,0,74.53719329833984,-27.51289939880371
34,23,1,83.45159149169922,-22.084909439086914
34,24,0,74.76679992675781,-27.474199295043945
34,24,1,83.1489486694336,-22.143129348754883
34,25,0,74.99601745605469,-27.435640335083008
34,25,1,82.84754180908203,-22.20071029663086
34,26,0,75.2256088256836,-27.396930694580078
34,26,1,82.5472183227539,-22.258569717407227
34,27,0,75.4552001953125,-27.358219146728516
34,27,1,82.24816131591797,-22.316160202026367
34,28,0,75.68460083007812,-27.319459915161133
34,28,1,81.9509506225586,-22.37384033203125
34,29,0,75.9138412475586,-27.280990600585938
34,29,1,81.65615844726562,-22.430740356445312
34,30,0,76.14295196533203,-27.242420196533203
34,30,1,81.36311340332031,-22.48748016357422
34,31,0,76.37177276611328,-27.20380973815918
34,31,1,81.0722885131836,-22.543590545654297
34,32,0,76.60089874267578,-27.165489196777344
34,32,1,80.78327941894531,-22.599750518798828
34,33,0,76.83020782470703,-27.126930236816406
34,33,1,80.49651336669922,-22.65553092956543
34,34,0,77.05979919433594,-27.08803939819336
34,34,1,80.2117919921875,-22.711219787597656
34,35,0,77.28926849365234,-27.048999786376953
34,35,1,79.92938995361328,-22.766820907592773
34,36,0,77.51872253417969,-27.00971031188965
34,36,1,79.64855194091797,-22.82238006591797
34,37,0,77.74797058105469,-26.970130920410156
34,37,1,79.36958312988281,-22.877559661865234
34,38,0,77.97714233398438,-26.930320739746094
34,38,1,79.09249877929688,-22.93292999267578
34,39,0,78.20616149902344,-26.890209197998047
34,39,1,78.81700897216797,-22.988100051879883
34,40,0,78.43509674072266,-26.849679946899414
34,40,1,78.54309844970703,-23.043230056762695
34,41,0,78.66407775878906,-26.80868911743164
34,41,1,78.27063751220703,-23.097490310668945
34,42,0,78.89289855957031,-26.767669677734375
34,42,1,78.00007629394531,-23.151830673217773
34,43,0,79.12153625488281,-26.72624969482422
34,43,1,77.7317123413086,-23.206300735473633
34,44,0,79.3503189086914,-26.684240341186523
34,44,1,77.4656982421875,-23.260549545288086
34,45,0,79.5789794921875,-26.64208984375
34,45,1,77.20195770263672,-23.314970016479492
34,46,0,79.80738830566406,-26.59942054748535
34,46,1,76.93916320800781,-23.369150161743164
34,47,0,80.03556060791016,-26.556140899658203
34,47,1,76.67701721191406,-23.423280715942383
34,48,0,80.2634506225586,-26.512420654296875
34,48,1,76.41664123535156,-23.477800369262695
34,49,0,80.49102783203125,-26.468050003051758
34,49,1,76.15721893310547,-23.53227996826172
34,50,0,80.7185287475586,-26.423070907592773
34,50,1,75.89949798583984,-23.586570739746094
34,51,0,80.94586181640625,-26.37738037109375
34,51,1,75.64173889160156,-23.640399932861328
34,52,0,81.17312622070312,-26.331029891967773
34,52,1,75.38455200195312,-23.69445037841797
34,53,0,81.40009307861328,-26.283979415893555
34,53,1,75.12853240966797,-23.748390197753906
34,54,0,81.62699890136719,-26.236459732055664
34,54,1,74.87378692626953,-23.80190086364746
34,55,0,81.85382080078125,-26.18824005126953
34,55,1,74.61971282958984,-23.855440139770508
34,56,0,82.08074951171875,-26.139240264892578
34,56,1,74.3673095703125,-23.908899307250977
34,57,0,82.3075180053711,-26.08942985534668
34,57,1,74.1156234741211,-23.962299346923828
34,58,0,82.5341567993164,-26.03887939453125
34,58,1,73.86475372314453,-24.015579223632812
34,59,0,82.76136016845703,-25.98737907409668
34,59,1,73.61554718017578,-24.068649291992188
34,60,0,82.98829650878906,-25.935239791870117
34,60,1,73.3678207397461,-24.121530532836914
34,61,0,83.21514129638672,-25.882410049438477
34,61,1,73.12097930908203,-24.17392921447754
34,62,0,83.44181823730469,-25.8289794921875
34,62,1,72.8736572265625,-24.226219177246094
34,63,0,83.66834259033203,-25.774940490722656
34,63,1,72.62413024902344,-24.2791805267334
34,64,0,83.8946533203125,-25.720619201660156
34,64,1,72.3735580444336,-24.332359313964844
34,65,0,84.12081146240234,-25.665769577026367
34,65,1,72.12391662597656,-24.38528060913086
34,66,0,84.34651184082031,-25.610549926757812
34,66,1,71.8753890991211,-24.43733024597168
34,67,0,84.57195281982422,-25.55508041381836
34,67,1,71.62812042236328,-24.489179611206055
34,68,0,84.7970962524414,-25.499570846557617
34,68,1,71.38175201416016,-24.540449142456055
34,69,0,85.02201843261719,-25.443880081176758
34,69,1,71.13678741455078,-24.590679168701172
34,70,0,85.24671936035156,-25.388059616088867
34,70,1,70.88995361328125,-24.640470504760742
34,71,0,85.47091674804688,-25.332239151000977
34,71,1,70.64521789550781,-24.690250396728516
34,72,0,85.69447326660156,-25.27631950378418
34,72,1,70.40167999267578,-24.739229202270508
34,73,0,85.91732788085938,-25.220430374145508
34,73,1,70.15943145751953,-24.7877197265625
34,74,0,86.13960266113281,-25.164709091186523
34,74,1,69.9181137084961,-24.835519790649414
34,75,0,86.36132049560547,-25.109050750732422
34,75,1,69.67771911621094,-24.8830509185791
34,76,0,86.58273315429688,-25.053640365600586
34,76,1,69.4382095336914,-24.929889678955078
34,77,0,86.80397033691406,-24.998510360717773
34,77,1,69.19959259033203,-24.976179122924805
34,78,0,87.02477264404297,-24.943540573120117
34,78,1,68.96119689941406,-25.021869659423828
34,79,0,87.24524688720703,-24.88882064819336
34,79,1,68.72405242919922,-25.066879272460938
34,80,0,87.46553039550781,-24.834260940551758
34,80,1,68.48824310302734,-25.111469268798828
34,81,0,87.68614196777344,-24.77989959716797
34,81,1,68.2532730102539,-25.155569076538086
34,82,0,87.90711212158203,-24.72570037841797
34,82,1,68.01981353759766,-25.199909210205078
34,83,0,88.12814331054688,-24.67180061340332
34,83,1,67.78809356689453,-25.2438907623291
34,84,0,88.34945678710938,-24.6181697845459
34,84,1,67.55793762207031,-25.286819458007812
34,85,0,88.5715103149414,-24.564659118652344
34,85,1,67.3298568725586,-25.329530715942383
34,86,0,88.794189453125,-24.511249542236328
34,86,1,67.10279846191406,-25.371599197387695
34,87,0,89.01712799072266,-24.458080291748047
34,87,1,66.87689208984375,-25.413320541381836
34,88,0,89.24047088623047,-24.404979705810547
34,88,1,66.64102935791016,-25.45598030090332
34,89,0,89.46414184570312,-24.35201072692871
34,89,1,66.40631103515625,-25.4979305267334
34,90,0,89.68785858154297,-24.299179077148438
34,90,1,66.17240142822266,-25.539390563964844
34,91,0,89.91177368164062,-24.246599197387695
34,91,1,65.93859100341797,-25.58085060119629
34,92,0,90.13565063476562,-24.19416046142578
34,92,1,65.70451354980469,-25.621749877929688
34,93,0,90.35945129394531,-24.141759872436523
34,93,1,65.4719467163086,-25.662050247192383
34,94,0,90.58290100097656,-24.089630126953125
34,94,1,65.24069213867188,-25.701860427856445
34,95,0,90.80622863769531,-24.037660598754883
34,95,1,65.01065063476562,-25.74135971069336
34,96,0,91.03056335449219,-23.985769271850586
34,96,1,64.78109741210938,-25.78046989440918
34,97,0,91.25499725341797,-23.934009552001953
34,97,1,64.55194854736328,-25.81916046142578
34,98,0,91.47917938232422,-23.882469177246094
34,98,1,64.3232421875,-25.857900619506836
34,99,0,91.70350646972656,-23.830989837646484
34,99,1,64.0949478149414,-25.896869659423828
35,0,0,38.01940155029297,-33.509239196777344
35,0,1,91.0933609008789,-20.62883949279785
35,1,0,38.29458999633789,-33.46171188354492
35,1,1,90.8428726196289,-20.67637062072754
35,2,0,38.56951904296875,-33.41468048095703
35,2,1,90.59014129638672,-20.723770141601562
35,3,0,38.84397888183594,-33.36804962158203
35,3,1,90.33509063720703,-20.77178955078125
35,4,0,39.11859130859375,-33.32197189331055
35,4,1,90.0787582397461,-20.820159912109375
35,5,0,39.39316940307617,-33.27642059326172
35,5,1,89.8213119506836,-20.868839263916016
35,6,0,39.66767883300781,-33.23078918457031
35,6,1,89.56282806396484,-20.917659759521484
35,7,0,39.941471099853516,-33.18519973754883
35,7,1,89.30342102050781,-20.967140197753906
35,8,0,40.21455001831055,-33.139949798583984
35,8,1,89.04231262207031,-21.016569137573242
35,9,0,40.48720932006836,-33.09495162963867
35,9,1,88.78034973144531,-21.065839767456055
35,10,0,40.75883865356445,-33.05033874511719
35,10,1,88.51825714111328,-21.11539077758789
35,11,0,41.029380798339844,-33.00632858276367
35,11,1,88.256103515625,-21.165109634399414
35,12,0,41.29869842529297,-32.9628791809082
35,12,1,87.99385833740234,-21.214969635009766
35,13,0,41.566768646240234,-32.92013931274414
35,13,1,87.73194122314453,-21.264080047607422
35,14,0,41.83378982543945,-32.8780403137207
35,14,1,87.46981048583984,-21.31332015991211
35,15,0,42.099491119384766,-32.836570739746094
35,15,1,87.20777893066406,-21.362470626831055
35,16,0,42.364139556884766,-32.795738220214844
35,16,1,86.94532012939453,-21.411209106445312
35,17,0,42.62744140625,-32.75550842285156
35,17,1,86.68388366699219,-21.459970474243164
35,18,0,42.889469146728516,-32.71596908569336
35,18,1,86.42257690429688,-21.508520126342773
35,19,0,43.15039825439453,-32.676979064941406
35,19,1,86.16211700439453,-21.556739807128906
35,20,0,43.41020965576172,-32.638519287109375
35,20,1,85.9017562866211,-21.60485076904297
35,21,0,43.668731689453125,-32.60062026977539
35,21,1,85.6419677734375,-21.6529598236084
35,22,0,43.92612838745117,-32.563201904296875
35,22,1,85.3820571899414,-21.700700759887695
35,23,0,44.182491302490234,-32.52621841430664
35,23,1,85.12274169921875,-21.748559951782227
35,24,0,44.43793869018555,-32.48952102661133
35,24,1,84.8632583618164,-21.796680450439453
35,25,0,44.69221115112305,-32.453128814697266
35,25,1,84.60436248779297,-21.8446102142334
35,26,0,44.94538116455078,-32.416988372802734
35,26,1,84.3455810546875,-21.892669677734375
35,27,0,45.19804000854492,-32.380889892578125
35,27,1,84.0875473022461,-21.940629959106445
35,28,0,45.45024871826172,-32.344749450683594
35,28,1,83.8296127319336,-21.988420486450195
35,29,0,45.70159912109375,-32.30873107910156
35,29,1,83.57228088378906,-22.035709381103516
35,30,0,45.9521598815918,-32.272769927978516
35,30,1,83.31523895263672,-22.082950592041016
35,31,0,46.201900482177734,-32.23683166503906
35,31,1,83.05854034423828,-22.12994956970215
35,32,0,46.45087814331055,-32.20083999633789
35,32,1,82.80155181884766,-22.177249908447266
35,33,0,46.69915008544922,-32.164649963378906
35,33,1,82.54496765136719,-22.22456932067871
35,34,0,46.94676971435547,-32.12828063964844
35,34,1,82.28827667236328,-22.272119522094727
35,35,0,47.19390869140625,-32.09162139892578
35,35,1,82.0319595336914,-22.31928062438965
35,36,0,47.441078186035156,-32.054500579833984
35,36,1,81.7756118774414,-22.366329193115234
35,37,0,47.68838119506836,-32.01702117919922
35,37,1,81.5186996459961,-22.41316032409668
35,38,0,47.93513870239258,-31.979129791259766
35,38,1,81.26184844970703,-22.460010528564453
35,39,0,48.1816291809082,-31.94087028503418
35,39,1,81.00528717041016,-22.506450653076172
35,40,0,48.427978515625,-31.902090072631836
35,40,1,80.7490005493164,-22.552989959716797
35,41,0,48.674190521240234,-31.86284065246582
35,41,1,80.49323272705078,-22.59967041015625
35,42,0,48.92018127441406,-31.823150634765625
35,42,1,80.23760986328125,-22.646400451660156
35,43,0,49.16606903076172,-31.782880783081055
35,43,1,79.98213958740234,-22.693130493164062
35,44,0,49.412071228027344,-31.742149353027344
35,44,1,79.72651672363281,-22.739980697631836
35,45,0,49.65814971923828,-31.700809478759766
35,45,1,79.47093963623047,-22.786909103393555
35,46,0,49.904388427734375,-31.65888023376465
35,46,1,79.21602630615234,-22.833480834960938
35,47,0,50.1508903503418,-31.616300582885742
35,47,1,78.96150207519531,-22.880260467529297
35,48,0,50.39775085449219,-31.573089599609375
35,48,1,78.70706176757812,-22.927509307861328
35,49,0,50.64516830444336,-31.529300689697266
35,49,1,78.45258331298828,-22.97504997253418
35,50,0,50.893150329589844,-31.484840393066406
35,50,1,78.19828796386719,-23.022340774536133
35,51,0,51.14189910888672,-31.43971061706543
35,51,1,77.94390106201172,-23.070079803466797
35,52,0,51.39126968383789,-31.39402961730957
35,52,1,77.69013977050781,-23.117740631103516
35,53,0,51.64125061035156,-31.347930908203125
35,53,1,77.43678283691406,-23.165340423583984
35,54,0,51.89204025268555,-31.30133056640625
35,54,1,77.18321990966797,-23.212739944458008
35,55,0,52.144039154052734,-31.25425910949707
35,55,1,76.93016815185547,-23.260189056396484
35,56,0,52.39720153808594,-31.20669937133789
35,56,1,76.67755889892578,-23.307939529418945
35,57,0,52.651580810546875,-31.158689498901367
35,57,1,76.42549133300781,-23.35565948486328
35,58,0,52.90679931640625,-31.11029052734375
35,58,1,76.1734390258789,-23.403520584106445
35,59,0,53.16350173950195,-31.061370849609375
35,59,1,75.92118835449219,-23.45149040222168
35,60,0,53.42190933227539,-31.011869430541992
35,60,1,75.66887664794922,-23.499469757080078
35,61,0,53.682029724121094,-30.961870193481445
35,61,1,75.41667175292969,-23.54775047302246
35,62,0,53.94411849975586,-30.911359786987305
35,62,1,75.16436767578125,-23.596200942993164
35,63,0,54.2081298828125,-30.860309600830078
35,63,1,74.91301727294922,-23.644960403442383
35,64,0,54.47412109375,-30.808639526367188
35,64,1,74.66143798828125,-23.69356918334961
35,65,0,54.74190902709961,-30.756540298461914
35,65,1,74.40986633300781,-23.742469787597656
35,66,0,55.011478424072266,-30.703960418701172
35,66,1,74.15779876708984,-23.791099548339844
35,67,0,55.28242111206055,-30.651159286499023
35,67,1,73.90630340576172,-23.839820861816406
35,68,0,55.55513000488281,-30.597949981689453
35,68,1,73.655029296875,-23.88886070251465
35,69,0,55.830360412597656,-30.544160842895508
35,69,1,73.40422058105469,-23.93798065185547
35,70,0,56.10744857788086,-30.490020751953125
35,70,1,73.15345764160156,-23.987300872802734
35,71,0,56.38663864135742,-30.43552017211914
35,71,1,72.9032974243164,-24.036989212036133
35,72,0,56.66791915893555,-30.380569458007812
35,72,1,72.65294647216797,-24.08707046508789
35,73,0,56.951141357421875,-30.32533073425293
35,73,1,72.40303802490234,-24.137170791625977
35,74,0,57.23609161376953,-30.269689559936523
35,74,1,72.15319061279297,-24.187320709228516
35,75,0,57.52278137207031,-30.21371078491211
35,75,1,71.90299224853516,-24.23727035522461
35,76,0,57.810508728027344,-30.157520294189453
35,76,1,71.65299224853516,-24.287580490112305
35,77,0,58.09981918334961,-30.100940704345703
35,77,1,71.40342712402344,-24.338130950927734
35,78,0,58.3909912109375,-30.0439395904541
35,78,1,71.15400695800781,-24.389230728149414
35,79,0,58.68370056152344,-29.986589431762695
35,79,1,70.90531158447266,-24.440799713134766
35,80,0,58.977901458740234,-29.928890228271484
35,80,1,70.65606689453125,-24.492630004882812
35,81,0,59.27354049682617,-29.870859146118164
35,81,1,70.40731811523438,-24.544479370117188
35,82,0,59.57057189941406,-29.8125
35,82,1,70.15885162353516,-24.596370697021484
35,83,0,59.868919372558594,-29.75381088256836
35,83,1,69.9103775024414,-24.64849090576172
35,84,0,60.168540954589844,-29.694799423217773
35,84,1,69.66161346435547,-24.700899124145508
35,85,0,60.46937942504883,-29.635469436645508
35,85,1,69.41378784179688,-24.75395965576172
35,86,0,60.771358489990234,-29.575820922851562
35,86,1,69.16641998291016,-24.80721092224121
35,87,0,61.07442855834961,-29.515859603881836
35,87,1,68.91928100585938,-24.86079978942871
35,88,0,61.3785400390625,-29.455589294433594
35,88,1,68.67218017578125,-24.91476058959961
35,89,0,61.68313980102539,-29.394990921020508
35,89,1,68.4246597290039,-24.969039916992188
35,90,0,61.98870849609375,-29.334060668945312
35,90,1,68.1771469116211,-25.023609161376953
35,91,0,62.29528045654297,-29.27288055419922
35,91,1,67.92929077148438,-25.07819938659668
35,92,0,62.60248947143555,-29.21147918701172
35,92,1,67.68218231201172,-25.131959915161133
35,93,0,62.91035842895508,-29.149770736694336
35,93,1,67.43576049804688,-25.186050415039062
35,94,0,63.21881103515625,-29.08768081665039
35,94,1,67.18927764892578,-25.2406005859375
35,95,0,63.52785873413086,-29.025510787963867
35,95,1,66.94307708740234,-25.295650482177734
35,96,0,63.83763885498047,-28.96295928955078
35,96,1,66.69859313964844,-25.350650787353516
35,97,0,64.14811706542969,-28.900060653686523
35,97,1,66.45481872558594,-25.405960083007812
35,98,0,64.45899963378906,-28.836889266967773
35,98,1,66.21138000488281,-25.461519241333008
35,99,0,64.77043151855469,-28.773439407348633
35,99,1,65.96795654296875,-25.516769409179688
36,0,0,41.298248291015625,-32.39921951293945
36,0,1,38.7470817565918,-14.635100364685059
36,1,0,41.40671157836914,-32.374488830566406
36,1,1,38.87810134887695,-14.799280166625977
36,2,0,41.512718200683594,-32.350128173828125
36,2,1,39.00825119018555,-14.963500022888184
36,3,0,41.61663818359375,-32.3266716003418
36,3,1,39.1374397277832,-15.127730369567871
36,4,0,41.71778106689453,-32.30324935913086
36,4,1,39.26491928100586,-15.291190147399902
36,5,0,41.81581115722656,-32.28007125854492
36,5,1,39.39060974121094,-15.45380973815918
36,6,0,41.91080856323242,-32.25727081298828
36,6,1,39.51445007324219,-15.61555004119873
36,7,0,42.00238037109375,-32.234859466552734
36,7,1,39.63521957397461,-15.77437973022461
36,8,0,42.09170150756836,-32.21305847167969
36,8,1,39.75400161743164,-15.932239532470703
36,9,0,42.178138732910156,-32.19169998168945
36,9,1,39.86997985839844,-16.08820915222168
36,10,0,42.262420654296875,-32.170719146728516
36,10,1,39.98435974121094,-16.243419647216797
36,11,0,42.34381103515625,-32.150081634521484
36,11,1,40.09523010253906,-16.39611053466797
36,12,0,42.42285919189453,-32.1297607421875
36,12,1,40.20405960083008,-16.548320770263672
36,13,0,42.500118255615234,-32.109718322753906
36,13,1,40.31095886230469,-16.70001983642578
36,14,0,42.57508087158203,-32.090091705322266
36,14,1,40.416038513183594,-16.850889205932617
36,15,0,42.64741897583008,-32.07099151611328
36,15,1,40.51898956298828,-17.001089096069336
36,16,0,42.7174186706543,-32.05242156982422
36,16,1,40.61983108520508,-17.15057945251465
36,17,0,42.78517150878906,-32.03451919555664
36,17,1,40.71841049194336,-17.2993106842041
36,18,0,42.85049057006836,-32.01713943481445
36,18,1,40.81467819213867,-17.44734001159668
36,19,0,42.913421630859375,-32.00062942504883
36,19,1,40.90877914428711,-17.594619750976562
36,20,0,42.973941802978516,-31.984819412231445
36,20,1,41.000038146972656,-17.740570068359375
36,21,0,43.03150939941406,-31.969560623168945
36,21,1,41.08877944946289,-17.88541030883789
36,22,0,43.08599090576172,-31.9552001953125
36,22,1,41.175140380859375,-18.029109954833984
36,23,0,43.138431549072266,-31.941650390625
36,23,1,41.259281158447266,-18.171730041503906
36,24,0,43.18967819213867,-31.928749084472656
36,24,1,41.34101867675781,-18.313100814819336
36,25,0,43.239009857177734,-31.916519165039062
36,25,1,41.42079162597656,-18.453369140625
36,26,0,43.28630065917969,-31.904550552368164
36,26,1,41.498451232910156,-18.592300415039062
36,27,0,43.33224105834961,-31.892709732055664
36,27,1,41.573951721191406,-18.729759216308594
36,28,0,43.37586975097656,-31.881250381469727
36,28,1,41.647369384765625,-18.865690231323242
36,29,0,43.417701721191406,-31.870040893554688
36,29,1,41.718658447265625,-19.0
36,30,0,43.45820999145508,-31.859609603881836
36,30,1,41.788021087646484,-19.132680892944336
36,31,0,43.49782180786133,-31.849430084228516
36,31,1,41.8553581237793,-19.263690948486328
36,32,0,43.53593826293945,-31.839609146118164
36,32,1,41.92097091674805,-19.392969131469727
36,33,0,43.572959899902344,-31.8304500579834
36,33,1,41.98476028442383,-19.520320892333984
36,34,0,43.608638763427734,-31.820749282836914
36,34,1,42.046878814697266,-19.64590072631836
36,35,0,43.643428802490234,-31.811309814453125
36,35,1,42.10749816894531,-19.769750595092773
36,36,0,43.67734909057617,-31.80219078063965
36,36,1,42.166561126708984,-19.89164924621582
36,37,0,43.71038818359375,-31.79343032836914
36,37,1,42.22426986694336,-20.011720657348633
36,38,0,43.74269104003906,-31.785030364990234
36,38,1,42.28055953979492,-20.129789352416992
36,39,0,43.773399353027344,-31.777189254760742
36,39,1,42.335330963134766,-20.24567985534668
36,40,0,43.80213165283203,-31.76905059814453
36,40,1,42.38874053955078,-20.359569549560547
36,41,0,43.82958984375,-31.76141929626465
36,41,1,42.44081115722656,-20.471290588378906
36,42,0,43.856361389160156,-31.754159927368164
36,42,1,42.49147033691406,-20.580759048461914
36,43,0,43.882179260253906,-31.747339248657227
36,43,1,42.54085922241211,-20.68804931640625
36,44,0,43.90673065185547,-31.741029739379883
36,44,1,42.5889892578125,-20.793149948120117
36,45,0,43.93006134033203,-31.734310150146484
36,45,1,42.6351318359375,-20.895109176635742
36,46,0,43.952701568603516,-31.727909088134766
36,46,1,42.679569244384766,-20.994359970092773
36,47,0,43.974361419677734,-31.72197914123535
36,47,1,42.722900390625,-21.091659545898438
36,48,0,43.99528884887695,-31.716480255126953
36,48,1,42.76504898071289,-21.18675994873047
36,49,0,44.01560974121094,-31.711360931396484
36,49,1,42.806060791015625,-21.279720306396484
36,50,0,44.0355110168457,-31.70659065246582
36,50,1,42.845970153808594,-21.370729446411133
36,51,0,44.05424118041992,-31.70149040222168
36,51,1,42.884769439697266,-21.459760665893555
36,52,0,44.072181701660156,-31.696969985961914
36,52,1,42.92238998413086,-21.546640396118164
36,53,0,44.08934020996094,-31.692960739135742
36,53,1,42.95880126953125,-21.631479263305664
36,54,0,44.10578918457031,-31.689359664916992
36,54,1,42.994140625,-21.71445083618164
36,55,0,44.122291564941406,-31.68613052368164
36,55,1,43.02846145629883,-21.795530319213867
36,56,0,44.138771057128906,-31.68316078186035
36,56,1,43.06169891357422,-21.874649047851562
36,57,0,44.15502166748047,-31.6798095703125
36,57,1,43.09381866455078,-21.951770782470703
36,58,0,44.17049026489258,-31.676979064941406
36,58,1,43.12443923950195,-22.02659034729004
36,59,0,44.185611724853516,-31.67344093322754
36,59,1,43.15391159057617,-22.099409103393555
36,60,0,44.19961166381836,-31.669649124145508
36,60,1,43.1822509765625,-22.170289993286133
36,61,0,44.213401794433594,-31.666419982910156
36,61,1,43.20941925048828,-22.239240646362305
36,62,0,44.22766876220703,-31.663890838623047
36,62,1,43.23540115356445,-22.306270599365234
36,63,0,44.24134826660156,-31.661230087280273
36,63,1,43.260318756103516,-22.371540069580078
36,64,0,44.25502014160156,-31.65843963623047
36,64,1,43.284149169921875,-22.435089111328125
36,65,0,44.2684211730957,-31.655120849609375
36,65,1,43.30691146850586,-22.497079849243164
36,66,0,44.28153991699219,-31.651639938354492
36,66,1,43.328590393066406,-22.557430267333984
36,67,0,44.294010162353516,-31.647790908813477
36,67,1,43.3492317199707,-22.616180419921875
36,68,0,44.30580139160156,-31.643840789794922
36,68,1,43.36875915527344,-22.67340087890625
36,69,0,44.31753921508789,-31.640209197998047
36,69,1,43.38705062866211,-22.72909927368164
36,70,0,44.32870864868164,-31.63612937927246
36,70,1,43.404239654541016,-22.783109664916992
36,71,0,44.33911895751953,-31.63157081604004
36,71,1,43.420570373535156,-22.83568000793457
36,72,0,44.34941101074219,-31.627470016479492
36,72,1,43.43560028076172,-22.886810302734375
36,73,0,44.360069274902344,-31.623659133911133
36,73,1,43.449729919433594,-22.93655014038086
36,74,0,44.370121002197266,-31.620349884033203
36,74,1,43.463008880615234,-22.98508071899414
36,75,0,44.37995910644531,-31.6173095703125
36,75,1,43.47550964355469,-23.032459259033203
36,76,0,44.38917922973633,-31.614490509033203
36,76,1,43.48720932006836,-23.078800201416016
36,77,0,44.398380279541016,-31.612289428710938
36,77,1,43.49814987182617,-23.1241397857666
36,78,0,44.407169342041016,-31.610780715942383
36,78,1,43.50849151611328,-23.168630599975586
36,79,0,44.415531158447266,-31.608440399169922
36,79,1,43.51832962036133,-23.212400436401367
36,80,0,44.42321014404297,-31.606229782104492
36,80,1,43.52775955200195,-23.255619049072266
36,81,0,44.42993927001953,-31.604490280151367
36,81,1,43.53681945800781,-23.298330307006836
36,82,0,44.435768127441406,-31.602699279785156
36,82,1,43.545589447021484,-23.34065055847168
36,83,0,44.44102096557617,-31.600749969482422
36,83,1,43.5542106628418,-23.382640838623047
36,84,0,44.44596862792969,-31.598539352416992
36,84,1,43.562721252441406,-23.424440383911133
36,85,0,44.45003890991211,-31.596200942993164
36,85,1,43.571231842041016,-23.466100692749023
36,86,0,44.4536018371582,-31.594209671020508
36,86,1,43.579811096191406,-23.5076904296875
36,87,0,44.45698928833008,-31.592809677124023
36,87,1,43.588539123535156,-23.54932975769043
36,88,0,44.46028137207031,-31.591270446777344
36,88,1,43.59770965576172,-23.59103012084961
36,89,0,44.4630012512207,-31.5898494720459
36,89,1,43.60737991333008,-23.633039474487305
36,90,0,44.46535110473633,-31.588619232177734
36,90,1,43.617549896240234,-23.67547035217285
36,91,0,44.46747970581055,-31.58749008178711
36,91,1,43.62836837768555,-23.71851921081543
36,92,0,44.46955108642578,-31.586380004882812
36,92,1,43.64011001586914,-23.7623291015625
36,93,0,44.471778869628906,-31.585229873657227
36,93,1,43.652748107910156,-23.80702018737793
36,94,0,44.47441101074219,-31.584320068359375
36,94,1,43.666568756103516,-23.852649688720703
36,95,0,44.47755813598633,-31.583240509033203
36,95,1,43.68164825439453,-23.899330139160156
36,96,0,44.480690002441406,-31.582080841064453
36,96,1,43.69807815551758,-23.947059631347656
36,97,0,44.483951568603516,-31.580759048461914
36,97,1,43.7158203125,-23.995990753173828
36,98,0,44.48691177368164,-31.579370498657227
36,98,1,43.734981536865234,-24.045940399169922
36,99,0,44.489959716796875,-31.578149795532227
36,99,1,43.755638122558594,-24.097000122070312
37,0,0,79.4034423828125,-22.531139373779297
37,0,1,13.925140380859375,-40.166481018066406
37,1,0,79.16412353515625,-22.582979202270508
37,1,1,14.194729804992676,-40.090660095214844
37,2,0,78.92488098144531,-22.63471031188965
37,2,1,14.46543025970459,-40.01459884643555
37,3,0,78.68599700927734,-22.687129974365234
37,3,1,14.737409591674805,-39.938270568847656
37,4,0,78.44737243652344,-22.73975944519043
37,4,1,15.010499954223633,-39.861698150634766
37,5,0,78.20906829833984,-22.791950225830078
37,5,1,15.284680366516113,-39.7849006652832
37,6,0,77.97128295898438,-22.8441104888916
37,6,1,15.559789657592773,-39.70793151855469
37,7,0,77.73387145996094,-22.896060943603516
37,7,1,15.835820198059082,-39.63077926635742
37,8,0,77.49630737304688,-22.94828987121582
37,8,1,16.112810134887695,-39.55326843261719
37,9,0,77.25884246826172,-23.000980377197266
37,9,1,16.390689849853516,-39.475399017333984
37,10,0,77.02140045166016,-23.053390502929688
37,10,1,16.66967010498047,-39.39733123779297
37,11,0,76.78389739990234,-23.10565948486328
37,11,1,16.949499130249023,-39.31914138793945
37,12,0,76.5465316772461,-23.15806007385254
37,12,1,17.23012924194336,-39.24066162109375
37,13,0,76.30951690673828,-23.211320877075195
37,13,1,17.511629104614258,-39.16210174560547
37,14,0,76.07363891601562,-23.265039443969727
37,14,1,17.794010162353516,-39.08345031738281
37,15,0,75.8375015258789,-23.3192195892334
37,15,1,18.077129364013672,-39.004600524902344
37,16,0,75.6009292602539,-23.373119354248047
37,16,1,18.361040115356445,-38.92565155029297
37,17,0,75.3642578125,-23.42778968811035
37,17,1,18.645679473876953,-38.84674072265625
37,18,0,75.1274185180664,-23.482709884643555
37,18,1,18.93096923828125,-38.76789855957031
37,19,0,74.89047241210938,-23.537830352783203
37,19,1,19.21657943725586,-38.68927001953125
37,20,0,74.65264892578125,-23.593019485473633
37,20,1,19.50278091430664,-38.610801696777344
37,21,0,74.41397094726562,-23.64818000793457
37,21,1,19.789350509643555,-38.532379150390625
37,22,0,74.17446899414062,-23.7037296295166
37,22,1,20.076339721679688,-38.45423889160156
37,23,0,73.93431854248047,-23.760189056396484
37,23,1,20.363910675048828,-38.376251220703125
37,24,0,73.69325256347656,-23.81732940673828
37,24,1,20.65199089050293,-38.29866027832031
37,25,0,73.45108032226562,-23.87470054626465
37,25,1,20.94038963317871,-38.221561431884766
37,26,0,73.20842742919922,-23.93256950378418
37,26,1,21.2290096282959,-38.14501953125
37,27,0,72.96527862548828,-23.99118995666504
37,27,1,21.517629623413086,-38.069129943847656
37,28,0,72.72036743164062,-24.049449920654297
37,28,1,21.80651092529297,-37.993648529052734
37,29,0,72.4745101928711,-24.10807991027832
37,29,1,22.095439910888672,-37.91876983642578
37,30,0,72.22821044921875,-24.16699981689453
37,30,1,22.384050369262695,-37.84442901611328
37,31,0,71.98033142089844,-24.2260799407959
37,31,1,22.67190933227539,-37.77069854736328
37,32,0,71.73140716552734,-24.285919189453125
37,32,1,22.958829879760742,-37.69765853881836
37,33,0,71.48197937011719,-24.346210479736328
37,33,1,23.24509048461914,-37.62533950805664
37,34,0,71.23238372802734,-24.4066104888916
37,34,1,23.530319213867188,-37.55379104614258
37,35,0,70.98209381103516,-24.466819763183594
37,35,1,23.814319610595703,-37.48308181762695
37,36,0,70.73155975341797,-24.526460647583008
37,36,1,24.096620559692383,-37.413360595703125
37,37,0,70.48049926757812,-24.58626937866211
37,37,1,24.377229690551758,-37.344581604003906
37,38,0,70.22933197021484,-24.646039962768555
37,38,1,24.655860900878906,-37.27682876586914
37,39,0,69.97844696044922,-24.705289840698242
37,39,1,24.932409286499023,-37.210079193115234
37,40,0,69.72840118408203,-24.764240264892578
37,40,1,25.206640243530273,-37.1444091796875
37,41,0,69.47972869873047,-24.822540283203125
37,41,1,25.478389739990234,-37.07966995239258
37,42,0,69.23222351074219,-24.8800106048584
37,42,1,25.747499465942383,-37.01585006713867
37,43,0,68.98558807373047,-24.936290740966797
37,43,1,26.013980865478516,-36.95307922363281
37,44,0,68.7399673461914,-24.99254035949707
37,44,1,26.27750015258789,-36.89128875732422
37,45,0,68.49595642089844,-25.048070907592773
37,45,1,26.53795051574707,-36.83052062988281
37,46,0,68.25420379638672,-25.102249145507812
37,46,1,26.795259475708008,-36.770748138427734
37,47,0,68.0152587890625,-25.15545082092285
37,47,1,27.04884910583496,-36.712120056152344
37,48,0,67.77928161621094,-25.207609176635742
37,48,1,27.298749923706055,-36.65467834472656
37,49,0,67.54624938964844,-25.259410858154297
37,49,1,27.544849395751953,-36.59830093383789
37,50,0,67.3165283203125,-25.310209274291992
37,50,1,27.786849975585938,-36.54302978515625
37,51,0,67.09062957763672,-25.359529495239258
37,51,1,28.02461051940918,-36.48897933959961
37,52,0,66.86885833740234,-25.40822982788086
37,52,1,28.258249282836914,-36.436038970947266
37,53,0,66.6514892578125,-25.45560073852539
37,53,1,28.48784065246582,-36.384151458740234
37,54,0,66.43769073486328,-25.502260208129883
37,54,1,28.712980270385742,-36.333499908447266
37,55,0,66.2272720336914,-25.54837989807129
37,55,1,28.93400001525879,-36.28377914428711
37,56,0,66.02100372314453,-25.593849182128906
37,56,1,29.15073013305664,-36.235008239746094
37,57,0,65.8179931640625,-25.63775062561035
37,57,1,29.363250732421875,-36.18708038330078
37,58,0,65.61943817138672,-25.680620193481445
37,58,1,29.57154083251953,-36.13998031616211
37,59,0,65.42484283447266,-25.722209930419922
37,59,1,29.775239944458008,-36.093658447265625
37,60,0,65.23448944091797,-25.762649536132812
37,60,1,29.974470138549805,-36.048118591308594
37,61,0,65.0486831665039,-25.801340103149414
37,61,1,30.169340133666992,-36.00326156616211
37,62,0,64.86688232421875,-25.839719772338867
37,62,1,30.359729766845703,-35.95907974243164
37,63,0,64.6893081665039,-25.876949310302734
37,63,1,30.545560836791992,-35.91558837890625
37,64,0,64.51570892333984,-25.91274070739746
37,64,1,30.72658920288086,-35.87284851074219
37,65,0,64.34632873535156,-25.947980880737305
37,65,1,30.902790069580078,-35.83087921142578
37,66,0,64.18128204345703,-25.98250961303711
37,66,1,31.0739803314209,-35.78961944580078
37,67,0,64.01889038085938,-26.014759063720703
37,67,1,31.240299224853516,-35.74916076660156
37,68,0,63.8603515625,-26.046350479125977
37,68,1,31.401809692382812,-35.70943832397461
37,69,0,63.70582962036133,-26.076379776000977
37,69,1,31.55876922607422,-35.6704216003418
37,70,0,63.555301666259766,-26.10456085205078
37,70,1,31.711130142211914,-35.63214874267578
37,71,0,63.4091682434082,-26.131940841674805
37,71,1,31.859050750732422,-35.594600677490234
37,72,0,63.26805877685547,-26.15873908996582
37,72,1,32.00246047973633,-35.557838439941406
37,73,0,63.13282012939453,-26.18497085571289
37,73,1,32.14112854003906,-35.5219612121582
37,74,0,63.00421142578125,-26.209930419921875
37,74,1,32.27539825439453,-35.486900329589844
37,75,0,62.88228988647461,-26.233110427856445
37,75,1,32.40517044067383,-35.452720642089844
37,76,0,62.76593017578125,-26.256059646606445
37,76,1,32.53065872192383,-35.41933822631836
37,77,0,62.65174865722656,-26.279069900512695
37,77,1,32.651859283447266,-35.38685989379883
37,78,0,62.53654861450195,-26.302490234375
37,78,1,32.76921081542969,-35.355228424072266
37,79,0,62.41791915893555,-26.32645034790039
37,79,1,32.883338928222656,-35.324241638183594
37,80,0,62.29309844970703,-26.351560592651367
37,80,1,32.99382019042969,-35.294071197509766
37,81,0,62.174198150634766,-26.375410079956055
37,81,1,33.10097122192383,-35.26462936401367
37,82,0,62.0596809387207,-26.398029327392578
37,82,1,33.20466995239258,-35.236000061035156
37,83,0,61.95035171508789,-26.419689178466797
37,83,1,33.30513000488281,-35.20814895629883
37,84,0,61.846229553222656,-26.44046974182129
37,84,1,33.40256881713867,-35.18096160888672
37,85,0,61.74900817871094,-26.459890365600586
37,85,1,33.49694061279297,-35.15441131591797
37,86,0,61.656280517578125,-26.478090286254883
37,86,1,33.58850860595703,-35.128631591796875
37,87,0,61.56779098510742,-26.4950008392334
37,87,1,33.677249908447266,-35.103641510009766
37,88,0,61.484230041503906,-26.511150360107422
37,88,1,33.763240814208984,-35.07923889160156
37,89,0,61.40502166748047,-26.526670455932617
37,89,1,33.84648132324219,-35.055328369140625
37,90,0,61.3296012878418,-26.541400909423828
37,90,1,33.926979064941406,-35.031959533691406
37,91,0,61.25825119018555,-26.555299758911133
37,91,1,34.0047607421875,-35.00925064086914
37,92,0,61.19147872924805,-26.56801986694336
37,92,1,34.07987976074219,-34.98722839355469
37,93,0,61.127838134765625,-26.580129623413086
37,93,1,34.15298080444336,-34.965789794921875
37,94,0,61.06718063354492,-26.59147071838379
37,94,1,34.22418975830078,-34.944908142089844
37,95,0,61.009788513183594,-26.602270126342773
37,95,1,34.29364013671875,-34.92456817626953
37,96,0,60.95603942871094,-26.612009048461914
37,96,1,34.36079025268555,-34.90494155883789
37,97,0,60.9051399230957,-26.62141990661621
37,97,1,34.425758361816406,-34.88602828979492
37,98,0,60.856929779052734,-26.630409240722656
37,98,1,34.48878860473633,-34.86766815185547
37,99,0,60.811378479003906,-26.63871955871582
37,99,1,34.55036163330078,-34.849849700927734
38,0,0,15.775739669799805,-37.180850982666016
38,0,1,13.925140380859375,-40.166481018066406
38,1,0,16.119060516357422,-37.10636901855469
38,1,1,14.194729804992676,-40.090660095214844
38,2,0,16.465280532836914,-37.031349182128906
38,2,1,14.46543025970459,-40.01459884643555
38,3,0,16.813539505004883,-36.95597839355469
38,3,1,14.737409591674805,-39.938270568847656
38,4,0,17.162160873413086,-36.8801383972168
38,4,1,15.010499954223633,-39.861698150634766
38,5,0,17.51116943359375,-36.804771423339844
38,5,1,15.284680366516113,-39.7849006652832
38,6,0,17.85951042175293,-36.72914123535156
38,6,1,15.559789657592773,-39.70793151855469
38,7,0,18.207210540771484,-36.6539306640625
38,7,1,15.835820198059082,-39.63077926635742
38,8,0,18.553489685058594,-36.57979965209961
38,8,1,16.112810134887695,-39.55326843261719
38,9,0,18.898710250854492,-36.50553894042969
38,9,1,16.390689849853516,-39.475399017333984
38,10,0,19.243690490722656,-36.43183898925781
38,10,1,16.66967010498047,-39.39733123779297
38,11,0,19.587120056152344,-36.3585090637207
38,11,1,16.949499130249023,-39.31914138793945
38,12,0,19.9277400970459,-36.28569030761719
38,12,1,17.23012924194336,-39.24066162109375
38,13,0,20.266759872436523,-36.21316909790039
38,13,1,17.511629104614258,-39.16210174560547
38,14,0,20.603979110717773,-36.142189025878906
38,14,1,17.794010162353516,-39.08345031738281
38,15,0,20.93869972229004,-36.07215118408203
38,15,1,18.077129364013672,-39.004600524902344
38,16,0,21.27083969116211,-36.002750396728516
38,16,1,18.361040115356445,-38.92565155029297
38,17,0,21.60099983215332,-35.933658599853516
38,17,1,18.645679473876953,-38.84674072265625
38,18,0,21.928430557250977,-35.86531066894531
38,18,1,18.93096923828125,-38.76789855957031
38,19,0,22.25279998779297,-35.797489166259766
38,19,1,19.21657943725586,-38.68927001953125
38,20,0,22.573789596557617,-35.73033142089844
38,20,1,19.50278091430664,-38.610801696777344
38,21,0,22.89006996154785,-35.664188385009766
38,21,1,19.789350509643555,-38.532379150390625
38,22,0,23.20347023010254,-35.59878921508789
38,22,1,20.076339721679688,-38.45423889160156
38,23,0,23.514739990234375,-35.53453826904297
38,23,1,20.363910675048828,-38.376251220703125
38,24,0,23.822219848632812,-35.47161865234375
38,24,1,20.65199089050293,-38.29866027832031
38,25,0,24.126399993896484,-35.41006088256836
38,25,1,20.94038963317871,-38.221561431884766
38,26,0,24.427669525146484,-35.350101470947266
38,26,1,21.2290096282959,-38.14501953125
38,27,0,24.72606086730957,-35.291141510009766
38,27,1,21.517629623413086,-38.069129943847656
38,28,0,25.020479202270508,-35.23268127441406
38,28,1,21.80651092529297,-37.993648529052734
38,29,0,25.311819076538086,-35.1756591796875
38,29,1,22.095439910888672,-37.91876983642578
38,30,0,25.59910011291504,-35.119380950927734
38,30,1,22.384050369262695,-37.84442901611328
38,31,0,25.882619857788086,-35.06354904174805
38,31,1,22.67190933227539,-37.77069854736328
38,32,0,26.161840438842773,-35.0089111328125
38,32,1,22.958829879760742,-37.69765853881836
38,33,0,26.437589645385742,-34.95499038696289
38,33,1,23.24509048461914,-37.62533950805664
38,34,0,26.710819244384766,-34.90196990966797
38,34,1,23.530319213867188,-37.55379104614258
38,35,0,26.98004913330078,-34.85023880004883
38,35,1,23.814319610595703,-37.48308181762695
38,36,0,27.244979858398438,-34.79975891113281
38,36,1,24.096620559692383,-37.413360595703125
38,37,0,27.506149291992188,-34.74966049194336
38,37,1,24.377229690551758,-37.344581604003906
38,38,0,27.762969970703125,-34.700340270996094
38,38,1,24.655860900878906,-37.27682876586914
38,39,0,28.015010833740234,-34.65140151977539
38,39,1,24.932409286499023,-37.210079193115234
38,40,0,28.262950897216797,-34.60374069213867
38,40,1,25.206640243530273,-37.1444091796875
38,41,0,28.50762939453125,-34.556800842285156
38,41,1,25.478389739990234,-37.07966995239258
38,42,0,28.748050689697266,-34.510440826416016
38,42,1,25.747499465942383,-37.01585006713867
38,43,0,28.985069274902344,-34.464778900146484
38,43,1,26.013980865478516,-36.95307922363281
38,44,0,29.21748924255371,-34.419921875
38,44,1,26.27750015258789,-36.89128875732422
38,45,0,29.446439743041992,-34.37575912475586
38,45,1,26.53795051574707,-36.83052062988281
38,46,0,29.671310424804688,-34.332401275634766
38,46,1,26.795259475708008,-36.770748138427734
38,47,0,29.891250610351562,-34.29011917114258
38,47,1,27.04884910583496,-36.712120056152344
38,48,0,30.107030868530273,-34.249839782714844
38,48,1,27.298749923706055,-36.65467834472656
38,49,0,30.318729400634766,-34.210819244384766
38,49,1,27.544849395751953,-36.59830093383789
38,50,0,30.52545928955078,-34.172340393066406
38,50,1,27.786849975585938,-36.54302978515625
38,51,0,30.727479934692383,-34.135009765625
38,51,1,28.02461051940918,-36.48897933959961
38,52,0,30.926109313964844,-34.09872817993164
38,52,1,28.258249282836914,-36.436038970947266
38,53,0,31.12162971496582,-34.06325912475586
38,53,1,28.48784065246582,-36.384151458740234
38,54,0,31.312610626220703,-34.02825164794922
38,54,1,28.712980270385742,-36.333499908447266
38,55,0,31.49925994873047,-33.99419021606445
38,55,1,28.93400001525879,-36.28377914428711
38,56,0,31.68185043334961,-33.960140228271484
38,56,1,29.15073013305664,-36.235008239746094
38,57,0,31.86103057861328,-33.926788330078125
38,57,1,29.363250732421875,-36.18708038330078
38,58,0,32.03715896606445,-33.89435958862305
38,58,1,29.57154083251953,-36.13998031616211
38,59,0,32.2093391418457,-33.862449645996094
38,59,1,29.775239944458008,-36.093658447265625
38,60,0,32.37754821777344,-33.83140182495117
38,60,1,29.974470138549805,-36.048118591308594
38,61,0,32.54151916503906,-33.800838470458984
38,61,1,30.169340133666992,-36.00326156616211
38,62,0,32.702430725097656,-33.771148681640625
38,62,1,30.359729766845703,-35.95907974243164
38,63,0,32.85982894897461,-33.741458892822266
38,63,1,30.545560836791992,-35.91558837890625
38,64,0,33.013938903808594,-33.71255111694336
38,64,1,30.72658920288086,-35.87284851074219
38,65,0,33.1656608581543,-33.68450927734375
38,65,1,30.902790069580078,-35.83087921142578
38,66,0,33.314701080322266,-33.656558990478516
38,66,1,31.0739803314209,-35.78961944580078
38,67,0,33.46097183227539,-33.629119873046875
38,67,1,31.240299224853516,-35.74916076660156
38,68,0,33.60438919067383,-33.601619720458984
38,68,1,31.401809692382812,-35.70943832397461
38,69,0,33.745361328125,-33.574058532714844
38,69,1,31.55876922607422,-35.6704216003418
38,70,0,33.88325881958008,-33.5472412109375
38,70,1,31.711130142211914,-35.63214874267578
38,71,0,34.01892852783203,-33.52143096923828
38,71,1,31.859050750732422,-35.594600677490234
38,72,0,34.15208053588867,-33.4970817565918
38,72,1,32.00246047973633,-35.557838439941406
38,73,0,34.28253936767578,-33.47343063354492
38,73,1,32.14112854003906,-35.5219612121582
38,74,0,34.410518646240234,-33.44989013671875
38,74,1,32.27539825439453,-35.486900329589844
38,75,0,34.53544998168945,-33.42652893066406
38,75,1,32.40517044067383,-35.452720642089844
38,76,0,34.65774154663086,-33.403900146484375
38,76,1,32.53065872192383,-35.41933822631836
38,77,0,34.77724838256836,-33.38233947753906
38,77,1,32.651859283447266,-35.38685989379883
38,78,0,34.89384078979492,-33.36111831665039
38,78,1,32.76921081542969,-35.355228424072266
38,79,0,35.007389068603516,-33.34048080444336
38,79,1,32.883338928222656,-35.324241638183594
38,80,0,35.117740631103516,-33.320770263671875
38,80,1,32.99382019042969,-35.294071197509766
38,81,0,35.22515869140625,-33.30162811279297
38,81,1,33.10097122192383,-35.26462936401367
38,82,0,35.329689025878906,-33.28303909301758
38,82,1,33.20466995239258,-35.236000061035156
38,83,0,35.43144989013672,-33.2652702331543
38,83,1,33.30513000488281,-35.20814895629883
38,84,0,35.530189514160156,-33.24795150756836
38,84,1,33.40256881713867,-35.18096160888672
38,85,0,35.6256103515625,-33.23099899291992
38,85,1,33.49694061279297,-35.15441131591797
38,86,0,35.7182502746582,-33.214691162109375
38,86,1,33.58850860595703,-35.128631591796875
38,87,0,35.80855178833008,-33.19942855834961
38,87,1,33.677249908447266,-35.103641510009766
38,88,0,35.89580154418945,-33.1844482421875
38,88,1,33.763240814208984,-35.07923889160156
38,89,0,35.98249816894531,-33.16904830932617
38,89,1,33.84648132324219,-35.055328369140625
38,90,0,36.06890106201172,-33.15336990356445
38,90,1,33.926979064941406,-35.031959533691406
38,91,0,36.155601501464844,-33.137420654296875
38,91,1,34.0047607421875,-35.00925064086914
38,92,0,36.24163055419922,-33.121761322021484
38,92,1,34.07987976074219,-34.98722839355469
38,93,0,36.32463073730469,-33.10639190673828
38,93,1,34.15298080444336,-34.965789794921875
38,94,0,36.40367889404297,-33.09178161621094
38,94,1,34.22418975830078,-34.944908142089844
38,95,0,36.480098724365234,-33.07780075073242
38,95,1,34.29364013671875,-34.92456817626953
38,96,0,36.55353927612305,-33.06454086303711
38,96,1,34.36079025268555,-34.90494155883789
38,97,0,36.624969482421875,-33.05228042602539
38,97,1,34.425758361816406,-34.88602828979492
38,98,0,36.69437026977539,-33.04045867919922
38,98,1,34.48878860473633,-34.86766815185547
38,99,0,36.762489318847656,-33.029170989990234
38,99,1,34.55036163330078,-34.849849700927734
39,0,0,39.37234115600586,-32.58435821533203
39,0,1,92.56719970703125,-18.842500686645508
39,1,0,39.4233512878418,-32.57709884643555
39,1,1,92.36898040771484,-18.865680694580078
39,2,0,39.47507858276367,-32.56938171386719
39,2,1,92.17051696777344,-18.88916015625
39,3,0,39.52764892578125,-32.562950134277344
39,3,1,91.97122955322266,-18.913129806518555
39,4,0,39.58073043823242,-32.55677032470703
39,4,1,91.7713394165039,-18.937549591064453
39,5,0,39.63444137573242,-32.55059051513672
39,5,1,91.57073211669922,-18.96240997314453
39,6,0,39.68844985961914,-32.543479919433594
39,6,1,91.36930084228516,-18.987659454345703
39,7,0,39.74283981323242,-32.535701751708984
39,7,1,91.16764068603516,-19.013179779052734
39,8,0,39.79753112792969,-32.527259826660156
39,8,1,90.9659194946289,-19.038949966430664
39,9,0,39.85280990600586,-32.51873016357422
39,9,1,90.7641372680664,-19.06501007080078
39,10,0,39.9085807800293,-32.50994873046875
39,10,1,90.56218719482422,-19.091339111328125
39,11,0,39.96543884277344,-32.50094985961914
39,11,1,90.35989379882812,-19.118019104003906
39,12,0,40.02286148071289,-32.49208068847656
39,12,1,90.15734100341797,-19.14505958557129
39,13,0,40.08150863647461,-32.48318862915039
39,13,1,89.95459747314453,-19.172409057617188
39,14,0,40.140899658203125,-32.47420120239258
39,14,1,89.75205993652344,-19.199899673461914
39,15,0,40.20098876953125,-32.46466827392578
39,15,1,89.54975128173828,-19.227659225463867
39,16,0,40.26118850708008,-32.45481872558594
39,16,1,89.34736633300781,-19.255640029907227
39,17,0,40.32101058959961,-32.44419860839844
39,17,1,89.14498901367188,-19.283870697021484
39,18,0,40.380489349365234,-32.43367004394531
39,18,1,88.94275665283203,-19.312610626220703
39,19,0,40.440521240234375,-32.42311096191406
39,19,1,88.74082946777344,-19.341440200805664
39,20,0,40.50189971923828,-32.412750244140625
39,20,1,88.53900146484375,-19.37047004699707
39,21,0,40.5642204284668,-32.40296173095703
39,21,1,88.33718872070312,-19.399770736694336
39,22,0,40.627140045166016,-32.39358139038086
39,22,1,88.13567352294922,-19.429140090942383
39,23,0,40.690670013427734,-32.384521484375
39,23,1,87.93437194824219,-19.45867919921875
39,24,0,40.75511932373047,-32.37593078613281
39,24,1,87.73333740234375,-19.488420486450195
39,25,0,40.82054138183594,-32.36763000488281
39,25,1,87.532470703125,-19.51873016357422
39,26,0,40.887210845947266,-32.35935974121094
39,26,1,87.33200073242188,-19.549259185791016
39,27,0,40.955078125,-32.35070037841797
39,27,1,87.13182830810547,-19.580310821533203
39,28,0,41.024169921875,-32.34156036376953
39,28,1,86.93184661865234,-19.611690521240234
39,29,0,41.09450149536133,-32.33243179321289
39,29,1,86.73213195800781,-19.643369674682617
39,30,0,41.16617965698242,-32.322940826416016
39,30,1,86.53270721435547,-19.675329208374023
39,31,0,41.239078521728516,-32.31378936767578
39,31,1,86.3337631225586,-19.707590103149414
39,32,0,41.31325149536133,-32.304588317871094
39,32,1,86.13519287109375,-19.740259170532227
39,33,0,41.3891716003418,-32.29558181762695
39,33,1,85.93694305419922,-19.77326011657715
39,34,0,41.46879959106445,-32.2855110168457
39,34,1,85.73918151855469,-19.806640625
39,35,0,41.551231384277344,-32.27505874633789
39,35,1,85.5417709350586,-19.840330123901367
39,36,0,41.63542938232422,-32.26401901245117
39,36,1,85.34477233886719,-19.874309539794922
39,37,0,41.72138977050781,-32.25279998779297
39,37,1,85.14826202392578,-19.90867042541504
39,38,0,41.809749603271484,-32.24148178100586
39,38,1,84.9520492553711,-19.94346046447754
39,39,0,41.900421142578125,-32.230690002441406
39,39,1,84.75627899169922,-19.978649139404297
39,40,0,41.99449920654297,-32.219181060791016
39,40,1,84.56092071533203,-20.014259338378906
39,41,0,42.091041564941406,-32.20745086669922
39,41,1,84.36614227294922,-20.05048942565918
39,42,0,42.18941879272461,-32.195640563964844
39,42,1,84.17179870605469,-20.08707046508789
39,43,0,42.289878845214844,-32.18333053588867
39,43,1,83.97789001464844,-20.12428092956543
39,44,0,42.39274978637695,-32.171241760253906
39,44,1,83.78433227539062,-20.162120819091797
39,45,0,42.498329162597656,-32.15850830078125
39,45,1,83.59139251708984,-20.2006893157959
39,46,0,42.606590270996094,-32.144981384277344
39,46,1,83.39891052246094,-20.239849090576172
39,47,0,42.71669006347656,-32.13053894042969
39,47,1,83.20702362060547,-20.279720306396484
39,48,0,42.829559326171875,-32.11560821533203
39,48,1,83.01571655273438,-20.320240020751953
39,49,0,42.94504165649414,-32.100318908691406
39,49,1,82.82437133789062,-20.361379623413086
39,50,0,43.06270980834961,-32.084659576416016
39,50,1,82.63317108154297,-20.402860641479492
39,51,0,43.18294906616211,-32.06869888305664
39,51,1,82.4425277709961,-20.444869995117188
39,52,0,43.304908752441406,-32.052490234375
39,52,1,82.25183868408203,-20.487300872802734
39,53,0,43.429100036621094,-32.03620910644531
39,53,1,82.06159210205078,-20.52992057800293
39,54,0,43.555328369140625,-32.01927185058594
39,54,1,81.8716812133789,-20.572790145874023
39,55,0,43.68339157104492,-32.002628326416016
39,55,1,81.68177795410156,-20.61602020263672
39,56,0,43.81296157836914,-31.985170364379883
39,56,1,81.49224853515625,-20.659650802612305
39,57,0,43.94432067871094,-31.967479705810547
39,57,1,81.30329132080078,-20.703580856323242
39,58,0,44.077030181884766,-31.9498291015625
39,58,1,81.11477661132812,-20.74774932861328
39,59,0,44.21099090576172,-31.93239974975586
39,59,1,80.92658996582031,-20.7921199798584
39,60,0,44.345428466796875,-31.914430618286133
39,60,1,80.7385482788086,-20.836679458618164
39,61,0,44.481651306152344,-31.896780014038086
39,61,1,80.5506362915039,-20.881549835205078
39,62,0,44.619300842285156,-31.8785400390625
39,62,1,80.36255645751953,-20.926759719848633
39,63,0,44.75830078125,-31.86025047302246
39,63,1,80.1747817993164,-20.97216033935547
39,64,0,44.89860153198242,-31.84193992614746
39,64,1,79.9874496459961,-21.017629623413086
39,65,0,45.040321350097656,-31.82373046875
39,65,1,79.80058288574219,-21.063230514526367
39,66,0,45.1839714050293,-31.805530548095703
39,66,1,79.61431121826172,-21.109010696411133
39,67,0,45.32923126220703,-31.786590576171875
39,67,1,79.42862701416016,-21.15488052368164
39,68,0,45.476200103759766,-31.767850875854492
39,68,1,79.24366760253906,-21.20083999633789
39,69,0,45.6245002746582,-31.748390197753906
39,69,1,79.05921173095703,-21.24683952331543
39,70,0,45.77415084838867,-31.72783088684082
39,70,1,78.87518310546875,-21.292869567871094
39,71,0,45.92451095581055,-31.7072696685791
39,71,1,78.69168090820312,-21.338869094848633
39,72,0,46.0761604309082,-31.687400817871094
39,72,1,78.50871276855469,-21.384889602661133
39,73,0,46.22980880737305,-31.667339324951172
39,73,1,78.3259506225586,-21.43100929260254
39,74,0,46.3851318359375,-31.646419525146484
39,74,1,78.14349365234375,-21.477249145507812
39,75,0,46.54212188720703,-31.625089645385742
39,75,1,77.96121978759766,-21.52372932434082
39,76,0,46.701568603515625,-31.603519439697266
39,76,1,77.77921295166016,-21.57016944885254
39,77,0,46.86272048950195,-31.580970764160156
39,77,1,77.597412109375,-21.61652946472168
39,78,0,47.025630950927734,-31.55813980102539
39,78,1,77.41583251953125,-21.662830352783203
39,79,0,47.190338134765625,-31.535579681396484
39,79,1,77.23448944091797,-21.709320068359375
39,80,0,47.357460021972656,-31.51405906677246
39,80,1,77.0534896850586,-21.755939483642578
39,81,0,47.526588439941406,-31.492780685424805
39,81,1,76.87287902832031,-21.802759170532227
39,82,0,47.69733810424805,-31.47134017944336
39,82,1,76.69251251220703,-21.84981918334961
39,83,0,47.870330810546875,-31.44938087463379
39,83,1,76.51275634765625,-21.89699935913086
39,84,0,48.04553985595703,-31.427610397338867
39,84,1,76.33329772949219,-21.944400787353516
39,85,0,48.22283172607422,-31.405710220336914
39,85,1,76.15425109863281,-21.992090225219727
39,86,0,48.401248931884766,-31.38340950012207
39,86,1,75.97496795654297,-22.04014015197754
39,87,0,48.581600189208984,-31.3605899810791
39,87,1,75.79557037353516,-22.088529586791992
39,88,0,48.7635612487793,-31.33778953552246
39,88,1,75.61652374267578,-22.137109756469727
39,89,0,48.947608947753906,-31.31524085998535
39,89,1,75.43804931640625,-22.185949325561523
39,90,0,49.13373947143555,-31.29146957397461
39,90,1,75.25977325439453,-22.23504066467285
39,91,0,49.321651458740234,-31.267499923706055
39,91,1,75.08104705810547,-22.2845401763916
39,92,0,49.511451721191406,-31.243709564208984
39,92,1,74.90303802490234,-22.33415985107422
39,93,0,49.703041076660156,-31.219640731811523
39,93,1,74.72538757324219,-22.383989334106445
39,94,0,49.898319244384766,-31.195680618286133
39,94,1,74.5483169555664,-22.434099197387695
39,95,0,50.097171783447266,-31.17169952392578
39,95,1,74.3718032836914,-22.48431968688965
39,96,0,50.29756164550781,-31.14727020263672
39,96,1,74.19596099853516,-22.534669876098633
39,97,0,50.49946975708008,-31.122289657592773
39,97,1,74.02040100097656,-22.585359573364258
39,98,0,50.703330993652344,-31.096750259399414
39,98,1,73.84520721435547,-22.63629913330078
39,99,0,50.90950012207031,-31.07040023803711
39,99,1,73.67053985595703,-22.68754005432129
40,0,0,38.8696403503418,-32.975921630859375
40,0,1,92.41973114013672,-18.389280319213867
40,1,0,39.100860595703125,-32.93360137939453
40,1,1,92.21504211425781,-18.420339584350586
40,2,0,39.332061767578125,-32.891048431396484
40,2,1,92.00955963134766,-18.451799392700195
40,3,0,39.562618255615234,-32.84754943847656
40,3,1,91.80328369140625,-18.483699798583984
40,4,0,39.79214859008789,-32.8042106628418
40,4,1,91.59618377685547,-18.516019821166992
40,5,0,40.02088165283203,-32.76150131225586
40,5,1,91.3883285522461,-18.548809051513672
40,6,0,40.249088287353516,-32.71929168701172
40,6,1,91.17971801757812,-18.582040786743164
40,7,0,40.47684097290039,-32.678199768066406
40,7,1,90.97045135498047,-18.615739822387695
40,8,0,40.704010009765625,-32.63753128051758
40,8,1,90.7606430053711,-18.649869918823242
40,9,0,40.930641174316406,-32.59701919555664
40,9,1,90.55020904541016,-18.68440055847168
40,10,0,41.1568717956543,-32.556800842285156
40,10,1,90.33918762207031,-18.719409942626953
40,11,0,41.3828010559082,-32.517181396484375
40,11,1,90.12767791748047,-18.75482940673828
40,12,0,41.60919952392578,-32.47798156738281
40,12,1,89.91587829589844,-18.79067039489746
40,13,0,41.8348388671875,-32.43965148925781
40,13,1,89.7037582397461,-18.82682991027832
40,14,0,42.060821533203125,-32.40155029296875
40,14,1,89.49124908447266,-18.863300323486328
40,15,0,42.28697967529297,-32.3644905090332
40,15,1,89.27837371826172,-18.9001407623291
40,16,0,42.51416015625,-32.32759094238281
40,16,1,89.0650863647461,-18.9372501373291
40,17,0,42.740970611572266,-32.291221618652344
40,17,1,88.85150909423828,-18.974679946899414
40,18,0,42.9681282043457,-32.25505065917969
40,18,1,88.63773345947266,-19.01235008239746
40,19,0,43.195919036865234,-32.22016906738281
40,19,1,88.42365264892578,-19.050390243530273
40,20,0,43.423431396484375,-32.18601989746094
40,20,1,88.20925903320312,-19.088790893554688
40,21,0,43.6515007019043,-32.15229034423828
40,21,1,87.99445343017578,-19.127559661865234
40,22,0,43.88005828857422,-32.118751525878906
40,22,1,87.77947998046875,-19.166709899902344
40,23,0,44.108909606933594,-32.085540771484375
40,23,1,87.5642318725586,-19.206079483032227
40,24,0,44.33835983276367,-32.05261993408203
40,24,1,87.34880828857422,-19.245630264282227
40,25,0,44.568328857421875,-32.019779205322266
40,25,1,87.1332015991211,-19.285350799560547
40,26,0,44.79880905151367,-31.986370086669922
40,26,1,86.9175033569336,-19.32529067993164
40,27,0,45.029380798339844,-31.952970504760742
40,27,1,86.70166015625,-19.36547088623047
40,28,0,45.260650634765625,-31.919219970703125
40,28,1,86.4857406616211,-19.4058895111084
40,29,0,45.49245834350586,-31.88530921936035
40,29,1,86.26952362060547,-19.446609497070312
40,30,0,45.725311279296875,-31.85066032409668
40,30,1,86.05306243896484,-19.487619400024414
40,31,0,45.95888900756836,-31.815250396728516
40,31,1,85.83644104003906,-19.529010772705078
40,32,0,46.19266128540039,-31.77989959716797
40,32,1,85.61981201171875,-19.570640563964844
40,33,0,46.42679977416992,-31.74428939819336
40,33,1,85.40284729003906,-19.61271095275879
40,34,0,46.66133117675781,-31.708620071411133
40,34,1,85.18588256835938,-19.655149459838867
40,35,0,46.89628982543945,-31.67254066467285
40,35,1,84.96868133544922,-19.698070526123047
40,36,0,47.13169860839844,-31.636030197143555
40,36,1,84.7513198852539,-19.741519927978516
40,37,0,47.36777877807617,-31.598989486694336
40,37,1,84.53398132324219,-19.785390853881836
40,38,0,47.6042594909668,-31.56230926513672
40,38,1,84.31664276123047,-19.82969093322754
40,39,0,47.84128189086914,-31.525930404663086
40,39,1,84.0992202758789,-19.874370574951172
40,40,0,48.07931137084961,-31.489160537719727
40,40,1,83.88179779052734,-19.91946029663086
40,41,0,48.31816101074219,-31.452539443969727
40,41,1,83.66429901123047,-19.964969635009766
40,42,0,48.55778884887695,-31.416250228881836
40,42,1,83.4466781616211,-20.010940551757812
40,43,0,48.79901885986328,-31.379819869995117
40,43,1,83.22897338867188,-20.057300567626953
40,44,0,49.04158020019531,-31.343000411987305
40,44,1,83.01112365722656,-20.104089736938477
40,45,0,49.28443145751953,-31.305709838867188
40,45,1,82.79306030273438,-20.151260375976562
40,46,0,49.52824020385742,-31.267730712890625
40,46,1,82.57501983642578,-20.198780059814453
40,47,0,49.77267074584961,-31.23004913330078
40,47,1,82.35710906982422,-20.24666976928711
40,48,0,50.01837921142578,-31.19223976135254
40,48,1,82.13922882080078,-20.295129776000977
40,49,0,50.26551818847656,-31.154499053955078
40,49,1,81.92151641845703,-20.344100952148438
40,50,0,50.513980865478516,-31.1162109375
40,50,1,81.70398712158203,-20.393529891967773
40,51,0,50.76301956176758,-31.077659606933594
40,51,1,81.486572265625,-20.44338035583496
40,52,0,51.013431549072266,-31.038930892944336
40,52,1,81.26901245117188,-20.49365997314453
40,53,0,51.26485061645508,-30.999629974365234
40,53,1,81.05155944824219,-20.5444393157959
40,54,0,51.51649856567383,-30.959999084472656
40,54,1,80.83422088623047,-20.595809936523438
40,55,0,51.76919174194336,-30.9194393157959
40,55,1,80.6169662475586,-20.647769927978516
40,56,0,52.02320861816406,-30.878639221191406
40,56,1,80.39990234375,-20.70022964477539
40,57,0,52.2784309387207,-30.837570190429688
40,57,1,80.18302917480469,-20.753189086914062
40,58,0,52.53498840332031,-30.796110153198242
40,58,1,79.96617889404297,-20.806589126586914
40,59,0,52.7924690246582,-30.753679275512695
40,59,1,79.7493896484375,-20.86046028137207
40,60,0,53.05126190185547,-30.711179733276367
40,60,1,79.53263092041016,-20.91465950012207
40,61,0,53.31106185913086,-30.668739318847656
40,61,1,79.3159408569336,-20.969219207763672
40,62,0,53.5713996887207,-30.625869750976562
40,62,1,79.09915161132812,-21.024139404296875
40,63,0,53.83224105834961,-30.58255958557129
40,63,1,78.88226318359375,-21.07938003540039
40,64,0,54.09421157836914,-30.538480758666992
40,64,1,78.66536712646484,-21.134849548339844
40,65,0,54.35676956176758,-30.49481964111328
40,65,1,78.44835662841797,-21.19045066833496
40,66,0,54.620079040527344,-30.451099395751953
40,66,1,78.23110961914062,-21.246280670166016
40,67,0,54.88465881347656,-30.406909942626953
40,67,1,78.01361846923828,-21.302289962768555
40,68,0,55.15079879760742,-30.36297035217285
40,68,1,77.79598236083984,-21.35841941833496
40,69,0,55.417701721191406,-30.319229125976562
40,69,1,77.57840728759766,-21.41468048095703
40,70,0,55.68593978881836,-30.275110244750977
40,70,1,77.3608169555664,-21.4710693359375
40,71,0,55.955078125,-30.230989456176758
40,71,1,77.14314270019531,-21.527589797973633
40,72,0,56.22507095336914,-30.186420440673828
40,72,1,76.92540740966797,-21.58428955078125
40,73,0,56.495670318603516,-30.14105987548828
40,73,1,76.7076416015625,-21.641159057617188
40,74,0,56.76755905151367,-30.096010208129883
40,74,1,76.48986053466797,-21.698270797729492
40,75,0,57.041358947753906,-30.05072021484375
40,75,1,76.2720718383789,-21.755599975585938
40,76,0,57.31385040283203,-30.005529403686523
40,76,1,76.0542984008789,-21.813140869140625
40,77,0,57.58298110961914,-29.960500717163086
40,77,1,75.83653259277344,-21.87088966369629
40,78,0,57.85496139526367,-29.91461944580078
40,78,1,75.61881256103516,-21.928909301757812
40,79,0,58.13488006591797,-29.867759704589844
40,79,1,75.40106201171875,-21.9873104095459
40,80,0,58.415748596191406,-29.820880889892578
40,80,1,75.18321990966797,-22.046110153198242
40,81,0,58.69752883911133,-29.77393913269043
40,81,1,74.96520233154297,-22.105310440063477
40,82,0,58.98017883300781,-29.726869583129883
40,82,1,74.74707794189453,-22.164899826049805
40,83,0,59.26403045654297,-29.67906951904297
40,83,1,74.52883911132812,-22.22477912902832
40,84,0,59.54867172241211,-29.63075065612793
40,84,1,74.31047821044922,-22.284929275512695
40,85,0,59.83414840698242,-29.582420349121094
40,85,1,74.09210205078125,-22.345340728759766
40,86,0,60.120338439941406,-29.53326988220215
40,86,1,73.8735122680664,-22.40604019165039
40,87,0,60.407508850097656,-29.484140396118164
40,87,1,73.65461730957031,-22.46697998046875
40,88,0,60.69572830200195,-29.435209274291992
40,88,1,73.43560028076172,-22.52808952331543
40,89,0,60.98495101928711,-29.38602066040039
40,89,1,73.21627044677734,-22.58942985534668
40,90,0,61.27587890625,-29.336259841918945
40,90,1,72.99665832519531,-22.651090621948242
40,91,0,61.5667610168457,-29.287460327148438
40,91,1,72.77700805664062,-22.712909698486328
40,92,0,61.85845947265625,-29.23468017578125
40,92,1,72.5571517944336,-22.77495002746582
40,93,0,62.15821075439453,-29.176530838012695
40,93,1,72.33717346191406,-22.837190628051758
40,94,0,62.457481384277344,-29.117170333862305
40,94,1,72.11714935302734,-22.89961051940918
40,95,0,62.75825119018555,-29.056739807128906
40,95,1,71.89701080322266,-22.96225929260254
40,96,0,63.058799743652344,-28.99506950378418
40,96,1,71.67666625976562,-23.02515983581543
40,97,0,63.35702896118164,-28.934160232543945
40,97,1,71.45610809326172,-23.088340759277344
40,98,0,63.656009674072266,-28.873010635375977
40,98,1,71.23568725585938,-23.15169906616211
40,99,0,63.956668853759766,-28.811840057373047
40,99,1,71.01512908935547,-23.21533966064453
41,0,0,42.740970611572266,-32.291221618652344
41,0,1,92.5240707397461,-19.596210479736328
41,1,0,42.9681282043457,-32.25505065917969
41,1,1,92.30166625976562,-19.644119262695312
41,2,0,43.195919036865234,-32.22016906738281
41,2,1,92.07933044433594,-19.692079544067383
41,3,0,43.423431396484375,-32.18601989746094
41,3,1,91.85423278808594,-19.741060256958008
41,4,0,43.6515007019043,-32.15229034423828
41,4,1,91.62621307373047,-19.791019439697266
41,5,0,43.88005828857422,-32.118751525878906
41,5,1,91.39655303955078,-19.841630935668945
41,6,0,44.108909606933594,-32.085540771484375
41,6,1,91.165283203125,-19.892789840698242
41,7,0,44.33835983276367,-32.05261993408203
41,7,1,90.93235778808594,-19.944110870361328
41,8,0,44.568328857421875,-32.019779205322266
41,8,1,90.69805145263672,-19.995880126953125
41,9,0,44.79880905151367,-31.986370086669922
41,9,1,90.46240234375,-20.04800033569336
41,10,0,45.029380798339844,-31.952970504760742
41,10,1,90.22534942626953,-20.10051918029785
41,11,0,45.260650634765625,-31.919219970703125
41,11,1,89.98699188232422,-20.153160095214844
41,12,0,45.49245834350586,-31.88530921936035
41,12,1,89.74761962890625,-20.206090927124023
41,13,0,45.725311279296875,-31.85066032409668
41,13,1,89.50743865966797,-20.259159088134766
41,14,0,45.95888900756836,-31.815250396728516
41,14,1,89.26651000976562,-20.312360763549805
41,15,0,46.19266128540039,-31.77989959716797
41,15,1,89.02474975585938,-20.36570930480957
41,16,0,46.42679977416992,-31.74428939819336
41,16,1,88.78240966796875,-20.419309616088867
41,17,0,46.66133117675781,-31.708620071411133
41,17,1,88.53943634033203,-20.473100662231445
41,18,0,46.89628982543945,-31.67254066467285
41,18,1,88.29609680175781,-20.52713966369629
41,19,0,47.13169860839844,-31.636030197143555
41,19,1,88.05239868164062,-20.581369400024414
41,20,0,47.36777877807617,-31.598989486694336
41,20,1,87.80828094482422,-20.635740280151367
41,21,0,47.6042594909668,-31.56230926513672
41,21,1,87.56388854980469,-20.690349578857422
41,22,0,47.84128189086914,-31.525930404663086
41,22,1,87.31891632080078,-20.745309829711914
41,23,0,48.07931137084961,-31.489160537719727
41,23,1,87.07373046875,-20.800559997558594
41,24,0,48.31816101074219,-31.452539443969727
41,24,1,86.82840728759766,-20.855989456176758
41,25,0,48.55778884887695,-31.416250228881836
41,25,1,86.58273315429688,-20.91172981262207
41,26,0,48.79901885986328,-31.379819869995117
41,26,1,86.3369369506836,-20.967710494995117
41,27,0,49.04158020019531,-31.343000411987305
41,27,1,86.09071350097656,-21.023969650268555
41,28,0,49.28443145751953,-31.305709838867188
41,28,1,85.84435272216797,-21.080360412597656
41,29,0,49.52824020385742,-31.267730712890625
41,29,1,85.59793853759766,-21.13688087463379
41,30,0,49.77267074584961,-31.23004913330078
41,30,1,85.35159301757812,-21.193540573120117
41,31,0,50.01837921142578,-31.19223976135254
41,31,1,85.10533905029297,-21.2502498626709
41,32,0,50.26551818847656,-31.154499053955078
41,32,1,84.85891723632812,-21.307119369506836
41,33,0,50.513980865478516,-31.1162109375
41,33,1,84.61221313476562,-21.36408042907715
41,34,0,50.76301956176758,-31.077659606933594
41,34,1,84.36572265625,-21.42106056213379
41,35,0,51.013431549072266,-31.038930892944336
41,35,1,84.11923217773438,-21.478050231933594
41,36,0,51.26485061645508,-30.999629974365234
41,36,1,83.87283325195312,-21.534879684448242
41,37,0,51.51649856567383,-30.959999084472656
41,37,1,83.62651824951172,-21.591630935668945
41,38,0,51.76919174194336,-30.9194393157959
41,38,1,83.38028717041016,-21.648399353027344
41,39,0,52.02320861816406,-30.878639221191406
41,39,1,83.13414001464844,-21.70513916015625
41,40,0,52.2784309387207,-30.837570190429688
41,40,1,82.8878402709961,-21.76214027404785
41,41,0,52.53498840332031,-30.796110153198242
41,41,1,82.64160919189453,-21.819019317626953
41,42,0,52.7924690246582,-30.753679275512695
41,42,1,82.39555358886719,-21.87605094909668
41,43,0,53.05126190185547,-30.711179733276367
41,43,1,82.14913940429688,-21.933500289916992
41,44,0,53.31106185913086,-30.668739318847656
41,44,1,81.90229034423828,-21.991260528564453
41,45,0,53.5713996887207,-30.625869750976562
41,45,1,81.65528106689453,-22.049190521240234
41,46,0,53.83224105834961,-30.58255958557129
41,46,1,81.40824127197266,-22.1072998046875
41,47,0,54.09421157836914,-30.538480758666992
41,47,1,81.16069030761719,-22.16567039489746
41,48,0,54.35676956176758,-30.49481964111328
41,48,1,80.91338348388672,-22.224220275878906
41,49,0,54.620079040527344,-30.451099395751953
41,49,1,80.66548156738281,-22.283010482788086
41,50,0,54.88465881347656,-30.406909942626953
41,50,1,80.41705322265625,-22.342180252075195
41,51,0,55.15079879760742,-30.36297035217285
41,51,1,80.16824340820312,-22.401710510253906
41,52,0,55.417701721191406,-30.319229125976562
41,52,1,79.91924285888672,-22.4614200592041
41,53,0,55.68593978881836,-30.275110244750977
41,53,1,79.6701889038086,-22.521080017089844
41,54,0,55.955078125,-30.230989456176758
41,54,1,79.42137145996094,-22.580650329589844
41,55,0,56.22507095336914,-30.186420440673828
41,55,1,79.17279052734375,-22.64027976989746
41,56,0,56.495670318603516,-30.14105987548828
41,56,1,78.92431640625,-22.699970245361328
41,57,0,56.76755905151367,-30.096010208129883
41,57,1,78.67532348632812,-22.75984001159668
41,58,0,57.041358947753906,-30.05072021484375
41,58,1,78.42630004882812,-22.819860458374023
41,59,0,57.31385040283203,-30.005529403686523
41,59,1,78.17694854736328,-22.8799991607666
41,60,0,57.58298110961914,-29.960500717163086
41,60,1,77.9275131225586,-22.940210342407227
41,61,0,57.85496139526367,-29.91461944580078
41,61,1,77.67794799804688,-23.000459671020508
41,62,0,58.13488006591797,-29.867759704589844
41,62,1,77.42854309082031,-23.060590744018555
41,63,0,58.415748596191406,-29.820880889892578
41,63,1,77.17957305908203,-23.120590209960938
41,64,0,58.69752883911133,-29.77393913269043
41,64,1,76.9310073852539,-23.180519104003906
41,65,0,58.98017883300781,-29.726869583129883
41,65,1,76.68282318115234,-23.240320205688477
41,66,0,59.26403045654297,-29.67906951904297
41,66,1,76.43496704101562,-23.299959182739258
41,67,0,59.54867172241211,-29.63075065612793
41,67,1,76.18746185302734,-23.359600067138672
41,68,0,59.83414840698242,-29.582420349121094
41,68,1,75.94033813476562,-23.418989181518555
41,69,0,60.120338439941406,-29.53326988220215
41,69,1,75.6939468383789,-23.47838020324707
41,70,0,60.407508850097656,-29.484140396118164
41,70,1,75.44770812988281,-23.53778076171875
41,71,0,60.69572830200195,-29.435209274291992
41,71,1,75.20140075683594,-23.597309112548828
41,72,0,60.98495101928711,-29.38602066040039
41,72,1,74.95535278320312,-23.656959533691406
41,73,0,61.27587890625,-29.336259841918945
41,73,1,74.70929718017578,-23.716650009155273
41,74,0,61.5667610168457,-29.287460327148438
41,74,1,74.46334838867188,-23.776290893554688
41,75,0,61.85845947265625,-29.23468017578125
41,75,1,74.21733093261719,-23.835979461669922
41,76,0,62.15821075439453,-29.176530838012695
41,76,1,73.97164916992188,-23.895709991455078
41,77,0,62.457481384277344,-29.117170333862305
41,77,1,73.72651672363281,-23.95539093017578
41,78,0,62.75825119018555,-29.056739807128906
41,78,1,73.4817123413086,-24.015060424804688
41,79,0,63.058799743652344,-28.99506950378418
41,79,1,73.23735809326172,-24.074739456176758
41,80,0,63.35702896118164,-28.934160232543945
41,80,1,72.99349975585938,-24.13435935974121
41,81,0,63.656009674072266,-28.873010635375977
41,81,1,72.74981689453125,-24.194089889526367
41,82,0,63.956668853759766,-28.811840057373047
41,82,1,72.50627899169922,-24.253950119018555
41,83,0,64.25859832763672,-28.750019073486328
41,83,1,72.26274871826172,-24.314010620117188
41,84,0,64.56147003173828,-28.68791961669922
41,84,1,72.01953887939453,-24.374290466308594
41,85,0,64.86434936523438,-28.626060485839844
41,85,1,71.77631378173828,-24.434799194335938
41,86,0,65.16819763183594,-28.564210891723633
41,86,1,71.5330810546875,-24.4954891204834
41,87,0,65.47337341308594,-28.50214958190918
41,87,1,71.28923034667969,-24.556650161743164
41,88,0,65.77934265136719,-28.43821907043457
41,88,1,71.04512786865234,-24.618139266967773
41,89,0,66.08583068847656,-28.374500274658203
41,89,1,70.80094146728516,-24.680070877075195
41,90,0,66.39340209960938,-28.310970306396484
41,90,1,70.556640625,-24.742290496826172
41,91,0,66.70173645019531,-28.247150421142578
41,91,1,70.3117904663086,-24.804609298706055
41,92,0,67.01087951660156,-28.183399200439453
41,92,1,70.06726837158203,-24.867420196533203
41,93,0,67.3214111328125,-28.119060516357422
41,93,1,69.82296752929688,-24.930479049682617
41,94,0,67.63446807861328,-28.053300857543945
41,94,1,69.57914733886719,-24.99397087097168
41,95,0,67.94851684570312,-27.987369537353516
41,95,1,69.33500671386719,-25.058130264282227
41,96,0,68.26363372802734,-27.92123031616211
41,96,1,69.09100341796875,-25.122800827026367
41,97,0,68.57929229736328,-27.854949951171875
41,97,1,68.84618377685547,-25.18852996826172
41,98,0,68.89566040039062,-27.787860870361328
41,98,1,68.60075378417969,-25.25514030456543
41,99,0,69.21378326416016,-27.720369338989258
41,99,1,68.35566711425781,-25.322240829467773
42,0,0,41.33168029785156,-29.442590713500977
42,0,1,16.263290405273438,-38.41851043701172
42,1,0,41.071590423583984,-29.487049102783203
42,1,1,16.50196075439453,-38.3619384765625
42,2,0,40.81108856201172,-29.53243064880371
42,2,1,16.74217987060547,-38.30458068847656
42,3,0,40.5501594543457,-29.578750610351562
42,3,1,16.98543930053711,-38.246891021728516
42,4,0,40.288631439208984,-29.626070022583008
42,4,1,17.229280471801758,-38.18973922729492
42,5,0,40.0264892578125,-29.67443084716797
42,5,1,17.47429084777832,-38.130130767822266
42,6,0,39.76411819458008,-29.723360061645508
42,6,1,17.720970153808594,-38.07101821899414
42,7,0,39.50096893310547,-29.772850036621094
42,7,1,17.969079971313477,-38.01231002807617
42,8,0,39.2377815246582,-29.822830200195312
42,8,1,18.216480255126953,-37.95214080810547
42,9,0,38.9747200012207,-29.873300552368164
42,9,1,18.463560104370117,-37.89154815673828
42,10,0,38.711669921875,-29.924270629882812
42,10,1,18.709230422973633,-37.8320198059082
42,11,0,38.44853973388672,-29.975740432739258
42,11,1,18.95401954650879,-37.77143096923828
42,12,0,38.185340881347656,-30.027759552001953
42,12,1,19.198549270629883,-37.71160125732422
42,13,0,37.92206954956055,-30.08032989501953
42,13,1,19.44346046447754,-37.65147018432617
42,14,0,37.659000396728516,-30.13336944580078
42,14,1,19.686859130859375,-37.58980178833008
42,15,0,37.39580154418945,-30.18675994873047
42,15,1,19.929460525512695,-37.528690338134766
42,16,0,37.13267135620117,-30.240659713745117
42,16,1,20.17123031616211,-37.468021392822266
42,17,0,36.86996841430664,-30.29507064819336
42,17,1,20.412389755249023,-37.40800094604492
42,18,0,36.6072883605957,-30.350189208984375
42,18,1,20.654130935668945,-37.34769821166992
42,19,0,36.343990325927734,-30.406190872192383
42,19,1,20.89488983154297,-37.28765106201172
42,20,0,36.080318450927734,-30.462989807128906
42,20,1,21.134700775146484,-37.227989196777344
42,21,0,35.81597900390625,-30.520549774169922
42,21,1,21.37417984008789,-37.16701889038086
42,22,0,35.551639556884766,-30.578689575195312
42,22,1,21.613489151000977,-37.10655975341797
42,23,0,35.28757095336914,-30.637399673461914
42,23,1,21.852460861206055,-37.0466194152832
42,24,0,35.023658752441406,-30.69659996032715
42,24,1,22.09096908569336,-36.98725891113281
42,25,0,34.759700775146484,-30.756330490112305
42,25,1,22.328319549560547,-36.92803955078125
42,26,0,34.495540618896484,-30.816329956054688
42,26,1,22.56348991394043,-36.86933898925781
42,27,0,34.231258392333984,-30.876659393310547
42,27,1,22.797950744628906,-36.811100006103516
42,28,0,33.9665412902832,-30.93720054626465
42,28,1,23.03042984008789,-36.753501892089844
42,29,0,33.70148849487305,-30.99799919128418
42,29,1,23.26099967956543,-36.69485855102539
42,30,0,33.436458587646484,-31.05864906311035
42,30,1,23.491090774536133,-36.63594055175781
42,31,0,33.171051025390625,-31.119380950927734
42,31,1,23.720579147338867,-36.5779914855957
42,32,0,32.905479431152344,-31.180349349975586
42,32,1,23.948789596557617,-36.520198822021484
42,33,0,32.64017868041992,-31.241220474243164
42,33,1,24.175159454345703,-36.46266174316406
42,34,0,32.374698638916016,-31.301969528198242
42,34,1,24.400779724121094,-36.405479431152344
42,35,0,32.10892105102539,-31.362390518188477
42,35,1,24.625980377197266,-36.34886932373047
42,36,0,31.8431396484375,-31.422420501708984
42,36,1,24.850799560546875,-36.292991638183594
42,37,0,31.57781982421875,-31.482040405273438
42,37,1,25.074129104614258,-36.236270904541016
42,38,0,31.313079833984375,-31.54132080078125
42,38,1,25.296100616455078,-36.17892837524414
42,39,0,31.04867935180664,-31.600229263305664
42,39,1,25.51759910583496,-36.1209602355957
42,40,0,30.78434944152832,-31.6588191986084
42,40,1,25.738649368286133,-36.0625114440918
42,41,0,30.5202693939209,-31.717180252075195
42,41,1,25.958389282226562,-36.00400924682617
42,42,0,30.256940841674805,-31.775239944458008
42,42,1,26.177600860595703,-35.94540023803711
42,43,0,29.993730545043945,-31.83308982849121
42,43,1,26.396160125732422,-35.8868408203125
42,44,0,29.731210708618164,-31.89065933227539
42,44,1,26.61393928527832,-35.82851028442383
42,45,0,29.469589233398438,-31.947860717773438
42,45,1,26.830039978027344,-35.7706413269043
42,46,0,29.209030151367188,-32.004798889160156
42,46,1,27.04490089416504,-35.7133903503418
42,47,0,28.949689865112305,-32.06145095825195
42,47,1,27.25904083251953,-35.656768798828125
42,48,0,28.69133949279785,-32.11793899536133
42,48,1,27.471389770507812,-35.60108184814453
42,49,0,28.43330955505371,-32.174320220947266
42,49,1,27.68198013305664,-35.545711517333984
42,50,0,28.176149368286133,-32.23059844970703
42,50,1,27.89225959777832,-35.490989685058594
42,51,0,27.919200897216797,-32.286869049072266
42,51,1,28.101560592651367,-35.43709182739258
42,52,0,27.66257095336914,-32.34320831298828
42,52,1,28.309730529785156,-35.38291931152344
42,53,0,27.40593910217285,-32.399600982666016
42,53,1,28.516130447387695,-35.32884979248047
42,54,0,27.149290084838867,-32.45566940307617
42,54,1,28.720619201660156,-35.274139404296875
42,55,0,26.89259910583496,-32.51142883300781
42,55,1,28.923500061035156,-35.219749450683594
42,56,0,26.635759353637695,-32.56673812866211
42,56,1,29.126489639282227,-35.16556167602539
42,57,0,26.378870010375977,-32.621620178222656
42,57,1,29.32868003845215,-35.11157989501953
42,58,0,26.121910095214844,-32.67599868774414
42,58,1,29.529890060424805,-35.058048248291016
42,59,0,25.86496925354004,-32.72999954223633
42,59,1,29.72998046875,-35.00484085083008
42,60,0,25.60814094543457,-32.78356170654297
42,60,1,29.92884063720703,-34.9521484375
42,61,0,25.35133934020996,-32.83671951293945
42,61,1,30.126249313354492,-34.90018081665039
42,62,0,25.09480094909668,-32.88949966430664
42,62,1,30.323270797729492,-34.84878158569336
42,63,0,24.838159561157227,-32.941898345947266
42,63,1,30.519620895385742,-34.7983512878418
42,64,0,24.58172035217285,-32.993919372558594
42,64,1,30.714550018310547,-34.74750900268555
42,65,0,24.32539939880371,-33.04558181762695
42,65,1,30.90760040283203,-34.69655990600586
42,66,0,24.06941032409668,-33.097110748291016
42,66,1,31.099910736083984,-34.64529037475586
42,67,0,23.81361961364746,-33.14839172363281
42,67,1,31.290910720825195,-34.593971252441406
42,68,0,23.558610916137695,-33.19948959350586
42,68,1,31.480789184570312,-34.54264831542969
42,69,0,23.304109573364258,-33.25054931640625
42,69,1,31.66883087158203,-34.49161148071289
42,70,0,23.05052947998047,-33.30162048339844
42,70,1,31.85597038269043,-34.44065856933594
42,71,0,22.79779052734375,-33.35245895385742
42,71,1,32.041358947753906,-34.39012145996094
42,72,0,22.544910430908203,-33.403621673583984
42,72,1,32.225799560546875,-34.339820861816406
42,73,0,22.292320251464844,-33.45524978637695
42,73,1,32.4091796875,-34.289859771728516
42,74,0,22.039989471435547,-33.50748062133789
42,74,1,32.591331481933594,-34.24037170410156
42,75,0,21.787939071655273,-33.55997848510742
42,75,1,32.77289962768555,-34.191219329833984
42,76,0,21.536380767822266,-33.61307144165039
42,76,1,32.95294189453125,-34.14329147338867
42,77,0,21.285110473632812,-33.666839599609375
42,77,1,33.13182067871094,-34.09605026245117
42,78,0,21.033639907836914,-33.72108840942383
42,78,1,33.30998992919922,-34.04948043823242
42,79,0,20.782419204711914,-33.775970458984375
42,79,1,33.4870491027832,-34.003841400146484
42,80,0,20.53129005432129,-33.83103942871094
42,80,1,33.66339874267578,-33.959129333496094
42,81,0,20.280519485473633,-33.886600494384766
42,81,1,33.83885955810547,-33.91376876831055
42,82,0,20.02967071533203,-33.942440032958984
42,82,1,34.01372146606445,-33.867820739746094
42,83,0,19.77907943725586,-33.998600006103516
42,83,1,34.18824005126953,-33.82133865356445
42,84,0,19.528770446777344,-34.054988861083984
42,84,1,34.360958099365234,-33.77482986450195
42,85,0,19.278799057006836,-34.11164855957031
42,85,1,34.53287124633789,-33.72809982299805
42,86,0,19.0291690826416,-34.16865158081055
42,86,1,34.70323944091797,-33.68143844604492
42,87,0,18.77984046936035,-34.2259407043457
42,87,1,34.87297058105469,-33.63465118408203
42,88,0,18.53074073791504,-34.283390045166016
42,88,1,35.04161834716797,-33.589019775390625
42,89,0,18.282020568847656,-34.34088897705078
42,89,1,35.20962142944336,-33.543399810791016
42,90,0,18.033649444580078,-34.39789962768555
42,90,1,35.37604904174805,-33.498138427734375
42,91,0,17.78569984436035,-34.45513153076172
42,91,1,35.541629791259766,-33.453121185302734
42,92,0,17.538049697875977,-34.51245880126953
42,92,1,35.706199645996094,-33.408470153808594
42,93,0,17.29075050354004,-34.56983184814453
42,93,1,35.86968994140625,-33.36457824707031
42,94,0,17.043899536132812,-34.62733840942383
42,94,1,36.034420013427734,-33.32101821899414
42,95,0,16.797359466552734,-34.68497085571289
42,95,1,36.19837951660156,-33.27838897705078
42,96,0,16.551240921020508,-34.74312973022461
42,96,1,36.36191940307617,-33.23617172241211
42,97,0,16.30544090270996,-34.801509857177734
42,97,1,36.52494812011719,-33.19512176513672
42,98,0,16.05986976623535,-34.860130310058594
42,98,1,36.68695831298828,-33.154720306396484
42,99,0,15.815030097961426,-34.9184684753418
42,99,1,36.84809112548828,-33.113868713378906
43,0,0,44.06801986694336,-31.45265007019043
43,0,1,92.41201782226562,-18.623010635375977
43,1,0,44.251399993896484,-31.413429260253906
43,1,1,92.25215911865234,-18.647640228271484
43,2,0,44.4362907409668,-31.37380027770996
43,2,1,92.09161376953125,-18.67254066467285
43,3,0,44.62302017211914,-31.334009170532227
43,3,1,91.93045043945312,-18.69778060913086
43,4,0,44.8117790222168,-31.294660568237305
43,4,1,91.76870727539062,-18.723600387573242
43,5,0,45.002479553222656,-31.254730224609375
43,5,1,91.60636138916016,-18.749929428100586
43,6,0,45.195411682128906,-31.21462059020996
43,6,1,91.44355773925781,-18.776660919189453
43,7,0,45.39046859741211,-31.17411994934082
43,7,1,91.28016662597656,-18.8037109375
43,8,0,45.58734893798828,-31.13327980041504
43,8,1,91.11638641357422,-18.83116912841797
43,9,0,45.785648345947266,-31.092620849609375
43,9,1,90.95217895507812,-18.858930587768555
43,10,0,45.986148834228516,-31.052139282226562
43,10,1,90.78771209716797,-18.88702964782715
43,11,0,46.18873977661133,-31.01102066040039
43,11,1,90.6229476928711,-18.915390014648438
43,12,0,46.39323043823242,-30.969430923461914
43,12,1,90.45791625976562,-18.94409942626953
43,13,0,46.599700927734375,-30.928560256958008
43,13,1,90.2928237915039,-18.97303009033203
43,14,0,46.80860137939453,-30.8864803314209
43,14,1,90.12764739990234,-19.002269744873047
43,15,0,47.02001953125,-30.844810485839844
43,15,1,89.96228790283203,-19.031780242919922
43,16,0,47.2342414855957,-30.802509307861328
43,16,1,89.79676818847656,-19.06144905090332
43,17,0,47.45029067993164,-30.759279251098633
43,17,1,89.631103515625,-19.09140968322754
43,18,0,47.668701171875,-30.71554946899414
43,18,1,89.46531677246094,-19.121829986572266
43,19,0,47.889949798583984,-30.671749114990234
43,19,1,89.29940032958984,-19.152549743652344
43,20,0,48.114349365234375,-30.627330780029297
43,20,1,89.13329315185547,-19.18368911743164
43,21,0,48.341339111328125,-30.582149505615234
43,21,1,88.96711730957031,-19.21504020690918
43,22,0,48.570980072021484,-30.536970138549805
43,22,1,88.80078125,-19.24665069580078
43,23,0,48.80358123779297,-30.491750717163086
43,23,1,88.63429260253906,-19.27861976623535
43,24,0,49.038551330566406,-30.445880889892578
43,24,1,88.46764373779297,-19.310779571533203
43,25,0,49.27614974975586,-30.399599075317383
43,25,1,88.30095672607422,-19.34320068359375
43,26,0,49.51716995239258,-30.35296058654785
43,26,1,88.13433074951172,-19.375890731811523
43,27,0,49.760948181152344,-30.30561065673828
43,27,1,87.9675064086914,-19.408830642700195
43,28,0,50.00817108154297,-30.258119583129883
43,28,1,87.80097198486328,-19.4419002532959
43,29,0,50.25812911987305,-30.210159301757812
43,29,1,87.63432312011719,-19.475160598754883
43,30,0,50.51033020019531,-30.162220001220703
43,30,1,87.4675521850586,-19.508710861206055
43,31,0,50.76506042480469,-30.113540649414062
43,31,1,87.30077362060547,-19.542470932006836
43,32,0,51.02267837524414,-30.06505012512207
43,32,1,87.13400268554688,-19.57634925842285
43,33,0,51.28321075439453,-30.016159057617188
43,33,1,86.9671401977539,-19.610410690307617
43,34,0,51.54610824584961,-29.96734046936035
43,34,1,86.80032348632812,-19.64463996887207
43,35,0,51.810760498046875,-29.918359756469727
43,35,1,86.63358306884766,-19.678979873657227
43,36,0,52.07754135131836,-29.868959426879883
43,36,1,86.46697235107422,-19.71343994140625
43,37,0,52.346038818359375,-29.81903076171875
43,37,1,86.3006362915039,-19.74810028076172
43,38,0,52.615928649902344,-29.769020080566406
43,38,1,86.13465118408203,-19.78289031982422
43,39,0,52.88750076293945,-29.718889236450195
43,39,1,85.96900177001953,-19.817760467529297
43,40,0,53.160369873046875,-29.6683406829834
43,40,1,85.80342102050781,-19.85280990600586
43,41,0,53.43418884277344,-29.617380142211914
43,41,1,85.63802337646484,-19.887969970703125
43,42,0,53.70886993408203,-29.566709518432617
43,42,1,85.47293090820312,-19.923229217529297
43,43,0,53.984310150146484,-29.516029357910156
43,43,1,85.30818176269531,-19.958539962768555
43,44,0,54.260101318359375,-29.465410232543945
43,44,1,85.1438980102539,-19.993900299072266
43,45,0,54.53641891479492,-29.4150390625
43,45,1,84.97972106933594,-20.029460906982422
43,46,0,54.812950134277344,-29.365280151367188
43,46,1,84.81575012207031,-20.065149307250977
43,47,0,55.08966827392578,-29.315380096435547
43,47,1,84.65216064453125,-20.10087013244629
43,48,0,55.36745071411133,-29.26470947265625
43,48,1,84.48883819580078,-20.13688087463379
43,49,0,55.646141052246094,-29.2143497467041
43,49,1,84.3258285522461,-20.17304039001465
43,50,0,55.925418853759766,-29.162919998168945
43,50,1,84.1630630493164,-20.20931053161621
43,51,0,56.20481872558594,-29.111059188842773
43,51,1,84.00041198730469,-20.245790481567383
43,52,0,56.48556137084961,-29.05978012084961
43,52,1,83.83807373046875,-20.282390594482422
43,53,0,56.7675895690918,-29.00843048095703
43,53,1,83.67591094970703,-20.319169998168945
43,54,0,57.05091094970703,-28.956989288330078
43,54,1,83.51402282714844,-20.356090545654297
43,55,0,57.33543014526367,-28.90644073486328
43,55,1,83.35227966308594,-20.393230438232422
43,56,0,57.62076187133789,-28.856000900268555
43,56,1,83.19048309326172,-20.430679321289062
43,57,0,57.907039642333984,-28.8045597076416
43,57,1,83.02870178222656,-20.468399047851562
43,58,0,58.194549560546875,-28.752689361572266
43,58,1,82.8669204711914,-20.50642967224121
43,59,0,58.4835205078125,-28.69927978515625
43,59,1,82.70540618896484,-20.544660568237305
43,60,0,58.77370071411133,-28.646060943603516
43,60,1,82.54425811767578,-20.583019256591797
43,61,0,59.06563186645508,-28.593130111694336
43,61,1,82.38318634033203,-20.62162971496582
43,62,0,59.359291076660156,-28.5389404296875
43,62,1,82.22193908691406,-20.660520553588867
43,63,0,59.65447998046875,-28.483749389648438
43,63,1,82.06053924560547,-20.699630737304688
43,64,0,59.950931549072266,-28.429420471191406
43,64,1,81.89904022216797,-20.738990783691406
43,65,0,60.24924850463867,-28.37540054321289
43,65,1,81.73734283447266,-20.778499603271484
43,66,0,60.5490608215332,-28.3216495513916
43,66,1,81.57550048828125,-20.81817054748535
43,67,0,60.850711822509766,-28.267929077148438
43,67,1,81.41345977783203,-20.857980728149414
43,68,0,61.153079986572266,-28.213640213012695
43,68,1,81.25118255615234,-20.89797019958496
43,69,0,61.45753860473633,-28.1594295501709
43,69,1,81.08860778808594,-20.938030242919922
43,70,0,61.76383972167969,-28.105449676513672
43,70,1,80.92578887939453,-20.97817039489746
43,71,0,62.072059631347656,-28.051040649414062
43,71,1,80.76284790039062,-21.018310546875
43,72,0,62.3814811706543,-27.99633026123047
43,72,1,80.59983825683594,-21.058399200439453
43,73,0,62.688289642333984,-27.94182014465332
43,73,1,80.4365463256836,-21.098440170288086
43,74,0,62.99674987792969,-27.886110305786133
43,74,1,80.273193359375,-21.138309478759766
43,75,0,63.307098388671875,-27.830150604248047
43,75,1,80.10986328125,-21.178129196166992
43,76,0,63.61933135986328,-27.773950576782227
43,76,1,79.94669342041016,-21.217809677124023
43,77,0,63.933189392089844,-27.717039108276367
43,77,1,79.78363800048828,-21.257320404052734
43,78,0,64.24797058105469,-27.660120010375977
43,78,1,79.62068176269531,-21.29660987854004
43,79,0,64.56398010253906,-27.602380752563477
43,79,1,79.45793914794922,-21.335599899291992
43,80,0,64.88140106201172,-27.543989181518555
43,80,1,79.29528045654297,-21.37428092956543
43,81,0,65.19973754882812,-27.484760284423828
43,81,1,79.13285827636719,-21.412649154663086
43,82,0,65.51905822753906,-27.425090789794922
43,82,1,78.97065734863281,-21.450759887695312
43,83,0,65.83988952636719,-27.365259170532227
43,83,1,78.80870819091797,-21.48855972290039
43,84,0,66.16206359863281,-27.3050594329834
43,84,1,78.64688110351562,-21.526029586791992
43,85,0,66.48554229736328,-27.24510955810547
43,85,1,78.485107421875,-21.563159942626953
43,86,0,66.80986785888672,-27.183879852294922
43,86,1,78.32337951660156,-21.599979400634766
43,87,0,67.13475036621094,-27.12196922302246
43,87,1,78.16179656982422,-21.636430740356445
43,88,0,67.46121978759766,-27.058530807495117
43,88,1,78.00048828125,-21.67243003845215
43,89,0,67.7893295288086,-26.99444007873535
43,89,1,77.83924102783203,-21.708099365234375
43,90,0,68.11872863769531,-26.92997932434082
43,90,1,77.67816162109375,-21.74336051940918
43,91,0,68.4497299194336,-26.865440368652344
43,91,1,77.51712799072266,-21.77829933166504
43,92,0,68.78211212158203,-26.800479888916016
43,92,1,77.35617065429688,-21.81287956237793
43,93,0,69.11530303955078,-26.735149383544922
43,93,1,77.19518280029297,-21.847200393676758
43,94,0,69.44986724853516,-26.669509887695312
43,94,1,77.0341796875,-21.881309509277344
43,95,0,69.78553771972656,-26.60331916809082
43,95,1,76.87322235107422,-21.915239334106445
43,96,0,70.12178802490234,-26.536230087280273
43,96,1,76.712158203125,-21.949079513549805
43,97,0,70.4590072631836,-26.46851921081543
43,97,1,76.55085754394531,-21.982860565185547
43,98,0,70.79721069335938,-26.400550842285156
43,98,1,76.3894271850586,-22.01650047302246
43,99,0,71.13639068603516,-26.333139419555664
43,99,1,76.22772979736328,-22.050100326538086
44,0,0,26.63835906982422,-35.794490814208984
44,0,1,92.41201782226562,-18.623010635375977
44,1,0,26.82642936706543,-35.74272918701172
44,1,1,92.25215911865234,-18.647640228271484
44,2,0,27.014110565185547,-35.69129180908203
44,2,1,92.09161376953125,-18.67254066467285
44,3,0,27.20047950744629,-35.64004898071289
44,3,1,91.93045043945312,-18.69778060913086
44,4,0,27.386470794677734,-35.589141845703125
44,4,1,91.76870727539062,-18.723600387573242
44,5,0,27.57288932800293,-35.538429260253906
44,5,1,91.60636138916016,-18.749929428100586
44,6,0,27.75885009765625,-35.48788070678711
44,6,1,91.44355773925781,-18.776660919189453
44,7,0,27.944419860839844,-35.43782043457031
44,7,1,91.28016662597656,-18.8037109375
44,8,0,28.129539489746094,-35.38832092285156
44,8,1,91.11638641357422,-18.83116912841797
44,9,0,28.314189910888672,-35.3397102355957
44,9,1,90.95217895507812,-18.858930587768555
44,10,0,28.499109268188477,-35.29166030883789
44,10,1,90.78771209716797,-18.88702964782715
44,11,0,28.683069229125977,-35.2435302734375
44,11,1,90.6229476928711,-18.915390014648438
44,12,0,28.867080688476562,-35.19607925415039
44,12,1,90.45791625976562,-18.94409942626953
44,13,0,29.050809860229492,-35.148651123046875
44,13,1,90.2928237915039,-18.97303009033203
44,14,0,29.234750747680664,-35.1003303527832
44,14,1,90.12764739990234,-19.002269744873047
44,15,0,29.41904067993164,-35.052120208740234
44,15,1,89.96228790283203,-19.031780242919922
44,16,0,29.603530883789062,-35.003700256347656
44,16,1,89.79676818847656,-19.06144905090332
44,17,0,29.788049697875977,-34.955108642578125
44,17,1,89.631103515625,-19.09140968322754
44,18,0,29.972570419311523,-34.90644836425781
44,18,1,89.46531677246094,-19.121829986572266
44,19,0,30.15785026550293,-34.85771179199219
44,19,1,89.29940032958984,-19.152549743652344
44,20,0,30.344650268554688,-34.808719635009766
44,20,1,89.13329315185547,-19.18368911743164
44,21,0,30.532230377197266,-34.759891510009766
44,21,1,88.96711730957031,-19.21504020690918
44,22,0,30.719449996948242,-34.71044158935547
44,22,1,88.80078125,-19.24665069580078
44,23,0,30.9072208404541,-34.66025924682617
44,23,1,88.63429260253906,-19.27861976623535
44,24,0,31.095600128173828,-34.60942077636719
44,24,1,88.46764373779297,-19.310779571533203
44,25,0,31.284709930419922,-34.557979583740234
44,25,1,88.30095672607422,-19.34320068359375
44,26,0,31.474679946899414,-34.50598907470703
44,26,1,88.13433074951172,-19.375890731811523
44,27,0,31.665170669555664,-34.45491027832031
44,27,1,87.9675064086914,-19.408830642700195
44,28,0,31.856910705566406,-34.40333938598633
44,28,1,87.80097198486328,-19.4419002532959
44,29,0,32.04930877685547,-34.3515510559082
44,29,1,87.63432312011719,-19.475160598754883
44,30,0,32.24155044555664,-34.2989387512207
44,30,1,87.4675521850586,-19.508710861206055
44,31,0,32.43418884277344,-34.2463493347168
44,31,1,87.30077362060547,-19.542470932006836
44,32,0,32.62754821777344,-34.19377136230469
44,32,1,87.13400268554688,-19.57634925842285
44,33,0,32.821990966796875,-34.14120101928711
44,33,1,86.9671401977539,-19.610410690307617
44,34,0,33.0170783996582,-34.08884811401367
44,34,1,86.80032348632812,-19.64463996887207
44,35,0,33.213260650634766,-34.03670883178711
44,35,1,86.63358306884766,-19.678979873657227
44,36,0,33.41019058227539,-33.98503112792969
44,36,1,86.46697235107422,-19.71343994140625
44,37,0,33.60831832885742,-33.93368148803711
44,37,1,86.3006362915039,-19.74810028076172
44,38,0,33.80820846557617,-33.88228988647461
44,38,1,86.13465118408203,-19.78289031982422
44,39,0,34.008880615234375,-33.83137893676758
44,39,1,85.96900177001953,-19.817760467529297
44,40,0,34.21065902709961,-33.77976989746094
44,40,1,85.80342102050781,-19.85280990600586
44,41,0,34.413448333740234,-33.72768020629883
44,41,1,85.63802337646484,-19.887969970703125
44,42,0,34.61724090576172,-33.67536163330078
44,42,1,85.47293090820312,-19.923229217529297
44,43,0,34.82181930541992,-33.622161865234375
44,43,1,85.30818176269531,-19.958539962768555
44,44,0,35.02753829956055,-33.569461822509766
44,44,1,85.1438980102539,-19.993900299072266
44,45,0,35.23426055908203,-33.51626968383789
44,45,1,84.97972106933594,-20.029460906982422
44,46,0,35.4422492980957,-33.46324920654297
44,46,1,84.81575012207031,-20.065149307250977
44,47,0,35.65167999267578,-33.410118103027344
44,47,1,84.65216064453125,-20.10087013244629
44,48,0,35.86288070678711,-33.357051849365234
44,48,1,84.48883819580078,-20.13688087463379
44,49,0,36.07693862915039,-33.303680419921875
44,49,1,84.3258285522461,-20.17304039001465
44,50,0,36.2918586730957,-33.25080871582031
44,50,1,84.1630630493164,-20.20931053161621
44,51,0,36.50701141357422,-33.19755935668945
44,51,1,84.00041198730469,-20.245790481567383
44,52,0,36.7247200012207,-33.14363098144531
44,52,1,83.83807373046875,-20.282390594482422
44,53,0,36.944061279296875,-33.09019088745117
44,53,1,83.67591094970703,-20.319169998168945
44,54,0,37.16556930541992,-33.03654098510742
44,54,1,83.51402282714844,-20.356090545654297
44,55,0,37.388301849365234,-32.983238220214844
44,55,1,83.35227966308594,-20.393230438232422
44,56,0,37.61172866821289,-32.93088912963867
44,56,1,83.19048309326172,-20.430679321289062
44,57,0,37.83647918701172,-32.87834930419922
44,57,1,83.02870178222656,-20.468399047851562
44,58,0,38.06346130371094,-32.82556915283203
44,58,1,82.8669204711914,-20.50642967224121
44,59,0,38.292091369628906,-32.77280044555664
44,59,1,82.70540618896484,-20.544660568237305
44,60,0,38.52267074584961,-32.720218658447266
44,60,1,82.54425811767578,-20.583019256591797
44,61,0,38.75457000732422,-32.66693878173828
44,61,1,82.38318634033203,-20.62162971496582
44,62,0,38.9882698059082,-32.613590240478516
44,62,1,82.22193908691406,-20.660520553588867
44,63,0,39.22447967529297,-32.560791015625
44,63,1,82.06053924560547,-20.699630737304688
44,64,0,39.46207809448242,-32.50843048095703
44,64,1,81.89904022216797,-20.738990783691406
44,65,0,39.701690673828125,-32.45623016357422
44,65,1,81.73734283447266,-20.778499603271484
44,66,0,39.94329071044922,-32.40428161621094
44,66,1,81.57550048828125,-20.81817054748535
44,67,0,40.18669128417969,-32.351200103759766
44,67,1,81.41345977783203,-20.857980728149414
44,68,0,40.43204879760742,-32.297908782958984
44,68,1,81.25118255615234,-20.89797019958496
44,69,0,40.67953872680664,-32.245208740234375
44,69,1,81.08860778808594,-20.938030242919922
44,70,0,40.92873001098633,-32.19219970703125
44,70,1,80.92578887939453,-20.97817039489746
44,71,0,41.17993927001953,-32.138919830322266
44,71,1,80.76284790039062,-21.018310546875
44,72,0,41.43360900878906,-32.08536911010742
44,72,1,80.59983825683594,-21.058399200439453
44,73,0,41.68891906738281,-32.032508850097656
44,73,1,80.4365463256836,-21.098440170288086
44,74,0,41.946388244628906,-31.979719161987305
44,74,1,80.273193359375,-21.138309478759766
44,75,0,42.2061882019043,-31.927120208740234
44,75,1,80.10986328125,-21.178129196166992
44,76,0,42.4687614440918,-31.874370574951172
44,76,1,79.94669342041016,-21.217809677124023
44,77,0,42.733760833740234,-31.821359634399414
44,77,1,79.78363800048828,-21.257320404052734
44,78,0,43.00025939941406,-31.76786994934082
44,78,1,79.62068176269531,-21.29660987854004
44,79,0,43.268680572509766,-31.7142391204834
44,79,1,79.45793914794922,-21.335599899291992
44,80,0,43.539520263671875,-31.66054916381836
44,80,1,79.29528045654297,-21.37428092956543
44,81,0,43.8125114440918,-31.606870651245117
44,81,1,79.13285827636719,-21.412649154663086
44,82,0,44.08818054199219,-31.5528507232666
44,82,1,78.97065734863281,-21.450759887695312
44,83,0,44.36643981933594,-31.498910903930664
44,83,1,78.80870819091797,-21.48855972290039
44,84,0,44.64719009399414,-31.445100784301758
44,84,1,78.64688110351562,-21.526029586791992
44,85,0,44.93054962158203,-31.391130447387695
44,85,1,78.485107421875,-21.563159942626953
44,86,0,45.216739654541016,-31.337329864501953
44,86,1,78.32337951660156,-21.599979400634766
44,87,0,45.50447082519531,-31.283449172973633
44,87,1,78.16179656982422,-21.636430740356445
44,88,0,45.7943000793457,-31.229999542236328
44,88,1,78.00048828125,-21.67243003845215
44,89,0,46.08626174926758,-31.176340103149414
44,89,1,77.83924102783203,-21.708099365234375
44,90,0,46.38016891479492,-31.123079299926758
44,90,1,77.67816162109375,-21.74336051940918
44,91,0,46.67586898803711,-31.070100784301758
44,91,1,77.51712799072266,-21.77829933166504
44,92,0,46.97264862060547,-31.01767921447754
44,92,1,77.35617065429688,-21.81287956237793
44,93,0,47.271148681640625,-30.96596908569336
44,93,1,77.19518280029297,-21.847200393676758
44,94,0,47.570579528808594,-30.914400100708008
44,94,1,77.0341796875,-21.881309509277344
44,95,0,47.87163162231445,-30.863689422607422
44,95,1,76.87322235107422,-21.915239334106445
44,96,0,48.173770904541016,-30.813539505004883
44,96,1,76.712158203125,-21.949079513549805
44,97,0,48.47700881958008,-30.76388931274414
44,97,1,76.55085754394531,-21.982860565185547
44,98,0,48.780860900878906,-30.714879989624023
44,98,1,76.3894271850586,-22.01650047302246
44,99,0,49.084861755371094,-30.666839599609375
44,99,1,76.22772979736328,-22.050100326538086
45,0,0,44.68854904174805,-31.720279693603516
45,0,1,13.889570236206055,-39.15079879760742
45,1,0,44.91162109375,-31.686119079589844
45,1,1,14.12483024597168,-39.10942840576172
45,2,0,45.134910583496094,-31.65220069885254
45,2,1,14.361339569091797,-39.06740188598633
45,3,0,45.357460021972656,-31.618959426879883
45,3,1,14.598910331726074,-39.0247917175293
45,4,0,45.580589294433594,-31.586040496826172
45,4,1,14.837579727172852,-38.981590270996094
45,5,0,45.803279876708984,-31.55367088317871
45,5,1,15.077329635620117,-38.93783950805664
45,6,0,46.025638580322266,-31.52136993408203
45,6,1,15.318169593811035,-38.89337921142578
45,7,0,46.247310638427734,-31.489530563354492
45,7,1,15.55990982055664,-38.84833908081055
45,8,0,46.4688606262207,-31.45800018310547
45,8,1,15.802780151367188,-38.802608489990234
45,9,0,46.68960189819336,-31.426820755004883
45,9,1,16.046520233154297,-38.756351470947266
45,10,0,46.90930938720703,-31.395309448242188
45,10,1,16.291370391845703,-38.70949935913086
45,11,0,47.127708435058594,-31.364259719848633
45,11,1,16.537189483642578,-38.66202926635742
45,12,0,47.34532165527344,-31.333480834960938
45,12,1,16.783979415893555,-38.6138801574707
45,13,0,47.56153106689453,-31.30290985107422
45,13,1,17.031679153442383,-38.56515121459961
45,14,0,47.777000427246094,-31.273300170898438
45,14,1,17.280519485473633,-38.515750885009766
45,15,0,47.99119186401367,-31.244029998779297
45,15,1,17.530160903930664,-38.465728759765625
45,16,0,48.20341110229492,-31.21541976928711
45,16,1,17.780559539794922,-38.41508865356445
45,17,0,48.413719177246094,-31.187339782714844
45,17,1,18.03169059753418,-38.36389923095703
45,18,0,48.62226867675781,-31.159889221191406
45,18,1,18.283700942993164,-38.312110900878906
45,19,0,48.828861236572266,-31.132709503173828
45,19,1,18.536420822143555,-38.259761810302734
45,20,0,49.03337097167969,-31.106159210205078
45,20,1,18.78973960876465,-38.20682907104492
45,21,0,49.23569107055664,-31.08049964904785
45,21,1,19.04360008239746,-38.15336990356445
45,22,0,49.43547821044922,-31.055110931396484
45,22,1,19.297719955444336,-38.0990104675293
45,23,0,49.632530212402344,-31.03101921081543
45,23,1,19.552310943603516,-38.04412841796875
45,24,0,49.82678985595703,-31.007169723510742
45,24,1,19.807409286499023,-37.98868942260742
45,25,0,50.018890380859375,-30.98356056213379
45,25,1,20.063129425048828,-37.93275833129883
45,26,0,50.207801818847656,-30.96013069152832
45,26,1,20.31892967224121,-37.8761100769043
45,27,0,50.39439010620117,-30.93691062927246
45,27,1,20.574729919433594,-37.81904983520508
45,28,0,50.57796096801758,-30.914390563964844
45,28,1,20.8305606842041,-37.76163101196289
45,29,0,50.75830841064453,-30.89229965209961
45,29,1,21.086490631103516,-37.70383071899414
45,30,0,50.93558883666992,-30.870580673217773
45,30,1,21.342790603637695,-37.64564895629883
45,31,0,51.109161376953125,-30.849889755249023
45,31,1,21.599170684814453,-37.587249755859375
45,32,0,51.27988815307617,-30.82925033569336
45,32,1,21.85556983947754,-37.52864074707031
45,33,0,51.44696044921875,-30.809200286865234
45,33,1,22.111860275268555,-37.46976852416992
45,34,0,51.61064147949219,-30.7893009185791
45,34,1,22.368070602416992,-37.41065979003906
45,35,0,51.77104949951172,-30.769569396972656
45,35,1,22.62417984008789,-37.35139083862305
45,36,0,51.92816925048828,-30.75012969970703
45,36,1,22.880300521850586,-37.2918815612793
45,37,0,52.082061767578125,-30.730749130249023
45,37,1,23.136070251464844,-37.23221969604492
45,38,0,52.23263931274414,-30.71146011352539
45,38,1,23.391490936279297,-37.172271728515625
45,39,0,52.379920959472656,-30.69244956970215
45,39,1,23.646549224853516,-37.112098693847656
45,40,0,52.52404022216797,-30.673349380493164
45,40,1,23.901350021362305,-37.05175018310547
45,41,0,52.66461181640625,-30.654399871826172
45,41,1,24.15604019165039,-36.9912109375
45,42,0,52.801639556884766,-30.6356201171875
45,42,1,24.410520553588867,-36.93046951293945
45,43,0,52.9357795715332,-30.617429733276367
45,43,1,24.6647891998291,-36.869598388671875
45,44,0,53.066898345947266,-30.5993595123291
45,44,1,24.919029235839844,-36.80857849121094
45,45,0,53.194950103759766,-30.580699920654297
45,45,1,25.173200607299805,-36.74728012084961
45,46,0,53.319671630859375,-30.56233024597168
45,46,1,25.42732048034668,-36.6856689453125
45,47,0,53.44112014770508,-30.544919967651367
45,47,1,25.681360244750977,-36.623870849609375
45,48,0,53.55949020385742,-30.527570724487305
45,48,1,25.935909271240234,-36.56169128417969
45,49,0,53.67449188232422,-30.510679244995117
45,49,1,26.190420150756836,-36.49922180175781
45,50,0,53.78596878051758,-30.49444007873535
45,50,1,26.444889068603516,-36.43650817871094
45,51,0,53.8944091796875,-30.47878074645996
45,51,1,26.699209213256836,-36.373531341552734
45,52,0,53.999290466308594,-30.464250564575195
45,52,1,26.953340530395508,-36.31026077270508
45,53,0,54.101280212402344,-30.450340270996094
45,53,1,27.20754051208496,-36.24665069580078
45,54,0,54.200191497802734,-30.43655014038086
45,54,1,27.46162986755371,-36.182830810546875
45,55,0,54.29594039916992,-30.422840118408203
45,55,1,27.71561050415039,-36.118831634521484
45,56,0,54.38869857788086,-30.410139083862305
45,56,1,27.96940040588379,-36.05447006225586
45,57,0,54.47871017456055,-30.397960662841797
45,57,1,28.223020553588867,-35.98973846435547
45,58,0,54.5660285949707,-30.386030197143555
45,58,1,28.4768009185791,-35.92464828491211
45,59,0,54.65092849731445,-30.37483024597168
45,59,1,28.730369567871094,-35.859371185302734
45,60,0,54.73324966430664,-30.36400032043457
45,60,1,28.983810424804688,-35.79391860961914
45,61,0,54.81330108642578,-30.353229522705078
45,61,1,29.237199783325195,-35.72835922241211
45,62,0,54.89044189453125,-30.342620849609375
45,62,1,29.490610122680664,-35.662750244140625
45,63,0,54.965049743652344,-30.332380294799805
45,63,1,29.74397087097168,-35.597171783447266
45,64,0,55.03704833984375,-30.322370529174805
45,64,1,29.997310638427734,-35.531620025634766
45,65,0,55.106689453125,-30.31201934814453
45,65,1,30.25054931640625,-35.46620178222656
45,66,0,55.1739387512207,-30.301700592041016
45,66,1,30.503690719604492,-35.4010009765625
45,67,0,55.23862075805664,-30.29155921936035
45,67,1,30.75670051574707,-35.33610916137695
45,68,0,55.301239013671875,-30.281700134277344
45,68,1,31.009660720825195,-35.271541595458984
45,69,0,55.361358642578125,-30.272489547729492
45,69,1,31.262359619140625,-35.207340240478516
45,70,0,55.41851043701172,-30.263269424438477
45,70,1,31.51491928100586,-35.143680572509766
45,71,0,55.47377014160156,-30.253719329833984
45,71,1,31.767290115356445,-35.08058166503906
45,72,0,55.5269889831543,-30.244609832763672
45,72,1,32.019500732421875,-35.01816940307617
45,73,0,55.57857894897461,-30.235960006713867
45,73,1,32.27170181274414,-34.95650100708008
45,74,0,55.62847137451172,-30.22800064086914
45,74,1,32.52389144897461,-34.8956184387207
45,75,0,55.67681121826172,-30.220359802246094
45,75,1,32.77602005004883,-34.83546829223633
45,76,0,55.72349166870117,-30.213150024414062
45,76,1,33.028011322021484,-34.77621841430664
45,77,0,55.76856994628906,-30.20587921142578
45,77,1,33.279991149902344,-34.718040466308594
45,78,0,55.811771392822266,-30.19869041442871
45,78,1,33.531761169433594,-34.661041259765625
45,79,0,55.85295867919922,-30.191329956054688
45,79,1,33.78350830078125,-34.605308532714844
45,80,0,55.89289093017578,-30.18429946899414
45,80,1,34.0352897644043,-34.551048278808594
45,81,0,55.931819915771484,-30.177940368652344
45,81,1,34.28736114501953,-34.49845886230469
45,82,0,55.96929168701172,-30.171749114990234
45,82,1,34.53968811035156,-34.44736862182617
45,83,0,56.00580978393555,-30.165239334106445
45,83,1,34.792171478271484,-34.397850036621094
45,84,0,56.04069137573242,-30.15899085998535
45,84,1,35.04486083984375,-34.349849700927734
45,85,0,56.07421112060547,-30.15328025817871
45,85,1,35.29780960083008,-34.30339050292969
45,86,0,56.106319427490234,-30.147689819335938
45,86,1,35.55134963989258,-34.2584114074707
45,87,0,56.137451171875,-30.142309188842773
45,87,1,35.80548095703125,-34.21503829956055
45,88,0,56.16706085205078,-30.13719940185547
45,88,1,36.060630798339844,-34.17311096191406
45,89,0,56.194759368896484,-30.132570266723633
45,89,1,36.315921783447266,-34.13288879394531
45,90,0,56.22098922729492,-30.1282901763916
45,90,1,36.571659088134766,-34.09413146972656
45,91,0,56.2457389831543,-30.124509811401367
45,91,1,36.82815933227539,-34.056880950927734
45,92,0,56.26945877075195,-30.12126922607422
45,92,1,37.08475875854492,-34.020938873291016
45,93,0,56.292259216308594,-30.11737060546875
45,93,1,37.3414192199707,-33.98625946044922
45,94,0,56.314109802246094,-30.114059448242188
45,94,1,37.59804916381836,-33.95280075073242
45,95,0,56.33509063720703,-30.110580444335938
45,95,1,37.854591369628906,-33.9205207824707
45,96,0,56.35519027709961,-30.107030868530273
45,96,1,38.110958099365234,-33.88935089111328
45,97,0,56.37434005737305,-30.10317039489746
45,97,1,38.367530822753906,-33.859371185302734
45,98,0,56.39231872558594,-30.099319458007812
45,98,1,38.623939514160156,-33.8306999206543
45,99,0,56.409698486328125,-30.095979690551758
45,99,1,38.88024139404297,-33.80290985107422
46,0,0,52.379920959472656,-30.69244956970215
46,0,1,68.73248291015625,-37.51319885253906
46,1,0,52.52404022216797,-30.673349380493164
46,1,1,68.66874694824219,-37.43741989135742
46,2,0,52.66461181640625,-30.654399871826172
46,2,1,68.60513305664062,-37.36198043823242
46,3,0,52.801639556884766,-30.6356201171875
46,3,1,68.5413589477539,-37.28702926635742
46,4,0,52.9357795715332,-30.617429733276367
46,4,1,68.47720336914062,-37.21261978149414
46,5,0,53.066898345947266,-30.5993595123291
46,5,1,68.41275024414062,-37.13872146606445
46,6,0,53.194950103759766,-30.580699920654297
46,6,1,68.3482666015625,-37.065181732177734
46,7,0,53.319671630859375,-30.56233024597168
46,7,1,68.28357696533203,-36.99192810058594
46,8,0,53.44112014770508,-30.544919967651367
46,8,1,68.21919250488281,-36.91960144042969
46,9,0,53.55949020385742,-30.527570724487305
46,9,1,68.15503692626953,-36.84822082519531
46,10,0,53.67449188232422,-30.510679244995117
46,10,1,68.09107971191406,-36.77775955200195
46,11,0,53.78596878051758,-30.49444007873535
46,11,1,68.02731323242188,-36.70833969116211
46,12,0,53.8944091796875,-30.47878074645996
46,12,1,67.96391296386719,-36.640010833740234
46,13,0,53.999290466308594,-30.464250564575195
46,13,1,67.90068054199219,-36.572471618652344
46,14,0,54.101280212402344,-30.450340270996094
46,14,1,67.83775329589844,-36.50580978393555
46,15,0,54.200191497802734,-30.43655014038086
46,15,1,67.77513885498047,-36.44015121459961
46,16,0,54.29594039916992,-30.422840118408203
46,16,1,67.71282958984375,-36.37540054321289
46,17,0,54.38869857788086,-30.410139083862305
46,17,1,67.65087890625,-36.31153106689453
46,18,0,54.47871017456055,-30.397960662841797
46,18,1,67.5890884399414,-36.24864959716797
46,19,0,54.5660285949707,-30.386030197143555
46,19,1,67.52749633789062,-36.186588287353516
46,20,0,54.65092849731445,-30.37483024597168
46,20,1,67.46613311767578,-36.12546157836914
46,21,0,54.73324966430664,-30.36400032043457
46,21,1,67.40483093261719,-36.06517028808594
46,22,0,54.81330108642578,-30.353229522705078
46,22,1,67.34378051757812,-36.00577926635742
46,23,0,54.89044189453125,-30.342620849609375
46,23,1,67.28295135498047,-35.947208404541016
46,24,0,54.965049743652344,-30.332380294799805
46,24,1,67.22232055664062,-35.889381408691406
46,25,0,55.03704833984375,-30.322370529174805
46,25,1,67.16191864013672,-35.83230972290039
46,26,0,55.106689453125,-30.31201934814453
46,26,1,67.101806640625,-35.775970458984375
46,27,0,55.1739387512207,-30.301700592041016
46,27,1,67.0418701171875,-35.72026824951172
46,28,0,55.23862075805664,-30.29155921936035
46,28,1,66.9823226928711,-35.66530990600586
46,29,0,55.301239013671875,-30.281700134277344
46,29,1,66.9231185913086,-35.610931396484375
46,30,0,55.361358642578125,-30.272489547729492
46,30,1,66.86419677734375,-35.557090759277344
46,31,0,55.41851043701172,-30.263269424438477
46,31,1,66.80549621582031,-35.50381851196289
46,32,0,55.47377014160156,-30.253719329833984
46,32,1,66.74712371826172,-35.4511604309082
46,33,0,55.5269889831543,-30.244609832763672
46,33,1,66.68897247314453,-35.39902114868164
46,34,0,55.57857894897461,-30.235960006713867
46,34,1,66.631103515625,-35.347450256347656
46,35,0,55.62847137451172,-30.22800064086914
46,35,1,66.57344055175781,-35.296260833740234
46,36,0,55.67681121826172,-30.220359802246094
46,36,1,66.51625061035156,-35.24562072753906
46,37,0,55.72349166870117,-30.213150024414062
46,37,1,66.45950317382812,-35.19554138183594
46,38,0,55.76856994628906,-30.20587921142578
46,38,1,66.4030532836914,-35.14590072631836
46,39,0,55.811771392822266,-30.19869041442871
46,39,1,66.34703063964844,-35.096580505371094
46,40,0,55.85295867919922,-30.191329956054688
46,40,1,66.29142761230469,-35.0476188659668
46,41,0,55.89289093017578,-30.18429946899414
46,41,1,66.23622131347656,-34.99911880493164
46,42,0,55.931819915771484,-30.177940368652344
46,42,1,66.18148040771484,-34.95098876953125
46,43,0,55.96929168701172,-30.171749114990234
46,43,1,66.12715911865234,-34.90304946899414
46,44,0,56.00580978393555,-30.165239334106445
46,44,1,66.0732421875,-34.855438232421875
46,45,0,56.04069137573242,-30.15899085998535
46,45,1,66.01982116699219,-34.808040618896484
46,46,0,56.07421112060547,-30.15328025817871
46,46,1,65.96675109863281,-34.76081848144531
46,47,0,56.106319427490234,-30.147689819335938
46,47,1,65.91407012939453,-34.71356964111328
46,48,0,56.137451171875,-30.142309188842773
46,48,1,65.86196899414062,-34.66661071777344
46,49,0,56.16706085205078,-30.13719940185547
46,49,1,65.81034851074219,-34.61991882324219
46,50,0,56.194759368896484,-30.132570266723633
46,50,1,65.75898742675781,-34.573341369628906
46,51,0,56.22098922729492,-30.1282901763916
46,51,1,65.70799255371094,-34.52684020996094
46,52,0,56.2457389831543,-30.124509811401367
46,52,1,65.65751647949219,-34.48065948486328
46,53,0,56.26945877075195,-30.12126922607422
46,53,1,65.60759735107422,-34.434661865234375
46,54,0,56.292259216308594,-30.11737060546875
46,54,1,65.55829620361328,-34.388771057128906
46,55,0,56.314109802246094,-30.114059448242188
46,55,1,65.50959777832031,-34.3431396484375
46,56,0,56.33509063720703,-30.110580444335938
46,56,1,65.4615478515625,-34.297698974609375
46,57,0,56.35519027709961,-30.107030868530273
46,57,1,65.4139175415039,-34.25238037109375
46,58,0,56.37434005737305,-30.10317039489746
46,58,1,65.3666000366211,-34.207130432128906
46,59,0,56.39231872558594,-30.099319458007812
46,59,1,65.31957244873047,-34.16215896606445
46,60,0,56.409698486328125,-30.095979690551758
46,60,1,65.27304077148438,-34.11751937866211
46,61,0,56.426231384277344,-30.09256935119629
46,61,1,65.22737121582031,-34.07345962524414
46,62,0,56.44218063354492,-30.0892391204834
46,62,1,65.18245697021484,-34.02986145019531
46,63,0,56.45729064941406,-30.086149215698242
46,63,1,65.13819885253906,-33.98691177368164
46,64,0,56.472049713134766,-30.083250045776367
46,64,1,65.09485626220703,-33.94424819946289
46,65,0,56.48640823364258,-30.080650329589844
46,65,1,65.05223846435547,-33.902339935302734
46,66,0,56.500118255615234,-30.078250885009766
46,66,1,65.01020812988281,-33.86125183105469
46,67,0,56.513458251953125,-30.075990676879883
46,67,1,64.96874237060547,-33.82099151611328
46,68,0,56.52635955810547,-30.07394027709961
46,68,1,64.92790985107422,-33.78153991699219
46,69,0,56.53921890258789,-30.071229934692383
46,69,1,64.88800811767578,-33.74319076538086
46,70,0,56.55144119262695,-30.068859100341797
46,70,1,64.84899139404297,-33.705501556396484
46,71,0,56.56333923339844,-30.066829681396484
46,71,1,64.81060791015625,-33.6686897277832
46,72,0,56.575069427490234,-30.065210342407227
46,72,1,64.77287292480469,-33.6326904296875
46,73,0,56.58625030517578,-30.06407928466797
46,73,1,64.7358627319336,-33.59783935546875
46,74,0,56.596839904785156,-30.062910079956055
46,74,1,64.69960021972656,-33.56398010253906
46,75,0,56.60654067993164,-30.06167984008789
46,75,1,64.6639404296875,-33.531131744384766
46,76,0,56.61531066894531,-30.060699462890625
46,76,1,64.62882232666016,-33.49898147583008
46,77,0,56.623661041259766,-30.060340881347656
46,77,1,64.59423065185547,-33.46718978881836
46,78,0,56.631351470947266,-30.059480667114258
46,78,1,64.56015014648438,-33.4350700378418
46,79,0,56.6380500793457,-30.05883026123047
46,79,1,64.52664947509766,-33.40373992919922
46,80,0,56.64358901977539,-30.058029174804688
46,80,1,64.49358367919922,-33.37253189086914
46,81,0,56.64812088012695,-30.057470321655273
46,81,1,64.46115112304688,-33.34074020385742
46,82,0,56.65174865722656,-30.056669235229492
46,82,1,64.42906188964844,-33.3083381652832
46,83,0,56.65460968017578,-30.056289672851562
46,83,1,64.3971176147461,-33.27526092529297
46,84,0,56.65687942504883,-30.056289672851562
46,84,1,64.36573791503906,-33.24163055419922
46,85,0,56.65864181518555,-30.05615997314453
46,85,1,64.3348617553711,-33.20705032348633
46,86,0,56.660030364990234,-30.05586051940918
46,86,1,64.30455780029297,-33.171600341796875
46,87,0,56.661041259765625,-30.055400848388672
46,87,1,64.27436065673828,-33.1349983215332
46,88,0,56.66183853149414,-30.05529022216797
46,88,1,64.24423217773438,-33.0972900390625
46,89,0,56.662330627441406,-30.05500030517578
46,89,1,64.21404266357422,-33.058170318603516
46,90,0,56.66249084472656,-30.054710388183594
46,90,1,64.183837890625,-33.017539978027344
46,91,0,56.662628173828125,-30.054649353027344
46,91,1,64.15364074707031,-32.975379943847656
46,92,0,56.662940979003906,-30.05487060546875
46,92,1,64.12315368652344,-32.932151794433594
46,93,0,56.663089752197266,-30.055179595947266
46,93,1,64.09268951416016,-32.887428283691406
46,94,0,56.66273880004883,-30.055789947509766
46,94,1,64.06183624267578,-32.84164047241211
46,95,0,56.66244888305664,-30.056440353393555
46,95,1,64.03067016601562,-32.79405975341797
46,96,0,56.66218948364258,-30.057449340820312
46,96,1,63.99903869628906,-32.74530029296875
46,97,0,56.661781311035156,-30.057649612426758
46,97,1,63.96704864501953,-32.69554138183594
46,98,0,56.661460876464844,-30.057939529418945
46,98,1,63.9344482421875,-32.64448165893555
46,99,0,56.661338806152344,-30.058319091796875
46,99,1,63.90108108520508,-32.59197998046875
47,0,0,34.28736114501953,-34.49845886230469
47,0,1,15.64840030670166,-38.24993133544922
47,1,0,34.53968811035156,-34.44736862182617
47,1,1,15.925069808959961,-38.1739616394043
47,2,0,34.792171478271484,-34.397850036621094
47,2,1,16.204959869384766,-38.096439361572266
47,3,0,35.04486083984375,-34.349849700927734
47,3,1,16.4867000579834,-38.01776885986328
47,4,0,35.29780960083008,-34.30339050292969
47,4,1,16.76919937133789,-37.938838958740234
47,5,0,35.55134963989258,-34.2584114074707
47,5,1,17.05286979675293,-37.85945129394531
47,6,0,35.80548095703125,-34.21503829956055
47,6,1,17.338279724121094,-37.779850006103516
47,7,0,36.060630798339844,-34.17311096191406
47,7,1,17.625160217285156,-37.70011901855469
47,8,0,36.315921783447266,-34.13288879394531
47,8,1,17.912399291992188,-37.62057113647461
47,9,0,36.571659088134766,-34.09413146972656
47,9,1,18.19969940185547,-37.54117965698242
47,10,0,36.82815933227539,-34.056880950927734
47,10,1,18.48693084716797,-37.46213912963867
47,11,0,37.08475875854492,-34.020938873291016
47,11,1,18.773849487304688,-37.383548736572266
47,12,0,37.3414192199707,-33.98625946044922
47,12,1,19.060869216918945,-37.304439544677734
47,13,0,37.59804916381836,-33.95280075073242
47,13,1,19.34691047668457,-37.22515106201172
47,14,0,37.854591369628906,-33.9205207824707
47,14,1,19.632579803466797,-37.1455192565918
47,15,0,38.110958099365234,-33.88935089111328
47,15,1,19.917909622192383,-37.06647872924805
47,16,0,38.367530822753906,-33.859371185302734
47,16,1,20.202730178833008,-36.9883918762207
47,17,0,38.623939514160156,-33.8306999206543
47,17,1,20.486690521240234,-36.91136932373047
47,18,0,38.88024139404297,-33.80290985107422
47,18,1,20.770679473876953,-36.833160400390625
47,19,0,39.13438034057617,-33.77582931518555
47,19,1,21.054649353027344,-36.7547492980957
47,20,0,39.38822937011719,-33.74959945678711
47,20,1,21.339290618896484,-36.67660903930664
47,21,0,39.6407585144043,-33.72428894042969
47,21,1,21.623600006103516,-36.599369049072266
47,22,0,39.8915901184082,-33.69966125488281
47,22,1,21.908140182495117,-36.522979736328125
47,23,0,40.14173889160156,-33.675289154052734
47,23,1,22.19239044189453,-36.446781158447266
47,24,0,40.390899658203125,-33.651241302490234
47,24,1,22.47606086730957,-36.3709716796875
47,25,0,40.63888168334961,-33.627689361572266
47,25,1,22.757740020751953,-36.29518127441406
47,26,0,40.88642883300781,-33.60403823852539
47,26,1,23.038999557495117,-36.220008850097656
47,27,0,41.133060455322266,-33.58039093017578
47,27,1,23.320890426635742,-36.144378662109375
47,28,0,41.378780364990234,-33.5571403503418
47,28,1,23.60133934020996,-36.06901931762695
47,29,0,41.623291015625,-33.534061431884766
47,29,1,23.881610870361328,-35.993709564208984
47,30,0,41.867149353027344,-33.51094055175781
47,30,1,24.162099838256836,-35.918479919433594
47,31,0,42.10968017578125,-33.48786926269531
47,31,1,24.44152069091797,-35.84381866455078
47,32,0,42.350040435791016,-33.46506881713867
47,32,1,24.72024917602539,-35.769798278808594
47,33,0,42.588218688964844,-33.44242858886719
47,33,1,24.998619079589844,-35.696510314941406
47,34,0,42.82500076293945,-33.419830322265625
47,34,1,25.277799606323242,-35.62382125854492
47,35,0,43.0595588684082,-33.39751052856445
47,35,1,25.557270050048828,-35.552101135253906
47,36,0,43.29179000854492,-33.375301361083984
47,36,1,25.836050033569336,-35.480079650878906
47,37,0,43.521820068359375,-33.3531494140625
47,37,1,26.114429473876953,-35.407928466796875
47,38,0,43.74892044067383,-33.331268310546875
47,38,1,26.391630172729492,-35.335208892822266
47,39,0,43.97306823730469,-33.309661865234375
47,39,1,26.66813087463379,-35.262939453125
47,40,0,44.194190979003906,-33.28834915161133
47,40,1,26.94305992126465,-35.19068908691406
47,41,0,44.41252136230469,-33.26736068725586
47,41,1,27.21763038635254,-35.1190299987793
47,42,0,44.62730026245117,-33.24681854248047
47,42,1,27.491029739379883,-35.04808044433594
47,43,0,44.83871078491211,-33.226688385009766
47,43,1,27.76498031616211,-34.97766876220703
47,44,0,45.046661376953125,-33.207000732421875
47,44,1,28.03877067565918,-34.90824890136719
47,45,0,45.25117874145508,-33.18770980834961
47,45,1,28.312410354614258,-34.83995819091797
47,46,0,45.45222091674805,-33.16883087158203
47,46,1,28.58572006225586,-34.77233123779297
47,47,0,45.64984893798828,-33.15026092529297
47,47,1,28.85934066772461,-34.7047004699707
47,48,0,45.843868255615234,-33.13212966918945
47,48,1,29.132450103759766,-34.637901306152344
47,49,0,46.03425979614258,-33.11442947387695
47,49,1,29.4047908782959,-34.57128143310547
47,50,0,46.22161865234375,-33.09700012207031
47,50,1,29.67608070373535,-34.504478454589844
47,51,0,46.40549087524414,-33.07992172241211
47,51,1,29.94721031188965,-34.438140869140625
47,52,0,46.58610916137695,-33.06304931640625
47,52,1,30.218889236450195,-34.37253952026367
47,53,0,46.76361846923828,-33.046321868896484
47,53,1,30.490079879760742,-34.307960510253906
47,54,0,46.93832015991211,-33.02962112426758
47,54,1,30.760150909423828,-34.24340057373047
47,55,0,47.11040115356445,-33.01327896118164
47,55,1,31.029020309448242,-34.17974853515625
47,56,0,47.279850006103516,-32.996978759765625
47,56,1,31.297279357910156,-34.1174201965332
47,57,0,47.446441650390625,-32.98072814941406
47,57,1,31.56406021118164,-34.055198669433594
47,58,0,47.610511779785156,-32.96445083618164
47,58,1,31.829029083251953,-33.9936408996582
47,59,0,47.771820068359375,-32.94831848144531
47,59,1,32.093360900878906,-33.933109283447266
47,60,0,47.93067169189453,-32.93244934082031
47,60,1,32.35649108886719,-33.87425994873047
47,61,0,48.087318420410156,-32.9168815612793
47,61,1,32.61766052246094,-33.817100524902344
47,62,0,48.24211120605469,-32.901668548583984
47,62,1,32.87689971923828,-33.76184844970703
47,63,0,48.39474105834961,-32.88642120361328
47,63,1,33.134071350097656,-33.7082405090332
47,64,0,48.54579162597656,-32.870849609375
47,64,1,33.389549255371094,-33.65550994873047
47,65,0,48.695030212402344,-32.85503005981445
47,65,1,33.64237976074219,-33.60424041748047
47,66,0,48.84251022338867,-32.839210510253906
47,66,1,33.89324951171875,-33.55574035644531
47,67,0,48.98746871948242,-32.823638916015625
47,67,1,34.142940521240234,-33.50925827026367
47,68,0,49.12997055053711,-32.808311462402344
47,68,1,34.390838623046875,-33.46458053588867
47,69,0,49.270050048828125,-32.79309844970703
47,69,1,34.63534164428711,-33.42182922363281
47,70,0,49.40787124633789,-32.777889251708984
47,70,1,34.87704086303711,-33.38072967529297
47,71,0,49.5434684753418,-32.762969970703125
47,71,1,35.11661148071289,-33.34170150756836
47,72,0,49.676570892333984,-32.74835968017578
47,72,1,35.35306167602539,-33.304649353027344
47,73,0,49.80712890625,-32.73394012451172
47,73,1,35.58649826049805,-33.269981384277344
47,74,0,49.9351806640625,-32.71971893310547
47,74,1,35.8201789855957,-33.2375602722168
47,75,0,50.06101989746094,-32.70561981201172
47,75,1,36.05131912231445,-33.20743942260742
47,76,0,50.18421173095703,-32.69160079956055
47,76,1,36.27959060668945,-33.17852020263672
47,77,0,50.3048095703125,-32.67774963378906
47,77,1,36.50431823730469,-33.151519775390625
47,78,0,50.422950744628906,-32.664058685302734
47,78,1,36.72600173950195,-33.126129150390625
47,79,0,50.53858947753906,-32.650611877441406
47,79,1,36.944000244140625,-33.10261917114258
47,80,0,50.651920318603516,-32.637229919433594
47,80,1,37.15943908691406,-33.07946014404297
47,81,0,50.763328552246094,-32.62390899658203
47,81,1,37.36983871459961,-33.05820846557617
47,82,0,50.872650146484375,-32.61077117919922
47,82,1,37.57748031616211,-33.038108825683594
47,83,0,50.97999954223633,-32.5977783203125
47,83,1,37.78226089477539,-33.01844024658203
47,84,0,51.08549118041992,-32.5849494934082
47,84,1,37.98466873168945,-32.9994010925293
47,85,0,51.18925857543945,-32.57223892211914
47,85,1,38.184749603271484,-32.98154830932617
47,86,0,51.291500091552734,-32.55970001220703
47,86,1,38.38230895996094,-32.96321105957031
47,87,0,51.39208984375,-32.54730987548828
47,87,1,38.57802963256836,-32.943721771240234
47,88,0,51.49164962768555,-32.534820556640625
47,88,1,38.77201843261719,-32.92498016357422
47,89,0,51.59025955200195,-32.52214050292969
47,89,1,38.96385955810547,-32.905941009521484
47,90,0,51.6881103515625,-32.50960159301758
47,90,1,39.15380096435547,-32.88734817504883
47,91,0,51.785518646240234,-32.49694061279297
47,91,1,39.34259033203125,-32.86907958984375
47,92,0,51.88277053833008,-32.48439025878906
47,92,1,39.5294303894043,-32.85042190551758
47,93,0,51.97983169555664,-32.471649169921875
47,93,1,39.71474838256836,-32.8311882019043
47,94,0,52.07686996459961,-32.45903015136719
47,94,1,39.8986701965332,-32.81135177612305
47,95,0,52.17388153076172,-32.446468353271484
47,95,1,40.08082962036133,-32.79140090942383
47,96,0,52.27104949951172,-32.434078216552734
47,96,1,40.2616081237793,-32.77159118652344
47,97,0,52.36819839477539,-32.421348571777344
47,97,1,40.44086837768555,-32.751258850097656
47,98,0,52.465599060058594,-32.40874099731445
47,98,1,40.6190185546875,-32.731361389160156
47,99,0,52.562950134277344,-32.39588165283203
47,99,1,40.79568862915039,-32.71089172363281
48,0,0,48.28919982910156,-31.179290771484375
48,0,1,68.54448699951172,-34.917259216308594
48,1,0,48.39691925048828,-31.15821075439453
48,1,1,68.42546081542969,-34.863548278808594
48,2,0,48.50421142578125,-31.137500762939453
48,2,1,68.30692291259766,-34.80894088745117
48,3,0,48.61103057861328,-31.117050170898438
48,3,1,68.1888198852539,-34.75347137451172
48,4,0,48.71733856201172,-31.096179962158203
48,4,1,68.07096099853516,-34.6968994140625
48,5,0,48.82331848144531,-31.075790405273438
48,5,1,67.95343017578125,-34.63956832885742
48,6,0,48.929039001464844,-31.055700302124023
48,6,1,67.8364486694336,-34.58121109008789
48,7,0,49.033870697021484,-31.036380767822266
48,7,1,67.72032165527344,-34.52191162109375
48,8,0,49.13861083984375,-31.017040252685547
48,8,1,67.60476684570312,-34.46179962158203
48,9,0,49.24317169189453,-30.997709274291992
48,9,1,67.48967742919922,-34.40068817138672
48,10,0,49.34777069091797,-30.978729248046875
48,10,1,67.3748779296875,-34.338539123535156
48,11,0,49.452308654785156,-30.959659576416016
48,11,1,67.26056671142578,-34.27566909790039
48,12,0,49.55678176879883,-30.940200805664062
48,12,1,67.14623260498047,-34.21221160888672
48,13,0,49.66128158569336,-30.920730590820312
48,13,1,67.03185272216797,-34.14799118041992
48,14,0,49.76591110229492,-30.9017391204834
48,14,1,66.9180679321289,-34.08330154418945
48,15,0,49.870609283447266,-30.882949829101562
48,15,1,66.80535888671875,-34.01776123046875
48,16,0,49.97547912597656,-30.86457061767578
48,16,1,66.69393920898438,-33.95075988769531
48,17,0,50.08049011230469,-30.846450805664062
48,17,1,66.58326721191406,-33.88304901123047
48,18,0,50.18547058105469,-30.828149795532227
48,18,1,66.47360229492188,-33.81438064575195
48,19,0,50.29050064086914,-30.809980392456055
48,19,1,66.3652114868164,-33.744720458984375
48,20,0,50.39564895629883,-30.791629791259766
48,20,1,66.25816345214844,-33.67422103881836
48,21,0,50.500980377197266,-30.773300170898438
48,21,1,66.15252685546875,-33.602630615234375
48,22,0,50.606300354003906,-30.7549991607666
48,22,1,66.04833984375,-33.52981948852539
48,23,0,50.71173858642578,-30.736419677734375
48,23,1,65.94573211669922,-33.45566177368164
48,24,0,50.81734848022461,-30.718080520629883
48,24,1,65.84465789794922,-33.38005065917969
48,25,0,50.923160552978516,-30.700010299682617
48,25,1,65.74519348144531,-33.30290985107422
48,26,0,51.02848815917969,-30.68214988708496
48,26,1,65.64730072021484,-33.22401809692383
48,27,0,51.13322830200195,-30.6636905670166
48,27,1,65.55084991455078,-33.14339828491211
48,28,0,51.237369537353516,-30.645450592041016
48,28,1,65.45591735839844,-33.06100082397461
48,29,0,51.340919494628906,-30.62742042541504
48,29,1,65.36277770996094,-32.97697067260742
48,30,0,51.444488525390625,-30.609519958496094
48,30,1,65.2713623046875,-32.89128112792969
48,31,0,51.547489166259766,-30.5914306640625
48,31,1,65.18187713623047,-32.80393981933594
48,32,0,51.65058135986328,-30.573360443115234
48,32,1,65.09425354003906,-32.714839935302734
48,33,0,51.753578186035156,-30.555519104003906
48,33,1,65.00800323486328,-32.62348175048828
48,34,0,51.856258392333984,-30.53734016418457
48,34,1,64.92344665527344,-32.53041076660156
48,35,0,51.958038330078125,-30.51936912536621
48,35,1,64.84033966064453,-32.43560028076172
48,36,0,52.05950927734375,-30.501609802246094
48,36,1,64.7586898803711,-32.339088439941406
48,37,0,52.16107177734375,-30.48390007019043
48,37,1,64.6783676147461,-32.24076843261719
48,38,0,52.26200866699219,-30.466909408569336
48,38,1,64.59918975830078,-32.140628814697266
48,39,0,52.36272048950195,-30.45013999938965
48,39,1,64.52124786376953,-32.038818359375
48,40,0,52.463138580322266,-30.433870315551758
48,40,1,64.44447326660156,-31.935659408569336
48,41,0,52.562950134277344,-30.417770385742188
48,41,1,64.36849975585938,-31.83119010925293
48,42,0,52.66209030151367,-30.401979446411133
48,42,1,64.2933120727539,-31.725309371948242
48,43,0,52.76102066040039,-30.3864803314209
48,43,1,64.21849060058594,-31.617610931396484
48,44,0,52.85932159423828,-30.370630264282227
48,44,1,64.14395904541016,-31.508329391479492
48,45,0,52.957489013671875,-30.354700088500977
48,45,1,64.06925964355469,-31.396209716796875
48,46,0,53.05519104003906,-30.3389892578125
48,46,1,63.994468688964844,-31.28265953063965
48,47,0,53.15196990966797,-30.322980880737305
48,47,1,63.919498443603516,-31.16781997680664
48,48,0,53.24755859375,-30.307199478149414
48,48,1,63.84415054321289,-31.051820755004883
48,49,0,53.343040466308594,-30.291749954223633
48,49,1,63.76858139038086,-30.934879302978516
48,50,0,53.43804168701172,-30.27614974975586
48,50,1,63.692508697509766,-30.81719970703125
48,51,0,53.53202819824219,-30.260360717773438
48,51,1,63.61568832397461,-30.698930740356445
48,52,0,53.62538146972656,-30.244909286499023
48,52,1,63.538368225097656,-30.580829620361328
48,53,0,53.71831130981445,-30.22995948791504
48,53,1,63.46030044555664,-30.462610244750977
48,54,0,53.8101806640625,-30.214759826660156
48,54,1,63.381248474121094,-30.34412956237793
48,55,0,53.90121841430664,-30.199649810791016
48,55,1,63.301429748535156,-30.225820541381836
48,56,0,53.99089050292969,-30.185129165649414
48,56,1,63.2210807800293,-30.10848045349121
48,57,0,54.08002853393555,-30.171340942382812
48,57,1,63.14004135131836,-29.992229461669922
48,58,0,54.168521881103516,-30.15760040283203
48,58,1,63.05747985839844,-29.8770809173584
48,59,0,54.256629943847656,-30.14423942565918
48,59,1,62.973018646240234,-29.762649536132812
48,60,0,54.34347915649414,-30.13089942932129
48,60,1,62.88703155517578,-29.649099349975586
48,61,0,54.429908752441406,-30.117300033569336
48,61,1,62.800079345703125,-29.537399291992188
48,62,0,54.5158805847168,-30.103849411010742
48,62,1,62.710750579833984,-29.426549911499023
48,63,0,54.60076904296875,-30.091169357299805
48,63,1,62.61888885498047,-29.31652069091797
48,64,0,54.68431091308594,-30.07784080505371
48,64,1,62.52484893798828,-29.207599639892578
48,65,0,54.76639175415039,-30.06454086303711
48,65,1,62.42818069458008,-29.100269317626953
48,66,0,54.84830093383789,-30.05146026611328
48,66,1,62.32931900024414,-28.99424934387207
48,67,0,54.92982864379883,-30.038589477539062
48,67,1,62.22842025756836,-28.889780044555664
48,68,0,55.01074981689453,-30.025390625
48,68,1,62.12493896484375,-28.786720275878906
48,69,0,55.091670989990234,-30.01215934753418
48,69,1,62.01850891113281,-28.685239791870117
48,70,0,55.172340393066406,-29.99925994873047
48,70,1,61.909271240234375,-28.58517074584961
48,71,0,55.252708435058594,-29.986709594726562
48,71,1,61.79798126220703,-28.486900329589844
48,72,0,55.3331184387207,-29.973730087280273
48,72,1,61.68455123901367,-28.390369415283203
48,73,0,55.41331100463867,-29.960800170898438
48,73,1,61.569068908691406,-28.29561996459961
48,74,0,55.49314880371094,-29.948139190673828
48,74,1,61.4516487121582,-28.202560424804688
48,75,0,55.573001861572266,-29.93514060974121
48,75,1,61.33211898803711,-28.11117935180664
48,76,0,55.65243911743164,-29.92184066772461
48,76,1,61.2093391418457,-28.021709442138672
48,77,0,55.73139953613281,-29.90863037109375
48,77,1,61.083839416503906,-27.933799743652344
48,78,0,55.81047058105469,-29.895410537719727
48,78,1,60.9556884765625,-27.847370147705078
48,79,0,55.890071868896484,-29.882129669189453
48,79,1,60.8253288269043,-27.762420654296875
48,80,0,55.96921920776367,-29.868839263916016
48,80,1,60.69287109375,-27.67913055419922
48,81,0,56.04846954345703,-29.855390548706055
48,81,1,60.558048248291016,-27.597810745239258
48,82,0,56.128318786621094,-29.842090606689453
48,82,1,60.421871185302734,-27.518299102783203
48,83,0,56.20869064331055,-29.82901954650879
48,83,1,60.284950256347656,-27.440570831298828
48,84,0,56.29072952270508,-29.815200805664062
48,84,1,60.145469665527344,-27.3643798828125
48,85,0,56.37361145019531,-29.801040649414062
48,85,1,60.0034294128418,-27.289440155029297
48,86,0,56.457130432128906,-29.786760330200195
48,86,1,59.8592414855957,-27.215579986572266
48,87,0,56.54151153564453,-29.772539138793945
48,87,1,59.713871002197266,-27.14249038696289
48,88,0,56.62731170654297,-29.757169723510742
48,88,1,59.56768035888672,-27.070249557495117
48,89,0,56.71464920043945,-29.740970611572266
48,89,1,59.42127990722656,-26.999189376831055
48,90,0,56.80358123779297,-29.724409103393555
48,90,1,59.27449035644531,-26.928850173950195
48,91,0,56.894290924072266,-29.707630157470703
48,91,1,59.127288818359375,-26.859050750732422
48,92,0,56.98712921142578,-29.69084930419922
48,92,1,58.97972106933594,-26.789579391479492
48,93,0,57.08163070678711,-29.673330307006836
48,93,1,58.831390380859375,-26.720319747924805
48,94,0,57.17829132080078,-29.655229568481445
48,94,1,58.68246841430664,-26.651229858398438
48,95,0,57.278438568115234,-29.63677978515625
48,95,1,58.53219985961914,-26.581560134887695
48,96,0,57.3802490234375,-29.618370056152344
48,96,1,58.38164138793945,-26.511320114135742
48,97,0,57.48320007324219,-29.599220275878906
48,97,1,58.23038101196289,-26.44005012512207
48,98,0,57.58366012573242,-29.58053970336914
48,98,1,58.078189849853516,-26.367549896240234
48,99,0,57.683319091796875,-29.561979293823242
48,99,1,57.92491912841797,-26.293560028076172
49,0,0,64.96636962890625,-15.918160438537598
49,0,1,91.10476684570312,-20.000770568847656
49,1,0,64.90840148925781,-15.932470321655273
49,1,1,90.84944152832031,-20.04718017578125
49,2,0,64.84976959228516,-15.948309898376465
49,2,1,90.59129333496094,-20.09450912475586
49,3,0,64.79046630859375,-15.9658203125
49,3,1,90.33175659179688,-20.141660690307617
49,4,0,64.73023986816406,-15.985320091247559
49,4,1,90.0708999633789,-20.189279556274414
49,5,0,64.66879272460938,-16.00676918029785
49,5,1,89.80831146240234,-20.237640380859375
49,6,0,64.60649108886719,-16.03023910522461
49,6,1,89.54503631591797,-20.285770416259766
49,7,0,64.54424285888672,-16.0539493560791
49,7,1,89.28099060058594,-20.334909439086914
49,8,0,64.48222351074219,-16.078020095825195
49,8,1,89.0167007446289,-20.383939743041992
49,9,0,64.4201889038086,-16.104209899902344
49,9,1,88.75212860107422,-20.43231964111328
49,10,0,64.35839080810547,-16.13262939453125
49,10,1,88.48822784423828,-20.480510711669922
49,11,0,64.29679870605469,-16.163360595703125
49,11,1,88.22409057617188,-20.529020309448242
49,12,0,64.23580932617188,-16.196260452270508
49,12,1,87.96051025390625,-20.577159881591797
49,13,0,64.17575073242188,-16.231220245361328
49,13,1,87.6981201171875,-20.62516975402832
49,14,0,64.1164321899414,-16.268360137939453
49,14,1,87.43620300292969,-20.673200607299805
49,15,0,64.0578384399414,-16.307680130004883
49,15,1,87.1752700805664,-20.720970153808594
49,16,0,64.00042724609375,-16.34749984741211
49,16,1,86.91546630859375,-20.768259048461914
49,17,0,63.94401168823242,-16.387739181518555
49,17,1,86.65657043457031,-20.81570053100586
49,18,0,63.888221740722656,-16.430349349975586
49,18,1,86.3990707397461,-20.863510131835938
49,19,0,63.832820892333984,-16.473209381103516
49,19,1,86.1421890258789,-20.91119956970215
49,20,0,63.77777862548828,-16.516380310058594
49,20,1,85.88597869873047,-20.959030151367188
49,21,0,63.72317886352539,-16.559829711914062
49,21,1,85.63050842285156,-21.00609016418457
49,22,0,63.66891860961914,-16.603559494018555
49,22,1,85.37599182128906,-21.05307960510254
49,23,0,63.61521911621094,-16.647579193115234
49,23,1,85.1220474243164,-21.100479125976562
49,24,0,63.5618782043457,-16.691940307617188
49,24,1,84.86885070800781,-21.14739990234375
49,25,0,63.50899887084961,-16.73661994934082
49,25,1,84.61598205566406,-21.194360733032227
49,26,0,63.45634078979492,-16.78179931640625
49,26,1,84.36444091796875,-21.24127960205078
49,27,0,63.404048919677734,-16.82744026184082
49,27,1,84.11380004882812,-21.287830352783203
49,28,0,63.352020263671875,-16.87364959716797
49,28,1,83.86389923095703,-21.334590911865234
49,29,0,63.30004119873047,-16.920560836791992
49,29,1,83.61488342285156,-21.38058090209961
49,30,0,63.248069763183594,-16.967910766601562
49,30,1,83.36737823486328,-21.426219940185547
49,31,0,63.1963005065918,-17.015939712524414
49,31,1,83.12126159667969,-21.472089767456055
49,32,0,63.14476013183594,-17.064659118652344
49,32,1,82.87625885009766,-21.51766014099121
49,33,0,63.09352111816406,-17.114219665527344
49,33,1,82.63227844238281,-21.563129425048828
49,34,0,63.042701721191406,-17.16469955444336
49,34,1,82.38884735107422,-21.60803985595703
49,35,0,62.9922981262207,-17.216100692749023
49,35,1,82.14607238769531,-21.652790069580078
49,36,0,62.9423713684082,-17.268369674682617
49,36,1,81.90448760986328,-21.697860717773438
49,37,0,62.892520904541016,-17.321680068969727
49,37,1,81.6635971069336,-21.74272918701172
49,38,0,62.84292984008789,-17.376039505004883
49,38,1,81.42353057861328,-21.787620544433594
49,39,0,62.793190002441406,-17.43151092529297
49,39,1,81.18409729003906,-21.832910537719727
49,40,0,62.744110107421875,-17.48781967163086
49,40,1,80.94557189941406,-21.87809944152832
49,41,0,62.69573974609375,-17.544700622558594
49,41,1,80.70758056640625,-21.92374038696289
49,42,0,62.64841079711914,-17.602079391479492
49,42,1,80.47090148925781,-21.96977996826172
49,43,0,62.601768493652344,-17.66027069091797
49,43,1,80.23487091064453,-22.01613998413086
49,44,0,62.556209564208984,-17.718799591064453
49,44,1,80.00003051757812,-22.06329917907715
49,45,0,62.511661529541016,-17.7777099609375
49,45,1,79.76663970947266,-22.110689163208008
49,46,0,62.4676399230957,-17.837400436401367
49,46,1,79.53418731689453,-22.158979415893555
49,47,0,62.424190521240234,-17.89790916442871
49,47,1,79.30213165283203,-22.2078800201416
49,48,0,62.381309509277344,-17.95922088623047
49,48,1,79.07097625732422,-22.25653076171875
49,49,0,62.33938980102539,-18.020790100097656
49,49,1,78.84097290039062,-22.304460525512695
49,50,0,62.29846954345703,-18.082590103149414
49,50,1,78.6125717163086,-22.35223960876465
49,51,0,62.2584114074707,-18.144710540771484
49,51,1,78.38507080078125,-22.400779724121094
49,52,0,62.21940994262695,-18.20693016052246
49,52,1,78.15901947021484,-22.449480056762695
49,53,0,62.18144989013672,-18.269250869750977
49,53,1,77.9332275390625,-22.498239517211914
49,54,0,62.144309997558594,-18.3316707611084
49,54,1,77.70773315429688,-22.547760009765625
49,55,0,62.10831069946289,-18.394060134887695
49,55,1,77.48396301269531,-22.597150802612305
49,56,0,62.07283020019531,-18.456510543823242
49,56,1,77.26036834716797,-22.647140502929688
49,57,0,62.037811279296875,-18.518970489501953
49,57,1,77.03848266601562,-22.69709014892578
49,58,0,62.00318908691406,-18.58139991760254
49,58,1,76.81754302978516,-22.746990203857422
49,59,0,61.96892166137695,-18.643760681152344
49,59,1,76.5964584350586,-22.796550750732422
49,60,0,61.93463134765625,-18.706039428710938
49,60,1,76.37679290771484,-22.846599578857422
49,61,0,61.90052032470703,-18.76759910583496
49,61,1,76.15831756591797,-22.895719528198242
49,62,0,61.86661911010742,-18.828960418701172
49,62,1,75.93968963623047,-22.945289611816406
49,63,0,61.832611083984375,-18.890010833740234
49,63,1,75.72199249267578,-22.99471092224121
49,64,0,61.79829025268555,-18.950929641723633
49,64,1,75.50557708740234,-23.044260025024414
49,65,0,61.76411056518555,-19.011579513549805
49,65,1,75.29084777832031,-23.094219207763672
49,66,0,61.729610443115234,-19.072139739990234
49,66,1,75.07707214355469,-23.144229888916016
49,67,0,61.694759368896484,-19.13273048400879
49,67,1,74.86289978027344,-23.194459915161133
49,68,0,61.65977096557617,-19.19359016418457
49,68,1,74.64971160888672,-23.245019912719727
49,69,0,61.62480163574219,-19.254560470581055
49,69,1,74.43795776367188,-23.295650482177734
49,70,0,61.589759826660156,-19.315359115600586
49,70,1,74.22740173339844,-23.346420288085938
49,71,0,61.555198669433594,-19.375560760498047
49,71,1,74.01759338378906,-23.397029876708984
49,72,0,61.520938873291016,-19.434850692749023
49,72,1,73.80933380126953,-23.447830200195312
49,73,0,61.486610412597656,-19.493040084838867
49,73,1,73.60148620605469,-23.498760223388672
49,74,0,61.45233917236328,-19.55013084411621
49,74,1,73.39405822753906,-23.550399780273438
49,75,0,61.418479919433594,-19.606430053710938
49,75,1,73.1884994506836,-23.60205078125
49,76,0,61.38526153564453,-19.661800384521484
49,76,1,72.98372650146484,-23.653709411621094
49,77,0,61.352779388427734,-19.716209411621094
49,77,1,72.77967071533203,-23.705150604248047
49,78,0,61.321189880371094,-19.769729614257812
49,78,1,72.57655334472656,-23.756929397583008
49,79,0,61.290679931640625,-19.822479248046875
49,79,1,72.37435150146484,-23.808820724487305
49,80,0,61.26115036010742,-19.87441062927246
49,80,1,72.17382049560547,-23.86035919189453
49,81,0,61.23249053955078,-19.925180435180664
49,81,1,71.97251892089844,-23.912010192871094
49,82,0,61.20513153076172,-19.975130081176758
49,82,1,71.77152252197266,-23.963289260864258
49,83,0,61.179039001464844,-20.02429962158203
49,83,1,71.57093048095703,-24.013959884643555
49,84,0,61.15420150756836,-20.072790145874023
49,84,1,71.37135314941406,-24.06545066833496
49,85,0,61.13071823120117,-20.1205997467041
49,85,1,71.172119140625,-24.11775016784668
49,86,0,61.10858154296875,-20.167800903320312
49,86,1,70.97347259521484,-24.170650482177734
49,87,0,61.087890625,-20.214479446411133
49,87,1,70.77564239501953,-24.223949432373047
49,88,0,61.06864929199219,-20.26066017150879
49,88,1,70.57808685302734,-24.277700424194336
49,89,0,61.051048278808594,-20.306529998779297
49,89,1,70.3819808959961,-24.33148956298828
49,90,0,61.035091400146484,-20.352149963378906
49,90,1,70.18744659423828,-24.384319305419922
49,91,0,61.020870208740234,-20.397619247436523
49,91,1,69.99520111083984,-24.436809539794922
49,92,0,61.008331298828125,-20.44305992126465
49,92,1,69.80404663085938,-24.489240646362305
49,93,0,60.997318267822266,-20.488439559936523
49,93,1,69.61454010009766,-24.54142951965332
49,94,0,60.98794937133789,-20.53388023376465
49,94,1,69.42484283447266,-24.593799591064453
49,95,0,60.97998809814453,-20.57939910888672
49,95,1,69.2356185913086,-24.646129608154297
49,96,0,60.97312927246094,-20.624919891357422
49,96,1,69.04757690429688,-24.698200225830078
49,97,0,60.967498779296875,-20.67041015625
49,97,1,68.8589096069336,-24.750469207763672
49,98,0,60.96276092529297,-20.716310501098633
49,98,1,68.67120361328125,-24.80246925354004
49,99,0,60.95896911621094,-20.76222038269043
49,99,1,68.48545837402344,-24.854799270629883
50,0,0,82.81773376464844,-21.620990753173828
50,0,1,38.534061431884766,-14.9989595413208
50,1,0,82.38687896728516,-21.708200454711914
50,1,1,38.67726135253906,-15.182869911193848
50,2,0,81.95958709716797,-21.794660568237305
50,2,1,38.82073974609375,-15.36758041381836
50,3,0,81.53694915771484,-21.880250930786133
50,3,1,38.96384048461914,-15.55243968963623
50,4,0,81.11692810058594,-21.965410232543945
50,4,1,39.10615158081055,-15.737350463867188
50,5,0,80.70140838623047,-22.049959182739258
50,5,1,39.24720001220703,-15.922380447387695
50,6,0,80.28756713867188,-22.13412094116211
50,6,1,39.38750076293945,-16.10780906677246
50,7,0,79.87641143798828,-22.217939376831055
50,7,1,39.52674102783203,-16.293020248413086
50,8,0,79.46906280517578,-22.301149368286133
50,8,1,39.664520263671875,-16.478219985961914
50,9,0,79.06424713134766,-22.383779525756836
50,9,1,39.80154037475586,-16.663410186767578
50,10,0,78.66226196289062,-22.4660701751709
50,10,1,39.937320709228516,-16.848400115966797
50,11,0,78.26354217529297,-22.54718017578125
50,11,1,40.0714111328125,-17.033180236816406
50,12,0,77.86820220947266,-22.627670288085938
50,12,1,40.20404052734375,-17.217750549316406
50,13,0,77.47660827636719,-22.707500457763672
50,13,1,40.335601806640625,-17.40212059020996
50,14,0,77.0901107788086,-22.786239624023438
50,14,1,40.465980529785156,-17.58637046813965
50,15,0,76.70770263671875,-22.864139556884766
50,15,1,40.59566116333008,-17.77128028869629
50,16,0,76.32987976074219,-22.940500259399414
50,16,1,40.724281311035156,-17.956180572509766
50,17,0,75.95674896240234,-23.016529083251953
50,17,1,40.85150146484375,-18.140790939331055
50,18,0,75.5895767211914,-23.09160041809082
50,18,1,40.977569580078125,-18.32508087158203
50,19,0,75.22846984863281,-23.165590286254883
50,19,1,41.10240936279297,-18.509069442749023
50,20,0,74.87464904785156,-23.23843002319336
50,20,1,41.22608947753906,-18.692930221557617
50,21,0,74.52783966064453,-23.309789657592773
50,21,1,41.348270416259766,-18.876310348510742
50,22,0,74.18894958496094,-23.379169464111328
50,22,1,41.46892166137695,-19.059139251708984
50,23,0,73.85841369628906,-23.447040557861328
50,23,1,41.58803939819336,-19.241390228271484
50,24,0,73.5356216430664,-23.513330459594727
50,24,1,41.706058502197266,-19.423259735107422
50,25,0,73.22071838378906,-23.57809066772461
50,25,1,41.82273864746094,-19.604530334472656
50,26,0,72.91490173339844,-23.64134979248047
50,26,1,41.937950134277344,-19.785320281982422
50,27,0,72.61831665039062,-23.702320098876953
50,27,1,42.05175018310547,-19.9654598236084
50,28,0,72.33175659179688,-23.7618408203125
50,28,1,42.164039611816406,-20.144939422607422
50,29,0,72.05368041992188,-23.819639205932617
50,29,1,42.27531051635742,-20.323789596557617
50,30,0,71.78402709960938,-23.875659942626953
50,30,1,42.385318756103516,-20.502010345458984
50,31,0,71.52317810058594,-23.929880142211914
50,31,1,42.494258880615234,-20.679790496826172
50,32,0,71.2709732055664,-23.982290267944336
50,32,1,42.60203170776367,-20.857099533081055
50,33,0,71.02774047851562,-24.032590866088867
50,33,1,42.708778381347656,-21.0339298248291
50,34,0,70.79167175292969,-24.081220626831055
50,34,1,42.81452941894531,-21.2101993560791
50,35,0,70.56390380859375,-24.128620147705078
50,35,1,42.919288635253906,-21.385969161987305
50,36,0,70.3440933227539,-24.17452049255371
50,36,1,43.02333068847656,-21.5615291595459
50,37,0,70.13272857666016,-24.2197208404541
50,37,1,43.12685012817383,-21.7368106842041
50,38,0,69.93087768554688,-24.263429641723633
50,38,1,43.22972106933594,-21.91172981262207
50,39,0,69.73680114746094,-24.305400848388672
50,39,1,43.332191467285156,-22.08629035949707
50,40,0,69.54939270019531,-24.346139907836914
50,40,1,43.43431854248047,-22.260570526123047
50,41,0,69.3685073852539,-24.38524055480957
50,41,1,43.53623962402344,-22.434480667114258
50,42,0,69.19583892822266,-24.423070907592773
50,42,1,43.6380615234375,-22.607789993286133
50,43,0,69.0318832397461,-24.458650588989258
50,43,1,43.73973846435547,-22.780550003051758
50,44,0,68.8762435913086,-24.493080139160156
50,44,1,43.841529846191406,-22.952810287475586
50,45,0,68.72711944580078,-24.526399612426758
50,45,1,43.94342041015625,-23.124610900878906
50,46,0,68.58616638183594,-24.55879020690918
50,46,1,44.04553985595703,-23.295909881591797
50,47,0,68.45204162597656,-24.590360641479492
50,47,1,44.1480598449707,-23.46674919128418
50,48,0,68.3250732421875,-24.621509552001953
50,48,1,44.251129150390625,-23.63714027404785
50,49,0,68.20449829101562,-24.651229858398438
50,49,1,44.35464096069336,-23.807039260864258
50,50,0,68.09004211425781,-24.679359436035156
50,50,1,44.45819091796875,-23.97612953186035
50,51,0,67.98171997070312,-24.705669403076172
50,51,1,44.56227111816406,-24.144500732421875
50,52,0,67.87963104248047,-24.72899055480957
50,52,1,44.66735076904297,-24.311460494995117
50,53,0,67.78404235839844,-24.751079559326172
50,53,1,44.77362060546875,-24.477519989013672
50,54,0,67.69416046142578,-24.77164077758789
50,54,1,44.8814582824707,-24.642539978027344
50,55,0,67.61015319824219,-24.789499282836914
50,55,1,44.99042892456055,-24.806570053100586
50,56,0,67.53185272216797,-24.808359146118164
50,56,1,45.10076141357422,-24.96954917907715
50,57,0,67.45851135253906,-24.82826042175293
50,57,1,45.21242904663086,-25.131650924682617
50,58,0,67.39083862304688,-24.84708023071289
50,58,1,45.32558822631836,-25.292999267578125
50,59,0,67.32862091064453,-24.86482048034668
50,59,1,45.440181732177734,-25.452899932861328
50,60,0,67.2716293334961,-24.880630493164062
50,60,1,45.556270599365234,-25.611299514770508
50,61,0,67.2185287475586,-24.895050048828125
50,61,1,45.67382049560547,-25.768129348754883
50,62,0,67.16966247558594,-24.90797996520996
50,62,1,45.792911529541016,-25.923200607299805
50,63,0,67.12467956542969,-24.919429779052734
50,63,1,45.91326904296875,-26.076400756835938
50,64,0,67.08280944824219,-24.929519653320312
50,64,1,46.03517150878906,-26.227569580078125
50,65,0,67.04440307617188,-24.938690185546875
50,65,1,46.15837097167969,-26.376680374145508
50,66,0,67.00804138183594,-24.947219848632812
50,66,1,46.28287124633789,-26.52362060546875
50,67,0,66.97247314453125,-24.95539093017578
50,67,1,46.40869140625,-26.6683406829834
50,68,0,66.93824768066406,-24.96295928955078
50,68,1,46.53601837158203,-26.810640335083008
50,69,0,66.90599060058594,-24.969690322875977
50,69,1,46.66463851928711,-26.950660705566406
50,70,0,66.8738784790039,-24.975980758666992
50,70,1,46.79460906982422,-27.088109970092773
50,71,0,66.84184265136719,-24.98175048828125
50,71,1,46.92573928833008,-27.22308921813965
50,72,0,66.81085968017578,-24.987520217895508
50,72,1,47.0583381652832,-27.35508918762207
50,73,0,66.77934265136719,-24.993640899658203
50,73,1,47.191978454589844,-27.48434066772461
50,74,0,66.74878692626953,-24.99867057800293
50,74,1,47.32659149169922,-27.61063003540039
50,75,0,66.71941375732422,-25.003070831298828
50,75,1,47.46192932128906,-27.73409080505371
50,76,0,66.691162109375,-25.00943946838379
50,76,1,47.59777069091797,-27.854759216308594
50,77,0,66.66340637207031,-25.01791000366211
50,77,1,47.73379898071289,-27.972679138183594
50,78,0,66.63591003417969,-25.02672004699707
50,78,1,47.87004089355469,-28.087629318237305
50,79,0,66.60784149169922,-25.03520965576172
50,79,1,48.00653076171875,-28.199119567871094
50,80,0,66.58197784423828,-25.04262924194336
50,80,1,48.14271926879883,-28.307680130004883
50,81,0,66.5588607788086,-25.04973030090332
50,81,1,48.278629302978516,-28.413070678710938
50,82,0,66.5372085571289,-25.056900024414062
50,82,1,48.413978576660156,-28.515260696411133
50,83,0,66.51725769042969,-25.063180923461914
50,83,1,48.54854965209961,-28.614200592041016
50,84,0,66.49803924560547,-25.069780349731445
50,84,1,48.68218994140625,-28.70989990234375
50,85,0,66.47818756103516,-25.076190948486328
50,85,1,48.814849853515625,-28.802370071411133
50,86,0,66.45819091796875,-25.082319259643555
50,86,1,48.94649887084961,-28.89164924621582
50,87,0,66.43768310546875,-25.08827018737793
50,87,1,49.076900482177734,-28.977649688720703
50,88,0,66.41567993164062,-25.095260620117188
50,88,1,49.20602035522461,-29.0601806640625
50,89,0,66.39064025878906,-25.10283088684082
50,89,1,49.3337287902832,-29.13945960998535
50,90,0,66.36624908447266,-25.109989166259766
50,90,1,49.4598388671875,-29.215469360351562
50,91,0,66.34085083007812,-25.116310119628906
50,91,1,49.5842399597168,-29.28799057006836
50,92,0,66.31405639648438,-25.122779846191406
50,92,1,49.70703887939453,-29.35742950439453
50,93,0,66.28518676757812,-25.129600524902344
50,93,1,49.828208923339844,-29.42371940612793
50,94,0,66.25517272949219,-25.1364803314209
50,94,1,49.947540283203125,-29.487079620361328
50,95,0,66.22251892089844,-25.144710540771484
50,95,1,50.065189361572266,-29.54743003845215
50,96,0,66.1871337890625,-25.154329299926758
50,96,1,50.18101119995117,-29.604930877685547
50,97,0,66.14877319335938,-25.165409088134766
50,97,1,50.295230865478516,-29.659820556640625
50,98,0,66.10768127441406,-25.177019119262695
50,98,1,50.40787887573242,-29.71211051940918
50,99,0,66.064453125,-25.189929962158203
50,99,1,50.51919937133789,-29.76201057434082
51,0,0,43.01287078857422,-32.19485855102539
51,0,1,92.58674621582031,-19.171329498291016
51,1,0,43.137760162353516,-32.17393112182617
51,1,1,92.36804962158203,-19.206939697265625
51,2,0,43.26628112792969,-32.152549743652344
51,2,1,92.14906311035156,-19.242839813232422
51,3,0,43.39841842651367,-32.13039016723633
51,3,1,91.92974090576172,-19.278919219970703
51,4,0,43.533668518066406,-32.10803985595703
51,4,1,91.70973205566406,-19.31529998779297
51,5,0,43.671810150146484,-32.085628509521484
51,5,1,91.48809051513672,-19.35232925415039
51,6,0,43.81232833862305,-32.06248092651367
51,6,1,91.26519012451172,-19.389780044555664
51,7,0,43.95518112182617,-32.039268493652344
51,7,1,91.04177856445312,-19.427520751953125
51,8,0,44.10054016113281,-32.015769958496094
51,8,1,90.81820678710938,-19.465320587158203
51,9,0,44.248409271240234,-31.99180030822754
51,9,1,90.59451293945312,-19.503339767456055
51,10,0,44.399051666259766,-31.967350006103516
51,10,1,90.37098693847656,-19.54145050048828
51,11,0,44.551231384277344,-31.94247055053711
51,11,1,90.14778137207031,-19.579669952392578
51,12,0,44.70532989501953,-31.916879653930664
51,12,1,89.92440795898438,-19.618030548095703
51,13,0,44.861228942871094,-31.890600204467773
51,13,1,89.70136260986328,-19.65645980834961
51,14,0,45.01993179321289,-31.86396026611328
51,14,1,89.47807312011719,-19.695159912109375
51,15,0,45.180728912353516,-31.836889266967773
51,15,1,89.25482177734375,-19.733959197998047
51,16,0,45.34442138671875,-31.809669494628906
51,16,1,89.03166198730469,-19.772899627685547
51,17,0,45.5106315612793,-31.78227996826172
51,17,1,88.80879211425781,-19.81184959411621
51,18,0,45.68040084838867,-31.754560470581055
51,18,1,88.58602142333984,-19.850849151611328
51,19,0,45.85272979736328,-31.726139068603516
51,19,1,88.36315155029297,-19.890060424804688
51,20,0,46.02756881713867,-31.697500228881836
51,20,1,88.14015197753906,-19.929410934448242
51,21,0,46.204769134521484,-31.668500900268555
51,21,1,87.91715240478516,-19.96895980834961
51,22,0,46.38357925415039,-31.63903045654297
51,22,1,87.6940689086914,-20.008630752563477
51,23,0,46.56406021118164,-31.609500885009766
51,23,1,87.47061920166016,-20.04850959777832
51,24,0,46.7470703125,-31.579540252685547
51,24,1,87.24688720703125,-20.088529586791992
51,25,0,46.932430267333984,-31.549339294433594
51,25,1,87.0229263305664,-20.12877082824707
51,26,0,47.11957931518555,-31.518760681152344
51,26,1,86.79904174804688,-20.16914939880371
51,27,0,47.309051513671875,-31.487829208374023
51,27,1,86.5751724243164,-20.209659576416016
51,28,0,47.50086975097656,-31.45655059814453
51,28,1,86.35147857666016,-20.2503604888916
51,29,0,47.69480895996094,-31.424800872802734
51,29,1,86.1279067993164,-20.291240692138672
51,30,0,47.89088821411133,-31.39299964904785
51,30,1,85.90461730957031,-20.33218002319336
51,31,0,48.089168548583984,-31.36090087890625
51,31,1,85.68135070800781,-20.373310089111328
51,32,0,48.28886032104492,-31.328229904174805
51,32,1,85.45816802978516,-20.41451072692871
51,33,0,48.49100112915039,-31.29524040222168
51,33,1,85.23502349853516,-20.45595932006836
51,34,0,48.694580078125,-31.26198959350586
51,34,1,85.01216888427734,-20.497499465942383
51,35,0,48.89908981323242,-31.228870391845703
51,35,1,84.78997802734375,-20.539079666137695
51,36,0,49.10506820678711,-31.1954402923584
51,36,1,84.56867980957031,-20.580549240112305
51,37,0,49.311370849609375,-31.161840438842773
51,37,1,84.34847259521484,-20.621980667114258
51,38,0,49.51789855957031,-31.12837028503418
51,38,1,84.12904357910156,-20.66345977783203
51,39,0,49.72447967529297,-31.094789505004883
51,39,1,83.91069030761719,-20.70486068725586
51,40,0,49.93088150024414,-31.060739517211914
51,40,1,83.69309997558594,-20.746320724487305
51,41,0,50.13785171508789,-31.02737045288086
51,41,1,83.47630310058594,-20.787799835205078
51,42,0,50.34489059448242,-30.99418067932129
51,42,1,83.26029205322266,-20.829349517822266
51,43,0,50.551910400390625,-30.960159301757812
51,43,1,83.04469299316406,-20.871049880981445
51,44,0,50.75946044921875,-30.925819396972656
51,44,1,82.82923126220703,-20.91301918029785
51,45,0,50.96744155883789,-30.891050338745117
51,45,1,82.61373138427734,-20.955320358276367
51,46,0,51.17544937133789,-30.856109619140625
51,46,1,82.39803314208984,-20.997970581054688
51,47,0,51.38446044921875,-30.82162094116211
51,47,1,82.18216705322266,-21.040939331054688
51,48,0,51.59440994262695,-30.787630081176758
51,48,1,81.9663314819336,-21.084270477294922
51,49,0,51.80521011352539,-30.75385093688965
51,49,1,81.75051879882812,-21.12788963317871
51,50,0,52.0169792175293,-30.720369338989258
51,50,1,81.5344467163086,-21.1718692779541
51,51,0,52.23003005981445,-30.686309814453125
51,51,1,81.31880187988281,-21.2160701751709
51,52,0,52.4445686340332,-30.65192985534668
51,52,1,81.1034164428711,-21.260549545288086
51,53,0,52.66094970703125,-30.616910934448242
51,53,1,80.88867950439453,-21.305219650268555
51,54,0,52.879451751708984,-30.581090927124023
51,54,1,80.67456817626953,-21.35004997253418
51,55,0,53.100650787353516,-30.544219970703125
51,55,1,80.46127319335938,-21.395090103149414
51,56,0,53.32381057739258,-30.50676918029785
51,56,1,80.24873352050781,-21.440309524536133
51,57,0,53.54957962036133,-30.468849182128906
51,57,1,80.03704833984375,-21.485580444335938
51,58,0,53.77790832519531,-30.430879592895508
51,58,1,79.82636260986328,-21.531030654907227
51,59,0,54.009159088134766,-30.39189910888672
51,59,1,79.61650085449219,-21.576669692993164
51,60,0,54.243038177490234,-30.35256004333496
51,60,1,79.40706634521484,-21.622730255126953
51,61,0,54.4794807434082,-30.312910079956055
51,61,1,79.19837188720703,-21.669069290161133
51,62,0,54.71866989135742,-30.272689819335938
51,62,1,78.99017333984375,-21.71578025817871
51,63,0,54.95988845825195,-30.232009887695312
51,63,1,78.78291320800781,-21.762680053710938
51,64,0,55.204471588134766,-30.1907901763916
51,64,1,78.57647705078125,-21.809860229492188
51,65,0,55.45225143432617,-30.148550033569336
51,65,1,78.3702392578125,-21.857479095458984
51,66,0,55.702701568603516,-30.105310440063477
51,66,1,78.16407012939453,-21.905569076538086
51,67,0,55.955570220947266,-30.06147003173828
51,67,1,77.95832824707031,-21.954029083251953
51,68,0,56.210479736328125,-30.01728057861328
51,68,1,77.75328063964844,-22.002809524536133
51,69,0,56.468528747558594,-29.9722900390625
51,69,1,77.54827880859375,-22.052169799804688
51,70,0,56.72978973388672,-29.926420211791992
51,70,1,77.3433609008789,-22.102060317993164
51,71,0,56.99496841430664,-29.87972068786621
51,71,1,77.138427734375,-22.152530670166016
51,72,0,57.25584030151367,-29.83392906188965
51,72,1,76.93318939208984,-22.203609466552734
51,73,0,57.519439697265625,-29.78754997253418
51,73,1,76.72831726074219,-22.255109786987305
51,74,0,57.786930084228516,-29.7406005859375
51,74,1,76.52348327636719,-22.307140350341797
51,75,0,58.05796813964844,-29.69304084777832
51,75,1,76.31851959228516,-22.35972023010254
51,76,0,58.33216857910156,-29.644489288330078
51,76,1,76.11316680908203,-22.41288948059082
51,77,0,58.61016845703125,-29.594879150390625
51,77,1,75.90762329101562,-22.466489791870117
51,78,0,58.89120864868164,-29.54439926147461
51,78,1,75.70211791992188,-22.520429611206055
51,79,0,59.1751594543457,-29.493019104003906
51,79,1,75.49653625488281,-22.57472038269043
51,80,0,59.46269989013672,-29.440570831298828
51,80,1,75.29045104980469,-22.629520416259766
51,81,0,59.75339889526367,-29.3868408203125
51,81,1,75.08415985107422,-22.684669494628906
51,82,0,60.04716873168945,-29.332889556884766
51,82,1,74.87789154052734,-22.740079879760742
51,83,0,60.3448600769043,-29.278209686279297
51,83,1,74.67157745361328,-22.795700073242188
51,84,0,60.64664077758789,-29.222450256347656
51,84,1,74.46587371826172,-22.851240158081055
51,85,0,60.95207977294922,-29.165679931640625
51,85,1,74.26058959960938,-22.906660079956055
51,86,0,61.260948181152344,-29.107709884643555
51,86,1,74.05535888671875,-22.96204948425293
51,87,0,61.57463836669922,-29.048189163208008
51,87,1,73.85076904296875,-23.017200469970703
51,88,0,61.89353942871094,-28.98723030090332
51,88,1,73.64678955078125,-23.071969985961914
51,89,0,62.220699310302734,-28.924129486083984
51,89,1,73.44310760498047,-23.126440048217773
51,90,0,62.564208984375,-28.857179641723633
51,90,1,73.23953247070312,-23.180660247802734
51,91,0,62.90333938598633,-28.7903995513916
51,91,1,73.03592681884766,-23.23464012145996
51,92,0,63.23611831665039,-28.724430084228516
51,92,1,72.8325424194336,-23.288339614868164
51,93,0,63.566898345947266,-28.66016960144043
51,93,1,72.62937927246094,-23.341690063476562
51,94,0,63.89604949951172,-28.59638023376465
51,94,1,72.42635345458984,-23.394649505615234
51,95,0,64.22427368164062,-28.532779693603516
51,95,1,72.22347259521484,-23.44721031188965
51,96,0,64.55146026611328,-28.469270706176758
51,96,1,72.020751953125,-23.499309539794922
51,97,0,64.87793731689453,-28.405410766601562
51,97,1,71.8182601928711,-23.55091094970703
51,98,0,65.20443725585938,-28.341169357299805
51,98,1,71.61585235595703,-23.60202980041504
51,99,0,65.53083038330078,-28.276470184326172
51,99,1,71.41368103027344,-23.65258026123047
52,0,0,23.02021026611328,-34.294490814208984
52,0,1,92.3306884765625,-18.91883087158203
52,1,0,23.24152946472168,-34.27220153808594
52,1,1,92.10897064208984,-18.956409454345703
52,2,0,23.463159561157227,-34.24924087524414
52,2,1,91.88661193847656,-18.994430541992188
52,3,0,23.685779571533203,-34.226680755615234
52,3,1,91.66364288330078,-19.032840728759766
52,4,0,23.908430099487305,-34.20301818847656
52,4,1,91.4405288696289,-19.071409225463867
52,5,0,24.131900787353516,-34.180938720703125
52,5,1,91.21713256835938,-19.11035919189453
52,6,0,24.355680465698242,-34.159358978271484
52,6,1,90.99337005615234,-19.149410247802734
52,7,0,24.579429626464844,-34.13737869262695
52,7,1,90.76959991455078,-19.18885040283203
52,8,0,24.803359985351562,-34.11532974243164
52,8,1,90.54573822021484,-19.228679656982422
52,9,0,25.027170181274414,-34.09272003173828
52,9,1,90.32135009765625,-19.268779754638672
52,10,0,25.251619338989258,-34.06977844238281
52,10,1,90.0970687866211,-19.309249877929688
52,11,0,25.47551918029785,-34.04682159423828
52,11,1,89.87284851074219,-19.350109100341797
52,12,0,25.69961929321289,-34.02402877807617
52,12,1,89.64881896972656,-19.39130973815918
52,13,0,25.923860549926758,-34.00130081176758
52,13,1,89.42497253417969,-19.432710647583008
52,14,0,26.148099899291992,-33.978309631347656
52,14,1,89.20127868652344,-19.47446060180664
52,15,0,26.372760772705078,-33.95532989501953
52,15,1,88.97766876220703,-19.516399383544922
52,16,0,26.597700119018555,-33.93183898925781
52,16,1,88.75424194335938,-19.558679580688477
52,17,0,26.822629928588867,-33.90802001953125
52,17,1,88.53102111816406,-19.601289749145508
52,18,0,27.047889709472656,-33.88423156738281
52,18,1,88.30814361572266,-19.643970489501953
52,19,0,27.273710250854492,-33.86022186279297
52,19,1,88.08560943603516,-19.686840057373047
52,20,0,27.499540328979492,-33.83631896972656
52,20,1,87.86328887939453,-19.72998046875
52,21,0,27.725139617919922,-33.811790466308594
52,21,1,87.64131164550781,-19.773130416870117
52,22,0,27.9514102935791,-33.78678894042969
52,22,1,87.41961669921875,-19.81648063659668
52,23,0,28.178110122680664,-33.761558532714844
52,23,1,87.19831848144531,-19.859970092773438
52,24,0,28.404830932617188,-33.73598098754883
52,24,1,86.97737121582031,-19.903589248657227
52,25,0,28.631380081176758,-33.710208892822266
52,25,1,86.75685119628906,-19.94713020324707
52,26,0,28.858379364013672,-33.68387985229492
52,26,1,86.5367431640625,-19.990680694580078
52,27,0,29.085660934448242,-33.65768051147461
52,27,1,86.31712341308594,-20.034120559692383
52,28,0,29.313419342041016,-33.63100814819336
52,28,1,86.09793853759766,-20.077539443969727
52,29,0,29.541019439697266,-33.60472869873047
52,29,1,85.8791275024414,-20.120859146118164
52,30,0,29.76818084716797,-33.57876968383789
52,30,1,85.66036987304688,-20.16423988342285
52,31,0,29.99505043029785,-33.5530891418457
52,31,1,85.44168090820312,-20.207590103149414
52,32,0,30.221769332885742,-33.5270881652832
52,32,1,85.22335815429688,-20.250900268554688
52,33,0,30.44852066040039,-33.50065994262695
52,33,1,85.00540924072266,-20.294090270996094
52,34,0,30.6754093170166,-33.473670959472656
52,34,1,84.78768157958984,-20.33711051940918
52,35,0,30.9027099609375,-33.4469108581543
52,35,1,84.5703125,-20.3799991607666
52,36,0,31.129989624023438,-33.42039108276367
52,36,1,84.35337829589844,-20.422670364379883
52,37,0,31.357149124145508,-33.39419174194336
52,37,1,84.13670349121094,-20.46525001525879
52,38,0,31.58456039428711,-33.36817932128906
52,38,1,83.92021179199219,-20.50790023803711
52,39,0,31.811599731445312,-33.34273147583008
52,39,1,83.70404052734375,-20.550460815429688
52,40,0,32.037899017333984,-33.316001892089844
52,40,1,83.48818969726562,-20.592870712280273
52,41,0,32.26329040527344,-33.28932189941406
52,41,1,83.27262878417969,-20.635290145874023
52,42,0,32.48802185058594,-33.26346969604492
52,42,1,83.05738830566406,-20.677780151367188
52,43,0,32.712188720703125,-33.23799133300781
52,43,1,82.84246063232422,-20.720260620117188
52,44,0,32.935768127441406,-33.21187973022461
52,44,1,82.62770080566406,-20.762859344482422
52,45,0,33.15858840942383,-33.18574142456055
52,45,1,82.41329956054688,-20.80544090270996
52,46,0,33.38079071044922,-33.159141540527344
52,46,1,82.19922637939453,-20.847990036010742
52,47,0,33.6025505065918,-33.132911682128906
52,47,1,81.98554229736328,-20.8906307220459
52,48,0,33.823890686035156,-33.10643005371094
52,48,1,81.77210998535156,-20.933300018310547
52,49,0,34.044639587402344,-33.07978057861328
52,49,1,81.55890655517578,-20.976089477539062
52,50,0,34.26506042480469,-33.05303955078125
52,50,1,81.34565734863281,-21.019039154052734
52,51,0,34.4853401184082,-33.0258903503418
52,51,1,81.1326675415039,-21.06209945678711
52,52,0,34.70545959472656,-32.99967956542969
52,52,1,80.91999816894531,-21.105300903320312
52,53,0,34.924259185791016,-32.97370910644531
52,53,1,80.70752716064453,-21.148609161376953
52,54,0,35.14223861694336,-32.94717025756836
52,54,1,80.49524688720703,-21.19219970703125
52,55,0,35.35919952392578,-32.920738220214844
52,55,1,80.28338623046875,-21.235910415649414
52,56,0,35.57794952392578,-32.8940315246582
52,56,1,80.07195281982422,-21.27985954284668
52,57,0,35.8005485534668,-32.86650085449219
52,57,1,79.86083221435547,-21.324209213256836
52,58,0,36.0235481262207,-32.83893966674805
52,58,1,79.6500015258789,-21.368940353393555
52,59,0,36.246219635009766,-32.811729431152344
52,59,1,79.43955993652344,-21.41398048400879
52,60,0,36.46786880493164,-32.78451919555664
52,60,1,79.22904205322266,-21.45948028564453
52,61,0,36.6888313293457,-32.7563591003418
52,61,1,79.01889038085938,-21.505420684814453
52,62,0,36.90909957885742,-32.728370666503906
52,62,1,78.80911254882812,-21.55171012878418
52,63,0,37.129249572753906,-32.70029067993164
52,63,1,78.59980010986328,-21.598430633544922
52,64,0,37.34878921508789,-32.671600341796875
52,64,1,78.39089965820312,-21.64558982849121
52,65,0,37.56772994995117,-32.642578125
52,65,1,78.18238830566406,-21.693140029907227
52,66,0,37.786590576171875,-32.61354064941406
52,66,1,77.97445678710938,-21.74098014831543
52,67,0,38.00580978393555,-32.5850715637207
52,67,1,77.76721954345703,-21.789220809936523
52,68,0,38.225650787353516,-32.556358337402344
52,68,1,77.56050109863281,-21.83786964416504
52,69,0,38.445220947265625,-32.527931213378906
52,69,1,77.35440826416016,-21.886930465698242
52,70,0,38.6656494140625,-32.498451232910156
52,70,1,77.1489486694336,-21.936359405517578
52,71,0,38.88631057739258,-32.46868896484375
52,71,1,76.94413757324219,-21.9862003326416
52,72,0,39.107200622558594,-32.438899993896484
52,72,1,76.74006652832031,-22.03639030456543
52,73,0,39.328208923339844,-32.40802001953125
52,73,1,76.5367431640625,-22.086870193481445
52,74,0,39.548770904541016,-32.376041412353516
52,74,1,76.33397674560547,-22.137649536132812
52,75,0,39.76959991455078,-32.34428024291992
52,75,1,76.1319580078125,-22.188629150390625
52,76,0,39.99116134643555,-32.31304931640625
52,76,1,75.93032836914062,-22.23996925354004
52,77,0,40.213539123535156,-32.281761169433594
52,77,1,75.72930145263672,-22.291549682617188
52,78,0,40.43669128417969,-32.24932098388672
52,78,1,75.52880859375,-22.34343910217285
52,79,0,40.6604118347168,-32.21677017211914
52,79,1,75.32913970947266,-22.395509719848633
52,80,0,40.88526153564453,-32.183841705322266
52,80,1,75.13011932373047,-22.4477596282959
52,81,0,41.11088943481445,-32.151119232177734
52,81,1,74.9314193725586,-22.5002498626709
52,82,0,41.338199615478516,-32.118221282958984
52,82,1,74.73346710205078,-22.552810668945312
52,83,0,41.567440032958984,-32.08517837524414
52,83,1,74.53611755371094,-22.605430603027344
52,84,0,41.79890060424805,-32.0508918762207
52,84,1,74.33920288085938,-22.658109664916992
52,85,0,42.032020568847656,-32.01554870605469
52,85,1,74.14298248291016,-22.710739135742188
52,86,0,42.267578125,-31.979490280151367
52,86,1,73.94731140136719,-22.763320922851562
52,87,0,42.5047492980957,-31.943269729614258
52,87,1,73.75218963623047,-22.815799713134766
52,88,0,42.74335861206055,-31.906219482421875
52,88,1,73.5577163696289,-22.868120193481445
52,89,0,42.983341217041016,-31.870100021362305
52,89,1,73.36357116699219,-22.920330047607422
52,90,0,43.225341796875,-31.833410263061523
52,90,1,73.17001342773438,-22.972309112548828
52,91,0,43.46794891357422,-31.796459197998047
52,91,1,72.97669219970703,-23.02412986755371
52,92,0,43.71229934692383,-31.759180068969727
52,92,1,72.7836685180664,-23.075830459594727
52,93,0,43.95840072631836,-31.721580505371094
52,93,1,72.5909194946289,-23.127300262451172
52,94,0,44.2061882019043,-31.68354034423828
52,94,1,72.39839935302734,-23.178590774536133
52,95,0,44.45537185668945,-31.644559860229492
52,95,1,72.20600128173828,-23.229629516601562
52,96,0,44.70615005493164,-31.605749130249023
52,96,1,72.0138931274414,-23.28050994873047
52,97,0,44.958900451660156,-31.567550659179688
52,97,1,71.82189178466797,-23.331249237060547
52,98,0,45.21350860595703,-31.528799057006836
52,98,1,71.63002014160156,-23.3818302154541
52,99,0,45.470218658447266,-31.4906005859375
52,99,1,71.43804931640625,-23.432260513305664
53,0,0,84.5703125,-20.3799991607666
53,0,1,15.228440284729004,-37.69916915893555
53,1,0,84.35337829589844,-20.422670364379883
53,1,1,15.439080238342285,-37.636070251464844
53,2,0,84.13670349121094,-20.46525001525879
53,2,1,15.652990341186523,-37.57231903076172
53,3,0,83.92021179199219,-20.50790023803711
53,3,1,15.869039535522461,-37.50802993774414
53,4,0,83.70404052734375,-20.550460815429688
53,4,1,16.087799072265625,-37.443050384521484
53,5,0,83.48818969726562,-20.592870712280273
53,5,1,16.308210372924805,-37.37712097167969
53,6,0,83.27262878417969,-20.635290145874023
53,6,1,16.530590057373047,-37.311378479003906
53,7,0,83.05738830566406,-20.677780151367188
53,7,1,16.755029678344727,-37.24626159667969
53,8,0,82.84246063232422,-20.720260620117188
53,8,1,16.98162078857422,-37.181640625
53,9,0,82.62770080566406,-20.762859344482422
53,9,1,17.210529327392578,-37.117408752441406
53,10,0,82.41329956054688,-20.80544090270996
53,10,1,17.44116973876953,-37.05371856689453
53,11,0,82.19922637939453,-20.847990036010742
53,11,1,17.672199249267578,-36.9909782409668
53,12,0,81.98554229736328,-20.8906307220459
53,12,1,17.90397071838379,-36.92918014526367
53,13,0,81.77210998535156,-20.933300018310547
53,13,1,18.135820388793945,-36.86769104003906
53,14,0,81.55890655517578,-20.976089477539062
53,14,1,18.3675594329834,-36.807640075683594
53,15,0,81.34565734863281,-21.019039154052734
53,15,1,18.600000381469727,-36.747169494628906
53,16,0,81.1326675415039,-21.06209945678711
53,16,1,18.833030700683594,-36.68743896484375
53,17,0,80.91999816894531,-21.105300903320312
53,17,1,19.066049575805664,-36.6279411315918
53,18,0,80.70752716064453,-21.148609161376953
53,18,1,19.299619674682617,-36.56877899169922
53,19,0,80.49524688720703,-21.19219970703125
53,19,1,19.533519744873047,-36.5107307434082
53,20,0,80.28338623046875,-21.235910415649414
53,20,1,19.76824951171875,-36.45357894897461
53,21,0,80.07195281982422,-21.27985954284668
53,21,1,20.004209518432617,-36.396968841552734
53,22,0,79.86083221435547,-21.324209213256836
53,22,1,20.241029739379883,-36.340641021728516
53,23,0,79.6500015258789,-21.368940353393555
53,23,1,20.478620529174805,-36.28522872924805
53,24,0,79.43955993652344,-21.41398048400879
53,24,1,20.716829299926758,-36.23099899291992
53,25,0,79.22904205322266,-21.45948028564453
53,25,1,20.955320358276367,-36.17768096923828
53,26,0,79.01889038085938,-21.505420684814453
53,26,1,21.193729400634766,-36.12474822998047
53,27,0,78.80911254882812,-21.55171012878418
53,27,1,21.430940628051758,-36.07244110107422
53,28,0,78.59980010986328,-21.598430633544922
53,28,1,21.66929054260254,-36.02056884765625
53,29,0,78.39089965820312,-21.64558982849121
53,29,1,21.906770706176758,-35.96931838989258
53,30,0,78.18238830566406,-21.693140029907227
53,30,1,22.143909454345703,-35.918418884277344
53,31,0,77.97445678710938,-21.74098014831543
53,31,1,22.38031005859375,-35.86735916137695
53,32,0,77.76721954345703,-21.789220809936523
53,32,1,22.61672019958496,-35.816650390625
53,33,0,77.56050109863281,-21.83786964416504
53,33,1,22.853670120239258,-35.765968322753906
53,34,0,77.35440826416016,-21.886930465698242
53,34,1,23.09052085876465,-35.7138786315918
53,35,0,77.1489486694336,-21.936359405517578
53,35,1,23.328899383544922,-35.66122817993164
53,36,0,76.94413757324219,-21.9862003326416
53,36,1,23.567100524902344,-35.60976028442383
53,37,0,76.74006652832031,-22.03639030456543
53,37,1,23.80413055419922,-35.55997085571289
53,38,0,76.5367431640625,-22.086870193481445
53,38,1,24.040449142456055,-35.51131057739258
53,39,0,76.33397674560547,-22.137649536132812
53,39,1,24.277360916137695,-35.46377182006836
53,40,0,76.1319580078125,-22.188629150390625
53,40,1,24.513540267944336,-35.41617965698242
53,41,0,75.93032836914062,-22.23996925354004
53,41,1,24.750490188598633,-35.36954879760742
53,42,0,75.72930145263672,-22.291549682617188
53,42,1,24.98719024658203,-35.32368087768555
53,43,0,75.52880859375,-22.34343910217285
53,43,1,25.223360061645508,-35.27814865112305
53,44,0,75.32913970947266,-22.395509719848633
53,44,1,25.45931053161621,-35.232879638671875
53,45,0,75.13011932373047,-22.4477596282959
53,45,1,25.695459365844727,-35.18782043457031
53,46,0,74.9314193725586,-22.5002498626709
53,46,1,25.931400299072266,-35.1432991027832
53,47,0,74.73346710205078,-22.552810668945312
53,47,1,26.16761016845703,-35.09822082519531
53,48,0,74.53611755371094,-22.605430603027344
53,48,1,26.404460906982422,-35.0530891418457
53,49,0,74.33920288085938,-22.658109664916992
53,49,1,26.64175033569336,-35.00815963745117
53,50,0,74.14298248291016,-22.710739135742188
53,50,1,26.8797607421875,-34.96345138549805
53,51,0,73.94731140136719,-22.763320922851562
53,51,1,27.118120193481445,-34.91944122314453
53,52,0,73.75218963623047,-22.815799713134766
53,52,1,27.355329513549805,-34.876678466796875
53,53,0,73.5577163696289,-22.868120193481445
53,53,1,27.59234046936035,-34.83369064331055
53,54,0,73.36357116699219,-22.920330047607422
53,54,1,27.82887077331543,-34.79050827026367
53,55,0,73.17001342773438,-22.972309112548828
53,55,1,28.066049575805664,-34.74668884277344
53,56,0,72.97669219970703,-23.02412986755371
53,56,1,28.302200317382812,-34.7039909362793
53,57,0,72.7836685180664,-23.075830459594727
53,57,1,28.537830352783203,-34.6622314453125
53,58,0,72.5909194946289,-23.127300262451172
53,58,1,28.77496910095215,-34.61983108520508
53,59,0,72.39839935302734,-23.178590774536133
53,59,1,29.012250900268555,-34.5772590637207
53,60,0,72.20600128173828,-23.229629516601562
53,60,1,29.24856948852539,-34.53491973876953
53,61,0,72.0138931274414,-23.28050994873047
53,61,1,29.484189987182617,-34.492271423339844
53,62,0,71.82189178466797,-23.331249237060547
53,62,1,29.719640731811523,-34.450069427490234
53,63,0,71.63002014160156,-23.3818302154541
53,63,1,29.953750610351562,-34.408050537109375
53,64,0,71.43804931640625,-23.432260513305664
53,64,1,30.187530517578125,-34.366268157958984
53,65,0,71.2458267211914,-23.482580184936523
53,65,1,30.421369552612305,-34.32442092895508
53,66,0,71.05362701416016,-23.53265953063965
53,66,1,30.6553897857666,-34.282188415527344
53,67,0,70.86138916015625,-23.582500457763672
53,67,1,30.88916015625,-34.2388916015625
53,68,0,70.66871643066406,-23.632169723510742
53,68,1,31.122900009155273,-34.194881439208984
53,69,0,70.47579956054688,-23.68160057067871
53,69,1,31.35633087158203,-34.15182113647461
53,70,0,70.28253936767578,-23.7308292388916
53,70,1,31.58953094482422,-34.10918045043945
53,71,0,70.08894348144531,-23.779890060424805
53,71,1,31.821989059448242,-34.06618118286133
53,72,0,69.8949966430664,-23.8287296295166
53,72,1,32.05335998535156,-34.02328109741211
53,73,0,69.70091247558594,-23.87735939025879
53,73,1,32.28450012207031,-33.981231689453125
53,74,0,69.50637817382812,-23.925830841064453
53,74,1,32.51496124267578,-33.93880081176758
53,75,0,69.31147766113281,-23.974010467529297
53,75,1,32.744171142578125,-33.89630126953125
53,76,0,69.11676025390625,-24.021709442138672
53,76,1,32.97304153442383,-33.854530334472656
53,77,0,68.92179107666016,-24.069229125976562
53,77,1,33.201900482177734,-33.81275939941406
53,78,0,68.72633361816406,-24.116579055786133
53,78,1,33.43061828613281,-33.77109146118164
53,79,0,68.53093719482422,-24.1635799407959
53,79,1,33.65922164916992,-33.72911834716797
53,80,0,68.33558654785156,-24.210229873657227
53,80,1,33.88811111450195,-33.687679290771484
53,81,0,68.13934326171875,-24.2568302154541
53,81,1,34.11716842651367,-33.64638137817383
53,82,0,67.94316101074219,-24.303199768066406
53,82,1,34.34566879272461,-33.605411529541016
53,83,0,67.74707794189453,-24.3493595123291
53,83,1,34.5743408203125,-33.56414031982422
53,84,0,67.55094146728516,-24.395320892333984
53,84,1,34.80194854736328,-33.523040771484375
53,85,0,67.3549575805664,-24.440990447998047
53,85,1,35.02920150756836,-33.481910705566406
53,86,0,67.15956115722656,-24.486330032348633
53,86,1,35.255531311035156,-33.44083023071289
53,87,0,66.9643325805664,-24.531410217285156
53,87,1,35.480899810791016,-33.39950942993164
53,88,0,66.76969146728516,-24.57625961303711
53,88,1,35.70647048950195,-33.3580207824707
53,89,0,66.575439453125,-24.621009826660156
53,89,1,35.936439514160156,-33.316009521484375
53,90,0,66.38141632080078,-24.665660858154297
53,90,1,36.165679931640625,-33.27450942993164
53,91,0,66.18753051757812,-24.710119247436523
53,91,1,36.393978118896484,-33.2327995300293
53,92,0,65.99423217773438,-24.75429916381836
53,92,1,36.6220703125,-33.191368103027344
53,93,0,65.80137634277344,-24.798250198364258
53,93,1,36.84859848022461,-33.15019989013672
53,94,0,65.60784912109375,-24.842220306396484
53,94,1,37.074249267578125,-33.10948181152344
53,95,0,65.41414642333984,-24.885929107666016
53,95,1,37.29903030395508,-33.06911087036133
53,96,0,65.22019958496094,-24.929359436035156
53,96,1,37.52334976196289,-33.02922058105469
53,97,0,65.02593994140625,-24.97249984741211
53,97,1,37.747169494628906,-32.99005889892578
53,98,0,64.83132934570312,-25.01534080505371
53,98,1,37.97024917602539,-32.950801849365234
53,99,0,64.63629913330078,-25.057849884033203
53,99,1,38.19334030151367,-32.91212844848633
54,0,0,53.42668914794922,-29.132219314575195
54,0,1,90.72496032714844,-20.03359031677246
54,1,0,53.625301361083984,-29.18199920654297
54,1,1,90.59214782714844,-20.05817985534668
54,2,0,53.826171875,-29.229299545288086
54,2,1,90.4578628540039,-20.082630157470703
54,3,0,54.02922821044922,-29.273860931396484
54,3,1,90.32344818115234,-20.10771942138672
54,4,0,54.234519958496094,-29.315929412841797
54,4,1,90.18916320800781,-20.132749557495117
54,5,0,54.44179916381836,-29.35512924194336
54,5,1,90.0554428100586,-20.157909393310547
54,6,0,54.6508903503418,-29.39150047302246
54,6,1,89.9228286743164,-20.183059692382812
54,7,0,54.86198043823242,-29.42506980895996
54,7,1,89.79218292236328,-20.207799911499023
54,8,0,55.07482147216797,-29.455890655517578
54,8,1,89.66314697265625,-20.232990264892578
54,9,0,55.28968048095703,-29.483959197998047
54,9,1,89.5345687866211,-20.258180618286133
54,10,0,55.505611419677734,-29.509469985961914
54,10,1,89.40762329101562,-20.283039093017578
54,11,0,55.72306823730469,-29.53289031982422
54,11,1,89.2821273803711,-20.307680130004883
54,12,0,55.94198989868164,-29.5537109375
54,12,1,89.15869903564453,-20.332300186157227
54,13,0,56.16231155395508,-29.571989059448242
54,13,1,89.03704833984375,-20.356170654296875
54,14,0,56.38373947143555,-29.588220596313477
54,14,1,88.91719818115234,-20.37929916381836
54,15,0,56.60533142089844,-29.602209091186523
54,15,1,88.79937744140625,-20.4024600982666
54,16,0,56.82699966430664,-29.613950729370117
54,16,1,88.68267822265625,-20.425350189208984
54,17,0,57.04901885986328,-29.62356948852539
54,17,1,88.56719970703125,-20.447879791259766
54,18,0,57.27111053466797,-29.6312198638916
54,18,1,88.4521484375,-20.46980094909668
54,19,0,57.492591857910156,-29.636859893798828
54,19,1,88.33869934082031,-20.491979598999023
54,20,0,57.713890075683594,-29.640609741210938
54,20,1,88.22540283203125,-20.514299392700195
54,21,0,57.93482971191406,-29.64242935180664
54,21,1,88.11253356933594,-20.53643035888672
54,22,0,58.15605926513672,-29.642419815063477
54,22,1,87.9996337890625,-20.558349609375
54,23,0,58.37736129760742,-29.64051055908203
54,23,1,87.8868179321289,-20.580589294433594
54,24,0,58.598690032958984,-29.636730194091797
54,24,1,87.77445220947266,-20.60301971435547
54,25,0,58.82001876831055,-29.631120681762695
54,25,1,87.6624526977539,-20.625429153442383
54,26,0,59.04132843017578,-29.623720169067383
54,26,1,87.55139923095703,-20.647729873657227
54,27,0,59.26258850097656,-29.61458969116211
54,27,1,87.44026184082031,-20.670679092407227
54,28,0,59.48379135131836,-29.603750228881836
54,28,1,87.32919311523438,-20.693849563598633
54,29,0,59.70492172241211,-29.591249465942383
54,29,1,87.21755981445312,-20.71739959716797
54,30,0,59.92597961425781,-29.577129364013672
54,30,1,87.10556030273438,-20.74053955078125
54,31,0,60.146949768066406,-29.561429977416992
54,31,1,86.99344635009766,-20.763580322265625
54,32,0,60.36785125732422,-29.544179916381836
54,32,1,86.88072967529297,-20.786319732666016
54,33,0,60.588680267333984,-29.52543067932129
54,33,1,86.76702880859375,-20.809480667114258
54,34,0,60.8094596862793,-29.505210876464844
54,34,1,86.65235900878906,-20.832889556884766
54,35,0,61.030189514160156,-29.48356056213379
54,35,1,86.53694152832031,-20.856359481811523
54,36,0,61.24991989135742,-29.460630416870117
54,36,1,86.42076110839844,-20.880069732666016
54,37,0,61.46866989135742,-29.436439514160156
54,37,1,86.30226135253906,-20.90397071838379
54,38,0,61.68690872192383,-29.41105079650879
54,38,1,86.18216705322266,-20.92816925048828
54,39,0,61.906349182128906,-29.38450050354004
54,39,1,86.06040954589844,-20.953210830688477
54,40,0,62.12697982788086,-29.356670379638672
54,40,1,85.93681335449219,-20.97859001159668
54,41,0,62.34844970703125,-29.327669143676758
54,41,1,85.81181335449219,-21.004199981689453
54,42,0,62.57052993774414,-29.297439575195312
54,42,1,85.6851577758789,-21.030080795288086
54,43,0,62.793670654296875,-29.266130447387695
54,43,1,85.55538940429688,-21.05640983581543
54,44,0,63.01778030395508,-29.23335075378418
54,44,1,85.42294311523438,-21.08390998840332
54,45,0,63.24032974243164,-29.1995792388916
54,45,1,85.28793334960938,-21.111560821533203
54,46,0,63.4630012512207,-29.16455078125
54,46,1,85.15046691894531,-21.139589309692383
54,47,0,63.6857795715332,-29.128459930419922
54,47,1,85.0097885131836,-21.167800903320312
54,48,0,63.908958435058594,-29.091230392456055
54,48,1,84.86672973632812,-21.197160720825195
54,49,0,64.13276672363281,-29.052690505981445
54,49,1,84.72099304199219,-21.227279663085938
54,50,0,64.35719299316406,-29.01279067993164
54,50,1,84.57306671142578,-21.25782012939453
54,51,0,64.58171081542969,-28.97163963317871
54,51,1,84.42256164550781,-21.288400650024414
54,52,0,64.80677032470703,-28.92923927307129
54,52,1,84.26930236816406,-21.320159912109375
54,53,0,65.03240966796875,-28.88591957092285
54,53,1,84.11398315429688,-21.352230072021484
54,54,0,65.25843811035156,-28.841489791870117
54,54,1,83.9568099975586,-21.3846492767334
54,55,0,65.48502349853516,-28.795940399169922
54,55,1,83.79792022705078,-21.41798973083496
54,56,0,65.71215057373047,-28.749300003051758
54,56,1,83.6372299194336,-21.452089309692383
54,57,0,65.9384765625,-28.701900482177734
54,57,1,83.4747314453125,-21.48624038696289
54,58,0,66.16403198242188,-28.653860092163086
54,58,1,83.31198120117188,-21.52104949951172
54,59,0,66.38951110839844,-28.605310440063477
54,59,1,83.14826965332031,-21.556400299072266
54,60,0,66.6155014038086,-28.556259155273438
54,60,1,82.98394775390625,-21.591829299926758
54,61,0,66.84210205078125,-28.50625991821289
54,61,1,82.81905364990234,-21.627399444580078
54,62,0,67.06936645507812,-28.45532989501953
54,62,1,82.65409088134766,-21.66259002685547
54,63,0,67.29720306396484,-28.404069900512695
54,63,1,82.48967742919922,-21.69676971435547
54,64,0,67.52568054199219,-28.352500915527344
54,64,1,82.326171875,-21.731529235839844
54,65,0,67.75460815429688,-28.300390243530273
54,65,1,82.1641616821289,-21.7656192779541
54,66,0,67.98404693603516,-28.247819900512695
54,66,1,82.00460815429688,-21.79932975769043
54,67,0,68.21408081054688,-28.19487953186035
54,67,1,81.84844970703125,-21.832340240478516
54,68,0,68.44483184814453,-28.14143943786621
54,68,1,81.6944580078125,-21.864770889282227
54,69,0,68.67623138427734,-28.087480545043945
54,69,1,81.54454040527344,-21.89566993713379
54,70,0,68.90833282470703,-28.032960891723633
54,70,1,81.39794921875,-21.925989151000977
54,71,0,69.14112091064453,-27.978260040283203
54,71,1,81.25596618652344,-21.955429077148438
54,72,0,69.3746109008789,-27.923200607299805
54,72,1,81.11882019042969,-21.98358917236328
54,73,0,69.60885620117188,-27.868120193481445
54,73,1,80.98689270019531,-22.010540008544922
54,74,0,69.84400177001953,-27.81291961669922
54,74,1,80.86076354980469,-22.036109924316406
54,75,0,70.07994079589844,-27.757699966430664
54,75,1,80.73970794677734,-22.060100555419922
54,76,0,70.31655883789062,-27.70223045349121
54,76,1,80.62544250488281,-22.082279205322266
54,77,0,70.55374908447266,-27.646549224853516
54,77,1,80.51773071289062,-22.102920532226562
54,78,0,70.79163360595703,-27.590749740600586
54,78,1,80.41654968261719,-22.121620178222656
54,79,0,71.03028869628906,-27.534900665283203
54,79,1,80.3221435546875,-22.138469696044922
54,80,0,71.26985931396484,-27.47913932800293
54,80,1,80.23503112792969,-22.153520584106445
54,81,0,71.51024627685547,-27.4235897064209
54,81,1,80.15451049804688,-22.1672306060791
54,82,0,71.75131225585938,-27.368389129638672
54,82,1,80.08014678955078,-22.179330825805664
54,83,0,71.9930419921875,-27.31355094909668
54,83,1,80.0123291015625,-22.1895694732666
54,84,0,72.23551177978516,-27.25905990600586
54,84,1,79.95137786865234,-22.19870948791504
54,85,0,72.4785385131836,-27.20496940612793
54,85,1,79.89823150634766,-22.206310272216797
54,86,0,72.7217788696289,-27.151580810546875
54,86,1,79.8519515991211,-22.212329864501953
54,87,0,72.96578979492188,-27.09861946105957
54,87,1,79.81256866455078,-22.21735954284668
54,88,0,73.20980834960938,-27.046239852905273
54,88,1,79.77958679199219,-22.221220016479492
54,89,0,73.45429992675781,-26.9943904876709
54,89,1,79.75286865234375,-22.224599838256836
54,90,0,73.69963836669922,-26.942970275878906
54,90,1,79.73236083984375,-22.227439880371094
54,91,0,73.94577026367188,-26.892000198364258
54,91,1,79.717529296875,-22.229719161987305
54,92,0,74.19265747070312,-26.841569900512695
54,92,1,79.70735168457031,-22.231599807739258
54,93,0,74.4398193359375,-26.791730880737305
54,93,1,79.70088958740234,-22.23324966430664
54,94,0,74.6878890991211,-26.7423095703125
54,94,1,79.69747161865234,-22.233999252319336
54,95,0,74.93689727783203,-26.69329071044922
54,95,1,79.69561767578125,-22.234880447387695
54,96,0,75.1865234375,-26.644620895385742
54,96,1,79.69458770751953,-22.235370635986328
54,97,0,75.43710327148438,-26.596349716186523
54,97,1,79.6948013305664,-22.235219955444336
54,98,0,75.68853759765625,-26.548389434814453
54,98,1,79.69589233398438,-22.234779357910156
54,99,0,75.94098663330078,-26.50071907043457
54,99,1,79.69759368896484,-22.234039306640625
55,0,0,35.803489685058594,-33.342288970947266
55,0,1,39.118289947509766,-14.63306999206543
55,1,0,36.025840759277344,-33.29344940185547
55,1,1,39.26129913330078,-14.808600425720215
55,2,0,36.245121002197266,-33.24589157104492
55,2,1,39.40319061279297,-14.983400344848633
55,3,0,36.46126174926758,-33.19935989379883
55,3,1,39.54365158081055,-15.157150268554688
55,4,0,36.673988342285156,-33.15386962890625
55,4,1,39.682430267333984,-15.32964038848877
55,5,0,36.885009765625,-33.1085205078125
55,5,1,39.81953048706055,-15.501270294189453
55,6,0,37.092281341552734,-33.064208984375
55,6,1,39.954811096191406,-15.67156982421875
55,7,0,37.297569274902344,-33.020408630371094
55,7,1,40.08818054199219,-15.840479850769043
55,8,0,37.50008010864258,-32.977298736572266
55,8,1,40.21942901611328,-16.008140563964844
55,9,0,37.69963836669922,-32.93497085571289
55,9,1,40.34846115112305,-16.17432975769043
55,10,0,37.89751052856445,-32.89237976074219
55,10,1,40.4752197265625,-16.33909034729004
55,11,0,38.09349060058594,-32.849788665771484
55,11,1,40.59994125366211,-16.502580642700195
55,12,0,38.288089752197266,-32.80746841430664
55,12,1,40.722511291503906,-16.66482925415039
55,13,0,38.48126983642578,-32.76388931274414
55,13,1,40.84315872192383,-16.8260498046875
55,14,0,38.67359161376953,-32.71918869018555
55,14,1,40.96194076538086,-16.98632049560547
55,15,0,38.863868713378906,-32.674560546875
55,15,1,41.0789909362793,-17.14586067199707
55,16,0,39.053279876708984,-32.63003158569336
55,16,1,41.1938591003418,-17.304180145263672
55,17,0,39.24266052246094,-32.58475112915039
55,17,1,41.306480407714844,-17.46101951599121
55,18,0,39.431148529052734,-32.53834915161133
55,18,1,41.4169807434082,-17.616369247436523
55,19,0,39.618900299072266,-32.49100112915039
55,19,1,41.52513122558594,-17.770130157470703
55,20,0,39.806060791015625,-32.44281005859375
55,20,1,41.630821228027344,-17.922170639038086
55,21,0,39.99269104003906,-32.39390182495117
55,21,1,41.73395919799805,-18.072509765625
55,22,0,40.17967987060547,-32.344058990478516
55,22,1,41.83460998535156,-18.22100067138672
55,23,0,40.36595916748047,-32.29267883300781
55,23,1,41.93254089355469,-18.367399215698242
55,24,0,40.5523796081543,-32.239471435546875
55,24,1,42.02788162231445,-18.511869430541992
55,25,0,40.738040924072266,-32.18452835083008
55,25,1,42.12049102783203,-18.65443992614746
55,26,0,40.92456817626953,-32.12715148925781
55,26,1,42.21036911010742,-18.79507064819336
55,27,0,41.109580993652344,-32.068580627441406
55,27,1,42.29772186279297,-18.933629989624023
55,28,0,41.29378128051758,-32.008201599121094
55,28,1,42.38262939453125,-19.07012939453125
55,29,0,41.47719955444336,-31.946409225463867
55,29,1,42.465091705322266,-19.204469680786133
55,30,0,41.66044998168945,-31.882429122924805
55,30,1,42.54499816894531,-19.3364200592041
55,31,0,41.8426513671875,-31.81671905517578
55,31,1,42.622440338134766,-19.46599006652832
55,32,0,42.02373123168945,-31.74905014038086
55,32,1,42.69736862182617,-19.59320068359375
55,33,0,42.2034912109375,-31.67991065979004
55,33,1,42.76979064941406,-19.717960357666016
55,34,0,42.38167953491211,-31.608919143676758
55,34,1,42.83964920043945,-19.840240478515625
55,35,0,42.558170318603516,-31.536680221557617
55,35,1,42.907039642333984,-19.959970474243164
55,36,0,42.732749938964844,-31.46293067932129
55,36,1,42.97175979614258,-20.077289581298828
55,37,0,42.905860900878906,-31.387819290161133
55,37,1,43.03401184082031,-20.192110061645508
55,38,0,43.077789306640625,-31.311159133911133
55,38,1,43.09352111816406,-20.304269790649414
55,39,0,43.24736022949219,-31.23307991027832
55,39,1,43.15055847167969,-20.413990020751953
55,40,0,43.414588928222656,-31.152999877929688
55,40,1,43.2052001953125,-20.521289825439453
55,41,0,43.57918167114258,-31.071090698242188
55,41,1,43.257568359375,-20.626209259033203
55,42,0,43.740848541259766,-30.98737907409668
55,42,1,43.30768966674805,-20.728839874267578
55,43,0,43.899871826171875,-30.902000427246094
55,43,1,43.355621337890625,-20.829259872436523
55,44,0,44.05596923828125,-30.815019607543945
55,44,1,43.4015007019043,-20.927610397338867
55,45,0,44.20962905883789,-30.725669860839844
55,45,1,43.445308685302734,-21.02389907836914
55,46,0,44.36103057861328,-30.634069442749023
55,46,1,43.48719024658203,-21.11829948425293
55,47,0,44.510009765625,-30.539640426635742
55,47,1,43.52717971801758,-21.210920333862305
55,48,0,44.65631866455078,-30.44293975830078
55,48,1,43.5653190612793,-21.301870346069336
55,49,0,44.80030059814453,-30.343809127807617
55,49,1,43.601688385009766,-21.391279220581055
55,50,0,44.941688537597656,-30.24201011657715
55,50,1,43.63628005981445,-21.479360580444336
55,51,0,45.08089828491211,-30.13758087158203
55,51,1,43.669151306152344,-21.566160202026367
55,52,0,45.21717071533203,-30.030420303344727
55,52,1,43.7004508972168,-21.651920318603516
55,53,0,45.35036849975586,-29.92078971862793
55,53,1,43.73025894165039,-21.736589431762695
55,54,0,45.48027038574219,-29.80864906311035
55,54,1,43.758670806884766,-21.820390701293945
55,55,0,45.60708999633789,-29.69445037841797
55,55,1,43.78567886352539,-21.903329849243164
55,56,0,45.73125076293945,-29.577659606933594
55,56,1,43.81142044067383,-21.98560905456543
55,57,0,45.85237121582031,-29.458240509033203
55,57,1,43.83597946166992,-22.06730079650879
55,58,0,45.97018051147461,-29.336380004882812
55,58,1,43.85926818847656,-22.14858055114746
55,59,0,46.08436965942383,-29.211669921875
55,59,1,43.881378173828125,-22.22957992553711
55,60,0,46.19533920288086,-29.084199905395508
55,60,1,43.90232849121094,-22.31049919128418
55,61,0,46.30268859863281,-28.954139709472656
55,61,1,43.922210693359375,-22.391490936279297
55,62,0,46.40679931640625,-28.821779251098633
55,62,1,43.941280364990234,-22.472679138183594
55,63,0,46.50809097290039,-28.687049865722656
55,63,1,43.95957946777344,-22.553939819335938
55,64,0,46.605899810791016,-28.549840927124023
55,64,1,43.97734832763672,-22.635379791259766
55,65,0,46.699501037597656,-28.410070419311523
55,65,1,43.9946403503418,-22.716949462890625
55,66,0,46.78961944580078,-28.26728057861328
55,66,1,44.011470794677734,-22.798919677734375
55,67,0,46.87641143798828,-28.122289657592773
55,67,1,44.02764129638672,-22.88129997253418
55,68,0,46.9598388671875,-27.974489212036133
55,68,1,44.043209075927734,-22.964210510253906
55,69,0,47.040008544921875,-27.824840545654297
55,69,1,44.058448791503906,-23.04766082763672
55,70,0,47.11717987060547,-27.672649383544922
55,70,1,44.073509216308594,-23.131629943847656
55,71,0,47.191001892089844,-27.517929077148438
55,71,1,44.08837890625,-23.216190338134766
55,72,0,47.26123046875,-27.36039924621582
55,72,1,44.103450775146484,-23.301450729370117
55,73,0,47.32783126831055,-27.200199127197266
55,73,1,44.11893081665039,-23.38743019104004
55,74,0,47.39133834838867,-27.036630630493164
55,74,1,44.13494110107422,-23.474199295043945
55,75,0,47.45138931274414,-26.869569778442383
55,75,1,44.15163040161133,-23.561670303344727
55,76,0,47.506988525390625,-26.69968032836914
55,76,1,44.168949127197266,-23.649850845336914
55,77,0,47.55876922607422,-26.527450561523438
55,77,1,44.186981201171875,-23.738670349121094
55,78,0,47.60689163208008,-26.352149963378906
55,78,1,44.20602035522461,-23.82794952392578
55,79,0,47.65045166015625,-26.17374038696289
55,79,1,44.226478576660156,-23.91731071472168
55,80,0,47.68946838378906,-25.992290496826172
55,80,1,44.248199462890625,-24.006860733032227
55,81,0,47.72378158569336,-25.807519912719727
55,81,1,44.27153015136719,-24.09680938720703
55,82,0,47.75291061401367,-25.619850158691406
55,82,1,44.2965202331543,-24.187349319458008
55,83,0,47.776649475097656,-25.429000854492188
55,83,1,44.32331085205078,-24.278289794921875
55,84,0,47.79507064819336,-25.235450744628906
55,84,1,44.35169982910156,-24.369699478149414
55,85,0,47.80786895751953,-25.03877067565918
55,85,1,44.38188934326172,-24.46147918701172
55,86,0,47.814910888671875,-24.839319229125977
55,86,1,44.41386032104492,-24.553560256958008
55,87,0,47.815608978271484,-24.637170791625977
55,87,1,44.4476318359375,-24.646120071411133
55,88,0,47.810638427734375,-24.43218994140625
55,88,1,44.48334884643555,-24.738950729370117
55,89,0,47.8012809753418,-24.22532081604004
55,89,1,44.52106857299805,-24.8319091796875
55,90,0,47.786991119384766,-24.01688003540039
55,90,1,44.56081008911133,-24.925020217895508
55,91,0,47.76660919189453,-23.80661964416504
55,91,1,44.602298736572266,-25.018239974975586
55,92,0,47.740909576416016,-23.5946102142334
55,92,1,44.645809173583984,-25.111469268798828
55,93,0,47.70901107788086,-23.381210327148438
55,93,1,44.69158935546875,-25.204519271850586
55,94,0,47.67060852050781,-23.16666030883789
55,94,1,44.73957061767578,-25.297710418701172
55,95,0,47.626121520996094,-22.95046043395996
55,95,1,44.78984069824219,-25.390920639038086
55,96,0,47.57530975341797,-22.732770919799805
55,96,1,44.842689514160156,-25.484420776367188
55,97,0,47.518409729003906,-22.51367950439453
55,97,1,44.89799880981445,-25.577810287475586
55,98,0,47.455509185791016,-22.293170928955078
55,98,1,44.9559211730957,-25.67091941833496
55,99,0,47.387271881103516,-22.072099685668945
55,99,1,45.01639175415039,-25.763790130615234
56,0,0,56.425559997558594,-27.538820266723633
56,0,1,13.742830276489258,-40.261688232421875
56,1,0,56.160579681396484,-27.578039169311523
56,1,1,14.067609786987305,-40.172149658203125
56,2,0,55.89472961425781,-27.617530822753906
56,2,1,14.394120216369629,-40.08189010620117
56,3,0,55.627960205078125,-27.65744972229004
56,3,1,14.722439765930176,-39.990970611572266
56,4,0,55.3607292175293,-27.697500228881836
56,4,1,15.052390098571777,-39.89936828613281
56,5,0,55.09278106689453,-27.738149642944336
56,5,1,15.383919715881348,-39.80717849731445
56,6,0,54.82408905029297,-27.77907943725586
56,6,1,15.717000007629395,-39.71453857421875
56,7,0,54.553871154785156,-27.820579528808594
56,7,1,16.051359176635742,-39.62141036987305
56,8,0,54.28321075439453,-27.862449645996094
56,8,1,16.386999130249023,-39.527801513671875
56,9,0,54.01082992553711,-27.904680252075195
56,9,1,16.723859786987305,-39.433738708496094
56,10,0,53.73664093017578,-27.94706916809082
56,10,1,17.061880111694336,-39.339351654052734
56,11,0,53.46097183227539,-27.989709854125977
56,11,1,17.400909423828125,-39.244659423828125
56,12,0,53.18428039550781,-28.03326988220215
56,12,1,17.740869522094727,-39.14971160888672
56,13,0,52.90666961669922,-28.07823944091797
56,13,1,18.081600189208984,-39.05453109741211
56,14,0,52.628089904785156,-28.12434959411621
56,14,1,18.423009872436523,-38.959068298339844
56,15,0,52.34851837158203,-28.170440673828125
56,15,1,18.76511001586914,-38.863311767578125
56,16,0,52.06739044189453,-28.216920852661133
56,16,1,19.10767936706543,-38.767330169677734
56,17,0,51.78483963012695,-28.264270782470703
56,17,1,19.450740814208984,-38.671119689941406
56,18,0,51.501319885253906,-28.312299728393555
56,18,1,19.79435920715332,-38.57476043701172
56,19,0,51.216548919677734,-28.360509872436523
56,19,1,20.138439178466797,-38.47816848754883
56,20,0,50.930091857910156,-28.408639907836914
56,20,1,20.482770919799805,-38.381431579589844
56,21,0,50.64337921142578,-28.45713996887207
56,21,1,20.827369689941406,-38.28453063964844
56,22,0,50.35620880126953,-28.506330490112305
56,22,1,21.17222023010254,-38.1874885559082
56,23,0,50.06789016723633,-28.556169509887695
56,23,1,21.517200469970703,-38.090431213378906
56,24,0,49.778621673583984,-28.60681915283203
56,24,1,21.862110137939453,-37.993431091308594
56,25,0,49.4881706237793,-28.65829086303711
56,25,1,22.20693016052246,-37.896488189697266
56,26,0,49.19623947143555,-28.71092987060547
56,26,1,22.551589965820312,-37.79954147338867
56,27,0,48.90346145629883,-28.764720916748047
56,27,1,22.896020889282227,-37.702728271484375
56,28,0,48.60921096801758,-28.819019317626953
56,28,1,23.240089416503906,-37.60599136352539
56,29,0,48.314449310302734,-28.87398910522461
56,29,1,23.583740234375,-37.50946044921875
56,30,0,48.018070220947266,-28.92991065979004
56,30,1,23.927120208740234,-37.41326904296875
56,31,0,47.7210807800293,-28.986980438232422
56,31,1,24.27005958557129,-37.317230224609375
56,32,0,47.42293930053711,-29.04460906982422
56,32,1,24.612749099731445,-37.22140884399414
56,33,0,47.12411117553711,-29.102399826049805
56,33,1,24.955320358276367,-37.12588119506836
56,34,0,46.824729919433594,-29.1612491607666
56,34,1,25.297840118408203,-37.03055953979492
56,35,0,46.523380279541016,-29.22007942199707
56,35,1,25.640230178833008,-36.93540954589844
56,36,0,46.22159957885742,-29.27931022644043
56,36,1,25.98257064819336,-36.840431213378906
56,37,0,45.91876983642578,-29.33863067626953
56,37,1,26.324819564819336,-36.745670318603516
56,38,0,45.61466979980469,-29.3989200592041
56,38,1,26.66706085205078,-36.65114974975586
56,39,0,45.30913162231445,-29.459890365600586
56,39,1,27.009309768676758,-36.55691146850586
56,40,0,45.00226974487305,-29.5216007232666
56,40,1,27.351499557495117,-36.463008880615234
56,41,0,44.694698333740234,-29.58428955078125
56,41,1,27.693649291992188,-36.369510650634766
56,42,0,44.386390686035156,-29.647579193115234
56,42,1,28.035789489746094,-36.27653884887695
56,43,0,44.07611846923828,-29.712099075317383
56,43,1,28.377830505371094,-36.18408966064453
56,44,0,43.76559066772461,-29.77743911743164
56,44,1,28.719940185546875,-36.09217834472656
56,45,0,43.45484161376953,-29.8435001373291
56,45,1,29.06195068359375,-36.00083923339844
56,46,0,43.14291000366211,-29.910289764404297
56,46,1,29.403709411621094,-35.91025924682617
56,47,0,42.83039093017578,-29.977109909057617
56,47,1,29.745439529418945,-35.82054901123047
56,48,0,42.51737976074219,-30.045150756835938
56,48,1,30.08694076538086,-35.731868743896484
56,49,0,42.20357131958008,-30.113239288330078
56,49,1,30.428430557250977,-35.64421081542969
56,50,0,41.88882827758789,-30.181690216064453
56,50,1,30.769790649414062,-35.55757141113281
56,51,0,41.572669982910156,-30.24970054626465
56,51,1,31.11111068725586,-35.47193145751953
56,52,0,41.25524139404297,-30.31805992126465
56,52,1,31.452129364013672,-35.387428283691406
56,53,0,40.937721252441406,-30.387269973754883
56,53,1,31.792940139770508,-35.304039001464844
56,54,0,40.620079040527344,-30.457820892333984
56,54,1,32.133541107177734,-35.22182083129883
56,55,0,40.301788330078125,-30.52850914001465
56,55,1,32.4740104675293,-35.1407585144043
56,56,0,39.98276138305664,-30.600309371948242
56,56,1,32.81433868408203,-35.060829162597656
56,57,0,39.662208557128906,-30.67259979248047
56,57,1,33.15462875366211,-34.98210144042969
56,58,0,39.34033966064453,-30.745399475097656
56,58,1,33.49467086791992,-34.9044303894043
56,59,0,39.01747131347656,-30.817989349365234
56,59,1,33.83454895019531,-34.8278694152832
56,60,0,38.694190979003906,-30.891019821166992
56,60,1,34.17448043823242,-34.752540588378906
56,61,0,38.37062072753906,-30.964599609375
56,61,1,34.51456069946289,-34.67842102050781
56,62,0,38.046348571777344,-31.039400100708008
56,62,1,34.85483169555664,-34.60538101196289
56,63,0,37.72216033935547,-31.11469078063965
56,63,1,35.19527816772461,-34.53342056274414
56,64,0,37.39733123779297,-31.190229415893555
56,64,1,35.535888671875,-34.46244812011719
56,65,0,37.07128143310547,-31.266469955444336
56,65,1,35.876739501953125,-34.392520904541016
56,66,0,36.744720458984375,-31.343149185180664
56,66,1,36.217830657958984,-34.323638916015625
56,67,0,36.41775894165039,-31.420080184936523
56,67,1,36.55897903442383,-34.25558853149414
56,68,0,36.09046173095703,-31.497709274291992
56,68,1,36.90018081665039,-34.18833923339844
56,69,0,35.762630462646484,-31.575450897216797
56,69,1,37.241451263427734,-34.12181854248047
56,70,0,35.433231353759766,-31.652889251708984
56,70,1,37.58277130126953,-34.055999755859375
56,71,0,35.10319900512695,-31.731060028076172
56,71,1,37.92414093017578,-33.99081039428711
56,72,0,34.774898529052734,-31.808460235595703
56,72,1,38.26554870605469,-33.92618942260742
56,73,0,34.44681930541992,-31.886499404907227
56,73,1,38.60700988769531,-33.86211013793945
56,74,0,34.118038177490234,-31.9649600982666
56,74,1,38.948760986328125,-33.79856872558594
56,75,0,33.7890510559082,-32.04328918457031
56,75,1,39.290618896484375,-33.735328674316406
56,76,0,33.459190368652344,-32.12242126464844
56,76,1,39.63174057006836,-33.67232894897461
56,77,0,33.128929138183594,-32.201759338378906
56,77,1,39.9724006652832,-33.609710693359375
56,78,0,32.798091888427734,-32.280860900878906
56,78,1,40.31296920776367,-33.54724884033203
56,79,0,32.467350006103516,-32.35982894897461
56,79,1,40.65359115600586,-33.48480987548828
56,80,0,32.136470794677734,-32.43888854980469
56,80,1,40.9945182800293,-33.422401428222656
56,81,0,31.805070877075195,-32.51744842529297
56,81,1,41.33552932739258,-33.359928131103516
56,82,0,31.473350524902344,-32.59663009643555
56,82,1,41.67705154418945,-33.29740905761719
56,83,0,31.141630172729492,-32.6756706237793
56,83,1,42.01877975463867,-33.234928131103516
56,84,0,30.810579299926758,-32.754638671875
56,84,1,42.36069869995117,-33.172420501708984
56,85,0,30.479219436645508,-32.83409881591797
56,85,1,42.70259094238281,-33.10995101928711
56,86,0,30.147119522094727,-32.91352844238281
56,86,1,43.04460144042969,-33.04747009277344
56,87,0,29.81468963623047,-32.99217987060547
56,87,1,43.386688232421875,-32.984981536865234
56,88,0,29.481990814208984,-33.07126998901367
56,88,1,43.72880935668945,-32.92245101928711
56,89,0,29.148590087890625,-33.150211334228516
56,89,1,44.07078170776367,-32.860008239746094
56,90,0,28.815139770507812,-33.22929000854492
56,90,1,44.4127197265625,-32.79758834838867
56,91,0,28.481319427490234,-33.30870056152344
56,91,1,44.75468826293945,-32.7352409362793
56,92,0,28.146879196166992,-33.38872146606445
56,92,1,45.096649169921875,-32.67295837402344
56,93,0,27.81218910217285,-33.46900177001953
56,93,1,45.43867874145508,-32.61079025268555
56,94,0,27.47747039794922,-33.54888916015625
56,94,1,45.7806282043457,-32.54875183105469
56,95,0,27.142749786376953,-33.62934875488281
56,95,1,46.12247085571289,-32.486820220947266
56,96,0,26.808319091796875,-33.70994186401367
56,96,1,46.46432876586914,-32.42496109008789
56,97,0,26.47304916381836,-33.79085159301758
56,97,1,46.80590057373047,-32.36320877075195
56,98,0,26.138280868530273,-33.872161865234375
56,98,1,47.14733123779297,-32.30154037475586
56,99,0,25.803550720214844,-33.95355987548828
56,99,1,47.488739013671875,-32.23992156982422
57,0,0,39.026611328125,-33.370330810546875
57,0,1,90.78022766113281,-20.1028995513916
57,1,0,39.32630920410156,-33.315189361572266
57,1,1,90.50318145751953,-20.15930938720703
57,2,0,39.626041412353516,-33.2611083984375
57,2,1,90.22347259521484,-20.216960906982422
57,3,0,39.92578125,-33.2080192565918
57,3,1,89.94287109375,-20.27556037902832
57,4,0,40.225440979003906,-33.15592956542969
57,4,1,89.66079711914062,-20.33473014831543
57,5,0,40.52457809448242,-33.1048583984375
57,5,1,89.3779296875,-20.394819259643555
57,6,0,40.82337951660156,-33.05475997924805
57,6,1,89.09416961669922,-20.45549964904785
57,7,0,41.122188568115234,-33.00543975830078
57,7,1,88.81063079833984,-20.516630172729492
57,8,0,41.42084884643555,-32.9570198059082
57,8,1,88.52687072753906,-20.577880859375
57,9,0,41.71937942504883,-32.909481048583984
57,9,1,88.24417114257812,-20.63905906677246
57,10,0,42.01789093017578,-32.86281967163086
57,10,1,87.96224212646484,-20.70012092590332
57,11,0,42.31632995605469,-32.81705856323242
57,11,1,87.680908203125,-20.76103973388672
57,12,0,42.61470031738281,-32.771949768066406
57,12,1,87.40093994140625,-20.821989059448242
57,13,0,42.91320037841797,-32.7274284362793
57,13,1,87.12207794189453,-20.882829666137695
57,14,0,43.211700439453125,-32.683589935302734
57,14,1,86.84496307373047,-20.943220138549805
57,15,0,43.51020050048828,-32.640140533447266
57,15,1,86.56893920898438,-21.003889083862305
57,16,0,43.80878829956055,-32.597320556640625
57,16,1,86.2938003540039,-21.0645694732666
57,17,0,44.10742950439453,-32.555049896240234
57,17,1,86.0193862915039,-21.12483024597168
57,18,0,44.40597915649414,-32.513431549072266
57,18,1,85.74658203125,-21.18497085571289
57,19,0,44.704490661621094,-32.47237014770508
57,19,1,85.47450256347656,-21.245059967041016
57,20,0,45.00279998779297,-32.43193817138672
57,20,1,85.20252227783203,-21.30565071105957
57,21,0,45.300811767578125,-32.39207077026367
57,21,1,84.93174743652344,-21.3664493560791
57,22,0,45.598690032958984,-32.35271072387695
57,22,1,84.6624526977539,-21.42715072631836
57,23,0,45.89651870727539,-32.313819885253906
57,23,1,84.39376831054688,-21.48784065246582
57,24,0,46.19419860839844,-32.2753791809082
57,24,1,84.12548828125,-21.5492000579834
57,25,0,46.49205017089844,-32.23733901977539
57,25,1,83.85836029052734,-21.610340118408203
57,26,0,46.79003143310547,-32.1997184753418
57,26,1,83.59113311767578,-21.671899795532227
57,27,0,47.088111877441406,-32.16239929199219
57,27,1,83.32489013671875,-21.73303985595703
57,28,0,47.3861083984375,-32.12540817260742
57,28,1,83.05998992919922,-21.793899536132812
57,29,0,47.68418884277344,-32.08856964111328
57,29,1,82.79621887207031,-21.85481071472168
57,30,0,47.98228073120117,-32.0518913269043
57,30,1,82.53304290771484,-21.91537094116211
57,31,0,48.28030014038086,-32.01538848876953
57,31,1,82.2710189819336,-21.97579002380371
57,32,0,48.57843017578125,-31.978769302368164
57,32,1,82.00936126708984,-22.036449432373047
57,33,0,48.87623977661133,-31.94219970703125
57,33,1,81.74842071533203,-22.097000122070312
57,34,0,49.17388153076172,-31.90567970275879
57,34,1,81.48882293701172,-22.157230377197266
57,35,0,49.471309661865234,-31.869140625
57,35,1,81.23062133789062,-22.217470169067383
57,36,0,49.76856994628906,-31.832490921020508
57,36,1,80.97444915771484,-22.277189254760742
57,37,0,50.06583023071289,-31.795700073242188
57,37,1,80.7194595336914,-22.336090087890625
57,38,0,50.36286163330078,-31.758769989013672
57,38,1,80.4652099609375,-22.395320892333984
57,39,0,50.65980911254883,-31.721689224243164
57,39,1,80.21241760253906,-22.454179763793945
57,40,0,50.955909729003906,-31.684520721435547
57,40,1,79.96041870117188,-22.51297950744629
57,41,0,51.25123977661133,-31.64723014831543
57,41,1,79.7104721069336,-22.5718994140625
57,42,0,51.545860290527344,-31.609739303588867
57,42,1,79.4620132446289,-22.630599975585938
57,43,0,51.84035873413086,-31.571819305419922
57,43,1,79.21546173095703,-22.688840866088867
57,44,0,52.13465118408203,-31.53322982788086
57,44,1,78.97016906738281,-22.74629020690918
57,45,0,52.42890930175781,-31.494049072265625
57,45,1,78.72635650634766,-22.803760528564453
57,46,0,52.723140716552734,-31.454269409179688
57,46,1,78.48375701904297,-22.860910415649414
57,47,0,53.01723861694336,-31.413930892944336
57,47,1,78.2425765991211,-22.917190551757812
57,48,0,53.311100006103516,-31.3729305267334
57,48,1,78.00306701660156,-22.973560333251953
57,49,0,53.60475158691406,-31.331390380859375
57,49,1,77.76508331298828,-23.029640197753906
57,50,0,53.89820861816406,-31.289260864257812
57,50,1,77.52855682373047,-23.085250854492188
57,51,0,54.1915283203125,-31.246620178222656
57,51,1,77.29387664794922,-23.141199111938477
57,52,0,54.48439025878906,-31.20347023010254
57,52,1,77.0610580444336,-23.197050094604492
57,53,0,54.776920318603516,-31.159820556640625
57,53,1,76.83033752441406,-23.25263023376465
57,54,0,55.06914138793945,-31.115720748901367
57,54,1,76.60038757324219,-23.307689666748047
57,55,0,55.36082077026367,-31.071069717407227
57,55,1,76.37081146240234,-23.36271095275879
57,56,0,55.65216064453125,-31.02581024169922
57,56,1,76.1426773071289,-23.41657066345215
57,57,0,55.94258117675781,-30.98011016845703
57,57,1,75.91561889648438,-23.4702205657959
57,58,0,56.232181549072266,-30.933900833129883
57,58,1,75.68872833251953,-23.523860931396484
57,59,0,56.52096939086914,-30.887250900268555
57,59,1,75.4632568359375,-23.577789306640625
57,60,0,56.80876159667969,-30.840009689331055
57,60,1,75.23822021484375,-23.63187026977539
57,61,0,57.095951080322266,-30.792070388793945
57,61,1,75.0133285522461,-23.68597984313965
57,62,0,57.38214111328125,-30.74349021911621
57,62,1,74.78845977783203,-23.739879608154297
57,63,0,57.66712188720703,-30.69430923461914
57,63,1,74.56352996826172,-23.794389724731445
57,64,0,57.9516487121582,-30.64434051513672
57,64,1,74.33888244628906,-23.84903907775879
57,65,0,58.23540115356445,-30.593870162963867
57,65,1,74.11463928222656,-23.90382957458496
57,66,0,58.51919174194336,-30.542680740356445
57,66,1,73.89118194580078,-23.95825958251953
57,67,0,58.80250930786133,-30.49090003967285
57,67,1,73.66838073730469,-24.012699127197266
57,68,0,59.08538055419922,-30.438539505004883
57,68,1,73.4464111328125,-24.066619873046875
57,69,0,59.36783981323242,-30.38559913635254
57,69,1,73.22525787353516,-24.120529174804688
57,70,0,59.64990997314453,-30.332109451293945
57,70,1,73.00482940673828,-24.17439079284668
57,71,0,59.93162155151367,-30.2780704498291
57,71,1,72.78504943847656,-24.22783088684082
57,72,0,60.2130012512207,-30.223499298095703
57,72,1,72.56462097167969,-24.28145980834961
57,73,0,60.49407958984375,-30.16843032836914
57,73,1,72.3451919555664,-24.334449768066406
57,74,0,60.774879455566406,-30.11288070678711
57,74,1,72.12692260742188,-24.387659072875977
57,75,0,61.0554313659668,-30.05685043334961
57,75,1,71.90899658203125,-24.44099998474121
57,76,0,61.335880279541016,-30.000329971313477
57,76,1,71.6923599243164,-24.493860244750977
57,77,0,61.616050720214844,-29.943370819091797
57,77,1,71.47592163085938,-24.547449111938477
57,78,0,61.8962287902832,-29.885940551757812
57,78,1,71.25968933105469,-24.60063934326172
57,79,0,62.176509857177734,-29.827930450439453
57,79,1,71.04328918457031,-24.65443992614746
57,80,0,62.45684814453125,-29.76947021484375
57,80,1,70.82740783691406,-24.70709991455078
57,81,0,62.73740005493164,-29.710620880126953
57,81,1,70.61241149902344,-24.759050369262695
57,82,0,63.017940521240234,-29.651519775390625
57,82,1,70.3971176147461,-24.81134033203125
57,83,0,63.29829025268555,-29.59217071533203
57,83,1,70.18171691894531,-24.863399505615234
57,84,0,63.57801055908203,-29.53260040283203
57,84,1,69.96671295166016,-24.9158992767334
57,85,0,63.85742950439453,-29.47307014465332
57,85,1,69.75128936767578,-24.96870994567871
57,86,0,64.13687896728516,-29.413469314575195
57,86,1,69.53656768798828,-25.021350860595703
57,87,0,64.4163818359375,-29.354040145874023
57,87,1,69.32221984863281,-25.07423973083496
57,88,0,64.6958236694336,-29.294710159301758
57,88,1,69.10775756835938,-25.127159118652344
57,89,0,64.9752426147461,-29.235559463500977
57,89,1,68.89364624023438,-25.18061065673828
57,90,0,65.25444793701172,-29.176679611206055
57,90,1,68.67942810058594,-25.23419952392578
57,91,0,65.53314971923828,-29.11795997619629
57,91,1,68.46540069580078,-25.288379669189453
57,92,0,65.8114013671875,-29.05944061279297
57,92,1,68.25016021728516,-25.342790603637695
57,93,0,66.08901977539062,-29.001190185546875
57,93,1,68.03550720214844,-25.396610260009766
57,94,0,66.36566925048828,-28.943180084228516
57,94,1,67.82137298583984,-25.450929641723633
57,95,0,66.64134216308594,-28.885299682617188
57,95,1,67.6080093383789,-25.505590438842773
57,96,0,66.91645812988281,-28.827669143676758
57,96,1,67.39402770996094,-25.560550689697266
57,97,0,67.1910400390625,-28.770280838012695
57,97,1,67.18093872070312,-25.615379333496094
57,98,0,67.46504211425781,-28.71323013305664
57,98,1,66.96820068359375,-25.669960021972656
57,99,0,67.73867797851562,-28.656450271606445
57,99,1,66.75679779052734,-25.723690032958984
58,0,0,61.21485137939453,-29.796239852905273
58,0,1,90.84114074707031,-20.214759826660156
58,1,0,61.5125617980957,-29.744029998779297
58,1,1,90.59706115722656,-20.26004981994629
58,2,0,61.810359954833984,-29.69059944152832
58,2,1,90.35037994384766,-20.305770874023438
58,3,0,62.10831069946289,-29.63610076904297
58,3,1,90.10137176513672,-20.352479934692383
58,4,0,62.40623092651367,-29.580690383911133
58,4,1,89.8496322631836,-20.399639129638672
58,5,0,62.704158782958984,-29.52437973022461
58,5,1,89.5965805053711,-20.44702911376953
58,6,0,63.00217056274414,-29.467100143432617
58,6,1,89.34187316894531,-20.495119094848633
58,7,0,63.299869537353516,-29.409120559692383
58,7,1,89.08505249023438,-20.544010162353516
58,8,0,63.59669876098633,-29.350629806518555
58,8,1,88.8266830444336,-20.593259811401367
58,9,0,63.893009185791016,-29.29132080078125
58,9,1,88.56739044189453,-20.643369674682617
58,10,0,64.18888854980469,-29.231199264526367
58,10,1,88.30780792236328,-20.693899154663086
58,11,0,64.48370361328125,-29.170490264892578
58,11,1,88.04730224609375,-20.74492073059082
58,12,0,64.77799224853516,-29.10917091369629
58,12,1,87.78575134277344,-20.796600341796875
58,13,0,65.07221221923828,-29.04680061340332
58,13,1,87.5239028930664,-20.848400115966797
58,14,0,65.36627197265625,-28.983379364013672
58,14,1,87.26207733154297,-20.900930404663086
58,15,0,65.6597671508789,-28.919200897216797
58,15,1,86.9999771118164,-20.95362091064453
58,16,0,65.9532470703125,-28.854509353637695
58,16,1,86.73834991455078,-21.006820678710938
58,17,0,66.24649047851562,-28.78907012939453
58,17,1,86.47709655761719,-21.059980392456055
58,18,0,66.53974151611328,-28.72327995300293
58,18,1,86.21634674072266,-21.11355972290039
58,19,0,66.83303833007812,-28.656749725341797
58,19,1,85.95581817626953,-21.167049407958984
58,20,0,67.12651062011719,-28.589889526367188
58,20,1,85.69554138183594,-21.220539093017578
58,21,0,67.42009735107422,-28.522300720214844
58,21,1,85.43475341796875,-21.274580001831055
58,22,0,67.71404266357422,-28.454479217529297
58,22,1,85.17424011230469,-21.329120635986328
58,23,0,68.00787353515625,-28.386070251464844
58,23,1,84.9146728515625,-21.383880615234375
58,24,0,68.30158996582031,-28.317150115966797
58,24,1,84.6559066772461,-21.43876075744629
58,25,0,68.59573364257812,-28.248029708862305
58,25,1,84.39781188964844,-21.49329948425293
58,26,0,68.88977813720703,-28.178409576416016
58,26,1,84.13970947265625,-21.54836082458496
58,27,0,69.183837890625,-28.108409881591797
58,27,1,83.88233947753906,-21.603269577026367
58,28,0,69.47775268554688,-28.03813934326172
58,28,1,83.6257095336914,-21.658300399780273
58,29,0,69.77146911621094,-27.967689514160156
58,29,1,83.37010192871094,-21.71438980102539
58,30,0,70.06472778320312,-27.897300720214844
58,30,1,83.1153793334961,-21.77083969116211
58,31,0,70.35820007324219,-27.826650619506836
58,31,1,82.86061096191406,-21.82716941833496
58,32,0,70.65222930908203,-27.755950927734375
58,32,1,82.60601806640625,-21.88365936279297
58,33,0,70.94670867919922,-27.685810089111328
58,33,1,82.3516616821289,-21.940330505371094
58,34,0,71.2415771484375,-27.615819931030273
58,34,1,82.09687805175781,-21.997480392456055
58,35,0,71.53713989257812,-27.546350479125977
58,35,1,81.8426284790039,-22.05518913269043
58,36,0,71.83307647705078,-27.477130889892578
58,36,1,81.58802795410156,-22.113040924072266
58,37,0,72.12938690185547,-27.408260345458984
58,37,1,81.33384704589844,-22.1701602935791
58,38,0,72.42619323730469,-27.33972930908203
58,38,1,81.07967376708984,-22.22784996032715
58,39,0,72.72422790527344,-27.271570205688477
58,39,1,80.8246078491211,-22.285709381103516
58,40,0,73.0234375,-27.203889846801758
58,40,1,80.5699234008789,-22.344579696655273
58,41,0,73.32322692871094,-27.13681983947754
58,41,1,80.31555938720703,-22.403879165649414
58,42,0,73.623291015625,-27.07006072998047
58,42,1,80.06153106689453,-22.46303939819336
58,43,0,73.92347717285156,-27.003559112548828
58,43,1,79.80828094482422,-22.5231990814209
58,44,0,74.22350311279297,-26.937429428100586
58,44,1,79.55500030517578,-22.58403968811035
58,45,0,74.5235595703125,-26.87150001525879
58,45,1,79.3025894165039,-22.64483070373535
58,46,0,74.82366943359375,-26.80579948425293
58,46,1,79.05029296875,-22.705289840698242
58,47,0,75.12344360351562,-26.740459442138672
58,47,1,78.79842376708984,-22.76576042175293
58,48,0,75.42350769042969,-26.675140380859375
58,48,1,78.54730987548828,-22.82655906677246
58,49,0,75.72368621826172,-26.609880447387695
58,49,1,78.29712677001953,-22.88719940185547
58,50,0,76.02333068847656,-26.544870376586914
58,50,1,78.04744720458984,-22.948240280151367
58,51,0,76.32269287109375,-26.480039596557617
58,51,1,77.79846954345703,-23.00921058654785
58,52,0,76.62200927734375,-26.415199279785156
58,52,1,77.55045318603516,-23.069599151611328
58,53,0,76.92115783691406,-26.350509643554688
58,53,1,77.30329132080078,-23.130840301513672
58,54,0,77.2200698852539,-26.28594970703125
58,54,1,77.05708312988281,-23.191600799560547
58,55,0,77.51840209960938,-26.221580505371094
58,55,1,76.81157684326172,-23.252460479736328
58,56,0,77.81620788574219,-26.157400131225586
58,56,1,76.56633758544922,-23.313159942626953
58,57,0,78.11351013183594,-26.093290328979492
58,57,1,76.32093811035156,-23.373430252075195
58,58,0,78.41021728515625,-26.02920913696289
58,58,1,76.0760269165039,-23.433629989624023
58,59,0,78.70659637451172,-25.96500015258789
58,59,1,75.83229064941406,-23.494070053100586
58,60,0,79.00260162353516,-25.90053939819336
58,60,1,75.5893783569336,-23.554479598999023
58,61,0,79.29837799072266,-25.8358097076416
58,61,1,75.34699249267578,-23.61458969116211
58,62,0,79.5938491821289,-25.770780563354492
58,62,1,75.10485076904297,-23.674110412597656
58,63,0,79.88900756835938,-25.70541000366211
58,63,1,74.86315155029297,-23.734439849853516
58,64,0,80.18374633789062,-25.639659881591797
58,64,1,74.62335205078125,-23.794830322265625
58,65,0,80.4781494140625,-25.574010848999023
58,65,1,74.38359832763672,-23.855449676513672
58,66,0,80.77185821533203,-25.508529663085938
58,66,1,74.14462280273438,-23.915809631347656
58,67,0,81.06510162353516,-25.443140029907227
58,67,1,73.90628051757812,-23.97559928894043
58,68,0,81.35778045654297,-25.377460479736328
58,68,1,73.66851043701172,-24.0345401763916
58,69,0,81.6500015258789,-25.3115291595459
58,69,1,73.43171691894531,-24.09398078918457
58,70,0,81.94165802001953,-25.245410919189453
58,70,1,73.1959228515625,-24.153589248657227
58,71,0,82.23329162597656,-25.178930282592773
58,71,1,72.96115112304688,-24.21306037902832
58,72,0,82.52468872070312,-25.11220932006836
58,72,1,72.72664642333984,-24.272300720214844
58,73,0,82.81610107421875,-25.045150756835938
58,73,1,72.49252319335938,-24.33095932006836
58,74,0,83.10738372802734,-24.977890014648438
58,74,1,72.25914001464844,-24.38953971862793
58,75,0,83.39837646484375,-24.910430908203125
58,75,1,72.02583312988281,-24.44791030883789
58,76,0,83.68952941894531,-24.8431396484375
58,76,1,71.79383850097656,-24.50629997253418
58,77,0,83.9803695678711,-24.775720596313477
58,77,1,71.56172943115234,-24.564800262451172
58,78,0,84.2709732055664,-24.708139419555664
58,78,1,71.3305892944336,-24.62281036376953
58,79,0,84.56123352050781,-24.640520095825195
58,79,1,71.09986114501953,-24.68014907836914
58,80,0,84.8513412475586,-24.572790145874023
58,80,1,70.87010192871094,-24.73724937438965
58,81,0,85.14143371582031,-24.504899978637695
58,81,1,70.64102935791016,-24.794750213623047
58,82,0,85.43135833740234,-24.43692970275879
58,82,1,70.41307067871094,-24.852230072021484
58,83,0,85.72181701660156,-24.369190216064453
58,83,1,70.18665313720703,-24.909250259399414
58,84,0,86.0126724243164,-24.301729202270508
58,84,1,69.96058654785156,-24.965829849243164
58,85,0,86.30367279052734,-24.234649658203125
58,85,1,69.73542022705078,-25.0214900970459
58,86,0,86.59467315673828,-24.167999267578125
58,86,1,69.51107788085938,-25.076799392700195
58,87,0,86.88597869873047,-24.10127067565918
58,87,1,69.28740692138672,-25.131959915161133
58,88,0,87.1775131225586,-24.035030364990234
58,88,1,69.06350708007812,-25.187259674072266
58,89,0,87.46907043457031,-23.9689998626709
58,89,1,68.84005737304688,-25.24216079711914
58,90,0,87.76055145263672,-23.903589248657227
58,90,1,68.6170883178711,-25.297189712524414
58,91,0,88.0527114868164,-23.838590621948242
58,91,1,68.39424896240234,-25.35116958618164
58,92,0,88.34507751464844,-23.773929595947266
58,92,1,68.17163848876953,-25.404569625854492
58,93,0,88.63806915283203,-23.709720611572266
58,93,1,67.9502182006836,-25.45762062072754
58,94,0,88.93125915527344,-23.64611053466797
58,94,1,67.72914123535156,-25.51034927368164
58,95,0,89.224609375,-23.582860946655273
58,95,1,67.50940704345703,-25.56273078918457
58,96,0,89.5180892944336,-23.52025032043457
58,96,1,67.29019165039062,-25.614540100097656
58,97,0,89.81160736083984,-23.458309173583984
58,97,1,67.07093811035156,-25.666379928588867
58,98,0,90.10514068603516,-23.39668083190918
58,98,1,66.85265350341797,-25.71773910522461
58,99,0,90.39872741699219,-23.335729598999023
58,99,1,66.63641357421875,-25.768510818481445
59,0,0,91.58931732177734,-19.003570556640625
59,0,1,15.187049865722656,-38.316078186035156
59,1,0,91.3758316040039,-19.04159927368164
59,1,1,15.465709686279297,-38.24488830566406
59,2,0,91.16188049316406,-19.07996940612793
59,2,1,15.747269630432129,-38.17319107055664
59,3,0,90.94767761230469,-19.11850929260254
59,3,1,16.03097915649414,-38.10028839111328
59,4,0,90.73267364501953,-19.15744972229004
59,4,1,16.316709518432617,-38.027278900146484
59,5,0,90.5174331665039,-19.196720123291016
59,5,1,16.604829788208008,-37.953590393066406
59,6,0,90.30220031738281,-19.23613929748535
59,6,1,16.89427947998047,-37.879608154296875
59,7,0,90.08677673339844,-19.275739669799805
59,7,1,17.185699462890625,-37.80524826049805
59,8,0,89.87140655517578,-19.31546974182129
59,8,1,17.478029251098633,-37.73046112060547
59,9,0,89.65540313720703,-19.35556983947754
59,9,1,17.769630432128906,-37.6557502746582
59,10,0,89.43863677978516,-19.395980834960938
59,10,1,18.06216049194336,-37.58110809326172
59,11,0,89.2210922241211,-19.43670082092285
59,11,1,18.355579376220703,-37.506370544433594
59,12,0,89.0029067993164,-19.477670669555664
59,12,1,18.649089813232422,-37.43198013305664
59,13,0,88.78471374511719,-19.518810272216797
59,13,1,18.942020416259766,-37.35786819458008
59,14,0,88.56610107421875,-19.560129165649414
59,14,1,19.234970092773438,-37.28403854370117
59,15,0,88.34770202636719,-19.601520538330078
59,15,1,19.528030395507812,-37.21036148071289
59,16,0,88.12946319580078,-19.642919540405273
59,16,1,19.822040557861328,-37.13663101196289
59,17,0,87.91094970703125,-19.68453025817871
59,17,1,20.11627960205078,-37.063201904296875
59,18,0,87.69214630126953,-19.72624969482422
59,18,1,20.41080093383789,-36.99020004272461
59,19,0,87.47303771972656,-19.76818084716797
59,19,1,20.705610275268555,-36.91748809814453
59,20,0,87.25435638427734,-19.810029983520508
59,20,1,21.000659942626953,-36.844791412353516
59,21,0,87.0357666015625,-19.851980209350586
59,21,1,21.295339584350586,-36.77265167236328
59,22,0,86.81746673583984,-19.893890380859375
59,22,1,21.58966064453125,-36.7009391784668
59,23,0,86.599609375,-19.935739517211914
59,23,1,21.883779525756836,-36.62990951538086
59,24,0,86.38227081298828,-19.977590560913086
59,24,1,22.177640914916992,-36.55950164794922
59,25,0,86.1646499633789,-20.01966094970703
59,25,1,22.471269607543945,-36.48918914794922
59,26,0,85.94690704345703,-20.06201934814453
59,26,1,22.764310836791992,-36.418800354003906
59,27,0,85.72915649414062,-20.10453987121582
59,27,1,23.056140899658203,-36.34865188598633
59,28,0,85.51127624511719,-20.147199630737305
59,28,1,23.347570419311523,-36.279258728027344
59,29,0,85.29402160644531,-20.189870834350586
59,29,1,23.63920021057129,-36.20940017700195
59,30,0,85.07736206054688,-20.232580184936523
59,30,1,23.931060791015625,-36.13977813720703
59,31,0,84.86109924316406,-20.275409698486328
59,31,1,24.22123908996582,-36.07027816772461
59,32,0,84.645263671875,-20.318279266357422
59,32,1,24.51055908203125,-36.00130844116211
59,33,0,84.42955780029297,-20.361289978027344
59,33,1,24.798860549926758,-35.93272018432617
59,34,0,84.21405792236328,-20.40452003479004
59,34,1,25.085779190063477,-35.864471435546875
59,35,0,83.99923706054688,-20.447879791259766
59,35,1,25.37194061279297,-35.79676818847656
59,36,0,83.78495788574219,-20.49134063720703
59,36,1,25.656869888305664,-35.729469299316406
59,37,0,83.57134246826172,-20.534889221191406
59,37,1,25.941850662231445,-35.66286849975586
59,38,0,83.35842895507812,-20.578550338745117
59,38,1,26.225299835205078,-35.59653854370117
59,39,0,83.146240234375,-20.622350692749023
59,39,1,26.507110595703125,-35.530731201171875
59,40,0,82.9339828491211,-20.666549682617188
59,40,1,26.7873592376709,-35.464900970458984
59,41,0,82.72148132324219,-20.71112060546875
59,41,1,27.06723976135254,-35.3990592956543
59,42,0,82.50871276855469,-20.7562198638916
59,42,1,27.346750259399414,-35.33341979980469
59,43,0,82.29612731933594,-20.801660537719727
59,43,1,27.62371063232422,-35.268428802490234
59,44,0,82.08392333984375,-20.847410202026367
59,44,1,27.898849487304688,-35.20402145385742
59,45,0,81.87139892578125,-20.89373016357422
59,45,1,28.172460556030273,-35.14064025878906
59,46,0,81.65911102294922,-20.940420150756836
59,46,1,28.443859100341797,-35.07741928100586
59,47,0,81.44719696044922,-20.987579345703125
59,47,1,28.713909149169922,-35.01491928100586
59,48,0,81.23535919189453,-21.0351505279541
59,48,1,28.982099533081055,-34.95378875732422
59,49,0,81.0237808227539,-21.083059310913086
59,49,1,29.248769760131836,-34.89265823364258
59,50,0,80.81244659423828,-21.131359100341797
59,50,1,29.513599395751953,-34.83211135864258
59,51,0,80.60154724121094,-21.179950714111328
59,51,1,29.776870727539062,-34.771728515625
59,52,0,80.3902587890625,-21.229230880737305
59,52,1,30.03782081604004,-34.71152114868164
59,53,0,80.17861938476562,-21.279239654541016
59,53,1,30.29669952392578,-34.65217971801758
59,54,0,79.96685791015625,-21.32988929748535
59,54,1,30.554269790649414,-34.59288024902344
59,55,0,79.75530242919922,-21.38106918334961
59,55,1,30.809659957885742,-34.53464889526367
59,56,0,79.54374694824219,-21.432899475097656
59,56,1,31.063430786132812,-34.47711944580078
59,57,0,79.33220672607422,-21.48543930053711
59,57,1,31.315439224243164,-34.42047119140625
59,58,0,79.12066650390625,-21.53866958618164
59,58,1,31.565160751342773,-34.364139556884766
59,59,0,78.90946960449219,-21.592580795288086
59,59,1,31.811410903930664,-34.308631896972656
59,60,0,78.69892120361328,-21.64703941345215
59,60,1,32.05529022216797,-34.25394058227539
59,61,0,78.489013671875,-21.70203971862793
59,61,1,32.29785919189453,-34.200008392333984
59,62,0,78.27928924560547,-21.757680892944336
59,62,1,32.53879928588867,-34.145931243896484
59,63,0,78.06999206542969,-21.81386947631836
59,63,1,32.776519775390625,-34.09197998046875
59,64,0,77.86106872558594,-21.8705997467041
59,64,1,33.011009216308594,-34.038700103759766
59,65,0,77.65251922607422,-21.927860260009766
59,65,1,33.24272155761719,-33.98588943481445
59,66,0,77.44454193115234,-21.985549926757812
59,66,1,33.47227096557617,-33.93387985229492
59,67,0,77.2370376586914,-22.043689727783203
59,67,1,33.69902038574219,-33.88243865966797
59,68,0,77.02987670898438,-22.1022891998291
59,68,1,33.923370361328125,-33.832130432128906
59,69,0,76.82302856445312,-22.16132926940918
59,69,1,34.144718170166016,-33.78308868408203
59,70,0,76.61670684814453,-22.220739364624023
59,70,1,34.363548278808594,-33.734771728515625
59,71,0,76.41084289550781,-22.280420303344727
59,71,1,34.58058166503906,-33.68695068359375
59,72,0,76.205322265625,-22.3404598236084
59,72,1,34.79494857788086,-33.6402702331543
59,73,0,75.99957275390625,-22.400920867919922
59,73,1,35.007930755615234,-33.59392166137695
59,74,0,75.7940902709961,-22.461729049682617
59,74,1,35.21915817260742,-33.54832077026367
59,75,0,75.58811950683594,-22.52297019958496
59,75,1,35.428749084472656,-33.50251007080078
59,76,0,75.38202667236328,-22.584440231323242
59,76,1,35.636619567871094,-33.45716094970703
59,77,0,75.1760482788086,-22.646039962768555
59,77,1,35.84794998168945,-33.41096115112305
59,78,0,74.97016143798828,-22.707849502563477
59,78,1,36.05891036987305,-33.365848541259766
59,79,0,74.76448059082031,-22.769710540771484
59,79,1,36.27037811279297,-33.32080841064453
59,80,0,74.55873107910156,-22.831769943237305
59,80,1,36.48112869262695,-33.276790618896484
59,81,0,74.35295867919922,-22.893890380859375
59,81,1,36.691890716552734,-33.23252868652344
59,82,0,74.14678192138672,-22.95615005493164
59,82,1,36.90148162841797,-33.189579010009766
59,83,0,73.94068908691406,-23.01837921142578
59,83,1,37.11117172241211,-33.146610260009766
59,84,0,73.73464965820312,-23.0805606842041
59,84,1,37.32115936279297,-33.10445022583008
59,85,0,73.52851104736328,-23.142499923706055
59,85,1,37.53078842163086,-33.06251907348633
59,86,0,73.32215118408203,-23.204200744628906
59,86,1,37.73986053466797,-33.019840240478516
59,87,0,73.11538696289062,-23.26568031311035
59,87,1,37.94929122924805,-32.976898193359375
59,88,0,72.90879821777344,-23.326719284057617
59,88,1,38.158470153808594,-32.93444061279297
59,89,0,72.70201110839844,-23.387399673461914
59,89,1,38.36735153198242,-32.892391204833984
59,90,0,72.49498748779297,-23.447589874267578
59,90,1,38.575889587402344,-32.851131439208984
59,91,0,72.28794860839844,-23.507080078125
59,91,1,38.78390121459961,-32.810340881347656
59,92,0,72.08087921142578,-23.56584930419922
59,92,1,38.990821838378906,-32.769378662109375
59,93,0,71.87368774414062,-23.62397003173828
59,93,1,39.19718933105469,-32.728599548339844
59,94,0,71.666259765625,-23.681320190429688
59,94,1,39.40177917480469,-32.68758010864258
59,95,0,71.45892333984375,-23.737789154052734
59,95,1,39.6050910949707,-32.64720916748047
59,96,0,71.25189971923828,-23.79326057434082
59,96,1,39.80657958984375,-32.60757064819336
59,97,0,71.04466247558594,-23.847740173339844
59,97,1,40.00551986694336,-32.56837844848633
59,98,0,70.83670806884766,-23.901439666748047
59,98,1,40.20130920410156,-32.53091049194336
59,99,0,70.62869262695312,-23.954120635986328
59,99,1,40.39358901977539,-32.493431091308594
60,0,0,30.809659957885742,-34.53464889526367
60,0,1,14.09004020690918,-39.938560485839844
60,1,0,31.063430786132812,-34.47711944580078
60,1,1,14.372650146484375,-39.85438919067383
60,2,0,31.315439224243164,-34.42047119140625
60,2,1,14.65647029876709,-39.769771575927734
60,3,0,31.565160751342773,-34.364139556884766
60,3,1,14.94141960144043,-39.684791564941406
60,4,0,31.811410903930664,-34.308631896972656
60,4,1,15.22754955291748,-39.59941101074219
60,5,0,32.05529022216797,-34.25394058227539
60,5,1,15.514829635620117,-39.51362991333008
60,6,0,32.29785919189453,-34.200008392333984
60,6,1,15.803119659423828,-39.42763900756836
60,7,0,32.53879928588867,-34.145931243896484
60,7,1,16.092439651489258,-39.34135055541992
60,8,0,32.776519775390625,-34.09197998046875
60,8,1,16.382619857788086,-39.2548713684082
60,9,0,33.011009216308594,-34.038700103759766
60,9,1,16.673999786376953,-39.168190002441406
60,10,0,33.24272155761719,-33.98588943481445
60,10,1,16.96586036682129,-39.08150100708008
60,11,0,33.47227096557617,-33.93387985229492
60,11,1,17.258750915527344,-38.994808197021484
60,12,0,33.69902038574219,-33.88243865966797
60,12,1,17.552099227905273,-38.90837097167969
60,13,0,33.923370361328125,-33.832130432128906
60,13,1,17.846010208129883,-38.822059631347656
60,14,0,34.144718170166016,-33.78308868408203
60,14,1,18.14044952392578,-38.735870361328125
60,15,0,34.363548278808594,-33.734771728515625
60,15,1,18.435409545898438,-38.6497802734375
60,16,0,34.58058166503906,-33.68695068359375
60,16,1,18.731060028076172,-38.56372833251953
60,17,0,34.79494857788086,-33.6402702331543
60,17,1,19.02730941772461,-38.477840423583984
60,18,0,35.007930755615234,-33.59392166137695
60,18,1,19.324140548706055,-38.391998291015625
60,19,0,35.21915817260742,-33.54832077026367
60,19,1,19.621440887451172,-38.306209564208984
60,20,0,35.428749084472656,-33.50251007080078
60,20,1,19.919889450073242,-38.220298767089844
60,21,0,35.636619567871094,-33.45716094970703
60,21,1,20.218719482421875,-38.13471984863281
60,22,0,35.84794998168945,-33.41096115112305
60,22,1,20.517959594726562,-38.049400329589844
60,23,0,36.05891036987305,-33.365848541259766
60,23,1,20.817529678344727,-37.96437072753906
60,24,0,36.27037811279297,-33.32080841064453
60,24,1,21.117340087890625,-37.87957000732422
60,25,0,36.48112869262695,-33.276790618896484
60,25,1,21.417139053344727,-37.79505920410156
60,26,0,36.691890716552734,-33.23252868652344
60,26,1,21.716800689697266,-37.71086883544922
60,27,0,36.90148162841797,-33.189579010009766
60,27,1,22.016719818115234,-37.626861572265625
60,28,0,37.11117172241211,-33.146610260009766
60,28,1,22.316490173339844,-37.54290008544922
60,29,0,37.32115936279297,-33.10445022583008
60,29,1,22.615989685058594,-37.459068298339844
60,30,0,37.53078842163086,-33.06251907348633
60,30,1,22.914920806884766,-37.37533950805664
60,31,0,37.73986053466797,-33.019840240478516
60,31,1,23.213489532470703,-37.29193115234375
60,32,0,37.94929122924805,-32.976898193359375
60,32,1,23.511659622192383,-37.20878982543945
60,33,0,38.158470153808594,-32.93444061279297
60,33,1,23.809200286865234,-37.125938415527344
60,34,0,38.36735153198242,-32.892391204833984
60,34,1,24.106000900268555,-37.04341125488281
60,35,0,38.575889587402344,-32.851131439208984
60,35,1,24.401939392089844,-36.961238861083984
60,36,0,38.78390121459961,-32.810340881347656
60,36,1,24.69700050354004,-36.87944030761719
60,37,0,38.990821838378906,-32.769378662109375
60,37,1,24.991130828857422,-36.798030853271484
60,38,0,39.19718933105469,-32.728599548339844
60,38,1,25.28441047668457,-36.717018127441406
60,39,0,39.40177917480469,-32.68758010864258
60,39,1,25.57670021057129,-36.636451721191406
60,40,0,39.6050910949707,-32.64720916748047
60,40,1,25.867900848388672,-36.55636978149414
60,41,0,39.80657958984375,-32.60757064819336
60,41,1,26.158260345458984,-36.47684097290039
60,42,0,40.00551986694336,-32.56837844848633
60,42,1,26.447479248046875,-36.3979606628418
60,43,0,40.20130920410156,-32.53091049194336
60,43,1,26.7355899810791,-36.31966018676758
60,44,0,40.39358901977539,-32.493431091308594
60,44,1,27.022480010986328,-36.24201965332031
60,45,0,40.5814094543457,-32.45656967163086
60,45,1,27.30813980102539,-36.164878845214844
60,46,0,40.76420974731445,-32.420249938964844
60,46,1,27.59248924255371,-36.0884895324707
60,47,0,40.942420959472656,-32.38457107543945
60,47,1,27.87557029724121,-36.01279830932617
60,48,0,41.11690139770508,-32.349639892578125
60,48,1,28.157560348510742,-35.9379997253418
60,49,0,41.28601837158203,-32.31523132324219
60,49,1,28.438289642333984,-35.864009857177734
60,50,0,41.44940185546875,-32.281761169433594
60,50,1,28.717769622802734,-35.79077911376953
60,51,0,41.606719970703125,-32.24924850463867
60,51,1,28.996049880981445,-35.71836853027344
60,52,0,41.75830841064453,-32.21786880493164
60,52,1,29.27301025390625,-35.646881103515625
60,53,0,41.903358459472656,-32.18769836425781
60,53,1,29.548690795898438,-35.57638168334961
60,54,0,42.04225158691406,-32.15888977050781
60,54,1,29.823049545288086,-35.50695037841797
60,55,0,42.175621032714844,-32.13103103637695
60,55,1,30.096200942993164,-35.438568115234375
60,56,0,42.30311965942383,-32.10401916503906
60,56,1,30.36825942993164,-35.37126922607422
60,57,0,42.42424011230469,-32.07794189453125
60,57,1,30.63936996459961,-35.305118560791016
60,58,0,42.54008102416992,-32.05263900756836
60,58,1,30.90945053100586,-35.24013900756836
60,59,0,42.651390075683594,-32.028018951416016
60,59,1,31.178470611572266,-35.176448822021484
60,60,0,42.757240295410156,-32.0042610168457
60,60,1,31.44659996032715,-35.11399841308594
60,61,0,42.859500885009766,-31.98114013671875
60,61,1,31.71394920349121,-35.052791595458984
60,62,0,42.95825958251953,-31.958669662475586
60,62,1,31.980520248413086,-34.99283981323242
60,63,0,43.053489685058594,-31.93678092956543
60,63,1,32.24633026123047,-34.93415069580078
60,64,0,43.14521026611328,-31.915559768676758
60,64,1,32.51152038574219,-34.87691879272461
60,65,0,43.23303985595703,-31.894899368286133
60,65,1,32.77614974975586,-34.82107162475586
60,66,0,43.31789016723633,-31.87459945678711
60,66,1,33.04022979736328,-34.766639709472656
60,67,0,43.39921188354492,-31.85512924194336
60,67,1,33.30369186401367,-34.71379089355469
60,68,0,43.477821350097656,-31.836299896240234
60,68,1,33.56679153442383,-34.662479400634766
60,69,0,43.55323028564453,-31.817249298095703
60,69,1,33.829498291015625,-34.61267852783203
60,70,0,43.62683868408203,-31.798500061035156
60,70,1,34.0919189453125,-34.564510345458984
60,71,0,43.69758987426758,-31.780399322509766
60,71,1,34.3543586730957,-34.517818450927734
60,72,0,43.76580047607422,-31.762920379638672
60,72,1,34.6167106628418,-34.47270965576172
60,73,0,43.83156967163086,-31.745559692382812
60,73,1,34.878849029541016,-34.429168701171875
60,74,0,43.89506912231445,-31.72896957397461
60,74,1,35.14120101928711,-34.3872184753418
60,75,0,43.95629119873047,-31.71319007873535
60,75,1,35.40373992919922,-34.34693145751953
60,76,0,44.01578903198242,-31.698020935058594
60,76,1,35.666561126708984,-34.308231353759766
60,77,0,44.073280334472656,-31.68358039855957
60,77,1,35.92985916137695,-34.27101135253906
60,78,0,44.12908935546875,-31.668970108032227
60,78,1,36.193790435791016,-34.235111236572266
60,79,0,44.18383026123047,-31.654510498046875
60,79,1,36.45841979980469,-34.200439453125
60,80,0,44.23788070678711,-31.640520095825195
60,80,1,36.72309875488281,-34.16701889038086
60,81,0,44.2913703918457,-31.626619338989258
60,81,1,36.98781967163086,-34.13478088378906
60,82,0,44.343788146972656,-31.612730026245117
60,82,1,37.252540588378906,-34.103660583496094
60,83,0,44.39603042602539,-31.598459243774414
60,83,1,37.51723098754883,-34.07360076904297
60,84,0,44.44755935668945,-31.58392906188965
60,84,1,37.78187942504883,-34.04454040527344
60,85,0,44.499351501464844,-31.56907081604004
60,85,1,38.04644012451172,-34.01639175415039
60,86,0,44.551490783691406,-31.553850173950195
60,86,1,38.31087875366211,-33.98908996582031
60,87,0,44.602508544921875,-31.538589477539062
60,87,1,38.57516098022461,-33.96255874633789
60,88,0,44.653160095214844,-31.522829055786133
60,88,1,38.83921813964844,-33.9367790222168
60,89,0,44.70363998413086,-31.50666046142578
60,89,1,39.103370666503906,-33.91157913208008
60,90,0,44.754150390625,-31.490829467773438
60,90,1,39.366790771484375,-33.88719177246094
60,91,0,44.803680419921875,-31.474470138549805
60,91,1,39.629940032958984,-33.863258361816406
60,92,0,44.853118896484375,-31.457670211791992
60,92,1,39.8928108215332,-33.839481353759766
60,93,0,44.90256881713867,-31.44070053100586
60,93,1,40.155208587646484,-33.81595993041992
60,94,0,44.952880859375,-31.423519134521484
60,94,1,40.417091369628906,-33.79243850708008
60,95,0,45.00325012207031,-31.406190872192383
60,95,1,40.67863082885742,-33.76877975463867
60,96,0,45.053829193115234,-31.38912010192871
60,96,1,40.93901062011719,-33.74528884887695
60,97,0,45.10462188720703,-31.372150421142578
60,97,1,41.198551177978516,-33.72182846069336
60,98,0,45.155609130859375,-31.35511016845703
60,98,1,41.45777893066406,-33.698219299316406
60,99,0,45.205970764160156,-31.33807945251465
60,99,1,41.715938568115234,-33.67464065551758
61,0,0,87.24012756347656,-21.3416690826416
61,0,1,38.95122146606445,-14.673830032348633
61,1,0,86.95057678222656,-21.400819778442383
61,1,1,39.082218170166016,-14.797499656677246
61,2,0,86.66417694091797,-21.45962905883789
61,2,1,39.21282958984375,-14.92158031463623
61,3,0,86.38191986083984,-21.5174503326416
61,3,1,39.342979431152344,-15.045940399169922
61,4,0,86.10347747802734,-21.574560165405273
61,4,1,39.47275924682617,-15.170740127563477
61,5,0,85.82893371582031,-21.63064956665039
61,5,1,39.601810455322266,-15.29563045501709
61,6,0,85.55831146240234,-21.685510635375977
61,6,1,39.73080062866211,-15.421369552612305
61,7,0,85.2913589477539,-21.740299224853516
61,7,1,39.85955810546875,-15.547710418701172
61,8,0,85.0284423828125,-21.794179916381836
61,8,1,39.987911224365234,-15.674530029296875
61,9,0,84.76998901367188,-21.84741973876953
61,9,1,40.11520004272461,-15.801460266113281
61,10,0,84.51524353027344,-21.899850845336914
61,10,1,40.24148178100586,-15.928500175476074
61,11,0,84.26431274414062,-21.95100975036621
61,11,1,40.367088317871094,-16.056060791015625
61,12,0,84.01766967773438,-22.00157928466797
61,12,1,40.491580963134766,-16.18362045288086
61,13,0,83.77491760253906,-22.051029205322266
61,13,1,40.6149787902832,-16.311199188232422
61,14,0,83.53610229492188,-22.10004997253418
61,14,1,40.73699951171875,-16.43868064880371
61,15,0,83.3019790649414,-22.148040771484375
61,15,1,40.85803985595703,-16.56644058227539
61,16,0,83.0711898803711,-22.19515037536621
61,16,1,40.97808074951172,-16.694379806518555
61,17,0,82.8442611694336,-22.241809844970703
61,17,1,41.09703063964844,-16.82246971130371
61,18,0,82.62171173095703,-22.287609100341797
61,18,1,41.214820861816406,-16.95064926147461
61,19,0,82.40254974365234,-22.332469940185547
61,19,1,41.331329345703125,-17.07891082763672
61,20,0,82.18702697753906,-22.3770809173584
61,20,1,41.44655990600586,-17.207340240478516
61,21,0,81.97447967529297,-22.4207706451416
61,21,1,41.560768127441406,-17.33609962463379
61,22,0,81.76542663574219,-22.464109420776367
61,22,1,41.67399978637695,-17.46540069580078
61,23,0,81.55941772460938,-22.50629997253418
61,23,1,41.78593063354492,-17.59493064880371
61,24,0,81.35650634765625,-22.54785919189453
61,24,1,41.89643096923828,-17.724580764770508
61,25,0,81.15606689453125,-22.589359283447266
61,25,1,42.005699157714844,-17.8546199798584
61,26,0,80.9582290649414,-22.6306095123291
61,26,1,42.113460540771484,-17.984689712524414
61,27,0,80.76302337646484,-22.67098045349121
61,27,1,42.21989822387695,-18.114940643310547
61,28,0,80.56929016113281,-22.71072006225586
61,28,1,42.324951171875,-18.24534034729004
61,29,0,80.3775634765625,-22.749950408935547
61,29,1,42.4287109375,-18.37590980529785
61,30,0,80.1875228881836,-22.788349151611328
61,30,1,42.53133010864258,-18.50676918029785
61,31,0,80.00006866455078,-22.826339721679688
61,31,1,42.63285827636719,-18.63797950744629
61,32,0,79.81443786621094,-22.863750457763672
61,32,1,42.73297882080078,-18.769119262695312
61,33,0,79.6307373046875,-22.901180267333984
61,33,1,42.83171081542969,-18.900169372558594
61,34,0,79.4489974975586,-22.93804931640625
61,34,1,42.92918014526367,-19.031240463256836
61,35,0,79.26902770996094,-22.97509002685547
61,35,1,43.025550842285156,-19.162429809570312
61,36,0,79.0909423828125,-23.011690139770508
61,36,1,43.12078857421875,-19.293590545654297
61,37,0,78.91436004638672,-23.047910690307617
61,37,1,43.21493148803711,-19.424720764160156
61,38,0,78.73824310302734,-23.083749771118164
61,38,1,43.30792999267578,-19.555660247802734
61,39,0,78.56416320800781,-23.11935043334961
61,39,1,43.40013885498047,-19.686500549316406
61,40,0,78.39190673828125,-23.154329299926758
61,40,1,43.49150085449219,-19.81736946105957
61,41,0,78.22132873535156,-23.188560485839844
61,41,1,43.582130432128906,-19.948429107666016
61,42,0,78.0526123046875,-23.222700119018555
61,42,1,43.67211151123047,-20.079439163208008
61,43,0,77.88516235351562,-23.256620407104492
61,43,1,43.761558532714844,-20.210559844970703
61,44,0,77.71910095214844,-23.290390014648438
61,44,1,43.85062026977539,-20.342039108276367
61,45,0,77.5548324584961,-23.323999404907227
61,45,1,43.939449310302734,-20.474000930786133
61,46,0,77.39275360107422,-23.35749053955078
61,46,1,44.027950286865234,-20.60618019104004
61,47,0,77.23226165771484,-23.389860153198242
61,47,1,44.11619186401367,-20.738399505615234
61,48,0,77.073486328125,-23.42194938659668
61,48,1,44.20418930053711,-20.87055015563965
61,49,0,76.9169692993164,-23.453840255737305
61,49,1,44.29207992553711,-21.002849578857422
61,50,0,76.761962890625,-23.48603057861328
61,50,1,44.379940032958984,-21.135360717773438
61,51,0,76.60906982421875,-23.517850875854492
61,51,1,44.467891693115234,-21.268049240112305
61,52,0,76.45829772949219,-23.5489501953125
61,52,1,44.55596160888672,-21.400949478149414
61,53,0,76.30911254882812,-23.579809188842773
61,53,1,44.644229888916016,-21.534259796142578
61,54,0,76.1614990234375,-23.609819412231445
61,54,1,44.732608795166016,-21.667749404907227
61,55,0,76.01596069335938,-23.63936996459961
61,55,1,44.821231842041016,-21.80143928527832
61,56,0,75.87201690673828,-23.668249130249023
61,56,1,44.90998840332031,-21.935260772705078
61,57,0,75.7297592163086,-23.697240829467773
61,57,1,44.99903106689453,-22.06938934326172
61,58,0,75.58944702148438,-23.725860595703125
61,58,1,45.088340759277344,-22.203760147094727
61,59,0,75.45034790039062,-23.75507926940918
61,59,1,45.178070068359375,-22.338579177856445
61,60,0,75.31297302246094,-23.783649444580078
61,60,1,45.268211364746094,-22.47365951538086
61,61,0,75.17711639404297,-23.81085968017578
61,61,1,45.35873031616211,-22.60894012451172
61,62,0,75.04247283935547,-23.83839988708496
61,62,1,45.44963073730469,-22.744400024414062
61,63,0,74.90912628173828,-23.865909576416016
61,63,1,45.540870666503906,-22.87989044189453
61,64,0,74.77709197998047,-23.89318084716797
61,64,1,45.632530212402344,-23.015480041503906
61,65,0,74.64640808105469,-23.92041015625
61,65,1,45.72452926635742,-23.150880813598633
61,66,0,74.51741027832031,-23.947519302368164
61,66,1,45.817081451416016,-23.286109924316406
61,67,0,74.38957214355469,-23.974170684814453
61,67,1,45.910179138183594,-23.421009063720703
61,68,0,74.2623291015625,-24.000219345092773
61,68,1,46.00373077392578,-23.555620193481445
61,69,0,74.13553619384766,-24.02651023864746
61,69,1,46.09764862060547,-23.68964958190918
61,70,0,74.0093994140625,-24.05208969116211
61,70,1,46.191768646240234,-23.82309913635254
61,71,0,73.88459014892578,-24.077259063720703
61,71,1,46.286338806152344,-23.955820083618164
61,72,0,73.76006317138672,-24.102170944213867
61,72,1,46.381439208984375,-24.087900161743164
61,73,0,73.63651275634766,-24.12693977355957
61,73,1,46.47684860229492,-24.21929931640625
61,74,0,73.51383209228516,-24.15199089050293
61,74,1,46.57273864746094,-24.349660873413086
61,75,0,73.39173126220703,-24.176809310913086
61,75,1,46.668678283691406,-24.479000091552734
61,76,0,73.27027893066406,-24.201690673828125
61,76,1,46.76496887207031,-24.60696029663086
61,77,0,73.14936828613281,-24.226520538330078
61,77,1,46.861778259277344,-24.73362922668457
61,78,0,73.02886962890625,-24.25094985961914
61,78,1,46.95917892456055,-24.859050750732422
61,79,0,72.9087905883789,-24.275100708007812
61,79,1,47.05718994140625,-24.983110427856445
61,80,0,72.78919982910156,-24.298839569091797
61,80,1,47.15589141845703,-25.105859756469727
61,81,0,72.67030334472656,-24.322490692138672
61,81,1,47.255401611328125,-25.22735023498535
61,82,0,72.55203247070312,-24.345779418945312
61,82,1,47.35567855834961,-25.347259521484375
61,83,0,72.4345474243164,-24.368850708007812
61,83,1,47.456668853759766,-25.46550941467285
61,84,0,72.31806182861328,-24.391630172729492
61,84,1,47.55841064453125,-25.582080841064453
61,85,0,72.20281219482422,-24.41436004638672
61,85,1,47.66107940673828,-25.697269439697266
61,86,0,72.08828735351562,-24.437210083007812
61,86,1,47.76470947265625,-25.810909271240234
61,87,0,71.97467041015625,-24.459760665893555
61,87,1,47.86920166015625,-25.92296028137207
61,88,0,71.86151123046875,-24.482120513916016
61,88,1,47.97455978393555,-26.0333309173584
61,89,0,71.74918365478516,-24.504440307617188
61,89,1,48.08100128173828,-26.142240524291992
61,90,0,71.63807678222656,-24.526630401611328
61,90,1,48.18851089477539,-26.249610900878906
61,91,0,71.52774810791016,-24.548540115356445
61,91,1,48.297080993652344,-26.355449676513672
61,92,0,71.41805267333984,-24.57076072692871
61,92,1,48.4068717956543,-26.459989547729492
61,93,0,71.30860137939453,-24.59239959716797
61,93,1,48.5176887512207,-26.56298065185547
61,94,0,71.199462890625,-24.614479064941406
61,94,1,48.62989044189453,-26.664770126342773
61,95,0,71.09073638916016,-24.635700225830078
61,95,1,48.743221282958984,-26.765090942382812
61,96,0,70.98310852050781,-24.656600952148438
61,96,1,48.85776901245117,-26.863880157470703
61,97,0,70.87635803222656,-24.67691993713379
61,97,1,48.97357940673828,-26.961219787597656
61,98,0,70.77040100097656,-24.69655990600586
61,98,1,49.090511322021484,-27.057010650634766
61,99,0,70.66515350341797,-24.71639060974121
61,99,1,49.20867156982422,-27.15130043029785
62,0,0,80.9582290649414,-22.6306095123291
62,0,1,38.76604080200195,-14.493060111999512
62,1,0,80.76302337646484,-22.67098045349121
62,1,1,38.890350341796875,-14.630240440368652
62,2,0,80.56929016113281,-22.71072006225586
62,2,1,39.014591217041016,-14.76869010925293
62,3,0,80.3775634765625,-22.749950408935547
62,3,1,39.13785934448242,-14.907560348510742
62,4,0,80.1875228881836,-22.788349151611328
62,4,1,39.260318756103516,-15.046689987182617
62,5,0,80.00006866455078,-22.826339721679688
62,5,1,39.38180160522461,-15.186140060424805
62,6,0,79.81443786621094,-22.863750457763672
62,6,1,39.50223159790039,-15.325739860534668
62,7,0,79.6307373046875,-22.901180267333984
62,7,1,39.62123107910156,-15.465860366821289
62,8,0,79.4489974975586,-22.93804931640625
62,8,1,39.739009857177734,-15.606419563293457
62,9,0,79.26902770996094,-22.97509002685547
62,9,1,39.85517120361328,-15.747179985046387
62,10,0,79.0909423828125,-23.011690139770508
62,10,1,39.969810485839844,-15.888199806213379
62,11,0,78.91436004638672,-23.047910690307617
62,11,1,40.08277130126953,-16.02935028076172
62,12,0,78.73824310302734,-23.083749771118164
62,12,1,40.194068908691406,-16.170589447021484
62,13,0,78.56416320800781,-23.11935043334961
62,13,1,40.30379104614258,-16.31201934814453
62,14,0,78.39190673828125,-23.154329299926758
62,14,1,40.411949157714844,-16.45363998413086
62,15,0,78.22132873535156,-23.188560485839844
62,15,1,40.51823043823242,-16.595409393310547
62,16,0,78.0526123046875,-23.222700119018555
62,16,1,40.6230583190918,-16.737430572509766
62,17,0,77.88516235351562,-23.256620407104492
62,17,1,40.72639846801758,-16.879770278930664
62,18,0,77.71910095214844,-23.290390014648438
62,18,1,40.82823181152344,-17.022390365600586
62,19,0,77.5548324584961,-23.323999404907227
62,19,1,40.92835998535156,-17.165180206298828
62,20,0,77.39275360107422,-23.35749053955078
62,20,1,41.02701950073242,-17.30821990966797
62,21,0,77.23226165771484,-23.389860153198242
62,21,1,41.124149322509766,-17.45153045654297
62,22,0,77.073486328125,-23.42194938659668
62,22,1,41.21984100341797,-17.595060348510742
62,23,0,76.9169692993164,-23.453840255737305
62,23,1,41.31399154663086,-17.73883056640625
62,24,0,76.761962890625,-23.48603057861328
62,24,1,41.40657043457031,-17.882930755615234
62,25,0,76.60906982421875,-23.517850875854492
62,25,1,41.497718811035156,-18.02722930908203
62,26,0,76.45829772949219,-23.5489501953125
62,26,1,41.587501525878906,-18.171640396118164
62,27,0,76.30911254882812,-23.579809188842773
62,27,1,41.6757698059082,-18.316009521484375
62,28,0,76.1614990234375,-23.609819412231445
62,28,1,41.762451171875,-18.460399627685547
62,29,0,76.01596069335938,-23.63936996459961
62,29,1,41.84775161743164,-18.60485076904297
62,30,0,75.87201690673828,-23.668249130249023
62,30,1,41.9316291809082,-18.749189376831055
62,31,0,75.7297592163086,-23.697240829467773
62,31,1,42.0141487121582,-18.8935604095459
62,32,0,75.58944702148438,-23.725860595703125
62,32,1,42.09540939331055,-19.03799057006836
62,33,0,75.45034790039062,-23.75507926940918
62,33,1,42.17525863647461,-19.18231964111328
62,34,0,75.31297302246094,-23.783649444580078
62,34,1,42.25382995605469,-19.326629638671875
62,35,0,75.17711639404297,-23.81085968017578
62,35,1,42.33121871948242,-19.470890045166016
62,36,0,75.04247283935547,-23.83839988708496
62,36,1,42.40742111206055,-19.615190505981445
62,37,0,74.90912628173828,-23.865909576416016
62,37,1,42.48250961303711,-19.759450912475586
62,38,0,74.77709197998047,-23.89318084716797
62,38,1,42.55656051635742,-19.903820037841797
62,39,0,74.64640808105469,-23.92041015625
62,39,1,42.629669189453125,-20.048389434814453
62,40,0,74.51741027832031,-23.947519302368164
62,40,1,42.70193099975586,-20.19317054748535
62,41,0,74.38957214355469,-23.974170684814453
62,41,1,42.77336883544922,-20.338159561157227
62,42,0,74.2623291015625,-24.000219345092773
62,42,1,42.84407043457031,-20.48339080810547
62,43,0,74.13553619384766,-24.02651023864746
62,43,1,42.914100646972656,-20.62877082824707
62,44,0,74.0093994140625,-24.05208969116211
62,44,1,42.983558654785156,-20.774490356445312
62,45,0,73.88459014892578,-24.077259063720703
62,45,1,43.0524787902832,-20.920459747314453
62,46,0,73.76006317138672,-24.102170944213867
62,46,1,43.12092971801758,-21.066770553588867
62,47,0,73.63651275634766,-24.12693977355957
62,47,1,43.18891143798828,-21.213199615478516
62,48,0,73.51383209228516,-24.15199089050293
62,48,1,43.2564811706543,-21.359859466552734
62,49,0,73.39173126220703,-24.176809310913086
62,49,1,43.32368850708008,-21.506710052490234
62,50,0,73.27027893066406,-24.201690673828125
62,50,1,43.39017868041992,-21.653749465942383
62,51,0,73.14936828613281,-24.226520538330078
62,51,1,43.455711364746094,-21.80137062072754
62,52,0,73.02886962890625,-24.25094985961914
62,52,1,43.52037811279297,-21.949430465698242
62,53,0,72.9087905883789,-24.275100708007812
62,53,1,43.584468841552734,-22.09794044494629
62,54,0,72.78919982910156,-24.298839569091797
62,54,1,43.64799880981445,-22.246810913085938
62,55,0,72.67030334472656,-24.322490692138672
62,55,1,43.711238861083984,-22.395910263061523
62,56,0,72.55203247070312,-24.345779418945312
62,56,1,43.77418899536133,-22.545000076293945
62,57,0,72.4345474243164,-24.368850708007812
62,57,1,43.83689880371094,-22.694189071655273
62,58,0,72.31806182861328,-24.391630172729492
62,58,1,43.89958953857422,-22.843299865722656
62,59,0,72.20281219482422,-24.41436004638672
62,59,1,43.962608337402344,-22.992300033569336
62,60,0,72.08828735351562,-24.437210083007812
62,60,1,44.026119232177734,-23.141260147094727
62,61,0,71.97467041015625,-24.459760665893555
62,61,1,44.09025955200195,-23.290250778198242
62,62,0,71.86151123046875,-24.482120513916016
62,62,1,44.154930114746094,-23.439050674438477
62,63,0,71.74918365478516,-24.504440307617188
62,63,1,44.22023010253906,-23.58778953552246
62,64,0,71.63807678222656,-24.526630401611328
62,64,1,44.28606033325195,-23.73632049560547
62,65,0,71.52774810791016,-24.548540115356445
62,65,1,44.352378845214844,-23.88459014892578
62,66,0,71.41805267333984,-24.57076072692871
62,66,1,44.41938018798828,-24.03257942199707
62,67,0,71.30860137939453,-24.59239959716797
62,67,1,44.48741149902344,-24.180360794067383
62,68,0,71.199462890625,-24.614479064941406
62,68,1,44.556419372558594,-24.327999114990234
62,69,0,71.09073638916016,-24.635700225830078
62,69,1,44.62644958496094,-24.475370407104492
62,70,0,70.98310852050781,-24.656600952148438
62,70,1,44.69773864746094,-24.622400283813477
62,71,0,70.87635803222656,-24.67691993713379
62,71,1,44.770538330078125,-24.76902961730957
62,72,0,70.77040100097656,-24.69655990600586
62,72,1,44.8448486328125,-24.915159225463867
62,73,0,70.66515350341797,-24.71639060974121
62,73,1,44.92021179199219,-25.060850143432617
62,74,0,70.56072235107422,-24.73604965209961
62,74,1,44.996768951416016,-25.206010818481445
62,75,0,70.45713806152344,-24.755870819091797
62,75,1,45.07463073730469,-25.35062026977539
62,76,0,70.35430145263672,-24.775489807128906
62,76,1,45.15361022949219,-25.493839263916016
62,77,0,70.25244140625,-24.795360565185547
62,77,1,45.233890533447266,-25.636049270629883
62,78,0,70.15144348144531,-24.814979553222656
62,78,1,45.315670013427734,-25.777320861816406
62,79,0,70.05148315429688,-24.83424949645996
62,79,1,45.39894104003906,-25.917709350585938
62,80,0,69.95291137695312,-24.853290557861328
62,80,1,45.483760833740234,-26.057260513305664
62,81,0,69.85508728027344,-24.872020721435547
62,81,1,45.5700798034668,-26.195920944213867
62,82,0,69.75836181640625,-24.89059066772461
62,82,1,45.65803146362305,-26.333709716796875
62,83,0,69.6623764038086,-24.909549713134766
62,83,1,45.74760818481445,-26.470569610595703
62,84,0,69.56746673583984,-24.928470611572266
62,84,1,45.838829040527344,-26.606420516967773
62,85,0,69.4740219116211,-24.94696044921875
62,85,1,45.93177032470703,-26.741010665893555
62,86,0,69.38166809082031,-24.964740753173828
62,86,1,46.02640151977539,-26.874080657958984
62,87,0,69.29106903076172,-24.982479095458984
62,87,1,46.122798919677734,-27.006000518798828
62,88,0,69.20146179199219,-25.000049591064453
62,88,1,46.22098159790039,-27.136510848999023
62,89,0,69.11238098144531,-25.01689910888672
62,89,1,46.32102966308594,-27.26569938659668
62,90,0,69.02471923828125,-25.0335693359375
62,90,1,46.423011779785156,-27.393569946289062
62,91,0,68.93839263916016,-25.050369262695312
62,91,1,46.52688980102539,-27.519960403442383
62,92,0,68.85347747802734,-25.066890716552734
62,92,1,46.632789611816406,-27.644710540771484
62,93,0,68.76982116699219,-25.08296012878418
62,93,1,46.740760803222656,-27.767919540405273
62,94,0,68.68711853027344,-25.099119186401367
62,94,1,46.8508186340332,-27.88960075378418
62,95,0,68.60565185546875,-25.11566925048828
62,95,1,46.962860107421875,-28.009479522705078
62,96,0,68.52532958984375,-25.132080078125
62,96,1,47.07695007324219,-28.127649307250977
62,97,0,68.44622039794922,-25.147340774536133
62,97,1,47.193138122558594,-28.244060516357422
62,98,0,68.36837005615234,-25.162349700927734
62,98,1,47.31150817871094,-28.358720779418945
62,99,0,68.29161834716797,-25.177000045776367
62,99,1,47.43199157714844,-28.4716796875
63,0,0,45.49198913574219,-27.82583999633789
63,0,1,14.689350128173828,-38.74515914916992
63,1,0,45.277671813964844,-27.86025047302246
63,1,1,14.990139961242676,-38.684261322021484
63,2,0,45.06264877319336,-27.895750045776367
63,2,1,15.292989730834961,-38.62297058105469
63,3,0,44.84711837768555,-27.9318904876709
63,3,1,15.598099708557129,-38.56093978881836
63,4,0,44.63113021850586,-27.96902084350586
63,4,1,15.90491008758545,-38.49748992919922
63,5,0,44.41429901123047,-28.00735092163086
63,5,1,16.211530685424805,-38.43347930908203
63,6,0,44.196800231933594,-28.046709060668945
63,6,1,16.517810821533203,-38.37089920043945
63,7,0,43.9782600402832,-28.08732032775879
63,7,1,16.823820114135742,-38.308048248291016
63,8,0,43.75873947143555,-28.129240036010742
63,8,1,17.129100799560547,-38.24491882324219
63,9,0,43.538570404052734,-28.172300338745117
63,9,1,17.43400001525879,-38.18212890625
63,10,0,43.31789016723633,-28.216550827026367
63,10,1,17.737550735473633,-38.11859130859375
63,11,0,43.09663009643555,-28.261940002441406
63,11,1,18.039270401000977,-38.0534782409668
63,12,0,42.87451934814453,-28.30845069885254
63,12,1,18.338720321655273,-37.98788833618164
63,13,0,42.65135955810547,-28.356239318847656
63,13,1,18.637279510498047,-37.92277908325195
63,14,0,42.42723846435547,-28.40522003173828
63,14,1,18.935110092163086,-37.85811996459961
63,15,0,42.202510833740234,-28.4552001953125
63,15,1,19.232070922851562,-37.79322814941406
63,16,0,41.9769287109375,-28.506290435791016
63,16,1,19.5285701751709,-37.72880172729492
63,17,0,41.75054168701172,-28.55847930908203
63,17,1,19.824350357055664,-37.6640510559082
63,18,0,41.523338317871094,-28.611719131469727
63,18,1,20.118799209594727,-37.599769592285156
63,19,0,41.29560089111328,-28.66588020324707
63,19,1,20.41183090209961,-37.5360107421875
63,20,0,41.06753921508789,-28.721010208129883
63,20,1,20.703189849853516,-37.4724006652832
63,21,0,40.8394889831543,-28.776979446411133
63,21,1,20.992340087890625,-37.407840728759766
63,22,0,40.6114501953125,-28.83371925354004
63,22,1,21.28019905090332,-37.343528747558594
63,23,0,40.3838005065918,-28.891279220581055
63,23,1,21.565580368041992,-37.27946853637695
63,24,0,40.15631866455078,-28.94965934753418
63,24,1,21.8487491607666,-37.21512985229492
63,25,0,39.92863082885742,-29.008930206298828
63,25,1,22.129940032958984,-37.14990997314453
63,26,0,39.70016860961914,-29.06909942626953
63,26,1,22.409530639648438,-37.08403015136719
63,27,0,39.47106170654297,-29.130189895629883
63,27,1,22.687959671020508,-37.01826858520508
63,28,0,39.241451263427734,-29.192129135131836
63,28,1,22.96463966369629,-36.95307159423828
63,29,0,39.0119514465332,-29.254690170288086
63,29,1,23.23954963684082,-36.88808822631836
63,30,0,38.78227996826172,-29.318029403686523
63,30,1,23.512849807739258,-36.82386016845703
63,31,0,38.551849365234375,-29.382169723510742
63,31,1,23.784610748291016,-36.760921478271484
63,32,0,38.32075881958008,-29.447059631347656
63,32,1,24.056289672851562,-36.69852066040039
63,33,0,38.08955001831055,-29.512510299682617
63,33,1,24.326269149780273,-36.63496017456055
63,34,0,37.857521057128906,-29.5789794921875
63,34,1,24.594009399414062,-36.569068908691406
63,35,0,37.62474060058594,-29.64613914489746
63,35,1,24.860429763793945,-36.50210952758789
63,36,0,37.39112854003906,-29.713970184326172
63,36,1,25.125789642333984,-36.43326187133789
63,37,0,37.15665054321289,-29.78244972229004
63,37,1,25.390230178833008,-36.3650016784668
63,38,0,36.92131042480469,-29.85148048400879
63,38,1,25.65312957763672,-36.29655838012695
63,39,0,36.68505096435547,-29.9210205078125
63,39,1,25.913999557495117,-36.22832107543945
63,40,0,36.4480094909668,-29.991039276123047
63,40,1,26.17374038696289,-36.159339904785156
63,41,0,36.210201263427734,-30.061399459838867
63,41,1,26.431720733642578,-36.09003829956055
63,42,0,35.97243881225586,-30.13187026977539
63,42,1,26.6872501373291,-36.02075958251953
63,43,0,35.734779357910156,-30.20241928100586
63,43,1,26.941600799560547,-35.952640533447266
63,44,0,35.49702835083008,-30.272890090942383
63,44,1,27.194360733032227,-35.88462829589844
63,45,0,35.25933837890625,-30.34333038330078
63,45,1,27.444580078125,-35.817161560058594
63,46,0,35.02157974243164,-30.413860321044922
63,46,1,27.692899703979492,-35.75019836425781
63,47,0,34.78392028808594,-30.484329223632812
63,47,1,27.93988037109375,-35.68373107910156
63,48,0,34.54621887207031,-30.554779052734375
63,48,1,28.18684959411621,-35.617530822753906
63,49,0,34.30839920043945,-30.62523078918457
63,49,1,28.432580947875977,-35.55207824707031
63,50,0,34.06998825073242,-30.69540023803711
63,50,1,28.677209854125977,-35.48657989501953
63,51,0,33.831478118896484,-30.765840530395508
63,51,1,28.92021942138672,-35.421329498291016
63,52,0,33.59284973144531,-30.836179733276367
63,52,1,29.16274070739746,-35.35614013671875
63,53,0,33.35432052612305,-30.9060001373291
63,53,1,29.404109954833984,-35.29132843017578
63,54,0,33.11521911621094,-30.97534942626953
63,54,1,29.64365005493164,-35.227210998535156
63,55,0,32.876190185546875,-31.044069290161133
63,55,1,29.881420135498047,-35.163909912109375
63,56,0,32.63724136352539,-31.113229751586914
63,56,1,30.118019104003906,-35.10049819946289
63,57,0,32.39786911010742,-31.182510375976562
63,57,1,30.353370666503906,-35.0371208190918
63,58,0,32.158180236816406,-31.252260208129883
63,58,1,30.587329864501953,-34.97394943237305
63,59,0,31.91813087463379,-31.32213020324707
63,59,1,30.819690704345703,-34.91115951538086
63,60,0,31.677980422973633,-31.39215087890625
63,60,1,31.050159454345703,-34.848960876464844
63,61,0,31.439350128173828,-31.46150016784668
63,61,1,31.27923011779785,-34.787330627441406
63,62,0,31.201520919799805,-31.530349731445312
63,62,1,31.506460189819336,-34.7265510559082
63,63,0,30.963760375976562,-31.59882926940918
63,63,1,31.732160568237305,-34.666648864746094
63,64,0,30.72624969482422,-31.6668701171875
63,64,1,31.957210540771484,-34.60667037963867
63,65,0,30.48809051513672,-31.734729766845703
63,65,1,32.18095016479492,-34.54692840576172
63,66,0,30.249130249023438,-31.802440643310547
63,66,1,32.402931213378906,-34.4886589050293
63,67,0,30.009479522705078,-31.86996078491211
63,67,1,32.623809814453125,-34.430931091308594
63,68,0,29.76909065246582,-31.93733024597168
63,68,1,32.843849182128906,-34.37480926513672
63,69,0,29.527860641479492,-32.004451751708984
63,69,1,33.0619010925293,-34.319950103759766
63,70,0,29.28582000732422,-32.071529388427734
63,70,1,33.278690338134766,-34.266448974609375
63,71,0,29.043020248413086,-32.13835144042969
63,71,1,33.49462890625,-34.213600158691406
63,72,0,28.799400329589844,-32.20513153076172
63,72,1,33.70838165283203,-34.161190032958984
63,73,0,28.554990768432617,-32.27185821533203
63,73,1,33.92058181762695,-34.10966110229492
63,74,0,28.309799194335938,-32.338401794433594
63,74,1,34.13154983520508,-34.05900955200195
63,75,0,28.06382942199707,-32.40489959716797
63,75,1,34.34059143066406,-34.0089111328125
63,76,0,27.81705093383789,-32.471370697021484
63,76,1,34.54814147949219,-33.960018157958984
63,77,0,27.569599151611328,-32.53776931762695
63,77,1,34.75408172607422,-33.9115104675293
63,78,0,27.321340560913086,-32.60414123535156
63,78,1,34.958438873291016,-33.86328125
63,79,0,27.072450637817383,-32.670528411865234
63,79,1,35.16482162475586,-33.81523132324219
63,80,0,26.82295036315918,-32.73683166503906
63,80,1,35.36996841430664,-33.768741607666016
63,81,0,26.57288932800293,-32.803131103515625
63,81,1,35.574371337890625,-33.722328186035156
63,82,0,26.32234001159668,-32.86940002441406
63,82,1,35.777198791503906,-33.67673873901367
63,83,0,26.07196044921875,-32.93553924560547
63,83,1,35.978450775146484,-33.632469177246094
63,84,0,25.821950912475586,-33.00149917602539
63,84,1,36.17864990234375,-33.58903121948242
63,85,0,25.5718994140625,-33.0673713684082
63,85,1,36.37828826904297,-33.54594039916992
63,86,0,25.32131004333496,-33.13328170776367
63,86,1,36.57720947265625,-33.503841400146484
63,87,0,25.0701904296875,-33.19921875
63,87,1,36.77532958984375,-33.460609436035156
63,88,0,24.81842041015625,-33.26538848876953
63,88,1,36.972450256347656,-33.41688919067383
63,89,0,24.565980911254883,-33.331668853759766
63,89,1,37.16828918457031,-33.37334060668945
63,90,0,24.31298065185547,-33.398101806640625
63,90,1,37.36375045776367,-33.32841873168945
63,91,0,24.059429168701172,-33.46466064453125
63,91,1,37.558990478515625,-33.28445053100586
63,92,0,23.805320739746094,-33.53131103515625
63,92,1,37.7542610168457,-33.24100112915039
63,93,0,23.550649642944336,-33.59803009033203
63,93,1,37.95008087158203,-33.19850158691406
63,94,0,23.295080184936523,-33.664859771728516
63,94,1,38.143310546875,-33.15753936767578
63,95,0,23.038949966430664,-33.73168182373047
63,95,1,38.336700439453125,-33.11708068847656
63,96,0,22.782270431518555,-33.798439025878906
63,96,1,38.53042984008789,-33.07683181762695
63,97,0,22.525039672851562,-33.86481857299805
63,97,1,38.7247200012207,-33.0365104675293
63,98,0,22.26515007019043,-33.93138122558594
63,98,1,38.91917037963867,-32.99692916870117
63,99,0,22.004819869995117,-33.997798919677734
63,99,1,39.11412811279297,-32.95800018310547
64,0,0,50.50382995605469,-27.277969360351562
64,0,1,15.37837028503418,-38.30043029785156
64,1,0,50.20555877685547,-27.31778907775879
64,1,1,15.712690353393555,-38.21992874145508
64,2,0,49.907379150390625,-27.35795021057129
64,2,1,16.049869537353516,-38.13732147216797
64,3,0,49.60892868041992,-27.398529052734375
64,3,1,16.390779495239258,-38.05376052856445
64,4,0,49.31010818481445,-27.439590454101562
64,4,1,16.7332706451416,-37.9688606262207
64,5,0,49.011478424072266,-27.48118019104004
64,5,1,17.07720947265625,-37.8831901550293
64,6,0,48.71281814575195,-27.5233097076416
64,6,1,17.42181968688965,-37.797149658203125
64,7,0,48.413818359375,-27.566129684448242
64,7,1,17.767169952392578,-37.711238861083984
64,8,0,48.11455154418945,-27.60965919494629
64,8,1,18.11298942565918,-37.625431060791016
64,9,0,47.815521240234375,-27.653839111328125
64,9,1,18.459369659423828,-37.53932189941406
64,10,0,47.516048431396484,-27.698810577392578
64,10,1,18.804479598999023,-37.45301055908203
64,11,0,47.216670989990234,-27.744510650634766
64,11,1,19.1500301361084,-37.36621856689453
64,12,0,46.91619110107422,-27.79109001159668
64,12,1,19.495410919189453,-37.280128479003906
64,13,0,46.615821838378906,-27.838470458984375
64,13,1,19.840389251708984,-37.19416046142578
64,14,0,46.31549835205078,-27.886690139770508
64,14,1,20.184959411621094,-37.108680725097656
64,15,0,46.014801025390625,-27.93572998046875
64,15,1,20.527929306030273,-37.0234489440918
64,16,0,45.71295928955078,-27.98567008972168
64,16,1,20.870010375976562,-36.93838882446289
64,17,0,45.410888671875,-28.036550521850586
64,17,1,21.211280822753906,-36.85401153564453
64,18,0,45.10844039916992,-28.088340759277344
64,18,1,21.54969024658203,-36.77024841308594
64,19,0,44.80598831176758,-28.141040802001953
64,19,1,21.886669158935547,-36.686851501464844
64,20,0,44.50336837768555,-28.194719314575195
64,20,1,22.22201919555664,-36.6042594909668
64,21,0,44.20045852661133,-28.249439239501953
64,21,1,22.556129455566406,-36.522491455078125
64,22,0,43.897830963134766,-28.3051700592041
64,22,1,22.88916015625,-36.44110107421875
64,23,0,43.595760345458984,-28.361909866333008
64,23,1,23.221519470214844,-36.36024856567383
64,24,0,43.293941497802734,-28.419700622558594
64,24,1,23.552549362182617,-36.27996063232422
64,25,0,42.99348068237305,-28.47825050354004
64,25,1,23.88235092163086,-36.19961929321289
64,26,0,42.693729400634766,-28.53784942626953
64,26,1,24.211170196533203,-36.1197509765625
64,27,0,42.393798828125,-28.598630905151367
64,27,1,24.53820037841797,-36.04042053222656
64,28,0,42.09355926513672,-28.660659790039062
64,28,1,24.862579345703125,-35.962440490722656
64,29,0,41.793758392333984,-28.723779678344727
64,29,1,25.185819625854492,-35.884639739990234
64,30,0,41.494239807128906,-28.788009643554688
64,30,1,25.50783920288086,-35.80730056762695
64,31,0,41.19451904296875,-28.853410720825195
64,31,1,25.828369140625,-35.730369567871094
64,32,0,40.89466857910156,-28.91999053955078
64,32,1,26.147069931030273,-35.6538200378418
64,33,0,40.594120025634766,-28.987899780273438
64,33,1,26.464519500732422,-35.57801055908203
64,34,0,40.29254913330078,-29.057079315185547
64,34,1,26.78023910522461,-35.503028869628906
64,35,0,39.99211883544922,-29.127309799194336
64,35,1,27.09450912475586,-35.42876052856445
64,36,0,39.69221878051758,-29.19860076904297
64,36,1,27.406829833984375,-35.355770111083984
64,37,0,39.39210891723633,-29.271259307861328
64,37,1,27.71697998046875,-35.28300857543945
64,38,0,39.09196853637695,-29.345169067382812
64,38,1,28.02495002746582,-35.2105712890625
64,39,0,38.792030334472656,-29.42017936706543
64,39,1,28.330570220947266,-35.13813018798828
64,40,0,38.49225997924805,-29.4962100982666
64,40,1,28.634559631347656,-35.06581115722656
64,41,0,38.19089889526367,-29.57386016845703
64,41,1,28.936840057373047,-34.99420928955078
64,42,0,37.888519287109375,-29.652870178222656
64,42,1,29.2379093170166,-34.92316818237305
64,43,0,37.5860710144043,-29.73291015625
64,43,1,29.538129806518555,-34.8526611328125
64,44,0,37.283260345458984,-29.8139591217041
64,44,1,29.836339950561523,-34.78300094604492
64,45,0,36.97964859008789,-29.896060943603516
64,45,1,30.13347053527832,-34.71363067626953
64,46,0,36.67601013183594,-29.978910446166992
64,46,1,30.42888069152832,-34.6450309753418
64,47,0,36.37128829956055,-30.06270980834961
64,47,1,30.722579956054688,-34.57695007324219
64,48,0,36.06591033935547,-30.14727020263672
64,48,1,31.014650344848633,-34.50947189331055
64,49,0,35.760169982910156,-30.2322998046875
64,49,1,31.3048095703125,-34.4421501159668
64,50,0,35.45423889160156,-30.317689895629883
64,50,1,31.593090057373047,-34.37554168701172
64,51,0,35.14706039428711,-30.403549194335938
64,51,1,31.879240036010742,-34.30995178222656
64,52,0,34.83872985839844,-30.48986053466797
64,52,1,32.16284942626953,-34.245201110839844
64,53,0,34.52886962890625,-30.57655906677246
64,53,1,32.44422149658203,-34.18111038208008
64,54,0,34.21839141845703,-30.663410186767578
64,54,1,32.723628997802734,-34.117881774902344
64,55,0,33.907169342041016,-30.75027084350586
64,55,1,33.001121520996094,-34.05569839477539
64,56,0,33.59587860107422,-30.836750030517578
64,56,1,33.27500915527344,-33.994529724121094
64,57,0,33.284629821777344,-30.92275047302246
64,57,1,33.54608917236328,-33.934749603271484
64,58,0,32.97304916381836,-31.008329391479492
64,58,1,33.8148193359375,-33.8762092590332
64,59,0,32.66128158569336,-31.09320068359375
64,59,1,34.08073043823242,-33.81888961791992
64,60,0,32.350181579589844,-31.177419662475586
64,60,1,34.344200134277344,-33.763221740722656
64,61,0,32.03876876831055,-31.26129913330078
64,61,1,34.60430908203125,-33.70867156982422
64,62,0,31.727109909057617,-31.34476089477539
64,62,1,34.86119842529297,-33.655521392822266
64,63,0,31.415340423583984,-31.4277400970459
64,63,1,35.11458969116211,-33.60416030883789
64,64,0,31.102930068969727,-31.510440826416016
64,64,1,35.36492156982422,-33.55442810058594
64,65,0,30.790010452270508,-31.592790603637695
64,65,1,35.61503982543945,-33.5054817199707
64,66,0,30.476390838623047,-31.6748104095459
64,66,1,35.862911224365234,-33.45732116699219
64,67,0,30.162200927734375,-31.75642967224121
64,67,1,36.10789108276367,-33.41086959838867
64,68,0,29.847379684448242,-31.83757972717285
64,68,1,36.349849700927734,-33.36621856689453
64,69,0,29.531930923461914,-31.91827964782715
64,69,1,36.58898162841797,-33.3236198425293
64,70,0,29.216100692749023,-31.998550415039062
64,70,1,36.82524108886719,-33.28308868408203
64,71,0,28.899120330810547,-32.07857894897461
64,71,1,37.05821990966797,-33.24470138549805
64,72,0,28.581409454345703,-32.1580810546875
64,72,1,37.28886032104492,-33.20825958251953
64,73,0,28.263710021972656,-32.23701858520508
64,73,1,37.51784896850586,-33.17369079589844
64,74,0,27.946130752563477,-32.3155403137207
64,74,1,37.74208068847656,-33.14054870605469
64,75,0,27.62866973876953,-32.39363098144531
64,75,1,37.96324157714844,-33.10824966430664
64,76,0,27.310909271240234,-32.47146987915039
64,76,1,38.18198013305664,-33.0772705078125
64,77,0,26.99321937561035,-32.549041748046875
64,77,1,38.399391174316406,-33.04710006713867
64,78,0,26.675189971923828,-32.62636947631836
64,78,1,38.61491012573242,-33.01689910888672
64,79,0,26.3569393157959,-32.70351028442383
64,79,1,38.828880310058594,-32.989891052246094
64,80,0,26.038740158081055,-32.780479431152344
64,80,1,39.04154968261719,-32.96625900268555
64,81,0,25.72075080871582,-32.85731887817383
64,81,1,39.2528190612793,-32.94472122192383
64,82,0,25.403039932250977,-32.93416976928711
64,82,1,39.46249008178711,-32.92477035522461
64,83,0,25.08588981628418,-33.011051177978516
64,83,1,39.670528411865234,-32.9056510925293
64,84,0,24.76905059814453,-33.08808898925781
64,84,1,39.87649917602539,-32.88642120361328
64,85,0,24.451820373535156,-33.16548156738281
64,85,1,40.080718994140625,-32.867530822753906
64,86,0,24.134029388427734,-33.24325180053711
64,86,1,40.28300857543945,-32.850311279296875
64,87,0,23.815799713134766,-33.321449279785156
64,87,1,40.48289108276367,-32.833030700683594
64,88,0,23.498310089111328,-33.39957046508789
64,88,1,40.681068420410156,-32.816078186035156
64,89,0,23.181739807128906,-33.47766876220703
64,89,1,40.87788009643555,-32.798648834228516
64,90,0,22.86642074584961,-33.55583953857422
64,90,1,41.074241638183594,-32.781700134277344
64,91,0,22.552520751953125,-33.6340217590332
64,91,1,41.267738342285156,-32.765708923339844
64,92,0,22.240209579467773,-33.71223068237305
64,92,1,41.45927810668945,-32.75038146972656
64,93,0,21.929550170898438,-33.790409088134766
64,93,1,41.649940490722656,-32.735511779785156
64,94,0,21.6205997467041,-33.86861038208008
64,94,1,41.83940124511719,-32.72127914428711
64,95,0,21.31237030029297,-33.947078704833984
64,95,1,42.02762985229492,-32.7081413269043
64,96,0,21.00497055053711,-34.02574157714844
64,96,1,42.21514129638672,-32.696659088134766
64,97,0,20.697900772094727,-34.104610443115234
64,97,1,42.40119171142578,-32.68497848510742
64,98,0,20.39051055908203,-34.18391036987305
64,98,1,42.58591842651367,-32.673728942871094
64,99,0,20.082849502563477,-34.26359939575195
64,99,1,42.769500732421875,-32.66225051879883
65,0,0,53.92552947998047,-30.281810760498047
65,0,1,87.69170379638672,-19.150279998779297
65,1,0,54.05683135986328,-30.25605010986328
65,1,1,87.49574279785156,-19.17530059814453
65,2,0,54.18817138671875,-30.230260848999023
65,2,1,87.29891967773438,-19.201269149780273
65,3,0,54.319271087646484,-30.204429626464844
65,3,1,87.10125732421875,-19.228059768676758
65,4,0,54.44987106323242,-30.178569793701172
65,4,1,86.90278625488281,-19.25555992126465
65,5,0,54.58108901977539,-30.15247917175293
65,5,1,86.70355987548828,-19.2838191986084
65,6,0,54.71268081665039,-30.126590728759766
65,6,1,86.5033187866211,-19.313270568847656
65,7,0,54.84429931640625,-30.100780487060547
65,7,1,86.30206298828125,-19.34394073486328
65,8,0,54.9759407043457,-30.07556915283203
65,8,1,86.09977722167969,-19.3758602142334
65,9,0,55.1079216003418,-30.05044937133789
65,9,1,85.8968505859375,-19.409839630126953
65,10,0,55.239810943603516,-30.02511978149414
65,10,1,85.69024658203125,-19.446020126342773
65,11,0,55.371681213378906,-29.999849319458008
65,11,1,85.48310089111328,-19.484079360961914
65,12,0,55.50386047363281,-29.97456932067871
65,12,1,85.27552032470703,-19.523609161376953
65,13,0,55.63656997680664,-29.949140548706055
65,13,1,85.06710052490234,-19.564050674438477
65,14,0,55.769840240478516,-29.923959732055664
65,14,1,84.85749816894531,-19.605789184570312
65,15,0,55.90348815917969,-29.898649215698242
65,15,1,84.64675903320312,-19.64876937866211
65,16,0,56.03770065307617,-29.87302017211914
65,16,1,84.43495178222656,-19.692779541015625
65,17,0,56.17258834838867,-29.8475399017334
65,17,1,84.2223892211914,-19.737720489501953
65,18,0,56.307899475097656,-29.82200050354004
65,18,1,84.00997924804688,-19.783729553222656
65,19,0,56.443599700927734,-29.795909881591797
65,19,1,83.79702758789062,-19.83049964904785
65,20,0,56.57976150512695,-29.769840240478516
65,20,1,83.58438873291016,-19.878089904785156
65,21,0,56.71644973754883,-29.744430541992188
65,21,1,83.37151336669922,-19.926469802856445
65,22,0,56.85401916503906,-29.718629837036133
65,22,1,83.15939331054688,-19.975730895996094
65,23,0,56.992610931396484,-29.692750930786133
65,23,1,82.94696044921875,-20.02589988708496
65,24,0,57.13227081298828,-29.666820526123047
65,24,1,82.73348236083984,-20.07710075378418
65,25,0,57.272090911865234,-29.64065933227539
65,25,1,82.51982116699219,-20.128719329833984
65,26,0,57.412418365478516,-29.6143798828125
65,26,1,82.30684661865234,-20.180419921875
65,27,0,57.55091094970703,-29.58863067626953
65,27,1,82.09459686279297,-20.232219696044922
65,28,0,57.69002914428711,-29.562740325927734
65,28,1,81.88298797607422,-20.28404998779297
65,29,0,57.8306884765625,-29.536300659179688
65,29,1,81.6718978881836,-20.335790634155273
65,30,0,57.97233963012695,-29.50963020324707
65,30,1,81.46138000488281,-20.387149810791016
65,31,0,58.115318298339844,-29.482370376586914
65,31,1,81.25140380859375,-20.43848991394043
65,32,0,58.25960159301758,-29.454179763793945
65,32,1,81.04210662841797,-20.489810943603516
65,33,0,58.40557861328125,-29.425739288330078
65,33,1,80.83257293701172,-20.54155921936035
65,34,0,58.553138732910156,-29.396709442138672
65,34,1,80.62294006347656,-20.593769073486328
65,35,0,58.7027702331543,-29.368099212646484
65,35,1,80.41390228271484,-20.645830154418945
65,36,0,58.85417938232422,-29.339889526367188
65,36,1,80.2046890258789,-20.698440551757812
65,37,0,59.00743865966797,-29.311279296875
65,37,1,79.99584197998047,-20.751419067382812
65,38,0,59.162269592285156,-29.2822208404541
65,38,1,79.78663635253906,-20.804840087890625
65,39,0,59.317359924316406,-29.252220153808594
65,39,1,79.57804107666016,-20.858509063720703
65,40,0,59.47417068481445,-29.221799850463867
65,40,1,79.37001037597656,-20.912399291992188
65,41,0,59.63315963745117,-29.190460205078125
65,41,1,79.16255187988281,-20.966489791870117
65,42,0,59.7943000793457,-29.158809661865234
65,42,1,78.95555877685547,-21.020780563354492
65,43,0,59.9576416015625,-29.12578010559082
65,43,1,78.74903106689453,-21.07526969909668
65,44,0,60.123661041259766,-29.093280792236328
65,44,1,78.5431137084961,-21.129880905151367
65,45,0,60.29233932495117,-29.061790466308594
65,45,1,78.3376693725586,-21.18453025817871
65,46,0,60.46342086791992,-29.03013038635254
65,46,1,78.13256072998047,-21.239349365234375
65,47,0,60.63508987426758,-28.997819900512695
65,47,1,77.92778778076172,-21.29442024230957
65,48,0,60.808998107910156,-28.9649600982666
65,48,1,77.72355651855469,-21.349620819091797
65,49,0,60.986480712890625,-28.930349349975586
65,49,1,77.5196762084961,-21.404850006103516
65,50,0,61.16716003417969,-28.894630432128906
65,50,1,77.31623840332031,-21.460159301757812
65,51,0,61.35063171386719,-28.858020782470703
65,51,1,77.11324310302734,-21.515539169311523
65,52,0,61.53948974609375,-28.82080078125
65,52,1,76.91071319580078,-21.57115936279297
65,53,0,61.73064041137695,-28.7818603515625
65,53,1,76.70848846435547,-21.626779556274414
65,54,0,61.920799255371094,-28.742509841918945
65,54,1,76.50653076171875,-21.682600021362305
65,55,0,62.11473083496094,-28.70244026184082
65,55,1,76.30500030517578,-21.738569259643555
65,56,0,62.31182861328125,-28.662620544433594
65,56,1,76.10375213623047,-21.79431915283203
65,57,0,62.5070686340332,-28.62373924255371
65,57,1,75.90274810791016,-21.850269317626953
65,58,0,62.70214080810547,-28.586029052734375
65,58,1,75.70201110839844,-21.906410217285156
65,59,0,62.90011978149414,-28.548839569091797
65,59,1,75.50145721435547,-21.96286964416504
65,60,0,63.09775161743164,-28.512710571289062
65,60,1,75.30107879638672,-22.019559860229492
65,61,0,63.29745101928711,-28.477310180664062
65,61,1,75.10092163085938,-22.07655906677246
65,62,0,63.4947395324707,-28.44243049621582
65,62,1,74.90081024169922,-22.133920669555664
65,63,0,63.69580841064453,-28.40612030029297
65,63,1,74.7009506225586,-22.191600799560547
65,64,0,63.89582061767578,-28.36952018737793
65,64,1,74.50131225585938,-22.24949073791504
65,65,0,64.09501647949219,-28.33293914794922
65,65,1,74.30181884765625,-22.307540893554688
65,66,0,64.2929916381836,-28.296289443969727
65,66,1,74.10269927978516,-22.36578941345215
65,67,0,64.48937225341797,-28.259769439697266
65,67,1,73.90386962890625,-22.424240112304688
65,68,0,64.69432067871094,-28.221229553222656
65,68,1,73.70549774169922,-22.482759475708008
65,69,0,64.89859008789062,-28.18242073059082
65,69,1,73.50746154785156,-22.54077911376953
65,70,0,65.10144805908203,-28.142780303955078
65,70,1,73.30988311767578,-22.598709106445312
65,71,0,65.3023910522461,-28.103029251098633
65,71,1,73.11284637451172,-22.656530380249023
65,72,0,65.50179290771484,-28.063899993896484
65,72,1,72.91622924804688,-22.71430015563965
65,73,0,65.69880676269531,-28.024669647216797
65,73,1,72.71987915039062,-22.7721004486084
65,74,0,65.90245819091797,-27.984230041503906
65,74,1,72.52393341064453,-22.82979965209961
65,75,0,66.10868835449219,-27.94322967529297
65,75,1,72.32843017578125,-22.887300491333008
65,76,0,66.31307983398438,-27.902379989624023
65,76,1,72.13313293457031,-22.944719314575195
65,77,0,66.51995849609375,-27.861770629882812
65,77,1,71.9381103515625,-23.00204086303711
65,78,0,66.73661041259766,-27.81903076171875
65,78,1,71.74343872070312,-23.059289932250977
65,79,0,66.95036315917969,-27.776779174804688
65,79,1,71.54894256591797,-23.11655044555664
65,80,0,67.16145324707031,-27.734779357910156
65,80,1,71.35468292236328,-23.173830032348633
65,81,0,67.37779998779297,-27.692209243774414
65,81,1,71.16062927246094,-23.23118019104004
65,82,0,67.60208129882812,-27.647890090942383
65,82,1,70.96662902832031,-23.28904914855957
65,83,0,67.82254028320312,-27.60395050048828
65,83,1,70.7719497680664,-23.34783935546875
65,84,0,68.03958892822266,-27.560409545898438
65,84,1,70.57713317871094,-23.407520294189453
65,85,0,68.26085662841797,-27.516359329223633
65,85,1,70.3818588256836,-23.46837043762207
65,86,0,68.48776245117188,-27.47110939025879
65,86,1,70.18576049804688,-23.529630661010742
65,87,0,68.7110366821289,-27.42707061767578
65,87,1,69.98886108398438,-23.591419219970703
65,88,0,68.93084716796875,-27.38408088684082
65,88,1,69.79086303710938,-23.653610229492188
65,89,0,69.1552734375,-27.340190887451172
65,89,1,69.5919189453125,-23.716270446777344
65,90,0,69.38517761230469,-27.29511070251465
65,90,1,69.39232635498047,-23.779850006103516
65,91,0,69.61652374267578,-27.24942970275879
65,91,1,69.19145965576172,-23.843679428100586
65,92,0,69.85211181640625,-27.202930450439453
65,92,1,68.98931121826172,-23.9077091217041
65,93,0,70.0830078125,-27.1577205657959
65,93,1,68.7860336303711,-23.97180938720703
65,94,0,70.30854797363281,-27.113479614257812
65,94,1,68.5814437866211,-24.035810470581055
65,95,0,70.52922821044922,-27.069929122924805
65,95,1,68.3758773803711,-24.099750518798828
65,96,0,70.75701904296875,-27.02482032775879
65,96,1,68.16954803466797,-24.163650512695312
65,97,0,70.99138641357422,-26.978729248046875
65,97,1,67.9627914428711,-24.22711944580078
65,98,0,71.2319107055664,-26.931379318237305
65,98,1,67.75679016113281,-24.28927993774414
65,99,0,71.46485137939453,-26.88496971130371
65,99,1,67.55132293701172,-24.350330352783203
66,0,0,55.239810943603516,-30.02511978149414
66,0,1,92.58979034423828,-19.324499130249023
66,1,0,55.371681213378906,-29.999849319458008
66,1,1,92.37667083740234,-19.35586929321289
66,2,0,55.50386047363281,-29.97456932067871
66,2,1,92.16297912597656,-19.387319564819336
66,3,0,55.63656997680664,-29.949140548706055
66,3,1,91.9493637084961,-19.419340133666992
66,4,0,55.769840240478516,-29.923959732055664
66,4,1,91.73461151123047,-19.451839447021484
66,5,0,55.90348815917969,-29.898649215698242
66,5,1,91.5194320678711,-19.484540939331055
66,6,0,56.03770065307617,-29.87302017211914
66,6,1,91.30394744873047,-19.517330169677734
66,7,0,56.17258834838867,-29.8475399017334
66,7,1,91.08831787109375,-19.55013084411621
66,8,0,56.307899475097656,-29.82200050354004
66,8,1,90.87252044677734,-19.582979202270508
66,9,0,56.443599700927734,-29.795909881591797
66,9,1,90.6568832397461,-19.615659713745117
66,10,0,56.57976150512695,-29.769840240478516
66,10,1,90.44170379638672,-19.648229598999023
66,11,0,56.71644973754883,-29.744430541992188
66,11,1,90.22699737548828,-19.68065071105957
66,12,0,56.85401916503906,-29.718629837036133
66,12,1,90.01280975341797,-19.712890625
66,13,0,56.992610931396484,-29.692750930786133
66,13,1,89.79901885986328,-19.745100021362305
66,14,0,57.13227081298828,-29.666820526123047
66,14,1,89.58502197265625,-19.77737045288086
66,15,0,57.272090911865234,-29.64065933227539
66,15,1,89.37091827392578,-19.80971908569336
66,16,0,57.412418365478516,-29.6143798828125
66,16,1,89.15733337402344,-19.841880798339844
66,17,0,57.55091094970703,-29.58863067626953
66,17,1,88.9436264038086,-19.874109268188477
66,18,0,57.69002914428711,-29.562740325927734
66,18,1,88.73047637939453,-19.906179428100586
66,19,0,57.8306884765625,-29.536300659179688
66,19,1,88.51756286621094,-19.938209533691406
66,20,0,57.97233963012695,-29.50963020324707
66,20,1,88.30516052246094,-19.970130920410156
66,21,0,58.115318298339844,-29.482370376586914
66,21,1,88.09324645996094,-20.00197982788086
66,22,0,58.25960159301758,-29.454179763793945
66,22,1,87.88188171386719,-20.033700942993164
66,23,0,58.40557861328125,-29.425739288330078
66,23,1,87.67115783691406,-20.065359115600586
66,24,0,58.553138732910156,-29.396709442138672
66,24,1,87.46047973632812,-20.097129821777344
66,25,0,58.7027702331543,-29.368099212646484
66,25,1,87.24976348876953,-20.12902069091797
66,26,0,58.85417938232422,-29.339889526367188
66,26,1,87.03972625732422,-20.160810470581055
66,27,0,59.00743865966797,-29.311279296875
66,27,1,86.83040618896484,-20.192459106445312
66,28,0,59.162269592285156,-29.2822208404541
66,28,1,86.62120056152344,-20.224170684814453
66,29,0,59.317359924316406,-29.252220153808594
66,29,1,86.41297912597656,-20.255630493164062
66,30,0,59.47417068481445,-29.221799850463867
66,30,1,86.2049331665039,-20.287160873413086
66,31,0,59.63315963745117,-29.190460205078125
66,31,1,85.99807739257812,-20.31899070739746
66,32,0,59.7943000793457,-29.158809661865234
66,32,1,85.79122161865234,-20.351089477539062
66,33,0,59.9576416015625,-29.12578010559082
66,33,1,85.58502960205078,-20.383220672607422
66,34,0,60.123661041259766,-29.093280792236328
66,34,1,85.37902069091797,-20.415599822998047
66,35,0,60.29233932495117,-29.061790466308594
66,35,1,85.17357635498047,-20.448570251464844
66,36,0,60.46342086791992,-29.03013038635254
66,36,1,84.96836853027344,-20.481689453125
66,37,0,60.63508987426758,-28.997819900512695
66,37,1,84.76344299316406,-20.51495933532715
66,38,0,60.808998107910156,-28.9649600982666
66,38,1,84.55908203125,-20.54844093322754
66,39,0,60.986480712890625,-28.930349349975586
66,39,1,84.35527038574219,-20.582090377807617
66,40,0,61.16716003417969,-28.894630432128906
66,40,1,84.151611328125,-20.61610984802246
66,41,0,61.35063171386719,-28.858020782470703
66,41,1,83.9478988647461,-20.650609970092773
66,42,0,61.53948974609375,-28.82080078125
66,42,1,83.74417877197266,-20.68553924560547
66,43,0,61.73064041137695,-28.7818603515625
66,43,1,83.54035949707031,-20.72093963623047
66,44,0,61.920799255371094,-28.742509841918945
66,44,1,83.33659362792969,-20.756759643554688
66,45,0,62.11473083496094,-28.70244026184082
66,45,1,83.13336181640625,-20.792869567871094
66,46,0,62.31182861328125,-28.662620544433594
66,46,1,82.9306869506836,-20.8292293548584
66,47,0,62.5070686340332,-28.62373924255371
66,47,1,82.72846984863281,-20.86598014831543
66,48,0,62.70214080810547,-28.586029052734375
66,48,1,82.5267562866211,-20.903650283813477
66,49,0,62.90011978149414,-28.548839569091797
66,49,1,82.32486724853516,-20.941980361938477
66,50,0,63.09775161743164,-28.512710571289062
66,50,1,82.12283325195312,-20.98090934753418
66,51,0,63.29745101928711,-28.477310180664062
66,51,1,81.92095184326172,-21.020309448242188
66,52,0,63.4947395324707,-28.44243049621582
66,52,1,81.71898651123047,-21.060279846191406
66,53,0,63.69580841064453,-28.40612030029297
66,53,1,81.5174331665039,-21.100610733032227
66,54,0,63.89582061767578,-28.36952018737793
66,54,1,81.31629943847656,-21.14130973815918
66,55,0,64.09501647949219,-28.33293914794922
66,55,1,81.11553192138672,-21.18231964111328
66,56,0,64.2929916381836,-28.296289443969727
66,56,1,80.91471862792969,-21.223840713500977
66,57,0,64.48937225341797,-28.259769439697266
66,57,1,80.71360778808594,-21.266010284423828
66,58,0,64.69432067871094,-28.221229553222656
66,58,1,80.51213073730469,-21.308759689331055
66,59,0,64.89859008789062,-28.18242073059082
66,59,1,80.31111907958984,-21.351730346679688
66,60,0,65.10144805908203,-28.142780303955078
66,60,1,80.11084747314453,-21.39504051208496
66,61,0,65.3023910522461,-28.103029251098633
66,61,1,79.91091918945312,-21.438600540161133
66,62,0,65.50179290771484,-28.063899993896484
66,62,1,79.71106719970703,-21.482540130615234
66,63,0,65.69880676269531,-28.024669647216797
66,63,1,79.5108413696289,-21.52699089050293
66,64,0,65.90245819091797,-27.984230041503906
66,64,1,79.31086730957031,-21.571630477905273
66,65,0,66.10868835449219,-27.94322967529297
66,65,1,79.11135864257812,-21.616390228271484
66,66,0,66.31307983398438,-27.902379989624023
66,66,1,78.91229248046875,-21.661190032958984
66,67,0,66.51995849609375,-27.861770629882812
66,67,1,78.71357727050781,-21.706079483032227
66,68,0,66.73661041259766,-27.81903076171875
66,68,1,78.51531219482422,-21.75105094909668
66,69,0,66.95036315917969,-27.776779174804688
66,69,1,78.31729125976562,-21.796119689941406
66,70,0,67.16145324707031,-27.734779357910156
66,70,1,78.11945343017578,-21.841279983520508
66,71,0,67.37779998779297,-27.692209243774414
66,71,1,77.92127227783203,-21.886859893798828
66,72,0,67.60208129882812,-27.647890090942383
66,72,1,77.72335052490234,-21.932430267333984
66,73,0,67.82254028320312,-27.60395050048828
66,73,1,77.52571868896484,-21.977989196777344
66,74,0,68.03958892822266,-27.560409545898438
66,74,1,77.32762145996094,-22.023849487304688
66,75,0,68.26085662841797,-27.516359329223633
66,75,1,77.12963104248047,-22.06974983215332
66,76,0,68.48776245117188,-27.47110939025879
66,76,1,76.93179321289062,-22.115659713745117
66,77,0,68.7110366821289,-27.42707061767578
66,77,1,76.73430633544922,-22.161470413208008
66,78,0,68.93084716796875,-27.38408088684082
66,78,1,76.5372314453125,-22.20718002319336
66,79,0,69.1552734375,-27.340190887451172
66,79,1,76.34036254882812,-22.25274085998535
66,80,0,69.38517761230469,-27.29511070251465
66,80,1,76.14430236816406,-22.298450469970703
66,81,0,69.61652374267578,-27.24942970275879
66,81,1,75.94853210449219,-22.343969345092773
66,82,0,69.85211181640625,-27.202930450439453
66,82,1,75.75308990478516,-22.389240264892578
66,83,0,70.0830078125,-27.1577205657959
66,83,1,75.5583267211914,-22.434480667114258
66,84,0,70.30854797363281,-27.113479614257812
66,84,1,75.36408233642578,-22.479249954223633
66,85,0,70.52922821044922,-27.069929122924805
66,85,1,75.17005157470703,-22.52372932434082
66,86,0,70.75701904296875,-27.02482032775879
66,86,1,74.97627258300781,-22.567960739135742
66,87,0,70.99138641357422,-26.978729248046875
66,87,1,74.78263854980469,-22.61193084716797
66,88,0,71.2319107055664,-26.931379318237305
66,88,1,74.58927154541016,-22.655649185180664
66,89,0,71.46485137939453,-26.88496971130371
66,89,1,74.3960189819336,-22.699129104614258
66,90,0,71.70342254638672,-26.837299346923828
66,90,1,74.20308685302734,-22.7423095703125
66,91,0,71.93402099609375,-26.79104995727539
66,91,1,74.01022338867188,-22.78527069091797
66,92,0,72.1695785522461,-26.743789672851562
66,92,1,73.81746673583984,-22.82798957824707
66,93,0,72.40995788574219,-26.69593048095703
66,93,1,73.62493896484375,-22.870460510253906
66,94,0,72.65498352050781,-26.647260665893555
66,94,1,73.4327392578125,-22.912609100341797
66,95,0,72.90402221679688,-26.59752082824707
66,95,1,73.24063110351562,-22.9542293548584
66,96,0,73.14276885986328,-26.549440383911133
66,96,1,73.04881286621094,-22.995439529418945
66,97,0,73.38630676269531,-26.50012969970703
66,97,1,72.8573226928711,-23.036230087280273
66,98,0,73.6340103149414,-26.45009994506836
66,98,1,72.66642761230469,-23.07685089111328
66,99,0,73.87097930908203,-26.401899337768555
66,99,1,72.47615814208984,-23.117420196533203
67,0,0,25.863840103149414,-35.794071197509766
67,0,1,92.58979034423828,-19.324499130249023
67,1,0,26.09429931640625,-35.73548889160156
67,1,1,92.37667083740234,-19.35586929321289
67,2,0,26.323030471801758,-35.678138732910156
67,2,1,92.16297912597656,-19.387319564819336
67,3,0,26.549339294433594,-35.62117004394531
67,3,1,91.9493637084961,-19.419340133666992
67,4,0,26.773359298706055,-35.56391906738281
67,4,1,91.73461151123047,-19.451839447021484
67,5,0,26.996320724487305,-35.507469177246094
67,5,1,91.5194320678711,-19.484540939331055
67,6,0,27.217540740966797,-35.4515495300293
67,6,1,91.30394744873047,-19.517330169677734
67,7,0,27.437950134277344,-35.39632034301758
67,7,1,91.08831787109375,-19.55013084411621
67,8,0,27.657390594482422,-35.34122848510742
67,8,1,90.87252044677734,-19.582979202270508
67,9,0,27.875940322875977,-35.286460876464844
67,9,1,90.6568832397461,-19.615659713745117
67,10,0,28.09347915649414,-35.23231887817383
67,10,1,90.44170379638672,-19.648229598999023
67,11,0,28.309900283813477,-35.17863082885742
67,11,1,90.22699737548828,-19.68065071105957
67,12,0,28.525609970092773,-35.12464904785156
67,12,1,90.01280975341797,-19.712890625
67,13,0,28.74032974243164,-35.070499420166016
67,13,1,89.79901885986328,-19.745100021362305
67,14,0,28.953609466552734,-35.01591873168945
67,14,1,89.58502197265625,-19.77737045288086
67,15,0,29.16613006591797,-34.961448669433594
67,15,1,89.37091827392578,-19.80971908569336
67,16,0,29.378280639648438,-34.90800857543945
67,16,1,89.15733337402344,-19.841880798339844
67,17,0,29.589550018310547,-34.85490036010742
67,17,1,88.9436264038086,-19.874109268188477
67,18,0,29.799280166625977,-34.80149841308594
67,18,1,88.73047637939453,-19.906179428100586
67,19,0,30.008689880371094,-34.748291015625
67,19,1,88.51756286621094,-19.938209533691406
67,20,0,30.21710968017578,-34.69548034667969
67,20,1,88.30516052246094,-19.970130920410156
67,21,0,30.42473030090332,-34.64326095581055
67,21,1,88.09324645996094,-20.00197982788086
67,22,0,30.631799697875977,-34.591548919677734
67,22,1,87.88188171386719,-20.033700942993164
67,23,0,30.837570190429688,-34.540260314941406
67,23,1,87.67115783691406,-20.065359115600586
67,24,0,31.043710708618164,-34.48899841308594
67,24,1,87.46047973632812,-20.097129821777344
67,25,0,31.24949073791504,-34.438438415527344
67,25,1,87.24976348876953,-20.12902069091797
67,26,0,31.454830169677734,-34.388099670410156
67,26,1,87.03972625732422,-20.160810470581055
67,27,0,31.659799575805664,-34.33784866333008
67,27,1,86.83040618896484,-20.192459106445312
67,28,0,31.863330841064453,-34.287391662597656
67,28,1,86.62120056152344,-20.224170684814453
67,29,0,32.066261291503906,-34.23680114746094
67,29,1,86.41297912597656,-20.255630493164062
67,30,0,32.2682991027832,-34.185508728027344
67,30,1,86.2049331665039,-20.287160873413086
67,31,0,32.4693489074707,-34.133819580078125
67,31,1,85.99807739257812,-20.31899070739746
67,32,0,32.67015075683594,-34.08222961425781
67,32,1,85.79122161865234,-20.351089477539062
67,33,0,32.87051010131836,-34.03097152709961
67,33,1,85.58502960205078,-20.383220672607422
67,34,0,33.07011032104492,-33.97972106933594
67,34,1,85.37902069091797,-20.415599822998047
67,35,0,33.268680572509766,-33.92885971069336
67,35,1,85.17357635498047,-20.448570251464844
67,36,0,33.46691131591797,-33.878929138183594
67,36,1,84.96836853027344,-20.481689453125
67,37,0,33.664451599121094,-33.8295783996582
67,37,1,84.76344299316406,-20.51495933532715
67,38,0,33.861019134521484,-33.781150817871094
67,38,1,84.55908203125,-20.54844093322754
67,39,0,34.0578498840332,-33.733421325683594
67,39,1,84.35527038574219,-20.582090377807617
67,40,0,34.25423049926758,-33.685420989990234
67,40,1,84.151611328125,-20.61610984802246
67,41,0,34.4498291015625,-33.637821197509766
67,41,1,83.9478988647461,-20.650609970092773
67,42,0,34.644989013671875,-33.59053039550781
67,42,1,83.74417877197266,-20.68553924560547
67,43,0,34.83913040161133,-33.54328918457031
67,43,1,83.54035949707031,-20.72093963623047
67,44,0,35.031761169433594,-33.49652099609375
67,44,1,83.33659362792969,-20.756759643554688
67,45,0,35.223209381103516,-33.45048141479492
67,45,1,83.13336181640625,-20.792869567871094
67,46,0,35.41366958618164,-33.40534973144531
67,46,1,82.9306869506836,-20.8292293548584
67,47,0,35.60763931274414,-33.35987854003906
67,47,1,82.72846984863281,-20.86598014831543
67,48,0,35.80189895629883,-33.315128326416016
67,48,1,82.5267562866211,-20.903650283813477
67,49,0,35.99494934082031,-33.271881103515625
67,49,1,82.32486724853516,-20.941980361938477
67,50,0,36.186710357666016,-33.228790283203125
67,50,1,82.12283325195312,-20.98090934753418
67,51,0,36.37820816040039,-33.18601989746094
67,51,1,81.92095184326172,-21.020309448242188
67,52,0,36.56951904296875,-33.14326858520508
67,52,1,81.71898651123047,-21.060279846191406
67,53,0,36.75988006591797,-33.10026931762695
67,53,1,81.5174331665039,-21.100610733032227
67,54,0,36.9494514465332,-33.05744171142578
67,54,1,81.31629943847656,-21.14130973815918
67,55,0,37.1391487121582,-33.01498031616211
67,55,1,81.11553192138672,-21.18231964111328
67,56,0,37.32905960083008,-32.972900390625
67,56,1,80.91471862792969,-21.223840713500977
67,57,0,37.516380310058594,-32.9315185546875
67,57,1,80.71360778808594,-21.266010284423828
67,58,0,37.70280838012695,-32.889671325683594
67,58,1,80.51213073730469,-21.308759689331055
67,59,0,37.88943862915039,-32.84817123413086
67,59,1,80.31111907958984,-21.351730346679688
67,60,0,38.07693099975586,-32.806541442871094
67,60,1,80.11084747314453,-21.39504051208496
67,61,0,38.265281677246094,-32.764671325683594
67,61,1,79.91091918945312,-21.438600540161133
67,62,0,38.4538688659668,-32.723140716552734
67,62,1,79.71106719970703,-21.482540130615234
67,63,0,38.64323043823242,-32.68190002441406
67,63,1,79.5108413696289,-21.52699089050293
67,64,0,38.833648681640625,-32.64134979248047
67,64,1,79.31086730957031,-21.571630477905273
67,65,0,39.025089263916016,-32.600440979003906
67,65,1,79.11135864257812,-21.616390228271484
67,66,0,39.217071533203125,-32.56045150756836
67,66,1,78.91229248046875,-21.661190032958984
67,67,0,39.41022872924805,-32.52001953125
67,67,1,78.71357727050781,-21.706079483032227
67,68,0,39.604190826416016,-32.47991180419922
67,68,1,78.51531219482422,-21.75105094909668
67,69,0,39.79806900024414,-32.43952178955078
67,69,1,78.31729125976562,-21.796119689941406
67,70,0,39.992919921875,-32.39997863769531
67,70,1,78.11945343017578,-21.841279983520508
67,71,0,40.18798828125,-32.36029052734375
67,71,1,77.92127227783203,-21.886859893798828
67,72,0,40.38359832763672,-32.32044982910156
67,72,1,77.72335052490234,-21.932430267333984
67,73,0,40.57984924316406,-32.27997970581055
67,73,1,77.52571868896484,-21.977989196777344
67,74,0,40.77616882324219,-32.239280700683594
67,74,1,77.32762145996094,-22.023849487304688
67,75,0,40.976009368896484,-32.19852828979492
67,75,1,77.12963104248047,-22.06974983215332
67,76,0,41.17607879638672,-32.15755081176758
67,76,1,76.93179321289062,-22.115659713745117
67,77,0,41.376399993896484,-32.11763000488281
67,77,1,76.73430633544922,-22.161470413208008
67,78,0,41.577640533447266,-32.07775115966797
67,78,1,76.5372314453125,-22.20718002319336
67,79,0,41.77872848510742,-32.03784942626953
67,79,1,76.34036254882812,-22.25274085998535
67,80,0,41.980918884277344,-31.998310089111328
67,80,1,76.14430236816406,-22.298450469970703
67,81,0,42.183929443359375,-31.958450317382812
67,81,1,75.94853210449219,-22.343969345092773
67,82,0,42.38777160644531,-31.919130325317383
67,82,1,75.75308990478516,-22.389240264892578
67,83,0,42.59199142456055,-31.87925910949707
67,83,1,75.5583267211914,-22.434480667114258
67,84,0,42.797080993652344,-31.839780807495117
67,84,1,75.36408233642578,-22.479249954223633
67,85,0,43.00259017944336,-31.79990005493164
67,85,1,75.17005157470703,-22.52372932434082
67,86,0,43.20854187011719,-31.759870529174805
67,86,1,74.97627258300781,-22.567960739135742
67,87,0,43.4150505065918,-31.720779418945312
67,87,1,74.78263854980469,-22.61193084716797
67,88,0,43.62187957763672,-31.682199478149414
67,88,1,74.58927154541016,-22.655649185180664
67,89,0,43.82884979248047,-31.643579483032227
67,89,1,74.3960189819336,-22.699129104614258
67,90,0,44.03681945800781,-31.604829788208008
67,90,1,74.20308685302734,-22.7423095703125
67,91,0,44.24571990966797,-31.565500259399414
67,91,1,74.01022338867188,-22.78527069091797
67,92,0,44.455711364746094,-31.52692985534668
67,92,1,73.81746673583984,-22.82798957824707
67,93,0,44.666690826416016,-31.48961067199707
67,93,1,73.62493896484375,-22.870460510253906
67,94,0,44.877838134765625,-31.452150344848633
67,94,1,73.4327392578125,-22.912609100341797
67,95,0,45.08974075317383,-31.41550064086914
67,95,1,73.24063110351562,-22.9542293548584
67,96,0,45.30160140991211,-31.379940032958984
67,96,1,73.04881286621094,-22.995439529418945
67,97,0,45.514671325683594,-31.343460083007812
67,97,1,72.8573226928711,-23.036230087280273
67,98,0,45.72792053222656,-31.307329177856445
67,98,1,72.66642761230469,-23.07685089111328
67,99,0,45.941429138183594,-31.271739959716797
67,99,1,72.47615814208984,-23.117420196533203
