926 190 949 262 0.780763 0
755 192 798 278 0.768037 0
877 191 906 264 0.716890 0
985 188 1016 261 0.637556 0
1149 193 1171 248 0.469238 0
1050 194 1068 257 0.394668 0
1050 193 1067 256 0.334477 0
1150 193 1176 248 0.333503 0
1050 190 1069 259 0.300878 0
985 187 1017 270 0.271960 0
1050 191 1071 260 0.269319 0
985 189 1019 263 0.242263 0
1153 193 1172 245 0.186578 0
985 189 1010 261 0.175377 0
1051 198 1065 253 0.168019 0
881 193 906 263 0.147698 0
1050 193 1071 263 0.137801 0
248 206 257 230 0.125825 0
1150 195 1163 245 0.117631 0
1046 196 1065 253 0.104585 0
1038 198 1053 250 0.098654 0
1161 192 1176 247 0.081160 0
1018 204 1024 222 0.080162 0
1038 198 1055 250 0.079721 0
1039 199 1052 230 0.079688 0
1048 195 1065 254 0.079393 0
209 201 218 229 0.079219 0
210 202 217 229 0.076054 0
1039 198 1052 230 0.075079 0
1154 191 1179 249 0.073282 0
1160 191 1178 248 0.073024 0
1150 191 1180 249 0.072862 0
211 200 224 229 0.069929 0
210 201 224 229 0.067635 0
214 202 224 228 0.063828 0
247 206 257 235 0.062831 0
210 200 222 229 0.062370 0
1017 204 1024 227 0.059169 0
1038 196 1053 253 0.055471 0
1051 190 1073 255 0.054513 0
1159 192 1171 232 0.053978 0
1050 198 1065 241 0.053295 0
847 200 856 224 0.053282 0
209 201 223 231 0.049371 0
847 201 858 240 0.049234 0
246 205 257 233 0.043393 0
845 201 856 240 0.041167 0
1048 189 1075 259 0.040022 0
211 201 224 233 0.036874 0
1049 198 1064 247 0.035719 0
847 202 855 222 0.033969 0
1164 191 1173 225 0.033269 0
267 197 292 270 0.032993 0
846 201 856 233 0.031496 0
846 200 863 242 0.030893 0
268 197 292 266 0.029930 0
981 189 1017 261 0.028147 0
1037 196 1053 250 0.026491 0
875 192 903 263 0.026131 0
247 208 259 238 0.023596 0
982 189 1016 261 0.023323 0
846 200 865 239 0.022727 0
246 205 258 236 0.022114 0
1165 191 1173 214 0.021935 0
847 200 864 231 0.021260 0
210 198 224 230 0.020029 0
845 204 856 242 0.019406 0
986 192 1006 238 0.018777 0
1050 189 1067 223 0.018521 0
1160 192 1172 227 0.017771 0
984 192 1006 245 0.017652 0
966 373 978 390 0.017553 0
265 196 292 264 0.017083 0
1112 193 1120 202 0.017011 0
1016 202 1024 221 0.016139 0
265 226 274 261 0.015855 0
1272 199 1279 239 0.015474 0
874 200 901 263 0.015456 0
934 197 948 222 0.015198 0
607 150 634 198 0.014210 0
210 201 225 236 0.014154 0
613 150 634 199 0.014111 0
847 205 865 241 0.013848 0
501 188 539 251 0.013785 0
1271 198 1279 238 0.013398 0
782 198 801 238 0.012968 0
265 229 274 262 0.012584 0
783 198 794 216 0.012480 0
1048 198 1064 228 0.012411 0
1271 197 1279 240 0.012381 0
1017 204 1030 225 0.012340 0
1272 200 1279 242 0.012192 0
984 192 1004 253 0.011926 0
878 199 894 256 0.011671 0
632 202 643 215 0.011581 0
603 150 634 199 0.011311 0
640 687 671 703 0.011118 0
265 215 274 261 0.010627 0
1072 485 1080 498 0.010577 0
511 196 518 209 0.010488 0
864 439 875 455 0.010363 0
247 198 257 231 0.009623 0
1037 189 1054 229 0.009463 0
1112 193 1121 207 0.009460 0
960 368 982 410 0.009419 0
783 198 794 217 0.009059 0
211 200 225 239 0.008985 0
612 150 635 198 0.008935 0
162 203 176 235 0.008597 0
616 150 632 199 0.008421 0
164 204 176 229 0.008191 0
1030 450 1040 464 0.008118 0
1054 189 1072 222 0.008054 0
1016 456 1024 467 0.007915 0
249 216 264 239 0.007905 0
1022 456 1031 464 0.007849 0
1200 503 1208 512 0.007761 0
846 197 862 239 0.007669 0
1056 488 1066 496 0.007574 0
163 203 176 230 0.007221 0
1040 455 1047 464 0.007176 0
614 151 632 169 0.007124 0
1190 495 1200 504 0.006966 0
1272 200 1279 248 0.006957 0
911 455 928 485 0.006817 0
1269 198 1279 241 0.006757 0
511 191 524 208 0.006677 0
613 150 634 172 0.006625 0
1048 192 1062 221 0.006590 0
865 441 873 455 0.006383 0
961 367 984 412 0.006373 0
782 198 802 240 0.006359 0
612 150 637 199 0.006332 0
1266 198 1279 252 0.006323 0
776 197 799 272 0.006299 0
841 200 856 240 0.006266 0
783 198 799 219 0.006251 0
517 192 526 209 0.006082 0
498 187 539 251 0.006025 0
1150 193 1164 213 0.005998 0
1017 204 1031 229 0.005938 0
510 195 518 217 0.005766 0
792 204 838 280 0.005733 0
810 210 832 239 0.005662 0
999 384 1010 399 0.005640 0
814 210 826 226 0.005628 0
161 203 175 232 0.005604 0
161 201 175 230 0.005527 0
782 198 801 234 0.005486 0
779 196 800 250 0.005358 0
1031 448 1039 464 0.005268 0
895 156 908 178 0.005257 0
1072 490 1081 503 0.005224 0
496 184 540 252 0.005202 0
248 206 261 235 0.005198 0
1176 495 1185 503 0.005198 0
267 199 292 282 0.005168 0
641 688 672 703 0.005147 0
161 204 172 228 0.005083 0
606 150 635 199 0.005056 0
612 150 643 199 0.005055 0
912 455 924 470 0.005031 0
614 150 634 170 0.005031 0
1013 208 1025 232 0.005004 0
1207 504 1217 512 0.004998 0
1007 455 1024 472 0.004916 0
887 471 896 485 0.004877 0
271 197 293 229 0.004835 0
959 371 979 424 0.004766 0
802 210 831 246 0.004714 0
691 206 710 236 0.004690 0
1215 198 1228 233 0.004682 0
928 190 948 223 0.004640 0
250 216 264 238 0.004626 0
1164 212 1183 248 0.004567 0
815 209 826 223 0.004532 0
216 185 223 201 0.004519 0
510 188 538 249 0.004458 0
691 206 708 237 0.004375 0
264 227 275 264 0.004325 0
1165 206 1183 247 0.004318 0
896 472 905 483 0.004317 0
641 685 672 703 0.004276 0
1185 500 1200 512 0.004246 0
1241 197 1256 233 0.004243 0
789 330 809 344 0.004164 0
465 202 472 215 0.004159 0
613 150 639 173 0.004154 0
160 199 175 229 0.004120 0
275 198 293 232 0.004092 0
498 179 542 252 0.004011 0
0 64 68 217 0.003890 0
913 455 927 464 0.003874 0
632 201 648 216 0.003866 0
266 193 272 205 0.003842 0
532 208 544 218 0.003822 0
240 209 252 237 0.003812 0
609 149 636 200 0.003804 0
879 191 897 224 0.003782 0
1015 388 1023 401 0.003781 0
266 194 273 213 0.003743 0
997 198 1015 228 0.003735 0
1237 197 1256 233 0.003661 0
864 439 879 456 0.003658 0
222 183 231 198 0.003630 0
1006 384 1024 421 0.003582 0
1270 197 1279 262 0.003534 0
465 200 471 214 0.003528 0
240 204 251 233 0.003513 0
1091 447 1104 472 0.003510 0
159 203 176 237 0.003497 0
265 195 295 322 0.003491 0
632 202 649 216 0.003484 0
263 193 322 370 0.003458 0
478 195 486 216 0.003457 0
958 368 986 419 0.003411 0
1022 445 1034 463 0.003391 0
1216 197 1226 228 0.003390 0
957 370 978 427 0.003383 0
907 335 922 346 0.003370 0
989 455 998 463 0.003319 0
1013 383 1024 401 0.003274 0
1230 456 1254 510 0.003271 0
880 154 892 173 0.003264 0
999 383 1024 416 0.003260 0
1005 201 1018 228 0.003259 0
751 463 762 472 0.003233 0
998 383 1024 413 0.003192 0
783 198 830 245 0.003187 0
1243 197 1256 233 0.003182 0
478 200 485 217 0.003170 0
265 205 275 241 0.003157 0
1042 483 1055 494 0.003122 0
511 191 532 243 0.003121 0
1246 472 1258 484 0.003120 0
1046 481 1056 490 0.003087 0
270 197 292 231 0.003078 0
1159 501 1170 510 0.003048 0
999 382 1023 401 0.003044 0
957 371 979 425 0.003037 0
1231 504 1239 510 0.003030 0
1043 483 1057 496 0.003028 0
264 193 329 367 0.003019 0
994 191 1017 231 0.003000 0
1134 445 1150 471 0.002992 0
1092 445 1104 472 0.002985 0
804 184 815 201 0.002966 0
809 209 830 227 0.002953 0
751 453 766 472 0.002950 0
842 199 856 227 0.002936 0
1071 482 1080 491 0.002924 0
1246 198 1256 233 0.002920 0
1144 505 1152 510 0.002913 0
808 210 829 230 0.002901 0
692 206 718 236 0.002874 0
982 215 996 257 0.002871 0
926 449 935 456 0.002870 0
1175 497 1185 511 0.002869 0
1 64 243 217 0.002864 0
864 442 878 456 0.002860 0
241 207 252 235 0.002840 0
613 150 636 188 0.002833 0
1219 201 1230 232 0.002813 0
1048 189 1086 261 0.002801 0
1016 204 1038 249 0.002798 0
1230 456 1247 497 0.002797 0
1014 443 1025 465 0.002789 0
269 194 295 274 0.002772 0
613 150 643 185 0.002768 0
265 198 273 232 0.002758 0
1181 165 1202 218 0.002746 0
1178 215 1193 246 0.002739 0
753 453 768 472 0.002735 0
1179 217 1192 246 0.002730 0
992 446 1001 460 0.002723 0
998 382 1024 408 0.002717 0
1176 343 1186 359 0.002699 0
317 64 496 204 0.002693 0
875 205 906 267 0.002692 0
904 335 922 346 0.002671 0
1246 199 1257 234 0.002664 0
465 202 475 234 0.002657 0
470 203 478 218 0.002634 0
998 383 1023 421 0.002630 0
1118 439 1134 473 0.002611 0
691 208 704 238 0.002609 0
1111 231 1120 248 0.002606 0
640 677 672 703 0.002585 0
999 385 1010 399 0.002585 0
265 215 288 282 0.002575 0
879 190 903 222 0.002571 0
803 184 816 205 0.002553 0
1231 455 1250 495 0.002534 0
1217 207 1232 233 0.002519 0
768 200 800 276 0.002506 0
1215 191 1230 232 0.002497 0
1213 208 1229 233 0.002488 0
239 208 257 239 0.002482 0
756 223 791 278 0.002461 0
1006 444 1025 472 0.002457 0
935 455 943 464 0.002452 0
751 458 768 472 0.002449 0
1031 196 1053 228 0.002439 0
680 198 691 216 0.002434 0
376 186 385 200 0.002378 0
866 209 874 224 0.002368 0
995 454 1008 464 0.002363 0
510 192 535 248 0.002351 0
1146 195 1169 245 0.002345 0
796 216 839 280 0.002340 0
249 215 263 237 0.002334 0
803 184 817 220 0.002331 0
241 196 253 229 0.002329 0
1178 205 1197 244 0.002297 0
575 424 584 432 0.002290 0
1113 205 1170 247 0.002284 0
703 325 717 376 0.002284 0
639 674 671 703 0.002276 0
1231 456 1241 470 0.002273 0
319 203 331 231 0.002268 0
633 188 646 215 0.002266 0
471 199 479 216 0.002248 0
1093 444 1104 472 0.002246 0
200 204 209 226 0.002239 0
1029 449 1037 464 0.002231 0
1008 450 1024 471 0.002230 0
1231 457 1241 471 0.002215 0
852 463 865 475 0.002194 0
0 64 218 211 0.002187 0
511 191 540 249 0.002186 0
464 202 478 262 0.002138 0
1232 196 1256 233 0.002129 0
1120 439 1139 473 0.002125 0
1 64 186 218 0.002109 0
1197 496 1213 507 0.002106 0
1220 201 1229 231 0.002102 0
1244 458 1261 484 0.002096 0
800 215 836 244 0.002061 0
1238 479 1249 486 0.002053 0
268 196 297 283 0.002048 0
1231 453 1253 485 0.002026 0
909 336 926 350 0.002023 0
862 432 872 451 0.002017 0
1135 445 1144 460 0.002016 0
1174 344 1184 360 0.002013 0
1183 496 1201 510 0.002003 0
1134 444 1151 473 0.001996 0
675 451 688 464 0.001994 0
806 209 828 225 0.001973 0
887 472 897 486 0.001957 0
790 330 817 344 0.001948 0
479 184 492 214 0.001940 0
1120 312 1128 327 0.001929 0
1204 495 1216 504 0.001928 0
268 203 291 282 0.001915 0
1035 447 1048 465 0.001915 0
1236 453 1262 474 0.001911 0
311 64 368 197 0.001901 0
1217 194 1225 213 0.001891 0
1190 213 1201 228 0.001889 0
995 382 1022 421 0.001889 0
702 326 718 376 0.001875 0
164 201 179 223 0.001874 0
1088 189 1095 209 0.001872 0
914 447 928 457 0.001860 0
998 383 1023 410 0.001854 0
798 218 835 270 0.001848 0
259 200 291 266 0.001816 0
264 222 282 280 0.001811 0
968 455 976 463 0.001799 0
788 329 812 377 0.001768 0
1078 334 1090 359 0.001759 0
261 201 285 267 0.001756 0
756 192 779 221 0.001752 0
209 184 228 230 0.001751 0
367 208 375 222 0.001747 0
782 203 802 238 0.001743 0
1230 464 1262 508 0.001738 0
689 207 705 237 0.001736 0
506 191 538 252 0.001732 0
703 320 720 376 0.001710 0
497 179 551 255 0.001707 0
1124 440 1136 470 0.001704 0
465 202 478 266 0.001700 0
863 438 881 479 0.001689 0
1208 169 1227 217 0.001687 0
1214 495 1233 510 0.001681 0
993 381 1024 446 0.001678 0
1119 313 1134 343 0.001677 0
1156 307 1167 334 0.001674 0
783 198 828 243 0.001673 0
266 211 288 286 0.001661 0
1119 440 1130 471 0.001654 0
800 213 831 246 0.001653 0
574 430 592 458 0.001652 0
1119 439 1138 475 0.001651 0
1135 440 1153 469 0.001649 0
617 151 642 199 0.001645 0
660 677 672 703 0.001632 0
879 471 892 486 0.001629 0
957 361 990 414 0.001614 0
959 455 970 464 0.001612 0
457 205 465 216 0.001605 0
1072 463 1080 471 0.001605 0
979 351 994 390 0.001601 0
879 437 889 456 0.001599 0
786 328 814 377 0.001587 0
879 439 889 458 0.001584 0
927 190 940 217 0.001583 0
1208 167 1230 233 0.001576 0
270 188 277 205 0.001576 0
1064 190 1079 210 0.001570 0
681 199 690 216 0.001569 0
201 200 225 256 0.001567 0
974 365 993 414 0.001565 0
633 197 653 216 0.001564 0
1036 480 1057 496 0.001559 0
574 445 591 457 0.001550 0
1111 503 1120 510 0.001550 0
1130 503 1136 509 0.001540 0
253 216 274 259 0.001536 0
1260 184 1279 235 0.001536 0
912 449 926 460 0.001513 0
262 188 331 377 0.001507 0
782 193 796 218 0.001496 0
878 435 896 485 0.001495 0
831 465 840 475 0.001491 0
1086 446 1104 472 0.001489 0
367 207 375 231 0.001483 0
682 198 692 215 0.001476 0
467 203 478 224 0.001457 0
890 191 905 221 0.001453 0
5 64 308 217 0.001452 0
956 373 975 427 0.001443 0
1180 344 1194 358 0.001433 0
873 326 882 342 0.001426 0
568 201 577 215 0.001423 0
975 362 995 415 0.001409 0
604 152 633 200 0.001406 0
633 187 652 215 0.001398 0
1088 186 1096 208 0.001394 0
557 177 579 215 0.001392 0
1186 166 1201 187 0.001391 0
478 630 496 671 0.001382 0
719 190 727 212 0.001381 0
1232 452 1250 471 0.001375 0
680 450 688 462 0.001370 0
1154 497 1173 510 0.001368 0
1134 443 1154 471 0.001364 0
1119 312 1130 339 0.001349 0
1009 430 1016 440 0.001343 0
983 447 993 455 0.001334 0
703 325 719 376 0.001331 0
907 336 924 351 0.001328 0
909 336 927 387 0.001324 0
1183 344 1194 385 0.001315 0
1216 191 1223 207 0.001303 0
796 328 823 344 0.001303 0
1062 463 1072 471 0.001297 0
375 186 386 214 0.001292 0
251 193 297 372 0.001288 0
846 463 857 474 0.001286 0
1258 202 1279 263 0.001284 0
1150 308 1168 344 0.001282 0
1263 173 1279 240 0.001271 0
863 437 880 478 0.001265 0
1151 438 1165 458 0.001255 0
245 196 264 235 0.001253 0
756 221 795 278 0.001240 0
991 366 1011 411 0.001233 0
780 210 824 276 0.001221 0
912 337 926 352 0.001215 0
1031 491 1040 502 0.001205 0
464 201 478 270 0.001203 0
908 336 924 348 0.001194 0
372 64 497 218 0.001192 0
1118 439 1155 473 0.001191 0
611 450 624 465 0.001189 0
326 64 495 276 0.001188 0
1118 464 1128 474 0.001176 0
1072 456 1093 472 0.001174 0
1087 445 1104 472 0.001165 0
865 209 878 235 0.001165 0
196 194 203 218 0.001153 0
1173 201 1189 218 0.001144 0
513 189 532 210 0.001140 0
1250 215 1266 234 0.001124 0
575 427 592 458 0.001123 0
1261 200 1279 267 0.001117 0
1146 197 1158 213 0.001116 0
960 440 967 454 0.001113 0
1104 312 1112 327 0.001113 0
23 64 341 215 0.001107 0
1094 494 1105 504 0.001100 0
503 577 512 616 0.001098 0
663 294 673 345 0.001094 0
267 200 303 290 0.001088 0
1150 315 1168 344 0.001083 0
604 175 615 185 0.001081 0
244 195 258 232 0.001074 0
1072 457 1092 472 0.001073 0
1008 471 1015 489 0.001067 0
645 526 659 578 0.001065 0
604 156 625 184 0.001063 0
801 439 816 457 0.001053 0
1135 487 1152 504 0.001053 0
1208 167 1221 203 0.001052 0
865 334 884 343 0.001050 0
1117 320 1137 366 0.001050 0
1262 169 1279 216 0.001048 0
992 446 1008 465 0.001048 0
991 380 1023 448 0.001043 0
1261 482 1279 649 0.001031 0
4 64 339 223 0.001027 0
211 183 231 230 0.001021 0
634 184 643 200 0.001017 0
267 204 291 290 0.001017 0
866 192 905 252 0.001015 0
782 207 803 261 0.001013 0
1246 469 1264 487 0.001007 0
1056 476 1073 495 0.001003 0
1010 385 1024 423 0.001000 0
802 184 815 215 0.000998 0
1245 457 1264 483 0.000998 0
267 214 289 296 0.000996 0
580 432 591 439 0.000995 0
0 64 21 210 0.000994 0
1151 470 1168 479 0.000988 0
1042 480 1069 497 0.000985 0
636 189 654 214 0.000984 0
690 207 703 236 0.000980 0
671 460 681 471 0.000977 0
548 172 578 216 0.000975 0
876 333 885 343 0.000972 0
1038 410 1057 461 0.000972 0
1061 192 1079 214 0.000971 0
1087 157 1104 208 0.000959 0
950 364 978 445 0.000954 0
260 197 292 294 0.000954 0
878 438 899 487 0.000952 0
232 188 319 378 0.000951 0
1081 404 1088 414 0.000948 0
1130 439 1153 471 0.000945 0
310 64 407 196 0.000944 0
603 160 619 184 0.000944 0
861 463 872 477 0.000941 0
1084 456 1095 472 0.000939 0
200 200 211 223 0.000926 0
1010 374 1024 402 0.000924 0
526 196 554 218 0.000921 0
756 192 783 220 0.000920 0
1119 314 1137 343 0.000919 0
1207 190 1227 229 0.000919 0
1151 436 1168 459 0.000915 0
1184 506 1200 519 0.000915 0
718 195 728 215 0.000906 0
608 447 624 462 0.000905 0
799 439 810 449 0.000901 0
1038 321 1054 335 0.000901 0
1260 486 1279 652 0.000901 0
1166 185 1175 205 0.000900 0
863 327 881 343 0.000900 0
878 322 887 343 0.000898 0
1111 442 1135 473 0.000895 0
458 202 466 215 0.000892 0
355 64 490 355 0.000884 0
1222 471 1232 482 0.000865 0
909 336 925 381 0.000863 0
1078 336 1089 360 0.000862 0
1122 322 1135 343 0.000861 0
896 325 903 343 0.000858 0
1134 442 1166 474 0.000853 0
985 450 1011 468 0.000853 0
555 201 567 216 0.000850 0
1183 346 1194 386 0.000847 0
1150 449 1163 465 0.000844 0
985 180 1018 263 0.000841 0
1250 212 1269 234 0.000838 0
1179 343 1194 361 0.000834 0
954 358 1010 420 0.000834 0
798 334 808 376 0.000832 0
1078 333 1104 360 0.000832 0
1074 434 1088 456 0.000831 0
944 349 982 428 0.000828 0
1107 315 1136 364 0.000826 0
1104 317 1136 364 0.000825 0
740 197 838 274 0.000821 0
632 201 649 221 0.000814 0
1088 182 1104 204 0.000813 0
756 191 791 278 0.000807 0
1261 507 1279 640 0.000805 0
1215 473 1224 482 0.000805 0
988 360 1010 399 0.000803 0
1077 425 1087 447 0.000800 0
1080 401 1088 411 0.000798 0
854 429 883 457 0.000788 0
1210 167 1225 209 0.000787 0
910 336 925 388 0.000784 0
480 177 495 201 0.000782 0
883 322 896 343 0.000778 0
1031 189 1055 223 0.000778 0
390 64 497 235 0.000778 0
358 64 478 355 0.000770 0
846 186 881 234 0.000763 0
1112 504 1120 520 0.000762 0
1112 464 1125 475 0.000755 0
943 372 976 458 0.000749 0
351 189 357 199 0.000746 0
313 64 425 214 0.000735 0
1120 323 1137 348 0.000732 0
879 439 901 481 0.000730 0
351 64 497 211 0.000726 0
0 64 16 208 0.000724 0
799 441 817 472 0.000722 0
799 439 816 473 0.000721 0
902 336 924 351 0.000713 0
342 64 445 207 0.000713 0
802 183 815 212 0.000713 0
959 440 968 456 0.000711 0
1220 449 1241 472 0.000710 0
315 64 369 191 0.000708 0
533 203 551 221 0.000708 0
757 213 800 277 0.000701 0
210 199 236 240 0.000700 0
198 207 221 232 0.000694 0
1041 398 1123 468 0.000684 0
1150 497 1167 508 0.000683 0
836 465 848 474 0.000682 0
879 431 888 456 0.000677 0
1183 197 1200 217 0.000675 0
495 181 544 253 0.000672 0
1186 181 1221 219 0.000671 0
831 480 841 489 0.000671 0
990 380 1011 414 0.000670 0
327 64 433 207 0.000668 0
878 443 897 486 0.000668 0
1103 312 1136 344 0.000666 0
931 191 951 224 0.000664 0
1262 512 1279 647 0.000659 0
821 204 860 241 0.000658 0
670 207 678 229 0.000657 0
208 392 224 412 0.000654 0
783 326 816 377 0.000653 0
157 64 262 241 0.000652 0
879 439 940 486 0.000652 0
1222 441 1251 473 0.000650 0
1077 331 1106 360 0.000645 0
1257 495 1279 654 0.000642 0
386 198 396 206 0.000641 0
932 448 944 461 0.000640 0
637 529 648 569 0.000640 0
662 295 680 350 0.000639 0
895 415 911 438 0.000636 0
1117 438 1161 474 0.000632 0
221 189 330 380 0.000631 0
1095 500 1105 511 0.000627 0
0 64 63 320 0.000624 0
984 482 990 487 0.000622 0
1221 453 1246 481 0.000621 0
1246 630 1279 703 0.000621 0
574 402 585 432 0.000618 0
1082 339 1097 360 0.000615 0
0 64 50 213 0.000615 0
1107 326 1133 357 0.000612 0
1099 313 1120 345 0.000611 0
1091 435 1104 470 0.000610 0
1103 312 1116 331 0.000609 0
308 64 495 214 0.000608 0
298 65 493 359 0.000606 0
655 554 666 576 0.000605 0
985 151 1022 264 0.000602 0
943 359 958 401 0.000599 0
1040 399 1119 471 0.000598 0
0 64 46 204 0.000598 0
1066 206 1079 228 0.000597 0
1102 312 1138 345 0.000597 0
684 199 700 234 0.000596 0
1038 414 1057 460 0.000595 0
1087 490 1096 504 0.000593 0
1072 505 1080 512 0.000593 0
631 424 641 460 0.000591 0
457 191 481 295 0.000590 0
572 423 592 443 0.000590 0
1247 354 1264 377 0.000587 0
1047 455 1058 466 0.000587 0
755 218 791 269 0.000584 0
796 420 817 472 0.000584 0
771 242 850 345 0.000582 0
321 64 604 209 0.000581 0
1109 439 1135 473 0.000579 0
631 434 639 456 0.000578 0
681 451 697 467 0.000577 0
522 195 547 249 0.000576 0
1060 437 1090 470 0.000574 0
1082 405 1122 470 0.000573 0
1073 425 1083 444 0.000573 0
750 190 786 231 0.000572 0
268 209 296 317 0.000569 0
1189 489 1200 504 0.000566 0
1072 399 1079 409 0.000564 0
1187 191 1219 230 0.000562 0
895 417 905 438 0.000562 0
971 365 1002 420 0.000557 0
864 460 880 478 0.000556 0
254 224 274 262 0.000554 0
853 190 1052 264 0.000550 0
211 199 231 234 0.000550 0
1087 330 1107 360 0.000547 0
255 64 358 194 0.000546 0
769 251 840 344 0.000545 0
758 192 780 217 0.000538 0
1142 448 1167 473 0.000537 0
1118 439 1165 473 0.000537 0
1039 183 1049 205 0.000535 0
1115 315 1136 367 0.000535 0
622 188 637 203 0.000533 0
636 166 656 205 0.000530 0
988 185 1005 218 0.000529 0
751 457 769 479 0.000528 0
703 324 723 376 0.000528 0
755 192 793 269 0.000527 0
1182 167 1225 218 0.000527 0
1088 157 1107 205 0.000524 0
671 487 680 501 0.000522 0
1099 321 1118 350 0.000521 0
877 438 935 486 0.000521 0
1166 343 1198 384 0.000520 0
183 196 192 208 0.000519 0
1200 405 1211 434 0.000517 0
1086 333 1105 360 0.000516 0
1018 439 1041 457 0.000516 0
1249 622 1279 704 0.000515 0
660 450 691 464 0.000513 0
355 214 369 275 0.000513 0
762 257 841 345 0.000512 0
817 417 845 444 0.000512 0
0 64 76 222 0.000511 0
896 331 903 343 0.000506 0
1146 192 1164 216 0.000504 0
786 317 823 343 0.000502 0
1201 407 1216 442 0.000502 0
1249 197 1276 234 0.000502 0
1042 400 1092 465 0.000500 0
1146 314 1168 343 0.000499 0
1142 396 1152 408 0.000499 0
1200 472 1216 482 0.000499 0
181 199 193 216 0.000496 0
214 199 231 232 0.000496 0
302 64 496 199 0.000495 0
404 76 494 271 0.000495 0
796 422 816 452 0.000494 0
1165 486 1195 506 0.000491 0
106 248 129 264 0.000489 0
648 408 657 423 0.000489 0
1183 442 1193 456 0.000488 0
1038 411 1056 457 0.000488 0
702 319 729 376 0.000486 0
883 327 896 344 0.000485 0
670 451 692 471 0.000485 0
997 375 1024 401 0.000485 0
1063 403 1123 465 0.000485 0
1111 184 1130 206 0.000484 0
1257 194 1279 235 0.000483 0
784 262 849 345 0.000482 0
196 202 223 229 0.000481 0
671 300 689 377 0.000481 0
602 150 635 177 0.000481 0
671 207 679 232 0.000478 0
895 415 913 439 0.000477 0
249 197 288 272 0.000474 0
911 337 928 390 0.000471 0
268 185 364 375 0.000470 0
344 181 353 199 0.000463 0
1072 341 1089 405 0.000459 0
1104 312 1134 339 0.000459 0
107 64 326 132 0.000457 0
1049 403 1116 468 0.000456 0
626 530 646 570 0.000453 0
1248 352 1264 407 0.000453 0
1205 443 1241 472 0.000450 0
943 362 971 425 0.000448 0
948 355 1023 417 0.000448 0
1183 345 1211 390 0.000448 0
1206 165 1230 221 0.000447 0
785 193 820 228 0.000447 0
438 193 445 204 0.000446 0
480 172 498 205 0.000446 0
1256 479 1279 695 0.000445 0
629 435 640 461 0.000445 0
574 393 586 434 0.000443 0
224 390 240 406 0.000442 0
789 330 810 359 0.000442 0
648 410 658 424 0.000441 0
1247 346 1267 377 0.000441 0
782 193 802 219 0.000440 0
317 64 428 193 0.000439 0
1013 423 1024 437 0.000438 0
737 201 744 213 0.000436 0
955 414 975 453 0.000436 0
1087 488 1100 497 0.000436 0
990 384 1010 421 0.000435 0
1044 411 1056 428 0.000434 0
902 335 925 377 0.000433 0
892 414 913 461 0.000433 0
1008 470 1016 478 0.000432 0
758 229 792 280 0.000430 0
1205 439 1236 472 0.000429 0
349 65 437 215 0.000427 0
894 416 911 456 0.000423 0
1043 369 1125 467 0.000420 0
872 194 895 233 0.000420 0
953 369 994 453 0.000417 0
255 64 325 163 0.000417 0
944 354 975 424 0.000416 0
0 150 7 203 0.000416 0
363 65 492 214 0.000414 0
680 171 691 215 0.000413 0
934 433 944 453 0.000413 0
1210 333 1264 426 0.000412 0
764 268 842 351 0.000412 0
1258 621 1279 704 0.000411 0
1158 303 1167 321 0.000411 0
655 524 665 574 0.000410 0
934 424 944 449 0.000409 0
0 160 7 203 0.000409 0
782 274 849 345 0.000408 0
160 64 258 218 0.000408 0
193 197 202 224 0.000408 0
1272 424 1279 442 0.000407 0
0 92 17 223 0.000407 0
1085 184 1108 210 0.000407 0
1249 213 1278 243 0.000407 0
1222 477 1231 488 0.000406 0
1143 319 1165 343 0.000406 0
1143 390 1153 407 0.000406 0
992 440 1000 454 0.000405 0
397 64 496 223 0.000404 0
1037 407 1055 447 0.000404 0
104 250 127 264 0.000402 0
1055 431 1088 458 0.000401 0
640 660 672 704 0.000401 0
806 202 858 240 0.000401 0
0 140 30 250 0.000400 0
879 317 893 342 0.000399 0
1259 578 1279 650 0.000398 0
773 232 848 342 0.000397 0
655 555 669 578 0.000397 0
1069 427 1105 472 0.000396 0
1023 419 1033 439 0.000395 0
261 194 271 204 0.000394 0
193 194 201 216 0.000391 0
503 637 512 664 0.000390 0
1150 447 1168 473 0.000388 0
1074 424 1088 444 0.000385 0
1261 528 1279 643 0.000385 0
954 389 976 454 0.000384 0
1262 628 1279 648 0.000383 0
1055 408 1109 474 0.000381 0
900 336 921 347 0.000381 0
1054 423 1089 461 0.000380 0
1203 451 1223 471 0.000379 0
1056 460 1073 494 0.000379 0
815 415 846 466 0.000379 0
329 64 626 245 0.000378 0
688 453 704 468 0.000377 0
887 561 897 598 0.000377 0
0 142 9 203 0.000375 0
1036 409 1057 463 0.000374 0
255 64 339 185 0.000373 0
670 545 681 581 0.000373 0
367 201 383 221 0.000372 0
1065 422 1089 446 0.000372 0
944 358 959 411 0.000372 0
896 415 912 431 0.000371 0
1223 166 1254 236 0.000371 0
751 461 765 478 0.000370 0
1097 399 1104 407 0.000370 0
1239 425 1247 441 0.000368 0
643 456 656 472 0.000368 0
1114 469 1127 477 0.000367 0
981 679 1012 703 0.000366 0
917 438 936 456 0.000366 0
1024 427 1032 440 0.000365 0
1016 478 1024 488 0.000365 0
607 427 624 463 0.000365 0
900 326 915 344 0.000365 0
956 424 972 455 0.000363 0
154 203 163 229 0.000363 0
750 423 782 453 0.000362 0
1088 335 1105 360 0.000362 0
613 146 635 169 0.000362 0
1000 431 1008 440 0.000361 0
1078 319 1124 362 0.000360 0
0 168 6 203 0.000359 0
887 566 897 599 0.000358 0
1187 370 1268 429 0.000358 0
1220 344 1264 421 0.000357 0
1023 411 1037 440 0.000356 0
778 232 832 341 0.000356 0
883 318 895 342 0.000356 0
1007 423 1020 440 0.000355 0
992 203 1074 265 0.000355 0
364 64 497 242 0.000354 0
0 64 90 300 0.000354 0
1167 478 1176 491 0.000351 0
878 437 911 458 0.000350 0
758 268 848 345 0.000350 0
730 424 761 472 0.000349 0
1196 354 1279 486 0.000349 0
612 145 637 169 0.000349 0
1183 344 1199 374 0.000348 0
1246 348 1264 409 0.000348 0
336 64 497 207 0.000347 0
664 455 676 471 0.000347 0
1258 467 1279 671 0.000346 0
1264 552 1279 643 0.000346 0
799 419 817 449 0.000344 0
794 420 816 449 0.000344 0
1072 370 1088 403 0.000342 0
937 187 1018 264 0.000342 0
1135 482 1190 510 0.000342 0
1105 435 1130 472 0.000341 0
735 425 749 458 0.000341 0
1135 399 1153 431 0.000341 0
1259 615 1279 648 0.000341 0
436 190 447 206 0.000338 0
1042 404 1114 475 0.000338 0
255 64 321 158 0.000337 0
487 192 540 252 0.000337 0
733 424 770 472 0.000335 0
111 209 120 231 0.000333 0
894 440 910 456 0.000332 0
683 450 695 459 0.000332 0
1207 505 1216 517 0.000329 0
1255 626 1279 701 0.000328 0
90 64 401 206 0.000328 0
896 455 917 484 0.000328 0
676 454 704 471 0.000327 0
64 64 133 201 0.000325 0
816 346 824 361 0.000325 0
157 73 215 225 0.000323 0
951 371 1023 420 0.000323 0
21 64 286 213 0.000322 0
1051 185 1066 213 0.000322 0
1154 425 1168 450 0.000322 0
62 64 129 194 0.000320 0
272 65 493 359 0.000319 0
791 334 822 374 0.000319 0
660 424 671 437 0.000319 0
631 423 640 438 0.000318 0
223 393 240 408 0.000318 0
0 140 29 317 0.000317 0
526 625 537 646 0.000317 0
764 235 838 341 0.000317 0
1191 360 1278 482 0.000317 0
1263 517 1279 613 0.000316 0
1042 399 1124 459 0.000316 0
866 314 892 342 0.000316 0
865 179 906 237 0.000313 0
285 209 322 314 0.000313 0
670 208 684 234 0.000312 0
1038 419 1064 459 0.000310 0
1261 73 1279 172 0.000310 0
1208 439 1252 472 0.000309 0
1052 419 1069 450 0.000309 0
1221 408 1231 425 0.000309 0
1158 65 1279 274 0.000308 0
1247 348 1264 376 0.000308 0
1072 479 1088 490 0.000308 0
662 288 686 352 0.000307 0
647 537 657 578 0.000306 0
1085 424 1121 468 0.000305 0
256 220 283 290 0.000303 0
1264 511 1279 638 0.000302 0
1260 575 1279 648 0.000300 0
789 330 811 364 0.000300 0
1200 456 1208 470 0.000300 0
1054 405 1092 428 0.000299 0
1032 375 1040 387 0.000299 0
665 182 672 217 0.000299 0
1042 401 1058 427 0.000298 0
1072 381 1089 408 0.000298 0
289 212 323 314 0.000297 0
1263 509 1279 650 0.000296 0
854 431 877 453 0.000294 0
332 185 342 199 0.000294 0
1105 339 1120 362 0.000293 0
895 179 936 254 0.000292 0
927 353 944 384 0.000292 0
1189 503 1210 518 0.000291 0
0 69 65 223 0.000291 0
1205 452 1230 475 0.000291 0
671 291 689 375 0.000291 0
315 66 420 201 0.000289 0
703 417 730 458 0.000288 0
1098 366 1127 408 0.000288 0
1071 489 1088 503 0.000288 0
154 65 253 205 0.000286 0
756 193 795 261 0.000286 0
1135 399 1145 411 0.000286 0
886 564 897 597 0.000286 0
904 469 929 489 0.000286 0
1024 398 1113 471 0.000286 0
325 64 434 183 0.000285 0
1090 323 1117 344 0.000285 0
1239 422 1248 439 0.000285 0
107 64 344 138 0.000284 0
653 196 661 216 0.000284 0
426 65 497 249 0.000283 0
193 187 201 216 0.000279 0
366 207 376 232 0.000277 0
642 652 671 703 0.000277 0
314 64 435 220 0.000276 0
1035 397 1120 468 0.000276 0
917 360 928 407 0.000275 0
763 312 827 344 0.000275 0
1049 437 1090 469 0.000274 0
765 272 837 345 0.000274 0
989 386 1013 452 0.000273 0
1039 182 1061 209 0.000273 0
1213 482 1280 704 0.000272 0
639 684 682 703 0.000272 0
1175 64 1280 272 0.000272 0
493 180 560 252 0.000271 0
718 320 744 374 0.000271 0
970 353 1024 412 0.000271 0
673 325 688 376 0.000270 0
1072 334 1089 406 0.000270 0
1 64 79 214 0.000270 0
152 206 173 237 0.000270 0
934 419 944 449 0.000270 0
1262 136 1279 184 0.000269 0
643 526 659 578 0.000267 0
607 424 624 464 0.000266 0
690 460 704 470 0.000266 0
58 64 126 162 0.000265 0
1164 471 1182 480 0.000265 0
1274 160 1279 170 0.000263 0
795 242 831 324 0.000263 0
166 64 327 97 0.000262 0
1072 381 1083 403 0.000262 0
662 669 672 701 0.000261 0
1188 351 1265 422 0.000261 0
255 72 326 193 0.000261 0
1023 415 1041 455 0.000259 0
1261 577 1279 650 0.000258 0
656 310 686 376 0.000257 0
976 679 1012 703 0.000256 0
920 187 942 245 0.000256 0
914 346 928 406 0.000256 0
255 64 342 173 0.000255 0
1180 456 1195 472 0.000255 0
612 424 623 433 0.000255 0
879 414 911 460 0.000254 0
574 444 593 469 0.000254 0
1178 342 1199 358 0.000254 0
352 65 447 223 0.000254 0
1188 440 1199 456 0.000254 0
943 359 960 424 0.000253 0
948 416 973 453 0.000252 0
1060 457 1091 486 0.000252 0
892 197 910 236 0.000252 0
1260 622 1279 701 0.000252 0
800 416 815 446 0.000252 0
1199 456 1208 475 0.000252 0
910 336 927 391 0.000252 0
1261 555 1279 642 0.000251 0
914 343 929 393 0.000251 0
1080 404 1122 463 0.000251 0
204 394 224 465 0.000250 0
1200 439 1240 473 0.000250 0
1215 400 1227 426 0.000249 0
1052 423 1085 461 0.000249 0
704 438 723 463 0.000248 0
607 438 623 464 0.000248 0
1084 436 1121 472 0.000246 0
199 198 247 265 0.000246 0
1262 67 1279 168 0.000246 0
787 328 823 373 0.000245 0
803 315 821 343 0.000245 0
1073 348 1122 406 0.000245 0
1254 336 1279 500 0.000245 0
1162 342 1199 399 0.000244 0
365 182 375 200 0.000244 0
1046 279 1066 295 0.000244 0
1219 422 1234 434 0.000243 0
1262 573 1279 647 0.000243 0
53 64 128 189 0.000242 0
40 64 132 204 0.000242 0
1022 406 1045 451 0.000241 0
943 364 959 424 0.000241 0
670 192 705 221 0.000241 0
1045 171 1081 261 0.000241 0
643 431 656 459 0.000238 0
1239 348 1280 413 0.000238 0
238 229 262 299 0.000236 0
1030 371 1124 467 0.000236 0
312 64 444 166 0.000236 0
255 66 340 204 0.000235 0
1254 66 1279 276 0.000235 0
660 206 681 233 0.000235 0
1069 404 1087 424 0.000235 0
785 339 827 380 0.000233 0
735 461 746 471 0.000233 0
703 416 733 459 0.000232 0
1261 479 1279 637 0.000232 0
1168 456 1187 472 0.000231 0
1083 361 1126 408 0.000231 0
973 381 1015 452 0.000231 0
0 64 328 358 0.000230 0
912 436 933 455 0.000230 0
1081 357 1125 408 0.000230 0
314 64 437 183 0.000230 0
1088 425 1104 464 0.000229 0
210 183 224 204 0.000228 0
1163 445 1200 472 0.000228 0
348 64 599 337 0.000228 0
1263 563 1279 642 0.000227 0
1062 342 1090 405 0.000226 0
1049 184 1079 218 0.000226 0
1011 402 1105 476 0.000225 0
388 185 400 205 0.000225 0
912 339 929 392 0.000225 0
883 413 897 441 0.000224 0
1230 385 1262 429 0.000224 0
1072 337 1087 359 0.000224 0
0 96 69 224 0.000224 0
1050 172 1253 257 0.000222 0
1119 394 1128 410 0.000221 0
156 85 213 233 0.000221 0
613 358 623 373 0.000221 0
574 372 587 429 0.000221 0
1102 342 1120 361 0.000220 0
648 480 655 487 0.000219 0
1008 485 1015 493 0.000219 0
271 204 310 314 0.000219 0
644 443 656 461 0.000219 0
1245 418 1258 441 0.000219 0
1199 410 1259 464 0.000219 0
473 202 485 223 0.000219 0
950 439 966 455 0.000219 0
821 325 848 343 0.000218 0
84 64 389 223 0.000218 0
1066 396 1123 450 0.000218 0
1262 368 1279 409 0.000218 0
802 186 831 224 0.000217 0
237 221 276 297 0.000217 0
976 693 986 703 0.000217 0
573 361 607 437 0.000216 0
398 184 407 203 0.000216 0
962 443 976 462 0.000216 0
1205 384 1261 448 0.000215 0
761 266 815 344 0.000214 0
931 372 945 388 0.000214 0
778 242 842 328 0.000213 0
698 308 745 357 0.000212 0
124 64 489 200 0.000212 0
929 199 990 258 0.000210 0
155 64 257 167 0.000210 0
670 453 682 487 0.000210 0
933 376 945 391 0.000209 0
174 64 322 99 0.000209 0
762 238 838 331 0.000209 0
252 64 317 100 0.000208 0
0 66 65 284 0.000208 0
63 64 160 201 0.000207 0
849 284 864 337 0.000207 0
0 64 294 362 0.000207 0
1045 405 1097 448 0.000207 0
1104 606 1111 615 0.000206 0
1093 361 1124 408 0.000205 0
687 448 703 463 0.000204 0
719 186 738 223 0.000204 0
1040 391 1077 430 0.000203 0
1157 412 1168 424 0.000203 0
0 64 60 181 0.000203 0
665 486 673 497 0.000203 0
924 343 946 384 0.000203 0
1237 403 1255 435 0.000202 0
703 454 716 468 0.000202 0
515 392 528 424 0.000202 0
205 396 224 453 0.000202 0
144 64 468 198 0.000202 0
956 422 975 455 0.000201 0
1262 569 1279 643 0.000201 0
657 305 688 378 0.000201 0
1173 190 1200 219 0.000200 0
949 422 972 455 0.000200 0
1021 404 1037 428 0.000200 0
131 64 482 188 0.000200 0
658 274 704 376 0.000199 0
1244 410 1255 431 0.000199 0
974 325 993 391 0.000199 0
1246 679 1279 703 0.000199 0
638 430 656 452 0.000198 0
493 64 584 143 0.000198 0
1030 374 1041 395 0.000198 0
929 374 945 409 0.000197 0
681 171 703 215 0.000196 0
0 141 7 191 0.000196 0
1076 190 1095 208 0.000196 0
1264 312 1279 358 0.000195 0
642 429 656 441 0.000195 0
861 221 913 342 0.000195 0
111 219 125 248 0.000194 0
717 318 743 343 0.000193 0
572 388 595 435 0.000193 0
1102 501 1119 510 0.000193 0
60 64 214 169 0.000193 0
49 64 127 161 0.000192 0
927 372 943 408 0.000191 0
1135 395 1171 429 0.000191 0
431 519 441 555 0.000191 0
59 64 204 161 0.000190 0
173 205 184 217 0.000190 0
376 184 396 205 0.000189 0
183 193 192 207 0.000189 0
1025 360 1046 387 0.000189 0
117 64 404 148 0.000189 0
1181 425 1194 440 0.000189 0
1263 622 1279 647 0.000188 0
230 205 243 224 0.000188 0
1262 367 1279 445 0.000188 0
737 202 744 214 0.000188 0
722 337 736 368 0.000187 0
1225 637 1279 704 0.000187 0
0 64 257 345 0.000187 0
696 589 705 609 0.000187 0
270 386 288 399 0.000187 0
159 64 420 196 0.000186 0
702 327 714 343 0.000186 0
610 140 650 173 0.000186 0
129 65 507 225 0.000186 0
1099 406 1123 473 0.000186 0
1038 403 1053 425 0.000185 0
1075 389 1133 453 0.000185 0
633 629 675 703 0.000185 0
731 452 769 472 0.000185 0
977 688 996 703 0.000184 0
1215 359 1280 440 0.000184 0
655 555 671 579 0.000184 0
1028 399 1161 486 0.000184 0
752 414 768 427 0.000183 0
548 64 559 75 0.000183 0
1251 628 1279 703 0.000183 0
239 64 467 197 0.000182 0
629 363 640 381 0.000182 0
1263 511 1279 627 0.000182 0
255 64 370 191 0.000182 0
801 414 816 437 0.000182 0
948 443 962 459 0.000182 0
770 409 818 454 0.000181 0
223 64 506 356 0.000181 0
1135 404 1156 435 0.000181 0
159 170 232 234 0.000181 0
422 64 497 150 0.000180 0
270 199 298 306 0.000180 0
957 427 975 456 0.000180 0
26 64 133 209 0.000179 0
799 362 809 378 0.000179 0
830 64 839 69 0.000179 0
1190 484 1280 704 0.000179 0
1186 456 1200 473 0.000179 0
788 327 847 366 0.000179 0
1025 358 1056 390 0.000179 0
1215 507 1279 697 0.000179 0
205 397 224 429 0.000178 0
543 64 593 209 0.000178 0
1028 361 1048 387 0.000178 0
493 64 576 137 0.000177 0
174 647 193 703 0.000177 0
156 191 177 230 0.000177 0
1023 424 1040 455 0.000177 0
1256 680 1279 703 0.000177 0
1038 372 1053 410 0.000176 0
1085 442 1119 472 0.000176 0
4 64 335 265 0.000176 0
1263 65 1279 152 0.000176 0
599 555 608 569 0.000175 0
795 441 834 473 0.000175 0
1047 392 1061 415 0.000175 0
5 65 137 213 0.000175 0
1254 610 1280 649 0.000174 0
706 323 740 376 0.000174 0
578 447 593 460 0.000174 0
1116 407 1175 475 0.000174 0
1268 138 1279 170 0.000173 0
1079 343 1120 404 0.000173 0
988 411 1101 483 0.000173 0
887 560 897 596 0.000173 0
881 407 897 441 0.000173 0
1209 350 1280 425 0.000173 0
497 64 585 227 0.000172 0
638 687 700 703 0.000172 0
750 255 769 303 0.000170 0
1024 418 1055 464 0.000170 0
60 64 173 160 0.000170 0
1176 409 1198 441 0.000170 0
779 327 810 344 0.000170 0
437 193 446 205 0.000170 0
671 488 680 507 0.000170 0
801 279 850 344 0.000170 0
346 64 496 155 0.000169 0
977 687 1011 703 0.000169 0
672 571 680 581 0.000169 0
925 190 961 261 0.000168 0
449 154 581 258 0.000168 0
1208 434 1267 478 0.000168 0
1224 64 1279 168 0.000168 0
938 198 962 256 0.000167 0
6 64 126 171 0.000167 0
664 298 691 373 0.000167 0
814 439 826 452 0.000167 0
494 64 590 140 0.000167 0
432 190 443 204 0.000166 0
574 393 584 414 0.000166 0
1028 361 1054 391 0.000166 0
1208 438 1233 455 0.000166 0
709 317 739 344 0.000166 0
0 64 121 212 0.000166 0
285 225 322 315 0.000165 0
125 64 258 169 0.000165 0
752 416 767 449 0.000165 0
211 181 237 231 0.000165 0
784 329 810 344 0.000165 0
157 64 308 218 0.000164 0
698 327 704 339 0.000163 0
703 415 738 458 0.000163 0
1246 425 1264 455 0.000163 0
269 216 297 320 0.000163 0
102 65 213 177 0.000162 0
703 444 723 470 0.000162 0
799 589 809 616 0.000162 0
1115 412 1168 476 0.000161 0
627 292 682 359 0.000160 0
153 196 165 226 0.000160 0
265 216 295 320 0.000160 0
1023 382 1030 394 0.000160 0
1087 462 1104 481 0.000160 0
1077 330 1121 400 0.000160 0
29 64 126 180 0.000159 0
1189 406 1249 454 0.000159 0
1132 420 1171 474 0.000159 0
0 123 60 226 0.000159 0
926 190 967 262 0.000159 0
431 519 447 553 0.000159 0
803 176 855 224 0.000159 0
113 68 214 220 0.000159 0
836 493 848 506 0.000159 0
629 452 640 461 0.000158 0
1055 64 1280 271 0.000158 0
671 292 704 368 0.000158 0
1263 513 1279 607 0.000158 0
1012 380 1034 408 0.000157 0
61 65 209 206 0.000157 0
911 349 925 397 0.000157 0
1035 279 1058 335 0.000156 0
494 64 584 181 0.000156 0
1038 394 1050 410 0.000156 0
1109 407 1144 475 0.000156 0
106 225 131 321 0.000156 0
975 317 986 338 0.000156 0
943 380 961 447 0.000156 0
155 75 272 242 0.000155 0
943 204 984 257 0.000155 0
565 65 664 208 0.000155 0
1039 373 1051 396 0.000155 0
623 532 634 569 0.000154 0
1213 64 1279 169 0.000154 0
175 196 188 217 0.000154 0
1075 335 1090 380 0.000154 0
525 624 537 643 0.000154 0
748 229 793 281 0.000154 0
667 453 682 489 0.000154 0
1047 64 1156 208 0.000153 0
632 201 656 222 0.000153 0
565 388 596 445 0.000153 0
1046 168 1262 261 0.000153 0
1244 523 1279 645 0.000153 0
623 358 635 377 0.000152 0
1085 404 1123 469 0.000152 0
62 64 168 79 0.000152 0
1262 132 1279 175 0.000152 0
591 617 673 704 0.000152 0
926 351 945 391 0.000152 0
799 592 808 616 0.000152 0
951 331 983 388 0.000152 0
514 392 530 429 0.000151 0
199 124 344 257 0.000150 0
353 346 368 386 0.000150 0
976 429 993 454 0.000150 0
493 64 584 158 0.000150 0
307 66 431 226 0.000149 0
1253 592 1279 652 0.000149 0
325 64 690 208 0.000149 0
1028 373 1041 406 0.000149 0
1054 405 1093 449 0.000148 0
703 415 742 470 0.000148 0
1045 64 1157 179 0.000148 0
854 396 864 409 0.000148 0
347 64 496 94 0.000148 0
428 220 440 239 0.000148 0
1142 386 1191 409 0.000147 0
977 397 1120 472 0.000147 0
426 66 495 201 0.000147 0
569 404 592 441 0.000147 0
822 406 834 418 0.000147 0
665 205 675 218 0.000147 0
903 337 912 376 0.000147 0
1000 378 1042 426 0.000147 0
743 257 769 304 0.000146 0
940 380 1006 455 0.000146 0
1119 474 1177 497 0.000146 0
1167 441 1196 458 0.000146 0
1041 65 1147 219 0.000146 0
1199 64 1208 75 0.000145 0
665 480 673 488 0.000145 0
544 64 591 171 0.000145 0
61 64 199 188 0.000145 0
542 64 591 219 0.000144 0
754 224 804 282 0.000144 0
1075 395 1124 452 0.000144 0
1202 65 1279 252 0.000144 0
934 186 1011 259 0.000144 0
1239 516 1279 638 0.000143 0
344 64 497 138 0.000143 0
175 186 183 205 0.000143 0
798 363 812 392 0.000143 0
649 284 675 353 0.000143 0
1 68 371 398 0.000142 0
155 108 237 237 0.000142 0
472 304 496 358 0.000142 0
1204 625 1279 703 0.000142 0
122 71 213 232 0.000141 0
1135 406 1169 430 0.000141 0
862 306 894 341 0.000141 0
319 64 371 101 0.000140 0
797 271 834 343 0.000140 0
998 184 1011 216 0.000140 0
1246 676 1279 703 0.000140 0
1259 681 1279 703 0.000140 0
1024 403 1048 433 0.000139 0
735 456 751 504 0.000139 0
480 697 492 703 0.000139 0
545 64 652 212 0.000139 0
1040 279 1058 331 0.000139 0
341 64 490 151 0.000139 0
561 387 610 435 0.000139 0
292 241 337 361 0.000139 0
1237 448 1280 655 0.000138 0
660 454 675 487 0.000138 0
1262 64 1279 128 0.000138 0
911 419 944 458 0.000138 0
668 295 708 378 0.000137 0
760 263 834 339 0.000137 0
544 64 580 110 0.000137 0
456 162 549 297 0.000137 0
505 392 549 431 0.000137 0
16 511 48 568 0.000137 0
986 679 1022 703 0.000137 0
883 392 896 408 0.000137 0
92 66 477 256 0.000136 0
1086 357 1115 401 0.000136 0
316 242 336 367 0.000136 0
788 303 848 343 0.000135 0
562 64 662 218 0.000135 0
1 64 133 192 0.000135 0
734 436 753 504 0.000134 0
1260 626 1279 671 0.000134 0
580 64 672 219 0.000133 0
1147 360 1188 409 0.000133 0
657 321 680 375 0.000133 0
930 392 944 408 0.000133 0
1045 406 1077 436 0.000132 0
0 392 17 532 0.000132 0
445 164 498 294 0.000132 0
641 674 689 703 0.000132 0
591 407 608 433 0.000132 0
319 64 370 111 0.000132 0
71 64 162 78 0.000132 0
549 64 646 221 0.000132 0
1120 405 1129 428 0.000131 0
973 390 1124 468 0.000131 0
1111 505 1120 528 0.000131 0
1136 386 1200 427 0.000131 0
1176 340 1216 388 0.000131 0
839 318 866 343 0.000131 0
1215 420 1251 437 0.000131 0
212 192 327 382 0.000131 0
463 601 474 644 0.000131 0
880 391 890 407 0.000130 0
1087 373 1106 403 0.000130 0
430 216 440 225 0.000130 0
143 64 464 210 0.000130 0
426 64 497 131 0.000130 0
191 182 228 230 0.000130 0
572 64 660 210 0.000130 0
426 64 497 222 0.000130 0
1223 65 1279 183 0.000130 0
886 568 898 600 0.000129 0
1260 70 1279 170 0.000129 0
651 200 662 217 0.000128 0
1261 115 1279 172 0.000128 0
1011 182 1057 220 0.000128 0
290 226 323 315 0.000128 0
354 64 372 72 0.000128 0
1113 184 1141 210 0.000128 0
226 193 254 231 0.000128 0
216 391 240 407 0.000127 0
0 137 44 238 0.000127 0
271 385 287 398 0.000127 0
212 65 324 187 0.000127 0
494 64 681 208 0.000126 0
794 360 819 393 0.000126 0
544 64 583 109 0.000126 0
1263 513 1279 540 0.000126 0
1220 500 1279 677 0.000126 0
832 498 845 510 0.000125 0
535 632 547 669 0.000125 0
353 187 369 200 0.000125 0
1014 454 1057 471 0.000125 0
1107 395 1124 408 0.000125 0
926 359 946 406 0.000125 0
917 331 946 381 0.000125 0
6 64 182 130 0.000124 0
600 148 662 209 0.000124 0
1004 184 1016 224 0.000124 0
831 375 848 444 0.000123 0
1244 408 1279 446 0.000123 0
879 408 888 434 0.000123 0
1266 694 1279 703 0.000123 0
1040 398 1174 476 0.000123 0
1232 627 1279 704 0.000123 0
575 593 585 616 0.000122 0
1140 375 1174 408 0.000122 0
338 64 498 92 0.000121 0
790 412 854 457 0.000121 0
68 65 142 202 0.000121 0
1112 184 1158 215 0.000121 0
281 204 321 313 0.000121 0
293 232 337 372 0.000120 0
629 530 644 570 0.000120 0
1182 572 1279 701 0.000120 0
655 556 671 578 0.000120 0
453 203 476 253 0.000119 0
551 568 560 597 0.000119 0
855 496 863 503 0.000118 0
1064 482 1122 536 0.000118 0
578 64 665 211 0.000118 0
887 343 895 359 0.000118 0
1200 611 1279 703 0.000118 0
680 382 688 393 0.000118 0
791 577 799 590 0.000118 0
735 461 752 504 0.000117 0
1219 423 1244 435 0.000117 0
759 268 800 344 0.000117 0
762 242 852 341 0.000117 0
361 64 437 88 0.000117 0
847 170 870 230 0.000117 0
1174 524 1279 702 0.000116 0
1020 423 1167 492 0.000116 0
981 680 1020 703 0.000116 0
1102 229 1123 253 0.000116 0
0 250 60 387 0.000116 0
0 65 16 131 0.000116 0
1207 567 1279 700 0.000116 0
902 327 928 346 0.000115 0
1039 376 1066 416 0.000115 0
1214 64 1233 103 0.000115 0
1208 509 1216 531 0.000115 0
1078 335 1114 380 0.000115 0
12 64 350 256 0.000115 0
1134 400 1172 450 0.000115 0
543 596 563 648 0.000115 0
1226 352 1264 376 0.000114 0
832 493 847 511 0.000114 0
797 306 848 343 0.000114 0
519 365 619 442 0.000113 0
623 64 642 105 0.000113 0
592 406 608 426 0.000113 0
507 393 565 432 0.000113 0
1100 369 1130 411 0.000113 0
767 575 775 584 0.000113 0
0 590 17 703 0.000112 0
1035 345 1130 467 0.000112 0
587 403 608 428 0.000112 0
999 505 1009 527 0.000112 0
1259 97 1279 171 0.000112 0
301 113 321 159 0.000112 0
1094 368 1184 415 0.000112 0
1136 368 1186 409 0.000111 0
927 327 944 344 0.000111 0
432 171 446 201 0.000111 0
1084 398 1098 410 0.000111 0
0 64 15 138 0.000111 0
772 313 792 338 0.000111 0
946 189 959 209 0.000111 0
0 391 32 461 0.000110 0
651 423 675 438 0.000110 0
1178 410 1198 425 0.000110 0
662 414 671 428 0.000110 0
1105 338 1129 372 0.000110 0
688 310 719 376 0.000110 0
1138 65 1235 232 0.000110 0
91 71 365 241 0.000110 0
1120 410 1128 431 0.000109 0
1244 680 1277 703 0.000109 0
632 473 639 481 0.000109 0
971 363 1127 468 0.000109 0
525 196 554 248 0.000109 0
1006 458 1065 510 0.000109 0
1046 279 1072 295 0.000109 0
493 64 677 224 0.000109 0
1265 112 1279 170 0.000109 0
274 216 308 314 0.000109 0
1215 356 1226 375 0.000109 0
847 428 863 450 0.000109 0
245 235 276 299 0.000108 0
874 314 910 344 0.000108 0
0 64 172 148 0.000108 0
1250 624 1279 696 0.000108 0
1215 627 1279 703 0.000108 0
126 232 149 321 0.000108 0
344 64 372 87 0.000108 0
258 64 320 127 0.000108 0
463 164 544 258 0.000108 0
620 684 673 703 0.000107 0
66 67 219 230 0.000107 0
107 64 213 165 0.000107 0
631 474 640 487 0.000107 0
623 532 633 569 0.000107 0
917 393 928 408 0.000107 0
346 64 496 98 0.000107 0
1237 132 1280 182 0.000107 0
0 64 16 158 0.000107 0
861 283 913 343 0.000107 0
0 140 28 204 0.000106 0
1086 497 1123 533 0.000106 0
1119 186 1159 220 0.000106 0
0 587 17 704 0.000106 0
723 181 763 226 0.000106 0
752 456 769 488 0.000106 0
604 141 666 207 0.000106 0
0 143 30 207 0.000106 0
493 64 566 148 0.000105 0
1040 396 1191 471 0.000105 0
1135 390 1185 426 0.000105 0
224 375 240 405 0.000105 0
1059 402 1087 426 0.000105 0
975 326 991 347 0.000104 0
699 432 724 469 0.000104 0
737 180 792 234 0.000104 0
0 390 21 517 0.000103 0
1026 353 1126 464 0.000103 0
464 186 480 215 0.000103 0
1140 64 1279 189 0.000103 0
478 408 578 438 0.000103 0
1066 117 1141 183 0.000103 0
1263 681 1279 703 0.000103 0
739 193 769 232 0.000102 0
534 631 549 670 0.000102 0
545 64 581 105 0.000102 0
958 198 967 208 0.000102 0
979 678 1010 703 0.000102 0
924 191 974 262 0.000102 0
193 369 242 411 0.000102 0
1158 489 1280 704 0.000102 0
662 529 682 578 0.000102 0
578 406 609 434 0.000102 0
890 564 905 600 0.000102 0
759 254 834 327 0.000101 0
1029 395 1041 407 0.000101 0
1264 80 1279 170 0.000101 0
66 66 213 212 0.000101 0
530 425 581 435 0.000101 0
320 64 370 96 0.000101 0
1030 340 1064 392 0.000101 0
302 111 312 124 0.000100 0
320 374 336 391 0.000100 0
907 183 1037 266 0.000100 0
971 222 1023 273 0.723832 1
971 228 1022 273 0.603982 1
1036 222 1065 263 0.491381 1
867 222 911 271 0.468901 1
1036 220 1064 262 0.321896 1
746 217 840 289 0.318517 1
1036 220 1070 263 0.271979 1
1148 218 1181 251 0.213653 1
1149 219 1177 251 0.205314 1
1149 214 1177 250 0.194126 1
1036 214 1065 263 0.190568 1
868 227 911 270 0.172156 1
1148 219 1179 250 0.164846 1
1150 216 1178 250 0.157398 1
865 220 924 293 0.143654 1
865 229 913 287 0.130584 1
1035 222 1061 262 0.096029 1
863 220 919 292 0.065892 1
1149 218 1170 248 0.065392 1
1035 229 1056 262 0.052104 1
871 229 912 269 0.048306 1
864 230 923 289 0.038520 1
865 223 927 296 0.037595 1
911 229 943 263 0.036490 1
1145 221 1182 253 0.033815 1
925 226 944 262 0.031195 1
867 231 910 270 0.029452 1
926 225 944 263 0.027217 1
865 232 906 286 0.025604 1
1025 229 1057 262 0.024287 1
1036 220 1071 265 0.023942 1
868 228 905 270 0.022462 1
907 228 943 264 0.021924 1
866 230 908 283 0.021382 1
927 234 942 260 0.019365 1
1027 226 1057 262 0.018719 1
867 218 894 269 0.018068 1
1025 223 1057 262 0.016677 1
862 220 926 298 0.016506 1
886 226 911 266 0.015486 1
926 200 947 263 0.015111 1
892 234 926 296 0.014679 1
898 263 928 296 0.014552 1
893 257 927 296 0.014185 1
48 229 98 257 0.013343 1
866 239 916 290 0.013078 1
1143 220 1185 253 0.013052 1
1137 226 1179 250 0.012135 1
1128 218 1182 252 0.012026 1
863 232 902 286 0.011886 1
78 236 99 258 0.011872 1
18 230 72 257 0.011087 1
929 233 944 263 0.010674 1
863 242 905 289 0.010312 1
823 256 840 282 0.010177 1
17 219 72 257 0.009941 1
1154 223 1179 253 0.009811 1
818 256 840 283 0.009436 1
897 230 942 266 0.009102 1
1003 229 1025 271 0.008593 1
883 231 922 292 0.008410 1
824 258 840 283 0.008323 1
893 228 912 266 0.008227 1
895 233 927 296 0.007956 1
1156 220 1182 251 0.007950 1
895 232 936 270 0.007820 1
1018 220 1057 261 0.007813 1
887 229 914 267 0.007807 1
894 261 926 296 0.007770 1
873 219 898 265 0.007662 1
1140 229 1156 247 0.007527 1
865 215 910 271 0.007378 1
867 214 891 265 0.007338 1
49 224 97 257 0.007338 1
1002 231 1024 267 0.007193 1
0 233 42 258 0.007169 1
745 246 811 291 0.007136 1
1034 219 1091 263 0.006960 1
55 225 98 258 0.006918 1
891 260 922 292 0.006763 1
0 232 71 258 0.006728 1
745 244 799 290 0.006639 1
793 244 840 283 0.006479 1
20 223 72 257 0.006474 1
976 229 1025 272 0.006212 1
879 252 927 297 0.006149 1
1069 215 1093 242 0.006135 1
1069 218 1093 245 0.006019 1
1042 223 1071 263 0.005967 1
858 249 907 295 0.005940 1
4 231 42 257 0.005881 1
1022 230 1041 262 0.005880 1
859 230 882 283 0.005774 1
18 215 43 257 0.005712 1
988 201 1024 266 0.005627 1
908 265 927 296 0.005592 1
790 247 840 283 0.005510 1
822 247 840 282 0.005398 1
62 225 99 257 0.005383 1
47 236 72 256 0.005314 1
890 232 915 268 0.005286 1
48 230 100 258 0.005214 1
1050 208 1072 263 0.005165 1
47 225 93 256 0.005135 1
746 225 840 289 0.005095 1
865 220 882 267 0.005030 1
1054 219 1094 258 0.004941 1
883 201 907 266 0.004724 1
20 216 64 258 0.004628 1
865 231 881 270 0.004627 1
1003 232 1025 271 0.004627 1
1006 230 1025 256 0.004581 1
0 228 41 258 0.004490 1
948 274 961 303 0.004482 1
950 274 960 301 0.004225 1
898 231 931 297 0.004217 1
910 267 928 296 0.004214 1
56 226 95 256 0.004200 1
864 231 881 271 0.004157 1
20 226 73 256 0.004123 1
0 222 73 258 0.004120 1
22 216 42 257 0.004060 1
788 244 840 283 0.004006 1
1008 218 1026 255 0.003958 1
934 274 960 303 0.003942 1
107 236 158 262 0.003835 1
1018 224 1040 261 0.003813 1
47 233 74 255 0.003789 1
950 274 960 298 0.003707 1
922 272 961 308 0.003683 1
974 221 1008 271 0.003646 1
746 247 772 289 0.003537 1
949 274 960 303 0.003531 1
937 273 960 302 0.003496 1
1170 220 1184 249 0.003491 1
744 216 923 298 0.003442 1
105 236 158 264 0.003383 1
47 226 74 255 0.003313 1
929 274 961 304 0.003285 1
56 223 92 243 0.003247 1
983 206 1021 271 0.003246 1
1068 213 1091 237 0.003236 1
970 233 994 273 0.003173 1
75 225 99 257 0.003141 1
745 237 796 290 0.003114 1
8 229 71 257 0.003044 1
862 234 889 284 0.003041 1
971 223 993 257 0.002951 1
1022 238 1037 262 0.002906 1
22 219 69 256 0.002875 1
922 233 981 263 0.002805 1
689 206 727 237 0.002801 1
912 212 1025 274 0.002795 1
36 234 73 256 0.002729 1
903 229 937 266 0.002621 1
78 237 99 256 0.002601 1
0 239 12 257 0.002601 1
0 241 7 257 0.002568 1
894 263 923 297 0.002564 1
856 253 921 299 0.002547 1
984 212 1016 270 0.002546 1
746 247 795 289 0.002544 1
63 230 97 256 0.002519 1
982 231 1025 272 0.002509 1
744 242 844 284 0.002471 1
854 223 881 279 0.002442 1
812 218 916 283 0.002437 1
905 243 959 303 0.002431 1
1069 222 1093 244 0.002412 1
49 221 76 255 0.002404 1
1014 214 1042 258 0.002363 1
60 224 94 238 0.002343 1
911 268 928 296 0.002340 1
1151 223 1184 254 0.002326 1
929 215 952 260 0.002326 1
862 214 883 259 0.002291 1
862 211 946 267 0.002282 1
65 224 97 237 0.002193 1
970 232 1017 273 0.002176 1
1130 227 1187 253 0.002137 1
1043 221 1094 263 0.002090 1
1017 207 1054 258 0.002066 1
1069 225 1093 249 0.002004 1
868 212 888 254 0.001989 1
1184 210 1226 265 0.001946 1
1023 318 1056 335 0.001942 1
1134 232 1152 249 0.001922 1
970 223 993 259 0.001844 1
853 228 882 282 0.001798 1
938 220 996 259 0.001794 1
157 233 225 263 0.001792 1
1022 318 1056 339 0.001734 1
158 229 223 262 0.001714 1
8 229 73 279 0.001710 1
1070 217 1093 236 0.001705 1
745 240 849 286 0.001704 1
194 225 226 259 0.001697 1
102 235 154 264 0.001688 1
193 229 229 262 0.001674 1
921 237 987 265 0.001584 1
854 251 904 296 0.001547 1
969 236 990 270 0.001511 1
855 221 880 275 0.001492 1
964 237 985 259 0.001482 1
936 238 962 259 0.001480 1
965 218 1068 273 0.001432 1
1045 214 1091 260 0.001396 1
815 257 841 285 0.001390 1
746 247 776 289 0.001343 1
0 233 49 284 0.001315 1
744 247 827 292 0.001292 1
856 252 914 297 0.001270 1
947 239 983 258 0.001245 1
744 243 849 304 0.001244 1
143 229 194 260 0.001243 1
77 224 97 236 0.001234 1
169 226 225 260 0.001228 1
1035 320 1055 335 0.001226 1
133 234 194 263 0.001178 1
972 221 988 239 0.001154 1
194 227 255 264 0.001147 1
110 216 157 257 0.001144 1
113 216 172 258 0.001139 1
922 227 931 244 0.001124 1
968 222 991 257 0.001121 1
906 216 1047 309 0.001121 1
830 260 857 283 0.001115 1
1036 221 1073 276 0.001102 1
793 255 840 286 0.001094 1
120 235 173 263 0.001084 1
6 228 102 277 0.001071 1
121 218 184 260 0.001037 1
1022 210 1042 233 0.001021 1
197 233 245 264 0.001021 1
1020 315 1066 345 0.001017 1
196 209 227 256 0.001012 1
914 271 945 298 0.000979 1
1180 164 1213 258 0.000954 1
969 217 989 256 0.000953 1
851 237 881 288 0.000937 1
927 278 954 312 0.000935 1
824 257 841 285 0.000935 1
943 216 1148 304 0.000911 1
930 274 1145 334 0.000895 1
916 271 958 297 0.000890 1
0 230 55 258 0.000872 1
969 236 982 256 0.000841 1
745 244 791 284 0.000840 1
970 237 992 272 0.000833 1
826 257 857 282 0.000831 1
2 231 47 277 0.000823 1
109 221 155 259 0.000814 1
17 212 72 258 0.000809 1
864 214 877 237 0.000808 1
948 245 959 255 0.000808 1
922 195 996 262 0.000798 1
1024 305 1057 334 0.000796 1
907 222 932 263 0.000794 1
934 279 945 295 0.000774 1
745 249 772 298 0.000771 1
1031 217 1114 269 0.000765 1
941 263 1075 302 0.000764 1
929 278 955 307 0.000756 1
850 207 879 270 0.000749 1
915 270 944 296 0.000749 1
22 214 59 256 0.000735 1
927 282 943 312 0.000734 1
170 209 226 259 0.000727 1
923 278 944 310 0.000721 1
823 244 840 282 0.000719 1
12 211 74 258 0.000706 1
746 240 844 304 0.000703 1
689 212 704 238 0.000677 1
1036 220 1068 266 0.000672 1
827 227 869 282 0.000671 1
30 215 41 236 0.000666 1
1019 315 1081 346 0.000666 1
745 245 771 304 0.000662 1
77 238 100 264 0.000653 1
42 235 75 277 0.000623 1
899 219 968 273 0.000600 1
927 192 949 262 0.000599 1
50 232 100 266 0.000591 1
128 215 149 238 0.000585 1
155 214 182 256 0.000581 1
1213 204 1255 234 0.000580 1
1145 320 1168 344 0.000572 1
26 233 75 281 0.000567 1
16 231 48 276 0.000565 1
204 234 242 264 0.000563 1
14 230 73 281 0.000559 1
189 234 223 262 0.000559 1
839 201 911 278 0.000555 1
933 226 1081 300 0.000553 1
68 224 163 261 0.000537 1
187 234 239 264 0.000536 1
927 282 944 312 0.000532 1
129 235 172 264 0.000532 1
745 248 770 303 0.000527 1
135 216 158 243 0.000526 1
140 215 175 253 0.000519 1
907 224 1029 282 0.000508 1
948 237 985 258 0.000503 1
900 229 947 299 0.000498 1
203 228 267 263 0.000496 1
836 263 854 282 0.000492 1
945 238 979 256 0.000485 1
935 237 986 262 0.000485 1
1018 319 1073 345 0.000481 1
1146 321 1169 357 0.000478 1
1 219 41 257 0.000478 1
841 217 922 306 0.000478 1
824 240 861 282 0.000459 1
746 249 773 287 0.000459 1
144 237 175 263 0.000458 1
1022 303 1057 336 0.000454 1
1026 302 1059 335 0.000445 1
197 234 241 264 0.000441 1
153 236 194 266 0.000437 1
1046 223 1097 267 0.000432 1
927 275 962 312 0.000425 1
856 261 903 297 0.000424 1
202 234 229 260 0.000411 1
1116 212 1232 277 0.000409 1
908 232 983 303 0.000408 1
907 214 933 255 0.000404 1
1131 223 1228 269 0.000379 1
1057 223 1072 274 0.000376 1
1139 324 1195 361 0.000369 1
847 268 853 282 0.000356 1
54 216 95 238 0.000355 1
207 234 260 264 0.000349 1
748 232 827 284 0.000336 1
740 227 925 342 0.000333 1
1001 233 1023 271 0.000325 1
742 239 917 345 0.000312 1
23 215 65 245 0.000310 1
742 246 840 336 0.000310 1
77 217 95 236 0.000305 1
927 286 940 312 0.000304 1
915 236 983 299 0.000304 1
744 245 809 311 0.000298 1
1018 222 1074 279 0.000297 1
207 197 248 261 0.000287 1
945 209 982 258 0.000281 1
733 190 946 297 0.000280 1
55 217 85 238 0.000274 1
854 257 872 296 0.000273 1
1024 279 1059 335 0.000264 1
911 266 937 312 0.000260 1
934 208 986 258 0.000260 1
1123 221 1217 271 0.000258 1
948 274 968 304 0.000256 1
1097 212 1212 275 0.000247 1
972 210 989 234 0.000247 1
792 256 838 293 0.000230 1
894 261 926 311 0.000229 1
757 239 841 305 0.000224 1
154 207 192 258 0.000223 1
60 248 90 264 0.000216 1
897 263 931 312 0.000213 1
746 241 786 287 0.000211 1
854 271 898 296 0.000210 1
944 210 971 256 0.000208 1
212 235 245 264 0.000199 1
1143 322 1184 351 0.000194 1
744 242 836 320 0.000187 1
1004 318 1082 357 0.000184 1
902 233 974 299 0.000184 1
925 273 960 315 0.000169 1
80 217 96 235 0.000169 1
946 206 980 258 0.000168 1
187 237 218 263 0.000168 1
1062 222 1096 268 0.000166 1
777 250 853 312 0.000156 1
969 208 991 255 0.000155 1
679 208 694 233 0.000151 1
1044 279 1062 295 0.000150 1
54 217 67 238 0.000148 1
991 277 1061 334 0.000146 1
741 246 825 315 0.000144 1
945 272 967 302 0.000144 1
967 218 1047 303 0.000143 1
1059 214 1241 279 0.000143 1
924 235 990 280 0.000140 1
1045 279 1071 295 0.000140 1
824 259 864 295 0.000134 1
928 273 964 312 0.000131 1
834 265 857 294 0.000131 1
0 209 64 260 0.000129 1
746 234 793 287 0.000125 1
0 196 206 303 0.000124 1
1012 277 1063 296 0.000122 1
1001 231 1049 273 0.000122 1
746 221 841 319 0.000121 1
0 64 167 289 0.000113 1
857 256 915 316 0.000113 1
988 276 1059 295 0.000101 1
1113 216 1137 240 0.054201 2
1113 215 1156 243 0.044898 2
1113 216 1137 238 0.041671 2
1113 216 1138 241 0.039491 2
822 330 847 344 0.034386 2
691 205 727 236 0.034386 2
305 187 322 198 0.028316 2
304 186 323 198 0.026518 2
485 199 516 217 0.026503 2
1113 215 1158 246 0.025736 2
1113 215 1138 233 0.025256 2
484 198 516 216 0.023064 2
1104 487 1116 495 0.022587 2
823 329 847 343 0.021774 2
631 381 656 396 0.021302 2
486 202 515 217 0.020769 2
488 199 512 216 0.018775 2
1105 214 1137 240 0.017868 2
1114 215 1176 245 0.017594 2
1113 213 1157 244 0.016464 2
690 207 727 235 0.015764 2
491 199 516 214 0.014487 2
862 177 936 200 0.013737 2
1069 209 1136 246 0.012884 2
1104 487 1119 497 0.012568 2
483 198 517 217 0.012527 2
869 176 940 246 0.011501 2
1113 215 1155 246 0.011427 2
587 183 622 210 0.010285 2
319 216 331 231 0.009648 2
632 382 657 397 0.009090 2
481 182 518 217 0.008986 2
319 204 331 231 0.008903 2
1112 217 1136 247 0.008804 2
859 176 936 215 0.008588 2
0 395 16 422 0.008250 2
1094 210 1138 246 0.008106 2
0 392 16 422 0.007780 2
979 455 996 463 0.007723 2
1067 211 1134 246 0.007458 2
1113 211 1175 245 0.007011 2
917 472 928 483 0.006967 2
1222 503 1233 511 0.006915 2
0 401 16 422 0.006862 2
596 196 651 215 0.006783 2
586 183 622 214 0.006682 2
529 197 553 218 0.006609 2
1097 213 1133 247 0.006289 2
875 177 936 200 0.006197 2
603 197 651 216 0.006068 2
975 455 996 464 0.006047 2
481 185 517 216 0.005792 2
478 172 517 217 0.005752 2
587 183 623 206 0.005686 2
699 205 728 234 0.005640 2
1112 214 1162 247 0.005618 2
607 200 649 216 0.005153 2
587 186 655 217 0.005054 2
535 202 553 218 0.005011 2
925 455 937 463 0.004997 2
534 203 546 218 0.004916 2
669 453 686 464 0.004901 2
691 199 730 233 0.004707 2
1067 209 1138 243 0.004630 2
691 199 726 230 0.004601 2
461 419 539 448 0.004445 2
587 183 621 202 0.004388 2
481 183 521 217 0.004161 2
706 209 727 234 0.003990 2
588 193 654 217 0.003922 2
1211 503 1228 512 0.003895 2
707 210 727 235 0.003894 2
831 472 841 479 0.003841 2
487 190 526 216 0.003839 2
529 247 599 281 0.003834 2
599 319 608 329 0.003777 2
1111 218 1142 248 0.003711 2
633 375 657 395 0.003677 2
600 195 654 217 0.003657 2
1098 208 1137 230 0.003634 2
293 180 309 198 0.003563 2
864 176 937 206 0.003486 2
461 419 528 447 0.003463 2
631 375 656 395 0.003307 2
528 204 543 218 0.003252 2
1113 214 1180 251 0.003196 2
1096 208 1138 233 0.003136 2
597 463 608 471 0.003093 2
631 375 657 395 0.003088 2
914 473 928 486 0.003067 2
1089 207 1137 235 0.003032 2
586 189 656 218 0.003019 2
868 177 937 201 0.002953 2
319 202 335 231 0.002831 2
592 448 608 459 0.002767 2
579 184 622 207 0.002759 2
357 216 368 230 0.002732 2
1098 160 1202 229 0.002680 2
592 423 608 434 0.002667 2
1015 337 1024 344 0.002519 2
306 185 331 199 0.002468 2
319 207 334 231 0.002460 2
835 470 848 478 0.002448 2
1182 165 1202 219 0.002445 2
1069 213 1095 233 0.002428 2
503 318 514 335 0.002403 2
495 238 532 251 0.002379 2
246 412 264 423 0.002365 2
662 269 788 341 0.002350 2
630 379 655 395 0.002313 2
1213 495 1227 504 0.002234 2
662 454 676 463 0.002233 2
1016 200 1033 222 0.002232 2
1110 189 1120 202 0.002225 2
623 321 662 376 0.002224 2
0 391 16 412 0.002223 2
208 399 223 413 0.002209 2
463 421 497 445 0.002150 2
207 398 224 414 0.002100 2
822 217 852 241 0.002097 2
294 177 306 197 0.002045 2
1036 320 1055 335 0.002001 2
865 176 937 211 0.001983 2
1226 196 1256 233 0.001977 2
623 320 664 372 0.001966 2
648 455 656 461 0.001964 2
1263 349 1279 365 0.001957 2
463 418 499 444 0.001952 2
0 392 16 417 0.001894 2
1263 349 1279 369 0.001865 2
1181 164 1204 220 0.001856 2
625 323 677 375 0.001842 2
514 186 554 217 0.001811 2
296 175 316 197 0.001785 2
575 445 592 458 0.001774 2
462 411 524 446 0.001764 2
503 311 527 336 0.001761 2
1181 164 1229 218 0.001761 2
1070 214 1098 233 0.001758 2
656 454 669 462 0.001756 2
358 216 368 231 0.001729 2
1151 447 1167 458 0.001722 2
865 175 936 217 0.001702 2
940 455 973 464 0.001677 2
290 200 332 232 0.001671 2
821 329 884 344 0.001661 2
0 392 32 422 0.001658 2
1227 166 1248 181 0.001640 2
1027 319 1089 340 0.001640 2
591 424 608 433 0.001634 2
913 179 937 200 0.001633 2
1038 321 1055 335 0.001629 2
916 472 943 484 0.001605 2
581 184 621 213 0.001596 2
462 415 537 444 0.001590 2
328 199 378 232 0.001581 2
1025 204 1049 230 0.001576 2
158 407 176 424 0.001556 2
599 362 623 376 0.001552 2
1024 208 1040 230 0.001541 2
270 184 312 201 0.001537 2
92 398 183 424 0.001536 2
689 209 727 237 0.001529 2
87 399 182 425 0.001522 2
1022 319 1050 336 0.001505 2
588 190 620 214 0.001494 2
273 184 294 195 0.001485 2
895 472 923 485 0.001442 2
1018 319 1051 342 0.001436 2
599 364 623 376 0.001435 2
461 421 526 448 0.001435 2
294 199 332 232 0.001419 2
316 200 334 231 0.001419 2
462 420 508 446 0.001411 2
158 395 213 419 0.001401 2
462 417 501 444 0.001388 2
633 204 653 216 0.001386 2
0 398 32 422 0.001385 2
207 397 224 414 0.001378 2
462 423 494 444 0.001376 2
1263 248 1279 270 0.001370 2
159 415 170 423 0.001367 2
623 318 667 366 0.001360 2
1121 64 1152 76 0.001355 2
503 311 519 335 0.001345 2
818 471 834 478 0.001335 2
958 481 972 487 0.001332 2
876 190 947 264 0.001329 2
462 415 512 445 0.001302 2
246 410 264 423 0.001300 2
111 399 177 426 0.001293 2
264 191 335 238 0.001277 2
1019 318 1094 352 0.001276 2
624 319 689 379 0.001275 2
47 407 64 423 0.001269 2
503 308 529 335 0.001268 2
863 335 883 343 0.001255 2
1147 471 1165 479 0.001249 2
606 447 624 461 0.001243 2
658 450 689 463 0.001242 2
708 302 768 329 0.001241 2
1264 351 1279 368 0.001240 2
503 312 529 337 0.001223 2
1151 447 1168 457 0.001220 2
944 456 962 466 0.001207 2
623 320 660 378 0.001196 2
269 185 295 219 0.001193 2
960 480 975 487 0.001189 2
1103 208 1138 230 0.001173 2
1168 274 1279 355 0.001171 2
1066 198 1139 234 0.001163 2
702 205 763 235 0.001158 2
1168 267 1279 360 0.001151 2
689 201 798 236 0.001145 2
272 185 295 199 0.001142 2
625 322 674 367 0.001128 2
155 394 214 418 0.001116 2
993 503 1017 520 0.001114 2
173 393 212 418 0.001113 2
46 404 63 423 0.001112 2
1264 350 1279 367 0.001112 2
110 402 160 426 0.001106 2
975 480 985 487 0.001105 2
852 176 948 259 0.001105 2
596 362 623 377 0.001097 2
1016 274 1141 339 0.001094 2
431 422 464 441 0.001087 2
1262 201 1279 269 0.001080 2
1029 314 1076 336 0.001074 2
1221 191 1257 233 0.001065 2
580 183 623 204 0.001061 2
1135 325 1180 361 0.001057 2
662 269 771 342 0.001056 2
699 208 762 235 0.001055 2
1017 204 1043 241 0.001051 2
862 172 943 214 0.001043 2
431 423 463 441 0.001040 2
330 209 372 233 0.001026 2
503 292 530 336 0.001010 2
1263 169 1279 180 0.001005 2
1254 206 1278 235 0.001005 2
264 199 388 274 0.001002 2
1263 169 1279 210 0.000997 2
1001 508 1016 520 0.000983 2
606 201 616 215 0.000982 2
1137 322 1169 346 0.000978 2
588 191 617 214 0.000972 2
1183 165 1202 190 0.000968 2
1061 209 1185 252 0.000960 2
624 316 680 367 0.000960 2
390 421 429 437 0.000958 2
1228 167 1247 181 0.000955 2
191 392 212 412 0.000950 2
596 449 608 461 0.000949 2
170 393 214 418 0.000947 2
154 401 177 423 0.000946 2
1136 323 1178 360 0.000938 2
1260 235 1279 269 0.000932 2
503 287 531 337 0.000918 2
463 408 516 445 0.000907 2
939 274 1140 338 0.000906 2
901 456 913 463 0.000906 2
822 329 847 358 0.000903 2
1263 169 1279 224 0.000899 2
317 199 386 236 0.000897 2
815 329 847 344 0.000897 2
391 421 463 442 0.000897 2
452 206 466 222 0.000885 2
699 301 768 330 0.000884 2
655 202 728 235 0.000883 2
264 199 388 239 0.000883 2
536 168 577 216 0.000878 2
429 222 439 229 0.000874 2
75 402 158 425 0.000873 2
1207 253 1226 267 0.000870 2
820 333 888 344 0.000865 2
623 319 660 366 0.000857 2
696 302 768 333 0.000854 2
1027 315 1090 340 0.000851 2
658 192 692 218 0.000848 2
689 206 764 236 0.000839 2
106 400 178 424 0.000837 2
503 312 529 349 0.000831 2
1022 318 1098 353 0.000825 2
1122 64 1152 74 0.000824 2
191 392 212 408 0.000821 2
921 178 935 200 0.000819 2
332 215 354 230 0.000816 2
462 422 500 447 0.000814 2
111 408 143 426 0.000810 2
126 411 139 425 0.000807 2
591 462 608 472 0.000798 2
327 199 386 233 0.000790 2
481 185 498 210 0.000787 2
572 424 609 458 0.000782 2
550 203 562 216 0.000780 2
111 411 127 425 0.000779 2
1197 232 1280 269 0.000778 2
122 402 157 425 0.000769 2
640 455 656 470 0.000769 2
1103 199 1168 248 0.000769 2
698 302 768 339 0.000767 2
717 301 768 330 0.000756 2
1075 216 1097 233 0.000749 2
386 198 397 206 0.000742 2
1263 252 1279 270 0.000741 2
329 213 355 233 0.000739 2
1111 471 1124 478 0.000737 2
1263 169 1279 201 0.000736 2
1264 367 1279 375 0.000736 2
81 398 188 424 0.000734 2
47 404 63 423 0.000729 2
314 197 336 231 0.000727 2
624 315 690 379 0.000726 2
624 320 681 381 0.000724 2
267 198 385 233 0.000723 2
1142 321 1170 351 0.000720 2
811 328 847 344 0.000718 2
187 392 215 417 0.000714 2
829 176 939 246 0.000712 2
1135 341 1188 363 0.000712 2
0 390 17 421 0.000706 2
707 302 768 332 0.000703 2
1099 160 1226 219 0.000703 2
711 301 768 330 0.000700 2
1247 347 1263 359 0.000697 2
106 396 197 422 0.000691 2
1142 323 1167 343 0.000691 2
1261 351 1279 384 0.000684 2
293 175 309 198 0.000683 2
639 461 650 472 0.000682 2
1108 320 1184 363 0.000680 2
999 505 1015 520 0.000680 2
633 378 661 394 0.000678 2
158 397 197 423 0.000677 2
607 448 624 466 0.000665 2
1070 207 1096 231 0.000663 2
0 394 85 422 0.000656 2
1101 187 1180 248 0.000647 2
1008 188 1056 223 0.000646 2
0 257 16 283 0.000646 2
590 362 624 391 0.000641 2
1246 345 1263 356 0.000640 2
657 449 681 463 0.000636 2
1261 358 1279 409 0.000629 2
1223 162 1276 214 0.000626 2
866 187 935 264 0.000625 2
1199 254 1225 267 0.000621 2
534 203 553 222 0.000617 2
190 392 224 414 0.000617 2
1128 64 1151 73 0.000617 2
391 428 418 437 0.000614 2
462 409 512 444 0.000613 2
390 420 431 438 0.000611 2
593 363 624 391 0.000605 2
1116 323 1169 345 0.000605 2
443 422 498 443 0.000601 2
822 329 847 352 0.000594 2
1028 275 1141 356 0.000592 2
1136 471 1162 479 0.000591 2
1012 192 1058 253 0.000589 2
745 433 785 472 0.000587 2
702 200 762 234 0.000584 2
557 179 582 202 0.000582 2
632 373 687 394 0.000578 2
1041 207 1081 261 0.000573 2
976 454 998 467 0.000572 2
1264 255 1279 272 0.000572 2
0 398 97 424 0.000571 2
178 392 213 417 0.000571 2
689 195 721 232 0.000569 2
643 448 695 463 0.000569 2
1258 628 1279 648 0.000568 2
1077 198 1093 210 0.000564 2
462 422 497 447 0.000563 2
1092 488 1108 497 0.000562 2
504 314 529 351 0.000560 2
1139 329 1195 360 0.000557 2
975 455 1023 472 0.000556 2
496 238 529 251 0.000555 2
0 283 24 294 0.000554 2
495 238 539 254 0.000553 2
463 408 517 435 0.000552 2
305 186 333 232 0.000551 2
1203 250 1243 267 0.000549 2
145 395 204 420 0.000547 2
1019 319 1067 346 0.000546 2
1103 172 1121 203 0.000545 2
1199 472 1210 482 0.000544 2
591 450 608 460 0.000539 2
297 200 333 232 0.000535 2
1051 290 1141 342 0.000531 2
672 193 691 215 0.000530 2
1169 247 1279 365 0.000529 2
629 367 657 396 0.000528 2
0 560 77 600 0.000526 2
991 502 1016 520 0.000526 2
1236 344 1251 355 0.000524 2
1137 341 1183 361 0.000519 2
1050 313 1089 335 0.000519 2
851 439 870 455 0.000515 2
661 274 688 283 0.000511 2
1094 195 1123 211 0.000510 2
312 188 340 200 0.000509 2
1056 314 1124 356 0.000505 2
1255 631 1272 646 0.000502 2
440 422 499 442 0.000500 2
495 239 532 253 0.000500 2
320 408 341 413 0.000500 2
319 202 333 268 0.000496 2
633 387 688 426 0.000493 2
1054 464 1072 471 0.000490 2
1248 347 1266 361 0.000489 2
1180 165 1226 219 0.000486 2
498 233 541 254 0.000484 2
1250 189 1278 234 0.000480 2
921 175 945 189 0.000479 2
707 206 767 234 0.000478 2
1126 324 1155 344 0.000477 2
1182 166 1220 210 0.000475 2
1264 327 1279 368 0.000470 2
1190 196 1278 267 0.000470 2
1070 201 1127 229 0.000464 2
1263 365 1279 408 0.000464 2
975 455 1011 471 0.000462 2
653 438 703 465 0.000461 2
1264 316 1279 370 0.000461 2
0 560 88 600 0.000458 2
0 560 70 600 0.000453 2
1017 320 1091 346 0.000453 2
247 408 264 422 0.000447 2
1047 455 1077 468 0.000446 2
1225 163 1270 182 0.000444 2
1167 180 1201 218 0.000437 2
1054 313 1091 334 0.000434 2
703 303 768 346 0.000433 2
823 330 845 364 0.000433 2
1237 178 1279 235 0.000432 2
695 213 728 237 0.000430 2
1054 311 1124 343 0.000427 2
0 256 25 294 0.000427 2
704 301 768 331 0.000427 2
1262 279 1279 295 0.000426 2
592 450 608 460 0.000426 2
163 392 214 419 0.000426 2
638 389 688 424 0.000424 2
1120 64 1152 79 0.000423 2
156 396 214 424 0.000422 2
627 319 686 377 0.000421 2
497 232 540 253 0.000419 2
473 199 518 223 0.000414 2
709 210 766 234 0.000413 2
1026 308 1071 334 0.000403 2
294 188 333 233 0.000400 2
320 407 344 414 0.000398 2
0 391 32 421 0.000398 2
531 249 592 281 0.000395 2
1067 182 1133 239 0.000391 2
353 200 385 231 0.000388 2
591 423 608 447 0.000386 2
879 527 891 535 0.000384 2
359 408 368 414 0.000383 2
1255 631 1277 648 0.000378 2
398 408 514 444 0.000378 2
1120 64 1152 77 0.000377 2
689 194 802 239 0.000376 2
1264 315 1279 365 0.000376 2
1015 441 1026 454 0.000375 2
1051 295 1144 337 0.000374 2
1222 176 1278 237 0.000374 2
265 184 332 233 0.000373 2
1044 454 1094 472 0.000372 2
1202 295 1280 353 0.000369 2
661 274 679 283 0.000369 2
1015 320 1030 345 0.000366 2
1199 252 1280 286 0.000365 2
601 359 623 374 0.000364 2
650 438 701 464 0.000363 2
324 199 378 234 0.000361 2
495 239 522 253 0.000360 2
628 371 690 423 0.000359 2
1260 277 1279 297 0.000358 2
1172 229 1279 303 0.000357 2
1023 319 1094 360 0.000357 2
1220 249 1280 280 0.000357 2
1225 163 1279 186 0.000357 2
346 198 387 231 0.000357 2
328 198 386 225 0.000354 2
620 374 690 425 0.000354 2
946 326 980 344 0.000354 2
1192 291 1280 353 0.000354 2
978 275 1139 355 0.000351 2
802 165 857 241 0.000350 2
1010 192 1031 220 0.000349 2
333 215 354 233 0.000349 2
1173 240 1279 304 0.000348 2
5 213 626 422 0.000348 2
1019 318 1103 357 0.000347 2
832 443 882 478 0.000347 2
1079 313 1122 343 0.000345 2
637 389 688 427 0.000345 2
545 248 601 279 0.000343 2
1015 319 1046 343 0.000342 2
1203 256 1280 292 0.000340 2
574 356 624 392 0.000339 2
1263 278 1279 294 0.000339 2
694 306 757 350 0.000338 2
1016 321 1038 344 0.000336 2
1053 311 1091 334 0.000336 2
585 177 708 217 0.000334 2
585 360 624 399 0.000334 2
573 423 609 462 0.000334 2
822 328 870 344 0.000331 2
391 423 431 438 0.000327 2
1204 254 1226 273 0.000327 2
432 409 514 443 0.000327 2
1054 312 1113 335 0.000326 2
713 299 769 332 0.000326 2
220 440 272 464 0.000325 2
654 374 686 387 0.000325 2
633 374 689 395 0.000325 2
708 303 772 344 0.000323 2
511 340 522 351 0.000323 2
623 272 699 380 0.000321 2
730 272 913 345 0.000320 2
1045 454 1090 471 0.000319 2
1213 250 1279 284 0.000319 2
864 175 934 227 0.000317 2
1018 318 1085 355 0.000317 2
1144 343 1190 364 0.000316 2
334 215 353 231 0.000316 2
1261 278 1279 294 0.000315 2
1143 329 1214 360 0.000315 2
1224 164 1279 214 0.000313 2
335 199 386 226 0.000313 2
1214 366 1225 376 0.000313 2
299 539 320 552 0.000312 2
830 450 876 476 0.000312 2
597 359 622 376 0.000310 2
1 179 554 390 0.000310 2
1143 326 1181 360 0.000308 2
0 392 102 424 0.000307 2
493 432 527 448 0.000305 2
319 408 339 413 0.000305 2
105 398 182 424 0.000303 2
154 392 215 419 0.000303 2
656 429 677 440 0.000302 2
1223 168 1264 235 0.000301 2
1196 266 1280 297 0.000301 2
482 200 517 222 0.000301 2
853 440 874 455 0.000300 2
447 197 466 221 0.000298 2
814 333 846 367 0.000297 2
630 350 690 387 0.000297 2
536 247 600 279 0.000296 2
623 307 685 380 0.000295 2
1119 64 1139 75 0.000294 2
1127 342 1180 363 0.000293 2
1046 316 1092 339 0.000292 2
706 191 746 232 0.000291 2
365 414 434 444 0.000289 2
1208 292 1279 353 0.000289 2
1181 256 1280 291 0.000288 2
1229 345 1268 367 0.000287 2
492 408 515 424 0.000284 2
1261 365 1279 409 0.000281 2
0 393 18 426 0.000277 2
1147 160 1201 187 0.000276 2
1182 352 1266 422 0.000276 2
1190 351 1265 381 0.000275 2
1053 309 1117 335 0.000275 2
582 357 624 392 0.000268 2
1214 299 1279 361 0.000268 2
467 408 531 436 0.000267 2
631 325 685 378 0.000266 2
623 359 635 378 0.000263 2
946 327 980 345 0.000262 2
462 429 485 447 0.000260 2
1186 238 1279 303 0.000260 2
592 362 624 394 0.000259 2
0 401 70 424 0.000258 2
1023 309 1133 363 0.000258 2
62 254 94 265 0.000257 2
1188 251 1280 284 0.000257 2
623 314 673 361 0.000257 2
0 395 107 423 0.000256 2
635 380 689 414 0.000255 2
646 373 689 387 0.000255 2
191 445 224 475 0.000254 2
471 190 481 204 0.000253 2
1204 255 1225 271 0.000252 2
537 427 592 440 0.000251 2
485 247 600 282 0.000251 2
19 397 134 424 0.000251 2
1170 274 1255 286 0.000251 2
2 400 32 422 0.000249 2
976 448 995 463 0.000247 2
1199 251 1269 276 0.000247 2
1216 251 1279 295 0.000247 2
1262 303 1279 359 0.000246 2
502 312 530 351 0.000246 2
467 295 529 344 0.000246 2
557 247 599 277 0.000245 2
505 235 548 278 0.000245 2
945 456 974 471 0.000245 2
675 364 688 376 0.000243 2
1133 471 1160 479 0.000243 2
1058 317 1114 348 0.000242 2
666 273 688 283 0.000242 2
391 422 453 440 0.000242 2
1189 418 1270 461 0.000241 2
15 203 602 442 0.000241 2
0 282 24 294 0.000240 2
270 175 321 200 0.000240 2
391 420 443 440 0.000239 2
949 225 1147 331 0.000239 2
1168 255 1280 291 0.000238 2
880 528 896 535 0.000238 2
1187 250 1279 368 0.000237 2
640 448 652 460 0.000237 2
1114 313 1164 344 0.000237 2
1026 275 1154 376 0.000237 2
714 457 753 471 0.000236 2
494 408 508 418 0.000234 2
26 401 173 425 0.000234 2
501 436 528 448 0.000231 2
503 236 546 276 0.000226 2
380 415 432 437 0.000226 2
60 402 148 426 0.000225 2
580 186 619 215 0.000225 2
589 190 731 236 0.000225 2
652 427 693 440 0.000224 2
299 187 325 207 0.000224 2
1044 276 1146 333 0.000223 2
630 434 705 466 0.000223 2
20 200 35 206 0.000222 2
1261 420 1279 464 0.000222 2
716 328 729 344 0.000222 2
1193 275 1280 309 0.000221 2
629 365 656 392 0.000220 2
1167 263 1186 269 0.000220 2
14 405 60 424 0.000220 2
1216 318 1236 333 0.000220 2
1160 164 1202 195 0.000220 2
304 177 326 198 0.000219 2
1053 207 1235 287 0.000219 2
574 241 591 248 0.000219 2
412 409 508 442 0.000217 2
330 208 369 271 0.000216 2
581 426 608 460 0.000215 2
502 281 537 342 0.000215 2
487 305 524 350 0.000215 2
587 172 620 203 0.000214 2
529 249 589 281 0.000214 2
643 332 689 380 0.000213 2
623 321 657 365 0.000213 2
526 246 600 281 0.000211 2
0 86 449 397 0.000211 2
598 423 622 434 0.000211 2
1201 435 1263 467 0.000211 2
661 174 728 236 0.000210 2
172 216 267 265 0.000208 2
0 262 15 291 0.000208 2
1017 319 1074 359 0.000207 2
1046 279 1152 336 0.000207 2
718 316 746 331 0.000206 2
663 432 679 440 0.000206 2
630 329 675 378 0.000206 2
185 392 224 454 0.000201 2
1168 271 1280 293 0.000201 2
927 589 941 599 0.000201 2
502 286 537 355 0.000199 2
25 396 68 421 0.000198 2
271 388 288 399 0.000198 2
6 513 47 529 0.000197 2
1221 347 1266 376 0.000196 2
1167 260 1255 285 0.000196 2
1166 266 1273 303 0.000196 2
949 480 971 486 0.000196 2
629 356 666 395 0.000195 2
481 235 556 273 0.000195 2
624 361 641 384 0.000194 2
219 408 264 426 0.000194 2
619 380 693 429 0.000193 2
627 364 693 423 0.000193 2
632 377 690 416 0.000193 2
459 407 514 432 0.000192 2
1047 326 1100 359 0.000191 2
559 241 593 249 0.000191 2
1167 273 1280 312 0.000191 2
1156 250 1280 290 0.000190 2
1093 277 1167 344 0.000189 2
1166 273 1278 308 0.000189 2
1122 64 1152 82 0.000188 2
449 207 466 222 0.000187 2
1027 320 1085 359 0.000187 2
1028 279 1101 336 0.000187 2
954 277 1042 298 0.000186 2
1 202 477 394 0.000186 2
555 178 585 216 0.000185 2
24 395 102 423 0.000184 2
907 204 938 255 0.000182 2
1224 160 1268 182 0.000182 2
502 278 537 345 0.000182 2
1157 295 1220 357 0.000181 2
227 443 272 464 0.000181 2
160 394 217 423 0.000181 2
1172 255 1249 285 0.000181 2
1139 267 1224 283 0.000180 2
31 256 57 280 0.000178 2
1131 245 1214 273 0.000177 2
1227 165 1247 199 0.000177 2
4 243 601 397 0.000177 2
308 407 365 435 0.000177 2
230 439 272 464 0.000177 2
1141 320 1188 358 0.000176 2
996 436 1018 454 0.000176 2
585 273 693 381 0.000176 2
702 451 760 471 0.000176 2
759 275 853 344 0.000174 2
1190 265 1279 296 0.000174 2
1262 254 1279 292 0.000174 2
472 236 553 280 0.000174 2
383 416 436 437 0.000173 2
214 440 272 464 0.000173 2
447 421 498 451 0.000173 2
997 332 1009 343 0.000173 2
1160 290 1280 350 0.000172 2
104 396 169 425 0.000172 2
1187 275 1279 313 0.000171 2
686 195 804 265 0.000171 2
975 329 1014 356 0.000171 2
1110 184 1138 213 0.000171 2
289 175 309 198 0.000170 2
639 435 655 458 0.000170 2
18 181 452 374 0.000169 2
1150 306 1168 342 0.000168 2
228 208 246 232 0.000168 2
462 407 515 428 0.000168 2
38 251 93 280 0.000167 2
801 175 856 225 0.000167 2
929 280 1009 316 0.000166 2
650 323 680 366 0.000166 2
175 394 224 438 0.000165 2
654 210 727 236 0.000165 2
321 208 355 256 0.000164 2
697 305 766 341 0.000164 2
35 401 119 430 0.000164 2
1219 340 1259 359 0.000164 2
1200 301 1238 312 0.000164 2
149 391 225 453 0.000163 2
955 277 1049 297 0.000163 2
1168 274 1219 286 0.000162 2
639 412 655 424 0.000161 2
673 267 853 342 0.000161 2
476 408 572 437 0.000161 2
259 179 380 238 0.000161 2
212 405 313 461 0.000160 2
658 174 692 216 0.000160 2
712 319 747 349 0.000160 2
31 400 163 424 0.000159 2
411 404 518 438 0.000159 2
627 332 659 380 0.000159 2
622 271 681 351 0.000159 2
719 316 744 332 0.000159 2
0 262 274 398 0.000158 2
603 269 702 379 0.000158 2
1167 273 1221 286 0.000158 2
700 187 729 219 0.000158 2
711 457 754 471 0.000157 2
162 392 222 424 0.000156 2
352 403 435 440 0.000156 2
622 270 676 352 0.000156 2
1221 138 1280 185 0.000156 2
943 455 976 477 0.000156 2
647 372 695 387 0.000156 2
311 407 353 434 0.000156 2
1224 175 1276 210 0.000155 2
1197 284 1275 311 0.000155 2
624 309 682 360 0.000155 2
645 412 665 424 0.000154 2
974 327 1010 385 0.000153 2
607 451 624 471 0.000153 2
1200 298 1279 352 0.000153 2
1192 283 1279 315 0.000152 2
1226 163 1261 224 0.000152 2
1170 268 1280 297 0.000152 2
646 385 689 410 0.000152 2
623 317 665 359 0.000151 2
928 182 942 198 0.000150 2
1133 279 1169 344 0.000149 2
704 324 742 373 0.000148 2
0 390 103 422 0.000148 2
1219 345 1266 369 0.000147 2
703 324 747 377 0.000146 2
1114 184 1143 217 0.000146 2
636 447 680 475 0.000145 2
672 429 697 440 0.000144 2
636 271 690 285 0.000144 2
388 400 513 442 0.000144 2
0 505 93 595 0.000144 2
965 279 1038 299 0.000144 2
1167 272 1280 296 0.000144 2
1151 270 1280 301 0.000143 2
7 506 86 536 0.000143 2
626 298 703 380 0.000143 2
60 254 92 278 0.000142 2
522 628 537 647 0.000142 2
625 317 692 421 0.000142 2
1166 273 1230 287 0.000140 2
624 375 658 395 0.000140 2
611 321 676 404 0.000140 2
1165 332 1216 360 0.000139 2
635 347 689 383 0.000138 2
63 468 80 483 0.000138 2
52 397 165 424 0.000138 2
365 201 385 234 0.000138 2
1163 332 1215 358 0.000137 2
823 329 847 366 0.000137 2
1129 269 1227 316 0.000137 2
510 472 531 487 0.000137 2
162 392 224 431 0.000137 2
605 448 641 469 0.000137 2
815 329 895 364 0.000136 2
332 212 354 256 0.000136 2
183 431 273 467 0.000136 2
482 201 526 223 0.000135 2
1169 275 1274 313 0.000135 2
485 277 529 339 0.000135 2
1158 272 1222 283 0.000132 2
669 382 682 392 0.000132 2
567 200 584 216 0.000132 2
992 502 1015 522 0.000131 2
1130 265 1222 282 0.000130 2
368 453 404 471 0.000130 2
1167 271 1217 285 0.000129 2
192 446 221 465 0.000128 2
558 241 593 250 0.000128 2
608 451 624 470 0.000127 2
63 506 84 522 0.000127 2
0 396 72 457 0.000126 2
202 439 272 465 0.000125 2
708 317 759 357 0.000125 2
970 278 1030 296 0.000125 2
1216 278 1279 314 0.000125 2
385 411 486 442 0.000125 2
586 423 625 465 0.000125 2
471 262 536 321 0.000125 2
615 270 671 334 0.000124 2
615 271 659 313 0.000124 2
1166 300 1270 351 0.000124 2
0 398 141 424 0.000124 2
596 362 624 401 0.000123 2
1166 262 1202 270 0.000123 2
32 440 55 447 0.000123 2
398 196 408 205 0.000122 2
451 261 530 345 0.000122 2
699 272 771 332 0.000122 2
661 270 762 307 0.000122 2
650 201 852 291 0.000122 2
313 407 368 435 0.000122 2
17 395 135 423 0.000121 2
1142 306 1186 352 0.000121 2
713 315 745 343 0.000120 2
1045 278 1133 333 0.000120 2
2 71 425 381 0.000120 2
598 319 608 342 0.000120 2
32 440 48 446 0.000119 2
692 308 744 347 0.000119 2
231 255 273 298 0.000118 2
1198 422 1271 461 0.000117 2
139 238 195 276 0.000117 2
618 271 675 334 0.000117 2
79 518 95 535 0.000116 2
1196 281 1275 312 0.000116 2
611 422 703 466 0.000115 2
1171 292 1279 351 0.000115 2
603 200 661 225 0.000115 2
493 304 531 373 0.000115 2
194 444 229 474 0.000115 2
1188 253 1259 281 0.000114 2
1258 275 1279 320 0.000114 2
1244 294 1279 355 0.000113 2
513 242 574 279 0.000113 2
79 520 95 535 0.000113 2
649 436 704 468 0.000112 2
510 332 528 351 0.000112 2
1095 128 1238 228 0.000112 2
468 237 558 277 0.000112 2
1 563 87 601 0.000112 2
654 389 688 415 0.000111 2
1165 298 1216 352 0.000110 2
514 240 545 255 0.000110 2
961 287 1007 313 0.000109 2
0 398 72 452 0.000109 2
1048 279 1130 335 0.000109 2
572 356 624 412 0.000109 2
643 171 673 216 0.000108 2
374 407 385 414 0.000108 2
308 407 354 445 0.000108 2
295 543 312 552 0.000108 2
685 454 720 471 0.000107 2
661 274 683 314 0.000107 2
413 412 483 442 0.000106 2
0 281 12 295 0.000106 2
63 425 72 434 0.000105 2
306 407 366 445 0.000105 2
320 407 358 422 0.000105 2
379 453 411 471 0.000105 2
435 240 620 378 0.000105 2
180 417 275 468 0.000105 2
1202 422 1271 459 0.000105 2
64 509 78 521 0.000104 2
1124 221 1197 272 0.000104 2
645 422 702 441 0.000104 2
626 379 659 425 0.000104 2
760 328 914 367 0.000104 2
2 510 49 528 0.000104 2
210 406 312 439 0.000104 2
151 104 616 367 0.000104 2
967 291 999 313 0.000103 2
191 444 224 467 0.000103 2
586 374 696 453 0.000103 2
592 462 608 473 0.000103 2
158 238 192 275 0.000103 2
1215 332 1234 353 0.000103 2
1166 278 1221 348 0.000102 2
1140 382 1204 409 0.000102 2
623 322 650 379 0.000102 2
108 408 145 435 0.000101 2
626 348 641 379 0.000101 2
742 311 812 344 0.000101 2
358 406 423 473 0.000100 2
676 270 770 335 0.000100 2
746 215 840 288 0.638888 3
790 215 840 286 0.006791 3
758 214 845 285 0.000311 3
749 234 795 276 0.000182 3
746 217 842 330 0.000110 3
1181 162 1279 268 0.009625 5
479 167 584 216 0.004710 5
1181 166 1280 233 0.003177 5
478 170 521 217 0.002056 5
442 169 522 218 0.001555 5
471 170 558 217 0.001466 5
1113 157 1279 268 0.001124 5
825 135 939 165 0.000791 5
444 163 527 217 0.000757 5
449 147 526 171 0.000679 5
1262 169 1279 211 0.000564 5
821 135 939 171 0.000559 5
460 152 522 171 0.000461 5
464 148 525 170 0.000343 5
1160 276 1280 314 0.000264 5
1173 280 1280 315 0.000231 5
466 144 526 159 0.000188 5
1196 282 1280 333 0.000181 5
1187 280 1280 313 0.000168 5
444 179 484 217 0.000112 5
1166 273 1260 351 0.000108 5
882 192 1192 298 0.000105 5
699 149 938 237 0.057692 6
641 259 1271 490 0.052751 6
641 235 1275 502 0.042059 6
642 267 1257 477 0.032055 6
650 265 1275 510 0.031121 6
927 271 1279 420 0.026528 6
927 270 1279 358 0.026095 6
641 258 1267 434 0.019489 6
640 224 1273 475 0.017537 6
642 267 1259 407 0.014971 6
641 270 1064 484 0.009406 6
1015 272 1279 423 0.007789 6
643 268 1168 485 0.007535 6
1039 274 1279 497 0.007013 6
930 270 1278 437 0.006296 6
776 272 1278 492 0.005820 6
645 286 1271 515 0.005704 6
465 165 581 209 0.005621 6
657 266 1276 448 0.005509 6
712 268 1279 472 0.005212 6
645 399 1042 485 0.004797 6
462 157 581 211 0.004204 6
929 273 1278 490 0.003750 6
930 271 1278 393 0.003726 6
641 269 1225 385 0.003377 6
1022 272 1279 507 0.003024 6
640 267 1020 480 0.002937 6
645 374 1239 493 0.002683 6
454 154 582 214 0.002617 6
644 187 1266 391 0.002544 6
1131 414 1278 472 0.002539 6
323 410 715 465 0.002305 6
722 268 1272 354 0.002199 6
430 408 955 478 0.002043 6
1102 421 1278 474 0.001961 6
1020 417 1279 512 0.001961 6
827 135 938 166 0.001923 6
489 160 580 204 0.001915 6
648 233 1268 376 0.001904 6
641 247 1231 370 0.001889 6
323 409 946 480 0.001868 6
321 409 944 470 0.001864 6
477 171 578 211 0.001840 6
1122 420 1277 479 0.001805 6
457 159 582 218 0.001739 6
644 412 1116 487 0.001716 6
658 396 1277 513 0.001715 6
699 135 938 236 0.001711 6
1015 469 1278 515 0.001707 6
462 163 582 217 0.001689 6
1108 426 1278 474 0.001672 6
975 271 1279 511 0.001661 6
322 406 883 474 0.001600 6
826 270 1279 513 0.001587 6
656 452 1276 516 0.001564 6
926 209 1279 354 0.001563 6
922 221 1278 350 0.001560 6
360 407 951 476 0.001560 6
659 388 1273 520 0.001550 6
482 167 579 208 0.001549 6
1132 399 1278 469 0.001481 6
1127 406 1279 471 0.001462 6
323 403 787 480 0.001449 6
742 415 939 481 0.001442 6
826 135 938 169 0.001412 6
646 410 1227 498 0.001400 6
754 432 881 478 0.001382 6
746 436 884 480 0.001349 6
1131 389 1278 473 0.001310 6
651 445 1272 526 0.001212 6
692 457 1276 514 0.001192 6
1021 472 1279 516 0.001088 6
975 464 1278 516 0.001086 6
735 398 945 477 0.001075 6
1156 420 1277 475 0.001072 6
747 421 887 478 0.001045 6
741 404 944 482 0.001028 6
435 258 955 482 0.000974 6
355 252 947 479 0.000949 6
743 433 941 486 0.000909 6
636 263 958 438 0.000896 6
749 429 879 477 0.000875 6
641 267 1056 360 0.000797 6
747 407 943 486 0.000778 6
826 135 939 162 0.000734 6
1086 402 1272 474 0.000708 6
743 421 879 476 0.000702 6
827 452 1038 487 0.000642 6
654 437 1271 531 0.000638 6
1009 468 1277 538 0.000611 6
36 424 313 477 0.000587 6
30 399 313 476 0.000565 6
966 466 1277 540 0.000561 6
12 433 302 475 0.000541 6
612 263 957 429 0.000541 6
1003 404 1278 512 0.000541 6
1128 396 1271 470 0.000528 6
726 378 945 470 0.000479 6
701 158 939 243 0.000473 6
741 409 939 474 0.000467 6
1036 394 1272 473 0.000465 6
838 451 1041 487 0.000444 6
323 259 938 470 0.000436 6
598 282 956 484 0.000426 6
803 406 943 484 0.000409 6
822 397 1278 512 0.000406 6
28 398 359 475 0.000405 6
443 162 522 217 0.000401 6
825 134 939 159 0.000395 6
1046 400 1226 476 0.000393 6
723 378 945 460 0.000391 6
1123 439 1169 471 0.000389 6
447 158 679 215 0.000370 6
667 453 1275 544 0.000362 6
660 189 1229 317 0.000359 6
646 425 1266 559 0.000358 6
688 196 1204 307 0.000336 6
29 392 233 476 0.000335 6
327 318 724 465 0.000333 6
720 339 945 455 0.000332 6
1078 148 1277 256 0.000312 6
461 253 954 464 0.000305 6
11 393 247 476 0.000303 6
1135 365 1275 465 0.000303 6
823 478 1268 533 0.000302 6
33 410 335 476 0.000301 6
316 65 623 217 0.000294 6
915 207 1273 342 0.000293 6
656 450 1272 581 0.000277 6
701 339 946 448 0.000273 6
5 401 274 476 0.000271 6
1018 469 1278 545 0.000271 6
1189 370 1277 476 0.000262 6
645 415 1234 570 0.000246 6
1059 156 1266 240 0.000245 6
761 340 944 459 0.000238 6
1135 378 1273 461 0.000238 6
475 421 702 464 0.000237 6
829 406 943 484 0.000234 6
435 160 685 225 0.000228 6
719 412 880 472 0.000222 6
647 189 1027 313 0.000221 6
1037 340 1252 471 0.000218 6
1062 330 1269 417 0.000217 6
760 372 943 482 0.000214 6
1032 395 1226 473 0.000213 6
1 67 438 397 0.000211 6
641 269 902 378 0.000205 6
950 203 1280 310 0.000200 6
748 372 941 470 0.000200 6
737 413 886 473 0.000193 6
491 148 675 217 0.000192 6
325 64 696 234 0.000189 6
812 133 940 162 0.000185 6
337 64 636 221 0.000183 6
1064 64 1280 274 0.000181 6
1185 385 1279 504 0.000181 6
331 396 868 558 0.000171 6
644 401 1141 570 0.000168 6
926 312 1036 398 0.000168 6
503 155 660 208 0.000165 6
642 172 965 352 0.000159 6
1040 399 1195 476 0.000157 6
1058 334 1272 423 0.000157 6
65 406 324 478 0.000156 6
650 446 1266 601 0.000153 6
1132 377 1263 464 0.000149 6
266 441 376 471 0.000149 6
444 167 678 220 0.000149 6
320 438 387 472 0.000133 6
39 433 271 476 0.000131 6
1061 320 1259 409 0.000130 6
398 69 619 219 0.000128 6
641 398 1103 569 0.000126 6
786 338 1053 451 0.000120 6
1022 346 1209 472 0.000120 6
604 422 701 464 0.000119 6
803 379 1029 461 0.000116 6
332 393 937 564 0.000114 6
452 79 627 219 0.000110 6
465 65 678 224 0.000109 6
727 337 939 424 0.000109 6
793 374 947 473 0.000108 6
495 65 690 223 0.000104 6
699 153 939 234 0.308761 7
710 153 813 232 0.112735 7
698 153 813 233 0.071706 7
713 153 858 232 0.046788 7
715 153 861 226 0.025319 7
708 153 912 228 0.019978 7
863 176 935 231 0.019974 7
1185 225 1279 268 0.015480 7
1046 274 1280 353 0.014266 7
720 154 855 234 0.014112 7
1184 190 1279 268 0.012642 7
1182 164 1279 269 0.012085 7
586 183 622 214 0.009842 7
1184 217 1279 267 0.008615 7
859 177 937 226 0.008313 7
852 175 934 237 0.007855 7
1048 274 1276 346 0.007468 7
587 183 622 204 0.007211 7
587 184 622 209 0.006698 7
1182 177 1280 267 0.006516 7
775 155 937 239 0.005292 7
586 184 627 215 0.005251 7
1183 202 1279 269 0.004958 7
1045 273 1280 366 0.004309 7
911 456 928 486 0.003586 7
1192 173 1279 268 0.003521 7
545 172 580 203 0.003373 7
1049 274 1166 345 0.002901 7
485 169 579 210 0.002797 7
911 473 928 487 0.002644 7
1047 274 1147 340 0.002551 7
792 164 938 229 0.002309 7
663 270 769 344 0.002241 7
661 270 830 343 0.002085 7
1181 165 1280 234 0.002004 7
1209 170 1279 239 0.001910 7
501 168 579 206 0.001863 7
1158 274 1279 355 0.001854 7
1045 274 1154 342 0.001842 7
687 153 935 284 0.001744 7
1183 224 1279 276 0.001672 7
801 155 859 228 0.001652 7
708 151 938 224 0.001646 7
1181 161 1280 229 0.001637 7
802 159 858 223 0.001572 7
1182 165 1267 266 0.001541 7
586 185 658 218 0.001516 7
1048 271 1277 336 0.001499 7
682 153 938 273 0.001485 7
1102 164 1197 207 0.001400 7
681 152 811 229 0.001395 7
1101 161 1203 210 0.001392 7
1103 166 1144 203 0.001283 7
715 152 809 217 0.001233 7
692 152 913 234 0.001222 7
1172 166 1279 270 0.001217 7
659 271 768 375 0.001214 7
695 303 768 369 0.001179 7
1038 275 1149 354 0.001088 7
864 176 936 235 0.001057 7
270 178 314 199 0.001048 7
1033 274 1142 342 0.001044 7
1181 165 1234 227 0.001031 7
1263 169 1279 223 0.001015 7
700 303 768 374 0.001005 7
865 175 942 225 0.001000 7
1262 167 1279 244 0.000996 7
801 153 936 228 0.000995 7
721 152 805 215 0.000964 7
719 158 808 221 0.000935 7
1103 164 1148 214 0.000918 7
664 278 769 376 0.000879 7
745 422 875 474 0.000770 7
1181 160 1279 223 0.000768 7
1198 304 1275 360 0.000750 7
589 151 660 216 0.000733 7
927 274 1145 344 0.000732 7
1193 300 1280 357 0.000730 7
708 140 868 232 0.000699 7
1207 302 1280 356 0.000698 7
663 268 854 343 0.000689 7
1046 274 1239 351 0.000683 7
803 140 938 231 0.000662 7
1213 304 1272 356 0.000578 7
687 171 736 236 0.000539 7
653 277 768 376 0.000531 7
534 175 647 214 0.000526 7
1133 279 1279 417 0.000526 7
707 134 860 233 0.000514 7
1048 267 1256 344 0.000513 7
909 472 941 486 0.000508 7
1104 171 1187 248 0.000500 7
584 168 655 213 0.000491 7
645 266 953 362 0.000484 7
679 277 856 364 0.000466 7
1182 207 1279 294 0.000454 7
1213 298 1279 357 0.000427 7
728 154 801 219 0.000403 7
992 429 1030 469 0.000401 7
1162 303 1266 361 0.000385 7
1048 274 1139 337 0.000384 7
542 170 656 209 0.000382 7
708 166 797 231 0.000376 7
664 161 919 273 0.000373 7
735 273 915 343 0.000373 7
710 168 937 268 0.000366 7
735 152 808 204 0.000365 7
1050 224 1170 344 0.000360 7
1104 164 1168 218 0.000356 7
456 151 535 212 0.000355 7
924 277 1125 382 0.000353 7
1047 280 1144 338 0.000349 7
804 159 858 230 0.000344 7
697 131 937 238 0.000339 7
1132 276 1168 344 0.000323 7
1051 238 1150 339 0.000321 7
448 255 605 358 0.000314 7
1156 304 1218 368 0.000310 7
706 121 818 229 0.000302 7
1214 320 1267 362 0.000302 7
696 288 859 377 0.000296 7
695 120 818 230 0.000289 7
747 276 914 345 0.000280 7
1045 275 1143 335 0.000277 7
1208 305 1259 357 0.000277 7
1145 276 1184 344 0.000268 7
647 268 879 364 0.000264 7
1233 177 1279 214 0.000262 7
1043 276 1261 406 0.000254 7
268 172 315 198 0.000252 7
506 170 581 220 0.000241 7
1055 274 1137 341 0.000234 7
1137 274 1218 339 0.000231 7
1054 209 1254 281 0.000227 7
1123 274 1236 344 0.000222 7
640 176 955 373 0.000222 7
1164 302 1216 379 0.000220 7
847 136 944 227 0.000217 7
665 77 936 237 0.000216 7
1102 166 1139 205 0.000210 7
698 163 798 229 0.000209 7
748 152 813 208 0.000209 7
695 162 750 232 0.000201 7
630 209 944 365 0.000201 7
741 152 813 219 0.000196 7
717 120 939 227 0.000182 7
1226 325 1265 360 0.000178 7
1128 275 1224 347 0.000178 7
640 200 952 369 0.000177 7
749 152 816 221 0.000170 7
1029 274 1177 378 0.000166 7
451 259 535 349 0.000160 7
1160 295 1275 353 0.000160 7
317 198 389 244 0.000160 7
585 161 699 217 0.000157 7
799 158 858 199 0.000151 7
1224 308 1280 366 0.000144 7
1053 277 1140 343 0.000144 7
1128 417 1219 473 0.000143 7
247 173 342 217 0.000142 7
695 170 734 221 0.000142 7
731 169 797 231 0.000141 7
526 147 916 228 0.000135 7
1207 155 1279 230 0.000135 7
678 100 814 230 0.000134 7
636 284 775 378 0.000133 7
1133 275 1168 338 0.000126 7
741 152 807 215 0.000125 7
925 278 1029 386 0.000123 7
694 181 732 215 0.000122 7
493 176 674 221 0.000117 7
1214 312 1271 358 0.000116 7
1042 275 1217 396 0.000111 7
699 158 751 225 0.000108 7
587 153 640 206 0.000107 7
692 281 855 344 0.000106 7
712 161 806 219 0.000106 7
1089 150 1103 178 0.536764 9
512 152 524 180 0.204193 9
239 178 247 190 0.122430 9
512 151 523 184 0.081749 9
1088 150 1103 184 0.070794 9
512 151 525 182 0.060912 9
448 157 490 170 0.053106 9
963 370 979 408 0.050465 9
512 150 524 181 0.048688 9
960 371 979 409 0.041349 9
959 370 980 410 0.034808 9
372 169 381 184 0.032826 9
313 151 341 194 0.032185 9
372 167 381 184 0.031682 9
962 371 980 409 0.031419 9
1089 150 1104 183 0.029649 9
964 371 979 408 0.028629 9
553 172 572 200 0.028014 9
554 173 570 201 0.027821 9
366 167 374 188 0.025381 9
1089 151 1105 179 0.023187 9
1197 384 1207 412 0.022971 9
894 157 904 177 0.022251 9
1197 383 1206 410 0.022200 9
1215 167 1223 183 0.020814 9
551 172 576 201 0.020230 9
224 183 231 194 0.020200 9
1207 169 1215 186 0.020132 9
895 157 906 177 0.019826 9
1197 384 1207 416 0.019644 9
558 182 568 196 0.018955 9
551 172 580 203 0.018341 9
239 177 249 192 0.017586 9
1207 167 1216 186 0.017548 9
958 372 978 409 0.017362 9
1014 136 1025 168 0.016899 9
257 142 268 160 0.016049 9
1088 150 1104 188 0.015666 9
862 166 870 183 0.015016 9
257 143 267 160 0.014380 9
119 64 159 78 0.013590 9
879 154 892 170 0.013498 9
523 183 536 196 0.011912 9
863 165 870 183 0.011861 9
553 175 580 203 0.010914 9
879 153 894 171 0.010844 9
1013 135 1026 169 0.010830 9
258 142 268 160 0.010541 9
555 175 577 201 0.010533 9
449 158 479 171 0.010188 9
313 154 341 195 0.009821 9
681 167 687 183 0.009228 9
372 167 381 187 0.009223 9
950 353 961 387 0.008626 9
313 148 340 192 0.008359 9
173 64 201 91 0.008277 9
973 371 982 392 0.008206 9
951 352 960 385 0.008147 9
362 167 369 189 0.008115 9
965 368 979 390 0.007937 9
512 152 536 190 0.007782 9
950 354 961 389 0.007646 9
895 153 909 177 0.007628 9
1013 136 1025 170 0.007393 9
1155 161 1167 183 0.006990 9
680 168 687 186 0.006940 9
514 169 548 188 0.006928 9
547 171 578 202 0.006748 9
517 170 547 185 0.006331 9
312 101 341 195 0.006289 9
974 369 983 392 0.006225 9
881 154 895 173 0.006102 9
969 176 976 186 0.006066 9
514 168 547 184 0.005977 9
993 359 1008 385 0.005916 9
1192 385 1203 401 0.005909 9
448 157 490 178 0.005898 9
545 167 553 187 0.005865 9
365 167 374 189 0.005754 9
866 152 881 175 0.005648 9
983 368 993 391 0.005634 9
170 64 202 91 0.005536 9
951 345 960 386 0.005491 9
927 151 937 169 0.005445 9
959 355 980 405 0.005358 9
867 152 881 176 0.005355 9
542 168 577 201 0.005334 9
312 87 341 195 0.005322 9
904 66 928 120 0.005276 9
894 152 909 177 0.005171 9
517 168 546 183 0.005164 9
977 368 985 390 0.005060 9
1154 160 1168 184 0.005033 9
545 168 556 200 0.004944 9
1192 383 1206 403 0.004775 9
156 64 202 91 0.004716 9
520 181 549 199 0.004667 9
927 150 938 169 0.004593 9
871 163 880 177 0.004575 9
965 358 978 387 0.004562 9
665 182 671 197 0.004509 9
844 151 858 166 0.004475 9
1104 169 1121 203 0.004464 9
1196 383 1219 417 0.004403 9
119 64 160 79 0.004382 9
223 181 233 195 0.004368 9
312 80 368 197 0.004244 9
544 167 574 203 0.004238 9
982 373 992 391 0.004199 9
880 152 896 173 0.004192 9
1097 133 1107 170 0.004181 9
991 355 1008 387 0.004037 9
1188 383 1209 415 0.003898 9
848 180 858 199 0.003855 9
695 178 704 199 0.003841 9
991 360 1008 387 0.003797 9
979 353 994 391 0.003741 9
120 64 202 88 0.003690 9
978 362 988 390 0.003658 9
215 183 224 200 0.003635 9
448 154 490 170 0.003585 9
1196 383 1217 415 0.003579 9
1097 135 1110 162 0.003567 9
993 359 1008 387 0.003555 9
312 145 352 196 0.003496 9
118 64 184 79 0.003453 9
587 172 593 185 0.003448 9
980 353 994 391 0.003368 9
1200 393 1215 420 0.003285 9
313 153 349 197 0.003273 9
949 350 963 392 0.003264 9
167 64 176 76 0.003257 9
831 372 848 393 0.003209 9
865 151 879 171 0.003185 9
990 358 1008 390 0.003172 9
895 150 910 177 0.003117 9
1099 136 1110 161 0.003111 9
841 151 859 166 0.003077 9
545 166 578 204 0.003076 9
878 153 895 176 0.003036 9
948 351 962 404 0.002945 9
694 177 704 199 0.002937 9
257 178 262 191 0.002911 9
119 64 176 77 0.002791 9
814 144 823 155 0.002754 9
119 64 201 86 0.002735 9
864 151 880 170 0.002730 9
961 340 968 353 0.002713 9
1089 149 1110 179 0.002592 9
571 179 582 201 0.002590 9
1188 382 1209 417 0.002560 9
999 133 1009 177 0.002542 9
521 181 537 199 0.002482 9
1195 381 1262 425 0.002464 9
312 74 341 195 0.002449 9
983 353 1008 390 0.002424 9
1229 166 1247 181 0.002364 9
690 168 697 183 0.002352 9
361 167 370 189 0.002335 9
1207 168 1216 199 0.002302 9
1230 167 1247 181 0.002291 9
680 168 689 198 0.002266 9
623 263 640 284 0.002246 9
446 157 490 183 0.002214 9
512 151 544 185 0.002204 9
887 156 897 176 0.002160 9
111 151 128 164 0.002149 9
240 166 247 189 0.002141 9
956 342 978 405 0.002124 9
694 179 703 199 0.002113 9
119 64 202 91 0.002045 9
800 143 811 156 0.002039 9
1005 136 1014 171 0.002038 9
580 64 596 92 0.002037 9
522 183 539 199 0.002024 9
159 64 179 91 0.002001 9
160 64 180 87 0.001992 9
1088 146 1104 177 0.001990 9
485 173 496 186 0.001978 9
1089 150 1111 180 0.001957 9
312 104 367 196 0.001952 9
699 132 705 152 0.001947 9
458 160 477 184 0.001935 9
1198 382 1218 414 0.001904 9
311 95 379 196 0.001896 9
975 189 981 200 0.001889 9
835 160 858 182 0.001877 9
587 168 594 185 0.001868 9
94 155 104 176 0.001866 9
1195 376 1264 425 0.001850 9
455 149 569 217 0.001838 9
1088 143 1104 177 0.001809 9
990 354 1010 390 0.001799 9
847 169 858 186 0.001793 9
948 342 990 407 0.001760 9
637 168 654 199 0.001748 9
1181 382 1204 412 0.001744 9
245 177 257 192 0.001739 9
665 184 671 204 0.001737 9
1002 135 1017 175 0.001731 9
1019 128 1040 164 0.001718 9
1005 135 1023 172 0.001705 9
686 170 694 184 0.001695 9
220 176 248 194 0.001692 9
949 344 973 389 0.001682 9
814 146 823 159 0.001658 9
1204 409 1216 424 0.001641 9
1103 169 1122 203 0.001617 9
1090 145 1110 178 0.001603 9
637 168 657 201 0.001602 9
95 151 105 176 0.001592 9
1194 383 1242 423 0.001590 9
1180 378 1206 413 0.001587 9
1194 381 1237 425 0.001575 9
1013 130 1040 169 0.001575 9
637 167 654 194 0.001539 9
947 350 983 412 0.001535 9
997 134 1009 175 0.001524 9
131 64 180 89 0.001522 9
637 159 644 170 0.001517 9
1198 382 1211 427 0.001505 9
839 151 858 164 0.001487 9
488 150 524 197 0.001483 9
478 158 579 210 0.001473 9
698 134 705 152 0.001460 9
951 344 960 362 0.001456 9
159 64 172 75 0.001455 9
905 127 912 136 0.001453 9
568 161 580 179 0.001447 9
854 159 870 185 0.001432 9
312 166 338 195 0.001420 9
111 151 128 165 0.001419 9
580 64 597 93 0.001406 9
1207 158 1218 188 0.001397 9
665 170 672 191 0.001345 9
307 86 341 195 0.001344 9
499 153 580 208 0.001323 9
164 64 184 75 0.001319 9
246 176 257 192 0.001295 9
973 351 995 392 0.001290 9
693 176 700 196 0.001287 9
854 166 870 185 0.001285 9
1005 136 1022 172 0.001258 9
927 147 944 170 0.001250 9
809 377 814 391 0.001247 9
1188 165 1202 187 0.001234 9
1197 381 1236 418 0.001220 9
511 167 527 201 0.001217 9
448 156 491 208 0.001215 9
936 342 1002 397 0.001212 9
1012 134 1025 170 0.001201 9
1184 351 1213 416 0.001196 9
374 184 385 200 0.001190 9
1109 156 1118 168 0.001187 9
810 159 858 182 0.001186 9
587 166 603 185 0.001183 9
959 343 969 377 0.001180 9
1112 150 1120 165 0.001168 9
569 162 580 179 0.001137 9
990 350 1008 388 0.001120 9
948 352 963 407 0.001109 9
596 64 625 93 0.001102 9
701 118 716 128 0.001102 9
1221 405 1232 423 0.001099 9
571 161 581 179 0.001097 9
1184 354 1220 419 0.001092 9
995 131 1010 174 0.001089 9
809 160 858 189 0.001076 9
1077 150 1103 186 0.001075 9
587 174 602 185 0.001075 9
1103 166 1123 202 0.001074 9
339 165 352 196 0.001058 9
342 166 353 199 0.001051 9
476 144 525 181 0.001046 9
586 119 598 163 0.001045 9
448 158 483 176 0.001023 9
1018 129 1040 162 0.001010 9
663 153 671 173 0.001009 9
828 135 860 167 0.001005 9
848 119 865 136 0.001004 9
586 120 599 164 0.001003 9
993 132 1006 171 0.001002 9
996 134 1008 175 0.000994 9
256 177 262 191 0.000986 9
996 133 1010 175 0.000976 9
664 324 676 349 0.000975 9
637 167 658 199 0.000974 9
1006 136 1018 172 0.000974 9
989 679 1010 703 0.000971 9
701 118 720 129 0.000964 9
120 64 186 92 0.000959 9
1048 158 1056 172 0.000949 9
848 184 857 208 0.000946 9
1142 341 1186 381 0.000945 9
310 103 338 193 0.000942 9
223 176 238 193 0.000939 9
256 129 268 160 0.000935 9
975 327 985 344 0.000926 9
524 183 550 204 0.000914 9
585 64 624 94 0.000912 9
842 119 860 135 0.000902 9
623 264 640 285 0.000888 9
310 64 369 194 0.000885 9
211 166 218 176 0.000880 9
975 327 985 344 0.000879 9
372 153 381 185 0.000877 9
256 86 262 98 0.000870 9
586 122 599 163 0.000870 9
1180 383 1204 419 0.000867 9
475 150 524 181 0.000865 9
1048 158 1057 178 0.000862 9
1199 373 1263 425 0.000854 9
993 135 1002 170 0.000828 9
326 161 351 199 0.000821 9
448 154 521 170 0.000806 9
1106 165 1147 185 0.000803 9
1102 164 1149 198 0.000802 9
993 133 1004 173 0.000801 9
446 157 492 217 0.000799 9
935 341 1014 395 0.000798 9
703 167 711 179 0.000796 9
926 147 944 182 0.000792 9
1176 381 1184 391 0.000791 9
1147 340 1185 385 0.000773 9
990 679 1008 703 0.000772 9
1097 127 1106 156 0.000770 9
1052 111 1081 145 0.000769 9
846 119 866 136 0.000767 9
974 347 995 392 0.000760 9
861 111 869 119 0.000753 9
847 168 870 215 0.000742 9
565 175 582 201 0.000738 9
1190 372 1265 424 0.000737 9
1154 161 1168 185 0.000734 9
700 117 720 155 0.000733 9
799 142 817 159 0.000733 9
339 162 352 195 0.000729 9
831 368 847 392 0.000728 9
256 143 268 175 0.000725 9
1012 360 1023 393 0.000720 9
801 144 812 159 0.000719 9
808 167 815 182 0.000717 9
990 358 1024 403 0.000714 9
222 177 246 194 0.000710 9
1150 161 1168 184 0.000708 9
981 679 1011 703 0.000706 9
1162 379 1209 410 0.000706 9
949 340 986 394 0.000705 9
827 135 862 154 0.000704 9
987 679 1012 703 0.000701 9
1133 340 1189 379 0.000700 9
1103 165 1148 205 0.000698 9
311 66 363 194 0.000696 9
1021 127 1040 164 0.000690 9
222 168 231 176 0.000688 9
1182 380 1193 393 0.000688 9
1183 350 1211 403 0.000682 9
586 120 598 148 0.000678 9
312 138 342 193 0.000675 9
1187 356 1210 388 0.000672 9
664 166 671 174 0.000663 9
577 292 594 321 0.000656 9
496 170 514 196 0.000655 9
1101 164 1149 209 0.000653 9
1079 150 1103 185 0.000652 9
827 135 861 156 0.000649 9
1103 164 1148 186 0.000645 9
1183 344 1200 403 0.000644 9
1247 359 1263 376 0.000640 9
836 686 849 703 0.000640 9
521 174 574 217 0.000638 9
1121 321 1136 367 0.000627 9
1212 373 1224 385 0.000611 9
479 169 518 217 0.000610 9
989 351 1008 387 0.000609 9
817 151 859 174 0.000609 9
843 119 862 136 0.000607 9
1012 135 1025 174 0.000606 9
1195 373 1233 420 0.000605 9
1081 174 1090 184 0.000604 9
570 161 581 178 0.000604 9
944 168 960 185 0.000602 9
905 77 928 120 0.000602 9
1142 164 1154 185 0.000598 9
314 90 332 157 0.000596 9
831 139 886 169 0.000595 9
695 121 706 153 0.000589 9
170 64 235 91 0.000587 9
840 150 872 174 0.000582 9
478 148 524 178 0.000580 9
478 168 524 216 0.000579 9
1183 354 1228 418 0.000576 9
95 184 101 200 0.000574 9
586 118 598 133 0.000572 9
594 64 640 98 0.000568 9
1210 351 1264 424 0.000562 9
1223 165 1233 182 0.000561 9
993 132 1019 175 0.000559 9
576 277 597 346 0.000555 9
1167 381 1179 392 0.000554 9
1129 339 1191 384 0.000554 9
1124 370 1136 390 0.000550 9
1201 385 1262 425 0.000549 9
830 366 847 393 0.000549 9
575 271 607 334 0.000548 9
1192 356 1209 382 0.000548 9
309 90 333 171 0.000547 9
352 161 364 192 0.000544 9
1017 153 1030 168 0.000544 9
247 194 257 205 0.000542 9
68 170 80 200 0.000538 9
1143 158 1169 185 0.000537 9
1089 265 1097 270 0.000535 9
512 145 525 181 0.000533 9
663 309 680 350 0.000531 9
906 81 928 120 0.000529 9
1184 165 1218 199 0.000524 9
111 138 128 165 0.000524 9
822 378 831 393 0.000523 9
1008 354 1024 392 0.000523 9
1208 156 1228 185 0.000522 9
664 316 680 349 0.000521 9
169 64 256 91 0.000520 9
701 119 718 154 0.000518 9
1185 160 1202 188 0.000517 9
943 345 954 390 0.000516 9
801 146 814 159 0.000514 9
942 343 957 386 0.000511 9
999 126 1007 135 0.000511 9
663 168 684 213 0.000509 9
312 134 355 197 0.000509 9
960 336 968 344 0.000506 9
68 169 80 177 0.000501 9
1164 381 1200 411 0.000492 9
993 131 1007 173 0.000491 9
432 171 446 193 0.000491 9
767 101 784 140 0.000491 9
639 272 657 293 0.000490 9
825 135 919 170 0.000489 9
595 64 628 93 0.000486 9
1050 119 1059 133 0.000486 9
840 119 855 135 0.000482 9
594 64 633 106 0.000482 9
576 280 595 323 0.000478 9
473 163 508 210 0.000477 9
255 113 263 128 0.000476 9
974 171 985 186 0.000476 9
692 168 707 181 0.000466 9
1215 583 1224 608 0.000461 9
990 354 1024 395 0.000460 9
661 169 690 215 0.000458 9
978 169 991 185 0.000457 9
828 417 844 441 0.000452 9
963 158 987 169 0.000451 9
444 145 526 176 0.000451 9
959 159 992 188 0.000448 9
212 164 226 177 0.000445 9
808 161 858 191 0.000444 9
942 356 955 393 0.000442 9
831 372 848 410 0.000440 9
857 136 938 173 0.000438 9
827 135 861 165 0.000437 9
594 64 624 92 0.000436 9
683 167 702 201 0.000435 9
767 102 784 152 0.000433 9
960 159 989 168 0.000433 9
111 203 121 227 0.000432 9
585 122 600 163 0.000432 9
1101 135 1122 166 0.000427 9
543 159 581 189 0.000427 9
1078 128 1108 178 0.000427 9
1050 117 1061 141 0.000426 9
1156 359 1180 392 0.000426 9
448 153 491 171 0.000421 9
1145 342 1182 360 0.000420 9
1184 152 1226 196 0.000420 9
701 152 711 178 0.000420 9
111 135 128 164 0.000419 9
449 154 525 210 0.000418 9
587 127 600 164 0.000416 9
824 135 925 173 0.000412 9
68 171 80 200 0.000411 9
652 151 671 174 0.000411 9
1149 343 1187 390 0.000410 9
662 151 671 174 0.000409 9
478 630 496 671 0.000406 9
1014 332 1023 346 0.000405 9
928 72 944 119 0.000405 9
808 366 815 392 0.000401 9
811 160 857 181 0.000401 9
1262 368 1279 409 0.000399 9
1145 342 1196 382 0.000399 9
415 176 421 203 0.000396 9
663 314 681 350 0.000396 9
512 148 545 185 0.000396 9
308 110 324 158 0.000395 9
1226 162 1248 181 0.000395 9
308 109 330 178 0.000395 9
856 136 938 154 0.000394 9
1166 372 1182 393 0.000394 9
1077 141 1103 183 0.000394 9
995 136 1012 175 0.000390 9
286 70 342 196 0.000387 9
1071 138 1102 206 0.000386 9
659 305 689 375 0.000381 9
702 127 716 154 0.000380 9
926 145 956 185 0.000374 9
968 71 976 89 0.000374 9
432 170 446 195 0.000371 9
1130 347 1192 404 0.000368 9
624 64 637 73 0.000368 9
248 163 256 174 0.000367 9
1203 358 1263 424 0.000365 9
575 126 581 160 0.000363 9
900 136 937 155 0.000357 9
308 108 324 160 0.000357 9
576 271 608 345 0.000356 9
1095 122 1135 170 0.000355 9
352 163 366 192 0.000353 9
962 159 991 187 0.000351 9
660 315 680 360 0.000350 9
856 136 939 158 0.000347 9
742 358 752 374 0.000347 9
943 331 994 396 0.000344 9
702 120 720 155 0.000344 9
1024 148 1039 161 0.000343 9
934 328 944 344 0.000343 9
697 152 707 174 0.000343 9
806 159 858 193 0.000341 9
445 146 525 171 0.000341 9
893 120 907 138 0.000341 9
415 174 423 203 0.000335 9
735 423 752 457 0.000335 9
592 64 642 107 0.000334 9
69 173 80 199 0.000333 9
213 161 227 176 0.000331 9
1019 126 1041 168 0.000331 9
315 108 367 195 0.000330 9
742 362 751 374 0.000330 9
1147 156 1198 186 0.000329 9
1135 164 1155 185 0.000329 9
1086 141 1124 180 0.000329 9
479 145 580 209 0.000329 9
1090 226 1103 270 0.000328 9
572 126 581 163 0.000328 9
807 168 816 195 0.000327 9
373 151 382 176 0.000327 9
1122 334 1136 375 0.000326 9
650 170 662 202 0.000326 9
701 118 717 128 0.000325 9
695 122 715 181 0.000325 9
119 64 171 91 0.000325 9
927 351 944 384 0.000323 9
1052 391 1065 413 0.000321 9
855 282 863 295 0.000319 9
945 168 960 184 0.000319 9
1145 159 1195 187 0.000319 9
1262 367 1279 428 0.000317 9
1220 387 1260 426 0.000317 9
254 94 269 128 0.000316 9
1072 387 1079 405 0.000315 9
970 177 978 189 0.000315 9
861 163 938 186 0.000314 9
566 143 580 176 0.000314 9
976 167 992 185 0.000314 9
844 136 933 174 0.000313 9
651 154 669 176 0.000312 9
656 301 689 377 0.000312 9
1147 161 1173 189 0.000312 9
309 122 386 197 0.000311 9
308 104 327 161 0.000309 9
544 265 559 281 0.000308 9
1136 359 1177 379 0.000306 9
1122 142 1136 154 0.000305 9
639 272 657 288 0.000305 9
1116 339 1135 371 0.000305 9
574 64 597 98 0.000305 9
159 65 177 93 0.000304 9
309 98 331 172 0.000300 9
240 183 256 210 0.000300 9
830 150 852 164 0.000298 9
574 124 581 155 0.000298 9
566 139 581 163 0.000297 9
578 64 598 103 0.000296 9
350 167 364 199 0.000295 9
690 118 716 152 0.000295 9
57 126 64 144 0.000293 9
667 275 704 363 0.000293 9
1126 376 1135 391 0.000292 9
855 166 878 210 0.000291 9
257 142 272 176 0.000291 9
1205 151 1226 188 0.000290 9
311 64 336 164 0.000289 9
1055 153 1064 168 0.000288 9
479 328 496 358 0.000284 9
574 64 596 93 0.000283 9
835 380 848 411 0.000279 9
854 111 870 136 0.000278 9
584 123 602 176 0.000276 9
1197 149 1207 188 0.000275 9
767 83 784 140 0.000274 9
1071 154 1098 206 0.000273 9
928 70 944 117 0.000273 9
351 148 383 189 0.000272 9
688 119 705 156 0.000271 9
1095 121 1124 167 0.000271 9
259 165 271 179 0.000270 9
503 639 512 664 0.000269 9
470 144 524 170 0.000269 9
1055 152 1064 162 0.000268 9
697 132 710 178 0.000268 9
936 158 992 187 0.000266 9
387 198 397 206 0.000265 9
407 180 418 203 0.000265 9
591 160 603 181 0.000264 9
1215 583 1224 616 0.000262 9
810 159 857 180 0.000262 9
701 171 711 185 0.000261 9
1224 379 1262 424 0.000261 9
688 119 705 163 0.000261 9
927 342 944 383 0.000260 9
815 377 829 393 0.000260 9
1099 148 1140 182 0.000259 9
309 91 362 167 0.000259 9
576 79 585 101 0.000258 9
256 67 268 99 0.000258 9
927 352 945 385 0.000257 9
579 64 599 107 0.000257 9
1104 134 1137 165 0.000256 9
787 133 817 156 0.000255 9
1149 379 1200 409 0.000254 9
863 136 940 174 0.000254 9
1045 158 1058 186 0.000254 9
647 154 659 175 0.000253 9
677 167 690 213 0.000252 9
1056 374 1065 390 0.000252 9
31 274 44 295 0.000250 9
859 97 871 119 0.000250 9
991 131 1010 181 0.000250 9
965 156 992 170 0.000249 9
616 150 655 174 0.000248 9
1108 140 1137 166 0.000248 9
1210 165 1231 209 0.000248 9
1053 117 1106 195 0.000248 9
930 326 1012 394 0.000246 9
810 157 854 178 0.000244 9
663 306 682 349 0.000243 9
1064 120 1124 184 0.000243 9
847 263 865 339 0.000243 9
1121 360 1136 382 0.000239 9
930 327 944 344 0.000239 9
1091 372 1105 404 0.000238 9
1029 326 1041 359 0.000238 9
1053 391 1065 411 0.000237 9
635 148 659 173 0.000236 9
567 139 581 173 0.000236 9
347 147 378 191 0.000236 9
827 416 847 450 0.000236 9
240 161 252 180 0.000235 9
884 119 899 138 0.000234 9
1183 159 1202 189 0.000234 9
848 293 856 314 0.000234 9
479 334 495 357 0.000234 9
556 248 601 288 0.000233 9
712 600 720 610 0.000233 9
906 136 938 152 0.000232 9
879 136 939 179 0.000232 9
647 149 671 174 0.000231 9
924 144 984 185 0.000230 9
828 416 846 439 0.000230 9
1210 153 1223 163 0.000230 9
965 71 976 89 0.000228 9
1142 372 1153 390 0.000227 9
972 177 982 200 0.000227 9
963 167 975 186 0.000226 9
95 158 110 177 0.000226 9
1087 360 1117 405 0.000225 9
309 102 332 183 0.000225 9
857 106 870 119 0.000225 9
1039 157 1059 185 0.000225 9
596 139 608 162 0.000225 9
749 362 759 375 0.000223 9
449 181 474 211 0.000222 9
1118 361 1137 392 0.000221 9
1015 337 1024 351 0.000221 9
1115 145 1136 164 0.000221 9
702 123 720 155 0.000220 9
826 135 850 155 0.000220 9
897 147 932 179 0.000220 9
655 328 669 351 0.000218 9
1081 358 1123 406 0.000216 9
1141 384 1197 410 0.000215 9
512 152 548 184 0.000215 9
1142 378 1213 424 0.000215 9
664 166 687 201 0.000214 9
432 170 447 183 0.000213 9
45 320 57 344 0.000212 9
848 276 864 338 0.000209 9
445 157 508 219 0.000208 9
680 137 691 160 0.000208 9
1072 150 1080 164 0.000208 9
584 64 629 106 0.000207 9
1039 165 1051 190 0.000207 9
208 65 253 87 0.000205 9
503 640 512 664 0.000205 9
461 181 480 207 0.000205 9
447 512 456 526 0.000205 9
810 359 847 397 0.000203 9
1118 345 1136 388 0.000203 9
1040 158 1053 171 0.000203 9
601 160 628 189 0.000202 9
924 142 961 177 0.000202 9
1102 363 1122 395 0.000201 9
680 151 690 185 0.000200 9
803 148 853 198 0.000198 9
255 75 272 128 0.000197 9
466 143 523 157 0.000197 9
926 140 946 170 0.000195 9
1090 373 1104 406 0.000194 9
709 336 760 378 0.000193 9
596 147 622 169 0.000193 9
1047 152 1056 163 0.000193 9
575 78 583 96 0.000192 9
766 93 784 144 0.000192 9
247 161 256 175 0.000192 9
45 324 57 344 0.000192 9
792 131 822 158 0.000192 9
816 414 846 448 0.000192 9
788 117 835 151 0.000192 9
894 118 907 137 0.000191 9
596 286 608 329 0.000191 9
1057 132 1104 192 0.000191 9
804 360 836 395 0.000190 9
680 145 690 164 0.000190 9
867 136 938 152 0.000189 9
947 165 988 187 0.000188 9
639 272 657 296 0.000187 9
408 176 418 198 0.000186 9
399 184 408 202 0.000186 9
312 64 356 169 0.000185 9
95 151 112 176 0.000185 9
1089 260 1103 270 0.000183 9
575 277 596 319 0.000183 9
1095 117 1137 169 0.000183 9
913 151 930 175 0.000183 9
825 135 920 155 0.000182 9
208 66 228 87 0.000181 9
1117 339 1191 379 0.000181 9
306 79 335 159 0.000180 9
462 143 520 163 0.000180 9
830 392 840 412 0.000180 9
783 115 836 146 0.000179 9
209 122 275 237 0.000178 9
651 127 661 143 0.000178 9
933 338 943 352 0.000178 9
1206 126 1233 177 0.000177 9
857 116 871 136 0.000177 9
851 136 944 155 0.000176 9
870 652 880 692 0.000176 9
1030 340 1040 359 0.000176 9
155 64 256 95 0.000176 9
752 121 768 152 0.000175 9
1167 365 1197 394 0.000174 9
16 157 26 183 0.000174 9
543 159 576 175 0.000173 9
888 136 939 178 0.000172 9
416 173 426 204 0.000172 9
1152 95 1204 136 0.000172 9
1088 226 1104 270 0.000171 9
1158 95 1204 136 0.000171 9
575 278 595 348 0.000170 9
1008 323 1024 391 0.000170 9
170 147 178 167 0.000170 9
1073 156 1103 208 0.000169 9
663 307 690 367 0.000168 9
865 671 873 683 0.000168 9
824 135 860 163 0.000168 9
760 96 784 153 0.000168 9
1214 584 1224 623 0.000166 9
416 171 440 204 0.000166 9
1039 671 1047 679 0.000166 9
1072 150 1084 170 0.000166 9
311 64 338 154 0.000166 9
256 162 267 182 0.000165 9
1201 156 1235 183 0.000165 9
255 86 272 128 0.000164 9
372 162 408 185 0.000164 9
373 165 403 185 0.000163 9
735 342 765 375 0.000163 9
805 134 828 159 0.000161 9
257 128 270 161 0.000161 9
209 110 318 240 0.000161 9
596 134 606 149 0.000160 9
931 167 961 184 0.000160 9
903 64 928 121 0.000159 9
718 116 730 130 0.000158 9
1106 161 1140 185 0.000158 9
444 158 483 214 0.000158 9
669 272 704 353 0.000158 9
1107 159 1181 187 0.000157 9
66 167 81 180 0.000157 9
1118 684 1127 703 0.000157 9
551 248 598 280 0.000156 9
575 78 584 106 0.000155 9
119 64 162 89 0.000155 9
1036 373 1048 389 0.000154 9
1050 112 1076 148 0.000154 9
852 136 938 153 0.000154 9
1141 134 1198 191 0.000154 9
1116 351 1190 382 0.000154 9
384 149 401 161 0.000154 9
594 64 629 91 0.000153 9
911 162 922 179 0.000153 9
215 174 235 199 0.000153 9
17 157 25 179 0.000152 9
256 75 342 215 0.000152 9
765 106 790 154 0.000152 9
1176 615 1182 622 0.000151 9
2 391 32 421 0.000151 9
686 119 707 172 0.000150 9
784 113 843 139 0.000150 9
897 380 904 392 0.000150 9
1088 147 1123 192 0.000150 9
360 148 370 166 0.000150 9
1050 109 1074 139 0.000150 9
315 112 370 200 0.000149 9
622 104 640 121 0.000149 9
31 269 48 295 0.000148 9
989 122 999 157 0.000148 9
375 162 408 184 0.000147 9
623 64 641 97 0.000147 9
444 157 495 219 0.000146 9
783 120 811 138 0.000146 9
895 88 904 104 0.000146 9
1061 105 1074 115 0.000146 9
992 286 1008 317 0.000145 9
1183 150 1214 188 0.000145 9
1148 152 1202 187 0.000145 9
1055 376 1066 392 0.000144 9
664 121 671 143 0.000143 9
1120 64 1152 76 0.000142 9
478 307 496 358 0.000142 9
1193 124 1234 194 0.000142 9
350 151 371 195 0.000142 9
781 114 856 159 0.000141 9
1042 154 1063 186 0.000141 9
883 114 904 137 0.000141 9
167 64 203 102 0.000140 9
650 171 670 204 0.000140 9
637 141 660 163 0.000140 9
479 333 496 371 0.000140 9
829 414 847 444 0.000139 9
924 168 960 185 0.000138 9
48 256 64 288 0.000137 9
943 78 962 92 0.000137 9
688 235 701 273 0.000136 9
1072 131 1103 178 0.000136 9
817 332 847 394 0.000136 9
576 314 593 388 0.000136 9
584 158 607 186 0.000136 9
870 644 881 690 0.000134 9
1263 74 1279 119 0.000134 9
381 149 398 161 0.000134 9
992 285 1008 329 0.000133 9
837 119 859 136 0.000133 9
359 148 375 176 0.000133 9
324 95 340 135 0.000133 9
920 329 999 390 0.000132 9
788 137 806 154 0.000132 9
783 113 836 138 0.000132 9
1101 159 1167 186 0.000132 9
473 143 580 208 0.000132 9
1043 372 1057 391 0.000131 9
918 340 1003 390 0.000131 9
1207 126 1233 163 0.000131 9
980 139 994 168 0.000130 9
1058 120 1138 180 0.000130 9
369 165 404 186 0.000129 9
575 277 596 328 0.000129 9
64 149 80 177 0.000129 9
126 64 259 92 0.000129 9
621 64 641 92 0.000128 9
221 165 247 185 0.000128 9
853 89 872 119 0.000128 9
208 65 254 89 0.000128 9
17 167 26 184 0.000128 9
63 151 79 168 0.000128 9
716 64 754 122 0.000128 9
963 141 988 168 0.000128 9
1072 341 1082 362 0.000128 9
687 118 704 139 0.000127 9
575 278 597 352 0.000127 9
209 92 322 199 0.000127 9
904 345 912 376 0.000127 9
1205 127 1234 187 0.000127 9
808 541 816 562 0.000126 9
581 278 590 290 0.000126 9
468 178 485 206 0.000126 9
46 256 65 290 0.000126 9
1061 393 1073 419 0.000125 9
1103 677 1121 703 0.000125 9
315 65 362 144 0.000125 9
652 127 661 143 0.000124 9
783 115 828 137 0.000124 9
212 137 324 227 0.000123 9
254 95 272 128 0.000123 9
479 330 496 371 0.000122 9
575 271 604 328 0.000122 9
1187 356 1229 402 0.000122 9
832 687 843 703 0.000122 9
1208 127 1233 172 0.000122 9
712 333 752 377 0.000121 9
234 85 332 221 0.000121 9
550 141 579 160 0.000121 9
926 66 945 120 0.000121 9
595 137 636 173 0.000121 9
766 69 784 140 0.000120 9
1104 358 1121 392 0.000119 9
765 75 784 139 0.000119 9
700 110 722 129 0.000119 9
732 359 747 377 0.000119 9
701 112 720 129 0.000119 9
735 463 752 504 0.000119 9
259 170 271 190 0.000119 9
991 128 1025 175 0.000118 9
687 152 705 178 0.000118 9
0 141 8 166 0.000117 9
1072 120 1108 174 0.000116 9
1170 149 1189 166 0.000116 9
215 156 267 201 0.000116 9
808 146 858 174 0.000116 9
830 401 840 417 0.000116 9
67 169 80 200 0.000116 9
863 97 905 138 0.000115 9
655 326 672 350 0.000115 9
764 244 831 325 0.000114 9
813 373 836 408 0.000114 9
858 88 908 138 0.000114 9
598 154 628 186 0.000114 9
170 64 207 105 0.000114 9
997 118 1007 135 0.000113 9
786 130 809 153 0.000113 9
959 664 968 680 0.000113 9
447 143 495 172 0.000112 9
959 140 989 168 0.000112 9
856 90 894 137 0.000112 9
1156 95 1202 137 0.000112 9
257 138 320 161 0.000111 9
989 116 1000 133 0.000111 9
751 107 769 154 0.000111 9
805 81 863 120 0.000110 9
959 70 976 92 0.000110 9
635 134 671 175 0.000110 9
823 135 924 154 0.000110 9
110 110 129 166 0.000109 9
1202 124 1233 166 0.000110 9
1164 94 1203 138 0.000109 9
444 146 517 173 0.000109 9
679 122 691 162 0.000109 9
650 128 659 143 0.000109 9
861 671 873 689 0.000108 9
868 115 907 138 0.000108 9
221 180 241 199 0.000108 9
887 344 895 372 0.000108 9
1013 127 1025 140 0.000107 9
1074 81 1088 98 0.000107 9
608 64 642 105 0.000107 9
447 146 494 171 0.000107 9
1043 166 1063 195 0.000106 9
868 120 880 136 0.000106 9
867 116 880 136 0.000106 9
842 104 857 120 0.000106 9
920 341 1004 393 0.000105 9
1076 126 1140 202 0.000105 9
783 113 866 139 0.000105 9
812 373 833 407 0.000105 9
987 318 1024 395 0.000105 9
913 152 932 182 0.000104 9
170 145 178 156 0.000103 9
750 344 765 372 0.000103 9
814 360 836 383 0.000103 9
712 64 754 119 0.000102 9
796 367 812 392 0.000101 9
924 144 992 185 0.000101 9
952 327 980 345 0.000101 9
824 95 860 120 0.000101 9
1135 134 1204 179 0.000100 9
1043 145 1118 255 0.000100 9
1050 109 1083 146 0.019137 11
516 191 527 202 0.007661 11
1056 115 1066 133 0.002245 11
1180 181 1201 217 0.001886 11
1180 168 1202 217 0.001450 11
