486 197 528 296 0.844228 0
793 194 830 273 0.625096 0
878 190 903 241 0.591705 0
879 190 903 236 0.485040 0
797 193 831 272 0.450281 0
1070 194 1096 254 0.440924 0
962 195 992 252 0.439007 0
879 190 903 230 0.430105 0
1065 194 1096 254 0.392628 0
1068 194 1097 254 0.352919 0
829 191 857 265 0.279324 0
228 201 241 233 0.256981 0
963 197 992 250 0.247827 0
968 197 992 242 0.243016 0
189 200 202 229 0.238593 0
1120 191 1141 244 0.225194 0
968 196 992 238 0.207072 0
967 196 993 246 0.203201 0
1121 191 1140 220 0.182335 0
1117 195 1141 249 0.176153 0
830 191 856 234 0.170751 0
1122 191 1141 248 0.168537 0
1151 198 1161 217 0.167379 0
829 191 860 268 0.162467 0
829 190 857 247 0.162126 0
830 192 855 222 0.145347 0
1071 193 1097 252 0.134927 0
1124 191 1141 216 0.120058 0
963 203 991 248 0.117392 0
1122 191 1141 237 0.113090 0
1123 191 1142 240 0.107150 0
228 200 242 234 0.104691 0
1126 191 1141 216 0.102107 0
1119 190 1145 247 0.099235 0
189 200 202 237 0.094193 0
1151 197 1162 216 0.090326 0
226 201 241 233 0.082795 0
1072 194 1096 248 0.075814 0
792 194 830 251 0.072995 0
1060 194 1097 255 0.072068 0
1060 196 1094 256 0.067940 0
1112 209 1144 252 0.063663 0
1118 207 1142 249 0.061527 0
797 195 830 250 0.059873 0
1151 197 1161 218 0.059195 0
1038 199 1051 229 0.057584 0
1038 196 1052 229 0.051305 0
1070 201 1096 255 0.048646 0
189 199 203 239 0.045801 0
212 194 224 229 0.045664 0
1112 193 1120 202 0.042614 0
486 205 495 243 0.040903 0
1150 197 1161 221 0.034041 0
212 188 224 230 0.027910 0
486 204 496 244 0.025478 0
187 200 201 229 0.023757 0
1112 193 1120 207 0.021205 0
213 195 225 230 0.021194 0
964 197 989 238 0.020630 0
1115 190 1147 251 0.020147 0
715 212 728 234 0.019674 0
838 192 856 217 0.018651 0
713 210 728 234 0.018617 0
186 199 200 229 0.017996 0
1071 484 1080 498 0.017971 0
806 194 831 263 0.017935 0
1271 200 1279 248 0.017844 0
227 200 243 261 0.017435 0
1038 198 1053 230 0.017421 0
1151 197 1168 216 0.016201 0
1270 200 1279 249 0.015906 0
1015 205 1025 224 0.015884 0
784 198 793 215 0.015674 0
829 196 857 275 0.015319 0
1159 198 1168 215 0.015233 0
188 200 206 239 0.014949 0
1270 198 1279 245 0.014666 0
965 373 978 390 0.014435 0
922 203 945 254 0.014351 0
1269 200 1279 255 0.014033 0
833 195 899 257 0.013894 0
846 191 856 217 0.013424 0
189 200 206 230 0.012498 0
158 204 174 234 0.012414 0
188 199 207 229 0.011676 0
811 195 831 242 0.011510 0
793 196 830 245 0.011161 0
575 424 583 432 0.011016 0
159 203 176 235 0.010994 0
1121 191 1140 216 0.010719 0
159 204 173 230 0.010661 0
1191 495 1200 504 0.010349 0
224 197 243 265 0.010196 0
868 195 905 269 0.010144 0
1059 217 1086 258 0.010083 0
1061 198 1086 255 0.009974 0
706 208 728 234 0.009751 0
162 204 176 230 0.009491 0
937 204 945 216 0.009332 0
160 204 176 231 0.009104 0
1269 199 1279 247 0.009073 0
159 204 169 227 0.008795 0
879 190 900 228 0.008516 0
464 201 478 271 0.008474 0
863 217 904 269 0.008456 0
960 197 989 252 0.008344 0
226 199 240 232 0.008331 0
1272 199 1279 253 0.008323 0
492 199 523 294 0.007761 0
886 471 895 486 0.007672 0
1010 206 1025 229 0.007412 0
847 194 866 233 0.007026 0
1200 503 1209 512 0.006879 0
1080 195 1096 226 0.006812 0
465 201 471 219 0.006399 0
1055 488 1066 496 0.006368 0
848 192 864 221 0.006226 0
1071 490 1081 502 0.006165 0
813 194 835 272 0.006150 0
922 202 944 249 0.006142 0
215 185 224 228 0.006040 0
830 207 856 270 0.006038 0
1072 484 1081 500 0.006008 0
1070 195 1091 236 0.005982 0
465 200 471 215 0.005981 0
210 196 224 229 0.005898 0
463 199 478 272 0.005826 0
831 222 856 276 0.005804 0
879 155 895 176 0.005791 0
917 472 928 483 0.005782 0
228 202 245 234 0.005745 0
991 454 999 463 0.005670 0
1074 193 1094 222 0.005646 0
223 199 243 264 0.005552 0
1144 196 1161 221 0.005509 0
739 200 744 213 0.005491 0
159 205 170 230 0.005447 0
511 195 519 215 0.005397 0
999 384 1014 399 0.005371 0
211 197 223 229 0.005336 0
1145 197 1161 218 0.005312 0
1 64 248 205 0.005298 0
881 156 896 176 0.005297 0
465 201 474 232 0.005256 0
783 197 794 232 0.005215 0
1123 190 1146 229 0.005203 0
319 204 330 229 0.005157 0
972 371 981 392 0.005154 0
960 199 987 244 0.005084 0
826 207 894 268 0.005062 0
826 208 856 278 0.005016 0
1206 504 1218 513 0.005010 0
856 215 895 243 0.004988 0
813 193 829 217 0.004987 0
692 207 705 237 0.004984 0
464 201 477 264 0.004909 0
1014 389 1022 401 0.004882 0
867 216 896 243 0.004720 0
158 197 175 231 0.004658 0
509 201 521 228 0.004592 0
486 207 496 246 0.004500 0
1075 196 1094 225 0.004446 0
878 156 895 176 0.004440 0
158 197 173 229 0.004411 0
992 446 1000 458 0.004360 0
846 195 866 235 0.004359 0
862 216 896 243 0.004324 0
1071 482 1081 497 0.004273 0
1183 496 1222 513 0.004270 0
1150 194 1162 218 0.004220 0
1071 193 1094 224 0.004108 0
692 207 704 234 0.004103 0
1015 456 1024 465 0.004091 0
785 197 795 227 0.004068 0
1047 483 1055 489 0.004018 0
692 206 712 234 0.003877 0
916 472 928 486 0.003848 0
1044 484 1056 496 0.003840 0
212 192 226 240 0.003817 0
983 374 990 391 0.003804 0
1194 496 1212 507 0.003804 0
861 216 895 242 0.003760 0
465 202 477 256 0.003749 0
1214 198 1227 232 0.003725 0
828 207 886 278 0.003720 0
912 472 928 485 0.003688 0
0 64 221 204 0.003669 0
897 155 907 176 0.003666 0
975 369 983 391 0.003656 0
850 215 902 270 0.003644 0
791 209 824 272 0.003640 0
367 208 375 222 0.003625 0
999 383 1021 400 0.003589 0
1261 198 1274 218 0.003579 0
487 199 521 295 0.003563 0
1069 194 1099 255 0.003526 0
1260 198 1279 266 0.003460 0
509 227 528 291 0.003396 0
784 196 798 231 0.003328 0
999 386 1010 400 0.003305 0
367 207 376 225 0.003274 0
1 64 197 209 0.003237 0
751 463 762 471 0.003223 0
227 198 242 233 0.003215 0
1087 191 1097 210 0.003181 0
1210 495 1234 511 0.003172 0
478 201 486 217 0.003142 0
983 445 993 456 0.003138 0
804 184 815 211 0.003062 0
795 186 816 233 0.003030 0
670 207 678 228 0.003028 0
879 472 892 486 0.003017 0
1072 493 1081 508 0.003003 0
1261 198 1275 227 0.002966 0
784 197 797 218 0.002963 0
792 199 817 233 0.002954 0
856 210 895 243 0.002940 0
0 64 58 210 0.002917 0
1204 495 1215 505 0.002900 0
887 472 896 486 0.002867 0
1214 199 1226 227 0.002839 0
610 447 624 461 0.002822 0
783 193 795 215 0.002816 0
110 202 121 237 0.002798 0
1035 193 1053 229 0.002790 0
477 195 487 217 0.002742 0
229 200 245 233 0.002735 0
466 202 478 246 0.002733 0
247 196 255 214 0.002690 0
818 195 830 217 0.002663 0
789 330 808 344 0.002631 0
376 185 385 201 0.002629 0
999 385 1021 400 0.002627 0
832 481 840 489 0.002626 0
486 201 511 287 0.002579 0
1183 496 1201 512 0.002570 0
964 196 994 228 0.002561 0
570 425 578 432 0.002559 0
913 455 928 483 0.002558 0
970 193 991 220 0.002516 0
166 202 178 222 0.002482 0
912 472 928 487 0.002481 0
517 190 527 218 0.002469 0
1014 442 1025 465 0.002421 0
803 184 815 213 0.002404 0
864 439 878 456 0.002388 0
1180 163 1203 217 0.002386 0
1231 458 1239 468 0.002384 0
1262 197 1279 269 0.002375 0
1252 196 1276 232 0.002282 0
235 208 248 237 0.002247 0
969 455 976 463 0.002241 0
691 208 704 238 0.002238 0
510 226 533 291 0.002238 0
983 370 992 391 0.002232 0
800 184 815 220 0.002221 0
462 201 479 302 0.002218 0
512 191 524 203 0.002212 0
241 196 255 216 0.002210 0
612 152 635 187 0.002208 0
1110 192 1120 202 0.002188 0
189 190 203 229 0.002166 0
1 64 277 203 0.002160 0
1126 190 1183 248 0.002142 0
1231 458 1240 470 0.002109 0
1031 492 1039 502 0.002106 0
999 382 1023 403 0.002103 0
1041 484 1059 495 0.002099 0
895 326 904 343 0.002083 0
1145 310 1168 345 0.002082 0
157 205 175 237 0.002077 0
213 194 226 252 0.002071 0
224 200 242 264 0.002052 0
965 372 979 400 0.002014 0
575 423 591 436 0.002011 0
929 201 952 215 0.002009 0
1245 459 1264 500 0.002004 0
266 197 272 210 0.002001 0
533 207 543 218 0.001974 0
584 432 591 439 0.001949 0
1153 309 1168 342 0.001943 0
1061 196 1083 245 0.001928 0
275 199 287 232 0.001911 0
782 196 804 237 0.001901 0
1230 453 1263 509 0.001900 0
266 200 272 216 0.001887 0
960 197 977 221 0.001880 0
1208 168 1217 201 0.001872 0
1255 198 1279 254 0.001871 0
812 194 829 225 0.001868 0
608 447 624 462 0.001867 0
110 202 121 234 0.001861 0
955 370 978 463 0.001860 0
1008 209 1025 230 0.001852 0
670 207 678 230 0.001840 0
879 152 897 175 0.001840 0
983 441 993 456 0.001809 0
814 193 829 214 0.001799 0
967 193 975 205 0.001798 0
912 455 928 486 0.001792 0
319 64 496 204 0.001791 0
429 222 439 229 0.001765 0
1134 446 1142 466 0.001752 0
614 154 628 171 0.001746 0
575 446 592 458 0.001737 0
470 203 478 218 0.001725 0
1259 198 1276 234 0.001723 0
1230 462 1242 484 0.001706 0
487 198 496 242 0.001690 0
209 196 225 232 0.001688 0
0 64 321 207 0.001682 0
189 199 207 240 0.001679 0
193 199 211 228 0.001674 0
1191 471 1199 480 0.001666 0
1026 454 1040 464 0.001665 0
472 199 479 215 0.001659 0
990 680 1017 703 0.001628 0
1208 167 1227 220 0.001623 0
350 188 357 199 0.001614 0
275 199 285 217 0.001613 0
1212 205 1227 233 0.001609 0
1210 167 1233 232 0.001600 0
1040 456 1047 464 0.001595 0
670 207 679 231 0.001590 0
0 64 50 218 0.001583 0
1225 504 1239 511 0.001575 0
799 440 807 449 0.001573 0
120 64 218 92 0.001570 0
1191 213 1201 228 0.001565 0
1213 169 1224 202 0.001546 0
1216 199 1225 214 0.001536 0
1136 447 1142 457 0.001533 0
1007 455 1019 466 0.001532 0
95 249 113 311 0.001511 0
1237 453 1263 483 0.001510 0
222 184 231 199 0.001508 0
607 152 637 191 0.001494 0
519 229 532 245 0.001481 0
1144 312 1168 345 0.001477 0
1263 175 1279 261 0.001476 0
832 465 840 474 0.001466 0
866 208 872 218 0.001447 0
415 251 420 270 0.001442 0
848 183 867 217 0.001424 0
1119 463 1127 474 0.001421 0
1217 200 1231 232 0.001409 0
614 152 629 171 0.001403 0
513 198 527 234 0.001402 0
614 153 635 173 0.001398 0
1250 491 1265 516 0.001397 0
960 442 967 456 0.001390 0
1143 504 1154 510 0.001389 0
346 185 353 199 0.001388 0
1269 575 1279 638 0.001386 0
1098 189 1173 254 0.001385 0
245 198 255 215 0.001385 0
568 201 577 215 0.001384 0
1111 502 1120 509 0.001355 0
275 199 287 230 0.001352 0
801 184 816 215 0.001346 0
1208 167 1231 233 0.001308 0
497 208 520 276 0.001304 0
1244 458 1261 483 0.001284 0
1135 344 1141 359 0.001273 0
980 369 988 393 0.001268 0
415 252 420 270 0.001253 0
1025 482 1041 494 0.001249 0
1160 502 1172 510 0.001215 0
559 176 579 214 0.001212 0
207 394 224 414 0.001200 0
703 213 728 236 0.001192 0
959 370 982 401 0.001186 0
266 214 274 231 0.001182 0
865 444 878 456 0.001177 0
1230 453 1262 500 0.001175 0
751 461 768 472 0.001152 0
989 443 1007 463 0.001148 0
1150 194 1168 217 0.001124 0
1162 198 1178 216 0.001124 0
971 193 991 222 0.001112 0
270 197 280 209 0.001087 0
922 202 956 255 0.001085 0
1246 461 1264 484 0.001082 0
1133 192 1160 218 0.001064 0
1270 579 1279 639 0.001057 0
1182 224 1217 260 0.001053 0
862 432 870 442 0.001030 0
914 199 947 247 0.001030 0
1251 197 1276 233 0.001026 0
865 189 903 241 0.001025 0
1043 409 1057 458 0.001024 0
959 440 967 455 0.001023 0
1128 500 1137 508 0.001021 0
848 181 859 210 0.001016 0
482 202 496 247 0.001013 0
1028 482 1063 497 0.000998 0
1 64 364 212 0.000996 0
1246 462 1266 500 0.000994 0
877 187 912 227 0.000989 0
1215 204 1237 234 0.000987 0
207 396 224 414 0.000982 0
96 257 113 312 0.000980 0
111 201 121 232 0.000975 0
273 198 285 224 0.000969 0
1007 443 1026 466 0.000965 0
156 205 178 241 0.000960 0
501 203 528 237 0.000951 0
0 64 17 211 0.000951 0
1233 451 1255 473 0.000948 0
1096 455 1103 471 0.000942 0
957 371 979 425 0.000925 0
210 183 226 229 0.000921 0
1190 489 1200 504 0.000903 0
690 207 703 235 0.000900 0
1145 325 1160 343 0.000899 0
345 180 353 199 0.000897 0
275 198 287 226 0.000884 0
983 207 1009 259 0.000883 0
605 153 637 199 0.000881 0
96 241 113 311 0.000879 0
962 445 976 457 0.000877 0
154 204 164 230 0.000873 0
20 64 346 205 0.000873 0
94 246 112 311 0.000869 0
1089 186 1104 204 0.000866 0
1007 430 1014 440 0.000861 0
1046 410 1056 427 0.000856 0
832 692 842 703 0.000854 0
913 472 930 489 0.000851 0
739 199 749 215 0.000847 0
1180 344 1194 381 0.000846 0
804 686 816 703 0.000840 0
955 370 979 427 0.000837 0
322 64 495 228 0.000836 0
1215 465 1263 511 0.000827 0
863 436 881 479 0.000823 0
1086 189 1101 232 0.000816 0
1119 315 1134 343 0.000811 0
375 185 387 206 0.000809 0
1206 194 1227 231 0.000808 0
986 680 1019 703 0.000805 0
956 372 976 456 0.000803 0
1120 185 1144 216 0.000794 0
1178 213 1195 248 0.000789 0
207 398 223 414 0.000788 0
1249 208 1260 233 0.000785 0
1271 584 1279 637 0.000784 0
999 384 1023 401 0.000782 0
344 64 439 209 0.000780 0
154 206 166 233 0.000775 0
959 371 979 417 0.000774 0
157 64 260 222 0.000770 0
1045 410 1056 425 0.000755 0
323 64 437 210 0.000754 0
805 328 817 344 0.000743 0
94 253 111 312 0.000743 0
568 180 581 202 0.000740 0
1246 198 1258 233 0.000732 0
1208 506 1216 517 0.000728 0
431 218 440 227 0.000727 0
1118 313 1131 339 0.000725 0
926 447 934 456 0.000725 0
1180 211 1191 226 0.000724 0
608 447 624 461 0.000722 0
1247 421 1253 430 0.000719 0
999 455 1008 464 0.000717 0
1191 462 1200 478 0.000714 0
803 191 817 228 0.000703 0
206 393 224 414 0.000691 0
406 251 413 271 0.000691 0
1148 324 1169 347 0.000688 0
1012 193 1098 256 0.000688 0
956 364 985 417 0.000687 0
367 207 376 232 0.000687 0
957 373 968 404 0.000686 0
1152 439 1158 448 0.000685 0
1178 344 1191 359 0.000683 0
997 440 1025 469 0.000680 0
960 455 971 464 0.000678 0
381 64 498 228 0.000676 0
501 289 514 335 0.000674 0
478 183 492 217 0.000673 0
1128 446 1135 456 0.000672 0
315 64 432 216 0.000670 0
959 437 975 456 0.000669 0
1166 470 1184 480 0.000666 0
1126 442 1136 471 0.000664 0
1094 498 1104 510 0.000663 0
0 188 5 204 0.000663 0
1119 312 1128 328 0.000661 0
1144 317 1168 344 0.000660 0
159 64 257 212 0.000660 0
311 64 368 199 0.000659 0
350 185 358 199 0.000653 0
1247 494 1264 513 0.000651 0
0 395 32 423 0.000650 0
1000 385 1022 409 0.000647 0
605 163 617 182 0.000646 0
956 371 978 412 0.000641 0
268 188 279 208 0.000638 0
952 372 976 458 0.000638 0
1221 471 1236 483 0.000637 0
604 158 626 183 0.000635 0
156 191 175 229 0.000629 0
153 193 171 229 0.000623 0
1227 179 1258 234 0.000622 0
1093 447 1104 471 0.000619 0
823 544 833 580 0.000615 0
1164 471 1184 480 0.000610 0
879 319 891 343 0.000606 0
932 203 957 240 0.000603 0
366 65 497 212 0.000603 0
1250 201 1275 232 0.000599 0
503 197 524 218 0.000599 0
547 426 590 439 0.000598 0
502 297 513 335 0.000597 0
1089 198 1103 224 0.000597 0
275 197 283 209 0.000594 0
741 200 750 221 0.000592 0
245 201 255 232 0.000584 0
914 455 926 464 0.000583 0
988 440 1001 456 0.000583 0
110 202 122 234 0.000583 0
0 64 65 212 0.000583 0
856 423 884 457 0.000576 0
1072 462 1080 471 0.000576 0
836 465 848 474 0.000576 0
333 64 435 212 0.000573 0
1040 409 1057 459 0.000572 0
750 456 764 471 0.000571 0
822 459 832 472 0.000570 0
879 317 887 341 0.000565 0
207 392 224 413 0.000562 0
0 64 85 208 0.000558 0
276 202 287 232 0.000556 0
751 423 769 440 0.000555 0
690 218 703 238 0.000554 0
1246 198 1256 233 0.000553 0
239 212 253 240 0.000551 0
954 367 986 423 0.000551 0
1233 186 1265 235 0.000549 0
831 687 843 703 0.000549 0
794 329 818 344 0.000543 0
882 325 897 344 0.000541 0
0 64 74 210 0.000536 0
1180 344 1193 357 0.000535 0
999 360 1024 403 0.000535 0
1224 452 1234 469 0.000534 0
709 201 736 234 0.000533 0
805 413 815 423 0.000530 0
866 458 880 478 0.000528 0
93 237 120 313 0.000527 0
832 687 851 703 0.000527 0
94 262 110 312 0.000523 0
1119 441 1130 474 0.000523 0
1247 198 1272 262 0.000522 0
661 420 673 437 0.000519 0
94 243 113 311 0.000518 0
664 449 672 462 0.000517 0
1164 485 1179 506 0.000512 0
351 319 368 387 0.000511 0
1176 213 1184 223 0.000506 0
882 323 897 343 0.000503 0
1162 199 1178 217 0.000502 0
1263 74 1279 174 0.000501 0
96 268 112 312 0.000501 0
271 198 284 232 0.000501 0
223 392 240 408 0.000497 0
216 201 242 264 0.000497 0
1177 344 1193 361 0.000496 0
871 323 882 343 0.000494 0
574 428 593 459 0.000494 0
961 193 975 209 0.000492 0
975 681 1017 703 0.000490 0
800 440 816 454 0.000485 0
1249 208 1279 256 0.000484 0
0 64 25 211 0.000483 0
797 440 815 468 0.000480 0
1184 445 1189 456 0.000477 0
155 212 172 248 0.000473 0
212 197 235 266 0.000473 0
870 333 882 343 0.000472 0
679 449 688 462 0.000469 0
1093 442 1104 470 0.000468 0
879 325 893 344 0.000464 0
878 470 897 489 0.000463 0
959 662 968 680 0.000462 0
1175 200 1191 222 0.000459 0
332 183 343 199 0.000455 0
1059 189 1083 232 0.000450 0
1250 215 1266 233 0.000447 0
330 185 342 199 0.000447 0
304 65 479 200 0.000436 0
370 65 450 209 0.000435 0
99 240 113 311 0.000435 0
1230 194 1259 251 0.000433 0
1139 208 1160 229 0.000432 0
784 189 814 223 0.000432 0
60 64 130 197 0.000431 0
1251 482 1279 654 0.000429 0
94 267 111 312 0.000427 0
959 200 1014 255 0.000424 0
255 64 364 195 0.000423 0
814 684 828 703 0.000415 0
612 152 639 187 0.000414 0
1162 482 1245 510 0.000414 0
684 199 698 226 0.000414 0
1148 324 1169 360 0.000412 0
1005 386 1023 421 0.000412 0
816 679 834 703 0.000411 0
223 391 240 408 0.000411 0
316 64 368 184 0.000410 0
898 326 917 344 0.000410 0
1167 487 1187 504 0.000409 0
1127 444 1138 478 0.000409 0
616 424 624 434 0.000408 0
1018 440 1040 464 0.000406 0
802 415 811 426 0.000405 0
751 424 768 441 0.000401 0
1087 453 1097 471 0.000398 0
816 447 824 454 0.000397 0
1144 328 1158 343 0.000397 0
993 382 1013 406 0.000394 0
1201 192 1272 267 0.000393 0
798 423 809 451 0.000391 0
0 64 44 289 0.000389 0
1233 196 1256 233 0.000387 0
1006 439 1041 465 0.000383 0
58 64 136 199 0.000382 0
999 384 1022 410 0.000382 0
348 316 368 387 0.000378 0
833 685 852 703 0.000377 0
1055 187 1064 201 0.000377 0
1263 67 1279 169 0.000377 0
914 166 929 181 0.000376 0
1050 197 1069 233 0.000372 0
787 329 823 362 0.000371 0
249 191 324 382 0.000369 0
597 525 609 568 0.000369 0
783 196 824 268 0.000366 0
1218 167 1257 234 0.000364 0
792 685 817 703 0.000361 0
273 227 291 294 0.000359 0
0 66 15 209 0.000356 0
192 392 224 415 0.000356 0
765 426 827 455 0.000355 0
1187 192 1223 231 0.000355 0
239 211 257 238 0.000354 0
666 206 677 223 0.000353 0
702 201 736 233 0.000351 0
574 412 584 433 0.000349 0
155 185 176 230 0.000347 0
1122 325 1135 343 0.000346 0
782 422 816 453 0.000346 0
780 328 831 393 0.000346 0
863 334 874 343 0.000346 0
290 64 495 202 0.000344 0
849 185 877 223 0.000343 0
992 412 1000 424 0.000343 0
830 64 839 69 0.000343 0
275 232 289 294 0.000343 0
862 321 880 343 0.000342 0
1078 455 1095 472 0.000340 0
114 233 129 311 0.000340 0
113 64 349 203 0.000336 0
156 64 257 193 0.000335 0
1052 196 1065 219 0.000335 0
915 448 927 457 0.000333 0
718 432 727 440 0.000333 0
0 66 56 221 0.000331 0
567 519 593 572 0.000330 0
712 205 735 234 0.000330 0
767 201 782 231 0.000328 0
995 382 1022 422 0.000328 0
1134 448 1146 476 0.000327 0
1054 149 1111 259 0.000322 0
1256 570 1279 643 0.000321 0
609 152 640 191 0.000318 0
1150 451 1160 464 0.000317 0
1013 440 1036 458 0.000317 0
1112 463 1122 474 0.000316 0
1124 439 1151 464 0.000316 0
1222 190 1257 234 0.000315 0
114 64 347 110 0.000315 0
335 64 500 360 0.000313 0
1072 456 1094 472 0.000313 0
789 330 811 361 0.000313 0
301 65 433 202 0.000312 0
1216 420 1224 433 0.000311 0
1247 423 1259 445 0.000311 0
999 384 1022 408 0.000310 0
1119 439 1158 470 0.000310 0
1085 224 1104 270 0.000310 0
997 384 1023 422 0.000308 0
50 64 129 198 0.000307 0
357 220 368 231 0.000306 0
710 427 720 443 0.000305 0
99 231 127 312 0.000305 0
1120 324 1138 379 0.000304 0
272 226 289 295 0.000304 0
994 360 1024 402 0.000303 0
574 433 593 458 0.000302 0
1119 440 1138 465 0.000301 0
948 357 960 394 0.000301 0
1166 458 1184 480 0.000301 0
35 64 133 203 0.000300 0
655 423 673 438 0.000300 0
407 252 413 271 0.000297 0
766 197 786 232 0.000295 0
1002 206 1030 253 0.000294 0
487 199 514 292 0.000292 0
1231 422 1239 433 0.000292 0
0 396 32 460 0.000290 0
1207 166 1230 222 0.000290 0
288 216 324 316 0.000290 0
453 201 478 273 0.000289 0
1183 503 1201 518 0.000288 0
421 65 497 237 0.000288 0
1179 163 1231 263 0.000288 0
1119 321 1135 344 0.000286 0
766 260 850 345 0.000286 0
933 360 981 449 0.000285 0
876 437 888 457 0.000285 0
799 420 808 435 0.000284 0
565 519 593 575 0.000283 0
1221 418 1231 433 0.000283 0
603 163 622 184 0.000281 0
112 64 356 221 0.000280 0
814 688 834 703 0.000280 0
489 197 520 293 0.000280 0
854 396 863 412 0.000279 0
365 202 383 220 0.000279 0
1104 312 1112 327 0.000279 0
291 215 322 314 0.000277 0
680 381 688 396 0.000277 0
847 694 856 703 0.000275 0
0 64 349 365 0.000275 0
440 209 446 218 0.000274 0
903 328 920 344 0.000274 0
1072 455 1093 471 0.000274 0
825 495 832 511 0.000273 0
1078 333 1088 344 0.000272 0
1202 450 1256 496 0.000272 0
100 245 117 311 0.000272 0
122 64 498 232 0.000271 0
1239 449 1248 467 0.000271 0
100 241 123 312 0.000270 0
989 188 1008 221 0.000269 0
1119 441 1130 461 0.000269 0
1098 328 1105 343 0.000269 0
73 64 229 191 0.000269 0
198 249 209 280 0.000267 0
1220 195 1256 234 0.000265 0
117 64 358 186 0.000264 0
440 399 447 408 0.000264 0
886 315 908 343 0.000264 0
881 316 897 343 0.000263 0
856 496 864 503 0.000263 0
992 443 1009 462 0.000263 0
1246 413 1254 429 0.000262 0
569 520 592 568 0.000262 0
60 64 176 198 0.000260 0
255 64 339 197 0.000260 0
55 64 127 176 0.000259 0
812 687 833 703 0.000259 0
391 68 498 219 0.000258 0
957 423 974 457 0.000258 0
1260 490 1279 667 0.000258 0
1222 233 1279 367 0.000257 0
751 417 768 440 0.000257 0
687 423 696 435 0.000257 0
1039 408 1050 430 0.000256 0
59 65 212 200 0.000256 0
496 434 515 449 0.000256 0
1001 431 1008 440 0.000256 0
1038 414 1049 437 0.000256 0
129 64 482 201 0.000255 0
1032 64 1145 216 0.000254 0
364 69 498 237 0.000254 0
989 183 1012 223 0.000254 0
878 454 897 485 0.000253 0
320 64 368 175 0.000253 0
0 177 5 204 0.000253 0
319 64 431 190 0.000252 0
340 64 497 209 0.000251 0
703 317 715 376 0.000251 0
665 207 679 231 0.000251 0
833 685 856 703 0.000251 0
597 529 608 567 0.000250 0
155 74 214 212 0.000250 0
800 441 816 461 0.000248 0
933 439 944 453 0.000248 0
820 672 833 702 0.000248 0
922 438 935 455 0.000247 0
1099 316 1122 345 0.000246 0
559 408 592 436 0.000246 0
480 207 553 297 0.000245 0
866 191 903 225 0.000244 0
183 193 201 222 0.000244 0
768 253 853 346 0.000244 0
1201 176 1218 214 0.000244 0
255 64 338 186 0.000243 0
1102 313 1139 344 0.000243 0
117 244 129 312 0.000243 0
226 174 324 385 0.000241 0
367 65 467 209 0.000241 0
452 199 479 282 0.000240 0
1121 327 1136 344 0.000239 0
1046 64 1280 276 0.000238 0
336 64 436 182 0.000238 0
255 64 326 167 0.000237 0
6 64 78 207 0.000237 0
0 72 22 253 0.000236 0
1010 477 1025 490 0.000236 0
1077 333 1091 360 0.000235 0
127 233 145 313 0.000234 0
480 202 496 249 0.000234 0
110 219 125 252 0.000234 0
662 414 671 433 0.000233 0
108 236 129 311 0.000232 0
218 391 240 409 0.000232 0
275 228 289 286 0.000232 0
681 387 688 398 0.000232 0
1146 64 1279 272 0.000232 0
1208 208 1280 305 0.000231 0
1038 411 1057 458 0.000231 0
703 338 714 376 0.000231 0
907 336 921 344 0.000230 0
822 544 832 580 0.000230 0
60 64 200 198 0.000229 0
325 64 631 356 0.000229 0
1040 405 1050 424 0.000228 0
1257 577 1279 698 0.000228 0
629 448 640 460 0.000228 0
493 215 524 295 0.000227 0
1239 417 1247 438 0.000227 0
1098 329 1105 344 0.000226 0
1104 312 1137 343 0.000226 0
765 201 786 235 0.000226 0
490 193 525 234 0.000225 0
1035 64 1156 178 0.000224 0
813 674 834 703 0.000224 0
277 391 287 398 0.000223 0
374 184 398 205 0.000223 0
992 379 1013 398 0.000223 0
107 237 127 309 0.000221 0
319 235 336 372 0.000221 0
1261 104 1279 186 0.000221 0
948 351 967 408 0.000221 0
1153 434 1168 455 0.000221 0
1072 427 1082 443 0.000220 0
351 343 368 388 0.000220 0
1168 343 1196 388 0.000219 0
61 64 130 175 0.000219 0
1254 573 1279 646 0.000219 0
1091 439 1104 455 0.000218 0
453 202 477 256 0.000218 0
804 408 815 423 0.000217 0
1039 193 1056 217 0.000216 0
0 152 7 203 0.000216 0
928 352 952 392 0.000216 0
384 184 398 206 0.000215 0
919 189 955 208 0.000215 0
499 247 533 353 0.000215 0
346 64 496 97 0.000214 0
216 393 240 409 0.000214 0
187 188 212 228 0.000213 0
802 454 816 471 0.000213 0
867 431 888 457 0.000213 0
1006 423 1021 440 0.000213 0
958 422 976 456 0.000213 0
764 265 847 346 0.000212 0
1161 461 1185 480 0.000212 0
894 197 917 243 0.000211 0
815 457 829 474 0.000211 0
97 64 504 223 0.000211 0
1225 166 1265 234 0.000211 0
739 199 752 233 0.000210 0
631 424 640 441 0.000210 0
281 64 448 197 0.000209 0
559 503 568 518 0.000209 0
1225 163 1255 234 0.000208 0
276 243 289 295 0.000208 0
784 415 850 473 0.000208 0
223 198 253 239 0.000207 0
350 326 368 388 0.000206 0
1069 455 1091 471 0.000204 0
751 416 769 438 0.000204 0
1189 165 1219 208 0.000204 0
107 64 211 203 0.000204 0
1078 337 1091 360 0.000203 0
16 64 135 207 0.000203 0
769 312 811 345 0.000203 0
1164 472 1180 493 0.000202 0
178 194 202 221 0.000201 0
981 676 1016 703 0.000200 0
1019 442 1048 466 0.000200 0
630 364 647 393 0.000200 0
772 198 795 236 0.000199 0
988 194 1012 233 0.000198 0
1232 405 1243 427 0.000198 0
267 227 290 294 0.000197 0
834 499 843 511 0.000196 0
264 227 291 295 0.000195 0
909 336 924 361 0.000195 0
1118 318 1136 387 0.000195 0
5 64 127 184 0.000195 0
1072 503 1080 517 0.000193 0
1232 243 1279 368 0.000191 0
800 361 810 391 0.000191 0
604 150 634 183 0.000190 0
255 693 266 703 0.000190 0
1047 64 1146 197 0.000189 0
1144 323 1174 345 0.000189 0
191 374 210 413 0.000188 0
23 64 127 197 0.000187 0
0 66 40 299 0.000187 0
550 628 560 672 0.000186 0
930 348 959 391 0.000186 0
267 216 277 232 0.000185 0
1024 64 1139 177 0.000185 0
155 185 180 230 0.000185 0
59 64 174 79 0.000185 0
275 203 290 267 0.000185 0
10 65 79 212 0.000183 0
0 396 38 461 0.000183 0
304 64 496 349 0.000183 0
0 128 27 297 0.000183 0
255 64 321 152 0.000183 0
31 214 40 228 0.000182 0
0 513 94 601 0.000182 0
975 355 1024 401 0.000182 0
493 409 553 434 0.000182 0
415 249 421 271 0.000182 0
659 454 673 470 0.000182 0
895 420 905 438 0.000181 0
232 199 253 234 0.000181 0
940 363 958 392 0.000181 0
1215 203 1243 241 0.000180 0
1218 502 1234 517 0.000179 0
1053 183 1063 198 0.000178 0
1100 324 1120 347 0.000178 0
769 221 847 343 0.000178 0
1080 694 1091 703 0.000177 0
567 519 593 567 0.000177 0
1249 482 1279 647 0.000177 0
1261 67 1279 281 0.000176 0
319 234 337 367 0.000175 0
864 421 880 446 0.000175 0
254 65 341 208 0.000173 0
782 268 850 345 0.000173 0
524 394 541 413 0.000172 0
831 688 849 703 0.000172 0
1120 411 1129 424 0.000172 0
0 397 13 453 0.000171 0
0 413 97 602 0.000171 0
984 379 1023 453 0.000170 0
848 396 859 410 0.000170 0
1214 444 1229 462 0.000170 0
664 559 672 567 0.000170 0
816 453 832 471 0.000170 0
1205 451 1239 471 0.000169 0
0 64 315 328 0.000169 0
782 316 830 344 0.000169 0
1167 64 1280 272 0.000168 0
656 552 664 569 0.000168 0
758 209 767 233 0.000167 0
272 186 295 239 0.000167 0
493 409 538 433 0.000166 0
776 410 784 417 0.000165 0
8 65 140 210 0.000164 0
1086 416 1104 462 0.000164 0
895 275 910 311 0.000164 0
339 64 497 146 0.000164 0
1264 319 1279 366 0.000163 0
428 220 440 239 0.000163 0
1097 316 1121 361 0.000163 0
515 399 554 430 0.000163 0
215 249 229 274 0.000163 0
494 409 518 428 0.000162 0
1070 118 1137 175 0.000162 0
122 64 257 191 0.000162 0
782 328 846 362 0.000162 0
989 423 1041 459 0.000160 0
855 401 863 414 0.000160 0
1239 423 1247 440 0.000160 0
104 249 128 264 0.000160 0
703 340 714 377 0.000159 0
856 431 867 440 0.000158 0
879 440 900 461 0.000158 0
801 418 818 435 0.000158 0
991 407 1001 423 0.000158 0
195 251 210 298 0.000158 0
0 64 110 209 0.000158 0
386 64 498 147 0.000157 0
854 314 864 339 0.000157 0
1253 579 1279 701 0.000157 0
48 64 129 167 0.000157 0
0 64 310 404 0.000156 0
912 372 932 408 0.000156 0
1259 495 1279 620 0.000156 0
1222 445 1234 461 0.000156 0
952 198 972 210 0.000156 0
1 64 133 202 0.000156 0
1261 140 1279 182 0.000155 0
112 67 211 211 0.000155 0
774 197 795 235 0.000155 0
569 522 589 562 0.000155 0
911 167 922 179 0.000155 0
0 78 51 225 0.000154 0
1105 290 1138 338 0.000154 0
896 427 904 442 0.000154 0
1116 314 1140 342 0.000154 0
770 224 856 344 0.000154 0
1016 319 1032 343 0.000154 0
317 64 444 158 0.000154 0
1087 447 1104 471 0.000154 0
1052 181 1214 247 0.000153 0
936 327 961 380 0.000153 0
518 392 534 429 0.000152 0
97 250 125 312 0.000152 0
1246 563 1279 641 0.000152 0
794 676 825 704 0.000152 0
608 447 624 469 0.000152 0
221 231 241 297 0.000151 0
156 104 210 219 0.000151 0
911 378 924 408 0.000151 0
179 394 225 417 0.000150 0
976 693 987 703 0.000150 0
1004 397 1023 431 0.000150 0
337 64 497 95 0.000149 0
178 64 257 145 0.000149 0
1102 316 1138 368 0.000149 0
1262 92 1279 173 0.000148 0
1063 136 1246 261 0.000148 0
0 229 16 390 0.000147 0
0 67 76 226 0.000147 0
316 64 464 125 0.000146 0
773 269 850 345 0.000146 0
380 107 556 295 0.000146 0
0 219 16 393 0.000146 0
1076 427 1088 444 0.000146 0
0 144 8 204 0.000145 0
1155 444 1192 477 0.000145 0
990 415 1004 449 0.000145 0
436 191 445 203 0.000144 0
356 215 369 229 0.000144 0
912 340 997 447 0.000144 0
179 375 210 413 0.000144 0
471 192 480 203 0.000144 0
157 64 492 199 0.000144 0
989 382 1023 425 0.000143 0
427 64 497 207 0.000143 0
463 202 501 280 0.000143 0
1151 464 1171 480 0.000142 0
196 397 224 423 0.000142 0
719 328 743 359 0.000142 0
320 64 370 108 0.000142 0
494 405 550 429 0.000142 0
750 462 764 478 0.000142 0
1010 64 1024 71 0.000142 0
1103 324 1137 345 0.000141 0
6 64 188 86 0.000141 0
264 68 345 197 0.000140 0
1265 577 1279 668 0.000140 0
427 64 498 133 0.000140 0
252 73 329 198 0.000140 0
583 449 608 460 0.000140 0
0 592 17 704 0.000140 0
1149 461 1167 479 0.000139 0
127 245 144 312 0.000139 0
842 251 909 344 0.000139 0
59 64 208 176 0.000138 0
1262 64 1279 75 0.000138 0
292 196 320 284 0.000138 0
865 312 887 343 0.000137 0
155 72 271 230 0.000137 0
1143 309 1179 347 0.000137 0
1141 323 1175 361 0.000136 0
442 192 492 307 0.000136 0
718 338 735 370 0.000136 0
1229 64 1279 167 0.000136 0
115 64 266 92 0.000136 0
764 272 846 350 0.000136 0
1086 415 1104 447 0.000135 0
350 313 389 387 0.000135 0
273 204 296 299 0.000135 0
1102 313 1114 328 0.000135 0
59 64 204 155 0.000135 0
287 260 320 373 0.000135 0
905 65 935 121 0.000135 0
1078 334 1101 360 0.000134 0
111 391 128 403 0.000134 0
629 435 701 466 0.000134 0
912 340 925 361 0.000133 0
90 246 113 311 0.000133 0
969 370 993 401 0.000133 0
381 184 399 204 0.000133 0
271 221 296 301 0.000133 0
785 316 834 344 0.000133 0
655 551 663 567 0.000132 0
196 371 244 412 0.000132 0
930 374 947 392 0.000132 0
986 679 1040 703 0.000132 0
1262 494 1279 629 0.000132 0
1111 502 1120 519 0.000132 0
1151 64 1225 134 0.000132 0
0 134 22 317 0.000132 0
904 326 922 344 0.000132 0
1208 510 1216 530 0.000132 0
823 419 839 435 0.000131 0
1119 64 1152 77 0.000131 0
364 186 375 200 0.000130 0
1138 445 1152 457 0.000130 0
3 64 356 281 0.000130 0
851 695 869 703 0.000130 0
1264 64 1279 73 0.000130 0
1271 586 1279 656 0.000130 0
931 444 944 457 0.000129 0
1027 64 1276 265 0.000129 0
406 73 506 205 0.000129 0
770 327 827 392 0.000128 0
646 407 656 425 0.000128 0
223 230 241 265 0.000128 0
335 313 364 389 0.000128 0
511 463 519 472 0.000128 0
754 70 787 123 0.000128 0
63 64 502 288 0.000128 0
630 685 672 703 0.000128 0
1006 64 1019 70 0.000128 0
212 215 240 264 0.000127 0
851 256 913 346 0.000127 0
832 494 841 509 0.000127 0
912 362 928 407 0.000127 0
1254 576 1279 654 0.000127 0
867 64 875 72 0.000127 0
272 183 301 229 0.000127 0
566 521 593 578 0.000126 0
1134 448 1160 472 0.000126 0
850 315 866 343 0.000126 0
1022 64 1150 167 0.000126 0
1152 426 1169 455 0.000126 0
751 70 786 123 0.000126 0
1154 303 1168 333 0.000126 0
884 418 900 438 0.000126 0
1269 571 1279 624 0.000125 0
359 157 596 345 0.000124 0
735 423 776 455 0.000124 0
876 416 907 460 0.000124 0
786 235 835 292 0.000124 0
802 439 834 454 0.000124 0
868 274 918 344 0.000124 0
1041 278 1057 312 0.000124 0
745 459 784 479 0.000123 0
945 327 960 343 0.000123 0
118 271 128 312 0.000123 0
703 413 736 458 0.000123 0
0 241 18 403 0.000123 0
1078 144 1280 268 0.000123 0
1016 64 1118 164 0.000122 0
629 673 673 703 0.000122 0
281 220 322 313 0.000122 0
150 64 341 95 0.000122 0
690 206 704 276 0.000122 0
928 380 945 408 0.000122 0
256 64 345 172 0.000122 0
663 184 675 217 0.000121 0
288 256 322 370 0.000121 0
446 162 504 282 0.000120 0
1090 375 1104 408 0.000120 0
1070 444 1085 457 0.000120 0
70 558 81 570 0.000120 0
193 248 210 264 0.000120 0
493 240 519 294 0.000119 0
519 392 530 416 0.000119 0
808 685 834 703 0.000119 0
680 175 691 215 0.000119 0
220 191 248 227 0.000118 0
513 200 547 250 0.000118 0
0 64 73 195 0.000118 0
944 353 975 420 0.000118 0
762 429 783 444 0.000118 0
825 419 845 435 0.000118 0
1060 64 1135 127 0.000117 0
1230 389 1256 429 0.000117 0
273 194 294 267 0.000117 0
344 64 460 146 0.000116 0
153 184 177 229 0.000116 0
62 503 81 574 0.000116 0
0 469 96 601 0.000116 0
907 334 926 354 0.000116 0
566 406 590 437 0.000115 0
175 186 183 204 0.000115 0
72 64 162 79 0.000115 0
1226 65 1279 268 0.000115 0
48 435 80 470 0.000115 0
1265 626 1279 702 0.000114 0
550 535 560 551 0.000114 0
1059 64 1161 139 0.000114 0
851 64 911 131 0.000113 0
911 438 935 455 0.000113 0
426 221 441 233 0.000113 0
124 64 256 95 0.000113 0
320 64 369 104 0.000113 0
685 662 708 703 0.000113 0
862 275 913 344 0.000112 0
1086 418 1100 441 0.000112 0
841 64 909 125 0.000112 0
639 646 701 703 0.000112 0
268 233 289 294 0.000112 0
1274 158 1279 175 0.000112 0
569 517 593 568 0.000112 0
319 230 337 361 0.000112 0
776 197 794 231 0.000112 0
359 64 440 96 0.000112 0
991 388 1001 408 0.000112 0
1005 393 1024 433 0.000112 0
1200 398 1211 433 0.000112 0
432 173 444 203 0.000111 0
527 394 545 416 0.000111 0
895 268 913 311 0.000111 0
799 449 816 471 0.000111 0
1064 422 1085 443 0.000111 0
925 349 951 393 0.000111 0
532 412 591 433 0.000111 0
222 374 243 409 0.000110 0
1250 568 1279 642 0.000110 0
341 64 498 133 0.000110 0
0 398 32 567 0.000110 0
858 266 908 344 0.000110 0
334 316 368 388 0.000110 0
0 397 31 506 0.000110 0
550 624 560 671 0.000110 0
550 539 560 551 0.000110 0
364 64 441 98 0.000110 0
266 387 288 400 0.000110 0
983 426 1027 460 0.000110 0
748 65 932 169 0.000110 0
239 396 251 407 0.000110 0
575 423 609 460 0.000110 0
532 204 550 221 0.000109 0
767 324 812 353 0.000109 0
1176 342 1198 358 0.000109 0
705 439 723 468 0.000109 0
803 411 846 438 0.000109 0
120 375 144 415 0.000109 0
1119 64 1148 78 0.000109 0
548 64 559 74 0.000108 0
818 268 850 345 0.000108 0
503 583 512 616 0.000108 0
816 443 833 468 0.000108 0
1070 333 1111 400 0.000108 0
218 383 259 409 0.000108 0
111 392 128 404 0.000108 0
799 454 817 471 0.000107 0
663 304 698 377 0.000107 0
0 64 216 277 0.000107 0
1085 415 1104 469 0.000107 0
568 536 575 546 0.000107 0
1082 346 1097 361 0.000106 0
1135 386 1147 408 0.000106 0
867 64 878 74 0.000106 0
860 693 882 703 0.000106 0
165 68 297 222 0.000106 0
175 387 212 418 0.000106 0
240 391 258 406 0.000106 0
764 64 928 157 0.000106 0
764 203 786 235 0.000106 0
645 455 657 471 0.000105 0
735 382 747 402 0.000105 0
0 265 33 432 0.000105 0
1254 582 1279 660 0.000105 0
476 333 497 377 0.000105 0
729 199 754 234 0.000105 0
219 235 241 299 0.000104 0
0 502 97 598 0.000104 0
1135 64 1234 238 0.000104 0
943 374 978 459 0.000104 0
267 221 298 302 0.000104 0
366 205 384 232 0.000104 0
637 64 660 105 0.000103 0
703 420 736 456 0.000103 0
924 175 957 208 0.000103 0
980 428 1013 455 0.000103 0
1056 64 1161 145 0.000103 0
77 253 117 313 0.000102 0
528 406 546 427 0.000102 0
707 337 742 377 0.000102 0
1264 86 1279 171 0.000102 0
95 64 209 200 0.000102 0
577 407 591 432 0.000102 0
147 74 210 220 0.000102 0
686 653 706 703 0.000102 0
914 378 945 408 0.000102 0
750 64 872 158 0.000102 0
354 208 377 279 0.000102 0
61 494 82 576 0.000101 0
1001 64 1088 203 0.000101 0
0 64 16 122 0.000101 0
1061 64 1140 149 0.000101 0
319 238 334 353 0.000101 0
911 140 935 182 0.000101 0
895 413 907 436 0.000100 0
0 256 29 413 0.000100 0
880 412 887 429 0.000100 0
703 409 731 456 0.000100 0
1169 451 1265 489 0.000100 0
939 217 1008 263 0.821426 1
1111 214 1148 254 0.723198 1
783 230 851 278 0.717033 1
1110 216 1147 254 0.625487 1
783 228 855 278 0.468648 1
1061 221 1094 267 0.284531 1
1063 222 1094 265 0.249140 1
1062 223 1093 266 0.234475 1
783 223 863 278 0.203708 1
1067 222 1096 265 0.118750 1
1061 220 1102 268 0.104035 1
1060 222 1090 266 0.092405 1
783 231 827 277 0.081302 1
832 223 905 282 0.072818 1
790 214 905 282 0.071300 1
782 216 906 281 0.070901 1
832 230 905 283 0.068066 1
1060 225 1084 266 0.059232 1
1059 220 1088 264 0.059039 1
783 232 832 277 0.057773 1
921 207 940 252 0.056946 1
940 223 1007 263 0.055185 1
921 206 942 252 0.054668 1
869 242 905 281 0.052542 1
833 239 906 282 0.051853 1
832 234 905 285 0.045568 1
783 231 822 276 0.043703 1
922 207 943 253 0.043434 1
782 221 900 279 0.042521 1
832 240 906 286 0.040866 1
1061 228 1093 270 0.039911 1
781 232 814 276 0.038303 1
922 204 945 253 0.037769 1
869 242 905 287 0.037214 1
830 215 905 280 0.036446 1
835 235 900 279 0.032411 1
794 234 841 277 0.030603 1
794 235 844 276 0.029679 1
1085 222 1118 260 0.029425 1
1069 221 1099 269 0.028499 1
783 234 813 276 0.026315 1
921 209 936 246 0.024755 1
1066 228 1093 270 0.024572 1
783 236 807 276 0.023977 1
1084 222 1097 254 0.023414 1
865 241 904 286 0.022976 1
814 238 854 277 0.022117 1
782 240 805 276 0.021968 1
796 233 834 276 0.021894 1
1059 220 1084 260 0.021185 1
835 238 897 280 0.020882 1
925 213 941 253 0.020465 1
864 230 906 281 0.020341 1
782 237 805 276 0.020137 1
869 241 905 274 0.019908 1
781 235 807 276 0.019538 1
870 243 905 283 0.018348 1
922 208 949 253 0.017911 1
922 217 933 242 0.017718 1
921 213 934 244 0.017367 1
918 210 941 252 0.017290 1
922 206 947 253 0.017120 1
814 236 847 276 0.015827 1
835 240 905 283 0.015547 1
1085 222 1096 251 0.015245 1
1065 220 1108 265 0.014607 1
797 232 826 276 0.014456 1
784 221 839 278 0.014369 1
1085 221 1118 252 0.014199 1
782 239 803 276 0.014110 1
771 228 853 275 0.013360 1
1056 222 1084 266 0.013321 1
1110 220 1148 254 0.013088 1
873 250 905 288 0.012870 1
868 242 905 278 0.012592 1
815 238 846 276 0.011486 1
949 272 960 302 0.011368 1
831 222 889 279 0.011209 1
1083 222 1105 268 0.010132 1
831 240 856 276 0.009957 1
870 243 909 288 0.009888 1
949 273 960 303 0.009874 1
834 241 855 274 0.009842 1
923 219 951 254 0.009678 1
1061 230 1076 272 0.009555 1
831 234 856 276 0.009486 1
1082 224 1096 269 0.009382 1
796 227 825 275 0.009200 1
783 236 836 278 0.009099 1
791 226 816 275 0.009088 1
828 210 902 277 0.008855 1
516 231 537 248 0.008750 1
1059 212 1092 254 0.008651 1
1057 227 1078 266 0.008416 1
1085 219 1116 251 0.008326 1
838 220 906 272 0.008324 1
836 240 856 278 0.008170 1
813 239 852 280 0.008138 1
1059 219 1095 265 0.007844 1
950 272 960 300 0.007649 1
873 262 897 287 0.007606 1
793 238 849 279 0.007491 1
834 240 883 281 0.007475 1
782 227 906 282 0.007392 1
1095 212 1150 253 0.007364 1
861 213 908 281 0.007204 1
870 242 905 269 0.007051 1
866 253 901 289 0.006868 1
885 250 906 287 0.006464 1
917 272 945 306 0.006264 1
914 270 949 305 0.006028 1
772 247 799 272 0.006002 1
793 237 837 278 0.005957 1
828 241 856 281 0.005793 1
518 231 536 248 0.005752 1
838 241 856 281 0.005648 1
509 228 533 291 0.005636 1
909 203 935 250 0.005604 1
1055 222 1078 259 0.005400 1
922 203 960 257 0.005317 1
1110 214 1144 252 0.005185 1
771 233 806 275 0.004879 1
934 272 960 303 0.004669 1
868 241 904 268 0.004597 1
1087 219 1122 250 0.004402 1
1103 226 1121 249 0.004389 1
1103 228 1120 249 0.004298 1
772 247 787 270 0.004023 1
1054 221 1069 244 0.003929 1
1082 223 1126 260 0.003856 1
892 238 919 288 0.003764 1
1055 222 1070 248 0.003608 1
911 206 935 250 0.003578 1
928 237 943 254 0.003017 1
1108 208 1143 250 0.003015 1
894 251 918 288 0.002977 1
1004 230 1025 254 0.002969 1
821 240 853 279 0.002845 1
910 269 946 303 0.002792 1
862 216 895 243 0.002762 1
893 259 909 288 0.002756 1
515 231 542 256 0.002717 1
924 272 946 297 0.002666 1
512 236 534 289 0.002650 1
772 248 792 274 0.002540 1
931 272 960 304 0.002517 1
829 251 903 295 0.002479 1
961 229 1008 263 0.002465 1
926 273 944 302 0.002451 1
517 231 544 253 0.002445 1
920 272 945 303 0.002358 1
1004 232 1026 256 0.002322 1
862 213 896 243 0.002288 1
959 213 984 251 0.002226 1
1004 225 1025 252 0.002213 1
905 266 937 299 0.002090 1
871 216 907 264 0.002055 1
1115 214 1147 254 0.002022 1
956 216 989 253 0.002005 1
1067 212 1149 255 0.001980 1
643 252 1104 374 0.001936 1
926 273 944 299 0.001923 1
925 274 945 312 0.001906 1
915 212 943 253 0.001868 1
1005 232 1027 255 0.001868 1
47 228 76 255 0.001858 1
1006 232 1024 254 0.001835 1
640 258 1231 372 0.001819 1
1005 220 1025 252 0.001756 1
909 210 937 252 0.001713 1
895 261 914 288 0.001710 1
906 201 939 248 0.001691 1
47 234 74 255 0.001678 1
891 239 918 275 0.001677 1
1057 228 1078 274 0.001634 1
892 238 921 291 0.001590 1
48 227 95 255 0.001582 1
924 273 944 297 0.001524 1
928 211 971 258 0.001511 1
514 235 537 290 0.001501 1
47 233 77 255 0.001478 1
1110 220 1144 253 0.001469 1
909 268 927 296 0.001424 1
1052 208 1177 275 0.001400 1
49 230 100 256 0.001379 1
1022 223 1070 259 0.001359 1
17 229 75 257 0.001353 1
516 230 543 251 0.001319 1
900 222 911 241 0.001309 1
910 266 927 296 0.001285 1
23 234 74 257 0.001275 1
1101 214 1193 256 0.001262 1
911 270 927 296 0.001233 1
770 248 787 275 0.001223 1
895 262 914 291 0.001218 1
1135 220 1169 249 0.001188 1
978 222 1009 262 0.001165 1
895 233 916 256 0.001145 1
19 215 43 258 0.001060 1
47 234 78 257 0.001043 1
900 219 911 241 0.001034 1
23 215 41 257 0.001020 1
771 246 797 278 0.001014 1
891 233 936 282 0.001009 1
927 279 944 312 0.000981 1
55 227 95 254 0.000946 1
958 216 999 263 0.000938 1
939 213 988 259 0.000926 1
935 204 994 263 0.000912 1
770 248 789 273 0.000904 1
941 219 978 260 0.000875 1
980 232 1008 262 0.000862 1
989 221 1018 256 0.000854 1
857 213 1004 299 0.000853 1
787 216 813 249 0.000833 1
55 225 94 239 0.000823 1
53 234 106 263 0.000820 1
1052 214 1082 243 0.000811 1
1087 200 1105 246 0.000797 1
661 194 1262 349 0.000766 1
800 232 911 312 0.000751 1
910 269 945 312 0.000750 1
906 262 928 296 0.000721 1
979 230 1008 263 0.000718 1
982 234 1008 262 0.000714 1
513 216 538 248 0.000709 1
938 218 984 262 0.000705 1
960 217 1117 307 0.000687 1
869 253 914 308 0.000673 1
511 236 532 292 0.000671 1
18 215 61 259 0.000670 1
47 224 89 254 0.000658 1
894 261 920 300 0.000651 1
764 208 1157 298 0.000649 1
831 239 867 308 0.000642 1
986 233 1009 261 0.000639 1
1130 216 1184 246 0.000638 1
1086 256 1094 270 0.000622 1
786 225 909 312 0.000608 1
911 262 919 284 0.000597 1
780 210 811 269 0.000578 1
772 202 1020 270 0.000568 1
990 203 1001 230 0.000549 1
940 228 1008 263 0.000541 1
123 235 201 263 0.000527 1
519 237 544 254 0.000523 1
829 242 886 299 0.000522 1
121 219 172 257 0.000488 1
938 220 980 262 0.000483 1
894 258 913 307 0.000480 1
511 243 531 289 0.000471 1
904 206 974 255 0.000462 1
937 229 970 261 0.000452 1
997 217 1009 235 0.000452 1
665 207 1249 344 0.000440 1
19 221 72 256 0.000438 1
918 272 944 314 0.000428 1
1182 176 1226 222 0.000410 1
991 234 1029 262 0.000409 1
151 227 184 258 0.000403 1
906 262 950 298 0.000400 1
999 235 1033 261 0.000387 1
58 225 94 238 0.000386 1
947 228 1007 263 0.000381 1
910 215 1014 306 0.000380 1
867 240 950 314 0.000370 1
865 263 906 298 0.000368 1
775 230 788 237 0.000348 1
1061 236 1074 279 0.000342 1
939 227 976 262 0.000337 1
719 205 1032 266 0.000334 1
986 224 1028 256 0.000332 1
1060 227 1091 280 0.000319 1
1110 223 1147 254 0.000316 1
881 211 1011 299 0.000305 1
43 233 82 271 0.000299 1
825 239 864 299 0.000292 1
743 228 912 312 0.000266 1
18 218 47 258 0.000263 1
939 231 966 261 0.000262 1
994 220 1091 271 0.000258 1
922 271 964 312 0.000249 1
933 201 984 257 0.000234 1
860 257 900 298 0.000233 1
1046 218 1111 295 0.000231 1
933 235 963 261 0.000227 1
1081 221 1123 267 0.000223 1
792 238 854 297 0.000210 1
213 241 242 266 0.000205 1
909 206 1233 268 0.000197 1
782 229 854 282 0.000196 1
1134 226 1149 254 0.000189 1
949 271 968 303 0.000185 1
911 260 961 299 0.000182 1
895 267 942 312 0.000179 1
938 221 1005 262 0.000175 1
773 203 794 236 0.000171 1
903 224 1047 307 0.000169 1
914 232 978 304 0.000165 1
749 237 920 311 0.000153 1
1080 209 1228 283 0.000153 1
911 269 937 320 0.000151 1
949 272 971 304 0.000146 1
1048 215 1139 303 0.000142 1
893 218 955 298 0.000141 1
943 214 1129 307 0.000138 1
933 233 977 301 0.000135 1
899 224 979 288 0.000131 1
948 260 974 304 0.000126 1
769 248 788 278 0.000124 1
951 231 1007 263 0.000119 1
789 236 851 298 0.000118 1
824 258 902 299 0.000112 1
775 224 909 330 0.000109 1
1061 226 1097 281 0.000106 1
1178 184 1202 218 0.000105 1
778 236 825 297 0.000102 1
691 205 728 235 0.099361 2
305 186 322 198 0.076616 2
622 190 654 214 0.060553 2
304 185 322 198 0.059898 2
617 190 654 215 0.058942 2
628 192 654 216 0.047237 2
608 191 655 215 0.047088 2
625 190 655 214 0.041669 2
628 191 654 215 0.040023 2
603 190 655 215 0.034993 2
692 204 728 234 0.031951 2
696 208 728 235 0.025799 2
615 189 655 215 0.025375 2
1006 196 1048 228 0.021083 2
1005 196 1050 229 0.019847 2
605 193 654 215 0.019797 2
631 378 657 396 0.018752 2
1006 196 1053 228 0.017972 2
1006 198 1036 227 0.017260 2
865 176 945 201 0.015449 2
821 329 847 344 0.015131 2
691 199 729 231 0.012639 2
691 198 730 234 0.012605 2
1006 200 1026 229 0.012128 2
691 202 729 235 0.011351 2
630 193 654 216 0.011318 2
631 373 657 396 0.010555 2
823 329 848 343 0.010552 2
1008 196 1051 229 0.010317 2
293 179 311 198 0.008829 2
631 381 657 397 0.008798 2
632 374 658 395 0.008433 2
575 445 593 458 0.007693 2
1006 202 1025 229 0.007509 2
592 423 608 434 0.006885 2
1222 501 1233 511 0.006771 2
1213 495 1233 509 0.006755 2
305 185 335 199 0.006749 2
706 208 728 234 0.006270 2
633 201 644 215 0.005817 2
552 174 580 203 0.005721 2
1263 250 1279 270 0.005391 2
294 177 309 198 0.004816 2
1126 205 1190 247 0.004770 2
1007 194 1050 226 0.004742 2
529 198 552 218 0.004728 2
532 201 553 218 0.004632 2
1008 194 1054 228 0.004599 2
529 199 561 218 0.004504 2
319 205 331 231 0.004487 2
158 416 168 423 0.004388 2
1213 495 1233 511 0.004370 2
453 204 465 217 0.004221 2
704 199 730 222 0.004027 2
1007 200 1041 230 0.003894 2
1262 169 1279 180 0.003889 2
1262 202 1279 270 0.003881 2
608 447 624 461 0.003876 2
591 424 608 434 0.003652 2
1007 194 1047 225 0.003609 2
602 363 623 376 0.003517 2
1014 196 1053 230 0.003488 2
292 175 317 198 0.003485 2
452 205 465 222 0.003367 2
864 176 939 203 0.003324 2
462 418 497 446 0.003261 2
589 196 615 214 0.003214 2
1263 253 1279 270 0.003118 2
533 203 548 218 0.003099 2
157 409 176 424 0.003090 2
609 181 655 214 0.003084 2
665 455 685 464 0.003015 2
602 365 623 376 0.002978 2
680 198 691 215 0.002759 2
606 201 621 215 0.002657 2
1264 198 1279 270 0.002651 2
551 200 566 216 0.002623 2
822 329 848 346 0.002587 2
459 414 497 445 0.002579 2
864 176 937 197 0.002472 2
107 401 178 425 0.002471 2
551 199 567 216 0.002366 2
531 201 565 218 0.002353 2
648 455 656 461 0.002316 2
247 412 264 422 0.002307 2
891 177 956 235 0.002277 2
90 400 177 424 0.002213 2
835 471 848 478 0.002203 2
822 329 848 361 0.002161 2
601 181 645 213 0.002151 2
593 447 608 458 0.002128 2
630 377 655 395 0.002125 2
863 176 957 220 0.002069 2
831 471 840 478 0.002061 2
451 414 500 443 0.002047 2
1099 197 1121 211 0.002044 2
991 201 1016 228 0.002037 2
660 455 673 463 0.001934 2
110 403 169 426 0.001918 2
20 200 35 206 0.001871 2
988 198 1021 226 0.001844 2
924 455 938 463 0.001825 2
0 440 8 445 0.001811 2
820 329 848 362 0.001793 2
99 402 176 424 0.001785 2
660 201 729 235 0.001778 2
1262 169 1279 203 0.001776 2
689 196 727 231 0.001775 2
460 421 496 445 0.001774 2
601 364 623 378 0.001764 2
529 201 545 218 0.001764 2
656 429 676 439 0.001740 2
307 185 341 199 0.001739 2
110 407 155 425 0.001738 2
292 175 311 198 0.001725 2
589 189 614 214 0.001715 2
247 414 264 422 0.001712 2
1120 64 1152 77 0.001688 2
1023 198 1052 230 0.001654 2
1114 173 1196 248 0.001652 2
1021 456 1035 464 0.001649 2
870 177 939 200 0.001575 2
455 202 467 216 0.001567 2
1122 64 1151 79 0.001550 2
156 404 176 423 0.001494 2
450 417 495 443 0.001464 2
304 180 323 198 0.001450 2
997 194 1055 233 0.001399 2
458 418 530 447 0.001379 2
115 405 167 425 0.001375 2
0 561 87 600 0.001375 2
147 402 176 423 0.001374 2
272 182 313 199 0.001365 2
661 194 692 217 0.001353 2
1006 205 1025 233 0.001322 2
982 455 995 464 0.001319 2
1099 206 1122 220 0.001319 2
1004 193 1043 228 0.001305 2
600 363 623 377 0.001305 2
1004 205 1045 237 0.001298 2
739 443 803 473 0.001285 2
588 447 598 458 0.001285 2
111 408 152 426 0.001271 2
448 203 466 222 0.001265 2
699 198 739 231 0.001233 2
991 202 1017 233 0.001227 2
817 328 847 344 0.001189 2
1262 170 1279 181 0.001184 2
1098 198 1145 252 0.001177 2
463 421 496 447 0.001177 2
0 560 78 600 0.001174 2
681 198 692 215 0.001165 2
1061 463 1072 471 0.001163 2
655 428 679 440 0.001155 2
274 184 294 193 0.001154 2
741 444 801 473 0.001140 2
450 409 508 444 0.001130 2
668 193 692 215 0.001123 2
583 183 621 203 0.001110 2
1263 347 1279 369 0.001107 2
809 327 847 344 0.001069 2
634 376 661 395 0.001066 2
0 394 18 415 0.001059 2
717 457 754 471 0.001051 2
318 202 335 231 0.001047 2
304 185 323 201 0.001046 2
985 198 1001 220 0.001043 2
681 199 691 216 0.001036 2
275 178 314 199 0.001035 2
1101 158 1204 240 0.001035 2
0 395 21 421 0.001033 2
679 453 688 464 0.001033 2
903 456 913 463 0.000998 2
712 457 755 471 0.000994 2
656 452 668 463 0.000974 2
1022 223 1065 252 0.000970 2
816 331 847 361 0.000969 2
623 323 666 377 0.000963 2
511 439 528 450 0.000961 2
307 183 337 197 0.000958 2
461 419 536 448 0.000930 2
742 444 832 473 0.000928 2
0 399 31 423 0.000920 2
1204 252 1226 267 0.000916 2
1122 64 1152 82 0.000909 2
690 211 728 237 0.000908 2
315 199 334 231 0.000907 2
599 363 623 391 0.000906 2
1120 64 1152 80 0.000904 2
912 455 924 464 0.000902 2
459 412 522 445 0.000902 2
0 395 31 423 0.000887 2
702 455 761 471 0.000884 2
386 198 398 206 0.000879 2
463 423 497 447 0.000878 2
612 180 656 215 0.000877 2
906 178 953 204 0.000874 2
1038 321 1056 333 0.000866 2
1103 180 1120 207 0.000866 2
716 455 757 471 0.000860 2
654 207 729 236 0.000856 2
770 457 797 473 0.000852 2
1264 350 1279 368 0.000847 2
1044 279 1057 295 0.000843 2
1200 254 1225 267 0.000842 2
623 324 659 377 0.000834 2
1262 169 1279 214 0.000829 2
1225 163 1279 183 0.000817 2
1000 196 1068 252 0.000815 2
111 410 125 425 0.000808 2
602 359 623 376 0.000800 2
633 372 680 394 0.000785 2
929 455 975 466 0.000783 2
0 393 31 422 0.000772 2
640 440 697 463 0.000761 2
623 324 659 369 0.000754 2
1263 323 1279 369 0.000753 2
391 398 514 440 0.000751 2
1262 169 1279 207 0.000749 2
625 322 681 376 0.000741 2
408 398 517 442 0.000740 2
410 408 506 445 0.000738 2
653 447 693 464 0.000735 2
747 440 768 448 0.000735 2
1168 275 1279 356 0.000730 2
291 176 313 198 0.000729 2
915 195 956 228 0.000729 2
872 195 917 249 0.000724 2
153 398 209 419 0.000722 2
0 397 27 423 0.000717 2
110 404 139 425 0.000717 2
624 323 663 369 0.000716 2
1224 164 1280 212 0.000696 2
754 456 798 473 0.000688 2
385 197 397 206 0.000682 2
1086 195 1103 221 0.000676 2
1263 463 1279 482 0.000675 2
1032 321 1089 340 0.000667 2
655 430 678 440 0.000660 2
456 409 505 445 0.000658 2
1264 348 1279 368 0.000657 2
727 460 750 471 0.000657 2
1037 321 1055 334 0.000650 2
624 314 666 366 0.000645 2
624 310 683 371 0.000642 2
677 181 729 236 0.000642 2
460 408 512 445 0.000631 2
740 444 801 465 0.000629 2
851 136 938 170 0.000616 2
449 421 493 445 0.000614 2
459 408 516 445 0.000614 2
684 453 699 464 0.000610 2
642 439 699 464 0.000610 2
624 320 677 371 0.000608 2
265 193 273 205 0.000607 2
450 206 466 222 0.000606 2
624 265 692 377 0.000604 2
943 455 968 467 0.000597 2
740 444 826 469 0.000596 2
47 410 64 422 0.000596 2
748 455 799 473 0.000591 2
524 191 552 218 0.000587 2
255 197 271 209 0.000583 2
319 408 336 413 0.000577 2
1016 337 1024 344 0.000577 2
0 249 16 295 0.000576 2
144 397 178 422 0.000575 2
823 471 831 478 0.000567 2
274 185 286 194 0.000565 2
151 413 171 424 0.000563 2
381 406 508 444 0.000561 2
932 455 943 464 0.000550 2
1037 321 1057 335 0.000545 2
689 455 704 467 0.000541 2
631 367 657 395 0.000538 2
1050 465 1072 471 0.000537 2
738 441 799 460 0.000535 2
501 301 528 350 0.000533 2
928 197 956 209 0.000524 2
389 409 497 446 0.000520 2
908 178 955 209 0.000509 2
593 363 624 392 0.000505 2
739 442 801 461 0.000505 2
145 396 198 421 0.000501 2
661 272 689 283 0.000498 2
544 192 576 218 0.000497 2
868 176 941 194 0.000495 2
586 425 608 440 0.000495 2
815 472 825 478 0.000493 2
880 443 904 456 0.000493 2
1032 319 1082 337 0.000480 2
629 360 664 396 0.000478 2
314 406 370 440 0.000474 2
247 407 264 422 0.000473 2
451 204 473 224 0.000472 2
591 424 608 437 0.000471 2
690 461 705 470 0.000471 2
316 406 386 435 0.000469 2
625 320 684 379 0.000467 2
925 151 991 177 0.000466 2
1242 248 1279 270 0.000465 2
319 408 338 413 0.000462 2
319 402 385 437 0.000460 2
1045 279 1073 295 0.000460 2
0 562 93 600 0.000459 2
463 431 491 446 0.000458 2
2 394 365 472 0.000457 2
288 175 311 198 0.000456 2
294 200 332 232 0.000450 2
94 398 177 422 0.000437 2
624 265 682 374 0.000437 2
1014 440 1041 464 0.000436 2
1039 322 1053 334 0.000433 2
810 158 857 180 0.000432 2
17 200 37 207 0.000431 2
626 264 691 283 0.000431 2
1151 448 1162 456 0.000426 2
500 293 529 342 0.000425 2
1023 319 1057 340 0.000422 2
892 188 953 247 0.000421 2
638 455 655 462 0.000421 2
662 272 689 283 0.000421 2
1144 319 1169 346 0.000418 2
45 439 65 446 0.000415 2
623 264 693 285 0.000414 2
35 440 51 446 0.000412 2
312 190 337 231 0.000411 2
848 136 937 153 0.000407 2
1224 161 1273 207 0.000402 2
1045 279 1068 295 0.000402 2
1264 367 1279 377 0.000401 2
260 195 270 205 0.000397 2
305 185 331 225 0.000397 2
852 136 938 154 0.000397 2
592 448 612 461 0.000396 2
671 462 681 470 0.000394 2
448 149 525 171 0.000394 2
642 374 693 389 0.000390 2
31 402 69 423 0.000390 2
629 350 693 394 0.000388 2
41 436 80 470 0.000386 2
706 302 768 332 0.000386 2
316 407 380 435 0.000385 2
701 304 768 345 0.000379 2
74 569 96 583 0.000379 2
974 456 992 464 0.000378 2
102 399 177 425 0.000377 2
633 374 692 396 0.000375 2
624 306 694 384 0.000374 2
624 322 658 360 0.000372 2
738 440 773 456 0.000368 2
387 398 508 428 0.000366 2
821 328 874 344 0.000364 2
146 396 206 417 0.000360 2
1264 334 1279 369 0.000359 2
659 266 863 349 0.000357 2
912 448 924 457 0.000355 2
881 439 904 456 0.000354 2
45 437 80 451 0.000352 2
0 257 15 295 0.000351 2
500 285 532 337 0.000351 2
301 186 326 232 0.000350 2
1119 64 1141 76 0.000349 2
28 393 324 474 0.000347 2
384 417 465 442 0.000347 2
359 409 368 415 0.000346 2
1008 513 1017 520 0.000346 2
646 448 656 461 0.000346 2
632 190 668 216 0.000344 2
176 403 198 417 0.000343 2
1010 440 1041 456 0.000343 2
941 156 990 169 0.000343 2
325 199 388 233 0.000342 2
604 357 623 376 0.000342 2
32 440 46 446 0.000340 2
503 300 514 336 0.000336 2
1258 345 1279 386 0.000336 2
0 267 16 295 0.000335 2
440 423 465 444 0.000335 2
1023 319 1056 335 0.000332 2
683 192 819 237 0.000330 2
335 422 352 440 0.000330 2
40 401 85 422 0.000330 2
739 440 799 457 0.000330 2
1136 262 1213 279 0.000329 2
319 406 379 441 0.000329 2
674 423 690 434 0.000328 2
623 302 670 364 0.000325 2
1045 456 1072 469 0.000325 2
899 208 911 239 0.000324 2
335 424 352 441 0.000323 2
462 422 523 449 0.000322 2
582 188 615 214 0.000321 2
860 136 938 153 0.000320 2
324 406 385 466 0.000319 2
1138 266 1213 280 0.000318 2
739 438 800 457 0.000318 2
385 419 468 442 0.000318 2
390 421 468 442 0.000318 2
1046 456 1060 467 0.000313 2
1107 178 1145 208 0.000311 2
587 181 700 217 0.000309 2
318 408 353 443 0.000308 2
684 447 697 461 0.000308 2
913 150 992 185 0.000308 2
1104 163 1206 217 0.000307 2
630 453 640 462 0.000306 2
659 181 692 216 0.000305 2
33 400 162 425 0.000305 2
271 184 297 202 0.000305 2
1170 282 1279 357 0.000304 2
958 158 990 169 0.000304 2
832 338 847 361 0.000303 2
355 414 384 439 0.000303 2
71 568 96 582 0.000303 2
184 392 221 416 0.000298 2
778 327 847 362 0.000298 2
606 447 641 468 0.000298 2
634 183 674 215 0.000297 2
1106 171 1120 202 0.000297 2
385 415 477 443 0.000295 2
82 399 180 422 0.000293 2
1101 150 1221 226 0.000293 2
335 425 352 441 0.000293 2
175 393 216 418 0.000292 2
710 458 728 470 0.000292 2
695 455 716 469 0.000290 2
623 263 692 309 0.000289 2
623 266 678 377 0.000289 2
1022 320 1093 346 0.000289 2
461 417 541 442 0.000288 2
1224 174 1276 236 0.000286 2
926 151 989 182 0.000286 2
1159 263 1208 270 0.000285 2
1225 173 1279 207 0.000284 2
1176 275 1214 285 0.000284 2
1104 272 1169 344 0.000284 2
1032 318 1090 341 0.000283 2
671 459 706 471 0.000282 2
816 342 844 362 0.000281 2
317 406 385 441 0.000280 2
917 181 955 206 0.000279 2
1224 160 1277 182 0.000277 2
318 409 387 474 0.000277 2
557 179 585 214 0.000277 2
1168 252 1279 358 0.000277 2
1232 176 1279 233 0.000276 2
574 445 595 463 0.000273 2
377 412 487 444 0.000271 2
641 373 695 388 0.000271 2
531 201 554 221 0.000271 2
776 470 793 477 0.000270 2
640 438 695 460 0.000270 2
1263 366 1279 410 0.000269 2
740 429 818 457 0.000268 2
641 265 693 283 0.000268 2
1168 236 1279 300 0.000267 2
623 273 670 358 0.000267 2
700 302 768 338 0.000266 2
88 404 145 427 0.000265 2
322 407 373 418 0.000265 2
591 423 627 434 0.000263 2
722 458 767 472 0.000263 2
915 187 955 209 0.000263 2
1022 319 1043 338 0.000262 2
854 136 941 174 0.000262 2
690 455 717 470 0.000261 2
37 436 80 469 0.000260 2
1225 161 1265 182 0.000260 2
0 468 13 477 0.000258 2
639 449 650 459 0.000258 2
1151 445 1168 456 0.000258 2
170 201 204 228 0.000257 2
1262 315 1279 371 0.000257 2
739 434 800 457 0.000257 2
1171 243 1279 301 0.000256 2
367 418 384 435 0.000254 2
589 450 605 460 0.000253 2
500 290 534 338 0.000253 2
1237 305 1279 371 0.000253 2
502 304 528 350 0.000252 2
575 446 594 460 0.000251 2
661 423 691 439 0.000250 2
959 336 972 346 0.000249 2
950 456 974 469 0.000248 2
714 333 758 377 0.000248 2
57 568 96 584 0.000246 2
446 177 467 219 0.000246 2
463 410 515 429 0.000245 2
683 375 695 385 0.000245 2
599 318 608 329 0.000245 2
511 439 528 453 0.000244 2
1112 311 1170 343 0.000244 2
30 404 53 423 0.000244 2
386 420 460 447 0.000244 2
663 425 690 440 0.000243 2
609 372 659 400 0.000243 2
487 430 519 449 0.000242 2
1158 161 1205 219 0.000242 2
629 372 695 399 0.000241 2
1106 165 1158 208 0.000240 2
1103 169 1120 202 0.000239 2
624 272 681 357 0.000239 2
1178 164 1224 214 0.000239 2
42 568 97 594 0.000236 2
671 457 697 470 0.000236 2
1255 357 1279 411 0.000234 2
623 288 666 364 0.000233 2
314 407 373 443 0.000233 2
876 442 916 487 0.000230 2
29 401 180 425 0.000229 2
1157 275 1280 315 0.000229 2
0 281 8 295 0.000229 2
690 445 703 456 0.000229 2
479 177 527 211 0.000228 2
1145 160 1204 218 0.000228 2
1023 277 1057 296 0.000227 2
618 407 657 425 0.000227 2
590 362 625 397 0.000226 2
89 393 223 420 0.000225 2
821 166 856 194 0.000225 2
326 413 427 473 0.000224 2
894 175 951 200 0.000224 2
458 266 512 350 0.000224 2
154 400 218 424 0.000223 2
704 309 755 347 0.000223 2
318 406 385 471 0.000221 2
28 435 81 469 0.000221 2
693 455 735 470 0.000221 2
511 339 524 350 0.000220 2
644 438 703 455 0.000219 2
1043 455 1077 471 0.000217 2
1104 156 1218 217 0.000215 2
319 406 370 417 0.000214 2
388 423 402 435 0.000213 2
419 424 463 442 0.000213 2
647 374 696 387 0.000212 2
478 176 519 215 0.000211 2
1199 273 1280 295 0.000210 2
386 419 458 439 0.000209 2
716 328 756 364 0.000209 2
0 504 96 599 0.000209 2
598 359 623 376 0.000208 2
56 406 144 425 0.000207 2
1007 423 1024 439 0.000206 2
483 150 524 170 0.000205 2
1124 261 1215 278 0.000205 2
561 200 588 216 0.000205 2
0 430 8 445 0.000205 2
670 388 686 398 0.000203 2
236 196 277 229 0.000202 2
1203 256 1280 294 0.000202 2
1019 440 1040 454 0.000202 2
932 271 1167 336 0.000202 2
125 200 150 229 0.000200 2
158 395 224 424 0.000199 2
462 304 498 352 0.000199 2
1187 274 1279 314 0.000198 2
383 419 450 437 0.000197 2
737 442 774 459 0.000196 2
320 447 405 472 0.000196 2
273 179 322 233 0.000194 2
479 176 522 204 0.000193 2
353 189 367 200 0.000192 2
207 410 265 426 0.000192 2
645 428 656 439 0.000191 2
320 407 349 414 0.000191 2
600 365 624 393 0.000191 2
695 305 762 355 0.000191 2
1175 275 1280 292 0.000191 2
932 266 1153 336 0.000190 2
205 408 312 455 0.000190 2
1048 279 1072 295 0.000190 2
893 136 938 152 0.000189 2
414 415 432 423 0.000189 2
735 423 782 460 0.000188 2
1264 321 1279 369 0.000187 2
664 380 687 395 0.000187 2
1131 267 1229 304 0.000187 2
988 192 1195 245 0.000186 2
1212 252 1280 295 0.000186 2
1125 326 1154 343 0.000185 2
625 321 690 378 0.000185 2
1133 265 1215 280 0.000184 2
59 568 96 583 0.000182 2
598 464 608 469 0.000182 2
629 338 691 380 0.000181 2
1021 319 1041 342 0.000181 2
0 402 51 423 0.000180 2
624 308 679 361 0.000180 2
628 336 685 390 0.000180 2
631 350 694 389 0.000179 2
322 200 354 234 0.000178 2
161 393 224 424 0.000178 2
354 411 444 441 0.000178 2
1236 277 1279 297 0.000177 2
916 167 960 189 0.000176 2
1018 321 1086 357 0.000175 2
329 401 386 434 0.000175 2
494 408 516 423 0.000174 2
1019 319 1059 360 0.000174 2
946 456 975 471 0.000173 2
0 403 57 424 0.000173 2
1051 314 1089 336 0.000173 2
1036 317 1090 342 0.000173 2
624 264 683 315 0.000173 2
715 334 741 361 0.000173 2
924 273 1152 336 0.000172 2
312 199 333 276 0.000172 2
34 408 49 423 0.000171 2
46 393 312 472 0.000171 2
1168 269 1276 288 0.000171 2
708 304 768 338 0.000170 2
637 194 672 217 0.000169 2
448 423 479 449 0.000169 2
455 406 516 432 0.000169 2
1170 273 1280 287 0.000168 2
0 468 15 478 0.000168 2
448 435 463 446 0.000168 2
34 401 134 424 0.000168 2
34 400 108 426 0.000168 2
603 454 670 473 0.000166 2
1212 277 1279 295 0.000166 2
654 216 729 236 0.000165 2
716 323 755 363 0.000163 2
344 198 388 229 0.000162 2
626 338 661 389 0.000162 2
496 285 514 338 0.000160 2
1203 275 1279 306 0.000159 2
31 437 82 466 0.000159 2
168 395 224 423 0.000158 2
366 407 384 431 0.000157 2
921 151 991 179 0.000156 2
713 302 767 313 0.000156 2
1018 320 1062 359 0.000156 2
1257 251 1279 293 0.000155 2
944 278 1048 311 0.000155 2
478 171 526 204 0.000155 2
1247 331 1265 368 0.000154 2
1158 274 1280 291 0.000153 2
640 689 689 703 0.000153 2
1150 274 1280 316 0.000152 2
918 269 1160 335 0.000152 2
936 202 973 245 0.000152 2
31 400 125 423 0.000152 2
622 295 684 395 0.000151 2
678 206 695 232 0.000151 2
1259 279 1279 295 0.000151 2
601 190 731 235 0.000150 2
206 406 309 453 0.000149 2
1247 344 1265 370 0.000149 2
563 241 591 248 0.000149 2
714 448 773 472 0.000148 2
609 409 687 439 0.000148 2
1115 272 1169 344 0.000148 2
573 421 609 463 0.000148 2
199 412 309 460 0.000148 2
493 287 516 351 0.000148 2
623 270 664 358 0.000147 2
27 567 96 598 0.000147 2
713 325 744 359 0.000147 2
499 283 533 331 0.000147 2
14 400 168 424 0.000146 2
387 423 415 461 0.000146 2
986 424 1037 459 0.000146 2
157 406 290 448 0.000146 2
620 321 657 377 0.000145 2
1232 298 1279 365 0.000144 2
386 413 436 423 0.000144 2
890 136 938 154 0.000144 2
33 400 104 424 0.000142 2
610 458 666 472 0.000142 2
380 408 501 426 0.000141 2
603 347 671 398 0.000141 2
623 361 658 391 0.000141 2
667 440 703 455 0.000141 2
712 311 752 345 0.000141 2
322 403 394 470 0.000141 2
1050 317 1088 337 0.000139 2
1007 425 1025 441 0.000139 2
519 246 600 280 0.000139 2
824 134 990 205 0.000138 2
1041 278 1057 296 0.000138 2
636 338 696 389 0.000138 2
878 452 896 481 0.000138 2
712 305 770 364 0.000138 2
1056 313 1096 337 0.000138 2
1163 278 1280 316 0.000137 2
712 310 753 348 0.000137 2
385 424 416 459 0.000137 2
462 421 496 455 0.000136 2
183 407 266 426 0.000135 2
608 407 656 425 0.000135 2
320 416 336 439 0.000135 2
1024 360 1058 391 0.000134 2
1133 269 1225 290 0.000134 2
714 271 926 344 0.000134 2
264 180 324 278 0.000134 2
382 399 507 425 0.000133 2
340 198 387 224 0.000133 2
106 249 129 264 0.000133 2
626 346 648 379 0.000133 2
504 307 528 350 0.000133 2
316 414 393 476 0.000132 2
586 423 647 461 0.000132 2
455 404 516 435 0.000132 2
717 329 750 364 0.000131 2
442 391 520 435 0.000130 2
638 426 652 439 0.000130 2
1165 273 1218 285 0.000129 2
838 439 869 454 0.000129 2
322 415 385 473 0.000128 2
612 407 655 426 0.000128 2
177 406 278 447 0.000128 2
715 336 750 378 0.000128 2
423 64 502 96 0.000127 2
1259 279 1279 294 0.000126 2
714 332 768 364 0.000125 2
76 412 94 424 0.000124 2
1052 315 1143 345 0.000124 2
1102 162 1206 212 0.000124 2
1019 322 1038 344 0.000123 2
89 402 179 434 0.000122 2
476 408 515 424 0.000122 2
103 406 147 434 0.000122 2
751 422 825 455 0.000122 2
521 365 698 429 0.000122 2
175 199 185 216 0.000122 2
103 463 128 472 0.000121 2
623 290 686 359 0.000121 2
39 399 333 474 0.000121 2
1149 272 1221 286 0.000121 2
430 394 519 431 0.000121 2
30 438 81 463 0.000119 2
148 401 292 448 0.000119 2
626 331 697 398 0.000119 2
352 200 386 229 0.000118 2
623 321 688 374 0.000117 2
624 269 679 350 0.000116 2
559 241 592 248 0.000116 2
383 404 483 423 0.000116 2
737 201 771 233 0.000116 2
1167 284 1280 346 0.000116 2
103 248 128 264 0.000115 2
384 423 416 470 0.000115 2
1116 242 1214 273 0.000115 2
333 210 354 234 0.000115 2
607 447 625 469 0.000114 2
633 374 677 399 0.000114 2
171 399 271 439 0.000113 2
983 328 1025 390 0.000113 2
23 397 113 422 0.000113 2
819 325 882 344 0.000113 2
200 412 315 463 0.000113 2
879 438 923 462 0.000113 2
494 408 532 428 0.000113 2
821 324 871 344 0.000112 2
747 422 788 447 0.000112 2
948 278 1039 311 0.000112 2
102 464 117 472 0.000112 2
220 407 307 454 0.000111 2
352 419 384 454 0.000111 2
627 407 656 424 0.000111 2
660 200 834 281 0.000111 2
609 407 663 438 0.000110 2
623 324 657 362 0.000110 2
762 463 795 477 0.000110 2
733 204 777 234 0.000109 2
682 306 757 353 0.000109 2
24 397 95 423 0.000109 2
639 438 655 452 0.000109 2
606 457 644 470 0.000109 2
699 312 749 362 0.000108 2
17 434 84 470 0.000108 2
229 440 272 457 0.000108 2
943 327 960 346 0.000108 2
309 409 326 415 0.000107 2
317 420 336 438 0.000107 2
1230 296 1279 361 0.000107 2
383 453 416 467 0.000107 2
1069 321 1089 340 0.000107 2
832 439 867 453 0.000107 2
0 398 66 458 0.000106 2
266 173 313 196 0.000106 2
1142 330 1209 361 0.000106 2
44 434 135 452 0.000105 2
1238 299 1279 420 0.000105 2
478 290 519 354 0.000105 2
1052 309 1139 344 0.000105 2
1199 302 1232 312 0.000104 2
338 453 407 471 0.000104 2
1047 276 1108 333 0.000104 2
464 427 496 455 0.000104 2
325 198 388 222 0.000104 2
394 408 487 425 0.000104 2
110 393 138 424 0.000104 2
533 264 688 400 0.000103 2
747 418 825 450 0.000103 2
622 359 637 378 0.000103 2
1052 303 1090 335 0.000103 2
873 136 939 180 0.000102 2
713 336 761 377 0.000102 2
569 240 591 248 0.000101 2
559 291 689 403 0.000101 2
0 395 98 423 0.000101 2
1160 280 1271 344 0.000100 2
115 463 128 471 0.000100 2
1181 168 1279 267 0.008154 5
469 166 580 210 0.001529 5
1170 164 1279 267 0.001244 5
1204 164 1279 260 0.001228 5
675 222 1276 338 0.001205 5
830 135 938 167 0.001200 5
445 166 587 216 0.001044 5
830 135 939 162 0.001027 5
1177 163 1279 243 0.000927 5
1089 171 1279 269 0.000897 5
825 135 939 172 0.000710 5
1261 168 1279 256 0.000647 5
478 170 519 209 0.000629 5
663 210 1272 345 0.000555 5
444 168 532 218 0.000520 5
478 169 520 202 0.000451 5
447 154 520 171 0.000423 5
857 200 1253 267 0.000420 5
1222 161 1279 228 0.000344 5
456 152 522 171 0.000339 5
457 163 584 229 0.000327 5
827 134 939 159 0.000249 5
1181 159 1277 231 0.000230 5
476 171 517 213 0.000221 5
1261 168 1279 217 0.000206 5
464 165 522 188 0.000181 5
455 164 581 239 0.000179 5
1156 279 1280 316 0.000168 5
471 166 538 195 0.000153 5
1225 162 1264 217 0.000149 5
1007 183 1053 219 0.000142 5
1225 167 1274 206 0.000121 5
1172 284 1280 320 0.000109 5
663 266 1279 496 0.062498 6
656 263 1280 472 0.037896 6
679 262 1278 355 0.017940 6
644 256 1276 504 0.014670 6
660 261 1279 375 0.014024 6
640 263 1275 413 0.012708 6
640 266 983 373 0.012602 6
640 266 1272 392 0.012594 6
640 264 1128 372 0.011862 6
641 265 1255 444 0.009434 6
643 266 1236 478 0.008705 6
641 266 1259 381 0.008479 6
651 260 1276 386 0.007667 6
733 264 1279 348 0.006751 6
640 266 1073 374 0.006187 6
1042 269 1279 350 0.005538 6
695 433 1277 497 0.005470 6
688 433 1278 508 0.005411 6
1 395 177 424 0.005222 6
1040 270 1279 411 0.005066 6
1031 269 1279 483 0.005064 6
697 434 1274 491 0.005026 6
680 448 1276 508 0.004605 6
641 264 1172 482 0.004322 6
687 438 1273 510 0.004159 6
479 165 581 204 0.004097 6
710 453 1274 507 0.004086 6
961 267 1279 348 0.004034 6
640 266 1216 376 0.003318 6
681 437 1264 490 0.003240 6
668 324 1278 506 0.003029 6
793 458 1272 509 0.003006 6
630 264 959 404 0.002951 6
683 435 1276 514 0.002928 6
642 252 1275 382 0.002649 6
967 268 1279 489 0.002584 6
664 387 1271 492 0.002522 6
640 262 1075 480 0.002521 6
615 409 957 481 0.002450 6
654 391 1247 489 0.002366 6
638 266 958 376 0.002324 6
640 264 972 468 0.002313 6
742 437 895 480 0.002252 6
741 436 1002 483 0.002232 6
1031 269 1279 426 0.002145 6
725 267 1279 464 0.002070 6
743 438 881 479 0.002023 6
669 342 1277 508 0.001951 6
1047 269 1279 469 0.001925 6
1138 435 1279 486 0.001913 6
705 408 884 470 0.001877 6
457 164 581 207 0.001856 6
1020 283 1279 497 0.001856 6
736 439 892 471 0.001797 6
668 357 1278 501 0.001791 6
901 468 1273 511 0.001788 6
1131 272 1279 353 0.001729 6
640 263 1028 472 0.001725 6
951 269 1279 436 0.001721 6
765 447 1274 508 0.001698 6
684 285 1278 504 0.001661 6
737 439 881 475 0.001584 6
1120 413 1279 487 0.001569 6
1158 275 1279 353 0.001569 6
1060 405 1280 478 0.001520 6
712 217 1277 337 0.001513 6
1041 403 1280 470 0.001508 6
623 265 909 383 0.001474 6
1175 437 1279 487 0.001472 6
802 278 1278 504 0.001437 6
340 407 707 460 0.001431 6
829 135 939 167 0.001424 6
20 433 353 474 0.001420 6
1036 400 1278 473 0.001397 6
1037 408 1279 510 0.001337 6
736 443 1021 483 0.001337 6
655 435 1204 489 0.001333 6
1132 431 1278 488 0.001261 6
642 325 1185 491 0.001206 6
1047 399 1280 468 0.001146 6
494 408 957 479 0.001127 6
1019 398 1277 475 0.001124 6
756 223 1277 330 0.001110 6
1034 419 1278 507 0.001089 6
782 452 1026 486 0.001086 6
695 132 956 237 0.001066 6
1136 272 1279 381 0.001061 6
640 229 975 373 0.001056 6
614 264 947 411 0.001024 6
640 221 1003 373 0.001015 6
727 438 1035 484 0.001009 6
826 135 939 172 0.000997 6
1005 395 1272 473 0.000957 6
768 433 1025 486 0.000911 6
1124 421 1279 499 0.000856 6
448 406 705 460 0.000849 6
1043 261 1279 363 0.000847 6
1016 428 1280 505 0.000831 6
1040 190 1279 345 0.000816 6
398 403 951 479 0.000816 6
443 415 704 463 0.000815 6
837 453 1024 487 0.000803 6
38 434 368 476 0.000797 6
1017 406 1276 504 0.000791 6
1019 393 1270 470 0.000777 6
957 213 1279 338 0.000768 6
831 450 1024 485 0.000760 6
721 412 881 479 0.000758 6
1116 369 1280 480 0.000753 6
402 410 949 484 0.000748 6
753 435 1024 485 0.000741 6
1239 436 1279 496 0.000741 6
852 453 1093 491 0.000733 6
794 453 1023 487 0.000731 6
739 415 914 479 0.000697 6
735 418 883 479 0.000689 6
331 407 807 472 0.000685 6
1068 148 1279 267 0.000680 6
32 433 341 475 0.000676 6
987 425 1277 510 0.000676 6
403 259 948 480 0.000674 6
640 273 1085 488 0.000673 6
351 405 949 473 0.000671 6
465 257 943 452 0.000639 6
490 406 703 464 0.000637 6
475 263 956 482 0.000635 6
343 409 944 481 0.000623 6
790 447 1023 486 0.000618 6
598 269 958 483 0.000612 6
1154 368 1279 488 0.000611 6
332 404 736 480 0.000591 6
1226 440 1279 488 0.000585 6
490 414 703 465 0.000562 6
1096 370 1279 471 0.000549 6
1043 172 1279 353 0.000546 6
864 428 1276 510 0.000519 6
1072 182 1280 272 0.000511 6
827 134 939 162 0.000492 6
1130 364 1279 484 0.000492 6
797 443 905 481 0.000479 6
288 448 388 472 0.000467 6
741 410 965 482 0.000455 6
923 206 1258 262 0.000454 6
1138 269 1279 411 0.000444 6
849 454 1186 492 0.000443 6
639 438 700 462 0.000419 6
641 418 1147 489 0.000419 6
641 289 1008 482 0.000417 6
733 414 963 483 0.000415 6
1218 440 1279 492 0.000399 6
260 448 393 472 0.000392 6
8 401 365 476 0.000390 6
820 134 938 163 0.000383 6
1182 340 1271 419 0.000373 6
603 408 702 464 0.000357 6
642 438 703 461 0.000346 6
1138 272 1279 457 0.000343 6
1130 275 1279 492 0.000340 6
1182 344 1277 423 0.000336 6
589 430 702 466 0.000335 6
601 412 702 464 0.000331 6
330 374 716 456 0.000314 6
850 203 1275 276 0.000313 6
27 400 336 477 0.000305 6
650 432 1248 519 0.000304 6
293 449 402 472 0.000299 6
1006 413 1276 503 0.000287 6
1236 360 1279 496 0.000284 6
0 560 75 599 0.000268 6
368 291 948 468 0.000266 6
783 133 939 164 0.000256 6
734 411 906 473 0.000255 6
869 450 1028 485 0.000252 6
1228 440 1279 484 0.000249 6
696 408 907 470 0.000243 6
714 411 889 473 0.000243 6
704 408 835 466 0.000242 6
1080 278 1280 505 0.000238 6
644 412 1045 486 0.000238 6
605 431 702 466 0.000234 6
743 407 927 473 0.000234 6
597 405 829 467 0.000224 6
313 447 397 472 0.000221 6
1179 376 1274 425 0.000219 6
1200 365 1279 487 0.000217 6
621 260 816 377 0.000204 6
503 370 697 438 0.000201 6
1015 338 1275 473 0.000200 6
601 411 838 469 0.000186 6
1083 409 1280 501 0.000183 6
680 450 1275 544 0.000181 6
0 64 337 403 0.000177 6
1219 440 1279 480 0.000174 6
345 359 734 454 0.000174 6
1170 360 1279 444 0.000173 6
786 415 1032 486 0.000170 6
745 403 953 470 0.000163 6
581 261 867 391 0.000163 6
0 93 339 403 0.000158 6
662 433 1272 575 0.000157 6
794 401 1037 486 0.000151 6
1204 438 1279 483 0.000149 6
313 447 387 472 0.000140 6
640 409 1215 554 0.000137 6
1240 433 1279 464 0.000135 6
1034 330 1274 420 0.000132 6
600 408 812 473 0.000131 6
1200 348 1279 425 0.000130 6
0 148 330 400 0.000128 6
649 437 1254 586 0.000128 6
703 408 796 463 0.000127 6
968 397 1274 472 0.000127 6
756 401 951 475 0.000126 6
333 393 906 576 0.000126 6
732 451 1276 542 0.000125 6
1146 425 1270 467 0.000122 6
0 114 328 401 0.000122 6
149 64 341 94 0.000120 6
1197 304 1279 423 0.000118 6
1141 446 1268 478 0.000118 6
1067 336 1241 416 0.000117 6
152 174 266 224 0.000116 6
723 114 942 172 0.000116 6
1038 315 1270 419 0.000112 6
769 417 947 483 0.000110 6
1055 338 1250 416 0.000110 6
908 281 1110 394 0.000108 6
184 179 268 226 0.000107 6
703 408 775 465 0.000106 6
609 433 808 470 0.000104 6
1101 158 1207 212 0.000103 6
157 175 272 230 0.000103 6
1036 337 1185 407 0.000102 6
1248 349 1279 497 0.000102 6
984 395 1247 475 0.000102 6
587 183 655 216 0.331482 7
862 177 955 222 0.294888 7
864 176 955 226 0.292030 7
853 177 955 222 0.240864 7
865 176 955 239 0.225570 7
862 177 954 232 0.129457 7
587 183 648 215 0.044355 7
713 153 819 235 0.042987 7
695 152 812 235 0.042336 7
717 153 813 235 0.040788 7
713 152 860 237 0.035299 7
697 152 862 235 0.035264 7
718 152 859 244 0.031565 7
587 183 622 214 0.027212 7
697 152 956 237 0.025652 7
719 153 859 230 0.023493 7
862 176 943 207 0.020582 7
1006 196 1052 228 0.019690 7
547 173 580 204 0.017028 7
1043 270 1279 350 0.016637 7
1182 179 1279 268 0.016495 7
577 181 655 215 0.013544 7
753 176 954 236 0.013527 7
865 176 945 224 0.013119 7
721 153 861 224 0.013087 7
587 183 622 202 0.012235 7
875 176 957 235 0.011337 7
663 268 769 370 0.010087 7
1182 187 1279 267 0.009964 7
868 177 956 247 0.009739 7
1182 225 1279 268 0.008855 7
863 176 979 250 0.008849 7
804 174 954 223 0.008484 7
661 268 853 364 0.008304 7
587 183 663 217 0.008096 7
717 170 950 240 0.006053 7
1181 166 1279 268 0.005684 7
517 171 579 205 0.005495 7
691 161 809 235 0.005409 7
1208 175 1279 268 0.004961 7
1182 215 1279 267 0.004624 7
866 176 939 225 0.004570 7
586 182 637 207 0.004504 7
551 173 578 203 0.004299 7
478 168 580 204 0.003759 7
839 177 960 243 0.003752 7
506 169 579 205 0.003664 7
691 183 729 232 0.003637 7
581 184 620 211 0.003474 7
586 152 658 215 0.003395 7
662 268 865 358 0.003180 7
511 170 579 204 0.003033 7
637 266 946 370 0.002972 7
1083 271 1280 353 0.002703 7
691 182 730 235 0.002650 7
1224 172 1279 268 0.002537 7
702 156 956 244 0.002498 7
867 176 939 213 0.002472 7
1041 271 1276 366 0.002224 7
587 172 656 216 0.002112 7
688 183 730 230 0.002067 7
877 175 951 233 0.002049 7
1121 271 1279 352 0.002029 7
585 154 655 215 0.001983 7
1135 271 1280 403 0.001885 7
850 135 955 223 0.001812 7
694 183 729 227 0.001745 7
807 134 948 228 0.001744 7
739 156 952 251 0.001740 7
624 266 928 374 0.001688 7
585 184 617 213 0.001676 7
624 266 911 380 0.001526 7
1038 272 1268 345 0.001465 7
696 134 957 237 0.001437 7
690 168 733 234 0.001434 7
623 266 769 378 0.001367 7
591 152 667 214 0.001335 7
695 183 729 215 0.001267 7
667 269 852 371 0.001260 7
1046 271 1218 340 0.001149 7
867 176 934 215 0.001090 7
545 170 656 213 0.001047 7
595 153 638 201 0.001035 7
662 267 880 354 0.001029 7
729 152 806 211 0.001019 7
1044 270 1164 339 0.001000 7
866 176 933 219 0.000993 7
485 161 580 204 0.000982 7
1262 195 1279 270 0.000903 7
624 265 693 379 0.000898 7
640 151 988 387 0.000892 7
1046 271 1174 342 0.000892 7
1138 272 1279 417 0.000876 7
1181 176 1233 265 0.000842 7
640 132 1004 384 0.000780 7
1166 272 1279 350 0.000744 7
505 160 580 204 0.000728 7
1045 251 1279 312 0.000717 7
866 177 913 222 0.000674 7
826 141 949 224 0.000655 7
1040 255 1273 341 0.000645 7
774 148 942 224 0.000630 7
573 157 661 216 0.000593 7
699 303 768 345 0.000589 7
986 434 1038 464 0.000586 7
1262 167 1279 249 0.000583 7
844 139 971 223 0.000577 7
724 153 806 209 0.000543 7
809 159 858 191 0.000517 7
669 197 695 218 0.000511 7
1043 271 1168 344 0.000511 7
707 136 877 224 0.000493 7
976 270 1152 342 0.000474 7
494 190 577 216 0.000469 7
1180 165 1235 264 0.000451 7
731 152 806 216 0.000405 7
1046 260 1202 338 0.000394 7
848 174 906 219 0.000384 7
980 269 1145 337 0.000381 7
801 157 858 203 0.000381 7
1063 169 1280 354 0.000380 7
583 150 689 221 0.000374 7
706 139 860 227 0.000367 7
452 178 536 235 0.000349 7
1006 182 1063 224 0.000341 7
1081 248 1280 329 0.000328 7
878 440 905 486 0.000325 7
719 129 939 213 0.000324 7
986 437 1029 457 0.000311 7
621 199 945 378 0.000311 7
571 137 875 241 0.000294 7
705 303 768 351 0.000293 7
929 270 1167 340 0.000276 7
715 141 996 254 0.000268 7
872 276 1126 388 0.000261 7
919 150 960 184 0.000259 7
691 119 950 238 0.000256 7
693 183 729 214 0.000252 7
695 181 744 235 0.000246 7
940 269 1145 336 0.000243 7
670 299 769 374 0.000241 7
605 154 652 209 0.000240 7
922 151 976 184 0.000240 7
917 151 992 186 0.000232 7
1038 271 1160 344 0.000230 7
910 274 1136 390 0.000229 7
695 166 750 232 0.000220 7
790 125 964 252 0.000219 7
565 93 670 221 0.000218 7
507 156 660 210 0.000218 7
616 211 924 380 0.000214 7
675 89 896 238 0.000213 7
607 151 947 367 0.000205 7
704 130 859 227 0.000199 7
631 215 925 374 0.000198 7
1175 169 1280 352 0.000197 7
1126 264 1279 324 0.000196 7
683 277 851 382 0.000191 7
734 152 812 222 0.000187 7
543 167 702 293 0.000183 7
805 160 860 211 0.000178 7
592 152 672 211 0.000177 7
1135 271 1216 345 0.000172 7
684 147 764 232 0.000172 7
727 162 802 225 0.000169 7
1158 296 1280 353 0.000169 7
715 156 806 210 0.000168 7
1003 170 1060 229 0.000167 7
1156 303 1280 360 0.000167 7
998 424 1041 460 0.000165 7
614 407 656 426 0.000163 7
1006 165 1063 231 0.000162 7
298 197 332 232 0.000155 7
796 448 896 477 0.000150 7
635 289 767 380 0.000148 7
624 170 659 210 0.000148 7
596 407 656 432 0.000147 7
625 287 773 383 0.000141 7
1163 300 1279 351 0.000138 7
587 156 689 216 0.000137 7
563 145 931 375 0.000136 7
640 153 952 327 0.000135 7
1103 271 1168 345 0.000130 7
694 127 828 225 0.000130 7
1002 183 1049 220 0.000129 7
646 296 768 380 0.000125 7
739 152 818 224 0.000125 7
1018 271 1145 348 0.000125 7
587 407 660 434 0.000123 7
1047 223 1167 335 0.000122 7
712 270 850 384 0.000114 7
1237 306 1279 373 0.000114 7
1026 273 1245 415 0.000114 7
661 292 769 375 0.000111 7
1134 270 1230 332 0.000109 7
1263 440 1279 486 0.000108 7
702 124 846 227 0.000106 7
299 199 389 273 0.000101 7
1090 151 1103 177 0.523957 9
513 151 523 177 0.127973 9
239 179 246 191 0.077210 9
365 167 374 189 0.060483 9
373 167 381 185 0.058781 9
513 151 524 176 0.049844 9
1198 386 1207 415 0.045644 9
239 178 247 191 0.041687 9
863 165 870 183 0.038719 9
553 173 572 202 0.034394 9
552 173 573 201 0.033735 9
1088 151 1103 183 0.032670 9
448 157 490 170 0.032574 9
863 165 870 183 0.031383 9
513 151 524 178 0.031030 9
513 153 523 184 0.029416 9
1207 167 1216 187 0.028500 9
1207 170 1215 186 0.028385 9
1014 138 1025 169 0.027837 9
362 167 370 189 0.027041 9
1215 167 1223 183 0.023872 9
558 180 567 196 0.022225 9
372 167 380 187 0.021980 9
966 373 978 391 0.021665 9
513 151 526 180 0.019945 9
224 183 231 194 0.018700 9
894 156 906 176 0.018272 9
119 64 159 78 0.017509 9
1090 151 1103 182 0.016776 9
548 173 577 202 0.016499 9
550 173 580 204 0.016080 9
1013 139 1025 171 0.015572 9
1089 151 1105 178 0.015556 9
1197 384 1207 414 0.015025 9
313 152 342 194 0.014771 9
895 155 906 177 0.013689 9
1199 385 1212 416 0.013131 9
259 142 268 159 0.011710 9
313 151 341 189 0.011121 9
260 142 268 159 0.011057 9
864 440 874 455 0.010655 9
257 142 268 160 0.010517 9
1155 160 1168 184 0.010325 9
1214 167 1224 185 0.009690 9
523 183 535 196 0.009659 9
965 372 979 392 0.009636 9
865 443 873 455 0.009341 9
1199 387 1216 415 0.009006 9
257 143 267 160 0.008633 9
665 183 670 196 0.008492 9
545 168 552 182 0.008219 9
879 156 894 171 0.007628 9
257 179 262 190 0.007492 9
1014 134 1025 170 0.007461 9
867 159 880 177 0.007304 9
681 167 687 183 0.007238 9
545 169 554 200 0.007015 9
119 64 202 90 0.007013 9
1154 158 1168 184 0.006610 9
119 64 182 79 0.006600 9
119 64 162 79 0.006552 9
362 167 372 189 0.006517 9
215 183 225 196 0.006268 9
1187 384 1209 415 0.006259 9
1228 166 1247 181 0.006116 9
449 158 487 171 0.005982 9
239 177 250 193 0.005971 9
881 156 895 175 0.005848 9
569 161 580 179 0.005722 9
543 169 577 201 0.005712 9
1197 384 1216 415 0.005672 9
868 154 880 176 0.005611 9
1190 386 1203 401 0.005531 9
119 64 194 83 0.005437 9
517 168 548 192 0.005356 9
119 64 177 78 0.005196 9
448 157 490 180 0.004953 9
521 182 546 200 0.004898 9
169 64 201 91 0.004769 9
155 64 202 91 0.004746 9
1197 383 1211 416 0.004687 9
1207 168 1216 200 0.004580 9
865 153 878 178 0.004567 9
1003 136 1015 176 0.004514 9
167 64 176 76 0.004507 9
680 167 688 185 0.004432 9
895 153 909 177 0.004174 9
965 373 978 394 0.004172 9
516 162 541 189 0.004075 9
518 167 547 183 0.004052 9
895 152 907 176 0.004051 9
988 680 1015 703 0.003877 9
1005 137 1014 172 0.003876 9
694 178 704 198 0.003853 9
1013 137 1025 174 0.003780 9
1207 168 1216 194 0.003736 9
313 148 341 191 0.003608 9
571 161 580 179 0.003496 9
965 370 979 390 0.003466 9
1190 385 1207 403 0.003449 9
999 134 1009 179 0.003432 9
587 166 603 185 0.003413 9
878 153 894 171 0.003400 9
1005 137 1017 172 0.003375 9
1226 165 1247 181 0.003355 9
977 368 985 391 0.003207 9
990 679 1011 703 0.003176 9
516 170 547 192 0.003175 9
172 64 202 90 0.003164 9
313 153 344 198 0.003124 9
990 679 1013 703 0.003105 9
545 162 580 205 0.003061 9
587 171 603 185 0.003016 9
1167 378 1181 422 0.002965 9
544 166 576 203 0.002952 9
94 153 104 176 0.002942 9
363 167 372 187 0.002930 9
447 157 491 202 0.002863 9
1104 168 1120 203 0.002813 9
521 183 536 199 0.002805 9
249 177 257 192 0.002804 9
95 151 105 176 0.002751 9
240 165 247 178 0.002711 9
587 166 602 185 0.002650 9
959 135 994 163 0.002645 9
587 169 600 185 0.002624 9
448 154 490 171 0.002614 9
522 183 538 199 0.002610 9
159 64 192 89 0.002535 9
520 168 546 181 0.002523 9
866 152 881 176 0.002486 9
998 134 1008 175 0.002469 9
545 172 578 203 0.002443 9
1089 150 1103 194 0.002429 9
981 352 993 391 0.002416 9
120 64 190 84 0.002401 9
1006 138 1015 173 0.002331 9
159 64 198 92 0.002299 9
690 168 697 181 0.002256 9
1090 150 1109 178 0.002157 9
1159 424 1167 440 0.002143 9
118 64 165 79 0.002123 9
248 177 257 192 0.002116 9
814 143 823 154 0.002096 9
693 175 703 197 0.002069 9
1168 381 1179 392 0.002044 9
599 532 609 567 0.002014 9
927 152 937 168 0.002009 9
1193 380 1217 415 0.001991 9
996 131 1008 174 0.001967 9
962 373 978 390 0.001933 9
981 353 993 391 0.001921 9
1167 381 1184 421 0.001902 9
1190 164 1202 185 0.001889 9
1182 388 1203 411 0.001883 9
1126 164 1146 185 0.001876 9
853 166 870 212 0.001873 9
445 157 493 186 0.001828 9
256 177 262 191 0.001801 9
664 171 671 189 0.001783 9
1210 167 1224 201 0.001760 9
1180 162 1203 218 0.001758 9
312 149 341 197 0.001746 9
1188 161 1202 187 0.001740 9
638 160 644 168 0.001719 9
993 134 1001 169 0.001717 9
211 167 218 176 0.001706 9
996 136 1009 174 0.001686 9
158 64 174 75 0.001682 9
570 179 581 202 0.001622 9
1225 164 1245 182 0.001621 9
905 88 928 120 0.001592 9
312 88 342 195 0.001589 9
856 161 871 187 0.001586 9
959 135 994 167 0.001554 9
1153 160 1168 184 0.001543 9
1203 388 1256 426 0.001535 9
1182 344 1193 384 0.001526 9
161 64 184 76 0.001503 9
111 151 128 164 0.001500 9
1183 383 1206 416 0.001483 9
157 64 189 92 0.001460 9
478 166 579 205 0.001454 9
981 140 992 158 0.001446 9
843 119 860 135 0.001427 9
484 174 495 184 0.001420 9
927 150 937 168 0.001408 9
1182 383 1200 411 0.001406 9
1020 159 1029 169 0.001404 9
997 134 1009 175 0.001393 9
979 365 988 392 0.001389 9
314 182 339 195 0.001385 9
1119 330 1136 387 0.001365 9
960 372 979 401 0.001351 9
993 135 1002 169 0.001345 9
1190 166 1202 185 0.001335 9
871 120 879 130 0.001330 9
1223 407 1231 424 0.001330 9
375 185 385 200 0.001311 9
1182 346 1193 383 0.001305 9
1119 313 1135 386 0.001298 9
908 106 928 120 0.001294 9
665 184 670 201 0.001290 9
810 159 855 180 0.001289 9
312 81 367 197 0.001287 9
811 156 859 183 0.001279 9
513 151 545 184 0.001276 9
1184 356 1213 416 0.001264 9
1214 371 1223 386 0.001230 9
1189 387 1257 427 0.001221 9
119 64 195 93 0.001212 9
1113 162 1146 185 0.001209 9
1186 357 1213 418 0.001205 9
1208 167 1225 203 0.001204 9
446 157 492 212 0.001196 9
842 119 866 136 0.001194 9
1222 389 1256 424 0.001187 9
312 148 339 192 0.001181 9
1152 157 1168 184 0.001181 9
685 169 694 185 0.001180 9
698 132 704 152 0.001169 9
1225 162 1248 181 0.001168 9
1202 387 1257 423 0.001161 9
864 151 880 175 0.001142 9
680 168 690 201 0.001140 9
959 351 981 394 0.001137 9
698 134 704 152 0.001137 9
980 137 993 165 0.001134 9
811 159 857 182 0.001114 9
845 119 865 136 0.001112 9
701 118 717 128 0.001107 9
801 140 811 156 0.001106 9
312 153 342 197 0.001093 9
860 111 870 119 0.001088 9
574 664 590 695 0.001088 9
844 150 858 166 0.001085 9
927 87 944 117 0.001082 9
1247 349 1263 402 0.001080 9
562 164 582 202 0.001079 9
994 134 1004 172 0.001077 9
951 344 960 371 0.001076 9
664 319 677 349 0.001073 9
1247 348 1264 387 0.001068 9
1246 350 1262 382 0.001055 9
1171 381 1186 392 0.001055 9
1013 136 1037 173 0.001053 9
1013 134 1034 171 0.001048 9
219 176 248 193 0.001041 9
596 130 602 143 0.001041 9
415 176 420 195 0.001030 9
964 352 984 392 0.001029 9
848 302 855 310 0.001019 9
1180 383 1209 418 0.001019 9
950 351 960 388 0.001016 9
1000 155 1009 186 0.001016 9
1045 155 1056 168 0.001014 9
701 118 720 128 0.000999 9
856 282 863 295 0.000995 9
1103 167 1120 204 0.000988 9
1180 360 1223 417 0.000978 9
524 183 546 201 0.000977 9
1091 149 1110 177 0.000964 9
1104 167 1124 202 0.000958 9
415 176 421 203 0.000951 9
967 172 976 186 0.000946 9
666 320 680 346 0.000941 9
1182 345 1195 405 0.000938 9
545 265 558 280 0.000934 9
950 348 960 387 0.000928 9
1168 379 1199 421 0.000918 9
479 335 496 357 0.000915 9
464 183 472 196 0.000908 9
808 162 845 184 0.000892 9
1247 346 1262 376 0.000887 9
837 151 850 163 0.000886 9
212 164 222 177 0.000881 9
1195 358 1209 383 0.000875 9
927 85 944 116 0.000874 9
1229 389 1257 424 0.000871 9
982 350 992 387 0.000869 9
926 339 992 390 0.000865 9
1248 347 1264 403 0.000864 9
1180 381 1192 393 0.000863 9
1192 358 1210 397 0.000860 9
543 678 553 703 0.000841 9
663 296 680 350 0.000841 9
1208 386 1257 422 0.000829 9
1185 383 1259 425 0.000829 9
1096 130 1107 174 0.000821 9
809 158 858 190 0.000818 9
489 157 579 204 0.000816 9
994 133 1019 174 0.000816 9
809 155 855 179 0.000816 9
839 150 858 166 0.000814 9
1144 165 1154 185 0.000812 9
1206 160 1221 190 0.000807 9
661 153 671 174 0.000801 9
447 158 488 178 0.000801 9
949 354 961 391 0.000800 9
256 129 268 160 0.000796 9
311 93 361 198 0.000791 9
1126 162 1137 178 0.000789 9
1102 163 1147 207 0.000786 9
994 133 1006 172 0.000783 9
1229 389 1256 426 0.000780 9
586 118 598 133 0.000771 9
574 664 592 696 0.000769 9
1209 388 1256 427 0.000764 9
588 161 603 183 0.000762 9
1050 120 1058 136 0.000758 9
801 132 828 160 0.000750 9
808 170 816 199 0.000744 9
947 328 960 386 0.000741 9
1218 350 1266 425 0.000739 9
824 545 832 579 0.000734 9
457 183 464 198 0.000733 9
1081 173 1090 184 0.000731 9
949 340 981 399 0.000730 9
894 149 910 177 0.000726 9
1183 355 1212 411 0.000726 9
906 90 928 120 0.000720 9
960 134 996 168 0.000719 9
352 163 363 192 0.000713 9
813 147 824 161 0.000691 9
1044 151 1056 167 0.000685 9
1050 120 1058 133 0.000683 9
959 135 984 161 0.000680 9
1191 386 1258 422 0.000676 9
992 361 1001 380 0.000676 9
954 338 987 394 0.000674 9
447 151 574 207 0.000673 9
1183 159 1202 189 0.000667 9
665 316 681 347 0.000666 9
960 339 968 353 0.000664 9
959 343 969 374 0.000656 9
1131 164 1155 185 0.000650 9
312 77 360 195 0.000646 9
1099 136 1110 166 0.000642 9
586 118 598 143 0.000641 9
998 127 1007 138 0.000640 9
932 342 955 381 0.000638 9
1247 346 1261 367 0.000635 9
597 134 606 143 0.000635 9
1102 165 1149 199 0.000631 9
638 165 654 184 0.000629 9
929 344 954 379 0.000627 9
1184 164 1216 198 0.000610 9
257 144 268 176 0.000607 9
1040 155 1054 169 0.000606 9
1152 161 1168 185 0.000600 9
831 138 859 166 0.000598 9
841 119 856 134 0.000597 9
979 352 1007 387 0.000596 9
372 156 381 185 0.000588 9
691 169 703 181 0.000587 9
1088 374 1104 402 0.000587 9
266 215 275 231 0.000586 9
799 130 833 158 0.000585 9
664 166 671 175 0.000582 9
1088 182 1101 204 0.000582 9
261 166 271 179 0.000579 9
1089 141 1104 177 0.000576 9
1220 406 1232 425 0.000574 9
1221 164 1246 187 0.000568 9
543 160 581 179 0.000561 9
1048 172 1056 184 0.000558 9
1192 385 1247 416 0.000558 9
1052 110 1083 145 0.000558 9
222 168 231 176 0.000551 9
447 156 503 171 0.000548 9
382 149 393 161 0.000548 9
962 348 992 392 0.000548 9
223 177 246 193 0.000547 9
1198 370 1262 424 0.000546 9
238 177 256 216 0.000543 9
241 161 252 178 0.000542 9
613 151 638 181 0.000530 9
694 180 703 200 0.000529 9
932 328 961 386 0.000528 9
1077 151 1103 186 0.000524 9
847 249 857 312 0.000520 9
802 129 834 159 0.000520 9
848 175 870 216 0.000518 9
1119 339 1136 386 0.000518 9
1098 131 1111 168 0.000518 9
1008 132 1025 171 0.000515 9
694 121 709 177 0.000509 9
742 359 752 375 0.000508 9
1237 343 1264 417 0.000507 9
817 80 850 118 0.000506 9
1168 380 1184 423 0.000506 9
1136 344 1187 410 0.000506 9
1247 340 1262 359 0.000506 9
1013 130 1037 169 0.000505 9
973 346 993 391 0.000504 9
1198 384 1216 425 0.000496 9
1202 408 1215 423 0.000489 9
535 173 576 205 0.000489 9
1185 355 1211 392 0.000488 9
1091 172 1105 203 0.000488 9
340 166 352 199 0.000487 9
804 150 855 190 0.000486 9
999 360 1024 386 0.000486 9
312 140 352 193 0.000484 9
1232 391 1256 426 0.000482 9
354 165 378 191 0.000482 9
111 151 128 165 0.000481 9
1006 361 1024 389 0.000480 9
741 361 752 375 0.000478 9
663 168 687 209 0.000476 9
67 169 80 177 0.000476 9
432 172 445 193 0.000473 9
222 176 243 192 0.000471 9
813 164 859 208 0.000471 9
815 78 851 119 0.000468 9
691 120 706 154 0.000463 9
573 126 581 163 0.000463 9
977 679 1015 703 0.000460 9
935 346 954 377 0.000459 9
993 361 1014 384 0.000459 9
808 370 814 392 0.000458 9
255 114 263 128 0.000458 9
926 341 1006 392 0.000456 9
890 443 904 456 0.000454 9
989 357 1024 386 0.000453 9
214 161 225 176 0.000453 9
1134 331 1192 409 0.000449 9
1216 406 1224 425 0.000449 9
1193 385 1243 425 0.000447 9
309 103 400 196 0.000446 9
831 135 860 167 0.000442 9
575 127 581 161 0.000441 9
703 121 720 154 0.000440 9
693 120 716 181 0.000437 9
1119 343 1136 387 0.000433 9
905 71 930 120 0.000433 9
1221 363 1261 424 0.000432 9
1124 161 1147 185 0.000431 9
652 152 671 174 0.000428 9
1103 165 1149 204 0.000426 9
1088 145 1104 177 0.000424 9
925 344 980 390 0.000424 9
700 117 721 156 0.000422 9
828 81 849 117 0.000422 9
248 163 256 175 0.000420 9
859 97 871 119 0.000418 9
567 144 580 178 0.000418 9
1138 334 1191 402 0.000416 9
1101 125 1136 167 0.000416 9
927 87 944 119 0.000412 9
1006 173 1014 184 0.000412 9
1185 155 1217 193 0.000409 9
906 91 928 121 0.000407 9
663 298 682 348 0.000401 9
170 146 179 168 0.000401 9
988 355 1018 385 0.000396 9
683 167 704 204 0.000394 9
591 530 609 569 0.000394 9
1225 163 1262 181 0.000392 9
831 151 842 162 0.000392 9
67 170 80 201 0.000390 9
1078 150 1103 185 0.000389 9
1055 152 1064 167 0.000389 9
1098 123 1137 168 0.000388 9
307 88 343 195 0.000387 9
803 146 820 161 0.000385 9
445 158 492 219 0.000385 9
1100 161 1188 206 0.000382 9
703 167 711 179 0.000382 9
119 64 178 95 0.000379 9
1199 135 1207 179 0.000378 9
511 178 529 200 0.000377 9
856 111 871 136 0.000376 9
929 347 954 377 0.000372 9
1170 148 1185 163 0.000372 9
257 142 271 177 0.000372 9
910 339 924 386 0.000371 9
1215 368 1223 384 0.000367 9
836 89 849 114 0.000366 9
1167 374 1183 393 0.000365 9
239 183 256 216 0.000362 9
998 181 1008 193 0.000362 9
933 135 992 169 0.000361 9
410 176 419 189 0.000361 9
905 81 928 120 0.000358 9
696 152 707 173 0.000358 9
586 119 597 137 0.000357 9
927 77 944 117 0.000354 9
1186 373 1262 423 0.000354 9
1087 374 1104 404 0.000351 9
485 150 524 174 0.000350 9
480 151 524 179 0.000349 9
592 124 602 143 0.000349 9
240 184 256 214 0.000349 9
1148 349 1187 397 0.000349 9
781 128 834 157 0.000348 9
415 174 422 203 0.000348 9
959 336 982 382 0.000348 9
661 171 691 215 0.000347 9
569 137 581 176 0.000344 9
1150 341 1169 360 0.000343 9
333 160 355 199 0.000343 9
1142 371 1155 403 0.000340 9
991 130 1010 189 0.000339 9
847 149 876 182 0.000338 9
793 117 835 153 0.000337 9
432 171 446 195 0.000335 9
658 151 671 174 0.000335 9
1055 151 1064 166 0.000334 9
939 349 953 380 0.000333 9
638 168 657 203 0.000331 9
488 168 517 192 0.000328 9
1105 168 1129 204 0.000327 9
352 165 365 191 0.000327 9
1247 344 1264 381 0.000325 9
976 160 989 168 0.000324 9
700 151 711 177 0.000323 9
847 106 855 120 0.000323 9
927 80 944 118 0.000323 9
1248 347 1265 407 0.000322 9
1076 141 1103 181 0.000321 9
905 127 912 136 0.000321 9
835 86 849 114 0.000320 9
1182 164 1217 201 0.000320 9
595 120 606 143 0.000319 9
805 366 814 392 0.000317 9
1138 360 1172 409 0.000314 9
504 145 525 176 0.000313 9
1263 369 1279 415 0.000313 9
811 156 857 178 0.000311 9
69 173 80 200 0.000311 9
1189 364 1226 416 0.000310 9
905 96 927 121 0.000309 9
700 122 719 167 0.000307 9
448 152 491 171 0.000306 9
814 79 852 128 0.000305 9
959 135 981 161 0.000304 9
94 152 110 177 0.000304 9
1097 118 1136 170 0.000303 9
846 239 859 311 0.000303 9
1191 373 1226 413 0.000303 9
95 183 101 200 0.000301 9
312 95 332 166 0.000299 9
1038 148 1057 168 0.000299 9
755 108 844 154 0.000298 9
1228 338 1263 424 0.000298 9
867 120 882 136 0.000297 9
653 154 666 175 0.000294 9
815 359 832 377 0.000291 9
884 438 904 456 0.000291 9
1104 151 1138 171 0.000290 9
870 119 891 136 0.000290 9
576 286 594 329 0.000288 9
1107 141 1136 166 0.000288 9
1148 339 1189 383 0.000286 9
1150 344 1168 361 0.000286 9
483 162 524 188 0.000286 9
1020 121 1041 163 0.000284 9
1208 158 1228 186 0.000284 9
587 163 623 185 0.000284 9
909 339 925 387 0.000283 9
830 135 922 170 0.000283 9
580 64 596 92 0.000282 9
910 341 926 387 0.000281 9
315 89 333 159 0.000280 9
703 122 721 160 0.000280 9
782 115 835 139 0.000279 9
929 340 958 380 0.000279 9
576 278 596 335 0.000278 9
752 504 760 519 0.000277 9
639 166 658 187 0.000277 9
409 179 418 203 0.000276 9
860 162 911 209 0.000275 9
812 134 833 159 0.000275 9
575 275 603 331 0.000274 9
585 161 605 184 0.000271 9
1016 319 1025 344 0.000270 9
1138 371 1157 409 0.000269 9
432 170 446 195 0.000269 9
1147 155 1195 186 0.000269 9
1116 154 1178 186 0.000268 9
767 104 782 121 0.000268 9
1025 148 1039 161 0.000266 9
715 334 755 377 0.000265 9
801 143 812 161 0.000265 9
867 117 900 137 0.000265 9
836 119 856 135 0.000264 9
246 161 256 175 0.000264 9
217 178 262 207 0.000263 9
1043 155 1057 184 0.000263 9
1019 170 1032 185 0.000262 9
1198 136 1206 189 0.000262 9
976 160 990 169 0.000261 9
777 113 835 147 0.000261 9
928 354 941 377 0.000259 9
763 121 836 155 0.000258 9
567 134 581 165 0.000258 9
788 113 833 137 0.000256 9
513 149 545 183 0.000255 9
977 356 1015 394 0.000254 9
1221 350 1280 416 0.000249 9
662 319 678 355 0.000248 9
260 179 273 199 0.000247 9
868 116 911 138 0.000246 9
637 165 657 210 0.000245 9
822 84 852 120 0.000244 9
1141 350 1185 410 0.000242 9
260 172 271 194 0.000242 9
689 118 704 160 0.000241 9
1213 161 1247 182 0.000240 9
1018 160 1031 183 0.000240 9
574 123 581 159 0.000239 9
1263 371 1279 424 0.000239 9
837 139 889 170 0.000238 9
867 105 909 138 0.000238 9
945 327 961 376 0.000238 9
1255 627 1264 648 0.000238 9
1084 141 1134 178 0.000237 9
1168 373 1194 393 0.000237 9
691 118 717 152 0.000236 9
1080 401 1088 411 0.000236 9
1175 341 1265 419 0.000236 9
647 151 671 175 0.000235 9
927 148 949 169 0.000235 9
750 363 759 375 0.000234 9
635 152 668 179 0.000234 9
1150 343 1199 394 0.000234 9
1200 355 1265 423 0.000233 9
780 113 832 137 0.000233 9
223 101 232 113 0.000233 9
71 178 79 199 0.000232 9
631 472 639 480 0.000232 9
1108 156 1118 168 0.000230 9
405 181 417 205 0.000228 9
1017 129 1040 163 0.000228 9
818 454 832 471 0.000226 9
934 334 996 387 0.000226 9
689 119 704 169 0.000226 9
1096 128 1107 154 0.000225 9
854 89 910 138 0.000225 9
856 104 870 120 0.000225 9
1140 382 1154 408 0.000224 9
444 158 481 212 0.000224 9
751 496 760 519 0.000224 9
1047 342 1056 360 0.000223 9
160 65 192 94 0.000222 9
580 64 598 93 0.000222 9
1150 150 1196 185 0.000222 9
1108 136 1136 163 0.000221 9
999 358 1024 387 0.000220 9
1187 148 1205 187 0.000218 9
926 346 947 380 0.000218 9
1015 338 1024 351 0.000217 9
989 125 999 164 0.000217 9
1162 343 1197 403 0.000216 9
214 175 236 198 0.000216 9
1137 370 1189 412 0.000215 9
444 146 529 176 0.000214 9
253 95 267 128 0.000214 9
598 529 609 567 0.000214 9
930 392 944 408 0.000212 9
1080 404 1088 413 0.000212 9
981 674 1012 703 0.000211 9
929 349 953 382 0.000211 9
664 305 690 357 0.000211 9
577 275 603 335 0.000210 9
969 119 986 132 0.000209 9
1139 339 1188 384 0.000209 9
1140 337 1265 420 0.000209 9
856 91 895 136 0.000208 9
828 135 928 174 0.000208 9
852 117 875 137 0.000208 9
374 150 383 164 0.000207 9
1049 114 1074 150 0.000207 9
1199 135 1208 154 0.000207 9
258 132 269 160 0.000206 9
465 170 488 204 0.000206 9
978 345 1008 387 0.000206 9
819 359 832 376 0.000205 9
689 119 706 175 0.000205 9
1145 342 1207 388 0.000205 9
1022 120 1041 162 0.000203 9
1029 330 1042 359 0.000202 9
933 169 960 185 0.000201 9
849 165 874 217 0.000201 9
360 155 383 189 0.000198 9
1163 149 1198 185 0.000197 9
209 182 229 203 0.000196 9
808 129 835 160 0.000196 9
1175 344 1200 385 0.000195 9
544 160 571 172 0.000195 9
817 376 832 396 0.000195 9
170 144 179 162 0.000195 9
793 362 812 392 0.000195 9
1144 141 1191 186 0.000194 9
1073 122 1137 206 0.000193 9
1120 325 1136 376 0.000191 9
376 162 408 184 0.000191 9
895 378 904 395 0.000190 9
252 177 268 197 0.000189 9
667 167 686 188 0.000188 9
1109 141 1136 165 0.000187 9
1135 157 1201 217 0.000187 9
1138 372 1182 409 0.000186 9
513 145 525 178 0.000186 9
680 153 689 184 0.000186 9
159 65 179 94 0.000185 9
933 134 959 152 0.000185 9
855 96 871 119 0.000185 9
662 310 687 363 0.000184 9
304 90 342 199 0.000184 9
1144 323 1170 360 0.000184 9
1026 361 1057 391 0.000183 9
1041 116 1109 198 0.000182 9
576 280 594 330 0.000182 9
1044 336 1056 359 0.000181 9
782 113 829 136 0.000180 9
1198 131 1230 198 0.000180 9
170 64 240 91 0.000180 9
955 158 988 187 0.000179 9
680 127 691 161 0.000178 9
1204 126 1232 174 0.000177 9
1263 405 1275 423 0.000176 9
256 161 268 181 0.000175 9
595 64 625 92 0.000175 9
866 113 916 140 0.000173 9
584 118 600 162 0.000172 9
734 359 750 376 0.000172 9
767 99 785 153 0.000171 9
1134 341 1182 403 0.000171 9
924 155 991 186 0.000171 9
309 94 330 163 0.000170 9
1075 129 1108 178 0.000170 9
816 344 827 362 0.000170 9
962 127 1029 175 0.000170 9
831 371 846 392 0.000169 9
1108 149 1133 166 0.000169 9
651 170 669 202 0.000168 9
686 118 709 179 0.000168 9
742 349 760 375 0.000167 9
814 351 832 399 0.000167 9
46 320 57 337 0.000167 9
959 335 977 345 0.000166 9
631 471 640 487 0.000165 9
960 127 1032 169 0.000165 9
1133 132 1206 181 0.000165 9
1183 382 1222 425 0.000164 9
1040 116 1135 183 0.000164 9
811 127 834 139 0.000164 9
909 341 924 388 0.000163 9
814 358 833 377 0.000163 9
1247 327 1264 367 0.000162 9
587 168 613 186 0.000162 9
988 343 1009 387 0.000162 9
807 129 834 140 0.000162 9
1088 147 1128 184 0.000161 9
350 146 380 190 0.000161 9
959 159 989 186 0.000161 9
1039 169 1052 184 0.000159 9
813 165 857 195 0.000159 9
964 120 987 135 0.000159 9
896 142 935 182 0.000159 9
1168 140 1186 165 0.000158 9
767 100 782 120 0.000158 9
473 170 506 196 0.000158 9
698 172 711 188 0.000158 9
309 102 328 162 0.000157 9
1249 365 1279 414 0.000156 9
800 587 808 615 0.000156 9
680 144 690 163 0.000155 9
874 559 880 570 0.000155 9
1053 139 1104 193 0.000155 9
1071 164 1096 202 0.000155 9
310 106 331 173 0.000155 9
805 366 814 389 0.000155 9
909 340 932 389 0.000152 9
993 359 1023 397 0.000151 9
1212 152 1223 163 0.000151 9
1208 127 1233 170 0.000151 9
831 117 841 131 0.000150 9
1071 144 1100 200 0.000150 9
1135 133 1210 179 0.000150 9
926 150 959 179 0.000150 9
315 98 363 165 0.000150 9
1014 130 1025 154 0.000150 9
119 64 166 94 0.000149 9
573 663 593 698 0.000148 9
111 132 128 164 0.000148 9
652 127 660 144 0.000147 9
815 348 832 376 0.000146 9
846 103 855 119 0.000146 9
667 278 705 358 0.000145 9
831 367 847 392 0.000145 9
1154 146 1194 179 0.000145 9
635 151 670 175 0.000145 9
1199 130 1229 184 0.000145 9
544 160 573 174 0.000144 9
351 158 365 192 0.000144 9
1028 359 1039 375 0.000144 9
311 100 331 166 0.000143 9
1153 157 1201 187 0.000142 9
666 295 691 352 0.000142 9
889 113 908 137 0.000142 9
229 164 245 178 0.000141 9
1152 97 1205 137 0.000141 9
432 170 447 192 0.000140 9
415 171 446 202 0.000140 9
432 171 446 196 0.000140 9
1221 357 1280 432 0.000140 9
377 165 405 185 0.000139 9
111 140 128 165 0.000139 9
311 104 327 164 0.000135 9
1043 114 1137 177 0.000135 9
797 114 834 136 0.000135 9
44 317 58 337 0.000134 9
721 340 739 367 0.000134 9
588 157 632 185 0.000134 9
1025 360 1054 388 0.000134 9
1015 173 1030 186 0.000134 9
1017 153 1062 185 0.000134 9
927 351 945 385 0.000133 9
1141 380 1185 412 0.000133 9
1156 96 1205 136 0.000133 9
583 550 592 571 0.000132 9
918 339 1023 392 0.000132 9
662 299 694 370 0.000132 9
228 130 241 145 0.000131 9
1049 110 1084 148 0.000130 9
1017 118 1042 167 0.000130 9
656 302 691 377 0.000130 9
688 147 708 182 0.000130 9
828 135 943 175 0.000130 9
813 78 851 120 0.000130 9
399 184 408 203 0.000130 9
766 343 784 360 0.000130 9
576 280 595 338 0.000129 9
381 149 403 161 0.000128 9
1016 148 1052 170 0.000128 9
1255 631 1264 648 0.000127 9
830 135 861 165 0.000127 9
374 163 409 185 0.000127 9
637 151 663 172 0.000126 9
208 116 304 222 0.000126 9
815 373 832 398 0.000126 9
351 153 411 197 0.000125 9
595 279 608 329 0.000125 9
808 149 858 178 0.000125 9
684 307 699 340 0.000125 9
1174 120 1186 136 0.000124 9
584 120 601 173 0.000124 9
653 128 660 143 0.000124 9
1030 363 1057 397 0.000122 9
66 169 81 178 0.000122 9
858 93 876 119 0.000121 9
1205 127 1234 185 0.000121 9
985 561 1000 576 0.000120 9
983 557 999 576 0.000120 9
1038 127 1065 166 0.000119 9
372 165 402 186 0.000119 9
809 78 853 121 0.000119 9
816 116 836 133 0.000119 9
954 338 994 388 0.000119 9
159 374 173 394 0.000118 9
160 64 203 100 0.000118 9
926 150 968 169 0.000118 9
400 184 409 202 0.000118 9
1145 343 1207 377 0.000118 9
482 144 581 204 0.000117 9
588 116 606 144 0.000117 9
484 144 524 173 0.000117 9
983 558 999 577 0.000116 9
1050 109 1075 139 0.000115 9
159 64 200 95 0.000115 9
208 67 233 86 0.000115 9
768 101 782 121 0.000115 9
209 124 270 223 0.000114 9
462 118 469 131 0.000114 9
607 600 624 631 0.000114 9
816 375 832 406 0.000113 9
576 281 596 345 0.000112 9
1135 380 1150 408 0.000112 9
977 169 992 185 0.000112 9
580 64 598 95 0.000112 9
983 665 993 681 0.000112 9
1164 343 1216 389 0.000111 9
831 374 840 393 0.000111 9
170 146 179 169 0.000111 9
696 328 703 338 0.000111 9
726 147 736 159 0.000110 9
869 392 879 408 0.000110 9
314 65 335 166 0.000109 9
998 103 1023 121 0.000109 9
1230 98 1255 162 0.000108 9
846 439 873 455 0.000108 9
214 161 236 177 0.000108 9
719 519 728 531 0.000107 9
680 121 691 162 0.000107 9
711 595 720 615 0.000107 9
799 576 808 613 0.000107 9
664 276 702 356 0.000106 9
1135 136 1186 180 0.000106 9
943 122 958 139 0.000106 9
210 161 221 177 0.000106 9
170 142 181 169 0.000106 9
256 86 262 97 0.000105 9
213 155 266 208 0.000105 9
580 64 624 94 0.000105 9
1021 359 1048 389 0.000105 9
664 293 696 375 0.000105 9
994 342 1008 359 0.000105 9
313 144 343 180 0.000104 9
1186 356 1223 413 0.000103 9
863 93 908 137 0.000103 9
511 154 566 183 0.000102 9
1037 375 1051 408 0.000102 9
1077 328 1138 391 0.000102 9
812 352 832 399 0.000101 9
550 623 560 669 0.000100 9
1181 192 1198 216 0.005175 11
1050 110 1083 146 0.005053 11
1181 190 1200 216 0.003034 11
1180 164 1202 216 0.002895 11
516 190 527 201 0.002107 11
1182 202 1195 216 0.001664 11
1055 114 1068 141 0.001430 11
1052 112 1082 146 0.001017 11
1182 191 1200 217 0.000805 11
