1147 194 1171 246 0.785996 0
883 198 932 304 0.737439 0
747 190 776 268 0.688664 0
480 190 502 259 0.663310 0
620 191 644 248 0.659737 0
972 191 999 260 0.552535 0
238 206 251 239 0.480055 0
1049 190 1072 261 0.467009 0
1048 189 1073 263 0.426645 0
971 193 998 262 0.385176 0
969 190 1000 260 0.361516 0
1048 189 1077 262 0.324373 0
973 196 999 263 0.281760 0
750 191 776 266 0.229615 0
1047 190 1067 263 0.208336 0
238 205 252 239 0.197723 0
1044 190 1068 266 0.168308 0
1049 190 1068 260 0.138404 0
786 198 794 215 0.126033 0
238 204 253 240 0.115690 0
973 193 999 257 0.106893 0
747 190 771 266 0.071724 0
238 201 252 238 0.069285 0
965 190 1000 263 0.065001 0
752 193 778 266 0.062901 0
789 328 810 344 0.062870 0
464 197 480 269 0.061858 0
1048 190 1066 257 0.053723 0
975 197 1000 259 0.047313 0
618 193 653 246 0.043169 0
480 195 501 254 0.041168 0
239 205 253 237 0.034347 0
465 199 479 254 0.033791 0
786 197 795 232 0.029474 0
845 202 860 241 0.029071 0
622 196 645 244 0.028219 0
619 205 643 247 0.027583 0
786 197 797 215 0.025687 0
754 192 777 266 0.025551 0
465 198 480 255 0.025454 0
464 199 478 259 0.025178 0
638 199 653 216 0.024956 0
718 210 728 233 0.024271 0
1160 196 1171 223 0.023551 0
964 200 998 263 0.022992 0
935 203 944 216 0.022890 0
223 183 232 199 0.022879 0
746 191 765 270 0.022537 0
843 202 856 242 0.022294 0
464 199 479 250 0.021570 0
1048 189 1084 263 0.021552 0
789 323 810 343 0.021304 0
466 198 480 250 0.020775 0
845 201 856 240 0.020094 0
237 204 252 241 0.019907 0
716 211 728 234 0.019511 0
845 200 862 242 0.018902 0
787 196 796 235 0.018354 0
463 197 479 270 0.018264 0
845 200 857 235 0.017502 0
789 326 811 344 0.015850 0
1148 194 1171 236 0.015838 0
786 197 795 235 0.015765 0
973 198 998 255 0.015061 0
609 192 644 249 0.014365 0
691 206 704 238 0.014145 0
841 202 856 240 0.013892 0
845 205 865 242 0.013554 0
844 200 865 241 0.013073 0
786 197 798 233 0.012418 0
790 326 816 394 0.012253 0
788 326 815 393 0.012080 0
976 210 1000 261 0.012055 0
1159 305 1168 322 0.011870 0
1014 205 1026 223 0.011529 0
238 196 254 239 0.011465 0
692 207 704 237 0.011387 0
786 197 797 216 0.011317 0
785 194 795 214 0.010826 0
558 184 566 194 0.010638 0
749 197 769 261 0.010511 0
1113 194 1120 203 0.010369 0
932 201 947 216 0.010201 0
789 328 811 344 0.010030 0
1049 192 1066 234 0.009938 0
213 186 224 229 0.009929 0
472 197 480 217 0.009711 0
213 190 225 229 0.009397 0
690 205 704 238 0.008874 0
692 206 704 235 0.008847 0
898 211 933 276 0.007898 0
199 211 208 226 0.007892 0
1010 207 1025 228 0.007767 0
1271 199 1279 237 0.007560 0
518 192 527 208 0.007521 0
464 199 478 252 0.007492 0
786 324 814 392 0.007448 0
234 205 252 239 0.007255 0
784 196 795 237 0.007218 0
670 207 680 230 0.007175 0
845 198 865 239 0.006703 0
199 210 208 225 0.006679 0
879 211 914 300 0.006653 0
319 204 331 231 0.006470 0
1074 329 1088 341 0.006417 0
670 207 678 230 0.006403 0
842 199 857 240 0.006339 0
797 321 816 393 0.006328 0
786 319 810 344 0.006295 0
1270 198 1279 241 0.006214 0
786 317 810 344 0.006116 0
1112 194 1121 207 0.006057 0
972 190 997 220 0.006033 0
1159 304 1168 322 0.006006 0
607 192 628 215 0.005963 0
738 201 744 213 0.005923 0
247 196 256 215 0.005889 0
213 191 225 232 0.005849 0
781 197 796 238 0.005732 0
693 204 707 235 0.005612 0
689 201 704 237 0.005539 0
790 328 815 344 0.005493 0
671 207 679 230 0.005455 0
471 199 479 217 0.005366 0
783 326 811 344 0.005107 0
463 197 480 271 0.005065 0
1037 195 1047 229 0.005013 0
1049 190 1067 229 0.004912 0
1037 194 1051 231 0.004887 0
705 216 727 234 0.004856 0
1049 178 1077 261 0.004855 0
216 185 224 202 0.004760 0
681 199 692 218 0.004713 0
1272 199 1279 241 0.004688 0
616 210 642 250 0.004643 0
512 189 531 236 0.004627 0
1214 195 1225 231 0.004611 0
1035 191 1071 263 0.004587 0
626 197 652 230 0.004483 0
1047 203 1081 264 0.004427 0
501 184 535 250 0.004372 0
796 326 816 392 0.004329 0
1049 192 1077 256 0.004257 0
506 196 518 210 0.004234 0
513 187 533 247 0.004226 0
1272 199 1279 253 0.004126 0
649 193 655 215 0.004058 0
620 192 630 207 0.004052 0
224 183 232 201 0.004039 0
514 191 523 202 0.003949 0
785 193 798 214 0.003868 0
978 190 997 219 0.003739 0
1049 192 1065 226 0.003645 0
837 221 853 241 0.003618 0
1087 187 1095 209 0.003579 0
898 212 932 263 0.003555 0
929 201 945 248 0.003537 0
1072 329 1088 342 0.003488 0
511 193 534 247 0.003468 0
980 191 999 220 0.003389 0
626 191 643 216 0.003275 0
679 450 688 464 0.003265 0
788 325 814 389 0.003258 0
1213 196 1226 232 0.003257 0
932 202 945 246 0.003243 0
463 199 471 216 0.003222 0
1088 187 1095 204 0.003213 0
213 183 226 229 0.003195 0
793 328 817 344 0.003161 0
479 191 496 219 0.003153 0
747 214 766 268 0.003136 0
747 190 785 274 0.003130 0
644 689 672 703 0.003120 0
493 190 506 216 0.003115 0
497 188 517 214 0.003049 0
1270 196 1279 265 0.003027 0
788 327 816 384 0.003017 0
663 294 675 327 0.002989 0
481 190 500 218 0.002927 0
1199 214 1209 224 0.002874 0
509 191 534 249 0.002872 0
750 429 768 472 0.002860 0
485 208 500 259 0.002808 0
880 210 927 301 0.002692 0
841 219 854 241 0.002689 0
1181 165 1202 217 0.002688 0
454 199 479 262 0.002669 0
1053 190 1066 220 0.002622 0
1036 195 1048 230 0.002590 0
557 184 571 201 0.002581 0
1190 212 1209 229 0.002567 0
998 696 1008 703 0.002565 0
738 202 744 214 0.002554 0
198 210 208 227 0.002531 0
887 690 896 703 0.002507 0
454 201 478 249 0.002468 0
515 191 532 236 0.002452 0
541 191 551 214 0.002450 0
471 192 480 213 0.002441 0
789 328 813 383 0.002355 0
3 64 220 207 0.002339 0
213 182 232 232 0.002334 0
559 180 579 216 0.002325 0
1077 215 1096 256 0.002268 0
1034 196 1046 228 0.002243 0
1216 195 1225 213 0.002231 0
1055 182 1066 202 0.002211 0
1073 214 1095 256 0.002188 0
728 188 736 218 0.002161 0
903 214 933 291 0.002132 0
927 200 945 234 0.002112 0
1087 184 1097 203 0.002085 0
663 293 685 348 0.002071 0
890 209 932 249 0.002001 0
664 327 674 348 0.001973 0
1035 187 1050 229 0.001949 0
513 200 536 248 0.001939 0
864 334 887 344 0.001937 0
664 312 682 349 0.001908 0
896 326 904 343 0.001891 0
1231 167 1246 181 0.001886 0
574 180 581 202 0.001855 0
1070 329 1088 342 0.001839 0
842 431 896 594 0.001838 0
813 209 824 234 0.001833 0
751 462 767 472 0.001826 0
969 198 988 223 0.001806 0
850 430 897 598 0.001738 0
785 320 816 392 0.001709 0
679 448 688 463 0.001705 0
617 198 644 216 0.001695 0
836 430 897 604 0.001683 0
1235 196 1256 233 0.001679 0
752 226 777 267 0.001678 0
1 64 161 211 0.001666 0
1212 205 1228 233 0.001656 0
505 194 528 242 0.001652 0
703 213 728 236 0.001625 0
748 232 763 268 0.001616 0
559 181 579 202 0.001585 0
567 202 576 216 0.001582 0
0 64 36 213 0.001565 0
832 428 897 660 0.001558 0
588 169 597 188 0.001554 0
13 64 252 208 0.001548 0
634 198 659 219 0.001548 0
799 357 816 393 0.001541 0
248 194 256 207 0.001515 0
1213 167 1225 208 0.001496 0
1195 202 1210 223 0.001485 0
664 480 672 488 0.001459 0
844 426 906 604 0.001452 0
1211 167 1232 232 0.001442 0
671 321 680 347 0.001406 0
1055 182 1073 211 0.001405 0
984 696 1009 703 0.001401 0
220 183 232 217 0.001376 0
750 190 761 209 0.001365 0
17 64 344 210 0.001357 0
1008 202 1033 230 0.001336 0
877 199 899 239 0.001335 0
1157 305 1168 325 0.001304 0
1225 165 1234 182 0.001298 0
750 184 764 206 0.001273 0
751 462 768 472 0.001271 0
850 207 874 238 0.001255 0
495 198 532 251 0.001226 0
847 680 873 703 0.001223 0
322 64 495 214 0.001217 0
1030 196 1047 229 0.001206 0
803 210 829 239 0.001200 0
799 351 816 392 0.001198 0
415 251 420 270 0.001196 0
750 426 769 472 0.001190 0
376 186 385 201 0.001189 0
212 182 233 235 0.001187 0
1054 185 1074 221 0.001163 0
928 200 945 253 0.001158 0
956 662 1020 703 0.001152 0
1208 168 1223 201 0.001125 0
668 308 688 377 0.001098 0
1146 195 1169 245 0.001087 0
1010 192 1071 261 0.001085 0
210 195 223 227 0.001084 0
1188 213 1212 232 0.001077 0
1080 215 1096 242 0.001071 0
770 312 811 343 0.001071 0
208 199 223 227 0.001063 0
1023 273 1041 335 0.001058 0
0 65 32 228 0.001052 0
1216 199 1231 232 0.001050 0
787 198 804 239 0.001037 0
670 316 680 346 0.001036 0
199 210 209 232 0.001034 0
663 461 672 488 0.001031 0
847 678 872 703 0.001027 0
1205 165 1218 191 0.001002 0
666 206 676 226 0.001000 0
789 328 812 362 0.000997 0
741 185 813 269 0.000987 0
670 314 688 376 0.000981 0
830 432 903 694 0.000977 0
1087 185 1104 203 0.000950 0
453 197 480 273 0.000945 0
782 327 825 468 0.000942 0
1212 191 1268 266 0.000926 0
1228 187 1258 233 0.000925 0
456 202 467 216 0.000923 0
1087 185 1103 209 0.000921 0
896 327 904 343 0.000918 0
885 199 924 246 0.000916 0
773 201 794 235 0.000914 0
1148 194 1171 221 0.000913 0
662 321 677 351 0.000908 0
883 200 911 242 0.000906 0
921 200 945 249 0.000905 0
886 203 897 237 0.000904 0
271 188 278 203 0.000894 0
903 217 932 244 0.000891 0
1184 203 1202 218 0.000886 0
21 64 289 206 0.000881 0
266 195 276 214 0.000879 0
1078 191 1099 232 0.000877 0
864 327 886 343 0.000868 0
1176 213 1198 247 0.000853 0
860 207 874 237 0.000852 0
0 399 32 459 0.000851 0
1259 199 1279 266 0.000841 0
1209 167 1232 229 0.000841 0
830 326 848 384 0.000830 0
652 197 661 216 0.000825 0
692 184 702 210 0.000824 0
803 440 816 455 0.000823 0
266 196 277 221 0.000816 0
888 241 915 344 0.000814 0
527 559 536 567 0.000810 0
750 462 769 473 0.000807 0
772 205 793 223 0.000803 0
664 456 672 485 0.000796 0
1205 191 1225 217 0.000788 0
430 217 439 228 0.000786 0
1084 189 1104 234 0.000785 0
969 188 997 224 0.000785 0
367 207 374 230 0.000783 0
669 315 681 354 0.000777 0
1248 198 1265 260 0.000760 0
697 329 704 338 0.000755 0
847 683 873 703 0.000742 0
1250 213 1269 234 0.000740 0
745 188 762 223 0.000740 0
1023 314 1040 334 0.000739 0
958 190 1091 264 0.000738 0
770 311 804 343 0.000738 0
440 209 447 219 0.000737 0
1230 195 1259 234 0.000729 0
488 180 542 256 0.000729 0
756 316 767 341 0.000725 0
767 314 775 331 0.000724 0
1216 203 1231 233 0.000722 0
239 252 257 295 0.000716 0
783 323 816 393 0.000714 0
912 332 927 346 0.000707 0
861 210 874 238 0.000705 0
954 672 1008 703 0.000703 0
794 473 800 487 0.000689 0
954 666 1016 703 0.000688 0
1263 191 1279 269 0.000685 0
1249 202 1276 260 0.000675 0
516 196 544 248 0.000673 0
847 680 875 703 0.000667 0
767 315 776 341 0.000661 0
679 452 688 471 0.000659 0
712 199 739 234 0.000657 0
1248 208 1272 255 0.000655 0
803 205 825 238 0.000649 0
837 434 927 614 0.000645 0
497 191 520 250 0.000645 0
776 197 794 214 0.000642 0
1228 195 1257 234 0.000639 0
953 273 960 287 0.000638 0
1086 184 1105 210 0.000636 0
877 185 952 306 0.000636 0
755 190 772 207 0.000634 0
1230 196 1256 234 0.000634 0
772 312 797 342 0.000630 0
894 253 913 312 0.000628 0
455 185 508 313 0.000626 0
1185 210 1242 265 0.000626 0
1232 194 1260 238 0.000623 0
196 200 210 225 0.000619 0
1246 198 1256 233 0.000618 0
1089 154 1105 204 0.000611 0
607 447 624 465 0.000610 0
1104 169 1121 203 0.000608 0
1151 194 1173 218 0.000605 0
856 207 879 245 0.000604 0
406 251 413 271 0.000602 0
907 336 922 344 0.000602 0
237 206 258 246 0.000601 0
877 154 894 175 0.000600 0
1024 190 1071 258 0.000595 0
1179 215 1192 248 0.000594 0
831 337 848 384 0.000592 0
712 191 774 270 0.000591 0
845 203 862 246 0.000590 0
777 328 814 388 0.000590 0
670 305 691 376 0.000589 0
746 217 763 272 0.000584 0
367 207 378 221 0.000580 0
267 195 279 216 0.000578 0
657 313 676 378 0.000576 0
799 342 815 390 0.000575 0
211 195 226 242 0.000574 0
956 671 993 702 0.000572 0
918 201 945 250 0.000572 0
669 294 689 376 0.000570 0
608 447 624 462 0.000568 0
527 373 536 392 0.000565 0
892 246 914 342 0.000564 0
666 206 678 230 0.000563 0
893 242 918 343 0.000563 0
1026 200 1041 229 0.000554 0
233 207 250 238 0.000553 0
558 178 582 215 0.000552 0
720 447 726 456 0.000545 0
849 203 868 269 0.000541 0
918 340 927 350 0.000539 0
1249 210 1264 236 0.000538 0
0 64 24 204 0.000536 0
1246 198 1264 236 0.000535 0
479 186 527 259 0.000528 0
767 326 816 360 0.000525 0
428 222 439 238 0.000524 0
830 440 920 701 0.000518 0
1202 195 1224 229 0.000518 0
671 423 688 440 0.000517 0
842 427 927 604 0.000514 0
637 687 672 703 0.000511 0
693 309 705 338 0.000510 0
830 441 1098 703 0.000507 0
766 337 833 471 0.000505 0
972 167 1002 261 0.000503 0
680 194 693 215 0.000503 0
760 186 774 207 0.000503 0
11 64 359 224 0.000501 0
956 664 1011 703 0.000498 0
673 346 688 375 0.000497 0
887 199 911 230 0.000497 0
476 183 548 262 0.000497 0
1146 193 1166 217 0.000494 0
665 189 672 217 0.000494 0
1030 191 1052 229 0.000493 0
957 681 1009 703 0.000490 0
0 64 31 182 0.000488 0
1250 216 1264 234 0.000488 0
773 329 784 347 0.000487 0
928 200 962 254 0.000486 0
1084 696 1103 703 0.000482 0
606 194 640 247 0.000481 0
675 450 687 464 0.000481 0
707 204 743 234 0.000476 0
767 324 784 354 0.000473 0
756 308 769 336 0.000470 0
1026 680 1085 703 0.000467 0
798 189 812 233 0.000464 0
759 304 816 352 0.000461 0
671 290 681 302 0.000458 0
800 440 814 455 0.000457 0
954 693 1005 703 0.000456 0
753 183 777 208 0.000453 0
755 226 783 266 0.000452 0
1031 275 1067 336 0.000451 0
688 316 705 361 0.000449 0
690 322 704 349 0.000447 0
354 211 369 272 0.000446 0
956 660 1024 703 0.000446 0
956 693 1012 703 0.000445 0
332 186 342 199 0.000445 0
1216 213 1234 233 0.000442 0
1191 191 1213 220 0.000442 0
711 337 721 359 0.000442 0
823 464 832 472 0.000441 0
1146 195 1163 234 0.000441 0
233 207 249 235 0.000437 0
759 183 776 206 0.000436 0
1248 197 1268 262 0.000436 0
666 301 689 373 0.000435 0
854 477 896 553 0.000435 0
848 688 875 703 0.000435 0
175 696 185 703 0.000432 0
199 255 208 276 0.000429 0
831 351 847 387 0.000427 0
494 188 543 252 0.000426 0
64 64 129 194 0.000424 0
1079 190 1092 203 0.000423 0
377 66 457 225 0.000422 0
770 311 809 342 0.000418 0
369 71 496 229 0.000418 0
308 64 497 212 0.000417 0
1207 166 1231 214 0.000417 0
407 252 413 271 0.000414 0
843 203 867 289 0.000414 0
681 192 700 215 0.000412 0
0 139 30 316 0.000408 0
317 64 415 218 0.000406 0
664 303 688 349 0.000405 0
597 358 608 376 0.000404 0
0 65 33 360 0.000404 0
1263 70 1279 171 0.000404 0
347 64 494 353 0.000403 0
927 271 945 344 0.000403 0
792 198 811 236 0.000400 0
231 193 252 237 0.000399 0
893 248 920 341 0.000395 0
831 341 847 384 0.000387 0
956 153 1002 263 0.000387 0
366 66 497 220 0.000382 0
1090 209 1110 244 0.000382 0
370 75 495 255 0.000382 0
0 64 58 209 0.000381 0
0 154 7 202 0.000379 0
1071 696 1102 703 0.000378 0
943 277 960 342 0.000376 0
876 236 927 344 0.000375 0
748 218 779 286 0.000375 0
36 64 134 207 0.000370 0
846 196 875 290 0.000370 0
830 440 935 700 0.000367 0
574 343 609 441 0.000366 0
890 199 939 247 0.000365 0
653 191 661 216 0.000365 0
853 227 874 292 0.000363 0
659 333 672 377 0.000363 0
928 304 944 344 0.000363 0
770 295 823 344 0.000362 0
762 308 776 338 0.000362 0
0 165 6 202 0.000361 0
1056 176 1068 201 0.000355 0
269 190 327 383 0.000354 0
909 273 928 345 0.000351 0
0 137 27 285 0.000349 0
765 372 831 471 0.000347 0
771 311 795 341 0.000346 0
44 64 129 201 0.000344 0
431 519 440 537 0.000344 0
746 231 762 272 0.000343 0
255 64 362 194 0.000342 0
1023 270 1042 335 0.000341 0
912 212 933 245 0.000341 0
199 199 226 247 0.000340 0
1264 168 1279 245 0.000340 0
765 247 788 313 0.000338 0
845 418 927 599 0.000336 0
231 204 258 269 0.000335 0
193 200 208 227 0.000332 0
255 696 271 703 0.000332 0
0 64 18 215 0.000331 0
656 553 664 568 0.000331 0
481 191 501 259 0.000330 0
943 273 960 326 0.000328 0
671 399 688 440 0.000328 0
441 172 489 297 0.000327 0
807 262 817 303 0.000326 0
934 269 960 344 0.000326 0
804 441 816 455 0.000325 0
913 201 939 244 0.000321 0
834 180 933 290 0.000320 0
803 185 819 212 0.000319 0
680 301 707 370 0.000317 0
663 297 691 349 0.000316 0
757 323 767 343 0.000314 0
760 340 832 471 0.000314 0
678 163 695 213 0.000314 0
990 227 1009 303 0.000314 0
1023 319 1039 334 0.000314 0
895 326 923 344 0.000313 0
175 186 184 205 0.000312 0
50 64 133 199 0.000310 0
879 199 912 238 0.000306 0
309 64 496 364 0.000306 0
840 536 880 620 0.000305 0
743 360 752 374 0.000304 0
1262 141 1279 182 0.000304 0
574 352 609 438 0.000304 0
1196 205 1262 267 0.000303 0
215 191 242 234 0.000303 0
802 193 851 240 0.000303 0
687 319 704 368 0.000302 0
0 138 30 335 0.000301 0
637 184 646 200 0.000300 0
514 64 741 234 0.000300 0
945 329 960 343 0.000299 0
953 695 992 703 0.000297 0
67 64 128 169 0.000296 0
580 364 611 437 0.000295 0
1 398 35 459 0.000292 0
958 660 1019 702 0.000292 0
783 333 816 394 0.000290 0
799 357 816 403 0.000290 0
892 401 914 484 0.000290 0
431 519 440 550 0.000287 0
805 184 815 196 0.000287 0
266 64 369 202 0.000287 0
0 66 20 229 0.000287 0
274 235 291 292 0.000285 0
375 186 388 211 0.000285 0
1112 186 1129 206 0.000280 0
938 202 969 256 0.000280 0
895 408 912 477 0.000280 0
318 64 417 204 0.000279 0
1027 679 1099 703 0.000279 0
723 189 752 219 0.000279 0
955 670 996 702 0.000279 0
763 332 817 373 0.000279 0
318 64 441 217 0.000278 0
774 216 788 235 0.000278 0
909 319 928 344 0.000277 0
910 336 925 350 0.000276 0
644 199 665 219 0.000276 0
734 694 754 703 0.000275 0
286 64 496 221 0.000275 0
1024 678 1093 703 0.000273 0
159 64 262 221 0.000273 0
351 64 456 218 0.000272 0
751 461 794 479 0.000272 0
397 64 719 229 0.000271 0
735 694 760 703 0.000271 0
265 212 278 232 0.000270 0
1000 199 1009 226 0.000270 0
576 292 593 323 0.000270 0
1187 182 1218 219 0.000269 0
854 218 869 282 0.000268 0
943 305 960 344 0.000266 0
663 288 682 315 0.000266 0
686 309 698 333 0.000265 0
255 64 335 187 0.000264 0
1120 64 1154 76 0.000264 0
491 64 708 220 0.000264 0
526 198 545 248 0.000262 0
905 264 948 347 0.000261 0
193 66 367 234 0.000261 0
436 64 733 230 0.000260 0
832 363 845 385 0.000257 0
802 184 840 238 0.000257 0
56 64 340 213 0.000256 0
324 64 694 218 0.000255 0
0 64 40 183 0.000254 0
357 65 447 229 0.000254 0
369 67 483 240 0.000253 0
758 195 807 281 0.000252 0
1051 680 1102 703 0.000252 0
576 359 623 438 0.000252 0
321 64 369 170 0.000250 0
905 329 926 347 0.000250 0
527 559 537 569 0.000249 0
439 183 557 334 0.000249 0
631 424 640 449 0.000248 0
786 466 800 487 0.000248 0
846 180 867 225 0.000247 0
1026 676 1097 703 0.000247 0
630 365 643 391 0.000246 0
846 680 874 703 0.000244 0
829 431 897 634 0.000243 0
801 184 814 222 0.000243 0
1057 687 1100 703 0.000243 0
702 454 716 468 0.000239 0
489 64 747 224 0.000239 0
308 64 370 194 0.000239 0
905 245 929 342 0.000238 0
576 313 593 378 0.000238 0
671 406 688 440 0.000237 0
955 662 1039 703 0.000237 0
890 388 912 492 0.000237 0
103 245 129 307 0.000236 0
725 190 776 276 0.000236 0
318 64 430 178 0.000235 0
229 253 243 296 0.000230 0
783 330 799 386 0.000229 0
908 402 928 426 0.000229 0
846 212 865 291 0.000229 0
1062 188 1092 219 0.000228 0
254 64 337 200 0.000228 0
1186 165 1221 215 0.000227 0
526 342 542 394 0.000227 0
466 64 722 230 0.000226 0
199 259 208 287 0.000226 0
829 435 896 618 0.000226 0
511 272 595 437 0.000226 0
800 440 812 459 0.000225 0
685 309 706 343 0.000224 0
293 67 478 368 0.000223 0
654 207 680 231 0.000223 0
900 325 928 344 0.000222 0
446 173 494 260 0.000222 0
607 364 624 431 0.000221 0
160 64 259 201 0.000221 0
239 240 257 294 0.000221 0
493 244 601 442 0.000221 0
1274 159 1279 177 0.000220 0
286 64 497 366 0.000219 0
575 283 595 357 0.000219 0
899 275 914 342 0.000217 0
751 358 760 374 0.000217 0
685 321 720 377 0.000216 0
742 285 761 303 0.000216 0
1059 689 1102 703 0.000216 0
848 677 876 703 0.000216 0
999 190 1009 223 0.000214 0
68 64 130 163 0.000214 0
687 295 719 337 0.000214 0
305 64 500 155 0.000213 0
873 237 932 344 0.000213 0
689 204 705 272 0.000212 0
296 414 304 424 0.000212 0
1056 681 1102 703 0.000211 0
1263 69 1279 215 0.000211 0
839 450 940 610 0.000210 0
1214 64 1232 95 0.000208 0
657 344 672 378 0.000208 0
914 306 928 342 0.000207 0
18 65 142 212 0.000207 0
511 255 600 434 0.000207 0
271 232 291 292 0.000207 0
770 266 845 344 0.000206 0
608 184 631 208 0.000205 0
773 260 849 345 0.000205 0
830 451 911 700 0.000205 0
732 689 759 703 0.000205 0
321 66 511 367 0.000204 0
1029 682 1092 703 0.000204 0
0 83 22 253 0.000204 0
320 64 369 182 0.000202 0
193 189 207 223 0.000201 0
859 496 922 606 0.000200 0
192 392 208 457 0.000200 0
0 64 39 205 0.000199 0
727 408 772 472 0.000199 0
343 64 496 99 0.000199 0
988 694 1015 703 0.000198 0
0 66 40 224 0.000198 0
736 535 745 542 0.000198 0
492 64 528 95 0.000197 0
673 353 688 376 0.000197 0
733 687 760 703 0.000196 0
799 357 820 426 0.000196 0
1122 64 1153 74 0.000195 0
771 189 795 215 0.000195 0
851 197 932 299 0.000195 0
853 431 883 484 0.000195 0
1119 64 1135 75 0.000195 0
193 206 209 228 0.000194 0
357 66 459 251 0.000194 0
935 288 960 344 0.000193 0
577 390 608 436 0.000193 0
752 243 790 317 0.000192 0
568 64 651 214 0.000192 0
491 64 589 207 0.000192 0
583 64 676 220 0.000192 0
636 64 665 106 0.000191 0
585 390 607 428 0.000191 0
630 424 640 456 0.000189 0
255 64 326 169 0.000189 0
1038 318 1077 338 0.000188 0
53 64 128 180 0.000187 0
767 246 793 314 0.000187 0
746 232 763 274 0.000187 0
70 64 355 204 0.000186 0
570 382 609 436 0.000186 0
1043 328 1091 357 0.000184 0
324 64 442 201 0.000184 0
953 673 1000 703 0.000184 0
443 195 490 312 0.000183 0
1022 276 1042 333 0.000183 0
832 541 880 615 0.000183 0
0 64 258 225 0.000182 0
542 64 754 233 0.000182 0
749 455 810 474 0.000181 0
719 375 725 381 0.000181 0
799 267 849 346 0.000180 0
63 64 175 191 0.000179 0
703 696 713 703 0.000179 0
453 199 562 282 0.000178 0
182 64 389 213 0.000178 0
160 69 221 208 0.000178 0
845 680 909 703 0.000178 0
926 200 966 254 0.000177 0
583 363 625 439 0.000177 0
1053 686 1099 703 0.000177 0
846 690 902 703 0.000176 0
576 64 665 214 0.000176 0
959 664 995 698 0.000176 0
255 65 327 181 0.000176 0
1033 688 1070 703 0.000176 0
991 64 1008 71 0.000175 0
750 462 770 480 0.000175 0
853 530 921 610 0.000175 0
484 680 496 698 0.000174 0
735 688 760 703 0.000174 0
590 397 608 436 0.000173 0
492 64 585 195 0.000173 0
353 225 367 273 0.000173 0
32 64 144 209 0.000172 0
815 431 823 440 0.000172 0
910 597 1102 703 0.000172 0
310 65 440 224 0.000172 0
276 257 290 294 0.000172 0
319 249 336 356 0.000171 0
489 244 502 261 0.000171 0
1064 64 1081 71 0.000171 0
548 64 641 215 0.000170 0
320 64 647 211 0.000169 0
656 453 668 462 0.000169 0
657 64 736 231 0.000169 0
798 354 829 450 0.000168 0
330 64 497 96 0.000168 0
750 245 787 309 0.000168 0
214 198 238 239 0.000168 0
490 246 501 260 0.000168 0
1080 145 1279 257 0.000168 0
184 64 335 99 0.000167 0
375 184 396 203 0.000167 0
631 430 640 459 0.000167 0
821 455 832 472 0.000167 0
155 64 247 200 0.000167 0
1038 184 1050 215 0.000166 0
683 300 708 364 0.000165 0
886 692 914 703 0.000165 0
927 325 944 344 0.000165 0
837 657 1116 703 0.000165 0
179 65 502 244 0.000165 0
735 441 743 458 0.000164 0
1216 207 1246 239 0.000164 0
855 481 896 553 0.000164 0
892 401 927 436 0.000164 0
195 257 210 296 0.000164 0
576 287 594 356 0.000163 0
890 401 924 454 0.000163 0
211 202 258 240 0.000163 0
491 64 585 158 0.000163 0
491 64 593 229 0.000162 0
895 403 922 430 0.000162 0
255 64 330 165 0.000162 0
941 670 1004 703 0.000162 0
762 378 832 471 0.000162 0
959 667 993 698 0.000161 0
255 64 322 143 0.000161 0
452 199 480 289 0.000160 0
59 64 128 170 0.000160 0
869 209 886 241 0.000158 0
319 64 455 176 0.000158 0
871 402 913 486 0.000158 0
572 388 608 441 0.000157 0
951 696 981 703 0.000157 0
524 134 719 226 0.000157 0
820 273 848 345 0.000156 0
767 176 776 190 0.000156 0
1067 317 1111 341 0.000156 0
588 364 624 428 0.000156 0
703 360 720 375 0.000155 0
580 64 670 217 0.000155 0
675 388 688 435 0.000155 0
0 265 34 469 0.000155 0
767 256 844 343 0.000155 0
766 340 838 471 0.000155 0
619 64 727 226 0.000153 0
1263 64 1279 168 0.000153 0
662 320 689 378 0.000153 0
705 359 720 377 0.000153 0
912 670 927 697 0.000152 0
832 520 1277 704 0.000152 0
891 401 924 441 0.000152 0
324 64 459 168 0.000152 0
955 660 1050 703 0.000151 0
912 670 928 702 0.000151 0
1048 182 1060 199 0.000151 0
0 464 16 531 0.000150 0
707 422 722 442 0.000150 0
166 64 340 98 0.000149 0
846 537 908 607 0.000148 0
511 378 544 427 0.000148 0
831 549 889 616 0.000148 0
239 259 257 295 0.000148 0
16 64 126 179 0.000147 0
541 64 613 216 0.000147 0
933 604 1100 703 0.000147 0
1132 278 1150 323 0.000147 0
742 272 842 350 0.000147 0
1263 83 1279 170 0.000147 0
912 670 927 698 0.000146 0
608 447 624 464 0.000146 0
607 362 624 412 0.000146 0
778 353 828 446 0.000146 0
61 65 140 190 0.000146 0
901 560 920 588 0.000146 0
584 64 721 226 0.000146 0
131 211 145 232 0.000145 0
544 64 600 201 0.000145 0
894 405 912 535 0.000144 0
829 408 1091 704 0.000144 0
577 341 593 391 0.000144 0
37 64 126 186 0.000144 0
571 329 598 434 0.000143 0
629 684 672 703 0.000143 0
1214 64 1233 99 0.000143 0
399 164 751 281 0.000142 0
846 537 881 605 0.000142 0
0 274 32 407 0.000142 0
719 451 736 471 0.000142 0
770 440 830 473 0.000142 0
586 357 622 424 0.000141 0
1181 164 1216 199 0.000141 0
347 64 479 199 0.000141 0
1183 278 1200 319 0.000141 0
204 64 493 214 0.000140 0
491 64 592 169 0.000140 0
1071 682 1103 703 0.000140 0
175 64 486 212 0.000140 0
890 401 919 464 0.000140 0
270 233 292 292 0.000139 0
320 64 509 109 0.000139 0
1048 224 1096 297 0.000139 0
905 402 928 425 0.000138 0
720 331 739 368 0.000138 0
853 493 866 552 0.000138 0
50 65 523 386 0.000138 0
844 686 902 703 0.000138 0
137 64 346 233 0.000138 0
349 68 602 266 0.000138 0
654 346 672 378 0.000138 0
990 240 1008 300 0.000137 0
776 409 783 415 0.000137 0
461 64 499 100 0.000137 0
675 449 689 488 0.000137 0
1093 379 1104 391 0.000137 0
852 394 864 412 0.000137 0
236 64 497 210 0.000136 0
418 74 497 247 0.000135 0
878 402 920 460 0.000135 0
854 478 900 548 0.000135 0
236 238 257 284 0.000135 0
1056 173 1076 209 0.000134 0
1074 162 1101 207 0.000133 0
577 332 609 429 0.000133 0
160 64 258 172 0.000133 0
703 341 724 377 0.000132 0
195 179 328 387 0.000132 0
829 440 897 665 0.000132 0
782 316 840 344 0.000132 0
1199 160 1222 189 0.000132 0
162 184 184 206 0.000132 0
638 232 656 285 0.000132 0
556 64 760 239 0.000132 0
576 68 635 214 0.000131 0
854 478 898 544 0.000131 0
1263 111 1279 179 0.000131 0
63 64 203 181 0.000131 0
796 411 829 460 0.000131 0
689 454 719 471 0.000130 0
606 363 635 438 0.000130 0
1018 328 1089 357 0.000130 0
278 258 297 298 0.000129 0
1051 175 1235 261 0.000129 0
521 387 605 441 0.000129 0
353 200 385 273 0.000128 0
765 274 829 345 0.000128 0
193 186 207 222 0.000128 0
907 279 945 345 0.000128 0
376 184 397 205 0.000128 0
831 541 904 626 0.000128 0
823 423 832 434 0.000128 0
1263 96 1279 171 0.000127 0
158 67 256 225 0.000127 0
1061 179 1094 213 0.000127 0
903 560 919 585 0.000127 0
447 228 605 441 0.000126 0
854 536 865 556 0.000126 0
349 64 494 95 0.000126 0
590 407 608 438 0.000125 0
846 688 908 703 0.000125 0
845 452 872 517 0.000125 0
1 64 128 182 0.000125 0
305 115 369 282 0.000124 0
1033 173 1247 259 0.000124 0
342 64 496 118 0.000123 0
0 64 337 235 0.000123 0
729 460 770 472 0.000123 0
0 464 16 525 0.000122 0
159 76 216 214 0.000122 0
590 404 608 444 0.000122 0
741 265 769 307 0.000122 0
386 185 399 206 0.000121 0
866 196 901 240 0.000121 0
527 358 543 393 0.000121 0
178 186 241 235 0.000121 0
364 123 499 221 0.000121 0
278 253 324 390 0.000121 0
719 430 771 472 0.000121 0
211 104 265 218 0.000121 0
0 258 34 404 0.000121 0
148 65 508 266 0.000120 0
319 64 370 108 0.000120 0
29 299 69 403 0.000120 0
160 64 509 330 0.000120 0
0 64 77 211 0.000120 0
511 391 543 428 0.000119 0
989 225 1033 298 0.000119 0
319 247 336 340 0.000119 0
0 277 28 399 0.000119 0
1264 64 1279 79 0.000119 0
349 219 368 273 0.000118 0
1262 64 1279 81 0.000118 0
220 216 261 273 0.000117 0
284 254 296 291 0.000116 0
577 359 593 392 0.000116 0
128 64 515 380 0.000115 0
705 422 727 463 0.000115 0
743 266 770 305 0.000114 0
702 453 720 469 0.000114 0
859 482 897 571 0.000114 0
228 189 330 387 0.000113 0
249 64 325 166 0.000113 0
0 477 16 600 0.000113 0
0 135 38 271 0.000113 0
859 230 878 270 0.000113 0
0 261 33 416 0.000112 0
886 396 912 509 0.000112 0
859 491 897 573 0.000112 0
1182 64 1201 79 0.000112 0
275 205 287 232 0.000112 0
910 669 929 702 0.000111 0
628 423 640 440 0.000111 0
0 108 38 238 0.000111 0
479 680 496 700 0.000111 0
860 527 921 607 0.000111 0
871 402 914 466 0.000110 0
849 491 899 582 0.000109 0
886 401 924 452 0.000109 0
902 562 919 586 0.000109 0
978 306 1001 334 0.000109 0
712 373 720 383 0.000109 0
940 315 960 344 0.000108 0
163 64 263 213 0.000108 0
725 687 756 703 0.000108 0
431 69 497 234 0.000108 0
319 254 335 336 0.000108 0
755 183 785 212 0.000108 0
1226 172 1264 230 0.000108 0
845 682 1009 704 0.000107 0
192 393 208 452 0.000107 0
608 359 624 386 0.000107 0
168 64 488 193 0.000107 0
823 271 848 344 0.000106 0
832 349 848 396 0.000106 0
678 383 688 413 0.000106 0
855 505 921 605 0.000106 0
282 263 298 311 0.000106 0
344 64 496 145 0.000106 0
229 265 240 296 0.000106 0
153 64 464 184 0.000106 0
254 682 268 697 0.000106 0
909 671 939 703 0.000106 0
168 78 404 248 0.000105 0
380 183 402 204 0.000105 0
989 324 1004 344 0.000105 0
30 64 77 196 0.000105 0
0 64 49 169 0.000104 0
0 64 354 282 0.000104 0
792 281 800 302 0.000104 0
288 218 326 314 0.000104 0
483 193 501 259 0.000104 0
210 65 325 202 0.000104 0
1043 155 1106 265 0.000104 0
273 193 290 233 0.000103 0
0 396 34 466 0.000103 0
1011 160 1038 225 0.000103 0
576 340 592 402 0.000103 0
991 64 1018 71 0.000102 0
435 209 448 224 0.000102 0
1183 278 1203 320 0.000102 0
658 415 672 439 0.000102 0
591 362 624 411 0.000101 0
62 64 192 169 0.000101 0
847 537 905 614 0.000101 0
726 693 753 703 0.000101 0
646 197 784 278 0.000100 0
319 253 335 320 0.000100 0
854 475 896 537 0.000100 0
603 218 656 255 0.849219 1
863 241 959 308 0.711560 1
959 218 1002 264 0.471868 1
1044 230 1082 266 0.347494 1
1147 215 1175 251 0.313116 1
1150 215 1174 248 0.294413 1
959 220 1007 264 0.293566 1
959 221 1000 264 0.255567 1
958 217 998 264 0.252951 1
1146 214 1175 252 0.219258 1
1044 231 1076 266 0.216875 1
880 240 959 308 0.207066 1
1044 229 1078 266 0.196555 1
1152 215 1176 250 0.188909 1
1044 227 1084 267 0.151999 1
914 240 959 309 0.143468 1
1044 233 1063 266 0.130155 1
962 221 1008 264 0.118923 1
1154 215 1175 248 0.113313 1
1144 213 1177 250 0.098686 1
1043 234 1062 266 0.095451 1
1045 229 1077 264 0.090469 1
920 243 959 309 0.079692 1
1049 228 1077 264 0.079333 1
1157 214 1175 244 0.078730 1
1044 221 1078 266 0.077127 1
959 221 986 263 0.074097 1
1141 214 1176 252 0.066126 1
907 240 959 311 0.060645 1
910 240 958 308 0.058355 1
1044 225 1078 266 0.052821 1
1151 207 1171 245 0.052169 1
959 223 1002 264 0.049451 1
1137 213 1176 251 0.048717 1
47 235 73 255 0.039342 1
959 226 983 264 0.037485 1
19 222 71 256 0.033463 1
1142 218 1174 253 0.033423 1
958 221 1058 266 0.031608 1
19 229 71 256 0.031342 1
1043 233 1061 266 0.029651 1
1052 231 1080 261 0.027010 1
47 237 72 255 0.026932 1
1047 231 1083 266 0.026461 1
958 227 985 264 0.024079 1
1148 217 1175 253 0.023834 1
967 222 1008 263 0.023706 1
959 232 981 264 0.023336 1
904 244 959 312 0.020832 1
1142 228 1156 251 0.020753 1
959 229 980 264 0.018606 1
862 259 896 284 0.018044 1
19 224 67 256 0.017819 1
1154 215 1176 253 0.016372 1
46 229 74 255 0.015991 1
860 257 931 296 0.015838 1
1158 214 1174 245 0.015790 1
911 240 955 298 0.015584 1
922 262 959 308 0.015547 1
46 229 77 256 0.015249 1
974 213 998 263 0.015162 1
959 224 1072 266 0.014281 1
863 259 896 281 0.013988 1
923 265 959 307 0.013647 1
19 231 43 256 0.013241 1
863 258 897 285 0.012843 1
916 251 960 310 0.012786 1
976 218 1000 262 0.012136 1
863 257 918 290 0.011769 1
1142 227 1164 253 0.011255 1
1050 216 1082 261 0.011236 1
862 260 895 282 0.011184 1
1155 214 1186 249 0.011141 1
862 259 896 289 0.011132 1
964 232 1009 264 0.010989 1
1043 231 1076 274 0.010697 1
1141 228 1167 253 0.009848 1
21 230 42 254 0.009409 1
960 218 1069 264 0.009279 1
858 256 933 311 0.009066 1
862 258 915 290 0.008811 1
47 235 98 257 0.008623 1
1044 277 1072 296 0.008622 1
18 230 42 256 0.008576 1
959 234 978 263 0.008492 1
2 229 73 258 0.008412 1
20 217 64 257 0.008379 1
47 235 83 255 0.008093 1
906 252 957 313 0.007983 1
20 229 42 251 0.007506 1
20 219 67 255 0.007186 1
1044 231 1073 296 0.007052 1
918 241 959 304 0.006984 1
1155 215 1187 251 0.006838 1
858 260 894 293 0.006778 1
19 220 43 251 0.006716 1
18 231 41 256 0.006466 1
958 219 1020 265 0.006385 1
603 216 653 255 0.005920 1
960 200 992 264 0.005445 1
959 209 986 264 0.005326 1
861 258 897 298 0.005258 1
863 241 959 318 0.005215 1
874 252 899 282 0.005169 1
985 220 1092 264 0.005137 1
926 268 959 306 0.005075 1
859 257 937 302 0.004955 1
21 218 42 249 0.004941 1
22 229 42 247 0.004939 1
1004 232 1062 266 0.004780 1
1111 218 1156 253 0.004624 1
0 231 41 257 0.004368 1
48 222 72 255 0.004323 1
1161 213 1189 248 0.004195 1
47 235 100 260 0.004112 1
47 227 97 257 0.003929 1
874 207 920 300 0.003926 1
1044 278 1059 296 0.003679 1
855 232 895 284 0.003634 1
1012 229 1060 261 0.003613 1
0 233 40 257 0.003529 1
870 243 916 300 0.003518 1
924 262 959 317 0.003508 1
923 262 959 313 0.003471 1
862 241 958 301 0.003321 1
1043 232 1064 269 0.003318 1
849 258 894 299 0.003254 1
1041 226 1076 302 0.003254 1
912 240 937 283 0.003094 1
1020 227 1062 265 0.003042 1
5 229 42 256 0.003013 1
1046 235 1073 296 0.002986 1
895 245 946 312 0.002935 1
865 242 899 281 0.002882 1
604 223 655 256 0.002865 1
992 240 1010 263 0.002847 1
988 224 1011 262 0.002695 1
1180 165 1202 217 0.002694 1
46 224 90 256 0.002654 1
882 237 926 303 0.002639 1
991 229 1038 262 0.002607 1
923 266 952 313 0.002568 1
328 236 352 255 0.002566 1
878 214 928 302 0.002554 1
605 196 652 250 0.002443 1
805 255 833 303 0.002363 1
1043 235 1070 296 0.002339 1
989 220 1009 258 0.002329 1
852 256 902 319 0.002324 1
1167 212 1187 247 0.002245 1
961 214 1083 266 0.002164 1
900 240 930 301 0.002104 1
333 237 352 255 0.002088 1
995 246 1009 263 0.002067 1
1019 217 1075 338 0.002011 1
1073 232 1093 259 0.001966 1
872 240 961 307 0.001936 1
993 240 1029 263 0.001932 1
899 243 938 306 0.001931 1
864 240 959 337 0.001878 1
0 234 49 282 0.001868 1
621 224 655 254 0.001849 1
906 242 928 297 0.001831 1
861 256 921 316 0.001712 1
1055 231 1074 283 0.001707 1
53 223 77 248 0.001701 1
621 211 658 244 0.001674 1
862 253 923 324 0.001669 1
917 241 943 296 0.001632 1
862 239 945 296 0.001602 1
805 260 838 304 0.001576 1
16 230 75 259 0.001563 1
1146 213 1166 248 0.001555 1
928 270 960 320 0.001555 1
907 241 928 293 0.001554 1
0 239 11 256 0.001542 1
1058 212 1080 259 0.001532 1
1072 231 1094 255 0.001526 1
859 432 887 461 0.001514 1
1040 221 1109 265 0.001512 1
929 270 959 313 0.001481 1
1021 218 1096 340 0.001475 1
996 226 1026 260 0.001463 1
991 214 1009 254 0.001418 1
932 209 1006 260 0.001402 1
806 258 821 302 0.001391 1
859 432 880 464 0.001382 1
860 432 878 460 0.001375 1
994 227 1055 262 0.001359 1
907 257 946 322 0.001355 1
1 232 51 283 0.001345 1
1003 219 1028 251 0.001249 1
910 232 937 280 0.001226 1
889 243 924 311 0.001221 1
1058 229 1072 295 0.001221 1
827 279 848 301 0.001128 1
1144 204 1180 246 0.001116 1
825 279 849 311 0.001110 1
865 248 915 344 0.001098 1
855 241 958 308 0.001089 1
862 259 914 344 0.001057 1
1184 208 1227 264 0.001046 1
0 241 9 257 0.001037 1
946 237 980 256 0.001030 1
641 227 656 247 0.001026 1
1 248 99 281 0.001021 1
859 432 883 461 0.001017 1
843 257 892 312 0.001003 1
990 233 1065 265 0.001000 1
827 277 849 301 0.000968 1
917 240 943 275 0.000954 1
603 220 639 255 0.000951 1
898 251 934 329 0.000951 1
1007 215 1025 230 0.000947 1
987 230 1062 264 0.000946 1
936 242 958 254 0.000933 1
931 238 963 254 0.000931 1
949 244 958 254 0.000922 1
891 253 913 304 0.000920 1
921 224 989 261 0.000912 1
823 267 850 307 0.000898 1
1021 232 1070 297 0.000879 1
1009 217 1025 230 0.000873 1
806 256 821 300 0.000870 1
827 278 851 303 0.000864 1
193 227 226 256 0.000861 1
23 214 60 252 0.000848 1
828 275 850 301 0.000847 1
1075 211 1096 262 0.000838 1
855 255 904 344 0.000836 1
952 273 960 304 0.000833 1
1014 212 1241 274 0.000832 1
0 237 32 258 0.000808 1
1039 274 1073 324 0.000804 1
854 245 884 295 0.000795 1
929 239 944 253 0.000786 1
855 432 881 471 0.000775 1
854 257 873 294 0.000769 1
826 277 857 312 0.000756 1
326 234 353 257 0.000742 1
854 263 863 294 0.000737 1
945 211 973 257 0.000735 1
822 271 849 311 0.000730 1
917 240 951 297 0.000720 1
858 432 889 462 0.000714 1
847 266 856 311 0.000697 1
855 432 882 477 0.000695 1
1041 277 1060 297 0.000693 1
1023 269 1059 334 0.000681 1
1181 175 1226 257 0.000669 1
795 260 822 292 0.000667 1
1019 241 1086 341 0.000658 1
1042 278 1058 296 0.000654 1
603 217 642 253 0.000653 1
630 224 656 255 0.000645 1
926 266 960 335 0.000641 1
326 236 334 249 0.000641 1
918 239 942 253 0.000631 1
765 242 826 296 0.000629 1
991 206 1008 251 0.000625 1
1180 209 1201 239 0.000620 1
823 264 854 305 0.000613 1
839 259 865 310 0.000609 1
909 264 957 338 0.000603 1
327 219 352 255 0.000589 1
893 246 918 312 0.000587 1
943 273 959 319 0.000571 1
951 236 979 265 0.000567 1
1048 228 1093 281 0.000553 1
191 226 226 257 0.000547 1
10 223 42 252 0.000545 1
931 241 944 254 0.000542 1
30 215 41 242 0.000538 1
805 262 842 309 0.000532 1
779 260 858 308 0.000524 1
920 246 960 304 0.000522 1
848 261 868 311 0.000520 1
1033 222 1120 303 0.000517 1
27 215 64 246 0.000510 1
1028 276 1060 332 0.000510 1
947 273 959 305 0.000502 1
937 213 1164 295 0.000494 1
954 223 1016 286 0.000491 1
913 228 936 264 0.000488 1
1013 266 1141 343 0.000487 1
864 322 888 343 0.000477 1
866 314 904 343 0.000472 1
1026 209 1277 277 0.000470 1
847 269 857 311 0.000464 1
953 217 1074 299 0.000464 1
633 225 655 255 0.000463 1
1065 247 1092 264 0.000459 1
806 261 819 302 0.000452 1
1023 270 1065 336 0.000445 1
940 272 960 323 0.000443 1
957 219 1079 302 0.000442 1
862 239 954 349 0.000438 1
864 218 1012 305 0.000435 1
47 225 107 258 0.000428 1
824 266 838 302 0.000428 1
857 432 881 474 0.000428 1
946 273 959 306 0.000427 1
780 268 854 310 0.000426 1
1041 277 1059 316 0.000422 1
0 224 42 276 0.000409 1
1039 276 1059 333 0.000405 1
848 235 868 298 0.000402 1
1022 276 1044 333 0.000401 1
606 218 657 288 0.000397 1
931 200 963 254 0.000388 1
1006 232 1086 338 0.000380 1
1046 223 1104 269 0.000376 1
849 194 1014 282 0.000373 1
824 275 849 311 0.000370 1
959 233 1011 306 0.000368 1
205 223 226 254 0.000363 1
603 223 625 254 0.000363 1
1200 254 1227 275 0.000361 1
1199 253 1239 277 0.000344 1
1040 232 1063 272 0.000342 1
915 230 935 251 0.000342 1
602 211 655 287 0.000340 1
1027 268 1092 340 0.000336 1
759 252 806 289 0.000336 1
823 266 834 296 0.000331 1
855 283 862 294 0.000327 1
927 268 1276 338 0.000326 1
17 214 43 252 0.000322 1
613 228 657 285 0.000322 1
1021 276 1059 332 0.000321 1
1196 253 1232 287 0.000317 1
931 211 1271 313 0.000315 1
15 207 78 256 0.000315 1
765 254 850 310 0.000311 1
204 232 243 265 0.000309 1
811 262 834 291 0.000303 1
779 239 952 346 0.000303 1
863 267 902 343 0.000298 1
766 261 848 312 0.000297 1
864 302 900 343 0.000297 1
13 209 73 257 0.000296 1
1178 200 1197 220 0.000290 1
907 257 933 341 0.000286 1
920 241 973 296 0.000283 1
1137 191 1198 246 0.000282 1
948 212 1082 305 0.000280 1
991 238 1010 301 0.000274 1
1021 229 1066 298 0.000272 1
842 221 1273 400 0.000272 1
836 266 854 298 0.000270 1
327 210 352 255 0.000268 1
778 258 823 306 0.000267 1
942 210 1009 305 0.000266 1
640 214 673 236 0.000260 1
875 318 906 343 0.000257 1
1180 164 1244 258 0.000254 1
531 211 659 301 0.000250 1
777 257 802 305 0.000247 1
858 233 883 272 0.000246 1
856 431 877 461 0.000245 1
847 268 853 285 0.000241 1
826 271 853 312 0.000238 1
767 255 802 313 0.000235 1
554 212 656 266 0.000232 1
720 194 1245 465 0.000232 1
786 263 802 287 0.000230 1
1009 230 1065 298 0.000228 1
895 242 959 321 0.000223 1
602 216 627 252 0.000216 1
198 223 252 265 0.000215 1
847 264 854 287 0.000214 1
1171 187 1202 218 0.000213 1
801 217 842 300 0.000213 1
593 208 729 244 0.000211 1
1198 254 1230 286 0.000208 1
951 214 1278 333 0.000203 1
847 214 896 295 0.000202 1
874 233 1017 310 0.000202 1
807 252 859 304 0.000200 1
54 216 67 241 0.000198 1
885 289 911 343 0.000196 1
848 192 960 305 0.000194 1
798 271 808 288 0.000193 1
1040 271 1076 322 0.000192 1
958 201 986 259 0.000188 1
661 194 1216 474 0.000188 1
639 266 702 283 0.000187 1
1022 270 1061 297 0.000185 1
603 227 620 254 0.000183 1
1118 207 1232 278 0.000182 1
998 273 1106 341 0.000181 1
640 221 669 242 0.000179 1
789 264 802 297 0.000176 1
0 81 42 297 0.000175 1
881 318 902 339 0.000175 1
863 237 927 344 0.000169 1
597 213 728 261 0.000167 1
956 220 1017 307 0.000157 1
987 230 1048 300 0.000156 1
858 431 894 460 0.000154 1
849 261 880 320 0.000152 1
848 265 865 311 0.000151 1
1134 217 1201 273 0.000150 1
603 217 656 281 0.000147 1
759 206 830 301 0.000136 1
596 214 713 285 0.000136 1
779 255 802 286 0.000130 1
558 204 657 259 0.000130 1
835 185 1095 319 0.000124 1
1163 174 1204 217 0.000123 1
798 222 858 295 0.000122 1
825 261 857 295 0.000120 1
934 260 959 289 0.000118 1
610 237 656 286 0.000116 1
570 202 656 372 0.000115 1
823 274 839 311 0.000108 1
807 254 820 288 0.000105 1
957 224 1001 273 0.000105 1
219 239 242 264 0.000102 1
842 304 1279 701 0.560598 2
823 327 848 344 0.168061 2
103 236 193 275 0.077863 2
305 186 322 198 0.074883 2
853 433 896 553 0.058790 2
821 327 848 344 0.052702 2
1104 311 1145 342 0.044778 2
695 199 729 233 0.043828 2
693 200 729 234 0.037881 2
696 198 731 224 0.036065 2
463 411 592 452 0.035633 2
692 200 729 231 0.034785 2
109 237 159 264 0.034221 2
319 213 331 231 0.032803 2
319 205 331 231 0.031036 2
694 199 726 218 0.029216 2
104 237 160 270 0.029043 2
105 236 159 273 0.027398 2
500 198 517 213 0.020849 2
105 236 160 265 0.020494 2
699 199 729 234 0.018399 2
111 237 157 264 0.018278 2
159 238 192 274 0.017932 2
113 236 159 260 0.016274 2
142 237 192 275 0.015707 2
101 235 193 273 0.015651 2
606 194 628 215 0.015410 2
112 236 193 266 0.015184 2
698 198 732 234 0.015120 2
113 236 157 258 0.014983 2
530 202 547 217 0.014040 2
114 237 156 257 0.013662 2
606 197 624 215 0.013423 2
846 293 1278 585 0.013421 2
704 301 769 338 0.013326 2
528 201 545 217 0.012836 2
148 237 192 267 0.012813 2
500 201 517 216 0.012752 2
113 236 191 276 0.012442 2
641 263 997 475 0.012119 2
529 196 552 217 0.011987 2
111 236 159 273 0.011862 2
103 237 158 276 0.011806 2
692 202 728 236 0.011618 2
83 235 200 277 0.011501 2
705 299 769 342 0.011422 2
606 195 626 215 0.011063 2
710 300 768 342 0.010972 2
681 198 693 215 0.010222 2
454 172 522 215 0.010022 2
0 255 53 281 0.009999 2
718 199 729 215 0.009912 2
695 299 768 341 0.009846 2
57 253 111 278 0.009774 2
864 335 885 343 0.009727 2
708 301 768 334 0.008892 2
692 198 724 222 0.008503 2
530 200 553 217 0.008101 2
0 256 52 283 0.008025 2
159 237 192 266 0.007773 2
681 198 692 215 0.007731 2
698 204 730 235 0.007709 2
0 256 53 291 0.007525 2
722 301 769 333 0.007277 2
318 204 332 231 0.007241 2
57 254 90 278 0.007207 2
1008 197 1041 228 0.007017 2
666 297 769 342 0.006937 2
707 301 768 339 0.006670 2
710 198 737 221 0.006646 2
86 252 112 265 0.006522 2
146 238 194 275 0.006484 2
429 222 439 229 0.006384 2
81 252 111 277 0.006381 2
86 253 112 276 0.006309 2
1098 218 1138 249 0.006284 2
1101 224 1119 248 0.006273 2
86 252 111 271 0.006145 2
607 197 628 216 0.006108 2
865 177 958 213 0.006043 2
1005 198 1035 228 0.005989 2
641 297 993 474 0.005839 2
87 252 112 266 0.005814 2
305 185 331 199 0.005776 2
1101 222 1128 248 0.005748 2
160 238 192 268 0.005706 2
853 435 896 539 0.005691 2
1010 199 1031 219 0.005685 2
319 205 333 231 0.005634 2
821 331 886 344 0.005619 2
319 203 333 231 0.005484 2
714 302 768 340 0.005330 2
100 243 159 276 0.005311 2
1085 324 1113 338 0.005218 2
689 204 728 235 0.005116 2
1123 276 1279 322 0.005112 2
718 301 769 338 0.005112 2
109 238 159 276 0.005038 2
1118 281 1279 323 0.005026 2
526 193 551 217 0.005004 2
867 176 951 209 0.004966 2
57 254 109 285 0.004693 2
1099 223 1119 248 0.004673 2
528 194 553 217 0.004561 2
854 442 895 539 0.004502 2
806 327 847 344 0.004490 2
86 252 116 276 0.004447 2
679 197 731 233 0.004422 2
31 256 59 280 0.004354 2
293 180 319 198 0.004343 2
1112 216 1154 250 0.004328 2
865 176 958 219 0.004291 2
442 171 582 216 0.004288 2
1104 311 1135 341 0.004264 2
1105 215 1151 249 0.004263 2
866 176 947 217 0.004243 2
644 689 672 703 0.004237 2
474 172 519 216 0.004226 2
810 327 847 344 0.004219 2
822 327 848 353 0.004165 2
1009 199 1038 228 0.004104 2
123 236 160 275 0.004087 2
681 199 691 216 0.004080 2
0 239 329 397 0.004077 2
622 263 770 370 0.004072 2
103 236 157 265 0.004041 2
631 269 769 342 0.003994 2
502 197 518 216 0.003982 2
528 248 595 281 0.003954 2
1111 282 1279 326 0.003889 2
822 328 847 349 0.003870 2
102 249 153 276 0.003748 2
632 378 657 395 0.003662 2
632 379 658 395 0.003629 2
868 177 955 205 0.003602 2
103 247 155 267 0.003596 2
676 197 693 215 0.003535 2
712 302 769 343 0.003531 2
31 257 57 289 0.003520 2
1111 218 1140 249 0.003469 2
665 198 694 226 0.003461 2
643 286 1047 471 0.003456 2
1007 203 1028 229 0.003390 2
681 198 699 222 0.003388 2
736 301 763 310 0.003290 2
661 273 688 283 0.003283 2
1087 324 1115 338 0.003223 2
1099 311 1143 341 0.003216 2
1003 326 1088 343 0.003211 2
42 252 90 280 0.003190 2
702 186 729 219 0.003172 2
717 319 748 344 0.003154 2
616 268 952 470 0.003128 2
31 261 49 294 0.003104 2
122 236 175 276 0.003094 2
477 172 519 214 0.003087 2
631 375 657 395 0.002984 2
523 192 559 218 0.002977 2
1014 272 1278 333 0.002971 2
642 326 1052 472 0.002935 2
864 334 886 343 0.002935 2
624 275 770 368 0.002920 2
718 317 746 342 0.002848 2
640 267 978 417 0.002811 2
79 236 113 265 0.002778 2
1088 210 1161 249 0.002774 2
103 250 132 265 0.002750 2
294 178 311 198 0.002749 2
1110 278 1280 325 0.002735 2
57 237 163 278 0.002729 2
3 283 24 294 0.002708 2
878 198 916 235 0.002698 2
624 275 769 350 0.002685 2
1105 286 1279 337 0.002685 2
31 256 60 287 0.002647 2
155 237 221 276 0.002646 2
1111 215 1168 251 0.002625 2
1104 219 1144 250 0.002584 2
1262 198 1277 214 0.002581 2
730 300 770 340 0.002544 2
161 238 192 261 0.002532 2
455 203 466 216 0.002526 2
854 401 925 553 0.002526 2
479 423 591 444 0.002502 2
662 274 687 283 0.002491 2
79 237 99 254 0.002464 2
822 327 877 344 0.002420 2
1263 169 1279 180 0.002420 2
996 327 1087 343 0.002410 2
304 182 322 198 0.002403 2
35 254 91 290 0.002363 2
292 176 320 198 0.002316 2
78 237 115 263 0.002310 2
719 320 746 344 0.002306 2
3 235 203 280 0.002287 2
689 299 766 341 0.002276 2
43 236 194 313 0.002271 2
1102 212 1170 249 0.002261 2
13 231 325 298 0.002232 2
848 311 1279 566 0.002230 2
30 256 62 281 0.002197 2
481 423 592 453 0.002185 2
78 237 111 263 0.002154 2
55 237 99 259 0.002136 2
450 401 598 453 0.002131 2
103 250 132 276 0.002126 2
1099 277 1278 325 0.002116 2
669 200 695 230 0.002096 2
1099 213 1140 243 0.002091 2
31 257 51 295 0.002085 2
1114 215 1143 228 0.002081 2
156 236 224 269 0.002068 2
164 238 192 275 0.002062 2
622 325 675 367 0.002061 2
718 303 768 342 0.002055 2
2 247 58 281 0.002053 2
706 199 738 231 0.002028 2
838 332 886 344 0.002022 2
0 256 52 294 0.002009 2
824 328 847 368 0.001973 2
1115 215 1159 240 0.001972 2
623 278 751 375 0.001963 2
0 235 52 284 0.001961 2
77 236 115 260 0.001940 2
735 300 769 333 0.001937 2
821 327 889 345 0.001918 2
85 253 112 279 0.001865 2
697 300 768 339 0.001861 2
386 199 397 206 0.001847 2
1245 288 1279 320 0.001824 2
0 256 61 287 0.001822 2
472 422 584 444 0.001817 2
1104 290 1278 343 0.001791 2
316 200 334 231 0.001788 2
1093 211 1137 248 0.001781 2
208 399 224 413 0.001775 2
0 255 90 290 0.001772 2
493 424 592 454 0.001753 2
43 237 92 279 0.001749 2
591 422 608 452 0.001734 2
671 455 683 463 0.001730 2
192 233 226 258 0.001693 2
767 343 784 352 0.001681 2
1008 199 1041 230 0.001680 2
648 295 1195 472 0.001668 2
509 231 544 252 0.001667 2
855 438 895 532 0.001654 2
0 262 24 294 0.001648 2
853 415 914 549 0.001643 2
768 343 784 354 0.001620 2
614 358 623 373 0.001612 2
878 198 909 236 0.001610 2
0 256 324 397 0.001607 2
613 321 669 385 0.001593 2
386 199 396 206 0.001593 2
31 256 63 292 0.001587 2
1022 272 1263 342 0.001587 2
1112 216 1140 229 0.001565 2
478 172 516 207 0.001553 2
623 265 772 384 0.001541 2
1008 208 1026 230 0.001524 2
827 327 847 375 0.001521 2
590 194 625 214 0.001517 2
464 409 576 442 0.001511 2
47 407 78 423 0.001510 2
0 281 24 294 0.001508 2
0 395 32 422 0.001500 2
452 204 465 223 0.001497 2
624 276 686 347 0.001493 2
1134 299 1168 323 0.001490 2
3 254 95 290 0.001477 2
52 249 112 278 0.001475 2
630 372 658 394 0.001461 2
1262 199 1278 229 0.001460 2
601 322 664 379 0.001459 2
207 397 224 415 0.001455 2
719 317 744 342 0.001442 2
202 396 224 415 0.001436 2
622 255 770 381 0.001430 2
622 324 668 362 0.001430 2
1034 310 1146 343 0.001416 2
1005 193 1068 228 0.001415 2
192 231 226 256 0.001404 2
0 256 52 288 0.001395 2
719 323 748 344 0.001391 2
1101 288 1280 348 0.001389 2
661 456 672 463 0.001387 2
115 234 158 256 0.001383 2
625 326 672 356 0.001383 2
1151 293 1251 324 0.001380 2
0 256 16 288 0.001378 2
1108 188 1121 202 0.001364 2
1018 310 1144 343 0.001361 2
1087 321 1125 341 0.001334 2
929 198 955 213 0.001322 2
693 299 768 359 0.001316 2
591 422 608 433 0.001312 2
1005 195 1053 228 0.001312 2
665 298 769 368 0.001310 2
624 314 676 353 0.001310 2
0 256 17 283 0.001309 2
628 331 645 344 0.001306 2
9 234 195 275 0.001304 2
1263 168 1279 181 0.001301 2
1063 215 1116 252 0.001285 2
716 300 767 320 0.001283 2
460 414 560 449 0.001275 2
640 342 1024 477 0.001274 2
47 407 68 423 0.001270 2
1068 207 1079 225 0.001268 2
599 320 607 328 0.001266 2
47 408 65 423 0.001265 2
589 203 613 214 0.001264 2
463 410 522 445 0.001263 2
68 236 193 322 0.001258 2
464 418 497 445 0.001257 2
856 400 922 548 0.001253 2
529 188 548 215 0.001252 2
463 419 496 446 0.001246 2
93 236 193 327 0.001243 2
55 228 99 255 0.001237 2
1008 194 1040 220 0.001229 2
547 248 599 280 0.001227 2
114 233 161 256 0.001227 2
1089 220 1120 249 0.001217 2
491 424 591 442 0.001212 2
720 317 739 333 0.001210 2
0 250 15 284 0.001203 2
704 316 751 353 0.001203 2
460 421 586 443 0.001194 2
470 422 582 450 0.001183 2
47 407 79 424 0.001179 2
192 236 225 260 0.001174 2
32 275 49 295 0.001173 2
0 258 18 289 0.001166 2
158 239 217 277 0.001165 2
752 343 784 360 0.001164 2
272 181 316 199 0.001158 2
0 398 32 422 0.001153 2
662 271 688 283 0.001151 2
319 205 354 253 0.001149 2
621 324 681 375 0.001143 2
2 252 113 289 0.001141 2
0 279 14 294 0.001136 2
851 431 896 548 0.001135 2
1074 196 1094 211 0.001133 2
640 343 986 473 0.001131 2
98 244 158 300 0.001130 2
325 192 338 200 0.001127 2
723 322 745 341 0.001124 2
698 305 751 343 0.001124 2
840 432 896 597 0.001116 2
478 178 527 255 0.001114 2
462 303 538 345 0.001098 2
1026 280 1262 341 0.001097 2
1263 214 1272 226 0.001096 2
40 236 192 299 0.001090 2
1008 193 1045 227 0.001088 2
305 185 324 201 0.001084 2
613 359 623 376 0.001082 2
623 282 722 380 0.001079 2
463 415 581 448 0.001072 2
647 455 656 461 0.001066 2
465 409 584 441 0.001059 2
483 173 519 215 0.001058 2
636 374 651 393 0.001056 2
720 317 737 333 0.001055 2
617 322 674 384 0.001050 2
1104 297 1151 343 0.001048 2
550 203 562 216 0.001042 2
36 256 64 279 0.001038 2
797 330 848 365 0.001037 2
475 173 512 212 0.001029 2
609 325 663 360 0.001027 2
85 251 130 286 0.001019 2
1104 292 1280 338 0.001010 2
125 235 162 287 0.001009 2
191 238 226 273 0.001003 2
1103 287 1279 353 0.001000 2
558 181 579 203 0.000998 2
159 233 225 258 0.000984 2
48 236 106 262 0.000977 2
708 296 765 311 0.000969 2
631 372 649 393 0.000968 2
661 273 688 284 0.000966 2
0 237 24 285 0.000966 2
1109 211 1175 249 0.000961 2
625 327 652 346 0.000956 2
272 184 321 200 0.000955 2
664 209 1198 477 0.000947 2
357 218 368 231 0.000941 2
663 274 688 284 0.000940 2
480 172 515 195 0.000937 2
1087 319 1120 339 0.000931 2
623 281 728 372 0.000930 2
462 411 544 443 0.000930 2
871 177 959 245 0.000928 2
933 201 956 216 0.000924 2
37 254 89 292 0.000919 2
597 327 624 344 0.000916 2
624 326 651 344 0.000910 2
624 326 653 345 0.000905 2
0 239 16 286 0.000901 2
32 277 49 295 0.000898 2
692 295 767 323 0.000896 2
467 300 537 344 0.000892 2
545 187 572 216 0.000883 2
674 199 698 232 0.000883 2
595 324 664 368 0.000881 2
752 343 762 359 0.000874 2
2 248 167 288 0.000873 2
1151 296 1269 323 0.000871 2
764 329 847 387 0.000865 2
704 300 768 326 0.000864 2
709 318 743 343 0.000859 2
446 200 466 222 0.000855 2
1225 180 1279 220 0.000854 2
623 279 740 361 0.000854 2
1123 285 1279 323 0.000850 2
1 256 387 397 0.000847 2
0 400 32 422 0.000845 2
559 249 600 279 0.000841 2
16 239 192 293 0.000841 2
1248 198 1278 232 0.000840 2
53 253 94 289 0.000838 2
124 240 161 304 0.000836 2
1196 298 1246 319 0.000833 2
488 235 563 280 0.000832 2
105 231 231 276 0.000830 2
192 238 223 275 0.000829 2
1066 197 1091 219 0.000822 2
17 252 110 280 0.000821 2
463 291 537 344 0.000819 2
48 253 92 289 0.000816 2
472 419 582 446 0.000815 2
656 454 666 462 0.000814 2
715 328 748 359 0.000808 2
702 298 769 319 0.000805 2
633 383 656 397 0.000803 2
524 231 544 248 0.000801 2
823 327 868 344 0.000800 2
356 217 368 230 0.000799 2
1104 296 1146 342 0.000798 2
688 295 720 329 0.000797 2
918 188 955 224 0.000795 2
1180 289 1280 320 0.000793 2
598 326 624 344 0.000788 2
856 430 896 509 0.000787 2
1009 274 1280 326 0.000778 2
752 344 760 359 0.000775 2
115 235 160 254 0.000774 2
880 177 958 211 0.000773 2
274 184 294 193 0.000769 2
624 307 682 352 0.000765 2
0 281 6 294 0.000760 2
464 424 496 448 0.000760 2
1001 327 1089 344 0.000758 2
615 323 955 471 0.000752 2
1136 295 1271 322 0.000752 2
912 178 954 210 0.000750 2
550 179 579 216 0.000750 2
470 415 592 456 0.000749 2
907 178 958 243 0.000748 2
4 398 32 420 0.000748 2
294 177 309 198 0.000746 2
717 324 755 359 0.000745 2
906 178 949 204 0.000745 2
1101 175 1121 204 0.000743 2
911 179 956 211 0.000743 2
713 329 775 360 0.000741 2
698 296 766 315 0.000741 2
621 264 811 454 0.000740 2
857 431 896 491 0.000740 2
1 232 199 287 0.000734 2
102 249 140 294 0.000731 2
634 380 657 399 0.000730 2
1192 291 1280 320 0.000728 2
478 420 583 441 0.000725 2
2 154 353 401 0.000722 2
466 399 598 451 0.000715 2
863 327 886 343 0.000714 2
1086 320 1117 338 0.000713 2
394 392 760 457 0.000713 2
194 244 225 275 0.000704 2
58 224 99 253 0.000703 2
1170 283 1280 319 0.000702 2
1003 194 1070 262 0.000700 2
623 278 665 346 0.000700 2
210 241 225 256 0.000699 2
830 135 943 173 0.000698 2
1013 274 1237 342 0.000694 2
598 325 663 377 0.000692 2
463 387 592 452 0.000691 2
438 248 540 345 0.000687 2
486 422 588 441 0.000686 2
499 231 543 254 0.000686 2
161 229 227 274 0.000682 2
1023 296 1280 360 0.000681 2
927 136 944 168 0.000676 2
307 184 332 198 0.000673 2
500 304 536 337 0.000669 2
1083 320 1135 342 0.000668 2
510 389 597 434 0.000667 2
1079 215 1096 232 0.000667 2
1146 305 1168 323 0.000666 2
469 281 537 341 0.000665 2
503 231 545 254 0.000663 2
304 186 332 231 0.000662 2
1103 297 1280 342 0.000659 2
1225 180 1279 233 0.000658 2
160 236 193 295 0.000658 2
631 375 657 398 0.000657 2
639 273 656 283 0.000656 2
509 385 610 435 0.000656 2
685 295 726 335 0.000654 2
531 248 600 279 0.000653 2
1199 295 1236 319 0.000650 2
787 331 848 392 0.000650 2
624 307 696 351 0.000649 2
401 411 591 454 0.000649 2
10 233 151 263 0.000647 2
255 415 264 423 0.000646 2
853 402 908 549 0.000644 2
319 210 332 249 0.000643 2
463 424 484 451 0.000640 2
464 409 519 447 0.000639 2
761 343 785 359 0.000638 2
656 329 665 345 0.000638 2
718 323 749 359 0.000634 2
434 158 556 313 0.000633 2
1239 284 1279 319 0.000632 2
590 423 608 454 0.000632 2
1242 288 1279 319 0.000630 2
1261 211 1278 238 0.000628 2
753 447 834 474 0.000628 2
1125 297 1256 322 0.000627 2
1228 167 1279 181 0.000626 2
1005 277 1149 342 0.000626 2
692 295 720 312 0.000615 2
1195 281 1280 319 0.000615 2
975 271 1277 335 0.000613 2
638 273 656 286 0.000610 2
736 297 765 309 0.000608 2
866 176 943 204 0.000604 2
430 425 448 441 0.000601 2
457 410 586 441 0.000601 2
634 379 661 393 0.000600 2
310 201 331 232 0.000600 2
497 304 535 337 0.000599 2
47 438 65 449 0.000597 2
791 298 995 369 0.000597 2
318 205 331 233 0.000592 2
717 326 755 345 0.000591 2
1121 297 1163 324 0.000590 2
985 313 1279 363 0.000587 2
1022 311 1099 342 0.000586 2
856 446 896 529 0.000584 2
857 433 895 513 0.000580 2
623 302 671 350 0.000579 2
638 272 690 284 0.000579 2
607 447 624 463 0.000573 2
468 306 535 346 0.000573 2
552 248 597 279 0.000573 2
437 162 559 264 0.000573 2
1086 265 1277 323 0.000573 2
75 229 112 254 0.000571 2
687 352 694 359 0.000567 2
922 196 971 216 0.000564 2
313 199 388 242 0.000558 2
0 396 28 418 0.000556 2
700 192 778 245 0.000554 2
462 421 493 447 0.000553 2
705 299 734 312 0.000552 2
928 203 977 216 0.000547 2
599 323 659 386 0.000547 2
291 199 390 278 0.000547 2
540 245 600 280 0.000546 2
430 424 448 441 0.000542 2
468 236 556 281 0.000542 2
327 198 376 235 0.000542 2
159 236 193 288 0.000542 2
624 274 678 340 0.000541 2
1080 215 1096 232 0.000541 2
328 201 371 253 0.000541 2
829 134 942 163 0.000540 2
321 206 353 232 0.000539 2
1147 297 1260 323 0.000538 2
857 136 940 173 0.000537 2
607 358 623 368 0.000537 2
463 424 480 448 0.000535 2
1261 196 1279 270 0.000534 2
575 431 592 458 0.000531 2
1248 198 1275 238 0.000530 2
1245 284 1279 314 0.000528 2
767 324 848 382 0.000528 2
1198 285 1270 319 0.000525 2
853 429 912 543 0.000525 2
1172 277 1249 319 0.000523 2
190 392 224 416 0.000520 2
1002 328 1081 344 0.000519 2
486 245 578 281 0.000519 2
1072 203 1096 230 0.000518 2
1199 290 1278 320 0.000516 2
768 331 848 383 0.000515 2
636 689 672 703 0.000510 2
789 331 848 386 0.000509 2
205 235 226 255 0.000508 2
821 326 883 344 0.000507 2
473 305 535 349 0.000506 2
430 422 448 440 0.000502 2
349 198 389 226 0.000501 2
1070 294 1280 357 0.000500 2
1151 288 1279 322 0.000500 2
1263 211 1279 271 0.000500 2
847 432 876 480 0.000500 2
764 463 800 474 0.000498 2
499 305 534 336 0.000496 2
313 196 336 231 0.000494 2
717 312 768 350 0.000493 2
857 428 896 502 0.000492 2
1 250 417 518 0.000491 2
759 443 833 474 0.000490 2
483 232 549 279 0.000488 2
629 363 658 395 0.000485 2
506 396 587 435 0.000484 2
607 447 624 465 0.000483 2
1038 266 1279 318 0.000482 2
846 302 1279 625 0.000482 2
457 305 525 344 0.000478 2
734 200 756 232 0.000477 2
353 192 368 200 0.000476 2
623 318 653 346 0.000476 2
506 389 594 444 0.000475 2
737 296 762 308 0.000472 2
618 263 780 465 0.000471 2
1232 178 1279 216 0.000471 2
1003 311 1140 343 0.000471 2
1263 166 1279 232 0.000471 2
784 327 848 362 0.000466 2
553 248 600 280 0.000465 2
501 196 518 231 0.000465 2
1098 189 1121 209 0.000465 2
1184 193 1230 263 0.000463 2
1240 291 1279 320 0.000462 2
599 325 653 344 0.000460 2
498 309 532 347 0.000459 2
297 199 390 288 0.000459 2
575 429 592 457 0.000456 2
47 407 79 448 0.000455 2
509 392 586 434 0.000455 2
686 298 731 341 0.000455 2
1133 297 1244 323 0.000454 2
188 227 227 261 0.000452 2
427 222 439 231 0.000452 2
449 205 466 223 0.000451 2
300 187 331 232 0.000450 2
1246 293 1279 321 0.000449 2
49 407 80 426 0.000448 2
499 305 535 335 0.000447 2
856 431 895 479 0.000446 2
853 431 896 533 0.000445 2
430 420 449 441 0.000445 2
129 237 197 285 0.000442 2
461 421 546 450 0.000442 2
470 258 539 324 0.000441 2
853 445 912 538 0.000440 2
60 253 108 288 0.000438 2
623 289 690 346 0.000438 2
48 433 80 468 0.000437 2
308 198 388 261 0.000436 2
498 303 535 334 0.000436 2
1226 176 1277 234 0.000435 2
866 176 943 207 0.000434 2
510 393 581 432 0.000433 2
502 306 537 350 0.000432 2
1083 324 1117 341 0.000432 2
56 224 93 247 0.000430 2
492 423 590 440 0.000429 2
685 310 720 343 0.000426 2
62 265 95 288 0.000423 2
509 372 611 435 0.000422 2
990 312 1146 363 0.000421 2
617 211 772 376 0.000418 2
629 356 659 395 0.000417 2
682 310 721 363 0.000417 2
527 247 602 281 0.000416 2
438 152 553 262 0.000414 2
98 226 194 274 0.000411 2
71 251 122 291 0.000411 2
1 396 98 422 0.000410 2
463 429 476 449 0.000410 2
961 308 1280 365 0.000410 2
159 396 191 422 0.000410 2
530 250 560 281 0.000410 2
450 224 563 344 0.000409 2
850 432 880 477 0.000408 2
827 327 848 384 0.000408 2
0 237 221 398 0.000407 2
463 409 506 447 0.000407 2
293 177 315 198 0.000407 2
263 455 273 461 0.000406 2
462 409 523 439 0.000403 2
847 278 1278 555 0.000402 2
707 299 852 367 0.000401 2
462 380 593 451 0.000400 2
868 176 944 196 0.000400 2
1199 279 1238 318 0.000399 2
575 437 592 457 0.000398 2
30 256 64 294 0.000398 2
613 323 663 392 0.000398 2
0 398 79 423 0.000396 2
706 296 719 310 0.000396 2
304 201 331 232 0.000393 2
1099 161 1212 218 0.000392 2
488 425 592 455 0.000391 2
1262 168 1279 201 0.000391 2
530 200 555 221 0.000389 2
1247 288 1279 318 0.000388 2
670 449 688 463 0.000388 2
0 396 19 414 0.000387 2
1011 235 1279 333 0.000386 2
687 295 720 335 0.000386 2
191 392 210 416 0.000385 2
1061 199 1113 254 0.000384 2
627 331 659 395 0.000384 2
597 323 622 344 0.000383 2
1104 293 1150 343 0.000382 2
559 200 583 216 0.000380 2
646 312 1218 489 0.000380 2
929 292 1097 383 0.000379 2
595 327 627 346 0.000379 2
754 438 836 474 0.000379 2
1018 322 1041 337 0.000378 2
750 449 831 474 0.000377 2
643 233 1224 477 0.000376 2
595 319 624 345 0.000375 2
484 424 591 441 0.000374 2
47 439 64 449 0.000372 2
735 535 744 543 0.000371 2
159 393 192 419 0.000370 2
0 260 51 295 0.000370 2
797 337 848 388 0.000369 2
594 302 660 383 0.000369 2
110 233 161 254 0.000369 2
1132 295 1159 323 0.000369 2
1225 179 1279 201 0.000367 2
1007 326 1077 338 0.000367 2
116 231 175 251 0.000365 2
622 282 702 384 0.000363 2
1103 167 1121 203 0.000362 2
978 324 1087 379 0.000361 2
955 321 1280 387 0.000360 2
925 135 940 152 0.000360 2
1020 323 1076 340 0.000355 2
1022 311 1084 337 0.000355 2
1086 203 1127 233 0.000355 2
1198 280 1261 318 0.000352 2
854 475 896 552 0.000352 2
173 206 184 216 0.000352 2
672 461 683 471 0.000351 2
655 327 669 347 0.000351 2
105 398 166 425 0.000350 2
1128 283 1237 324 0.000350 2
0 394 80 423 0.000348 2
462 259 537 343 0.000347 2
737 294 769 314 0.000347 2
860 433 889 459 0.000346 2
197 244 242 275 0.000344 2
950 277 1161 341 0.000343 2
1129 276 1245 321 0.000343 2
568 535 576 543 0.000340 2
751 460 798 475 0.000340 2
676 263 768 314 0.000337 2
846 448 876 477 0.000337 2
47 406 80 443 0.000337 2
634 265 792 329 0.000336 2
607 452 641 468 0.000336 2
942 306 1001 344 0.000334 2
459 236 558 281 0.000333 2
612 341 950 471 0.000333 2
641 290 1236 476 0.000333 2
847 457 864 477 0.000333 2
602 319 624 345 0.000332 2
1130 280 1236 322 0.000331 2
854 430 896 519 0.000331 2
1150 299 1240 323 0.000330 2
1131 288 1178 324 0.000329 2
100 221 197 274 0.000329 2
721 204 755 234 0.000328 2
535 260 774 434 0.000327 2
899 330 922 344 0.000327 2
127 237 169 283 0.000326 2
1143 297 1225 323 0.000326 2
504 327 512 335 0.000326 2
1100 208 1138 230 0.000325 2
1108 312 1144 342 0.000324 2
111 406 143 426 0.000324 2
125 240 163 303 0.000323 2
2 249 418 401 0.000323 2
1029 268 1248 298 0.000320 2
640 454 654 462 0.000320 2
506 400 587 435 0.000319 2
599 463 608 470 0.000316 2
111 408 140 426 0.000316 2
575 429 592 453 0.000314 2
623 281 659 348 0.000314 2
492 424 587 451 0.000313 2
925 136 945 184 0.000312 2
506 313 533 349 0.000311 2
1124 278 1209 320 0.000310 2
715 338 781 378 0.000310 2
592 528 600 535 0.000310 2
620 236 657 286 0.000309 2
1100 207 1144 231 0.000308 2
529 202 548 221 0.000308 2
389 370 598 450 0.000307 2
1111 286 1279 357 0.000307 2
854 136 942 153 0.000307 2
716 332 761 366 0.000307 2
990 281 1008 303 0.000306 2
679 309 722 379 0.000305 2
914 185 955 212 0.000305 2
809 313 906 344 0.000305 2
857 135 940 153 0.000303 2
464 413 592 455 0.000303 2
999 272 1279 398 0.000303 2
711 345 720 359 0.000300 2
938 298 1098 349 0.000298 2
209 248 241 274 0.000298 2
160 235 206 301 0.000298 2
686 294 720 318 0.000298 2
463 409 500 445 0.000298 2
658 272 768 321 0.000297 2
111 410 137 426 0.000297 2
831 420 840 430 0.000297 2
1128 277 1237 324 0.000296 2
955 285 1009 310 0.000296 2
1066 324 1116 342 0.000295 2
47 435 80 455 0.000295 2
47 404 79 459 0.000294 2
751 461 795 474 0.000294 2
830 584 880 703 0.000294 2
1 179 477 393 0.000293 2
464 422 499 446 0.000292 2
476 309 537 357 0.000291 2
0 397 32 463 0.000291 2
559 248 600 273 0.000291 2
8 396 84 423 0.000290 2
366 200 384 218 0.000290 2
941 294 1007 346 0.000290 2
981 322 1278 387 0.000290 2
47 403 80 477 0.000289 2
742 361 752 374 0.000288 2
1002 269 1279 416 0.000288 2
996 328 1087 345 0.000288 2
1021 268 1280 307 0.000288 2
756 344 1000 449 0.000287 2
1148 294 1269 322 0.000286 2
997 204 1007 224 0.000285 2
450 154 522 173 0.000285 2
663 268 768 315 0.000284 2
923 297 1097 406 0.000283 2
623 248 657 286 0.000283 2
493 376 614 444 0.000283 2
674 347 703 375 0.000280 2
446 424 462 444 0.000279 2
1225 167 1280 184 0.000278 2
797 338 847 394 0.000278 2
158 240 217 298 0.000277 2
1005 270 1159 339 0.000277 2
507 247 805 455 0.000276 2
159 397 192 419 0.000276 2
158 216 236 268 0.000276 2
463 423 524 452 0.000276 2
586 323 661 382 0.000275 2
479 234 550 277 0.000275 2
0 398 58 423 0.000274 2
0 396 32 455 0.000274 2
596 326 628 366 0.000273 2
308 188 339 215 0.000273 2
324 230 352 251 0.000271 2
488 408 526 437 0.000271 2
509 364 614 433 0.000271 2
858 309 1278 517 0.000270 2
599 319 657 346 0.000270 2
761 348 967 473 0.000268 2
778 463 803 474 0.000267 2
703 472 711 478 0.000266 2
434 170 567 332 0.000265 2
459 265 534 344 0.000265 2
1003 191 1038 231 0.000264 2
53 435 79 451 0.000263 2
0 254 234 398 0.000263 2
958 321 1280 427 0.000263 2
327 201 369 274 0.000263 2
112 398 191 423 0.000262 2
429 414 448 426 0.000262 2
763 348 988 464 0.000262 2
952 279 1026 310 0.000261 2
1121 64 1153 75 0.000261 2
983 310 1276 368 0.000261 2
196 239 241 270 0.000260 2
689 263 776 315 0.000260 2
966 290 1007 314 0.000259 2
559 248 601 277 0.000259 2
606 204 772 370 0.000259 2
560 197 621 217 0.000258 2
956 206 981 218 0.000258 2
936 279 1131 343 0.000257 2
493 313 536 351 0.000256 2
979 316 1277 386 0.000256 2
980 324 1088 363 0.000255 2
636 272 694 286 0.000255 2
844 178 931 239 0.000255 2
166 239 194 299 0.000254 2
942 302 1013 347 0.000251 2
596 359 608 376 0.000251 2
764 457 834 474 0.000251 2
606 358 624 377 0.000251 2
511 392 578 430 0.000250 2
154 230 181 251 0.000250 2
847 460 862 479 0.000249 2
629 347 658 395 0.000249 2
500 304 537 334 0.000248 2
212 247 242 268 0.000247 2
1024 308 1097 339 0.000247 2
4 237 204 341 0.000247 2
622 283 719 393 0.000247 2
999 311 1187 362 0.000246 2
849 136 940 152 0.000246 2
751 345 948 468 0.000246 2
586 269 658 377 0.000246 2
654 182 693 219 0.000246 2
0 249 134 362 0.000246 2
125 226 262 277 0.000245 2
982 323 1279 407 0.000245 2
763 354 945 474 0.000243 2
1003 327 1069 341 0.000243 2
640 689 697 703 0.000242 2
32 396 90 425 0.000242 2
431 414 448 425 0.000242 2
983 311 1147 366 0.000241 2
1227 283 1279 318 0.000241 2
623 271 744 347 0.000241 2
890 265 1094 356 0.000240 2
510 312 534 349 0.000240 2
831 415 843 427 0.000239 2
2 208 487 423 0.000238 2
643 678 656 690 0.000236 2
593 325 625 367 0.000235 2
654 272 760 316 0.000235 2
0 395 81 467 0.000234 2
64 238 195 329 0.000233 2
853 468 912 537 0.000232 2
501 253 797 462 0.000232 2
111 401 141 426 0.000231 2
1037 255 1105 297 0.000231 2
656 203 703 235 0.000231 2
122 238 204 303 0.000230 2
0 224 190 291 0.000230 2
773 335 847 387 0.000230 2
53 238 192 327 0.000230 2
954 288 1008 308 0.000230 2
846 433 876 521 0.000229 2
1098 163 1204 203 0.000229 2
111 399 154 426 0.000227 2
160 397 192 416 0.000227 2
164 237 208 300 0.000226 2
330 210 353 253 0.000226 2
583 424 608 460 0.000226 2
47 436 79 461 0.000225 2
1100 180 1183 248 0.000225 2
576 183 841 301 0.000225 2
751 428 767 456 0.000225 2
1155 277 1279 320 0.000224 2
262 181 338 218 0.000224 2
620 455 640 463 0.000223 2
975 304 998 328 0.000222 2
638 273 656 306 0.000222 2
724 340 989 444 0.000222 2
629 273 658 330 0.000221 2
624 276 657 330 0.000220 2
676 208 1177 456 0.000219 2
308 200 332 232 0.000219 2
159 396 182 423 0.000218 2
1165 278 1280 318 0.000218 2
971 297 1007 312 0.000218 2
156 237 195 301 0.000218 2
0 253 98 338 0.000216 2
1026 310 1093 340 0.000215 2
331 198 385 231 0.000215 2
510 349 614 433 0.000215 2
1104 278 1139 342 0.000214 2
1108 207 1142 227 0.000214 2
854 463 896 543 0.000213 2
519 427 592 457 0.000213 2
628 342 662 395 0.000213 2
751 429 768 441 0.000212 2
450 423 464 440 0.000212 2
591 425 608 456 0.000212 2
162 248 212 298 0.000211 2
1036 271 1110 296 0.000211 2
988 311 1140 343 0.000210 2
623 266 657 293 0.000210 2
377 370 815 467 0.000210 2
449 424 468 443 0.000209 2
957 307 1003 344 0.000208 2
853 416 912 534 0.000208 2
464 242 608 282 0.000207 2
619 422 656 462 0.000207 2
496 295 536 332 0.000206 2
982 326 1096 362 0.000206 2
47 405 72 445 0.000206 2
1071 258 1280 328 0.000206 2
944 305 1009 345 0.000206 2
1255 282 1279 299 0.000205 2
466 252 548 313 0.000204 2
623 277 657 336 0.000203 2
538 428 592 444 0.000202 2
938 316 1088 388 0.000201 2
501 306 538 337 0.000201 2
457 283 502 344 0.000201 2
1112 184 1150 210 0.000201 2
1263 256 1279 271 0.000200 2
911 344 970 384 0.000200 2
766 441 832 473 0.000200 2
1033 313 1093 341 0.000199 2
952 307 1004 345 0.000199 2
538 429 592 457 0.000198 2
661 343 707 377 0.000198 2
503 304 538 349 0.000198 2
689 454 709 469 0.000198 2
0 252 330 497 0.000198 2
851 337 915 374 0.000197 2
126 243 152 314 0.000197 2
509 387 590 434 0.000197 2
713 335 740 364 0.000196 2
502 432 530 450 0.000196 2
269 185 309 202 0.000195 2
849 339 914 377 0.000195 2
443 422 463 444 0.000195 2
109 398 197 424 0.000194 2
1091 292 1279 357 0.000193 2
321 198 388 240 0.000193 2
651 261 844 344 0.000193 2
46 224 117 263 0.000193 2
857 393 912 493 0.000191 2
351 190 366 200 0.000191 2
0 243 176 362 0.000191 2
492 263 536 340 0.000190 2
76 224 98 246 0.000190 2
964 378 1150 483 0.000190 2
289 177 313 198 0.000189 2
191 392 213 416 0.000189 2
40 237 197 332 0.000189 2
935 285 1011 329 0.000189 2
766 340 990 444 0.000189 2
207 392 224 412 0.000189 2
669 264 767 306 0.000189 2
0 439 8 446 0.000187 2
1104 282 1153 340 0.000187 2
119 245 148 311 0.000187 2
924 292 1014 372 0.000186 2
576 315 660 380 0.000186 2
955 292 1120 344 0.000185 2
429 166 686 232 0.000185 2
1102 162 1223 211 0.000185 2
942 275 1157 321 0.000184 2
452 255 587 369 0.000184 2
1178 225 1279 311 0.000184 2
641 687 685 703 0.000184 2
831 583 895 644 0.000184 2
470 259 538 318 0.000183 2
494 271 536 334 0.000182 2
1104 300 1140 338 0.000182 2
969 301 1004 328 0.000181 2
559 240 593 248 0.000181 2
93 402 140 426 0.000180 2
603 338 625 374 0.000180 2
158 393 188 421 0.000179 2
931 200 979 255 0.000179 2
123 239 183 302 0.000179 2
862 320 919 344 0.000179 2
859 444 895 493 0.000178 2
0 391 33 421 0.000178 2
527 257 567 282 0.000178 2
1171 295 1279 320 0.000178 2
622 209 803 282 0.000177 2
925 259 960 339 0.000177 2
785 316 848 344 0.000177 2
640 677 672 703 0.000177 2
609 461 633 470 0.000177 2
352 195 380 227 0.000176 2
780 343 991 448 0.000176 2
539 248 595 281 0.000176 2
17 407 50 423 0.000176 2
680 329 713 376 0.000176 2
672 255 680 264 0.000174 2
354 198 384 231 0.000174 2
830 582 892 651 0.000173 2
1199 275 1232 318 0.000173 2
1249 295 1279 318 0.000173 2
1131 278 1229 324 0.000172 2
857 405 922 482 0.000172 2
0 235 191 394 0.000172 2
1110 200 1171 239 0.000171 2
1114 281 1151 323 0.000171 2
661 256 690 283 0.000170 2
1114 186 1153 221 0.000169 2
491 230 785 437 0.000169 2
1197 278 1230 314 0.000169 2
1038 263 1110 296 0.000169 2
454 250 537 344 0.000168 2
0 392 28 413 0.000168 2
990 286 1280 485 0.000168 2
940 284 1009 308 0.000167 2
910 343 977 386 0.000167 2
159 414 171 423 0.000167 2
994 329 1074 347 0.000166 2
660 272 758 317 0.000166 2
450 244 607 378 0.000166 2
98 235 218 329 0.000165 2
989 378 1150 483 0.000165 2
462 389 500 443 0.000164 2
0 402 52 423 0.000164 2
1178 272 1231 287 0.000164 2
13 395 97 425 0.000164 2
508 391 592 436 0.000163 2
748 341 822 388 0.000163 2
447 396 505 451 0.000163 2
321 405 384 457 0.000163 2
514 425 592 456 0.000163 2
44 181 335 277 0.000162 2
270 182 328 229 0.000162 2
1204 297 1270 320 0.000162 2
463 389 500 439 0.000162 2
489 429 536 450 0.000162 2
507 423 590 439 0.000161 2
918 188 957 211 0.000161 2
728 345 926 472 0.000161 2
632 272 656 318 0.000160 2
417 425 446 441 0.000160 2
122 223 134 233 0.000159 2
1165 294 1280 322 0.000159 2
465 254 556 292 0.000159 2
475 261 537 342 0.000157 2
514 427 590 440 0.000157 2
856 421 913 505 0.000157 2
1212 271 1280 301 0.000157 2
430 421 449 456 0.000157 2
1263 255 1279 271 0.000156 2
383 454 416 471 0.000156 2
588 260 656 380 0.000155 2
767 348 951 474 0.000155 2
39 393 230 428 0.000155 2
686 293 710 317 0.000155 2
378 453 416 471 0.000155 2
494 426 593 455 0.000155 2
940 377 1149 484 0.000155 2
115 403 145 425 0.000155 2
914 144 946 192 0.000155 2
1235 290 1280 320 0.000154 2
474 260 537 325 0.000154 2
59 407 79 444 0.000153 2
125 245 172 319 0.000153 2
857 399 926 474 0.000153 2
699 264 767 283 0.000153 2
509 392 573 431 0.000153 2
61 403 80 467 0.000153 2
214 186 288 222 0.000152 2
641 208 676 229 0.000151 2
695 264 756 282 0.000151 2
1173 273 1229 291 0.000151 2
508 367 617 437 0.000151 2
168 217 298 272 0.000150 2
618 368 660 400 0.000150 2
849 335 912 371 0.000150 2
945 278 1018 309 0.000150 2
333 199 354 232 0.000148 2
1251 276 1279 295 0.000148 2
1106 300 1170 340 0.000148 2
1126 273 1237 302 0.000148 2
1 253 113 343 0.000147 2
695 264 780 289 0.000147 2
627 324 677 379 0.000147 2
822 456 849 476 0.000147 2
701 264 757 282 0.000147 2
944 289 1012 336 0.000146 2
0 403 67 450 0.000146 2
642 204 678 225 0.000145 2
661 259 690 283 0.000145 2
717 338 756 376 0.000145 2
356 205 380 233 0.000145 2
1153 300 1209 323 0.000144 2
854 341 914 376 0.000144 2
895 377 1148 485 0.000143 2
1198 295 1267 320 0.000143 2
647 264 762 311 0.000143 2
675 247 981 363 0.000142 2
623 269 657 322 0.000141 2
848 315 1256 581 0.000141 2
639 258 691 283 0.000140 2
594 323 660 401 0.000140 2
0 240 137 399 0.000140 2
629 355 651 379 0.000140 2
731 342 786 379 0.000140 2
247 191 275 228 0.000139 2
798 351 848 392 0.000139 2
606 463 629 471 0.000137 2
0 251 192 399 0.000137 2
509 247 562 281 0.000137 2
151 223 274 279 0.000137 2
729 339 931 449 0.000137 2
280 178 328 232 0.000137 2
446 390 503 446 0.000137 2
798 352 845 394 0.000136 2
0 395 113 422 0.000136 2
244 211 270 233 0.000136 2
965 284 1009 324 0.000135 2
1198 275 1280 297 0.000135 2
912 276 1148 308 0.000135 2
911 344 960 377 0.000135 2
1134 293 1185 324 0.000135 2
975 308 1109 344 0.000134 2
240 399 256 438 0.000134 2
308 409 320 420 0.000134 2
1130 278 1207 324 0.000134 2
570 255 659 381 0.000134 2
567 240 591 248 0.000134 2
329 378 658 516 0.000134 2
691 461 705 470 0.000133 2
747 426 816 476 0.000132 2
977 264 1279 460 0.000132 2
469 259 556 282 0.000132 2
112 399 171 424 0.000131 2
607 458 628 470 0.000131 2
772 468 793 477 0.000131 2
275 234 288 246 0.000131 2
866 174 939 210 0.000131 2
787 333 987 440 0.000130 2
267 390 288 399 0.000130 2
416 418 450 440 0.000130 2
422 64 499 93 0.000129 2
852 400 919 535 0.000129 2
93 231 253 302 0.000129 2
914 145 996 195 0.000129 2
1005 377 1150 480 0.000128 2
1151 163 1203 186 0.000127 2
1187 265 1231 288 0.000127 2
940 272 1008 345 0.000126 2
953 239 1025 305 0.000126 2
869 417 912 550 0.000126 2
1107 306 1185 344 0.000126 2
109 397 166 425 0.000126 2
911 177 936 188 0.000126 2
1021 267 1122 333 0.000125 2
195 256 224 289 0.000125 2
464 426 480 455 0.000125 2
426 64 501 96 0.000125 2
244 196 275 234 0.000125 2
829 395 911 446 0.000125 2
628 233 694 286 0.000125 2
829 408 895 462 0.000124 2
976 310 997 332 0.000124 2
507 394 554 432 0.000124 2
756 318 926 406 0.000124 2
1044 264 1110 296 0.000124 2
822 321 848 344 0.000123 2
159 398 178 423 0.000123 2
488 247 831 461 0.000123 2
335 195 383 224 0.000123 2
40 393 249 478 0.000123 2
986 315 1266 384 0.000123 2
526 423 589 440 0.000122 2
590 423 627 455 0.000122 2
832 465 845 486 0.000122 2
268 185 323 226 0.000122 2
632 379 676 408 0.000122 2
481 424 592 456 0.000121 2
1113 187 1168 230 0.000121 2
628 270 706 324 0.000121 2
961 322 1280 479 0.000120 2
116 399 182 424 0.000120 2
620 357 634 375 0.000120 2
496 407 517 425 0.000120 2
924 182 953 204 0.000120 2
466 429 496 455 0.000119 2
675 449 706 468 0.000119 2
794 339 987 449 0.000119 2
954 195 986 215 0.000119 2
560 248 600 260 0.000119 2
819 326 887 364 0.000119 2
980 320 1093 357 0.000118 2
334 205 353 232 0.000118 2
481 261 536 325 0.000118 2
623 274 655 286 0.000118 2
420 537 432 544 0.000118 2
245 231 289 247 0.000117 2
628 353 671 400 0.000117 2
589 424 626 464 0.000117 2
254 403 301 427 0.000117 2
471 258 545 320 0.000117 2
832 583 891 614 0.000117 2
0 421 64 453 0.000117 2
119 395 193 422 0.000117 2
583 454 591 461 0.000116 2
945 321 982 344 0.000116 2
866 269 1279 477 0.000116 2
0 392 20 413 0.000116 2
41 220 170 273 0.000115 2
826 411 881 472 0.000115 2
14 185 579 442 0.000115 2
424 157 611 426 0.000115 2
1086 310 1134 340 0.000115 2
873 204 1062 310 0.000115 2
725 360 753 375 0.000115 2
386 455 416 471 0.000115 2
1132 271 1244 297 0.000114 2
981 314 1167 386 0.000114 2
543 160 579 177 0.000114 2
1037 310 1118 339 0.000114 2
511 334 524 349 0.000114 2
462 403 519 437 0.000113 2
256 406 298 425 0.000113 2
465 252 596 449 0.000113 2
324 404 384 460 0.000113 2
461 263 533 310 0.000113 2
758 410 830 476 0.000113 2
814 332 986 445 0.000112 2
658 298 773 393 0.000111 2
991 318 1273 424 0.000111 2
622 362 649 386 0.000111 2
620 420 656 448 0.000110 2
764 391 916 474 0.000110 2
477 308 529 360 0.000110 2
1012 278 1143 338 0.000110 2
167 256 194 299 0.000110 2
918 303 1013 394 0.000110 2
717 342 786 402 0.000110 2
1 251 129 399 0.000109 2
706 306 837 374 0.000109 2
832 456 854 477 0.000109 2
948 306 1016 382 0.000109 2
750 455 819 475 0.000109 2
1062 323 1280 396 0.000109 2
508 404 589 438 0.000109 2
1055 275 1160 340 0.000108 2
115 397 194 422 0.000108 2
254 391 298 426 0.000108 2
650 296 772 383 0.000108 2
274 231 288 246 0.000107 2
542 237 651 379 0.000107 2
701 278 767 310 0.000107 2
831 583 888 619 0.000107 2
828 133 946 173 0.000107 2
603 440 654 469 0.000107 2
1200 293 1279 321 0.000107 2
853 455 896 537 0.000107 2
637 678 661 701 0.000107 2
227 251 241 276 0.000106 2
719 361 731 378 0.000106 2
1112 185 1135 212 0.000106 2
447 424 480 453 0.000106 2
45 401 133 424 0.000105 2
172 398 201 418 0.000105 2
463 261 519 302 0.000105 2
1167 264 1181 269 0.000104 2
821 469 832 478 0.000104 2
1033 272 1164 329 0.000104 2
603 344 623 364 0.000104 2
988 327 1090 359 0.000104 2
156 224 172 237 0.000103 2
945 307 1008 379 0.000103 2
863 359 911 382 0.000103 2
857 400 931 551 0.000103 2
160 205 182 216 0.000102 2
459 177 639 259 0.000102 2
497 294 539 334 0.000102 2
222 248 241 268 0.000101 2
1018 262 1122 333 0.000101 2
321 401 415 470 0.000101 2
1202 269 1232 288 0.000100 2
672 342 719 376 0.000100 2
365 453 415 472 0.000100 2
830 582 1105 703 0.001602 3
832 598 1100 703 0.001208 3
830 447 1101 703 0.001052 3
830 643 1101 703 0.000790 3
830 482 1273 703 0.000582 3
831 464 1243 703 0.000494 3
830 435 920 702 0.000423 3
829 437 1069 704 0.000391 3
830 587 1172 703 0.000353 3
829 437 932 704 0.000317 3
828 560 1114 703 0.000235 3
815 608 1120 704 0.000218 3
829 433 1037 703 0.000177 3
831 554 1268 703 0.000142 3
443 172 521 218 0.015106 5
441 165 576 220 0.004027 5
441 170 556 222 0.002953 5
444 170 581 218 0.002251 5
830 135 941 166 0.002033 5
827 135 941 168 0.000953 5
444 156 524 209 0.000733 5
444 178 484 220 0.000616 5
1006 257 1279 330 0.000596 5
981 254 1279 331 0.000487 5
1204 167 1279 209 0.000481 5
445 161 518 211 0.000453 5
448 144 526 173 0.000449 5
445 144 527 176 0.000431 5
1193 166 1279 211 0.000427 5
456 155 532 213 0.000413 5
444 178 480 219 0.000385 5
1217 165 1279 189 0.000288 5
1079 151 1280 267 0.000213 5
441 144 526 172 0.000163 5
431 171 453 204 0.000144 5
444 177 476 218 0.000142 5
428 157 711 276 0.000128 5
441 162 579 217 0.006714 6
442 168 580 215 0.005012 6
440 164 571 218 0.004042 6
640 269 992 473 0.001824 6
830 135 941 165 0.001685 6
830 135 942 168 0.001277 6
617 265 954 469 0.001255 6
830 135 941 161 0.000887 6
830 135 941 158 0.000555 6
417 144 568 235 0.000536 6
362 65 620 227 0.000388 6
399 66 632 223 0.000349 6
326 64 711 245 0.000343 6
814 134 942 163 0.000339 6
366 163 523 218 0.000284 6
640 347 982 474 0.000272 6
386 64 700 223 0.000228 6
34 393 279 485 0.000188 6
368 164 499 207 0.000155 6
382 165 524 218 0.000147 6
44 393 244 475 0.000144 6
0 393 304 486 0.000114 6
12 393 257 477 0.000111 6
234 404 412 473 0.000104 6
148 64 340 96 0.000104 6
866 177 955 235 0.249352 7
866 176 957 242 0.112769 7
803 177 956 239 0.072046 7
699 153 954 240 0.058282 7
707 153 805 228 0.056369 7
708 152 858 242 0.055626 7
705 152 853 235 0.047592 7
697 152 889 235 0.047574 7
701 153 804 231 0.044820 7
869 175 962 238 0.034502 7
818 175 955 241 0.031701 7
828 177 956 239 0.029718 7
698 153 860 234 0.029406 7
587 184 620 213 0.027388 7
867 176 961 248 0.025351 7
866 176 947 237 0.024724 7
740 172 954 241 0.022242 7
801 155 953 239 0.019139 7
698 156 790 234 0.016762 7
695 184 732 227 0.015707 7
1224 182 1279 266 0.012188 7
543 172 579 208 0.010255 7
541 172 580 213 0.009221 7
695 188 731 231 0.008659 7
699 184 732 224 0.008397 7
1183 171 1279 268 0.007420 7
587 185 626 215 0.007314 7
802 178 856 240 0.006785 7
802 182 854 242 0.006584 7
690 184 733 225 0.006570 7
866 176 949 230 0.006118 7
1184 193 1279 267 0.006075 7
689 154 955 265 0.006060 7
698 184 733 222 0.005690 7
500 171 579 215 0.005642 7
1207 179 1279 267 0.005487 7
696 180 741 234 0.005323 7
624 267 769 343 0.005240 7
488 170 579 213 0.004826 7
497 174 577 214 0.004530 7
598 190 637 217 0.004354 7
582 184 618 213 0.004013 7
867 176 984 250 0.003884 7
802 168 858 239 0.003866 7
802 177 862 241 0.003777 7
1184 229 1279 268 0.003499 7
693 158 773 232 0.003298 7
692 161 960 258 0.002676 7
586 181 625 213 0.002390 7
836 132 953 237 0.002273 7
1178 165 1279 267 0.002244 7
587 168 621 213 0.002142 7
624 289 769 344 0.001983 7
1183 198 1279 269 0.001948 7
1222 174 1279 264 0.001866 7
1022 271 1265 332 0.001834 7
685 153 957 277 0.001780 7
866 177 969 238 0.001773 7
809 176 958 274 0.001745 7
537 171 578 216 0.001724 7
801 135 949 238 0.001713 7
1010 270 1280 331 0.001648 7
1259 192 1279 265 0.001508 7
697 134 952 244 0.001388 7
735 152 802 222 0.001376 7
803 183 854 236 0.001341 7
805 151 955 244 0.001268 7
619 110 954 472 0.001250 7
453 258 539 343 0.001245 7
1263 194 1279 265 0.001235 7
663 296 769 372 0.001227 7
541 171 578 207 0.001151 7
542 174 580 218 0.001148 7
714 152 797 210 0.001130 7
624 279 758 376 0.001129 7
822 134 950 246 0.001123 7
855 177 940 234 0.001088 7
1184 216 1279 270 0.001043 7
862 179 929 239 0.001024 7
1012 270 1269 339 0.000964 7
1023 268 1280 311 0.000915 7
736 152 803 211 0.000910 7
823 136 948 236 0.000872 7
1189 169 1279 233 0.000864 7
467 159 580 211 0.000846 7
693 183 731 224 0.000834 7
613 153 957 294 0.000821 7
1025 271 1261 302 0.000804 7
697 183 737 226 0.000730 7
580 177 619 212 0.000722 7
452 255 580 346 0.000721 7
453 249 541 344 0.000693 7
836 179 995 259 0.000683 7
1101 165 1204 206 0.000669 7
699 167 778 228 0.000622 7
536 165 637 214 0.000606 7
508 159 581 209 0.000592 7
803 159 857 223 0.000590 7
452 247 569 344 0.000580 7
1101 163 1211 206 0.000538 7
1216 166 1279 211 0.000527 7
802 186 855 239 0.000524 7
691 153 792 232 0.000505 7
718 162 794 211 0.000491 7
854 150 925 208 0.000481 7
445 176 472 218 0.000470 7
802 155 860 227 0.000435 7
713 151 793 214 0.000427 7
708 134 860 234 0.000419 7
572 153 927 322 0.000409 7
618 195 955 466 0.000400 7
537 175 627 215 0.000391 7
606 149 957 428 0.000386 7
662 294 722 374 0.000385 7
1099 166 1151 204 0.000384 7
742 152 803 215 0.000362 7
831 175 970 294 0.000359 7
725 151 788 209 0.000344 7
1101 161 1219 216 0.000342 7
1103 165 1156 208 0.000307 7
743 151 802 208 0.000285 7
706 124 857 226 0.000280 7
1104 175 1196 223 0.000271 7
845 174 939 235 0.000243 7
705 164 783 225 0.000240 7
803 195 954 306 0.000239 7
625 289 721 381 0.000236 7
1103 161 1212 208 0.000232 7
640 155 981 382 0.000182 7
715 152 801 191 0.000174 7
765 133 867 178 0.000171 7
1173 181 1280 300 0.000169 7
582 171 667 229 0.000167 7
705 121 818 224 0.000167 7
1102 166 1149 205 0.000153 7
688 115 953 243 0.000150 7
863 176 939 224 0.000146 7
640 182 975 376 0.000146 7
764 130 943 207 0.000145 7
657 294 719 375 0.000143 7
616 167 880 383 0.000142 7
661 166 971 337 0.000141 7
729 163 784 209 0.000138 7
587 185 658 247 0.000137 7
1019 199 1280 334 0.000133 7
617 186 952 430 0.000130 7
1104 165 1175 214 0.000128 7
692 132 811 222 0.000124 7
1221 162 1279 197 0.000123 7
700 161 756 233 0.000119 7
1178 171 1280 309 0.000114 7
468 141 580 210 0.000109 7
823 135 1014 263 0.000102 7
748 152 811 229 0.000101 7
1089 150 1103 177 0.630157 9
512 151 524 178 0.424800 9
513 151 525 179 0.113123 9
512 151 524 184 0.054477 9
239 178 246 190 0.049584 9
1215 167 1223 183 0.036985 9
448 157 490 171 0.036943 9
1106 310 1144 343 0.030234 9
239 177 246 190 0.028353 9
224 183 232 198 0.023615 9
372 168 382 184 0.020825 9
1088 150 1103 182 0.020806 9
1089 150 1105 178 0.020281 9
223 182 232 198 0.018483 9
517 192 523 204 0.017808 9
1215 167 1223 184 0.016861 9
95 152 104 176 0.016521 9
680 168 687 184 0.014844 9
680 166 687 184 0.014777 9
605 167 619 185 0.013892 9
865 151 883 176 0.013665 9
894 153 907 175 0.013379 9
877 153 892 173 0.013199 9
1225 165 1233 180 0.012698 9
367 167 375 187 0.012692 9
863 165 869 183 0.012327 9
1231 167 1246 181 0.012166 9
111 151 128 164 0.011859 9
867 152 881 177 0.011453 9
464 171 471 184 0.011131 9
95 153 104 176 0.010849 9
448 157 490 182 0.010569 9
665 182 671 192 0.010387 9
448 157 490 177 0.010086 9
847 182 858 201 0.009747 9
449 158 486 171 0.009469 9
313 149 342 186 0.009201 9
523 183 535 196 0.009139 9
895 153 907 177 0.008723 9
1208 169 1215 188 0.008684 9
845 151 858 166 0.008655 9
878 152 895 174 0.008123 9
517 191 526 201 0.007713 9
1013 135 1025 169 0.007643 9
874 152 893 176 0.007478 9
863 164 870 183 0.007444 9
512 151 527 190 0.007206 9
695 179 703 195 0.006919 9
588 174 600 185 0.006904 9
216 183 224 196 0.006872 9
1154 163 1168 184 0.006838 9
1207 167 1216 189 0.006799 9
1089 150 1104 184 0.006358 9
514 167 528 185 0.006022 9
864 151 880 176 0.005962 9
844 151 859 166 0.005855 9
258 179 262 190 0.005790 9
664 152 671 174 0.005593 9
663 152 671 174 0.005452 9
864 150 881 173 0.005343 9
111 151 128 165 0.005255 9
95 151 106 176 0.005066 9
606 160 619 184 0.005052 9
878 151 896 175 0.004964 9
362 167 369 188 0.004963 9
602 167 619 185 0.004842 9
697 177 705 186 0.004576 9
587 172 596 185 0.004530 9
572 162 580 178 0.004354 9
371 167 381 187 0.004285 9
575 180 581 199 0.004092 9
445 157 490 178 0.004040 9
693 177 699 189 0.004035 9
361 167 369 189 0.003778 9
313 148 341 189 0.003557 9
652 153 661 175 0.003481 9
698 124 704 152 0.003395 9
638 160 644 168 0.003377 9
927 148 938 168 0.003365 9
879 152 896 176 0.003266 9
811 153 858 180 0.003247 9
618 155 625 171 0.003236 9
1014 134 1025 166 0.003211 9
893 151 907 176 0.003155 9
512 145 525 179 0.003154 9
681 172 689 193 0.003131 9
608 158 619 177 0.003116 9
119 64 160 74 0.003103 9
1249 168 1257 180 0.003032 9
698 130 704 152 0.002952 9
652 151 671 175 0.002951 9
544 170 567 202 0.002919 9
371 167 381 186 0.002894 9
838 151 858 166 0.002655 9
810 160 857 179 0.002636 9
1088 150 1104 193 0.002615 9
692 119 704 152 0.002527 9
218 161 223 172 0.002522 9
692 121 705 153 0.002470 9
617 154 625 170 0.002463 9
894 152 909 176 0.002423 9
359 168 368 189 0.002358 9
810 156 857 180 0.002316 9
240 164 247 178 0.002277 9
520 183 536 200 0.002272 9
686 170 693 184 0.002268 9
365 167 375 189 0.002216 9
1146 165 1154 185 0.002208 9
689 168 697 183 0.002173 9
239 176 250 193 0.002096 9
697 152 708 180 0.002085 9
704 169 711 179 0.002083 9
606 155 623 185 0.002081 9
548 172 577 205 0.002002 9
831 135 860 167 0.002002 9
256 157 267 172 0.001997 9
542 171 578 206 0.001978 9
544 169 551 177 0.001969 9
1103 168 1120 203 0.001968 9
587 167 604 185 0.001967 9
256 147 267 161 0.001965 9
313 149 344 191 0.001956 9
810 155 855 179 0.001952 9
809 160 857 185 0.001933 9
698 152 706 177 0.001912 9
256 177 262 191 0.001896 9
312 148 338 189 0.001824 9
829 151 859 171 0.001821 9
1208 168 1216 199 0.001812 9
245 177 257 192 0.001810 9
587 168 599 185 0.001795 9
67 169 82 178 0.001788 9
119 64 129 71 0.001779 9
522 182 546 201 0.001772 9
247 176 257 191 0.001751 9
801 142 811 154 0.001731 9
544 172 581 204 0.001711 9
1108 313 1130 343 0.001622 9
215 164 227 177 0.001621 9
512 151 538 185 0.001606 9
810 158 857 179 0.001604 9
927 144 941 168 0.001592 9
1151 163 1168 184 0.001591 9
571 164 579 179 0.001578 9
1213 167 1224 198 0.001521 9
603 164 622 185 0.001513 9
111 137 128 164 0.001500 9
927 144 944 168 0.001484 9
690 118 708 153 0.001461 9
223 169 231 176 0.001451 9
1089 150 1109 178 0.001441 9
905 66 928 120 0.001421 9
510 171 548 195 0.001399 9
515 166 540 183 0.001368 9
445 156 492 207 0.001365 9
1211 166 1226 183 0.001340 9
441 148 531 213 0.001332 9
596 145 622 185 0.001320 9
1007 135 1021 170 0.001317 9
1007 135 1025 170 0.001305 9
814 139 823 153 0.001279 9
991 282 1002 303 0.001241 9
690 119 703 153 0.001237 9
664 173 671 190 0.001191 9
608 152 622 169 0.001190 9
699 118 717 155 0.001165 9
1151 159 1168 184 0.001137 9
1207 157 1216 187 0.001120 9
665 183 671 204 0.001112 9
696 130 707 180 0.001108 9
256 141 268 164 0.001090 9
214 176 248 193 0.001076 9
449 154 490 171 0.001069 9
522 173 546 184 0.001061 9
1012 133 1038 170 0.001059 9
1170 148 1184 168 0.001046 9
522 183 536 199 0.001039 9
809 163 854 180 0.001037 9
1102 167 1120 202 0.001008 9
638 161 649 183 0.001004 9
223 178 232 197 0.000992 9
513 180 525 200 0.000992 9
95 151 111 177 0.000989 9
265 215 275 232 0.000989 9
1140 164 1155 185 0.000986 9
173 64 203 90 0.000979 9
1008 135 1024 171 0.000967 9
1087 146 1104 177 0.000964 9
628 168 637 180 0.000962 9
313 152 342 192 0.000961 9
701 153 711 179 0.000949 9
496 151 525 204 0.000948 9
1212 167 1225 194 0.000936 9
650 154 657 175 0.000924 9
550 161 580 180 0.000914 9
927 143 944 181 0.000913 9
694 122 715 182 0.000909 9
119 64 162 78 0.000907 9
504 150 524 177 0.000892 9
624 151 631 168 0.000886 9
843 119 860 135 0.000880 9
119 64 203 87 0.000879 9
95 151 110 175 0.000877 9
572 178 582 200 0.000877 9
927 144 944 183 0.000876 9
704 171 711 183 0.000874 9
767 134 806 153 0.000873 9
258 143 268 161 0.000864 9
537 169 546 178 0.000864 9
767 135 816 154 0.000858 9
843 150 863 170 0.000850 9
94 149 111 176 0.000836 9
444 156 521 172 0.000831 9
767 135 794 153 0.000830 9
622 184 630 197 0.000815 9
463 182 473 199 0.000810 9
1012 135 1025 170 0.000808 9
259 167 272 179 0.000807 9
842 118 866 136 0.000805 9
624 172 638 188 0.000801 9
167 64 202 90 0.000795 9
1019 159 1030 169 0.000795 9
352 159 361 190 0.000786 9
96 184 101 200 0.000781 9
1173 117 1184 136 0.000779 9
787 137 809 154 0.000774 9
372 169 385 200 0.000774 9
344 172 353 199 0.000771 9
268 194 279 215 0.000769 9
766 134 828 154 0.000761 9
1225 162 1232 181 0.000756 9
847 118 865 136 0.000753 9
595 143 626 167 0.000742 9
813 151 832 162 0.000741 9
650 160 658 175 0.000738 9
847 177 868 208 0.000734 9
486 172 517 209 0.000729 9
597 145 609 164 0.000725 9
486 148 524 178 0.000705 9
120 64 166 74 0.000702 9
850 150 871 184 0.000700 9
95 183 101 200 0.000698 9
812 165 858 184 0.000694 9
67 170 81 194 0.000690 9
212 179 235 224 0.000688 9
700 126 713 153 0.000682 9
267 192 273 202 0.000679 9
387 198 396 206 0.000678 9
1132 166 1145 185 0.000676 9
575 131 581 162 0.000669 9
165 64 176 75 0.000667 9
581 277 590 289 0.000659 9
767 135 792 154 0.000653 9
580 64 595 70 0.000646 9
585 118 598 163 0.000645 9
586 123 598 162 0.000644 9
680 152 688 185 0.000639 9
595 64 625 93 0.000638 9
259 142 269 160 0.000635 9
1018 165 1032 186 0.000633 9
215 170 233 200 0.000628 9
154 64 203 91 0.000624 9
1108 154 1118 168 0.000624 9
208 181 215 199 0.000623 9
598 144 626 167 0.000621 9
240 161 248 177 0.000617 9
847 164 870 208 0.000617 9
541 169 574 206 0.000613 9
691 118 710 174 0.000610 9
1199 150 1207 177 0.000608 9
67 169 82 179 0.000604 9
701 127 713 155 0.000597 9
841 146 862 168 0.000595 9
1125 157 1169 184 0.000584 9
340 165 352 196 0.000583 9
928 69 944 120 0.000581 9
120 64 168 78 0.000581 9
841 119 854 135 0.000573 9
1075 149 1104 193 0.000573 9
690 119 705 165 0.000568 9
575 130 581 159 0.000567 9
624 151 631 168 0.000560 9
580 64 596 92 0.000557 9
993 142 1001 167 0.000557 9
445 157 511 171 0.000556 9
0 145 8 202 0.000556 9
67 169 87 178 0.000551 9
700 118 716 128 0.000547 9
1012 134 1032 169 0.000545 9
1209 156 1230 185 0.000542 9
1017 159 1033 186 0.000539 9
596 143 613 164 0.000539 9
639 168 650 184 0.000536 9
404 181 418 203 0.000533 9
315 182 339 196 0.000531 9
713 133 720 153 0.000530 9
68 170 80 199 0.000527 9
119 64 203 83 0.000526 9
624 168 637 185 0.000525 9
160 64 177 92 0.000525 9
624 173 638 189 0.000521 9
345 186 353 199 0.000520 9
652 147 672 175 0.000516 9
159 64 203 90 0.000515 9
1247 73 1263 94 0.000512 9
830 135 918 169 0.000507 9
1168 150 1185 168 0.000501 9
119 64 190 80 0.000499 9
766 70 784 138 0.000496 9
586 157 623 210 0.000496 9
260 170 271 187 0.000496 9
648 151 664 175 0.000494 9
691 117 717 184 0.000494 9
991 234 1007 302 0.000491 9
70 178 79 199 0.000490 9
1239 167 1261 181 0.000490 9
795 133 831 154 0.000489 9
120 64 182 76 0.000486 9
543 160 581 208 0.000486 9
1161 104 1186 136 0.000479 9
159 64 188 91 0.000479 9
119 64 160 79 0.000477 9
273 186 280 196 0.000477 9
752 363 760 374 0.000477 9
773 136 817 153 0.000474 9
719 535 729 555 0.000474 9
121 64 186 90 0.000470 9
831 135 860 154 0.000468 9
1170 152 1185 169 0.000467 9
1122 165 1147 185 0.000466 9
571 249 597 289 0.000458 9
997 134 1009 175 0.000457 9
222 177 244 193 0.000457 9
209 167 217 177 0.000456 9
579 301 593 316 0.000448 9
119 64 203 90 0.000448 9
999 123 1007 135 0.000447 9
700 118 719 129 0.000446 9
1202 151 1218 190 0.000444 9
464 143 524 177 0.000442 9
575 316 593 391 0.000441 9
1182 157 1199 186 0.000436 9
683 167 703 200 0.000434 9
351 162 362 190 0.000431 9
1118 165 1148 185 0.000430 9
415 170 429 203 0.000430 9
671 153 677 168 0.000428 9
340 163 353 195 0.000425 9
828 135 918 174 0.000422 9
416 169 438 203 0.000416 9
403 182 417 204 0.000415 9
805 152 856 180 0.000414 9
806 163 857 192 0.000414 9
787 116 833 136 0.000405 9
860 111 869 119 0.000405 9
678 167 688 190 0.000405 9
575 274 607 352 0.000403 9
624 64 638 74 0.000402 9
575 278 596 326 0.000399 9
576 286 595 344 0.000398 9
699 117 720 158 0.000398 9
1198 150 1215 187 0.000398 9
831 135 860 160 0.000396 9
159 64 178 93 0.000393 9
208 168 219 200 0.000392 9
254 102 262 128 0.000388 9
575 307 594 391 0.000378 9
847 271 856 311 0.000378 9
797 136 826 156 0.000374 9
705 130 720 175 0.000372 9
1226 161 1248 181 0.000372 9
1208 99 1233 174 0.000372 9
789 116 834 142 0.000370 9
320 64 368 171 0.000369 9
1211 102 1233 163 0.000360 9
313 142 352 190 0.000359 9
587 155 620 185 0.000359 9
866 135 941 178 0.000357 9
573 133 581 164 0.000354 9
752 69 784 139 0.000350 9
49 184 64 206 0.000349 9
1183 158 1201 187 0.000347 9
312 103 407 195 0.000343 9
415 172 423 203 0.000338 9
1101 166 1121 204 0.000334 9
649 180 657 199 0.000333 9
809 151 853 166 0.000332 9
333 182 344 199 0.000331 9
352 158 363 190 0.000331 9
596 327 609 373 0.000329 9
111 134 127 164 0.000329 9
719 536 729 557 0.000326 9
95 150 116 170 0.000324 9
312 97 367 190 0.000324 9
625 151 637 168 0.000323 9
945 167 960 183 0.000323 9
586 118 598 133 0.000323 9
689 153 704 179 0.000323 9
257 165 268 179 0.000321 9
512 148 542 184 0.000321 9
580 64 597 93 0.000320 9
703 128 720 175 0.000318 9
312 92 370 196 0.000318 9
256 145 269 171 0.000315 9
994 135 1002 169 0.000314 9
575 126 580 152 0.000314 9
1108 150 1119 167 0.000314 9
239 184 255 215 0.000313 9
444 159 490 217 0.000310 9
905 127 912 136 0.000305 9
996 134 1009 172 0.000304 9
767 75 784 138 0.000302 9
777 132 832 154 0.000301 9
680 147 689 163 0.000301 9
1105 166 1148 187 0.000300 9
643 168 657 185 0.000299 9
1078 150 1103 182 0.000297 9
725 150 735 160 0.000296 9
215 161 232 177 0.000295 9
1169 141 1184 162 0.000295 9
118 64 163 76 0.000293 9
399 184 409 202 0.000290 9
685 120 707 180 0.000289 9
444 176 486 218 0.000288 9
1022 157 1039 168 0.000288 9
576 282 594 348 0.000287 9
861 115 870 136 0.000286 9
377 151 384 161 0.000286 9
578 323 592 343 0.000286 9
349 158 370 199 0.000286 9
575 273 597 324 0.000284 9
462 119 469 135 0.000284 9
638 150 647 168 0.000284 9
594 64 626 93 0.000283 9
857 107 867 119 0.000283 9
855 136 920 176 0.000282 9
975 167 992 193 0.000281 9
458 119 470 135 0.000281 9
316 64 369 194 0.000280 9
1206 106 1232 184 0.000280 9
574 275 607 347 0.000280 9
1160 102 1188 137 0.000276 9
688 133 710 190 0.000275 9
960 135 972 159 0.000275 9
1167 154 1185 168 0.000273 9
580 64 597 88 0.000272 9
680 136 689 159 0.000269 9
399 185 407 202 0.000268 9
1207 98 1234 166 0.000268 9
627 183 640 197 0.000267 9
1013 136 1033 187 0.000267 9
743 151 751 158 0.000264 9
554 136 581 162 0.000264 9
806 162 858 195 0.000263 9
627 156 642 169 0.000262 9
576 313 593 383 0.000262 9
1212 152 1225 163 0.000262 9
121 64 187 93 0.000259 9
1210 105 1232 186 0.000258 9
349 147 377 190 0.000257 9
719 535 736 565 0.000257 9
416 167 440 203 0.000257 9
1025 149 1039 165 0.000257 9
379 75 496 236 0.000255 9
153 64 197 83 0.000255 9
790 118 835 148 0.000253 9
1145 157 1199 184 0.000251 9
960 134 977 160 0.000250 9
260 178 273 201 0.000250 9
787 117 830 136 0.000248 9
862 136 934 175 0.000248 9
496 150 581 215 0.000247 9
553 249 600 280 0.000246 9
997 133 1009 172 0.000246 9
1263 76 1279 168 0.000246 9
595 332 609 375 0.000244 9
580 129 617 186 0.000244 9
796 119 829 137 0.000242 9
991 282 1007 304 0.000242 9
926 144 945 184 0.000240 9
67 170 81 196 0.000239 9
265 216 277 232 0.000237 9
1001 120 1008 134 0.000236 9
666 169 687 195 0.000234 9
319 83 335 161 0.000234 9
662 177 690 213 0.000233 9
317 93 334 165 0.000233 9
993 135 1002 170 0.000233 9
68 174 74 201 0.000232 9
256 86 262 98 0.000228 9
1149 103 1171 136 0.000228 9
253 96 263 128 0.000227 9
1263 92 1279 169 0.000227 9
587 132 602 167 0.000226 9
803 151 848 163 0.000224 9
754 70 785 143 0.000223 9
709 163 718 180 0.000223 9
577 82 584 94 0.000222 9
464 184 480 212 0.000219 9
1227 166 1248 181 0.000219 9
110 124 128 165 0.000216 9
372 153 382 185 0.000216 9
827 76 849 89 0.000215 9
996 125 1009 172 0.000214 9
997 133 1009 186 0.000212 9
666 162 688 188 0.000211 9
676 160 688 186 0.000211 9
1074 141 1103 181 0.000211 9
368 163 412 186 0.000211 9
574 251 598 327 0.000211 9
681 128 689 153 0.000210 9
1119 159 1172 185 0.000209 9
576 315 593 348 0.000208 9
584 125 599 166 0.000208 9
592 322 608 377 0.000206 9
1183 153 1194 168 0.000206 9
708 132 720 177 0.000206 9
669 150 678 168 0.000205 9
415 172 428 204 0.000203 9
431 170 445 194 0.000203 9
751 69 784 135 0.000202 9
1014 167 1032 186 0.000202 9
313 148 358 196 0.000202 9
831 135 915 165 0.000201 9
1015 132 1040 166 0.000199 9
416 168 433 204 0.000199 9
808 166 834 189 0.000199 9
319 97 346 162 0.000198 9
577 323 593 345 0.000196 9
753 81 794 154 0.000195 9
246 161 257 174 0.000193 9
247 163 257 175 0.000193 9
548 140 580 161 0.000192 9
943 167 960 186 0.000192 9
1103 166 1150 187 0.000191 9
255 127 268 165 0.000189 9
367 165 412 186 0.000186 9
373 167 419 203 0.000186 9
543 160 581 181 0.000185 9
1181 151 1213 187 0.000185 9
765 69 784 132 0.000185 9
592 64 624 92 0.000185 9
209 185 216 206 0.000185 9
1222 159 1271 181 0.000183 9
835 119 855 135 0.000180 9
1167 142 1185 167 0.000180 9
858 155 892 184 0.000179 9
969 171 978 187 0.000179 9
421 79 500 207 0.000179 9
312 145 380 195 0.000179 9
1203 125 1216 154 0.000178 9
567 143 578 161 0.000178 9
585 117 598 145 0.000177 9
170 64 213 91 0.000176 9
310 106 338 192 0.000174 9
171 151 176 167 0.000174 9
592 309 608 377 0.000171 9
585 134 626 199 0.000169 9
974 140 986 157 0.000168 9
413 165 437 202 0.000167 9
1168 106 1202 136 0.000166 9
313 123 366 197 0.000164 9
101 189 106 202 0.000164 9
855 101 864 119 0.000164 9
715 168 729 210 0.000164 9
719 535 734 566 0.000162 9
416 103 434 208 0.000161 9
1208 143 1231 181 0.000161 9
480 327 496 358 0.000161 9
870 120 879 134 0.000160 9
230 130 241 145 0.000159 9
833 90 842 107 0.000159 9
360 148 372 167 0.000158 9
596 133 607 145 0.000157 9
1200 115 1214 154 0.000155 9
733 458 745 471 0.000155 9
1048 155 1056 168 0.000153 9
1192 160 1216 188 0.000153 9
843 115 872 137 0.000152 9
160 65 176 101 0.000152 9
1202 131 1216 160 0.000151 9
705 80 721 89 0.000151 9
591 304 609 377 0.000150 9
218 165 246 185 0.000150 9
960 134 986 161 0.000150 9
496 142 570 208 0.000149 9
406 80 495 233 0.000147 9
1141 161 1202 185 0.000146 9
719 535 738 564 0.000146 9
695 164 729 227 0.000146 9
442 145 494 172 0.000146 9
1097 137 1116 173 0.000146 9
583 685 591 697 0.000146 9
975 166 992 188 0.000145 9
1263 104 1279 170 0.000145 9
809 76 851 89 0.000145 9
583 131 626 211 0.000143 9
467 178 484 209 0.000142 9
1021 124 1040 165 0.000140 9
194 187 201 201 0.000140 9
783 114 832 136 0.000140 9
1004 133 1029 183 0.000139 9
975 167 992 190 0.000139 9
664 139 672 171 0.000139 9
809 77 852 89 0.000138 9
323 94 339 136 0.000138 9
582 669 592 697 0.000137 9
810 151 856 168 0.000136 9
360 148 373 165 0.000136 9
353 148 383 189 0.000135 9
492 64 528 97 0.000135 9
640 158 670 210 0.000135 9
623 82 641 122 0.000135 9
1156 100 1204 137 0.000135 9
711 424 721 442 0.000135 9
802 149 816 160 0.000134 9
381 149 397 161 0.000134 9
1231 94 1256 165 0.000133 9
765 84 796 154 0.000133 9
576 333 592 392 0.000133 9
416 110 434 205 0.000132 9
1050 126 1106 193 0.000132 9
594 65 626 107 0.000131 9
120 64 174 92 0.000131 9
652 180 668 203 0.000131 9
803 117 834 135 0.000130 9
960 134 979 161 0.000130 9
1079 159 1102 193 0.000129 9
783 115 831 141 0.000129 9
567 246 603 327 0.000128 9
80 148 107 177 0.000128 9
1051 139 1104 194 0.000128 9
109 149 128 174 0.000127 9
1071 137 1102 209 0.000125 9
432 172 445 196 0.000124 9
622 70 641 120 0.000124 9
1149 110 1162 135 0.000124 9
67 169 91 200 0.000124 9
311 75 364 191 0.000123 9
481 679 496 699 0.000123 9
1200 127 1211 180 0.000123 9
373 163 410 185 0.000123 9
117 64 206 94 0.000123 9
705 64 753 89 0.000123 9
637 132 658 168 0.000123 9
1231 94 1253 163 0.000122 9
979 138 994 158 0.000122 9
992 120 1008 170 0.000122 9
1133 100 1202 176 0.000122 9
906 101 928 120 0.000122 9
852 136 936 152 0.000122 9
81 150 105 176 0.000122 9
919 147 962 184 0.000121 9
650 127 672 175 0.000121 9
863 77 871 88 0.000121 9
374 164 410 185 0.000120 9
808 122 834 146 0.000120 9
905 65 937 121 0.000120 9
575 273 601 330 0.000120 9
1148 157 1202 185 0.000120 9
926 66 944 121 0.000120 9
751 72 770 126 0.000120 9
220 179 239 204 0.000119 9
960 134 975 160 0.000119 9
1135 121 1198 170 0.000118 9
716 150 733 164 0.000118 9
896 137 941 180 0.000118 9
718 166 728 184 0.000118 9
576 64 596 74 0.000117 9
1085 145 1133 178 0.000116 9
1246 79 1264 168 0.000116 9
637 64 666 82 0.000116 9
1185 117 1201 136 0.000116 9
753 68 784 128 0.000115 9
766 70 784 110 0.000113 9
432 171 447 192 0.000113 9
479 321 495 358 0.000112 9
45 318 56 342 0.000111 9
320 67 336 160 0.000111 9
1057 117 1117 181 0.000110 9
868 121 879 136 0.000110 9
306 94 345 195 0.000110 9
588 113 628 171 0.000110 9
622 85 641 122 0.000109 9
848 166 870 211 0.000109 9
315 103 332 164 0.000109 9
576 81 583 94 0.000109 9
637 74 657 105 0.000108 9
597 298 608 326 0.000105 9
423 169 447 198 0.000105 9
768 152 785 161 0.000105 9
68 169 83 200 0.000105 9
373 165 428 189 0.000105 9
191 183 202 199 0.000104 9
1125 161 1142 169 0.000104 9
597 300 608 329 0.000104 9
95 169 107 200 0.000104 9
373 165 414 185 0.000104 9
1044 150 1056 165 0.000103 9
783 344 793 385 0.000103 9
1130 100 1198 170 0.000103 9
1244 93 1264 162 0.000102 9
568 64 597 95 0.000102 9
625 96 640 122 0.000102 9
1150 151 1189 169 0.000102 9
545 139 579 161 0.000102 9
545 140 580 162 0.000101 9
0 139 18 203 0.000101 9
210 152 268 218 0.000101 9
313 150 342 187 0.010411 11
1052 111 1082 146 0.009286 11
1056 115 1066 131 0.004089 11
1054 112 1082 146 0.000954 11
1050 110 1083 147 0.000817 11
312 147 341 186 0.000400 11
1050 121 1060 139 0.000251 11
1050 119 1058 135 0.000180 11
1049 109 1085 146 0.000158 11
