703 192 740 274 0.821763 0
1003 200 1058 330 0.809885 0
1103 191 1132 251 0.659055 0
922 188 948 255 0.606461 0
1103 190 1130 248 0.492098 0
1103 190 1136 251 0.417501 0
544 207 567 238 0.240457 0
545 208 568 238 0.207117 0
923 188 951 255 0.168127 0
547 208 568 236 0.166156 0
545 204 568 237 0.136256 0
543 207 569 240 0.118582 0
543 208 568 236 0.093695 0
574 428 592 457 0.085506 0
922 190 946 250 0.060646 0
247 198 258 224 0.055523 0
691 207 703 238 0.046850 0
541 207 568 236 0.043222 0
574 427 592 456 0.042085 0
750 419 769 472 0.041262 0
966 371 979 392 0.038143 0
248 201 257 225 0.036924 0
966 369 979 392 0.036498 0
540 195 570 236 0.033880 0
1104 198 1133 249 0.029858 0
691 206 706 239 0.026207 0
966 368 979 395 0.025657 0
1036 196 1051 232 0.024949 0
691 207 705 238 0.024813 0
1071 484 1080 501 0.024722 0
1000 383 1013 399 0.023714 0
691 206 704 237 0.023659 0
1216 194 1225 212 0.022746 0
633 202 643 215 0.022603 0
633 202 643 215 0.022291 0
1037 197 1051 232 0.022170 0
965 370 979 404 0.022109 0
1216 194 1224 210 0.021646 0
1216 194 1225 217 0.021560 0
750 418 770 472 0.020970 0
516 192 523 205 0.020928 0
1000 383 1014 400 0.019575 0
510 194 518 210 0.019452 0
750 431 769 472 0.019415 0
1071 485 1081 503 0.019210 0
247 202 258 239 0.018537 0
1038 197 1050 232 0.018450 0
692 206 704 236 0.018054 0
784 198 794 215 0.017988 0
751 433 769 472 0.017701 0
789 329 809 344 0.017295 0
1000 384 1012 399 0.017230 0
751 424 768 473 0.015792 0
553 195 569 220 0.015629 0
453 199 468 250 0.015515 0
1198 383 1207 416 0.014669 0
1248 472 1264 517 0.014465 0
958 376 967 404 0.013695 0
1071 482 1080 500 0.013568 0
533 199 546 219 0.013434 0
751 434 767 472 0.013218 0
1015 387 1022 400 0.013146 0
1000 384 1016 400 0.013059 0
974 372 981 392 0.012775 0
452 199 466 248 0.012547 0
1215 193 1226 229 0.012316 0
511 191 522 207 0.012314 0
1198 383 1206 400 0.012277 0
1215 194 1226 232 0.012237 0
247 197 261 226 0.011815 0
538 196 569 231 0.011732 0
633 201 646 215 0.011553 0
924 192 945 249 0.011548 0
631 424 640 460 0.011339 0
1071 484 1081 502 0.011336 0
1015 382 1024 400 0.011286 0
1216 195 1225 213 0.010889 0
863 439 875 455 0.010656 0
1015 456 1024 466 0.010378 0
247 203 261 227 0.010207 0
213 191 224 228 0.009845 0
453 200 469 251 0.009760 0
518 192 527 209 0.009759 0
847 193 866 242 0.009639 0
213 194 224 228 0.009330 0
958 375 967 405 0.009220 0
510 193 518 217 0.008936 0
633 202 649 216 0.008861 0
452 199 465 223 0.008705 0
1038 199 1054 234 0.008674 0
973 368 982 392 0.008476 0
545 203 569 224 0.008423 0
962 368 982 406 0.008334 0
977 367 985 392 0.008329 0
453 200 464 217 0.008206 0
638 160 648 184 0.008172 0
930 189 945 215 0.008086 0
511 192 524 219 0.008025 0
1040 456 1048 464 0.007991 0
1036 197 1053 234 0.007948 0
847 191 857 231 0.007873 0
1106 207 1137 251 0.007858 0
573 417 592 456 0.007742 0
245 200 259 232 0.007742 0
921 189 955 257 0.007740 0
964 359 983 394 0.007507 0
982 374 991 392 0.007502 0
1055 487 1066 498 0.007466 0
242 196 250 221 0.007396 0
574 425 590 455 0.007355 0
1046 481 1056 497 0.007243 0
864 442 873 455 0.007213 0
958 375 967 399 0.007140 0
982 371 992 392 0.007048 0
863 435 881 479 0.006903 0
845 197 857 242 0.006845 0
1146 310 1168 345 0.006703 0
846 199 855 240 0.006659 0
670 207 680 231 0.006567 0
1013 443 1025 467 0.006491 0
993 446 1000 462 0.006486 0
537 189 573 239 0.006447 0
913 451 928 484 0.006398 0
955 364 982 452 0.006316 0
923 189 946 223 0.006237 0
862 435 882 479 0.005939 0
847 200 856 236 0.005836 0
999 383 1022 401 0.005785 0
783 197 794 233 0.005770 0
978 367 986 392 0.005755 0
638 160 652 184 0.005750 0
953 358 982 458 0.005693 0
1192 384 1206 401 0.005666 0
969 455 976 462 0.005603 0
979 368 987 393 0.005598 0
1156 497 1169 510 0.005469 0
991 453 999 464 0.005450 0
670 207 678 230 0.005359 0
1248 476 1265 517 0.005352 0
957 372 970 408 0.005306 0
784 193 795 217 0.005299 0
690 207 703 238 0.005261 0
957 368 980 459 0.005156 0
550 189 571 219 0.005119 0
783 195 794 236 0.005116 0
213 194 225 230 0.005074 0
242 198 253 230 0.005012 0
568 425 576 431 0.004975 0
960 364 980 402 0.004882 0
1009 432 1015 439 0.004819 0
962 368 980 408 0.004765 0
998 382 1016 401 0.004757 0
1007 452 1015 467 0.004747 0
1007 447 1017 466 0.004708 0
636 199 653 216 0.004699 0
1199 502 1211 512 0.004697 0
609 417 624 463 0.004686 0
957 364 985 427 0.004606 0
1036 197 1055 238 0.004550 0
1175 497 1185 511 0.004542 0
612 153 625 178 0.004535 0
638 160 652 186 0.004521 0
1176 496 1184 505 0.004498 0
1201 503 1216 513 0.004496 0
558 186 570 201 0.004492 0
647 386 656 398 0.004484 0
1023 480 1036 495 0.004456 0
606 175 614 184 0.004450 0
1072 485 1081 505 0.004406 0
242 213 253 239 0.004296 0
0 64 71 219 0.004245 0
1198 381 1214 417 0.004234 0
1129 502 1136 509 0.004220 0
1135 446 1143 457 0.004200 0
983 446 993 456 0.004186 0
783 196 799 234 0.004169 0
1023 484 1034 495 0.004148 0
993 446 1003 463 0.004081 0
1215 197 1225 232 0.004080 0
1271 198 1279 223 0.004061 0
639 683 671 703 0.004052 0
680 383 688 395 0.004043 0
608 407 624 462 0.004043 0
630 431 640 461 0.004004 0
670 207 679 230 0.003997 0
1135 446 1144 470 0.003964 0
454 203 473 252 0.003900 0
1157 497 1169 510 0.003889 0
784 197 797 215 0.003869 0
862 434 878 478 0.003816 0
895 438 904 456 0.003806 0
895 416 908 443 0.003805 0
906 336 923 346 0.003794 0
895 416 906 456 0.003793 0
1012 448 1024 468 0.003748 0
903 334 924 347 0.003718 0
1023 481 1037 498 0.003679 0
863 438 879 456 0.003650 0
957 366 981 432 0.003620 0
1198 381 1211 416 0.003616 0
950 361 982 476 0.003600 0
978 362 993 393 0.003568 0
1030 453 1040 464 0.003530 0
831 463 841 476 0.003487 0
878 434 889 456 0.003476 0
1098 399 1104 407 0.003391 0
1046 480 1056 493 0.003379 0
1103 191 1125 223 0.003361 0
955 373 979 466 0.003316 0
613 154 625 184 0.003289 0
893 415 913 457 0.003286 0
915 473 928 486 0.003277 0
1250 478 1264 517 0.003271 0
962 366 985 410 0.003265 0
244 196 260 231 0.003263 0
246 203 262 239 0.003246 0
452 199 476 251 0.003238 0
1247 472 1260 506 0.003235 0
509 190 526 249 0.003231 0
1151 496 1165 509 0.003228 0
895 417 905 438 0.003204 0
573 404 592 457 0.003196 0
1149 314 1168 359 0.003160 0
638 160 655 200 0.003160 0
1078 456 1092 472 0.003135 0
682 202 691 216 0.003135 0
1035 193 1051 231 0.003135 0
1088 192 1095 209 0.003113 0
1105 191 1129 222 0.003086 0
453 195 467 217 0.003086 0
638 666 671 703 0.003056 0
831 469 840 484 0.003051 0
878 436 889 457 0.003032 0
1031 196 1052 235 0.003024 0
29 64 340 219 0.003014 0
1071 495 1081 511 0.003005 0
452 195 480 261 0.003001 0
1104 312 1112 327 0.002998 0
511 190 528 245 0.002991 0
1178 344 1196 360 0.002981 0
862 432 870 440 0.002978 0
798 327 819 344 0.002967 0
452 197 478 254 0.002953 0
852 462 866 475 0.002950 0
895 416 905 435 0.002935 0
847 179 868 244 0.002925 0
857 400 863 412 0.002923 0
955 368 988 434 0.002918 0
1103 193 1120 232 0.002916 0
612 427 624 465 0.002908 0
217 186 224 209 0.002901 0
1121 399 1128 415 0.002887 0
510 191 524 239 0.002878 0
939 350 981 462 0.002866 0
1198 382 1216 415 0.002847 0
887 471 896 485 0.002843 0
1088 191 1095 206 0.002840 0
1056 487 1077 499 0.002837 0
1247 474 1269 517 0.002829 0
1121 397 1128 414 0.002825 0
1235 197 1255 233 0.002817 0
311 185 322 198 0.002813 0
319 204 331 230 0.002799 0
773 431 784 457 0.002788 0
1146 311 1169 354 0.002718 0
612 154 625 177 0.002717 0
724 418 737 451 0.002699 0
797 328 818 344 0.002691 0
649 409 656 424 0.002685 0
846 217 856 242 0.002684 0
1023 481 1040 496 0.002668 0
637 670 672 703 0.002646 0
610 153 625 185 0.002632 0
1005 238 1053 326 0.002630 0
861 435 882 480 0.002625 0
1055 489 1067 501 0.002622 0
878 432 889 455 0.002591 0
948 347 964 403 0.002584 0
949 346 962 397 0.002568 0
1023 455 1033 464 0.002564 0
895 415 912 441 0.002563 0
1150 320 1169 360 0.002546 0
847 207 869 242 0.002518 0
879 318 896 344 0.002494 0
245 210 257 240 0.002493 0
1042 482 1056 499 0.002485 0
1247 472 1265 517 0.002454 0
750 437 772 481 0.002452 0
906 335 926 348 0.002441 0
905 327 926 345 0.002413 0
1247 475 1261 498 0.002413 0
1088 457 1096 471 0.002376 0
735 324 744 338 0.002373 0
926 191 948 234 0.002365 0
864 441 879 456 0.002361 0
1179 344 1196 359 0.002359 0
857 432 884 479 0.002353 0
848 182 858 223 0.002343 0
9 64 328 220 0.002334 0
1142 314 1168 344 0.002329 0
479 198 486 216 0.002329 0
713 192 722 220 0.002327 0
1105 191 1127 224 0.002318 0
839 463 848 475 0.002317 0
925 446 934 456 0.002315 0
867 433 890 482 0.002310 0
479 201 485 216 0.002306 0
823 461 832 473 0.002298 0
1078 457 1092 472 0.002296 0
1183 360 1192 391 0.002292 0
608 452 624 467 0.002282 0
903 327 924 346 0.002271 0
937 346 983 458 0.002270 0
813 328 834 344 0.002268 0
544 207 576 242 0.002240 0
719 419 738 460 0.002235 0
1177 344 1194 360 0.002235 0
1178 216 1190 246 0.002234 0
813 327 837 344 0.002226 0
947 339 970 403 0.002223 0
950 358 988 438 0.002219 0
1 64 253 219 0.002216 0
1023 446 1035 463 0.002215 0
451 200 464 220 0.002208 0
981 351 995 384 0.002196 0
1123 398 1129 413 0.002188 0
914 448 929 457 0.002186 0
610 438 624 464 0.002179 0
998 450 1008 465 0.002175 0
1 64 218 219 0.002158 0
986 203 1000 228 0.002158 0
962 358 991 394 0.002157 0
1002 432 1008 440 0.002155 0
512 191 528 218 0.002153 0
913 452 928 467 0.002153 0
1151 497 1171 510 0.002146 0
1182 357 1192 391 0.002133 0
534 206 561 227 0.002130 0
588 171 595 183 0.002125 0
55 64 338 214 0.002111 0
450 199 465 219 0.002102 0
648 408 655 423 0.002083 0
450 200 464 223 0.002072 0
1025 448 1039 463 0.002072 0
687 206 699 235 0.002058 0
690 208 704 238 0.002054 0
735 446 744 458 0.002051 0
1074 435 1088 456 0.002048 0
609 157 619 174 0.002034 0
247 194 257 213 0.002033 0
110 203 120 236 0.002033 0
919 197 938 236 0.002023 0
453 198 468 218 0.002022 0
1135 446 1146 472 0.002010 0
1231 459 1241 470 0.002009 0
1069 201 1092 240 0.002006 0
1004 202 1054 274 0.002001 0
1252 482 1264 501 0.001991 0
1216 194 1234 232 0.001991 0
1039 480 1056 496 0.001990 0
1228 197 1237 228 0.001987 0
1087 459 1096 471 0.001978 0
1039 482 1056 498 0.001971 0
1024 449 1037 464 0.001964 0
919 188 938 222 0.001959 0
863 468 872 478 0.001952 0
1209 170 1215 201 0.001936 0
847 217 869 242 0.001936 0
639 691 652 703 0.001934 0
982 455 993 464 0.001924 0
891 201 904 239 0.001904 0
1 64 185 220 0.001879 0
899 451 929 486 0.001873 0
960 440 968 457 0.001870 0
785 439 800 452 0.001855 0
912 448 923 457 0.001847 0
607 202 615 215 0.001844 0
732 435 770 473 0.001841 0
726 416 736 437 0.001840 0
750 417 769 448 0.001834 0
1045 485 1071 501 0.001833 0
637 675 672 703 0.001830 0
265 203 276 232 0.001829 0
1152 440 1158 450 0.001815 0
1233 197 1256 233 0.001813 0
956 371 978 456 0.001813 0
452 195 480 303 0.001813 0
857 402 863 413 0.001808 0
785 195 800 237 0.001804 0
1103 192 1146 257 0.001801 0
159 207 167 225 0.001792 0
1247 470 1266 511 0.001787 0
762 438 787 464 0.001785 0
1193 359 1211 406 0.001777 0
605 161 616 184 0.001771 0
912 454 923 464 0.001770 0
632 202 647 223 0.001767 0
375 186 385 201 0.001748 0
1119 312 1137 343 0.001742 0
1011 383 1024 422 0.001738 0
982 205 995 227 0.001733 0
999 376 1023 399 0.001721 0
996 446 1009 464 0.001715 0
783 328 807 343 0.001713 0
604 407 624 441 0.001713 0
684 197 693 215 0.001705 0
926 429 934 454 0.001703 0
608 407 624 443 0.001703 0
903 335 925 347 0.001702 0
857 431 887 457 0.001699 0
815 440 824 453 0.001692 0
726 418 736 438 0.001686 0
813 190 857 241 0.001682 0
698 328 703 337 0.001678 0
1078 192 1092 204 0.001676 0
734 438 750 458 0.001665 0
798 421 811 442 0.001659 0
453 199 479 251 0.001657 0
751 451 764 479 0.001657 0
705 194 740 273 0.001656 0
1111 500 1120 510 0.001655 0
1119 312 1135 343 0.001647 0
960 455 968 464 0.001638 0
638 688 668 703 0.001631 0
947 353 989 468 0.001628 0
511 191 531 246 0.001623 0
931 189 951 216 0.001611 0
1180 214 1191 243 0.001611 0
609 155 625 184 0.001598 0
799 440 808 450 0.001591 0
1102 311 1120 349 0.001576 0
1197 381 1216 414 0.001576 0
655 664 672 703 0.001576 0
1183 361 1192 389 0.001570 0
1103 487 1129 507 0.001564 0
1031 199 1052 242 0.001563 0
798 419 809 439 0.001563 0
1175 214 1188 246 0.001561 0
1148 317 1169 360 0.001561 0
998 381 1023 416 0.001559 0
1231 461 1252 512 0.001553 0
1103 312 1114 327 0.001547 0
960 440 968 454 0.001531 0
1111 396 1121 407 0.001521 0
800 414 809 422 0.001510 0
609 153 625 178 0.001509 0
984 351 992 359 0.001501 0
1064 464 1072 471 0.001493 0
732 426 785 472 0.001492 0
1120 313 1136 343 0.001490 0
1007 470 1015 493 0.001472 0
1191 383 1209 415 0.001467 0
712 427 720 442 0.001463 0
593 418 625 465 0.001463 0
1231 457 1240 468 0.001449 0
783 328 809 344 0.001444 0
1119 312 1129 328 0.001443 0
880 318 896 343 0.001440 0
606 359 624 409 0.001433 0
511 333 521 350 0.001431 0
1012 375 1024 399 0.001429 0
623 189 632 201 0.001415 0
1243 457 1258 472 0.001406 0
563 426 592 456 0.001404 0
751 417 769 442 0.001399 0
1086 489 1098 504 0.001391 0
1136 442 1153 471 0.001385 0
808 381 814 391 0.001382 0
1142 441 1153 459 0.001380 0
1214 370 1223 388 0.001377 0
580 407 625 465 0.001376 0
1111 501 1120 521 0.001375 0
574 434 596 465 0.001364 0
884 200 904 243 0.001361 0
1076 431 1088 455 0.001360 0
772 421 785 454 0.001356 0
1014 457 1024 471 0.001351 0
988 199 1005 226 0.001348 0
863 208 874 239 0.001347 0
703 420 724 461 0.001343 0
692 206 715 233 0.001336 0
820 329 847 345 0.001335 0
885 439 897 456 0.001331 0
1216 196 1233 233 0.001331 0
681 197 691 216 0.001331 0
990 211 997 227 0.001329 0
1173 344 1198 359 0.001326 0
787 325 815 344 0.001321 0
636 664 672 704 0.001321 0
574 392 589 458 0.001316 0
1192 381 1212 420 0.001307 0
1058 202 1087 245 0.001306 0
245 207 262 240 0.001301 0
801 440 817 453 0.001286 0
1072 426 1087 457 0.001286 0
1175 343 1198 359 0.001286 0
782 463 799 473 0.001277 0
709 421 720 442 0.001273 0
1092 455 1104 472 0.001271 0
630 189 641 202 0.001269 0
831 464 850 479 0.001264 0
607 407 624 434 0.001264 0
587 422 625 469 0.001256 0
605 357 626 412 0.001239 0
851 400 860 410 0.001237 0
1074 436 1088 456 0.001236 0
982 200 1002 228 0.001234 0
859 219 872 242 0.001224 0
1177 216 1191 249 0.001223 0
1119 287 1138 343 0.001221 0
999 383 1021 408 0.001218 0
1228 197 1256 233 0.001218 0
904 336 924 349 0.001216 0
1140 440 1154 456 0.001215 0
1093 450 1104 470 0.001206 0
633 202 653 216 0.001202 0
670 423 698 440 0.001201 0
1121 326 1136 343 0.001199 0
429 222 439 229 0.001193 0
1081 405 1088 414 0.001192 0
1096 399 1104 416 0.001192 0
763 437 800 456 0.001190 0
680 383 688 397 0.001186 0
592 424 610 451 0.001182 0
733 420 771 468 0.001182 0
637 161 658 200 0.001178 0
666 425 699 440 0.001174 0
568 427 592 457 0.001171 0
1086 488 1100 504 0.001166 0
816 441 824 454 0.001166 0
935 455 943 464 0.001164 0
1231 463 1241 483 0.001163 0
728 323 737 337 0.001153 0
659 423 672 439 0.001152 0
1071 434 1086 456 0.001148 0
863 219 873 235 0.001140 0
710 413 789 470 0.001138 0
821 455 832 471 0.001135 0
968 447 976 462 0.001135 0
848 204 876 241 0.001133 0
1000 382 1023 413 0.001129 0
772 425 798 455 0.001125 0
1092 491 1102 506 0.001119 0
670 207 683 232 0.001117 0
650 667 672 703 0.001111 0
1232 462 1255 514 0.001111 0
886 438 897 456 0.001110 0
800 423 816 440 0.001110 0
906 335 925 378 0.001109 0
1175 213 1185 245 0.001106 0
996 382 1023 423 0.001102 0
831 455 841 475 0.001095 0
735 198 747 229 0.001094 0
453 199 475 222 0.001094 0
718 427 741 465 0.001089 0
982 207 995 228 0.001080 0
1183 495 1222 514 0.001076 0
311 64 436 201 0.001074 0
1198 383 1213 423 0.001073 0
1241 455 1260 472 0.001065 0
1209 180 1225 218 0.001063 0
947 342 988 400 0.001059 0
729 423 756 459 0.001059 0
831 477 841 490 0.001051 0
1190 214 1210 228 0.001051 0
1039 448 1048 464 0.001050 0
719 318 728 333 0.001050 0
636 677 671 703 0.001042 0
1236 454 1258 471 0.001039 0
606 161 622 186 0.001035 0
1128 447 1134 457 0.001025 0
607 358 624 376 0.001020 0
573 179 582 202 0.001018 0
1213 166 1231 234 0.001015 0
709 409 778 469 0.001014 0
1247 423 1254 431 0.001014 0
1121 327 1138 344 0.001012 0
714 419 730 442 0.001012 0
1110 392 1124 408 0.001012 0
313 64 478 205 0.001011 0
595 412 624 445 0.001007 0
213 184 231 228 0.000999 0
638 658 672 703 0.000996 0
717 431 727 442 0.000996 0
604 359 624 392 0.000994 0
1234 456 1260 472 0.000994 0
904 335 931 384 0.000993 0
858 432 898 485 0.000990 0
999 377 1018 399 0.000989 0
788 326 810 372 0.000984 0
1071 192 1092 210 0.000984 0
875 200 906 244 0.000982 0
1151 452 1160 468 0.000980 0
718 433 734 456 0.000980 0
1101 489 1137 508 0.000980 0
774 460 784 472 0.000976 0
993 381 1014 405 0.000973 0
765 430 776 454 0.000970 0
924 453 936 464 0.000967 0
1232 457 1258 511 0.000965 0
573 424 610 457 0.000965 0
331 64 436 212 0.000965 0
784 423 792 437 0.000964 0
1135 440 1146 460 0.000959 0
374 185 386 214 0.000958 0
927 430 935 445 0.000958 0
1115 191 1135 221 0.000957 0
905 336 926 350 0.000956 0
1008 424 1016 439 0.000956 0
415 250 420 270 0.000950 0
750 419 783 467 0.000949 0
578 417 624 468 0.000945 0
578 402 592 450 0.000944 0
574 418 624 467 0.000938 0
906 335 926 386 0.000937 0
450 200 466 251 0.000936 0
621 424 640 461 0.000930 0
1151 440 1160 459 0.000929 0
752 306 768 343 0.000926 0
993 381 1023 423 0.000913 0
931 185 945 203 0.000912 0
712 192 728 222 0.000910 0
210 196 223 227 0.000909 0
876 436 919 486 0.000905 0
1209 191 1225 230 0.000904 0
573 426 610 461 0.000902 0
783 317 810 344 0.000899 0
577 447 605 458 0.000896 0
642 420 656 437 0.000893 0
472 195 480 211 0.000891 0
1150 338 1168 360 0.000888 0
947 345 973 405 0.000884 0
1126 446 1135 471 0.000883 0
66 162 83 189 0.000882 0
869 327 880 343 0.000879 0
925 423 938 450 0.000877 0
1017 477 1024 489 0.000874 0
1231 460 1260 514 0.000874 0
451 194 481 250 0.000873 0
1106 454 1119 471 0.000873 0
1179 356 1213 406 0.000872 0
719 441 729 458 0.000867 0
313 64 432 213 0.000865 0
1215 367 1224 386 0.000860 0
1120 323 1136 344 0.000860 0
602 359 624 376 0.000857 0
344 64 439 212 0.000856 0
948 455 960 464 0.000855 0
938 343 992 398 0.000852 0
1238 455 1264 493 0.000845 0
317 64 636 352 0.000844 0
1070 194 1090 217 0.000844 0
1041 477 1084 501 0.000843 0
623 178 637 200 0.000841 0
583 421 624 469 0.000836 0
311 64 468 333 0.000831 0
1037 224 1059 246 0.000830 0
910 219 929 296 0.000829 0
1113 393 1127 413 0.000828 0
159 207 167 227 0.000828 0
1073 193 1095 213 0.000827 0
0 64 20 217 0.000825 0
1006 239 1050 330 0.000823 0
1080 400 1088 411 0.000822 0
431 519 441 550 0.000819 0
1184 357 1212 412 0.000818 0
693 424 703 441 0.000818 0
691 196 712 236 0.000818 0
718 323 750 377 0.000817 0
1095 441 1103 457 0.000813 0
1111 458 1120 473 0.000812 0
723 317 743 335 0.000804 0
672 382 688 425 0.000803 0
982 440 992 455 0.000802 0
1203 409 1216 423 0.000798 0
602 169 612 184 0.000797 0
333 185 342 199 0.000796 0
527 575 537 601 0.000795 0
935 427 944 442 0.000795 0
318 65 448 359 0.000792 0
737 414 789 473 0.000782 0
973 204 986 228 0.000782 0
682 204 691 216 0.000781 0
345 186 353 199 0.000779 0
1181 163 1203 217 0.000777 0
309 64 444 272 0.000777 0
628 179 641 200 0.000776 0
1231 197 1256 233 0.000776 0
848 399 856 409 0.000775 0
654 416 721 470 0.000774 0
983 204 1014 255 0.000774 0
929 431 944 455 0.000769 0
946 354 979 406 0.000768 0
655 422 666 437 0.000765 0
931 387 946 424 0.000764 0
978 369 992 407 0.000763 0
614 358 623 375 0.000763 0
1264 183 1279 227 0.000756 0
541 183 551 202 0.000755 0
979 207 1007 252 0.000753 0
719 322 728 340 0.000752 0
906 327 929 346 0.000749 0
199 211 208 226 0.000748 0
766 196 786 234 0.000740 0
351 189 357 199 0.000738 0
415 252 420 270 0.000737 0
1039 457 1048 470 0.000735 0
784 318 825 344 0.000726 0
1095 439 1103 452 0.000726 0
736 421 768 454 0.000723 0
781 314 797 342 0.000722 0
929 378 946 409 0.000722 0
1239 422 1246 439 0.000722 0
878 407 887 430 0.000721 0
943 383 950 395 0.000720 0
666 207 678 230 0.000720 0
310 64 492 204 0.000719 0
605 357 626 439 0.000719 0
953 432 963 455 0.000717 0
855 431 870 440 0.000717 0
728 421 751 454 0.000711 0
878 416 928 485 0.000708 0
772 312 786 341 0.000707 0
771 312 788 343 0.000703 0
1214 373 1223 394 0.000702 0
1008 478 1015 494 0.000702 0
634 187 654 214 0.000702 0
1008 470 1015 482 0.000700 0
703 441 720 466 0.000699 0
598 359 624 392 0.000698 0
1055 424 1073 468 0.000694 0
574 392 586 452 0.000693 0
906 335 930 393 0.000693 0
1038 476 1074 500 0.000693 0
496 81 504 92 0.000691 0
767 466 776 481 0.000690 0
319 64 461 363 0.000690 0
704 236 739 273 0.000689 0
1135 446 1156 472 0.000689 0
660 409 672 435 0.000687 0
799 421 817 439 0.000685 0
1240 198 1257 233 0.000684 0
1095 498 1105 511 0.000683 0
1139 485 1173 510 0.000683 0
1190 357 1210 390 0.000682 0
1071 462 1080 471 0.000680 0
575 360 593 442 0.000680 0
213 187 231 230 0.000678 0
264 209 276 232 0.000678 0
660 286 690 369 0.000677 0
950 382 959 396 0.000677 0
1041 480 1067 501 0.000677 0
1060 484 1091 503 0.000676 0
927 375 946 426 0.000676 0
901 335 924 349 0.000674 0
944 384 955 406 0.000670 0
646 192 654 206 0.000670 0
1007 464 1024 473 0.000665 0
878 200 905 244 0.000663 0
209 197 224 227 0.000661 0
823 491 848 512 0.000660 0
879 471 896 486 0.000658 0
785 321 813 395 0.000657 0
1039 470 1058 497 0.000649 0
367 207 377 220 0.000643 0
723 319 744 337 0.000643 0
367 207 375 231 0.000641 0
716 413 735 443 0.000641 0
406 251 413 271 0.000641 0
766 314 777 339 0.000641 0
984 200 1017 235 0.000641 0
663 290 687 348 0.000639 0
978 360 1024 403 0.000639 0
0 64 69 334 0.000639 0
655 423 721 471 0.000638 0
62 64 344 234 0.000635 0
958 361 1001 428 0.000635 0
766 200 787 235 0.000634 0
976 448 985 458 0.000632 0
320 65 629 248 0.000631 0
574 387 592 445 0.000630 0
1023 424 1032 439 0.000628 0
1168 411 1177 423 0.000628 0
386 196 396 206 0.000627 0
847 180 867 239 0.000626 0
954 342 968 362 0.000620 0
1182 495 1227 514 0.000620 0
958 423 969 457 0.000616 0
801 440 816 454 0.000610 0
0 64 17 214 0.000608 0
1059 473 1091 502 0.000608 0
750 545 760 578 0.000607 0
868 438 937 486 0.000607 0
976 366 994 411 0.000606 0
799 409 811 422 0.000605 0
1101 316 1120 349 0.000604 0
1069 196 1106 236 0.000604 0
575 437 595 462 0.000603 0
1198 358 1209 377 0.000602 0
386 196 397 206 0.000602 0
1158 438 1168 455 0.000602 0
729 441 774 471 0.000601 0
703 344 718 379 0.000599 0
1215 442 1224 456 0.000599 0
1219 446 1232 474 0.000598 0
753 313 768 344 0.000596 0
948 342 984 394 0.000596 0
802 183 858 243 0.000594 0
1143 391 1153 403 0.000591 0
877 436 923 486 0.000590 0
1083 459 1096 484 0.000589 0
431 518 441 549 0.000588 0
1222 195 1258 238 0.000588 0
306 64 446 204 0.000586 0
578 425 621 463 0.000585 0
317 64 431 205 0.000583 0
703 423 720 452 0.000582 0
741 283 754 302 0.000581 0
703 331 720 379 0.000581 0
929 383 946 413 0.000579 0
800 414 815 424 0.000578 0
1005 242 1052 315 0.000574 0
824 424 831 437 0.000573 0
497 81 505 92 0.000573 0
1134 490 1148 508 0.000572 0
83 64 348 205 0.000571 0
431 217 440 226 0.000568 0
1173 488 1185 506 0.000567 0
1014 424 1024 434 0.000566 0
317 64 590 207 0.000565 0
976 456 983 464 0.000564 0
933 377 946 392 0.000564 0
718 434 745 471 0.000563 0
951 344 967 363 0.000561 0
911 388 920 408 0.000561 0
907 337 931 396 0.000560 0
881 425 906 457 0.000559 0
695 327 704 344 0.000558 0
663 323 680 350 0.000557 0
329 64 486 368 0.000556 0
947 200 958 208 0.000555 0
1159 343 1197 393 0.000555 0
199 209 208 224 0.000553 0
509 319 522 349 0.000553 0
494 188 574 253 0.000553 0
660 311 687 376 0.000553 0
927 380 947 422 0.000552 0
1263 64 1279 168 0.000552 0
663 303 688 349 0.000552 0
110 203 133 242 0.000550 0
1092 190 1104 205 0.000550 0
647 408 668 434 0.000550 0
0 64 56 220 0.000547 0
989 359 1000 380 0.000546 0
930 445 944 460 0.000546 0
739 281 755 302 0.000545 0
906 337 935 387 0.000541 0
0 65 76 224 0.000540 0
317 64 571 352 0.000539 0
965 432 976 454 0.000538 0
999 517 1008 537 0.000538 0
1231 424 1240 435 0.000537 0
1151 392 1158 400 0.000537 0
1071 392 1080 406 0.000537 0
631 473 639 484 0.000537 0
565 413 576 431 0.000535 0
896 324 904 343 0.000533 0
208 395 224 414 0.000532 0
896 415 912 426 0.000531 0
631 663 672 704 0.000530 0
776 332 785 344 0.000530 0
688 326 704 362 0.000529 0
996 215 1010 261 0.000529 0
468 198 479 215 0.000528 0
670 393 691 440 0.000527 0
857 221 871 274 0.000525 0
1071 396 1080 408 0.000524 0
110 203 128 229 0.000524 0
1176 411 1183 423 0.000523 0
966 456 976 470 0.000521 0
780 420 816 455 0.000519 0
1155 440 1168 461 0.000519 0
1008 221 1051 270 0.000518 0
314 64 368 200 0.000518 0
1217 452 1223 466 0.000517 0
607 157 629 195 0.000516 0
1071 443 1080 456 0.000516 0
846 435 883 479 0.000515 0
990 377 1013 402 0.000514 0
1198 371 1225 412 0.000514 0
992 441 1001 456 0.000514 0
1111 498 1120 527 0.000513 0
987 350 1001 376 0.000513 0
966 430 976 446 0.000513 0
731 323 744 345 0.000508 0
621 424 640 442 0.000507 0
622 407 650 453 0.000505 0
718 337 752 377 0.000503 0
1054 424 1070 465 0.000503 0
1074 387 1088 409 0.000503 0
918 387 928 406 0.000502 0
952 422 966 456 0.000502 0
603 358 623 375 0.000501 0
974 200 984 217 0.000500 0
1087 405 1097 428 0.000497 0
1091 399 1104 429 0.000493 0
1077 483 1131 505 0.000492 0
1202 408 1216 439 0.000489 0
934 422 944 441 0.000488 0
948 335 983 393 0.000487 0
1111 439 1119 452 0.000486 0
723 407 773 457 0.000486 0
316 64 369 179 0.000486 0
1219 459 1263 512 0.000484 0
1135 487 1151 503 0.000483 0
1150 456 1162 472 0.000483 0
1099 329 1106 346 0.000482 0
900 274 930 346 0.000481 0
710 410 781 473 0.000481 0
382 342 392 375 0.000478 0
646 387 657 410 0.000477 0
1151 378 1162 398 0.000477 0
927 383 942 407 0.000477 0
947 415 969 456 0.000476 0
224 183 233 204 0.000475 0
1239 425 1247 440 0.000475 0
1102 492 1119 511 0.000472 0
715 403 768 459 0.000471 0
1057 452 1073 470 0.000470 0
125 210 135 225 0.000470 0
673 391 688 424 0.000469 0
784 192 799 223 0.000469 0
662 207 680 231 0.000469 0
1079 405 1088 424 0.000469 0
1172 375 1214 418 0.000469 0
670 423 702 441 0.000468 0
815 471 827 477 0.000467 0
1144 377 1151 385 0.000465 0
1156 345 1201 394 0.000464 0
934 410 944 424 0.000464 0
1231 169 1279 387 0.000463 0
1145 309 1177 352 0.000463 0
656 312 684 376 0.000462 0
1038 468 1072 497 0.000462 0
719 336 732 367 0.000460 0
1220 403 1232 423 0.000460 0
648 390 673 436 0.000460 0
155 64 263 224 0.000458 0
893 427 916 460 0.000458 0
110 219 125 256 0.000458 0
1046 414 1063 424 0.000457 0
1135 487 1152 504 0.000456 0
831 416 848 440 0.000455 0
983 354 1000 378 0.000454 0
1078 189 1121 252 0.000453 0
655 316 686 376 0.000452 0
944 335 992 397 0.000451 0
1039 426 1049 447 0.000449 0
1103 312 1130 331 0.000449 0
832 393 842 411 0.000449 0
304 65 459 359 0.000448 0
766 316 778 341 0.000448 0
856 226 870 275 0.000447 0
948 377 965 405 0.000446 0
752 315 766 345 0.000446 0
1071 400 1081 423 0.000445 0
703 325 720 378 0.000445 0
854 220 872 272 0.000443 0
1219 453 1232 480 0.000442 0
1134 488 1169 512 0.000439 0
734 688 753 703 0.000438 0
1170 388 1184 423 0.000438 0
655 312 689 377 0.000437 0
988 368 1001 394 0.000434 0
0 64 34 199 0.000434 0
831 392 838 401 0.000432 0
1215 423 1225 435 0.000432 0
1219 445 1232 456 0.000431 0
941 364 954 397 0.000431 0
1108 399 1125 415 0.000430 0
574 391 587 441 0.000430 0
1085 456 1104 485 0.000429 0
775 196 794 233 0.000429 0
692 188 701 214 0.000428 0
631 680 656 703 0.000428 0
1225 444 1278 517 0.000428 0
1233 451 1265 480 0.000427 0
1239 447 1248 456 0.000424 0
941 347 956 394 0.000424 0
1043 425 1057 455 0.000423 0
1196 194 1265 266 0.000422 0
1034 482 1063 502 0.000422 0
1191 461 1200 473 0.000420 0
789 329 810 355 0.000418 0
807 368 814 391 0.000418 0
952 437 961 461 0.000417 0
1047 455 1056 466 0.000416 0
1012 66 1046 164 0.000415 0
591 580 601 615 0.000414 0
830 493 848 512 0.000414 0
704 318 726 378 0.000414 0
481 445 496 454 0.000413 0
1132 486 1174 510 0.000413 0
712 336 741 378 0.000413 0
1058 433 1072 468 0.000412 0
1263 73 1279 176 0.000412 0
735 682 751 703 0.000411 0
1247 423 1256 441 0.000411 0
1087 405 1097 420 0.000404 0
1023 426 1032 442 0.000404 0
1103 454 1114 470 0.000404 0
876 413 888 441 0.000402 0
246 277 256 295 0.000399 0
837 445 877 479 0.000397 0
1118 98 1134 138 0.000397 0
1021 439 1039 455 0.000395 0
1097 490 1121 529 0.000395 0
631 473 640 488 0.000394 0
369 203 384 218 0.000393 0
1048 456 1096 489 0.000392 0
818 422 832 450 0.000391 0
0 64 96 285 0.000391 0
884 415 906 456 0.000390 0
812 460 832 475 0.000390 0
665 189 672 216 0.000388 0
705 338 761 392 0.000388 0
1103 312 1133 347 0.000388 0
376 184 396 205 0.000387 0
1058 432 1072 465 0.000386 0
1154 342 1193 396 0.000386 0
208 198 224 227 0.000385 0
855 226 871 276 0.000384 0
479 179 500 216 0.000384 0
907 451 942 485 0.000383 0
1111 440 1120 468 0.000383 0
784 327 813 393 0.000383 0
310 64 368 195 0.000382 0
1077 334 1090 361 0.000380 0
774 325 813 360 0.000380 0
1050 195 1067 233 0.000380 0
911 437 936 456 0.000378 0
662 288 688 349 0.000376 0
1031 215 1057 249 0.000376 0
1023 483 1042 501 0.000374 0
1222 468 1232 482 0.000374 0
1038 422 1048 437 0.000372 0
159 64 258 212 0.000371 0
567 535 576 560 0.000370 0
770 197 794 235 0.000369 0
1123 446 1136 473 0.000368 0
1074 333 1090 376 0.000368 0
1092 393 1104 408 0.000368 0
1039 196 1076 245 0.000368 0
837 398 846 410 0.000366 0
1214 372 1231 398 0.000365 0
1015 401 1024 422 0.000365 0
1220 408 1232 423 0.000363 0
624 407 641 423 0.000362 0
706 320 724 359 0.000362 0
501 390 607 454 0.000362 0
708 320 721 345 0.000361 0
909 338 934 392 0.000358 0
1046 410 1055 420 0.000358 0
262 193 324 379 0.000358 0
671 320 705 370 0.000357 0
1069 456 1085 471 0.000357 0
572 583 590 616 0.000357 0
1232 468 1263 513 0.000355 0
1217 423 1232 434 0.000354 0
1165 386 1181 423 0.000353 0
453 192 473 217 0.000353 0
712 195 740 271 0.000352 0
934 354 1024 409 0.000351 0
1211 377 1232 424 0.000351 0
895 326 904 344 0.000351 0
704 347 720 408 0.000349 0
66 64 211 168 0.000349 0
831 417 848 451 0.000348 0
1239 197 1279 298 0.000347 0
313 65 423 207 0.000347 0
1119 438 1136 469 0.000347 0
735 681 756 703 0.000346 0
1159 410 1169 424 0.000346 0
768 198 794 236 0.000346 0
1207 506 1216 516 0.000344 0
388 185 398 206 0.000344 0
1118 64 1158 137 0.000343 0
719 331 728 347 0.000343 0
3 64 342 254 0.000342 0
1069 192 1098 238 0.000342 0
1063 423 1073 442 0.000342 0
1077 331 1089 360 0.000341 0
316 64 430 188 0.000338 0
209 182 225 227 0.000338 0
1064 421 1085 453 0.000337 0
1258 474 1279 704 0.000337 0
357 64 495 212 0.000337 0
807 367 815 381 0.000337 0
281 188 324 374 0.000337 0
654 199 662 216 0.000336 0
65 64 132 200 0.000334 0
855 225 872 281 0.000333 0
1104 606 1112 615 0.000333 0
607 386 619 412 0.000333 0
255 64 358 198 0.000333 0
685 198 740 275 0.000333 0
145 64 439 245 0.000333 0
832 418 848 449 0.000333 0
896 407 913 426 0.000333 0
373 67 498 215 0.000333 0
709 360 720 399 0.000332 0
496 510 504 521 0.000332 0
1007 207 1020 224 0.000332 0
1215 376 1232 407 0.000332 0
620 624 672 703 0.000331 0
1054 390 1064 403 0.000331 0
1140 391 1159 409 0.000331 0
671 395 690 439 0.000330 0
255 65 339 204 0.000330 0
386 64 498 235 0.000329 0
896 520 903 528 0.000329 0
943 386 961 424 0.000329 0
703 332 734 381 0.000329 0
136 64 428 211 0.000329 0
1025 421 1040 453 0.000328 0
1071 413 1089 456 0.000328 0
631 686 653 703 0.000328 0
318 64 373 179 0.000327 0
855 226 870 279 0.000326 0
1246 345 1265 376 0.000326 0
173 206 183 216 0.000324 0
309 64 438 224 0.000324 0
126 206 136 223 0.000323 0
1070 407 1080 424 0.000323 0
407 252 413 271 0.000322 0
832 444 841 457 0.000322 0
314 196 333 231 0.000321 0
1098 329 1104 346 0.000321 0
1103 455 1113 471 0.000320 0
1150 274 1168 345 0.000319 0
1261 107 1279 187 0.000316 0
1040 484 1082 524 0.000316 0
619 200 649 217 0.000315 0
240 188 252 212 0.000314 0
496 81 505 93 0.000313 0
991 380 1022 424 0.000312 0
866 207 891 242 0.000311 0
1009 458 1025 486 0.000310 0
479 335 496 377 0.000310 0
703 231 738 274 0.000310 0
1042 390 1088 425 0.000310 0
888 392 896 402 0.000309 0
940 345 960 391 0.000309 0
576 584 592 616 0.000308 0
687 351 694 362 0.000308 0
975 345 995 389 0.000307 0
588 358 625 413 0.000306 0
879 378 885 392 0.000306 0
1150 495 1188 512 0.000306 0
660 281 691 361 0.000305 0
1118 444 1133 472 0.000305 0
900 336 922 346 0.000304 0
592 398 612 434 0.000303 0
703 351 717 380 0.000303 0
927 348 950 392 0.000302 0
1143 330 1188 401 0.000301 0
695 476 703 488 0.000300 0
66 64 177 187 0.000299 0
592 359 624 391 0.000299 0
0 78 18 225 0.000297 0
1 65 366 397 0.000297 0
660 299 705 377 0.000297 0
1045 418 1059 442 0.000296 0
537 362 625 463 0.000296 0
156 64 481 253 0.000296 0
314 64 436 168 0.000296 0
654 308 682 355 0.000295 0
383 342 392 360 0.000295 0
1216 408 1227 424 0.000294 0
326 64 665 236 0.000294 0
9 65 79 220 0.000294 0
1061 391 1076 408 0.000294 0
615 156 626 200 0.000294 0
737 276 758 302 0.000293 0
911 342 932 397 0.000292 0
1026 425 1040 450 0.000292 0
1247 413 1254 427 0.000291 0
1170 456 1184 471 0.000290 0
1087 399 1096 409 0.000288 0
927 378 942 393 0.000288 0
689 204 716 272 0.000287 0
868 422 885 442 0.000287 0
1085 192 1105 216 0.000287 0
591 407 624 437 0.000287 0
873 200 908 247 0.000287 0
800 423 826 455 0.000286 0
918 428 929 445 0.000286 0
591 358 616 419 0.000285 0
1151 371 1170 398 0.000285 0
870 201 916 247 0.000284 0
319 64 490 359 0.000284 0
241 210 258 253 0.000283 0
1246 352 1258 376 0.000283 0
687 323 703 342 0.000283 0
687 330 704 367 0.000282 0
601 159 619 184 0.000282 0
911 395 920 408 0.000282 0
1232 425 1240 440 0.000281 0
371 66 446 211 0.000279 0
917 342 984 448 0.000279 0
927 347 951 387 0.000279 0
863 397 871 414 0.000278 0
1232 193 1279 401 0.000278 0
809 390 815 403 0.000278 0
1262 475 1279 704 0.000277 0
1150 439 1168 473 0.000277 0
1143 376 1155 407 0.000277 0
831 418 846 438 0.000277 0
719 319 745 356 0.000277 0
118 64 162 77 0.000276 0
876 313 908 344 0.000276 0
158 73 213 216 0.000275 0
1127 503 1136 518 0.000274 0
1263 65 1279 208 0.000274 0
1039 412 1049 424 0.000274 0
888 406 913 438 0.000273 0
1052 392 1065 418 0.000273 0
1009 204 1026 221 0.000273 0
1072 499 1081 518 0.000272 0
735 693 754 703 0.000272 0
1182 394 1194 409 0.000272 0
66 64 141 208 0.000272 0
428 64 497 244 0.000272 0
631 677 645 703 0.000272 0
803 274 850 344 0.000272 0
822 316 848 343 0.000272 0
904 326 946 349 0.000271 0
944 376 968 409 0.000270 0
260 196 269 209 0.000270 0
735 542 752 576 0.000270 0
816 407 825 422 0.000269 0
1062 393 1076 414 0.000269 0
1087 416 1096 432 0.000269 0
887 414 898 428 0.000268 0
1225 340 1276 403 0.000267 0
1062 486 1097 504 0.000267 0
1261 132 1279 182 0.000267 0
924 346 947 392 0.000267 0
66 64 129 160 0.000266 0
254 65 325 177 0.000266 0
1071 397 1088 416 0.000266 0
1264 64 1279 81 0.000265 0
274 199 287 231 0.000265 0
1184 444 1191 456 0.000265 0
901 345 983 463 0.000265 0
536 401 625 465 0.000264 0
1137 386 1188 424 0.000264 0
1118 64 1151 115 0.000262 0
623 162 653 200 0.000262 0
750 290 760 303 0.000262 0
1211 482 1234 511 0.000262 0
818 438 834 453 0.000262 0
656 664 670 698 0.000262 0
1263 496 1279 702 0.000261 0
1053 194 1088 238 0.000261 0
207 392 224 411 0.000261 0
1177 205 1194 239 0.000261 0
883 394 897 433 0.000259 0
712 191 738 222 0.000259 0
855 231 870 281 0.000259 0
383 342 392 363 0.000259 0
338 65 447 218 0.000258 0
471 157 598 259 0.000258 0
144 64 456 206 0.000257 0
1077 329 1089 352 0.000257 0
1055 435 1071 463 0.000257 0
450 202 465 252 0.000256 0
607 185 626 207 0.000255 0
1263 370 1279 503 0.000255 0
658 290 693 372 0.000255 0
1097 490 1116 534 0.000255 0
750 437 777 494 0.000255 0
847 428 857 449 0.000255 0
0 106 29 253 0.000254 0
710 369 720 402 0.000254 0
1120 324 1142 360 0.000254 0
1263 64 1279 79 0.000253 0
832 482 848 512 0.000253 0
1246 347 1266 380 0.000253 0
1011 426 1025 440 0.000252 0
286 197 343 377 0.000252 0
0 119 32 332 0.000252 0
1202 189 1210 201 0.000251 0
1038 429 1051 458 0.000251 0
743 412 788 450 0.000251 0
1230 441 1267 474 0.000251 0
799 440 823 456 0.000250 0
831 465 848 488 0.000250 0
1105 355 1121 410 0.000250 0
705 302 765 389 0.000250 0
1076 354 1089 376 0.000250 0
108 202 125 224 0.000250 0
319 254 336 352 0.000250 0
156 206 169 239 0.000249 0
182 392 224 420 0.000249 0
1208 373 1270 425 0.000249 0
942 400 973 455 0.000249 0
255 64 337 193 0.000249 0
0 79 70 225 0.000249 0
1088 149 1140 254 0.000248 0
916 375 927 398 0.000247 0
591 391 608 423 0.000246 0
991 386 1005 407 0.000246 0
740 200 753 232 0.000246 0
939 343 961 389 0.000245 0
705 335 772 466 0.000245 0
811 308 837 343 0.000245 0
685 318 705 361 0.000245 0
907 275 933 346 0.000245 0
753 202 768 232 0.000244 0
927 408 944 436 0.000244 0
853 434 931 486 0.000243 0
1262 65 1279 276 0.000243 0
1166 473 1180 493 0.000243 0
1179 472 1221 505 0.000241 0
1031 456 1041 470 0.000241 0
576 406 608 437 0.000240 0
832 478 842 512 0.000240 0
1054 433 1073 467 0.000240 0
560 438 587 455 0.000240 0
801 408 815 422 0.000240 0
589 391 608 410 0.000239 0
669 312 697 375 0.000239 0
1077 328 1088 335 0.000239 0
708 335 780 473 0.000239 0
1118 446 1135 472 0.000238 0
995 423 1013 441 0.000238 0
383 354 392 375 0.000238 0
704 198 727 266 0.000238 0
852 424 879 441 0.000237 0
339 64 498 212 0.000237 0
1069 381 1086 406 0.000236 0
235 64 437 202 0.000236 0
887 393 897 417 0.000236 0
766 155 799 237 0.000236 0
824 408 832 418 0.000236 0
1262 95 1279 175 0.000236 0
1100 320 1120 354 0.000236 0
670 207 685 237 0.000235 0
106 236 128 296 0.000234 0
519 392 528 411 0.000234 0
519 392 528 428 0.000234 0
66 64 154 196 0.000233 0
1136 406 1170 423 0.000232 0
239 215 258 264 0.000232 0
1249 423 1264 439 0.000232 0
749 198 765 227 0.000232 0
810 306 848 343 0.000231 0
851 419 932 486 0.000231 0
1062 398 1075 423 0.000231 0
1140 409 1160 423 0.000231 0
776 200 800 238 0.000231 0
833 428 886 480 0.000230 0
1122 344 1136 359 0.000230 0
484 337 496 376 0.000230 0
975 691 987 703 0.000230 0
937 369 1023 421 0.000230 0
531 219 586 280 0.000229 0
991 461 1001 471 0.000229 0
831 408 839 417 0.000229 0
1155 461 1168 477 0.000229 0
160 64 257 173 0.000226 0
1165 346 1212 382 0.000225 0
3 65 401 394 0.000225 0
708 317 730 347 0.000225 0
527 570 537 617 0.000225 0
1025 362 1042 396 0.000224 0
1053 680 1076 703 0.000224 0
1057 465 1106 503 0.000223 0
243 251 256 294 0.000223 0
60 64 128 193 0.000223 0
576 362 592 419 0.000223 0
727 340 755 377 0.000223 0
704 335 759 395 0.000222 0
0 564 16 646 0.000222 0
1199 394 1214 440 0.000222 0
1119 64 1135 77 0.000221 0
830 317 848 343 0.000221 0
3 64 78 214 0.000221 0
299 248 321 314 0.000221 0
1144 409 1166 424 0.000221 0
543 64 592 214 0.000221 0
161 206 180 217 0.000220 0
1215 440 1223 452 0.000219 0
931 417 969 457 0.000219 0
927 349 941 382 0.000219 0
898 334 926 375 0.000219 0
866 416 942 485 0.000219 0
0 64 75 208 0.000218 0
1168 458 1185 477 0.000218 0
1022 483 1074 530 0.000217 0
1191 373 1278 423 0.000217 0
328 64 665 210 0.000217 0
747 201 767 232 0.000216 0
1263 535 1279 702 0.000216 0
1041 430 1056 456 0.000216 0
1128 381 1135 391 0.000216 0
683 185 700 215 0.000215 0
559 404 581 434 0.000215 0
544 64 652 217 0.000215 0
1054 188 1064 210 0.000215 0
772 199 793 237 0.000215 0
615 471 624 488 0.000215 0
515 64 586 227 0.000214 0
495 504 504 521 0.000214 0
668 206 694 235 0.000214 0
1045 392 1056 417 0.000214 0
669 342 691 376 0.000214 0
776 407 783 415 0.000214 0
927 364 946 394 0.000214 0
599 561 608 568 0.000213 0
1263 82 1279 173 0.000213 0
703 370 720 407 0.000213 0
597 358 623 376 0.000213 0
640 295 684 353 0.000212 0
590 406 602 422 0.000212 0
687 353 695 371 0.000212 0
872 496 878 503 0.000211 0
1004 432 1025 456 0.000211 0
931 471 943 484 0.000210 0
630 159 649 184 0.000210 0
905 326 945 346 0.000210 0
943 393 954 408 0.000210 0
1167 379 1198 411 0.000210 0
1204 417 1216 440 0.000210 0
248 66 343 214 0.000210 0
816 409 826 425 0.000210 0
64 64 199 165 0.000209 0
185 64 444 203 0.000209 0
110 65 258 198 0.000209 0
830 333 847 362 0.000208 0
208 64 325 228 0.000208 0
575 281 596 355 0.000208 0
683 293 704 346 0.000207 0
580 359 625 436 0.000207 0
194 188 203 212 0.000207 0
924 342 959 388 0.000207 0
67 64 193 210 0.000206 0
346 64 443 204 0.000206 0
1117 403 1127 423 0.000206 0
1180 388 1212 419 0.000205 0
1054 423 1064 433 0.000204 0
1214 419 1268 472 0.000204 0
844 200 1056 264 0.000204 0
143 64 257 169 0.000204 0
765 201 787 236 0.000203 0
991 428 1002 441 0.000203 0
909 177 935 222 0.000203 0
752 185 768 232 0.000202 0
367 207 378 232 0.000202 0
158 64 485 353 0.000202 0
214 65 328 207 0.000202 0
941 415 964 454 0.000202 0
0 400 93 597 0.000201 0
601 365 659 434 0.000201 0
34 65 362 261 0.000201 0
1201 373 1279 508 0.000200 0
1086 384 1097 408 0.000199 0
353 190 367 200 0.000199 0
302 247 320 313 0.000199 0
914 178 935 200 0.000199 0
587 388 608 408 0.000199 0
101 64 498 284 0.000198 0
1032 341 1039 360 0.000198 0
656 325 680 353 0.000198 0
991 422 1001 438 0.000197 0
876 261 911 345 0.000197 0
763 295 803 344 0.000197 0
204 64 453 239 0.000197 0
824 492 850 512 0.000196 0
558 178 585 215 0.000196 0
1250 425 1264 441 0.000195 0
681 182 691 215 0.000195 0
662 311 692 362 0.000195 0
910 377 922 396 0.000195 0
1047 692 1073 703 0.000195 0
1234 431 1256 463 0.000195 0
833 397 847 420 0.000194 0
752 300 768 344 0.000194 0
1200 406 1209 440 0.000194 0
1252 478 1279 704 0.000193 0
157 84 212 222 0.000193 0
824 392 833 404 0.000193 0
183 191 191 205 0.000193 0
1191 409 1204 423 0.000193 0
623 407 641 428 0.000193 0
320 624 328 649 0.000192 0
1034 191 1060 233 0.000192 0
736 281 755 299 0.000192 0
107 65 436 265 0.000191 0
991 568 1000 584 0.000191 0
1247 366 1279 425 0.000191 0
992 568 1000 583 0.000191 0
224 641 240 685 0.000191 0
750 200 767 231 0.000190 0
873 257 916 345 0.000189 0
368 72 500 222 0.000189 0
944 397 962 424 0.000189 0
799 457 827 472 0.000189 0
964 201 1194 296 0.000189 0
1183 438 1192 457 0.000188 0
846 266 863 312 0.000188 0
1118 64 1136 129 0.000188 0
717 338 756 375 0.000188 0
799 453 831 472 0.000188 0
738 281 764 303 0.000188 0
1189 357 1215 380 0.000188 0
1186 455 1200 472 0.000187 0
930 423 967 456 0.000186 0
1150 339 1191 394 0.000186 0
365 185 375 200 0.000185 0
521 393 544 428 0.000185 0
35 64 135 214 0.000185 0
1065 413 1073 423 0.000183 0
978 340 993 359 0.000182 0
100 65 214 169 0.000182 0
362 66 454 213 0.000182 0
427 64 497 131 0.000182 0
714 238 738 273 0.000181 0
1239 412 1247 425 0.000181 0
648 201 664 217 0.000181 0
546 64 647 223 0.000181 0
703 342 720 422 0.000180 0
996 515 1008 539 0.000180 0
749 544 761 576 0.000179 0
375 184 396 204 0.000179 0
879 377 885 391 0.000178 0
859 449 897 487 0.000178 0
927 281 945 345 0.000178 0
960 198 969 208 0.000178 0
571 535 585 564 0.000177 0
576 282 594 339 0.000177 0
1119 456 1132 475 0.000176 0
611 151 631 181 0.000176 0
703 328 715 341 0.000176 0
648 480 656 487 0.000176 0
803 471 818 477 0.000176 0
1229 102 1279 186 0.000176 0
1071 334 1089 376 0.000176 0
1094 495 1117 527 0.000175 0
569 435 608 476 0.000175 0
197 246 213 277 0.000175 0
609 407 648 447 0.000175 0
1170 444 1184 457 0.000175 0
987 326 1011 381 0.000174 0
842 408 934 484 0.000174 0
852 250 865 312 0.000174 0
1075 381 1089 395 0.000173 0
65 64 161 158 0.000173 0
767 471 775 488 0.000173 0
798 336 808 382 0.000173 0
954 335 980 367 0.000173 0
1027 372 1040 409 0.000173 0
107 67 217 214 0.000172 0
775 343 784 354 0.000172 0
928 324 945 345 0.000172 0
210 71 330 225 0.000172 0
894 415 927 448 0.000172 0
913 362 1028 471 0.000171 0
783 313 838 344 0.000171 0
998 436 1009 451 0.000171 0
788 325 846 362 0.000171 0
715 403 757 441 0.000171 0
616 471 624 481 0.000171 0
910 340 994 429 0.000170 0
884 202 1189 297 0.000170 0
569 359 624 443 0.000170 0
655 324 680 365 0.000170 0
1138 276 1168 346 0.000170 0
819 410 833 427 0.000170 0
612 153 631 187 0.000170 0
301 238 337 358 0.000170 0
901 326 1034 415 0.000170 0
240 173 326 382 0.000169 0
1038 400 1052 422 0.000169 0
1145 304 1177 347 0.000169 0
116 392 128 404 0.000169 0
463 406 497 443 0.000169 0
575 357 620 419 0.000169 0
1 64 136 198 0.000168 0
428 64 497 209 0.000168 0
27 64 132 215 0.000167 0
942 408 960 427 0.000167 0
441 208 449 219 0.000167 0
904 331 946 381 0.000166 0
827 437 880 480 0.000166 0
709 240 738 273 0.000166 0
712 366 785 474 0.000166 0
1043 389 1062 418 0.000166 0
595 455 608 487 0.000166 0
298 66 358 200 0.000166 0
767 469 776 503 0.000165 0
776 396 783 409 0.000165 0
284 266 298 313 0.000165 0
1056 375 1066 389 0.000165 0
892 261 938 346 0.000165 0
525 594 544 646 0.000165 0
672 478 680 488 0.000165 0
1037 384 1052 415 0.000164 0
735 679 753 703 0.000164 0
235 204 266 260 0.000164 0
495 404 549 430 0.000164 0
0 175 6 203 0.000164 0
1023 410 1034 423 0.000163 0
1095 422 1103 432 0.000163 0
1204 373 1279 427 0.000163 0
385 184 399 204 0.000162 0
631 201 658 231 0.000162 0
424 64 497 138 0.000162 0
684 294 704 347 0.000162 0
1136 399 1143 408 0.000162 0
1271 523 1279 537 0.000162 0
415 248 421 270 0.000162 0
154 70 274 233 0.000161 0
575 357 592 396 0.000161 0
1105 430 1126 441 0.000161 0
1194 166 1217 206 0.000161 0
1120 317 1155 350 0.000161 0
1264 418 1279 464 0.000161 0
576 358 594 392 0.000160 0
1271 509 1279 537 0.000160 0
5 64 129 181 0.000160 0
630 659 669 703 0.000160 0
731 443 771 483 0.000159 0
1153 426 1166 441 0.000159 0
1168 688 1179 699 0.000158 0
1016 480 1030 494 0.000158 0
1200 456 1208 469 0.000158 0
431 518 441 543 0.000157 0
916 422 929 438 0.000157 0
1135 393 1176 424 0.000157 0
1137 337 1165 402 0.000156 0
286 233 328 380 0.000156 0
768 489 776 503 0.000156 0
477 202 486 223 0.000156 0
627 145 671 218 0.000156 0
1183 500 1228 517 0.000156 0
704 361 720 407 0.000155 0
411 64 498 223 0.000155 0
1264 439 1279 465 0.000155 0
0 64 124 219 0.000155 0
948 188 960 208 0.000155 0
1084 346 1095 360 0.000154 0
931 338 964 388 0.000154 0
901 335 971 391 0.000154 0
1115 275 1163 345 0.000154 0
319 253 338 351 0.000154 0
494 391 521 427 0.000154 0
916 343 943 383 0.000153 0
561 64 661 221 0.000153 0
286 249 320 315 0.000153 0
155 73 269 226 0.000153 0
735 678 771 703 0.000152 0
1117 439 1131 450 0.000152 0
767 291 800 343 0.000152 0
1181 453 1194 472 0.000152 0
298 237 322 312 0.000152 0
193 187 202 215 0.000152 0
32 64 128 209 0.000152 0
567 64 656 218 0.000152 0
1071 334 1090 372 0.000151 0
902 261 930 345 0.000151 0
1232 422 1279 467 0.000151 0
1160 332 1199 358 0.000150 0
939 199 959 253 0.000150 0
1066 438 1110 473 0.000150 0
903 329 994 392 0.000150 0
211 188 246 241 0.000150 0
1147 499 1164 519 0.000150 0
275 199 286 218 0.000150 0
320 627 328 648 0.000150 0
1025 360 1041 375 0.000150 0
502 64 585 201 0.000150 0
487 467 495 480 0.000150 0
783 378 792 391 0.000150 0
598 534 609 567 0.000149 0
788 327 824 360 0.000149 0
722 402 774 441 0.000149 0
816 345 828 361 0.000148 0
0 64 68 183 0.000148 0
603 577 617 616 0.000148 0
358 72 499 250 0.000148 0
652 320 684 376 0.000148 0
0 577 15 644 0.000147 0
1083 696 1096 703 0.000147 0
63 474 81 542 0.000147 0
302 251 331 314 0.000147 0
1103 388 1122 408 0.000147 0
652 428 705 474 0.000147 0
1224 471 1279 552 0.000146 0
598 577 616 616 0.000146 0
735 260 759 301 0.000146 0
336 374 352 411 0.000146 0
702 193 767 276 0.000146 0
491 407 583 432 0.000146 0
1215 456 1226 474 0.000146 0
1025 362 1043 375 0.000146 0
813 314 848 343 0.000146 0
174 185 184 207 0.000146 0
863 406 871 415 0.000146 0
739 682 814 703 0.000146 0
775 411 784 428 0.000145 0
487 463 496 476 0.000145 0
894 267 911 311 0.000145 0
566 587 578 617 0.000145 0
894 266 929 345 0.000145 0
875 273 903 345 0.000144 0
302 244 334 334 0.000144 0
752 331 818 393 0.000144 0
0 101 69 225 0.000144 0
108 64 261 167 0.000143 0
1183 503 1199 517 0.000142 0
557 68 642 214 0.000142 0
563 432 598 471 0.000142 0
836 184 1185 282 0.000142 0
159 64 290 215 0.000141 0
1221 440 1279 475 0.000141 0
585 205 596 215 0.000141 0
1117 277 1141 343 0.000141 0
835 375 848 392 0.000141 0
777 337 803 361 0.000140 0
1134 344 1148 359 0.000140 0
664 448 720 473 0.000140 0
893 419 935 459 0.000139 0
991 411 1000 424 0.000139 0
9 64 127 199 0.000139 0
0 549 17 703 0.000139 0
436 192 445 203 0.000139 0
1134 431 1144 440 0.000138 0
342 64 499 165 0.000138 0
1086 383 1096 398 0.000138 0
1038 393 1050 411 0.000138 0
904 278 946 347 0.000138 0
575 279 595 324 0.000137 0
1223 477 1265 518 0.000137 0
295 223 322 310 0.000137 0
1021 382 1029 397 0.000137 0
1072 336 1091 400 0.000137 0
802 420 830 441 0.000137 0
1055 378 1065 391 0.000136 0
989 189 1008 221 0.000136 0
9 65 460 383 0.000136 0
1016 463 1144 503 0.000135 0
992 456 1062 498 0.000135 0
1261 100 1279 246 0.000135 0
600 344 609 360 0.000135 0
69 65 212 206 0.000134 0
1058 483 1111 517 0.000134 0
808 289 842 344 0.000134 0
799 375 809 392 0.000134 0
1264 366 1279 430 0.000134 0
1143 505 1153 518 0.000134 0
902 394 912 410 0.000134 0
0 517 36 600 0.000134 0
1107 411 1124 423 0.000134 0
1102 398 1119 409 0.000133 0
257 64 348 174 0.000133 0
103 248 113 280 0.000133 0
954 455 973 473 0.000133 0
609 663 671 703 0.000133 0
821 459 843 515 0.000132 0
807 392 815 408 0.000132 0
1116 64 1162 103 0.000132 0
301 238 338 371 0.000132 0
515 393 556 431 0.000132 0
1024 370 1041 410 0.000132 0
238 196 392 393 0.000132 0
344 64 497 156 0.000132 0
0 161 7 203 0.000131 0
93 70 215 221 0.000131 0
345 64 497 94 0.000131 0
1030 409 1042 425 0.000131 0
843 463 881 487 0.000131 0
487 487 495 500 0.000131 0
529 407 561 427 0.000131 0
720 401 777 442 0.000130 0
0 272 42 417 0.000130 0
1046 678 1072 702 0.000129 0
726 243 737 271 0.000129 0
711 586 721 614 0.000129 0
654 205 676 221 0.000129 0
978 427 992 440 0.000129 0
1004 200 1059 318 0.000129 0
1226 195 1279 386 0.000128 0
202 371 240 410 0.000128 0
702 327 718 360 0.000128 0
1134 472 1191 511 0.000128 0
239 225 257 289 0.000127 0
1119 319 1136 392 0.000127 0
543 64 590 187 0.000127 0
286 252 322 383 0.000127 0
847 293 881 343 0.000127 0
486 64 587 226 0.000127 0
0 293 37 433 0.000126 0
1005 64 1087 232 0.000126 0
785 360 804 391 0.000126 0
894 334 927 381 0.000125 0
1199 457 1212 479 0.000125 0
656 436 719 473 0.000125 0
0 268 53 403 0.000125 0
1035 464 1168 506 0.000125 0
396 69 499 220 0.000125 0
783 375 792 390 0.000124 0
342 102 586 354 0.000124 0
895 389 904 406 0.000124 0
1095 349 1122 416 0.000124 0
799 361 808 384 0.000124 0
1183 500 1221 517 0.000123 0
1053 188 1088 230 0.000123 0
750 544 761 579 0.000123 0
495 391 528 428 0.000123 0
1209 367 1221 395 0.000123 0
702 191 756 328 0.000122 0
751 446 770 489 0.000122 0
197 64 325 192 0.000121 0
1003 460 1066 499 0.000121 0
153 202 168 231 0.000121 0
855 315 884 343 0.000121 0
757 209 768 232 0.000121 0
240 198 270 240 0.000121 0
1044 696 1063 703 0.000120 0
319 64 371 108 0.000120 0
572 440 608 474 0.000120 0
767 365 778 390 0.000120 0
1072 487 1119 522 0.000120 0
879 387 887 403 0.000119 0
1151 497 1169 519 0.000119 0
1032 367 1051 415 0.000119 0
1053 378 1112 419 0.000119 0
1214 270 1232 326 0.000119 0
285 259 321 314 0.000119 0
721 402 762 441 0.000119 0
856 214 892 278 0.000119 0
239 214 256 255 0.000119 0
652 288 679 352 0.000118 0
783 411 815 444 0.000118 0
895 414 923 441 0.000117 0
0 273 54 413 0.000117 0
775 514 784 530 0.000117 0
1228 297 1279 428 0.000117 0
1089 424 1104 455 0.000117 0
0 516 64 604 0.000116 0
531 696 552 703 0.000116 0
737 696 823 703 0.000116 0
847 424 856 439 0.000116 0
1022 405 1036 423 0.000116 0
237 181 266 226 0.000116 0
214 64 324 166 0.000116 0
869 411 888 438 0.000116 0
766 364 776 379 0.000115 0
558 392 591 438 0.000115 0
1135 378 1158 409 0.000115 0
825 376 832 389 0.000115 0
902 390 912 409 0.000115 0
774 510 784 520 0.000115 0
840 411 919 478 0.000115 0
702 197 738 274 0.000114 0
1057 329 1091 415 0.000114 0
210 84 323 227 0.000114 0
736 265 771 304 0.000114 0
953 332 995 379 0.000114 0
319 269 337 366 0.000114 0
827 374 848 417 0.000114 0
1222 473 1269 552 0.000113 0
943 279 971 346 0.000113 0
895 286 923 345 0.000113 0
879 320 891 360 0.000113 0
764 293 849 344 0.000113 0
892 327 999 389 0.000113 0
684 471 698 488 0.000112 0
68 66 218 221 0.000112 0
66 64 168 148 0.000112 0
579 359 620 392 0.000112 0
106 64 210 164 0.000112 0
475 334 495 378 0.000112 0
1214 64 1232 118 0.000112 0
988 315 1027 385 0.000112 0
1110 352 1118 361 0.000112 0
175 490 184 503 0.000111 0
749 403 770 421 0.000111 0
1263 72 1279 168 0.000111 0
589 177 685 223 0.000111 0
518 495 535 509 0.000111 0
443 177 547 304 0.000111 0
527 621 544 644 0.000110 0
1120 320 1138 361 0.000110 0
794 187 818 232 0.000110 0
303 150 392 299 0.000110 0
1025 361 1050 395 0.000110 0
1014 64 1116 190 0.000110 0
581 65 671 224 0.000110 0
871 395 879 408 0.000110 0
631 663 655 703 0.000109 0
853 234 872 312 0.000109 0
1266 137 1279 173 0.000109 0
309 138 377 292 0.000109 0
914 400 929 423 0.000109 0
787 377 801 392 0.000109 0
199 199 209 217 0.000108 0
1119 400 1136 423 0.000108 0
704 336 767 465 0.000108 0
1104 350 1115 360 0.000108 0
718 365 780 442 0.000108 0
116 64 205 100 0.000108 0
298 233 322 352 0.000108 0
0 267 47 410 0.000108 0
263 64 317 126 0.000107 0
579 64 664 219 0.000107 0
1103 356 1120 392 0.000107 0
193 64 329 219 0.000107 0
494 391 551 431 0.000107 0
933 327 944 345 0.000107 0
1215 425 1232 440 0.000107 0
1265 413 1279 466 0.000107 0
735 680 813 703 0.000106 0
1264 618 1279 704 0.000106 0
1032 64 1130 188 0.000106 0
527 577 537 629 0.000106 0
63 480 81 532 0.000106 0
286 241 322 379 0.000106 0
542 396 578 414 0.000105 0
425 222 441 232 0.000105 0
259 64 369 190 0.000105 0
1038 438 1057 465 0.000105 0
767 375 777 391 0.000105 0
16 64 513 371 0.000105 0
319 255 336 358 0.000105 0
602 447 644 475 0.000105 0
951 495 959 504 0.000105 0
1256 405 1279 460 0.000105 0
847 404 885 444 0.000104 0
1166 456 1202 479 0.000104 0
1099 107 1141 164 0.000104 0
1033 350 1060 405 0.000104 0
493 64 585 200 0.000104 0
919 424 1118 499 0.000104 0
887 392 909 437 0.000104 0
945 332 975 366 0.000104 0
429 219 440 240 0.000104 0
1102 696 1114 703 0.000104 0
759 216 767 233 0.000103 0
1214 267 1233 315 0.000103 0
770 298 812 344 0.000103 0
878 395 888 413 0.000103 0
759 314 789 344 0.000103 0
981 285 1009 373 0.000103 0
1047 342 1056 358 0.000103 0
4 375 32 419 0.000103 0
848 399 866 414 0.000103 0
445 179 468 220 0.000102 0
955 685 969 702 0.000102 0
319 258 334 322 0.000102 0
574 64 668 226 0.000102 0
1172 64 1280 274 0.000102 0
989 279 1022 383 0.000102 0
1203 441 1267 473 0.000101 0
1016 381 1034 409 0.000101 0
299 255 338 376 0.000101 0
526 560 539 602 0.000101 0
508 392 582 432 0.000101 0
702 193 757 274 0.000101 0
575 332 594 394 0.000100 0
633 301 697 378 0.000100 0
1015 453 1045 471 0.000100 0
1056 363 1066 378 0.000100 0
992 246 1079 335 0.838775 1
532 218 576 255 0.774742 1
1102 212 1152 262 0.722159 1
922 215 952 265 0.592001 1
1102 218 1152 262 0.549587 1
919 216 953 265 0.467362 1
923 217 952 264 0.403155 1
923 220 952 265 0.320183 1
1102 223 1153 262 0.290344 1
925 218 952 264 0.256302 1
916 213 953 266 0.152184 1
927 222 952 266 0.112341 1
919 214 949 263 0.098600 1
19 218 72 257 0.082213 1
48 224 98 258 0.067236 1
532 218 569 255 0.055876 1
1056 214 1093 245 0.048988 1
918 214 950 261 0.046733 1
14 217 71 257 0.043165 1
1068 218 1093 245 0.041266 1
21 216 42 257 0.039051 1
20 216 43 258 0.037078 1
47 228 73 256 0.036876 1
1055 213 1093 246 0.036292 1
47 225 73 256 0.033916 1
20 220 71 259 0.033449 1
1056 217 1093 246 0.032283 1
0 227 41 259 0.030936 1
48 222 73 256 0.030016 1
0 217 72 259 0.029866 1
47 225 79 256 0.028878 1
20 217 69 258 0.028167 1
922 208 951 263 0.028116 1
0 220 70 259 0.028107 1
1103 222 1150 261 0.027479 1
47 227 75 256 0.026394 1
532 213 570 255 0.025081 1
47 233 72 256 0.024791 1
0 219 42 259 0.024613 1
1053 217 1094 252 0.024394 1
1069 217 1094 245 0.024058 1
532 219 557 254 0.023913 1
1102 226 1124 261 0.022386 1
48 225 98 259 0.021410 1
21 216 58 259 0.020785 1
1070 220 1093 245 0.019493 1
20 224 72 259 0.019347 1
48 235 72 256 0.018969 1
36 223 73 257 0.018829 1
916 217 951 266 0.017124 1
23 215 43 254 0.017103 1
49 222 82 255 0.017059 1
47 231 74 256 0.017003 1
927 218 952 263 0.016750 1
51 223 97 257 0.016747 1
19 215 43 254 0.016739 1
9 223 43 257 0.016654 1
1102 227 1119 262 0.015234 1
12 228 43 257 0.015053 1
22 228 42 257 0.014727 1
59 224 99 257 0.014346 1
1063 212 1092 245 0.013585 1
1120 212 1137 253 0.013308 1
0 229 41 258 0.013031 1
1113 212 1152 260 0.012822 1
1058 212 1097 246 0.012748 1
22 226 42 257 0.011528 1
1116 220 1137 252 0.010696 1
1070 214 1096 245 0.010399 1
949 273 960 303 0.010147 1
1112 214 1137 250 0.009984 1
547 224 576 253 0.009738 1
53 223 96 253 0.009683 1
1056 217 1105 246 0.009633 1
15 218 73 277 0.009560 1
76 225 99 257 0.009503 1
64 224 97 251 0.008976 1
919 207 944 253 0.008091 1
0 219 66 259 0.007669 1
1069 213 1094 241 0.007317 1
532 220 563 255 0.006994 1
65 224 99 257 0.006779 1
1059 212 1119 247 0.006561 1
532 231 553 255 0.006243 1
48 224 99 267 0.005856 1
1143 309 1168 348 0.005228 1
106 236 159 259 0.005222 1
0 222 73 280 0.005109 1
498 234 530 249 0.005079 1
77 231 99 257 0.005018 1
110 235 195 264 0.004988 1
931 273 960 303 0.004954 1
1123 211 1138 251 0.004824 1
0 232 37 258 0.004794 1
1055 222 1066 247 0.004539 1
122 235 196 263 0.004464 1
1033 241 1061 278 0.004440 1
1055 210 1152 261 0.004341 1
77 233 99 258 0.004318 1
949 274 960 303 0.004272 1
550 224 576 253 0.004231 1
22 215 52 254 0.004190 1
328 233 352 256 0.004077 1
928 273 960 304 0.004042 1
104 236 159 264 0.003982 1
1039 243 1060 261 0.003949 1
332 234 352 255 0.003925 1
913 216 940 263 0.003818 1
495 237 530 252 0.003748 1
77 224 97 245 0.003723 1
1055 220 1066 246 0.003721 1
495 227 533 252 0.003642 1
1040 222 1064 248 0.003581 1
60 229 185 265 0.003576 1
1102 232 1113 262 0.003545 1
934 273 960 304 0.003499 1
126 236 196 264 0.003498 1
0 236 32 258 0.003496 1
907 217 947 299 0.003477 1
1043 226 1065 257 0.003470 1
1036 244 1061 283 0.003469 1
1053 222 1067 250 0.003403 1
496 233 532 252 0.003399 1
116 235 195 263 0.003387 1
19 214 73 258 0.003380 1
11 219 41 257 0.003321 1
330 231 352 255 0.003319 1
158 227 210 263 0.003300 1
1122 212 1152 260 0.003265 1
1142 309 1169 359 0.003263 1
1042 232 1066 260 0.003196 1
78 235 99 257 0.003193 1
1043 220 1080 257 0.003192 1
1055 214 1103 256 0.003164 1
0 241 7 258 0.003089 1
925 273 960 308 0.003057 1
0 239 12 258 0.003045 1
106 212 160 256 0.003036 1
913 219 931 267 0.002804 1
1102 218 1129 252 0.002802 1
76 226 117 258 0.002777 1
1040 252 1079 335 0.002726 1
112 236 158 255 0.002720 1
75 233 195 265 0.002629 1
159 237 194 263 0.002569 1
1086 228 1101 248 0.002565 1
1054 215 1071 245 0.002548 1
519 231 532 245 0.002490 1
1045 216 1094 258 0.002440 1
105 219 198 264 0.002424 1
111 214 159 255 0.002410 1
78 232 116 258 0.002402 1
926 273 960 312 0.002402 1
993 267 1049 340 0.002372 1
908 224 962 305 0.002368 1
911 218 948 294 0.002362 1
157 232 216 264 0.002335 1
14 230 46 267 0.002332 1
912 272 960 307 0.002309 1
913 204 955 267 0.002259 1
1089 228 1108 265 0.002244 1
112 215 170 257 0.002226 1
0 226 43 282 0.002216 1
912 216 932 252 0.002189 1
42 222 184 264 0.002182 1
158 229 208 263 0.002111 1
103 233 156 263 0.002101 1
19 227 46 271 0.002086 1
1053 213 1096 257 0.002073 1
525 226 549 248 0.002055 1
1088 225 1109 264 0.002047 1
6 218 74 293 0.002037 1
567 223 576 241 0.002019 1
1001 268 1044 324 0.001988 1
1078 219 1116 262 0.001983 1
1071 214 1100 235 0.001947 1
1031 244 1061 286 0.001937 1
999 268 1033 327 0.001927 1
968 216 1256 315 0.001922 1
326 233 353 257 0.001870 1
911 217 935 296 0.001860 1
1016 256 1079 335 0.001853 1
911 214 934 248 0.001851 1
691 208 713 238 0.001816 1
21 215 71 254 0.001789 1
76 234 117 258 0.001777 1
1037 246 1060 289 0.001767 1
158 224 216 263 0.001739 1
119 237 157 254 0.001662 1
113 237 157 263 0.001648 1
74 228 123 258 0.001648 1
100 215 199 265 0.001640 1
496 233 536 254 0.001616 1
51 217 70 248 0.001612 1
527 216 553 250 0.001608 1
21 218 77 293 0.001596 1
117 219 180 260 0.001548 1
194 221 227 261 0.001541 1
78 235 115 260 0.001515 1
159 222 215 262 0.001508 1
326 234 337 250 0.001479 1
1045 222 1059 236 0.001475 1
1124 229 1151 260 0.001466 1
994 266 1030 301 0.001458 1
1012 267 1078 335 0.001453 1
172 218 225 262 0.001451 1
0 232 45 276 0.001450 1
863 246 914 289 0.001443 1
330 218 353 255 0.001402 1
325 231 353 254 0.001383 1
994 269 1010 294 0.001378 1
1038 239 1064 276 0.001374 1
1128 212 1148 251 0.001370 1
191 223 227 263 0.001366 1
912 218 929 286 0.001358 1
106 217 204 264 0.001355 1
0 228 33 258 0.001353 1
909 270 949 311 0.001345 1
863 258 896 284 0.001326 1
149 237 194 265 0.001317 1
1045 262 1079 335 0.001317 1
33 230 73 279 0.001312 1
1037 250 1078 335 0.001295 1
108 211 148 256 0.001275 1
864 258 912 288 0.001269 1
865 246 893 284 0.001255 1
866 246 891 280 0.001251 1
906 199 938 248 0.001214 1
993 269 1007 294 0.001199 1
997 254 1039 322 0.001189 1
910 265 947 298 0.001184 1
889 232 1278 374 0.001179 1
1060 208 1133 248 0.001171 1
21 232 202 275 0.001143 1
864 258 894 285 0.001142 1
1089 231 1105 269 0.001132 1
914 212 953 274 0.001131 1
105 237 157 264 0.001125 1
998 271 1046 330 0.001119 1
1114 230 1151 260 0.001114 1
893 262 920 294 0.001114 1
47 232 74 272 0.001108 1
1141 317 1168 345 0.001095 1
1001 267 1045 326 0.001077 1
118 237 162 263 0.001075 1
158 217 236 264 0.001070 1
53 217 75 239 0.001033 1
892 261 923 292 0.001029 1
992 270 1006 294 0.001027 1
104 238 151 264 0.001022 1
75 233 128 263 0.001011 1
120 237 159 255 0.001003 1
864 217 893 278 0.001003 1
1089 228 1106 265 0.000997 1
996 270 1052 329 0.000996 1
85 214 189 266 0.000992 1
131 214 147 237 0.000987 1
18 225 71 285 0.000980 1
159 236 200 263 0.000976 1
1000 267 1068 334 0.000972 1
1119 314 1168 357 0.000957 1
1 229 48 284 0.000941 1
937 218 959 255 0.000936 1
1035 225 1061 258 0.000935 1
862 201 948 297 0.000931 1
99 235 194 267 0.000930 1
1002 258 1046 329 0.000916 1
190 226 224 263 0.000913 1
865 261 913 290 0.000902 1
1007 240 1079 300 0.000900 1
1048 269 1078 335 0.000893 1
51 217 95 241 0.000883 1
152 221 204 264 0.000882 1
130 219 198 262 0.000865 1
919 271 960 298 0.000857 1
858 260 903 300 0.000841 1
524 230 542 250 0.000840 1
864 226 913 290 0.000838 1
863 260 908 290 0.000829 1
939 236 958 255 0.000822 1
867 246 889 276 0.000802 1
1078 216 1107 246 0.000789 1
996 269 1025 317 0.000782 1
881 203 924 244 0.000781 1
927 209 952 258 0.000775 1
994 270 1014 294 0.000774 1
132 215 158 242 0.000766 1
995 269 1025 305 0.000761 1
1102 229 1151 261 0.000756 1
924 278 947 312 0.000752 1
863 203 914 285 0.000751 1
855 228 889 283 0.000745 1
910 241 928 296 0.000742 1
993 269 1026 326 0.000737 1
0 235 21 287 0.000731 1
874 213 963 304 0.000725 1
861 195 955 293 0.000713 1
51 236 196 268 0.000687 1
104 235 203 273 0.000682 1
191 226 226 263 0.000681 1
0 211 57 260 0.000677 1
1100 213 1188 249 0.000657 1
192 221 237 263 0.000657 1
926 278 946 313 0.000656 1
1024 247 1054 329 0.000649 1
39 216 173 260 0.000628 1
1118 308 1168 352 0.000625 1
1131 224 1156 257 0.000623 1
754 227 1277 365 0.000622 1
158 213 242 265 0.000620 1
995 270 1030 328 0.000619 1
104 242 148 264 0.000619 1
999 268 1052 331 0.000618 1
1139 306 1204 401 0.000614 1
78 234 100 264 0.000613 1
68 216 96 238 0.000610 1
74 223 123 258 0.000608 1
34 233 205 272 0.000607 1
59 245 95 266 0.000602 1
0 240 9 286 0.000601 1
121 207 145 238 0.000596 1
0 223 62 292 0.000595 1
158 214 222 264 0.000584 1
1005 270 1033 315 0.000572 1
548 224 576 257 0.000571 1
157 234 223 272 0.000568 1
909 265 927 296 0.000562 1
998 272 1047 334 0.000560 1
1046 250 1078 335 0.000560 1
894 264 910 289 0.000558 1
1001 251 1063 334 0.000557 1
858 249 896 284 0.000549 1
998 270 1025 325 0.000543 1
894 263 909 287 0.000542 1
527 211 576 255 0.000535 1
192 235 222 263 0.000533 1
1013 249 1054 329 0.000517 1
159 238 192 265 0.000504 1
932 273 960 317 0.000502 1
1005 244 1048 329 0.000500 1
916 211 995 258 0.000498 1
940 215 965 256 0.000493 1
964 224 1279 418 0.000491 1
917 219 951 281 0.000480 1
863 237 930 292 0.000480 1
194 204 227 260 0.000473 1
1181 184 1224 217 0.000472 1
1039 244 1063 285 0.000464 1
864 218 889 277 0.000459 1
976 232 1103 307 0.000458 1
862 237 941 302 0.000455 1
521 200 552 247 0.000452 1
880 207 935 254 0.000449 1
135 213 147 235 0.000431 1
869 224 931 297 0.000426 1
992 245 1011 294 0.000424 1
1182 193 1200 216 0.000415 1
998 273 1055 332 0.000415 1
933 227 963 265 0.000412 1
894 263 913 311 0.000412 1
1137 288 1169 345 0.000407 1
910 210 1003 289 0.000400 1
863 260 918 315 0.000399 1
26 235 49 293 0.000399 1
1085 211 1105 233 0.000398 1
908 271 939 312 0.000397 1
893 262 925 312 0.000392 1
135 217 169 249 0.000390 1
910 270 928 296 0.000388 1
680 210 695 234 0.000385 1
992 270 1006 312 0.000384 1
1028 212 1142 275 0.000372 1
903 210 1013 303 0.000371 1
0 200 161 295 0.000369 1
1038 247 1063 298 0.000364 1
107 226 224 277 0.000363 1
192 223 241 264 0.000352 1
926 284 944 312 0.000348 1
906 277 946 345 0.000347 1
1037 248 1071 322 0.000346 1
2 74 105 267 0.000344 1
1147 324 1174 344 0.000342 1
1036 252 1070 335 0.000341 1
894 262 908 286 0.000338 1
944 213 974 254 0.000338 1
1036 231 1074 277 0.000337 1
876 213 934 287 0.000332 1
104 246 129 264 0.000326 1
848 250 898 307 0.000326 1
530 248 603 283 0.000325 1
1038 244 1078 334 0.000313 1
1124 208 1145 236 0.000311 1
985 235 1007 259 0.000309 1
680 209 694 231 0.000308 1
914 262 1013 316 0.000306 1
860 209 936 296 0.000304 1
132 211 151 237 0.000303 1
456 210 478 264 0.000303 1
1096 207 1278 266 0.000302 1
1000 276 1056 335 0.000300 1
101 203 207 265 0.000299 1
1003 254 1052 330 0.000299 1
1098 212 1207 262 0.000297 1
992 275 1025 327 0.000295 1
931 222 954 279 0.000293 1
862 254 962 314 0.000292 1
1005 270 1044 323 0.000291 1
996 205 1264 322 0.000290 1
158 219 231 277 0.000283 1
890 219 1075 311 0.000279 1
861 246 931 296 0.000277 1
1092 191 1159 250 0.000277 1
1052 281 1078 334 0.000274 1
967 187 1279 374 0.000274 1
1034 276 1069 335 0.000271 1
908 269 936 340 0.000270 1
1030 281 1054 335 0.000265 1
1136 235 1151 260 0.000263 1
0 68 70 279 0.000262 1
988 239 1008 268 0.000260 1
1146 321 1184 362 0.000258 1
189 218 250 266 0.000255 1
1147 308 1169 347 0.000249 1
919 208 954 263 0.000248 1
993 246 1059 327 0.000247 1
983 276 1057 352 0.000247 1
885 266 960 343 0.000245 1
530 229 551 254 0.000244 1
7 240 185 293 0.000242 1
1138 307 1230 412 0.000241 1
1189 198 1213 226 0.000241 1
0 191 253 327 0.000235 1
106 204 165 262 0.000234 1
1015 229 1082 324 0.000234 1
81 217 95 235 0.000232 1
1090 203 1106 230 0.000229 1
861 260 914 310 0.000227 1
8 234 223 293 0.000218 1
992 246 1066 329 0.000215 1
1134 306 1205 407 0.000211 1
904 242 1057 321 0.000207 1
1029 301 1060 336 0.000204 1
1001 275 1046 337 0.000203 1
194 210 221 246 0.000191 1
927 278 946 341 0.000191 1
193 238 220 265 0.000190 1
921 272 962 340 0.000189 1
1000 270 1049 343 0.000188 1
198 207 225 240 0.000185 1
1011 280 1051 336 0.000184 1
529 231 570 276 0.000182 1
892 268 1028 328 0.000179 1
864 247 959 348 0.000176 1
1048 276 1078 334 0.000170 1
677 209 706 238 0.000168 1
949 273 968 304 0.000167 1
1139 302 1224 368 0.000166 1
972 183 1208 253 0.000163 1
37 195 107 258 0.000161 1
906 271 930 311 0.000161 1
1088 180 1227 263 0.000161 1
945 272 991 316 0.000158 1
991 269 1009 321 0.000158 1
530 220 578 280 0.000156 1
991 269 1014 321 0.000156 1
896 266 932 344 0.000155 1
0 197 84 299 0.000151 1
127 204 209 263 0.000148 1
913 271 961 328 0.000146 1
1 128 207 269 0.000146 1
908 269 934 345 0.000146 1
894 267 918 311 0.000145 1
1036 303 1049 335 0.000145 1
561 233 591 250 0.000141 1
1084 153 1280 265 0.000141 1
1060 288 1078 334 0.000141 1
495 212 597 284 0.000140 1
949 273 969 303 0.000140 1
198 205 254 262 0.000138 1
744 212 1276 369 0.000133 1
560 224 591 250 0.000132 1
824 280 864 312 0.000132 1
957 254 1008 299 0.000132 1
123 205 148 234 0.000132 1
865 235 932 279 0.000131 1
1056 279 1078 334 0.000130 1
855 236 927 306 0.000129 1
526 212 636 255 0.000128 1
1145 330 1199 360 0.000125 1
154 215 248 284 0.000121 1
1058 210 1122 273 0.000121 1
1056 215 1264 289 0.000121 1
327 232 353 288 0.000118 1
863 203 909 279 0.000113 1
14 215 38 243 0.000112 1
0 207 45 269 0.000111 1
75 215 124 259 0.000109 1
950 268 1008 322 0.000105 1
1064 287 1079 334 0.000103 1
1093 227 1155 277 0.000101 1
930 239 982 305 0.000101 1
630 373 658 395 0.105611 2
631 375 658 395 0.084207 2
1270 216 1279 223 0.051151 2
1104 487 1117 496 0.036414 2
1104 487 1120 497 0.030599 2
1119 488 1136 497 0.025368 2
1120 488 1136 498 0.020543 2
631 379 658 397 0.020396 2
534 204 545 219 0.019536 2
528 205 544 218 0.017167 2
1263 216 1279 224 0.016899 2
849 471 867 479 0.015433 2
824 330 847 343 0.014688 2
822 330 847 344 0.014572 2
848 471 868 479 0.014334 2
534 197 569 220 0.014013 2
534 206 545 218 0.011830 2
480 182 519 217 0.010775 2
305 188 317 198 0.010650 2
484 198 517 217 0.010639 2
832 481 840 487 0.010222 2
495 435 525 449 0.010195 2
647 455 655 461 0.010082 2
1168 382 1179 392 0.009470 2
304 185 322 198 0.009352 2
494 198 517 211 0.009293 2
492 199 506 210 0.008994 2
630 370 659 395 0.008075 2
669 454 683 463 0.007983 2
1263 347 1279 368 0.007927 2
655 452 665 462 0.007030 2
1215 495 1233 511 0.006789 2
916 473 928 483 0.006728 2
484 199 516 217 0.006586 2
867 187 934 242 0.006491 2
308 186 323 198 0.006046 2
495 238 527 252 0.006045 2
877 198 907 243 0.005659 2
877 198 934 244 0.005614 2
1264 349 1279 368 0.005567 2
875 198 930 238 0.005435 2
640 688 672 703 0.005430 2
1214 495 1232 511 0.005333 2
319 217 331 231 0.005274 2
1173 381 1184 391 0.005235 2
490 201 517 217 0.005159 2
1102 488 1138 505 0.004823 2
463 420 496 445 0.004818 2
495 432 515 448 0.004802 2
639 373 661 393 0.004762 2
1103 488 1120 504 0.004450 2
495 436 522 448 0.004371 2
495 435 528 454 0.004277 2
635 374 661 394 0.004168 2
1263 220 1279 270 0.004004 2
463 422 496 446 0.003989 2
901 456 914 463 0.003928 2
895 474 925 487 0.003880 2
639 679 671 703 0.003875 2
1103 488 1124 505 0.003814 2
553 178 580 202 0.003790 2
596 423 610 434 0.003731 2
1263 336 1279 369 0.003730 2
665 455 675 463 0.003730 2
319 204 331 231 0.003651 2
1263 216 1279 270 0.003636 2
1266 212 1279 224 0.003615 2
1006 194 1052 225 0.003526 2
893 479 909 487 0.003427 2
495 429 520 449 0.003318 2
1104 488 1138 508 0.003265 2
1023 483 1041 497 0.003243 2
640 685 671 703 0.003170 2
968 480 988 487 0.003138 2
1156 498 1178 511 0.003124 2
1094 493 1105 504 0.003045 2
1189 495 1213 506 0.003037 2
655 425 703 469 0.002977 2
515 188 548 218 0.002967 2
481 188 518 217 0.002959 2
669 383 682 395 0.002932 2
594 198 652 215 0.002922 2
802 207 854 240 0.002841 2
1150 498 1167 510 0.002759 2
875 200 909 243 0.002755 2
1183 499 1207 513 0.002740 2
511 438 527 454 0.002601 2
1110 471 1121 477 0.002572 2
430 424 464 442 0.002572 2
821 330 847 344 0.002548 2
1183 503 1200 512 0.002489 2
658 375 687 387 0.002457 2
896 471 925 486 0.002455 2
503 326 513 335 0.002321 2
1155 497 1184 510 0.002273 2
1092 488 1107 504 0.002271 2
503 312 528 336 0.002242 2
1003 198 1040 219 0.002234 2
1120 64 1152 76 0.002229 2
1179 381 1192 391 0.002211 2
463 425 496 447 0.002206 2
623 323 664 370 0.002185 2
846 462 863 477 0.002178 2
1192 495 1217 510 0.002166 2
0 406 31 423 0.002129 2
1010 195 1052 234 0.002124 2
1197 472 1211 480 0.002115 2
623 322 678 371 0.002108 2
879 199 905 243 0.002088 2
1190 497 1200 504 0.002078 2
1262 169 1279 180 0.002074 2
639 688 671 703 0.002074 2
1263 197 1279 224 0.002061 2
873 193 935 239 0.002058 2
875 199 910 242 0.002021 2
511 336 521 350 0.002021 2
891 471 921 486 0.002004 2
906 473 928 487 0.001991 2
80 400 177 425 0.001982 2
1227 500 1240 511 0.001979 2
1263 364 1279 394 0.001956 2
453 423 496 446 0.001952 2
1005 194 1045 223 0.001943 2
877 201 906 241 0.001939 2
509 431 528 450 0.001929 2
866 177 935 203 0.001900 2
622 321 663 376 0.001882 2
824 504 833 511 0.001879 2
484 190 526 215 0.001862 2
1267 216 1279 241 0.001842 2
875 454 935 486 0.001835 2
894 200 923 241 0.001835 2
683 452 703 465 0.001827 2
655 428 703 467 0.001812 2
662 273 688 283 0.001759 2
606 451 624 467 0.001757 2
503 311 528 338 0.001747 2
1264 215 1279 267 0.001743 2
444 415 502 445 0.001740 2
0 395 33 423 0.001719 2
460 408 527 448 0.001699 2
1003 190 1055 234 0.001699 2
431 424 462 441 0.001693 2
1262 482 1279 515 0.001687 2
503 312 529 349 0.001669 2
676 451 689 464 0.001667 2
431 423 462 441 0.001665 2
1263 252 1279 270 0.001663 2
914 472 936 484 0.001653 2
1143 505 1151 511 0.001649 2
1167 380 1207 403 0.001641 2
834 468 848 479 0.001638 2
913 472 928 486 0.001636 2
911 206 996 256 0.001629 2
622 323 660 372 0.001626 2
47 400 95 425 0.001625 2
98 400 163 426 0.001623 2
590 441 625 465 0.001618 2
556 196 577 216 0.001605 2
1149 471 1165 479 0.001604 2
1261 215 1279 253 0.001603 2
624 322 681 368 0.001561 2
560 203 576 217 0.001558 2
608 202 627 215 0.001546 2
503 312 525 336 0.001544 2
640 456 653 461 0.001542 2
888 199 906 242 0.001538 2
0 255 325 401 0.001526 2
1262 200 1279 224 0.001519 2
465 427 496 449 0.001502 2
623 324 657 370 0.001489 2
599 463 608 469 0.001482 2
1200 471 1216 480 0.001481 2
1183 497 1202 512 0.001479 2
1263 366 1279 396 0.001476 2
879 478 891 487 0.001449 2
1264 343 1279 368 0.001445 2
293 176 307 198 0.001433 2
692 198 719 231 0.001404 2
1120 64 1153 78 0.001402 2
503 313 520 336 0.001400 2
431 423 498 446 0.001397 2
591 448 609 456 0.001392 2
599 319 607 328 0.001376 2
887 476 897 487 0.001339 2
431 427 459 441 0.001333 2
1263 366 1279 392 0.001331 2
803 184 852 239 0.001320 2
1106 490 1135 509 0.001292 2
671 461 683 471 0.001284 2
639 385 674 428 0.001281 2
446 407 509 448 0.001281 2
430 423 468 457 0.001278 2
681 453 705 470 0.001270 2
628 373 689 401 0.001266 2
970 206 995 252 0.001229 2
1174 382 1209 405 0.001229 2
0 392 34 423 0.001226 2
190 392 223 415 0.001221 2
734 437 770 464 0.001216 2
734 436 769 461 0.001207 2
184 392 224 416 0.001192 2
633 423 657 461 0.001180 2
564 374 700 451 0.001176 2
670 453 706 471 0.001174 2
1167 380 1193 395 0.001169 2
31 260 49 294 0.001168 2
1249 209 1279 233 0.001155 2
494 415 526 443 0.001155 2
944 205 996 254 0.001148 2
1247 345 1262 357 0.001146 2
1264 256 1279 271 0.001143 2
104 401 162 426 0.001137 2
1119 471 1127 477 0.001128 2
960 478 976 487 0.001118 2
102 400 170 426 0.001114 2
671 455 701 471 0.001114 2
495 236 529 252 0.001111 2
671 385 683 397 0.001107 2
660 380 679 394 0.001106 2
987 198 1029 222 0.001094 2
683 448 700 462 0.001090 2
777 471 794 476 0.001088 2
48 402 96 425 0.001079 2
494 409 521 426 0.001077 2
657 446 701 463 0.001073 2
658 446 702 463 0.001057 2
959 474 972 487 0.001057 2
431 423 460 441 0.001049 2
1056 465 1067 471 0.001049 2
1120 325 1164 344 0.001044 2
821 328 880 344 0.001043 2
821 470 831 477 0.001043 2
495 408 520 425 0.001042 2
1212 495 1243 511 0.001037 2
1070 199 1103 235 0.001023 2
158 416 172 423 0.001022 2
655 443 702 463 0.001022 2
495 408 513 424 0.001016 2
1263 318 1279 369 0.001008 2
984 188 1053 225 0.000997 2
1262 169 1279 220 0.000989 2
639 422 654 433 0.000979 2
847 438 862 454 0.000976 2
1005 189 1054 218 0.000968 2
91 399 177 424 0.000959 2
509 427 527 449 0.000953 2
441 422 494 443 0.000952 2
94 399 182 425 0.000951 2
495 238 526 253 0.000948 2
589 447 619 468 0.000946 2
654 375 688 392 0.000940 2
625 373 641 387 0.000931 2
606 200 646 215 0.000927 2
340 452 404 472 0.000926 2
294 176 306 197 0.000915 2
466 408 498 445 0.000915 2
939 455 965 464 0.000911 2
318 202 334 231 0.000902 2
832 439 848 449 0.000902 2
623 313 686 370 0.000896 2
847 328 880 344 0.000892 2
87 401 153 426 0.000890 2
591 424 603 432 0.000884 2
778 463 798 473 0.000884 2
1201 374 1274 409 0.000882 2
640 387 673 432 0.000873 2
679 455 715 471 0.000867 2
655 450 669 462 0.000867 2
645 383 666 401 0.000863 2
495 408 516 423 0.000852 2
1264 367 1279 400 0.000845 2
0 396 17 409 0.000833 2
874 449 930 487 0.000830 2
824 503 848 512 0.000822 2
623 320 667 366 0.000817 2
495 409 526 428 0.000815 2
441 422 497 457 0.000815 2
884 199 935 247 0.000814 2
802 204 849 240 0.000807 2
102 400 179 425 0.000800 2
1160 470 1227 505 0.000798 2
495 409 533 426 0.000798 2
741 694 812 703 0.000797 2
495 238 529 253 0.000793 2
623 387 667 431 0.000793 2
651 423 704 464 0.000793 2
517 372 700 454 0.000781 2
1001 190 1051 219 0.000777 2
1128 64 1152 74 0.000773 2
980 481 991 487 0.000773 2
191 392 224 413 0.000772 2
831 440 846 449 0.000766 2
607 456 624 470 0.000758 2
319 206 333 231 0.000758 2
775 471 793 477 0.000757 2
588 373 698 451 0.000752 2
0 399 26 422 0.000746 2
867 177 935 200 0.000739 2
1007 199 1048 228 0.000736 2
450 424 497 449 0.000731 2
1168 377 1185 392 0.000730 2
1147 343 1200 360 0.000730 2
157 396 218 419 0.000729 2
543 377 703 464 0.000727 2
1194 374 1271 416 0.000710 2
0 394 25 418 0.000709 2
848 325 881 343 0.000709 2
1174 381 1205 401 0.000708 2
1119 64 1134 75 0.000706 2
61 254 92 265 0.000706 2
0 439 8 446 0.000704 2
109 406 143 426 0.000686 2
1208 355 1272 409 0.000683 2
1103 471 1121 484 0.000681 2
0 397 48 423 0.000679 2
664 464 672 471 0.000679 2
158 397 198 421 0.000676 2
1153 373 1182 395 0.000674 2
848 435 872 455 0.000674 2
1120 326 1166 344 0.000674 2
911 521 926 528 0.000673 2
863 333 880 343 0.000666 2
1190 471 1202 480 0.000661 2
1248 346 1269 361 0.000660 2
623 322 656 364 0.000656 2
1167 376 1183 393 0.000656 2
590 203 608 214 0.000652 2
294 200 332 232 0.000645 2
1234 179 1280 236 0.000644 2
844 326 880 343 0.000641 2
0 405 30 423 0.000633 2
642 384 675 431 0.000622 2
871 202 907 244 0.000619 2
1152 471 1168 479 0.000617 2
158 407 176 423 0.000616 2
590 200 613 214 0.000615 2
802 186 849 239 0.000614 2
865 330 880 343 0.000614 2
147 398 176 422 0.000613 2
1225 162 1279 181 0.000604 2
624 373 690 426 0.000599 2
43 399 96 426 0.000598 2
626 376 671 428 0.000591 2
310 186 332 199 0.000589 2
653 427 678 441 0.000583 2
957 203 992 247 0.000580 2
242 411 264 424 0.000578 2
1248 344 1264 359 0.000578 2
47 401 78 423 0.000577 2
876 438 922 486 0.000575 2
1247 346 1262 360 0.000572 2
506 424 525 436 0.000568 2
890 200 922 243 0.000567 2
624 374 660 395 0.000564 2
602 459 624 470 0.000560 2
1246 198 1279 233 0.000556 2
338 453 394 472 0.000555 2
207 394 224 415 0.000552 2
31 258 49 293 0.000551 2
510 477 520 484 0.000548 2
656 428 693 441 0.000542 2
615 201 642 215 0.000541 2
1150 341 1169 360 0.000536 2
1167 381 1189 401 0.000535 2
109 410 125 425 0.000531 2
1262 471 1279 489 0.000529 2
431 423 464 457 0.000527 2
1194 476 1236 489 0.000524 2
704 302 768 339 0.000524 2
624 322 671 375 0.000523 2
913 472 938 486 0.000523 2
0 397 73 423 0.000522 2
978 199 1056 253 0.000520 2
0 393 93 423 0.000518 2
452 197 480 215 0.000516 2
447 400 500 448 0.000516 2
688 375 696 384 0.000510 2
0 391 17 407 0.000506 2
870 177 934 194 0.000501 2
1207 375 1276 408 0.000494 2
1164 471 1182 479 0.000494 2
1165 471 1212 480 0.000492 2
690 446 703 458 0.000486 2
821 329 847 361 0.000485 2
503 423 565 438 0.000485 2
534 472 544 480 0.000484 2
100 399 183 421 0.000480 2
336 452 400 472 0.000479 2
0 391 33 416 0.000479 2
478 174 524 219 0.000478 2
1263 252 1279 294 0.000477 2
1134 501 1148 510 0.000474 2
31 256 66 294 0.000473 2
1224 162 1271 181 0.000472 2
1196 472 1225 489 0.000472 2
1197 377 1230 415 0.000468 2
866 205 901 240 0.000466 2
31 254 93 290 0.000464 2
822 330 847 354 0.000459 2
46 399 92 422 0.000456 2
0 402 47 423 0.000451 2
803 184 852 220 0.000450 2
60 254 91 264 0.000448 2
836 498 848 512 0.000443 2
1140 314 1278 415 0.000441 2
321 202 355 257 0.000432 2
716 337 757 379 0.000431 2
0 393 41 423 0.000431 2
590 453 608 461 0.000428 2
718 330 757 377 0.000426 2
638 409 657 431 0.000425 2
749 696 811 703 0.000424 2
1197 375 1241 422 0.000423 2
826 438 885 479 0.000422 2
1166 471 1185 479 0.000421 2
1146 342 1202 395 0.000417 2
641 375 688 399 0.000416 2
0 238 50 292 0.000416 2
357 218 368 231 0.000413 2
1220 161 1277 215 0.000412 2
1214 345 1277 378 0.000412 2
746 695 811 703 0.000410 2
1223 344 1275 377 0.000410 2
1229 346 1267 376 0.000405 2
158 395 198 418 0.000404 2
494 407 548 433 0.000404 2
102 400 162 425 0.000401 2
1135 317 1173 360 0.000401 2
1122 64 1152 80 0.000400 2
837 494 848 510 0.000400 2
1215 346 1269 376 0.000396 2
959 335 969 344 0.000395 2
94 397 178 420 0.000393 2
849 439 874 455 0.000390 2
1015 441 1025 448 0.000389 2
1246 345 1278 375 0.000386 2
503 317 522 350 0.000385 2
1215 347 1269 380 0.000385 2
158 239 195 277 0.000384 2
29 402 175 425 0.000382 2
1200 475 1212 488 0.000382 2
900 186 935 231 0.000381 2
0 395 110 422 0.000381 2
479 445 496 454 0.000381 2
984 358 1025 390 0.000380 2
1138 288 1279 415 0.000377 2
176 399 208 418 0.000375 2
495 406 576 434 0.000372 2
1176 471 1213 495 0.000370 2
1119 311 1170 344 0.000365 2
831 439 871 456 0.000365 2
157 395 204 418 0.000363 2
421 401 496 444 0.000359 2
1222 162 1279 220 0.000358 2
645 378 679 405 0.000355 2
594 359 624 378 0.000354 2
944 205 985 252 0.000352 2
593 477 608 487 0.000351 2
592 196 656 216 0.000351 2
1201 375 1276 412 0.000349 2
634 373 689 406 0.000349 2
30 250 92 295 0.000348 2
799 463 820 472 0.000347 2
56 253 91 279 0.000346 2
335 405 385 456 0.000346 2
31 255 52 293 0.000342 2
1 399 97 423 0.000337 2
453 306 523 347 0.000337 2
923 184 937 200 0.000335 2
1158 267 1276 353 0.000333 2
398 388 523 445 0.000332 2
1263 310 1279 373 0.000321 2
1162 470 1216 501 0.000320 2
1263 470 1279 489 0.000319 2
1096 274 1280 352 0.000318 2
1231 489 1259 513 0.000316 2
847 695 895 703 0.000313 2
160 239 192 265 0.000313 2
356 217 368 230 0.000309 2
447 433 463 456 0.000308 2
461 425 496 456 0.000307 2
273 184 294 192 0.000306 2
1158 469 1225 514 0.000306 2
959 469 975 487 0.000304 2
620 322 657 372 0.000302 2
232 409 265 425 0.000302 2
874 467 930 489 0.000300 2
1213 373 1279 406 0.000299 2
1195 372 1264 426 0.000299 2
44 437 81 450 0.000298 2
157 236 225 278 0.000297 2
1145 376 1191 408 0.000295 2
1223 160 1278 181 0.000293 2
1163 346 1196 397 0.000293 2
148 396 179 419 0.000293 2
319 200 355 235 0.000292 2
479 335 496 356 0.000291 2
0 401 49 423 0.000289 2
43 404 145 425 0.000286 2
175 393 215 419 0.000286 2
1134 341 1178 360 0.000286 2
30 254 91 294 0.000284 2
31 258 68 294 0.000283 2
1221 346 1273 406 0.000283 2
58 254 93 278 0.000283 2
1232 297 1279 370 0.000279 2
1141 274 1279 353 0.000278 2
1147 340 1199 360 0.000277 2
1203 373 1279 411 0.000277 2
412 398 482 443 0.000273 2
230 205 241 217 0.000273 2
829 333 846 361 0.000272 2
1229 296 1279 363 0.000271 2
527 624 543 647 0.000271 2
320 407 336 414 0.000269 2
1153 238 1279 361 0.000267 2
621 372 660 405 0.000267 2
1224 161 1269 182 0.000266 2
47 409 63 424 0.000266 2
885 177 935 200 0.000266 2
1215 369 1280 405 0.000265 2
525 362 696 465 0.000264 2
1196 376 1233 423 0.000263 2
1136 471 1166 479 0.000262 2
325 199 383 233 0.000261 2
1266 318 1279 353 0.000261 2
272 178 310 198 0.000260 2
1176 473 1245 512 0.000260 2
495 408 553 434 0.000260 2
504 495 527 503 0.000258 2
848 422 875 441 0.000257 2
1007 191 1112 245 0.000255 2
626 377 667 428 0.000254 2
299 188 333 233 0.000253 2
944 210 977 253 0.000251 2
439 398 497 446 0.000251 2
1230 283 1279 366 0.000249 2
154 398 228 424 0.000249 2
1138 376 1197 422 0.000246 2
527 625 544 645 0.000245 2
176 393 224 423 0.000243 2
0 396 96 457 0.000243 2
1215 473 1224 481 0.000242 2
324 198 387 234 0.000239 2
55 254 96 285 0.000238 2
455 307 514 355 0.000238 2
930 375 945 387 0.000237 2
637 356 656 389 0.000237 2
1167 265 1212 283 0.000236 2
448 424 475 458 0.000236 2
46 439 64 446 0.000235 2
903 452 965 485 0.000230 2
624 318 690 389 0.000230 2
1214 345 1274 381 0.000228 2
0 428 8 447 0.000227 2
508 313 528 350 0.000227 2
173 392 215 423 0.000225 2
503 496 529 503 0.000224 2
20 200 36 206 0.000224 2
0 278 21 295 0.000223 2
979 183 1057 219 0.000222 2
635 368 686 392 0.000222 2
1263 462 1279 479 0.000221 2
385 386 521 441 0.000221 2
1004 360 1024 380 0.000221 2
161 201 264 262 0.000220 2
623 323 654 351 0.000219 2
0 392 96 415 0.000218 2
0 402 32 459 0.000218 2
160 214 261 267 0.000217 2
591 457 608 470 0.000217 2
35 233 85 282 0.000216 2
0 281 22 295 0.000216 2
81 398 146 425 0.000216 2
1248 215 1277 235 0.000215 2
1213 349 1263 408 0.000215 2
291 200 337 266 0.000215 2
620 362 650 384 0.000212 2
868 406 881 415 0.000211 2
0 256 12 294 0.000211 2
32 253 63 283 0.000207 2
169 399 217 423 0.000207 2
1173 471 1229 506 0.000206 2
245 199 273 232 0.000206 2
334 448 394 471 0.000206 2
527 627 537 647 0.000205 2
335 404 384 468 0.000204 2
468 391 481 399 0.000203 2
1046 455 1074 469 0.000200 2
296 175 315 198 0.000197 2
192 243 224 264 0.000197 2
1165 262 1278 356 0.000197 2
1263 259 1279 295 0.000196 2
875 469 930 489 0.000195 2
911 175 933 188 0.000195 2
270 387 287 401 0.000194 2
1188 484 1235 512 0.000193 2
1101 475 1123 497 0.000192 2
409 397 480 433 0.000191 2
527 623 543 645 0.000191 2
1263 64 1279 85 0.000188 2
219 407 267 425 0.000188 2
29 254 98 292 0.000187 2
511 407 560 428 0.000187 2
798 495 808 502 0.000187 2
271 388 288 400 0.000186 2
990 481 1000 487 0.000186 2
1140 384 1190 412 0.000185 2
238 407 288 426 0.000185 2
57 252 100 278 0.000185 2
29 434 65 449 0.000184 2
189 228 245 264 0.000184 2
478 408 498 424 0.000183 2
1120 323 1173 360 0.000183 2
911 160 944 184 0.000183 2
425 423 470 459 0.000182 2
338 449 401 472 0.000182 2
177 392 219 423 0.000182 2
0 428 64 453 0.000181 2
623 318 664 354 0.000181 2
623 314 674 358 0.000180 2
589 181 662 217 0.000180 2
879 526 890 535 0.000179 2
1219 176 1265 235 0.000179 2
271 182 311 201 0.000178 2
1263 267 1279 295 0.000176 2
1261 412 1279 465 0.000175 2
1024 438 1040 453 0.000174 2
0 402 20 455 0.000173 2
986 355 1020 379 0.000172 2
1231 289 1279 353 0.000171 2
831 417 847 424 0.000171 2
604 373 699 459 0.000170 2
775 465 800 478 0.000170 2
1145 361 1218 421 0.000170 2
1147 343 1243 415 0.000168 2
958 335 977 344 0.000168 2
1099 175 1209 248 0.000167 2
327 190 341 200 0.000167 2
1000 184 1048 214 0.000166 2
426 423 468 456 0.000166 2
775 231 789 237 0.000166 2
333 209 374 233 0.000166 2
908 440 936 456 0.000166 2
335 404 385 447 0.000165 2
1207 369 1280 410 0.000165 2
62 392 222 421 0.000164 2
56 253 100 287 0.000162 2
1110 471 1168 483 0.000161 2
210 187 265 234 0.000161 2
591 476 608 487 0.000161 2
1138 390 1190 412 0.000161 2
0 401 40 458 0.000161 2
352 199 386 232 0.000160 2
817 338 841 361 0.000160 2
215 407 265 426 0.000160 2
43 436 95 450 0.000160 2
1088 470 1175 501 0.000159 2
44 437 81 449 0.000159 2
526 622 544 645 0.000159 2
1222 170 1253 226 0.000159 2
655 450 674 471 0.000159 2
1143 342 1219 413 0.000158 2
50 401 96 438 0.000158 2
122 235 198 282 0.000157 2
623 312 681 354 0.000156 2
294 196 329 233 0.000156 2
31 399 164 424 0.000156 2
255 376 289 402 0.000155 2
866 220 881 242 0.000154 2
662 543 681 564 0.000152 2
1232 349 1260 376 0.000152 2
0 397 98 464 0.000152 2
662 273 688 284 0.000152 2
498 323 525 352 0.000151 2
1232 332 1272 371 0.000151 2
1138 342 1211 418 0.000150 2
0 424 75 466 0.000150 2
477 199 521 227 0.000149 2
166 392 212 415 0.000148 2
1217 164 1247 205 0.000148 2
960 511 971 520 0.000148 2
223 407 271 425 0.000148 2
619 277 681 350 0.000146 2
510 332 526 350 0.000146 2
1215 356 1226 378 0.000145 2
527 245 583 279 0.000144 2
1100 472 1159 498 0.000142 2
1207 367 1279 421 0.000142 2
188 244 225 278 0.000141 2
332 207 354 255 0.000141 2
104 252 115 264 0.000140 2
950 480 961 486 0.000140 2
700 183 733 202 0.000140 2
4 174 486 387 0.000140 2
495 479 520 485 0.000140 2
962 199 989 215 0.000139 2
914 472 945 486 0.000138 2
653 366 688 383 0.000137 2
1218 476 1232 488 0.000137 2
598 319 608 344 0.000137 2
410 398 437 410 0.000136 2
336 405 385 462 0.000136 2
348 197 387 225 0.000136 2
468 178 576 252 0.000136 2
1 248 49 295 0.000135 2
1235 348 1280 404 0.000135 2
653 358 689 382 0.000135 2
400 388 449 424 0.000134 2
1230 437 1279 471 0.000134 2
734 679 812 703 0.000132 2
387 383 520 438 0.000132 2
1094 157 1214 221 0.000132 2
191 233 242 270 0.000131 2
0 250 194 397 0.000130 2
940 206 963 254 0.000130 2
1261 266 1279 296 0.000130 2
102 240 162 280 0.000130 2
0 509 33 567 0.000130 2
504 495 529 504 0.000128 2
1267 510 1279 517 0.000127 2
441 171 576 255 0.000127 2
664 194 693 230 0.000126 2
1209 345 1269 385 0.000125 2
1088 528 1104 535 0.000124 2
911 160 944 204 0.000123 2
1055 469 1106 498 0.000123 2
0 392 102 415 0.000123 2
398 385 470 439 0.000123 2
255 376 283 407 0.000120 2
1006 184 1047 203 0.000120 2
244 446 314 468 0.000119 2
509 392 571 432 0.000120 2
210 406 289 429 0.000119 2
626 310 689 376 0.000117 2
52 567 96 590 0.000116 2
228 207 246 232 0.000116 2
481 199 522 232 0.000116 2
1156 268 1222 344 0.000115 2
255 377 272 405 0.000115 2
601 321 657 378 0.000115 2
458 302 529 351 0.000114 2
335 406 384 453 0.000113 2
1169 328 1184 336 0.000113 2
16 233 207 297 0.000113 2
428 408 466 442 0.000113 2
1103 489 1139 521 0.000111 2
0 172 326 399 0.000111 2
634 459 671 471 0.000111 2
61 433 85 441 0.000111 2
32 406 48 423 0.000111 2
1262 273 1279 295 0.000110 2
347 198 386 221 0.000110 2
1171 290 1280 349 0.000109 2
695 389 704 402 0.000108 2
987 185 1039 223 0.000108 2
1205 337 1277 377 0.000107 2
159 242 192 279 0.000106 2
324 197 387 221 0.000106 2
450 387 487 427 0.000106 2
389 423 400 437 0.000106 2
199 239 243 267 0.000106 2
367 408 384 439 0.000105 2
1137 351 1217 421 0.000105 2
0 279 7 294 0.000105 2
924 149 992 184 0.000105 2
308 189 348 232 0.000104 2
596 319 667 393 0.000103 2
1087 528 1100 535 0.000103 2
326 448 386 471 0.000103 2
1169 275 1280 326 0.000101 2
564 199 588 216 0.000101 2
1004 183 1060 222 0.000101 2
508 170 580 204 0.007262 5
479 170 575 217 0.004788 5
501 168 578 205 0.004074 5
483 171 574 215 0.003801 5
479 174 523 217 0.003342 5
1181 163 1279 268 0.002819 5
478 165 584 216 0.002745 5
479 173 519 217 0.001874 5
475 162 577 219 0.001389 5
1182 175 1279 269 0.001359 5
477 156 579 219 0.001294 5
796 236 1279 438 0.001164 5
982 237 1279 431 0.000917 5
967 253 1279 501 0.000889 5
1014 258 1279 419 0.000700 5
1014 275 1279 435 0.000661 5
828 135 938 161 0.000555 5
1000 254 1279 496 0.000551 5
825 135 938 158 0.000443 5
975 213 1279 416 0.000436 5
979 156 1280 425 0.000383 5
1137 275 1279 415 0.000306 5
970 154 1280 402 0.000182 5
440 151 581 263 0.000140 5
681 255 1279 511 0.020270 6
776 261 1279 510 0.016816 6
692 288 1279 510 0.006304 6
660 233 1279 508 0.005223 6
836 267 1279 511 0.004817 6
481 154 580 211 0.004367 6
478 166 580 207 0.004059 6
690 417 1276 513 0.004003 6
328 391 706 469 0.003802 6
677 310 1278 507 0.003771 6
648 300 1276 502 0.003729 6
690 426 1277 503 0.003648 6
640 249 1234 479 0.003624 6
501 159 581 204 0.003235 6
669 325 1275 505 0.003098 6
0 395 178 424 0.002996 6
640 245 1189 483 0.002954 6
684 231 1278 444 0.002518 6
328 373 707 468 0.002449 6
693 438 1275 515 0.002361 6
890 262 1279 507 0.002327 6
828 380 1278 512 0.002313 6
690 432 1269 498 0.001975 6
475 153 580 216 0.001912 6
642 241 1254 493 0.001745 6
642 204 1273 505 0.001698 6
326 402 706 474 0.001591 6
641 261 1128 485 0.001565 6
705 301 768 341 0.001409 6
21 433 331 478 0.001393 6
648 307 1219 488 0.001386 6
396 381 706 469 0.001368 6
668 347 1183 496 0.001321 6
554 326 958 482 0.001286 6
15 434 360 479 0.001279 6
25 433 326 512 0.001264 6
835 451 1276 514 0.001252 6
835 401 1278 513 0.001218 6
861 450 1160 492 0.001173 6
845 450 1082 488 0.001164 6
12 433 353 514 0.001151 6
741 436 882 479 0.001150 6
770 439 1275 517 0.001135 6
22 405 359 478 0.001129 6
840 443 1274 513 0.001093 6
817 394 1278 511 0.001086 6
1009 273 1279 506 0.001080 6
734 409 1277 514 0.001053 6
1026 467 1277 511 0.001031 6
6 407 342 475 0.001025 6
440 271 957 480 0.000990 6
687 434 1220 493 0.000985 6
641 244 1236 450 0.000944 6
22 406 330 472 0.000933 6
668 432 1272 518 0.000923 6
828 450 1029 487 0.000866 6
829 465 1277 513 0.000843 6
500 267 959 482 0.000832 6
842 448 1030 488 0.000827 6
821 447 1049 487 0.000794 6
1029 467 1261 510 0.000779 6
640 141 1050 382 0.000775 6
680 191 1280 451 0.000771 6
661 351 1034 487 0.000766 6
43 400 158 425 0.000765 6
451 370 955 479 0.000748 6
696 436 1050 485 0.000746 6
390 370 708 467 0.000739 6
846 433 1031 487 0.000738 6
44 401 168 425 0.000725 6
834 445 1072 487 0.000718 6
48 405 337 471 0.000697 6
21 428 330 478 0.000692 6
654 175 1278 511 0.000677 6
432 379 778 471 0.000655 6
640 207 1101 378 0.000639 6
831 135 939 166 0.000608 6
641 238 1243 414 0.000584 6
640 245 1167 468 0.000579 6
352 247 949 475 0.000568 6
727 427 882 478 0.000567 6
991 471 1278 514 0.000553 6
377 307 947 474 0.000546 6
647 353 1078 484 0.000539 6
476 141 579 207 0.000538 6
0 395 94 424 0.000535 6
1033 465 1268 509 0.000515 6
1030 471 1278 514 0.000507 6
26 398 337 468 0.000504 6
830 135 939 169 0.000483 6
640 191 1158 383 0.000480 6
42 413 346 479 0.000455 6
1103 152 1279 268 0.000446 6
640 132 1087 385 0.000421 6
856 451 1174 494 0.000416 6
640 243 1009 474 0.000404 6
1026 428 1278 513 0.000375 6
55 400 337 466 0.000349 6
734 442 880 479 0.000349 6
830 134 938 159 0.000344 6
966 412 1278 512 0.000341 6
645 206 1261 431 0.000341 6
734 426 885 479 0.000340 6
0 396 355 462 0.000335 6
640 214 1183 385 0.000328 6
640 330 1118 484 0.000327 6
865 437 1052 487 0.000318 6
1029 424 1280 507 0.000309 6
1049 428 1278 502 0.000295 6
38 432 347 480 0.000291 6
0 66 344 402 0.000290 6
640 252 1042 478 0.000281 6
527 231 960 478 0.000279 6
709 170 1277 466 0.000264 6
828 134 938 157 0.000263 6
454 413 952 481 0.000254 6
819 134 937 224 0.000243 6
640 285 1050 486 0.000238 6
1046 419 1279 474 0.000236 6
1039 293 1279 505 0.000224 6
67 401 336 469 0.000223 6
79 404 336 472 0.000222 6
641 231 1202 373 0.000221 6
502 139 581 207 0.000221 6
861 451 1150 502 0.000214 6
828 133 937 163 0.000213 6
1033 466 1238 506 0.000210 6
157 404 334 473 0.000194 6
661 433 1054 483 0.000192 6
1078 411 1278 475 0.000192 6
843 451 1099 496 0.000190 6
992 423 1280 506 0.000185 6
173 403 339 471 0.000183 6
328 64 696 262 0.000183 6
442 244 959 473 0.000180 6
1024 417 1270 469 0.000180 6
1026 419 1280 473 0.000178 6
421 76 604 219 0.000178 6
1110 430 1278 506 0.000177 6
441 86 619 228 0.000164 6
1070 139 1279 265 0.000162 6
113 401 335 472 0.000162 6
1134 64 1280 273 0.000154 6
648 195 1235 366 0.000151 6
1113 374 1278 475 0.000135 6
841 450 1067 493 0.000130 6
1028 437 1216 502 0.000130 6
1018 411 1235 468 0.000128 6
654 148 1275 496 0.000123 6
0 115 330 399 0.000116 6
368 227 950 475 0.000115 6
657 424 1203 536 0.000111 6
1162 430 1277 509 0.000110 6
729 410 897 477 0.000100 6
688 155 1272 483 0.000100 6
865 177 935 243 0.263831 7
857 177 935 244 0.169307 7
801 177 935 243 0.150232 7
847 176 935 242 0.149227 7
866 176 937 234 0.093672 7
707 152 859 238 0.071926 7
801 161 934 242 0.061549 7
703 153 936 241 0.046458 7
742 170 935 244 0.026822 7
708 153 808 235 0.026378 7
809 174 936 244 0.024005 7
748 153 859 240 0.021503 7
866 176 936 229 0.019672 7
1183 228 1279 268 0.015669 7
586 184 619 213 0.012535 7
802 171 857 240 0.012374 7
801 142 935 241 0.011873 7
1183 180 1279 268 0.009431 7
802 184 853 242 0.008595 7
863 178 944 247 0.007518 7
803 165 857 232 0.007233 7
801 177 857 240 0.006525 7
803 174 855 233 0.005783 7
866 177 935 224 0.004553 7
577 184 619 214 0.004336 7
1262 219 1279 268 0.004329 7
866 176 921 241 0.004194 7
1184 172 1279 268 0.004113 7
1263 215 1279 269 0.004052 7
846 177 928 243 0.003716 7
705 301 769 342 0.003559 7
723 153 806 236 0.003458 7
1183 217 1279 267 0.003297 7
676 160 941 248 0.003156 7
803 159 858 220 0.002834 7
736 153 858 238 0.002760 7
1262 213 1279 267 0.002727 7
803 183 853 229 0.002677 7
704 152 797 214 0.002673 7
752 152 806 209 0.002667 7
703 153 807 241 0.002534 7
664 154 939 279 0.002450 7
586 183 658 215 0.002407 7
801 155 861 239 0.002397 7
1138 286 1279 413 0.002345 7
292 199 390 331 0.002276 7
292 199 387 281 0.001911 7
1208 171 1279 234 0.001831 7
657 151 959 326 0.001768 7
1211 173 1279 269 0.001627 7
1001 192 1059 231 0.001610 7
700 153 794 232 0.001543 7
757 152 809 211 0.001503 7
1193 164 1279 233 0.001463 7
709 301 768 344 0.001382 7
704 300 768 383 0.001373 7
761 152 808 228 0.001364 7
981 193 1059 230 0.001260 7
1263 168 1279 223 0.001253 7
771 171 971 248 0.001252 7
704 142 862 230 0.001126 7
704 159 752 221 0.001086 7
710 154 752 217 0.001068 7
698 134 938 248 0.001059 7
586 183 620 206 0.000994 7
586 187 655 216 0.000924 7
961 213 996 255 0.000919 7
1139 301 1279 414 0.000900 7
976 187 1057 239 0.000852 7
759 145 939 246 0.000827 7
812 160 855 180 0.000812 7
1262 168 1279 234 0.000723 7
1180 161 1279 234 0.000715 7
683 150 864 240 0.000706 7
866 180 909 242 0.000701 7
1141 284 1279 353 0.000694 7
912 210 994 257 0.000688 7
808 159 856 191 0.000679 7
751 152 807 205 0.000676 7
809 159 858 189 0.000675 7
1225 179 1280 233 0.000666 7
585 192 661 218 0.000655 7
705 145 839 220 0.000647 7
696 166 855 243 0.000625 7
574 175 621 212 0.000617 7
954 205 997 255 0.000616 7
703 276 843 345 0.000591 7
731 133 939 248 0.000577 7
757 152 805 234 0.000570 7
295 199 332 232 0.000543 7
912 454 978 486 0.000513 7
705 155 752 215 0.000506 7
1144 274 1279 354 0.000470 7
1138 278 1279 400 0.000446 7
868 447 932 487 0.000430 7
751 152 804 234 0.000423 7
712 152 753 215 0.000403 7
1022 266 1278 348 0.000370 7
744 143 860 230 0.000369 7
858 446 931 486 0.000368 7
857 437 932 486 0.000349 7
866 176 935 202 0.000349 7
1147 288 1280 356 0.000338 7
1029 260 1279 352 0.000335 7
699 161 752 217 0.000315 7
696 119 942 247 0.000304 7
805 160 858 191 0.000301 7
1219 179 1273 235 0.000301 7
1180 164 1266 239 0.000298 7
926 175 1061 255 0.000297 7
806 159 858 197 0.000280 7
641 137 1139 393 0.000274 7
585 187 673 219 0.000271 7
727 152 801 208 0.000271 7
720 153 778 223 0.000268 7
842 132 946 241 0.000264 7
1224 177 1280 222 0.000261 7
956 461 1023 488 0.000260 7
758 152 811 226 0.000257 7
945 211 976 254 0.000256 7
1231 274 1279 401 0.000255 7
751 304 768 344 0.000255 7
751 173 1083 271 0.000252 7
1057 273 1280 354 0.000251 7
668 295 768 374 0.000246 7
706 298 793 385 0.000241 7
807 158 856 184 0.000228 7
1133 281 1280 389 0.000224 7
48 402 95 439 0.000224 7
707 152 752 211 0.000223 7
1230 287 1279 396 0.000215 7
1101 182 1199 247 0.000213 7
701 273 851 346 0.000211 7
502 166 636 211 0.000208 7
1166 302 1280 352 0.000204 7
866 175 935 210 0.000195 7
847 167 929 232 0.000192 7
727 153 753 218 0.000190 7
654 295 768 347 0.000188 7
1161 304 1280 354 0.000184 7
46 402 96 441 0.000181 7
1164 304 1272 354 0.000180 7
1230 289 1279 415 0.000179 7
1164 303 1236 353 0.000175 7
724 154 772 234 0.000172 7
647 144 1172 377 0.000167 7
793 131 895 232 0.000166 7
703 271 775 344 0.000165 7
746 278 843 345 0.000161 7
717 152 790 216 0.000161 7
579 165 663 216 0.000160 7
699 141 817 214 0.000156 7
1161 298 1241 352 0.000150 7
1225 290 1279 417 0.000132 7
774 152 811 234 0.000127 7
532 182 621 216 0.000126 7
803 156 857 214 0.000125 7
1200 165 1230 210 0.000124 7
855 173 961 256 0.000123 7
735 164 752 211 0.000123 7
794 130 966 254 0.000122 7
924 156 1064 241 0.000121 7
908 167 1008 257 0.000119 7
655 290 768 370 0.000119 7
710 279 867 387 0.000116 7
1230 296 1279 355 0.000112 7
704 269 768 343 0.000111 7
820 157 1106 275 0.000108 7
922 153 1052 246 0.000107 7
804 172 855 219 0.000107 7
1220 176 1275 218 0.000104 7
745 130 1080 259 0.000103 7
691 95 909 244 0.000100 7
754 152 805 205 0.000100 7
1089 150 1103 177 0.563488 9
513 152 524 181 0.440269 9
513 151 524 185 0.189962 9
513 151 525 183 0.154948 9
513 152 524 187 0.093919 9
513 150 524 182 0.079744 9
449 157 490 170 0.069095 9
513 151 526 186 0.052348 9
372 167 382 185 0.051187 9
895 156 905 175 0.051149 9
239 177 247 190 0.050207 9
1208 172 1215 185 0.046540 9
895 155 906 177 0.036939 9
313 151 341 193 0.029696 9
867 152 880 169 0.029152 9
1198 383 1207 416 0.028926 9
1088 151 1102 184 0.023663 9
1215 167 1223 184 0.023211 9
366 167 374 188 0.022599 9
991 679 1001 697 0.022520 9
991 679 1008 703 0.022071 9
366 167 374 188 0.021728 9
449 158 490 171 0.021331 9
1207 167 1216 185 0.020838 9
362 167 368 189 0.020029 9
991 679 1003 698 0.018682 9
372 167 381 186 0.018328 9
1007 680 1024 703 0.017113 9
225 183 232 196 0.016519 9
1014 140 1025 169 0.016436 9
1003 679 1024 703 0.015856 9
895 152 907 175 0.015431 9
1013 139 1025 172 0.015341 9
517 191 527 201 0.015238 9
558 184 567 196 0.014455 9
864 151 880 169 0.014342 9
524 183 535 195 0.013552 9
448 157 490 182 0.013333 9
257 180 262 191 0.012894 9
878 153 890 169 0.011978 9
1198 383 1207 415 0.011935 9
1006 679 1024 703 0.011931 9
111 151 128 164 0.011775 9
544 168 552 184 0.011172 9
814 145 822 160 0.010536 9
360 167 368 189 0.010249 9
1089 150 1103 183 0.009974 9
1155 165 1168 184 0.009635 9
895 152 909 177 0.009509 9
68 168 80 178 0.009378 9
239 175 249 192 0.009019 9
814 144 822 156 0.008831 9
847 151 858 166 0.008808 9
862 165 869 183 0.008807 9
95 152 104 175 0.008363 9
990 677 1023 703 0.008292 9
257 142 268 160 0.008099 9
510 168 550 198 0.008016 9
863 165 870 183 0.007722 9
463 164 473 184 0.007473 9
257 143 267 160 0.007402 9
111 151 128 165 0.007339 9
517 178 553 200 0.007325 9
365 167 374 189 0.007322 9
553 173 570 200 0.007189 9
545 168 552 192 0.006736 9
989 679 1017 703 0.006248 9
551 172 572 199 0.006111 9
865 671 873 684 0.006108 9
224 182 233 196 0.006072 9
587 171 594 185 0.006038 9
1230 167 1247 181 0.005921 9
959 135 974 160 0.005769 9
94 152 104 176 0.005761 9
520 170 547 187 0.005720 9
258 143 268 160 0.005696 9
512 145 525 182 0.005693 9
518 167 547 186 0.005635 9
512 152 526 193 0.005603 9
866 152 880 177 0.005560 9
638 161 652 184 0.005483 9
865 670 873 686 0.005430 9
240 165 248 191 0.005353 9
576 180 582 200 0.005269 9
1192 385 1202 401 0.005264 9
1228 165 1247 181 0.005181 9
588 175 601 185 0.005171 9
358 167 368 190 0.005085 9
216 184 224 197 0.004955 9
520 183 543 200 0.004923 9
521 168 549 184 0.004907 9
895 155 907 176 0.004807 9
1208 169 1215 201 0.004758 9
520 179 536 200 0.004739 9
312 149 352 193 0.004730 9
1198 381 1216 416 0.004698 9
854 293 864 312 0.004656 9
95 152 104 173 0.004380 9
698 123 705 152 0.004340 9
694 176 704 199 0.004312 9
1013 135 1025 170 0.004305 9
313 150 351 196 0.004263 9
448 156 490 185 0.004233 9
1199 385 1215 416 0.004059 9
864 670 873 687 0.004008 9
446 156 491 183 0.003981 9
547 172 581 203 0.003971 9
693 177 700 197 0.003902 9
225 184 232 199 0.003887 9
1047 156 1055 169 0.003832 9
1206 169 1215 185 0.003771 9
991 664 1024 703 0.003733 9
1089 149 1103 191 0.003696 9
840 152 850 164 0.003682 9
483 174 495 183 0.003478 9
447 154 490 170 0.003478 9
1012 138 1025 173 0.003448 9
880 154 894 172 0.003444 9
67 168 80 200 0.003359 9
1007 137 1023 172 0.003310 9
523 168 567 200 0.003306 9
587 168 593 185 0.003145 9
243 217 251 239 0.003121 9
879 152 896 174 0.003100 9
1192 163 1202 186 0.003041 9
664 153 671 173 0.003012 9
1006 137 1021 171 0.002966 9
698 123 706 153 0.002959 9
960 119 969 133 0.002944 9
526 182 547 201 0.002874 9
999 647 1024 704 0.002853 9
551 172 575 200 0.002801 9
638 161 654 184 0.002792 9
699 128 705 152 0.002769 9
895 151 909 176 0.002744 9
1154 165 1168 184 0.002723 9
665 181 671 195 0.002713 9
513 151 542 189 0.002649 9
995 648 1025 704 0.002630 9
1154 160 1168 184 0.002622 9
876 153 893 176 0.002572 9
242 218 251 239 0.002572 9
664 295 681 349 0.002557 9
1095 150 1110 175 0.002484 9
1089 150 1106 178 0.002476 9
67 168 80 179 0.002438 9
1006 136 1024 171 0.002429 9
1088 150 1110 179 0.002426 9
1226 165 1247 181 0.002415 9
959 119 971 134 0.002326 9
681 179 689 194 0.002313 9
862 631 897 692 0.002249 9
960 135 976 161 0.002218 9
664 157 671 173 0.002206 9
1188 161 1202 186 0.002206 9
119 64 159 76 0.002200 9
801 144 810 156 0.002159 9
475 148 533 218 0.002121 9
1192 166 1201 186 0.002105 9
700 117 720 154 0.002096 9
256 177 262 191 0.002081 9
1151 528 1158 533 0.002072 9
814 156 858 181 0.002059 9
670 329 679 345 0.002026 9
663 294 683 349 0.002018 9
848 182 858 214 0.001982 9
1150 103 1167 134 0.001982 9
865 152 880 173 0.001965 9
173 64 201 90 0.001961 9
313 149 340 192 0.001960 9
664 328 678 348 0.001941 9
587 165 603 185 0.001937 9
680 171 688 188 0.001929 9
313 150 343 195 0.001914 9
693 177 703 199 0.001884 9
983 668 993 680 0.001833 9
895 436 904 456 0.001796 9
975 143 987 154 0.001796 9
861 631 897 697 0.001787 9
1055 675 1063 693 0.001769 9
976 168 991 184 0.001768 9
977 681 1020 703 0.001754 9
767 104 784 120 0.001752 9
951 348 960 362 0.001729 9
1150 103 1169 134 0.001729 9
111 136 128 165 0.001722 9
700 123 712 153 0.001709 9
665 321 680 346 0.001688 9
669 314 681 340 0.001656 9
864 663 873 685 0.001655 9
509 152 580 207 0.001654 9
832 138 860 166 0.001616 9
993 146 1000 166 0.001612 9
478 169 571 217 0.001611 9
1100 137 1110 161 0.001587 9
834 135 860 167 0.001571 9
1159 426 1168 440 0.001562 9
448 158 491 178 0.001510 9
1100 149 1111 173 0.001505 9
1081 174 1088 184 0.001497 9
884 154 898 176 0.001466 9
1097 132 1106 159 0.001450 9
580 64 596 92 0.001443 9
831 135 860 167 0.001430 9
836 153 856 170 0.001419 9
119 64 151 73 0.001397 9
373 174 385 200 0.001388 9
1041 156 1053 169 0.001385 9
545 168 578 203 0.001382 9
410 178 418 202 0.001368 9
1136 165 1146 185 0.001353 9
811 160 858 181 0.001329 9
950 347 961 390 0.001328 9
494 149 524 193 0.001314 9
532 408 544 428 0.001310 9
68 171 80 199 0.001306 9
590 174 603 185 0.001305 9
1198 135 1208 177 0.001273 9
248 177 257 192 0.001265 9
569 135 581 161 0.001261 9
539 169 575 201 0.001254 9
845 151 867 169 0.001247 9
680 165 688 183 0.001239 9
213 164 221 177 0.001237 9
849 151 862 167 0.001235 9
564 178 582 201 0.001230 9
119 64 202 88 0.001227 9
1200 130 1217 190 0.001221 9
1145 165 1154 185 0.001205 9
352 164 363 191 0.001201 9
767 103 783 136 0.001192 9
1104 162 1147 185 0.001191 9
119 64 160 78 0.001189 9
850 280 864 312 0.001183 9
154 64 202 90 0.001175 9
1172 99 1199 136 0.001169 9
702 119 720 154 0.001168 9
1044 152 1056 169 0.001158 9
810 160 857 189 0.001150 9
1198 134 1208 183 0.001143 9
700 119 715 154 0.001129 9
566 139 581 162 0.001119 9
968 121 981 136 0.001115 9
1109 162 1140 185 0.001106 9
1207 160 1216 185 0.001102 9
1104 162 1140 185 0.001101 9
1088 143 1104 177 0.001092 9
410 177 418 199 0.001087 9
689 118 708 153 0.001084 9
992 646 1025 703 0.001081 9
639 159 655 184 0.001079 9
974 141 986 161 0.001070 9
1077 686 1088 697 0.001068 9
813 76 849 92 0.001066 9
210 167 218 176 0.001052 9
972 667 1024 703 0.001051 9
848 118 866 136 0.001051 9
312 146 353 194 0.001049 9
1231 94 1249 160 0.001046 9
959 119 981 136 0.001044 9
1061 680 1072 695 0.001039 9
264 210 276 232 0.001036 9
580 64 597 93 0.001035 9
1015 152 1031 169 0.001032 9
1202 131 1217 169 0.001030 9
691 118 707 153 0.001029 9
480 174 495 186 0.001010 9
1056 668 1064 690 0.001008 9
167 64 176 75 0.001007 9
1225 162 1248 181 0.001005 9
853 281 864 312 0.001001 9
711 596 720 615 0.000999 9
991 668 1000 680 0.000994 9
863 631 897 687 0.000992 9
664 151 671 173 0.000987 9
840 119 855 135 0.000980 9
767 104 784 135 0.000977 9
1099 134 1111 161 0.000970 9
1211 167 1226 205 0.000964 9
988 647 1025 703 0.000960 9
976 143 993 153 0.000953 9
971 124 981 136 0.000946 9
878 679 896 690 0.000943 9
665 186 671 203 0.000938 9
1119 164 1146 185 0.000932 9
1060 679 1072 694 0.000932 9
242 176 259 192 0.000928 9
487 147 524 182 0.000922 9
595 64 625 93 0.000918 9
339 164 352 187 0.000912 9
983 669 999 700 0.000910 9
980 676 1007 703 0.000909 9
1163 100 1195 137 0.000909 9
119 64 169 78 0.000908 9
1055 677 1065 695 0.000905 9
691 168 703 182 0.000901 9
767 101 784 120 0.000900 9
653 152 671 174 0.000898 9
96 183 101 200 0.000896 9
223 177 235 196 0.000895 9
119 64 200 86 0.000890 9
992 141 1000 169 0.000884 9
659 153 671 174 0.000879 9
842 118 866 136 0.000877 9
1020 103 1042 161 0.000875 9
978 684 1008 703 0.000855 9
1024 151 1040 159 0.000853 9
809 77 849 91 0.000851 9
994 137 1001 167 0.000850 9
803 138 824 159 0.000847 9
836 685 849 703 0.000828 9
414 176 421 203 0.000826 9
447 157 496 170 0.000825 9
1180 163 1203 217 0.000825 9
1160 377 1166 382 0.000824 9
876 155 892 174 0.000824 9
841 119 860 135 0.000822 9
534 408 544 426 0.000822 9
1016 113 1042 164 0.000816 9
1181 165 1202 216 0.000804 9
490 149 524 184 0.000803 9
847 289 863 312 0.000801 9
959 340 968 355 0.000800 9
574 134 581 159 0.000799 9
1017 148 1040 167 0.000797 9
119 64 165 77 0.000788 9
976 142 993 162 0.000775 9
1088 146 1103 177 0.000770 9
836 688 848 703 0.000769 9
831 686 840 703 0.000767 9
564 163 580 180 0.000764 9
652 154 669 175 0.000755 9
265 212 277 231 0.000752 9
331 162 375 192 0.000752 9
969 175 976 186 0.000747 9
220 176 249 194 0.000747 9
983 665 1000 680 0.000736 9
807 132 830 159 0.000734 9
96 182 102 200 0.000734 9
432 171 446 192 0.000733 9
711 597 720 615 0.000727 9
1004 647 1024 688 0.000725 9
831 691 841 703 0.000723 9
988 679 1023 703 0.000723 9
566 144 580 161 0.000722 9
1072 678 1089 697 0.000721 9
571 164 581 178 0.000720 9
1014 133 1040 167 0.000719 9
602 164 612 184 0.000717 9
1212 166 1229 204 0.000715 9
312 134 387 195 0.000713 9
589 64 624 93 0.000704 9
1143 165 1155 185 0.000704 9
1043 156 1054 170 0.000700 9
700 117 719 135 0.000696 9
735 135 752 155 0.000695 9
118 64 183 80 0.000691 9
1159 424 1168 440 0.000690 9
847 152 870 184 0.000687 9
690 171 703 199 0.000682 9
1198 359 1209 376 0.000677 9
701 118 716 128 0.000676 9
312 68 369 196 0.000674 9
999 135 1011 172 0.000672 9
448 141 491 171 0.000672 9
500 139 569 210 0.000670 9
1209 120 1232 164 0.000664 9
997 647 1025 695 0.000663 9
67 168 80 200 0.000661 9
989 648 1021 703 0.000657 9
333 184 343 199 0.000656 9
1124 162 1136 183 0.000655 9
1231 96 1249 167 0.000653 9
1184 163 1202 187 0.000650 9
339 166 351 190 0.000650 9
701 117 720 128 0.000649 9
811 159 857 179 0.000649 9
698 117 718 155 0.000648 9
690 118 705 154 0.000637 9
1149 101 1189 136 0.000636 9
842 119 861 135 0.000635 9
352 166 362 190 0.000631 9
690 168 701 180 0.000630 9
513 140 545 187 0.000626 9
665 171 671 191 0.000624 9
975 686 987 699 0.000619 9
1208 126 1220 135 0.000618 9
1021 682 1040 697 0.000617 9
847 280 864 312 0.000616 9
1079 695 1090 703 0.000616 9
1103 156 1140 184 0.000615 9
119 64 191 82 0.000612 9
1205 125 1231 167 0.000609 9
766 106 779 136 0.000608 9
927 93 945 137 0.000608 9
967 663 977 680 0.000604 9
809 78 844 89 0.000604 9
691 117 702 141 0.000599 9
970 118 982 136 0.000598 9
832 134 881 168 0.000597 9
256 128 268 160 0.000597 9
1174 97 1204 136 0.000594 9
415 175 423 203 0.000590 9
919 689 928 703 0.000590 9
1078 155 1102 185 0.000588 9
1132 158 1168 184 0.000588 9
312 108 384 197 0.000584 9
832 151 840 163 0.000582 9
1027 683 1040 696 0.000582 9
44 320 56 343 0.000580 9
479 335 496 357 0.000574 9
432 171 446 194 0.000573 9
120 64 181 87 0.000572 9
1071 684 1089 699 0.000571 9
836 119 854 135 0.000567 9
551 160 580 180 0.000566 9
867 671 893 695 0.000565 9
371 157 382 185 0.000565 9
806 144 828 160 0.000564 9
847 274 864 312 0.000560 9
1021 137 1040 159 0.000558 9
664 325 680 351 0.000557 9
159 64 181 88 0.000551 9
1057 665 1072 691 0.000549 9
1022 681 1040 696 0.000548 9
1040 672 1048 679 0.000548 9
111 204 123 225 0.000547 9
1188 164 1216 187 0.000546 9
868 655 896 692 0.000546 9
853 670 873 687 0.000542 9
1210 126 1222 134 0.000538 9
1000 135 1012 179 0.000535 9
919 686 929 703 0.000534 9
1160 534 1166 544 0.000531 9
119 64 202 91 0.000529 9
257 177 271 195 0.000519 9
313 147 377 196 0.000515 9
1012 648 1024 679 0.000513 9
1022 154 1039 168 0.000506 9
344 181 353 199 0.000506 9
1183 164 1202 192 0.000506 9
399 184 408 202 0.000505 9
1210 166 1227 207 0.000503 9
1184 158 1203 187 0.000502 9
809 79 837 88 0.000501 9
1100 161 1140 185 0.000500 9
1113 151 1121 161 0.000499 9
912 169 924 179 0.000498 9
95 151 129 178 0.000494 9
989 658 1001 680 0.000493 9
865 667 879 691 0.000491 9
996 649 1014 682 0.000491 9
264 196 273 208 0.000483 9
1028 681 1040 695 0.000482 9
1211 166 1230 207 0.000482 9
1099 130 1136 163 0.000479 9
957 420 969 454 0.000478 9
159 64 181 90 0.000478 9
67 167 80 179 0.000478 9
67 169 87 177 0.000478 9
350 163 369 199 0.000477 9
704 168 711 179 0.000477 9
406 179 418 204 0.000468 9
417 170 432 204 0.000465 9
812 158 855 178 0.000464 9
909 271 927 296 0.000463 9
258 170 272 195 0.000462 9
646 511 656 538 0.000460 9
690 118 703 151 0.000459 9
1238 633 1249 673 0.000459 9
597 135 606 144 0.000458 9
1208 128 1228 166 0.000457 9
812 160 859 186 0.000456 9
1070 679 1088 696 0.000456 9
49 184 64 206 0.000453 9
927 97 945 136 0.000451 9
1247 679 1259 703 0.000451 9
861 638 881 690 0.000450 9
801 131 831 159 0.000448 9
119 64 178 78 0.000447 9
844 162 871 224 0.000446 9
1032 149 1056 170 0.000446 9
443 143 536 191 0.000441 9
447 147 526 171 0.000440 9
398 184 407 202 0.000440 9
1076 149 1102 185 0.000439 9
480 176 494 195 0.000439 9
812 129 833 137 0.000438 9
273 186 280 194 0.000437 9
858 631 898 690 0.000435 9
998 135 1009 171 0.000434 9
912 169 929 180 0.000432 9
653 150 671 174 0.000431 9
998 647 1024 681 0.000431 9
1013 360 1023 376 0.000428 9
214 162 222 176 0.000427 9
1056 153 1064 169 0.000425 9
765 69 789 121 0.000425 9
1238 629 1249 674 0.000424 9
852 290 864 321 0.000422 9
479 173 504 213 0.000422 9
1056 151 1064 163 0.000422 9
1104 165 1133 186 0.000420 9
1088 157 1101 204 0.000420 9
965 662 977 679 0.000419 9
1214 164 1246 184 0.000419 9
159 64 171 74 0.000418 9
849 695 889 703 0.000418 9
194 186 201 203 0.000416 9
485 145 525 179 0.000415 9
862 112 869 118 0.000415 9
966 133 995 160 0.000414 9
593 64 641 95 0.000413 9
1189 144 1215 188 0.000412 9
1199 135 1211 171 0.000410 9
588 160 605 184 0.000401 9
594 64 631 93 0.000396 9
801 145 811 159 0.000396 9
1008 359 1024 376 0.000395 9
294 176 307 198 0.000392 9
1075 144 1103 182 0.000391 9
574 64 581 94 0.000388 9
99 178 109 200 0.000388 9
498 171 514 187 0.000388 9
568 156 581 179 0.000387 9
856 136 939 166 0.000385 9
265 193 274 207 0.000383 9
831 137 858 165 0.000381 9
833 133 864 167 0.000380 9
996 649 1012 681 0.000380 9
240 161 249 187 0.000379 9
867 631 897 691 0.000378 9
694 119 709 176 0.000376 9
813 137 831 158 0.000375 9
161 64 186 77 0.000373 9
1160 523 1168 543 0.000373 9
1210 105 1232 162 0.000372 9
1181 162 1206 217 0.000370 9
110 133 128 166 0.000369 9
157 64 180 91 0.000367 9
997 134 1009 171 0.000364 9
95 152 110 177 0.000362 9
478 167 529 216 0.000362 9
375 163 408 184 0.000362 9
48 183 64 207 0.000361 9
1150 519 1159 534 0.000360 9
416 171 435 203 0.000359 9
1186 165 1216 197 0.000358 9
855 136 939 154 0.000357 9
1047 171 1056 184 0.000357 9
1187 133 1212 188 0.000353 9
927 90 943 136 0.000352 9
40 319 55 345 0.000350 9
209 182 222 199 0.000348 9
695 118 715 180 0.000348 9
1207 124 1232 171 0.000348 9
960 665 969 680 0.000348 9
687 172 704 200 0.000347 9
996 646 1025 681 0.000343 9
387 196 396 206 0.000343 9
735 87 753 119 0.000340 9
600 344 608 359 0.000339 9
1089 149 1116 178 0.000337 9
1099 161 1147 184 0.000337 9
1020 90 1045 162 0.000337 9
807 129 833 137 0.000334 9
1044 154 1056 184 0.000330 9
853 675 872 694 0.000330 9
1039 633 1057 696 0.000329 9
1071 696 1087 703 0.000328 9
831 670 840 697 0.000325 9
910 271 928 296 0.000325 9
256 145 268 175 0.000323 9
224 177 244 194 0.000322 9
852 113 869 136 0.000322 9
223 167 232 176 0.000320 9
215 176 236 198 0.000319 9
1004 109 1019 137 0.000317 9
484 146 525 171 0.000317 9
623 172 636 197 0.000316 9
828 135 916 171 0.000315 9
703 173 711 193 0.000313 9
972 138 994 181 0.000311 9
799 86 807 100 0.000311 9
447 156 503 189 0.000311 9
67 169 97 200 0.000310 9
1039 170 1050 184 0.000309 9
1017 92 1045 163 0.000309 9
1207 95 1233 166 0.000308 9
111 135 126 162 0.000307 9
651 171 661 197 0.000307 9
574 275 604 347 0.000307 9
446 155 520 192 0.000306 9
1055 661 1071 691 0.000306 9
941 120 961 146 0.000305 9
416 171 437 203 0.000304 9
799 133 828 157 0.000299 9
1205 128 1220 161 0.000298 9
1207 605 1216 620 0.000297 9
372 162 408 185 0.000296 9
729 93 737 108 0.000293 9
637 511 651 538 0.000293 9
812 127 834 137 0.000292 9
689 118 705 161 0.000292 9
862 136 917 171 0.000292 9
574 64 585 92 0.000291 9
847 175 869 235 0.000289 9
184 196 191 206 0.000289 9
513 143 547 189 0.000289 9
1002 359 1024 377 0.000288 9
877 679 896 698 0.000286 9
95 175 108 201 0.000283 9
40 326 50 345 0.000281 9
1194 376 1233 424 0.000281 9
1105 154 1131 175 0.000280 9
126 175 132 188 0.000279 9
160 241 192 275 0.000279 9
462 151 526 172 0.000278 9
575 74 583 94 0.000276 9
564 130 581 162 0.000276 9
593 64 635 107 0.000275 9
43 313 57 343 0.000275 9
446 157 491 198 0.000274 9
544 140 551 154 0.000272 9
832 280 864 315 0.000271 9
1216 584 1224 600 0.000270 9
574 275 606 361 0.000266 9
573 123 581 161 0.000266 9
1010 680 1041 703 0.000266 9
1248 683 1259 703 0.000265 9
448 156 492 208 0.000264 9
877 679 895 696 0.000263 9
229 130 241 146 0.000263 9
575 280 595 346 0.000262 9
999 518 1008 537 0.000259 9
1001 646 1025 681 0.000259 9
927 87 945 136 0.000258 9
1040 675 1050 692 0.000258 9
765 69 787 121 0.000257 9
1151 527 1160 543 0.000256 9
591 161 616 187 0.000255 9
671 154 677 168 0.000254 9
773 248 784 273 0.000253 9
835 374 847 389 0.000252 9
271 197 280 210 0.000251 9
695 150 708 175 0.000250 9
576 77 585 96 0.000250 9
1087 134 1142 177 0.000250 9
1207 126 1229 162 0.000250 9
95 150 129 170 0.000249 9
1098 120 1136 165 0.000249 9
431 170 446 197 0.000248 9
1152 158 1197 185 0.000247 9
348 147 377 190 0.000247 9
859 669 875 696 0.000247 9
578 301 593 317 0.000245 9
926 685 936 703 0.000244 9
584 160 606 185 0.000244 9
1176 615 1182 621 0.000242 9
690 117 709 185 0.000242 9
853 652 874 688 0.000241 9
830 665 840 693 0.000241 9
432 171 446 196 0.000240 9
855 634 864 657 0.000240 9
1171 149 1184 163 0.000239 9
1000 125 1007 136 0.000238 9
351 156 366 192 0.000238 9
695 116 717 164 0.000238 9
1001 174 1009 185 0.000237 9
372 162 410 187 0.000237 9
1097 129 1104 143 0.000236 9
652 174 661 199 0.000235 9
958 663 969 679 0.000235 9
1166 97 1202 137 0.000234 9
371 164 408 185 0.000233 9
947 120 960 140 0.000232 9
543 159 581 194 0.000231 9
1218 100 1249 177 0.000231 9
500 401 547 430 0.000231 9
1051 113 1072 146 0.000230 9
1121 64 1153 77 0.000230 9
742 150 752 157 0.000229 9
1039 633 1057 688 0.000229 9
1099 128 1142 165 0.000229 9
1203 97 1223 135 0.000227 9
942 129 958 146 0.000227 9
552 140 579 159 0.000225 9
1039 152 1058 185 0.000224 9
260 167 271 179 0.000224 9
41 320 56 345 0.000224 9
525 136 545 187 0.000223 9
847 693 891 703 0.000223 9
1117 684 1128 697 0.000223 9
1089 152 1106 203 0.000223 9
699 147 713 179 0.000222 9
431 170 447 193 0.000222 9
966 663 997 680 0.000221 9
120 64 184 93 0.000219 9
0 143 8 203 0.000218 9
349 149 384 189 0.000217 9
117 160 128 180 0.000216 9
1032 338 1040 360 0.000215 9
1087 677 1101 698 0.000214 9
460 193 480 215 0.000213 9
1104 158 1152 185 0.000213 9
741 363 751 375 0.000212 9
578 64 597 98 0.000211 9
287 273 297 312 0.000210 9
169 64 266 90 0.000210 9
991 138 1014 172 0.000210 9
1230 88 1249 161 0.000209 9
1002 679 1041 703 0.000209 9
527 134 545 180 0.000208 9
313 87 333 157 0.000208 9
1072 153 1095 199 0.000208 9
1092 158 1121 194 0.000206 9
67 168 101 200 0.000203 9
823 280 864 312 0.000203 9
68 168 80 201 0.000202 9
645 511 656 539 0.000200 9
840 630 897 702 0.000198 9
1238 626 1249 674 0.000198 9
1056 656 1072 692 0.000198 9
991 651 1004 680 0.000196 9
369 165 405 186 0.000195 9
446 128 488 174 0.000195 9
257 142 272 173 0.000194 9
313 148 342 187 0.000194 9
523 133 545 187 0.000193 9
862 136 939 172 0.000193 9
872 687 881 695 0.000192 9
95 151 114 178 0.000192 9
932 133 944 145 0.000192 9
98 177 110 202 0.000192 9
719 520 728 536 0.000192 9
448 156 522 220 0.000191 9
1088 141 1134 176 0.000190 9
808 77 851 98 0.000190 9
838 677 848 690 0.000190 9
55 159 62 170 0.000190 9
963 662 999 680 0.000189 9
847 694 866 703 0.000189 9
1207 158 1227 186 0.000189 9
637 79 656 104 0.000188 9
1087 681 1098 701 0.000188 9
852 116 870 136 0.000187 9
1224 99 1250 186 0.000187 9
992 133 1000 165 0.000187 9
1231 623 1239 656 0.000186 9
942 116 960 145 0.000186 9
999 646 1041 700 0.000185 9
1075 120 1114 180 0.000185 9
761 274 856 339 0.000184 9
1208 161 1248 184 0.000183 9
1039 680 1052 697 0.000183 9
766 70 787 107 0.000183 9
990 114 1000 132 0.000182 9
596 149 611 167 0.000182 9
486 145 525 165 0.000182 9
170 64 258 91 0.000182 9
287 280 296 312 0.000181 9
1024 573 1030 584 0.000181 9
791 270 856 346 0.000178 9
372 155 428 204 0.000178 9
126 175 132 201 0.000178 9
231 130 241 146 0.000178 9
1046 138 1104 187 0.000177 9
800 87 808 101 0.000177 9
456 183 467 212 0.000176 9
803 129 835 161 0.000176 9
911 151 930 181 0.000176 9
270 186 279 208 0.000176 9
294 199 320 233 0.000175 9
480 172 516 203 0.000175 9
1113 150 1138 163 0.000174 9
994 646 1015 679 0.000173 9
1150 647 1168 681 0.000172 9
89 184 96 200 0.000171 9
683 293 704 346 0.000171 9
1037 126 1107 194 0.000171 9
1183 98 1203 135 0.000171 9
991 639 1058 703 0.000171 9
848 268 853 281 0.000170 9
1180 163 1221 200 0.000170 9
1150 147 1199 185 0.000170 9
589 130 599 158 0.000169 9
589 64 628 106 0.000169 9
17 157 25 177 0.000169 9
799 124 833 137 0.000169 9
256 165 269 186 0.000168 9
557 149 568 161 0.000167 9
1247 677 1261 703 0.000167 9
1005 100 1033 147 0.000167 9
907 101 929 120 0.000166 9
62 153 78 171 0.000166 9
972 677 996 699 0.000165 9
63 145 79 173 0.000164 9
67 169 79 200 0.000164 9
1072 682 1089 701 0.000163 9
310 90 333 166 0.000163 9
448 143 540 172 0.000161 9
1111 360 1118 367 0.000160 9
1237 631 1249 676 0.000159 9
639 272 657 284 0.000159 9
579 64 601 104 0.000159 9
367 152 410 185 0.000159 9
62 148 79 169 0.000159 9
669 150 678 168 0.000158 9
1191 131 1210 187 0.000158 9
592 147 601 163 0.000157 9
905 126 912 137 0.000157 9
303 73 371 199 0.000157 9
790 138 803 153 0.000157 9
549 140 574 154 0.000156 9
309 64 340 166 0.000156 9
815 115 832 133 0.000155 9
850 136 937 153 0.000155 9
163 239 192 275 0.000154 9
210 109 307 239 0.000153 9
258 130 271 161 0.000153 9
726 94 737 114 0.000153 9
990 117 999 136 0.000152 9
39 313 56 345 0.000152 9
685 293 704 346 0.000151 9
587 127 601 164 0.000150 9
1072 144 1099 188 0.000150 9
594 64 628 91 0.000148 9
1152 158 1202 186 0.000148 9
628 64 640 76 0.000148 9
100 180 107 202 0.000147 9
811 150 848 167 0.000147 9
851 268 874 317 0.000147 9
884 693 896 703 0.000147 9
929 152 944 183 0.000146 9
1228 86 1250 161 0.000146 9
830 64 839 69 0.000145 9
637 77 657 105 0.000145 9
847 691 898 703 0.000145 9
416 163 436 203 0.000144 9
1146 99 1206 182 0.000144 9
638 64 661 82 0.000143 9
586 119 599 160 0.000143 9
977 135 994 152 0.000142 9
0 147 7 203 0.000141 9
820 76 849 98 0.000141 9
1084 130 1105 178 0.000141 9
808 78 851 96 0.000141 9
1151 162 1199 186 0.000141 9
877 678 896 702 0.000139 9
311 110 324 158 0.000139 9
448 143 523 172 0.000138 9
1196 95 1222 143 0.000138 9
634 511 659 557 0.000138 9
680 157 689 181 0.000138 9
1231 620 1239 657 0.000138 9
651 143 672 177 0.000138 9
1073 169 1100 206 0.000138 9
1113 159 1171 185 0.000137 9
96 150 130 187 0.000137 9
575 275 603 342 0.000137 9
446 142 518 173 0.000136 9
926 88 943 128 0.000136 9
313 121 372 198 0.000136 9
851 277 872 319 0.000136 9
624 64 639 73 0.000135 9
1166 124 1193 176 0.000134 9
913 152 928 179 0.000134 9
592 64 643 108 0.000133 9
316 108 369 195 0.000133 9
1089 682 1104 697 0.000133 9
185 168 231 203 0.000133 9
210 119 272 229 0.000132 9
884 121 897 137 0.000132 9
903 673 912 682 0.000132 9
1233 604 1241 620 0.000132 9
241 174 272 224 0.000132 9
310 107 325 159 0.000131 9
191 183 202 207 0.000131 9
926 686 936 703 0.000131 9
1153 96 1212 185 0.000131 9
1164 148 1198 185 0.000130 9
1002 101 1023 135 0.000130 9
1152 162 1178 218 0.000130 9
766 69 786 104 0.000128 9
370 163 409 186 0.000128 9
871 120 879 134 0.000128 9
832 374 848 391 0.000127 9
1211 105 1224 133 0.000127 9
636 511 655 539 0.000127 9
1090 679 1104 696 0.000127 9
1138 164 1156 216 0.000126 9
1000 645 1040 686 0.000126 9
878 406 887 417 0.000126 9
701 112 721 128 0.000126 9
1110 361 1119 375 0.000125 9
0 142 8 199 0.000125 9
1073 151 1080 169 0.000124 9
358 149 370 170 0.000124 9
846 684 859 703 0.000124 9
86 184 98 200 0.000123 9
360 149 411 186 0.000123 9
75 150 106 178 0.000123 9
445 135 501 173 0.000122 9
763 285 844 341 0.000122 9
1255 627 1263 641 0.000122 9
639 272 656 286 0.000122 9
64 150 80 178 0.000121 9
432 171 445 203 0.000121 9
228 163 247 184 0.000120 9
854 632 876 679 0.000120 9
120 64 186 98 0.000120 9
627 164 641 184 0.000120 9
17 157 26 183 0.000119 9
415 155 433 203 0.000119 9
596 139 609 164 0.000119 9
441 156 492 242 0.000119 9
1038 106 1118 201 0.000118 9
1050 109 1085 147 0.000118 9
1107 145 1141 164 0.000118 9
647 152 657 167 0.000118 9
908 136 937 151 0.000118 9
1144 102 1199 183 0.000117 9
245 131 255 144 0.000117 9
957 153 993 183 0.000116 9
788 114 839 137 0.000116 9
453 149 540 207 0.000116 9
806 151 855 183 0.000115 9
370 148 416 185 0.000115 9
819 682 838 703 0.000115 9
455 143 526 172 0.000115 9
639 511 659 559 0.000114 9
888 113 910 138 0.000114 9
247 164 257 176 0.000114 9
310 107 335 186 0.000114 9
1150 273 1168 344 0.000114 9
860 154 935 201 0.000113 9
310 80 417 200 0.000113 9
685 118 708 178 0.000112 9
547 151 565 161 0.000112 9
310 108 326 161 0.000112 9
765 70 785 105 0.000111 9
378 147 409 184 0.000111 9
899 673 913 690 0.000110 9
636 64 660 106 0.000110 9
66 152 108 184 0.000110 9
830 284 865 327 0.000110 9
567 128 608 183 0.000110 9
211 137 269 216 0.000109 9
983 632 992 658 0.000109 9
777 276 857 339 0.000109 9
637 64 661 84 0.000109 9
849 681 873 699 0.000108 9
620 64 641 91 0.000108 9
772 248 785 277 0.000108 9
977 631 1001 681 0.000108 9
1143 163 1177 218 0.000107 9
814 116 836 136 0.000107 9
685 289 704 341 0.000107 9
1055 665 1071 698 0.000107 9
256 84 262 97 0.000106 9
817 119 860 136 0.000106 9
993 633 1059 702 0.000105 9
816 117 858 136 0.000105 9
1247 678 1264 703 0.000104 9
575 279 594 321 0.000104 9
309 94 329 162 0.000104 9
1100 106 1129 162 0.000104 9
153 185 172 207 0.000103 9
898 136 937 153 0.000103 9
544 159 555 178 0.000103 9
976 136 1010 185 0.000103 9
760 275 853 336 0.000102 9
582 122 600 163 0.000102 9
1006 173 1015 184 0.000102 9
1230 623 1240 659 0.000102 9
1147 104 1188 173 0.000102 9
449 178 486 215 0.000102 9
203 177 251 222 0.000102 9
1023 695 1040 703 0.000102 9
799 295 826 336 0.000101 9
875 135 939 181 0.000101 9
660 174 692 215 0.000100 9
111 204 121 223 0.007364 11
1181 193 1198 216 0.005321 11
111 204 121 224 0.005089 11
1181 192 1199 216 0.002482 11
1181 190 1200 216 0.002282 11
1182 205 1195 216 0.001632 11
1181 180 1201 216 0.001318 11
1051 110 1083 147 0.000843 11
111 202 121 224 0.000556 11
111 204 128 225 0.000424 11
1053 114 1066 139 0.000316 11
1051 112 1079 146 0.000310 11
1179 192 1199 216 0.000221 11
1179 186 1200 217 0.000117 11
