1034 199 1092 335 0.782078 0
695 196 735 276 0.640825 0
1118 193 1144 249 0.638562 0
906 189 934 283 0.637396 0
525 195 546 248 0.590644 0
905 188 935 292 0.532162 0
525 197 546 244 0.490787 0
699 195 734 276 0.407587 0
1118 192 1147 249 0.334089 0
1117 193 1141 249 0.208368 0
1099 194 1113 249 0.197718 0
1099 194 1115 249 0.170800 0
1097 195 1113 248 0.149554 0
905 188 940 289 0.138841 0
1089 193 1114 249 0.130091 0
1099 194 1113 233 0.125521 0
1100 197 1112 221 0.113253 0
574 428 592 457 0.096618 0
1092 194 1113 238 0.083620 0
750 417 770 473 0.076070 0
1099 194 1120 250 0.073710 0
906 193 933 277 0.070238 0
1213 195 1226 228 0.069149 0
1213 195 1227 231 0.068711 0
1214 195 1226 214 0.067529 0
1098 193 1113 222 0.052221 0
525 194 551 250 0.046484 0
1097 195 1112 222 0.046313 0
453 198 465 217 0.043271 0
452 198 465 247 0.043220 0
900 191 934 275 0.042472 0
1213 193 1226 214 0.042088 0
451 198 465 248 0.038589 0
1093 194 1113 221 0.036405 0
1100 210 1116 249 0.031722 0
863 438 876 455 0.031433 0
452 198 465 222 0.031002 0
1039 199 1055 226 0.029004 0
521 196 546 246 0.027710 0
450 197 465 247 0.026843 0
633 202 643 215 0.026454 0
750 424 769 472 0.025854 0
633 202 643 215 0.025523 0
1099 204 1120 250 0.025107 0
965 368 979 390 0.024555 0
1089 196 1116 251 0.022686 0
1039 205 1051 227 0.022091 0
1089 195 1112 229 0.021779 0
511 191 524 209 0.021561 0
510 195 519 210 0.020242 0
864 440 874 455 0.019994 0
965 371 978 391 0.019595 0
247 206 260 225 0.019272 0
513 192 524 209 0.018615 0
964 368 980 407 0.018324 0
511 192 526 245 0.017385 0
1088 205 1117 251 0.016935 0
1109 194 1121 222 0.016357 0
903 189 949 269 0.016151 0
965 365 980 399 0.014969 0
784 198 794 215 0.014908 0
965 370 979 392 0.014570 0
847 199 857 225 0.014189 0
633 201 646 215 0.013794 0
1039 201 1057 227 0.013727 0
1210 193 1226 231 0.013305 0
1013 206 1025 223 0.012861 0
1039 206 1051 230 0.012831 0
247 205 262 225 0.012689 0
573 420 592 457 0.012416 0
1039 220 1081 332 0.012309 0
1071 485 1080 499 0.012117 0
1039 198 1058 226 0.012014 0
247 199 261 224 0.011931 0
523 194 555 245 0.011908 0
1210 194 1226 224 0.011609 0
452 199 465 251 0.011505 0
247 207 259 224 0.011466 0
750 431 769 472 0.011309 0
847 199 865 241 0.011007 0
846 198 857 242 0.010807 0
528 192 548 218 0.010553 0
1089 193 1111 226 0.010507 0
633 202 650 216 0.010455 0
961 367 982 408 0.010292 0
514 191 528 211 0.010035 0
846 199 856 240 0.009974 0
453 199 464 217 0.009899 0
789 329 809 344 0.009893 0
573 425 592 456 0.009826 0
1011 207 1025 226 0.009818 0
1040 201 1056 226 0.009796 0
1000 385 1014 400 0.009764 0
862 433 871 453 0.009207 0
863 435 877 455 0.009145 0
510 191 532 245 0.009044 0
898 189 933 279 0.008828 0
846 203 857 242 0.008821 0
1145 310 1168 345 0.008750 0
863 437 879 456 0.008373 0
847 189 866 243 0.008342 0
213 194 224 228 0.008150 0
847 199 856 234 0.008134 0
214 190 224 227 0.008022 0
750 436 766 472 0.007991 0
670 207 678 230 0.007856 0
1113 193 1121 207 0.007846 0
1209 194 1227 232 0.007729 0
1089 200 1112 238 0.007687 0
670 207 680 232 0.007636 0
1072 487 1080 503 0.007625 0
1102 194 1121 241 0.007496 0
847 197 867 242 0.007388 0
246 199 262 224 0.007374 0
1009 387 1022 400 0.007121 0
1041 456 1048 464 0.007110 0
1248 473 1265 517 0.006998 0
1040 227 1080 327 0.006969 0
878 434 889 456 0.006941 0
964 359 982 393 0.006903 0
246 208 258 239 0.006877 0
967 368 982 392 0.006829 0
1177 496 1185 504 0.006636 0
902 189 947 296 0.006634 0
1213 195 1230 232 0.006598 0
635 200 653 216 0.006583 0
510 193 520 217 0.006533 0
542 197 554 217 0.006500 0
1271 199 1279 241 0.006472 0
972 371 981 392 0.006422 0
692 201 731 274 0.006285 0
520 195 531 233 0.006216 0
1122 192 1143 221 0.006194 0
510 192 529 240 0.006193 0
961 362 980 403 0.006065 0
958 367 980 411 0.006054 0
899 190 939 288 0.006001 0
521 197 536 241 0.005881 0
962 366 984 409 0.005813 0
1120 312 1134 343 0.005688 0
880 434 890 454 0.005607 0
1192 383 1206 401 0.005569 0
864 441 879 456 0.005541 0
1271 199 1279 241 0.005492 0
1249 477 1264 517 0.005436 0
976 367 985 391 0.005405 0
878 436 889 457 0.005239 0
1250 480 1264 517 0.005234 0
1247 474 1264 516 0.005231 0
863 435 880 457 0.005215 0
573 402 593 457 0.005132 0
1054 487 1066 497 0.005041 0
1116 192 1149 251 0.004886 0
610 419 624 465 0.004866 0
958 375 968 406 0.004852 0
1120 312 1131 343 0.004835 0
1071 482 1080 499 0.004798 0
1233 197 1256 234 0.004781 0
878 433 888 454 0.004666 0
648 409 656 424 0.004648 0
631 423 640 459 0.004567 0
783 197 794 235 0.004534 0
920 204 946 251 0.004452 0
1121 193 1147 239 0.004438 0
1205 504 1216 513 0.004429 0
1039 229 1081 334 0.004407 0
832 481 840 486 0.004389 0
449 199 458 217 0.004372 0
784 193 795 216 0.004365 0
670 207 679 231 0.004365 0
1032 222 1067 329 0.004336 0
1182 355 1192 392 0.004313 0
0 64 69 219 0.004295 0
1119 193 1139 222 0.004280 0
1015 456 1024 466 0.004274 0
957 372 975 408 0.004199 0
1120 312 1128 328 0.004173 0
1008 432 1015 439 0.004147 0
1135 446 1143 457 0.004110 0
1272 200 1279 246 0.004101 0
981 369 992 392 0.004097 0
478 198 487 216 0.004074 0
1199 503 1210 512 0.004055 0
861 432 884 456 0.004035 0
647 385 656 398 0.004027 0
213 195 225 230 0.003997 0
479 201 485 216 0.003976 0
959 373 971 401 0.003970 0
573 396 592 458 0.003954 0
1045 482 1057 497 0.003953 0
1158 498 1169 510 0.003930 0
784 197 798 215 0.003928 0
784 197 800 235 0.003914 0
464 201 477 250 0.003912 0
606 175 614 184 0.003900 0
638 687 671 703 0.003872 0
847 203 869 241 0.003842 0
610 425 624 466 0.003812 0
1247 473 1257 484 0.003810 0
974 366 988 397 0.003792 0
1187 191 1228 262 0.003782 0
1247 477 1257 485 0.003742 0
1209 169 1225 210 0.003728 0
1118 193 1150 249 0.003719 0
969 456 976 462 0.003702 0
1231 197 1256 234 0.003681 0
1124 192 1138 211 0.003653 0
608 407 624 463 0.003640 0
1269 197 1279 244 0.003587 0
982 375 991 392 0.003578 0
647 408 655 424 0.003572 0
1248 477 1265 516 0.003559 0
1135 445 1144 468 0.003544 0
460 199 478 252 0.003543 0
1183 360 1192 391 0.003513 0
450 198 464 217 0.003507 0
765 429 796 472 0.003491 0
245 207 261 227 0.003468 0
630 424 640 461 0.003457 0
725 418 737 456 0.003422 0
771 422 786 456 0.003395 0
978 367 986 392 0.003386 0
1176 497 1185 511 0.003385 0
1124 208 1153 250 0.003383 0
773 429 784 457 0.003366 0
631 424 640 442 0.003357 0
36 64 338 218 0.003348 0
915 473 928 486 0.003338 0
1183 369 1192 391 0.003306 0
989 204 999 227 0.003272 0
464 201 478 260 0.003264 0
1007 207 1025 236 0.003191 0
1148 314 1169 357 0.003165 0
783 196 794 237 0.003164 0
242 213 252 239 0.003119 0
1037 202 1074 280 0.003109 0
1088 192 1095 205 0.003089 0
241 196 262 230 0.003072 0
541 193 552 214 0.003060 0
245 205 262 239 0.003047 0
569 425 576 431 0.003029 0
738 201 744 215 0.003026 0
1178 344 1195 359 0.002977 0
1191 357 1211 403 0.002973 0
1120 313 1135 344 0.002952 0
1153 498 1166 510 0.002934 0
957 364 986 423 0.002932 0
1129 502 1136 509 0.002915 0
448 192 466 218 0.002912 0
983 447 993 455 0.002881 0
452 192 465 217 0.002866 0
1030 451 1040 464 0.002862 0
448 182 474 254 0.002849 0
721 419 738 459 0.002833 0
1071 484 1081 502 0.002832 0
993 446 1000 457 0.002816 0
450 196 471 252 0.002799 0
1174 213 1188 246 0.002786 0
642 205 653 216 0.002783 0
1023 486 1032 495 0.002759 0
773 430 784 460 0.002732 0
854 462 866 473 0.002728 0
848 215 870 243 0.002707 0
1157 497 1169 509 0.002707 0
632 202 647 226 0.002699 0
1211 167 1231 234 0.002668 0
523 194 535 216 0.002668 0
244 210 258 240 0.002667 0
735 445 744 458 0.002654 0
638 690 651 703 0.002648 0
459 200 479 270 0.002642 0
318 64 639 322 0.002633 0
13 64 323 219 0.002608 0
465 201 478 250 0.002601 0
1145 311 1169 352 0.002596 0
319 204 331 229 0.002589 0
1196 381 1211 415 0.002581 0
1213 196 1231 233 0.002580 0
573 389 592 459 0.002570 0
242 216 252 239 0.002551 0
1 64 255 219 0.002526 0
1078 456 1092 472 0.002490 0
242 196 253 222 0.002476 0
1040 211 1074 277 0.002454 0
609 439 624 465 0.002447 0
896 439 904 456 0.002433 0
1244 457 1257 472 0.002419 0
608 451 624 467 0.002408 0
914 473 928 486 0.002406 0
913 452 928 484 0.002398 0
771 424 797 456 0.002389 0
1 64 219 219 0.002356 0
989 200 1003 225 0.002340 0
734 438 747 458 0.002334 0
1179 344 1195 359 0.002316 0
750 417 769 456 0.002314 0
58 64 337 213 0.002288 0
321 65 638 241 0.002260 0
1272 201 1279 253 0.002256 0
1214 495 1232 511 0.002235 0
839 464 849 475 0.002217 0
836 469 849 479 0.002213 0
1046 480 1056 491 0.002210 0
864 209 873 237 0.002202 0
670 207 684 233 0.002186 0
982 205 995 227 0.002184 0
1038 191 1055 225 0.002176 0
877 433 891 480 0.002172 0
835 197 857 241 0.002172 0
727 417 736 435 0.002151 0
1142 313 1168 345 0.002142 0
690 195 735 277 0.002137 0
159 207 167 224 0.002131 0
1144 315 1169 344 0.002122 0
1073 487 1081 505 0.002120 0
1007 453 1014 466 0.002115 0
813 327 846 344 0.002102 0
863 467 872 478 0.002089 0
311 185 322 198 0.002087 0
858 217 873 257 0.002078 0
5 64 336 227 0.002067 0
607 202 615 215 0.002067 0
847 463 858 476 0.002064 0
1029 448 1039 463 0.002062 0
1056 486 1073 498 0.002061 0
1179 216 1190 245 0.002061 0
1 64 184 220 0.002032 0
786 195 800 238 0.002031 0
1174 214 1188 247 0.002017 0
1036 200 1092 255 0.002015 0
1227 196 1257 234 0.002009 0
511 423 527 449 0.002007 0
727 418 736 438 0.002000 0
1231 458 1240 470 0.001988 0
638 688 661 703 0.001980 0
925 447 934 456 0.001977 0
993 448 1003 459 0.001973 0
111 204 120 236 0.001953 0
977 361 993 393 0.001952 0
719 415 741 467 0.001949 0
791 328 824 344 0.001933 0
1247 476 1272 514 0.001932 0
1120 323 1135 343 0.001930 0
376 186 385 201 0.001928 0
1045 411 1060 424 0.001921 0
991 211 998 226 0.001918 0
862 436 883 479 0.001904 0
1149 324 1169 360 0.001902 0
823 462 832 472 0.001898 0
692 194 728 275 0.001894 0
1179 211 1192 243 0.001891 0
1022 455 1033 464 0.001875 0
1076 434 1088 456 0.001866 0
831 463 841 474 0.001858 0
586 422 625 470 0.001856 0
680 383 687 395 0.001854 0
918 189 934 218 0.001842 0
1023 481 1034 495 0.001832 0
786 439 800 450 0.001830 0
462 200 479 270 0.001826 0
703 195 732 274 0.001826 0
956 370 979 432 0.001815 0
574 393 592 457 0.001808 0
1232 457 1240 468 0.001804 0
1151 497 1164 508 0.001800 0
962 358 987 393 0.001791 0
1165 343 1195 393 0.001787 0
1247 474 1265 507 0.001769 0
1014 444 1025 465 0.001762 0
769 429 799 459 0.001761 0
861 434 883 479 0.001751 0
856 222 871 270 0.001746 0
1247 423 1254 435 0.001743 0
924 203 945 249 0.001737 0
1007 447 1014 464 0.001737 0
789 327 840 344 0.001733 0
885 439 897 456 0.001730 0
469 202 478 216 0.001729 0
624 186 632 200 0.001718 0
244 208 262 241 0.001706 0
784 424 792 438 0.001703 0
1253 506 1264 517 0.001702 0
1127 445 1135 470 0.001701 0
1121 193 1151 241 0.001699 0
743 424 800 473 0.001691 0
864 218 873 235 0.001688 0
927 195 954 252 0.001687 0
1243 455 1258 471 0.001679 0
734 421 773 471 0.001663 0
454 195 479 261 0.001651 0
1196 358 1211 402 0.001651 0
1023 446 1035 462 0.001647 0
1186 356 1212 404 0.001646 0
751 417 769 444 0.001633 0
577 416 624 468 0.001632 0
735 682 752 703 0.001631 0
689 208 704 238 0.001628 0
1177 344 1194 360 0.001628 0
886 471 896 482 0.001625 0
1215 367 1225 388 0.001623 0
1185 356 1212 409 0.001619 0
592 419 625 466 0.001613 0
865 208 874 236 0.001611 0
1135 444 1146 464 0.001609 0
453 195 480 302 0.001606 0
628 427 640 461 0.001604 0
1181 163 1203 218 0.001601 0
1127 446 1134 461 0.001601 0
833 196 857 240 0.001599 0
608 407 624 444 0.001591 0
429 222 439 229 0.001576 0
563 426 592 457 0.001575 0
1213 194 1264 266 0.001571 0
802 440 817 453 0.001570 0
700 227 734 275 0.001565 0
1024 448 1038 464 0.001565 0
719 419 741 465 0.001559 0
1150 500 1165 510 0.001559 0
584 420 624 469 0.001557 0
1080 432 1088 449 0.001555 0
1042 482 1055 495 0.001543 0
1134 440 1144 459 0.001531 0
885 438 897 456 0.001529 0
847 182 858 221 0.001521 0
471 198 479 210 0.001520 0
854 221 871 270 0.001515 0
1151 440 1158 452 0.001513 0
743 415 793 473 0.001509 0
569 393 593 455 0.001509 0
1085 457 1095 471 0.001505 0
733 423 752 458 0.001494 0
863 436 881 478 0.001493 0
1134 444 1146 472 0.001492 0
1239 454 1252 471 0.001486 0
983 201 999 227 0.001478 0
1084 458 1095 471 0.001472 0
912 473 928 487 0.001471 0
1188 356 1211 394 0.001449 0
991 455 999 464 0.001445 0
1098 399 1103 406 0.001424 0
543 198 558 217 0.001424 0
1039 198 1073 227 0.001420 0
1175 213 1185 242 0.001415 0
832 471 841 478 0.001401 0
982 207 995 227 0.001392 0
574 431 594 464 0.001392 0
495 190 526 214 0.001389 0
960 455 968 464 0.001380 0
1192 383 1210 416 0.001380 0
712 427 720 442 0.001363 0
1007 424 1016 440 0.001362 0
800 440 809 450 0.001356 0
783 328 809 344 0.001355 0
1008 472 1015 492 0.001354 0
716 194 728 218 0.001345 0
1190 212 1205 230 0.001342 0
601 407 624 441 0.001337 0
958 367 980 425 0.001336 0
750 437 771 481 0.001333 0
719 430 736 458 0.001329 0
1120 317 1139 344 0.001328 0
820 203 856 241 0.001325 0
1112 502 1120 510 0.001324 0
1076 192 1092 205 0.001322 0
510 411 528 445 0.001315 0
1175 344 1197 359 0.001293 0
999 383 1023 408 0.001289 0
778 423 801 455 0.001281 0
1147 320 1169 360 0.001280 0
544 202 557 217 0.001278 0
1118 64 1159 138 0.001269 0
761 433 783 457 0.001262 0
311 64 437 204 0.001259 0
1183 503 1198 512 0.001258 0
1043 484 1069 500 0.001255 0
1179 218 1197 251 0.001249 0
1044 217 1066 228 0.001237 0
860 463 872 478 0.001232 0
1240 457 1251 471 0.001225 0
1071 433 1087 456 0.001224 0
34 64 307 214 0.001223 0
1072 503 1081 511 0.001221 0
1180 165 1234 259 0.001221 0
733 433 790 471 0.001220 0
579 407 625 466 0.001217 0
1263 64 1279 168 0.001214 0
595 424 609 444 0.001214 0
1263 180 1279 239 0.001213 0
857 432 896 483 0.001212 0
568 427 592 457 0.001212 0
814 440 824 454 0.001209 0
1075 436 1088 456 0.001192 0
1184 501 1202 513 0.001187 0
808 382 814 391 0.001187 0
638 663 672 703 0.001186 0
213 184 231 227 0.001186 0
314 64 479 207 0.001185 0
1135 441 1153 471 0.001183 0
1135 208 1164 247 0.001180 0
637 673 672 703 0.001178 0
789 329 808 345 0.001173 0
1262 169 1279 266 0.001168 0
604 162 619 185 0.001155 0
983 209 1009 239 0.001154 0
608 407 624 434 0.001149 0
199 211 208 226 0.001144 0
705 197 731 258 0.001141 0
573 424 611 457 0.001141 0
974 205 984 223 0.001139 0
1143 316 1169 345 0.001135 0
693 198 709 232 0.001129 0
632 189 641 202 0.001123 0
999 384 1022 408 0.001120 0
1195 381 1217 414 0.001117 0
1123 399 1129 414 0.001114 0
1238 422 1246 439 0.001113 0
733 422 751 457 0.001109 0
1039 197 1060 226 0.001106 0
643 412 656 437 0.001096 0
637 666 671 703 0.001096 0
505 421 524 445 0.001094 0
718 410 772 468 0.001093 0
511 333 521 350 0.001086 0
895 417 905 441 0.001085 0
684 205 696 234 0.001083 0
751 448 764 479 0.001083 0
893 414 913 458 0.001082 0
1001 432 1008 440 0.001077 0
1247 423 1255 441 0.001076 0
1121 399 1128 416 0.001076 0
734 421 768 466 0.001070 0
1070 207 1088 231 0.001065 0
315 64 633 351 0.001062 0
690 200 710 276 0.001061 0
1173 344 1197 359 0.001061 0
1120 396 1127 413 0.001061 0
1182 174 1230 264 0.001053 0
876 436 910 483 0.001048 0
719 434 732 463 0.001046 0
67 164 83 187 0.001045 0
701 231 734 275 0.001041 0
702 220 735 275 0.001035 0
321 64 655 348 0.001031 0
857 401 863 411 0.001026 0
1138 441 1153 466 0.001025 0
1072 425 1083 455 0.001021 0
666 207 679 231 0.001008 0
895 437 903 456 0.001005 0
158 208 167 227 0.000998 0
981 352 996 381 0.000997 0
960 440 967 454 0.000997 0
735 681 750 703 0.000995 0
1039 479 1070 498 0.000995 0
635 190 652 214 0.000993 0
646 192 654 207 0.000992 0
1045 410 1056 423 0.000992 0
916 448 930 457 0.000990 0
1213 370 1223 398 0.000987 0
998 375 1024 400 0.000987 0
913 454 927 464 0.000984 0
375 185 386 213 0.000984 0
1187 195 1246 267 0.000982 0
757 419 784 463 0.000977 0
895 423 904 455 0.000970 0
1071 464 1079 471 0.000970 0
331 64 436 213 0.000968 0
895 415 913 441 0.000967 0
1165 497 1181 509 0.000965 0
719 432 729 444 0.000962 0
567 202 574 215 0.000956 0
574 366 592 446 0.000949 0
895 415 908 434 0.000948 0
1110 454 1120 472 0.000946 0
856 227 871 278 0.000946 0
1200 495 1214 506 0.000945 0
879 318 897 344 0.000944 0
1080 406 1088 414 0.000943 0
1009 448 1024 469 0.000941 0
313 64 469 333 0.000940 0
666 206 678 231 0.000940 0
637 160 656 200 0.000938 0
210 196 223 227 0.000932 0
314 64 432 215 0.000931 0
345 186 353 199 0.000922 0
607 407 624 431 0.000918 0
644 425 656 452 0.000917 0
960 442 968 456 0.000917 0
703 417 721 466 0.000912 0
213 186 230 229 0.000909 0
1261 68 1279 280 0.000905 0
1159 426 1168 440 0.000904 0
1143 504 1152 510 0.000903 0
637 677 672 703 0.000901 0
1197 358 1210 386 0.000899 0
266 204 274 227 0.000899 0
781 463 799 473 0.000898 0
853 228 870 281 0.000889 0
925 438 934 456 0.000886 0
816 441 824 454 0.000885 0
897 472 913 486 0.000883 0
1263 74 1279 173 0.000878 0
1184 496 1221 513 0.000878 0
1111 456 1120 474 0.000864 0
1094 496 1105 504 0.000859 0
1118 286 1139 344 0.000855 0
912 448 923 456 0.000853 0
1262 168 1279 240 0.000851 0
1246 470 1266 499 0.000850 0
0 64 23 217 0.000844 0
199 209 208 224 0.000843 0
856 231 870 267 0.000839 0
856 432 870 442 0.000839 0
667 430 689 440 0.000837 0
309 64 445 271 0.000830 0
415 251 420 270 0.000830 0
1024 481 1039 495 0.000828 0
1008 474 1015 495 0.000824 0
998 454 1007 465 0.000824 0
1111 395 1122 407 0.000822 0
344 64 440 213 0.000818 0
558 202 569 216 0.000817 0
983 351 993 366 0.000816 0
1152 295 1168 345 0.000813 0
999 382 1024 422 0.000813 0
876 434 912 484 0.000813 0
973 209 985 231 0.000812 0
605 358 628 412 0.000812 0
606 360 624 409 0.000810 0
1145 309 1176 351 0.000805 0
693 424 703 441 0.000799 0
854 224 870 279 0.000799 0
311 64 494 206 0.000799 0
1239 424 1247 440 0.000798 0
1228 198 1241 214 0.000794 0
1023 484 1035 497 0.000792 0
573 425 613 461 0.000791 0
919 383 928 406 0.000785 0
729 435 769 472 0.000784 0
855 226 881 282 0.000784 0
739 200 749 215 0.000779 0
798 418 810 440 0.000778 0
1110 392 1124 407 0.000771 0
735 680 751 703 0.000771 0
431 519 441 550 0.000770 0
209 198 223 227 0.000770 0
855 229 870 270 0.000769 0
907 188 936 222 0.000767 0
719 428 742 471 0.000764 0
603 359 624 392 0.000763 0
322 65 446 358 0.000761 0
1208 167 1231 210 0.000761 0
213 186 232 230 0.000760 0
947 350 962 401 0.000753 0
703 194 725 228 0.000752 0
316 64 631 210 0.000752 0
885 452 929 486 0.000751 0
1163 347 1195 394 0.000748 0
1172 350 1212 409 0.000748 0
1155 436 1167 455 0.000743 0
1138 440 1153 460 0.000738 0
1164 471 1177 479 0.000738 0
591 579 600 615 0.000735 0
609 358 624 376 0.000735 0
735 681 755 703 0.000735 0
716 419 733 444 0.000735 0
333 185 342 199 0.000733 0
1121 438 1139 471 0.000730 0
574 387 592 448 0.000726 0
351 188 357 199 0.000724 0
767 431 777 446 0.000722 0
996 445 1008 459 0.000722 0
670 207 687 237 0.000721 0
975 456 982 464 0.000720 0
973 369 992 408 0.000712 0
1148 342 1199 395 0.000711 0
766 194 787 235 0.000705 0
800 414 809 422 0.000705 0
821 455 832 471 0.000705 0
1231 424 1240 434 0.000703 0
682 197 693 215 0.000703 0
735 687 754 703 0.000697 0
1095 440 1103 457 0.000694 0
1135 444 1154 472 0.000694 0
800 420 817 448 0.000694 0
799 421 814 447 0.000694 0
681 197 692 216 0.000694 0
264 211 276 232 0.000691 0
574 390 592 445 0.000688 0
875 188 973 270 0.000686 0
319 64 461 362 0.000682 0
604 358 628 436 0.000680 0
1151 440 1160 458 0.000680 0
479 182 494 215 0.000680 0
510 409 529 435 0.000678 0
998 381 1023 413 0.000677 0
765 201 787 235 0.000673 0
1011 424 1024 439 0.000669 0
305 64 449 205 0.000669 0
805 209 834 239 0.000666 0
802 440 817 454 0.000665 0
772 459 790 473 0.000664 0
1092 455 1104 472 0.000664 0
325 64 682 230 0.000663 0
1231 468 1242 483 0.000662 0
840 459 874 479 0.000661 0
597 359 624 393 0.000661 0
135 214 147 235 0.000653 0
657 421 676 439 0.000652 0
1243 457 1264 483 0.000643 0
501 410 524 429 0.000641 0
1178 350 1218 415 0.000639 0
551 173 577 216 0.000636 0
982 455 993 464 0.000632 0
318 64 431 205 0.000629 0
911 378 922 408 0.000629 0
881 432 900 457 0.000629 0
0 64 65 335 0.000629 0
1161 377 1166 383 0.000629 0
907 336 923 346 0.000627 0
799 419 818 440 0.000626 0
955 369 990 426 0.000626 0
1173 362 1216 418 0.000625 0
951 349 979 404 0.000625 0
1151 376 1161 399 0.000623 0
660 207 680 232 0.000622 0
93 64 341 205 0.000621 0
935 455 943 464 0.000621 0
703 426 720 470 0.000620 0
616 187 624 203 0.000619 0
1093 452 1104 470 0.000618 0
89 64 335 230 0.000616 0
974 366 993 415 0.000616 0
892 426 913 458 0.000614 0
1045 412 1063 425 0.000613 0
1095 439 1103 452 0.000613 0
732 324 744 338 0.000612 0
847 435 882 466 0.000612 0
0 64 18 215 0.000611 0
386 197 396 206 0.000610 0
1260 106 1279 184 0.000610 0
575 435 594 462 0.000610 0
1082 489 1106 506 0.000606 0
329 64 548 360 0.000603 0
1003 374 1023 401 0.000602 0
949 455 960 465 0.000601 0
630 684 653 703 0.000601 0
1261 131 1279 182 0.000600 0
1203 167 1230 223 0.000600 0
815 471 828 477 0.000598 0
1208 507 1215 516 0.000595 0
1191 471 1200 479 0.000593 0
602 359 624 376 0.000593 0
1016 478 1024 490 0.000593 0
692 175 704 200 0.000590 0
860 442 888 480 0.000590 0
847 180 868 237 0.000589 0
929 377 946 409 0.000585 0
1112 503 1120 520 0.000584 0
655 664 672 702 0.000584 0
1176 488 1185 504 0.000582 0
983 441 992 455 0.000581 0
1176 204 1195 241 0.000581 0
974 201 984 215 0.000578 0
681 203 692 216 0.000577 0
647 409 666 431 0.000576 0
706 410 720 443 0.000576 0
1151 390 1159 400 0.000570 0
861 424 877 450 0.000570 0
665 423 699 440 0.000566 0
569 582 590 616 0.000564 0
665 191 671 216 0.000563 0
830 334 844 362 0.000563 0
1261 94 1279 175 0.000562 0
866 206 888 240 0.000562 0
0 64 56 220 0.000561 0
1152 440 1167 458 0.000559 0
327 64 680 213 0.000559 0
241 209 259 253 0.000556 0
782 317 836 344 0.000555 0
916 375 928 406 0.000554 0
1190 356 1214 393 0.000547 0
1036 447 1048 465 0.000546 0
494 409 517 427 0.000546 0
511 335 522 349 0.000546 0
615 358 624 375 0.000540 0
1086 490 1097 504 0.000539 0
367 207 377 220 0.000539 0
1040 411 1049 424 0.000538 0
926 429 934 444 0.000537 0
110 203 133 240 0.000536 0
1250 424 1264 440 0.000536 0
911 376 924 407 0.000535 0
654 419 666 434 0.000535 0
1231 162 1279 386 0.000533 0
1262 168 1279 231 0.000533 0
154 64 263 224 0.000533 0
1154 471 1169 479 0.000533 0
1171 346 1212 391 0.000531 0
1263 65 1279 182 0.000530 0
1055 424 1074 465 0.000529 0
317 64 368 178 0.000528 0
1255 426 1264 441 0.000528 0
968 448 976 461 0.000526 0
1071 442 1080 456 0.000526 0
781 418 807 451 0.000524 0
670 382 688 426 0.000523 0
562 200 577 216 0.000521 0
994 381 1023 423 0.000521 0
1234 473 1251 511 0.000520 0
320 625 328 648 0.000520 0
857 405 864 414 0.000519 0
1165 344 1194 397 0.000519 0
999 515 1008 537 0.000519 0
1008 470 1015 482 0.000518 0
864 434 940 486 0.000517 0
943 381 950 395 0.000516 0
1113 392 1127 412 0.000515 0
567 535 576 558 0.000513 0
947 355 981 460 0.000511 0
659 409 672 432 0.000511 0
957 380 976 427 0.000510 0
125 211 135 226 0.000509 0
1183 497 1202 511 0.000508 0
688 204 715 276 0.000508 0
1125 446 1136 473 0.000504 0
630 687 652 703 0.000502 0
654 199 662 216 0.000501 0
367 207 375 231 0.000501 0
406 251 413 271 0.000499 0
111 220 124 253 0.000499 0
0 64 35 202 0.000499 0
1079 490 1142 509 0.000498 0
751 316 766 344 0.000497 0
0 65 76 224 0.000497 0
1247 413 1254 427 0.000496 0
1239 478 1249 486 0.000491 0
1197 376 1231 417 0.000490 0
415 252 420 270 0.000489 0
1096 400 1103 417 0.000488 0
1151 450 1160 470 0.000487 0
620 423 640 460 0.000487 0
314 64 368 199 0.000485 0
1235 470 1251 485 0.000485 0
1039 470 1061 496 0.000481 0
1182 495 1226 513 0.000480 0
246 278 256 295 0.000478 0
908 336 924 378 0.000478 0
716 404 762 461 0.000477 0
938 348 986 403 0.000477 0
963 363 1004 425 0.000476 0
788 328 810 363 0.000476 0
848 209 871 282 0.000476 0
1149 331 1190 399 0.000475 0
943 357 979 405 0.000475 0
1231 469 1250 492 0.000475 0
993 380 1018 406 0.000473 0
1150 339 1169 400 0.000472 0
800 413 816 433 0.000472 0
991 350 1002 371 0.000470 0
1230 178 1280 356 0.000469 0
1022 424 1033 441 0.000467 0
431 518 441 550 0.000467 0
1117 64 1156 117 0.000467 0
1121 64 1153 77 0.000464 0
1232 99 1279 186 0.000464 0
725 407 774 459 0.000464 0
431 217 439 226 0.000462 0
496 77 506 92 0.000462 0
324 64 649 235 0.000462 0
1071 195 1093 224 0.000461 0
866 210 882 241 0.000460 0
733 442 756 469 0.000460 0
1071 424 1080 437 0.000460 0
564 65 664 217 0.000459 0
1218 453 1223 466 0.000459 0
1045 411 1059 439 0.000459 0
848 203 871 280 0.000459 0
983 358 1024 403 0.000457 0
1080 696 1089 703 0.000455 0
567 583 579 617 0.000455 0
989 357 1000 379 0.000454 0
735 679 764 703 0.000453 0
669 207 685 235 0.000452 0
1043 417 1057 456 0.000451 0
1025 423 1040 454 0.000451 0
908 336 926 348 0.000451 0
812 461 832 474 0.000450 0
1080 401 1088 411 0.000449 0
110 203 129 231 0.000448 0
247 279 255 294 0.000448 0
547 64 654 214 0.000448 0
646 386 664 417 0.000444 0
903 336 924 346 0.000443 0
849 199 903 287 0.000442 0
908 336 931 402 0.000442 0
910 348 929 407 0.000438 0
1085 487 1098 502 0.000437 0
771 195 795 234 0.000435 0
783 196 801 238 0.000435 0
1201 408 1216 440 0.000435 0
870 422 881 435 0.000435 0
496 193 530 254 0.000434 0
1038 192 1058 225 0.000434 0
712 200 736 271 0.000434 0
651 671 672 703 0.000433 0
636 163 659 201 0.000433 0
1208 379 1232 424 0.000432 0
1152 497 1187 512 0.000432 0
1136 502 1144 509 0.000432 0
152 64 405 212 0.000432 0
1221 408 1232 423 0.000432 0
751 315 765 345 0.000431 0
932 376 946 393 0.000431 0
1184 166 1223 212 0.000430 0
158 64 258 214 0.000429 0
326 64 643 209 0.000427 0
543 64 590 208 0.000426 0
1239 455 1264 473 0.000426 0
855 434 932 486 0.000425 0
1263 73 1279 153 0.000424 0
737 422 755 445 0.000424 0
713 408 783 472 0.000421 0
1218 423 1233 433 0.000420 0
570 64 656 216 0.000419 0
1214 369 1231 404 0.000419 0
1192 199 1220 224 0.000419 0
980 378 1024 418 0.000418 0
905 336 931 385 0.000414 0
996 375 1023 400 0.000413 0
1 64 333 245 0.000412 0
783 318 811 344 0.000412 0
931 386 945 424 0.000410 0
980 358 1012 397 0.000410 0
672 390 688 424 0.000409 0
1016 486 1023 494 0.000409 0
868 326 880 342 0.000408 0
823 481 848 513 0.000408 0
1144 377 1151 384 0.000408 0
944 382 954 405 0.000408 0
1220 448 1232 472 0.000407 0
577 583 592 616 0.000407 0
1027 491 1039 501 0.000407 0
1095 499 1104 511 0.000406 0
1047 455 1056 465 0.000402 0
803 271 850 344 0.000402 0
376 184 396 205 0.000402 0
207 394 224 416 0.000402 0
935 427 944 441 0.000401 0
163 64 412 240 0.000401 0
952 438 963 455 0.000400 0
1195 367 1225 413 0.000397 0
1069 455 1082 471 0.000397 0
1039 469 1072 496 0.000396 0
958 423 970 456 0.000394 0
576 168 599 192 0.000394 0
829 331 847 363 0.000393 0
205 200 224 227 0.000393 0
369 202 384 218 0.000392 0
724 432 797 474 0.000391 0
1149 327 1176 401 0.000391 0
929 345 987 408 0.000389 0
1195 182 1222 215 0.000388 0
510 64 585 221 0.000387 0
1227 166 1258 236 0.000386 0
313 65 421 210 0.000386 0
976 448 983 456 0.000386 0
316 64 431 188 0.000385 0
1218 196 1275 266 0.000384 0
65 64 132 201 0.000384 0
1148 329 1173 401 0.000384 0
844 182 929 285 0.000383 0
1151 438 1168 473 0.000382 0
1071 192 1092 209 0.000381 0
907 336 927 388 0.000381 0
1215 422 1230 435 0.000380 0
927 445 944 462 0.000379 0
1239 448 1248 456 0.000379 0
1119 443 1136 473 0.000378 0
831 416 848 440 0.000378 0
1117 64 1137 130 0.000377 0
1191 460 1200 474 0.000376 0
1228 345 1270 407 0.000375 0
496 510 504 522 0.000374 0
1216 444 1225 456 0.000372 0
930 436 944 454 0.000370 0
274 199 287 223 0.000370 0
767 198 794 236 0.000369 0
208 395 224 414 0.000369 0
898 415 912 424 0.000369 0
528 424 559 434 0.000365 0
1120 313 1139 347 0.000362 0
1216 407 1227 424 0.000362 0
1191 372 1279 422 0.000361 0
609 175 621 186 0.000361 0
255 65 338 203 0.000359 0
1025 361 1041 408 0.000359 0
847 429 859 454 0.000358 0
868 443 932 487 0.000358 0
923 422 940 453 0.000358 0
255 64 356 198 0.000358 0
926 351 944 388 0.000357 0
930 382 946 410 0.000357 0
784 324 843 344 0.000357 0
460 194 481 213 0.000356 0
740 200 749 216 0.000355 0
849 241 865 312 0.000353 0
1232 475 1261 511 0.000353 0
1192 374 1253 422 0.000353 0
0 64 137 280 0.000351 0
1118 443 1133 471 0.000349 0
1246 347 1266 391 0.000349 0
284 189 324 374 0.000349 0
318 64 382 181 0.000348 0
927 378 945 407 0.000347 0
502 695 518 703 0.000346 0
174 207 183 216 0.000346 0
910 438 935 456 0.000345 0
66 64 212 168 0.000344 0
597 405 608 426 0.000344 0
309 64 439 227 0.000343 0
1228 334 1274 404 0.000343 0
906 336 924 350 0.000343 0
360 64 494 215 0.000340 0
671 403 688 435 0.000339 0
767 468 776 481 0.000338 0
1120 311 1169 345 0.000337 0
497 398 546 434 0.000336 0
1025 425 1040 454 0.000336 0
1039 421 1049 437 0.000336 0
607 377 621 423 0.000335 0
1134 485 1177 509 0.000334 0
275 199 286 217 0.000333 0
1117 64 1163 138 0.000332 0
913 373 928 403 0.000332 0
157 71 215 219 0.000332 0
560 411 585 432 0.000332 0
146 64 419 202 0.000331 0
830 461 863 479 0.000331 0
496 81 505 93 0.000331 0
1251 425 1265 458 0.000329 0
1140 318 1171 359 0.000327 0
874 470 898 486 0.000324 0
157 64 485 248 0.000324 0
255 65 324 170 0.000323 0
590 408 622 437 0.000323 0
541 64 595 217 0.000323 0
655 664 672 699 0.000322 0
371 69 498 218 0.000322 0
374 66 446 213 0.000322 0
1203 254 1224 273 0.000322 0
480 445 496 454 0.000321 0
918 394 928 408 0.000321 0
799 409 810 422 0.000321 0
66 64 176 187 0.000321 0
622 424 636 436 0.000321 0
1246 421 1265 461 0.000320 0
388 185 398 205 0.000320 0
1245 352 1261 376 0.000320 0
631 201 657 231 0.000319 0
942 368 951 393 0.000319 0
1133 491 1148 508 0.000318 0
1011 426 1025 441 0.000318 0
1120 316 1139 362 0.000316 0
308 64 369 196 0.000316 0
384 64 498 237 0.000315 0
126 206 136 224 0.000314 0
857 419 935 485 0.000313 0
745 408 785 457 0.000312 0
856 212 897 278 0.000312 0
0 77 20 226 0.000312 0
956 412 972 455 0.000312 0
698 328 703 338 0.000312 0
776 407 783 415 0.000312 0
65 64 139 206 0.000310 0
1233 411 1241 425 0.000310 0
261 194 324 379 0.000309 0
927 353 940 381 0.000309 0
811 303 848 343 0.000309 0
1064 191 1113 249 0.000309 0
315 64 437 169 0.000309 0
63 476 81 526 0.000308 0
623 407 644 424 0.000308 0
950 382 959 395 0.000307 0
1082 149 1279 265 0.000307 0
1222 446 1232 456 0.000307 0
657 315 689 377 0.000306 0
928 358 1023 424 0.000305 0
581 64 672 220 0.000305 0
339 65 449 225 0.000304 0
1159 424 1168 439 0.000304 0
148 64 459 211 0.000302 0
925 376 947 417 0.000302 0
831 474 848 513 0.000302 0
1264 64 1279 81 0.000301 0
1119 64 1135 77 0.000301 0
1039 457 1048 470 0.000300 0
849 433 930 486 0.000300 0
494 391 520 428 0.000300 0
881 473 929 489 0.000299 0
719 412 737 444 0.000299 0
1059 484 1090 503 0.000298 0
800 419 826 455 0.000298 0
1108 306 1134 342 0.000298 0
1 65 353 397 0.000297 0
1119 501 1129 509 0.000297 0
656 318 686 377 0.000296 0
518 393 529 430 0.000295 0
441 209 449 218 0.000295 0
302 241 320 313 0.000295 0
575 64 668 218 0.000294 0
496 64 585 196 0.000293 0
1197 372 1279 423 0.000292 0
1058 430 1072 461 0.000292 0
591 363 611 420 0.000291 0
592 390 608 425 0.000291 0
840 436 887 478 0.000290 0
847 267 863 311 0.000290 0
1054 424 1068 463 0.000289 0
1040 64 1163 222 0.000289 0
896 519 903 527 0.000289 0
1228 164 1247 208 0.000288 0
1156 457 1168 476 0.000286 0
428 64 497 247 0.000284 0
270 388 288 400 0.000284 0
631 677 649 703 0.000284 0
1231 195 1279 396 0.000283 0
6 65 80 220 0.000283 0
1039 426 1049 448 0.000282 0
1222 471 1232 482 0.000282 0
1210 366 1219 395 0.000281 0
831 440 846 450 0.000280 0
66 64 132 163 0.000280 0
922 347 988 441 0.000279 0
365 185 375 200 0.000279 0
926 373 946 426 0.000279 0
1014 360 1023 376 0.000279 0
706 230 734 272 0.000278 0
948 377 966 407 0.000278 0
695 475 704 488 0.000278 0
934 411 943 424 0.000278 0
988 376 1015 401 0.000278 0
1221 454 1231 478 0.000277 0
927 355 945 397 0.000276 0
985 207 1091 325 0.000275 0
255 64 336 190 0.000274 0
1168 411 1177 423 0.000274 0
699 421 720 451 0.000273 0
661 312 686 375 0.000273 0
927 353 945 390 0.000273 0
236 204 267 261 0.000272 0
1111 441 1120 469 0.000272 0
848 211 870 254 0.000272 0
701 233 715 275 0.000271 0
208 182 224 226 0.000271 0
301 246 321 314 0.000271 0
911 384 921 409 0.000270 0
1246 89 1279 180 0.000270 0
951 422 967 456 0.000270 0
1057 431 1074 466 0.000269 0
1135 489 1166 511 0.000269 0
812 300 840 343 0.000269 0
1167 477 1179 491 0.000268 0
519 392 528 407 0.000268 0
628 661 672 703 0.000268 0
933 419 944 442 0.000268 0
66 64 150 192 0.000267 0
495 391 509 422 0.000267 0
927 377 944 396 0.000267 0
94 65 337 251 0.000266 0
727 411 820 474 0.000266 0
1232 425 1241 440 0.000266 0
989 182 1011 221 0.000266 0
1000 381 1023 427 0.000265 0
1135 487 1151 501 0.000265 0
751 311 768 344 0.000265 0
952 443 961 458 0.000265 0
591 360 624 392 0.000265 0
817 417 837 457 0.000264 0
0 103 30 265 0.000264 0
574 406 609 441 0.000263 0
955 401 976 456 0.000263 0
1023 486 1042 502 0.000263 0
908 338 936 389 0.000262 0
945 374 974 409 0.000261 0
1014 425 1039 454 0.000261 0
873 259 918 345 0.000260 0
559 437 584 455 0.000260 0
823 420 836 438 0.000260 0
885 417 907 455 0.000260 0
859 412 929 482 0.000259 0
60 64 129 199 0.000259 0
1151 409 1170 424 0.000259 0
159 64 257 172 0.000258 0
1239 412 1247 429 0.000258 0
632 202 657 224 0.000257 0
965 434 975 451 0.000257 0
1151 456 1163 474 0.000257 0
821 313 848 343 0.000257 0
64 64 127 161 0.000256 0
1068 420 1088 456 0.000256 0
1101 454 1115 471 0.000256 0
598 576 614 616 0.000255 0
975 346 995 381 0.000255 0
932 472 944 484 0.000255 0
495 504 505 522 0.000255 0
992 441 1001 456 0.000255 0
244 175 325 382 0.000255 0
704 349 720 410 0.000255 0
251 66 343 215 0.000253 0
784 323 815 395 0.000253 0
910 340 936 403 0.000252 0
527 64 734 232 0.000252 0
910 343 1018 403 0.000252 0
172 64 448 205 0.000252 0
752 202 771 233 0.000251 0
312 195 333 231 0.000250 0
1119 460 1130 475 0.000250 0
907 336 926 351 0.000249 0
165 206 178 216 0.000249 0
651 201 663 217 0.000248 0
1094 408 1103 431 0.000248 0
1210 374 1262 425 0.000247 0
716 391 785 473 0.000247 0
492 64 586 225 0.000247 0
948 415 970 454 0.000246 0
831 470 848 493 0.000246 0
765 152 800 237 0.000246 0
1040 391 1079 426 0.000246 0
865 330 880 343 0.000246 0
802 326 846 363 0.000245 0
1141 409 1156 423 0.000245 0
116 64 258 200 0.000245 0
274 199 287 232 0.000244 0
1099 305 1136 348 0.000244 0
1071 398 1079 408 0.000244 0
895 322 904 343 0.000244 0
295 223 321 309 0.000244 0
863 333 880 343 0.000244 0
1165 471 1189 479 0.000243 0
891 439 918 462 0.000242 0
1055 474 1089 501 0.000242 0
1054 454 1074 469 0.000242 0
1005 431 1022 453 0.000242 0
1079 406 1088 424 0.000242 0
705 352 720 407 0.000242 0
1 64 80 214 0.000241 0
1111 440 1119 451 0.000241 0
852 438 931 486 0.000241 0
832 480 841 504 0.000241 0
965 426 976 448 0.000241 0
1137 405 1173 423 0.000240 0
1018 186 1152 263 0.000239 0
1040 408 1052 423 0.000239 0
192 64 441 207 0.000238 0
522 393 544 428 0.000238 0
147 64 257 168 0.000238 0
892 267 932 346 0.000237 0
824 454 842 474 0.000237 0
1071 392 1079 406 0.000237 0
806 472 816 477 0.000236 0
354 190 367 199 0.000236 0
848 398 855 409 0.000236 0
156 81 213 225 0.000236 0
493 64 584 161 0.000236 0
990 341 1009 379 0.000234 0
1223 165 1253 235 0.000234 0
777 436 881 480 0.000234 0
443 158 493 238 0.000233 0
509 65 688 226 0.000233 0
1008 357 1024 376 0.000233 0
1176 412 1183 423 0.000233 0
287 237 319 314 0.000232 0
1140 389 1153 407 0.000231 0
829 475 843 511 0.000231 0
1263 64 1279 118 0.000231 0
1267 137 1279 173 0.000230 0
341 64 497 213 0.000230 0
871 420 889 449 0.000230 0
0 116 29 331 0.000230 0
989 187 1008 221 0.000230 0
0 64 75 206 0.000230 0
271 388 288 399 0.000229 0
1070 695 1086 703 0.000229 0
194 188 203 211 0.000229 0
1137 292 1168 347 0.000229 0
544 64 589 177 0.000228 0
549 261 597 461 0.000228 0
1103 498 1119 511 0.000227 0
1013 64 1104 204 0.000227 0
928 353 944 383 0.000227 0
1060 423 1075 462 0.000227 0
0 79 70 224 0.000226 0
287 231 327 382 0.000226 0
64 64 196 165 0.000226 0
1120 323 1136 363 0.000225 0
598 534 609 568 0.000225 0
63 473 81 527 0.000224 0
706 187 771 228 0.000224 0
285 263 299 313 0.000224 0
656 312 684 376 0.000223 0
932 370 1023 420 0.000223 0
781 315 801 343 0.000222 0
363 66 455 219 0.000222 0
671 461 683 488 0.000222 0
1004 67 1047 172 0.000222 0
0 399 32 459 0.000222 0
774 411 784 427 0.000222 0
1235 446 1279 514 0.000222 0
1074 388 1089 409 0.000222 0
806 366 815 392 0.000222 0
1145 305 1176 347 0.000222 0
860 418 945 485 0.000221 0
113 392 128 403 0.000221 0
1170 455 1184 471 0.000221 0
1055 423 1064 434 0.000221 0
347 64 443 204 0.000220 0
913 181 956 209 0.000220 0
238 65 327 198 0.000220 0
859 325 880 343 0.000220 0
1209 365 1280 426 0.000220 0
1234 336 1279 405 0.000220 0
208 64 325 228 0.000219 0
593 421 645 463 0.000219 0
1033 64 1128 210 0.000219 0
776 395 783 411 0.000219 0
483 391 517 427 0.000218 0
479 64 683 223 0.000218 0
839 437 931 486 0.000218 0
1109 397 1127 417 0.000218 0
829 435 932 486 0.000218 0
831 417 847 438 0.000217 0
320 623 329 648 0.000216 0
1219 296 1279 423 0.000216 0
799 458 828 472 0.000216 0
184 191 191 205 0.000215 0
1199 396 1214 440 0.000215 0
831 416 848 449 0.000215 0
1186 456 1200 472 0.000215 0
1119 313 1136 363 0.000215 0
879 408 887 428 0.000215 0
1119 406 1128 423 0.000215 0
850 233 873 294 0.000215 0
1214 64 1232 116 0.000213 0
1125 277 1145 344 0.000212 0
1229 440 1271 473 0.000211 0
1204 368 1279 428 0.000211 0
484 192 531 250 0.000211 0
1184 444 1190 456 0.000210 0
67 64 192 210 0.000210 0
905 327 928 345 0.000210 0
659 277 703 370 0.000210 0
808 384 815 405 0.000209 0
911 440 926 455 0.000209 0
1103 455 1113 472 0.000209 0
799 454 832 472 0.000208 0
632 473 639 482 0.000208 0
832 417 848 447 0.000207 0
713 338 781 474 0.000206 0
781 327 811 360 0.000206 0
399 64 684 232 0.000205 0
1143 409 1166 424 0.000205 0
989 207 1091 333 0.000205 0
799 414 830 452 0.000204 0
151 65 416 260 0.000204 0
556 588 569 618 0.000203 0
1264 68 1279 106 0.000202 0
179 64 456 238 0.000202 0
156 208 169 238 0.000202 0
575 281 596 354 0.000201 0
1016 336 1024 344 0.000201 0
35 64 136 212 0.000201 0
1025 372 1041 408 0.000200 0
367 72 501 226 0.000200 0
975 694 987 703 0.000198 0
719 335 736 375 0.000198 0
376 184 396 203 0.000198 0
476 200 486 222 0.000198 0
818 438 834 454 0.000197 0
1226 97 1253 188 0.000197 0
600 365 658 431 0.000197 0
500 376 625 462 0.000196 0
803 184 849 218 0.000196 0
916 428 929 443 0.000196 0
671 400 694 439 0.000195 0
155 71 270 227 0.000195 0
709 559 721 614 0.000195 0
1243 367 1279 425 0.000195 0
799 440 822 456 0.000195 0
872 496 878 503 0.000194 0
828 315 848 343 0.000194 0
255 64 364 191 0.000194 0
108 67 219 216 0.000194 0
302 251 325 314 0.000193 0
784 298 843 344 0.000193 0
100 65 217 168 0.000193 0
238 211 258 256 0.000193 0
211 188 246 245 0.000193 0
663 294 687 350 0.000193 0
575 365 592 434 0.000192 0
1181 388 1207 409 0.000192 0
318 248 336 351 0.000192 0
1263 64 1279 103 0.000192 0
982 481 991 487 0.000192 0
636 648 673 703 0.000192 0
703 370 720 407 0.000192 0
245 276 257 318 0.000191 0
1116 439 1133 457 0.000191 0
986 65 1101 236 0.000191 0
575 364 592 451 0.000191 0
193 188 202 215 0.000191 0
1104 297 1134 333 0.000191 0
1071 405 1084 423 0.000190 0
784 186 800 222 0.000190 0
307 151 390 337 0.000190 0
706 200 753 234 0.000190 0
501 696 522 703 0.000190 0
119 64 503 275 0.000190 0
913 472 940 486 0.000190 0
286 251 321 314 0.000189 0
576 284 594 333 0.000189 0
989 379 1023 425 0.000189 0
302 245 326 317 0.000189 0
299 240 321 311 0.000188 0
1264 65 1279 83 0.000188 0
1215 357 1226 382 0.000188 0
240 197 271 244 0.000188 0
1119 309 1136 391 0.000187 0
427 64 497 132 0.000187 0
252 64 322 165 0.000186 0
438 195 452 211 0.000186 0
1257 476 1279 704 0.000186 0
180 391 211 452 0.000185 0
876 258 915 345 0.000185 0
757 211 767 232 0.000184 0
1200 406 1209 440 0.000184 0
806 366 815 381 0.000183 0
1087 65 1280 274 0.000183 0
703 356 720 408 0.000183 0
604 577 617 616 0.000183 0
590 360 620 405 0.000182 0
21 64 135 214 0.000182 0
915 345 987 413 0.000181 0
1211 462 1265 512 0.000181 0
1216 583 1224 601 0.000180 0
1177 65 1280 272 0.000179 0
1246 74 1265 169 0.000179 0
299 233 321 350 0.000179 0
318 68 532 354 0.000179 0
1273 154 1279 179 0.000179 0
0 64 127 218 0.000179 0
1136 390 1178 411 0.000179 0
434 183 445 204 0.000179 0
689 190 733 241 0.000179 0
1041 428 1056 457 0.000179 0
750 436 775 494 0.000178 0
289 66 355 201 0.000178 0
1085 346 1095 360 0.000177 0
153 64 482 341 0.000177 0
920 344 945 384 0.000177 0
0 64 67 186 0.000176 0
1136 378 1154 408 0.000176 0
65 64 168 158 0.000176 0
1205 481 1239 511 0.000176 0
174 185 184 207 0.000176 0
244 194 384 392 0.000175 0
573 389 609 424 0.000175 0
504 315 522 350 0.000174 0
496 81 505 93 0.000174 0
494 391 526 429 0.000174 0
655 664 671 695 0.000173 0
382 342 393 375 0.000172 0
670 313 696 376 0.000172 0
1263 65 1279 126 0.000172 0
1169 457 1185 476 0.000171 0
674 194 748 315 0.000171 0
1134 172 1182 243 0.000170 0
1055 431 1071 462 0.000170 0
1 64 138 196 0.000170 0
359 72 500 252 0.000169 0
1013 406 1024 424 0.000169 0
1264 425 1279 463 0.000169 0
0 271 40 419 0.000169 0
914 342 993 414 0.000168 0
839 398 847 410 0.000168 0
574 535 585 559 0.000168 0
386 184 399 204 0.000168 0
427 64 497 217 0.000168 0
4 64 132 180 0.000168 0
832 443 841 457 0.000167 0
590 407 602 422 0.000167 0
896 408 913 425 0.000167 0
1116 64 1162 103 0.000167 0
995 423 1016 442 0.000166 0
111 64 260 167 0.000165 0
286 237 322 381 0.000165 0
1189 489 1213 504 0.000165 0
1170 443 1184 456 0.000165 0
704 325 720 383 0.000165 0
207 394 224 425 0.000164 0
239 228 258 263 0.000164 0
1078 335 1102 360 0.000163 0
422 64 497 141 0.000163 0
765 203 783 236 0.000161 0
717 378 828 475 0.000161 0
737 682 765 702 0.000161 0
704 337 719 390 0.000161 0
1196 379 1218 430 0.000161 0
556 404 588 436 0.000160 0
668 335 694 376 0.000160 0
1222 97 1277 187 0.000160 0
493 391 548 435 0.000160 0
816 407 824 420 0.000160 0
662 299 703 376 0.000160 0
636 64 661 105 0.000160 0
301 241 334 355 0.000159 0
696 197 766 298 0.000159 0
158 64 288 217 0.000159 0
199 199 209 217 0.000159 0
1139 373 1153 405 0.000159 0
943 384 955 408 0.000159 0
437 170 561 302 0.000158 0
833 374 847 391 0.000158 0
993 337 1008 368 0.000158 0
831 492 848 512 0.000157 0
1056 372 1065 387 0.000157 0
1185 528 1192 540 0.000157 0
223 391 240 408 0.000157 0
491 408 588 433 0.000157 0
1180 388 1213 419 0.000156 0
1084 696 1097 703 0.000156 0
1223 201 1279 381 0.000156 0
310 140 375 308 0.000156 0
1052 142 1273 258 0.000156 0
916 421 928 437 0.000156 0
894 407 913 438 0.000155 0
747 202 768 232 0.000155 0
1203 416 1216 440 0.000155 0
752 320 763 345 0.000154 0
286 250 322 382 0.000153 0
107 70 215 226 0.000153 0
942 377 977 425 0.000153 0
743 405 772 431 0.000152 0
786 327 842 362 0.000152 0
631 473 640 488 0.000152 0
489 64 728 224 0.000152 0
1062 404 1078 423 0.000152 0
1134 430 1144 440 0.000151 0
6 64 128 200 0.000151 0
894 260 934 345 0.000151 0
719 444 746 471 0.000151 0
1118 99 1137 142 0.000151 0
153 204 169 233 0.000151 0
1264 439 1279 464 0.000150 0
300 235 337 373 0.000150 0
218 374 240 409 0.000150 0
1191 392 1211 423 0.000150 0
965 458 976 471 0.000150 0
914 341 992 404 0.000150 0
1138 340 1158 406 0.000150 0
193 197 205 216 0.000150 0
1087 156 1147 248 0.000150 0
876 309 912 344 0.000150 0
783 326 815 398 0.000149 0
648 480 656 487 0.000149 0
815 410 827 429 0.000149 0
912 386 929 423 0.000148 0
575 279 595 324 0.000148 0
0 399 27 459 0.000148 0
752 185 768 232 0.000148 0
1165 460 1180 478 0.000148 0
848 243 863 284 0.000147 0
703 346 720 408 0.000147 0
959 461 970 470 0.000147 0
0 569 16 645 0.000147 0
145 64 496 363 0.000147 0
1136 382 1194 424 0.000146 0
1209 360 1279 427 0.000146 0
1136 487 1152 502 0.000146 0
0 273 52 416 0.000146 0
1261 374 1279 499 0.000146 0
343 64 499 173 0.000145 0
831 392 838 403 0.000145 0
703 342 720 412 0.000145 0
400 64 498 224 0.000145 0
669 315 705 372 0.000145 0
1051 73 1095 133 0.000145 0
751 405 770 421 0.000145 0
0 174 6 203 0.000144 0
524 393 538 405 0.000144 0
583 375 609 411 0.000143 0
686 326 704 361 0.000143 0
1125 64 1161 93 0.000143 0
1155 331 1200 359 0.000143 0
710 341 776 470 0.000143 0
1030 411 1041 424 0.000143 0
688 225 706 275 0.000143 0
1252 409 1264 424 0.000143 0
1224 405 1246 424 0.000143 0
256 64 345 172 0.000143 0
939 338 995 395 0.000143 0
693 326 704 345 0.000143 0
1025 360 1040 375 0.000143 0
1092 392 1104 407 0.000143 0
651 291 683 354 0.000142 0
509 393 578 433 0.000142 0
344 64 495 92 0.000142 0
542 64 630 160 0.000142 0
344 64 497 162 0.000141 0
1031 341 1039 360 0.000141 0
929 377 972 425 0.000141 0
1047 411 1097 467 0.000141 0
1053 192 1064 202 0.000141 0
927 691 936 703 0.000141 0
711 335 773 468 0.000141 0
831 392 841 412 0.000140 0
619 688 654 703 0.000140 0
1054 431 1075 466 0.000140 0
1247 82 1267 169 0.000140 0
570 433 609 475 0.000140 0
1028 64 1122 169 0.000139 0
203 372 240 410 0.000139 0
601 64 700 228 0.000138 0
1087 410 1097 430 0.000138 0
469 66 583 215 0.000138 0
664 481 673 488 0.000138 0
1125 176 1152 228 0.000138 0
68 65 214 205 0.000138 0
895 324 922 345 0.000138 0
914 453 953 485 0.000137 0
1070 408 1081 424 0.000137 0
644 64 742 238 0.000137 0
737 695 816 703 0.000136 0
1203 421 1269 464 0.000136 0
790 186 822 232 0.000136 0
620 686 652 703 0.000136 0
319 64 371 108 0.000135 0
1130 64 1280 270 0.000135 0
585 204 599 215 0.000135 0
210 81 322 226 0.000134 0
1094 417 1103 432 0.000134 0
0 268 53 406 0.000134 0
1266 123 1279 172 0.000134 0
1145 328 1199 360 0.000134 0
240 253 258 295 0.000134 0
1039 184 1050 220 0.000133 0
487 468 495 479 0.000133 0
1135 392 1180 424 0.000133 0
1161 328 1218 389 0.000133 0
843 413 897 462 0.000133 0
0 267 46 412 0.000132 0
206 392 224 411 0.000132 0
917 191 1171 264 0.000132 0
991 409 1000 424 0.000131 0
1231 306 1279 418 0.000131 0
523 407 564 428 0.000131 0
487 463 496 475 0.000131 0
716 234 735 273 0.000131 0
544 64 580 89 0.000130 0
1049 65 1278 275 0.000130 0
1061 393 1077 413 0.000130 0
1141 343 1157 390 0.000130 0
1072 503 1081 518 0.000130 0
893 420 935 459 0.000130 0
929 300 945 345 0.000129 0
925 343 960 386 0.000129 0
429 219 440 241 0.000129 0
1119 319 1136 391 0.000129 0
704 318 721 371 0.000128 0
1087 407 1096 417 0.000128 0
765 312 809 344 0.000128 0
106 238 129 296 0.000128 0
553 64 581 94 0.000128 0
895 325 905 344 0.000128 0
524 64 740 222 0.000128 0
217 210 256 255 0.000128 0
847 423 856 441 0.000127 0
790 555 801 600 0.000127 0
199 64 325 188 0.000127 0
955 64 1047 198 0.000127 0
567 536 576 560 0.000127 0
1250 408 1279 443 0.000127 0
763 535 777 570 0.000127 0
892 414 933 453 0.000127 0
1247 420 1279 464 0.000126 0
1136 395 1147 408 0.000126 0
1243 406 1258 424 0.000126 0
324 232 350 273 0.000126 0
1124 424 1170 458 0.000126 0
392 70 500 223 0.000126 0
1208 496 1233 517 0.000126 0
201 371 240 413 0.000125 0
274 241 293 294 0.000125 0
1227 67 1279 265 0.000124 0
705 318 721 361 0.000124 0
940 403 976 443 0.000124 0
0 292 36 430 0.000124 0
545 64 560 78 0.000124 0
285 238 322 351 0.000124 0
367 208 377 232 0.000124 0
637 64 734 241 0.000124 0
1184 505 1196 517 0.000124 0
7 375 32 421 0.000124 0
1267 420 1279 456 0.000124 0
0 161 6 203 0.000123 0
1043 692 1084 703 0.000123 0
720 403 775 441 0.000123 0
1182 439 1193 456 0.000123 0
1108 371 1121 408 0.000123 0
66 64 170 132 0.000123 0
1231 438 1279 469 0.000122 0
1024 410 1034 424 0.000122 0
1101 102 1129 139 0.000122 0
960 198 972 208 0.000122 0
1123 403 1135 423 0.000121 0
1136 373 1203 424 0.000121 0
1061 391 1075 406 0.000121 0
1263 439 1279 486 0.000121 0
436 169 575 256 0.000121 0
598 357 623 376 0.000121 0
1261 480 1279 702 0.000121 0
1063 487 1097 504 0.000121 0
523 64 952 238 0.000121 0
1064 409 1074 423 0.000121 0
823 407 832 416 0.000121 0
638 64 730 229 0.000120 0
643 689 814 703 0.000120 0
904 287 946 347 0.000120 0
262 64 317 126 0.000120 0
1042 691 1087 703 0.000120 0
1030 455 1047 470 0.000120 0
564 430 597 469 0.000119 0
654 450 699 489 0.000119 0
1087 417 1096 432 0.000119 0
1073 342 1089 376 0.000118 0
886 412 900 447 0.000118 0
801 408 815 422 0.000118 0
0 396 105 589 0.000118 0
1253 477 1279 697 0.000118 0
431 518 442 542 0.000118 0
1088 420 1104 456 0.000118 0
544 64 650 201 0.000118 0
68 66 220 229 0.000117 0
107 64 213 164 0.000117 0
928 284 945 344 0.000117 0
310 77 416 202 0.000117 0
608 620 675 703 0.000117 0
907 326 929 346 0.000117 0
572 439 609 472 0.000117 0
637 661 672 702 0.000117 0
685 328 704 371 0.000117 0
330 250 354 348 0.000117 0
0 103 68 224 0.000116 0
383 343 392 362 0.000116 0
1053 391 1065 407 0.000116 0
991 426 1032 457 0.000116 0
432 192 466 224 0.000116 0
320 252 341 350 0.000116 0
1111 502 1120 528 0.000116 0
1111 359 1118 372 0.000115 0
676 209 703 239 0.000115 0
575 356 592 399 0.000115 0
659 282 702 372 0.000115 0
190 392 212 417 0.000114 0
576 359 593 393 0.000114 0
669 450 697 488 0.000114 0
586 360 611 410 0.000114 0
2 397 115 577 0.000114 0
0 373 32 424 0.000114 0
615 471 624 487 0.000114 0
836 197 885 313 0.000114 0
1267 407 1279 449 0.000113 0
1152 525 1163 542 0.000113 0
479 334 496 376 0.000113 0
1162 472 1193 493 0.000113 0
992 424 1043 460 0.000113 0
841 466 882 487 0.000113 0
199 64 330 221 0.000113 0
831 409 838 416 0.000113 0
718 339 846 478 0.000113 0
663 449 708 489 0.000112 0
532 697 550 703 0.000112 0
241 202 333 390 0.000112 0
846 422 874 450 0.000112 0
686 350 694 363 0.000112 0
868 266 907 344 0.000112 0
990 406 1006 423 0.000112 0
155 122 225 229 0.000112 0
678 460 702 488 0.000111 0
1049 109 1085 146 0.000111 0
665 677 715 703 0.000111 0
703 334 721 400 0.000111 0
704 333 720 382 0.000111 0
1126 410 1135 423 0.000111 0
162 64 258 162 0.000111 0
71 64 198 233 0.000111 0
832 398 847 420 0.000111 0
588 530 602 568 0.000111 0
1232 401 1256 424 0.000111 0
990 180 1004 209 0.000111 0
937 64 1245 300 0.000110 0
1101 282 1144 343 0.000110 0
1056 367 1065 380 0.000110 0
212 83 338 240 0.000110 0
438 208 450 234 0.000110 0
1149 377 1213 424 0.000110 0
582 361 637 434 0.000110 0
774 320 841 344 0.000109 0
1071 339 1086 376 0.000109 0
1262 496 1279 700 0.000109 0
1116 97 1153 160 0.000109 0
2 64 276 249 0.000109 0
1184 532 1192 543 0.000109 0
1057 667 1072 693 0.000109 0
782 193 833 238 0.000109 0
1101 76 1233 244 0.000108 0
0 563 16 643 0.000108 0
1252 369 1279 493 0.000108 0
800 372 811 392 0.000108 0
224 211 253 240 0.000107 0
1177 455 1199 472 0.000107 0
1216 456 1225 473 0.000107 0
848 278 881 343 0.000107 0
901 336 925 350 0.000107 0
309 147 366 295 0.000107 0
735 678 782 703 0.000106 0
1176 65 1280 250 0.000106 0
547 64 583 107 0.000106 0
524 495 534 509 0.000106 0
1010 69 1228 254 0.000106 0
335 371 352 411 0.000106 0
1213 264 1233 315 0.000106 0
1104 346 1119 380 0.000106 0
859 394 872 411 0.000106 0
1070 332 1096 405 0.000106 0
1078 341 1094 360 0.000105 0
751 442 770 489 0.000105 0
1134 479 1189 510 0.000105 0
820 437 884 480 0.000105 0
1252 407 1265 423 0.000105 0
819 278 856 344 0.000105 0
934 419 967 457 0.000105 0
1172 104 1232 242 0.000105 0
1040 64 1137 141 0.000105 0
849 256 875 311 0.000104 0
972 167 995 209 0.000104 0
751 317 768 344 0.000104 0
704 323 720 377 0.000104 0
553 64 581 90 0.000104 0
1153 64 1280 273 0.000104 0
1064 435 1109 473 0.000104 0
1009 463 1025 483 0.000104 0
767 470 775 488 0.000103 0
383 362 392 375 0.000103 0
776 330 790 344 0.000103 0
806 390 815 408 0.000103 0
586 358 615 392 0.000103 0
998 436 1011 453 0.000103 0
1268 408 1279 425 0.000103 0
955 685 968 699 0.000103 0
1127 503 1136 519 0.000102 0
286 247 327 380 0.000102 0
616 471 624 481 0.000102 0
23 64 174 149 0.000102 0
1101 105 1131 154 0.000102 0
63 466 81 530 0.000102 0
1270 407 1279 423 0.000102 0
153 64 308 92 0.000102 0
1199 64 1218 118 0.000102 0
678 695 706 703 0.000102 0
662 459 673 486 0.000101 0
1116 101 1149 157 0.000101 0
1104 601 1112 615 0.000101 0
1264 407 1279 425 0.000101 0
298 252 338 376 0.000101 0
280 225 322 303 0.000101 0
63 494 80 581 0.000101 0
161 64 276 179 0.000101 0
126 64 258 159 0.000101 0
730 199 755 233 0.000100 0
952 495 959 504 0.000100 0
0 300 44 431 0.000100 0
894 359 1004 475 0.000100 0
516 222 555 255 0.825574 1
1027 248 1111 340 0.802148 1
1106 214 1167 261 0.509357 1
1104 223 1167 262 0.396805 1
1114 222 1166 261 0.258013 1
1111 223 1166 261 0.225076 1
1099 214 1167 261 0.198512 1
19 219 71 257 0.070666 1
896 208 931 271 0.055877 1
504 221 555 255 0.054944 1
48 224 98 257 0.049669 1
47 230 72 256 0.042029 1
911 208 939 265 0.041159 1
1102 222 1155 260 0.037695 1
896 217 934 271 0.036993 1
47 226 73 256 0.036724 1
920 231 939 256 0.034446 1
20 223 71 259 0.032153 1
22 216 42 252 0.031598 1
20 217 42 254 0.031301 1
47 233 72 256 0.030891 1
922 231 943 259 0.030075 1
47 225 79 256 0.027724 1
1101 220 1123 260 0.027458 1
48 223 73 256 0.026293 1
1102 222 1130 261 0.025767 1
1048 250 1112 340 0.025692 1
922 231 940 258 0.025164 1
921 232 944 256 0.025118 1
1101 218 1117 256 0.025077 1
48 236 71 256 0.024966 1
20 217 68 258 0.022883 1
896 212 934 276 0.022491 1
19 226 72 258 0.022198 1
21 222 42 257 0.021758 1
517 216 553 256 0.020789 1
0 217 71 259 0.020534 1
38 225 72 256 0.020532 1
0 226 50 259 0.020342 1
0 230 41 259 0.019054 1
903 212 940 273 0.018917 1
897 198 934 274 0.018637 1
48 227 99 257 0.017496 1
22 230 42 257 0.017031 1
505 216 556 254 0.015965 1
18 227 42 257 0.015808 1
21 216 58 258 0.015362 1
14 229 43 257 0.015284 1
1136 214 1154 250 0.015158 1
1118 226 1166 260 0.014511 1
921 233 941 266 0.014369 1
20 215 43 252 0.014318 1
918 222 940 255 0.014222 1
24 215 42 252 0.014165 1
52 224 97 256 0.013584 1
0 221 42 259 0.012888 1
49 223 87 254 0.012555 1
916 222 937 256 0.011912 1
1089 219 1160 262 0.011373 1
1136 213 1152 249 0.011240 1
918 206 945 255 0.010382 1
59 225 99 257 0.010120 1
0 227 41 258 0.010094 1
895 199 936 296 0.010083 1
1103 221 1119 249 0.010033 1
1069 255 1111 340 0.009576 1
1108 210 1168 260 0.009427 1
1138 214 1164 250 0.009143 1
1102 225 1129 261 0.009070 1
896 238 914 270 0.008858 1
1137 214 1163 251 0.006875 1
516 219 555 256 0.006835 1
921 232 944 266 0.006262 1
16 220 73 275 0.006180 1
949 273 960 302 0.006179 1
1088 214 1107 267 0.006075 1
75 225 99 257 0.005591 1
495 222 556 255 0.005543 1
54 223 95 242 0.005497 1
897 224 929 292 0.005330 1
1102 224 1125 261 0.005146 1
60 226 99 257 0.005104 1
506 228 533 253 0.004865 1
866 193 943 280 0.004855 1
110 235 195 264 0.004589 1
108 236 159 256 0.004582 1
1035 250 1110 340 0.004476 1
861 236 917 288 0.004303 1
948 273 960 303 0.004283 1
67 224 96 237 0.004144 1
904 222 935 295 0.004049 1
894 265 911 293 0.004046 1
865 226 935 281 0.003951 1
925 273 960 303 0.003907 1
123 235 195 263 0.003855 1
895 259 913 292 0.003848 1
906 230 943 287 0.003780 1
1111 201 1165 258 0.003755 1
78 236 99 257 0.003684 1
501 232 533 254 0.003662 1
1143 309 1169 358 0.003655 1
22 215 51 252 0.003654 1
863 232 915 285 0.003628 1
1031 261 1111 342 0.003577 1
516 224 554 256 0.003562 1
930 273 960 303 0.003553 1
1143 309 1169 350 0.003544 1
78 235 99 256 0.003476 1
104 236 160 264 0.003458 1
0 232 38 258 0.003437 1
864 218 915 276 0.003429 1
1076 270 1111 340 0.003421 1
898 270 961 306 0.003404 1
115 235 194 263 0.003315 1
0 221 58 259 0.003110 1
1049 243 1086 335 0.003106 1
1039 261 1111 340 0.003038 1
158 226 211 262 0.002921 1
1112 229 1158 262 0.002898 1
1070 211 1093 233 0.002855 1
65 233 192 264 0.002752 1
894 266 910 290 0.002719 1
114 236 157 254 0.002668 1
1049 250 1087 325 0.002649 1
894 265 916 304 0.002642 1
1072 262 1111 340 0.002638 1
0 235 33 258 0.002618 1
0 225 70 280 0.002579 1
1071 231 1093 258 0.002566 1
1028 272 1048 297 0.002565 1
108 213 159 255 0.002544 1
1034 242 1086 336 0.002510 1
904 236 928 296 0.002499 1
1029 247 1058 302 0.002462 1
864 261 897 285 0.002310 1
77 224 97 237 0.002309 1
113 215 169 256 0.002273 1
117 214 157 255 0.002271 1
1077 214 1110 252 0.002247 1
18 228 46 267 0.002238 1
864 241 902 286 0.002237 1
15 231 45 265 0.002236 1
864 259 897 286 0.002231 1
908 265 928 296 0.002220 1
894 265 913 312 0.002207 1
157 231 219 264 0.002199 1
1064 252 1089 326 0.002152 1
1027 271 1059 330 0.002148 1
107 220 197 264 0.002127 1
73 234 195 264 0.002084 1
13 221 41 253 0.002082 1
20 213 72 258 0.002081 1
1031 253 1081 336 0.002073 1
1088 214 1107 239 0.002061 1
158 236 194 263 0.002054 1
865 243 894 283 0.002027 1
1066 254 1089 306 0.002005 1
195 222 227 261 0.001999 1
78 234 116 257 0.001931 1
1136 208 1153 231 0.001910 1
526 216 554 251 0.001902 1
102 235 157 259 0.001889 1
500 232 543 254 0.001879 1
0 238 20 257 0.001869 1
1064 251 1086 316 0.001814 1
172 220 226 262 0.001799 1
861 231 944 294 0.001789 1
1070 233 1094 271 0.001772 1
925 274 962 309 0.001770 1
0 240 8 258 0.001767 1
864 237 903 282 0.001739 1
1141 229 1169 256 0.001715 1
894 265 910 288 0.001706 1
76 228 117 258 0.001679 1
157 227 208 263 0.001676 1
865 260 912 288 0.001669 1
192 223 227 262 0.001662 1
118 237 156 254 0.001631 1
908 234 929 296 0.001585 1
916 234 988 283 0.001565 1
46 223 100 271 0.001551 1
855 222 923 286 0.001538 1
117 219 178 259 0.001531 1
923 207 960 260 0.001531 1
40 223 193 263 0.001519 1
1153 238 1169 259 0.001501 1
862 211 914 279 0.001491 1
1054 244 1086 331 0.001470 1
874 203 912 258 0.001462 1
908 268 928 296 0.001427 1
115 237 157 263 0.001370 1
1140 215 1167 251 0.001368 1
152 237 193 266 0.001368 1
907 269 948 298 0.001359 1
1032 261 1081 337 0.001343 1
0 229 42 283 0.001338 1
496 228 528 253 0.001332 1
1077 277 1111 339 0.001321 1
132 215 147 237 0.001309 1
1067 252 1089 301 0.001306 1
189 224 225 263 0.001305 1
1139 213 1194 256 0.001300 1
1078 268 1111 340 0.001298 1
865 262 904 288 0.001277 1
1069 251 1089 295 0.001262 1
159 222 218 261 0.001260 1
882 264 911 288 0.001254 1
907 272 948 301 0.001236 1
158 220 219 264 0.001225 1
1034 245 1079 336 0.001210 1
911 236 979 303 0.001204 1
907 235 947 298 0.001203 1
1029 274 1110 342 0.001186 1
860 260 904 293 0.001184 1
97 217 197 264 0.001162 1
449 201 464 251 0.001157 1
78 236 116 259 0.001156 1
22 215 69 252 0.001150 1
17 211 74 257 0.001148 1
1141 213 1168 250 0.001143 1
104 237 155 264 0.001129 1
854 181 934 285 0.001129 1
913 230 959 297 0.001114 1
926 273 960 299 0.001099 1
158 218 238 265 0.001096 1
1118 310 1168 348 0.001092 1
44 224 181 273 0.001067 1
107 218 204 264 0.001064 1
74 231 120 258 0.001028 1
51 217 70 246 0.001025 1
909 270 928 296 0.001007 1
135 216 154 238 0.000999 1
902 189 949 305 0.000998 1
31 232 73 277 0.000997 1
854 236 898 284 0.000993 1
496 236 524 253 0.000986 1
1153 229 1169 248 0.000978 1
125 236 193 264 0.000977 1
893 209 979 297 0.000974 1
0 232 41 267 0.000962 1
1030 269 1077 331 0.000962 1
17 226 72 281 0.000959 1
894 256 954 312 0.000956 1
1111 219 1139 250 0.000954 1
120 237 157 263 0.000953 1
192 223 234 261 0.000923 1
895 266 916 312 0.000913 1
109 214 145 255 0.000909 1
1060 209 1171 260 0.000896 1
1028 272 1061 329 0.000878 1
1019 219 1246 308 0.000877 1
1030 266 1069 326 0.000877 1
1 221 80 293 0.000870 1
1023 271 1050 331 0.000870 1
895 270 947 312 0.000834 1
865 228 890 280 0.000823 1
192 227 226 263 0.000810 1
1025 271 1047 328 0.000809 1
1119 310 1169 354 0.000805 1
918 277 953 312 0.000803 1
46 233 75 271 0.000795 1
98 235 194 267 0.000793 1
1099 211 1224 265 0.000772 1
133 219 197 261 0.000743 1
22 233 202 276 0.000733 1
159 237 192 263 0.000730 1
1029 241 1068 327 0.000729 1
53 217 76 238 0.000726 1
158 236 198 263 0.000726 1
195 212 227 260 0.000726 1
934 244 963 257 0.000723 1
923 272 959 297 0.000714 1
1033 257 1087 337 0.000711 1
867 264 918 305 0.000707 1
1181 187 1228 218 0.000705 1
0 230 48 284 0.000683 1
103 235 198 274 0.000682 1
13 232 81 293 0.000682 1
1025 272 1046 296 0.000680 1
856 231 918 292 0.000678 1
332 233 352 255 0.000675 1
1180 166 1228 266 0.000667 1
334 235 352 255 0.000659 1
37 221 176 260 0.000639 1
895 268 937 312 0.000633 1
192 235 222 263 0.000628 1
62 217 197 266 0.000626 1
157 234 224 272 0.000608 1
1116 235 1166 262 0.000606 1
123 210 143 237 0.000605 1
104 240 154 264 0.000577 1
192 225 241 264 0.000568 1
1139 301 1220 413 0.000564 1
0 235 24 288 0.000564 1
1030 273 1064 332 0.000557 1
51 217 95 239 0.000554 1
141 218 168 241 0.000540 1
159 238 193 271 0.000536 1
1146 309 1177 353 0.000514 1
134 213 150 237 0.000513 1
926 201 966 255 0.000511 1
517 221 556 266 0.000507 1
1022 248 1036 263 0.000498 1
947 246 991 261 0.000495 1
190 222 248 266 0.000490 1
52 236 194 268 0.000485 1
1026 297 1085 341 0.000480 1
1024 303 1100 342 0.000478 1
453 205 474 255 0.000470 1
1081 216 1111 273 0.000466 1
1032 271 1072 330 0.000461 1
1121 280 1170 346 0.000458 1
1030 298 1090 341 0.000452 1
947 244 1278 381 0.000444 1
333 234 352 256 0.000443 1
1167 233 1176 247 0.000438 1
1033 282 1087 336 0.000438 1
842 238 903 309 0.000430 1
1031 276 1081 338 0.000422 1
1039 273 1111 340 0.000422 1
949 273 967 302 0.000420 1
1033 272 1082 334 0.000415 1
508 210 611 275 0.000415 1
1067 252 1108 319 0.000405 1
146 224 224 276 0.000394 1
1 211 52 260 0.000390 1
37 234 202 272 0.000388 1
923 273 963 312 0.000384 1
70 217 96 237 0.000378 1
0 226 67 293 0.000375 1
1078 287 1111 338 0.000373 1
1028 278 1094 337 0.000367 1
1020 208 1183 274 0.000367 1
78 235 104 264 0.000357 1
857 210 889 280 0.000351 1
1020 193 1280 372 0.000348 1
158 220 234 277 0.000347 1
1028 284 1112 343 0.000343 1
894 272 942 312 0.000340 1
190 229 245 264 0.000339 1
927 281 946 312 0.000339 1
332 210 353 255 0.000329 1
922 245 993 264 0.000325 1
1023 272 1045 331 0.000316 1
58 251 95 268 0.000311 1
1059 212 1088 230 0.000297 1
1087 225 1116 270 0.000297 1
983 223 1239 305 0.000296 1
1026 209 1258 310 0.000295 1
918 244 984 304 0.000293 1
813 263 858 312 0.000293 1
1022 264 1167 345 0.000290 1
159 217 262 267 0.000287 1
896 203 988 277 0.000285 1
197 207 252 263 0.000284 1
1017 215 1180 319 0.000278 1
1023 309 1086 337 0.000276 1
15 236 49 284 0.000276 1
1138 307 1253 412 0.000276 1
0 192 190 300 0.000269 1
446 210 464 263 0.000267 1
862 261 925 303 0.000266 1
895 268 917 312 0.000266 1
72 222 122 258 0.000265 1
1023 277 1042 332 0.000260 1
940 248 991 261 0.000250 1
1112 181 1212 249 0.000246 1
925 285 942 312 0.000246 1
3 72 148 268 0.000243 1
1137 307 1206 408 0.000242 1
198 211 226 241 0.000239 1
1146 318 1180 361 0.000238 1
103 246 130 264 0.000238 1
1068 246 1101 313 0.000237 1
1028 298 1073 335 0.000219 1
0 191 252 325 0.000218 1
1022 244 1055 287 0.000211 1
197 211 220 241 0.000210 1
1025 305 1056 334 0.000207 1
194 238 221 264 0.000203 1
541 225 556 256 0.000203 1
1026 247 1105 333 0.000202 1
877 269 962 332 0.000201 1
815 266 862 312 0.000199 1
895 267 912 312 0.000198 1
869 205 910 267 0.000195 1
1146 331 1198 360 0.000194 1
0 67 65 286 0.000190 1
1022 294 1094 350 0.000190 1
1042 205 1170 332 0.000188 1
768 254 836 285 0.000188 1
102 204 205 265 0.000179 1
946 274 968 304 0.000178 1
1091 225 1169 282 0.000174 1
6 246 195 293 0.000172 1
79 217 96 235 0.000171 1
1022 246 1174 336 0.000170 1
934 207 979 256 0.000168 1
1031 307 1042 324 0.000166 1
815 274 859 311 0.000165 1
1023 310 1067 338 0.000164 1
156 217 249 279 0.000164 1
7 241 220 292 0.000158 1
501 199 619 258 0.000154 1
1154 230 1184 259 0.000153 1
123 205 148 235 0.000151 1
901 279 948 345 0.000147 1
1023 286 1046 333 0.000147 1
1097 226 1169 278 0.000143 1
768 255 838 294 0.000141 1
1013 305 1101 357 0.000136 1
1086 224 1169 279 0.000136 1
4 118 220 271 0.000131 1
40 193 108 257 0.000127 1
146 209 168 236 0.000126 1
1148 238 1169 263 0.000125 1
1088 225 1130 272 0.000124 1
1062 179 1184 261 0.000122 1
945 264 976 305 0.000117 1
947 247 958 255 0.000117 1
199 214 257 265 0.000116 1
206 229 249 264 0.000113 1
867 270 965 335 0.000113 1
926 272 963 315 0.000110 1
848 235 968 313 0.000109 1
807 261 832 281 0.000109 1
139 202 210 265 0.000105 1
880 235 961 342 0.000104 1
868 263 914 319 0.000104 1
1074 266 1110 338 0.000101 1
929 245 1103 348 0.000101 1
1023 242 1086 331 0.000101 1
630 373 658 395 0.123519 2
631 377 658 395 0.095474 2
631 380 657 396 0.023898 2
864 176 939 238 0.017710 2
863 177 952 237 0.014339 2
824 329 847 343 0.014134 2
495 434 526 449 0.012982 2
1104 487 1116 496 0.012608 2
1004 204 1028 227 0.012596 2
822 329 847 344 0.012594 2
1000 385 1021 400 0.011481 2
866 176 939 229 0.011161 2
305 188 318 198 0.010694 2
1104 488 1120 497 0.010515 2
1263 348 1279 368 0.010242 2
1005 198 1038 226 0.009919 2
1004 199 1030 226 0.009543 2
1005 204 1025 228 0.009538 2
647 455 655 461 0.009394 2
304 185 323 198 0.009352 2
999 384 1022 400 0.009186 2
492 199 504 209 0.009006 2
999 383 1023 401 0.009002 2
1168 382 1179 392 0.008987 2
1005 197 1045 227 0.008752 2
849 471 867 479 0.008180 2
1264 350 1279 368 0.008126 2
485 198 517 217 0.007992 2
495 433 527 451 0.007888 2
1006 206 1025 229 0.007307 2
1119 488 1135 497 0.007219 2
876 199 911 244 0.007191 2
918 195 954 209 0.007179 2
630 370 659 395 0.007171 2
496 435 524 448 0.007082 2
668 454 683 463 0.006862 2
1000 385 1013 400 0.006845 2
848 471 869 479 0.006403 2
655 452 665 462 0.006264 2
640 688 672 703 0.006099 2
308 186 323 198 0.005871 2
495 429 527 449 0.005604 2
495 431 523 448 0.005448 2
929 198 954 208 0.005398 2
1003 197 1045 230 0.005355 2
1005 196 1054 230 0.005136 2
455 412 507 445 0.005109 2
916 473 928 483 0.005109 2
1263 329 1279 368 0.004899 2
596 423 610 434 0.004872 2
512 437 527 452 0.004793 2
984 205 1025 230 0.004598 2
655 424 704 469 0.004585 2
639 687 671 703 0.004413 2
496 198 518 210 0.004293 2
481 192 517 216 0.004210 2
902 456 914 463 0.004086 2
872 198 915 242 0.003995 2
1263 236 1279 270 0.003977 2
1024 214 1040 230 0.003788 2
640 456 653 461 0.003737 2
665 455 676 463 0.003725 2
1039 200 1074 227 0.003575 2
647 374 661 391 0.003564 2
458 418 496 444 0.003560 2
1001 196 1048 228 0.003533 2
852 183 954 242 0.003503 2
591 197 653 215 0.003489 2
981 199 1044 251 0.003464 2
1262 207 1279 270 0.003354 2
636 375 661 394 0.003222 2
1120 64 1152 76 0.003155 2
1263 220 1279 270 0.003119 2
319 217 331 231 0.003115 2
1170 381 1184 391 0.003087 2
1071 213 1093 233 0.003004 2
592 448 608 455 0.002971 2
1024 215 1040 229 0.002910 2
900 189 954 209 0.002866 2
875 198 917 241 0.002846 2
1004 205 1027 250 0.002814 2
658 375 688 387 0.002803 2
1017 200 1051 230 0.002802 2
497 425 528 451 0.002800 2
878 200 907 242 0.002795 2
607 451 624 468 0.002776 2
1213 495 1232 511 0.002701 2
1220 497 1232 511 0.002690 2
644 388 673 427 0.002671 2
459 422 496 446 0.002654 2
455 417 496 445 0.002577 2
492 198 518 217 0.002576 2
987 204 1021 228 0.002534 2
865 176 939 213 0.002532 2
1009 214 1041 241 0.002527 2
456 409 529 449 0.002442 2
495 435 528 454 0.002386 2
877 199 909 242 0.002343 2
483 200 502 216 0.002339 2
319 204 331 231 0.002269 2
1071 204 1095 232 0.002223 2
593 445 624 465 0.002221 2
629 370 657 394 0.002174 2
599 463 608 469 0.002151 2
867 187 952 248 0.002141 2
1120 64 1152 78 0.002029 2
802 208 854 241 0.002026 2
668 384 683 395 0.001959 2
633 202 652 217 0.001938 2
875 189 957 257 0.001901 2
629 373 690 400 0.001870 2
1191 495 1212 504 0.001839 2
1167 380 1209 402 0.001829 2
880 199 911 242 0.001822 2
1264 341 1279 368 0.001822 2
623 322 668 371 0.001815 2
894 204 993 260 0.001806 2
1263 318 1279 369 0.001790 2
624 321 681 372 0.001790 2
1228 167 1247 181 0.001776 2
1002 205 1040 253 0.001770 2
1261 168 1279 180 0.001763 2
1161 500 1177 510 0.001747 2
452 413 551 448 0.001724 2
1261 202 1279 268 0.001719 2
609 202 627 215 0.001716 2
643 388 673 431 0.001712 2
1191 496 1200 504 0.001699 2
1005 189 1051 227 0.001692 2
448 415 500 443 0.001680 2
684 452 702 464 0.001671 2
919 197 952 249 0.001650 2
623 320 664 376 0.001640 2
997 197 1051 250 0.001608 2
624 320 683 369 0.001603 2
1230 168 1246 181 0.001600 2
894 480 907 487 0.001577 2
293 176 307 198 0.001568 2
677 451 689 464 0.001555 2
1003 189 1046 227 0.001553 2
1263 248 1279 270 0.001553 2
623 396 663 430 0.001545 2
1006 191 1060 228 0.001542 2
495 239 517 253 0.001536 2
462 428 496 447 0.001536 2
456 425 496 445 0.001507 2
625 374 638 384 0.001479 2
478 173 521 216 0.001474 2
504 320 513 335 0.001469 2
684 453 704 469 0.001435 2
912 455 924 464 0.001432 2
847 438 870 455 0.001427 2
590 447 618 468 0.001421 2
1231 503 1240 510 0.001381 2
623 323 660 372 0.001374 2
483 197 521 217 0.001359 2
982 205 1027 254 0.001353 2
895 474 926 487 0.001339 2
1121 322 1165 344 0.001325 2
974 206 1042 259 0.001323 2
1196 472 1214 480 0.001322 2
646 388 673 428 0.001314 2
0 394 32 423 0.001309 2
0 256 323 397 0.001281 2
639 423 654 435 0.001272 2
847 438 879 455 0.001269 2
598 373 691 438 0.001249 2
927 197 955 245 0.001239 2
1124 64 1152 75 0.001218 2
528 425 588 439 0.001198 2
607 456 624 470 0.001186 2
978 185 1046 229 0.001183 2
634 422 656 461 0.001181 2
478 435 527 454 0.001177 2
668 452 705 471 0.001175 2
503 312 529 336 0.001175 2
1263 351 1279 395 0.001174 2
1259 201 1279 261 0.001166 2
682 448 702 463 0.001165 2
0 404 31 423 0.001145 2
574 418 624 466 0.001137 2
494 408 527 447 0.001131 2
654 375 688 392 0.001122 2
600 375 694 436 0.001119 2
595 420 624 436 0.001118 2
511 335 521 350 0.001118 2
997 382 1022 402 0.001111 2
1111 471 1121 477 0.001101 2
1260 204 1277 232 0.001098 2
909 189 954 208 0.001096 2
1247 345 1262 358 0.001090 2
1222 161 1276 220 0.001083 2
430 423 471 442 0.001081 2
893 193 990 277 0.001078 2
606 199 646 215 0.001078 2
1200 472 1216 480 0.001070 2
429 422 499 445 0.001063 2
875 204 907 244 0.001059 2
926 199 979 252 0.001057 2
430 424 466 442 0.001052 2
46 400 96 426 0.001052 2
988 199 1022 226 0.001047 2
1167 374 1207 399 0.001040 2
671 461 681 471 0.001030 2
0 392 32 423 0.001022 2
1263 253 1279 271 0.001013 2
503 313 520 336 0.001009 2
458 410 499 445 0.000999 2
662 448 701 464 0.000997 2
1072 194 1095 220 0.000978 2
588 193 657 216 0.000976 2
656 376 686 396 0.000974 2
865 187 955 241 0.000974 2
660 449 696 463 0.000974 2
605 458 624 470 0.000968 2
646 385 671 406 0.000962 2
576 424 622 461 0.000953 2
1261 198 1279 229 0.000947 2
47 405 64 424 0.000945 2
671 385 687 398 0.000938 2
778 464 798 473 0.000936 2
294 176 306 197 0.000932 2
626 373 689 427 0.000928 2
622 321 660 378 0.000922 2
649 423 704 467 0.000910 2
967 480 988 487 0.000909 2
1262 169 1279 211 0.000906 2
777 471 793 476 0.000905 2
448 408 506 444 0.000904 2
664 464 672 471 0.000901 2
1198 373 1271 410 0.000899 2
47 401 64 424 0.000889 2
657 448 697 463 0.000886 2
689 457 704 471 0.000876 2
671 456 697 471 0.000875 2
823 329 847 362 0.000862 2
877 201 910 244 0.000859 2
1248 346 1271 360 0.000857 2
459 409 505 445 0.000843 2
734 439 758 459 0.000843 2
430 423 463 441 0.000842 2
1064 465 1072 471 0.000841 2
1225 162 1269 181 0.000835 2
599 319 607 328 0.000833 2
879 480 893 487 0.000833 2
503 313 517 335 0.000830 2
821 471 831 477 0.000827 2
1206 353 1271 411 0.000825 2
1194 375 1266 417 0.000825 2
331 452 408 472 0.000823 2
582 384 704 467 0.000818 2
735 438 761 459 0.000809 2
1263 367 1279 398 0.000804 2
509 372 690 445 0.000803 2
590 424 605 432 0.000798 2
655 450 666 462 0.000796 2
815 329 847 345 0.000795 2
819 329 847 362 0.000793 2
503 313 528 350 0.000791 2
924 454 936 463 0.000785 2
623 313 686 370 0.000785 2
1225 161 1279 181 0.000782 2
916 209 990 262 0.000782 2
623 318 672 369 0.000775 2
81 400 176 424 0.000773 2
1262 168 1279 242 0.000771 2
158 416 172 422 0.000769 2
1149 471 1163 479 0.000766 2
1170 356 1209 406 0.000760 2
0 394 17 409 0.000755 2
637 409 656 428 0.000749 2
583 448 609 459 0.000747 2
1171 378 1206 401 0.000734 2
495 408 511 424 0.000731 2
1248 346 1260 359 0.000724 2
550 380 704 465 0.000720 2
0 393 20 415 0.000718 2
47 400 66 424 0.000718 2
897 472 921 484 0.000711 2
865 184 911 241 0.000710 2
31 264 49 294 0.000705 2
739 695 812 703 0.000705 2
667 424 700 441 0.000697 2
1263 366 1279 391 0.000696 2
627 377 673 429 0.000694 2
503 309 529 337 0.000693 2
1167 381 1200 401 0.000684 2
989 357 1024 398 0.000684 2
719 333 757 376 0.000682 2
1166 373 1183 393 0.000678 2
612 202 643 215 0.000674 2
624 374 659 394 0.000672 2
875 454 932 485 0.000670 2
0 561 83 600 0.000670 2
445 422 498 443 0.000661 2
1119 64 1134 76 0.000659 2
430 426 459 441 0.000656 2
49 400 96 429 0.000651 2
318 202 334 231 0.000648 2
496 238 525 254 0.000639 2
719 327 750 376 0.000638 2
776 471 793 477 0.000635 2
655 427 700 444 0.000635 2
1122 64 1152 79 0.000632 2
591 201 613 214 0.000631 2
1248 345 1265 359 0.000630 2
990 205 1089 256 0.000626 2
430 422 460 441 0.000621 2
867 177 938 202 0.000619 2
158 399 176 421 0.000612 2
679 384 688 397 0.000612 2
1262 169 1279 183 0.000609 2
31 258 49 294 0.000602 2
0 397 24 422 0.000602 2
704 301 768 343 0.000599 2
970 200 1034 259 0.000595 2
871 192 942 245 0.000592 2
803 184 852 239 0.000589 2
1225 161 1248 181 0.000576 2
527 624 544 647 0.000575 2
533 471 544 480 0.000575 2
646 436 656 460 0.000574 2
86 399 178 423 0.000574 2
985 355 1023 389 0.000573 2
500 425 591 438 0.000572 2
109 400 160 426 0.000571 2
503 312 529 346 0.000568 2
645 424 701 445 0.000566 2
590 206 607 214 0.000565 2
640 374 688 412 0.000560 2
158 398 179 421 0.000559 2
309 185 336 200 0.000553 2
1017 439 1040 456 0.000552 2
496 433 528 457 0.000552 2
646 379 674 412 0.000547 2
1246 345 1279 375 0.000542 2
623 322 658 366 0.000539 2
1195 375 1242 422 0.000537 2
294 200 332 232 0.000537 2
802 198 920 242 0.000535 2
914 472 936 484 0.000527 2
495 408 517 425 0.000526 2
590 451 608 462 0.000526 2
688 446 703 459 0.000524 2
1205 373 1274 408 0.000524 2
634 373 689 427 0.000523 2
1248 198 1278 237 0.000519 2
31 267 49 295 0.000518 2
953 205 993 256 0.000518 2
962 204 989 225 0.000517 2
60 255 93 266 0.000516 2
1229 345 1274 377 0.000514 2
1139 313 1277 413 0.000513 2
1096 160 1213 244 0.000512 2
109 408 127 425 0.000509 2
1038 201 1083 230 0.000504 2
159 243 192 276 0.000503 2
1203 478 1231 488 0.000501 2
98 401 128 425 0.000499 2
46 398 93 425 0.000494 2
460 429 495 446 0.000493 2
1104 269 1279 352 0.000493 2
640 464 648 470 0.000489 2
101 400 167 425 0.000489 2
1231 346 1267 376 0.000485 2
429 422 486 458 0.000485 2
1225 161 1268 182 0.000483 2
1264 367 1279 402 0.000483 2
319 203 333 231 0.000479 2
1167 362 1190 393 0.000477 2
1101 160 1212 221 0.000475 2
91 399 183 424 0.000471 2
452 306 522 349 0.000469 2
0 391 17 406 0.000467 2
973 250 988 261 0.000467 2
1200 479 1211 487 0.000465 2
158 405 176 423 0.000460 2
495 408 513 424 0.000458 2
439 422 498 457 0.000457 2
512 404 625 464 0.000457 2
617 200 650 217 0.000456 2
494 408 543 430 0.000454 2
624 321 675 376 0.000453 2
1243 178 1279 236 0.000446 2
928 197 960 210 0.000446 2
908 182 939 204 0.000444 2
1224 159 1279 182 0.000443 2
245 411 264 424 0.000441 2
719 336 757 377 0.000439 2
959 473 973 487 0.000437 2
639 428 654 461 0.000432 2
1216 495 1243 511 0.000429 2
661 272 689 283 0.000425 2
989 354 1024 380 0.000423 2
1246 197 1278 234 0.000422 2
1213 376 1233 413 0.000420 2
0 401 31 423 0.000417 2
928 455 973 464 0.000416 2
495 227 523 253 0.000415 2
495 239 520 254 0.000412 2
875 438 921 485 0.000409 2
822 328 879 344 0.000407 2
98 400 181 424 0.000407 2
1125 271 1279 352 0.000406 2
1199 475 1224 488 0.000403 2
527 625 542 647 0.000401 2
960 476 976 487 0.000394 2
187 392 224 416 0.000394 2
157 396 214 419 0.000391 2
697 454 719 470 0.000390 2
719 336 750 376 0.000388 2
40 399 96 426 0.000386 2
0 439 8 446 0.000386 2
1153 371 1181 395 0.000383 2
1178 162 1236 218 0.000383 2
190 392 224 415 0.000381 2
717 316 746 339 0.000380 2
454 307 509 354 0.000379 2
0 403 31 423 0.000378 2
1227 165 1247 200 0.000378 2
1200 375 1272 412 0.000376 2
918 352 1024 410 0.000375 2
622 407 654 431 0.000373 2
719 322 740 342 0.000373 2
487 366 692 463 0.000370 2
603 358 622 375 0.000369 2
478 445 496 454 0.000367 2
1213 347 1270 388 0.000365 2
0 391 32 419 0.000365 2
1055 465 1070 471 0.000364 2
98 399 177 423 0.000363 2
447 399 501 444 0.000362 2
719 321 745 353 0.000361 2
31 256 66 294 0.000360 2
1015 441 1025 448 0.000360 2
1197 373 1259 427 0.000358 2
1147 342 1200 365 0.000358 2
724 323 744 338 0.000355 2
1266 318 1279 351 0.000353 2
870 177 938 197 0.000352 2
274 184 294 192 0.000344 2
866 175 939 204 0.000340 2
1118 471 1128 477 0.000340 2
499 406 546 432 0.000340 2
57 254 91 278 0.000337 2
88 399 176 422 0.000337 2
1243 345 1267 376 0.000331 2
1223 176 1272 236 0.000330 2
109 406 128 426 0.000330 2
20 200 36 206 0.000329 2
58 254 93 278 0.000329 2
159 239 192 270 0.000329 2
987 346 1015 379 0.000329 2
596 359 624 387 0.000328 2
924 149 993 185 0.000327 2
495 406 585 436 0.000326 2
1230 296 1279 362 0.000324 2
1176 471 1201 479 0.000321 2
106 403 151 426 0.000320 2
915 150 994 188 0.000319 2
872 444 928 487 0.000318 2
1182 162 1254 227 0.000318 2
35 254 93 288 0.000317 2
1235 300 1279 369 0.000315 2
909 183 955 210 0.000311 2
1222 347 1266 377 0.000307 2
850 695 875 703 0.000304 2
623 315 689 372 0.000303 2
1259 248 1279 295 0.000301 2
60 254 91 265 0.000300 2
0 278 6 293 0.000299 2
1263 249 1279 294 0.000299 2
191 392 224 413 0.000298 2
720 317 745 336 0.000298 2
591 456 608 469 0.000297 2
1215 345 1273 378 0.000295 2
522 400 698 463 0.000289 2
495 430 528 458 0.000287 2
92 397 179 420 0.000285 2
230 206 242 217 0.000282 2
42 399 150 425 0.000281 2
40 400 165 425 0.000281 2
97 399 184 420 0.000280 2
158 396 176 419 0.000280 2
1213 371 1279 406 0.000279 2
336 405 385 457 0.000278 2
158 395 195 419 0.000277 2
1133 225 1279 361 0.000275 2
988 327 1025 385 0.000274 2
623 373 659 403 0.000273 2
516 426 592 455 0.000273 2
1263 463 1279 476 0.000272 2
1249 218 1272 235 0.000271 2
527 623 544 646 0.000271 2
235 409 264 425 0.000270 2
30 253 93 295 0.000270 2
161 208 267 264 0.000268 2
1231 278 1279 390 0.000268 2
272 179 310 198 0.000268 2
1038 194 1087 229 0.000267 2
1101 162 1212 253 0.000267 2
1201 372 1279 412 0.000266 2
802 186 848 239 0.000266 2
0 393 96 423 0.000266 2
661 187 693 231 0.000265 2
1023 439 1040 453 0.000263 2
865 167 937 214 0.000261 2
635 369 674 392 0.000258 2
867 221 881 242 0.000258 2
334 448 407 472 0.000255 2
719 337 738 377 0.000255 2
1135 198 1189 249 0.000253 2
419 398 503 444 0.000252 2
163 395 197 418 0.000252 2
939 205 983 236 0.000249 2
335 404 384 462 0.000249 2
909 160 946 203 0.000249 2
1138 376 1208 410 0.000247 2
626 379 666 426 0.000247 2
1210 249 1280 294 0.000247 2
45 439 64 446 0.000246 2
500 176 589 229 0.000245 2
30 255 56 287 0.000244 2
176 397 208 419 0.000244 2
193 243 223 264 0.000243 2
503 305 530 337 0.000242 2
335 404 384 473 0.000239 2
43 399 96 424 0.000238 2
900 340 1023 410 0.000237 2
1214 367 1280 406 0.000236 2
402 390 526 445 0.000236 2
1212 352 1258 408 0.000236 2
911 153 944 185 0.000235 2
296 175 315 198 0.000233 2
1162 378 1210 409 0.000233 2
625 318 690 390 0.000232 2
623 407 642 426 0.000231 2
877 470 929 489 0.000230 2
47 402 129 425 0.000230 2
594 360 624 385 0.000228 2
866 176 938 199 0.000228 2
93 404 130 426 0.000228 2
610 407 653 438 0.000228 2
1215 473 1224 481 0.000228 2
1225 348 1266 378 0.000227 2
1100 159 1226 222 0.000225 2
57 255 95 282 0.000225 2
327 448 400 472 0.000225 2
1232 336 1272 364 0.000222 2
1209 345 1276 382 0.000222 2
457 427 496 456 0.000221 2
719 348 737 377 0.000220 2
245 203 267 228 0.000220 2
1 282 23 295 0.000219 2
1222 170 1273 224 0.000217 2
1231 349 1262 377 0.000217 2
57 253 102 278 0.000217 2
447 396 504 443 0.000216 2
1150 375 1195 404 0.000215 2
479 334 496 356 0.000215 2
0 278 22 295 0.000212 2
271 182 311 201 0.000212 2
31 261 67 294 0.000211 2
903 151 994 216 0.000210 2
655 450 673 471 0.000210 2
900 176 938 195 0.000208 2
52 401 95 439 0.000208 2
460 391 514 438 0.000208 2
1006 183 1050 222 0.000208 2
624 366 645 383 0.000206 2
44 436 82 449 0.000206 2
621 322 658 373 0.000205 2
695 389 704 403 0.000203 2
640 454 674 471 0.000203 2
160 240 192 276 0.000203 2
462 391 523 435 0.000201 2
47 401 98 432 0.000201 2
799 464 819 472 0.000201 2
1232 495 1253 511 0.000199 2
720 322 746 346 0.000197 2
192 232 242 268 0.000196 2
0 395 96 462 0.000194 2
603 424 641 471 0.000194 2
635 356 658 390 0.000193 2
356 217 368 228 0.000193 2
1186 276 1215 285 0.000193 2
302 187 333 233 0.000192 2
687 375 696 384 0.000192 2
0 394 92 422 0.000191 2
32 241 90 281 0.000189 2
0 395 86 423 0.000188 2
1120 318 1173 359 0.000187 2
0 281 5 294 0.000187 2
476 176 526 219 0.000186 2
920 151 995 185 0.000183 2
1025 362 1042 375 0.000181 2
413 395 492 443 0.000181 2
189 244 225 277 0.000179 2
326 190 341 200 0.000177 2
594 477 608 487 0.000176 2
357 218 368 231 0.000176 2
209 187 269 231 0.000175 2
917 149 995 203 0.000174 2
429 423 471 456 0.000173 2
0 400 32 461 0.000172 2
472 407 497 429 0.000172 2
56 254 102 285 0.000172 2
654 424 704 474 0.000172 2
963 199 989 213 0.000172 2
877 177 939 206 0.000172 2
1248 415 1279 465 0.000172 2
1147 360 1218 419 0.000169 2
1144 342 1220 410 0.000169 2
53 400 96 437 0.000169 2
1002 183 1047 223 0.000169 2
0 396 101 469 0.000168 2
327 199 384 236 0.000165 2
292 199 333 269 0.000164 2
631 374 694 464 0.000164 2
176 392 214 418 0.000163 2
328 200 354 257 0.000162 2
32 255 63 281 0.000161 2
294 196 326 232 0.000161 2
470 405 516 431 0.000160 2
1226 437 1279 468 0.000158 2
1136 338 1178 366 0.000158 2
734 679 814 703 0.000158 2
719 318 745 339 0.000158 2
843 328 880 344 0.000157 2
1218 281 1279 362 0.000157 2
926 154 944 184 0.000157 2
902 177 939 204 0.000157 2
626 311 695 377 0.000156 2
1231 289 1279 353 0.000156 2
775 464 800 478 0.000155 2
123 234 197 283 0.000155 2
154 396 224 424 0.000154 2
40 394 149 422 0.000152 2
196 235 243 267 0.000152 2
45 436 85 450 0.000152 2
719 329 730 350 0.000152 2
526 625 550 648 0.000151 2
714 303 768 346 0.000151 2
986 344 1007 363 0.000151 2
335 404 385 451 0.000151 2
439 396 490 443 0.000151 2
830 417 847 424 0.000150 2
159 242 192 279 0.000150 2
1218 478 1232 487 0.000149 2
481 199 525 238 0.000149 2
860 172 983 236 0.000148 2
45 437 81 448 0.000148 2
0 392 93 418 0.000148 2
816 338 843 362 0.000148 2
1150 182 1184 218 0.000147 2
510 408 606 439 0.000147 2
244 440 272 450 0.000147 2
95 395 129 425 0.000145 2
719 336 758 374 0.000145 2
320 408 337 413 0.000145 2
13 233 203 296 0.000143 2
329 202 380 246 0.000143 2
583 175 707 218 0.000142 2
228 208 249 231 0.000142 2
476 200 523 227 0.000142 2
29 254 99 292 0.000141 2
46 402 154 428 0.000141 2
1102 161 1215 229 0.000141 2
503 496 528 502 0.000140 2
207 447 240 475 0.000140 2
110 398 135 422 0.000139 2
186 241 222 278 0.000139 2
102 239 162 283 0.000139 2
44 394 133 424 0.000138 2
930 375 944 386 0.000137 2
512 407 560 430 0.000137 2
104 252 115 264 0.000137 2
1204 368 1280 410 0.000136 2
467 391 483 399 0.000136 2
1167 344 1274 389 0.000135 2
987 325 1028 374 0.000135 2
2 398 80 423 0.000134 2
916 155 949 206 0.000133 2
320 200 355 243 0.000133 2
172 396 212 423 0.000130 2
623 314 675 360 0.000128 2
320 408 336 413 0.000127 2
1179 483 1236 512 0.000127 2
322 448 389 472 0.000126 2
383 387 526 445 0.000125 2
325 198 387 233 0.000125 2
468 391 499 406 0.000125 2
367 348 384 376 0.000123 2
623 317 665 358 0.000122 2
770 313 848 344 0.000122 2
456 301 529 350 0.000122 2
624 298 692 373 0.000122 2
331 342 354 355 0.000121 2
411 394 486 438 0.000120 2
1049 455 1074 467 0.000120 2
1214 294 1279 418 0.000120 2
623 308 681 357 0.000119 2
243 446 317 468 0.000119 2
691 696 755 703 0.000118 2
572 241 591 247 0.000118 2
651 356 691 385 0.000118 2
159 209 279 272 0.000118 2
524 225 591 278 0.000117 2
711 297 769 340 0.000117 2
54 567 96 591 0.000116 2
651 366 689 386 0.000116 2
1139 377 1198 410 0.000116 2
1153 319 1274 386 0.000116 2
448 426 486 458 0.000114 2
1259 257 1279 295 0.000114 2
530 248 598 280 0.000114 2
623 323 655 351 0.000114 2
506 495 529 504 0.000113 2
1137 335 1215 413 0.000113 2
621 273 697 373 0.000112 2
1210 262 1280 296 0.000112 2
159 241 195 280 0.000112 2
324 340 375 381 0.000112 2
0 161 325 399 0.000111 2
446 435 464 457 0.000111 2
1161 198 1197 249 0.000110 2
1239 313 1280 366 0.000110 2
572 240 591 248 0.000109 2
221 407 265 425 0.000109 2
529 471 544 481 0.000109 2
413 400 431 407 0.000108 2
175 392 211 424 0.000107 2
644 693 718 703 0.000107 2
1148 184 1197 222 0.000107 2
175 392 203 414 0.000107 2
915 183 970 209 0.000105 2
45 400 96 444 0.000104 2
1161 267 1218 282 0.000104 2
866 407 883 416 0.000104 2
166 189 318 274 0.000103 2
1210 341 1272 364 0.000103 2
445 427 499 457 0.000102 2
0 429 8 447 0.000102 2
73 568 96 589 0.000101 2
96 404 139 438 0.000100 2
1027 252 1279 419 0.003813 5
1035 264 1279 414 0.003677 5
1136 274 1279 413 0.003598 5
477 173 524 216 0.003403 5
1040 275 1279 418 0.003186 5
1181 164 1279 268 0.002749 5
1025 248 1279 403 0.002527 5
479 177 521 216 0.001972 5
1026 259 1279 446 0.001778 5
477 161 588 217 0.001402 5
1026 213 1279 409 0.001266 5
830 135 937 167 0.000887 5
830 135 939 164 0.000742 5
1262 166 1279 262 0.000648 5
819 135 938 229 0.000434 5
640 198 1105 374 0.000423 5
467 165 581 209 0.010972 6
457 156 582 211 0.008403 6
674 251 1279 505 0.008085 6
662 236 1279 487 0.007732 6
749 256 1279 502 0.005768 6
511 170 580 204 0.005560 6
795 257 1279 509 0.004853 6
501 160 581 204 0.004734 6
494 167 580 206 0.004070 6
505 169 581 210 0.003766 6
460 152 584 215 0.003649 6
484 159 580 205 0.003613 6
671 223 1279 429 0.003170 6
1179 163 1279 267 0.002849 6
733 251 1279 464 0.002682 6
504 167 578 216 0.002106 6
765 247 1279 421 0.001943 6
704 237 1275 508 0.001847 6
640 248 1121 478 0.001813 6
430 402 705 468 0.001723 6
640 248 1185 475 0.001708 6
1023 256 1279 449 0.001671 6
661 212 1278 439 0.001426 6
693 217 1275 478 0.001420 6
457 163 584 220 0.001404 6
865 259 1279 503 0.001376 6
693 434 1277 505 0.001336 6
664 433 1275 497 0.001302 6
996 256 1279 489 0.001172 6
641 250 1114 411 0.001027 6
778 435 1275 510 0.000915 6
603 320 958 479 0.000870 6
1021 265 1278 494 0.000867 6
838 456 1277 513 0.000845 6
828 419 1278 510 0.000796 6
642 261 1082 481 0.000790 6
640 252 1101 390 0.000784 6
458 394 714 468 0.000780 6
830 135 940 165 0.000774 6
640 169 1145 380 0.000773 6
695 213 1273 418 0.000770 6
1098 154 1279 268 0.000757 6
716 273 1279 511 0.000743 6
838 449 1277 512 0.000740 6
832 433 1277 509 0.000733 6
405 374 705 466 0.000704 6
685 319 1278 511 0.000671 6
881 466 1277 512 0.000670 6
640 177 1113 385 0.000664 6
640 246 1152 456 0.000658 6
724 342 1277 511 0.000648 6
1027 470 1277 514 0.000647 6
451 157 592 229 0.000642 6
511 165 653 211 0.000602 6
360 407 706 472 0.000595 6
753 443 1275 517 0.000595 6
657 335 1268 499 0.000587 6
642 248 1077 463 0.000584 6
676 439 1275 518 0.000583 6
450 372 707 466 0.000549 6
664 433 1220 487 0.000538 6
846 450 1025 487 0.000534 6
820 445 1276 516 0.000521 6
474 398 954 474 0.000517 6
465 141 580 206 0.000516 6
326 64 700 238 0.000515 6
449 288 956 479 0.000511 6
663 205 1277 512 0.000509 6
842 443 1026 487 0.000500 6
832 447 1025 487 0.000494 6
594 263 959 481 0.000485 6
9 432 332 503 0.000474 6
857 451 1124 487 0.000473 6
640 250 1153 437 0.000464 6
831 134 938 160 0.000454 6
382 67 642 219 0.000435 6
848 432 1026 487 0.000428 6
832 441 1026 486 0.000427 6
651 272 1263 501 0.000427 6
657 360 1129 487 0.000422 6
669 436 1047 482 0.000420 6
650 368 1027 482 0.000408 6
651 433 1270 525 0.000402 6
397 72 657 220 0.000392 6
839 409 1278 510 0.000379 6
436 343 923 471 0.000376 6
700 214 1270 355 0.000349 6
648 297 1095 484 0.000340 6
668 435 999 481 0.000328 6
735 436 885 479 0.000319 6
447 253 958 480 0.000309 6
646 232 1210 475 0.000303 6
0 66 337 403 0.000302 6
689 222 1275 363 0.000293 6
397 247 941 476 0.000290 6
650 229 1190 402 0.000289 6
1033 430 1280 513 0.000288 6
1088 423 1279 477 0.000269 6
0 397 342 479 0.000258 6
500 157 652 209 0.000254 6
1103 421 1279 471 0.000249 6
510 412 948 477 0.000248 6
18 401 332 475 0.000246 6
653 191 1267 497 0.000244 6
393 65 689 228 0.000237 6
850 451 1174 489 0.000226 6
647 182 1190 370 0.000225 6
640 242 1022 475 0.000217 6
861 445 1046 485 0.000214 6
1141 65 1280 272 0.000213 6
722 428 888 479 0.000210 6
702 225 1278 379 0.000204 6
666 199 1269 367 0.000186 6
1069 424 1280 477 0.000177 6
27 393 336 470 0.000176 6
657 430 1250 533 0.000169 6
509 139 582 206 0.000166 6
1013 419 1278 512 0.000162 6
421 155 706 234 0.000162 6
741 430 886 479 0.000155 6
641 345 1050 479 0.000149 6
1103 424 1278 489 0.000145 6
824 134 940 158 0.000144 6
659 434 979 479 0.000133 6
1 392 349 465 0.000133 6
503 64 956 247 0.000132 6
25 392 348 485 0.000127 6
758 199 1251 325 0.000125 6
1056 420 1280 472 0.000123 6
436 72 695 225 0.000120 6
0 105 330 399 0.000118 6
801 129 939 169 0.000111 6
400 251 790 470 0.000110 6
153 171 278 226 0.000110 6
640 302 987 481 0.000108 6
373 156 596 259 0.000107 6
651 423 1201 547 0.000100 6
701 152 954 243 0.251792 7
864 177 953 244 0.182205 7
801 177 950 244 0.140773 7
707 153 859 239 0.109790 7
856 178 937 244 0.048359 7
801 153 939 243 0.047559 7
859 180 939 245 0.045009 7
706 152 806 236 0.036225 7
722 153 859 238 0.030175 7
703 152 945 238 0.030161 7
866 176 939 235 0.028826 7
698 152 955 254 0.027640 7
705 152 832 237 0.026457 7
708 153 807 225 0.021396 7
708 152 805 214 0.015840 7
1184 175 1279 268 0.012485 7
801 137 951 242 0.011531 7
586 183 623 214 0.010821 7
586 184 620 214 0.009548 7
587 182 620 213 0.009059 7
801 169 857 241 0.007910 7
784 165 955 246 0.007784 7
1183 226 1279 268 0.007445 7
866 176 915 241 0.006553 7
1136 277 1279 412 0.006532 7
866 177 925 242 0.006198 7
802 183 854 242 0.006151 7
586 184 651 215 0.005552 7
803 160 858 232 0.005501 7
743 149 954 245 0.005388 7
802 163 856 235 0.005380 7
681 151 955 241 0.004720 7
700 152 803 231 0.004245 7
1181 166 1279 268 0.004025 7
1183 201 1279 268 0.003974 7
1005 196 1047 226 0.003921 7
843 175 930 239 0.003915 7
585 183 657 216 0.003741 7
1263 197 1279 270 0.003577 7
801 177 857 241 0.003289 7
1262 183 1279 269 0.003259 7
1192 170 1279 268 0.003244 7
585 181 621 212 0.002754 7
578 184 619 213 0.002576 7
845 176 925 242 0.002537 7
1200 168 1279 266 0.002439 7
803 158 858 221 0.002424 7
800 147 936 241 0.002362 7
694 159 959 248 0.002061 7
751 152 805 209 0.001777 7
803 180 854 232 0.001765 7
1138 292 1279 413 0.001741 7
549 174 579 202 0.001647 7
543 170 577 202 0.001576 7
1185 163 1279 257 0.001561 7
641 151 970 324 0.001488 7
931 205 977 254 0.001455 7
1262 177 1279 267 0.001448 7
936 207 976 255 0.001357 7
703 155 752 217 0.001352 7
815 154 955 248 0.001345 7
982 191 1048 230 0.001335 7
586 183 621 207 0.001323 7
1073 267 1279 353 0.001320 7
703 142 860 232 0.001257 7
1189 169 1278 238 0.001241 7
1133 275 1279 396 0.001214 7
1180 163 1279 241 0.001206 7
704 141 861 223 0.001185 7
709 152 752 215 0.001177 7
706 144 830 215 0.001131 7
1263 167 1279 252 0.001050 7
585 189 661 218 0.000960 7
813 134 953 248 0.000945 7
1122 276 1280 405 0.000928 7
292 199 388 278 0.000872 7
640 140 1057 378 0.000846 7
586 186 671 219 0.000763 7
713 153 789 218 0.000752 7
761 152 808 209 0.000706 7
1226 190 1256 235 0.000698 7
764 152 807 226 0.000682 7
1024 157 1280 396 0.000636 7
705 302 769 344 0.000622 7
748 152 807 205 0.000601 7
937 208 979 255 0.000588 7
718 152 802 207 0.000586 7
940 208 976 255 0.000557 7
575 172 622 212 0.000541 7
715 153 753 216 0.000536 7
1073 161 1279 413 0.000536 7
703 143 811 213 0.000515 7
717 153 774 230 0.000511 7
1182 160 1277 237 0.000491 7
295 200 332 232 0.000491 7
1219 160 1279 239 0.000471 7
866 159 1007 261 0.000470 7
657 151 966 287 0.000463 7
718 137 867 232 0.000448 7
761 152 805 234 0.000432 7
698 157 752 225 0.000426 7
582 163 665 216 0.000400 7
1079 161 1279 395 0.000397 7
709 300 769 344 0.000386 7
512 173 634 215 0.000377 7
750 152 805 233 0.000375 7
704 298 768 344 0.000365 7
807 159 856 191 0.000362 7
1234 178 1279 235 0.000354 7
292 198 386 289 0.000329 7
705 300 769 351 0.000329 7
715 152 796 215 0.000325 7
728 133 954 247 0.000298 7
493 149 908 243 0.000293 7
838 134 952 243 0.000289 7
1068 276 1280 368 0.000286 7
726 162 752 215 0.000278 7
704 273 851 346 0.000274 7
805 159 858 199 0.000274 7
791 128 932 233 0.000267 7
758 152 807 206 0.000261 7
1159 303 1280 355 0.000255 7
706 289 853 364 0.000243 7
647 158 1108 350 0.000241 7
306 198 387 290 0.000216 7
719 152 754 218 0.000206 7
1229 287 1279 395 0.000201 7
1169 161 1280 382 0.000187 7
700 134 956 248 0.000187 7
1231 176 1280 220 0.000183 7
707 300 768 385 0.000179 7
1229 290 1279 413 0.000178 7
1133 155 1280 414 0.000175 7
899 168 1063 258 0.000166 7
846 166 924 232 0.000158 7
212 193 458 365 0.000145 7
1005 182 1062 223 0.000143 7
1163 302 1242 353 0.000140 7
925 152 997 222 0.000139 7
688 88 954 246 0.000137 7
698 179 796 236 0.000135 7
1162 301 1234 353 0.000131 7
671 150 764 221 0.000129 7
1164 301 1280 351 0.000125 7
1001 165 1068 235 0.000124 7
980 158 1060 236 0.000120 7
1230 295 1279 355 0.000118 7
742 275 851 345 0.000117 7
759 152 811 220 0.000116 7
713 295 854 386 0.000115 7
723 154 771 236 0.000114 7
919 149 1042 237 0.000109 7
703 297 768 391 0.000108 7
597 67 953 245 0.000105 7
941 136 1060 243 0.000104 7
1160 298 1239 351 0.000103 7
732 278 850 346 0.000103 7
1088 150 1103 177 0.521957 9
513 152 524 180 0.370696 9
513 151 524 185 0.158701 9
513 151 525 182 0.146148 9
894 156 906 177 0.093011 9
513 152 524 187 0.082363 9
513 150 524 181 0.078160 9
895 155 907 177 0.074343 9
239 177 247 190 0.067371 9
449 157 490 170 0.061525 9
372 167 382 185 0.051698 9
1208 172 1215 185 0.044446 9
513 151 526 186 0.037436 9
1088 151 1102 184 0.029723 9
895 153 908 177 0.029708 9
867 152 880 169 0.029577 9
313 151 341 192 0.027261 9
1198 383 1207 416 0.024594 9
895 155 908 177 0.024278 9
1215 167 1223 184 0.022238 9
366 167 374 188 0.021845 9
449 158 490 171 0.020974 9
366 167 374 188 0.020789 9
866 152 880 171 0.020584 9
225 183 232 197 0.020143 9
362 167 368 189 0.019406 9
895 153 908 177 0.019303 9
559 183 568 194 0.018871 9
257 180 262 191 0.017563 9
372 167 381 186 0.017356 9
239 175 249 192 0.016759 9
1014 140 1025 170 0.015439 9
448 157 490 182 0.014986 9
862 165 869 183 0.014668 9
552 172 572 200 0.014508 9
1207 168 1216 185 0.014456 9
553 173 569 199 0.014157 9
1198 383 1206 400 0.014037 9
1089 150 1103 183 0.013278 9
523 183 536 196 0.013231 9
111 151 128 164 0.013195 9
1013 139 1024 172 0.012824 9
1155 166 1167 184 0.012719 9
878 153 890 170 0.012422 9
1197 383 1207 414 0.012034 9
864 151 880 170 0.011641 9
1198 383 1208 416 0.011614 9
863 164 870 183 0.010561 9
448 157 490 180 0.010320 9
638 160 645 181 0.010156 9
68 168 80 178 0.010017 9
638 161 651 184 0.009966 9
257 142 268 160 0.009909 9
464 168 471 184 0.009676 9
516 191 527 202 0.009675 9
360 167 368 189 0.009666 9
1214 167 1223 184 0.009297 9
991 680 1007 699 0.008351 9
257 143 267 160 0.008322 9
512 145 525 181 0.008301 9
95 152 104 175 0.008239 9
866 151 880 177 0.008020 9
895 151 909 177 0.007712 9
548 172 581 202 0.007705 9
216 184 224 197 0.007503 9
111 151 128 165 0.007495 9
551 172 576 200 0.007475 9
258 143 268 159 0.007305 9
814 146 823 160 0.007007 9
522 171 546 185 0.006605 9
814 144 823 156 0.006568 9
365 167 374 189 0.006530 9
960 135 975 160 0.006518 9
1192 384 1203 401 0.006451 9
509 169 548 189 0.006443 9
224 182 233 196 0.006442 9
588 175 601 185 0.006269 9
240 166 248 191 0.006114 9
587 170 595 185 0.006084 9
991 679 1009 703 0.005908 9
224 184 232 199 0.005861 9
94 152 104 176 0.005773 9
517 168 548 184 0.005672 9
881 154 894 173 0.005672 9
693 176 703 198 0.005491 9
523 181 546 198 0.005457 9
1088 150 1110 178 0.005404 9
513 167 548 185 0.005288 9
847 151 858 166 0.005138 9
1047 156 1055 169 0.005007 9
664 153 671 174 0.004943 9
1011 138 1025 173 0.004915 9
1207 169 1215 200 0.004915 9
358 167 368 190 0.004861 9
638 161 653 185 0.004756 9
587 168 593 185 0.004659 9
95 152 104 173 0.004489 9
880 152 896 174 0.004391 9
542 167 553 198 0.004356 9
663 154 671 173 0.004329 9
639 163 655 184 0.004195 9
1007 137 1024 173 0.004169 9
576 179 582 200 0.004150 9
312 149 351 190 0.004136 9
624 169 635 194 0.003927 9
217 186 224 203 0.003913 9
520 168 563 200 0.003912 9
1230 168 1247 181 0.003902 9
587 166 602 185 0.003872 9
1197 382 1216 417 0.003852 9
877 153 893 176 0.003816 9
990 680 1010 703 0.003793 9
536 169 573 200 0.003758 9
483 174 495 183 0.003681 9
1089 149 1103 188 0.003676 9
959 132 976 160 0.003668 9
446 156 490 183 0.003591 9
1006 137 1023 172 0.003575 9
313 152 351 196 0.003562 9
854 292 864 311 0.003561 9
67 168 80 200 0.003547 9
959 119 971 134 0.003408 9
522 183 536 198 0.003381 9
698 126 705 152 0.003376 9
1154 165 1167 184 0.003347 9
1191 163 1202 186 0.003319 9
623 175 634 199 0.003257 9
554 175 574 200 0.003225 9
119 64 159 77 0.003181 9
550 174 579 201 0.003176 9
1013 135 1025 171 0.003171 9
513 151 545 188 0.003170 9
959 119 981 136 0.003105 9
447 156 490 188 0.003098 9
639 165 655 184 0.003023 9
447 154 490 170 0.002999 9
67 168 80 179 0.002966 9
256 178 262 191 0.002957 9
1229 167 1247 181 0.002954 9
1006 136 1024 172 0.002942 9
520 182 536 199 0.002932 9
665 181 671 195 0.002915 9
801 143 810 156 0.002894 9
959 119 969 133 0.002877 9
699 130 705 152 0.002856 9
884 152 899 177 0.002855 9
999 647 1025 703 0.002854 9
993 647 1024 703 0.002826 9
1202 407 1215 416 0.002739 9
243 213 252 238 0.002737 9
624 168 637 188 0.002701 9
1104 163 1147 192 0.002667 9
538 168 576 202 0.002647 9
840 152 849 163 0.002630 9
1104 163 1148 196 0.002611 9
854 287 864 312 0.002605 9
1104 163 1148 187 0.002593 9
1104 163 1147 202 0.002593 9
1186 160 1202 187 0.002531 9
964 121 981 136 0.002515 9
664 294 681 349 0.002515 9
545 166 579 203 0.002486 9
837 686 849 703 0.002468 9
512 154 526 196 0.002460 9
848 182 858 209 0.002424 9
1198 382 1213 417 0.002421 9
1041 156 1053 169 0.002407 9
698 123 706 153 0.002384 9
878 155 892 174 0.002384 9
533 408 544 429 0.002383 9
1154 160 1167 184 0.002374 9
738 201 744 215 0.002362 9
1191 165 1202 186 0.002343 9
961 119 981 136 0.002304 9
469 148 546 218 0.002238 9
960 135 976 161 0.002201 9
119 64 156 74 0.002189 9
568 135 581 161 0.002161 9
831 690 840 703 0.002130 9
447 157 491 192 0.002128 9
865 152 879 175 0.002082 9
814 76 849 92 0.002064 9
1091 149 1110 176 0.002048 9
580 64 596 92 0.002047 9
663 293 682 350 0.002037 9
671 328 680 346 0.002026 9
1214 368 1223 389 0.002023 9
700 117 720 154 0.002015 9
566 138 581 162 0.002008 9
119 64 160 78 0.002007 9
681 179 689 196 0.001962 9
173 64 201 90 0.001942 9
660 153 671 174 0.001941 9
971 123 981 136 0.001930 9
111 136 128 165 0.001906 9
664 326 679 349 0.001882 9
1044 156 1054 169 0.001853 9
831 136 860 166 0.001852 9
1103 165 1139 201 0.001822 9
992 145 1000 165 0.001804 9
767 103 783 136 0.001791 9
1044 151 1056 169 0.001786 9
809 77 850 91 0.001771 9
693 177 700 196 0.001755 9
664 151 671 174 0.001750 9
248 177 257 192 0.001680 9
680 170 688 191 0.001668 9
671 315 681 336 0.001663 9
1081 174 1088 184 0.001656 9
813 158 858 181 0.001655 9
975 143 987 153 0.001629 9
665 320 680 347 0.001622 9
767 104 784 136 0.001618 9
448 158 491 177 0.001606 9
1110 164 1147 185 0.001601 9
831 687 840 703 0.001600 9
1097 131 1105 160 0.001576 9
950 348 960 385 0.001564 9
701 127 713 153 0.001561 9
951 348 960 366 0.001556 9
1211 167 1226 202 0.001527 9
640 158 656 184 0.001518 9
993 643 1027 703 0.001496 9
1039 637 1057 696 0.001475 9
1104 164 1147 185 0.001456 9
860 631 897 688 0.001443 9
119 64 170 78 0.001424 9
119 64 201 86 0.001417 9
572 132 581 161 0.001395 9
615 156 624 171 0.001394 9
991 648 1015 703 0.001387 9
373 178 385 200 0.001385 9
970 175 976 186 0.001376 9
494 150 524 192 0.001371 9
580 64 597 93 0.001370 9
602 165 619 185 0.001356 9
703 120 720 153 0.001352 9
68 171 80 199 0.001352 9
767 104 784 132 0.001349 9
410 178 418 203 0.001343 9
1024 151 1040 159 0.001325 9
312 147 352 191 0.001318 9
654 152 671 175 0.001301 9
535 408 544 428 0.001296 9
213 164 221 177 0.001290 9
1150 335 1168 360 0.001288 9
119 64 198 84 0.001283 9
1038 636 1057 692 0.001279 9
596 64 625 93 0.001274 9
96 183 101 200 0.001270 9
243 195 261 226 0.001266 9
990 646 1020 703 0.001225 9
1089 153 1107 180 0.001222 9
701 120 716 154 0.001211 9
119 64 186 81 0.001203 9
566 143 581 161 0.001200 9
807 130 833 160 0.001191 9
352 164 362 190 0.001191 9
119 64 167 77 0.001189 9
340 165 351 186 0.001184 9
1199 134 1210 179 0.001175 9
802 134 825 159 0.001166 9
1100 137 1110 162 0.001164 9
809 78 845 89 0.001164 9
210 167 218 176 0.001164 9
585 64 624 94 0.001159 9
1192 381 1211 419 0.001153 9
607 158 620 182 0.001152 9
243 176 259 192 0.001151 9
960 340 968 353 0.001150 9
1021 150 1040 164 0.001140 9
504 152 580 207 0.001117 9
1181 165 1201 216 0.001098 9
1103 163 1144 196 0.001094 9
988 679 1023 703 0.001094 9
841 119 859 135 0.001093 9
1009 681 1024 703 0.001089 9
994 649 1010 685 0.001087 9
154 64 202 90 0.001084 9
1231 93 1250 161 0.001084 9
840 119 856 135 0.001082 9
860 630 897 701 0.001079 9
1016 150 1034 169 0.001076 9
735 135 752 154 0.001075 9
486 147 524 181 0.001070 9
861 631 897 695 0.001065 9
223 177 237 195 0.001062 9
853 281 864 312 0.001057 9
652 154 666 175 0.001056 9
976 143 993 153 0.001053 9
220 176 249 193 0.001052 9
998 646 1027 702 0.001032 9
350 164 373 192 0.001030 9
1198 134 1208 186 0.001015 9
118 64 182 79 0.001014 9
990 642 1025 703 0.001013 9
965 137 993 163 0.001012 9
1102 162 1151 198 0.001006 9
95 182 102 200 0.000999 9
1038 636 1056 688 0.000995 9
1199 130 1220 193 0.000987 9
665 171 671 189 0.000982 9
994 139 1001 167 0.000981 9
490 149 524 183 0.000979 9
410 177 418 200 0.000978 9
1056 673 1063 691 0.000974 9
480 173 495 188 0.000969 9
1007 648 1024 703 0.000965 9
665 185 671 208 0.000961 9
846 118 865 136 0.000961 9
766 111 779 136 0.000957 9
265 197 272 208 0.000957 9
810 160 858 180 0.000956 9
975 141 993 163 0.000949 9
680 164 688 183 0.000943 9
609 158 618 173 0.000933 9
1036 151 1056 169 0.000931 9
847 438 858 454 0.000930 9
842 118 866 136 0.000922 9
414 176 421 203 0.000918 9
866 631 897 683 0.000914 9
811 160 855 179 0.000903 9
166 64 177 75 0.000899 9
615 153 625 167 0.000893 9
432 171 446 192 0.000892 9
976 168 991 185 0.000891 9
247 194 257 205 0.000884 9
862 631 897 683 0.000880 9
702 120 720 154 0.000875 9
1184 163 1202 187 0.000855 9
850 152 870 184 0.000855 9
256 128 268 160 0.000851 9
264 212 276 232 0.000848 9
995 649 1010 683 0.000845 9
809 79 837 88 0.000844 9
689 118 711 153 0.000842 9
845 150 873 173 0.000841 9
576 180 582 201 0.000828 9
1104 166 1133 206 0.000827 9
949 348 961 391 0.000825 9
995 646 1024 689 0.000825 9
1100 128 1141 164 0.000822 9
846 285 864 312 0.000821 9
665 325 680 351 0.000819 9
569 177 582 200 0.000817 9
1088 142 1104 177 0.000811 9
1040 657 1051 682 0.000808 9
857 631 897 703 0.000807 9
1180 163 1203 217 0.000805 9
691 168 703 181 0.000805 9
1129 164 1161 185 0.000804 9
799 131 833 159 0.000802 9
555 162 580 181 0.000798 9
857 631 897 695 0.000795 9
1000 135 1012 182 0.000792 9
1022 154 1040 168 0.000790 9
257 177 271 195 0.000788 9
809 159 858 188 0.000787 9
1150 336 1168 360 0.000784 9
1013 135 1040 165 0.000783 9
998 135 1013 173 0.000781 9
991 649 1007 681 0.000780 9
571 164 581 178 0.000779 9
653 150 671 174 0.000778 9
992 139 1000 170 0.000777 9
991 678 1024 703 0.000775 9
1104 163 1144 217 0.000775 9
1125 158 1168 185 0.000775 9
339 166 351 189 0.000774 9
1088 146 1104 177 0.000771 9
1145 165 1155 185 0.000760 9
1077 151 1103 185 0.000760 9
835 155 855 171 0.000758 9
994 635 1025 684 0.000752 9
588 170 604 186 0.000751 9
812 158 855 178 0.000751 9
601 167 617 185 0.000750 9
848 276 864 311 0.000741 9
849 151 864 167 0.000741 9
513 141 545 186 0.000740 9
1182 164 1202 192 0.000737 9
1198 383 1212 423 0.000734 9
1201 132 1216 174 0.000732 9
1097 132 1112 162 0.000721 9
690 171 702 199 0.000717 9
312 68 369 196 0.000713 9
1118 602 1131 632 0.000708 9
624 169 639 199 0.000704 9
266 214 277 231 0.000704 9
120 64 182 83 0.000704 9
805 142 831 161 0.000703 9
1008 680 1024 703 0.000701 9
1021 100 1042 161 0.000699 9
1001 172 1009 186 0.000699 9
810 77 849 89 0.000696 9
1184 157 1203 187 0.000692 9
432 171 446 194 0.000692 9
344 183 353 199 0.000692 9
447 157 496 171 0.000692 9
1101 148 1147 189 0.000686 9
548 159 580 180 0.000684 9
766 102 784 136 0.000683 9
265 193 273 207 0.000681 9
1220 404 1231 423 0.000672 9
119 64 178 78 0.000672 9
625 178 640 199 0.000668 9
1119 602 1129 632 0.000666 9
663 323 680 350 0.000663 9
386 197 397 206 0.000662 9
829 135 911 169 0.000658 9
1247 677 1257 703 0.000658 9
624 167 638 185 0.000656 9
273 185 279 194 0.000655 9
592 64 641 98 0.000654 9
1071 674 1088 697 0.000651 9
312 135 387 195 0.000650 9
701 118 716 128 0.000649 9
842 119 861 135 0.000647 9
767 73 785 122 0.000644 9
766 71 785 124 0.000641 9
1017 114 1042 164 0.000639 9
1022 681 1040 702 0.000632 9
479 335 496 356 0.000629 9
119 64 201 90 0.000627 9
1230 95 1249 173 0.000627 9
594 64 637 93 0.000616 9
1076 684 1088 697 0.000614 9
847 439 856 454 0.000612 9
1021 140 1040 159 0.000606 9
448 143 491 171 0.000601 9
1056 668 1064 689 0.000599 9
1185 163 1216 188 0.000599 9
1056 153 1064 169 0.000598 9
1097 129 1104 143 0.000598 9
593 64 624 92 0.000595 9
1206 159 1219 186 0.000594 9
372 157 382 185 0.000593 9
1205 119 1232 172 0.000593 9
1203 408 1216 423 0.000591 9
414 175 422 203 0.000590 9
456 184 464 200 0.000586 9
1044 154 1056 183 0.000584 9
95 151 130 178 0.000582 9
587 160 608 185 0.000582 9
610 170 621 185 0.000580 9
701 117 720 129 0.000579 9
1209 166 1230 206 0.000578 9
224 183 233 203 0.000577 9
689 118 705 154 0.000576 9
447 156 492 209 0.000576 9
720 358 736 376 0.000574 9
1135 615 1152 652 0.000574 9
611 155 622 185 0.000573 9
690 168 701 180 0.000573 9
565 130 581 161 0.000573 9
159 64 182 87 0.000572 9
1186 134 1212 188 0.000571 9
240 181 254 211 0.000570 9
67 169 87 178 0.000568 9
312 108 383 198 0.000566 9
983 669 994 680 0.000561 9
399 184 408 202 0.000561 9
333 183 345 199 0.000559 9
258 172 271 195 0.000558 9
1103 160 1148 186 0.000557 9
959 118 983 151 0.000555 9
254 176 268 197 0.000553 9
1027 682 1040 701 0.000550 9
741 362 750 375 0.000548 9
960 118 972 134 0.000548 9
1015 645 1041 703 0.000547 9
990 653 1006 689 0.000547 9
352 166 363 190 0.000544 9
567 143 581 180 0.000540 9
799 133 825 157 0.000535 9
118 64 165 78 0.000534 9
992 642 1013 682 0.000530 9
67 167 80 178 0.000526 9
961 132 996 162 0.000525 9
406 179 418 204 0.000522 9
478 168 528 216 0.000522 9
1194 377 1233 424 0.000519 9
998 646 1029 693 0.000519 9
685 171 703 203 0.000517 9
919 691 928 703 0.000513 9
484 144 525 180 0.000512 9
1076 150 1103 186 0.000511 9
447 156 527 213 0.000510 9
194 187 201 203 0.000509 9
997 132 1009 172 0.000509 9
1109 147 1125 163 0.000502 9
651 170 661 196 0.000501 9
1046 170 1056 184 0.000499 9
599 156 621 185 0.000498 9
812 161 859 185 0.000498 9
1100 162 1122 199 0.000497 9
991 647 1007 681 0.000495 9
398 184 407 202 0.000494 9
835 119 858 135 0.000493 9
847 163 870 194 0.000488 9
490 142 579 207 0.000488 9
1207 127 1230 169 0.000486 9
1208 107 1232 165 0.000485 9
1088 154 1102 198 0.000485 9
1238 640 1248 671 0.000485 9
844 277 864 312 0.000482 9
1056 151 1064 163 0.000482 9
854 136 939 171 0.000481 9
447 147 527 172 0.000478 9
999 617 1030 689 0.000477 9
209 182 221 199 0.000473 9
158 64 171 74 0.000472 9
312 147 374 197 0.000471 9
294 176 307 198 0.000470 9
855 136 939 155 0.000468 9
1071 675 1087 694 0.000467 9
988 352 1001 376 0.000464 9
1099 122 1140 166 0.000463 9
214 162 222 176 0.000459 9
443 143 539 203 0.000458 9
572 123 581 161 0.000451 9
1186 140 1215 188 0.000451 9
375 162 408 184 0.000451 9
445 158 490 211 0.000448 9
224 177 245 194 0.000448 9
801 143 811 159 0.000446 9
161 64 185 76 0.000444 9
832 688 847 703 0.000443 9
1210 98 1232 162 0.000442 9
240 161 249 187 0.000441 9
847 272 864 311 0.000440 9
574 64 582 94 0.000440 9
812 129 833 137 0.000438 9
159 64 184 90 0.000433 9
1171 100 1200 137 0.000433 9
1024 647 1040 696 0.000433 9
596 149 609 165 0.000432 9
997 135 1010 173 0.000430 9
711 596 720 615 0.000429 9
480 174 496 199 0.000426 9
691 119 708 153 0.000424 9
996 615 1030 687 0.000423 9
466 161 575 217 0.000421 9
593 64 635 107 0.000416 9
827 134 921 171 0.000414 9
479 175 495 198 0.000413 9
574 276 603 345 0.000409 9
350 163 368 199 0.000408 9
256 147 268 175 0.000405 9
832 148 849 164 0.000405 9
1039 170 1050 184 0.000403 9
110 133 128 165 0.000403 9
967 137 995 172 0.000400 9
99 178 109 200 0.000400 9
809 135 832 160 0.000397 9
608 152 618 168 0.000395 9
1038 152 1058 185 0.000390 9
216 176 237 198 0.000389 9
912 168 923 178 0.000388 9
111 204 124 225 0.000387 9
44 320 56 343 0.000387 9
1006 614 1030 650 0.000386 9
1209 104 1228 136 0.000383 9
799 127 834 141 0.000381 9
1247 680 1257 703 0.000381 9
1180 162 1207 219 0.000381 9
1021 90 1044 162 0.000380 9
1091 131 1145 203 0.000379 9
497 170 515 188 0.000379 9
1121 184 1139 202 0.000378 9
543 158 581 198 0.000377 9
855 634 864 657 0.000376 9
1183 164 1217 197 0.000375 9
1160 535 1166 544 0.000374 9
765 69 789 122 0.000373 9
416 170 432 204 0.000372 9
693 172 711 200 0.000370 9
67 169 99 200 0.000366 9
831 134 873 168 0.000365 9
847 172 870 234 0.000365 9
1199 135 1213 172 0.000365 9
1022 679 1040 701 0.000362 9
156 64 181 91 0.000361 9
699 117 720 156 0.000361 9
223 168 232 176 0.000360 9
974 188 981 201 0.000359 9
862 112 869 118 0.000359 9
1004 613 1030 687 0.000359 9
802 687 816 703 0.000358 9
866 672 873 681 0.000357 9
1075 143 1103 183 0.000357 9
1209 95 1233 161 0.000356 9
184 197 191 206 0.000354 9
951 344 962 366 0.000353 9
809 77 851 100 0.000353 9
695 120 708 176 0.000352 9
1104 606 1112 615 0.000352 9
95 152 110 177 0.000351 9
1102 131 1143 165 0.000351 9
126 175 132 187 0.000350 9
1089 149 1117 181 0.000349 9
999 333 1008 343 0.000348 9
919 688 928 703 0.000348 9
573 64 590 92 0.000347 9
800 86 808 100 0.000346 9
1135 615 1152 650 0.000342 9
416 171 435 203 0.000341 9
49 184 64 206 0.000341 9
1102 151 1135 181 0.000341 9
574 275 605 360 0.000340 9
1072 148 1095 201 0.000340 9
850 112 870 136 0.000340 9
445 156 522 196 0.000340 9
734 358 742 376 0.000338 9
1152 99 1200 137 0.000335 9
1019 646 1040 684 0.000335 9
431 170 446 197 0.000335 9
738 359 751 375 0.000334 9
624 159 649 185 0.000333 9
1207 113 1223 135 0.000333 9
703 167 711 179 0.000332 9
695 119 716 179 0.000331 9
312 148 342 189 0.000331 9
578 301 593 317 0.000329 9
1150 103 1169 134 0.000328 9
828 76 849 98 0.000327 9
544 140 551 154 0.000327 9
551 139 580 160 0.000326 9
1068 632 1095 698 0.000326 9
638 64 660 83 0.000325 9
813 127 835 136 0.000325 9
1090 672 1104 696 0.000324 9
416 171 438 203 0.000324 9
1153 159 1197 185 0.000323 9
689 118 703 146 0.000323 9
480 146 525 171 0.000322 9
1150 146 1201 185 0.000320 9
903 149 932 181 0.000320 9
1070 71 1087 92 0.000318 9
1150 112 1164 133 0.000317 9
993 613 1030 703 0.000317 9
1068 631 1093 697 0.000316 9
991 630 1008 681 0.000315 9
830 64 839 69 0.000315 9
575 280 596 345 0.000314 9
1069 632 1091 695 0.000314 9
955 343 968 361 0.000312 9
818 682 837 703 0.000310 9
853 136 939 154 0.000308 9
584 160 607 185 0.000308 9
431 170 447 194 0.000307 9
959 129 987 165 0.000304 9
638 137 657 165 0.000304 9
95 175 108 201 0.000303 9
1089 681 1104 697 0.000302 9
1025 675 1040 700 0.000301 9
1054 637 1069 689 0.000301 9
1004 613 1030 660 0.000300 9
387 196 396 206 0.000299 9
373 162 409 185 0.000298 9
652 173 661 199 0.000296 9
575 70 583 94 0.000294 9
597 135 605 144 0.000294 9
1021 644 1046 698 0.000293 9
504 400 546 431 0.000292 9
1071 675 1089 699 0.000292 9
1087 150 1112 218 0.000290 9
1021 680 1040 703 0.000284 9
638 144 652 168 0.000284 9
1102 159 1153 186 0.000284 9
97 150 129 169 0.000284 9
456 151 528 172 0.000284 9
1210 164 1246 189 0.000282 9
351 157 364 191 0.000282 9
159 242 192 275 0.000281 9
695 151 706 174 0.000280 9
992 639 1056 703 0.000279 9
48 183 64 207 0.000279 9
1099 169 1121 205 0.000278 9
95 151 112 176 0.000277 9
680 180 691 215 0.000277 9
735 88 753 120 0.000276 9
578 64 597 98 0.000275 9
804 129 838 161 0.000275 9
587 162 620 190 0.000274 9
1091 660 1104 698 0.000273 9
1134 615 1153 679 0.000273 9
729 93 737 107 0.000271 9
260 196 269 206 0.000270 9
432 171 446 197 0.000270 9
1087 671 1103 698 0.000268 9
798 265 856 346 0.000267 9
596 140 610 165 0.000267 9
230 130 241 146 0.000266 9
586 64 629 106 0.000266 9
651 144 671 176 0.000266 9
670 153 677 168 0.000265 9
67 168 102 200 0.000263 9
1203 96 1225 135 0.000260 9
1110 159 1172 186 0.000260 9
959 336 968 348 0.000259 9
120 64 187 92 0.000259 9
1039 642 1055 696 0.000258 9
808 159 855 181 0.000258 9
448 156 505 189 0.000258 9
587 127 599 161 0.000258 9
912 168 928 180 0.000257 9
371 164 409 185 0.000256 9
742 150 752 157 0.000256 9
1206 121 1233 183 0.000256 9
478 335 496 373 0.000256 9
1226 98 1249 181 0.000253 9
976 687 995 703 0.000253 9
872 631 897 685 0.000252 9
1203 127 1224 165 0.000252 9
808 78 852 96 0.000249 9
999 179 1008 199 0.000248 9
1143 98 1206 184 0.000246 9
984 670 1000 701 0.000245 9
116 157 128 179 0.000243 9
991 132 1000 167 0.000242 9
861 136 921 171 0.000242 9
1238 640 1248 672 0.000242 9
586 126 600 164 0.000241 9
860 153 935 188 0.000241 9
974 135 994 159 0.000241 9
1118 684 1127 697 0.000240 9
1037 632 1057 688 0.000239 9
1086 662 1104 699 0.000239 9
1171 149 1184 163 0.000238 9
257 142 271 174 0.000238 9
259 167 271 179 0.000238 9
688 118 706 170 0.000236 9
1072 147 1096 188 0.000235 9
514 393 551 432 0.000235 9
270 186 278 208 0.000234 9
638 139 658 165 0.000234 9
585 119 599 162 0.000234 9
1073 152 1081 169 0.000234 9
943 130 957 146 0.000233 9
1022 645 1046 687 0.000233 9
1070 656 1088 695 0.000233 9
905 127 912 137 0.000232 9
663 303 688 351 0.000231 9
864 304 870 311 0.000231 9
1211 103 1226 133 0.000231 9
799 124 829 137 0.000230 9
1149 100 1197 136 0.000228 9
287 273 297 312 0.000228 9
1035 120 1108 204 0.000228 9
809 73 857 92 0.000227 9
1022 635 1057 689 0.000227 9
959 117 1002 168 0.000226 9
592 64 642 108 0.000226 9
127 176 132 201 0.000226 9
1151 163 1179 219 0.000226 9
525 138 544 183 0.000225 9
913 151 928 180 0.000225 9
1180 164 1225 214 0.000223 9
1071 664 1088 697 0.000223 9
348 147 378 190 0.000222 9
1166 586 1191 621 0.000220 9
169 64 265 90 0.000220 9
654 298 682 356 0.000220 9
576 75 586 100 0.000220 9
814 685 840 703 0.000218 9
575 275 602 339 0.000218 9
1152 158 1202 185 0.000218 9
659 172 693 216 0.000218 9
1207 158 1228 186 0.000217 9
1151 647 1168 681 0.000217 9
294 199 322 232 0.000216 9
1073 160 1100 208 0.000216 9
594 64 630 91 0.000216 9
991 626 1017 683 0.000216 9
830 678 840 698 0.000216 9
258 130 270 161 0.000216 9
256 164 268 185 0.000215 9
699 145 712 179 0.000215 9
978 679 1010 703 0.000215 9
855 631 899 684 0.000215 9
1005 172 1014 184 0.000214 9
642 149 657 170 0.000214 9
39 320 55 345 0.000214 9
1066 118 1126 183 0.000213 9
807 152 855 181 0.000213 9
350 150 384 189 0.000211 9
68 168 80 201 0.000211 9
100 180 107 202 0.000209 9
479 172 517 210 0.000209 9
805 283 839 344 0.000207 9
787 114 837 137 0.000207 9
287 285 297 312 0.000207 9
1054 636 1068 687 0.000206 9
1153 147 1201 186 0.000205 9
526 135 545 179 0.000205 9
1087 137 1141 180 0.000205 9
0 143 8 203 0.000205 9
790 137 802 153 0.000204 9
314 85 333 157 0.000203 9
878 135 939 180 0.000203 9
816 345 828 361 0.000202 9
549 140 576 155 0.000201 9
210 109 302 232 0.000201 9
607 680 621 703 0.000201 9
606 680 653 703 0.000201 9
294 199 319 232 0.000199 9
1098 117 1142 165 0.000199 9
766 70 787 104 0.000198 9
942 367 952 388 0.000198 9
983 136 1019 172 0.000198 9
1141 164 1173 218 0.000197 9
990 114 1000 133 0.000196 9
978 694 1008 703 0.000195 9
1038 635 1054 675 0.000195 9
579 64 602 104 0.000194 9
1152 162 1198 192 0.000194 9
170 64 257 91 0.000194 9
663 170 682 208 0.000193 9
519 133 545 186 0.000193 9
958 136 994 173 0.000192 9
55 159 62 169 0.000191 9
861 136 938 173 0.000190 9
800 296 820 333 0.000189 9
369 164 407 186 0.000189 9
372 157 429 204 0.000189 9
1188 130 1214 188 0.000188 9
591 145 602 163 0.000188 9
1093 659 1104 696 0.000187 9
67 169 79 200 0.000187 9
482 145 525 168 0.000187 9
800 296 828 342 0.000187 9
629 64 640 77 0.000187 9
941 122 961 146 0.000186 9
600 344 609 359 0.000184 9
1018 644 1040 684 0.000184 9
98 177 110 202 0.000184 9
562 122 581 162 0.000184 9
370 158 409 185 0.000183 9
1171 96 1203 136 0.000182 9
571 121 600 163 0.000182 9
470 190 480 206 0.000182 9
1054 139 1104 186 0.000182 9
719 357 737 377 0.000181 9
62 153 78 170 0.000180 9
210 119 274 225 0.000178 9
1066 632 1090 694 0.000177 9
584 119 599 162 0.000177 9
812 150 844 165 0.000177 9
800 88 807 101 0.000176 9
939 346 959 390 0.000175 9
621 64 641 91 0.000175 9
851 630 897 703 0.000175 9
1135 614 1152 671 0.000174 9
936 343 962 389 0.000174 9
849 268 873 317 0.000174 9
764 69 786 121 0.000174 9
303 72 368 200 0.000173 9
976 686 987 699 0.000173 9
976 631 997 681 0.000172 9
1054 636 1075 693 0.000172 9
669 150 678 168 0.000172 9
999 125 1007 136 0.000172 9
192 168 230 202 0.000172 9
231 130 241 146 0.000171 9
118 64 203 97 0.000171 9
448 144 541 172 0.000170 9
855 633 864 656 0.000170 9
1084 127 1106 178 0.000170 9
1006 329 1018 345 0.000169 9
89 184 96 200 0.000169 9
1024 682 1040 703 0.000169 9
959 146 991 169 0.000168 9
982 662 1001 680 0.000168 9
62 149 79 168 0.000168 9
1150 101 1166 134 0.000166 9
446 128 488 174 0.000166 9
1120 164 1158 221 0.000166 9
63 146 79 172 0.000165 9
40 326 50 345 0.000165 9
550 143 579 163 0.000165 9
663 289 689 351 0.000165 9
879 679 896 690 0.000164 9
1003 635 1057 702 0.000164 9
449 180 483 203 0.000164 9
1117 600 1136 632 0.000163 9
656 322 681 355 0.000163 9
594 137 625 174 0.000163 9
1070 72 1088 92 0.000163 9
751 116 782 142 0.000162 9
567 124 601 165 0.000162 9
624 267 640 285 0.000162 9
811 270 857 334 0.000161 9
809 73 851 91 0.000161 9
720 339 752 378 0.000160 9
17 157 25 177 0.000159 9
681 176 703 216 0.000158 9
445 178 470 216 0.000157 9
681 292 704 347 0.000157 9
1155 97 1204 137 0.000157 9
309 64 339 166 0.000156 9
310 90 333 165 0.000156 9
545 265 559 280 0.000156 9
844 114 871 137 0.000155 9
752 84 783 140 0.000155 9
624 64 640 74 0.000154 9
1070 70 1089 97 0.000154 9
1069 632 1094 691 0.000154 9
1216 583 1224 601 0.000154 9
991 630 1006 678 0.000153 9
960 133 1000 167 0.000153 9
1148 96 1210 186 0.000153 9
564 128 607 183 0.000153 9
943 119 960 145 0.000152 9
1087 679 1103 701 0.000152 9
1040 106 1122 218 0.000151 9
98 150 130 184 0.000151 9
871 694 881 703 0.000150 9
625 64 642 88 0.000150 9
191 183 202 206 0.000150 9
312 123 371 197 0.000150 9
576 280 595 321 0.000150 9
693 176 712 201 0.000150 9
831 373 847 391 0.000149 9
120 64 188 96 0.000149 9
799 77 807 100 0.000149 9
416 165 437 203 0.000148 9
701 112 720 128 0.000148 9
999 327 1009 343 0.000148 9
43 313 57 343 0.000148 9
1079 623 1085 630 0.000148 9
895 136 937 152 0.000148 9
1058 75 1072 88 0.000147 9
619 153 646 186 0.000147 9
316 108 369 196 0.000147 9
311 110 324 157 0.000146 9
229 164 246 183 0.000145 9
1098 110 1132 162 0.000145 9
1160 525 1168 544 0.000144 9
863 631 895 654 0.000143 9
432 173 445 203 0.000143 9
218 152 265 205 0.000143 9
855 634 864 658 0.000143 9
815 686 829 701 0.000142 9
1161 128 1195 177 0.000142 9
1084 639 1105 698 0.000141 9
1124 681 1136 697 0.000140 9
1051 111 1086 151 0.000140 9
469 183 481 200 0.000139 9
607 679 623 703 0.000138 9
1197 90 1225 176 0.000138 9
0 146 7 203 0.000137 9
637 75 657 104 0.000137 9
758 108 790 153 0.000137 9
1055 153 1065 182 0.000137 9
765 687 816 703 0.000136 9
750 300 768 344 0.000136 9
1105 139 1140 162 0.000136 9
1002 96 1041 170 0.000136 9
603 64 641 99 0.000135 9
1246 325 1267 361 0.000135 9
1145 106 1201 184 0.000135 9
796 114 837 137 0.000135 9
665 141 672 170 0.000135 9
256 84 262 97 0.000135 9
85 183 99 200 0.000134 9
547 151 566 161 0.000134 9
783 114 835 137 0.000134 9
1150 102 1173 134 0.000134 9
862 631 885 655 0.000133 9
843 631 896 703 0.000133 9
823 679 832 689 0.000133 9
1056 672 1067 695 0.000132 9
989 116 999 137 0.000132 9
310 108 324 159 0.000132 9
1239 683 1250 703 0.000132 9
987 134 1006 184 0.000132 9
1202 159 1249 188 0.000132 9
973 168 993 204 0.000131 9
684 291 704 347 0.000131 9
1102 162 1210 200 0.000131 9
372 151 413 185 0.000131 9
577 155 663 214 0.000131 9
978 632 993 669 0.000130 9
927 630 945 673 0.000130 9
447 143 524 172 0.000129 9
858 135 938 153 0.000129 9
1228 88 1251 160 0.000129 9
446 142 521 173 0.000129 9
863 661 873 676 0.000128 9
449 149 543 210 0.000128 9
849 282 867 332 0.000128 9
1104 163 1157 224 0.000127 9
871 688 880 696 0.000127 9
202 178 255 219 0.000127 9
790 135 801 152 0.000127 9
812 119 862 138 0.000127 9
1255 621 1263 644 0.000126 9
64 150 80 178 0.000126 9
1057 675 1072 693 0.000126 9
886 136 938 153 0.000126 9
0 142 8 197 0.000125 9
415 157 433 203 0.000125 9
1032 632 1057 700 0.000124 9
210 121 324 246 0.000124 9
1238 638 1248 672 0.000124 9
762 278 801 346 0.000123 9
361 152 411 185 0.000123 9
890 116 911 140 0.000123 9
1104 139 1143 163 0.000123 9
947 121 960 139 0.000123 9
579 64 646 96 0.000123 9
1005 613 1032 651 0.000122 9
644 129 672 174 0.000122 9
17 157 27 183 0.000122 9
309 107 335 185 0.000122 9
659 273 703 363 0.000121 9
700 113 720 128 0.000121 9
1199 587 1209 600 0.000121 9
41 321 56 345 0.000120 9
246 164 257 176 0.000120 9
999 109 1134 246 0.000120 9
998 108 1022 141 0.000120 9
884 121 898 138 0.000119 9
927 103 948 141 0.000118 9
1150 137 1197 186 0.000118 9
1034 132 1059 170 0.000118 9
751 72 785 146 0.000117 9
358 149 370 170 0.000117 9
1104 163 1152 248 0.000117 9
755 107 816 154 0.000116 9
153 186 171 205 0.000115 9
1006 103 1134 234 0.000115 9
1148 110 1192 174 0.000115 9
910 95 927 116 0.000115 9
680 155 690 181 0.000115 9
931 152 944 183 0.000114 9
1008 141 1053 185 0.000114 9
578 70 669 218 0.000114 9
883 679 896 700 0.000113 9
453 143 526 172 0.000113 9
1154 133 1208 190 0.000113 9
1248 675 1264 703 0.000113 9
430 157 491 197 0.000112 9
585 118 599 139 0.000112 9
621 150 637 169 0.000112 9
844 135 938 153 0.000112 9
594 136 626 178 0.000112 9
1069 69 1088 92 0.000111 9
907 96 930 120 0.000111 9
847 694 866 703 0.000111 9
583 64 645 102 0.000111 9
1198 580 1209 600 0.000111 9
112 150 134 165 0.000111 9
959 160 993 188 0.000111 9
72 150 106 179 0.000111 9
106 149 139 204 0.000111 9
1073 151 1081 166 0.000110 9
724 91 737 117 0.000109 9
1012 134 1042 166 0.000109 9
543 159 570 174 0.000108 9
818 117 859 136 0.000108 9
1132 279 1143 317 0.000108 9
1056 638 1072 690 0.000108 9
862 631 896 656 0.000108 9
862 630 893 654 0.000107 9
1144 100 1195 170 0.000107 9
796 64 887 91 0.000107 9
1023 133 1129 261 0.000107 9
376 147 409 185 0.000107 9
776 267 852 337 0.000106 9
239 178 268 224 0.000106 9
921 151 992 187 0.000106 9
552 136 580 151 0.000106 9
445 135 503 174 0.000106 9
680 126 691 158 0.000105 9
992 620 1057 703 0.000105 9
636 64 666 83 0.000105 9
685 118 708 179 0.000105 9
1201 90 1220 135 0.000105 9
878 686 889 697 0.000105 9
623 66 643 105 0.000105 9
927 630 944 669 0.000104 9
65 152 108 185 0.000104 9
927 84 945 137 0.000104 9
624 64 643 102 0.000104 9
447 137 514 173 0.000104 9
208 67 227 87 0.000103 9
1151 105 1212 188 0.000103 9
575 80 583 106 0.000103 9
616 144 655 176 0.000103 9
877 693 893 703 0.000103 9
244 131 255 144 0.000102 9
657 155 685 193 0.000102 9
748 275 801 346 0.000102 9
556 121 576 145 0.000101 9
689 155 701 175 0.000101 9
0 391 32 414 0.000101 9
1070 632 1093 679 0.000101 9
309 98 328 161 0.000101 9
986 117 995 133 0.000100 9
1181 192 1199 217 0.007877 11
111 204 121 223 0.004995 11
1181 190 1200 216 0.004236 11
111 204 121 224 0.002919 11
1181 187 1201 217 0.002767 11
1182 206 1195 217 0.002590 11
1051 110 1083 146 0.001921 11
1183 196 1201 217 0.000840 11
111 202 121 223 0.000428 11
1052 112 1071 142 0.000427 11
1179 189 1200 218 0.000254 11
111 204 128 225 0.000250 11
1178 185 1201 217 0.000157 11
