1131 201 1200 347 0.805942 0
679 197 705 286 0.792046 0
863 189 890 270 0.652681 0
1047 195 1074 254 0.649768 0
863 188 888 269 0.382700 0
253 201 267 240 0.323752 0
252 200 268 240 0.189385 0
475 197 491 239 0.119897 0
1047 195 1072 251 0.114936 0
474 198 493 244 0.113442 0
473 197 491 243 0.106018 0
253 202 269 241 0.080313 0
470 197 490 246 0.069835 0
1166 192 1185 239 0.064728 0
863 189 891 250 0.060191 0
1166 192 1184 235 0.058733 0
471 199 489 246 0.048833 0
718 211 728 234 0.045451 0
468 197 491 248 0.044411 0
717 211 728 234 0.043932 0
472 200 498 245 0.031847 0
1048 195 1068 221 0.031034 0
911 451 928 486 0.029393 0
470 202 481 241 0.028517 0
471 201 488 246 0.026505 0
715 208 728 234 0.025179 0
468 199 484 246 0.024772 0
466 197 493 251 0.024695 0
955 369 979 457 0.024294 0
1166 192 1181 216 0.022917 0
789 329 809 344 0.022369 0
784 197 793 215 0.021903 0
1166 192 1182 230 0.021668 0
253 198 269 241 0.021396 0
863 190 884 235 0.020845 0
1048 211 1073 253 0.020744 0
633 202 643 215 0.019729 0
954 369 977 457 0.017854 0
950 363 981 459 0.017568 0
950 359 983 483 0.016183 0
470 197 484 240 0.015435 0
847 202 861 242 0.015246 0
953 369 981 457 0.014805 0
713 209 729 234 0.014679 0
249 201 267 240 0.014062 0
715 210 729 234 0.013590 0
1072 485 1080 501 0.012612 0
633 202 645 215 0.012302 0
863 438 881 477 0.012289 0
464 201 477 250 0.012214 0
955 370 979 451 0.012119 0
248 199 266 240 0.011772 0
863 435 882 477 0.011439 0
1000 384 1010 399 0.010424 0
847 203 856 240 0.010410 0
213 192 224 231 0.010395 0
911 449 928 484 0.010065 0
956 369 980 446 0.009758 0
465 202 475 245 0.009708 0
847 197 868 259 0.009403 0
679 205 705 286 0.009097 0
1049 217 1075 257 0.009074 0
247 204 266 240 0.008714 0
253 203 267 245 0.008589 0
511 197 518 211 0.008453 0
847 201 866 242 0.008451 0
471 192 495 233 0.008037 0
863 439 878 465 0.008003 0
689 206 706 282 0.007542 0
847 199 857 223 0.007511 0
789 329 810 346 0.007477 0
957 371 980 428 0.007267 0
863 192 883 233 0.007053 0
213 194 225 232 0.007027 0
932 347 984 469 0.006998 0
784 194 794 215 0.006978 0
862 433 882 478 0.006953 0
926 203 946 252 0.006880 0
931 346 984 459 0.006816 0
803 184 815 216 0.006709 0
679 234 698 276 0.006584 0
1207 504 1216 512 0.006500 0
1048 195 1071 229 0.006426 0
1072 488 1080 503 0.006381 0
951 367 997 459 0.006303 0
213 194 225 238 0.006200 0
804 184 815 207 0.006096 0
955 366 987 425 0.005853 0
915 475 928 487 0.005845 0
999 383 1021 399 0.005808 0
739 201 744 214 0.005732 0
1015 388 1022 400 0.005723 0
789 328 811 391 0.005701 0
999 385 1009 399 0.005680 0
957 367 986 421 0.005452 0
847 204 856 222 0.005443 0
943 367 977 461 0.005371 0
1159 191 1185 231 0.005335 0
861 431 883 477 0.005329 0
1014 383 1024 400 0.005119 0
1200 503 1209 512 0.004994 0
1055 487 1067 497 0.004974 0
639 687 672 703 0.004737 0
246 197 255 217 0.004724 0
708 214 723 234 0.004676 0
242 210 253 239 0.004641 0
1168 218 1184 238 0.004633 0
242 198 255 239 0.004610 0
1205 168 1222 213 0.004599 0
1205 168 1220 213 0.004390 0
1049 194 1073 222 0.004360 0
464 198 472 215 0.004350 0
802 184 817 224 0.004342 0
1047 196 1067 224 0.004310 0
1049 194 1069 221 0.004281 0
911 447 929 486 0.004237 0
706 214 714 230 0.004224 0
999 385 1019 399 0.004208 0
814 328 845 344 0.004147 0
319 203 331 231 0.004142 0
1166 191 1184 218 0.004122 0
964 371 980 406 0.004067 0
957 371 980 409 0.004021 0
847 205 866 242 0.003990 0
680 197 690 234 0.003939 0
241 203 259 240 0.003812 0
1012 202 1024 224 0.003792 0
242 213 251 239 0.003787 0
1038 205 1048 229 0.003766 0
941 357 979 458 0.003766 0
886 436 933 485 0.003765 0
786 327 815 392 0.003732 0
1168 216 1185 238 0.003675 0
959 369 984 408 0.003668 0
937 204 945 216 0.003660 0
1151 198 1184 237 0.003642 0
1113 194 1121 202 0.003632 0
242 213 252 240 0.003620 0
1049 194 1067 222 0.003574 0
3 64 339 217 0.003560 0
635 199 653 216 0.003521 0
1005 384 1024 422 0.003510 0
1144 204 1183 239 0.003460 0
0 64 71 216 0.003447 0
1102 310 1129 345 0.003393 0
242 196 252 222 0.003383 0
1045 409 1056 423 0.003377 0
1137 446 1143 457 0.003337 0
783 328 810 344 0.003318 0
1046 410 1056 424 0.003288 0
948 354 991 457 0.003254 0
225 184 232 199 0.003234 0
1135 446 1142 463 0.003215 0
958 370 980 421 0.003207 0
1043 409 1056 458 0.003195 0
716 211 728 236 0.003151 0
784 326 815 391 0.003130 0
802 184 815 218 0.003107 0
1271 199 1279 240 0.003101 0
802 184 815 221 0.003077 0
1039 204 1050 227 0.003034 0
863 435 891 480 0.003027 0
1040 454 1048 464 0.003004 0
927 347 986 456 0.002963 0
956 376 976 463 0.002946 0
364 167 372 183 0.002901 0
550 202 561 216 0.002895 0
213 201 226 239 0.002857 0
1101 311 1126 345 0.002840 0
885 470 896 487 0.002840 0
1102 305 1136 345 0.002838 0
790 329 815 345 0.002813 0
946 351 996 468 0.002810 0
783 197 794 232 0.002783 0
1176 494 1185 502 0.002780 0
1045 484 1056 497 0.002770 0
995 382 1023 422 0.002757 0
346 185 353 199 0.002748 0
926 443 934 456 0.002698 0
1271 199 1279 240 0.002682 0
241 213 254 240 0.002675 0
213 194 222 225 0.002649 0
998 383 1022 400 0.002620 0
1112 194 1121 208 0.002592 0
1038 196 1051 227 0.002567 0
1231 544 1240 583 0.002563 0
216 186 224 201 0.002558 0
1272 200 1279 245 0.002528 0
834 469 848 479 0.002511 0
738 201 744 214 0.002475 0
1206 167 1225 211 0.002463 0
862 432 871 450 0.002444 0
1040 409 1056 461 0.002418 0
948 359 992 449 0.002393 0
789 327 833 344 0.002373 0
992 380 1024 448 0.002299 0
1072 463 1080 471 0.002276 0
1272 199 1279 262 0.002219 0
847 194 869 241 0.002194 0
1001 382 1023 420 0.002180 0
679 212 705 285 0.002171 0
960 439 968 453 0.002163 0
831 464 844 476 0.002155 0
1191 497 1200 504 0.002151 0
1071 456 1094 471 0.002149 0
345 184 353 199 0.002133 0
878 438 898 483 0.002113 0
1231 546 1240 583 0.002109 0
1151 440 1159 453 0.002095 0
992 382 1023 422 0.002094 0
801 184 815 236 0.002064 0
1102 317 1122 344 0.002061 0
877 438 890 476 0.001995 0
717 198 729 232 0.001981 0
1080 404 1088 414 0.001955 0
1038 210 1053 237 0.001948 0
1103 309 1131 332 0.001946 0
928 438 944 457 0.001927 0
1175 497 1185 511 0.001926 0
990 377 1023 450 0.001911 0
932 437 944 455 0.001876 0
1202 171 1215 214 0.001868 0
1088 191 1094 209 0.001863 0
878 437 888 456 0.001861 0
1212 201 1225 233 0.001859 0
639 689 672 703 0.001842 0
1048 197 1079 253 0.001832 0
1269 197 1279 242 0.001802 0
1231 459 1240 470 0.001801 0
1150 99 1165 135 0.001796 0
1037 190 1051 227 0.001792 0
895 416 904 440 0.001789 0
811 209 826 237 0.001774 0
1214 201 1226 224 0.001765 0
1098 399 1103 407 0.001753 0
789 329 810 352 0.001745 0
681 198 699 228 0.001742 0
1270 196 1279 269 0.001741 0
1036 199 1050 232 0.001729 0
1009 430 1015 440 0.001723 0
847 213 869 265 0.001716 0
789 331 819 392 0.001708 0
873 423 939 485 0.001690 0
1 64 175 216 0.001663 0
1 64 201 214 0.001663 0
783 327 816 392 0.001658 0
924 202 946 249 0.001648 0
1174 208 1196 241 0.001636 0
1103 311 1127 328 0.001629 0
1247 472 1259 485 0.001622 0
1160 192 1184 219 0.001618 0
751 463 762 472 0.001617 0
1151 440 1162 468 0.001614 0
983 205 994 227 0.001612 0
1151 443 1160 469 0.001611 0
924 203 957 254 0.001608 0
1198 496 1212 506 0.001588 0
895 415 904 427 0.001570 0
1102 311 1127 338 0.001559 0
910 448 930 490 0.001559 0
788 324 816 345 0.001558 0
213 185 231 235 0.001551 0
1046 482 1055 491 0.001538 0
782 196 794 235 0.001526 0
1127 446 1135 468 0.001520 0
1103 304 1134 347 0.001474 0
509 194 527 218 0.001471 0
607 201 617 215 0.001462 0
989 206 997 226 0.001455 0
997 383 1022 422 0.001438 0
1072 482 1080 498 0.001437 0
847 226 857 242 0.001437 0
991 214 997 226 0.001433 0
1007 455 1023 466 0.001413 0
1183 213 1205 235 0.001405 0
819 328 847 345 0.001380 0
897 156 907 174 0.001370 0
1140 254 1186 346 0.001362 0
926 439 935 455 0.001359 0
813 259 843 346 0.001353 0
1169 456 1184 473 0.001351 0
1038 417 1047 439 0.001322 0
517 196 528 217 0.001313 0
645 193 655 210 0.001307 0
864 421 937 484 0.001304 0
851 463 865 476 0.001302 0
863 434 950 485 0.001285 0
1111 440 1120 464 0.001282 0
1231 458 1239 468 0.001279 0
1214 204 1228 233 0.001273 0
960 439 968 457 0.001273 0
241 195 256 235 0.001263 0
1038 409 1047 427 0.001258 0
895 420 904 447 0.001252 0
1072 456 1094 472 0.001251 0
1105 607 1111 614 0.001238 0
787 328 832 391 0.001236 0
367 207 377 231 0.001235 0
909 451 944 485 0.001226 0
787 324 814 345 0.001205 0
1137 256 1187 341 0.001204 0
1202 496 1215 504 0.001203 0
199 210 208 225 0.001202 0
784 197 800 233 0.001199 0
888 416 915 458 0.001198 0
1 64 155 219 0.001192 0
922 199 948 247 0.001192 0
1038 408 1056 462 0.001191 0
199 211 208 226 0.001186 0
1072 505 1081 512 0.001184 0
1074 439 1087 455 0.001182 0
967 455 976 462 0.001179 0
1209 203 1232 266 0.001170 0
991 370 1013 409 0.001160 0
833 463 849 478 0.001155 0
1026 450 1041 464 0.001155 0
1127 447 1135 462 0.001155 0
976 369 992 412 0.001145 0
1151 441 1167 473 0.001143 0
960 455 969 465 0.001141 0
386 198 396 205 0.001133 0
214 183 231 232 0.001114 0
1039 424 1047 445 0.001110 0
919 688 928 703 0.001110 0
1077 425 1087 442 0.001107 0
78 64 341 210 0.001103 0
813 263 849 344 0.001101 0
989 369 1019 422 0.001086 0
1212 200 1225 212 0.001085 0
1080 401 1088 411 0.001084 0
998 383 1023 419 0.001084 0
633 664 672 703 0.001078 0
1072 439 1086 455 0.001075 0
881 441 899 458 0.001068 0
1231 464 1245 496 0.001068 0
1130 246 1177 339 0.001068 0
959 436 975 455 0.001060 0
515 192 532 246 0.001054 0
1012 393 1024 424 0.001051 0
1048 195 1073 228 0.001047 0
558 201 569 215 0.001046 0
980 372 993 414 0.001042 0
983 207 994 227 0.001033 0
942 360 979 437 0.001029 0
877 432 889 456 0.001027 0
1207 508 1216 518 0.001026 0
1073 423 1083 439 0.001026 0
1118 439 1140 472 0.001023 0
984 446 993 455 0.001018 0
350 187 357 199 0.001006 0
213 188 231 238 0.000996 0
638 676 672 703 0.000996 0
367 208 377 223 0.000994 0
663 293 681 348 0.000991 0
223 377 240 408 0.000986 0
907 454 940 487 0.000984 0
814 275 849 344 0.000981 0
895 200 905 234 0.000981 0
639 672 672 703 0.000980 0
728 206 737 217 0.000979 0
1095 440 1103 456 0.000976 0
1073 426 1082 441 0.000967 0
975 369 995 422 0.000966 0
866 189 884 221 0.000961 0
859 423 933 485 0.000959 0
1219 200 1229 232 0.000959 0
1259 199 1279 269 0.000958 0
784 197 797 215 0.000951 0
1205 201 1218 214 0.000949 0
955 395 974 457 0.000943 0
847 463 862 477 0.000937 0
1079 193 1091 203 0.000935 0
1128 439 1149 471 0.000926 0
0 64 23 211 0.000923 0
1111 441 1122 472 0.000921 0
1203 166 1230 234 0.000916 0
116 64 338 212 0.000915 0
334 184 344 199 0.000912 0
1037 199 1073 257 0.000911 0
1039 408 1053 424 0.000907 0
879 450 896 484 0.000906 0
911 447 926 459 0.000902 0
1111 441 1120 470 0.000892 0
787 327 825 368 0.000891 0
1212 217 1230 267 0.000884 0
786 315 811 345 0.000884 0
312 64 477 338 0.000880 0
990 362 1010 399 0.000880 0
895 416 914 440 0.000875 0
864 435 958 485 0.000863 0
332 185 343 199 0.000861 0
883 439 907 457 0.000861 0
879 422 912 459 0.000860 0
907 335 923 348 0.000856 0
1218 200 1230 233 0.000856 0
814 308 846 344 0.000853 0
503 577 513 616 0.000849 0
1205 193 1230 232 0.000846 0
1261 200 1279 269 0.000845 0
711 205 736 235 0.000845 0
1092 455 1104 472 0.000843 0
1173 488 1185 503 0.000839 0
517 196 536 246 0.000837 0
1127 246 1176 345 0.000831 0
890 202 902 233 0.000830 0
315 64 426 224 0.000828 0
935 429 944 445 0.000822 0
1039 438 1049 457 0.000820 0
888 201 904 234 0.000820 0
1150 441 1167 474 0.000817 0
208 194 224 231 0.000815 0
310 64 446 216 0.000809 0
607 662 672 703 0.000807 0
882 438 904 456 0.000800 0
1038 444 1049 464 0.000799 0
1140 441 1152 463 0.000797 0
1072 445 1082 456 0.000796 0
864 334 883 343 0.000796 0
632 202 650 221 0.000781 0
1198 472 1215 482 0.000781 0
878 468 896 493 0.000776 0
902 335 923 348 0.000770 0
1062 199 1078 242 0.000767 0
1119 441 1130 470 0.000765 0
1015 319 1040 344 0.000764 0
1100 327 1121 344 0.000760 0
316 64 622 214 0.000759 0
1140 391 1152 408 0.000757 0
574 386 593 437 0.000754 0
947 382 976 458 0.000753 0
648 675 672 703 0.000752 0
885 200 910 247 0.000751 0
1149 438 1167 471 0.000750 0
155 64 353 211 0.000738 0
1233 468 1253 502 0.000736 0
1118 436 1160 471 0.000736 0
1103 299 1131 329 0.000732 0
910 331 927 349 0.000730 0
210 195 223 230 0.000727 0
992 446 1001 456 0.000723 0
225 184 233 204 0.000723 0
784 326 811 362 0.000722 0
649 407 657 423 0.000721 0
1118 441 1132 472 0.000718 0
126 64 342 206 0.000717 0
990 382 1013 423 0.000712 0
654 199 662 216 0.000707 0
1008 423 1024 440 0.000703 0
139 64 335 231 0.000701 0
882 317 897 343 0.000700 0
784 195 796 232 0.000698 0
0 64 33 212 0.000694 0
926 424 940 456 0.000694 0
917 343 998 457 0.000690 0
1244 460 1260 474 0.000690 0
932 455 943 464 0.000690 0
1095 441 1104 461 0.000689 0
313 64 497 217 0.000682 0
0 64 21 210 0.000682 0
1006 512 1017 522 0.000681 0
881 318 890 341 0.000680 0
785 195 795 222 0.000680 0
184 197 191 206 0.000680 0
318 64 464 359 0.000677 0
1080 311 1127 345 0.000675 0
31 516 48 567 0.000675 0
662 423 670 434 0.000673 0
898 415 913 425 0.000669 0
831 414 848 452 0.000666 0
1150 443 1167 478 0.000663 0
1000 431 1008 440 0.000661 0
1072 395 1079 408 0.000658 0
869 322 882 343 0.000658 0
39 412 47 423 0.000657 0
877 335 886 343 0.000654 0
1079 405 1088 425 0.000653 0
328 64 433 218 0.000649 0
157 64 270 232 0.000645 0
1014 444 1028 462 0.000645 0
317 64 369 185 0.000642 0
1135 439 1155 471 0.000641 0
784 196 799 228 0.000641 0
1088 191 1103 210 0.000640 0
376 186 385 201 0.000639 0
1137 214 1196 287 0.000637 0
1186 212 1209 236 0.000635 0
885 318 894 339 0.000635 0
1075 423 1088 440 0.000634 0
574 368 610 441 0.000632 0
1015 319 1037 345 0.000631 0
802 208 845 240 0.000631 0
335 64 456 215 0.000631 0
761 328 818 391 0.000628 0
1031 493 1039 502 0.000623 0
1132 443 1154 475 0.000617 0
864 189 885 222 0.000610 0
337 66 499 210 0.000609 0
1014 423 1024 437 0.000608 0
111 218 119 236 0.000608 0
814 263 845 344 0.000606 0
855 404 936 478 0.000604 0
740 200 749 215 0.000604 0
0 154 7 203 0.000599 0
1112 462 1122 474 0.000597 0
1092 451 1105 471 0.000597 0
713 208 736 234 0.000595 0
1212 219 1240 266 0.000595 0
990 680 1006 703 0.000593 0
303 66 450 260 0.000589 0
1071 391 1079 407 0.000588 0
134 411 144 431 0.000586 0
802 440 816 455 0.000585 0
220 373 240 409 0.000583 0
821 458 832 474 0.000576 0
818 324 848 343 0.000576 0
159 64 261 210 0.000575 0
1231 457 1262 486 0.000573 0
982 201 994 226 0.000571 0
1 64 341 358 0.000570 0
1028 481 1040 495 0.000566 0
879 318 893 343 0.000564 0
1007 446 1023 464 0.000563 0
1125 64 1152 75 0.000562 0
622 663 672 703 0.000560 0
1078 314 1126 345 0.000559 0
863 335 877 343 0.000559 0
321 65 596 369 0.000558 0
935 417 945 441 0.000557 0
1100 315 1130 362 0.000557 0
1141 209 1195 263 0.000556 0
909 438 933 456 0.000555 0
819 201 857 240 0.000555 0
930 200 953 212 0.000554 0
314 64 368 202 0.000551 0
1168 185 1180 201 0.000547 0
45 317 56 344 0.000546 0
904 335 924 350 0.000546 0
184 193 191 206 0.000545 0
1033 360 1056 407 0.000545 0
1030 419 1041 442 0.000540 0
1134 443 1153 471 0.000539 0
31 509 48 568 0.000539 0
1068 197 1077 213 0.000536 0
574 381 592 437 0.000536 0
1076 332 1091 359 0.000535 0
856 432 869 441 0.000534 0
943 353 959 447 0.000533 0
864 189 890 227 0.000532 0
0 64 51 214 0.000531 0
0 64 68 300 0.000530 0
415 641 426 678 0.000530 0
961 439 976 462 0.000528 0
1044 203 1203 345 0.000528 0
1247 469 1271 494 0.000526 0
213 192 238 241 0.000526 0
991 455 1000 465 0.000523 0
574 365 592 438 0.000519 0
881 415 912 460 0.000518 0
751 425 778 447 0.000517 0
571 390 609 444 0.000517 0
885 437 904 456 0.000517 0
950 361 1024 461 0.000517 0
454 202 478 251 0.000517 0
1250 216 1264 233 0.000514 0
1073 192 1102 236 0.000514 0
1119 64 1135 76 0.000513 0
1120 64 1153 77 0.000512 0
1023 483 1040 496 0.000510 0
273 194 296 239 0.000509 0
0 65 355 394 0.000509 0
799 440 816 453 0.000508 0
1215 497 1233 510 0.000507 0
310 64 516 207 0.000504 0
202 390 224 410 0.000504 0
896 470 908 485 0.000503 0
778 257 841 345 0.000502 0
578 392 592 435 0.000502 0
1037 365 1051 408 0.000497 0
1179 339 1193 390 0.000496 0
195 371 240 409 0.000491 0
1086 438 1119 467 0.000491 0
649 408 657 424 0.000490 0
1087 187 1104 204 0.000489 0
1120 395 1128 424 0.000487 0
951 427 967 455 0.000486 0
155 64 365 241 0.000484 0
1062 421 1073 434 0.000483 0
937 357 1023 456 0.000481 0
1135 367 1153 408 0.000479 0
624 686 672 703 0.000479 0
336 64 486 210 0.000479 0
918 336 926 350 0.000478 0
1026 360 1048 410 0.000477 0
1210 216 1241 267 0.000475 0
1216 454 1223 471 0.000475 0
574 383 609 438 0.000474 0
991 394 1003 437 0.000474 0
1073 443 1089 457 0.000469 0
333 65 440 226 0.000461 0
741 200 749 215 0.000459 0
1077 194 1094 209 0.000458 0
1026 368 1042 408 0.000454 0
439 208 447 218 0.000453 0
133 410 144 426 0.000450 0
1238 424 1248 440 0.000450 0
1140 203 1179 245 0.000449 0
1039 322 1056 336 0.000448 0
1237 455 1263 472 0.000447 0
952 370 1012 444 0.000439 0
1077 334 1089 360 0.000437 0
993 413 1018 441 0.000435 0
193 371 236 413 0.000434 0
158 206 167 224 0.000434 0
1077 404 1122 467 0.000434 0
999 513 1008 536 0.000433 0
1247 422 1253 438 0.000432 0
820 277 851 344 0.000432 0
980 455 994 463 0.000432 0
613 424 624 433 0.000430 0
884 421 933 459 0.000429 0
207 396 224 456 0.000424 0
945 368 964 406 0.000424 0
574 372 592 438 0.000424 0
862 419 881 464 0.000419 0
926 416 938 454 0.000418 0
753 425 788 450 0.000417 0
1144 209 1194 277 0.000416 0
214 199 244 262 0.000414 0
386 90 498 211 0.000413 0
0 148 7 203 0.000412 0
892 200 912 239 0.000411 0
1210 253 1226 266 0.000411 0
1048 412 1063 425 0.000407 0
942 374 958 451 0.000406 0
274 196 287 233 0.000402 0
1033 410 1040 425 0.000402 0
274 194 287 235 0.000401 0
860 422 878 449 0.000401 0
368 91 499 219 0.000400 0
976 690 988 703 0.000399 0
1 64 343 302 0.000398 0
1141 216 1153 232 0.000398 0
1115 443 1156 475 0.000396 0
672 423 689 438 0.000395 0
819 311 848 343 0.000395 0
1 64 84 238 0.000394 0
1217 407 1231 423 0.000394 0
691 200 706 233 0.000394 0
984 214 1008 235 0.000394 0
1095 324 1122 360 0.000394 0
1114 463 1129 473 0.000393 0
125 207 136 229 0.000391 0
1205 203 1225 230 0.000391 0
1072 337 1095 400 0.000391 0
0 69 19 211 0.000389 0
1063 415 1072 424 0.000388 0
1083 343 1097 361 0.000388 0
896 324 905 343 0.000386 0
543 664 553 702 0.000386 0
1018 321 1041 345 0.000385 0
1013 424 1025 441 0.000383 0
1072 334 1097 390 0.000383 0
7 510 48 567 0.000379 0
624 688 671 703 0.000379 0
1251 213 1267 233 0.000379 0
151 64 388 202 0.000378 0
756 205 767 232 0.000377 0
1183 350 1192 385 0.000376 0
1221 472 1231 485 0.000376 0
875 365 1024 487 0.000375 0
542 655 553 702 0.000372 0
1169 221 1196 263 0.000372 0
508 202 536 248 0.000372 0
311 64 434 232 0.000371 0
574 390 592 438 0.000370 0
863 325 885 343 0.000369 0
255 64 356 200 0.000369 0
160 64 261 188 0.000369 0
0 64 78 221 0.000366 0
1029 425 1040 443 0.000365 0
1199 184 1214 214 0.000365 0
194 187 201 201 0.000364 0
1167 477 1178 492 0.000363 0
998 512 1009 550 0.000362 0
665 180 673 216 0.000362 0
790 312 840 345 0.000361 0
959 351 996 393 0.000361 0
1210 194 1272 268 0.000361 0
910 424 930 456 0.000358 0
882 325 898 344 0.000358 0
887 199 913 246 0.000357 0
999 519 1008 537 0.000357 0
998 508 1011 540 0.000355 0
780 326 847 363 0.000354 0
987 195 1015 226 0.000353 0
1072 397 1088 423 0.000352 0
1262 363 1279 504 0.000349 0
1246 483 1279 666 0.000349 0
772 312 810 344 0.000349 0
319 64 428 200 0.000349 0
730 323 744 339 0.000348 0
1103 269 1143 340 0.000348 0
898 407 913 425 0.000348 0
1143 258 1184 347 0.000347 0
856 399 863 410 0.000347 0
943 382 951 392 0.000347 0
217 381 240 409 0.000345 0
893 416 929 450 0.000345 0
7 64 502 388 0.000343 0
1214 249 1226 266 0.000343 0
574 365 593 440 0.000342 0
590 390 608 431 0.000341 0
103 64 343 265 0.000341 0
901 334 925 375 0.000340 0
831 479 843 505 0.000340 0
671 423 687 439 0.000340 0
943 366 961 407 0.000338 0
950 421 970 456 0.000338 0
1072 334 1094 394 0.000337 0
1221 423 1249 440 0.000337 0
1218 222 1230 233 0.000336 0
974 349 999 393 0.000336 0
361 87 501 245 0.000333 0
1031 359 1063 398 0.000333 0
1017 320 1046 344 0.000333 0
255 65 338 208 0.000332 0
1077 331 1101 361 0.000331 0
1057 423 1072 443 0.000330 0
766 200 784 234 0.000330 0
976 324 990 344 0.000330 0
575 365 630 436 0.000330 0
1142 198 1187 229 0.000330 0
268 194 279 212 0.000328 0
222 211 247 259 0.000327 0
1135 387 1152 408 0.000326 0
755 201 768 226 0.000326 0
751 452 779 472 0.000323 0
1150 211 1186 264 0.000323 0
206 396 224 451 0.000322 0
575 363 634 437 0.000321 0
914 202 939 244 0.000321 0
211 178 330 382 0.000318 0
924 357 1025 470 0.000318 0
1094 421 1104 433 0.000317 0
207 398 225 460 0.000316 0
946 369 1031 456 0.000315 0
269 194 284 235 0.000315 0
573 365 627 447 0.000313 0
1027 327 1043 360 0.000313 0
1070 193 1081 210 0.000313 0
110 244 128 311 0.000312 0
911 261 928 345 0.000312 0
1030 360 1057 390 0.000311 0
1119 399 1127 427 0.000311 0
766 198 786 232 0.000310 0
318 64 398 197 0.000310 0
1119 99 1135 138 0.000309 0
1053 415 1080 469 0.000309 0
247 199 272 262 0.000309 0
688 423 695 435 0.000308 0
383 184 396 205 0.000306 0
800 440 816 458 0.000306 0
1098 330 1106 344 0.000306 0
727 419 736 438 0.000304 0
1231 455 1260 471 0.000302 0
1091 246 1173 336 0.000302 0
1223 458 1233 472 0.000302 0
308 64 368 196 0.000302 0
202 202 224 230 0.000301 0
803 180 859 240 0.000301 0
1055 423 1062 435 0.000300 0
150 64 260 186 0.000300 0
455 183 565 255 0.000298 0
787 197 802 237 0.000298 0
816 313 848 343 0.000298 0
942 357 960 430 0.000298 0
1177 327 1213 398 0.000298 0
17 505 48 567 0.000297 0
814 440 825 460 0.000296 0
1105 288 1135 331 0.000295 0
808 440 826 455 0.000295 0
1031 359 1059 390 0.000295 0
158 64 324 211 0.000294 0
734 422 749 457 0.000293 0
988 679 1039 703 0.000293 0
880 436 919 458 0.000291 0
267 220 290 294 0.000290 0
1183 346 1213 416 0.000290 0
771 259 837 345 0.000289 0
1105 600 1112 614 0.000286 0
337 64 435 193 0.000285 0
749 202 763 220 0.000285 0
1170 222 1192 264 0.000284 0
542 646 554 702 0.000284 0
815 328 848 362 0.000284 0
657 667 672 703 0.000284 0
575 341 632 436 0.000284 0
661 413 671 434 0.000284 0
1015 377 1039 409 0.000283 0
989 680 1031 703 0.000283 0
223 374 240 408 0.000283 0
1117 438 1166 472 0.000282 0
301 64 485 208 0.000282 0
337 76 515 227 0.000281 0
975 687 990 703 0.000281 0
882 342 1007 473 0.000281 0
1216 424 1239 438 0.000279 0
254 64 364 206 0.000279 0
255 64 336 191 0.000279 0
1176 223 1202 264 0.000278 0
1025 359 1057 392 0.000277 0
1220 454 1236 471 0.000277 0
959 482 969 494 0.000276 0
1212 456 1224 472 0.000276 0
346 167 360 200 0.000276 0
609 442 624 463 0.000275 0
254 65 327 173 0.000275 0
1094 399 1104 417 0.000273 0
543 668 553 703 0.000272 0
921 365 951 459 0.000272 0
766 199 787 235 0.000272 0
1068 428 1118 473 0.000272 0
1071 382 1087 404 0.000272 0
1208 206 1253 268 0.000272 0
923 458 944 485 0.000268 0
66 64 130 197 0.000268 0
1057 397 1090 444 0.000267 0
779 303 848 344 0.000267 0
911 325 928 346 0.000267 0
578 422 592 438 0.000266 0
191 369 235 414 0.000265 0
1029 342 1057 383 0.000265 0
317 66 496 359 0.000265 0
269 186 280 210 0.000265 0
1211 217 1247 267 0.000264 0
910 327 927 344 0.000264 0
851 298 864 337 0.000264 0
666 207 678 231 0.000263 0
929 202 955 237 0.000262 0
1215 445 1227 456 0.000262 0
1045 195 1088 253 0.000262 0
137 64 261 215 0.000262 0
1 64 80 210 0.000261 0
932 413 944 437 0.000261 0
568 388 609 448 0.000261 0
1183 442 1192 459 0.000260 0
937 357 1023 421 0.000258 0
1071 336 1090 397 0.000258 0
1079 439 1120 472 0.000258 0
983 351 993 360 0.000257 0
1264 314 1279 487 0.000257 0
703 415 733 470 0.000256 0
867 314 899 342 0.000256 0
1230 541 1251 584 0.000255 0
799 421 819 446 0.000254 0
911 273 928 346 0.000254 0
580 367 620 437 0.000254 0
665 304 687 371 0.000254 0
1023 382 1030 393 0.000254 0
751 201 766 231 0.000253 0
1022 423 1038 440 0.000253 0
317 84 609 282 0.000252 0
1012 442 1048 466 0.000252 0
1072 334 1089 389 0.000252 0
1140 424 1168 443 0.000252 0
1167 456 1185 478 0.000251 0
814 406 833 449 0.000251 0
0 506 16 563 0.000251 0
255 65 343 237 0.000250 0
927 376 942 392 0.000250 0
1121 64 1153 80 0.000250 0
820 328 848 360 0.000250 0
896 329 906 344 0.000249 0
1071 336 1088 387 0.000249 0
937 413 970 457 0.000249 0
917 422 927 434 0.000249 0
616 357 624 374 0.000248 0
1079 196 1118 235 0.000248 0
784 192 799 217 0.000248 0
0 71 62 222 0.000248 0
155 70 212 230 0.000248 0
1216 407 1231 424 0.000246 0
1263 295 1279 489 0.000246 0
575 357 592 438 0.000245 0
1190 97 1204 136 0.000244 0
1059 463 1070 471 0.000243 0
1034 359 1065 418 0.000242 0
1098 416 1117 443 0.000242 0
198 370 240 407 0.000241 0
447 183 495 249 0.000241 0
1247 424 1263 443 0.000240 0
395 92 501 211 0.000240 0
1263 75 1279 154 0.000239 0
991 415 1002 438 0.000238 0
110 202 135 239 0.000238 0
132 64 556 259 0.000238 0
765 422 801 453 0.000238 0
269 231 290 295 0.000236 0
630 425 639 441 0.000236 0
767 312 809 344 0.000235 0
1189 487 1205 505 0.000235 0
1264 348 1279 494 0.000235 0
67 64 128 158 0.000234 0
1245 414 1254 427 0.000233 0
725 421 737 443 0.000232 0
814 262 833 327 0.000232 0
246 194 255 211 0.000232 0
1149 448 1168 479 0.000231 0
698 329 703 338 0.000230 0
799 422 817 445 0.000230 0
654 423 668 437 0.000228 0
1061 392 1072 402 0.000227 0
0 65 63 357 0.000226 0
105 67 211 223 0.000226 0
1102 419 1113 436 0.000226 0
577 660 672 703 0.000226 0
1150 327 1170 405 0.000225 0
1012 472 1025 489 0.000225 0
814 407 831 442 0.000225 0
1030 323 1058 364 0.000224 0
932 427 972 456 0.000223 0
852 324 863 338 0.000222 0
969 237 977 252 0.000220 0
631 440 638 450 0.000220 0
797 439 823 471 0.000220 0
1168 441 1185 470 0.000219 0
801 351 816 392 0.000219 0
574 354 594 440 0.000219 0
1183 506 1197 518 0.000219 0
928 381 939 407 0.000219 0
0 134 27 319 0.000218 0
199 210 226 240 0.000218 0
1003 370 1043 427 0.000217 0
1193 188 1217 220 0.000216 0
1174 497 1185 520 0.000216 0
254 64 365 191 0.000214 0
0 141 21 233 0.000214 0
672 425 688 439 0.000214 0
963 344 997 393 0.000213 0
1235 207 1279 367 0.000213 0
251 66 329 197 0.000210 0
663 290 682 350 0.000210 0
823 544 831 551 0.000209 0
27 506 49 568 0.000209 0
776 256 835 341 0.000209 0
831 501 847 528 0.000208 0
1072 334 1089 360 0.000208 0
583 362 636 442 0.000208 0
770 255 838 341 0.000207 0
147 64 480 205 0.000206 0
1046 456 1055 466 0.000206 0
158 208 167 227 0.000205 0
831 482 848 524 0.000205 0
799 421 818 439 0.000205 0
1146 202 1180 231 0.000205 0
541 625 560 703 0.000205 0
667 195 690 232 0.000205 0
0 133 14 211 0.000205 0
935 543 944 567 0.000205 0
141 64 509 219 0.000204 0
900 335 924 350 0.000204 0
927 409 938 443 0.000203 0
1134 425 1144 439 0.000202 0
1039 441 1055 464 0.000202 0
1117 64 1136 130 0.000202 0
0 395 30 533 0.000201 0
1120 352 1138 454 0.000201 0
998 430 1038 466 0.000201 0
800 415 810 426 0.000201 0
0 392 30 477 0.000200 0
53 64 565 367 0.000200 0
113 391 128 403 0.000200 0
399 91 512 221 0.000200 0
154 84 209 240 0.000199 0
734 424 750 460 0.000199 0
314 64 464 161 0.000198 0
1263 64 1279 158 0.000198 0
1184 503 1201 518 0.000198 0
1199 371 1232 424 0.000198 0
671 427 690 440 0.000197 0
1169 455 1207 472 0.000196 0
159 64 325 188 0.000196 0
663 315 680 350 0.000195 0
1060 308 1128 343 0.000195 0
66 65 134 202 0.000195 0
365 201 384 223 0.000194 0
1030 389 1087 431 0.000194 0
1168 64 1177 73 0.000194 0
954 456 972 471 0.000193 0
1072 505 1081 519 0.000193 0
1008 475 1018 489 0.000193 0
608 424 624 466 0.000193 0
1151 100 1168 136 0.000193 0
803 182 854 228 0.000193 0
628 423 641 438 0.000192 0
862 405 915 441 0.000192 0
276 177 324 238 0.000192 0
1183 550 1195 584 0.000192 0
622 687 663 703 0.000191 0
912 269 928 318 0.000191 0
209 182 220 216 0.000190 0
1069 441 1115 473 0.000190 0
943 416 957 448 0.000190 0
1054 377 1064 390 0.000189 0
827 402 937 480 0.000189 0
65 64 169 200 0.000189 0
308 148 342 232 0.000188 0
823 543 832 583 0.000188 0
583 362 635 433 0.000188 0
320 64 641 326 0.000187 0
191 187 201 215 0.000187 0
608 360 624 376 0.000187 0
198 64 328 222 0.000187 0
888 409 931 446 0.000187 0
720 428 737 459 0.000187 0
656 304 683 373 0.000187 0
122 64 438 287 0.000187 0
903 365 946 463 0.000187 0
1174 456 1208 472 0.000187 0
109 456 128 523 0.000187 0
1035 381 1067 428 0.000186 0
675 407 689 439 0.000186 0
1018 321 1058 355 0.000185 0
654 307 694 376 0.000185 0
1021 426 1034 444 0.000184 0
976 327 991 344 0.000183 0
992 686 1021 703 0.000183 0
254 191 271 234 0.000183 0
816 404 832 426 0.000183 0
815 406 830 424 0.000183 0
576 428 592 456 0.000182 0
1243 459 1275 483 0.000182 0
721 320 744 339 0.000181 0
574 358 611 439 0.000181 0
1260 221 1279 295 0.000181 0
727 416 736 433 0.000180 0
1211 473 1227 486 0.000180 0
104 69 211 237 0.000180 0
0 259 33 457 0.000180 0
1024 408 1034 422 0.000180 0
592 399 609 434 0.000180 0
704 340 720 376 0.000179 0
822 338 843 362 0.000179 0
802 164 857 222 0.000179 0
946 423 975 469 0.000179 0
800 410 821 443 0.000178 0
1071 337 1089 382 0.000178 0
1054 390 1064 400 0.000178 0
1046 163 1270 268 0.000178 0
608 423 624 463 0.000177 0
1199 400 1212 438 0.000177 0
672 311 693 369 0.000176 0
1186 456 1204 472 0.000176 0
839 282 865 344 0.000176 0
64 386 82 401 0.000175 0
315 64 443 181 0.000175 0
1229 543 1257 584 0.000175 0
1246 550 1255 572 0.000174 0
575 364 633 449 0.000174 0
664 312 681 353 0.000174 0
1084 697 1114 703 0.000174 0
325 65 482 228 0.000174 0
265 232 291 296 0.000173 0
717 431 727 441 0.000172 0
648 180 931 294 0.000172 0
843 426 861 451 0.000172 0
621 688 659 703 0.000172 0
1071 331 1088 349 0.000172 0
1247 549 1256 563 0.000172 0
583 678 672 703 0.000172 0
832 394 848 451 0.000172 0
1026 407 1041 424 0.000172 0
66 65 153 198 0.000171 0
0 64 70 200 0.000171 0
330 64 502 203 0.000171 0
703 474 720 487 0.000171 0
664 293 703 354 0.000171 0
1038 392 1049 409 0.000171 0
593 362 640 444 0.000170 0
929 375 944 409 0.000170 0
784 301 818 345 0.000170 0
774 197 793 224 0.000170 0
998 507 1013 526 0.000169 0
2 66 211 220 0.000169 0
0 128 29 299 0.000168 0
215 189 244 234 0.000167 0
66 64 210 201 0.000166 0
629 362 639 378 0.000166 0
1120 442 1169 477 0.000166 0
1086 403 1120 434 0.000166 0
1215 423 1249 440 0.000166 0
766 198 793 236 0.000165 0
704 320 720 376 0.000165 0
109 65 207 205 0.000165 0
600 344 609 362 0.000164 0
1231 436 1280 486 0.000164 0
670 456 694 488 0.000164 0
386 185 398 206 0.000163 0
0 232 17 318 0.000163 0
270 206 280 232 0.000163 0
1088 419 1100 434 0.000163 0
39 321 52 344 0.000162 0
31 260 48 296 0.000162 0
257 64 342 174 0.000162 0
1199 64 1208 73 0.000162 0
865 300 911 345 0.000162 0
683 207 709 284 0.000162 0
0 233 28 409 0.000161 0
935 670 945 690 0.000161 0
662 293 703 358 0.000161 0
866 250 890 298 0.000161 0
849 396 858 409 0.000160 0
305 135 395 337 0.000159 0
453 202 477 255 0.000159 0
0 393 30 516 0.000159 0
776 404 784 417 0.000158 0
1098 104 1137 165 0.000158 0
8 64 548 382 0.000157 0
0 393 34 459 0.000157 0
1038 322 1061 356 0.000156 0
753 336 817 378 0.000156 0
122 64 264 184 0.000155 0
870 409 910 456 0.000155 0
1221 446 1232 456 0.000155 0
1274 158 1279 170 0.000155 0
978 681 1007 703 0.000154 0
0 239 31 423 0.000154 0
1149 378 1168 413 0.000153 0
681 193 689 208 0.000153 0
977 530 987 538 0.000153 0
574 344 640 436 0.000153 0
1031 128 1278 273 0.000152 0
1087 409 1098 426 0.000152 0
268 66 361 207 0.000152 0
1171 483 1279 685 0.000152 0
111 203 135 235 0.000152 0
129 64 506 264 0.000152 0
910 267 928 322 0.000151 0
1096 406 1123 470 0.000151 0
1094 406 1122 439 0.000151 0
1086 406 1097 420 0.000151 0
541 638 560 703 0.000150 0
771 421 806 444 0.000150 0
1105 233 1193 342 0.000150 0
432 173 445 203 0.000150 0
757 400 769 424 0.000150 0
1205 423 1267 474 0.000150 0
1184 351 1216 415 0.000150 0
600 344 609 360 0.000150 0
473 182 563 250 0.000149 0
1118 80 1131 130 0.000149 0
576 296 593 321 0.000149 0
1218 196 1280 267 0.000149 0
603 358 620 369 0.000148 0
67 65 198 207 0.000148 0
1087 449 1117 471 0.000148 0
905 336 931 391 0.000147 0
274 193 390 384 0.000147 0
912 407 930 449 0.000147 0
68 66 210 217 0.000147 0
1262 70 1279 170 0.000147 0
1247 497 1279 667 0.000146 0
273 185 290 235 0.000146 0
709 428 737 462 0.000146 0
1257 421 1279 485 0.000146 0
898 326 926 346 0.000146 0
999 509 1017 539 0.000145 0
1156 339 1186 393 0.000145 0
915 374 928 407 0.000145 0
1119 392 1128 436 0.000144 0
1112 184 1126 205 0.000143 0
1248 424 1268 469 0.000143 0
1225 422 1265 457 0.000142 0
1264 439 1279 465 0.000142 0
789 340 845 363 0.000142 0
333 209 353 256 0.000142 0
558 584 568 628 0.000142 0
1202 454 1260 472 0.000142 0
302 80 366 213 0.000142 0
1148 541 1280 704 0.000142 0
1248 481 1279 675 0.000141 0
1262 680 1279 703 0.000141 0
221 186 249 236 0.000140 0
353 187 369 199 0.000140 0
208 69 333 241 0.000140 0
706 426 724 444 0.000140 0
999 534 1008 551 0.000139 0
1053 423 1069 444 0.000139 0
155 75 273 241 0.000139 0
0 89 68 223 0.000138 0
325 64 674 231 0.000137 0
802 306 821 341 0.000137 0
1189 404 1204 423 0.000137 0
180 197 194 216 0.000137 0
175 64 478 359 0.000137 0
265 251 291 296 0.000137 0
266 218 291 289 0.000137 0
496 204 519 225 0.000137 0
1023 409 1035 423 0.000136 0
976 688 990 703 0.000136 0
751 460 764 479 0.000136 0
662 290 704 366 0.000136 0
798 417 833 443 0.000135 0
669 295 704 351 0.000135 0
751 404 787 445 0.000135 0
1264 312 1279 369 0.000135 0
671 319 694 375 0.000134 0
702 440 722 470 0.000134 0
161 64 274 165 0.000133 0
912 474 929 495 0.000133 0
1025 144 1278 281 0.000133 0
308 70 428 220 0.000133 0
1026 385 1041 409 0.000133 0
715 436 737 469 0.000133 0
124 64 262 157 0.000133 0
320 406 336 456 0.000133 0
1173 455 1210 472 0.000133 0
192 193 204 216 0.000132 0
1097 410 1116 428 0.000132 0
703 440 722 469 0.000132 0
915 375 928 394 0.000132 0
1089 397 1097 409 0.000132 0
750 414 780 445 0.000132 0
992 682 1040 703 0.000131 0
1006 684 1040 703 0.000131 0
586 361 630 420 0.000131 0
575 352 593 431 0.000131 0
632 202 656 221 0.000131 0
959 482 970 508 0.000131 0
1231 544 1251 584 0.000131 0
831 407 847 436 0.000131 0
902 333 950 389 0.000130 0
365 186 376 200 0.000129 0
582 363 627 430 0.000129 0
767 312 800 344 0.000129 0
992 443 1017 466 0.000128 0
1051 403 1131 473 0.000128 0
575 597 585 618 0.000128 0
704 318 740 376 0.000128 0
355 211 378 276 0.000127 0
1261 67 1279 265 0.000127 0
215 362 240 410 0.000127 0
686 350 693 361 0.000127 0
947 274 960 303 0.000127 0
599 363 639 430 0.000126 0
1215 552 1223 574 0.000126 0
423 186 503 276 0.000126 0
853 406 904 466 0.000126 0
978 691 992 703 0.000126 0
1171 440 1185 456 0.000126 0
1262 684 1278 703 0.000125 0
820 272 864 342 0.000125 0
862 406 882 465 0.000125 0
1102 274 1133 332 0.000125 0
19 64 136 210 0.000124 0
749 200 769 216 0.000124 0
774 395 784 419 0.000124 0
670 454 690 488 0.000124 0
0 217 26 402 0.000124 0
1167 442 1183 466 0.000124 0
276 200 288 244 0.000123 0
1213 366 1232 402 0.000123 0
1271 631 1279 701 0.000123 0
1086 697 1116 703 0.000123 0
1266 687 1279 703 0.000123 0
817 439 833 452 0.000122 0
704 337 728 376 0.000122 0
1 64 133 198 0.000122 0
173 64 330 178 0.000121 0
1137 407 1154 424 0.000121 0
1104 409 1123 429 0.000121 0
1255 559 1279 633 0.000121 0
350 64 498 96 0.000121 0
307 128 377 307 0.000120 0
0 271 44 443 0.000120 0
677 402 689 439 0.000120 0
155 64 320 92 0.000120 0
704 338 721 376 0.000120 0
831 440 846 459 0.000120 0
347 314 390 377 0.000120 0
66 383 86 398 0.000119 0
1213 64 1233 112 0.000119 0
1247 423 1265 445 0.000119 0
1208 545 1216 552 0.000119 0
1101 103 1125 133 0.000119 0
1166 455 1208 475 0.000119 0
340 64 499 160 0.000119 0
197 197 210 222 0.000118 0
1077 174 1110 240 0.000118 0
1178 456 1209 474 0.000117 0
31 306 77 402 0.000117 0
672 460 695 488 0.000117 0
1207 528 1215 535 0.000117 0
287 64 369 189 0.000117 0
0 64 122 215 0.000117 0
1118 426 1151 445 0.000116 0
265 209 282 236 0.000116 0
320 374 336 391 0.000116 0
174 207 183 216 0.000116 0
704 309 743 378 0.000116 0
0 513 16 589 0.000116 0
33 527 48 568 0.000116 0
715 269 875 390 0.000116 0
601 363 623 376 0.000115 0
667 203 774 278 0.000115 0
1050 109 1084 147 0.000115 0
590 361 626 409 0.000115 0
1008 337 1024 379 0.000115 0
0 217 21 401 0.000115 0
1061 393 1072 408 0.000115 0
185 373 223 417 0.000115 0
801 406 809 421 0.000114 0
30 64 135 207 0.000114 0
1238 447 1248 457 0.000114 0
154 202 167 230 0.000114 0
345 64 500 141 0.000114 0
567 64 663 224 0.000113 0
661 291 704 371 0.000113 0
906 471 932 519 0.000113 0
1060 395 1074 423 0.000113 0
638 685 680 703 0.000113 0
991 562 1000 584 0.000112 0
775 340 818 392 0.000112 0
871 394 879 408 0.000112 0
1262 122 1279 181 0.000112 0
983 666 1004 703 0.000112 0
830 403 897 461 0.000112 0
1271 638 1279 668 0.000112 0
1264 423 1279 464 0.000112 0
535 462 543 472 0.000111 0
0 297 36 443 0.000111 0
1103 395 1117 407 0.000111 0
319 64 370 101 0.000111 0
851 406 884 459 0.000111 0
671 457 688 488 0.000111 0
549 64 660 223 0.000111 0
0 285 30 438 0.000110 0
1046 438 1086 470 0.000110 0
769 200 792 237 0.000110 0
782 342 840 362 0.000110 0
600 362 644 430 0.000110 0
1204 64 1220 72 0.000110 0
1082 697 1111 703 0.000109 0
1181 440 1206 469 0.000109 0
823 332 848 363 0.000109 0
253 69 351 245 0.000108 0
372 196 387 207 0.000108 0
676 318 690 363 0.000108 0
859 276 912 344 0.000108 0
67 66 214 230 0.000108 0
1082 530 1280 703 0.000108 0
1258 603 1279 668 0.000108 0
1167 64 1186 79 0.000108 0
673 314 703 369 0.000107 0
1262 64 1279 79 0.000107 0
1006 321 1046 360 0.000107 0
0 549 17 668 0.000107 0
1103 381 1119 407 0.000106 0
1212 64 1234 127 0.000106 0
776 329 794 344 0.000106 0
279 206 302 295 0.000106 0
252 193 304 262 0.000105 0
905 463 931 499 0.000105 0
991 528 999 549 0.000105 0
308 122 410 198 0.000105 0
1166 64 1204 80 0.000104 0
430 215 441 225 0.000104 0
108 438 128 524 0.000104 0
755 415 769 426 0.000104 0
354 64 500 194 0.000104 0
211 245 228 278 0.000104 0
1249 550 1279 637 0.000104 0
1254 579 1279 645 0.000104 0
0 392 22 451 0.000104 0
1253 617 1274 666 0.000104 0
803 406 821 426 0.000103 0
1066 368 1105 415 0.000103 0
125 407 144 447 0.000103 0
584 360 627 413 0.000103 0
1269 576 1279 630 0.000103 0
717 436 744 469 0.000103 0
320 407 337 451 0.000102 0
3 64 128 177 0.000102 0
1054 439 1068 456 0.000102 0
1265 609 1279 668 0.000102 0
990 186 1004 219 0.000102 0
415 638 427 678 0.000102 0
1119 596 1127 608 0.000102 0
21 304 81 406 0.000102 0
327 64 694 238 0.000102 0
578 64 668 226 0.000102 0
908 338 935 398 0.000102 0
345 64 500 93 0.000101 0
1020 64 1107 186 0.000101 0
854 400 864 415 0.000101 0
847 179 880 233 0.000101 0
320 64 331 72 0.000101 0
1017 692 1040 703 0.000101 0
1272 639 1279 665 0.000101 0
222 68 472 363 0.000100 0
683 468 721 488 0.000100 0
162 64 326 96 0.000100 0
48 391 71 401 0.000100 0
1220 604 1258 668 0.000100 0
1123 262 1209 361 0.795011 1
1038 219 1077 262 0.665000 1
472 220 501 254 0.575106 1
844 231 898 279 0.401118 1
844 231 900 284 0.128020 1
844 230 889 279 0.113877 1
867 234 894 273 0.101675 1
475 220 501 253 0.090363 1
867 230 890 274 0.086281 1
845 235 884 280 0.080643 1
844 229 916 289 0.077650 1
867 234 894 279 0.077148 1
17 222 72 257 0.068176 1
477 219 501 252 0.067667 1
867 233 899 277 0.063991 1
1046 218 1077 260 0.060355 1
844 231 885 280 0.058002 1
15 220 72 258 0.054277 1
866 234 899 282 0.050787 1
867 235 889 276 0.049452 1
867 234 898 274 0.048953 1
1040 220 1065 261 0.047568 1
1038 221 1076 262 0.046737 1
10 225 72 258 0.046467 1
471 214 501 254 0.044831 1
844 230 924 293 0.035740 1
844 230 880 279 0.034607 1
868 233 901 272 0.034197 1
844 238 881 282 0.032473 1
867 237 895 284 0.031336 1
848 236 891 282 0.028077 1
1038 221 1069 262 0.026291 1
867 237 891 282 0.025019 1
19 227 72 258 0.023521 1
18 218 72 258 0.023259 1
843 222 917 287 0.023051 1
866 233 916 290 0.021155 1
865 227 893 271 0.020934 1
468 218 502 253 0.018515 1
868 236 903 288 0.018040 1
853 230 881 276 0.017669 1
1038 222 1060 261 0.016692 1
844 239 862 278 0.016331 1
865 234 920 292 0.015586 1
48 223 98 257 0.015434 1
1126 260 1210 353 0.015397 1
844 237 860 279 0.015067 1
844 240 857 280 0.014590 1
868 232 911 277 0.014350 1
478 219 501 251 0.014109 1
1038 221 1062 262 0.013549 1
844 235 927 295 0.012605 1
844 234 940 294 0.010460 1
48 237 71 256 0.009692 1
47 236 72 256 0.009684 1
1119 259 1209 403 0.009590 1
845 222 876 278 0.008606 1
754 251 850 342 0.008213 1
867 238 901 289 0.007970 1
18 230 45 257 0.007933 1
844 241 861 281 0.007899 1
520 231 537 246 0.007861 1
48 221 73 256 0.007746 1
48 225 73 256 0.007652 1
18 218 43 252 0.007510 1
16 219 43 252 0.007400 1
1169 264 1207 361 0.007077 1
872 232 910 272 0.006686 1
51 222 96 251 0.006520 1
871 237 922 295 0.006447 1
47 234 73 255 0.006354 1
1058 221 1079 251 0.006274 1
1126 279 1156 349 0.005877 1
47 224 90 256 0.005693 1
1038 231 1059 261 0.005623 1
843 229 904 283 0.005290 1
844 227 869 278 0.005181 1
17 230 42 257 0.005031 1
866 237 899 295 0.005005 1
1053 219 1078 257 0.004601 1
63 223 99 256 0.004572 1
16 229 42 256 0.004518 1
53 223 97 256 0.004491 1
1123 287 1154 348 0.004195 1
869 240 915 291 0.004172 1
17 228 42 254 0.003946 1
1171 283 1207 360 0.003883 1
19 229 42 256 0.003765 1
1127 277 1156 345 0.003718 1
1024 243 1044 261 0.003683 1
73 223 99 256 0.003606 1
472 222 501 255 0.003534 1
492 230 538 251 0.003495 1
1171 274 1207 361 0.003455 1
1061 217 1078 250 0.003376 1
248 217 259 240 0.003272 1
927 238 958 254 0.003130 1
0 230 73 259 0.003119 1
47 228 99 258 0.002999 1
19 223 42 254 0.002989 1
21 213 61 251 0.002944 1
1022 243 1041 261 0.002868 1
1171 292 1207 360 0.002829 1
925 203 947 253 0.002711 1
926 203 951 254 0.002694 1
67 223 97 240 0.002675 1
925 208 957 254 0.002668 1
1049 224 1078 258 0.002633 1
950 273 960 292 0.002564 1
1025 249 1043 261 0.002546 1
1017 221 1079 260 0.002540 1
876 215 901 264 0.002452 1
843 193 976 292 0.002448 1
0 234 41 258 0.002421 1
465 219 477 251 0.002416 1
27 214 42 246 0.002402 1
1074 228 1092 245 0.002338 1
843 241 857 280 0.002337 1
891 263 922 294 0.002337 1
1074 229 1092 246 0.002321 1
62 223 95 240 0.002316 1
477 228 541 253 0.002275 1
846 199 892 280 0.002257 1
0 230 42 258 0.002255 1
1046 272 1068 296 0.002221 1
1123 264 1179 350 0.002182 1
752 228 911 340 0.002156 1
771 253 834 283 0.002150 1
1125 298 1154 349 0.002122 1
842 235 900 298 0.002121 1
1021 242 1037 258 0.002114 1
754 251 846 297 0.002111 1
1045 223 1075 296 0.002055 1
71 223 97 251 0.002048 1
1020 241 1051 261 0.002032 1
1003 235 1035 259 0.002010 1
825 228 902 282 0.001923 1
0 223 75 259 0.001915 1
1137 260 1208 361 0.001905 1
15 223 73 276 0.001863 1
492 231 540 252 0.001851 1
873 235 920 288 0.001847 1
1181 165 1202 217 0.001840 1
940 244 957 254 0.001769 1
1035 220 1077 296 0.001769 1
505 230 542 252 0.001724 1
25 214 68 248 0.001718 1
16 213 43 251 0.001700 1
1045 278 1060 296 0.001672 1
465 211 476 250 0.001654 1
78 235 99 256 0.001600 1
13 228 41 255 0.001595 1
1007 242 1036 259 0.001586 1
765 254 835 286 0.001585 1
519 232 544 251 0.001546 1
1166 293 1207 360 0.001542 1
750 247 921 345 0.001533 1
1072 217 1097 246 0.001509 1
78 237 99 256 0.001506 1
928 230 957 254 0.001495 1
924 203 959 254 0.001492 1
127 234 194 263 0.001489 1
76 224 116 257 0.001471 1
1102 300 1139 352 0.001468 1
16 222 100 270 0.001456 1
77 236 115 258 0.001453 1
76 234 183 264 0.001439 1
1075 218 1096 245 0.001435 1
1189 256 1224 267 0.001422 1
104 236 158 263 0.001421 1
481 226 501 254 0.001415 1
926 237 948 253 0.001406 1
1045 277 1064 296 0.001405 1
18 228 74 272 0.001362 1
1075 225 1095 246 0.001319 1
1038 218 1089 262 0.001312 1
520 231 543 249 0.001295 1
1183 256 1225 271 0.001263 1
950 273 960 300 0.001246 1
1119 312 1176 388 0.001226 1
1146 293 1203 392 0.001198 1
95 230 155 265 0.001195 1
1120 313 1157 375 0.001191 1
75 227 126 257 0.001181 1
119 235 194 264 0.001181 1
1008 220 1058 261 0.001153 1
1124 307 1153 348 0.001133 1
917 205 935 246 0.001119 1
777 255 834 287 0.001116 1
78 237 114 260 0.001103 1
1126 295 1207 362 0.001080 1
844 225 913 329 0.001079 1
842 206 979 295 0.001053 1
894 264 912 291 0.001042 1
146 236 193 263 0.001028 1
0 226 74 279 0.001022 1
780 255 834 312 0.001012 1
16 210 73 258 0.001010 1
1126 252 1173 346 0.001004 1
935 240 958 254 0.001002 1
1023 250 1068 296 0.000988 1
200 214 244 265 0.000985 1
814 214 912 280 0.000983 1
34 234 73 265 0.000973 1
806 258 833 282 0.000964 1
115 212 161 258 0.000954 1
823 272 849 312 0.000952 1
862 215 881 271 0.000906 1
1181 256 1230 288 0.000905 1
1126 317 1155 351 0.000898 1
1130 296 1207 371 0.000887 1
1073 230 1092 256 0.000887 1
1124 252 1195 348 0.000877 1
14 230 50 270 0.000872 1
1123 277 1180 350 0.000871 1
45 224 112 267 0.000870 1
919 207 934 243 0.000869 1
777 254 833 282 0.000861 1
128 213 149 237 0.000846 1
904 265 927 296 0.000841 1
923 272 961 303 0.000838 1
116 214 167 259 0.000827 1
826 271 849 312 0.000823 1
1201 255 1225 267 0.000820 1
943 245 958 254 0.000819 1
932 272 960 294 0.000818 1
482 228 531 253 0.000815 1
44 235 73 265 0.000812 1
517 228 539 247 0.000808 1
844 237 876 297 0.000804 1
1001 216 1082 259 0.000787 1
1175 259 1229 287 0.000779 1
810 262 833 285 0.000769 1
1142 263 1208 356 0.000768 1
893 265 909 288 0.000767 1
120 216 181 263 0.000760 1
1109 279 1148 336 0.000752 1
815 263 833 284 0.000742 1
204 228 243 264 0.000739 1
49 221 189 263 0.000735 1
510 232 541 253 0.000734 1
1140 257 1227 349 0.000733 1
1134 302 1154 349 0.000732 1
1168 167 1203 246 0.000732 1
1152 311 1189 394 0.000731 1
70 216 96 237 0.000728 1
14 222 42 251 0.000725 1
1163 264 1208 363 0.000722 1
491 202 539 249 0.000721 1
1158 256 1221 276 0.000720 1
52 216 95 239 0.000712 1
1140 262 1198 351 0.000712 1
135 218 157 238 0.000712 1
893 265 922 296 0.000709 1
1168 257 1223 271 0.000708 1
815 263 837 311 0.000703 1
8 232 45 264 0.000702 1
843 236 1023 299 0.000692 1
471 211 524 253 0.000689 1
1048 233 1073 296 0.000677 1
77 238 129 264 0.000670 1
17 223 70 290 0.000662 1
192 210 243 263 0.000660 1
1204 258 1223 272 0.000660 1
914 204 941 251 0.000659 1
159 236 194 262 0.000655 1
54 216 90 239 0.000648 1
939 272 960 298 0.000648 1
813 263 855 312 0.000637 1
814 263 833 309 0.000635 1
500 231 542 253 0.000633 1
1184 255 1221 268 0.000628 1
52 217 70 243 0.000625 1
1041 226 1093 264 0.000623 1
1160 259 1228 296 0.000619 1
828 280 848 312 0.000618 1
912 269 928 295 0.000601 1
1128 301 1176 352 0.000597 1
517 215 537 247 0.000594 1
109 210 155 255 0.000591 1
845 224 921 343 0.000590 1
1019 221 1078 296 0.000588 1
931 235 994 260 0.000586 1
1022 275 1062 296 0.000584 1
192 223 245 264 0.000580 1
813 262 833 281 0.000579 1
1133 316 1157 351 0.000575 1
910 269 927 296 0.000573 1
1127 311 1176 359 0.000571 1
128 207 155 238 0.000566 1
110 216 141 256 0.000565 1
1108 260 1200 347 0.000564 1
1144 261 1195 347 0.000562 1
878 223 916 263 0.000556 1
1194 247 1227 267 0.000550 1
191 222 238 261 0.000549 1
838 223 995 289 0.000548 1
1051 222 1076 296 0.000539 1
1040 208 1085 260 0.000538 1
1201 255 1226 273 0.000538 1
1116 254 1178 339 0.000532 1
239 210 268 246 0.000529 1
1173 299 1207 361 0.000522 1
1032 216 1134 313 0.000518 1
892 199 935 251 0.000515 1
1154 259 1185 274 0.000510 1
912 242 964 295 0.000501 1
17 224 63 292 0.000487 1
880 198 939 282 0.000483 1
1052 219 1075 296 0.000480 1
1104 260 1208 360 0.000476 1
1191 168 1228 227 0.000474 1
128 211 148 237 0.000470 1
894 265 915 296 0.000469 1
123 206 139 237 0.000467 1
1154 261 1208 327 0.000460 1
1150 327 1180 398 0.000459 1
1158 261 1203 314 0.000456 1
161 219 247 264 0.000445 1
1169 299 1207 361 0.000445 1
1160 260 1187 274 0.000442 1
105 212 193 264 0.000442 1
843 241 870 303 0.000442 1
46 224 99 254 0.000441 1
72 221 121 258 0.000438 1
1020 234 1068 297 0.000435 1
934 231 1140 337 0.000434 1
1148 260 1199 344 0.000433 1
217 211 245 265 0.000432 1
1076 215 1098 234 0.000429 1
654 221 1121 376 0.000423 1
488 237 520 253 0.000422 1
79 216 96 236 0.000421 1
248 207 287 255 0.000421 1
809 255 859 287 0.000419 1
1187 255 1232 291 0.000418 1
788 254 836 283 0.000417 1
1189 231 1204 254 0.000417 1
211 238 242 265 0.000416 1
1127 290 1176 351 0.000414 1
991 238 1138 336 0.000414 1
136 218 169 241 0.000413 1
904 254 923 295 0.000412 1
1148 262 1208 346 0.000412 1
111 222 124 252 0.000407 1
1136 265 1196 354 0.000406 1
948 273 961 303 0.000405 1
815 264 849 312 0.000403 1
1188 225 1220 265 0.000393 1
1124 283 1178 352 0.000385 1
856 202 1275 333 0.000380 1
1143 257 1189 337 0.000380 1
1111 266 1152 331 0.000378 1
787 256 824 291 0.000377 1
465 221 501 266 0.000375 1
1049 264 1072 296 0.000373 1
1156 262 1205 330 0.000366 1
909 236 964 294 0.000363 1
1026 222 1259 307 0.000362 1
1150 332 1184 403 0.000362 1
1182 226 1197 249 0.000361 1
763 251 819 281 0.000360 1
1130 290 1204 360 0.000360 1
1160 260 1218 292 0.000359 1
152 239 192 264 0.000357 1
251 227 288 246 0.000355 1
923 270 949 292 0.000350 1
805 224 860 285 0.000349 1
936 208 982 257 0.000347 1
220 231 242 264 0.000344 1
251 226 288 258 0.000343 1
110 203 136 239 0.000338 1
1022 276 1060 335 0.000337 1
910 270 926 296 0.000337 1
924 276 963 307 0.000335 1
782 198 1276 373 0.000335 1
861 250 919 298 0.000333 1
335 236 352 255 0.000331 1
927 273 945 292 0.000330 1
210 207 276 268 0.000329 1
913 270 928 296 0.000328 1
1158 260 1186 273 0.000328 1
221 216 291 265 0.000327 1
471 217 542 253 0.000326 1
941 207 975 254 0.000326 1
1100 261 1209 368 0.000325 1
74 211 190 265 0.000324 1
644 220 1148 381 0.000323 1
1035 277 1060 295 0.000320 1
1150 259 1198 339 0.000317 1
1149 322 1170 401 0.000316 1
1126 304 1183 360 0.000315 1
927 272 1137 344 0.000314 1
1184 270 1231 290 0.000313 1
1153 256 1183 272 0.000307 1
135 218 195 262 0.000306 1
908 244 927 295 0.000301 1
234 211 264 249 0.000298 1
1039 218 1094 260 0.000297 1
879 219 932 291 0.000292 1
836 180 963 282 0.000290 1
1024 276 1060 329 0.000284 1
333 234 352 255 0.000283 1
950 273 960 292 0.000282 1
762 251 833 318 0.000271 1
790 254 821 280 0.000269 1
82 209 193 265 0.000268 1
250 228 289 265 0.000266 1
1044 277 1059 323 0.000264 1
761 251 822 287 0.000262 1
826 224 857 270 0.000262 1
1118 306 1138 382 0.000261 1
989 217 1086 304 0.000259 1
842 263 855 282 0.000253 1
917 269 945 294 0.000252 1
1128 311 1171 385 0.000248 1
1043 267 1071 330 0.000247 1
223 242 242 265 0.000247 1
1181 300 1207 358 0.000246 1
916 242 975 270 0.000246 1
1171 256 1216 270 0.000245 1
767 249 816 282 0.000244 1
920 243 992 267 0.000243 1
1136 264 1184 346 0.000240 1
922 272 964 305 0.000240 1
917 208 990 258 0.000240 1
950 243 1081 301 0.000237 1
1197 252 1238 285 0.000235 1
882 241 922 295 0.000232 1
769 253 837 325 0.000232 1
764 254 821 282 0.000229 1
1023 290 1060 336 0.000226 1
913 270 945 295 0.000223 1
768 253 811 281 0.000217 1
1043 209 1268 281 0.000217 1
1133 331 1210 415 0.000215 1
1114 285 1208 400 0.000213 1
1023 276 1072 339 0.000212 1
1157 256 1228 323 0.000211 1
950 212 1110 269 0.000210 1
1153 259 1196 332 0.000209 1
14 206 88 258 0.000208 1
796 255 833 308 0.000207 1
1153 256 1187 272 0.000205 1
870 226 989 299 0.000203 1
462 226 575 280 0.000201 1
938 272 992 306 0.000201 1
1148 306 1170 390 0.000200 1
1133 280 1190 356 0.000195 1
949 273 968 300 0.000194 1
925 281 966 312 0.000190 1
918 248 972 293 0.000189 1
899 234 984 297 0.000186 1
1041 276 1059 332 0.000186 1
796 254 836 282 0.000183 1
1124 260 1226 360 0.000183 1
904 209 951 264 0.000182 1
1031 251 1077 341 0.000182 1
483 208 516 250 0.000179 1
1088 290 1208 371 0.000176 1
1171 272 1235 305 0.000176 1
912 237 974 292 0.000173 1
1043 231 1255 318 0.000171 1
13 204 75 257 0.000170 1
1120 261 1209 391 0.000167 1
1170 266 1239 349 0.000165 1
827 257 867 313 0.000162 1
1020 276 1060 330 0.000161 1
1162 261 1223 302 0.000159 1
1020 277 1059 339 0.000151 1
1208 250 1238 267 0.000151 1
1020 241 1064 296 0.000148 1
1191 255 1232 290 0.000148 1
136 204 169 240 0.000148 1
1019 275 1060 296 0.000148 1
1162 264 1207 304 0.000145 1
1018 227 1074 297 0.000145 1
490 234 543 253 0.000144 1
761 249 828 320 0.000144 1
1132 283 1184 347 0.000143 1
1038 218 1078 266 0.000141 1
771 250 785 280 0.000140 1
1002 247 1010 261 0.000139 1
1190 276 1224 286 0.000138 1
1163 339 1189 391 0.000138 1
640 143 1050 384 0.000137 1
909 271 949 308 0.000135 1
1070 231 1092 264 0.000132 1
1023 295 1058 339 0.000131 1
1166 339 1194 388 0.000129 1
459 211 576 287 0.000129 1
771 251 813 281 0.000128 1
1167 184 1189 218 0.000125 1
142 240 175 264 0.000124 1
1178 255 1224 282 0.000123 1
1168 265 1201 303 0.000115 1
827 267 860 312 0.000115 1
770 252 821 282 0.000113 1
174 206 298 268 0.000113 1
480 235 520 254 0.000112 1
269 226 289 264 0.000110 1
959 251 988 262 0.000107 1
1165 262 1208 341 0.000107 1
1009 307 1117 383 0.000106 1
842 228 1003 344 0.000106 1
1049 223 1094 296 0.000103 1
948 267 976 297 0.000101 1
500 206 516 217 0.192493 2
305 187 322 198 0.062543 2
305 185 323 198 0.056046 2
489 204 503 218 0.042880 2
499 205 517 217 0.042654 2
1113 217 1148 244 0.039492 2
530 205 550 218 0.034711 2
529 203 545 218 0.026887 2
1113 218 1148 245 0.024117 2
488 199 503 218 0.023875 2
608 201 647 215 0.023491 2
599 196 648 215 0.022092 2
532 203 553 218 0.021479 2
1114 216 1149 244 0.021153 2
529 200 553 218 0.021112 2
710 212 728 234 0.020904 2
482 199 497 218 0.019316 2
1113 219 1141 240 0.017844 2
500 200 517 217 0.016633 2
608 198 649 216 0.016308 2
531 204 550 218 0.015339 2
861 176 950 202 0.014985 2
632 202 650 216 0.014404 2
832 481 840 486 0.014086 2
702 210 726 234 0.013608 2
319 204 332 231 0.013554 2
1113 219 1140 245 0.012654 2
488 203 498 218 0.012574 2
529 201 554 218 0.011962 2
984 203 1025 229 0.010968 2
319 213 331 231 0.010832 2
451 420 525 447 0.010059 2
1001 201 1025 228 0.009495 2
995 201 1026 228 0.009057 2
632 201 649 216 0.008936 2
822 329 847 343 0.008880 2
157 416 167 423 0.008836 2
1003 199 1026 225 0.008621 2
707 205 728 234 0.008230 2
1113 219 1134 242 0.007837 2
293 176 310 198 0.007631 2
1001 196 1045 230 0.007427 2
599 463 608 471 0.007389 2
1003 202 1025 229 0.007187 2
456 420 528 448 0.007103 2
1004 196 1045 227 0.007088 2
453 419 515 442 0.006940 2
823 328 848 343 0.006820 2
452 420 515 443 0.006738 2
1082 215 1127 248 0.006245 2
1103 218 1137 248 0.005985 2
984 201 1032 228 0.005854 2
319 202 335 231 0.005835 2
848 471 866 478 0.005756 2
305 184 336 199 0.005533 2
1115 218 1148 248 0.005507 2
821 328 847 344 0.005478 2
527 196 554 218 0.005285 2
1107 219 1139 248 0.005219 2
1005 198 1031 225 0.005187 2
696 197 731 233 0.005065 2
622 193 638 202 0.004846 2
1006 195 1048 229 0.004716 2
664 454 684 463 0.004557 2
1116 220 1142 248 0.004518 2
452 420 499 442 0.004503 2
482 187 517 218 0.004258 2
451 419 508 442 0.004233 2
695 199 724 227 0.004153 2
1020 456 1032 464 0.004127 2
862 177 944 202 0.004018 2
455 203 466 216 0.003984 2
294 176 306 197 0.003918 2
1077 209 1129 247 0.003912 2
461 420 522 440 0.003756 2
697 205 722 231 0.003513 2
1076 215 1123 247 0.003390 2
1263 348 1279 368 0.003360 2
592 423 609 434 0.003319 2
1112 216 1137 242 0.003285 2
633 203 653 216 0.003247 2
1015 456 1025 466 0.003233 2
592 193 653 217 0.003210 2
1007 210 1041 229 0.003204 2
987 199 1025 227 0.003197 2
111 412 130 425 0.003176 2
450 419 502 441 0.002991 2
1263 248 1279 270 0.002841 2
497 435 528 448 0.002828 2
995 196 1045 227 0.002824 2
831 470 843 479 0.002759 2
1264 350 1279 369 0.002759 2
551 200 563 216 0.002739 2
485 198 504 217 0.002726 2
0 394 17 410 0.002698 2
865 176 956 213 0.002622 2
293 175 317 198 0.002572 2
832 504 844 510 0.002531 2
1094 218 1121 248 0.002519 2
456 409 516 442 0.002444 2
447 424 463 443 0.002420 2
1263 245 1279 271 0.002416 2
588 186 620 214 0.002354 2
640 688 672 703 0.002335 2
863 176 940 199 0.002312 2
621 193 641 211 0.002252 2
505 437 527 448 0.002239 2
358 218 368 231 0.002226 2
1091 210 1128 247 0.002206 2
1007 206 1024 228 0.002202 2
448 420 491 442 0.002199 2
656 453 685 464 0.002189 2
563 201 577 215 0.002166 2
111 412 133 426 0.002148 2
274 183 294 192 0.002143 2
1263 342 1279 370 0.002139 2
820 329 848 345 0.002072 2
591 424 604 433 0.002048 2
839 504 847 510 0.002030 2
479 190 502 217 0.002006 2
491 184 519 217 0.002002 2
191 392 223 417 0.001999 2
447 413 507 445 0.001991 2
496 434 528 448 0.001977 2
1024 211 1040 229 0.001921 2
797 495 808 503 0.001869 2
589 202 608 214 0.001859 2
452 410 517 443 0.001840 2
450 422 490 441 0.001820 2
191 392 213 413 0.001816 2
1069 207 1126 247 0.001808 2
191 392 213 415 0.001780 2
56 399 181 425 0.001707 2
1007 194 1046 218 0.001704 2
631 376 659 396 0.001693 2
495 429 527 447 0.001690 2
1262 242 1279 270 0.001683 2
106 399 179 426 0.001680 2
998 196 1046 229 0.001657 2
458 408 516 441 0.001657 2
960 206 985 221 0.001653 2
707 200 739 217 0.001653 2
1262 197 1279 271 0.001646 2
703 213 715 233 0.001641 2
1007 194 1044 222 0.001627 2
191 392 217 416 0.001602 2
881 176 956 237 0.001594 2
1101 226 1120 248 0.001587 2
1111 209 1199 246 0.001584 2
356 217 368 230 0.001573 2
78 403 147 425 0.001554 2
1008 193 1052 226 0.001520 2
1168 218 1185 240 0.001515 2
640 687 672 703 0.001493 2
192 392 213 409 0.001482 2
452 204 466 222 0.001480 2
262 197 270 207 0.001461 2
494 432 527 449 0.001438 2
826 504 832 509 0.001419 2
1263 355 1279 375 0.001408 2
111 403 144 426 0.001405 2
175 401 191 417 0.001337 2
1006 212 1042 231 0.001332 2
1091 221 1122 250 0.001327 2
191 391 223 414 0.001315 2
820 470 832 478 0.001314 2
315 198 335 231 0.001299 2
1102 229 1120 248 0.001292 2
1120 64 1152 77 0.001262 2
448 422 482 443 0.001251 2
601 456 673 472 0.001250 2
631 374 658 395 0.001237 2
293 176 308 198 0.001235 2
1263 252 1279 272 0.001190 2
1006 220 1022 230 0.001163 2
626 192 656 215 0.001159 2
883 197 953 238 0.001131 2
191 392 214 411 0.001130 2
296 200 333 232 0.001104 2
1261 168 1279 181 0.001104 2
446 422 464 443 0.001097 2
110 409 143 426 0.001066 2
1096 208 1127 234 0.001063 2
883 199 896 227 0.001060 2
190 393 216 416 0.001054 2
638 459 671 472 0.001053 2
324 189 339 199 0.001046 2
465 421 542 439 0.001044 2
1007 217 1024 230 0.001038 2
972 202 1029 253 0.001029 2
983 193 1045 228 0.001028 2
554 190 575 215 0.001025 2
1264 365 1279 375 0.001016 2
205 397 223 416 0.001013 2
503 313 512 335 0.001006 2
497 431 527 447 0.001005 2
958 207 990 251 0.001003 2
486 205 501 224 0.001001 2
307 183 337 198 0.000998 2
444 198 465 219 0.000986 2
208 399 223 409 0.000981 2
463 408 517 437 0.000975 2
663 451 689 466 0.000972 2
274 178 312 198 0.000955 2
581 431 592 439 0.000955 2
655 453 669 463 0.000954 2
885 199 946 246 0.000951 2
273 181 314 199 0.000951 2
972 206 984 222 0.000939 2
325 200 384 232 0.000929 2
751 439 767 448 0.000925 2
1228 197 1256 233 0.000921 2
1119 64 1153 78 0.000907 2
972 220 994 251 0.000905 2
982 209 1024 241 0.000904 2
469 191 481 206 0.000888 2
429 223 439 230 0.000872 2
63 428 80 440 0.000844 2
988 188 1045 227 0.000837 2
0 283 7 294 0.000826 2
1218 195 1257 233 0.000821 2
456 202 467 215 0.000818 2
63 425 72 433 0.000817 2
673 461 690 470 0.000814 2
647 455 656 461 0.000811 2
1254 199 1279 266 0.000811 2
592 448 608 459 0.000788 2
78 400 177 424 0.000780 2
319 201 355 232 0.000776 2
274 184 292 194 0.000776 2
864 181 986 254 0.000771 2
911 521 927 528 0.000749 2
1042 311 1128 347 0.000743 2
1109 206 1163 247 0.000743 2
1094 207 1145 239 0.000739 2
1098 208 1133 232 0.000736 2
451 420 499 447 0.000734 2
630 374 658 396 0.000730 2
175 399 192 416 0.000721 2
973 210 997 253 0.000720 2
0 280 7 294 0.000712 2
176 401 192 417 0.000707 2
304 179 324 198 0.000702 2
911 522 927 528 0.000701 2
885 202 894 233 0.000696 2
1015 444 1040 463 0.000693 2
960 212 997 256 0.000692 2
1165 471 1181 480 0.000690 2
31 401 172 426 0.000679 2
447 427 463 445 0.000669 2
154 416 167 424 0.000666 2
47 409 71 426 0.000665 2
638 457 672 472 0.000662 2
0 396 49 424 0.000662 2
324 198 387 236 0.000656 2
886 198 914 235 0.000656 2
999 509 1014 521 0.000652 2
704 214 728 237 0.000650 2
639 455 664 470 0.000645 2
57 426 81 443 0.000643 2
897 205 989 254 0.000642 2
596 452 608 471 0.000636 2
1262 249 1279 295 0.000631 2
1259 202 1279 238 0.000630 2
449 412 511 443 0.000628 2
192 371 225 418 0.000623 2
881 197 914 234 0.000617 2
40 403 146 427 0.000615 2
1034 322 1087 342 0.000612 2
317 198 380 234 0.000603 2
1012 439 1043 462 0.000601 2
314 191 336 231 0.000592 2
1107 208 1148 245 0.000588 2
972 208 985 228 0.000586 2
305 185 333 231 0.000584 2
1019 210 1042 230 0.000578 2
19 404 48 423 0.000571 2
530 202 555 221 0.000570 2
1260 344 1279 407 0.000568 2
1199 472 1216 482 0.000567 2
1167 471 1185 479 0.000564 2
46 434 80 451 0.000558 2
155 411 176 424 0.000554 2
511 343 522 350 0.000552 2
915 207 991 256 0.000550 2
19 200 36 206 0.000550 2
1064 313 1127 347 0.000549 2
526 428 591 439 0.000549 2
792 495 807 503 0.000544 2
359 409 368 415 0.000542 2
591 448 607 458 0.000540 2
68 398 187 424 0.000538 2
895 200 912 233 0.000535 2
1160 183 1276 268 0.000533 2
1016 319 1041 343 0.000533 2
226 211 244 237 0.000532 2
973 203 1035 256 0.000531 2
688 454 704 469 0.000526 2
903 178 953 205 0.000525 2
299 186 331 233 0.000523 2
963 200 987 216 0.000519 2
1035 310 1128 341 0.000518 2
1264 356 1279 409 0.000517 2
1262 169 1279 181 0.000505 2
1016 444 1043 464 0.000505 2
952 207 993 254 0.000505 2
45 439 66 446 0.000501 2
964 200 987 220 0.000500 2
248 414 263 423 0.000500 2
925 454 938 463 0.000492 2
852 437 869 453 0.000492 2
887 199 938 249 0.000487 2
351 199 386 232 0.000484 2
327 199 388 234 0.000483 2
829 281 848 312 0.000483 2
975 455 984 464 0.000479 2
175 393 215 418 0.000478 2
1120 64 1145 77 0.000475 2
959 207 982 220 0.000473 2
1225 163 1279 181 0.000473 2
897 623 911 631 0.000471 2
319 200 355 253 0.000468 2
431 422 453 441 0.000463 2
0 402 48 424 0.000451 2
443 175 508 217 0.000446 2
96 398 179 423 0.000441 2
910 178 953 206 0.000438 2
293 176 309 197 0.000436 2
47 410 72 427 0.000434 2
608 455 624 466 0.000434 2
0 260 326 397 0.000429 2
684 452 703 469 0.000428 2
948 456 961 465 0.000427 2
353 215 371 231 0.000425 2
1247 342 1263 359 0.000422 2
263 194 272 204 0.000420 2
248 412 263 423 0.000418 2
1032 322 1088 357 0.000414 2
1101 277 1280 355 0.000412 2
902 197 952 242 0.000412 2
668 457 688 470 0.000410 2
0 239 15 294 0.000410 2
1240 281 1279 407 0.000407 2
1256 305 1279 408 0.000406 2
0 245 19 295 0.000406 2
689 458 704 469 0.000404 2
1017 319 1056 342 0.000402 2
606 455 624 469 0.000399 2
1262 169 1279 242 0.000399 2
1237 279 1279 371 0.000395 2
994 204 1049 256 0.000385 2
743 200 768 215 0.000384 2
448 424 465 446 0.000383 2
1232 281 1279 418 0.000383 2
189 394 224 427 0.000382 2
2 510 48 530 0.000381 2
445 204 466 222 0.000378 2
77 396 180 426 0.000378 2
625 662 672 704 0.000378 2
591 461 608 472 0.000377 2
662 460 672 471 0.000377 2
1223 163 1279 215 0.000374 2
49 431 80 451 0.000373 2
1055 465 1065 471 0.000373 2
603 455 672 471 0.000372 2
561 201 586 216 0.000368 2
47 406 80 425 0.000367 2
847 438 858 451 0.000367 2
431 421 462 442 0.000367 2
1164 281 1279 357 0.000363 2
318 203 334 260 0.000363 2
1060 218 1123 261 0.000362 2
193 370 225 411 0.000361 2
180 393 224 449 0.000361 2
255 456 274 463 0.000361 2
228 206 242 224 0.000361 2
1225 163 1274 181 0.000357 2
496 206 517 222 0.000356 2
976 528 987 536 0.000355 2
1026 313 1101 338 0.000353 2
503 312 528 336 0.000352 2
802 183 853 241 0.000350 2
1096 265 1280 351 0.000348 2
915 186 955 215 0.000347 2
191 370 224 412 0.000343 2
431 413 451 441 0.000343 2
1247 342 1267 362 0.000342 2
581 453 592 461 0.000341 2
1015 441 1027 450 0.000340 2
320 408 342 413 0.000338 2
1235 276 1279 366 0.000338 2
1031 359 1054 384 0.000335 2
1143 258 1279 355 0.000334 2
518 238 545 253 0.000330 2
1262 197 1279 242 0.000328 2
820 328 848 361 0.000328 2
1147 278 1279 357 0.000328 2
1027 359 1055 386 0.000326 2
579 445 592 458 0.000325 2
1014 439 1045 464 0.000323 2
1247 343 1278 365 0.000323 2
928 198 954 208 0.000322 2
1247 344 1279 375 0.000321 2
864 176 935 212 0.000319 2
895 623 906 630 0.000319 2
603 457 627 471 0.000319 2
531 204 550 220 0.000318 2
1029 357 1058 389 0.000311 2
0 282 20 295 0.000311 2
606 200 661 225 0.000310 2
447 421 496 446 0.000309 2
463 189 480 210 0.000309 2
503 312 528 339 0.000309 2
196 370 236 410 0.000308 2
61 255 93 265 0.000308 2
305 185 325 202 0.000307 2
528 190 580 218 0.000304 2
1039 322 1056 335 0.000303 2
352 411 433 438 0.000300 2
45 437 80 448 0.000299 2
1030 322 1088 342 0.000298 2
204 398 224 426 0.000296 2
921 203 980 251 0.000293 2
1112 203 1201 258 0.000291 2
418 192 449 207 0.000289 2
1032 324 1088 347 0.000287 2
608 457 673 486 0.000285 2
347 198 387 229 0.000285 2
432 410 460 442 0.000283 2
1103 197 1121 209 0.000282 2
289 176 311 198 0.000281 2
751 425 773 446 0.000276 2
900 456 913 464 0.000274 2
1117 272 1279 356 0.000274 2
1031 310 1119 337 0.000273 2
108 407 144 435 0.000270 2
1036 324 1088 342 0.000268 2
0 504 51 567 0.000268 2
1232 295 1279 366 0.000268 2
600 460 626 471 0.000266 2
1224 161 1279 181 0.000265 2
155 392 224 450 0.000264 2
47 406 74 426 0.000262 2
448 411 504 443 0.000262 2
108 410 143 435 0.000261 2
1242 298 1279 370 0.000261 2
686 455 704 470 0.000261 2
1247 344 1263 360 0.000260 2
1032 358 1054 377 0.000260 2
467 408 530 438 0.000259 2
1263 261 1279 295 0.000255 2
341 198 386 227 0.000255 2
155 399 214 424 0.000254 2
516 424 581 436 0.000253 2
2 506 49 567 0.000244 2
1077 328 1115 353 0.000243 2
319 408 336 413 0.000241 2
34 440 64 446 0.000240 2
601 200 660 224 0.000240 2
5 184 471 387 0.000240 2
1239 298 1279 373 0.000239 2
861 243 913 297 0.000235 2
464 408 516 431 0.000234 2
384 454 405 471 0.000234 2
569 200 613 215 0.000234 2
590 451 608 463 0.000234 2
583 426 609 441 0.000233 2
372 413 432 439 0.000232 2
1251 604 1279 669 0.000228 2
169 399 222 424 0.000228 2
273 183 297 212 0.000227 2
976 535 986 543 0.000227 2
61 408 145 439 0.000224 2
386 454 416 468 0.000224 2
335 210 353 230 0.000222 2
1257 314 1279 373 0.000222 2
1220 171 1271 235 0.000221 2
341 403 434 464 0.000219 2
1178 285 1279 439 0.000219 2
917 503 928 513 0.000219 2
381 453 416 471 0.000218 2
119 396 203 423 0.000216 2
184 392 223 424 0.000215 2
490 408 516 423 0.000215 2
655 427 675 440 0.000214 2
1187 272 1232 346 0.000214 2
326 198 387 227 0.000213 2
930 205 977 253 0.000212 2
698 211 712 245 0.000212 2
1262 358 1279 410 0.000211 2
257 180 324 244 0.000210 2
343 403 387 461 0.000208 2
1262 270 1279 296 0.000207 2
1225 162 1273 182 0.000206 2
3 283 24 295 0.000206 2
964 253 987 261 0.000205 2
492 408 512 419 0.000201 2
583 182 699 219 0.000200 2
46 392 167 417 0.000200 2
702 203 810 237 0.000200 2
1046 455 1073 469 0.000199 2
658 428 673 440 0.000198 2
95 391 126 403 0.000198 2
597 424 624 435 0.000198 2
960 178 1051 241 0.000197 2
47 404 105 426 0.000197 2
632 469 639 479 0.000197 2
161 393 223 426 0.000197 2
435 195 446 206 0.000196 2
191 371 224 415 0.000194 2
1263 275 1279 295 0.000193 2
591 423 609 443 0.000189 2
954 208 978 252 0.000189 2
1071 326 1088 340 0.000188 2
60 253 86 264 0.000187 2
1262 277 1279 295 0.000187 2
1264 365 1279 408 0.000187 2
631 377 645 397 0.000187 2
320 407 346 414 0.000186 2
95 391 128 404 0.000185 2
1254 302 1279 477 0.000184 2
0 507 16 561 0.000183 2
1194 276 1232 348 0.000183 2
186 393 224 458 0.000183 2
559 179 582 215 0.000182 2
1119 271 1270 416 0.000180 2
1241 195 1278 237 0.000177 2
384 452 416 471 0.000176 2
1170 318 1279 417 0.000176 2
1100 179 1123 204 0.000175 2
603 343 657 377 0.000174 2
360 206 379 232 0.000174 2
43 432 81 459 0.000173 2
4 505 58 533 0.000172 2
319 406 352 456 0.000171 2
718 307 757 341 0.000171 2
139 399 177 423 0.000170 2
259 408 288 424 0.000169 2
314 403 391 459 0.000168 2
594 461 609 473 0.000168 2
713 333 753 367 0.000166 2
324 407 352 446 0.000166 2
108 395 148 424 0.000166 2
716 318 746 343 0.000166 2
989 680 1040 703 0.000164 2
208 447 228 462 0.000163 2
561 436 592 458 0.000162 2
346 402 386 475 0.000161 2
719 317 745 336 0.000161 2
669 447 702 466 0.000161 2
223 211 244 240 0.000160 2
531 424 588 439 0.000160 2
333 408 352 452 0.000158 2
307 404 400 463 0.000158 2
629 457 672 486 0.000158 2
601 324 658 370 0.000157 2
14 504 66 528 0.000157 2
47 408 95 427 0.000155 2
525 432 592 457 0.000155 2
29 392 169 415 0.000155 2
432 406 451 442 0.000155 2
1216 423 1248 439 0.000155 2
528 427 593 456 0.000154 2
153 395 224 460 0.000154 2
334 205 354 249 0.000154 2
982 527 990 536 0.000153 2
519 201 547 241 0.000153 2
1019 324 1075 390 0.000153 2
639 423 650 435 0.000153 2
640 380 658 398 0.000152 2
42 252 93 280 0.000152 2
1021 303 1115 336 0.000152 2
848 527 864 536 0.000152 2
416 198 433 205 0.000149 2
1264 321 1279 371 0.000149 2
385 410 432 440 0.000147 2
846 520 855 527 0.000147 2
607 447 624 463 0.000146 2
1083 180 1125 223 0.000146 2
644 427 656 439 0.000144 2
1026 323 1088 386 0.000143 2
965 504 976 520 0.000142 2
718 318 746 362 0.000142 2
913 185 954 208 0.000142 2
6 212 561 395 0.000140 2
592 455 674 482 0.000140 2
821 328 864 344 0.000140 2
319 407 352 452 0.000140 2
859 260 913 345 0.000140 2
615 321 686 371 0.000139 2
1013 319 1073 386 0.000139 2
639 428 649 439 0.000139 2
917 283 1022 377 0.000139 2
309 184 385 228 0.000139 2
432 407 478 444 0.000139 2
1218 168 1258 235 0.000139 2
641 419 666 437 0.000138 2
0 407 69 462 0.000137 2
847 526 860 536 0.000137 2
1018 194 1071 253 0.000137 2
208 520 223 531 0.000136 2
958 198 987 214 0.000136 2
268 409 288 424 0.000135 2
0 246 28 295 0.000133 2
63 510 77 521 0.000133 2
260 178 327 292 0.000132 2
1104 158 1207 229 0.000131 2
3 502 64 529 0.000131 2
618 320 684 365 0.000131 2
1206 294 1232 355 0.000131 2
188 169 342 238 0.000130 2
1200 277 1232 343 0.000129 2
934 288 1005 323 0.000129 2
1027 310 1101 337 0.000129 2
1014 319 1081 389 0.000129 2
1155 209 1259 269 0.000126 2
625 406 673 432 0.000125 2
375 414 434 442 0.000125 2
62 254 93 285 0.000124 2
1244 344 1279 396 0.000123 2
176 407 286 427 0.000123 2
58 427 110 447 0.000123 2
430 169 500 212 0.000122 2
1154 242 1279 301 0.000121 2
271 181 316 241 0.000121 2
855 255 912 345 0.000120 2
92 391 126 403 0.000120 2
373 453 403 471 0.000119 2
1213 306 1232 335 0.000119 2
39 253 94 286 0.000118 2
503 312 528 342 0.000117 2
919 198 980 215 0.000117 2
5 501 95 573 0.000117 2
384 414 432 440 0.000116 2
601 343 651 377 0.000116 2
432 407 448 441 0.000115 2
574 448 592 472 0.000115 2
327 205 380 269 0.000115 2
362 411 433 475 0.000114 2
1017 316 1120 390 0.000113 2
380 410 433 438 0.000112 2
62 253 96 286 0.000112 2
719 333 735 354 0.000112 2
382 407 435 440 0.000112 2
1151 205 1205 262 0.000112 2
25 396 123 420 0.000111 2
638 688 680 703 0.000110 2
339 402 430 439 0.000109 2
382 447 416 470 0.000109 2
851 248 913 343 0.000108 2
1226 274 1279 313 0.000107 2
43 436 80 457 0.000107 2
465 434 528 453 0.000107 2
31 439 52 446 0.000107 2
311 406 400 438 0.000107 2
599 456 672 478 0.000107 2
347 401 399 461 0.000107 2
602 458 672 478 0.000106 2
919 181 956 204 0.000105 2
1197 274 1232 340 0.000105 2
1177 405 1203 423 0.000105 2
719 316 746 337 0.000104 2
330 202 353 258 0.000103 2
600 334 656 373 0.000103 2
1231 291 1279 359 0.000103 2
682 445 703 466 0.000102 2
13 502 65 528 0.000102 2
957 183 989 208 0.000102 2
479 407 575 430 0.000102 2
633 374 678 397 0.000101 2
384 446 406 471 0.000101 2
1215 424 1251 440 0.000101 2
1202 278 1232 349 0.000101 2
1082 212 1194 306 0.000101 2
611 321 661 368 0.000101 2
1176 163 1279 269 0.009119 5
1162 164 1279 268 0.006736 5
477 168 590 219 0.002517 5
1183 165 1279 234 0.002235 5
1191 163 1279 232 0.001645 5
1096 164 1279 270 0.001487 5
444 180 483 217 0.001335 5
1216 165 1279 236 0.001188 5
444 174 535 217 0.001038 5
477 171 523 218 0.000961 5
444 170 579 217 0.000911 5
1213 162 1279 226 0.000770 5
480 176 498 199 0.000659 5
444 179 479 216 0.000575 5
675 181 1277 413 0.000548 5
818 135 940 165 0.000415 5
582 180 623 210 0.000385 5
1223 162 1279 212 0.000355 5
1220 162 1279 229 0.000315 5
1222 162 1279 222 0.000283 5
1111 260 1279 477 0.000272 5
448 155 525 211 0.000226 5
1104 175 1280 337 0.000218 5
720 193 1275 360 0.000183 5
728 182 1260 365 0.000173 5
432 172 446 203 0.000160 5
444 179 469 214 0.000157 5
714 186 1227 363 0.000146 5
1223 162 1274 219 0.000141 5
1093 188 1279 345 0.000141 5
736 199 1143 325 0.000140 5
444 180 484 210 0.000132 5
1097 183 1280 418 0.000128 5
1105 157 1280 360 0.000116 5
1078 198 1280 439 0.000107 5
693 271 1278 501 0.122988 6
716 283 1272 499 0.036644 6
661 254 1278 502 0.035976 6
715 251 1272 501 0.029249 6
641 265 1167 478 0.026113 6
718 326 1273 497 0.026099 6
677 308 1277 502 0.021111 6
641 333 1101 480 0.015853 6
640 340 1062 482 0.012951 6
1173 163 1279 269 0.009796 6
641 264 1094 479 0.009134 6
675 338 1033 481 0.008217 6
859 444 1027 486 0.007815 6
845 449 1024 486 0.006542 6
721 335 1270 490 0.006386 6
664 191 1277 505 0.006344 6
479 166 582 210 0.006260 6
708 338 1037 484 0.006170 6
850 453 1024 486 0.006153 6
929 277 1278 492 0.005235 6
864 435 1027 486 0.005095 6
717 204 1270 501 0.005022 6
849 441 1026 485 0.004660 6
479 168 581 207 0.004624 6
641 259 1049 482 0.004479 6
486 171 580 203 0.004302 6
892 271 1278 486 0.004038 6
725 336 1166 485 0.004010 6
484 169 580 205 0.003933 6
487 422 582 439 0.003676 6
640 224 1216 475 0.003572 6
711 349 1277 505 0.003451 6
640 256 1201 474 0.003264 6
714 224 1266 493 0.003187 6
721 395 1273 497 0.003111 6
640 242 1160 457 0.002983 6
730 336 1093 486 0.002980 6
691 250 1245 490 0.002920 6
467 166 584 214 0.002710 6
749 432 931 478 0.002659 6
454 417 591 460 0.002628 6
454 419 591 451 0.002285 6
479 162 581 204 0.002114 6
1010 275 1279 504 0.001972 6
1087 152 1279 271 0.001905 6
1102 162 1279 270 0.001889 6
663 217 1239 489 0.001836 6
9 398 354 477 0.001791 6
28 423 331 494 0.001731 6
652 252 1130 486 0.001525 6
753 434 936 477 0.001470 6
859 444 999 484 0.001446 6
29 433 325 509 0.001327 6
443 397 703 462 0.001308 6
856 440 1011 485 0.001304 6
746 416 936 478 0.001281 6
469 167 584 219 0.001277 6
17 423 339 479 0.001253 6
754 338 1010 438 0.001197 6
740 429 1183 490 0.001196 6
750 338 947 466 0.001178 6
851 417 1036 485 0.001156 6
31 402 326 507 0.001147 6
859 454 1027 487 0.001060 6
640 417 1053 486 0.001034 6
437 316 957 474 0.001029 6
334 450 406 471 0.000990 6
464 420 591 459 0.000984 6
441 254 958 474 0.000984 6
640 346 1017 477 0.000977 6
333 449 411 471 0.000957 6
847 386 1037 485 0.000931 6
408 239 952 471 0.000908 6
826 135 940 165 0.000815 6
425 292 952 471 0.000809 6
430 343 956 475 0.000805 6
748 419 882 476 0.000801 6
1041 385 1279 509 0.000781 6
445 379 704 459 0.000736 6
640 363 1058 499 0.000655 6
754 338 1018 387 0.000635 6
454 381 707 464 0.000630 6
335 448 414 471 0.000595 6
333 450 401 471 0.000592 6
808 356 1278 508 0.000568 6
426 356 951 473 0.000559 6
722 182 1267 426 0.000537 6
1180 162 1279 223 0.000533 6
664 196 1195 430 0.000512 6
452 374 705 461 0.000507 6
743 339 938 464 0.000496 6
1075 137 1279 274 0.000495 6
1086 352 1279 510 0.000488 6
809 247 1278 492 0.000484 6
32 440 323 508 0.000469 6
709 192 1252 445 0.000466 6
640 263 976 454 0.000466 6
756 407 944 476 0.000466 6
454 365 774 462 0.000449 6
698 131 957 239 0.000436 6
1036 372 1278 509 0.000423 6
652 213 1176 386 0.000412 6
735 338 1019 442 0.000408 6
1112 414 1278 497 0.000405 6
1 65 344 397 0.000394 6
776 340 1063 469 0.000392 6
825 134 940 157 0.000392 6
1084 479 1279 699 0.000384 6
435 226 959 472 0.000380 6
817 382 1035 480 0.000369 6
752 338 1035 392 0.000361 6
757 339 1042 463 0.000359 6
1028 359 1278 508 0.000357 6
1104 64 1280 274 0.000356 6
206 444 282 467 0.000355 6
727 337 1013 388 0.000353 6
826 134 940 162 0.000343 6
2 65 406 394 0.000336 6
379 402 707 478 0.000336 6
747 416 879 474 0.000328 6
750 342 941 476 0.000322 6
738 416 870 472 0.000319 6
1117 400 1278 473 0.000319 6
969 258 1278 464 0.000317 6
859 439 1035 485 0.000315 6
901 280 1104 395 0.000313 6
1130 346 1278 417 0.000308 6
640 170 1141 404 0.000308 6
775 339 1004 467 0.000298 6
747 394 947 476 0.000297 6
600 257 960 471 0.000290 6
747 408 906 475 0.000279 6
635 433 703 464 0.000273 6
748 341 909 475 0.000267 6
744 338 977 425 0.000265 6
739 339 936 394 0.000263 6
817 400 1065 476 0.000252 6
404 203 951 474 0.000250 6
445 417 704 462 0.000245 6
1099 477 1279 690 0.000242 6
1082 425 1269 481 0.000236 6
1119 352 1279 479 0.000232 6
824 406 934 477 0.000230 6
462 414 704 464 0.000229 6
1126 346 1280 475 0.000226 6
723 407 1267 530 0.000224 6
1115 408 1268 472 0.000221 6
742 340 908 462 0.000220 6
736 423 1265 529 0.000220 6
1071 65 1280 276 0.000216 6
467 386 704 463 0.000198 6
1157 64 1280 275 0.000191 6
1065 407 1228 476 0.000188 6
858 408 1043 479 0.000187 6
444 162 508 218 0.000186 6
741 338 995 394 0.000184 6
153 167 277 235 0.000182 6
1117 337 1268 469 0.000179 6
1053 338 1267 477 0.000177 6
1148 345 1279 444 0.000177 6
592 409 702 465 0.000166 6
824 342 967 476 0.000163 6
1116 331 1257 466 0.000163 6
640 372 1023 514 0.000160 6
640 177 1098 388 0.000157 6
1077 176 1278 277 0.000156 6
592 388 702 465 0.000155 6
364 164 505 213 0.000154 6
729 339 1035 419 0.000154 6
735 340 916 391 0.000152 6
811 349 943 474 0.000151 6
854 454 1065 493 0.000150 6
630 386 703 465 0.000150 6
623 389 703 465 0.000149 6
352 154 522 207 0.000145 6
1061 462 1278 699 0.000141 6
0 149 332 396 0.000140 6
899 412 1055 474 0.000135 6
348 158 468 207 0.000129 6
643 435 1066 704 0.000128 6
898 361 1059 476 0.000125 6
883 324 1097 402 0.000119 6
1109 344 1261 473 0.000118 6
1049 330 1260 472 0.000117 6
751 276 914 345 0.000117 6
364 161 477 206 0.000115 6
327 64 660 228 0.000115 6
1071 414 1194 474 0.000114 6
153 167 263 234 0.000114 6
1151 346 1278 420 0.000112 6
735 338 955 391 0.000112 6
743 280 1012 394 0.000108 6
618 382 703 463 0.000104 6
588 375 702 460 0.000100 6
865 176 955 235 0.169877 7
865 177 954 226 0.069656 7
588 184 653 216 0.058587 7
842 176 955 231 0.054964 7
697 153 954 237 0.054483 7
588 183 621 214 0.051542 7
814 176 954 234 0.040516 7
802 176 954 231 0.036886 7
699 171 953 238 0.030663 7
864 176 988 249 0.021928 7
587 183 647 216 0.020360 7
828 176 964 240 0.019671 7
863 176 958 246 0.017588 7
587 183 621 210 0.016540 7
860 176 955 229 0.016262 7
862 176 948 202 0.014532 7
802 166 953 230 0.012234 7
862 176 956 218 0.010627 7
874 176 956 236 0.010080 7
720 153 858 238 0.010026 7
860 176 950 233 0.008853 7
1199 167 1279 269 0.008371 7
802 171 928 238 0.007514 7
695 152 808 236 0.006332 7
720 153 806 236 0.005935 7
698 188 731 233 0.004728 7
1215 166 1279 268 0.004559 7
698 184 731 234 0.004542 7
792 167 955 236 0.004298 7
803 168 857 239 0.004223 7
475 176 518 218 0.004074 7
1176 167 1280 268 0.004022 7
492 171 581 205 0.003745 7
484 170 580 210 0.003367 7
803 156 893 237 0.003345 7
588 176 654 216 0.003213 7
803 156 858 238 0.003002 7
864 177 987 237 0.002659 7
803 165 858 229 0.002441 7
802 182 855 241 0.002293 7
859 176 943 234 0.002239 7
867 175 992 254 0.002193 7
865 176 942 201 0.002142 7
803 178 857 242 0.002140 7
1238 172 1279 269 0.002112 7
479 175 519 216 0.001985 7
1178 187 1280 269 0.001886 7
292 199 389 296 0.001864 7
1262 188 1279 269 0.001823 7
1181 166 1280 237 0.001711 7
1179 173 1267 234 0.001671 7
718 153 828 237 0.001550 7
575 184 622 214 0.001493 7
1173 174 1280 268 0.001490 7
852 179 952 274 0.001485 7
589 181 651 215 0.001430 7
580 184 621 214 0.001288 7
803 154 944 237 0.001281 7
1096 275 1279 420 0.001092 7
510 182 657 218 0.001072 7
804 156 859 218 0.000903 7
1116 269 1280 417 0.000883 7
819 164 968 241 0.000875 7
472 170 581 216 0.000854 7
1171 200 1279 268 0.000828 7
808 153 946 225 0.000819 7
1262 212 1279 271 0.000787 7
1134 278 1279 419 0.000774 7
1263 168 1279 246 0.000689 7
864 173 992 238 0.000680 7
702 164 805 236 0.000670 7
1222 165 1279 220 0.000623 7
825 174 968 279 0.000615 7
688 166 911 239 0.000600 7
588 161 662 217 0.000592 7
1222 178 1280 229 0.000591 7
539 180 647 216 0.000565 7
1254 170 1279 245 0.000548 7
581 185 720 264 0.000543 7
1176 169 1259 234 0.000534 7
324 199 389 304 0.000525 7
734 152 805 210 0.000517 7
803 159 857 220 0.000506 7
444 177 471 216 0.000505 7
1257 168 1279 240 0.000474 7
664 162 931 242 0.000470 7
587 158 660 217 0.000434 7
1192 187 1279 274 0.000434 7
854 175 1016 261 0.000420 7
679 154 961 264 0.000419 7
813 130 957 239 0.000413 7
1168 282 1279 423 0.000388 7
696 159 966 284 0.000386 7
512 171 646 212 0.000374 7
862 138 953 217 0.000370 7
733 153 804 203 0.000363 7
913 278 1095 390 0.000359 7
826 174 994 281 0.000350 7
724 152 805 199 0.000348 7
652 150 963 347 0.000347 7
1237 177 1279 236 0.000330 7
730 152 807 202 0.000329 7
694 184 732 231 0.000311 7
714 302 768 344 0.000303 7
728 155 802 204 0.000302 7
699 184 729 220 0.000300 7
661 152 972 310 0.000288 7
715 300 767 341 0.000286 7
472 150 945 244 0.000277 7
699 184 729 215 0.000266 7
462 159 688 219 0.000261 7
1262 168 1279 223 0.000255 7
704 131 956 235 0.000228 7
859 138 953 211 0.000222 7
864 176 934 203 0.000217 7
697 183 738 229 0.000209 7
1222 176 1278 235 0.000203 7
692 174 733 233 0.000195 7
640 146 1046 385 0.000191 7
1105 181 1211 252 0.000190 7
714 270 870 385 0.000185 7
295 199 332 233 0.000175 7
738 152 808 215 0.000174 7
729 164 793 216 0.000173 7
726 158 801 209 0.000165 7
1100 180 1207 254 0.000161 7
704 301 764 375 0.000145 7
726 164 790 219 0.000141 7
1171 218 1279 282 0.000138 7
226 195 396 369 0.000132 7
720 152 806 206 0.000128 7
718 290 768 342 0.000128 7
322 196 438 326 0.000120 7
970 145 1056 232 0.000118 7
705 299 766 372 0.000114 7
498 187 670 219 0.000113 7
760 245 913 344 0.000112 7
701 298 764 376 0.000104 7
587 159 641 211 0.000103 7
1088 150 1103 178 0.471283 9
513 152 524 178 0.384608 9
514 151 524 178 0.098153 9
513 151 524 177 0.091581 9
366 167 374 185 0.075198 9
1198 383 1207 416 0.074071 9
372 167 382 184 0.073312 9
513 152 523 184 0.060956 9
448 157 490 170 0.060872 9
1207 170 1215 193 0.043150 9
1088 150 1103 183 0.039772 9
865 152 880 168 0.039642 9
965 372 979 390 0.037216 9
1207 168 1216 195 0.036585 9
1197 383 1207 415 0.034796 9
1195 383 1213 416 0.024362 9
239 179 247 191 0.023176 9
864 151 880 168 0.023087 9
1198 383 1215 416 0.022993 9
553 173 569 200 0.022733 9
371 166 381 186 0.021234 9
1119 334 1136 390 0.020376 9
1154 160 1167 184 0.019661 9
362 167 368 187 0.019624 9
1088 150 1104 183 0.019423 9
313 151 341 186 0.019320 9
1198 383 1215 416 0.018210 9
558 184 567 195 0.018204 9
1013 136 1025 168 0.018170 9
1013 135 1026 169 0.017617 9
1214 167 1223 201 0.017425 9
239 177 247 190 0.016933 9
895 155 906 175 0.016297 9
965 372 979 389 0.015826 9
313 149 341 188 0.014817 9
965 372 979 391 0.014640 9
225 183 231 195 0.014380 9
1191 383 1207 416 0.013925 9
965 370 981 392 0.013889 9
1207 169 1215 198 0.013690 9
1191 384 1205 401 0.013404 9
1199 383 1216 415 0.013269 9
1191 386 1202 401 0.012925 9
1167 384 1183 422 0.012843 9
895 155 906 177 0.012452 9
1167 379 1183 422 0.012417 9
517 192 523 205 0.012224 9
848 181 858 200 0.012135 9
864 166 869 183 0.011954 9
665 181 671 197 0.011804 9
361 167 368 188 0.011707 9
449 157 490 181 0.011648 9
1167 389 1184 422 0.011641 9
1167 389 1182 423 0.011423 9
552 173 572 200 0.011244 9
551 174 581 203 0.011022 9
864 165 870 183 0.010819 9
1188 383 1211 413 0.010598 9
1120 341 1136 390 0.010570 9
448 157 490 178 0.010387 9
844 151 859 166 0.010043 9
1213 167 1224 204 0.010026 9
111 151 128 164 0.010020 9
449 158 468 171 0.009654 9
951 348 959 362 0.009296 9
693 177 700 192 0.009100 9
523 183 536 196 0.008897 9
1089 151 1110 179 0.008749 9
517 191 527 201 0.008432 9
612 156 624 169 0.008343 9
1089 151 1106 178 0.007952 9
848 181 857 207 0.007797 9
680 167 686 183 0.007636 9
95 152 105 176 0.007100 9
1047 156 1056 173 0.006905 9
1100 153 1110 178 0.006784 9
563 180 580 202 0.006774 9
94 152 104 176 0.006624 9
638 160 644 168 0.006604 9
767 104 784 135 0.006500 9
680 167 687 187 0.006303 9
464 169 472 183 0.006296 9
111 151 128 165 0.006165 9
518 192 527 209 0.005981 9
512 191 523 201 0.005916 9
611 152 625 169 0.005833 9
842 151 859 166 0.005576 9
513 152 526 186 0.005558 9
965 370 979 389 0.005519 9
958 372 980 407 0.005500 9
990 681 1005 703 0.005447 9
257 144 267 160 0.005342 9
257 179 262 191 0.005337 9
879 154 889 168 0.005035 9
518 177 547 200 0.005034 9
810 160 857 179 0.004969 9
976 368 985 391 0.004945 9
665 184 671 199 0.004920 9
257 142 268 160 0.004871 9
565 179 581 202 0.004868 9
258 143 268 160 0.004868 9
1210 167 1224 207 0.004860 9
629 180 637 192 0.004859 9
694 177 703 186 0.004844 9
1006 135 1027 170 0.004663 9
312 149 350 186 0.004659 9
951 345 960 386 0.004585 9
927 151 937 168 0.004555 9
1007 135 1026 170 0.004473 9
693 177 703 198 0.004455 9
1231 168 1247 181 0.004443 9
1167 377 1185 423 0.004419 9
1088 150 1111 179 0.004340 9
981 373 990 392 0.004301 9
1042 156 1057 175 0.004298 9
961 372 979 394 0.004193 9
895 153 907 176 0.004174 9
800 140 811 156 0.004154 9
665 171 672 194 0.004122 9
829 135 860 166 0.003990 9
681 170 689 195 0.003899 9
870 163 880 177 0.003897 9
990 681 1004 703 0.003889 9
259 142 268 160 0.003855 9
68 168 80 177 0.003751 9
364 167 374 189 0.003747 9
1206 169 1216 199 0.003726 9
839 151 859 166 0.003705 9
1176 382 1212 418 0.003608 9
1178 380 1183 391 0.003572 9
979 368 986 391 0.003550 9
448 154 490 171 0.003546 9
358 168 368 189 0.003539 9
1167 387 1182 423 0.003535 9
827 135 861 165 0.003528 9
1040 155 1056 174 0.003511 9
927 149 938 168 0.003509 9
446 156 490 180 0.003460 9
216 184 224 197 0.003446 9
979 369 990 392 0.003432 9
519 173 547 191 0.003398 9
1119 326 1137 390 0.003343 9
1167 387 1184 423 0.003275 9
895 153 909 176 0.003193 9
1088 149 1103 190 0.003101 9
1127 165 1146 185 0.003065 9
1193 164 1202 186 0.003057 9
950 345 961 391 0.003050 9
544 169 559 200 0.003030 9
879 153 889 168 0.003024 9
313 154 341 190 0.003017 9
538 170 574 201 0.003016 9
810 160 857 189 0.002997 9
816 155 858 180 0.002904 9
555 175 578 201 0.002813 9
990 681 1009 703 0.002799 9
521 183 539 199 0.002749 9
809 166 818 179 0.002689 9
509 171 549 198 0.002654 9
611 154 626 171 0.002641 9
544 168 552 194 0.002634 9
865 152 879 170 0.002624 9
312 147 350 189 0.002548 9
1124 165 1146 185 0.002525 9
1008 136 1024 170 0.002493 9
837 152 858 170 0.002481 9
174 64 201 90 0.002386 9
832 416 849 451 0.002363 9
1119 326 1156 403 0.002346 9
1167 381 1180 392 0.002333 9
612 154 625 182 0.002309 9
313 157 344 187 0.002302 9
629 171 637 192 0.002215 9
259 143 268 159 0.002203 9
831 416 846 452 0.002168 9
1042 156 1056 174 0.002167 9
559 178 581 202 0.002140 9
1040 154 1057 178 0.002138 9
587 166 603 184 0.002131 9
704 165 712 179 0.002128 9
339 164 352 185 0.002088 9
827 135 861 158 0.002087 9
703 152 712 179 0.002082 9
520 183 536 200 0.002068 9
947 347 961 392 0.002049 9
990 359 1024 399 0.002024 9
1000 359 1024 393 0.002016 9
156 64 202 90 0.001978 9
1114 163 1146 185 0.001966 9
481 168 579 204 0.001953 9
544 169 570 201 0.001879 9
1224 165 1232 181 0.001873 9
960 369 981 395 0.001870 9
991 359 1008 388 0.001860 9
881 154 894 170 0.001822 9
1230 167 1247 181 0.001802 9
111 150 128 164 0.001800 9
550 169 575 202 0.001795 9
991 359 1007 385 0.001754 9
512 167 549 187 0.001749 9
690 168 697 181 0.001734 9
1192 165 1201 186 0.001731 9
167 64 176 76 0.001720 9
846 167 858 186 0.001718 9
95 183 103 203 0.001709 9
638 161 649 181 0.001691 9
605 161 623 183 0.001681 9
246 177 258 193 0.001667 9
1042 152 1056 174 0.001667 9
608 152 625 169 0.001656 9
587 169 603 185 0.001655 9
1120 349 1136 391 0.001648 9
1119 312 1171 395 0.001638 9
951 344 960 361 0.001613 9
783 328 817 392 0.001597 9
673 317 680 327 0.001590 9
569 137 581 162 0.001588 9
990 344 1008 391 0.001583 9
520 168 548 183 0.001580 9
223 180 233 196 0.001576 9
845 119 867 136 0.001543 9
1191 162 1202 187 0.001542 9
1181 163 1204 219 0.001520 9
698 125 705 152 0.001506 9
608 154 625 180 0.001504 9
566 140 581 161 0.001501 9
111 137 128 164 0.001493 9
841 118 867 136 0.001489 9
692 120 706 153 0.001465 9
1181 381 1192 391 0.001461 9
554 179 580 202 0.001460 9
837 437 848 449 0.001458 9
799 135 819 158 0.001445 9
512 182 524 200 0.001418 9
1088 190 1095 204 0.001415 9
543 190 550 202 0.001407 9
842 150 861 167 0.001398 9
1119 346 1136 407 0.001391 9
447 157 491 212 0.001391 9
826 135 861 156 0.001388 9
1012 132 1040 168 0.001380 9
339 165 352 188 0.001379 9
512 145 525 176 0.001375 9
481 174 496 192 0.001373 9
664 153 671 173 0.001371 9
448 158 482 177 0.001359 9
1081 173 1089 184 0.001352 9
567 140 581 162 0.001351 9
310 179 339 197 0.001351 9
1115 162 1129 184 0.001349 9
612 172 625 186 0.001344 9
448 156 491 190 0.001338 9
95 183 102 204 0.001336 9
119 64 159 76 0.001319 9
119 64 128 72 0.001319 9
1165 372 1191 420 0.001317 9
799 135 813 155 0.001314 9
990 357 1024 393 0.001292 9
240 166 247 182 0.001277 9
814 143 823 153 0.001276 9
664 167 670 174 0.001268 9
1015 149 1037 168 0.001267 9
801 140 812 159 0.001266 9
587 167 599 184 0.001263 9
1118 328 1154 411 0.001257 9
1079 151 1103 185 0.001253 9
370 158 381 185 0.001249 9
245 176 259 192 0.001240 9
352 165 360 185 0.001238 9
989 358 1009 399 0.001217 9
1024 151 1040 159 0.001215 9
119 64 202 87 0.001198 9
476 149 532 178 0.001197 9
879 152 897 172 0.001196 9
1182 383 1196 408 0.001190 9
161 64 177 82 0.001180 9
690 170 697 186 0.001177 9
638 167 651 184 0.001174 9
698 151 713 180 0.001162 9
546 172 578 202 0.001148 9
1182 384 1203 413 0.001135 9
975 365 992 392 0.001135 9
562 179 581 202 0.001117 9
566 143 580 162 0.001106 9
596 64 625 92 0.001104 9
1022 151 1040 165 0.001099 9
840 150 865 168 0.001099 9
586 167 603 186 0.001091 9
840 119 866 135 0.001087 9
1014 338 1023 345 0.001080 9
826 135 860 152 0.001075 9
694 180 703 199 0.001067 9
840 119 856 135 0.001065 9
386 198 397 206 0.001061 9
222 176 247 192 0.001056 9
1012 134 1026 170 0.001056 9
975 143 990 152 0.001053 9
1101 138 1110 157 0.001048 9
808 382 814 391 0.001034 9
487 156 581 208 0.001028 9
652 152 671 175 0.001028 9
1089 145 1103 178 0.001017 9
388 198 396 205 0.001008 9
1007 356 1024 389 0.000995 9
690 118 703 152 0.000988 9
1120 395 1127 411 0.000987 9
831 175 845 191 0.000985 9
580 64 596 91 0.000966 9
585 64 625 93 0.000965 9
832 418 844 451 0.000964 9
751 90 784 141 0.000960 9
696 121 706 152 0.000943 9
574 135 581 158 0.000934 9
569 166 579 178 0.000933 9
503 313 512 335 0.000927 9
159 64 189 90 0.000923 9
253 177 262 192 0.000917 9
606 168 617 183 0.000912 9
799 134 819 156 0.000904 9
1022 153 1040 168 0.000899 9
209 167 218 176 0.000897 9
1218 404 1232 423 0.000895 9
622 177 635 193 0.000894 9
591 64 625 93 0.000888 9
751 95 784 141 0.000888 9
964 358 978 385 0.000887 9
1097 130 1105 166 0.000882 9
825 135 841 152 0.000869 9
223 177 243 194 0.000864 9
693 166 707 182 0.000861 9
527 182 548 206 0.000859 9
697 152 710 178 0.000858 9
1140 385 1153 408 0.000857 9
1119 164 1154 185 0.000854 9
978 320 991 343 0.000853 9
513 151 544 187 0.000853 9
1124 164 1154 185 0.000851 9
1188 359 1211 418 0.000843 9
1202 167 1216 214 0.000834 9
1089 152 1116 198 0.000833 9
67 168 80 178 0.000831 9
1101 135 1110 155 0.000829 9
653 157 663 174 0.000829 9
1181 164 1203 218 0.000826 9
762 100 784 137 0.000821 9
970 176 976 185 0.000821 9
1137 352 1153 409 0.000820 9
46 318 56 343 0.000817 9
364 166 385 197 0.000812 9
119 64 201 90 0.000808 9
1110 161 1148 185 0.000801 9
1014 128 1041 167 0.000798 9
927 147 944 168 0.000795 9
238 175 254 193 0.000793 9
1042 154 1057 184 0.000791 9
690 118 701 150 0.000790 9
1105 358 1120 390 0.000790 9
690 118 705 152 0.000786 9
990 359 1015 399 0.000784 9
119 64 160 78 0.000776 9
513 145 525 178 0.000769 9
133 64 180 85 0.000760 9
664 298 681 349 0.000756 9
119 64 170 78 0.000755 9
118 64 186 80 0.000750 9
975 143 993 154 0.000749 9
415 176 422 203 0.000746 9
480 174 498 196 0.000745 9
689 119 704 152 0.000738 9
256 144 268 173 0.000737 9
611 151 629 169 0.000736 9
415 174 422 203 0.000735 9
112 201 121 220 0.000733 9
664 319 678 349 0.000728 9
1192 164 1215 202 0.000728 9
1108 162 1148 185 0.000727 9
1076 343 1120 391 0.000726 9
1075 350 1120 392 0.000724 9
312 150 342 200 0.000712 9
881 159 896 177 0.000705 9
1137 343 1153 409 0.000703 9
1024 120 1040 160 0.000700 9
1151 340 1168 410 0.000696 9
1109 155 1118 168 0.000694 9
127 64 200 90 0.000690 9
665 169 677 193 0.000690 9
497 182 515 206 0.000688 9
0 144 7 202 0.000685 9
1077 142 1103 185 0.000684 9
159 64 180 90 0.000679 9
611 153 629 170 0.000673 9
763 103 785 153 0.000668 9
1103 167 1125 202 0.000666 9
445 145 525 174 0.000657 9
312 103 367 195 0.000650 9
1254 628 1270 660 0.000649 9
809 156 855 181 0.000647 9
1034 151 1057 176 0.000637 9
935 543 944 567 0.000636 9
977 313 993 343 0.000634 9
45 315 56 344 0.000631 9
159 64 170 72 0.000629 9
1019 127 1040 160 0.000628 9
825 135 921 169 0.000626 9
119 64 163 77 0.000621 9
550 140 580 160 0.000619 9
629 169 637 187 0.000616 9
991 359 1024 403 0.000614 9
1088 149 1115 180 0.000614 9
650 158 656 175 0.000613 9
1106 162 1147 185 0.000608 9
447 153 520 171 0.000607 9
974 141 992 161 0.000606 9
1119 263 1167 392 0.000603 9
700 124 713 153 0.000595 9
1077 336 1090 361 0.000594 9
664 316 680 349 0.000593 9
704 172 711 184 0.000593 9
990 346 1007 383 0.000591 9
664 314 681 348 0.000589 9
1113 162 1131 183 0.000589 9
1183 352 1212 412 0.000585 9
67 168 80 183 0.000583 9
1078 385 1089 407 0.000583 9
661 150 671 174 0.000579 9
947 369 961 396 0.000578 9
611 178 626 195 0.000565 9
801 138 820 160 0.000562 9
1225 161 1248 181 0.000560 9
684 168 703 199 0.000558 9
1096 359 1118 391 0.000558 9
997 359 1024 404 0.000557 9
894 149 910 177 0.000557 9
825 135 852 153 0.000554 9
1172 382 1209 421 0.000550 9
1112 152 1119 164 0.000539 9
751 96 784 152 0.000537 9
650 161 656 178 0.000532 9
1218 165 1231 186 0.000531 9
161 64 189 78 0.000530 9
917 343 1003 396 0.000528 9
782 342 817 392 0.000527 9
1183 163 1203 200 0.000527 9
877 163 893 177 0.000524 9
32 524 48 567 0.000523 9
999 134 1008 175 0.000519 9
95 152 106 176 0.000518 9
310 125 387 195 0.000517 9
1195 165 1216 210 0.000514 9
483 148 524 176 0.000514 9
208 181 216 198 0.000506 9
491 153 524 190 0.000506 9
1255 630 1264 644 0.000504 9
580 64 598 93 0.000504 9
938 344 963 394 0.000500 9
95 200 105 209 0.000500 9
485 150 524 177 0.000493 9
696 151 713 180 0.000490 9
937 339 989 407 0.000489 9
664 169 683 200 0.000487 9
224 177 246 194 0.000486 9
618 170 635 193 0.000484 9
119 64 196 83 0.000483 9
1124 341 1154 411 0.000482 9
992 143 1000 165 0.000481 9
68 169 80 200 0.000481 9
1213 370 1223 385 0.000477 9
1119 368 1129 416 0.000474 9
851 114 869 136 0.000474 9
1000 134 1009 183 0.000472 9
903 536 912 547 0.000471 9
447 147 518 171 0.000469 9
1150 341 1182 417 0.000468 9
571 165 581 178 0.000468 9
809 161 858 192 0.000467 9
312 89 367 193 0.000466 9
1103 160 1129 186 0.000465 9
416 171 440 203 0.000464 9
1253 625 1271 666 0.000463 9
1169 373 1184 392 0.000457 9
1185 361 1217 416 0.000455 9
1151 351 1172 416 0.000454 9
652 149 671 174 0.000453 9
351 158 363 188 0.000450 9
789 138 799 153 0.000450 9
600 165 623 185 0.000448 9
850 156 868 184 0.000448 9
119 64 178 78 0.000447 9
942 357 961 393 0.000447 9
691 118 705 151 0.000447 9
596 149 609 163 0.000447 9
1056 375 1064 387 0.000446 9
352 165 362 188 0.000443 9
1002 135 1020 177 0.000440 9
549 134 581 162 0.000438 9
256 85 262 98 0.000437 9
932 375 944 391 0.000436 9
1113 162 1149 184 0.000435 9
699 122 714 157 0.000435 9
567 157 580 177 0.000430 9
1097 331 1121 391 0.000427 9
829 282 848 312 0.000426 9
605 153 637 195 0.000423 9
638 164 657 188 0.000423 9
1079 384 1088 399 0.000420 9
1088 154 1103 203 0.000420 9
547 140 579 157 0.000417 9
863 136 921 169 0.000414 9
406 180 418 204 0.000414 9
480 177 497 197 0.000409 9
432 171 446 196 0.000407 9
814 148 823 160 0.000407 9
488 169 520 214 0.000407 9
579 64 600 93 0.000405 9
260 178 272 197 0.000403 9
902 342 1012 398 0.000402 9
449 147 525 172 0.000402 9
838 119 864 136 0.000400 9
833 372 847 391 0.000399 9
699 119 714 154 0.000398 9
364 159 382 187 0.000398 9
377 161 408 184 0.000398 9
1150 351 1163 408 0.000398 9
559 505 568 527 0.000397 9
847 164 869 203 0.000395 9
1183 159 1203 192 0.000395 9
1206 159 1220 202 0.000392 9
847 177 868 216 0.000390 9
713 134 720 152 0.000390 9
479 335 498 355 0.000390 9
994 136 1001 165 0.000389 9
1199 137 1205 163 0.000387 9
701 118 715 128 0.000385 9
816 359 832 396 0.000380 9
1097 128 1104 144 0.000380 9
817 359 832 378 0.000378 9
1171 149 1184 163 0.000378 9
95 152 110 177 0.000378 9
861 112 869 118 0.000378 9
1112 158 1171 185 0.000377 9
663 295 672 312 0.000376 9
1183 622 1192 664 0.000376 9
976 325 992 344 0.000373 9
1151 386 1171 419 0.000372 9
1214 389 1232 426 0.000371 9
858 136 939 165 0.000371 9
1231 96 1251 161 0.000360 9
70 179 79 199 0.000359 9
974 169 990 187 0.000358 9
1211 386 1232 424 0.000358 9
1104 176 1122 202 0.000357 9
1132 341 1216 417 0.000355 9
808 169 816 188 0.000349 9
1198 137 1205 181 0.000347 9
466 152 519 171 0.000347 9
931 376 945 392 0.000347 9
594 64 631 106 0.000347 9
1087 146 1124 179 0.000346 9
849 117 869 136 0.000346 9
997 131 1008 172 0.000345 9
1044 343 1056 363 0.000342 9
928 356 938 369 0.000342 9
855 283 863 294 0.000341 9
1197 385 1232 424 0.000340 9
1203 407 1215 423 0.000340 9
1208 166 1230 212 0.000336 9
416 171 438 204 0.000336 9
638 149 646 168 0.000336 9
1196 383 1213 423 0.000335 9
1043 342 1056 360 0.000335 9
1088 149 1107 203 0.000334 9
656 155 671 174 0.000334 9
1072 334 1120 394 0.000331 9
1237 618 1253 667 0.000331 9
1238 615 1273 667 0.000330 9
689 118 706 165 0.000330 9
885 341 1025 399 0.000329 9
110 128 128 165 0.000328 9
95 151 129 178 0.000327 9
223 169 231 177 0.000326 9
997 325 1008 342 0.000325 9
311 137 362 198 0.000325 9
997 134 1008 173 0.000323 9
1056 151 1064 161 0.000320 9
1237 623 1250 667 0.000318 9
1150 328 1170 409 0.000317 9
733 120 754 156 0.000317 9
1253 625 1270 666 0.000314 9
799 134 828 157 0.000312 9
212 165 224 178 0.000311 9
257 143 270 174 0.000310 9
248 167 257 175 0.000307 9
997 133 1009 172 0.000307 9
799 85 808 100 0.000307 9
1030 342 1058 388 0.000306 9
1011 135 1026 175 0.000306 9
31 518 48 567 0.000306 9
1151 340 1184 395 0.000306 9
416 173 428 204 0.000305 9
313 108 367 193 0.000305 9
432 170 446 201 0.000303 9
1166 346 1184 392 0.000299 9
312 131 364 194 0.000299 9
1193 151 1208 199 0.000299 9
973 308 1006 344 0.000298 9
855 136 939 155 0.000297 9
371 162 410 185 0.000296 9
1055 152 1064 173 0.000295 9
585 118 598 155 0.000295 9
1110 363 1120 392 0.000295 9
374 168 420 203 0.000295 9
1089 372 1105 397 0.000294 9
676 166 689 195 0.000294 9
259 175 272 196 0.000292 9
1183 350 1193 392 0.000291 9
1132 343 1222 418 0.000289 9
905 127 912 136 0.000288 9
1022 91 1042 162 0.000288 9
1182 165 1221 211 0.000285 9
1001 171 1008 187 0.000285 9
210 175 246 199 0.000280 9
1039 166 1053 185 0.000279 9
1134 331 1166 408 0.000278 9
1094 385 1104 407 0.000278 9
544 140 581 161 0.000277 9
992 134 1004 173 0.000275 9
879 407 888 424 0.000274 9
1072 153 1099 193 0.000274 9
903 536 912 552 0.000273 9
1026 333 1073 388 0.000272 9
816 360 832 398 0.000272 9
1119 345 1137 433 0.000272 9
730 119 754 155 0.000272 9
1027 359 1054 380 0.000268 9
960 136 974 157 0.000268 9
734 341 754 376 0.000267 9
1116 264 1205 402 0.000267 9
405 182 417 205 0.000265 9
1072 147 1099 186 0.000265 9
232 130 241 146 0.000264 9
122 64 183 91 0.000262 9
878 343 888 364 0.000262 9
857 136 939 153 0.000261 9
1243 618 1262 666 0.000258 9
934 344 963 393 0.000258 9
1095 160 1123 203 0.000258 9
1153 155 1198 186 0.000257 9
652 172 662 199 0.000256 9
960 135 976 160 0.000256 9
1039 150 1064 183 0.000255 9
825 135 938 168 0.000254 9
349 148 377 188 0.000252 9
591 159 604 182 0.000251 9
815 422 832 450 0.000249 9
1080 358 1120 392 0.000247 9
665 167 681 192 0.000244 9
901 352 1024 417 0.000243 9
863 136 941 169 0.000241 9
1236 616 1256 666 0.000240 9
752 113 766 152 0.000239 9
586 126 598 155 0.000238 9
172 64 245 91 0.000238 9
432 170 447 196 0.000237 9
310 151 386 195 0.000237 9
481 148 525 171 0.000235 9
1183 551 1192 583 0.000235 9
118 64 165 78 0.000234 9
815 115 827 128 0.000234 9
432 173 446 199 0.000232 9
638 64 665 81 0.000231 9
368 164 401 185 0.000231 9
594 149 624 184 0.000230 9
587 165 626 192 0.000229 9
944 344 969 366 0.000227 9
1040 125 1107 191 0.000224 9
111 134 128 165 0.000224 9
566 140 581 180 0.000224 9
1082 134 1138 188 0.000222 9
848 283 864 338 0.000221 9
1152 151 1171 185 0.000221 9
1249 605 1279 666 0.000221 9
751 87 785 143 0.000218 9
624 64 637 72 0.000218 9
1148 156 1200 210 0.000217 9
680 155 689 184 0.000216 9
1244 617 1266 664 0.000215 9
375 158 409 184 0.000215 9
373 161 437 202 0.000215 9
974 136 993 157 0.000214 9
1100 129 1137 167 0.000213 9
970 292 1009 344 0.000212 9
819 423 832 439 0.000210 9
585 121 599 161 0.000209 9
595 142 609 161 0.000208 9
477 144 524 172 0.000208 9
912 169 922 179 0.000207 9
702 153 717 181 0.000207 9
240 181 249 212 0.000207 9
1054 140 1104 187 0.000207 9
738 359 752 375 0.000206 9
479 95 488 103 0.000206 9
384 149 395 161 0.000205 9
550 622 560 658 0.000205 9
480 139 578 208 0.000204 9
991 343 1008 366 0.000204 9
1230 97 1256 174 0.000203 9
731 338 756 376 0.000203 9
960 134 990 162 0.000203 9
585 118 598 132 0.000201 9
259 166 271 179 0.000200 9
1252 603 1279 669 0.000199 9
600 560 608 569 0.000199 9
1208 157 1228 197 0.000199 9
256 129 268 161 0.000198 9
999 330 1008 343 0.000197 9
596 134 605 144 0.000197 9
585 119 598 152 0.000196 9
987 299 1008 343 0.000196 9
972 308 1009 344 0.000196 9
592 64 641 107 0.000196 9
879 407 888 429 0.000195 9
374 161 412 187 0.000195 9
974 168 991 187 0.000195 9
967 506 976 521 0.000195 9
975 313 993 345 0.000194 9
1154 152 1196 185 0.000193 9
574 124 581 152 0.000193 9
432 170 446 199 0.000193 9
1030 343 1042 361 0.000192 9
358 149 372 174 0.000192 9
1152 152 1167 184 0.000190 9
652 174 668 200 0.000190 9
910 341 1004 395 0.000190 9
764 124 786 153 0.000189 9
479 335 498 356 0.000188 9
594 147 607 163 0.000187 9
681 327 689 349 0.000186 9
973 301 999 343 0.000186 9
575 64 590 95 0.000185 9
443 158 489 215 0.000184 9
805 363 815 392 0.000184 9
315 88 334 157 0.000183 9
415 167 439 203 0.000183 9
753 127 766 152 0.000181 9
972 140 993 161 0.000180 9
935 670 945 688 0.000179 9
95 173 106 205 0.000179 9
799 375 811 392 0.000179 9
447 146 495 171 0.000179 9
701 117 720 128 0.000179 9
959 343 968 353 0.000179 9
416 170 433 205 0.000179 9
638 64 667 81 0.000178 9
927 289 944 345 0.000178 9
102 151 128 169 0.000178 9
589 64 628 104 0.000177 9
1030 329 1075 385 0.000177 9
717 158 728 181 0.000176 9
705 151 720 182 0.000174 9
1223 102 1233 135 0.000174 9
0 141 8 192 0.000174 9
602 137 627 171 0.000173 9
989 291 1009 343 0.000173 9
1015 339 1024 350 0.000172 9
931 390 944 409 0.000171 9
66 168 80 187 0.000171 9
1243 617 1265 660 0.000169 9
244 130 255 144 0.000169 9
624 157 644 169 0.000169 9
938 342 962 385 0.000169 9
973 167 992 187 0.000169 9
586 126 609 164 0.000168 9
396 162 436 203 0.000168 9
959 161 992 187 0.000167 9
39 317 56 344 0.000167 9
927 343 964 379 0.000167 9
638 136 656 165 0.000167 9
625 162 659 210 0.000167 9
1087 374 1102 396 0.000167 9
1207 161 1248 182 0.000167 9
544 140 555 159 0.000167 9
1080 124 1106 179 0.000166 9
971 166 991 187 0.000166 9
1167 616 1184 667 0.000166 9
399 184 408 204 0.000165 9
642 146 659 174 0.000165 9
552 138 579 147 0.000164 9
764 122 785 153 0.000163 9
735 629 743 650 0.000162 9
735 358 747 376 0.000162 9
806 628 816 656 0.000162 9
1195 380 1230 415 0.000162 9
574 64 595 92 0.000161 9
926 373 945 392 0.000161 9
845 264 865 340 0.000161 9
1165 149 1199 184 0.000161 9
1206 116 1232 169 0.000161 9
1152 389 1172 423 0.000161 9
559 504 569 541 0.000160 9
544 145 576 161 0.000160 9
1210 148 1224 162 0.000160 9
256 166 269 179 0.000160 9
1013 134 1041 166 0.000159 9
1019 96 1044 167 0.000159 9
991 134 1021 172 0.000158 9
49 184 64 206 0.000157 9
786 355 816 392 0.000157 9
718 156 727 169 0.000156 9
550 620 560 651 0.000156 9
914 168 928 180 0.000156 9
314 108 374 195 0.000156 9
1252 609 1275 664 0.000155 9
67 169 87 177 0.000154 9
1207 108 1233 179 0.000154 9
913 503 928 527 0.000153 9
126 174 132 187 0.000153 9
1063 117 1128 182 0.000153 9
928 312 944 345 0.000153 9
830 117 844 133 0.000152 9
1039 184 1048 202 0.000151 9
240 99 248 115 0.000151 9
743 151 752 157 0.000151 9
862 136 945 152 0.000150 9
208 66 225 87 0.000148 9
626 64 640 74 0.000148 9
255 102 267 126 0.000148 9
513 149 544 182 0.000147 9
636 167 659 203 0.000147 9
38 313 56 345 0.000147 9
120 64 187 93 0.000145 9
73 150 106 177 0.000145 9
824 545 832 583 0.000144 9
63 147 79 172 0.000144 9
939 108 960 149 0.000143 9
369 153 410 185 0.000142 9
1206 148 1225 175 0.000142 9
891 119 908 137 0.000142 9
594 137 627 173 0.000141 9
789 136 801 153 0.000140 9
399 183 409 203 0.000140 9
1073 150 1086 178 0.000139 9
459 144 525 170 0.000139 9
1036 111 1130 197 0.000139 9
905 136 938 161 0.000138 9
447 143 523 172 0.000138 9
705 131 720 155 0.000137 9
689 154 700 176 0.000137 9
1213 368 1224 385 0.000136 9
1028 341 1068 390 0.000136 9
445 141 498 173 0.000136 9
1235 615 1255 664 0.000135 9
1183 618 1192 665 0.000134 9
929 353 950 375 0.000134 9
358 148 374 176 0.000133 9
752 121 765 152 0.000132 9
920 343 953 375 0.000132 9
972 170 990 202 0.000131 9
1190 149 1204 188 0.000131 9
310 64 339 167 0.000131 9
812 149 855 167 0.000131 9
750 87 784 157 0.000131 9
681 322 689 349 0.000131 9
946 167 960 183 0.000131 9
1191 109 1233 195 0.000130 9
785 137 793 154 0.000130 9
1039 161 1063 193 0.000129 9
590 530 607 569 0.000129 9
379 148 404 180 0.000129 9
1102 162 1140 207 0.000129 9
972 135 994 160 0.000128 9
887 346 895 365 0.000128 9
815 360 832 407 0.000127 9
1112 163 1159 218 0.000126 9
1035 128 1129 228 0.000126 9
606 148 627 175 0.000126 9
550 138 578 149 0.000126 9
799 86 808 101 0.000125 9
999 126 1007 136 0.000125 9
993 132 1004 167 0.000125 9
1018 358 1058 392 0.000125 9
987 344 1008 361 0.000124 9
904 142 934 181 0.000124 9
685 116 717 221 0.000124 9
920 344 969 396 0.000123 9
254 97 268 126 0.000123 9
926 136 945 168 0.000123 9
310 90 335 165 0.000123 9
1007 173 1015 185 0.000123 9
1103 162 1151 217 0.000122 9
564 123 579 152 0.000122 9
0 142 25 204 0.000122 9
1086 154 1128 204 0.000122 9
821 360 832 375 0.000120 9
752 85 784 142 0.000120 9
559 503 568 530 0.000120 9
990 131 1009 213 0.000119 9
945 118 960 145 0.000119 9
1077 163 1103 205 0.000117 9
937 116 960 150 0.000117 9
834 372 848 393 0.000116 9
578 300 593 317 0.000116 9
247 161 256 175 0.000115 9
574 64 586 95 0.000115 9
1159 158 1203 187 0.000115 9
986 334 1025 398 0.000115 9
118 64 205 94 0.000114 9
179 168 231 201 0.000113 9
1110 148 1133 164 0.000112 9
984 668 1001 680 0.000112 9
112 152 128 179 0.000112 9
1165 149 1189 170 0.000112 9
914 370 929 393 0.000111 9
751 98 769 153 0.000111 9
656 64 668 71 0.000111 9
713 339 886 392 0.000111 9
621 148 641 169 0.000111 9
541 158 582 188 0.000111 9
845 136 938 153 0.000110 9
846 135 934 151 0.000110 9
959 134 975 160 0.000110 9
1073 132 1103 181 0.000109 9
64 150 80 177 0.000109 9
929 338 998 396 0.000109 9
1024 357 1051 380 0.000108 9
591 530 613 569 0.000108 9
751 92 773 146 0.000108 9
807 632 816 656 0.000108 9
752 123 764 152 0.000107 9
16 157 25 178 0.000107 9
756 97 785 152 0.000107 9
824 80 860 134 0.000107 9
207 64 250 87 0.000107 9
463 139 580 208 0.000107 9
1101 132 1137 164 0.000106 9
863 406 880 421 0.000106 9
56 160 63 167 0.000106 9
578 64 597 98 0.000106 9
390 96 555 177 0.000106 9
829 337 848 396 0.000106 9
1170 143 1185 162 0.000106 9
940 117 960 147 0.000105 9
577 125 602 163 0.000105 9
215 161 224 176 0.000105 9
568 535 576 547 0.000105 9
1229 97 1253 163 0.000104 9
974 187 982 201 0.000104 9
825 116 864 148 0.000104 9
62 149 79 168 0.000104 9
584 153 609 185 0.000104 9
218 165 247 182 0.000104 9
1057 349 1072 376 0.000103 9
585 118 598 135 0.000103 9
683 149 712 193 0.000102 9
959 160 992 185 0.000102 9
686 119 709 176 0.000102 9
1229 355 1265 401 0.000102 9
548 623 560 664 0.000101 9
701 184 721 201 0.000101 9
1008 150 1062 186 0.000101 9
837 253 914 344 0.000100 9
1238 197 1256 233 0.010299 11
1239 197 1255 233 0.007013 11
1234 197 1256 233 0.005424 11
1181 191 1199 215 0.003614 11
1050 111 1083 146 0.002054 11
1229 197 1256 233 0.001136 11
1054 115 1073 137 0.000799 11
1051 114 1082 145 0.000684 11
312 148 342 189 0.000646 11
1053 114 1079 145 0.000396 11
