1069 200 1127 325 0.803005 0
693 197 722 279 0.775661 0
1133 192 1159 253 0.729258 0
508 194 529 248 0.600627 0
508 194 532 248 0.588452 0
508 196 528 247 0.519069 0
893 188 927 292 0.423235 0
892 188 918 263 0.279028 0
886 189 927 292 0.257085 0
892 188 916 259 0.241842 0
892 192 915 260 0.183819 0
891 195 914 261 0.134588 0
894 188 921 263 0.124546 0
894 187 925 265 0.111705 0
888 188 928 295 0.105706 0
894 196 915 259 0.098604 0
574 428 592 457 0.082512 0
750 417 770 472 0.081198 0
893 198 914 259 0.077099 0
449 200 457 241 0.070512 0
508 195 537 249 0.066244 0
448 200 457 229 0.051207 0
448 200 457 221 0.050740 0
1038 202 1051 230 0.050166 0
247 202 262 239 0.047912 0
1038 203 1050 231 0.041119 0
449 200 457 238 0.039396 0
633 202 643 215 0.037072 0
448 199 458 242 0.036980 0
509 195 531 248 0.036978 0
1037 198 1051 230 0.035934 0
633 202 644 215 0.033587 0
247 204 262 226 0.032506 0
965 368 979 391 0.030341 0
247 204 262 238 0.029656 0
965 366 980 407 0.029446 0
505 196 540 248 0.026772 0
965 363 980 400 0.025928 0
750 425 769 472 0.025675 0
1149 210 1164 251 0.024646 0
1150 214 1165 252 0.023089 0
507 214 534 247 0.022504 0
965 371 979 391 0.022125 0
965 368 979 393 0.021414 0
1149 212 1165 252 0.020939 0
1150 211 1164 251 0.020833 0
505 210 526 248 0.019281 0
248 205 261 225 0.019084 0
248 200 262 228 0.018400 0
897 189 928 264 0.018250 0
863 439 875 455 0.017376 0
504 195 528 248 0.016014 0
246 208 261 240 0.015758 0
896 199 928 290 0.015639 0
789 329 810 344 0.014702 0
784 198 794 215 0.014477 0
1038 201 1053 230 0.014164 0
633 201 646 215 0.014102 0
750 432 769 473 0.013955 0
891 199 928 294 0.013402 0
470 198 479 216 0.013099 0
1149 209 1163 240 0.012987 0
750 435 768 472 0.012972 0
963 367 980 407 0.012779 0
466 200 473 216 0.012604 0
1037 198 1053 231 0.012143 0
469 201 478 217 0.012118 0
847 199 865 241 0.012103 0
1113 194 1120 207 0.011915 0
573 421 592 457 0.011308 0
213 192 224 229 0.011191 0
214 190 224 228 0.011084 0
864 441 873 455 0.011045 0
1071 485 1080 499 0.010497 0
963 367 981 408 0.010299 0
1110 194 1120 208 0.010021 0
846 200 857 242 0.009955 0
1041 456 1048 464 0.009580 0
847 199 857 229 0.009579 0
469 202 477 220 0.009522 0
846 200 855 240 0.009088 0
1000 385 1014 400 0.008889 0
897 194 928 276 0.008697 0
1133 197 1151 250 0.008580 0
964 360 980 394 0.008557 0
1012 206 1024 224 0.008551 0
245 203 262 239 0.008525 0
822 329 847 344 0.008468 0
976 367 986 391 0.008435 0
451 199 458 219 0.008101 0
573 425 590 454 0.008070 0
508 205 537 249 0.007932 0
961 362 980 402 0.007681 0
895 211 927 295 0.007588 0
847 198 867 242 0.007561 0
454 200 461 215 0.007500 0
685 202 691 219 0.007245 0
958 375 967 406 0.007189 0
1011 387 1022 401 0.007078 0
1133 200 1141 217 0.007063 0
1214 194 1226 208 0.007038 0
1036 196 1052 231 0.007014 0
847 200 856 237 0.006962 0
960 366 980 409 0.006899 0
213 194 224 228 0.006867 0
1000 385 1013 400 0.006830 0
1132 192 1165 254 0.006802 0
1213 192 1226 208 0.006769 0
670 207 678 230 0.006732 0
972 369 981 392 0.006707 0
458 201 467 214 0.006639 0
1177 496 1185 504 0.006584 0
465 201 475 224 0.006549 0
1010 207 1024 226 0.006426 0
468 200 478 224 0.006336 0
832 481 840 486 0.006238 0
1271 198 1279 236 0.005897 0
1148 304 1168 345 0.005858 0
974 368 984 392 0.005833 0
466 202 472 216 0.005820 0
863 437 876 455 0.005765 0
963 365 983 408 0.005761 0
713 222 722 246 0.005623 0
213 193 225 230 0.005574 0
1149 214 1166 253 0.005549 0
980 368 991 392 0.005506 0
449 199 461 242 0.005471 0
639 198 653 215 0.005439 0
1060 237 1081 297 0.005395 0
479 198 487 216 0.005218 0
878 199 900 236 0.005204 0
636 663 671 703 0.005179 0
1030 451 1040 464 0.005152 0
638 690 651 703 0.005135 0
1072 487 1081 503 0.005117 0
244 210 256 239 0.005104 0
670 208 679 232 0.005060 0
695 200 722 265 0.005052 0
1210 193 1227 210 0.005027 0
242 215 253 239 0.004829 0
1136 446 1143 456 0.004756 0
957 372 968 408 0.004756 0
864 438 879 456 0.004719 0
1037 190 1052 230 0.004709 0
1209 168 1226 208 0.004614 0
638 686 671 703 0.004595 0
1016 456 1025 465 0.004536 0
978 367 987 392 0.004534 0
982 374 990 392 0.004518 0
1207 504 1215 513 0.004441 0
631 423 639 439 0.004370 0
1182 346 1193 393 0.004360 0
0 64 68 218 0.004346 0
900 201 929 296 0.004295 0
978 367 989 394 0.004293 0
862 432 870 448 0.004178 0
847 179 869 244 0.004158 0
892 189 915 223 0.004093 0
479 201 486 217 0.004079 0
1055 488 1066 497 0.004024 0
469 198 479 216 0.003892 0
465 201 477 248 0.003872 0
977 366 992 392 0.003811 0
969 456 976 462 0.003762 0
671 207 678 230 0.003752 0
1269 197 1279 240 0.003748 0
714 195 727 231 0.003662 0
1023 456 1032 464 0.003641 0
466 200 478 250 0.003603 0
958 374 967 401 0.003552 0
878 434 889 456 0.003548 0
28 64 339 218 0.003545 0
1135 445 1144 469 0.003529 0
864 442 879 456 0.003526 0
242 216 253 239 0.003511 0
465 199 478 270 0.003492 0
790 328 820 344 0.003424 0
1212 194 1227 215 0.003421 0
1030 448 1039 462 0.003403 0
784 194 795 216 0.003385 0
926 203 945 252 0.003348 0
901 188 915 221 0.003335 0
847 205 869 242 0.003306 0
1178 344 1195 360 0.003258 0
897 192 918 258 0.003257 0
1008 432 1015 439 0.003246 0
992 455 999 464 0.003226 0
638 688 652 703 0.003193 0
456 201 464 216 0.003165 0
790 328 824 344 0.003151 0
319 204 331 230 0.003143 0
1199 503 1210 512 0.003128 0
1076 192 1093 222 0.003106 0
915 473 928 486 0.003106 0
515 197 535 219 0.003086 0
878 436 889 457 0.003081 0
630 423 640 459 0.003069 0
864 208 874 239 0.003063 0
783 197 794 234 0.003062 0
649 410 656 425 0.003025 0
993 446 1000 460 0.002951 0
6 64 328 219 0.002946 0
863 437 880 459 0.002903 0
692 193 707 228 0.002873 0
1157 499 1171 510 0.002866 0
448 198 457 251 0.002856 0
1183 222 1203 252 0.002820 0
1 64 252 218 0.002805 0
1150 323 1169 360 0.002805 0
639 691 663 703 0.002800 0
310 185 322 198 0.002794 0
784 197 797 214 0.002792 0
606 202 615 215 0.002755 0
725 418 737 456 0.002748 0
608 447 624 468 0.002742 0
784 197 800 234 0.002730 0
1192 357 1211 402 0.002692 0
1071 482 1080 498 0.002690 0
1178 344 1195 359 0.002673 0
813 328 846 344 0.002658 0
1 64 216 218 0.002655 0
1247 477 1257 485 0.002628 0
569 426 576 431 0.002625 0
510 193 527 206 0.002620 0
983 447 993 455 0.002598 0
989 204 999 227 0.002593 0
878 433 889 455 0.002586 0
877 200 899 242 0.002571 0
733 421 786 472 0.002567 0
242 217 252 239 0.002528 0
241 197 261 239 0.002492 0
832 471 840 479 0.002488 0
993 449 1003 463 0.002453 0
1152 440 1158 452 0.002447 0
813 328 842 344 0.002443 0
1027 449 1037 464 0.002440 0
905 214 929 296 0.002431 0
376 186 385 200 0.002418 0
1045 483 1057 497 0.002406 0
1176 497 1185 511 0.002400 0
610 440 624 466 0.002396 0
773 428 784 460 0.002391 0
1180 216 1204 247 0.002391 0
632 201 647 224 0.002383 0
53 64 339 214 0.002378 0
611 422 625 464 0.002359 0
771 434 788 472 0.002334 0
831 465 840 474 0.002322 0
1214 200 1228 233 0.002317 0
788 326 813 344 0.002309 0
1023 445 1034 461 0.002284 0
1150 313 1169 356 0.002274 0
1183 358 1192 391 0.002274 0
735 446 744 458 0.002254 0
720 419 739 460 0.002253 0
1 64 183 219 0.002222 0
1245 198 1256 233 0.002211 0
1077 192 1093 204 0.002206 0
914 473 928 486 0.002199 0
1086 192 1095 201 0.002189 0
750 417 769 458 0.002187 0
861 432 887 456 0.002181 0
925 205 945 253 0.002146 0
1108 195 1120 210 0.002144 0
862 466 872 478 0.002136 0
1272 199 1279 242 0.002135 0
1135 444 1145 462 0.002128 0
1138 194 1161 248 0.002124 0
1134 444 1145 473 0.002119 0
241 196 251 220 0.002106 0
625 186 634 199 0.002106 0
629 424 640 461 0.002103 0
1007 454 1014 466 0.002098 0
1187 214 1205 244 0.002096 0
639 684 671 703 0.002095 0
573 404 592 459 0.002095 0
505 199 525 229 0.002095 0
647 192 654 205 0.002091 0
453 201 463 224 0.002089 0
959 358 989 393 0.002072 0
982 205 994 227 0.002066 0
782 196 794 237 0.002057 0
852 462 867 473 0.002029 0
1129 502 1136 509 0.002002 0
1243 197 1256 234 0.002002 0
848 216 871 243 0.001994 0
1007 208 1025 237 0.001994 0
715 218 725 242 0.001986 0
863 217 873 236 0.001982 0
1182 361 1192 393 0.001973 0
865 207 874 237 0.001957 0
1247 473 1258 484 0.001919 0
836 198 857 241 0.001917 0
990 211 998 226 0.001912 0
648 408 655 425 0.001890 0
693 191 703 202 0.001885 0
949 347 961 394 0.001868 0
727 417 736 435 0.001863 0
734 420 769 466 0.001860 0
636 672 672 703 0.001835 0
612 432 624 465 0.001832 0
631 423 640 449 0.001828 0
615 423 624 434 0.001821 0
1155 497 1169 509 0.001819 0
1164 343 1196 393 0.001816 0
1152 499 1168 510 0.001795 0
1149 320 1169 360 0.001789 0
465 201 477 255 0.001786 0
722 220 730 235 0.001783 0
863 436 882 479 0.001764 0
1253 482 1268 512 0.001743 0
771 422 785 461 0.001735 0
892 186 929 219 0.001730 0
1188 355 1212 405 0.001728 0
856 221 871 271 0.001720 0
1151 334 1168 360 0.001715 0
318 64 639 279 0.001701 0
933 203 944 215 0.001701 0
914 453 928 484 0.001693 0
159 208 167 224 0.001689 0
199 211 208 226 0.001689 0
719 194 726 213 0.001686 0
692 192 721 261 0.001675 0
1214 367 1225 388 0.001663 0
750 435 784 467 0.001660 0
823 463 832 472 0.001656 0
989 199 1005 226 0.001649 0
727 419 736 437 0.001648 0
750 437 771 481 0.001642 0
948 349 962 402 0.001634 0
734 438 750 458 0.001624 0
783 328 809 344 0.001622 0
1023 481 1035 495 0.001601 0
1059 226 1085 300 0.001599 0
429 222 439 230 0.001598 0
1183 222 1206 265 0.001591 0
974 205 984 223 0.001588 0
1210 192 1227 215 0.001588 0
464 197 479 270 0.001585 0
1215 213 1227 235 0.001561 0
1177 344 1194 360 0.001558 0
1075 192 1092 226 0.001556 0
685 198 693 215 0.001544 0
1250 480 1274 517 0.001539 0
1043 483 1055 494 0.001537 0
733 422 755 459 0.001515 0
960 455 968 463 0.001501 0
442 198 456 218 0.001491 0
784 197 798 230 0.001486 0
655 664 671 702 0.001484 0
835 469 848 479 0.001483 0
982 207 994 227 0.001476 0
734 434 770 473 0.001472 0
1247 474 1264 505 0.001469 0
1014 444 1025 465 0.001465 0
591 577 601 615 0.001460 0
1240 198 1256 234 0.001447 0
1007 448 1014 463 0.001447 0
860 217 874 244 0.001445 0
998 383 1021 402 0.001443 0
819 329 847 345 0.001438 0
415 251 420 270 0.001434 0
837 464 849 475 0.001433 0
465 198 478 259 0.001431 0
465 428 496 449 0.001431 0
1136 192 1155 219 0.001424 0
771 424 799 469 0.001418 0
243 203 263 252 0.001412 0
1230 195 1256 234 0.001405 0
22 64 313 215 0.001403 0
670 207 685 233 0.001403 0
1075 434 1088 456 0.001402 0
245 202 266 240 0.001401 0
1248 473 1265 516 0.001392 0
1247 423 1254 433 0.001388 0
1210 167 1229 210 0.001388 0
573 395 591 458 0.001381 0
631 684 651 703 0.001380 0
1151 299 1168 345 0.001374 0
1076 191 1097 223 0.001355 0
313 64 474 211 0.001349 0
631 680 651 703 0.001349 0
1128 446 1134 459 0.001347 0
872 434 893 462 0.001346 0
915 201 946 252 0.001338 0
312 64 436 207 0.001335 0
1133 192 1153 220 0.001333 0
784 439 800 455 0.001326 0
1007 424 1016 440 0.001324 0
879 201 899 243 0.001321 0
822 200 856 241 0.001319 0
954 370 978 441 0.001318 0
973 208 985 233 0.001309 0
552 426 592 457 0.001307 0
899 195 917 218 0.001306 0
1190 356 1211 394 0.001305 0
1176 344 1197 359 0.001294 0
912 473 928 487 0.001291 0
750 441 766 479 0.001290 0
854 221 871 272 0.001283 0
751 417 769 443 0.001282 0
885 471 896 482 0.001281 0
847 463 859 476 0.001279 0
199 209 208 225 0.001275 0
719 414 758 468 0.001268 0
636 678 662 703 0.001267 0
634 657 671 703 0.001265 0
919 204 945 252 0.001264 0
1045 480 1056 490 0.001251 0
242 209 260 251 0.001249 0
1122 402 1128 414 0.001245 0
1157 438 1167 455 0.001241 0
874 434 890 478 0.001239 0
883 440 896 456 0.001224 0
719 419 742 466 0.001219 0
1177 213 1194 236 0.001216 0
567 427 592 457 0.001215 0
214 184 231 228 0.001214 0
861 463 872 478 0.001208 0
1127 445 1135 470 0.001205 0
1247 473 1263 514 0.001201 0
1080 433 1088 444 0.001197 0
594 426 624 469 0.001192 0
345 186 353 199 0.001191 0
1016 478 1025 488 0.001189 0
1087 459 1096 471 0.001182 0
733 422 753 457 0.001175 0
671 432 681 440 0.001169 0
785 196 800 237 0.001169 0
849 180 913 285 0.001165 0
719 428 736 459 0.001157 0
881 192 958 294 0.001154 0
998 375 1024 400 0.001150 0
242 195 262 238 0.001133 0
800 440 809 451 0.001131 0
894 414 913 456 0.001131 0
264 197 271 207 0.001122 0
957 366 980 425 0.001121 0
1239 422 1246 439 0.001119 0
738 414 792 473 0.001119 0
815 472 824 477 0.001118 0
1045 411 1058 424 0.001115 0
447 193 456 204 0.001113 0
627 425 640 461 0.001113 0
1038 207 1056 232 0.001112 0
1213 196 1229 209 0.001109 0
574 429 594 464 0.001102 0
1231 458 1240 470 0.001093 0
1071 434 1088 456 0.001081 0
210 196 223 227 0.001080 0
982 200 1001 228 0.001077 0
1160 344 1198 395 0.001070 0
926 446 933 456 0.001063 0
351 188 357 199 0.001061 0
884 438 897 456 0.001056 0
314 64 432 222 0.001052 0
1148 341 1199 395 0.001045 0
1009 449 1025 468 0.001045 0
1173 344 1197 359 0.001042 0
1212 369 1224 401 0.001041 0
1245 459 1257 472 0.001039 0
1152 440 1160 457 0.001039 0
1073 435 1088 456 0.001037 0
1151 497 1167 508 0.001035 0
335 64 436 214 0.001034 0
1008 476 1015 488 0.001028 0
246 202 265 239 0.001026 0
537 195 554 216 0.001024 0
814 440 824 454 0.001013 0
1232 457 1240 468 0.001010 0
801 440 819 454 0.001010 0
551 204 560 216 0.001006 0
654 668 671 703 0.001001 0
630 183 641 200 0.001000 0
998 455 1007 465 0.000994 0
213 185 230 230 0.000987 0
695 200 723 279 0.000985 0
956 363 989 424 0.000985 0
1135 441 1144 459 0.000982 0
718 409 775 467 0.000982 0
1121 396 1128 413 0.000981 0
774 422 801 465 0.000975 0
895 415 913 442 0.000971 0
959 358 979 402 0.000971 0
631 678 642 703 0.000966 0
916 454 928 464 0.000965 0
1187 212 1229 260 0.000961 0
752 418 783 469 0.000954 0
895 416 905 440 0.000950 0
310 64 441 238 0.000949 0
1098 399 1103 406 0.000948 0
635 191 651 214 0.000946 0
1026 481 1039 494 0.000946 0
1087 457 1096 471 0.000946 0
159 209 167 226 0.000942 0
644 410 657 437 0.000939 0
345 64 439 213 0.000937 0
666 207 678 231 0.000935 0
808 382 814 391 0.000926 0
734 420 764 461 0.000925 0
584 422 625 467 0.000924 0
406 251 413 271 0.000922 0
857 228 870 267 0.000922 0
982 455 993 464 0.000921 0
375 186 386 212 0.000920 0
1218 212 1230 233 0.000905 0
312 64 467 291 0.000894 0
802 187 859 242 0.000892 0
719 432 731 463 0.000886 0
815 441 824 454 0.000884 0
947 347 965 397 0.000879 0
666 206 676 230 0.000877 0
367 208 375 219 0.000877 0
0 64 25 215 0.000874 0
213 186 232 232 0.000873 0
855 227 870 272 0.000873 0
595 424 609 442 0.000872 0
1239 424 1247 440 0.000867 0
659 424 671 438 0.000864 0
867 204 892 241 0.000864 0
311 64 492 208 0.000859 0
895 439 904 456 0.000858 0
333 185 342 199 0.000857 0
386 198 396 206 0.000857 0
999 383 1023 408 0.000856 0
875 192 976 298 0.000855 0
1263 174 1279 244 0.000853 0
895 415 908 434 0.000851 0
1164 471 1177 479 0.000851 0
1070 193 1093 226 0.000851 0
1143 504 1151 510 0.000845 0
1263 73 1279 173 0.000844 0
739 200 749 215 0.000837 0
800 414 809 422 0.000832 0
982 208 1009 239 0.000831 0
1216 213 1231 234 0.000830 0
450 199 462 245 0.000828 0
264 209 276 237 0.000823 0
1263 167 1279 246 0.000821 0
439 193 445 204 0.000813 0
1262 168 1279 241 0.000811 0
712 427 720 442 0.000809 0
1009 374 1024 400 0.000807 0
1181 163 1203 218 0.000805 0
735 681 753 703 0.000805 0
577 403 592 451 0.000802 0
1247 423 1255 441 0.000801 0
209 198 224 227 0.000801 0
681 197 691 216 0.000798 0
1205 210 1235 262 0.000798 0
1135 441 1154 472 0.000796 0
975 456 982 463 0.000795 0
608 407 624 434 0.000794 0
588 423 625 469 0.000793 0
999 384 1022 407 0.000792 0
1094 253 1117 326 0.000790 0
1125 204 1146 249 0.000788 0
632 663 672 703 0.000785 0
207 394 224 417 0.000784 0
1238 455 1252 471 0.000784 0
1075 455 1093 471 0.000783 0
1075 192 1092 218 0.000782 0
63 156 86 190 0.000780 0
691 210 704 245 0.000776 0
367 207 375 231 0.000773 0
328 64 437 218 0.000770 0
895 417 905 456 0.000766 0
703 413 721 469 0.000760 0
856 223 872 279 0.000758 0
572 424 610 457 0.000757 0
1001 432 1007 440 0.000754 0
328 65 425 348 0.000751 0
1088 493 1104 506 0.000751 0
977 352 993 391 0.000748 0
1164 497 1180 510 0.000743 0
1228 196 1257 234 0.000742 0
1104 194 1120 209 0.000741 0
575 421 625 465 0.000739 0
1152 440 1167 458 0.000738 0
1175 489 1185 504 0.000736 0
510 425 527 448 0.000735 0
266 205 272 216 0.000734 0
783 424 792 441 0.000732 0
848 199 871 281 0.000732 0
976 368 992 407 0.000731 0
735 681 760 703 0.000729 0
1231 165 1279 387 0.000728 0
1069 199 1088 230 0.000727 0
735 688 753 703 0.000725 0
829 332 846 362 0.000717 0
1164 344 1195 399 0.000713 0
477 406 596 458 0.000710 0
896 472 914 486 0.000709 0
1073 430 1083 447 0.000707 0
316 64 627 212 0.000706 0
567 202 575 215 0.000706 0
1242 455 1260 471 0.000704 0
729 411 772 461 0.000702 0
974 201 984 219 0.000702 0
1160 426 1168 441 0.000700 0
1016 484 1023 494 0.000698 0
605 360 625 409 0.000698 0
961 440 967 453 0.000696 0
855 221 870 279 0.000694 0
574 391 591 454 0.000688 0
983 441 993 455 0.000688 0
1254 508 1264 517 0.000686 0
1103 192 1120 208 0.000681 0
907 336 923 347 0.000679 0
318 64 431 205 0.000677 0
605 359 627 411 0.000677 0
716 205 731 234 0.000675 0
719 428 740 471 0.000675 0
1162 218 1186 247 0.000674 0
719 432 730 447 0.000673 0
892 420 913 457 0.000672 0
1137 441 1153 467 0.000668 0
316 64 631 320 0.000664 0
1185 496 1217 512 0.000663 0
604 359 624 392 0.000660 0
317 64 461 358 0.000660 0
1157 471 1169 479 0.000659 0
1071 446 1080 456 0.000658 0
1071 463 1080 471 0.000658 0
1211 193 1231 233 0.000651 0
721 412 781 473 0.000651 0
919 383 928 407 0.000648 0
1229 168 1280 367 0.000648 0
1231 424 1240 434 0.000647 0
1112 459 1120 474 0.000646 0
1076 457 1093 472 0.000646 0
1093 448 1104 470 0.000643 0
575 430 593 462 0.000643 0
785 319 820 344 0.000643 0
1263 64 1279 170 0.000638 0
1029 197 1061 237 0.000637 0
1239 457 1253 471 0.000635 0
0 64 61 330 0.000632 0
608 358 624 376 0.000629 0
993 445 1008 464 0.000628 0
136 214 147 234 0.000625 0
854 226 870 281 0.000625 0
693 424 703 441 0.000625 0
320 625 328 648 0.000624 0
261 197 268 205 0.000624 0
916 448 929 458 0.000621 0
1080 406 1088 414 0.000620 0
925 435 934 455 0.000618 0
208 395 224 415 0.000618 0
718 420 755 471 0.000609 0
264 211 276 233 0.000605 0
822 326 848 343 0.000603 0
734 440 767 469 0.000603 0
1095 440 1104 466 0.000603 0
89 64 342 206 0.000602 0
824 330 847 352 0.000602 0
0 64 20 212 0.000602 0
1008 468 1016 479 0.000600 0
442 200 454 224 0.000597 0
1078 219 1123 264 0.000597 0
1175 346 1212 390 0.000597 0
1135 445 1153 473 0.000592 0
83 64 337 230 0.000590 0
1249 346 1263 360 0.000589 0
1148 332 1195 401 0.000589 0
735 683 759 703 0.000588 0
605 407 625 438 0.000587 0
801 440 817 455 0.000585 0
764 431 774 444 0.000584 0
671 462 681 471 0.000583 0
1109 453 1119 472 0.000581 0
716 419 735 447 0.000581 0
1231 470 1243 483 0.000580 0
879 317 896 344 0.000579 0
1149 332 1193 398 0.000579 0
1190 356 1214 392 0.000577 0
607 360 625 409 0.000575 0
0 64 61 219 0.000575 0
936 430 944 441 0.000573 0
1151 448 1160 470 0.000570 0
779 461 799 474 0.000569 0
703 418 720 470 0.000569 0
607 407 624 425 0.000568 0
1261 69 1279 278 0.000568 0
961 442 968 455 0.000567 0
0 65 76 224 0.000564 0
820 329 847 361 0.000562 0
0 64 36 208 0.000562 0
909 337 930 408 0.000561 0
1206 193 1268 266 0.000559 0
1072 192 1094 221 0.000559 0
1006 383 1024 422 0.000557 0
320 64 595 359 0.000555 0
856 400 864 412 0.000553 0
1070 452 1083 471 0.000550 0
317 64 368 176 0.000549 0
573 425 612 462 0.000549 0
591 424 602 432 0.000547 0
1247 344 1265 376 0.000547 0
1138 440 1154 464 0.000546 0
1148 329 1176 400 0.000544 0
847 180 868 240 0.000540 0
1110 393 1124 407 0.000539 0
655 422 666 434 0.000538 0
1138 192 1160 226 0.000537 0
992 440 1000 456 0.000536 0
854 432 904 484 0.000532 0
981 351 993 365 0.000529 0
949 373 960 400 0.000529 0
496 420 527 445 0.000527 0
558 580 568 619 0.000526 0
462 196 480 301 0.000526 0
154 64 263 218 0.000523 0
828 331 847 364 0.000521 0
606 361 624 407 0.000521 0
603 359 624 377 0.000520 0
951 372 968 407 0.000518 0
575 368 592 437 0.000518 0
1045 410 1055 423 0.000517 0
1231 196 1279 409 0.000515 0
786 319 811 344 0.000514 0
997 382 1023 412 0.000513 0
1166 372 1182 393 0.000513 0
565 579 580 618 0.000512 0
895 437 903 456 0.000511 0
1208 506 1215 516 0.000511 0
654 199 661 216 0.000510 0
1036 448 1048 465 0.000510 0
902 336 923 348 0.000509 0
606 359 627 427 0.000507 0
1093 256 1116 330 0.000506 0
830 477 842 506 0.000505 0
662 207 680 232 0.000505 0
1023 481 1038 498 0.000504 0
686 190 703 216 0.000504 0
1117 439 1142 471 0.000501 0
312 65 423 214 0.000500 0
1208 224 1226 259 0.000499 0
369 203 384 218 0.000498 0
946 342 969 390 0.000498 0
272 197 280 209 0.000496 0
1183 357 1215 415 0.000494 0
714 223 725 246 0.000494 0
615 358 624 375 0.000491 0
595 359 624 392 0.000488 0
239 216 258 263 0.000486 0
1092 454 1104 471 0.000483 0
1111 503 1120 509 0.000482 0
574 385 592 443 0.000482 0
716 404 765 461 0.000480 0
666 193 672 216 0.000480 0
907 336 925 379 0.000479 0
823 478 848 512 0.000476 0
1012 424 1024 438 0.000474 0
1182 496 1203 511 0.000473 0
874 436 917 483 0.000469 0
927 428 934 446 0.000468 0
799 417 809 437 0.000463 0
314 64 368 198 0.000462 0
945 358 976 404 0.000459 0
407 252 413 271 0.000457 0
1261 101 1279 186 0.000456 0
1086 491 1098 504 0.000456 0
656 664 670 696 0.000454 0
735 679 764 703 0.000453 0
1047 455 1056 465 0.000453 0
991 361 1024 403 0.000453 0
772 461 797 474 0.000451 0
736 680 762 703 0.000451 0
979 369 992 408 0.000448 0
1126 445 1136 473 0.000448 0
693 192 716 216 0.000447 0
316 64 431 189 0.000445 0
821 456 832 471 0.000442 0
1008 483 1018 496 0.000442 0
915 374 928 407 0.000440 0
1146 325 1184 403 0.000439 0
158 64 258 209 0.000439 0
431 217 439 226 0.000438 0
898 192 943 254 0.000437 0
1247 337 1267 402 0.000435 0
1040 411 1050 424 0.000435 0
643 425 656 453 0.000435 0
658 408 672 436 0.000435 0
849 224 867 312 0.000432 0
1167 348 1194 393 0.000432 0
907 336 926 349 0.000430 0
558 202 569 215 0.000430 0
993 381 1017 406 0.000429 0
907 336 926 389 0.000429 0
735 679 754 703 0.000429 0
0 64 19 220 0.000426 0
997 376 1023 400 0.000425 0
865 210 883 242 0.000422 0
934 455 943 464 0.000421 0
951 344 961 365 0.000419 0
1 64 336 254 0.000418 0
647 408 666 432 0.000414 0
125 210 135 227 0.000414 0
1262 168 1279 233 0.000413 0
1069 212 1082 242 0.000412 0
598 576 614 616 0.000411 0
1214 368 1231 406 0.000411 0
494 409 517 426 0.000407 0
881 431 901 457 0.000407 0
942 346 960 394 0.000407 0
664 462 672 471 0.000405 0
943 382 950 394 0.000404 0
1023 424 1033 440 0.000403 0
1160 344 1216 414 0.000403 0
1239 478 1249 485 0.000403 0
1118 64 1157 135 0.000401 0
848 203 869 259 0.000399 0
1250 424 1264 440 0.000399 0
361 64 487 214 0.000399 0
1228 343 1270 409 0.000398 0
798 418 816 449 0.000396 0
1254 426 1264 441 0.000395 0
904 336 924 350 0.000394 0
150 64 406 212 0.000393 0
205 200 224 228 0.000390 0
976 448 983 457 0.000388 0
274 199 287 227 0.000387 0
968 447 976 460 0.000387 0
279 187 325 373 0.000386 0
723 324 744 340 0.000386 0
436 195 448 207 0.000385 0
496 409 527 429 0.000385 0
911 375 928 409 0.000385 0
248 210 276 243 0.000384 0
65 64 131 199 0.000383 0
552 407 626 465 0.000383 0
867 422 881 441 0.000383 0
1095 439 1103 451 0.000382 0
1197 366 1225 413 0.000381 0
1043 411 1057 442 0.000381 0
868 326 880 342 0.000381 0
860 424 877 448 0.000380 0
1151 437 1168 473 0.000378 0
930 376 946 409 0.000377 0
1263 65 1279 205 0.000377 0
1110 394 1123 408 0.000374 0
374 66 446 213 0.000374 0
448 195 483 288 0.000373 0
621 424 633 437 0.000373 0
318 64 402 185 0.000373 0
376 184 396 205 0.000373 0
932 376 946 393 0.000372 0
815 276 849 344 0.000371 0
175 186 183 205 0.000368 0
1247 413 1254 426 0.000368 0
1 64 161 270 0.000367 0
1024 361 1041 408 0.000363 0
369 67 498 217 0.000363 0
1117 64 1151 125 0.000363 0
1260 130 1279 182 0.000362 0
1219 423 1233 433 0.000362 0
1229 329 1275 405 0.000362 0
1218 453 1223 467 0.000361 0
766 203 784 235 0.000361 0
912 448 924 457 0.000361 0
933 434 944 452 0.000360 0
156 64 416 240 0.000360 0
313 196 333 231 0.000359 0
1076 199 1103 227 0.000357 0
1215 422 1225 434 0.000356 0
1092 189 1104 203 0.000356 0
1221 408 1232 423 0.000356 0
799 409 810 422 0.000355 0
857 432 869 443 0.000354 0
308 64 369 197 0.000354 0
905 336 931 387 0.000353 0
697 407 720 447 0.000353 0
846 265 863 311 0.000353 0
569 580 588 617 0.000352 0
256 194 325 378 0.000352 0
1248 342 1264 359 0.000351 0
574 390 592 440 0.000351 0
1234 476 1256 509 0.000349 0
207 394 224 424 0.000349 0
842 459 872 479 0.000348 0
239 212 258 259 0.000346 0
496 78 506 92 0.000345 0
942 358 959 397 0.000344 0
670 207 691 237 0.000339 0
1149 335 1175 401 0.000338 0
678 384 688 398 0.000338 0
307 66 457 357 0.000337 0
861 435 942 486 0.000337 0
860 449 887 479 0.000337 0
1141 409 1169 424 0.000336 0
944 381 955 405 0.000335 0
255 64 355 198 0.000335 0
1028 491 1039 501 0.000334 0
66 64 212 171 0.000333 0
383 64 498 234 0.000332 0
1118 443 1134 474 0.000331 0
1049 199 1066 234 0.000331 0
991 349 1003 370 0.000331 0
671 386 687 424 0.000330 0
813 461 831 475 0.000330 0
880 453 930 486 0.000330 0
579 581 592 616 0.000329 0
1075 205 1096 238 0.000329 0
698 208 722 279 0.000329 0
912 369 928 407 0.000328 0
1096 399 1104 418 0.000328 0
315 64 438 168 0.000328 0
1014 360 1023 380 0.000327 0
805 270 849 344 0.000327 0
255 65 338 203 0.000326 0
1135 501 1145 509 0.000326 0
1084 343 1095 360 0.000325 0
807 472 816 477 0.000325 0
671 383 688 426 0.000325 0
1039 423 1049 437 0.000325 0
1262 91 1279 174 0.000325 0
157 72 214 214 0.000324 0
941 345 961 391 0.000322 0
388 185 398 206 0.000321 0
1142 287 1168 346 0.000321 0
269 222 293 294 0.000320 0
898 415 912 425 0.000320 0
1137 408 1166 424 0.000320 0
1232 471 1252 484 0.000319 0
498 408 544 434 0.000318 0
1151 391 1158 399 0.000318 0
510 331 521 349 0.000318 0
1034 480 1114 503 0.000318 0
339 65 448 228 0.000317 0
1231 472 1245 486 0.000315 0
146 64 420 203 0.000313 0
1161 377 1167 383 0.000312 0
867 439 922 485 0.000312 0
327 64 684 234 0.000312 0
254 64 361 204 0.000311 0
1055 424 1077 466 0.000310 0
605 576 617 616 0.000310 0
1102 326 1121 360 0.000310 0
654 406 673 434 0.000308 0
948 372 971 408 0.000307 0
66 64 171 187 0.000306 0
1056 487 1085 506 0.000306 0
66 64 129 161 0.000306 0
940 350 987 399 0.000306 0
879 473 929 488 0.000305 0
5 65 82 221 0.000303 0
1117 64 1137 131 0.000303 0
151 64 479 246 0.000302 0
799 419 817 447 0.000302 0
1246 344 1264 376 0.000302 0
274 198 288 241 0.000302 0
1120 277 1149 344 0.000302 0
1041 418 1057 458 0.000302 0
243 174 326 378 0.000301 0
744 410 785 458 0.000301 0
831 416 848 440 0.000300 0
631 665 648 703 0.000300 0
1169 350 1212 412 0.000300 0
65 64 139 205 0.000299 0
1119 464 1128 475 0.000298 0
209 182 225 228 0.000298 0
1156 457 1168 475 0.000298 0
813 308 848 343 0.000298 0
1151 455 1162 473 0.000298 0
991 360 1000 379 0.000297 0
997 506 1008 536 0.000297 0
0 127 32 276 0.000296 0
1176 412 1183 423 0.000296 0
0 84 19 228 0.000294 0
255 65 325 167 0.000294 0
268 387 288 401 0.000293 0
1113 393 1127 413 0.000293 0
145 64 457 211 0.000292 0
245 278 256 295 0.000292 0
824 314 848 343 0.000292 0
762 688 816 703 0.000291 0
567 535 576 561 0.000289 0
751 315 767 345 0.000288 0
607 369 623 421 0.000288 0
354 190 367 199 0.000288 0
1214 195 1278 266 0.000287 0
2 64 79 217 0.000287 0
1180 371 1279 423 0.000286 0
594 408 613 434 0.000286 0
174 207 183 216 0.000285 0
1118 443 1132 471 0.000285 0
1233 411 1240 424 0.000285 0
852 229 872 295 0.000283 0
1239 413 1247 427 0.000283 0
212 187 244 252 0.000282 0
273 231 293 295 0.000281 0
1254 610 1264 642 0.000281 0
749 436 773 495 0.000281 0
111 222 118 236 0.000280 0
595 404 608 424 0.000279 0
1144 376 1152 393 0.000279 0
479 445 496 454 0.000278 0
701 436 720 471 0.000278 0
995 382 1023 423 0.000278 0
496 81 505 92 0.000278 0
591 390 608 425 0.000278 0
1136 407 1170 424 0.000277 0
1245 346 1263 378 0.000277 0
1195 181 1220 215 0.000276 0
275 199 286 217 0.000276 0
800 419 818 439 0.000275 0
302 243 320 313 0.000274 0
550 174 577 215 0.000272 0
240 245 256 295 0.000272 0
236 64 437 208 0.000272 0
1078 186 1121 230 0.000271 0
1232 425 1241 440 0.000271 0
906 336 926 351 0.000271 0
365 185 375 200 0.000271 0
247 278 255 294 0.000271 0
1081 309 1122 362 0.000271 0
66 64 153 194 0.000271 0
1202 408 1216 439 0.000270 0
346 125 612 337 0.000269 0
0 64 75 205 0.000269 0
427 64 497 246 0.000268 0
544 64 652 215 0.000267 0
177 64 445 206 0.000267 0
61 64 129 197 0.000267 0
325 64 648 236 0.000266 0
778 415 817 458 0.000266 0
1061 217 1167 277 0.000265 0
1216 444 1224 456 0.000265 0
295 224 321 308 0.000263 0
1072 503 1081 511 0.000263 0
1216 408 1227 425 0.000263 0
771 193 795 235 0.000262 0
440 201 456 242 0.000262 0
1221 449 1232 472 0.000262 0
857 404 864 414 0.000262 0
925 438 944 464 0.000262 0
933 472 944 484 0.000261 0
311 64 546 356 0.000261 0
1039 426 1048 443 0.000260 0
0 127 29 326 0.000259 0
255 64 336 184 0.000259 0
997 383 1023 423 0.000258 0
272 198 284 223 0.000258 0
1151 343 1255 416 0.000258 0
831 477 848 513 0.000257 0
340 64 497 214 0.000256 0
1080 399 1088 411 0.000256 0
832 480 840 499 0.000255 0
160 64 257 176 0.000254 0
346 64 443 205 0.000254 0
1049 195 1064 225 0.000254 0
671 390 688 425 0.000252 0
1136 386 1179 421 0.000252 0
800 413 815 423 0.000251 0
1039 457 1048 470 0.000251 0
670 407 687 438 0.000251 0
946 455 961 465 0.000251 0
776 407 783 415 0.000251 0
913 344 995 395 0.000250 0
826 462 858 479 0.000250 0
825 316 848 343 0.000249 0
320 623 328 649 0.000249 0
757 211 767 232 0.000249 0
1142 385 1153 406 0.000249 0
132 65 256 202 0.000248 0
940 344 961 389 0.000247 0
853 436 937 486 0.000247 0
973 364 998 424 0.000247 0
1094 406 1103 429 0.000247 0
591 363 611 418 0.000247 0
813 306 834 343 0.000246 0
655 319 690 380 0.000245 0
656 323 686 379 0.000245 0
1227 103 1279 184 0.000245 0
989 181 1010 221 0.000244 0
1096 161 1125 209 0.000244 0
652 200 663 217 0.000242 0
74 65 341 255 0.000242 0
1213 355 1243 408 0.000242 0
1023 422 1040 454 0.000242 0
1190 490 1202 504 0.000242 0
1151 372 1162 399 0.000242 0
323 233 338 273 0.000242 0
1103 455 1112 472 0.000242 0
1101 454 1113 469 0.000241 0
431 520 441 550 0.000241 0
923 422 938 454 0.000241 0
990 352 1003 376 0.000241 0
1215 357 1226 384 0.000240 0
672 392 688 424 0.000240 0
607 195 726 282 0.000240 0
752 451 791 481 0.000239 0
1210 365 1220 394 0.000239 0
479 176 505 217 0.000238 0
896 519 903 528 0.000238 0
781 322 815 394 0.000238 0
958 423 970 454 0.000238 0
492 391 520 429 0.000238 0
780 315 802 343 0.000237 0
772 318 848 344 0.000237 0
908 337 936 410 0.000237 0
1025 372 1041 408 0.000236 0
866 446 936 487 0.000236 0
1079 406 1088 424 0.000235 0
471 192 480 207 0.000235 0
831 440 845 450 0.000235 0
329 64 680 211 0.000235 0
586 407 606 433 0.000234 0
183 192 191 205 0.000234 0
1226 169 1260 235 0.000233 0
918 393 928 408 0.000233 0
546 410 589 433 0.000232 0
1044 412 1064 425 0.000232 0
243 66 343 220 0.000231 0
223 64 446 228 0.000231 0
0 65 358 396 0.000231 0
657 319 687 377 0.000230 0
364 66 453 219 0.000230 0
1246 460 1265 473 0.000229 0
568 64 654 219 0.000229 0
980 362 1012 398 0.000229 0
518 393 533 431 0.000228 0
1143 375 1153 399 0.000228 0
501 392 599 453 0.000227 0
1239 448 1248 457 0.000226 0
927 377 944 408 0.000226 0
700 455 720 471 0.000226 0
774 410 784 433 0.000225 0
367 207 377 232 0.000225 0
519 392 529 407 0.000224 0
927 345 950 393 0.000224 0
67 64 189 211 0.000224 0
1033 191 1063 231 0.000224 0
149 64 257 171 0.000224 0
201 371 240 414 0.000223 0
271 387 288 400 0.000223 0
0 83 70 224 0.000222 0
911 438 935 456 0.000222 0
1249 610 1265 702 0.000221 0
1181 393 1197 418 0.000221 0
789 326 847 363 0.000221 0
957 389 974 432 0.000221 0
1166 358 1216 418 0.000220 0
799 440 820 456 0.000220 0
1185 186 1219 219 0.000220 0
1023 426 1034 445 0.000220 0
156 82 213 222 0.000220 0
718 379 784 474 0.000219 0
907 337 938 394 0.000219 0
1095 499 1104 510 0.000218 0
623 407 644 424 0.000218 0
1054 189 1063 201 0.000218 0
782 326 812 360 0.000217 0
952 435 964 455 0.000217 0
299 236 321 311 0.000217 0
927 377 942 394 0.000217 0
562 64 661 218 0.000217 0
114 392 128 403 0.000216 0
848 399 857 409 0.000216 0
1208 374 1260 424 0.000216 0
1191 460 1200 476 0.000216 0
1140 332 1171 397 0.000216 0
1201 371 1279 425 0.000216 0
543 64 594 213 0.000215 0
817 337 844 362 0.000215 0
832 472 848 491 0.000215 0
766 192 787 235 0.000215 0
287 240 320 314 0.000214 0
1080 202 1107 226 0.000214 0
203 372 240 410 0.000214 0
1045 64 1155 203 0.000214 0
614 424 637 445 0.000213 0
1225 226 1279 374 0.000213 0
1101 323 1119 357 0.000212 0
752 315 768 344 0.000211 0
1135 382 1195 424 0.000211 0
1004 64 1119 215 0.000211 0
991 411 1000 425 0.000211 0
164 206 179 216 0.000211 0
1114 185 1130 208 0.000210 0
656 322 683 376 0.000210 0
1039 469 1063 496 0.000210 0
64 64 191 165 0.000210 0
1032 64 1134 213 0.000210 0
987 377 1015 403 0.000209 0
648 481 655 487 0.000209 0
1200 363 1279 421 0.000209 0
207 392 224 412 0.000208 0
770 199 794 236 0.000208 0
1119 64 1135 78 0.000208 0
1135 406 1170 424 0.000208 0
0 64 130 215 0.000208 0
113 240 128 296 0.000207 0
287 274 297 312 0.000207 0
496 504 505 522 0.000207 0
1111 441 1120 469 0.000206 0
682 444 703 464 0.000206 0
613 407 656 436 0.000205 0
1052 144 1280 262 0.000205 0
1146 198 1170 235 0.000205 0
620 687 654 703 0.000203 0
109 67 219 214 0.000203 0
218 374 240 409 0.000202 0
948 343 994 392 0.000202 0
1131 471 1151 480 0.000201 0
286 232 329 379 0.000201 0
816 415 844 457 0.000201 0
1168 411 1178 423 0.000201 0
197 210 219 238 0.000201 0
1081 317 1120 360 0.000200 0
735 678 771 703 0.000200 0
1080 696 1091 703 0.000200 0
1249 216 1270 235 0.000199 0
328 64 698 248 0.000199 0
819 416 847 440 0.000198 0
35 64 136 211 0.000198 0
752 202 768 232 0.000198 0
1016 336 1023 344 0.000198 0
865 329 880 343 0.000198 0
517 64 586 227 0.000198 0
326 64 646 208 0.000198 0
927 362 946 398 0.000197 0
1011 426 1025 440 0.000197 0
126 206 136 224 0.000197 0
1071 396 1079 408 0.000197 0
523 393 543 425 0.000197 0
0 67 59 292 0.000196 0
209 64 325 225 0.000196 0
582 64 671 223 0.000196 0
848 200 917 311 0.000196 0
18 64 137 214 0.000195 0
271 186 278 207 0.000195 0
884 417 907 455 0.000195 0
842 434 933 486 0.000195 0
615 660 671 703 0.000194 0
551 431 592 455 0.000193 0
979 65 1105 242 0.000193 0
734 199 753 233 0.000193 0
283 264 299 313 0.000193 0
193 188 202 216 0.000193 0
1112 440 1119 452 0.000192 0
1260 477 1279 703 0.000192 0
494 391 520 426 0.000191 0
722 446 768 472 0.000191 0
816 407 825 422 0.000191 0
794 328 809 385 0.000191 0
822 330 847 366 0.000191 0
1118 99 1137 138 0.000191 0
302 247 326 314 0.000190 0
46 392 64 421 0.000189 0
581 388 609 428 0.000189 0
1135 485 1173 508 0.000189 0
440 567 448 584 0.000189 0
131 65 422 264 0.000189 0
0 64 71 192 0.000188 0
225 65 327 191 0.000188 0
298 66 356 203 0.000187 0
1055 423 1064 434 0.000187 0
1208 509 1215 534 0.000187 0
1 64 138 194 0.000187 0
0 398 32 459 0.000187 0
66 64 164 158 0.000187 0
451 198 480 269 0.000186 0
1222 456 1231 477 0.000186 0
1013 89 1045 167 0.000186 0
256 64 364 186 0.000186 0
716 411 737 445 0.000186 0
1221 471 1232 483 0.000186 0
786 310 839 344 0.000186 0
631 201 657 231 0.000185 0
1162 380 1207 424 0.000185 0
1264 64 1279 80 0.000185 0
1171 455 1185 470 0.000185 0
750 203 763 229 0.000184 0
922 375 1023 418 0.000184 0
1063 420 1086 450 0.000183 0
223 391 240 408 0.000182 0
1055 424 1067 462 0.000182 0
767 312 798 344 0.000182 0
1243 367 1279 426 0.000182 0
576 372 592 408 0.000182 0
591 406 603 423 0.000182 0
1154 367 1184 395 0.000182 0
1111 504 1120 520 0.000182 0
703 343 720 408 0.000181 0
895 439 914 459 0.000181 0
1222 446 1232 456 0.000181 0
860 325 880 343 0.000180 0
1214 366 1280 426 0.000180 0
699 237 716 279 0.000180 0
495 405 546 432 0.000180 0
239 234 257 279 0.000179 0
1250 425 1271 459 0.000179 0
243 195 376 391 0.000179 0
305 65 433 225 0.000179 0
4 64 131 179 0.000179 0
798 409 838 452 0.000179 0
964 433 975 452 0.000178 0
998 513 1008 536 0.000178 0
90 64 497 278 0.000178 0
318 248 336 353 0.000178 0
695 194 724 280 0.000178 0
632 202 657 223 0.000178 0
952 368 1001 432 0.000177 0
496 510 504 523 0.000177 0
787 327 830 361 0.000177 0
285 252 322 314 0.000177 0
1013 410 1023 423 0.000176 0
776 396 783 410 0.000176 0
778 201 796 238 0.000176 0
928 346 948 386 0.000176 0
192 208 212 228 0.000176 0
97 65 218 175 0.000175 0
1071 392 1079 406 0.000175 0
426 64 497 132 0.000175 0
864 418 892 454 0.000174 0
1165 328 1216 387 0.000173 0
991 384 1015 407 0.000173 0
960 199 972 209 0.000173 0
178 392 225 420 0.000173 0
155 73 271 224 0.000173 0
766 204 783 236 0.000172 0
1007 343 1024 379 0.000172 0
764 152 800 238 0.000172 0
847 211 869 281 0.000172 0
622 686 640 703 0.000171 0
198 199 209 220 0.000171 0
735 687 810 703 0.000171 0
270 224 292 294 0.000171 0
879 407 887 428 0.000170 0
806 366 815 383 0.000170 0
806 366 815 392 0.000170 0
302 245 327 316 0.000170 0
575 64 666 222 0.000170 0
240 240 256 283 0.000170 0
251 64 323 164 0.000170 0
956 417 971 453 0.000169 0
1076 341 1094 361 0.000169 0
750 440 769 491 0.000169 0
1134 431 1143 440 0.000169 0
358 72 499 246 0.000169 0
918 342 978 390 0.000169 0
375 184 396 203 0.000169 0
1123 423 1169 460 0.000168 0
996 423 1013 441 0.000168 0
697 328 703 339 0.000168 0
716 335 781 474 0.000168 0
931 387 945 409 0.000168 0
179 391 212 456 0.000168 0
1087 409 1097 426 0.000168 0
821 276 850 343 0.000167 0
1070 316 1110 361 0.000167 0
1006 406 1021 434 0.000167 0
909 362 1024 423 0.000167 0
904 326 928 346 0.000167 0
723 199 753 234 0.000166 0
1232 483 1259 510 0.000166 0
154 202 169 231 0.000166 0
1226 301 1279 424 0.000166 0
440 202 456 245 0.000165 0
173 64 473 330 0.000165 0
1056 473 1090 499 0.000165 0
0 173 6 203 0.000165 0
286 238 323 379 0.000164 0
927 381 946 427 0.000164 0
832 416 848 445 0.000164 0
1159 424 1168 439 0.000164 0
863 333 880 343 0.000163 0
497 64 585 207 0.000163 0
1019 90 1044 163 0.000163 0
611 576 625 616 0.000163 0
858 417 944 485 0.000163 0
895 321 904 343 0.000162 0
1253 607 1263 642 0.000162 0
1066 409 1089 456 0.000162 0
660 280 703 371 0.000162 0
153 72 280 228 0.000161 0
1117 186 1144 214 0.000161 0
427 64 497 215 0.000161 0
4 64 128 196 0.000161 0
472 201 487 223 0.000161 0
910 343 949 404 0.000160 0
1225 165 1253 232 0.000160 0
576 371 592 403 0.000160 0
0 64 288 242 0.000159 0
836 437 891 479 0.000159 0
1061 200 1081 237 0.000158 0
932 423 944 443 0.000158 0
997 66 1052 208 0.000158 0
1029 341 1040 360 0.000158 0
719 437 746 471 0.000158 0
1081 189 1163 255 0.000158 0
1064 394 1074 408 0.000158 0
439 567 448 580 0.000157 0
703 334 720 381 0.000157 0
464 398 496 439 0.000157 0
847 426 858 454 0.000157 0
1028 328 1040 360 0.000157 0
628 685 671 703 0.000157 0
704 348 720 415 0.000156 0
134 416 143 431 0.000156 0
67 65 215 211 0.000156 0
925 454 946 485 0.000156 0
1136 320 1178 386 0.000156 0
174 185 184 208 0.000156 0
110 69 215 223 0.000156 0
241 202 332 389 0.000156 0
915 427 930 448 0.000156 0
112 64 260 169 0.000155 0
158 64 289 212 0.000155 0
319 64 371 107 0.000155 0
576 287 594 325 0.000154 0
1070 201 1127 310 0.000154 0
1134 194 1159 251 0.000154 0
988 182 1009 222 0.000154 0
758 215 767 233 0.000154 0
1117 439 1133 460 0.000154 0
663 194 693 230 0.000153 0
62 473 81 525 0.000153 0
422 64 497 141 0.000153 0
151 210 166 234 0.000153 0
1135 376 1157 409 0.000153 0
305 152 393 313 0.000152 0
1064 69 1095 130 0.000152 0
509 64 957 259 0.000152 0
816 344 830 361 0.000152 0
815 410 827 427 0.000152 0
1026 374 1041 407 0.000151 0
1253 408 1264 424 0.000151 0
1227 164 1248 218 0.000151 0
919 692 928 703 0.000151 0
541 64 598 217 0.000151 0
300 235 322 347 0.000150 0
1263 489 1279 704 0.000150 0
926 343 959 386 0.000150 0
193 200 205 216 0.000150 0
901 336 924 350 0.000150 0
589 369 609 410 0.000149 0
1145 300 1182 347 0.000149 0
1214 268 1232 334 0.000149 0
118 64 204 97 0.000149 0
818 439 833 453 0.000149 0
402 64 498 224 0.000149 0
671 465 683 488 0.000148 0
347 64 497 93 0.000148 0
1040 407 1053 423 0.000148 0
799 416 829 455 0.000148 0
0 271 38 426 0.000147 0
931 339 996 396 0.000147 0
1248 611 1265 704 0.000147 0
342 64 499 174 0.000147 0
949 418 969 452 0.000147 0
527 625 537 647 0.000146 0
493 391 515 423 0.000146 0
833 374 847 391 0.000146 0
911 381 926 409 0.000146 0
703 345 717 381 0.000146 0
468 391 519 428 0.000145 0
1019 425 1040 455 0.000145 0
1166 378 1206 410 0.000144 0
1059 423 1074 453 0.000144 0
591 361 619 404 0.000144 0
1254 476 1279 682 0.000144 0
895 408 913 428 0.000144 0
951 422 968 454 0.000143 0
598 362 662 430 0.000143 0
906 348 987 441 0.000142 0
964 425 975 449 0.000142 0
0 399 25 458 0.000142 0
0 157 6 203 0.000142 0
1237 455 1265 472 0.000142 0
1138 340 1164 403 0.000141 0
1056 435 1075 460 0.000141 0
719 337 738 377 0.000141 0
1269 138 1279 172 0.000140 0
872 496 879 503 0.000140 0
67 64 171 147 0.000140 0
1074 389 1089 409 0.000140 0
569 430 609 475 0.000140 0
1264 429 1279 463 0.000140 0
630 644 673 700 0.000139 0
256 64 346 169 0.000139 0
628 657 659 703 0.000139 0
1071 405 1084 424 0.000138 0
301 236 337 367 0.000138 0
1213 64 1232 115 0.000138 0
724 199 741 226 0.000137 0
1038 389 1087 426 0.000137 0
731 437 771 487 0.000137 0
491 408 596 433 0.000137 0
1135 373 1214 424 0.000137 0
1214 267 1232 317 0.000136 0
207 393 225 453 0.000136 0
751 207 765 231 0.000136 0
696 476 705 488 0.000136 0
721 403 773 445 0.000136 0
927 341 966 388 0.000135 0
991 419 1000 439 0.000135 0
1143 339 1218 414 0.000135 0
301 242 335 354 0.000134 0
930 375 945 391 0.000134 0
895 407 913 440 0.000134 0
1227 421 1273 464 0.000134 0
257 232 295 295 0.000134 0
1066 67 1095 127 0.000134 0
720 202 737 232 0.000134 0
1094 321 1120 364 0.000134 0
931 182 945 202 0.000134 0
575 281 596 354 0.000133 0
563 428 597 470 0.000133 0
514 513 528 544 0.000133 0
433 174 445 203 0.000133 0
670 404 703 441 0.000133 0
847 234 864 287 0.000133 0
943 680 953 702 0.000133 0
808 382 815 406 0.000132 0
919 170 1228 270 0.000132 0
385 184 400 204 0.000132 0
770 312 788 343 0.000132 0
138 64 488 360 0.000132 0
286 251 322 382 0.000131 0
1062 392 1075 408 0.000131 0
308 139 378 292 0.000131 0
716 335 773 467 0.000131 0
1168 457 1187 477 0.000131 0
667 671 708 703 0.000130 0
849 407 942 482 0.000130 0
344 64 497 161 0.000130 0
179 392 212 424 0.000129 0
747 199 763 215 0.000129 0
0 130 34 303 0.000129 0
800 408 815 422 0.000129 0
1264 439 1279 464 0.000129 0
703 360 720 408 0.000129 0
800 184 815 230 0.000129 0
799 454 832 472 0.000128 0
1056 437 1075 466 0.000128 0
826 333 847 374 0.000128 0
66 66 220 225 0.000128 0
1153 527 1164 542 0.000128 0
1163 475 1179 492 0.000127 0
669 205 699 236 0.000127 0
1062 402 1079 423 0.000127 0
63 469 81 528 0.000127 0
1148 376 1201 407 0.000127 0
271 205 304 297 0.000126 0
697 222 719 279 0.000126 0
1056 372 1065 387 0.000126 0
1274 158 1279 176 0.000126 0
607 680 636 703 0.000126 0
944 383 957 408 0.000125 0
392 70 499 221 0.000125 0
1054 65 1278 285 0.000125 0
496 81 505 93 0.000125 0
1054 391 1064 407 0.000125 0
888 415 938 460 0.000124 0
464 199 510 250 0.000124 0
926 348 943 382 0.000124 0
639 64 728 233 0.000123 0
9 375 31 422 0.000123 0
680 468 697 488 0.000123 0
1172 64 1280 274 0.000123 0
339 64 498 91 0.000123 0
751 309 768 344 0.000123 0
780 327 816 397 0.000123 0
655 449 697 489 0.000122 0
919 376 947 411 0.000122 0
543 64 590 198 0.000122 0
199 64 325 184 0.000122 0
1137 313 1214 414 0.000122 0
554 405 590 436 0.000122 0
752 326 762 345 0.000122 0
489 64 587 230 0.000121 0
415 248 420 270 0.000121 0
493 391 528 429 0.000120 0
263 64 317 126 0.000120 0
1158 332 1198 359 0.000120 0
571 433 609 472 0.000120 0
1165 461 1181 479 0.000119 0
278 225 322 302 0.000119 0
668 320 698 377 0.000119 0
576 280 594 321 0.000119 0
831 391 839 407 0.000119 0
838 397 847 410 0.000119 0
526 407 563 428 0.000119 0
989 481 1000 487 0.000119 0
1053 454 1076 470 0.000119 0
952 443 961 458 0.000119 0
1137 329 1215 417 0.000118 0
654 450 674 471 0.000118 0
647 64 730 242 0.000118 0
799 457 830 473 0.000118 0
703 348 718 400 0.000118 0
1121 405 1128 423 0.000118 0
493 64 585 165 0.000117 0
1201 421 1273 467 0.000118 0
437 165 496 228 0.000117 0
1077 298 1122 355 0.000117 0
177 392 220 419 0.000117 0
1127 410 1135 423 0.000117 0
558 162 738 234 0.000117 0
1218 327 1279 433 0.000116 0
1199 399 1213 440 0.000116 0
71 64 199 230 0.000116 0
712 341 776 470 0.000116 0
1226 405 1246 424 0.000116 0
1254 407 1264 423 0.000116 0
511 512 524 540 0.000115 0
1181 455 1201 472 0.000115 0
822 407 832 418 0.000115 0
243 275 258 318 0.000115 0
31 392 64 424 0.000114 0
1088 407 1097 421 0.000114 0
303 252 326 309 0.000114 0
589 529 601 563 0.000114 0
487 487 495 498 0.000114 0
0 570 16 644 0.000113 0
1056 304 1121 358 0.000113 0
511 511 522 538 0.000113 0
1263 628 1279 704 0.000113 0
274 235 298 296 0.000113 0
1266 317 1279 353 0.000113 0
1135 499 1147 536 0.000113 0
670 667 729 703 0.000113 0
431 519 441 544 0.000112 0
285 241 322 351 0.000112 0
815 432 887 478 0.000112 0
719 356 836 475 0.000112 0
797 264 852 346 0.000111 0
1144 506 1152 518 0.000111 0
696 193 726 229 0.000111 0
320 251 342 352 0.000111 0
1184 528 1192 540 0.000111 0
1253 368 1279 503 0.000111 0
0 112 66 225 0.000111 0
318 252 334 322 0.000111 0
0 266 45 413 0.000111 0
663 337 694 377 0.000111 0
526 623 544 647 0.000111 0
1077 322 1121 363 0.000110 0
1092 411 1103 433 0.000110 0
1208 517 1215 534 0.000110 0
1009 363 1041 406 0.000110 0
63 478 81 523 0.000110 0
191 370 237 415 0.000110 0
917 422 928 438 0.000110 0
0 566 15 643 0.000110 0
208 371 240 408 0.000110 0
1263 616 1279 704 0.000109 0
891 273 933 347 0.000109 0
1245 407 1279 443 0.000109 0
110 204 136 238 0.000109 0
0 273 62 424 0.000109 0
0 560 16 642 0.000108 0
774 208 791 237 0.000108 0
892 413 934 455 0.000108 0
355 210 369 276 0.000108 0
607 678 623 703 0.000108 0
1135 396 1146 409 0.000107 0
658 304 707 378 0.000107 0
1264 67 1279 82 0.000107 0
202 64 330 215 0.000107 0
1116 64 1163 138 0.000107 0
158 64 302 92 0.000107 0
774 327 794 344 0.000107 0
831 392 842 412 0.000107 0
203 369 240 411 0.000107 0
1204 415 1217 440 0.000107 0
749 405 770 424 0.000107 0
971 167 995 210 0.000107 0
104 64 214 165 0.000106 0
810 291 836 344 0.000106 0
332 205 354 256 0.000106 0
703 342 720 416 0.000105 0
872 258 920 345 0.000105 0
1087 64 1135 129 0.000105 0
308 146 365 285 0.000105 0
1137 352 1215 421 0.000105 0
329 250 354 349 0.000105 0
986 426 1032 455 0.000105 0
1145 328 1198 360 0.000105 0
1070 408 1081 424 0.000104 0
698 212 726 278 0.000104 0
1116 64 1162 107 0.000104 0
1267 420 1279 454 0.000104 0
319 249 336 354 0.000104 0
1246 90 1279 180 0.000104 0
211 391 240 409 0.000104 0
1101 498 1119 510 0.000104 0
1033 314 1091 381 0.000103 0
339 64 688 223 0.000103 0
836 64 1276 285 0.000103 0
1034 311 1094 379 0.000103 0
490 391 558 437 0.000103 0
575 364 592 395 0.000103 0
0 374 32 425 0.000102 0
703 324 720 379 0.000102 0
1200 410 1208 440 0.000102 0
585 205 600 215 0.000102 0
959 456 976 483 0.000102 0
155 123 227 228 0.000102 0
664 480 673 487 0.000102 0
832 441 842 456 0.000102 0
527 64 729 263 0.000101 0
275 201 288 254 0.000101 0
598 358 623 376 0.000101 0
912 344 985 411 0.000101 0
1264 73 1279 109 0.000101 0
1008 481 1045 505 0.000100 0
39 64 171 151 0.000100 0
0 77 111 222 0.000100 0
1062 253 1137 346 0.863109 1
495 219 537 255 0.819629 1
1128 216 1180 260 0.614994 1
1127 225 1182 261 0.305436 1
1123 216 1181 261 0.262658 1
1126 227 1151 260 0.078288 1
1117 217 1181 260 0.077156 1
1124 228 1150 260 0.076601 1
1129 229 1151 256 0.074839 1
880 212 927 273 0.071504 1
20 223 72 257 0.071412 1
881 222 906 269 0.062866 1
20 220 71 257 0.062856 1
880 221 927 277 0.058732 1
880 220 912 271 0.054897 1
1130 227 1163 255 0.053455 1
879 204 921 286 0.053005 1
880 220 904 270 0.047116 1
47 230 73 256 0.046830 1
881 228 904 269 0.046795 1
881 221 909 268 0.043844 1
1118 223 1148 261 0.043240 1
47 225 73 256 0.039040 1
866 217 927 291 0.038949 1
47 233 72 256 0.037414 1
879 220 915 288 0.034479 1
881 230 902 270 0.032909 1
47 225 75 256 0.031913 1
20 226 71 259 0.030151 1
48 224 96 257 0.029909 1
48 236 71 256 0.029089 1
880 233 902 269 0.029068 1
880 202 927 276 0.028829 1
879 214 924 292 0.026831 1
884 191 927 293 0.025736 1
1119 222 1151 256 0.025554 1
20 219 42 257 0.025222 1
1127 228 1181 259 0.025058 1
21 228 41 257 0.024423 1
43 224 73 256 0.024144 1
21 218 42 254 0.024046 1
1132 224 1166 256 0.023278 1
22 230 42 257 0.021865 1
882 211 911 268 0.019836 1
7 221 66 259 0.019470 1
1128 228 1148 261 0.018965 1
0 228 48 259 0.018511 1
20 229 42 257 0.018119 1
22 228 41 254 0.017282 1
880 229 904 280 0.016520 1
1113 228 1148 261 0.015528 1
879 229 904 282 0.015330 1
0 231 41 259 0.014752 1
859 209 916 281 0.014029 1
49 223 84 254 0.012914 1
890 212 911 263 0.012736 1
1147 307 1168 345 0.012341 1
877 228 910 287 0.012037 1
20 217 62 259 0.011894 1
48 227 98 257 0.011365 1
894 204 914 261 0.010025 1
863 229 908 287 0.009922 1
505 222 536 249 0.009829 1
1145 307 1168 345 0.009799 1
1132 223 1152 252 0.008969 1
0 224 43 259 0.008492 1
1023 275 1064 334 0.008460 1
857 215 916 286 0.008397 1
1109 218 1147 251 0.008262 1
1025 318 1056 335 0.007748 1
502 216 535 253 0.007604 1
1113 219 1141 251 0.007431 1
0 228 41 258 0.007330 1
1044 233 1079 298 0.006888 1
17 223 73 275 0.006548 1
949 273 960 302 0.006518 1
496 224 536 253 0.006419 1
61 225 98 257 0.006369 1
856 217 919 292 0.006320 1
1045 275 1066 296 0.005783 1
50 225 98 256 0.005703 1
1143 306 1169 347 0.005663 1
899 218 930 288 0.005559 1
891 236 916 291 0.005481 1
879 248 913 288 0.005144 1
1141 306 1169 358 0.005128 1
1044 276 1064 296 0.005021 1
861 215 905 275 0.004932 1
25 215 42 254 0.004847 1
53 224 95 241 0.004604 1
889 245 912 288 0.004524 1
915 229 929 249 0.004472 1
1023 273 1070 334 0.004401 1
1061 238 1152 295 0.004373 1
1062 255 1093 303 0.004336 1
1024 310 1058 334 0.004179 1
1032 319 1054 335 0.004170 1
862 249 904 285 0.004077 1
1026 276 1064 334 0.003977 1
1044 278 1059 296 0.003950 1
1150 227 1181 255 0.003898 1
1053 248 1089 321 0.003891 1
1058 235 1087 297 0.003885 1
927 273 960 303 0.003878 1
1060 235 1090 298 0.003839 1
496 225 531 254 0.003822 1
866 216 900 275 0.003618 1
1136 212 1186 254 0.003596 1
1086 255 1139 337 0.003525 1
74 225 99 257 0.003524 1
72 230 99 257 0.003471 1
925 272 960 305 0.003452 1
68 224 96 237 0.003430 1
948 273 960 302 0.003418 1
1044 273 1077 329 0.003374 1
124 235 195 263 0.003325 1
19 214 43 254 0.003279 1
113 236 196 264 0.003260 1
1148 308 1169 352 0.003192 1
107 236 159 257 0.003147 1
108 235 194 265 0.003142 1
893 263 911 288 0.003109 1
1071 273 1137 346 0.003075 1
1148 213 1184 256 0.002973 1
1068 273 1090 312 0.002967 1
868 259 908 288 0.002964 1
1123 278 1169 347 0.002854 1
1094 253 1125 328 0.002836 1
1057 239 1090 322 0.002747 1
894 260 913 292 0.002719 1
0 226 73 279 0.002625 1
1044 276 1064 331 0.002613 1
1143 313 1168 345 0.002611 1
78 235 99 256 0.002583 1
78 236 99 257 0.002542 1
1102 257 1137 345 0.002539 1
17 230 44 264 0.002451 1
104 236 159 264 0.002447 1
1062 215 1185 275 0.002437 1
878 210 904 267 0.002432 1
1107 264 1137 346 0.002425 1
1067 274 1089 303 0.002415 1
158 226 208 262 0.002345 1
1044 269 1067 297 0.002340 1
1083 260 1137 347 0.002323 1
1094 254 1137 341 0.002292 1
855 223 883 282 0.002280 1
19 228 45 266 0.002244 1
867 231 890 273 0.002236 1
74 234 192 264 0.002226 1
935 273 960 302 0.002173 1
1064 276 1117 337 0.002094 1
1024 261 1075 332 0.002083 1
1023 316 1058 334 0.002082 1
876 270 960 303 0.002040 1
1183 216 1217 264 0.002036 1
925 273 961 310 0.002034 1
496 220 529 250 0.002016 1
1132 201 1175 256 0.002006 1
869 239 885 277 0.002005 1
77 235 159 261 0.002003 1
78 236 102 257 0.001946 1
1093 254 1123 327 0.001936 1
858 255 909 293 0.001915 1
114 237 157 254 0.001835 1
1058 240 1279 368 0.001813 1
195 223 227 261 0.001768 1
898 227 927 296 0.001764 1
905 272 957 306 0.001762 1
159 237 193 263 0.001753 1
76 225 96 236 0.001744 1
0 235 34 258 0.001723 1
113 216 171 256 0.001723 1
893 254 923 306 0.001691 1
1043 272 1065 330 0.001679 1
1087 254 1123 320 0.001662 1
1091 255 1120 326 0.001642 1
1059 261 1089 328 0.001623 1
855 228 896 284 0.001614 1
0 211 57 261 0.001580 1
900 272 960 307 0.001564 1
497 222 537 255 0.001561 1
116 214 157 255 0.001528 1
154 237 193 273 0.001523 1
169 221 226 262 0.001508 1
77 231 117 258 0.001470 1
9 223 41 254 0.001469 1
1069 274 1090 317 0.001468 1
1113 275 1137 346 0.001449 1
1099 233 1145 264 0.001438 1
1053 229 1279 418 0.001427 1
21 214 56 256 0.001405 1
1053 300 1172 356 0.001404 1
926 239 940 253 0.001394 1
918 215 944 253 0.001371 1
1128 229 1184 264 0.001369 1
107 221 195 264 0.001344 1
192 224 227 262 0.001336 1
0 239 13 257 0.001336 1
109 213 159 255 0.001328 1
1051 232 1077 297 0.001292 1
117 221 179 260 0.001269 1
158 231 213 264 0.001255 1
907 262 927 296 0.001244 1
0 240 8 258 0.001235 1
1055 213 1234 307 0.001230 1
2 223 78 293 0.001206 1
909 271 956 300 0.001196 1
120 237 156 254 0.001184 1
1064 279 1119 338 0.001182 1
1033 274 1065 333 0.001126 1
919 206 945 253 0.001124 1
22 223 106 277 0.001100 1
1116 177 1211 262 0.001059 1
1090 255 1122 323 0.001058 1
1071 273 1111 324 0.001056 1
932 241 946 253 0.001045 1
893 255 914 312 0.001035 1
1060 235 1142 300 0.001024 1
43 223 194 263 0.001020 1
33 232 73 276 0.001016 1
113 237 157 263 0.000998 1
51 217 69 247 0.000976 1
912 207 932 252 0.000962 1
1060 255 1189 350 0.000960 1
1057 224 1074 262 0.000960 1
1071 285 1137 347 0.000947 1
0 229 33 285 0.000947 1
1159 228 1182 257 0.000945 1
133 214 147 237 0.000915 1
31 229 204 276 0.000899 1
17 226 72 280 0.000892 1
20 212 72 258 0.000879 1
75 232 118 258 0.000868 1
193 223 232 261 0.000853 1
1027 276 1060 296 0.000840 1
454 194 539 257 0.000833 1
0 232 42 269 0.000833 1
1087 207 1167 329 0.000832 1
922 277 953 312 0.000829 1
12 228 78 293 0.000827 1
896 274 951 312 0.000826 1
1093 255 1122 324 0.000820 1
21 215 71 254 0.000819 1
159 237 192 276 0.000794 1
1063 291 1122 347 0.000785 1
119 237 157 263 0.000774 1
158 219 219 272 0.000769 1
46 233 74 272 0.000767 1
866 254 924 302 0.000760 1
866 228 962 315 0.000755 1
850 197 909 287 0.000747 1
106 218 200 265 0.000733 1
135 217 153 237 0.000729 1
1068 241 1119 320 0.000725 1
69 217 195 265 0.000724 1
99 236 194 275 0.000710 1
85 235 193 269 0.000709 1
1023 319 1053 333 0.000707 1
1022 277 1059 334 0.000704 1
1105 221 1130 256 0.000699 1
1088 253 1119 327 0.000697 1
1023 262 1066 297 0.000689 1
931 237 946 253 0.000685 1
52 217 78 240 0.000683 1
61 221 195 265 0.000682 1
25 227 176 261 0.000680 1
158 218 237 272 0.000669 1
158 224 219 276 0.000662 1
1089 253 1120 266 0.000662 1
873 198 936 317 0.000660 1
1089 253 1117 327 0.000659 1
1042 147 1280 422 0.000657 1
924 273 962 313 0.000656 1
108 219 155 255 0.000651 1
146 222 189 261 0.000644 1
191 220 246 266 0.000640 1
1105 239 1132 257 0.000632 1
1116 280 1137 346 0.000627 1
192 226 226 263 0.000627 1
1071 250 1112 320 0.000624 1
1022 317 1059 361 0.000622 1
1092 253 1122 283 0.000617 1
15 208 77 258 0.000608 1
1023 318 1051 337 0.000608 1
1068 287 1134 349 0.000605 1
908 272 925 296 0.000593 1
906 248 928 296 0.000591 1
1068 277 1115 332 0.000584 1
1094 253 1137 329 0.000578 1
1167 236 1182 258 0.000553 1
1079 146 1280 269 0.000549 1
1071 253 1109 322 0.000549 1
1072 269 1105 322 0.000541 1
197 204 227 259 0.000514 1
23 234 198 273 0.000514 1
1119 191 1277 266 0.000514 1
1146 303 1178 352 0.000512 1
1042 277 1059 295 0.000504 1
1059 270 1090 328 0.000498 1
909 272 928 296 0.000491 1
1124 273 1169 346 0.000487 1
1146 307 1175 351 0.000483 1
927 279 950 312 0.000481 1
1024 302 1073 344 0.000479 1
61 236 193 270 0.000477 1
845 227 905 304 0.000469 1
0 230 49 284 0.000468 1
333 234 352 255 0.000468 1
192 235 223 263 0.000461 1
933 244 958 254 0.000455 1
763 252 821 281 0.000453 1
1093 252 1139 322 0.000449 1
123 209 141 237 0.000446 1
1043 246 1073 307 0.000445 1
334 235 352 255 0.000437 1
192 225 241 263 0.000436 1
159 218 244 270 0.000435 1
1094 245 1132 273 0.000435 1
1042 245 1117 339 0.000434 1
909 275 928 296 0.000433 1
192 230 244 264 0.000423 1
854 209 941 313 0.000420 1
1068 269 1134 346 0.000419 1
1095 253 1119 326 0.000414 1
1091 248 1138 292 0.000413 1
897 273 937 312 0.000410 1
204 201 249 263 0.000405 1
1023 317 1064 366 0.000402 1
1090 256 1115 326 0.000394 1
145 221 169 238 0.000387 1
158 221 231 276 0.000377 1
134 213 150 237 0.000377 1
1029 307 1064 334 0.000374 1
894 259 924 312 0.000371 1
446 203 538 264 0.000368 1
104 242 149 264 0.000364 1
1093 254 1125 299 0.000364 1
528 226 544 253 0.000359 1
1064 292 1128 346 0.000357 1
511 225 544 254 0.000355 1
1127 304 1166 346 0.000348 1
0 226 71 293 0.000345 1
1023 318 1054 360 0.000345 1
1121 276 1140 339 0.000344 1
924 282 945 312 0.000343 1
50 217 95 240 0.000340 1
527 224 543 251 0.000338 1
1064 275 1101 338 0.000335 1
860 261 926 300 0.000323 1
1099 228 1182 313 0.000320 1
1140 318 1172 360 0.000313 1
949 273 968 304 0.000312 1
1171 208 1195 222 0.000304 1
895 274 947 315 0.000301 1
1137 302 1205 408 0.000300 1
58 245 97 268 0.000298 1
1023 275 1061 325 0.000298 1
1178 173 1221 262 0.000297 1
905 232 1278 349 0.000295 1
234 225 291 267 0.000293 1
1058 273 1094 340 0.000287 1
261 231 289 265 0.000283 1
1101 250 1139 320 0.000277 1
783 255 820 281 0.000270 1
1098 242 1137 282 0.000253 1
110 223 128 255 0.000249 1
1118 287 1137 346 0.000246 1
0 185 198 307 0.000242 1
1182 183 1223 217 0.000240 1
1148 335 1198 360 0.000236 1
249 217 288 266 0.000235 1
3 70 165 272 0.000235 1
159 215 279 269 0.000234 1
262 225 289 265 0.000234 1
1061 271 1093 338 0.000232 1
0 208 48 261 0.000231 1
1147 319 1177 361 0.000231 1
865 271 963 344 0.000229 1
927 272 964 315 0.000229 1
218 208 256 260 0.000224 1
766 250 819 281 0.000221 1
1106 229 1185 301 0.000211 1
1129 290 1155 346 0.000211 1
1136 290 1224 413 0.000210 1
895 269 936 314 0.000210 1
71 222 120 259 0.000210 1
896 221 978 295 0.000209 1
1123 323 1168 346 0.000209 1
493 214 603 290 0.000208 1
1020 247 1137 348 0.000208 1
68 217 96 238 0.000207 1
1100 202 1224 322 0.000204 1
496 221 541 265 0.000202 1
198 207 226 243 0.000202 1
1127 277 1145 338 0.000201 1
1081 207 1179 308 0.000201 1
1061 252 1200 349 0.000200 1
1064 276 1095 338 0.000198 1
0 197 237 318 0.000198 1
1064 293 1098 338 0.000190 1
894 263 911 312 0.000189 1
1060 160 1220 259 0.000186 1
782 254 820 280 0.000186 1
947 246 958 254 0.000186 1
1063 290 1090 341 0.000185 1
1072 224 1127 287 0.000181 1
1120 228 1186 283 0.000181 1
153 221 171 239 0.000180 1
4 242 206 293 0.000179 1
332 205 354 256 0.000178 1
1024 274 1059 296 0.000175 1
488 210 608 273 0.000173 1
904 279 948 345 0.000165 1
782 255 850 284 0.000164 1
763 254 824 280 0.000163 1
928 273 1090 334 0.000163 1
857 268 964 346 0.000160 1
1022 276 1054 333 0.000158 1
124 205 148 234 0.000157 1
878 270 1040 322 0.000154 1
211 231 246 264 0.000150 1
1022 297 1122 362 0.000150 1
210 211 254 264 0.000149 1
916 274 975 343 0.000149 1
1084 269 1114 330 0.000147 1
1124 228 1202 282 0.000146 1
1127 215 1181 266 0.000145 1
1164 236 1211 269 0.000144 1
922 266 1090 331 0.000141 1
274 231 289 264 0.000139 1
1024 264 1062 297 0.000135 1
1109 290 1177 392 0.000134 1
490 202 604 261 0.000132 1
938 273 976 311 0.000132 1
854 271 1015 344 0.000131 1
1101 230 1180 328 0.000125 1
949 223 1090 331 0.000125 1
927 280 948 343 0.000123 1
40 191 108 257 0.000122 1
823 281 864 312 0.000117 1
0 90 229 280 0.000116 1
1084 214 1179 327 0.000115 1
1023 255 1135 361 0.000114 1
112 214 136 240 0.000113 1
526 217 541 250 0.000113 1
443 213 610 333 0.000111 1
901 273 945 345 0.000109 1
893 262 937 346 0.000106 1
102 203 205 265 0.000106 1
275 231 288 261 0.000105 1
840 211 947 336 0.000104 1
939 277 1036 330 0.000102 1
1064 303 1092 337 0.000102 1
1131 278 1143 325 0.000101 1
800 258 841 292 0.000101 1
886 218 1061 307 0.000101 1
630 372 658 396 0.128869 2
631 375 657 396 0.093466 2
631 379 657 396 0.039577 2
865 177 953 235 0.035421 2
484 200 511 217 0.033534 2
492 199 505 210 0.032063 2
484 198 509 217 0.019921 2
1104 487 1118 496 0.017405 2
1104 487 1120 497 0.015633 2
483 201 508 217 0.015327 2
630 370 658 395 0.013671 2
824 329 847 343 0.013601 2
1107 218 1145 250 0.012887 2
305 188 319 198 0.012801 2
304 185 323 198 0.011512 2
822 329 847 344 0.011059 2
999 385 1021 400 0.010718 2
849 471 867 479 0.010452 2
999 384 1022 400 0.010406 2
633 202 649 216 0.009890 2
1119 488 1136 497 0.009387 2
999 383 1024 402 0.008174 2
1003 199 1029 227 0.008161 2
1005 204 1025 228 0.008101 2
1135 273 1279 416 0.008096 2
848 471 869 479 0.007986 2
1107 222 1129 244 0.007969 2
307 186 323 198 0.007890 2
463 418 497 446 0.007258 2
495 433 526 449 0.006733 2
983 205 1026 229 0.006679 2
1006 198 1037 226 0.006657 2
1006 206 1025 229 0.006586 2
533 208 541 217 0.006293 2
1003 197 1051 230 0.005917 2
1107 221 1126 244 0.005832 2
1104 215 1147 247 0.005775 2
1005 197 1046 228 0.005720 2
1102 216 1141 244 0.005395 2
483 206 508 217 0.005285 2
916 473 928 483 0.005200 2
505 197 518 215 0.005177 2
639 687 671 703 0.004902 2
47 400 63 423 0.004872 2
635 374 661 393 0.004677 2
874 197 909 238 0.004598 2
1024 214 1040 230 0.004590 2
1263 349 1279 367 0.004554 2
881 198 906 231 0.004497 2
647 456 655 461 0.004379 2
1263 347 1279 370 0.004303 2
47 404 63 423 0.004274 2
999 384 1023 401 0.004271 2
658 375 688 387 0.004266 2
1219 498 1232 511 0.003987 2
629 370 657 394 0.003974 2
1170 213 1186 222 0.003925 2
495 434 526 448 0.003871 2
633 203 652 216 0.003753 2
47 403 63 423 0.003618 2
985 203 1025 229 0.003609 2
638 680 671 703 0.003587 2
1098 215 1127 235 0.003511 2
462 410 505 446 0.003508 2
495 436 527 449 0.003492 2
640 685 671 703 0.003267 2
1054 222 1066 237 0.003251 2
319 216 331 231 0.003248 2
463 421 496 446 0.003247 2
495 431 525 448 0.003243 2
1008 196 1052 230 0.003239 2
1214 495 1232 511 0.003101 2
1167 213 1184 224 0.003099 2
668 454 683 463 0.003067 2
596 423 610 434 0.003065 2
648 374 662 390 0.003025 2
993 198 1058 230 0.003022 2
525 198 554 218 0.002918 2
655 452 665 462 0.002862 2
1101 221 1126 244 0.002856 2
462 418 496 444 0.002824 2
1263 248 1279 270 0.002784 2
495 429 527 448 0.002735 2
1263 319 1279 369 0.002613 2
1264 349 1279 368 0.002571 2
629 373 690 397 0.002570 2
1120 64 1152 76 0.002560 2
1168 381 1179 392 0.002465 2
590 192 655 216 0.002453 2
511 438 527 449 0.002447 2
319 204 331 231 0.002445 2
539 203 553 217 0.002441 2
1262 238 1279 269 0.002399 2
480 191 531 216 0.002361 2
712 204 727 233 0.002344 2
822 329 847 345 0.002300 2
865 186 906 241 0.002244 2
592 448 608 455 0.002223 2
877 179 955 212 0.002213 2
642 206 653 216 0.002182 2
1024 215 1039 229 0.002161 2
905 197 954 210 0.002134 2
1191 495 1212 504 0.002126 2
461 409 529 450 0.002050 2
1162 501 1177 510 0.002044 2
881 179 955 210 0.002038 2
1053 221 1073 247 0.001992 2
1263 245 1279 270 0.001992 2
607 451 624 468 0.001968 2
981 198 1058 237 0.001957 2
902 456 913 464 0.001910 2
1005 206 1026 249 0.001908 2
640 456 654 461 0.001902 2
608 201 637 215 0.001883 2
664 454 673 463 0.001879 2
655 424 704 467 0.001862 2
1052 216 1067 236 0.001850 2
623 322 671 373 0.001828 2
903 190 954 210 0.001803 2
623 322 682 373 0.001793 2
463 410 497 446 0.001760 2
0 403 32 423 0.001701 2
0 393 32 423 0.001699 2
599 463 608 469 0.001672 2
1150 208 1167 222 0.001651 2
625 373 636 383 0.001619 2
614 200 646 215 0.001606 2
1184 502 1200 512 0.001601 2
924 199 954 209 0.001599 2
865 176 941 228 0.001574 2
1232 504 1240 510 0.001573 2
981 204 1028 252 0.001562 2
461 425 496 446 0.001561 2
655 375 689 387 0.001560 2
592 446 624 466 0.001529 2
488 202 535 239 0.001517 2
972 213 994 253 0.001507 2
652 375 689 396 0.001502 2
1096 221 1126 254 0.001480 2
1190 496 1200 504 0.001460 2
890 185 955 211 0.001457 2
1007 186 1057 232 0.001449 2
429 424 464 442 0.001441 2
1053 222 1066 244 0.001418 2
803 184 852 239 0.001413 2
955 206 993 251 0.001413 2
628 372 688 400 0.001410 2
76 235 115 257 0.001400 2
293 176 307 198 0.001392 2
974 207 997 254 0.001389 2
1019 196 1052 230 0.001350 2
1166 213 1190 243 0.001347 2
623 323 663 374 0.001340 2
877 208 993 258 0.001335 2
1263 358 1279 395 0.001328 2
967 480 988 487 0.001317 2
1261 168 1279 180 0.001312 2
159 243 192 276 0.001310 2
47 398 64 423 0.001290 2
895 476 924 487 0.001289 2
1151 500 1165 510 0.001284 2
894 182 955 210 0.001271 2
505 429 528 448 0.001266 2
448 413 501 444 0.001258 2
623 321 664 378 0.001254 2
78 236 116 259 0.001251 2
960 205 987 224 0.001249 2
609 201 646 216 0.001242 2
749 695 813 703 0.001225 2
959 210 1017 260 0.001202 2
76 234 119 261 0.001201 2
511 339 521 349 0.001194 2
1270 199 1279 265 0.001193 2
158 416 170 423 0.001177 2
947 207 995 257 0.001171 2
0 392 17 411 0.001167 2
1165 209 1187 222 0.001160 2
975 183 1050 230 0.001117 2
1260 199 1279 267 0.001116 2
668 383 686 395 0.001114 2
776 464 799 474 0.001095 2
69 399 180 424 0.001091 2
1124 64 1152 75 0.001064 2
590 447 619 468 0.001059 2
0 393 17 409 0.001055 2
639 423 652 435 0.001047 2
598 373 693 436 0.001046 2
972 203 1068 257 0.001033 2
1078 203 1166 256 0.001031 2
1259 198 1279 266 0.001030 2
105 237 157 264 0.001027 2
680 383 688 395 0.001013 2
0 255 323 395 0.001007 2
1131 276 1279 355 0.000989 2
980 198 1067 254 0.000989 2
1110 471 1121 477 0.000977 2
988 198 1024 227 0.000970 2
1264 323 1279 369 0.000963 2
81 399 180 425 0.000961 2
589 194 618 214 0.000943 2
873 178 943 203 0.000932 2
622 403 664 429 0.000929 2
740 695 814 703 0.000927 2
157 234 224 276 0.000923 2
1263 367 1279 397 0.000919 2
430 423 463 441 0.000900 2
635 386 674 429 0.000891 2
1080 197 1127 245 0.000890 2
1263 366 1279 390 0.000888 2
640 374 689 394 0.000884 2
1200 495 1215 505 0.000880 2
870 208 990 261 0.000878 2
591 422 626 466 0.000875 2
308 186 333 199 0.000872 2
465 409 504 445 0.000869 2
1263 366 1279 400 0.000867 2
1175 381 1184 392 0.000858 2
125 236 193 264 0.000858 2
914 472 936 484 0.000857 2
1198 471 1216 481 0.000856 2
907 193 952 252 0.000846 2
776 471 794 476 0.000844 2
896 178 952 206 0.000842 2
1192 471 1216 480 0.000830 2
318 202 334 231 0.000826 2
42 399 100 424 0.000812 2
628 373 689 406 0.000807 2
504 329 514 335 0.000800 2
758 695 812 703 0.000796 2
623 314 685 368 0.000796 2
157 407 176 423 0.000794 2
913 455 923 464 0.000790 2
596 422 621 434 0.000788 2
486 205 524 245 0.000782 2
975 250 988 261 0.000778 2
90 398 177 423 0.000777 2
1260 199 1279 240 0.000773 2
962 214 1002 261 0.000771 2
860 208 982 259 0.000770 2
0 394 19 422 0.000769 2
607 454 624 470 0.000766 2
774 471 794 476 0.000764 2
671 450 695 467 0.000763 2
655 450 673 462 0.000760 2
623 319 672 367 0.000758 2
1263 252 1279 271 0.000754 2
598 198 650 217 0.000752 2
622 321 661 379 0.000745 2
666 424 698 441 0.000739 2
294 200 332 232 0.000738 2
658 449 686 463 0.000735 2
590 206 607 214 0.000731 2
1195 373 1270 413 0.000722 2
1225 161 1279 181 0.000718 2
157 236 226 279 0.000717 2
1206 353 1271 413 0.000717 2
159 237 192 276 0.000711 2
487 409 528 448 0.000710 2
159 241 192 275 0.000701 2
1194 375 1264 419 0.000700 2
591 448 608 458 0.000698 2
680 452 703 467 0.000692 2
992 199 1067 255 0.000689 2
605 457 624 470 0.000684 2
964 196 1050 257 0.000684 2
152 398 176 422 0.000684 2
1018 440 1040 455 0.000673 2
881 192 955 287 0.000672 2
109 408 127 425 0.000671 2
661 273 689 283 0.000671 2
822 471 831 477 0.000668 2
848 439 867 454 0.000666 2
624 373 659 395 0.000662 2
929 207 977 255 0.000661 2
430 426 461 441 0.000658 2
102 400 174 425 0.000648 2
108 400 156 426 0.000644 2
897 472 922 483 0.000642 2
447 407 507 445 0.000636 2
155 398 185 422 0.000636 2
0 400 31 423 0.000634 2
823 329 847 359 0.000634 2
649 433 704 468 0.000631 2
1226 196 1257 234 0.000628 2
876 177 947 204 0.000624 2
429 423 464 458 0.000622 2
0 391 17 406 0.000614 2
247 412 264 424 0.000612 2
656 426 695 441 0.000610 2
0 391 17 408 0.000607 2
99 401 128 426 0.000597 2
990 357 1024 401 0.000596 2
1192 375 1250 420 0.000595 2
1192 198 1268 267 0.000592 2
495 408 511 424 0.000587 2
1167 379 1211 404 0.000585 2
660 423 699 440 0.000580 2
1122 64 1152 79 0.000578 2
974 247 992 261 0.000577 2
659 445 703 467 0.000577 2
1063 464 1072 471 0.000573 2
1262 169 1279 208 0.000572 2
678 453 705 470 0.000569 2
1129 259 1279 356 0.000567 2
651 424 699 442 0.000566 2
923 455 937 464 0.000565 2
1263 197 1279 235 0.000564 2
503 310 529 336 0.000559 2
431 423 490 445 0.000551 2
1150 471 1162 479 0.000550 2
959 481 972 487 0.000546 2
447 423 472 442 0.000536 2
31 265 48 294 0.000535 2
670 452 709 471 0.000531 2
0 439 8 445 0.000529 2
643 402 673 431 0.000525 2
161 395 214 419 0.000524 2
1262 168 1279 245 0.000517 2
519 372 692 448 0.000515 2
190 393 224 416 0.000512 2
1 393 67 423 0.000508 2
635 374 672 402 0.000508 2
77 399 181 422 0.000507 2
462 428 496 447 0.000505 2
40 400 100 426 0.000503 2
41 399 105 425 0.000499 2
687 375 696 384 0.000496 2
599 319 607 328 0.000493 2
580 424 623 462 0.000493 2
20 200 35 206 0.000492 2
9 398 66 423 0.000490 2
535 389 705 466 0.000489 2
986 355 1024 395 0.000489 2
922 201 979 251 0.000487 2
623 322 660 365 0.000485 2
1216 195 1258 236 0.000483 2
873 454 932 486 0.000482 2
38 400 96 425 0.000480 2
1101 176 1210 254 0.000480 2
1015 441 1025 448 0.000479 2
494 408 517 425 0.000471 2
503 312 527 343 0.000467 2
803 184 852 220 0.000466 2
92 398 184 421 0.000461 2
1263 367 1279 404 0.000460 2
1052 212 1079 245 0.000460 2
564 202 576 215 0.000459 2
626 377 674 428 0.000458 2
503 312 522 336 0.000453 2
1223 161 1277 219 0.000452 2
576 423 625 466 0.000451 2
109 406 128 426 0.000450 2
624 322 676 380 0.000448 2
638 423 656 460 0.000444 2
495 408 512 423 0.000440 2
671 456 697 471 0.000439 2
481 204 514 223 0.000438 2
1204 375 1236 414 0.000436 2
0 404 28 423 0.000432 2
1100 224 1114 253 0.000432 2
452 305 519 346 0.000431 2
1208 177 1258 234 0.000431 2
31 258 49 294 0.000427 2
960 480 977 487 0.000427 2
929 223 963 254 0.000426 2
52 400 96 424 0.000426 2
453 306 513 348 0.000424 2
719 330 753 377 0.000422 2
671 385 687 399 0.000420 2
1225 162 1270 181 0.000418 2
596 360 624 388 0.000417 2
502 297 531 338 0.000416 2
850 439 874 455 0.000416 2
60 255 93 267 0.000410 2
1119 64 1134 76 0.000408 2
494 408 548 430 0.000408 2
719 323 746 341 0.000407 2
590 450 608 462 0.000407 2
0 393 85 423 0.000404 2
1196 374 1258 426 0.000401 2
640 385 678 431 0.000400 2
1224 160 1279 182 0.000400 2
1262 169 1279 183 0.000397 2
0 395 75 423 0.000397 2
1149 342 1198 367 0.000396 2
176 395 209 418 0.000396 2
191 392 224 413 0.000393 2
1019 439 1040 454 0.000392 2
627 408 658 431 0.000389 2
758 690 816 703 0.000385 2
503 312 516 335 0.000384 2
733 681 815 703 0.000383 2
639 374 688 406 0.000383 2
947 208 978 254 0.000379 2
100 397 177 421 0.000377 2
870 177 939 201 0.000375 2
175 395 194 416 0.000374 2
958 207 978 218 0.000372 2
1214 347 1270 391 0.000369 2
193 243 223 264 0.000368 2
1077 216 1123 234 0.000365 2
634 369 678 391 0.000365 2
990 346 1024 382 0.000363 2
240 446 320 469 0.000357 2
720 216 735 234 0.000354 2
244 410 264 424 0.000353 2
120 409 141 425 0.000352 2
53 401 130 425 0.000352 2
682 455 711 471 0.000351 2
719 334 757 375 0.000351 2
1231 347 1266 376 0.000343 2
720 323 744 339 0.000342 2
901 135 938 152 0.000339 2
640 462 649 471 0.000338 2
645 437 656 461 0.000332 2
95 404 130 426 0.000326 2
273 184 293 192 0.000324 2
1231 298 1279 361 0.000324 2
1186 276 1214 285 0.000323 2
0 277 6 293 0.000321 2
867 221 881 242 0.000319 2
1102 200 1125 243 0.000318 2
862 135 938 153 0.000318 2
503 310 529 340 0.000316 2
1206 374 1272 409 0.000316 2
592 360 624 391 0.000314 2
64 403 96 425 0.000314 2
230 206 242 216 0.000314 2
1230 344 1272 377 0.000313 2
982 481 991 487 0.000308 2
719 323 746 346 0.000308 2
851 135 939 153 0.000305 2
604 358 620 375 0.000303 2
356 217 368 228 0.000301 2
989 344 1019 379 0.000300 2
328 191 340 200 0.000300 2
57 254 90 278 0.000299 2
877 473 929 489 0.000296 2
58 254 93 278 0.000295 2
920 198 957 238 0.000293 2
1178 162 1231 216 0.000293 2
625 367 643 383 0.000293 2
637 383 672 426 0.000293 2
1215 495 1244 511 0.000287 2
990 326 1025 384 0.000286 2
501 200 557 218 0.000284 2
623 371 658 401 0.000283 2
104 247 130 264 0.000282 2
1234 299 1279 368 0.000280 2
192 234 243 269 0.000280 2
109 400 176 424 0.000279 2
1056 465 1069 471 0.000278 2
176 392 214 418 0.000276 2
136 396 177 420 0.000274 2
191 244 224 277 0.000274 2
294 175 316 198 0.000272 2
462 428 497 456 0.000270 2
892 136 938 153 0.000269 2
1201 375 1269 413 0.000269 2
1224 161 1269 182 0.000267 2
464 391 522 438 0.000265 2
1245 180 1279 236 0.000264 2
327 448 401 472 0.000261 2
161 202 270 265 0.000261 2
866 173 939 227 0.000260 2
719 337 756 378 0.000260 2
335 402 390 470 0.000257 2
357 218 368 231 0.000256 2
866 176 941 221 0.000256 2
775 231 788 237 0.000255 2
302 187 332 233 0.000255 2
715 305 764 342 0.000255 2
45 438 64 446 0.000255 2
718 210 735 234 0.000255 2
1214 344 1273 379 0.000254 2
0 398 65 424 0.000254 2
1234 331 1279 406 0.000253 2
60 254 90 265 0.000252 2
445 398 500 446 0.000251 2
31 255 71 294 0.000251 2
1246 197 1278 237 0.000248 2
463 391 513 439 0.000248 2
39 254 92 286 0.000248 2
623 318 689 373 0.000247 2
1167 380 1202 402 0.000246 2
154 395 200 420 0.000245 2
522 209 541 229 0.000243 2
478 446 496 454 0.000242 2
1089 159 1220 231 0.000242 2
327 199 384 238 0.000241 2
1220 347 1266 377 0.000241 2
825 134 947 206 0.000236 2
196 236 242 267 0.000236 2
30 254 91 294 0.000233 2
962 198 991 217 0.000233 2
22 239 49 284 0.000231 2
493 407 597 436 0.000230 2
159 243 193 279 0.000229 2
183 241 222 278 0.000226 2
1117 471 1129 477 0.000225 2
528 168 568 216 0.000224 2
822 328 872 344 0.000224 2
461 427 496 455 0.000223 2
591 454 608 469 0.000223 2
44 436 82 450 0.000223 2
719 337 750 377 0.000222 2
688 454 719 470 0.000221 2
1217 366 1280 407 0.000221 2
1219 346 1267 389 0.000220 2
912 353 1024 407 0.000220 2
533 472 544 480 0.000220 2
485 368 696 460 0.000219 2
294 196 327 232 0.000218 2
193 239 222 265 0.000217 2
874 445 923 484 0.000217 2
901 176 937 193 0.000215 2
925 197 971 212 0.000214 2
591 361 624 392 0.000214 2
475 408 497 427 0.000213 2
226 208 251 236 0.000213 2
1165 471 1205 480 0.000212 2
1101 198 1151 248 0.000211 2
1230 290 1279 354 0.000209 2
1 282 23 295 0.000209 2
57 253 104 278 0.000209 2
1101 243 1121 256 0.000208 2
31 256 53 285 0.000208 2
912 472 941 486 0.000206 2
329 201 380 252 0.000205 2
473 407 515 430 0.000204 2
625 379 665 426 0.000204 2
158 218 247 278 0.000204 2
56 254 96 282 0.000203 2
0 280 5 294 0.000203 2
447 423 476 458 0.000201 2
735 678 813 703 0.000201 2
1222 274 1279 365 0.000200 2
1210 345 1274 383 0.000200 2
0 277 22 295 0.000200 2
623 323 658 366 0.000199 2
160 239 197 280 0.000196 2
222 210 254 242 0.000194 2
1229 292 1279 414 0.000192 2
38 399 100 422 0.000191 2
151 396 225 425 0.000190 2
272 178 311 198 0.000187 2
621 321 659 377 0.000187 2
39 395 131 424 0.000187 2
326 198 387 234 0.000186 2
1072 471 1131 485 0.000185 2
1216 371 1279 407 0.000184 2
124 234 196 281 0.000184 2
0 392 86 421 0.000183 2
1205 373 1279 412 0.000183 2
704 302 768 340 0.000182 2
336 405 385 459 0.000182 2
867 176 942 202 0.000182 2
271 182 312 200 0.000181 2
1166 270 1213 282 0.000181 2
719 317 745 335 0.000179 2
320 408 336 414 0.000179 2
1167 273 1219 286 0.000179 2
104 252 115 264 0.000178 2
97 397 129 425 0.000178 2
45 402 152 426 0.000177 2
903 184 955 208 0.000177 2
1005 184 1046 219 0.000176 2
109 399 130 420 0.000176 2
1007 184 1048 217 0.000176 2
174 396 212 424 0.000176 2
633 354 658 390 0.000175 2
102 240 162 279 0.000174 2
989 325 1027 374 0.000173 2
31 255 64 292 0.000172 2
1216 473 1224 481 0.000171 2
625 320 690 395 0.000170 2
720 324 749 345 0.000169 2
1262 249 1279 295 0.000169 2
335 404 385 452 0.000167 2
1255 249 1279 295 0.000167 2
253 446 319 469 0.000166 2
294 199 333 270 0.000166 2
774 465 800 477 0.000166 2
422 400 491 444 0.000165 2
207 447 239 469 0.000165 2
36 240 85 280 0.000164 2
175 392 211 424 0.000164 2
502 302 531 337 0.000164 2
833 276 1025 378 0.000164 2
447 430 464 457 0.000163 2
910 146 945 190 0.000163 2
622 407 643 424 0.000162 2
56 253 105 285 0.000162 2
989 336 1016 380 0.000161 2
0 398 32 461 0.000161 2
599 406 656 443 0.000161 2
446 397 500 442 0.000159 2
328 200 355 257 0.000159 2
32 403 61 423 0.000159 2
992 330 1041 360 0.000158 2
355 409 384 455 0.000158 2
1231 347 1264 381 0.000157 2
337 406 384 472 0.000156 2
44 437 81 449 0.000155 2
908 156 949 204 0.000155 2
52 567 96 591 0.000155 2
1167 271 1216 284 0.000153 2
468 391 498 403 0.000153 2
32 254 63 281 0.000152 2
320 200 355 241 0.000152 2
613 373 709 466 0.000152 2
1232 330 1270 369 0.000151 2
652 360 691 386 0.000151 2
1224 296 1279 418 0.000151 2
31 258 72 294 0.000150 2
651 367 690 387 0.000149 2
855 135 938 153 0.000148 2
1034 217 1083 255 0.000147 2
7 392 339 473 0.000147 2
206 187 267 237 0.000147 2
913 148 988 196 0.000146 2
467 391 482 399 0.000146 2
416 398 482 443 0.000144 2
867 176 939 207 0.000143 2
429 397 489 444 0.000143 2
1138 375 1212 414 0.000140 2
27 234 191 296 0.000139 2
1230 296 1279 356 0.000139 2
202 241 242 276 0.000138 2
662 273 688 284 0.000138 2
73 568 96 589 0.000138 2
830 417 848 424 0.000138 2
892 338 1024 408 0.000137 2
455 300 529 349 0.000137 2
0 430 8 446 0.000136 2
640 455 658 471 0.000136 2
208 446 238 464 0.000135 2
719 317 746 337 0.000135 2
623 312 676 360 0.000134 2
505 496 528 503 0.000133 2
719 328 743 348 0.000131 2
573 241 591 247 0.000131 2
719 355 737 377 0.000131 2
829 327 881 344 0.000130 2
455 305 497 345 0.000130 2
975 179 1055 223 0.000129 2
320 408 336 413 0.000128 2
875 277 1025 377 0.000128 2
1004 336 1025 376 0.000128 2
176 392 200 412 0.000128 2
309 190 343 231 0.000126 2
159 207 274 272 0.000126 2
192 241 236 277 0.000125 2
352 199 387 232 0.000125 2
1135 270 1219 345 0.000124 2
345 197 388 226 0.000123 2
31 235 198 304 0.000122 2
594 477 608 487 0.000120 2
219 407 265 424 0.000120 2
623 306 681 357 0.000120 2
240 446 321 489 0.000119 2
722 205 752 234 0.000119 2
329 200 370 275 0.000118 2
1048 455 1076 467 0.000117 2
517 407 559 426 0.000117 2
824 327 873 344 0.000116 2
719 335 739 376 0.000115 2
29 254 100 292 0.000115 2
921 146 984 185 0.000115 2
1152 347 1217 413 0.000115 2
417 197 454 209 0.000115 2
96 403 141 438 0.000114 2
0 245 194 396 0.000113 2
0 236 205 344 0.000113 2
150 214 303 283 0.000113 2
1170 274 1280 335 0.000112 2
185 247 225 288 0.000111 2
1171 289 1280 351 0.000111 2
477 391 506 414 0.000108 2
449 425 464 458 0.000108 2
0 392 66 420 0.000108 2
69 568 96 592 0.000108 2
623 317 666 357 0.000108 2
626 315 698 385 0.000107 2
275 261 296 295 0.000107 2
236 446 318 481 0.000107 2
997 437 1011 451 0.000106 2
1171 271 1280 317 0.000104 2
1139 278 1217 346 0.000103 2
1137 280 1228 349 0.000103 2
503 318 522 350 0.000102 2
367 348 384 376 0.000102 2
207 447 240 474 0.000102 2
897 146 996 216 0.000101 2
655 326 681 364 0.000101 2
413 396 480 437 0.000101 2
702 280 768 333 0.000100 2
477 174 525 218 0.006896 5
480 170 557 218 0.004194 5
1181 167 1279 268 0.003606 5
475 154 580 218 0.002647 5
479 174 517 217 0.002310 5
477 162 589 217 0.001869 5
478 172 522 218 0.001649 5
1057 256 1279 416 0.001643 5
1206 162 1279 257 0.001305 5
1262 170 1279 266 0.000869 5
828 135 939 165 0.000852 5
1092 158 1280 265 0.000818 5
823 135 939 167 0.000732 5
546 175 579 202 0.000631 5
1196 162 1279 239 0.000608 5
1262 164 1279 263 0.000551 5
1221 160 1279 241 0.000365 5
778 186 1244 331 0.000127 5
465 163 581 215 0.008475 6
719 257 1278 502 0.006289 6
465 154 581 216 0.006041 6
467 159 581 217 0.004775 6
677 244 1279 488 0.004021 6
772 259 1278 509 0.003461 6
640 254 1149 478 0.002839 6
495 170 580 209 0.002738 6
479 168 579 214 0.002570 6
829 453 1278 511 0.002368 6
507 171 579 205 0.002368 6
640 259 1100 475 0.002249 6
683 434 1274 498 0.002248 6
1096 161 1279 267 0.002077 6
826 464 1278 511 0.002074 6
692 435 1277 506 0.002064 6
485 167 579 208 0.001846 6
329 405 710 467 0.001797 6
488 159 581 206 0.001726 6
648 245 1268 499 0.001724 6
820 428 1278 509 0.001715 6
665 230 1279 480 0.001697 6
704 439 1276 511 0.001558 6
678 435 1250 490 0.001510 6
822 260 1278 507 0.001455 6
642 261 1036 433 0.001417 6
698 235 1279 427 0.001375 6
18 433 327 510 0.001325 6
483 159 579 207 0.001310 6
640 202 1053 378 0.001307 6
640 260 1070 428 0.001281 6
622 392 957 477 0.001232 6
640 265 963 375 0.001227 6
849 451 1164 489 0.001224 6
656 220 1273 502 0.001193 6
813 445 1277 508 0.001180 6
1019 469 1278 513 0.001178 6
884 260 1279 488 0.001155 6
556 312 958 480 0.001139 6
806 419 1278 509 0.001139 6
640 174 1093 383 0.001106 6
719 444 1275 516 0.001097 6
640 259 1097 449 0.001091 6
661 338 1271 498 0.001090 6
684 439 1276 516 0.001041 6
1082 150 1279 268 0.001036 6
641 263 1034 387 0.001032 6
420 398 712 467 0.001004 6
757 241 1279 418 0.000996 6
474 163 578 212 0.000986 6
1174 158 1279 269 0.000983 6
641 261 1073 401 0.000961 6
661 358 1216 490 0.000942 6
783 448 1276 515 0.000934 6
703 324 1277 512 0.000929 6
693 438 1161 483 0.000910 6
13 433 331 481 0.000905 6
667 206 1278 410 0.000898 6
830 135 939 165 0.000894 6
448 276 957 479 0.000849 6
572 263 959 481 0.000839 6
646 252 1237 450 0.000830 6
640 151 1153 387 0.000786 6
989 251 1279 462 0.000783 6
1040 248 1279 414 0.000770 6
838 451 1134 487 0.000759 6
677 348 1278 509 0.000735 6
461 396 956 475 0.000731 6
672 289 1276 505 0.000728 6
689 307 1278 510 0.000725 6
447 397 874 470 0.000725 6
664 435 1268 520 0.000695 6
739 437 881 479 0.000689 6
1040 274 1279 497 0.000648 6
830 135 939 168 0.000647 6
702 252 1263 490 0.000630 6
330 408 711 473 0.000615 6
704 177 1272 426 0.000614 6
645 208 1256 492 0.000605 6
1016 263 1279 494 0.000589 6
649 262 1099 383 0.000580 6
848 452 1181 490 0.000569 6
820 450 1026 487 0.000557 6
640 224 1130 382 0.000551 6
326 371 711 466 0.000550 6
492 182 544 220 0.000539 6
446 255 958 478 0.000535 6
687 438 1083 482 0.000527 6
660 355 1094 484 0.000527 6
416 298 947 472 0.000518 6
835 447 1025 487 0.000510 6
827 135 939 176 0.000504 6
830 134 939 160 0.000500 6
381 246 948 474 0.000487 6
4 402 336 478 0.000479 6
829 134 939 157 0.000456 6
817 446 1034 487 0.000444 6
645 244 1206 396 0.000424 6
728 431 884 479 0.000420 6
363 406 766 473 0.000410 6
640 250 1029 474 0.000403 6
731 438 879 478 0.000402 6
694 201 1277 361 0.000390 6
1023 426 1280 512 0.000390 6
841 432 1027 487 0.000387 6
642 352 1078 482 0.000387 6
655 175 1256 453 0.000387 6
436 162 681 215 0.000384 6
0 432 370 484 0.000374 6
403 369 716 465 0.000373 6
1019 434 1278 512 0.000354 6
424 406 931 476 0.000345 6
1022 422 1280 485 0.000343 6
436 162 686 225 0.000339 6
655 183 1134 381 0.000337 6
992 421 1278 511 0.000324 6
710 175 1270 387 0.000322 6
493 413 953 477 0.000317 6
0 65 340 401 0.000314 6
1016 422 1280 479 0.000303 6
859 448 1113 486 0.000292 6
1085 64 1280 276 0.000292 6
1041 417 1279 471 0.000279 6
650 177 1175 388 0.000267 6
1077 417 1278 469 0.000247 6
1069 66 1279 280 0.000239 6
617 252 959 473 0.000221 6
659 174 1241 402 0.000217 6
1007 415 1280 472 0.000210 6
857 452 1152 496 0.000203 6
641 342 1042 480 0.000197 6
822 134 940 158 0.000197 6
654 432 1216 530 0.000192 6
428 90 606 220 0.000191 6
557 178 665 217 0.000181 6
681 236 1249 464 0.000180 6
3 393 362 481 0.000174 6
227 445 320 469 0.000173 6
730 441 880 479 0.000168 6
424 82 598 218 0.000164 6
1067 423 1279 488 0.000163 6
2 66 378 392 0.000161 6
372 64 709 233 0.000148 6
1008 408 1274 470 0.000142 6
333 64 702 253 0.000135 6
657 434 1010 481 0.000135 6
492 156 644 210 0.000134 6
0 119 331 397 0.000128 6
0 187 325 397 0.000125 6
640 322 991 480 0.000125 6
19 393 238 483 0.000121 6
823 410 1132 487 0.000117 6
460 148 686 219 0.000113 6
251 446 320 470 0.000113 6
720 345 870 477 0.000111 6
646 421 1162 541 0.000108 6
819 128 939 167 0.000105 6
837 452 1123 492 0.000104 6
153 171 276 228 0.000103 6
802 177 952 242 0.269529 7
864 177 951 240 0.220039 7
817 177 953 241 0.196802 7
843 177 953 241 0.137570 7
801 169 946 242 0.096393 7
705 152 957 243 0.047666 7
1134 274 1279 415 0.038877 7
709 152 859 238 0.037886 7
866 176 945 238 0.036830 7
866 176 943 231 0.036080 7
783 164 952 242 0.030132 7
587 183 622 214 0.026142 7
737 153 859 239 0.018398 7
865 175 994 255 0.015054 7
802 183 854 241 0.014192 7
866 176 932 238 0.012961 7
1184 176 1279 268 0.012510 7
709 153 805 237 0.012100 7
801 135 948 241 0.011739 7
709 152 822 237 0.011694 7
706 152 856 246 0.010462 7
866 177 909 241 0.010207 7
587 184 654 216 0.009920 7
802 154 859 240 0.009700 7
802 177 857 240 0.009522 7
690 152 970 273 0.009349 7
802 170 857 230 0.006889 7
846 177 922 243 0.006594 7
587 184 622 211 0.006140 7
802 175 856 234 0.005862 7
843 176 974 264 0.005180 7
831 177 943 250 0.005168 7
689 151 989 282 0.004988 7
1181 169 1280 268 0.004862 7
845 176 929 241 0.004848 7
587 188 653 215 0.004578 7
866 180 959 256 0.004298 7
834 174 963 253 0.003988 7
801 184 862 241 0.003952 7
1129 268 1279 353 0.003911 7
1261 186 1279 268 0.003858 7
684 155 976 258 0.003751 7
1204 173 1279 268 0.003684 7
578 184 621 213 0.003455 7
708 153 804 225 0.003407 7
587 183 621 206 0.003406 7
1133 275 1279 354 0.003367 7
1184 219 1279 268 0.003327 7
803 183 854 233 0.003274 7
587 185 657 218 0.002934 7
1126 159 1279 418 0.002873 7
1262 197 1279 267 0.002791 7
1002 195 1057 229 0.002690 7
1182 206 1279 270 0.002564 7
640 138 1094 386 0.002451 7
640 145 1044 381 0.002373 7
1219 170 1279 266 0.002088 7
803 159 858 220 0.002074 7
586 184 663 218 0.002010 7
985 194 1061 230 0.001992 7
860 193 980 272 0.001981 7
921 204 977 254 0.001934 7
1055 149 1280 419 0.001908 7
866 176 936 233 0.001886 7
999 196 1063 246 0.001821 7
855 207 987 258 0.001818 7
850 180 961 267 0.001708 7
803 171 859 236 0.001686 7
1261 200 1279 268 0.001610 7
1093 265 1280 356 0.001606 7
1262 183 1279 267 0.001595 7
674 151 926 289 0.001522 7
750 152 804 207 0.001492 7
798 141 957 247 0.001484 7
981 189 1060 230 0.001483 7
1006 185 1055 229 0.001362 7
933 205 976 254 0.001295 7
1000 185 1047 227 0.001241 7
941 208 975 255 0.001149 7
814 134 951 249 0.001114 7
1061 252 1280 353 0.001065 7
292 199 387 279 0.001048 7
861 197 968 277 0.001033 7
479 173 525 217 0.001017 7
801 149 904 240 0.001006 7
862 196 958 287 0.000940 7
587 173 660 216 0.000893 7
704 133 960 248 0.000843 7
295 200 332 232 0.000838 7
1198 167 1279 238 0.000789 7
641 135 1144 388 0.000781 7
942 209 975 256 0.000751 7
1130 275 1168 346 0.000703 7
708 302 768 344 0.000684 7
852 132 953 240 0.000600 7
763 152 806 227 0.000595 7
577 174 623 212 0.000579 7
500 177 634 215 0.000562 7
1179 166 1230 219 0.000562 7
758 152 806 209 0.000550 7
697 152 801 236 0.000510 7
919 198 970 254 0.000485 7
716 300 769 344 0.000483 7
841 169 1072 278 0.000436 7
702 152 802 220 0.000431 7
757 152 804 235 0.000400 7
841 191 977 290 0.000393 7
937 169 1066 254 0.000393 7
800 141 993 256 0.000387 7
505 165 642 211 0.000384 7
854 195 1026 289 0.000362 7
292 198 387 287 0.000330 7
704 192 732 248 0.000324 7
1179 165 1228 213 0.000323 7
750 152 804 233 0.000314 7
847 170 918 235 0.000308 7
978 168 1067 233 0.000306 7
957 156 1067 237 0.000301 7
704 133 863 233 0.000299 7
1066 231 1193 367 0.000285 7
1235 179 1280 235 0.000282 7
704 302 768 341 0.000281 7
867 155 901 231 0.000280 7
586 165 622 211 0.000266 7
1185 159 1278 242 0.000261 7
715 153 792 216 0.000251 7
1230 288 1279 412 0.000245 7
1145 274 1168 345 0.000238 7
738 132 869 233 0.000232 7
705 297 768 344 0.000227 7
705 272 853 346 0.000224 7
1230 283 1279 404 0.000223 7
997 186 1121 240 0.000223 7
827 162 1165 292 0.000204 7
1232 277 1279 413 0.000202 7
1166 302 1280 358 0.000198 7
707 276 858 367 0.000194 7
691 182 735 236 0.000193 7
1006 182 1065 225 0.000190 7
756 152 805 206 0.000190 7
1165 301 1280 353 0.000187 7
1222 178 1274 236 0.000184 7
926 152 1061 246 0.000178 7
910 153 997 245 0.000176 7
959 468 976 487 0.000171 7
494 140 895 259 0.000170 7
702 155 753 223 0.000168 7
718 153 778 233 0.000168 7
1133 271 1228 346 0.000166 7
1000 164 1066 235 0.000163 7
848 189 1090 283 0.000160 7
727 99 1125 285 0.000157 7
207 193 457 364 0.000153 7
1139 285 1279 415 0.000152 7
1142 266 1168 351 0.000146 7
709 153 753 218 0.000143 7
685 82 959 248 0.000131 7
901 150 988 214 0.000127 7
335 410 388 473 0.000127 7
730 152 803 203 0.000125 7
1233 177 1279 220 0.000125 7
734 82 1193 295 0.000123 7
833 185 1195 298 0.000120 7
896 279 1024 394 0.000119 7
703 264 852 346 0.000109 7
716 153 753 215 0.000108 7
801 130 925 237 0.000108 7
802 195 1148 315 0.000108 7
717 173 766 235 0.000108 7
707 153 862 278 0.000105 7
706 137 831 224 0.000103 7
716 152 799 212 0.000101 7
912 277 1039 393 0.000100 7
1089 150 1103 177 0.536682 9
513 152 524 182 0.368102 9
513 151 524 185 0.172280 9
513 151 525 183 0.133931 9
513 152 524 187 0.090906 9
513 150 524 182 0.073251 9
239 177 247 190 0.067373 9
895 155 907 177 0.065264 9
449 157 490 171 0.064739 9
895 156 906 176 0.064227 9
372 167 382 185 0.063764 9
513 151 526 186 0.046551 9
867 152 880 169 0.038491 9
313 151 341 191 0.032045 9
449 157 490 170 0.031561 9
366 167 374 188 0.026386 9
1088 151 1102 185 0.025518 9
366 167 374 188 0.024502 9
625 174 636 197 0.024099 9
362 167 368 189 0.023943 9
372 167 381 186 0.023593 9
1207 172 1215 185 0.021393 9
523 183 536 196 0.021304 9
895 152 908 177 0.021057 9
225 183 232 197 0.020104 9
559 184 567 193 0.018265 9
625 170 636 196 0.017991 9
1214 167 1224 206 0.017828 9
1014 140 1024 169 0.017415 9
257 180 262 191 0.017390 9
1155 165 1167 184 0.017242 9
864 151 880 169 0.017036 9
1198 383 1206 400 0.016458 9
1198 384 1207 416 0.016381 9
448 157 490 183 0.016334 9
1013 139 1024 172 0.015844 9
464 170 471 184 0.015463 9
239 175 249 192 0.015346 9
1089 150 1103 184 0.015166 9
862 166 869 184 0.015059 9
111 151 128 164 0.014139 9
554 173 569 199 0.012820 9
552 172 572 199 0.012275 9
512 145 525 182 0.012047 9
361 167 368 189 0.011825 9
863 165 870 183 0.011653 9
1197 383 1207 410 0.011397 9
257 142 268 160 0.011103 9
1197 383 1208 415 0.010216 9
1207 167 1216 186 0.009982 9
1089 149 1103 189 0.009726 9
1213 167 1225 208 0.009607 9
847 151 858 166 0.009546 9
448 157 490 179 0.009465 9
258 143 268 160 0.009355 9
365 167 374 189 0.009295 9
878 153 889 170 0.009082 9
68 168 80 178 0.008937 9
95 152 104 175 0.008923 9
259 142 268 160 0.008478 9
638 168 652 184 0.008252 9
111 151 128 165 0.008176 9
625 172 636 196 0.007920 9
511 169 548 195 0.007608 9
552 172 574 200 0.007560 9
216 184 224 197 0.007342 9
313 151 341 195 0.007174 9
625 168 638 196 0.007067 9
866 151 880 177 0.007038 9
625 177 640 197 0.006962 9
990 679 1009 703 0.006709 9
522 183 536 197 0.006625 9
638 164 653 184 0.006387 9
94 152 104 176 0.006038 9
1088 150 1110 177 0.005988 9
358 167 367 190 0.005947 9
225 184 232 199 0.005919 9
1192 383 1206 401 0.005913 9
240 166 248 191 0.005865 9
848 182 858 204 0.005822 9
515 167 547 186 0.005785 9
895 151 909 177 0.005689 9
224 182 233 196 0.005628 9
1191 384 1204 401 0.005531 9
544 168 552 195 0.005490 9
1154 165 1167 184 0.005427 9
543 192 550 201 0.005411 9
512 154 525 192 0.005340 9
544 168 553 199 0.005280 9
638 160 644 168 0.005259 9
1211 167 1226 208 0.005206 9
1047 156 1055 169 0.005043 9
625 170 639 197 0.005035 9
814 144 822 154 0.004969 9
664 153 671 174 0.004956 9
312 149 350 189 0.004892 9
639 168 655 184 0.004821 9
576 180 582 200 0.004734 9
665 181 671 195 0.004574 9
519 170 546 185 0.004554 9
606 176 613 184 0.004525 9
1007 137 1023 173 0.004517 9
1210 167 1227 209 0.004467 9
1154 160 1168 184 0.004340 9
518 168 547 183 0.004326 9
543 169 558 201 0.004296 9
1196 382 1216 416 0.004295 9
1011 138 1025 173 0.004288 9
482 174 495 183 0.004178 9
663 154 671 173 0.004148 9
638 167 655 184 0.004030 9
546 172 581 202 0.004010 9
882 154 894 171 0.003942 9
313 152 350 194 0.003877 9
694 176 703 192 0.003866 9
840 152 850 163 0.003822 9
739 201 745 214 0.003804 9
1081 175 1088 183 0.003791 9
1007 138 1022 172 0.003784 9
479 147 535 219 0.003719 9
217 187 224 204 0.003706 9
895 155 908 177 0.003667 9
1191 163 1202 186 0.003630 9
698 127 705 152 0.003591 9
587 169 594 185 0.003581 9
810 160 855 179 0.003557 9
848 182 858 218 0.003309 9
521 181 546 198 0.003274 9
693 177 703 199 0.003203 9
812 157 858 180 0.003145 9
446 156 490 182 0.003131 9
1006 136 1023 174 0.003104 9
556 181 571 200 0.003087 9
587 167 593 185 0.003077 9
699 131 704 152 0.003024 9
119 64 160 77 0.003021 9
447 156 490 186 0.003014 9
588 173 601 185 0.002985 9
447 154 490 170 0.002953 9
1230 168 1247 181 0.002933 9
256 178 262 191 0.002914 9
638 168 653 185 0.002905 9
1191 165 1201 186 0.002882 9
801 143 811 156 0.002868 9
67 168 80 200 0.002864 9
879 152 897 174 0.002842 9
1208 167 1225 206 0.002824 9
1155 165 1167 183 0.002811 9
513 151 544 188 0.002802 9
587 165 603 185 0.002749 9
1013 135 1025 170 0.002732 9
814 147 823 160 0.002720 9
1187 160 1202 186 0.002645 9
1089 152 1106 178 0.002587 9
543 168 573 201 0.002545 9
1146 165 1154 185 0.002537 9
1006 137 1023 172 0.002518 9
67 168 80 178 0.002474 9
836 687 849 703 0.002465 9
313 149 340 191 0.002403 9
831 135 861 167 0.002343 9
1202 406 1215 416 0.002297 9
1229 167 1247 181 0.002281 9
767 103 783 136 0.002268 9
119 64 157 74 0.002164 9
111 136 128 165 0.002046 9
1041 155 1054 169 0.002041 9
1092 150 1110 176 0.001995 9
173 64 201 90 0.001992 9
696 122 705 153 0.001947 9
767 104 784 136 0.001942 9
546 168 575 202 0.001936 9
1043 152 1056 169 0.001932 9
1214 368 1223 388 0.001907 9
876 153 893 176 0.001881 9
119 64 160 78 0.001880 9
580 64 596 92 0.001871 9
550 176 579 201 0.001855 9
664 328 679 349 0.001847 9
248 177 258 192 0.001842 9
951 348 960 368 0.001842 9
970 175 976 186 0.001821 9
1097 130 1105 156 0.001768 9
660 152 671 174 0.001766 9
992 145 1000 167 0.001762 9
700 117 720 154 0.001756 9
1172 149 1184 163 0.001740 9
809 160 857 187 0.001706 9
665 328 680 348 0.001679 9
569 136 581 162 0.001673 9
312 147 351 190 0.001660 9
373 172 385 200 0.001642 9
664 321 680 349 0.001592 9
841 119 860 135 0.001590 9
612 154 624 173 0.001589 9
665 186 671 202 0.001584 9
531 408 544 428 0.001574 9
840 119 858 135 0.001570 9
1104 163 1148 186 0.001548 9
665 152 671 173 0.001537 9
844 119 865 136 0.001527 9
680 171 687 185 0.001525 9
1208 166 1227 210 0.001518 9
848 151 862 167 0.001515 9
885 153 899 177 0.001506 9
1146 165 1155 185 0.001501 9
448 158 491 178 0.001490 9
1181 171 1202 216 0.001483 9
960 340 968 352 0.001468 9
845 151 865 169 0.001468 9
767 110 779 136 0.001458 9
340 165 351 186 0.001455 9
841 118 865 136 0.001447 9
638 164 655 184 0.001447 9
950 347 960 388 0.001419 9
701 126 713 154 0.001418 9
681 180 689 195 0.001417 9
613 152 625 168 0.001400 9
835 154 856 172 0.001393 9
975 168 992 185 0.001369 9
991 140 1000 170 0.001367 9
256 128 268 160 0.001367 9
119 64 201 87 0.001359 9
1056 152 1065 172 0.001357 9
500 152 580 210 0.001356 9
809 79 836 89 0.001354 9
492 149 524 193 0.001333 9
536 170 575 201 0.001333 9
1106 164 1148 185 0.001331 9
1105 163 1141 185 0.001319 9
410 179 418 202 0.001318 9
809 78 849 90 0.001308 9
119 64 170 78 0.001301 9
566 138 581 162 0.001286 9
1140 159 1168 184 0.001280 9
712 598 720 615 0.001280 9
480 175 495 187 0.001280 9
735 135 752 154 0.001269 9
663 292 683 350 0.001242 9
1100 137 1110 160 0.001241 9
959 136 973 160 0.001239 9
609 176 621 185 0.001228 9
576 181 582 201 0.001227 9
352 164 362 190 0.001209 9
154 64 202 90 0.001208 9
665 171 671 190 0.001203 9
213 164 221 177 0.001201 9
1191 382 1211 415 0.001196 9
841 119 861 135 0.001186 9
119 64 198 84 0.001184 9
1043 156 1055 170 0.001178 9
242 176 259 192 0.001164 9
654 152 671 175 0.001157 9
581 64 597 93 0.001157 9
681 164 688 182 0.001153 9
574 135 581 158 0.001150 9
477 169 580 218 0.001149 9
1184 163 1202 186 0.001146 9
1211 166 1229 209 0.001142 9
653 154 663 175 0.001142 9
349 164 373 191 0.001128 9
68 171 80 199 0.001125 9
1000 135 1010 182 0.001112 9
596 64 625 92 0.001109 9
376 163 408 184 0.001091 9
1190 381 1213 419 0.001085 9
664 327 680 350 0.001082 9
220 176 249 193 0.001079 9
210 167 218 176 0.001078 9
432 171 446 192 0.001064 9
166 64 176 75 0.001048 9
830 687 849 703 0.001044 9
704 120 720 154 0.001043 9
853 289 864 312 0.001041 9
119 64 187 81 0.001039 9
223 177 236 195 0.001026 9
486 145 525 182 0.001015 9
1227 167 1247 180 0.001012 9
811 76 849 91 0.001012 9
993 137 1001 170 0.001006 9
802 135 826 159 0.001005 9
583 64 625 93 0.000993 9
1231 98 1250 160 0.000983 9
1255 619 1263 642 0.000973 9
480 174 495 194 0.000969 9
480 175 495 196 0.000968 9
489 147 524 183 0.000968 9
339 166 351 188 0.000967 9
118 64 182 79 0.000961 9
692 168 703 181 0.000961 9
1118 602 1129 632 0.000958 9
1198 134 1207 180 0.000958 9
1016 151 1034 169 0.000947 9
811 161 859 184 0.000942 9
959 119 969 133 0.000932 9
701 126 714 153 0.000932 9
532 408 544 429 0.000931 9
693 176 700 192 0.000925 9
95 183 101 200 0.000922 9
415 177 421 203 0.000921 9
959 119 975 134 0.000917 9
596 149 608 164 0.000917 9
990 678 1020 703 0.000906 9
830 689 841 703 0.000901 9
410 177 418 195 0.000900 9
847 151 870 183 0.000898 9
805 130 835 159 0.000898 9
1056 151 1065 165 0.000890 9
1183 165 1202 186 0.000888 9
600 164 621 185 0.000885 9
1184 157 1202 187 0.000885 9
975 144 987 153 0.000882 9
1037 150 1056 169 0.000876 9
701 118 716 128 0.000874 9
666 309 682 346 0.000871 9
604 163 617 184 0.000871 9
1013 135 1040 170 0.000869 9
1181 163 1204 217 0.000866 9
1015 145 1040 168 0.000864 9
432 170 446 194 0.000863 9
1198 134 1206 184 0.000862 9
999 135 1009 174 0.000852 9
960 135 976 161 0.000852 9
1105 165 1136 186 0.000851 9
700 118 719 128 0.000837 9
852 282 864 312 0.000830 9
1192 379 1219 415 0.000828 9
257 177 271 195 0.000826 9
414 176 421 202 0.000822 9
609 154 623 182 0.000819 9
809 154 855 179 0.000815 9
1098 133 1111 160 0.000813 9
689 118 710 153 0.000809 9
1088 143 1104 177 0.000809 9
294 176 306 197 0.000807 9
960 135 986 163 0.000804 9
388 198 396 206 0.000799 9
835 119 860 135 0.000797 9
256 177 268 194 0.000797 9
1088 146 1103 177 0.000793 9
566 144 580 162 0.000792 9
1024 150 1040 160 0.000791 9
447 157 496 170 0.000789 9
95 182 102 200 0.000783 9
1248 346 1261 360 0.000779 9
386 197 397 206 0.000772 9
1247 344 1262 358 0.000772 9
831 134 902 168 0.000763 9
606 158 619 179 0.000760 9
691 118 706 153 0.000752 9
519 179 549 201 0.000751 9
45 319 56 343 0.000748 9
701 118 720 128 0.000746 9
569 164 580 179 0.000742 9
120 64 182 84 0.000740 9
312 139 388 195 0.000740 9
344 182 353 199 0.000739 9
799 131 834 159 0.000716 9
1099 125 1141 166 0.000714 9
704 169 711 179 0.000711 9
334 184 344 199 0.000707 9
1097 129 1104 145 0.000703 9
1221 407 1231 423 0.000701 9
1088 157 1100 196 0.000689 9
649 157 656 179 0.000683 9
513 141 545 186 0.000683 9
1078 160 1099 184 0.000682 9
312 70 370 195 0.000678 9
1001 173 1009 186 0.000672 9
119 64 201 90 0.000670 9
294 176 307 198 0.000666 9
159 64 182 88 0.000663 9
1103 165 1134 198 0.000658 9
95 152 106 174 0.000657 9
1044 154 1056 183 0.000652 9
690 168 700 180 0.000647 9
1075 150 1102 186 0.000645 9
809 76 851 90 0.000641 9
273 185 279 194 0.000640 9
1150 337 1168 360 0.000638 9
1192 377 1233 423 0.000636 9
119 64 178 78 0.000635 9
1230 98 1249 166 0.000634 9
690 118 704 154 0.000633 9
1197 381 1216 417 0.000633 9
809 79 839 89 0.000631 9
974 188 981 201 0.000628 9
968 138 992 163 0.000626 9
372 157 382 185 0.000625 9
496 141 565 209 0.000625 9
312 122 385 197 0.000624 9
1204 408 1216 423 0.000621 9
443 143 534 211 0.000621 9
1195 377 1232 415 0.000616 9
399 184 408 201 0.000615 9
702 173 711 187 0.000614 9
571 164 581 178 0.000614 9
67 168 80 199 0.000611 9
95 151 130 178 0.000611 9
1177 372 1205 402 0.000609 9
702 119 720 155 0.000609 9
557 155 580 180 0.000600 9
691 117 700 129 0.000594 9
1022 155 1039 168 0.000594 9
1101 152 1143 185 0.000593 9
1150 104 1165 134 0.000593 9
801 143 811 159 0.000592 9
653 150 671 174 0.000588 9
398 184 407 201 0.000586 9
483 145 525 179 0.000585 9
415 175 423 204 0.000578 9
448 147 491 171 0.000577 9
512 193 530 204 0.000573 9
805 143 829 161 0.000573 9
1186 163 1214 187 0.000573 9
1197 385 1212 423 0.000571 9
847 439 857 454 0.000568 9
1047 171 1056 184 0.000563 9
689 170 702 194 0.000563 9
960 119 981 135 0.000559 9
574 178 582 200 0.000559 9
690 118 702 150 0.000558 9
224 183 233 203 0.000556 9
1115 162 1137 185 0.000554 9
976 679 1011 703 0.000550 9
352 166 363 190 0.000549 9
447 146 527 172 0.000544 9
847 177 869 234 0.000544 9
1170 99 1199 136 0.000544 9
1198 128 1221 197 0.000542 9
975 143 993 155 0.000540 9
159 64 182 91 0.000539 9
371 163 408 185 0.000539 9
828 134 916 170 0.000536 9
1100 162 1141 187 0.000534 9
1152 149 1196 185 0.000529 9
67 169 87 178 0.000526 9
587 160 604 184 0.000525 9
258 173 271 194 0.000524 9
312 148 342 190 0.000523 9
1229 168 1246 181 0.000522 9
997 131 1008 174 0.000520 9
1113 151 1121 161 0.000516 9
248 194 256 204 0.000516 9
240 177 251 207 0.000509 9
832 132 864 167 0.000508 9
853 279 864 312 0.000508 9
312 147 378 197 0.000505 9
158 64 171 74 0.000504 9
111 203 121 224 0.000503 9
1150 103 1169 134 0.000501 9
974 140 993 165 0.000501 9
595 166 620 185 0.000501 9
1181 162 1206 217 0.000500 9
843 162 871 207 0.000499 9
1187 138 1208 187 0.000499 9
862 112 869 118 0.000498 9
1167 148 1192 184 0.000497 9
1156 100 1196 137 0.000490 9
598 149 623 185 0.000488 9
699 117 718 156 0.000487 9
740 200 749 215 0.000487 9
896 142 935 181 0.000482 9
499 172 512 187 0.000480 9
1075 142 1103 184 0.000479 9
1056 153 1065 181 0.000478 9
1072 152 1094 193 0.000477 9
1201 130 1217 178 0.000476 9
404 180 417 204 0.000473 9
683 169 705 213 0.000473 9
1153 159 1195 184 0.000472 9
766 70 784 135 0.000471 9
998 135 1008 174 0.000463 9
960 135 981 163 0.000462 9
853 136 939 167 0.000458 9
224 177 246 193 0.000455 9
799 133 821 156 0.000455 9
161 64 185 76 0.000455 9
605 151 622 167 0.000454 9
1225 161 1248 181 0.000451 9
720 359 736 376 0.000450 9
240 161 249 186 0.000450 9
215 162 222 176 0.000449 9
194 186 201 202 0.000449 9
998 134 1009 173 0.000448 9
1104 605 1112 615 0.000447 9
431 524 440 550 0.000447 9
1100 128 1142 165 0.000445 9
966 122 981 136 0.000445 9
1254 618 1264 649 0.000439 9
157 64 180 91 0.000438 9
431 170 446 196 0.000435 9
1089 151 1106 201 0.000434 9
1019 137 1040 161 0.000433 9
1195 378 1237 424 0.000431 9
593 64 625 92 0.000429 9
1189 143 1211 188 0.000429 9
943 679 952 700 0.000428 9
264 194 273 207 0.000428 9
567 141 581 180 0.000427 9
1097 116 1139 168 0.000427 9
479 335 496 356 0.000427 9
832 148 851 164 0.000426 9
971 136 995 185 0.000425 9
671 153 677 167 0.000424 9
350 167 364 199 0.000424 9
256 147 268 175 0.000421 9
1254 614 1263 640 0.000419 9
767 77 784 127 0.000419 9
95 152 110 177 0.000417 9
595 64 627 93 0.000416 9
593 64 635 93 0.000416 9
1204 116 1232 172 0.000416 9
865 151 880 174 0.000414 9
110 132 128 165 0.000405 9
370 165 408 186 0.000404 9
855 136 939 154 0.000404 9
799 125 834 138 0.000399 9
719 170 729 184 0.000397 9
808 159 857 190 0.000397 9
574 64 581 93 0.000397 9
959 336 968 352 0.000395 9
1225 161 1252 181 0.000394 9
118 64 165 78 0.000393 9
696 119 716 180 0.000392 9
209 182 221 199 0.000389 9
1154 157 1200 185 0.000389 9
742 362 750 375 0.000388 9
372 158 408 184 0.000388 9
563 134 581 162 0.000387 9
44 313 57 342 0.000380 9
1009 680 1024 703 0.000380 9
478 169 524 217 0.000380 9
67 167 80 178 0.000379 9
999 180 1008 199 0.000378 9
636 168 653 201 0.000378 9
216 176 236 198 0.000378 9
992 137 1010 172 0.000376 9
1206 159 1217 188 0.000375 9
811 129 834 137 0.000373 9
1208 107 1233 164 0.000367 9
1215 164 1246 205 0.000360 9
258 129 269 160 0.000359 9
991 677 1022 703 0.000359 9
445 181 483 209 0.000358 9
463 256 479 304 0.000357 9
650 169 661 191 0.000357 9
853 112 869 136 0.000356 9
592 64 631 107 0.000356 9
223 168 232 176 0.000355 9
1092 155 1122 194 0.000354 9
808 135 833 160 0.000353 9
638 150 647 168 0.000352 9
1013 112 1042 169 0.000351 9
1094 161 1191 194 0.000350 9
959 130 998 165 0.000348 9
696 120 708 176 0.000348 9
790 137 801 153 0.000348 9
1184 164 1216 190 0.000348 9
1182 396 1192 410 0.000348 9
863 136 920 170 0.000347 9
1150 101 1192 136 0.000346 9
596 140 609 164 0.000346 9
1206 102 1224 135 0.000343 9
847 279 864 312 0.000343 9
1210 99 1232 162 0.000341 9
1247 322 1266 364 0.000338 9
751 689 816 703 0.000337 9
1038 152 1058 184 0.000337 9
513 144 546 185 0.000334 9
479 146 525 171 0.000334 9
1238 636 1248 657 0.000331 9
1160 535 1166 544 0.000330 9
184 197 191 206 0.000327 9
585 160 606 185 0.000327 9
806 163 857 191 0.000326 9
1170 142 1185 167 0.000322 9
1088 148 1115 179 0.000321 9
1072 147 1097 190 0.000320 9
1039 170 1051 184 0.000319 9
1103 322 1120 364 0.000319 9
551 140 580 160 0.000318 9
444 158 492 211 0.000316 9
544 140 551 154 0.000314 9
351 157 365 191 0.000314 9
1086 132 1143 188 0.000313 9
501 405 546 431 0.000313 9
294 199 326 232 0.000312 9
1107 159 1173 186 0.000309 9
597 135 606 144 0.000309 9
701 151 712 178 0.000307 9
445 156 519 195 0.000305 9
573 64 589 92 0.000302 9
695 153 707 174 0.000301 9
67 169 97 200 0.000301 9
1116 599 1136 632 0.000301 9
912 168 923 179 0.000301 9
997 647 1025 702 0.000300 9
1121 64 1153 77 0.000299 9
1100 151 1135 179 0.000298 9
991 135 1003 181 0.000297 9
97 150 129 169 0.000294 9
126 175 132 187 0.000293 9
742 149 752 157 0.000293 9
1106 138 1142 165 0.000291 9
455 150 527 172 0.000288 9
99 178 109 200 0.000287 9
988 676 1012 703 0.000287 9
1207 101 1230 137 0.000286 9
696 116 717 163 0.000286 9
1071 576 1083 629 0.000285 9
545 265 557 280 0.000284 9
374 153 409 184 0.000282 9
294 199 320 232 0.000282 9
1178 97 1204 136 0.000282 9
966 677 1011 703 0.000281 9
803 686 816 703 0.000281 9
1151 161 1198 187 0.000281 9
912 148 929 179 0.000281 9
572 122 581 161 0.000281 9
1207 105 1232 165 0.000280 9
1005 173 1015 184 0.000280 9
431 533 440 550 0.000276 9
1168 149 1186 170 0.000275 9
764 279 801 345 0.000275 9
962 118 984 136 0.000273 9
496 407 546 433 0.000273 9
601 177 624 198 0.000272 9
1071 577 1084 631 0.000271 9
48 184 64 206 0.000270 9
469 141 579 208 0.000269 9
766 69 791 126 0.000269 9
415 171 445 203 0.000268 9
120 64 186 93 0.000267 9
432 171 445 197 0.000267 9
993 647 1025 703 0.000266 9
616 162 659 200 0.000266 9
992 130 1001 171 0.000266 9
594 138 626 170 0.000265 9
806 160 858 194 0.000265 9
579 64 597 97 0.000264 9
1199 135 1210 173 0.000263 9
575 67 583 94 0.000262 9
447 156 504 190 0.000262 9
442 157 510 212 0.000259 9
230 130 241 146 0.000259 9
1209 98 1233 154 0.000258 9
1238 637 1248 655 0.000257 9
943 678 952 700 0.000257 9
1020 102 1041 163 0.000256 9
543 156 581 191 0.000254 9
633 167 659 201 0.000253 9
1227 100 1250 177 0.000252 9
1250 612 1264 695 0.000251 9
1071 117 1123 181 0.000250 9
1073 151 1082 170 0.000250 9
735 359 742 376 0.000250 9
1207 602 1216 626 0.000249 9
1179 163 1230 218 0.000249 9
1238 624 1249 654 0.000248 9
578 300 593 317 0.000248 9
669 150 678 168 0.000248 9
830 64 839 69 0.000247 9
799 124 826 137 0.000246 9
689 118 705 164 0.000245 9
257 142 272 174 0.000244 9
0 142 9 203 0.000243 9
1108 350 1119 371 0.000241 9
314 87 333 157 0.000241 9
584 64 628 105 0.000240 9
809 79 844 95 0.000240 9
39 317 56 345 0.000239 9
348 147 377 190 0.000238 9
116 158 128 179 0.000237 9
1071 577 1087 631 0.000237 9
652 174 661 199 0.000237 9
210 111 298 231 0.000235 9
736 358 752 376 0.000234 9
847 275 864 312 0.000233 9
811 127 835 136 0.000232 9
978 692 1009 703 0.000232 9
971 167 993 205 0.000232 9
1116 599 1129 631 0.000231 9
350 150 384 189 0.000231 9
42 317 56 345 0.000230 9
526 138 544 183 0.000230 9
1052 113 1068 141 0.000230 9
1055 139 1104 188 0.000230 9
1103 167 1129 207 0.000229 9
1074 168 1097 203 0.000228 9
416 170 433 204 0.000227 9
586 127 598 162 0.000226 9
804 130 843 162 0.000226 9
256 163 268 183 0.000225 9
877 135 940 179 0.000224 9
787 114 837 137 0.000224 9
363 152 410 185 0.000223 9
817 684 840 703 0.000223 9
862 136 938 172 0.000223 9
1084 124 1105 179 0.000222 9
833 688 849 703 0.000221 9
95 175 108 201 0.000220 9
372 158 431 203 0.000220 9
585 119 598 163 0.000219 9
444 177 483 201 0.000218 9
1097 110 1142 167 0.000218 9
974 682 1008 703 0.000218 9
576 75 585 98 0.000218 9
480 172 514 205 0.000217 9
169 64 265 90 0.000216 9
643 150 657 171 0.000213 9
1143 99 1208 183 0.000212 9
811 151 852 174 0.000211 9
845 115 870 137 0.000211 9
651 144 671 176 0.000210 9
527 135 545 179 0.000210 9
444 179 467 210 0.000210 9
68 168 80 201 0.000210 9
441 157 564 215 0.000210 9
847 269 863 311 0.000208 9
991 666 1000 680 0.000207 9
259 166 271 179 0.000207 9
378 147 408 184 0.000206 9
586 128 603 163 0.000205 9
1036 123 1108 205 0.000205 9
1121 602 1136 632 0.000204 9
480 145 525 165 0.000204 9
1102 158 1159 186 0.000204 9
958 143 994 186 0.000203 9
210 119 275 223 0.000203 9
523 134 545 186 0.000203 9
1142 99 1204 180 0.000203 9
576 281 595 338 0.000201 9
984 669 994 680 0.000198 9
549 140 577 155 0.000198 9
575 275 601 342 0.000198 9
999 126 1007 135 0.000197 9
913 169 928 180 0.000196 9
638 138 657 166 0.000195 9
1233 606 1240 622 0.000194 9
517 393 546 432 0.000193 9
1106 142 1143 164 0.000193 9
1148 116 1196 178 0.000193 9
1087 141 1136 178 0.000193 9
1210 144 1227 163 0.000193 9
586 162 622 199 0.000192 9
67 168 100 200 0.000192 9
170 64 257 91 0.000191 9
156 189 172 205 0.000190 9
315 108 370 197 0.000189 9
1139 163 1183 223 0.000189 9
1137 163 1176 232 0.000188 9
905 127 912 137 0.000187 9
1071 576 1081 618 0.000187 9
616 153 631 178 0.000186 9
959 162 993 189 0.000185 9
191 184 202 202 0.000184 9
126 176 132 201 0.000184 9
111 202 120 230 0.000184 9
447 150 511 171 0.000184 9
717 156 730 185 0.000183 9
1247 319 1266 370 0.000182 9
1135 615 1153 676 0.000181 9
1149 112 1185 173 0.000181 9
448 144 535 172 0.000181 9
1078 621 1085 631 0.000181 9
287 287 296 312 0.000181 9
310 90 334 165 0.000180 9
579 64 602 103 0.000179 9
1104 162 1152 226 0.000179 9
809 77 852 97 0.000177 9
592 64 642 109 0.000176 9
309 64 339 166 0.000174 9
790 135 800 152 0.000174 9
39 326 51 345 0.000174 9
1102 165 1140 208 0.000173 9
663 293 689 352 0.000172 9
17 157 25 177 0.000171 9
1118 141 1139 156 0.000171 9
1240 624 1249 643 0.000171 9
1203 123 1225 167 0.000171 9
552 145 576 161 0.000170 9
592 147 606 163 0.000170 9
312 123 371 197 0.000169 9
575 274 603 359 0.000169 9
681 187 691 215 0.000169 9
751 116 782 141 0.000169 9
62 153 78 169 0.000168 9
855 136 938 153 0.000167 9
999 331 1008 344 0.000167 9
1190 127 1211 188 0.000166 9
112 201 121 223 0.000166 9
255 106 268 161 0.000165 9
619 151 631 169 0.000165 9
303 74 370 202 0.000164 9
1008 678 1024 703 0.000164 9
628 64 640 76 0.000163 9
1050 109 1085 147 0.000163 9
62 149 79 167 0.000162 9
1225 98 1252 188 0.000162 9
586 120 598 160 0.000162 9
749 277 802 345 0.000161 9
663 288 688 351 0.000160 9
100 180 107 202 0.000160 9
959 163 990 199 0.000160 9
447 142 519 173 0.000159 9
681 293 704 345 0.000159 9
638 140 658 165 0.000158 9
866 671 873 681 0.000158 9
448 143 523 171 0.000157 9
1040 184 1048 210 0.000157 9
63 146 80 171 0.000156 9
879 406 888 417 0.000156 9
266 215 277 232 0.000156 9
589 157 631 208 0.000156 9
628 158 646 181 0.000156 9
210 88 322 221 0.000156 9
1203 96 1225 135 0.000156 9
256 84 262 97 0.000155 9
607 680 621 703 0.000155 9
1033 97 1134 222 0.000155 9
624 64 640 73 0.000155 9
706 156 721 183 0.000154 9
656 326 681 354 0.000154 9
785 114 834 137 0.000154 9
1233 608 1240 629 0.000154 9
211 122 325 247 0.000154 9
0 144 8 203 0.000153 9
194 168 230 202 0.000152 9
478 335 496 377 0.000152 9
1207 602 1216 627 0.000152 9
222 153 264 201 0.000151 9
990 647 1019 703 0.000151 9
0 141 8 198 0.000151 9
992 115 1133 240 0.000150 9
821 119 863 143 0.000150 9
1142 183 1153 203 0.000150 9
1105 598 1132 634 0.000149 9
585 123 599 162 0.000149 9
1207 157 1227 207 0.000149 9
1151 140 1183 181 0.000149 9
1099 109 1129 158 0.000149 9
1072 596 1087 631 0.000149 9
229 163 246 182 0.000148 9
524 393 537 405 0.000148 9
96 150 130 184 0.000148 9
624 64 641 90 0.000148 9
960 168 994 207 0.000147 9
595 64 625 90 0.000146 9
752 95 783 138 0.000146 9
153 186 171 205 0.000146 9
1247 677 1261 703 0.000146 9
860 154 911 226 0.000146 9
1123 349 1136 391 0.000146 9
1160 524 1168 544 0.000145 9
804 156 857 201 0.000145 9
684 293 704 345 0.000145 9
1242 615 1264 689 0.000145 9
660 174 691 213 0.000144 9
120 64 188 96 0.000144 9
1135 616 1152 649 0.000143 9
735 624 742 645 0.000141 9
1146 101 1191 170 0.000141 9
686 114 713 232 0.000141 9
1029 141 1119 225 0.000140 9
692 178 711 202 0.000140 9
358 149 370 173 0.000138 9
455 143 526 171 0.000138 9
55 159 62 168 0.000138 9
39 312 56 344 0.000138 9
943 680 955 701 0.000138 9
547 151 566 161 0.000137 9
1153 162 1203 185 0.000137 9
654 312 682 354 0.000137 9
680 156 690 179 0.000137 9
690 156 698 173 0.000137 9
545 267 559 280 0.000136 9
446 129 489 174 0.000136 9
625 64 641 86 0.000136 9
1095 159 1209 200 0.000136 9
1210 102 1227 132 0.000136 9
1101 598 1133 634 0.000135 9
907 98 931 120 0.000135 9
990 97 1140 233 0.000134 9
1104 601 1112 614 0.000134 9
98 177 110 202 0.000134 9
383 148 400 163 0.000133 9
244 131 255 144 0.000133 9
247 163 257 176 0.000133 9
1157 143 1204 187 0.000132 9
766 69 790 113 0.000131 9
207 178 248 220 0.000131 9
827 118 860 136 0.000130 9
564 122 580 161 0.000130 9
1121 334 1136 391 0.000129 9
310 99 415 201 0.000129 9
691 158 732 207 0.000129 9
1177 615 1182 622 0.000129 9
662 170 682 196 0.000129 9
665 141 672 171 0.000129 9
720 338 752 378 0.000128 9
810 688 842 703 0.000128 9
1246 317 1278 363 0.000128 9
1204 158 1251 194 0.000127 9
1239 687 1251 699 0.000126 9
448 138 514 173 0.000125 9
579 64 643 95 0.000125 9
112 150 134 165 0.000125 9
967 132 997 164 0.000124 9
1134 615 1155 680 0.000124 9
808 68 877 92 0.000124 9
213 84 337 242 0.000124 9
450 148 540 210 0.000124 9
17 157 26 183 0.000123 9
311 109 325 158 0.000123 9
765 69 786 127 0.000123 9
1005 680 1024 703 0.000121 9
355 159 408 201 0.000121 9
927 154 944 184 0.000121 9
377 147 407 182 0.000121 9
339 159 411 195 0.000121 9
468 181 481 198 0.000120 9
1245 614 1264 693 0.000120 9
580 126 600 163 0.000120 9
573 130 606 179 0.000119 9
1076 589 1087 612 0.000119 9
1150 102 1166 134 0.000118 9
990 180 1002 207 0.000118 9
1147 97 1215 186 0.000118 9
1071 162 1095 210 0.000118 9
927 153 993 199 0.000117 9
64 150 80 178 0.000117 9
1073 150 1083 167 0.000117 9
1035 132 1059 170 0.000116 9
761 109 791 153 0.000115 9
1008 143 1056 186 0.000115 9
624 66 641 106 0.000115 9
309 107 325 159 0.000115 9
1208 131 1233 166 0.000115 9
600 344 609 359 0.000115 9
1108 357 1119 376 0.000115 9
309 107 336 185 0.000114 9
107 149 138 201 0.000114 9
998 647 1025 699 0.000114 9
1003 328 1018 345 0.000114 9
1231 609 1240 649 0.000113 9
1237 632 1248 672 0.000113 9
1115 102 1148 155 0.000113 9
1144 162 1208 220 0.000112 9
816 76 851 101 0.000112 9
1243 680 1263 703 0.000111 9
445 135 505 174 0.000111 9
1228 94 1251 160 0.000111 9
1070 111 1147 176 0.000110 9
622 64 641 98 0.000109 9
75 150 106 178 0.000109 9
1127 614 1136 632 0.000109 9
372 149 383 184 0.000108 9
762 282 809 345 0.000108 9
579 64 634 95 0.000108 9
415 165 443 203 0.000108 9
1116 598 1134 631 0.000107 9
1076 583 1088 619 0.000107 9
170 150 177 167 0.000107 9
210 101 329 220 0.000107 9
1039 136 1059 164 0.000107 9
685 286 704 340 0.000106 9
313 64 351 171 0.000106 9
1195 94 1224 160 0.000104 9
371 147 428 202 0.000104 9
687 118 707 175 0.000104 9
1246 319 1274 356 0.000103 9
809 79 836 96 0.000103 9
208 67 229 87 0.000103 9
93 150 129 184 0.000103 9
1084 158 1159 220 0.000103 9
698 118 755 157 0.000103 9
428 157 490 198 0.000103 9
959 156 992 173 0.000103 9
248 161 256 175 0.000102 9
1111 596 1136 633 0.000102 9
624 64 641 102 0.000101 9
1160 97 1202 137 0.000101 9
309 108 326 161 0.000101 9
701 112 720 128 0.000100 9
1182 192 1198 216 0.012636 11
1181 189 1200 216 0.008034 11
1182 193 1196 216 0.003565 11
1051 110 1083 146 0.001013 11
1051 113 1078 146 0.000270 11
1178 184 1201 217 0.000211 11
1179 190 1200 217 0.000195 11
