606 201 655 293 0.895724 0
754 193 792 276 0.749112 0
955 191 983 252 0.681078 0
261 203 277 241 0.113712 0
924 203 946 253 0.086491 0
786 198 793 214 0.082741 0
261 204 276 242 0.071176 0
261 199 279 243 0.068029 0
261 200 277 242 0.066934 0
952 364 982 446 0.052698 0
261 200 278 242 0.045017 0
952 367 982 441 0.042916 0
952 360 983 451 0.042242 0
925 203 948 253 0.039949 0
786 198 793 218 0.039477 0
953 367 982 430 0.034516 0
786 197 793 217 0.030938 0
955 368 982 439 0.030103 0
952 369 981 449 0.029935 0
1039 206 1050 229 0.024763 0
1016 205 1024 224 0.023977 0
966 190 990 253 0.020209 0
1000 383 1014 399 0.019909 0
974 189 983 207 0.019805 0
954 366 985 429 0.017720 0
912 450 928 484 0.017233 0
955 366 984 427 0.017210 0
511 195 518 211 0.016955 0
846 203 859 242 0.016689 0
931 204 945 250 0.016537 0
1010 205 1025 228 0.016000 0
863 435 881 478 0.015747 0
952 370 979 458 0.015384 0
955 369 981 428 0.014701 0
1000 383 1016 399 0.014580 0
670 207 679 230 0.014258 0
952 371 978 454 0.013873 0
863 433 882 478 0.013490 0
517 191 525 206 0.013430 0
511 192 521 209 0.013352 0
864 440 874 454 0.013316 0
966 372 978 389 0.013238 0
846 207 858 242 0.013179 0
863 437 879 474 0.013172 0
510 194 518 217 0.012815 0
846 203 856 241 0.012684 0
786 196 794 234 0.012648 0
1072 487 1080 500 0.012273 0
670 207 678 230 0.012261 0
940 350 983 449 0.011913 0
847 202 865 241 0.011699 0
999 384 1012 399 0.011608 0
951 359 988 448 0.011568 0
942 349 983 445 0.011480 0
965 371 980 392 0.011381 0
1046 485 1056 497 0.011345 0
960 448 968 467 0.011268 0
847 208 865 242 0.010446 0
914 450 928 486 0.010434 0
512 190 529 221 0.010282 0
862 430 889 479 0.010143 0
518 191 527 209 0.009778 0
847 204 856 231 0.009647 0
974 190 985 216 0.009320 0
963 370 980 405 0.009281 0
260 196 278 242 0.009206 0
965 370 981 392 0.009169 0
983 446 993 455 0.008811 0
912 452 927 486 0.008779 0
540 193 552 217 0.008720 0
213 188 224 228 0.008708 0
1056 488 1065 496 0.008498 0
1113 194 1120 202 0.008453 0
912 449 928 485 0.008302 0
847 200 857 226 0.008242 0
1172 212 1186 248 0.007997 0
864 443 873 454 0.007933 0
1015 389 1022 400 0.007676 0
1072 489 1081 502 0.007301 0
261 203 280 247 0.007274 0
738 202 744 212 0.007198 0
896 446 904 456 0.007144 0
215 187 224 228 0.007106 0
1007 382 1023 401 0.006911 0
607 439 624 468 0.006897 0
895 443 906 485 0.006778 0
319 204 330 227 0.006585 0
262 203 277 242 0.006570 0
950 356 992 454 0.006398 0
951 362 989 438 0.006297 0
960 441 969 466 0.006293 0
944 345 985 446 0.006247 0
693 207 703 234 0.006217 0
947 368 978 455 0.005962 0
376 186 386 200 0.005939 0
990 197 1001 218 0.005859 0
863 440 879 473 0.005820 0
306 185 323 198 0.005807 0
513 190 528 243 0.005749 0
692 208 702 234 0.005683 0
1018 195 1051 230 0.005680 0
960 369 982 406 0.005596 0
679 453 688 463 0.005495 0
261 198 283 243 0.005484 0
864 441 882 478 0.005437 0
213 190 224 229 0.005388 0
916 472 928 483 0.005345 0
1015 456 1025 466 0.005325 0
915 474 928 486 0.005289 0
1135 446 1143 463 0.005270 0
782 198 793 236 0.005227 0
869 441 880 478 0.005215 0
832 472 840 479 0.005210 0
814 210 827 238 0.005160 0
960 441 970 465 0.005124 0
999 382 1022 400 0.004977 0
863 442 876 478 0.004967 0
940 363 984 457 0.004897 0
1119 386 1128 411 0.004875 0
992 456 999 464 0.004875 0
952 368 994 450 0.004871 0
944 358 979 438 0.004819 0
1045 484 1055 498 0.004750 0
512 188 530 245 0.004722 0
847 195 866 241 0.004661 0
990 200 1001 219 0.004627 0
501 187 536 249 0.004583 0
886 471 897 487 0.004560 0
862 432 871 452 0.004556 0
1119 390 1128 412 0.004540 0
969 456 976 463 0.004453 0
751 462 761 472 0.004420 0
639 688 672 703 0.004417 0
607 447 624 467 0.004412 0
470 203 478 216 0.004326 0
960 440 969 455 0.004233 0
750 422 801 472 0.004184 0
757 193 791 279 0.004184 0
639 685 672 703 0.004151 0
632 203 646 241 0.004129 0
974 190 993 226 0.004098 0
1135 446 1143 457 0.004040 0
751 454 767 472 0.004022 0
974 193 995 228 0.003908 0
887 472 896 492 0.003865 0
471 199 479 216 0.003855 0
375 185 388 200 0.003806 0
860 426 886 475 0.003797 0
1039 486 1049 496 0.003765 0
751 456 768 472 0.003755 0
1208 504 1215 512 0.003703 0
926 443 934 457 0.003635 0
891 200 904 233 0.003625 0
857 215 873 242 0.003530 0
1127 446 1136 469 0.003491 0
853 462 865 478 0.003467 0
1147 309 1168 343 0.003416 0
602 418 624 467 0.003401 0
786 198 797 215 0.003379 0
735 442 746 461 0.003360 0
890 201 904 240 0.003355 0
896 472 908 486 0.003345 0
1172 212 1187 249 0.003341 0
860 428 894 481 0.003319 0
983 453 993 464 0.003279 0
510 189 531 249 0.003272 0
1128 446 1135 466 0.003233 0
665 454 672 463 0.003212 0
1120 390 1129 411 0.003195 0
864 209 873 237 0.003194 0
1072 463 1079 471 0.003194 0
111 204 121 235 0.003171 0
838 470 848 479 0.003167 0
214 191 225 230 0.003157 0
735 438 744 458 0.003154 0
1222 503 1232 511 0.003149 0
958 374 968 406 0.003147 0
543 192 550 209 0.003065 0
916 448 928 462 0.003041 0
606 445 624 467 0.003023 0
1160 503 1168 511 0.003021 0
992 447 1000 456 0.002992 0
606 424 624 468 0.002986 0
1136 444 1145 461 0.002981 0
913 475 927 487 0.002964 0
864 218 873 234 0.002952 0
1177 495 1185 504 0.002869 0
692 208 703 237 0.002867 0
999 381 1023 422 0.002853 0
217 186 224 203 0.002849 0
247 195 255 213 0.002845 0
948 346 965 401 0.002840 0
1064 462 1071 471 0.002827 0
862 430 893 481 0.002824 0
977 367 987 391 0.002803 0
575 430 592 457 0.002791 0
986 199 1005 241 0.002781 0
1168 213 1177 222 0.002767 0
735 445 744 457 0.002743 0
514 189 530 245 0.002704 0
884 200 904 243 0.002703 0
1176 499 1185 511 0.002695 0
880 200 904 244 0.002694 0
949 346 986 435 0.002686 0
680 450 688 461 0.002686 0
1190 213 1201 227 0.002665 0
953 356 980 403 0.002648 0
830 464 841 474 0.002644 0
950 456 959 465 0.002637 0
895 445 908 469 0.002635 0
1249 215 1264 248 0.002569 0
982 206 1006 254 0.002557 0
1046 482 1056 493 0.002546 0
948 343 970 404 0.002535 0
895 438 903 456 0.002522 0
738 202 744 213 0.002503 0
242 195 250 218 0.002503 0
950 345 964 395 0.002443 0
877 435 889 457 0.002397 0
245 195 256 216 0.002378 0
1024 456 1031 464 0.002372 0
983 442 993 455 0.002363 0
751 449 769 472 0.002332 0
1062 64 1132 131 0.002320 0
1273 198 1279 253 0.002320 0
1175 213 1183 223 0.002317 0
686 453 695 464 0.002315 0
1038 205 1053 230 0.002312 0
926 453 936 463 0.002311 0
996 380 1022 423 0.002310 0
978 203 994 252 0.002305 0
1004 382 1024 422 0.002280 0
1213 197 1229 233 0.002265 0
1155 309 1168 341 0.002265 0
846 461 858 477 0.002260 0
465 197 471 215 0.002251 0
982 446 993 460 0.002232 0
997 382 1017 399 0.002230 0
511 191 528 238 0.002207 0
1199 503 1209 511 0.002184 0
944 353 981 428 0.002182 0
1045 279 1057 296 0.002164 0
465 202 472 216 0.002158 0
1209 169 1226 214 0.002147 0
1039 454 1047 464 0.002135 0
1213 194 1225 215 0.002104 0
963 357 983 392 0.002097 0
617 201 637 222 0.002086 0
1104 312 1113 326 0.002085 0
982 373 991 392 0.002073 0
605 419 624 467 0.002067 0
849 205 874 238 0.002066 0
1090 158 1107 179 0.002061 0
786 197 798 232 0.002061 0
616 200 632 217 0.002048 0
1190 497 1200 504 0.002020 0
783 194 793 214 0.002005 0
999 382 1021 420 0.001993 0
800 440 807 449 0.001987 0
639 672 674 703 0.001969 0
1172 210 1202 249 0.001960 0
1118 381 1129 411 0.001947 0
809 210 831 240 0.001946 0
896 155 907 175 0.001945 0
1061 64 1135 220 0.001941 0
1030 453 1040 464 0.001941 0
1007 456 1022 466 0.001930 0
832 203 857 240 0.001922 0
1072 438 1088 456 0.001837 0
926 439 933 454 0.001831 0
955 192 982 222 0.001823 0
640 674 673 703 0.001820 0
595 404 624 467 0.001818 0
258 197 276 241 0.001815 0
809 209 841 240 0.001798 0
639 690 671 703 0.001770 0
1272 198 1279 250 0.001770 0
874 429 889 458 0.001742 0
1273 197 1279 264 0.001701 0
986 200 1009 253 0.001690 0
1045 410 1057 424 0.001679 0
648 407 656 423 0.001663 0
999 376 1022 399 0.001641 0
959 452 968 469 0.001640 0
879 439 889 463 0.001637 0
261 200 284 244 0.001625 0
1181 344 1194 356 0.001625 0
1175 214 1199 250 0.001604 0
995 377 1023 423 0.001602 0
1175 234 1185 249 0.001600 0
946 347 968 406 0.001592 0
990 193 1002 218 0.001578 0
1015 444 1024 457 0.001568 0
1015 479 1024 488 0.001566 0
1166 476 1175 489 0.001565 0
992 373 1015 405 0.001548 0
1126 444 1136 471 0.001545 0
1072 506 1080 512 0.001533 0
1185 215 1203 238 0.001531 0
1058 487 1071 498 0.001526 0
1002 378 1024 443 0.001525 0
1113 194 1121 206 0.001524 0
261 196 290 249 0.001508 0
667 207 677 230 0.001496 0
1103 311 1115 328 0.001471 0
241 195 250 225 0.001468 0
751 447 768 473 0.001450 0
871 435 889 477 0.001432 0
1061 64 1131 124 0.001429 0
1165 471 1175 479 0.001412 0
664 450 671 461 0.001410 0
1179 211 1199 229 0.001404 0
800 440 817 453 0.001399 0
1217 213 1230 234 0.001390 0
225 184 231 200 0.001388 0
375 185 394 200 0.001380 0
1003 382 1023 420 0.001375 0
639 690 665 703 0.001374 0
813 327 847 344 0.001371 0
1249 215 1264 254 0.001371 0
1037 481 1050 490 0.001363 0
968 445 976 462 0.001360 0
0 64 56 216 0.001350 0
840 408 894 481 0.001348 0
823 464 833 474 0.001345 0
857 438 894 482 0.001345 0
1119 311 1132 339 0.001343 0
956 193 982 249 0.001337 0
1168 210 1182 222 0.001335 0
1251 215 1264 231 0.001328 0
1134 445 1144 472 0.001325 0
685 198 692 215 0.001323 0
1118 439 1129 472 0.001312 0
271 213 289 252 0.001301 0
690 209 703 237 0.001295 0
375 185 387 212 0.001293 0
213 185 231 230 0.001280 0
911 449 927 461 0.001272 0
956 191 993 253 0.001263 0
1143 391 1154 407 0.001258 0
1088 191 1095 209 0.001255 0
1182 344 1194 380 0.001245 0
666 207 678 230 0.001236 0
735 461 751 504 0.001231 0
575 425 584 432 0.001229 0
703 437 723 469 0.001225 0
834 465 848 478 0.001224 0
642 669 673 703 0.001223 0
999 381 1022 418 0.001220 0
1111 440 1119 453 0.001217 0
866 334 883 343 0.001212 0
630 424 640 457 0.001210 0
1147 498 1166 511 0.001203 0
975 456 982 463 0.001196 0
1119 391 1128 414 0.001195 0
1072 441 1088 456 0.001189 0
962 191 982 214 0.001187 0
1208 168 1226 213 0.001182 0
1119 440 1129 472 0.001181 0
242 196 253 216 0.001181 0
734 444 754 504 0.001179 0
1101 311 1119 344 0.001179 0
266 203 288 249 0.001176 0
746 419 800 471 0.001172 0
0 64 52 221 0.001170 0
1027 481 1058 496 0.001161 0
1125 439 1136 470 0.001152 0
1060 64 1133 144 0.001150 0
1211 503 1224 512 0.001126 0
751 456 768 486 0.001121 0
803 185 815 213 0.001120 0
1046 485 1067 500 0.001118 0
1178 344 1193 359 0.001117 0
478 202 485 216 0.001115 0
870 326 883 343 0.001114 0
987 368 1012 398 0.001111 0
788 329 816 392 0.001105 0
1059 64 1132 153 0.001104 0
690 208 702 235 0.001101 0
734 424 749 459 0.001093 0
607 449 624 470 0.001093 0
958 437 974 458 0.001091 0
1135 441 1144 459 0.001089 0
977 199 994 226 0.001089 0
1250 215 1264 234 0.001087 0
906 449 944 486 0.001086 0
718 439 733 470 0.001085 0
686 206 694 222 0.001073 0
1015 486 1023 495 0.001069 0
990 197 1012 222 0.001058 0
1219 210 1230 233 0.001058 0
850 204 873 273 0.001057 0
734 441 746 471 0.001048 0
1026 241 1035 251 0.001042 0
1060 64 1134 184 0.001041 0
997 376 1013 399 0.001036 0
1180 344 1195 360 0.001035 0
241 195 252 237 0.001026 0
900 448 913 464 0.001016 0
663 293 681 348 0.001015 0
382 555 392 591 0.001003 0
880 470 896 492 0.001000 0
631 424 639 437 0.000997 0
111 205 120 229 0.000995 0
718 438 736 470 0.000988 0
612 423 624 435 0.000985 0
927 344 984 442 0.000981 0
855 213 872 273 0.000979 0
949 343 970 392 0.000977 0
1057 64 1132 195 0.000975 0
214 183 231 229 0.000966 0
788 327 848 344 0.000963 0
1014 456 1025 471 0.000959 0
1111 440 1121 473 0.000958 0
1030 442 1040 458 0.000956 0
262 208 289 249 0.000953 0
936 432 943 441 0.000952 0
1146 320 1169 345 0.000951 0
1033 279 1060 335 0.000943 0
718 437 734 461 0.000943 0
1142 392 1153 407 0.000942 0
1216 215 1227 233 0.000940 0
973 186 984 207 0.000940 0
534 427 592 457 0.000929 0
669 206 695 233 0.000924 0
946 379 976 456 0.000923 0
946 352 973 409 0.000918 0
1204 496 1215 503 0.000908 0
983 353 1009 396 0.000906 0
751 459 766 484 0.000904 0
786 198 800 233 0.000904 0
896 447 914 485 0.000903 0
649 408 656 424 0.000901 0
1056 220 1066 235 0.000892 0
875 334 885 343 0.000892 0
199 211 209 227 0.000890 0
887 445 897 456 0.000889 0
1044 410 1056 423 0.000886 0
1118 441 1127 475 0.000885 0
858 432 900 484 0.000884 0
989 449 1002 462 0.000880 0
784 438 800 452 0.000877 0
804 440 827 455 0.000875 0
1000 364 1024 403 0.000874 0
1263 71 1279 170 0.000864 0
956 191 985 254 0.000859 0
1248 216 1265 257 0.000857 0
1119 312 1132 340 0.000851 0
1057 64 1279 294 0.000850 0
1184 504 1193 512 0.000850 0
790 330 819 344 0.000841 0
631 430 639 455 0.000839 0
606 440 624 475 0.000834 0
1066 64 1132 126 0.000832 0
1151 440 1159 454 0.000828 0
599 423 624 465 0.000823 0
751 424 774 447 0.000819 0
988 373 1017 424 0.000814 0
703 421 724 470 0.000813 0
721 438 735 458 0.000807 0
1208 194 1225 217 0.000800 0
735 467 750 504 0.000796 0
503 313 512 335 0.000795 0
1231 469 1247 485 0.000792 0
513 190 540 248 0.000792 0
512 463 518 472 0.000790 0
643 670 673 699 0.000787 0
111 206 124 239 0.000782 0
1 64 179 217 0.000782 0
6 64 350 220 0.000779 0
1178 344 1192 359 0.000772 0
771 193 788 213 0.000772 0
963 355 988 393 0.000771 0
984 204 1018 252 0.000764 0
0 64 213 216 0.000760 0
988 376 1023 438 0.000760 0
209 190 224 229 0.000759 0
1111 440 1121 471 0.000758 0
829 467 850 478 0.000753 0
1209 167 1230 230 0.000750 0
351 188 357 199 0.000742 0
429 222 439 229 0.000740 0
681 201 692 220 0.000739 0
931 438 944 454 0.000739 0
1072 443 1084 456 0.000737 0
815 444 824 454 0.000734 0
1050 64 1276 281 0.000732 0
854 215 870 277 0.000731 0
1067 64 1132 136 0.000730 0
1076 429 1087 454 0.000727 0
992 440 1004 456 0.000726 0
703 440 722 469 0.000725 0
998 456 1008 464 0.000724 0
795 416 822 454 0.000724 0
1220 202 1229 230 0.000723 0
2 64 318 219 0.000722 0
464 201 475 251 0.000713 0
798 331 817 392 0.000711 0
0 64 266 217 0.000710 0
950 371 1003 457 0.000708 0
0 64 17 210 0.000707 0
134 415 144 429 0.000707 0
1038 278 1059 331 0.000697 0
256 207 274 241 0.000693 0
735 458 752 503 0.000687 0
1031 492 1039 503 0.000686 0
1248 206 1265 246 0.000680 0
883 438 902 456 0.000676 0
511 194 541 247 0.000676 0
857 431 872 445 0.000675 0
1078 693 1091 703 0.000675 0
1233 470 1248 484 0.000671 0
829 417 848 454 0.000669 0
1075 459 1093 472 0.000666 0
656 425 664 433 0.000665 0
1231 459 1240 470 0.000665 0
109 203 121 222 0.000662 0
802 415 809 423 0.000662 0
241 194 256 235 0.000661 0
1119 312 1128 326 0.000659 0
805 184 814 196 0.000657 0
1071 342 1089 409 0.000651 0
1199 497 1212 505 0.000651 0
681 197 691 216 0.000650 0
933 449 943 471 0.000648 0
1183 214 1243 265 0.000648 0
880 440 900 483 0.000647 0
1056 64 1269 263 0.000645 0
111 204 128 237 0.000643 0
246 194 256 215 0.000640 0
576 423 592 451 0.000640 0
1223 450 1232 470 0.000639 0
199 209 209 226 0.000639 0
685 450 695 458 0.000631 0
263 194 274 205 0.000630 0
638 676 673 703 0.000628 0
1262 64 1279 168 0.000628 0
1165 497 1179 507 0.000626 0
877 319 892 343 0.000623 0
816 434 833 464 0.000622 0
1078 192 1089 201 0.000622 0
500 186 543 253 0.000622 0
1036 195 1055 231 0.000621 0
1071 336 1089 408 0.000620 0
927 389 945 427 0.000619 0
1024 446 1038 464 0.000619 0
784 326 817 393 0.000618 0
245 212 275 241 0.000617 0
1008 428 1014 440 0.000616 0
751 409 844 474 0.000614 0
789 330 810 345 0.000614 0
1224 335 1278 410 0.000613 0
1111 442 1121 474 0.000609 0
948 360 1011 462 0.000608 0
927 390 945 426 0.000608 0
663 424 670 434 0.000607 0
245 198 259 238 0.000607 0
469 202 480 231 0.000606 0
1158 498 1169 510 0.000600 0
798 423 810 449 0.000600 0
729 423 799 467 0.000598 0
719 438 737 466 0.000596 0
952 437 970 456 0.000594 0
1111 382 1128 411 0.000593 0
315 199 335 231 0.000593 0
750 423 772 448 0.000592 0
110 203 131 238 0.000590 0
866 206 894 237 0.000590 0
1242 340 1280 405 0.000589 0
1177 204 1197 221 0.000588 0
894 451 914 488 0.000587 0
1209 167 1230 225 0.000582 0
829 418 847 456 0.000580 0
1179 344 1197 358 0.000577 0
645 428 656 450 0.000576 0
1055 222 1065 243 0.000574 0
803 185 825 228 0.000574 0
1217 397 1232 424 0.000573 0
880 318 897 343 0.000572 0
1105 607 1111 614 0.000571 0
533 204 549 221 0.000565 0
959 483 968 494 0.000565 0
927 351 963 445 0.000560 0
855 222 870 279 0.000560 0
924 201 955 226 0.000557 0
638 425 656 460 0.000555 0
909 474 934 489 0.000553 0
758 203 791 281 0.000550 0
1246 344 1280 392 0.000550 0
333 185 343 199 0.000548 0
1095 447 1107 471 0.000548 0
797 416 820 443 0.000548 0
927 445 944 483 0.000547 0
854 230 872 282 0.000545 0
928 343 944 380 0.000545 0
928 387 945 427 0.000544 0
879 202 908 246 0.000543 0
802 185 813 220 0.000542 0
2 64 330 231 0.000540 0
1216 65 1279 283 0.000540 0
1071 482 1080 499 0.000539 0
345 185 352 199 0.000538 0
210 194 224 228 0.000538 0
711 427 722 443 0.000536 0
750 422 770 443 0.000535 0
1043 278 1058 324 0.000535 0
810 440 834 472 0.000535 0
856 223 870 272 0.000533 0
927 344 944 392 0.000533 0
1152 470 1168 479 0.000531 0
1061 64 1164 141 0.000529 0
1007 443 1026 465 0.000529 0
1008 470 1015 479 0.000528 0
223 375 240 408 0.000528 0
908 335 927 387 0.000525 0
1043 410 1059 455 0.000524 0
1262 367 1279 424 0.000524 0
926 341 945 412 0.000523 0
104 248 137 264 0.000523 0
1177 345 1278 422 0.000523 0
976 690 987 703 0.000522 0
1242 198 1247 208 0.000521 0
804 183 862 243 0.000521 0
256 196 275 241 0.000519 0
988 185 1016 220 0.000518 0
367 207 375 225 0.000517 0
261 194 292 247 0.000517 0
367 207 375 231 0.000516 0
1072 429 1083 450 0.000512 0
1071 358 1089 410 0.000509 0
832 418 849 451 0.000508 0
386 197 396 206 0.000506 0
719 438 741 471 0.000505 0
792 411 837 461 0.000505 0
110 205 126 237 0.000504 0
646 436 655 455 0.000504 0
1216 472 1224 483 0.000504 0
799 441 817 456 0.000503 0
1009 445 1025 467 0.000500 0
955 424 972 457 0.000499 0
953 198 962 211 0.000497 0
927 344 944 399 0.000497 0
899 423 944 485 0.000497 0
784 316 823 344 0.000496 0
927 344 944 394 0.000496 0
762 193 785 214 0.000495 0
800 338 817 392 0.000495 0
1178 224 1209 261 0.000493 0
735 466 752 504 0.000491 0
855 225 873 280 0.000486 0
1041 216 1057 233 0.000486 0
931 441 944 456 0.000486 0
802 413 816 425 0.000486 0
1031 481 1067 498 0.000486 0
946 359 1023 462 0.000485 0
727 419 736 439 0.000485 0
850 450 871 478 0.000484 0
1020 443 1039 460 0.000483 0
638 669 673 703 0.000482 0
718 441 736 471 0.000481 0
1180 167 1227 221 0.000481 0
1258 196 1279 259 0.000479 0
735 462 745 471 0.000478 0
639 438 649 458 0.000477 0
663 294 673 338 0.000477 0
1222 471 1231 483 0.000477 0
664 457 672 471 0.000475 0
1232 458 1240 468 0.000474 0
693 471 704 488 0.000473 0
1100 311 1131 345 0.000471 0
801 201 833 239 0.000471 0
276 231 288 261 0.000470 0
951 441 961 463 0.000469 0
817 420 836 454 0.000467 0
844 406 934 484 0.000466 0
1081 64 1134 129 0.000466 0
1151 441 1160 456 0.000465 0
1047 454 1056 466 0.000465 0
909 335 928 392 0.000463 0
876 444 900 488 0.000463 0
103 249 131 264 0.000463 0
639 437 648 457 0.000460 0
906 199 985 253 0.000459 0
861 422 874 438 0.000459 0
687 423 695 435 0.000457 0
895 323 904 343 0.000454 0
863 326 884 343 0.000454 0
640 215 653 271 0.000452 0
1188 212 1216 230 0.000451 0
1110 362 1127 410 0.000451 0
1098 329 1104 343 0.000450 0
781 423 804 452 0.000447 0
1039 449 1049 464 0.000446 0
988 357 1024 403 0.000445 0
1071 456 1080 469 0.000445 0
726 421 737 442 0.000445 0
889 442 933 486 0.000444 0
1216 417 1224 433 0.000443 0
865 211 880 238 0.000442 0
1064 64 1110 128 0.000442 0
1215 343 1279 425 0.000441 0
1190 488 1200 504 0.000440 0
1154 475 1167 488 0.000440 0
926 427 938 456 0.000437 0
1257 196 1279 268 0.000436 0
870 422 882 436 0.000436 0
255 199 287 268 0.000435 0
1223 448 1232 456 0.000435 0
499 231 539 252 0.000432 0
682 205 690 216 0.000430 0
466 196 481 298 0.000430 0
830 418 848 449 0.000426 0
1083 456 1097 471 0.000426 0
910 335 929 393 0.000426 0
1061 64 1163 175 0.000425 0
751 422 775 443 0.000425 0
278 233 288 248 0.000425 0
1021 64 1130 184 0.000424 0
895 427 904 447 0.000423 0
895 328 903 343 0.000422 0
735 454 752 504 0.000421 0
731 437 761 504 0.000420 0
1070 333 1089 409 0.000420 0
1053 64 1252 281 0.000417 0
1035 278 1068 332 0.000415 0
1245 345 1265 380 0.000415 0
1057 83 1138 186 0.000413 0
1007 457 1024 474 0.000413 0
1 64 368 375 0.000413 0
1007 421 1023 440 0.000413 0
659 207 681 231 0.000412 0
1081 459 1096 472 0.000412 0
1169 488 1186 504 0.000412 0
927 344 944 379 0.000411 0
717 431 726 442 0.000410 0
1217 496 1232 510 0.000409 0
104 248 132 264 0.000408 0
1011 424 1025 441 0.000408 0
1015 192 1053 229 0.000406 0
240 215 251 238 0.000406 0
928 345 944 382 0.000405 0
1199 472 1216 483 0.000405 0
222 382 240 408 0.000404 0
1087 491 1097 504 0.000403 0
1231 246 1279 366 0.000403 0
1262 70 1279 180 0.000403 0
766 430 775 443 0.000402 0
945 195 990 252 0.000402 0
822 407 894 479 0.000401 0
977 365 1000 426 0.000399 0
1208 195 1266 267 0.000399 0
947 362 1022 436 0.000399 0
763 412 893 479 0.000398 0
1212 344 1273 421 0.000395 0
734 423 751 451 0.000394 0
1039 412 1047 424 0.000394 0
8 64 352 237 0.000393 0
847 178 867 233 0.000393 0
928 385 942 409 0.000393 0
1041 416 1059 460 0.000392 0
661 293 681 365 0.000392 0
0 65 43 294 0.000391 0
756 195 779 229 0.000389 0
821 455 832 469 0.000389 0
799 440 817 457 0.000388 0
275 229 288 249 0.000386 0
703 414 732 469 0.000385 0
721 457 740 471 0.000385 0
559 589 569 624 0.000384 0
762 455 794 473 0.000383 0
972 365 997 412 0.000383 0
813 460 834 478 0.000381 0
751 454 768 488 0.000381 0
831 478 842 490 0.000380 0
1089 493 1108 505 0.000380 0
1229 64 1279 169 0.000380 0
0 64 23 207 0.000378 0
635 223 655 280 0.000377 0
1013 423 1024 438 0.000377 0
865 185 986 253 0.000376 0
940 349 1023 430 0.000376 0
1226 65 1279 269 0.000375 0
959 367 1004 430 0.000374 0
1101 311 1132 344 0.000373 0
787 327 832 391 0.000372 0
793 442 833 472 0.000372 0
958 421 976 449 0.000372 0
928 342 944 378 0.000371 0
1059 456 1072 471 0.000370 0
1222 453 1232 476 0.000370 0
898 417 944 484 0.000368 0
1217 448 1224 456 0.000367 0
814 312 846 343 0.000367 0
610 202 645 276 0.000364 0
834 475 848 487 0.000363 0
739 201 751 216 0.000360 0
993 444 1008 456 0.000359 0
927 343 953 428 0.000358 0
1216 453 1224 470 0.000357 0
1060 64 1159 132 0.000356 0
838 407 884 457 0.000356 0
942 361 953 392 0.000356 0
1072 456 1096 471 0.000355 0
908 334 932 390 0.000355 0
519 393 529 423 0.000355 0
1072 506 1080 517 0.000354 0
910 336 931 392 0.000354 0
1094 453 1104 471 0.000353 0
513 413 529 426 0.000353 0
1182 345 1198 359 0.000352 0
703 443 720 469 0.000351 0
857 407 882 452 0.000350 0
1109 389 1128 411 0.000348 0
271 189 279 207 0.000348 0
1071 370 1088 409 0.000348 0
580 405 592 451 0.000347 0
945 343 987 394 0.000346 0
1244 461 1263 477 0.000345 0
1013 403 1024 423 0.000345 0
788 204 872 281 0.000345 0
367 207 378 232 0.000344 0
868 419 890 454 0.000344 0
350 184 359 199 0.000343 0
1231 457 1259 487 0.000342 0
1239 189 1279 245 0.000342 0
1226 370 1259 424 0.000342 0
695 474 704 488 0.000341 0
1063 64 1167 226 0.000341 0
1071 423 1083 443 0.000341 0
749 415 835 472 0.000340 0
894 420 943 486 0.000340 0
940 343 1016 406 0.000339 0
942 345 960 392 0.000338 0
1112 185 1133 204 0.000338 0
773 255 846 346 0.000338 0
1189 355 1279 423 0.000338 0
1147 387 1158 407 0.000337 0
663 290 682 350 0.000337 0
338 68 408 345 0.000337 0
910 339 930 393 0.000335 0
910 267 929 346 0.000335 0
1232 373 1256 426 0.000333 0
943 374 953 395 0.000332 0
1012 436 1070 499 0.000331 0
382 552 392 590 0.000330 0
382 560 392 595 0.000329 0
795 408 837 448 0.000328 0
1151 453 1160 466 0.000328 0
1257 66 1279 278 0.000328 0
611 359 624 376 0.000328 0
881 318 895 342 0.000327 0
1182 367 1279 424 0.000327 0
1033 67 1261 262 0.000326 0
1094 64 1132 133 0.000325 0
203 393 223 409 0.000324 0
910 261 929 345 0.000324 0
510 392 542 428 0.000323 0
928 383 944 413 0.000323 0
1186 354 1210 386 0.000321 0
881 326 897 344 0.000321 0
1226 358 1269 427 0.000320 0
519 230 544 251 0.000319 0
1191 364 1279 424 0.000319 0
1095 446 1105 458 0.000318 0
837 434 848 451 0.000318 0
1060 64 1274 182 0.000318 0
1246 404 1254 427 0.000318 0
703 432 722 470 0.000317 0
1157 299 1168 339 0.000316 0
1103 311 1130 334 0.000316 0
160 64 258 221 0.000314 0
254 697 273 703 0.000313 0
879 318 896 342 0.000313 0
237 205 293 265 0.000312 0
591 425 611 455 0.000311 0
782 332 818 392 0.000310 0
257 214 289 264 0.000310 0
317 64 428 221 0.000309 0
1059 199 1084 233 0.000309 0
390 568 406 615 0.000307 0
1212 211 1241 243 0.000307 0
1054 423 1065 459 0.000306 0
324 64 437 217 0.000306 0
1262 199 1279 223 0.000306 0
727 417 736 436 0.000305 0
1181 190 1222 225 0.000304 0
824 423 832 434 0.000302 0
1259 347 1279 420 0.000301 0
343 64 443 213 0.000301 0
773 253 851 348 0.000301 0
876 199 915 247 0.000299 0
334 64 436 215 0.000297 0
241 187 254 218 0.000296 0
1006 435 1024 456 0.000294 0
1099 324 1120 345 0.000293 0
199 211 215 230 0.000291 0
1208 506 1215 517 0.000290 0
519 392 530 411 0.000290 0
800 190 812 230 0.000290 0
706 421 721 442 0.000290 0
762 259 840 346 0.000289 0
157 64 266 241 0.000289 0
1070 191 1091 208 0.000289 0
1124 500 1137 509 0.000288 0
1089 696 1104 703 0.000288 0
1260 133 1279 183 0.000286 0
775 252 840 343 0.000285 0
1098 399 1104 406 0.000285 0
896 423 905 437 0.000284 0
1038 379 1054 424 0.000284 0
872 423 904 462 0.000283 0
1026 326 1089 422 0.000282 0
1245 399 1256 426 0.000282 0
1142 497 1164 509 0.000282 0
981 451 999 483 0.000281 0
798 406 834 447 0.000281 0
1061 64 1117 125 0.000281 0
663 413 670 430 0.000280 0
318 64 368 178 0.000279 0
1046 412 1063 424 0.000279 0
1183 445 1190 456 0.000277 0
907 334 926 362 0.000276 0
840 414 882 455 0.000276 0
927 364 958 429 0.000276 0
1262 123 1279 178 0.000276 0
1245 461 1266 482 0.000275 0
2 65 410 390 0.000274 0
1103 442 1148 496 0.000272 0
897 439 913 457 0.000271 0
844 407 944 486 0.000271 0
1232 391 1255 426 0.000270 0
1076 334 1092 396 0.000270 0
763 267 845 353 0.000269 0
704 404 781 470 0.000268 0
0 64 79 213 0.000268 0
615 358 624 375 0.000268 0
117 64 350 212 0.000267 0
1152 441 1167 460 0.000267 0
323 64 645 356 0.000266 0
1008 478 1017 489 0.000265 0
314 64 368 199 0.000265 0
1231 471 1251 487 0.000265 0
1079 696 1096 703 0.000265 0
1038 653 1064 703 0.000264 0
942 344 962 389 0.000264 0
1011 64 1133 173 0.000263 0
630 439 640 460 0.000263 0
645 438 656 461 0.000263 0
809 276 850 344 0.000262 0
1241 197 1257 239 0.000261 0
734 424 762 460 0.000261 0
779 314 812 344 0.000260 0
665 183 675 217 0.000260 0
755 192 788 229 0.000260 0
831 393 842 410 0.000259 0
1255 343 1279 414 0.000258 0
1095 440 1110 457 0.000258 0
1270 137 1279 169 0.000257 0
1061 64 1128 102 0.000257 0
1246 215 1268 266 0.000256 0
847 209 867 246 0.000256 0
91 64 352 203 0.000255 0
1223 510 1231 517 0.000255 0
1231 246 1279 379 0.000254 0
1086 488 1097 502 0.000254 0
0 64 72 217 0.000254 0
1008 488 1016 504 0.000254 0
736 455 764 472 0.000253 0
767 550 784 585 0.000253 0
1101 324 1124 367 0.000253 0
211 186 241 236 0.000253 0
847 425 857 446 0.000252 0
224 183 233 206 0.000252 0
1023 324 1088 436 0.000252 0
705 406 802 470 0.000251 0
1077 333 1089 345 0.000251 0
519 231 532 245 0.000250 0
431 583 440 617 0.000250 0
576 278 592 294 0.000250 0
1067 332 1090 406 0.000249 0
1054 456 1065 469 0.000248 0
1065 64 1278 174 0.000246 0
1024 324 1089 415 0.000246 0
582 405 591 430 0.000246 0
590 385 609 432 0.000245 0
1077 333 1090 360 0.000245 0
911 439 930 456 0.000244 0
0 111 23 302 0.000243 0
1061 64 1125 76 0.000243 0
805 497 814 506 0.000243 0
1217 405 1232 433 0.000242 0
1136 398 1145 407 0.000242 0
1133 444 1154 471 0.000242 0
1060 64 1130 93 0.000241 0
776 460 799 473 0.000240 0
911 440 925 455 0.000240 0
69 64 337 213 0.000240 0
511 318 522 350 0.000237 0
1040 695 1064 703 0.000237 0
996 600 1064 703 0.000236 0
801 419 820 435 0.000236 0
754 194 798 278 0.000236 0
712 432 795 471 0.000235 0
1274 159 1279 169 0.000235 0
893 412 943 483 0.000235 0
255 64 350 199 0.000234 0
1014 469 1024 482 0.000234 0
193 186 201 202 0.000233 0
109 64 352 247 0.000232 0
430 217 440 226 0.000231 0
0 77 18 241 0.000231 0
974 454 998 483 0.000231 0
672 453 694 471 0.000231 0
316 64 623 203 0.000231 0
1037 375 1051 418 0.000230 0
1168 384 1180 423 0.000229 0
908 334 922 346 0.000229 0
1194 352 1271 416 0.000229 0
679 454 703 471 0.000228 0
1072 421 1088 452 0.000228 0
800 408 815 428 0.000228 0
1170 477 1185 489 0.000228 0
994 588 1071 703 0.000227 0
1057 64 1264 188 0.000227 0
776 268 848 345 0.000227 0
1137 407 1152 427 0.000227 0
1109 318 1138 345 0.000225 0
703 422 722 469 0.000225 0
353 189 367 200 0.000225 0
802 408 819 427 0.000224 0
831 64 839 69 0.000224 0
941 339 994 395 0.000224 0
1028 327 1091 398 0.000224 0
1234 475 1254 487 0.000224 0
751 458 768 487 0.000223 0
947 421 973 459 0.000223 0
605 206 641 250 0.000223 0
1077 335 1090 363 0.000221 0
827 452 881 478 0.000221 0
1209 170 1256 237 0.000221 0
1138 444 1152 462 0.000220 0
1193 364 1249 418 0.000220 0
1136 391 1154 408 0.000220 0
1184 162 1279 307 0.000219 0
1088 323 1121 361 0.000219 0
752 420 810 457 0.000218 0
905 334 919 344 0.000218 0
385 185 400 206 0.000218 0
1061 64 1129 75 0.000218 0
576 278 594 306 0.000218 0
793 207 872 283 0.000218 0
1235 404 1250 427 0.000217 0
415 251 420 270 0.000217 0
579 444 592 461 0.000216 0
649 445 696 462 0.000216 0
1055 422 1064 435 0.000216 0
968 509 976 521 0.000216 0
1262 64 1279 79 0.000215 0
283 64 368 202 0.000215 0
952 188 964 209 0.000215 0
941 342 1020 399 0.000215 0
1055 436 1065 454 0.000214 0
932 411 944 443 0.000213 0
1263 395 1278 424 0.000212 0
335 64 608 328 0.000211 0
1038 419 1048 439 0.000211 0
899 536 912 587 0.000211 0
1102 328 1121 345 0.000211 0
792 199 813 237 0.000211 0
1153 438 1167 456 0.000211 0
975 451 1005 487 0.000210 0
1212 189 1252 240 0.000209 0
1221 68 1279 272 0.000208 0
927 395 944 427 0.000207 0
800 269 849 344 0.000206 0
34 64 394 333 0.000206 0
1233 452 1254 472 0.000206 0
300 64 451 201 0.000206 0
1262 100 1279 171 0.000206 0
1009 483 1025 518 0.000206 0
382 550 392 589 0.000205 0
851 417 943 487 0.000205 0
0 109 17 322 0.000205 0
859 267 912 344 0.000204 0
1071 683 1100 703 0.000204 0
1219 358 1280 426 0.000203 0
1069 486 1089 502 0.000202 0
991 405 1003 422 0.000202 0
930 379 956 433 0.000202 0
208 182 224 226 0.000202 0
962 345 996 392 0.000202 0
1010 443 1069 503 0.000201 0
798 464 815 472 0.000201 0
941 343 961 386 0.000201 0
951 369 1026 468 0.000200 0
943 371 957 406 0.000200 0
974 179 1002 223 0.000200 0
0 113 18 315 0.000200 0
1055 439 1064 459 0.000200 0
1142 388 1162 408 0.000200 0
1071 396 1082 409 0.000199 0
221 191 340 376 0.000199 0
1042 278 1067 326 0.000199 0
1245 363 1279 425 0.000199 0
876 409 900 453 0.000199 0
878 407 896 446 0.000199 0
1264 64 1279 75 0.000198 0
686 459 704 488 0.000198 0
910 269 929 326 0.000198 0
261 192 296 243 0.000198 0
830 443 842 458 0.000198 0
1095 444 1120 472 0.000198 0
41 64 543 356 0.000197 0
1171 65 1279 261 0.000197 0
327 64 677 249 0.000197 0
1208 520 1216 534 0.000196 0
269 222 290 293 0.000196 0
1061 419 1074 453 0.000196 0
1099 450 1114 472 0.000195 0
524 393 541 410 0.000194 0
1032 543 1040 569 0.000194 0
160 64 258 196 0.000194 0
415 642 429 680 0.000194 0
812 407 839 445 0.000194 0
916 376 983 465 0.000194 0
603 360 624 376 0.000193 0
641 417 657 439 0.000192 0
120 64 462 266 0.000192 0
1050 67 1127 165 0.000192 0
787 329 809 367 0.000192 0
1213 364 1279 423 0.000192 0
586 393 609 435 0.000191 0
1035 368 1055 415 0.000191 0
274 238 290 295 0.000191 0
765 456 778 483 0.000191 0
864 309 907 343 0.000191 0
1193 174 1218 211 0.000191 0
314 196 336 231 0.000190 0
1137 439 1153 469 0.000189 0
1087 313 1119 343 0.000189 0
46 312 61 344 0.000189 0
240 216 261 239 0.000189 0
753 376 837 474 0.000189 0
1034 360 1060 419 0.000188 0
308 64 495 205 0.000188 0
145 64 390 211 0.000188 0
1001 431 1008 440 0.000188 0
703 451 716 470 0.000188 0
656 322 673 374 0.000188 0
719 316 745 378 0.000188 0
752 405 896 478 0.000188 0
1165 471 1199 480 0.000187 0
1137 394 1153 427 0.000187 0
764 183 859 243 0.000187 0
1247 422 1253 429 0.000187 0
1223 248 1279 295 0.000186 0
783 420 817 448 0.000186 0
1235 194 1261 250 0.000185 0
687 407 700 438 0.000185 0
391 568 400 603 0.000183 0
1262 168 1279 214 0.000183 0
200 202 224 229 0.000183 0
503 392 540 429 0.000183 0
111 205 129 226 0.000183 0
910 268 928 336 0.000183 0
990 174 1014 218 0.000183 0
880 407 897 433 0.000182 0
993 642 1059 703 0.000182 0
1038 657 1061 703 0.000182 0
270 225 290 276 0.000181 0
1255 431 1263 454 0.000181 0
1056 480 1074 500 0.000180 0
959 503 969 518 0.000180 0
0 66 32 354 0.000180 0
1033 356 1062 418 0.000180 0
768 543 784 585 0.000180 0
1063 64 1086 71 0.000179 0
1151 456 1162 474 0.000179 0
922 403 945 459 0.000179 0
973 384 996 430 0.000179 0
561 410 589 436 0.000179 0
939 343 961 379 0.000179 0
406 251 414 271 0.000178 0
957 685 970 703 0.000178 0
607 407 624 458 0.000178 0
746 380 836 473 0.000177 0
779 310 849 344 0.000177 0
1086 347 1096 360 0.000176 0
541 64 586 218 0.000176 0
1214 64 1233 126 0.000176 0
489 192 530 251 0.000176 0
576 278 595 300 0.000176 0
543 64 591 193 0.000175 0
801 451 833 472 0.000175 0
371 66 446 213 0.000175 0
1036 386 1083 427 0.000175 0
735 423 760 442 0.000175 0
656 314 678 373 0.000175 0
687 535 696 565 0.000174 0
1241 191 1260 237 0.000174 0
1066 72 1105 134 0.000173 0
147 64 258 194 0.000173 0
872 497 879 503 0.000172 0
853 396 863 409 0.000171 0
541 64 586 185 0.000171 0
665 480 672 487 0.000171 0
576 283 594 318 0.000170 0
1213 64 1233 130 0.000170 0
1089 352 1122 407 0.000170 0
546 165 911 277 0.000169 0
833 393 847 411 0.000169 0
1118 64 1157 120 0.000168 0
1030 350 1057 392 0.000168 0
725 320 744 338 0.000168 0
1032 410 1040 425 0.000167 0
790 208 803 234 0.000167 0
1163 64 1220 114 0.000167 0
0 230 18 293 0.000167 0
1102 174 1121 203 0.000167 0
881 513 888 520 0.000166 0
320 64 433 187 0.000166 0
703 405 758 469 0.000166 0
1059 685 1094 703 0.000166 0
859 231 922 346 0.000166 0
1094 439 1122 465 0.000166 0
1210 163 1257 238 0.000166 0
808 686 817 703 0.000166 0
601 361 630 459 0.000165 0
1151 475 1163 488 0.000165 0
303 230 319 297 0.000165 0
880 407 896 426 0.000165 0
991 407 1002 427 0.000164 0
390 567 401 611 0.000164 0
991 456 1002 471 0.000164 0
1030 493 1039 516 0.000163 0
415 580 425 616 0.000163 0
329 64 669 205 0.000163 0
1178 495 1200 507 0.000163 0
562 589 577 625 0.000162 0
1061 64 1168 208 0.000162 0
748 399 786 452 0.000161 0
767 255 836 341 0.000161 0
588 389 608 423 0.000161 0
1015 380 1034 408 0.000161 0
1063 65 1105 128 0.000161 0
655 292 687 376 0.000160 0
591 382 608 423 0.000160 0
579 368 626 463 0.000160 0
1266 107 1279 169 0.000159 0
256 64 337 189 0.000158 0
223 371 240 409 0.000158 0
575 587 585 626 0.000158 0
852 242 874 295 0.000158 0
1084 681 1107 703 0.000158 0
909 270 928 313 0.000158 0
1038 380 1058 423 0.000158 0
255 64 339 206 0.000157 0
1238 417 1247 435 0.000157 0
64 64 131 214 0.000157 0
1039 426 1047 444 0.000156 0
255 64 356 206 0.000156 0
909 327 928 350 0.000156 0
1072 465 1080 484 0.000156 0
426 221 440 233 0.000156 0
750 415 770 442 0.000156 0
1077 330 1106 362 0.000156 0
1119 402 1128 432 0.000156 0
988 65 1088 202 0.000155 0
1032 544 1040 568 0.000155 0
311 64 473 363 0.000155 0
1214 455 1225 473 0.000155 0
949 448 977 482 0.000155 0
1069 64 1122 71 0.000155 0
311 64 638 375 0.000154 0
906 473 944 489 0.000154 0
789 331 811 356 0.000154 0
1198 64 1226 127 0.000153 0
865 256 913 345 0.000153 0
1063 64 1166 152 0.000153 0
214 389 240 409 0.000152 0
324 229 340 251 0.000152 0
383 695 400 703 0.000151 0
1038 664 1071 703 0.000151 0
330 64 696 213 0.000151 0
1215 64 1233 98 0.000150 0
297 64 461 234 0.000150 0
942 453 964 469 0.000150 0
813 311 848 343 0.000150 0
1173 64 1234 104 0.000149 0
1155 343 1198 382 0.000149 0
184 197 191 207 0.000149 0
941 456 954 479 0.000149 0
1101 378 1118 406 0.000149 0
720 317 744 334 0.000149 0
1238 455 1265 474 0.000149 0
620 685 672 703 0.000148 0
1042 688 1096 703 0.000148 0
1111 64 1148 126 0.000148 0
688 351 694 360 0.000148 0
1215 64 1232 93 0.000148 0
1231 107 1280 188 0.000148 0
1208 361 1225 413 0.000148 0
654 306 685 375 0.000147 0
1010 64 1024 71 0.000147 0
1149 135 1226 222 0.000147 0
1120 64 1194 126 0.000147 0
1031 340 1058 392 0.000147 0
475 191 545 252 0.000146 0
542 64 590 178 0.000146 0
299 220 325 299 0.000146 0
705 413 801 471 0.000146 0
831 392 843 409 0.000146 0
759 271 811 352 0.000146 0
1045 433 1058 456 0.000146 0
518 198 545 250 0.000146 0
734 200 766 234 0.000146 0
588 422 623 463 0.000145 0
1009 438 1068 507 0.000145 0
64 64 173 220 0.000145 0
1234 195 1255 235 0.000145 0
1028 425 1040 450 0.000145 0
872 254 929 347 0.000144 0
183 186 192 206 0.000144 0
542 650 558 682 0.000144 0
747 247 806 347 0.000144 0
914 337 927 354 0.000144 0
988 181 1006 218 0.000143 0
1037 192 1058 228 0.000143 0
1057 425 1073 458 0.000143 0
1206 385 1256 426 0.000143 0
173 185 184 207 0.000142 0
1037 645 1075 703 0.000142 0
485 446 497 453 0.000142 0
1025 330 1089 464 0.000142 0
759 262 837 348 0.000142 0
576 355 608 442 0.000142 0
934 361 959 426 0.000141 0
753 415 769 427 0.000141 0
1028 417 1040 444 0.000141 0
1160 64 1211 82 0.000141 0
1042 445 1055 466 0.000141 0
1150 451 1167 472 0.000140 0
655 326 678 369 0.000140 0
1234 197 1255 236 0.000139 0
351 64 497 212 0.000139 0
572 383 605 445 0.000139 0
1159 64 1216 102 0.000138 0
428 220 439 241 0.000138 0
255 389 287 401 0.000138 0
1146 307 1180 344 0.000137 0
255 64 363 184 0.000137 0
554 407 625 462 0.000137 0
1065 64 1132 88 0.000137 0
1232 64 1279 79 0.000137 0
846 422 857 438 0.000137 0
814 406 830 424 0.000137 0
365 187 376 200 0.000137 0
830 401 848 426 0.000137 0
320 64 402 178 0.000136 0
415 592 424 616 0.000136 0
975 460 993 485 0.000136 0
1214 64 1233 82 0.000136 0
775 409 783 428 0.000135 0
830 403 840 419 0.000135 0
1147 72 1180 131 0.000135 0
852 307 864 336 0.000135 0
293 197 320 283 0.000135 0
116 64 535 283 0.000135 0
0 412 97 603 0.000135 0
994 439 1011 455 0.000134 0
1161 76 1201 130 0.000134 0
846 430 897 494 0.000134 0
343 64 437 171 0.000134 0
606 224 632 292 0.000134 0
1245 87 1279 175 0.000134 0
639 535 649 568 0.000134 0
616 201 654 288 0.000134 0
1024 422 1034 439 0.000134 0
314 64 602 377 0.000134 0
715 382 838 472 0.000133 0
855 211 903 271 0.000133 0
62 65 146 221 0.000133 0
854 258 912 343 0.000133 0
922 342 944 377 0.000133 0
1160 75 1197 129 0.000133 0
1115 407 1137 478 0.000132 0
310 64 439 227 0.000132 0
510 463 520 481 0.000132 0
190 184 202 215 0.000131 0
604 358 624 375 0.000131 0
1118 380 1135 411 0.000131 0
308 64 476 263 0.000131 0
1125 378 1135 390 0.000131 0
219 189 329 376 0.000130 0
950 455 976 487 0.000130 0
652 302 695 380 0.000130 0
1021 321 1089 409 0.000130 0
840 395 898 473 0.000130 0
0 171 6 203 0.000129 0
255 64 329 171 0.000129 0
999 517 1008 528 0.000129 0
590 362 625 452 0.000129 0
802 181 814 220 0.000129 0
1231 347 1267 383 0.000129 0
132 64 490 213 0.000128 0
719 317 744 338 0.000128 0
751 205 768 231 0.000128 0
10 378 31 411 0.000128 0
687 407 702 435 0.000128 0
1175 64 1220 127 0.000128 0
509 392 578 435 0.000128 0
1162 68 1196 110 0.000128 0
1136 65 1231 225 0.000128 0
654 323 677 375 0.000127 0
610 452 624 481 0.000127 0
896 423 916 450 0.000127 0
0 127 18 303 0.000127 0
0 143 8 203 0.000127 0
871 310 911 344 0.000127 0
849 177 964 296 0.000127 0
1157 426 1168 440 0.000126 0
1074 489 1089 503 0.000126 0
61 64 125 166 0.000126 0
990 642 1064 703 0.000125 0
1109 402 1159 480 0.000125 0
1067 81 1108 164 0.000125 0
1072 64 1146 107 0.000125 0
1134 484 1186 510 0.000125 0
1065 672 1093 703 0.000125 0
522 195 655 290 0.000124 0
591 407 609 435 0.000124 0
1020 381 1030 394 0.000124 0
374 183 405 204 0.000124 0
1160 115 1227 227 0.000124 0
527 196 656 304 0.000124 0
0 151 7 203 0.000124 0
1168 440 1176 455 0.000124 0
1235 223 1279 279 0.000124 0
542 64 587 164 0.000124 0
66 64 127 162 0.000124 0
911 343 929 399 0.000123 0
717 440 734 487 0.000123 0
631 473 639 480 0.000123 0
1032 333 1089 393 0.000123 0
992 343 1008 366 0.000123 0
1004 456 1070 499 0.000122 0
751 253 807 347 0.000122 0
953 64 1258 280 0.000122 0
135 64 415 197 0.000122 0
515 393 540 408 0.000121 0
670 304 696 374 0.000121 0
63 65 165 227 0.000121 0
1072 335 1113 408 0.000121 0
947 455 971 479 0.000121 0
1047 183 1067 226 0.000120 0
820 317 848 343 0.000120 0
774 394 784 424 0.000120 0
216 125 247 198 0.000120 0
1024 409 1034 423 0.000120 0
1037 178 1054 225 0.000120 0
631 473 640 489 0.000119 0
0 236 20 293 0.000119 0
687 535 697 568 0.000119 0
592 406 608 424 0.000119 0
1060 64 1084 71 0.000119 0
542 64 654 209 0.000118 0
807 450 860 479 0.000118 0
163 64 261 213 0.000118 0
1157 64 1216 91 0.000118 0
483 392 532 422 0.000118 0
144 64 243 220 0.000118 0
1168 456 1197 471 0.000118 0
946 64 960 78 0.000117 0
1094 423 1103 433 0.000117 0
747 198 770 228 0.000117 0
1028 372 1043 410 0.000117 0
1229 406 1244 426 0.000116 0
768 537 778 569 0.000116 0
1002 423 1042 460 0.000116 0
1153 64 1217 93 0.000116 0
1054 460 1073 496 0.000116 0
353 64 508 94 0.000115 0
672 528 691 569 0.000115 0
1135 458 1152 473 0.000115 0
274 253 290 296 0.000115 0
593 361 625 437 0.000115 0
222 203 333 379 0.000114 0
759 257 842 340 0.000114 0
1036 628 1069 699 0.000114 0
1150 87 1162 107 0.000114 0
498 391 623 452 0.000114 0
767 456 777 488 0.000114 0
1245 479 1280 702 0.000114 0
607 234 631 277 0.000114 0
913 353 931 407 0.000114 0
580 377 608 411 0.000114 0
1078 328 1120 364 0.000114 0
1017 326 1088 468 0.000114 0
601 360 633 437 0.000113 0
849 407 869 427 0.000113 0
899 327 922 344 0.000113 0
1264 70 1279 82 0.000113 0
0 78 69 224 0.000112 0
354 64 370 86 0.000112 0
1256 427 1264 442 0.000112 0
954 695 976 703 0.000112 0
845 278 908 345 0.000112 0
1118 64 1240 83 0.000112 0
691 212 703 270 0.000112 0
1161 64 1214 86 0.000111 0
648 480 655 487 0.000111 0
9 65 77 213 0.000110 0
1162 64 1232 133 0.000110 0
1161 64 1235 82 0.000110 0
68 64 500 370 0.000110 0
681 384 688 393 0.000110 0
1159 502 1168 518 0.000110 0
1102 67 1232 223 0.000109 0
1162 65 1203 110 0.000109 0
1164 64 1221 83 0.000109 0
1023 407 1036 423 0.000108 0
355 77 506 221 0.000108 0
1109 499 1120 520 0.000108 0
156 80 210 233 0.000108 0
132 64 475 199 0.000108 0
1156 64 1212 83 0.000108 0
705 386 829 471 0.000108 0
0 377 11 399 0.000108 0
611 407 624 424 0.000108 0
671 530 689 569 0.000107 0
17 64 134 221 0.000107 0
1070 331 1088 346 0.000107 0
605 223 627 292 0.000106 0
655 331 676 384 0.000106 0
770 546 780 579 0.000106 0
1027 353 1055 392 0.000106 0
1142 64 1214 81 0.000106 0
1167 457 1195 477 0.000106 0
1071 572 1088 629 0.000106 0
637 678 816 703 0.000105 0
777 71 916 191 0.000105 0
1084 311 1118 335 0.000105 0
1210 64 1233 78 0.000105 0
711 421 731 442 0.000105 0
1047 487 1089 508 0.000105 0
15 64 127 211 0.000104 0
798 460 822 473 0.000104 0
770 314 789 343 0.000104 0
1011 399 1072 488 0.000104 0
501 377 626 455 0.000104 0
671 454 695 488 0.000104 0
1036 635 1072 703 0.000104 0
895 415 905 437 0.000104 0
175 64 258 178 0.000104 0
1119 64 1232 84 0.000103 0
622 289 686 355 0.000103 0
894 545 910 590 0.000103 0
898 334 927 378 0.000103 0
1039 80 1083 146 0.000102 0
1152 458 1168 478 0.000102 0
901 334 926 363 0.000102 0
636 666 694 703 0.000102 0
1094 497 1105 511 0.000102 0
879 407 889 423 0.000102 0
832 480 840 495 0.000102 0
1239 449 1247 459 0.000102 0
0 258 35 416 0.000101 0
154 86 209 240 0.000101 0
710 403 769 458 0.000101 0
1119 64 1174 102 0.000101 0
1071 333 1087 358 0.000101 0
294 64 552 202 0.000101 0
1052 492 1080 516 0.000101 0
951 204 964 241 0.000100 0
944 220 989 266 0.777127 1
738 229 791 290 0.763843 1
945 217 989 265 0.419350 1
739 234 791 293 0.188081 1
738 229 792 300 0.088576 1
925 206 947 253 0.032491 1
739 234 771 290 0.027881 1
738 237 772 289 0.023483 1
738 229 814 297 0.020694 1
738 241 790 300 0.018497 1
740 244 793 301 0.015372 1
976 223 993 259 0.013927 1
926 224 942 253 0.013580 1
957 222 991 263 0.012582 1
924 203 957 256 0.012363 1
739 237 767 289 0.012253 1
738 239 773 294 0.010620 1
979 223 991 252 0.009312 1
926 217 944 253 0.009265 1
978 221 993 253 0.008895 1
944 233 963 265 0.008830 1
973 223 994 263 0.008707 1
739 238 765 289 0.006772 1
975 223 989 252 0.006722 1
739 240 792 296 0.006694 1
947 221 973 261 0.006561 1
944 225 964 263 0.005655 1
780 244 791 280 0.004895 1
1015 309 1084 343 0.003918 1
781 244 791 279 0.003853 1
985 222 1004 255 0.003679 1
972 225 992 264 0.003658 1
944 238 962 264 0.003518 1
924 203 959 254 0.003405 1
1016 316 1072 343 0.003360 1
738 243 762 289 0.003282 1
759 239 791 280 0.003246 1
1144 310 1169 344 0.003236 1
779 246 793 280 0.003014 1
984 221 1003 254 0.003011 1
943 220 964 258 0.002974 1
925 273 961 301 0.002963 1
863 237 922 291 0.002927 1
780 243 804 280 0.002756 1
780 237 791 279 0.002674 1
924 273 962 303 0.002615 1
802 259 821 281 0.002606 1
781 234 820 281 0.002588 1
742 232 792 285 0.002571 1
1118 314 1168 344 0.002548 1
952 219 973 252 0.002505 1
1146 309 1168 343 0.002476 1
921 205 941 250 0.002229 1
921 205 944 252 0.002217 1
768 244 792 281 0.002207 1
1143 321 1168 343 0.002187 1
1121 322 1168 344 0.002145 1
865 238 924 293 0.002137 1
788 256 803 280 0.002137 1
747 242 773 302 0.002109 1
866 245 921 289 0.002088 1
916 205 945 253 0.002039 1
1016 317 1058 343 0.001970 1
1141 317 1168 343 0.001876 1
787 260 805 280 0.001837 1
808 258 820 280 0.001719 1
985 223 1009 259 0.001662 1
1016 318 1057 344 0.001656 1
924 273 961 298 0.001646 1
953 220 992 259 0.001643 1
1016 282 1077 346 0.001626 1
739 229 786 290 0.001596 1
808 259 826 281 0.001595 1
1143 319 1169 344 0.001589 1
738 244 766 300 0.001572 1
791 262 806 280 0.001564 1
889 256 924 294 0.001530 1
739 229 796 292 0.001517 1
1117 322 1170 344 0.001503 1
933 270 961 301 0.001486 1
807 260 830 281 0.001476 1
738 228 849 308 0.001413 1
867 238 926 296 0.001409 1
744 245 795 302 0.001357 1
691 212 703 238 0.001357 1
1140 322 1169 344 0.001336 1
915 201 947 250 0.001332 1
949 274 960 299 0.001299 1
864 243 911 286 0.001278 1
871 260 913 288 0.001259 1
866 252 897 287 0.001234 1
865 250 895 286 0.001224 1
894 265 920 296 0.001221 1
740 240 768 301 0.001208 1
925 274 963 304 0.001199 1
862 225 924 288 0.001180 1
949 274 960 295 0.001154 1
791 262 807 281 0.001150 1
895 266 913 293 0.001147 1
689 208 728 237 0.001076 1
1018 319 1056 339 0.001053 1
924 276 965 310 0.001034 1
910 270 928 296 0.001008 1
909 269 927 296 0.001002 1
1022 301 1060 341 0.000952 1
924 271 944 294 0.000908 1
957 219 977 251 0.000887 1
870 264 893 286 0.000881 1
1016 307 1088 345 0.000870 1
747 224 777 278 0.000863 1
1026 287 1060 336 0.000833 1
746 207 778 273 0.000832 1
864 235 930 296 0.000826 1
1020 318 1057 337 0.000826 1
690 222 703 238 0.000819 1
944 274 962 303 0.000814 1
895 267 908 290 0.000811 1
866 243 925 295 0.000809 1
857 215 920 285 0.000798 1
863 244 925 293 0.000757 1
1027 313 1064 336 0.000750 1
1087 309 1169 346 0.000750 1
1027 319 1087 340 0.000736 1
794 251 852 282 0.000727 1
807 256 820 280 0.000719 1
939 276 1094 346 0.000716 1
879 263 912 290 0.000715 1
870 198 990 279 0.000715 1
778 231 810 281 0.000713 1
1028 278 1059 333 0.000711 1
894 266 923 297 0.000709 1
930 228 963 263 0.000686 1
911 211 945 253 0.000674 1
935 223 982 307 0.000658 1
865 248 945 298 0.000652 1
868 264 888 285 0.000648 1
502 233 542 253 0.000644 1
1045 279 1070 296 0.000643 1
750 244 815 302 0.000642 1
895 265 907 288 0.000630 1
1037 321 1057 337 0.000626 1
741 252 768 302 0.000622 1
1039 278 1057 311 0.000620 1
1039 278 1058 296 0.000618 1
1016 318 1074 357 0.000612 1
640 205 802 288 0.000611 1
1016 315 1089 402 0.000610 1
893 263 910 289 0.000610 1
862 238 926 295 0.000609 1
1015 316 1088 391 0.000604 1
1015 318 1051 343 0.000602 1
950 274 960 292 0.000575 1
20 227 75 255 0.000571 1
977 212 1019 255 0.000570 1
909 271 945 300 0.000569 1
865 242 890 283 0.000558 1
739 230 772 286 0.000553 1
618 219 800 291 0.000552 1
926 273 944 293 0.000551 1
948 277 1077 340 0.000542 1
1124 303 1170 344 0.000537 1
1034 278 1058 329 0.000530 1
1045 279 1066 296 0.000520 1
909 271 926 296 0.000520 1
774 209 792 278 0.000513 1
738 253 760 290 0.000510 1
787 258 824 291 0.000509 1
925 271 944 293 0.000508 1
794 260 835 291 0.000508 1
875 265 970 301 0.000504 1
920 271 944 295 0.000498 1
22 235 74 258 0.000495 1
1119 314 1139 342 0.000492 1
975 224 1011 264 0.000486 1
898 254 924 296 0.000485 1
906 200 943 250 0.000465 1
738 261 765 302 0.000462 1
749 225 760 234 0.000459 1
923 224 1029 307 0.000458 1
1122 324 1135 340 0.000453 1
789 262 816 289 0.000450 1
954 219 1023 260 0.000448 1
894 266 913 297 0.000446 1
876 269 893 287 0.000444 1
1138 307 1169 348 0.000435 1
856 248 893 290 0.000433 1
744 232 772 282 0.000432 1
866 234 923 284 0.000427 1
1017 319 1089 360 0.000424 1
910 205 936 250 0.000423 1
891 210 947 251 0.000419 1
874 200 917 245 0.000412 1
1145 309 1177 346 0.000410 1
952 206 972 251 0.000408 1
1020 278 1060 338 0.000404 1
743 225 758 234 0.000402 1
893 268 967 307 0.000400 1
823 263 834 282 0.000394 1
38 235 73 255 0.000392 1
1120 324 1146 344 0.000382 1
750 243 771 302 0.000376 1
1146 325 1176 343 0.000376 1
738 248 762 289 0.000375 1
867 265 889 295 0.000370 1
36 227 90 255 0.000356 1
868 198 964 255 0.000354 1
915 274 946 312 0.000351 1
1015 277 1055 344 0.000350 1
924 258 1045 308 0.000347 1
1179 182 1227 219 0.000343 1
902 245 928 296 0.000343 1
855 229 879 282 0.000335 1
46 236 80 257 0.000331 1
825 264 833 282 0.000331 1
1142 325 1186 360 0.000326 1
943 273 968 303 0.000318 1
1016 319 1050 345 0.000316 1
1062 307 1211 403 0.000310 1
22 223 71 254 0.000297 1
862 196 1009 299 0.000296 1
1083 313 1173 368 0.000296 1
917 275 1123 336 0.000292 1
755 223 791 284 0.000292 1
738 228 772 238 0.000291 1
25 223 77 255 0.000278 1
18 221 65 255 0.000271 1
923 278 967 313 0.000261 1
741 226 773 254 0.000260 1
737 231 767 290 0.000257 1
926 283 956 312 0.000249 1
940 274 968 303 0.000241 1
1022 278 1056 328 0.000231 1
751 217 801 283 0.000228 1
781 231 813 281 0.000225 1
986 277 1146 346 0.000224 1
911 271 929 313 0.000224 1
900 227 967 265 0.000222 1
736 261 759 299 0.000220 1
1019 319 1089 410 0.000219 1
1118 294 1158 343 0.000215 1
872 266 914 301 0.000214 1
854 261 892 297 0.000208 1
937 276 1091 382 0.000199 1
881 223 940 249 0.000196 1
788 261 809 290 0.000193 1
702 213 766 235 0.000189 1
1056 305 1278 414 0.000188 1
858 211 891 281 0.000186 1
985 277 1042 326 0.000184 1
869 234 942 283 0.000184 1
1025 279 1041 296 0.000178 1
865 187 971 290 0.000172 1
875 219 954 273 0.000171 1
934 216 1057 274 0.000166 1
619 224 799 297 0.000163 1
908 271 1043 312 0.000162 1
16 221 55 250 0.000162 1
940 224 982 292 0.000158 1
751 246 827 311 0.000150 1
931 278 976 308 0.000148 1
1025 278 1040 296 0.000148 1
1117 311 1138 341 0.000145 1
897 254 957 295 0.000143 1
736 220 792 289 0.000143 1
1015 279 1040 336 0.000142 1
750 211 771 233 0.000138 1
944 223 989 271 0.000136 1
870 272 900 297 0.000134 1
938 317 1089 409 0.000130 1
822 263 833 287 0.000129 1
859 242 969 325 0.000129 1
927 275 1129 339 0.000125 1
887 240 922 295 0.000118 1
924 285 942 312 0.000118 1
1046 307 1168 348 0.000111 1
786 253 841 323 0.000110 1
780 231 849 281 0.000109 1
787 253 829 322 0.000108 1
884 213 958 299 0.000106 1
692 206 728 235 0.090313 2
484 199 516 217 0.057026 2
487 199 514 217 0.037961 2
629 197 655 214 0.034922 2
620 197 655 215 0.033935 2
693 204 729 235 0.029832 2
631 200 653 216 0.026683 2
1113 220 1135 232 0.026664 2
483 197 516 217 0.025812 2
632 196 656 215 0.025370 2
630 373 659 395 0.022466 2
694 208 728 235 0.022376 2
532 207 545 218 0.021970 2
304 185 323 198 0.020927 2
1058 212 1123 246 0.019217 2
822 329 848 344 0.019024 2
1263 347 1279 369 0.018958 2
1004 197 1041 227 0.018862 2
1004 196 1049 229 0.018698 2
633 198 655 216 0.018488 2
1207 254 1226 266 0.018174 2
305 187 321 198 0.018144 2
1113 219 1134 233 0.017741 2
824 329 848 343 0.017084 2
1005 197 1044 226 0.016639 2
615 190 656 215 0.014778 2
623 192 656 214 0.014449 2
457 408 519 446 0.014308 2
0 392 17 410 0.013946 2
1113 218 1136 231 0.013851 2
1059 211 1127 247 0.013681 2
1004 202 1026 227 0.013481 2
461 410 520 443 0.013107 2
619 191 655 215 0.012856 2
1104 487 1118 495 0.012579 2
1202 254 1226 267 0.012398 2
1247 344 1264 357 0.011273 2
461 418 524 447 0.011051 2
1003 235 1024 252 0.010762 2
457 418 520 447 0.010460 2
1259 344 1279 369 0.010205 2
1104 487 1121 496 0.010091 2
1004 204 1025 229 0.009811 2
1113 218 1135 232 0.009640 2
588 186 656 216 0.009189 2
876 198 958 246 0.009011 2
460 407 516 443 0.008825 2
696 203 729 234 0.008706 2
530 198 554 218 0.008213 2
1061 209 1134 247 0.007917 2
1003 235 1024 249 0.007876 2
632 192 656 214 0.007244 2
534 204 546 217 0.007156 2
1057 213 1096 244 0.007089 2
455 408 507 443 0.007002 2
708 210 728 234 0.006970 2
692 198 732 234 0.006879 2
875 199 943 244 0.006843 2
158 416 167 423 0.006589 2
691 201 738 235 0.006555 2
529 204 543 217 0.006374 2
692 198 730 232 0.006338 2
750 439 800 472 0.006280 2
1058 213 1096 240 0.006119 2
630 376 660 396 0.006020 2
1263 345 1279 369 0.005978 2
575 430 592 457 0.005977 2
1064 214 1122 247 0.005807 2
481 179 516 217 0.005703 2
632 201 647 215 0.005702 2
1248 344 1264 358 0.005369 2
592 423 609 434 0.005320 2
632 373 661 395 0.005163 2
111 412 131 426 0.004988 2
669 454 684 463 0.004972 2
462 421 507 446 0.004971 2
450 408 507 442 0.004956 2
648 455 656 461 0.004946 2
462 421 498 445 0.004931 2
1002 235 1025 255 0.004900 2
1247 345 1263 358 0.004798 2
1199 257 1217 265 0.004794 2
111 412 138 426 0.004716 2
1079 209 1137 246 0.004613 2
1206 254 1239 267 0.004573 2
1120 64 1152 77 0.004455 2
1005 201 1043 229 0.004429 2
0 393 22 423 0.004413 2
431 425 459 442 0.004364 2
442 424 463 443 0.004361 2
532 201 556 218 0.004351 2
482 190 520 217 0.004289 2
1112 220 1136 243 0.004282 2
1183 275 1225 286 0.004264 2
462 408 517 442 0.004177 2
1006 194 1048 227 0.004161 2
1247 344 1279 360 0.004157 2
1113 487 1136 497 0.004139 2
431 423 463 442 0.004053 2
1066 213 1096 234 0.004010 2
1002 231 1025 253 0.003973 2
591 424 609 433 0.003917 2
873 197 952 234 0.003902 2
536 202 553 218 0.003884 2
464 419 523 441 0.003862 2
175 401 192 417 0.003840 2
631 372 661 396 0.003808 2
1247 344 1280 372 0.003797 2
481 184 519 217 0.003751 2
431 422 460 441 0.003688 2
0 394 48 423 0.003685 2
1095 219 1121 246 0.003658 2
1184 276 1229 286 0.003598 2
109 400 180 426 0.003477 2
1065 214 1101 234 0.003455 2
429 422 464 443 0.003383 2
1006 194 1044 225 0.003381 2
823 471 832 478 0.003341 2
879 198 919 232 0.003329 2
879 199 904 242 0.003301 2
190 393 223 413 0.003285 2
1101 225 1119 247 0.003083 2
111 403 154 426 0.003077 2
1205 255 1226 272 0.003068 2
1185 275 1231 288 0.003063 2
1263 252 1279 270 0.003048 2
904 456 913 463 0.003040 2
1007 212 1024 229 0.003026 2
1187 275 1232 288 0.002996 2
1184 256 1231 288 0.002954 2
110 410 143 426 0.002847 2
1063 210 1132 242 0.002846 2
125 399 181 424 0.002814 2
184 393 223 417 0.002797 2
495 425 517 446 0.002785 2
630 375 659 396 0.002769 2
504 324 512 335 0.002752 2
1069 205 1137 239 0.002722 2
127 398 181 424 0.002668 2
1005 218 1024 230 0.002650 2
1183 265 1232 287 0.002632 2
319 212 331 231 0.002620 2
46 402 148 425 0.002591 2
1002 235 1032 255 0.002590 2
455 204 465 216 0.002580 2
113 400 179 425 0.002569 2
1056 215 1093 242 0.002564 2
550 200 563 216 0.002551 2
125 395 204 423 0.002542 2
875 201 907 244 0.002522 2
1202 255 1226 273 0.002515 2
448 423 464 442 0.002515 2
1101 220 1128 248 0.002514 2
877 198 913 234 0.002506 2
463 422 498 447 0.002466 2
465 408 519 441 0.002452 2
502 437 528 448 0.002354 2
1070 214 1095 238 0.002347 2
440 407 506 443 0.002338 2
175 401 195 418 0.002325 2
701 198 744 217 0.002311 2
751 439 795 457 0.002279 2
549 201 561 216 0.002279 2
898 198 954 247 0.002252 2
607 447 624 467 0.002234 2
957 482 969 487 0.002135 2
656 452 665 462 0.002112 2
451 423 465 441 0.002097 2
319 203 332 231 0.002082 2
818 329 848 345 0.002052 2
190 392 222 410 0.002032 2
1069 215 1100 234 0.002028 2
1205 276 1231 289 0.002005 2
191 393 212 409 0.001987 2
0 399 48 423 0.001982 2
190 393 220 416 0.001970 2
526 424 583 438 0.001954 2
1263 256 1279 270 0.001950 2
462 421 528 449 0.001935 2
511 423 580 439 0.001934 2
1023 208 1045 229 0.001928 2
1102 227 1119 247 0.001923 2
1263 347 1279 377 0.001911 2
751 438 799 458 0.001885 2
593 447 609 455 0.001882 2
1262 240 1279 269 0.001875 2
112 404 173 426 0.001868 2
565 429 592 448 0.001857 2
1097 208 1137 232 0.001851 2
815 472 826 478 0.001800 2
1002 237 1035 256 0.001795 2
509 436 528 448 0.001778 2
175 400 192 416 0.001763 2
495 239 529 251 0.001734 2
117 403 174 424 0.001720 2
878 202 906 242 0.001696 2
990 192 1042 226 0.001694 2
987 202 1024 234 0.001691 2
750 439 765 449 0.001680 2
951 481 968 487 0.001678 2
563 201 577 215 0.001641 2
1093 208 1138 232 0.001638 2
305 184 335 199 0.001635 2
698 200 753 234 0.001625 2
1185 274 1211 285 0.001620 2
521 192 556 217 0.001603 2
629 368 659 396 0.001593 2
498 436 520 448 0.001592 2
175 393 218 418 0.001589 2
877 200 906 240 0.001562 2
813 328 847 344 0.001551 2
1205 255 1236 275 0.001534 2
1064 196 1136 241 0.001529 2
961 480 975 487 0.001516 2
875 199 914 244 0.001514 2
293 176 309 198 0.001509 2
750 439 787 473 0.001472 2
460 422 516 448 0.001466 2
492 423 534 448 0.001455 2
0 251 326 396 0.001446 2
1001 230 1026 259 0.001431 2
717 198 729 213 0.001427 2
496 238 532 252 0.001425 2
134 413 170 424 0.001418 2
274 184 294 191 0.001417 2
1002 205 1047 231 0.001415 2
208 398 223 409 0.001409 2
1121 64 1152 78 0.001387 2
1205 246 1276 267 0.001367 2
1261 238 1279 255 0.001365 2
1263 256 1278 270 0.001338 2
599 319 608 329 0.001331 2
1057 213 1091 234 0.001307 2
448 419 499 445 0.001306 2
1182 228 1244 267 0.001304 2
989 202 1015 223 0.001300 2
0 392 53 423 0.001294 2
1203 253 1241 268 0.001286 2
1178 274 1220 285 0.001284 2
985 220 1024 254 0.001253 2
171 394 224 426 0.001245 2
1245 250 1267 265 0.001242 2
703 203 761 235 0.001239 2
943 455 953 463 0.001229 2
502 424 564 439 0.001201 2
1163 236 1177 250 0.001150 2
605 197 619 215 0.001138 2
1021 207 1052 230 0.001133 2
1264 366 1279 375 0.001108 2
511 340 521 350 0.001102 2
148 402 177 424 0.001102 2
1005 191 1132 247 0.001081 2
499 424 570 443 0.001081 2
636 456 654 462 0.001071 2
168 393 222 425 0.001063 2
412 406 510 444 0.001060 2
294 175 306 196 0.001051 2
1102 230 1119 247 0.001047 2
318 202 335 231 0.001041 2
549 180 578 216 0.001024 2
104 237 156 264 0.001019 2
1056 217 1069 231 0.001018 2
630 455 639 461 0.000987 2
558 425 577 432 0.000955 2
1246 248 1266 264 0.000948 2
1237 344 1256 354 0.000945 2
207 396 223 420 0.000936 2
1161 236 1174 249 0.000936 2
671 433 679 440 0.000935 2
1189 254 1232 289 0.000930 2
1262 168 1279 180 0.000918 2
414 406 507 441 0.000905 2
5 399 53 423 0.000885 2
1272 198 1279 214 0.000872 2
599 464 609 470 0.000868 2
1002 512 1016 520 0.000855 2
1182 256 1280 291 0.000851 2
863 335 882 343 0.000849 2
1196 251 1280 292 0.000849 2
1145 502 1164 511 0.000845 2
654 450 676 462 0.000840 2
476 194 493 216 0.000836 2
572 424 614 456 0.000836 2
915 198 955 240 0.000830 2
1201 238 1273 267 0.000828 2
1200 255 1279 292 0.000825 2
925 203 960 240 0.000811 2
658 450 692 463 0.000803 2
1245 240 1279 266 0.000794 2
448 425 463 445 0.000788 2
473 409 532 440 0.000776 2
1246 249 1278 267 0.000770 2
700 201 765 235 0.000765 2
890 198 956 234 0.000758 2
701 207 760 235 0.000758 2
589 196 619 214 0.000756 2
172 400 214 424 0.000751 2
1112 215 1183 243 0.000746 2
1180 272 1278 292 0.000733 2
172 394 219 424 0.000713 2
483 189 499 209 0.000713 2
499 237 535 252 0.000710 2
1203 249 1279 292 0.000704 2
661 450 697 462 0.000700 2
461 407 506 434 0.000697 2
1183 274 1201 284 0.000697 2
110 409 145 430 0.000696 2
151 401 212 425 0.000696 2
1062 188 1128 246 0.000685 2
538 427 590 439 0.000681 2
1167 273 1201 283 0.000678 2
1028 317 1088 341 0.000673 2
1055 464 1065 471 0.000670 2
598 423 618 435 0.000667 2
497 237 545 253 0.000667 2
629 372 658 396 0.000662 2
1263 364 1279 402 0.000661 2
536 424 585 438 0.000657 2
606 448 624 470 0.000650 2
671 423 689 439 0.000647 2
598 452 608 461 0.000639 2
1119 64 1150 77 0.000636 2
735 438 766 458 0.000634 2
526 426 591 455 0.000632 2
479 186 569 217 0.000628 2
873 203 907 244 0.000627 2
247 411 264 423 0.000626 2
997 509 1016 520 0.000624 2
500 235 543 253 0.000622 2
1070 206 1097 234 0.000619 2
294 200 333 233 0.000608 2
689 454 703 467 0.000607 2
413 406 508 429 0.000605 2
469 408 506 421 0.000602 2
530 426 592 456 0.000601 2
1070 196 1092 212 0.000595 2
1062 199 1098 239 0.000591 2
62 255 91 264 0.000578 2
973 448 985 457 0.000577 2
822 329 848 352 0.000577 2
0 282 24 294 0.000576 2
978 208 1029 254 0.000572 2
691 193 728 230 0.000566 2
1202 255 1241 274 0.000560 2
104 247 140 264 0.000558 2
735 440 761 460 0.000555 2
1246 344 1278 375 0.000553 2
106 236 193 264 0.000552 2
1167 263 1184 269 0.000550 2
1024 319 1089 355 0.000549 2
1189 230 1252 266 0.000548 2
497 231 544 253 0.000546 2
0 280 7 293 0.000544 2
1074 195 1092 210 0.000539 2
497 233 542 252 0.000537 2
623 374 660 395 0.000535 2
207 396 224 425 0.000529 2
294 199 333 245 0.000522 2
104 242 154 264 0.000521 2
1066 198 1128 236 0.000514 2
415 406 499 443 0.000514 2
242 216 270 240 0.000511 2
472 408 516 424 0.000510 2
528 188 553 216 0.000508 2
377 417 464 441 0.000508 2
829 504 841 511 0.000505 2
104 248 137 264 0.000504 2
591 423 613 450 0.000504 2
970 480 987 487 0.000504 2
1201 251 1280 294 0.000503 2
105 248 149 264 0.000502 2
1213 495 1224 504 0.000498 2
110 237 156 262 0.000492 2
690 213 728 236 0.000487 2
274 185 284 195 0.000487 2
1224 162 1279 214 0.000484 2
75 236 131 264 0.000483 2
463 407 507 427 0.000481 2
165 392 218 418 0.000476 2
62 255 89 264 0.000474 2
1262 197 1277 213 0.000473 2
94 399 170 425 0.000473 2
671 424 689 440 0.000471 2
1199 258 1224 272 0.000470 2
1262 169 1279 199 0.000467 2
591 448 606 457 0.000466 2
0 263 24 294 0.000461 2
1262 213 1279 268 0.000454 2
367 411 400 474 0.000454 2
672 423 689 438 0.000452 2
822 329 848 356 0.000448 2
553 201 593 217 0.000446 2
465 407 505 424 0.000444 2
46 393 114 424 0.000441 2
448 424 464 446 0.000441 2
456 202 465 216 0.000440 2
359 409 367 415 0.000439 2
555 432 592 456 0.000432 2
772 457 798 474 0.000432 2
1030 310 1126 339 0.000431 2
496 235 544 252 0.000428 2
292 175 319 198 0.000427 2
865 185 909 241 0.000423 2
818 328 848 361 0.000422 2
1059 209 1199 253 0.000422 2
111 411 143 430 0.000420 2
1015 319 1044 343 0.000419 2
929 199 958 212 0.000418 2
385 415 463 442 0.000416 2
156 394 224 444 0.000411 2
820 326 848 343 0.000408 2
870 177 939 200 0.000406 2
329 199 389 232 0.000406 2
1015 319 1042 344 0.000402 2
691 459 703 469 0.000401 2
852 438 870 454 0.000398 2
415 407 451 423 0.000397 2
39 398 166 425 0.000397 2
703 440 721 469 0.000396 2
147 392 219 416 0.000395 2
246 409 263 424 0.000393 2
61 391 82 401 0.000393 2
606 200 656 248 0.000392 2
244 214 269 239 0.000390 2
868 176 938 198 0.000387 2
1035 324 1088 342 0.000386 2
134 393 208 417 0.000386 2
1197 472 1216 482 0.000386 2
998 196 1093 257 0.000384 2
655 427 664 439 0.000384 2
273 179 312 199 0.000381 2
46 394 94 424 0.000374 2
573 424 612 460 0.000374 2
1224 162 1276 181 0.000373 2
1099 198 1121 209 0.000372 2
952 482 971 489 0.000372 2
9 392 102 423 0.000372 2
4 401 62 424 0.000371 2
390 422 399 437 0.000369 2
483 200 517 223 0.000368 2
1167 273 1215 284 0.000365 2
453 204 466 222 0.000364 2
415 407 453 423 0.000364 2
158 238 192 261 0.000362 2
661 274 676 283 0.000362 2
864 213 883 243 0.000361 2
449 422 497 448 0.000361 2
1031 311 1115 339 0.000361 2
1037 197 1071 233 0.000359 2
639 438 702 463 0.000358 2
415 416 433 423 0.000356 2
1195 226 1275 266 0.000354 2
496 239 534 253 0.000353 2
766 456 797 473 0.000352 2
750 437 835 474 0.000351 2
1220 345 1275 365 0.000350 2
1044 279 1072 296 0.000349 2
533 202 555 221 0.000348 2
0 393 95 423 0.000346 2
1233 175 1279 247 0.000345 2
415 407 464 439 0.000342 2
1212 254 1280 296 0.000340 2
634 194 664 217 0.000339 2
623 183 651 213 0.000338 2
31 274 48 295 0.000337 2
40 392 79 402 0.000335 2
1263 169 1279 181 0.000329 2
431 423 464 446 0.000328 2
1052 317 1063 329 0.000328 2
370 417 457 439 0.000326 2
525 428 592 455 0.000326 2
656 441 703 466 0.000326 2
1044 313 1090 338 0.000324 2
158 393 223 447 0.000322 2
324 191 337 199 0.000322 2
719 316 745 337 0.000321 2
1263 368 1279 404 0.000320 2
33 254 95 284 0.000318 2
824 328 862 344 0.000318 2
624 373 658 395 0.000318 2
671 463 682 471 0.000317 2
1253 325 1279 369 0.000316 2
1263 321 1279 369 0.000315 2
778 471 793 476 0.000313 2
486 409 528 427 0.000313 2
46 391 82 403 0.000310 2
866 176 940 202 0.000308 2
452 302 518 346 0.000306 2
401 417 462 442 0.000305 2
1168 274 1234 307 0.000303 2
501 404 582 440 0.000302 2
5 391 89 403 0.000301 2
983 496 992 502 0.000300 2
452 306 515 346 0.000300 2
503 406 589 439 0.000297 2
1262 169 1279 227 0.000296 2
1264 320 1279 363 0.000295 2
161 241 192 262 0.000294 2
91 236 192 264 0.000294 2
653 210 729 236 0.000292 2
415 407 458 424 0.000290 2
0 256 51 294 0.000289 2
1167 262 1202 278 0.000289 2
0 281 7 294 0.000287 2
1045 311 1129 345 0.000287 2
1073 328 1088 338 0.000286 2
415 406 495 424 0.000284 2
114 237 156 255 0.000282 2
1247 329 1265 358 0.000282 2
1213 343 1272 358 0.000281 2
975 300 993 312 0.000278 2
1262 169 1279 212 0.000277 2
1253 253 1279 270 0.000276 2
546 199 621 219 0.000270 2
304 187 334 233 0.000270 2
1188 341 1279 421 0.000269 2
637 210 673 228 0.000268 2
115 405 169 431 0.000268 2
556 441 575 455 0.000267 2
1030 322 1088 364 0.000267 2
3 254 68 285 0.000264 2
269 455 294 466 0.000263 2
605 452 641 466 0.000263 2
446 195 466 221 0.000261 2
47 400 112 424 0.000260 2
1078 191 1123 211 0.000260 2
656 432 677 440 0.000258 2
914 179 943 201 0.000258 2
1002 254 1009 262 0.000258 2
47 400 85 424 0.000257 2
367 415 397 473 0.000257 2
376 453 408 471 0.000255 2
823 326 865 344 0.000254 2
1119 64 1167 78 0.000252 2
1031 322 1088 349 0.000252 2
638 423 650 435 0.000250 2
294 199 334 270 0.000249 2
1183 328 1200 340 0.000248 2
5 234 196 279 0.000246 2
368 414 400 447 0.000243 2
817 359 832 376 0.000242 2
1040 309 1146 337 0.000240 2
72 238 116 264 0.000240 2
638 180 713 222 0.000239 2
161 248 192 261 0.000238 2
1072 321 1122 344 0.000236 2
959 510 968 519 0.000236 2
264 455 276 463 0.000234 2
1 255 52 283 0.000233 2
391 425 400 438 0.000233 2
521 193 585 218 0.000232 2
695 194 791 238 0.000231 2
853 440 872 454 0.000231 2
478 186 493 205 0.000229 2
1050 194 1090 223 0.000227 2
502 395 597 446 0.000227 2
19 236 192 266 0.000225 2
0 232 216 340 0.000224 2
1239 253 1279 295 0.000224 2
3 392 32 409 0.000223 2
590 450 608 461 0.000223 2
1015 319 1040 343 0.000222 2
601 323 664 379 0.000222 2
140 237 192 263 0.000220 2
1031 310 1120 336 0.000220 2
146 238 192 264 0.000219 2
574 431 593 463 0.000219 2
2 222 347 392 0.000219 2
324 202 355 233 0.000218 2
325 200 354 233 0.000217 2
623 324 666 367 0.000215 2
665 187 693 227 0.000214 2
19 200 36 206 0.000211 2
87 411 146 434 0.000211 2
31 398 100 424 0.000210 2
470 190 480 203 0.000210 2
991 506 1017 520 0.000209 2
1118 64 1171 86 0.000209 2
32 277 47 296 0.000209 2
1224 344 1277 378 0.000208 2
1199 345 1279 380 0.000207 2
629 201 676 224 0.000207 2
297 193 331 237 0.000206 2
821 327 877 344 0.000205 2
206 397 224 443 0.000205 2
1186 344 1269 420 0.000204 2
263 454 294 466 0.000202 2
99 236 193 266 0.000201 2
1178 274 1232 306 0.000200 2
1226 176 1279 215 0.000200 2
8 235 194 268 0.000200 2
1222 161 1279 182 0.000198 2
495 239 531 253 0.000197 2
974 298 999 312 0.000196 2
1051 196 1066 223 0.000196 2
1206 266 1279 293 0.000196 2
43 439 63 446 0.000195 2
1077 328 1115 345 0.000195 2
106 238 160 264 0.000195 2
0 233 218 330 0.000194 2
273 182 313 201 0.000194 2
623 312 676 361 0.000194 2
154 393 220 447 0.000193 2
1215 269 1280 295 0.000191 2
623 308 687 362 0.000191 2
0 251 17 294 0.000190 2
992 504 1017 520 0.000190 2
1191 274 1232 306 0.000189 2
508 401 584 434 0.000189 2
557 182 588 216 0.000188 2
1172 247 1279 293 0.000188 2
1224 161 1273 182 0.000188 2
31 262 48 295 0.000187 2
369 417 460 440 0.000187 2
623 323 683 375 0.000186 2
1167 273 1228 286 0.000186 2
75 235 160 265 0.000185 2
693 214 738 237 0.000185 2
35 254 96 289 0.000185 2
688 448 703 461 0.000184 2
511 404 585 435 0.000183 2
1050 310 1066 328 0.000183 2
624 325 666 359 0.000180 2
677 209 695 232 0.000180 2
911 178 938 200 0.000177 2
235 407 264 423 0.000176 2
1060 210 1117 266 0.000175 2
800 355 833 385 0.000174 2
633 458 652 471 0.000173 2
1045 462 1056 470 0.000172 2
60 237 115 264 0.000172 2
1210 345 1279 368 0.000171 2
368 418 393 445 0.000171 2
1263 168 1279 233 0.000170 2
526 431 588 454 0.000170 2
799 345 833 381 0.000169 2
47 408 67 424 0.000167 2
1007 331 1016 345 0.000167 2
622 324 663 368 0.000166 2
207 487 222 500 0.000166 2
58 254 93 280 0.000166 2
246 408 264 423 0.000166 2
951 485 968 494 0.000165 2
909 175 938 189 0.000164 2
624 322 683 364 0.000163 2
483 199 520 224 0.000163 2
610 445 637 461 0.000162 2
272 391 287 399 0.000162 2
339 199 389 232 0.000161 2
751 272 913 348 0.000161 2
1134 183 1203 219 0.000161 2
711 202 773 234 0.000160 2
591 458 613 472 0.000160 2
917 277 1035 302 0.000158 2
493 436 528 454 0.000158 2
495 293 513 337 0.000157 2
1183 328 1200 343 0.000156 2
1188 344 1274 411 0.000156 2
368 399 400 441 0.000156 2
838 447 849 455 0.000155 2
912 164 957 200 0.000155 2
508 393 582 433 0.000153 2
1028 323 1090 392 0.000153 2
5 176 474 389 0.000153 2
1247 307 1279 364 0.000153 2
629 365 645 393 0.000151 2
10 235 193 265 0.000151 2
781 178 976 291 0.000150 2
646 438 703 461 0.000150 2
621 455 661 474 0.000150 2
1151 185 1204 225 0.000149 2
384 406 400 418 0.000148 2
330 405 368 463 0.000147 2
1039 695 1063 703 0.000147 2
644 181 674 215 0.000147 2
333 199 382 231 0.000145 2
619 177 703 219 0.000144 2
619 320 667 391 0.000143 2
1163 271 1280 307 0.000143 2
466 391 480 403 0.000143 2
325 403 392 436 0.000142 2
1050 311 1087 333 0.000142 2
187 223 243 265 0.000142 2
931 208 1061 255 0.000141 2
1247 327 1270 359 0.000140 2
372 453 416 471 0.000139 2
0 254 203 397 0.000138 2
211 489 224 498 0.000137 2
331 405 367 446 0.000137 2
991 504 1018 520 0.000137 2
927 277 1029 302 0.000137 2
1119 64 1215 79 0.000137 2
344 198 389 229 0.000137 2
1205 340 1266 357 0.000137 2
47 404 75 424 0.000136 2
378 453 412 471 0.000136 2
504 314 524 351 0.000135 2
504 407 585 436 0.000134 2
5 236 109 292 0.000134 2
327 405 368 455 0.000133 2
636 673 692 703 0.000133 2
506 406 587 438 0.000132 2
196 407 265 429 0.000131 2
771 468 793 477 0.000131 2
719 335 737 369 0.000131 2
357 219 368 231 0.000130 2
29 237 92 272 0.000130 2
95 236 203 269 0.000129 2
8 211 500 395 0.000129 2
495 304 512 336 0.000129 2
815 315 849 343 0.000129 2
330 405 372 450 0.000129 2
3 242 480 396 0.000129 2
1 148 481 393 0.000128 2
140 398 217 444 0.000128 2
0 238 211 344 0.000127 2
719 318 742 339 0.000127 2
669 418 702 441 0.000127 2
761 309 849 344 0.000125 2
1033 327 1089 360 0.000124 2
496 308 512 336 0.000123 2
1095 445 1119 464 0.000123 2
273 184 296 202 0.000122 2
560 375 703 457 0.000122 2
633 377 682 402 0.000121 2
161 391 223 459 0.000121 2
998 332 1008 344 0.000121 2
191 225 242 264 0.000121 2
629 455 670 472 0.000121 2
1239 277 1279 296 0.000121 2
256 388 288 401 0.000121 2
476 445 496 454 0.000121 2
641 227 703 279 0.000121 2
862 165 1005 254 0.000121 2
131 241 189 264 0.000120 2
1155 205 1185 219 0.000119 2
370 451 416 471 0.000119 2
824 330 848 367 0.000118 2
1 232 199 336 0.000118 2
505 437 528 454 0.000117 2
905 102 933 120 0.000117 2
930 284 1017 312 0.000116 2
1178 254 1279 363 0.000115 2
1167 273 1217 285 0.000115 2
333 199 356 231 0.000115 2
58 254 94 287 0.000114 2
638 210 679 229 0.000114 2
164 393 210 459 0.000114 2
372 396 400 422 0.000114 2
368 407 388 429 0.000114 2
1119 324 1169 360 0.000113 2
0 223 319 388 0.000113 2
0 239 213 395 0.000113 2
637 685 695 703 0.000113 2
335 403 393 463 0.000113 2
953 680 995 703 0.000113 2
1119 64 1225 84 0.000112 2
221 130 236 146 0.000112 2
1263 64 1279 83 0.000112 2
859 261 912 345 0.000111 2
324 406 391 437 0.000111 2
639 535 656 568 0.000111 2
623 424 634 435 0.000111 2
185 369 225 414 0.000111 2
515 405 585 435 0.000110 2
118 412 170 433 0.000110 2
1117 64 1213 93 0.000109 2
925 179 957 203 0.000109 2
1265 317 1279 352 0.000109 2
600 559 608 568 0.000109 2
412 390 504 429 0.000109 2
374 407 385 416 0.000109 2
363 416 457 441 0.000109 2
992 555 1009 568 0.000108 2
954 434 994 457 0.000108 2
464 426 530 455 0.000108 2
756 270 849 346 0.000108 2
124 205 137 224 0.000108 2
183 375 208 392 0.000107 2
947 335 1003 386 0.000107 2
923 693 979 703 0.000107 2
130 399 220 444 0.000107 2
913 151 960 184 0.000107 2
960 341 1006 373 0.000106 2
623 439 633 453 0.000106 2
622 448 676 461 0.000105 2
292 404 369 451 0.000105 2
811 334 846 381 0.000105 2
1030 327 1089 391 0.000105 2
590 406 624 447 0.000104 2
1041 186 1095 223 0.000104 2
912 167 963 205 0.000104 2
209 448 235 461 0.000104 2
710 304 767 338 0.000103 2
193 247 224 263 0.000103 2
658 374 673 387 0.000103 2
624 372 702 407 0.000102 2
60 254 102 280 0.000102 2
171 407 269 448 0.000101 2
479 170 587 217 0.003301 5
444 177 519 217 0.001593 5
516 425 592 455 0.001278 5
825 135 939 168 0.001224 5
480 172 580 208 0.001073 5
447 172 516 217 0.001054 5
819 135 940 171 0.000617 5
479 172 581 217 0.000564 5
1208 163 1279 266 0.000562 5
480 176 522 216 0.000330 5
1189 162 1279 251 0.000310 5
987 169 1049 225 0.000132 5
1160 274 1280 317 0.000107 5
0 393 189 426 0.014234 6
479 168 582 213 0.004841 6
46 401 156 426 0.003953 6
708 269 1278 426 0.002920 6
671 258 1279 430 0.002688 6
1073 158 1279 284 0.002557 6
665 260 1279 472 0.002521 6
710 267 1279 470 0.002450 6
1177 162 1279 276 0.002228 6
324 401 703 461 0.002188 6
712 224 1277 445 0.001924 6
1020 275 1279 431 0.001923 6
1017 283 1279 497 0.001802 6
47 402 150 426 0.001677 6
1068 81 1279 286 0.001662 6
701 257 1278 369 0.001657 6
702 245 1276 482 0.001624 6
828 135 939 166 0.001569 6
461 415 591 455 0.001530 6
907 271 1278 421 0.001445 6
1067 174 1278 275 0.001393 6
682 238 1279 372 0.001387 6
726 271 1279 500 0.001374 6
710 178 1278 365 0.001316 6
1037 279 1279 421 0.001301 6
0 254 324 398 0.001299 6
819 266 1278 386 0.001213 6
721 211 1276 435 0.001199 6
1024 282 1280 354 0.001183 6
901 270 1278 455 0.001148 6
484 159 581 207 0.001145 6
672 278 1278 496 0.001137 6
720 199 1276 389 0.001125 6
1181 164 1279 283 0.001109 6
888 271 1279 504 0.001102 6
1021 273 1279 466 0.001076 6
476 160 581 208 0.001042 6
998 271 1279 461 0.001029 6
827 134 939 163 0.001018 6
34 401 158 426 0.000998 6
1066 135 1279 281 0.000997 6
1012 470 1275 511 0.000984 6
1033 274 1279 490 0.000968 6
1015 417 1278 507 0.000926 6
771 174 1278 383 0.000871 6
1 65 348 395 0.000867 6
724 217 1278 417 0.000843 6
720 175 1274 396 0.000819 6
884 260 1278 393 0.000792 6
46 401 140 425 0.000758 6
674 234 1261 400 0.000747 6
324 384 708 458 0.000704 6
1039 270 1280 353 0.000685 6
674 306 1276 507 0.000675 6
927 300 1279 507 0.000646 6
1021 156 1279 410 0.000644 6
1057 149 1274 260 0.000640 6
825 134 939 158 0.000639 6
709 298 1274 493 0.000628 6
328 401 704 478 0.000627 6
753 436 892 478 0.000610 6
758 179 1278 352 0.000603 6
1043 157 1279 377 0.000594 6
1128 109 1279 279 0.000585 6
0 64 395 393 0.000574 6
0 255 298 407 0.000570 6
752 299 1278 506 0.000553 6
641 257 1088 462 0.000542 6
619 402 950 473 0.000537 6
372 390 933 468 0.000532 6
430 383 946 473 0.000486 6
324 378 713 460 0.000477 6
653 260 1143 395 0.000468 6
576 434 702 462 0.000468 6
1159 273 1279 360 0.000462 6
875 168 1278 375 0.000462 6
688 167 1262 386 0.000459 6
560 421 701 463 0.000433 6
434 162 600 219 0.000422 6
663 256 1251 459 0.000417 6
827 135 938 177 0.000415 6
47 403 124 425 0.000411 6
1021 221 1278 406 0.000399 6
1032 311 1280 494 0.000397 6
524 406 702 463 0.000389 6
649 265 1076 429 0.000389 6
1 223 327 393 0.000383 6
354 266 940 471 0.000383 6
751 417 893 478 0.000377 6
711 401 960 481 0.000376 6
422 263 949 474 0.000368 6
513 419 591 457 0.000363 6
1006 427 1277 507 0.000362 6
643 247 1123 398 0.000361 6
857 175 1278 304 0.000361 6
992 466 1272 505 0.000361 6
640 280 1016 483 0.000351 6
640 251 1115 478 0.000336 6
353 236 943 471 0.000332 6
1039 411 1280 509 0.000322 6
428 241 951 473 0.000321 6
741 432 933 480 0.000302 6
672 397 1002 484 0.000302 6
1031 274 1274 344 0.000299 6
1082 165 1279 328 0.000294 6
686 400 1274 506 0.000286 6
1124 411 1280 467 0.000285 6
759 446 893 478 0.000278 6
1181 67 1279 282 0.000273 6
377 160 408 184 0.000264 6
713 156 1230 358 0.000258 6
1105 159 1216 213 0.000253 6
1215 160 1279 218 0.000250 6
339 64 680 225 0.000249 6
0 205 331 394 0.000247 6
837 191 1278 306 0.000242 6
696 330 1273 500 0.000242 6
477 311 954 476 0.000240 6
1086 410 1280 506 0.000239 6
649 306 1034 487 0.000237 6
863 419 1277 506 0.000234 6
332 359 903 462 0.000233 6
635 321 955 480 0.000232 6
13 233 193 265 0.000230 6
583 417 702 463 0.000229 6
725 432 922 480 0.000224 6
1104 156 1227 217 0.000222 6
1218 163 1279 256 0.000221 6
1124 413 1279 474 0.000212 6
325 64 687 261 0.000209 6
48 404 115 425 0.000208 6
1179 159 1279 227 0.000207 6
641 249 986 389 0.000206 6
640 267 990 474 0.000195 6
327 400 815 477 0.000194 6
482 257 956 473 0.000194 6
1170 252 1279 294 0.000190 6
784 332 1213 473 0.000189 6
328 64 718 256 0.000188 6
1043 271 1259 299 0.000188 6
1163 259 1279 354 0.000188 6
669 199 1160 374 0.000186 6
47 402 303 483 0.000186 6
1164 264 1279 360 0.000184 6
726 175 1240 355 0.000183 6
534 402 703 462 0.000183 6
707 429 1005 484 0.000181 6
1097 409 1280 467 0.000180 6
675 412 1269 498 0.000174 6
902 464 1257 504 0.000168 6
1032 402 1278 468 0.000165 6
643 456 1084 704 0.000164 6
640 138 1100 399 0.000162 6
1046 264 1264 302 0.000162 6
488 397 626 459 0.000162 6
6 159 463 383 0.000158 6
692 340 1263 494 0.000156 6
441 405 943 478 0.000155 6
1121 414 1279 500 0.000153 6
640 150 1013 394 0.000153 6
389 417 677 469 0.000152 6
4 83 459 395 0.000149 6
1166 237 1235 293 0.000141 6
1186 260 1279 363 0.000138 6
444 180 486 217 0.000137 6
372 159 409 185 0.000137 6
362 157 464 202 0.000137 6
20 396 612 546 0.000136 6
664 296 1217 496 0.000135 6
645 172 1102 395 0.000131 6
677 434 1086 486 0.000127 6
677 386 1111 487 0.000127 6
381 64 706 224 0.000121 6
1081 479 1279 703 0.000118 6
1167 268 1266 354 0.000116 6
1141 417 1279 495 0.000115 6
1120 375 1280 467 0.000112 6
695 429 1269 525 0.000111 6
13 225 197 264 0.000110 6
0 64 229 397 0.000110 6
57 396 227 480 0.000107 6
1090 462 1280 702 0.000106 6
1035 371 1280 467 0.000103 6
517 226 956 408 0.000103 6
633 266 957 455 0.000102 6
452 237 953 443 0.000102 6
365 149 517 204 0.000101 6
864 177 954 243 0.333098 7
700 153 859 240 0.169893 7
694 153 957 242 0.169060 7
587 183 656 216 0.149245 7
802 177 949 243 0.109735 7
866 177 943 232 0.101433 7
845 177 953 243 0.096704 7
694 153 879 238 0.074541 7
698 154 830 236 0.052713 7
698 154 850 232 0.044938 7
587 179 656 216 0.044931 7
799 152 947 243 0.036238 7
1005 196 1051 229 0.034521 7
587 183 623 214 0.033398 7
693 152 955 258 0.029430 7
866 177 938 230 0.021795 7
696 154 808 233 0.021788 7
866 177 942 226 0.017246 7
716 155 860 241 0.016152 7
587 183 621 211 0.010652 7
802 158 859 241 0.009539 7
866 178 928 239 0.008498 7
489 171 580 211 0.008330 7
504 172 580 209 0.008265 7
497 172 580 206 0.007218 7
586 179 652 213 0.007216 7
693 157 806 235 0.007053 7
857 176 953 244 0.006107 7
1183 167 1279 269 0.005971 7
586 161 656 217 0.005806 7
1008 194 1052 228 0.005777 7
804 162 859 234 0.005631 7
481 171 580 212 0.005518 7
1113 183 1215 246 0.005167 7
1113 184 1236 249 0.005121 7
489 171 580 208 0.004797 7
1113 184 1205 246 0.004685 7
1061 184 1198 249 0.004511 7
803 182 858 242 0.004348 7
865 177 930 233 0.004240 7
803 168 856 228 0.004162 7
499 167 656 217 0.004011 7
1070 184 1201 247 0.003974 7
801 143 944 240 0.003735 7
803 184 854 241 0.003554 7
541 178 655 217 0.003550 7
592 160 655 216 0.003535 7
866 177 943 212 0.003533 7
865 176 916 239 0.003460 7
1090 184 1199 248 0.003423 7
866 177 947 228 0.003268 7
847 174 929 238 0.003133 7
692 158 797 234 0.003104 7
847 176 922 241 0.002712 7
564 161 656 216 0.002690 7
691 184 732 231 0.002634 7
1117 202 1191 247 0.002542 7
478 173 520 217 0.002519 7
1184 226 1279 267 0.002313 7
1197 167 1279 269 0.002312 7
691 180 732 235 0.002298 7
875 197 957 232 0.002283 7
1183 214 1239 266 0.002085 7
615 181 656 214 0.002003 7
444 178 659 218 0.001899 7
1183 207 1279 267 0.001899 7
805 136 944 242 0.001778 7
586 183 655 219 0.001736 7
804 159 858 220 0.001689 7
1182 221 1279 271 0.001654 7
1005 194 1129 248 0.001642 7
576 184 623 213 0.001515 7
1184 229 1244 267 0.001423 7
1114 183 1194 221 0.001400 7
1182 171 1237 265 0.001315 7
866 177 940 203 0.001311 7
1003 193 1110 231 0.001295 7
571 183 623 214 0.001251 7
1113 184 1192 218 0.001223 7
1218 166 1279 269 0.001206 7
1063 211 1192 248 0.001184 7
801 181 855 241 0.001148 7
1121 186 1239 266 0.001126 7
533 173 581 213 0.001120 7
469 171 633 217 0.001031 7
741 150 944 228 0.001004 7
686 183 734 231 0.001002 7
1065 179 1272 263 0.000982 7
803 183 854 222 0.000953 7
692 154 978 254 0.000951 7
1234 170 1279 269 0.000939 7
695 184 731 219 0.000939 7
1202 303 1280 352 0.000922 7
552 176 580 203 0.000902 7
823 147 944 238 0.000895 7
715 158 808 229 0.000880 7
1065 174 1196 247 0.000867 7
1225 168 1279 269 0.000856 7
990 196 1068 255 0.000849 7
470 166 660 217 0.000849 7
1104 183 1192 246 0.000848 7
1167 174 1237 261 0.000822 7
703 167 798 233 0.000792 7
1193 302 1280 353 0.000779 7
581 178 739 224 0.000733 7
709 167 803 232 0.000699 7
637 154 939 275 0.000647 7
1201 305 1279 356 0.000635 7
1177 226 1279 292 0.000632 7
604 165 636 186 0.000627 7
1104 160 1217 217 0.000570 7
1063 174 1243 253 0.000556 7
865 177 958 246 0.000551 7
714 152 808 216 0.000513 7
866 176 940 207 0.000512 7
1169 301 1279 360 0.000501 7
665 176 730 235 0.000481 7
481 159 657 217 0.000461 7
1207 178 1279 271 0.000459 7
1201 305 1270 352 0.000458 7
1115 184 1182 217 0.000457 7
1177 303 1276 355 0.000446 7
720 153 807 223 0.000439 7
718 152 809 207 0.000431 7
847 166 917 230 0.000418 7
695 131 959 248 0.000415 7
713 165 809 228 0.000400 7
989 193 1038 226 0.000393 7
1195 298 1280 350 0.000392 7
1098 163 1204 208 0.000373 7
839 133 952 242 0.000366 7
505 99 898 257 0.000365 7
1090 183 1186 241 0.000358 7
1261 317 1279 366 0.000327 7
293 199 390 280 0.000311 7
1120 183 1195 217 0.000310 7
699 167 782 232 0.000300 7
1190 296 1279 363 0.000299 7
1260 319 1279 369 0.000297 7
868 177 952 223 0.000282 7
698 170 794 237 0.000277 7
1193 294 1280 351 0.000272 7
720 166 805 233 0.000262 7
1178 312 1270 360 0.000260 7
715 153 1060 264 0.000260 7
296 199 333 234 0.000252 7
368 414 400 472 0.000247 7
584 182 622 206 0.000245 7
1003 160 1066 231 0.000234 7
568 139 798 230 0.000231 7
690 152 800 232 0.000229 7
1232 259 1279 384 0.000222 7
997 165 1064 230 0.000213 7
1108 166 1173 216 0.000213 7
714 188 728 215 0.000206 7
1109 164 1147 208 0.000205 7
981 160 1060 230 0.000203 7
1213 314 1275 359 0.000202 7
695 183 738 224 0.000201 7
1001 162 1127 235 0.000188 7
686 100 955 245 0.000179 7
597 201 654 251 0.000178 7
1215 312 1253 346 0.000173 7
1247 314 1279 361 0.000167 7
1118 64 1224 85 0.000162 7
295 198 389 272 0.000159 7
507 182 659 220 0.000154 7
1136 184 1194 217 0.000153 7
703 133 884 232 0.000153 7
695 174 737 224 0.000150 7
1115 184 1147 214 0.000144 7
549 68 669 223 0.000144 7
1243 307 1279 360 0.000142 7
702 132 861 233 0.000140 7
1109 165 1189 218 0.000139 7
403 148 698 278 0.000138 7
697 154 1096 273 0.000135 7
866 183 957 249 0.000135 7
866 172 935 220 0.000134 7
1154 302 1280 350 0.000133 7
884 177 1268 262 0.000132 7
1113 184 1144 208 0.000132 7
699 174 768 231 0.000126 7
400 64 919 273 0.000125 7
971 194 1108 251 0.000121 7
321 108 649 369 0.000120 7
698 125 861 229 0.000118 7
1167 269 1277 361 0.000117 7
295 199 330 236 0.000113 7
1214 320 1275 360 0.000112 7
774 109 963 255 0.000108 7
711 139 1020 256 0.000108 7
518 65 912 245 0.000106 7
754 266 849 347 0.000105 7
933 193 1070 256 0.000102 7
705 162 1072 281 0.000101 7
1182 303 1274 349 0.000100 7
1088 149 1104 178 0.274718 9
513 152 524 176 0.273841 9
1207 170 1215 186 0.112180 9
514 151 524 176 0.089264 9
1207 168 1216 187 0.083878 9
448 157 490 170 0.069733 9
513 151 524 176 0.046660 9
1192 383 1208 415 0.043112 9
1191 383 1207 415 0.043060 9
1215 167 1223 184 0.042449 9
1196 383 1206 400 0.041048 9
990 680 1008 703 0.039503 9
449 158 490 171 0.037353 9
1088 149 1110 178 0.036128 9
1191 383 1206 401 0.029868 9
1190 385 1203 401 0.023340 9
513 152 524 184 0.022742 9
313 153 341 188 0.021643 9
1190 383 1208 415 0.020371 9
1214 168 1223 184 0.020139 9
1207 168 1215 200 0.016808 9
1088 154 1101 185 0.014947 9
372 167 381 184 0.014887 9
1189 383 1206 408 0.014761 9
553 173 571 200 0.014632 9
558 184 567 197 0.014600 9
894 154 907 175 0.014236 9
895 156 906 176 0.013691 9
1088 149 1106 185 0.013331 9
367 167 374 187 0.013116 9
372 169 381 184 0.012498 9
366 167 374 188 0.011523 9
239 178 247 191 0.011247 9
665 182 670 198 0.011179 9
449 158 488 171 0.011111 9
1192 383 1213 416 0.011050 9
1189 383 1212 416 0.010833 9
524 183 535 196 0.010684 9
313 154 342 185 0.010415 9
1207 169 1215 191 0.009995 9
552 173 581 203 0.009792 9
693 177 704 198 0.009637 9
1012 136 1025 171 0.009409 9
693 178 702 198 0.008839 9
1045 154 1056 172 0.008601 9
866 152 880 169 0.008338 9
1192 382 1216 416 0.008143 9
846 151 859 166 0.008136 9
448 157 490 178 0.007786 9
1193 163 1202 186 0.007690 9
225 183 231 194 0.007380 9
1012 135 1026 171 0.007031 9
848 182 857 201 0.007028 9
694 176 703 197 0.006960 9
362 167 368 188 0.006794 9
1177 381 1184 391 0.006744 9
1193 167 1201 185 0.006584 9
864 165 870 181 0.006574 9
1182 383 1209 416 0.006542 9
879 155 889 169 0.005703 9
1045 152 1056 172 0.005672 9
1043 154 1056 173 0.005615 9
239 177 247 191 0.005533 9
1231 169 1246 181 0.005421 9
1043 153 1057 178 0.005249 9
553 173 579 200 0.005162 9
1216 192 1222 204 0.005161 9
313 149 342 189 0.005129 9
567 141 581 161 0.005102 9
1180 163 1203 217 0.005100 9
927 151 937 168 0.005083 9
810 160 855 179 0.004942 9
464 170 471 183 0.004894 9
1006 135 1026 172 0.004813 9
259 143 268 159 0.004809 9
1191 161 1202 186 0.004716 9
1088 189 1095 202 0.004452 9
959 373 975 399 0.004410 9
554 176 580 202 0.004374 9
1208 167 1224 208 0.004329 9
848 183 857 201 0.004329 9
617 167 634 176 0.004328 9
895 152 909 176 0.004286 9
1088 149 1103 188 0.004252 9
965 370 979 389 0.004217 9
1041 154 1056 174 0.004206 9
313 152 341 195 0.004195 9
1208 168 1217 201 0.004173 9
809 165 835 179 0.004154 9
895 152 908 176 0.004153 9
567 137 581 161 0.004103 9
693 177 701 196 0.003830 9
1157 165 1167 184 0.003746 9
845 151 859 166 0.003731 9
257 144 267 160 0.003639 9
958 374 968 403 0.003547 9
1081 174 1091 184 0.003523 9
587 170 593 185 0.003517 9
927 149 938 168 0.003456 9
615 166 630 176 0.003437 9
1217 194 1224 209 0.003435 9
665 185 670 199 0.003426 9
567 178 581 202 0.003417 9
967 368 983 392 0.003381 9
111 151 127 164 0.003342 9
1172 380 1206 410 0.003272 9
1203 405 1215 415 0.003270 9
680 172 688 189 0.003258 9
372 167 380 186 0.003250 9
216 183 225 199 0.003238 9
260 143 268 160 0.003225 9
1208 167 1225 206 0.003221 9
119 64 159 76 0.003165 9
1176 381 1193 392 0.003160 9
1007 136 1024 173 0.003148 9
681 179 689 196 0.003129 9
448 155 490 170 0.003089 9
813 157 858 180 0.003074 9
567 145 581 161 0.003045 9
361 167 367 189 0.003025 9
257 142 268 160 0.003017 9
638 162 650 183 0.002964 9
446 156 490 179 0.002957 9
1040 152 1057 181 0.002919 9
587 167 593 183 0.002877 9
863 165 869 184 0.002772 9
839 152 853 165 0.002744 9
638 161 645 170 0.002726 9
966 174 976 186 0.002700 9
518 174 547 184 0.002690 9
519 184 535 200 0.002573 9
864 151 880 168 0.002542 9
555 175 581 202 0.002533 9
879 153 889 168 0.002510 9
1213 371 1223 389 0.002496 9
664 293 681 349 0.002478 9
1173 381 1210 415 0.002448 9
312 158 340 195 0.002432 9
119 64 159 75 0.002425 9
1011 135 1026 174 0.002413 9
960 135 976 160 0.002407 9
1088 147 1105 178 0.002400 9
619 176 633 184 0.002372 9
836 154 857 171 0.002372 9
1168 382 1180 392 0.002350 9
814 143 823 155 0.002347 9
981 364 991 392 0.002314 9
482 174 496 188 0.002251 9
1039 151 1057 175 0.002236 9
1192 379 1219 415 0.002214 9
829 135 861 166 0.002203 9
951 345 960 366 0.002136 9
881 156 894 169 0.002109 9
175 64 201 89 0.002095 9
690 169 697 180 0.002080 9
809 159 857 188 0.002044 9
571 136 581 160 0.002010 9
1167 381 1185 412 0.002006 9
111 151 128 165 0.002005 9
616 160 634 175 0.001990 9
1160 376 1166 383 0.001941 9
1167 381 1184 421 0.001922 9
95 151 105 176 0.001910 9
1197 377 1232 419 0.001837 9
371 166 380 186 0.001821 9
1168 379 1205 413 0.001817 9
1090 232 1103 269 0.001812 9
981 352 997 392 0.001805 9
663 292 683 349 0.001784 9
673 317 680 328 0.001780 9
950 345 961 388 0.001776 9
1044 154 1057 184 0.001769 9
982 352 994 391 0.001765 9
870 166 880 177 0.001738 9
119 64 159 78 0.001717 9
514 171 541 190 0.001715 9
604 166 615 180 0.001703 9
570 165 579 178 0.001670 9
1101 140 1110 159 0.001670 9
1119 337 1136 388 0.001670 9
512 145 524 174 0.001652 9
409 178 417 200 0.001645 9
68 169 80 177 0.001630 9
456 150 551 217 0.001593 9
951 344 960 361 0.001577 9
1167 383 1185 417 0.001577 9
1089 232 1103 270 0.001522 9
590 164 603 184 0.001519 9
1183 163 1202 191 0.001514 9
257 179 262 191 0.001514 9
1167 380 1212 417 0.001509 9
508 174 556 202 0.001503 9
991 282 1002 310 0.001494 9
903 536 912 574 0.001494 9
614 161 635 175 0.001493 9
990 281 1004 312 0.001477 9
829 135 861 163 0.001474 9
801 141 811 157 0.001470 9
513 174 550 188 0.001470 9
156 64 202 90 0.001465 9
990 679 1017 703 0.001463 9
704 169 711 179 0.001449 9
690 170 699 193 0.001422 9
568 536 576 560 0.001419 9
664 329 676 348 0.001416 9
681 168 688 184 0.001407 9
960 119 970 134 0.001403 9
987 353 1006 390 0.001392 9
1194 380 1233 424 0.001389 9
1211 373 1224 402 0.001385 9
95 156 105 176 0.001382 9
1200 383 1232 424 0.001371 9
1150 341 1185 399 0.001361 9
1120 340 1136 383 0.001359 9
1155 165 1168 184 0.001357 9
410 178 417 195 0.001356 9
895 552 904 586 0.001310 9
691 169 703 181 0.001309 9
1088 173 1099 201 0.001291 9
1174 379 1186 392 0.001290 9
167 64 176 76 0.001271 9
960 119 976 135 0.001222 9
988 349 1003 385 0.001221 9
903 536 913 584 0.001182 9
665 171 671 199 0.001180 9
550 165 582 204 0.001175 9
988 354 1008 396 0.001160 9
1144 376 1151 385 0.001154 9
1211 385 1232 425 0.001140 9
1167 384 1185 422 0.001129 9
1150 342 1188 387 0.001125 9
664 302 681 349 0.001118 9
1096 130 1107 170 0.001117 9
119 64 181 79 0.001099 9
248 177 257 193 0.001081 9
1104 167 1120 202 0.001080 9
988 344 1008 393 0.001076 9
702 118 716 129 0.001061 9
511 170 575 202 0.001060 9
703 151 712 178 0.001058 9
1023 159 1030 169 0.001054 9
1217 394 1232 424 0.001042 9
449 154 490 171 0.001031 9
449 156 490 188 0.001027 9
559 592 569 624 0.001027 9
662 153 671 174 0.001017 9
689 170 704 199 0.001012 9
1101 159 1118 201 0.001010 9
977 686 988 703 0.001008 9
563 136 581 161 0.001007 9
961 339 969 352 0.001007 9
1202 165 1219 196 0.001003 9
1150 344 1171 360 0.000993 9
1149 352 1166 399 0.000990 9
895 150 910 176 0.000989 9
1224 165 1233 181 0.000986 9
1187 356 1210 412 0.000981 9
567 535 575 554 0.000981 9
119 64 201 87 0.000979 9
1171 382 1209 418 0.000973 9
880 151 900 173 0.000973 9
990 281 1006 312 0.000971 9
976 679 1009 703 0.000970 9
1181 356 1211 406 0.000967 9
1150 344 1167 360 0.000952 9
809 156 854 180 0.000949 9
984 351 993 372 0.000940 9
1180 154 1203 189 0.000940 9
365 167 374 189 0.000929 9
118 64 198 84 0.000926 9
480 176 495 195 0.000925 9
358 173 367 190 0.000920 9
1193 373 1238 425 0.000919 9
1100 134 1111 161 0.000918 9
1194 164 1215 194 0.000910 9
992 141 1000 166 0.000909 9
512 171 580 211 0.000899 9
571 165 580 177 0.000888 9
842 149 863 168 0.000884 9
1078 166 1099 185 0.000880 9
223 181 233 196 0.000874 9
1149 338 1169 399 0.000869 9
638 165 651 185 0.000869 9
1198 356 1210 377 0.000867 9
1019 170 1032 185 0.000866 9
513 145 525 176 0.000864 9
871 121 879 131 0.000863 9
829 135 860 154 0.000859 9
801 137 824 159 0.000849 9
1121 362 1136 389 0.000846 9
614 161 637 179 0.000816 9
1183 349 1192 379 0.000815 9
883 157 898 177 0.000813 9
512 183 526 204 0.000812 9
119 64 174 78 0.000810 9
547 139 581 161 0.000808 9
1002 172 1010 186 0.000807 9
1103 164 1149 203 0.000803 9
905 126 912 136 0.000798 9
1198 137 1205 185 0.000797 9
1186 365 1226 416 0.000789 9
503 312 512 335 0.000786 9
973 679 1010 703 0.000781 9
1005 173 1015 185 0.000779 9
1150 341 1172 390 0.000775 9
246 176 259 193 0.000770 9
1195 356 1210 403 0.000769 9
1263 367 1279 421 0.000762 9
993 137 1000 161 0.000762 9
990 281 1008 312 0.000761 9
1150 370 1161 404 0.000761 9
1198 135 1206 181 0.000760 9
568 160 580 178 0.000758 9
841 145 862 167 0.000752 9
1167 380 1210 420 0.000749 9
543 168 552 179 0.000748 9
507 166 552 185 0.000747 9
1012 132 1040 172 0.000747 9
1207 160 1218 188 0.000746 9
448 158 490 176 0.000739 9
903 536 912 554 0.000738 9
812 141 825 160 0.000729 9
480 174 496 198 0.000721 9
1088 150 1108 203 0.000717 9
991 138 1000 170 0.000712 9
239 176 253 193 0.000709 9
1148 343 1192 393 0.000709 9
1215 404 1226 424 0.000709 9
513 150 547 182 0.000708 9
1119 342 1135 373 0.000702 9
1088 146 1115 181 0.000702 9
119 64 201 90 0.000697 9
1088 186 1103 202 0.000694 9
544 140 551 156 0.000691 9
847 165 870 219 0.000688 9
694 120 705 152 0.000685 9
1079 148 1105 187 0.000685 9
851 117 866 136 0.000682 9
161 64 178 83 0.000677 9
1188 148 1204 187 0.000671 9
665 327 679 347 0.000671 9
588 171 603 185 0.000670 9
1189 149 1209 192 0.000666 9
47 312 58 343 0.000662 9
702 118 718 129 0.000662 9
1026 150 1040 160 0.000659 9
830 143 851 164 0.000659 9
812 162 859 194 0.000655 9
447 156 491 206 0.000653 9
989 347 1002 374 0.000650 9
586 122 598 156 0.000649 9
578 301 593 316 0.000648 9
1039 645 1057 699 0.000645 9
1072 169 1096 189 0.000644 9
447 156 518 170 0.000642 9
490 150 524 197 0.000642 9
1056 153 1064 169 0.000641 9
167 64 184 75 0.000638 9
1196 372 1258 427 0.000637 9
828 135 905 168 0.000637 9
546 150 566 161 0.000634 9
1167 377 1184 392 0.000633 9
719 337 736 379 0.000633 9
960 119 981 135 0.000630 9
159 64 169 72 0.000626 9
1038 163 1054 185 0.000622 9
586 119 598 157 0.000621 9
1147 325 1171 359 0.000620 9
581 278 590 289 0.000619 9
989 678 1018 703 0.000618 9
432 172 445 192 0.000617 9
698 149 713 179 0.000615 9
1263 367 1279 403 0.000613 9
491 150 524 175 0.000612 9
241 164 248 178 0.000612 9
596 64 622 92 0.000611 9
132 64 201 90 0.000610 9
803 144 816 160 0.000605 9
333 184 343 199 0.000600 9
1037 643 1058 700 0.000599 9
847 173 868 223 0.000597 9
1154 158 1168 185 0.000597 9
612 160 639 178 0.000594 9
696 152 708 174 0.000594 9
1213 367 1224 388 0.000589 9
1028 157 1039 169 0.000588 9
1228 173 1245 198 0.000586 9
664 166 671 174 0.000582 9
1056 375 1065 389 0.000582 9
840 119 855 134 0.000580 9
1184 354 1212 415 0.000580 9
1228 168 1246 198 0.000576 9
862 112 869 119 0.000570 9
990 358 1024 401 0.000567 9
599 64 617 91 0.000562 9
691 119 706 153 0.000561 9
1104 163 1149 191 0.000559 9
587 125 598 158 0.000554 9
1095 373 1104 404 0.000553 9
1171 149 1187 165 0.000552 9
861 112 869 136 0.000552 9
511 169 552 183 0.000550 9
544 168 576 202 0.000547 9
480 177 495 198 0.000545 9
1090 230 1104 270 0.000539 9
1016 335 1024 344 0.000536 9
1191 371 1248 424 0.000535 9
1104 165 1120 194 0.000532 9
544 139 576 161 0.000532 9
1073 168 1100 201 0.000531 9
595 64 620 93 0.000524 9
1148 343 1200 386 0.000523 9
1145 325 1171 359 0.000521 9
560 178 581 202 0.000521 9
586 119 598 154 0.000517 9
441 143 527 176 0.000517 9
1055 377 1064 391 0.000516 9
1039 148 1058 174 0.000514 9
840 119 861 135 0.000512 9
653 151 671 174 0.000511 9
129 64 180 84 0.000510 9
1013 137 1041 172 0.000509 9
407 179 417 202 0.000509 9
927 139 944 169 0.000506 9
487 148 524 175 0.000504 9
697 151 709 175 0.000501 9
809 167 821 188 0.000501 9
981 140 993 154 0.000500 9
463 260 478 304 0.000500 9
591 161 603 180 0.000498 9
1022 124 1040 163 0.000496 9
1214 166 1234 197 0.000495 9
352 164 360 189 0.000492 9
825 134 927 170 0.000491 9
1007 359 1024 390 0.000490 9
1119 360 1135 392 0.000488 9
1012 131 1040 171 0.000487 9
562 591 577 625 0.000487 9
118 64 162 77 0.000473 9
339 166 351 198 0.000473 9
1015 319 1034 344 0.000470 9
1027 141 1040 158 0.000470 9
595 64 621 91 0.000469 9
849 160 870 191 0.000468 9
580 64 596 92 0.000467 9
1177 166 1203 218 0.000466 9
1225 371 1258 427 0.000466 9
959 162 985 186 0.000466 9
828 135 869 164 0.000465 9
312 179 338 196 0.000464 9
1188 165 1216 199 0.000461 9
338 163 352 196 0.000457 9
874 162 894 177 0.000456 9
690 118 700 130 0.000455 9
690 118 704 153 0.000454 9
1201 165 1227 209 0.000453 9
1100 123 1137 167 0.000453 9
851 136 938 170 0.000451 9
1017 159 1033 185 0.000447 9
847 117 867 136 0.000446 9
1074 136 1105 185 0.000445 9
567 535 576 561 0.000439 9
160 64 190 90 0.000439 9
448 156 499 170 0.000438 9
996 130 1008 172 0.000438 9
1146 341 1273 418 0.000434 9
222 176 248 194 0.000434 9
806 159 858 198 0.000427 9
735 342 753 375 0.000427 9
618 180 635 199 0.000420 9
1009 134 1026 172 0.000414 9
604 161 634 183 0.000412 9
868 121 879 136 0.000408 9
838 119 864 135 0.000407 9
658 149 671 174 0.000407 9
1196 165 1217 205 0.000406 9
1072 154 1100 192 0.000404 9
653 158 662 174 0.000403 9
1120 329 1137 372 0.000403 9
807 133 829 159 0.000403 9
995 135 1009 174 0.000401 9
1149 344 1199 363 0.000400 9
799 132 829 159 0.000398 9
448 147 525 171 0.000396 9
1192 382 1217 423 0.000396 9
1042 151 1064 185 0.000394 9
980 137 994 165 0.000392 9
1195 371 1263 426 0.000391 9
988 353 1024 393 0.000390 9
210 167 217 177 0.000390 9
549 145 569 161 0.000389 9
1104 164 1151 186 0.000389 9
223 177 240 195 0.000388 9
1055 152 1064 165 0.000388 9
576 294 595 325 0.000388 9
1206 166 1231 213 0.000386 9
703 172 711 183 0.000385 9
414 176 421 202 0.000382 9
1038 652 1054 693 0.000381 9
1145 165 1154 184 0.000381 9
1202 373 1256 426 0.000380 9
1097 128 1105 145 0.000378 9
992 134 1000 166 0.000378 9
1103 167 1131 203 0.000377 9
66 168 80 178 0.000375 9
111 204 122 228 0.000374 9
1055 181 1064 195 0.000374 9
663 323 680 351 0.000371 9
1179 377 1194 392 0.000371 9
808 369 815 392 0.000370 9
863 662 873 682 0.000362 9
414 176 421 199 0.000361 9
1099 164 1120 202 0.000359 9
643 163 656 180 0.000359 9
912 169 921 178 0.000359 9
511 550 528 569 0.000358 9
926 146 944 171 0.000357 9
830 335 848 391 0.000356 9
1080 405 1088 413 0.000356 9
661 323 679 351 0.000354 9
569 153 581 179 0.000352 9
387 199 399 206 0.000351 9
959 120 995 163 0.000350 9
1030 331 1041 360 0.000349 9
485 168 521 214 0.000349 9
801 142 812 159 0.000348 9
586 118 599 145 0.000347 9
693 119 708 152 0.000347 9
1200 386 1220 423 0.000345 9
736 540 752 568 0.000344 9
213 163 222 178 0.000342 9
960 134 994 161 0.000341 9
575 275 602 342 0.000341 9
1183 374 1272 423 0.000339 9
1055 168 1064 188 0.000337 9
1099 120 1136 169 0.000333 9
1224 161 1250 181 0.000329 9
46 312 62 343 0.000329 9
959 163 979 185 0.000328 9
791 543 799 568 0.000326 9
975 686 989 703 0.000326 9
999 134 1011 185 0.000324 9
959 164 980 188 0.000324 9
863 655 873 678 0.000323 9
696 117 716 180 0.000322 9
991 280 1002 297 0.000322 9
718 337 736 382 0.000321 9
1172 149 1198 168 0.000320 9
263 276 272 296 0.000320 9
478 153 581 212 0.000318 9
698 118 717 157 0.000318 9
344 171 352 199 0.000317 9
1137 164 1155 185 0.000313 9
1077 399 1088 411 0.000311 9
1039 650 1057 699 0.000310 9
225 177 242 194 0.000310 9
900 540 913 588 0.000309 9
1111 361 1118 369 0.000309 9
1149 163 1168 185 0.000306 9
959 134 994 163 0.000304 9
1169 384 1184 423 0.000302 9
1002 642 1060 702 0.000298 9
1168 148 1200 185 0.000298 9
1023 121 1041 161 0.000298 9
999 126 1007 136 0.000297 9
662 291 683 353 0.000296 9
159 64 180 91 0.000295 9
1075 686 1091 703 0.000295 9
1151 366 1171 395 0.000294 9
855 283 862 295 0.000292 9
385 149 394 160 0.000290 9
887 138 939 185 0.000290 9
371 161 409 186 0.000289 9
606 160 651 217 0.000289 9
1135 341 1167 375 0.000289 9
862 113 871 136 0.000287 9
1096 329 1104 344 0.000287 9
448 144 528 171 0.000286 9
719 336 755 377 0.000286 9
960 336 969 348 0.000286 9
806 157 858 209 0.000284 9
847 438 861 451 0.000284 9
526 151 545 172 0.000283 9
637 164 656 203 0.000283 9
663 171 689 213 0.000282 9
1224 161 1265 181 0.000281 9
1037 373 1054 416 0.000280 9
443 144 518 171 0.000280 9
1006 355 1024 389 0.000280 9
830 342 848 392 0.000279 9
448 152 490 171 0.000279 9
719 335 739 379 0.000278 9
1110 360 1120 377 0.000278 9
993 136 1017 170 0.000277 9
1085 345 1122 408 0.000276 9
588 164 623 185 0.000276 9
1029 333 1059 393 0.000274 9
988 679 1032 703 0.000273 9
1158 343 1198 395 0.000273 9
723 336 753 377 0.000271 9
1143 354 1153 376 0.000268 9
1086 144 1124 181 0.000268 9
1030 343 1040 360 0.000266 9
594 64 625 92 0.000266 9
1092 342 1121 405 0.000265 9
1036 640 1059 701 0.000264 9
1142 353 1154 387 0.000263 9
852 135 937 152 0.000262 9
776 407 783 417 0.000262 9
664 180 689 207 0.000262 9
1106 147 1127 165 0.000262 9
852 136 939 155 0.000261 9
896 544 913 589 0.000261 9
596 134 606 145 0.000260 9
111 140 128 165 0.000259 9
352 167 359 189 0.000259 9
906 105 928 120 0.000258 9
1103 153 1119 174 0.000257 9
834 119 860 135 0.000257 9
585 125 598 160 0.000252 9
232 130 241 146 0.000252 9
701 118 718 154 0.000252 9
996 135 1008 172 0.000250 9
377 161 408 185 0.000248 9
96 181 103 201 0.000248 9
825 134 857 159 0.000247 9
215 162 222 175 0.000246 9
684 173 704 214 0.000245 9
1148 156 1199 185 0.000245 9
247 176 262 192 0.000244 9
701 118 716 129 0.000243 9
576 294 594 320 0.000243 9
996 134 1009 171 0.000242 9
371 158 382 185 0.000242 9
733 337 754 376 0.000241 9
859 135 943 171 0.000241 9
913 169 928 180 0.000240 9
807 540 816 567 0.000239 9
1156 155 1202 186 0.000239 9
964 121 982 136 0.000239 9
524 150 544 174 0.000238 9
453 153 524 171 0.000238 9
206 181 227 202 0.000237 9
639 535 649 568 0.000237 9
312 90 352 192 0.000236 9
652 148 671 174 0.000234 9
588 131 599 162 0.000232 9
63 150 80 173 0.000232 9
604 167 631 183 0.000231 9
1201 137 1224 195 0.000231 9
1031 334 1064 394 0.000229 9
798 134 820 157 0.000227 9
820 134 860 162 0.000227 9
575 274 605 354 0.000226 9
1070 128 1109 178 0.000224 9
483 146 524 170 0.000223 9
312 96 375 197 0.000222 9
586 118 598 141 0.000222 9
792 541 800 565 0.000220 9
951 182 960 204 0.000219 9
799 590 807 612 0.000219 9
483 144 524 172 0.000217 9
446 155 525 207 0.000217 9
828 329 848 392 0.000216 9
1038 108 1112 199 0.000216 9
690 118 705 133 0.000216 9
1044 343 1055 361 0.000215 9
1026 319 1060 365 0.000214 9
1100 162 1207 207 0.000214 9
580 64 617 94 0.000214 9
639 535 648 567 0.000213 9
531 150 544 171 0.000213 9
874 559 880 571 0.000211 9
859 632 897 690 0.000211 9
67 169 80 182 0.000210 9
1212 151 1224 162 0.000210 9
1104 135 1137 166 0.000209 9
16 157 25 179 0.000209 9
96 181 102 201 0.000208 9
1119 326 1137 365 0.000208 9
805 357 816 392 0.000206 9
46 312 65 343 0.000204 9
564 141 581 161 0.000204 9
596 141 607 153 0.000203 9
791 547 799 569 0.000202 9
1102 351 1128 410 0.000201 9
444 144 524 172 0.000201 9
988 641 1061 703 0.000201 9
1013 151 1061 187 0.000200 9
576 289 594 318 0.000200 9
903 632 911 651 0.000199 9
579 64 609 93 0.000198 9
1071 169 1098 206 0.000198 9
1188 382 1214 423 0.000197 9
1136 338 1276 420 0.000197 9
1222 355 1280 413 0.000197 9
854 632 897 692 0.000197 9
447 156 492 212 0.000196 9
738 356 752 375 0.000195 9
662 290 689 354 0.000195 9
1209 158 1226 183 0.000193 9
926 136 945 168 0.000193 9
848 304 855 311 0.000193 9
991 344 1004 360 0.000192 9
649 158 656 175 0.000192 9
594 124 604 143 0.000190 9
1199 134 1217 178 0.000190 9
681 327 689 346 0.000190 9
979 325 991 342 0.000189 9
788 137 800 153 0.000186 9
1041 332 1058 361 0.000186 9
441 143 522 172 0.000185 9
1110 349 1119 362 0.000185 9
1152 148 1200 185 0.000185 9
910 326 928 345 0.000184 9
473 135 576 207 0.000183 9
656 328 679 354 0.000183 9
735 467 752 504 0.000183 9
118 64 203 94 0.000182 9
759 535 769 567 0.000181 9
962 118 982 136 0.000181 9
540 154 582 186 0.000180 9
1031 336 1057 388 0.000178 9
48 184 64 206 0.000178 9
1230 657 1240 700 0.000178 9
979 643 1063 703 0.000178 9
689 118 707 170 0.000177 9
786 345 818 392 0.000177 9
798 551 807 570 0.000176 9
937 167 961 207 0.000176 9
1137 324 1171 359 0.000176 9
1230 92 1253 162 0.000175 9
1014 171 1033 186 0.000175 9
1152 165 1168 184 0.000174 9
575 289 595 351 0.000174 9
1230 87 1251 161 0.000173 9
959 162 991 186 0.000172 9
682 327 689 344 0.000172 9
959 158 991 183 0.000171 9
852 135 946 152 0.000170 9
983 134 993 154 0.000170 9
1100 141 1139 180 0.000170 9
929 406 944 426 0.000169 9
887 136 938 166 0.000168 9
571 121 581 160 0.000166 9
959 550 976 570 0.000166 9
1072 150 1082 169 0.000166 9
1188 138 1205 184 0.000166 9
63 149 80 170 0.000165 9
1106 165 1146 204 0.000165 9
310 108 398 196 0.000165 9
256 86 262 97 0.000165 9
735 338 752 376 0.000165 9
1145 333 1198 360 0.000164 9
759 534 769 556 0.000163 9
1032 543 1040 568 0.000163 9
814 356 832 393 0.000162 9
1049 129 1108 189 0.000161 9
1006 646 1054 703 0.000160 9
575 283 595 352 0.000160 9
432 170 446 195 0.000158 9
120 64 183 92 0.000158 9
543 143 571 161 0.000158 9
706 163 717 178 0.000157 9
894 623 905 647 0.000157 9
1072 148 1082 165 0.000157 9
990 152 1000 178 0.000157 9
656 322 681 352 0.000157 9
983 155 993 169 0.000157 9
209 67 235 86 0.000157 9
882 122 897 137 0.000156 9
62 150 80 169 0.000156 9
882 569 896 585 0.000155 9
1081 338 1118 407 0.000155 9
544 265 559 281 0.000154 9
257 129 268 160 0.000154 9
902 628 911 649 0.000153 9
488 337 496 353 0.000152 9
930 135 943 149 0.000152 9
863 654 872 680 0.000152 9
550 137 580 152 0.000152 9
1146 373 1168 409 0.000152 9
727 150 734 159 0.000152 9
1143 374 1154 403 0.000151 9
1103 351 1113 361 0.000150 9
769 535 777 566 0.000150 9
255 100 268 127 0.000150 9
847 135 937 151 0.000149 9
415 175 425 203 0.000148 9
1229 654 1240 700 0.000148 9
814 335 849 392 0.000146 9
703 118 721 164 0.000146 9
639 535 653 568 0.000145 9
256 143 268 175 0.000145 9
567 130 601 162 0.000145 9
312 139 365 198 0.000144 9
16 157 26 183 0.000143 9
959 550 976 572 0.000143 9
544 262 563 280 0.000142 9
783 538 792 563 0.000142 9
1184 346 1211 381 0.000142 9
679 151 691 184 0.000141 9
959 551 975 570 0.000141 9
1152 162 1204 215 0.000141 9
1101 348 1117 382 0.000140 9
451 151 505 170 0.000139 9
313 148 343 185 0.000139 9
94 153 110 177 0.000139 9
885 119 912 139 0.000138 9
95 151 113 178 0.000138 9
865 136 940 179 0.000138 9
783 540 792 567 0.000138 9
1056 389 1064 401 0.000137 9
680 176 690 215 0.000137 9
319 90 332 154 0.000136 9
223 168 231 176 0.000136 9
248 163 256 176 0.000136 9
687 152 708 183 0.000136 9
794 369 815 392 0.000135 9
584 158 607 186 0.000135 9
1031 372 1042 389 0.000134 9
172 64 246 90 0.000134 9
968 168 991 195 0.000133 9
366 161 409 186 0.000133 9
1199 135 1208 166 0.000133 9
766 534 777 562 0.000133 9
208 68 224 86 0.000132 9
211 176 236 200 0.000132 9
799 582 808 613 0.000132 9
687 535 696 558 0.000132 9
1166 148 1197 173 0.000132 9
751 342 817 392 0.000132 9
442 139 502 173 0.000131 9
1202 158 1253 184 0.000131 9
624 149 632 162 0.000131 9
1135 344 1146 359 0.000130 9
775 535 782 566 0.000130 9
1230 93 1258 184 0.000129 9
969 163 993 189 0.000129 9
576 307 594 389 0.000128 9
807 140 859 176 0.000128 9
64 150 80 177 0.000127 9
1072 132 1102 176 0.000127 9
1034 371 1051 390 0.000127 9
822 134 927 157 0.000126 9
830 329 848 376 0.000125 9
1085 163 1149 206 0.000125 9
1008 652 1044 700 0.000125 9
876 121 893 137 0.000124 9
927 104 936 120 0.000124 9
751 338 819 392 0.000124 9
848 375 864 392 0.000124 9
691 180 725 212 0.000124 9
1026 334 1056 391 0.000124 9
1109 145 1137 164 0.000123 9
869 136 940 177 0.000123 9
701 118 720 155 0.000122 9
1018 119 1042 168 0.000122 9
565 122 580 158 0.000122 9
1104 139 1137 164 0.000120 9
744 151 752 157 0.000120 9
462 145 525 168 0.000120 9
788 112 836 161 0.000119 9
1015 150 1152 246 0.000118 9
799 546 807 568 0.000117 9
1074 124 1145 209 0.000117 9
882 566 896 585 0.000117 9
1169 144 1194 168 0.000117 9
1118 681 1129 703 0.000117 9
1227 167 1256 202 0.000117 9
671 153 677 168 0.000116 9
1034 358 1058 392 0.000116 9
1011 160 1057 195 0.000115 9
751 549 760 568 0.000115 9
587 167 631 197 0.000112 9
719 336 738 388 0.000112 9
825 118 862 146 0.000111 9
815 356 832 397 0.000111 9
989 677 1043 703 0.000111 9
593 120 606 146 0.000110 9
864 632 897 688 0.000110 9
593 64 627 104 0.000109 9
1115 339 1169 388 0.000108 9
1116 156 1175 186 0.000108 9
1163 96 1201 137 0.000107 9
701 148 722 182 0.000107 9
893 533 913 589 0.000107 9
1230 83 1267 165 0.000107 9
1230 77 1266 166 0.000107 9
989 171 1003 214 0.000106 9
575 287 595 362 0.000106 9
1036 121 1068 173 0.000106 9
894 551 906 595 0.000106 9
1001 142 1064 228 0.000106 9
245 130 255 144 0.000106 9
891 136 938 152 0.000106 9
546 138 578 154 0.000105 9
1099 125 1126 160 0.000105 9
751 550 760 570 0.000105 9
909 327 927 343 0.000105 9
1099 143 1151 188 0.000105 9
895 623 905 645 0.000105 9
1015 107 1131 238 0.000105 9
910 140 938 180 0.000105 9
652 176 669 199 0.000105 9
1131 278 1137 295 0.000104 9
208 67 251 87 0.000104 9
1161 96 1188 137 0.000104 9
1033 140 1060 171 0.000104 9
1005 134 1053 181 0.000104 9
312 156 380 195 0.000103 9
600 344 609 358 0.000102 9
599 533 610 568 0.000101 9
349 147 379 190 0.000100 9
577 80 586 99 0.000100 9
651 171 667 201 0.000100 9
1182 193 1198 214 0.046117 11
1181 192 1199 215 0.032517 11
1051 110 1083 147 0.023477 11
517 191 526 203 0.009060 11
1181 192 1200 216 0.007871 11
1180 164 1202 217 0.006073 11
1055 112 1082 146 0.004994 11
111 205 120 221 0.004404 11
1178 186 1200 216 0.002394 11
1178 191 1199 217 0.002001 11
522 183 536 199 0.001370 11
1050 122 1057 135 0.000820 11
1052 111 1083 145 0.000469 11
1050 120 1058 134 0.000387 11
111 202 121 222 0.000126 11
1049 112 1081 151 0.000101 11
