607 201 655 292 0.882253 0
755 193 793 278 0.839351 0
959 190 985 253 0.725960 0
261 206 275 242 0.139059 0
951 362 983 447 0.111874 0
786 197 794 213 0.108435 0
261 208 274 243 0.091970 0
951 360 983 456 0.073245 0
952 365 983 440 0.071092 0
924 203 945 253 0.056188 0
786 196 794 219 0.054010 0
952 368 982 451 0.052501 0
261 199 279 244 0.050551 0
261 201 278 243 0.043418 0
786 197 794 235 0.037511 0
952 367 982 431 0.036711 0
620 201 633 221 0.035860 0
261 201 276 242 0.034566 0
787 195 794 249 0.034219 0
262 205 275 242 0.031797 0
260 196 278 243 0.030525 0
951 361 987 449 0.030494 0
1016 205 1024 224 0.028346 0
959 195 987 252 0.027858 0
960 193 985 248 0.026551 0
912 449 928 485 0.024841 0
953 365 985 432 0.024369 0
1000 383 1013 399 0.023582 0
942 352 983 450 0.023076 0
863 435 880 478 0.021635 0
1039 206 1050 229 0.021443 0
952 370 980 461 0.020943 0
863 434 882 478 0.019791 0
619 201 633 241 0.019438 0
620 201 633 216 0.019340 0
670 207 679 230 0.018923 0
747 194 793 282 0.018797 0
631 202 649 229 0.018197 0
950 357 988 453 0.017707 0
1000 383 1015 399 0.017361 0
862 431 884 478 0.017354 0
954 365 984 428 0.017168 0
511 195 518 210 0.016858 0
1010 205 1025 228 0.016535 0
261 205 276 246 0.016184 0
864 439 874 454 0.016022 0
632 202 650 224 0.015869 0
670 207 678 230 0.015642 0
862 427 889 479 0.015635 0
913 449 928 486 0.015508 0
912 451 927 486 0.014634 0
1135 446 1144 463 0.014205 0
862 434 879 478 0.013960 0
946 346 984 448 0.013509 0
959 442 969 468 0.013022 0
999 384 1012 399 0.012831 0
510 194 518 217 0.012527 0
511 192 521 209 0.012255 0
846 203 859 242 0.011879 0
517 191 524 206 0.011713 0
951 363 988 444 0.011577 0
966 191 995 254 0.011468 0
1046 485 1056 497 0.011325 0
1072 487 1080 500 0.010979 0
950 347 986 444 0.010537 0
974 191 996 253 0.010082 0
692 208 702 234 0.010077 0
617 201 633 236 0.010070 0
864 440 882 478 0.009939 0
951 372 978 457 0.009904 0
618 202 633 239 0.009755 0
785 194 794 214 0.009717 0
1038 206 1050 230 0.009640 0
846 204 855 241 0.009552 0
693 207 703 234 0.009516 0
518 191 527 209 0.009468 0
1135 446 1144 461 0.009432 0
738 202 744 212 0.009343 0
863 439 880 475 0.009289 0
960 440 969 466 0.009239 0
512 190 529 221 0.009199 0
864 443 873 454 0.009188 0
1011 382 1024 401 0.009076 0
863 439 877 478 0.008983 0
1015 387 1023 400 0.008941 0
847 203 865 241 0.008563 0
895 443 905 485 0.008462 0
950 368 978 454 0.008362 0
786 197 797 222 0.008353 0
1056 488 1066 497 0.008251 0
214 188 224 229 0.008247 0
937 204 945 225 0.008240 0
963 369 980 405 0.008206 0
947 359 980 445 0.008147 0
759 194 793 276 0.008115 0
983 446 993 455 0.008072 0
607 422 624 468 0.007989 0
847 204 856 227 0.007969 0
943 361 984 457 0.007908 0
1113 194 1120 202 0.007868 0
869 439 880 478 0.007798 0
896 446 905 456 0.007782 0
846 216 857 242 0.007720 0
1072 489 1081 502 0.007630 0
965 370 981 392 0.007278 0
959 440 970 466 0.007111 0
540 194 552 217 0.007063 0
319 204 330 228 0.007025 0
860 425 887 479 0.006944 0
787 197 797 234 0.006781 0
999 381 1023 401 0.006778 0
615 202 654 283 0.006707 0
862 432 872 454 0.006634 0
632 201 651 216 0.006598 0
861 426 893 481 0.006553 0
848 212 865 242 0.006514 0
215 187 224 228 0.006321 0
916 472 928 483 0.006153 0
831 472 840 479 0.006100 0
915 474 928 486 0.006085 0
925 202 948 253 0.006070 0
306 185 323 198 0.006061 0
960 440 969 458 0.005989 0
984 200 998 253 0.005985 0
965 371 979 392 0.005978 0
923 201 947 251 0.005942 0
1127 446 1135 467 0.005873 0
847 200 857 226 0.005868 0
998 383 1016 399 0.005763 0
751 462 762 472 0.005608 0
470 204 478 216 0.005587 0
692 208 703 237 0.005574 0
960 368 983 407 0.005491 0
1015 456 1025 466 0.005452 0
751 454 767 472 0.005433 0
1127 446 1135 469 0.005334 0
513 190 529 243 0.005315 0
213 191 224 229 0.005224 0
952 367 992 453 0.005222 0
886 471 897 487 0.005197 0
679 453 688 463 0.005191 0
789 330 810 344 0.005143 0
992 456 999 464 0.005121 0
896 464 908 486 0.005119 0
1135 445 1145 463 0.005101 0
751 456 768 472 0.005098 0
471 199 479 216 0.005022 0
815 210 827 237 0.004957 0
923 202 957 255 0.004854 0
1119 387 1128 411 0.004838 0
915 448 929 471 0.004801 0
260 196 275 242 0.004796 0
603 419 624 467 0.004791 0
639 688 672 703 0.004714 0
261 198 283 244 0.004690 0
847 205 866 242 0.004614 0
619 201 633 247 0.004581 0
1073 440 1088 456 0.004558 0
865 210 873 236 0.004508 0
639 685 672 703 0.004444 0
1039 486 1048 496 0.004391 0
501 187 536 250 0.004366 0
512 188 529 245 0.004363 0
887 471 896 493 0.004345 0
1119 390 1128 412 0.004344 0
111 204 121 235 0.004179 0
607 447 624 467 0.004133 0
738 201 744 213 0.004123 0
853 462 865 478 0.004108 0
861 216 874 241 0.004008 0
864 218 873 234 0.003973 0
1148 309 1168 343 0.003964 0
966 371 982 392 0.003873 0
1072 463 1080 471 0.003847 0
967 366 987 399 0.003833 0
926 444 935 457 0.003811 0
895 446 906 467 0.003807 0
969 456 976 463 0.003741 0
750 422 800 472 0.003694 0
999 380 1023 423 0.003687 0
892 200 904 231 0.003677 0
735 442 747 462 0.003648 0
968 367 984 392 0.003578 0
1172 213 1187 244 0.003534 0
983 453 993 464 0.003517 0
955 358 980 403 0.003503 0
993 447 1000 456 0.003498 0
751 452 768 472 0.003495 0
913 474 928 487 0.003466 0
258 198 274 242 0.003450 0
988 198 1000 221 0.003431 0
965 370 979 389 0.003402 0
1046 481 1056 492 0.003390 0
669 206 683 232 0.003377 0
1208 504 1216 512 0.003344 0
948 346 965 402 0.003335 0
684 202 691 219 0.003317 0
830 463 841 475 0.003317 0
1064 462 1071 471 0.003252 0
1043 484 1056 499 0.003238 0
948 344 970 405 0.003222 0
1002 381 1024 422 0.003206 0
950 345 965 397 0.003198 0
1134 444 1144 472 0.003198 0
575 430 592 457 0.003164 0
963 358 983 392 0.003158 0
895 438 904 456 0.003129 0
214 192 225 230 0.003126 0
838 470 849 479 0.003076 0
997 379 1022 423 0.003059 0
606 443 624 467 0.003052 0
510 189 531 249 0.003026 0
815 210 828 240 0.002958 0
618 201 631 242 0.002914 0
865 433 890 478 0.002908 0
859 428 896 484 0.002872 0
665 454 672 463 0.002866 0
247 195 255 213 0.002849 0
605 420 624 467 0.002807 0
846 462 858 476 0.002791 0
890 201 904 240 0.002785 0
998 377 1023 423 0.002767 0
465 198 471 215 0.002755 0
877 435 889 457 0.002747 0
858 435 893 482 0.002732 0
958 374 968 406 0.002732 0
543 192 550 207 0.002724 0
873 428 889 458 0.002710 0
1039 454 1048 464 0.002698 0
999 376 1021 398 0.002693 0
735 438 744 458 0.002692 0
465 202 472 216 0.002673 0
1160 503 1168 511 0.002665 0
787 197 799 233 0.002657 0
926 452 936 463 0.002639 0
959 196 976 225 0.002638 0
999 382 1021 420 0.002632 0
242 195 250 217 0.002631 0
680 450 688 461 0.002604 0
1030 452 1040 464 0.002588 0
981 365 991 392 0.002509 0
982 446 993 461 0.002504 0
1104 312 1112 326 0.002494 0
847 186 866 243 0.002494 0
1210 168 1225 209 0.002483 0
687 453 694 464 0.002483 0
514 189 530 245 0.002482 0
1024 456 1031 464 0.002464 0
735 445 744 457 0.002456 0
690 209 703 237 0.002451 0
1222 503 1232 511 0.002439 0
921 208 936 246 0.002423 0
981 352 997 392 0.002420 0
1146 309 1168 344 0.002415 0
1001 377 1024 449 0.002407 0
615 200 634 217 0.002403 0
943 355 981 431 0.002369 0
1062 64 1132 131 0.002343 0
376 186 386 200 0.002336 0
1007 456 1022 466 0.002331 0
1126 444 1136 471 0.002300 0
245 195 256 216 0.002288 0
1118 440 1129 472 0.002287 0
1119 440 1129 472 0.002278 0
1157 309 1168 338 0.002277 0
823 471 832 478 0.002253 0
911 448 927 468 0.002231 0
789 329 815 392 0.002227 0
1072 441 1086 456 0.002197 0
1199 503 1209 511 0.002195 0
951 456 959 465 0.002195 0
960 220 984 251 0.002188 0
1045 279 1058 296 0.002114 0
1177 495 1185 504 0.002092 0
511 191 527 237 0.002091 0
959 373 975 397 0.002087 0
639 671 673 703 0.002080 0
983 374 991 392 0.002053 0
959 447 969 469 0.002052 0
879 438 889 462 0.002042 0
595 406 624 466 0.002041 0
833 409 894 481 0.002027 0
1061 64 1136 219 0.002026 0
923 203 962 255 0.002021 0
983 441 993 455 0.001999 0
800 440 808 450 0.001995 0
1045 410 1057 424 0.001982 0
884 200 904 243 0.001978 0
1176 500 1185 511 0.001971 0
861 207 874 237 0.001962 0
1001 380 1024 421 0.001954 0
1015 478 1024 488 0.001928 0
989 206 997 228 0.001927 0
880 200 904 244 0.001918 0
380 186 391 200 0.001913 0
1215 198 1229 233 0.001912 0
667 207 676 230 0.001902 0
1068 64 1132 130 0.001887 0
1028 487 1041 497 0.001886 0
1214 194 1225 215 0.001877 0
813 328 846 344 0.001864 0
989 201 997 222 0.001863 0
639 690 671 703 0.001862 0
1190 213 1201 226 0.001859 0
1135 441 1144 463 0.001856 0
640 674 673 703 0.001839 0
666 207 678 230 0.001827 0
967 444 976 463 0.001827 0
975 190 993 228 0.001824 0
1015 444 1024 460 0.001823 0
789 330 816 344 0.001819 0
927 345 973 443 0.001819 0
1111 440 1119 456 0.001816 0
261 201 285 245 0.001813 0
690 208 702 236 0.001813 0
1181 344 1194 357 0.001813 0
800 440 817 454 0.001807 0
823 463 833 474 0.001790 0
813 210 836 240 0.001789 0
750 444 791 473 0.001786 0
1125 439 1136 470 0.001778 0
648 407 656 424 0.001768 0
663 292 681 348 0.001766 0
1058 487 1072 498 0.001724 0
907 447 943 486 0.001698 0
958 438 974 460 0.001690 0
991 372 1014 403 0.001680 0
512 463 518 472 0.001677 0
1272 198 1279 260 0.001667 0
1118 381 1129 411 0.001655 0
241 195 250 226 0.001649 0
920 205 943 249 0.001644 0
1209 171 1226 214 0.001644 0
1028 481 1058 497 0.001641 0
1111 440 1121 472 0.001636 0
999 381 1023 418 0.001630 0
1036 481 1052 492 0.001609 0
958 374 968 403 0.001605 0
1252 214 1264 231 0.001601 0
1118 440 1128 473 0.001600 0
926 439 934 454 0.001595 0
275 222 289 251 0.001578 0
1089 158 1108 181 0.001570 0
249 209 274 242 0.001537 0
1103 311 1114 328 0.001520 0
1119 389 1129 411 0.001508 0
1071 456 1080 469 0.001504 0
639 690 664 703 0.001503 0
1061 64 1132 123 0.001501 0
775 193 788 211 0.001487 0
380 185 392 200 0.001486 0
257 208 273 242 0.001484 0
1001 371 1024 402 0.001475 0
1072 506 1080 512 0.001475 0
998 377 1014 398 0.001468 0
0 64 55 216 0.001460 0
946 350 966 404 0.001456 0
1182 344 1194 379 0.001449 0
1273 199 1279 261 0.001417 0
613 423 624 435 0.001415 0
834 464 849 478 0.001414 0
1014 456 1025 471 0.001409 0
1217 214 1230 233 0.001408 0
1038 205 1053 230 0.001404 0
1166 474 1175 489 0.001381 0
805 185 854 240 0.001354 0
686 206 693 221 0.001333 0
645 193 655 204 0.001332 0
798 330 817 392 0.001326 0
911 473 941 487 0.001320 0
764 199 793 273 0.001317 0
596 422 624 467 0.001302 0
789 327 844 344 0.001298 0
685 198 692 214 0.001297 0
827 204 857 240 0.001286 0
642 668 673 703 0.001286 0
0 64 51 221 0.001273 0
987 371 1012 398 0.001266 0
111 205 120 230 0.001261 0
262 197 290 249 0.001254 0
900 448 913 464 0.001251 0
867 334 883 343 0.001248 0
896 446 914 485 0.001244 0
1178 344 1193 359 0.001243 0
1101 311 1118 344 0.001236 0
1113 194 1121 206 0.001232 0
796 416 821 454 0.001228 0
664 450 671 462 0.001226 0
1172 229 1185 247 0.001214 0
382 554 392 591 0.001207 0
1165 471 1176 479 0.001205 0
1119 311 1131 338 0.001204 0
927 389 945 432 0.001200 0
1111 441 1121 473 0.001197 0
735 193 794 276 0.001189 0
983 354 1010 395 0.001187 0
963 357 986 393 0.001185 0
241 197 251 238 0.001177 0
559 590 569 623 0.001172 0
803 185 815 210 0.001171 0
927 388 946 435 0.001166 0
1102 487 1136 506 0.001154 0
949 343 970 392 0.001147 0
1027 441 1040 462 0.001147 0
1180 344 1195 361 0.001147 0
949 381 976 457 0.001146 0
1060 64 1133 146 0.001145 0
1143 391 1154 407 0.001141 0
975 455 982 463 0.001139 0
872 326 882 343 0.001139 0
242 196 253 216 0.001135 0
1272 198 1279 265 0.001132 0
111 204 124 239 0.001127 0
213 185 231 230 0.001127 0
812 440 825 455 0.001123 0
911 472 940 485 0.001116 0
1015 485 1023 495 0.001114 0
1119 391 1128 415 0.001112 0
1044 410 1056 423 0.001103 0
1060 64 1135 182 0.001098 0
630 424 640 457 0.001090 0
784 325 817 392 0.001089 0
703 435 722 469 0.001085 0
246 214 273 242 0.001078 0
734 441 747 471 0.001074 0
734 424 750 459 0.001055 0
867 421 883 453 0.001051 0
1263 66 1279 169 0.001047 0
751 456 768 482 0.001046 0
429 222 439 229 0.001032 0
478 203 485 216 0.001028 0
927 365 945 443 0.001024 0
607 449 624 470 0.001018 0
1059 64 1133 155 0.001014 0
1220 210 1229 232 0.001006 0
797 440 833 473 0.001000 0
894 441 926 486 0.000993 0
928 384 945 431 0.000992 0
259 202 283 264 0.000990 0
852 208 872 275 0.000987 0
887 444 897 456 0.000987 0
199 212 209 227 0.000986 0
998 455 1008 464 0.000985 0
1231 469 1247 485 0.000982 0
265 205 288 249 0.000982 0
990 375 1023 441 0.000974 0
1055 464 1065 471 0.000969 0
385 197 397 206 0.000964 0
4 64 351 219 0.000961 0
262 206 289 249 0.000959 0
881 471 896 492 0.000958 0
1103 487 1121 495 0.000955 0
649 408 656 424 0.000955 0
575 425 584 433 0.000954 0
959 193 983 248 0.000951 0
788 317 812 344 0.000950 0
947 358 1014 462 0.000949 0
1272 199 1279 248 0.000949 0
1233 470 1248 484 0.000945 0
816 422 836 471 0.000940 0
548 426 592 457 0.000933 0
110 204 125 237 0.000929 0
111 204 128 237 0.000928 0
1076 459 1094 472 0.000927 0
1073 453 1095 471 0.000926 0
1211 503 1224 512 0.000926 0
857 431 873 448 0.000918 0
464 202 475 250 0.000915 0
718 438 733 470 0.000910 0
895 446 915 488 0.000910 0
976 197 1010 253 0.000908 0
876 334 885 343 0.000901 0
815 443 824 454 0.000900 0
1186 355 1211 416 0.000899 0
1142 392 1153 407 0.000897 0
881 439 900 483 0.000894 0
1178 344 1189 359 0.000887 0
1047 453 1056 466 0.000885 0
1 64 355 386 0.000882 0
110 203 130 238 0.000879 0
1151 440 1159 454 0.000874 0
946 344 987 426 0.000869 0
936 433 943 440 0.000869 0
797 421 817 451 0.000867 0
1067 64 1132 125 0.000867 0
1223 450 1232 471 0.000865 0
1094 447 1106 471 0.000865 0
740 418 800 471 0.000862 0
1 64 214 216 0.000860 0
1148 323 1168 345 0.000857 0
856 217 872 272 0.000852 0
1231 459 1240 471 0.000848 0
214 183 231 229 0.000848 0
1 64 180 217 0.000843 0
1055 222 1065 243 0.000839 0
751 424 774 447 0.000838 0
1120 443 1137 475 0.000839 0
992 440 1004 456 0.000838 0
952 436 971 457 0.000836 0
883 438 902 456 0.000834 0
0 64 267 217 0.000832 0
865 420 890 455 0.000829 0
110 204 121 222 0.000829 0
931 438 944 454 0.000828 0
1056 64 1279 294 0.000827 0
643 670 673 699 0.000826 0
503 313 512 335 0.000823 0
631 436 639 455 0.000819 0
1031 491 1039 503 0.000818 0
990 192 1000 220 0.000817 0
718 436 734 463 0.000817 0
1077 428 1087 449 0.000815 0
1007 441 1026 468 0.000810 0
1184 504 1193 512 0.000808 0
1046 64 1133 197 0.000806 0
1081 456 1096 471 0.000804 0
1216 217 1227 233 0.000802 0
1172 207 1202 247 0.000801 0
772 438 800 454 0.000800 0
1183 346 1193 379 0.000797 0
0 64 17 210 0.000796 0
810 439 834 473 0.000796 0
817 419 840 459 0.000795 0
826 408 893 479 0.000794 0
799 441 817 457 0.000794 0
799 337 817 392 0.000793 0
829 417 848 456 0.000789 0
104 248 134 264 0.000784 0
631 424 639 436 0.000783 0
793 416 822 446 0.000782 0
788 327 822 392 0.000781 0
703 419 724 470 0.000778 0
793 411 838 465 0.000777 0
718 437 736 470 0.000777 0
1204 495 1215 504 0.000777 0
1007 430 1014 440 0.000776 0
926 342 956 440 0.000774 0
812 414 892 479 0.000774 0
1078 694 1091 703 0.000766 0
813 457 834 478 0.000762 0
933 447 943 471 0.000760 0
751 459 765 481 0.000756 0
950 273 959 290 0.000756 0
985 372 1017 424 0.000754 0
861 422 874 441 0.000752 0
975 692 987 703 0.000750 0
828 465 852 479 0.000749 0
829 419 844 456 0.000748 0
1009 442 1025 468 0.000746 0
849 444 874 478 0.000744 0
208 190 224 229 0.000736 0
1119 314 1133 341 0.000734 0
1119 312 1127 326 0.000734 0
1039 449 1048 464 0.000733 0
575 423 592 454 0.000733 0
1056 489 1073 502 0.000730 0
469 202 480 229 0.000728 0
513 190 540 248 0.000728 0
134 415 144 429 0.000728 0
656 425 664 433 0.000719 0
879 441 900 488 0.000715 0
927 439 944 483 0.000711 0
1042 484 1060 502 0.000711 0
1056 64 1277 263 0.000709 0
610 198 648 216 0.000708 0
614 222 631 246 0.000704 0
950 372 1002 457 0.000701 0
1247 345 1268 383 0.000701 0
854 229 872 281 0.000697 0
1215 396 1227 424 0.000695 0
999 211 1017 249 0.000692 0
984 351 993 371 0.000692 0
787 314 811 344 0.000687 0
882 318 896 343 0.000687 0
801 414 811 424 0.000686 0
663 290 682 350 0.000681 0
467 198 480 297 0.000676 0
374 184 391 200 0.000676 0
783 331 817 392 0.000675 0
1105 607 1111 613 0.000670 0
199 209 209 226 0.000670 0
666 207 679 230 0.000666 0
662 424 670 434 0.000665 0
1061 456 1073 470 0.000662 0
1232 458 1240 468 0.000661 0
1040 485 1068 501 0.000660 0
951 439 964 464 0.000659 0
1042 410 1059 455 0.000657 0
2 64 332 229 0.000656 0
990 358 1024 403 0.000656 0
103 249 131 264 0.000655 0
855 220 870 277 0.000654 0
1067 64 1132 137 0.000653 0
834 419 849 452 0.000648 0
805 184 814 194 0.000647 0
1093 495 1103 505 0.000646 0
241 194 256 237 0.000646 0
802 185 812 221 0.000645 0
638 676 673 703 0.000644 0
685 450 695 459 0.000644 0
721 437 735 459 0.000641 0
1174 214 1184 223 0.000638 0
246 205 261 239 0.000635 0
927 344 944 390 0.000633 0
735 462 745 471 0.000631 0
731 424 798 467 0.000630 0
928 343 944 380 0.000629 0
750 423 773 449 0.000628 0
1246 472 1264 486 0.000628 0
223 375 240 408 0.000625 0
1223 448 1232 456 0.000625 0
1179 218 1193 247 0.000624 0
878 319 889 343 0.000623 0
1071 482 1080 499 0.000623 0
787 193 838 258 0.000623 0
703 440 721 469 0.000621 0
789 330 809 345 0.000620 0
1247 470 1266 487 0.000619 0
681 197 691 216 0.000616 0
263 194 273 205 0.000616 0
959 483 969 494 0.000616 0
910 474 933 489 0.000613 0
351 188 357 199 0.000613 0
1072 428 1082 450 0.000612 0
1247 340 1279 403 0.000612 0
990 447 1004 464 0.000606 0
1027 483 1069 528 0.000606 0
500 184 543 253 0.000603 0
367 207 375 231 0.000601 0
1184 354 1212 413 0.000600 0
1081 460 1096 472 0.000600 0
799 440 817 459 0.000599 0
238 206 291 265 0.000597 0
511 194 541 247 0.000596 0
255 195 273 240 0.000596 0
638 669 672 703 0.000595 0
703 411 725 468 0.000594 0
1228 335 1271 405 0.000594 0
1187 217 1203 232 0.000592 0
1078 193 1089 201 0.000592 0
1033 280 1061 334 0.000591 0
865 215 879 237 0.000591 0
606 431 624 475 0.000589 0
1071 344 1089 408 0.000588 0
927 364 956 437 0.000587 0
1094 452 1105 471 0.000586 0
1216 390 1232 424 0.000586 0
1018 441 1040 465 0.000586 0
866 207 891 238 0.000583 0
802 413 816 426 0.000582 0
1040 414 1059 460 0.000579 0
1111 385 1128 410 0.000577 0
1035 485 1070 529 0.000575 0
814 312 843 343 0.000574 0
928 380 944 424 0.000574 0
913 200 948 249 0.000573 0
1222 452 1232 476 0.000572 0
1216 472 1224 483 0.000572 0
1189 503 1200 512 0.000572 0
1209 194 1224 216 0.000571 0
1018 440 1041 463 0.000571 0
895 426 904 448 0.000568 0
1180 344 1197 358 0.000568 0
839 406 939 484 0.000566 0
1178 201 1202 229 0.000566 0
315 200 335 231 0.000565 0
829 417 849 453 0.000562 0
803 184 820 234 0.000561 0
927 344 945 399 0.000559 0
367 208 375 225 0.000558 0
1222 471 1231 483 0.000556 0
1040 278 1058 330 0.000556 0
946 357 970 408 0.000555 0
750 422 771 442 0.000554 0
927 344 944 394 0.000551 0
855 224 871 279 0.000549 0
1220 203 1229 229 0.000548 0
332 185 343 199 0.000548 0
1061 64 1164 143 0.000546 0
796 408 838 454 0.000545 0
1028 481 1067 499 0.000544 0
357 101 379 226 0.000544 0
1231 458 1253 486 0.000543 0
1198 496 1213 505 0.000543 0
926 342 945 416 0.000542 0
1120 331 1137 376 0.000540 0
1100 311 1127 345 0.000539 0
241 215 251 238 0.000538 0
760 421 891 479 0.000537 0
1054 456 1064 469 0.000537 0
1006 430 1019 456 0.000536 0
247 194 256 215 0.000534 0
1042 492 1067 528 0.000534 0
832 393 842 410 0.000530 0
907 335 927 384 0.000528 0
533 205 548 221 0.000527 0
1164 497 1181 507 0.000525 0
613 359 624 376 0.000524 0
1039 412 1047 424 0.000524 0
1242 198 1248 214 0.000520 0
278 233 288 248 0.000518 0
1006 420 1021 440 0.000517 0
1012 424 1025 442 0.000516 0
798 196 811 232 0.000516 0
1071 336 1089 408 0.000514 0
435 137 492 234 0.000510 0
727 419 736 439 0.000510 0
899 422 944 485 0.000509 0
1071 364 1088 409 0.000508 0
660 293 682 371 0.000508 0
1151 441 1159 457 0.000504 0
820 455 832 470 0.000503 0
856 229 872 279 0.000503 0
710 427 721 444 0.000501 0
1217 448 1224 456 0.000501 0
927 344 944 379 0.000500 0
1087 491 1097 504 0.000500 0
1210 168 1230 228 0.000500 0
682 205 690 216 0.000499 0
926 342 945 403 0.000498 0
1158 299 1168 336 0.000497 0
276 230 288 249 0.000496 0
883 318 894 342 0.000494 0
1151 470 1168 479 0.000493 0
1212 368 1261 427 0.000490 0
993 444 1008 456 0.000490 0
1244 200 1260 232 0.000489 0
1194 370 1240 424 0.000487 0
1021 481 1032 493 0.000487 0
1098 329 1104 343 0.000485 0
955 425 973 460 0.000484 0
1214 340 1278 421 0.000483 0
1199 472 1216 483 0.000482 0
1158 498 1169 510 0.000481 0
931 441 944 456 0.000479 0
1095 446 1104 458 0.000479 0
1061 64 1162 177 0.000478 0
795 439 832 472 0.000477 0
1216 453 1224 470 0.000477 0
1013 423 1024 438 0.000477 0
687 423 696 436 0.000476 0
1082 64 1135 128 0.000474 0
925 201 954 217 0.000474 0
908 335 928 392 0.000474 0
928 379 955 436 0.000472 0
1247 200 1256 230 0.000471 0
222 383 240 408 0.000470 0
1089 696 1104 703 0.000470 0
645 429 656 446 0.000470 0
1216 419 1224 433 0.000469 0
864 407 882 447 0.000469 0
1071 351 1089 408 0.000468 0
1179 343 1278 422 0.000468 0
1026 64 1129 185 0.000467 0
855 230 876 281 0.000467 0
1257 197 1279 268 0.000466 0
1080 405 1088 413 0.000466 0
344 185 352 199 0.000466 0
863 326 882 343 0.000465 0
942 351 1023 434 0.000464 0
1056 77 1140 188 0.000464 0
719 438 738 467 0.000461 0
1007 456 1025 473 0.000460 0
0 64 24 208 0.000459 0
945 360 1023 461 0.000459 0
833 407 887 456 0.000457 0
856 229 870 270 0.000453 0
639 437 648 457 0.000452 0
1262 367 1279 424 0.000451 0
1095 440 1111 457 0.000451 0
839 437 848 450 0.000450 0
895 323 904 343 0.000450 0
750 413 891 479 0.000448 0
1218 65 1279 281 0.000446 0
1038 483 1068 527 0.000446 0
831 392 843 409 0.000446 0
1244 461 1263 477 0.000444 0
829 418 848 450 0.000444 0
277 231 288 260 0.000444 0
210 194 223 228 0.000440 0
910 335 929 393 0.000438 0
765 429 775 444 0.000437 0
1185 215 1241 263 0.000436 0
927 391 945 439 0.000434 0
880 318 892 341 0.000433 0
638 425 656 460 0.000433 0
663 294 672 321 0.000432 0
988 344 1008 390 0.000431 0
942 372 954 398 0.000430 0
749 416 834 472 0.000430 0
853 437 873 454 0.000430 0
755 455 798 473 0.000428 0
1070 342 1089 409 0.000427 0
616 358 624 375 0.000426 0
1134 444 1154 471 0.000426 0
733 423 752 451 0.000425 0
944 343 1020 424 0.000425 0
367 207 378 232 0.000424 0
726 421 737 442 0.000424 0
1121 490 1189 511 0.000423 0
1208 167 1230 224 0.000422 0
942 364 953 393 0.000421 0
1078 400 1088 411 0.000420 0
1136 504 1144 511 0.000418 0
0 65 42 291 0.000417 0
947 361 1022 443 0.000417 0
1231 471 1248 487 0.000415 0
765 193 788 218 0.000415 0
1210 339 1278 427 0.000412 0
1044 221 1058 234 0.000410 0
1245 461 1265 481 0.000410 0
928 385 944 417 0.000409 0
664 457 672 471 0.000408 0
798 406 835 454 0.000408 0
1247 344 1272 376 0.000408 0
895 422 905 438 0.000407 0
639 437 649 459 0.000407 0
1052 64 1253 282 0.000406 0
560 588 577 625 0.000405 0
787 320 838 345 0.000404 0
959 369 1025 467 0.000404 0
326 64 437 214 0.000403 0
719 439 742 471 0.000402 0
1038 379 1055 424 0.000402 0
787 328 811 375 0.000402 0
1213 341 1269 417 0.000400 0
816 445 888 479 0.000400 0
921 377 960 471 0.000400 0
1111 368 1127 410 0.000399 0
882 326 896 344 0.000397 0
1063 64 1166 228 0.000397 0
1045 279 1069 296 0.000396 0
1101 312 1131 344 0.000396 0
770 253 841 343 0.000396 0
342 64 443 211 0.000396 0
925 203 959 239 0.000395 0
789 330 810 359 0.000394 0
1093 64 1133 132 0.000391 0
873 423 904 462 0.000390 0
1013 438 1069 489 0.000390 0
836 453 878 478 0.000390 0
264 195 292 248 0.000389 0
317 64 428 220 0.000388 0
789 199 807 236 0.000388 0
382 551 392 590 0.000387 0
382 559 392 595 0.000386 0
895 329 903 343 0.000386 0
500 231 539 252 0.000386 0
203 393 223 409 0.000386 0
1182 345 1198 360 0.000386 0
1183 446 1190 456 0.000386 0
1054 423 1065 459 0.000385 0
1229 64 1279 169 0.000383 0
646 436 655 454 0.000382 0
1060 64 1155 131 0.000382 0
1064 64 1108 128 0.000382 0
519 393 529 422 0.000381 0
1247 193 1277 233 0.000381 0
717 431 726 441 0.000381 0
1124 500 1137 509 0.000381 0
1153 473 1167 488 0.000380 0
513 413 529 426 0.000379 0
1022 482 1060 499 0.000379 0
831 477 842 490 0.000376 0
926 422 940 457 0.000375 0
580 405 592 453 0.000374 0
908 334 932 388 0.000373 0
739 201 750 214 0.000373 0
1013 408 1024 423 0.000372 0
824 423 832 433 0.000372 0
803 201 829 239 0.000371 0
631 203 653 285 0.000371 0
806 451 833 472 0.000369 0
910 339 930 393 0.000369 0
1163 487 1186 504 0.000367 0
897 414 945 484 0.000365 0
910 336 932 392 0.000365 0
1233 471 1250 486 0.000364 0
960 191 983 220 0.000364 0
767 549 784 585 0.000364 0
880 202 907 246 0.000363 0
975 688 989 703 0.000361 0
1247 202 1262 231 0.000357 0
801 418 820 435 0.000357 0
833 393 846 411 0.000357 0
336 64 436 215 0.000357 0
975 365 996 412 0.000357 0
1072 506 1080 517 0.000356 0
1044 279 1057 314 0.000355 0
672 528 689 569 0.000354 0
833 413 883 456 0.000354 0
927 399 946 461 0.000352 0
1253 196 1279 266 0.000351 0
1137 444 1152 465 0.000351 0
199 211 215 230 0.000351 0
1231 371 1257 426 0.000351 0
893 417 944 486 0.000350 0
974 453 995 483 0.000349 0
1098 399 1104 406 0.000349 0
1226 65 1279 266 0.000349 0
1109 391 1128 410 0.000349 0
1187 353 1210 382 0.000348 0
512 457 522 475 0.000348 0
963 198 987 231 0.000347 0
848 269 853 281 0.000344 0
1219 360 1264 423 0.000343 0
830 440 841 458 0.000342 0
734 449 767 472 0.000341 0
160 64 258 220 0.000341 0
896 438 913 457 0.000340 0
1103 311 1128 330 0.000339 0
1148 387 1159 407 0.000338 0
982 191 1023 249 0.000338 0
1230 229 1279 369 0.000338 0
789 198 802 234 0.000337 0
510 392 544 428 0.000337 0
942 346 960 393 0.000337 0
1100 325 1120 344 0.000336 0
756 197 776 230 0.000335 0
591 425 612 455 0.000335 0
1119 315 1138 341 0.000334 0
786 192 798 219 0.000334 0
1220 352 1275 427 0.000333 0
1193 360 1250 420 0.000333 0
928 343 944 377 0.000333 0
1071 386 1087 409 0.000332 0
927 350 945 415 0.000331 0
718 444 737 471 0.000331 0
1079 696 1099 703 0.000331 0
833 473 848 487 0.000329 0
1046 412 1063 424 0.000329 0
1047 65 1130 180 0.000328 0
721 457 741 471 0.000328 0
1233 451 1252 473 0.000328 0
767 405 894 478 0.000328 0
1259 66 1279 278 0.000327 0
319 64 368 177 0.000323 0
1037 376 1051 419 0.000323 0
573 388 610 441 0.000322 0
1182 374 1275 423 0.000321 0
1182 367 1279 424 0.000321 0
1055 439 1064 461 0.000320 0
1072 333 1090 409 0.000319 0
665 182 674 216 0.000318 0
1033 66 1266 269 0.000318 0
1188 212 1216 231 0.000318 0
777 422 814 454 0.000317 0
261 193 289 245 0.000317 0
519 392 530 411 0.000316 0
254 697 273 703 0.000315 0
511 325 522 350 0.000315 0
157 64 267 237 0.000314 0
663 413 670 430 0.000313 0
271 189 279 206 0.000313 0
1071 423 1080 436 0.000313 0
1086 488 1097 503 0.000313 0
1189 214 1242 265 0.000312 0
774 258 850 348 0.000312 0
430 217 439 226 0.000311 0
1099 449 1115 472 0.000310 0
319 64 625 203 0.000310 0
1169 384 1184 423 0.000309 0
588 383 609 434 0.000308 0
88 64 352 205 0.000308 0
1077 333 1089 345 0.000308 0
1089 64 1133 133 0.000307 0
1216 496 1233 510 0.000307 0
876 409 902 454 0.000306 0
893 409 944 483 0.000306 0
979 366 1000 426 0.000306 0
1038 420 1048 437 0.000306 0
1077 333 1090 359 0.000306 0
761 259 839 346 0.000305 0
1208 192 1274 267 0.000304 0
63 64 340 213 0.000304 0
630 439 640 460 0.000303 0
966 367 1005 430 0.000303 0
1136 398 1144 407 0.000303 0
1208 506 1215 517 0.000303 0
726 417 736 440 0.000301 0
800 409 814 426 0.000301 0
880 407 897 438 0.000301 0
1194 362 1279 424 0.000301 0
603 360 624 376 0.000298 0
1102 326 1123 365 0.000298 0
1123 325 1135 339 0.000298 0
848 178 867 233 0.000298 0
727 320 744 338 0.000297 0
0 64 78 213 0.000297 0
390 568 406 615 0.000297 0
1150 454 1160 468 0.000296 0
808 686 816 703 0.000294 0
1253 197 1279 259 0.000294 0
847 425 861 447 0.000293 0
313 64 368 199 0.000293 0
880 407 896 427 0.000293 0
1061 64 1118 125 0.000292 0
1008 488 1016 504 0.000291 0
875 407 896 449 0.000291 0
1062 64 1125 76 0.000290 0
519 230 544 251 0.000289 0
118 64 348 212 0.000289 0
808 406 843 455 0.000289 0
1060 64 1273 189 0.000288 0
1138 407 1152 426 0.000288 0
1151 440 1167 465 0.000288 0
958 423 976 452 0.000288 0
1188 382 1214 423 0.000288 0
1066 335 1089 409 0.000287 0
579 445 592 461 0.000287 0
1192 350 1279 423 0.000286 0
323 64 650 355 0.000285 0
1037 374 1053 416 0.000285 0
981 450 999 483 0.000285 0
241 213 267 240 0.000285 0
1014 469 1025 486 0.000285 0
987 183 1016 224 0.000285 0
1095 444 1120 472 0.000285 0
910 264 929 346 0.000284 0
240 216 258 239 0.000284 0
1010 439 1069 503 0.000284 0
608 407 624 447 0.000284 0
1137 440 1153 470 0.000283 0
1061 64 1128 102 0.000283 0
768 275 836 348 0.000283 0
1040 695 1064 703 0.000282 0
1008 478 1017 492 0.000281 0
798 464 815 472 0.000280 0
785 341 817 392 0.000279 0
656 311 677 374 0.000279 0
1089 680 1105 703 0.000279 0
671 530 688 569 0.000278 0
1261 133 1279 183 0.000277 0
1229 357 1280 426 0.000277 0
852 234 874 295 0.000276 0
720 317 744 335 0.000276 0
1055 436 1065 454 0.000275 0
674 526 689 568 0.000275 0
385 185 399 206 0.000275 0
4 64 306 214 0.000275 0
801 408 822 427 0.000274 0
1217 404 1232 433 0.000271 0
687 535 697 568 0.000271 0
1103 328 1121 344 0.000270 0
1053 420 1064 439 0.000269 0
1078 336 1090 362 0.000269 0
761 255 829 348 0.000269 0
1018 64 1133 172 0.000269 0
1168 384 1180 423 0.000269 0
1262 125 1279 178 0.000269 0
1095 329 1104 344 0.000268 0
582 406 590 430 0.000268 0
415 642 429 680 0.000268 0
255 64 347 197 0.000268 0
1076 334 1094 383 0.000267 0
212 187 241 236 0.000266 0
1060 64 1129 91 0.000266 0
1122 326 1137 344 0.000266 0
0 64 72 218 0.000265 0
784 328 810 344 0.000265 0
1009 481 1025 519 0.000264 0
910 259 928 345 0.000264 0
0 113 25 300 0.000264 0
1034 363 1060 419 0.000262 0
941 344 962 390 0.000262 0
657 322 673 375 0.000262 0
3 65 398 385 0.000261 0
1213 345 1280 425 0.000261 0
0 76 19 240 0.000259 0
519 231 533 245 0.000259 0
415 251 420 270 0.000259 0
724 439 799 474 0.000259 0
1004 450 1088 501 0.000258 0
948 420 973 460 0.000258 0
117 64 348 246 0.000258 0
1069 486 1089 502 0.000258 0
1026 329 1088 421 0.000258 0
1223 223 1279 299 0.000256 0
812 287 849 344 0.000256 0
1119 329 1136 366 0.000255 0
1165 471 1196 481 0.000255 0
907 335 926 355 0.000255 0
610 218 627 277 0.000254 0
1094 439 1122 469 0.000254 0
350 184 359 199 0.000254 0
1043 448 1055 466 0.000254 0
829 206 871 281 0.000253 0
750 453 769 488 0.000253 0
1183 191 1217 223 0.000253 0
751 406 894 477 0.000253 0
635 668 673 703 0.000253 0
1247 406 1254 427 0.000253 0
786 312 848 344 0.000252 0
671 532 685 569 0.000251 0
1071 397 1081 409 0.000251 0
1061 64 1126 75 0.000251 0
847 208 871 282 0.000250 0
1145 308 1177 345 0.000250 0
1228 194 1278 267 0.000250 0
1137 394 1153 428 0.000250 0
814 299 846 344 0.000250 0
1030 335 1058 392 0.000249 0
1247 672 1279 703 0.000249 0
1037 386 1078 426 0.000249 0
1263 64 1279 78 0.000248 0
1219 344 1280 412 0.000247 0
942 339 994 394 0.000247 0
241 188 253 218 0.000246 0
672 304 694 374 0.000246 0
111 205 129 226 0.000246 0
1029 278 1060 331 0.000246 0
688 352 693 360 0.000246 0
905 335 919 344 0.000246 0
968 509 976 521 0.000245 0
1024 326 1088 432 0.000245 0
224 183 233 205 0.000244 0
831 396 848 426 0.000244 0
907 335 922 346 0.000243 0
1139 497 1166 510 0.000241 0
1001 431 1007 440 0.000241 0
764 253 839 343 0.000240 0
930 407 945 442 0.000240 0
773 315 787 343 0.000240 0
1035 370 1055 415 0.000240 0
1264 64 1279 75 0.000240 0
661 291 695 367 0.000239 0
911 439 931 456 0.000239 0
1108 497 1121 509 0.000239 0
1112 185 1136 204 0.000238 0
719 316 745 379 0.000238 0
1032 543 1040 570 0.000238 0
580 409 624 462 0.000238 0
558 585 570 624 0.000238 0
694 474 704 488 0.000237 0
655 292 693 377 0.000237 0
768 540 784 585 0.000237 0
1269 137 1279 169 0.000236 0
770 311 792 342 0.000236 0
670 207 694 237 0.000236 0
839 394 897 476 0.000236 0
1262 79 1279 170 0.000236 0
690 468 704 488 0.000235 0
1117 409 1136 475 0.000235 0
1072 420 1088 448 0.000235 0
1214 64 1233 126 0.000235 0
1153 343 1198 382 0.000235 0
542 650 558 682 0.000234 0
831 64 839 69 0.000234 0
149 64 367 211 0.000233 0
1084 350 1122 408 0.000233 0
847 424 896 494 0.000233 0
853 396 863 408 0.000232 0
782 419 822 449 0.000232 0
193 186 201 202 0.000232 0
1214 214 1240 234 0.000232 0
48 64 397 361 0.000232 0
943 374 956 405 0.000230 0
1038 655 1064 703 0.000230 0
973 186 987 206 0.000230 0
1163 64 1219 117 0.000230 0
1136 391 1154 408 0.000230 0
678 453 703 471 0.000229 0
1214 64 1233 130 0.000229 0
263 64 368 201 0.000229 0
703 421 722 469 0.000229 0
1154 437 1168 456 0.000227 0
1232 390 1255 426 0.000227 0
674 522 688 569 0.000227 0
575 586 585 625 0.000227 0
704 405 778 469 0.000226 0
1223 511 1231 517 0.000226 0
1015 319 1036 343 0.000226 0
975 451 1004 487 0.000226 0
654 301 689 378 0.000225 0
1086 347 1096 360 0.000225 0
1058 199 1085 233 0.000223 0
910 272 928 346 0.000223 0
1015 381 1033 407 0.000223 0
249 216 289 264 0.000223 0
704 412 722 444 0.000222 0
1008 470 1015 479 0.000222 0
1038 384 1059 424 0.000222 0
1033 359 1062 418 0.000222 0
1045 432 1057 455 0.000222 0
775 312 798 342 0.000221 0
1215 454 1225 473 0.000220 0
831 399 841 420 0.000220 0
541 64 586 223 0.000218 0
911 440 927 456 0.000218 0
1215 64 1233 107 0.000218 0
858 454 896 488 0.000218 0
655 315 681 354 0.000218 0
706 406 800 469 0.000218 0
1247 422 1253 430 0.000218 0
991 456 1001 471 0.000218 0
1025 326 1089 416 0.000217 0
996 603 1060 703 0.000216 0
784 329 811 345 0.000216 0
0 115 19 315 0.000216 0
719 317 744 338 0.000215 0
1247 679 1264 697 0.000214 0
941 343 1020 400 0.000214 0
46 64 540 349 0.000214 0
1185 345 1212 380 0.000214 0
543 64 591 202 0.000214 0
928 404 945 435 0.000213 0
1104 323 1137 344 0.000213 0
803 347 816 392 0.000213 0
651 299 696 386 0.000212 0
1238 455 1265 474 0.000212 0
311 64 501 204 0.000212 0
965 346 996 391 0.000211 0
327 64 676 243 0.000211 0
1028 329 1091 396 0.000210 0
1087 324 1121 361 0.000209 0
1150 456 1162 475 0.000209 0
1119 64 1196 126 0.000209 0
777 334 784 343 0.000208 0
1057 425 1073 458 0.000208 0
603 359 627 452 0.000208 0
426 221 440 232 0.000208 0
805 497 814 506 0.000208 0
0 110 17 324 0.000207 0
1247 679 1268 702 0.000207 0
1227 177 1279 292 0.000207 0
362 66 450 211 0.000207 0
1122 450 1137 487 0.000207 0
160 64 258 195 0.000206 0
419 154 786 252 0.000206 0
1262 103 1279 171 0.000206 0
431 583 440 617 0.000206 0
1199 64 1221 127 0.000206 0
1247 655 1279 703 0.000206 0
1042 332 1091 403 0.000206 0
1067 689 1095 703 0.000205 0
740 201 755 226 0.000205 0
106 247 124 299 0.000205 0
560 380 609 447 0.000205 0
406 251 414 271 0.000204 0
655 326 676 371 0.000204 0
1263 370 1279 416 0.000204 0
184 197 191 206 0.000204 0
687 534 699 568 0.000204 0
1247 650 1279 703 0.000204 0
703 451 716 470 0.000204 0
1032 410 1040 425 0.000203 0
511 451 521 474 0.000203 0
1056 64 1261 195 0.000203 0
1167 473 1187 489 0.000202 0
810 450 855 479 0.000202 0
1077 331 1105 362 0.000201 0
1030 354 1057 391 0.000201 0
1059 404 1079 465 0.000200 0
524 393 541 410 0.000200 0
672 453 697 471 0.000200 0
1039 695 1063 703 0.000200 0
798 459 822 473 0.000199 0
1005 451 1068 501 0.000199 0
184 188 191 205 0.000199 0
1109 401 1159 477 0.000198 0
307 64 368 198 0.000198 0
1069 686 1093 703 0.000198 0
1066 64 1278 178 0.000198 0
949 445 977 481 0.000198 0
1208 520 1216 534 0.000198 0
1235 197 1256 232 0.000198 0
1077 682 1102 703 0.000198 0
541 64 586 194 0.000198 0
941 343 961 386 0.000197 0
851 299 864 336 0.000197 0
1061 64 1168 212 0.000197 0
321 64 433 187 0.000196 0
906 472 944 489 0.000196 0
1255 430 1263 454 0.000195 0
588 377 609 430 0.000195 0
255 64 352 205 0.000195 0
1190 64 1233 112 0.000195 0
1235 197 1256 235 0.000195 0
1056 480 1076 500 0.000194 0
959 503 969 519 0.000194 0
604 358 623 375 0.000194 0
654 321 676 376 0.000194 0
1056 389 1064 401 0.000193 0
1039 425 1047 442 0.000193 0
502 392 540 429 0.000192 0
1046 458 1056 470 0.000192 0
645 438 656 461 0.000192 0
429 221 439 240 0.000191 0
661 298 689 353 0.000191 0
391 568 400 602 0.000191 0
734 423 763 444 0.000191 0
1032 544 1040 568 0.000191 0
1274 159 1279 169 0.000190 0
0 66 32 361 0.000190 0
1035 278 1058 328 0.000190 0
0 416 97 603 0.000190 0
1066 72 1105 136 0.000190 0
1212 176 1259 235 0.000190 0
931 363 958 429 0.000189 0
325 232 337 250 0.000189 0
611 407 624 426 0.000189 0
850 176 963 296 0.000189 0
1209 362 1223 408 0.000189 0
1252 338 1279 415 0.000187 0
1119 401 1128 432 0.000187 0
813 311 848 343 0.000186 0
142 64 440 275 0.000186 0
1142 388 1165 409 0.000186 0
293 64 457 202 0.000186 0
1074 339 1116 407 0.000185 0
849 414 943 487 0.000185 0
1135 452 1154 473 0.000185 0
783 261 841 345 0.000184 0
673 315 690 366 0.000184 0
615 213 642 270 0.000184 0
1174 65 1279 258 0.000183 0
772 254 850 345 0.000183 0
330 64 669 204 0.000183 0
1169 209 1187 221 0.000182 0
1161 77 1198 129 0.000182 0
1241 396 1257 427 0.000182 0
752 361 836 474 0.000181 0
769 292 844 344 0.000181 0
1030 493 1039 516 0.000181 0
147 64 258 192 0.000181 0
311 64 439 223 0.000181 0
1068 64 1122 72 0.000181 0
989 65 1089 205 0.000180 0
318 64 639 362 0.000179 0
220 129 240 154 0.000179 0
200 205 224 229 0.000179 0
255 64 338 204 0.000179 0
1118 64 1157 117 0.000179 0
319 64 627 273 0.000178 0
1062 64 1090 72 0.000178 0
109 253 121 297 0.000178 0
256 64 336 185 0.000178 0
865 308 908 343 0.000178 0
1263 397 1279 424 0.000177 0
488 193 529 251 0.000177 0
991 405 1003 429 0.000177 0
1159 64 1211 81 0.000176 0
751 458 768 487 0.000176 0
1087 313 1118 343 0.000176 0
1063 64 1166 155 0.000175 0
270 223 290 293 0.000175 0
1053 488 1085 507 0.000175 0
1151 474 1164 488 0.000175 0
975 460 989 484 0.000175 0
1018 381 1030 397 0.000175 0
719 317 742 333 0.000174 0
1235 405 1249 427 0.000174 0
896 423 915 451 0.000174 0
659 291 701 375 0.000173 0
223 371 240 409 0.000173 0
813 406 832 424 0.000173 0
213 390 240 409 0.000173 0
1024 423 1033 439 0.000172 0
1160 76 1195 128 0.000172 0
584 389 607 424 0.000171 0
543 64 589 187 0.000171 0
765 299 804 344 0.000171 0
331 64 700 211 0.000171 0
1239 680 1269 703 0.000171 0
909 327 928 350 0.000171 0
977 394 994 430 0.000170 0
347 64 499 210 0.000170 0
991 344 1004 359 0.000170 0
675 310 703 372 0.000169 0
687 408 701 439 0.000169 0
436 183 919 281 0.000169 0
1028 414 1041 444 0.000169 0
1159 64 1215 102 0.000168 0
510 536 521 569 0.000168 0
895 415 906 439 0.000168 0
994 438 1011 455 0.000167 0
1009 436 1067 507 0.000167 0
586 419 623 464 0.000166 0
1205 360 1279 423 0.000166 0
1238 419 1247 436 0.000166 0
269 226 290 275 0.000165 0
1139 132 1228 222 0.000165 0
1211 193 1258 236 0.000165 0
1028 373 1043 409 0.000165 0
910 202 936 249 0.000165 0
576 356 608 439 0.000164 0
622 288 686 356 0.000164 0
112 64 543 317 0.000164 0
1167 680 1184 703 0.000164 0
256 391 287 400 0.000164 0
390 567 401 611 0.000164 0
1230 639 1280 703 0.000164 0
1248 658 1279 703 0.000164 0
1230 239 1279 373 0.000163 0
321 64 401 178 0.000163 0
1143 375 1154 400 0.000163 0
221 192 343 375 0.000163 0
620 685 672 703 0.000163 0
1148 73 1190 132 0.000163 0
65 64 131 213 0.000163 0
1070 331 1088 345 0.000163 0
542 651 576 681 0.000162 0
977 184 997 225 0.000162 0
1031 349 1058 391 0.000162 0
1017 654 1061 703 0.000162 0
939 343 961 378 0.000162 0
916 338 927 352 0.000162 0
344 64 437 172 0.000161 0
662 290 695 357 0.000161 0
1158 426 1168 440 0.000160 0
911 178 938 200 0.000159 0
894 546 911 591 0.000159 0
1010 64 1024 71 0.000159 0
879 407 889 424 0.000159 0
1150 452 1167 473 0.000158 0
1162 72 1194 103 0.000157 0
799 269 850 346 0.000157 0
589 360 625 450 0.000157 0
309 64 480 241 0.000157 0
846 422 857 437 0.000157 0
881 513 888 520 0.000157 0
950 452 976 487 0.000156 0
656 328 678 354 0.000156 0
1074 488 1090 503 0.000156 0
761 456 781 480 0.000156 0
847 216 867 246 0.000155 0
1245 479 1279 703 0.000155 0
1065 64 1132 89 0.000155 0
273 239 290 295 0.000155 0
1102 389 1118 406 0.000154 0
754 415 769 428 0.000154 0
0 230 18 292 0.000154 0
1152 64 1215 93 0.000154 0
519 198 545 250 0.000153 0
1233 106 1280 191 0.000153 0
308 64 623 378 0.000153 0
64 64 174 219 0.000153 0
592 405 609 427 0.000152 0
868 407 880 423 0.000152 0
1177 64 1219 127 0.000152 0
1189 488 1203 505 0.000152 0
309 64 476 362 0.000152 0
139 64 397 199 0.000152 0
1231 64 1279 79 0.000152 0
1266 110 1279 169 0.000151 0
898 448 945 486 0.000151 0
672 315 699 377 0.000151 0
858 270 913 343 0.000151 0
1155 64 1214 89 0.000151 0
255 64 362 182 0.000151 0
666 192 693 230 0.000151 0
1071 334 1086 358 0.000150 0
1239 449 1247 459 0.000150 0
1011 451 1221 503 0.000150 0
551 410 589 437 0.000149 0
1066 440 1118 473 0.000149 0
1125 379 1135 390 0.000149 0
316 65 421 207 0.000149 0
767 313 777 336 0.000149 0
751 318 764 334 0.000149 0
1068 76 1106 134 0.000148 0
1031 374 1041 389 0.000148 0
1160 64 1213 86 0.000148 0
1103 175 1121 202 0.000148 0
1059 390 1073 406 0.000148 0
786 280 847 345 0.000148 0
1037 668 1074 703 0.000148 0
1026 425 1040 455 0.000147 0
593 358 625 436 0.000147 0
856 212 902 270 0.000147 0
1206 382 1255 426 0.000147 0
774 395 784 423 0.000147 0
1056 434 1079 460 0.000147 0
734 447 753 505 0.000146 0
383 695 400 703 0.000146 0
1247 679 1273 703 0.000146 0
1073 64 1144 108 0.000146 0
1142 64 1213 81 0.000145 0
671 541 681 569 0.000145 0
476 192 544 252 0.000145 0
849 407 870 427 0.000144 0
820 316 848 343 0.000144 0
1231 347 1264 379 0.000144 0
485 446 497 453 0.000144 0
1168 456 1191 471 0.000143 0
1214 64 1233 81 0.000143 0
733 412 772 444 0.000143 0
1089 674 1105 703 0.000143 0
578 374 608 412 0.000143 0
858 234 926 346 0.000143 0
753 308 768 341 0.000142 0
542 64 652 215 0.000142 0
1003 423 1041 461 0.000142 0
299 220 325 299 0.000142 0
1109 501 1120 520 0.000142 0
774 408 783 428 0.000142 0
1045 431 1085 472 0.000142 0
62 65 146 219 0.000141 0
1067 83 1107 164 0.000141 0
747 241 809 349 0.000141 0
641 410 658 439 0.000141 0
190 185 202 215 0.000141 0
303 231 319 297 0.000141 0
530 165 932 276 0.000141 0
991 174 1014 218 0.000140 0
750 245 806 348 0.000140 0
981 417 1027 469 0.000140 0
1073 120 1146 212 0.000140 0
1155 64 1211 82 0.000140 0
751 202 767 230 0.000140 0
1113 64 1145 123 0.000139 0
765 247 832 335 0.000139 0
1177 495 1200 508 0.000139 0
911 347 929 398 0.000139 0
747 398 786 452 0.000139 0
1026 335 1056 391 0.000139 0
591 408 612 436 0.000139 0
575 368 628 461 0.000138 0
1247 662 1279 703 0.000138 0
953 64 1263 281 0.000138 0
1119 64 1176 103 0.000138 0
1165 64 1217 82 0.000138 0
601 358 630 435 0.000138 0
0 171 6 203 0.000138 0
1086 674 1104 703 0.000137 0
255 64 330 169 0.000137 0
654 291 701 379 0.000137 0
1231 654 1249 702 0.000137 0
1047 388 1089 425 0.000137 0
804 540 816 568 0.000137 0
1207 520 1216 535 0.000136 0
677 302 692 347 0.000136 0
1027 356 1056 392 0.000136 0
1023 407 1036 423 0.000136 0
704 407 733 468 0.000136 0
1240 664 1277 703 0.000135 0
1247 678 1268 699 0.000135 0
1150 87 1162 106 0.000135 0
781 411 818 448 0.000135 0
1245 87 1279 177 0.000135 0
1167 440 1177 455 0.000135 0
991 644 1061 703 0.000134 0
690 211 703 273 0.000134 0
293 197 320 283 0.000134 0
1116 398 1135 475 0.000134 0
0 142 8 203 0.000133 0
1025 330 1091 468 0.000133 0
0 150 7 203 0.000133 0
552 413 578 431 0.000133 0
1022 486 1049 504 0.000132 0
102 74 504 333 0.000132 0
992 343 1008 362 0.000132 0
290 65 466 226 0.000132 0
649 194 664 216 0.000132 0
953 199 961 209 0.000132 0
509 392 576 435 0.000131 0
1136 407 1152 439 0.000131 0
133 64 492 216 0.000131 0
913 367 929 407 0.000131 0
1264 68 1279 82 0.000131 0
674 321 705 369 0.000131 0
541 64 587 167 0.000131 0
1017 435 1052 465 0.000131 0
63 65 166 226 0.000130 0
1120 465 1152 482 0.000130 0
1117 64 1242 82 0.000130 0
351 77 504 218 0.000130 0
1167 689 1179 703 0.000130 0
1162 64 1236 81 0.000130 0
1068 396 1090 425 0.000130 0
1038 79 1083 147 0.000129 0
652 334 682 387 0.000129 0
1121 64 1213 81 0.000129 0
162 64 261 211 0.000129 0
1055 460 1074 494 0.000129 0
1154 115 1228 225 0.000129 0
1060 64 1085 71 0.000129 0
1205 455 1224 471 0.000129 0
61 64 125 166 0.000128 0
1029 374 1041 398 0.000128 0
1064 672 1094 703 0.000128 0
483 392 532 422 0.000128 0
145 65 241 218 0.000128 0
1023 409 1035 423 0.000128 0
715 366 838 472 0.000127 0
156 79 210 232 0.000127 0
1121 64 1164 98 0.000127 0
1134 484 1185 510 0.000127 0
1013 451 1056 471 0.000127 0
0 128 18 303 0.000127 0
770 325 816 362 0.000127 0
173 185 184 207 0.000127 0
525 658 552 703 0.000127 0
609 233 627 281 0.000127 0
1231 656 1246 700 0.000127 0
1072 464 1080 485 0.000126 0
1212 165 1264 235 0.000126 0
910 270 928 313 0.000126 0
353 64 507 94 0.000125 0
415 588 424 616 0.000125 0
869 309 911 344 0.000125 0
848 277 864 337 0.000125 0
1121 64 1215 94 0.000125 0
802 179 814 221 0.000125 0
354 64 370 86 0.000125 0
515 393 540 408 0.000125 0
576 279 591 293 0.000124 0
1256 428 1264 442 0.000124 0
1168 64 1218 92 0.000124 0
0 234 20 293 0.000124 0
1066 438 1113 461 0.000124 0
895 420 932 442 0.000124 0
1034 453 1054 471 0.000123 0
544 586 570 629 0.000123 0
11 379 32 408 0.000123 0
66 64 127 163 0.000123 0
840 391 942 477 0.000123 0
318 64 370 167 0.000123 0
0 377 11 398 0.000123 0
1034 361 1058 392 0.000123 0
1071 573 1088 624 0.000123 0
1012 381 1038 421 0.000123 0
0 78 68 224 0.000123 0
745 228 804 340 0.000122 0
319 64 371 107 0.000122 0
704 315 722 364 0.000122 0
333 64 459 214 0.000122 0
990 421 1023 442 0.000122 0
153 83 210 240 0.000121 0
1263 64 1279 83 0.000121 0
135 64 472 200 0.000121 0
1003 454 1062 496 0.000121 0
497 390 622 452 0.000121 0
1167 457 1193 478 0.000121 0
780 342 816 392 0.000121 0
0 261 32 409 0.000121 0
415 592 424 616 0.000120 0
947 454 974 482 0.000120 0
923 413 970 460 0.000120 0
605 204 706 286 0.000120 0
959 509 974 523 0.000119 0
297 64 549 201 0.000119 0
892 408 937 444 0.000119 0
645 291 700 384 0.000119 0
1088 414 1119 455 0.000119 0
1120 64 1232 83 0.000119 0
815 405 833 425 0.000119 0
1166 675 1189 703 0.000119 0
1008 327 1088 472 0.000118 0
1135 408 1152 429 0.000118 0
1094 497 1105 511 0.000118 0
1115 64 1220 140 0.000118 0
735 462 753 504 0.000118 0
350 415 368 471 0.000117 0
1076 338 1115 379 0.000117 0
714 422 728 441 0.000117 0
957 686 971 703 0.000116 0
1152 457 1168 479 0.000116 0
1061 392 1074 408 0.000116 0
878 200 914 247 0.000116 0
522 196 656 297 0.000115 0
1093 423 1104 433 0.000115 0
687 407 702 435 0.000115 0
0 391 101 602 0.000115 0
1014 456 1081 501 0.000115 0
714 403 769 458 0.000115 0
857 407 880 425 0.000115 0
1247 622 1279 703 0.000115 0
542 64 599 168 0.000114 0
1033 337 1088 388 0.000114 0
987 181 1005 221 0.000114 0
775 71 916 201 0.000114 0
1011 477 1047 523 0.000114 0
767 237 810 322 0.000114 0
769 559 784 585 0.000114 0
9 65 77 213 0.000114 0
172 64 258 180 0.000114 0
615 536 624 569 0.000114 0
616 541 624 568 0.000114 0
501 376 625 455 0.000114 0
590 406 611 437 0.000114 0
540 631 577 682 0.000113 0
766 313 784 342 0.000113 0
938 456 955 480 0.000113 0
593 121 605 145 0.000113 0
155 69 270 249 0.000113 0
576 278 595 306 0.000113 0
218 190 330 376 0.000113 0
790 176 968 291 0.000113 0
851 326 863 337 0.000112 0
839 487 848 501 0.000112 0
384 197 397 206 0.000112 0
542 650 555 689 0.000112 0
1009 400 1072 484 0.000111 0
320 64 371 95 0.000111 0
1162 70 1194 101 0.000111 0
603 360 624 392 0.000111 0
1053 362 1068 389 0.000111 0
634 654 674 702 0.000111 0
621 690 665 703 0.000111 0
921 342 944 376 0.000110 0
415 252 420 270 0.000110 0
1100 600 1112 614 0.000110 0
18 64 134 218 0.000110 0
1022 323 1089 406 0.000110 0
1078 328 1121 363 0.000110 0
63 64 521 380 0.000109 0
683 457 704 488 0.000109 0
944 64 960 78 0.000109 0
1159 502 1168 518 0.000109 0
1119 381 1136 411 0.000109 0
1210 64 1233 76 0.000109 0
1088 696 1116 703 0.000109 0
961 504 976 520 0.000109 0
603 359 625 394 0.000109 0
898 335 927 377 0.000108 0
751 304 768 341 0.000108 0
960 64 1090 196 0.000108 0
753 66 888 216 0.000108 0
872 497 879 503 0.000108 0
0 95 70 225 0.000108 0
645 663 673 701 0.000108 0
867 254 930 347 0.000108 0
1246 577 1279 702 0.000108 0
1213 64 1278 167 0.000108 0
1098 123 1237 222 0.000108 0
1168 441 1187 457 0.000107 0
854 260 868 296 0.000107 0
1244 588 1279 702 0.000107 0
758 254 815 345 0.000107 0
1168 441 1177 456 0.000107 0
1093 675 1120 703 0.000107 0
1053 491 1080 515 0.000107 0
1225 404 1247 426 0.000107 0
0 270 33 429 0.000106 0
897 64 1246 276 0.000106 0
638 352 659 395 0.000106 0
1053 391 1065 411 0.000106 0
1018 366 1280 475 0.000106 0
1150 100 1162 135 0.000106 0
1050 370 1083 408 0.000106 0
1008 450 1065 516 0.000106 0
1134 678 1169 703 0.000106 0
1085 311 1117 335 0.000106 0
339 64 743 218 0.000106 0
1116 671 1135 703 0.000105 0
716 403 773 449 0.000105 0
785 325 847 364 0.000105 0
16 64 127 211 0.000105 0
1118 677 1136 703 0.000105 0
900 327 923 344 0.000105 0
510 462 520 483 0.000105 0
596 359 625 418 0.000105 0
735 465 749 504 0.000104 0
1247 424 1257 446 0.000104 0
316 64 448 160 0.000104 0
173 207 183 216 0.000104 0
751 65 873 190 0.000104 0
1133 65 1231 223 0.000104 0
1255 642 1279 703 0.000104 0
356 156 898 285 0.000104 0
1254 656 1279 704 0.000104 0
1149 87 1165 132 0.000104 0
636 678 818 703 0.000103 0
1086 362 1104 405 0.000103 0
1107 417 1125 469 0.000103 0
704 316 722 376 0.000103 0
901 335 926 358 0.000103 0
959 426 996 453 0.000103 0
1250 364 1279 504 0.000103 0
0 64 187 262 0.000103 0
1007 326 1018 345 0.000103 0
1071 687 1106 703 0.000103 0
839 344 944 485 0.000103 0
1076 336 1119 391 0.000102 0
695 328 703 343 0.000102 0
65 64 208 217 0.000102 0
1032 278 1076 332 0.000102 0
65 65 191 224 0.000102 0
1231 64 1278 77 0.000102 0
705 315 729 357 0.000102 0
750 343 792 392 0.000102 0
46 64 128 208 0.000102 0
694 350 703 360 0.000101 0
284 64 607 367 0.000101 0
847 262 855 283 0.000101 0
1084 64 1136 73 0.000101 0
958 483 970 515 0.000101 0
742 248 764 302 0.000101 0
756 268 848 348 0.000100 0
767 558 780 585 0.000100 0
742 231 796 288 0.827273 1
947 221 992 266 0.760889 1
947 223 989 265 0.648050 1
742 237 798 289 0.105146 1
960 222 993 264 0.020157 1
972 223 995 260 0.016413 1
742 235 770 288 0.015045 1
954 220 988 256 0.011574 1
981 224 995 252 0.011434 1
743 241 798 292 0.011196 1
742 233 795 283 0.010827 1
925 207 946 253 0.010777 1
960 224 995 264 0.009754 1
761 243 795 281 0.007684 1
948 222 969 262 0.007467 1
948 222 971 265 0.007403 1
948 222 985 265 0.006881 1
743 238 771 288 0.006753 1
984 224 997 256 0.006445 1
977 224 1001 262 0.006135 1
959 221 978 253 0.004760 1
762 240 796 280 0.004599 1
984 214 997 254 0.004471 1
764 243 796 280 0.004100 1
952 225 996 265 0.003362 1
767 244 795 281 0.003356 1
742 238 768 288 0.003036 1
947 228 969 265 0.002506 1
863 238 923 290 0.002499 1
744 243 799 297 0.002430 1
808 257 830 282 0.002379 1
929 242 943 253 0.002127 1
949 222 970 257 0.002036 1
865 242 923 289 0.001979 1
1144 309 1168 344 0.001969 1
881 241 924 294 0.001876 1
927 241 937 253 0.001836 1
867 239 924 295 0.001714 1
924 272 961 297 0.001701 1
971 228 1010 264 0.001684 1
780 243 793 272 0.001655 1
946 230 967 264 0.001508 1
779 241 801 280 0.001473 1
1144 317 1168 344 0.001416 1
1143 322 1168 343 0.001401 1
937 260 968 298 0.001366 1
808 258 821 281 0.001345 1
746 229 795 284 0.001320 1
783 246 803 280 0.001309 1
1142 319 1168 342 0.001166 1
809 257 820 280 0.001121 1
691 211 703 238 0.001108 1
1123 324 1167 343 0.001102 1
803 255 834 282 0.001071 1
1119 315 1168 344 0.001051 1
863 240 919 287 0.001024 1
1147 309 1168 342 0.001020 1
742 243 763 287 0.000953 1
922 272 962 300 0.000939 1
1016 314 1083 345 0.000914 1
924 271 961 295 0.000912 1
788 262 804 281 0.000912 1
1114 323 1171 344 0.000901 1
894 264 920 296 0.000872 1
790 262 806 281 0.000838 1
791 262 805 280 0.000833 1
945 220 967 264 0.000833 1
870 259 914 288 0.000823 1
863 235 923 286 0.000795 1
865 249 906 287 0.000781 1
781 240 809 281 0.000770 1
896 266 912 291 0.000770 1
865 244 931 297 0.000765 1
743 233 773 281 0.000749 1
1016 317 1072 342 0.000746 1
907 267 927 296 0.000737 1
1016 317 1059 341 0.000723 1
862 239 926 294 0.000693 1
924 271 944 293 0.000692 1
1016 318 1058 344 0.000676 1
863 246 898 286 0.000660 1
825 263 833 282 0.000651 1
20 227 75 255 0.000647 1
690 222 703 238 0.000628 1
910 270 927 295 0.000626 1
781 235 807 280 0.000605 1
863 194 1000 282 0.000599 1
895 267 907 290 0.000595 1
753 227 793 282 0.000580 1
744 241 798 308 0.000558 1
47 236 74 255 0.000557 1
950 273 960 295 0.000555 1
801 258 834 288 0.000544 1
909 270 927 296 0.000541 1
22 235 74 258 0.000540 1
926 273 944 293 0.000514 1
741 231 772 281 0.000492 1
610 215 804 288 0.000479 1
871 265 893 286 0.000476 1
825 265 833 282 0.000473 1
894 265 924 297 0.000467 1
919 270 944 295 0.000466 1
747 228 779 280 0.000464 1
945 217 1023 266 0.000462 1
648 202 804 286 0.000443 1
894 263 907 288 0.000439 1
782 232 809 281 0.000438 1
758 243 803 293 0.000435 1
923 272 961 298 0.000434 1
895 265 906 287 0.000431 1
36 227 89 255 0.000427 1
795 249 851 283 0.000427 1
925 271 944 292 0.000421 1
39 235 73 255 0.000408 1
858 221 921 284 0.000400 1
901 254 922 295 0.000399 1
908 270 945 298 0.000391 1
866 238 920 284 0.000390 1
44 234 111 258 0.000373 1
46 236 83 258 0.000368 1
23 223 72 254 0.000354 1
1030 320 1056 337 0.000348 1
1026 319 1057 336 0.000339 1
910 216 948 255 0.000337 1
883 264 910 290 0.000336 1
26 223 76 254 0.000335 1
1030 318 1064 336 0.000326 1
897 235 940 296 0.000325 1
961 207 1027 258 0.000322 1
858 250 1024 301 0.000321 1
909 271 925 296 0.000309 1
18 221 66 256 0.000307 1
868 266 886 284 0.000306 1
606 222 804 300 0.000305 1
792 257 824 289 0.000304 1
911 271 928 296 0.000301 1
759 224 793 280 0.000296 1
1037 321 1063 337 0.000282 1
1045 279 1071 296 0.000275 1
1027 298 1060 333 0.000275 1
1025 304 1060 335 0.000272 1
936 227 984 298 0.000270 1
894 266 912 297 0.000255 1
928 251 1045 304 0.000254 1
783 235 808 275 0.000246 1
1128 294 1170 343 0.000245 1
862 230 896 283 0.000243 1
922 279 966 309 0.000242 1
796 216 808 233 0.000236 1
877 271 892 287 0.000228 1
1017 319 1079 360 0.000223 1
149 237 192 263 0.000219 1
924 276 964 304 0.000219 1
741 231 797 305 0.000218 1
860 193 997 298 0.000215 1
855 236 890 289 0.000213 1
877 219 964 297 0.000212 1
1040 278 1057 296 0.000210 1
1036 278 1058 296 0.000209 1
878 241 922 293 0.000202 1
748 240 800 314 0.000202 1
863 179 965 293 0.000198 1
913 238 963 264 0.000197 1
910 196 992 266 0.000194 1
955 196 994 257 0.000190 1
869 238 931 283 0.000186 1
905 238 965 264 0.000183 1
1147 326 1176 342 0.000181 1
929 218 1022 305 0.000179 1
900 254 951 295 0.000174 1
16 220 55 250 0.000171 1
1017 318 1088 397 0.000169 1
791 262 808 289 0.000163 1
868 266 887 296 0.000161 1
887 206 950 251 0.000161 1
941 273 962 303 0.000159 1
945 218 1046 268 0.000152 1
41 224 91 247 0.000149 1
824 263 833 286 0.000148 1
1143 325 1187 361 0.000145 1
921 275 1138 339 0.000143 1
788 260 804 290 0.000143 1
751 225 760 232 0.000142 1
941 272 973 299 0.000140 1
1014 318 1088 389 0.000134 1
950 277 1084 345 0.000133 1
852 227 925 338 0.000132 1
912 274 949 311 0.000131 1
752 214 780 276 0.000128 1
872 224 959 281 0.000121 1
745 241 782 303 0.000121 1
858 236 927 344 0.000116 1
791 262 808 288 0.000110 1
866 192 973 271 0.000109 1
1015 283 1060 342 0.000103 1
691 206 728 235 0.114305 2
484 199 516 217 0.061844 2
630 373 659 395 0.046320 2
486 199 514 217 0.041426 2
1113 220 1135 232 0.035863 2
693 204 729 235 0.032913 2
483 198 516 217 0.030403 2
691 208 728 235 0.027606 2
1113 220 1136 231 0.026396 2
532 207 545 218 0.024573 2
1004 197 1042 228 0.024491 2
694 208 728 235 0.023985 2
1113 219 1134 232 0.022892 2
304 185 323 198 0.021492 2
821 329 848 344 0.021164 2
305 187 321 198 0.019161 2
824 329 848 343 0.018984 2
1003 235 1024 251 0.018391 2
0 392 17 410 0.017895 2
458 408 519 446 0.017726 2
1113 218 1136 231 0.016911 2
1263 347 1279 369 0.016659 2
462 410 520 443 0.016473 2
1004 201 1026 229 0.015816 2
461 419 523 447 0.014464 2
1113 218 1134 232 0.012656 2
458 419 520 447 0.012616 2
1059 212 1124 246 0.012595 2
1004 203 1026 229 0.011579 2
1208 255 1226 266 0.011468 2
630 375 660 396 0.010757 2
461 407 516 443 0.010641 2
1104 487 1119 495 0.010598 2
695 202 729 234 0.010375 2
1262 344 1279 370 0.009929 2
1003 235 1024 249 0.009912 2
632 373 661 395 0.009238 2
1104 487 1121 497 0.009038 2
750 439 800 473 0.008925 2
0 392 21 422 0.008679 2
1060 211 1128 246 0.008308 2
530 198 554 218 0.008277 2
1247 344 1264 356 0.008193 2
692 198 732 234 0.008097 2
456 408 507 443 0.008092 2
708 210 728 234 0.008086 2
534 204 545 217 0.008047 2
705 210 728 234 0.007923 2
0 392 17 421 0.007563 2
1057 213 1096 244 0.007525 2
692 199 730 232 0.007314 2
1062 211 1131 247 0.007290 2
158 416 167 423 0.007210 2
1202 255 1225 266 0.007198 2
1002 235 1025 255 0.007192 2
529 204 543 217 0.007150 2
482 185 516 217 0.006828 2
691 200 737 235 0.006779 2
641 204 653 216 0.006690 2
1059 213 1096 237 0.006634 2
631 201 651 216 0.006065 2
832 480 840 486 0.006061 2
462 421 508 445 0.005664 2
592 423 610 434 0.005571 2
463 421 498 445 0.005438 2
175 401 193 416 0.005419 2
575 430 592 458 0.005252 2
648 455 656 461 0.005208 2
444 424 463 443 0.005113 2
111 412 131 426 0.004977 2
531 201 557 218 0.004798 2
464 419 523 441 0.004781 2
1263 344 1279 370 0.004701 2
591 424 609 433 0.004681 2
1184 275 1222 285 0.004642 2
668 454 685 463 0.004615 2
874 198 955 244 0.004577 2
1248 344 1264 357 0.004562 2
111 412 139 426 0.004559 2
0 393 27 423 0.004548 2
1067 213 1096 233 0.004546 2
1006 213 1024 229 0.004509 2
1168 241 1185 250 0.004476 2
1004 198 1044 229 0.004443 2
536 202 552 218 0.004441 2
431 424 460 442 0.004425 2
450 408 507 442 0.004294 2
1065 214 1122 246 0.004283 2
1003 235 1024 253 0.004216 2
633 198 654 215 0.004144 2
431 422 461 442 0.004085 2
431 423 463 442 0.004053 2
0 400 30 423 0.003966 2
1112 220 1135 241 0.003963 2
1263 254 1279 270 0.003936 2
1066 214 1099 233 0.003891 2
190 393 223 413 0.003876 2
483 190 520 217 0.003874 2
1199 258 1214 265 0.003855 2
1002 235 1031 255 0.003798 2
1114 487 1136 497 0.003751 2
1163 241 1181 250 0.003717 2
1078 209 1137 241 0.003686 2
1120 64 1152 77 0.003670 2
1184 276 1226 286 0.003648 2
430 422 464 443 0.003637 2
1005 218 1024 230 0.003508 2
575 431 592 456 0.003476 2
1005 194 1045 227 0.003474 2
448 423 464 443 0.003463 2
550 200 563 216 0.003421 2
878 199 923 241 0.003398 2
455 204 465 216 0.003349 2
630 369 659 396 0.003329 2
482 187 519 217 0.003274 2
111 402 159 426 0.003266 2
108 400 180 426 0.003263 2
1184 275 1231 288 0.003238 2
185 393 223 416 0.003232 2
750 439 798 457 0.003198 2
1187 275 1232 288 0.003106 2
1098 222 1120 241 0.003080 2
702 199 742 215 0.003074 2
1206 254 1239 267 0.003066 2
495 424 518 446 0.003023 2
175 401 192 416 0.003005 2
463 422 498 447 0.002993 2
319 213 331 231 0.002984 2
879 199 904 242 0.002978 2
175 401 194 417 0.002958 2
549 202 561 216 0.002895 2
465 408 520 441 0.002852 2
110 410 143 426 0.002849 2
1101 225 1119 247 0.002755 2
504 326 512 335 0.002630 2
1263 256 1279 270 0.002593 2
44 402 152 425 0.002592 2
190 393 221 416 0.002571 2
462 421 528 449 0.002559 2
502 437 528 448 0.002545 2
191 392 222 410 0.002519 2
319 204 332 231 0.002484 2
191 393 211 409 0.002479 2
1263 348 1279 374 0.002474 2
876 198 956 248 0.002470 2
1184 259 1231 288 0.002422 2
451 423 464 441 0.002401 2
1002 238 1035 255 0.002399 2
1064 211 1131 236 0.002385 2
716 198 730 213 0.002375 2
592 186 624 215 0.002361 2
1184 268 1232 286 0.002328 2
191 393 213 409 0.002323 2
905 456 913 463 0.002312 2
656 453 665 462 0.002304 2
1247 345 1263 358 0.002303 2
607 447 624 467 0.002273 2
849 466 866 479 0.002223 2
879 198 917 233 0.002220 2
1206 257 1226 273 0.002209 2
0 395 48 423 0.002185 2
1071 215 1095 233 0.002183 2
1101 220 1126 248 0.002177 2
593 447 609 455 0.002138 2
124 399 183 424 0.002130 2
526 424 583 438 0.002125 2
1070 207 1136 235 0.002121 2
461 421 520 448 0.002119 2
112 400 179 425 0.002110 2
511 423 579 439 0.002071 2
1206 276 1231 289 0.002057 2
1160 238 1173 248 0.002050 2
563 201 577 215 0.002011 2
873 198 918 238 0.002007 2
991 204 1021 226 0.001967 2
957 482 969 488 0.001951 2
508 435 528 447 0.001946 2
876 201 907 244 0.001902 2
1247 344 1280 374 0.001894 2
1248 344 1277 359 0.001885 2
564 429 592 443 0.001880 2
126 397 185 423 0.001861 2
443 407 506 443 0.001861 2
208 398 223 409 0.001856 2
990 206 1022 230 0.001855 2
495 238 528 251 0.001849 2
1262 240 1279 270 0.001807 2
305 184 334 199 0.001801 2
1057 217 1087 237 0.001795 2
1185 274 1210 285 0.001783 2
175 393 219 417 0.001766 2
819 329 847 345 0.001764 2
1102 228 1119 247 0.001715 2
750 439 766 451 0.001695 2
749 440 789 473 0.001687 2
492 423 533 448 0.001672 2
1076 217 1096 232 0.001669 2
1204 256 1226 273 0.001668 2
496 238 532 252 0.001665 2
1057 214 1091 232 0.001663 2
497 436 523 448 0.001646 2
1023 206 1045 229 0.001620 2
112 404 171 426 0.001619 2
1097 208 1137 231 0.001571 2
146 415 168 424 0.001559 2
847 468 866 478 0.001556 2
124 395 205 423 0.001540 2
951 482 969 487 0.001520 2
522 192 556 217 0.001495 2
293 176 309 198 0.001490 2
876 200 906 241 0.001468 2
481 192 538 217 0.001444 2
1056 217 1068 231 0.001433 2
118 403 172 424 0.001422 2
1176 274 1219 285 0.001407 2
274 184 294 191 0.001400 2
1190 497 1200 504 0.001400 2
1002 235 1025 259 0.001399 2
815 472 826 478 0.001385 2
890 198 956 247 0.001382 2
1204 247 1277 268 0.001373 2
506 424 556 439 0.001372 2
0 251 326 395 0.001363 2
878 203 905 241 0.001350 2
1002 193 1041 227 0.001328 2
1123 231 1141 246 0.001314 2
1186 256 1232 288 0.001307 2
1093 208 1138 231 0.001302 2
623 191 655 214 0.001287 2
1168 240 1185 250 0.001284 2
1263 242 1279 269 0.001262 2
0 392 48 423 0.001261 2
699 201 739 231 0.001256 2
511 339 521 349 0.001253 2
1065 216 1120 247 0.001249 2
1263 358 1279 375 0.001242 2
1259 238 1279 263 0.001229 2
500 424 564 442 0.001220 2
558 424 578 432 0.001214 2
1026 241 1035 251 0.001202 2
549 193 577 216 0.001200 2
1064 199 1136 238 0.001197 2
318 202 335 231 0.001195 2
1056 220 1066 234 0.001189 2
1001 204 1046 231 0.001188 2
1121 64 1152 78 0.001182 2
1237 344 1253 353 0.001180 2
637 456 654 462 0.001174 2
0 398 48 423 0.001164 2
703 202 760 235 0.001159 2
449 419 499 445 0.001144 2
170 394 224 426 0.001130 2
599 319 608 329 0.001101 2
630 455 639 461 0.001090 2
671 433 679 440 0.001088 2
610 183 654 216 0.001086 2
448 425 463 444 0.001084 2
1028 319 1088 341 0.001081 2
207 396 223 419 0.001068 2
572 424 615 456 0.001055 2
1205 255 1235 274 0.001039 2
1029 320 1087 340 0.001028 2
654 450 685 462 0.001016 2
1140 323 1169 344 0.001011 2
654 450 696 463 0.001007 2
876 200 913 244 0.001006 2
1144 322 1169 344 0.000996 2
1185 231 1272 267 0.000994 2
1001 512 1016 520 0.000990 2
1168 242 1186 253 0.000986 2
294 175 306 196 0.000985 2
1201 252 1250 268 0.000983 2
699 200 769 235 0.000982 2
0 237 323 394 0.000976 2
896 478 914 487 0.000966 2
476 194 497 216 0.000963 2
1102 231 1119 247 0.000948 2
599 423 618 435 0.000942 2
473 409 532 439 0.000921 2
599 464 609 470 0.000920 2
1004 190 1131 245 0.000919 2
1242 250 1272 267 0.000905 2
1002 224 1024 251 0.000904 2
1144 502 1164 511 0.000888 2
551 201 571 216 0.000872 2
1183 274 1201 284 0.000872 2
42 402 145 426 0.000867 2
62 254 91 264 0.000862 2
461 407 506 434 0.000862 2
1167 273 1199 283 0.000858 2
1194 236 1277 267 0.000857 2
163 393 222 425 0.000852 2
974 448 985 457 0.000845 2
1159 233 1177 249 0.000842 2
1180 256 1280 291 0.000839 2
1182 229 1259 266 0.000838 2
990 196 1027 226 0.000835 2
413 406 510 444 0.000829 2
1196 251 1280 292 0.000823 2
943 456 953 463 0.000815 2
104 237 156 264 0.000814 2
863 335 881 343 0.000804 2
415 406 507 441 0.000801 2
537 424 584 437 0.000798 2
623 373 660 396 0.000796 2
1188 255 1232 289 0.000796 2
1021 207 1052 230 0.000793 2
500 238 533 252 0.000790 2
497 237 545 253 0.000767 2
110 409 145 430 0.000762 2
32 401 161 426 0.000759 2
656 447 700 463 0.000759 2
539 427 589 439 0.000754 2
997 509 1016 521 0.000743 2
141 400 196 424 0.000741 2
1262 168 1279 180 0.000738 2
468 408 506 422 0.000729 2
589 199 617 214 0.000726 2
1200 255 1279 292 0.000723 2
598 452 608 461 0.000723 2
821 329 848 352 0.000720 2
246 410 264 423 0.000717 2
62 255 89 264 0.000712 2
1203 250 1279 292 0.000709 2
456 202 465 216 0.000708 2
501 235 543 253 0.000706 2
606 449 624 470 0.000694 2
448 423 464 446 0.000693 2
0 393 56 423 0.000693 2
735 438 766 459 0.000690 2
671 423 689 439 0.000688 2
1167 263 1183 269 0.000684 2
497 233 542 252 0.000666 2
1263 351 1279 402 0.000662 2
242 215 270 240 0.000661 2
1179 272 1279 292 0.000659 2
1238 245 1275 266 0.000650 2
770 457 798 473 0.000650 2
618 182 638 202 0.000648 2
915 198 956 238 0.000646 2
700 206 760 235 0.000642 2
503 313 512 335 0.000638 2
953 483 969 489 0.000631 2
1063 325 1088 340 0.000631 2
294 200 333 233 0.000631 2
1022 194 1062 231 0.000630 2
1112 216 1183 240 0.000624 2
735 439 761 459 0.000624 2
820 326 848 343 0.000620 2
1242 239 1279 267 0.000619 2
497 232 544 253 0.000617 2
1070 207 1097 232 0.000614 2
472 408 516 424 0.000612 2
764 456 798 473 0.000605 2
691 195 727 230 0.000598 2
0 282 24 294 0.000597 2
463 407 507 427 0.000588 2
526 425 591 455 0.000579 2
956 481 977 487 0.000576 2
1247 238 1279 265 0.000576 2
1028 320 1088 351 0.000572 2
641 438 703 463 0.000569 2
690 214 727 236 0.000568 2
155 401 209 424 0.000567 2
10 399 52 423 0.000563 2
1245 249 1279 268 0.000559 2
483 189 497 206 0.000559 2
464 407 505 424 0.000551 2
821 329 848 355 0.000550 2
1071 327 1088 338 0.000546 2
1064 203 1098 236 0.000546 2
689 454 703 467 0.000545 2
208 396 224 424 0.000543 2
671 424 689 440 0.000539 2
1189 226 1278 267 0.000538 2
1263 359 1279 402 0.000537 2
0 255 301 404 0.000537 2
413 406 508 431 0.000536 2
453 204 465 222 0.000533 2
294 199 333 245 0.000533 2
591 423 616 452 0.000532 2
244 214 269 239 0.000525 2
591 448 607 456 0.000521 2
1165 242 1186 252 0.000516 2
0 280 7 293 0.000515 2
273 185 284 194 0.000515 2
1069 196 1092 212 0.000514 2
661 274 674 283 0.000510 2
377 417 464 441 0.000509 2
529 426 591 456 0.000509 2
169 400 214 424 0.000505 2
167 392 218 418 0.000494 2
703 440 721 469 0.000492 2
554 201 590 217 0.000491 2
104 248 134 264 0.000491 2
672 423 689 438 0.000490 2
1067 201 1129 235 0.000489 2
624 374 654 393 0.000486 2
1119 64 1148 77 0.000483 2
104 243 153 264 0.000481 2
166 395 220 424 0.000479 2
619 182 644 201 0.000479 2
1264 216 1279 267 0.000478 2
819 328 848 360 0.000477 2
573 424 612 459 0.000476 2
496 235 544 252 0.000474 2
872 204 906 244 0.000472 2
692 196 793 236 0.000470 2
416 406 497 443 0.000469 2
105 248 147 264 0.000469 2
658 374 673 386 0.000464 2
76 399 177 426 0.000461 2
655 427 665 439 0.000460 2
246 408 264 424 0.000459 2
75 237 134 264 0.000450 2
864 182 987 253 0.000448 2
111 411 143 430 0.000448 2
893 198 956 233 0.000446 2
329 199 389 232 0.000445 2
0 269 24 294 0.000442 2
1200 252 1280 294 0.000438 2
1 223 327 393 0.000436 2
719 317 745 337 0.000436 2
1167 273 1214 284 0.000434 2
604 169 637 186 0.000429 2
528 188 553 216 0.000429 2
817 359 832 376 0.000425 2
653 439 703 466 0.000421 2
1272 198 1279 214 0.000420 2
1038 314 1091 338 0.000417 2
1075 195 1092 210 0.000417 2
691 460 704 470 0.000417 2
153 394 224 444 0.000417 2
496 239 533 253 0.000416 2
33 253 94 284 0.000413 2
292 175 319 198 0.000412 2
927 199 956 209 0.000411 2
382 416 463 442 0.000411 2
1200 255 1252 275 0.000407 2
1196 472 1216 483 0.000406 2
1219 232 1279 267 0.000405 2
829 504 841 511 0.000404 2
63 391 81 401 0.000404 2
483 200 517 222 0.000404 2
1262 169 1279 208 0.000403 2
1015 319 1050 343 0.000402 2
359 409 367 415 0.000401 2
999 211 1030 253 0.000399 2
1034 311 1126 339 0.000397 2
324 191 337 199 0.000396 2
31 275 48 295 0.000395 2
904 199 942 249 0.000387 2
486 409 528 427 0.000385 2
9 392 110 423 0.000381 2
367 415 400 474 0.000376 2
865 183 909 241 0.000374 2
415 407 451 423 0.000372 2
447 197 466 221 0.000371 2
273 179 311 199 0.000371 2
46 395 99 423 0.000370 2
1150 471 1164 479 0.000369 2
1213 495 1224 504 0.000368 2
633 203 657 231 0.000365 2
452 303 519 346 0.000363 2
864 215 881 243 0.000363 2
1051 317 1064 330 0.000359 2
158 238 192 261 0.000355 2
147 392 220 417 0.000355 2
431 423 464 446 0.000353 2
449 422 497 448 0.000352 2
1031 312 1111 338 0.000349 2
452 306 515 346 0.000349 2
1044 279 1072 296 0.000349 2
1194 368 1266 426 0.000348 2
390 422 399 437 0.000343 2
1214 343 1270 358 0.000337 2
1220 344 1274 369 0.000335 2
525 428 590 454 0.000335 2
552 430 592 456 0.000333 2
31 391 83 403 0.000332 2
415 407 464 440 0.000331 2
1038 198 1069 233 0.000324 2
602 323 664 379 0.000323 2
1032 324 1089 347 0.000323 2
501 405 582 440 0.000322 2
1211 254 1280 296 0.000322 2
369 417 456 439 0.000320 2
1167 274 1236 307 0.000320 2
1199 258 1216 272 0.000319 2
1168 262 1189 272 0.000318 2
624 325 665 370 0.000317 2
656 432 677 440 0.000317 2
839 504 848 510 0.000315 2
915 204 944 253 0.000313 2
1071 322 1122 344 0.000311 2
638 423 650 435 0.000310 2
415 416 434 423 0.000309 2
1015 319 1043 343 0.000308 2
1263 368 1279 402 0.000307 2
748 199 768 211 0.000306 2
395 417 463 442 0.000301 2
703 430 722 470 0.000300 2
1262 197 1277 213 0.000300 2
823 328 861 344 0.000298 2
629 366 646 392 0.000297 2
45 391 82 403 0.000297 2
546 199 625 218 0.000293 2
1169 214 1184 223 0.000293 2
533 202 556 221 0.000292 2
1183 328 1200 340 0.000292 2
968 480 988 487 0.000292 2
0 231 212 339 0.000292 2
1047 312 1127 344 0.000290 2
870 177 939 200 0.000290 2
777 471 793 476 0.000288 2
1195 349 1271 415 0.000286 2
9 391 87 403 0.000286 2
734 424 765 461 0.000286 2
304 187 335 232 0.000284 2
605 452 641 466 0.000283 2
975 300 993 312 0.000282 2
5 234 195 281 0.000281 2
1060 208 1200 253 0.000279 2
1099 198 1121 209 0.000279 2
991 506 1017 521 0.000277 2
0 392 98 423 0.000277 2
3 254 68 285 0.000277 2
0 232 216 327 0.000276 2
624 323 682 377 0.000276 2
574 430 593 463 0.000273 2
47 400 88 424 0.000273 2
268 454 294 466 0.000272 2
324 203 355 233 0.000271 2
983 496 992 502 0.000270 2
0 256 52 293 0.000269 2
247 408 264 422 0.000268 2
327 201 354 233 0.000267 2
415 407 458 424 0.000267 2
43 439 64 446 0.000266 2
1209 345 1275 379 0.000264 2
0 281 9 294 0.000264 2
1047 279 1071 296 0.000262 2
503 406 588 439 0.000262 2
706 200 772 234 0.000259 2
671 463 682 471 0.000259 2
415 406 492 424 0.000259 2
32 277 47 295 0.000258 2
1263 169 1279 182 0.000258 2
1077 329 1114 345 0.000258 2
47 400 114 424 0.000255 2
701 207 768 235 0.000255 2
239 407 264 423 0.000253 2
773 459 800 474 0.000253 2
1223 162 1280 211 0.000252 2
470 190 480 202 0.000250 2
73 238 116 264 0.000250 2
868 176 938 198 0.000248 2
590 449 609 462 0.000248 2
19 200 36 206 0.000247 2
805 348 832 379 0.000246 2
25 402 48 423 0.000245 2
974 299 994 312 0.000244 2
1261 199 1278 214 0.000244 2
1188 343 1267 420 0.000244 2
34 253 96 289 0.000244 2
1224 162 1279 181 0.000244 2
807 472 816 478 0.000242 2
1248 252 1279 271 0.000240 2
554 440 574 455 0.000240 2
874 200 914 244 0.000238 2
376 453 409 471 0.000238 2
115 406 167 431 0.000236 2
624 325 666 363 0.000236 2
914 179 944 201 0.000236 2
802 356 832 380 0.000236 2
638 375 689 395 0.000234 2
992 504 1017 520 0.000232 2
679 209 695 232 0.000232 2
79 411 147 436 0.000231 2
1226 344 1273 377 0.000231 2
1119 64 1173 79 0.000231 2
147 238 192 264 0.000230 2
367 416 396 473 0.000230 2
1032 324 1087 362 0.000230 2
622 324 664 373 0.000229 2
1040 309 1146 337 0.000226 2
5 391 32 407 0.000224 2
1007 331 1016 345 0.000223 2
624 323 683 366 0.000221 2
31 263 48 295 0.000217 2
1015 320 1041 344 0.000217 2
1026 320 1088 357 0.000217 2
263 454 295 466 0.000217 2
263 455 276 463 0.000217 2
681 384 688 393 0.000216 2
1167 273 1228 285 0.000216 2
368 418 400 442 0.000216 2
623 307 687 365 0.000215 2
391 424 400 438 0.000215 2
294 199 334 269 0.000215 2
719 336 736 367 0.000215 2
495 395 603 445 0.000214 2
1070 191 1092 207 0.000214 2
30 397 106 424 0.000214 2
768 419 827 445 0.000214 2
495 239 531 253 0.000213 2
1202 271 1278 292 0.000212 2
883 194 988 254 0.000211 2
632 373 684 400 0.000211 2
687 448 703 461 0.000209 2
1262 169 1279 219 0.000209 2
1118 64 1176 88 0.000208 2
638 204 671 222 0.000208 2
626 372 702 403 0.000208 2
1046 194 1089 223 0.000207 2
1002 254 1009 261 0.000206 2
207 397 224 443 0.000205 2
1212 344 1278 371 0.000205 2
297 194 331 237 0.000204 2
1243 253 1279 295 0.000204 2
56 254 93 280 0.000203 2
1157 241 1184 253 0.000202 2
823 327 865 344 0.000202 2
1177 274 1232 305 0.000202 2
368 417 460 440 0.000201 2
0 233 211 348 0.000201 2
273 391 287 399 0.000200 2
17 237 192 267 0.000200 2
623 313 674 363 0.000198 2
0 256 50 296 0.000198 2
646 438 703 462 0.000198 2
353 190 368 200 0.000197 2
273 182 313 201 0.000196 2
693 215 731 237 0.000195 2
866 176 940 202 0.000194 2
21 236 193 264 0.000194 2
516 191 592 219 0.000193 2
557 188 588 216 0.000193 2
951 484 969 494 0.000193 2
314 197 336 231 0.000192 2
207 487 222 500 0.000192 2
600 559 608 568 0.000192 2
7 235 194 269 0.000191 2
479 186 493 204 0.000190 2
959 510 968 519 0.000188 2
1191 274 1232 306 0.000188 2
557 374 705 455 0.000187 2
627 370 700 400 0.000186 2
150 393 220 447 0.000186 2
364 187 378 200 0.000185 2
1212 265 1280 295 0.000185 2
1199 344 1271 400 0.000185 2
634 459 651 471 0.000184 2
719 320 737 339 0.000184 2
611 444 638 461 0.000183 2
525 430 585 454 0.000182 2
60 237 114 264 0.000181 2
344 199 388 232 0.000180 2
483 199 519 223 0.000180 2
668 384 681 393 0.000179 2
0 237 207 393 0.000178 2
1095 444 1120 466 0.000177 2
47 408 65 423 0.000177 2
719 337 736 379 0.000176 2
669 419 702 441 0.000175 2
1225 178 1279 219 0.000174 2
1032 310 1120 336 0.000172 2
991 503 1017 521 0.000170 2
0 254 14 293 0.000169 2
493 436 528 454 0.000169 2
333 199 362 231 0.000168 2
0 254 203 397 0.000166 2
1183 328 1200 343 0.000166 2
821 327 875 344 0.000166 2
1247 333 1264 356 0.000165 2
1028 326 1089 391 0.000165 2
5 235 109 291 0.000164 2
618 455 662 473 0.000163 2
1137 329 1169 360 0.000162 2
91 236 193 267 0.000161 2
6 169 478 389 0.000161 2
106 239 158 264 0.000161 2
1052 311 1065 328 0.000160 2
1206 341 1265 357 0.000160 2
1053 197 1064 219 0.000159 2
631 348 676 396 0.000158 2
384 406 400 418 0.000158 2
29 236 91 274 0.000158 2
591 407 624 440 0.000158 2
504 315 523 350 0.000157 2
591 457 614 472 0.000157 2
357 218 368 231 0.000157 2
823 331 847 362 0.000157 2
828 287 848 300 0.000156 2
815 314 849 343 0.000155 2
1079 191 1121 211 0.000155 2
368 419 392 444 0.000155 2
1 212 378 392 0.000154 2
256 389 288 400 0.000153 2
1265 316 1279 355 0.000152 2
981 216 1055 252 0.000151 2
921 277 1035 299 0.000149 2
658 374 684 386 0.000148 2
709 303 762 338 0.000148 2
199 407 265 429 0.000148 2
509 402 581 433 0.000147 2
955 434 994 456 0.000147 2
911 164 955 201 0.000147 2
1119 64 1215 80 0.000147 2
210 489 224 498 0.000146 2
530 373 706 449 0.000146 2
452 287 508 344 0.000146 2
812 336 842 378 0.000146 2
511 403 585 435 0.000146 2
634 352 660 396 0.000145 2
508 393 579 432 0.000144 2
223 374 240 408 0.000144 2
623 325 664 387 0.000144 2
466 391 480 404 0.000144 2
495 291 513 337 0.000143 2
35 439 64 447 0.000142 2
1051 311 1091 333 0.000142 2
71 277 95 288 0.000142 2
59 254 94 287 0.000142 2
1 133 493 392 0.000142 2
1115 242 1222 269 0.000141 2
1 232 199 332 0.000141 2
1222 161 1278 182 0.000141 2
125 205 137 223 0.000140 2
767 462 795 477 0.000140 2
763 312 848 344 0.000139 2
3 243 483 394 0.000139 2
639 535 656 568 0.000138 2
476 445 496 454 0.000135 2
8 210 501 394 0.000135 2
1034 329 1089 359 0.000135 2
639 209 677 230 0.000134 2
372 453 416 471 0.000132 2
623 424 634 434 0.000132 2
756 279 848 346 0.000132 2
1167 273 1218 285 0.000132 2
143 398 217 444 0.000131 2
1117 64 1214 93 0.000131 2
1119 64 1221 84 0.000130 2
959 341 1006 371 0.000130 2
158 391 224 460 0.000130 2
629 455 670 472 0.000129 2
367 398 401 442 0.000129 2
377 453 413 471 0.000129 2
345 199 389 229 0.000128 2
639 381 701 406 0.000128 2
47 403 77 424 0.000127 2
952 696 986 703 0.000126 2
910 174 939 190 0.000125 2
924 696 979 703 0.000125 2
931 202 965 254 0.000125 2
46 254 66 288 0.000125 2
992 555 1009 568 0.000124 2
948 335 1003 385 0.000123 2
1 239 200 345 0.000123 2
324 403 390 435 0.000123 2
629 179 726 228 0.000123 2
503 406 584 436 0.000123 2
273 184 296 202 0.000122 2
186 369 225 414 0.000122 2
505 437 528 454 0.000122 2
636 674 693 703 0.000122 2
135 399 220 444 0.000121 2
158 393 211 460 0.000121 2
998 332 1009 344 0.000121 2
92 236 200 270 0.000121 2
1140 184 1204 223 0.000120 2
1117 242 1205 270 0.000120 2
595 322 665 378 0.000120 2
1224 168 1279 207 0.000119 2
164 247 228 279 0.000119 2
59 253 100 281 0.000119 2
1166 241 1220 274 0.000119 2
495 302 512 337 0.000119 2
221 130 237 146 0.000118 2
4 233 166 299 0.000117 2
690 197 796 261 0.000117 2
862 183 1035 263 0.000117 2
464 424 530 455 0.000117 2
62 255 99 288 0.000116 2
905 102 930 119 0.000116 2
996 504 1019 520 0.000116 2
1164 242 1198 269 0.000115 2
1128 341 1163 360 0.000115 2
708 303 757 339 0.000114 2
711 336 934 392 0.000114 2
496 307 512 336 0.000114 2
600 316 697 397 0.000113 2
137 242 189 264 0.000113 2
183 375 208 392 0.000112 2
660 209 724 235 0.000112 2
587 314 675 395 0.000112 2
134 246 238 279 0.000111 2
194 248 223 263 0.000111 2
172 406 268 448 0.000111 2
165 219 293 267 0.000111 2
1153 272 1210 281 0.000111 2
667 386 684 399 0.000111 2
362 416 457 440 0.000111 2
491 434 528 453 0.000110 2
328 404 369 467 0.000110 2
192 225 242 264 0.000110 2
374 407 385 416 0.000110 2
526 622 544 646 0.000109 2
132 402 218 458 0.000109 2
473 391 522 430 0.000108 2
446 178 467 216 0.000107 2
623 320 665 359 0.000106 2
43 436 93 451 0.000106 2
328 404 374 454 0.000106 2
187 247 231 279 0.000106 2
328 405 368 447 0.000105 2
925 179 956 203 0.000105 2
137 398 212 459 0.000105 2
684 375 695 384 0.000105 2
412 389 503 430 0.000104 2
373 395 400 421 0.000104 2
498 312 597 445 0.000104 2
623 440 634 454 0.000104 2
636 686 696 703 0.000104 2
1236 277 1279 296 0.000103 2
155 215 297 263 0.000103 2
149 394 225 449 0.000103 2
627 373 701 405 0.000103 2
968 192 1162 261 0.000102 2
622 373 658 401 0.000102 2
704 341 725 378 0.000102 2
601 456 647 473 0.000101 2
857 264 912 345 0.000102 2
0 233 213 363 0.000101 2
209 448 235 461 0.000101 2
502 312 528 339 0.000101 2
478 173 520 217 0.001635 5
479 170 589 217 0.001607 5
505 423 591 454 0.001520 5
516 424 592 454 0.001264 5
443 177 519 217 0.000867 5
447 172 523 217 0.000440 5
989 168 1049 227 0.000113 5
678 261 1279 370 0.006931 6
685 266 1279 425 0.006873 6
665 260 1279 482 0.005021 6
477 169 583 211 0.004685 6
774 268 1278 378 0.004216 6
1181 163 1279 273 0.003877 6
712 253 1279 442 0.003827 6
696 254 1278 490 0.003770 6
1073 159 1279 283 0.003718 6
1112 162 1279 275 0.003199 6
1023 277 1279 425 0.002976 6
853 270 1278 418 0.002766 6
46 400 157 426 0.002714 6
1036 288 1278 353 0.002693 6
1084 165 1279 277 0.002652 6
1019 283 1279 497 0.002584 6
693 174 1279 371 0.002535 6
1041 282 1279 419 0.002438 6
727 245 1278 432 0.002283 6
864 267 1279 381 0.002254 6
719 239 1278 384 0.002245 6
912 272 1279 417 0.002155 6
325 401 704 462 0.002060 6
1067 88 1279 285 0.001887 6
671 274 1279 499 0.001870 6
722 256 1278 412 0.001867 6
661 266 1268 394 0.001833 6
1069 171 1278 282 0.001658 6
722 182 1278 389 0.001548 6
750 169 1279 385 0.001545 6
713 147 1278 394 0.001515 6
1033 279 1279 489 0.001497 6
873 269 1278 457 0.001439 6
461 414 591 454 0.001430 6
1039 270 1280 350 0.001312 6
826 135 939 164 0.001297 6
1024 274 1279 460 0.001295 6
647 275 1226 391 0.001226 6
640 274 1128 470 0.001213 6
47 401 149 426 0.001167 6
876 272 1279 504 0.001159 6
652 265 1262 466 0.001127 6
982 272 1279 458 0.001126 6
1026 281 1279 351 0.001105 6
331 400 715 465 0.001079 6
488 159 581 207 0.001017 6
663 152 1270 385 0.001012 6
477 160 581 208 0.001011 6
1017 411 1278 507 0.000998 6
1088 129 1279 276 0.000995 6
646 275 1139 430 0.000970 6
1023 295 1280 355 0.000969 6
676 303 1277 508 0.000893 6
1 64 348 394 0.000886 6
825 135 939 167 0.000875 6
642 273 1191 395 0.000839 6
1045 158 1279 383 0.000782 6
460 409 592 458 0.000752 6
826 134 939 159 0.000750 6
1014 265 1279 394 0.000733 6
718 179 1277 358 0.000708 6
1057 172 1279 295 0.000708 6
324 382 708 459 0.000692 6
796 167 1279 367 0.000691 6
924 307 1279 507 0.000673 6
367 390 939 469 0.000665 6
640 264 1187 400 0.000656 6
859 163 1279 371 0.000648 6
750 304 1278 507 0.000640 6
710 291 1276 494 0.000639 6
640 284 990 480 0.000638 6
328 402 705 477 0.000619 6
1031 274 1277 337 0.000614 6
1197 163 1279 264 0.000614 6
421 385 946 472 0.000605 6
643 300 999 482 0.000600 6
1015 402 1278 509 0.000583 6
484 173 575 217 0.000571 6
468 172 598 217 0.000570 6
580 434 702 463 0.000569 6
824 134 939 156 0.000568 6
613 400 950 474 0.000546 6
703 151 1259 360 0.000533 6
1032 304 1279 494 0.000528 6
567 422 702 463 0.000510 6
1048 163 1279 362 0.000498 6
640 103 1156 399 0.000492 6
0 64 408 392 0.000485 6
1065 64 1279 288 0.000481 6
324 374 713 460 0.000481 6
1055 119 1278 275 0.000472 6
351 269 941 471 0.000472 6
411 268 949 473 0.000460 6
753 432 892 478 0.000448 6
647 316 1039 483 0.000423 6
819 135 940 171 0.000422 6
416 245 952 473 0.000414 6
1043 272 1264 300 0.000407 6
656 177 1234 377 0.000406 6
525 406 703 463 0.000397 6
800 189 1278 313 0.000388 6
350 241 944 471 0.000377 6
715 397 952 481 0.000375 6
1044 265 1269 304 0.000368 6
46 402 125 425 0.000366 6
719 164 1266 362 0.000363 6
640 119 1078 388 0.000355 6
1132 412 1279 467 0.000351 6
1174 287 1279 361 0.000350 6
509 418 591 458 0.000349 6
1184 68 1279 278 0.000338 6
641 265 1030 390 0.000334 6
424 159 614 221 0.000327 6
662 385 1001 484 0.000326 6
1046 412 1280 509 0.000309 6
1190 162 1279 238 0.000308 6
640 270 1001 475 0.000306 6
1002 417 1277 508 0.000301 6
334 64 687 225 0.000297 6
683 394 1273 508 0.000286 6
1129 414 1279 474 0.000283 6
475 322 953 475 0.000281 6
1034 167 1273 264 0.000279 6
581 417 702 463 0.000274 6
550 169 622 199 0.000273 6
643 150 1150 394 0.000273 6
1104 411 1280 506 0.000264 6
330 357 906 462 0.000246 6
0 206 331 393 0.000243 6
1025 425 1277 509 0.000242 6
44 407 327 479 0.000241 6
744 425 916 480 0.000239 6
652 308 1236 491 0.000237 6
1163 271 1279 360 0.000236 6
826 135 938 180 0.000232 6
473 258 955 476 0.000231 6
642 456 1076 704 0.000228 6
746 428 906 480 0.000227 6
677 329 1271 499 0.000225 6
353 411 699 469 0.000224 6
327 401 833 475 0.000222 6
1013 282 1280 348 0.000220 6
1016 402 1279 468 0.000214 6
1218 163 1279 249 0.000210 6
1170 252 1279 294 0.000208 6
1123 414 1279 500 0.000207 6
1172 246 1279 294 0.000206 6
12 233 193 265 0.000205 6
1185 160 1279 330 0.000204 6
1164 269 1276 353 0.000200 6
325 64 689 265 0.000199 6
328 64 719 248 0.000199 6
1166 243 1237 294 0.000199 6
1215 160 1279 223 0.000199 6
360 64 712 225 0.000197 6
830 401 1277 507 0.000194 6
1175 233 1279 294 0.000189 6
433 405 942 476 0.000185 6
533 402 704 461 0.000177 6
1180 159 1278 228 0.000173 6
1105 157 1219 216 0.000169 6
1135 417 1279 495 0.000164 6
1103 153 1228 218 0.000162 6
381 408 909 472 0.000161 6
1130 375 1279 467 0.000157 6
444 180 485 217 0.000150 6
1079 479 1279 703 0.000149 6
698 422 1012 484 0.000149 6
1024 352 1280 468 0.000146 6
1157 271 1280 312 0.000144 6
691 153 1083 281 0.000143 6
1126 373 1279 473 0.000141 6
659 365 1147 489 0.000140 6
0 64 233 395 0.000140 6
1072 455 1280 702 0.000138 6
1155 278 1280 315 0.000136 6
640 134 1018 379 0.000136 6
686 100 955 245 0.000136 6
54 398 244 479 0.000135 6
442 243 955 446 0.000134 6
749 337 939 396 0.000133 6
640 131 1052 382 0.000132 6
1021 275 1280 345 0.000132 6
486 397 625 459 0.000131 6
500 238 957 409 0.000129 6
9 177 461 382 0.000129 6
21 395 613 553 0.000128 6
756 455 1265 508 0.000128 6
706 157 1068 282 0.000125 6
858 176 1275 267 0.000125 6
415 64 693 232 0.000124 6
1169 253 1279 365 0.000117 6
1020 333 1280 419 0.000116 6
12 225 195 264 0.000112 6
739 336 933 392 0.000111 6
661 424 1118 489 0.000110 6
1088 462 1280 702 0.000110 6
0 64 252 378 0.000110 6
9 138 460 395 0.000109 6
1031 271 1264 301 0.000108 6
1158 298 1280 347 0.000106 6
679 147 1110 355 0.000104 6
357 157 466 202 0.000103 6
687 425 1266 530 0.000103 6
620 406 721 464 0.000103 6
1202 297 1280 351 0.000102 6
864 177 954 243 0.354796 7
696 152 957 244 0.163328 7
700 153 860 258 0.138814 7
846 176 952 243 0.103610 7
803 177 949 243 0.096549 7
704 153 859 236 0.091166 7
866 177 943 233 0.091051 7
699 154 828 239 0.065846 7
694 153 918 237 0.057990 7
587 183 623 215 0.056125 7
1004 196 1052 229 0.051596 7
803 169 948 243 0.047386 7
587 182 655 216 0.044976 7
586 182 651 216 0.036703 7
694 152 956 261 0.036547 7
800 150 948 243 0.030623 7
1004 195 1056 230 0.024648 7
696 155 804 235 0.022904 7
588 179 655 216 0.017908 7
866 177 938 229 0.016469 7
587 174 655 215 0.012693 7
866 177 942 225 0.012391 7
587 183 622 213 0.011866 7
693 152 859 239 0.010499 7
866 177 930 241 0.010194 7
797 155 860 242 0.008317 7
1184 169 1279 269 0.007319 7
714 154 861 239 0.006960 7
508 172 580 209 0.006664 7
496 171 580 212 0.006029 7
502 172 580 206 0.005691 7
876 198 958 245 0.005523 7
1005 194 1048 228 0.005377 7
587 178 644 207 0.004908 7
871 196 953 235 0.004667 7
722 155 860 244 0.004604 7
865 176 915 240 0.004061 7
484 171 579 211 0.003903 7
865 176 930 234 0.003819 7
1113 184 1239 247 0.003819 7
804 181 858 242 0.003795 7
804 162 858 236 0.003676 7
691 181 731 235 0.003544 7
1198 168 1279 269 0.003434 7
495 171 580 208 0.003351 7
866 177 947 228 0.003334 7
803 165 856 234 0.003196 7
1183 185 1279 271 0.003171 7
866 177 943 211 0.003110 7
586 162 656 217 0.002981 7
847 173 929 239 0.002936 7
847 175 922 242 0.002917 7
803 183 853 241 0.002879 7
1062 184 1200 249 0.002815 7
1184 203 1279 268 0.002592 7
691 184 732 231 0.002552 7
1072 184 1202 247 0.002511 7
1184 228 1279 267 0.002466 7
802 141 945 242 0.002461 7
875 196 958 233 0.002394 7
1115 184 1205 247 0.002234 7
513 177 651 216 0.002190 7
1113 184 1201 239 0.002154 7
1004 193 1104 230 0.002086 7
498 167 657 216 0.002076 7
567 183 625 215 0.001985 7
577 184 624 214 0.001836 7
691 160 791 234 0.001738 7
1117 213 1190 246 0.001727 7
1114 185 1232 250 0.001716 7
1006 194 1128 246 0.001700 7
1215 166 1279 269 0.001684 7
1113 183 1213 236 0.001621 7
1184 214 1236 266 0.001519 7
1113 183 1192 220 0.001497 7
1230 171 1279 269 0.001442 7
1225 170 1279 269 0.001324 7
1184 230 1243 267 0.001295 7
1207 303 1280 351 0.001108 7
866 177 940 203 0.001104 7
532 173 581 212 0.001055 7
998 196 1068 256 0.001020 7
692 153 978 255 0.000947 7
1195 303 1280 352 0.000943 7
1183 170 1238 266 0.000845 7
866 176 930 229 0.000837 7
597 162 655 217 0.000836 7
686 182 733 231 0.000791 7
1119 184 1236 266 0.000788 7
695 184 731 219 0.000767 7
1102 183 1192 243 0.000735 7
1182 230 1233 285 0.000720 7
1190 300 1279 362 0.000697 7
1263 322 1279 370 0.000686 7
1258 316 1279 367 0.000677 7
1262 319 1279 370 0.000673 7
1068 214 1191 247 0.000660 7
678 177 729 235 0.000650 7
1264 321 1279 360 0.000646 7
1062 209 1190 248 0.000640 7
803 181 854 228 0.000639 7
1182 229 1279 294 0.000637 7
1168 295 1279 418 0.000619 7
1198 305 1274 351 0.000618 7
805 159 858 219 0.000602 7
1177 304 1277 354 0.000591 7
1067 176 1195 246 0.000564 7
1002 196 1075 258 0.000544 7
1180 230 1233 292 0.000543 7
839 154 926 203 0.000499 7
703 167 798 234 0.000488 7
1175 205 1279 295 0.000426 7
1245 311 1279 365 0.000419 7
1063 185 1128 246 0.000415 7
717 158 806 221 0.000404 7
710 167 799 232 0.000394 7
1198 299 1280 350 0.000379 7
1178 311 1270 359 0.000377 7
714 152 807 210 0.000365 7
1117 183 1192 218 0.000358 7
581 163 661 212 0.000358 7
804 178 862 243 0.000352 7
1115 184 1180 217 0.000336 7
578 183 644 220 0.000336 7
293 199 389 281 0.000333 7
803 152 898 201 0.000330 7
1007 193 1054 229 0.000327 7
1226 175 1279 233 0.000324 7
718 152 808 204 0.000321 7
866 175 940 206 0.000314 7
721 153 806 220 0.000312 7
840 133 951 243 0.000311 7
1210 303 1279 354 0.000306 7
1088 183 1186 237 0.000305 7
1105 160 1219 218 0.000301 7
1214 306 1275 349 0.000301 7
848 166 916 229 0.000298 7
1226 285 1279 371 0.000293 7
296 199 333 234 0.000263 7
1243 202 1279 268 0.000260 7
591 159 658 217 0.000257 7
1247 318 1279 362 0.000254 7
1004 159 1067 231 0.000249 7
1211 310 1277 358 0.000246 7
868 177 951 222 0.000245 7
709 151 1042 267 0.000244 7
695 129 962 248 0.000241 7
713 165 808 222 0.000240 7
1155 302 1280 350 0.000238 7
478 157 658 216 0.000236 7
1241 308 1279 359 0.000228 7
442 170 666 223 0.000227 7
1134 184 1191 217 0.000224 7
1169 231 1234 292 0.000218 7
713 189 728 214 0.000217 7
368 416 400 472 0.000206 7
584 181 623 207 0.000205 7
414 93 898 252 0.000203 7
980 152 1061 231 0.000198 7
296 198 388 264 0.000194 7
1000 164 1066 230 0.000190 7
1002 162 1128 235 0.000189 7
1118 64 1218 85 0.000184 7
1176 303 1280 349 0.000174 7
1212 310 1279 355 0.000174 7
700 166 783 230 0.000173 7
1095 163 1165 209 0.000167 7
721 165 803 233 0.000163 7
696 183 737 222 0.000159 7
1115 184 1147 214 0.000155 7
909 166 966 210 0.000153 7
1113 184 1144 208 0.000144 7
605 133 960 391 0.000135 7
1130 183 1203 219 0.000135 7
697 171 793 238 0.000132 7
912 152 960 184 0.000129 7
1109 170 1167 216 0.000125 7
585 199 654 270 0.000123 7
1262 168 1279 227 0.000118 7
295 199 330 236 0.000116 7
750 276 920 345 0.000115 7
321 110 643 369 0.000114 7
705 143 1023 257 0.000112 7
1111 166 1146 208 0.000109 7
513 187 647 220 0.000107 7
926 276 1137 385 0.000104 7
513 152 523 177 0.295064 9
1088 150 1104 178 0.275234 9
1207 170 1215 186 0.114644 9
514 151 524 177 0.096451 9
448 157 490 170 0.083821 9
1207 168 1216 187 0.081820 9
513 151 524 176 0.051664 9
990 680 1009 703 0.045301 9
1215 167 1223 184 0.043362 9
449 157 490 171 0.042558 9
1192 383 1207 415 0.035774 9
1193 383 1208 415 0.034595 9
1088 149 1110 179 0.033687 9
1197 383 1206 401 0.032052 9
513 152 524 184 0.028449 9
372 167 382 184 0.025015 9
1214 168 1223 184 0.022847 9
1191 384 1205 401 0.021937 9
894 154 907 176 0.019901 9
313 154 341 187 0.019675 9
1190 385 1203 401 0.019094 9
895 155 906 177 0.018472 9
1207 169 1215 199 0.016429 9
366 167 373 186 0.015887 9
313 151 341 188 0.015414 9
558 184 567 197 0.014898 9
553 173 571 200 0.014462 9
1190 383 1208 416 0.014253 9
1088 148 1106 185 0.014019 9
1088 156 1100 185 0.013435 9
693 178 703 198 0.012788 9
239 178 247 191 0.012724 9
693 177 704 198 0.011729 9
449 158 487 171 0.011699 9
553 173 572 200 0.011622 9
845 151 859 166 0.011614 9
524 183 535 196 0.011133 9
848 182 857 201 0.010843 9
1045 154 1056 173 0.010231 9
665 182 670 198 0.010217 9
866 152 880 169 0.009924 9
552 173 581 203 0.009867 9
362 167 368 188 0.009488 9
1013 136 1025 171 0.009450 9
448 157 490 178 0.009407 9
810 160 855 179 0.009275 9
1189 383 1206 407 0.009205 9
449 157 490 180 0.008832 9
1207 169 1215 189 0.008831 9
225 183 231 194 0.008765 9
1012 136 1025 172 0.008422 9
848 184 857 201 0.008070 9
694 176 704 197 0.007990 9
1193 163 1202 186 0.007966 9
1193 383 1212 416 0.007624 9
809 166 819 178 0.007271 9
313 153 341 190 0.007235 9
1193 167 1201 185 0.006939 9
1045 152 1056 173 0.006899 9
1012 135 1026 171 0.006863 9
894 152 908 176 0.006731 9
1043 153 1057 178 0.006629 9
464 171 471 183 0.006501 9
239 177 247 191 0.006491 9
1192 381 1217 416 0.006409 9
1231 169 1246 181 0.006313 9
1216 192 1222 204 0.006280 9
843 151 859 166 0.006240 9
879 155 890 169 0.006196 9
567 141 581 161 0.006086 9
895 152 909 177 0.006009 9
1190 382 1211 416 0.005966 9
1042 153 1056 174 0.005910 9
693 177 701 197 0.005887 9
1040 154 1056 174 0.005684 9
864 165 870 181 0.005670 9
259 143 268 159 0.005658 9
553 173 579 200 0.005453 9
587 171 593 185 0.005207 9
620 167 633 176 0.004849 9
1088 189 1095 202 0.004832 9
960 135 976 160 0.004824 9
567 138 581 161 0.004764 9
1006 135 1026 172 0.004682 9
555 176 580 202 0.004580 9
1192 161 1202 186 0.004545 9
361 167 368 188 0.004498 9
372 167 381 186 0.004460 9
837 153 856 169 0.004430 9
1217 194 1224 208 0.004418 9
813 155 858 180 0.004409 9
216 183 225 198 0.004261 9
665 184 670 199 0.004108 9
839 152 855 165 0.004105 9
1180 163 1205 218 0.004035 9
257 144 267 160 0.004031 9
1040 152 1057 181 0.004003 9
1088 149 1103 188 0.003991 9
260 142 268 160 0.003990 9
903 536 912 571 0.003977 9
1208 168 1225 209 0.003903 9
1157 165 1167 184 0.003815 9
1184 383 1209 416 0.003720 9
865 151 880 169 0.003708 9
111 151 127 164 0.003694 9
567 145 581 161 0.003613 9
447 156 490 179 0.003559 9
257 142 268 160 0.003557 9
448 155 490 170 0.003513 9
927 151 937 168 0.003455 9
1208 167 1225 207 0.003403 9
1177 381 1185 391 0.003386 9
1081 174 1091 184 0.003358 9
809 159 857 188 0.003342 9
1208 168 1217 201 0.003324 9
565 178 581 202 0.003312 9
313 152 341 195 0.003290 9
616 166 628 176 0.003290 9
119 64 160 76 0.003204 9
1039 151 1057 176 0.003188 9
371 167 381 186 0.003179 9
559 592 569 624 0.003127 9
903 536 912 584 0.003076 9
1007 136 1024 173 0.003057 9
217 186 224 203 0.002938 9
1202 404 1215 415 0.002935 9
681 179 689 195 0.002928 9
879 153 889 168 0.002916 9
814 143 823 155 0.002832 9
801 142 811 158 0.002820 9
1181 164 1203 218 0.002784 9
174 64 201 89 0.002749 9
680 172 688 189 0.002715 9
519 184 535 200 0.002714 9
960 119 969 134 0.002672 9
1011 135 1026 173 0.002670 9
587 168 593 184 0.002578 9
903 535 912 553 0.002578 9
483 174 496 187 0.002571 9
863 165 869 184 0.002568 9
520 174 547 184 0.002561 9
119 64 159 75 0.002500 9
881 156 894 169 0.002478 9
895 552 904 586 0.002458 9
1044 154 1057 184 0.002367 9
1088 147 1105 178 0.002331 9
927 149 938 168 0.002293 9
959 119 971 134 0.002265 9
95 151 105 176 0.002252 9
555 175 581 202 0.002247 9
111 151 128 165 0.002206 9
312 158 340 195 0.002195 9
570 136 581 161 0.002174 9
1213 370 1223 388 0.002149 9
664 292 681 349 0.002131 9
257 179 262 191 0.002109 9
896 154 907 176 0.002070 9
830 136 861 166 0.002016 9
690 169 698 180 0.002015 9
1173 380 1206 411 0.002005 9
990 679 1017 703 0.001991 9
638 160 644 169 0.001962 9
409 178 418 202 0.001955 9
512 145 524 174 0.001945 9
1192 378 1219 415 0.001918 9
68 169 80 177 0.001901 9
157 64 202 90 0.001873 9
410 178 417 187 0.001872 9
570 165 579 178 0.001861 9
604 166 614 180 0.001839 9
870 166 880 177 0.001827 9
568 536 576 560 0.001791 9
514 168 536 189 0.001785 9
1176 381 1194 392 0.001784 9
1172 381 1210 415 0.001780 9
895 151 910 176 0.001773 9
119 64 160 78 0.001728 9
1090 232 1103 269 0.001727 9
809 157 854 180 0.001695 9
1155 164 1168 184 0.001679 9
95 156 105 176 0.001667 9
663 291 683 349 0.001665 9
1167 382 1183 421 0.001661 9
522 183 536 199 0.001640 9
1183 164 1202 190 0.001601 9
991 282 1003 312 0.001587 9
1149 342 1189 399 0.001582 9
509 175 554 201 0.001568 9
843 150 862 168 0.001559 9
991 282 1001 304 0.001553 9
1167 381 1184 412 0.001539 9
989 680 1020 703 0.001535 9
829 135 861 163 0.001527 9
225 184 231 200 0.001522 9
568 536 575 553 0.001510 9
119 64 165 78 0.001494 9
1119 339 1136 388 0.001478 9
665 329 676 348 0.001469 9
167 64 176 76 0.001464 9
673 316 680 328 0.001461 9
248 177 257 193 0.001448 9
1167 383 1185 417 0.001445 9
690 170 700 196 0.001440 9
705 169 711 179 0.001434 9
1089 232 1103 270 0.001434 9
1196 375 1233 422 0.001428 9
591 163 603 184 0.001427 9
812 141 824 160 0.001407 9
966 174 976 186 0.001393 9
1193 379 1233 424 0.001392 9
513 174 550 188 0.001370 9
1167 380 1204 415 0.001369 9
951 345 960 366 0.001356 9
638 164 649 182 0.001352 9
619 160 634 175 0.001345 9
1167 382 1180 392 0.001345 9
803 144 814 159 0.001341 9
829 135 861 157 0.001338 9
223 181 233 196 0.001316 9
691 169 703 182 0.001312 9
1101 139 1110 160 0.001303 9
1160 377 1166 383 0.001300 9
1201 382 1232 424 0.001299 9
880 151 899 173 0.001296 9
1088 174 1099 200 0.001276 9
449 156 490 188 0.001273 9
619 177 633 185 0.001267 9
1119 340 1136 386 0.001267 9
801 139 821 159 0.001246 9
565 136 581 161 0.001235 9
704 152 712 178 0.001232 9
480 176 495 194 0.001225 9
454 151 546 214 0.001222 9
681 168 688 184 0.001220 9
801 143 812 159 0.001211 9
1088 192 1095 209 0.001190 9
449 154 490 171 0.001189 9
1150 343 1191 384 0.001186 9
1213 383 1232 424 0.001171 9
982 352 994 390 0.001163 9
1211 372 1224 407 0.001144 9
550 165 581 204 0.001143 9
561 591 577 625 0.001136 9
950 345 961 389 0.001130 9
665 172 671 199 0.001118 9
47 312 57 340 0.001108 9
1023 159 1030 169 0.001108 9
689 170 704 199 0.001100 9
1224 165 1233 181 0.001095 9
829 135 860 161 0.001091 9
1204 165 1219 193 0.001091 9
239 176 252 193 0.001089 9
119 64 202 87 0.001064 9
614 161 635 175 0.001059 9
407 180 417 204 0.001053 9
513 145 525 176 0.001053 9
119 64 177 79 0.001046 9
959 119 980 135 0.001034 9
663 153 671 173 0.001034 9
976 687 989 703 0.001029 9
1168 384 1185 422 0.001003 9
552 176 580 203 0.000992 9
664 304 681 349 0.000991 9
246 176 258 193 0.000990 9
976 679 1010 703 0.000989 9
547 140 581 161 0.000968 9
512 170 574 202 0.000965 9
991 282 1006 312 0.000958 9
951 344 960 361 0.000947 9
1104 168 1120 202 0.000942 9
118 64 180 80 0.000939 9
571 164 580 177 0.000939 9
1096 130 1107 172 0.000939 9
829 135 860 153 0.000939 9
829 165 859 190 0.000936 9
513 171 580 211 0.000931 9
987 353 1005 390 0.000927 9
1002 172 1010 185 0.000924 9
512 183 526 203 0.000919 9
884 154 900 177 0.000919 9
1216 390 1232 424 0.000919 9
1038 160 1054 185 0.000916 9
1194 165 1215 192 0.000894 9
1102 162 1118 200 0.000893 9
1147 343 1197 393 0.000893 9
987 350 1002 383 0.000891 9
47 312 57 342 0.000891 9
1198 137 1205 184 0.000879 9
1079 167 1098 185 0.000870 9
544 140 551 156 0.000861 9
160 64 177 85 0.000856 9
871 121 879 131 0.000854 9
992 141 1000 166 0.000854 9
695 121 705 152 0.000850 9
990 282 1008 312 0.000850 9
120 64 201 90 0.000846 9
809 167 817 188 0.000844 9
568 160 580 178 0.000843 9
1180 154 1203 189 0.000837 9
702 118 716 129 0.000835 9
989 678 1018 703 0.000834 9
1154 158 1168 185 0.000830 9
448 158 490 176 0.000826 9
118 64 200 85 0.000825 9
1088 186 1103 202 0.000821 9
1195 373 1234 425 0.000819 9
544 168 552 178 0.000817 9
1026 150 1040 160 0.000812 9
1005 173 1015 185 0.000809 9
119 64 173 78 0.000809 9
1174 378 1187 391 0.000802 9
588 172 602 185 0.000801 9
359 170 367 190 0.000798 9
736 540 752 568 0.000795 9
1181 354 1212 408 0.000793 9
905 126 912 136 0.000784 9
1101 133 1111 161 0.000783 9
791 542 800 568 0.000782 9
1147 337 1180 398 0.000779 9
1207 160 1218 188 0.000775 9
1012 133 1040 172 0.000774 9
1144 376 1151 386 0.000767 9
897 542 913 589 0.000760 9
447 156 491 204 0.000758 9
973 679 1010 703 0.000757 9
852 118 866 136 0.000756 9
1148 346 1168 397 0.000754 9
1198 136 1205 181 0.000749 9
432 172 445 192 0.000748 9
1150 344 1173 360 0.000748 9
950 273 960 294 0.000734 9
1039 148 1057 174 0.000731 9
507 166 552 185 0.000731 9
900 538 913 588 0.000730 9
666 326 679 347 0.000728 9
480 174 496 196 0.000725 9
596 64 623 92 0.000725 9
691 119 706 153 0.000725 9
510 550 521 568 0.000721 9
136 64 201 90 0.000721 9
994 137 1000 162 0.000713 9
698 149 713 179 0.000708 9
513 150 547 181 0.000707 9
991 138 1000 170 0.000706 9
1028 157 1039 169 0.000706 9
1019 170 1031 185 0.000705 9
480 178 495 197 0.000702 9
1119 342 1136 383 0.000702 9
159 64 169 72 0.000699 9
988 346 1008 391 0.000695 9
1170 382 1209 419 0.000694 9
514 551 528 568 0.000692 9
478 172 580 208 0.000689 9
848 174 868 222 0.000684 9
1088 150 1108 202 0.000680 9
696 152 707 175 0.000673 9
618 180 635 200 0.000671 9
1121 361 1136 388 0.000670 9
1150 344 1167 360 0.000669 9
1230 656 1240 700 0.000669 9
960 339 969 353 0.000667 9
1189 148 1204 187 0.000667 9
1191 148 1207 191 0.000663 9
493 150 524 190 0.000661 9
312 149 341 190 0.000658 9
1103 164 1149 201 0.000657 9
1056 153 1064 169 0.000653 9
333 184 343 199 0.000651 9
599 64 617 91 0.000651 9
1148 342 1182 390 0.000650 9
241 164 248 178 0.000647 9
1079 148 1105 187 0.000646 9
807 541 816 567 0.000640 9
690 118 703 153 0.000639 9
544 139 577 161 0.000637 9
719 337 736 380 0.000636 9
496 150 524 175 0.000635 9
862 112 869 119 0.000633 9
847 164 870 218 0.000632 9
595 64 621 93 0.000631 9
981 141 993 154 0.000630 9
664 165 671 174 0.000626 9
840 119 854 134 0.000618 9
831 143 852 165 0.000618 9
690 118 700 132 0.000616 9
988 356 1008 395 0.000615 9
591 161 603 180 0.000606 9
1188 364 1226 416 0.000605 9
989 680 1028 703 0.000602 9
547 150 565 161 0.000599 9
352 165 359 188 0.000598 9
829 135 888 168 0.000591 9
687 535 697 566 0.000590 9
567 535 576 561 0.000589 9
1072 168 1097 189 0.000587 9
160 64 187 90 0.000585 9
1149 343 1202 384 0.000584 9
976 684 1009 703 0.000583 9
861 112 869 136 0.000582 9
511 551 522 568 0.000577 9
586 121 598 155 0.000569 9
149 64 178 86 0.000569 9
595 64 622 91 0.000568 9
856 283 862 295 0.000565 9
1056 375 1065 389 0.000563 9
1103 164 1148 205 0.000561 9
697 151 708 176 0.000555 9
791 540 801 567 0.000549 9
638 167 651 192 0.000546 9
560 178 581 203 0.000545 9
586 118 598 156 0.000544 9
807 162 857 191 0.000540 9
1225 161 1249 181 0.000540 9
1088 146 1115 181 0.000539 9
1231 658 1240 698 0.000536 9
546 168 576 202 0.000533 9
1074 169 1101 201 0.000533 9
1219 166 1235 188 0.000530 9
840 119 861 135 0.000529 9
1090 230 1104 270 0.000529 9
1228 168 1246 198 0.000528 9
849 136 938 170 0.000527 9
512 169 552 182 0.000527 9
1228 179 1245 198 0.000525 9
1014 140 1041 171 0.000524 9
1101 122 1137 167 0.000522 9
489 148 524 175 0.000521 9
1148 327 1170 359 0.000521 9
1202 165 1227 209 0.000520 9
791 544 799 569 0.000518 9
702 118 719 129 0.000517 9
564 141 581 161 0.000517 9
1055 377 1064 391 0.000515 9
222 176 248 194 0.000512 9
223 177 239 194 0.000512 9
580 64 596 92 0.000510 9
614 162 637 178 0.000510 9
441 143 528 176 0.000510 9
1246 346 1263 379 0.000507 9
800 132 826 159 0.000505 9
874 158 894 176 0.000505 9
1214 367 1224 387 0.000504 9
1150 372 1162 404 0.000503 9
463 260 478 304 0.000503 9
1104 166 1120 191 0.000502 9
449 156 497 170 0.000500 9
386 199 398 206 0.000499 9
1167 379 1206 419 0.000499 9
1104 163 1149 189 0.000498 9
1039 645 1057 698 0.000495 9
339 166 351 197 0.000491 9
111 204 122 230 0.000486 9
848 157 870 190 0.000484 9
587 125 598 158 0.000481 9
415 176 421 202 0.000480 9
828 135 867 162 0.000478 9
653 151 671 174 0.000477 9
799 552 807 569 0.000473 9
339 163 352 194 0.000469 9
809 133 827 159 0.000469 9
1194 355 1210 377 0.000467 9
839 119 864 136 0.000465 9
980 138 993 163 0.000464 9
164 64 187 77 0.000462 9
1224 161 1262 181 0.000461 9
1056 152 1064 164 0.000461 9
210 167 217 176 0.000460 9
1012 132 1039 171 0.000460 9
414 176 421 199 0.000459 9
1190 165 1215 198 0.000459 9
586 119 598 153 0.000457 9
847 117 867 136 0.000455 9
825 134 927 171 0.000452 9
863 662 873 682 0.000449 9
958 119 994 162 0.000448 9
989 347 1002 374 0.000442 9
312 179 338 196 0.000442 9
735 339 753 375 0.000440 9
799 591 807 613 0.000439 9
800 134 815 157 0.000436 9
694 119 707 152 0.000436 9
118 64 162 77 0.000436 9
1015 333 1024 344 0.000435 9
1075 137 1105 185 0.000433 9
1197 165 1217 204 0.000432 9
66 168 80 178 0.000429 9
856 135 933 171 0.000427 9
900 535 912 588 0.000426 9
959 161 989 186 0.000425 9
768 535 777 567 0.000424 9
1041 151 1064 185 0.000423 9
1163 375 1222 418 0.000420 9
653 158 661 174 0.000419 9
1196 372 1260 427 0.000416 9
1034 643 1058 700 0.000414 9
1028 144 1040 157 0.000413 9
1166 377 1183 392 0.000413 9
1191 356 1210 402 0.000412 9
578 301 593 316 0.000411 9
639 535 648 568 0.000411 9
1224 162 1269 182 0.000409 9
863 656 873 678 0.000409 9
159 64 179 91 0.000407 9
1017 159 1034 185 0.000406 9
995 135 1009 174 0.000406 9
1119 360 1135 390 0.000402 9
996 131 1008 172 0.000401 9
868 121 879 136 0.000401 9
660 149 671 174 0.000399 9
959 118 982 161 0.000399 9
365 167 376 190 0.000397 9
1100 120 1137 169 0.000394 9
783 539 792 567 0.000394 9
569 152 581 179 0.000393 9
213 163 222 178 0.000390 9
912 169 921 178 0.000389 9
1171 149 1188 165 0.000388 9
1149 344 1200 373 0.000387 9
970 122 982 136 0.000386 9
1075 686 1091 703 0.000383 9
704 172 711 183 0.000383 9
1105 164 1150 186 0.000383 9
1002 643 1059 702 0.000382 9
767 534 777 563 0.000381 9
696 117 716 181 0.000379 9
1009 133 1026 172 0.000377 9
1015 319 1027 344 0.000376 9
385 149 394 160 0.000375 9
998 134 1011 184 0.000375 9
207 181 226 201 0.000371 9
751 549 760 568 0.000368 9
759 534 769 568 0.000368 9
776 407 783 416 0.000368 9
1145 325 1171 360 0.000365 9
1192 382 1216 423 0.000365 9
448 148 523 171 0.000365 9
783 538 792 564 0.000363 9
225 177 242 194 0.000361 9
1072 153 1100 193 0.000361 9
751 550 760 571 0.000358 9
482 152 582 211 0.000355 9
1022 124 1041 163 0.000354 9
991 280 1001 296 0.000354 9
1145 165 1154 184 0.000350 9
1223 161 1276 208 0.000349 9
580 278 590 289 0.000349 9
874 559 880 571 0.000349 9
343 173 352 199 0.000346 9
1104 167 1129 204 0.000346 9
1094 370 1104 404 0.000345 9
1200 387 1218 423 0.000345 9
1262 169 1279 210 0.000344 9
992 134 1000 165 0.000343 9
371 158 382 185 0.000343 9
1054 167 1064 187 0.000343 9
248 177 262 192 0.000343 9
906 105 928 120 0.000342 9
698 118 716 157 0.000340 9
263 277 272 296 0.000339 9
718 337 736 382 0.000339 9
1100 164 1120 202 0.000337 9
719 336 755 377 0.000336 9
1055 181 1064 195 0.000333 9
961 135 992 161 0.000333 9
862 114 870 136 0.000333 9
964 118 982 136 0.000333 9
376 161 408 184 0.000327 9
586 118 599 142 0.000327 9
528 151 544 172 0.000327 9
1206 166 1231 213 0.000326 9
1152 163 1168 184 0.000324 9
807 158 858 195 0.000324 9
1097 128 1105 144 0.000322 9
589 164 616 184 0.000322 9
605 161 630 183 0.000320 9
767 535 778 569 0.000318 9
893 533 913 588 0.000316 9
959 162 980 185 0.000314 9
990 358 1024 400 0.000313 9
448 152 490 171 0.000312 9
967 136 993 160 0.000311 9
759 534 769 563 0.000310 9
926 137 944 169 0.000309 9
687 173 704 209 0.000309 9
1176 166 1204 218 0.000308 9
370 161 409 185 0.000306 9
851 136 939 155 0.000305 9
894 543 910 590 0.000305 9
487 167 521 213 0.000304 9
851 135 937 152 0.000302 9
807 539 816 569 0.000301 9
1140 165 1154 185 0.000300 9
111 140 128 165 0.000298 9
639 535 651 568 0.000297 9
825 134 854 157 0.000296 9
775 535 782 565 0.000295 9
615 160 639 176 0.000294 9
1145 340 1274 417 0.000293 9
722 336 753 377 0.000291 9
663 322 680 351 0.000289 9
661 321 679 351 0.000287 9
39 314 49 344 0.000287 9
477 170 521 218 0.000287 9
352 168 359 188 0.000286 9
835 119 860 136 0.000286 9
1071 572 1089 629 0.000285 9
759 539 769 568 0.000284 9
910 326 928 344 0.000284 9
799 548 807 568 0.000284 9
1227 166 1249 199 0.000282 9
215 162 222 175 0.000280 9
445 167 521 217 0.000279 9
823 135 858 160 0.000278 9
1006 359 1024 390 0.000278 9
690 118 705 139 0.000276 9
894 551 906 595 0.000276 9
1263 368 1279 420 0.000276 9
1155 343 1199 394 0.000276 9
1202 372 1256 427 0.000275 9
888 140 939 185 0.000274 9
576 285 596 332 0.000274 9
882 569 896 585 0.000271 9
808 371 815 392 0.000270 9
1106 147 1127 165 0.000269 9
784 540 802 568 0.000268 9
700 118 718 155 0.000268 9
858 135 943 171 0.000266 9
96 181 103 200 0.000266 9
580 64 620 94 0.000266 9
682 327 689 343 0.000265 9
959 163 980 187 0.000265 9
532 150 544 171 0.000264 9
719 335 739 379 0.000263 9
733 337 754 376 0.000262 9
1094 372 1104 405 0.000260 9
985 643 1059 703 0.000260 9
1030 334 1041 360 0.000260 9
989 356 1024 391 0.000259 9
637 166 657 202 0.000257 9
448 144 529 171 0.000256 9
1020 695 1040 703 0.000256 9
913 169 928 180 0.000256 9
993 136 1018 171 0.000256 9
959 550 975 570 0.000255 9
687 535 704 567 0.000255 9
525 150 544 174 0.000254 9
1081 346 1121 407 0.000253 9
857 632 897 689 0.000252 9
681 327 689 346 0.000251 9
851 632 897 691 0.000251 9
996 135 1009 172 0.000250 9
1105 154 1119 172 0.000250 9
919 562 928 578 0.000248 9
1179 376 1196 392 0.000248 9
1088 347 1117 395 0.000247 9
1167 148 1200 185 0.000247 9
1172 148 1199 169 0.000247 9
452 153 526 171 0.000247 9
997 135 1009 171 0.000244 9
771 535 780 567 0.000244 9
604 169 624 183 0.000244 9
67 169 80 182 0.000243 9
16 157 25 179 0.000242 9
53 262 64 287 0.000241 9
1103 132 1137 166 0.000240 9
1038 669 1048 681 0.000240 9
596 134 606 144 0.000239 9
223 375 240 408 0.000239 9
39 328 48 344 0.000238 9
579 64 611 93 0.000239 9
486 147 523 169 0.000237 9
1031 642 1059 701 0.000236 9
446 155 525 204 0.000234 9
1150 155 1199 185 0.000233 9
645 163 657 181 0.000232 9
375 160 411 185 0.000232 9
1247 679 1264 697 0.000232 9
848 304 855 311 0.000231 9
481 177 522 216 0.000230 9
1110 361 1120 377 0.000230 9
999 126 1007 136 0.000229 9
663 171 688 210 0.000229 9
585 125 598 160 0.000227 9
1156 154 1202 186 0.000226 9
774 535 783 568 0.000225 9
882 565 896 585 0.000224 9
1016 151 1059 186 0.000223 9
1036 107 1112 202 0.000222 9
312 88 346 191 0.000222 9
1135 342 1161 371 0.000222 9
967 162 989 185 0.000222 9
799 588 808 613 0.000221 9
665 181 684 200 0.000221 9
959 550 976 572 0.000221 9
689 118 706 168 0.000220 9
1086 144 1127 181 0.000219 9
96 181 102 201 0.000219 9
1098 162 1201 209 0.000219 9
1023 121 1041 161 0.000218 9
959 551 974 570 0.000218 9
1229 655 1240 700 0.000217 9
1111 361 1118 370 0.000215 9
415 175 424 203 0.000215 9
485 145 524 172 0.000215 9
432 170 446 195 0.000211 9
974 644 1060 703 0.000211 9
62 150 80 173 0.000210 9
1071 129 1108 178 0.000210 9
480 135 572 204 0.000209 9
447 156 492 212 0.000209 9
586 118 598 140 0.000208 9
652 148 671 174 0.000208 9
607 164 644 204 0.000207 9
1044 343 1055 360 0.000207 9
1151 366 1173 395 0.000206 9
48 184 64 206 0.000206 9
983 135 993 153 0.000205 9
1031 335 1064 393 0.000202 9
639 535 656 568 0.000202 9
570 121 581 160 0.000201 9
445 144 524 172 0.000201 9
599 533 612 568 0.000200 9
1039 651 1057 698 0.000200 9
959 336 969 348 0.000200 9
995 587 1070 703 0.000199 9
1209 158 1226 184 0.000197 9
1202 139 1224 193 0.000197 9
209 67 236 86 0.000197 9
574 275 601 338 0.000196 9
208 182 224 224 0.000195 9
910 267 929 340 0.000195 9
789 137 800 153 0.000195 9
1030 343 1041 360 0.000192 9
441 143 522 172 0.000190 9
1032 543 1040 568 0.000190 9
798 539 807 568 0.000189 9
257 129 268 160 0.000189 9
1071 169 1099 206 0.000189 9
773 534 782 566 0.000189 9
652 177 663 199 0.000189 9
540 155 582 187 0.000188 9
596 141 607 153 0.000188 9
903 633 911 651 0.000187 9
926 146 944 174 0.000186 9
599 531 613 569 0.000186 9
1093 375 1104 405 0.000185 9
256 143 268 175 0.000185 9
120 64 180 91 0.000185 9
588 132 599 162 0.000184 9
1152 165 1168 184 0.000184 9
1141 346 1156 389 0.000183 9
707 164 717 178 0.000183 9
400 184 410 202 0.000183 9
1080 343 1119 406 0.000182 9
1071 573 1086 622 0.000182 9
1139 343 1154 381 0.000182 9
739 356 752 375 0.000181 9
993 644 1058 703 0.000181 9
959 158 992 184 0.000181 9
1007 357 1024 388 0.000180 9
588 169 619 185 0.000180 9
1000 645 1058 700 0.000180 9
256 86 262 97 0.000180 9
847 135 948 152 0.000179 9
1152 148 1201 185 0.000178 9
312 96 379 197 0.000177 9
683 297 703 343 0.000177 9
212 176 236 200 0.000176 9
1100 141 1140 180 0.000176 9
882 122 897 137 0.000174 9
1237 639 1248 679 0.000174 9
63 149 80 169 0.000173 9
657 154 671 174 0.000173 9
543 142 571 161 0.000172 9
930 135 943 149 0.000171 9
16 157 26 183 0.000171 9
1029 320 1061 364 0.000171 9
1118 682 1129 703 0.000171 9
991 157 1000 177 0.000171 9
896 548 913 598 0.000171 9
1212 151 1224 162 0.000169 9
971 163 992 187 0.000169 9
1071 572 1088 624 0.000168 9
760 549 768 568 0.000167 9
781 541 792 568 0.000167 9
824 686 841 703 0.000167 9
1039 181 1051 205 0.000167 9
118 64 203 94 0.000167 9
1255 628 1264 646 0.000166 9
850 135 933 150 0.000166 9
367 162 408 186 0.000165 9
769 543 781 581 0.000165 9
173 64 245 90 0.000165 9
94 153 110 177 0.000164 9
1072 150 1081 168 0.000164 9
1041 332 1058 361 0.000164 9
208 68 225 87 0.000164 9
649 158 656 175 0.000164 9
887 136 938 160 0.000164 9
864 304 871 314 0.000163 9
1203 159 1254 184 0.000163 9
46 310 66 342 0.000163 9
551 137 581 153 0.000162 9
319 90 332 154 0.000161 9
927 136 945 167 0.000161 9
768 557 777 568 0.000161 9
981 155 993 169 0.000161 9
911 270 928 313 0.000161 9
585 154 606 186 0.000160 9
751 342 816 392 0.000160 9
310 110 395 196 0.000160 9
868 136 940 179 0.000159 9
863 654 872 679 0.000159 9
95 151 112 178 0.000159 9
1035 650 1058 699 0.000158 9
1048 125 1108 191 0.000157 9
744 150 752 157 0.000156 9
890 119 910 139 0.000156 9
248 163 256 176 0.000155 9
576 292 594 323 0.000155 9
223 168 231 176 0.000155 9
565 122 580 159 0.000154 9
706 119 721 161 0.000153 9
1073 149 1082 166 0.000152 9
1110 349 1119 362 0.000152 9
46 311 67 344 0.000152 9
453 152 501 170 0.000152 9
1014 171 1033 186 0.000151 9
1009 649 1053 702 0.000151 9
374 160 429 198 0.000151 9
62 150 80 168 0.000151 9
903 630 911 649 0.000150 9
1131 278 1137 295 0.000150 9
1101 350 1115 381 0.000150 9
1230 87 1251 161 0.000150 9
951 182 960 204 0.000149 9
1032 338 1057 387 0.000148 9
1199 133 1218 182 0.000148 9
208 67 250 87 0.000147 9
927 105 936 120 0.000147 9
575 274 602 358 0.000147 9
1014 660 1029 691 0.000147 9
979 325 991 342 0.000146 9
734 336 752 377 0.000146 9
1231 93 1252 162 0.000145 9
442 140 502 173 0.000144 9
637 183 647 199 0.000144 9
1100 351 1129 408 0.000143 9
809 144 858 172 0.000143 9
1104 139 1137 164 0.000142 9
679 150 691 184 0.000141 9
691 179 723 209 0.000141 9
1188 135 1207 188 0.000141 9
894 623 905 647 0.000140 9
870 558 880 586 0.000140 9
37 311 56 344 0.000139 9
690 117 711 191 0.000139 9
652 172 662 200 0.000139 9
1040 600 1046 623 0.000139 9
788 542 804 571 0.000139 9
726 150 734 159 0.000138 9
1109 170 1145 205 0.000138 9
594 64 625 91 0.000137 9
702 148 721 181 0.000137 9
119 64 186 92 0.000136 9
680 176 690 215 0.000136 9
1037 122 1066 173 0.000136 9
905 103 931 120 0.000136 9
64 150 80 177 0.000135 9
1034 141 1059 172 0.000135 9
488 337 496 353 0.000135 9
891 136 938 152 0.000135 9
593 64 627 105 0.000134 9
919 561 928 577 0.000133 9
876 121 893 137 0.000133 9
400 184 408 203 0.000133 9
687 153 707 182 0.000132 9
719 336 737 387 0.000132 9
739 135 755 156 0.000131 9
671 152 677 168 0.000131 9
887 559 895 576 0.000130 9
769 536 783 583 0.000130 9
1108 144 1137 164 0.000130 9
768 392 777 421 0.000129 9
912 543 921 553 0.000128 9
1237 639 1248 684 0.000128 9
567 130 601 162 0.000127 9
653 127 661 144 0.000127 9
1072 131 1102 176 0.000127 9
575 278 596 359 0.000127 9
245 130 255 144 0.000126 9
1100 120 1130 162 0.000125 9
313 148 343 184 0.000124 9
474 145 525 167 0.000124 9
862 632 897 687 0.000124 9
823 134 926 155 0.000124 9
356 151 383 188 0.000124 9
351 147 377 189 0.000123 9
576 289 594 319 0.000123 9
577 80 586 98 0.000123 9
1230 648 1250 702 0.000122 9
1009 145 1150 246 0.000122 9
828 688 840 703 0.000122 9
937 167 961 208 0.000121 9
887 539 904 586 0.000121 9
1135 344 1149 359 0.000120 9
1015 159 1055 190 0.000120 9
909 327 928 342 0.000120 9
575 283 596 358 0.000119 9
895 622 905 642 0.000119 9
351 157 364 192 0.000119 9
546 138 578 154 0.000118 9
172 64 237 90 0.000117 9
893 534 913 578 0.000117 9
751 342 788 391 0.000117 9
543 138 559 157 0.000117 9
1016 104 1128 242 0.000117 9
1154 162 1204 207 0.000116 9
464 189 480 213 0.000116 9
1230 94 1257 186 0.000116 9
880 570 893 585 0.000115 9
312 137 366 198 0.000115 9
1118 156 1172 186 0.000114 9
1017 320 1046 347 0.000114 9
701 118 720 156 0.000114 9
825 118 863 147 0.000113 9
1024 661 1050 698 0.000113 9
702 130 722 178 0.000113 9
257 143 270 175 0.000113 9
677 526 688 564 0.000112 9
686 157 711 196 0.000112 9
681 304 687 313 0.000112 9
466 137 580 210 0.000112 9
542 264 560 281 0.000111 9
262 178 274 203 0.000111 9
653 127 661 145 0.000111 9
1101 118 1130 165 0.000110 9
805 535 816 566 0.000110 9
1103 351 1113 361 0.000110 9
989 678 1044 703 0.000109 9
844 136 938 153 0.000109 9
592 64 625 99 0.000109 9
68 170 80 200 0.000108 9
1004 135 1054 182 0.000108 9
901 535 921 589 0.000108 9
717 150 730 160 0.000108 9
857 136 938 153 0.000107 9
685 299 702 341 0.000107 9
208 67 242 87 0.000107 9
292 176 309 197 0.000107 9
117 161 128 179 0.000107 9
809 683 841 703 0.000106 9
369 157 409 185 0.000106 9
703 117 721 179 0.000105 9
66 168 80 184 0.000105 9
736 540 752 571 0.000105 9
1147 374 1169 410 0.000105 9
1036 106 1108 219 0.000105 9
544 158 553 170 0.000105 9
788 112 836 161 0.000104 9
446 140 493 171 0.000104 9
46 306 67 342 0.000104 9
455 182 482 201 0.000104 9
588 160 621 185 0.000104 9
1099 145 1151 187 0.000103 9
1002 141 1064 228 0.000103 9
1014 663 1027 692 0.000103 9
625 64 638 72 0.000103 9
1162 96 1187 137 0.000103 9
594 120 606 146 0.000102 9
782 532 792 564 0.000102 9
1130 278 1139 299 0.000101 9
991 691 1041 703 0.000101 9
910 141 938 181 0.000101 9
793 368 815 392 0.000101 9
1040 169 1064 209 0.000100 9
1016 119 1042 168 0.000100 9
600 344 609 359 0.000100 9
1182 193 1198 215 0.060636 11
1181 192 1199 216 0.048619 11
1053 110 1083 146 0.021710 11
1181 177 1201 216 0.011836 11
517 191 526 202 0.009527 11
1055 112 1081 146 0.005079 11
111 205 120 222 0.004323 11
1180 163 1203 217 0.003852 11
1179 188 1199 216 0.002478 11
1179 191 1198 216 0.001625 11
1050 122 1058 135 0.000642 11
1051 110 1084 147 0.000507 11
1179 167 1226 217 0.000355 11
1050 120 1058 134 0.000333 11
1180 183 1225 218 0.000295 11
1178 192 1198 220 0.000211 11
1181 176 1214 239 0.000201 11
1199 181 1215 207 0.000168 11
111 202 121 222 0.000162 11
