630 198 657 291 0.835011 0
772 193 807 274 0.796893 0
976 194 1001 255 0.601597 0
260 198 275 245 0.545284 0
260 198 274 244 0.479259 0
976 199 1001 251 0.394204 0
975 198 1001 255 0.268859 0
214 190 225 229 0.199213 0
261 198 277 245 0.166541 0
924 202 946 253 0.149509 0
1038 201 1052 231 0.147496 0
1038 197 1052 230 0.118312 0
214 187 225 229 0.103769 0
213 190 225 237 0.066790 0
1035 189 1052 230 0.053703 0
978 196 1001 242 0.050891 0
1039 200 1053 231 0.048772 0
1037 192 1052 231 0.046914 0
935 203 945 249 0.035865 0
691 207 704 237 0.030606 0
988 198 1001 223 0.027142 0
643 684 672 703 0.024663 0
1011 206 1024 226 0.023767 0
1011 205 1024 225 0.022726 0
690 207 704 238 0.022296 0
643 686 672 703 0.021938 0
977 193 1001 223 0.020049 0
670 208 679 230 0.020010 0
1034 190 1054 230 0.019570 0
955 361 984 479 0.019236 0
213 192 226 239 0.018911 0
1273 202 1279 266 0.017655 0
1272 200 1279 264 0.017113 0
864 439 874 454 0.016542 0
985 193 1002 224 0.016530 0
224 183 232 199 0.015852 0
955 368 981 454 0.015322 0
471 199 479 216 0.015023 0
258 197 276 246 0.014363 0
470 201 478 216 0.014267 0
1030 193 1050 229 0.013626 0
975 218 994 253 0.013390 0
224 183 232 198 0.013179 0
955 368 982 428 0.013163 0
965 372 979 390 0.012775 0
464 200 478 269 0.012466 0
241 194 254 238 0.012023 0
214 183 230 231 0.012004 0
955 367 981 431 0.011921 0
387 199 397 206 0.011787 0
1272 199 1279 259 0.011639 0
214 186 229 231 0.011209 0
241 195 251 230 0.010937 0
465 200 477 251 0.010791 0
953 358 985 465 0.010730 0
1034 196 1044 217 0.010673 0
954 362 986 455 0.010565 0
241 195 256 239 0.010416 0
955 365 986 426 0.009668 0
953 365 986 449 0.009422 0
465 198 474 216 0.009254 0
1113 194 1120 202 0.009019 0
262 197 275 245 0.009017 0
1072 485 1080 498 0.008915 0
319 203 331 231 0.008751 0
241 196 253 238 0.008743 0
1269 200 1279 266 0.008701 0
965 372 979 391 0.008679 0
214 188 229 233 0.008497 0
1034 191 1046 221 0.008410 0
465 199 479 267 0.008394 0
511 197 518 209 0.008350 0
241 196 253 234 0.008251 0
367 207 375 222 0.008231 0
954 372 978 461 0.008111 0
464 199 479 270 0.008096 0
954 370 979 474 0.008040 0
965 368 983 392 0.007882 0
215 184 227 206 0.007818 0
464 197 480 276 0.007776 0
864 441 874 455 0.007610 0
773 196 805 267 0.007354 0
1010 207 1024 230 0.007123 0
632 200 641 214 0.007043 0
247 195 255 214 0.007027 0
367 207 375 230 0.006995 0
1272 198 1279 250 0.006872 0
952 359 989 453 0.006833 0
386 199 396 206 0.006801 0
199 208 209 227 0.006731 0
965 368 980 391 0.006686 0
510 196 517 217 0.006562 0
199 210 208 226 0.006465 0
995 382 1022 423 0.006457 0
642 677 672 703 0.006450 0
465 201 474 217 0.006308 0
863 436 879 457 0.006108 0
690 211 703 238 0.006104 0
993 382 1023 424 0.006082 0
1150 310 1169 343 0.006011 0
859 431 884 479 0.005997 0
631 201 640 222 0.005944 0
1136 446 1143 458 0.005924 0
1038 200 1053 234 0.005770 0
964 211 995 262 0.005722 0
519 192 527 210 0.005573 0
738 201 744 214 0.005560 0
1273 216 1279 269 0.005536 0
863 435 880 477 0.005530 0
240 198 253 239 0.005499 0
1111 233 1119 247 0.005461 0
643 203 657 237 0.005180 0
999 384 1012 399 0.004970 0
853 429 887 479 0.004923 0
0 64 65 218 0.004888 0
847 196 861 241 0.004883 0
708 211 728 234 0.004879 0
911 455 928 485 0.004836 0
848 195 857 220 0.004816 0
1119 312 1133 340 0.004727 0
198 209 209 231 0.004717 0
511 191 522 208 0.004698 0
849 199 857 233 0.004660 0
991 455 999 464 0.004537 0
1006 385 1024 423 0.004450 0
244 195 256 232 0.004378 0
966 369 982 392 0.004346 0
509 190 531 238 0.004321 0
1135 446 1142 463 0.004276 0
465 195 480 248 0.004264 0
925 202 950 253 0.004216 0
1127 446 1136 468 0.004214 0
1270 198 1279 247 0.004211 0
861 433 872 444 0.004141 0
896 473 904 483 0.004127 0
848 188 867 240 0.004118 0
878 432 888 455 0.004110 0
969 456 976 463 0.004073 0
850 462 865 478 0.004067 0
953 367 996 451 0.004064 0
467 199 479 248 0.004052 0
1119 312 1128 329 0.004044 0
1155 310 1168 342 0.004026 0
457 204 465 216 0.004024 0
645 199 656 220 0.004022 0
878 434 888 456 0.003997 0
346 186 353 199 0.003969 0
953 363 989 433 0.003958 0
863 434 879 477 0.003954 0
375 186 385 201 0.003932 0
1003 384 1024 423 0.003867 0
887 471 895 485 0.003848 0
1191 496 1200 504 0.003840 0
983 446 993 455 0.003829 0
952 355 990 471 0.003812 0
679 450 688 464 0.003755 0
750 462 763 472 0.003748 0
789 330 809 344 0.003721 0
1127 446 1135 465 0.003670 0
241 195 259 239 0.003656 0
855 429 887 458 0.003650 0
958 384 976 471 0.003648 0
1147 312 1169 343 0.003643 0
374 185 387 213 0.003575 0
317 198 334 231 0.003507 0
1119 312 1131 338 0.003452 0
979 365 987 391 0.003436 0
210 191 225 230 0.003433 0
1111 231 1120 247 0.003416 0
214 188 231 240 0.003405 0
782 198 792 219 0.003383 0
707 212 728 234 0.003330 0
351 189 357 199 0.003322 0
1149 321 1169 343 0.003232 0
780 192 793 210 0.003223 0
999 383 1017 400 0.003173 0
365 207 376 232 0.003150 0
247 194 256 215 0.003139 0
223 183 233 204 0.003113 0
1149 327 1170 344 0.003108 0
976 367 986 391 0.003089 0
912 455 927 487 0.003073 0
967 201 996 258 0.003073 0
934 201 949 215 0.003025 0
1104 312 1112 326 0.003023 0
926 447 935 456 0.002978 0
790 192 803 211 0.002977 0
959 440 969 473 0.002975 0
750 458 768 472 0.002946 0
848 197 868 241 0.002884 0
1072 488 1081 503 0.002863 0
197 209 209 228 0.002862 0
1216 194 1224 212 0.002821 0
550 201 561 216 0.002801 0
812 327 848 344 0.002790 0
210 193 224 230 0.002778 0
345 184 353 199 0.002770 0
936 346 987 459 0.002756 0
1009 431 1014 440 0.002756 0
552 200 563 216 0.002710 0
959 447 969 471 0.002694 0
1267 195 1279 265 0.002693 0
861 432 889 478 0.002691 0
1 64 256 215 0.002689 0
644 682 672 703 0.002662 0
916 473 928 484 0.002631 0
847 462 863 477 0.002606 0
846 200 863 242 0.002592 0
864 441 879 456 0.002560 0
1012 382 1024 400 0.002542 0
1212 194 1232 233 0.002503 0
865 218 873 234 0.002499 0
1015 389 1022 401 0.002495 0
890 200 905 240 0.002473 0
1008 472 1016 487 0.002464 0
1262 198 1274 215 0.002462 0
865 211 873 236 0.002447 0
1178 344 1191 359 0.002436 0
1015 457 1024 465 0.002403 0
1119 312 1135 343 0.002398 0
680 449 688 463 0.002394 0
497 183 540 252 0.002384 0
878 434 889 458 0.002378 0
990 382 1018 424 0.002375 0
1213 194 1225 217 0.002370 0
367 203 383 220 0.002363 0
1113 194 1121 206 0.002355 0
259 198 274 245 0.002352 0
787 327 849 344 0.002350 0
860 217 874 242 0.002335 0
1088 191 1095 209 0.002324 0
7 64 347 216 0.002302 0
1192 214 1201 226 0.002292 0
669 207 682 232 0.002275 0
938 350 986 470 0.002257 0
1000 385 1017 400 0.002225 0
0 64 231 210 0.002213 0
1242 456 1258 473 0.002209 0
509 189 533 250 0.002203 0
959 370 980 403 0.002195 0
259 198 273 242 0.002182 0
921 214 932 240 0.002176 0
960 440 968 454 0.002175 0
689 206 703 237 0.002164 0
848 183 858 218 0.002145 0
999 200 1008 219 0.002140 0
1072 436 1088 455 0.002138 0
749 454 767 472 0.002126 0
633 206 657 239 0.002087 0
373 181 386 202 0.002082 0
961 370 980 406 0.002071 0
513 192 528 219 0.002071 0
921 205 945 252 0.002059 0
789 328 845 344 0.002013 0
223 182 233 198 0.002000 0
512 188 529 245 0.001993 0
1023 456 1032 464 0.001990 0
771 192 818 275 0.001985 0
773 196 793 230 0.001983 0
388 188 401 206 0.001975 0
991 379 1016 424 0.001967 0
729 203 736 217 0.001962 0
983 449 991 464 0.001952 0
379 184 393 203 0.001921 0
630 200 654 282 0.001920 0
1045 485 1056 496 0.001911 0
959 360 981 398 0.001893 0
1007 472 1016 489 0.001878 0
1075 429 1088 455 0.001877 0
1119 312 1135 341 0.001871 0
1000 455 1008 464 0.001853 0
618 178 633 200 0.001846 0
884 199 907 243 0.001816 0
967 455 976 478 0.001813 0
665 207 678 231 0.001808 0
1 64 188 218 0.001803 0
1146 322 1169 344 0.001800 0
1000 385 1011 399 0.001798 0
856 432 884 479 0.001794 0
457 202 466 216 0.001793 0
879 199 906 244 0.001771 0
921 217 931 239 0.001755 0
957 370 976 407 0.001746 0
812 210 825 238 0.001741 0
207 193 224 229 0.001724 0
195 196 210 227 0.001723 0
0 64 72 214 0.001720 0
1231 454 1262 511 0.001707 0
916 474 928 487 0.001694 0
870 451 880 477 0.001682 0
377 185 393 205 0.001677 0
897 445 904 456 0.001668 0
920 206 940 244 0.001664 0
1207 503 1219 512 0.001654 0
648 409 656 424 0.001654 0
1259 200 1279 267 0.001648 0
671 453 685 488 0.001639 0
1231 191 1257 231 0.001603 0
642 670 674 704 0.001598 0
1032 453 1040 464 0.001585 0
959 452 969 471 0.001580 0
479 201 485 216 0.001580 0
804 184 814 203 0.001570 0
1244 458 1258 474 0.001566 0
205 190 225 240 0.001564 0
1246 463 1261 493 0.001559 0
1016 473 1024 488 0.001558 0
210 183 225 229 0.001554 0
1040 454 1048 464 0.001533 0
845 422 889 479 0.001531 0
803 184 815 206 0.001529 0
387 198 398 206 0.001525 0
606 170 615 183 0.001519 0
648 408 656 423 0.001515 0
920 447 930 457 0.001512 0
991 447 1000 464 0.001508 0
654 201 661 222 0.001508 0
718 197 730 215 0.001498 0
978 364 990 392 0.001495 0
260 197 276 254 0.001487 0
514 189 533 248 0.001481 0
583 447 592 458 0.001467 0
1178 344 1193 359 0.001467 0
1073 429 1082 447 0.001446 0
2 64 332 225 0.001430 0
958 368 984 410 0.001421 0
960 372 979 392 0.001415 0
1103 312 1115 327 0.001398 0
632 204 656 291 0.001388 0
1240 456 1257 478 0.001386 0
943 370 978 457 0.001380 0
1231 459 1247 507 0.001379 0
332 185 342 199 0.001369 0
976 193 1000 221 0.001363 0
976 359 991 393 0.001355 0
908 335 923 346 0.001354 0
1179 344 1195 357 0.001352 0
633 198 656 217 0.001349 0
610 445 624 465 0.001332 0
1150 327 1169 360 0.001331 0
888 471 896 486 0.001326 0
979 371 990 392 0.001321 0
824 461 832 471 0.001317 0
849 216 870 242 0.001314 0
479 197 487 216 0.001305 0
775 192 794 225 0.001303 0
605 163 616 182 0.001301 0
654 199 661 217 0.001280 0
801 440 808 449 0.001276 0
0 64 31 211 0.001271 0
855 421 887 456 0.001269 0
1126 445 1136 474 0.001267 0
4 64 310 211 0.001263 0
928 202 960 254 0.001253 0
958 439 976 480 0.001252 0
865 450 881 478 0.001244 0
584 431 591 439 0.001240 0
0 65 55 241 0.001236 0
849 214 869 240 0.001233 0
366 203 384 231 0.001231 0
672 449 690 483 0.001227 0
926 439 935 456 0.001224 0
510 192 524 233 0.001218 0
1128 499 1137 508 0.001200 0
1038 185 1050 225 0.001196 0
855 420 889 455 0.001196 0
1218 203 1232 233 0.001176 0
1072 483 1080 498 0.001173 0
394 197 408 206 0.001172 0
334 184 344 199 0.001170 0
1098 329 1104 343 0.001170 0
349 185 358 199 0.001168 0
1203 496 1215 504 0.001160 0
907 335 925 381 0.001159 0
1078 192 1089 201 0.001159 0
1121 325 1136 343 0.001148 0
1151 440 1159 453 0.001148 0
1132 444 1148 473 0.001147 0
926 345 987 451 0.001144 0
557 201 567 215 0.001143 0
1223 503 1233 511 0.001142 0
686 450 700 467 0.001138 0
958 432 976 477 0.001134 0
686 449 696 462 0.001129 0
327 64 505 210 0.001128 0
240 193 253 222 0.001126 0
814 211 824 239 0.001124 0
711 200 736 234 0.001123 0
1001 432 1008 440 0.001123 0
848 442 872 478 0.001119 0
1211 224 1240 255 0.001116 0
315 64 427 214 0.001114 0
1122 325 1135 339 0.001105 0
735 441 769 472 0.001105 0
380 184 402 206 0.001102 0
1014 468 1024 488 0.001098 0
1103 488 1138 507 0.001096 0
719 321 740 362 0.001096 0
1148 313 1169 344 0.001094 0
1239 452 1252 471 0.001094 0
1179 344 1195 359 0.001093 0
1012 423 1024 440 0.001091 0
1100 311 1120 344 0.001087 0
1159 327 1173 339 0.001080 0
39 64 352 207 0.001073 0
1043 484 1055 496 0.001071 0
854 431 875 446 0.001061 0
790 193 804 222 0.001058 0
960 357 991 393 0.001045 0
740 440 781 472 0.001044 0
931 201 961 254 0.001044 0
315 190 336 231 0.001037 0
1047 482 1055 489 0.001032 0
990 391 1006 423 0.001020 0
1119 312 1135 338 0.001019 0
1144 325 1167 343 0.001018 0
991 401 1001 424 0.001015 0
848 178 869 241 0.001014 0
608 450 624 467 0.001010 0
193 190 209 228 0.001008 0
801 191 809 209 0.001008 0
1130 440 1146 468 0.001008 0
1076 333 1088 343 0.001006 0
0 64 35 212 0.001002 0
395 185 407 205 0.001001 0
605 159 625 182 0.000997 0
1071 439 1088 456 0.000995 0
194 188 208 227 0.000989 0
824 328 848 362 0.000982 0
1222 225 1232 234 0.000981 0
948 351 961 393 0.000976 0
454 201 477 262 0.000961 0
1236 478 1249 490 0.000960 0
1013 425 1025 440 0.000958 0
910 335 926 349 0.000955 0
332 201 354 255 0.000949 0
735 440 759 471 0.000946 0
339 64 433 211 0.000940 0
1023 445 1033 456 0.000939 0
859 451 877 478 0.000935 0
904 335 923 347 0.000935 0
671 451 699 488 0.000929 0
926 439 944 463 0.000929 0
930 437 944 454 0.000928 0
1151 451 1161 468 0.000925 0
1120 393 1128 411 0.000919 0
193 189 204 217 0.000917 0
1210 182 1233 231 0.000913 0
671 455 685 485 0.000909 0
930 202 953 249 0.000906 0
802 184 814 209 0.000906 0
257 198 274 245 0.000905 0
965 454 976 483 0.000904 0
312 64 498 203 0.000901 0
1008 417 1023 442 0.000899 0
950 348 961 392 0.000896 0
341 64 473 213 0.000896 0
894 438 904 456 0.000894 0
261 197 285 246 0.000890 0
355 212 371 275 0.000885 0
0 65 377 400 0.000882 0
1148 324 1169 347 0.000879 0
453 203 467 225 0.000876 0
856 216 872 275 0.000875 0
1062 461 1071 470 0.000875 0
575 447 586 457 0.000874 0
1261 198 1275 224 0.000872 0
1233 187 1279 351 0.000871 0
942 355 981 427 0.000870 0
1219 201 1231 231 0.000869 0
1035 205 1064 245 0.000864 0
1151 441 1161 461 0.000864 0
468 192 480 216 0.000856 0
1071 192 1085 205 0.000850 0
993 206 1009 249 0.000850 0
578 429 592 460 0.000850 0
1217 449 1233 506 0.000840 0
1023 443 1037 465 0.000840 0
340 64 442 221 0.000838 0
1223 447 1233 475 0.000835 0
630 423 639 439 0.000834 0
848 182 858 216 0.000825 0
1055 486 1072 499 0.000811 0
1021 442 1039 464 0.000809 0
909 452 928 485 0.000808 0
1072 502 1080 511 0.000807 0
1098 399 1103 408 0.000807 0
264 205 283 247 0.000806 0
1147 327 1173 345 0.000803 0
331 64 496 300 0.000798 0
722 417 737 458 0.000797 0
946 350 963 402 0.000792 0
261 205 282 267 0.000792 0
959 450 976 483 0.000790 0
906 335 925 361 0.000784 0
703 407 723 470 0.000783 0
947 367 1023 424 0.000782 0
881 436 896 456 0.000782 0
1097 329 1105 344 0.000779 0
193 187 202 215 0.000779 0
1221 191 1266 265 0.000779 0
794 195 807 228 0.000778 0
0 64 48 213 0.000776 0
911 475 928 487 0.000776 0
1208 168 1228 217 0.000775 0
803 440 816 453 0.000765 0
1213 229 1241 263 0.000765 0
1080 457 1096 472 0.000764 0
941 337 980 403 0.000761 0
1045 410 1057 425 0.000747 0
992 382 1024 444 0.000746 0
853 424 899 483 0.000744 0
1042 409 1057 450 0.000744 0
768 174 775 184 0.000743 0
1073 424 1084 446 0.000743 0
1103 487 1135 506 0.000742 0
1015 444 1025 456 0.000742 0
1102 392 1127 408 0.000741 0
607 447 624 466 0.000741 0
948 358 1014 484 0.000736 0
365 185 376 200 0.000731 0
1254 484 1264 509 0.000728 0
783 328 809 344 0.000728 0
583 452 591 462 0.000727 0
1121 438 1154 470 0.000727 0
943 365 978 429 0.000726 0
533 203 550 221 0.000725 0
1229 182 1248 230 0.000724 0
380 197 399 218 0.000722 0
785 325 849 344 0.000722 0
820 328 849 363 0.000719 0
1234 197 1279 399 0.000718 0
1190 488 1200 504 0.000718 0
1256 199 1279 264 0.000715 0
497 182 544 253 0.000714 0
370 198 395 219 0.000713 0
311 64 491 292 0.000711 0
1222 451 1232 489 0.000709 0
1231 465 1249 506 0.000708 0
718 316 741 362 0.000706 0
0 64 53 212 0.000704 0
1152 448 1167 471 0.000704 0
630 423 640 454 0.000700 0
1216 225 1229 233 0.000696 0
849 199 878 240 0.000692 0
869 324 883 343 0.000691 0
1151 451 1162 472 0.000691 0
355 207 369 273 0.000691 0
735 446 756 471 0.000689 0
969 204 992 247 0.000687 0
1139 443 1152 460 0.000685 0
878 200 909 246 0.000685 0
1246 210 1279 264 0.000684 0
852 421 887 454 0.000683 0
1080 405 1088 413 0.000682 0
1040 410 1057 460 0.000682 0
831 416 848 454 0.000682 0
720 318 742 344 0.000680 0
855 215 872 274 0.000680 0
1215 227 1240 258 0.000675 0
322 64 557 205 0.000673 0
1194 212 1212 229 0.000673 0
1007 456 1016 466 0.000671 0
319 64 481 361 0.000669 0
844 413 890 477 0.000667 0
720 418 737 461 0.000664 0
784 324 847 343 0.000662 0
183 192 190 205 0.000662 0
353 188 367 199 0.000659 0
724 324 737 351 0.000659 0
1217 453 1224 470 0.000658 0
1106 392 1127 410 0.000652 0
317 64 368 177 0.000652 0
1039 322 1054 335 0.000650 0
340 64 497 212 0.000640 0
207 397 223 416 0.000640 0
209 179 231 231 0.000640 0
931 454 943 464 0.000638 0
1260 205 1279 267 0.000634 0
0 64 79 220 0.000633 0
1231 458 1241 471 0.000630 0
831 418 846 454 0.000629 0
1119 462 1128 475 0.000628 0
1079 456 1096 472 0.000624 0
0 64 28 215 0.000624 0
255 64 348 195 0.000623 0
1245 459 1266 478 0.000623 0
311 64 368 198 0.000623 0
307 64 462 203 0.000623 0
725 320 744 338 0.000622 0
735 441 753 465 0.000621 0
1089 192 1102 210 0.000621 0
802 440 816 460 0.000621 0
1232 458 1240 468 0.000621 0
315 64 434 224 0.000619 0
448 201 462 217 0.000618 0
645 670 672 704 0.000618 0
193 194 209 229 0.000615 0
322 203 340 252 0.000613 0
517 195 540 248 0.000609 0
886 200 912 243 0.000607 0
666 439 704 487 0.000607 0
726 417 736 450 0.000602 0
951 343 961 364 0.000601 0
414 176 422 204 0.000599 0
1202 193 1226 229 0.000598 0
988 372 1013 413 0.000593 0
1225 195 1278 265 0.000592 0
859 431 895 481 0.000588 0
461 192 480 217 0.000586 0
1119 442 1129 470 0.000585 0
1136 444 1152 471 0.000583 0
607 444 624 468 0.000583 0
991 192 1008 220 0.000582 0
156 207 167 227 0.000575 0
342 66 503 220 0.000573 0
848 230 856 242 0.000572 0
312 65 421 206 0.000572 0
907 336 928 386 0.000569 0
783 266 847 346 0.000569 0
453 200 478 269 0.000564 0
946 335 977 391 0.000562 0
1146 310 1174 344 0.000562 0
1142 320 1167 341 0.000561 0
935 428 944 441 0.000561 0
1192 198 1210 223 0.000561 0
213 184 236 233 0.000558 0
1152 442 1167 464 0.000558 0
865 334 883 343 0.000557 0
1247 484 1263 512 0.000556 0
948 373 1024 425 0.000556 0
718 321 738 371 0.000554 0
307 185 332 231 0.000554 0
847 436 877 478 0.000553 0
268 216 290 295 0.000553 0
429 222 439 230 0.000552 0
1182 344 1194 387 0.000551 0
998 360 1025 407 0.000551 0
1071 456 1095 472 0.000550 0
1071 340 1080 360 0.000549 0
718 316 744 336 0.000549 0
610 159 625 169 0.000547 0
1119 443 1130 473 0.000546 0
326 188 339 199 0.000540 0
306 64 471 361 0.000538 0
808 429 888 479 0.000537 0
124 208 137 236 0.000536 0
0 148 7 204 0.000535 0
671 451 703 488 0.000534 0
511 472 520 482 0.000534 0
1006 430 1016 456 0.000534 0
997 199 1031 226 0.000531 0
305 64 485 238 0.000530 0
719 317 742 340 0.000530 0
780 326 849 344 0.000529 0
940 349 955 391 0.000529 0
996 367 1010 399 0.000528 0
681 197 690 216 0.000527 0
1044 409 1056 424 0.000526 0
796 271 850 346 0.000523 0
0 144 8 204 0.000523 0
335 64 493 366 0.000522 0
911 336 926 352 0.000522 0
1038 198 1072 233 0.000518 0
1247 466 1266 496 0.000518 0
831 418 847 452 0.000517 0
919 340 993 393 0.000516 0
907 336 925 386 0.000515 0
183 196 190 206 0.000512 0
1080 401 1088 411 0.000509 0
782 318 838 344 0.000506 0
682 205 689 216 0.000506 0
408 179 418 205 0.000504 0
1045 279 1057 296 0.000503 0
949 456 958 465 0.000502 0
223 200 249 250 0.000502 0
997 444 1008 465 0.000501 0
266 214 292 295 0.000500 0
999 373 1023 400 0.000499 0
793 177 864 281 0.000498 0
1222 207 1279 325 0.000498 0
1 64 353 352 0.000495 0
209 199 230 258 0.000490 0
1142 393 1152 408 0.000490 0
1071 333 1088 344 0.000488 0
703 438 721 470 0.000488 0
1252 213 1269 231 0.000487 0
883 442 896 456 0.000486 0
1208 168 1233 234 0.000485 0
665 188 672 215 0.000484 0
1100 311 1134 343 0.000484 0
1057 456 1072 470 0.000484 0
939 346 953 390 0.000483 0
196 195 227 257 0.000481 0
398 184 408 204 0.000481 0
616 659 676 704 0.000479 0
856 223 871 276 0.000479 0
1039 448 1048 463 0.000478 0
1251 216 1265 231 0.000476 0
1095 440 1107 456 0.000476 0
1263 75 1279 172 0.000473 0
305 64 368 199 0.000471 0
573 425 585 433 0.000471 0
1074 421 1088 455 0.000470 0
439 208 447 218 0.000468 0
357 245 368 273 0.000466 0
1038 410 1049 428 0.000465 0
831 419 848 453 0.000464 0
1082 216 1121 268 0.000463 0
787 325 816 392 0.000463 0
613 423 624 434 0.000463 0
867 205 891 237 0.000463 0
742 280 756 301 0.000463 0
255 64 337 200 0.000462 0
674 453 704 489 0.000460 0
111 203 123 239 0.000459 0
191 184 211 227 0.000457 0
1007 440 1017 458 0.000457 0
819 326 848 368 0.000456 0
1223 446 1232 457 0.000455 0
1122 322 1137 361 0.000454 0
1071 463 1080 471 0.000454 0
1060 195 1079 231 0.000453 0
934 338 989 393 0.000452 0
327 64 631 382 0.000452 0
719 319 744 350 0.000448 0
1177 343 1197 358 0.000448 0
1207 512 1216 534 0.000447 0
703 436 721 470 0.000446 0
872 436 898 482 0.000444 0
874 334 885 344 0.000442 0
221 182 329 383 0.000440 0
369 167 391 210 0.000439 0
1111 501 1120 509 0.000438 0
1 64 344 308 0.000438 0
1075 333 1090 359 0.000436 0
264 209 290 295 0.000435 0
976 366 1002 424 0.000435 0
255 64 353 202 0.000433 0
633 216 656 290 0.000431 0
91 64 356 201 0.000431 0
1014 457 1024 471 0.000430 0
1 65 336 403 0.000429 0
875 199 914 247 0.000428 0
895 419 904 438 0.000427 0
3 68 366 381 0.000427 0
866 208 883 240 0.000426 0
607 359 624 391 0.000422 0
255 64 337 181 0.000421 0
511 194 548 248 0.000421 0
1140 390 1153 408 0.000420 0
42 64 382 326 0.000420 0
357 253 367 272 0.000418 0
945 352 971 410 0.000418 0
918 340 990 446 0.000417 0
1039 419 1048 436 0.000416 0
318 64 409 194 0.000414 0
926 345 1023 426 0.000413 0
215 192 242 248 0.000412 0
1053 456 1065 468 0.000410 0
345 64 433 191 0.000408 0
360 76 499 225 0.000408 0
718 322 738 363 0.000407 0
608 430 624 465 0.000405 0
910 438 935 457 0.000404 0
1092 323 1120 344 0.000403 0
298 64 494 201 0.000402 0
778 439 801 453 0.000401 0
725 415 736 442 0.000401 0
0 64 152 234 0.000401 0
1165 471 1181 479 0.000399 0
809 380 814 392 0.000399 0
172 68 433 254 0.000398 0
803 184 859 242 0.000396 0
1047 455 1056 467 0.000395 0
1259 201 1274 229 0.000394 0
856 228 871 280 0.000392 0
1139 486 1152 501 0.000392 0
854 321 864 337 0.000391 0
1215 470 1238 507 0.000390 0
1231 470 1260 508 0.000388 0
854 397 863 410 0.000387 0
982 440 993 456 0.000386 0
959 338 968 353 0.000383 0
255 64 325 165 0.000382 0
320 64 428 192 0.000382 0
153 64 263 235 0.000381 0
52 64 352 240 0.000381 0
877 318 888 343 0.000379 0
1247 422 1253 436 0.000378 0
629 426 640 457 0.000378 0
845 421 888 454 0.000378 0
718 418 737 470 0.000377 0
831 417 847 476 0.000377 0
1120 404 1128 421 0.000375 0
1102 393 1125 408 0.000375 0
848 180 867 231 0.000374 0
941 354 958 395 0.000373 0
808 277 851 345 0.000373 0
1095 440 1104 457 0.000371 0
261 218 289 269 0.000371 0
889 155 908 175 0.000371 0
778 270 840 346 0.000370 0
1102 312 1133 342 0.000369 0
612 358 624 379 0.000368 0
1125 345 1136 359 0.000367 0
376 77 498 214 0.000366 0
800 441 816 471 0.000365 0
1156 470 1170 479 0.000365 0
1228 175 1279 314 0.000363 0
1104 312 1130 333 0.000363 0
375 408 384 424 0.000363 0
712 419 737 463 0.000363 0
1069 192 1113 238 0.000363 0
717 422 736 457 0.000361 0
1070 486 1088 502 0.000360 0
662 292 682 350 0.000359 0
990 392 1016 438 0.000358 0
876 370 993 487 0.000357 0
856 222 873 279 0.000355 0
1213 443 1228 457 0.000355 0
750 457 771 479 0.000354 0
435 192 445 203 0.000353 0
1247 479 1263 511 0.000353 0
527 179 556 217 0.000352 0
718 325 737 376 0.000351 0
1218 246 1279 342 0.000351 0
1215 455 1224 475 0.000349 0
223 374 240 409 0.000348 0
742 281 759 302 0.000348 0
1168 455 1185 472 0.000348 0
0 70 69 226 0.000348 0
591 423 609 451 0.000346 0
803 185 817 226 0.000345 0
158 64 258 211 0.000345 0
1119 440 1132 469 0.000344 0
1088 186 1104 203 0.000343 0
688 446 703 466 0.000343 0
1112 460 1121 473 0.000343 0
1055 463 1068 471 0.000342 0
256 64 360 180 0.000342 0
984 482 991 487 0.000342 0
228 188 338 384 0.000341 0
848 440 870 478 0.000340 0
0 73 18 214 0.000339 0
895 425 904 447 0.000339 0
1159 302 1168 331 0.000339 0
781 317 849 344 0.000338 0
934 334 989 389 0.000338 0
1102 439 1120 456 0.000335 0
329 183 353 229 0.000335 0
1061 195 1080 219 0.000334 0
1056 64 1139 217 0.000332 0
1153 451 1168 474 0.000330 0
1234 236 1279 439 0.000330 0
309 149 343 239 0.000329 0
957 421 973 458 0.000329 0
879 431 897 457 0.000328 0
157 210 167 230 0.000326 0
629 683 674 703 0.000325 0
606 420 626 464 0.000325 0
793 183 861 280 0.000323 0
856 223 869 277 0.000321 0
934 417 944 440 0.000320 0
641 668 704 703 0.000320 0
1039 322 1056 345 0.000319 0
261 212 290 294 0.000318 0
1190 471 1200 480 0.000318 0
750 461 765 478 0.000317 0
784 315 848 344 0.000316 0
0 139 38 242 0.000316 0
1026 453 1040 471 0.000315 0
1040 482 1055 493 0.000314 0
632 241 654 285 0.000313 0
272 244 290 295 0.000311 0
317 64 522 362 0.000311 0
1183 357 1192 385 0.000311 0
1133 443 1156 474 0.000310 0
1029 375 1041 408 0.000310 0
853 318 864 337 0.000310 0
1039 422 1050 442 0.000310 0
1037 64 1116 194 0.000309 0
110 202 121 231 0.000309 0
974 367 992 416 0.000309 0
415 251 420 270 0.000308 0
567 429 593 459 0.000306 0
1135 391 1148 408 0.000306 0
1207 303 1217 311 0.000305 0
1220 406 1233 424 0.000305 0
105 247 126 296 0.000305 0
1263 69 1279 185 0.000304 0
0 64 77 208 0.000304 0
755 414 768 426 0.000303 0
1025 481 1041 495 0.000303 0
1135 388 1152 408 0.000303 0
148 64 396 202 0.000302 0
784 317 813 343 0.000302 0
1171 213 1190 245 0.000302 0
255 65 341 218 0.000301 0
898 414 912 424 0.000301 0
271 180 328 299 0.000301 0
752 415 769 437 0.000301 0
949 335 978 394 0.000299 0
323 64 658 360 0.000299 0
65 64 130 193 0.000298 0
1178 496 1184 504 0.000298 0
209 182 224 213 0.000297 0
225 202 243 240 0.000296 0
267 203 288 262 0.000296 0
929 346 954 391 0.000295 0
614 358 624 376 0.000294 0
355 75 499 248 0.000294 0
1038 410 1061 467 0.000294 0
0 139 14 219 0.000292 0
359 206 381 268 0.000291 0
823 415 889 477 0.000290 0
427 65 498 236 0.000289 0
1027 376 1041 408 0.000289 0
992 352 1008 387 0.000289 0
932 390 944 408 0.000288 0
713 203 736 234 0.000287 0
1212 194 1253 256 0.000286 0
392 67 500 226 0.000285 0
719 433 736 471 0.000285 0
880 316 897 343 0.000285 0
282 176 322 240 0.000284 0
911 440 929 455 0.000284 0
895 415 907 425 0.000284 0
781 326 849 364 0.000283 0
970 373 1007 424 0.000282 0
1027 183 1056 225 0.000282 0
769 270 838 350 0.000282 0
1229 177 1261 232 0.000282 0
903 335 925 379 0.000281 0
435 182 463 208 0.000281 0
103 249 133 264 0.000281 0
93 64 526 311 0.000280 0
1036 490 1073 506 0.000280 0
1015 320 1025 347 0.000279 0
656 423 674 438 0.000278 0
1136 440 1155 468 0.000278 0
854 429 936 484 0.000278 0
1207 514 1216 535 0.000278 0
156 70 214 214 0.000277 0
1247 343 1264 375 0.000277 0
425 64 498 130 0.000275 0
296 66 462 358 0.000274 0
813 317 849 343 0.000274 0
349 68 514 233 0.000273 0
1263 64 1279 168 0.000273 0
1072 398 1079 408 0.000273 0
926 201 965 253 0.000271 0
928 390 942 408 0.000271 0
816 471 825 478 0.000271 0
895 270 913 311 0.000270 0
642 679 695 703 0.000269 0
1231 431 1279 489 0.000269 0
1158 497 1172 509 0.000268 0
661 414 670 425 0.000268 0
671 443 703 490 0.000267 0
1232 170 1279 430 0.000267 0
1031 376 1039 390 0.000267 0
824 422 832 433 0.000265 0
333 199 355 235 0.000265 0
147 64 257 208 0.000264 0
1167 456 1185 474 0.000264 0
1012 172 1034 226 0.000264 0
1062 400 1088 448 0.000264 0
1104 326 1122 343 0.000263 0
365 203 385 234 0.000263 0
1176 344 1197 359 0.000263 0
902 335 925 364 0.000263 0
978 357 1010 398 0.000263 0
1248 414 1253 427 0.000262 0
774 421 819 463 0.000261 0
520 198 545 249 0.000261 0
1167 455 1183 472 0.000259 0
907 327 928 345 0.000259 0
918 424 927 436 0.000258 0
1262 69 1279 281 0.000258 0
788 326 848 379 0.000258 0
591 423 609 461 0.000257 0
205 389 223 413 0.000257 0
766 258 834 345 0.000256 0
1233 250 1279 353 0.000256 0
1232 476 1252 510 0.000256 0
479 181 495 215 0.000255 0
589 388 608 427 0.000255 0
66 64 128 166 0.000255 0
9 74 213 207 0.000255 0
0 137 39 298 0.000254 0
1215 493 1233 509 0.000253 0
1102 233 1120 253 0.000253 0
480 177 545 252 0.000253 0
990 438 1023 471 0.000252 0
141 64 514 373 0.000251 0
1054 400 1083 461 0.000251 0
925 424 942 457 0.000250 0
913 425 927 442 0.000249 0
519 392 527 409 0.000247 0
657 206 688 239 0.000247 0
1062 64 1137 197 0.000246 0
655 424 666 435 0.000246 0
895 414 915 442 0.000246 0
196 397 224 427 0.000245 0
685 197 693 215 0.000245 0
623 424 637 437 0.000245 0
1233 409 1241 425 0.000245 0
1216 408 1223 424 0.000244 0
879 316 893 342 0.000242 0
111 201 121 223 0.000242 0
110 202 138 239 0.000241 0
786 418 827 462 0.000241 0
0 65 93 217 0.000241 0
756 404 768 426 0.000241 0
895 418 924 460 0.000240 0
664 313 679 350 0.000240 0
704 447 720 470 0.000240 0
1084 347 1096 360 0.000240 0
581 424 592 440 0.000240 0
830 415 848 453 0.000240 0
256 64 341 168 0.000239 0
0 65 49 323 0.000238 0
1030 425 1039 440 0.000238 0
863 335 882 344 0.000238 0
1007 474 1016 494 0.000238 0
338 65 459 223 0.000237 0
816 455 832 471 0.000237 0
1057 375 1065 387 0.000236 0
317 64 437 175 0.000236 0
1055 418 1075 462 0.000235 0
126 206 137 226 0.000235 0
1207 507 1216 517 0.000235 0
264 199 291 249 0.000235 0
105 242 129 296 0.000235 0
895 285 911 311 0.000234 0
658 451 676 487 0.000234 0
960 350 1025 424 0.000234 0
1152 439 1168 456 0.000234 0
1023 480 1071 500 0.000234 0
943 360 960 409 0.000233 0
800 454 816 472 0.000233 0
1077 337 1091 360 0.000233 0
752 271 759 280 0.000232 0
194 209 218 250 0.000232 0
764 237 817 318 0.000232 0
146 64 500 271 0.000231 0
1095 439 1118 455 0.000231 0
250 64 434 201 0.000231 0
739 200 760 215 0.000231 0
156 209 170 241 0.000230 0
968 199 992 226 0.000230 0
317 64 439 149 0.000230 0
103 249 136 264 0.000229 0
909 202 934 247 0.000228 0
632 471 640 480 0.000228 0
742 278 764 302 0.000227 0
905 468 929 489 0.000227 0
271 199 291 246 0.000227 0
910 469 936 486 0.000227 0
449 181 483 270 0.000226 0
447 512 456 535 0.000226 0
188 391 214 470 0.000226 0
1111 500 1120 522 0.000225 0
307 66 427 226 0.000225 0
1240 449 1247 458 0.000224 0
675 196 732 227 0.000223 0
932 392 944 408 0.000223 0
907 336 927 391 0.000221 0
1112 103 1120 123 0.000220 0
519 392 527 423 0.000220 0
1060 190 1082 217 0.000220 0
1119 312 1136 364 0.000220 0
150 64 257 173 0.000220 0
1038 321 1054 338 0.000219 0
785 327 847 364 0.000219 0
0 91 69 226 0.000218 0
624 403 640 422 0.000217 0
399 74 500 224 0.000217 0
1167 471 1184 480 0.000217 0
954 336 977 362 0.000217 0
159 64 257 174 0.000217 0
884 317 894 339 0.000217 0
1234 250 1279 368 0.000216 0
107 245 124 297 0.000215 0
799 364 816 391 0.000215 0
432 185 444 203 0.000214 0
126 208 147 237 0.000214 0
1150 470 1163 479 0.000214 0
434 193 449 208 0.000214 0
0 590 18 704 0.000213 0
981 454 992 472 0.000212 0
581 278 590 289 0.000211 0
1181 184 1219 220 0.000211 0
647 409 667 426 0.000211 0
576 622 686 704 0.000211 0
880 471 896 505 0.000211 0
907 336 941 390 0.000210 0
711 417 735 457 0.000210 0
911 473 936 487 0.000210 0
694 472 703 488 0.000210 0
259 192 350 392 0.000209 0
1027 417 1040 444 0.000209 0
791 189 864 281 0.000209 0
205 372 226 412 0.000208 0
916 391 928 406 0.000208 0
963 479 976 486 0.000208 0
734 424 763 463 0.000207 0
173 188 184 215 0.000206 0
1167 457 1180 475 0.000206 0
61 64 136 196 0.000205 0
1022 380 1032 402 0.000204 0
589 370 609 429 0.000204 0
734 423 760 453 0.000204 0
1240 412 1247 426 0.000204 0
193 64 462 200 0.000203 0
320 301 359 390 0.000202 0
1020 440 1039 456 0.000202 0
1 64 336 279 0.000202 0
154 64 454 197 0.000202 0
640 424 656 448 0.000202 0
173 205 183 216 0.000202 0
1147 391 1162 407 0.000202 0
1021 386 1041 425 0.000201 0
273 229 288 261 0.000201 0
332 190 358 232 0.000200 0
1228 171 1280 459 0.000200 0
909 426 927 446 0.000200 0
173 185 183 207 0.000200 0
640 417 657 442 0.000199 0
777 262 840 348 0.000199 0
403 195 417 205 0.000199 0
815 318 849 344 0.000199 0
264 238 292 295 0.000199 0
469 392 593 441 0.000199 0
908 335 929 393 0.000199 0
772 263 833 346 0.000199 0
1044 397 1095 462 0.000199 0
172 64 497 364 0.000198 0
1248 338 1264 368 0.000198 0
1089 313 1120 344 0.000198 0
862 322 885 344 0.000198 0
622 403 640 448 0.000197 0
1264 167 1279 257 0.000197 0
1187 357 1212 411 0.000196 0
1259 243 1279 296 0.000196 0
897 455 913 481 0.000196 0
847 426 876 454 0.000196 0
1214 64 1233 103 0.000195 0
948 374 1025 471 0.000195 0
1101 64 1120 70 0.000195 0
679 527 688 554 0.000195 0
870 393 879 408 0.000195 0
1102 442 1122 474 0.000195 0
990 183 1000 200 0.000195 0
442 185 485 303 0.000194 0
897 440 926 461 0.000194 0
1055 488 1083 506 0.000194 0
1020 378 1040 412 0.000194 0
97 68 216 211 0.000193 0
928 390 945 432 0.000193 0
945 396 975 452 0.000193 0
630 689 671 703 0.000193 0
103 243 135 296 0.000192 0
1074 386 1088 409 0.000192 0
950 190 1002 256 0.000191 0
61 586 72 615 0.000191 0
206 396 224 455 0.000190 0
1014 178 1031 220 0.000190 0
953 435 966 452 0.000190 0
139 84 511 323 0.000190 0
756 191 865 281 0.000190 0
1056 478 1076 498 0.000190 0
187 391 217 463 0.000189 0
896 404 912 424 0.000189 0
58 64 127 172 0.000189 0
1062 64 1134 147 0.000189 0
648 480 655 487 0.000188 0
302 83 351 201 0.000187 0
718 325 739 378 0.000187 0
933 375 946 393 0.000187 0
1207 455 1217 471 0.000187 0
1072 392 1079 406 0.000187 0
1257 250 1279 295 0.000187 0
49 64 129 196 0.000187 0
858 407 884 458 0.000186 0
588 381 608 412 0.000185 0
586 391 609 428 0.000185 0
1177 193 1206 227 0.000185 0
814 458 831 474 0.000185 0
605 627 697 703 0.000185 0
223 186 249 235 0.000185 0
804 366 815 392 0.000184 0
1205 65 1279 278 0.000184 0
801 411 819 438 0.000183 0
1023 427 1032 441 0.000183 0
1028 486 1071 508 0.000183 0
1090 455 1105 474 0.000183 0
1064 65 1106 128 0.000182 0
1039 407 1052 423 0.000182 0
528 627 537 647 0.000181 0
671 421 689 436 0.000181 0
263 216 281 295 0.000181 0
64 64 170 194 0.000181 0
589 390 607 423 0.000181 0
264 194 274 211 0.000181 0
625 440 640 460 0.000180 0
1214 475 1243 506 0.000180 0
1248 357 1264 395 0.000180 0
153 81 211 225 0.000179 0
575 354 607 441 0.000179 0
0 131 37 329 0.000179 0
791 379 812 391 0.000179 0
717 322 751 362 0.000178 0
347 64 497 104 0.000178 0
960 424 976 448 0.000178 0
930 348 952 385 0.000177 0
895 342 993 465 0.000177 0
984 353 1008 391 0.000177 0
64 65 154 194 0.000177 0
584 662 674 703 0.000176 0
725 406 773 455 0.000176 0
831 419 849 480 0.000176 0
1037 64 1127 162 0.000176 0
1044 278 1057 320 0.000175 0
240 253 256 295 0.000175 0
320 299 339 391 0.000175 0
1068 67 1104 129 0.000175 0
328 64 664 234 0.000174 0
1247 357 1264 380 0.000174 0
1161 497 1179 508 0.000173 0
1078 335 1101 360 0.000173 0
214 221 254 263 0.000173 0
1177 501 1184 511 0.000173 0
1083 64 1131 123 0.000173 0
830 444 848 478 0.000173 0
998 435 1008 456 0.000173 0
0 449 96 603 0.000173 0
852 417 942 484 0.000173 0
281 247 296 295 0.000172 0
664 422 688 439 0.000172 0
661 464 673 487 0.000171 0
802 407 835 446 0.000170 0
787 367 815 392 0.000169 0
862 454 910 485 0.000169 0
1089 446 1114 472 0.000169 0
274 259 291 295 0.000169 0
800 414 812 427 0.000169 0
847 269 853 281 0.000169 0
767 319 821 392 0.000169 0
1046 395 1091 457 0.000169 0
263 217 279 271 0.000168 0
603 358 622 372 0.000168 0
1071 332 1117 400 0.000168 0
337 64 498 193 0.000168 0
765 241 828 318 0.000167 0
798 417 827 444 0.000167 0
767 197 791 232 0.000167 0
278 217 297 294 0.000167 0
307 139 372 280 0.000167 0
346 64 497 111 0.000166 0
344 64 498 138 0.000166 0
0 64 113 211 0.000166 0
910 325 928 346 0.000166 0
657 451 678 471 0.000166 0
896 273 914 307 0.000166 0
1032 283 1059 336 0.000166 0
163 189 181 217 0.000166 0
1184 443 1190 457 0.000166 0
1183 354 1212 414 0.000165 0
853 235 875 287 0.000165 0
384 415 400 473 0.000165 0
782 199 807 267 0.000165 0
816 419 834 449 0.000164 0
64 64 214 196 0.000164 0
928 392 943 409 0.000163 0
407 64 498 123 0.000163 0
1037 385 1050 409 0.000163 0
991 457 1007 471 0.000163 0
1 64 127 200 0.000163 0
1183 65 1279 259 0.000162 0
976 447 988 458 0.000162 0
234 191 329 378 0.000162 0
1071 337 1102 401 0.000161 0
1099 455 1116 474 0.000161 0
1076 406 1122 459 0.000161 0
788 365 815 392 0.000161 0
1055 391 1065 402 0.000160 0
895 321 905 344 0.000160 0
647 204 675 232 0.000160 0
789 361 816 392 0.000160 0
358 205 380 275 0.000160 0
1071 334 1087 401 0.000160 0
719 421 739 471 0.000160 0
342 64 499 158 0.000160 0
767 239 834 339 0.000159 0
208 64 464 231 0.000159 0
930 367 945 390 0.000159 0
1212 64 1233 131 0.000159 0
765 457 784 485 0.000159 0
65 66 216 209 0.000157 0
1031 408 1040 431 0.000157 0
1047 186 1069 225 0.000157 0
851 177 954 296 0.000157 0
1009 360 1024 397 0.000156 0
997 436 1028 471 0.000156 0
848 394 858 409 0.000156 0
64 64 142 159 0.000155 0
634 244 655 288 0.000155 0
739 200 753 219 0.000155 0
5 64 126 185 0.000155 0
153 194 169 234 0.000154 0
299 66 614 372 0.000154 0
1259 74 1279 271 0.000154 0
1111 185 1134 203 0.000154 0
900 339 987 451 0.000154 0
883 414 943 484 0.000154 0
447 512 456 531 0.000154 0
63 584 72 609 0.000154 0
935 334 974 388 0.000154 0
1120 407 1127 428 0.000154 0
32 64 135 205 0.000154 0
832 461 848 476 0.000153 0
1044 461 1085 502 0.000153 0
631 473 640 487 0.000153 0
1261 175 1279 218 0.000153 0
576 296 593 318 0.000152 0
895 405 913 425 0.000151 0
344 200 369 274 0.000151 0
942 378 962 425 0.000151 0
844 406 891 459 0.000151 0
278 198 294 231 0.000151 0
931 409 943 437 0.000150 0
1051 421 1071 463 0.000150 0
831 465 842 504 0.000150 0
319 241 337 365 0.000149 0
915 401 928 423 0.000149 0
1078 330 1108 344 0.000149 0
355 203 382 281 0.000149 0
1226 66 1279 269 0.000149 0
35 64 127 202 0.000149 0
164 64 260 91 0.000148 0
216 67 330 221 0.000148 0
1063 64 1131 121 0.000148 0
794 413 840 447 0.000147 0
277 253 297 296 0.000147 0
1120 332 1136 385 0.000147 0
741 350 847 473 0.000147 0
1023 422 1035 440 0.000147 0
910 337 990 391 0.000147 0
56 64 128 166 0.000146 0
842 401 944 482 0.000146 0
881 331 897 344 0.000146 0
766 267 833 348 0.000145 0
765 276 845 347 0.000145 0
1090 441 1121 473 0.000145 0
1060 392 1073 402 0.000145 0
308 118 413 198 0.000145 0
924 346 947 392 0.000144 0
943 196 1003 260 0.000144 0
787 176 950 285 0.000144 0
272 181 307 239 0.000144 0
270 200 298 286 0.000144 0
850 399 943 482 0.000144 0
982 184 999 206 0.000144 0
1071 64 1132 128 0.000143 0
114 64 260 178 0.000143 0
742 283 761 302 0.000143 0
857 211 895 277 0.000142 0
1063 64 1127 128 0.000142 0
93 65 216 202 0.000142 0
910 340 986 392 0.000142 0
1261 137 1279 183 0.000142 0
263 194 297 245 0.000142 0
349 205 369 276 0.000141 0
1214 357 1272 431 0.000141 0
433 649 448 690 0.000141 0
866 64 876 71 0.000141 0
819 318 849 344 0.000141 0
1066 472 1088 501 0.000141 0
0 573 16 695 0.000141 0
320 64 370 111 0.000140 0
690 206 704 277 0.000140 0
927 350 943 379 0.000140 0
1256 366 1279 457 0.000140 0
865 309 906 343 0.000140 0
1017 64 1113 182 0.000139 0
161 64 274 215 0.000139 0
1264 64 1279 78 0.000139 0
1213 64 1233 112 0.000139 0
1184 535 1192 543 0.000139 0
1071 334 1084 393 0.000139 0
1023 423 1055 465 0.000138 0
657 305 696 375 0.000138 0
908 335 940 393 0.000138 0
993 343 1008 359 0.000137 0
1253 406 1263 424 0.000137 0
1268 424 1279 450 0.000137 0
959 380 1038 473 0.000137 0
1251 372 1279 498 0.000136 0
1214 349 1271 429 0.000136 0
1249 496 1266 518 0.000136 0
672 450 704 492 0.000136 0
256 64 369 174 0.000136 0
641 662 694 704 0.000136 0
627 673 670 703 0.000135 0
1085 64 1135 124 0.000135 0
1054 423 1074 462 0.000135 0
919 411 943 448 0.000135 0
320 311 336 391 0.000135 0
776 328 846 383 0.000135 0
1134 345 1146 359 0.000135 0
1107 440 1120 463 0.000135 0
165 64 333 98 0.000135 0
1084 405 1122 460 0.000135 0
768 280 848 348 0.000134 0
641 679 821 703 0.000134 0
65 65 205 202 0.000134 0
1002 175 1017 211 0.000134 0
894 405 943 475 0.000133 0
411 150 751 295 0.000133 0
431 217 440 227 0.000133 0
1055 423 1064 439 0.000133 0
91 70 214 220 0.000133 0
1120 327 1135 371 0.000133 0
539 64 588 225 0.000132 0
227 200 245 238 0.000132 0
319 64 367 127 0.000132 0
527 624 538 647 0.000132 0
1063 455 1097 472 0.000132 0
1192 355 1209 383 0.000132 0
1262 109 1279 184 0.000132 0
148 71 270 245 0.000132 0
12 64 126 194 0.000131 0
0 119 43 228 0.000131 0
1214 422 1242 437 0.000131 0
1264 312 1279 368 0.000131 0
899 440 914 456 0.000131 0
1022 460 1041 495 0.000131 0
1103 64 1121 71 0.000131 0
543 64 597 204 0.000130 0
1223 507 1233 517 0.000130 0
1147 305 1187 344 0.000130 0
409 183 704 293 0.000130 0
895 330 904 344 0.000130 0
208 65 325 215 0.000130 0
895 276 913 312 0.000130 0
320 256 338 358 0.000129 0
1248 358 1267 407 0.000129 0
1155 423 1168 440 0.000129 0
777 241 829 323 0.000129 0
512 391 525 424 0.000129 0
926 373 946 401 0.000129 0
320 64 371 103 0.000129 0
409 68 512 209 0.000129 0
663 291 684 350 0.000128 0
154 208 167 237 0.000128 0
0 645 16 703 0.000128 0
941 375 961 419 0.000128 0
423 64 498 136 0.000128 0
254 69 346 229 0.000128 0
1005 159 1061 232 0.000127 0
573 366 607 439 0.000127 0
1023 387 1040 415 0.000127 0
330 64 661 204 0.000127 0
909 336 938 394 0.000127 0
1175 409 1184 423 0.000126 0
1151 423 1168 440 0.000126 0
757 235 795 307 0.000126 0
249 223 268 247 0.000126 0
610 363 624 391 0.000126 0
1145 329 1198 359 0.000126 0
973 393 1001 425 0.000125 0
894 419 936 446 0.000125 0
1270 424 1279 437 0.000125 0
705 313 743 374 0.000125 0
319 64 369 116 0.000125 0
670 308 701 373 0.000125 0
730 350 846 473 0.000125 0
1167 397 1180 423 0.000125 0
991 439 1004 456 0.000124 0
573 392 590 435 0.000124 0
656 307 682 374 0.000124 0
1209 372 1264 427 0.000124 0
646 193 656 207 0.000124 0
206 394 225 469 0.000124 0
1209 461 1238 494 0.000123 0
661 291 703 371 0.000123 0
57 588 72 616 0.000123 0
571 436 592 458 0.000122 0
1044 390 1058 410 0.000122 0
108 248 123 297 0.000122 0
952 397 1024 478 0.000122 0
861 407 882 459 0.000122 0
824 287 865 342 0.000122 0
1262 93 1279 173 0.000122 0
262 64 318 127 0.000122 0
954 205 985 254 0.000122 0
1187 355 1209 391 0.000121 0
1235 404 1264 428 0.000121 0
774 313 806 343 0.000121 0
681 384 688 393 0.000121 0
629 366 654 396 0.000121 0
576 292 594 328 0.000121 0
1216 403 1247 425 0.000121 0
1259 244 1279 306 0.000121 0
579 393 593 435 0.000121 0
1242 352 1279 431 0.000120 0
1062 64 1123 74 0.000120 0
949 421 970 451 0.000120 0
543 64 595 186 0.000120 0
817 398 833 424 0.000120 0
690 209 704 279 0.000120 0
1263 374 1279 425 0.000120 0
260 198 287 247 0.000119 0
151 72 273 236 0.000119 0
1252 406 1264 425 0.000119 0
1187 455 1210 472 0.000119 0
719 454 735 471 0.000119 0
323 232 348 275 0.000119 0
1092 318 1140 363 0.000119 0
901 324 927 346 0.000118 0
806 406 846 451 0.000118 0
743 260 770 303 0.000118 0
1165 343 1197 388 0.000118 0
977 691 989 703 0.000118 0
581 401 592 441 0.000117 0
101 241 132 297 0.000117 0
628 375 649 426 0.000117 0
867 64 878 71 0.000117 0
621 423 639 442 0.000117 0
1039 438 1065 469 0.000117 0
878 418 899 461 0.000117 0
1051 438 1073 467 0.000117 0
780 418 825 449 0.000117 0
1027 391 1040 409 0.000116 0
1242 360 1265 404 0.000116 0
1083 122 1138 183 0.000116 0
469 197 486 226 0.000116 0
989 172 1006 202 0.000116 0
882 392 896 419 0.000115 0
1016 319 1032 344 0.000115 0
165 64 338 95 0.000115 0
539 64 588 194 0.000115 0
726 402 770 441 0.000115 0
663 300 704 373 0.000115 0
724 199 755 234 0.000115 0
801 406 823 428 0.000115 0
1005 345 1024 390 0.000115 0
127 249 144 296 0.000114 0
1054 376 1065 391 0.000114 0
755 245 770 300 0.000114 0
503 312 517 336 0.000114 0
994 455 1026 481 0.000114 0
602 150 626 182 0.000114 0
1168 122 1229 230 0.000114 0
1264 66 1279 82 0.000114 0
879 391 890 414 0.000113 0
1233 415 1248 438 0.000113 0
1263 64 1279 82 0.000113 0
223 360 240 409 0.000113 0
783 417 848 459 0.000113 0
478 522 506 572 0.000112 0
373 639 392 664 0.000112 0
787 183 808 210 0.000112 0
0 137 34 292 0.000112 0
1208 381 1258 428 0.000112 0
1015 474 1024 494 0.000112 0
830 279 851 342 0.000112 0
880 512 887 519 0.000111 0
1213 64 1233 125 0.000111 0
1047 393 1055 411 0.000111 0
1123 100 1153 136 0.000111 0
1146 329 1201 360 0.000111 0
932 200 960 213 0.000111 0
571 345 597 440 0.000111 0
943 387 960 435 0.000111 0
186 186 250 262 0.000111 0
644 656 677 704 0.000111 0
320 374 336 392 0.000110 0
277 205 297 289 0.000110 0
894 177 953 218 0.000110 0
867 392 879 408 0.000110 0
607 443 626 477 0.000110 0
1182 471 1195 479 0.000110 0
508 391 527 427 0.000109 0
879 392 892 426 0.000109 0
1039 321 1059 357 0.000109 0
763 235 806 314 0.000109 0
1 64 313 240 0.000109 0
712 404 770 461 0.000109 0
176 64 332 99 0.000109 0
111 388 133 425 0.000109 0
657 209 704 281 0.000108 0
1169 349 1279 460 0.000108 0
916 341 951 383 0.000108 0
879 392 896 429 0.000108 0
0 137 35 227 0.000108 0
748 348 851 473 0.000108 0
575 288 596 346 0.000108 0
1270 315 1279 327 0.000107 0
508 392 529 428 0.000107 0
592 358 644 432 0.000107 0
823 326 861 344 0.000107 0
892 412 945 483 0.000106 0
1111 507 1120 527 0.000106 0
1027 389 1091 448 0.000106 0
670 305 704 373 0.000106 0
1218 422 1240 434 0.000105 0
1094 497 1106 510 0.000105 0
1093 389 1106 408 0.000105 0
420 155 764 297 0.000105 0
1091 230 1121 272 0.000105 0
1079 321 1122 361 0.000105 0
360 197 389 233 0.000105 0
908 389 945 435 0.000104 0
103 248 133 296 0.000104 0
0 66 58 397 0.000104 0
1274 159 1279 174 0.000104 0
593 683 673 703 0.000104 0
814 407 828 423 0.000104 0
361 159 405 210 0.000103 0
726 341 844 471 0.000103 0
636 239 656 289 0.000103 0
1214 375 1261 427 0.000103 0
1092 401 1105 419 0.000103 0
339 64 495 123 0.000103 0
1139 129 1226 226 0.000103 0
153 190 166 222 0.000103 0
1088 398 1098 410 0.000102 0
1250 327 1279 456 0.000102 0
268 209 290 249 0.000102 0
239 244 256 294 0.000102 0
599 530 609 569 0.000102 0
857 399 895 460 0.000102 0
846 423 863 441 0.000102 0
191 364 225 414 0.000102 0
1036 172 1064 221 0.000102 0
307 64 340 140 0.000101 0
0 139 29 209 0.000101 0
229 202 242 229 0.000101 0
913 276 928 346 0.000101 0
946 428 975 475 0.000101 0
1214 64 1233 95 0.000101 0
1256 250 1279 299 0.000100 0
831 476 848 511 0.000100 0
1040 518 1071 539 0.000100 0
265 64 324 127 0.000100 0
759 231 810 287 0.798009 1
963 218 1010 265 0.700758 1
963 220 1008 265 0.528177 1
963 219 1004 264 0.274420 1
758 237 810 286 0.258115 1
759 243 810 282 0.054873 1
971 217 1002 264 0.042992 1
968 221 1009 263 0.037285 1
964 221 990 262 0.025591 1
759 235 787 286 0.022507 1
924 203 946 253 0.022239 1
963 222 1001 264 0.020412 1
972 223 1011 263 0.019495 1
759 233 790 286 0.016814 1
760 239 811 288 0.016648 1
997 223 1012 250 0.015309 1
963 223 1011 264 0.013768 1
962 218 1024 265 0.012812 1
993 224 1011 253 0.011038 1
996 224 1011 249 0.009580 1
963 227 998 264 0.009062 1
758 237 784 286 0.007077 1
990 226 1012 264 0.006314 1
691 206 728 237 0.005050 1
930 241 945 253 0.004696 1
992 224 1029 262 0.004676 1
999 224 1024 259 0.004516 1
926 239 944 253 0.004387 1
999 222 1021 250 0.003901 1
762 244 809 281 0.003507 1
999 217 1023 251 0.003336 1
991 236 1020 263 0.002948 1
923 271 960 295 0.002868 1
961 234 981 263 0.002857 1
962 231 983 263 0.002604 1
950 272 959 292 0.002590 1
861 232 922 291 0.002369 1
995 226 1034 262 0.002298 1
864 253 920 289 0.002247 1
690 216 727 237 0.002230 1
924 272 961 302 0.002220 1
865 260 916 289 0.002199 1
926 272 960 298 0.002179 1
20 232 72 258 0.002083 1
759 229 807 285 0.002011 1
765 245 810 281 0.001924 1
1004 224 1024 250 0.001879 1
961 236 980 263 0.001731 1
960 218 985 261 0.001673 1
17 230 74 256 0.001627 1
46 236 73 256 0.001607 1
949 272 961 299 0.001557 1
22 230 75 256 0.001531 1
759 241 786 284 0.001517 1
18 228 73 258 0.001511 1
782 246 810 282 0.001506 1
907 203 1015 255 0.001465 1
865 262 895 286 0.001464 1
864 252 896 286 0.001429 1
862 261 919 293 0.001429 1
865 250 891 284 0.001420 1
1007 228 1025 251 0.001414 1
991 232 1037 263 0.001345 1
16 231 77 259 0.001343 1
28 236 73 257 0.001339 1
46 236 75 257 0.001315 1
963 209 1034 261 0.001258 1
760 243 811 289 0.001257 1
794 246 808 271 0.001237 1
38 236 73 256 0.001225 1
863 262 894 285 0.001208 1
17 231 44 258 0.001169 1
860 213 922 285 0.001128 1
758 240 777 287 0.001040 1
865 246 893 282 0.001003 1
700 216 728 237 0.001001 1
863 238 926 293 0.000996 1
859 214 915 280 0.000974 1
17 231 41 257 0.000961 1
863 261 914 291 0.000949 1
787 245 808 275 0.000938 1
39 230 89 256 0.000889 1
332 236 352 255 0.000868 1
947 273 962 303 0.000860 1
334 237 352 254 0.000827 1
866 242 888 280 0.000797 1
926 274 962 304 0.000779 1
39 236 108 263 0.000773 1
109 236 201 264 0.000755 1
930 224 960 254 0.000726 1
856 227 882 282 0.000698 1
950 228 979 255 0.000692 1
43 235 103 259 0.000687 1
759 230 792 281 0.000684 1
893 264 920 294 0.000671 1
793 248 818 281 0.000663 1
889 262 921 292 0.000648 1
925 272 963 301 0.000635 1
919 218 946 254 0.000625 1
911 268 927 296 0.000603 1
103 241 155 264 0.000603 1
950 246 958 254 0.000595 1
952 206 987 256 0.000586 1
12 232 76 269 0.000551 1
894 265 913 292 0.000540 1
19 223 75 256 0.000540 1
771 245 815 290 0.000535 1
15 221 68 258 0.000522 1
925 276 966 308 0.000519 1
946 272 960 295 0.000516 1
792 255 819 281 0.000512 1
634 209 819 285 0.000506 1
911 266 927 296 0.000505 1
894 265 910 287 0.000505 1
860 261 906 297 0.000499 1
15 227 84 259 0.000480 1
621 221 817 289 0.000475 1
860 254 893 284 0.000464 1
22 223 90 255 0.000459 1
40 225 97 257 0.000451 1
204 232 244 264 0.000440 1
889 263 913 288 0.000432 1
866 237 933 296 0.000429 1
915 205 1004 257 0.000425 1
113 235 195 262 0.000415 1
860 212 889 279 0.000414 1
200 216 248 265 0.000411 1
944 203 961 254 0.000406 1
792 244 817 280 0.000406 1
861 232 928 295 0.000398 1
518 231 539 248 0.000389 1
860 250 924 294 0.000389 1
923 202 957 254 0.000387 1
924 272 945 295 0.000366 1
862 249 927 295 0.000354 1
772 227 796 275 0.000346 1
911 271 948 303 0.000340 1
950 239 980 263 0.000325 1
104 248 148 264 0.000324 1
14 220 48 252 0.000317 1
922 271 945 295 0.000310 1
10 223 42 252 0.000301 1
904 240 951 296 0.000294 1
774 223 807 275 0.000289 1
907 240 1032 307 0.000280 1
864 231 923 281 0.000278 1
44 224 95 240 0.000276 1
752 230 790 282 0.000276 1
875 256 1005 303 0.000268 1
17 226 102 259 0.000263 1
912 270 927 296 0.000259 1
963 223 1009 271 0.000259 1
907 236 935 296 0.000258 1
759 229 814 337 0.000256 1
860 248 988 301 0.000236 1
210 243 242 264 0.000234 1
865 195 963 261 0.000227 1
801 258 826 282 0.000213 1
911 240 983 296 0.000208 1
892 203 940 250 0.000205 1
887 201 1019 288 0.000201 1
876 198 1020 299 0.000194 1
859 193 1008 300 0.000184 1
130 236 199 264 0.000179 1
948 272 967 301 0.000175 1
214 233 242 263 0.000173 1
806 262 826 282 0.000169 1
1039 278 1058 296 0.000165 1
909 263 925 295 0.000163 1
908 238 959 295 0.000161 1
190 240 243 264 0.000161 1
960 216 1063 267 0.000160 1
195 223 244 263 0.000156 1
632 238 824 296 0.000155 1
925 281 986 312 0.000146 1
1041 278 1057 308 0.000141 1
773 225 806 277 0.000141 1
859 262 922 309 0.000141 1
730 230 812 327 0.000136 1
1023 279 1040 296 0.000135 1
863 183 968 293 0.000134 1
1035 277 1058 330 0.000131 1
853 260 901 300 0.000130 1
939 272 971 304 0.000125 1
630 204 817 283 0.000124 1
1023 279 1040 296 0.000120 1
924 241 979 293 0.000117 1
787 219 807 269 0.000117 1
885 214 953 299 0.000116 1
907 234 947 270 0.000112 1
881 216 928 248 0.000111 1
943 236 978 303 0.000111 1
217 243 242 264 0.000109 1
1024 278 1059 334 0.000109 1
928 227 1072 307 0.000106 1
200 245 251 286 0.000105 1
756 223 870 286 0.000103 1
1022 279 1042 328 0.000102 1
963 224 999 271 0.000100 1
305 185 323 198 0.050369 2
305 186 322 198 0.050136 2
1118 487 1136 497 0.037392 2
1104 487 1114 495 0.035136 2
1119 488 1137 498 0.033453 2
319 204 331 231 0.020643 2
691 205 728 236 0.020513 2
1104 487 1120 497 0.018030 2
532 204 548 218 0.017521 2
1206 255 1226 268 0.012723 2
530 195 553 218 0.012390 2
691 199 729 235 0.010645 2
529 202 547 217 0.010228 2
877 198 955 244 0.010204 2
631 374 658 396 0.009961 2
1009 205 1024 225 0.009953 2
1204 255 1226 270 0.009879 2
484 199 516 217 0.009745 2
534 201 553 218 0.009287 2
690 200 730 236 0.009041 2
481 182 517 217 0.008438 2
1205 256 1226 273 0.008334 2
534 203 549 218 0.008128 2
822 328 848 343 0.008077 2
1120 64 1152 77 0.007920 2
1271 254 1279 269 0.007616 2
318 202 334 231 0.007307 2
1010 197 1038 226 0.007293 2
1010 203 1037 227 0.007182 2
1010 199 1029 225 0.006879 2
1258 254 1279 270 0.006712 2
1010 197 1055 228 0.006348 2
481 192 517 217 0.006231 2
486 205 515 217 0.006204 2
820 328 848 344 0.006163 2
1014 206 1040 227 0.006036 2
691 194 732 233 0.005869 2
873 198 952 235 0.005785 2
832 481 840 486 0.005666 2
632 374 655 396 0.005592 2
877 198 919 233 0.005579 2
630 373 658 396 0.005567 2
492 199 506 212 0.005553 2
1205 255 1241 269 0.005543 2
495 199 515 213 0.005459 2
293 177 309 198 0.005264 2
692 198 729 230 0.005141 2
1056 488 1066 497 0.005125 2
1010 206 1024 227 0.004962 2
631 376 657 397 0.004771 2
690 207 729 236 0.004669 2
1005 199 1025 225 0.004542 2
1009 192 1055 228 0.004400 2
887 199 916 241 0.004388 2
1113 220 1135 238 0.004266 2
881 199 948 246 0.004250 2
878 199 907 241 0.004122 2
1112 220 1135 242 0.004119 2
1269 254 1279 270 0.004114 2
1257 251 1279 270 0.004052 2
516 191 554 217 0.004011 2
1257 246 1279 269 0.003963 2
531 199 555 218 0.003854 2
305 184 336 199 0.003822 2
1058 487 1073 497 0.003821 2
648 456 656 461 0.003795 2
508 438 528 448 0.003776 2
1037 322 1087 344 0.003704 2
669 451 687 464 0.003695 2
1255 485 1264 499 0.003687 2
848 468 867 478 0.003528 2
848 468 866 478 0.003518 2
698 198 729 234 0.003499 2
878 198 912 232 0.003459 2
1062 212 1125 246 0.003445 2
357 218 369 231 0.003405 2
1057 213 1096 245 0.003360 2
1112 220 1134 241 0.003356 2
1104 487 1115 496 0.003308 2
1104 488 1133 505 0.003225 2
495 433 526 448 0.003218 2
604 199 637 215 0.003194 2
1117 487 1137 498 0.003147 2
714 199 735 216 0.003120 2
498 436 528 448 0.003038 2
591 423 609 433 0.003018 2
1113 220 1135 239 0.002916 2
496 434 527 448 0.002890 2
1205 255 1236 274 0.002880 2
1121 64 1152 78 0.002769 2
592 423 609 433 0.002750 2
294 177 306 196 0.002694 2
610 201 634 215 0.002625 2
1256 479 1279 500 0.002611 2
1200 247 1279 271 0.002553 2
1065 211 1161 247 0.002552 2
884 199 907 241 0.002550 2
1065 208 1126 246 0.002472 2
1199 257 1224 266 0.002465 2
1244 244 1279 269 0.002429 2
1104 487 1138 506 0.002410 2
1024 211 1040 229 0.002406 2
449 407 502 444 0.002383 2
877 200 908 244 0.002349 2
924 454 936 463 0.002277 2
495 238 532 252 0.002269 2
1066 211 1096 243 0.002239 2
1107 487 1138 507 0.002187 2
1089 218 1125 246 0.002133 2
1069 209 1136 247 0.002105 2
1162 239 1176 249 0.002072 2
1199 473 1216 488 0.002052 2
480 174 517 217 0.002032 2
448 407 506 442 0.002030 2
453 412 498 442 0.002022 2
356 215 369 231 0.002019 2
1067 214 1125 247 0.002014 2
293 175 318 198 0.002009 2
1199 472 1216 487 0.001985 2
876 196 956 233 0.001977 2
1039 324 1086 345 0.001935 2
1111 216 1135 236 0.001935 2
1198 248 1279 276 0.001911 2
496 431 528 448 0.001898 2
1113 218 1133 230 0.001895 2
1023 488 1041 496 0.001883 2
1199 501 1210 512 0.001864 2
1008 208 1046 231 0.001848 2
1112 220 1162 245 0.001829 2
319 200 355 235 0.001826 2
1198 497 1212 505 0.001805 2
1103 227 1119 247 0.001799 2
450 410 497 442 0.001794 2
108 398 178 424 0.001791 2
1050 216 1068 232 0.001780 2
1067 209 1129 246 0.001761 2
832 472 841 480 0.001755 2
1068 211 1109 235 0.001633 2
1023 487 1051 497 0.001624 2
111 413 137 425 0.001619 2
1103 488 1121 504 0.001616 2
1264 251 1279 270 0.001604 2
1161 238 1172 249 0.001603 2
1070 212 1096 235 0.001582 2
656 448 698 464 0.001569 2
563 201 577 215 0.001567 2
1104 223 1154 248 0.001528 2
850 438 873 454 0.001498 2
656 453 668 463 0.001495 2
495 431 525 446 0.001487 2
659 453 675 463 0.001484 2
1016 338 1024 344 0.001483 2
524 185 553 216 0.001474 2
895 476 914 486 0.001468 2
632 376 658 397 0.001440 2
478 179 522 217 0.001436 2
1202 248 1279 275 0.001423 2
1262 479 1279 500 0.001404 2
847 438 869 453 0.001388 2
327 199 387 234 0.001373 2
894 474 913 486 0.001372 2
456 420 496 443 0.001359 2
656 447 695 463 0.001340 2
597 166 639 201 0.001340 2
1201 251 1253 270 0.001330 2
652 213 666 232 0.001328 2
1242 248 1279 267 0.001306 2
1143 503 1163 510 0.001306 2
111 411 144 426 0.001300 2
320 200 355 243 0.001293 2
892 200 912 242 0.001292 2
274 184 294 193 0.001290 2
611 178 639 202 0.001290 2
1200 252 1272 274 0.001281 2
1199 256 1227 274 0.001278 2
1029 487 1055 497 0.001271 2
877 199 906 239 0.001268 2
287 448 320 469 0.001266 2
111 399 168 425 0.001254 2
1120 231 1171 248 0.001253 2
1161 502 1177 511 0.001251 2
606 201 620 215 0.001235 2
1009 191 1044 227 0.001229 2
111 412 141 426 0.001225 2
1262 509 1279 517 0.001215 2
904 456 913 463 0.001207 2
1119 498 1130 509 0.001196 2
1067 203 1134 246 0.001184 2
157 416 168 423 0.001181 2
1207 502 1228 512 0.001180 2
633 374 661 396 0.001176 2
1204 236 1276 266 0.001172 2
1119 64 1149 77 0.001171 2
1247 481 1262 488 0.001140 2
1113 217 1137 233 0.001134 2
1104 231 1118 248 0.001095 2
105 398 186 424 0.001077 2
300 198 386 241 0.001077 2
786 328 849 345 0.001050 2
1009 196 1033 226 0.001047 2
1140 233 1158 245 0.001044 2
1111 216 1183 247 0.001026 2
352 205 375 231 0.001024 2
459 423 486 441 0.001020 2
822 328 849 345 0.001018 2
456 427 481 441 0.001015 2
354 215 369 231 0.001013 2
1193 230 1243 267 0.001009 2
849 438 875 454 0.001006 2
449 416 496 441 0.001006 2
189 393 223 416 0.001006 2
448 406 499 444 0.000995 2
175 401 192 417 0.000991 2
1141 327 1170 344 0.000976 2
803 184 853 218 0.000968 2
551 172 577 215 0.000968 2
992 197 1073 254 0.000966 2
746 200 769 213 0.000954 2
124 412 144 425 0.000950 2
448 402 506 442 0.000935 2
911 447 926 457 0.000935 2
1038 325 1088 345 0.000924 2
914 199 950 244 0.000919 2
640 456 656 463 0.000910 2
1072 216 1093 235 0.000907 2
593 448 608 457 0.000897 2
803 184 852 235 0.000893 2
295 199 389 266 0.000888 2
111 398 143 426 0.000887 2
1056 488 1080 502 0.000876 2
533 428 589 439 0.000862 2
1093 490 1105 504 0.000856 2
1160 503 1169 511 0.000852 2
1184 498 1201 512 0.000851 2
1008 190 1105 235 0.000843 2
594 451 608 464 0.000841 2
1167 273 1204 283 0.000832 2
599 319 608 329 0.000827 2
308 200 332 232 0.000827 2
1241 242 1277 264 0.000818 2
1143 504 1153 510 0.000818 2
1006 189 1129 246 0.000817 2
1027 311 1087 338 0.000810 2
1034 323 1088 344 0.000808 2
1167 274 1213 285 0.000808 2
1126 326 1153 343 0.000805 2
1039 322 1056 335 0.000794 2
1055 489 1068 502 0.000790 2
1187 228 1241 263 0.000784 2
847 440 867 454 0.000784 2
533 201 553 221 0.000778 2
309 183 337 197 0.000775 2
1183 503 1199 512 0.000773 2
499 423 582 438 0.000767 2
1247 482 1264 503 0.000764 2
1075 217 1098 233 0.000760 2
273 180 310 198 0.000757 2
454 418 522 439 0.000755 2
1198 250 1279 293 0.000753 2
306 201 332 232 0.000741 2
1246 239 1265 259 0.000739 2
111 397 181 424 0.000736 2
928 199 955 209 0.000732 2
1039 322 1056 338 0.000726 2
1069 195 1088 212 0.000724 2
875 201 907 244 0.000720 2
1258 481 1279 501 0.000718 2
630 375 654 396 0.000718 2
688 453 704 468 0.000717 2
384 440 400 471 0.000715 2
1053 213 1088 238 0.000713 2
1247 423 1279 456 0.000710 2
1176 236 1185 248 0.000710 2
111 400 177 424 0.000706 2
359 408 368 414 0.000686 2
455 421 517 444 0.000685 2
1091 488 1111 504 0.000683 2
1202 256 1226 279 0.000682 2
1104 184 1121 202 0.000680 2
591 449 600 455 0.000678 2
111 400 139 425 0.000675 2
208 398 223 414 0.000675 2
273 181 314 200 0.000673 2
1009 193 1036 225 0.000669 2
1009 202 1127 244 0.000665 2
448 418 487 442 0.000663 2
294 176 307 198 0.000662 2
157 405 176 424 0.000658 2
1008 211 1125 247 0.000655 2
919 199 954 237 0.000654 2
1173 276 1213 286 0.000646 2
692 195 724 236 0.000642 2
1183 495 1200 506 0.000632 2
1168 275 1213 285 0.000631 2
1122 326 1166 344 0.000628 2
447 200 460 214 0.000624 2
661 272 690 283 0.000616 2
894 197 955 236 0.000612 2
896 474 912 485 0.000608 2
1214 223 1270 264 0.000602 2
1167 274 1207 285 0.000601 2
496 239 532 253 0.000600 2
497 236 539 252 0.000597 2
1098 208 1135 232 0.000596 2
1039 322 1054 334 0.000594 2
617 179 642 202 0.000591 2
1248 238 1265 255 0.000586 2
110 397 188 423 0.000585 2
689 458 704 470 0.000578 2
501 429 532 443 0.000578 2
1073 195 1093 210 0.000575 2
495 235 545 252 0.000574 2
1191 494 1232 512 0.000574 2
1262 168 1279 180 0.000573 2
156 402 176 423 0.000568 2
591 450 608 464 0.000567 2
1185 223 1279 283 0.000565 2
673 449 704 476 0.000564 2
1248 480 1268 499 0.000564 2
459 414 530 441 0.000559 2
631 373 668 397 0.000554 2
354 204 383 231 0.000553 2
1203 230 1242 267 0.000548 2
1231 503 1240 510 0.000547 2
607 451 624 467 0.000543 2
191 391 223 415 0.000542 2
866 198 1008 252 0.000542 2
905 200 937 247 0.000532 2
606 160 635 181 0.000521 2
524 423 584 436 0.000520 2
1207 251 1279 291 0.000514 2
459 421 497 447 0.000510 2
1087 488 1099 504 0.000510 2
1087 488 1101 504 0.000498 2
104 239 157 264 0.000498 2
110 396 182 423 0.000495 2
302 186 327 232 0.000492 2
449 423 482 442 0.000489 2
384 444 400 471 0.000485 2
333 202 354 244 0.000485 2
496 424 592 455 0.000477 2
822 471 831 477 0.000476 2
615 178 641 201 0.000473 2
1070 200 1097 237 0.000472 2
1253 508 1268 517 0.000470 2
384 437 400 472 0.000470 2
1196 252 1280 287 0.000470 2
1167 273 1210 284 0.000469 2
1065 195 1096 239 0.000467 2
111 396 177 425 0.000459 2
589 423 610 454 0.000458 2
1116 487 1145 499 0.000448 2
229 446 319 470 0.000446 2
1251 481 1279 517 0.000444 2
629 367 659 397 0.000444 2
217 444 288 469 0.000441 2
870 177 940 200 0.000439 2
176 402 192 419 0.000436 2
0 233 50 282 0.000432 2
942 456 961 463 0.000431 2
1039 322 1061 345 0.000430 2
526 428 587 439 0.000430 2
1200 256 1226 281 0.000428 2
866 175 939 202 0.000424 2
1 585 48 625 0.000424 2
662 273 680 283 0.000415 2
447 423 470 444 0.000403 2
707 301 768 337 0.000404 2
608 456 624 470 0.000400 2
512 427 591 456 0.000397 2
869 176 938 193 0.000394 2
226 445 292 469 0.000393 2
1251 466 1279 501 0.000392 2
350 197 388 230 0.000391 2
750 200 769 214 0.000390 2
1202 254 1239 281 0.000390 2
447 400 501 443 0.000387 2
878 471 897 486 0.000382 2
1 584 48 618 0.000379 2
103 248 143 264 0.000376 2
504 239 529 252 0.000376 2
0 238 49 283 0.000375 2
598 464 608 470 0.000375 2
1242 182 1278 232 0.000374 2
1177 249 1279 292 0.000374 2
447 407 497 447 0.000374 2
104 247 149 264 0.000374 2
288 448 325 469 0.000373 2
1262 347 1279 368 0.000372 2
1066 189 1132 246 0.000368 2
498 233 545 253 0.000366 2
559 201 588 216 0.000365 2
1263 365 1279 376 0.000364 2
1165 257 1232 286 0.000359 2
0 584 17 601 0.000359 2
1263 168 1279 180 0.000354 2
0 582 48 621 0.000353 2
708 187 729 215 0.000352 2
495 238 534 254 0.000351 2
495 421 592 459 0.000351 2
1195 473 1242 498 0.000349 2
1050 197 1066 223 0.000347 2
1082 181 1125 211 0.000346 2
809 327 849 343 0.000344 2
659 209 676 230 0.000344 2
454 422 496 447 0.000341 2
493 422 585 438 0.000338 2
331 199 356 239 0.000337 2
156 398 186 423 0.000336 2
172 399 193 418 0.000331 2
452 407 520 442 0.000330 2
1247 197 1276 232 0.000330 2
831 459 844 476 0.000327 2
485 415 529 441 0.000324 2
1093 207 1138 232 0.000324 2
318 201 334 261 0.000322 2
1263 349 1279 370 0.000322 2
656 210 678 231 0.000321 2
866 185 908 241 0.000318 2
913 180 948 201 0.000317 2
1244 423 1279 472 0.000315 2
703 443 721 470 0.000315 2
1102 392 1125 408 0.000314 2
495 407 507 423 0.000312 2
0 584 48 628 0.000310 2
145 412 169 424 0.000308 2
517 424 589 439 0.000308 2
119 396 191 421 0.000308 2
30 577 97 614 0.000305 2
519 428 589 439 0.000304 2
305 186 324 201 0.000303 2
332 198 354 234 0.000303 2
879 473 890 486 0.000302 2
869 177 954 222 0.000301 2
149 396 196 420 0.000301 2
744 200 769 232 0.000298 2
304 178 328 198 0.000296 2
1195 472 1234 507 0.000293 2
247 412 264 423 0.000289 2
0 250 50 284 0.000289 2
493 421 590 450 0.000288 2
1204 250 1280 295 0.000288 2
1262 462 1279 479 0.000287 2
1262 169 1279 211 0.000285 2
1264 350 1279 369 0.000284 2
703 438 721 470 0.000278 2
1127 213 1194 247 0.000277 2
944 327 977 344 0.000276 2
352 418 384 471 0.000275 2
944 327 974 343 0.000275 2
10 239 73 283 0.000272 2
1023 305 1088 338 0.000272 2
1155 226 1188 247 0.000269 2
1037 325 1088 344 0.000269 2
1167 262 1187 269 0.000268 2
1174 259 1232 287 0.000266 2
833 471 848 479 0.000265 2
1263 468 1279 497 0.000264 2
1263 168 1279 205 0.000262 2
11 585 48 605 0.000260 2
603 447 648 471 0.000256 2
975 456 984 463 0.000256 2
895 454 914 469 0.000253 2
1083 471 1097 480 0.000252 2
225 444 299 468 0.000251 2
36 251 94 282 0.000249 2
1264 348 1279 368 0.000249 2
959 335 969 345 0.000249 2
639 423 654 438 0.000248 2
1201 435 1251 456 0.000248 2
0 252 16 284 0.000247 2
35 579 97 611 0.000247 2
1104 487 1150 509 0.000246 2
1171 472 1217 504 0.000245 2
1183 223 1213 253 0.000243 2
520 428 592 457 0.000243 2
448 422 469 444 0.000241 2
608 460 640 472 0.000241 2
36 579 98 616 0.000240 2
1130 500 1144 509 0.000240 2
598 359 624 381 0.000238 2
327 205 371 274 0.000237 2
587 166 625 192 0.000236 2
273 183 297 205 0.000236 2
493 420 552 444 0.000234 2
0 583 16 596 0.000234 2
1058 320 1127 344 0.000234 2
59 254 93 265 0.000233 2
0 584 32 601 0.000233 2
1092 471 1156 481 0.000233 2
1041 486 1067 502 0.000232 2
591 161 623 184 0.000231 2
1119 64 1167 78 0.000231 2
398 453 416 465 0.000231 2
57 253 94 287 0.000228 2
1257 252 1279 286 0.000227 2
646 423 701 445 0.000227 2
0 396 19 423 0.000226 2
1272 253 1279 280 0.000225 2
958 482 970 487 0.000224 2
629 359 659 398 0.000223 2
1190 473 1217 506 0.000223 2
0 257 16 282 0.000222 2
12 583 78 626 0.000221 2
106 392 288 476 0.000221 2
1025 487 1065 502 0.000219 2
20 200 36 206 0.000219 2
495 408 514 425 0.000218 2
606 453 624 470 0.000217 2
12 585 80 617 0.000216 2
866 216 882 242 0.000216 2
157 401 194 424 0.000216 2
3 255 50 293 0.000215 2
593 359 625 391 0.000215 2
250 447 320 469 0.000214 2
574 449 592 463 0.000214 2
1235 503 1248 510 0.000213 2
558 183 585 216 0.000212 2
0 233 262 301 0.000212 2
971 481 988 487 0.000211 2
382 450 416 472 0.000209 2
839 500 848 511 0.000209 2
1194 422 1253 456 0.000209 2
910 179 938 200 0.000208 2
272 447 321 468 0.000207 2
0 393 17 419 0.000206 2
945 328 976 360 0.000205 2
1187 258 1280 292 0.000204 2
330 445 400 472 0.000204 2
954 334 977 362 0.000204 2
292 543 310 552 0.000201 2
710 303 768 339 0.000200 2
111 395 140 425 0.000200 2
1119 314 1168 343 0.000200 2
552 197 626 217 0.000198 2
1264 367 1279 375 0.000198 2
0 395 16 415 0.000197 2
1263 168 1279 241 0.000197 2
1063 486 1089 503 0.000197 2
354 411 393 473 0.000196 2
460 425 512 449 0.000194 2
1023 486 1065 501 0.000194 2
96 583 120 607 0.000194 2
838 494 848 508 0.000194 2
944 340 994 394 0.000194 2
639 424 656 449 0.000194 2
1195 255 1238 288 0.000193 2
587 157 628 185 0.000193 2
529 425 585 438 0.000193 2
60 252 97 288 0.000192 2
1071 326 1088 340 0.000191 2
1 584 48 604 0.000190 2
36 568 96 591 0.000190 2
0 583 16 638 0.000188 2
80 393 225 422 0.000188 2
351 423 385 472 0.000187 2
625 374 638 388 0.000187 2
525 431 592 456 0.000187 2
242 409 264 423 0.000186 2
24 584 77 616 0.000186 2
0 400 16 422 0.000186 2
592 373 707 464 0.000184 2
71 569 96 589 0.000184 2
9 585 51 623 0.000181 2
1014 440 1025 451 0.000180 2
1191 255 1279 289 0.000178 2
1170 203 1212 249 0.000178 2
1034 310 1132 345 0.000178 2
190 371 224 416 0.000178 2
503 312 529 336 0.000177 2
504 329 513 336 0.000176 2
1033 324 1089 355 0.000175 2
608 458 644 475 0.000175 2
1197 254 1279 295 0.000172 2
655 424 698 442 0.000168 2
593 360 624 386 0.000168 2
640 460 650 471 0.000168 2
60 393 294 476 0.000168 2
1076 471 1158 483 0.000168 2
111 411 144 443 0.000167 2
29 568 97 604 0.000166 2
350 419 400 472 0.000165 2
464 392 481 405 0.000165 2
494 408 515 428 0.000165 2
591 529 600 535 0.000164 2
999 336 1008 343 0.000164 2
1131 493 1185 510 0.000164 2
1263 368 1279 393 0.000162 2
1191 256 1280 294 0.000160 2
341 196 387 228 0.000158 2
784 176 961 292 0.000157 2
945 339 995 369 0.000156 2
182 394 224 424 0.000155 2
896 176 941 194 0.000155 2
175 401 202 423 0.000155 2
17 515 45 527 0.000155 2
0 393 33 423 0.000154 2
1205 438 1249 456 0.000154 2
1 233 223 299 0.000154 2
31 263 49 296 0.000154 2
989 481 1005 487 0.000153 2
95 584 159 619 0.000152 2
1024 320 1053 332 0.000152 2
1181 248 1279 312 0.000151 2
495 435 528 453 0.000151 2
0 254 23 296 0.000151 2
607 336 660 380 0.000151 2
528 434 592 457 0.000151 2
1023 320 1038 329 0.000150 2
599 478 608 487 0.000149 2
10 584 57 618 0.000148 2
19 582 79 614 0.000147 2
1205 299 1231 314 0.000146 2
1118 64 1169 82 0.000145 2
450 427 483 446 0.000144 2
43 433 100 469 0.000144 2
831 504 840 511 0.000144 2
503 313 513 327 0.000144 2
44 433 106 469 0.000143 2
1023 320 1058 344 0.000143 2
149 259 224 296 0.000142 2
608 322 661 369 0.000141 2
0 402 17 423 0.000140 2
43 581 97 613 0.000140 2
641 209 718 236 0.000140 2
996 165 1068 231 0.000140 2
347 422 384 473 0.000138 2
504 403 590 438 0.000138 2
1270 436 1279 455 0.000138 2
262 177 329 275 0.000138 2
175 396 212 419 0.000138 2
496 437 526 453 0.000137 2
622 321 677 366 0.000137 2
171 286 186 295 0.000137 2
56 577 96 593 0.000137 2
447 435 458 445 0.000136 2
759 168 1119 270 0.000135 2
1119 471 1128 477 0.000135 2
335 423 352 446 0.000134 2
624 317 681 360 0.000134 2
289 176 311 198 0.000134 2
976 343 993 358 0.000133 2
500 437 528 453 0.000133 2
1018 335 1033 344 0.000132 2
1155 207 1174 216 0.000132 2
350 406 386 463 0.000131 2
511 341 521 350 0.000131 2
680 209 693 232 0.000131 2
615 451 644 466 0.000130 2
359 406 400 474 0.000130 2
1002 191 1024 224 0.000130 2
613 180 730 228 0.000129 2
678 190 821 238 0.000129 2
699 448 720 470 0.000128 2
1007 304 1021 311 0.000128 2
1105 608 1111 614 0.000127 2
171 392 219 417 0.000127 2
633 192 655 208 0.000127 2
624 308 683 359 0.000127 2
1251 366 1279 424 0.000127 2
915 180 953 203 0.000126 2
638 410 658 425 0.000125 2
502 306 530 337 0.000125 2
1102 493 1121 510 0.000124 2
1092 439 1121 460 0.000122 2
1175 420 1254 457 0.000122 2
415 402 422 408 0.000122 2
1040 461 1061 471 0.000121 2
521 431 593 456 0.000121 2
1141 477 1217 507 0.000120 2
956 206 984 224 0.000119 2
639 676 713 703 0.000118 2
448 423 482 446 0.000118 2
1200 439 1249 457 0.000118 2
592 448 610 462 0.000118 2
515 431 594 456 0.000117 2
797 452 833 472 0.000117 2
1023 481 1040 495 0.000116 2
823 327 856 344 0.000116 2
494 434 527 453 0.000116 2
450 406 508 432 0.000116 2
623 319 666 357 0.000115 2
95 583 132 616 0.000115 2
1119 233 1185 258 0.000115 2
344 406 384 459 0.000115 2
477 198 519 232 0.000114 2
66 568 96 579 0.000114 2
165 278 219 296 0.000114 2
118 411 144 439 0.000113 2
585 422 610 472 0.000113 2
913 189 955 209 0.000113 2
222 130 235 145 0.000113 2
454 305 496 347 0.000112 2
262 391 288 403 0.000111 2
1264 370 1279 394 0.000111 2
23 393 308 475 0.000111 2
256 391 288 407 0.000110 2
97 583 161 614 0.000110 2
631 372 692 404 0.000110 2
927 182 954 203 0.000110 2
912 520 927 527 0.000110 2
626 405 672 424 0.000110 2
1127 487 1155 508 0.000109 2
660 184 691 231 0.000109 2
438 165 493 215 0.000109 2
982 344 1008 360 0.000109 2
15 513 47 525 0.000108 2
0 282 23 295 0.000108 2
590 418 627 468 0.000106 2
697 184 736 206 0.000104 2
223 446 317 480 0.000104 2
628 370 702 410 0.000104 2
96 583 139 618 0.000104 2
623 374 655 394 0.000104 2
625 328 662 356 0.000104 2
447 404 490 444 0.000103 2
505 393 596 440 0.000103 2
333 407 392 466 0.000103 2
911 520 927 527 0.000102 2
426 381 529 444 0.000102 2
447 392 494 438 0.000102 2
127 254 144 296 0.000102 2
1007 334 1023 345 0.000101 2
620 336 660 373 0.000101 2
708 212 728 234 0.003118 3
479 170 585 216 0.017192 5
480 172 517 217 0.009065 5
479 169 579 214 0.006750 5
479 174 519 217 0.005358 5
1112 215 1188 248 0.002124 5
493 180 576 212 0.001711 5
447 145 527 172 0.000459 5
479 172 523 216 0.000350 5
1262 165 1279 260 0.000217 5
455 152 525 172 0.000204 5
457 145 526 171 0.000197 5
444 157 521 217 0.000157 5
464 144 526 170 0.000109 5
689 260 1279 503 0.037712 6
731 259 1278 468 0.013749 6
698 259 1279 457 0.012516 6
723 252 1278 499 0.011965 6
672 260 1278 474 0.007656 6
0 561 82 600 0.006391 6
1070 154 1279 264 0.006230 6
1068 159 1278 257 0.005710 6
743 258 1276 414 0.005677 6
1067 166 1278 264 0.005481 6
737 213 1277 393 0.005338 6
1066 178 1277 256 0.005286 6
478 167 581 213 0.005175 6
728 308 1278 508 0.004739 6
711 228 1278 388 0.004068 6
734 422 1275 495 0.004047 6
1066 181 1273 251 0.003816 6
735 414 1277 503 0.003535 6
726 262 1277 397 0.003519 6
671 207 1278 401 0.003463 6
640 256 1194 476 0.003328 6
694 323 1278 508 0.003267 6
1066 172 1278 268 0.003238 6
728 336 1278 496 0.003064 6
1018 272 1279 473 0.002900 6
734 408 1275 507 0.002899 6
749 197 1275 391 0.002713 6
1028 465 1272 510 0.002689 6
793 285 1278 508 0.002633 6
641 266 1150 480 0.002476 6
1020 274 1279 492 0.002306 6
686 269 1246 389 0.002295 6
725 429 1266 487 0.002188 6
688 165 1278 355 0.002129 6
728 431 1167 484 0.002110 6
1086 161 1279 263 0.002060 6
641 262 1080 481 0.002023 6
1063 157 1273 252 0.002009 6
723 398 1052 483 0.002004 6
479 166 582 217 0.002001 6
1067 179 1247 248 0.001848 6
732 434 1019 482 0.001818 6
733 162 1273 381 0.001793 6
724 171 1277 364 0.001789 6
725 430 1272 514 0.001751 6
726 405 1035 481 0.001744 6
775 396 1277 508 0.001687 6
730 432 1050 482 0.001669 6
646 285 1046 480 0.001517 6
828 458 1273 508 0.001499 6
721 378 1261 487 0.001453 6
1029 458 1273 510 0.001451 6
789 268 1279 489 0.001449 6
724 184 1276 393 0.001443 6
1020 267 1279 456 0.001390 6
706 442 1275 512 0.001358 6
816 454 1274 509 0.001273 6
734 438 881 475 0.001270 6
493 162 581 207 0.001254 6
678 273 1263 488 0.001224 6
667 271 1119 388 0.001197 6
1024 284 1279 506 0.001196 6
695 407 1057 480 0.001186 6
905 291 1279 509 0.001132 6
888 469 1271 507 0.001066 6
1032 291 1265 349 0.001031 6
640 253 1190 452 0.001008 6
1019 467 1277 511 0.000995 6
840 449 1036 487 0.000981 6
735 436 914 477 0.000965 6
1047 413 1280 509 0.000960 6
832 389 1278 507 0.000955 6
737 147 1265 388 0.000951 6
720 422 1274 517 0.000935 6
666 308 1025 480 0.000930 6
1023 281 1261 350 0.000926 6
735 434 905 478 0.000923 6
1036 472 1268 511 0.000914 6
1079 413 1279 506 0.000907 6
1034 279 1279 463 0.000901 6
1035 445 1275 510 0.000819 6
1067 469 1268 511 0.000793 6
830 135 939 166 0.000788 6
1030 410 1278 509 0.000776 6
1025 397 1258 469 0.000757 6
656 269 1051 463 0.000757 6
703 209 1250 382 0.000738 6
644 266 1095 395 0.000720 6
1026 275 1278 348 0.000717 6
460 158 587 216 0.000706 6
847 447 1032 486 0.000681 6
1037 269 1274 350 0.000674 6
1017 400 1278 508 0.000668 6
1040 276 1279 488 0.000654 6
906 180 1277 262 0.000644 6
735 418 871 474 0.000637 6
734 439 909 478 0.000631 6
743 180 1277 287 0.000603 6
602 417 704 465 0.000600 6
1092 416 1278 503 0.000596 6
698 170 1279 438 0.000595 6
1017 164 1279 441 0.000594 6
1039 465 1258 500 0.000583 6
641 357 1109 479 0.000580 6
1071 473 1266 510 0.000564 6
1035 463 1275 511 0.000561 6
1023 393 1260 465 0.000558 6
734 419 892 477 0.000552 6
847 275 1150 386 0.000547 6
640 368 1039 475 0.000538 6
1036 428 1276 510 0.000538 6
1028 287 1275 353 0.000531 6
1138 337 1278 420 0.000516 6
191 444 289 469 0.000514 6
722 418 1270 530 0.000514 6
329 392 710 466 0.000513 6
734 438 955 479 0.000510 6
760 274 1026 345 0.000510 6
1 65 341 402 0.000492 6
1146 341 1277 421 0.000485 6
1104 412 1279 471 0.000483 6
831 451 1062 487 0.000481 6
1085 413 1275 462 0.000480 6
837 436 1035 486 0.000479 6
1032 203 1279 450 0.000475 6
468 162 651 218 0.000461 6
640 261 1064 442 0.000460 6
1049 471 1270 513 0.000456 6
1109 415 1278 478 0.000450 6
1135 294 1279 421 0.000437 6
1021 401 1265 466 0.000419 6
847 428 1046 486 0.000414 6
8 395 293 477 0.000408 6
1108 472 1271 511 0.000406 6
1042 171 1279 328 0.000406 6
597 405 709 466 0.000386 6
1133 295 1278 351 0.000383 6
757 274 1001 350 0.000381 6
714 431 1024 482 0.000376 6
1088 421 1276 510 0.000370 6
736 436 942 481 0.000370 6
1044 406 1268 463 0.000356 6
1179 343 1278 420 0.000349 6
888 190 1251 280 0.000349 6
1025 394 1280 472 0.000345 6
186 444 298 471 0.000343 6
914 274 1140 339 0.000337 6
747 275 1028 355 0.000336 6
711 143 1230 370 0.000334 6
11 396 328 477 0.000328 6
691 215 1157 365 0.000323 6
854 282 1134 389 0.000318 6
892 276 1119 378 0.000317 6
1066 64 1279 283 0.000309 6
0 430 319 478 0.000305 6
831 134 939 161 0.000302 6
1054 181 1279 310 0.000298 6
1022 280 1242 345 0.000292 6
328 394 714 460 0.000290 6
1126 419 1278 500 0.000288 6
821 135 939 225 0.000286 6
186 443 296 469 0.000283 6
1121 417 1278 477 0.000280 6
1033 418 1253 505 0.000280 6
433 394 712 466 0.000272 6
1138 309 1278 423 0.000264 6
1039 465 1219 503 0.000263 6
1025 275 1217 344 0.000260 6
1036 170 1278 350 0.000260 6
1044 338 1279 504 0.000259 6
1181 111 1279 268 0.000254 6
1016 343 1264 466 0.000251 6
329 396 717 489 0.000251 6
1117 356 1278 464 0.000251 6
458 247 956 474 0.000247 6
891 273 1164 346 0.000244 6
640 167 1157 393 0.000234 6
1039 401 1280 511 0.000230 6
1162 344 1277 423 0.000230 6
327 64 663 235 0.000230 6
570 258 958 474 0.000228 6
1093 472 1269 514 0.000227 6
1155 330 1279 422 0.000227 6
1025 277 1179 345 0.000226 6
1027 286 1214 346 0.000218 6
640 151 1171 409 0.000216 6
14 430 343 476 0.000215 6
1119 374 1277 462 0.000213 6
1132 425 1278 510 0.000207 6
11 436 351 512 0.000206 6
412 151 591 243 0.000205 6
824 451 1126 488 0.000204 6
0 433 325 513 0.000203 6
8 437 327 510 0.000203 6
328 399 722 482 0.000201 6
1029 275 1147 342 0.000199 6
934 176 1257 250 0.000196 6
1121 290 1275 352 0.000196 6
1105 158 1216 219 0.000194 6
747 275 1020 344 0.000193 6
606 428 703 470 0.000193 6
1043 400 1271 462 0.000193 6
958 170 1278 359 0.000191 6
910 270 1156 329 0.000190 6
1131 289 1279 351 0.000188 6
375 64 642 220 0.000185 6
1026 467 1218 506 0.000184 6
1088 402 1275 461 0.000184 6
1110 64 1280 277 0.000181 6
739 335 1035 390 0.000179 6
765 274 999 344 0.000179 6
1012 337 1254 413 0.000176 6
905 195 1182 264 0.000174 6
594 418 705 466 0.000174 6
1234 248 1279 451 0.000170 6
88 396 291 476 0.000169 6
1142 474 1273 514 0.000165 6
12 434 316 475 0.000164 6
935 163 1279 442 0.000164 6
829 128 938 167 0.000163 6
741 337 1017 390 0.000160 6
761 258 984 344 0.000158 6
0 429 349 478 0.000157 6
1169 423 1279 493 0.000156 6
1134 347 1279 460 0.000155 6
710 420 1250 533 0.000153 6
1185 341 1279 432 0.000153 6
764 274 968 342 0.000152 6
453 161 721 246 0.000151 6
1138 339 1273 423 0.000150 6
745 276 1010 349 0.000150 6
0 561 70 599 0.000149 6
1017 339 1267 401 0.000147 6
8 393 312 480 0.000147 6
835 450 1035 491 0.000144 6
455 144 526 172 0.000144 6
735 414 882 474 0.000142 6
1095 160 1209 215 0.000141 6
319 447 383 471 0.000141 6
881 295 1118 382 0.000141 6
1166 264 1271 286 0.000140 6
324 433 387 472 0.000140 6
588 402 708 464 0.000140 6
415 240 941 475 0.000138 6
1235 254 1279 427 0.000137 6
734 411 896 475 0.000136 6
671 64 956 254 0.000135 6
1027 260 1280 306 0.000135 6
872 453 1194 489 0.000130 6
868 316 1148 408 0.000129 6
1046 218 1276 308 0.000129 6
437 65 656 221 0.000128 6
333 339 714 466 0.000127 6
1024 287 1197 346 0.000127 6
1137 297 1277 359 0.000124 6
640 229 1050 380 0.000124 6
1023 277 1139 345 0.000123 6
15 393 224 465 0.000121 6
640 408 1029 488 0.000121 6
852 453 1163 488 0.000118 6
78 424 300 475 0.000118 6
0 553 101 704 0.000116 6
1095 264 1279 349 0.000116 6
152 170 267 233 0.000116 6
647 175 1095 395 0.000115 6
741 284 1029 389 0.000114 6
1025 290 1145 344 0.000114 6
1040 409 1252 506 0.000114 6
351 131 461 213 0.000114 6
430 166 493 212 0.000112 6
437 253 930 478 0.000111 6
346 64 689 239 0.000110 6
693 401 1168 548 0.000109 6
348 356 711 464 0.000109 6
1022 393 1259 475 0.000107 6
898 283 1012 382 0.000107 6
1155 362 1279 466 0.000105 6
1021 64 1273 272 0.000104 6
1185 344 1279 451 0.000104 6
1036 403 1280 535 0.000104 6
1167 429 1279 510 0.000102 6
1154 399 1279 488 0.000102 6
859 177 953 242 0.333201 7
850 176 952 241 0.236341 7
802 177 950 243 0.169946 7
833 176 953 243 0.142744 7
715 152 860 240 0.055788 7
713 152 860 267 0.055704 7
866 177 942 231 0.052683 7
708 152 860 257 0.051770 7
588 182 640 215 0.044862 7
586 179 639 215 0.039928 7
783 175 954 244 0.034631 7
588 184 624 214 0.031767 7
709 152 859 227 0.031699 7
700 152 861 239 0.026814 7
697 152 952 242 0.024381 7
588 183 620 213 0.020470 7
1183 177 1279 267 0.020189 7
708 152 824 224 0.017598 7
1068 183 1198 246 0.017236 7
588 173 642 215 0.017036 7
740 153 859 240 0.016961 7
802 170 857 241 0.016819 7
700 152 806 233 0.015500 7
704 153 807 225 0.013044 7
587 167 641 215 0.012419 7
1183 225 1241 266 0.011699 7
481 170 579 214 0.011356 7
802 155 869 241 0.011348 7
588 184 627 215 0.010490 7
866 176 942 224 0.010391 7
1183 185 1279 267 0.009843 7
866 176 937 228 0.009606 7
587 180 639 211 0.009237 7
1183 218 1240 265 0.009075 7
1114 216 1186 249 0.008930 7
700 151 867 244 0.008576 7
504 171 580 211 0.008255 7
1114 183 1228 246 0.008219 7
1117 216 1191 249 0.008098 7
587 159 641 214 0.007993 7
1118 218 1187 248 0.007830 7
711 154 807 236 0.007547 7
1066 187 1195 248 0.007408 7
1111 183 1211 247 0.007326 7
1114 184 1244 248 0.006755 7
1183 214 1278 268 0.006702 7
1067 184 1222 248 0.006307 7
503 171 580 206 0.006154 7
1112 217 1184 249 0.006119 7
695 152 806 217 0.006061 7
802 135 944 240 0.005599 7
1183 197 1279 268 0.005197 7
487 169 580 210 0.005072 7
691 185 730 236 0.005038 7
588 184 618 208 0.004972 7
802 184 854 238 0.004571 7
1115 179 1241 256 0.004236 7
1066 199 1192 248 0.004153 7
1115 222 1172 248 0.004151 7
802 151 863 240 0.004066 7
1183 223 1277 267 0.003775 7
866 177 943 211 0.003638 7
1207 176 1279 267 0.003632 7
685 154 953 262 0.003568 7
866 179 928 237 0.003543 7
853 176 935 235 0.003503 7
691 184 732 229 0.003480 7
864 177 960 245 0.003349 7
803 158 858 221 0.003049 7
692 182 733 234 0.003036 7
803 184 855 222 0.003011 7
1133 232 1175 249 0.002636 7
589 159 645 214 0.002553 7
866 177 949 227 0.002388 7
1066 210 1192 248 0.002386 7
1068 215 1190 248 0.002365 7
848 176 918 241 0.002354 7
1066 207 1175 246 0.002286 7
1170 193 1241 266 0.002255 7
1130 231 1176 248 0.002166 7
862 176 918 239 0.002151 7
848 175 927 237 0.002091 7
696 134 951 244 0.002074 7
1183 179 1239 265 0.002055 7
1185 174 1279 235 0.002023 7
1074 161 1214 247 0.001952 7
1224 176 1279 232 0.001939 7
864 176 1001 249 0.001916 7
801 180 860 242 0.001815 7
802 181 855 241 0.001812 7
706 136 880 233 0.001793 7
1116 218 1183 250 0.001749 7
1221 178 1279 234 0.001731 7
1119 64 1151 77 0.001708 7
602 177 638 201 0.001704 7
706 144 861 231 0.001687 7
704 153 808 213 0.001671 7
552 175 580 203 0.001642 7
292 198 390 305 0.001625 7
1066 185 1155 244 0.001619 7
687 166 962 257 0.001537 7
690 182 729 237 0.001399 7
483 163 580 210 0.001353 7
531 172 641 216 0.001343 7
802 178 858 229 0.001335 7
1130 229 1187 249 0.001326 7
292 199 390 287 0.001317 7
588 188 621 214 0.001298 7
866 177 941 204 0.001244 7
537 165 643 214 0.001242 7
689 177 732 234 0.001234 7
714 152 809 207 0.001193 7
790 150 956 246 0.001160 7
772 175 962 250 0.001147 7
1204 168 1279 232 0.001094 7
1113 183 1191 228 0.001055 7
576 184 621 213 0.000972 7
687 184 734 229 0.000972 7
1188 166 1279 232 0.000956 7
1104 182 1191 249 0.000946 7
1182 168 1244 263 0.000903 7
1182 227 1278 273 0.000857 7
1117 183 1188 221 0.000840 7
1107 219 1186 250 0.000810 7
810 158 857 179 0.000802 7
696 184 730 212 0.000792 7
809 159 858 186 0.000773 7
1114 183 1191 218 0.000770 7
1100 162 1218 237 0.000709 7
1198 165 1278 231 0.000709 7
780 173 1092 258 0.000705 7
1182 222 1279 272 0.000703 7
1228 180 1279 232 0.000694 7
695 184 731 207 0.000659 7
702 142 860 218 0.000636 7
1077 162 1178 215 0.000574 7
805 156 858 225 0.000569 7
835 132 954 242 0.000539 7
586 181 654 224 0.000530 7
1106 161 1213 221 0.000522 7
1118 183 1187 218 0.000513 7
717 153 807 213 0.000498 7
559 152 870 239 0.000495 7
803 173 856 220 0.000493 7
695 132 900 241 0.000476 7
866 175 939 205 0.000471 7
848 171 921 230 0.000463 7
586 160 668 215 0.000453 7
1223 161 1279 239 0.000449 7
777 174 1069 254 0.000440 7
503 160 645 213 0.000421 7
808 159 857 190 0.000419 7
756 130 930 225 0.000377 7
1232 426 1279 491 0.000375 7
1140 183 1190 217 0.000351 7
1188 473 1243 507 0.000346 7
690 162 809 236 0.000342 7
1185 160 1279 236 0.000339 7
695 183 736 225 0.000325 7
695 136 818 217 0.000318 7
584 177 622 209 0.000306 7
1216 465 1257 508 0.000304 7
584 182 640 220 0.000303 7
1252 175 1279 264 0.000292 7
1113 212 1242 269 0.000279 7
1094 182 1184 248 0.000271 7
766 183 854 270 0.000266 7
535 154 871 243 0.000264 7
700 139 855 215 0.000263 7
804 128 957 254 0.000251 7
1142 183 1187 218 0.000238 7
592 153 931 274 0.000231 7
513 174 582 219 0.000228 7
1218 470 1257 510 0.000208 7
1142 183 1203 220 0.000208 7
705 159 797 224 0.000204 7
697 162 784 223 0.000202 7
1103 164 1144 203 0.000199 7
721 156 804 226 0.000197 7
1223 178 1279 228 0.000194 7
1145 183 1201 219 0.000189 7
1117 184 1163 217 0.000184 7
741 152 808 211 0.000171 7
693 125 909 241 0.000170 7
1122 479 1190 508 0.000166 7
1223 163 1279 215 0.000143 7
1093 183 1146 219 0.000138 7
695 138 1138 358 0.000129 7
1236 179 1279 211 0.000127 7
1254 319 1279 370 0.000124 7
665 89 883 242 0.000118 7
721 135 1103 259 0.000115 7
296 199 330 234 0.000112 7
1117 184 1146 216 0.000112 7
722 166 1159 307 0.000110 7
412 110 905 255 0.000106 7
706 301 767 362 0.000105 7
1185 157 1272 228 0.000104 7
499 182 645 226 0.000103 7
721 152 809 191 0.000101 7
334 422 395 474 0.000101 7
1088 150 1102 178 0.446416 9
513 151 524 176 0.283861 9
514 151 524 177 0.093468 9
1089 149 1104 183 0.069387 9
513 150 524 177 0.066657 9
449 157 490 171 0.060793 9
1207 169 1215 189 0.044838 9
372 167 382 185 0.040656 9
1207 168 1216 190 0.039468 9
372 169 382 184 0.037681 9
1011 135 1024 171 0.034485 9
513 152 523 184 0.034253 9
1013 135 1024 169 0.033301 9
1012 135 1025 170 0.029311 9
1087 158 1098 185 0.027407 9
365 167 374 187 0.026863 9
313 150 341 187 0.022851 9
366 167 374 187 0.021788 9
1088 149 1103 187 0.020043 9
559 184 567 196 0.019296 9
553 173 572 201 0.018016 9
879 157 892 169 0.017474 9
865 152 880 169 0.016593 9
239 180 247 190 0.016456 9
1207 168 1215 199 0.014895 9
1007 135 1025 171 0.013797 9
552 172 581 204 0.013336 9
896 153 906 174 0.012327 9
448 157 490 181 0.012296 9
372 167 381 186 0.012274 9
880 156 894 169 0.011981 9
1215 167 1223 183 0.011681 9
1008 135 1024 172 0.011314 9
523 183 535 196 0.011070 9
448 158 469 171 0.010632 9
1046 154 1056 174 0.010602 9
1101 152 1111 179 0.010498 9
1102 159 1111 179 0.010065 9
1198 394 1206 416 0.010019 9
313 151 342 185 0.009847 9
1194 384 1206 400 0.009782 9
553 173 576 200 0.009583 9
694 184 702 198 0.009405 9
1193 383 1207 416 0.009307 9
239 177 247 190 0.009207 9
1193 384 1206 409 0.008981 9
865 151 880 168 0.008842 9
879 153 891 169 0.008369 9
257 180 262 191 0.007782 9
897 158 905 176 0.007582 9
1045 154 1057 178 0.007443 9
1213 167 1223 190 0.007361 9
111 151 128 164 0.007353 9
371 166 381 186 0.007216 9
545 168 552 179 0.007011 9
665 187 671 201 0.007002 9
463 167 472 184 0.006908 9
693 180 703 198 0.006778 9
665 182 671 197 0.006660 9
362 167 369 188 0.006474 9
513 145 524 175 0.006173 9
1155 166 1167 184 0.006071 9
870 166 880 177 0.006022 9
554 176 580 202 0.005708 9
1097 132 1105 151 0.005647 9
1081 174 1089 184 0.005639 9
1207 168 1216 197 0.005632 9
1192 163 1202 186 0.005570 9
1045 152 1056 174 0.005570 9
1090 150 1111 180 0.005433 9
880 153 895 170 0.005091 9
1191 385 1204 401 0.005073 9
895 152 906 175 0.005066 9
1191 384 1206 400 0.005049 9
1185 383 1210 415 0.004612 9
68 168 80 178 0.004524 9
313 154 342 188 0.004467 9
880 155 896 176 0.004447 9
111 151 128 165 0.004412 9
1044 154 1056 176 0.004321 9
257 142 268 160 0.004303 9
1090 231 1103 269 0.004269 9
638 162 650 183 0.004041 9
1041 154 1056 178 0.004008 9
1186 381 1208 416 0.004001 9
240 164 247 178 0.003985 9
1192 166 1201 186 0.003954 9
1010 134 1025 171 0.003911 9
564 178 581 202 0.003764 9
258 143 268 160 0.003761 9
1089 231 1103 270 0.003752 9
257 144 267 160 0.003750 9
1088 190 1095 202 0.003709 9
693 179 700 197 0.003690 9
876 155 895 176 0.003686 9
1180 162 1203 217 0.003638 9
259 142 268 160 0.003604 9
119 64 159 76 0.003583 9
567 139 581 161 0.003567 9
1208 168 1216 200 0.003499 9
693 176 703 199 0.003488 9
1229 168 1247 181 0.003485 9
1190 159 1202 187 0.003432 9
568 136 581 162 0.003419 9
1097 130 1104 141 0.003373 9
545 169 553 193 0.003343 9
448 154 490 170 0.003311 9
596 137 606 152 0.003305 9
595 134 606 152 0.003297 9
864 166 870 180 0.003252 9
361 167 368 189 0.003233 9
638 160 645 171 0.003229 9
1040 152 1057 184 0.003225 9
517 172 547 191 0.003198 9
638 163 650 185 0.003171 9
517 178 552 199 0.003135 9
1189 382 1216 417 0.003095 9
515 171 551 197 0.003062 9
513 145 525 177 0.003046 9
1216 192 1223 202 0.002993 9
566 143 581 162 0.002978 9
1208 167 1224 202 0.002975 9
1190 382 1216 416 0.002918 9
95 152 105 175 0.002884 9
119 64 189 82 0.002846 9
313 150 342 196 0.002729 9
447 156 490 188 0.002707 9
550 168 579 205 0.002616 9
513 153 538 193 0.002555 9
119 64 186 80 0.002553 9
1010 135 1025 174 0.002526 9
365 167 375 190 0.002454 9
1172 149 1184 164 0.002387 9
1182 165 1202 208 0.002382 9
587 169 595 185 0.002368 9
1167 391 1181 408 0.002328 9
591 130 604 155 0.002291 9
119 64 194 83 0.002283 9
963 359 986 392 0.002278 9
553 173 580 201 0.002273 9
119 64 159 78 0.002235 9
680 171 688 188 0.002225 9
446 157 491 207 0.002222 9
592 128 606 154 0.002218 9
549 169 571 203 0.002209 9
119 64 129 72 0.002202 9
586 118 605 156 0.002201 9
558 175 581 202 0.002200 9
588 164 604 184 0.002176 9
174 64 201 90 0.002122 9
1103 168 1122 203 0.002106 9
94 167 104 176 0.002090 9
896 152 909 176 0.002083 9
535 169 546 178 0.001986 9
1098 156 1116 191 0.001974 9
1099 136 1110 163 0.001969 9
167 64 177 76 0.001968 9
521 183 536 199 0.001958 9
1228 168 1247 181 0.001956 9
1046 156 1056 184 0.001955 9
313 149 340 189 0.001931 9
1089 148 1114 181 0.001917 9
879 155 894 172 0.001896 9
119 64 168 78 0.001883 9
1098 132 1110 158 0.001876 9
621 167 633 177 0.001876 9
588 174 602 185 0.001871 9
1183 164 1202 188 0.001840 9
681 180 689 195 0.001830 9
595 127 605 153 0.001824 9
1078 148 1103 186 0.001780 9
587 166 594 184 0.001744 9
1215 370 1222 385 0.001739 9
1088 169 1097 196 0.001736 9
838 152 847 163 0.001713 9
522 169 575 201 0.001706 9
516 168 549 183 0.001701 9
587 130 599 162 0.001699 9
1167 380 1184 409 0.001697 9
1181 383 1210 412 0.001697 9
118 64 185 79 0.001685 9
1204 407 1215 416 0.001675 9
1006 135 1024 174 0.001663 9
67 168 80 178 0.001644 9
681 166 688 184 0.001637 9
1167 392 1184 408 0.001606 9
573 135 581 160 0.001580 9
801 141 811 157 0.001578 9
1012 133 1040 170 0.001556 9
259 143 268 158 0.001548 9
358 172 367 190 0.001544 9
482 174 495 186 0.001530 9
1089 133 1107 179 0.001521 9
594 120 606 154 0.001514 9
1126 165 1146 185 0.001453 9
846 150 858 167 0.001439 9
1179 380 1207 412 0.001433 9
448 158 478 177 0.001431 9
171 64 201 90 0.001424 9
156 64 202 90 0.001405 9
1150 165 1167 184 0.001385 9
1167 378 1207 411 0.001380 9
1040 151 1056 176 0.001366 9
371 154 382 185 0.001356 9
1080 161 1100 185 0.001348 9
1207 158 1219 190 0.001322 9
895 152 909 178 0.001315 9
569 166 579 178 0.001313 9
704 163 711 179 0.001297 9
1088 154 1106 180 0.001280 9
1150 340 1168 360 0.001276 9
665 171 671 191 0.001271 9
810 160 856 179 0.001253 9
522 183 540 199 0.001252 9
1152 166 1167 184 0.001240 9
1192 161 1214 199 0.001230 9
410 177 418 202 0.001210 9
830 338 841 363 0.001190 9
119 64 181 78 0.001186 9
841 142 859 167 0.001181 9
951 347 960 366 0.001179 9
586 117 601 155 0.001179 9
970 175 976 185 0.001176 9
1176 214 1183 222 0.001169 9
410 178 419 204 0.001168 9
166 64 184 75 0.001159 9
1011 130 1041 170 0.001156 9
638 161 658 199 0.001144 9
690 169 698 180 0.001142 9
256 177 263 191 0.001140 9
615 178 634 200 0.001139 9
312 180 340 195 0.001133 9
470 149 557 218 0.001132 9
1088 146 1104 179 0.001092 9
1039 168 1048 185 0.001092 9
1087 146 1122 182 0.001089 9
831 136 861 166 0.001088 9
586 123 599 159 0.001083 9
1182 156 1203 189 0.001079 9
703 152 712 177 0.001073 9
811 158 858 180 0.001068 9
846 118 866 136 0.001067 9
1196 164 1218 206 0.001065 9
586 119 598 157 0.001064 9
663 154 671 174 0.001055 9
1187 377 1217 416 0.001053 9
1113 163 1129 182 0.001048 9
1168 381 1178 392 0.001046 9
840 118 866 136 0.001038 9
162 64 181 79 0.001033 9
927 151 937 167 0.001029 9
413 176 421 203 0.001025 9
1182 381 1192 391 0.001012 9
1194 152 1207 195 0.000995 9
1189 151 1204 188 0.000993 9
594 131 606 155 0.000990 9
863 166 869 183 0.000989 9
512 181 523 200 0.000983 9
549 172 580 214 0.000983 9
927 147 937 167 0.000969 9
1198 149 1205 183 0.000966 9
838 119 862 136 0.000960 9
1056 152 1065 173 0.000937 9
1073 133 1103 187 0.000934 9
1102 164 1147 205 0.000915 9
1177 381 1185 391 0.000909 9
1108 163 1147 185 0.000908 9
432 171 446 193 0.000908 9
1001 172 1009 187 0.000898 9
571 165 580 178 0.000883 9
810 158 855 179 0.000881 9
638 161 657 184 0.000838 9
1206 409 1216 423 0.000829 9
649 177 658 198 0.000828 9
565 134 581 162 0.000819 9
690 171 699 194 0.000817 9
513 150 545 186 0.000813 9
1150 343 1167 360 0.000810 9
1104 165 1146 189 0.000809 9
432 171 446 195 0.000800 9
589 161 603 182 0.000790 9
697 125 703 152 0.000787 9
690 173 703 199 0.000787 9
567 160 580 178 0.000785 9
672 316 680 338 0.000782 9
839 119 865 136 0.000781 9
1072 154 1095 195 0.000778 9
826 329 848 363 0.000776 9
1022 133 1040 160 0.000770 9
691 167 703 181 0.000769 9
951 349 960 384 0.000768 9
210 167 217 176 0.000768 9
1071 343 1079 360 0.000765 9
696 152 706 175 0.000764 9
1021 126 1040 163 0.000763 9
352 161 362 189 0.000760 9
1013 136 1040 169 0.000754 9
809 162 854 180 0.000751 9
991 137 1002 176 0.000748 9
992 145 1000 166 0.000747 9
67 169 80 181 0.000734 9
1020 158 1030 168 0.000733 9
119 64 202 90 0.000729 9
664 315 679 349 0.000729 9
111 136 128 165 0.000723 9
546 139 581 162 0.000722 9
1104 178 1121 202 0.000711 9
664 310 680 350 0.000710 9
559 178 581 202 0.000709 9
665 167 671 174 0.000706 9
1224 165 1237 181 0.000702 9
339 166 352 199 0.000698 9
691 119 705 152 0.000697 9
835 155 852 174 0.000691 9
1201 166 1216 201 0.000688 9
46 314 57 343 0.000685 9
1048 152 1065 184 0.000674 9
1104 165 1124 182 0.000660 9
1025 150 1040 160 0.000658 9
1191 163 1215 199 0.000655 9
158 64 172 74 0.000655 9
1161 377 1167 384 0.000654 9
615 159 634 171 0.000648 9
580 64 596 91 0.000644 9
0 142 8 203 0.000644 9
837 119 865 135 0.000638 9
1124 165 1163 185 0.000637 9
480 178 493 195 0.000636 9
259 165 271 179 0.000634 9
485 149 524 177 0.000632 9
663 302 681 349 0.000629 9
488 157 580 214 0.000628 9
385 149 395 160 0.000627 9
664 313 680 349 0.000621 9
820 376 832 393 0.000616 9
1099 125 1137 171 0.000610 9
312 139 382 195 0.000609 9
959 136 974 160 0.000606 9
442 144 525 174 0.000603 9
480 173 495 191 0.000594 9
490 150 524 191 0.000592 9
960 135 976 160 0.000591 9
853 136 938 170 0.000588 9
822 376 832 392 0.000586 9
1056 152 1064 163 0.000580 9
312 113 378 197 0.000579 9
813 143 823 153 0.000578 9
1210 156 1224 168 0.000576 9
993 133 1011 178 0.000573 9
1054 171 1064 189 0.000568 9
1100 126 1136 167 0.000564 9
248 164 257 175 0.000561 9
910 272 924 296 0.000561 9
478 146 524 177 0.000554 9
111 150 128 164 0.000553 9
256 85 262 98 0.000550 9
1103 175 1121 202 0.000546 9
1169 148 1189 181 0.000546 9
1188 373 1207 405 0.000542 9
1107 158 1133 182 0.000541 9
256 128 268 161 0.000539 9
697 151 705 175 0.000539 9
859 112 869 136 0.000533 9
998 141 1010 183 0.000532 9
1097 118 1137 172 0.000531 9
274 185 282 194 0.000531 9
338 163 353 193 0.000527 9
714 133 720 152 0.000525 9
1096 162 1147 204 0.000523 9
609 170 641 201 0.000521 9
905 126 912 137 0.000519 9
653 152 671 175 0.000518 9
118 64 176 78 0.000517 9
1149 327 1170 360 0.000513 9
256 152 268 177 0.000512 9
348 147 376 190 0.000510 9
1215 586 1224 601 0.000508 9
697 151 712 179 0.000507 9
800 137 823 159 0.000504 9
1209 165 1240 218 0.000497 9
448 153 490 171 0.000497 9
240 161 248 180 0.000496 9
1215 364 1223 386 0.000494 9
583 127 600 162 0.000492 9
357 149 383 189 0.000491 9
875 136 930 178 0.000484 9
1224 161 1258 181 0.000483 9
835 119 863 135 0.000481 9
45 312 57 342 0.000472 9
558 145 569 161 0.000470 9
1225 161 1249 181 0.000469 9
828 135 924 171 0.000467 9
912 271 927 296 0.000466 9
1072 145 1095 187 0.000465 9
160 64 196 90 0.000464 9
598 64 620 92 0.000455 9
293 176 308 197 0.000455 9
1169 149 1185 168 0.000451 9
432 170 447 192 0.000449 9
1103 131 1137 167 0.000447 9
975 169 989 187 0.000446 9
573 124 581 149 0.000439 9
1222 405 1232 424 0.000438 9
690 118 703 154 0.000434 9
827 336 845 376 0.000433 9
1225 163 1266 181 0.000430 9
606 161 639 191 0.000429 9
992 136 1003 174 0.000429 9
312 81 370 191 0.000428 9
586 117 600 152 0.000427 9
223 178 233 199 0.000424 9
990 133 1025 175 0.000424 9
480 175 495 197 0.000423 9
690 182 702 204 0.000423 9
1105 157 1124 181 0.000421 9
997 130 1008 173 0.000421 9
653 158 662 175 0.000413 9
446 155 521 171 0.000413 9
690 118 700 131 0.000406 9
652 172 661 199 0.000406 9
861 112 869 119 0.000405 9
596 64 625 92 0.000404 9
184 687 192 703 0.000404 9
1177 382 1210 417 0.000399 9
1074 129 1105 180 0.000399 9
975 143 986 160 0.000397 9
1022 154 1039 169 0.000396 9
1076 168 1099 202 0.000394 9
569 147 581 179 0.000392 9
445 157 485 212 0.000389 9
1247 340 1263 358 0.000389 9
1088 150 1118 203 0.000388 9
861 136 939 172 0.000386 9
959 161 992 186 0.000384 9
1073 151 1080 168 0.000383 9
829 135 915 169 0.000382 9
1073 150 1081 164 0.000382 9
645 158 657 178 0.000381 9
95 182 103 200 0.000378 9
351 154 369 193 0.000376 9
589 113 607 154 0.000375 9
660 149 671 174 0.000374 9
126 176 132 186 0.000371 9
447 157 507 171 0.000369 9
991 288 1008 313 0.000369 9
1080 127 1138 201 0.000367 9
1164 158 1196 186 0.000367 9
939 344 954 387 0.000367 9
1167 384 1187 423 0.000367 9
984 351 992 359 0.000362 9
1206 166 1233 228 0.000361 9
1075 124 1132 183 0.000361 9
148 64 187 90 0.000360 9
479 334 496 355 0.000358 9
1171 143 1185 165 0.000358 9
63 144 79 177 0.000352 9
1212 152 1223 163 0.000352 9
213 164 223 177 0.000343 9
1170 162 1206 219 0.000341 9
991 343 1008 385 0.000340 9
1151 675 1168 696 0.000339 9
1151 160 1195 185 0.000338 9
594 64 623 93 0.000337 9
543 139 579 161 0.000336 9
853 115 870 136 0.000335 9
991 285 1008 312 0.000335 9
1167 376 1181 392 0.000334 9
739 360 752 377 0.000334 9
243 177 257 192 0.000334 9
256 142 271 180 0.000334 9
1144 376 1152 384 0.000332 9
664 294 672 312 0.000329 9
442 158 495 217 0.000328 9
245 176 257 191 0.000327 9
994 134 1009 175 0.000326 9
605 159 646 187 0.000324 9
544 149 567 161 0.000324 9
219 176 249 193 0.000324 9
1106 136 1136 163 0.000324 9
939 346 953 388 0.000320 9
445 145 523 171 0.000320 9
351 163 369 192 0.000320 9
311 149 383 196 0.000318 9
119 64 188 90 0.000318 9
1206 151 1223 172 0.000316 9
1247 356 1263 375 0.000316 9
532 151 544 173 0.000316 9
801 144 812 159 0.000315 9
1183 374 1207 403 0.000314 9
475 144 524 173 0.000314 9
1248 344 1262 362 0.000314 9
1167 386 1183 422 0.000313 9
575 82 584 107 0.000313 9
367 166 392 203 0.000309 9
575 81 585 106 0.000309 9
809 154 855 180 0.000307 9
999 127 1007 136 0.000307 9
256 161 269 179 0.000307 9
592 64 624 93 0.000305 9
816 376 831 393 0.000303 9
1054 178 1064 196 0.000303 9
580 64 598 92 0.000302 9
689 118 704 148 0.000301 9
1000 178 1009 198 0.000299 9
1019 171 1031 186 0.000298 9
972 141 989 161 0.000297 9
111 202 121 224 0.000296 9
372 150 382 184 0.000295 9
996 134 1009 173 0.000294 9
777 403 783 416 0.000294 9
835 138 883 169 0.000293 9
689 118 703 157 0.000292 9
1247 359 1262 376 0.000291 9
95 183 102 200 0.000290 9
448 144 526 171 0.000290 9
600 558 607 568 0.000289 9
1166 149 1192 184 0.000289 9
848 136 940 155 0.000287 9
767 104 784 134 0.000286 9
0 141 8 158 0.000286 9
64 149 80 178 0.000284 9
664 170 678 198 0.000284 9
1151 528 1157 533 0.000284 9
711 599 720 616 0.000284 9
313 109 374 195 0.000279 9
1248 330 1264 364 0.000277 9
1196 394 1213 424 0.000276 9
680 180 690 215 0.000275 9
800 135 813 156 0.000275 9
823 327 848 387 0.000272 9
1183 376 1244 425 0.000270 9
1151 675 1168 699 0.000268 9
991 133 1008 190 0.000267 9
1099 118 1137 168 0.000267 9
66 168 80 182 0.000267 9
444 157 503 217 0.000267 9
732 337 759 390 0.000266 9
1151 158 1169 186 0.000266 9
259 167 271 193 0.000265 9
959 119 983 135 0.000264 9
650 176 663 201 0.000264 9
1173 378 1186 392 0.000263 9
820 335 846 363 0.000263 9
698 120 717 181 0.000262 9
1183 377 1193 391 0.000262 9
811 150 850 163 0.000261 9
535 150 544 170 0.000258 9
851 135 938 154 0.000256 9
1181 381 1239 426 0.000253 9
495 171 514 193 0.000252 9
664 179 680 211 0.000252 9
842 148 880 174 0.000251 9
932 135 942 147 0.000251 9
767 102 783 136 0.000250 9
358 148 373 179 0.000249 9
96 151 130 177 0.000247 9
700 122 715 153 0.000247 9
1056 126 1104 191 0.000247 9
1106 146 1130 165 0.000247 9
1224 164 1265 232 0.000245 9
1107 161 1147 185 0.000245 9
803 148 824 160 0.000245 9
974 166 992 188 0.000244 9
171 64 253 91 0.000243 9
358 148 375 186 0.000243 9
637 163 657 199 0.000242 9
813 151 845 163 0.000242 9
248 161 256 175 0.000242 9
62 148 79 173 0.000241 9
701 118 715 128 0.000240 9
1201 182 1214 204 0.000240 9
414 171 447 203 0.000240 9
818 333 847 393 0.000239 9
979 357 992 384 0.000237 9
62 150 80 176 0.000235 9
1223 162 1277 221 0.000234 9
972 164 992 187 0.000234 9
588 131 618 167 0.000233 9
832 151 848 164 0.000232 9
1247 326 1265 373 0.000232 9
222 167 231 176 0.000232 9
927 138 945 167 0.000231 9
1097 127 1121 161 0.000230 9
1054 137 1104 188 0.000229 9
663 294 681 349 0.000229 9
311 143 379 198 0.000227 9
1153 337 1172 394 0.000227 9
68 169 80 200 0.000227 9
1224 161 1266 182 0.000227 9
959 161 990 185 0.000226 9
1262 169 1279 213 0.000225 9
479 172 517 217 0.000224 9
766 110 778 136 0.000224 9
900 136 938 154 0.000223 9
1225 164 1249 230 0.000223 9
799 134 821 158 0.000223 9
1184 373 1260 427 0.000222 9
1005 172 1014 186 0.000222 9
903 137 937 183 0.000220 9
702 172 711 185 0.000216 9
1073 132 1098 176 0.000216 9
843 158 872 188 0.000216 9
1033 145 1062 183 0.000215 9
313 115 373 199 0.000215 9
67 166 80 178 0.000214 9
810 160 859 187 0.000212 9
671 154 677 167 0.000211 9
912 169 921 179 0.000211 9
905 136 938 152 0.000209 9
652 148 671 175 0.000209 9
960 120 970 134 0.000209 9
990 134 1021 181 0.000207 9
856 283 862 295 0.000206 9
1074 122 1106 172 0.000205 9
1204 368 1227 406 0.000203 9
370 165 394 187 0.000203 9
313 83 335 158 0.000202 9
1110 138 1136 164 0.000202 9
110 126 128 165 0.000201 9
383 149 400 161 0.000200 9
1042 279 1057 330 0.000200 9
1102 164 1145 209 0.000200 9
1183 357 1228 419 0.000198 9
480 139 580 213 0.000194 9
1166 150 1201 188 0.000194 9
522 150 544 175 0.000193 9
653 127 660 144 0.000193 9
1083 162 1139 205 0.000191 9
679 526 688 553 0.000190 9
926 136 946 160 0.000188 9
1116 161 1149 185 0.000188 9
914 168 928 180 0.000188 9
1031 140 1127 231 0.000187 9
689 118 705 178 0.000186 9
777 398 784 416 0.000186 9
1023 123 1040 162 0.000186 9
975 143 992 161 0.000185 9
1064 122 1138 183 0.000184 9
842 164 872 224 0.000184 9
432 171 446 200 0.000184 9
991 281 1006 312 0.000184 9
848 301 855 311 0.000184 9
831 134 882 168 0.000183 9
447 181 484 214 0.000182 9
985 343 1008 387 0.000182 9
1216 394 1234 425 0.000180 9
1115 155 1181 186 0.000179 9
31 585 48 603 0.000178 9
1010 132 1042 171 0.000178 9
975 168 992 192 0.000177 9
693 184 731 203 0.000175 9
1198 154 1250 184 0.000175 9
1045 344 1054 360 0.000174 9
816 376 832 405 0.000174 9
963 71 976 90 0.000174 9
44 310 61 342 0.000173 9
960 135 977 161 0.000173 9
1247 358 1263 394 0.000173 9
568 123 580 159 0.000171 9
822 332 848 392 0.000171 9
989 344 1008 377 0.000171 9
830 119 857 135 0.000170 9
1163 163 1202 185 0.000170 9
593 64 626 92 0.000169 9
981 314 991 333 0.000168 9
583 158 607 186 0.000168 9
575 82 583 100 0.000167 9
445 156 527 200 0.000166 9
871 120 879 133 0.000166 9
1150 337 1171 387 0.000166 9
67 169 87 177 0.000165 9
208 67 224 87 0.000165 9
679 156 689 183 0.000165 9
848 176 868 228 0.000163 9
1247 326 1266 375 0.000163 9
830 282 849 312 0.000163 9
1208 584 1224 601 0.000162 9
815 372 832 393 0.000162 9
699 118 716 154 0.000162 9
1204 395 1232 424 0.000161 9
825 117 834 135 0.000160 9
553 161 579 178 0.000160 9
1150 163 1199 187 0.000160 9
1011 156 1039 189 0.000159 9
691 117 700 126 0.000159 9
1021 122 1110 227 0.000159 9
581 87 602 158 0.000159 9
1006 153 1060 189 0.000158 9
959 161 989 187 0.000158 9
310 64 341 167 0.000157 9
593 64 631 93 0.000157 9
223 178 245 196 0.000156 9
966 71 976 89 0.000156 9
1073 133 1091 160 0.000156 9
96 583 120 606 0.000155 9
279 632 288 647 0.000155 9
961 121 982 136 0.000155 9
16 157 25 179 0.000154 9
911 269 929 312 0.000154 9
829 119 862 135 0.000153 9
975 143 993 160 0.000153 9
16 157 26 183 0.000152 9
690 152 706 183 0.000151 9
543 140 565 161 0.000151 9
118 64 203 95 0.000150 9
430 157 472 199 0.000149 9
257 127 275 162 0.000149 9
126 178 132 192 0.000149 9
570 89 583 159 0.000149 9
458 306 496 354 0.000149 9
718 156 727 168 0.000148 9
909 137 936 182 0.000148 9
578 300 593 316 0.000147 9
638 146 651 166 0.000146 9
734 340 754 390 0.000146 9
822 126 832 136 0.000146 9
258 177 275 198 0.000146 9
1111 165 1184 219 0.000145 9
479 332 496 355 0.000144 9
48 184 64 206 0.000144 9
975 532 993 584 0.000144 9
930 345 955 385 0.000144 9
1030 684 1040 703 0.000143 9
310 89 336 165 0.000142 9
254 96 268 127 0.000142 9
69 179 79 199 0.000141 9
103 151 129 168 0.000141 9
991 129 1006 176 0.000140 9
581 81 601 161 0.000139 9
744 355 759 382 0.000139 9
1106 164 1152 217 0.000139 9
734 350 760 391 0.000138 9
688 118 707 181 0.000138 9
991 285 1008 331 0.000138 9
94 153 111 177 0.000138 9
1037 130 1065 172 0.000137 9
979 319 991 342 0.000137 9
702 118 718 129 0.000136 9
973 167 992 202 0.000136 9
829 373 845 392 0.000136 9
653 127 661 145 0.000135 9
454 305 496 352 0.000134 9
709 131 721 164 0.000134 9
544 265 559 280 0.000134 9
107 151 129 182 0.000134 9
212 176 236 204 0.000133 9
1197 373 1263 429 0.000133 9
310 109 324 159 0.000132 9
62 149 107 178 0.000132 9
592 135 624 173 0.000131 9
255 105 266 127 0.000131 9
881 120 898 138 0.000131 9
895 120 907 139 0.000130 9
1162 376 1211 419 0.000130 9
214 161 224 176 0.000129 9
1204 124 1231 171 0.000129 9
774 111 835 157 0.000128 9
797 133 835 158 0.000128 9
959 120 1001 163 0.000128 9
866 119 880 136 0.000127 9
39 315 55 344 0.000127 9
1071 175 1094 207 0.000126 9
625 64 637 73 0.000126 9
208 65 249 87 0.000125 9
857 136 941 152 0.000125 9
550 137 581 153 0.000125 9
1011 172 1032 196 0.000124 9
611 154 625 167 0.000123 9
1018 118 1042 169 0.000122 9
198 281 210 296 0.000122 9
816 375 832 404 0.000122 9
959 118 983 135 0.000122 9
665 167 680 187 0.000121 9
1099 108 1135 169 0.000121 9
1032 131 1065 174 0.000120 9
1033 106 1117 225 0.000120 9
316 64 351 171 0.000119 9
669 150 678 168 0.000119 9
716 325 761 393 0.000117 9
1214 585 1224 619 0.000117 9
1225 162 1278 181 0.000116 9
1197 122 1231 196 0.000116 9
1000 135 1069 229 0.000116 9
1122 165 1190 219 0.000115 9
1117 159 1173 186 0.000115 9
700 151 721 183 0.000115 9
766 103 785 136 0.000115 9
557 64 596 91 0.000114 9
1010 129 1026 163 0.000114 9
1140 131 1195 177 0.000114 9
778 111 833 137 0.000114 9
443 172 487 217 0.000113 9
183 148 199 168 0.000113 9
45 311 69 344 0.000111 9
445 142 494 171 0.000111 9
1150 338 1170 382 0.000111 9
226 130 241 146 0.000110 9
844 136 938 154 0.000110 9
1009 162 1052 205 0.000110 9
1128 330 1188 404 0.000110 9
766 133 795 153 0.000109 9
727 337 778 391 0.000109 9
308 109 334 176 0.000108 9
560 64 596 97 0.000108 9
256 74 266 98 0.000107 9
958 159 993 188 0.000106 9
900 269 929 312 0.000106 9
764 134 816 154 0.000105 9
37 311 57 344 0.000105 9
372 160 438 205 0.000104 9
309 108 326 162 0.000104 9
1120 374 1136 387 0.000104 9
309 108 324 159 0.000103 9
765 134 794 153 0.000103 9
400 85 542 178 0.000102 9
111 150 134 165 0.000102 9
442 140 497 173 0.000101 9
879 135 940 180 0.000101 9
1181 193 1198 215 0.030109 11
1181 192 1199 216 0.026894 11
1233 197 1256 231 0.008340 11
1051 110 1084 146 0.006484 11
1236 197 1256 231 0.006389 11
517 191 527 201 0.006350 11
1056 116 1066 130 0.003032 11
1233 193 1257 231 0.002104 11
1234 195 1256 231 0.001861 11
1179 186 1200 217 0.001634 11
1237 197 1256 231 0.001604 11
1179 189 1199 217 0.001321 11
1053 112 1081 143 0.000301 11
1178 191 1199 220 0.000209 11
1050 120 1060 137 0.000181 11
1050 120 1059 133 0.000147 11
