789 195 832 277 0.768506 0
524 184 556 261 0.744471 0
958 189 987 257 0.714412 0
738 200 780 292 0.696844 0
957 189 987 256 0.631275 0
957 189 988 260 0.567343 0
525 184 554 261 0.533718 0
958 189 987 254 0.440069 0
792 193 830 273 0.430672 0
791 194 831 275 0.369964 0
773 191 793 240 0.357285 0
1053 197 1079 256 0.323836 0
772 190 794 241 0.323836 0
1053 198 1078 260 0.288074 0
773 191 793 237 0.279787 0
1054 198 1078 254 0.276827 0
772 190 793 245 0.276514 0
772 189 792 241 0.260251 0
771 186 793 240 0.258024 0
772 190 794 244 0.254792 0
525 187 555 260 0.233040 0
1054 198 1077 255 0.205903 0
1054 198 1077 252 0.158344 0
1054 197 1077 249 0.156670 0
226 201 242 242 0.145879 0
691 207 703 238 0.135040 0
772 192 794 260 0.133994 0
955 369 981 426 0.132711 0
526 186 553 260 0.130701 0
956 369 981 426 0.129937 0
691 208 703 239 0.121569 0
691 208 703 238 0.120507 0
1054 197 1080 256 0.119680 0
691 208 703 238 0.117072 0
738 199 780 298 0.116697 0
787 197 801 232 0.108263 0
956 371 981 427 0.103264 0
771 185 791 230 0.103254 0
613 152 624 168 0.100775 0
954 366 981 427 0.099295 0
226 202 242 242 0.097635 0
787 195 801 233 0.093438 0
953 366 983 428 0.091927 0
524 184 547 259 0.084715 0
1215 201 1227 216 0.083347 0
226 201 241 240 0.080805 0
692 207 703 238 0.078911 0
1215 201 1227 215 0.076780 0
769 184 789 220 0.073873 0
226 201 242 243 0.070852 0
1215 201 1229 233 0.069648 0
717 212 727 234 0.068523 0
769 183 791 239 0.068172 0
1215 201 1228 233 0.067362 0
959 370 980 420 0.065876 0
1016 204 1025 222 0.065154 0
769 183 780 205 0.064824 0
1055 204 1080 260 0.063540 0
957 371 980 425 0.062691 0
690 207 703 239 0.061619 0
718 212 727 234 0.061551 0
954 369 981 432 0.056393 0
770 183 783 205 0.050588 0
769 183 782 212 0.050178 0
225 201 242 242 0.048227 0
791 194 832 277 0.047275 0
740 200 779 287 0.045348 0
773 190 793 229 0.041255 0
1054 199 1079 245 0.041107 0
746 200 780 280 0.039137 0
632 202 643 215 0.038833 0
1011 204 1025 224 0.038297 0
956 367 984 427 0.036477 0
1215 201 1230 233 0.034730 0
1215 201 1230 225 0.034584 0
690 209 703 239 0.033883 0
224 202 242 243 0.033297 0
1216 201 1229 216 0.033149 0
226 202 242 240 0.033026 0
772 193 797 265 0.032126 0
1054 197 1084 255 0.032123 0
632 202 643 215 0.031496 0
772 197 795 271 0.031211 0
1215 200 1231 266 0.030700 0
227 200 242 236 0.030620 0
613 151 624 168 0.029972 0
1215 201 1229 236 0.029762 0
226 200 242 240 0.029493 0
771 191 799 238 0.028913 0
1215 201 1230 240 0.028153 0
958 189 988 258 0.027632 0
508 183 558 260 0.027138 0
223 201 242 256 0.027060 0
1054 198 1075 221 0.026471 0
768 183 792 217 0.025807 0
954 366 988 427 0.025056 0
957 367 984 425 0.024853 0
772 193 798 251 0.024722 0
1054 198 1076 220 0.024651 0
1214 200 1231 266 0.024191 0
848 199 856 223 0.023677 0
955 371 979 428 0.021861 0
709 211 727 234 0.020011 0
951 367 980 451 0.019717 0
1054 215 1075 252 0.018944 0
743 203 778 277 0.018829 0
846 199 856 238 0.018627 0
738 202 779 299 0.018540 0
709 204 728 234 0.018224 0
958 375 968 408 0.017907 0
212 195 224 227 0.017649 0
965 372 978 390 0.017193 0
965 371 979 392 0.016927 0
224 201 242 259 0.016758 0
212 193 224 227 0.016619 0
642 679 671 703 0.016593 0
995 381 1022 423 0.016449 0
958 374 968 408 0.016286 0
748 199 779 275 0.016276 0
996 381 1023 420 0.015928 0
199 208 208 226 0.015629 0
510 184 556 257 0.015583 0
751 463 761 472 0.015530 0
769 190 791 237 0.015457 0
708 211 727 234 0.015333 0
199 206 207 224 0.015217 0
511 186 529 248 0.015207 0
738 202 776 275 0.014938 0
997 381 1019 422 0.014658 0
212 196 224 227 0.014602 0
1039 199 1051 229 0.014356 0
610 152 624 168 0.014099 0
511 191 526 210 0.014063 0
1053 193 1076 221 0.014035 0
1055 197 1078 220 0.013998 0
1195 205 1206 223 0.013843 0
1039 200 1050 229 0.013691 0
1213 199 1231 267 0.013118 0
517 191 527 204 0.013004 0
738 222 768 297 0.012765 0
849 199 856 224 0.012387 0
999 383 1012 400 0.012380 0
997 381 1024 422 0.012326 0
996 383 1013 422 0.012228 0
632 202 646 216 0.011835 0
998 381 1024 417 0.011636 0
129 538 234 666 0.011634 0
1054 192 1076 221 0.011546 0
1112 193 1120 202 0.011542 0
959 368 982 410 0.011505 0
1054 195 1084 254 0.011301 0
1190 383 1206 401 0.011238 0
558 184 566 198 0.011191 0
965 368 979 390 0.011066 0
516 191 528 210 0.010839 0
514 187 526 210 0.010808 0
1036 196 1052 229 0.010771 0
510 192 519 210 0.010460 0
632 202 646 216 0.010449 0
976 368 985 392 0.010019 0
616 150 634 192 0.009978 0
1054 191 1079 220 0.009749 0
1072 485 1080 499 0.009744 0
993 382 1012 424 0.009588 0
1194 383 1206 401 0.009483 0
958 374 972 407 0.009388 0
804 184 817 206 0.009258 0
1196 206 1206 224 0.009032 0
623 150 635 192 0.009021 0
223 202 242 263 0.008872 0
213 196 224 227 0.008782 0
511 189 529 240 0.008744 0
844 199 856 241 0.008732 0
714 210 729 235 0.008700 0
751 461 763 473 0.008651 0
998 382 1024 421 0.008589 0
642 677 672 703 0.008470 0
999 382 1021 400 0.008382 0
1136 446 1143 459 0.008372 0
609 152 624 168 0.008298 0
975 369 985 392 0.007988 0
1134 446 1142 463 0.007778 0
198 206 207 226 0.007739 0
1008 205 1025 232 0.007718 0
848 198 865 240 0.007708 0
997 382 1023 420 0.007561 0
1015 387 1023 401 0.007550 0
1004 383 1024 422 0.007529 0
642 682 672 703 0.007476 0
214 185 225 227 0.007467 0
1207 504 1216 513 0.007403 0
1187 205 1207 249 0.007394 0
702 204 728 234 0.007340 0
689 207 703 238 0.007305 0
768 205 782 242 0.007287 0
751 458 768 472 0.007272 0
999 383 1022 400 0.007229 0
752 203 786 285 0.007089 0
613 151 627 185 0.007032 0
1144 309 1169 344 0.006985 0
960 363 980 404 0.006955 0
521 183 534 207 0.006832 0
738 202 775 289 0.006788 0
510 188 529 243 0.006703 0
1184 205 1206 252 0.006682 0
1199 502 1209 512 0.006652 0
1031 451 1040 464 0.006500 0
1008 382 1024 401 0.006403 0
750 456 767 472 0.006373 0
978 353 993 393 0.006311 0
510 191 520 217 0.006283 0
620 150 635 193 0.006256 0
509 188 530 249 0.006253 0
623 150 633 168 0.006252 0
799 185 817 231 0.006201 0
1037 201 1051 230 0.006160 0
951 350 988 429 0.006117 0
1016 456 1025 465 0.006084 0
948 370 978 429 0.005954 0
847 197 865 241 0.005862 0
510 184 524 211 0.005829 0
642 676 671 703 0.005819 0
741 198 786 284 0.005797 0
999 384 1011 400 0.005571 0
1119 312 1128 331 0.005549 0
657 677 672 703 0.005505 0
992 381 1024 425 0.005505 0
973 372 982 392 0.005456 0
983 373 992 392 0.005448 0
1072 491 1081 502 0.005421 0
1190 201 1206 229 0.005374 0
848 188 867 241 0.005366 0
511 186 530 248 0.005337 0
624 153 635 191 0.005323 0
575 424 583 432 0.005310 0
1271 199 1279 236 0.005262 0
959 210 991 267 0.005170 0
1272 199 1279 237 0.005159 0
803 184 817 208 0.005081 0
1213 202 1233 267 0.005025 0
913 455 928 483 0.004964 0
1159 501 1168 510 0.004939 0
1119 440 1130 474 0.004907 0
982 375 991 392 0.004890 0
752 457 768 472 0.004798 0
1022 456 1031 464 0.004789 0
1119 312 1131 342 0.004775 0
211 196 224 228 0.004734 0
694 204 729 235 0.004722 0
992 455 999 464 0.004658 0
309 380 323 392 0.004580 0
865 440 874 454 0.004552 0
791 194 823 269 0.004493 0
198 206 209 233 0.004477 0
865 444 873 454 0.004456 0
954 370 988 428 0.004381 0
306 185 322 198 0.004332 0
952 371 978 455 0.004331 0
2 64 251 207 0.004317 0
326 478 372 506 0.004288 0
785 192 801 230 0.004237 0
980 352 993 392 0.004184 0
1177 344 1192 359 0.004178 0
1056 488 1066 496 0.004157 0
942 358 982 427 0.004141 0
1148 309 1169 343 0.004135 0
972 366 987 399 0.004108 0
1103 312 1112 327 0.004097 0
293 478 372 508 0.004086 0
1184 213 1204 253 0.004085 0
1233 196 1257 233 0.004080 0
1112 194 1121 208 0.004056 0
990 382 1013 423 0.003997 0
968 456 975 462 0.003993 0
638 160 645 180 0.003977 0
223 202 244 249 0.003951 0
943 367 981 452 0.003938 0
789 330 809 344 0.003929 0
642 684 671 703 0.003925 0
1008 472 1015 493 0.003911 0
523 183 535 201 0.003899 0
990 388 1005 431 0.003853 0
1119 312 1130 339 0.003794 0
197 201 208 221 0.003789 0
964 359 980 390 0.003763 0
940 364 981 428 0.003723 0
902 335 924 350 0.003707 0
212 189 236 235 0.003705 0
1119 441 1130 473 0.003701 0
1184 216 1195 232 0.003682 0
915 474 928 486 0.003664 0
983 446 993 456 0.003663 0
641 198 653 216 0.003603 0
210 196 224 228 0.003530 0
1191 496 1200 504 0.003521 0
1144 309 1169 344 0.003519 0
949 371 978 449 0.003498 0
912 455 928 485 0.003487 0
226 204 247 242 0.003454 0
1008 464 1017 490 0.003437 0
1030 449 1040 464 0.003404 0
1191 498 1214 512 0.003375 0
1270 198 1279 237 0.003325 0
1127 446 1134 457 0.003234 0
903 335 924 350 0.003230 0
1199 496 1211 506 0.003197 0
1087 188 1096 210 0.003196 0
992 381 1014 419 0.003176 0
1272 200 1279 238 0.003167 0
800 184 816 217 0.003167 0
221 204 242 265 0.003149 0
983 455 993 464 0.003143 0
1029 452 1037 464 0.003132 0
961 455 968 463 0.003103 0
613 149 634 194 0.003090 0
228 204 247 240 0.003077 0
1183 213 1204 259 0.003073 0
228 203 247 240 0.003069 0
328 478 375 509 0.003064 0
540 191 557 257 0.003060 0
1176 494 1185 503 0.003055 0
887 472 896 480 0.003055 0
1183 208 1216 260 0.003033 0
1155 496 1169 509 0.003010 0
840 198 856 240 0.002963 0
1119 441 1130 472 0.002956 0
990 386 1009 424 0.002946 0
951 344 961 361 0.002942 0
847 200 866 241 0.002905 0
738 201 744 214 0.002894 0
1188 383 1205 404 0.002880 0
327 480 349 495 0.002854 0
1178 344 1195 358 0.002838 0
524 187 545 250 0.002825 0
526 187 555 261 0.002816 0
1240 455 1257 471 0.002816 0
670 207 678 229 0.002807 0
971 352 993 393 0.002790 0
35 64 251 206 0.002788 0
0 64 232 203 0.002719 0
129 539 180 650 0.002694 0
622 164 635 192 0.002683 0
226 197 242 241 0.002679 0
946 346 962 392 0.002679 0
606 159 631 190 0.002652 0
935 345 984 428 0.002635 0
319 203 331 231 0.002624 0
335 497 371 507 0.002615 0
1151 498 1167 510 0.002595 0
1188 198 1240 268 0.002594 0
895 199 905 233 0.002588 0
1087 492 1096 504 0.002581 0
1006 204 1025 236 0.002580 0
1175 499 1185 511 0.002579 0
892 200 904 234 0.002579 0
1119 311 1131 344 0.002566 0
1184 216 1196 239 0.002554 0
638 160 653 190 0.002551 0
1015 444 1025 459 0.002527 0
1008 431 1015 440 0.002525 0
682 202 693 217 0.002517 0
638 160 646 183 0.002499 0
1119 440 1132 472 0.002488 0
713 212 728 236 0.002488 0
1007 455 1016 466 0.002460 0
643 680 671 703 0.002443 0
1 64 208 210 0.002435 0
247 196 255 214 0.002427 0
0 64 243 210 0.002420 0
1185 206 1229 268 0.002411 0
952 363 992 444 0.002403 0
1005 372 1024 403 0.002390 0
944 351 962 394 0.002371 0
1190 383 1207 412 0.002332 0
913 474 928 484 0.002318 0
950 341 967 364 0.002305 0
608 448 624 464 0.002302 0
1057 487 1075 497 0.002293 0
556 179 576 201 0.002283 0
1143 504 1152 511 0.002270 0
903 336 925 350 0.002267 0
998 375 1024 401 0.002266 0
960 342 967 352 0.002257 0
1235 197 1256 233 0.002256 0
895 326 903 343 0.002250 0
1176 344 1191 359 0.002249 0
643 667 672 704 0.002249 0
1215 192 1223 213 0.002207 0
1188 357 1208 405 0.002202 0
1180 345 1194 394 0.002190 0
1042 482 1067 497 0.002163 0
1245 198 1258 234 0.002162 0
1272 200 1279 257 0.002117 0
1040 454 1047 464 0.002115 0
950 274 960 298 0.002114 0
1231 459 1243 491 0.002110 0
1233 196 1260 233 0.002100 0
1231 458 1240 468 0.002089 0
1071 482 1080 497 0.002084 0
1186 193 1203 221 0.002083 0
951 370 976 424 0.002068 0
1126 444 1135 470 0.002062 0
1227 503 1239 510 0.002048 0
689 208 724 238 0.002043 0
553 198 566 216 0.002039 0
1136 445 1145 460 0.002038 0
761 183 782 211 0.002018 0
0 64 54 210 0.002006 0
958 189 979 223 0.001993 0
752 200 779 236 0.001976 0
1234 197 1257 234 0.001958 0
852 464 866 476 0.001956 0
895 326 902 343 0.001954 0
1072 462 1080 471 0.001954 0
830 213 855 240 0.001953 0
897 472 908 482 0.001937 0
63 64 260 206 0.001933 0
1245 461 1256 471 0.001931 0
1239 455 1251 471 0.001920 0
241 197 254 218 0.001919 0
761 183 784 216 0.001918 0
328 478 354 496 0.001907 0
1038 197 1057 231 0.001891 0
1071 501 1081 512 0.001887 0
639 681 672 703 0.001872 0
1152 439 1158 449 0.001868 0
641 205 653 216 0.001868 0
889 200 906 241 0.001856 0
20 64 256 208 0.001850 0
912 455 928 468 0.001835 0
429 459 441 482 0.001831 0
649 408 656 424 0.001831 0
649 408 656 424 0.001830 0
935 455 943 464 0.001827 0
1119 441 1138 473 0.001818 0
835 468 847 477 0.001812 0
325 479 346 496 0.001808 0
979 371 992 409 0.001806 0
671 207 679 230 0.001803 0
605 175 614 183 0.001796 0
213 197 225 231 0.001794 0
991 446 1000 461 0.001787 0
1087 487 1097 504 0.001774 0
215 183 232 214 0.001751 0
228 200 246 238 0.001751 0
1120 442 1135 471 0.001738 0
1230 197 1256 232 0.001733 0
1102 311 1117 346 0.001728 0
317 478 351 497 0.001717 0
738 202 744 215 0.001717 0
1038 197 1072 251 0.001705 0
1081 189 1098 233 0.001697 0
902 336 924 351 0.001695 0
1205 195 1228 230 0.001691 0
522 184 539 216 0.001688 0
1231 459 1241 470 0.001688 0
1008 219 1025 252 0.001682 0
1209 194 1261 269 0.001669 0
280 478 375 509 0.001663 0
1143 315 1169 343 0.001661 0
1181 354 1208 404 0.001653 0
555 177 579 216 0.001644 0
823 464 832 473 0.001642 0
638 159 657 204 0.001640 0
1225 196 1256 233 0.001639 0
1239 449 1249 470 0.001639 0
762 183 804 228 0.001634 0
975 350 993 388 0.001627 0
990 680 1018 703 0.001622 0
943 341 971 400 0.001618 0
911 475 928 487 0.001608 0
989 206 998 227 0.001605 0
1178 343 1196 383 0.001599 0
1021 447 1036 463 0.001587 0
197 198 211 228 0.001552 0
194 203 208 223 0.001545 0
912 455 924 466 0.001540 0
990 375 1013 412 0.001539 0
327 478 375 508 0.001536 0
246 198 255 214 0.001529 0
1200 496 1220 511 0.001528 0
1227 196 1240 222 0.001524 0
1208 507 1216 516 0.001523 0
1119 312 1136 343 0.001520 0
865 439 879 455 0.001519 0
1103 312 1114 327 0.001515 0
902 336 925 352 0.001507 0
638 159 658 202 0.001503 0
751 417 769 443 0.001500 0
1031 490 1039 501 0.001496 0
1253 198 1273 232 0.001481 0
831 465 841 474 0.001480 0
833 192 857 241 0.001480 0
1253 198 1269 214 0.001475 0
751 462 761 478 0.001473 0
1023 481 1038 495 0.001469 0
638 159 657 190 0.001465 0
542 190 557 258 0.001454 0
521 184 549 211 0.001450 0
982 356 1024 420 0.001449 0
744 442 794 471 0.001448 0
1205 169 1227 218 0.001445 0
1165 470 1176 479 0.001435 0
846 216 867 242 0.001430 0
953 373 977 450 0.001428 0
751 421 768 441 0.001427 0
997 373 1032 426 0.001425 0
751 420 768 442 0.001421 0
998 376 1015 400 0.001418 0
638 677 672 703 0.001412 0
545 177 576 217 0.001409 0
983 441 994 456 0.001408 0
330 478 358 495 0.001407 0
376 185 385 201 0.001401 0
1120 439 1137 471 0.001397 0
1176 344 1196 359 0.001396 0
821 329 848 345 0.001395 0
990 397 1000 432 0.001385 0
1149 497 1169 509 0.001384 0
1087 187 1102 212 0.001378 0
1239 449 1248 465 0.001370 0
799 440 807 448 0.001369 0
603 158 626 184 0.001365 0
933 203 947 218 0.001340 0
1179 379 1205 409 0.001336 0
1178 378 1211 413 0.001330 0
1 64 206 202 0.001328 0
1000 455 1008 464 0.001324 0
960 189 980 219 0.001324 0
934 390 944 409 0.001323 0
209 197 224 227 0.001315 0
982 351 992 361 0.001313 0
0 64 47 215 0.001310 0
835 685 850 703 0.001310 0
1023 481 1050 501 0.001302 0
1217 193 1274 268 0.001274 0
1045 480 1056 489 0.001273 0
301 381 323 392 0.001269 0
574 431 593 458 0.001267 0
752 196 782 221 0.001266 0
670 208 681 231 0.001255 0
478 193 488 216 0.001247 0
943 349 992 394 0.001244 0
941 361 956 392 0.001242 0
1016 478 1025 488 0.001239 0
464 201 477 250 0.001238 0
1177 357 1193 401 0.001236 0
217 208 242 265 0.001228 0
1008 384 1024 423 0.001227 0
901 335 925 351 0.001220 0
1265 198 1279 268 0.001219 0
429 458 442 482 0.001217 0
578 431 592 440 0.001214 0
127 536 175 643 0.001213 0
1144 309 1175 345 0.001208 0
1175 343 1198 358 0.001192 0
584 424 592 436 0.001187 0
903 328 920 345 0.001187 0
574 427 593 458 0.001182 0
1119 311 1135 342 0.001180 0
1215 196 1256 236 0.001169 0
1154 470 1168 478 0.001168 0
1007 447 1021 467 0.001161 0
1143 324 1165 343 0.001156 0
789 329 816 344 0.001148 0
210 183 227 228 0.001145 0
127 536 169 642 0.001143 0
1009 446 1025 470 0.001142 0
498 183 557 261 0.001140 0
432 457 449 482 0.001136 0
311 380 326 392 0.001131 0
1173 349 1210 411 0.001131 0
128 537 186 647 0.001127 0
116 64 239 107 0.001127 0
40 64 289 210 0.001119 0
479 200 485 216 0.001106 0
1001 432 1007 440 0.001103 0
1038 277 1059 334 0.001103 0
1136 502 1143 510 0.001103 0
1193 192 1208 224 0.001101 0
751 422 768 441 0.001098 0
862 432 870 441 0.001081 0
681 199 690 216 0.001080 0
1053 172 1084 254 0.001073 0
328 476 375 506 0.001072 0
1008 480 1016 494 0.001072 0
902 327 924 348 0.001071 0
646 192 655 213 0.001066 0
988 214 1011 240 0.001065 0
129 539 189 659 0.001062 0
334 496 371 507 0.001059 0
330 477 370 499 0.001057 0
621 150 638 190 0.001050 0
865 208 875 238 0.001049 0
1179 380 1210 417 0.001037 0
1250 198 1277 233 0.001023 0
960 337 967 350 0.001022 0
878 437 888 456 0.001019 0
895 453 935 485 0.001015 0
639 686 671 703 0.001007 0
904 336 925 387 0.001004 0
1173 344 1198 360 0.001001 0
1248 477 1259 509 0.000995 0
301 478 354 498 0.000979 0
1251 214 1266 233 0.000977 0
832 684 850 703 0.000975 0
1087 185 1104 206 0.000968 0
1083 189 1103 234 0.000967 0
943 369 957 393 0.000966 0
1081 192 1091 202 0.000963 0
1213 185 1234 218 0.000962 0
457 204 465 216 0.000948 0
1082 456 1096 472 0.000945 0
127 537 178 644 0.000941 0
465 202 473 220 0.000940 0
1129 502 1136 509 0.000939 0
128 537 181 652 0.000935 0
901 476 929 489 0.000934 0
464 202 478 256 0.000932 0
848 464 862 476 0.000926 0
1134 440 1143 459 0.000923 0
879 200 907 243 0.000916 0
1037 385 1052 413 0.000910 0
933 391 944 409 0.000906 0
901 335 925 370 0.000905 0
1135 346 1143 359 0.000904 0
433 456 451 482 0.000904 0
1152 435 1168 456 0.000903 0
836 465 848 474 0.000902 0
301 477 352 497 0.000901 0
832 478 841 489 0.000900 0
924 448 934 457 0.000899 0
915 447 930 456 0.000896 0
895 417 904 428 0.000895 0
615 153 637 195 0.000895 0
653 669 671 702 0.000894 0
882 200 906 242 0.000891 0
1134 445 1144 472 0.000891 0
1007 424 1017 440 0.000887 0
1008 360 1024 400 0.000878 0
321 64 496 202 0.000878 0
194 196 207 217 0.000875 0
232 202 251 238 0.000873 0
1120 312 1132 342 0.000864 0
831 682 851 703 0.000860 0
939 353 1023 424 0.000860 0
630 159 644 188 0.000860 0
952 227 977 297 0.000855 0
1174 214 1187 246 0.000851 0
1258 199 1279 268 0.000851 0
241 196 254 219 0.000847 0
748 199 777 222 0.000845 0
1088 455 1097 471 0.000842 0
848 201 885 241 0.000839 0
464 199 472 215 0.000839 0
1119 386 1128 412 0.000831 0
1200 199 1228 231 0.000830 0
1175 376 1197 408 0.000829 0
752 416 768 438 0.000826 0
948 344 966 388 0.000817 0
1071 456 1082 471 0.000812 0
484 174 496 184 0.000812 0
928 383 944 409 0.000812 0
470 203 478 219 0.000809 0
1166 343 1198 397 0.000807 0
1008 192 1056 229 0.000800 0
132 540 176 613 0.000797 0
133 540 176 616 0.000796 0
788 329 811 362 0.000796 0
979 372 993 410 0.000790 0
168 569 210 664 0.000781 0
1177 379 1192 397 0.000781 0
1151 447 1165 457 0.000776 0
878 439 889 458 0.000774 0
1062 64 1157 139 0.000773 0
1084 179 1104 242 0.000770 0
960 196 1016 265 0.000769 0
961 440 968 451 0.000768 0
1152 451 1166 459 0.000762 0
941 359 953 390 0.000755 0
949 378 960 395 0.000754 0
695 212 729 237 0.000754 0
1120 324 1137 342 0.000752 0
567 201 577 216 0.000752 0
1180 380 1214 417 0.000751 0
769 177 783 203 0.000749 0
301 477 347 496 0.000747 0
135 541 169 582 0.000746 0
719 428 727 440 0.000745 0
1211 372 1223 393 0.000744 0
1120 392 1128 413 0.000742 0
863 334 885 344 0.000741 0
308 378 322 392 0.000739 0
990 360 1002 389 0.000738 0
1032 372 1039 390 0.000734 0
1094 451 1104 470 0.000733 0
128 535 181 644 0.000727 0
633 190 653 215 0.000725 0
864 216 873 235 0.000723 0
466 202 478 248 0.000715 0
65 64 244 205 0.000714 0
999 196 1031 243 0.000712 0
1215 473 1224 481 0.000712 0
458 202 465 215 0.000712 0
998 339 1008 359 0.000710 0
990 193 1006 224 0.000709 0
928 351 981 416 0.000707 0
890 413 912 453 0.000706 0
1184 371 1215 417 0.000703 0
1228 466 1261 500 0.000702 0
901 336 924 351 0.000702 0
992 343 1009 360 0.000701 0
1230 455 1264 504 0.000700 0
1170 343 1198 382 0.000700 0
681 198 693 215 0.000699 0
1195 372 1222 416 0.000696 0
135 542 163 584 0.000687 0
895 417 904 434 0.000687 0
871 334 885 343 0.000685 0
335 497 367 508 0.000684 0
690 206 704 273 0.000684 0
131 540 177 609 0.000675 0
133 540 177 615 0.000670 0
56 64 346 207 0.000667 0
135 541 172 584 0.000666 0
460 197 480 303 0.000666 0
879 412 937 482 0.000665 0
1008 505 1018 521 0.000664 0
134 541 169 585 0.000663 0
665 184 671 216 0.000662 0
1261 199 1279 269 0.000659 0
464 202 478 256 0.000658 0
464 201 479 271 0.000658 0
1157 484 1183 510 0.000658 0
135 543 163 578 0.000650 0
742 202 765 237 0.000649 0
1058 64 1157 141 0.000647 0
1071 456 1096 472 0.000646 0
633 182 642 195 0.000646 0
1169 343 1205 395 0.000642 0
984 359 1011 402 0.000639 0
135 542 164 583 0.000639 0
643 159 657 183 0.000639 0
895 414 912 437 0.000638 0
1052 180 1078 223 0.000637 0
807 687 816 703 0.000633 0
864 329 884 343 0.000631 0
476 184 591 282 0.000630 0
1099 318 1119 346 0.000630 0
1120 402 1128 419 0.000630 0
791 206 837 277 0.000628 0
877 437 943 484 0.000625 0
794 439 821 470 0.000622 0
479 182 495 213 0.000619 0
1183 446 1189 456 0.000618 0
952 373 969 409 0.000616 0
283 478 373 511 0.000613 0
1218 453 1223 467 0.000613 0
974 189 983 206 0.000612 0
742 419 782 458 0.000611 0
1156 426 1168 445 0.000610 0
1039 322 1055 335 0.000607 0
531 182 566 213 0.000605 0
774 460 789 472 0.000605 0
33 64 366 222 0.000605 0
1013 424 1024 437 0.000604 0
463 201 478 272 0.000602 0
1177 376 1187 391 0.000601 0
157 64 257 216 0.000600 0
994 393 1010 440 0.000598 0
789 327 826 344 0.000596 0
738 421 775 457 0.000590 0
976 370 1004 424 0.000589 0
535 241 544 262 0.000587 0
1192 357 1209 401 0.000586 0
477 696 488 703 0.000586 0
1038 277 1061 334 0.000586 0
900 414 912 426 0.000585 0
0 64 24 180 0.000583 0
654 197 661 216 0.000582 0
1060 64 1152 136 0.000582 0
799 421 807 447 0.000581 0
710 200 737 235 0.000572 0
1120 320 1143 344 0.000572 0
345 185 353 199 0.000572 0
860 464 873 478 0.000571 0
854 218 870 277 0.000570 0
1071 455 1095 472 0.000562 0
1009 461 1025 488 0.000560 0
1172 489 1186 504 0.000560 0
929 385 945 411 0.000557 0
1093 452 1104 471 0.000556 0
1247 471 1264 483 0.000555 0
463 199 479 285 0.000554 0
1222 468 1232 485 0.000554 0
876 416 942 484 0.000553 0
632 202 648 221 0.000551 0
962 377 1022 438 0.000551 0
1223 408 1231 423 0.000551 0
132 541 173 605 0.000547 0
335 497 366 508 0.000546 0
786 322 821 344 0.000544 0
1080 431 1086 441 0.000544 0
0 64 39 171 0.000537 0
1174 378 1191 411 0.000536 0
751 458 768 479 0.000536 0
805 685 817 703 0.000534 0
1151 451 1160 462 0.000532 0
802 186 826 221 0.000529 0
975 377 1024 447 0.000528 0
848 178 869 234 0.000528 0
244 266 256 296 0.000528 0
816 464 828 474 0.000527 0
966 181 977 198 0.000527 0
471 198 479 214 0.000526 0
1036 373 1056 415 0.000525 0
1079 196 1095 210 0.000521 0
833 678 853 703 0.000521 0
1175 214 1185 232 0.000519 0
331 185 342 199 0.000518 0
1046 454 1055 466 0.000518 0
264 469 376 509 0.000516 0
1214 368 1223 386 0.000516 0
857 221 871 278 0.000512 0
1101 315 1122 346 0.000512 0
639 160 657 184 0.000509 0
895 442 904 456 0.000507 0
1102 311 1131 346 0.000507 0
1059 64 1156 137 0.000507 0
375 185 385 200 0.000506 0
984 676 1006 703 0.000506 0
335 496 368 509 0.000502 0
195 193 206 224 0.000499 0
931 375 946 403 0.000498 0
929 359 948 391 0.000497 0
130 543 177 609 0.000495 0
0 64 18 208 0.000494 0
1131 490 1165 510 0.000493 0
811 327 848 345 0.000491 0
1026 372 1047 412 0.000491 0
907 336 925 391 0.000491 0
961 441 968 458 0.000491 0
264 198 275 232 0.000490 0
0 64 70 204 0.000489 0
490 189 531 252 0.000487 0
661 421 672 436 0.000487 0
314 64 368 199 0.000486 0
1000 335 1007 344 0.000483 0
159 64 256 206 0.000482 0
1076 332 1088 344 0.000482 0
325 64 495 287 0.000482 0
556 426 590 440 0.000480 0
214 204 242 272 0.000478 0
351 188 357 199 0.000476 0
1176 226 1186 247 0.000476 0
851 215 873 272 0.000474 0
975 687 988 703 0.000473 0
127 537 185 666 0.000473 0
527 207 546 261 0.000472 0
807 442 827 461 0.000472 0
290 470 365 498 0.000472 0
482 185 497 209 0.000471 0
797 439 821 468 0.000471 0
1037 390 1051 414 0.000469 0
907 367 985 464 0.000469 0
785 314 829 344 0.000467 0
878 200 909 244 0.000466 0
1056 64 1160 209 0.000465 0
1023 381 1030 393 0.000465 0
423 458 439 481 0.000465 0
967 447 976 459 0.000462 0
1205 256 1218 272 0.000462 0
0 68 16 210 0.000461 0
996 359 1024 400 0.000459 0
304 64 496 201 0.000458 0
1208 509 1216 533 0.000458 0
958 348 989 387 0.000458 0
863 328 885 344 0.000458 0
854 216 875 243 0.000457 0
304 471 366 497 0.000457 0
1120 408 1127 423 0.000457 0
976 690 986 703 0.000456 0
537 195 555 260 0.000454 0
785 327 818 383 0.000453 0
77 64 368 205 0.000453 0
978 350 1009 393 0.000450 0
1039 278 1061 334 0.000450 0
718 424 729 440 0.000449 0
1029 362 1040 390 0.000448 0
874 437 942 484 0.000447 0
771 252 845 346 0.000447 0
157 64 256 199 0.000446 0
992 359 1015 394 0.000446 0
721 423 737 440 0.000446 0
1030 383 1051 417 0.000444 0
1036 380 1060 417 0.000444 0
854 224 869 278 0.000443 0
856 216 873 275 0.000443 0
1134 345 1144 359 0.000440 0
1036 391 1052 421 0.000439 0
1035 64 1156 215 0.000439 0
283 470 366 499 0.000439 0
798 419 807 440 0.000437 0
1037 276 1061 333 0.000435 0
654 199 661 217 0.000434 0
0 64 34 199 0.000433 0
844 461 869 479 0.000432 0
680 175 691 215 0.000431 0
1170 457 1184 472 0.000431 0
1148 427 1169 456 0.000430 0
453 204 466 223 0.000429 0
989 348 1013 389 0.000429 0
264 196 271 213 0.000427 0
1036 277 1059 335 0.000426 0
991 439 1000 453 0.000425 0
926 356 947 394 0.000425 0
894 415 910 448 0.000424 0
1105 389 1128 411 0.000424 0
0 64 51 168 0.000423 0
762 458 780 473 0.000420 0
815 189 857 240 0.000419 0
315 197 333 231 0.000418 0
735 461 745 471 0.000418 0
1013 425 1025 440 0.000417 0
801 415 809 426 0.000415 0
1209 372 1223 394 0.000415 0
1063 64 1131 131 0.000415 0
1051 390 1066 412 0.000414 0
704 448 719 469 0.000414 0
366 208 375 231 0.000413 0
783 423 802 450 0.000413 0
897 407 912 426 0.000413 0
1039 447 1049 464 0.000411 0
421 458 440 483 0.000411 0
1071 387 1080 405 0.000410 0
703 454 715 468 0.000408 0
935 342 964 388 0.000405 0
796 440 831 473 0.000405 0
1060 464 1071 471 0.000405 0
657 452 672 462 0.000404 0
766 254 843 346 0.000404 0
895 407 912 435 0.000404 0
130 538 164 601 0.000403 0
833 680 856 703 0.000403 0
928 391 944 409 0.000402 0
1028 372 1040 395 0.000402 0
136 549 203 655 0.000402 0
1015 442 1025 452 0.000401 0
934 435 944 449 0.000398 0
1189 489 1200 504 0.000397 0
1167 459 1176 475 0.000396 0
632 666 671 703 0.000395 0
927 356 953 390 0.000393 0
703 457 712 469 0.000393 0
629 160 642 189 0.000392 0
940 370 957 407 0.000390 0
861 437 886 479 0.000390 0
815 472 825 478 0.000389 0
199 256 208 275 0.000389 0
953 189 960 206 0.000389 0
1045 64 1278 272 0.000386 0
929 388 945 430 0.000384 0
824 420 832 433 0.000383 0
871 687 887 703 0.000382 0
1103 312 1129 344 0.000381 0
316 64 427 221 0.000381 0
1095 443 1104 462 0.000380 0
615 423 623 433 0.000380 0
1219 191 1279 301 0.000378 0
776 246 850 348 0.000377 0
954 423 971 448 0.000377 0
212 199 232 254 0.000377 0
877 412 944 484 0.000377 0
440 454 462 480 0.000376 0
927 375 945 407 0.000373 0
986 451 1012 467 0.000372 0
437 695 462 703 0.000372 0
1118 311 1140 361 0.000371 0
0 65 16 208 0.000371 0
944 455 962 465 0.000371 0
1178 232 1186 247 0.000369 0
916 340 926 361 0.000368 0
871 686 888 703 0.000366 0
664 207 679 231 0.000365 0
321 64 434 215 0.000365 0
864 461 881 478 0.000363 0
1104 312 1129 336 0.000361 0
130 546 177 647 0.000361 0
991 350 1002 360 0.000361 0
1216 409 1223 424 0.000360 0
1095 500 1104 510 0.000360 0
900 335 925 365 0.000359 0
804 678 835 703 0.000358 0
860 428 882 455 0.000357 0
386 64 497 229 0.000357 0
1169 455 1184 472 0.000357 0
860 208 889 279 0.000356 0
1015 326 1024 344 0.000355 0
907 339 944 390 0.000354 0
323 472 370 497 0.000352 0
169 563 209 667 0.000350 0
1179 375 1220 420 0.000350 0
1110 502 1120 509 0.000349 0
1223 180 1255 220 0.000349 0
1057 64 1167 208 0.000349 0
362 65 497 212 0.000348 0
338 64 496 359 0.000348 0
785 435 800 450 0.000347 0
1030 385 1053 425 0.000345 0
104 64 342 178 0.000345 0
1037 405 1051 425 0.000342 0
1194 370 1233 423 0.000342 0
813 679 835 703 0.000341 0
157 64 256 174 0.000338 0
385 196 396 206 0.000337 0
134 539 177 604 0.000336 0
851 229 878 282 0.000336 0
927 350 953 386 0.000335 0
160 64 256 184 0.000335 0
1016 381 1031 405 0.000335 0
337 64 446 211 0.000334 0
574 414 583 432 0.000334 0
1222 408 1231 424 0.000333 0
128 537 163 610 0.000332 0
926 357 945 388 0.000331 0
135 540 168 582 0.000331 0
917 387 929 407 0.000331 0
797 439 833 465 0.000330 0
937 354 959 388 0.000328 0
835 439 849 449 0.000327 0
56 64 397 234 0.000325 0
1119 208 1136 228 0.000325 0
1035 367 1060 417 0.000325 0
1061 395 1073 410 0.000324 0
1158 424 1168 441 0.000324 0
630 161 642 194 0.000324 0
1123 346 1139 359 0.000324 0
961 423 976 446 0.000323 0
927 356 943 381 0.000323 0
0 64 52 173 0.000323 0
1077 333 1089 358 0.000322 0
1183 446 1192 472 0.000322 0
735 453 746 468 0.000320 0
1221 457 1239 490 0.000318 0
735 182 798 267 0.000318 0
110 64 368 197 0.000318 0
1051 391 1065 412 0.000318 0
1151 450 1167 464 0.000317 0
1035 388 1064 419 0.000316 0
739 200 763 226 0.000316 0
129 64 256 201 0.000316 0
239 249 257 295 0.000315 0
803 179 853 221 0.000315 0
817 323 848 344 0.000314 0
1043 64 1279 285 0.000314 0
135 540 177 592 0.000313 0
1050 390 1090 464 0.000312 0
810 683 836 703 0.000309 0
1204 234 1235 269 0.000309 0
463 200 479 297 0.000308 0
713 208 741 235 0.000307 0
0 64 57 203 0.000307 0
1038 263 1064 335 0.000306 0
128 543 177 645 0.000306 0
1248 353 1264 377 0.000305 0
951 424 967 447 0.000305 0
802 412 816 428 0.000304 0
1135 487 1159 506 0.000304 0
343 65 438 219 0.000303 0
171 566 209 660 0.000303 0
325 469 375 500 0.000302 0
666 206 675 222 0.000302 0
909 339 928 392 0.000302 0
734 422 770 459 0.000302 0
955 64 1194 295 0.000301 0
1154 303 1168 336 0.000300 0
1094 328 1112 346 0.000300 0
1015 64 1154 186 0.000300 0
795 442 832 472 0.000300 0
1110 184 1130 204 0.000298 0
1094 437 1104 457 0.000298 0
1080 404 1087 413 0.000298 0
1187 441 1200 457 0.000297 0
994 181 1016 219 0.000297 0
734 421 769 453 0.000296 0
920 437 934 454 0.000296 0
923 344 987 402 0.000296 0
912 448 928 460 0.000293 0
1 441 350 669 0.000292 0
415 251 420 271 0.000292 0
1186 449 1199 472 0.000292 0
720 423 737 441 0.000290 0
1121 332 1144 359 0.000290 0
880 441 904 457 0.000290 0
156 538 204 638 0.000289 0
432 447 463 481 0.000289 0
135 541 178 583 0.000287 0
1198 358 1208 376 0.000287 0
1024 372 1038 391 0.000287 0
314 64 428 211 0.000286 0
0 64 66 217 0.000286 0
1077 401 1088 411 0.000285 0
951 423 971 454 0.000284 0
331 485 374 508 0.000284 0
1034 388 1064 425 0.000284 0
60 64 192 197 0.000283 0
929 441 944 462 0.000282 0
328 64 433 209 0.000281 0
680 210 694 232 0.000281 0
1190 65 1279 268 0.000281 0
976 681 1006 703 0.000280 0
1058 391 1073 409 0.000279 0
993 446 1008 460 0.000278 0
1073 429 1082 442 0.000278 0
132 571 176 647 0.000278 0
804 683 836 703 0.000278 0
830 678 852 703 0.000278 0
1263 64 1279 168 0.000276 0
959 430 975 456 0.000276 0
1239 424 1246 440 0.000276 0
145 564 200 654 0.000276 0
355 212 369 276 0.000276 0
360 67 499 222 0.000275 0
900 326 930 351 0.000275 0
198 199 227 249 0.000275 0
246 212 255 231 0.000275 0
57 64 144 199 0.000274 0
786 267 850 346 0.000274 0
1065 64 1280 276 0.000273 0
936 432 944 442 0.000273 0
156 205 174 223 0.000273 0
170 572 197 663 0.000273 0
1102 678 1120 702 0.000272 0
172 573 195 652 0.000271 0
350 182 361 199 0.000270 0
872 687 888 703 0.000268 0
1206 454 1217 467 0.000268 0
736 449 744 457 0.000268 0
1006 431 1017 452 0.000268 0
1019 381 1041 425 0.000268 0
1072 390 1090 410 0.000267 0
879 405 944 482 0.000267 0
784 419 801 449 0.000266 0
1104 393 1127 410 0.000266 0
992 64 1277 276 0.000266 0
1006 378 1039 419 0.000265 0
647 553 656 592 0.000264 0
1163 65 1279 269 0.000264 0
990 183 1007 219 0.000264 0
1072 433 1087 455 0.000263 0
1249 340 1264 403 0.000263 0
1245 462 1265 482 0.000263 0
128 536 164 589 0.000262 0
273 470 367 500 0.000262 0
930 409 944 442 0.000261 0
0 65 65 221 0.000261 0
1217 442 1224 457 0.000260 0
1088 422 1104 456 0.000260 0
879 433 887 453 0.000260 0
1096 329 1104 345 0.000259 0
255 64 362 194 0.000259 0
536 248 544 262 0.000259 0
132 544 178 648 0.000258 0
95 64 521 249 0.000257 0
1144 307 1180 344 0.000257 0
872 199 913 279 0.000257 0
880 407 896 439 0.000257 0
734 448 768 471 0.000256 0
1 439 307 669 0.000256 0
704 422 721 456 0.000255 0
1111 456 1121 473 0.000255 0
1037 407 1056 462 0.000255 0
117 64 500 202 0.000254 0
59 64 144 204 0.000253 0
930 409 943 427 0.000253 0
795 415 818 453 0.000253 0
1247 421 1253 431 0.000253 0
0 78 17 238 0.000252 0
1051 183 1067 221 0.000251 0
900 335 925 386 0.000251 0
910 341 944 393 0.000251 0
1169 414 1177 423 0.000250 0
130 537 165 582 0.000249 0
926 388 945 431 0.000248 0
764 434 775 448 0.000248 0
1171 374 1208 423 0.000247 0
961 64 1278 292 0.000246 0
604 424 624 464 0.000246 0
728 456 753 474 0.000245 0
941 343 962 364 0.000245 0
63 64 164 204 0.000245 0
739 459 762 472 0.000245 0
950 419 973 449 0.000244 0
1023 361 1040 392 0.000244 0
1064 64 1128 129 0.000242 0
1063 477 1089 499 0.000242 0
174 574 196 656 0.000242 0
1004 64 1153 181 0.000242 0
956 64 1242 279 0.000241 0
747 243 770 331 0.000241 0
0 64 46 302 0.000241 0
783 319 837 343 0.000241 0
704 317 722 376 0.000240 0
998 357 1024 393 0.000240 0
881 439 908 456 0.000239 0
0 64 56 166 0.000239 0
1027 359 1039 381 0.000239 0
608 434 624 462 0.000238 0
1176 412 1183 423 0.000237 0
57 64 208 165 0.000237 0
877 409 914 463 0.000237 0
1039 483 1103 509 0.000237 0
1071 382 1079 397 0.000235 0
1119 381 1129 411 0.000235 0
707 456 722 470 0.000235 0
1254 628 1264 646 0.000235 0
928 344 948 382 0.000234 0
781 327 820 384 0.000234 0
765 256 845 346 0.000234 0
894 331 924 352 0.000234 0
1134 429 1144 441 0.000234 0
959 64 1234 288 0.000233 0
880 408 889 438 0.000233 0
801 418 817 437 0.000233 0
65 65 194 208 0.000231 0
923 344 945 381 0.000230 0
786 262 849 345 0.000230 0
1041 390 1076 426 0.000229 0
1081 318 1120 358 0.000229 0
808 172 817 202 0.000229 0
199 249 209 264 0.000229 0
323 64 632 206 0.000229 0
639 447 648 458 0.000229 0
801 464 817 473 0.000229 0
1111 441 1120 454 0.000229 0
167 572 208 664 0.000228 0
1207 443 1216 456 0.000228 0
644 662 671 703 0.000227 0
1052 64 1154 143 0.000227 0
689 207 704 268 0.000227 0
132 558 205 651 0.000227 0
1035 183 1050 220 0.000226 0
157 67 228 209 0.000226 0
350 64 496 97 0.000226 0
1213 192 1280 379 0.000225 0
158 538 199 618 0.000225 0
912 345 941 394 0.000225 0
704 320 720 375 0.000223 0
1072 504 1082 518 0.000223 0
783 423 792 440 0.000223 0
788 327 847 364 0.000222 0
871 326 888 343 0.000222 0
469 179 552 254 0.000222 0
768 176 786 202 0.000222 0
160 569 196 661 0.000221 0
49 64 127 167 0.000221 0
0 65 76 220 0.000221 0
339 64 481 204 0.000221 0
1229 64 1279 168 0.000221 0
193 186 203 211 0.000221 0
338 64 497 209 0.000220 0
239 244 257 295 0.000220 0
1070 64 1079 70 0.000220 0
715 452 739 470 0.000220 0
1061 64 1128 124 0.000220 0
522 184 609 276 0.000219 0
706 406 789 456 0.000219 0
445 166 575 261 0.000218 0
618 145 633 172 0.000217 0
59 64 213 193 0.000217 0
872 686 888 703 0.000217 0
313 64 435 225 0.000216 0
57 64 205 158 0.000216 0
852 680 876 703 0.000216 0
1070 434 1089 456 0.000215 0
988 344 1008 359 0.000215 0
1239 422 1247 439 0.000215 0
318 455 392 509 0.000215 0
680 173 703 216 0.000215 0
890 438 904 456 0.000215 0
388 185 400 206 0.000214 0
975 386 1006 430 0.000214 0
155 65 261 230 0.000214 0
952 349 1024 412 0.000214 0
704 441 721 464 0.000214 0
766 171 878 282 0.000214 0
12 256 49 282 0.000213 0
331 491 373 510 0.000213 0
324 476 380 510 0.000212 0
813 413 844 452 0.000212 0
129 538 215 667 0.000211 0
942 377 960 426 0.000211 0
301 377 323 392 0.000210 0
317 64 429 191 0.000210 0
157 537 210 645 0.000209 0
223 201 252 248 0.000209 0
718 439 737 460 0.000209 0
298 64 495 198 0.000209 0
662 413 670 432 0.000208 0
48 64 129 194 0.000208 0
1071 397 1086 410 0.000208 0
0 64 74 209 0.000208 0
919 344 1023 415 0.000208 0
1255 476 1279 666 0.000207 0
758 422 785 448 0.000207 0
1059 404 1098 459 0.000207 0
1044 411 1056 424 0.000206 0
628 449 640 461 0.000205 0
715 428 737 458 0.000205 0
308 64 495 251 0.000205 0
1136 445 1152 462 0.000205 0
357 65 495 215 0.000204 0
318 64 491 359 0.000202 0
1109 449 1120 471 0.000202 0
1214 454 1225 477 0.000202 0
1102 500 1118 509 0.000201 0
136 547 177 649 0.000201 0
1063 64 1130 115 0.000201 0
256 471 296 508 0.000200 0
1061 395 1075 423 0.000200 0
660 200 780 289 0.000200 0
632 471 640 479 0.000200 0
1100 678 1121 703 0.000199 0
352 64 495 95 0.000199 0
704 318 720 376 0.000199 0
1189 388 1207 423 0.000198 0
819 414 843 436 0.000198 0
795 442 833 473 0.000198 0
787 328 834 365 0.000198 0
802 313 828 344 0.000197 0
437 192 445 204 0.000197 0
766 430 774 446 0.000197 0
774 313 814 344 0.000196 0
800 676 835 703 0.000196 0
1255 624 1265 648 0.000196 0
725 201 759 237 0.000195 0
774 432 797 450 0.000195 0
904 179 953 215 0.000195 0
273 228 290 295 0.000195 0
1150 457 1161 472 0.000195 0
638 630 678 703 0.000194 0
882 411 896 440 0.000194 0
119 64 495 197 0.000193 0
1051 402 1094 455 0.000193 0
0 321 32 409 0.000193 0
1098 399 1103 408 0.000193 0
375 185 387 207 0.000192 0
81 64 515 251 0.000192 0
576 476 585 488 0.000192 0
1006 458 1038 496 0.000192 0
765 247 843 342 0.000191 0
812 676 834 703 0.000191 0
1029 422 1040 440 0.000191 0
1208 512 1216 534 0.000191 0
931 377 956 411 0.000191 0
307 64 475 353 0.000190 0
1043 141 1140 259 0.000190 0
156 66 258 222 0.000190 0
957 64 1175 285 0.000190 0
1225 453 1273 498 0.000189 0
643 655 671 703 0.000189 0
1110 441 1119 462 0.000189 0
55 64 157 165 0.000189 0
165 564 196 658 0.000188 0
1222 444 1268 475 0.000188 0
192 184 217 223 0.000188 0
204 203 255 268 0.000188 0
778 425 883 477 0.000187 0
627 682 672 703 0.000187 0
717 459 736 471 0.000187 0
159 540 177 578 0.000187 0
56 64 196 160 0.000187 0
158 540 180 611 0.000186 0
709 320 720 344 0.000185 0
375 184 396 205 0.000185 0
1077 335 1091 362 0.000184 0
846 692 862 703 0.000184 0
1066 64 1140 141 0.000183 0
704 317 723 366 0.000183 0
1188 456 1200 475 0.000183 0
1240 451 1266 480 0.000183 0
521 191 594 281 0.000182 0
774 424 796 449 0.000182 0
855 431 867 440 0.000182 0
839 420 937 484 0.000181 0
851 678 873 703 0.000181 0
1085 413 1104 458 0.000181 0
158 540 177 587 0.000180 0
1086 313 1143 361 0.000180 0
1232 65 1279 240 0.000180 0
1 64 265 217 0.000180 0
1222 453 1236 471 0.000180 0
1226 64 1279 271 0.000179 0
913 357 934 407 0.000178 0
1231 448 1250 470 0.000178 0
1070 333 1107 407 0.000178 0
41 64 135 207 0.000178 0
1256 482 1279 654 0.000178 0
0 182 6 203 0.000178 0
816 411 831 436 0.000177 0
681 383 688 392 0.000177 0
982 64 1278 290 0.000177 0
1087 448 1098 462 0.000177 0
707 438 737 464 0.000177 0
703 414 738 465 0.000177 0
975 448 984 459 0.000177 0
829 418 845 437 0.000177 0
1228 64 1279 206 0.000177 0
310 493 375 533 0.000177 0
1032 426 1039 440 0.000177 0
704 318 721 376 0.000177 0
734 423 766 458 0.000176 0
959 340 978 356 0.000176 0
879 409 890 441 0.000176 0
1183 369 1237 425 0.000175 0
1195 378 1233 425 0.000175 0
106 66 217 209 0.000175 0
99 64 218 190 0.000175 0
986 64 1089 218 0.000174 0
538 220 554 260 0.000174 0
247 194 256 214 0.000173 0
1157 457 1168 477 0.000173 0
1237 64 1279 169 0.000173 0
1057 455 1073 471 0.000172 0
323 471 395 509 0.000172 0
0 133 21 277 0.000172 0
669 301 691 376 0.000172 0
1064 64 1133 139 0.000172 0
1070 342 1102 410 0.000172 0
1032 405 1044 427 0.000172 0
576 294 594 323 0.000172 0
943 386 957 429 0.000172 0
47 319 68 334 0.000171 0
67 65 214 210 0.000171 0
1250 432 1263 456 0.000170 0
896 278 931 349 0.000170 0
740 427 882 477 0.000170 0
395 472 414 494 0.000169 0
704 424 738 459 0.000169 0
0 64 72 180 0.000169 0
141 566 177 649 0.000168 0
463 696 478 703 0.000168 0
1263 73 1279 170 0.000168 0
1203 408 1216 435 0.000168 0
1072 339 1084 359 0.000167 0
785 330 809 345 0.000167 0
156 204 171 234 0.000167 0
927 409 943 426 0.000167 0
128 542 165 613 0.000167 0
300 454 365 502 0.000167 0
1248 346 1263 407 0.000166 0
877 409 945 485 0.000166 0
45 64 135 165 0.000165 0
317 64 369 188 0.000165 0
352 673 677 704 0.000165 0
156 79 215 215 0.000165 0
1086 418 1101 450 0.000165 0
1146 387 1162 405 0.000165 0
397 184 407 204 0.000165 0
1262 489 1279 525 0.000165 0
1262 64 1279 158 0.000164 0
612 618 673 704 0.000164 0
1 324 17 358 0.000164 0
958 686 969 698 0.000164 0
816 346 824 362 0.000163 0
358 535 385 568 0.000163 0
31 214 40 228 0.000162 0
420 64 497 139 0.000162 0
1070 444 1088 460 0.000162 0
129 539 221 671 0.000161 0
297 64 494 226 0.000161 0
0 144 8 203 0.000161 0
112 64 256 169 0.000160 0
1038 413 1051 440 0.000160 0
1055 170 1097 226 0.000160 0
1066 64 1133 127 0.000160 0
807 452 832 470 0.000160 0
951 495 959 503 0.000160 0
1057 426 1073 452 0.000159 0
888 317 907 344 0.000159 0
920 421 938 454 0.000159 0
430 449 465 487 0.000159 0
167 577 211 663 0.000159 0
14 64 127 172 0.000158 0
794 676 830 703 0.000158 0
1007 503 1024 521 0.000158 0
61 64 527 292 0.000158 0
960 64 1070 233 0.000158 0
438 694 464 703 0.000157 0
1137 450 1153 466 0.000157 0
1164 454 1184 473 0.000156 0
611 145 630 169 0.000156 0
769 249 840 341 0.000156 0
1140 309 1169 343 0.000156 0
596 140 632 170 0.000156 0
161 572 196 662 0.000155 0
1044 392 1068 428 0.000155 0
732 423 770 462 0.000155 0
0 439 284 670 0.000155 0
0 321 32 388 0.000155 0
343 65 453 221 0.000155 0
960 64 1078 220 0.000155 0
0 345 32 408 0.000155 0
957 181 980 213 0.000154 0
154 198 174 232 0.000154 0
317 65 422 208 0.000154 0
916 334 987 390 0.000154 0
347 64 496 94 0.000153 0
1118 470 1128 478 0.000153 0
764 228 850 344 0.000153 0
1023 429 1031 440 0.000153 0
655 424 675 439 0.000153 0
654 210 687 233 0.000153 0
0 166 6 203 0.000152 0
338 64 439 173 0.000152 0
1166 476 1178 492 0.000152 0
1210 371 1232 390 0.000152 0
917 342 988 391 0.000152 0
797 684 814 702 0.000152 0
161 64 256 176 0.000151 0
255 64 337 196 0.000151 0
286 478 380 536 0.000150 0
1040 418 1056 460 0.000150 0
730 423 761 448 0.000150 0
187 566 225 663 0.000149 0
1 64 138 175 0.000149 0
1182 440 1198 457 0.000149 0
1154 410 1169 424 0.000149 0
1102 390 1127 409 0.000149 0
925 336 989 392 0.000149 0
765 178 878 284 0.000148 0
81 64 511 264 0.000148 0
255 64 324 162 0.000148 0
539 197 571 247 0.000148 0
31 256 49 284 0.000148 0
0 319 32 387 0.000147 0
271 223 290 294 0.000147 0
911 406 944 456 0.000147 0
64 64 168 79 0.000147 0
676 424 690 434 0.000147 0
1263 70 1279 121 0.000147 0
60 324 72 334 0.000146 0
255 64 335 185 0.000146 0
959 470 975 486 0.000145 0
575 286 596 350 0.000145 0
239 240 257 289 0.000145 0
345 64 496 142 0.000145 0
990 180 1006 216 0.000145 0
1059 395 1076 427 0.000145 0
156 538 211 620 0.000145 0
811 439 839 458 0.000144 0
1259 358 1279 505 0.000144 0
358 70 502 244 0.000144 0
1257 483 1279 649 0.000143 0
759 328 826 379 0.000143 0
651 176 667 216 0.000142 0
831 439 853 451 0.000142 0
274 234 290 296 0.000142 0
38 64 126 177 0.000142 0
1083 422 1104 456 0.000142 0
961 64 1067 190 0.000142 0
963 342 996 370 0.000141 0
1055 374 1067 391 0.000141 0
1037 389 1115 467 0.000141 0
1046 397 1099 444 0.000140 0
1065 64 1125 77 0.000140 0
1262 73 1279 169 0.000139 0
1247 424 1260 443 0.000139 0
1026 467 1042 485 0.000138 0
648 661 671 702 0.000138 0
431 65 496 220 0.000138 0
1023 422 1035 440 0.000138 0
1119 64 1148 77 0.000138 0
1263 73 1279 135 0.000138 0
659 456 674 471 0.000138 0
574 64 666 216 0.000138 0
883 392 896 408 0.000138 0
918 394 929 408 0.000138 0
172 569 204 664 0.000138 0
912 438 933 454 0.000138 0
396 65 498 223 0.000138 0
329 493 370 528 0.000137 0
974 436 1115 492 0.000137 0
1218 502 1233 517 0.000137 0
140 559 178 648 0.000137 0
583 595 592 614 0.000136 0
0 322 17 347 0.000136 0
775 280 840 346 0.000136 0
255 65 326 177 0.000136 0
137 538 179 581 0.000136 0
6 64 308 219 0.000136 0
535 631 545 672 0.000136 0
2 326 32 409 0.000136 0
73 64 162 76 0.000135 0
704 409 799 470 0.000135 0
1143 329 1201 359 0.000135 0
1039 424 1049 453 0.000135 0
834 403 943 483 0.000135 0
1246 344 1279 377 0.000135 0
1139 439 1152 456 0.000135 0
72 64 209 175 0.000134 0
245 268 257 313 0.000134 0
159 540 177 597 0.000133 0
1124 412 1135 424 0.000133 0
160 64 330 97 0.000133 0
894 329 1077 434 0.000133 0
331 64 581 362 0.000133 0
318 64 380 184 0.000133 0
911 369 930 408 0.000133 0
246 214 258 236 0.000133 0
363 185 375 200 0.000132 0
69 66 219 212 0.000132 0
277 64 496 198 0.000132 0
1183 505 1197 517 0.000132 0
703 442 719 466 0.000132 0
428 64 497 131 0.000130 0
376 184 396 203 0.000130 0
1252 440 1263 458 0.000130 0
1042 392 1075 461 0.000130 0
256 64 365 188 0.000130 0
159 538 178 576 0.000130 0
1231 423 1239 433 0.000130 0
898 330 954 359 0.000130 0
1071 344 1079 360 0.000130 0
544 196 557 257 0.000130 0
883 330 897 345 0.000130 0
21 66 78 213 0.000129 0
643 680 710 704 0.000129 0
415 252 420 270 0.000129 0
177 566 219 658 0.000129 0
898 336 984 391 0.000129 0
987 368 1050 419 0.000129 0
762 233 848 342 0.000129 0
958 457 970 469 0.000129 0
132 540 202 615 0.000129 0
751 462 764 489 0.000129 0
1047 64 1277 206 0.000129 0
1119 382 1136 413 0.000128 0
288 212 323 341 0.000128 0
1183 523 1193 544 0.000127 0
558 408 592 435 0.000127 0
328 496 370 524 0.000127 0
395 472 419 499 0.000127 0
339 651 677 704 0.000127 0
128 554 175 640 0.000127 0
960 332 977 346 0.000127 0
56 64 215 165 0.000126 0
1071 442 1089 457 0.000126 0
1 64 78 171 0.000126 0
371 468 385 488 0.000126 0
1142 389 1155 407 0.000126 0
0 69 73 225 0.000125 0
1001 64 1155 173 0.000125 0
93 68 215 213 0.000125 0
154 204 171 234 0.000125 0
657 302 690 377 0.000125 0
815 478 826 487 0.000125 0
256 64 320 138 0.000124 0
575 462 586 488 0.000124 0
704 410 724 461 0.000124 0
823 408 833 417 0.000124 0
42 64 127 194 0.000124 0
1039 367 1057 391 0.000124 0
934 184 958 208 0.000124 0
0 444 355 684 0.000124 0
0 142 9 204 0.000124 0
778 64 864 126 0.000124 0
596 151 612 182 0.000123 0
104 251 127 264 0.000123 0
1031 486 1041 519 0.000123 0
644 550 657 592 0.000123 0
872 377 981 479 0.000123 0
1150 473 1170 488 0.000123 0
12 64 181 123 0.000122 0
1208 358 1264 427 0.000122 0
1189 440 1199 455 0.000122 0
668 294 689 370 0.000122 0
1223 444 1232 456 0.000122 0
163 64 332 95 0.000122 0
990 432 1003 441 0.000121 0
784 329 809 343 0.000121 0
806 316 849 344 0.000121 0
777 410 865 473 0.000121 0
0 324 32 411 0.000121 0
93 278 102 287 0.000121 0
360 66 501 217 0.000120 0
704 326 720 376 0.000120 0
1115 391 1138 426 0.000120 0
1016 457 1049 472 0.000120 0
991 420 1044 466 0.000120 0
1196 223 1280 386 0.000120 0
0 83 66 225 0.000119 0
945 326 966 354 0.000119 0
1206 350 1264 423 0.000119 0
579 64 668 214 0.000119 0
882 324 897 343 0.000119 0
319 64 369 108 0.000119 0
663 424 688 439 0.000119 0
1069 64 1123 76 0.000119 0
698 328 703 338 0.000119 0
1057 117 1145 201 0.000119 0
264 193 272 211 0.000119 0
1258 297 1279 461 0.000118 0
952 371 1105 457 0.000118 0
792 311 848 344 0.000118 0
895 280 911 311 0.000118 0
1 317 36 406 0.000117 0
834 677 856 703 0.000117 0
1228 121 1279 189 0.000117 0
315 64 461 177 0.000117 0
1032 369 1117 462 0.000117 0
302 452 371 504 0.000117 0
100 64 206 164 0.000117 0
1263 366 1279 414 0.000117 0
109 441 324 639 0.000117 0
880 319 890 338 0.000117 0
255 64 357 197 0.000116 0
289 212 324 343 0.000116 0
0 281 37 410 0.000116 0
1098 455 1116 470 0.000116 0
32 64 147 210 0.000116 0
0 141 23 307 0.000115 0
683 448 703 466 0.000115 0
214 184 251 228 0.000115 0
195 560 229 660 0.000115 0
1178 64 1280 256 0.000115 0
813 454 832 470 0.000115 0
999 328 1011 345 0.000115 0
313 65 638 258 0.000115 0
1261 322 1279 494 0.000115 0
983 667 1004 702 0.000115 0
417 456 460 494 0.000114 0
37 64 131 208 0.000114 0
1070 387 1116 460 0.000114 0
1250 308 1279 439 0.000114 0
1032 390 1111 475 0.000114 0
1221 415 1231 432 0.000114 0
1057 64 1280 185 0.000114 0
274 220 289 264 0.000114 0
777 327 836 376 0.000113 0
544 64 657 216 0.000113 0
1245 411 1254 428 0.000113 0
32 64 78 199 0.000113 0
1053 64 1223 219 0.000112 0
0 315 32 383 0.000112 0
1035 434 1056 469 0.000112 0
1035 370 1056 392 0.000112 0
254 64 323 164 0.000112 0
256 64 328 149 0.000112 0
174 575 195 653 0.000112 0
539 191 571 259 0.000112 0
590 407 609 434 0.000112 0
703 416 721 462 0.000112 0
1150 409 1168 424 0.000112 0
304 185 324 202 0.000112 0
879 406 896 439 0.000112 0
325 607 675 704 0.000111 0
647 552 657 593 0.000111 0
1084 312 1118 346 0.000111 0
1066 64 1123 76 0.000111 0
19 65 144 213 0.000110 0
1057 397 1087 424 0.000110 0
161 64 256 159 0.000110 0
1261 350 1279 497 0.000110 0
309 64 495 132 0.000110 0
575 291 596 387 0.000110 0
1216 416 1224 433 0.000110 0
777 195 869 278 0.000110 0
815 415 838 439 0.000109 0
1262 365 1279 428 0.000109 0
703 314 747 344 0.000109 0
994 388 1112 469 0.000109 0
818 415 845 442 0.000108 0
1155 331 1202 358 0.000108 0
641 680 680 703 0.000108 0
1125 326 1148 344 0.000108 0
1132 64 1280 236 0.000108 0
242 64 468 196 0.000108 0
571 678 672 703 0.000107 0
174 185 184 207 0.000107 0
177 566 226 663 0.000107 0
952 684 985 703 0.000107 0
208 565 226 618 0.000107 0
46 316 65 335 0.000107 0
327 446 373 509 0.000107 0
1248 428 1264 441 0.000107 0
1118 386 1137 425 0.000107 0
366 472 387 496 0.000107 0
273 229 289 281 0.000107 0
660 273 703 370 0.000106 0
982 650 1014 704 0.000106 0
238 177 256 216 0.000106 0
346 64 496 123 0.000106 0
1098 455 1113 471 0.000106 0
1190 64 1279 238 0.000105 0
20 64 79 210 0.000105 0
1150 64 1280 238 0.000105 0
1261 68 1279 170 0.000105 0
1038 362 1057 392 0.000105 0
207 563 228 630 0.000105 0
5 64 357 233 0.000105 0
183 197 191 207 0.000104 0
1199 406 1209 434 0.000104 0
583 64 672 218 0.000104 0
128 556 174 636 0.000104 0
129 548 176 646 0.000104 0
582 667 672 703 0.000104 0
325 615 673 704 0.000104 0
1179 408 1198 423 0.000103 0
306 380 325 398 0.000103 0
434 187 449 211 0.000103 0
0 66 49 314 0.000103 0
1158 377 1176 394 0.000103 0
786 332 830 368 0.000103 0
307 65 430 226 0.000103 0
626 425 641 458 0.000103 0
1038 422 1056 461 0.000103 0
919 696 929 703 0.000103 0
1165 342 1214 386 0.000103 0
168 599 211 663 0.000103 0
1262 679 1279 703 0.000102 0
763 248 846 341 0.000102 0
1103 395 1124 409 0.000102 0
1009 343 1024 361 0.000102 0
748 229 802 313 0.000102 0
432 191 443 204 0.000102 0
525 229 544 259 0.000102 0
880 392 891 408 0.000102 0
1148 343 1204 387 0.000102 0
0 448 287 680 0.000102 0
868 423 880 437 0.000101 0
548 64 560 74 0.000101 0
782 617 819 704 0.000101 0
957 64 1159 195 0.000101 0
111 64 213 165 0.000101 0
927 371 1052 469 0.000100 0
1054 376 1067 392 0.000100 0
1263 365 1279 445 0.000100 0
1045 219 1082 262 0.511194 1
1045 219 1080 262 0.491773 1
738 236 772 302 0.467256 1
739 236 774 302 0.458116 1
954 223 990 271 0.447032 1
954 227 991 271 0.388508 1
954 225 989 271 0.355198 1
738 234 774 302 0.347345 1
739 238 772 302 0.330019 1
1045 226 1079 262 0.328763 1
1045 219 1086 262 0.294924 1
953 228 994 272 0.292003 1
953 225 991 271 0.278967 1
1045 228 1080 262 0.244261 1
740 237 775 302 0.242457 1
954 230 992 271 0.225827 1
954 223 1014 272 0.203377 1
954 231 989 272 0.195148 1
739 238 767 301 0.191638 1
739 241 769 302 0.187539 1
954 220 1013 272 0.170706 1
741 237 771 302 0.170551 1
739 236 777 302 0.152085 1
955 220 1011 272 0.141422 1
739 244 766 302 0.127373 1
955 219 1015 272 0.117782 1
738 234 781 303 0.114167 1
739 251 765 302 0.111424 1
954 232 985 272 0.088605 1
955 217 1014 272 0.078625 1
740 248 766 302 0.075832 1
738 229 772 300 0.072297 1
955 217 1016 275 0.069517 1
780 230 831 280 0.068730 1
954 214 1013 272 0.066562 1
739 233 766 300 0.060626 1
1044 228 1076 262 0.059707 1
953 231 999 272 0.053435 1
1049 219 1083 262 0.053132 1
953 227 1013 272 0.052738 1
953 226 995 271 0.050282 1
1045 235 1068 262 0.045948 1
955 226 991 271 0.041317 1
1054 220 1074 256 0.039173 1
742 242 769 302 0.037877 1
737 238 762 298 0.037786 1
779 233 826 281 0.035027 1
741 253 764 303 0.033192 1
1056 215 1081 261 0.030914 1
1055 216 1079 260 0.028902 1
952 217 1013 274 0.028237 1
740 256 763 302 0.026422 1
1044 225 1082 262 0.025224 1
956 224 992 271 0.023749 1
770 211 796 276 0.023337 1
738 231 763 296 0.022973 1
738 249 762 299 0.022874 1
780 229 800 266 0.022862 1
780 241 829 283 0.021898 1
737 233 759 297 0.020562 1
738 228 778 302 0.019557 1
779 231 823 281 0.019189 1
781 229 803 267 0.019174 1
780 232 799 268 0.018097 1
1044 221 1071 261 0.018041 1
781 230 804 267 0.017064 1
954 229 994 270 0.016770 1
1048 214 1092 262 0.015859 1
769 237 785 280 0.015281 1
769 233 792 278 0.014256 1
954 234 979 271 0.014018 1
743 236 782 302 0.014005 1
952 222 1024 274 0.013489 1
1069 231 1092 261 0.013325 1
775 230 832 283 0.012951 1
777 205 796 249 0.012065 1
919 205 947 253 0.011825 1
1020 223 1073 260 0.011005 1
807 252 821 282 0.010956 1
781 232 802 251 0.010910 1
1044 224 1075 296 0.010743 1
808 254 824 281 0.010685 1
1022 235 1071 262 0.010500 1
1046 219 1070 259 0.010307 1
921 205 947 253 0.010242 1
1070 229 1092 259 0.010181 1
777 232 797 278 0.010128 1
738 255 759 299 0.009560 1
786 232 822 269 0.009238 1
743 246 768 303 0.009140 1
921 206 945 249 0.008980 1
814 263 828 284 0.008290 1
954 236 977 270 0.008200 1
922 206 944 245 0.007573 1
737 231 758 292 0.007562 1
767 237 785 281 0.007445 1
921 204 947 250 0.007409 1
757 237 784 284 0.007299 1
954 235 973 271 0.007091 1
954 218 995 269 0.006882 1
921 202 955 251 0.006459 1
772 196 807 268 0.006368 1
1045 279 1064 295 0.006306 1
918 206 947 253 0.006100 1
1022 232 1075 262 0.005965 1
1045 275 1070 295 0.005744 1
809 250 818 278 0.005488 1
1066 231 1092 262 0.005445 1
768 238 784 279 0.005422 1
767 239 784 280 0.004943 1
1144 310 1170 344 0.004673 1
953 230 1013 277 0.004604 1
919 205 949 253 0.004541 1
917 207 941 250 0.004411 1
914 204 941 245 0.004233 1
1071 222 1102 262 0.004208 1
1048 220 1074 296 0.004128 1
919 207 937 243 0.004088 1
922 202 960 253 0.003981 1
1044 278 1061 295 0.003848 1
786 232 817 267 0.003787 1
1053 221 1074 295 0.003626 1
1051 237 1082 262 0.003612 1
1072 226 1093 247 0.003602 1
920 201 961 252 0.003418 1
865 247 893 285 0.003389 1
915 207 947 253 0.003357 1
1143 315 1171 344 0.003261 1
867 243 929 294 0.003257 1
1043 225 1078 295 0.003144 1
949 274 960 302 0.003087 1
954 233 980 270 0.003073 1
1144 317 1171 344 0.003068 1
801 239 820 273 0.003019 1
880 239 929 296 0.003005 1
890 241 928 296 0.002891 1
864 257 893 285 0.002730 1
865 252 893 286 0.002704 1
865 249 893 286 0.002681 1
738 262 760 302 0.002676 1
954 243 969 271 0.002661 1
949 274 960 301 0.002659 1
1003 217 1025 260 0.002647 1
865 238 935 295 0.002639 1
1047 260 1073 295 0.002638 1
19 230 72 257 0.002620 1
19 224 73 258 0.002605 1
710 203 1275 418 0.002601 1
778 234 799 281 0.002429 1
889 261 928 295 0.002412 1
744 238 781 303 0.002407 1
1072 232 1100 263 0.002357 1
982 215 1016 261 0.002336 1
864 245 930 294 0.002316 1
863 239 933 294 0.002292 1
1002 224 1024 263 0.002283 1
48 227 97 256 0.002252 1
868 239 926 290 0.002185 1
907 202 966 272 0.002172 1
782 256 829 290 0.002140 1
856 229 892 284 0.002139 1
879 244 931 295 0.002136 1
866 248 892 283 0.002084 1
864 232 915 288 0.001899 1
1044 230 1073 296 0.001874 1
19 229 73 257 0.001861 1
865 240 913 288 0.001853 1
814 264 829 285 0.001791 1
869 256 912 288 0.001759 1
872 199 988 296 0.001754 1
19 226 73 257 0.001749 1
981 229 1015 268 0.001744 1
864 260 896 292 0.001741 1
872 262 914 291 0.001722 1
1002 231 1022 264 0.001711 1
1042 210 1083 298 0.001706 1
864 216 900 283 0.001652 1
894 262 928 296 0.001634 1
922 206 960 254 0.001611 1
52 221 97 256 0.001601 1
1040 217 1104 264 0.001596 1
50 230 99 256 0.001585 1
1141 308 1186 361 0.001577 1
47 225 85 255 0.001574 1
1142 308 1171 345 0.001558 1
700 196 1268 400 0.001541 1
980 215 994 256 0.001522 1
19 226 73 256 0.001513 1
47 235 74 255 0.001479 1
952 230 1013 298 0.001471 1
981 216 1015 262 0.001469 1
47 226 73 255 0.001463 1
888 233 943 297 0.001445 1
997 233 1018 266 0.001420 1
864 214 918 287 0.001415 1
867 260 895 287 0.001414 1
925 274 960 302 0.001389 1
802 236 825 277 0.001365 1
978 231 1014 269 0.001339 1
1010 230 1024 257 0.001319 1
921 201 963 250 0.001305 1
868 246 889 281 0.001290 1
949 274 960 302 0.001286 1
893 263 927 296 0.001272 1
47 236 73 255 0.001259 1
954 207 1108 300 0.001258 1
953 227 1015 270 0.001250 1
866 239 920 291 0.001248 1
862 263 889 283 0.001243 1
953 220 1015 295 0.001239 1
47 237 72 256 0.001215 1
953 231 979 289 0.001211 1
886 240 928 295 0.001211 1
1025 247 1044 261 0.001210 1
926 204 1277 345 0.001210 1
911 204 938 250 0.001193 1
20 217 64 258 0.001187 1
909 201 942 248 0.001185 1
949 274 960 301 0.001146 1
974 217 994 261 0.001132 1
960 199 992 244 0.001132 1
1144 319 1173 344 0.001126 1
127 236 193 262 0.001092 1
982 226 1015 262 0.001086 1
49 219 97 257 0.001081 1
863 184 964 290 0.001080 1
894 230 930 296 0.001069 1
117 236 183 263 0.001065 1
927 273 960 303 0.001063 1
125 236 190 260 0.001049 1
785 261 824 288 0.001048 1
18 216 43 258 0.001040 1
1011 233 1027 261 0.001034 1
913 201 973 264 0.001000 1
118 236 180 257 0.000986 1
897 209 990 274 0.000983 1
816 265 833 282 0.000982 1
1009 234 1041 263 0.000936 1
62 223 99 255 0.000931 1
1044 228 1076 295 0.000928 1
952 212 1074 297 0.000926 1
914 222 951 256 0.000915 1
22 215 42 257 0.000907 1
868 198 979 295 0.000896 1
49 218 76 255 0.000895 1
45 235 73 256 0.000892 1
917 200 955 245 0.000888 1
882 264 913 289 0.000871 1
854 219 887 282 0.000870 1
215 242 241 267 0.000868 1
908 264 927 296 0.000858 1
58 216 93 240 0.000850 1
1052 228 1076 294 0.000845 1
953 219 1017 292 0.000839 1
52 235 101 261 0.000835 1
893 202 954 262 0.000825 1
55 222 98 256 0.000821 1
954 228 1013 280 0.000816 1
1144 320 1177 352 0.000799 1
1028 210 1135 299 0.000798 1
890 265 913 293 0.000778 1
1039 278 1062 295 0.000745 1
910 264 928 296 0.000740 1
869 195 969 289 0.000734 1
815 263 833 288 0.000722 1
872 210 993 302 0.000706 1
24 220 68 256 0.000702 1
60 217 95 237 0.000699 1
924 273 961 302 0.000696 1
930 240 957 254 0.000690 1
193 224 232 257 0.000674 1
192 224 241 263 0.000671 1
116 222 184 257 0.000665 1
947 209 1133 333 0.000663 1
1139 305 1259 410 0.000655 1
957 206 1159 268 0.000644 1
220 234 241 267 0.000639 1
954 220 1072 299 0.000634 1
0 232 41 259 0.000627 1
894 264 926 304 0.000622 1
62 223 96 237 0.000620 1
909 198 994 266 0.000607 1
925 272 957 301 0.000607 1
1033 276 1063 296 0.000607 1
859 245 921 292 0.000590 1
1143 326 1167 344 0.000583 1
979 230 1012 271 0.000566 1
865 261 917 302 0.000556 1
889 216 959 298 0.000552 1
849 261 900 295 0.000542 1
201 221 242 265 0.000541 1
200 213 238 259 0.000540 1
765 198 1113 292 0.000539 1
940 274 960 303 0.000530 1
896 222 956 297 0.000523 1
111 221 180 255 0.000520 1
949 208 1126 313 0.000517 1
216 249 241 273 0.000512 1
950 234 979 291 0.000500 1
909 267 927 296 0.000499 1
169 221 231 259 0.000496 1
1049 230 1090 282 0.000481 1
911 266 927 296 0.000480 1
1181 177 1207 243 0.000478 1
680 214 695 233 0.000471 1
926 272 944 294 0.000469 1
867 215 886 280 0.000452 1
858 178 965 292 0.000450 1
911 267 928 296 0.000449 1
887 218 959 284 0.000444 1
895 266 912 306 0.000439 1
925 271 944 294 0.000421 1
663 159 1271 403 0.000421 1
911 201 991 272 0.000416 1
154 236 192 262 0.000412 1
779 260 814 289 0.000410 1
1000 229 1072 297 0.000400 1
1050 222 1085 296 0.000399 1
111 222 164 254 0.000391 1
776 203 846 287 0.000390 1
950 206 965 254 0.000386 1
926 273 959 310 0.000381 1
1142 324 1188 360 0.000379 1
816 254 833 281 0.000379 1
214 241 240 266 0.000373 1
923 271 944 299 0.000368 1
861 260 919 297 0.000361 1
700 283 769 341 0.000361 1
1041 274 1069 329 0.000358 1
763 237 787 289 0.000351 1
731 233 778 335 0.000348 1
868 239 918 281 0.000346 1
948 234 977 304 0.000342 1
820 187 1028 275 0.000341 1
821 265 852 282 0.000339 1
218 245 241 273 0.000338 1
925 271 944 295 0.000332 1
958 208 985 255 0.000332 1
952 220 995 289 0.000329 1
1045 218 1084 266 0.000327 1
814 262 855 284 0.000326 1
948 249 1121 335 0.000314 1
1040 216 1109 274 0.000313 1
983 228 1022 281 0.000311 1
131 225 193 257 0.000306 1
665 228 774 342 0.000303 1
925 270 944 295 0.000301 1
1041 277 1061 332 0.000300 1
847 236 884 290 0.000284 1
147 237 193 263 0.000277 1
727 234 757 298 0.000274 1
721 207 840 285 0.000272 1
911 232 964 271 0.000270 1
214 248 240 274 0.000269 1
1134 305 1272 416 0.000265 1
189 229 228 263 0.000258 1
725 230 757 296 0.000255 1
866 241 931 310 0.000243 1
886 239 930 279 0.000242 1
809 260 856 303 0.000238 1
59 215 98 238 0.000236 1
1044 218 1093 266 0.000229 1
736 230 850 343 0.000224 1
792 206 830 275 0.000217 1
838 225 920 289 0.000209 1
1063 230 1094 272 0.000207 1
1124 305 1214 410 0.000207 1
1033 321 1056 336 0.000206 1
801 262 836 299 0.000203 1
679 214 703 238 0.000200 1
729 252 768 331 0.000199 1
1204 255 1226 286 0.000198 1
1016 216 1087 286 0.000195 1
55 215 75 239 0.000194 1
747 233 781 304 0.000193 1
879 255 979 308 0.000189 1
1078 304 1188 390 0.000189 1
949 240 976 304 0.000184 1
1201 253 1234 278 0.000174 1
873 240 979 310 0.000162 1
1139 302 1272 373 0.000161 1
134 218 159 239 0.000159 1
1005 231 1076 296 0.000157 1
24 214 59 252 0.000157 1
925 274 945 311 0.000151 1
1046 222 1088 296 0.000151 1
160 238 192 263 0.000146 1
813 263 857 299 0.000143 1
780 250 797 288 0.000139 1
24 215 69 242 0.000138 1
1024 282 1060 335 0.000135 1
704 259 768 331 0.000129 1
936 256 1140 338 0.000127 1
819 264 838 298 0.000127 1
726 214 851 297 0.000126 1
865 265 890 296 0.000123 1
915 231 970 273 0.000123 1
814 227 860 284 0.000121 1
766 253 840 318 0.000119 1
917 230 972 303 0.000115 1
895 263 931 312 0.000114 1
797 255 829 299 0.000114 1
1003 210 1141 297 0.000106 1
815 239 832 278 0.000106 1
827 282 849 299 0.000102 1
696 227 778 310 0.000102 1
0 281 481 646 0.637382 2
1 279 482 622 0.124751 2
1006 199 1038 224 0.073262 2
1006 200 1028 224 0.053568 2
1006 199 1035 223 0.044453 2
461 415 590 445 0.033005 2
1005 197 1038 223 0.032322 2
460 418 590 444 0.030769 2
460 417 591 447 0.029788 2
0 387 33 409 0.029582 2
631 383 657 396 0.028795 2
1006 201 1026 228 0.028657 2
460 418 591 446 0.025702 2
689 205 728 235 0.025092 2
129 538 234 667 0.025088 2
1006 197 1054 227 0.022022 2
1006 198 1053 225 0.021575 2
632 383 657 396 0.020911 2
1005 196 1053 229 0.020710 2
1006 197 1055 226 0.020128 2
688 207 728 236 0.020113 2
832 480 840 486 0.019140 2
631 384 657 396 0.018906 2
1006 197 1056 225 0.017291 2
304 185 322 198 0.017190 2
821 329 848 344 0.016940 2
305 186 320 198 0.016522 2
1006 196 1056 228 0.016507 2
691 198 731 233 0.015526 2
1103 487 1118 496 0.013820 2
0 386 32 409 0.013674 2
1104 487 1120 497 0.013650 2
691 198 730 228 0.012767 2
0 386 33 408 0.012449 2
865 177 947 232 0.011806 2
1006 197 1055 230 0.011747 2
822 328 848 344 0.011552 2
1113 219 1134 230 0.010718 2
1119 488 1135 497 0.009227 2
306 186 323 198 0.009213 2
592 448 608 459 0.008862 2
574 445 593 457 0.008589 2
575 445 593 458 0.007907 2
1007 200 1030 224 0.007866 2
691 205 726 235 0.007708 2
1113 217 1136 230 0.007394 2
1120 488 1136 498 0.007381 2
589 197 649 215 0.007225 2
1114 218 1136 231 0.006688 2
607 447 623 462 0.006541 2
484 199 516 217 0.006525 2
483 196 517 216 0.006436 2
877 199 938 240 0.006144 2
587 183 621 202 0.006026 2
489 199 511 214 0.005959 2
874 198 953 240 0.005803 2
1006 194 1058 228 0.005775 2
648 455 656 461 0.005719 2
867 195 938 239 0.005535 2
1113 219 1133 232 0.005500 2
836 469 848 478 0.005263 2
848 471 866 478 0.005204 2
916 474 928 482 0.005142 2
607 202 641 215 0.005062 2
870 191 953 235 0.004977 2
1008 202 1034 228 0.004953 2
877 198 957 240 0.004501 2
592 199 648 216 0.004416 2
1113 217 1135 231 0.004264 2
1114 217 1136 229 0.004228 2
702 197 743 233 0.004033 2
990 202 1033 229 0.003975 2
461 419 540 447 0.003905 2
712 198 730 232 0.003805 2
873 198 937 234 0.003768 2
666 454 684 463 0.003730 2
319 215 331 231 0.003692 2
692 209 714 234 0.003611 2
490 197 517 215 0.003562 2
1006 194 1052 223 0.003449 2
1101 227 1119 248 0.003349 2
866 176 943 224 0.003324 2
832 472 840 479 0.003313 2
551 174 579 202 0.003255 2
690 208 726 236 0.003222 2
599 464 608 470 0.003193 2
319 204 331 231 0.003112 2
482 198 518 217 0.003083 2
583 184 620 210 0.003077 2
1101 226 1119 247 0.003072 2
1261 198 1276 212 0.003037 2
1099 222 1119 247 0.003007 2
990 196 1037 225 0.002989 2
605 201 645 216 0.002943 2
879 199 907 240 0.002847 2
1035 196 1058 230 0.002812 2
259 470 371 511 0.002808 2
588 187 656 217 0.002744 2
1006 199 1069 258 0.002741 2
1102 229 1119 247 0.002706 2
631 381 655 396 0.002623 2
866 177 945 208 0.002583 2
1077 214 1096 233 0.002563 2
607 448 623 464 0.002548 2
1263 249 1279 270 0.002534 2
1005 192 1042 224 0.002509 2
1263 349 1279 359 0.002500 2
680 198 691 216 0.002456 2
1006 194 1042 224 0.002451 2
591 448 608 458 0.002424 2
631 376 657 396 0.002415 2
608 447 623 462 0.002345 2
666 455 674 463 0.002297 2
866 177 950 228 0.002260 2
258 470 370 520 0.002254 2
592 448 608 461 0.002240 2
479 176 520 216 0.002217 2
632 376 657 396 0.002189 2
1077 216 1096 235 0.002149 2
1149 501 1164 510 0.002143 2
575 445 592 457 0.002135 2
592 423 608 433 0.002086 2
1113 218 1134 243 0.002073 2
1263 247 1279 270 0.002071 2
460 420 532 447 0.002037 2
1006 200 1055 256 0.002036 2
1092 210 1131 247 0.001988 2
631 202 653 217 0.001977 2
585 184 621 204 0.001922 2
461 421 573 447 0.001911 2
0 385 33 409 0.001901 2
323 537 386 570 0.001888 2
461 421 498 446 0.001880 2
1008 197 1061 239 0.001851 2
657 454 665 462 0.001804 2
705 198 740 234 0.001762 2
878 199 954 245 0.001755 2
1079 213 1124 247 0.001742 2
1262 241 1279 269 0.001692 2
462 419 539 441 0.001677 2
589 193 651 217 0.001672 2
1015 338 1024 344 0.001659 2
599 319 608 329 0.001641 2
261 469 374 513 0.001613 2
880 199 907 241 0.001612 2
924 455 937 463 0.001605 2
460 417 533 442 0.001597 2
584 184 619 213 0.001594 2
870 200 910 242 0.001561 2
875 199 910 240 0.001551 2
1263 349 1279 369 0.001515 2
607 202 618 215 0.001505 2
293 178 308 198 0.001482 2
656 429 677 440 0.001476 2
1102 231 1119 247 0.001466 2
462 421 500 438 0.001418 2
574 423 609 458 0.001415 2
458 418 593 460 0.001415 2
321 537 388 570 0.001414 2
356 216 368 230 0.001414 2
329 537 385 569 0.001383 2
258 469 378 525 0.001381 2
588 187 617 214 0.001349 2
691 198 724 237 0.001343 2
1263 209 1279 270 0.001342 2
1255 630 1264 648 0.001280 2
663 431 678 440 0.001279 2
0 385 32 409 0.001274 2
633 380 661 395 0.001264 2
460 420 529 449 0.001259 2
504 314 513 335 0.001251 2
1264 350 1279 361 0.001237 2
320 537 378 613 0.001237 2
486 187 523 216 0.001232 2
1006 203 1042 245 0.001227 2
874 199 917 243 0.001224 2
874 189 957 231 0.001222 2
462 419 576 440 0.001217 2
586 182 655 213 0.001217 2
1048 201 1120 247 0.001191 2
587 423 608 434 0.001185 2
867 177 943 203 0.001182 2
322 538 388 572 0.001166 2
321 538 381 611 0.001157 2
1262 344 1279 356 0.001139 2
0 387 33 410 0.001138 2
1069 201 1097 235 0.001111 2
257 469 377 537 0.001109 2
863 334 884 344 0.001108 2
1024 206 1043 230 0.001106 2
1094 207 1137 231 0.001090 2
1263 252 1279 270 0.001051 2
1177 381 1184 391 0.001047 2
306 185 330 199 0.001037 2
659 190 693 222 0.001029 2
1196 216 1279 268 0.001004 2
877 201 905 238 0.000994 2
1258 198 1277 229 0.000984 2
319 203 335 232 0.000983 2
357 216 368 231 0.000972 2
1078 197 1130 246 0.000961 2
1264 351 1279 368 0.000951 2
991 214 1011 234 0.000949 2
1121 64 1152 76 0.000943 2
935 198 957 213 0.000938 2
1042 210 1120 248 0.000937 2
1248 345 1262 355 0.000910 2
822 470 831 477 0.000898 2
865 443 878 455 0.000884 2
426 451 455 481 0.000876 2
655 429 680 440 0.000873 2
590 448 608 460 0.000873 2
462 421 497 446 0.000871 2
838 494 848 503 0.000865 2
587 423 608 453 0.000848 2
1255 199 1277 233 0.000843 2
1203 198 1275 268 0.000838 2
574 423 609 462 0.000835 2
639 456 653 461 0.000831 2
319 202 335 231 0.000823 2
295 481 339 497 0.000816 2
1203 254 1225 267 0.000808 2
1029 193 1066 224 0.000806 2
1263 357 1279 375 0.000797 2
1264 367 1279 375 0.000795 2
294 176 306 197 0.000791 2
258 470 305 514 0.000787 2
1069 327 1088 338 0.000785 2
1030 321 1088 341 0.000785 2
264 471 348 505 0.000784 2
591 448 609 460 0.000778 2
832 504 844 511 0.000775 2
1038 321 1056 335 0.000768 2
1149 471 1163 479 0.000763 2
320 537 393 614 0.000749 2
1261 630 1272 648 0.000736 2
1068 326 1088 338 0.000726 2
837 504 848 511 0.000705 2
263 469 377 521 0.000697 2
263 470 305 510 0.000695 2
0 385 33 425 0.000682 2
934 203 960 219 0.000680 2
319 200 355 232 0.000676 2
826 504 833 510 0.000676 2
1097 206 1135 231 0.000673 2
503 312 528 335 0.000667 2
976 201 992 219 0.000657 2
1217 206 1279 268 0.000654 2
810 328 848 345 0.000648 2
863 185 989 257 0.000643 2
773 460 797 473 0.000642 2
428 449 457 481 0.000634 2
265 471 305 508 0.000629 2
1204 256 1220 268 0.000626 2
908 199 953 241 0.000625 2
582 423 626 467 0.000624 2
258 470 304 508 0.000620 2
128 536 232 621 0.000617 2
780 207 871 249 0.000610 2
1038 322 1055 335 0.000607 2
713 187 729 225 0.000605 2
1037 321 1055 335 0.000605 2
495 239 527 253 0.000604 2
803 183 855 236 0.000593 2
338 537 385 569 0.000592 2
459 416 592 462 0.000588 2
673 452 689 464 0.000584 2
461 409 519 440 0.000583 2
671 455 705 471 0.000579 2
362 409 698 447 0.000579 2
551 177 582 204 0.000577 2
865 195 906 241 0.000573 2
257 468 452 614 0.000571 2
687 454 704 467 0.000566 2
645 448 698 463 0.000565 2
1100 198 1121 209 0.000563 2
503 312 514 335 0.000561 2
320 201 355 233 0.000560 2
1258 629 1274 648 0.000558 2
671 193 691 215 0.000557 2
304 483 327 496 0.000529 2
436 412 708 457 0.000529 2
281 389 620 456 0.000527 2
257 469 397 540 0.000524 2
865 205 899 239 0.000523 2
258 469 402 541 0.000523 2
1195 230 1280 272 0.000522 2
320 537 412 614 0.000520 2
322 538 387 581 0.000515 2
419 382 520 431 0.000514 2
1181 372 1263 425 0.000513 2
460 410 516 442 0.000511 2
867 204 908 244 0.000511 2
821 328 848 350 0.000511 2
453 423 464 433 0.000511 2
263 470 329 508 0.000510 2
324 539 386 587 0.000508 2
130 538 232 618 0.000504 2
683 452 700 464 0.000504 2
623 316 680 359 0.000502 2
20 200 35 206 0.000500 2
459 410 513 437 0.000499 2
671 459 701 471 0.000499 2
296 175 315 196 0.000497 2
320 538 388 605 0.000496 2
660 450 687 463 0.000495 2
809 182 855 242 0.000495 2
821 328 848 356 0.000494 2
623 318 670 360 0.000487 2
320 538 375 614 0.000485 2
256 470 302 510 0.000484 2
626 462 654 472 0.000481 2
283 478 375 509 0.000475 2
258 469 409 543 0.000468 2
620 324 664 361 0.000468 2
1032 319 1095 337 0.000466 2
458 417 601 459 0.000466 2
623 324 664 361 0.000465 2
1119 501 1130 509 0.000465 2
1249 347 1265 358 0.000465 2
0 383 33 410 0.000463 2
322 200 377 232 0.000462 2
557 179 581 201 0.000460 2
285 478 368 508 0.000455 2
322 538 386 567 0.000451 2
663 450 674 462 0.000450 2
0 295 33 411 0.000450 2
0 386 33 421 0.000449 2
258 468 422 557 0.000447 2
1263 168 1279 181 0.000447 2
989 191 1054 244 0.000440 2
577 424 611 460 0.000437 2
1167 272 1279 356 0.000437 2
624 185 648 212 0.000433 2
741 443 800 473 0.000431 2
433 386 517 431 0.000429 2
926 199 955 215 0.000427 2
291 484 305 498 0.000426 2
821 328 848 351 0.000426 2
1167 265 1279 359 0.000421 2
1103 183 1122 205 0.000421 2
689 458 704 470 0.000418 2
256 468 432 609 0.000415 2
208 567 231 603 0.000410 2
739 443 794 459 0.000407 2
464 410 517 432 0.000405 2
604 323 664 364 0.000405 2
797 465 811 472 0.000404 2
668 205 703 234 0.000404 2
1023 319 1057 338 0.000402 2
380 387 594 453 0.000402 2
132 538 232 611 0.000400 2
324 534 387 569 0.000399 2
503 310 529 335 0.000398 2
596 456 665 472 0.000398 2
1248 345 1264 357 0.000397 2
281 475 365 508 0.000396 2
799 495 807 503 0.000394 2
1128 327 1146 339 0.000394 2
208 567 231 605 0.000392 2
869 177 941 200 0.000390 2
462 421 497 447 0.000389 2
579 425 624 464 0.000389 2
104 239 154 264 0.000387 2
330 204 372 232 0.000385 2
603 449 647 468 0.000384 2
514 169 560 191 0.000382 2
1248 346 1263 357 0.000382 2
750 450 798 472 0.000378 2
208 566 230 630 0.000371 2
1181 371 1264 420 0.000371 2
1024 319 1056 335 0.000371 2
283 480 372 510 0.000370 2
587 164 629 197 0.000368 2
1167 276 1279 361 0.000366 2
295 200 332 232 0.000363 2
633 374 683 394 0.000358 2
1264 631 1279 648 0.000355 2
452 408 513 437 0.000355 2
473 429 528 448 0.000353 2
461 423 513 448 0.000353 2
1031 321 1089 344 0.000352 2
503 313 528 335 0.000351 2
258 462 459 615 0.000350 2
1261 277 1279 296 0.000343 2
596 462 624 470 0.000342 2
865 204 898 241 0.000341 2
628 390 695 427 0.000340 2
703 309 753 342 0.000335 2
664 450 692 463 0.000334 2
320 536 419 615 0.000334 2
1024 321 1088 345 0.000334 2
287 474 346 497 0.000330 2
1251 340 1279 409 0.000329 2
617 383 703 432 0.000328 2
1184 372 1261 426 0.000328 2
1119 64 1150 76 0.000326 2
776 471 793 477 0.000326 2
408 379 522 430 0.000325 2
602 457 624 469 0.000321 2
133 538 233 648 0.000320 2
414 390 592 444 0.000320 2
257 470 299 509 0.000320 2
574 445 593 462 0.000318 2
671 463 681 471 0.000316 2
1140 323 1183 360 0.000316 2
300 410 630 620 0.000316 2
127 527 434 671 0.000314 2
257 443 455 611 0.000312 2
1191 373 1262 426 0.000311 2
362 538 387 569 0.000311 2
1211 247 1280 295 0.000311 2
1258 342 1279 389 0.000309 2
258 470 305 525 0.000308 2
907 190 956 235 0.000306 2
468 409 548 437 0.000304 2
410 377 595 446 0.000304 2
264 471 301 508 0.000303 2
319 202 335 231 0.000302 2
1262 279 1279 295 0.000302 2
288 478 311 507 0.000301 2
448 401 516 435 0.000300 2
913 179 954 204 0.000300 2
928 182 954 203 0.000300 2
207 567 232 610 0.000299 2
306 404 637 597 0.000298 2
721 459 739 471 0.000296 2
1168 381 1180 391 0.000295 2
273 184 294 192 0.000294 2
505 168 555 195 0.000293 2
519 427 589 439 0.000291 2
361 537 387 569 0.000289 2
738 446 757 457 0.000289 2
292 175 307 197 0.000288 2
1164 272 1279 353 0.000288 2
508 424 590 439 0.000287 2
0 299 35 413 0.000287 2
736 431 769 457 0.000287 2
1263 278 1279 294 0.000286 2
893 182 957 234 0.000281 2
769 694 809 703 0.000280 2
117 476 461 670 0.000280 2
581 187 619 215 0.000276 2
1191 374 1258 420 0.000270 2
759 175 971 285 0.000270 2
1088 265 1093 269 0.000269 2
587 161 632 186 0.000266 2
1064 320 1125 346 0.000265 2
126 467 455 671 0.000263 2
1055 465 1069 471 0.000262 2
436 376 515 429 0.000260 2
1148 344 1185 360 0.000260 2
794 471 814 478 0.000257 2
575 446 593 460 0.000257 2
422 375 517 428 0.000257 2
626 326 666 361 0.000254 2
471 151 523 170 0.000254 2
324 191 341 199 0.000254 2
638 438 703 464 0.000253 2
1200 258 1280 297 0.000253 2
1263 363 1279 408 0.000250 2
132 547 176 628 0.000249 2
622 314 676 357 0.000249 2
998 183 1054 222 0.000249 2
1270 630 1279 647 0.000246 2
591 463 608 470 0.000245 2
321 537 388 610 0.000245 2
868 177 954 221 0.000243 2
203 565 231 638 0.000242 2
1023 319 1047 333 0.000242 2
623 323 663 352 0.000241 2
208 568 231 600 0.000241 2
632 456 671 472 0.000240 2
337 538 387 569 0.000240 2
600 324 664 367 0.000239 2
683 450 700 464 0.000238 2
1 282 128 422 0.000237 2
719 455 742 471 0.000237 2
261 470 305 524 0.000237 2
260 432 478 613 0.000235 2
633 391 693 426 0.000235 2
923 184 955 206 0.000234 2
289 398 632 613 0.000234 2
1007 302 1023 311 0.000233 2
621 312 683 357 0.000232 2
557 184 588 216 0.000232 2
808 472 819 478 0.000232 2
273 185 293 193 0.000231 2
626 454 640 462 0.000230 2
458 419 500 446 0.000229 2
658 174 693 217 0.000229 2
822 327 848 343 0.000229 2
591 422 625 434 0.000228 2
1233 345 1263 355 0.000228 2
705 282 769 330 0.000227 2
296 431 480 613 0.000226 2
1148 344 1192 360 0.000225 2
510 426 590 439 0.000224 2
1147 344 1200 360 0.000224 2
0 385 33 434 0.000223 2
386 197 397 206 0.000222 2
1138 324 1187 360 0.000222 2
1173 219 1279 299 0.000220 2
319 535 440 615 0.000219 2
320 536 388 568 0.000218 2
487 409 521 425 0.000218 2
602 446 645 466 0.000218 2
0 386 34 467 0.000217 2
319 535 467 614 0.000217 2
1223 250 1280 296 0.000217 2
364 539 387 569 0.000216 2
593 362 624 380 0.000215 2
867 176 941 203 0.000214 2
128 535 162 581 0.000213 2
255 468 422 614 0.000213 2
663 428 695 440 0.000213 2
207 566 229 604 0.000212 2
873 200 921 244 0.000212 2
420 454 460 480 0.000211 2
1263 169 1279 184 0.000211 2
975 456 983 464 0.000211 2
1068 328 1088 344 0.000210 2
866 176 941 205 0.000210 2
744 444 824 474 0.000209 2
594 377 703 450 0.000208 2
651 445 701 465 0.000208 2
639 438 649 449 0.000207 2
503 309 529 335 0.000207 2
865 213 889 243 0.000205 2
322 539 379 603 0.000205 2
1022 319 1053 342 0.000203 2
658 213 710 235 0.000203 2
518 168 566 184 0.000203 2
643 437 656 453 0.000201 2
477 408 514 424 0.000201 2
595 459 658 471 0.000200 2
633 326 666 359 0.000198 2
869 176 937 193 0.000196 2
851 439 870 454 0.000196 2
608 311 693 378 0.000195 2
831 417 847 424 0.000194 2
1167 226 1279 367 0.000193 2
1223 160 1279 183 0.000191 2
1132 343 1196 360 0.000189 2
1196 359 1263 403 0.000188 2
646 447 656 460 0.000188 2
277 177 312 198 0.000188 2
884 191 989 258 0.000188 2
478 409 577 433 0.000187 2
627 402 669 424 0.000187 2
840 495 861 503 0.000185 2
573 423 644 462 0.000184 2
472 393 595 443 0.000184 2
457 406 514 431 0.000183 2
566 200 582 216 0.000183 2
855 441 869 455 0.000183 2
631 397 681 426 0.000182 2
820 331 847 362 0.000180 2
991 357 1024 386 0.000180 2
0 356 33 408 0.000180 2
1263 318 1279 369 0.000178 2
434 387 515 433 0.000177 2
706 323 744 348 0.000177 2
633 384 669 400 0.000176 2
207 566 234 642 0.000176 2
618 330 662 372 0.000175 2
831 599 848 616 0.000175 2
275 334 624 450 0.000175 2
439 386 516 431 0.000174 2
320 402 767 585 0.000174 2
1195 374 1263 424 0.000174 2
1077 329 1109 345 0.000174 2
404 457 458 496 0.000172 2
0 282 187 423 0.000171 2
772 461 800 473 0.000171 2
619 378 703 436 0.000170 2
583 179 723 217 0.000169 2
511 424 588 439 0.000169 2
525 427 591 454 0.000166 2
608 341 657 372 0.000165 2
598 360 624 377 0.000165 2
844 439 866 452 0.000164 2
293 401 631 621 0.000163 2
776 471 792 477 0.000162 2
928 181 955 205 0.000162 2
318 438 480 615 0.000162 2
1051 312 1126 346 0.000162 2
285 478 378 535 0.000162 2
591 361 624 391 0.000161 2
529 429 592 456 0.000160 2
324 200 363 233 0.000159 2
639 431 652 441 0.000159 2
332 209 354 233 0.000159 2
594 307 688 377 0.000158 2
1011 439 1041 456 0.000158 2
832 594 839 600 0.000157 2
1262 251 1279 296 0.000155 2
402 454 456 493 0.000155 2
257 469 398 543 0.000155 2
532 432 591 456 0.000154 2
506 426 591 453 0.000154 2
1235 357 1279 414 0.000153 2
1172 272 1241 287 0.000153 2
306 185 331 230 0.000151 2
716 321 735 342 0.000151 2
1263 313 1279 364 0.000150 2
821 359 832 375 0.000149 2
756 695 810 703 0.000149 2
324 200 360 232 0.000149 2
0 386 34 474 0.000148 2
641 438 703 459 0.000147 2
912 181 955 208 0.000147 2
643 430 656 440 0.000146 2
601 341 653 377 0.000146 2
492 432 526 448 0.000146 2
461 408 514 428 0.000144 2
409 380 521 432 0.000144 2
705 315 746 344 0.000144 2
619 324 676 377 0.000143 2
638 377 686 395 0.000143 2
311 434 480 615 0.000142 2
1031 312 1100 339 0.000142 2
1178 262 1231 287 0.000142 2
130 547 177 638 0.000142 2
272 183 315 200 0.000141 2
471 190 481 204 0.000140 2
628 367 659 398 0.000140 2
626 373 702 432 0.000140 2
129 535 164 575 0.000139 2
1201 271 1280 308 0.000138 2
1094 169 1125 206 0.000138 2
486 408 564 427 0.000137 2
1119 314 1168 343 0.000136 2
417 383 450 411 0.000136 2
324 199 385 233 0.000136 2
1264 319 1279 356 0.000135 2
1017 334 1034 343 0.000134 2
0 290 33 412 0.000133 2
1200 260 1232 288 0.000133 2
1019 321 1089 345 0.000132 2
592 361 624 383 0.000132 2
625 381 669 425 0.000131 2
0 385 42 466 0.000131 2
739 183 790 223 0.000131 2
296 412 634 624 0.000130 2
298 188 327 233 0.000130 2
312 194 341 231 0.000129 2
414 373 598 441 0.000128 2
328 199 386 233 0.000127 2
637 387 693 411 0.000126 2
208 567 233 602 0.000126 2
861 171 991 256 0.000126 2
486 370 704 453 0.000125 2
127 469 474 672 0.000125 2
21 445 476 665 0.000125 2
822 328 856 345 0.000124 2
1061 325 1088 345 0.000124 2
1144 324 1188 349 0.000123 2
617 324 664 363 0.000122 2
975 343 997 358 0.000122 2
1195 263 1280 294 0.000121 2
633 453 675 472 0.000120 2
1018 319 1075 345 0.000120 2
831 596 848 616 0.000119 2
1264 321 1279 365 0.000119 2
152 538 213 612 0.000118 2
551 439 594 458 0.000118 2
262 469 356 509 0.000118 2
269 470 360 504 0.000118 2
157 538 226 618 0.000118 2
830 439 879 457 0.000118 2
248 405 479 571 0.000118 2
262 470 304 507 0.000117 2
0 282 328 668 0.000117 2
320 399 784 632 0.000116 2
128 535 159 564 0.000116 2
1191 357 1264 398 0.000115 2
488 407 586 432 0.000115 2
459 417 593 468 0.000114 2
1141 304 1206 350 0.000114 2
661 273 690 283 0.000114 2
462 169 523 231 0.000114 2
626 371 702 430 0.000114 2
948 693 987 703 0.000113 2
57 457 428 675 0.000113 2
623 401 655 424 0.000112 2
646 439 703 458 0.000112 2
256 470 304 521 0.000111 2
631 323 683 360 0.000111 2
735 180 791 222 0.000111 2
416 382 449 412 0.000110 2
622 314 669 349 0.000110 2
130 530 455 672 0.000110 2
907 179 938 200 0.000110 2
848 496 862 503 0.000109 2
511 340 521 351 0.000109 2
260 468 344 507 0.000109 2
812 335 847 366 0.000109 2
75 441 474 667 0.000108 2
396 374 711 454 0.000108 2
281 479 368 511 0.000107 2
149 538 213 582 0.000107 2
1213 300 1279 358 0.000106 2
288 175 309 195 0.000106 2
293 200 333 269 0.000105 2
943 326 975 347 0.000105 2
166 283 481 623 0.000105 2
706 332 741 363 0.000104 2
831 416 847 424 0.000104 2
655 375 677 387 0.000104 2
417 385 455 428 0.000104 2
1015 338 1024 351 0.000104 2
492 405 593 439 0.000103 2
1205 340 1264 406 0.000103 2
622 341 669 379 0.000103 2
530 430 592 455 0.000103 2
389 414 601 489 0.000102 2
704 333 745 377 0.000102 2
381 403 597 512 0.000102 2
1168 273 1230 286 0.000102 2
1185 271 1280 311 0.000102 2
627 302 696 378 0.000100 2
1181 165 1279 270 0.026801 5
1191 166 1279 270 0.004669 5
1194 166 1279 268 0.004547 5
479 166 577 216 0.004526 5
443 170 518 215 0.003756 5
478 170 521 216 0.003278 5
480 172 519 216 0.003073 5
444 168 517 216 0.002395 5
1197 165 1279 217 0.002256 5
479 163 579 212 0.002120 5
454 169 519 216 0.001822 5
1191 164 1279 218 0.001810 5
1221 162 1279 211 0.001756 5
1210 165 1279 265 0.001689 5
1220 162 1279 209 0.001624 5
478 169 522 216 0.001499 5
1206 164 1279 217 0.001314 5
443 171 521 216 0.001101 5
1005 183 1059 219 0.001083 5
1004 182 1066 225 0.001012 5
1002 183 1051 221 0.000977 5
1202 163 1271 218 0.000805 5
1211 163 1274 209 0.000774 5
480 172 525 216 0.000749 5
458 153 520 171 0.000644 5
1224 162 1279 183 0.000619 5
454 154 539 214 0.000584 5
1221 180 1279 206 0.000582 5
1215 179 1276 234 0.000561 5
447 155 526 211 0.000552 5
1206 165 1247 218 0.000530 5
447 155 519 170 0.000520 5
449 149 524 171 0.000515 5
480 172 505 211 0.000471 5
826 135 939 169 0.000470 5
1263 169 1279 205 0.000340 5
1220 180 1278 204 0.000336 5
819 135 939 170 0.000235 5
1023 195 1181 261 0.000224 5
478 173 499 211 0.000187 5
472 170 504 208 0.000127 5
0 278 480 640 0.260555 6
664 247 1279 492 0.008026 6
664 231 1279 441 0.007296 6
653 221 1280 443 0.005904 6
1175 161 1279 270 0.005652 6
675 253 1278 507 0.005007 6
660 243 1279 482 0.004886 6
701 254 1279 504 0.004767 6
714 248 1279 486 0.004645 6
934 254 1279 420 0.004551 6
682 217 1279 419 0.004378 6
795 241 1279 426 0.003718 6
817 452 1277 510 0.003627 6
936 238 1279 418 0.003540 6
692 444 1279 510 0.003407 6
809 446 1277 509 0.003293 6
678 446 1278 513 0.003256 6
861 220 1279 419 0.003147 6
449 161 582 215 0.003029 6
818 259 1279 500 0.002894 6
675 439 1277 503 0.002817 6
905 253 1279 474 0.002760 6
797 269 1279 505 0.002587 6
665 210 1279 418 0.002564 6
868 453 1176 493 0.002158 6
856 452 1128 490 0.002156 6
814 198 1279 417 0.001884 6
447 156 582 215 0.001844 6
1187 162 1279 218 0.001738 6
443 160 519 216 0.001729 6
796 199 1278 399 0.001667 6
864 462 1276 511 0.001651 6
1181 161 1279 217 0.001643 6
0 281 475 531 0.001614 6
1197 162 1279 216 0.001608 6
680 438 1275 496 0.001603 6
697 207 1276 451 0.001521 6
640 267 1147 474 0.001510 6
703 408 885 475 0.001473 6
656 440 1274 511 0.001385 6
642 263 1175 473 0.001358 6
868 453 1203 493 0.001284 6
958 273 1278 502 0.001272 6
1028 283 1279 495 0.001217 6
971 468 1277 511 0.001195 6
733 244 1274 461 0.001184 6
855 452 1116 487 0.001091 6
672 401 1262 494 0.001022 6
645 258 1237 457 0.001016 6
704 408 884 470 0.001013 6
657 277 1266 503 0.001011 6
881 170 1279 419 0.001008 6
669 435 1264 494 0.000970 6
1213 163 1279 215 0.000967 6
641 267 1063 483 0.000962 6
645 265 1096 484 0.000937 6
650 270 1249 490 0.000908 6
640 268 1107 389 0.000895 6
1005 150 1279 418 0.000883 6
640 265 1052 473 0.000816 6
822 451 1090 488 0.000807 6
679 377 1273 499 0.000790 6
882 133 1279 399 0.000763 6
703 409 887 477 0.000734 6
826 135 938 166 0.000710 6
640 268 966 364 0.000705 6
0 280 477 485 0.000703 6
829 135 939 165 0.000700 6
647 251 1259 464 0.000700 6
871 453 1157 497 0.000645 6
682 405 1091 484 0.000639 6
860 440 1277 510 0.000639 6
1031 479 1252 512 0.000639 6
1 280 485 458 0.000632 6
1074 147 1279 270 0.000610 6
1023 143 1279 345 0.000605 6
643 216 1239 412 0.000556 6
845 447 1075 487 0.000545 6
688 409 960 479 0.000533 6
643 264 1174 385 0.000530 6
644 177 1268 423 0.000525 6
642 269 1018 480 0.000514 6
1123 415 1279 481 0.000513 6
1119 416 1278 487 0.000509 6
1075 154 1279 274 0.000505 6
672 437 1188 489 0.000498 6
1168 66 1279 273 0.000457 6
834 156 1279 373 0.000445 6
939 441 1277 510 0.000430 6
656 161 1277 443 0.000420 6
1123 416 1279 470 0.000415 6
876 450 1132 487 0.000412 6
690 192 1275 428 0.000386 6
1119 420 1279 485 0.000382 6
679 349 1276 506 0.000379 6
1076 417 1278 501 0.000372 6
461 417 705 465 0.000362 6
827 134 939 164 0.000351 6
1184 65 1279 272 0.000334 6
997 431 1279 509 0.000334 6
849 453 1115 491 0.000322 6
428 148 700 221 0.000314 6
420 412 940 497 0.000272 6
449 411 950 489 0.000268 6
651 147 1265 398 0.000268 6
709 411 886 477 0.000267 6
461 412 729 468 0.000263 6
640 271 963 479 0.000260 6
484 405 953 484 0.000257 6
640 186 1064 372 0.000246 6
827 134 939 161 0.000246 6
686 407 928 479 0.000243 6
339 64 647 223 0.000239 6
645 157 1191 391 0.000236 6
1126 416 1280 462 0.000221 6
433 399 938 483 0.000215 6
662 429 1097 484 0.000212 6
330 64 698 228 0.000208 6
324 64 639 279 0.000207 6
331 64 685 230 0.000201 6
650 441 1243 515 0.000200 6
365 64 642 222 0.000196 6
825 134 939 159 0.000192 6
823 133 938 164 0.000192 6
669 251 1259 468 0.000188 6
642 154 1116 390 0.000181 6
1048 155 1267 245 0.000180 6
408 416 708 479 0.000176 6
659 64 955 255 0.000175 6
0 281 388 505 0.000167 6
320 411 732 504 0.000166 6
678 317 1210 489 0.000165 6
1122 360 1278 470 0.000161 6
646 439 1175 515 0.000158 6
703 407 786 467 0.000153 6
1020 393 1278 465 0.000142 6
703 408 784 469 0.000141 6
1028 403 1264 471 0.000137 6
1187 288 1280 352 0.000131 6
391 65 678 222 0.000130 6
824 452 1089 491 0.000128 6
491 274 956 490 0.000127 6
330 409 939 704 0.000121 6
644 442 1135 703 0.000118 6
3 279 407 404 0.000116 6
438 268 931 486 0.000115 6
1177 73 1280 235 0.000114 6
679 64 960 258 0.000114 6
326 64 646 236 0.000112 6
448 146 527 172 0.000108 6
601 386 703 467 0.000107 6
821 448 1278 554 0.000105 6
645 445 1104 704 0.000100 6
864 177 954 242 0.311277 7
854 176 954 242 0.178091 7
845 177 954 242 0.136056 7
707 153 812 235 0.080938 7
802 177 953 243 0.080354 7
709 153 860 246 0.074554 7
698 154 955 244 0.073271 7
708 152 859 250 0.070317 7
802 166 952 242 0.065705 7
697 152 813 233 0.058130 7
703 152 813 233 0.056692 7
708 153 818 236 0.056570 7
697 151 913 242 0.056380 7
697 162 955 244 0.055061 7
704 152 815 236 0.054723 7
699 151 811 232 0.054039 7
700 152 869 243 0.040231 7
695 148 955 244 0.037781 7
707 153 860 240 0.037000 7
1183 171 1279 269 0.036401 7
797 166 948 242 0.034908 7
703 151 860 245 0.032578 7
866 177 942 233 0.031214 7
1115 184 1195 246 0.028226 7
1115 184 1188 246 0.025560 7
777 170 955 242 0.024529 7
587 183 621 213 0.023466 7
1184 185 1279 269 0.021403 7
1183 200 1279 269 0.020444 7
1187 167 1279 270 0.020303 7
859 176 953 243 0.019098 7
542 171 580 208 0.018616 7
587 183 621 211 0.016806 7
1184 211 1279 269 0.016563 7
587 183 621 212 0.015074 7
865 176 958 246 0.013857 7
866 177 939 235 0.013548 7
587 184 621 208 0.011642 7
697 135 956 246 0.011289 7
803 155 861 242 0.011270 7
806 134 948 243 0.010786 7
1184 224 1279 269 0.010570 7
1183 216 1279 269 0.010070 7
706 137 891 245 0.009994 7
693 151 859 240 0.009979 7
587 183 621 203 0.009805 7
492 169 580 212 0.009514 7
1116 184 1186 248 0.009337 7
701 145 956 245 0.009247 7
534 172 581 212 0.008815 7
799 155 865 242 0.007515 7
587 183 622 207 0.007242 7
1183 226 1279 270 0.007118 7
587 183 655 216 0.006358 7
1183 222 1279 268 0.006344 7
1185 197 1279 270 0.006335 7
1085 183 1189 248 0.006256 7
690 195 729 235 0.005235 7
1218 188 1279 268 0.004628 7
707 134 861 244 0.004429 7
458 166 582 214 0.004319 7
587 184 652 217 0.003971 7
689 160 790 233 0.003932 7
1183 204 1279 267 0.003879 7
1086 177 1190 248 0.003533 7
1217 173 1279 268 0.003502 7
789 170 947 242 0.003434 7
693 158 962 260 0.003389 7
806 159 859 230 0.003299 7
466 159 581 211 0.003272 7
473 161 581 210 0.003176 7
548 171 580 203 0.003172 7
691 160 805 235 0.003126 7
803 160 858 228 0.002986 7
691 184 730 232 0.002908 7
547 171 579 203 0.002476 7
702 156 950 266 0.002464 7
501 170 577 216 0.002422 7
1109 185 1186 248 0.002407 7
866 176 939 230 0.002315 7
551 173 580 202 0.002250 7
688 150 812 230 0.002133 7
293 199 387 281 0.002101 7
690 166 966 262 0.002091 7
775 175 957 247 0.002050 7
866 178 937 241 0.002024 7
587 184 656 217 0.002001 7
468 156 580 214 0.001952 7
1118 183 1187 223 0.001829 7
795 135 954 249 0.001792 7
806 157 858 229 0.001761 7
588 188 620 214 0.001682 7
694 183 730 224 0.001670 7
864 177 961 246 0.001517 7
531 168 581 211 0.001489 7
705 130 939 241 0.001473 7
587 184 660 218 0.001473 7
1099 164 1153 206 0.001469 7
1182 224 1226 266 0.001356 7
806 170 858 237 0.001339 7
687 153 857 242 0.001335 7
697 184 729 220 0.001330 7
1117 184 1189 222 0.001277 7
769 213 796 249 0.001255 7
802 179 855 228 0.001235 7
864 177 923 242 0.001208 7
1098 161 1212 244 0.001183 7
711 151 813 214 0.001159 7
687 183 733 231 0.001142 7
692 126 948 244 0.001133 7
1108 183 1189 247 0.001128 7
592 180 623 202 0.001090 7
1219 180 1279 226 0.001080 7
694 170 774 233 0.001025 7
709 151 814 216 0.001008 7
804 172 857 234 0.000997 7
1099 160 1225 233 0.000979 7
1118 183 1187 219 0.000971 7
865 177 935 237 0.000962 7
1078 166 1156 245 0.000922 7
687 194 729 238 0.000914 7
1218 180 1279 234 0.000897 7
760 181 799 240 0.000890 7
1102 165 1149 204 0.000881 7
293 199 385 262 0.000880 7
524 166 662 214 0.000866 7
848 178 918 242 0.000804 7
1070 199 1172 248 0.000799 7
1101 165 1149 210 0.000783 7
808 160 858 224 0.000739 7
579 161 656 212 0.000738 7
1193 169 1278 240 0.000733 7
848 173 922 239 0.000732 7
1229 194 1279 277 0.000690 7
1181 185 1224 266 0.000655 7
838 132 956 243 0.000612 7
588 165 658 213 0.000580 7
1048 269 1278 353 0.000559 7
457 142 581 213 0.000545 7
682 121 814 230 0.000511 7
723 151 813 210 0.000494 7
809 134 939 240 0.000488 7
466 172 578 218 0.000478 7
1097 163 1199 221 0.000474 7
1236 178 1279 215 0.000474 7
707 135 849 233 0.000470 7
1005 170 1067 231 0.000457 7
526 174 637 216 0.000456 7
445 159 580 221 0.000451 7
1122 183 1186 218 0.000451 7
1177 162 1280 341 0.000428 7
696 144 815 232 0.000414 7
705 141 816 232 0.000408 7
696 183 761 234 0.000402 7
695 168 784 235 0.000396 7
484 153 667 211 0.000375 7
703 303 767 374 0.000373 7
1163 166 1279 352 0.000369 7
806 159 857 219 0.000333 7
1098 158 1232 227 0.000333 7
1103 170 1131 205 0.000321 7
809 160 858 209 0.000312 7
1100 161 1212 223 0.000301 7
1055 267 1276 355 0.000291 7
1004 171 1062 228 0.000283 7
1102 164 1160 218 0.000279 7
1263 168 1279 241 0.000279 7
1099 163 1190 204 0.000263 7
798 163 1017 273 0.000260 7
1051 265 1278 353 0.000253 7
713 167 806 219 0.000253 7
1000 167 1061 227 0.000253 7
1104 183 1183 239 0.000252 7
1162 305 1269 357 0.000251 7
1118 184 1166 219 0.000236 7
597 272 695 376 0.000233 7
1263 168 1279 210 0.000229 7
762 137 979 255 0.000223 7
596 274 690 373 0.000214 7
461 144 582 215 0.000211 7
1174 218 1279 297 0.000211 7
665 162 998 307 0.000211 7
1164 303 1280 355 0.000208 7
1150 186 1177 216 0.000207 7
526 179 666 218 0.000206 7
717 168 996 276 0.000198 7
866 176 933 232 0.000196 7
704 304 767 375 0.000190 7
1174 305 1279 356 0.000190 7
585 156 646 196 0.000188 7
598 271 702 374 0.000186 7
1172 222 1279 297 0.000183 7
1157 306 1269 370 0.000172 7
596 155 660 216 0.000172 7
661 276 768 354 0.000162 7
1172 304 1279 351 0.000153 7
1163 302 1276 349 0.000152 7
297 200 332 233 0.000145 7
405 167 701 228 0.000142 7
1150 302 1280 350 0.000141 7
710 149 805 220 0.000139 7
479 146 679 216 0.000139 7
1158 304 1259 360 0.000139 7
430 64 933 255 0.000138 7
710 151 817 201 0.000134 7
714 152 812 196 0.000131 7
452 112 893 241 0.000129 7
1184 292 1280 352 0.000128 7
695 165 765 232 0.000127 7
1174 302 1280 355 0.000126 7
705 167 774 230 0.000126 7
719 152 812 200 0.000124 7
1116 184 1167 217 0.000121 7
700 171 1076 298 0.000121 7
1194 310 1264 354 0.000111 7
730 152 810 205 0.000105 7
692 182 730 218 0.000102 7
651 282 771 372 0.000101 7
1089 150 1103 178 0.625685 9
512 151 524 177 0.109882 9
1207 169 1215 186 0.075681 9
513 151 523 177 0.064735 9
513 151 523 174 0.063685 9
1088 150 1103 182 0.061553 9
513 151 523 179 0.059905 9
1207 168 1216 187 0.049552 9
512 151 524 176 0.032156 9
1089 151 1105 178 0.031415 9
1089 150 1103 182 0.028526 9
239 179 246 190 0.026802 9
513 151 524 178 0.020876 9
1207 168 1216 199 0.020681 9
1214 167 1224 184 0.020632 9
895 153 907 175 0.019635 9
365 167 373 187 0.019606 9
372 167 381 184 0.017998 9
895 154 907 177 0.017281 9
366 167 374 187 0.017149 9
513 151 524 177 0.016773 9
513 151 525 179 0.016253 9
119 64 159 77 0.014277 9
239 178 246 190 0.014212 9
878 155 890 169 0.013785 9
313 151 341 193 0.013434 9
448 157 490 170 0.013291 9
1013 136 1025 169 0.013172 9
1192 383 1206 401 0.012715 9
1211 167 1224 188 0.012593 9
1227 165 1248 182 0.012186 9
895 152 907 175 0.011809 9
863 165 870 184 0.011698 9
449 157 490 171 0.011458 9
1190 384 1205 401 0.010634 9
119 64 160 76 0.010345 9
990 680 1008 703 0.009986 9
1228 165 1247 182 0.009785 9
990 680 1006 703 0.009331 9
1013 135 1025 171 0.008792 9
119 64 160 78 0.008748 9
864 165 870 184 0.008475 9
1207 169 1216 192 0.008463 9
878 153 889 169 0.007822 9
171 64 202 91 0.007736 9
449 157 490 170 0.007578 9
904 68 944 120 0.007407 9
895 153 909 176 0.007336 9
1226 165 1248 181 0.007280 9
1192 164 1202 186 0.007200 9
513 153 523 183 0.007084 9
989 680 1010 703 0.007077 9
895 152 909 177 0.006926 9
312 150 341 192 0.006828 9
848 182 858 211 0.006766 9
119 64 164 78 0.006696 9
880 154 895 170 0.006562 9
169 64 202 91 0.006484 9
224 183 231 192 0.006459 9
119 64 202 91 0.006249 9
156 64 203 91 0.006223 9
313 154 341 195 0.006117 9
1192 167 1201 186 0.006060 9
989 680 1009 703 0.005759 9
1208 167 1224 202 0.005679 9
257 179 262 190 0.005656 9
362 167 369 188 0.005645 9
1088 188 1095 205 0.005487 9
111 151 128 164 0.005285 9
1191 383 1207 415 0.005177 9
1012 135 1024 172 0.005096 9
868 152 881 176 0.005089 9
897 155 907 175 0.004916 9
865 151 883 176 0.004868 9
680 166 687 183 0.004721 9
1145 165 1154 185 0.004540 9
868 157 880 177 0.004525 9
694 177 703 199 0.004462 9
160 64 202 91 0.004382 9
95 152 105 176 0.004366 9
94 152 104 176 0.004267 9
904 68 942 120 0.004246 9
1013 134 1026 171 0.004236 9
1197 384 1210 416 0.004212 9
1088 150 1103 192 0.004097 9
259 143 268 160 0.003999 9
119 64 184 80 0.003990 9
1006 135 1024 173 0.003785 9
313 147 341 195 0.003758 9
257 142 268 160 0.003755 9
257 143 268 160 0.003754 9
449 158 480 171 0.003732 9
848 182 857 219 0.003711 9
1006 135 1019 173 0.003691 9
119 64 161 79 0.003595 9
1207 168 1217 200 0.003590 9
1012 136 1025 172 0.003585 9
1227 164 1247 182 0.003581 9
1096 131 1106 161 0.003528 9
865 152 876 171 0.003523 9
879 152 896 173 0.003481 9
665 183 670 198 0.003477 9
111 151 128 165 0.003424 9
260 142 268 160 0.003421 9
680 168 687 188 0.003248 9
951 345 960 362 0.003238 9
119 64 174 77 0.003219 9
694 176 703 199 0.003166 9
1180 163 1207 225 0.003157 9
877 153 894 176 0.003033 9
365 167 374 189 0.002972 9
548 171 579 203 0.002889 9
119 64 193 82 0.002847 9
313 149 341 193 0.002839 9
1089 149 1110 179 0.002833 9
551 172 579 203 0.002756 9
1097 129 1105 138 0.002726 9
215 183 225 194 0.002702 9
313 148 343 194 0.002647 9
1007 135 1023 173 0.002636 9
361 167 368 189 0.002559 9
882 153 898 177 0.002523 9
1190 161 1202 187 0.002518 9
1225 162 1248 182 0.002504 9
159 64 190 91 0.002457 9
167 64 176 76 0.002450 9
1047 155 1056 174 0.002413 9
864 151 880 171 0.002398 9
1023 126 1040 164 0.002383 9
693 177 700 196 0.002372 9
372 167 381 186 0.002341 9
1099 164 1154 205 0.002251 9
1022 127 1040 162 0.002214 9
159 64 181 92 0.002170 9
1047 156 1056 177 0.002152 9
448 157 491 179 0.002126 9
1180 163 1204 220 0.002124 9
1051 111 1083 146 0.002111 9
1097 134 1110 157 0.002036 9
665 185 670 203 0.002028 9
690 168 697 180 0.002003 9
1004 135 1021 175 0.001993 9
313 152 344 196 0.001993 9
895 151 910 177 0.001984 9
1183 164 1202 188 0.001979 9
1188 380 1216 419 0.001940 9
904 69 940 120 0.001930 9
312 85 341 194 0.001903 9
1099 136 1109 157 0.001902 9
158 64 181 92 0.001880 9
845 150 858 166 0.001833 9
1153 165 1167 184 0.001813 9
119 64 203 92 0.001812 9
122 64 185 91 0.001802 9
544 167 551 181 0.001797 9
1014 128 1041 169 0.001772 9
448 157 490 178 0.001770 9
1183 165 1201 187 0.001764 9
1011 135 1026 174 0.001758 9
840 119 851 134 0.001738 9
118 64 163 78 0.001697 9
159 64 203 91 0.001646 9
1007 504 1017 520 0.001631 9
1007 503 1017 520 0.001609 9
1186 381 1211 416 0.001607 9
837 151 851 163 0.001599 9
814 139 825 155 0.001596 9
1205 409 1216 424 0.001580 9
587 170 595 185 0.001511 9
1148 165 1164 184 0.001507 9
843 118 867 136 0.001504 9
1104 165 1149 185 0.001493 9
1103 678 1120 699 0.001471 9
587 167 594 184 0.001454 9
372 166 381 186 0.001451 9
878 156 892 174 0.001446 9
833 143 849 160 0.001430 9
1016 129 1040 167 0.001424 9
1055 152 1064 170 0.001412 9
1204 407 1215 419 0.001410 9
841 119 861 135 0.001397 9
693 179 702 199 0.001396 9
1087 184 1098 202 0.001378 9
158 204 170 227 0.001367 9
1224 164 1247 183 0.001357 9
264 215 276 231 0.001343 9
1090 147 1110 178 0.001336 9
158 64 171 75 0.001335 9
158 204 169 230 0.001332 9
928 151 937 168 0.001330 9
256 177 262 191 0.001315 9
1152 164 1166 184 0.001310 9
842 150 859 166 0.001309 9
1012 130 1041 171 0.001309 9
120 64 188 93 0.001305 9
847 118 866 136 0.001293 9
1180 164 1203 217 0.001281 9
1190 378 1216 416 0.001266 9
1024 125 1040 164 0.001258 9
1171 149 1184 163 0.001240 9
240 165 247 178 0.001236 9
846 164 871 234 0.001224 9
1103 678 1121 699 0.001211 9
688 171 694 185 0.001207 9
1022 159 1029 168 0.001205 9
111 138 128 165 0.001200 9
260 143 268 159 0.001128 9
835 683 850 703 0.001128 9
1255 630 1264 648 0.001111 9
663 294 672 317 0.001109 9
1055 152 1064 164 0.001099 9
1104 164 1150 186 0.001082 9
1207 159 1221 188 0.001077 9
1089 134 1106 178 0.001052 9
680 170 689 207 0.001047 9
1145 165 1165 185 0.001030 9
164 64 188 76 0.001016 9
905 71 935 120 0.000983 9
951 348 960 368 0.000979 9
847 169 871 236 0.000978 9
842 119 860 135 0.000972 9
463 167 472 183 0.000965 9
1207 164 1248 212 0.000964 9
448 154 490 170 0.000963 9
664 170 671 186 0.000954 9
1103 678 1121 701 0.000945 9
1123 64 1151 74 0.000943 9
832 135 860 167 0.000940 9
569 161 579 177 0.000931 9
927 149 938 168 0.000920 9
169 64 209 91 0.000904 9
1150 102 1196 135 0.000899 9
998 134 1010 175 0.000891 9
1151 103 1170 134 0.000889 9
1094 164 1153 206 0.000882 9
111 150 127 164 0.000874 9
839 119 851 135 0.000872 9
588 163 603 184 0.000864 9
544 169 578 205 0.000860 9
1183 158 1203 189 0.000854 9
960 134 978 161 0.000848 9
815 114 827 130 0.000846 9
989 679 1020 703 0.000846 9
990 680 1018 703 0.000841 9
1046 152 1056 170 0.000839 9
1076 150 1103 187 0.000838 9
571 162 581 177 0.000837 9
999 134 1010 178 0.000830 9
983 679 1008 703 0.000827 9
313 155 341 195 0.000819 9
312 80 367 196 0.000816 9
544 167 580 205 0.000812 9
1088 144 1104 178 0.000811 9
1121 64 1152 75 0.000807 9
662 297 681 351 0.000806 9
1103 165 1150 203 0.000805 9
1213 371 1223 387 0.000803 9
1120 64 1152 76 0.000801 9
813 130 831 157 0.000798 9
1189 164 1216 200 0.000793 9
111 136 128 164 0.000772 9
1103 166 1147 204 0.000771 9
1053 111 1082 144 0.000763 9
992 137 1001 170 0.000762 9
693 123 704 152 0.000757 9
568 164 579 179 0.000751 9
247 176 257 191 0.000750 9
312 73 343 194 0.000748 9
247 177 257 192 0.000747 9
1027 144 1040 162 0.000744 9
1151 102 1199 134 0.000740 9
830 135 861 167 0.000738 9
811 157 858 181 0.000736 9
312 64 368 195 0.000716 9
1103 165 1150 205 0.000702 9
120 64 190 91 0.000700 9
993 141 1001 169 0.000685 9
961 135 977 162 0.000680 9
170 64 208 91 0.000680 9
663 314 678 350 0.000679 9
1088 164 1104 205 0.000673 9
449 154 491 171 0.000670 9
662 295 679 350 0.000662 9
1180 166 1203 216 0.000656 9
981 680 1008 703 0.000655 9
1150 103 1169 133 0.000642 9
856 284 863 294 0.000640 9
1150 100 1202 136 0.000637 9
960 135 979 162 0.000635 9
701 118 717 128 0.000612 9
1041 156 1054 171 0.000603 9
663 294 674 350 0.000595 9
959 134 978 160 0.000595 9
264 215 277 232 0.000593 9
264 216 277 231 0.000590 9
850 115 870 136 0.000578 9
359 167 369 190 0.000575 9
1185 165 1222 209 0.000575 9
513 153 531 190 0.000572 9
1182 164 1221 220 0.000567 9
895 562 912 600 0.000565 9
996 129 1009 174 0.000560 9
1073 151 1080 166 0.000554 9
809 166 820 180 0.000550 9
996 134 1009 175 0.000543 9
580 64 596 84 0.000540 9
801 141 810 156 0.000538 9
703 162 711 179 0.000535 9
697 134 704 152 0.000532 9
372 153 381 184 0.000531 9
1185 165 1217 201 0.000528 9
316 89 332 157 0.000520 9
340 165 352 196 0.000520 9
1077 148 1103 184 0.000519 9
1151 102 1181 131 0.000519 9
810 160 857 180 0.000515 9
999 181 1008 197 0.000514 9
446 157 492 182 0.000513 9
168 64 230 91 0.000510 9
316 64 368 191 0.000504 9
903 68 934 120 0.000503 9
1053 153 1064 182 0.000499 9
789 330 809 345 0.000499 9
988 679 1023 703 0.000498 9
1095 128 1112 158 0.000498 9
580 64 596 92 0.000495 9
344 165 353 199 0.000489 9
211 167 217 176 0.000487 9
590 160 603 182 0.000484 9
448 151 581 215 0.000481 9
596 131 603 141 0.000480 9
997 133 1009 174 0.000478 9
1073 152 1080 168 0.000474 9
855 117 870 136 0.000474 9
385 149 394 161 0.000471 9
1051 110 1083 145 0.000470 9
944 151 959 168 0.000470 9
829 135 919 170 0.000470 9
831 151 841 163 0.000468 9
690 120 706 154 0.000468 9
587 170 601 185 0.000467 9
897 583 912 600 0.000464 9
899 583 912 600 0.000463 9
615 519 624 545 0.000462 9
664 311 681 351 0.000460 9
311 90 332 165 0.000460 9
221 176 247 192 0.000458 9
615 519 624 554 0.000456 9
95 183 101 200 0.000455 9
165 247 192 263 0.000451 9
1224 162 1277 184 0.000451 9
701 151 711 178 0.000450 9
571 161 581 177 0.000447 9
960 134 977 161 0.000447 9
1021 122 1041 167 0.000446 9
1150 103 1169 134 0.000444 9
95 184 101 200 0.000442 9
1200 399 1214 424 0.000442 9
993 132 1005 172 0.000441 9
701 118 720 129 0.000440 9
168 247 192 263 0.000439 9
663 309 682 351 0.000439 9
842 156 872 205 0.000435 9
1121 64 1152 79 0.000435 9
1191 147 1211 194 0.000431 9
67 169 81 177 0.000431 9
1085 143 1127 181 0.000429 9
1119 64 1152 76 0.000429 9
814 114 836 133 0.000429 9
834 157 852 171 0.000427 9
119 64 170 89 0.000424 9
1151 102 1191 131 0.000420 9
663 168 685 215 0.000420 9
1209 158 1227 178 0.000416 9
1204 160 1249 184 0.000415 9
1198 135 1205 189 0.000415 9
662 153 671 173 0.000413 9
1075 139 1103 181 0.000413 9
239 176 251 193 0.000411 9
340 163 352 194 0.000405 9
850 136 938 175 0.000402 9
766 71 784 140 0.000401 9
1085 134 1102 177 0.000401 9
803 78 860 125 0.000397 9
1120 64 1152 78 0.000396 9
959 134 982 163 0.000396 9
1151 103 1168 130 0.000393 9
691 165 706 181 0.000390 9
332 171 347 198 0.000387 9
312 86 363 197 0.000382 9
813 149 827 161 0.000380 9
696 152 707 175 0.000378 9
860 111 869 119 0.000378 9
1050 113 1082 147 0.000376 9
943 152 960 168 0.000376 9
664 166 671 175 0.000375 9
667 311 681 344 0.000374 9
810 160 855 180 0.000372 9
1198 134 1206 187 0.000372 9
306 78 341 194 0.000367 9
1039 591 1048 618 0.000367 9
213 164 224 178 0.000365 9
448 158 486 176 0.000364 9
764 67 785 143 0.000363 9
1146 159 1177 185 0.000363 9
548 166 582 203 0.000360 9
1168 148 1186 176 0.000360 9
694 131 710 179 0.000360 9
907 99 932 120 0.000360 9
828 135 924 174 0.000357 9
1098 129 1137 166 0.000355 9
785 112 842 136 0.000355 9
586 118 598 133 0.000350 9
159 65 178 93 0.000350 9
688 118 705 156 0.000349 9
1102 165 1146 189 0.000347 9
813 78 863 135 0.000345 9
95 151 110 177 0.000344 9
162 244 192 263 0.000344 9
927 109 936 120 0.000339 9
1081 173 1091 183 0.000337 9
586 118 598 142 0.000335 9
850 136 939 167 0.000331 9
1149 101 1200 140 0.000330 9
1123 365 1136 386 0.000329 9
68 170 80 201 0.000328 9
1189 142 1206 189 0.000327 9
256 158 268 175 0.000326 9
310 92 383 196 0.000326 9
95 151 125 177 0.000326 9
222 167 231 176 0.000325 9
580 64 597 93 0.000325 9
580 64 596 92 0.000325 9
807 375 814 392 0.000322 9
1169 140 1186 170 0.000322 9
810 161 860 218 0.000322 9
1112 137 1136 161 0.000319 9
1120 64 1153 77 0.000315 9
1165 146 1196 185 0.000314 9
596 150 609 167 0.000312 9
689 119 705 163 0.000312 9
497 145 525 176 0.000311 9
871 120 879 132 0.000309 9
597 134 605 143 0.000308 9
1095 128 1135 167 0.000307 9
802 77 858 123 0.000304 9
831 138 858 164 0.000303 9
172 248 192 260 0.000303 9
1070 127 1145 204 0.000301 9
805 131 824 160 0.000300 9
783 112 837 136 0.000298 9
472 150 524 177 0.000298 9
768 96 784 137 0.000297 9
814 113 831 130 0.000293 9
903 637 912 657 0.000293 9
683 168 703 203 0.000290 9
164 246 192 275 0.000290 9
168 247 192 275 0.000288 9
969 175 976 187 0.000288 9
907 96 933 120 0.000284 9
1149 161 1195 185 0.000284 9
894 135 937 154 0.000284 9
784 112 836 146 0.000282 9
999 123 1007 141 0.000282 9
812 87 857 134 0.000281 9
928 148 944 168 0.000276 9
1104 131 1138 165 0.000276 9
1116 158 1179 185 0.000275 9
309 98 328 160 0.000275 9
830 135 861 166 0.000275 9
260 166 271 179 0.000274 9
1109 162 1166 186 0.000273 9
836 146 878 177 0.000273 9
95 152 106 176 0.000273 9
1039 591 1048 619 0.000272 9
814 80 857 121 0.000269 9
693 139 712 180 0.000269 9
833 136 893 169 0.000268 9
935 134 960 152 0.000267 9
943 151 960 168 0.000266 9
813 133 832 158 0.000265 9
220 177 246 193 0.000263 9
352 162 365 191 0.000262 9
958 581 968 600 0.000262 9
688 118 708 180 0.000262 9
807 625 816 658 0.000260 9
904 76 933 120 0.000260 9
1038 630 1057 700 0.000257 9
575 131 581 147 0.000256 9
1051 122 1129 181 0.000256 9
578 301 593 316 0.000256 9
662 316 679 353 0.000255 9
895 563 906 600 0.000255 9
812 160 857 179 0.000255 9
480 150 524 173 0.000255 9
794 78 859 129 0.000254 9
68 173 80 200 0.000254 9
596 64 625 92 0.000253 9
959 583 967 600 0.000252 9
1178 171 1203 217 0.000251 9
895 583 906 600 0.000251 9
1152 159 1203 187 0.000250 9
821 82 864 136 0.000248 9
445 156 495 212 0.000247 9
373 150 382 170 0.000247 9
807 623 816 646 0.000247 9
145 64 254 93 0.000246 9
1115 140 1136 160 0.000245 9
691 118 718 183 0.000243 9
903 135 938 152 0.000243 9
783 112 837 139 0.000243 9
1156 147 1194 185 0.000242 9
808 160 858 190 0.000241 9
309 105 325 159 0.000240 9
812 159 854 179 0.000240 9
1152 342 1186 394 0.000239 9
487 168 521 211 0.000238 9
586 119 598 136 0.000238 9
1102 678 1121 703 0.000237 9
313 64 336 166 0.000236 9
1160 376 1167 385 0.000236 9
120 64 156 88 0.000236 9
1099 150 1145 185 0.000236 9
783 112 831 136 0.000235 9
594 149 603 167 0.000234 9
967 581 977 599 0.000233 9
1148 98 1203 136 0.000232 9
1148 98 1203 138 0.000231 9
1103 678 1120 698 0.000230 9
311 66 366 194 0.000229 9
479 335 496 358 0.000228 9
482 153 524 203 0.000228 9
895 560 912 600 0.000226 9
927 80 944 120 0.000225 9
1003 133 1027 172 0.000225 9
1047 156 1059 186 0.000225 9
1095 160 1123 204 0.000224 9
1109 150 1119 162 0.000223 9
1044 113 1144 182 0.000222 9
580 64 597 91 0.000221 9
850 135 938 153 0.000221 9
512 145 525 177 0.000219 9
1103 131 1134 162 0.000219 9
831 135 934 175 0.000218 9
575 275 603 348 0.000217 9
1140 131 1194 184 0.000217 9
812 130 833 159 0.000217 9
310 93 330 165 0.000214 9
1151 102 1172 131 0.000213 9
787 77 857 124 0.000213 9
599 533 609 567 0.000212 9
800 632 808 645 0.000212 9
660 171 691 216 0.000212 9
446 146 530 187 0.000210 9
900 146 932 180 0.000210 9
658 150 671 174 0.000209 9
1211 153 1223 163 0.000208 9
255 106 263 127 0.000207 9
510 151 569 188 0.000207 9
760 70 785 141 0.000206 9
511 167 553 186 0.000205 9
1121 361 1136 386 0.000205 9
582 157 605 184 0.000205 9
447 156 498 203 0.000205 9
807 130 826 157 0.000205 9
860 135 937 153 0.000205 9
1077 168 1099 202 0.000204 9
813 129 833 137 0.000203 9
221 176 245 193 0.000201 9
1113 141 1137 163 0.000201 9
858 136 937 174 0.000200 9
1224 161 1273 183 0.000199 9
905 71 944 120 0.000199 9
1150 122 1162 134 0.000198 9
833 684 851 703 0.000198 9
583 64 625 93 0.000198 9
1102 159 1147 186 0.000198 9
997 147 1010 217 0.000196 9
1050 116 1072 140 0.000196 9
624 64 637 73 0.000195 9
861 135 938 152 0.000195 9
110 127 128 165 0.000195 9
844 135 938 154 0.000195 9
1035 151 1060 184 0.000194 9
833 85 852 118 0.000194 9
1205 148 1226 192 0.000194 9
1039 630 1056 699 0.000193 9
869 135 939 180 0.000193 9
753 66 785 143 0.000192 9
319 64 368 179 0.000191 9
685 118 712 182 0.000191 9
1188 172 1219 222 0.000191 9
799 631 808 653 0.000189 9
822 116 852 135 0.000188 9
846 135 937 153 0.000186 9
589 127 602 148 0.000184 9
1015 133 1047 170 0.000184 9
310 107 325 159 0.000183 9
815 79 854 121 0.000183 9
259 169 271 192 0.000182 9
663 310 681 354 0.000181 9
992 129 1002 170 0.000180 9
313 142 352 194 0.000180 9
1151 102 1196 129 0.000180 9
1133 132 1198 189 0.000179 9
812 126 834 138 0.000179 9
879 135 939 180 0.000179 9
209 182 226 200 0.000178 9
241 161 252 179 0.000178 9
162 244 192 275 0.000177 9
1054 142 1104 185 0.000177 9
811 159 857 179 0.000177 9
97 150 128 173 0.000176 9
942 136 960 152 0.000175 9
637 64 667 82 0.000175 9
855 670 875 692 0.000174 9
1039 591 1048 613 0.000174 9
927 134 960 155 0.000174 9
662 286 687 352 0.000174 9
848 165 876 234 0.000173 9
1029 144 1057 172 0.000173 9
1101 159 1159 186 0.000172 9
576 294 595 325 0.000171 9
911 143 930 176 0.000171 9
590 64 625 93 0.000171 9
1246 359 1262 376 0.000171 9
586 118 598 134 0.000171 9
944 327 961 344 0.000171 9
567 145 579 166 0.000168 9
1134 131 1199 185 0.000168 9
1088 145 1119 185 0.000167 9
1046 126 1106 194 0.000167 9
248 164 257 175 0.000166 9
70 176 79 199 0.000166 9
694 117 719 166 0.000166 9
1007 504 1024 521 0.000166 9
761 66 785 136 0.000166 9
111 134 128 165 0.000165 9
652 158 661 176 0.000163 9
1199 134 1206 161 0.000163 9
766 87 784 140 0.000162 9
257 143 270 176 0.000161 9
685 118 713 148 0.000161 9
648 163 665 205 0.000161 9
991 129 1010 218 0.000161 9
245 131 255 144 0.000160 9
1148 342 1197 386 0.000160 9
972 134 995 168 0.000159 9
573 133 581 162 0.000159 9
384 149 399 161 0.000158 9
1102 153 1123 178 0.000158 9
1089 235 1103 270 0.000158 9
1136 100 1208 182 0.000157 9
959 134 995 164 0.000156 9
1134 101 1195 178 0.000156 9
665 167 684 199 0.000156 9
688 152 708 182 0.000155 9
1071 144 1102 203 0.000155 9
352 166 365 191 0.000155 9
680 153 689 186 0.000154 9
168 247 192 262 0.000154 9
817 360 832 375 0.000154 9
966 71 976 86 0.000153 9
1038 632 1057 698 0.000153 9
1029 116 1134 253 0.000152 9
309 105 333 184 0.000152 9
303 84 341 197 0.000152 9
1085 122 1104 151 0.000152 9
161 64 205 106 0.000152 9
596 140 608 166 0.000152 9
805 364 815 392 0.000152 9
256 130 268 161 0.000151 9
309 106 326 160 0.000150 9
663 302 689 357 0.000150 9
803 624 816 674 0.000150 9
256 162 270 187 0.000150 9
414 175 421 202 0.000149 9
959 134 994 167 0.000149 9
782 117 828 159 0.000149 9
782 97 849 136 0.000148 9
903 637 913 667 0.000147 9
214 161 227 177 0.000147 9
796 617 816 676 0.000147 9
926 135 961 168 0.000146 9
1119 354 1136 386 0.000146 9
855 634 864 654 0.000146 9
309 82 334 157 0.000146 9
829 135 921 168 0.000145 9
853 672 876 701 0.000143 9
1070 147 1100 210 0.000142 9
967 636 976 672 0.000142 9
961 71 976 90 0.000142 9
1247 326 1264 358 0.000142 9
313 90 360 165 0.000140 9
867 120 880 136 0.000140 9
1073 134 1102 177 0.000139 9
804 75 858 123 0.000139 9
1099 126 1139 164 0.000138 9
928 80 944 119 0.000138 9
983 667 997 690 0.000137 9
903 68 932 120 0.000136 9
991 624 998 630 0.000135 9
580 118 602 168 0.000134 9
255 94 270 127 0.000133 9
680 145 690 163 0.000133 9
574 122 581 152 0.000133 9
1015 176 1027 186 0.000132 9
844 135 942 157 0.000132 9
652 152 670 175 0.000130 9
448 153 490 171 0.000129 9
597 526 609 565 0.000129 9
839 135 937 153 0.000129 9
1079 135 1097 161 0.000128 9
854 109 869 124 0.000128 9
1045 151 1065 202 0.000128 9
680 127 690 163 0.000127 9
231 130 241 146 0.000127 9
743 151 752 157 0.000126 9
895 621 904 636 0.000126 9
323 93 339 145 0.000126 9
1043 108 1110 201 0.000125 9
693 171 712 199 0.000124 9
1161 146 1202 188 0.000123 9
989 118 1000 160 0.000123 9
415 175 422 203 0.000123 9
813 116 862 136 0.000123 9
699 116 720 159 0.000123 9
575 275 604 352 0.000122 9
1119 367 1130 386 0.000122 9
1017 158 1035 181 0.000121 9
807 151 855 190 0.000120 9
952 553 960 568 0.000120 9
927 148 946 169 0.000120 9
315 64 352 171 0.000120 9
565 142 580 162 0.000119 9
575 311 594 391 0.000119 9
181 112 191 135 0.000119 9
355 149 383 188 0.000118 9
967 581 977 615 0.000118 9
568 141 581 168 0.000117 9
1246 340 1264 397 0.000117 9
575 309 594 391 0.000117 9
925 134 960 153 0.000116 9
1019 104 1120 241 0.000116 9
433 171 446 191 0.000115 9
950 648 959 674 0.000115 9
1091 122 1134 168 0.000115 9
854 671 872 690 0.000114 9
1150 343 1196 394 0.000114 9
575 274 602 346 0.000114 9
277 68 344 195 0.000114 9
636 64 670 82 0.000113 9
971 134 995 165 0.000113 9
768 100 784 144 0.000113 9
433 171 446 192 0.000113 9
898 439 912 456 0.000113 9
208 66 240 87 0.000113 9
1039 634 1056 696 0.000112 9
854 673 870 698 0.000112 9
165 64 206 103 0.000112 9
586 124 608 174 0.000111 9
991 132 1024 180 0.000110 9
1048 110 1084 153 0.000110 9
247 161 257 175 0.000109 9
830 81 851 119 0.000109 9
951 648 959 671 0.000108 9
1138 98 1217 184 0.000108 9
805 141 833 162 0.000108 9
823 134 928 165 0.000107 9
1024 120 1034 128 0.000106 9
783 73 854 133 0.000106 9
856 90 897 137 0.000106 9
895 560 904 597 0.000105 9
911 162 922 179 0.000105 9
896 557 911 599 0.000105 9
163 244 192 282 0.000105 9
665 299 689 363 0.000105 9
813 151 842 163 0.000105 9
575 127 608 186 0.000104 9
684 118 704 130 0.000104 9
313 64 339 157 0.000104 9
869 93 906 138 0.000103 9
807 76 857 123 0.000103 9
905 64 959 121 0.000102 9
574 290 595 390 0.000102 9
258 175 271 195 0.000102 9
856 88 906 137 0.000101 9
651 174 667 204 0.000101 9
872 636 880 650 0.000101 9
591 531 600 556 0.000100 9
1181 191 1199 214 0.033356 11
1181 192 1198 214 0.026311 11
1181 192 1198 214 0.021630 11
313 151 341 194 0.011318 11
1179 191 1199 215 0.003614 11
313 153 341 192 0.002900 11
1050 111 1083 146 0.002878 11
1179 192 1199 215 0.002541 11
1051 111 1084 147 0.002297 11
1051 110 1083 146 0.001045 11
1055 113 1071 136 0.000975 11
1052 112 1081 147 0.000721 11
