981 190 1008 251 0.703442 0
755 200 805 290 0.683520 0
756 201 804 288 0.683052 0
511 184 541 264 0.680732 0
981 190 1008 248 0.653677 0
1032 189 1058 253 0.605955 0
512 184 539 264 0.596407 0
753 202 804 293 0.511739 0
511 186 539 263 0.498071 0
724 189 753 249 0.452867 0
724 188 754 247 0.411459 0
513 186 539 264 0.365308 0
724 190 752 250 0.364089 0
1032 190 1057 253 0.342384 0
725 190 752 248 0.330599 0
722 189 752 249 0.318067 0
723 189 751 249 0.297135 0
723 189 753 249 0.240466 0
726 190 752 245 0.231760 0
725 189 753 251 0.192998 0
725 190 760 251 0.144186 0
724 190 751 239 0.139897 0
727 190 752 238 0.136117 0
784 188 808 239 0.124234 0
785 187 809 238 0.124003 0
785 188 808 238 0.107130 0
1202 194 1227 249 0.083205 0
1033 203 1056 251 0.080052 0
755 190 808 289 0.075110 0
1202 193 1227 245 0.074161 0
230 200 245 246 0.069934 0
1201 194 1228 249 0.068981 0
785 188 805 233 0.066111 0
1202 194 1228 246 0.064880 0
1201 194 1226 249 0.063288 0
753 200 805 297 0.063126 0
1032 192 1053 252 0.059425 0
1202 194 1227 243 0.058728 0
729 190 753 234 0.058708 0
1201 193 1228 252 0.053300 0
1202 195 1226 247 0.052318 0
1015 205 1032 237 0.049534 0
1016 205 1031 234 0.046269 0
743 195 762 232 0.045568 0
1203 195 1228 234 0.044603 0
785 189 808 241 0.044205 0
789 328 810 344 0.043836 0
760 205 805 281 0.042211 0
925 203 945 252 0.040323 0
785 188 809 239 0.039022 0
230 199 244 246 0.038826 0
230 198 245 242 0.038116 0
789 329 810 344 0.037562 0
1015 205 1032 234 0.036460 0
1015 205 1031 236 0.036358 0
1033 191 1057 248 0.034910 0
230 199 244 244 0.034866 0
758 204 804 278 0.034634 0
764 204 804 278 0.033758 0
230 200 244 248 0.033755 0
784 187 810 238 0.033598 0
743 195 761 232 0.033537 0
1017 205 1028 224 0.033078 0
965 372 979 390 0.032855 0
1148 308 1168 345 0.032540 0
1149 309 1168 345 0.031548 0
1071 485 1080 500 0.031450 0
603 149 631 192 0.030922 0
784 187 806 227 0.030349 0
785 188 803 214 0.029802 0
604 150 631 189 0.029166 0
1146 308 1168 346 0.028850 0
1151 309 1168 345 0.028441 0
1146 309 1168 346 0.027543 0
1112 193 1120 202 0.027366 0
1147 306 1169 356 0.026496 0
754 200 804 269 0.026350 0
605 149 631 191 0.026132 0
1203 193 1224 221 0.025573 0
1213 198 1227 226 0.024860 0
603 150 631 191 0.024831 0
1204 192 1227 226 0.024828 0
230 199 246 242 0.024755 0
745 197 760 222 0.024208 0
1147 309 1168 345 0.022494 0
757 208 804 284 0.022137 0
925 202 945 252 0.021830 0
1213 196 1227 222 0.021358 0
603 151 626 184 0.021186 0
632 202 643 215 0.020554 0
925 202 945 249 0.020274 0
608 149 631 193 0.018912 0
230 199 245 239 0.018535 0
965 371 979 392 0.018350 0
847 200 856 225 0.018079 0
789 325 810 344 0.017860 0
991 455 999 463 0.017683 0
603 150 630 185 0.017342 0
230 200 248 246 0.017119 0
965 370 979 390 0.016916 0
1199 194 1229 267 0.016722 0
1032 190 1050 249 0.016454 0
789 325 810 344 0.015672 0
511 192 523 216 0.015653 0
725 190 749 234 0.015530 0
864 440 875 455 0.015510 0
965 371 979 400 0.015214 0
965 371 979 391 0.014606 0
930 203 945 233 0.014472 0
1034 190 1058 249 0.014466 0
726 189 761 257 0.013908 0
784 187 811 239 0.013693 0
999 384 1011 399 0.013409 0
230 200 244 219 0.013181 0
1145 306 1169 358 0.012950 0
1071 488 1081 503 0.012910 0
1200 195 1222 249 0.012616 0
1032 193 1050 251 0.012277 0
1217 199 1229 229 0.012033 0
1007 473 1016 493 0.011827 0
1032 196 1055 251 0.011585 0
212 185 224 228 0.011510 0
1211 195 1230 263 0.011410 0
1005 206 1029 248 0.011113 0
924 204 945 253 0.010903 0
1202 197 1219 243 0.010845 0
613 151 624 168 0.010757 0
787 189 810 250 0.010746 0
1270 198 1279 239 0.010711 0
1147 307 1169 360 0.010544 0
511 190 528 247 0.010454 0
1217 199 1228 231 0.010353 0
1045 190 1058 212 0.010339 0
1183 195 1221 262 0.010331 0
1035 189 1056 221 0.010321 0
1200 196 1226 255 0.010313 0
1031 190 1070 254 0.010218 0
213 184 224 227 0.010210 0
1218 200 1228 229 0.010000 0
1270 198 1279 236 0.009997 0
1029 207 1058 257 0.009777 0
1071 484 1081 501 0.009742 0
212 186 225 228 0.009359 0
964 370 979 408 0.009329 0
512 187 538 264 0.009318 0
846 200 855 240 0.009257 0
1006 206 1032 255 0.009252 0
605 150 624 180 0.009210 0
1012 205 1034 256 0.009103 0
511 192 523 217 0.009025 0
864 442 875 455 0.009019 0
785 186 802 204 0.008937 0
925 203 946 253 0.008846 0
606 151 630 185 0.008673 0
999 385 1010 399 0.008657 0
1217 197 1229 236 0.008623 0
847 200 856 228 0.008599 0
1032 189 1069 254 0.008492 0
1112 193 1120 207 0.008467 0
1004 204 1026 256 0.008360 0
999 383 1023 401 0.008297 0
1103 312 1112 327 0.008276 0
965 370 981 392 0.008235 0
1176 496 1184 510 0.008161 0
1271 199 1279 236 0.008147 0
609 150 632 194 0.007836 0
1013 197 1057 254 0.007790 0
1033 189 1048 218 0.007689 0
230 197 245 245 0.007683 0
785 186 801 204 0.007555 0
511 192 536 257 0.007467 0
1119 312 1129 329 0.007296 0
821 329 847 344 0.007187 0
846 201 856 242 0.007163 0
1176 497 1184 511 0.007148 0
966 370 982 391 0.007142 0
959 439 969 461 0.007108 0
775 188 802 226 0.007054 0
632 201 648 216 0.007053 0
1071 480 1080 500 0.007011 0
1119 311 1131 343 0.006990 0
862 423 885 456 0.006968 0
632 201 649 216 0.006799 0
602 150 631 192 0.006766 0
229 200 244 254 0.006699 0
1183 204 1206 253 0.006647 0
525 183 537 199 0.006558 0
960 439 968 456 0.006539 0
1187 207 1205 242 0.006494 0
1232 196 1256 233 0.006427 0
805 326 818 344 0.006383 0
959 367 983 408 0.006341 0
212 185 225 228 0.006319 0
1014 385 1023 402 0.006257 0
1041 482 1057 496 0.006156 0
1119 311 1130 339 0.006038 0
999 383 1023 402 0.006000 0
779 191 804 234 0.005959 0
983 451 993 463 0.005939 0
1003 382 1024 403 0.005912 0
231 199 245 216 0.005903 0
1145 309 1170 360 0.005895 0
961 367 979 413 0.005788 0
771 188 804 229 0.005749 0
832 470 840 479 0.005720 0
821 326 847 344 0.005705 0
964 370 979 408 0.005680 0
983 446 993 456 0.005663 0
960 442 969 463 0.005619 0
1272 199 1279 238 0.005486 0
862 425 884 456 0.005481 0
790 327 819 344 0.005403 0
511 191 527 244 0.005364 0
848 199 865 241 0.005362 0
1072 464 1079 470 0.005348 0
975 367 985 390 0.005310 0
862 423 885 456 0.005256 0
862 432 875 454 0.005069 0
1007 477 1017 492 0.005034 0
522 183 541 218 0.004907 0
1002 201 1012 222 0.004885 0
230 197 252 244 0.004861 0
1183 210 1205 263 0.004775 0
788 320 811 344 0.004728 0
676 519 699 536 0.004650 0
677 521 695 537 0.004650 0
247 197 255 214 0.004649 0
1038 185 1048 206 0.004556 0
969 456 976 462 0.004547 0
978 354 992 391 0.004546 0
1016 457 1025 465 0.004543 0
1007 471 1016 488 0.004519 0
959 371 979 408 0.004505 0
961 363 985 408 0.004505 0
1004 207 1029 261 0.004450 0
1103 312 1114 327 0.004444 0
521 183 546 218 0.004375 0
615 149 630 168 0.004363 0
1088 186 1095 209 0.004343 0
981 373 990 391 0.004272 0
980 369 991 391 0.004264 0
896 199 904 230 0.004263 0
1209 195 1232 267 0.004255 0
618 153 632 193 0.004227 0
1007 474 1016 494 0.004213 0
213 184 225 229 0.004187 0
603 152 628 186 0.004162 0
863 437 879 456 0.004113 0
847 199 865 241 0.004086 0
959 373 967 392 0.003986 0
998 384 1019 408 0.003975 0
862 424 887 457 0.003973 0
1044 192 1062 231 0.003957 0
1039 191 1062 249 0.003950 0
1233 197 1256 232 0.003925 0
228 197 252 246 0.003836 0
1087 186 1095 208 0.003815 0
998 382 1023 404 0.003805 0
959 372 978 396 0.003800 0
929 201 950 214 0.003787 0
1190 496 1200 504 0.003678 0
677 519 703 537 0.003662 0
1152 304 1168 343 0.003645 0
861 422 885 455 0.003612 0
864 444 878 456 0.003513 0
788 319 811 344 0.003476 0
1087 178 1103 209 0.003420 0
1032 492 1040 502 0.003404 0
1236 198 1256 232 0.003359 0
1182 213 1205 264 0.003359 0
993 453 1001 464 0.003358 0
1272 199 1279 246 0.003353 0
960 367 981 393 0.003308 0
514 189 539 218 0.003304 0
1102 312 1117 345 0.003287 0
974 358 990 391 0.003281 0
677 518 703 537 0.003270 0
1181 209 1205 250 0.003255 0
1004 204 1022 234 0.003253 0
992 373 1013 408 0.003225 0
958 368 979 409 0.003222 0
784 326 810 344 0.003205 0
1199 503 1211 512 0.003204 0
991 363 1013 407 0.003103 0
1144 316 1167 344 0.003098 0
982 190 1004 221 0.003082 0
1004 203 1021 224 0.003078 0
1032 211 1059 252 0.003045 0
944 351 962 396 0.003021 0
214 185 224 220 0.003003 0
959 438 971 463 0.002990 0
603 149 635 193 0.002970 0
1071 500 1081 514 0.002967 0
1176 343 1190 360 0.002940 0
980 192 1010 251 0.002926 0
957 371 978 425 0.002920 0
1146 308 1176 348 0.002903 0
1247 345 1259 356 0.002891 0
925 202 955 254 0.002841 0
862 427 883 462 0.002835 0
724 182 757 248 0.002827 0
897 442 904 456 0.002825 0
982 206 1014 256 0.002817 0
664 314 682 351 0.002756 0
1004 201 1017 215 0.002751 0
788 327 814 382 0.002742 0
1044 190 1062 219 0.002705 0
1060 215 1073 256 0.002661 0
998 189 1008 215 0.002660 0
784 454 795 469 0.002650 0
1140 307 1173 385 0.002617 0
558 183 568 200 0.002610 0
1077 333 1093 360 0.002575 0
664 317 681 350 0.002574 0
947 348 961 394 0.002564 0
846 221 855 242 0.002546 0
879 205 893 238 0.002546 0
1184 185 1229 264 0.002543 0
847 201 866 241 0.002521 0
632 199 653 216 0.002515 0
769 199 800 236 0.002511 0
926 449 935 456 0.002496 0
770 189 811 281 0.002488 0
1191 205 1204 223 0.002479 0
1063 484 1081 505 0.002460 0
879 199 903 242 0.002460 0
998 383 1023 407 0.002442 0
1001 384 1023 406 0.002435 0
981 352 993 389 0.002430 0
831 465 840 478 0.002397 0
520 183 539 202 0.002394 0
785 327 810 345 0.002381 0
984 190 1005 221 0.002378 0
1041 456 1048 464 0.002377 0
680 193 692 215 0.002377 0
893 200 904 236 0.002368 0
1044 410 1057 435 0.002356 0
1234 196 1256 233 0.002340 0
1033 184 1059 214 0.002334 0
1023 456 1031 464 0.002315 0
988 448 999 463 0.002301 0
1087 182 1104 211 0.002291 0
1179 344 1195 359 0.002280 0
1198 496 1213 508 0.002264 0
1233 198 1256 233 0.002240 0
883 201 894 238 0.002222 0
246 198 255 215 0.002212 0
665 316 681 349 0.002198 0
847 210 867 242 0.002189 0
982 446 991 462 0.002187 0
511 184 537 214 0.002184 0
959 438 971 461 0.002183 0
854 462 866 474 0.002167 0
637 160 645 181 0.002160 0
1071 464 1080 493 0.002154 0
1181 344 1195 380 0.002119 0
1094 182 1104 205 0.002110 0
784 326 817 391 0.002106 0
1110 190 1120 202 0.002101 0
921 208 934 247 0.002083 0
783 225 807 276 0.002082 0
1118 312 1136 344 0.002082 0
812 327 842 344 0.002065 0
860 421 885 457 0.002064 0
788 327 813 374 0.002059 0
1270 198 1279 237 0.002052 0
786 326 817 389 0.002049 0
861 422 887 457 0.002049 0
518 184 542 263 0.002044 0
804 319 819 343 0.002025 0
847 183 868 242 0.001996 0
965 358 984 391 0.001995 0
1093 174 1105 207 0.001980 0
814 328 846 344 0.001943 0
981 351 993 386 0.001932 0
863 434 882 478 0.001914 0
637 160 646 184 0.001896 0
1044 409 1057 431 0.001885 0
798 419 808 448 0.001883 0
1181 163 1203 218 0.001881 0
959 439 976 461 0.001873 0
1045 410 1057 433 0.001872 0
1136 447 1143 456 0.001871 0
212 186 226 234 0.001868 0
913 455 928 483 0.001860 0
803 184 816 204 0.001860 0
1175 344 1187 360 0.001859 0
959 370 979 425 0.001853 0
1177 343 1196 374 0.001849 0
784 418 809 450 0.001844 0
1145 322 1161 343 0.001817 0
801 415 810 428 0.001814 0
754 193 810 284 0.001811 0
1117 315 1134 343 0.001801 0
656 301 688 384 0.001797 0
1233 197 1256 233 0.001793 0
785 454 798 467 0.001787 0
1031 455 1040 465 0.001780 0
804 184 815 203 0.001768 0
873 325 882 342 0.001767 0
1135 487 1152 510 0.001756 0
756 226 796 289 0.001750 0
798 418 808 447 0.001740 0
673 519 708 538 0.001732 0
956 367 979 425 0.001731 0
1181 344 1194 379 0.001728 0
802 185 815 208 0.001726 0
1181 210 1198 241 0.001720 0
959 440 976 462 0.001702 0
996 364 1024 402 0.001701 0
784 416 814 449 0.001700 0
876 200 902 241 0.001690 0
1144 309 1183 363 0.001682 0
1007 360 1024 402 0.001679 0
703 310 721 380 0.001662 0
913 473 928 484 0.001651 0
658 305 688 382 0.001647 0
703 311 722 379 0.001647 0
891 200 904 242 0.001645 0
694 176 703 199 0.001642 0
559 629 573 648 0.001640 0
1015 444 1025 460 0.001640 0
664 519 698 539 0.001632 0
1188 165 1201 187 0.001616 0
914 199 948 247 0.001612 0
661 517 707 539 0.001602 0
784 418 809 450 0.001595 0
943 359 961 395 0.001583 0
798 422 807 449 0.001561 0
915 201 942 248 0.001557 0
1087 179 1103 209 0.001525 0
634 202 653 216 0.001525 0
1183 164 1201 186 0.001524 0
1181 165 1206 256 0.001517 0
1247 345 1264 377 0.001513 0
945 362 961 395 0.001509 0
868 442 881 478 0.001499 0
1135 446 1143 466 0.001497 0
559 630 573 648 0.001497 0
789 328 810 356 0.001486 0
954 363 986 424 0.001481 0
722 208 748 252 0.001467 0
784 455 797 470 0.001461 0
1031 447 1038 456 0.001448 0
1098 329 1104 344 0.001442 0
1200 192 1223 221 0.001429 0
1180 165 1203 217 0.001408 0
1135 486 1151 510 0.001403 0
655 306 687 381 0.001397 0
663 314 682 352 0.001387 0
1172 215 1186 246 0.001363 0
661 519 678 539 0.001362 0
1247 346 1260 359 0.001357 0
521 664 568 703 0.001349 0
928 344 962 396 0.001346 0
804 204 821 228 0.001345 0
877 433 887 456 0.001344 0
1072 505 1081 519 0.001333 0
1160 324 1174 339 0.001322 0
664 314 681 353 0.001321 0
1023 444 1033 457 0.001320 0
709 317 722 342 0.001315 0
807 208 827 237 0.001312 0
1009 431 1015 440 0.001310 0
991 382 1011 408 0.001309 0
968 193 1015 267 0.001302 0
983 182 991 200 0.001292 0
637 160 650 188 0.001289 0
802 185 818 238 0.001285 0
665 304 688 384 0.001279 0
837 466 849 476 0.001278 0
895 326 904 343 0.001278 0
784 421 808 450 0.001277 0
1103 312 1133 344 0.001268 0
1205 166 1218 194 0.001267 0
927 201 956 231 0.001263 0
1115 311 1135 339 0.001261 0
1188 163 1202 187 0.001256 0
1100 319 1117 345 0.001255 0
1272 197 1279 258 0.001251 0
471 196 480 218 0.001237 0
658 517 697 540 0.001233 0
862 466 873 478 0.001232 0
1173 343 1197 383 0.001227 0
525 623 562 704 0.001227 0
787 326 820 383 0.001216 0
662 516 717 539 0.001214 0
210 184 225 229 0.001209 0
990 357 1011 401 0.001208 0
1077 333 1096 360 0.001200 0
1206 191 1231 232 0.001193 0
632 201 645 221 0.001192 0
1105 311 1136 344 0.001189 0
992 358 1015 400 0.001174 0
465 200 479 270 0.001169 0
541 190 551 215 0.001166 0
464 199 479 271 0.001163 0
882 200 902 243 0.001154 0
1029 184 1052 216 0.001152 0
915 473 928 486 0.001145 0
916 448 928 456 0.001144 0
1118 317 1141 344 0.001142 0
319 203 331 230 0.001141 0
885 472 897 484 0.001141 0
663 298 684 353 0.001139 0
600 150 626 185 0.001133 0
731 183 760 227 0.001132 0
563 197 578 216 0.001130 0
704 314 725 377 0.001119 0
941 351 975 405 0.001118 0
710 317 721 344 0.001116 0
847 463 858 475 0.001111 0
1231 460 1250 509 0.001111 0
926 423 940 455 0.001108 0
973 368 991 408 0.001102 0
200 208 208 225 0.001096 0
878 436 888 459 0.001089 0
1231 458 1262 511 0.001069 0
696 516 720 548 0.001060 0
465 201 477 250 0.001048 0
1144 323 1168 344 0.001047 0
514 615 528 633 0.001043 0
1044 278 1058 295 0.001042 0
787 326 820 367 0.001030 0
801 417 808 426 0.001027 0
783 424 802 453 0.001026 0
1147 306 1177 344 0.001026 0
962 199 969 208 0.001018 0
727 322 738 344 0.001008 0
703 313 720 379 0.001005 0
1077 334 1094 361 0.001004 0
895 438 904 456 0.001004 0
1098 329 1105 344 0.000991 0
671 517 719 550 0.000991 0
984 482 991 487 0.000990 0
1104 312 1132 330 0.000984 0
658 518 714 549 0.000984 0
512 616 525 636 0.000983 0
734 324 744 339 0.000977 0
214 183 224 200 0.000976 0
816 211 854 241 0.000968 0
1240 198 1257 233 0.000967 0
806 192 856 241 0.000962 0
920 199 954 226 0.000962 0
657 518 710 549 0.000958 0
703 312 719 379 0.000958 0
895 327 903 343 0.000955 0
925 202 966 254 0.000954 0
878 320 886 342 0.000953 0
691 518 719 547 0.000952 0
1040 410 1055 434 0.000951 0
964 353 993 392 0.000944 0
1177 343 1197 373 0.000940 0
989 378 1022 406 0.000934 0
1128 501 1136 509 0.000932 0
956 386 973 425 0.000932 0
680 171 691 215 0.000932 0
880 200 903 243 0.000932 0
1093 494 1102 506 0.000926 0
777 313 810 343 0.000923 0
835 469 848 478 0.000922 0
656 310 686 381 0.000921 0
655 303 688 387 0.000919 0
930 374 945 408 0.000918 0
1064 464 1071 470 0.000913 0
784 454 799 473 0.000913 0
200 211 208 225 0.000912 0
783 424 803 449 0.000898 0
465 198 474 218 0.000897 0
212 183 231 228 0.000892 0
696 517 720 536 0.000884 0
942 352 992 408 0.000882 0
1231 458 1260 497 0.000880 0
997 380 1023 410 0.000880 0
708 317 726 347 0.000879 0
1077 331 1100 359 0.000877 0
718 319 741 377 0.000874 0
792 329 818 390 0.000871 0
718 321 741 362 0.000870 0
222 200 246 247 0.000869 0
1178 342 1198 359 0.000865 0
1249 215 1265 234 0.000862 0
1033 463 1040 470 0.000861 0
1167 234 1176 247 0.000857 0
465 201 475 223 0.000851 0
664 302 683 352 0.000849 0
512 615 528 640 0.000849 0
921 344 994 394 0.000848 0
630 177 639 192 0.000848 0
523 183 544 207 0.000841 0
223 198 244 254 0.000836 0
862 463 873 478 0.000835 0
222 203 245 261 0.000834 0
521 187 542 254 0.000831 0
943 372 960 395 0.000831 0
804 201 827 239 0.000830 0
1173 217 1186 247 0.000828 0
546 696 574 703 0.000827 0
664 309 688 361 0.000827 0
710 317 742 345 0.000826 0
940 342 992 400 0.000819 0
1252 199 1264 217 0.000819 0
632 160 644 186 0.000818 0
958 425 970 460 0.000818 0
667 308 688 382 0.000817 0
522 630 561 703 0.000817 0
1159 235 1171 247 0.000812 0
656 517 718 550 0.000811 0
717 192 734 217 0.000810 0
912 455 928 484 0.000808 0
1247 346 1264 362 0.000806 0
698 517 720 534 0.000804 0
996 182 1010 213 0.000804 0
1039 322 1053 335 0.000799 0
666 307 688 360 0.000799 0
470 201 479 222 0.000797 0
944 366 962 407 0.000796 0
910 342 942 408 0.000793 0
631 159 645 185 0.000792 0
999 456 1008 464 0.000786 0
935 437 944 450 0.000785 0
601 153 625 184 0.000785 0
729 183 749 210 0.000783 0
598 149 623 183 0.000781 0
629 168 638 191 0.000780 0
210 186 225 228 0.000780 0
761 239 802 333 0.000779 0
990 353 1024 405 0.000776 0
717 319 750 379 0.000773 0
1041 409 1058 456 0.000773 0
551 696 577 703 0.000772 0
869 329 883 343 0.000771 0
1232 478 1249 493 0.000770 0
465 201 479 251 0.000770 0
864 207 874 238 0.000770 0
698 517 720 549 0.000770 0
218 183 231 200 0.000763 0
236 197 255 236 0.000760 0
1016 479 1026 491 0.000760 0
935 427 944 449 0.000756 0
723 322 738 346 0.000749 0
559 622 590 703 0.000744 0
783 447 800 469 0.000741 0
926 437 938 455 0.000740 0
895 266 911 308 0.000739 0
664 303 688 360 0.000734 0
808 210 828 238 0.000727 0
943 369 961 407 0.000726 0
731 183 759 224 0.000725 0
1179 342 1204 399 0.000716 0
465 202 478 250 0.000711 0
853 203 876 239 0.000706 0
1073 429 1081 442 0.000704 0
1260 197 1278 231 0.000701 0
656 514 710 550 0.000697 0
1128 447 1134 456 0.000695 0
823 463 832 473 0.000695 0
510 615 528 639 0.000694 0
998 384 1024 421 0.000694 0
628 159 657 203 0.000688 0
559 628 578 648 0.000685 0
1235 459 1264 505 0.000684 0
983 441 993 456 0.000682 0
1078 336 1096 360 0.000682 0
652 513 720 571 0.000677 0
783 423 802 449 0.000673 0
881 201 902 244 0.000671 0
1084 196 1102 223 0.000669 0
700 516 720 571 0.000662 0
287 409 313 439 0.000659 0
546 696 567 703 0.000658 0
664 300 692 359 0.000655 0
1249 212 1267 233 0.000655 0
478 602 497 647 0.000652 0
797 490 808 509 0.000652 0
511 626 589 703 0.000651 0
428 223 439 245 0.000642 0
1208 368 1224 410 0.000639 0
510 670 530 703 0.000637 0
718 517 745 576 0.000637 0
1071 455 1082 470 0.000637 0
718 516 743 553 0.000635 0
466 645 563 703 0.000634 0
879 441 889 465 0.000634 0
385 198 396 206 0.000630 0
792 416 819 453 0.000629 0
707 317 740 345 0.000625 0
522 659 566 703 0.000623 0
475 198 486 218 0.000623 0
929 423 945 454 0.000621 0
814 328 846 362 0.000620 0
775 185 802 212 0.000619 0
719 519 744 574 0.000618 0
698 590 746 651 0.000618 0
1110 329 1121 344 0.000616 0
637 159 658 200 0.000614 0
1175 342 1208 389 0.000613 0
863 319 880 343 0.000611 0
465 201 478 265 0.000609 0
855 315 863 336 0.000608 0
909 339 931 407 0.000605 0
990 345 1008 385 0.000604 0
1039 414 1048 436 0.000602 0
220 207 243 264 0.000600 0
917 344 997 402 0.000600 0
721 323 744 348 0.000598 0
802 417 815 429 0.000590 0
727 183 746 210 0.000589 0
521 621 581 704 0.000588 0
1120 441 1137 472 0.000587 0
894 262 913 343 0.000584 0
472 191 487 218 0.000584 0
926 424 936 455 0.000581 0
847 426 886 460 0.000581 0
467 201 479 231 0.000580 0
925 344 956 391 0.000580 0
929 375 946 394 0.000578 0
862 438 883 478 0.000577 0
864 450 882 478 0.000576 0
879 316 886 337 0.000575 0
1242 459 1263 481 0.000574 0
719 515 740 576 0.000573 0
1021 444 1037 464 0.000569 0
717 316 738 376 0.000568 0
712 592 740 627 0.000568 0
763 243 803 342 0.000563 0
771 312 791 343 0.000563 0
1216 408 1224 426 0.000563 0
770 567 789 603 0.000562 0
977 365 996 409 0.000561 0
932 380 945 408 0.000561 0
772 312 788 342 0.000559 0
785 310 805 342 0.000558 0
680 516 720 572 0.000557 0
656 516 698 546 0.000557 0
926 453 939 458 0.000556 0
705 313 742 380 0.000556 0
542 634 559 648 0.000554 0
824 421 832 435 0.000552 0
366 207 377 231 0.000545 0
500 616 527 650 0.000543 0
559 629 576 649 0.000543 0
994 382 1023 421 0.000543 0
1170 342 1198 393 0.000543 0
878 202 900 242 0.000542 0
1163 233 1176 247 0.000541 0
1008 448 1015 460 0.000539 0
718 316 745 342 0.000539 0
950 343 960 368 0.000537 0
1087 193 1103 220 0.000537 0
857 424 903 481 0.000536 0
853 317 863 338 0.000536 0
210 182 225 229 0.000535 0
894 263 921 344 0.000533 0
1079 429 1086 442 0.000533 0
1077 189 1090 203 0.000533 0
773 569 788 603 0.000532 0
1001 432 1009 440 0.000530 0
514 616 528 647 0.000525 0
894 424 904 456 0.000525 0
1057 197 1076 229 0.000525 0
511 663 559 703 0.000524 0
1118 321 1142 384 0.000522 0
1130 64 1152 73 0.000521 0
934 190 949 203 0.000521 0
783 328 818 392 0.000519 0
227 201 258 252 0.000517 0
719 517 743 575 0.000516 0
719 517 746 574 0.000516 0
782 304 817 344 0.000513 0
542 630 570 648 0.000511 0
232 193 250 215 0.000511 0
1119 326 1145 344 0.000509 0
231 200 256 241 0.000505 0
863 216 872 236 0.000502 0
1212 193 1278 268 0.000495 0
799 417 820 445 0.000495 0
703 321 721 372 0.000495 0
1088 312 1119 346 0.000495 0
1173 215 1185 232 0.000495 0
1215 443 1224 456 0.000494 0
961 429 976 454 0.000493 0
896 326 916 344 0.000492 0
908 336 923 374 0.000492 0
748 195 798 232 0.000489 0
1073 458 1089 472 0.000488 0
869 155 896 177 0.000488 0
472 602 497 649 0.000487 0
904 475 931 489 0.000486 0
1140 317 1171 362 0.000486 0
477 600 512 648 0.000485 0
1075 334 1093 379 0.000485 0
704 591 746 643 0.000483 0
559 619 591 704 0.000481 0
877 326 886 343 0.000478 0
1150 450 1160 465 0.000477 0
894 417 908 445 0.000476 0
1145 299 1168 344 0.000475 0
794 414 826 455 0.000475 0
1247 341 1264 366 0.000474 0
773 567 790 602 0.000474 0
386 198 398 206 0.000474 0
471 599 498 646 0.000473 0
925 357 946 397 0.000472 0
1001 190 1015 216 0.000466 0
683 513 720 572 0.000464 0
848 183 857 221 0.000463 0
768 533 791 556 0.000460 0
1016 441 1025 451 0.000458 0
1231 459 1242 473 0.000456 0
1041 405 1059 440 0.000456 0
1169 410 1177 423 0.000456 0
477 600 510 647 0.000454 0
895 266 913 310 0.000453 0
477 602 498 648 0.000449 0
1179 346 1211 394 0.000449 0
1039 405 1056 433 0.000449 0
925 345 947 386 0.000447 0
960 339 968 352 0.000446 0
1071 336 1088 406 0.000446 0
1110 500 1120 509 0.000444 0
806 317 830 344 0.000443 0
985 182 1008 207 0.000443 0
645 691 672 703 0.000443 0
807 492 815 506 0.000440 0
781 424 824 473 0.000438 0
1231 455 1260 482 0.000437 0
713 593 742 625 0.000437 0
474 622 569 703 0.000436 0
697 595 754 668 0.000436 0
759 248 801 343 0.000434 0
715 322 738 361 0.000433 0
750 190 878 289 0.000431 0
909 339 924 378 0.000431 0
1081 315 1119 360 0.000430 0
529 606 544 626 0.000429 0
767 521 794 590 0.000426 0
796 409 832 453 0.000426 0
917 342 995 393 0.000425 0
572 180 581 200 0.000425 0
266 196 274 213 0.000424 0
718 514 751 561 0.000424 0
960 336 968 348 0.000421 0
763 248 838 345 0.000421 0
783 442 802 466 0.000419 0
507 647 562 703 0.000419 0
762 424 785 450 0.000419 0
498 190 523 217 0.000418 0
1114 313 1139 383 0.000417 0
1260 198 1279 235 0.000416 0
703 323 719 378 0.000416 0
1151 446 1160 460 0.000414 0
856 217 872 243 0.000414 0
704 591 741 629 0.000413 0
671 316 688 384 0.000411 0
887 318 894 328 0.000411 0
910 343 1003 407 0.000410 0
926 429 944 461 0.000410 0
764 315 787 343 0.000409 0
815 408 832 447 0.000409 0
1213 368 1223 386 0.000408 0
997 448 1008 461 0.000408 0
1134 437 1146 467 0.000408 0
942 375 961 409 0.000408 0
1185 686 1214 703 0.000407 0
774 308 803 340 0.000406 0
1243 459 1267 497 0.000405 0
921 373 946 408 0.000405 0
894 288 911 343 0.000402 0
1215 450 1224 472 0.000401 0
820 320 849 344 0.000401 0
522 671 569 703 0.000400 0
523 625 561 703 0.000400 0
681 176 695 214 0.000399 0
630 191 655 214 0.000399 0
1247 461 1269 500 0.000397 0
511 677 529 703 0.000395 0
1253 199 1279 261 0.000391 0
331 185 342 199 0.000391 0
703 320 725 381 0.000390 0
656 313 683 359 0.000389 0
1124 64 1152 74 0.000389 0
718 513 755 578 0.000389 0
773 561 791 602 0.000388 0
1087 459 1094 471 0.000388 0
907 335 923 364 0.000387 0
1071 433 1082 450 0.000386 0
1137 307 1187 397 0.000384 0
665 182 671 208 0.000383 0
764 314 785 342 0.000382 0
768 242 808 344 0.000379 0
709 584 770 667 0.000378 0
764 430 779 450 0.000377 0
926 347 947 383 0.000377 0
779 558 791 596 0.000377 0
615 146 631 169 0.000377 0
1169 215 1185 246 0.000376 0
214 200 244 263 0.000376 0
229 193 248 219 0.000375 0
208 190 224 227 0.000375 0
1008 423 1016 439 0.000375 0
559 627 578 688 0.000373 0
943 375 962 408 0.000373 0
764 253 849 345 0.000372 0
613 149 640 185 0.000372 0
518 205 538 263 0.000371 0
770 477 808 550 0.000370 0
1248 198 1274 234 0.000369 0
558 628 577 665 0.000368 0
610 146 631 170 0.000367 0
519 624 587 702 0.000367 0
895 416 912 441 0.000366 0
855 430 866 440 0.000364 0
317 198 334 230 0.000360 0
1231 458 1240 468 0.000359 0
950 441 970 465 0.000359 0
1041 408 1062 435 0.000359 0
638 373 650 393 0.000357 0
801 437 816 452 0.000357 0
468 611 556 687 0.000357 0
768 561 790 599 0.000355 0
655 315 688 384 0.000353 0
503 195 520 216 0.000352 0
784 309 815 344 0.000350 0
1142 316 1199 365 0.000347 0
815 408 833 446 0.000347 0
910 367 934 408 0.000347 0
719 512 755 572 0.000346 0
809 274 850 345 0.000343 0
481 180 498 211 0.000342 0
1185 685 1215 703 0.000339 0
894 264 916 336 0.000339 0
816 471 824 477 0.000339 0
948 368 1001 435 0.000338 0
514 629 591 703 0.000336 0
914 383 928 407 0.000336 0
759 423 784 450 0.000335 0
498 614 530 663 0.000335 0
882 317 895 342 0.000335 0
1181 162 1208 245 0.000335 0
1112 519 1119 527 0.000335 0
768 488 808 553 0.000334 0
1232 455 1266 482 0.000333 0
775 331 786 343 0.000333 0
990 380 1024 444 0.000332 0
665 181 672 217 0.000332 0
1072 190 1087 206 0.000332 0
910 337 927 369 0.000332 0
266 199 273 216 0.000330 0
212 181 227 229 0.000330 0
911 343 1008 409 0.000329 0
719 519 739 577 0.000329 0
1071 332 1088 350 0.000328 0
908 337 928 393 0.000328 0
869 315 884 342 0.000327 0
502 191 527 248 0.000327 0
654 399 665 406 0.000327 0
916 348 1023 416 0.000326 0
897 328 919 344 0.000326 0
541 196 562 221 0.000325 0
867 204 898 240 0.000325 0
941 341 995 393 0.000324 0
766 252 854 346 0.000324 0
1138 308 1169 342 0.000322 0
921 372 1022 411 0.000321 0
515 643 591 703 0.000321 0
895 414 911 435 0.000321 0
510 181 589 265 0.000319 0
892 417 912 458 0.000319 0
940 371 962 425 0.000317 0
1076 333 1119 378 0.000317 0
770 433 784 451 0.000316 0
1011 194 1109 248 0.000315 0
1187 688 1215 703 0.000315 0
1007 477 1019 509 0.000313 0
930 376 947 424 0.000312 0
222 194 244 251 0.000312 0
917 344 999 420 0.000311 0
1071 455 1089 471 0.000310 0
717 322 749 362 0.000310 0
911 326 928 347 0.000310 0
1122 444 1137 473 0.000310 0
486 613 568 674 0.000309 0
896 300 913 343 0.000308 0
926 376 945 397 0.000308 0
813 414 846 451 0.000307 0
558 629 591 703 0.000307 0
654 510 712 568 0.000306 0
847 312 864 340 0.000306 0
698 329 703 338 0.000305 0
1089 445 1104 471 0.000304 0
471 190 481 207 0.000302 0
931 374 945 391 0.000302 0
1039 175 1049 187 0.000299 0
992 380 1025 447 0.000299 0
218 187 239 237 0.000299 0
907 335 921 344 0.000297 0
764 515 795 604 0.000296 0
1152 437 1167 456 0.000295 0
1070 334 1091 390 0.000294 0
1119 456 1129 473 0.000294 0
696 513 721 573 0.000293 0
894 265 932 345 0.000293 0
815 343 830 361 0.000292 0
1072 334 1087 359 0.000291 0
854 222 870 272 0.000290 0
1198 213 1241 269 0.000290 0
832 471 849 489 0.000290 0
1071 332 1090 404 0.000289 0
1047 455 1056 466 0.000289 0
761 265 795 343 0.000288 0
800 409 810 426 0.000287 0
463 550 782 704 0.000287 0
510 667 530 703 0.000287 0
1183 687 1197 703 0.000287 0
963 199 981 216 0.000285 0
656 508 718 544 0.000284 0
1137 322 1170 377 0.000283 0
671 333 688 394 0.000283 0
1081 328 1119 360 0.000282 0
656 320 683 358 0.000282 0
655 507 721 543 0.000281 0
526 604 544 633 0.000281 0
918 317 928 344 0.000281 0
911 378 928 408 0.000280 0
777 551 792 591 0.000280 0
909 341 929 379 0.000280 0
652 514 720 561 0.000279 0
510 666 546 703 0.000279 0
953 439 969 459 0.000279 0
769 304 796 341 0.000278 0
756 257 797 340 0.000278 0
910 342 942 404 0.000277 0
898 200 912 242 0.000276 0
782 480 805 530 0.000275 0
642 316 689 403 0.000275 0
835 484 848 503 0.000274 0
1174 197 1196 246 0.000274 0
1124 313 1162 344 0.000273 0
740 356 753 375 0.000273 0
1073 436 1087 451 0.000273 0
1207 693 1216 703 0.000272 0
800 207 822 241 0.000271 0
701 594 769 668 0.000270 0
474 597 527 662 0.000270 0
657 514 720 571 0.000270 0
751 426 760 446 0.000270 0
1070 335 1089 395 0.000269 0
1071 424 1080 438 0.000269 0
603 145 631 177 0.000268 0
1018 440 1040 456 0.000268 0
808 429 824 455 0.000268 0
930 320 945 345 0.000267 0
818 416 847 450 0.000267 0
759 423 785 449 0.000267 0
932 190 953 208 0.000266 0
848 422 867 445 0.000266 0
509 182 605 272 0.000265 0
1122 64 1152 79 0.000265 0
703 313 726 347 0.000264 0
705 306 761 346 0.000264 0
1186 685 1218 703 0.000264 0
899 443 912 458 0.000264 0
1117 437 1151 471 0.000263 0
852 213 870 269 0.000263 0
760 471 808 553 0.000263 0
375 185 386 201 0.000262 0
1072 342 1088 411 0.000261 0
783 337 821 392 0.000260 0
781 447 832 474 0.000260 0
1112 186 1131 206 0.000259 0
646 158 657 177 0.000258 0
666 299 695 360 0.000257 0
784 476 803 520 0.000255 0
783 454 800 500 0.000254 0
703 325 718 344 0.000253 0
1026 330 1040 379 0.000251 0
466 599 500 657 0.000251 0
913 294 929 345 0.000251 0
653 195 661 217 0.000250 0
761 489 802 554 0.000250 0
751 359 759 375 0.000250 0
1039 425 1047 439 0.000249 0
640 159 658 184 0.000248 0
770 500 807 555 0.000248 0
778 455 804 517 0.000248 0
1184 684 1222 703 0.000248 0
703 592 723 623 0.000246 0
1071 436 1086 472 0.000246 0
816 280 850 345 0.000246 0
499 191 527 251 0.000245 0
894 283 930 345 0.000245 0
914 376 945 409 0.000245 0
633 373 657 398 0.000245 0
823 416 847 451 0.000243 0
775 326 844 391 0.000241 0
882 440 900 456 0.000241 0
700 590 769 669 0.000241 0
957 423 971 454 0.000240 0
772 464 803 528 0.000239 0
753 425 781 450 0.000238 0
1208 522 1216 535 0.000238 0
1014 414 1023 424 0.000238 0
709 590 746 646 0.000237 0
1135 444 1153 471 0.000237 0
1218 444 1232 456 0.000236 0
471 591 531 648 0.000236 0
650 509 724 539 0.000236 0
1013 421 1024 439 0.000236 0
816 447 824 454 0.000235 0
848 424 855 439 0.000234 0
765 506 803 602 0.000234 0
692 191 756 246 0.000234 0
1182 684 1195 703 0.000234 0
639 162 659 200 0.000234 0
449 568 787 703 0.000232 0
351 485 799 704 0.000232 0
809 415 843 470 0.000231 0
648 299 689 385 0.000231 0
911 383 929 408 0.000231 0
342 178 353 199 0.000231 0
715 322 757 378 0.000229 0
754 423 785 449 0.000229 0
896 414 912 427 0.000229 0
322 480 792 704 0.000228 0
829 416 848 450 0.000227 0
1023 420 1032 440 0.000226 0
1266 175 1279 242 0.000226 0
484 597 530 682 0.000226 0
1184 509 1195 517 0.000225 0
799 354 816 390 0.000225 0
1152 448 1167 470 0.000225 0
1134 441 1150 473 0.000224 0
469 596 514 647 0.000224 0
1118 441 1134 470 0.000224 0
1080 316 1148 362 0.000223 0
1022 427 1032 453 0.000223 0
777 459 807 520 0.000222 0
910 376 928 408 0.000222 0
1023 320 1044 363 0.000222 0
1103 168 1120 204 0.000222 0
1147 327 1199 360 0.000221 0
1223 342 1264 424 0.000220 0
944 394 960 423 0.000220 0
751 425 761 441 0.000219 0
860 412 887 456 0.000218 0
1087 456 1095 471 0.000217 0
1178 486 1219 506 0.000217 0
1248 198 1279 268 0.000217 0
762 189 800 233 0.000216 0
1049 183 1064 200 0.000215 0
1136 443 1152 462 0.000214 0
426 222 440 238 0.000212 0
0 513 8 604 0.000212 0
799 351 812 383 0.000212 0
1104 173 1120 203 0.000212 0
288 415 310 439 0.000211 0
472 660 536 703 0.000210 0
464 601 516 703 0.000210 0
537 622 581 648 0.000210 0
845 411 891 458 0.000210 0
1134 431 1144 440 0.000210 0
1094 496 1104 510 0.000209 0
910 343 940 385 0.000209 0
557 630 590 703 0.000208 0
991 384 1010 422 0.000208 0
687 305 704 345 0.000208 0
747 556 793 660 0.000208 0
719 512 740 540 0.000208 0
694 514 743 551 0.000207 0
1053 187 1077 226 0.000206 0
780 179 811 241 0.000206 0
1215 454 1225 479 0.000206 0
926 277 947 332 0.000206 0
1032 179 1059 253 0.000206 0
601 165 624 185 0.000205 0
559 625 591 700 0.000205 0
1043 430 1057 454 0.000205 0
1135 328 1174 388 0.000205 0
818 326 848 382 0.000205 0
527 605 550 641 0.000203 0
1074 331 1119 380 0.000202 0
675 370 688 395 0.000201 0
708 509 755 569 0.000201 0
876 204 903 244 0.000201 0
457 202 466 216 0.000201 0
1119 64 1139 77 0.000200 0
318 201 335 230 0.000200 0
907 271 936 344 0.000200 0
1111 455 1122 473 0.000200 0
942 401 964 425 0.000199 0
479 598 529 668 0.000199 0
847 424 872 454 0.000199 0
0 551 8 646 0.000199 0
514 607 543 636 0.000198 0
464 644 565 703 0.000198 0
998 183 1016 215 0.000198 0
84 255 97 298 0.000197 0
758 465 807 547 0.000197 0
751 432 765 452 0.000197 0
707 591 748 662 0.000197 0
895 334 924 366 0.000197 0
1103 602 1112 615 0.000197 0
1125 327 1147 344 0.000196 0
1120 393 1127 410 0.000196 0
922 202 977 254 0.000195 0
1157 511 1168 520 0.000195 0
927 289 950 344 0.000195 0
626 319 689 402 0.000195 0
765 248 832 345 0.000194 0
976 189 982 200 0.000194 0
944 424 968 459 0.000194 0
779 454 800 505 0.000193 0
364 207 379 228 0.000193 0
654 316 687 380 0.000193 0
355 212 368 272 0.000192 0
847 283 865 341 0.000192 0
517 611 591 703 0.000192 0
933 326 944 345 0.000191 0
559 627 590 703 0.000190 0
863 303 878 342 0.000190 0
1080 403 1088 413 0.000190 0
740 508 800 605 0.000189 0
1218 450 1232 481 0.000189 0
752 428 778 451 0.000189 0
1088 440 1104 469 0.000188 0
716 510 764 580 0.000187 0
805 456 832 475 0.000186 0
656 515 697 545 0.000185 0
244 194 256 214 0.000184 0
698 601 758 668 0.000184 0
426 223 439 246 0.000184 0
1092 452 1104 472 0.000183 0
884 205 902 245 0.000183 0
721 512 769 578 0.000182 0
525 597 585 649 0.000182 0
760 494 801 551 0.000181 0
933 411 943 423 0.000181 0
800 180 1065 254 0.000181 0
526 606 580 649 0.000180 0
805 283 847 343 0.000180 0
854 433 900 483 0.000180 0
713 329 754 377 0.000180 0
1219 457 1232 487 0.000180 0
822 469 831 477 0.000179 0
765 454 804 518 0.000179 0
727 572 791 662 0.000178 0
684 301 704 344 0.000177 0
467 600 500 648 0.000177 0
473 598 521 648 0.000176 0
893 336 924 374 0.000176 0
463 579 780 704 0.000175 0
759 466 803 546 0.000174 0
883 267 927 345 0.000174 0
802 306 822 343 0.000173 0
1166 476 1177 490 0.000173 0
0 332 13 601 0.000173 0
1073 332 1120 392 0.000173 0
741 362 752 375 0.000173 0
267 196 279 215 0.000172 0
751 422 783 449 0.000172 0
384 185 400 206 0.000171 0
521 624 585 704 0.000171 0
687 513 741 578 0.000171 0
1168 405 1177 423 0.000171 0
957 362 1011 425 0.000171 0
355 215 368 274 0.000171 0
814 407 833 427 0.000171 0
1216 467 1232 488 0.000171 0
0 316 13 600 0.000170 0
942 409 957 424 0.000169 0
1239 448 1248 456 0.000169 0
415 251 420 271 0.000169 0
764 455 807 523 0.000168 0
786 403 804 448 0.000168 0
1039 391 1070 437 0.000168 0
0 297 14 603 0.000167 0
1064 493 1088 519 0.000167 0
1175 408 1183 423 0.000167 0
901 340 915 393 0.000167 0
663 294 675 349 0.000167 0
929 425 960 457 0.000167 0
894 319 929 344 0.000166 0
656 302 683 358 0.000166 0
1110 499 1120 524 0.000166 0
792 355 817 392 0.000165 0
1014 320 1034 347 0.000165 0
400 408 420 440 0.000165 0
467 600 500 652 0.000164 0
1208 246 1279 372 0.000164 0
1167 341 1216 389 0.000163 0
915 423 928 443 0.000163 0
814 407 832 426 0.000162 0
1023 318 1068 394 0.000162 0
1070 438 1089 473 0.000162 0
632 201 657 221 0.000162 0
824 418 845 451 0.000162 0
663 294 684 352 0.000162 0
882 512 888 520 0.000161 0
897 439 912 456 0.000160 0
866 204 899 242 0.000160 0
702 325 720 348 0.000160 0
1244 345 1278 429 0.000160 0
705 585 767 651 0.000160 0
753 195 805 288 0.000160 0
198 199 210 224 0.000160 0
1136 439 1152 461 0.000160 0
876 423 909 459 0.000159 0
425 222 440 247 0.000159 0
470 586 539 648 0.000159 0
0 290 17 608 0.000158 0
954 697 973 703 0.000158 0
799 442 822 467 0.000158 0
741 507 793 610 0.000158 0
1031 420 1041 439 0.000158 0
1040 276 1059 330 0.000157 0
697 495 803 579 0.000157 0
576 281 595 338 0.000157 0
770 568 790 607 0.000157 0
1118 439 1141 468 0.000157 0
892 337 925 380 0.000154 0
900 338 919 392 0.000153 0
824 284 847 316 0.000153 0
0 480 10 609 0.000153 0
754 317 776 343 0.000153 0
1255 296 1279 502 0.000152 0
452 204 465 222 0.000152 0
666 511 731 540 0.000152 0
827 424 929 484 0.000151 0
465 597 499 646 0.000151 0
681 510 741 548 0.000151 0
1250 336 1279 503 0.000151 0
527 597 545 629 0.000151 0
1218 352 1264 428 0.000150 0
1031 275 1060 338 0.000150 0
1238 294 1279 473 0.000150 0
756 307 815 346 0.000149 0
680 583 787 704 0.000149 0
846 289 864 341 0.000148 0
1250 280 1279 501 0.000148 0
765 325 787 344 0.000148 0
1102 190 1121 209 0.000147 0
453 180 544 259 0.000147 0
525 594 591 703 0.000147 0
726 508 791 615 0.000146 0
851 422 937 484 0.000146 0
526 627 561 703 0.000145 0
399 408 420 439 0.000145 0
1248 211 1279 243 0.000145 0
1071 335 1126 401 0.000145 0
1263 371 1279 429 0.000145 0
687 521 741 579 0.000144 0
1151 444 1168 465 0.000144 0
958 420 976 449 0.000144 0
947 421 962 449 0.000144 0
1169 205 1185 244 0.000142 0
1157 425 1168 448 0.000141 0
1216 406 1228 432 0.000141 0
727 509 798 608 0.000141 0
753 312 769 337 0.000140 0
700 600 772 669 0.000140 0
1117 448 1136 472 0.000140 0
989 439 1001 452 0.000139 0
911 344 995 414 0.000139 0
1208 517 1216 533 0.000139 0
906 178 956 219 0.000139 0
1028 426 1040 450 0.000139 0
1217 407 1232 427 0.000138 0
463 597 526 703 0.000138 0
925 272 961 334 0.000137 0
1169 684 1193 703 0.000137 0
983 430 992 443 0.000137 0
879 309 892 339 0.000137 0
1257 145 1279 182 0.000137 0
1199 64 1208 76 0.000136 0
396 408 417 440 0.000136 0
750 182 866 282 0.000136 0
905 278 952 348 0.000136 0
800 407 828 434 0.000136 0
973 448 990 461 0.000136 0
1040 324 1058 366 0.000135 0
1079 689 1099 703 0.000135 0
821 320 848 344 0.000135 0
913 305 947 347 0.000134 0
849 526 856 535 0.000134 0
576 284 595 344 0.000134 0
175 186 184 206 0.000133 0
1018 370 1035 396 0.000133 0
800 444 833 474 0.000133 0
728 584 775 653 0.000133 0
749 483 805 564 0.000133 0
1102 393 1125 409 0.000132 0
927 271 962 336 0.000132 0
527 631 561 666 0.000132 0
943 325 958 343 0.000132 0
230 209 258 245 0.000131 0
655 323 680 364 0.000131 0
879 305 896 340 0.000131 0
386 197 397 206 0.000131 0
1262 64 1279 170 0.000131 0
891 326 924 366 0.000131 0
721 667 754 703 0.000130 0
761 252 849 340 0.000130 0
1112 443 1121 464 0.000130 0
1177 536 1182 543 0.000129 0
784 334 795 358 0.000129 0
690 184 706 218 0.000128 0
576 281 594 345 0.000128 0
833 495 847 506 0.000128 0
1033 410 1041 431 0.000128 0
1246 516 1279 652 0.000128 0
315 192 336 230 0.000127 0
1124 430 1138 443 0.000126 0
473 644 552 703 0.000126 0
1244 350 1275 430 0.000126 0
831 419 848 450 0.000126 0
1214 440 1226 456 0.000126 0
1073 424 1088 443 0.000126 0
1054 419 1064 434 0.000126 0
0 393 11 606 0.000125 0
1175 163 1205 223 0.000125 0
0 558 9 651 0.000125 0
879 320 897 352 0.000124 0
727 511 787 584 0.000124 0
653 200 661 217 0.000124 0
721 339 756 376 0.000123 0
654 321 686 380 0.000123 0
470 589 516 647 0.000123 0
265 193 273 206 0.000122 0
1252 509 1279 652 0.000121 0
943 329 954 343 0.000121 0
1121 64 1152 77 0.000121 0
701 163 786 249 0.000121 0
766 696 814 703 0.000120 0
1213 694 1243 703 0.000120 0
516 609 577 649 0.000120 0
724 575 788 668 0.000119 0
911 385 927 408 0.000119 0
807 567 817 601 0.000119 0
760 491 791 527 0.000118 0
1248 352 1266 432 0.000118 0
644 689 698 703 0.000118 0
820 450 878 480 0.000118 0
210 182 225 208 0.000118 0
526 629 583 667 0.000117 0
722 585 773 663 0.000117 0
768 555 792 614 0.000116 0
981 464 996 487 0.000116 0
1029 369 1040 393 0.000116 0
400 409 421 440 0.000116 0
976 327 992 343 0.000116 0
632 375 657 401 0.000116 0
1076 167 1101 204 0.000116 0
873 435 917 485 0.000116 0
1128 333 1149 370 0.000115 0
653 514 725 570 0.000115 0
1054 224 1074 281 0.000115 0
377 184 398 206 0.000114 0
409 488 797 704 0.000113 0
768 686 816 703 0.000113 0
1139 496 1152 519 0.000113 0
911 342 955 378 0.000113 0
800 467 821 479 0.000113 0
1162 497 1187 520 0.000113 0
878 323 893 359 0.000112 0
881 419 907 456 0.000112 0
393 408 417 440 0.000112 0
1139 299 1217 406 0.000112 0
529 680 579 703 0.000111 0
1059 189 1100 238 0.000111 0
788 420 887 480 0.000111 0
722 668 754 703 0.000111 0
462 195 481 294 0.000111 0
831 478 846 501 0.000110 0
693 170 710 204 0.000110 0
789 509 806 541 0.000110 0
879 411 887 438 0.000110 0
722 667 753 702 0.000109 0
83 242 99 298 0.000109 0
673 300 704 346 0.000109 0
576 285 594 339 0.000109 0
913 425 927 447 0.000109 0
1044 392 1058 422 0.000109 0
1037 395 1050 411 0.000108 0
0 64 79 214 0.000108 0
941 422 956 448 0.000108 0
1099 604 1113 618 0.000108 0
1065 423 1072 432 0.000108 0
1193 684 1247 703 0.000107 0
415 252 420 271 0.000107 0
541 656 590 703 0.000107 0
861 263 890 343 0.000107 0
798 358 818 392 0.000106 0
1010 380 1033 405 0.000106 0
701 589 739 617 0.000106 0
978 169 1033 253 0.000105 0
1151 427 1167 453 0.000105 0
677 299 704 347 0.000105 0
1011 441 1051 466 0.000105 0
980 175 993 201 0.000105 0
384 407 418 441 0.000105 0
654 395 673 408 0.000105 0
325 472 786 704 0.000105 0
652 176 666 216 0.000105 0
1007 529 1015 536 0.000105 0
320 484 683 704 0.000104 0
823 283 849 344 0.000104 0
0 312 22 609 0.000104 0
767 554 789 604 0.000104 0
851 413 908 462 0.000103 0
1202 454 1221 475 0.000103 0
1213 354 1264 431 0.000103 0
929 431 963 456 0.000102 0
756 457 805 539 0.000102 0
388 410 415 441 0.000102 0
481 672 531 703 0.000101 0
1261 525 1279 657 0.000101 0
1263 76 1279 172 0.000101 0
430 218 439 228 0.000101 0
1142 389 1154 406 0.000101 0
707 340 739 381 0.000100 0
397 407 416 440 0.000100 0
975 327 990 343 0.000100 0
1208 300 1279 445 0.000100 0
701 215 762 258 0.796543 1
701 214 762 259 0.744859 1
1025 216 1065 264 0.637351 1
976 225 1011 270 0.616222 1
1024 219 1065 264 0.599157 1
1024 219 1066 264 0.567243 1
751 234 803 301 0.559115 1
1024 220 1065 264 0.537228 1
700 215 761 259 0.514186 1
1025 217 1065 263 0.512835 1
1024 222 1065 264 0.490163 1
976 226 1011 270 0.489446 1
752 237 802 300 0.305542 1
751 239 801 301 0.253505 1
976 219 1020 269 0.190775 1
751 237 799 300 0.164506 1
752 235 803 300 0.137057 1
752 228 803 299 0.124389 1
976 229 1010 270 0.109488 1
751 243 795 301 0.108151 1
751 243 800 301 0.091387 1
782 239 802 282 0.073930 1
781 240 803 282 0.072536 1
751 247 788 299 0.072335 1
976 219 1038 270 0.065787 1
701 214 755 258 0.062462 1
975 219 1034 269 0.062084 1
1024 214 1067 265 0.058803 1
949 274 960 304 0.055952 1
1024 225 1065 265 0.055103 1
751 252 788 301 0.054793 1
949 273 960 303 0.054745 1
780 239 803 282 0.053394 1
775 238 802 283 0.052511 1
753 230 803 294 0.049392 1
751 251 786 300 0.048934 1
976 227 1009 269 0.048723 1
779 239 802 283 0.041733 1
774 239 802 283 0.039438 1
762 226 804 283 0.039244 1
782 236 807 282 0.037340 1
975 228 1008 270 0.036511 1
783 238 808 283 0.029591 1
926 273 961 304 0.027318 1
979 227 1016 269 0.026094 1
928 273 960 304 0.023529 1
751 253 771 299 0.023344 1
750 231 812 301 0.022998 1
751 256 778 301 0.022887 1
752 245 782 299 0.021342 1
691 209 714 238 0.021269 1
754 240 801 303 0.020686 1
926 274 946 310 0.019806 1
692 206 715 236 0.018271 1
925 271 957 308 0.017646 1
783 239 802 292 0.016673 1
690 209 711 239 0.015988 1
698 206 763 255 0.015183 1
751 254 768 299 0.015063 1
784 232 807 282 0.014703 1
738 229 763 258 0.014542 1
751 255 771 300 0.013826 1
931 273 960 304 0.013515 1
735 194 763 258 0.013496 1
755 223 803 288 0.013317 1
740 228 762 259 0.013188 1
975 226 1011 270 0.012755 1
753 224 802 296 0.012522 1
705 213 743 256 0.012433 1
740 230 762 258 0.010768 1
689 213 708 239 0.010641 1
974 223 1004 264 0.010546 1
925 206 946 253 0.009659 1
929 273 960 306 0.009491 1
689 207 708 238 0.008033 1
691 207 710 238 0.007877 1
1066 212 1091 246 0.007438 1
706 204 743 247 0.007079 1
701 215 738 258 0.006967 1
1067 213 1090 242 0.006905 1
926 277 944 312 0.006855 1
720 214 759 257 0.006778 1
1024 231 1060 266 0.006622 1
751 258 769 300 0.006453 1
0 557 7 605 0.006374 1
1047 214 1066 253 0.006285 1
926 274 944 303 0.006037 1
926 275 945 312 0.006033 1
690 207 721 238 0.006027 1
865 247 893 285 0.005893 1
701 216 745 258 0.005852 1
691 207 711 237 0.005795 1
926 276 944 310 0.005758 1
1027 217 1066 263 0.005692 1
866 248 891 281 0.005667 1
866 248 892 282 0.005648 1
782 241 811 289 0.005640 1
1024 226 1063 265 0.005556 1
782 228 806 281 0.005491 1
975 227 1004 269 0.005395 1
975 212 1038 261 0.005315 1
968 233 994 267 0.005042 1
865 249 893 286 0.004873 1
1067 210 1089 235 0.004755 1
1067 214 1092 247 0.004735 1
925 272 946 299 0.004702 1
1048 220 1072 263 0.004690 1
1066 215 1092 253 0.004626 1
977 225 1018 268 0.004584 1
977 222 1020 265 0.004566 1
968 233 1000 269 0.004483 1
701 214 736 256 0.004480 1
691 207 719 233 0.004468 1
927 279 945 312 0.004406 1
927 239 941 253 0.004375 1
857 242 893 285 0.004362 1
894 265 922 299 0.004343 1
786 230 807 278 0.004337 1
1056 217 1072 262 0.004300 1
926 280 944 312 0.004263 1
927 276 944 307 0.004120 1
925 274 944 300 0.004026 1
1001 212 1035 259 0.003881 1
1069 212 1090 233 0.003867 1
1065 210 1094 247 0.003789 1
978 224 1005 265 0.003733 1
1059 208 1081 251 0.003643 1
925 274 945 313 0.003581 1
865 240 895 281 0.003575 1
751 254 785 303 0.003567 1
983 217 1019 263 0.003516 1
700 209 726 230 0.003482 1
893 263 925 297 0.003472 1
1001 209 1026 261 0.003470 1
751 262 773 303 0.003412 1
753 225 785 289 0.003361 1
689 207 704 237 0.003336 1
766 240 802 305 0.003306 1
894 262 928 301 0.003263 1
1045 219 1064 259 0.003262 1
1067 213 1097 246 0.003253 1
1183 203 1225 266 0.003178 1
1068 223 1092 253 0.003175 1
692 205 721 233 0.003118 1
692 206 712 235 0.003078 1
969 231 989 262 0.003036 1
923 272 944 298 0.003017 1
895 265 915 302 0.002972 1
1048 212 1062 236 0.002939 1
1059 211 1080 254 0.002936 1
910 268 928 297 0.002908 1
1025 222 1066 263 0.002879 1
925 272 961 313 0.002854 1
700 218 728 258 0.002797 1
744 237 769 278 0.002774 1
976 229 1008 270 0.002744 1
854 229 891 282 0.002737 1
864 244 911 289 0.002709 1
547 201 574 217 0.002703 1
1070 214 1090 238 0.002612 1
712 194 750 236 0.002597 1
701 221 727 258 0.002580 1
906 266 927 297 0.002484 1
910 271 944 313 0.002429 1
807 253 820 282 0.002320 1
866 242 890 280 0.002310 1
743 250 769 302 0.002281 1
932 242 945 254 0.002257 1
904 270 944 307 0.002234 1
701 219 762 259 0.002168 1
548 201 565 217 0.002108 1
690 210 724 256 0.002102 1
896 265 934 301 0.002084 1
924 209 972 255 0.002025 1
895 266 911 299 0.002014 1
863 257 893 287 0.002012 1
805 254 821 284 0.002006 1
566 202 577 215 0.002005 1
863 240 913 289 0.002001 1
696 206 724 229 0.001990 1
808 255 823 283 0.001894 1
751 230 848 329 0.001876 1
864 254 894 301 0.001864 1
916 212 935 251 0.001862 1
1061 207 1076 241 0.001861 1
1023 215 1068 264 0.001838 1
801 247 820 282 0.001811 1
786 229 808 272 0.001790 1
1003 223 1034 263 0.001753 1
920 215 931 247 0.001751 1
992 224 1039 266 0.001742 1
865 256 894 292 0.001718 1
751 232 834 303 0.001689 1
1020 221 1048 263 0.001663 1
902 210 1014 272 0.001662 1
918 205 978 255 0.001651 1
1068 207 1081 231 0.001647 1
869 257 910 290 0.001633 1
521 246 536 264 0.001625 1
1185 212 1228 267 0.001625 1
520 243 535 264 0.001615 1
752 231 813 300 0.001605 1
1047 223 1072 263 0.001603 1
681 196 692 215 0.001593 1
910 270 928 297 0.001581 1
681 198 691 216 0.001572 1
932 243 958 255 0.001565 1
743 255 768 302 0.001554 1
863 247 933 301 0.001551 1
976 237 994 270 0.001548 1
742 241 769 301 0.001537 1
1181 162 1203 218 0.001506 1
949 273 967 303 0.001501 1
894 265 926 308 0.001499 1
910 271 927 296 0.001497 1
894 266 911 304 0.001466 1
1183 206 1229 266 0.001465 1
911 272 928 296 0.001444 1
894 265 910 295 0.001426 1
895 266 913 305 0.001402 1
897 262 926 296 0.001400 1
859 249 899 300 0.001385 1
684 200 705 234 0.001379 1
969 222 988 256 0.001332 1
1183 216 1228 266 0.001325 1
804 252 827 283 0.001321 1
700 206 778 265 0.001293 1
1066 224 1091 256 0.001289 1
1068 206 1094 234 0.001285 1
809 256 821 283 0.001242 1
742 206 804 267 0.001239 1
754 246 800 314 0.001142 1
904 262 927 297 0.001132 1
862 232 918 284 0.001123 1
920 239 975 305 0.001123 1
788 229 817 280 0.001114 1
860 241 928 296 0.001103 1
863 239 944 304 0.001098 1
923 272 961 315 0.001080 1
859 241 896 287 0.001065 1
514 209 538 264 0.001049 1
1068 220 1108 271 0.001038 1
1057 212 1099 260 0.001028 1
676 206 699 233 0.001020 1
701 226 725 258 0.001012 1
544 173 577 216 0.000977 1
1063 208 1102 247 0.000959 1
919 208 981 258 0.000951 1
763 242 839 315 0.000939 1
928 237 960 255 0.000938 1
693 214 805 307 0.000932 1
678 210 700 234 0.000932 1
1183 163 1202 187 0.000922 1
670 207 679 229 0.000921 1
1068 233 1091 255 0.000914 1
909 274 925 296 0.000911 1
923 210 1000 263 0.000903 1
683 197 692 215 0.000896 1
948 273 967 304 0.000895 1
546 200 566 216 0.000881 1
1070 212 1098 235 0.000864 1
916 222 941 253 0.000840 1
748 264 770 302 0.000818 1
670 207 679 230 0.000814 1
20 232 52 257 0.000803 1
911 209 930 248 0.000799 1
937 273 960 312 0.000783 1
206 210 245 264 0.000782 1
505 238 523 251 0.000767 1
21 229 75 256 0.000762 1
1200 252 1226 267 0.000755 1
986 211 1112 302 0.000742 1
881 265 911 293 0.000733 1
788 253 821 293 0.000726 1
682 210 764 258 0.000720 1
863 239 925 294 0.000718 1
1173 232 1184 247 0.000717 1
46 236 74 256 0.000717 1
46 237 72 256 0.000712 1
21 219 65 258 0.000704 1
45 236 74 255 0.000700 1
910 270 943 314 0.000694 1
894 265 909 289 0.000692 1
976 231 1011 270 0.000681 1
44 236 73 255 0.000667 1
686 199 821 315 0.000656 1
1200 251 1229 274 0.000655 1
898 246 947 300 0.000653 1
904 211 934 251 0.000646 1
1082 216 1097 234 0.000641 1
856 261 890 302 0.000639 1
911 205 932 247 0.000636 1
3 232 42 258 0.000635 1
662 190 693 222 0.000635 1
1045 278 1059 295 0.000633 1
869 206 1008 309 0.000624 1
899 270 940 312 0.000614 1
865 214 1004 306 0.000601 1
21 217 56 256 0.000596 1
740 238 763 261 0.000591 1
689 212 715 256 0.000584 1
889 213 1014 302 0.000567 1
209 233 243 264 0.000564 1
510 208 525 243 0.000561 1
976 204 1097 259 0.000553 1
1200 253 1224 267 0.000548 1
915 256 1008 306 0.000546 1
561 206 768 274 0.000543 1
193 224 243 263 0.000541 1
28 228 91 256 0.000537 1
949 246 958 254 0.000536 1
1201 237 1226 266 0.000533 1
810 260 834 282 0.000531 1
1182 163 1223 221 0.000527 1
15 230 42 257 0.000518 1
788 223 815 277 0.000504 1
943 244 981 258 0.000501 1
743 263 767 302 0.000500 1
968 236 992 270 0.000498 1
21 231 42 257 0.000490 1
13 217 44 259 0.000489 1
20 229 41 257 0.000485 1
1183 159 1202 188 0.000484 1
879 266 913 304 0.000482 1
1183 193 1202 217 0.000473 1
699 177 778 257 0.000472 1
936 209 984 259 0.000467 1
21 229 42 255 0.000461 1
673 212 715 239 0.000460 1
900 228 1046 302 0.000459 1
850 257 888 298 0.000449 1
931 227 971 255 0.000430 1
766 242 828 311 0.000427 1
977 226 1068 295 0.000417 1
1200 250 1239 269 0.000412 1
689 217 724 258 0.000411 1
872 237 933 296 0.000409 1
1203 254 1223 273 0.000407 1
196 228 242 264 0.000406 1
688 196 718 233 0.000403 1
1003 210 1108 287 0.000396 1
670 208 680 231 0.000391 1
975 229 1044 274 0.000384 1
211 242 241 264 0.000376 1
893 266 940 334 0.000366 1
806 255 831 299 0.000349 1
989 214 1086 296 0.000349 1
190 225 242 264 0.000347 1
866 267 900 299 0.000344 1
669 204 694 234 0.000344 1
1201 250 1238 275 0.000342 1
852 247 886 284 0.000339 1
1120 327 1148 344 0.000338 1
948 273 973 305 0.000335 1
1184 164 1218 202 0.000329 1
968 212 1060 296 0.000322 1
799 246 853 285 0.000322 1
969 212 982 248 0.000321 1
860 247 934 336 0.000319 1
970 229 1038 298 0.000308 1
20 222 85 255 0.000303 1
824 265 834 282 0.000303 1
1027 304 1057 333 0.000301 1
926 244 949 302 0.000287 1
1025 305 1057 333 0.000283 1
960 214 1060 297 0.000278 1
921 242 983 265 0.000277 1
862 197 973 271 0.000272 1
22 223 68 252 0.000266 1
857 228 871 275 0.000265 1
1057 227 1097 266 0.000263 1
1181 161 1208 227 0.000262 1
751 236 852 312 0.000251 1
1058 209 1108 271 0.000251 1
501 238 528 257 0.000250 1
1044 277 1075 295 0.000246 1
884 229 932 297 0.000245 1
793 176 955 289 0.000244 1
890 236 977 294 0.000229 1
933 239 993 266 0.000227 1
197 238 242 264 0.000226 1
895 266 936 340 0.000220 1
913 276 946 339 0.000216 1
1192 249 1234 286 0.000212 1
524 198 948 450 0.000207 1
849 177 967 297 0.000205 1
884 227 952 259 0.000202 1
1193 251 1228 286 0.000202 1
197 222 235 258 0.000200 1
971 229 1015 299 0.000197 1
771 253 855 311 0.000196 1
1025 277 1060 295 0.000195 1
921 239 975 268 0.000193 1
750 233 809 342 0.000189 1
1069 196 1086 216 0.000189 1
1075 194 1093 210 0.000187 1
937 257 967 305 0.000187 1
929 243 990 265 0.000183 1
697 208 779 314 0.000182 1
799 253 823 301 0.000181 1
919 268 1000 310 0.000179 1
665 205 677 220 0.000179 1
860 178 986 302 0.000179 1
943 208 974 255 0.000175 1
865 204 907 279 0.000170 1
886 216 953 300 0.000169 1
1018 224 1067 296 0.000165 1
889 261 928 343 0.000164 1
751 229 858 293 0.000161 1
1014 224 1065 296 0.000154 1
1070 289 1179 393 0.000152 1
1065 228 1096 269 0.000152 1
656 208 718 237 0.000145 1
321 64 369 171 0.000145 1
1023 224 1066 273 0.000143 1
758 268 852 332 0.000141 1
218 245 241 264 0.000140 1
866 239 918 266 0.000138 1
754 228 925 327 0.000137 1
665 207 679 230 0.000137 1
1035 277 1058 295 0.000136 1
1043 278 1073 295 0.000135 1
1024 223 1073 275 0.000134 1
897 202 912 244 0.000134 1
819 263 855 311 0.000130 1
531 204 955 441 0.000128 1
854 265 880 299 0.000127 1
661 174 693 217 0.000127 1
704 232 799 343 0.000126 1
980 224 1053 290 0.000126 1
1057 213 1107 279 0.000124 1
688 207 782 339 0.000123 1
789 217 851 286 0.000122 1
1017 223 1075 296 0.000120 1
753 234 832 344 0.000118 1
801 246 930 341 0.000114 1
764 210 915 289 0.000114 1
1021 233 1056 273 0.000111 1
818 260 839 301 0.000111 1
758 186 1100 280 0.000110 1
690 209 772 319 0.000107 1
22 215 62 252 0.000105 1
27 216 42 245 0.000104 1
856 213 903 279 0.000104 1
929 239 996 305 0.000102 1
988 227 1065 296 0.000100 1
321 286 817 689 0.388103 2
0 281 638 675 0.250112 2
464 585 591 703 0.173596 2
0 282 639 636 0.125709 2
1 282 638 605 0.079862 2
3 281 637 696 0.079073 2
1 283 639 551 0.072170 2
286 408 352 439 0.055861 2
821 328 848 344 0.054417 2
690 584 771 669 0.050827 2
1 283 638 428 0.045740 2
1104 487 1115 496 0.033339 2
1 284 638 454 0.031843 2
1 284 639 512 0.026066 2
1 283 638 500 0.025350 2
0 283 639 421 0.025313 2
692 587 747 664 0.024692 2
304 186 322 198 0.022706 2
305 186 322 198 0.022569 2
228 408 351 439 0.015310 2
305 186 322 199 0.015259 2
1007 200 1030 216 0.012824 2
282 408 351 439 0.012779 2
694 586 747 660 0.012550 2
832 478 840 485 0.012061 2
1104 488 1125 497 0.011345 2
1008 198 1038 217 0.011044 2
5 282 637 383 0.010825 2
694 589 747 663 0.010689 2
220 408 351 439 0.010334 2
2 282 638 414 0.009920 2
0 558 9 616 0.009363 2
0 556 9 615 0.009185 2
0 558 9 619 0.009074 2
2 283 637 372 0.008698 2
0 558 7 614 0.008425 2
4 284 633 323 0.007967 2
1263 348 1279 368 0.007938 2
2 284 638 334 0.007922 2
2 281 631 441 0.007092 2
216 409 352 439 0.006861 2
0 558 7 604 0.006696 2
321 283 808 504 0.006545 2
3 284 622 318 0.005973 2
1105 487 1136 498 0.005956 2
849 471 866 478 0.005844 2
695 588 747 658 0.005321 2
821 327 848 344 0.005276 2
694 589 748 666 0.005226 2
290 408 351 439 0.005005 2
0 559 8 617 0.004989 2
893 480 912 487 0.004397 2
1 283 623 361 0.004370 2
0 556 7 599 0.004354 2
14 282 638 418 0.004204 2
1263 332 1279 369 0.004179 2
916 473 928 482 0.004064 2
924 455 936 463 0.003999 2
848 472 866 479 0.003743 2
894 478 915 488 0.003620 2
959 482 969 487 0.003101 2
912 455 924 463 0.003068 2
837 469 849 478 0.002969 2
0 279 634 650 0.002948 2
1262 509 1279 516 0.002901 2
0 558 9 625 0.002883 2
820 328 848 360 0.002839 2
622 503 747 575 0.002633 2
836 494 848 503 0.002629 2
239 423 286 439 0.002621 2
230 423 288 439 0.002616 2
3 285 606 317 0.002607 2
415 422 490 440 0.002600 2
622 503 732 572 0.002590 2
1263 342 1279 369 0.002534 2
820 328 848 362 0.002469 2
623 503 731 569 0.002448 2
319 213 331 231 0.002276 2
647 690 672 703 0.002251 2
1103 488 1126 504 0.002152 2
1030 321 1056 335 0.002138 2
929 446 944 456 0.002125 2
942 456 954 462 0.002115 2
1006 188 1049 218 0.002112 2
964 480 976 487 0.002109 2
821 328 848 354 0.002058 2
1094 494 1104 504 0.002051 2
592 192 651 216 0.002006 2
846 439 873 455 0.002000 2
819 334 846 362 0.001995 2
824 504 832 512 0.001983 2
586 183 649 214 0.001970 2
415 421 494 440 0.001970 2
587 183 621 203 0.001947 2
1114 220 1133 234 0.001938 2
1099 221 1120 248 0.001899 2
235 423 287 439 0.001897 2
1101 225 1120 248 0.001894 2
817 335 847 362 0.001869 2
207 409 353 439 0.001853 2
1065 207 1123 248 0.001805 2
242 424 287 439 0.001778 2
623 504 728 566 0.001777 2
1101 226 1120 248 0.001749 2
587 185 657 216 0.001725 2
415 422 486 440 0.001677 2
949 456 960 465 0.001658 2
1262 348 1279 375 0.001627 2
492 199 505 211 0.001624 2
1185 328 1200 339 0.001622 2
902 456 914 463 0.001571 2
587 184 654 217 0.001541 2
1263 339 1279 369 0.001538 2
416 421 497 440 0.001527 2
319 203 331 230 0.001525 2
415 421 487 440 0.001521 2
18 284 638 458 0.001511 2
1263 508 1279 517 0.001493 2
847 439 870 454 0.001488 2
600 198 649 216 0.001483 2
0 560 8 617 0.001477 2
1023 319 1056 339 0.001456 2
623 504 736 574 0.001446 2
1036 321 1055 335 0.001441 2
418 420 510 440 0.001419 2
1113 220 1131 244 0.001409 2
552 173 579 202 0.001408 2
623 503 725 569 0.001403 2
623 503 763 575 0.001402 2
485 199 514 216 0.001400 2
1096 208 1127 248 0.001398 2
991 357 1024 402 0.001394 2
554 175 579 204 0.001393 2
1263 322 1279 369 0.001392 2
1030 321 1055 335 0.001387 2
537 200 552 217 0.001378 2
1079 214 1122 248 0.001375 2
912 455 927 463 0.001343 2
848 440 874 455 0.001322 2
1024 319 1055 335 0.001308 2
915 473 938 483 0.001300 2
803 184 851 239 0.001299 2
832 494 848 504 0.001296 2
1182 328 1200 341 0.001294 2
1114 217 1187 247 0.001293 2
809 212 843 240 0.001281 2
587 184 620 203 0.001271 2
717 196 733 217 0.001251 2
0 547 8 601 0.001247 2
497 239 520 251 0.001241 2
820 330 847 362 0.001238 2
620 506 780 678 0.001219 2
621 503 786 683 0.001219 2
991 345 1024 399 0.001214 2
847 439 869 454 0.001206 2
1114 220 1170 242 0.001196 2
1114 218 1135 231 0.001184 2
1065 210 1120 246 0.001179 2
705 299 768 334 0.001177 2
647 690 672 703 0.001173 2
357 218 368 230 0.001170 2
1068 212 1122 248 0.001167 2
412 419 480 440 0.001160 2
1260 168 1279 181 0.001157 2
622 502 786 661 0.001156 2
1023 319 1048 334 0.001154 2
413 421 480 440 0.001147 2
711 299 769 333 0.001144 2
608 201 646 216 0.001135 2
308 198 387 231 0.001117 2
536 198 553 217 0.001108 2
496 239 517 251 0.001091 2
1005 189 1045 216 0.001083 2
1023 319 1049 340 0.001074 2
1263 353 1279 376 0.001074 2
419 422 494 441 0.001063 2
647 582 778 703 0.001063 2
1263 320 1279 369 0.001060 2
206 423 288 440 0.001059 2
104 414 191 439 0.001046 2
305 186 334 200 0.001042 2
1101 229 1120 248 0.001029 2
704 300 768 337 0.001027 2
1105 213 1133 236 0.001017 2
991 357 1010 386 0.001009 2
320 287 808 702 0.000989 2
0 254 640 424 0.000988 2
1006 189 1057 253 0.000952 2
691 199 725 228 0.000916 2
705 301 768 345 0.000912 2
803 184 852 222 0.000906 2
991 350 1009 386 0.000898 2
697 198 731 223 0.000891 2
1062 207 1122 247 0.000890 2
44 285 639 496 0.000883 2
356 216 368 230 0.000875 2
293 180 313 198 0.000872 2
991 357 1009 385 0.000866 2
974 481 985 487 0.000866 2
1 283 589 365 0.000863 2
1086 491 1096 504 0.000860 2
1016 337 1024 344 0.000859 2
1113 220 1134 245 0.000858 2
112 414 191 437 0.000855 2
1093 488 1108 504 0.000847 2
482 194 510 216 0.000847 2
912 474 928 487 0.000845 2
1069 326 1088 338 0.000839 2
914 347 1023 408 0.000836 2
622 502 790 677 0.000835 2
0 556 15 618 0.000827 2
429 223 439 229 0.000809 2
617 187 655 209 0.000803 2
960 347 994 392 0.000795 2
1007 304 1023 311 0.000792 2
990 351 1009 384 0.000791 2
1263 319 1279 368 0.000784 2
696 592 749 667 0.000781 2
912 449 925 457 0.000778 2
704 303 767 348 0.000777 2
926 199 954 211 0.000771 2
1026 319 1085 340 0.000761 2
1260 249 1279 270 0.000753 2
699 589 746 653 0.000752 2
619 503 778 694 0.000752 2
1075 327 1088 337 0.000746 2
0 556 31 631 0.000744 2
294 179 307 197 0.000734 2
1254 249 1279 270 0.000730 2
620 189 655 214 0.000718 2
476 169 520 217 0.000717 2
701 301 769 340 0.000716 2
632 202 652 217 0.000711 2
697 591 746 662 0.000709 2
0 552 47 612 0.000702 2
1174 381 1184 391 0.000699 2
802 177 859 245 0.000692 2
0 555 15 615 0.000686 2
302 408 351 438 0.000686 2
1026 312 1075 335 0.000678 2
1080 488 1099 503 0.000673 2
311 199 387 231 0.000662 2
584 182 621 205 0.000653 2
699 588 747 654 0.000650 2
484 199 513 217 0.000627 2
1113 217 1138 232 0.000626 2
1003 193 1039 252 0.000625 2
764 504 805 556 0.000621 2
895 198 921 238 0.000620 2
896 198 953 246 0.000620 2
719 517 748 575 0.000618 2
1023 320 1059 348 0.000616 2
1261 168 1279 181 0.000615 2
319 200 371 232 0.000604 2
1204 222 1278 268 0.000599 2
1 283 588 433 0.000599 2
110 415 191 438 0.000588 2
243 412 324 439 0.000586 2
707 305 763 342 0.000585 2
1022 320 1060 345 0.000577 2
622 501 792 669 0.000574 2
424 419 511 440 0.000573 2
318 201 335 231 0.000573 2
1167 273 1203 282 0.000573 2
915 342 1023 403 0.000572 2
223 408 351 441 0.000569 2
0 555 14 609 0.000568 2
1260 169 1279 181 0.000554 2
313 199 387 231 0.000553 2
1256 200 1279 235 0.000550 2
472 586 555 649 0.000550 2
766 510 804 560 0.000544 2
1025 314 1089 342 0.000543 2
691 585 747 665 0.000541 2
0 551 56 602 0.000539 2
622 503 776 598 0.000532 2
1196 227 1279 268 0.000530 2
886 478 920 489 0.000528 2
1261 169 1279 181 0.000524 2
456 203 465 217 0.000522 2
1248 246 1279 268 0.000519 2
1253 484 1279 504 0.000513 2
946 344 994 393 0.000510 2
1024 308 1072 333 0.000508 2
473 586 551 648 0.000507 2
1120 64 1152 76 0.000503 2
1 282 629 478 0.000500 2
719 584 771 659 0.000494 2
0 556 36 638 0.000494 2
761 498 806 558 0.000484 2
0 555 33 621 0.000484 2
708 301 769 338 0.000481 2
426 422 505 441 0.000478 2
1096 208 1123 231 0.000474 2
913 197 955 231 0.000474 2
821 327 856 344 0.000469 2
614 197 650 217 0.000466 2
765 517 796 557 0.000464 2
295 199 386 288 0.000455 2
814 334 848 391 0.000448 2
863 335 877 343 0.000441 2
1117 498 1135 509 0.000439 2
273 184 294 194 0.000438 2
619 188 654 206 0.000435 2
996 339 1024 395 0.000434 2
323 199 386 231 0.000433 2
0 553 14 606 0.000431 2
108 412 191 436 0.000431 2
1168 381 1181 392 0.000420 2
287 409 307 438 0.000420 2
1224 164 1279 181 0.000417 2
348 199 386 230 0.000416 2
465 621 566 703 0.000415 2
1052 310 1132 348 0.000410 2
1073 321 1124 348 0.000410 2
687 493 813 669 0.000409 2
1022 320 1086 351 0.000408 2
1007 304 1024 311 0.000405 2
766 506 805 557 0.000402 2
1171 273 1222 287 0.000401 2
295 175 320 199 0.000400 2
474 586 556 642 0.000399 2
1099 208 1124 224 0.000398 2
614 505 772 698 0.000397 2
716 289 769 329 0.000396 2
1024 321 1064 347 0.000392 2
465 648 512 667 0.000390 2
808 209 837 240 0.000388 2
1175 328 1200 359 0.000388 2
524 598 586 656 0.000387 2
0 530 10 615 0.000386 2
715 298 768 334 0.000385 2
4 285 534 318 0.000384 2
1263 253 1279 270 0.000381 2
1167 273 1225 286 0.000381 2
719 511 799 582 0.000378 2
317 199 384 232 0.000374 2
1258 238 1279 269 0.000373 2
1247 338 1279 405 0.000373 2
215 408 351 441 0.000369 2
897 199 912 238 0.000367 2
0 557 16 625 0.000366 2
1120 64 1153 78 0.000365 2
805 207 825 239 0.000364 2
766 527 785 551 0.000364 2
707 318 739 349 0.000362 2
1170 329 1200 359 0.000358 2
448 149 523 171 0.000356 2
353 215 368 231 0.000355 2
472 615 567 686 0.000355 2
914 179 952 202 0.000354 2
765 522 789 552 0.000349 2
711 299 768 332 0.000349 2
1006 183 1048 215 0.000348 2
767 513 799 560 0.000346 2
472 596 531 654 0.000346 2
320 199 388 231 0.000345 2
756 331 847 390 0.000343 2
2 284 639 524 0.000341 2
1168 273 1218 286 0.000340 2
700 517 744 570 0.000339 2
316 200 388 232 0.000338 2
473 598 526 650 0.000338 2
973 277 1043 297 0.000332 2
1044 312 1089 336 0.000328 2
762 490 809 557 0.000327 2
301 199 387 278 0.000326 2
655 509 723 543 0.000325 2
1167 273 1209 283 0.000324 2
705 304 770 347 0.000323 2
1262 255 1279 270 0.000322 2
350 210 373 230 0.000320 2
645 580 774 703 0.000317 2
623 324 678 375 0.000317 2
486 613 582 671 0.000316 2
304 186 324 201 0.000315 2
1166 252 1239 286 0.000309 2
0 283 518 373 0.000303 2
273 185 295 195 0.000302 2
715 509 804 578 0.000302 2
469 653 522 703 0.000301 2
908 201 938 247 0.000301 2
620 393 806 595 0.000300 2
599 319 608 328 0.000300 2
1263 350 1279 408 0.000300 2
520 629 588 703 0.000300 2
975 455 984 463 0.000300 2
495 609 584 653 0.000297 2
480 619 576 694 0.000295 2
557 178 582 203 0.000294 2
1026 304 1063 334 0.000293 2
623 321 692 379 0.000291 2
725 584 771 657 0.000289 2
1223 164 1279 212 0.000289 2
294 199 387 280 0.000288 2
1022 320 1041 346 0.000288 2
1 283 428 439 0.000287 2
646 583 776 697 0.000287 2
108 414 179 438 0.000286 2
627 579 774 702 0.000286 2
230 403 351 440 0.000285 2
110 415 178 438 0.000285 2
693 584 767 630 0.000285 2
1213 334 1225 346 0.000284 2
502 197 522 216 0.000282 2
1181 348 1266 403 0.000281 2
461 380 822 512 0.000279 2
311 199 385 283 0.000279 2
1054 313 1092 336 0.000278 2
32 555 47 565 0.000278 2
622 323 658 377 0.000276 2
0 550 20 606 0.000276 2
520 652 585 703 0.000276 2
114 236 191 264 0.000275 2
587 171 601 185 0.000274 2
1071 206 1125 243 0.000273 2
243 422 320 439 0.000273 2
287 408 346 439 0.000272 2
1171 270 1232 288 0.000272 2
1023 319 1062 351 0.000271 2
31 553 47 565 0.000271 2
914 342 994 393 0.000270 2
526 597 586 657 0.000269 2
688 473 815 669 0.000269 2
469 177 497 218 0.000269 2
866 176 940 203 0.000267 2
1004 322 1042 362 0.000264 2
990 343 1008 361 0.000263 2
1228 248 1279 273 0.000262 2
784 333 847 391 0.000260 2
687 520 798 668 0.000260 2
1021 319 1067 370 0.000259 2
812 335 848 391 0.000259 2
31 554 48 565 0.000259 2
765 518 796 558 0.000257 2
870 195 982 253 0.000257 2
622 504 709 560 0.000257 2
459 303 534 364 0.000255 2
1167 273 1221 287 0.000253 2
495 240 518 253 0.000253 2
152 415 191 437 0.000252 2
707 297 768 336 0.000251 2
590 350 674 397 0.000251 2
1166 263 1198 270 0.000249 2
966 277 1046 311 0.000246 2
1053 292 1144 340 0.000244 2
1120 64 1153 77 0.000244 2
1076 330 1119 373 0.000241 2
692 586 746 661 0.000241 2
757 499 804 556 0.000240 2
960 273 1136 335 0.000237 2
655 509 720 541 0.000237 2
307 198 387 232 0.000236 2
1095 207 1135 232 0.000234 2
273 408 351 441 0.000234 2
325 190 339 200 0.000232 2
1202 195 1271 268 0.000231 2
287 408 311 435 0.000230 2
839 441 871 454 0.000229 2
5 87 634 485 0.000227 2
10 102 636 465 0.000227 2
867 175 940 202 0.000227 2
933 455 943 463 0.000227 2
124 414 191 435 0.000226 2
996 332 1025 374 0.000223 2
470 659 535 703 0.000223 2
1167 270 1224 285 0.000222 2
623 325 658 369 0.000222 2
1180 358 1264 422 0.000221 2
838 439 867 452 0.000221 2
1167 266 1228 286 0.000220 2
272 179 313 198 0.000219 2
448 384 823 512 0.000219 2
953 339 1000 384 0.000219 2
961 277 1042 306 0.000219 2
1183 367 1264 423 0.000218 2
458 300 537 352 0.000218 2
930 183 949 202 0.000217 2
497 240 520 253 0.000217 2
830 416 847 424 0.000217 2
524 684 568 703 0.000217 2
1204 251 1280 292 0.000216 2
882 438 904 456 0.000216 2
1003 357 1040 393 0.000216 2
802 488 815 504 0.000215 2
694 516 745 570 0.000215 2
496 214 526 251 0.000215 2
154 415 192 438 0.000213 2
485 150 522 170 0.000213 2
287 408 340 436 0.000212 2
1146 342 1198 379 0.000212 2
336 407 352 423 0.000212 2
465 585 584 661 0.000211 2
1022 318 1067 361 0.000211 2
699 589 740 619 0.000211 2
252 197 272 211 0.000209 2
818 332 848 392 0.000207 2
336 199 386 230 0.000207 2
292 175 308 198 0.000204 2
525 600 586 654 0.000204 2
1225 163 1279 181 0.000204 2
524 598 585 650 0.000203 2
811 454 832 469 0.000202 2
920 336 1024 403 0.000201 2
1171 244 1279 303 0.000200 2
1102 278 1169 345 0.000199 2
100 278 639 636 0.000199 2
683 486 808 666 0.000199 2
501 608 578 653 0.000197 2
1168 255 1279 356 0.000196 2
1047 312 1085 335 0.000196 2
1262 167 1279 236 0.000196 2
0 546 32 630 0.000195 2
1207 289 1279 428 0.000195 2
288 408 351 438 0.000195 2
469 656 516 703 0.000194 2
327 404 818 701 0.000193 2
911 522 923 527 0.000193 2
0 551 73 617 0.000193 2
109 414 157 439 0.000191 2
515 170 556 199 0.000190 2
310 408 351 438 0.000188 2
302 199 449 298 0.000188 2
623 324 670 369 0.000188 2
1050 310 1089 335 0.000188 2
0 558 11 661 0.000187 2
495 302 532 361 0.000187 2
918 201 979 251 0.000187 2
320 208 358 233 0.000184 2
418 386 806 510 0.000184 2
622 504 706 554 0.000184 2
871 177 941 199 0.000182 2
1203 266 1280 296 0.000181 2
471 658 528 703 0.000181 2
105 415 191 440 0.000181 2
496 223 519 251 0.000181 2
630 373 653 395 0.000180 2
955 340 992 369 0.000180 2
1197 247 1263 271 0.000180 2
325 199 387 229 0.000179 2
1029 325 1089 348 0.000179 2
1180 343 1278 425 0.000178 2
287 408 329 439 0.000178 2
1164 325 1197 355 0.000177 2
687 540 761 582 0.000177 2
822 319 862 345 0.000176 2
317 283 638 516 0.000176 2
767 687 816 703 0.000175 2
619 569 769 700 0.000175 2
1173 254 1280 291 0.000175 2
687 514 744 578 0.000174 2
110 411 192 437 0.000174 2
1002 325 1041 391 0.000174 2
621 504 717 548 0.000174 2
1200 254 1279 291 0.000173 2
622 320 658 380 0.000172 2
915 182 955 212 0.000172 2
718 289 768 325 0.000171 2
832 504 840 511 0.000170 2
1231 337 1265 359 0.000170 2
1207 333 1218 346 0.000169 2
730 509 801 573 0.000169 2
447 418 511 440 0.000169 2
534 628 576 648 0.000168 2
66 284 638 524 0.000168 2
834 438 888 479 0.000168 2
1189 362 1260 401 0.000167 2
465 628 555 690 0.000167 2
466 559 776 704 0.000166 2
447 198 466 220 0.000165 2
401 410 465 440 0.000165 2
962 341 1012 364 0.000165 2
9 127 640 457 0.000163 2
0 318 28 624 0.000163 2
396 199 408 206 0.000162 2
0 313 23 614 0.000162 2
238 401 351 439 0.000162 2
1222 160 1279 182 0.000162 2
686 530 769 598 0.000161 2
423 381 810 504 0.000160 2
766 497 807 561 0.000159 2
535 160 581 188 0.000159 2
629 374 659 398 0.000159 2
1053 304 1100 335 0.000159 2
1030 321 1083 387 0.000159 2
1076 327 1120 368 0.000158 2
1252 169 1279 204 0.000158 2
1118 324 1161 363 0.000157 2
1008 359 1040 392 0.000157 2
1251 277 1279 297 0.000156 2
503 323 516 338 0.000155 2
1197 356 1263 426 0.000155 2
708 305 770 345 0.000155 2
1162 323 1225 382 0.000154 2
922 198 971 214 0.000154 2
345 199 388 230 0.000154 2
543 267 689 397 0.000154 2
1048 271 1108 332 0.000154 2
1215 252 1280 294 0.000153 2
902 439 938 456 0.000153 2
1180 162 1226 201 0.000153 2
974 276 1037 297 0.000152 2
715 501 806 573 0.000151 2
0 280 8 299 0.000151 2
1076 312 1142 381 0.000151 2
640 577 781 704 0.000151 2
241 409 331 439 0.000151 2
511 167 559 199 0.000151 2
634 687 671 703 0.000150 2
1192 268 1233 288 0.000150 2
764 254 855 342 0.000150 2
727 467 813 647 0.000149 2
588 166 603 185 0.000148 2
727 509 802 578 0.000147 2
0 356 30 633 0.000147 2
455 269 542 346 0.000146 2
1261 279 1279 296 0.000145 2
356 207 380 232 0.000145 2
636 506 710 551 0.000144 2
423 390 784 505 0.000144 2
1192 353 1264 402 0.000143 2
1253 277 1279 295 0.000143 2
760 275 960 343 0.000143 2
623 319 696 387 0.000142 2
451 246 601 384 0.000142 2
618 397 811 605 0.000141 2
44 414 285 439 0.000141 2
872 177 954 221 0.000141 2
813 504 832 520 0.000140 2
240 328 350 441 0.000140 2
305 186 332 224 0.000139 2
623 321 669 378 0.000138 2
592 358 632 395 0.000137 2
207 423 286 439 0.000137 2
1006 533 1015 542 0.000137 2
436 420 512 441 0.000137 2
494 308 534 369 0.000136 2
685 548 788 621 0.000135 2
531 267 692 397 0.000135 2
958 287 1011 314 0.000135 2
496 303 532 343 0.000135 2
687 545 783 625 0.000134 2
1201 242 1279 304 0.000134 2
979 277 1055 312 0.000133 2
868 176 940 195 0.000133 2
1163 308 1204 343 0.000133 2
648 690 687 703 0.000132 2
526 598 586 654 0.000132 2
1244 303 1279 366 0.000132 2
954 281 1014 311 0.000131 2
1006 331 1024 350 0.000131 2
692 583 771 636 0.000131 2
623 412 822 675 0.000131 2
306 408 351 436 0.000130 2
804 454 832 470 0.000130 2
456 306 507 343 0.000130 2
1125 258 1220 282 0.000130 2
468 658 512 703 0.000129 2
1174 273 1280 297 0.000129 2
1050 271 1106 332 0.000129 2
709 316 770 361 0.000129 2
591 346 678 398 0.000129 2
419 411 512 439 0.000128 2
624 319 687 370 0.000128 2
112 415 193 440 0.000128 2
1087 272 1170 346 0.000128 2
918 296 1024 396 0.000128 2
409 411 488 439 0.000127 2
597 361 624 387 0.000127 2
1011 319 1078 388 0.000127 2
0 547 37 601 0.000127 2
615 391 822 674 0.000126 2
956 288 1009 318 0.000126 2
1156 330 1251 387 0.000126 2
209 423 284 439 0.000125 2
300 199 384 294 0.000125 2
717 279 770 336 0.000125 2
978 273 1066 328 0.000124 2
1103 496 1120 510 0.000124 2
0 298 27 603 0.000124 2
934 272 1119 334 0.000124 2
218 402 351 439 0.000124 2
1051 273 1117 336 0.000123 2
1208 275 1280 312 0.000123 2
1214 340 1268 362 0.000123 2
299 200 332 232 0.000123 2
1020 274 1089 336 0.000123 2
355 200 384 227 0.000122 2
693 543 788 617 0.000122 2
1036 273 1111 307 0.000121 2
957 277 1038 309 0.000121 2
245 409 313 439 0.000121 2
1240 318 1279 435 0.000121 2
595 361 624 386 0.000120 2
486 306 534 367 0.000120 2
975 328 1020 347 0.000120 2
622 505 656 548 0.000120 2
622 504 706 550 0.000120 2
21 277 640 699 0.000119 2
791 491 816 522 0.000119 2
623 505 657 549 0.000118 2
904 342 996 407 0.000118 2
412 412 496 439 0.000117 2
1244 435 1279 494 0.000117 2
1165 272 1277 319 0.000117 2
400 409 477 439 0.000117 2
951 279 1036 311 0.000117 2
634 375 658 397 0.000117 2
718 470 812 667 0.000116 2
1201 271 1279 294 0.000116 2
942 447 956 457 0.000116 2
1184 536 1192 544 0.000116 2
1196 275 1280 315 0.000116 2
687 538 759 581 0.000116 2
287 408 352 442 0.000116 2
698 584 771 644 0.000115 2
8 121 610 348 0.000115 2
717 510 790 615 0.000115 2
1235 347 1279 421 0.000115 2
766 686 816 703 0.000115 2
1229 302 1279 355 0.000115 2
298 199 332 233 0.000114 2
959 334 977 346 0.000114 2
0 556 28 646 0.000113 2
524 594 582 646 0.000113 2
524 159 580 186 0.000113 2
959 511 969 518 0.000112 2
0 310 18 362 0.000112 2
1262 278 1279 294 0.000112 2
1022 318 1087 392 0.000112 2
767 686 816 703 0.000112 2
0 310 25 608 0.000111 2
1021 319 1080 390 0.000111 2
635 372 659 396 0.000110 2
759 273 950 346 0.000110 2
731 501 803 572 0.000110 2
622 322 660 365 0.000110 2
238 282 638 476 0.000110 2
1228 342 1269 376 0.000109 2
743 273 767 303 0.000109 2
4 213 563 301 0.000109 2
594 270 697 395 0.000109 2
414 411 503 439 0.000108 2
831 455 841 468 0.000108 2
495 274 535 359 0.000108 2
662 271 764 319 0.000108 2
1154 164 1202 184 0.000108 2
110 416 190 440 0.000108 2
667 300 762 350 0.000108 2
994 273 1067 339 0.000107 2
313 409 351 439 0.000107 2
404 417 461 440 0.000107 2
209 418 342 439 0.000107 2
1202 368 1264 428 0.000107 2
239 411 295 439 0.000106 2
852 695 883 703 0.000106 2
1049 271 1109 336 0.000106 2
686 537 772 606 0.000106 2
7 246 63 281 0.000106 2
0 551 48 587 0.000106 2
867 214 889 243 0.000105 2
1056 311 1074 333 0.000105 2
622 503 708 549 0.000105 2
271 184 315 200 0.000104 2
622 313 678 372 0.000104 2
826 282 849 299 0.000104 2
6 193 557 305 0.000104 2
148 414 191 434 0.000104 2
1257 457 1279 499 0.000104 2
0 538 49 611 0.000104 2
950 285 1011 311 0.000104 2
325 210 369 276 0.000104 2
961 203 979 219 0.000103 2
327 213 369 234 0.000103 2
293 408 351 438 0.000103 2
1137 269 1217 282 0.000103 2
1023 319 1080 392 0.000103 2
929 181 955 205 0.000102 2
0 280 8 295 0.000102 2
690 490 815 671 0.000102 2
720 261 777 333 0.000101 2
1168 272 1280 295 0.000101 2
444 167 519 216 0.006903 5
444 168 523 217 0.005571 5
444 168 517 218 0.005380 5
445 161 581 213 0.005260 5
443 159 580 215 0.005221 5
444 168 516 216 0.004862 5
1181 170 1279 269 0.004600 5
444 158 580 214 0.003957 5
443 164 585 216 0.002712 5
442 158 581 217 0.002350 5
444 169 542 217 0.001763 5
445 150 584 214 0.000642 5
447 155 514 170 0.000573 5
727 213 1274 353 0.000566 5
467 169 514 214 0.000554 5
478 171 513 205 0.000522 5
827 135 938 167 0.000483 5
446 153 520 170 0.000464 5
1221 162 1279 215 0.000422 5
1226 180 1279 218 0.000349 5
463 168 516 209 0.000346 5
820 135 938 168 0.000334 5
1192 281 1280 331 0.000268 5
1200 282 1280 328 0.000251 5
1190 281 1280 317 0.000228 5
1171 280 1280 318 0.000202 5
1225 172 1278 229 0.000194 5
1165 276 1280 315 0.000143 5
911 271 1086 334 0.000131 5
449 147 527 172 0.000121 5
1168 278 1280 339 0.000111 5
1211 284 1280 326 0.000110 5
1204 283 1280 316 0.000106 5
1175 279 1280 318 0.000104 5
881 272 1063 319 0.000103 5
320 284 811 700 0.250823 6
659 263 1279 407 0.026430 6
666 260 1279 367 0.020066 6
680 263 1279 356 0.015528 6
1049 268 1279 403 0.015127 6
1050 269 1279 416 0.012521 6
686 261 1278 407 0.012464 6
987 268 1279 383 0.012413 6
992 269 1279 417 0.010320 6
320 285 806 511 0.009741 6
688 266 1279 418 0.009343 6
661 262 1279 486 0.008379 6
698 261 1278 370 0.007716 6
901 266 1279 360 0.007131 6
893 268 1279 417 0.006214 6
688 265 1279 487 0.006052 6
1179 163 1279 269 0.005406 6
680 257 1278 489 0.004889 6
799 267 1279 478 0.003939 6
1045 269 1279 439 0.003370 6
1136 275 1279 423 0.003279 6
710 211 1279 350 0.003255 6
745 268 1278 496 0.003191 6
1137 275 1279 349 0.003003 6
1153 276 1279 349 0.002793 6
672 267 1278 494 0.002730 6
703 213 1278 355 0.002599 6
983 268 1279 458 0.002462 6
1046 254 1279 355 0.002090 6
1125 161 1279 268 0.001961 6
835 219 1279 348 0.001829 6
960 219 1279 351 0.001652 6
1026 469 1266 494 0.001523 6
1163 277 1279 354 0.001475 6
906 269 1279 494 0.001449 6
692 263 1276 499 0.001378 6
665 245 1279 499 0.001354 6
729 279 1278 500 0.001245 6
727 439 1276 503 0.001218 6
765 469 1277 507 0.001178 6
753 463 1276 506 0.001165 6
794 271 1279 501 0.001162 6
1040 269 1279 492 0.001135 6
1022 468 1261 496 0.001081 6
320 285 801 536 0.001058 6
755 439 1277 505 0.000933 6
1106 160 1279 263 0.000879 6
668 263 1276 398 0.000877 6
835 194 1279 342 0.000868 6
711 292 1278 497 0.000813 6
770 443 1275 498 0.000716 6
749 444 1274 497 0.000690 6
1167 280 1279 361 0.000685 6
995 468 1206 499 0.000624 6
937 167 1280 349 0.000619 6
828 135 938 169 0.000616 6
671 253 1274 364 0.000604 6
771 442 1272 499 0.000600 6
653 435 1262 500 0.000559 6
1106 165 1279 264 0.000509 6
1050 211 1279 374 0.000505 6
830 135 939 172 0.000496 6
830 470 1277 510 0.000489 6
1052 484 1148 507 0.000474 6
839 201 1278 313 0.000445 6
1156 302 1278 421 0.000441 6
658 266 1240 394 0.000387 6
695 131 949 239 0.000373 6
1185 283 1280 349 0.000349 6
648 366 1264 505 0.000347 6
652 244 1277 504 0.000336 6
721 345 1276 500 0.000336 6
694 204 1270 351 0.000319 6
908 273 1128 338 0.000316 6
641 248 1183 500 0.000312 6
644 266 1205 400 0.000300 6
640 263 1085 386 0.000300 6
648 276 1258 514 0.000294 6
660 253 1254 363 0.000293 6
1033 160 1280 332 0.000292 6
1171 270 1279 299 0.000286 6
720 368 1277 501 0.000280 6
1172 284 1280 346 0.000277 6
644 257 1222 516 0.000276 6
645 357 1243 512 0.000272 6
641 249 1174 522 0.000271 6
680 172 1260 344 0.000269 6
656 259 1277 515 0.000267 6
320 286 759 504 0.000264 6
646 407 1255 513 0.000260 6
644 279 1153 380 0.000251 6
767 444 1264 511 0.000240 6
640 248 1155 503 0.000240 6
645 262 1224 371 0.000238 6
643 253 1208 475 0.000238 6
443 172 489 217 0.000229 6
815 135 938 182 0.000226 6
675 366 1276 503 0.000225 6
1169 273 1278 303 0.000222 6
320 284 722 528 0.000216 6
839 424 1278 507 0.000215 6
828 134 939 161 0.000210 6
869 273 1158 346 0.000207 6
320 282 663 694 0.000198 6
444 177 485 218 0.000198 6
649 261 1251 478 0.000192 6
1053 158 1267 245 0.000179 6
640 248 1151 541 0.000177 6
827 133 939 165 0.000171 6
1123 414 1278 486 0.000170 6
1230 440 1279 499 0.000168 6
1049 164 1269 258 0.000161 6
733 444 1265 517 0.000159 6
1166 343 1274 422 0.000158 6
433 113 587 218 0.000157 6
1085 409 1279 502 0.000157 6
1106 408 1279 492 0.000156 6
1151 64 1280 274 0.000154 6
640 237 1204 392 0.000152 6
317 64 631 217 0.000148 6
640 257 1113 377 0.000144 6
909 297 1090 396 0.000144 6
448 146 531 184 0.000135 6
1214 287 1279 348 0.000131 6
642 349 1182 521 0.000127 6
320 286 644 699 0.000126 6
455 228 948 485 0.000126 6
542 227 958 479 0.000122 6
1251 360 1279 508 0.000121 6
1146 421 1278 486 0.000117 6
547 235 957 481 0.000116 6
1122 408 1279 478 0.000115 6
1074 430 1271 497 0.000114 6
1005 439 1262 498 0.000111 6
433 92 596 220 0.000110 6
1200 361 1279 494 0.000110 6
1201 369 1279 509 0.000108 6
1199 417 1279 488 0.000108 6
640 250 1034 489 0.000106 6
656 440 1235 533 0.000105 6
539 141 869 240 0.000105 6
297 71 617 238 0.000103 6
643 392 1183 530 0.000100 6
802 176 954 243 0.307959 7
866 176 954 242 0.247132 7
866 176 951 241 0.112355 7
864 176 958 244 0.087278 7
866 176 943 233 0.084165 7
860 176 950 243 0.055239 7
803 174 944 242 0.034256 7
865 176 945 230 0.029315 7
1115 173 1197 246 0.024776 7
865 176 943 243 0.023460 7
714 153 855 207 0.023246 7
716 152 859 211 0.022713 7
866 176 940 234 0.021974 7
716 152 860 242 0.021701 7
1115 184 1188 246 0.021528 7
803 157 858 240 0.021369 7
543 170 580 207 0.020026 7
542 169 580 212 0.017989 7
1182 179 1279 269 0.017496 7
1115 183 1192 247 0.017400 7
803 160 858 240 0.016767 7
716 152 860 227 0.016109 7
539 168 579 207 0.013458 7
542 170 579 213 0.012902 7
802 134 945 242 0.012709 7
803 176 935 242 0.011527 7
1107 175 1191 247 0.009348 7
1049 271 1280 350 0.008870 7
1182 202 1279 269 0.008751 7
1135 273 1280 402 0.008657 7
701 150 953 238 0.008071 7
587 184 622 214 0.007867 7
1050 272 1280 347 0.007475 7
803 169 857 240 0.007339 7
715 152 854 233 0.007323 7
543 169 579 204 0.007289 7
702 149 913 226 0.007250 7
1136 275 1279 413 0.007103 7
1115 183 1188 247 0.007036 7
701 148 950 242 0.006851 7
540 169 579 216 0.006564 7
1183 218 1279 269 0.006376 7
1135 275 1279 394 0.006122 7
728 152 859 240 0.006111 7
1181 173 1279 270 0.006020 7
713 153 841 210 0.005979 7
1104 164 1196 246 0.005745 7
866 176 942 225 0.005584 7
803 175 857 222 0.005464 7
1112 182 1189 247 0.005336 7
542 168 579 203 0.005090 7
1117 164 1198 245 0.005031 7
803 184 852 241 0.004768 7
1213 178 1279 269 0.004616 7
587 184 636 214 0.004552 7
1116 163 1219 243 0.004355 7
866 177 937 241 0.004307 7
866 176 939 231 0.004157 7
587 183 621 205 0.004123 7
1135 274 1279 350 0.003794 7
694 167 955 243 0.003742 7
1182 223 1279 270 0.003740 7
544 169 579 204 0.003686 7
867 177 952 236 0.003550 7
1116 188 1190 247 0.003340 7
865 177 969 244 0.003307 7
1115 196 1187 247 0.003241 7
661 271 769 348 0.003111 7
1137 276 1279 418 0.002991 7
866 176 943 208 0.002990 7
536 168 578 203 0.002969 7
804 184 858 241 0.002963 7
543 170 579 204 0.002946 7
864 176 989 247 0.002890 7
802 172 858 229 0.002809 7
803 183 854 225 0.002802 7
802 185 857 241 0.002704 7
803 144 943 241 0.002702 7
866 176 947 227 0.002685 7
1049 271 1267 345 0.002651 7
1221 176 1279 270 0.002651 7
1097 163 1197 244 0.002642 7
866 176 913 240 0.002635 7
1147 277 1279 380 0.002633 7
1131 273 1279 350 0.002556 7
865 178 945 237 0.002514 7
446 158 580 206 0.002353 7
803 162 858 220 0.002316 7
1182 216 1279 268 0.002259 7
866 176 932 235 0.002233 7
1201 190 1279 270 0.002140 7
587 183 655 216 0.001999 7
1190 175 1279 269 0.001996 7
660 271 769 345 0.001913 7
1183 219 1229 267 0.001814 7
1225 180 1279 236 0.001812 7
804 161 858 219 0.001782 7
1183 214 1227 266 0.001775 7
1143 274 1279 348 0.001738 7
1048 272 1199 347 0.001736 7
661 272 769 358 0.001716 7
452 153 579 208 0.001690 7
526 160 580 206 0.001673 7
1166 275 1279 347 0.001645 7
802 182 857 242 0.001610 7
542 168 574 204 0.001601 7
796 175 1048 249 0.001576 7
1160 281 1279 419 0.001535 7
1167 280 1279 379 0.001427 7
1255 196 1279 263 0.001420 7
1047 263 1280 343 0.001383 7
701 135 953 247 0.001370 7
714 144 880 213 0.001370 7
714 146 861 211 0.001366 7
706 302 769 343 0.001288 7
713 151 807 206 0.001282 7
477 169 519 216 0.001261 7
679 153 828 209 0.001254 7
541 164 581 205 0.001215 7
519 169 575 203 0.001132 7
509 173 576 208 0.001129 7
583 184 621 211 0.001101 7
1178 222 1279 290 0.001100 7
1119 184 1189 222 0.001086 7
847 173 925 238 0.001072 7
866 176 941 202 0.001046 7
1119 183 1187 222 0.001044 7
711 150 954 246 0.000972 7
977 270 1165 343 0.000950 7
1117 163 1203 236 0.000943 7
1048 260 1275 340 0.000941 7
800 176 958 246 0.000934 7
449 160 576 232 0.000919 7
715 151 812 206 0.000917 7
1173 167 1279 250 0.000898 7
847 176 914 241 0.000876 7
666 282 769 351 0.000874 7
1212 166 1279 261 0.000856 7
746 155 955 244 0.000812 7
744 135 950 243 0.000800 7
698 290 769 343 0.000794 7
1164 302 1280 348 0.000790 7
476 169 518 211 0.000775 7
694 147 875 237 0.000773 7
1032 271 1173 343 0.000760 7
1054 272 1251 363 0.000757 7
661 270 768 353 0.000743 7
457 152 534 210 0.000740 7
701 134 955 242 0.000740 7
449 154 523 209 0.000740 7
972 271 1156 346 0.000732 7
1120 183 1189 218 0.000724 7
519 168 577 203 0.000721 7
587 184 660 219 0.000716 7
980 270 1153 340 0.000711 7
1109 163 1195 221 0.000707 7
587 185 656 218 0.000704 7
660 271 768 361 0.000700 7
445 164 579 218 0.000688 7
795 175 1056 252 0.000688 7
445 176 576 216 0.000682 7
1166 308 1273 350 0.000652 7
443 143 580 206 0.000637 7
1120 183 1187 219 0.000624 7
1165 301 1280 349 0.000613 7
586 153 650 212 0.000592 7
716 152 807 207 0.000580 7
1116 162 1233 237 0.000572 7
704 300 767 369 0.000547 7
892 181 957 233 0.000539 7
977 272 1127 337 0.000525 7
714 139 861 209 0.000523 7
994 271 1165 347 0.000523 7
1050 263 1280 338 0.000520 7
804 162 858 215 0.000520 7
1161 301 1257 346 0.000498 7
1186 286 1279 418 0.000489 7
1166 308 1279 350 0.000489 7
1174 287 1279 423 0.000476 7
1174 308 1251 348 0.000469 7
910 276 1094 392 0.000467 7
946 272 1163 340 0.000458 7
908 277 1107 397 0.000456 7
1219 165 1279 249 0.000453 7
466 152 519 170 0.000447 7
707 301 769 346 0.000445 7
865 180 904 241 0.000444 7
1163 302 1280 346 0.000436 7
454 145 580 208 0.000435 7
584 184 621 214 0.000435 7
535 163 660 211 0.000419 7
1167 307 1234 347 0.000408 7
707 143 858 207 0.000407 7
1244 183 1279 242 0.000405 7
1045 256 1203 335 0.000396 7
1224 180 1279 209 0.000396 7
866 176 931 231 0.000384 7
1189 287 1279 424 0.000383 7
1226 179 1274 234 0.000381 7
710 157 799 224 0.000380 7
1035 272 1164 345 0.000378 7
830 133 957 242 0.000355 7
588 155 662 216 0.000340 7
802 133 938 241 0.000337 7
656 142 1191 370 0.000335 7
302 199 456 299 0.000323 7
1131 274 1222 343 0.000321 7
717 155 816 246 0.000317 7
476 168 523 216 0.000305 7
1171 250 1279 300 0.000291 7
1226 288 1279 370 0.000290 7
1174 160 1280 227 0.000290 7
478 171 511 203 0.000284 7
803 168 856 221 0.000283 7
446 168 526 227 0.000280 7
1228 179 1279 233 0.000272 7
1061 275 1160 348 0.000269 7
796 133 959 251 0.000267 7
1030 272 1157 380 0.000265 7
1200 194 1279 305 0.000264 7
964 275 1162 337 0.000263 7
1162 289 1276 343 0.000257 7
1108 263 1278 341 0.000254 7
303 198 446 293 0.000253 7
1002 182 1047 217 0.000248 7
1184 301 1280 351 0.000246 7
672 151 1229 354 0.000244 7
863 176 997 243 0.000244 7
537 175 644 216 0.000242 7
701 302 767 379 0.000241 7
998 272 1147 389 0.000241 7
1141 184 1185 217 0.000238 7
1051 273 1157 351 0.000238 7
1220 161 1279 233 0.000237 7
832 148 944 241 0.000236 7
799 156 958 244 0.000234 7
1133 183 1186 219 0.000228 7
915 297 1029 399 0.000226 7
847 177 869 236 0.000224 7
866 176 939 204 0.000218 7
1126 268 1277 337 0.000211 7
589 151 634 195 0.000208 7
682 140 842 209 0.000208 7
1053 272 1149 336 0.000206 7
1167 305 1225 349 0.000204 7
1181 164 1260 236 0.000204 7
940 274 1110 335 0.000203 7
847 165 904 232 0.000201 7
1099 163 1197 204 0.000198 7
1112 175 1280 358 0.000198 7
1159 298 1248 345 0.000198 7
663 271 762 344 0.000195 7
714 152 813 184 0.000195 7
713 150 801 204 0.000193 7
986 212 1111 298 0.000189 7
1101 183 1187 247 0.000186 7
1214 313 1278 353 0.000184 7
802 133 869 235 0.000184 7
592 269 770 378 0.000178 7
917 286 1024 396 0.000176 7
1164 281 1220 344 0.000175 7
748 173 1119 290 0.000174 7
1169 178 1280 371 0.000166 7
847 168 871 234 0.000161 7
590 152 660 215 0.000160 7
1164 283 1255 345 0.000158 7
712 157 798 230 0.000158 7
716 151 813 195 0.000157 7
931 205 976 255 0.000155 7
771 139 1034 251 0.000155 7
418 136 728 224 0.000151 7
450 245 605 383 0.000147 7
1216 274 1279 368 0.000146 7
704 297 851 386 0.000143 7
641 280 768 384 0.000143 7
1036 210 1150 338 0.000142 7
1130 274 1227 343 0.000142 7
716 152 807 170 0.000138 7
978 272 1140 390 0.000138 7
1193 322 1271 368 0.000136 7
1132 274 1177 345 0.000135 7
1231 323 1271 370 0.000134 7
538 150 654 207 0.000133 7
507 151 582 203 0.000132 7
1121 185 1166 217 0.000132 7
1132 165 1189 223 0.000132 7
1053 271 1140 330 0.000131 7
1047 272 1146 335 0.000131 7
1236 440 1279 500 0.000129 7
1045 277 1155 336 0.000129 7
510 154 582 202 0.000127 7
1166 303 1220 343 0.000122 7
477 168 524 206 0.000121 7
1125 165 1190 220 0.000118 7
681 171 970 256 0.000115 7
306 197 456 296 0.000113 7
1120 185 1177 217 0.000109 7
1132 276 1169 343 0.000109 7
1119 164 1188 219 0.000107 7
726 152 811 206 0.000106 7
1242 313 1280 365 0.000106 7
1160 275 1222 342 0.000104 7
670 158 802 223 0.000102 7
445 245 602 383 0.000101 7
1088 150 1103 178 0.537148 9
1088 150 1103 178 0.474863 9
1041 646 1056 681 0.301085 9
1043 646 1056 681 0.258988 9
1042 646 1056 681 0.252421 9
1039 646 1056 681 0.218162 9
1042 646 1056 681 0.205543 9
990 680 1000 703 0.184276 9
1041 646 1056 681 0.140669 9
1040 646 1056 681 0.123404 9
990 680 1001 703 0.060416 9
990 680 1008 703 0.046836 9
999 647 1018 685 0.046487 9
1088 150 1103 183 0.044302 9
999 647 1017 683 0.043492 9
512 151 524 178 0.041294 9
989 680 1008 703 0.040161 9
512 151 524 175 0.037296 9
999 647 1017 684 0.036420 9
999 647 1018 685 0.033444 9
999 647 1017 682 0.029812 9
464 586 591 703 0.027890 9
999 647 1016 681 0.022033 9
1000 647 1017 680 0.021369 9
373 167 381 184 0.019794 9
1207 168 1215 194 0.019460 9
1207 168 1216 193 0.018856 9
981 680 1000 703 0.017003 9
239 178 246 190 0.016288 9
1037 645 1057 703 0.016232 9
1088 150 1105 178 0.015512 9
449 157 490 171 0.015374 9
982 680 1000 703 0.015213 9
997 647 1017 683 0.014312 9
512 150 524 177 0.014295 9
868 156 881 177 0.014030 9
512 151 525 179 0.013806 9
449 157 490 171 0.013489 9
1089 150 1103 182 0.013260 9
1037 648 1057 703 0.013229 9
1214 167 1223 184 0.012808 9
895 629 905 648 0.012712 9
1231 621 1248 694 0.012632 9
365 167 374 188 0.012452 9
512 151 526 179 0.012313 9
365 167 373 188 0.012041 9
983 663 996 680 0.012004 9
1231 642 1248 695 0.011802 9
868 152 881 176 0.011362 9
1207 167 1217 192 0.011361 9
983 679 1000 703 0.011315 9
1232 626 1248 694 0.010855 9
1039 646 1057 700 0.010744 9
1214 168 1223 185 0.010639 9
983 662 997 680 0.010602 9
1037 670 1057 703 0.010553 9
999 647 1015 675 0.010426 9
989 677 1003 703 0.010273 9
1057 646 1072 704 0.010254 9
448 157 490 171 0.010245 9
449 156 490 170 0.009683 9
1042 646 1067 685 0.009591 9
1037 644 1057 703 0.009435 9
239 178 246 190 0.009262 9
998 647 1015 686 0.009248 9
1231 643 1248 694 0.009175 9
866 151 881 175 0.009124 9
995 647 1018 695 0.009061 9
999 646 1019 685 0.008944 9
1013 136 1024 168 0.008691 9
1045 645 1070 685 0.008670 9
1231 634 1248 695 0.008637 9
1044 646 1070 683 0.008366 9
1058 659 1072 703 0.008287 9
978 687 994 703 0.007868 9
989 679 1015 703 0.007720 9
1231 637 1248 694 0.007429 9
1231 646 1248 695 0.007020 9
1231 631 1248 694 0.006887 9
362 167 369 189 0.006769 9
1041 645 1070 687 0.006706 9
1058 646 1072 701 0.006580 9
1037 673 1057 703 0.006415 9
1054 646 1071 682 0.006384 9
1194 384 1206 401 0.006128 9
967 646 976 673 0.005957 9
983 660 1000 680 0.005900 9
1013 135 1024 169 0.005852 9
1057 672 1073 703 0.005711 9
966 646 976 674 0.005673 9
894 152 907 175 0.005664 9
449 158 475 171 0.005474 9
983 664 999 680 0.005472 9
1231 624 1248 694 0.005468 9
313 150 341 190 0.005414 9
1039 645 1072 703 0.005312 9
865 150 881 176 0.005169 9
878 154 891 171 0.005148 9
680 167 687 184 0.005123 9
1209 167 1224 194 0.005043 9
1056 656 1072 703 0.004884 9
1061 646 1072 688 0.004882 9
863 165 869 184 0.004713 9
1195 384 1206 400 0.004419 9
976 691 986 703 0.004387 9
364 167 374 189 0.004240 9
1039 694 1053 703 0.004116 9
1054 647 1068 689 0.004006 9
975 685 989 703 0.003989 9
864 162 874 183 0.003987 9
1013 136 1024 170 0.003972 9
362 167 369 189 0.003961 9
680 168 688 189 0.003948 9
512 663 561 703 0.003889 9
951 646 968 677 0.003873 9
512 152 524 183 0.003820 9
1199 404 1206 415 0.003783 9
1013 134 1025 169 0.003745 9
313 151 341 193 0.003714 9
224 183 231 194 0.003666 9
1104 168 1120 203 0.003570 9
864 150 881 173 0.003545 9
1063 646 1072 682 0.003519 9
895 154 906 177 0.003496 9
1235 166 1247 181 0.003321 9
1054 671 1072 703 0.003221 9
257 180 262 191 0.003184 9
1032 644 1057 686 0.003099 9
952 645 969 676 0.003081 9
1076 686 1093 703 0.003060 9
1088 150 1103 196 0.003052 9
864 671 873 682 0.003034 9
695 176 705 199 0.003021 9
1191 385 1204 401 0.002979 9
1037 638 1056 681 0.002960 9
1191 384 1206 401 0.002957 9
999 647 1021 684 0.002897 9
953 645 969 676 0.002886 9
695 177 705 199 0.002750 9
894 152 906 175 0.002713 9
951 647 967 676 0.002706 9
983 647 1000 681 0.002673 9
895 630 912 664 0.002655 9
855 636 865 668 0.002651 9
372 166 381 186 0.002553 9
1193 383 1211 415 0.002543 9
1080 694 1093 703 0.002532 9
878 153 892 171 0.002532 9
980 658 998 703 0.002524 9
951 347 960 366 0.002519 9
698 127 705 153 0.002513 9
313 150 342 188 0.002494 9
1232 623 1248 692 0.002490 9
1235 167 1246 181 0.002481 9
1055 669 1067 701 0.002419 9
526 663 561 703 0.002408 9
950 348 960 392 0.002391 9
119 64 159 77 0.002362 9
861 669 873 686 0.002347 9
982 633 999 663 0.002338 9
840 119 865 136 0.002328 9
843 119 865 136 0.002305 9
877 646 894 685 0.002277 9
951 647 964 675 0.002265 9
1103 166 1120 203 0.002218 9
698 137 705 153 0.002206 9
1032 679 1053 703 0.002181 9
879 153 895 173 0.002168 9
1032 645 1056 683 0.002143 9
829 682 841 703 0.002099 9
313 151 341 195 0.002062 9
899 630 913 664 0.002060 9
960 645 974 677 0.002048 9
648 690 672 703 0.002046 9
855 637 864 664 0.002040 9
981 629 1005 678 0.002034 9
841 119 857 135 0.002021 9
831 688 841 703 0.002019 9
896 651 904 664 0.001982 9
895 629 906 653 0.001980 9
878 645 889 680 0.001975 9
853 633 869 688 0.001964 9
989 680 1019 703 0.001961 9
167 64 175 76 0.001948 9
1051 645 1072 703 0.001942 9
895 628 906 647 0.001924 9
448 157 490 176 0.001882 9
841 119 864 135 0.001879 9
983 648 1005 681 0.001870 9
517 663 565 703 0.001860 9
1013 136 1024 170 0.001852 9
801 142 811 156 0.001848 9
877 635 897 686 0.001847 9
991 622 998 630 0.001837 9
896 629 912 650 0.001833 9
895 629 906 664 0.001832 9
847 691 856 703 0.001828 9
928 152 937 169 0.001791 9
362 167 372 190 0.001784 9
816 683 841 703 0.001781 9
1037 639 1056 682 0.001770 9
695 121 706 153 0.001708 9
665 181 671 197 0.001704 9
1001 648 1022 684 0.001693 9
1154 165 1167 184 0.001691 9
1002 648 1022 684 0.001686 9
814 142 824 154 0.001670 9
372 166 381 185 0.001658 9
855 636 865 664 0.001655 9
894 152 909 176 0.001652 9
690 168 698 180 0.001632 9
1032 643 1055 682 0.001610 9
989 679 1011 703 0.001597 9
1231 641 1248 672 0.001592 9
1031 663 1055 704 0.001589 9
1231 618 1248 668 0.001579 9
119 64 159 78 0.001556 9
847 635 858 681 0.001543 9
895 623 905 648 0.001523 9
313 152 343 193 0.001510 9
846 635 858 683 0.001506 9
895 654 905 687 0.001473 9
1105 167 1120 204 0.001465 9
877 646 895 685 0.001460 9
878 645 898 684 0.001452 9
525 663 561 703 0.001450 9
1031 683 1048 703 0.001414 9
847 635 864 687 0.001413 9
596 135 605 144 0.001404 9
1046 155 1056 168 0.001393 9
1150 330 1185 395 0.001373 9
853 635 871 688 0.001350 9
1102 167 1120 206 0.001349 9
983 633 994 655 0.001341 9
1069 655 1095 703 0.001340 9
935 575 944 599 0.001333 9
816 684 840 703 0.001330 9
1246 357 1263 378 0.001321 9
981 624 1002 667 0.001308 9
512 664 567 703 0.001302 9
119 64 162 77 0.001293 9
951 647 961 671 0.001291 9
974 671 995 703 0.001284 9
981 653 1000 685 0.001279 9
852 645 873 692 0.001279 9
111 150 128 164 0.001259 9
372 154 381 184 0.001250 9
313 149 339 190 0.001246 9
1075 685 1097 703 0.001245 9
1187 383 1224 416 0.001238 9
951 645 971 680 0.001236 9
1182 383 1219 414 0.001231 9
879 152 896 173 0.001225 9
852 634 874 690 0.001223 9
863 670 873 688 0.001217 9
119 64 162 78 0.001201 9
1088 145 1104 177 0.001195 9
1152 439 1158 448 0.001192 9
860 657 873 686 0.001192 9
514 663 558 703 0.001187 9
1149 326 1185 391 0.001169 9
841 119 860 135 0.001165 9
1087 146 1103 177 0.001165 9
463 252 479 305 0.001146 9
1000 646 1022 682 0.001139 9
1059 646 1090 703 0.001127 9
1151 102 1169 134 0.001126 9
1232 625 1248 669 0.001117 9
1247 356 1263 392 0.001112 9
1135 165 1146 185 0.001096 9
118 64 181 79 0.001095 9
1072 689 1091 703 0.001086 9
119 64 178 78 0.001079 9
873 153 893 176 0.001076 9
1008 341 1024 398 0.001071 9
1119 319 1136 388 0.001068 9
1009 135 1024 170 0.001058 9
1011 359 1024 399 0.001046 9
119 64 150 73 0.001043 9
1185 380 1224 416 0.001038 9
997 685 1015 703 0.001036 9
680 167 690 211 0.001022 9
834 683 850 703 0.001015 9
1071 686 1091 703 0.001010 9
895 654 905 681 0.001001 9
874 624 894 682 0.000998 9
85 278 96 298 0.000995 9
449 154 491 171 0.000980 9
1149 327 1169 361 0.000977 9
847 635 857 675 0.000976 9
1007 135 1024 171 0.000970 9
512 145 524 177 0.000960 9
648 690 672 703 0.000959 9
980 622 1000 671 0.000957 9
895 668 905 688 0.000951 9
961 645 973 676 0.000949 9
935 580 944 599 0.000947 9
846 686 857 703 0.000936 9
586 118 599 134 0.000932 9
1034 645 1058 690 0.000930 9
1247 354 1264 379 0.000917 9
894 152 909 178 0.000915 9
898 630 913 667 0.000909 9
832 139 856 160 0.000903 9
847 634 857 672 0.000900 9
883 646 897 681 0.000893 9
992 143 1001 168 0.000888 9
1119 316 1137 386 0.000886 9
1119 599 1127 606 0.000880 9
846 634 859 687 0.000879 9
1031 657 1047 690 0.000874 9
1205 158 1229 192 0.000871 9
927 147 938 169 0.000870 9
498 653 564 703 0.000854 9
975 627 999 666 0.000849 9
1006 135 1025 171 0.000842 9
1152 165 1169 184 0.000838 9
172 64 201 90 0.000838 9
1180 381 1218 417 0.000838 9
1147 319 1170 361 0.000837 9
991 615 998 631 0.000834 9
877 648 893 685 0.000831 9
992 134 1001 170 0.000820 9
173 64 201 90 0.000812 9
864 623 899 688 0.000810 9
1088 149 1111 177 0.000803 9
995 132 1008 176 0.000802 9
596 133 603 144 0.000800 9
686 118 707 155 0.000796 9
1212 369 1223 386 0.000794 9
1080 696 1096 703 0.000792 9
929 345 948 372 0.000788 9
1134 165 1146 185 0.000785 9
111 150 128 165 0.000778 9
1255 631 1264 648 0.000778 9
449 154 490 171 0.000778 9
1181 348 1210 405 0.000778 9
1148 337 1184 398 0.000776 9
856 283 863 295 0.000772 9
996 133 1009 179 0.000757 9
119 64 184 80 0.000756 9
1007 340 1024 393 0.000745 9
1119 332 1136 388 0.000742 9
983 631 993 646 0.000741 9
1149 165 1167 185 0.000739 9
1202 406 1216 415 0.000732 9
241 165 247 179 0.000729 9
1137 325 1186 401 0.000729 9
1077 150 1103 186 0.000728 9
1108 154 1118 168 0.000725 9
850 630 875 689 0.000721 9
931 344 955 373 0.000719 9
962 683 980 703 0.000718 9
833 684 849 703 0.000716 9
832 135 860 166 0.000712 9
1119 330 1136 387 0.000712 9
840 150 859 166 0.000710 9
685 118 707 164 0.000707 9
164 64 176 79 0.000702 9
990 343 1009 387 0.000698 9
1186 160 1202 187 0.000698 9
1059 645 1085 704 0.000692 9
1088 150 1110 178 0.000690 9
905 127 912 137 0.000688 9
1138 316 1185 393 0.000675 9
118 64 183 79 0.000674 9
831 134 861 165 0.000673 9
463 253 480 305 0.000671 9
257 144 266 160 0.000668 9
586 118 599 144 0.000662 9
167 64 183 75 0.000662 9
684 168 695 197 0.000661 9
815 685 837 703 0.000658 9
1151 104 1167 134 0.000650 9
999 614 1021 679 0.000648 9
996 130 1008 173 0.000642 9
568 161 580 178 0.000642 9
1231 618 1244 665 0.000641 9
1254 631 1264 648 0.000640 9
693 175 700 197 0.000637 9
993 133 1003 171 0.000637 9
965 648 976 682 0.000636 9
977 641 1059 702 0.000632 9
119 64 176 77 0.000623 9
448 157 490 175 0.000621 9
1041 154 1054 169 0.000619 9
571 161 581 179 0.000615 9
831 135 861 165 0.000611 9
831 640 849 682 0.000610 9
983 615 1000 652 0.000610 9
1071 655 1099 703 0.000608 9
1183 354 1212 411 0.000608 9
825 679 841 703 0.000608 9
928 345 954 380 0.000607 9
1004 614 1019 654 0.000604 9
448 158 485 175 0.000601 9
837 149 858 164 0.000597 9
1045 152 1056 168 0.000593 9
1247 351 1263 393 0.000585 9
687 118 707 152 0.000582 9
950 648 965 680 0.000581 9
544 167 574 202 0.000578 9
1005 643 1056 686 0.000576 9
1179 380 1222 413 0.000576 9
1119 312 1137 387 0.000574 9
1137 333 1185 408 0.000570 9
983 616 997 648 0.000568 9
995 133 1008 173 0.000564 9
983 561 996 576 0.000559 9
801 136 825 160 0.000554 9
804 133 831 156 0.000554 9
1215 644 1224 664 0.000544 9
996 132 1008 173 0.000544 9
1032 372 1039 389 0.000544 9
1068 645 1093 704 0.000540 9
904 673 912 682 0.000538 9
447 154 490 171 0.000534 9
1145 164 1161 185 0.000533 9
1038 601 1047 625 0.000533 9
1145 165 1188 184 0.000531 9
1013 337 1024 359 0.000530 9
999 617 1009 648 0.000529 9
1150 341 1186 393 0.000524 9
169 64 201 90 0.000522 9
897 630 920 666 0.000520 9
1095 129 1106 174 0.000519 9
975 623 998 667 0.000518 9
1198 405 1211 423 0.000517 9
352 160 362 191 0.000515 9
933 344 955 381 0.000508 9
1081 174 1089 184 0.000507 9
1065 645 1082 699 0.000506 9
1150 100 1168 134 0.000504 9
823 679 836 700 0.000502 9
904 623 912 632 0.000500 9
1206 157 1230 187 0.000495 9
1182 384 1204 404 0.000494 9
1088 151 1117 182 0.000491 9
1068 647 1080 671 0.000487 9
1226 166 1247 181 0.000485 9
803 131 825 156 0.000480 9
868 629 892 689 0.000478 9
881 153 899 176 0.000476 9
1021 683 1043 703 0.000475 9
1183 370 1225 416 0.000475 9
586 118 599 137 0.000473 9
841 150 858 167 0.000473 9
1198 381 1225 412 0.000472 9
256 177 262 192 0.000466 9
998 646 1032 703 0.000466 9
1078 149 1103 184 0.000465 9
875 632 899 688 0.000465 9
959 685 970 700 0.000464 9
571 161 580 178 0.000464 9
512 145 525 179 0.000463 9
1197 388 1224 416 0.000461 9
969 176 976 187 0.000460 9
1223 165 1232 181 0.000459 9
974 649 993 675 0.000456 9
257 142 268 160 0.000450 9
1005 614 1018 650 0.000448 9
161 64 177 91 0.000440 9
869 624 891 685 0.000439 9
119 64 160 79 0.000436 9
682 118 709 174 0.000435 9
158 205 169 225 0.000434 9
898 630 920 668 0.000429 9
1247 73 1264 94 0.000428 9
1215 639 1244 688 0.000427 9
1038 323 1072 392 0.000426 9
1247 353 1263 393 0.000423 9
1247 72 1265 94 0.000422 9
721 512 759 577 0.000420 9
978 622 1013 687 0.000420 9
698 121 714 155 0.000419 9
1149 340 1196 391 0.000416 9
999 615 1009 646 0.000416 9
1171 149 1184 163 0.000415 9
692 165 708 185 0.000414 9
895 629 922 657 0.000414 9
974 664 986 691 0.000413 9
580 64 596 89 0.000411 9
664 153 671 174 0.000410 9
653 583 779 704 0.000410 9
1233 624 1252 666 0.000408 9
1038 617 1064 633 0.000407 9
460 165 475 185 0.000404 9
999 625 1009 655 0.000404 9
1215 644 1228 682 0.000404 9
1099 138 1110 160 0.000403 9
259 143 269 160 0.000403 9
664 171 671 200 0.000402 9
928 342 960 376 0.000402 9
1185 162 1219 196 0.000400 9
802 624 816 654 0.000395 9
1012 643 1051 687 0.000395 9
974 661 990 681 0.000394 9
1001 636 1057 686 0.000392 9
1053 621 1064 632 0.000391 9
1041 619 1064 632 0.000390 9
1002 678 1029 703 0.000390 9
579 64 596 91 0.000390 9
848 303 855 311 0.000389 9
1215 642 1231 683 0.000389 9
834 641 849 682 0.000387 9
1031 632 1054 680 0.000386 9
713 133 720 154 0.000385 9
1215 645 1226 675 0.000384 9
984 559 993 576 0.000384 9
662 154 671 174 0.000383 9
961 687 980 703 0.000379 9
594 131 604 144 0.000379 9
897 672 912 688 0.000378 9
929 342 949 372 0.000376 9
1071 335 1088 405 0.000373 9
804 150 814 161 0.000371 9
118 64 164 77 0.000370 9
963 674 980 703 0.000368 9
993 116 1005 174 0.000367 9
260 142 269 160 0.000366 9
1013 132 1040 169 0.000364 9
1104 169 1120 203 0.000361 9
1037 320 1073 392 0.000360 9
680 144 689 164 0.000359 9
1005 613 1024 661 0.000359 9
849 622 902 691 0.000358 9
1013 645 1039 690 0.000358 9
955 637 969 656 0.000355 9
1184 154 1226 194 0.000354 9
893 145 911 177 0.000354 9
1119 353 1136 389 0.000352 9
693 118 716 156 0.000351 9
891 631 914 688 0.000351 9
831 641 850 684 0.000350 9
1028 360 1040 386 0.000350 9
751 362 759 375 0.000349 9
925 345 950 380 0.000346 9
1071 335 1088 409 0.000346 9
983 613 997 645 0.000345 9
949 646 968 677 0.000343 9
68 169 82 177 0.000340 9
872 690 879 695 0.000339 9
854 633 874 685 0.000339 9
1089 231 1105 271 0.000339 9
1225 162 1248 181 0.000338 9
680 135 690 161 0.000336 9
803 627 816 656 0.000334 9
1201 386 1226 426 0.000331 9
1202 407 1216 423 0.000330 9
448 153 490 171 0.000328 9
587 171 596 185 0.000328 9
1230 624 1275 700 0.000327 9
1144 165 1160 185 0.000327 9
880 652 898 684 0.000326 9
320 91 332 156 0.000326 9
696 121 710 180 0.000325 9
384 149 394 161 0.000325 9
1077 145 1103 181 0.000324 9
1229 621 1270 698 0.000322 9
830 134 861 155 0.000322 9
812 150 827 161 0.000321 9
799 120 831 155 0.000321 9
567 143 581 162 0.000320 9
951 669 974 703 0.000319 9
157 64 202 90 0.000319 9
1215 619 1250 686 0.000318 9
151 64 178 86 0.000315 9
1215 640 1244 684 0.000315 9
246 176 257 191 0.000315 9
794 126 825 157 0.000313 9
1028 359 1039 383 0.000312 9
1069 647 1080 665 0.000312 9
222 176 247 192 0.000310 9
1231 616 1242 665 0.000309 9
246 177 257 192 0.000309 9
1211 614 1256 698 0.000308 9
159 64 178 91 0.000305 9
1005 613 1024 654 0.000304 9
1019 685 1043 703 0.000304 9
352 165 361 190 0.000302 9
1173 368 1186 392 0.000302 9
862 136 924 176 0.000302 9
1209 165 1230 193 0.000297 9
839 165 871 226 0.000297 9
1215 639 1235 689 0.000295 9
1121 164 1146 186 0.000292 9
566 144 580 163 0.000292 9
1006 613 1017 643 0.000289 9
1020 672 1034 699 0.000289 9
94 168 105 176 0.000289 9
1175 381 1206 401 0.000287 9
1229 168 1246 181 0.000286 9
1071 334 1088 402 0.000286 9
445 157 491 182 0.000285 9
341 165 353 199 0.000284 9
1068 642 1091 703 0.000283 9
567 161 580 183 0.000282 9
1052 643 1088 703 0.000280 9
1038 609 1055 631 0.000279 9
338 165 352 197 0.000278 9
158 64 173 75 0.000277 9
820 682 845 703 0.000277 9
1189 357 1210 385 0.000277 9
816 686 834 703 0.000276 9
841 116 870 136 0.000275 9
872 634 879 649 0.000273 9
566 143 581 164 0.000271 9
1017 659 1033 688 0.000270 9
1194 355 1209 384 0.000269 9
1097 128 1105 142 0.000268 9
879 624 905 682 0.000266 9
594 119 605 144 0.000265 9
992 132 1008 175 0.000265 9
697 147 709 182 0.000264 9
1033 590 1040 599 0.000263 9
85 279 97 301 0.000261 9
799 630 815 650 0.000259 9
372 150 382 183 0.000259 9
1164 362 1184 393 0.000258 9
1211 620 1249 698 0.000257 9
702 161 711 179 0.000257 9
672 583 782 704 0.000257 9
1189 381 1260 428 0.000256 9
991 343 1008 370 0.000256 9
886 625 908 686 0.000255 9
332 180 345 199 0.000255 9
569 140 581 163 0.000254 9
265 215 276 232 0.000254 9
870 637 892 689 0.000254 9
680 117 710 185 0.000254 9
802 147 812 160 0.000253 9
810 158 858 181 0.000253 9
158 205 168 232 0.000251 9
1205 157 1231 182 0.000250 9
894 658 907 686 0.000249 9
685 118 707 150 0.000249 9
1215 619 1250 670 0.000247 9
1182 370 1262 428 0.000246 9
1036 319 1077 392 0.000244 9
313 89 342 193 0.000244 9
829 135 918 175 0.000243 9
1014 140 1033 169 0.000242 9
1089 237 1101 270 0.000241 9
1150 165 1188 184 0.000240 9
1184 368 1264 429 0.000239 9
587 167 599 185 0.000238 9
222 177 246 193 0.000236 9
699 132 712 154 0.000235 9
897 630 920 676 0.000233 9
312 91 368 196 0.000232 9
585 118 602 164 0.000232 9
983 562 1000 576 0.000229 9
1039 150 1056 169 0.000226 9
579 64 597 92 0.000223 9
911 141 930 180 0.000223 9
966 637 976 673 0.000222 9
975 613 999 666 0.000221 9
1002 612 1025 679 0.000220 9
968 653 1073 704 0.000219 9
1247 327 1264 359 0.000219 9
1009 359 1041 393 0.000217 9
799 630 814 655 0.000216 9
1244 629 1264 649 0.000215 9
867 273 880 299 0.000215 9
845 118 871 136 0.000214 9
1197 378 1261 428 0.000214 9
857 622 909 688 0.000213 9
1108 152 1118 167 0.000213 9
913 166 928 180 0.000212 9
1087 638 1096 666 0.000211 9
1075 401 1088 410 0.000211 9
1037 592 1048 627 0.000210 9
999 614 1009 639 0.000209 9
1209 152 1225 163 0.000208 9
680 120 692 165 0.000207 9
861 622 896 676 0.000207 9
1197 149 1209 187 0.000207 9
478 150 524 173 0.000206 9
1045 615 1058 629 0.000205 9
1073 639 1102 704 0.000204 9
161 64 202 90 0.000202 9
681 167 701 213 0.000202 9
1216 677 1248 703 0.000202 9
832 126 863 163 0.000200 9
1231 667 1248 703 0.000200 9
978 612 1002 679 0.000200 9
790 115 835 157 0.000200 9
1012 132 1039 169 0.000199 9
330 161 353 197 0.000198 9
155 64 200 91 0.000197 9
949 672 967 699 0.000197 9
663 168 691 216 0.000197 9
1038 623 1060 673 0.000196 9
1119 355 1136 387 0.000196 9
1204 151 1227 184 0.000194 9
316 90 333 166 0.000194 9
1097 128 1112 163 0.000194 9
831 135 911 170 0.000194 9
222 177 243 195 0.000193 9
1247 71 1267 94 0.000193 9
1071 351 1088 409 0.000191 9
839 642 848 676 0.000191 9
917 585 929 601 0.000190 9
575 131 581 146 0.000190 9
699 149 711 178 0.000189 9
1000 134 1023 178 0.000189 9
266 216 277 231 0.000188 9
1140 345 1166 402 0.000187 9
1224 161 1248 181 0.000186 9
1167 97 1191 136 0.000186 9
831 135 859 155 0.000185 9
1231 617 1249 692 0.000184 9
1148 159 1177 185 0.000183 9
975 551 989 577 0.000182 9
975 552 996 578 0.000182 9
85 272 96 298 0.000182 9
1028 328 1061 393 0.000181 9
855 634 864 663 0.000181 9
833 153 875 188 0.000180 9
711 134 720 157 0.000179 9
878 665 902 690 0.000178 9
662 147 671 174 0.000178 9
1039 368 1058 391 0.000177 9
484 149 524 171 0.000176 9
1116 164 1146 185 0.000176 9
846 638 859 698 0.000176 9
990 556 1000 571 0.000175 9
1016 636 1050 686 0.000173 9
696 129 713 180 0.000172 9
950 637 970 666 0.000171 9
978 611 1010 690 0.000171 9
1055 152 1064 168 0.000169 9
1208 368 1224 410 0.000169 9
1054 128 1104 192 0.000169 9
514 156 536 195 0.000169 9
1087 635 1098 666 0.000168 9
680 142 690 184 0.000168 9
1056 152 1063 163 0.000168 9
362 150 382 188 0.000167 9
1105 164 1146 187 0.000166 9
878 663 899 690 0.000165 9
833 679 849 703 0.000164 9
1079 122 1111 181 0.000164 9
1134 331 1175 397 0.000164 9
1086 133 1104 178 0.000164 9
855 136 939 174 0.000163 9
848 181 858 209 0.000163 9
1227 623 1268 678 0.000163 9
1031 600 1048 628 0.000162 9
831 640 849 682 0.000162 9
1215 621 1234 670 0.000160 9
783 114 834 155 0.000160 9
1179 383 1218 418 0.000160 9
950 683 965 700 0.000160 9
1121 156 1193 186 0.000160 9
1119 597 1128 627 0.000159 9
579 64 597 90 0.000159 9
833 137 881 170 0.000159 9
866 272 880 307 0.000158 9
910 143 931 180 0.000157 9
935 573 944 598 0.000157 9
999 127 1007 136 0.000157 9
831 118 839 133 0.000156 9
595 64 625 93 0.000156 9
574 123 581 143 0.000155 9
1213 389 1244 427 0.000155 9
954 681 989 703 0.000152 9
927 106 936 120 0.000151 9
310 102 384 196 0.000151 9
351 160 370 199 0.000151 9
862 136 937 175 0.000151 9
941 646 953 672 0.000151 9
476 150 524 194 0.000150 9
1042 643 1091 703 0.000148 9
1100 164 1146 207 0.000148 9
683 117 711 212 0.000146 9
1051 141 1103 187 0.000146 9
1076 646 1089 678 0.000146 9
510 150 571 195 0.000145 9
1072 142 1102 204 0.000144 9
1169 140 1185 164 0.000143 9
767 102 784 153 0.000142 9
1231 568 1241 617 0.000142 9
927 576 944 617 0.000142 9
847 274 856 312 0.000141 9
1184 637 1192 649 0.000141 9
1011 135 1028 176 0.000139 9
1210 685 1249 703 0.000139 9
861 111 869 119 0.000138 9
1038 370 1058 393 0.000137 9
210 167 217 176 0.000137 9
1085 143 1129 178 0.000136 9
1232 619 1257 664 0.000136 9
1038 374 1058 391 0.000136 9
1037 615 1070 633 0.000135 9
1007 606 1016 616 0.000135 9
1166 95 1203 136 0.000134 9
900 136 938 178 0.000134 9
444 157 495 217 0.000134 9
1221 695 1248 703 0.000133 9
846 633 871 695 0.000133 9
1136 134 1153 159 0.000133 9
1184 151 1207 188 0.000132 9
1087 643 1096 666 0.000132 9
118 64 203 91 0.000132 9
1010 687 1028 703 0.000131 9
1039 621 1071 642 0.000131 9
691 166 711 202 0.000130 9
319 80 335 159 0.000130 9
912 167 924 179 0.000129 9
1231 560 1242 618 0.000129 9
1038 358 1058 391 0.000129 9
1147 162 1202 186 0.000127 9
999 330 1009 344 0.000127 9
118 64 198 92 0.000126 9
1028 606 1068 665 0.000125 9
831 118 859 136 0.000125 9
1229 693 1248 703 0.000124 9
1077 640 1089 669 0.000124 9
1025 148 1039 163 0.000124 9
1124 162 1138 182 0.000124 9
348 147 381 191 0.000123 9
68 170 82 184 0.000122 9
858 272 880 301 0.000122 9
1144 351 1180 407 0.000122 9
767 101 784 152 0.000121 9
941 646 953 670 0.000120 9
594 64 624 93 0.000119 9
836 148 880 177 0.000119 9
1072 398 1088 409 0.000119 9
1066 685 1091 703 0.000119 9
992 132 1009 186 0.000119 9
855 271 881 313 0.000118 9
801 631 816 656 0.000118 9
122 64 202 91 0.000118 9
351 158 365 192 0.000118 9
1030 583 1041 598 0.000117 9
322 90 339 155 0.000117 9
928 145 945 170 0.000116 9
1102 127 1111 139 0.000114 9
932 646 987 704 0.000114 9
1072 158 1095 203 0.000113 9
784 113 834 147 0.000113 9
1044 632 1071 683 0.000112 9
708 585 770 667 0.000112 9
1042 600 1067 631 0.000112 9
1247 326 1264 369 0.000112 9
782 114 833 155 0.000112 9
1005 610 1026 650 0.000112 9
121 64 187 91 0.000111 9
1146 126 1179 167 0.000110 9
823 668 832 684 0.000110 9
1230 629 1278 702 0.000110 9
680 118 693 160 0.000110 9
921 136 937 156 0.000110 9
873 136 938 180 0.000110 9
1123 634 1136 649 0.000110 9
871 627 881 652 0.000109 9
1164 95 1202 137 0.000109 9
857 634 874 667 0.000109 9
1015 132 1040 166 0.000109 9
865 658 879 687 0.000108 9
265 215 278 232 0.000108 9
995 611 1025 689 0.000108 9
594 137 616 179 0.000108 9
847 631 858 670 0.000107 9
864 656 887 695 0.000107 9
1062 637 1072 677 0.000106 9
1216 619 1244 664 0.000106 9
1008 607 1071 687 0.000106 9
1030 624 1054 677 0.000105 9
1031 600 1054 630 0.000104 9
666 162 690 202 0.000103 9
1036 361 1058 391 0.000103 9
1087 148 1125 189 0.000103 9
1079 633 1104 703 0.000103 9
596 133 625 170 0.000103 9
975 613 996 667 0.000102 9
1157 377 1180 395 0.000102 9
825 152 845 164 0.000102 9
1227 626 1266 678 0.000102 9
819 347 848 392 0.000102 9
809 162 859 187 0.000102 9
1079 599 1088 618 0.000102 9
854 136 939 161 0.000102 9
911 603 918 616 0.000101 9
1050 118 1065 143 0.000101 9
911 136 937 151 0.000100 9
681 136 711 192 0.000100 9
1093 642 1104 661 0.000100 9
313 151 341 193 0.015371 11
1051 110 1084 146 0.013170 11
313 151 341 190 0.012061 11
313 151 342 189 0.010223 11
1053 110 1083 146 0.006393 11
1052 111 1084 146 0.005073 11
1050 110 1083 146 0.004522 11
1052 109 1084 147 0.002586 11
313 152 341 189 0.002373 11
314 152 341 195 0.001837 11
1055 114 1066 136 0.001759 11
1181 171 1202 216 0.000791 11
313 153 341 196 0.000604 11
313 148 345 191 0.000536 11
312 149 341 189 0.000321 11
1055 112 1080 144 0.000282 11
1051 110 1084 146 0.000154 11
