970 200 1026 312 0.845029 0
722 191 747 274 0.793390 0
933 189 963 258 0.578524 0
935 185 963 258 0.563380 0
935 185 964 258 0.508234 0
1119 195 1140 237 0.467034 0
567 190 591 241 0.428991 0
1120 195 1140 240 0.426445 0
1119 194 1140 239 0.390119 0
935 197 961 258 0.373752 0
568 191 593 242 0.354085 0
570 190 592 241 0.341933 0
1120 194 1140 243 0.336816 0
931 185 963 258 0.285347 0
932 185 965 260 0.266646 0
563 191 592 245 0.202714 0
571 191 592 238 0.199378 0
1119 194 1143 242 0.196655 0
565 190 590 242 0.191863 0
571 192 591 236 0.180588 0
957 365 982 425 0.180160 0
957 362 982 425 0.177125 0
565 191 590 243 0.166018 0
1087 192 1113 255 0.148791 0
566 190 595 241 0.143809 0
957 367 981 424 0.140193 0
1087 191 1114 258 0.138135 0
935 200 962 258 0.134258 0
938 196 964 259 0.133275 0
1119 194 1140 242 0.124177 0
1087 191 1113 256 0.122094 0
564 191 592 243 0.117229 0
1120 194 1143 248 0.112457 0
931 198 960 257 0.102011 0
1119 194 1142 238 0.092517 0
1097 194 1115 255 0.085351 0
571 192 593 235 0.082698 0
958 359 984 435 0.073036 0
247 207 258 240 0.069631 0
1097 194 1116 256 0.068815 0
571 191 590 235 0.066963 0
572 195 595 220 0.064335 0
245 204 258 240 0.062714 0
471 205 480 251 0.060456 0
1098 197 1116 251 0.059898 0
1085 192 1114 258 0.059101 0
1099 196 1116 256 0.055142 0
633 202 643 215 0.053215 0
247 207 258 240 0.051878 0
633 201 643 215 0.051874 0
933 199 958 256 0.049075 0
957 362 988 425 0.048916 0
246 207 258 240 0.048734 0
470 205 480 251 0.047836 0
565 192 588 240 0.047554 0
1119 194 1143 243 0.043739 0
213 186 224 228 0.043079 0
939 182 962 258 0.042025 0
1091 192 1117 258 0.041294 0
1120 194 1139 232 0.040470 0
997 380 1023 425 0.039767 0
957 369 981 424 0.039469 0
468 204 481 252 0.038538 0
1087 191 1112 254 0.037690 0
566 196 590 243 0.036007 0
243 203 258 239 0.035679 0
244 204 258 240 0.035304 0
466 203 480 253 0.034519 0
213 186 225 228 0.034424 0
957 358 983 457 0.032209 0
212 186 225 229 0.031944 0
993 379 1022 428 0.031890 0
1119 312 1133 344 0.031810 0
784 198 794 215 0.030462 0
957 359 982 459 0.029398 0
933 200 953 255 0.029340 0
901 538 912 575 0.028755 0
997 381 1022 427 0.028182 0
1119 312 1132 343 0.027735 0
466 203 481 261 0.027614 0
1144 328 1153 343 0.027482 0
957 363 984 424 0.027468 0
1147 309 1168 345 0.027446 0
1148 309 1168 345 0.026636 0
998 381 1023 425 0.026327 0
957 364 987 426 0.025898 0
901 537 912 576 0.025493 0
242 201 258 240 0.024500 0
957 360 989 427 0.024434 0
1190 383 1207 416 0.023905 0
1119 312 1130 331 0.022888 0
998 380 1023 425 0.022864 0
225 183 231 199 0.022843 0
789 329 809 344 0.021871 0
789 330 809 344 0.021649 0
1096 191 1119 257 0.021457 0
633 201 646 216 0.021273 0
1015 204 1025 222 0.021128 0
1145 310 1168 345 0.021005 0
1100 210 1115 257 0.020508 0
995 381 1023 430 0.020015 0
1119 312 1133 344 0.019623 0
995 380 1023 429 0.018900 0
1152 309 1168 344 0.018724 0
633 201 649 216 0.018087 0
1144 308 1168 346 0.018057 0
1144 310 1168 344 0.018011 0
848 199 857 223 0.017884 0
901 537 912 575 0.017434 0
570 192 593 219 0.017293 0
692 206 703 234 0.016840 0
1088 194 1111 245 0.016755 0
1087 193 1110 250 0.016655 0
789 329 810 344 0.016604 0
1149 309 1168 344 0.016459 0
511 195 518 211 0.016175 0
1191 383 1207 416 0.015522 0
1214 193 1228 233 0.015070 0
1149 319 1168 347 0.014955 0
991 378 1022 436 0.014853 0
901 538 912 575 0.014781 0
510 191 531 247 0.014632 0
991 379 1023 431 0.014479 0
693 207 703 232 0.014284 0
512 192 524 208 0.014260 0
895 259 921 301 0.014210 0
215 187 224 220 0.014108 0
465 203 480 252 0.014094 0
958 364 983 423 0.013961 0
863 436 874 454 0.013811 0
634 185 644 215 0.013710 0
784 197 794 216 0.013543 0
983 447 993 464 0.013205 0
847 199 856 241 0.013033 0
1098 196 1113 245 0.012806 0
1112 194 1119 203 0.012641 0
1120 312 1135 344 0.012553 0
1083 207 1114 260 0.012339 0
1039 206 1050 229 0.012291 0
956 357 988 458 0.012255 0
846 198 858 242 0.012224 0
1101 311 1119 353 0.012211 0
1213 193 1227 231 0.012100 0
692 207 703 237 0.011985 0
1120 194 1139 231 0.011721 0
243 194 259 239 0.011721 0
861 430 873 453 0.011695 0
1190 383 1206 412 0.011617 0
993 380 1024 438 0.011346 0
1001 381 1024 425 0.011317 0
864 440 873 455 0.011183 0
1090 193 1119 257 0.011082 0
895 260 920 306 0.010856 0
926 447 935 456 0.010735 0
861 425 887 455 0.010590 0
574 429 593 458 0.010550 0
783 197 794 234 0.010501 0
692 207 702 232 0.010499 0
1211 193 1227 233 0.010477 0
510 194 518 216 0.010441 0
999 383 1021 401 0.010432 0
213 186 225 230 0.010429 0
999 383 1021 400 0.010223 0
216 184 224 201 0.010173 0
1039 206 1051 229 0.010078 0
1120 318 1135 344 0.010049 0
1010 208 1025 224 0.010009 0
514 192 524 207 0.009992 0
848 199 856 232 0.009842 0
848 198 865 241 0.009717 0
895 264 910 298 0.009708 0
983 446 993 462 0.009611 0
888 471 897 486 0.009506 0
639 688 672 703 0.009347 0
703 316 720 377 0.009196 0
319 204 331 230 0.009148 0
1181 344 1193 376 0.009076 0
1100 312 1119 359 0.009068 0
1191 384 1206 405 0.008993 0
1100 311 1118 353 0.008961 0
1119 312 1134 342 0.008891 0
895 263 911 302 0.008890 0
1119 312 1135 345 0.008868 0
783 197 794 234 0.008836 0
506 189 535 248 0.008767 0
991 379 1024 436 0.008596 0
926 206 954 252 0.008512 0
957 368 980 422 0.008490 0
783 196 795 236 0.008476 0
1101 211 1121 252 0.008427 0
895 264 909 298 0.008378 0
575 430 592 458 0.008366 0
987 356 1024 431 0.008314 0
989 369 1021 428 0.008224 0
1012 424 1026 440 0.008140 0
1144 319 1163 344 0.008118 0
458 204 465 215 0.008103 0
895 263 913 307 0.008077 0
639 686 672 703 0.008022 0
999 383 1017 399 0.008002 0
916 473 928 483 0.007985 0
847 197 865 242 0.007963 0
1217 193 1224 203 0.007949 0
463 202 480 272 0.007860 0
1123 195 1141 230 0.007850 0
469 201 485 252 0.007790 0
895 260 917 306 0.007726 0
1118 393 1128 412 0.007703 0
634 183 643 200 0.007676 0
899 538 913 576 0.007648 0
689 207 703 238 0.007599 0
1000 381 1024 401 0.007460 0
862 430 884 456 0.007453 0
1217 190 1226 204 0.007444 0
510 191 533 248 0.007366 0
1144 322 1169 345 0.007228 0
1182 343 1193 376 0.007217 0
1121 395 1129 411 0.007213 0
789 325 811 344 0.007124 0
751 463 761 472 0.007122 0
511 191 530 246 0.007119 0
242 195 258 238 0.007094 0
888 471 897 487 0.007080 0
853 462 866 477 0.007058 0
954 351 985 426 0.007032 0
789 329 816 344 0.007015 0
511 190 532 247 0.006974 0
213 184 230 230 0.006940 0
29 64 338 211 0.006928 0
622 187 629 200 0.006883 0
691 208 703 238 0.006811 0
464 202 481 271 0.006799 0
1102 312 1116 350 0.006747 0
691 206 705 237 0.006746 0
861 428 881 455 0.006661 0
240 204 257 240 0.006633 0
1119 395 1128 412 0.006572 0
1152 326 1169 357 0.006506 0
957 374 978 459 0.006494 0
633 184 645 215 0.006354 0
956 372 980 460 0.006336 0
1100 312 1118 352 0.006323 0
574 429 592 457 0.006166 0
1012 425 1026 440 0.006150 0
7 64 328 212 0.006149 0
914 474 928 486 0.006138 0
517 191 527 209 0.006108 0
510 190 535 247 0.006077 0
750 451 762 471 0.006015 0
1247 342 1264 377 0.006012 0
1143 312 1168 351 0.006004 0
510 192 528 245 0.005946 0
789 330 809 345 0.005910 0
703 315 719 378 0.005908 0
703 325 718 377 0.005890 0
649 408 656 424 0.005872 0
941 185 960 221 0.005781 0
703 305 724 377 0.005778 0
470 203 485 251 0.005757 0
993 447 1000 460 0.005744 0
1104 312 1112 327 0.005707 0
456 195 468 217 0.005693 0
798 438 818 472 0.005691 0
1216 192 1226 222 0.005655 0
927 381 945 434 0.005646 0
787 328 812 390 0.005639 0
307 185 323 198 0.005608 0
959 440 970 461 0.005541 0
847 192 865 239 0.005526 0
664 317 680 349 0.005515 0
942 356 984 456 0.005510 0
990 364 1020 428 0.005439 0
947 186 960 221 0.005421 0
622 184 629 200 0.005420 0
664 316 680 350 0.005405 0
1101 312 1120 355 0.005327 0
1247 421 1253 429 0.005262 0
617 455 624 463 0.005245 0
783 197 799 234 0.005222 0
982 446 992 463 0.005214 0
1191 210 1204 228 0.005186 0
1046 483 1053 490 0.005106 0
587 170 595 183 0.005095 0
703 317 718 377 0.005082 0
831 464 841 476 0.005031 0
955 357 990 460 0.004986 0
606 158 617 182 0.004972 0
822 329 846 345 0.004908 0
1247 322 1264 409 0.004904 0
788 328 811 388 0.004900 0
1247 343 1264 376 0.004857 0
847 201 866 242 0.004848 0
724 324 740 359 0.004847 0
838 465 849 476 0.004841 0
649 409 656 424 0.004836 0
1072 423 1080 437 0.004828 0
568 190 582 220 0.004822 0
1208 190 1226 230 0.004821 0
1101 312 1125 348 0.004820 0
75 64 336 210 0.004813 0
1102 214 1122 254 0.004804 0
1182 343 1195 392 0.004803 0
1101 312 1121 360 0.004796 0
664 313 681 349 0.004791 0
1247 335 1264 400 0.004790 0
895 257 927 300 0.004779 0
639 689 669 703 0.004738 0
1178 344 1184 359 0.004714 0
911 452 928 485 0.004703 0
1108 194 1121 213 0.004702 0
717 192 727 215 0.004698 0
957 364 985 424 0.004688 0
1087 193 1101 238 0.004673 0
1071 464 1080 501 0.004660 0
1216 193 1229 232 0.004646 0
957 370 979 424 0.004642 0
862 431 882 480 0.004617 0
798 439 818 472 0.004613 0
751 457 768 472 0.004610 0
559 196 589 244 0.004574 0
927 382 946 424 0.004560 0
241 194 259 239 0.004558 0
1247 343 1263 375 0.004541 0
786 327 815 392 0.004507 0
912 473 928 485 0.004505 0
1015 389 1022 401 0.004486 0
1208 192 1227 231 0.004485 0
871 426 889 456 0.004479 0
753 455 768 471 0.004469 0
720 324 742 360 0.004454 0
927 384 945 424 0.004444 0
1009 430 1015 440 0.004437 0
670 207 679 230 0.004397 0
677 450 688 463 0.004394 0
606 159 616 183 0.004391 0
821 323 847 343 0.004384 0
643 199 653 216 0.004378 0
865 421 884 455 0.004377 0
902 257 924 297 0.004366 0
1187 381 1224 423 0.004363 0
1073 438 1087 456 0.004358 0
848 216 867 242 0.004350 0
1088 189 1109 219 0.004333 0
2 64 288 213 0.004321 0
783 193 794 215 0.004312 0
1071 464 1081 500 0.004301 0
39 64 341 209 0.004289 0
894 262 909 295 0.004285 0
1067 190 1115 261 0.004258 0
1206 168 1227 230 0.004239 0
890 201 905 243 0.004229 0
1217 193 1229 233 0.004208 0
926 440 936 456 0.004177 0
964 359 981 391 0.004171 0
849 466 867 478 0.004168 0
804 327 816 344 0.004166 0
471 197 483 231 0.004163 0
847 463 857 475 0.004134 0
864 438 879 456 0.004132 0
926 201 951 253 0.004126 0
895 416 906 439 0.004116 0
925 450 936 463 0.004114 0
892 202 903 234 0.004110 0
908 261 925 297 0.004093 0
464 204 472 237 0.004069 0
992 451 999 464 0.004052 0
1187 215 1204 240 0.004037 0
346 187 353 199 0.004030 0
892 200 904 233 0.004013 0
949 274 959 301 0.004002 0
1189 380 1219 419 0.004000 0
881 201 905 244 0.003981 0
671 207 680 231 0.003976 0
1031 487 1040 503 0.003975 0
1056 487 1066 497 0.003932 0
664 316 680 350 0.003922 0
214 183 231 229 0.003921 0
1055 663 1065 687 0.003908 0
570 197 601 236 0.003906 0
959 359 984 428 0.003901 0
639 690 651 703 0.003896 0
959 442 969 462 0.003883 0
822 326 847 343 0.003863 0
878 435 899 487 0.003853 0
503 313 512 335 0.003843 0
1193 211 1207 227 0.003843 0
1247 325 1264 408 0.003837 0
896 472 912 486 0.003833 0
949 275 959 299 0.003831 0
837 467 849 479 0.003812 0
575 425 584 433 0.003810 0
1181 344 1193 369 0.003806 0
1031 482 1041 502 0.003802 0
961 440 976 461 0.003791 0
458 202 465 215 0.003722 0
663 294 682 350 0.003720 0
1062 192 1119 263 0.003704 0
711 204 722 229 0.003690 0
999 384 1018 400 0.003685 0
1072 438 1088 456 0.003675 0
860 423 875 450 0.003672 0
982 366 993 392 0.003671 0
680 450 688 462 0.003670 0
703 323 721 379 0.003667 0
719 323 741 377 0.003665 0
720 324 744 364 0.003656 0
921 447 931 457 0.003655 0
1055 663 1064 689 0.003649 0
786 326 817 391 0.003616 0
789 328 816 391 0.003615 0
316 64 496 215 0.003612 0
1127 446 1136 471 0.003606 0
1038 206 1051 230 0.003602 0
1248 343 1264 368 0.003569 0
878 434 889 456 0.003569 0
725 324 741 348 0.003501 0
895 536 912 576 0.003495 0
878 462 897 487 0.003494 0
639 674 672 703 0.003489 0
665 309 688 376 0.003486 0
723 324 744 359 0.003468 0
80 64 344 207 0.003455 0
772 430 784 453 0.003437 0
751 459 764 473 0.003421 0
476 194 486 213 0.003402 0
703 320 721 379 0.003397 0
617 156 625 184 0.003392 0
1072 437 1088 456 0.003377 0
911 265 926 297 0.003357 0
690 207 702 237 0.003345 0
960 362 980 397 0.003306 0
878 430 898 486 0.003289 0
767 431 773 442 0.003282 0
944 182 958 210 0.003280 0
812 325 827 344 0.003241 0
664 307 688 375 0.003229 0
1071 424 1080 440 0.003215 0
1055 663 1065 689 0.003214 0
719 322 742 375 0.003191 0
894 415 914 458 0.003178 0
634 183 645 201 0.003178 0
914 454 927 464 0.003161 0
938 357 984 458 0.003157 0
896 536 912 576 0.003154 0
1071 468 1081 501 0.003149 0
664 316 681 349 0.003147 0
896 416 914 440 0.003114 0
929 387 945 443 0.003100 0
786 327 818 391 0.003099 0
1032 455 1040 464 0.003098 0
982 447 993 487 0.003094 0
703 317 721 378 0.003091 0
895 415 914 457 0.003088 0
703 423 722 465 0.003065 0
640 205 653 216 0.003057 0
969 205 985 255 0.003052 0
664 314 680 354 0.003046 0
1040 455 1048 464 0.003031 0
927 382 945 436 0.003023 0
682 202 692 217 0.003016 0
57 64 348 210 0.003016 0
915 454 928 480 0.002995 0
1038 200 1054 230 0.002974 0
1008 425 1023 439 0.002944 0
787 318 809 344 0.002942 0
1055 663 1065 692 0.002941 0
999 373 1024 401 0.002933 0
979 356 997 393 0.002930 0
863 432 881 478 0.002928 0
1119 396 1128 416 0.002926 0
1178 378 1207 415 0.002926 0
1071 486 1081 500 0.002920 0
1 64 236 214 0.002920 0
970 203 984 249 0.002916 0
911 475 928 487 0.002913 0
735 324 744 338 0.002912 0
831 468 841 479 0.002906 0
1187 368 1224 417 0.002904 0
1183 353 1214 419 0.002886 0
1071 487 1081 502 0.002885 0
1136 446 1143 456 0.002872 0
760 431 766 442 0.002869 0
477 192 487 214 0.002865 0
959 440 971 458 0.002865 0
908 256 923 297 0.002858 0
960 439 976 461 0.002852 0
1111 392 1126 409 0.002851 0
607 157 620 183 0.002847 0
784 327 816 391 0.002823 0
984 356 1024 431 0.002819 0
1042 391 1064 428 0.002817 0
878 439 889 456 0.002814 0
671 207 679 230 0.002812 0
1001 366 1024 402 0.002798 0
703 314 721 378 0.002796 0
895 417 904 440 0.002787 0
933 356 985 458 0.002787 0
1247 340 1263 408 0.002786 0
1040 276 1058 334 0.002784 0
927 380 946 424 0.002781 0
786 328 815 392 0.002764 0
1045 411 1061 425 0.002757 0
879 433 898 486 0.002756 0
210 184 224 229 0.002733 0
1180 382 1207 413 0.002716 0
606 166 615 184 0.002711 0
822 329 847 344 0.002703 0
784 197 797 216 0.002692 0
947 354 961 394 0.002687 0
980 372 991 392 0.002686 0
617 156 625 171 0.002682 0
703 419 722 466 0.002667 0
1145 326 1171 357 0.002662 0
1029 480 1040 502 0.002648 0
1183 218 1203 254 0.002647 0
899 415 913 438 0.002642 0
1127 447 1135 467 0.002642 0
847 225 856 242 0.002642 0
0 64 224 212 0.002639 0
990 400 1002 433 0.002629 0
0 64 66 218 0.002623 0
661 301 688 373 0.002621 0
895 245 924 302 0.002620 0
948 275 956 300 0.002620 0
895 538 911 576 0.002619 0
783 197 798 235 0.002603 0
972 354 1024 431 0.002600 0
1246 339 1264 409 0.002591 0
734 426 784 471 0.002591 0
926 387 944 450 0.002589 0
246 202 261 237 0.002580 0
317 64 496 280 0.002571 0
1071 439 1087 456 0.002566 0
959 438 976 462 0.002558 0
703 426 722 467 0.002556 0
895 262 913 312 0.002555 0
976 368 985 391 0.002549 0
791 330 818 389 0.002515 0
822 461 832 473 0.002513 0
1247 331 1263 367 0.002507 0
1038 205 1054 230 0.002506 0
1205 408 1216 424 0.002501 0
310 64 494 213 0.002496 0
1183 229 1212 265 0.002481 0
925 201 948 253 0.002478 0
1101 311 1130 351 0.002477 0
503 326 512 335 0.002472 0
1102 238 1112 256 0.002468 0
514 192 537 247 0.002466 0
730 323 752 376 0.002463 0
1192 204 1206 225 0.002455 0
1179 210 1204 250 0.002440 0
225 183 233 201 0.002440 0
966 449 976 462 0.002439 0
963 358 986 392 0.002432 0
823 316 848 343 0.002423 0
935 281 944 298 0.002421 0
932 185 961 232 0.002416 0
617 154 625 174 0.002406 0
879 434 891 484 0.002406 0
799 438 817 471 0.002397 0
346 186 353 199 0.002388 0
1071 437 1089 471 0.002369 0
703 318 719 377 0.002352 0
909 335 926 360 0.002350 0
1174 343 1194 379 0.002344 0
991 402 1002 432 0.002339 0
721 323 754 376 0.002331 0
1120 315 1138 360 0.002328 0
1246 338 1264 394 0.002327 0
862 467 873 478 0.002325 0
551 174 603 243 0.002298 0
1178 345 1210 417 0.002287 0
310 64 495 233 0.002281 0
881 316 897 344 0.002280 0
878 201 899 240 0.002278 0
1134 446 1143 469 0.002276 0
910 336 925 360 0.002269 0
609 448 624 461 0.002266 0
879 200 907 244 0.002265 0
812 327 835 344 0.002264 0
1087 189 1098 214 0.002260 0
1184 353 1212 416 0.002258 0
1247 416 1253 428 0.002247 0
664 311 681 357 0.002241 0
980 356 1010 414 0.002237 0
926 377 947 448 0.002211 0
926 377 959 424 0.002205 0
1097 312 1119 352 0.002200 0
669 314 688 376 0.002196 0
103 248 128 264 0.002191 0
1209 335 1216 344 0.002187 0
348 188 357 199 0.002185 0
944 339 977 400 0.002180 0
999 450 1009 464 0.002175 0
1024 456 1033 464 0.002174 0
980 353 999 392 0.002172 0
788 320 809 344 0.002165 0
661 302 689 375 0.002162 0
877 415 923 486 0.002158 0
17 64 321 212 0.002158 0
687 451 697 464 0.002157 0
910 336 925 360 0.002154 0
912 455 925 464 0.002148 0
889 414 915 460 0.002134 0
856 430 872 445 0.002131 0
879 199 904 243 0.002120 0
831 314 848 343 0.002118 0
1177 344 1185 362 0.002116 0
1045 410 1061 424 0.002114 0
910 472 942 484 0.002113 0
911 268 927 297 0.002111 0
671 300 688 367 0.002103 0
981 351 998 390 0.002099 0
1167 368 1184 423 0.002098 0
1219 221 1229 233 0.002097 0
703 423 721 465 0.002096 0
785 196 801 238 0.002091 0
751 324 760 345 0.002090 0
1046 482 1055 489 0.002080 0
1234 196 1256 232 0.002079 0
1127 446 1136 471 0.002078 0
822 317 848 343 0.002077 0
992 445 1002 463 0.002075 0
929 437 944 455 0.002070 0
670 305 688 369 0.002056 0
1044 412 1063 427 0.002050 0
981 355 1003 395 0.002047 0
925 376 947 456 0.002042 0
512 193 538 247 0.002031 0
1039 417 1048 436 0.002029 0
934 356 983 426 0.002029 0
245 205 261 240 0.002029 0
897 472 913 485 0.002022 0
850 427 885 481 0.002017 0
756 325 767 343 0.002012 0
950 353 961 389 0.002010 0
1000 432 1009 440 0.001990 0
736 423 784 461 0.001988 0
908 257 926 297 0.001987 0
968 368 984 391 0.001978 0
935 198 956 241 0.001978 0
1119 312 1136 360 0.001960 0
719 321 737 353 0.001960 0
1206 502 1216 513 0.001957 0
928 349 984 426 0.001953 0
209 186 225 229 0.001953 0
1142 327 1169 355 0.001949 0
266 197 278 232 0.001944 0
1102 312 1134 346 0.001941 0
1053 666 1066 703 0.001941 0
970 201 1023 284 0.001935 0
1170 391 1185 423 0.001932 0
668 300 689 365 0.001929 0
912 448 926 458 0.001929 0
1186 211 1218 245 0.001928 0
879 200 906 245 0.001925 0
649 191 655 211 0.001920 0
1073 388 1088 410 0.001919 0
1225 495 1249 551 0.001917 0
878 420 905 457 0.001916 0
773 424 784 440 0.001908 0
925 443 940 460 0.001903 0
861 463 873 478 0.001900 0
737 439 763 460 0.001890 0
1046 486 1067 500 0.001887 0
876 419 925 486 0.001882 0
1105 487 1114 495 0.001874 0
928 443 944 457 0.001874 0
792 335 818 391 0.001873 0
832 465 850 478 0.001870 0
893 429 904 456 0.001867 0
1223 494 1251 551 0.001867 0
726 191 736 205 0.001865 0
703 424 722 466 0.001865 0
244 205 257 247 0.001862 0
472 198 486 228 0.001844 0
869 423 924 486 0.001843 0
1030 480 1041 502 0.001837 0
1101 191 1116 217 0.001833 0
821 329 847 361 0.001826 0
1098 316 1118 352 0.001825 0
719 323 740 360 0.001821 0
1 64 192 216 0.001820 0
704 439 721 465 0.001802 0
751 324 765 375 0.001795 0
1047 455 1056 465 0.001786 0
0 64 64 224 0.001779 0
1078 393 1088 411 0.001779 0
1224 492 1250 551 0.001774 0
1146 308 1180 351 0.001774 0
787 318 811 344 0.001772 0
1170 343 1195 392 0.001771 0
663 296 682 353 0.001766 0
199 211 208 226 0.001760 0
767 438 774 447 0.001756 0
1216 407 1224 424 0.001752 0
935 428 944 441 0.001742 0
389 64 496 239 0.001735 0
717 322 739 377 0.001735 0
949 182 959 204 0.001730 0
1235 197 1257 232 0.001729 0
370 64 496 225 0.001723 0
1019 382 1039 438 0.001719 0
894 439 903 456 0.001717 0
1134 326 1151 344 0.001711 0
926 376 960 424 0.001711 0
308 64 494 225 0.001710 0
997 441 1011 462 0.001706 0
1072 391 1082 408 0.001702 0
1134 312 1143 328 0.001701 0
1030 448 1039 457 0.001689 0
804 317 821 343 0.001681 0
683 197 693 215 0.001676 0
1180 342 1210 409 0.001672 0
1197 378 1225 422 0.001670 0
782 326 809 344 0.001669 0
1071 395 1080 408 0.001663 0
1043 420 1059 437 0.001662 0
732 322 744 336 0.001659 0
927 376 947 423 0.001655 0
1010 361 1024 399 0.001649 0
775 322 785 343 0.001648 0
1080 405 1088 415 0.001639 0
1245 334 1263 412 0.001636 0
1045 484 1057 495 0.001632 0
1167 375 1189 418 0.001631 0
1133 312 1149 343 0.001628 0
983 446 993 487 0.001628 0
48 64 364 215 0.001626 0
848 466 867 479 0.001624 0
1208 168 1226 202 0.001614 0
848 183 857 220 0.001604 0
687 204 702 234 0.001598 0
895 531 912 576 0.001578 0
1135 310 1163 343 0.001575 0
687 450 696 458 0.001574 0
1189 378 1226 424 0.001574 0
831 414 848 454 0.001570 0
972 204 985 228 0.001562 0
1247 327 1264 375 0.001560 0
990 399 1002 425 0.001559 0
1151 297 1168 340 0.001554 0
731 327 758 376 0.001542 0
950 339 969 381 0.001541 0
1169 380 1180 392 0.001538 0
336 64 495 346 0.001537 0
1104 311 1132 337 0.001536 0
606 153 623 183 0.001535 0
984 357 1000 390 0.001534 0
1173 214 1189 247 0.001530 0
1146 314 1178 350 0.001527 0
961 370 980 397 0.001525 0
1070 436 1088 468 0.001525 0
865 416 922 486 0.001523 0
831 416 848 454 0.001521 0
909 335 924 347 0.001519 0
1013 405 1024 428 0.001518 0
895 259 914 343 0.001517 0
1167 371 1179 423 0.001514 0
703 437 722 469 0.001511 0
1071 441 1082 470 0.001508 0
605 201 615 215 0.001507 0
798 417 809 443 0.001507 0
332 186 342 199 0.001504 0
821 195 857 241 0.001502 0
722 192 746 264 0.001502 0
776 331 784 343 0.001501 0
415 251 420 270 0.001491 0
703 311 723 378 0.001484 0
246 205 261 238 0.001483 0
720 325 737 376 0.001481 0
1223 491 1249 551 0.001480 0
975 691 989 703 0.001472 0
566 190 604 238 0.001471 0
1199 502 1211 512 0.001471 0
98 64 364 205 0.001470 0
910 336 925 361 0.001467 0
895 420 904 446 0.001466 0
806 209 828 238 0.001464 0
1175 371 1209 419 0.001451 0
1175 404 1184 423 0.001446 0
997 366 1023 401 0.001444 0
1055 488 1067 502 0.001440 0
879 316 896 343 0.001435 0
910 335 926 388 0.001427 0
1015 444 1025 456 0.001426 0
564 198 601 252 0.001415 0
1054 663 1065 703 0.001412 0
791 338 813 391 0.001405 0
1070 438 1089 472 0.001397 0
266 207 276 231 0.001389 0
1150 332 1171 360 0.001388 0
909 336 927 407 0.001387 0
200 209 208 225 0.001387 0
782 329 809 344 0.001385 0
1038 414 1047 432 0.001382 0
789 329 811 358 0.001372 0
1172 392 1186 420 0.001372 0
1262 166 1279 263 0.001370 0
1213 392 1224 424 0.001369 0
719 435 732 458 0.001369 0
1007 446 1017 456 0.001369 0
670 304 689 364 0.001367 0
880 439 899 456 0.001366 0
971 204 1020 312 0.001365 0
1009 374 1041 428 0.001364 0
1120 406 1128 425 0.001361 0
367 208 374 231 0.001359 0
897 416 919 441 0.001357 0
551 175 579 218 0.001354 0
1224 482 1251 551 0.001353 0
1152 439 1158 447 0.001351 0
1204 407 1214 417 0.001351 0
811 314 827 343 0.001349 0
755 326 768 344 0.001345 0
748 324 762 375 0.001344 0
1262 166 1279 233 0.001341 0
1056 487 1073 499 0.001341 0
1041 410 1063 440 0.001340 0
878 199 903 238 0.001334 0
1227 493 1250 551 0.001333 0
1111 394 1124 409 0.001332 0
455 203 480 253 0.001332 0
415 250 420 270 0.001325 0
870 325 881 342 0.001325 0
895 540 911 576 0.001324 0
864 207 876 239 0.001322 0
958 422 973 459 0.001319 0
796 416 819 471 0.001318 0
879 437 902 456 0.001315 0
1134 327 1153 344 0.001314 0
910 336 926 388 0.001314 0
673 303 689 363 0.001313 0
662 291 692 370 0.001308 0
1179 385 1204 420 0.001307 0
1022 446 1035 456 0.001300 0
734 438 767 472 0.001296 0
735 446 744 457 0.001280 0
995 407 1017 440 0.001275 0
735 425 775 459 0.001274 0
320 64 499 222 0.001265 0
1005 426 1026 445 0.001261 0
718 326 738 370 0.001259 0
655 317 688 377 0.001256 0
1096 405 1104 420 0.001252 0
208 182 224 230 0.001252 0
981 353 1002 389 0.001249 0
924 360 949 427 0.001247 0
798 422 808 447 0.001244 0
303 64 495 209 0.001244 0
909 335 927 397 0.001243 0
352 64 496 220 0.001241 0
879 316 889 339 0.001240 0
1015 457 1024 465 0.001237 0
1178 343 1198 379 0.001233 0
815 457 832 474 0.001230 0
1022 428 1031 440 0.001230 0
831 422 843 455 0.001228 0
832 466 849 506 0.001218 0
874 200 912 247 0.001218 0
935 452 943 464 0.001217 0
789 371 813 392 0.001213 0
1183 193 1201 217 0.001213 0
1059 211 1087 244 0.001211 0
872 427 928 486 0.001211 0
883 418 897 439 0.001208 0
720 315 743 338 0.001204 0
821 329 847 361 0.001202 0
895 252 920 298 0.001201 0
773 312 789 343 0.001198 0
910 473 941 485 0.001196 0
1023 422 1033 440 0.001194 0
452 172 584 218 0.001184 0
957 271 980 329 0.001183 0
329 64 436 228 0.001178 0
1063 201 1077 241 0.001178 0
1056 487 1073 502 0.001174 0
719 438 728 459 0.001171 0
664 447 671 461 0.001170 0
657 313 673 374 0.001167 0
1080 430 1087 440 0.001166 0
909 336 930 418 0.001161 0
789 329 810 358 0.001159 0
983 441 993 457 0.001158 0
345 64 440 223 0.001153 0
832 418 849 454 0.001153 0
799 439 808 450 0.001152 0
1223 335 1264 429 0.001149 0
1135 279 1168 345 0.001147 0
1071 356 1088 410 0.001146 0
1230 195 1257 232 0.001143 0
776 461 786 473 0.001140 0
1095 494 1105 504 0.001137 0
909 337 936 410 0.001134 0
1167 375 1209 421 0.001130 0
1096 410 1104 423 0.001128 0
838 429 883 480 0.001127 0
1222 475 1268 553 0.001124 0
703 435 721 466 0.001123 0
637 372 657 396 0.001117 0
681 200 690 216 0.001116 0
926 425 936 447 0.001116 0
864 334 883 343 0.001116 0
314 198 334 231 0.001115 0
367 65 495 234 0.001115 0
639 676 673 703 0.001115 0
1247 340 1264 409 0.001114 0
1182 209 1202 233 0.001112 0
1168 410 1177 423 0.001111 0
1162 345 1184 393 0.001110 0
315 64 494 358 0.001109 0
607 451 624 465 0.001107 0
1044 432 1056 465 0.001105 0
981 353 1024 425 0.001103 0
992 439 1001 459 0.001102 0
1042 480 1070 499 0.001102 0
1148 332 1174 361 0.001097 0
720 434 736 457 0.001088 0
1065 423 1072 435 0.001082 0
704 423 720 459 0.001082 0
1168 373 1181 392 0.001081 0
1180 341 1201 390 0.001080 0
807 683 816 703 0.001080 0
900 439 913 458 0.001076 0
1010 375 1042 434 0.001075 0
341 64 441 216 0.001071 0
751 324 768 372 0.001070 0
265 196 278 208 0.001069 0
1171 378 1207 412 0.001065 0
882 410 897 438 0.001062 0
719 316 737 335 0.001061 0
313 64 432 226 0.001058 0
1223 476 1266 564 0.001057 0
655 324 673 375 0.001055 0
730 421 784 467 0.001050 0
656 340 673 375 0.001050 0
1111 392 1128 420 0.001047 0
909 335 929 389 0.001047 0
244 209 262 241 0.001046 0
1071 377 1088 409 0.001045 0
1027 375 1041 408 0.001042 0
848 201 885 241 0.001042 0
333 184 344 199 0.001041 0
801 415 809 423 0.001039 0
645 408 657 438 0.001037 0
975 692 991 703 0.001034 0
942 270 965 333 0.001033 0
884 317 895 335 0.001031 0
863 324 881 343 0.001031 0
1262 167 1279 222 0.001030 0
663 295 672 314 0.001029 0
671 326 688 377 0.001026 0
1120 194 1141 227 0.001026 0
719 327 738 360 0.001026 0
867 459 880 478 0.001024 0
462 201 471 214 0.001023 0
1033 419 1041 439 0.001023 0
1039 445 1049 464 0.001021 0
944 336 983 392 0.001021 0
1074 424 1087 440 0.001020 0
766 320 776 342 0.001020 0
892 201 912 243 0.001017 0
119 64 487 210 0.001017 0
879 427 929 486 0.001016 0
675 304 688 363 0.001015 0
1176 336 1199 374 0.001012 0
437 192 444 203 0.001011 0
847 417 874 441 0.001009 0
717 429 728 451 0.001008 0
1092 454 1104 471 0.001003 0
855 411 887 457 0.000998 0
658 411 671 436 0.000996 0
1054 423 1064 435 0.000994 0
1039 422 1049 439 0.000993 0
632 201 648 221 0.000993 0
610 156 624 185 0.000991 0
823 289 849 343 0.000987 0
863 219 873 235 0.000985 0
1072 376 1088 410 0.000985 0
1046 430 1056 459 0.000983 0
1007 456 1019 465 0.000983 0
930 369 980 424 0.000982 0
731 328 758 375 0.000981 0
1173 380 1182 391 0.000981 0
912 256 921 288 0.000979 0
895 200 912 243 0.000978 0
878 414 931 486 0.000976 0
975 688 990 703 0.000974 0
719 436 736 459 0.000974 0
1177 496 1184 506 0.000974 0
1002 378 1041 439 0.000973 0
854 218 873 243 0.000971 0
428 222 439 230 0.000966 0
765 194 791 236 0.000965 0
319 202 335 231 0.000960 0
844 463 874 479 0.000956 0
774 312 803 343 0.000950 0
1048 391 1065 417 0.000948 0
1151 445 1160 466 0.000945 0
1149 342 1191 393 0.000945 0
1187 384 1217 424 0.000944 0
909 335 931 405 0.000940 0
1176 496 1185 511 0.000939 0
972 200 999 233 0.000937 0
1046 425 1057 439 0.000936 0
1069 201 1088 242 0.000936 0
208 197 224 228 0.000930 0
1055 661 1066 689 0.000928 0
1198 181 1241 250 0.000927 0
877 417 889 440 0.000927 0
1222 485 1257 551 0.000923 0
0 279 30 422 0.000919 0
1261 173 1279 236 0.000916 0
1104 487 1137 507 0.000913 0
703 327 721 394 0.000912 0
544 183 609 256 0.000912 0
789 377 813 392 0.000912 0
946 348 1013 424 0.000910 0
502 313 511 335 0.000908 0
874 411 911 457 0.000908 0
789 365 813 392 0.000907 0
1087 456 1096 470 0.000906 0
788 328 818 379 0.000906 0
1034 413 1043 433 0.000905 0
726 428 737 450 0.000905 0
742 422 784 453 0.000905 0
975 689 991 703 0.000904 0
1128 382 1135 391 0.000901 0
879 409 888 433 0.000900 0
818 339 846 361 0.000900 0
1027 375 1041 400 0.000898 0
862 429 928 486 0.000898 0
880 443 929 486 0.000898 0
1051 390 1065 411 0.000897 0
1147 339 1185 399 0.000895 0
353 65 438 227 0.000893 0
367 208 375 227 0.000887 0
769 327 785 359 0.000887 0
1116 197 1152 248 0.000882 0
311 64 368 196 0.000882 0
726 183 742 204 0.000881 0
959 423 976 460 0.000878 0
1073 192 1096 238 0.000876 0
881 327 897 344 0.000875 0
1169 347 1214 419 0.000874 0
727 327 757 375 0.000872 0
616 424 623 432 0.000871 0
1220 494 1250 551 0.000869 0
0 64 29 211 0.000868 0
1212 370 1224 401 0.000868 0
159 207 167 225 0.000865 0
316 64 368 200 0.000864 0
1134 456 1145 472 0.000863 0
454 205 466 222 0.000862 0
1247 326 1264 377 0.000861 0
942 334 985 408 0.000859 0
329 64 435 218 0.000859 0
814 406 828 424 0.000859 0
978 363 996 415 0.000857 0
1026 376 1041 408 0.000856 0
1208 167 1231 234 0.000855 0
879 471 894 487 0.000854 0
799 340 817 391 0.000853 0
752 325 760 346 0.000853 0
1042 391 1065 423 0.000849 0
1195 495 1219 512 0.000847 0
724 192 747 268 0.000846 0
864 464 881 478 0.000844 0
656 299 689 375 0.000842 0
384 64 497 225 0.000842 0
894 258 924 340 0.000835 0
895 266 915 343 0.000831 0
654 199 661 216 0.000830 0
1063 455 1072 467 0.000829 0
877 280 898 344 0.000829 0
926 382 958 425 0.000828 0
975 350 998 390 0.000828 0
1185 333 1217 407 0.000827 0
687 412 698 437 0.000825 0
1055 371 1065 387 0.000825 0
764 185 791 235 0.000824 0
549 184 570 217 0.000823 0
710 433 736 470 0.000821 0
983 350 1006 384 0.000820 0
734 183 743 202 0.000818 0
822 469 831 477 0.000818 0
0 290 32 424 0.000817 0
1215 495 1232 511 0.000817 0
1202 255 1223 267 0.000814 0
317 64 436 230 0.000812 0
655 342 673 376 0.000811 0
655 323 677 373 0.000810 0
832 465 849 495 0.000809 0
574 424 592 456 0.000805 0
0 282 31 423 0.000805 0
445 163 496 294 0.000800 0
0 262 31 424 0.000800 0
212 180 229 228 0.000799 0
1187 383 1217 424 0.000799 0
1181 331 1223 418 0.000799 0
122 64 479 202 0.000798 0
835 425 884 477 0.000797 0
1087 457 1096 471 0.000797 0
708 460 721 470 0.000797 0
266 211 276 231 0.000795 0
308 64 490 356 0.000795 0
1078 191 1095 209 0.000794 0
743 456 764 472 0.000794 0
1091 448 1105 471 0.000789 0
1068 360 1088 409 0.000787 0
655 336 673 376 0.000786 0
975 689 989 703 0.000785 0
911 438 934 456 0.000782 0
733 414 784 463 0.000780 0
820 327 847 364 0.000780 0
1039 433 1050 461 0.000779 0
730 412 784 464 0.000778 0
795 412 832 467 0.000777 0
653 313 684 362 0.000777 0
1107 363 1122 411 0.000776 0
1085 353 1106 402 0.000775 0
0 253 31 424 0.000774 0
661 409 671 433 0.000773 0
725 187 746 224 0.000770 0
707 192 729 228 0.000769 0
1022 409 1035 438 0.000766 0
823 339 844 361 0.000766 0
657 290 688 373 0.000764 0
1104 487 1137 506 0.000764 0
152 64 263 211 0.000762 0
0 64 28 207 0.000761 0
882 430 916 488 0.000760 0
1121 341 1136 359 0.000759 0
772 311 791 342 0.000759 0
1238 456 1259 472 0.000758 0
716 326 738 378 0.000757 0
801 409 810 423 0.000755 0
725 421 783 471 0.000754 0
922 392 945 459 0.000753 0
1206 253 1226 267 0.000752 0
766 314 776 341 0.000751 0
396 64 495 234 0.000750 0
1044 665 1067 703 0.000749 0
308 64 369 195 0.000748 0
1222 479 1259 552 0.000744 0
1019 377 1036 403 0.000744 0
981 445 992 485 0.000744 0
974 216 1010 256 0.000743 0
803 185 815 216 0.000740 0
168 64 488 225 0.000739 0
909 341 935 425 0.000738 0
1080 352 1091 374 0.000737 0
376 186 386 201 0.000737 0
1138 318 1163 349 0.000735 0
328 67 499 352 0.000735 0
1109 454 1120 471 0.000734 0
1240 458 1262 487 0.000733 0
639 670 674 703 0.000733 0
445 161 492 304 0.000732 0
951 342 967 363 0.000731 0
1114 193 1154 251 0.000730 0
1262 168 1279 216 0.000729 0
978 364 1000 421 0.000729 0
879 334 888 344 0.000729 0
733 328 744 376 0.000729 0
437 192 445 204 0.000728 0
921 347 957 425 0.000726 0
1171 376 1183 391 0.000724 0
1087 410 1097 424 0.000722 0
1223 408 1230 423 0.000721 0
1103 319 1120 362 0.000720 0
1122 439 1143 471 0.000719 0
320 64 634 259 0.000718 0
1041 484 1069 502 0.000717 0
727 324 756 373 0.000717 0
1105 487 1137 500 0.000717 0
951 349 1024 429 0.000715 0
1175 213 1184 226 0.000713 0
1026 466 1041 503 0.000710 0
998 433 1013 456 0.000706 0
1042 388 1065 417 0.000705 0
892 406 914 436 0.000704 0
1021 379 1050 437 0.000703 0
1136 333 1186 407 0.000697 0
986 208 1025 267 0.000696 0
704 307 744 378 0.000695 0
41 313 71 401 0.000692 0
1136 339 1184 408 0.000690 0
461 193 493 305 0.000690 0
815 408 826 424 0.000689 0
897 406 913 427 0.000689 0
958 339 968 354 0.000688 0
608 449 623 463 0.000688 0
832 442 840 456 0.000688 0
1262 165 1279 252 0.000686 0
357 65 495 226 0.000684 0
406 250 414 271 0.000682 0
753 417 761 425 0.000682 0
984 345 1010 388 0.000680 0
1243 458 1256 472 0.000679 0
1183 497 1214 512 0.000679 0
315 64 430 216 0.000679 0
347 180 358 199 0.000677 0
814 329 846 362 0.000676 0
948 185 966 224 0.000674 0
318 64 369 182 0.000673 0
955 370 996 425 0.000669 0
1148 337 1188 388 0.000669 0
118 64 197 93 0.000667 0
806 441 825 464 0.000665 0
895 453 917 485 0.000662 0
687 452 703 471 0.000662 0
1076 339 1093 360 0.000660 0
418 64 496 254 0.000659 0
1072 195 1097 249 0.000659 0
822 335 847 361 0.000659 0
1069 443 1083 501 0.000658 0
255 64 351 195 0.000656 0
1214 362 1263 425 0.000655 0
591 387 608 432 0.000655 0
934 186 979 260 0.000654 0
1141 390 1156 408 0.000653 0
689 220 702 238 0.000653 0
712 433 747 471 0.000653 0
751 458 783 472 0.000652 0
325 64 578 297 0.000652 0
801 183 814 227 0.000652 0
1103 342 1115 360 0.000651 0
663 291 684 352 0.000651 0
365 66 494 267 0.000651 0
913 200 938 248 0.000651 0
175 65 500 230 0.000650 0
996 431 1027 457 0.000648 0
834 429 883 479 0.000647 0
1141 391 1155 408 0.000646 0
1134 440 1145 462 0.000646 0
1087 312 1119 328 0.000643 0
818 406 832 424 0.000643 0
703 460 714 469 0.000643 0
0 297 31 424 0.000642 0
1069 421 1089 466 0.000641 0
801 414 815 424 0.000641 0
1015 323 1025 345 0.000641 0
701 315 718 367 0.000639 0
1184 373 1264 425 0.000637 0
1052 674 1065 703 0.000636 0
1230 484 1257 523 0.000633 0
1055 647 1071 685 0.000633 0
591 402 608 432 0.000633 0
1030 486 1039 505 0.000627 0
797 415 824 442 0.000625 0
817 407 832 425 0.000623 0
1223 409 1231 423 0.000622 0
1104 360 1120 395 0.000622 0
1142 373 1152 392 0.000622 0
927 389 937 412 0.000620 0
1231 333 1263 415 0.000619 0
1003 356 1024 390 0.000619 0
1034 360 1066 418 0.000617 0
704 310 728 364 0.000617 0
934 185 973 260 0.000615 0
764 196 792 236 0.000615 0
1097 399 1104 410 0.000613 0
894 444 916 486 0.000610 0
926 371 946 412 0.000610 0
911 379 928 412 0.000608 0
671 299 704 363 0.000607 0
853 220 870 270 0.000606 0
601 158 618 184 0.000604 0
741 422 782 450 0.000604 0
952 196 966 225 0.000599 0
1151 450 1160 468 0.000598 0
1184 495 1216 512 0.000598 0
1120 320 1136 361 0.000598 0
802 186 858 241 0.000597 0
943 348 961 392 0.000597 0
0 273 34 423 0.000594 0
929 342 986 424 0.000594 0
356 66 439 227 0.000593 0
703 413 781 471 0.000592 0
943 456 953 464 0.000592 0
915 424 928 439 0.000590 0
867 206 883 234 0.000589 0
0 64 77 215 0.000589 0
1182 357 1227 418 0.000588 0
574 408 584 434 0.000586 0
1032 344 1058 392 0.000586 0
1119 488 1141 504 0.000585 0
936 371 972 422 0.000585 0
703 326 722 394 0.000585 0
944 298 961 331 0.000583 0
790 379 812 391 0.000583 0
1063 425 1071 440 0.000582 0
751 323 768 375 0.000582 0
895 322 904 343 0.000582 0
970 215 1019 314 0.000579 0
766 326 777 343 0.000577 0
1058 459 1075 502 0.000576 0
241 195 262 233 0.000575 0
1112 456 1120 472 0.000573 0
1085 348 1117 404 0.000572 0
1070 440 1088 502 0.000570 0
926 355 945 395 0.000570 0
466 199 493 253 0.000570 0
958 267 972 313 0.000568 0
495 190 522 215 0.000568 0
815 440 824 454 0.000567 0
1054 466 1078 501 0.000567 0
911 375 924 408 0.000567 0
789 363 815 392 0.000566 0
591 403 608 430 0.000566 0
313 98 367 198 0.000565 0
1064 464 1072 470 0.000564 0
1215 495 1232 511 0.000564 0
1263 167 1279 228 0.000561 0
0 64 75 210 0.000561 0
1192 371 1261 427 0.000559 0
38 313 70 400 0.000557 0
311 179 339 197 0.000557 0
780 328 798 359 0.000556 0
1045 663 1066 702 0.000556 0
586 387 608 434 0.000556 0
688 309 704 343 0.000555 0
960 282 992 327 0.000555 0
1059 486 1082 502 0.000553 0
656 324 679 360 0.000553 0
733 425 764 458 0.000553 0
1262 137 1279 182 0.000553 0
817 423 832 443 0.000552 0
1157 339 1206 412 0.000551 0
681 303 703 347 0.000550 0
1013 471 1024 494 0.000550 0
799 417 833 453 0.000550 0
1061 391 1073 407 0.000550 0
1216 360 1262 426 0.000549 0
638 660 706 703 0.000549 0
878 406 895 433 0.000547 0
1101 488 1124 504 0.000547 0
911 384 933 424 0.000545 0
386 198 396 206 0.000542 0
958 304 971 328 0.000541 0
1074 333 1095 359 0.000540 0
965 357 1025 433 0.000540 0
909 344 944 467 0.000539 0
664 460 672 471 0.000538 0
1054 425 1064 439 0.000537 0
1036 485 1057 501 0.000537 0
1026 377 1041 410 0.000537 0
1120 333 1136 386 0.000536 0
663 295 672 315 0.000536 0
785 436 801 451 0.000535 0
638 646 700 703 0.000534 0
640 669 673 703 0.000533 0
1071 447 1088 502 0.000533 0
927 343 946 384 0.000533 0
630 424 640 448 0.000532 0
0 64 25 212 0.000530 0
895 274 913 343 0.000529 0
697 328 703 340 0.000529 0
1179 179 1229 225 0.000529 0
194 186 201 205 0.000528 0
35 312 70 404 0.000528 0
847 421 856 438 0.000528 0
612 460 624 470 0.000528 0
784 192 796 232 0.000525 0
1055 368 1065 387 0.000525 0
808 381 814 392 0.000525 0
873 280 898 343 0.000523 0
532 205 545 221 0.000523 0
1197 356 1208 385 0.000523 0
927 356 946 391 0.000522 0
877 287 898 343 0.000522 0
630 424 640 441 0.000521 0
771 310 804 343 0.000520 0
802 184 839 239 0.000518 0
785 425 803 448 0.000516 0
895 326 904 344 0.000516 0
816 426 832 456 0.000516 0
1017 379 1037 405 0.000515 0
859 406 882 442 0.000514 0
813 418 833 440 0.000513 0
1213 495 1232 511 0.000512 0
42 312 70 404 0.000511 0
219 64 469 209 0.000510 0
254 64 338 201 0.000510 0
1261 217 1279 269 0.000510 0
0 374 14 409 0.000510 0
1232 456 1255 471 0.000510 0
1206 257 1218 273 0.000510 0
895 283 910 343 0.000508 0
898 412 920 440 0.000506 0
977 314 993 343 0.000506 0
345 64 609 302 0.000505 0
959 336 968 348 0.000505 0
1013 434 1026 451 0.000505 0
1145 324 1185 358 0.000504 0
1111 394 1129 431 0.000504 0
876 201 908 246 0.000504 0
686 300 704 349 0.000502 0
1061 392 1073 409 0.000501 0
910 358 933 409 0.000501 0
1192 349 1227 415 0.000500 0
255 64 360 199 0.000499 0
0 64 76 219 0.000499 0
194 187 204 211 0.000498 0
683 301 702 350 0.000498 0
159 64 261 201 0.000498 0
108 64 492 203 0.000498 0
320 64 431 182 0.000497 0
428 222 440 240 0.000495 0
1260 213 1279 268 0.000495 0
535 197 572 219 0.000495 0
6 64 334 217 0.000493 0
1064 197 1077 227 0.000493 0
806 680 816 703 0.000491 0
591 406 608 433 0.000491 0
654 200 662 217 0.000489 0
359 66 496 242 0.000488 0
941 274 964 330 0.000485 0
777 463 795 474 0.000483 0
0 64 71 212 0.000483 0
1031 315 1057 378 0.000482 0
643 425 656 439 0.000482 0
1127 370 1135 391 0.000482 0
1191 362 1264 419 0.000482 0
1169 334 1217 400 0.000482 0
1030 483 1067 503 0.000480 0
736 422 780 455 0.000480 0
246 65 344 212 0.000479 0
1149 343 1170 370 0.000478 0
1230 350 1263 415 0.000478 0
753 317 768 344 0.000477 0
1069 196 1083 217 0.000476 0
1165 339 1226 419 0.000476 0
913 426 928 440 0.000475 0
1185 496 1209 508 0.000472 0
536 171 566 216 0.000472 0
1238 413 1251 428 0.000471 0
308 65 433 234 0.000471 0
312 72 367 196 0.000469 0
751 462 761 480 0.000469 0
803 184 828 231 0.000469 0
726 418 737 440 0.000466 0
793 438 830 479 0.000466 0
678 299 689 359 0.000465 0
0 254 28 424 0.000465 0
830 311 848 341 0.000464 0
734 423 774 455 0.000464 0
1233 458 1254 471 0.000464 0
797 452 833 473 0.000463 0
680 167 691 215 0.000463 0
1142 366 1170 408 0.000463 0
665 206 679 231 0.000462 0
1074 334 1104 360 0.000462 0
904 446 944 486 0.000461 0
319 64 369 180 0.000461 0
942 364 960 395 0.000461 0
1031 426 1040 440 0.000461 0
1085 355 1097 374 0.000459 0
0 64 55 268 0.000458 0
1261 115 1279 187 0.000458 0
320 64 632 222 0.000457 0
801 186 813 228 0.000457 0
796 409 837 468 0.000457 0
1008 471 1019 495 0.000456 0
990 408 1008 449 0.000456 0
831 414 848 436 0.000456 0
319 64 368 177 0.000456 0
1087 409 1097 421 0.000453 0
1134 327 1184 367 0.000452 0
1036 398 1054 427 0.000450 0
1143 358 1152 374 0.000450 0
1004 440 1040 465 0.000450 0
1075 333 1091 356 0.000450 0
926 357 944 388 0.000450 0
0 354 31 424 0.000449 0
573 348 606 446 0.000449 0
784 203 805 238 0.000449 0
1146 303 1185 348 0.000449 0
1067 391 1090 423 0.000449 0
912 385 931 414 0.000449 0
660 406 671 431 0.000448 0
665 186 672 216 0.000447 0
927 354 944 385 0.000446 0
319 64 608 215 0.000445 0
158 207 167 228 0.000445 0
254 65 327 194 0.000445 0
1040 321 1057 367 0.000444 0
1082 411 1120 472 0.000443 0
808 284 817 300 0.000443 0
867 315 882 340 0.000441 0
1138 444 1152 464 0.000441 0
1053 233 1092 298 0.000437 0
942 345 961 390 0.000436 0
838 503 848 510 0.000436 0
1160 377 1167 384 0.000434 0
942 344 961 387 0.000433 0
948 456 959 465 0.000432 0
1087 181 1105 204 0.000432 0
857 230 869 270 0.000431 0
1111 361 1119 368 0.000430 0
183 190 191 205 0.000429 0
1021 375 1041 399 0.000429 0
142 64 489 205 0.000428 0
762 183 787 236 0.000428 0
859 268 887 342 0.000427 0
465 191 502 250 0.000426 0
812 287 850 344 0.000426 0
666 206 678 229 0.000426 0
203 203 226 230 0.000425 0
799 416 832 441 0.000425 0
831 467 849 508 0.000425 0
703 418 778 471 0.000424 0
648 408 665 428 0.000424 0
701 309 720 359 0.000424 0
1037 346 1059 391 0.000423 0
340 64 496 210 0.000423 0
766 269 833 344 0.000422 0
354 212 372 274 0.000422 0
927 356 943 383 0.000421 0
948 422 973 461 0.000421 0
419 64 495 236 0.000420 0
912 378 932 409 0.000420 0
1054 376 1065 392 0.000420 0
175 186 183 205 0.000419 0
925 343 945 384 0.000418 0
1079 356 1091 376 0.000417 0
1246 344 1276 427 0.000416 0
1030 482 1049 503 0.000416 0
1083 351 1095 360 0.000415 0
267 188 279 207 0.000414 0
1095 442 1104 467 0.000413 0
653 417 667 437 0.000413 0
1036 341 1056 377 0.000411 0
132 213 147 237 0.000411 0
1138 371 1167 408 0.000410 0
1054 391 1081 427 0.000409 0
654 306 688 377 0.000408 0
908 425 922 441 0.000408 0
775 273 832 344 0.000408 0
425 64 496 237 0.000407 0
1053 456 1064 466 0.000406 0
0 64 67 207 0.000405 0
193 185 202 216 0.000405 0
723 191 749 272 0.000404 0
1040 362 1058 391 0.000404 0
255 64 320 162 0.000403 0
781 462 799 473 0.000403 0
688 314 704 361 0.000402 0
905 335 924 346 0.000402 0
780 268 853 345 0.000401 0
604 630 681 703 0.000401 0
853 444 867 475 0.000400 0
815 471 829 478 0.000400 0
1239 419 1248 432 0.000400 0
0 67 26 217 0.000399 0
639 675 695 703 0.000399 0
407 251 413 271 0.000398 0
1251 217 1266 232 0.000397 0
103 249 128 277 0.000397 0
928 472 943 483 0.000397 0
706 408 784 467 0.000397 0
1088 331 1113 360 0.000397 0
1036 356 1057 391 0.000395 0
580 363 609 438 0.000394 0
731 307 762 367 0.000394 0
913 179 940 201 0.000394 0
856 227 870 269 0.000393 0
1071 334 1094 360 0.000393 0
1232 411 1240 426 0.000392 0
1184 503 1200 512 0.000391 0
0 64 72 220 0.000390 0
1263 179 1279 244 0.000389 0
704 407 782 470 0.000389 0
255 64 325 165 0.000387 0
1152 359 1183 400 0.000387 0
1144 390 1159 407 0.000387 0
975 295 995 333 0.000386 0
1270 223 1279 255 0.000385 0
0 374 31 419 0.000384 0
1072 327 1115 360 0.000384 0
722 442 769 471 0.000384 0
869 407 881 433 0.000383 0
1185 371 1258 425 0.000382 0
676 301 704 362 0.000381 0
764 192 794 236 0.000380 0
1041 481 1056 492 0.000380 0
766 273 833 344 0.000380 0
1188 350 1262 420 0.000379 0
802 408 815 422 0.000378 0
1129 326 1156 358 0.000378 0
861 301 880 340 0.000377 0
783 193 799 221 0.000377 0
269 194 325 363 0.000374 0
1136 387 1157 408 0.000373 0
901 536 921 577 0.000373 0
1064 414 1072 427 0.000373 0
788 310 805 341 0.000371 0
255 64 338 186 0.000371 0
1095 497 1104 511 0.000371 0
287 198 336 363 0.000370 0
1219 344 1265 416 0.000369 0
688 312 704 366 0.000369 0
766 195 810 239 0.000369 0
1070 191 1093 215 0.000367 0
935 378 945 391 0.000365 0
1119 442 1132 471 0.000365 0
847 406 877 439 0.000365 0
306 85 360 198 0.000363 0
951 333 978 378 0.000362 0
1085 356 1104 384 0.000361 0
664 617 672 631 0.000361 0
812 392 832 425 0.000360 0
961 294 994 345 0.000360 0
1054 461 1075 502 0.000359 0
1038 669 1078 703 0.000359 0
1231 216 1279 371 0.000359 0
1224 532 1253 550 0.000358 0
995 218 1010 249 0.000357 0
1228 481 1279 702 0.000356 0
1093 491 1110 506 0.000356 0
1224 482 1269 550 0.000356 0
1008 472 1019 493 0.000355 0
855 227 869 270 0.000355 0
453 202 478 264 0.000354 0
809 305 829 342 0.000354 0
1159 196 1167 211 0.000354 0
804 183 816 208 0.000354 0
765 196 794 237 0.000354 0
326 64 435 170 0.000353 0
703 420 720 457 0.000353 0
1122 342 1136 391 0.000353 0
789 309 813 343 0.000352 0
942 382 957 394 0.000352 0
671 332 689 399 0.000352 0
1202 335 1216 353 0.000351 0
977 324 992 344 0.000351 0
898 270 929 345 0.000351 0
923 182 943 202 0.000350 0
295 66 356 199 0.000349 0
40 315 57 346 0.000348 0
256 64 360 188 0.000348 0
896 264 930 342 0.000347 0
1027 308 1091 381 0.000347 0
149 64 261 194 0.000347 0
175 207 183 216 0.000347 0
480 335 496 356 0.000347 0
1225 534 1249 550 0.000347 0
1205 408 1216 433 0.000346 0
773 184 784 199 0.000346 0
1037 387 1051 412 0.000345 0
1046 350 1056 366 0.000345 0
856 228 871 277 0.000345 0
889 269 904 290 0.000345 0
947 390 974 459 0.000344 0
1039 486 1072 508 0.000344 0
270 230 290 292 0.000344 0
836 493 848 509 0.000343 0
1235 344 1266 377 0.000343 0
971 446 992 463 0.000343 0
795 368 813 423 0.000343 0
691 422 703 440 0.000342 0
1087 417 1104 439 0.000342 0
448 186 488 301 0.000342 0
947 439 972 462 0.000342 0
492 175 591 251 0.000340 0
1086 357 1123 408 0.000340 0
1035 367 1058 414 0.000340 0
687 316 703 343 0.000340 0
687 408 702 437 0.000340 0
669 432 680 440 0.000340 0
1146 335 1190 360 0.000339 0
1147 342 1190 374 0.000339 0
759 434 800 458 0.000339 0
1035 348 1056 380 0.000339 0
865 203 895 242 0.000337 0
783 420 814 449 0.000335 0
1247 419 1255 442 0.000334 0
807 437 836 472 0.000334 0
1255 191 1279 249 0.000333 0
1055 661 1071 692 0.000332 0
630 424 639 455 0.000332 0
802 306 826 342 0.000331 0
465 200 490 270 0.000330 0
1250 201 1269 232 0.000329 0
806 683 816 703 0.000329 0
1157 502 1170 511 0.000329 0
1238 480 1248 487 0.000329 0
590 366 609 433 0.000329 0
591 407 608 431 0.000328 0
959 296 994 328 0.000328 0
1266 193 1279 257 0.000328 0
900 535 921 576 0.000328 0
1055 437 1064 456 0.000326 0
1093 412 1104 436 0.000326 0
1043 690 1067 703 0.000326 0
825 334 848 394 0.000325 0
1054 647 1071 687 0.000324 0
0 64 75 199 0.000324 0
208 179 242 233 0.000323 0
1119 444 1133 471 0.000323 0
784 326 847 391 0.000323 0
999 683 1008 696 0.000323 0
1142 358 1153 382 0.000322 0
472 188 486 215 0.000321 0
1234 388 1259 428 0.000321 0
670 423 690 437 0.000321 0
754 416 768 424 0.000321 0
2 65 81 219 0.000319 0
362 208 376 232 0.000318 0
318 64 446 159 0.000316 0
1085 442 1120 472 0.000316 0
560 442 571 454 0.000316 0
1152 448 1168 471 0.000316 0
38 312 71 397 0.000315 0
847 464 868 487 0.000315 0
1201 187 1215 208 0.000315 0
874 265 912 344 0.000313 0
703 307 735 359 0.000313 0
1087 343 1105 375 0.000312 0
1033 459 1040 471 0.000312 0
992 436 1036 464 0.000312 0
39 320 53 345 0.000312 0
991 343 1008 369 0.000311 0
1087 360 1103 400 0.000310 0
1168 327 1184 339 0.000309 0
847 272 857 311 0.000309 0
784 424 793 437 0.000308 0
1087 450 1120 472 0.000308 0
1103 339 1120 376 0.000307 0
1238 477 1271 505 0.000307 0
983 481 992 487 0.000307 0
801 412 851 468 0.000305 0
850 391 864 412 0.000305 0
898 528 912 577 0.000305 0
960 289 995 331 0.000305 0
432 191 443 204 0.000304 0
853 313 864 336 0.000303 0
720 420 770 458 0.000303 0
943 310 957 329 0.000300 0
1231 480 1279 704 0.000300 0
1028 400 1067 468 0.000300 0
910 386 931 424 0.000299 0
1 64 301 217 0.000299 0
1161 495 1185 510 0.000298 0
1231 475 1262 508 0.000298 0
1151 452 1161 472 0.000297 0
415 248 421 271 0.000297 0
1178 194 1198 221 0.000296 0
195 191 210 224 0.000295 0
1 64 88 209 0.000295 0
1230 481 1271 517 0.000295 0
863 462 882 486 0.000294 0
210 65 326 216 0.000294 0
831 414 848 425 0.000293 0
911 404 929 431 0.000293 0
1011 470 1024 492 0.000293 0
911 376 922 408 0.000293 0
1063 647 1072 679 0.000293 0
1086 354 1107 395 0.000292 0
1072 333 1093 360 0.000292 0
1102 440 1120 471 0.000291 0
1053 661 1072 703 0.000290 0
1059 405 1116 472 0.000290 0
1231 456 1263 498 0.000289 0
360 67 450 227 0.000288 0
927 341 944 379 0.000288 0
937 379 960 406 0.000287 0
901 335 925 360 0.000286 0
1146 330 1199 359 0.000286 0
494 64 585 216 0.000286 0
846 267 858 310 0.000285 0
1055 437 1085 470 0.000285 0
895 517 907 576 0.000285 0
1132 443 1148 469 0.000284 0
1022 344 1082 453 0.000284 0
199 261 208 276 0.000284 0
1009 337 1024 369 0.000283 0
1232 237 1279 347 0.000283 0
1027 353 1043 394 0.000282 0
1090 340 1104 360 0.000282 0
0 308 33 433 0.000282 0
656 426 677 440 0.000281 0
1223 479 1279 558 0.000280 0
287 584 296 599 0.000280 0
63 64 144 206 0.000280 0
457 196 496 296 0.000279 0
762 183 784 201 0.000278 0
1095 439 1103 459 0.000278 0
774 184 788 215 0.000278 0
1237 345 1251 355 0.000277 0
1262 162 1279 230 0.000277 0
310 125 367 254 0.000276 0
219 182 249 233 0.000273 0
165 66 498 238 0.000272 0
0 139 29 262 0.000272 0
1136 392 1150 408 0.000271 0
1152 445 1168 462 0.000271 0
855 266 896 341 0.000271 0
1178 401 1203 424 0.000271 0
1214 353 1226 385 0.000271 0
973 303 994 346 0.000270 0
63 64 125 158 0.000270 0
270 232 288 291 0.000270 0
566 416 577 428 0.000270 0
1234 479 1279 704 0.000269 0
319 243 336 368 0.000269 0
417 64 497 198 0.000268 0
1081 413 1118 463 0.000268 0
951 308 996 393 0.000268 0
673 197 749 275 0.000268 0
1214 199 1254 233 0.000268 0
63 64 138 201 0.000267 0
1157 497 1183 511 0.000267 0
621 660 674 703 0.000267 0
1119 408 1128 433 0.000267 0
193 184 209 219 0.000267 0
767 344 785 360 0.000267 0
782 331 809 389 0.000266 0
163 64 259 168 0.000265 0
1206 493 1243 541 0.000265 0
687 417 702 440 0.000265 0
1073 439 1111 472 0.000265 0
1267 213 1279 254 0.000264 0
831 456 841 473 0.000263 0
1057 237 1073 298 0.000263 0
1054 440 1064 460 0.000261 0
1181 496 1217 512 0.000261 0
1153 348 1211 417 0.000260 0
0 182 6 203 0.000260 0
772 189 794 235 0.000260 0
831 463 848 503 0.000259 0
1047 352 1055 367 0.000259 0
1259 64 1279 272 0.000258 0
1224 483 1279 701 0.000258 0
684 295 700 343 0.000257 0
1141 376 1196 409 0.000257 0
879 407 889 426 0.000257 0
984 679 1019 703 0.000257 0
494 64 588 232 0.000256 0
983 668 992 679 0.000256 0
705 420 739 456 0.000256 0
165 241 191 275 0.000256 0
751 328 768 376 0.000256 0
1022 481 1067 506 0.000255 0
681 329 702 362 0.000254 0
703 332 721 409 0.000254 0
784 334 846 390 0.000253 0
1134 305 1191 408 0.000253 0
436 191 446 206 0.000253 0
663 616 672 631 0.000252 0
899 535 921 577 0.000252 0
1102 361 1120 391 0.000252 0
1086 488 1101 504 0.000252 0
353 187 373 199 0.000252 0
1140 387 1169 408 0.000252 0
569 364 605 448 0.000252 0
493 64 584 187 0.000251 0
820 331 848 394 0.000251 0
1004 233 1092 305 0.000251 0
1022 391 1092 504 0.000251 0
495 290 513 339 0.000251 0
0 303 33 432 0.000250 0
726 415 736 430 0.000250 0
783 343 793 360 0.000250 0
948 439 973 459 0.000250 0
831 367 848 392 0.000249 0
1232 457 1242 470 0.000249 0
495 304 513 342 0.000249 0
58 64 128 197 0.000249 0
1055 512 1066 525 0.000248 0
1235 347 1261 376 0.000248 0
644 406 670 426 0.000248 0
1216 493 1250 526 0.000247 0
103 248 128 282 0.000247 0
1225 356 1280 439 0.000247 0
184 196 191 206 0.000246 0
681 176 702 215 0.000246 0
831 408 840 420 0.000246 0
94 64 264 194 0.000246 0
974 454 987 463 0.000246 0
270 231 290 291 0.000246 0
767 311 782 342 0.000246 0
380 185 396 205 0.000245 0
965 199 983 237 0.000245 0
1063 647 1072 663 0.000245 0
42 311 69 405 0.000244 0
722 306 767 378 0.000243 0
211 72 330 218 0.000243 0
1135 450 1154 471 0.000243 0
439 208 447 218 0.000243 0
1109 434 1120 464 0.000243 0
1025 338 1090 452 0.000243 0
994 383 1058 464 0.000243 0
1225 496 1279 701 0.000243 0
64 64 162 206 0.000242 0
1043 468 1058 491 0.000242 0
846 273 870 340 0.000241 0
1235 491 1279 702 0.000241 0
1103 360 1120 389 0.000241 0
782 331 801 387 0.000241 0
1087 488 1102 501 0.000241 0
318 64 438 174 0.000241 0
157 64 260 167 0.000240 0
879 376 885 392 0.000240 0
655 207 681 233 0.000240 0
1042 372 1088 411 0.000240 0
776 439 830 475 0.000239 0
0 241 27 421 0.000238 0
897 536 913 585 0.000238 0
193 190 207 217 0.000238 0
886 344 895 364 0.000238 0
1231 483 1260 510 0.000238 0
852 236 870 280 0.000238 0
814 392 832 423 0.000237 0
688 194 721 234 0.000237 0
613 357 624 376 0.000237 0
816 345 830 361 0.000236 0
573 389 588 444 0.000236 0
1111 420 1120 437 0.000236 0
798 192 813 237 0.000236 0
1228 483 1280 704 0.000236 0
717 458 737 471 0.000236 0
1164 471 1183 481 0.000235 0
856 189 959 292 0.000235 0
174 185 184 206 0.000235 0
835 394 847 409 0.000235 0
156 67 238 209 0.000235 0
158 64 302 202 0.000235 0
1177 329 1199 350 0.000234 0
773 426 796 449 0.000234 0
908 274 929 345 0.000234 0
1224 486 1279 695 0.000233 0
4 64 137 213 0.000233 0
1110 371 1135 413 0.000233 0
1030 326 1042 365 0.000232 0
361 70 505 239 0.000232 0
852 314 864 338 0.000231 0
847 276 856 311 0.000231 0
304 186 327 204 0.000231 0
247 272 256 326 0.000231 0
153 64 499 292 0.000230 0
635 635 708 703 0.000230 0
818 410 891 475 0.000230 0
256 64 341 169 0.000230 0
847 175 869 232 0.000229 0
1 64 153 238 0.000229 0
3 307 67 398 0.000229 0
960 453 969 470 0.000229 0
0 68 76 225 0.000228 0
688 204 707 276 0.000228 0
1152 437 1168 455 0.000228 0
1037 394 1050 413 0.000228 0
980 666 992 703 0.000228 0
1224 481 1279 570 0.000227 0
1053 229 1096 300 0.000227 0
748 456 771 481 0.000226 0
6 64 129 206 0.000226 0
1057 232 1094 289 0.000226 0
1015 354 1042 403 0.000226 0
1154 492 1168 503 0.000226 0
784 417 885 478 0.000226 0
494 64 587 241 0.000225 0
916 444 944 485 0.000225 0
1066 425 1116 470 0.000225 0
0 138 24 307 0.000225 0
694 324 703 343 0.000225 0
633 369 658 396 0.000225 0
990 680 1020 703 0.000225 0
0 64 129 210 0.000224 0
846 415 864 438 0.000224 0
1246 459 1263 475 0.000223 0
242 243 256 296 0.000223 0
1070 358 1088 396 0.000223 0
1006 328 1023 346 0.000223 0
703 408 722 466 0.000222 0
319 241 336 358 0.000222 0
426 221 441 237 0.000222 0
480 334 497 356 0.000222 0
824 282 849 311 0.000222 0
1079 623 1085 630 0.000222 0
354 134 596 323 0.000222 0
174 644 191 680 0.000221 0
1223 533 1251 551 0.000221 0
1231 480 1266 513 0.000221 0
1064 412 1089 437 0.000220 0
1071 345 1089 374 0.000220 0
578 392 592 454 0.000220 0
1157 349 1217 432 0.000219 0
1232 458 1247 471 0.000218 0
765 200 784 236 0.000218 0
905 474 928 488 0.000218 0
1229 402 1246 426 0.000218 0
1012 476 1024 495 0.000218 0
338 64 453 142 0.000218 0
273 236 290 291 0.000218 0
1100 339 1137 413 0.000217 0
1251 675 1263 696 0.000217 0
1202 502 1216 517 0.000216 0
197 244 211 269 0.000215 0
309 244 326 361 0.000215 0
1029 350 1040 376 0.000214 0
27 307 69 409 0.000214 0
216 377 240 409 0.000213 0
1064 232 1096 274 0.000213 0
1139 295 1230 414 0.000213 0
873 257 926 343 0.000213 0
1223 523 1236 550 0.000213 0
1178 480 1262 552 0.000213 0
954 297 997 345 0.000213 0
3 64 131 181 0.000213 0
1216 408 1229 433 0.000213 0
575 397 592 460 0.000212 0
907 272 930 335 0.000212 0
1272 158 1279 182 0.000211 0
961 273 1027 347 0.000211 0
213 186 244 243 0.000211 0
30 64 136 209 0.000210 0
846 311 860 339 0.000209 0
1070 486 1088 502 0.000209 0
720 401 783 464 0.000207 0
172 68 472 233 0.000207 0
759 359 836 474 0.000206 0
1260 364 1279 430 0.000206 0
639 659 709 703 0.000206 0
1121 380 1139 409 0.000205 0
1242 463 1275 501 0.000205 0
340 64 496 172 0.000205 0
832 454 859 477 0.000204 0
848 268 853 281 0.000204 0
1071 64 1079 70 0.000204 0
1042 662 1090 703 0.000204 0
38 314 55 390 0.000204 0
1267 139 1279 178 0.000203 0
943 421 955 436 0.000203 0
1119 440 1131 454 0.000203 0
883 408 941 475 0.000203 0
575 290 594 386 0.000202 0
837 180 946 285 0.000202 0
3 64 127 195 0.000202 0
927 276 957 344 0.000202 0
916 339 944 379 0.000202 0
1033 310 1090 347 0.000200 0
975 327 1000 372 0.000199 0
1039 668 1067 700 0.000199 0
1235 351 1258 375 0.000199 0
1101 484 1170 508 0.000198 0
831 365 848 392 0.000198 0
0 302 34 418 0.000198 0
199 209 214 232 0.000198 0
922 342 985 400 0.000198 0
1260 64 1279 167 0.000197 0
1099 414 1112 427 0.000197 0
984 681 1019 703 0.000197 0
634 369 658 395 0.000196 0
1111 424 1120 441 0.000196 0
853 271 865 299 0.000196 0
1249 331 1279 494 0.000196 0
1030 345 1040 368 0.000196 0
669 322 705 376 0.000196 0
898 336 925 365 0.000196 0
1232 112 1280 187 0.000195 0
39 311 77 400 0.000195 0
576 339 593 392 0.000195 0
1261 106 1279 178 0.000195 0
1 64 138 192 0.000194 0
0 112 28 230 0.000194 0
1042 392 1120 469 0.000194 0
206 448 224 496 0.000194 0
898 537 922 577 0.000193 0
818 357 833 392 0.000193 0
1124 373 1170 409 0.000193 0
1054 370 1075 399 0.000193 0
946 329 968 352 0.000193 0
831 467 848 511 0.000193 0
269 231 289 292 0.000192 0
972 188 1156 265 0.000192 0
934 424 964 453 0.000192 0
1043 662 1066 699 0.000192 0
1179 64 1280 276 0.000191 0
816 335 848 391 0.000191 0
494 64 588 192 0.000191 0
1246 65 1279 188 0.000190 0
311 73 419 203 0.000190 0
1157 65 1280 278 0.000190 0
319 64 370 108 0.000189 0
64 64 213 169 0.000189 0
750 406 770 424 0.000189 0
863 335 883 345 0.000189 0
855 406 864 415 0.000189 0
575 351 587 440 0.000188 0
495 277 514 338 0.000188 0
1087 362 1106 404 0.000188 0
831 404 848 424 0.000187 0
425 64 497 218 0.000187 0
1016 319 1048 346 0.000187 0
323 233 337 277 0.000187 0
981 344 1008 366 0.000187 0
1009 458 1025 471 0.000186 0
1164 471 1185 497 0.000186 0
686 315 708 377 0.000186 0
565 358 610 451 0.000186 0
611 360 624 376 0.000186 0
441 161 499 258 0.000185 0
495 64 685 221 0.000185 0
928 686 937 695 0.000185 0
0 138 21 298 0.000185 0
560 506 568 519 0.000185 0
1056 432 1089 458 0.000184 0
343 64 496 96 0.000184 0
1046 396 1120 471 0.000183 0
575 289 595 388 0.000182 0
319 250 336 356 0.000181 0
211 106 268 210 0.000181 0
1157 471 1184 496 0.000181 0
568 535 575 552 0.000181 0
1119 325 1136 383 0.000181 0
1027 64 1143 223 0.000180 0
2 308 67 393 0.000180 0
829 339 848 393 0.000180 0
1135 345 1144 359 0.000179 0
166 64 324 98 0.000179 0
0 64 247 220 0.000179 0
1223 413 1270 477 0.000179 0
1016 384 1076 457 0.000179 0
889 225 927 295 0.000179 0
1087 418 1108 448 0.000179 0
63 64 202 208 0.000178 0
452 201 477 279 0.000178 0
785 351 844 468 0.000178 0
112 389 128 407 0.000178 0
428 64 497 173 0.000178 0
873 271 900 342 0.000177 0
1250 482 1279 590 0.000177 0
1118 444 1136 472 0.000177 0
1072 332 1088 348 0.000177 0
102 246 128 297 0.000177 0
985 335 1024 388 0.000176 0
0 178 6 203 0.000176 0
1023 478 1044 503 0.000176 0
430 217 440 227 0.000176 0
1264 367 1279 409 0.000176 0
1024 323 1087 431 0.000176 0
1247 675 1263 696 0.000176 0
963 277 1028 345 0.000176 0
1260 343 1279 498 0.000176 0
331 64 496 93 0.000176 0
319 64 370 112 0.000175 0
816 336 847 381 0.000175 0
545 64 593 208 0.000175 0
102 246 130 296 0.000175 0
1262 502 1279 572 0.000174 0
843 463 881 487 0.000174 0
176 64 324 99 0.000174 0
646 656 656 676 0.000173 0
608 408 624 431 0.000173 0
944 304 1012 401 0.000173 0
959 427 993 460 0.000173 0
1183 329 1200 344 0.000172 0
64 64 147 158 0.000172 0
896 322 916 344 0.000172 0
319 241 336 358 0.000172 0
861 296 879 340 0.000171 0
896 519 904 528 0.000171 0
1007 461 1024 472 0.000171 0
776 408 783 418 0.000171 0
983 664 993 679 0.000170 0
1032 392 1088 479 0.000170 0
1137 308 1233 415 0.000170 0
1026 324 1089 426 0.000170 0
526 200 555 248 0.000170 0
115 64 290 92 0.000170 0
629 448 640 459 0.000170 0
239 239 256 263 0.000170 0
60 64 129 159 0.000170 0
1002 64 1137 177 0.000170 0
1021 333 1042 394 0.000170 0
1044 662 1065 694 0.000169 0
1137 335 1217 418 0.000169 0
1208 491 1239 552 0.000169 0
1033 338 1078 385 0.000168 0
324 64 656 223 0.000168 0
159 64 324 97 0.000168 0
566 64 665 218 0.000168 0
1053 230 1103 299 0.000168 0
1170 476 1269 552 0.000168 0
1016 336 1024 351 0.000168 0
941 343 960 377 0.000167 0
1140 440 1152 453 0.000167 0
322 64 673 278 0.000167 0
1103 420 1112 433 0.000167 0
0 506 16 563 0.000167 0
1010 679 1024 703 0.000166 0
4 65 145 214 0.000166 0
850 251 880 299 0.000166 0
1151 188 1168 216 0.000165 0
872 440 943 486 0.000165 0
0 64 74 192 0.000165 0
961 381 1026 463 0.000165 0
64 64 199 157 0.000164 0
64 64 181 193 0.000164 0
1248 684 1259 696 0.000164 0
720 191 858 276 0.000164 0
147 64 319 93 0.000163 0
847 526 859 535 0.000163 0
1071 389 1106 421 0.000163 0
547 64 592 196 0.000163 0
558 64 659 216 0.000163 0
563 65 648 213 0.000163 0
807 286 816 302 0.000162 0
1007 403 1074 491 0.000162 0
871 373 881 384 0.000162 0
0 159 7 203 0.000162 0
249 185 324 370 0.000162 0
739 279 760 302 0.000161 0
192 183 202 204 0.000160 0
1223 418 1235 433 0.000160 0
978 446 1001 489 0.000159 0
0 392 28 538 0.000159 0
1013 460 1065 504 0.000159 0
1263 497 1279 582 0.000158 0
153 69 273 213 0.000158 0
1051 109 1083 148 0.000158 0
1239 423 1247 440 0.000158 0
717 406 782 449 0.000157 0
239 198 275 244 0.000157 0
307 149 366 247 0.000157 0
93 64 265 168 0.000157 0
706 422 779 475 0.000157 0
877 380 890 408 0.000157 0
639 271 657 319 0.000157 0
995 680 1018 695 0.000157 0
1262 64 1279 151 0.000156 0
0 145 8 203 0.000156 0
1048 347 1089 400 0.000156 0
1156 188 1167 208 0.000156 0
1082 369 1104 414 0.000156 0
848 394 860 410 0.000156 0
549 64 634 212 0.000155 0
630 363 641 387 0.000155 0
368 115 495 233 0.000155 0
998 64 1131 174 0.000155 0
623 686 664 703 0.000155 0
1225 483 1279 678 0.000154 0
926 277 961 330 0.000154 0
846 467 869 487 0.000154 0
44 66 380 227 0.000154 0
891 388 913 425 0.000154 0
770 425 883 478 0.000153 0
1214 411 1270 467 0.000153 0
748 205 768 233 0.000153 0
354 202 386 271 0.000153 0
1227 397 1257 428 0.000153 0
1079 410 1088 424 0.000153 0
229 205 241 222 0.000153 0
833 315 857 343 0.000153 0
1140 378 1185 410 0.000152 0
993 399 1053 466 0.000152 0
846 395 893 458 0.000152 0
663 286 686 351 0.000152 0
1 307 68 422 0.000152 0
1186 336 1266 399 0.000152 0
943 304 962 344 0.000152 0
772 415 884 476 0.000152 0
992 668 1000 679 0.000152 0
378 184 397 203 0.000152 0
0 312 27 430 0.000151 0
648 298 690 410 0.000151 0
1193 346 1267 417 0.000150 0
1134 454 1165 473 0.000150 0
1096 372 1126 412 0.000150 0
807 392 815 417 0.000150 0
960 271 1034 346 0.000150 0
305 239 337 362 0.000150 0
1221 299 1279 480 0.000150 0
1239 447 1248 457 0.000149 0
1031 389 1120 470 0.000149 0
1163 471 1186 496 0.000149 0
928 333 992 393 0.000149 0
1135 472 1144 480 0.000149 0
907 323 928 345 0.000149 0
121 64 262 98 0.000149 0
1190 64 1279 255 0.000149 0
358 143 412 211 0.000148 0
1262 648 1279 703 0.000148 0
676 410 691 433 0.000148 0
818 355 833 388 0.000148 0
38 311 90 406 0.000148 0
385 184 399 204 0.000148 0
1231 476 1247 490 0.000148 0
941 375 976 427 0.000148 0
241 241 256 289 0.000147 0
1083 412 1116 458 0.000147 0
208 65 329 211 0.000147 0
808 496 815 503 0.000147 0
496 64 693 238 0.000146 0
643 177 658 203 0.000146 0
207 451 224 497 0.000146 0
1264 411 1279 494 0.000146 0
210 110 268 210 0.000146 0
706 304 763 396 0.000146 0
159 205 182 219 0.000146 0
695 304 720 354 0.000146 0
63 64 197 161 0.000145 0
652 204 683 231 0.000145 0
1152 185 1163 214 0.000145 0
815 377 832 421 0.000145 0
1173 64 1280 290 0.000145 0
153 200 165 234 0.000145 0
550 64 636 217 0.000145 0
1209 492 1248 554 0.000145 0
303 104 354 203 0.000144 0
246 196 277 236 0.000144 0
1143 504 1152 510 0.000144 0
831 369 848 395 0.000144 0
174 644 192 681 0.000144 0
1008 487 1017 495 0.000144 0
457 194 496 314 0.000143 0
2 69 88 222 0.000143 0
0 298 30 434 0.000143 0
991 64 1092 173 0.000143 0
276 229 296 292 0.000143 0
639 272 658 328 0.000143 0
1144 309 1190 350 0.000143 0
1093 222 1138 277 0.000142 0
903 327 928 344 0.000142 0
958 443 977 479 0.000142 0
977 343 1053 433 0.000142 0
1038 670 1093 703 0.000142 0
479 335 497 360 0.000142 0
866 390 881 408 0.000141 0
1017 64 1148 174 0.000141 0
860 253 926 343 0.000141 0
970 448 996 488 0.000141 0
1041 511 1070 530 0.000141 0
1244 481 1279 567 0.000141 0
597 660 674 703 0.000141 0
479 334 498 357 0.000141 0
701 419 777 476 0.000141 0
972 233 1014 312 0.000141 0
1262 93 1279 172 0.000141 0
1232 299 1279 453 0.000140 0
1120 335 1174 383 0.000140 0
320 64 369 103 0.000140 0
771 205 792 237 0.000140 0
66 64 179 83 0.000139 0
0 259 63 410 0.000139 0
992 319 1025 345 0.000139 0
9 509 48 568 0.000139 0
1012 462 1042 503 0.000139 0
559 503 568 519 0.000139 0
1141 64 1280 280 0.000139 0
831 394 846 411 0.000138 0
205 373 238 414 0.000138 0
852 401 899 453 0.000138 0
0 347 32 423 0.000138 0
153 186 166 231 0.000137 0
576 356 592 391 0.000137 0
1233 64 1279 170 0.000137 0
599 475 608 487 0.000137 0
82 64 246 172 0.000137 0
288 234 323 365 0.000137 0
900 398 912 413 0.000137 0
200 64 325 167 0.000136 0
587 342 619 415 0.000136 0
283 247 296 272 0.000136 0
1040 672 1047 680 0.000136 0
224 181 238 199 0.000135 0
1198 503 1215 517 0.000135 0
0 277 25 398 0.000135 0
0 573 16 648 0.000135 0
0 269 19 385 0.000135 0
714 405 774 455 0.000135 0
494 64 677 217 0.000135 0
1264 366 1279 428 0.000135 0
969 269 1032 345 0.000134 0
0 291 26 418 0.000134 0
319 238 336 352 0.000134 0
66 64 210 162 0.000134 0
287 200 320 285 0.000134 0
39 313 71 363 0.000134 0
713 394 782 467 0.000134 0
29 509 48 567 0.000133 0
0 93 57 224 0.000133 0
1115 352 1176 408 0.000133 0
295 196 321 302 0.000133 0
891 336 926 387 0.000133 0
632 201 658 221 0.000132 0
988 679 1024 703 0.000132 0
1207 459 1266 491 0.000132 0
1236 64 1279 168 0.000132 0
291 204 324 315 0.000132 0
750 406 777 424 0.000132 0
832 696 843 703 0.000132 0
1147 207 1170 230 0.000132 0
785 355 818 399 0.000132 0
1008 511 1019 523 0.000132 0
244 64 481 363 0.000132 0
1219 472 1234 487 0.000132 0
0 143 8 204 0.000131 0
1001 450 1087 502 0.000131 0
32 65 141 211 0.000131 0
65 64 179 155 0.000130 0
684 323 712 380 0.000130 0
884 471 925 489 0.000130 0
150 79 268 217 0.000130 0
932 328 944 344 0.000129 0
155 83 228 210 0.000129 0
0 363 28 416 0.000129 0
1116 294 1139 333 0.000129 0
1221 493 1280 545 0.000129 0
1057 339 1271 465 0.000129 0
1021 374 1107 466 0.000129 0
639 407 657 425 0.000128 0
1264 406 1279 423 0.000128 0
1179 480 1268 513 0.000128 0
822 325 856 343 0.000128 0
1225 418 1244 433 0.000128 0
187 64 318 99 0.000128 0
767 350 836 469 0.000128 0
492 64 585 227 0.000127 0
622 541 632 562 0.000127 0
576 291 594 344 0.000127 0
343 64 495 93 0.000127 0
846 211 870 279 0.000127 0
1165 472 1181 496 0.000127 0
1134 386 1172 426 0.000126 0
821 377 832 392 0.000126 0
543 368 606 450 0.000126 0
1066 487 1091 502 0.000126 0
955 448 981 487 0.000126 0
306 142 383 249 0.000125 0
1027 388 1114 470 0.000125 0
1262 64 1279 83 0.000125 0
639 270 658 327 0.000125 0
1082 64 1280 279 0.000125 0
1244 483 1279 671 0.000125 0
320 64 499 119 0.000125 0
931 327 944 344 0.000125 0
1262 500 1279 558 0.000125 0
103 66 234 208 0.000124 0
817 387 831 410 0.000124 0
575 277 597 318 0.000124 0
560 396 610 457 0.000124 0
852 223 904 286 0.000124 0
1098 482 1247 512 0.000124 0
628 671 653 703 0.000123 0
572 330 609 439 0.000123 0
0 390 31 518 0.000123 0
655 438 704 469 0.000123 0
310 246 323 367 0.000123 0
1215 444 1225 456 0.000123 0
362 64 438 93 0.000122 0
254 64 371 187 0.000122 0
323 188 367 227 0.000122 0
478 64 497 103 0.000122 0
1088 371 1104 408 0.000122 0
831 390 846 407 0.000122 0
1263 502 1279 593 0.000122 0
362 153 410 213 0.000122 0
1060 64 1078 70 0.000122 0
778 442 827 480 0.000121 0
762 275 825 347 0.000121 0
602 343 624 376 0.000121 0
1262 614 1279 702 0.000121 0
576 355 593 391 0.000121 0
0 308 58 413 0.000121 0
494 64 585 166 0.000121 0
575 293 595 378 0.000121 0
781 340 847 459 0.000120 0
336 64 497 136 0.000120 0
1191 404 1215 433 0.000120 0
952 379 1000 457 0.000120 0
0 393 22 557 0.000120 0
65 65 215 208 0.000120 0
622 689 655 703 0.000120 0
491 65 703 248 0.000119 0
985 680 1023 703 0.000119 0
945 304 981 347 0.000119 0
1150 450 1168 477 0.000119 0
65 64 208 209 0.000119 0
833 388 848 410 0.000119 0
964 364 1068 453 0.000119 0
998 326 1025 374 0.000119 0
677 405 689 431 0.000118 0
1183 496 1214 518 0.000118 0
869 373 881 407 0.000118 0
493 64 576 180 0.000118 0
1089 292 1134 329 0.000117 0
1248 679 1265 696 0.000117 0
905 274 955 348 0.000117 0
1237 449 1269 480 0.000117 0
974 675 987 701 0.000117 0
1264 64 1279 79 0.000117 0
1046 486 1069 525 0.000117 0
664 333 707 384 0.000117 0
647 655 656 677 0.000117 0
626 339 645 378 0.000117 0
1263 64 1279 84 0.000117 0
501 229 533 252 0.000116 0
1262 96 1279 173 0.000116 0
769 253 785 279 0.000116 0
935 547 944 567 0.000116 0
0 142 8 200 0.000116 0
944 64 1020 122 0.000116 0
166 64 263 160 0.000116 0
1106 339 1137 397 0.000116 0
0 310 66 402 0.000115 0
962 668 968 680 0.000115 0
891 336 926 394 0.000115 0
7 64 183 144 0.000115 0
719 300 767 424 0.000115 0
1028 371 1121 467 0.000115 0
1229 480 1280 704 0.000114 0
1034 316 1061 351 0.000114 0
159 65 180 95 0.000114 0
831 370 848 401 0.000114 0
0 339 36 426 0.000114 0
1007 331 1024 345 0.000114 0
1027 330 1122 461 0.000114 0
1263 615 1279 702 0.000114 0
935 554 944 567 0.000114 0
589 363 610 429 0.000114 0
222 364 240 409 0.000113 0
283 241 321 365 0.000113 0
777 385 815 452 0.000113 0
310 255 323 318 0.000113 0
544 64 594 218 0.000113 0
501 312 529 352 0.000113 0
784 355 837 394 0.000113 0
1264 407 1278 424 0.000113 0
376 64 437 96 0.000112 0
226 206 247 238 0.000112 0
270 237 287 291 0.000112 0
968 667 974 680 0.000112 0
928 287 1097 455 0.000112 0
944 64 1019 120 0.000112 0
1093 474 1176 507 0.000112 0
637 670 705 703 0.000112 0
0 277 28 400 0.000111 0
637 676 706 703 0.000111 0
26 503 48 567 0.000111 0
0 340 17 413 0.000111 0
895 382 905 407 0.000111 0
911 473 929 515 0.000111 0
834 277 865 342 0.000111 0
884 391 896 408 0.000111 0
859 377 926 463 0.000111 0
871 391 896 413 0.000111 0
0 64 16 137 0.000111 0
1265 417 1279 457 0.000111 0
1253 427 1264 443 0.000110 0
1272 423 1279 445 0.000110 0
946 64 1019 121 0.000110 0
2 64 172 159 0.000110 0
680 380 688 396 0.000110 0
1045 455 1059 470 0.000110 0
432 172 446 203 0.000110 0
1107 272 1155 346 0.000110 0
1043 348 1074 388 0.000109 0
1214 64 1233 101 0.000109 0
574 64 667 218 0.000109 0
1152 426 1163 450 0.000109 0
762 407 783 424 0.000109 0
750 264 768 307 0.000109 0
1215 474 1280 680 0.000109 0
38 313 71 346 0.000109 0
574 391 584 418 0.000109 0
848 225 866 246 0.000109 0
868 393 881 408 0.000108 0
1262 507 1279 581 0.000108 0
642 676 707 703 0.000108 0
799 278 807 287 0.000108 0
886 259 931 344 0.000108 0
366 102 451 252 0.000108 0
1243 491 1275 544 0.000108 0
112 383 129 405 0.000108 0
802 372 816 416 0.000108 0
1152 424 1168 447 0.000108 0
1119 389 1137 423 0.000108 0
1238 408 1279 489 0.000107 0
275 258 291 293 0.000107 0
997 329 1016 344 0.000107 0
1128 341 1215 415 0.000107 0
597 456 608 488 0.000107 0
666 407 708 459 0.000107 0
1233 412 1266 441 0.000107 0
991 678 1019 703 0.000106 0
1023 336 1038 363 0.000106 0
892 338 925 400 0.000106 0
751 271 768 307 0.000106 0
702 305 751 355 0.000106 0
1045 64 1144 214 0.000106 0
1 311 67 406 0.000106 0
1105 478 1260 513 0.000105 0
1006 680 1023 703 0.000105 0
651 340 689 396 0.000105 0
1051 109 1086 154 0.000105 0
1253 427 1263 453 0.000105 0
283 243 296 291 0.000105 0
759 341 836 467 0.000105 0
873 276 899 312 0.000105 0
1030 318 1094 361 0.000105 0
1205 482 1263 519 0.000104 0
530 176 717 232 0.000104 0
750 341 768 377 0.000104 0
548 64 603 172 0.000104 0
975 684 1020 703 0.000104 0
683 280 706 355 0.000103 0
302 161 349 202 0.000103 0
1066 298 1143 400 0.000103 0
180 682 192 703 0.000103 0
896 536 927 580 0.000103 0
492 330 511 358 0.000103 0
95 64 240 165 0.000103 0
1151 470 1169 479 0.000103 0
1229 64 1279 172 0.000103 0
63 65 140 206 0.000103 0
639 381 669 426 0.000103 0
1021 316 1055 352 0.000103 0
789 333 848 395 0.000103 0
845 266 874 335 0.000102 0
1134 387 1161 427 0.000102 0
1054 646 1072 686 0.000102 0
1032 354 1123 468 0.000102 0
358 64 496 94 0.000102 0
1085 450 1106 481 0.000102 0
284 236 321 359 0.000102 0
896 521 914 577 0.000102 0
945 681 975 703 0.000101 0
847 403 864 420 0.000101 0
1006 64 1140 152 0.000101 0
1033 481 1074 532 0.000101 0
486 145 786 253 0.000101 0
830 471 848 511 0.000101 0
853 457 892 505 0.000101 0
1199 472 1219 487 0.000101 0
806 536 816 552 0.000100 0
949 64 1062 174 0.000100 0
576 64 673 222 0.000100 0
1158 470 1244 514 0.000100 0
1263 504 1279 563 0.000100 0
1263 64 1279 87 0.000100 0
322 64 370 114 0.000100 0
1214 64 1233 95 0.000100 0
954 252 1046 330 0.825310 1
551 217 599 253 0.812271 1
957 249 1046 329 0.801749 1
551 215 599 255 0.716391 1
925 215 968 266 0.656398 1
551 216 597 254 0.626539 1
925 221 966 266 0.559299 1
926 218 968 266 0.432730 1
926 218 967 265 0.423575 1
926 221 968 266 0.406067 1
924 222 966 265 0.354909 1
552 216 598 254 0.321935 1
926 220 966 266 0.255450 1
19 225 72 258 0.080417 1
928 221 966 264 0.079394 1
19 222 72 258 0.075195 1
925 218 973 268 0.064980 1
20 223 73 258 0.059077 1
926 221 965 265 0.055648 1
924 223 968 265 0.035863 1
926 224 967 266 0.031243 1
48 226 73 257 0.030804 1
1128 222 1148 248 0.030089 1
20 221 73 258 0.029835 1
20 228 72 259 0.028805 1
47 231 73 256 0.028349 1
1 222 72 259 0.027856 1
0 228 72 260 0.027241 1
926 221 959 265 0.026553 1
1134 222 1146 248 0.022877 1
20 228 72 263 0.021124 1
932 217 956 260 0.020693 1
1134 222 1146 249 0.019340 1
48 223 72 257 0.018951 1
926 213 959 263 0.018900 1
554 216 596 254 0.018881 1
19 218 69 260 0.017095 1
47 234 72 257 0.016856 1
551 216 599 255 0.016516 1
1103 212 1141 261 0.016158 1
47 233 72 257 0.015944 1
10 224 73 259 0.015876 1
551 215 601 254 0.015679 1
1062 216 1138 262 0.015057 1
1085 218 1114 260 0.014676 1
1133 221 1145 247 0.014642 1
931 226 973 261 0.014591 1
948 227 970 258 0.014075 1
19 226 73 278 0.013924 1
1065 215 1137 262 0.012672 1
1086 226 1114 262 0.012633 1
895 257 923 299 0.012567 1
48 224 98 263 0.012553 1
9 225 73 278 0.012520 1
48 223 96 260 0.012424 1
551 216 598 257 0.012334 1
1084 223 1114 263 0.010483 1
20 229 42 257 0.009879 1
18 218 43 258 0.009613 1
21 231 42 257 0.009604 1
48 223 84 256 0.009452 1
895 259 921 303 0.009441 1
950 220 968 260 0.009019 1
21 218 42 256 0.008839 1
47 224 98 259 0.008836 1
48 222 97 258 0.008308 1
20 230 42 257 0.007972 1
0 231 69 261 0.007905 1
19 231 42 257 0.007816 1
1111 221 1146 251 0.007680 1
1102 221 1137 262 0.007671 1
1115 212 1143 260 0.007341 1
0 228 73 279 0.007082 1
551 216 595 252 0.006617 1
50 222 98 261 0.006467 1
21 229 42 256 0.006291 1
0 231 42 258 0.006190 1
0 232 42 259 0.006010 1
957 263 1008 312 0.005858 1
953 223 994 299 0.005708 1
62 223 98 258 0.005696 1
926 221 972 300 0.005582 1
943 207 966 260 0.005562 1
947 232 977 265 0.005487 1
951 266 992 311 0.005385 1
895 256 921 299 0.005268 1
47 227 100 265 0.005177 1
50 225 99 262 0.005097 1
1067 218 1092 248 0.004935 1
953 266 994 313 0.004827 1
956 266 994 311 0.004742 1
895 259 928 304 0.004681 1
0 224 76 261 0.004567 1
1043 278 1058 312 0.004531 1
66 223 97 241 0.004476 1
930 279 945 299 0.004360 1
898 267 929 309 0.004341 1
957 266 991 298 0.004334 1
956 266 996 313 0.004295 1
895 262 916 311 0.004215 1
991 251 1047 330 0.004185 1
159 231 208 261 0.004130 1
0 228 42 258 0.004086 1
1036 277 1059 322 0.004075 1
925 222 988 303 0.004068 1
1070 221 1093 255 0.004024 1
1043 278 1059 303 0.004002 1
158 235 209 263 0.003976 1
1112 222 1145 259 0.003920 1
909 266 926 297 0.003909 1
956 266 990 299 0.003849 1
551 223 591 253 0.003764 1
926 225 971 302 0.003722 1
55 223 95 243 0.003579 1
1081 224 1137 267 0.003559 1
963 224 986 265 0.003480 1
1042 277 1058 322 0.003446 1
969 220 984 263 0.003425 1
958 266 993 300 0.003388 1
953 236 991 298 0.003340 1
1006 252 1046 330 0.003324 1
955 266 988 297 0.003237 1
960 261 1003 310 0.003154 1
910 212 954 265 0.002961 1
1074 216 1144 253 0.002933 1
928 280 945 299 0.002927 1
951 222 991 279 0.002790 1
909 271 932 309 0.002780 1
13 224 101 285 0.002778 1
1033 277 1059 312 0.002752 1
924 280 945 311 0.002736 1
949 273 960 303 0.002715 1
1040 275 1058 330 0.002713 1
0 227 67 264 0.002712 1
949 266 987 312 0.002709 1
1043 276 1070 321 0.002556 1
75 223 98 259 0.002513 1
922 214 973 301 0.002488 1
1062 211 1092 247 0.002435 1
932 280 944 297 0.002434 1
1036 276 1059 332 0.002433 1
911 271 927 297 0.002420 1
73 229 99 259 0.002400 1
949 271 965 300 0.002391 1
1034 277 1059 328 0.002369 1
0 239 11 259 0.002258 1
1041 277 1059 332 0.002246 1
883 205 970 271 0.002120 1
864 264 894 284 0.002101 1
0 234 39 259 0.002073 1
956 267 982 297 0.002040 1
1043 276 1072 308 0.002026 1
959 266 995 318 0.002008 1
159 235 207 263 0.001980 1
1042 276 1064 325 0.001943 1
961 266 995 313 0.001941 1
926 276 945 298 0.001934 1
1008 253 1046 330 0.001901 1
929 280 945 307 0.001852 1
914 210 947 256 0.001805 1
41 234 75 276 0.001798 1
943 249 970 302 0.001736 1
962 265 1009 312 0.001723 1
953 267 978 301 0.001722 1
1036 296 1056 336 0.001698 1
912 202 934 247 0.001694 1
895 267 930 313 0.001684 1
0 241 6 258 0.001674 1
954 250 1038 299 0.001663 1
958 266 995 317 0.001526 1
78 234 102 261 0.001442 1
3 249 89 291 0.001432 1
865 256 895 284 0.001429 1
0 239 21 260 0.001404 1
68 233 101 263 0.001383 1
18 211 74 259 0.001358 1
80 222 96 238 0.001347 1
1038 278 1056 335 0.001334 1
928 273 960 302 0.001327 1
866 260 893 282 0.001293 1
1010 259 1048 330 0.001282 1
18 209 75 259 0.001266 1
1035 278 1059 334 0.001261 1
864 263 896 295 0.001256 1
924 281 945 312 0.001247 1
1070 213 1093 245 0.001239 1
16 230 50 280 0.001231 1
960 238 993 297 0.001222 1
888 205 950 291 0.001213 1
944 269 973 320 0.001205 1
926 249 965 298 0.001192 1
864 263 894 301 0.001178 1
889 208 971 294 0.001170 1
10 230 48 280 0.001159 1
568 226 599 255 0.001156 1
968 250 1046 328 0.001151 1
561 202 576 221 0.001148 1
910 203 936 253 0.001137 1
914 250 965 300 0.001123 1
867 192 966 246 0.001103 1
75 226 118 262 0.001099 1
914 205 936 249 0.001075 1
865 247 894 282 0.001065 1
909 272 932 313 0.001055 1
928 280 945 312 0.001049 1
862 265 894 285 0.001040 1
78 236 110 263 0.001039 1
1052 214 1138 263 0.001035 1
896 271 914 311 0.001032 1
912 203 931 248 0.001028 1
942 275 959 303 0.001017 1
1034 276 1059 332 0.001008 1
27 215 41 252 0.000972 1
0 252 77 291 0.000964 1
825 279 854 311 0.000949 1
864 256 908 288 0.000915 1
825 279 857 311 0.000911 1
157 235 199 263 0.000904 1
972 267 995 312 0.000889 1
512 231 537 247 0.000883 1
157 236 199 263 0.000869 1
1038 320 1055 336 0.000869 1
854 229 892 283 0.000854 1
966 250 1034 320 0.000849 1
967 259 1012 312 0.000810 1
18 213 43 256 0.000788 1
970 252 1044 329 0.000775 1
952 246 1061 311 0.000769 1
925 219 1025 291 0.000767 1
50 228 114 283 0.000759 1
911 203 933 248 0.000756 1
20 213 58 258 0.000753 1
1 226 137 283 0.000711 1
68 216 96 238 0.000708 1
872 263 908 289 0.000707 1
964 254 1011 311 0.000702 1
1011 269 1048 330 0.000701 1
37 242 70 279 0.000699 1
6 223 180 262 0.000699 1
862 231 916 291 0.000691 1
998 253 1047 330 0.000687 1
550 216 600 253 0.000685 1
974 269 994 317 0.000679 1
1039 320 1056 336 0.000664 1
917 216 953 267 0.000649 1
969 224 1009 311 0.000643 1
940 276 959 302 0.000640 1
1041 273 1066 336 0.000632 1
198 225 246 265 0.000630 1
206 230 244 264 0.000621 1
551 217 585 248 0.000620 1
928 198 1007 271 0.000613 1
1007 255 1047 323 0.000609 1
186 226 240 260 0.000602 1
893 244 919 296 0.000593 1
855 265 890 303 0.000586 1
20 214 73 257 0.000580 1
867 247 891 278 0.000577 1
925 271 964 314 0.000570 1
549 214 600 278 0.000554 1
970 264 1011 312 0.000549 1
968 261 1047 331 0.000541 1
165 236 213 263 0.000519 1
948 245 1108 315 0.000507 1
551 222 588 253 0.000496 1
186 237 208 258 0.000488 1
162 218 231 260 0.000483 1
187 222 242 259 0.000481 1
925 222 970 299 0.000476 1
0 230 40 282 0.000469 1
551 235 566 253 0.000459 1
1020 264 1062 308 0.000458 1
555 222 600 255 0.000457 1
961 277 995 327 0.000440 1
1012 254 1062 311 0.000436 1
862 219 903 279 0.000433 1
533 233 600 281 0.000428 1
71 222 119 262 0.000426 1
969 269 1010 314 0.000425 1
14 225 37 249 0.000419 1
196 225 244 260 0.000407 1
1003 247 1062 262 0.000405 1
886 265 911 305 0.000398 1
1012 257 1047 330 0.000387 1
970 271 995 328 0.000385 1
1007 260 1028 300 0.000385 1
863 257 923 303 0.000383 1
506 234 536 249 0.000377 1
50 217 70 254 0.000361 1
1008 277 1080 337 0.000356 1
203 218 247 261 0.000343 1
505 239 529 251 0.000339 1
509 231 532 245 0.000338 1
56 216 95 239 0.000326 1
823 277 854 312 0.000326 1
1038 251 1073 311 0.000324 1
824 279 853 311 0.000324 1
551 216 598 278 0.000317 1
861 208 919 285 0.000317 1
4 251 122 290 0.000315 1
946 217 1280 343 0.000312 1
974 252 1025 313 0.000308 1
181 232 241 264 0.000308 1
969 251 1019 312 0.000301 1
1016 261 1056 309 0.000288 1
894 257 931 336 0.000285 1
925 225 967 297 0.000283 1
824 277 855 312 0.000282 1
827 278 854 310 0.000281 1
194 207 243 259 0.000281 1
969 253 1016 312 0.000281 1
548 213 609 280 0.000276 1
861 252 926 337 0.000270 1
825 280 851 311 0.000269 1
82 217 95 236 0.000268 1
875 266 913 313 0.000268 1
860 218 939 303 0.000268 1
1030 319 1054 339 0.000268 1
204 223 248 264 0.000267 1
0 224 233 333 0.000264 1
1109 220 1146 262 0.000261 1
52 216 83 243 0.000260 1
47 222 172 264 0.000258 1
921 198 1065 276 0.000256 1
471 210 606 266 0.000253 1
963 267 1028 328 0.000253 1
215 249 242 265 0.000249 1
213 235 243 264 0.000241 1
1043 276 1073 297 0.000238 1
827 279 849 305 0.000236 1
869 197 977 300 0.000235 1
1016 239 1035 250 0.000231 1
679 207 696 232 0.000231 1
943 214 1066 296 0.000231 1
1043 269 1076 297 0.000227 1
996 245 1024 257 0.000227 1
971 269 1010 312 0.000225 1
964 273 1018 327 0.000224 1
858 255 899 305 0.000223 1
999 264 1047 330 0.000219 1
1027 294 1050 336 0.000215 1
115 216 157 258 0.000209 1
208 236 242 263 0.000209 1
953 209 1078 295 0.000207 1
1010 234 1028 252 0.000206 1
1005 246 1032 256 0.000205 1
0 204 78 263 0.000194 1
1014 268 1047 330 0.000194 1
549 206 588 228 0.000192 1
955 287 1055 333 0.000189 1
1007 250 1062 307 0.000188 1
856 274 882 303 0.000186 1
523 231 543 247 0.000185 1
1012 273 1047 330 0.000182 1
1002 248 1048 281 0.000181 1
860 219 894 277 0.000177 1
0 78 154 274 0.000174 1
970 250 1011 310 0.000171 1
973 250 1018 310 0.000171 1
920 209 1064 294 0.000169 1
216 209 250 259 0.000160 1
876 275 894 299 0.000159 1
1002 245 1027 257 0.000158 1
4 226 252 266 0.000157 1
0 69 57 275 0.000154 1
867 274 881 301 0.000152 1
916 272 964 317 0.000151 1
820 264 851 310 0.000148 1
552 218 600 259 0.000148 1
792 262 810 287 0.000146 1
910 275 954 332 0.000144 1
940 245 1257 340 0.000143 1
222 249 241 265 0.000142 1
999 252 1015 269 0.000140 1
805 261 838 294 0.000138 1
1014 278 1047 330 0.000138 1
546 216 596 279 0.000126 1
949 209 1261 322 0.000126 1
869 231 918 291 0.000125 1
12 185 115 259 0.000117 1
806 260 835 282 0.000116 1
524 217 568 253 0.000114 1
138 217 151 237 0.000111 1
807 262 819 283 0.000109 1
552 218 599 278 0.000108 1
1000 250 1028 292 0.000103 1
823 329 846 343 0.022126 2
1007 197 1039 224 0.021637 2
823 329 846 343 0.021484 2
1007 196 1049 226 0.020587 2
1104 208 1121 229 0.019774 2
1103 211 1121 230 0.018759 2
463 421 498 440 0.018433 2
463 420 516 443 0.018063 2
1006 195 1051 228 0.017566 2
1008 197 1035 223 0.017241 2
1263 248 1279 269 0.017166 2
463 419 517 440 0.016755 2
463 415 515 441 0.016319 2
305 188 320 198 0.015121 2
304 185 323 198 0.014792 2
463 421 501 440 0.013788 2
463 422 496 440 0.012938 2
1007 198 1028 223 0.012105 2
1102 221 1138 262 0.011971 2
691 198 723 229 0.011938 2
509 436 528 448 0.010922 2
305 186 323 199 0.010455 2
670 453 685 463 0.010430 2
1104 487 1115 495 0.010126 2
876 198 942 242 0.009873 2
1101 221 1137 263 0.009863 2
511 437 528 448 0.009615 2
111 404 143 426 0.009537 2
460 421 499 441 0.009426 2
111 405 138 426 0.009331 2
494 426 514 447 0.009243 2
533 209 543 218 0.008704 2
464 408 516 441 0.008642 2
111 409 131 426 0.008610 2
873 195 942 233 0.008562 2
574 439 592 457 0.008541 2
473 422 518 440 0.008431 2
1120 488 1136 498 0.008360 2
878 198 939 230 0.008210 2
47 408 63 421 0.008066 2
47 405 63 421 0.007962 2
47 408 63 421 0.007925 2
692 202 721 232 0.007890 2
47 406 63 421 0.007886 2
1102 222 1137 262 0.007849 2
575 440 592 458 0.007751 2
158 405 176 423 0.007670 2
1263 248 1279 270 0.007543 2
1009 215 1024 227 0.007473 2
158 403 176 423 0.007248 2
111 405 144 426 0.007187 2
111 408 141 426 0.006800 2
534 202 553 217 0.006540 2
158 404 176 423 0.006466 2
495 428 514 442 0.006466 2
878 198 929 230 0.006417 2
1119 488 1136 497 0.006264 2
1009 220 1025 229 0.006226 2
592 448 608 458 0.006201 2
319 207 331 231 0.006114 2
1101 223 1137 262 0.006108 2
114 409 143 426 0.006038 2
529 197 552 218 0.005716 2
623 321 660 368 0.005621 2
1005 219 1022 230 0.005587 2
623 320 661 364 0.005585 2
533 203 547 218 0.005524 2
1104 487 1119 496 0.005496 2
158 414 176 423 0.005413 2
207 398 224 415 0.005379 2
1009 195 1053 230 0.005361 2
716 197 727 214 0.005327 2
574 430 592 456 0.005268 2
648 456 656 461 0.005225 2
639 688 672 703 0.005174 2
574 429 592 458 0.005151 2
624 321 666 366 0.005111 2
458 413 515 443 0.004991 2
208 398 224 414 0.004911 2
493 427 529 448 0.004661 2
711 197 727 228 0.004635 2
485 200 517 217 0.004584 2
491 198 511 214 0.004545 2
501 199 515 210 0.004457 2
319 203 331 231 0.004453 2
458 410 516 442 0.004419 2
495 433 527 448 0.004396 2
197 397 224 415 0.004365 2
735 437 769 458 0.004336 2
623 319 660 376 0.004330 2
1008 194 1049 223 0.004302 2
592 430 608 439 0.004261 2
113 402 163 426 0.004212 2
888 199 922 241 0.004175 2
878 198 942 246 0.004152 2
510 425 578 447 0.004130 2
1008 194 1053 227 0.004104 2
135 406 161 424 0.004092 2
448 423 463 442 0.004069 2
1106 224 1137 262 0.003928 2
448 423 462 442 0.003865 2
879 199 906 241 0.003847 2
624 320 672 363 0.003825 2
462 410 511 441 0.003720 2
528 204 543 217 0.003645 2
689 196 725 232 0.003606 2
0 255 15 284 0.003604 2
0 244 15 283 0.003580 2
463 425 483 440 0.003475 2
127 394 224 421 0.003376 2
48 402 148 425 0.003364 2
623 319 665 365 0.003312 2
356 216 368 227 0.003200 2
1008 194 1044 221 0.003101 2
35 408 48 423 0.003093 2
484 203 511 216 0.003084 2
495 432 516 448 0.003055 2
1008 205 1043 230 0.003029 2
736 437 763 456 0.003023 2
125 406 145 426 0.002979 2
665 454 672 463 0.002976 2
306 185 335 200 0.002887 2
0 257 15 282 0.002869 2
483 196 504 216 0.002864 2
501 204 515 216 0.002844 2
592 423 608 434 0.002763 2
194 395 224 415 0.002761 2
623 320 658 376 0.002730 2
0 258 16 282 0.002672 2
511 424 570 438 0.002628 2
1037 312 1087 337 0.002614 2
623 318 661 365 0.002608 2
1105 488 1137 508 0.002591 2
735 438 765 458 0.002589 2
30 400 61 422 0.002573 2
1103 487 1137 507 0.002570 2
124 403 165 424 0.002564 2
143 401 176 424 0.002517 2
143 404 175 424 0.002444 2
1108 488 1137 508 0.002444 2
47 439 64 450 0.002434 2
487 423 547 441 0.002376 2
802 204 852 240 0.002374 2
656 453 666 462 0.002365 2
970 203 1015 228 0.002329 2
0 256 52 281 0.002305 2
448 422 464 441 0.002266 2
190 392 224 417 0.002262 2
574 428 592 455 0.002254 2
63 403 145 426 0.002236 2
530 196 553 217 0.002208 2
630 373 658 397 0.002207 2
1041 520 1068 528 0.002197 2
0 256 50 281 0.002196 2
148 395 177 422 0.002184 2
587 186 648 216 0.002176 2
472 409 525 439 0.002175 2
104 237 158 264 0.002140 2
0 238 16 282 0.002123 2
670 450 689 463 0.002076 2
631 379 658 397 0.002033 2
1009 217 1042 231 0.002030 2
1036 270 1141 334 0.002026 2
1024 210 1043 230 0.001995 2
51 253 92 281 0.001978 2
448 422 465 443 0.001973 2
463 421 505 448 0.001959 2
737 434 783 458 0.001958 2
998 190 1046 224 0.001955 2
463 420 525 449 0.001954 2
590 429 608 439 0.001924 2
110 398 162 426 0.001913 2
157 395 191 422 0.001911 2
1040 520 1068 529 0.001909 2
548 203 564 217 0.001904 2
633 201 653 217 0.001878 2
1016 336 1024 344 0.001875 2
319 202 334 231 0.001874 2
31 395 64 421 0.001874 2
1096 224 1136 263 0.001867 2
111 397 141 426 0.001860 2
1036 311 1087 339 0.001835 2
319 202 338 232 0.001831 2
0 240 15 283 0.001830 2
47 438 65 452 0.001812 2
0 256 50 281 0.001810 2
59 253 94 287 0.001796 2
48 254 93 288 0.001793 2
104 249 145 264 0.001783 2
45 401 148 425 0.001750 2
191 392 218 420 0.001729 2
689 453 703 466 0.001702 2
680 198 691 216 0.001698 2
156 397 193 421 0.001686 2
107 399 170 425 0.001678 2
599 320 607 328 0.001650 2
631 373 659 397 0.001641 2
1107 488 1137 509 0.001640 2
631 375 658 397 0.001640 2
293 175 310 198 0.001635 2
356 216 368 231 0.001627 2
60 253 92 268 0.001609 2
877 200 907 244 0.001593 2
876 188 943 229 0.001589 2
591 425 608 435 0.001575 2
0 401 51 423 0.001548 2
59 253 92 281 0.001542 2
0 258 50 281 0.001530 2
591 448 607 458 0.001525 2
0 400 54 423 0.001482 2
1233 196 1256 232 0.001464 2
43 394 63 421 0.001438 2
11 394 63 422 0.001434 2
896 475 913 487 0.001434 2
1045 311 1088 336 0.001427 2
734 436 764 458 0.001426 2
1047 312 1088 337 0.001422 2
690 197 721 232 0.001422 2
1119 64 1152 77 0.001417 2
1036 311 1088 339 0.001386 2
734 428 766 457 0.001384 2
0 253 299 398 0.001378 2
506 424 584 449 0.001365 2
114 398 184 424 0.001363 2
522 187 552 217 0.001341 2
581 186 658 218 0.001335 2
1263 348 1279 360 0.001331 2
0 264 285 404 0.001323 2
630 371 659 397 0.001322 2
496 410 524 426 0.001317 2
65 404 140 425 0.001314 2
993 359 1024 400 0.001261 2
142 395 177 423 0.001252 2
60 253 97 288 0.001237 2
0 271 8 291 0.001234 2
448 421 465 443 0.001233 2
495 239 522 251 0.001232 2
0 233 51 282 0.001195 2
598 462 608 469 0.001194 2
614 202 637 215 0.001193 2
1008 193 1056 227 0.001190 2
40 402 142 424 0.001179 2
0 257 16 284 0.001174 2
1039 312 1087 337 0.001167 2
1055 311 1091 337 0.001150 2
863 335 880 343 0.001149 2
1230 196 1257 232 0.001148 2
1035 278 1089 337 0.001146 2
626 200 646 217 0.001134 2
30 256 49 280 0.001133 2
0 257 19 295 0.001129 2
971 209 1020 241 0.001127 2
611 202 645 216 0.001114 2
463 422 497 447 0.001107 2
999 213 1008 225 0.001103 2
640 450 655 461 0.001103 2
986 357 1024 389 0.001095 2
598 450 608 461 0.001086 2
895 474 913 487 0.001082 2
157 396 193 418 0.001076 2
60 253 94 280 0.001075 2
156 398 195 424 0.001066 2
29 238 69 280 0.001065 2
1057 312 1123 331 0.001053 2
568 426 577 432 0.001044 2
592 449 608 459 0.001042 2
321 208 354 233 0.001031 2
294 176 306 196 0.001027 2
156 397 214 424 0.001016 2
36 250 85 281 0.001015 2
1087 312 1118 329 0.000997 2
47 438 64 454 0.000993 2
105 408 144 438 0.000981 2
323 190 340 199 0.000976 2
623 320 660 363 0.000974 2
620 320 659 371 0.000973 2
1262 341 1279 360 0.000973 2
1262 508 1279 517 0.000962 2
998 205 1012 225 0.000955 2
606 448 624 460 0.000949 2
1050 312 1088 340 0.000947 2
632 372 659 397 0.000940 2
1199 334 1216 346 0.000935 2
544 217 595 280 0.000921 2
1009 220 1027 246 0.000911 2
273 184 294 193 0.000909 2
243 412 263 423 0.000908 2
246 414 263 423 0.000905 2
986 355 1022 387 0.000901 2
86 251 111 264 0.000895 2
624 319 668 377 0.000883 2
107 396 139 426 0.000881 2
1247 479 1258 486 0.000881 2
639 310 685 331 0.000880 2
662 274 672 283 0.000878 2
191 392 213 417 0.000876 2
703 448 718 468 0.000874 2
297 175 316 198 0.000869 2
804 210 861 242 0.000864 2
156 236 219 267 0.000864 2
491 409 524 424 0.000854 2
633 378 658 398 0.000849 2
699 303 768 336 0.000847 2
60 254 88 265 0.000844 2
496 238 530 251 0.000835 2
322 207 353 232 0.000833 2
519 424 586 439 0.000831 2
540 428 588 439 0.000828 2
36 401 157 424 0.000826 2
903 456 913 463 0.000821 2
40 399 124 423 0.000814 2
1054 311 1089 334 0.000810 2
572 427 609 462 0.000807 2
1241 248 1279 270 0.000804 2
729 302 768 331 0.000792 2
526 182 548 211 0.000791 2
0 256 51 295 0.000791 2
970 202 1010 230 0.000790 2
639 312 682 346 0.000784 2
60 253 94 272 0.000783 2
1058 311 1128 359 0.000780 2
1072 465 1080 471 0.000775 2
992 360 1019 387 0.000770 2
65 276 95 288 0.000763 2
539 433 560 449 0.000761 2
97 409 144 439 0.000761 2
493 409 539 425 0.000759 2
47 439 64 454 0.000757 2
186 394 225 424 0.000753 2
175 401 194 420 0.000744 2
704 302 752 377 0.000736 2
628 311 688 361 0.000728 2
704 302 768 331 0.000727 2
991 192 1038 227 0.000714 2
898 199 937 248 0.000713 2
295 200 332 232 0.000712 2
188 392 210 424 0.000708 2
831 480 840 486 0.000707 2
1110 488 1137 509 0.000704 2
38 401 131 423 0.000698 2
359 408 367 415 0.000695 2
744 205 761 216 0.000695 2
31 257 49 293 0.000691 2
648 440 701 463 0.000689 2
656 449 665 458 0.000683 2
639 311 670 330 0.000682 2
1037 195 1055 229 0.000678 2
116 236 180 264 0.000676 2
640 312 672 330 0.000675 2
630 455 640 461 0.000669 2
511 342 520 350 0.000659 2
31 256 62 287 0.000658 2
1239 247 1279 269 0.000652 2
534 428 585 454 0.000652 2
642 438 704 463 0.000643 2
612 196 654 216 0.000642 2
970 199 1008 231 0.000641 2
1002 203 1076 262 0.000640 2
1055 310 1126 329 0.000639 2
331 202 378 232 0.000634 2
30 255 70 292 0.000634 2
592 184 623 210 0.000632 2
1069 313 1088 340 0.000632 2
1119 64 1153 78 0.000617 2
191 392 210 424 0.000612 2
447 203 464 217 0.000604 2
1262 347 1279 369 0.000603 2
503 309 529 336 0.000602 2
122 236 173 266 0.000601 2
639 439 701 463 0.000599 2
38 393 249 428 0.000597 2
1121 64 1152 74 0.000596 2
24 393 137 423 0.000594 2
38 254 91 289 0.000593 2
65 274 97 288 0.000589 2
503 312 528 335 0.000588 2
482 183 503 214 0.000587 2
874 202 906 244 0.000587 2
64 276 92 288 0.000587 2
590 450 607 460 0.000587 2
1244 179 1279 233 0.000587 2
352 215 369 232 0.000585 2
671 463 681 470 0.000581 2
1246 337 1279 410 0.000577 2
775 231 788 237 0.000571 2
306 185 334 232 0.000571 2
1263 363 1279 375 0.000571 2
870 177 940 200 0.000569 2
56 269 94 288 0.000566 2
102 411 144 439 0.000564 2
612 197 646 216 0.000563 2
1182 369 1262 425 0.000559 2
1227 248 1279 276 0.000558 2
29 393 125 423 0.000558 2
154 392 216 420 0.000557 2
1202 495 1233 512 0.000555 2
1219 248 1280 296 0.000555 2
733 301 768 327 0.000552 2
1024 283 1089 339 0.000552 2
1119 64 1150 76 0.000551 2
544 443 560 454 0.000550 2
637 686 681 703 0.000549 2
668 205 703 233 0.000548 2
675 457 690 470 0.000547 2
310 192 336 232 0.000546 2
132 414 144 429 0.000545 2
1007 512 1016 520 0.000543 2
30 395 145 423 0.000542 2
959 481 971 487 0.000541 2
964 480 975 487 0.000538 2
47 434 96 452 0.000537 2
333 214 354 234 0.000535 2
47 436 81 449 0.000530 2
581 448 592 460 0.000528 2
447 399 488 443 0.000522 2
0 278 20 295 0.000521 2
719 302 768 343 0.000520 2
1262 220 1279 270 0.000520 2
104 248 128 265 0.000512 2
60 253 106 288 0.000512 2
1183 363 1264 423 0.000504 2
639 312 672 330 0.000503 2
543 443 560 454 0.000498 2
1042 194 1056 203 0.000495 2
31 386 64 422 0.000495 2
466 408 514 431 0.000494 2
0 440 8 447 0.000492 2
0 279 8 295 0.000489 2
503 313 528 335 0.000488 2
639 311 671 329 0.000488 2
1182 275 1215 285 0.000488 2
707 300 765 377 0.000482 2
140 236 198 269 0.000481 2
0 257 49 295 0.000479 2
273 185 292 194 0.000479 2
1224 163 1279 181 0.000476 2
48 436 90 450 0.000476 2
157 393 183 422 0.000476 2
1176 332 1201 356 0.000476 2
638 689 682 703 0.000473 2
464 408 514 434 0.000471 2
494 408 509 418 0.000469 2
239 403 289 447 0.000467 2
999 219 1021 241 0.000466 2
495 407 563 431 0.000465 2
574 440 593 463 0.000462 2
1264 350 1279 365 0.000462 2
124 239 183 277 0.000458 2
870 177 940 197 0.000457 2
1264 509 1279 519 0.000453 2
1135 487 1162 502 0.000452 2
61 404 148 424 0.000449 2
154 238 225 277 0.000447 2
867 176 940 202 0.000444 2
265 193 277 207 0.000444 2
689 456 703 470 0.000442 2
664 194 693 229 0.000441 2
99 411 143 438 0.000439 2
587 202 613 215 0.000438 2
496 408 542 430 0.000437 2
607 455 624 470 0.000434 2
702 304 766 346 0.000431 2
623 316 668 363 0.000430 2
1043 267 1114 333 0.000427 2
138 248 154 264 0.000425 2
636 672 698 703 0.000424 2
0 264 236 410 0.000423 2
122 223 134 236 0.000422 2
639 274 677 335 0.000422 2
149 392 176 420 0.000416 2
206 393 224 414 0.000412 2
1053 269 1132 331 0.000411 2
431 424 463 441 0.000410 2
866 176 940 203 0.000410 2
1220 163 1278 209 0.000408 2
63 406 111 424 0.000406 2
448 423 463 445 0.000406 2
103 249 145 274 0.000402 2
1050 268 1130 331 0.000401 2
132 240 198 277 0.000400 2
179 246 238 275 0.000398 2
1264 367 1279 375 0.000398 2
1211 250 1279 293 0.000396 2
120 242 171 276 0.000395 2
59 434 80 446 0.000394 2
261 196 273 205 0.000393 2
1175 268 1231 287 0.000391 2
1042 264 1100 334 0.000390 2
207 398 224 422 0.000388 2
1046 266 1123 336 0.000387 2
48 433 96 452 0.000386 2
607 453 641 468 0.000384 2
529 200 570 223 0.000383 2
924 198 947 219 0.000382 2
909 199 945 248 0.000380 2
632 272 658 284 0.000380 2
229 404 288 446 0.000377 2
2 265 395 408 0.000376 2
1246 359 1279 411 0.000373 2
1035 192 1075 235 0.000373 2
1162 331 1200 366 0.000372 2
479 202 520 250 0.000371 2
588 183 623 201 0.000370 2
233 404 290 447 0.000370 2
653 436 703 467 0.000369 2
639 272 660 285 0.000368 2
631 372 658 397 0.000362 2
1119 64 1153 77 0.000359 2
661 273 689 283 0.000358 2
1170 335 1217 386 0.000358 2
1264 351 1279 368 0.000357 2
51 405 109 424 0.000356 2
298 187 335 233 0.000356 2
239 401 288 448 0.000355 2
1037 198 1077 238 0.000354 2
991 481 1000 487 0.000347 2
639 271 675 333 0.000344 2
503 313 528 335 0.000343 2
1030 309 1090 351 0.000340 2
687 447 703 466 0.000340 2
39 258 89 291 0.000340 2
633 373 661 397 0.000339 2
1042 270 1089 330 0.000339 2
158 392 218 421 0.000337 2
871 496 879 503 0.000337 2
0 507 16 561 0.000334 2
448 423 465 447 0.000334 2
731 301 768 336 0.000332 2
671 423 690 434 0.000331 2
647 438 704 463 0.000330 2
639 274 656 286 0.000329 2
50 434 96 452 0.000327 2
588 429 608 457 0.000323 2
1001 220 1025 247 0.000323 2
1170 471 1197 479 0.000323 2
35 393 288 468 0.000323 2
1264 365 1279 408 0.000321 2
321 199 359 235 0.000319 2
892 193 945 220 0.000317 2
1110 500 1122 509 0.000316 2
192 251 226 277 0.000316 2
916 179 942 200 0.000315 2
446 177 467 216 0.000315 2
866 195 903 239 0.000314 2
431 428 451 440 0.000313 2
1223 273 1279 315 0.000312 2
191 406 288 439 0.000309 2
4 379 64 423 0.000309 2
988 188 1011 223 0.000308 2
1255 247 1279 295 0.000307 2
739 307 767 344 0.000306 2
448 403 464 443 0.000304 2
472 202 519 251 0.000301 2
1263 463 1279 502 0.000301 2
43 402 114 424 0.000301 2
1018 336 1031 344 0.000298 2
603 320 658 379 0.000298 2
160 237 199 266 0.000298 2
1226 164 1274 182 0.000297 2
1262 317 1279 375 0.000296 2
1263 338 1279 367 0.000296 2
1221 164 1280 217 0.000294 2
1228 275 1279 316 0.000294 2
871 177 943 217 0.000292 2
624 319 681 401 0.000292 2
661 273 674 283 0.000291 2
1093 488 1112 503 0.000290 2
700 301 768 332 0.000289 2
1 282 23 295 0.000289 2
543 248 594 280 0.000287 2
749 206 768 218 0.000287 2
1248 306 1279 368 0.000286 2
463 433 476 446 0.000284 2
72 252 130 288 0.000283 2
1167 273 1222 286 0.000282 2
1207 265 1280 297 0.000279 2
206 249 242 275 0.000275 2
660 292 758 374 0.000274 2
334 343 366 355 0.000272 2
273 176 313 199 0.000271 2
504 232 541 254 0.000269 2
1237 274 1279 295 0.000269 2
1247 195 1273 233 0.000268 2
1247 276 1279 300 0.000267 2
1169 274 1217 285 0.000266 2
625 324 658 391 0.000266 2
432 423 463 441 0.000264 2
1148 270 1216 282 0.000264 2
1261 279 1279 296 0.000263 2
535 428 590 454 0.000263 2
1153 274 1280 319 0.000263 2
322 201 356 261 0.000263 2
270 181 315 201 0.000262 2
1120 64 1153 79 0.000262 2
96 414 144 438 0.000261 2
1167 273 1221 285 0.000259 2
866 214 894 243 0.000256 2
334 214 353 230 0.000255 2
1175 273 1280 292 0.000255 2
623 319 662 355 0.000255 2
166 392 234 451 0.000254 2
509 406 583 434 0.000253 2
109 409 144 440 0.000252 2
548 428 591 456 0.000251 2
187 242 244 274 0.000251 2
1134 487 1168 504 0.000250 2
1198 270 1232 288 0.000248 2
669 425 691 440 0.000247 2
743 198 760 216 0.000247 2
641 422 689 440 0.000246 2
1043 263 1096 337 0.000245 2
1151 471 1164 478 0.000245 2
315 200 333 275 0.000245 2
0 226 317 400 0.000244 2
959 199 1100 273 0.000243 2
1135 488 1155 503 0.000243 2
1159 471 1244 498 0.000241 2
1180 291 1280 339 0.000241 2
93 411 144 438 0.000240 2
639 424 655 436 0.000240 2
855 543 864 551 0.000240 2
606 455 641 471 0.000239 2
31 261 49 294 0.000237 2
522 232 543 248 0.000236 2
502 235 535 253 0.000236 2
908 178 941 200 0.000236 2
143 392 177 423 0.000235 2
623 296 694 379 0.000235 2
47 431 81 449 0.000232 2
633 272 676 284 0.000232 2
732 298 768 332 0.000229 2
104 402 176 431 0.000229 2
334 402 382 443 0.000228 2
162 238 193 276 0.000228 2
171 265 189 278 0.000226 2
189 396 238 449 0.000226 2
1237 296 1279 358 0.000224 2
1265 321 1279 349 0.000223 2
447 398 477 442 0.000221 2
675 191 691 214 0.000219 2
114 250 149 275 0.000218 2
1231 283 1279 323 0.000218 2
63 256 134 291 0.000218 2
532 440 545 454 0.000218 2
1264 366 1279 410 0.000216 2
27 260 49 295 0.000216 2
494 407 545 427 0.000216 2
703 305 762 349 0.000215 2
608 230 696 286 0.000215 2
596 326 624 369 0.000214 2
777 471 793 476 0.000214 2
914 520 926 527 0.000212 2
931 182 959 206 0.000212 2
1231 282 1279 317 0.000212 2
1260 365 1279 410 0.000212 2
1229 280 1279 316 0.000211 2
47 436 82 466 0.000211 2
335 403 373 441 0.000211 2
162 239 191 276 0.000211 2
718 458 750 471 0.000211 2
558 429 592 457 0.000209 2
1226 282 1280 325 0.000209 2
639 274 673 331 0.000206 2
44 390 64 407 0.000205 2
732 461 748 471 0.000204 2
1263 278 1279 294 0.000203 2
1199 476 1222 488 0.000203 2
460 406 514 439 0.000202 2
1231 286 1279 336 0.000202 2
496 239 526 253 0.000202 2
632 372 663 398 0.000200 2
47 434 95 467 0.000199 2
492 435 528 453 0.000199 2
1167 273 1217 283 0.000196 2
0 259 51 296 0.000195 2
47 433 96 468 0.000194 2
1174 274 1280 327 0.000194 2
327 204 373 272 0.000194 2
335 403 370 441 0.000194 2
1181 275 1280 317 0.000194 2
0 228 273 397 0.000193 2
103 248 132 284 0.000193 2
924 164 944 184 0.000192 2
1252 506 1275 517 0.000192 2
597 327 624 371 0.000192 2
1167 272 1241 315 0.000191 2
1240 298 1279 355 0.000189 2
1038 274 1141 364 0.000189 2
535 250 586 281 0.000187 2
332 199 384 234 0.000186 2
177 404 296 447 0.000186 2
441 206 467 223 0.000186 2
23 513 45 529 0.000185 2
1222 172 1280 222 0.000184 2
575 428 609 459 0.000183 2
1218 285 1280 336 0.000183 2
507 407 545 428 0.000182 2
506 436 528 453 0.000182 2
9 246 130 291 0.000182 2
764 216 790 237 0.000182 2
334 402 375 441 0.000181 2
499 239 529 253 0.000178 2
607 418 624 432 0.000177 2
1042 271 1107 317 0.000177 2
1149 272 1226 287 0.000176 2
590 320 660 396 0.000176 2
124 249 194 282 0.000175 2
1165 471 1190 483 0.000175 2
1167 273 1264 312 0.000175 2
1161 471 1221 495 0.000174 2
242 406 286 434 0.000174 2
1264 322 1279 371 0.000174 2
336 404 368 416 0.000174 2
589 299 663 379 0.000174 2
1173 273 1235 314 0.000173 2
605 455 641 471 0.000172 2
270 455 288 464 0.000172 2
1197 299 1280 331 0.000171 2
13 507 48 567 0.000171 2
81 388 287 450 0.000170 2
448 389 515 441 0.000170 2
26 513 42 522 0.000170 2
910 177 939 186 0.000169 2
111 390 128 408 0.000168 2
1172 473 1264 515 0.000168 2
1209 537 1254 552 0.000168 2
190 369 227 419 0.000167 2
911 520 926 527 0.000167 2
623 374 658 398 0.000166 2
1228 345 1270 377 0.000165 2
162 393 236 461 0.000164 2
1188 323 1215 346 0.000163 2
1231 280 1279 315 0.000162 2
491 239 528 254 0.000162 2
610 447 641 459 0.000162 2
338 198 389 232 0.000162 2
1199 302 1217 314 0.000162 2
1167 471 1199 482 0.000161 2
327 197 388 231 0.000161 2
1167 273 1256 329 0.000160 2
456 307 509 357 0.000158 2
746 277 909 344 0.000158 2
31 376 48 394 0.000158 2
599 326 624 367 0.000158 2
1136 263 1216 282 0.000158 2
1 225 418 397 0.000157 2
1042 267 1089 338 0.000157 2
1197 288 1277 331 0.000156 2
335 332 373 359 0.000156 2
430 421 457 440 0.000155 2
1231 288 1279 338 0.000154 2
662 274 673 284 0.000154 2
131 256 196 282 0.000154 2
988 184 1018 223 0.000153 2
1087 229 1137 272 0.000153 2
688 182 730 231 0.000153 2
610 450 641 461 0.000153 2
937 201 1076 279 0.000153 2
210 251 228 276 0.000152 2
968 317 1028 355 0.000152 2
1082 225 1135 270 0.000152 2
1175 273 1276 323 0.000152 2
728 275 962 342 0.000152 2
599 327 624 369 0.000152 2
519 642 535 648 0.000151 2
25 257 74 295 0.000151 2
659 296 729 377 0.000150 2
1194 472 1265 514 0.000150 2
31 375 48 394 0.000149 2
745 202 768 232 0.000149 2
1230 285 1279 319 0.000149 2
236 235 257 266 0.000148 2
577 180 732 218 0.000148 2
353 199 387 231 0.000147 2
1166 471 1254 514 0.000147 2
1225 231 1279 307 0.000147 2
1208 275 1244 289 0.000146 2
627 327 659 399 0.000146 2
1071 275 1136 329 0.000146 2
604 272 703 373 0.000145 2
1232 296 1279 356 0.000145 2
1119 64 1151 77 0.000145 2
78 396 288 458 0.000144 2
268 456 288 464 0.000144 2
526 239 546 254 0.000144 2
163 391 231 457 0.000144 2
713 281 768 332 0.000143 2
1167 273 1266 326 0.000142 2
26 238 242 301 0.000142 2
537 267 669 396 0.000142 2
527 641 536 648 0.000142 2
990 188 1005 211 0.000141 2
335 404 367 441 0.000141 2
335 404 368 441 0.000140 2
154 392 213 443 0.000140 2
1197 284 1279 327 0.000140 2
598 327 624 377 0.000140 2
31 376 48 395 0.000139 2
235 407 264 423 0.000139 2
603 200 725 233 0.000139 2
329 208 354 256 0.000138 2
640 461 654 471 0.000137 2
635 271 669 333 0.000135 2
777 471 792 476 0.000135 2
1191 341 1274 382 0.000135 2
193 396 238 458 0.000135 2
1055 464 1068 471 0.000134 2
32 391 111 411 0.000134 2
1199 300 1237 338 0.000133 2
356 200 385 228 0.000133 2
8 241 211 294 0.000133 2
1201 348 1270 380 0.000133 2
425 64 504 97 0.000132 2
1263 465 1279 501 0.000131 2
1202 341 1270 366 0.000131 2
239 416 288 447 0.000131 2
619 263 690 283 0.000131 2
1200 300 1260 329 0.000131 2
731 279 768 335 0.000130 2
194 390 240 451 0.000129 2
109 219 244 279 0.000128 2
560 194 745 281 0.000128 2
239 421 288 446 0.000128 2
427 64 502 97 0.000128 2
1178 270 1267 326 0.000128 2
1160 286 1218 346 0.000127 2
189 392 213 445 0.000127 2
630 372 689 418 0.000127 2
0 428 8 448 0.000126 2
1150 502 1166 510 0.000126 2
148 393 226 447 0.000126 2
598 318 609 342 0.000124 2
47 412 78 454 0.000124 2
0 462 16 521 0.000124 2
335 198 387 232 0.000123 2
32 440 46 447 0.000123 2
754 278 852 345 0.000122 2
238 215 257 259 0.000122 2
673 440 703 461 0.000122 2
330 341 373 360 0.000122 2
4 506 47 535 0.000121 2
1168 263 1184 269 0.000121 2
493 435 526 453 0.000121 2
585 428 630 444 0.000121 2
1166 272 1239 315 0.000120 2
140 264 173 279 0.000120 2
1185 333 1248 385 0.000119 2
165 253 190 279 0.000119 2
112 395 287 449 0.000119 2
1052 265 1137 315 0.000118 2
5 236 249 325 0.000118 2
1148 185 1202 221 0.000117 2
0 559 83 600 0.000117 2
1129 256 1214 279 0.000117 2
0 467 16 535 0.000116 2
95 423 105 434 0.000116 2
1166 272 1237 314 0.000116 2
604 361 624 376 0.000115 2
1166 273 1224 343 0.000114 2
591 460 608 470 0.000113 2
4 504 47 531 0.000113 2
1173 472 1226 488 0.000112 2
317 408 335 413 0.000112 2
598 327 624 375 0.000112 2
50 433 96 469 0.000112 2
512 407 549 429 0.000112 2
1110 332 1186 411 0.000111 2
34 440 61 449 0.000111 2
1199 474 1225 487 0.000111 2
270 184 295 205 0.000110 2
143 392 178 418 0.000110 2
550 197 722 284 0.000110 2
509 404 587 434 0.000110 2
16 503 48 544 0.000110 2
333 410 384 442 0.000110 2
335 342 370 360 0.000109 2
1111 471 1120 478 0.000109 2
3 242 223 346 0.000109 2
527 436 544 454 0.000108 2
823 543 861 552 0.000108 2
123 257 206 298 0.000107 2
0 471 16 533 0.000106 2
264 456 274 462 0.000106 2
0 397 68 461 0.000106 2
115 403 178 432 0.000105 2
1052 259 1136 299 0.000105 2
0 462 15 587 0.000105 2
31 375 64 427 0.000105 2
638 407 657 429 0.000105 2
22 505 48 568 0.000104 2
975 481 991 487 0.000104 2
487 433 526 453 0.000104 2
1210 338 1246 358 0.000104 2
1262 505 1279 528 0.000103 2
119 246 168 284 0.000102 2
1175 476 1258 513 0.000102 2
383 454 415 471 0.000101 2
107 463 124 471 0.000101 2
1231 287 1279 320 0.000100 2
1210 336 1230 349 0.000100 2
0 503 49 537 0.000100 2
1059 215 1138 262 0.034444 3
1061 217 1138 262 0.033909 3
1071 214 1139 261 0.027050 3
1060 216 1138 263 0.026486 3
1058 216 1139 263 0.013877 3
1101 217 1137 262 0.008244 3
1060 216 1138 266 0.004349 3
1060 215 1139 267 0.000361 3
1054 215 1229 281 0.000173 3
444 165 583 217 0.015814 5
444 167 587 218 0.015103 5
442 159 582 223 0.010016 5
441 160 581 220 0.009332 5
444 169 577 216 0.008514 5
443 164 584 233 0.008250 5
444 171 520 216 0.004485 5
443 173 517 216 0.002835 5
443 164 518 217 0.002590 5
478 171 518 216 0.002184 5
443 160 588 252 0.001720 5
546 171 577 209 0.000979 5
480 172 512 207 0.000628 5
821 135 940 166 0.000511 5
446 154 525 208 0.000457 5
444 165 608 257 0.000444 5
454 151 533 209 0.000325 5
1006 183 1047 218 0.000282 5
1155 279 1280 321 0.000214 5
460 149 526 171 0.000189 5
471 173 507 213 0.000178 5
1173 285 1280 330 0.000174 5
455 143 526 167 0.000127 5
458 143 526 161 0.000125 5
443 161 581 219 0.021323 6
442 156 581 218 0.017276 6
0 393 193 425 0.010972 6
1024 267 1279 482 0.008371 6
0 394 220 425 0.008087 6
0 394 176 426 0.004591 6
982 268 1279 479 0.004559 6
442 154 581 218 0.002771 6
2 395 195 426 0.002342 6
478 160 581 206 0.001958 6
827 135 939 166 0.001249 6
918 262 1279 479 0.001176 6
891 266 1279 481 0.001132 6
826 135 940 165 0.000981 6
827 135 940 160 0.000812 6
826 135 941 159 0.000803 6
825 135 940 175 0.000761 6
640 261 1082 484 0.000738 6
640 269 983 358 0.000682 6
952 269 1279 487 0.000599 6
8 393 297 482 0.000588 6
641 261 1056 490 0.000575 6
640 263 1010 480 0.000545 6
640 264 976 484 0.000539 6
403 74 592 224 0.000471 6
20 396 288 474 0.000468 6
852 254 1278 479 0.000467 6
330 66 620 242 0.000462 6
1021 350 1279 504 0.000446 6
462 408 705 460 0.000445 6
20 401 294 484 0.000408 6
0 263 315 423 0.000404 6
825 134 939 162 0.000390 6
539 260 958 483 0.000378 6
641 262 1077 354 0.000348 6
994 374 1279 499 0.000329 6
10 415 308 484 0.000321 6
434 101 590 223 0.000319 6
47 392 282 479 0.000319 6
897 276 1279 492 0.000318 6
642 268 1078 360 0.000316 6
495 258 958 481 0.000310 6
45 393 238 478 0.000308 6
1 103 397 404 0.000282 6
466 405 710 462 0.000281 6
1 134 407 399 0.000260 6
0 210 327 401 0.000259 6
1062 144 1278 276 0.000228 6
822 134 944 165 0.000224 6
642 260 1071 494 0.000222 6
641 265 1102 372 0.000217 6
39 392 246 479 0.000215 6
464 142 580 210 0.000198 6
2 71 414 404 0.000194 6
640 247 1133 354 0.000192 6
1066 158 1279 283 0.000184 6
1 159 345 403 0.000183 6
428 75 629 233 0.000179 6
499 255 956 468 0.000168 6
645 354 976 486 0.000156 6
495 157 649 220 0.000156 6
0 75 384 407 0.000154 6
559 269 956 378 0.000152 6
702 410 790 472 0.000151 6
944 382 1279 508 0.000144 6
52 423 336 482 0.000143 6
0 258 226 422 0.000138 6
640 243 1103 493 0.000126 6
0 84 344 405 0.000124 6
489 64 936 275 0.000123 6
458 412 729 472 0.000121 6
443 408 714 483 0.000113 6
495 64 942 254 0.000111 6
445 178 494 217 0.000108 6
462 271 710 458 0.000103 6
612 270 958 385 0.000103 6
452 392 825 472 0.000102 6
337 64 684 260 0.000101 6
861 177 943 241 0.299632 7
852 176 943 242 0.261188 7
865 177 942 240 0.216833 7
856 176 942 240 0.207559 7
802 176 942 242 0.202211 7
826 176 943 242 0.150151 7
845 176 942 241 0.138094 7
697 152 943 243 0.094483 7
802 161 942 242 0.081632 7
707 152 856 237 0.071504 7
711 153 859 239 0.066293 7
696 151 947 240 0.064035 7
866 176 942 231 0.061903 7
695 155 943 243 0.057792 7
694 149 943 244 0.053449 7
866 176 940 232 0.040508 7
700 152 859 238 0.039379 7
707 152 809 236 0.035780 7
1040 267 1279 347 0.034288 7
717 153 858 240 0.034152 7
0 392 31 424 0.032382 7
712 153 810 227 0.030819 7
1037 267 1278 343 0.029939 7
1183 230 1279 268 0.029237 7
706 152 842 238 0.024276 7
1043 271 1167 337 0.023540 7
865 176 942 228 0.022995 7
705 153 810 228 0.022644 7
1007 196 1052 229 0.022288 7
714 153 861 237 0.022144 7
1181 167 1279 268 0.020435 7
1007 196 1053 228 0.019232 7
805 165 943 242 0.019177 7
1041 269 1280 349 0.018957 7
700 152 810 234 0.018061 7
1030 267 1280 475 0.017022 7
711 153 810 238 0.016412 7
802 182 853 241 0.016305 7
1183 182 1279 268 0.016010 7
1041 271 1174 341 0.015953 7
1007 195 1054 229 0.015617 7
585 183 622 215 0.013979 7
1042 272 1167 334 0.013827 7
1044 272 1167 341 0.013739 7
1183 171 1280 267 0.013148 7
454 166 577 215 0.010570 7
1007 196 1053 230 0.010349 7
866 176 939 230 0.009595 7
1040 271 1156 333 0.009351 7
586 183 622 210 0.009302 7
1045 269 1168 334 0.008922 7
802 177 856 240 0.008760 7
585 183 624 215 0.008745 7
802 175 855 230 0.008351 7
480 169 577 216 0.008190 7
802 181 855 240 0.008070 7
801 144 942 240 0.007814 7
467 168 578 216 0.007747 7
802 173 857 224 0.007735 7
1040 271 1162 335 0.007674 7
674 152 947 265 0.007602 7
866 176 941 224 0.007560 7
1039 271 1142 333 0.007347 7
1183 216 1279 267 0.007151 7
481 168 577 214 0.006985 7
803 183 851 240 0.006721 7
678 154 947 255 0.006529 7
1033 258 1280 348 0.006094 7
1005 267 1279 479 0.005552 7
1033 271 1147 335 0.005335 7
1183 228 1279 269 0.005205 7
803 179 853 232 0.004928 7
1136 274 1279 420 0.004640 7
1187 172 1279 234 0.004493 7
584 182 654 216 0.004424 7
549 172 576 202 0.003782 7
802 178 854 240 0.003748 7
1046 260 1160 332 0.003612 7
1185 171 1279 233 0.003445 7
866 177 941 206 0.003370 7
671 151 947 273 0.003254 7
693 153 810 231 0.003208 7
866 182 938 237 0.003120 7
586 183 621 202 0.002948 7
1145 274 1279 421 0.002846 7
1044 235 1143 330 0.002813 7
695 152 811 221 0.002756 7
1185 166 1279 231 0.002742 7
777 143 945 245 0.002644 7
1037 271 1157 347 0.002643 7
1039 256 1258 338 0.002606 7
865 176 937 235 0.002422 7
800 184 862 241 0.002419 7
465 161 579 212 0.002301 7
0 374 31 424 0.002296 7
803 173 858 228 0.002271 7
478 171 518 216 0.002270 7
867 177 941 221 0.002247 7
1209 172 1279 269 0.002174 7
1040 230 1142 331 0.002093 7
801 183 852 241 0.002079 7
1132 273 1168 347 0.002075 7
706 191 804 226 0.002074 7
1044 274 1187 347 0.001947 7
663 271 768 367 0.001907 7
1165 161 1279 268 0.001653 7
802 163 857 219 0.001644 7
694 133 943 247 0.001598 7
191 392 210 419 0.001581 7
865 177 927 238 0.001570 7
586 183 623 205 0.001535 7
1131 273 1168 346 0.001436 7
867 177 940 203 0.001426 7
1043 248 1276 314 0.001421 7
668 288 768 375 0.001407 7
586 152 864 237 0.001358 7
803 167 855 221 0.001332 7
847 176 926 241 0.001299 7
664 270 768 349 0.001290 7
801 150 938 237 0.001270 7
954 263 1278 342 0.001260 7
847 174 930 237 0.001226 7
1128 272 1168 348 0.001221 7
661 275 768 375 0.001212 7
1183 169 1252 265 0.001165 7
475 153 580 215 0.001163 7
996 224 1280 344 0.001069 7
1259 169 1279 268 0.001065 7
1134 273 1168 346 0.001034 7
706 299 766 376 0.001004 7
1262 166 1279 235 0.000981 7
1031 194 1137 264 0.000971 7
1223 177 1276 235 0.000966 7
1180 166 1238 228 0.000958 7
441 159 584 256 0.000953 7
1052 163 1279 356 0.000947 7
580 177 660 216 0.000929 7
1133 273 1168 343 0.000926 7
698 299 768 374 0.000906 7
293 199 389 272 0.000894 7
726 152 807 206 0.000894 7
1186 162 1279 231 0.000894 7
716 154 821 237 0.000890 7
661 276 768 370 0.000886 7
1180 160 1279 231 0.000874 7
304 198 388 246 0.000850 7
160 393 218 420 0.000832 7
778 134 942 246 0.000814 7
681 159 1026 263 0.000796 7
639 439 702 461 0.000786 7
1138 274 1280 362 0.000782 7
949 264 1279 437 0.000757 7
1001 190 1116 253 0.000734 7
582 189 649 216 0.000718 7
1165 299 1280 354 0.000710 7
677 152 914 269 0.000709 7
1150 274 1168 341 0.000697 7
577 187 617 218 0.000681 7
952 261 1275 339 0.000676 7
1223 178 1279 235 0.000673 7
1056 269 1138 332 0.000670 7
713 299 768 371 0.000662 7
1050 269 1138 332 0.000660 7
1173 227 1279 298 0.000612 7
971 185 1053 235 0.000611 7
692 122 946 246 0.000607 7
662 270 857 367 0.000605 7
1262 166 1279 239 0.000586 7
1064 271 1140 337 0.000581 7
813 133 947 248 0.000571 7
728 152 807 209 0.000569 7
717 301 767 376 0.000549 7
978 183 1056 222 0.000535 7
1046 266 1139 330 0.000525 7
582 169 643 216 0.000505 7
866 176 940 204 0.000495 7
1168 298 1280 350 0.000488 7
1224 171 1259 234 0.000470 7
1172 301 1276 352 0.000463 7
831 133 947 238 0.000455 7
1145 272 1168 342 0.000452 7
865 176 937 231 0.000420 7
719 152 810 205 0.000414 7
327 199 387 240 0.000409 7
928 261 1277 395 0.000402 7
862 177 955 254 0.000397 7
1187 301 1280 349 0.000395 7
734 152 810 220 0.000372 7
996 183 1047 218 0.000367 7
706 143 869 228 0.000326 7
847 149 889 219 0.000322 7
449 168 581 251 0.000321 7
969 194 1082 273 0.000305 7
1102 166 1208 249 0.000301 7
734 152 809 216 0.000298 7
870 175 1054 269 0.000278 7
293 198 386 276 0.000266 7
1221 170 1277 229 0.000262 7
976 171 1059 230 0.000262 7
576 170 664 217 0.000259 7
659 269 856 353 0.000259 7
1207 167 1257 234 0.000258 7
1128 272 1233 342 0.000256 7
1247 307 1279 375 0.000252 7
962 193 1075 279 0.000251 7
705 138 860 230 0.000243 7
703 136 830 219 0.000243 7
298 199 333 232 0.000236 7
1185 300 1245 351 0.000236 7
1068 272 1140 345 0.000228 7
1129 272 1236 321 0.000211 7
662 274 758 367 0.000206 7
704 132 859 224 0.000195 7
640 152 990 362 0.000194 7
319 198 389 248 0.000191 7
891 189 1091 283 0.000190 7
693 140 820 218 0.000188 7
1152 276 1221 345 0.000186 7
688 155 791 227 0.000184 7
1134 273 1168 322 0.000182 7
1007 183 1055 216 0.000182 7
1174 302 1278 380 0.000181 7
641 150 1082 363 0.000179 7
723 153 809 208 0.000177 7
510 159 911 271 0.000172 7
1004 165 1067 230 0.000171 7
684 87 942 244 0.000171 7
1093 162 1215 249 0.000171 7
1198 300 1236 347 0.000171 7
2 189 432 382 0.000170 7
714 152 805 206 0.000166 7
295 198 333 234 0.000165 7
987 168 1061 230 0.000158 7
1056 270 1138 334 0.000156 7
1195 297 1278 367 0.000146 7
1135 269 1211 338 0.000142 7
973 167 1059 233 0.000136 7
866 173 937 204 0.000132 7
1099 161 1211 220 0.000132 7
569 172 621 205 0.000132 7
1199 292 1280 350 0.000126 7
785 132 1037 269 0.000122 7
642 149 1138 358 0.000114 7
1101 163 1215 223 0.000112 7
718 164 1071 288 0.000110 7
93 196 408 369 0.000108 7
518 137 889 238 0.000106 7
451 261 540 348 0.000101 7
716 273 851 353 0.000101 7
579 269 951 361 0.000100 7
1089 150 1103 178 0.591660 9
1089 150 1103 178 0.528036 9
512 152 524 181 0.283130 9
513 151 524 182 0.214864 9
1208 171 1215 185 0.099560 9
512 151 524 184 0.099079 9
513 151 525 183 0.069927 9
512 151 524 182 0.057376 9
1215 167 1223 184 0.050349 9
449 157 490 171 0.047803 9
448 157 490 171 0.047487 9
1207 168 1216 185 0.044897 9
372 168 381 184 0.041298 9
239 178 246 190 0.036778 9
1088 150 1103 182 0.034888 9
1214 168 1223 184 0.032504 9
927 149 938 168 0.029218 9
895 155 907 173 0.027207 9
449 156 490 170 0.026954 9
878 153 891 169 0.026337 9
927 150 937 168 0.026326 9
865 151 880 173 0.025287 9
239 177 247 190 0.022970 9
365 167 373 187 0.022429 9
868 152 881 175 0.020265 9
863 166 870 183 0.019877 9
225 183 231 199 0.018950 9
366 167 374 188 0.017760 9
878 153 891 169 0.017713 9
552 173 572 200 0.017610 9
896 156 906 176 0.017542 9
680 166 687 183 0.016576 9
880 153 894 169 0.016373 9
552 172 575 200 0.015296 9
557 180 568 199 0.015271 9
868 153 881 176 0.015266 9
927 137 939 168 0.014435 9
449 158 487 171 0.014069 9
864 150 880 170 0.012739 9
680 167 687 187 0.011402 9
448 157 490 182 0.011341 9
1232 169 1246 183 0.011003 9
864 165 870 183 0.010802 9
864 151 880 170 0.010765 9
313 150 342 193 0.010607 9
588 175 599 185 0.010526 9
1089 150 1104 182 0.010487 9
844 151 859 166 0.010401 9
1014 144 1025 169 0.010389 9
879 152 895 170 0.010221 9
448 157 490 180 0.010043 9
927 143 940 169 0.009532 9
1232 168 1246 182 0.009277 9
517 191 526 200 0.009006 9
372 167 381 185 0.008606 9
1207 169 1215 185 0.008449 9
1088 150 1105 178 0.008391 9
549 172 579 201 0.008226 9
513 151 526 188 0.008065 9
524 183 535 196 0.008026 9
1013 134 1026 171 0.007860 9
587 171 596 185 0.007846 9
1225 164 1232 180 0.007691 9
1208 169 1215 198 0.007517 9
257 179 262 190 0.007414 9
895 152 905 174 0.007413 9
896 154 909 175 0.007119 9
638 160 644 168 0.006894 9
362 167 369 188 0.006762 9
1014 143 1024 169 0.006760 9
551 173 576 200 0.006683 9
119 64 159 77 0.006406 9
313 149 341 192 0.006387 9
1104 168 1120 201 0.006313 9
665 182 671 195 0.006283 9
463 167 471 183 0.006269 9
840 151 859 166 0.006228 9
119 64 188 81 0.006200 9
365 167 374 189 0.006160 9
119 64 159 78 0.005948 9
927 142 944 168 0.005805 9
927 136 942 168 0.005698 9
119 64 187 80 0.005647 9
895 153 909 177 0.005513 9
372 167 381 185 0.005502 9
95 152 104 176 0.005486 9
119 64 159 78 0.005458 9
1193 169 1201 186 0.005403 9
1006 134 1025 173 0.005386 9
119 64 192 83 0.005289 9
1005 133 1026 173 0.005186 9
1011 135 1025 173 0.005162 9
257 143 267 160 0.005135 9
257 142 268 160 0.005108 9
446 156 490 184 0.005077 9
544 168 553 199 0.005027 9
927 147 944 168 0.004929 9
119 64 159 76 0.004927 9
1154 163 1167 184 0.004924 9
875 153 893 176 0.004872 9
554 177 576 199 0.004826 9
992 147 1000 167 0.004563 9
693 176 699 193 0.004519 9
517 169 547 194 0.004471 9
95 152 105 176 0.004444 9
1207 166 1227 184 0.004372 9
1013 137 1025 173 0.004325 9
1193 164 1202 186 0.004253 9
119 64 162 78 0.004224 9
544 168 563 200 0.004195 9
587 167 602 185 0.004140 9
511 168 549 197 0.004123 9
517 167 547 186 0.004088 9
312 152 342 195 0.004087 9
992 145 1000 168 0.004062 9
1012 136 1025 173 0.004027 9
829 135 860 166 0.004021 9
587 168 595 185 0.004016 9
118 64 187 79 0.003995 9
814 144 822 154 0.003936 9
520 168 547 184 0.003880 9
240 166 247 179 0.003868 9
1210 167 1225 204 0.003855 9
361 167 369 189 0.003760 9
111 151 128 164 0.003703 9
827 135 861 166 0.003680 9
313 147 343 194 0.003678 9
258 143 268 160 0.003589 9
224 182 232 199 0.003578 9
695 177 704 198 0.003517 9
695 176 704 188 0.003504 9
680 167 689 197 0.003477 9
448 154 490 171 0.003434 9
546 166 579 202 0.003384 9
174 64 201 90 0.003372 9
1006 135 1021 173 0.003348 9
542 169 577 201 0.003270 9
543 165 579 202 0.003234 9
441 151 577 218 0.003213 9
840 150 859 165 0.003208 9
447 156 491 189 0.003155 9
168 64 201 90 0.003132 9
118 64 201 90 0.003118 9
1209 167 1226 203 0.003043 9
880 153 897 176 0.003028 9
927 136 944 168 0.003026 9
259 142 268 160 0.002950 9
828 135 861 158 0.002903 9
1006 135 1023 173 0.002864 9
1104 168 1121 204 0.002857 9
1103 168 1120 203 0.002845 9
119 64 183 78 0.002836 9
485 173 496 186 0.002809 9
1104 167 1120 200 0.002687 9
313 149 348 198 0.002651 9
840 119 854 135 0.002618 9
1006 134 1024 174 0.002612 9
841 119 859 135 0.002571 9
545 264 558 281 0.002563 9
119 64 161 79 0.002504 9
1232 168 1246 183 0.002490 9
879 155 893 172 0.002473 9
690 168 698 180 0.002451 9
519 174 548 200 0.002433 9
1214 368 1223 388 0.002363 9
898 157 907 173 0.002361 9
121 64 185 79 0.002357 9
811 156 859 180 0.002321 9
828 135 861 156 0.002306 9
313 152 341 193 0.002302 9
814 147 823 160 0.002290 9
95 151 106 176 0.002288 9
173 64 201 90 0.002270 9
841 119 858 136 0.002183 9
1192 161 1202 186 0.002173 9
1027 129 1040 163 0.002139 9
164 64 182 76 0.002095 9
809 166 828 179 0.002093 9
553 173 575 200 0.002072 9
111 151 128 165 0.002059 9
1012 131 1041 171 0.002021 9
801 143 811 156 0.001988 9
848 182 858 215 0.001972 9
446 156 492 202 0.001888 9
119 64 202 91 0.001888 9
1013 133 1026 149 0.001869 9
256 177 262 191 0.001854 9
1022 159 1029 169 0.001847 9
448 158 491 178 0.001823 9
751 361 759 375 0.001814 9
521 183 536 200 0.001797 9
993 136 1001 169 0.001783 9
1088 145 1104 177 0.001769 9
449 154 491 171 0.001767 9
846 117 865 136 0.001746 9
969 173 976 186 0.001731 9
1116 165 1147 185 0.001714 9
1028 135 1040 160 0.001667 9
703 169 711 180 0.001653 9
567 161 580 176 0.001648 9
1103 164 1148 186 0.001646 9
95 184 101 200 0.001629 9
164 64 202 90 0.001613 9
249 177 257 192 0.001606 9
162 64 184 76 0.001564 9
160 64 183 78 0.001557 9
1102 164 1148 190 0.001541 9
1207 160 1220 186 0.001539 9
842 118 866 136 0.001527 9
1096 131 1105 173 0.001523 9
701 126 713 153 0.001507 9
154 64 203 90 0.001505 9
1088 146 1104 177 0.001499 9
665 154 671 173 0.001494 9
827 135 861 161 0.001492 9
926 135 944 168 0.001491 9
951 352 960 383 0.001472 9
945 168 960 183 0.001469 9
67 169 80 200 0.001462 9
1103 167 1121 206 0.001461 9
95 183 102 200 0.001454 9
546 161 580 198 0.001454 9
1012 133 1034 169 0.001453 9
1211 165 1230 201 0.001444 9
548 173 583 200 0.001442 9
700 151 711 180 0.001438 9
95 151 111 176 0.001428 9
358 168 369 190 0.001399 9
118 64 180 79 0.001397 9
838 145 863 167 0.001396 9
700 119 715 153 0.001394 9
522 183 537 199 0.001394 9
826 135 916 168 0.001371 9
463 250 478 304 0.001370 9
1184 164 1202 187 0.001359 9
946 168 960 185 0.001356 9
512 163 525 196 0.001330 9
1119 165 1146 185 0.001320 9
923 135 941 168 0.001317 9
841 150 864 168 0.001305 9
95 151 111 176 0.001304 9
811 151 859 175 0.001300 9
698 152 707 178 0.001297 9
811 158 855 178 0.001293 9
810 161 858 180 0.001289 9
68 170 80 200 0.001283 9
127 252 144 264 0.001275 9
1154 159 1168 185 0.001273 9
1108 136 1136 165 0.001269 9
1086 241 1093 269 0.001251 9
1184 167 1198 185 0.001240 9
494 151 524 191 0.001237 9
1089 150 1112 179 0.001235 9
827 135 860 153 0.001235 9
698 122 707 152 0.001221 9
959 135 972 160 0.001218 9
713 133 720 152 0.001217 9
1013 134 1041 170 0.001216 9
464 251 479 304 0.001209 9
44 315 56 343 0.001204 9
698 126 705 152 0.001201 9
386 198 398 206 0.001194 9
240 175 250 193 0.001188 9
545 265 559 281 0.001177 9
665 184 671 202 0.001173 9
1027 156 1039 168 0.001166 9
471 160 573 209 0.001164 9
410 178 418 203 0.001159 9
44 317 56 343 0.001158 9
696 158 710 182 0.001158 9
1088 149 1105 194 0.001152 9
1102 132 1136 166 0.001137 9
1104 133 1136 167 0.001132 9
810 160 855 179 0.001132 9
809 160 857 187 0.001132 9
157 64 203 90 0.001131 9
996 133 1012 173 0.001131 9
1180 163 1207 219 0.001130 9
864 136 939 178 0.001129 9
1214 367 1224 387 0.001128 9
960 136 973 160 0.001125 9
1153 164 1167 184 0.001119 9
665 171 671 191 0.001118 9
580 64 596 90 0.001116 9
512 151 544 189 0.001114 9
602 164 612 184 0.001113 9
693 180 702 199 0.001112 9
67 169 80 178 0.001111 9
1101 164 1150 197 0.001110 9
247 176 258 192 0.001109 9
951 347 960 371 0.001099 9
700 123 714 153 0.001096 9
927 147 944 183 0.001091 9
846 136 940 171 0.001053 9
1027 148 1040 163 0.001047 9
997 133 1011 176 0.001046 9
256 158 267 177 0.001034 9
313 148 340 194 0.001034 9
810 160 857 179 0.001025 9
580 64 596 92 0.001020 9
839 119 856 136 0.001014 9
696 146 713 181 0.001014 9
156 64 182 75 0.000996 9
545 255 567 281 0.000989 9
1089 149 1110 178 0.000984 9
461 155 493 196 0.000982 9
689 169 698 189 0.000981 9
1051 110 1084 146 0.000980 9
246 194 256 211 0.000973 9
664 161 671 174 0.000970 9
809 162 858 187 0.000964 9
570 162 581 178 0.000954 9
1103 166 1137 203 0.000929 9
154 64 185 92 0.000915 9
838 151 871 186 0.000911 9
825 135 916 172 0.000908 9
904 65 944 119 0.000904 9
861 112 869 118 0.000901 9
858 112 870 136 0.000896 9
573 182 582 197 0.000883 9
1208 167 1230 205 0.000882 9
846 164 871 218 0.000880 9
589 173 603 186 0.000871 9
927 148 944 183 0.000866 9
799 85 807 99 0.000862 9
601 167 612 185 0.000857 9
568 155 581 178 0.000848 9
812 164 858 184 0.000845 9
1100 130 1136 168 0.000840 9
1110 136 1136 165 0.000818 9
1100 137 1110 166 0.000812 9
69 172 80 199 0.000808 9
1228 162 1248 181 0.000808 9
751 355 760 375 0.000801 9
119 64 195 92 0.000794 9
800 141 823 160 0.000790 9
414 176 421 203 0.000786 9
995 134 1015 173 0.000785 9
1179 164 1228 206 0.000781 9
1041 155 1051 169 0.000778 9
701 118 715 128 0.000777 9
697 151 711 180 0.000768 9
1194 165 1216 189 0.000762 9
678 166 689 205 0.000756 9
960 135 977 161 0.000754 9
1154 165 1167 184 0.000750 9
566 140 581 178 0.000750 9
960 135 976 160 0.000749 9
703 172 711 183 0.000748 9
210 167 218 176 0.000746 9
446 154 523 172 0.000745 9
698 122 707 152 0.000736 9
856 135 921 173 0.000734 9
566 137 581 179 0.000732 9
1097 127 1104 148 0.000727 9
573 258 588 278 0.000724 9
1076 149 1103 186 0.000713 9
378 150 385 162 0.000709 9
570 135 581 167 0.000708 9
1087 229 1105 269 0.000700 9
1045 156 1055 168 0.000691 9
1183 157 1203 188 0.000680 9
564 138 581 169 0.000678 9
856 136 941 173 0.000669 9
414 176 421 203 0.000669 9
1180 164 1203 218 0.000669 9
159 64 190 91 0.000665 9
372 152 382 184 0.000663 9
339 166 352 198 0.000661 9
294 175 307 196 0.000658 9
496 151 524 182 0.000657 9
1101 125 1136 167 0.000657 9
580 64 597 92 0.000649 9
1097 132 1111 168 0.000647 9
689 118 711 152 0.000645 9
1100 147 1112 173 0.000636 9
222 175 248 193 0.000635 9
826 135 909 157 0.000632 9
38 315 57 344 0.000624 9
352 161 363 191 0.000616 9
768 101 784 135 0.000610 9
498 171 513 186 0.000607 9
995 132 1021 173 0.000603 9
1207 161 1232 182 0.000598 9
503 144 524 182 0.000593 9
628 168 637 180 0.000593 9
580 64 597 90 0.000586 9
1108 154 1118 168 0.000585 9
111 138 128 165 0.000581 9
848 136 940 154 0.000579 9
665 151 671 173 0.000578 9
1224 161 1248 182 0.000575 9
904 65 945 120 0.000574 9
879 376 884 387 0.000570 9
1094 175 1107 202 0.000568 9
1048 170 1057 184 0.000559 9
1144 165 1154 185 0.000556 9
1124 164 1156 185 0.000552 9
258 166 271 180 0.000549 9
1102 130 1136 166 0.000548 9
590 164 605 185 0.000539 9
1190 165 1216 197 0.000539 9
802 147 824 161 0.000538 9
850 113 870 136 0.000535 9
578 301 593 317 0.000534 9
806 151 854 182 0.000532 9
1080 128 1136 174 0.000529 9
837 135 939 153 0.000529 9
39 317 56 344 0.000527 9
406 179 417 204 0.000525 9
576 281 596 343 0.000524 9
1097 124 1136 168 0.000523 9
848 303 855 311 0.000521 9
596 64 624 91 0.000521 9
652 153 671 175 0.000521 9
1207 158 1232 186 0.000521 9
369 166 386 200 0.000520 9
999 124 1007 135 0.000518 9
1020 159 1031 175 0.000518 9
1103 166 1123 215 0.000514 9
845 136 940 153 0.000513 9
664 168 688 209 0.000509 9
111 137 128 165 0.000501 9
561 254 588 278 0.000497 9
1108 147 1125 168 0.000491 9
1026 126 1040 164 0.000490 9
241 161 251 180 0.000485 9
1103 139 1137 173 0.000484 9
855 283 862 294 0.000477 9
671 153 677 168 0.000475 9
240 186 256 215 0.000475 9
699 120 715 156 0.000475 9
483 150 524 180 0.000474 9
801 144 812 160 0.000474 9
410 177 418 202 0.000473 9
683 166 704 204 0.000473 9
575 132 581 162 0.000471 9
826 135 855 154 0.000469 9
312 123 365 198 0.000469 9
653 158 661 175 0.000457 9
67 169 80 200 0.000457 9
847 168 871 233 0.000456 9
623 268 640 284 0.000455 9
415 176 421 203 0.000454 9
591 64 624 93 0.000452 9
1190 148 1216 189 0.000450 9
589 64 624 93 0.000449 9
256 161 269 182 0.000447 9
574 276 607 336 0.000446 9
680 155 688 185 0.000442 9
434 171 446 185 0.000438 9
256 143 270 179 0.000438 9
907 104 937 120 0.000436 9
1099 162 1155 196 0.000436 9
960 135 975 161 0.000430 9
48 184 64 206 0.000430 9
995 125 1014 173 0.000427 9
256 84 262 97 0.000425 9
222 177 234 199 0.000425 9
827 149 855 165 0.000424 9
1003 133 1027 173 0.000423 9
67 169 81 181 0.000418 9
209 182 218 201 0.000418 9
211 164 223 178 0.000417 9
706 131 720 154 0.000417 9
811 135 824 158 0.000416 9
573 256 590 278 0.000415 9
462 182 479 197 0.000410 9
339 161 355 196 0.000408 9
95 151 114 176 0.000407 9
959 133 996 163 0.000405 9
448 153 490 171 0.000402 9
907 142 937 176 0.000400 9
312 106 395 197 0.000400 9
1190 138 1205 187 0.000398 9
313 95 368 197 0.000395 9
959 134 995 164 0.000394 9
1114 157 1169 185 0.000393 9
573 255 590 278 0.000393 9
432 171 445 190 0.000391 9
312 143 364 198 0.000391 9
543 160 581 192 0.000391 9
663 170 690 214 0.000388 9
1197 131 1206 190 0.000380 9
1198 132 1205 188 0.000375 9
1103 166 1131 214 0.000374 9
172 64 224 90 0.000372 9
512 144 525 182 0.000371 9
479 171 515 212 0.000371 9
638 161 650 182 0.000367 9
576 279 596 327 0.000366 9
258 168 271 191 0.000365 9
808 160 858 188 0.000360 9
665 165 688 198 0.000358 9
477 168 523 216 0.000357 9
908 104 936 120 0.000356 9
1085 140 1133 177 0.000355 9
702 118 718 128 0.000354 9
1079 149 1103 182 0.000354 9
576 288 594 330 0.000349 9
689 118 705 154 0.000348 9
767 75 784 135 0.000346 9
1151 123 1161 133 0.000343 9
568 535 576 551 0.000342 9
806 171 856 192 0.000342 9
520 393 528 418 0.000340 9
1087 127 1105 178 0.000338 9
49 184 64 207 0.000332 9
768 102 784 136 0.000331 9
574 276 605 334 0.000330 9
700 118 720 154 0.000329 9
443 158 494 220 0.000328 9
960 135 980 162 0.000326 9
119 64 191 90 0.000326 9
906 105 938 120 0.000323 9
574 275 607 346 0.000322 9
448 148 526 172 0.000322 9
1190 165 1223 213 0.000317 9
523 407 544 426 0.000316 9
809 169 818 189 0.000315 9
351 163 365 191 0.000314 9
1255 632 1263 642 0.000313 9
576 80 585 99 0.000312 9
887 345 895 366 0.000312 9
1077 143 1103 181 0.000311 9
68 171 77 200 0.000311 9
1107 361 1120 376 0.000310 9
1228 166 1249 232 0.000307 9
638 151 647 168 0.000305 9
810 150 854 168 0.000302 9
903 64 948 120 0.000300 9
375 161 408 185 0.000300 9
926 165 945 184 0.000299 9
551 139 581 160 0.000294 9
1202 145 1227 190 0.000293 9
1017 140 1057 168 0.000292 9
1042 149 1056 167 0.000292 9
1120 160 1137 183 0.000290 9
991 129 999 155 0.000290 9
1081 173 1090 183 0.000287 9
794 133 825 157 0.000287 9
689 119 706 158 0.000285 9
991 132 1026 173 0.000283 9
256 129 268 161 0.000283 9
595 64 624 91 0.000283 9
857 157 907 189 0.000282 9
454 180 489 211 0.000282 9
741 361 752 375 0.000280 9
823 135 859 162 0.000280 9
575 280 597 355 0.000279 9
347 146 377 190 0.000276 9
650 156 657 174 0.000275 9
1050 119 1058 132 0.000275 9
926 134 960 170 0.000274 9
841 136 938 152 0.000273 9
172 64 229 91 0.000273 9
785 135 820 156 0.000273 9
689 118 713 190 0.000271 9
400 183 409 202 0.000270 9
623 268 650 284 0.000269 9
363 186 376 199 0.000266 9
585 122 601 165 0.000265 9
598 134 606 144 0.000264 9
867 136 941 175 0.000263 9
95 151 108 175 0.000262 9
689 118 703 137 0.000259 9
768 98 784 135 0.000258 9
375 161 408 185 0.000256 9
575 278 596 351 0.000256 9
433 170 445 184 0.000254 9
939 167 961 184 0.000254 9
838 135 946 152 0.000252 9
960 132 998 167 0.000250 9
370 164 401 185 0.000248 9
982 183 991 196 0.000248 9
543 160 577 176 0.000247 9
225 179 243 195 0.000246 9
669 150 678 168 0.000245 9
871 120 878 133 0.000244 9
911 139 941 176 0.000244 9
443 158 493 215 0.000244 9
399 184 408 203 0.000243 9
1103 157 1159 186 0.000243 9
103 536 111 553 0.000242 9
839 136 938 153 0.000241 9
575 79 584 107 0.000241 9
456 152 524 173 0.000241 9
213 174 234 201 0.000240 9
1004 121 1042 169 0.000240 9
222 168 232 176 0.000239 9
373 161 409 185 0.000238 9
959 160 992 188 0.000238 9
1050 118 1060 137 0.000238 9
824 135 920 154 0.000237 9
937 168 961 189 0.000237 9
689 154 704 182 0.000237 9
1149 156 1199 186 0.000237 9
519 392 528 420 0.000236 9
320 91 332 155 0.000232 9
42 311 65 344 0.000232 9
1071 145 1098 215 0.000232 9
806 167 857 191 0.000232 9
575 76 583 95 0.000231 9
438 145 526 172 0.000227 9
262 178 273 196 0.000226 9
575 277 597 325 0.000225 9
653 172 661 197 0.000224 9
245 164 258 176 0.000223 9
48 183 64 207 0.000223 9
1072 142 1101 209 0.000223 9
925 135 960 169 0.000222 9
1171 149 1185 162 0.000222 9
927 124 961 164 0.000222 9
574 64 584 95 0.000221 9
650 166 657 177 0.000221 9
40 312 69 346 0.000220 9
512 145 545 188 0.000220 9
974 170 988 187 0.000217 9
639 274 656 285 0.000216 9
575 280 596 325 0.000215 9
574 125 581 141 0.000214 9
800 87 807 101 0.000214 9
484 143 581 217 0.000213 9
687 119 709 179 0.000213 9
974 181 983 195 0.000212 9
651 150 671 175 0.000212 9
585 123 601 170 0.000212 9
597 286 608 328 0.000211 9
825 135 931 150 0.000211 9
375 162 405 185 0.000210 9
575 310 594 390 0.000210 9
989 119 998 145 0.000210 9
1088 146 1127 183 0.000209 9
961 133 998 167 0.000209 9
581 142 610 186 0.000209 9
95 168 110 201 0.000209 9
595 64 625 92 0.000208 9
470 177 487 200 0.000208 9
67 169 80 200 0.000207 9
1072 121 1136 171 0.000206 9
356 149 384 188 0.000205 9
255 111 263 127 0.000204 9
574 64 593 91 0.000203 9
623 173 637 197 0.000202 9
906 104 940 119 0.000201 9
311 135 392 201 0.000201 9
591 159 604 184 0.000200 9
594 64 636 93 0.000200 9
767 100 784 139 0.000199 9
925 133 960 169 0.000198 9
1057 119 1122 182 0.000197 9
701 117 717 135 0.000196 9
975 189 981 199 0.000196 9
765 134 801 153 0.000195 9
371 161 409 185 0.000195 9
1041 165 1059 184 0.000194 9
551 133 581 166 0.000194 9
593 64 627 106 0.000194 9
705 154 719 181 0.000194 9
765 135 807 154 0.000193 9
765 135 799 153 0.000193 9
576 308 593 390 0.000193 9
1210 153 1224 164 0.000192 9
1222 166 1247 222 0.000192 9
847 111 869 134 0.000192 9
620 158 645 170 0.000191 9
213 161 227 177 0.000191 9
387 185 398 206 0.000190 9
118 64 172 91 0.000186 9
783 113 835 136 0.000186 9
783 114 834 135 0.000186 9
388 149 400 161 0.000185 9
1149 157 1204 188 0.000184 9
1044 116 1108 205 0.000184 9
586 119 599 145 0.000184 9
799 78 807 98 0.000182 9
1150 104 1180 134 0.000179 9
960 166 992 186 0.000178 9
39 313 70 346 0.000177 9
1045 119 1137 178 0.000177 9
977 169 991 185 0.000176 9
855 235 865 268 0.000176 9
871 689 880 703 0.000174 9
644 151 657 168 0.000174 9
904 135 940 171 0.000174 9
1087 662 1101 701 0.000174 9
468 143 524 176 0.000173 9
969 119 985 131 0.000173 9
958 160 992 190 0.000173 9
766 67 784 136 0.000173 9
783 113 836 139 0.000173 9
1149 103 1164 133 0.000172 9
919 142 961 187 0.000171 9
371 149 408 185 0.000171 9
575 289 594 390 0.000170 9
850 88 861 108 0.000170 9
351 154 367 194 0.000170 9
911 145 941 183 0.000170 9
461 184 482 215 0.000168 9
1029 133 1057 165 0.000167 9
548 139 579 155 0.000167 9
597 288 608 329 0.000166 9
487 637 496 654 0.000166 9
830 86 868 136 0.000165 9
374 157 408 184 0.000164 9
585 118 599 136 0.000163 9
1136 133 1153 163 0.000162 9
807 160 856 190 0.000161 9
414 172 443 203 0.000160 9
1033 169 1056 184 0.000159 9
1012 130 1028 142 0.000159 9
862 276 877 329 0.000158 9
905 66 946 120 0.000158 9
1051 134 1104 192 0.000158 9
577 64 598 100 0.000158 9
784 112 838 136 0.000157 9
433 170 447 183 0.000157 9
1113 183 1144 208 0.000157 9
592 147 600 164 0.000157 9
310 89 335 166 0.000156 9
991 132 1011 195 0.000157 9
549 137 582 180 0.000156 9
969 120 985 135 0.000156 9
751 75 769 120 0.000156 9
680 147 689 165 0.000155 9
990 116 999 132 0.000155 9
788 137 807 154 0.000153 9
575 291 595 390 0.000153 9
783 111 840 158 0.000153 9
871 689 884 703 0.000153 9
766 66 784 135 0.000153 9
575 275 602 329 0.000152 9
702 148 723 186 0.000151 9
1110 155 1166 186 0.000151 9
624 64 637 72 0.000150 9
939 141 960 168 0.000149 9
849 89 860 107 0.000149 9
576 334 593 391 0.000148 9
580 120 601 172 0.000147 9
683 122 711 182 0.000146 9
1081 118 1106 174 0.000146 9
1018 168 1033 187 0.000145 9
39 347 48 360 0.000145 9
67 168 104 200 0.000145 9
230 165 246 181 0.000144 9
999 119 1007 135 0.000143 9
207 66 248 87 0.000142 9
904 126 912 138 0.000140 9
256 73 267 98 0.000140 9
783 115 830 137 0.000138 9
575 282 596 356 0.000138 9
880 120 899 138 0.000138 9
1150 148 1198 186 0.000138 9
828 117 857 135 0.000136 9
945 120 960 141 0.000136 9
692 174 715 213 0.000136 9
675 163 690 210 0.000136 9
1052 110 1081 143 0.000135 9
232 130 240 145 0.000135 9
623 163 636 184 0.000135 9
751 74 768 120 0.000133 9
647 519 656 545 0.000132 9
114 155 128 182 0.000132 9
1087 663 1104 702 0.000131 9
585 118 600 156 0.000131 9
1139 150 1152 162 0.000131 9
934 119 961 147 0.000131 9
1037 132 1051 158 0.000131 9
751 77 769 120 0.000131 9
315 111 370 198 0.000130 9
1087 662 1103 702 0.000130 9
691 116 717 204 0.000130 9
885 345 895 371 0.000130 9
463 143 524 166 0.000130 9
415 172 441 203 0.000129 9
543 160 575 173 0.000129 9
942 146 960 171 0.000129 9
576 123 602 182 0.000128 9
544 140 552 154 0.000128 9
962 133 993 154 0.000128 9
159 64 179 94 0.000128 9
688 155 709 200 0.000128 9
93 148 130 197 0.000128 9
1255 633 1263 648 0.000128 9
432 171 446 199 0.000127 9
579 278 590 290 0.000127 9
1161 148 1199 186 0.000127 9
1203 128 1233 188 0.000127 9
589 64 626 106 0.000126 9
847 167 897 230 0.000126 9
444 146 492 172 0.000126 9
1046 109 1107 189 0.000126 9
638 168 657 202 0.000125 9
1054 149 1064 162 0.000125 9
254 96 267 127 0.000124 9
240 99 248 115 0.000124 9
864 135 939 159 0.000123 9
1193 123 1232 194 0.000123 9
719 156 728 169 0.000122 9
1150 103 1186 135 0.000120 9
846 110 862 130 0.000120 9
573 127 604 187 0.000119 9
1043 129 1131 264 0.000118 9
678 116 716 224 0.000117 9
830 119 859 137 0.000117 9
946 165 990 199 0.000116 9
1139 159 1204 207 0.000116 9
680 135 690 161 0.000116 9
1055 151 1064 168 0.000116 9
980 133 992 143 0.000115 9
207 454 224 497 0.000115 9
698 131 722 185 0.000114 9
1009 161 1062 184 0.000114 9
1198 132 1205 178 0.000114 9
578 64 601 105 0.000114 9
948 161 992 189 0.000113 9
920 133 946 168 0.000113 9
968 119 985 135 0.000113 9
372 157 437 204 0.000112 9
1012 105 1129 260 0.000111 9
553 137 579 146 0.000111 9
936 121 960 151 0.000111 9
1192 128 1208 190 0.000111 9
100 183 107 202 0.000110 9
314 64 340 167 0.000110 9
307 107 336 192 0.000110 9
862 112 927 145 0.000110 9
1070 152 1105 222 0.000110 9
763 135 827 154 0.000110 9
725 150 736 160 0.000109 9
592 64 641 108 0.000108 9
1222 161 1274 182 0.000108 9
864 98 909 138 0.000107 9
1086 662 1106 702 0.000107 9
244 161 257 176 0.000107 9
766 67 784 107 0.000107 9
153 185 172 209 0.000106 9
185 168 229 204 0.000106 9
904 66 941 120 0.000105 9
814 76 849 91 0.000105 9
991 124 1031 171 0.000105 9
911 155 927 179 0.000104 9
765 135 802 153 0.000104 9
412 85 530 193 0.000103 9
1073 149 1083 171 0.000102 9
308 104 327 161 0.000102 9
596 149 619 180 0.000101 9
868 119 880 136 0.000102 9
308 107 326 162 0.000101 9
54 159 62 170 0.000101 9
207 66 254 87 0.000101 9
551 137 578 148 0.000101 9
67 169 87 178 0.000100 9
313 151 342 194 0.016161 11
313 149 342 193 0.012943 11
1182 192 1198 215 0.010178 11
1181 192 1199 215 0.009616 11
1181 191 1199 216 0.009343 11
1181 191 1199 216 0.006618 11
1233 196 1256 232 0.004120 11
1051 110 1083 147 0.002231 11
1056 116 1066 130 0.001744 11
312 147 342 193 0.000766 11
1052 111 1083 146 0.000763 11
1180 166 1203 217 0.000442 11
1051 108 1084 147 0.000393 11
312 139 350 195 0.000384 11
1054 122 1066 146 0.000362 11
1179 191 1199 217 0.000279 11
1179 188 1200 217 0.000272 11
