724 191 750 274 0.817079 0
962 199 1023 309 0.801937 0
570 192 593 242 0.523479 0
569 192 594 245 0.514272 0
571 192 593 245 0.513380 0
571 191 593 243 0.484526 0
1120 194 1142 247 0.484159 0
1120 194 1142 248 0.482367 0
1120 194 1144 248 0.443352 0
937 189 961 257 0.377839 0
571 192 593 243 0.357693 0
1120 194 1142 242 0.356549 0
938 188 960 257 0.347468 0
939 185 960 257 0.304139 0
242 200 258 240 0.257063 0
243 200 258 241 0.256399 0
1120 194 1141 237 0.256177 0
938 199 960 256 0.246922 0
938 190 961 256 0.232319 0
242 196 259 240 0.231070 0
938 197 960 256 0.229089 0
938 188 961 257 0.215431 0
938 198 960 256 0.211694 0
1120 194 1141 234 0.190448 0
241 199 258 240 0.154871 0
938 201 961 259 0.137381 0
566 192 593 245 0.122501 0
213 186 225 230 0.116402 0
724 190 749 271 0.103785 0
213 186 225 230 0.099220 0
929 200 959 260 0.090216 0
214 186 225 229 0.082964 0
940 202 961 257 0.077925 0
1083 194 1108 264 0.067309 0
934 200 958 255 0.066765 0
1083 195 1099 256 0.064332 0
1121 194 1140 219 0.064271 0
1083 193 1106 261 0.062763 0
1101 210 1122 253 0.060784 0
1120 194 1141 219 0.058109 0
931 192 959 259 0.055789 0
1084 194 1111 257 0.054945 0
1112 193 1120 203 0.054180 0
1101 210 1120 253 0.052298 0
1081 194 1106 263 0.052049 0
1101 210 1133 252 0.050584 0
633 202 643 215 0.050174 0
939 182 960 257 0.049596 0
1084 194 1108 249 0.048486 0
213 185 226 231 0.048035 0
633 201 643 215 0.047835 0
1121 194 1141 220 0.047211 0
1084 197 1098 234 0.045956 0
1083 195 1115 262 0.044540 0
958 365 981 425 0.040425 0
242 197 258 239 0.039852 0
950 186 960 218 0.038820 0
958 368 981 425 0.038045 0
958 361 982 425 0.037670 0
958 367 982 425 0.037327 0
225 183 231 199 0.036505 0
241 200 258 240 0.035007 0
1084 198 1097 231 0.033206 0
1102 210 1121 254 0.032997 0
1122 194 1142 234 0.032293 0
574 429 592 458 0.031244 0
1210 192 1227 233 0.031135 0
942 186 960 218 0.029897 0
1084 196 1098 230 0.029893 0
225 183 231 199 0.029322 0
1101 210 1119 252 0.028819 0
1210 192 1227 229 0.028351 0
1209 192 1227 231 0.027628 0
947 189 960 218 0.026516 0
465 201 483 263 0.026462 0
1209 193 1227 231 0.025885 0
464 201 483 270 0.025863 0
574 194 593 231 0.025812 0
1084 193 1106 234 0.025235 0
789 330 809 344 0.025174 0
936 201 954 255 0.024489 0
472 205 481 250 0.024369 0
789 329 809 344 0.023962 0
1081 207 1114 263 0.023455 0
784 198 794 215 0.023302 0
848 198 857 223 0.023301 0
1208 193 1227 232 0.023253 0
1144 328 1154 343 0.022946 0
1147 309 1168 344 0.022699 0
1146 309 1168 344 0.022619 0
724 190 748 273 0.022155 0
585 201 595 216 0.022127 0
1144 328 1154 343 0.022073 0
1119 312 1134 344 0.021408 0
574 428 592 457 0.021401 0
958 359 983 426 0.020685 0
1103 311 1119 350 0.020520 0
462 195 485 277 0.020486 0
1145 310 1168 344 0.020408 0
633 201 646 216 0.019587 0
958 370 980 426 0.019586 0
1145 308 1168 344 0.018627 0
1191 383 1207 416 0.018563 0
1191 383 1207 416 0.018341 0
1015 205 1025 223 0.018234 0
1208 191 1227 227 0.018233 0
1109 193 1120 203 0.017885 0
950 184 960 217 0.017766 0
846 198 858 242 0.017708 0
215 184 225 203 0.017155 0
863 437 875 454 0.017129 0
1190 383 1207 416 0.017055 0
1084 192 1110 260 0.017015 0
1111 193 1121 207 0.016799 0
847 199 856 241 0.016764 0
633 201 649 216 0.016654 0
948 198 960 220 0.016623 0
1119 312 1132 343 0.016475 0
1084 185 1102 230 0.016356 0
1144 311 1168 344 0.016162 0
470 204 482 251 0.016005 0
789 330 810 344 0.015847 0
466 203 482 252 0.015807 0
512 192 524 210 0.015557 0
574 192 592 234 0.015385 0
751 457 761 472 0.015291 0
511 194 518 212 0.015197 0
958 356 982 460 0.015161 0
958 362 986 425 0.015127 0
462 200 482 267 0.015104 0
1103 312 1118 348 0.015013 0
750 450 762 472 0.014721 0
1151 309 1168 344 0.014588 0
996 381 1022 426 0.014296 0
942 183 960 217 0.014223 0
848 199 856 236 0.013902 0
864 440 873 454 0.013840 0
213 184 230 231 0.013768 0
1119 312 1134 344 0.013731 0
1119 312 1130 330 0.013478 0
1191 383 1207 416 0.013239 0
1102 311 1118 351 0.013151 0
958 358 991 426 0.012803 0
958 370 979 432 0.012694 0
957 354 983 457 0.012599 0
1082 195 1098 251 0.012544 0
983 448 993 464 0.012405 0
568 199 591 244 0.012323 0
887 471 897 487 0.012070 0
634 184 644 215 0.012036 0
1103 311 1118 349 0.011920 0
957 363 991 425 0.011777 0
1103 312 1117 350 0.011755 0
861 431 872 453 0.011696 0
878 434 895 487 0.011348 0
848 198 865 241 0.011328 0
1119 312 1136 344 0.011299 0
462 201 482 273 0.011242 0
1208 192 1226 227 0.011234 0
789 330 809 344 0.011223 0
1102 312 1119 357 0.011072 0
464 198 482 252 0.010935 0
1104 312 1113 327 0.010926 0
1072 199 1099 262 0.010915 0
784 198 794 216 0.010895 0
319 204 331 230 0.010894 0
983 446 993 458 0.010878 0
944 200 955 217 0.010837 0
692 206 710 236 0.010666 0
510 190 530 247 0.010647 0
1208 192 1227 228 0.010495 0
1039 206 1050 230 0.010421 0
847 197 865 242 0.010369 0
1121 194 1141 217 0.010282 0
574 192 593 221 0.010247 0
958 364 983 424 0.010168 0
510 194 518 216 0.010083 0
878 437 898 487 0.010041 0
1217 193 1229 233 0.009995 0
606 159 615 183 0.009982 0
994 379 1022 427 0.009980 0
1217 193 1229 231 0.009894 0
1146 326 1169 345 0.009879 0
606 158 618 182 0.009830 0
634 183 643 200 0.009762 0
878 435 895 487 0.009724 0
1103 312 1120 352 0.009597 0
1119 312 1135 344 0.009597 0
574 429 592 457 0.009554 0
214 183 231 231 0.009514 0
463 201 482 253 0.009510 0
784 197 795 234 0.009497 0
1013 423 1025 440 0.009495 0
888 471 897 487 0.009453 0
998 382 1023 426 0.009403 0
789 329 815 344 0.009342 0
926 447 935 456 0.009268 0
751 456 768 472 0.009239 0
862 432 876 454 0.009236 0
878 432 896 487 0.009218 0
915 473 928 483 0.009090 0
1190 383 1207 411 0.009081 0
1216 192 1225 203 0.008994 0
1039 206 1051 229 0.008983 0
693 207 703 233 0.008707 0
639 688 672 703 0.008672 0
1082 196 1097 236 0.008542 0
1120 324 1136 344 0.008520 0
751 454 768 472 0.008501 0
848 197 864 237 0.008164 0
1081 193 1097 233 0.008119 0
878 435 898 487 0.007934 0
957 355 991 427 0.007874 0
616 155 625 184 0.007839 0
853 462 866 478 0.007732 0
784 197 794 235 0.007636 0
678 450 688 463 0.007562 0
784 196 795 236 0.007521 0
1144 326 1169 344 0.007507 0
692 207 704 238 0.007502 0
307 185 323 198 0.007362 0
847 211 866 242 0.007245 0
1071 463 1080 500 0.007199 0
1216 193 1228 231 0.007188 0
1216 193 1229 233 0.007138 0
752 449 761 467 0.006999 0
1120 395 1128 411 0.006999 0
929 195 963 262 0.006956 0
462 193 484 301 0.006946 0
607 157 620 183 0.006934 0
510 191 533 248 0.006896 0
993 447 1000 459 0.006849 0
7 64 340 217 0.006839 0
692 207 703 234 0.006832 0
863 435 879 455 0.006808 0
511 189 532 247 0.006683 0
1119 312 1134 343 0.006669 0
1191 384 1206 403 0.006631 0
3 64 324 217 0.006613 0
511 191 529 246 0.006609 0
913 474 928 486 0.006566 0
1118 393 1128 411 0.006562 0
1102 209 1120 236 0.006555 0
616 154 625 179 0.006512 0
1012 425 1025 440 0.006490 0
999 383 1022 401 0.006457 0
1103 312 1124 347 0.006427 0
633 184 645 215 0.006400 0
689 207 704 239 0.006329 0
860 428 885 455 0.006283 0
1 64 261 216 0.006237 0
504 186 535 248 0.006195 0
750 452 763 472 0.006172 0
606 161 615 184 0.006171 0
469 195 486 251 0.006170 0
1103 207 1122 230 0.006169 0
346 187 353 199 0.006157 0
1000 383 1022 400 0.006108 0
516 191 527 210 0.006022 0
617 454 624 463 0.005956 0
510 192 528 245 0.005928 0
622 185 630 200 0.005772 0
911 473 928 486 0.005766 0
863 433 882 481 0.005620 0
847 215 856 242 0.005613 0
1191 209 1204 227 0.005582 0
510 190 535 247 0.005552 0
703 323 720 377 0.005550 0
746 436 773 472 0.005528 0
664 316 680 350 0.005516 0
1103 312 1120 350 0.005494 0
1071 462 1081 500 0.005481 0
831 465 841 478 0.005437 0
784 197 798 234 0.005338 0
616 155 625 174 0.005336 0
1011 208 1025 224 0.005326 0
1072 438 1088 455 0.005313 0
1181 344 1193 376 0.005303 0
1102 312 1120 360 0.005299 0
1046 483 1054 490 0.005289 0
963 440 976 461 0.005283 0
1121 395 1129 411 0.005271 0
1071 437 1088 456 0.005228 0
959 440 969 461 0.005209 0
622 184 629 200 0.005186 0
837 465 849 478 0.005170 0
1247 343 1264 378 0.005166 0
680 450 688 462 0.005139 0
588 169 595 183 0.005132 0
1144 318 1165 344 0.005097 0
1038 206 1051 230 0.005043 0
1208 168 1227 226 0.005028 0
470 201 486 250 0.005026 0
838 468 848 479 0.005025 0
664 317 680 349 0.005014 0
1072 423 1080 433 0.004986 0
210 185 225 230 0.004946 0
822 329 846 344 0.004927 0
1000 384 1017 399 0.004902 0
937 199 956 222 0.004878 0
225 184 233 201 0.004864 0
895 259 922 301 0.004805 0
244 199 261 240 0.004726 0
1 64 238 217 0.004714 0
1071 193 1108 262 0.004711 0
346 186 353 199 0.004709 0
1 64 279 216 0.004692 0
727 325 738 344 0.004691 0
992 452 999 464 0.004643 0
993 380 1023 428 0.004641 0
37 64 342 216 0.004632 0
663 314 681 349 0.004619 0
1178 344 1184 358 0.004616 0
727 189 750 273 0.004591 0
832 468 841 479 0.004573 0
996 380 1024 424 0.004571 0
1246 332 1264 409 0.004564 0
1070 438 1089 501 0.004509 0
788 325 811 344 0.004488 0
1071 436 1089 477 0.004451 0
1015 389 1023 401 0.004446 0
1069 436 1089 502 0.004438 0
1144 317 1169 347 0.004325 0
849 468 866 479 0.004306 0
772 429 784 453 0.004282 0
847 463 858 476 0.004277 0
878 435 889 456 0.004276 0
575 425 584 434 0.004274 0
895 265 909 297 0.004235 0
1071 438 1089 461 0.004198 0
1246 340 1264 402 0.004184 0
1003 382 1024 401 0.004174 0
429 223 439 240 0.004108 0
1183 344 1192 377 0.004095 0
958 356 998 428 0.004088 0
471 199 486 251 0.004061 0
643 199 653 216 0.004057 0
1071 461 1082 501 0.004056 0
783 193 794 215 0.004040 0
961 440 976 460 0.004031 0
1071 437 1089 471 0.004027 0
895 264 910 303 0.004021 0
1056 487 1066 497 0.003995 0
992 380 1021 436 0.003945 0
926 440 936 456 0.003938 0
224 182 233 199 0.003915 0
212 186 228 237 0.003899 0
634 183 645 201 0.003881 0
895 263 911 310 0.003824 0
1103 195 1121 220 0.003800 0
210 186 225 230 0.003791 0
1209 168 1230 233 0.003779 0
982 446 992 462 0.003756 0
897 472 910 485 0.003735 0
1009 431 1015 440 0.003729 0
767 431 773 442 0.003728 0
1247 344 1264 376 0.003728 0
726 325 738 351 0.003725 0
533 203 547 218 0.003723 0
959 367 980 414 0.003718 0
967 444 976 462 0.003717 0
735 325 744 337 0.003704 0
1071 439 1088 458 0.003683 0
662 294 682 351 0.003641 0
821 323 847 343 0.003617 0
986 360 1021 427 0.003607 0
1119 194 1147 249 0.003589 0
1152 439 1158 448 0.003578 0
1136 447 1143 456 0.003573 0
703 425 723 468 0.003573 0
1070 437 1089 484 0.003540 0
1246 340 1264 410 0.003519 0
960 440 969 455 0.003517 0
462 195 484 305 0.003513 0
863 434 880 479 0.003508 0
470 195 486 245 0.003498 0
1233 196 1256 232 0.003472 0
639 690 651 703 0.003431 0
316 64 496 217 0.003425 0
703 423 723 466 0.003408 0
1071 486 1080 500 0.003401 0
959 444 969 462 0.003396 0
1247 422 1253 429 0.003389 0
798 437 819 472 0.003385 0
799 438 817 472 0.003381 0
566 199 581 226 0.003372 0
464 203 476 248 0.003368 0
1187 381 1222 423 0.003352 0
703 321 720 377 0.003326 0
885 200 906 243 0.003322 0
703 309 723 377 0.003319 0
1069 437 1086 502 0.003297 0
1070 486 1081 502 0.003286 0
348 188 357 199 0.003284 0
760 431 766 442 0.003272 0
720 325 741 360 0.003272 0
922 447 931 456 0.003271 0
895 264 908 296 0.003269 0
910 475 928 487 0.003266 0
913 454 928 483 0.003261 0
875 431 909 487 0.003261 0
877 431 889 456 0.003253 0
614 156 625 185 0.003246 0
1045 411 1062 425 0.003244 0
665 451 672 463 0.003237 0
1071 424 1080 440 0.003225 0
1189 381 1217 418 0.003210 0
957 352 994 462 0.003205 0
639 689 662 703 0.003203 0
999 382 1023 425 0.003199 0
864 441 878 455 0.003195 0
1033 453 1040 464 0.003190 0
1031 488 1040 503 0.003179 0
879 200 905 244 0.003173 0
649 408 656 423 0.003156 0
209 182 225 230 0.003134 0
895 259 917 307 0.003123 0
910 453 929 486 0.003122 0
735 446 744 457 0.003096 0
1151 328 1170 355 0.003089 0
910 472 943 484 0.003064 0
858 432 884 480 0.003062 0
1031 481 1041 502 0.003053 0
610 448 624 461 0.003042 0
832 466 848 478 0.003031 0
1183 351 1214 419 0.003005 0
606 153 621 183 0.002996 0
1193 210 1207 228 0.002989 0
703 420 723 467 0.002985 0
740 439 767 473 0.002980 0
640 204 653 216 0.002975 0
649 409 656 424 0.002969 0
690 207 702 238 0.002961 0
1190 203 1203 219 0.002957 0
926 452 936 463 0.002955 0
670 207 679 230 0.002941 0
925 202 952 252 0.002940 0
944 188 969 234 0.002905 0
964 205 1008 301 0.002902 0
957 354 1023 430 0.002866 0
1045 410 1060 424 0.002861 0
686 451 696 464 0.002856 0
464 202 481 271 0.002839 0
1011 195 1053 230 0.002839 0
0 64 69 218 0.002819 0
822 462 832 473 0.002818 0
703 328 719 377 0.002811 0
1 64 193 218 0.002801 0
1038 201 1054 230 0.002782 0
974 201 1011 257 0.002772 0
895 416 904 436 0.002771 0
933 350 984 457 0.002766 0
503 313 512 335 0.002765 0
723 325 744 350 0.002744 0
1039 419 1048 436 0.002743 0
703 423 721 466 0.002734 0
50 64 347 212 0.002733 0
664 317 681 348 0.002730 0
891 202 903 234 0.002710 0
1043 400 1064 427 0.002709 0
965 368 979 390 0.002705 0
1046 482 1055 489 0.002702 0
671 207 680 231 0.002700 0
1234 196 1256 231 0.002692 0
795 328 815 344 0.002679 0
975 688 992 703 0.002676 0
1247 336 1264 407 0.002674 0
878 438 889 457 0.002673 0
967 202 1006 273 0.002668 0
1183 343 1195 393 0.002640 0
703 423 722 467 0.002636 0
212 181 228 230 0.002595 0
1010 386 1024 425 0.002576 0
320 64 495 297 0.002563 0
703 323 719 377 0.002559 0
199 211 208 226 0.002559 0
783 197 798 235 0.002555 0
737 424 784 463 0.002545 0
1038 204 1053 230 0.002534 0
1120 399 1128 415 0.002514 0
788 322 809 344 0.002513 0
986 356 1020 426 0.002507 0
265 196 278 232 0.002502 0
1070 440 1089 501 0.002487 0
1135 446 1143 470 0.002486 0
1247 345 1261 368 0.002481 0
1023 421 1033 440 0.002474 0
955 352 1024 429 0.002473 0
787 318 809 344 0.002471 0
1247 342 1263 408 0.002467 0
1005 383 1023 433 0.002462 0
784 197 797 215 0.002450 0
664 316 680 351 0.002447 0
428 222 439 232 0.002436 0
310 64 496 213 0.002431 0
937 189 960 220 0.002410 0
1188 216 1205 231 0.002409 0
999 450 1008 464 0.002407 0
928 437 944 455 0.002406 0
895 253 924 298 0.002396 0
754 435 774 456 0.002372 0
751 323 760 344 0.002360 0
1040 455 1048 464 0.002349 0
964 359 981 391 0.002341 0
1029 479 1040 502 0.002338 0
1023 456 1033 464 0.002313 0
515 193 537 247 0.002306 0
244 200 260 240 0.002291 0
1111 392 1123 408 0.002291 0
1193 204 1206 223 0.002267 0
891 199 904 233 0.002264 0
767 438 774 447 0.002260 0
895 418 904 439 0.002256 0
1249 344 1264 362 0.002243 0
265 198 277 232 0.002243 0
822 329 847 344 0.002242 0
603 201 615 215 0.002241 0
1183 351 1213 416 0.002240 0
472 196 486 244 0.002237 0
687 449 695 458 0.002225 0
574 424 592 457 0.002223 0
1247 337 1263 411 0.002220 0
1000 384 1017 400 0.002215 0
0 64 66 222 0.002209 0
897 472 913 484 0.002209 0
735 439 760 462 0.002199 0
965 371 979 391 0.002198 0
992 445 1002 462 0.002182 0
758 326 767 343 0.002176 0
969 208 1005 260 0.002171 0
950 346 988 428 0.002165 0
1262 166 1279 245 0.002160 0
703 322 721 378 0.002147 0
332 186 342 199 0.002145 0
895 258 923 315 0.002144 0
1186 373 1223 417 0.002138 0
663 295 682 352 0.002133 0
1023 428 1031 440 0.002133 0
822 326 848 343 0.002131 0
1044 423 1058 437 0.002128 0
860 423 873 445 0.002108 0
773 424 784 440 0.002102 0
965 368 983 391 0.002098 0
1182 346 1210 418 0.002098 0
200 209 208 225 0.002097 0
704 439 721 466 0.002092 0
1205 408 1216 424 0.002089 0
848 183 857 221 0.002084 0
895 260 913 343 0.002082 0
265 196 277 210 0.002077 0
719 325 744 359 0.002075 0
912 448 924 457 0.002068 0
983 441 993 456 0.002067 0
785 196 800 237 0.002060 0
878 199 907 244 0.002049 0
719 325 740 362 0.002028 0
1140 318 1161 343 0.002020 0
965 211 1003 307 0.002017 0
309 64 496 239 0.002016 0
971 201 1014 256 0.002015 0
787 329 813 386 0.002014 0
927 390 945 424 0.002004 0
914 455 927 463 0.002001 0
667 308 688 376 0.002001 0
1104 311 1132 333 0.001995 0
559 194 596 252 0.001994 0
1209 335 1216 344 0.001991 0
979 351 997 391 0.001980 0
1074 191 1105 260 0.001977 0
1031 448 1040 457 0.001972 0
1085 182 1103 212 0.001970 0
1008 424 1019 439 0.001967 0
777 461 784 473 0.001965 0
1042 411 1061 435 0.001961 0
512 192 539 247 0.001959 0
719 325 729 344 0.001956 0
959 437 976 462 0.001938 0
862 463 874 478 0.001935 0
909 473 942 486 0.001932 0
985 204 1015 283 0.001930 0
1246 338 1264 412 0.001927 0
671 207 679 230 0.001925 0
1181 378 1207 415 0.001912 0
1127 446 1135 471 0.001910 0
895 256 913 343 0.001907 0
1145 308 1180 349 0.001897 0
664 314 680 352 0.001893 0
928 443 944 457 0.001886 0
531 195 553 217 0.001884 0
1127 447 1134 457 0.001881 0
1085 183 1104 218 0.001881 0
871 426 929 487 0.001880 0
1248 342 1261 357 0.001877 0
863 420 918 487 0.001872 0
878 200 906 245 0.001863 0
648 191 655 211 0.001848 0
862 469 873 478 0.001841 0
935 427 944 442 0.001840 0
457 202 466 216 0.001840 0
879 439 899 462 0.001826 0
703 437 722 469 0.001820 0
1033 420 1041 439 0.001818 0
1044 431 1057 465 0.001816 0
893 416 913 458 0.001802 0
998 444 1009 461 0.001802 0
664 307 688 375 0.001799 0
757 435 785 472 0.001799 0
1000 363 1024 402 0.001797 0
832 466 849 509 0.001796 0
245 194 257 215 0.001796 0
1000 431 1009 440 0.001792 0
866 420 882 451 0.001791 0
903 257 925 297 0.001791 0
809 209 827 238 0.001787 0
949 346 1005 427 0.001782 0
894 263 908 293 0.001780 0
1178 371 1210 419 0.001772 0
158 206 167 226 0.001771 0
719 435 731 459 0.001770 0
1181 344 1193 358 0.001766 0
873 417 928 487 0.001766 0
812 326 828 344 0.001764 0
1262 166 1279 264 0.001760 0
856 430 873 445 0.001759 0
208 192 224 229 0.001759 0
1169 380 1179 392 0.001750 0
1046 484 1056 495 0.001743 0
1145 313 1179 347 0.001742 0
1045 413 1063 425 0.001740 0
265 202 277 231 0.001726 0
878 201 901 241 0.001726 0
776 331 784 343 0.001721 0
339 64 494 358 0.001717 0
1167 374 1183 423 0.001717 0
764 433 784 459 0.001715 0
801 438 817 466 0.001712 0
783 328 809 344 0.001710 0
1065 423 1072 435 0.001705 0
664 448 671 461 0.001700 0
947 185 968 222 0.001698 0
1029 480 1041 502 0.001696 0
898 416 913 440 0.001695 0
333 185 343 199 0.001692 0
895 261 915 311 0.001684 0
910 261 927 297 0.001684 0
893 438 904 456 0.001682 0
1080 431 1087 440 0.001679 0
831 467 843 508 0.001677 0
1177 344 1184 360 0.001672 0
738 427 771 458 0.001670 0
718 434 730 469 0.001658 0
213 184 234 233 0.001650 0
463 200 472 217 0.001646 0
1170 392 1184 423 0.001644 0
719 325 740 377 0.001644 0
703 325 721 379 0.001640 0
1098 325 1112 346 0.001640 0
0 276 32 423 0.001633 0
831 197 857 241 0.001628 0
1096 410 1104 424 0.001623 0
823 316 848 343 0.001618 0
730 321 744 336 0.001616 0
1118 196 1149 250 0.001615 0
703 320 721 371 0.001610 0
719 327 738 359 0.001601 0
934 423 944 441 0.001598 0
703 434 721 467 0.001598 0
1039 425 1048 440 0.001596 0
380 64 496 246 0.001596 0
475 190 487 215 0.001594 0
775 325 785 343 0.001594 0
1246 343 1264 398 0.001592 0
978 355 997 392 0.001589 0
1234 196 1257 232 0.001588 0
1231 196 1256 232 0.001586 0
1054 423 1064 436 0.001585 0
789 329 817 391 0.001581 0
1096 406 1104 420 0.001563 0
787 318 812 344 0.001554 0
878 414 918 480 0.001554 0
1022 446 1036 457 0.001552 0
975 368 985 391 0.001547 0
798 417 809 443 0.001546 0
1071 391 1084 408 0.001543 0
602 158 617 183 0.001540 0
662 295 693 369 0.001532 0
940 345 988 427 0.001529 0
1261 169 1279 248 0.001528 0
735 437 761 457 0.001518 0
1046 454 1056 466 0.001514 0
0 288 31 423 0.001512 0
1176 496 1184 511 0.001512 0
825 314 848 343 0.001511 0
1199 503 1211 512 0.001505 0
308 64 495 226 0.001503 0
415 251 420 270 0.001503 0
0 258 31 424 0.001496 0
831 415 848 454 0.001492 0
1072 388 1088 409 0.001491 0
907 259 925 297 0.001489 0
1014 444 1025 456 0.001489 0
721 433 736 458 0.001482 0
367 64 496 230 0.001480 0
1176 349 1213 417 0.001479 0
910 336 925 360 0.001479 0
878 422 904 457 0.001477 0
965 368 982 392 0.001477 0
782 329 809 344 0.001473 0
961 360 980 395 0.001471 0
1080 406 1088 415 0.001466 0
1105 487 1115 494 0.001465 0
785 327 816 393 0.001464 0
266 196 279 214 0.001458 0
999 368 1024 401 0.001449 0
1007 360 1024 400 0.001449 0
1095 493 1105 504 0.001448 0
1047 427 1057 438 0.001448 0
719 438 728 459 0.001444 0
446 160 490 305 0.001444 0
800 439 807 448 0.001435 0
1261 167 1279 267 0.001428 0
664 303 688 364 0.001422 0
627 200 646 217 0.001421 0
722 318 745 337 0.001420 0
831 417 848 454 0.001415 0
1038 414 1047 432 0.001414 0
977 354 1010 420 0.001412 0
757 327 767 344 0.001412 0
1175 405 1184 423 0.001408 0
1007 445 1018 456 0.001406 0
1168 412 1177 423 0.001405 0
0 269 31 424 0.001403 0
976 360 996 420 0.001399 0
963 356 988 392 0.001396 0
831 417 848 455 0.001393 0
812 327 843 344 0.001392 0
978 352 998 392 0.001391 0
991 439 1001 458 0.001390 0
928 347 985 458 0.001383 0
1144 327 1173 355 0.001383 0
314 198 334 231 0.001382 0
1152 302 1168 340 0.001381 0
367 207 375 231 0.001375 0
880 315 897 344 0.001375 0
1248 336 1264 363 0.001373 0
1179 208 1205 249 0.001370 0
1202 501 1216 513 0.001369 0
602 162 612 184 0.001367 0
926 424 938 453 0.001365 0
870 433 927 487 0.001365 0
1247 415 1254 428 0.001363 0
935 452 943 464 0.001360 0
893 435 903 456 0.001358 0
664 307 689 364 0.001357 0
895 425 913 457 0.001356 0
958 356 1023 430 0.001356 0
1204 407 1214 417 0.001356 0
1181 345 1210 410 0.001354 0
607 451 624 465 0.001345 0
976 363 997 420 0.001342 0
745 454 763 472 0.001337 0
1168 381 1179 423 0.001336 0
1181 385 1204 412 0.001335 0
0 279 30 423 0.001333 0
907 254 927 297 0.001325 0
1055 488 1067 502 0.001322 0
926 423 941 444 0.001318 0
732 422 784 465 0.001315 0
912 455 926 463 0.001313 0
1039 443 1049 464 0.001313 0
1140 324 1161 346 0.001309 0
312 64 495 363 0.001308 0
668 300 688 367 0.001297 0
872 426 938 487 0.001293 0
1262 166 1279 241 0.001290 0
726 423 737 453 0.001283 0
879 438 901 456 0.001281 0
427 222 440 234 0.001280 0
1071 395 1080 408 0.001274 0
639 676 674 703 0.001274 0
945 340 977 401 0.001272 0
704 422 720 458 0.001271 0
1047 432 1056 455 0.001268 0
683 197 693 215 0.001268 0
1076 423 1087 440 0.001267 0
894 258 914 343 0.001267 0
475 194 487 216 0.001262 0
738 425 785 472 0.001260 0
1071 363 1088 408 0.001256 0
639 373 648 391 0.001255 0
880 156 893 171 0.001253 0
948 352 961 392 0.001250 0
1014 415 1023 430 0.001247 0
910 336 926 360 0.001245 0
686 203 702 235 0.001243 0
1187 379 1226 424 0.001238 0
437 192 443 203 0.001235 0
848 201 882 240 0.001231 0
815 459 832 475 0.001221 0
884 419 896 438 0.001220 0
743 422 784 454 0.001218 0
1197 380 1225 421 0.001218 0
206 197 225 231 0.001216 0
454 202 481 253 0.001216 0
1128 383 1135 391 0.001211 0
879 471 891 487 0.001209 0
971 366 1001 424 0.001209 0
242 200 261 241 0.001209 0
717 430 728 452 0.001207 0
866 458 880 478 0.001202 0
639 673 673 703 0.001202 0
670 315 688 376 0.001198 0
1176 496 1184 509 0.001198 0
1023 410 1034 438 0.001197 0
719 435 736 459 0.001196 0
938 185 974 260 0.001193 0
680 198 691 215 0.001191 0
0 297 31 424 0.001190 0
1104 193 1120 209 0.001187 0
1170 389 1186 422 0.001184 0
567 188 581 217 0.001180 0
1034 413 1042 432 0.001179 0
1216 407 1224 423 0.001179 0
670 305 688 374 0.001178 0
719 327 738 360 0.001178 0
886 433 914 488 0.001177 0
981 366 993 392 0.001177 0
1167 377 1186 417 0.001176 0
1221 336 1266 428 0.001171 0
703 444 719 468 0.001170 0
802 415 809 423 0.001170 0
719 318 730 334 0.001168 0
1074 392 1088 409 0.001167 0
1143 327 1170 355 0.001167 0
662 279 703 364 0.001167 0
1049 486 1067 499 0.001166 0
661 449 691 463 0.001165 0
347 186 357 199 0.001163 0
832 425 843 455 0.001157 0
1111 394 1122 408 0.001157 0
895 421 904 452 0.001155 0
1134 452 1145 472 0.001154 0
1262 165 1279 261 0.001153 0
1081 192 1095 209 0.001151 0
799 425 808 447 0.001147 0
194 187 204 216 0.001147 0
663 295 672 315 0.001146 0
1103 325 1116 360 0.001144 0
863 206 876 238 0.001143 0
1103 312 1120 361 0.001141 0
1151 444 1160 459 0.001140 0
836 478 848 509 0.001139 0
1134 327 1151 343 0.001139 0
1120 317 1138 360 0.001138 0
26 64 365 224 0.001136 0
710 460 720 470 0.001131 0
822 469 831 477 0.001130 0
928 391 945 421 0.001128 0
367 208 375 226 0.001125 0
158 206 167 230 0.001121 0
1039 434 1049 457 0.001120 0
1133 312 1149 343 0.001119 0
0 251 29 423 0.001119 0
946 352 961 398 0.001117 0
752 326 760 345 0.001113 0
718 328 737 360 0.001112 0
1026 375 1041 407 0.001111 0
902 415 913 425 0.001110 0
1014 457 1025 465 0.001109 0
703 323 720 371 0.001095 0
617 159 627 186 0.001088 0
991 406 1001 435 0.001082 0
662 298 689 376 0.001081 0
1138 308 1168 344 0.001079 0
786 329 816 393 0.001078 0
268 188 279 209 0.001076 0
846 463 870 478 0.001070 0
949 340 970 389 0.001066 0
1173 343 1193 381 0.001065 0
976 355 1024 428 0.001065 0
1025 460 1041 503 0.001065 0
0 64 28 210 0.001063 0
991 407 1001 430 0.001061 0
821 329 847 361 0.001059 0
867 433 930 487 0.001059 0
927 391 944 423 0.001056 0
461 188 492 305 0.001048 0
1141 391 1154 408 0.001046 0
798 420 818 467 0.001038 0
1060 424 1091 485 0.001037 0
194 186 201 208 0.001034 0
832 419 849 454 0.001028 0
879 316 896 343 0.001028 0
1097 329 1104 346 0.001026 0
1103 492 1112 504 0.001019 0
330 66 496 356 0.001013 0
1168 373 1181 392 0.001012 0
1182 209 1202 232 0.001006 0
1131 327 1153 344 0.001005 0
365 65 496 245 0.001004 0
717 324 759 376 0.000999 0
354 64 496 224 0.000998 0
1152 438 1168 455 0.000993 0
890 437 915 487 0.000990 0
575 197 599 240 0.000989 0
1174 380 1182 391 0.000989 0
1025 376 1041 407 0.000989 0
376 186 386 201 0.000988 0
444 162 495 282 0.000988 0
895 270 913 343 0.000987 0
85 64 367 207 0.000987 0
980 372 992 392 0.000986 0
962 369 980 392 0.000985 0
1212 394 1224 423 0.000979 0
773 312 789 343 0.000978 0
808 381 814 391 0.000977 0
666 304 689 361 0.000973 0
1071 375 1088 409 0.000973 0
872 439 935 487 0.000973 0
895 243 924 297 0.000972 0
703 318 724 364 0.000970 0
242 196 261 236 0.000970 0
1134 312 1143 328 0.000970 0
1072 374 1088 409 0.000970 0
303 64 495 211 0.000969 0
785 196 795 225 0.000968 0
868 327 882 343 0.000966 0
730 414 784 465 0.000966 0
1263 166 1279 252 0.000965 0
852 433 883 480 0.000964 0
1093 451 1104 471 0.000963 0
1014 471 1024 494 0.000963 0
734 425 761 458 0.000962 0
655 317 682 357 0.000962 0
1007 471 1017 495 0.000962 0
756 459 779 472 0.000960 0
1063 455 1072 468 0.000959 0
790 378 812 391 0.000959 0
928 402 944 424 0.000954 0
1127 446 1137 471 0.000953 0
885 412 896 435 0.000951 0
1055 426 1064 439 0.000948 0
193 185 202 216 0.000947 0
632 201 648 221 0.000946 0
726 192 737 208 0.000946 0
658 414 671 437 0.000945 0
687 424 696 435 0.000944 0
804 316 821 343 0.000942 0
1176 341 1214 417 0.000941 0
607 448 624 460 0.000937 0
864 334 883 344 0.000934 0
1151 442 1164 468 0.000930 0
1260 171 1279 268 0.000930 0
978 208 1019 253 0.000929 0
973 349 997 391 0.000927 0
831 465 845 509 0.000926 0
981 446 994 488 0.000926 0
1007 456 1020 465 0.000924 0
872 200 911 247 0.000922 0
910 336 924 360 0.000922 0
1057 487 1082 500 0.000917 0
909 335 926 360 0.000915 0
979 355 1006 397 0.000915 0
1063 424 1071 440 0.000914 0
1133 443 1148 466 0.000913 0
1118 312 1136 360 0.000911 0
415 249 420 270 0.000911 0
210 188 230 257 0.000911 0
796 412 833 468 0.000910 0
602 167 611 184 0.000904 0
663 293 683 351 0.000903 0
386 198 396 206 0.000902 0
1011 376 1042 434 0.000899 0
1180 341 1209 396 0.000895 0
734 416 784 465 0.000893 0
1027 375 1041 397 0.000893 0
751 459 761 481 0.000889 0
1087 410 1097 424 0.000887 0
727 325 763 372 0.000885 0
766 320 776 342 0.000884 0
703 460 713 469 0.000883 0
1184 332 1217 418 0.000881 0
591 386 608 432 0.000881 0
911 256 923 295 0.000878 0
910 264 927 297 0.000877 0
948 346 1023 428 0.000873 0
568 535 576 552 0.000872 0
1069 201 1094 241 0.000872 0
715 324 739 377 0.000868 0
1043 480 1068 499 0.000868 0
0 326 31 424 0.000866 0
788 374 813 391 0.000865 0
1093 445 1105 471 0.000862 0
1183 222 1206 257 0.000859 0
1031 425 1040 440 0.000856 0
1164 345 1184 393 0.000854 0
1071 465 1080 471 0.000853 0
879 412 887 433 0.000850 0
682 199 693 216 0.000845 0
897 455 915 484 0.000843 0
1109 454 1120 471 0.000841 0
890 201 911 243 0.000839 0
552 172 576 200 0.000839 0
608 449 623 463 0.000837 0
814 406 825 424 0.000832 0
1093 312 1119 349 0.000832 0
195 201 209 227 0.000828 0
725 324 755 377 0.000826 0
1062 201 1078 242 0.000825 0
879 316 893 340 0.000824 0
715 431 740 471 0.000821 0
996 362 1023 401 0.000821 0
806 193 857 237 0.000819 0
345 64 446 229 0.000818 0
922 359 985 460 0.000813 0
1247 421 1255 448 0.000808 0
654 199 662 216 0.000808 0
863 325 881 343 0.000805 0
891 200 912 243 0.000805 0
373 64 497 226 0.000805 0
664 457 672 471 0.000800 0
878 418 887 438 0.000797 0
851 215 875 243 0.000797 0
1120 408 1129 426 0.000797 0
1055 370 1065 389 0.000796 0
41 313 70 400 0.000795 0
1019 376 1040 405 0.000794 0
1211 374 1224 404 0.000794 0
681 200 690 216 0.000794 0
1009 374 1041 421 0.000790 0
742 422 781 450 0.000786 0
851 411 918 485 0.000785 0
437 192 445 204 0.000781 0
1150 450 1160 470 0.000781 0
426 221 440 247 0.000778 0
240 193 252 214 0.000778 0
926 347 986 428 0.000776 0
792 338 818 391 0.000775 0
990 400 1003 424 0.000774 0
724 191 747 221 0.000774 0
979 353 1004 390 0.000771 0
1180 164 1203 218 0.000770 0
1064 464 1071 470 0.000770 0
1104 487 1137 507 0.000769 0
895 261 914 316 0.000769 0
801 409 810 423 0.000765 0
1188 386 1213 423 0.000763 0
845 418 875 443 0.000763 0
1008 471 1019 495 0.000762 0
1169 340 1206 407 0.000761 0
1181 395 1194 420 0.000760 0
983 356 1001 390 0.000760 0
1045 391 1065 424 0.000759 0
323 64 635 277 0.000756 0
1087 455 1096 471 0.000754 0
1141 390 1155 407 0.000753 0
974 688 993 703 0.000750 0
1041 484 1065 502 0.000750 0
1047 391 1065 420 0.000749 0
323 64 532 229 0.000749 0
1103 487 1137 506 0.000749 0
783 196 799 237 0.000748 0
498 190 522 215 0.000746 0
351 64 497 214 0.000744 0
328 64 441 232 0.000743 0
1171 375 1183 392 0.000740 0
774 313 803 343 0.000739 0
1169 343 1192 393 0.000737 0
1176 349 1277 424 0.000735 0
1022 406 1034 435 0.000734 0
615 422 623 432 0.000732 0
265 193 277 208 0.000731 0
909 336 925 357 0.000729 0
789 330 810 357 0.000727 0
328 64 615 307 0.000725 0
1187 188 1224 224 0.000724 0
1039 406 1054 428 0.000724 0
811 314 827 343 0.000723 0
803 185 815 216 0.000722 0
981 349 1008 387 0.000721 0
1150 452 1161 473 0.000720 0
1149 340 1185 397 0.000719 0
1150 334 1177 360 0.000719 0
0 374 31 419 0.000718 0
1058 202 1104 255 0.000717 0
661 409 671 433 0.000716 0
687 451 703 471 0.000716 0
153 64 262 215 0.000714 0
1056 487 1084 502 0.000714 0
1188 334 1216 405 0.000712 0
877 270 903 344 0.000709 0
129 64 479 212 0.000708 0
591 398 608 432 0.000707 0
1273 211 1279 251 0.000706 0
389 64 496 244 0.000705 0
1181 165 1203 217 0.000702 0
751 321 760 333 0.000699 0
547 171 575 216 0.000698 0
1037 195 1055 229 0.000695 0
354 65 442 232 0.000695 0
223 376 240 408 0.000694 0
814 441 824 458 0.000694 0
703 414 781 472 0.000691 0
1077 338 1093 360 0.000691 0
793 344 814 391 0.000689 0
1229 342 1263 419 0.000688 0
1152 342 1188 393 0.000688 0
574 397 584 436 0.000687 0
1182 357 1226 418 0.000683 0
193 187 206 218 0.000683 0
312 183 331 198 0.000683 0
314 64 432 226 0.000683 0
753 417 761 425 0.000681 0
1261 211 1279 269 0.000680 0
447 173 489 306 0.000679 0
1055 663 1065 702 0.000679 0
242 205 261 241 0.000678 0
0 374 14 409 0.000678 0
312 64 368 196 0.000677 0
588 387 608 433 0.000677 0
1120 439 1147 471 0.000677 0
958 377 977 457 0.000674 0
815 440 824 454 0.000674 0
1134 440 1145 458 0.000674 0
955 369 999 426 0.000673 0
787 437 801 450 0.000672 0
730 326 761 375 0.000670 0
1223 408 1231 423 0.000669 0
1075 333 1093 359 0.000669 0
830 470 847 509 0.000666 0
1258 180 1279 256 0.000666 0
703 423 720 455 0.000665 0
1010 469 1024 495 0.000663 0
929 384 945 414 0.000663 0
193 184 208 222 0.000662 0
303 65 472 360 0.000661 0
414 64 496 258 0.000660 0
1095 441 1104 470 0.000660 0
927 391 936 407 0.000659 0
677 456 689 470 0.000658 0
1246 342 1278 428 0.000657 0
698 328 703 338 0.000655 0
986 345 1009 389 0.000654 0
1097 399 1104 410 0.000653 0
668 323 688 377 0.000653 0
1069 195 1093 228 0.000652 0
1184 340 1226 418 0.000651 0
591 400 608 431 0.000651 0
1167 375 1209 421 0.000649 0
1215 348 1264 425 0.000649 0
1177 343 1199 380 0.000649 0
312 65 485 359 0.000648 0
1018 376 1041 407 0.000648 0
1263 167 1279 218 0.000647 0
945 337 986 394 0.000646 0
1145 325 1184 354 0.000646 0
815 409 825 424 0.000645 0
316 64 368 200 0.000644 0
863 218 873 236 0.000643 0
406 250 414 271 0.000641 0
726 417 737 439 0.000638 0
547 172 579 218 0.000638 0
658 324 672 361 0.000638 0
910 336 926 379 0.000638 0
600 537 609 568 0.000637 0
785 463 799 473 0.000637 0
1190 383 1217 424 0.000635 0
1068 438 1108 472 0.000635 0
927 362 979 431 0.000635 0
0 65 75 224 0.000633 0
1074 332 1103 360 0.000632 0
832 441 841 456 0.000632 0
1055 367 1064 389 0.000629 0
791 379 812 391 0.000629 0
1087 459 1095 471 0.000629 0
175 186 183 205 0.000628 0
1194 353 1267 421 0.000628 0
364 66 495 275 0.000627 0
655 326 671 360 0.000627 0
637 675 674 703 0.000625 0
777 463 794 474 0.000625 0
0 64 81 215 0.000624 0
1055 511 1066 523 0.000622 0
357 65 496 234 0.000622 0
958 382 977 457 0.000622 0
566 391 601 458 0.000620 0
38 313 70 398 0.000619 0
211 180 238 233 0.000619 0
996 422 1016 440 0.000619 0
308 64 368 196 0.000618 0
1198 181 1223 219 0.000616 0
183 190 191 205 0.000616 0
1060 458 1079 502 0.000615 0
1247 327 1264 375 0.000615 0
1115 488 1137 509 0.000615 0
831 465 845 509 0.000612 0
459 187 494 297 0.000610 0
1179 378 1207 408 0.000610 0
1050 430 1064 457 0.000609 0
911 439 936 456 0.000606 0
784 338 822 391 0.000606 0
662 274 704 360 0.000606 0
999 433 1012 456 0.000605 0
1186 372 1265 425 0.000604 0
340 64 448 216 0.000603 0
1223 409 1231 424 0.000603 0
802 414 814 424 0.000603 0
1149 442 1168 473 0.000602 0
1112 420 1120 435 0.000601 0
764 186 788 235 0.000599 0
168 64 480 231 0.000598 0
194 189 209 227 0.000597 0
678 304 688 359 0.000597 0
820 406 832 423 0.000596 0
1231 333 1264 415 0.000592 0
820 329 848 363 0.000592 0
815 425 832 457 0.000591 0
1056 460 1083 501 0.000591 0
817 423 832 443 0.000588 0
801 184 813 225 0.000586 0
766 315 776 340 0.000585 0
942 333 992 409 0.000585 0
1246 422 1259 454 0.000584 0
471 185 486 218 0.000584 0
1112 456 1120 472 0.000582 0
990 213 1000 227 0.000581 0
898 439 913 459 0.000581 0
963 443 976 472 0.000579 0
983 448 993 472 0.000579 0
909 335 923 344 0.000577 0
1260 208 1279 268 0.000577 0
704 408 782 471 0.000577 0
798 418 833 454 0.000576 0
1262 141 1279 182 0.000576 0
769 333 785 359 0.000575 0
1148 338 1188 392 0.000575 0
314 64 441 231 0.000574 0
1145 333 1181 361 0.000573 0
1263 167 1279 245 0.000572 0
959 424 975 454 0.000571 0
739 432 785 473 0.000571 0
131 64 474 203 0.000571 0
42 312 70 403 0.000570 0
817 341 847 361 0.000570 0
903 446 944 486 0.000570 0
927 380 946 437 0.000568 0
255 64 350 195 0.000568 0
35 311 70 404 0.000566 0
1119 195 1150 246 0.000566 0
1184 497 1211 512 0.000564 0
871 418 943 486 0.000563 0
1121 341 1136 359 0.000561 0
823 340 844 361 0.000559 0
785 324 821 392 0.000558 0
1111 393 1128 420 0.000557 0
785 425 802 448 0.000557 0
1167 354 1209 422 0.000556 0
655 327 673 356 0.000556 0
1030 486 1039 505 0.000556 0
881 316 895 337 0.000555 0
796 411 838 470 0.000555 0
1087 409 1096 421 0.000554 0
881 326 897 344 0.000554 0
1174 336 1200 368 0.000553 0
925 379 964 427 0.000552 0
613 459 624 470 0.000552 0
817 408 832 425 0.000550 0
1186 366 1262 424 0.000549 0
1051 390 1065 411 0.000549 0
325 64 634 226 0.000548 0
823 287 849 343 0.000548 0
737 422 778 455 0.000545 0
680 168 691 215 0.000545 0
732 423 760 457 0.000545 0
1055 663 1064 687 0.000544 0
655 200 662 217 0.000543 0
735 423 770 453 0.000542 0
1076 332 1090 347 0.000540 0
0 64 60 260 0.000539 0
722 328 760 375 0.000536 0
957 360 998 464 0.000535 0
950 456 959 465 0.000535 0
927 472 943 483 0.000533 0
655 326 672 364 0.000531 0
878 334 888 344 0.000530 0
657 337 673 375 0.000530 0
772 311 791 342 0.000529 0
890 255 925 343 0.000526 0
297 189 333 233 0.000526 0
1104 487 1137 506 0.000524 0
1145 305 1184 347 0.000523 0
318 64 368 183 0.000523 0
177 65 501 233 0.000522 0
706 409 784 468 0.000522 0
763 184 786 229 0.000521 0
428 223 439 247 0.000520 0
294 198 320 285 0.000519 0
802 187 836 239 0.000519 0
793 338 818 375 0.000517 0
873 274 901 343 0.000516 0
1054 664 1065 703 0.000515 0
331 64 439 218 0.000515 0
0 376 15 414 0.000514 0
834 428 882 476 0.000514 0
1060 411 1115 477 0.000513 0
591 406 608 433 0.000513 0
1263 209 1279 270 0.000513 0
242 201 258 246 0.000512 0
584 367 608 437 0.000510 0
407 252 413 271 0.000509 0
0 64 25 212 0.000508 0
1053 456 1065 466 0.000507 0
1065 415 1072 424 0.000505 0
315 64 431 216 0.000504 0
945 264 988 334 0.000504 0
688 423 698 440 0.000503 0
784 326 818 390 0.000503 0
911 440 928 456 0.000502 0
733 446 757 470 0.000501 0
989 202 1003 228 0.000500 0
1084 353 1095 359 0.000499 0
1034 484 1057 502 0.000499 0
1194 353 1209 386 0.000499 0
159 64 260 199 0.000499 0
997 211 1011 232 0.000499 0
911 374 924 408 0.000498 0
797 416 826 441 0.000497 0
708 319 721 348 0.000496 0
927 403 943 424 0.000496 0
1214 368 1224 387 0.000495 0
764 198 788 236 0.000495 0
867 206 882 233 0.000493 0
1116 305 1169 346 0.000492 0
635 670 672 703 0.000491 0
1000 220 1008 232 0.000491 0
254 64 362 201 0.000491 0
1085 440 1120 472 0.000491 0
590 369 608 432 0.000490 0
788 329 817 363 0.000489 0
832 480 840 485 0.000489 0
766 328 777 343 0.000488 0
254 64 335 202 0.000485 0
665 184 672 216 0.000485 0
1055 375 1065 391 0.000484 0
1261 115 1279 186 0.000484 0
574 347 601 449 0.000483 0
1238 345 1264 376 0.000483 0
788 369 813 391 0.000482 0
1184 370 1260 425 0.000482 0
1247 327 1264 377 0.000481 0
139 64 491 212 0.000481 0
1023 480 1037 498 0.000480 0
0 67 24 215 0.000480 0
1218 344 1266 417 0.000477 0
1207 253 1226 266 0.000477 0
2 64 337 228 0.000475 0
654 422 666 436 0.000475 0
753 319 768 341 0.000475 0
822 336 847 361 0.000475 0
703 328 721 408 0.000474 0
900 431 943 470 0.000471 0
532 204 545 224 0.000471 0
1031 405 1044 434 0.000471 0
990 193 1008 228 0.000471 0
362 207 376 232 0.000471 0
0 64 71 221 0.000470 0
915 424 927 435 0.000470 0
1186 495 1231 512 0.000469 0
1095 439 1103 459 0.000469 0
995 425 1035 461 0.000468 0
814 472 827 477 0.000468 0
1219 195 1270 266 0.000467 0
357 66 444 233 0.000467 0
911 256 921 289 0.000466 0
1022 375 1041 397 0.000465 0
912 179 940 201 0.000465 0
977 379 1029 462 0.000464 0
817 422 832 440 0.000464 0
1143 376 1151 387 0.000463 0
1244 458 1256 472 0.000462 0
0 64 73 213 0.000462 0
1239 455 1260 472 0.000462 0
960 453 969 470 0.000461 0
599 536 611 569 0.000460 0
360 66 497 253 0.000459 0
1087 425 1120 471 0.000458 0
566 373 604 458 0.000458 0
888 406 913 432 0.000456 0
687 447 703 465 0.000456 0
764 198 789 236 0.000455 0
1002 358 1024 391 0.000454 0
950 342 965 372 0.000454 0
1104 437 1120 471 0.000453 0
995 433 1030 457 0.000451 0
456 171 527 252 0.000451 0
1144 292 1168 344 0.000451 0
1168 356 1207 411 0.000450 0
344 64 604 312 0.000450 0
1161 377 1166 383 0.000448 0
643 416 657 438 0.000445 0
797 344 816 391 0.000445 0
676 451 695 468 0.000445 0
703 418 781 472 0.000442 0
1146 391 1158 406 0.000442 0
1152 444 1168 456 0.000441 0
1049 436 1064 462 0.000441 0
1111 411 1123 434 0.000440 0
574 389 593 462 0.000440 0
814 334 846 362 0.000439 0
735 183 742 202 0.000439 0
1123 64 1152 74 0.000439 0
1119 442 1131 469 0.000438 0
439 208 447 218 0.000438 0
1173 214 1189 247 0.000438 0
718 456 734 471 0.000436 0
660 406 671 427 0.000436 0
689 457 703 469 0.000436 0
0 308 33 434 0.000435 0
1126 374 1136 391 0.000435 0
354 213 370 273 0.000434 0
1041 510 1071 530 0.000434 0
231 64 479 213 0.000434 0
847 423 856 438 0.000433 0
157 205 171 241 0.000432 0
1111 424 1120 442 0.000432 0
869 407 881 435 0.000432 0
1107 431 1120 465 0.000431 0
1169 334 1216 395 0.000430 0
803 184 820 224 0.000429 0
288 196 335 360 0.000429 0
781 329 799 359 0.000429 0
948 440 970 463 0.000429 0
727 415 736 431 0.000428 0
465 200 489 270 0.000427 0
1032 396 1092 504 0.000427 0
0 64 70 212 0.000426 0
994 203 1010 231 0.000426 0
1201 357 1253 419 0.000425 0
248 65 342 215 0.000424 0
831 414 848 437 0.000423 0
1205 408 1216 434 0.000422 0
910 335 927 388 0.000422 0
664 617 672 631 0.000422 0
854 406 881 446 0.000419 0
1237 352 1279 420 0.000419 0
1031 484 1063 503 0.000419 0
209 182 221 204 0.000419 0
239 175 252 194 0.000417 0
898 406 913 424 0.000417 0
319 64 432 180 0.000416 0
804 183 815 206 0.000415 0
926 377 963 422 0.000414 0
663 206 679 231 0.000414 0
956 361 1026 464 0.000414 0
910 337 928 406 0.000412 0
1085 328 1114 359 0.000411 0
832 432 881 479 0.000411 0
502 304 512 336 0.000410 0
893 242 920 296 0.000409 0
850 216 870 272 0.000409 0
321 64 630 217 0.000408 0
1209 354 1264 426 0.000408 0
1192 370 1261 427 0.000408 0
0 304 33 432 0.000408 0
1029 383 1041 408 0.000407 0
665 441 702 467 0.000407 0
708 420 739 455 0.000406 0
574 369 609 457 0.000406 0
1238 460 1262 488 0.000406 0
779 436 798 454 0.000405 0
943 353 961 394 0.000405 0
313 100 368 198 0.000405 0
429 217 440 229 0.000404 0
1136 389 1157 408 0.000403 0
1012 472 1024 495 0.000403 0
911 389 925 409 0.000401 0
943 345 960 391 0.000401 0
1119 442 1135 472 0.000400 0
1054 436 1087 471 0.000399 0
1119 409 1127 435 0.000399 0
254 65 327 189 0.000398 0
180 64 493 226 0.000398 0
914 385 930 408 0.000397 0
320 64 369 175 0.000397 0
1203 503 1216 518 0.000396 0
1132 333 1187 407 0.000396 0
748 455 769 481 0.000396 0
1013 439 1026 453 0.000396 0
1174 213 1184 232 0.000396 0
796 448 833 473 0.000396 0
174 206 183 216 0.000395 0
452 201 480 265 0.000394 0
969 214 1010 255 0.000394 0
284 197 335 364 0.000394 0
724 183 743 208 0.000394 0
1055 663 1064 691 0.000394 0
838 503 847 510 0.000393 0
650 408 666 427 0.000393 0
129 64 491 204 0.000392 0
39 312 71 397 0.000392 0
803 408 814 422 0.000391 0
1273 210 1279 247 0.000391 0
1184 496 1217 512 0.000391 0
707 316 724 347 0.000390 0
574 428 608 460 0.000390 0
642 426 656 439 0.000389 0
941 265 969 337 0.000389 0
783 193 799 219 0.000388 0
198 209 212 231 0.000387 0
255 64 319 161 0.000386 0
1041 665 1066 703 0.000386 0
304 186 325 204 0.000385 0
801 187 813 227 0.000384 0
1045 390 1065 417 0.000384 0
894 268 930 345 0.000384 0
918 442 944 485 0.000384 0
0 261 50 417 0.000383 0
770 310 804 343 0.000382 0
733 332 759 376 0.000382 0
1061 392 1072 407 0.000380 0
808 496 815 503 0.000380 0
0 235 30 423 0.000379 0
960 424 976 446 0.000379 0
0 64 239 224 0.000379 0
942 455 953 464 0.000379 0
640 308 684 355 0.000378 0
423 64 497 239 0.000378 0
1030 454 1040 474 0.000378 0
40 314 58 347 0.000377 0
924 347 986 429 0.000376 0
591 407 608 431 0.000375 0
1069 190 1094 220 0.000374 0
1088 447 1120 472 0.000374 0
1008 473 1018 495 0.000374 0
1062 486 1088 502 0.000373 0
1041 663 1066 703 0.000373 0
1043 467 1056 490 0.000372 0
572 384 609 460 0.000372 0
876 201 907 246 0.000371 0
802 368 814 391 0.000371 0
174 185 184 206 0.000370 0
799 417 832 441 0.000370 0
1203 335 1216 353 0.000370 0
1111 361 1118 366 0.000369 0
656 427 676 440 0.000367 0
874 265 913 345 0.000367 0
909 338 934 407 0.000366 0
836 394 847 409 0.000366 0
267 193 323 364 0.000365 0
1101 414 1112 425 0.000365 0
415 248 420 271 0.000365 0
1032 342 1059 390 0.000364 0
415 64 495 240 0.000364 0
909 335 928 398 0.000362 0
630 377 650 396 0.000362 0
1185 497 1211 508 0.000362 0
1062 392 1072 408 0.000362 0
914 391 929 409 0.000362 0
353 187 371 199 0.000361 0
255 64 325 165 0.000361 0
665 206 678 229 0.000360 0
153 64 260 195 0.000360 0
1226 491 1254 553 0.000360 0
1141 390 1162 408 0.000359 0
1239 349 1249 375 0.000358 0
828 504 840 510 0.000357 0
752 325 768 361 0.000356 0
878 420 944 466 0.000355 0
1111 503 1120 509 0.000354 0
851 393 863 411 0.000354 0
183 196 191 206 0.000354 0
636 370 659 396 0.000354 0
380 185 397 205 0.000353 0
1237 418 1264 476 0.000353 0
480 335 496 357 0.000353 0
1135 341 1183 408 0.000352 0
909 335 930 389 0.000352 0
1066 430 1114 470 0.000351 0
1 65 125 222 0.000350 0
807 435 835 472 0.000349 0
1239 421 1248 439 0.000347 0
39 320 53 345 0.000346 0
207 398 224 445 0.000346 0
1031 347 1059 392 0.000346 0
1200 472 1216 484 0.000346 0
990 428 1003 445 0.000344 0
669 423 691 438 0.000344 0
826 504 836 510 0.000344 0
673 302 704 363 0.000344 0
577 385 592 461 0.000343 0
307 65 436 235 0.000343 0
966 345 1024 408 0.000343 0
1051 667 1065 703 0.000342 0
860 267 899 343 0.000341 0
895 326 904 344 0.000341 0
1258 206 1279 259 0.000340 0
1001 437 1040 465 0.000340 0
1054 663 1066 702 0.000340 0
927 343 944 383 0.000339 0
896 421 932 441 0.000338 0
163 64 492 207 0.000337 0
895 321 904 343 0.000337 0
672 338 688 376 0.000337 0
987 376 1044 461 0.000337 0
1136 392 1150 408 0.000336 0
791 417 884 477 0.000336 0
663 616 672 631 0.000335 0
1053 668 1066 703 0.000334 0
1239 433 1250 454 0.000334 0
966 198 985 225 0.000332 0
1039 481 1056 492 0.000332 0
1076 331 1105 352 0.000332 0
255 64 337 182 0.000332 0
616 358 623 375 0.000331 0
927 356 945 390 0.000331 0
1089 415 1107 439 0.000330 0
1086 488 1103 504 0.000330 0
1095 496 1104 510 0.000330 0
941 342 991 402 0.000329 0
846 406 877 441 0.000329 0
1232 458 1251 471 0.000328 0
774 268 855 345 0.000328 0
871 436 944 486 0.000326 0
1239 423 1248 445 0.000325 0
1152 475 1168 503 0.000325 0
1085 355 1106 404 0.000324 0
1119 324 1136 360 0.000324 0
948 440 970 457 0.000323 0
795 412 882 473 0.000322 0
878 406 896 433 0.000322 0
893 233 927 295 0.000321 0
807 283 851 344 0.000321 0
599 532 611 568 0.000319 0
1145 334 1189 359 0.000319 0
638 670 674 703 0.000318 0
783 420 814 448 0.000318 0
701 322 718 356 0.000317 0
688 311 704 342 0.000317 0
693 424 703 440 0.000317 0
0 64 75 204 0.000316 0
207 396 224 444 0.000316 0
172 644 192 701 0.000315 0
1232 410 1239 426 0.000315 0
656 279 697 369 0.000314 0
807 684 816 703 0.000314 0
1073 357 1089 407 0.000313 0
1080 356 1090 372 0.000313 0
763 183 784 205 0.000313 0
1108 372 1120 406 0.000313 0
1065 197 1075 225 0.000313 0
0 69 73 224 0.000312 0
1269 176 1279 247 0.000312 0
3 306 66 399 0.000312 0
1037 486 1076 507 0.000312 0
784 424 793 438 0.000312 0
0 141 31 228 0.000311 0
943 344 960 387 0.000310 0
926 355 945 392 0.000310 0
630 424 639 436 0.000309 0
905 335 923 344 0.000307 0
1273 210 1279 243 0.000307 0
432 191 442 204 0.000306 0
906 474 930 488 0.000306 0
255 64 360 186 0.000306 0
1165 471 1183 480 0.000306 0
1035 365 1066 408 0.000305 0
679 295 693 353 0.000305 0
192 183 202 206 0.000305 0
1232 456 1253 471 0.000304 0
290 66 360 200 0.000304 0
1147 341 1183 374 0.000303 0
319 248 336 366 0.000303 0
1184 502 1200 512 0.000302 0
928 355 944 382 0.000301 0
247 275 256 326 0.000300 0
681 294 705 349 0.000299 0
1237 477 1279 701 0.000299 0
1057 486 1089 503 0.000298 0
1137 445 1153 464 0.000298 0
764 272 836 344 0.000298 0
926 357 944 387 0.000297 0
969 446 991 463 0.000297 0
735 462 745 472 0.000297 0
654 329 673 376 0.000296 0
1039 389 1050 406 0.000296 0
942 381 957 394 0.000296 0
316 64 453 156 0.000295 0
754 416 768 424 0.000294 0
909 336 931 402 0.000294 0
1071 359 1088 409 0.000294 0
1158 369 1180 394 0.000293 0
253 196 279 238 0.000293 0
63 64 134 200 0.000293 0
1240 480 1279 698 0.000293 0
946 380 961 403 0.000291 0
1139 376 1157 408 0.000291 0
574 387 588 448 0.000290 0
0 303 33 418 0.000290 0
788 311 805 341 0.000290 0
935 377 945 391 0.000290 0
772 272 835 344 0.000289 0
1087 488 1103 502 0.000289 0
672 423 692 435 0.000289 0
573 360 598 455 0.000289 0
1087 421 1106 439 0.000288 0
865 202 896 242 0.000288 0
1238 394 1261 427 0.000287 0
1167 471 1184 480 0.000287 0
831 415 848 425 0.000286 0
655 344 674 378 0.000286 0
783 216 804 238 0.000286 0
1143 359 1152 372 0.000286 0
727 410 832 475 0.000286 0
566 415 576 427 0.000285 0
1147 342 1188 376 0.000285 0
727 232 746 274 0.000285 0
1187 374 1247 425 0.000283 0
943 344 960 389 0.000283 0
1119 440 1131 453 0.000282 0
1014 324 1025 345 0.000282 0
1033 332 1058 385 0.000281 0
937 369 965 415 0.000281 0
318 64 420 183 0.000281 0
133 213 147 236 0.000281 0
162 64 259 174 0.000280 0
853 225 870 273 0.000280 0
1181 405 1196 423 0.000280 0
403 64 497 193 0.000279 0
1017 400 1070 474 0.000279 0
154 190 167 231 0.000279 0
2 64 353 230 0.000278 0
840 410 913 465 0.000278 0
773 184 784 200 0.000277 0
1262 163 1279 234 0.000276 0
306 92 365 200 0.000276 0
887 471 897 495 0.000276 0
387 185 399 206 0.000275 0
2 64 137 215 0.000275 0
926 343 944 382 0.000275 0
328 64 438 160 0.000274 0
1009 458 1024 471 0.000274 0
927 355 943 382 0.000274 0
1227 483 1279 698 0.000274 0
1039 394 1120 470 0.000273 0
1103 362 1120 394 0.000273 0
923 182 943 201 0.000273 0
1145 330 1200 358 0.000273 0
60 64 145 204 0.000273 0
911 364 931 408 0.000272 0
588 166 622 207 0.000272 0
1071 333 1095 360 0.000271 0
862 299 888 342 0.000271 0
936 375 961 409 0.000270 0
43 310 69 405 0.000270 0
1167 328 1184 339 0.000270 0
1027 357 1041 390 0.000269 0
879 376 885 392 0.000268 0
690 190 714 232 0.000268 0
684 306 703 343 0.000268 0
1033 394 1093 492 0.000268 0
1224 417 1232 433 0.000268 0
494 64 587 212 0.000267 0
114 64 262 199 0.000267 0
682 298 704 346 0.000267 0
764 198 794 237 0.000266 0
493 64 583 170 0.000266 0
926 374 945 403 0.000265 0
1198 504 1214 518 0.000265 0
361 67 449 228 0.000263 0
803 471 817 478 0.000263 0
436 191 446 206 0.000263 0
174 64 494 364 0.000262 0
1034 346 1061 392 0.000262 0
494 64 585 204 0.000262 0
1224 488 1273 554 0.000261 0
1227 486 1260 552 0.000261 0
125 64 502 341 0.000261 0
1089 312 1118 331 0.000261 0
1007 460 1024 486 0.000260 0
872 436 914 490 0.000259 0
1157 431 1168 442 0.000259 0
1048 391 1078 426 0.000259 0
773 426 796 449 0.000259 0
648 406 669 425 0.000259 0
1037 269 1069 335 0.000259 0
827 305 848 342 0.000258 0
639 682 694 703 0.000257 0
720 332 737 376 0.000257 0
688 321 704 361 0.000255 0
640 439 657 461 0.000255 0
319 249 336 357 0.000255 0
645 179 657 203 0.000254 0
1166 471 1184 496 0.000253 0
0 64 96 217 0.000253 0
1167 471 1181 495 0.000253 0
863 265 908 343 0.000252 0
863 462 893 487 0.000252 0
1054 425 1090 460 0.000252 0
638 671 674 703 0.000251 0
625 453 640 460 0.000251 0
1132 331 1187 364 0.000250 0
1079 410 1088 424 0.000250 0
847 210 869 280 0.000250 0
344 64 496 207 0.000250 0
630 363 640 384 0.000249 0
1151 470 1169 503 0.000249 0
1225 170 1258 234 0.000248 0
1079 488 1121 506 0.000247 0
774 185 788 220 0.000247 0
130 65 502 239 0.000247 0
830 455 844 475 0.000246 0
746 206 762 217 0.000246 0
171 645 192 700 0.000246 0
720 401 783 465 0.000246 0
156 68 235 209 0.000245 0
1230 230 1279 377 0.000245 0
1097 418 1112 434 0.000245 0
1156 502 1169 511 0.000245 0
613 360 623 376 0.000244 0
966 228 1002 309 0.000243 0
0 179 6 203 0.000243 0
57 64 129 200 0.000243 0
319 64 370 109 0.000242 0
212 171 234 202 0.000242 0
0 135 23 219 0.000241 0
63 64 126 161 0.000241 0
1247 326 1264 359 0.000241 0
1038 228 1082 298 0.000241 0
1145 375 1166 407 0.000241 0
816 345 828 361 0.000241 0
561 427 594 465 0.000241 0
682 302 704 360 0.000240 0
575 344 590 445 0.000239 0
0 138 35 312 0.000239 0
210 65 325 211 0.000238 0
812 393 832 424 0.000238 0
1270 159 1279 182 0.000238 0
324 217 354 252 0.000238 0
728 427 827 475 0.000238 0
943 274 961 338 0.000238 0
831 408 839 418 0.000237 0
273 194 325 359 0.000237 0
1263 373 1279 424 0.000236 0
1 64 188 236 0.000236 0
2 307 67 393 0.000236 0
386 184 400 204 0.000236 0
158 64 260 172 0.000236 0
1252 428 1263 452 0.000235 0
950 331 981 386 0.000234 0
39 315 54 387 0.000234 0
695 327 703 344 0.000233 0
701 312 720 350 0.000233 0
494 64 589 237 0.000233 0
174 646 192 703 0.000232 0
1135 470 1145 480 0.000232 0
703 329 722 405 0.000232 0
1223 482 1269 564 0.000231 0
639 669 673 703 0.000231 0
703 314 721 397 0.000231 0
623 172 636 198 0.000231 0
1086 360 1106 401 0.000231 0
342 64 497 162 0.000230 0
991 343 1008 370 0.000230 0
269 232 292 292 0.000230 0
1235 488 1279 700 0.000229 0
1199 472 1216 485 0.000228 0
716 330 738 378 0.000228 0
1110 485 1153 507 0.000228 0
628 449 640 459 0.000228 0
1262 366 1279 413 0.000226 0
784 344 793 359 0.000226 0
1229 492 1279 701 0.000225 0
480 335 497 357 0.000224 0
860 300 880 340 0.000224 0
703 407 774 468 0.000224 0
1023 481 1065 507 0.000224 0
781 415 884 477 0.000224 0
112 389 128 411 0.000223 0
1007 456 1042 503 0.000223 0
63 64 162 205 0.000223 0
788 308 817 343 0.000222 0
974 455 989 464 0.000222 0
27 306 69 410 0.000222 0
1090 341 1104 360 0.000222 0
267 190 298 243 0.000221 0
0 150 8 203 0.000221 0
154 201 168 236 0.000221 0
318 64 443 172 0.000221 0
663 292 682 346 0.000221 0
1215 443 1224 456 0.000220 0
27 64 137 209 0.000220 0
740 281 757 302 0.000220 0
911 375 922 407 0.000220 0
807 305 831 342 0.000220 0
158 64 296 200 0.000220 0
1071 332 1092 359 0.000219 0
599 535 615 569 0.000219 0
1230 456 1264 496 0.000218 0
362 70 509 249 0.000218 0
1150 448 1168 480 0.000217 0
1077 164 1104 216 0.000217 0
256 64 341 168 0.000217 0
0 64 102 210 0.000217 0
1252 426 1264 447 0.000217 0
1029 354 1039 375 0.000217 0
869 416 944 468 0.000217 0
767 344 785 359 0.000216 0
1092 166 1121 216 0.000216 0
224 181 238 200 0.000216 0
1091 424 1115 452 0.000216 0
923 344 979 423 0.000215 0
879 406 889 425 0.000215 0
39 311 76 400 0.000215 0
1035 364 1056 392 0.000214 0
199 261 208 276 0.000214 0
681 175 701 215 0.000214 0
852 313 864 337 0.000214 0
1120 335 1136 380 0.000214 0
346 64 496 96 0.000214 0
225 185 248 232 0.000214 0
1041 510 1070 529 0.000213 0
799 193 814 236 0.000213 0
494 64 588 180 0.000213 0
913 399 928 423 0.000213 0
1070 395 1090 423 0.000213 0
319 246 336 356 0.000213 0
687 318 704 372 0.000212 0
988 389 1048 464 0.000212 0
564 64 665 220 0.000212 0
856 406 863 414 0.000212 0
750 207 768 218 0.000212 0
1053 460 1080 500 0.000212 0
378 184 397 203 0.000212 0
687 319 703 342 0.000211 0
949 320 997 392 0.000211 0
680 382 688 396 0.000211 0
0 160 7 203 0.000211 0
1124 325 1165 359 0.000211 0
719 459 747 471 0.000211 0
0 90 66 224 0.000210 0
167 242 190 275 0.000210 0
784 424 882 478 0.000210 0
1259 64 1279 273 0.000210 0
755 360 835 476 0.000210 0
308 131 368 238 0.000209 0
801 306 827 342 0.000209 0
872 256 925 343 0.000209 0
1013 453 1059 504 0.000209 0
1232 111 1280 185 0.000209 0
1071 64 1079 69 0.000209 0
994 231 1020 255 0.000209 0
158 205 183 220 0.000209 0
1249 192 1268 232 0.000208 0
325 64 672 221 0.000207 0
1043 398 1120 472 0.000207 0
855 264 902 342 0.000206 0
751 406 769 424 0.000206 0
795 410 910 477 0.000206 0
1156 496 1168 503 0.000205 0
1231 239 1279 413 0.000205 0
1266 139 1279 179 0.000205 0
808 284 817 300 0.000205 0
7 64 130 208 0.000205 0
495 288 513 340 0.000204 0
211 72 330 220 0.000204 0
331 107 602 341 0.000204 0
143 67 474 239 0.000204 0
907 425 929 443 0.000204 0
560 64 658 221 0.000203 0
1228 486 1279 688 0.000203 0
1037 373 1052 406 0.000203 0
1239 441 1249 455 0.000202 0
918 195 1037 265 0.000202 0
575 290 595 387 0.000202 0
452 200 481 276 0.000202 0
0 298 30 435 0.000201 0
1243 419 1277 483 0.000201 0
857 231 870 270 0.000201 0
1210 455 1225 471 0.000201 0
767 312 781 340 0.000200 0
1134 450 1158 471 0.000200 0
2 65 142 217 0.000200 0
1046 64 1140 224 0.000200 0
1035 391 1120 473 0.000200 0
1262 105 1279 178 0.000199 0
1040 365 1060 391 0.000199 0
1034 321 1056 360 0.000199 0
1141 310 1209 398 0.000199 0
64 64 131 160 0.000199 0
1120 193 1152 241 0.000199 0
1237 480 1248 487 0.000198 0
688 352 694 360 0.000198 0
930 397 960 431 0.000198 0
931 423 959 457 0.000198 0
308 249 324 361 0.000198 0
1216 408 1226 433 0.000198 0
1140 439 1151 453 0.000197 0
942 301 1013 402 0.000197 0
0 311 28 432 0.000197 0
576 341 593 392 0.000197 0
784 338 847 390 0.000196 0
0 146 8 203 0.000196 0
1016 356 1042 403 0.000196 0
1166 471 1184 502 0.000195 0
319 253 336 356 0.000195 0
1118 443 1135 472 0.000194 0
1044 334 1056 354 0.000194 0
959 423 994 461 0.000194 0
0 250 19 419 0.000194 0
428 64 497 158 0.000194 0
495 64 686 218 0.000193 0
1152 430 1164 451 0.000193 0
712 425 775 474 0.000193 0
888 392 896 407 0.000193 0
1084 357 1105 397 0.000193 0
1085 355 1112 401 0.000192 0
765 272 834 345 0.000192 0
847 176 869 232 0.000192 0
776 408 783 418 0.000192 0
1071 331 1089 346 0.000191 0
0 64 129 209 0.000191 0
1140 336 1214 417 0.000191 0
1221 489 1254 552 0.000190 0
1046 226 1074 298 0.000190 0
1046 347 1056 366 0.000190 0
684 408 705 440 0.000189 0
895 317 916 344 0.000189 0
1071 158 1280 276 0.000189 0
64 64 217 185 0.000189 0
886 344 895 364 0.000189 0
992 407 1045 465 0.000188 0
1232 458 1245 471 0.000188 0
848 396 858 409 0.000188 0
616 155 630 184 0.000188 0
899 412 922 435 0.000188 0
0 145 9 203 0.000188 0
638 654 704 703 0.000188 0
1046 350 1056 369 0.000187 0
1141 358 1154 386 0.000187 0
712 405 770 457 0.000187 0
1 64 136 195 0.000187 0
1207 258 1218 273 0.000187 0
1144 309 1188 349 0.000187 0
1179 496 1219 512 0.000187 0
1215 491 1250 552 0.000187 0
1187 356 1279 476 0.000187 0
340 64 454 140 0.000186 0
630 424 639 443 0.000186 0
1178 329 1199 346 0.000186 0
599 535 615 570 0.000186 0
1264 364 1279 416 0.000186 0
0 561 17 650 0.000184 0
557 64 661 221 0.000184 0
3 64 130 184 0.000184 0
655 208 682 233 0.000183 0
1225 535 1253 551 0.000183 0
64 64 219 175 0.000183 0
1 308 67 423 0.000183 0
763 194 794 236 0.000183 0
1237 347 1262 375 0.000183 0
853 228 867 276 0.000183 0
495 301 513 344 0.000183 0
1008 468 1025 496 0.000183 0
0 345 32 425 0.000182 0
646 291 692 377 0.000182 0
1199 328 1216 347 0.000182 0
1245 421 1264 442 0.000182 0
700 419 778 477 0.000182 0
14 65 375 236 0.000181 0
1232 457 1242 469 0.000181 0
1259 64 1279 169 0.000180 0
686 407 704 435 0.000180 0
575 289 595 389 0.000180 0
875 200 939 285 0.000179 0
336 64 496 93 0.000179 0
850 313 865 339 0.000179 0
909 273 929 344 0.000179 0
545 64 593 214 0.000179 0
1086 356 1098 372 0.000178 0
1228 402 1243 425 0.000177 0
64 64 171 197 0.000177 0
1264 363 1279 423 0.000177 0
1134 451 1163 473 0.000177 0
1198 350 1279 455 0.000177 0
177 64 321 99 0.000177 0
1230 500 1256 548 0.000177 0
861 254 926 344 0.000176 0
784 328 847 387 0.000175 0
728 189 751 221 0.000175 0
547 64 592 190 0.000175 0
1235 412 1254 430 0.000175 0
39 348 47 360 0.000174 0
1044 454 1058 471 0.000174 0
354 203 384 271 0.000174 0
1263 403 1276 423 0.000174 0
831 394 844 409 0.000174 0
953 442 991 487 0.000174 0
63 65 203 206 0.000174 0
1220 495 1256 553 0.000173 0
958 336 970 348 0.000173 0
1035 393 1116 470 0.000173 0
1070 414 1084 432 0.000172 0
1233 65 1279 175 0.000172 0
0 569 16 648 0.000171 0
0 292 25 417 0.000171 0
3 64 128 198 0.000171 0
0 277 26 399 0.000170 0
592 162 608 184 0.000170 0
938 391 975 463 0.000170 0
324 234 352 271 0.000170 0
0 506 16 564 0.000170 0
167 64 323 98 0.000170 0
992 400 1088 498 0.000170 0
1230 342 1279 491 0.000170 0
364 92 496 251 0.000169 0
856 229 871 278 0.000167 0
478 64 497 103 0.000167 0
976 318 992 344 0.000167 0
270 236 289 291 0.000167 0
1263 364 1279 429 0.000166 0
0 271 19 386 0.000166 0
857 229 870 270 0.000166 0
1229 420 1239 433 0.000166 0
155 83 218 214 0.000166 0
430 594 440 615 0.000165 0
843 415 865 439 0.000165 0
1035 481 1072 531 0.000164 0
1137 323 1217 414 0.000164 0
987 451 1002 489 0.000164 0
845 311 862 340 0.000164 0
950 183 968 211 0.000164 0
287 200 320 285 0.000164 0
61 64 128 161 0.000164 0
870 269 903 344 0.000164 0
0 364 29 418 0.000163 0
722 408 777 436 0.000163 0
1131 318 1197 409 0.000163 0
1225 480 1279 701 0.000163 0
424 64 497 217 0.000162 0
927 340 944 380 0.000162 0
831 368 848 391 0.000162 0
320 64 369 112 0.000162 0
63 688 80 703 0.000162 0
1221 444 1232 456 0.000162 0
1264 420 1279 489 0.000162 0
750 462 762 488 0.000162 0
203 373 240 411 0.000161 0
249 184 323 369 0.000161 0
0 64 77 200 0.000161 0
270 231 293 292 0.000161 0
495 64 694 240 0.000161 0
714 408 742 450 0.000161 0
416 64 499 236 0.000161 0
329 187 359 226 0.000161 0
973 323 1003 384 0.000161 0
1050 487 1067 525 0.000160 0
866 391 881 408 0.000160 0
576 359 592 392 0.000160 0
495 278 515 338 0.000160 0
913 407 928 424 0.000160 0
430 668 448 703 0.000160 0
63 689 79 703 0.000160 0
596 149 620 183 0.000160 0
934 372 975 456 0.000159 0
871 373 880 384 0.000159 0
1214 64 1233 107 0.000159 0
1230 484 1268 518 0.000159 0
768 253 785 279 0.000159 0
1263 358 1279 512 0.000158 0
1085 294 1131 329 0.000158 0
736 326 755 345 0.000158 0
604 358 622 374 0.000158 0
1184 488 1279 702 0.000157 0
172 646 192 703 0.000157 0
1155 496 1183 511 0.000157 0
824 315 859 343 0.000157 0
0 144 7 201 0.000156 0
600 624 693 703 0.000156 0
153 70 272 217 0.000156 0
483 175 585 250 0.000156 0
831 404 848 423 0.000155 0
834 391 847 408 0.000155 0
273 238 291 292 0.000155 0
878 386 889 407 0.000155 0
176 178 205 209 0.000155 0
549 64 638 226 0.000155 0
979 343 1009 372 0.000155 0
1246 196 1272 235 0.000155 0
549 64 639 217 0.000154 0
1232 64 1279 169 0.000154 0
799 389 812 421 0.000154 0
614 660 675 704 0.000154 0
1250 217 1266 233 0.000154 0
345 64 495 94 0.000153 0
427 159 765 271 0.000153 0
207 396 224 466 0.000153 0
1125 383 1137 407 0.000153 0
1135 388 1168 427 0.000153 0
877 470 927 489 0.000153 0
39 310 89 407 0.000153 0
825 463 842 510 0.000152 0
1230 65 1279 170 0.000152 0
246 277 256 314 0.000152 0
1030 346 1040 369 0.000152 0
943 292 959 332 0.000151 0
823 276 852 329 0.000151 0
765 208 779 236 0.000151 0
644 420 704 467 0.000151 0
0 392 32 529 0.000150 0
1146 378 1180 408 0.000150 0
998 351 1086 464 0.000150 0
63 689 80 703 0.000150 0
848 222 865 246 0.000150 0
1252 351 1279 496 0.000150 0
230 201 243 228 0.000149 0
822 327 857 343 0.000149 0
381 183 403 208 0.000149 0
831 392 843 405 0.000149 0
718 304 767 400 0.000148 0
112 383 129 406 0.000148 0
494 64 584 155 0.000148 0
1246 460 1264 477 0.000148 0
1197 406 1215 434 0.000148 0
817 394 832 413 0.000147 0
1235 495 1280 701 0.000147 0
162 64 324 97 0.000147 0
623 688 659 703 0.000147 0
1226 483 1280 704 0.000147 0
958 278 974 331 0.000147 0
1178 195 1198 223 0.000147 0
1121 64 1153 77 0.000147 0
901 335 925 360 0.000147 0
1 339 33 426 0.000146 0
1105 361 1120 376 0.000146 0
845 272 872 340 0.000146 0
746 198 759 216 0.000146 0
1250 385 1272 425 0.000146 0
1162 495 1184 508 0.000146 0
1125 375 1169 409 0.000146 0
574 388 584 428 0.000146 0
1027 320 1091 355 0.000146 0
479 335 497 359 0.000145 0
98 64 263 174 0.000145 0
1051 109 1083 148 0.000145 0
39 313 71 364 0.000145 0
710 392 782 469 0.000145 0
0 339 17 415 0.000144 0
816 335 848 395 0.000144 0
156 64 314 93 0.000143 0
901 397 912 410 0.000143 0
222 364 240 409 0.000143 0
590 369 608 427 0.000143 0
1231 404 1279 454 0.000143 0
1203 407 1218 443 0.000143 0
0 308 51 414 0.000142 0
104 67 230 208 0.000142 0
150 76 267 225 0.000142 0
522 407 545 428 0.000141 0
632 201 658 221 0.000141 0
1043 685 1065 703 0.000141 0
0 391 32 506 0.000141 0
1241 647 1279 703 0.000141 0
846 265 860 310 0.000141 0
171 641 192 700 0.000140 0
736 469 745 485 0.000140 0
1009 339 1024 369 0.000140 0
950 456 960 471 0.000140 0
805 685 816 703 0.000140 0
1091 483 1279 703 0.000140 0
1115 379 1136 407 0.000140 0
1247 482 1279 686 0.000140 0
701 410 805 473 0.000140 0
162 64 312 177 0.000139 0
982 334 1024 393 0.000139 0
1071 354 1088 375 0.000139 0
332 195 372 231 0.000139 0
1262 94 1279 171 0.000139 0
774 191 794 233 0.000138 0
1167 471 1180 497 0.000138 0
1119 416 1128 440 0.000138 0
750 406 776 424 0.000138 0
687 322 706 377 0.000138 0
302 167 345 205 0.000138 0
1237 425 1278 484 0.000138 0
1211 335 1279 477 0.000138 0
1084 344 1110 379 0.000138 0
596 454 608 487 0.000137 0
1055 373 1072 394 0.000137 0
981 210 1017 302 0.000137 0
653 203 683 231 0.000136 0
1038 394 1049 409 0.000136 0
749 207 767 233 0.000136 0
933 415 958 444 0.000136 0
1086 360 1121 406 0.000136 0
848 268 853 281 0.000136 0
869 398 949 457 0.000136 0
1191 64 1280 278 0.000135 0
33 376 64 423 0.000135 0
1246 464 1275 500 0.000135 0
161 239 192 275 0.000135 0
752 337 770 373 0.000135 0
975 325 992 344 0.000135 0
989 187 1008 224 0.000135 0
869 393 880 408 0.000135 0
1095 407 1112 423 0.000135 0
598 626 705 703 0.000135 0
1232 245 1279 411 0.000134 0
791 373 842 468 0.000134 0
0 276 29 401 0.000134 0
242 254 256 297 0.000134 0
574 64 666 219 0.000134 0
287 237 322 364 0.000134 0
1085 445 1107 482 0.000133 0
1182 81 1191 98 0.000133 0
1031 331 1042 356 0.000133 0
1195 346 1268 418 0.000133 0
254 697 272 703 0.000132 0
1213 335 1279 427 0.000132 0
358 142 413 213 0.000132 0
589 354 615 413 0.000132 0
575 339 609 441 0.000132 0
202 64 324 167 0.000132 0
1022 341 1041 391 0.000132 0
577 357 592 391 0.000132 0
339 64 497 137 0.000131 0
211 107 269 208 0.000131 0
622 689 653 703 0.000131 0
240 275 258 353 0.000130 0
1224 481 1279 560 0.000130 0
427 668 449 703 0.000130 0
1041 485 1136 506 0.000130 0
1087 365 1103 400 0.000130 0
872 232 920 291 0.000130 0
64 65 218 208 0.000129 0
808 393 815 412 0.000129 0
479 334 498 358 0.000129 0
0 247 48 408 0.000129 0
550 264 613 454 0.000129 0
1095 360 1120 394 0.000129 0
431 680 448 703 0.000129 0
1121 357 1136 388 0.000128 0
848 381 864 412 0.000128 0
65 64 164 156 0.000128 0
0 394 33 555 0.000128 0
994 221 1015 248 0.000128 0
0 308 17 431 0.000128 0
320 64 369 116 0.000127 0
684 294 702 339 0.000127 0
848 240 872 281 0.000127 0
887 393 897 409 0.000127 0
0 75 137 223 0.000126 0
774 395 783 420 0.000126 0
895 385 904 406 0.000126 0
1048 372 1088 409 0.000126 0
33 65 139 212 0.000126 0
8 326 33 433 0.000126 0
305 241 336 363 0.000126 0
687 344 703 374 0.000126 0
1090 279 1152 346 0.000126 0
893 392 912 414 0.000126 0
1141 503 1151 510 0.000126 0
329 64 686 221 0.000126 0
208 65 328 206 0.000126 0
1032 334 1079 388 0.000125 0
1110 499 1120 520 0.000125 0
1078 623 1085 631 0.000125 0
64 64 199 159 0.000125 0
927 274 957 345 0.000125 0
202 64 316 99 0.000125 0
1183 496 1217 519 0.000125 0
372 197 388 212 0.000125 0
944 421 975 462 0.000125 0
81 64 242 188 0.000124 0
195 241 211 265 0.000124 0
1231 244 1279 311 0.000124 0
1052 345 1088 403 0.000124 0
294 194 321 303 0.000124 0
723 192 858 276 0.000123 0
289 207 323 316 0.000123 0
764 407 784 424 0.000123 0
1148 454 1167 483 0.000123 0
1219 484 1273 553 0.000123 0
319 64 367 120 0.000123 0
987 184 1023 226 0.000123 0
604 361 623 376 0.000123 0
544 64 595 226 0.000122 0
310 252 321 363 0.000122 0
576 64 673 223 0.000122 0
253 195 326 372 0.000122 0
425 223 440 248 0.000122 0
303 107 360 210 0.000121 0
466 423 497 457 0.000121 0
1033 479 1116 504 0.000121 0
600 431 625 463 0.000121 0
137 64 260 110 0.000121 0
648 481 654 487 0.000121 0
654 290 730 381 0.000121 0
1220 395 1258 427 0.000121 0
933 183 955 201 0.000121 0
615 535 625 559 0.000121 0
977 382 1093 464 0.000121 0
283 244 321 364 0.000121 0
2 315 76 401 0.000121 0
1045 219 1108 301 0.000120 0
258 190 323 367 0.000120 0
484 64 586 229 0.000120 0
320 64 369 103 0.000120 0
846 271 858 311 0.000120 0
269 220 297 294 0.000119 0
739 452 775 490 0.000119 0
0 292 17 438 0.000119 0
727 192 751 273 0.000119 0
478 67 711 243 0.000119 0
1215 495 1233 520 0.000119 0
1090 358 1121 397 0.000119 0
942 343 961 382 0.000119 0
1081 219 1106 283 0.000119 0
600 560 609 569 0.000118 0
1011 328 1024 346 0.000118 0
836 133 988 261 0.000118 0
0 309 64 402 0.000118 0
1027 379 1121 468 0.000118 0
492 64 675 216 0.000118 0
1040 663 1066 703 0.000118 0
319 202 334 268 0.000118 0
38 313 71 346 0.000117 0
974 457 993 474 0.000117 0
599 344 610 362 0.000117 0
0 147 30 423 0.000117 0
902 189 1107 277 0.000117 0
859 280 881 341 0.000117 0
906 306 928 345 0.000116 0
1058 338 1265 464 0.000116 0
916 338 944 379 0.000116 0
831 367 848 391 0.000116 0
703 279 847 352 0.000116 0
822 456 842 511 0.000115 0
703 696 714 703 0.000115 0
267 231 291 292 0.000115 0
210 110 269 213 0.000115 0
518 392 530 424 0.000115 0
600 342 610 361 0.000115 0
898 321 928 344 0.000115 0
482 443 497 455 0.000114 0
1135 405 1149 426 0.000114 0
1066 386 1107 423 0.000114 0
821 367 832 391 0.000114 0
239 196 281 242 0.000114 0
1 311 66 407 0.000114 0
0 274 25 420 0.000113 0
1251 482 1279 578 0.000113 0
1226 485 1280 561 0.000113 0
166 64 260 165 0.000113 0
356 64 497 95 0.000113 0
0 475 15 698 0.000113 0
63 64 189 165 0.000113 0
854 192 962 290 0.000113 0
322 64 496 112 0.000112 0
1176 362 1279 484 0.000112 0
1016 344 1107 460 0.000112 0
354 203 379 272 0.000112 0
1183 81 1192 101 0.000112 0
703 335 720 409 0.000112 0
0 589 15 647 0.000112 0
575 297 595 377 0.000112 0
1106 295 1147 332 0.000112 0
908 342 939 423 0.000112 0
1251 411 1264 424 0.000112 0
1165 457 1184 480 0.000112 0
1265 424 1279 458 0.000112 0
284 242 320 358 0.000111 0
1020 312 1057 350 0.000111 0
717 405 757 432 0.000111 0
906 338 940 418 0.000111 0
362 154 409 214 0.000111 0
189 178 224 220 0.000111 0
709 299 767 414 0.000110 0
1049 64 1136 174 0.000110 0
493 64 578 163 0.000110 0
1134 344 1147 359 0.000110 0
547 64 609 165 0.000110 0
635 64 665 107 0.000110 0
0 509 16 570 0.000109 0
761 273 825 347 0.000109 0
1221 533 1252 551 0.000109 0
364 64 439 93 0.000109 0
0 275 15 383 0.000109 0
782 333 810 390 0.000109 0
78 70 220 211 0.000109 0
1039 670 1066 703 0.000108 0
854 268 883 341 0.000108 0
254 64 370 189 0.000108 0
1100 491 1121 511 0.000108 0
0 261 33 382 0.000108 0
906 403 930 423 0.000108 0
499 64 946 249 0.000107 0
111 384 171 427 0.000107 0
1181 498 1279 702 0.000107 0
717 297 767 420 0.000107 0
948 441 978 487 0.000107 0
1073 293 1146 332 0.000107 0
630 672 650 702 0.000107 0
531 254 615 442 0.000107 0
1214 353 1228 382 0.000107 0
677 410 691 430 0.000107 0
1088 341 1120 381 0.000107 0
849 466 886 486 0.000106 0
1236 418 1279 478 0.000106 0
1231 506 1279 699 0.000106 0
847 386 863 410 0.000106 0
115 64 281 92 0.000106 0
818 332 848 395 0.000106 0
652 176 670 217 0.000106 0
310 258 322 319 0.000106 0
807 284 817 304 0.000106 0
0 280 16 398 0.000106 0
737 458 766 488 0.000106 0
461 182 486 224 0.000105 0
557 413 575 430 0.000105 0
765 263 837 340 0.000105 0
341 64 369 115 0.000105 0
1047 224 1110 300 0.000105 0
63 64 209 208 0.000105 0
809 389 815 408 0.000105 0
730 437 879 478 0.000104 0
986 184 1163 267 0.000104 0
565 402 581 434 0.000104 0
1038 345 1075 391 0.000104 0
988 438 1093 503 0.000104 0
1228 483 1279 661 0.000104 0
1089 372 1104 402 0.000104 0
203 372 239 409 0.000103 0
1047 75 1096 147 0.000103 0
367 100 450 257 0.000103 0
995 383 1120 468 0.000103 0
771 211 790 237 0.000103 0
1223 65 1279 258 0.000103 0
67 64 171 100 0.000103 0
0 273 19 368 0.000103 0
679 405 688 424 0.000103 0
432 172 446 203 0.000103 0
1068 452 1105 489 0.000103 0
768 255 785 280 0.000102 0
1263 408 1278 423 0.000102 0
612 430 624 440 0.000102 0
1242 319 1279 416 0.000102 0
1098 355 1136 402 0.000102 0
830 462 869 511 0.000102 0
1231 486 1259 507 0.000102 0
374 64 438 96 0.000102 0
1127 278 1148 340 0.000102 0
719 375 725 382 0.000102 0
717 351 843 472 0.000101 0
583 362 625 437 0.000101 0
638 338 679 390 0.000101 0
1202 459 1265 489 0.000101 0
615 545 624 559 0.000101 0
66 64 216 166 0.000101 0
1036 480 1151 507 0.000101 0
1039 456 1050 472 0.000101 0
852 267 870 300 0.000101 0
771 251 785 278 0.000100 0
966 249 1005 310 0.000100 0
948 248 1040 327 0.862031 1
554 217 601 256 0.805605 1
554 215 603 256 0.670820 1
928 214 962 266 0.521750 1
927 211 962 266 0.395648 1
928 220 960 265 0.363099 1
928 218 960 264 0.341813 1
928 223 960 265 0.340641 1
928 209 961 266 0.336224 1
928 213 962 266 0.250093 1
1081 217 1138 263 0.220032 1
1080 214 1141 262 0.187991 1
555 213 601 256 0.170070 1
1081 212 1138 263 0.167068 1
555 209 603 256 0.166491 1
927 218 961 262 0.146241 1
1081 215 1137 264 0.141010 1
928 205 961 264 0.135184 1
1113 214 1150 251 0.122115 1
1103 214 1149 258 0.117367 1
19 223 72 258 0.110581 1
1107 216 1146 251 0.102739 1
19 221 72 258 0.098734 1
1123 217 1146 250 0.096561 1
927 226 960 265 0.087162 1
1122 216 1146 249 0.075540 1
935 216 961 259 0.074821 1
1081 211 1136 263 0.071716 1
1102 215 1145 252 0.070993 1
48 225 73 257 0.068421 1
48 226 73 256 0.065843 1
1104 224 1142 253 0.062841 1
0 226 73 259 0.061578 1
49 223 98 258 0.060069 1
1109 215 1150 254 0.059876 1
0 221 72 259 0.057610 1
1104 218 1143 262 0.056073 1
1121 214 1145 247 0.053249 1
1120 215 1145 250 0.053065 1
12 221 72 258 0.052543 1
48 223 72 257 0.052204 1
1081 227 1110 264 0.048388 1
48 229 72 256 0.047349 1
1103 223 1139 262 0.047183 1
1080 212 1137 265 0.046692 1
22 221 73 258 0.045927 1
50 223 98 260 0.043815 1
1081 217 1112 264 0.042829 1
1081 216 1139 266 0.041682 1
48 232 72 256 0.040780 1
1113 217 1146 261 0.039287 1
21 225 72 259 0.036858 1
927 220 962 266 0.036082 1
1116 214 1143 249 0.035889 1
1094 213 1150 258 0.035740 1
48 234 72 256 0.035486 1
927 207 959 257 0.035158 1
39 224 73 257 0.032429 1
1121 218 1158 250 0.030756 1
1082 209 1136 262 0.030424 1
927 229 956 266 0.029131 1
1112 219 1139 262 0.028375 1
1102 216 1137 262 0.026341 1
48 231 73 256 0.025813 1
0 231 41 259 0.025294 1
1081 217 1138 267 0.025166 1
927 224 957 260 0.024730 1
21 227 72 259 0.024326 1
1081 230 1094 263 0.023037 1
20 218 70 259 0.022967 1
943 215 961 258 0.022410 1
1131 218 1156 247 0.020582 1
0 223 57 259 0.020490 1
1080 227 1094 263 0.020190 1
0 227 42 259 0.019891 1
1081 218 1113 266 0.019836 1
68 223 99 257 0.019465 1
1 230 42 258 0.018730 1
926 205 955 252 0.018586 1
0 229 42 258 0.018400 1
48 223 87 256 0.018028 1
48 225 99 261 0.017532 1
0 230 42 258 0.017120 1
0 224 69 260 0.016985 1
68 222 97 255 0.015694 1
1065 218 1138 264 0.015067 1
1088 208 1124 261 0.015056 1
1104 221 1137 251 0.014810 1
18 220 42 258 0.013941 1
78 233 99 257 0.013670 1
45 223 97 258 0.013641 1
1134 218 1150 246 0.013616 1
1102 210 1120 240 0.013170 1
77 223 99 257 0.013121 1
18 227 42 258 0.012944 1
22 231 42 257 0.012735 1
1081 234 1093 263 0.012685 1
21 218 42 256 0.011744 1
1081 229 1106 265 0.011020 1
1101 220 1136 263 0.009675 1
925 204 952 253 0.009637 1
1082 227 1108 265 0.009507 1
1077 220 1096 262 0.009427 1
50 223 99 269 0.009253 1
1062 214 1139 264 0.009158 1
1057 220 1094 262 0.009047 1
56 222 96 247 0.009018 1
78 236 99 258 0.008178 1
158 234 209 263 0.007987 1
555 218 601 257 0.007851 1
78 236 99 260 0.007615 1
1052 224 1094 263 0.007613 1
0 232 40 259 0.007592 1
159 231 208 261 0.007532 1
22 230 42 256 0.007530 1
16 223 73 275 0.007423 1
965 249 1040 327 0.007404 1
1114 217 1147 262 0.007346 1
1124 216 1150 246 0.006926 1
21 226 42 257 0.006860 1
2 223 73 277 0.006449 1
0 226 75 278 0.006059 1
1061 220 1093 250 0.006045 1
959 207 974 252 0.005632 1
159 230 207 262 0.005497 1
78 222 97 249 0.005411 1
104 237 160 264 0.005388 1
1061 216 1093 247 0.005317 1
76 224 117 259 0.005201 1
48 222 99 273 0.005141 1
78 233 116 261 0.005010 1
895 256 924 298 0.004871 1
0 239 11 259 0.004467 1
911 207 953 272 0.004277 1
89 235 156 265 0.004131 1
159 234 207 263 0.004081 1
1115 239 1132 262 0.003988 1
691 207 711 238 0.003953 1
78 235 115 264 0.003876 1
999 250 1040 328 0.003806 1
895 259 921 300 0.003674 1
0 237 29 259 0.003618 1
78 233 154 263 0.003587 1
0 241 6 258 0.003562 1
1064 231 1093 263 0.003177 1
102 236 159 264 0.003120 1
159 236 204 262 0.002909 1
1114 218 1154 262 0.002880 1
895 263 931 311 0.002872 1
78 236 115 258 0.002815 1
915 206 945 253 0.002810 1
159 236 206 262 0.002732 1
970 250 1040 327 0.002718 1
913 202 938 249 0.002677 1
103 243 150 264 0.002627 1
690 208 703 238 0.002625 1
926 219 989 298 0.002558 1
1032 312 1055 335 0.002446 1
5 222 41 257 0.002372 1
954 216 981 272 0.002275 1
997 249 1040 325 0.002258 1
76 227 119 258 0.002227 1
950 214 988 292 0.002206 1
1032 315 1056 335 0.002205 1
72 217 96 238 0.002179 1
554 216 593 249 0.002139 1
909 275 947 312 0.002121 1
75 222 118 260 0.002107 1
1108 215 1165 249 0.002092 1
950 217 986 288 0.002053 1
103 247 145 264 0.001995 1
915 203 943 251 0.001989 1
144 236 201 263 0.001986 1
895 256 935 303 0.001966 1
1064 209 1091 243 0.001944 1
909 271 939 311 0.001924 1
908 265 927 297 0.001907 1
908 273 948 304 0.001898 1
1031 279 1057 334 0.001825 1
18 214 43 255 0.001821 1
708 213 727 233 0.001820 1
864 191 965 246 0.001797 1
27 215 41 252 0.001793 1
0 232 48 281 0.001776 1
0 237 15 281 0.001762 1
948 265 1008 316 0.001747 1
0 228 32 258 0.001737 1
1080 216 1142 266 0.001713 1
46 232 74 268 0.001702 1
151 234 200 262 0.001688 1
953 262 996 308 0.001664 1
76 235 129 264 0.001648 1
113 237 159 263 0.001644 1
78 236 104 264 0.001644 1
864 264 894 284 0.001588 1
160 223 208 260 0.001576 1
1032 277 1057 334 0.001544 1
950 265 985 297 0.001525 1
512 231 537 247 0.001516 1
159 236 198 263 0.001506 1
895 262 931 322 0.001504 1
74 222 133 262 0.001494 1
9 231 46 271 0.001427 1
890 204 964 292 0.001425 1
158 220 243 263 0.001425 1
1033 316 1056 336 0.001404 1
888 203 963 272 0.001393 1
157 235 216 264 0.001366 1
910 272 928 297 0.001274 1
554 225 577 251 0.001260 1
165 234 210 259 0.001201 1
20 214 58 258 0.001198 1
951 265 986 298 0.001198 1
927 278 948 311 0.001195 1
955 264 985 296 0.001172 1
950 265 988 304 0.001164 1
962 251 1039 327 0.001161 1
39 232 73 277 0.001157 1
949 265 986 306 0.001143 1
185 227 239 261 0.001138 1
999 251 1038 321 0.001138 1
162 235 214 263 0.001128 1
557 201 591 245 0.001120 1
53 217 96 240 0.001101 1
1059 211 1082 244 0.001095 1
916 276 947 312 0.001095 1
908 210 965 301 0.001085 1
863 263 896 301 0.001085 1
946 261 984 298 0.001083 1
866 261 893 282 0.001072 1
865 255 895 283 0.001065 1
198 227 246 265 0.001048 1
891 204 947 294 0.001042 1
912 204 932 248 0.001038 1
20 215 73 256 0.001026 1
1103 215 1171 259 0.001023 1
910 203 939 255 0.001014 1
20 230 48 279 0.001007 1
948 265 987 315 0.000999 1
957 249 1039 326 0.000998 1
863 262 898 296 0.000985 1
1032 278 1059 334 0.000977 1
112 217 174 261 0.000968 1
1031 314 1056 335 0.000964 1
1057 215 1104 257 0.000940 1
82 217 95 236 0.000939 1
687 225 698 240 0.000930 1
505 233 537 249 0.000928 1
206 234 243 264 0.000924 1
50 217 70 252 0.000920 1
496 238 529 252 0.000912 1
910 270 932 316 0.000904 1
859 264 895 288 0.000902 1
1006 255 1040 328 0.000898 1
945 264 988 320 0.000897 1
113 216 159 259 0.000891 1
578 205 604 219 0.000873 1
951 265 1003 317 0.000864 1
927 277 948 312 0.000859 1
16 211 73 258 0.000858 1
556 222 600 255 0.000850 1
504 238 529 251 0.000847 1
177 230 245 264 0.000844 1
864 245 895 282 0.000831 1
913 200 940 250 0.000823 1
899 207 950 301 0.000811 1
958 262 990 300 0.000801 1
162 215 225 260 0.000798 1
954 266 1002 319 0.000798 1
926 220 973 297 0.000792 1
912 267 960 308 0.000783 1
1031 315 1056 337 0.000778 1
508 231 533 246 0.000774 1
188 213 234 259 0.000772 1
571 215 600 245 0.000758 1
1004 268 1040 328 0.000758 1
701 219 727 237 0.000755 1
893 258 944 311 0.000752 1
0 226 35 283 0.000748 1
56 235 169 269 0.000732 1
110 218 159 255 0.000732 1
106 221 159 258 0.000722 1
118 219 178 261 0.000722 1
327 236 352 255 0.000718 1
1027 309 1075 337 0.000714 1
910 202 935 249 0.000711 1
850 229 893 283 0.000709 1
160 236 205 263 0.000703 1
0 211 126 286 0.000702 1
554 217 601 254 0.000697 1
949 268 980 297 0.000693 1
523 232 537 247 0.000667 1
933 281 944 298 0.000661 1
478 209 602 264 0.000660 1
1038 277 1058 334 0.000659 1
75 223 122 259 0.000656 1
947 247 1039 325 0.000654 1
959 264 996 309 0.000646 1
158 215 246 264 0.000645 1
864 252 909 288 0.000644 1
924 268 962 313 0.000633 1
924 266 962 310 0.000631 1
1181 164 1231 266 0.000622 1
924 210 1037 303 0.000613 1
51 217 82 241 0.000611 1
1043 271 1071 315 0.000603 1
963 249 1028 318 0.000601 1
131 215 147 237 0.000592 1
1028 277 1059 333 0.000592 1
850 263 895 304 0.000588 1
924 209 1279 341 0.000578 1
1043 269 1072 297 0.000572 1
946 266 979 313 0.000570 1
62 250 96 266 0.000566 1
159 237 194 263 0.000555 1
943 264 975 322 0.000555 1
973 212 1150 266 0.000549 1
1073 212 1192 268 0.000543 1
892 209 937 304 0.000541 1
3 254 116 292 0.000541 1
865 244 893 280 0.000539 1
2 256 73 291 0.000538 1
924 220 1278 336 0.000537 1
868 263 907 289 0.000537 1
101 223 129 261 0.000525 1
19 225 195 260 0.000524 1
198 226 243 260 0.000522 1
948 266 982 306 0.000513 1
958 268 1001 329 0.000509 1
560 203 573 217 0.000507 1
895 260 930 344 0.000498 1
17 207 77 258 0.000491 1
965 267 999 328 0.000486 1
963 257 1039 327 0.000478 1
1007 258 1062 310 0.000468 1
138 236 198 265 0.000465 1
925 266 962 315 0.000458 1
159 238 193 263 0.000457 1
861 229 917 291 0.000454 1
74 220 190 264 0.000440 1
1 107 145 263 0.000438 1
553 216 581 247 0.000437 1
1032 241 1072 299 0.000426 1
1041 277 1059 332 0.000420 1
1042 273 1068 327 0.000413 1
953 266 1002 331 0.000412 1
202 233 243 263 0.000402 1
824 278 858 311 0.000400 1
824 279 855 312 0.000395 1
103 242 149 265 0.000392 1
202 223 248 264 0.000389 1
973 267 1000 316 0.000386 1
214 248 242 264 0.000384 1
926 223 963 297 0.000382 1
1050 216 1141 267 0.000376 1
925 226 964 298 0.000371 1
554 230 570 252 0.000371 1
478 196 602 254 0.000365 1
960 266 1039 329 0.000360 1
1005 257 1041 322 0.000356 1
209 202 250 261 0.000334 1
1010 236 1029 252 0.000334 1
1022 275 1059 329 0.000333 1
1009 250 1068 299 0.000331 1
214 239 242 264 0.000328 1
325 236 334 248 0.000324 1
1003 248 1064 306 0.000323 1
961 214 1001 305 0.000322 1
136 217 154 239 0.000318 1
0 207 73 261 0.000316 1
960 264 1032 328 0.000307 1
1030 318 1090 347 0.000305 1
679 207 697 232 0.000302 1
122 219 139 236 0.000298 1
868 197 963 292 0.000296 1
998 249 1058 304 0.000294 1
967 262 1004 317 0.000292 1
554 218 601 251 0.000291 1
861 221 905 279 0.000291 1
158 216 248 265 0.000289 1
1043 277 1059 309 0.000284 1
947 283 1081 344 0.000283 1
0 81 68 264 0.000281 1
949 269 1094 335 0.000280 1
156 221 175 253 0.000279 1
3 253 141 291 0.000277 1
0 215 236 325 0.000276 1
554 231 570 254 0.000269 1
1027 313 1082 350 0.000266 1
1044 278 1059 296 0.000256 1
1081 229 1110 273 0.000251 1
555 219 600 256 0.000251 1
968 266 999 310 0.000250 1
980 259 1040 327 0.000247 1
1019 281 1044 330 0.000244 1
190 242 243 266 0.000242 1
677 211 698 235 0.000240 1
953 242 1082 333 0.000239 1
1068 187 1279 309 0.000236 1
1007 248 1059 262 0.000233 1
970 264 1001 312 0.000231 1
1043 247 1073 296 0.000228 1
921 227 1076 291 0.000227 1
908 274 954 334 0.000223 1
1090 216 1142 278 0.000220 1
909 270 930 337 0.000219 1
879 265 911 309 0.000216 1
1007 272 1040 327 0.000213 1
502 235 531 253 0.000211 1
221 249 241 264 0.000210 1
994 247 1065 289 0.000209 1
498 239 529 253 0.000208 1
1010 228 1030 250 0.000207 1
1007 249 1063 318 0.000206 1
328 206 354 256 0.000206 1
1078 222 1137 271 0.000204 1
1005 274 1040 328 0.000203 1
141 216 172 249 0.000201 1
1023 313 1059 349 0.000201 1
1007 274 1039 327 0.000200 1
1007 245 1056 261 0.000199 1
1101 205 1187 248 0.000198 1
852 274 882 304 0.000197 1
926 276 959 331 0.000197 1
958 244 1068 300 0.000192 1
913 221 1083 290 0.000192 1
1085 222 1138 273 0.000187 1
927 269 963 333 0.000187 1
1081 223 1135 270 0.000185 1
990 249 1023 310 0.000185 1
858 245 932 330 0.000185 1
1045 271 1072 296 0.000177 1
859 247 930 343 0.000175 1
500 232 598 281 0.000173 1
997 250 1038 304 0.000172 1
925 222 1129 296 0.000171 1
543 212 602 282 0.000170 1
0 79 240 277 0.000169 1
523 214 573 251 0.000168 1
866 272 883 301 0.000165 1
822 278 855 312 0.000160 1
100 219 246 277 0.000160 1
999 254 1019 300 0.000159 1
880 257 941 340 0.000158 1
889 268 904 290 0.000158 1
874 266 913 319 0.000153 1
205 248 242 275 0.000152 1
874 274 895 301 0.000152 1
33 187 107 259 0.000150 1
924 210 1084 269 0.000147 1
1010 280 1040 328 0.000140 1
549 200 715 273 0.000140 1
5 252 209 291 0.000139 1
858 220 898 278 0.000135 1
995 246 1023 259 0.000134 1
1003 237 1024 252 0.000134 1
523 231 543 247 0.000133 1
785 257 816 281 0.000132 1
826 277 856 310 0.000131 1
554 214 603 278 0.000131 1
223 214 252 246 0.000129 1
47 191 103 259 0.000129 1
790 261 812 287 0.000126 1
994 245 1026 262 0.000125 1
0 212 282 395 0.000124 1
673 211 703 242 0.000121 1
970 270 996 345 0.000120 1
958 266 995 344 0.000119 1
953 241 1087 302 0.000119 1
987 271 1039 327 0.000118 1
532 200 588 234 0.000117 1
549 216 601 279 0.000115 1
1041 260 1081 330 0.000113 1
848 252 881 299 0.000112 1
826 279 851 309 0.000111 1
554 213 608 284 0.000110 1
551 218 601 279 0.000107 1
801 211 1265 346 0.000107 1
1002 225 1024 247 0.000105 1
947 251 1040 338 0.000105 1
1021 295 1039 329 0.000102 1
973 260 1001 312 0.000102 1
910 253 1039 322 0.000101 1
816 263 854 311 0.000101 1
73 208 122 251 0.000100 1
713 197 728 213 0.026753 2
1006 198 1038 225 0.024860 2
1006 196 1049 227 0.024074 2
823 329 846 343 0.023246 2
1005 196 1050 228 0.022325 2
823 329 846 343 0.019592 2
1007 196 1052 229 0.019482 2
1007 198 1036 224 0.018895 2
1006 197 1053 229 0.018165 2
575 433 593 457 0.016511 2
304 185 323 198 0.015973 2
1006 198 1030 224 0.015869 2
305 188 320 198 0.015402 2
1007 195 1054 229 0.013887 2
575 433 592 458 0.013010 2
876 198 942 240 0.011414 2
1263 248 1279 269 0.011272 2
305 186 323 199 0.010454 2
874 197 942 230 0.009672 2
670 452 684 463 0.009270 2
878 198 938 229 0.008905 2
1104 487 1115 495 0.008601 2
462 426 481 440 0.008431 2
319 209 331 231 0.008264 2
463 425 482 440 0.007964 2
692 198 725 226 0.007766 2
707 197 729 220 0.007687 2
1008 200 1026 227 0.007146 2
319 203 331 231 0.006709 2
631 377 658 397 0.006310 2
592 448 608 458 0.006263 2
1263 248 1279 270 0.006130 2
1104 487 1119 496 0.005934 2
882 199 929 241 0.005721 2
1120 488 1136 497 0.005701 2
631 381 658 397 0.005507 2
640 688 672 703 0.005433 2
631 382 658 397 0.005358 2
458 423 484 441 0.005347 2
708 200 728 232 0.005333 2
879 198 923 228 0.005275 2
495 430 513 444 0.005127 2
463 421 498 442 0.005087 2
463 416 516 441 0.005082 2
878 198 945 239 0.005025 2
648 456 656 461 0.004998 2
111 401 140 426 0.004954 2
462 418 516 446 0.004823 2
432 424 463 441 0.004652 2
692 203 722 233 0.004639 2
463 413 516 442 0.004583 2
462 422 495 441 0.004540 2
111 400 143 426 0.004518 2
533 209 543 218 0.004490 2
1007 194 1049 224 0.004439 2
47 403 63 421 0.004371 2
463 421 501 440 0.004335 2
1008 194 1053 227 0.004290 2
631 376 659 397 0.004235 2
47 407 63 421 0.004208 2
508 436 528 448 0.004178 2
1104 488 1137 508 0.004136 2
495 431 513 441 0.004130 2
47 407 63 421 0.004081 2
432 423 464 441 0.004058 2
45 401 63 421 0.004057 2
111 408 134 426 0.004034 2
736 437 768 458 0.003968 2
1119 488 1136 497 0.003904 2
456 204 465 216 0.003897 2
529 196 552 218 0.003794 2
0 261 319 400 0.003644 2
432 423 462 441 0.003625 2
879 199 906 239 0.003624 2
585 184 648 215 0.003515 2
0 258 320 396 0.003502 2
191 392 224 415 0.003475 2
1102 487 1137 508 0.003437 2
111 407 141 427 0.003419 2
111 400 150 426 0.003361 2
1110 488 1137 508 0.003335 2
0 256 15 283 0.003296 2
0 244 15 282 0.003236 2
104 251 145 264 0.003189 2
511 437 528 448 0.003187 2
1232 196 1256 232 0.003120 2
623 323 662 360 0.003083 2
115 409 143 426 0.003026 2
432 423 462 441 0.003008 2
110 400 164 426 0.002991 2
191 392 224 414 0.002989 2
356 216 368 228 0.002975 2
103 250 146 264 0.002964 2
534 201 553 217 0.002941 2
1009 206 1042 230 0.002899 2
440 423 483 441 0.002861 2
625 323 663 361 0.002847 2
593 430 608 439 0.002839 2
464 408 516 442 0.002807 2
0 257 15 282 0.002747 2
586 183 625 216 0.002737 2
432 427 448 440 0.002728 2
1007 194 1045 222 0.002687 2
738 438 760 451 0.002640 2
158 403 176 423 0.002597 2
158 401 176 422 0.002594 2
0 259 15 282 0.002591 2
306 185 329 200 0.002568 2
25 397 63 423 0.002557 2
444 423 483 441 0.002512 2
848 468 866 479 0.002432 2
511 424 586 439 0.002430 2
1042 520 1068 528 0.002404 2
494 428 557 448 0.002401 2
495 431 514 447 0.002398 2
802 178 854 240 0.002387 2
632 381 658 398 0.002385 2
630 372 658 397 0.002362 2
463 409 515 442 0.002316 2
631 372 659 397 0.002309 2
31 393 64 421 0.002303 2
504 425 581 444 0.002302 2
319 202 334 231 0.002274 2
710 203 724 230 0.002273 2
501 199 515 211 0.002254 2
467 420 531 442 0.002242 2
319 202 336 231 0.002236 2
1229 196 1256 232 0.002212 2
50 401 151 425 0.002169 2
592 423 608 433 0.002140 2
491 198 512 215 0.002138 2
735 437 766 458 0.002110 2
528 204 543 217 0.002086 2
623 321 660 360 0.002082 2
878 199 905 243 0.002071 2
495 431 520 448 0.002066 2
485 199 516 217 0.002052 2
1030 311 1089 337 0.002047 2
1030 312 1087 340 0.002027 2
712 192 729 217 0.002004 2
508 423 583 440 0.001966 2
670 450 687 463 0.001965 2
599 320 607 328 0.001944 2
191 392 223 415 0.001943 2
432 422 455 440 0.001940 2
876 189 947 227 0.001914 2
0 393 64 422 0.001910 2
625 323 666 361 0.001871 2
0 263 294 402 0.001834 2
1106 487 1137 509 0.001828 2
0 256 52 281 0.001826 2
0 256 307 396 0.001820 2
482 188 510 216 0.001820 2
657 453 665 462 0.001815 2
1002 192 1045 225 0.001806 2
37 408 48 423 0.001784 2
110 396 165 426 0.001780 2
158 412 176 423 0.001764 2
208 398 224 412 0.001746 2
191 392 223 416 0.001745 2
356 217 368 231 0.001742 2
60 254 94 287 0.001721 2
0 256 50 281 0.001705 2
1016 336 1024 344 0.001695 2
503 329 512 335 0.001691 2
1041 520 1068 529 0.001690 2
117 404 154 426 0.001690 2
54 254 93 287 0.001644 2
58 254 91 280 0.001639 2
624 320 665 362 0.001632 2
1010 216 1025 229 0.001624 2
45 393 63 421 0.001610 2
902 456 913 463 0.001590 2
460 409 512 442 0.001586 2
111 392 141 426 0.001579 2
61 254 92 269 0.001573 2
106 252 145 264 0.001556 2
116 403 164 424 0.001544 2
1005 216 1024 230 0.001535 2
103 250 136 264 0.001520 2
294 177 312 198 0.001511 2
0 238 17 282 0.001496 2
503 424 582 439 0.001487 2
114 400 174 424 0.001471 2
47 439 64 451 0.001469 2
633 202 653 216 0.001468 2
63 402 146 426 0.001461 2
1024 210 1041 230 0.001461 2
107 398 169 426 0.001448 2
590 199 615 215 0.001443 2
478 421 576 441 0.001399 2
0 441 8 447 0.001392 2
1031 311 1088 341 0.001391 2
896 476 913 487 0.001376 2
126 392 224 421 0.001368 2
0 241 15 283 0.001366 2
61 254 91 279 0.001361 2
0 257 51 281 0.001347 2
294 200 332 232 0.001334 2
591 448 607 458 0.001333 2
191 392 222 411 0.001325 2
590 429 608 440 0.001301 2
631 373 659 397 0.001272 2
0 393 63 423 0.001270 2
152 394 177 422 0.001263 2
1263 348 1279 358 0.001251 2
61 254 99 288 0.001232 2
597 450 608 461 0.001221 2
320 206 355 233 0.001210 2
207 398 224 414 0.001207 2
1215 496 1232 511 0.001206 2
502 203 515 216 0.001205 2
47 438 64 453 0.001204 2
517 185 552 217 0.001200 2
574 440 593 463 0.001199 2
690 194 738 230 0.001193 2
463 421 498 448 0.001189 2
702 300 768 330 0.001182 2
598 462 608 470 0.001175 2
483 199 512 216 0.001167 2
689 453 703 466 0.001155 2
573 427 608 462 0.001152 2
1009 212 1042 230 0.001147 2
638 675 674 703 0.001142 2
735 428 764 453 0.001137 2
157 394 191 421 0.001134 2
191 392 222 414 0.001130 2
447 203 465 218 0.001129 2
1042 311 1127 347 0.001127 2
615 203 634 215 0.001118 2
465 408 514 435 0.001118 2
273 184 294 192 0.001116 2
704 301 768 333 0.001116 2
0 258 50 281 0.001105 2
1247 480 1260 487 0.001103 2
0 398 55 424 0.001090 2
295 177 306 194 0.001077 2
640 454 652 461 0.001073 2
877 200 907 244 0.001069 2
863 466 881 478 0.001056 2
140 399 177 424 0.001054 2
967 205 1002 223 0.001048 2
319 202 334 231 0.001043 2
0 269 9 290 0.001039 2
590 425 608 435 0.001035 2
110 397 185 424 0.001033 2
321 207 354 232 0.001032 2
886 199 939 248 0.001017 2
579 446 592 461 0.001012 2
1035 311 1092 337 0.001010 2
485 409 522 429 0.001005 2
495 239 523 251 0.000987 2
1261 344 1279 355 0.000983 2
878 199 902 235 0.000966 2
625 321 667 363 0.000964 2
36 251 90 282 0.000943 2
587 441 608 459 0.000941 2
0 257 18 295 0.000937 2
60 255 89 265 0.000936 2
111 392 137 426 0.000934 2
993 359 1024 401 0.000933 2
155 396 199 420 0.000931 2
139 401 176 424 0.000928 2
495 409 525 426 0.000926 2
1120 64 1153 77 0.000915 2
0 392 69 423 0.000892 2
691 197 721 233 0.000891 2
1023 210 1043 230 0.000884 2
1198 334 1216 346 0.000883 2
435 404 515 442 0.000878 2
60 253 96 279 0.000878 2
31 386 64 422 0.000871 2
863 335 880 343 0.000862 2
516 424 585 437 0.000856 2
38 400 145 424 0.000855 2
462 424 496 447 0.000853 2
535 428 588 440 0.000850 2
544 248 592 280 0.000847 2
587 190 655 216 0.000842 2
84 250 111 264 0.000839 2
525 181 547 206 0.000832 2
700 300 768 334 0.000830 2
624 318 661 361 0.000829 2
66 404 142 425 0.000822 2
1135 487 1151 502 0.000805 2
640 438 704 464 0.000799 2
550 202 564 216 0.000797 2
637 687 681 703 0.000788 2
297 175 316 197 0.000787 2
65 276 95 288 0.000781 2
623 324 658 361 0.000777 2
633 373 661 397 0.000774 2
1043 311 1114 340 0.000774 2
567 425 577 432 0.000774 2
463 429 480 445 0.000770 2
1027 314 1089 348 0.000765 2
174 392 223 417 0.000763 2
511 342 521 350 0.000762 2
1032 311 1092 337 0.000751 2
987 357 1024 392 0.000750 2
656 449 665 459 0.000749 2
984 481 991 487 0.000740 2
1029 310 1095 337 0.000733 2
637 688 682 703 0.000733 2
47 438 64 454 0.000731 2
37 396 125 423 0.000730 2
141 395 178 423 0.000727 2
701 192 730 224 0.000715 2
1196 495 1233 512 0.000713 2
590 450 607 461 0.000710 2
156 392 224 419 0.000705 2
1121 64 1152 76 0.000701 2
493 409 522 424 0.000700 2
453 205 466 222 0.000697 2
613 202 644 216 0.000694 2
261 196 274 206 0.000680 2
31 258 48 293 0.000679 2
156 396 194 418 0.000666 2
869 177 941 200 0.000665 2
65 274 97 288 0.000663 2
326 190 340 199 0.000662 2
94 408 145 439 0.000657 2
338 205 374 231 0.000656 2
1064 314 1118 347 0.000656 2
1224 163 1279 181 0.000645 2
23 393 133 423 0.000638 2
64 276 93 288 0.000637 2
991 481 1000 487 0.000634 2
643 438 705 464 0.000634 2
31 256 62 288 0.000628 2
630 455 640 461 0.000625 2
630 371 659 397 0.000619 2
353 216 368 231 0.000619 2
0 256 51 295 0.000618 2
332 213 354 234 0.000618 2
172 396 214 419 0.000615 2
1071 326 1088 339 0.000614 2
1215 495 1232 511 0.000614 2
1037 311 1092 335 0.000612 2
640 439 703 461 0.000610 2
991 195 1036 229 0.000604 2
634 372 662 398 0.000603 2
802 186 851 240 0.000602 2
59 268 94 288 0.000602 2
29 398 132 424 0.000602 2
101 407 144 438 0.000599 2
1211 495 1232 511 0.000599 2
964 480 976 487 0.000594 2
494 409 537 426 0.000590 2
29 244 66 280 0.000588 2
2 380 64 423 0.000587 2
704 301 768 341 0.000580 2
61 255 105 288 0.000578 2
31 400 159 424 0.000576 2
30 256 72 292 0.000574 2
520 427 587 439 0.000573 2
306 185 333 231 0.000569 2
30 393 123 423 0.000568 2
497 425 589 448 0.000568 2
632 310 680 361 0.000565 2
504 427 590 447 0.000558 2
191 392 218 411 0.000558 2
1047 305 1137 338 0.000556 2
273 185 291 194 0.000552 2
958 481 969 487 0.000550 2
1068 325 1088 340 0.000548 2
966 204 987 222 0.000536 2
671 462 681 471 0.000531 2
47 439 64 454 0.000530 2
866 176 941 203 0.000520 2
1004 197 1066 260 0.000520 2
1044 310 1110 335 0.000516 2
1241 478 1278 505 0.000515 2
1220 164 1277 201 0.000514 2
868 176 940 202 0.000511 2
1212 195 1257 233 0.000510 2
649 445 681 462 0.000510 2
31 394 144 423 0.000509 2
623 319 659 362 0.000506 2
717 314 746 368 0.000502 2
0 263 319 420 0.000499 2
41 255 92 289 0.000498 2
1242 339 1279 413 0.000491 2
670 432 679 440 0.000489 2
60 248 106 281 0.000489 2
203 393 224 411 0.000487 2
903 199 948 247 0.000485 2
1264 350 1279 361 0.000485 2
0 263 229 410 0.000485 2
640 439 701 463 0.000484 2
432 400 495 442 0.000484 2
1008 193 1055 228 0.000484 2
0 279 20 295 0.000480 2
1263 362 1279 375 0.000476 2
1173 332 1201 352 0.000472 2
119 235 173 264 0.000467 2
1151 471 1166 479 0.000466 2
466 423 513 448 0.000465 2
1135 487 1152 503 0.000459 2
870 176 940 197 0.000459 2
989 357 1014 387 0.000457 2
970 480 991 487 0.000454 2
609 194 646 216 0.000452 2
520 171 578 217 0.000452 2
1023 307 1156 346 0.000452 2
495 407 562 430 0.000445 2
1238 345 1248 353 0.000442 2
1260 345 1279 370 0.000442 2
712 298 767 375 0.000441 2
432 403 469 442 0.000440 2
1226 164 1276 182 0.000437 2
671 429 690 440 0.000435 2
1030 213 1149 332 0.000434 2
1225 176 1272 236 0.000431 2
1151 471 1168 479 0.000428 2
153 392 218 420 0.000427 2
1023 254 1151 336 0.000412 2
310 192 336 231 0.000407 2
586 429 608 459 0.000406 2
531 198 571 220 0.000404 2
559 429 594 472 0.000404 2
1218 249 1279 295 0.000399 2
0 278 10 295 0.000397 2
1120 64 1153 78 0.000396 2
623 320 659 362 0.000395 2
494 408 510 419 0.000390 2
1258 507 1279 517 0.000386 2
101 413 144 439 0.000386 2
1025 309 1095 340 0.000385 2
870 177 944 217 0.000382 2
0 257 48 295 0.000380 2
663 190 693 229 0.000378 2
994 361 1009 386 0.000372 2
1175 472 1261 514 0.000369 2
432 404 463 442 0.000369 2
1011 216 1078 261 0.000362 2
1161 331 1200 358 0.000358 2
1227 248 1279 278 0.000355 2
1092 488 1112 504 0.000355 2
532 250 589 281 0.000353 2
649 438 704 464 0.000348 2
503 312 528 335 0.000348 2
705 297 768 330 0.000348 2
493 408 550 430 0.000347 2
271 180 313 198 0.000345 2
432 423 464 447 0.000342 2
327 199 387 236 0.000341 2
293 198 385 231 0.000340 2
606 455 624 470 0.000340 2
1229 479 1279 517 0.000337 2
662 274 672 283 0.000336 2
606 453 641 467 0.000336 2
1021 336 1031 344 0.000334 2
924 198 950 213 0.000333 2
1042 193 1056 203 0.000331 2
503 311 529 335 0.000330 2
1264 367 1279 375 0.000330 2
154 396 193 424 0.000326 2
635 673 700 703 0.000326 2
1220 164 1280 213 0.000326 2
1168 335 1217 377 0.000325 2
774 231 788 237 0.000325 2
653 426 680 439 0.000324 2
45 390 64 414 0.000322 2
503 308 529 336 0.000322 2
103 250 146 274 0.000321 2
189 393 224 445 0.000319 2
157 392 222 419 0.000317 2
636 370 656 389 0.000316 2
0 507 16 562 0.000314 2
587 183 624 201 0.000313 2
639 292 687 353 0.000308 2
444 423 482 447 0.000307 2
710 298 765 377 0.000306 2
123 411 144 431 0.000301 2
445 177 468 216 0.000301 2
496 405 591 438 0.000300 2
157 392 181 422 0.000300 2
510 427 593 449 0.000299 2
624 376 633 384 0.000291 2
147 238 232 277 0.000290 2
1 282 23 295 0.000288 2
1263 462 1279 502 0.000286 2
613 236 700 285 0.000284 2
1120 64 1153 78 0.000281 2
63 404 152 424 0.000275 2
98 412 143 438 0.000275 2
325 199 356 234 0.000274 2
172 244 244 270 0.000273 2
446 206 467 223 0.000268 2
887 187 948 220 0.000267 2
190 393 224 446 0.000266 2
104 242 177 276 0.000266 2
334 210 353 230 0.000266 2
0 508 16 565 0.000265 2
1177 275 1215 286 0.000265 2
915 178 943 200 0.000263 2
1257 247 1279 294 0.000263 2
45 265 83 290 0.000262 2
75 250 127 279 0.000261 2
469 192 519 251 0.000261 2
92 408 145 438 0.000261 2
116 239 186 277 0.000260 2
468 408 514 432 0.000258 2
1210 253 1279 292 0.000258 2
48 403 108 424 0.000257 2
1264 351 1279 369 0.000255 2
270 183 316 203 0.000255 2
503 313 528 335 0.000253 2
777 471 792 476 0.000252 2
866 197 902 237 0.000250 2
31 262 49 294 0.000250 2
128 241 200 277 0.000249 2
476 198 521 250 0.000249 2
432 413 449 441 0.000248 2
65 406 106 424 0.000248 2
638 424 655 435 0.000245 2
626 308 673 363 0.000245 2
154 392 176 416 0.000244 2
1224 178 1280 238 0.000241 2
1173 470 1254 513 0.000240 2
102 250 152 276 0.000238 2
966 198 1002 226 0.000234 2
65 257 136 287 0.000232 2
1119 64 1148 76 0.000230 2
502 232 542 254 0.000227 2
1040 264 1130 332 0.000227 2
1204 166 1255 234 0.000226 2
1205 261 1280 296 0.000223 2
29 261 49 295 0.000223 2
705 304 765 378 0.000222 2
1229 246 1279 353 0.000221 2
1264 509 1279 518 0.000220 2
591 457 608 470 0.000219 2
1180 476 1264 508 0.000219 2
1263 342 1279 361 0.000218 2
622 291 689 401 0.000216 2
543 428 592 457 0.000216 2
31 376 48 394 0.000216 2
182 249 233 277 0.000215 2
464 418 594 465 0.000215 2
1035 199 1076 237 0.000215 2
1264 365 1279 405 0.000214 2
530 199 571 227 0.000214 2
1040 215 1146 320 0.000213 2
968 211 1011 244 0.000212 2
980 183 1053 223 0.000211 2
1001 191 1103 236 0.000210 2
465 407 514 433 0.000208 2
908 178 941 200 0.000207 2
49 437 80 449 0.000207 2
689 184 729 229 0.000206 2
1232 476 1263 506 0.000206 2
317 200 333 270 0.000205 2
1176 475 1264 512 0.000205 2
39 399 114 425 0.000204 2
606 455 641 471 0.000204 2
95 413 144 438 0.000203 2
1040 259 1128 332 0.000202 2
251 415 262 423 0.000202 2
340 198 389 231 0.000201 2
466 397 606 443 0.000200 2
190 369 233 416 0.000200 2
1220 264 1280 295 0.000199 2
1 262 333 469 0.000198 2
661 273 696 283 0.000198 2
619 244 684 285 0.000198 2
1199 476 1214 487 0.000195 2
433 393 514 442 0.000192 2
432 398 476 442 0.000192 2
31 375 48 394 0.000191 2
522 232 544 248 0.000191 2
504 314 528 335 0.000191 2
1055 464 1066 471 0.000188 2
1263 319 1279 371 0.000186 2
639 427 656 456 0.000185 2
1028 310 1140 353 0.000184 2
619 272 693 388 0.000184 2
100 248 149 283 0.000184 2
607 412 624 432 0.000182 2
639 308 674 332 0.000182 2
111 390 129 415 0.000182 2
623 376 648 395 0.000182 2
559 431 595 472 0.000181 2
62 259 136 290 0.000180 2
1044 272 1132 335 0.000178 2
1037 191 1072 232 0.000177 2
149 395 220 425 0.000177 2
514 405 580 433 0.000176 2
107 410 144 439 0.000175 2
325 205 371 269 0.000174 2
1217 170 1280 223 0.000171 2
1096 167 1205 250 0.000171 2
925 167 944 185 0.000170 2
464 375 480 406 0.000170 2
30 376 48 396 0.000169 2
483 239 529 254 0.000169 2
65 434 80 442 0.000168 2
431 423 462 454 0.000168 2
31 375 64 427 0.000167 2
99 401 180 433 0.000167 2
1047 267 1142 332 0.000166 2
358 407 368 415 0.000166 2
1183 473 1265 499 0.000165 2
1247 196 1270 233 0.000165 2
1183 329 1200 343 0.000165 2
674 184 691 214 0.000164 2
1199 484 1262 512 0.000164 2
496 239 525 253 0.000163 2
1191 328 1215 345 0.000162 2
334 404 368 442 0.000162 2
620 447 640 457 0.000162 2
619 218 745 284 0.000160 2
1051 274 1144 333 0.000160 2
1251 504 1278 517 0.000160 2
0 260 52 296 0.000160 2
22 513 45 529 0.000160 2
33 391 109 411 0.000160 2
1263 316 1279 362 0.000159 2
1144 495 1168 504 0.000159 2
568 275 688 418 0.000158 2
47 436 80 450 0.000158 2
1248 275 1279 298 0.000157 2
1173 291 1280 349 0.000157 2
0 423 8 448 0.000157 2
777 471 792 476 0.000156 2
1167 273 1221 286 0.000156 2
911 177 939 187 0.000156 2
1218 169 1275 225 0.000155 2
1167 273 1220 285 0.000154 2
1220 271 1280 314 0.000153 2
632 374 677 402 0.000153 2
1094 161 1208 218 0.000152 2
623 310 664 363 0.000152 2
27 513 42 522 0.000152 2
559 427 593 472 0.000151 2
1169 274 1216 285 0.000150 2
111 383 156 428 0.000150 2
354 199 387 230 0.000150 2
432 395 467 441 0.000149 2
605 456 641 471 0.000149 2
1236 481 1279 517 0.000149 2
639 312 674 341 0.000148 2
968 198 986 220 0.000148 2
454 305 508 348 0.000147 2
1121 64 1153 79 0.000147 2
79 251 131 285 0.000146 2
543 160 579 176 0.000146 2
1231 477 1254 490 0.000145 2
334 342 367 354 0.000145 2
0 395 67 459 0.000144 2
661 290 766 370 0.000143 2
1214 343 1267 355 0.000143 2
385 418 461 440 0.000140 2
0 373 49 397 0.000138 2
1087 161 1208 248 0.000137 2
686 407 703 425 0.000137 2
160 237 199 276 0.000137 2
0 206 319 399 0.000136 2
581 205 744 284 0.000136 2
1024 311 1108 352 0.000136 2
581 180 620 203 0.000134 2
747 275 945 344 0.000134 2
1018 312 1053 345 0.000134 2
1265 322 1279 346 0.000132 2
579 176 726 217 0.000132 2
510 406 545 427 0.000132 2
681 440 703 459 0.000132 2
1142 270 1218 283 0.000132 2
1199 473 1220 487 0.000131 2
1261 279 1279 296 0.000131 2
1263 463 1279 501 0.000130 2
1200 302 1216 311 0.000130 2
25 257 72 296 0.000130 2
0 455 48 592 0.000129 2
47 435 80 470 0.000129 2
635 376 689 398 0.000128 2
142 392 177 423 0.000128 2
558 191 750 281 0.000128 2
1150 502 1166 510 0.000126 2
608 227 695 287 0.000126 2
1215 536 1244 552 0.000125 2
333 199 371 233 0.000123 2
1214 238 1279 300 0.000123 2
629 292 689 390 0.000123 2
335 406 354 441 0.000122 2
0 458 23 603 0.000122 2
747 206 767 232 0.000121 2
0 462 16 520 0.000121 2
764 223 790 237 0.000121 2
1154 273 1280 318 0.000121 2
1223 274 1279 315 0.000121 2
687 376 695 384 0.000120 2
269 184 295 210 0.000120 2
1104 242 1199 267 0.000120 2
172 265 188 278 0.000118 2
614 235 702 284 0.000118 2
629 272 673 350 0.000118 2
455 307 513 358 0.000118 2
0 397 64 456 0.000118 2
624 323 664 394 0.000116 2
433 397 492 442 0.000116 2
0 501 46 599 0.000116 2
153 392 219 440 0.000116 2
335 405 358 441 0.000114 2
464 375 481 428 0.000114 2
1045 211 1147 315 0.000112 2
191 392 223 441 0.000112 2
640 462 651 471 0.000112 2
619 327 655 375 0.000111 2
208 249 238 276 0.000111 2
4 506 47 535 0.000110 2
451 404 515 440 0.000110 2
492 433 529 453 0.000108 2
1133 264 1219 283 0.000108 2
495 405 546 427 0.000108 2
1263 278 1279 294 0.000107 2
507 173 720 228 0.000107 2
528 428 591 453 0.000106 2
1185 298 1280 347 0.000106 2
543 160 578 172 0.000106 2
20 200 35 206 0.000106 2
639 269 674 346 0.000105 2
1224 161 1275 182 0.000105 2
0 472 16 533 0.000105 2
1166 273 1218 284 0.000104 2
1111 471 1120 478 0.000104 2
799 495 808 503 0.000103 2
1212 336 1230 348 0.000103 2
1039 269 1124 336 0.000103 2
16 504 48 536 0.000102 2
1199 348 1271 379 0.000102 2
425 64 503 97 0.000102 2
972 319 1025 347 0.000102 2
544 197 743 283 0.000101 2
744 196 786 226 0.000101 2
444 164 580 216 0.027916 5
442 160 582 219 0.021146 5
444 166 581 217 0.020822 5
442 156 581 217 0.016505 5
444 165 518 216 0.005575 5
444 153 583 217 0.004113 5
443 170 517 216 0.004012 5
478 170 516 215 0.002124 5
446 152 521 212 0.001712 5
446 152 576 216 0.001450 5
826 135 940 165 0.001388 5
447 153 518 171 0.001046 5
822 135 940 166 0.000893 5
825 239 1279 472 0.000849 5
449 150 523 171 0.000831 5
935 240 1277 339 0.000806 5
443 162 514 261 0.000759 5
447 155 516 216 0.000530 5
465 167 517 217 0.000466 5
899 237 1276 339 0.000423 5
472 151 523 171 0.000390 5
823 134 943 165 0.000274 5
442 162 498 248 0.000217 5
926 222 1276 311 0.000209 5
455 143 526 165 0.000181 5
1005 183 1048 217 0.000156 5
456 143 526 167 0.000152 5
1001 183 1047 218 0.000138 5
442 160 582 218 0.022514 6
1181 164 1279 267 0.002346 6
827 135 940 166 0.002009 6
774 255 1279 483 0.001868 6
905 256 1279 482 0.001757 6
947 262 1279 487 0.001729 6
974 254 1279 476 0.001568 6
861 261 1279 488 0.001533 6
826 135 940 171 0.001338 6
826 135 939 160 0.001167 6
722 248 1279 482 0.001053 6
826 135 941 159 0.000880 6
730 258 1279 489 0.000849 6
339 67 617 237 0.000749 6
1129 157 1279 267 0.000604 6
934 267 1279 499 0.000511 6
741 242 1278 438 0.000474 6
386 69 595 223 0.000423 6
641 249 1074 492 0.000421 6
641 253 1041 496 0.000398 6
328 410 715 462 0.000375 6
534 261 957 482 0.000347 6
493 260 958 479 0.000338 6
2 83 403 400 0.000322 6
434 96 593 221 0.000319 6
1 84 457 396 0.000310 6
640 256 976 491 0.000306 6
787 288 1279 498 0.000301 6
22 392 278 481 0.000300 6
42 393 224 481 0.000287 6
643 250 1104 503 0.000275 6
322 400 708 463 0.000273 6
642 243 1099 495 0.000264 6
443 142 581 212 0.000258 6
2 69 472 393 0.000257 6
640 252 1025 487 0.000243 6
443 159 499 220 0.000242 6
2 191 459 373 0.000241 6
641 246 1080 347 0.000240 6
1 107 336 401 0.000240 6
423 78 639 227 0.000229 6
643 254 1242 510 0.000227 6
715 312 1274 499 0.000224 6
644 365 993 489 0.000222 6
0 165 326 400 0.000220 6
331 407 718 482 0.000220 6
640 257 960 491 0.000216 6
0 393 325 483 0.000213 6
640 249 1114 345 0.000213 6
0 99 471 369 0.000209 6
323 64 688 268 0.000203 6
326 275 738 465 0.000199 6
2 72 415 397 0.000193 6
698 237 1273 484 0.000191 6
537 158 651 215 0.000191 6
648 311 1269 507 0.000189 6
651 274 1270 501 0.000187 6
642 266 1066 357 0.000186 6
646 365 1076 493 0.000184 6
0 185 476 386 0.000181 6
640 264 1010 377 0.000179 6
674 315 1274 501 0.000177 6
645 322 1237 510 0.000172 6
509 256 956 466 0.000164 6
0 259 218 421 0.000162 6
321 407 718 479 0.000154 6
641 261 1078 365 0.000153 6
327 64 700 258 0.000149 6
0 80 360 399 0.000149 6
643 224 1200 500 0.000144 6
321 252 729 464 0.000139 6
643 238 1149 340 0.000139 6
3 398 307 485 0.000139 6
338 397 716 465 0.000138 6
1147 64 1280 278 0.000138 6
640 151 1145 348 0.000132 6
490 64 933 263 0.000131 6
514 266 957 404 0.000130 6
646 410 1013 491 0.000129 6
444 177 497 219 0.000126 6
1042 131 1279 278 0.000123 6
152 170 259 222 0.000122 6
334 418 728 473 0.000119 6
44 400 269 485 0.000115 6
495 64 942 254 0.000112 6
0 212 465 395 0.000111 6
495 64 803 259 0.000109 6
938 373 1277 509 0.000107 6
862 177 944 239 0.250684 7
852 176 944 242 0.239539 7
865 177 943 241 0.232830 7
865 177 943 237 0.171818 7
853 176 944 238 0.160268 7
802 176 944 242 0.138697 7
863 176 944 244 0.137582 7
846 176 944 239 0.127622 7
812 176 945 242 0.116754 7
696 153 944 241 0.080105 7
708 153 859 238 0.076011 7
803 176 944 244 0.066249 7
696 152 947 238 0.066053 7
706 152 837 233 0.060823 7
705 152 811 226 0.058884 7
802 165 943 240 0.057005 7
713 153 811 220 0.053293 7
866 176 943 230 0.053188 7
698 152 859 235 0.052640 7
702 153 811 223 0.045070 7
695 157 944 243 0.041997 7
694 149 943 243 0.038980 7
715 153 858 240 0.038367 7
708 152 850 225 0.037765 7
0 392 31 424 0.035715 7
448 165 579 215 0.033196 7
445 165 580 216 0.032503 7
866 176 940 231 0.032299 7
711 153 861 234 0.032056 7
698 152 811 225 0.031721 7
705 152 842 237 0.026838 7
456 167 579 216 0.022335 7
441 159 582 219 0.020843 7
469 167 579 215 0.019815 7
713 153 812 236 0.018771 7
587 183 622 215 0.017739 7
442 161 583 227 0.017491 7
484 169 580 212 0.014810 7
587 183 622 214 0.011882 7
1184 230 1279 268 0.010482 7
802 181 853 241 0.009962 7
585 182 655 216 0.009182 7
867 176 939 229 0.008702 7
695 152 813 224 0.008359 7
586 184 624 216 0.008250 7
803 173 857 222 0.007632 7
866 176 942 223 0.007483 7
805 171 944 246 0.007465 7
511 171 581 220 0.007346 7
1184 193 1279 267 0.007110 7
696 152 811 221 0.006832 7
802 175 855 224 0.006792 7
802 176 856 240 0.006534 7
454 154 581 216 0.006460 7
455 160 581 214 0.006279 7
802 181 854 235 0.005377 7
1183 229 1279 267 0.004962 7
585 184 627 217 0.004727 7
802 142 942 237 0.004471 7
587 183 620 215 0.004341 7
477 170 517 216 0.003975 7
866 177 942 207 0.003844 7
803 179 853 225 0.003638 7
803 182 851 240 0.003585 7
1182 167 1279 267 0.003555 7
470 161 581 210 0.003217 7
586 183 621 202 0.003144 7
0 374 31 424 0.003069 7
1186 170 1279 267 0.003050 7
442 160 588 252 0.002876 7
867 177 942 221 0.002862 7
584 184 652 216 0.002780 7
587 183 622 207 0.002758 7
806 138 942 238 0.002641 7
1183 221 1279 266 0.002543 7
1183 226 1279 269 0.002530 7
802 164 857 219 0.002529 7
1038 266 1277 350 0.002424 7
584 185 658 218 0.002371 7
677 154 956 254 0.002345 7
669 152 952 274 0.002246 7
1032 266 1276 347 0.002218 7
803 173 858 227 0.002159 7
1190 170 1279 236 0.002054 7
693 134 944 244 0.001998 7
865 176 937 234 0.001995 7
1186 175 1279 243 0.001941 7
480 171 517 216 0.001940 7
867 186 936 234 0.001930 7
867 177 941 203 0.001866 7
863 178 960 254 0.001859 7
542 167 646 234 0.001844 7
863 177 951 247 0.001830 7
803 169 855 220 0.001742 7
934 243 1278 342 0.001728 7
583 178 659 216 0.001727 7
774 139 949 249 0.001723 7
1190 168 1279 232 0.001555 7
784 162 856 239 0.001493 7
657 150 959 307 0.001486 7
440 153 582 218 0.001481 7
1188 169 1280 233 0.001420 7
914 241 1279 477 0.001383 7
441 158 585 257 0.001361 7
800 149 941 233 0.001330 7
1186 166 1280 231 0.001259 7
847 174 929 237 0.001143 7
300 198 388 232 0.001140 7
294 199 390 274 0.001136 7
724 152 808 207 0.001115 7
865 177 925 236 0.001092 7
450 166 581 251 0.001065 7
459 151 527 212 0.001016 7
1147 279 1279 420 0.000936 7
847 177 924 240 0.000930 7
692 126 948 243 0.000905 7
801 185 862 241 0.000904 7
776 135 943 244 0.000895 7
544 171 580 216 0.000894 7
1082 267 1279 349 0.000872 7
961 246 1279 469 0.000844 7
294 199 388 231 0.000827 7
1181 166 1234 230 0.000799 7
469 152 518 171 0.000787 7
1136 280 1279 419 0.000762 7
704 142 869 225 0.000722 7
829 134 948 235 0.000707 7
727 152 808 212 0.000694 7
587 177 618 214 0.000690 7
1262 166 1279 252 0.000689 7
479 170 514 215 0.000674 7
1031 263 1269 345 0.000662 7
295 199 332 232 0.000633 7
1169 282 1279 420 0.000605 7
814 133 949 247 0.000599 7
476 168 524 216 0.000585 7
662 151 928 276 0.000582 7
292 199 389 272 0.000581 7
680 160 1035 265 0.000579 7
662 275 768 362 0.000576 7
866 176 941 204 0.000574 7
315 198 388 232 0.000566 7
716 152 812 207 0.000564 7
706 298 768 366 0.000552 7
703 297 768 371 0.000534 7
1039 273 1261 348 0.000533 7
708 297 767 375 0.000520 7
1188 162 1279 228 0.000477 7
1034 258 1151 335 0.000468 7
661 271 767 360 0.000463 7
704 137 860 227 0.000457 7
865 176 938 230 0.000455 7
1181 161 1280 229 0.000454 7
1037 267 1155 334 0.000449 7
442 155 583 224 0.000442 7
733 152 811 220 0.000434 7
580 167 662 217 0.000421 7
698 294 768 370 0.000409 7
721 156 819 237 0.000404 7
1028 267 1158 341 0.000400 7
445 162 642 259 0.000398 7
661 284 767 370 0.000376 7
661 275 768 365 0.000374 7
702 135 824 220 0.000359 7
690 153 804 223 0.000355 7
695 134 820 220 0.000331 7
975 186 1053 230 0.000329 7
733 152 810 214 0.000312 7
1162 301 1280 354 0.000296 7
1163 298 1280 352 0.000287 7
704 130 859 222 0.000266 7
622 229 740 284 0.000260 7
1035 274 1158 338 0.000254 7
714 152 806 208 0.000250 7
1170 301 1280 350 0.000246 7
1175 473 1264 513 0.000245 7
1167 302 1277 352 0.000244 7
294 199 331 233 0.000241 7
1038 239 1267 302 0.000238 7
720 153 810 211 0.000237 7
469 174 544 250 0.000210 7
697 277 837 352 0.000199 7
501 158 927 275 0.000178 7
621 230 737 284 0.000178 7
1133 272 1168 346 0.000172 7
725 170 1051 272 0.000167 7
805 167 857 195 0.000166 7
716 155 801 213 0.000166 7
641 150 1105 352 0.000158 7
685 100 945 243 0.000150 7
1055 265 1139 337 0.000149 7
310 198 419 343 0.000144 7
867 176 937 206 0.000143 7
771 125 937 218 0.000139 7
806 160 856 191 0.000139 7
640 158 1041 352 0.000137 7
294 199 321 232 0.000137 7
692 179 745 221 0.000135 7
1006 183 1057 218 0.000134 7
1184 207 1280 342 0.000131 7
513 123 894 238 0.000130 7
715 159 794 217 0.000130 7
712 152 801 213 0.000126 7
685 151 805 218 0.000126 7
847 167 917 231 0.000123 7
1138 291 1278 416 0.000118 7
1176 301 1250 352 0.000113 7
1146 278 1219 347 0.000112 7
976 167 1058 230 0.000109 7
676 79 897 240 0.000109 7
292 192 327 233 0.000103 7
1237 279 1279 412 0.000101 7
1089 150 1103 178 0.552152 9
1089 150 1103 178 0.496962 9
1089 150 1103 178 0.422311 9
512 151 524 181 0.187788 9
512 152 524 180 0.185191 9
512 151 524 184 0.076474 9
1208 170 1215 185 0.075638 9
513 151 525 182 0.060692 9
512 150 524 181 0.048955 9
1088 150 1103 182 0.046172 9
1215 167 1223 184 0.041699 9
1208 168 1216 185 0.037134 9
372 167 381 184 0.032342 9
1214 168 1223 184 0.032247 9
448 157 490 171 0.031089 9
449 157 490 171 0.028703 9
927 149 938 168 0.027560 9
927 150 937 168 0.025653 9
879 154 891 169 0.023735 9
239 178 246 190 0.023695 9
895 155 906 173 0.022224 9
449 156 489 171 0.018352 9
365 167 373 187 0.017740 9
866 151 880 171 0.015193 9
1089 150 1103 182 0.015049 9
366 167 374 188 0.013941 9
680 166 687 183 0.013725 9
927 137 939 168 0.013392 9
878 153 890 169 0.013075 9
239 177 247 190 0.012882 9
896 156 906 176 0.012611 9
868 152 880 174 0.012537 9
558 182 567 196 0.012266 9
880 153 894 169 0.012189 9
863 166 869 184 0.011117 9
1014 148 1024 169 0.010593 9
517 191 526 201 0.009839 9
313 150 342 193 0.009397 9
927 142 940 169 0.009206 9
680 167 687 189 0.009036 9
868 153 881 176 0.008808 9
449 158 484 171 0.008699 9
448 157 490 182 0.008212 9
524 183 535 196 0.008032 9
845 151 859 166 0.007921 9
864 165 870 183 0.007737 9
448 157 490 180 0.007643 9
1232 168 1246 183 0.007347 9
1014 146 1024 169 0.006772 9
513 152 527 190 0.006600 9
1208 169 1215 197 0.006504 9
372 167 381 185 0.006497 9
864 150 880 169 0.006493 9
864 151 879 170 0.006307 9
1232 167 1246 182 0.006210 9
553 173 569 199 0.006100 9
1207 169 1215 185 0.005945 9
257 179 262 190 0.005905 9
879 152 895 170 0.005850 9
638 160 644 168 0.005813 9
516 169 547 201 0.005756 9
362 167 369 188 0.005333 9
94 153 104 176 0.005218 9
463 166 472 184 0.005212 9
1013 135 1025 171 0.005161 9
665 182 671 195 0.005040 9
896 154 909 175 0.004979 9
589 174 599 185 0.004975 9
895 152 905 173 0.004955 9
927 144 944 168 0.004879 9
512 168 549 199 0.004833 9
365 167 374 189 0.004824 9
95 151 105 176 0.004696 9
841 151 859 166 0.004694 9
1013 139 1024 173 0.004618 9
1225 164 1232 181 0.004612 9
927 147 944 168 0.004455 9
1013 137 1024 172 0.004449 9
313 149 341 192 0.004392 9
1087 150 1105 179 0.004310 9
927 136 941 168 0.004234 9
587 171 595 185 0.004160 9
549 172 575 200 0.004145 9
1013 140 1025 173 0.004080 9
372 167 381 185 0.004029 9
257 143 267 160 0.003947 9
992 148 1000 167 0.003900 9
518 171 547 200 0.003845 9
119 64 159 76 0.003754 9
111 151 128 164 0.003748 9
257 142 268 160 0.003697 9
448 157 491 182 0.003643 9
517 167 547 189 0.003458 9
446 156 490 184 0.003441 9
992 146 1000 169 0.003254 9
119 64 159 77 0.003227 9
1154 163 1167 184 0.003191 9
1207 166 1227 183 0.003185 9
119 64 158 75 0.003122 9
695 176 704 193 0.003116 9
1006 134 1024 173 0.003085 9
680 167 689 200 0.003040 9
693 176 699 194 0.003022 9
361 167 369 189 0.002958 9
895 153 909 177 0.002941 9
695 177 704 199 0.002939 9
312 152 342 195 0.002863 9
313 147 345 195 0.002840 9
519 168 547 187 0.002824 9
119 64 159 78 0.002672 9
240 166 247 178 0.002638 9
95 151 107 176 0.002611 9
1006 135 1022 174 0.002600 9
1006 136 1015 173 0.002598 9
448 154 490 171 0.002586 9
258 143 268 160 0.002569 9
587 168 594 185 0.002560 9
1006 133 1026 173 0.002510 9
829 135 860 166 0.002498 9
119 64 195 83 0.002468 9
119 64 200 86 0.002337 9
514 168 579 202 0.002335 9
814 144 823 154 0.002228 9
174 64 202 90 0.002189 9
259 142 268 160 0.002152 9
119 64 161 78 0.002149 9
313 149 351 199 0.002135 9
171 64 201 90 0.002115 9
1192 168 1201 186 0.002110 9
827 135 861 166 0.002079 9
1211 167 1225 201 0.002047 9
839 150 859 165 0.002028 9
521 183 536 200 0.002020 9
119 64 191 81 0.002005 9
690 168 698 180 0.001968 9
1209 167 1226 195 0.001961 9
545 170 581 202 0.001955 9
119 64 162 77 0.001943 9
587 167 602 185 0.001927 9
1096 130 1105 175 0.001916 9
545 265 557 281 0.001895 9
927 136 944 168 0.001894 9
111 151 128 165 0.001887 9
751 362 759 375 0.001872 9
446 156 491 193 0.001840 9
840 119 854 135 0.001835 9
841 119 858 135 0.001805 9
1007 135 1020 174 0.001796 9
118 64 188 79 0.001726 9
877 153 894 176 0.001712 9
521 183 539 200 0.001698 9
548 172 578 200 0.001668 9
313 152 341 193 0.001643 9
1192 164 1202 186 0.001642 9
828 135 861 158 0.001636 9
173 64 201 90 0.001630 9
463 252 478 304 0.001627 9
1088 144 1104 177 0.001606 9
801 143 811 156 0.001603 9
951 351 960 385 0.001587 9
562 181 579 199 0.001575 9
882 153 898 176 0.001505 9
841 119 858 136 0.001489 9
1232 168 1246 183 0.001472 9
811 158 858 180 0.001460 9
95 151 111 176 0.001458 9
118 64 201 90 0.001450 9
1088 146 1104 177 0.001448 9
516 168 580 202 0.001429 9
256 177 262 191 0.001427 9
703 169 711 179 0.001408 9
464 254 479 304 0.001406 9
948 168 960 184 0.001402 9
1089 150 1110 179 0.001382 9
445 156 494 209 0.001375 9
524 167 579 201 0.001356 9
1105 164 1147 185 0.001334 9
701 125 714 153 0.001333 9
828 135 861 156 0.001295 9
713 133 720 152 0.001293 9
543 161 581 202 0.001291 9
119 64 184 78 0.001291 9
1209 165 1230 201 0.001290 9
95 184 101 200 0.001283 9
67 169 81 200 0.001277 9
950 351 961 388 0.001277 9
1020 159 1030 169 0.001275 9
448 158 491 178 0.001275 9
698 152 707 178 0.001275 9
94 151 111 177 0.001274 9
700 118 715 154 0.001273 9
166 64 180 76 0.001262 9
946 168 960 183 0.001262 9
119 64 159 79 0.001249 9
699 151 711 180 0.001247 9
210 167 219 176 0.001244 9
167 64 202 90 0.001227 9
386 198 398 206 0.001209 9
121 64 185 81 0.001192 9
1207 160 1220 186 0.001189 9
153 64 203 90 0.001178 9
44 315 56 343 0.001162 9
544 163 581 203 0.001157 9
1103 164 1149 186 0.001147 9
813 148 823 160 0.001146 9
449 154 490 171 0.001145 9
993 136 1001 170 0.001144 9
482 151 524 193 0.001142 9
44 317 56 343 0.001139 9
1092 179 1104 201 0.001134 9
566 161 580 176 0.001131 9
848 182 858 216 0.001126 9
698 126 705 152 0.001114 9
665 154 671 173 0.001106 9
696 156 710 182 0.001098 9
68 169 81 200 0.001085 9
545 171 582 201 0.001078 9
951 345 960 385 0.001065 9
697 121 707 153 0.001061 9
357 168 368 190 0.001058 9
847 117 865 136 0.001042 9
647 520 656 544 0.001036 9
1190 161 1202 187 0.001031 9
639 518 648 549 0.001028 9
1012 131 1041 171 0.001025 9
841 150 863 168 0.001023 9
95 183 102 200 0.001020 9
751 357 760 375 0.001007 9
1013 133 1026 144 0.001003 9
809 166 837 179 0.000999 9
1087 148 1105 214 0.000999 9
543 254 588 279 0.000993 9
410 178 418 203 0.000992 9
119 64 202 91 0.000990 9
580 64 596 90 0.000983 9
837 141 864 167 0.000976 9
512 173 526 200 0.000976 9
578 301 593 317 0.000967 9
825 135 918 168 0.000962 9
841 117 867 136 0.000959 9
164 64 184 75 0.000951 9
996 133 1013 173 0.000949 9
580 64 596 92 0.000938 9
700 122 714 153 0.000922 9
665 171 671 191 0.000919 9
696 140 713 181 0.000914 9
1097 128 1104 148 0.000894 9
160 64 182 80 0.000889 9
512 151 544 190 0.000878 9
810 160 858 179 0.000869 9
927 147 944 183 0.000863 9
1013 136 1041 170 0.000858 9
694 181 702 199 0.000852 9
639 518 649 551 0.000850 9
544 252 586 281 0.000829 9
157 64 203 90 0.000829 9
1180 163 1206 218 0.000822 9
997 133 1013 176 0.000820 9
923 135 941 168 0.000819 9
969 173 976 186 0.000819 9
842 136 940 170 0.000816 9
1027 138 1040 160 0.000801 9
665 184 671 204 0.000800 9
1103 164 1148 186 0.000799 9
687 169 699 196 0.000791 9
1214 370 1223 387 0.000789 9
256 157 267 176 0.000785 9
959 136 971 160 0.000778 9
861 112 869 118 0.000777 9
926 135 944 168 0.000769 9
825 135 919 171 0.000765 9
697 150 711 180 0.000765 9
1024 129 1040 164 0.000759 9
569 162 581 178 0.000759 9
249 178 258 192 0.000758 9
810 152 858 177 0.000742 9
68 171 80 199 0.000736 9
1100 137 1110 165 0.000736 9
211 165 221 178 0.000729 9
1150 104 1165 133 0.000727 9
414 176 421 203 0.000723 9
68 169 83 178 0.000718 9
1208 167 1230 213 0.000712 9
827 135 861 161 0.000710 9
576 290 595 328 0.000710 9
481 172 507 196 0.000705 9
664 163 671 174 0.000697 9
573 257 588 278 0.000694 9
701 118 715 128 0.000693 9
1091 147 1111 177 0.000689 9
1076 149 1103 186 0.000688 9
1026 155 1039 168 0.000685 9
1104 170 1121 193 0.000684 9
862 136 939 177 0.000680 9
484 144 524 182 0.000677 9
156 64 184 92 0.000671 9
580 64 598 92 0.000666 9
1096 131 1110 167 0.000658 9
827 135 860 153 0.000657 9
1027 148 1040 163 0.000657 9
995 134 1017 174 0.000656 9
378 150 385 161 0.000654 9
576 294 594 322 0.000647 9
312 148 340 194 0.000646 9
1144 164 1167 184 0.000645 9
839 119 856 136 0.000643 9
645 519 656 548 0.000641 9
479 151 524 180 0.000638 9
809 160 857 187 0.000638 9
799 84 807 100 0.000633 9
858 112 870 136 0.000633 9
576 282 595 323 0.000633 9
843 164 871 223 0.000632 9
1011 132 1036 169 0.000623 9
573 275 608 335 0.000614 9
904 66 944 120 0.000614 9
811 158 855 178 0.000613 9
677 167 689 209 0.000601 9
38 315 57 344 0.000601 9
246 176 259 192 0.000594 9
598 285 608 328 0.000593 9
557 138 581 165 0.000590 9
372 152 382 184 0.000587 9
568 159 581 178 0.000585 9
809 162 858 187 0.000585 9
664 168 689 212 0.000583 9
118 64 169 78 0.000582 9
879 376 884 386 0.000577 9
1229 162 1248 181 0.000573 9
1107 163 1164 185 0.000570 9
414 176 421 203 0.000569 9
220 175 248 194 0.000559 9
645 519 656 546 0.000557 9
698 121 708 152 0.000557 9
810 160 855 179 0.000556 9
837 135 932 172 0.000553 9
927 149 944 183 0.000552 9
159 64 188 91 0.000552 9
829 151 872 188 0.000549 9
570 136 581 164 0.000545 9
156 64 179 74 0.000539 9
545 265 559 280 0.000534 9
1102 164 1150 186 0.000532 9
1182 165 1201 208 0.000529 9
352 161 363 190 0.000529 9
811 160 857 179 0.000525 9
120 64 193 92 0.000523 9
812 164 858 184 0.000520 9
1051 111 1084 147 0.000515 9
800 141 823 160 0.000514 9
1105 136 1136 165 0.000511 9
1183 164 1202 188 0.000505 9
580 64 598 90 0.000504 9
688 118 712 152 0.000504 9
39 317 56 344 0.000502 9
339 166 352 198 0.000493 9
566 141 581 175 0.000493 9
566 138 581 176 0.000493 9
846 136 941 154 0.000492 9
1153 159 1168 185 0.000486 9
95 151 112 176 0.000475 9
701 171 711 184 0.000475 9
1193 165 1217 189 0.000468 9
851 136 941 172 0.000458 9
495 170 513 188 0.000455 9
370 166 386 201 0.000454 9
1102 132 1136 166 0.000453 9
406 179 417 204 0.000448 9
833 135 939 153 0.000448 9
995 132 1023 174 0.000448 9
258 166 271 179 0.000446 9
483 151 524 177 0.000445 9
575 283 596 348 0.000445 9
960 135 976 160 0.000444 9
706 132 720 154 0.000442 9
665 151 671 173 0.000442 9
843 135 940 153 0.000441 9
575 283 595 322 0.000438 9
456 155 503 203 0.000424 9
295 176 307 196 0.000422 9
810 159 857 179 0.000420 9
768 98 784 135 0.000420 9
682 166 704 208 0.000419 9
907 104 937 120 0.000418 9
68 169 81 200 0.000418 9
1105 167 1137 189 0.000417 9
1104 133 1136 167 0.000416 9
960 135 977 161 0.000411 9
574 275 608 343 0.000410 9
638 160 649 182 0.000405 9
415 176 421 203 0.000404 9
256 84 262 97 0.000403 9
575 133 581 159 0.000400 9
1110 164 1158 185 0.000400 9
49 184 64 206 0.000398 9
1223 161 1248 182 0.000394 9
67 169 81 200 0.000393 9
662 169 691 214 0.000392 9
1178 163 1230 209 0.000392 9
111 139 128 165 0.000391 9
410 177 418 202 0.000389 9
1081 173 1090 184 0.000388 9
826 135 921 155 0.000386 9
1041 154 1051 169 0.000383 9
742 362 751 375 0.000381 9
1207 159 1231 186 0.000377 9
597 287 608 329 0.000377 9
223 168 232 176 0.000375 9
1154 165 1167 184 0.000372 9
1205 161 1232 183 0.000371 9
999 123 1007 136 0.000368 9
575 277 596 325 0.000366 9
1099 129 1136 168 0.000364 9
512 144 525 182 0.000364 9
665 166 688 199 0.000364 9
1108 155 1118 168 0.000363 9
1079 149 1103 183 0.000362 9
1102 167 1121 201 0.000362 9
887 345 895 365 0.000361 9
679 154 688 184 0.000360 9
1046 155 1055 168 0.000359 9
652 153 671 175 0.000356 9
1087 127 1106 178 0.000356 9
441 146 525 180 0.000355 9
904 65 945 120 0.000352 9
111 138 128 165 0.000351 9
802 147 824 161 0.000350 9
671 153 677 168 0.000349 9
1103 165 1126 187 0.000348 9
894 156 907 173 0.000348 9
119 64 200 92 0.000345 9
907 104 937 120 0.000344 9
852 112 870 136 0.000340 9
1198 132 1205 187 0.000340 9
700 118 720 154 0.000340 9
1099 162 1198 186 0.000339 9
1048 171 1057 184 0.000337 9
628 168 638 180 0.000335 9
575 280 596 347 0.000334 9
801 144 812 160 0.000333 9
848 302 855 311 0.000331 9
702 118 718 129 0.000330 9
434 171 446 185 0.000328 9
1183 157 1203 189 0.000325 9
337 161 355 196 0.000323 9
1186 165 1217 199 0.000322 9
907 105 939 120 0.000319 9
689 118 706 155 0.000315 9
1109 137 1136 165 0.000314 9
958 340 968 354 0.000314 9
909 140 937 175 0.000313 9
1198 132 1205 190 0.000312 9
256 162 269 182 0.000308 9
1081 129 1136 176 0.000307 9
653 159 661 175 0.000301 9
433 171 445 190 0.000300 9
383 342 392 360 0.000299 9
258 168 271 190 0.000294 9
67 169 87 178 0.000292 9
575 310 594 391 0.000291 9
1109 150 1123 167 0.000291 9
68 170 79 200 0.000289 9
1077 143 1103 181 0.000288 9
312 131 366 198 0.000285 9
67 169 83 181 0.000284 9
576 80 585 104 0.000282 9
551 139 581 160 0.000279 9
49 184 64 207 0.000277 9
572 255 589 278 0.000269 9
699 120 716 159 0.000269 9
530 407 544 425 0.000266 9
222 177 234 199 0.000266 9
1187 142 1219 190 0.000265 9
1150 104 1170 134 0.000265 9
572 256 589 278 0.000263 9
256 143 271 179 0.000261 9
805 150 854 181 0.000260 9
926 166 945 185 0.000260 9
735 352 743 376 0.000260 9
689 119 706 161 0.000259 9
767 71 784 136 0.000258 9
576 309 593 390 0.000258 9
313 145 366 197 0.000257 9
399 183 409 202 0.000257 9
172 64 235 90 0.000256 9
847 169 871 233 0.000255 9
826 135 853 153 0.000254 9
448 153 490 171 0.000252 9
1085 141 1131 178 0.000252 9
347 146 377 190 0.000252 9
855 282 863 295 0.000250 9
594 274 608 329 0.000250 9
351 163 365 192 0.000249 9
995 124 1019 174 0.000249 9
1103 147 1138 177 0.000248 9
575 79 584 107 0.000246 9
213 162 224 177 0.000244 9
16 157 25 178 0.000242 9
40 312 69 346 0.000241 9
575 288 594 390 0.000241 9
639 274 657 286 0.000240 9
376 161 408 184 0.000238 9
445 146 525 172 0.000237 9
562 179 581 199 0.000237 9
623 267 661 284 0.000237 9
639 520 648 552 0.000237 9
399 184 408 202 0.000236 9
689 153 706 183 0.000235 9
598 134 606 144 0.000233 9
1189 133 1207 188 0.000232 9
42 311 66 344 0.000230 9
1100 125 1136 167 0.000228 9
574 273 606 329 0.000228 9
543 160 581 193 0.000226 9
1095 124 1136 169 0.000223 9
768 101 784 137 0.000222 9
240 161 253 180 0.000222 9
650 157 656 174 0.000222 9
937 168 961 188 0.000221 9
638 151 648 167 0.000220 9
586 122 601 165 0.000219 9
375 161 408 185 0.000218 9
120 64 190 90 0.000217 9
834 135 946 152 0.000216 9
433 170 445 183 0.000216 9
800 86 807 101 0.000214 9
842 135 938 152 0.000214 9
937 167 961 184 0.000212 9
649 165 657 177 0.000212 9
820 149 855 165 0.000212 9
689 118 703 132 0.000212 9
1198 133 1230 192 0.000211 9
1109 156 1171 185 0.000210 9
575 291 595 390 0.000209 9
960 135 975 160 0.000208 9
581 64 626 93 0.000208 9
805 170 856 202 0.000208 9
48 183 64 207 0.000207 9
1050 118 1058 132 0.000206 9
1076 122 1113 181 0.000205 9
765 134 803 153 0.000204 9
370 164 402 185 0.000203 9
1017 158 1032 176 0.000202 9
824 135 922 153 0.000200 9
927 134 961 170 0.000200 9
467 169 490 220 0.000199 9
224 178 245 197 0.000199 9
1071 148 1098 215 0.000199 9
171 64 242 91 0.000198 9
596 64 626 92 0.000197 9
686 118 710 181 0.000197 9
575 77 583 97 0.000197 9
766 68 784 103 0.000197 9
809 135 826 158 0.000196 9
444 147 512 172 0.000196 9
446 171 495 217 0.000195 9
96 151 109 175 0.000194 9
94 166 110 201 0.000194 9
669 149 678 168 0.000193 9
574 125 581 141 0.000191 9
321 94 332 148 0.000191 9
765 135 800 154 0.000191 9
765 135 807 154 0.000191 9
39 313 70 346 0.000190 9
1072 142 1100 203 0.000190 9
638 273 657 285 0.000189 9
356 148 383 188 0.000189 9
374 161 407 185 0.000189 9
927 122 961 167 0.000189 9
451 169 490 217 0.000187 9
67 169 97 200 0.000187 9
1050 118 1059 137 0.000186 9
907 105 940 119 0.000186 9
575 284 596 351 0.000185 9
373 161 409 185 0.000185 9
925 135 960 169 0.000185 9
991 133 1025 173 0.000185 9
688 236 700 273 0.000184 9
363 187 376 200 0.000183 9
1044 119 1108 200 0.000182 9
839 136 938 153 0.000182 9
512 144 545 188 0.000180 9
925 133 960 169 0.000179 9
824 135 939 150 0.000179 9
67 169 80 200 0.000179 9
810 150 855 169 0.000178 9
246 165 257 176 0.000178 9
574 64 587 96 0.000178 9
255 112 263 127 0.000178 9
1017 177 1025 185 0.000178 9
389 149 400 161 0.000172 9
781 135 820 156 0.000172 9
1054 119 1138 178 0.000171 9
1110 160 1139 185 0.000170 9
576 335 593 391 0.000170 9
653 172 661 199 0.000169 9
1087 147 1125 182 0.000169 9
959 132 996 163 0.000168 9
551 133 581 163 0.000168 9
574 64 594 91 0.000167 9
575 277 597 320 0.000167 9
767 93 784 136 0.000167 9
462 144 583 216 0.000166 9
914 140 941 173 0.000166 9
256 129 268 161 0.000165 9
991 128 999 150 0.000164 9
868 136 941 174 0.000164 9
1184 165 1224 221 0.000163 9
585 124 601 169 0.000162 9
1042 148 1057 167 0.000161 9
586 119 599 146 0.000161 9
1130 104 1146 135 0.000161 9
981 183 991 195 0.000161 9
1052 135 1104 190 0.000161 9
766 67 784 131 0.000159 9
795 133 825 157 0.000158 9
959 133 995 164 0.000158 9
821 135 859 163 0.000157 9
442 158 493 216 0.000157 9
945 120 960 141 0.000157 9
683 122 712 182 0.000157 9
262 179 273 197 0.000157 9
903 65 948 120 0.000157 9
1210 153 1224 163 0.000156 9
256 72 267 98 0.000156 9
371 161 409 185 0.000156 9
1102 158 1159 186 0.000155 9
592 159 603 181 0.000154 9
577 142 611 186 0.000154 9
1022 140 1057 168 0.000154 9
119 64 171 90 0.000154 9
688 118 714 205 0.000154 9
808 169 819 190 0.000154 9
593 148 600 164 0.000152 9
311 137 389 202 0.000149 9
621 158 645 171 0.000148 9
220 165 246 181 0.000148 9
751 77 769 120 0.000147 9
871 120 878 133 0.000147 9
766 99 784 142 0.000146 9
680 147 689 166 0.000144 9
651 149 671 175 0.000143 9
16 157 26 184 0.000143 9
1171 149 1185 162 0.000142 9
1256 631 1264 644 0.000142 9
726 150 736 159 0.000141 9
585 118 599 135 0.000141 9
370 149 409 185 0.000141 9
960 135 980 161 0.000140 9
1150 103 1166 134 0.000140 9
414 172 443 203 0.000139 9
919 141 961 186 0.000139 9
885 345 895 369 0.000139 9
786 137 808 154 0.000138 9
591 64 640 95 0.000138 9
576 298 594 344 0.000138 9
848 111 869 132 0.000137 9
702 153 719 182 0.000137 9
1231 102 1250 168 0.000136 9
799 79 807 99 0.000136 9
641 150 657 167 0.000135 9
766 68 784 136 0.000135 9
67 169 103 200 0.000135 9
579 120 601 169 0.000133 9
350 153 368 194 0.000132 9
374 157 408 184 0.000132 9
208 66 243 87 0.000132 9
1023 122 1040 165 0.000132 9
809 76 851 89 0.000131 9
959 160 992 187 0.000131 9
548 139 579 156 0.000131 9
1101 128 1136 166 0.000131 9
577 64 598 104 0.000130 9
433 170 447 183 0.000128 9
232 130 240 145 0.000127 9
844 136 939 153 0.000126 9
1228 166 1249 231 0.000126 9
114 157 128 185 0.000125 9
989 118 999 144 0.000124 9
575 275 607 340 0.000123 9
935 119 961 147 0.000122 9
470 144 524 173 0.000122 9
810 76 850 90 0.000122 9
1107 179 1122 205 0.000122 9
822 85 869 136 0.000119 9
1208 166 1247 221 0.000119 9
907 135 940 171 0.000119 9
1084 121 1106 174 0.000118 9
584 118 600 156 0.000118 9
100 181 107 202 0.000118 9
1073 150 1081 169 0.000116 9
751 75 769 120 0.000116 9
763 135 824 154 0.000116 9
937 120 960 148 0.000115 9
904 126 912 137 0.000114 9
415 172 441 203 0.000113 9
1054 149 1064 162 0.000112 9
310 89 335 165 0.000112 9
574 125 602 179 0.000111 9
592 64 637 107 0.000111 9
624 64 637 72 0.000111 9
575 309 594 348 0.000110 9
519 393 529 426 0.000110 9
548 137 582 178 0.000109 9
428 138 493 191 0.000109 9
680 134 690 162 0.000109 9
592 64 639 93 0.000109 9
842 276 856 311 0.000108 9
553 137 579 146 0.000107 9
879 120 900 138 0.000107 9
687 150 712 207 0.000106 9
991 132 1013 198 0.000106 9
1145 157 1200 187 0.000106 9
1045 109 1113 193 0.000106 9
702 147 723 186 0.000105 9
1231 102 1251 163 0.000105 9
934 140 960 168 0.000105 9
961 132 998 167 0.000105 9
913 151 937 182 0.000105 9
315 112 370 198 0.000105 9
960 130 999 166 0.000104 9
55 159 62 170 0.000104 9
1230 100 1251 187 0.000104 9
973 169 989 188 0.000104 9
765 135 804 153 0.000103 9
1193 115 1232 195 0.000103 9
1069 119 1137 174 0.000103 9
691 173 716 219 0.000102 9
569 128 604 186 0.000102 9
699 130 722 184 0.000102 9
1198 132 1205 177 0.000101 9
1085 163 1139 229 0.000101 9
1011 130 1027 142 0.000100 9
313 150 342 194 0.013324 11
313 150 341 193 0.009763 11
313 149 342 193 0.008960 11
1182 192 1198 216 0.003946 11
1233 196 1256 232 0.003609 11
1181 190 1200 216 0.001995 11
1051 110 1083 147 0.001896 11
1181 190 1201 216 0.001887 11
1055 116 1066 133 0.000765 11
1052 110 1084 146 0.000756 11
1054 117 1070 146 0.000311 11
312 138 353 195 0.000295 11
1051 108 1084 147 0.000262 11
