,ID,timestamp,x,y,vx,vy,rgb_conf,lidar_conf,t_index,YOLO_cls,rgb_LLR,lidar_LLR,L,T,R,B,X_LiDAR,Y_LiDAR,Z_LiDAR,l,w,h,rot
0,0,6750.000,25.390,1.930,0.000,0.000,0.797,0.817,0,0,2.748,1.532,491.000,201.000,536.000,295.000,25.390,1.930,-1.230,1.000,0.480,1.910,-2.152
1,0,6751.000,25.454,1.979,0.014,0.016,0.801,0.953,1,0,2.415,4.938,493.000,208.000,536.000,295.000,25.500,2.010,-1.310,0.970,0.480,1.760,-2.405
2,0,6752.000,25.474,2.029,0.017,0.031,0.798,NaN,2,0,4.010,-1.327,493.000,205.000,535.000,293.000,NaN,NaN,NaN,NaN,NaN,NaN,NaN
3,0,6753.000,25.572,2.125,0.041,0.054,0.808,0.962,3,0,2.567,4.938,490.000,205.000,530.000,293.000,25.610,2.150,-1.330,0.910,0.430,1.720,-1.610
4,0,6754.000,25.705,2.230,0.069,0.069,0.843,0.230,4,0,3.180,-0.703,487.000,203.000,520.000,292.000,25.780,2.290,-1.280,0.780,0.820,1.680,0.580
5,0,6755.000,25.781,2.298,0.072,0.067,0.809,NaN,5,0,4.175,-1.327,488.000,200.000,516.000,292.000,NaN,NaN,NaN,NaN,NaN,NaN,NaN
6,0,6756.000,25.872,2.356,0.079,0.062,0.776,0.669,6,0,2.198,0.512,484.000,204.000,516.000,292.000,25.850,2.340,-1.270,0.910,0.640,1.860,0.522
7,0,6757.000,25.955,2.414,0.079,0.058,0.734,0.857,7,0,1.790,1.893,480.000,204.000,514.000,292.000,25.940,2.400,-1.310,0.760,0.630,1.790,0.595
8,0,6758.000,26.041,2.449,0.083,0.050,0.782,NaN,8,0,3.620,-1.327,479.000,205.000,517.000,292.000,NaN,NaN,NaN,NaN,NaN,NaN,NaN
9,0,6759.000,26.113,2.499,0.081,0.051,0.596,0.930,9,0,0.607,4.914,475.000,206.000,508.000,291.000,26.090,2.500,-1.290,0.900,0.630,1.800,0.496
10,0,6760.000,26.197,2.537,0.082,0.048,0.792,NaN,10,0,3.821,-1.326,474.000,205.000,512.000,291.000,NaN,NaN,NaN,NaN,NaN,NaN,NaN
11,0,6761.000,26.221,2.590,0.070,0.051,0.764,0.999,11,0,2.048,4.938,474.000,205.000,501.000,290.000,26.160,2.600,-1.290,0.750,0.660,1.550,0.612
12,0,6762.000,26.269,2.642,0.065,0.052,0.732,0.956,12,0,1.790,4.938,472.000,204.000,500.000,288.000,26.260,2.640,-1.290,0.810,0.700,1.820,0.717
13,0,6763.000,26.323,2.737,0.060,0.060,0.697,NaN,13,0,2.315,-1.321,470.000,202.000,494.000,288.000,NaN,NaN,NaN,NaN,NaN,NaN,NaN
14,0,6764.000,26.388,2.784,0.064,0.057,0.609,0.662,14,0,0.658,0.472,470.000,202.000,491.000,288.000,26.410,2.770,-1.280,0.900,0.550,1.640,-0.161
15,0,6765.000,26.467,2.861,0.067,0.063,NaN,0.732,15,0,-3.068,0.895,448.000,202.000,501.000,291.000,26.490,2.910,-1.340,0.950,0.730,1.680,0.475
16,0,6766.000,26.534,2.924,0.068,0.063,NaN,NaN,16,0,-2.577,-1.288,NaN,NaN,NaN,NaN,NaN,NaN,NaN,NaN,NaN,NaN,NaN
17,0,6767.000,26.582,3.012,0.061,0.069,0.009,0.146,17,0,-3.137,-0.983,453.000,210.000,466.000,287.000,26.540,3.060,-1.390,0.790,0.600,1.680,0.036
18,0,6768.000,26.673,3.106,0.067,0.076,NaN,0.122,18,0,-3.114,-1.055,438.000,193.000,489.000,282.000,26.710,3.140,-1.180,0.710,0.670,1.720,-0.798
19,0,6769.000,26.737,3.203,0.067,0.081,0.943,NaN,19,0,2.552,-1.231,0.000,279.000,462.000,703.000,NaN,NaN,NaN,NaN,NaN,NaN,NaN
20,0,6770.000,26.804,3.253,0.066,0.075,NaN,0.024,20,0,-3.031,-1.495,440.000,189.000,480.000,281.000,26.800,3.210,-1.140,0.760,0.640,1.770,-0.073
21,0,6771.000,26.849,3.276,0.060,0.063,NaN,0.496,21,0,-3.031,-0.104,434.000,195.000,487.000,289.000,26.840,3.210,-1.270,0.860,0.600,1.810,1.285
22,0,6772.000,26.910,3.339,0.062,0.062,0.201,NaN,22,0,-0.837,-1.238,256.000,301.000,639.000,702.000,NaN,NaN,NaN,NaN,NaN,NaN,NaN
23,0,6773.000,26.987,3.346,0.064,0.050,NaN,0.264,23,0,-2.974,-0.638,430.000,192.000,482.000,284.000,26.990,3.320,-1.200,0.750,0.690,1.780,0.770
24,0,6774.000,27.067,3.435,0.070,0.057,NaN,0.004,24,0,-2.974,-1.487,425.000,189.000,473.000,286.000,27.100,3.480,-1.200,0.700,0.710,1.890,0.575
25,0,6775.000,27.137,3.492,0.070,0.057,NaN,NaN,25,0,-2.132,-1.066,NaN,NaN,NaN,NaN,NaN,NaN,NaN,NaN,NaN,NaN,NaN
26,0,6776.000,27.206,3.550,0.069,0.057,NaN,NaN,26,0,-0.702,-0.799,NaN,NaN,NaN,NaN,NaN,NaN,NaN,NaN,NaN,NaN,NaN
27,0,6777.000,27.274,3.606,0.068,0.057,NaN,NaN,27,0,-0.735,-0.348,NaN,NaN,NaN,NaN,NaN,NaN,NaN,NaN,NaN,NaN,NaN
28,0,6778.000,27.343,3.662,0.069,0.056,NaN,NaN,28,0,-0.000,-0.000,NaN,NaN,NaN,NaN,NaN,NaN,NaN,NaN,NaN,NaN,NaN
29,0,6779.000,27.412,3.718,0.068,0.056,NaN,NaN,29,0,-0.000,-0.000,NaN,NaN,NaN,NaN,NaN,NaN,NaN,NaN,NaN,NaN,NaN
30,0,6780.000,27.479,3.773,0.068,0.055,NaN,NaN,30,0,-0.000,-0.000,NaN,NaN,NaN,NaN,NaN,NaN,NaN,NaN,NaN,NaN,NaN
31,0,6781.000,27.547,3.827,0.068,0.054,NaN,NaN,31,0,-0.000,-0.000,NaN,NaN,NaN,NaN,NaN,NaN,NaN,NaN,NaN,NaN,NaN
32,0,6782.000,27.614,3.880,0.067,0.053,NaN,NaN,32,0,-0.000,-0.000,NaN,NaN,NaN,NaN,NaN,NaN,NaN,NaN,NaN,NaN,NaN
33,0,6783.000,27.682,3.932,0.067,0.052,NaN,NaN,33,0,-0.000,-0.000,NaN,NaN,NaN,NaN,NaN,NaN,NaN,NaN,NaN,NaN,NaN
34,0,6784.000,27.748,3.984,0.066,0.052,NaN,NaN,34,0,-0.000,-0.000,NaN,NaN,NaN,NaN,NaN,NaN,NaN,NaN,NaN,NaN,NaN
35,0,6785.000,27.816,4.035,0.068,0.051,NaN,NaN,35,0,-0.000,-0.000,NaN,NaN,NaN,NaN,NaN,NaN,NaN,NaN,NaN,NaN,NaN
36,0,6786.000,27.883,4.086,0.068,0.051,NaN,NaN,36,0,-0.000,-0.000,NaN,NaN,NaN,NaN,NaN,NaN,NaN,NaN,NaN,NaN,NaN
37,0,6787.000,27.951,4.139,0.068,0.053,NaN,NaN,37,0,-0.000,-0.000,NaN,NaN,NaN,NaN,NaN,NaN,NaN,NaN,NaN,NaN,NaN
38,0,6788.000,28.019,4.191,0.067,0.052,NaN,NaN,38,0,-0.000,-0.000,NaN,NaN,NaN,NaN,NaN,NaN,NaN,NaN,NaN,NaN,NaN
39,0,6789.000,28.086,4.242,0.067,0.051,NaN,NaN,39,0,-0.000,-0.000,NaN,NaN,NaN,NaN,NaN,NaN,NaN,NaN,NaN,NaN,NaN
40,0,6790.000,28.153,4.294,0.067,0.051,NaN,NaN,40,0,-0.000,-0.000,NaN,NaN,NaN,NaN,NaN,NaN,NaN,NaN,NaN,NaN,NaN
41,0,6791.000,28.221,4.343,0.067,0.050,NaN,NaN,41,0,-0.000,-0.000,NaN,NaN,NaN,NaN,NaN,NaN,NaN,NaN,NaN,NaN,NaN
42,0,6792.000,28.289,4.393,0.068,0.049,NaN,NaN,42,0,-0.000,-0.000,NaN,NaN,NaN,NaN,NaN,NaN,NaN,NaN,NaN,NaN,NaN
43,0,6793.000,28.354,4.441,0.066,0.048,NaN,NaN,43,0,-0.000,-0.000,NaN,NaN,NaN,NaN,NaN,NaN,NaN,NaN,NaN,NaN,NaN
44,0,6794.000,28.421,4.489,0.066,0.048,NaN,NaN,44,0,-0.000,-0.000,NaN,NaN,NaN,NaN,NaN,NaN,NaN,NaN,NaN,NaN,NaN
45,0,6795.000,28.487,4.538,0.066,0.049,NaN,NaN,45,0,-0.000,-0.000,NaN,NaN,NaN,NaN,NaN,NaN,NaN,NaN,NaN,NaN,NaN
46,0,6796.000,28.554,4.587,0.067,0.049,NaN,NaN,46,0,-0.000,-0.000,NaN,NaN,NaN,NaN,NaN,NaN,NaN,NaN,NaN,NaN,NaN
47,0,6797.000,28.621,4.636,0.067,0.049,NaN,NaN,47,0,-0.000,-0.000,NaN,NaN,NaN,NaN,NaN,NaN,NaN,NaN,NaN,NaN,NaN
48,0,6798.000,28.688,4.685,0.067,0.049,NaN,NaN,48,0,-0.000,-0.000,NaN,NaN,NaN,NaN,NaN,NaN,NaN,NaN,NaN,NaN,NaN
49,0,6799.000,28.755,4.735,0.068,0.050,NaN,NaN,49,0,-0.000,-0.000,NaN,NaN,NaN,NaN,NaN,NaN,NaN,NaN,NaN,NaN,NaN
50,0,6800.000,28.823,4.785,0.068,0.050,NaN,NaN,50,0,-0.000,-0.000,NaN,NaN,NaN,NaN,NaN,NaN,NaN,NaN,NaN,NaN,NaN
51,0,6801.000,28.889,4.834,0.066,0.049,NaN,NaN,51,0,-0.000,-0.000,NaN,NaN,NaN,NaN,NaN,NaN,NaN,NaN,NaN,NaN,NaN
52,0,6802.000,28.955,4.883,0.065,0.049,NaN,NaN,52,0,-0.000,-0.000,NaN,NaN,NaN,NaN,NaN,NaN,NaN,NaN,NaN,NaN,NaN
53,0,6803.000,29.020,4.932,0.066,0.049,NaN,NaN,53,0,-0.000,-0.000,NaN,NaN,NaN,NaN,NaN,NaN,NaN,NaN,NaN,NaN,NaN
54,0,6804.000,29.086,4.981,0.066,0.050,NaN,NaN,54,0,-0.000,-0.000,NaN,NaN,NaN,NaN,NaN,NaN,NaN,NaN,NaN,NaN,NaN
55,0,6805.000,29.152,5.031,0.066,0.050,NaN,NaN,55,0,-0.000,-0.000,NaN,NaN,NaN,NaN,NaN,NaN,NaN,NaN,NaN,NaN,NaN
56,0,6806.000,29.217,5.081,0.065,0.050,NaN,NaN,56,0,-0.000,-0.000,NaN,NaN,NaN,NaN,NaN,NaN,NaN,NaN,NaN,NaN,NaN
57,0,6807.000,29.281,5.129,0.065,0.048,NaN,NaN,57,0,-0.000,-0.000,NaN,NaN,NaN,NaN,NaN,NaN,NaN,NaN,NaN,NaN,NaN
58,0,6808.000,29.346,5.177,0.065,0.048,NaN,NaN,58,0,-0.000,-0.000,NaN,NaN,NaN,NaN,NaN,NaN,NaN,NaN,NaN,NaN,NaN
59,0,6809.000,29.413,5.224,0.066,0.047,NaN,NaN,59,0,-0.000,-0.000,NaN,NaN,NaN,NaN,NaN,NaN,NaN,NaN,NaN,NaN,NaN
60,0,6810.000,29.479,5.270,0.066,0.046,NaN,NaN,60,0,-0.000,-0.000,NaN,NaN,NaN,NaN,NaN,NaN,NaN,NaN,NaN,NaN,NaN
61,0,6811.000,29.545,5.316,0.066,0.046,NaN,NaN,61,0,-0.000,-0.000,NaN,NaN,NaN,NaN,NaN,NaN,NaN,NaN,NaN,NaN,NaN
62,0,6812.000,29.610,5.363,0.065,0.047,NaN,NaN,62,0,1.204,-0.000,NaN,NaN,NaN,NaN,NaN,NaN,NaN,NaN,NaN,NaN,NaN
63,0,6813.000,29.676,5.411,0.066,0.047,NaN,NaN,63,0,2.960,-0.000,NaN,NaN,NaN,NaN,NaN,NaN,NaN,NaN,NaN,NaN,NaN
64,0,6814.000,29.742,5.457,0.066,0.046,NaN,NaN,64,0,-0.000,-0.000,NaN,NaN,NaN,NaN,NaN,NaN,NaN,NaN,NaN,NaN,NaN
65,0,6815.000,29.809,5.502,0.067,0.046,NaN,NaN,65,0,2.367,-0.000,NaN,NaN,NaN,NaN,NaN,NaN,NaN,NaN,NaN,NaN,NaN
66,0,6816.000,29.875,5.549,0.066,0.046,NaN,NaN,66,0,-0.000,-0.000,NaN,NaN,NaN,NaN,NaN,NaN,NaN,NaN,NaN,NaN,NaN
67,0,6817.000,29.940,5.594,0.065,0.045,NaN,NaN,67,0,-0.000,-0.000,NaN,NaN,NaN,NaN,NaN,NaN,NaN,NaN,NaN,NaN,NaN
68,0,6818.000,30.006,5.640,0.066,0.046,NaN,NaN,68,0,-0.000,-0.000,NaN,NaN,NaN,NaN,NaN,NaN,NaN,NaN,NaN,NaN,NaN
69,0,6819.000,30.071,5.685,0.065,0.045,NaN,NaN,69,0,-0.000,-0.000,NaN,NaN,NaN,NaN,NaN,NaN,NaN,NaN,NaN,NaN,NaN
70,0,6820.000,30.134,5.729,0.064,0.044,NaN,NaN,70,0,-0.000,-0.000,NaN,NaN,NaN,NaN,NaN,NaN,NaN,NaN,NaN,NaN,NaN
71,0,6821.000,30.198,5.775,0.063,0.046,NaN,NaN,71,0,-0.000,-0.000,NaN,NaN,NaN,NaN,NaN,NaN,NaN,NaN,NaN,NaN,NaN
72,0,6822.000,30.262,5.821,0.064,0.046,NaN,NaN,72,0,-0.000,-0.000,NaN,NaN,NaN,NaN,NaN,NaN,NaN,NaN,NaN,NaN,NaN
73,0,6823.000,30.326,5.866,0.064,0.046,NaN,NaN,73,0,-0.000,-0.000,NaN,NaN,NaN,NaN,NaN,NaN,NaN,NaN,NaN,NaN,NaN
74,0,6824.000,30.390,5.914,0.064,0.048,NaN,NaN,74,0,-0.000,-0.000,NaN,NaN,NaN,NaN,NaN,NaN,NaN,NaN,NaN,NaN,NaN
75,0,6825.000,30.454,5.961,0.064,0.047,NaN,NaN,75,0,-0.000,-0.000,NaN,NaN,NaN,NaN,NaN,NaN,NaN,NaN,NaN,NaN,NaN
76,0,6826.000,30.519,6.008,0.065,0.047,NaN,NaN,76,0,-0.000,-0.000,NaN,NaN,NaN,NaN,NaN,NaN,NaN,NaN,NaN,NaN,NaN
77,0,6827.000,30.583,6.055,0.064,0.048,NaN,NaN,77,0,-0.000,-0.000,NaN,NaN,NaN,NaN,NaN,NaN,NaN,NaN,NaN,NaN,NaN
78,0,6828.000,30.647,6.103,0.064,0.047,NaN,NaN,78,0,-0.000,-0.000,NaN,NaN,NaN,NaN,NaN,NaN,NaN,NaN,NaN,NaN,NaN
79,0,6829.000,30.712,6.150,0.065,0.047,NaN,NaN,79,0,-0.000,-0.000,NaN,NaN,NaN,NaN,NaN,NaN,NaN,NaN,NaN,NaN,NaN
80,0,6830.000,30.776,6.198,0.064,0.048,NaN,NaN,80,0,-0.000,-0.000,NaN,NaN,NaN,NaN,NaN,NaN,NaN,NaN,NaN,NaN,NaN
81,90,6830.000,28.660,3.000,0.000,0.000,0.072,0.422,80,0,-2.843,-0.574,457.000,203.000,488.000,278.000,28.660,3.000,-1.120,0.840,0.660,1.780,1.347
82,0,6831.000,30.842,6.245,0.065,0.047,NaN,NaN,81,0,-0.000,-0.000,NaN,NaN,NaN,NaN,NaN,NaN,NaN,NaN,NaN,NaN,NaN
83,90,6831.000,28.590,3.023,-0.014,0.000,NaN,0.063,81,0,-3.427,-1.486,454.000,188.000,501.000,279.000,28.530,3.050,-1.150,0.750,0.700,1.880,0.590
84,0,6832.000,30.907,6.292,0.065,0.048,NaN,NaN,82,0,-0.000,-0.000,NaN,NaN,NaN,NaN,NaN,NaN,NaN,NaN,NaN,NaN,NaN
85,90,6832.000,28.575,3.024,-0.014,0.001,NaN,NaN,82,0,-2.100,-1.278,NaN,NaN,NaN,NaN,NaN,NaN,NaN,NaN,NaN,NaN,NaN
86,0,6833.000,30.972,6.340,0.064,0.048,NaN,NaN,83,0,-0.000,-0.000,NaN,NaN,NaN,NaN,NaN,NaN,NaN,NaN,NaN,NaN,NaN
87,90,6833.000,28.487,2.940,-0.035,-0.022,0.110,0.427,83,0,-2.335,-0.442,460.000,198.000,490.000,272.000,28.440,2.930,-1.220,0.780,0.650,1.760,0.740
88,0,6834.000,31.035,6.389,0.063,0.048,NaN,NaN,84,0,-0.000,-0.000,NaN,NaN,NaN,NaN,NaN,NaN,NaN,NaN,NaN,NaN,NaN
89,90,6834.000,28.382,2.918,-0.051,-0.020,0.025,0.257,84,0,-3.224,-0.778,473.000,207.000,491.000,279.000,28.330,2.930,-1.180,1.000,0.460,1.830,2.979
90,0,6835.000,31.099,6.437,0.063,0.049,NaN,NaN,85,0,-0.000,-0.000,NaN,NaN,NaN,NaN,NaN,NaN,NaN,NaN,NaN,NaN,NaN
91,90,6835.000,28.315,2.926,-0.055,-0.014,0.520,NaN,85,0,0.579,-1.308,473.000,199.000,492.000,281.000,NaN,NaN,NaN,NaN,NaN,NaN,NaN
92,0,6836.000,31.162,6.483,0.063,0.046,NaN,NaN,86,0,-0.000,-0.000,NaN,NaN,NaN,NaN,NaN,NaN,NaN,NaN,NaN,NaN,NaN
93,90,6836.000,28.204,2.899,-0.066,-0.015,0.227,0.854,86,0,-1.728,1.499,474.000,199.000,493.000,282.000,28.150,2.860,-1.310,0.890,0.590,1.830,0.210
94,0,6837.000,31.227,6.529,0.065,0.045,NaN,NaN,87,0,-0.000,-0.000,NaN,NaN,NaN,NaN,NaN,NaN,NaN,NaN,NaN,NaN,NaN
95,90,6837.000,28.131,2.883,-0.067,-0.015,0.591,0.046,87,0,0.099,-1.498,472.000,201.000,494.000,282.000,28.110,2.870,-1.240,0.740,0.620,1.890,0.116
96,0,6838.000,31.292,6.576,0.065,0.047,NaN,NaN,88,0,-0.000,-0.000,NaN,NaN,NaN,NaN,NaN,NaN,NaN,NaN,NaN,NaN,NaN
97,90,6838.000,28.051,2.919,-0.070,0.001,0.590,NaN,88,0,1.124,-1.309,468.000,200.000,495.000,283.000,NaN,NaN,NaN,NaN,NaN,NaN,NaN
98,0,6839.000,31.356,6.623,0.063,0.048,NaN,NaN,89,0,-0.000,-0.000,NaN,NaN,NaN,NaN,NaN,NaN,NaN,NaN,NaN,NaN,NaN
99,90,6839.000,27.954,2.874,-0.075,-0.013,0.666,0.014,89,0,0.544,-1.648,468.000,200.000,496.000,283.000,27.910,2.790,-1.290,0.350,0.470,1.930,-2.718
100,0,6840.000,31.419,6.671,0.063,0.047,NaN,NaN,90,0,-0.000,-0.000,NaN,NaN,NaN,NaN,NaN,NaN,NaN,NaN,NaN,NaN,NaN
101,90,6840.000,27.869,2.820,-0.076,-0.023,0.758,0.178,90,0,1.502,-0.995,471.000,200.000,499.000,282.000,27.850,2.750,-1.260,0.500,0.580,1.870,-0.590
102,0,6841.000,31.481,6.718,0.062,0.047,NaN,NaN,91,0,-0.000,-0.000,NaN,NaN,NaN,NaN,NaN,NaN,NaN,NaN,NaN,NaN,NaN
103,90,6841.000,27.803,2.793,-0.073,-0.024,0.821,NaN,91,0,4.311,-1.316,473.000,199.000,501.000,283.000,NaN,NaN,NaN,NaN,NaN,NaN,NaN
104,0,6842.000,31.544,6.765,0.063,0.047,NaN,NaN,92,0,-0.000,-0.000,NaN,NaN,NaN,NaN,NaN,NaN,NaN,NaN,NaN,NaN,NaN
105,90,6842.000,27.727,2.745,-0.074,-0.030,0.843,0.921,92,0,2.682,7.239,473.000,199.000,503.000,283.000,27.740,2.670,-1.240,0.910,0.470,1.770,-2.880
106,0,6843.000,31.606,6.811,0.063,0.046,NaN,NaN,93,0,-0.000,-0.000,NaN,NaN,NaN,NaN,NaN,NaN,NaN,NaN,NaN,NaN,NaN
107,90,6843.000,27.621,2.689,-0.079,-0.037,0.842,0.879,93,0,2.682,2.232,472.000,200.000,504.000,284.000,27.620,2.620,-1.250,0.990,0.480,1.800,-2.843
108,0,6844.000,31.670,6.857,0.063,0.046,NaN,NaN,94,0,-0.000,-0.000,NaN,NaN,NaN,NaN,NaN,NaN,NaN,NaN,NaN,NaN,NaN
109,90,6844.000,27.527,2.680,-0.082,-0.031,0.838,NaN,94,0,4.474,-1.325,475.000,200.000,506.000,284.000,NaN,NaN,NaN,NaN,NaN,NaN,NaN
110,0,6845.000,25.016,-5.051,0.077,-0.196,NaN,0.002,95,0,-0.000,-0.000,838.000,154.000,887.000,261.000,25.770,-4.640,-0.560,0.730,0.470,2.000,-1.120
111,90,6845.000,27.483,2.630,-0.074,-0.038,0.841,0.937,95,0,2.682,7.239,476.000,201.000,508.000,285.000,27.550,2.590,-1.260,0.840,0.470,1.800,-2.748
112,0,6846.000,25.091,-5.247,0.076,-0.197,NaN,NaN,96,0,-1.016,-1.316,NaN,NaN,NaN,NaN,NaN,NaN,NaN,NaN,NaN,NaN,NaN
113,90,6846.000,27.400,2.605,-0.076,-0.035,0.848,NaN,96,0,4.491,-1.326,478.000,201.000,510.000,286.000,NaN,NaN,NaN,NaN,NaN,NaN,NaN
114,0,6847.000,25.166,-5.445,0.075,-0.197,NaN,NaN,97,0,-2.610,-1.305,NaN,NaN,NaN,NaN,NaN,NaN,NaN,NaN,NaN,NaN,NaN
115,90,6847.000,27.334,2.546,-0.073,-0.039,0.858,0.006,97,0,3.590,-1.617,479.000,200.000,512.000,285.000,27.350,2.480,-1.270,0.710,0.540,1.830,3.227
116,0,6848.000,25.243,-5.644,0.076,-0.199,NaN,NaN,98,0,-2.607,-1.303,NaN,NaN,NaN,NaN,NaN,NaN,NaN,NaN,NaN,NaN,NaN
117,90,6848.000,27.288,2.500,-0.068,-0.040,0.855,0.367,98,0,3.590,-0.479,480.000,200.000,513.000,286.000,27.310,2.460,-1.180,0.730,0.660,1.790,-0.286
118,0,6849.000,25.396,-5.577,0.101,-0.108,NaN,0.003,99,0,-3.090,-1.545,832.000,157.000,911.000,258.000,25.730,-4.810,-0.560,1.530,0.370,1.850,-1.117
119,90,6849.000,27.207,2.451,-0.072,-0.043,0.834,0.977,99,0,2.672,6.369,481.000,199.000,513.000,286.000,27.180,2.410,-1.290,0.990,0.500,1.900,-2.863
120,0,6850.000,25.497,-5.684,0.101,-0.108,NaN,NaN,100,0,-2.617,-1.309,NaN,NaN,NaN,NaN,NaN,NaN,NaN,NaN,NaN,NaN,NaN
121,90,6850.000,27.148,2.463,-0.068,-0.029,0.736,NaN,100,0,2.907,-1.327,484.000,200.000,514.000,286.000,NaN,NaN,NaN,NaN,NaN,NaN,NaN
122,0,6851.000,25.597,-5.791,0.101,-0.107,NaN,NaN,101,0,-2.618,-1.309,NaN,NaN,NaN,NaN,NaN,NaN,NaN,NaN,NaN,NaN,NaN
123,90,6851.000,27.087,2.407,-0.068,-0.036,0.775,0.903,101,0,1.832,3.230,485.000,199.000,515.000,287.000,27.080,2.330,-1.280,0.960,0.490,1.890,-2.830
124,0,6852.000,25.699,-5.898,0.101,-0.107,NaN,NaN,102,0,-2.639,-1.319,NaN,NaN,NaN,NaN,NaN,NaN,NaN,NaN,NaN,NaN,NaN
125,90,6852.000,27.017,2.402,-0.068,-0.028,0.810,NaN,102,0,4.175,-1.327,486.000,201.000,517.000,288.000,NaN,NaN,NaN,NaN,NaN,NaN,NaN
126,0,6853.000,25.799,-6.005,0.100,-0.107,NaN,NaN,103,0,-2.649,-1.324,NaN,NaN,NaN,NaN,NaN,NaN,NaN,NaN,NaN,NaN,NaN
127,90,6853.000,26.992,2.355,-0.063,-0.033,0.817,0.988,103,0,2.448,6.369,488.000,202.000,518.000,287.000,27.070,2.310,-1.310,0.740,0.700,1.760,0.042
128,0,6854.000,25.898,-6.113,0.099,-0.108,NaN,NaN,104,0,-2.650,-1.325,NaN,NaN,NaN,NaN,NaN,NaN,NaN,NaN,NaN,NaN,NaN
129,90,6854.000,26.916,2.307,-0.066,-0.038,0.824,0.992,104,0,2.448,6.369,489.000,201.000,519.000,276.000,26.910,2.260,-1.330,0.900,0.530,1.820,-2.642
130,0,6855.000,25.996,-6.222,0.098,-0.109,NaN,NaN,105,0,-2.651,-1.325,NaN,NaN,NaN,NaN,NaN,NaN,NaN,NaN,NaN,NaN,NaN
131,90,6855.000,26.847,2.298,-0.065,-0.031,0.830,NaN,105,0,4.351,-1.327,492.000,201.000,521.000,271.000,NaN,NaN,NaN,NaN,NaN,NaN,NaN
132,0,6856.000,26.095,-6.330,0.099,-0.108,NaN,NaN,106,0,-2.651,-1.325,NaN,NaN,NaN,NaN,NaN,NaN,NaN,NaN,NaN,NaN,NaN
133,90,6856.000,26.769,2.239,-0.068,-0.039,0.822,0.907,106,0,2.448,4.589,494.000,198.000,526.000,274.000,26.770,2.170,-1.320,1.040,0.490,1.860,-2.611
134,0,6857.000,26.195,-6.438,0.099,-0.108,NaN,NaN,107,0,-2.651,-1.326,NaN,NaN,NaN,NaN,NaN,NaN,NaN,NaN,NaN,NaN,NaN
135,90,6857.000,26.704,2.188,-0.068,-0.041,0.832,0.730,107,0,2.672,0.760,495.000,199.000,527.000,278.000,26.700,2.170,-1.250,0.720,0.510,1.860,0.265
136,0,6858.000,26.295,-6.545,0.100,-0.107,NaN,NaN,108,0,-2.537,-1.326,NaN,NaN,NaN,NaN,NaN,NaN,NaN,NaN,NaN,NaN,NaN
137,90,6858.000,26.632,2.153,-0.068,-0.039,0.824,NaN,108,0,4.311,-1.327,498.000,199.000,529.000,287.000,NaN,NaN,NaN,NaN,NaN,NaN,NaN
138,0,6859.000,26.395,-6.653,0.100,-0.108,NaN,NaN,109,0,-2.653,-1.326,NaN,NaN,NaN,NaN,NaN,NaN,NaN,NaN,NaN,NaN,NaN
139,90,6859.000,26.593,2.100,-0.067,-0.041,0.866,0.954,109,0,4.054,6.369,500.000,199.000,534.000,289.000,26.640,2.060,-1.250,0.990,0.600,1.840,0.450
140,0,6860.000,26.496,-6.761,0.101,-0.108,NaN,NaN,110,0,-2.653,-1.327,NaN,NaN,NaN,NaN,NaN,NaN,NaN,NaN,NaN,NaN,NaN
141,90,6860.000,26.535,2.040,-0.065,-0.044,0.846,0.875,110,0,3.225,2.335,502.000,200.000,534.000,289.000,26.560,2.010,-1.300,1.040,0.570,1.930,-2.753
142,0,6861.000,26.597,-6.868,0.100,-0.107,NaN,NaN,111,0,-1.212,-1.327,NaN,NaN,NaN,NaN,NaN,NaN,NaN,NaN,NaN,NaN,NaN
143,90,6861.000,26.466,1.994,-0.066,-0.045,0.814,NaN,111,0,4.175,-1.327,504.000,201.000,538.000,289.000,NaN,NaN,NaN,NaN,NaN,NaN,NaN
144,0,6862.000,26.697,-6.977,0.101,-0.108,NaN,NaN,112,0,-1.860,-1.327,NaN,NaN,NaN,NaN,NaN,NaN,NaN,NaN,NaN,NaN,NaN
145,90,6862.000,26.436,1.929,-0.058,-0.047,0.845,0.544,112,0,3.449,0.133,507.000,203.000,542.000,290.000,26.500,1.910,-1.270,0.820,0.720,1.630,0.528
146,0,6863.000,26.798,-7.085,0.101,-0.108,NaN,NaN,113,0,-1.037,-1.327,NaN,NaN,NaN,NaN,NaN,NaN,NaN,NaN,NaN,NaN,NaN
147,90,6863.000,26.374,1.862,-0.060,-0.050,0.834,0.713,113,0,2.951,0.758,507.000,201.000,543.000,290.000,26.380,1.830,-1.330,1.130,0.460,1.850,-2.454
148,0,6864.000,26.900,-7.192,0.102,-0.108,NaN,NaN,114,0,-1.508,-1.327,NaN,NaN,NaN,NaN,NaN,NaN,NaN,NaN,NaN,NaN,NaN
149,90,6864.000,26.312,1.833,-0.060,-0.044,0.825,NaN,114,0,4.311,-1.327,509.000,202.000,545.000,290.000,NaN,NaN,NaN,NaN,NaN,NaN,NaN
150,0,6865.000,27.002,-7.301,0.102,-0.108,NaN,NaN,115,0,-1.412,-1.327,NaN,NaN,NaN,NaN,NaN,NaN,NaN,NaN,NaN,NaN,NaN
151,90,6865.000,26.276,1.771,-0.054,-0.046,0.804,0.694,115,0,2.415,0.615,513.000,201.000,547.000,289.000,26.300,1.750,-1.380,0.960,0.480,1.900,-2.676
152,0,6866.000,27.104,-7.409,0.102,-0.109,NaN,NaN,116,0,-1.324,-1.327,NaN,NaN,NaN,NaN,NaN,NaN,NaN,NaN,NaN,NaN,NaN
153,90,6866.000,26.239,1.712,-0.050,-0.048,0.789,0.747,116,0,2.294,0.988,517.000,201.000,549.000,289.000,26.250,1.690,-1.260,0.830,0.630,1.800,0.355
154,0,6867.000,27.206,-7.517,0.102,-0.108,NaN,NaN,117,0,-1.412,-1.327,NaN,NaN,NaN,NaN,NaN,NaN,NaN,NaN,NaN,NaN,NaN
155,90,6867.000,26.197,1.680,-0.048,-0.044,0.704,NaN,117,0,2.315,-1.324,519.000,200.000,551.000,289.000,NaN,NaN,NaN,NaN,NaN,NaN,NaN
156,0,6868.000,27.307,-7.625,0.101,-0.108,NaN,NaN,118,0,-2.653,-1.327,NaN,NaN,NaN,NaN,NaN,NaN,NaN,NaN,NaN,NaN,NaN
157,90,6868.000,26.164,1.625,-0.046,-0.046,0.729,0.096,118,0,1.790,-1.077,524.000,200.000,555.000,290.000,26.150,1.590,-1.310,0.840,0.470,1.730,-2.071
158,0,6869.000,27.408,-7.734,0.101,-0.108,NaN,NaN,119,0,-2.653,-1.327,NaN,NaN,NaN,NaN,NaN,NaN,NaN,NaN,NaN,NaN,NaN
159,90,6869.000,26.099,1.580,-0.051,-0.046,0.610,0.749,119,0,0.658,0.988,524.000,201.000,556.000,291.000,26.060,1.580,-1.190,0.810,0.630,1.790,0.162
160,90,6870.000,26.050,1.539,-0.051,-0.045,0.675,NaN,120,0,1.916,-1.319,526.000,203.000,559.000,290.000,NaN,NaN,NaN,NaN,NaN,NaN,NaN
161,90,6871.000,25.986,1.484,-0.054,-0.047,0.056,0.994,121,0,-2.567,4.938,528.000,204.000,561.000,289.000,25.980,1.470,-1.260,0.770,0.620,1.660,0.479
162,90,6872.000,25.924,1.407,-0.055,-0.056,0.675,0.061,122,0,1.117,-1.277,533.000,205.000,557.000,261.000,25.910,1.350,-1.260,0.700,0.710,1.790,0.296
163,90,6873.000,25.874,1.395,-0.053,-0.045,0.044,NaN,123,0,-2.389,-1.302,533.000,204.000,561.000,281.000,NaN,NaN,NaN,NaN,NaN,NaN,NaN
164,90,6874.000,25.837,1.328,-0.048,-0.053,0.079,0.479,124,0,-2.280,-0.064,537.000,205.000,565.000,280.000,25.850,1.290,-1.250,0.720,0.650,1.570,0.530
165,90,6875.000,25.796,1.245,-0.046,-0.059,0.212,0.512,125,0,-1.478,0.027,540.000,202.000,570.000,279.000,25.780,1.190,-1.230,0.710,0.670,1.780,0.658
166,90,6876.000,25.747,1.226,-0.047,-0.049,0.041,NaN,126,0,-2.612,-1.283,542.000,204.000,570.000,256.000,NaN,NaN,NaN,NaN,NaN,NaN,NaN
167,90,6877.000,25.715,1.145,-0.045,-0.058,0.044,0.832,127,0,-2.806,1.475,548.000,201.000,577.000,278.000,25.730,1.070,-1.160,0.780,0.710,1.690,0.501
168,90,6878.000,25.673,1.055,-0.043,-0.065,0.085,0.906,128,0,-2.148,4.170,547.000,201.000,577.000,279.000,25.660,0.980,-1.250,0.710,0.650,1.760,0.547
169,90,6879.000,25.629,1.047,-0.042,-0.050,0.369,NaN,129,0,-0.514,-1.273,550.000,201.000,578.000,278.000,NaN,NaN,NaN,NaN,NaN,NaN,NaN
170,90,6880.000,25.589,0.966,-0.040,-0.057,0.273,0.760,130,0,-1.105,1.024,555.000,205.000,583.000,278.000,25.590,0.880,-1.290,0.790,0.610,1.690,0.663
171,90,6881.000,25.540,0.873,-0.042,-0.066,0.089,0.929,131,0,-2.145,4.914,557.000,204.000,586.000,277.000,25.540,0.790,-1.290,0.890,0.630,1.770,1.317
172,90,6882.000,25.493,0.833,-0.042,-0.059,0.191,NaN,132,0,-1.275,-1.277,560.000,203.000,592.000,278.000,NaN,NaN,NaN,NaN,NaN,NaN,NaN
173,90,6883.000,25.462,0.745,-0.039,-0.066,0.109,0.972,133,0,-2.031,4.938,568.000,202.000,596.000,276.000,25.500,0.680,-1.300,0.720,0.690,1.790,0.544
174,90,6884.000,25.417,0.643,-0.041,-0.074,0.068,0.753,134,0,-2.236,1.133,570.000,202.000,598.000,277.000,25.430,0.560,-1.200,0.790,0.660,1.720,0.397
175,90,6885.000,25.378,0.604,-0.039,-0.066,0.655,NaN,135,0,1.281,-1.285,574.000,202.000,602.000,250.000,NaN,NaN,NaN,NaN,NaN,NaN,NaN
176,90,6886.000,25.337,0.528,-0.040,-0.069,0.692,0.747,136,0,1.488,1.133,580.000,202.000,610.000,294.000,25.350,0.490,-1.300,0.870,0.450,1.790,-2.522
177,90,6887.000,25.300,0.426,-0.037,-0.075,0.800,0.849,137,0,2.748,1.832,579.000,202.000,618.000,296.000,25.300,0.350,-1.360,1.040,0.490,1.900,-2.612
178,90,6888.000,25.266,0.341,-0.036,-0.079,0.822,NaN,138,0,4.311,-1.307,585.000,205.000,624.000,295.000,NaN,NaN,NaN,NaN,NaN,NaN,NaN
179,90,6889.000,25.233,0.248,-0.034,-0.081,0.822,0.881,139,0,3.064,2.451,590.000,204.000,628.000,295.000,25.240,0.220,-1.280,0.760,0.700,1.810,0.725
180,90,6890.000,25.222,0.172,-0.030,-0.082,0.837,0.942,140,0,3.434,3.500,592.000,204.000,629.000,296.000,25.240,0.180,-1.280,0.940,0.470,1.830,-2.135
181,90,6891.000,25.188,0.108,-0.029,-0.080,0.855,NaN,141,0,4.491,-1.320,599.000,201.000,630.000,296.000,NaN,NaN,NaN,NaN,NaN,NaN,NaN
182,90,6892.000,25.160,0.039,-0.028,-0.076,0.757,0.099,142,0,2.344,-1.006,601.000,203.000,633.000,296.000,25.170,0.070,-1.240,0.860,0.460,1.750,-2.092
183,90,6893.000,25.137,-0.052,-0.024,-0.080,0.735,0.840,143,0,2.069,1.717,608.000,202.000,635.000,295.000,25.150,-0.070,-1.360,0.750,0.640,1.850,0.592
184,90,6894.000,25.111,-0.132,-0.025,-0.080,0.817,NaN,144,0,4.311,-1.316,613.000,202.000,644.000,296.000,NaN,NaN,NaN,NaN,NaN,NaN,NaN
185,90,6895.000,25.121,-0.204,-0.015,-0.079,0.865,0.972,145,0,4.363,3.500,615.000,203.000,648.000,296.000,25.150,-0.190,-1.340,0.800,0.700,1.720,1.070
186,90,6896.000,25.116,-0.279,-0.012,-0.079,0.851,0.938,146,0,3.664,3.500,615.000,203.000,657.000,296.000,25.150,-0.290,-1.370,1.070,0.470,1.910,-1.824
187,90,6897.000,25.103,-0.369,-0.011,-0.083,0.851,NaN,147,0,4.491,-1.303,616.000,203.000,670.000,296.000,NaN,NaN,NaN,NaN,NaN,NaN,NaN
188,90,6898.000,25.108,-0.427,-0.007,-0.079,0.853,0.988,148,0,3.664,3.500,616.000,203.000,669.000,296.000,25.120,-0.380,-1.290,0.880,0.560,1.860,-1.729
189,90,6899.000,25.106,-0.481,-0.006,-0.074,0.866,0.927,149,0,4.363,3.500,619.000,200.000,671.000,296.000,25.110,-0.430,-1.370,1.040,0.450,1.870,-1.865
190,90,6900.000,25.100,-0.546,-0.007,-0.071,0.845,NaN,150,0,4.491,-1.308,627.000,200.000,671.000,295.000,NaN,NaN,NaN,NaN,NaN,NaN,NaN
191,90,6901.000,25.092,-0.627,-0.006,-0.074,0.842,0.309,151,0,3.434,-0.416,638.000,200.000,672.000,296.000,25.080,-0.640,-1.400,0.840,0.640,1.840,-0.765
192,90,6902.000,25.093,-0.725,-0.003,-0.082,0.766,0.715,152,0,2.423,0.967,644.000,200.000,674.000,295.000,25.090,-0.750,-1.310,0.770,0.600,1.800,0.386
193,90,6903.000,25.087,-0.825,-0.004,-0.086,0.795,NaN,153,0,4.010,-1.319,653.000,200.000,678.000,295.000,NaN,NaN,NaN,NaN,NaN,NaN,NaN
194,90,6904.000,25.035,-0.904,-0.014,-0.085,0.806,0.507,154,0,2.898,0.134,651.000,200.000,687.000,295.000,24.990,-0.890,-1.320,1.040,0.460,1.820,-2.655
195,90,6905.000,25.027,-0.978,-0.010,-0.080,0.824,0.908,155,0,3.064,3.500,653.000,201.000,692.000,295.000,25.030,-0.970,-1.270,0.790,0.740,1.760,0.742
196,90,6906.000,25.020,-1.029,-0.010,-0.073,0.818,NaN,156,0,4.311,-1.323,654.000,204.000,692.000,295.000,NaN,NaN,NaN,NaN,NaN,NaN,NaN
197,90,6907.000,25.014,-1.101,-0.009,-0.072,0.858,0.995,157,0,3.962,3.500,654.000,203.000,703.000,295.000,25.000,-1.100,-1.280,0.910,0.510,1.760,-1.851
198,90,6908.000,25.004,-1.169,-0.012,-0.068,0.869,0.988,158,0,4.363,3.500,655.000,201.000,703.000,295.000,25.010,-1.160,-1.290,0.780,0.540,1.770,1.404
199,90,6909.000,24.995,-1.214,-0.011,-0.063,0.823,NaN,159,0,4.311,-1.325,663.000,203.000,705.000,295.000,NaN,NaN,NaN,NaN,NaN,NaN,NaN
200,90,6910.000,24.973,-1.285,-0.013,-0.064,0.699,0.784,160,0,1.628,1.256,674.000,201.000,704.000,294.000,24.970,-1.300,-1.340,0.820,0.650,1.900,-2.208
201,90,6911.000,24.972,-1.376,-0.011,-0.074,0.734,0.984,161,0,2.069,3.500,679.000,201.000,708.000,294.000,24.980,-1.420,-1.190,0.900,0.570,1.760,0.575
202,90,6912.000,24.961,-1.461,-0.011,-0.076,0.677,NaN,162,0,2.039,-1.326,683.000,202.000,717.000,295.000,NaN,NaN,NaN,NaN,NaN,NaN,NaN
203,90,6913.000,24.948,-1.549,-0.011,-0.081,0.764,0.937,163,0,2.344,3.500,687.000,202.000,725.000,295.000,24.940,-1.570,-1.330,0.900,0.530,1.790,-2.243
204,90,6914.000,24.949,-1.649,-0.008,-0.085,0.819,0.997,164,0,3.064,3.500,688.000,202.000,733.000,295.000,24.970,-1.680,-1.320,0.870,0.660,1.820,-1.751
205,90,6915.000,24.943,-1.727,-0.007,-0.085,0.851,NaN,165,0,4.491,-1.327,690.000,204.000,736.000,295.000,NaN,NaN,NaN,NaN,NaN,NaN,NaN
206,90,6916.000,24.955,-1.804,-0.003,-0.082,0.778,0.987,166,0,2.512,3.500,691.000,206.000,741.000,296.000,24.970,-1.790,-1.310,0.870,0.550,1.720,-1.831
207,90,6917.000,24.968,-1.891,0.001,-0.081,0.765,0.980,167,0,2.423,3.500,691.000,203.000,746.000,297.000,24.980,-1.910,-1.330,1.000,0.520,1.900,-1.650
208,90,6918.000,24.967,-1.927,-0.000,-0.071,0.796,NaN,168,0,4.010,-1.327,697.000,202.000,742.000,296.000,NaN,NaN,NaN,NaN,NaN,NaN,NaN
209,90,6919.000,24.936,-1.991,-0.006,-0.069,0.804,0.476,169,0,2.748,0.032,709.000,207.000,742.000,295.000,24.920,-2.000,-1.310,0.840,0.470,1.840,-2.044
210,90,6920.000,24.940,-2.058,-0.005,-0.067,0.731,0.638,170,0,2.069,0.525,716.000,206.000,745.000,294.000,24.990,-2.080,-1.260,0.690,0.460,1.820,-0.902
211,90,6921.000,24.934,-2.125,-0.006,-0.067,0.730,NaN,171,0,2.756,-1.327,720.000,200.000,750.000,293.000,NaN,NaN,NaN,NaN,NaN,NaN,NaN
212,90,6922.000,24.959,-2.190,0.002,-0.066,0.587,0.577,172,0,0.777,0.359,725.000,200.000,755.000,280.000,25.000,-2.190,-1.350,0.790,0.740,1.670,-1.587
213,90,6923.000,24.950,-2.260,-0.002,-0.068,0.706,0.698,173,0,1.782,0.814,727.000,200.000,764.000,295.000,24.930,-2.280,-1.250,0.840,0.630,1.760,-1.665
214,90,6924.000,24.947,-2.344,-0.002,-0.072,0.822,NaN,174,0,4.311,-1.326,728.000,201.000,767.000,296.000,NaN,NaN,NaN,NaN,NaN,NaN,NaN
215,90,6925.000,24.956,-2.408,0.001,-0.071,0.818,0.700,175,0,3.064,0.814,728.000,200.000,768.000,296.000,24.960,-2.390,-1.280,0.800,0.550,1.730,-1.545
216,90,6926.000,24.998,-2.495,0.009,-0.074,0.809,0.638,176,0,2.898,0.525,729.000,200.000,772.000,296.000,25.010,-2.520,-1.210,0.770,0.610,1.630,0.643
217,90,6927.000,25.009,-2.541,0.009,-0.066,0.800,NaN,177,0,4.010,-1.324,731.000,200.000,775.000,294.000,NaN,NaN,NaN,NaN,NaN,NaN,NaN
218,90,6928.000,25.013,-2.602,0.007,-0.065,0.663,0.796,178,0,1.190,1.374,741.000,200.000,780.000,292.000,25.000,-2.580,-1.260,0.760,0.460,1.870,-1.478
219,90,6929.000,25.006,-2.728,0.005,-0.078,0.692,NaN,179,0,1.982,-1.323,754.000,200.000,784.000,269.000,NaN,NaN,NaN,NaN,NaN,NaN,NaN
220,90,6930.000,25.029,-2.793,0.010,-0.074,0.706,0.764,180,0,1.782,1.172,755.000,200.000,789.000,265.000,25.030,-2.760,-1.130,0.740,0.640,1.590,0.423
221,90,6931.000,25.049,-2.879,0.011,-0.078,0.698,0.450,181,0,1.628,-0.094,759.000,199.000,794.000,268.000,25.050,-2.890,-1.120,0.750,0.570,1.670,0.701
222,90,6932.000,25.061,-2.966,0.008,-0.081,0.736,NaN,182,0,2.746,-1.314,763.000,199.000,796.000,261.000,NaN,NaN,NaN,NaN,NaN,NaN,NaN
223,90,6933.000,25.048,-3.022,0.004,-0.075,0.597,0.988,183,0,0.837,3.500,769.000,200.000,799.000,259.000,25.030,-2.980,-1.250,0.750,0.620,1.620,0.017
224,90,6934.000,25.035,-3.097,-0.000,-0.077,0.560,0.536,184,0,0.607,0.245,774.000,199.000,800.000,266.000,25.030,-3.070,-1.150,0.770,0.650,1.670,-0.407
225,90,6935.000,25.041,-3.151,-0.000,-0.071,0.331,NaN,185,0,-0.910,-1.311,773.000,199.000,801.000,258.000,NaN,NaN,NaN,NaN,NaN,NaN,NaN
226,90,6936.000,25.053,-3.215,-0.000,-0.067,0.285,0.542,186,0,-0.921,0.245,777.000,199.000,808.000,266.000,25.070,-3.210,-1.080,0.730,0.700,1.610,-0.404
227,90,6937.000,25.074,-3.277,0.004,-0.068,0.623,0.922,187,0,0.943,3.500,783.000,200.000,812.000,265.000,25.100,-3.280,-1.230,0.760,0.580,1.610,-0.586
228,90,6938.000,25.078,-3.375,0.005,-0.076,0.534,NaN,188,0,0.468,-1.317,787.000,201.000,815.000,278.000,NaN,NaN,NaN,NaN,NaN,NaN,NaN
229,90,6939.000,25.083,-3.425,0.005,-0.070,0.435,0.577,189,0,-0.269,0.359,790.000,201.000,818.000,277.000,25.090,-3.370,-1.120,0.800,0.470,1.630,0.121
230,90,6940.000,25.099,-3.495,0.009,-0.073,0.580,0.961,190,0,0.718,3.500,792.000,205.000,822.000,279.000,25.110,-3.490,-1.220,0.770,0.600,1.610,0.158
231,90,6941.000,25.103,-3.592,0.009,-0.078,0.040,NaN,191,0,-1.946,-1.319,794.000,204.000,832.000,305.000,NaN,NaN,NaN,NaN,NaN,NaN,NaN
232,90,6942.000,25.113,-3.625,0.008,-0.067,0.161,0.912,192,0,-1.635,3.500,797.000,199.000,828.000,275.000,25.130,-3.550,-1.170,0.770,0.620,1.660,0.574
233,90,6943.000,25.103,-3.677,0.004,-0.065,0.348,0.860,193,0,-0.671,1.981,801.000,200.000,833.000,302.000,25.060,-3.650,-1.200,0.900,0.530,1.750,1.688
234,90,6944.000,25.110,-3.736,0.003,-0.062,0.564,NaN,194,0,1.058,-1.319,803.000,199.000,834.000,304.000,NaN,NaN,NaN,NaN,NaN,NaN,NaN
235,90,6945.000,25.125,-3.787,0.006,-0.061,0.055,0.818,195,0,-2.609,1.532,808.000,201.000,840.000,306.000,25.140,-3.760,-1.200,0.750,0.640,1.590,-0.451
236,90,6946.000,25.108,-3.863,0.002,-0.065,0.401,0.940,196,0,-0.481,3.500,811.000,202.000,852.000,288.000,25.080,-3.860,-1.260,0.930,0.490,1.850,1.676
237,90,6947.000,25.106,-3.964,0.002,-0.072,0.455,NaN,197,0,0.092,-1.322,817.000,201.000,849.000,286.000,NaN,NaN,NaN,NaN,NaN,NaN,NaN
238,90,6948.000,25.103,-3.992,0.002,-0.060,0.560,0.908,198,0,0.607,3.500,820.000,200.000,848.000,283.000,25.110,-3.910,-1.230,0.980,0.640,1.770,1.878
239,90,6949.000,25.115,-4.041,0.004,-0.054,0.517,0.864,199,0,0.345,1.981,824.000,201.000,854.000,281.000,25.130,-4.040,-1.200,0.670,0.620,1.620,-1.139
240,90,6950.000,25.114,-4.126,0.003,-0.062,0.357,NaN,200,0,-0.418,-1.323,825.000,201.000,856.000,286.000,NaN,NaN,NaN,NaN,NaN,NaN,NaN
241,90,6951.000,25.088,-4.182,-0.002,-0.059,0.476,0.880,201,0,0.065,2.451,826.000,202.000,856.000,281.000,25.080,-4.170,-1.240,0.580,0.450,1.720,-1.596
242,90,6952.000,25.114,-4.230,0.004,-0.055,0.300,0.196,202,0,-0.854,-0.701,830.000,201.000,856.000,289.000,25.150,-4.200,-1.130,0.820,0.480,1.720,2.258
243,90,6953.000,25.134,-4.245,0.009,-0.045,0.389,NaN,203,0,-0.265,-1.311,831.000,200.000,856.000,289.000,NaN,NaN,NaN,NaN,NaN,NaN,NaN
244,90,6954.000,25.155,-4.274,0.009,-0.039,0.034,0.695,204,0,-2.861,0.744,833.000,201.000,856.000,263.000,25.160,-4.220,-1.190,0.930,0.480,1.820,-1.340
245,90,6955.000,25.152,-4.308,0.004,-0.037,NaN,0.840,205,0,-2.980,1.717,821.000,192.000,877.000,288.000,25.140,-4.290,-1.150,0.810,0.620,1.750,1.845
246,90,6956.000,25.145,-4.375,0.001,-0.047,0.035,NaN,206,0,-2.157,-1.310,838.000,201.000,871.000,283.000,NaN,NaN,NaN,NaN,NaN,NaN,NaN
247,90,6957.000,25.201,-4.425,0.014,-0.047,NaN,0.472,207,0,-2.978,-0.006,828.000,200.000,879.000,294.000,25.270,-4.410,-1.270,0.760,0.710,1.700,-0.469
248,246,6957.000,35.260,2.840,0.000,0.000,0.754,0.554,207,0,-0.089,-0.898,496.000,187.000,524.000,252.000,35.260,2.840,-0.980,2.110,0.630,1.790,-3.057
249,90,6958.000,25.212,-4.500,0.014,-0.052,NaN,0.027,208,0,-2.971,-1.426,836.000,198.000,886.000,295.000,25.210,-4.540,-1.260,0.690,0.600,1.760,0.985
250,246,6958.000,34.976,2.764,-0.072,-0.014,0.733,0.577,208,0,-0.301,-0.750,500.000,187.000,528.000,256.000,34.700,2.710,-1.040,1.750,0.660,1.880,-2.763
251,90,6959.000,25.222,-4.562,0.015,-0.054,0.489,NaN,209,0,0.367,-1.301,845.000,200.000,877.000,281.000,NaN,NaN,NaN,NaN,NaN,NaN,NaN
252,246,6959.000,34.904,2.750,-0.072,-0.014,NaN,NaN,209,0,-2.654,-1.327,NaN,NaN,NaN,NaN,NaN,NaN,NaN,NaN,NaN,NaN,NaN
253,90,6960.000,25.282,-4.594,0.026,-0.045,0.470,0.948,210,0,-0.012,3.500,847.000,199.000,877.000,281.000,25.340,-4.530,-1.190,0.800,0.550,1.570,-0.513
254,246,6960.000,34.444,2.670,-0.211,-0.044,0.768,0.643,210,0,0.267,-0.482,504.000,186.000,532.000,250.000,34.310,2.620,-1.080,1.970,0.600,1.950,2.896
255,90,6961.000,25.323,-4.635,0.030,-0.045,0.034,0.916,211,0,-2.825,3.500,852.000,196.000,880.000,281.000,25.330,-4.620,-1.120,0.700,0.720,1.520,-0.717
256,246,6961.000,34.071,2.546,-0.255,-0.076,0.712,1.000,211,0,-0.377,2.532,506.000,187.000,535.000,253.000,33.900,2.450,-1.010,1.850,0.740,1.790,-2.751
257,90,6962.000,25.353,-4.713,0.030,-0.053,0.281,NaN,212,0,-0.703,-1.297,856.000,196.000,881.000,280.000,NaN,NaN,NaN,NaN,NaN,NaN,NaN
258,246,6962.000,33.816,2.469,-0.255,-0.076,NaN,NaN,212,0,-2.654,-1.327,NaN,NaN,NaN,NaN,NaN,NaN,NaN,NaN,NaN,NaN,NaN
259,90,6963.000,25.309,-4.704,0.018,-0.039,0.298,0.088,213,0,-0.849,-1.031,855.000,197.000,882.000,281.000,25.260,-4.600,-1.290,0.760,0.660,1.800,-0.560
260,246,6963.000,33.495,2.439,-0.270,-0.074,0.714,0.634,213,0,-0.377,-0.518,510.000,186.000,539.000,253.000,33.510,2.370,-0.990,0.860,0.590,1.890,-0.151
261,90,6964.000,25.331,-4.720,0.019,-0.032,0.227,0.376,214,0,-1.230,-0.279,858.000,199.000,884.000,279.000,25.330,-4.690,-1.170,0.700,0.680,1.780,-0.374
262,246,6964.000,33.023,2.320,-0.303,-0.099,0.716,0.993,214,0,-0.012,2.454,513.000,184.000,544.000,251.000,32.880,2.200,-1.110,1.910,0.670,1.830,-2.784
263,90,6965.000,25.343,-4.777,0.017,-0.038,0.458,NaN,215,0,-0.011,-1.308,858.000,198.000,886.000,277.000,NaN,NaN,NaN,NaN,NaN,NaN,NaN
264,246,6965.000,32.716,2.207,-0.305,-0.102,0.031,NaN,215,0,-3.100,-1.327,517.000,184.000,546.000,222.000,NaN,NaN,NaN,NaN,NaN,NaN,NaN
265,90,6966.000,25.601,-4.814,0.071,-0.035,0.381,0.002,216,0,-0.733,-1.542,859.000,199.000,887.000,277.000,25.860,-4.790,-0.520,0.640,0.590,1.870,-0.879
266,246,6966.000,32.435,2.113,-0.302,-0.098,0.613,0.002,216,0,-0.706,-2.002,521.000,185.000,550.000,250.000,32.460,2.130,-1.000,0.760,0.640,1.840,0.284
267,90,6967.000,25.527,-4.834,0.039,-0.032,0.423,0.389,217,0,-0.389,-0.259,860.000,199.000,890.000,275.000,25.330,-4.810,-1.210,0.900,0.610,1.770,-0.341
268,246,6967.000,32.077,1.978,-0.315,-0.106,0.738,0.306,217,0,0.433,-1.110,524.000,185.000,555.000,250.000,32.000,1.910,-1.040,0.760,0.700,1.850,-2.351
269,90,6968.000,25.566,-4.908,0.040,-0.044,0.215,NaN,218,0,-1.043,-1.308,862.000,200.000,895.000,296.000,NaN,NaN,NaN,NaN,NaN,NaN,NaN
270,246,6968.000,31.763,1.874,-0.314,-0.104,NaN,NaN,218,0,-1.504,-1.324,NaN,NaN,NaN,NaN,NaN,NaN,NaN,NaN,NaN,NaN,NaN
271,90,6969.000,25.539,-4.933,0.024,-0.040,0.057,0.025,219,0,-2.421,-1.427,867.000,199.000,895.000,287.000,25.450,-4.890,-1.180,0.800,0.500,1.750,-0.161
272,246,6969.000,31.449,1.770,-0.314,-0.104,NaN,NaN,219,0,-1.030,-1.318,NaN,NaN,NaN,NaN,NaN,NaN,NaN,NaN,NaN,NaN,NaN
273,90,6970.000,25.607,-4.864,0.030,-0.010,0.615,0.006,220,0,0.705,-1.535,868.000,199.000,897.000,265.000,25.640,-4.700,-0.510,0.690,0.380,1.710,0.289
274,246,6970.000,31.091,1.633,-0.320,-0.111,0.724,0.942,220,0,0.434,6.654,535.000,190.000,565.000,258.000,31.060,1.610,-1.060,1.770,0.540,1.830,-2.740
275,90,6971.000,25.636,-4.874,0.029,-0.009,NaN,NaN,221,0,-1.486,-1.308,NaN,NaN,NaN,NaN,NaN,NaN,NaN,NaN,NaN,NaN,NaN
276,246,6971.000,30.772,1.522,-0.320,-0.111,NaN,NaN,221,0,-2.588,-1.294,NaN,NaN,NaN,NaN,NaN,NaN,NaN,NaN,NaN,NaN,NaN
277,90,6972.000,25.530,-4.938,-0.003,-0.021,0.711,0.181,222,0,1.782,-0.751,870.000,199.000,900.000,265.000,25.410,-4.960,-1.140,0.760,0.610,1.690,-0.449
278,246,6972.000,30.562,1.424,-0.299,-0.108,0.677,0.558,222,0,-0.056,-0.366,543.000,190.000,574.000,253.000,30.650,1.450,-1.040,1.760,0.540,1.820,-2.700
279,90,6973.000,25.483,-4.985,-0.012,-0.028,0.461,0.579,223,0,-0.098,0.359,872.000,198.000,901.000,278.000,25.430,-5.020,-1.150,0.750,0.650,1.670,-0.294
280,246,6973.000,30.231,1.394,-0.304,-0.090,0.780,0.001,223,0,1.158,-1.762,546.000,188.000,577.000,254.000,30.180,1.460,-1.210,0.890,0.400,1.900,-3.111
281,90,6974.000,25.454,-5.076,-0.018,-0.044,0.737,NaN,224,0,2.746,-1.310,873.000,198.000,902.000,267.000,NaN,NaN,NaN,NaN,NaN,NaN,NaN
282,246,6974.000,29.934,1.257,-0.302,-0.098,0.812,NaN,224,0,4.053,-1.272,551.000,186.000,583.000,253.000,NaN,NaN,NaN,NaN,NaN,NaN,NaN
283,90,6975.000,25.435,-5.120,-0.020,-0.044,NaN,NaN,225,0,-2.629,-1.314,NaN,NaN,NaN,NaN,NaN,NaN,NaN,NaN,NaN,NaN,NaN
284,246,6975.000,29.712,1.154,-0.284,-0.096,0.822,0.892,225,0,1.692,2.311,554.000,187.000,586.000,252.000,29.800,1.170,-0.970,1.890,0.580,1.890,-2.615
285,90,6976.000,25.483,-5.115,-0.008,-0.032,0.648,0.001,226,0,0.873,-1.551,874.000,198.000,903.000,267.000,25.510,-5.040,-1.210,0.720,0.620,1.760,-0.397
286,246,6976.000,29.438,1.061,-0.281,-0.093,0.798,0.876,226,0,1.575,2.109,560.000,190.000,591.000,251.000,29.430,1.070,-1.010,1.770,0.510,1.820,-2.615
287,90,6977.000,25.480,-5.148,-0.003,-0.032,0.521,NaN,227,0,0.383,-1.316,874.000,198.000,904.000,267.000,NaN,NaN,NaN,NaN,NaN,NaN,NaN
288,246,6977.000,29.168,0.922,-0.280,-0.103,0.792,NaN,227,0,3.665,-1.289,566.000,188.000,598.000,250.000,NaN,NaN,NaN,NaN,NaN,NaN,NaN
289,90,6978.000,25.430,-5.131,-0.014,-0.018,0.564,0.119,228,0,0.607,-0.944,875.000,198.000,904.000,267.000,25.390,-5.030,-1.210,0.770,0.630,1.690,-0.224
290,246,6978.000,28.953,0.867,-0.266,-0.089,0.785,0.057,228,0,1.385,-1.492,568.000,189.000,600.000,250.000,29.000,0.990,-1.040,0.770,0.590,1.930,-0.648
291,290,6978.000,4.420,3.790,0.000,0.000,NaN,0.383,228,0,0.000,-0.368,-828.000,218.000,-367.000,844.000,4.420,3.790,-1.370,0.750,0.710,1.780,2.054
292,90,6979.000,25.437,-5.109,-0.009,-0.007,0.554,0.944,229,0,0.552,3.500,874.000,198.000,904.000,265.000,25.450,-5.040,-1.140,0.830,0.650,1.540,-0.179
293,246,6979.000,28.559,0.748,-0.293,-0.098,0.756,0.048,229,0,1.502,-1.485,575.000,189.000,609.000,249.000,28.410,0.660,-1.050,1.910,0.580,1.920,-2.688
294,290,6979.000,4.631,3.746,0.181,-0.028,NaN,0.733,229,0,0.000,0.936,-721.000,220.000,-299.000,766.000,4.680,3.750,-1.330,0.770,0.600,1.680,0.112
295,90,6980.000,25.426,-5.129,-0.010,-0.011,0.560,NaN,230,0,0.715,-1.316,874.000,198.000,904.000,265.000,NaN,NaN,NaN,NaN,NaN,NaN,NaN
296,246,6980.000,28.268,0.649,-0.292,-0.099,NaN,NaN,230,0,-2.205,-1.286,NaN,NaN,NaN,NaN,NaN,NaN,NaN,NaN,NaN,NaN,NaN
297,290,6980.000,4.812,3.716,0.181,-0.030,NaN,NaN,230,0,-2.654,-1.327,NaN,NaN,NaN,NaN,NaN,NaN,NaN,NaN,NaN,NaN,NaN
298,90,6981.000,25.462,-5.112,-0.001,-0.003,0.640,0.102,231,0,0.809,-1.072,874.000,198.000,904.000,266.000,25.510,-5.040,-1.120,0.840,0.610,1.700,-0.215
299,246,6981.000,27.952,0.506,-0.298,-0.107,0.619,0.004,231,0,0.236,-1.643,585.000,189.000,620.000,253.000,27.920,0.460,-1.000,0.770,0.670,1.960,-1.080
300,290,6981.000,4.750,3.742,0.096,-0.007,NaN,0.989,231,0,0.000,1.609,-722.000,225.000,-268.000,739.000,4.740,3.740,-1.310,0.760,0.730,1.600,0.081
301,90,6982.000,25.420,-5.079,-0.008,0.004,0.702,0.187,232,0,1.628,-0.728,874.000,198.000,903.000,265.000,25.390,-5.030,-1.130,0.830,0.590,1.750,-0.504
302,246,6982.000,27.671,0.356,-0.296,-0.115,0.696,0.056,232,0,0.863,-1.410,594.000,189.000,630.000,272.000,27.690,0.300,-1.110,1.740,0.480,1.740,0.062
303,290,6982.000,4.862,3.744,0.099,-0.004,NaN,0.999,232,0,0.000,1.609,-682.000,219.000,-241.000,696.000,4.880,3.740,-1.260,0.740,0.770,1.540,0.044
304,90,6983.000,25.400,-5.096,-0.012,0.000,0.667,NaN,233,0,1.724,-1.314,874.000,198.000,902.000,265.000,NaN,NaN,NaN,NaN,NaN,NaN,NaN
305,246,6983.000,27.371,0.140,-0.296,-0.137,0.653,NaN,233,0,1.698,-1.306,601.000,190.000,640.000,272.000,NaN,NaN,NaN,NaN,NaN,NaN,NaN
306,290,6983.000,4.962,3.740,0.100,-0.004,NaN,NaN,233,0,-2.654,-1.327,NaN,NaN,NaN,NaN,NaN,NaN,NaN,NaN,NaN,NaN,NaN
307,90,6984.000,25.411,-5.079,-0.007,0.004,0.692,0.921,234,0,1.488,3.500,874.000,198.000,902.000,265.000,25.430,-5.030,-1.180,0.760,0.680,1.590,-0.529
308,246,6984.000,26.892,-0.051,-0.331,-0.147,0.766,0.448,234,0,1.832,-0.282,607.000,190.000,644.000,272.000,26.800,-0.090,-1.260,1.720,0.490,1.900,0.563
309,290,6984.000,5.073,3.720,0.103,-0.008,NaN,0.998,234,0,0.000,1.609,-599.000,211.000,-217.000,720.000,5.070,3.710,-1.320,0.790,0.630,1.710,0.099
310,90,6985.000,25.404,-5.075,-0.007,0.004,NaN,NaN,235,0,-0.669,-1.314,NaN,NaN,NaN,NaN,NaN,NaN,NaN,NaN,NaN,NaN,NaN
311,246,6985.000,26.518,-0.219,-0.337,-0.153,0.706,0.738,235,0,1.516,0.947,616.000,191.000,655.000,274.000,26.490,-0.250,-1.150,1.740,0.520,1.790,0.506
312,290,6985.000,5.161,3.729,0.098,-0.004,NaN,1.000,235,0,0.000,1.609,-605.000,204.000,-188.000,722.000,5.150,3.730,-1.320,0.840,0.680,1.760,-0.142
313,90,6986.000,25.381,-5.093,-0.011,-0.003,0.570,NaN,236,0,0.787,-1.314,874.000,198.000,902.000,265.000,NaN,NaN,NaN,NaN,NaN,NaN,NaN
314,246,6986.000,26.186,-0.430,-0.336,-0.165,0.742,NaN,236,0,2.907,-1.304,626.000,189.000,666.000,284.000,NaN,NaN,NaN,NaN,NaN,NaN,NaN
315,290,6986.000,5.261,3.725,0.100,-0.004,NaN,NaN,236,0,-2.654,-1.327,NaN,NaN,NaN,NaN,NaN,NaN,NaN,NaN,NaN,NaN,NaN
316,90,6987.000,25.414,-5.088,-0.003,-0.002,0.593,0.632,237,0,0.777,0.497,875.000,198.000,902.000,265.000,25.460,-5.070,-1.220,0.770,0.650,1.630,-0.414
317,246,6987.000,25.858,-0.589,-0.334,-0.164,0.675,0.031,237,0,1.117,-1.472,630.000,191.000,671.000,282.000,25.850,-0.570,-1.270,1.720,0.550,1.990,-2.532
318,290,6987.000,5.309,3.729,0.085,-0.005,NaN,1.000,237,0,0.000,1.609,-541.000,217.000,-186.000,677.000,5.290,3.720,-1.300,0.780,0.590,1.620,-0.052
319,90,6988.000,25.413,-5.068,-0.003,0.005,0.504,0.627,238,0,0.197,0.497,875.000,198.000,902.000,266.000,25.430,-5.020,-1.140,0.780,0.500,1.710,-0.557
320,246,6988.000,25.477,-0.774,-0.344,-0.164,0.776,0.006,238,0,2.512,-1.484,641.000,190.000,683.000,283.000,25.420,-0.780,-1.550,1.750,0.460,1.720,-2.616
321,290,6988.000,5.435,3.716,0.100,-0.007,NaN,0.999,238,0,0.000,1.609,-521.000,210.000,-144.000,652.000,5.460,3.710,-1.270,0.760,0.800,1.610,0.098
322,90,6989.000,25.398,-5.091,-0.006,-0.001,0.602,NaN,239,0,1.024,-1.314,875.000,198.000,902.000,266.000,NaN,NaN,NaN,NaN,NaN,NaN,NaN
323,246,6989.000,25.136,-0.929,-0.344,-0.162,0.689,NaN,239,0,2.173,-1.320,650.000,191.000,689.000,282.000,NaN,NaN,NaN,NaN,NaN,NaN,NaN
324,290,6989.000,5.535,3.710,0.101,-0.006,NaN,NaN,239,0,-2.654,-1.327,NaN,NaN,NaN,NaN,NaN,NaN,NaN,NaN,NaN,NaN,NaN
325,90,6990.000,25.429,-5.081,0.004,0.003,0.627,0.022,240,0,0.994,-1.471,875.000,198.000,902.000,266.000,25.470,-5.040,-1.120,0.760,0.620,1.720,-0.359
326,246,6990.000,24.973,-1.068,-0.308,-0.159,0.702,0.909,240,0,1.628,3.500,660.000,191.000,703.000,282.000,25.140,-1.020,-1.060,1.830,0.580,1.950,0.677
327,290,6990.000,5.651,3.681,0.100,-0.014,NaN,0.997,240,0,0.000,1.677,-447.000,198.000,-131.000,653.000,5.640,3.670,-1.270,0.810,0.660,1.710,0.195
328,90,6991.000,25.467,-5.072,0.013,0.003,0.592,0.004,241,0,0.553,-1.549,875.000,198.000,902.000,266.000,25.510,-5.040,-1.030,0.790,0.620,1.800,-0.323
329,246,6991.000,24.624,-1.298,-0.314,-0.174,0.706,0.184,241,0,1.782,-0.761,672.000,191.000,710.000,281.000,24.560,-1.380,-1.260,1.910,0.610,1.950,-2.472
330,290,6991.000,5.706,3.663,0.083,-0.014,NaN,0.970,241,0,0.000,1.677,-442.000,201.000,-119.000,654.000,5.670,3.660,-1.280,0.890,0.490,1.710,3.008
331,90,6992.000,25.474,-5.105,0.013,-0.005,0.561,NaN,242,0,0.715,-1.314,875.000,198.000,902.000,266.000,NaN,NaN,NaN,NaN,NaN,NaN,NaN
332,246,6992.000,24.310,-1.510,-0.314,-0.184,0.773,NaN,242,0,3.422,-1.326,685.000,194.000,728.000,281.000,NaN,NaN,NaN,NaN,NaN,NaN,NaN
333,290,6992.000,5.790,3.649,0.084,-0.014,NaN,NaN,242,0,-2.654,-1.327,NaN,NaN,NaN,NaN,NaN,NaN,NaN,NaN,NaN,NaN,NaN
334,90,6993.000,25.458,-5.088,0.008,0.001,0.647,0.656,243,0,1.116,0.595,875.000,198.000,901.000,265.000,25.430,-5.050,-1.170,0.860,0.580,1.700,-0.460
335,246,6993.000,24.015,-1.725,-0.311,-0.190,0.804,0.980,243,0,3.099,2.843,690.000,193.000,735.000,282.000,24.010,-1.740,-1.180,1.890,0.430,1.840,-2.504
336,290,6993.000,5.881,3.634,0.082,-0.015,NaN,0.993,243,0,0.000,1.677,-389.000,197.000,-90.000,642.000,5.880,3.630,-1.290,0.870,0.540,1.760,-0.023
337,90,6994.000,25.464,-5.072,0.011,0.003,0.602,0.260,244,0,0.837,-0.520,874.000,198.000,901.000,266.000,25.460,-5.030,-1.050,0.780,0.600,1.680,-0.466
338,246,6994.000,23.698,-1.962,-0.312,-0.200,0.795,0.951,244,0,2.962,2.843,705.000,191.000,744.000,294.000,23.680,-2.000,-1.200,1.950,0.590,1.890,-2.516
339,290,6994.000,6.020,3.599,0.099,-0.021,NaN,1.000,244,0,0.000,1.677,-342.000,197.000,-61.000,617.000,6.060,3.580,-1.270,0.840,0.560,1.720,-0.007
340,90,6995.000,25.475,-5.102,0.011,-0.003,0.645,NaN,245,0,1.407,-1.314,874.000,198.000,902.000,265.000,NaN,NaN,NaN,NaN,NaN,NaN,NaN
341,246,6995.000,23.397,-2.131,-0.309,-0.191,0.730,NaN,245,0,2.856,-1.326,718.000,190.000,761.000,292.000,NaN,NaN,NaN,NaN,NaN,NaN,NaN
342,290,6995.000,6.118,3.577,0.098,-0.021,NaN,NaN,245,0,-2.654,-1.327,NaN,NaN,NaN,NaN,NaN,NaN,NaN,NaN,NaN,NaN,NaN
343,90,6996.000,25.492,-5.119,0.014,-0.005,0.644,NaN,246,0,1.407,-1.316,874.000,198.000,902.000,265.000,NaN,NaN,NaN,NaN,NaN,NaN,NaN
344,246,6996.000,23.190,-2.288,-0.283,-0.178,0.674,0.032,246,0,1.773,-1.351,726.000,191.000,771.000,285.000,23.300,-2.270,-1.140,1.870,0.530,1.900,-2.472
345,290,6996.000,6.202,3.576,0.097,-0.017,NaN,0.999,246,0,0.000,1.677,-318.000,208.000,-42.000,611.000,6.210,3.580,-1.300,0.900,0.570,1.680,0.023
346,90,6997.000,25.447,-5.092,-0.001,0.001,0.346,0.029,247,0,-0.670,-1.437,874.000,198.000,901.000,265.000,25.410,-5.040,-1.160,0.550,0.730,1.820,2.552
347,246,6997.000,22.876,-2.508,-0.290,-0.188,0.732,0.208,247,0,2.624,-0.551,740.000,192.000,785.000,272.000,22.830,-2.580,-1.030,1.700,0.520,1.940,-2.356
348,290,6997.000,6.349,3.560,0.114,-0.017,NaN,1.000,247,0,0.000,1.677,-274.000,212.000,-27.000,603.000,6.400,3.560,-1.320,0.880,0.570,1.680,0.115
349,90,6998.000,25.448,-5.102,-0.001,-0.003,0.388,NaN,248,0,-0.429,-1.315,874.000,198.000,901.000,266.000,NaN,NaN,NaN,NaN,NaN,NaN,NaN
350,246,6998.000,22.595,-2.640,-0.289,-0.173,0.766,NaN,248,0,3.261,-1.313,749.000,192.000,792.000,268.000,NaN,NaN,NaN,NaN,NaN,NaN,NaN
351,290,6998.000,6.464,3.542,0.115,-0.018,NaN,NaN,248,0,-2.654,-1.327,NaN,NaN,NaN,NaN,NaN,NaN,NaN,NaN,NaN,NaN,NaN
352,90,6999.000,25.402,-5.074,-0.010,0.003,0.614,0.515,249,0,0.892,0.134,874.000,198.000,901.000,265.000,25.380,-5.010,-1.150,0.780,0.560,1.710,-0.276
353,246,6999.000,22.387,-2.848,-0.269,-0.182,0.672,0.042,249,0,2.005,-1.229,763.000,191.000,816.000,262.000,22.460,-2.900,-0.870,1.780,0.540,1.880,-2.291
354,290,6999.000,6.557,3.541,0.110,-0.015,NaN,0.998,249,0,0.000,1.747,-256.000,196.000,-2.000,581.000,6.560,3.550,-1.260,0.860,0.550,1.710,-0.080
355,90,7000.000,25.429,-5.075,-0.001,-0.000,0.648,0.972,250,0,1.116,3.500,874.000,198.000,902.000,265.000,25.470,-5.050,-1.210,0.750,0.710,1.620,-0.377
356,246,7000.000,22.053,-3.064,-0.282,-0.189,0.030,0.897,250,0,-2.588,2.238,775.000,192.000,828.000,304.000,21.990,-3.130,-1.050,1.810,0.550,1.790,-2.432
357,290,7000.000,6.701,3.514,0.120,-0.021,NaN,1.000,250,0,0.000,1.747,-229.000,207.000,28.000,568.000,6.730,3.510,-1.280,0.810,0.630,1.640,-0.189
358,90,7001.000,25.427,-5.098,-0.001,-0.006,0.612,NaN,251,0,1.112,-1.314,873.000,198.000,902.000,265.000,NaN,NaN,NaN,NaN,NaN,NaN,NaN
359,246,7001.000,21.772,-3.240,-0.282,-0.186,0.694,NaN,251,0,2.173,-1.311,791.000,185.000,843.000,267.000,NaN,NaN,NaN,NaN,NaN,NaN,NaN
360,290,7001.000,6.821,3.492,0.121,-0.021,NaN,NaN,251,0,-2.654,-1.327,NaN,NaN,NaN,NaN,NaN,NaN,NaN,NaN,NaN,NaN,NaN
361,90,7002.000,25.426,-5.103,-0.001,-0.006,NaN,NaN,252,0,-2.631,-1.315,NaN,NaN,NaN,NaN,NaN,NaN,NaN,NaN,NaN,NaN,NaN
362,246,7002.000,21.564,-3.400,-0.264,-0.178,NaN,0.069,252,0,-2.738,-0.989,776.000,180.000,886.000,299.000,21.630,-3.370,-1.010,1.820,0.540,1.820,-2.452
363,290,7002.000,6.870,3.476,0.099,-0.020,NaN,0.999,252,0,0.000,1.747,-206.000,206.000,37.000,567.000,6.830,3.480,-1.290,0.900,0.620,1.670,0.013
364,90,7003.000,25.439,-5.092,0.001,-0.002,0.404,0.822,253,0,-0.479,1.532,874.000,198.000,902.000,266.000,25.450,-5.060,-1.220,0.740,0.630,1.650,-0.037
365,246,7003.000,21.306,-3.656,-0.265,-0.199,0.585,0.001,253,0,1.538,-1.343,818.000,192.000,857.000,282.000,21.300,-3.770,-1.220,0.690,0.640,1.740,-0.147
366,290,7003.000,7.003,3.459,0.109,-0.018,NaN,0.999,253,0,0.000,1.747,-192.000,210.000,69.000,543.000,7.030,3.460,-1.270,0.890,0.800,1.580,0.048
367,90,7004.000,25.444,-5.119,-0.000,-0.006,0.605,NaN,254,0,1.112,-1.315,875.000,198.000,902.000,266.000,NaN,NaN,NaN,NaN,NaN,NaN,NaN
368,246,7004.000,21.077,-3.646,-0.250,-0.141,0.038,NaN,254,0,-2.386,-1.300,836.000,188.000,857.000,260.000,NaN,NaN,NaN,NaN,NaN,NaN,NaN
369,290,7004.000,7.176,3.284,0.137,-0.075,0.875,NaN,254,0,3.262,-1.327,0.000,260.000,42.000,546.000,NaN,NaN,NaN,NaN,NaN,NaN,NaN
370,90,7005.000,25.408,-5.097,-0.008,-0.001,0.430,0.006,255,0,-0.337,-1.490,845.000,191.000,899.000,263.000,25.400,-5.050,-0.980,0.680,0.710,1.770,0.706
371,246,7005.000,20.810,-3.796,-0.254,-0.143,0.034,0.081,255,0,-2.504,-0.882,845.000,190.000,899.000,332.000,20.790,-3.850,-1.000,1.680,0.520,1.780,-2.383
372,290,7005.000,7.231,3.278,0.108,-0.039,0.908,0.911,255,0,3.493,1.747,0.000,241.000,58.000,544.000,7.140,3.440,-1.240,0.790,0.580,1.660,0.093
373,90,7006.000,25.401,-5.090,-0.008,-0.000,0.351,NaN,256,0,-0.635,-1.315,863.000,191.000,908.000,264.000,NaN,NaN,NaN,NaN,NaN,NaN,NaN
374,246,7006.000,20.556,-3.936,-0.254,-0.140,NaN,NaN,256,0,-0.892,-1.268,NaN,NaN,NaN,NaN,NaN,NaN,NaN,NaN,NaN,NaN,NaN
375,290,7006.000,7.289,3.287,0.098,-0.002,0.922,0.995,256,0,3.493,1.747,0.000,239.000,88.000,549.000,7.270,3.420,-1.240,0.850,0.550,1.680,0.027
376,90,7007.000,25.388,-5.136,-0.010,-0.012,0.054,NaN,257,0,-1.818,-1.315,869.000,191.000,924.000,295.000,NaN,NaN,NaN,NaN,NaN,NaN,NaN
377,246,7007.000,20.306,-4.101,-0.252,-0.148,0.520,NaN,257,0,0.383,-1.293,870.000,191.000,912.000,264.000,NaN,NaN,NaN,NaN,NaN,NaN,NaN
378,290,7007.000,7.397,3.263,0.100,-0.015,0.916,NaN,257,0,3.262,-1.327,0.000,242.000,93.000,536.000,NaN,NaN,NaN,NaN,NaN,NaN,NaN
379,90,7008.000,25.424,-5.093,-0.001,0.000,0.026,0.010,258,0,-2.877,-1.491,873.000,199.000,897.000,263.000,25.470,-5.000,-1.080,0.690,0.710,1.860,-0.618
380,246,7008.000,19.931,-4.329,-0.272,-0.168,0.102,0.479,258,0,-1.542,0.379,895.000,192.000,949.000,272.000,19.860,-4.440,-1.000,1.790,0.530,1.740,-2.460
381,290,7008.000,7.426,3.329,0.077,0.020,0.927,0.997,258,0,3.493,1.747,0.000,244.000,96.000,547.000,7.370,3.390,-1.290,0.940,0.550,1.820,3.053
382,90,7009.000,25.430,-5.063,0.003,0.006,0.429,0.635,259,0,-0.337,0.525,873.000,198.000,903.000,265.000,25.440,-5.030,-1.150,0.700,0.690,1.660,-0.286
383,246,7009.000,19.481,-4.612,-0.310,-0.191,0.723,0.995,259,0,3.141,2.255,905.000,190.000,968.000,288.000,19.330,-4.700,-1.060,1.750,0.540,1.780,-2.589
384,290,7009.000,7.521,3.349,0.085,0.020,0.915,0.998,259,0,3.637,1.818,0.000,241.000,96.000,544.000,7.540,3.350,-1.250,0.910,0.560,1.810,-0.128
385,90,7010.000,25.423,-5.089,0.001,-0.000,0.473,NaN,260,0,0.057,-1.313,873.000,198.000,904.000,265.000,NaN,NaN,NaN,NaN,NaN,NaN,NaN
386,246,7010.000,19.175,-4.799,-0.308,-0.191,0.852,NaN,260,0,4.411,-1.317,921.000,191.000,985.000,296.000,NaN,NaN,NaN,NaN,NaN,NaN,NaN
387,290,7010.000,7.619,3.337,0.091,0.009,0.918,NaN,260,0,3.262,-1.327,0.000,237.000,97.000,529.000,NaN,NaN,NaN,NaN,NaN,NaN,NaN
388,90,7011.000,25.439,-5.059,0.006,0.008,0.534,0.452,261,0,0.421,-0.094,873.000,198.000,904.000,266.000,25.470,-5.030,-1.240,0.800,0.490,1.690,-0.232
389,246,7011.000,18.894,-4.916,-0.299,-0.178,0.821,0.874,261,0,4.511,2.255,930.000,190.000,992.000,297.000,18.910,-4.870,-1.180,1.700,0.500,1.720,0.461
390,290,7011.000,7.706,3.341,0.089,0.007,0.877,0.999,261,0,3.637,1.818,7.000,235.000,101.000,521.000,7.720,3.330,-1.240,0.740,0.680,1.650,0.106
391,90,7012.000,25.467,-5.034,0.012,0.012,0.500,0.125,262,0,-0.010,-0.982,873.000,198.000,904.000,266.000,25.500,-5.010,-1.160,0.770,0.650,1.720,-0.263
392,246,7012.000,18.570,-5.083,-0.304,-0.179,0.771,0.964,262,0,3.914,2.255,949.000,191.000,1010.000,301.000,18.530,-5.060,-1.110,1.750,0.500,1.730,-2.698
393,290,7012.000,7.798,3.314,0.092,-0.003,0.851,0.998,262,0,3.637,1.818,18.000,230.000,111.000,518.000,7.810,3.290,-1.220,0.800,0.710,1.660,0.135
394,90,7013.000,25.466,-5.071,0.009,-0.000,0.537,NaN,263,0,0.556,-1.311,873.000,198.000,904.000,266.000,NaN,NaN,NaN,NaN,NaN,NaN,NaN
395,246,7013.000,18.265,-5.261,-0.305,-0.178,NaN,NaN,263,0,-2.391,-1.323,NaN,NaN,NaN,NaN,NaN,NaN,NaN,NaN,NaN,NaN,NaN
396,290,7013.000,7.895,3.294,0.092,-0.009,0.853,NaN,263,0,3.227,-1.327,20.000,231.000,120.000,518.000,NaN,NaN,NaN,NaN,NaN,NaN,NaN
397,90,7014.000,25.480,-5.058,0.009,0.002,0.499,0.980,264,0,0.197,3.500,873.000,198.000,904.000,266.000,25.480,-5.040,-1.180,0.780,0.650,1.690,-0.297
398,246,7014.000,18.045,-5.323,-0.282,-0.150,0.785,0.895,264,0,4.125,2.261,975.000,190.000,1042.000,300.000,18.110,-5.200,-1.050,1.770,0.500,1.840,-2.714
399,290,7014.000,7.950,3.310,0.081,-0.000,0.861,0.998,264,0,3.637,1.818,43.000,231.000,124.000,517.000,7.930,3.330,-1.250,0.860,0.650,1.680,-0.090
400,90,7015.000,25.479,-5.054,0.007,0.003,0.507,0.128,265,0,0.268,-0.909,873.000,198.000,904.000,267.000,25.450,-5.050,-1.230,0.820,0.610,1.710,-0.323
401,246,7015.000,17.728,-5.416,-0.291,-0.132,0.665,0.019,265,0,2.377,-1.242,997.000,190.000,1061.000,319.000,17.690,-5.340,-1.090,1.760,0.560,1.850,-2.989
402,290,7015.000,8.055,3.306,0.088,-0.000,0.898,1.000,265,0,3.637,1.818,30.000,235.000,131.000,516.000,8.070,3.300,-1.240,0.850,0.580,1.650,0.100
403,90,7016.000,25.480,-5.096,0.007,-0.011,0.525,NaN,266,0,0.468,-1.313,873.000,198.000,904.000,267.000,NaN,NaN,NaN,NaN,NaN,NaN,NaN
404,246,7016.000,17.440,-5.534,-0.291,-0.128,0.771,NaN,266,0,3.497,-1.320,1012.000,191.000,1065.000,297.000,NaN,NaN,NaN,NaN,NaN,NaN,NaN
405,290,7016.000,8.149,3.287,0.089,-0.007,0.889,NaN,266,0,3.378,-1.327,44.000,234.000,141.000,512.000,NaN,NaN,NaN,NaN,NaN,NaN,NaN
406,90,7017.000,25.501,-5.083,0.011,-0.005,0.522,0.892,267,0,0.126,2.777,873.000,198.000,903.000,266.000,25.510,-5.030,-1.120,0.740,0.620,1.560,-0.343
407,246,7017.000,17.151,-5.554,-0.290,-0.097,0.114,0.122,267,0,-1.344,-0.634,1022.000,190.000,1090.000,299.000,17.160,-5.470,-1.020,1.750,0.520,1.820,-2.509
408,290,7017.000,8.199,3.277,0.078,-0.010,0.850,1.000,267,0,3.637,1.818,52.000,232.000,144.000,508.000,8.190,3.280,-1.230,0.870,0.670,1.640,-0.129
409,90,7018.000,25.486,-5.062,0.006,0.002,0.488,0.952,268,0,0.132,3.500,873.000,198.000,903.000,267.000,25.460,-5.010,-1.190,0.810,0.600,1.620,-0.441
410,246,7018.000,16.716,-5.696,-0.333,-0.116,0.711,0.046,268,0,2.942,-0.993,1040.000,191.000,1110.000,328.000,16.590,-5.730,-1.160,1.820,0.540,1.750,-2.827
411,290,7018.000,8.311,3.249,0.090,-0.016,0.810,0.999,268,0,3.506,1.818,73.000,230.000,152.000,498.000,8.330,3.240,-1.250,0.840,0.630,1.660,-0.012
412,90,7019.000,25.484,-5.100,0.007,-0.008,0.331,NaN,269,0,-0.733,-1.313,873.000,198.000,903.000,266.000,NaN,NaN,NaN,NaN,NaN,NaN,NaN
413,246,7019.000,16.373,-5.823,-0.335,-0.120,0.685,NaN,269,0,2.375,-1.322,1060.000,192.000,1130.000,320.000,NaN,NaN,NaN,NaN,NaN,NaN,NaN
414,290,7019.000,8.407,3.208,0.091,-0.024,0.841,NaN,269,0,3.404,-1.327,76.000,229.000,159.000,488.000,NaN,NaN,NaN,NaN,NaN,NaN,NaN
415,90,7020.000,25.474,-5.088,0.004,-0.000,0.317,0.187,270,0,-0.808,-0.727,873.000,198.000,903.000,267.000,25.470,-5.050,-1.200,0.880,0.690,1.570,-0.023
416,246,7020.000,16.181,-5.878,-0.299,-0.098,0.799,0.985,270,0,4.330,2.225,1071.000,191.000,1143.000,321.000,16.300,-5.840,-1.120,1.860,0.580,1.880,-2.757
417,290,7020.000,8.509,3.211,0.092,-0.016,0.832,0.992,270,0,3.770,1.890,81.000,224.000,163.000,489.000,8.510,3.240,-1.230,0.730,0.690,1.560,0.021
418,90,7021.000,25.432,-5.061,-0.004,0.007,0.495,0.282,271,0,0.197,-0.461,873.000,198.000,903.000,267.000,25.380,-5.030,-1.080,0.810,0.540,1.740,-0.363
419,246,7021.000,15.582,-6.055,-0.380,-0.123,0.839,0.057,271,0,4.394,-0.866,1089.000,192.000,1163.000,318.000,15.350,-6.170,-1.220,2.060,0.420,1.830,-3.009
420,290,7021.000,8.609,3.192,0.094,-0.017,0.908,0.999,271,0,3.780,1.890,89.000,224.000,190.000,489.000,8.610,3.200,-1.240,0.840,0.600,1.660,-0.055
421,90,7022.000,25.423,-5.078,-0.006,-0.000,0.551,NaN,272,0,0.639,-1.313,873.000,198.000,902.000,267.000,NaN,NaN,NaN,NaN,NaN,NaN,NaN
422,246,7022.000,15.212,-6.161,-0.373,-0.118,0.785,NaN,272,0,3.578,-1.322,1110.000,192.000,1185.000,336.000,NaN,NaN,NaN,NaN,NaN,NaN,NaN
423,290,7022.000,8.712,3.152,0.097,-0.025,0.909,NaN,272,0,3.378,-1.327,102.000,226.000,202.000,488.000,NaN,NaN,NaN,NaN,NaN,NaN,NaN
424,90,7023.000,25.442,-5.054,0.002,0.005,0.439,0.095,273,0,-0.269,-1.037,873.000,198.000,902.000,268.000,25.480,-5.010,-1.180,0.740,0.640,1.720,-0.369
425,246,7023.000,14.964,-6.280,-0.349,-0.116,0.781,0.008,273,0,3.927,-1.201,1119.000,193.000,1197.000,326.000,15.050,-6.290,-1.170,1.790,0.380,1.850,-2.878
426,290,7023.000,8.718,3.141,0.070,-0.019,0.911,0.994,273,0,3.780,1.890,103.000,228.000,202.000,485.000,8.670,3.160,-1.220,0.890,0.500,1.740,2.961
427,90,7024.000,25.436,-5.026,0.002,0.010,0.697,0.246,274,0,1.628,-0.552,873.000,198.000,902.000,264.000,25.430,-5.000,-1.140,0.730,0.650,1.720,-0.516
428,246,7024.000,14.464,-6.372,-0.377,-0.114,0.810,0.197,274,0,4.261,-0.330,1129.000,193.000,1207.000,343.000,14.330,-6.360,-1.240,1.860,0.530,1.810,-3.029
429,290,7024.000,8.846,3.099,0.090,-0.027,0.916,0.969,274,0,3.780,1.890,103.000,227.000,203.000,484.000,8.900,3.080,-1.220,0.910,0.550,1.760,-0.244
430,90,7025.000,25.438,-5.066,0.002,-0.004,0.620,NaN,275,0,1.205,-1.311,873.000,198.000,902.000,264.000,NaN,NaN,NaN,NaN,NaN,NaN,NaN
431,246,7025.000,14.125,-6.395,-0.364,-0.085,0.809,NaN,275,0,3.974,-1.327,1150.000,190.000,1232.000,347.000,NaN,NaN,NaN,NaN,NaN,NaN,NaN
432,290,7025.000,8.934,3.081,0.089,-0.024,0.897,NaN,275,0,3.493,-1.327,110.000,226.000,205.000,480.000,NaN,NaN,NaN,NaN,NaN,NaN,NaN
433,90,7026.000,25.448,-5.053,0.005,-0.000,0.688,0.281,276,0,1.488,-0.460,874.000,198.000,902.000,264.000,25.470,-5.010,-1.060,0.810,0.660,1.860,-0.325
434,246,7026.000,13.837,-6.442,-0.341,-0.075,0.703,0.998,276,0,2.546,2.172,1172.000,191.000,1250.000,347.000,13.890,-6.380,-1.230,1.860,0.550,1.950,-3.000
435,290,7026.000,9.039,3.063,0.096,-0.023,0.884,1.000,276,0,3.780,1.890,124.000,222.000,217.000,472.000,9.050,3.060,-1.230,0.750,0.710,1.600,0.227
436,90,7027.000,25.426,-5.042,0.000,0.002,0.282,0.628,277,0,-0.921,0.497,874.000,198.000,903.000,268.000,25.410,-5.040,-1.150,0.710,0.620,1.640,-0.317
437,246,7027.000,13.461,-6.519,-0.354,-0.074,0.468,0.780,277,0,0.490,1.858,1182.000,192.000,1257.000,351.000,13.420,-6.520,-1.100,1.820,0.450,1.770,-2.958
438,290,7027.000,9.170,3.026,0.110,-0.031,0.890,1.000,277,0,3.780,1.890,135.000,219.000,226.000,467.000,9.200,3.010,-1.200,0.750,0.660,1.630,0.221
439,90,7028.000,25.420,-5.071,-0.001,-0.007,0.594,NaN,278,0,0.941,-1.312,872.000,198.000,903.000,265.000,NaN,NaN,NaN,NaN,NaN,NaN,NaN
440,246,7028.000,13.171,-6.499,-0.332,-0.046,0.701,NaN,278,0,2.411,-1.325,1206.000,192.000,1279.000,355.000,NaN,NaN,NaN,NaN,NaN,NaN,NaN
441,290,7028.000,9.283,2.986,0.111,-0.034,0.846,NaN,278,0,3.462,-1.327,146.000,215.000,245.000,465.000,NaN,NaN,NaN,NaN,NaN,NaN,NaN
442,90,7029.000,25.461,-5.062,0.010,-0.003,0.537,0.268,279,0,0.265,-0.571,873.000,198.000,904.000,268.000,25.520,-5.030,-1.070,0.680,0.850,1.540,-0.268
443,246,7029.000,12.880,-6.578,-0.322,-0.053,0.212,0.965,279,0,-0.620,2.136,1216.000,194.000,1279.000,423.000,12.900,-6.610,-1.190,1.790,0.570,1.790,-2.984
444,290,7029.000,9.330,2.953,0.092,-0.031,0.879,1.000,279,0,3.780,1.890,150.000,218.000,264.000,465.000,9.310,2.960,-1.190,0.750,0.680,1.620,-0.034
445,90,7030.000,25.413,-5.047,-0.001,0.002,NaN,0.327,280,0,-2.989,-0.383,862.000,189.000,908.000,288.000,25.340,-5.010,-1.120,0.930,0.530,1.800,2.621
446,246,7030.000,12.478,-6.657,-0.341,-0.066,0.041,0.997,280,0,-2.036,2.087,1224.000,194.000,1279.000,431.000,12.420,-6.680,-1.210,1.840,0.580,1.960,-2.967
447,290,7030.000,9.416,2.940,0.090,-0.023,0.894,0.998,280,0,3.780,1.890,154.000,218.000,269.000,464.000,9.410,2.950,-1.230,0.870,0.640,1.710,-0.394
448,90,7031.000,25.402,-5.091,-0.004,-0.010,0.046,NaN,281,0,-2.522,-1.313,874.000,198.000,903.000,253.000,NaN,NaN,NaN,NaN,NaN,NaN,NaN
449,246,7031.000,12.137,-6.722,-0.341,-0.065,NaN,NaN,281,0,-2.654,-1.327,NaN,NaN,NaN,NaN,NaN,NaN,NaN,NaN,NaN,NaN,NaN
450,290,7031.000,9.507,2.911,0.090,-0.025,0.896,NaN,281,0,3.493,-1.327,160.000,222.000,273.000,463.000,NaN,NaN,NaN,NaN,NaN,NaN,NaN
451,90,7032.000,25.437,-5.085,0.004,-0.004,0.158,0.878,282,0,-1.630,2.451,874.000,198.000,904.000,265.000,25.470,-5.020,-1.170,0.800,0.620,1.570,-0.138
452,246,7032.000,11.830,-6.776,-0.331,-0.064,NaN,0.999,282,0,0.000,2.087,1280.000,182.000,1508.000,415.000,11.850,-6.780,-1.170,1.800,0.550,1.880,-2.949
453,290,7032.000,9.534,2.910,0.070,-0.020,0.890,0.998,282,0,3.920,1.960,172.000,222.000,280.000,462.000,9.500,2.930,-1.230,0.840,0.580,1.780,-0.413
454,90,7033.000,25.439,-5.113,0.003,-0.009,0.616,NaN,283,0,1.205,-1.314,873.000,199.000,905.000,265.000,NaN,NaN,NaN,NaN,NaN,NaN,NaN
455,246,7033.000,11.501,-6.839,-0.330,-0.063,NaN,NaN,283,0,-2.654,-1.327,NaN,NaN,NaN,NaN,NaN,NaN,NaN,NaN,NaN,NaN,NaN
456,290,7033.000,9.608,2.876,0.070,-0.025,0.879,NaN,283,0,3.609,-1.327,174.000,221.000,286.000,458.000,NaN,NaN,NaN,NaN,NaN,NaN,NaN
457,90,7034.000,25.428,-5.081,-0.000,0.003,0.724,0.998,284,0,1.934,3.500,873.000,198.000,905.000,265.000,25.410,-5.000,-1.200,0.790,0.600,1.630,-0.243
458,246,7034.000,11.300,-6.880,-0.297,-0.061,NaN,0.978,284,0,0.000,2.026,1310.000,193.000,1564.000,427.000,11.360,-6.860,-1.220,1.860,0.570,1.800,-2.927
459,290,7034.000,9.648,2.869,0.063,-0.019,0.883,0.999,284,0,3.920,1.960,186.000,218.000,289.000,451.000,9.630,2.880,-1.250,0.880,0.640,1.750,-0.421
460,90,7035.000,25.448,-5.059,0.003,0.007,0.727,0.946,285,0,2.069,3.500,873.000,198.000,905.000,266.000,25.450,-5.030,-1.200,0.820,0.570,1.700,-0.231
461,246,7035.000,10.916,-6.951,-0.322,-0.059,NaN,1.000,285,0,0.000,2.026,1355.000,188.000,1620.000,445.000,10.860,-6.960,-1.230,1.830,0.520,1.890,-2.938
462,290,7035.000,9.745,2.844,0.072,-0.021,0.901,0.999,285,0,3.920,1.960,208.000,215.000,294.000,446.000,9.780,2.830,-1.230,0.760,0.610,1.610,-0.066
463,90,7036.000,25.449,-5.096,0.002,-0.004,0.733,NaN,286,0,2.590,-1.314,873.000,198.000,905.000,266.000,NaN,NaN,NaN,NaN,NaN,NaN,NaN
464,246,7036.000,10.593,-7.009,-0.323,-0.058,NaN,NaN,286,0,-2.654,-1.327,NaN,NaN,NaN,NaN,NaN,NaN,NaN,NaN,NaN,NaN,NaN
465,290,7036.000,9.823,2.788,0.074,-0.031,0.900,NaN,286,0,3.609,-1.327,210.000,214.000,297.000,445.000,NaN,NaN,NaN,NaN,NaN,NaN,NaN
466,90,7037.000,25.450,-5.100,0.001,-0.004,NaN,NaN,287,0,-2.632,-1.316,NaN,NaN,NaN,NaN,NaN,NaN,NaN,NaN,NaN,NaN,NaN
467,246,7037.000,10.363,-7.075,-0.299,-0.062,NaN,1.000,287,0,0.000,1.960,1392.000,186.000,1698.000,452.000,10.390,-7.080,-1.200,1.930,0.600,1.850,-2.952
468,290,7037.000,9.896,2.758,0.073,-0.031,0.905,0.968,287,0,3.920,1.960,218.000,215.000,305.000,445.000,9.900,2.760,-1.240,0.790,0.600,1.870,-0.308
469,90,7038.000,25.438,-5.075,0.000,0.001,0.770,0.673,288,0,2.423,0.637,873.000,198.000,905.000,266.000,25.430,-5.060,-1.190,0.750,0.520,1.640,-0.062
470,246,7038.000,9.970,-7.160,-0.326,-0.068,NaN,0.998,288,0,0.000,1.960,1442.000,181.000,1770.000,476.000,9.890,-7.180,-1.220,1.900,0.590,1.950,-2.966
471,290,7038.000,10.020,2.709,0.087,-0.036,0.916,1.000,288,0,3.920,1.960,222.000,217.000,315.000,444.000,10.070,2.690,-1.270,0.800,0.610,1.710,-0.259
472,90,7039.000,25.431,-5.108,-0.003,-0.007,0.784,NaN,289,0,3.460,-1.314,873.000,198.000,905.000,265.000,NaN,NaN,NaN,NaN,NaN,NaN,NaN
473,246,7039.000,9.644,-7.228,-0.326,-0.069,NaN,NaN,289,0,-2.654,-1.327,NaN,NaN,NaN,NaN,NaN,NaN,NaN,NaN,NaN,NaN,NaN
474,290,7039.000,10.106,2.668,0.086,-0.037,0.918,NaN,289,0,3.609,-1.327,222.000,218.000,317.000,443.000,NaN,NaN,NaN,NaN,NaN,NaN,NaN
475,90,7040.000,25.422,-5.079,-0.002,0.001,0.721,0.055,290,0,1.934,-1.301,873.000,198.000,905.000,266.000,25.410,-5.010,-1.300,0.780,0.590,1.760,-0.179
476,246,7040.000,9.414,-7.262,-0.303,-0.052,NaN,1.000,290,0,0.000,1.890,1486.000,176.000,1840.000,490.000,9.460,-7.260,-1.210,1.830,0.650,1.980,-2.969
477,290,7040.000,10.193,2.629,0.087,-0.037,0.912,1.000,290,0,3.920,1.960,227.000,218.000,324.000,441.000,10.200,2.630,-1.230,0.880,0.570,1.760,-0.361
478,90,7041.000,25.470,-5.073,0.006,0.003,0.006,0.004,291,0,-3.084,-1.549,873.000,198.000,907.000,304.000,25.510,-5.060,-1.180,0.760,0.590,1.740,-0.421
479,246,7041.000,9.034,-7.345,-0.326,-0.058,NaN,0.969,291,0,0.000,1.890,1547.000,188.000,1926.000,487.000,8.970,-7.350,-1.180,1.900,0.530,1.770,-2.982
480,290,7041.000,10.291,2.619,0.090,-0.030,0.899,1.000,291,0,3.920,1.960,240.000,214.000,337.000,437.000,10.300,2.650,-1.240,0.950,0.530,1.790,-0.313
481,90,7042.000,25.472,-5.102,0.006,-0.006,0.288,NaN,292,0,-0.838,-1.314,873.000,198.000,905.000,267.000,NaN,NaN,NaN,NaN,NaN,NaN,NaN
482,246,7042.000,8.707,-7.403,-0.327,-0.059,NaN,NaN,292,0,-2.654,-1.327,NaN,NaN,NaN,NaN,NaN,NaN,NaN,NaN,NaN,NaN,NaN
483,290,7042.000,10.383,2.585,0.091,-0.032,0.886,NaN,292,0,3.609,-1.327,243.000,212.000,341.000,433.000,NaN,NaN,NaN,NaN,NaN,NaN,NaN
484,90,7043.000,25.472,-5.077,0.004,0.002,0.485,0.646,293,0,0.132,0.558,873.000,198.000,905.000,266.000,25.460,-5.020,-1.240,0.700,0.710,1.500,0.014
485,246,7043.000,8.541,-7.320,-0.281,-0.026,NaN,0.296,293,0,0.000,-0.249,1645.000,197.000,1860.000,481.000,8.630,-7.270,-1.210,0.780,0.630,1.720,1.063
486,290,7043.000,10.463,2.551,0.088,-0.033,0.889,0.999,293,0,3.920,1.960,264.000,210.000,349.000,431.000,10.460,2.550,-1.230,0.710,0.710,1.570,-0.297
487,90,7044.000,25.462,-5.047,0.004,0.011,0.698,0.758,294,0,1.628,1.172,873.000,199.000,904.000,266.000,25.440,-5.010,-1.190,0.770,0.650,1.600,-0.004
488,246,7044.000,8.259,-7.346,-0.281,-0.026,NaN,NaN,294,0,-2.654,-1.327,NaN,NaN,NaN,NaN,NaN,NaN,NaN,NaN,NaN,NaN,NaN
489,290,7044.000,10.569,2.506,0.094,-0.036,0.873,0.995,294,0,4.052,2.026,266.000,210.000,351.000,430.000,10.590,2.500,-1.240,0.770,0.790,1.620,-0.232
490,90,7045.000,25.458,-5.076,0.001,-0.001,0.740,NaN,295,0,2.746,-1.313,873.000,199.000,903.000,266.000,NaN,NaN,NaN,NaN,NaN,NaN,NaN
491,246,7045.000,7.978,-7.372,-0.282,-0.026,NaN,NaN,295,0,-2.654,-1.327,NaN,NaN,NaN,NaN,NaN,NaN,NaN,NaN,NaN,NaN,NaN
492,290,7045.000,10.662,2.474,0.093,-0.034,0.894,NaN,295,0,3.726,-1.327,266.000,211.000,354.000,430.000,NaN,NaN,NaN,NaN,NaN,NaN,NaN
493,90,7046.000,25.478,-5.051,0.004,0.006,0.759,0.574,296,0,2.048,0.221,871.000,199.000,902.000,268.000,25.500,-4.980,-1.180,0.790,0.620,1.590,-0.130
494,246,7046.000,7.698,-7.399,-0.280,-0.027,NaN,NaN,296,0,-2.654,-1.327,NaN,NaN,NaN,NaN,NaN,NaN,NaN,NaN,NaN,NaN,NaN
495,290,7046.000,10.733,2.458,0.086,-0.026,0.907,0.999,296,0,4.052,2.026,273.000,214.000,361.000,428.000,10.730,2.480,-1.250,0.870,0.580,1.710,-0.301
496,90,7047.000,25.497,-5.029,0.007,0.012,0.506,0.570,297,0,0.055,0.221,870.000,198.000,902.000,269.000,25.520,-4.990,-1.100,0.780,0.670,1.600,-0.168
497,246,7047.000,7.417,-7.425,-0.280,-0.026,NaN,NaN,297,0,-2.654,-1.327,NaN,NaN,NaN,NaN,NaN,NaN,NaN,NaN,NaN,NaN,NaN
498,290,7047.000,10.836,2.443,0.094,-0.023,0.913,0.997,297,0,4.052,2.026,282.000,216.000,367.000,426.000,10.850,2.450,-1.280,0.810,0.570,1.640,-0.193
499,90,7048.000,25.491,-5.050,0.005,0.004,0.453,NaN,298,0,-0.081,-1.311,869.000,198.000,902.000,270.000,NaN,NaN,NaN,NaN,NaN,NaN,NaN
500,246,7048.000,7.137,-7.451,-0.280,-0.026,NaN,NaN,298,0,-2.654,-1.327,NaN,NaN,NaN,NaN,NaN,NaN,NaN,NaN,NaN,NaN,NaN
501,290,7048.000,10.929,2.413,0.093,-0.025,0.892,NaN,298,0,3.726,-1.327,287.000,216.000,370.000,425.000,NaN,NaN,NaN,NaN,NaN,NaN,NaN
502,90,7049.000,25.522,-4.995,0.009,0.017,0.500,0.987,299,0,-0.010,4.938,867.000,198.000,899.000,279.000,25.570,-4.920,-1.190,0.870,0.630,1.650,-0.225
503,246,7049.000,6.855,-7.476,-0.282,-0.025,NaN,NaN,299,0,-2.654,-1.327,NaN,NaN,NaN,NaN,NaN,NaN,NaN,NaN,NaN,NaN,NaN
504,290,7049.000,10.960,2.393,0.077,-0.022,0.892,1.000,299,0,4.052,2.026,296.000,214.000,379.000,421.000,10.940,2.400,-1.240,0.840,0.590,1.740,-0.241
505,90,7050.000,25.496,-4.954,0.002,0.023,0.495,0.042,300,0,0.132,-1.373,865.000,199.000,898.000,280.000,25.480,-4.930,-1.080,0.770,0.560,1.820,-0.301
506,246,7050.000,6.572,-7.503,-0.283,-0.026,NaN,NaN,300,0,-2.654,-1.327,NaN,NaN,NaN,NaN,NaN,NaN,NaN,NaN,NaN,NaN,NaN
507,290,7050.000,11.064,2.345,0.084,-0.029,0.916,0.998,300,0,4.052,2.026,301.000,210.000,383.000,415.000,11.100,2.320,-1.230,0.880,0.620,1.670,-0.231
508,90,7051.000,25.490,-4.942,0.001,0.020,0.321,NaN,301,0,-0.766,-1.309,862.000,199.000,896.000,266.000,NaN,NaN,NaN,NaN,NaN,NaN,NaN
509,246,7051.000,6.289,-7.529,-0.283,-0.026,NaN,NaN,301,0,-2.654,-1.327,NaN,NaN,NaN,NaN,NaN,NaN,NaN,NaN,NaN,NaN,NaN
510,290,7051.000,11.149,2.307,0.085,-0.034,0.916,NaN,301,0,3.726,-1.327,305.000,210.000,391.000,415.000,NaN,NaN,NaN,NaN,NaN,NaN,NaN
511,90,7052.000,25.505,-4.898,0.004,0.028,0.244,0.022,302,0,-1.323,-1.518,862.000,198.000,895.000,280.000,25.540,-4.850,-0.950,0.760,0.520,1.710,-0.134
512,246,7052.000,6.006,-7.554,-0.282,-0.025,NaN,NaN,302,0,-2.654,-1.327,NaN,NaN,NaN,NaN,NaN,NaN,NaN,NaN,NaN,NaN,NaN
513,290,7052.000,11.239,2.279,0.085,-0.030,0.902,0.999,302,0,4.052,2.026,312.000,210.000,392.000,415.000,11.250,2.290,-1.250,0.800,0.650,1.620,-0.199
514,90,7053.000,25.556,-4.859,0.015,0.031,0.140,0.079,303,0,-1.895,-1.145,862.000,199.000,893.000,267.000,25.620,-4.830,-1.060,0.830,0.720,1.670,-0.363
515,246,7053.000,5.724,-7.579,-0.282,-0.025,NaN,NaN,303,0,-2.654,-1.327,NaN,NaN,NaN,NaN,NaN,NaN,NaN,NaN,NaN,NaN,NaN
516,290,7053.000,11.329,2.237,0.087,-0.034,0.912,1.000,303,0,4.052,2.026,321.000,212.000,401.000,414.000,11.340,2.230,-1.250,0.850,0.570,1.700,-0.233
517,90,7054.000,25.560,-4.895,0.010,0.015,0.026,NaN,304,0,-2.249,-1.308,861.000,199.000,896.000,297.000,NaN,NaN,NaN,NaN,NaN,NaN,NaN
518,246,7054.000,5.442,-7.604,-0.282,-0.025,NaN,NaN,304,0,-2.654,-1.327,NaN,NaN,NaN,NaN,NaN,NaN,NaN,NaN,NaN,NaN,NaN
519,290,7054.000,11.417,2.203,0.088,-0.034,0.908,NaN,304,0,3.848,-1.327,322.000,214.000,405.000,414.000,NaN,NaN,NaN,NaN,NaN,NaN,NaN
520,90,7055.000,25.601,-4.879,0.016,0.016,0.350,0.008,305,0,-0.836,-1.534,861.000,199.000,891.000,265.000,25.620,-4.850,-0.640,0.650,0.640,1.780,-0.287
521,246,7055.000,5.161,-7.628,-0.281,-0.024,NaN,NaN,305,0,-2.654,-1.327,NaN,NaN,NaN,NaN,NaN,NaN,NaN,NaN,NaN,NaN,NaN
522,290,7055.000,11.480,2.167,0.083,-0.035,0.910,1.000,305,0,4.052,2.026,330.000,216.000,412.000,412.000,11.460,2.170,-1.270,0.830,0.540,1.690,-0.250
523,90,7056.000,25.683,-4.778,0.028,0.034,0.501,0.002,306,0,-0.010,-1.541,861.000,199.000,890.000,265.000,25.760,-4.620,-0.450,0.920,0.660,1.860,-2.064
524,246,7056.000,4.880,-7.651,-0.280,-0.024,NaN,NaN,306,0,-2.654,-1.327,NaN,NaN,NaN,NaN,NaN,NaN,NaN,NaN,NaN,NaN,NaN
525,290,7056.000,11.575,2.138,0.085,-0.033,0.901,1.000,306,0,4.173,2.087,333.000,214.000,420.000,409.000,11.590,2.150,-1.250,0.880,0.510,1.750,-0.290
526,90,7057.000,25.702,-4.841,0.026,0.009,0.406,NaN,307,0,-0.328,-1.308,860.000,199.000,889.000,267.000,NaN,NaN,NaN,NaN,NaN,NaN,NaN
527,246,7057.000,4.599,-7.676,-0.281,-0.025,NaN,NaN,307,0,-2.654,-1.327,NaN,NaN,NaN,NaN,NaN,NaN,NaN,NaN,NaN,NaN,NaN
528,290,7057.000,11.659,2.101,0.084,-0.034,0.914,NaN,307,0,3.848,-1.327,339.000,214.000,424.000,407.000,NaN,NaN,NaN,NaN,NaN,NaN,NaN
529,90,7058.000,25.644,-4.812,0.007,0.014,0.662,0.036,308,0,0.944,-1.432,861.000,199.000,889.000,264.000,25.570,-4.780,-0.800,0.990,0.470,1.790,2.335
530,246,7058.000,4.319,-7.701,-0.281,-0.026,NaN,NaN,308,0,-2.654,-1.327,NaN,NaN,NaN,NaN,NaN,NaN,NaN,NaN,NaN,NaN,NaN
531,290,7058.000,11.737,2.062,0.082,-0.035,0.918,0.999,308,0,4.173,2.087,348.000,211.000,432.000,404.000,11.740,2.070,-1.230,0.880,0.650,1.700,-0.259
532,90,7059.000,25.656,-4.792,0.010,0.016,0.387,0.046,309,0,-0.696,-1.358,861.000,199.000,889.000,264.000,25.650,-4.770,-0.760,0.660,0.460,1.720,1.809
533,246,7059.000,4.038,-7.728,-0.281,-0.026,NaN,NaN,309,0,-2.654,-1.327,NaN,NaN,NaN,NaN,NaN,NaN,NaN,NaN,NaN,NaN,NaN
534,290,7059.000,11.845,2.025,0.089,-0.036,0.915,0.997,309,0,4.173,2.087,353.000,210.000,436.000,403.000,11.870,2.040,-1.240,0.770,0.730,1.600,-0.176
535,90,7060.000,25.651,-4.857,0.007,-0.006,0.117,NaN,310,0,-1.692,-1.309,862.000,199.000,888.000,275.000,NaN,NaN,NaN,NaN,NaN,NaN,NaN
536,246,7060.000,3.758,-7.755,-0.280,-0.027,NaN,NaN,310,0,-2.654,-1.327,NaN,NaN,NaN,NaN,NaN,NaN,NaN,NaN,NaN,NaN,NaN
537,290,7060.000,11.935,1.985,0.088,-0.036,0.875,NaN,310,0,3.848,-1.327,360.000,211.000,441.000,403.000,NaN,NaN,NaN,NaN,NaN,NaN,NaN
538,90,7061.000,25.599,-4.837,-0.001,-0.000,0.044,0.007,311,0,-2.862,-1.535,862.000,199.000,888.000,269.000,25.550,-4.770,-0.880,0.540,0.570,1.760,2.433
539,246,7061.000,3.479,-7.781,-0.279,-0.026,NaN,NaN,311,0,-2.654,-1.327,NaN,NaN,NaN,NaN,NaN,NaN,NaN,NaN,NaN,NaN,NaN
540,290,7061.000,12.013,1.983,0.087,-0.027,0.888,0.997,311,0,4.173,2.087,359.000,214.000,446.000,404.000,12.020,2.010,-1.300,0.760,0.700,1.800,-0.514
541,90,7062.000,25.602,-4.831,-0.001,0.002,0.206,0.002,312,0,-1.498,-1.542,862.000,198.000,888.000,276.000,25.610,-4.810,-0.570,0.700,0.710,1.920,-0.043
542,246,7062.000,3.200,-7.807,-0.279,-0.026,NaN,NaN,312,0,-2.654,-1.327,NaN,NaN,NaN,NaN,NaN,NaN,NaN,NaN,NaN,NaN,NaN
543,290,7062.000,12.140,1.967,0.098,-0.020,0.871,0.999,312,0,4.173,2.087,364.000,216.000,448.000,401.000,12.170,1.970,-1.260,0.780,0.610,1.600,-0.346
544,90,7063.000,25.592,-4.876,-0.003,-0.011,0.315,NaN,313,0,-0.790,-1.309,862.000,199.000,888.000,274.000,NaN,NaN,NaN,NaN,NaN,NaN,NaN
545,246,7063.000,2.923,-7.833,-0.277,-0.026,NaN,NaN,313,0,-2.654,-1.327,NaN,NaN,NaN,NaN,NaN,NaN,NaN,NaN,NaN,NaN,NaN
546,290,7063.000,12.239,1.950,0.099,-0.020,0.891,NaN,313,0,3.848,-1.327,367.000,217.000,449.000,401.000,NaN,NaN,NaN,NaN,NaN,NaN,NaN
547,90,7064.000,25.661,-4.898,0.013,-0.012,0.145,0.002,314,0,-1.895,-1.541,863.000,198.000,888.000,272.000,25.730,-4.890,-0.450,0.820,0.610,1.810,-0.111
548,246,7064.000,2.645,-7.858,-0.277,-0.025,NaN,NaN,314,0,-2.654,-1.327,NaN,NaN,NaN,NaN,NaN,NaN,NaN,NaN,NaN,NaN,NaN
549,290,7064.000,12.329,1.936,0.094,-0.019,0.888,0.997,314,0,4.173,2.087,372.000,215.000,453.000,398.000,12.310,1.940,-1.280,0.810,0.690,1.680,-0.360
550,90,7065.000,25.672,-4.914,0.013,-0.013,0.255,NaN,315,0,-0.973,-1.308,862.000,198.000,888.000,278.000,NaN,NaN,NaN,NaN,NaN,NaN,NaN
551,246,7065.000,2.368,-7.883,-0.277,-0.025,NaN,NaN,315,0,-2.654,-1.327,NaN,NaN,NaN,NaN,NaN,NaN,NaN,NaN,NaN,NaN,NaN
552,290,7065.000,12.423,1.907,0.094,-0.023,0.908,NaN,315,0,3.848,-1.327,379.000,213.000,460.000,394.000,NaN,NaN,NaN,NaN,NaN,NaN,NaN
553,90,7066.000,25.683,-4.892,0.012,-0.003,0.290,0.055,316,0,-1.042,-1.356,862.000,198.000,888.000,275.000,25.690,-4.800,-1.100,0.670,0.600,1.740,-0.513
554,246,7066.000,2.092,-7.908,-0.277,-0.025,NaN,NaN,316,0,-2.654,-1.327,NaN,NaN,NaN,NaN,NaN,NaN,NaN,NaN,NaN,NaN,NaN
555,290,7066.000,12.495,1.885,0.087,-0.022,0.883,0.997,316,0,4.173,2.087,383.000,212.000,461.000,393.000,12.470,1.900,-1.270,0.760,0.620,1.610,-0.135
556,90,7067.000,25.681,-4.887,0.010,-0.000,0.098,0.007,317,0,-2.130,-1.534,863.000,199.000,888.000,275.000,25.660,-4.860,-0.610,0.770,0.480,1.710,-0.636
557,246,7067.000,1.816,-7.933,-0.276,-0.026,NaN,NaN,317,0,-2.654,-1.327,NaN,NaN,NaN,NaN,NaN,NaN,NaN,NaN,NaN,NaN,NaN
558,290,7067.000,12.600,1.857,0.090,-0.023,0.898,1.000,317,0,4.272,2.136,389.000,211.000,465.000,393.000,12.620,1.860,-1.280,0.870,0.780,1.650,-0.112
559,90,7068.000,25.697,-4.902,0.010,-0.004,0.210,NaN,318,0,-1.212,-1.308,862.000,199.000,888.000,269.000,NaN,NaN,NaN,NaN,NaN,NaN,NaN
560,246,7068.000,1.540,-7.958,-0.276,-0.025,NaN,NaN,318,0,-2.654,-1.327,NaN,NaN,NaN,NaN,NaN,NaN,NaN,NaN,NaN,NaN,NaN
561,290,7068.000,12.692,1.822,0.090,-0.027,0.914,NaN,318,0,3.988,-1.327,396.000,213.000,469.000,392.000,NaN,NaN,NaN,NaN,NaN,NaN,NaN
562,90,7069.000,25.674,-4.850,0.004,0.011,0.062,0.095,319,0,-2.551,-1.065,862.000,199.000,888.000,265.000,25.670,-4.720,-0.610,0.750,0.600,1.800,-1.261
563,246,7069.000,1.264,-7.984,-0.276,-0.026,NaN,NaN,319,0,-2.654,-1.327,NaN,NaN,NaN,NaN,NaN,NaN,NaN,NaN,NaN,NaN,NaN
564,290,7069.000,12.746,1.796,0.080,-0.027,0.910,0.997,319,0,4.272,2.136,398.000,214.000,473.000,391.000,12.730,1.800,-1.270,0.780,0.550,1.730,-0.410
565,90,7070.000,25.648,-4.831,-0.004,0.012,0.092,0.002,320,0,-2.200,-1.542,862.000,199.000,888.000,265.000,25.620,-4.810,-0.940,0.870,0.430,2.050,-0.471
566,246,7070.000,0.988,-8.010,-0.275,-0.026,NaN,NaN,320,0,-2.654,-1.327,NaN,NaN,NaN,NaN,NaN,NaN,NaN,NaN,NaN,NaN,NaN
567,290,7070.000,12.853,1.764,0.087,-0.026,0.904,0.999,320,0,4.272,2.136,404.000,216.000,480.000,389.000,12.870,1.760,-1.260,0.890,0.580,1.780,-0.256
568,90,7071.000,25.640,-4.874,-0.007,-0.004,0.139,NaN,321,0,-1.589,-1.309,863.000,199.000,888.000,265.000,NaN,NaN,NaN,NaN,NaN,NaN,NaN
569,246,7071.000,0.712,-8.037,-0.276,-0.027,NaN,NaN,321,0,-2.654,-1.327,NaN,NaN,NaN,NaN,NaN,NaN,NaN,NaN,NaN,NaN,NaN
570,290,7071.000,12.943,1.726,0.087,-0.030,0.901,NaN,321,0,3.988,-1.327,409.000,215.000,485.000,383.000,NaN,NaN,NaN,NaN,NaN,NaN,NaN
571,90,7072.000,25.690,-4.858,0.005,0.002,0.262,0.005,322,0,-1.197,-1.535,863.000,199.000,888.000,265.000,25.740,-4.760,-0.640,0.800,0.580,1.810,0.413
572,246,7072.000,0.438,-8.065,-0.275,-0.028,NaN,NaN,322,0,-2.654,-1.327,NaN,NaN,NaN,NaN,NaN,NaN,NaN,NaN,NaN,NaN,NaN
573,290,7072.000,13.019,1.691,0.083,-0.030,0.896,0.998,322,0,4.272,2.136,409.000,214.000,490.000,386.000,13.010,1.700,-1.290,0.880,0.700,1.660,-0.152
574,90,7073.000,25.677,-4.853,-0.000,0.005,0.028,0.050,323,0,-2.971,-1.356,861.000,199.000,888.000,335.000,25.650,-4.830,-0.680,1.950,0.540,2.050,-1.079
575,246,7073.000,0.162,-8.091,-0.276,-0.027,NaN,NaN,323,0,-2.654,-1.327,NaN,NaN,NaN,NaN,NaN,NaN,NaN,NaN,NaN,NaN,NaN
576,290,7073.000,13.103,1.664,0.082,-0.026,0.891,1.000,323,0,4.272,2.136,421.000,210.000,496.000,383.000,13.110,1.670,-1.290,0.990,0.630,1.800,-0.206
577,90,7074.000,25.679,-4.877,0.002,-0.004,0.326,NaN,324,0,-0.730,-1.308,862.000,199.000,888.000,265.000,NaN,NaN,NaN,NaN,NaN,NaN,NaN
578,246,7074.000,-0.115,-8.118,-0.277,-0.027,NaN,NaN,324,0,-2.654,-1.327,NaN,NaN,NaN,NaN,NaN,NaN,NaN,NaN,NaN,NaN,NaN
579,290,7074.000,13.187,1.623,0.083,-0.030,0.896,NaN,324,0,3.988,-1.327,422.000,209.000,502.000,383.000,NaN,NaN,NaN,NaN,NaN,NaN,NaN
580,90,7075.000,25.725,-4.853,0.008,0.005,0.270,0.024,325,0,-1.136,-1.518,862.000,199.000,888.000,265.000,25.790,-4.750,-0.530,0.770,0.520,1.780,-0.043
581,246,7075.000,-0.393,-8.145,-0.279,-0.027,NaN,NaN,325,0,-2.654,-1.327,NaN,NaN,NaN,NaN,NaN,NaN,NaN,NaN,NaN,NaN,NaN
582,290,7075.000,13.292,1.600,0.086,-0.026,0.901,1.000,325,0,4.272,2.136,423.000,209.000,504.000,383.000,13.300,1.600,-1.260,0.780,0.730,1.730,-0.363
583,90,7076.000,25.720,-4.812,0.007,0.016,0.308,0.003,326,0,-1.004,-1.544,862.000,199.000,887.000,266.000,25.710,-4.740,-0.690,0.780,0.590,1.710,0.122
584,246,7076.000,-0.673,-8.173,-0.280,-0.028,NaN,NaN,326,0,-2.654,-1.327,NaN,NaN,NaN,NaN,NaN,NaN,NaN,NaN,NaN,NaN,NaN
585,290,7076.000,13.400,1.565,0.091,-0.029,0.903,0.981,326,0,4.272,2.136,430.000,211.000,511.000,382.000,13.410,1.550,-1.290,0.770,0.630,1.710,-0.025
586,489,7076.000,11.520,9.560,0.000,0.000,NaN,0.176,326,0,0.000,-0.403,-670.000,183.000,-362.000,421.000,11.520,9.560,-1.260,1.760,0.620,1.840,-0.814
587,90,7077.000,25.719,-4.859,0.003,-0.001,0.189,NaN,327,0,-1.308,-1.310,862.000,200.000,887.000,265.000,NaN,NaN,NaN,NaN,NaN,NaN,NaN
588,246,7077.000,-0.953,-8.201,-0.280,-0.028,NaN,NaN,327,0,-2.654,-1.327,NaN,NaN,NaN,NaN,NaN,NaN,NaN,NaN,NaN,NaN,NaN
589,290,7077.000,13.491,1.525,0.091,-0.032,0.872,NaN,327,0,3.988,-1.327,435.000,214.000,512.000,383.000,NaN,NaN,NaN,NaN,NaN,NaN,NaN
590,489,7077.000,11.520,9.553,-0.005,-0.009,NaN,NaN,327,0,-2.654,-1.327,NaN,NaN,NaN,NaN,NaN,NaN,NaN,NaN,NaN,NaN,NaN
591,90,7078.000,25.683,-4.814,-0.002,0.012,0.322,0.034,328,0,-0.977,-1.486,861.000,200.000,888.000,268.000,25.660,-4.690,-0.690,0.770,0.480,1.740,1.863
592,246,7078.000,-1.232,-8.229,-0.279,-0.028,NaN,NaN,328,0,-2.654,-1.327,NaN,NaN,NaN,NaN,NaN,NaN,NaN,NaN,NaN,NaN,NaN
593,290,7078.000,13.604,1.491,0.098,-0.033,0.892,1.000,328,0,4.343,2.172,437.000,214.000,512.000,382.000,13.620,1.500,-1.280,0.820,0.600,1.730,-0.405
594,489,7078.000,11.716,9.362,0.075,-0.079,NaN,1.000,328,0,0.000,2.087,-633.000,173.000,-305.000,404.000,11.760,9.330,-1.160,1.910,0.650,1.800,-0.644
595,90,7079.000,25.678,-4.805,-0.003,0.012,0.287,0.002,329,0,-1.044,-1.543,861.000,200.000,887.000,270.000,25.670,-4.810,-0.490,0.730,0.650,1.890,-0.782
596,290,7079.000,13.715,1.462,0.103,-0.030,0.876,0.996,329,0,4.343,2.172,444.000,212.000,518.000,380.000,13.730,1.470,-1.270,0.890,0.770,1.680,-0.510
597,489,7079.000,12.158,8.957,0.220,-0.176,NaN,1.000,329,0,0.000,2.087,-511.000,180.000,-236.000,390.000,12.270,8.920,-1.170,1.740,0.630,1.730,-0.745
598,90,7080.000,25.660,-4.846,-0.005,-0.004,0.183,NaN,330,0,-1.364,-1.309,861.000,200.000,887.000,269.000,NaN,NaN,NaN,NaN,NaN,NaN,NaN
599,290,7080.000,13.821,1.421,0.104,-0.033,0.895,NaN,330,0,3.988,-1.327,449.000,210.000,525.000,375.000,NaN,NaN,NaN,NaN,NaN,NaN,NaN
600,489,7080.000,12.378,8.783,0.219,-0.175,NaN,NaN,330,0,-2.654,-1.327,NaN,NaN,NaN,NaN,NaN,NaN,NaN,NaN,NaN,NaN,NaN
601,90,7081.000,25.702,-4.807,0.006,0.007,0.284,0.003,331,0,-1.083,-1.543,860.000,200.000,887.000,268.000,25.760,-4.700,-0.580,0.790,0.590,1.750,-0.078
602,290,7081.000,13.905,1.382,0.098,-0.037,0.884,0.995,331,0,4.343,2.172,454.000,209.000,528.000,374.000,13.900,1.380,-1.250,0.810,0.640,1.650,-0.231
603,489,7081.000,12.647,8.606,0.231,-0.170,NaN,1.000,331,0,0.000,2.136,-443.000,175.000,-168.000,393.000,12.690,8.600,-1.190,1.870,0.560,1.870,-0.786
604,90,7082.000,25.702,-4.854,0.003,-0.008,0.265,NaN,332,0,-0.921,-1.309,860.000,199.000,887.000,278.000,NaN,NaN,NaN,NaN,NaN,NaN,NaN
605,290,7082.000,14.015,1.325,0.101,-0.043,0.898,0.998,332,0,4.343,2.172,459.000,208.000,533.000,375.000,14.020,1.310,-1.310,0.850,0.710,1.750,-0.250
606,489,7082.000,12.914,8.414,0.244,-0.179,NaN,1.000,332,0,0.000,2.136,-392.000,180.000,-128.000,381.000,12.990,8.380,-1.170,1.860,0.630,1.760,-0.719
607,90,7083.000,25.695,-4.881,0.002,-0.014,0.362,NaN,333,0,-0.414,-1.309,860.000,199.000,887.000,280.000,NaN,NaN,NaN,NaN,NaN,NaN,NaN
608,290,7083.000,14.116,1.280,0.100,-0.045,0.867,NaN,333,0,3.988,-1.327,465.000,209.000,536.000,374.000,NaN,NaN,NaN,NaN,NaN,NaN,NaN
609,489,7083.000,13.158,8.235,0.244,-0.180,NaN,NaN,333,0,-2.654,-1.327,NaN,NaN,NaN,NaN,NaN,NaN,NaN,NaN,NaN,NaN,NaN
610,90,7084.000,25.709,-4.869,0.005,-0.007,0.314,0.001,334,0,-1.002,-1.542,860.000,199.000,887.000,280.000,25.740,-4.790,-0.660,0.730,0.490,1.720,0.392
611,290,7084.000,14.136,1.274,0.081,-0.036,0.874,0.997,334,0,4.343,2.172,471.000,210.000,539.000,374.000,14.090,1.310,-1.250,0.850,0.510,1.800,2.777
612,489,7084.000,13.335,8.091,0.223,-0.171,NaN,1.000,334,0,0.000,2.136,-336.000,182.000,-92.000,384.000,13.250,8.110,-1.210,1.780,0.570,1.820,-0.697
613,90,7085.000,25.685,-4.836,-0.001,0.003,0.296,0.133,335,0,-1.019,-0.978,859.000,199.000,886.000,281.000,25.660,-4.740,-0.540,1.890,0.650,1.850,-2.456
614,290,7085.000,14.230,1.217,0.083,-0.044,0.875,0.998,335,0,4.343,2.172,476.000,213.000,537.000,373.000,14.260,1.190,-1.290,0.830,0.500,1.800,-0.290
615,489,7085.000,13.582,7.908,0.228,-0.177,NaN,1.000,335,0,0.000,2.172,-291.000,189.000,-51.000,383.000,13.590,7.900,-1.260,1.830,0.610,1.790,-0.772
616,90,7086.000,25.672,-4.859,-0.004,-0.006,0.371,NaN,336,0,-0.528,-1.309,860.000,200.000,886.000,279.000,NaN,NaN,NaN,NaN,NaN,NaN,NaN
617,290,7086.000,14.312,1.183,0.083,-0.041,0.814,NaN,336,0,3.813,-1.327,475.000,212.000,542.000,373.000,NaN,NaN,NaN,NaN,NaN,NaN,NaN
618,489,7086.000,13.809,7.731,0.227,-0.177,NaN,NaN,336,0,-2.654,-1.327,NaN,NaN,NaN,NaN,NaN,NaN,NaN,NaN,NaN,NaN,NaN
619,90,7087.000,25.707,-4.812,0.004,0.010,0.478,0.004,337,0,-0.128,-1.542,860.000,200.000,886.000,280.000,25.740,-4.710,-0.980,0.800,0.550,1.690,0.475
620,290,7087.000,14.366,1.158,0.078,-0.035,0.796,0.998,337,0,4.151,2.172,467.000,213.000,542.000,372.000,14.360,1.170,-1.250,0.840,0.560,1.680,-0.252
621,489,7087.000,13.942,7.598,0.199,-0.168,NaN,1.000,337,0,0.000,2.172,-239.000,186.000,-16.000,382.000,13.860,7.620,-1.260,1.770,0.530,1.860,-0.773
622,90,7088.000,25.690,-4.786,-0.003,0.012,0.503,0.357,338,0,-0.010,-0.400,860.000,200.000,886.000,280.000,25.650,-4.750,-0.680,0.750,0.670,1.860,-0.410
623,290,7088.000,14.469,1.130,0.084,-0.033,0.805,0.973,338,0,4.151,2.172,486.000,208.000,545.000,368.000,14.500,1.140,-1.300,0.990,0.610,1.720,-0.105
624,489,7088.000,14.158,7.395,0.205,-0.176,NaN,0.998,338,0,0.000,2.172,-197.000,174.000,22.000,374.000,14.170,7.370,-1.180,1.800,0.570,1.940,-0.757
625,90,7089.000,25.681,-4.830,-0.004,-0.001,0.231,NaN,339,0,-1.126,-1.308,860.000,200.000,886.000,279.000,NaN,NaN,NaN,NaN,NaN,NaN,NaN
626,290,7089.000,14.553,1.103,0.084,-0.031,0.855,NaN,339,0,3.988,-1.326,492.000,203.000,547.000,367.000,NaN,NaN,NaN,NaN,NaN,NaN,NaN
627,489,7089.000,14.364,7.219,0.206,-0.176,NaN,NaN,339,0,-1.121,-1.327,NaN,NaN,NaN,NaN,NaN,NaN,NaN,NaN,NaN,NaN,NaN
628,90,7090.000,25.657,-4.812,-0.007,0.004,0.257,0.043,340,0,-1.199,-1.432,860.000,200.000,886.000,279.000,25.650,-4.790,-0.900,0.780,0.580,1.710,-0.281
629,290,7090.000,14.640,1.072,0.084,-0.032,0.882,0.951,340,0,4.394,2.197,495.000,208.000,549.000,366.000,14.650,1.070,-1.290,0.830,0.610,1.690,-0.218
630,489,7090.000,14.455,7.095,0.173,-0.163,NaN,0.834,340,0,0.000,2.172,-162.000,185.000,57.000,376.000,14.390,7.120,-1.250,1.890,0.550,1.880,-0.709
631,90,7091.000,25.663,-4.743,-0.007,0.022,0.374,0.063,341,0,-0.767,-1.277,860.000,200.000,886.000,281.000,25.710,-4.610,-0.550,0.860,0.580,1.860,-1.481
632,290,7091.000,14.744,1.045,0.089,-0.031,0.878,0.953,341,0,4.394,2.197,497.000,208.000,552.000,367.000,14.770,1.060,-1.270,0.820,0.630,1.630,-0.227
633,489,7091.000,14.626,6.932,0.172,-0.163,NaN,NaN,341,0,-2.654,-1.327,NaN,NaN,NaN,NaN,NaN,NaN,NaN,NaN,NaN,NaN,NaN
634,90,7092.000,25.653,-4.808,-0.007,-0.002,0.286,NaN,342,0,-0.671,-1.305,860.000,200.000,886.000,281.000,NaN,NaN,NaN,NaN,NaN,NaN,NaN
635,290,7092.000,14.831,1.025,0.089,-0.028,0.868,NaN,342,0,4.137,-1.323,500.000,213.000,554.000,366.000,NaN,NaN,NaN,NaN,NaN,NaN,NaN
636,489,7092.000,14.838,6.706,0.181,-0.180,0.026,NaN,342,0,-2.281,-1.327,0.000,215.000,35.000,297.000,NaN,NaN,NaN,NaN,NaN,NaN,NaN
637,90,7093.000,25.649,-4.852,-0.005,-0.014,0.345,NaN,343,0,-0.684,-1.309,860.000,200.000,887.000,280.000,NaN,NaN,NaN,NaN,NaN,NaN,NaN
638,290,7093.000,14.879,1.008,0.082,-0.023,0.802,0.651,343,0,4.244,1.071,502.000,213.000,555.000,366.000,14.870,1.020,-1.300,0.890,0.590,1.770,-0.167
639,489,7093.000,15.017,6.527,0.180,-0.180,NaN,NaN,343,0,-1.412,-0.706,NaN,NaN,NaN,NaN,NaN,NaN,NaN,NaN,NaN,NaN,NaN
640,90,7094.000,25.654,-4.860,-0.002,-0.014,0.360,0.003,344,0,-0.798,-1.542,860.000,200.000,887.000,280.000,25.670,-4.830,-0.830,0.710,0.600,1.720,-0.618
641,290,7094.000,15.003,0.976,0.093,-0.026,0.747,0.872,344,0,3.392,2.197,506.000,213.000,558.000,364.000,15.050,0.970,-1.270,0.740,0.600,1.730,0.027
642,489,7094.000,15.205,6.294,0.182,-0.192,0.132,NaN,344,0,-0.909,-0.726,45.000,213.000,101.000,282.000,NaN,NaN,NaN,NaN,NaN,NaN,NaN
643,90,7095.000,25.656,-4.879,-0.002,-0.014,0.478,NaN,345,0,0.304,-1.308,860.000,200.000,886.000,281.000,NaN,NaN,NaN,NaN,NaN,NaN,NaN
644,290,7095.000,15.099,0.952,0.095,-0.026,0.474,NaN,345,0,0.582,-1.319,514.000,210.000,561.000,355.000,NaN,NaN,NaN,NaN,NaN,NaN,NaN
645,489,7095.000,15.386,6.103,0.181,-0.191,NaN,NaN,345,0,-0.606,-0.954,NaN,NaN,NaN,NaN,NaN,NaN,NaN,NaN,NaN,NaN,NaN
646,90,7096.000,25.762,-4.849,0.020,-0.000,0.241,0.026,346,0,-1.323,-1.485,861.000,200.000,886.000,278.000,25.860,-4.690,-1.110,1.650,0.470,1.740,0.385
647,290,7096.000,15.201,0.913,0.098,-0.030,0.188,NaN,346,0,-0.984,-1.316,522.000,206.000,562.000,324.000,NaN,NaN,NaN,NaN,NaN,NaN,NaN
648,489,7096.000,15.567,5.912,0.180,-0.191,NaN,NaN,346,0,-0.932,-1.061,NaN,NaN,NaN,NaN,NaN,NaN,NaN,NaN,NaN,NaN,NaN
649,90,7097.000,25.735,-4.815,0.010,0.007,0.357,0.035,347,0,-0.800,-1.433,860.000,200.000,886.000,278.000,25.680,-4.730,-0.710,0.640,0.600,1.800,-1.218
650,290,7097.000,15.372,0.868,0.115,-0.033,0.740,0.091,347,0,3.227,-0.703,518.000,206.000,567.000,320.000,15.390,0.840,-1.300,0.780,0.580,1.760,-0.505
651,489,7097.000,15.822,5.426,0.196,-0.255,0.148,NaN,347,0,-1.011,-0.861,153.000,192.000,181.000,271.000,NaN,NaN,NaN,NaN,NaN,NaN,NaN
652,90,7098.000,25.727,-4.861,0.007,-0.007,0.357,NaN,348,0,-0.580,-1.310,861.000,200.000,886.000,279.000,NaN,NaN,NaN,NaN,NaN,NaN,NaN
653,290,7098.000,15.493,0.854,0.115,-0.027,0.513,NaN,348,0,0.306,-1.296,522.000,208.000,570.000,275.000,NaN,NaN,NaN,NaN,NaN,NaN,NaN
654,489,7098.000,16.025,5.291,0.201,-0.219,0.068,NaN,348,0,-1.323,-0.859,150.000,193.000,184.000,259.000,NaN,NaN,NaN,NaN,NaN,NaN,NaN
655,90,7099.000,25.660,-4.850,-0.006,-0.004,0.416,0.014,349,0,-0.573,-1.536,861.000,200.000,886.000,278.000,25.600,-4.790,-0.660,0.960,0.480,1.790,2.032
656,290,7099.000,15.607,0.826,0.115,-0.027,NaN,NaN,349,0,-2.575,-1.288,NaN,NaN,NaN,NaN,NaN,NaN,NaN,NaN,NaN,NaN,NaN
657,489,7099.000,16.228,5.073,0.202,-0.218,NaN,NaN,349,0,-0.925,-1.154,NaN,NaN,NaN,NaN,NaN,NaN,NaN,NaN,NaN,NaN,NaN
658,90,7100.000,25.715,-4.815,0.008,0.006,0.394,0.120,350,0,-0.695,-1.008,860.000,200.000,886.000,280.000,25.780,-4.670,-0.690,1.810,0.560,1.750,-2.358
659,290,7100.000,15.723,0.798,0.115,-0.028,NaN,NaN,350,0,-2.544,-1.272,NaN,NaN,NaN,NaN,NaN,NaN,NaN,NaN,NaN,NaN,NaN
660,489,7100.000,16.572,5.004,0.210,-0.180,0.026,NaN,350,0,-1.567,-1.225,143.000,210.000,218.000,353.000,NaN,NaN,NaN,NaN,NaN,NaN,NaN
661,90,7101.000,25.713,-4.855,0.009,-0.006,0.458,NaN,351,0,-0.011,-1.310,860.000,200.000,886.000,280.000,NaN,NaN,NaN,NaN,NaN,NaN,NaN
662,290,7101.000,15.838,0.768,0.115,-0.030,NaN,NaN,351,0,-2.481,-1.240,NaN,NaN,NaN,NaN,NaN,NaN,NaN,NaN,NaN,NaN,NaN
663,489,7101.000,16.782,4.824,0.210,-0.180,NaN,NaN,351,0,-0.621,-1.154,NaN,NaN,NaN,NaN,NaN,NaN,NaN,NaN,NaN,NaN,NaN
664,90,7102.000,25.723,-4.860,0.009,-0.005,0.411,0.047,352,0,-0.618,-1.358,860.000,200.000,886.000,280.000,25.730,-4.820,-0.560,0.790,0.610,1.790,-0.051
665,290,7102.000,15.952,0.737,0.114,-0.031,NaN,NaN,352,0,-2.463,-1.231,NaN,NaN,NaN,NaN,NaN,NaN,NaN,NaN,NaN,NaN,NaN
666,489,7102.000,16.991,4.643,0.209,-0.180,NaN,NaN,352,0,-0.660,-0.983,NaN,NaN,NaN,NaN,NaN,NaN,NaN,NaN,NaN,NaN,NaN
667,90,7103.000,25.702,-4.857,0.000,-0.002,0.407,0.009,353,0,-0.617,-1.536,860.000,200.000,886.000,279.000,25.650,-4.830,-1.070,0.740,0.640,1.720,-0.395
668,290,7103.000,15.880,0.642,0.085,-0.043,0.104,0.138,353,0,-1.281,-0.504,542.000,208.000,609.000,332.000,15.850,0.630,-1.260,0.710,0.690,1.860,-0.202
669,489,7103.000,17.201,4.462,0.210,-0.181,NaN,NaN,353,0,0.179,-0.939,NaN,NaN,NaN,NaN,NaN,NaN,NaN,NaN,NaN,NaN,NaN
670,90,7104.000,25.696,-4.870,-0.002,-0.005,0.511,NaN,354,0,0.306,-1.308,860.000,200.000,885.000,278.000,NaN,NaN,NaN,NaN,NaN,NaN,NaN
671,290,7104.000,15.966,0.570,0.084,-0.050,0.151,NaN,354,0,-0.967,-1.216,543.000,207.000,611.000,331.000,NaN,NaN,NaN,NaN,NaN,NaN,NaN
672,489,7104.000,17.411,4.282,0.210,-0.180,NaN,NaN,354,0,-0.480,-0.755,NaN,NaN,NaN,NaN,NaN,NaN,NaN,NaN,NaN,NaN,NaN
673,90,7105.000,25.737,-4.810,0.004,0.015,0.231,0.011,355,0,-1.386,-1.535,861.000,200.000,886.000,277.000,25.770,-4.630,-0.530,0.950,0.540,1.850,-2.332
674,290,7105.000,16.054,0.519,0.086,-0.050,0.578,NaN,355,0,0.862,-1.220,544.000,207.000,610.000,278.000,NaN,NaN,NaN,NaN,NaN,NaN,NaN
675,489,7105.000,17.622,4.103,0.210,-0.179,NaN,NaN,355,0,-0.000,-0.000,NaN,NaN,NaN,NaN,NaN,NaN,NaN,NaN,NaN,NaN,NaN
676,90,7106.000,25.665,-4.775,-0.008,0.019,0.028,0.007,356,0,-2.975,-1.537,858.000,200.000,887.000,294.000,25.550,-4.740,-0.810,0.880,0.480,1.720,-1.575
677,290,7106.000,16.142,0.481,0.085,-0.047,0.081,NaN,356,0,-1.423,-1.224,546.000,207.000,612.000,324.000,NaN,NaN,NaN,NaN,NaN,NaN,NaN
678,489,7106.000,17.834,3.925,0.212,-0.179,NaN,NaN,356,0,0.057,-0.000,NaN,NaN,NaN,NaN,NaN,NaN,NaN,NaN,NaN,NaN,NaN
679,591,7106.000,30.800,12.450,0.000,0.000,0.219,0.019,356,0,-2.003,-1.588,65.000,191.000,92.000,263.000,30.800,12.450,-0.830,0.760,0.480,1.760,-1.836
680,90,7107.000,25.659,-4.840,-0.008,-0.003,0.215,NaN,357,0,-1.212,-1.308,862.000,200.000,886.000,266.000,NaN,NaN,NaN,NaN,NaN,NaN,NaN
681,290,7107.000,16.238,0.397,0.090,-0.055,0.142,NaN,357,0,-1.183,-1.255,568.000,210.000,616.000,328.000,NaN,NaN,NaN,NaN,NaN,NaN,NaN
682,489,7107.000,18.045,3.746,0.211,-0.178,NaN,NaN,357,0,-0.000,-0.000,NaN,NaN,NaN,NaN,NaN,NaN,NaN,NaN,NaN,NaN,NaN
683,591,7107.000,30.796,12.503,-0.002,0.013,0.509,NaN,357,0,0.306,-1.108,66.000,192.000,89.000,263.000,NaN,NaN,NaN,NaN,NaN,NaN,NaN
684,90,7108.000,25.695,-4.826,0.002,0.003,0.226,0.010,358,0,-1.387,-1.536,861.000,200.000,886.000,265.000,25.730,-4.770,-0.480,0.760,0.650,1.840,-0.493
685,290,7108.000,16.301,0.380,0.086,-0.045,0.214,NaN,358,0,-0.885,-1.301,556.000,211.000,616.000,330.000,NaN,NaN,NaN,NaN,NaN,NaN,NaN
686,489,7108.000,18.256,3.568,0.211,-0.179,NaN,NaN,358,0,-0.000,-0.000,NaN,NaN,NaN,NaN,NaN,NaN,NaN,NaN,NaN,NaN,NaN
687,591,7108.000,30.815,12.535,0.009,0.026,0.639,0.029,358,0,-0.274,-1.589,64.000,192.000,91.000,264.000,30.790,12.550,-0.890,0.780,0.580,1.650,-2.155
688,90,7109.000,25.722,-4.809,0.009,0.008,0.193,0.046,359,0,-1.601,-1.358,862.000,200.000,885.000,265.000,25.770,-4.770,-0.870,0.750,0.660,1.720,-0.216
689,290,7109.000,16.390,0.336,0.085,-0.046,0.196,NaN,359,0,-0.929,-1.305,572.000,211.000,616.000,330.000,NaN,NaN,NaN,NaN,NaN,NaN,NaN
690,489,7109.000,18.468,3.389,0.212,-0.178,NaN,NaN,359,0,-0.000,-0.000,NaN,NaN,NaN,NaN,NaN,NaN,NaN,NaN,NaN,NaN,NaN
691,591,7109.000,30.818,12.593,0.004,0.034,0.729,0.012,359,0,0.553,-1.660,62.000,191.000,90.000,264.000,30.820,12.640,-0.720,0.700,0.710,1.710,0.370
692,90,7110.000,25.725,-4.852,0.002,-0.005,0.114,NaN,360,0,-1.747,-1.310,861.000,200.000,885.000,276.000,NaN,NaN,NaN,NaN,NaN,NaN,NaN
693,290,7110.000,16.490,0.313,0.085,-0.040,0.244,NaN,360,0,-0.760,-1.313,563.000,210.000,621.000,330.000,NaN,NaN,NaN,NaN,NaN,NaN,NaN
694,489,7110.000,18.681,3.212,0.213,-0.177,NaN,NaN,360,0,-0.000,-0.000,NaN,NaN,NaN,NaN,NaN,NaN,NaN,NaN,NaN,NaN,NaN
695,591,7110.000,30.801,12.629,-0.004,0.035,0.731,NaN,360,0,2.590,-1.209,59.000,191.000,86.000,264.000,NaN,NaN,NaN,NaN,NaN,NaN,NaN
696,90,7111.000,25.669,-4.833,-0.012,-0.001,0.288,0.004,361,0,-1.044,-1.544,862.000,200.000,884.000,279.000,25.600,-4.790,-0.650,0.840,0.440,1.730,-1.440
697,290,7111.000,16.535,0.343,0.081,-0.025,0.537,0.738,361,0,1.254,1.710,563.000,209.000,623.000,330.000,16.510,0.400,-1.260,0.910,0.540,1.780,-0.031
698,489,7111.000,18.892,3.036,0.212,-0.176,NaN,NaN,361,0,-0.000,-0.000,NaN,NaN,NaN,NaN,NaN,NaN,NaN,NaN,NaN,NaN,NaN
699,591,7111.000,30.798,12.665,-0.004,0.035,NaN,NaN,361,0,-2.472,-1.236,NaN,NaN,NaN,NaN,NaN,NaN,NaN,NaN,NaN,NaN,NaN
700,90,7112.000,25.682,-4.797,-0.006,0.009,NaN,0.291,362,0,-3.087,-0.522,817.000,163.000,918.000,263.000,25.710,-4.710,-0.640,1.970,0.560,1.810,-2.462
701,290,7112.000,16.611,0.326,0.081,-0.023,0.078,0.985,362,0,-1.573,2.248,572.000,207.000,625.000,345.000,16.600,0.330,-1.290,0.840,0.620,1.770,0.107
702,489,7112.000,19.103,2.859,0.211,-0.177,NaN,NaN,362,0,-0.000,-0.000,NaN,NaN,NaN,NaN,NaN,NaN,NaN,NaN,NaN,NaN,NaN
703,591,7112.000,30.742,12.650,-0.014,0.024,0.740,0.073,362,0,0.652,-1.566,59.000,191.000,85.000,263.000,30.730,12.640,-0.820,0.710,0.630,1.610,0.544
704,90,7113.000,25.665,-4.839,-0.008,-0.004,0.047,NaN,363,0,-2.265,-1.309,861.000,204.000,884.000,275.000,NaN,NaN,NaN,NaN,NaN,NaN,NaN
705,290,7113.000,16.693,0.294,0.083,-0.027,0.825,NaN,363,0,4.197,-1.314,569.000,208.000,628.000,344.000,NaN,NaN,NaN,NaN,NaN,NaN,NaN
706,489,7113.000,19.313,2.683,0.210,-0.177,NaN,NaN,363,0,-0.000,-0.000,NaN,NaN,NaN,NaN,NaN,NaN,NaN,NaN,NaN,NaN,NaN
707,591,7113.000,30.729,12.668,-0.010,0.025,0.717,NaN,363,0,2.434,-1.265,57.000,191.000,83.000,264.000,NaN,NaN,NaN,NaN,NaN,NaN,NaN
708,90,7114.000,25.657,-4.841,-0.008,-0.002,NaN,NaN,364,0,-0.436,-1.309,NaN,NaN,NaN,NaN,NaN,NaN,NaN,NaN,NaN,NaN,NaN
709,290,7114.000,16.787,0.289,0.086,-0.023,0.817,0.870,364,0,4.496,2.248,571.000,208.000,630.000,342.000,16.770,0.310,-1.300,0.840,0.590,1.730,-0.234
710,489,7114.000,19.524,2.507,0.211,-0.176,NaN,NaN,364,0,-0.000,-0.000,NaN,NaN,NaN,NaN,NaN,NaN,NaN,NaN,NaN,NaN,NaN
711,591,7114.000,30.733,12.674,-0.007,0.022,0.692,NaN,364,0,1.982,-1.276,58.000,190.000,83.000,263.000,NaN,NaN,NaN,NaN,NaN,NaN,NaN
712,90,7115.000,25.670,-4.837,-0.006,0.000,NaN,0.009,365,0,-3.087,-1.536,848.000,165.000,896.000,262.000,25.680,-4.820,-0.660,0.840,0.550,1.790,-0.629
713,290,7115.000,16.914,0.264,0.099,-0.025,0.832,1.000,365,0,4.496,2.248,583.000,209.000,633.000,342.000,16.950,0.260,-1.280,0.820,0.620,1.730,-0.247
714,489,7115.000,19.736,2.331,0.212,-0.176,NaN,NaN,365,0,-2.262,-1.131,NaN,NaN,NaN,NaN,NaN,NaN,NaN,NaN,NaN,NaN,NaN
715,591,7115.000,30.730,12.679,-0.006,0.018,0.705,NaN,365,0,2.128,-1.278,58.000,191.000,83.000,263.000,NaN,NaN,NaN,NaN,NaN,NaN,NaN
716,90,7116.000,25.666,-4.847,-0.006,-0.004,0.115,NaN,366,0,-1.692,-1.309,862.000,200.000,882.000,273.000,NaN,NaN,NaN,NaN,NaN,NaN,NaN
717,290,7116.000,17.008,0.207,0.097,-0.034,0.791,NaN,366,0,3.838,-1.321,583.000,210.000,637.000,342.000,NaN,NaN,NaN,NaN,NaN,NaN,NaN
718,489,7116.000,19.948,2.154,0.212,-0.177,NaN,NaN,366,0,-0.261,-1.312,NaN,NaN,NaN,NaN,NaN,NaN,NaN,NaN,NaN,NaN,NaN
719,591,7116.000,30.751,12.692,-0.003,0.017,0.671,NaN,366,0,1.724,-1.278,58.000,191.000,83.000,263.000,NaN,NaN,NaN,NaN,NaN,NaN,NaN
720,90,7117.000,25.729,-4.801,0.004,0.012,NaN,0.003,367,0,-3.087,-1.543,839.000,161.000,881.000,260.000,25.790,-4.610,-0.610,0.560,0.520,1.850,-1.228
721,290,7117.000,17.125,0.180,0.103,-0.034,0.848,0.999,367,0,4.496,2.248,581.000,210.000,639.000,341.000,17.120,0.200,-1.270,0.830,0.580,1.710,0.013
722,489,7117.000,20.159,1.978,0.211,-0.176,NaN,NaN,367,0,-0.322,-1.327,NaN,NaN,NaN,NaN,NaN,NaN,NaN,NaN,NaN,NaN,NaN
723,591,7117.000,30.807,12.732,0.005,0.018,0.655,0.011,367,0,-0.189,-1.844,58.000,191.000,83.000,263.000,30.840,12.720,-1.000,0.680,0.680,1.760,0.163
724,90,7118.000,25.677,-4.783,-0.009,0.015,0.311,0.038,368,0,-1.003,-1.432,861.000,200.000,887.000,279.000,25.620,-4.800,-0.740,0.720,0.650,1.690,-0.635
725,290,7118.000,17.260,0.144,0.112,-0.035,0.827,0.970,368,0,4.496,2.248,585.000,209.000,640.000,341.000,17.270,0.140,-1.300,0.950,0.700,1.660,-0.072
726,489,7118.000,20.727,2.319,0.216,-0.138,0.666,0.999,368,0,2.204,2.148,453.000,206.000,480.000,295.000,20.700,2.330,-1.350,1.690,0.540,1.910,-0.722
727,591,7118.000,30.912,12.776,0.022,0.020,0.654,0.070,368,0,-0.249,-1.590,58.000,191.000,81.000,264.000,31.030,12.800,-0.820,0.630,0.680,1.830,1.144
728,90,7119.000,25.658,-4.840,-0.011,-0.003,0.453,NaN,369,0,-0.081,-1.308,861.000,200.000,887.000,279.000,NaN,NaN,NaN,NaN,NaN,NaN,NaN
729,290,7119.000,17.376,0.103,0.112,-0.038,0.855,NaN,369,0,4.285,-1.326,585.000,206.000,643.000,342.000,NaN,NaN,NaN,NaN,NaN,NaN,NaN
730,489,7119.000,20.920,2.235,0.208,-0.130,0.791,NaN,369,0,3.821,-1.326,455.000,209.000,496.000,295.000,NaN,NaN,NaN,NaN,NaN,NaN,NaN
731,591,7119.000,30.938,12.776,0.025,0.016,0.678,NaN,369,0,1.846,-1.276,58.000,191.000,81.000,264.000,NaN,NaN,NaN,NaN,NaN,NaN,NaN
732,90,7120.000,25.650,-4.862,-0.012,-0.011,0.580,NaN,370,0,0.862,-1.309,861.000,200.000,887.000,280.000,NaN,NaN,NaN,NaN,NaN,NaN,NaN
733,290,7120.000,17.431,0.121,0.098,-0.026,0.860,0.999,370,0,4.496,2.248,586.000,206.000,644.000,342.000,17.390,0.150,-1.280,0.790,0.820,1.710,0.010
734,489,7120.000,21.084,2.110,0.190,-0.118,0.660,1.000,370,0,2.108,2.148,459.000,210.000,502.000,294.000,21.030,2.040,-1.250,1.870,0.590,1.970,-0.738
735,591,7120.000,30.966,12.789,0.026,0.016,0.704,NaN,370,0,2.128,-1.274,57.000,191.000,81.000,264.000,NaN,NaN,NaN,NaN,NaN,NaN,NaN
736,90,7121.000,25.640,-4.851,-0.010,-0.004,0.531,0.015,371,0,0.197,-1.535,860.000,200.000,887.000,279.000,25.680,-4.820,-1.130,0.660,0.580,1.660,-0.182
737,290,7121.000,17.512,0.118,0.094,-0.022,0.880,0.994,371,0,4.523,2.261,587.000,207.000,644.000,341.000,17.500,0.130,-1.280,0.950,0.740,1.720,-0.172
738,489,7121.000,21.301,1.927,0.192,-0.147,0.707,0.999,371,0,2.756,2.148,472.000,206.000,517.000,297.000,21.290,1.840,-1.310,1.790,0.560,1.890,-0.658
739,591,7121.000,30.998,12.797,0.032,0.013,0.728,NaN,371,0,2.590,-1.274,57.000,191.000,82.000,264.000,NaN,NaN,NaN,NaN,NaN,NaN,NaN
740,90,7122.000,25.624,-4.862,-0.012,-0.006,0.513,NaN,372,0,0.306,-1.308,860.000,200.000,887.000,280.000,NaN,NaN,NaN,NaN,NaN,NaN,NaN
741,290,7122.000,17.605,0.094,0.094,-0.022,0.879,NaN,372,0,4.285,-1.326,589.000,209.000,641.000,340.000,NaN,NaN,NaN,NaN,NaN,NaN,NaN
742,489,7122.000,21.455,1.851,0.187,-0.124,0.734,NaN,372,0,2.756,-1.327,479.000,206.000,528.000,290.000,NaN,NaN,NaN,NaN,NaN,NaN,NaN
743,591,7122.000,31.039,12.803,0.033,0.010,0.710,NaN,372,0,2.280,-1.274,58.000,191.000,82.000,263.000,NaN,NaN,NaN,NaN,NaN,NaN,NaN
744,90,7123.000,25.658,-4.838,-0.001,0.002,0.220,0.013,373,0,-1.445,-1.535,862.000,200.000,884.000,248.000,25.700,-4.750,-0.370,0.810,0.600,1.830,-0.953
745,290,7123.000,17.660,0.086,0.086,-0.021,0.854,0.978,373,0,4.523,2.261,589.000,209.000,640.000,340.000,17.640,0.110,-1.290,0.810,0.670,1.640,-0.143
746,489,7123.000,21.600,1.713,0.180,-0.128,0.728,0.999,373,0,2.876,2.238,487.000,206.000,537.000,313.000,21.580,1.650,-1.330,1.860,0.570,1.920,-0.772
747,591,7123.000,31.100,12.830,0.041,0.015,0.675,0.030,373,0,-0.056,-1.805,57.000,191.000,84.000,263.000,31.130,12.850,-0.830,0.700,0.660,1.760,0.254
748,90,7124.000,25.635,-4.769,-0.006,0.020,0.488,0.003,374,0,-0.067,-1.543,860.000,200.000,887.000,278.000,25.630,-4.670,-0.740,0.860,0.680,1.980,-1.421
749,290,7124.000,17.740,0.086,0.084,-0.014,0.857,0.999,374,0,4.523,2.261,591.000,210.000,645.000,339.000,17.760,0.110,-1.290,0.940,0.690,1.720,-0.193
750,489,7124.000,21.798,1.502,0.184,-0.152,0.734,0.998,374,0,2.876,2.238,500.000,209.000,550.000,300.000,21.820,1.410,-1.330,1.810,0.540,1.850,-0.757
751,591,7124.000,31.152,12.839,0.043,0.013,0.577,NaN,374,0,0.862,-1.274,57.000,192.000,84.000,264.000,NaN,NaN,NaN,NaN,NaN,NaN,NaN
752,90,7125.000,25.628,-4.816,-0.007,0.004,0.351,NaN,375,0,-0.632,-1.308,860.000,200.000,887.000,278.000,NaN,NaN,NaN,NaN,NaN,NaN,NaN
753,290,7125.000,17.822,0.067,0.083,-0.015,0.841,NaN,375,0,4.285,-1.326,591.000,210.000,643.000,336.000,NaN,NaN,NaN,NaN,NaN,NaN,NaN
754,489,7125.000,21.970,1.371,0.182,-0.147,0.621,NaN,375,0,1.393,-1.325,514.000,208.000,560.000,299.000,NaN,NaN,NaN,NaN,NaN,NaN,NaN
755,591,7125.000,31.196,12.843,0.043,0.009,0.660,NaN,375,0,1.613,-1.267,58.000,191.000,85.000,263.000,NaN,NaN,NaN,NaN,NaN,NaN,NaN
756,90,7126.000,25.636,-4.803,-0.002,0.006,0.427,0.012,376,0,-0.519,-1.536,860.000,200.000,887.000,277.000,25.640,-4.780,-0.730,0.770,0.410,1.750,1.775
757,290,7126.000,17.912,0.049,0.085,-0.016,0.850,0.999,376,0,4.523,2.261,590.000,209.000,642.000,335.000,17.910,0.040,-1.300,1.040,0.670,1.790,-0.009
758,489,7126.000,22.127,1.229,0.176,-0.147,0.067,0.970,376,0,-1.988,2.238,517.000,206.000,563.000,303.000,22.120,1.200,-1.240,1.850,0.590,1.760,-0.905
759,591,7126.000,31.235,12.825,0.043,0.001,0.652,0.009,376,0,-0.248,-1.826,59.000,192.000,93.000,264.000,31.250,12.760,-0.790,0.710,0.610,1.680,0.899
760,90,7127.000,25.657,-4.791,0.004,0.005,0.535,0.048,377,0,0.265,-1.357,860.000,200.000,887.000,279.000,25.680,-4.780,-1.060,0.730,0.640,1.680,0.411
761,290,7127.000,18.025,0.050,0.090,-0.010,0.858,0.993,377,0,4.523,2.261,592.000,206.000,647.000,335.000,18.060,0.070,-1.330,0.910,0.740,1.690,0.105
762,489,7127.000,22.344,1.009,0.185,-0.165,0.504,0.735,377,0,0.724,1.506,534.000,214.000,583.000,261.000,22.390,0.920,-1.200,1.900,0.580,1.820,-0.823
763,591,7127.000,31.276,12.831,0.042,0.002,0.695,NaN,377,0,1.982,-1.249,59.000,192.000,85.000,263.000,NaN,NaN,NaN,NaN,NaN,NaN,NaN
764,90,7128.000,25.662,-4.837,0.003,-0.009,0.402,NaN,378,0,-0.378,-1.309,860.000,200.000,887.000,279.000,NaN,NaN,NaN,NaN,NaN,NaN,NaN
765,290,7128.000,18.114,0.028,0.089,-0.013,0.859,NaN,378,0,4.285,-1.327,593.000,208.000,649.000,335.000,NaN,NaN,NaN,NaN,NaN,NaN,NaN
766,489,7128.000,22.526,0.856,0.184,-0.163,0.239,NaN,378,0,-1.232,-1.282,544.000,205.000,593.000,255.000,NaN,NaN,NaN,NaN,NaN,NaN,NaN
767,591,7128.000,31.320,12.839,0.041,0.003,0.697,NaN,378,0,2.128,-1.249,59.000,192.000,86.000,264.000,NaN,NaN,NaN,NaN,NaN,NaN,NaN
768,90,7129.000,25.664,-4.847,0.002,-0.010,NaN,NaN,379,0,-2.011,-1.309,NaN,NaN,NaN,NaN,NaN,NaN,NaN,NaN,NaN,NaN,NaN
769,290,7129.000,18.198,0.039,0.085,-0.008,0.863,0.990,379,0,4.523,2.261,594.000,209.000,650.000,335.000,18.190,0.050,-1.290,0.790,0.570,1.800,0.110
770,489,7129.000,22.674,0.700,0.175,-0.162,0.145,0.979,379,0,-1.396,2.467,550.000,205.000,595.000,276.000,22.650,0.710,-1.230,1.980,0.600,1.780,-0.824
771,591,7129.000,31.363,12.853,0.041,0.006,0.628,NaN,379,0,1.305,-1.237,58.000,192.000,87.000,264.000,NaN,NaN,NaN,NaN,NaN,NaN,NaN
772,90,7130.000,25.669,-4.778,0.005,0.005,0.291,0.006,380,0,-1.044,-1.536,861.000,200.000,887.000,278.000,25.670,-4.680,-0.500,0.920,0.430,1.810,1.197
773,290,7130.000,18.297,0.024,0.088,-0.012,0.832,0.974,380,0,4.523,2.261,601.000,208.000,651.000,334.000,18.310,0.020,-1.280,0.980,0.610,1.820,0.210
774,489,7130.000,22.802,0.563,0.166,-0.156,0.197,0.885,380,0,-1.113,2.392,561.000,205.000,605.000,327.000,22.760,0.590,-1.260,0.750,0.670,1.740,0.122
775,591,7130.000,31.412,12.853,0.044,0.004,0.636,NaN,380,0,1.407,-1.240,58.000,192.000,92.000,264.000,NaN,NaN,NaN,NaN,NaN,NaN,NaN
776,90,7131.000,25.685,-4.854,0.008,-0.014,0.402,NaN,381,0,-0.378,-1.308,860.000,200.000,887.000,279.000,NaN,NaN,NaN,NaN,NaN,NaN,NaN
777,290,7131.000,18.384,-0.019,0.088,-0.022,0.826,NaN,381,0,4.255,-1.327,600.000,209.000,656.000,334.000,NaN,NaN,NaN,NaN,NaN,NaN,NaN
778,489,7131.000,22.961,0.455,0.164,-0.143,0.068,NaN,381,0,-1.385,-1.288,573.000,204.000,609.000,330.000,NaN,NaN,NaN,NaN,NaN,NaN,NaN
779,591,7131.000,31.442,12.897,0.039,0.013,0.652,NaN,381,0,1.509,-1.222,59.000,192.000,84.000,263.000,NaN,NaN,NaN,NaN,NaN,NaN,NaN
780,90,7132.000,25.626,-4.799,-0.002,-0.001,0.316,0.001,382,0,-0.977,-1.542,860.000,200.000,887.000,281.000,25.590,-4.690,-0.570,0.960,0.580,1.780,1.863
781,290,7132.000,18.468,-0.033,0.085,-0.020,0.760,0.981,382,0,3.782,2.261,602.000,209.000,652.000,333.000,18.450,-0.020,-1.350,1.030,0.650,1.800,0.129
782,489,7132.000,23.108,0.320,0.160,-0.142,0.109,0.887,382,0,-1.701,2.467,579.000,204.000,612.000,331.000,23.100,0.330,-1.360,1.790,0.490,1.790,-0.622
783,591,7132.000,32.421,13.178,0.167,0.029,0.667,0.007,382,0,-0.536,-1.963,58.000,192.000,84.000,265.000,32.940,13.160,-0.480,1.700,0.700,1.740,-0.159
784,90,7133.000,25.706,-4.784,0.013,0.007,0.217,0.002,383,0,-1.446,-1.543,860.000,200.000,887.000,278.000,25.790,-4.760,-0.360,0.830,0.610,1.880,0.376
785,290,7133.000,18.579,-0.037,0.092,-0.016,0.818,0.900,383,0,4.511,2.255,590.000,202.000,655.000,331.000,18.600,-0.020,-1.310,0.870,0.750,1.620,0.207
786,489,7133.000,23.279,0.229,0.162,-0.127,0.069,NaN,383,0,-1.805,-1.314,590.000,201.000,622.000,292.000,NaN,NaN,NaN,NaN,NaN,NaN,NaN
787,591,7133.000,32.551,13.294,0.168,0.059,0.643,NaN,383,0,1.407,-1.144,58.000,192.000,83.000,264.000,NaN,NaN,NaN,NaN,NaN,NaN,NaN
788,90,7134.000,25.721,-4.843,0.010,-0.010,0.279,NaN,384,0,-0.873,-1.309,860.000,200.000,887.000,266.000,NaN,NaN,NaN,NaN,NaN,NaN,NaN
789,290,7134.000,18.676,-0.060,0.095,-0.018,0.875,NaN,384,0,4.285,-1.327,601.000,203.000,652.000,330.000,NaN,NaN,NaN,NaN,NaN,NaN,NaN
790,489,7134.000,23.442,0.102,0.163,-0.127,NaN,NaN,384,0,-0.996,-1.320,NaN,NaN,NaN,NaN,NaN,NaN,NaN,NaN,NaN,NaN,NaN
791,591,7134.000,32.686,13.412,0.161,0.073,0.658,NaN,384,0,1.613,-1.208,58.000,192.000,84.000,264.000,NaN,NaN,NaN,NaN,NaN,NaN,NaN
792,90,7135.000,25.670,-4.826,0.000,-0.005,0.341,0.033,385,0,-0.886,-1.488,860.000,200.000,886.000,264.000,25.610,-4.770,-0.570,0.800,0.650,1.830,-1.475
793,290,7135.000,18.755,-0.057,0.092,-0.013,0.854,0.990,385,0,4.511,2.255,602.000,203.000,651.000,330.000,18.720,-0.040,-1.300,0.890,0.710,1.750,0.314
794,489,7135.000,23.606,-0.024,0.164,-0.126,NaN,NaN,385,0,-0.931,-1.325,NaN,NaN,NaN,NaN,NaN,NaN,NaN,NaN,NaN,NaN,NaN
795,591,7135.000,32.832,13.504,0.157,0.075,0.647,NaN,385,0,1.509,-1.252,58.000,192.000,83.000,264.000,NaN,NaN,NaN,NaN,NaN,NaN,NaN
796,90,7136.000,25.729,-4.755,0.009,0.012,0.293,0.001,386,0,-1.044,-1.543,860.000,200.000,887.000,264.000,25.820,-4.620,-0.360,0.780,0.640,1.870,0.578
797,290,7136.000,18.846,-0.052,0.093,-0.009,0.834,0.987,386,0,4.511,2.255,604.000,203.000,665.000,330.000,18.830,-0.020,-1.250,0.870,0.600,1.600,0.189
798,489,7136.000,23.765,-0.375,0.165,-0.171,0.079,NaN,386,0,-1.957,-1.326,631.000,202.000,665.000,269.000,NaN,NaN,NaN,NaN,NaN,NaN,NaN
799,591,7136.000,32.991,13.579,0.159,0.074,NaN,NaN,386,0,-2.548,-1.274,NaN,NaN,NaN,NaN,NaN,NaN,NaN,NaN,NaN,NaN,NaN
800,90,7137.000,25.717,-4.827,0.007,-0.008,0.257,NaN,387,0,-0.972,-1.306,860.000,200.000,887.000,264.000,NaN,NaN,NaN,NaN,NaN,NaN,NaN
801,290,7137.000,18.939,-0.060,0.093,-0.009,0.800,NaN,387,0,3.988,-1.327,605.000,207.000,644.000,329.000,NaN,NaN,NaN,NaN,NaN,NaN,NaN
802,489,7137.000,23.934,-0.599,0.165,-0.184,0.548,NaN,387,0,0.639,-1.327,640.000,203.000,673.000,275.000,NaN,NaN,NaN,NaN,NaN,NaN,NaN
803,591,7137.000,33.153,13.657,0.161,0.075,0.638,NaN,387,0,1.407,-1.274,58.000,191.000,83.000,264.000,NaN,NaN,NaN,NaN,NaN,NaN,NaN
804,90,7138.000,25.705,-4.817,0.002,-0.007,0.230,0.094,388,0,-1.388,-1.102,860.000,200.000,887.000,264.000,25.690,-4.770,-1.090,0.790,0.540,1.580,0.326
805,290,7138.000,18.977,-0.072,0.075,-0.011,0.853,0.992,388,0,4.511,2.255,605.000,207.000,652.000,329.000,18.940,-0.050,-1.340,0.850,0.570,1.640,0.261
806,489,7138.000,24.048,-0.739,0.157,-0.173,0.609,1.000,388,0,1.124,2.843,639.000,200.000,677.000,277.000,24.040,-0.650,-1.290,1.910,0.560,1.920,-0.783
807,591,7138.000,33.325,13.732,0.163,0.074,0.629,NaN,388,0,1.305,-1.274,58.000,191.000,83.000,264.000,NaN,NaN,NaN,NaN,NaN,NaN,NaN
808,90,7139.000,25.698,-4.853,-0.001,-0.016,0.290,NaN,389,0,-0.673,-1.310,860.000,200.000,887.000,281.000,NaN,NaN,NaN,NaN,NaN,NaN,NaN
809,290,7139.000,19.070,-0.046,0.076,-0.001,0.793,0.984,389,0,4.273,2.255,605.000,209.000,644.000,329.000,19.080,-0.000,-1.270,0.890,0.640,1.880,0.471
810,489,7139.000,24.242,-0.900,0.161,-0.170,0.506,0.997,389,0,0.470,2.843,640.000,200.000,678.000,284.000,24.260,-0.880,-1.280,1.840,0.660,1.770,-0.806
811,591,7139.000,33.041,13.567,0.109,0.041,0.607,0.008,389,0,-0.896,-2.022,57.000,191.000,83.000,264.000,32.880,13.260,-0.460,1.720,0.650,1.680,0.022
812,90,7140.000,25.688,-4.874,-0.003,-0.018,0.361,NaN,390,0,-0.580,-1.309,860.000,200.000,887.000,280.000,NaN,NaN,NaN,NaN,NaN,NaN,NaN
813,290,7140.000,19.142,-0.049,0.073,-0.001,0.858,NaN,390,0,4.411,-1.327,603.000,210.000,647.000,329.000,NaN,NaN,NaN,NaN,NaN,NaN,NaN
814,489,7140.000,24.407,-1.026,0.162,-0.160,0.719,NaN,390,0,2.434,-1.327,650.000,200.000,695.000,278.000,NaN,NaN,NaN,NaN,NaN,NaN,NaN
815,591,7140.000,33.136,13.636,0.107,0.046,0.624,NaN,390,0,1.205,-1.264,57.000,191.000,83.000,265.000,NaN,NaN,NaN,NaN,NaN,NaN,NaN
816,90,7141.000,25.735,-4.873,0.006,-0.011,0.437,0.002,391,0,-0.451,-1.542,860.000,201.000,887.000,280.000,25.770,-4.810,-0.570,0.800,0.650,1.980,-0.368
817,290,7141.000,19.225,-0.015,0.078,0.005,0.849,0.978,391,0,4.511,2.255,601.000,209.000,646.000,327.000,19.240,0.020,-1.270,0.860,0.720,1.800,0.158
818,489,7141.000,24.546,-1.130,0.160,-0.146,0.790,0.999,391,0,2.962,2.843,653.000,200.000,700.000,274.000,24.500,-1.050,-1.300,1.820,0.590,1.880,-0.868
819,591,7141.000,33.241,13.684,0.107,0.044,0.625,NaN,391,0,1.305,-1.274,57.000,192.000,85.000,264.000,NaN,NaN,NaN,NaN,NaN,NaN,NaN
820,90,7142.000,25.708,-4.846,-0.001,-0.001,0.461,0.019,392,0,-0.284,-1.519,860.000,200.000,887.000,280.000,25.680,-4.750,-0.700,0.660,0.660,1.790,-1.264
821,290,7142.000,19.345,0.024,0.087,0.014,0.863,0.846,392,0,4.511,2.255,600.000,208.000,645.000,323.000,19.380,0.050,-1.290,1.050,0.660,1.770,0.490
822,489,7142.000,24.721,-1.283,0.162,-0.147,0.804,1.000,392,0,2.748,3.500,662.000,199.000,710.000,277.000,24.730,-1.290,-1.270,1.700,0.510,1.840,-0.798
823,591,7142.000,33.349,13.729,0.107,0.045,NaN,NaN,392,0,-2.699,-1.277,NaN,NaN,NaN,NaN,NaN,NaN,NaN,NaN,NaN,NaN,NaN
824,90,7143.000,25.695,-4.876,-0.003,-0.008,0.493,NaN,393,0,0.367,-1.309,861.000,200.000,887.000,281.000,NaN,NaN,NaN,NaN,NaN,NaN,NaN
825,290,7143.000,19.433,0.024,0.086,0.010,0.885,NaN,393,0,4.411,-1.327,599.000,207.000,644.000,326.000,NaN,NaN,NaN,NaN,NaN,NaN,NaN
826,489,7143.000,24.886,-1.417,0.164,-0.143,0.778,NaN,393,0,3.460,-1.326,672.000,201.000,718.000,272.000,NaN,NaN,NaN,NaN,NaN,NaN,NaN
827,591,7143.000,33.444,13.785,0.106,0.046,0.562,NaN,393,0,0.715,-1.279,57.000,192.000,82.000,264.000,NaN,NaN,NaN,NaN,NaN,NaN,NaN
828,90,7144.000,25.773,-4.830,0.015,0.010,0.500,0.001,394,0,-0.010,-1.542,860.000,200.000,887.000,281.000,25.850,-4.690,-0.720,0.720,0.600,1.850,-0.929
829,290,7144.000,19.541,0.046,0.094,0.011,0.886,0.985,394,0,4.434,2.217,599.000,207.000,644.000,325.000,19.560,0.060,-1.310,0.770,0.660,1.730,0.441
830,489,7144.000,24.994,-1.525,0.152,-0.136,0.732,1.000,394,0,2.069,3.500,675.000,197.000,722.000,278.000,24.950,-1.460,-1.240,1.890,0.560,1.860,-0.856
831,591,7144.000,33.550,13.831,0.106,0.046,NaN,NaN,394,0,-0.770,-1.285,NaN,NaN,NaN,NaN,NaN,NaN,NaN,NaN,NaN,NaN,NaN
832,90,7145.000,25.770,-4.867,0.010,-0.004,0.545,NaN,395,0,0.639,-1.310,860.000,200.000,887.000,280.000,NaN,NaN,NaN,NaN,NaN,NaN,NaN
833,290,7145.000,19.638,0.038,0.095,0.006,0.887,NaN,395,0,4.411,-1.327,598.000,208.000,644.000,326.000,NaN,NaN,NaN,NaN,NaN,NaN,NaN
834,489,7145.000,25.150,-1.651,0.153,-0.133,0.748,NaN,395,0,2.906,-1.326,684.000,202.000,730.000,271.000,NaN,NaN,NaN,NaN,NaN,NaN,NaN
835,591,7145.000,33.717,13.870,0.115,0.043,0.698,NaN,395,0,2.128,-1.285,58.000,191.000,86.000,264.000,NaN,NaN,NaN,NaN,NaN,NaN,NaN
836,90,7146.000,25.754,-4.844,0.005,0.003,0.452,0.004,396,0,-0.372,-1.544,860.000,200.000,887.000,280.000,25.760,-4.760,-0.640,0.730,0.400,1.750,0.061
837,290,7146.000,19.646,0.049,0.075,0.006,0.884,0.953,396,0,4.434,2.217,598.000,209.000,642.000,325.000,19.550,0.060,-1.330,1.100,0.510,1.890,3.058
838,489,7146.000,25.203,-1.744,0.132,-0.123,0.661,1.000,396,0,1.190,3.500,696.000,202.000,736.000,273.000,25.120,-1.680,-1.240,1.870,0.600,1.870,-0.856
839,591,7146.000,33.868,13.920,0.120,0.044,0.726,NaN,396,0,2.590,-1.281,58.000,191.000,86.000,264.000,NaN,NaN,NaN,NaN,NaN,NaN,NaN
840,90,7147.000,25.827,-4.758,0.021,0.024,0.481,0.004,397,0,-0.128,-1.544,860.000,200.000,886.000,280.000,25.900,-4.590,-0.730,0.850,0.380,1.790,-1.325
841,290,7147.000,19.764,0.076,0.086,0.009,0.883,0.986,397,0,4.434,2.217,597.000,210.000,642.000,325.000,19.800,0.100,-1.280,0.900,0.620,1.770,0.343
842,489,7147.000,25.348,-1.885,0.136,-0.126,0.718,1.000,397,0,1.934,3.500,698.000,200.000,740.000,269.000,25.360,-1.900,-1.240,1.780,0.530,1.830,-0.801
843,591,7147.000,33.987,13.962,0.120,0.043,NaN,NaN,397,0,-2.529,-1.271,NaN,NaN,NaN,NaN,NaN,NaN,NaN,NaN,NaN,NaN,NaN
844,90,7148.000,25.821,-4.830,0.014,0.004,0.551,NaN,398,0,0.639,-1.303,860.000,200.000,886.000,280.000,NaN,NaN,NaN,NaN,NaN,NaN,NaN
845,290,7148.000,19.852,0.063,0.088,0.003,0.874,NaN,398,0,4.411,-1.326,597.000,210.000,641.000,325.000,NaN,NaN,NaN,NaN,NaN,NaN,NaN
846,489,7148.000,25.485,-2.004,0.137,-0.124,0.747,NaN,398,0,2.906,-1.327,704.000,197.000,747.000,273.000,NaN,NaN,NaN,NaN,NaN,NaN,NaN
847,591,7148.000,34.123,14.020,0.118,0.044,0.749,NaN,398,0,2.906,-1.271,58.000,191.000,86.000,264.000,NaN,NaN,NaN,NaN,NaN,NaN,NaN
848,90,7149.000,25.834,-4.823,0.013,0.006,NaN,NaN,399,0,-2.367,-1.310,NaN,NaN,NaN,NaN,NaN,NaN,NaN,NaN,NaN,NaN,NaN
849,290,7149.000,19.945,0.062,0.089,0.001,0.869,0.948,399,0,4.434,2.217,596.000,208.000,640.000,322.000,19.940,0.060,-1.360,0.930,0.700,1.920,0.324
850,489,7149.000,25.525,-2.083,0.118,-0.114,0.435,0.999,399,0,-0.271,3.500,713.000,200.000,753.000,268.000,25.480,-2.040,-1.290,1.920,0.580,1.900,-0.848
851,591,7149.000,34.240,14.063,0.117,0.043,NaN,NaN,399,0,-2.543,-1.271,NaN,NaN,NaN,NaN,NaN,NaN,NaN,NaN,NaN,NaN,NaN
852,90,7150.000,25.848,-4.869,0.012,-0.006,0.375,NaN,400,0,-0.529,-1.310,860.000,200.000,886.000,272.000,NaN,NaN,NaN,NaN,NaN,NaN,NaN
853,290,7150.000,20.062,0.104,0.096,0.011,0.762,0.965,400,0,3.655,2.217,595.000,207.000,638.000,322.000,20.100,0.150,-1.240,0.920,0.600,1.660,0.262
854,489,7150.000,25.625,-2.188,0.115,-0.112,0.396,1.000,400,0,-0.666,4.938,719.000,208.000,757.000,268.000,25.620,-2.180,-1.320,2.080,0.550,1.860,-0.937
855,591,7150.000,34.356,14.107,0.116,0.044,NaN,NaN,400,0,-2.545,-1.273,NaN,NaN,NaN,NaN,NaN,NaN,NaN,NaN,NaN,NaN,NaN
856,90,7151.000,25.867,-4.901,0.013,-0.013,0.449,NaN,401,0,-0.081,-1.310,861.000,200.000,886.000,280.000,NaN,NaN,NaN,NaN,NaN,NaN,NaN
857,290,7151.000,20.158,0.112,0.097,0.010,0.868,NaN,401,0,4.411,-1.326,593.000,207.000,636.000,323.000,NaN,NaN,NaN,NaN,NaN,NaN,NaN
858,489,7151.000,25.735,-2.342,0.112,-0.122,0.706,NaN,401,0,2.046,-1.326,725.000,212.000,763.000,267.000,NaN,NaN,NaN,NaN,NaN,NaN,NaN
859,591,7151.000,34.471,14.116,0.118,0.036,0.707,NaN,401,0,2.280,-1.273,60.000,191.000,89.000,263.000,NaN,NaN,NaN,NaN,NaN,NaN,NaN
860,90,7152.000,25.775,-4.864,-0.002,-0.001,0.446,0.002,402,0,-0.371,-1.543,861.000,200.000,886.000,280.000,25.740,-4.780,-0.660,0.830,0.530,1.720,-0.041
861,290,7152.000,20.214,0.132,0.084,0.015,0.851,0.968,402,0,4.434,2.217,591.000,208.000,633.000,323.000,20.190,0.150,-1.340,0.800,0.530,1.800,0.483
862,489,7152.000,25.750,-2.393,0.096,-0.105,0.581,0.490,402,0,0.497,-0.034,729.000,200.000,770.000,268.000,25.680,-2.280,-1.330,0.970,0.560,1.810,-0.924
863,591,7152.000,32.986,13.423,-0.014,-0.041,0.704,0.012,402,0,-0.279,-1.959,59.000,190.000,89.000,263.000,32.940,13.190,-0.460,0.630,0.670,1.640,1.031
864,90,7153.000,25.736,-4.792,-0.006,0.016,0.413,0.002,403,0,-0.618,-1.544,861.000,200.000,886.000,279.000,25.720,-4.720,-0.960,0.720,0.610,1.770,1.123
865,290,7153.000,20.296,0.154,0.083,0.016,0.848,0.997,403,0,4.434,2.217,591.000,209.000,632.000,323.000,20.290,0.160,-1.330,0.880,0.500,1.870,-2.864
866,489,7153.000,25.828,-2.488,0.095,-0.105,0.700,0.954,403,0,1.367,4.938,737.000,216.000,772.000,267.000,25.800,-2.470,-1.240,1.900,0.600,1.930,-0.905
867,591,7153.000,32.972,13.381,-0.013,-0.042,NaN,NaN,403,0,-2.307,-1.153,NaN,NaN,NaN,NaN,NaN,NaN,NaN,NaN,NaN,NaN,NaN
868,90,7154.000,25.730,-4.842,-0.006,-0.001,0.462,NaN,404,0,-0.011,-1.309,860.000,200.000,886.000,280.000,NaN,NaN,NaN,NaN,NaN,NaN,NaN
869,290,7154.000,20.376,0.173,0.081,0.016,0.839,NaN,404,0,4.409,-1.325,590.000,210.000,629.000,323.000,NaN,NaN,NaN,NaN,NaN,NaN,NaN
870,489,7154.000,25.912,-2.628,0.095,-0.113,0.611,NaN,404,0,0.895,-1.325,739.000,213.000,778.000,269.000,NaN,NaN,NaN,NaN,NaN,NaN,NaN
871,591,7154.000,32.923,13.416,-0.021,-0.021,0.683,NaN,404,0,1.846,-1.108,59.000,191.000,88.000,263.000,NaN,NaN,NaN,NaN,NaN,NaN,NaN
872,90,7155.000,25.737,-4.803,-0.004,0.008,NaN,0.001,405,0,-3.088,-1.544,823.000,157.000,913.000,252.000,25.750,-4.730,-0.490,1.640,0.590,1.730,0.698
873,290,7155.000,20.486,0.211,0.085,0.021,0.839,0.999,405,0,4.274,2.148,588.000,211.000,626.000,322.000,20.520,0.240,-1.390,0.910,0.670,1.800,0.238
874,489,7155.000,26.036,-2.731,0.102,-0.111,0.609,0.998,405,0,0.658,4.938,744.000,210.000,784.000,264.000,26.070,-2.720,-1.260,1.790,0.580,1.850,-0.971
875,591,7155.000,32.920,13.354,-0.017,-0.032,NaN,0.003,405,0,-3.699,-1.850,60.000,161.000,100.000,235.000,32.970,13.230,-0.480,0.660,0.530,1.760,-1.559
876,90,7156.000,25.710,-4.745,-0.005,0.019,0.474,0.003,406,0,-0.200,-1.544,861.000,200.000,886.000,279.000,25.710,-4.660,-0.560,0.670,0.610,1.950,-1.494
877,290,7156.000,20.651,0.268,0.104,0.029,0.818,0.936,406,0,4.270,2.148,587.000,208.000,625.000,322.000,20.740,0.310,-1.330,0.960,0.710,1.700,0.253
878,489,7156.000,26.140,-2.863,0.101,-0.116,0.546,0.969,406,0,0.327,4.938,749.000,213.000,786.000,271.000,26.150,-2.880,-1.270,1.830,0.580,1.760,-0.914
879,591,7156.000,32.924,13.314,-0.011,-0.033,0.598,0.010,406,0,-0.807,-1.743,58.000,190.000,86.000,263.000,32.950,13.290,-0.460,0.760,0.640,1.660,0.020
880,90,7157.000,25.697,-4.829,-0.008,-0.003,0.341,NaN,407,0,-0.682,-1.306,861.000,200.000,886.000,269.000,NaN,NaN,NaN,NaN,NaN,NaN,NaN
881,290,7157.000,20.759,0.295,0.105,0.027,0.816,NaN,407,0,4.294,-1.320,583.000,208.000,623.000,309.000,NaN,NaN,NaN,NaN,NaN,NaN,NaN
882,489,7157.000,26.245,-2.969,0.103,-0.113,0.537,NaN,407,0,0.339,-1.280,750.000,215.000,790.000,266.000,NaN,NaN,NaN,NaN,NaN,NaN,NaN
883,591,7157.000,32.913,13.282,-0.011,-0.032,NaN,NaN,407,0,-0.777,-1.106,NaN,NaN,NaN,NaN,NaN,NaN,NaN,NaN,NaN,NaN,NaN
884,90,7158.000,25.656,-4.775,-0.015,0.012,0.456,0.008,408,0,-0.284,-1.536,861.000,200.000,886.000,267.000,25.640,-4.660,-0.570,0.700,0.590,1.790,1.486
885,290,7158.000,20.838,0.329,0.101,0.029,0.778,1.000,408,0,3.765,2.148,578.000,208.000,623.000,317.000,20.820,0.340,-1.340,0.780,0.770,1.540,0.365
886,489,7158.000,26.352,-3.068,0.104,-0.109,0.560,NaN,408,0,0.499,-1.288,755.000,208.000,794.000,260.000,NaN,NaN,NaN,NaN,NaN,NaN,NaN
887,591,7158.000,32.902,13.250,-0.011,-0.032,NaN,NaN,408,0,-2.222,-1.111,NaN,NaN,NaN,NaN,NaN,NaN,NaN,NaN,NaN,NaN,NaN
888,90,7159.000,25.676,-4.699,-0.007,0.028,0.223,0.005,409,0,-1.445,-1.535,862.000,200.000,887.000,267.000,25.730,-4.580,-0.660,0.770,0.540,1.960,-1.757
889,290,7159.000,20.950,0.375,0.102,0.032,0.502,0.935,409,0,0.837,2.148,576.000,208.000,624.000,325.000,20.970,0.380,-1.350,1.020,0.670,1.730,0.240
890,489,7159.000,26.393,-3.117,0.091,-0.096,0.128,0.146,409,0,-1.953,-0.915,754.000,215.000,794.000,257.000,26.350,-3.060,-1.180,1.810,0.610,1.710,-0.936
891,591,7159.000,32.891,13.220,-0.011,-0.031,NaN,NaN,409,0,-2.245,-1.122,NaN,NaN,NaN,NaN,NaN,NaN,NaN,NaN,NaN,NaN,NaN
892,90,7160.000,25.652,-4.807,-0.006,-0.007,0.378,NaN,410,0,-0.473,-1.298,862.000,200.000,887.000,266.000,NaN,NaN,NaN,NaN,NaN,NaN,NaN
893,290,7160.000,21.052,0.394,0.102,0.028,0.666,NaN,410,0,2.057,-1.311,574.000,209.000,623.000,326.000,NaN,NaN,NaN,NaN,NaN,NaN,NaN
894,489,7160.000,26.491,-3.198,0.094,-0.093,0.484,NaN,410,0,-0.082,-1.303,762.000,199.000,799.000,259.000,NaN,NaN,NaN,NaN,NaN,NaN,NaN
895,591,7160.000,32.881,13.189,-0.010,-0.031,NaN,NaN,410,0,-1.814,-1.104,NaN,NaN,NaN,NaN,NaN,NaN,NaN,NaN,NaN,NaN,NaN
896,90,7161.000,25.874,-4.817,0.042,-0.009,0.284,0.002,411,0,-1.083,-1.543,862.000,200.000,887.000,266.000,26.110,-4.710,-0.570,1.810,0.400,1.800,-0.007
897,290,7161.000,21.133,0.431,0.097,0.030,0.518,0.973,411,0,1.017,2.148,585.000,210.000,622.000,325.000,21.110,0.430,-1.330,0.940,0.670,1.660,0.192
898,489,7161.000,26.469,-3.251,0.073,-0.088,0.568,0.986,411,0,0.441,4.938,766.000,201.000,802.000,260.000,26.400,-3.200,-1.210,1.820,0.560,1.800,-0.933
899,591,7161.000,32.869,13.158,-0.011,-0.030,NaN,NaN,411,0,-2.211,-1.105,NaN,NaN,NaN,NaN,NaN,NaN,NaN,NaN,NaN,NaN,NaN
900,90,7162.000,25.915,-4.888,0.043,-0.025,0.039,NaN,412,0,-2.666,-1.309,862.000,200.000,886.000,248.000,NaN,NaN,NaN,NaN,NaN,NaN,NaN
901,290,7162.000,21.236,0.445,0.099,0.028,0.216,0.981,412,0,-0.854,2.148,581.000,212.000,621.000,325.000,21.260,0.410,-1.400,0.840,0.650,1.740,0.351
902,489,7162.000,26.545,-3.300,0.072,-0.079,0.577,0.253,412,0,0.273,-0.714,764.000,200.000,801.000,261.000,26.530,-3.240,-1.200,1.810,0.610,1.800,-1.011
903,591,7162.000,32.858,13.127,-0.011,-0.032,NaN,NaN,412,0,-2.261,-1.130,NaN,NaN,NaN,NaN,NaN,NaN,NaN,NaN,NaN,NaN,NaN
904,90,7163.000,25.977,-4.932,0.049,-0.032,0.379,NaN,413,0,-0.314,-1.310,860.000,200.000,887.000,281.000,NaN,NaN,NaN,NaN,NaN,NaN,NaN
905,290,7163.000,21.335,0.457,0.099,0.022,0.346,NaN,413,0,-0.316,-1.304,572.000,211.000,619.000,329.000,NaN,NaN,NaN,NaN,NaN,NaN,NaN
906,489,7163.000,26.624,-3.374,0.073,-0.077,0.689,NaN,413,0,1.982,-1.307,770.000,199.000,809.000,261.000,NaN,NaN,NaN,NaN,NaN,NaN,NaN
907,591,7163.000,32.847,13.094,-0.011,-0.032,NaN,NaN,413,0,-2.291,-1.146,NaN,NaN,NaN,NaN,NaN,NaN,NaN,NaN,NaN,NaN,NaN
908,90,7164.000,25.846,-4.850,0.014,-0.005,0.357,0.010,414,0,-0.799,-1.535,860.000,200.000,887.000,280.000,25.760,-4.680,-1.080,0.650,0.490,1.830,0.728
909,290,7164.000,21.417,0.473,0.095,0.019,0.102,0.998,414,0,-1.610,2.148,571.000,209.000,616.000,329.000,21.420,0.460,-1.350,0.780,0.730,1.510,0.207
910,489,7164.000,26.563,-3.379,0.049,-0.062,0.703,0.999,414,0,1.367,4.938,771.000,201.000,811.000,261.000,26.440,-3.280,-1.210,1.830,0.570,1.800,-1.028
911,591,7164.000,32.836,13.062,-0.012,-0.033,NaN,NaN,414,0,-2.347,-1.174,NaN,NaN,NaN,NaN,NaN,NaN,NaN,NaN,NaN,NaN,NaN
912,90,7165.000,25.766,-4.793,0.001,0.007,0.419,0.003,415,0,-0.573,-1.544,860.000,200.000,887.000,281.000,25.690,-4.720,-0.540,1.870,0.660,1.760,-2.610
913,290,7165.000,21.576,0.501,0.107,0.022,0.245,0.146,415,0,-0.725,-0.663,571.000,209.000,616.000,328.000,21.650,0.510,-1.410,0.790,0.610,1.750,0.548
914,489,7165.000,26.595,-3.422,0.046,-0.057,0.726,0.970,415,0,1.520,6.369,771.000,204.000,813.000,262.000,26.560,-3.370,-1.180,1.910,0.590,1.810,-1.059
915,591,7165.000,32.897,13.248,0.002,-0.014,0.100,0.020,415,0,-3.178,-1.868,59.000,192.000,74.000,237.000,32.890,13.260,-0.540,0.670,0.630,1.760,-2.086
916,695,7165.000,25.150,2.920,0.000,0.000,0.036,0.631,415,0,-2.580,0.497,454.000,210.000,479.000,271.000,25.150,2.920,-1.430,0.860,0.570,1.720,0.284
917,90,7166.000,25.770,-4.846,0.001,-0.010,0.556,NaN,416,0,0.903,-1.309,860.000,200.000,887.000,281.000,NaN,NaN,NaN,NaN,NaN,NaN,NaN
918,290,7166.000,21.682,0.499,0.106,0.016,0.354,NaN,416,0,-0.194,-1.297,571.000,208.000,614.000,330.000,NaN,NaN,NaN,NaN,NaN,NaN,NaN
919,489,7166.000,26.645,-3.483,0.048,-0.056,0.754,NaN,416,0,2.906,-1.314,774.000,199.000,814.000,264.000,NaN,NaN,NaN,NaN,NaN,NaN,NaN
920,591,7166.000,32.704,13.577,-0.028,0.039,0.035,NaN,416,0,-2.147,-1.122,55.000,192.000,72.000,261.000,NaN,NaN,NaN,NaN,NaN,NaN,NaN
921,695,7166.000,25.136,2.910,-0.008,-0.008,0.395,NaN,416,0,-0.401,-1.231,454.000,211.000,481.000,276.000,NaN,NaN,NaN,NaN,NaN,NaN,NaN
922,90,7167.000,25.773,-4.877,0.002,-0.016,0.532,NaN,417,0,0.468,-1.310,860.000,200.000,887.000,279.000,NaN,NaN,NaN,NaN,NaN,NaN,NaN
923,290,7167.000,21.761,0.515,0.101,0.016,0.162,0.406,417,0,-1.254,0.019,571.000,209.000,611.000,330.000,21.740,0.520,-1.450,0.750,0.700,1.570,0.375
924,489,7167.000,26.646,-3.502,0.036,-0.046,0.689,0.998,417,0,0.979,6.369,776.000,199.000,816.000,264.000,26.570,-3.420,-1.200,1.720,0.640,1.780,-1.034
925,591,7167.000,32.658,13.615,-0.030,0.042,0.060,NaN,417,0,-2.101,-1.293,55.000,193.000,72.000,263.000,NaN,NaN,NaN,NaN,NaN,NaN,NaN
926,695,7167.000,25.093,2.860,-0.024,-0.022,0.047,0.024,417,0,-2.434,-1.376,456.000,211.000,487.000,301.000,25.070,2.800,-1.460,0.690,0.680,1.670,0.123
927,90,7168.000,25.667,-4.833,-0.014,0.001,0.210,0.002,418,0,-1.499,-1.543,861.000,200.000,888.000,279.000,25.620,-4.730,-0.650,0.460,0.370,1.700,1.665
928,290,7168.000,21.836,0.524,0.093,0.015,0.127,0.760,418,0,-1.464,1.617,570.000,210.000,611.000,330.000,21.820,0.530,-1.340,0.890,0.720,1.580,0.216
929,489,7168.000,26.672,-3.553,0.034,-0.046,0.159,0.983,418,0,-1.952,6.369,777.000,199.000,813.000,268.000,26.640,-3.560,-1.200,1.800,0.580,1.850,-1.108
930,591,7168.000,32.689,13.662,-0.022,0.037,0.118,0.001,418,0,-3.302,-2.021,58.000,192.000,72.000,252.000,32.750,13.440,-0.480,0.460,0.440,1.710,-1.160
931,695,7168.000,24.989,2.710,-0.058,-0.076,0.351,0.011,418,0,-0.643,-1.431,457.000,211.000,489.000,294.000,24.880,2.560,-1.410,0.390,0.450,1.750,-1.465
932,90,7169.000,25.648,-4.859,-0.018,-0.006,0.541,NaN,419,0,0.556,-1.309,860.000,200.000,887.000,280.000,NaN,NaN,NaN,NaN,NaN,NaN,NaN
933,290,7169.000,21.929,0.525,0.094,0.011,0.208,NaN,419,0,-0.879,-1.292,570.000,211.000,611.000,331.000,NaN,NaN,NaN,NaN,NaN,NaN,NaN
934,489,7169.000,26.710,-3.584,0.036,-0.042,0.758,NaN,419,0,3.077,-1.317,780.000,199.000,817.000,266.000,NaN,NaN,NaN,NaN,NaN,NaN,NaN
935,591,7169.000,32.699,13.671,-0.015,0.027,0.043,NaN,419,0,-2.348,-1.279,55.000,193.000,71.000,263.000,NaN,NaN,NaN,NaN,NaN,NaN,NaN
936,695,7169.000,24.925,2.663,-0.060,-0.067,0.624,NaN,419,0,1.393,-1.299,461.000,210.000,493.000,296.000,NaN,NaN,NaN,NaN,NaN,NaN,NaN
937,90,7170.000,25.634,-4.869,-0.018,-0.005,0.535,NaN,420,0,0.468,-1.308,860.000,200.000,887.000,280.000,NaN,NaN,NaN,NaN,NaN,NaN,NaN
938,290,7170.000,22.021,0.527,0.094,0.009,0.246,NaN,420,0,-0.699,-1.292,569.000,212.000,612.000,331.000,NaN,NaN,NaN,NaN,NaN,NaN,NaN
939,489,7170.000,26.735,-3.607,0.032,-0.039,0.700,0.446,420,0,1.111,-0.282,785.000,199.000,818.000,270.000,26.700,-3.610,-1.170,1.760,0.640,1.760,-1.081
940,591,7170.000,32.696,13.669,-0.014,0.016,0.049,NaN,420,0,-2.218,-1.282,56.000,193.000,70.000,260.000,NaN,NaN,NaN,NaN,NaN,NaN,NaN
941,695,7170.000,24.739,2.535,-0.094,-0.084,0.681,0.163,420,0,1.371,-0.805,468.000,210.000,496.000,297.000,24.700,2.500,-1.250,0.590,0.490,1.670,0.517
942,90,7171.000,25.710,-4.854,-0.002,0.004,0.564,0.009,421,0,0.385,-1.535,860.000,200.000,887.000,279.000,25.770,-4.780,-0.980,0.520,0.430,1.760,1.507
943,290,7171.000,22.087,0.573,0.090,0.019,0.137,0.935,421,0,-1.387,2.238,567.000,211.000,612.000,331.000,22.090,0.610,-1.310,0.790,0.720,1.590,0.379
944,489,7171.000,26.763,-3.663,0.030,-0.043,0.739,0.992,421,0,1.619,6.369,783.000,199.000,821.000,268.000,26.740,-3.690,-1.290,1.920,0.580,1.870,-1.113
945,591,7171.000,32.693,13.674,-0.010,0.011,0.033,NaN,421,0,-2.448,-1.279,55.000,193.000,70.000,263.000,NaN,NaN,NaN,NaN,NaN,NaN,NaN
946,695,7171.000,24.607,2.460,-0.101,-0.079,0.805,0.916,421,0,2.898,3.500,470.000,211.000,498.000,298.000,24.560,2.490,-1.390,0.970,0.440,1.720,-2.536
947,90,7172.000,25.717,-4.878,-0.003,-0.004,0.529,NaN,422,0,0.468,-1.310,861.000,200.000,887.000,279.000,NaN,NaN,NaN,NaN,NaN,NaN,NaN
948,290,7172.000,22.177,0.586,0.089,0.017,0.160,NaN,422,0,-0.977,-1.284,564.000,210.000,611.000,331.000,NaN,NaN,NaN,NaN,NaN,NaN,NaN
949,489,7172.000,26.791,-3.712,0.030,-0.045,0.724,NaN,422,0,2.434,-1.319,787.000,199.000,824.000,272.000,NaN,NaN,NaN,NaN,NaN,NaN,NaN
950,591,7172.000,32.714,13.687,-0.003,0.010,0.038,NaN,422,0,-2.598,-1.276,55.000,191.000,69.000,237.000,NaN,NaN,NaN,NaN,NaN,NaN,NaN
951,695,7172.000,24.495,2.437,-0.103,-0.062,0.819,NaN,422,0,4.311,-1.321,471.000,213.000,501.000,298.000,NaN,NaN,NaN,NaN,NaN,NaN,NaN
952,90,7173.000,25.712,-4.892,-0.004,-0.007,0.577,NaN,423,0,0.862,-1.309,860.000,200.000,888.000,280.000,NaN,NaN,NaN,NaN,NaN,NaN,NaN
953,290,7173.000,22.288,0.632,0.095,0.023,0.525,0.124,423,0,0.990,-0.761,561.000,208.000,603.000,257.000,22.320,0.660,-1.310,0.740,0.720,1.560,0.131
954,489,7173.000,26.788,-3.738,0.025,-0.043,0.699,0.999,423,0,1.111,6.369,789.000,201.000,826.000,270.000,26.760,-3.700,-1.210,1.810,0.590,1.870,-1.070
955,591,7173.000,32.711,13.697,-0.003,0.010,NaN,NaN,423,0,-0.764,-1.276,NaN,NaN,NaN,NaN,NaN,NaN,NaN,NaN,NaN,NaN,NaN
956,695,7173.000,24.384,2.392,-0.104,-0.057,0.832,0.408,423,0,3.532,-0.132,474.000,215.000,503.000,301.000,24.380,2.430,-1.470,0.840,0.530,1.830,-2.955
957,90,7174.000,25.708,-4.901,-0.004,-0.009,NaN,NaN,424,0,-2.617,-1.309,NaN,NaN,NaN,NaN,NaN,NaN,NaN,NaN,NaN,NaN,NaN
958,290,7174.000,22.409,0.670,0.106,0.025,0.028,0.716,424,0,-2.525,1.359,560.000,207.000,608.000,330.000,22.440,0.680,-1.320,0.850,0.580,1.670,0.266
959,489,7174.000,26.793,-3.748,0.022,-0.033,0.707,0.998,424,0,1.256,6.369,788.000,202.000,823.000,269.000,26.760,-3.680,-1.160,1.950,0.600,1.800,-1.052
960,591,7174.000,32.639,13.621,-0.007,-0.009,NaN,0.002,424,0,-4.016,-2.008,50.000,154.000,87.000,235.000,32.720,13.400,-0.400,0.580,0.540,1.890,0.849
961,695,7174.000,24.273,2.343,-0.104,-0.055,0.831,0.103,424,0,3.532,-0.949,475.000,215.000,504.000,302.000,24.270,2.360,-1.390,0.870,0.530,1.780,-0.025
962,90,7175.000,25.704,-4.903,-0.004,-0.006,0.561,NaN,425,0,0.715,-1.308,860.000,200.000,888.000,279.000,NaN,NaN,NaN,NaN,NaN,NaN,NaN
963,290,7175.000,22.516,0.693,0.106,0.024,0.448,NaN,425,0,-0.264,-1.278,559.000,208.000,603.000,254.000,NaN,NaN,NaN,NaN,NaN,NaN,NaN
964,489,7175.000,26.822,-3.752,0.024,-0.024,0.692,NaN,425,0,1.982,-1.321,787.000,198.000,823.000,270.000,NaN,NaN,NaN,NaN,NaN,NaN,NaN
965,591,7175.000,32.632,13.611,-0.007,-0.010,NaN,NaN,425,0,-0.902,-1.283,NaN,NaN,NaN,NaN,NaN,NaN,NaN,NaN,NaN,NaN,NaN
966,695,7175.000,24.170,2.317,-0.102,-0.048,0.830,NaN,425,0,4.413,-1.326,477.000,213.000,507.000,302.000,NaN,NaN,NaN,NaN,NaN,NaN,NaN
967,90,7176.000,25.704,-4.897,-0.002,-0.003,0.577,NaN,426,0,0.862,-1.308,860.000,200.000,887.000,278.000,NaN,NaN,NaN,NaN,NaN,NaN,NaN
968,290,7176.000,22.622,0.705,0.105,0.019,0.094,NaN,426,0,-1.819,-1.279,559.000,209.000,603.000,278.000,NaN,NaN,NaN,NaN,NaN,NaN,NaN
969,489,7176.000,26.840,-3.749,0.022,-0.017,0.673,1.000,426,0,0.780,6.369,787.000,199.000,824.000,269.000,26.820,-3.720,-1.220,1.850,0.580,1.870,-1.026
970,591,7176.000,32.626,13.601,-0.006,-0.010,NaN,NaN,426,0,-2.566,-1.283,NaN,NaN,NaN,NaN,NaN,NaN,NaN,NaN,NaN,NaN,NaN
971,695,7176.000,24.065,2.268,-0.104,-0.048,0.857,0.214,426,0,4.119,-0.613,480.000,212.000,510.000,302.000,24.060,2.280,-1.460,0.990,0.480,1.890,3.194
972,90,7177.000,25.709,-4.881,0.002,0.004,0.032,0.154,427,0,-2.970,-0.917,860.000,200.000,888.000,307.000,25.740,-4.820,-1.250,0.730,0.560,1.710,-0.683
973,290,7177.000,22.802,0.726,0.123,0.019,0.420,0.300,427,0,-0.049,-0.273,559.000,210.000,602.000,262.000,22.860,0.770,-1.420,0.690,0.670,1.800,0.334
974,489,7177.000,26.827,-3.742,0.014,-0.010,0.455,0.999,427,0,-0.480,6.369,793.000,200.000,823.000,265.000,26.750,-3.720,-1.250,1.920,0.580,1.800,-1.098
975,591,7177.000,32.620,13.590,-0.005,-0.011,NaN,NaN,427,0,-2.566,-1.283,NaN,NaN,NaN,NaN,NaN,NaN,NaN,NaN,NaN,NaN,NaN
976,695,7177.000,23.963,2.224,-0.104,-0.047,0.836,0.695,427,0,3.682,0.946,481.000,213.000,512.000,302.000,23.940,2.240,-1.370,0.820,0.590,1.730,0.164
977,90,7178.000,25.712,-4.892,-0.005,-0.001,0.048,NaN,428,0,-1.808,-1.308,860.000,200.000,888.000,311.000,NaN,NaN,NaN,NaN,NaN,NaN,NaN
978,290,7178.000,22.922,0.728,0.123,0.014,0.169,NaN,428,0,-1.573,-1.282,559.000,210.000,602.000,262.000,NaN,NaN,NaN,NaN,NaN,NaN,NaN
979,489,7178.000,26.845,-3.757,0.015,-0.011,0.572,NaN,428,0,0.787,-1.321,792.000,198.000,823.000,266.000,NaN,NaN,NaN,NaN,NaN,NaN,NaN
980,695,7178.000,23.861,2.166,-0.105,-0.049,0.831,NaN,428,0,4.413,-1.327,482.000,216.000,519.000,302.000,NaN,NaN,NaN,NaN,NaN,NaN,NaN
981,90,7179.000,25.700,-4.891,-0.007,0.001,0.308,NaN,429,0,-0.790,-1.309,861.000,200.000,886.000,272.000,NaN,NaN,NaN,NaN,NaN,NaN,NaN
982,290,7179.000,22.989,0.723,0.111,0.010,NaN,0.014,429,0,-2.725,-1.354,560.000,201.000,600.000,311.000,22.960,0.710,-1.370,0.800,0.650,1.810,0.071
983,489,7179.000,26.849,-3.755,0.013,-0.010,0.460,1.000,429,0,-0.480,6.369,785.000,198.000,824.000,269.000,26.820,-3.750,-1.180,1.790,0.590,1.760,-1.076
984,695,7179.000,23.809,2.082,-0.091,-0.059,0.852,0.001,429,0,3.866,-1.461,486.000,217.000,520.000,304.000,23.850,2.040,-1.310,0.760,0.650,1.710,-0.115
985,90,7180.000,25.663,-4.832,-0.010,0.016,0.401,0.007,430,0,-0.657,-1.535,861.000,200.000,887.000,277.000,25.660,-4.700,-0.640,0.690,0.460,1.740,0.523
986,290,7180.000,23.030,0.729,0.095,0.012,0.068,0.373,430,0,-1.998,-0.140,559.000,207.000,602.000,261.000,22.970,0.750,-1.410,0.740,0.720,1.870,-0.025
987,489,7180.000,26.847,-3.742,0.009,-0.004,0.324,0.963,430,0,-1.170,6.369,793.000,200.000,823.000,268.000,26.810,-3.720,-1.240,1.750,0.580,1.820,-1.092
988,695,7180.000,23.686,2.020,-0.096,-0.057,0.828,0.360,430,0,3.532,-0.237,487.000,217.000,521.000,304.000,23.650,2.040,-1.360,0.820,0.690,1.630,0.190
989,90,7181.000,25.646,-4.862,-0.010,-0.000,0.278,NaN,431,0,-0.873,-1.309,862.000,200.000,887.000,275.000,NaN,NaN,NaN,NaN,NaN,NaN,NaN
990,290,7181.000,23.121,0.735,0.093,0.010,0.261,NaN,431,0,-1.120,-1.272,559.000,206.000,600.000,253.000,NaN,NaN,NaN,NaN,NaN,NaN,NaN
991,489,7181.000,26.856,-3.762,0.010,-0.008,0.451,NaN,431,0,-0.081,-1.321,794.000,199.000,823.000,265.000,NaN,NaN,NaN,NaN,NaN,NaN,NaN
992,695,7181.000,23.584,1.975,-0.097,-0.055,0.820,NaN,431,0,4.311,-1.327,491.000,216.000,526.000,304.000,NaN,NaN,NaN,NaN,NaN,NaN,NaN
993,90,7182.000,25.640,-4.880,-0.008,-0.006,0.283,NaN,432,0,-0.872,-1.308,861.000,200.000,887.000,274.000,NaN,NaN,NaN,NaN,NaN,NaN,NaN
994,290,7182.000,23.203,0.761,0.091,0.015,0.120,0.539,432,0,-1.600,0.450,558.000,206.000,599.000,253.000,23.180,0.790,-1.320,0.740,0.650,1.690,-0.089
995,489,7182.000,26.835,-3.742,0.001,-0.002,0.031,0.999,432,0,-3.129,6.369,784.000,198.000,812.000,264.000,26.780,-3.690,-1.240,1.900,0.580,1.800,-1.101
996,695,7182.000,23.491,1.918,-0.096,-0.052,0.834,0.422,432,0,3.816,-0.026,495.000,215.000,530.000,304.000,23.490,1.920,-1.400,0.930,0.580,1.750,-0.250
997,90,7183.000,25.664,-4.858,-0.002,0.003,0.323,0.265,433,0,-0.977,-0.599,861.000,200.000,887.000,277.000,25.700,-4.770,-1.180,0.710,0.650,1.730,-0.521
998,290,7183.000,23.303,0.785,0.094,0.019,0.665,0.506,433,0,1.682,0.327,558.000,207.000,598.000,253.000,23.310,0.790,-1.330,0.710,0.690,1.760,0.111
999,489,7183.000,26.843,-3.742,0.003,-0.000,0.514,0.999,433,0,-0.165,6.369,795.000,200.000,823.000,266.000,26.830,-3.740,-1.160,1.910,0.610,1.880,-1.092
1000,695,7183.000,23.330,1.849,-0.110,-0.057,0.862,0.048,433,0,4.247,-1.207,497.000,215.000,532.000,304.000,23.270,1.820,-1.350,0.840,0.560,1.740,-0.180
1001,723,7183.000,27.270,3.070,0.000,0.000,0.065,0.018,433,0,-2.641,-1.548,453.000,205.000,479.000,280.000,27.270,3.070,-1.350,0.750,0.690,1.820,-1.478
1002,90,7184.000,25.660,-4.878,0.000,-0.003,0.293,NaN,434,0,-0.835,-1.308,861.000,200.000,887.000,279.000,NaN,NaN,NaN,NaN,NaN,NaN,NaN
1003,290,7184.000,23.394,0.796,0.093,0.018,0.050,NaN,434,0,-2.204,-1.274,558.000,206.000,596.000,279.000,NaN,NaN,NaN,NaN,NaN,NaN,NaN
1004,489,7184.000,26.847,-3.764,0.002,-0.005,0.301,NaN,434,0,-0.817,-1.321,794.000,202.000,823.000,265.000,NaN,NaN,NaN,NaN,NaN,NaN,NaN
1005,695,7184.000,23.217,1.793,-0.112,-0.057,0.838,NaN,434,0,4.474,-1.327,500.000,215.000,536.000,306.000,NaN,NaN,NaN,NaN,NaN,NaN,NaN
1006,723,7184.000,27.258,3.159,0.004,0.028,0.043,NaN,434,0,-2.354,-1.283,454.000,210.000,478.000,275.000,NaN,NaN,NaN,NaN,NaN,NaN,NaN
1007,90,7185.000,25.639,-4.844,-0.002,0.007,0.401,0.019,435,0,-0.657,-1.518,861.000,200.000,887.000,280.000,25.660,-4.760,-0.610,0.930,0.550,1.860,-1.535
1008,290,7185.000,23.476,0.823,0.092,0.020,0.609,0.004,435,0,1.347,-1.362,556.000,208.000,593.000,252.000,23.470,0.840,-1.350,0.710,0.620,1.780,0.146
1009,489,7185.000,26.818,-3.733,-0.004,0.006,0.463,0.997,435,0,-0.480,6.369,783.000,199.000,824.000,268.000,26.750,-3.670,-1.250,1.860,0.590,1.840,-1.040
1010,695,7185.000,23.141,1.767,-0.103,-0.050,0.823,0.937,435,0,3.717,2.467,503.000,216.000,540.000,304.000,23.160,1.810,-1.430,0.830,0.530,1.630,0.235
1011,723,7185.000,27.185,3.142,-0.022,0.011,0.083,0.001,435,0,-2.312,-1.518,454.000,215.000,480.000,275.000,27.140,3.110,-1.380,0.710,0.640,1.740,-0.509
1012,90,7186.000,25.617,-4.822,-0.005,0.012,0.496,0.008,436,0,-0.010,-1.535,861.000,201.000,887.000,279.000,25.600,-4.810,-0.760,0.520,0.420,1.850,1.991
1013,290,7186.000,23.573,0.838,0.094,0.018,0.519,0.074,436,0,0.552,-1.051,556.000,208.000,593.000,252.000,23.590,0.850,-1.450,0.770,0.680,1.860,0.184
1014,489,7186.000,26.793,-3.697,-0.009,0.014,0.722,0.996,436,0,1.397,6.369,782.000,198.000,823.000,266.000,26.740,-3.670,-1.210,1.800,0.590,1.850,-1.081
1015,695,7186.000,22.952,1.720,-0.120,-0.050,0.868,0.008,436,0,4.507,-1.410,504.000,216.000,541.000,308.000,22.860,1.730,-1.530,0.860,0.560,1.850,0.127
1016,723,7186.000,27.171,3.158,-0.020,0.013,0.196,NaN,436,0,-1.364,-1.242,454.000,216.000,480.000,273.000,NaN,NaN,NaN,NaN,NaN,NaN,NaN
1017,90,7187.000,25.601,-4.858,-0.005,0.001,0.465,NaN,437,0,0.237,-1.309,861.000,200.000,887.000,281.000,NaN,NaN,NaN,NaN,NaN,NaN,NaN
1018,290,7187.000,23.669,0.846,0.095,0.015,0.696,NaN,437,0,1.890,-1.273,555.000,207.000,593.000,253.000,NaN,NaN,NaN,NaN,NaN,NaN,NaN
1019,489,7187.000,26.787,-3.668,-0.008,0.018,0.666,NaN,437,0,1.724,-1.320,782.000,198.000,824.000,267.000,NaN,NaN,NaN,NaN,NaN,NaN,NaN
1020,695,7187.000,22.827,1.652,-0.123,-0.053,0.865,NaN,437,0,4.491,-1.327,508.000,217.000,544.000,311.000,NaN,NaN,NaN,NaN,NaN,NaN,NaN
1021,723,7187.000,27.173,3.205,-0.013,0.024,0.042,NaN,437,0,-2.524,-1.240,454.000,214.000,474.000,271.000,NaN,NaN,NaN,NaN,NaN,NaN,NaN
1022,90,7188.000,25.614,-4.841,-0.001,0.006,0.502,0.004,438,0,-0.010,-1.542,861.000,200.000,887.000,280.000,25.640,-4.790,-0.880,0.620,0.390,1.680,1.174
1023,290,7188.000,23.743,0.852,0.089,0.014,0.705,0.713,438,0,1.892,1.025,554.000,206.000,593.000,254.000,23.720,0.840,-1.310,0.810,0.490,1.730,-2.793
1024,489,7188.000,26.860,-3.774,0.007,-0.011,0.760,0.284,438,0,1.766,-0.635,781.000,198.000,824.000,269.000,26.910,-3.940,-1.120,2.190,0.590,1.900,-1.021
1025,695,7188.000,22.739,1.582,-0.118,-0.057,0.845,0.452,438,0,4.051,0.081,511.000,216.000,547.000,311.000,22.780,1.550,-1.460,0.990,0.510,1.720,-2.604
1026,723,7188.000,27.160,3.231,-0.013,0.025,NaN,NaN,438,0,-2.493,-1.246,NaN,NaN,NaN,NaN,NaN,NaN,NaN,NaN,NaN,NaN,NaN
1027,90,7189.000,25.607,-4.804,-0.004,0.013,0.492,0.015,439,0,-0.067,-1.535,861.000,200.000,887.000,280.000,25.620,-4.750,-0.580,0.910,0.560,1.810,-1.590
1028,290,7189.000,23.853,0.879,0.094,0.018,0.173,0.736,439,0,-1.383,1.234,553.000,205.000,593.000,254.000,23.860,0.890,-1.350,1.990,0.530,1.800,0.109
1029,489,7189.000,26.840,-3.755,0.000,-0.003,0.747,0.998,439,0,1.698,6.369,780.000,198.000,824.000,269.000,26.810,-3.720,-1.170,1.740,0.590,1.780,-1.106
1030,695,7189.000,22.625,1.519,-0.116,-0.057,0.841,0.020,439,0,3.916,-1.389,513.000,215.000,548.000,310.000,22.640,1.510,-1.350,0.770,0.640,1.820,-0.336
1031,723,7189.000,26.721,3.062,-0.093,-0.029,0.081,0.007,439,0,-2.309,-1.510,454.000,210.000,485.000,269.000,26.710,2.900,-1.340,0.820,0.510,1.740,-1.994
1032,90,7190.000,25.587,-4.847,-0.004,0.000,0.537,NaN,440,0,0.556,-1.309,861.000,201.000,887.000,280.000,NaN,NaN,NaN,NaN,NaN,NaN,NaN
1033,290,7190.000,23.951,0.888,0.096,0.015,0.596,NaN,440,0,0.810,-1.264,552.000,204.000,593.000,253.000,NaN,NaN,NaN,NaN,NaN,NaN,NaN
1034,489,7190.000,26.851,-3.714,0.003,0.007,0.751,NaN,440,0,2.906,-1.321,779.000,198.000,824.000,268.000,NaN,NaN,NaN,NaN,NaN,NaN,NaN
1035,695,7190.000,22.509,1.492,-0.118,-0.049,0.846,NaN,440,0,4.491,-1.324,515.000,214.000,549.000,310.000,NaN,NaN,NaN,NaN,NaN,NaN,NaN
1036,723,7190.000,26.653,3.007,-0.085,-0.036,0.087,NaN,440,0,-1.771,-1.245,454.000,207.000,490.000,286.000,NaN,NaN,NaN,NaN,NaN,NaN,NaN
1037,90,7191.000,25.613,-4.809,0.005,0.009,0.519,0.024,441,0,0.126,-1.518,861.000,200.000,887.000,279.000,25.670,-4.720,-0.610,0.860,0.560,1.830,-1.696
1038,290,7191.000,24.080,0.899,0.100,0.016,0.688,0.824,441,0,1.748,1.696,552.000,207.000,592.000,253.000,24.110,0.890,-1.350,0.760,0.610,1.760,-0.043
1039,489,7191.000,26.842,-3.719,0.000,0.004,0.732,0.999,441,0,1.520,6.369,780.000,198.000,825.000,267.000,26.810,-3.750,-1.190,1.690,0.580,1.800,-1.079
1040,695,7191.000,22.436,1.460,-0.108,-0.045,0.761,0.417,441,0,3.233,0.048,518.000,215.000,552.000,310.000,22.490,1.470,-1.400,0.910,0.540,1.790,-0.122
1041,723,7191.000,26.568,2.970,-0.085,-0.036,NaN,NaN,441,0,-0.724,-1.280,NaN,NaN,NaN,NaN,NaN,NaN,NaN,NaN,NaN,NaN,NaN
1042,732,7191.000,29.860,2.970,0.000,0.000,0.227,0.072,441,0,-2.133,-1.544,456.000,205.000,494.000,287.000,29.860,2.970,-1.280,0.670,0.700,1.800,2.171
1043,90,7192.000,25.612,-4.846,0.003,-0.003,0.535,NaN,442,0,0.468,-1.309,861.000,200.000,887.000,280.000,NaN,NaN,NaN,NaN,NaN,NaN,NaN
1044,290,7192.000,24.189,0.894,0.101,0.011,0.704,0.255,442,0,1.892,-0.430,552.000,206.000,591.000,253.000,24.220,0.860,-1.370,0.730,0.670,1.780,0.183
1045,489,7192.000,26.832,-3.700,-0.001,0.008,0.739,0.999,442,0,1.619,6.369,781.000,198.000,825.000,267.000,26.820,-3.680,-1.160,1.880,0.600,1.830,-1.105
1046,695,7192.000,22.315,1.395,-0.113,-0.049,0.526,0.929,442,0,0.990,2.238,520.000,217.000,553.000,303.000,22.290,1.360,-1.330,0.820,0.680,1.680,-0.659
1047,723,7192.000,26.507,2.881,-0.080,-0.050,0.103,0.140,442,0,-2.241,-1.010,456.000,212.000,491.000,286.000,26.510,2.800,-1.290,1.040,0.560,1.850,-2.807
1048,732,7192.000,29.812,2.877,-0.008,-0.030,0.273,0.119,442,0,-1.917,-1.367,472.000,208.000,490.000,288.000,29.770,2.830,-1.380,0.830,0.610,1.820,1.150
1049,90,7193.000,25.609,-4.867,0.001,-0.012,0.561,NaN,443,0,0.715,-1.308,861.000,201.000,887.000,280.000,NaN,NaN,NaN,NaN,NaN,NaN,NaN
1050,290,7193.000,24.294,0.904,0.102,0.011,0.028,NaN,443,0,-2.422,-1.266,553.000,207.000,590.000,279.000,NaN,NaN,NaN,NaN,NaN,NaN,NaN
1051,489,7193.000,26.836,-3.686,-0.000,0.010,0.711,NaN,443,0,2.280,-1.320,782.000,198.000,825.000,268.000,NaN,NaN,NaN,NaN,NaN,NaN,NaN
1052,695,7193.000,22.203,1.327,-0.113,-0.055,0.338,NaN,443,0,-0.690,-1.320,524.000,218.000,561.000,296.000,NaN,NaN,NaN,NaN,NaN,NaN,NaN
1053,723,7193.000,26.418,2.864,-0.080,-0.044,0.149,NaN,443,0,-1.333,-1.285,459.000,207.000,492.000,289.000,NaN,NaN,NaN,NaN,NaN,NaN,NaN
1054,732,7193.000,29.829,2.880,0.015,-0.009,0.697,NaN,443,0,2.128,-1.325,484.000,206.000,501.000,276.000,NaN,NaN,NaN,NaN,NaN,NaN,NaN
1055,90,7194.000,25.680,-4.872,0.015,-0.009,0.564,0.009,444,0,0.385,-1.535,861.000,200.000,887.000,281.000,25.720,-4.850,-1.170,0.690,0.610,1.740,-0.386
1056,290,7194.000,24.417,0.940,0.105,0.017,0.041,0.172,444,0,-2.554,-0.689,529.000,207.000,590.000,305.000,24.430,0.980,-1.280,0.740,0.640,1.580,0.479
1057,489,7194.000,26.797,-3.668,-0.009,0.013,0.495,0.984,444,0,-0.272,6.369,797.000,201.000,824.000,269.000,26.780,-3.690,-1.190,1.930,0.590,1.890,-1.098
1058,695,7194.000,22.083,1.268,-0.111,-0.055,0.170,0.878,444,0,-1.208,2.238,529.000,217.000,561.000,305.000,22.070,1.260,-1.450,0.800,0.630,1.750,0.027
1059,723,7194.000,26.332,2.769,-0.078,-0.055,0.586,0.131,444,0,0.553,-0.967,473.000,206.000,495.000,290.000,26.350,2.690,-1.290,0.970,0.470,1.840,-2.751
1060,732,7194.000,29.740,2.818,-0.017,-0.031,0.709,0.051,444,0,0.526,-1.685,486.000,206.000,505.000,277.000,29.670,2.750,-1.270,0.750,0.660,1.810,0.359
1061,90,7195.000,25.694,-4.852,0.013,-0.000,0.026,0.008,445,0,-2.970,-1.535,861.000,200.000,885.000,250.000,25.680,-4.790,-0.640,0.650,0.600,1.780,-0.968
1062,290,7195.000,24.528,0.969,0.107,0.020,0.033,0.497,445,0,-2.771,0.099,558.000,206.000,589.000,277.000,24.520,0.980,-1.230,0.780,0.640,1.750,0.491
1063,489,7195.000,26.794,-3.650,-0.009,0.016,0.662,0.340,445,0,0.704,-0.536,783.000,198.000,825.000,266.000,26.790,-3.660,-1.250,1.950,0.610,1.800,-1.113
1064,695,7195.000,21.965,1.173,-0.113,-0.069,0.224,0.825,445,0,-0.936,2.036,530.000,217.000,566.000,299.000,21.950,1.100,-1.350,0.830,0.620,1.760,-0.132
1065,723,7195.000,26.233,2.671,-0.082,-0.065,0.701,0.490,445,0,1.367,-0.033,474.000,206.000,496.000,288.000,26.230,2.610,-1.380,0.920,0.460,1.790,-2.541
1066,732,7195.000,29.632,2.699,-0.039,-0.061,0.695,0.387,445,0,0.266,-0.740,489.000,206.000,508.000,274.000,29.580,2.600,-1.210,0.760,0.710,1.800,-1.300
1067,90,7196.000,25.714,-4.883,0.015,-0.008,0.510,NaN,446,0,0.306,-1.309,861.000,200.000,887.000,280.000,NaN,NaN,NaN,NaN,NaN,NaN,NaN
1068,290,7196.000,24.634,1.018,0.107,0.027,0.037,NaN,446,0,-2.327,-1.268,538.000,205.000,587.000,279.000,NaN,NaN,NaN,NaN,NaN,NaN,NaN
1069,489,7196.000,26.788,-3.651,-0.007,0.013,0.693,NaN,446,0,1.982,-1.319,783.000,198.000,825.000,265.000,NaN,NaN,NaN,NaN,NaN,NaN,NaN
1070,695,7196.000,21.849,1.152,-0.112,-0.056,0.149,NaN,446,0,-1.340,-1.291,530.000,215.000,565.000,297.000,NaN,NaN,NaN,NaN,NaN,NaN,NaN
1071,723,7196.000,26.159,2.646,-0.077,-0.056,0.677,NaN,446,0,2.039,-1.317,472.000,208.000,499.000,289.000,NaN,NaN,NaN,NaN,NaN,NaN,NaN
1072,732,7196.000,29.619,2.669,-0.035,-0.052,0.702,NaN,446,0,2.128,-1.326,490.000,205.000,512.000,276.000,NaN,NaN,NaN,NaN,NaN,NaN,NaN
1073,90,7197.000,25.730,-4.895,0.014,-0.009,0.543,NaN,447,0,0.556,-1.309,860.000,200.000,887.000,278.000,NaN,NaN,NaN,NaN,NaN,NaN,NaN
1074,290,7197.000,24.720,1.048,0.102,0.026,0.090,0.236,447,0,-2.005,-0.566,537.000,214.000,583.000,294.000,24.700,1.050,-1.230,0.770,0.630,1.740,-0.079
1075,489,7197.000,26.754,-3.627,-0.015,0.015,0.711,0.596,447,0,1.256,0.189,784.000,199.000,825.000,268.000,26.730,-3.620,-1.160,1.860,0.590,1.850,-1.119
1076,695,7197.000,21.781,1.111,-0.104,-0.051,0.405,0.086,447,0,0.039,-0.866,540.000,213.000,583.000,262.000,21.810,1.160,-1.480,0.770,0.620,1.740,0.197
1077,723,7197.000,26.039,2.572,-0.087,-0.060,0.725,0.889,447,0,1.662,2.777,473.000,209.000,499.000,291.000,26.010,2.540,-1.400,0.880,0.550,1.850,-2.351
1078,732,7197.000,29.458,2.575,-0.065,-0.059,0.765,0.244,447,0,1.256,-0.947,491.000,204.000,517.000,276.000,29.380,2.520,-1.260,0.920,0.460,1.830,0.861
1079,90,7198.000,25.742,-4.909,0.012,-0.011,0.522,NaN,448,0,0.383,-1.309,861.000,200.000,887.000,278.000,NaN,NaN,NaN,NaN,NaN,NaN,NaN
1080,290,7198.000,24.823,1.077,0.103,0.030,0.667,0.556,448,0,1.273,0.304,542.000,216.000,582.000,260.000,24.810,1.070,-1.310,0.700,0.670,1.770,0.232
1081,489,7198.000,26.730,-3.604,-0.017,0.016,0.698,0.981,448,0,1.111,6.369,784.000,198.000,825.000,268.000,26.720,-3.600,-1.230,1.730,0.580,1.790,-1.058
1082,695,7198.000,21.643,1.030,-0.112,-0.060,0.065,0.360,448,0,-2.081,-0.100,536.000,215.000,582.000,294.000,21.590,0.980,-1.570,0.770,0.660,1.770,0.244
1083,723,7198.000,25.931,2.513,-0.093,-0.059,0.768,0.242,448,0,2.118,-0.670,474.000,209.000,500.000,292.000,25.920,2.510,-1.290,0.930,0.510,1.870,-2.378
1084,732,7198.000,29.419,2.516,-0.059,-0.055,0.756,0.051,448,0,1.256,-1.601,493.000,204.000,518.000,277.000,29.440,2.540,-1.390,0.540,0.410,1.780,0.973
1085,90,7199.000,25.754,-4.913,0.012,-0.008,0.440,NaN,449,0,-0.150,-1.308,861.000,200.000,887.000,278.000,NaN,NaN,NaN,NaN,NaN,NaN,NaN
1086,290,7199.000,24.929,1.100,0.104,0.029,0.055,NaN,449,0,-2.208,-1.276,545.000,218.000,580.000,279.000,NaN,NaN,NaN,NaN,NaN,NaN,NaN
1087,489,7199.000,26.706,-3.626,-0.017,0.008,0.741,NaN,449,0,2.746,-1.318,783.000,198.000,825.000,266.000,NaN,NaN,NaN,NaN,NaN,NaN,NaN
1088,695,7199.000,21.531,0.969,-0.112,-0.061,NaN,NaN,449,0,-2.716,-1.280,NaN,NaN,NaN,NaN,NaN,NaN,NaN,NaN,NaN,NaN,NaN
1089,723,7199.000,25.829,2.539,-0.098,-0.039,0.680,NaN,449,0,2.039,-1.326,474.000,208.000,501.000,292.000,NaN,NaN,NaN,NaN,NaN,NaN,NaN
1090,732,7199.000,29.358,2.466,-0.059,-0.053,0.769,NaN,449,0,3.261,-1.327,494.000,204.000,523.000,277.000,NaN,NaN,NaN,NaN,NaN,NaN,NaN
1091,90,7200.000,25.646,-4.869,-0.008,0.003,0.443,0.012,450,0,-0.451,-1.535,861.000,200.000,887.000,270.000,25.640,-4.790,-0.860,0.670,0.490,1.690,1.928
1092,290,7200.000,25.006,1.148,0.099,0.032,0.035,0.240,450,0,-2.790,-0.569,542.000,209.000,579.000,283.000,24.960,1.200,-1.390,0.660,0.700,1.790,-0.034
1093,489,7200.000,26.748,-3.638,-0.002,0.003,0.762,0.983,450,0,1.766,6.369,783.000,198.000,825.000,266.000,26.790,-3.660,-1.190,1.850,0.620,1.850,-1.060
1094,695,7200.000,21.463,0.893,-0.101,-0.062,0.430,0.104,450,0,0.286,-0.788,543.000,208.000,578.000,255.000,21.490,0.880,-1.500,0.790,0.640,1.750,0.464
1095,723,7200.000,25.797,2.502,-0.083,-0.039,0.781,0.869,450,0,2.198,2.113,476.000,207.000,502.000,292.000,25.850,2.480,-1.300,0.600,0.520,1.780,-1.350
1096,732,7200.000,29.275,2.395,-0.062,-0.055,0.765,0.975,450,0,1.256,5.442,497.000,205.000,526.000,278.000,29.240,2.360,-1.420,0.770,0.680,1.740,0.860
1097,90,7201.000,25.637,-4.865,-0.009,0.004,NaN,NaN,451,0,-2.616,-1.308,NaN,NaN,NaN,NaN,NaN,NaN,NaN,NaN,NaN,NaN,NaN
1098,290,7201.000,25.089,1.219,0.094,0.043,0.149,0.723,451,0,-1.653,0.967,542.000,207.000,559.000,255.000,25.080,1.270,-1.310,0.760,0.630,1.690,0.326
1099,489,7201.000,26.747,-3.658,-0.002,-0.004,0.753,0.908,451,0,1.698,4.589,783.000,198.000,824.000,266.000,26.740,-3.690,-1.230,1.830,0.580,1.790,-1.118
1100,695,7201.000,21.310,0.807,-0.113,-0.066,0.264,0.090,451,0,-0.562,-0.822,551.000,219.000,581.000,280.000,21.250,0.780,-1.420,0.790,0.640,1.780,0.138
1101,723,7201.000,25.691,2.426,-0.090,-0.047,0.734,0.690,451,0,1.790,0.615,476.000,208.000,502.000,292.000,25.660,2.340,-1.340,1.030,0.440,1.820,-2.307
1102,732,7201.000,29.168,2.302,-0.073,-0.065,0.787,0.566,451,0,1.466,-0.119,498.000,206.000,529.000,278.000,29.090,2.250,-1.350,0.690,0.670,1.740,0.684
1103,90,7202.000,25.618,-4.878,-0.010,-0.001,0.474,NaN,452,0,0.057,-1.308,861.000,200.000,887.000,277.000,NaN,NaN,NaN,NaN,NaN,NaN,NaN
1104,290,7202.000,25.186,1.233,0.095,0.035,0.030,NaN,452,0,-2.453,-1.282,539.000,205.000,576.000,280.000,NaN,NaN,NaN,NaN,NaN,NaN,NaN
1105,489,7202.000,26.743,-3.668,-0.002,-0.007,0.747,NaN,452,0,2.906,-1.319,783.000,198.000,825.000,266.000,NaN,NaN,NaN,NaN,NaN,NaN,NaN
1106,695,7202.000,21.190,0.793,-0.116,-0.054,0.172,NaN,452,0,-1.384,-1.272,555.000,218.000,585.000,279.000,NaN,NaN,NaN,NaN,NaN,NaN,NaN
1107,723,7202.000,25.606,2.418,-0.089,-0.038,0.743,NaN,452,0,2.907,-1.327,480.000,207.000,508.000,293.000,NaN,NaN,NaN,NaN,NaN,NaN,NaN
1108,732,7202.000,29.108,2.252,-0.068,-0.061,0.790,NaN,452,0,3.665,-1.327,503.000,205.000,532.000,275.000,NaN,NaN,NaN,NaN,NaN,NaN,NaN
1109,90,7203.000,25.610,-4.882,-0.011,-0.003,0.456,NaN,453,0,-0.011,-1.309,861.000,200.000,887.000,269.000,NaN,NaN,NaN,NaN,NaN,NaN,NaN
1110,290,7203.000,25.257,1.279,0.089,0.040,0.592,0.915,453,0,0.777,3.500,537.000,204.000,566.000,257.000,25.240,1.310,-1.310,0.720,0.780,1.540,0.220
1111,489,7203.000,26.737,-3.679,-0.003,-0.008,0.687,NaN,453,0,1.982,-1.319,784.000,199.000,825.000,267.000,NaN,NaN,NaN,NaN,NaN,NaN,NaN
1112,695,7203.000,21.143,0.729,-0.099,-0.060,0.331,0.156,453,0,-0.239,-0.575,560.000,217.000,590.000,276.000,21.220,0.700,-1.340,0.740,0.650,1.740,0.314
1113,723,7203.000,25.543,2.366,-0.082,-0.042,0.750,0.981,453,0,1.976,4.938,479.000,209.000,515.000,293.000,25.560,2.320,-1.390,0.920,0.440,1.760,-2.300
1114,732,7203.000,29.040,2.186,-0.070,-0.063,0.775,0.771,453,0,1.385,0.660,506.000,201.000,533.000,276.000,29.000,2.160,-1.270,0.760,0.510,1.750,-2.372
1115,90,7204.000,25.711,-4.862,0.003,0.007,0.376,0.011,454,0,-0.733,-1.534,862.000,200.000,887.000,265.000,25.760,-4.760,-1.110,0.570,0.400,1.940,1.631
1116,290,7204.000,25.354,1.327,0.094,0.044,0.611,0.398,454,0,0.892,-0.234,536.000,204.000,565.000,258.000,25.360,1.340,-1.330,0.690,0.740,1.760,0.405
1117,489,7204.000,26.773,-3.681,0.006,-0.006,0.484,0.986,454,0,-0.328,6.369,783.000,198.000,825.000,271.000,26.790,-3.670,-1.160,1.940,0.600,1.830,-1.163
1118,695,7204.000,20.992,0.665,-0.111,-0.061,0.175,0.744,454,0,-1.028,1.615,563.000,217.000,592.000,275.000,20.950,0.650,-1.370,0.730,0.640,1.730,0.022
1119,723,7204.000,25.447,2.290,-0.085,-0.052,0.788,0.973,454,0,2.620,3.500,480.000,209.000,518.000,294.000,25.440,2.220,-1.320,0.870,0.510,1.700,-2.491
1120,732,7204.000,28.978,2.122,-0.069,-0.062,0.766,0.687,454,0,1.319,0.249,507.000,203.000,534.000,274.000,28.960,2.120,-1.310,0.900,0.720,1.800,0.458
1121,90,7205.000,25.707,-4.879,0.002,0.002,0.399,NaN,455,0,-0.378,-1.309,861.000,200.000,887.000,280.000,NaN,NaN,NaN,NaN,NaN,NaN,NaN
1122,290,7205.000,25.454,1.358,0.095,0.041,0.505,NaN,455,0,0.306,-1.293,537.000,203.000,566.000,280.000,NaN,NaN,NaN,NaN,NaN,NaN,NaN
1123,489,7205.000,26.777,-3.697,0.006,-0.009,0.529,NaN,455,0,0.468,-1.319,785.000,199.000,825.000,271.000,NaN,NaN,NaN,NaN,NaN,NaN,NaN
1124,695,7205.000,20.881,0.603,-0.110,-0.062,NaN,NaN,455,0,-2.546,-1.273,NaN,NaN,NaN,NaN,NaN,NaN,NaN,NaN,NaN,NaN,NaN
1125,723,7205.000,25.359,2.258,-0.086,-0.047,0.854,NaN,455,0,4.491,-1.327,479.000,210.000,521.000,296.000,NaN,NaN,NaN,NaN,NaN,NaN,NaN
1126,732,7205.000,28.916,2.075,-0.067,-0.059,0.795,NaN,455,0,3.665,-1.327,511.000,204.000,539.000,278.000,NaN,NaN,NaN,NaN,NaN,NaN,NaN
1127,90,7206.000,25.705,-4.886,0.002,-0.000,0.374,NaN,456,0,-0.528,-1.308,861.000,200.000,887.000,266.000,NaN,NaN,NaN,NaN,NaN,NaN,NaN
1128,290,7206.000,25.536,1.415,0.093,0.045,0.572,0.076,456,0,0.441,-1.136,535.000,204.000,566.000,263.000,25.520,1.430,-1.420,0.740,0.660,1.770,0.383
1129,489,7206.000,26.777,-3.704,0.007,-0.010,0.515,0.939,456,0,-0.101,6.369,784.000,199.000,825.000,271.000,26.780,-3.690,-1.240,1.890,0.630,1.840,-1.030
1130,695,7206.000,20.811,0.543,-0.099,-0.064,0.122,0.541,456,0,-1.432,0.601,570.000,219.000,610.000,327.000,20.850,0.560,-1.340,0.750,0.680,1.730,-0.117
1131,723,7206.000,25.322,2.188,-0.076,-0.053,0.824,0.527,456,0,3.064,0.211,485.000,210.000,521.000,297.000,25.370,2.140,-1.400,0.730,0.540,1.750,-2.388
1132,732,7206.000,28.860,2.006,-0.066,-0.065,0.755,0.809,456,0,1.189,0.863,515.000,205.000,539.000,275.000,28.850,1.980,-1.330,0.850,0.520,1.740,-2.366
1133,90,7207.000,25.724,-4.868,0.007,0.004,0.356,0.001,457,0,-0.798,-1.542,861.000,200.000,887.000,265.000,25.760,-4.830,-0.880,0.800,0.580,1.750,-0.182
1134,290,7207.000,25.605,1.487,0.087,0.051,0.501,0.102,457,0,-0.010,-1.062,534.000,204.000,566.000,279.000,25.570,1.530,-1.290,0.820,0.610,1.690,0.437
1135,489,7207.000,26.789,-3.735,0.010,-0.015,0.590,0.959,457,0,0.327,6.369,784.000,198.000,825.000,272.000,26.800,-3.760,-1.180,1.700,0.560,1.780,-1.109
1136,695,7207.000,20.685,0.499,-0.106,-0.059,0.227,0.920,457,0,-0.781,2.148,573.000,220.000,611.000,327.000,20.660,0.510,-1.440,0.700,0.570,1.830,-2.581
1137,723,7207.000,25.271,2.114,-0.068,-0.058,0.773,0.227,457,0,2.423,-0.625,488.000,209.000,526.000,296.000,25.290,2.070,-1.350,0.790,0.500,1.710,-2.057
1138,732,7207.000,28.786,1.922,-0.068,-0.071,0.655,0.007,457,0,0.178,-1.755,517.000,205.000,542.000,274.000,28.780,1.870,-1.330,0.700,0.720,1.780,-1.413
1139,90,7208.000,25.727,-4.881,0.006,-0.001,0.424,NaN,458,0,-0.275,-1.309,860.000,200.000,887.000,265.000,NaN,NaN,NaN,NaN,NaN,NaN,NaN
1140,290,7208.000,25.694,1.509,0.086,0.044,0.559,NaN,458,0,0.715,-1.313,528.000,207.000,563.000,278.000,NaN,NaN,NaN,NaN,NaN,NaN,NaN
1141,489,7208.000,26.798,-3.735,0.010,-0.012,0.519,NaN,458,0,0.383,-1.321,784.000,198.000,825.000,272.000,NaN,NaN,NaN,NaN,NaN,NaN,NaN
1142,695,7208.000,20.580,0.452,-0.105,-0.056,0.597,NaN,458,0,1.357,-1.296,574.000,219.000,610.000,325.000,NaN,NaN,NaN,NaN,NaN,NaN,NaN
1143,723,7208.000,25.204,2.069,-0.069,-0.055,0.781,NaN,458,0,3.620,-1.327,496.000,209.000,526.000,296.000,NaN,NaN,NaN,NaN,NaN,NaN,NaN
1144,732,7208.000,28.726,1.956,-0.067,-0.046,0.053,NaN,458,0,-2.294,-1.326,519.000,207.000,538.000,273.000,NaN,NaN,NaN,NaN,NaN,NaN,NaN
1145,90,7209.000,25.737,-4.895,0.005,-0.004,0.419,NaN,459,0,-0.275,-1.309,861.000,200.000,887.000,265.000,NaN,NaN,NaN,NaN,NaN,NaN,NaN
1146,290,7209.000,25.767,1.551,0.083,0.043,0.361,0.065,459,0,-0.802,-1.209,528.000,204.000,560.000,275.000,25.750,1.550,-1.310,0.800,0.720,1.590,0.449
1147,489,7209.000,26.773,-3.740,0.003,-0.010,0.536,1.000,459,0,0.032,6.369,783.000,198.000,827.000,271.000,26.730,-3.710,-1.200,1.820,0.570,1.800,-1.108
1148,695,7209.000,20.559,0.403,-0.084,-0.059,0.657,0.406,459,0,2.108,0.077,579.000,218.000,613.000,325.000,20.620,0.410,-1.350,0.810,0.620,1.780,0.059
1149,723,7209.000,25.166,2.004,-0.061,-0.058,0.692,0.370,459,0,1.488,-0.302,501.000,209.000,531.000,297.000,25.190,1.980,-1.360,0.670,0.660,1.560,0.293
1150,732,7209.000,28.672,1.974,-0.065,-0.026,0.030,NaN,459,0,-2.538,-1.326,522.000,206.000,535.000,273.000,NaN,NaN,NaN,NaN,NaN,NaN,NaN
1151,90,7210.000,25.743,-4.898,0.006,-0.003,NaN,NaN,460,0,-0.832,-1.309,NaN,NaN,NaN,NaN,NaN,NaN,NaN,NaN,NaN,NaN,NaN
1152,290,7210.000,25.834,1.598,0.079,0.046,0.601,0.993,460,0,0.607,4.938,527.000,205.000,558.000,296.000,25.790,1.590,-1.260,0.820,0.530,1.620,0.261
1153,489,7210.000,26.787,-3.740,0.006,-0.007,0.585,0.881,460,0,0.273,2.335,784.000,198.000,826.000,270.000,26.790,-3.730,-1.220,1.830,0.620,1.900,-1.119
1154,695,7210.000,20.433,0.336,-0.091,-0.062,0.730,0.917,460,0,3.235,2.217,581.000,218.000,616.000,324.000,20.380,0.330,-1.440,1.040,0.490,1.840,-2.824
1155,723,7210.000,25.089,1.910,-0.064,-0.066,0.677,0.821,460,0,1.371,1.532,502.000,207.000,531.000,296.000,25.080,1.850,-1.380,0.630,0.600,1.800,-0.278
1156,732,7210.000,28.606,1.821,-0.063,-0.070,0.097,NaN,460,0,-2.037,-1.326,537.000,206.000,558.000,249.000,NaN,NaN,NaN,NaN,NaN,NaN,NaN
1157,90,7211.000,25.750,-4.915,0.001,-0.004,0.329,NaN,461,0,-0.731,-1.309,861.000,200.000,887.000,265.000,NaN,NaN,NaN,NaN,NaN,NaN,NaN
1158,290,7211.000,25.930,1.601,0.084,0.038,0.191,NaN,461,0,-1.501,-1.321,528.000,207.000,552.000,260.000,NaN,NaN,NaN,NaN,NaN,NaN,NaN
1159,489,7211.000,26.795,-3.736,0.006,-0.005,0.479,NaN,461,0,0.120,-1.321,783.000,198.000,827.000,271.000,NaN,NaN,NaN,NaN,NaN,NaN,NaN
1160,695,7211.000,20.338,0.279,-0.093,-0.060,0.745,NaN,461,0,2.998,-1.316,584.000,217.000,620.000,324.000,NaN,NaN,NaN,NaN,NaN,NaN,NaN
1161,723,7211.000,25.024,1.834,-0.065,-0.068,0.676,NaN,461,0,2.039,-1.327,510.000,207.000,539.000,296.000,NaN,NaN,NaN,NaN,NaN,NaN,NaN
1162,732,7211.000,28.539,1.738,-0.065,-0.073,0.127,NaN,461,0,-1.658,-1.324,528.000,207.000,556.000,284.000,NaN,NaN,NaN,NaN,NaN,NaN,NaN
1163,90,7212.000,25.751,-4.920,0.001,-0.005,NaN,NaN,462,0,-0.920,-1.308,NaN,NaN,NaN,NaN,NaN,NaN,NaN,NaN,NaN,NaN,NaN
1164,290,7212.000,25.988,1.643,0.080,0.041,0.583,0.041,462,0,0.497,-1.444,542.000,205.000,568.000,259.000,25.970,1.660,-1.300,0.780,0.580,1.800,0.839
1165,489,7212.000,26.764,-3.701,-0.002,0.003,0.569,0.984,462,0,0.216,6.369,784.000,198.000,826.000,270.000,26.730,-3.640,-1.240,1.880,0.610,1.870,-1.120
1166,695,7212.000,20.222,0.239,-0.100,-0.051,0.837,0.992,462,0,4.434,2.217,587.000,219.000,624.000,321.000,20.190,0.280,-1.490,0.930,0.490,1.890,-2.641
1167,723,7212.000,25.024,1.783,-0.053,-0.066,0.742,0.653,462,0,2.178,0.558,510.000,203.000,546.000,296.000,25.090,1.810,-1.480,0.810,0.570,1.630,0.201
1168,732,7212.000,28.561,1.625,-0.051,-0.088,0.049,0.024,462,0,-3.184,-1.732,537.000,204.000,569.000,296.000,28.660,1.420,-1.230,0.820,0.650,1.770,0.660
1169,785,7212.000,24.660,3.070,0.000,0.000,0.051,0.021,462,0,-2.387,-1.349,453.000,208.000,467.000,295.000,24.660,3.070,-1.320,0.760,0.750,1.820,-0.368
1170,90,7213.000,25.769,-4.927,0.004,-0.006,0.346,NaN,463,0,-0.632,-1.308,862.000,200.000,887.000,266.000,NaN,NaN,NaN,NaN,NaN,NaN,NaN
1171,290,7213.000,26.069,1.684,0.080,0.041,NaN,NaN,463,0,-2.644,-1.322,NaN,NaN,NaN,NaN,NaN,NaN,NaN,NaN,NaN,NaN,NaN
1172,489,7213.000,26.752,-3.658,-0.005,0.014,0.424,0.996,463,0,-0.770,6.369,792.000,200.000,824.000,265.000,26.710,-3.600,-1.220,1.830,0.590,1.900,-1.111
1173,695,7213.000,20.081,0.208,-0.109,-0.044,0.846,0.923,463,0,4.434,2.217,589.000,220.000,625.000,323.000,20.030,0.240,-1.440,0.990,0.470,1.760,-2.628
1174,723,7213.000,24.962,1.676,-0.056,-0.078,0.669,0.999,463,0,1.273,3.500,511.000,202.000,545.000,296.000,24.950,1.610,-1.460,0.720,0.600,1.540,0.145
1175,732,7213.000,28.479,1.501,-0.056,-0.098,0.048,0.890,463,0,-2.994,2.610,537.000,205.000,570.000,280.000,28.500,1.400,-1.330,0.720,0.630,1.560,0.698
1176,785,7213.000,24.648,3.025,0.000,-0.023,0.098,0.004,463,0,-1.839,-1.373,450.000,202.000,467.000,297.000,24.630,2.990,-1.310,0.570,0.530,2.020,-0.870
1177,90,7214.000,25.773,-4.923,0.004,-0.002,0.392,NaN,464,0,-0.264,-1.308,861.000,200.000,887.000,282.000,NaN,NaN,NaN,NaN,NaN,NaN,NaN
1178,290,7214.000,26.152,1.774,0.081,0.051,0.082,NaN,464,0,-1.740,-1.323,510.000,202.000,546.000,295.000,NaN,NaN,NaN,NaN,NaN,NaN,NaN
1179,489,7214.000,26.726,-3.705,-0.011,-0.001,0.271,NaN,464,0,-0.928,-1.319,793.000,200.000,823.000,265.000,NaN,NaN,NaN,NaN,NaN,NaN,NaN
1180,695,7214.000,19.979,0.178,-0.106,-0.041,0.842,NaN,464,0,4.409,-1.324,589.000,220.000,628.000,324.000,NaN,NaN,NaN,NaN,NaN,NaN,NaN
1181,723,7214.000,24.905,1.607,-0.057,-0.074,0.025,NaN,464,0,-2.535,-1.325,520.000,213.000,549.000,286.000,NaN,NaN,NaN,NaN,NaN,NaN,NaN
1182,732,7214.000,28.422,1.443,-0.057,-0.088,0.113,NaN,464,0,-1.521,-1.286,521.000,208.000,575.000,291.000,NaN,NaN,NaN,NaN,NaN,NaN,NaN
1183,785,7214.000,24.642,3.008,-0.000,-0.012,0.074,NaN,464,0,-1.677,-1.222,452.000,201.000,465.000,300.000,NaN,NaN,NaN,NaN,NaN,NaN,NaN
1184,90,7215.000,25.820,-4.923,0.009,-0.001,0.036,NaN,465,0,-1.739,-1.308,860.000,200.000,888.000,336.000,NaN,NaN,NaN,NaN,NaN,NaN,NaN
1185,290,7215.000,26.173,1.851,0.069,0.057,0.378,0.991,465,0,-0.743,4.938,508.000,201.000,528.000,284.000,26.120,1.910,-1.400,0.760,0.690,1.590,0.491
1186,489,7215.000,26.729,-3.686,-0.008,0.006,0.480,0.291,465,0,-0.328,-0.615,793.000,199.000,824.000,265.000,26.740,-3.650,-1.210,1.810,0.580,1.790,-1.089
1187,695,7215.000,19.867,0.165,-0.107,-0.033,0.845,0.870,465,0,4.434,2.217,591.000,218.000,631.000,325.000,19.840,0.210,-1.410,0.830,0.600,1.760,-2.802
1188,723,7215.000,24.873,1.509,-0.052,-0.081,0.170,0.195,465,0,-1.579,-0.706,527.000,209.000,561.000,294.000,24.900,1.460,-1.350,0.680,0.640,1.660,-1.540
1189,732,7215.000,28.376,1.331,-0.056,-0.093,0.070,0.976,465,0,-2.641,7.239,530.000,209.000,577.000,286.000,28.410,1.280,-1.380,0.750,0.620,1.560,0.713
1190,785,7215.000,24.575,2.990,-0.016,-0.012,0.056,0.235,465,0,-2.262,-0.575,452.000,201.000,466.000,299.000,24.510,2.950,-1.330,0.690,0.710,1.630,-0.974
1191,90,7216.000,25.830,-4.924,0.010,-0.001,NaN,NaN,466,0,-2.617,-1.308,NaN,NaN,NaN,NaN,NaN,NaN,NaN,NaN,NaN,NaN,NaN
1192,290,7216.000,26.256,1.923,0.070,0.063,0.502,0.983,466,0,-0.010,4.938,507.000,197.000,525.000,286.000,26.240,1.940,-1.340,0.820,0.680,1.670,0.525
1193,489,7216.000,26.720,-3.639,-0.008,0.017,0.476,0.136,466,0,-0.328,-1.038,793.000,200.000,824.000,265.000,26.720,-3.560,-1.160,1.930,0.610,1.830,-1.213
1194,695,7216.000,19.749,0.138,-0.109,-0.033,0.849,0.725,466,0,4.434,1.535,592.000,218.000,631.000,325.000,19.730,0.150,-1.460,1.000,0.490,1.860,-2.805
1195,723,7216.000,24.796,1.404,-0.059,-0.090,0.208,0.963,466,0,-1.357,3.500,531.000,208.000,578.000,280.000,24.770,1.370,-1.470,0.730,0.610,1.630,0.586
1196,732,7216.000,28.327,1.208,-0.055,-0.101,0.041,0.183,466,0,-3.024,-0.962,551.000,208.000,579.000,278.000,28.330,1.150,-1.450,0.720,0.700,1.790,0.624
1197,785,7216.000,24.539,2.944,-0.020,-0.026,0.049,0.053,466,0,-2.296,-1.148,453.000,203.000,466.000,250.000,24.490,2.880,-1.250,0.670,0.650,1.760,-1.077
1198,90,7217.000,25.835,-4.924,0.009,-0.001,0.444,NaN,467,0,0.021,-1.308,861.000,199.000,887.000,281.000,NaN,NaN,NaN,NaN,NaN,NaN,NaN
1199,290,7217.000,26.328,1.987,0.070,0.064,0.785,NaN,467,0,3.620,-1.327,504.000,202.000,537.000,288.000,NaN,NaN,NaN,NaN,NaN,NaN,NaN
1200,489,7217.000,26.691,-3.690,-0.012,0.001,0.414,NaN,467,0,-0.331,-1.318,793.000,200.000,823.000,265.000,NaN,NaN,NaN,NaN,NaN,NaN,NaN
1201,695,7217.000,19.644,0.112,-0.108,-0.032,0.876,NaN,467,0,4.411,-1.325,594.000,216.000,632.000,325.000,NaN,NaN,NaN,NaN,NaN,NaN,NaN
1202,723,7217.000,24.738,1.264,-0.060,-0.102,0.105,NaN,467,0,-1.746,-1.310,538.000,207.000,581.000,280.000,NaN,NaN,NaN,NaN,NaN,NaN,NaN
1203,732,7217.000,28.278,1.110,-0.053,-0.100,0.134,NaN,467,0,-1.588,-1.268,557.000,207.000,582.000,279.000,NaN,NaN,NaN,NaN,NaN,NaN,NaN
1204,785,7217.000,24.518,2.847,-0.018,-0.050,0.037,NaN,467,0,-1.998,-1.213,453.000,209.000,487.000,298.000,NaN,NaN,NaN,NaN,NaN,NaN,NaN
1205,90,7218.000,25.843,-4.926,0.008,-0.002,NaN,NaN,468,0,-2.617,-1.308,NaN,NaN,NaN,NaN,NaN,NaN,NaN,NaN,NaN,NaN,NaN
1206,290,7218.000,26.402,2.061,0.071,0.066,0.763,0.998,468,0,2.048,4.938,499.000,202.000,531.000,289.000,26.400,2.090,-1.320,0.780,0.690,1.680,0.408
1207,489,7218.000,26.691,-3.662,-0.011,0.008,0.451,0.975,468,0,-0.566,6.369,792.000,199.000,823.000,266.000,26.710,-3.600,-1.200,1.870,0.590,1.810,-1.145
1208,695,7218.000,19.548,0.093,-0.105,-0.025,0.868,0.530,468,0,4.434,0.595,595.000,217.000,634.000,325.000,19.550,0.100,-1.340,0.860,0.550,1.790,-2.593
1209,723,7218.000,24.690,1.182,-0.057,-0.098,0.156,1.000,468,0,-1.603,3.500,544.000,210.000,574.000,258.000,24.710,1.220,-1.400,0.800,0.530,1.630,-0.272
1210,732,7218.000,28.232,1.028,-0.054,-0.096,0.137,0.624,468,0,-2.185,0.118,542.000,209.000,582.000,280.000,28.260,1.060,-1.250,0.720,0.670,1.560,0.557
1211,785,7218.000,24.473,2.758,-0.024,-0.063,0.413,0.912,468,0,-0.246,2.843,457.000,206.000,502.000,299.000,24.410,2.700,-1.310,1.030,0.510,1.850,-1.802
1212,90,7219.000,25.852,-4.929,0.009,-0.002,NaN,NaN,469,0,-2.617,-1.308,NaN,NaN,NaN,NaN,NaN,NaN,NaN,NaN,NaN,NaN,NaN
1213,290,7219.000,26.498,2.142,0.073,0.067,0.772,0.943,469,0,1.832,6.369,496.000,199.000,530.000,289.000,26.530,2.170,-1.300,0.760,0.550,1.810,0.550
1214,489,7219.000,26.703,-3.667,-0.006,0.005,0.441,0.999,469,0,-0.646,6.369,795.000,200.000,823.000,266.000,26.740,-3.710,-1.190,1.930,0.590,1.810,-1.153
1215,695,7219.000,19.442,0.073,-0.105,-0.024,0.874,0.187,469,0,4.511,-0.443,596.000,218.000,635.000,322.000,19.440,0.080,-1.340,0.870,0.590,1.620,-0.093
1216,723,7219.000,24.685,1.069,-0.043,-0.100,0.030,0.395,469,0,-2.804,-0.254,544.000,211.000,584.000,280.000,24.740,1.040,-1.460,0.750,0.620,1.790,0.137
1217,732,7219.000,28.192,0.944,-0.051,-0.092,0.730,0.929,469,0,1.261,7.239,565.000,206.000,587.000,249.000,28.200,0.960,-1.240,0.730,0.720,1.600,-0.280
1218,785,7219.000,24.441,2.584,-0.023,-0.092,0.729,0.785,469,0,2.350,1.481,459.000,208.000,504.000,299.000,24.390,2.450,-1.340,0.900,0.450,1.700,-1.494
1219,90,7220.000,25.808,-4.922,0.002,0.000,0.475,NaN,470,0,0.120,-1.308,861.000,200.000,887.000,280.000,NaN,NaN,NaN,NaN,NaN,NaN,NaN
1220,290,7220.000,26.571,2.209,0.073,0.067,NaN,NaN,470,0,-0.636,-1.327,NaN,NaN,NaN,NaN,NaN,NaN,NaN,NaN,NaN,NaN,NaN
1221,489,7220.000,26.682,-3.715,-0.011,-0.007,0.499,NaN,470,0,0.239,-1.319,794.000,199.000,823.000,267.000,NaN,NaN,NaN,NaN,NaN,NaN,NaN
1222,695,7220.000,19.338,0.049,-0.105,-0.022,0.877,NaN,470,0,4.411,-1.326,598.000,219.000,638.000,327.000,NaN,NaN,NaN,NaN,NaN,NaN,NaN
1223,723,7220.000,24.641,0.968,-0.043,-0.100,0.038,NaN,470,0,-2.339,-1.275,551.000,212.000,587.000,278.000,NaN,NaN,NaN,NaN,NaN,NaN,NaN
1224,732,7220.000,28.153,0.846,-0.049,-0.094,0.735,NaN,470,0,2.522,-1.290,570.000,207.000,593.000,249.000,NaN,NaN,NaN,NaN,NaN,NaN,NaN
1225,785,7220.000,24.423,2.476,-0.022,-0.096,0.715,NaN,470,0,2.608,-1.303,468.000,206.000,506.000,301.000,NaN,NaN,NaN,NaN,NaN,NaN,NaN
1226,90,7221.000,25.810,-4.921,0.002,0.001,NaN,NaN,471,0,-2.617,-1.308,NaN,NaN,NaN,NaN,NaN,NaN,NaN,NaN,NaN,NaN,NaN
1227,290,7221.000,26.613,2.275,0.066,0.066,0.709,0.002,471,0,1.256,-1.624,494.000,202.000,520.000,289.000,26.580,2.280,-1.260,0.760,0.520,1.820,1.336
1228,489,7221.000,26.695,-3.699,-0.007,-0.000,0.526,0.991,471,0,-0.034,6.369,794.000,199.000,823.000,267.000,26.750,-3.650,-1.210,1.980,0.620,1.830,-1.162
1229,695,7221.000,19.220,0.053,-0.110,-0.016,0.865,0.661,471,0,4.511,1.173,600.000,217.000,640.000,328.000,19.210,0.070,-1.440,0.870,0.660,1.780,0.013
1230,723,7221.000,24.673,0.879,-0.026,-0.097,0.195,0.496,471,0,-1.353,0.099,559.000,211.000,596.000,276.000,24.730,0.890,-1.360,0.750,0.620,1.650,-0.358
1231,732,7221.000,28.102,0.751,-0.052,-0.093,0.058,0.152,471,0,-2.814,-1.076,576.000,207.000,599.000,275.000,28.080,0.750,-1.130,0.720,0.720,1.650,0.357
1232,785,7221.000,24.386,2.391,-0.025,-0.091,0.745,0.714,471,0,2.563,1.025,473.000,204.000,507.000,300.000,24.380,2.430,-1.320,0.610,0.560,1.800,-1.696
1233,90,7222.000,25.801,-4.925,0.000,-0.000,0.548,NaN,472,0,0.829,-1.308,861.000,200.000,887.000,281.000,NaN,NaN,NaN,NaN,NaN,NaN,NaN
1234,290,7222.000,26.686,2.312,0.066,0.059,0.510,0.204,472,0,-0.165,-0.869,495.000,204.000,517.000,289.000,26.690,2.280,-1.220,0.760,0.620,1.800,0.265
1235,489,7222.000,26.671,-3.629,-0.012,0.017,0.028,0.655,472,0,-3.126,0.352,781.000,200.000,826.000,274.000,26.690,-3.530,-1.220,1.880,0.590,1.830,-1.240
1236,695,7222.000,19.092,0.013,-0.114,-0.020,0.828,0.446,472,0,4.511,0.284,602.000,217.000,642.000,328.000,19.070,-0.010,-1.410,1.040,0.550,1.740,-2.728
1237,723,7222.000,24.670,0.774,-0.022,-0.099,0.044,0.926,472,0,-2.655,3.500,561.000,210.000,599.000,260.000,24.700,0.760,-1.410,0.820,0.590,1.590,0.294
1238,732,7222.000,28.035,0.647,-0.056,-0.098,0.112,0.131,472,0,-2.346,-1.121,573.000,209.000,598.000,247.000,28.020,0.630,-1.340,0.710,0.700,1.580,0.009
1239,785,7222.000,24.343,2.321,-0.029,-0.084,0.755,0.969,472,0,2.649,2.843,474.000,205.000,507.000,300.000,24.320,2.350,-1.330,0.810,0.580,1.790,1.548
1240,90,7223.000,25.804,-4.925,0.001,0.000,0.511,NaN,473,0,0.306,-1.308,861.000,200.000,887.000,280.000,NaN,NaN,NaN,NaN,NaN,NaN,NaN
1241,290,7223.000,26.733,2.424,0.059,0.072,0.035,NaN,473,0,-2.186,-1.327,482.000,207.000,514.000,289.000,NaN,NaN,NaN,NaN,NaN,NaN,NaN
1242,489,7223.000,26.628,-3.691,-0.017,-0.002,0.518,NaN,473,0,0.383,-1.318,795.000,200.000,824.000,266.000,NaN,NaN,NaN,NaN,NaN,NaN,NaN
1243,695,7223.000,18.978,-0.017,-0.114,-0.021,0.872,NaN,473,0,4.411,-1.327,602.000,215.000,645.000,328.000,NaN,NaN,NaN,NaN,NaN,NaN,NaN
1244,723,7223.000,24.648,0.675,-0.022,-0.099,NaN,NaN,473,0,-1.123,-1.278,NaN,NaN,NaN,NaN,NaN,NaN,NaN,NaN,NaN,NaN,NaN
1245,732,7223.000,27.975,0.577,-0.057,-0.093,0.069,NaN,473,0,-2.210,-1.289,585.000,209.000,602.000,250.000,NaN,NaN,NaN,NaN,NaN,NaN,NaN
1246,785,7223.000,24.302,2.300,-0.031,-0.068,0.779,NaN,473,0,3.620,-1.327,477.000,204.000,508.000,301.000,NaN,NaN,NaN,NaN,NaN,NaN,NaN
1247,90,7224.000,25.766,-4.910,-0.000,0.003,0.520,NaN,474,0,0.579,-1.308,861.000,200.000,887.000,281.000,NaN,NaN,NaN,NaN,NaN,NaN,NaN
1248,290,7224.000,26.792,2.497,0.059,0.073,NaN,NaN,474,0,-1.077,-1.327,NaN,NaN,NaN,NaN,NaN,NaN,NaN,NaN,NaN,NaN,NaN
1249,489,7224.000,26.671,-3.685,-0.005,0.004,0.472,0.897,474,0,-0.397,3.230,794.000,200.000,824.000,267.000,26.730,-3.660,-1.170,1.740,0.600,1.760,-1.157
1250,695,7224.000,18.901,-0.053,-0.103,-0.026,0.869,0.832,474,0,4.511,2.255,604.000,215.000,648.000,329.000,18.940,-0.060,-1.360,0.900,0.560,1.810,-0.192
1251,723,7224.000,24.585,0.591,-0.032,-0.096,0.139,0.690,474,0,-1.705,0.744,577.000,209.000,607.000,275.000,24.560,0.610,-1.370,0.830,0.600,1.780,-1.832
1252,732,7224.000,27.930,0.465,-0.054,-0.101,0.033,0.190,474,0,-3.195,-0.959,589.000,209.000,616.000,252.000,27.960,0.400,-1.340,0.790,0.630,1.690,-1.673
1253,785,7224.000,24.326,2.236,-0.016,-0.067,0.799,0.915,474,0,3.099,2.843,479.000,202.000,512.000,300.000,24.380,2.250,-1.340,0.830,0.560,1.820,-0.090
1254,90,7225.000,25.766,-4.907,0.000,0.003,NaN,NaN,475,0,-2.243,-1.308,NaN,NaN,NaN,NaN,NaN,NaN,NaN,NaN,NaN,NaN,NaN
1255,290,7225.000,26.935,2.572,0.073,0.073,0.460,0.200,475,0,-0.481,-0.869,480.000,203.000,498.000,289.000,26.970,2.580,-1.280,0.710,0.630,1.770,-0.284
1256,489,7225.000,26.696,-3.681,0.002,0.005,0.466,0.998,475,0,-0.397,6.369,795.000,201.000,824.000,269.000,26.720,-3.670,-1.150,1.930,0.590,1.800,-1.154
1257,695,7225.000,18.808,-0.078,-0.099,-0.024,0.854,0.135,475,0,4.511,-0.649,605.000,216.000,650.000,329.000,18.820,-0.080,-1.380,0.850,0.560,1.720,0.310
1258,723,7225.000,24.530,0.531,-0.038,-0.088,0.314,0.512,475,0,-0.818,0.134,576.000,208.000,614.000,315.000,24.530,0.580,-1.530,0.810,0.680,1.650,-0.456
1259,732,7225.000,27.917,0.370,-0.047,-0.099,0.090,0.002,475,0,-2.493,-1.652,577.000,208.000,615.000,273.000,27.980,0.400,-1.270,1.660,0.430,1.690,-0.382
1260,785,7225.000,24.320,2.131,-0.014,-0.075,0.769,0.903,475,0,2.738,2.843,488.000,202.000,516.000,300.000,24.320,2.080,-1.310,1.010,0.560,1.910,-1.741
1261,90,7226.000,25.823,-4.927,0.003,0.001,0.541,NaN,476,0,0.748,-1.308,862.000,200.000,887.000,281.000,NaN,NaN,NaN,NaN,NaN,NaN,NaN
1262,290,7226.000,27.004,2.654,0.070,0.077,0.457,NaN,476,0,0.166,-1.326,481.000,201.000,499.000,290.000,NaN,NaN,NaN,NaN,NaN,NaN,NaN
1263,489,7226.000,26.692,-3.727,0.000,-0.007,0.430,NaN,476,0,-0.217,-1.320,795.000,200.000,824.000,269.000,NaN,NaN,NaN,NaN,NaN,NaN,NaN
1264,695,7226.000,18.708,-0.113,-0.098,-0.028,0.859,NaN,476,0,4.411,-1.327,606.000,218.000,654.000,330.000,NaN,NaN,NaN,NaN,NaN,NaN,NaN
1265,723,7226.000,24.491,0.443,-0.039,-0.087,0.380,NaN,476,0,-0.169,-1.297,580.000,208.000,614.000,314.000,NaN,NaN,NaN,NaN,NaN,NaN,NaN
1266,732,7226.000,27.860,0.364,-0.051,-0.071,0.146,NaN,476,0,-1.533,-1.305,580.000,208.000,613.000,274.000,NaN,NaN,NaN,NaN,NaN,NaN,NaN
1267,785,7226.000,24.300,2.071,-0.015,-0.072,0.844,NaN,476,0,4.474,-1.327,490.000,201.000,523.000,301.000,NaN,NaN,NaN,NaN,NaN,NaN,NaN
1268,90,7227.000,25.827,-4.926,0.003,0.001,NaN,NaN,477,0,-2.617,-1.308,NaN,NaN,NaN,NaN,NaN,NaN,NaN,NaN,NaN,NaN,NaN
1269,290,7227.000,27.108,2.707,0.075,0.071,0.614,0.313,477,0,0.424,-0.598,478.000,200.000,500.000,284.000,27.130,2.600,-1.190,0.370,0.440,1.660,-2.697
1270,489,7227.000,26.731,-3.742,0.008,-0.009,0.447,0.892,477,0,-0.566,2.716,796.000,201.000,824.000,268.000,26.750,-3.760,-1.160,1.830,0.600,1.780,-1.161
1271,695,7227.000,18.580,-0.075,-0.108,-0.007,0.831,0.689,477,0,4.511,1.340,609.000,219.000,653.000,331.000,18.570,-0.000,-1.390,0.890,0.580,1.710,0.500
1272,723,7227.000,24.480,0.370,-0.034,-0.086,0.531,0.748,477,0,0.633,1.282,583.000,209.000,614.000,315.000,24.500,0.390,-1.430,0.730,0.690,1.680,-1.604
1273,732,7227.000,27.789,0.370,-0.054,-0.052,0.166,NaN,477,0,-1.420,-1.305,584.000,209.000,613.000,276.000,NaN,NaN,NaN,NaN,NaN,NaN,NaN
1274,785,7227.000,24.312,1.990,-0.008,-0.072,0.825,0.999,477,0,3.532,2.843,491.000,196.000,537.000,301.000,24.340,1.970,-1.340,0.800,0.540,1.630,0.586
1275,90,7228.000,25.890,-4.945,0.009,-0.002,0.602,NaN,478,0,1.208,-1.308,862.000,200.000,887.000,281.000,NaN,NaN,NaN,NaN,NaN,NaN,NaN
1276,290,7228.000,27.224,2.744,0.083,0.062,0.768,0.884,478,0,1.832,2.335,475.000,200.000,501.000,284.000,27.270,2.680,-1.280,0.700,0.710,1.730,0.376
1277,489,7228.000,26.744,-3.745,0.008,-0.007,0.510,0.945,478,0,-0.165,6.369,796.000,200.000,824.000,268.000,26.740,-3.740,-1.180,1.860,0.600,1.820,-1.182
1278,695,7228.000,18.453,-0.098,-0.111,-0.011,0.863,0.517,478,0,4.523,0.542,608.000,219.000,654.000,333.000,18.460,-0.120,-1.350,0.820,0.490,1.720,-0.546
1279,723,7228.000,24.519,0.260,-0.021,-0.093,0.363,0.013,478,0,-0.629,-1.483,592.000,208.000,621.000,280.000,24.600,0.230,-1.350,0.780,0.570,1.690,0.605
1280,732,7228.000,27.734,0.318,-0.054,-0.053,NaN,NaN,478,0,-1.785,-1.306,NaN,NaN,NaN,NaN,NaN,NaN,NaN,NaN,NaN,NaN,NaN
1281,785,7228.000,24.304,1.909,-0.009,-0.075,0.834,0.986,478,0,3.532,2.843,490.000,196.000,538.000,301.000,24.310,1.890,-1.290,0.920,0.540,1.860,1.742
1282,90,7229.000,25.893,-4.942,0.011,-0.003,0.640,NaN,479,0,1.595,-1.308,861.000,200.000,887.000,281.000,NaN,NaN,NaN,NaN,NaN,NaN,NaN
1283,290,7229.000,27.309,2.778,0.081,0.055,0.732,NaN,479,0,2.756,-1.317,475.000,200.000,500.000,283.000,NaN,NaN,NaN,NaN,NaN,NaN,NaN
1284,489,7229.000,26.758,-3.725,0.010,0.001,0.030,NaN,479,0,-2.528,-1.321,781.000,199.000,826.000,274.000,NaN,NaN,NaN,NaN,NaN,NaN,NaN
1285,695,7229.000,18.339,-0.117,-0.111,-0.014,0.849,NaN,479,0,4.411,-1.327,607.000,219.000,654.000,333.000,NaN,NaN,NaN,NaN,NaN,NaN,NaN
1286,723,7229.000,24.497,0.195,-0.021,-0.086,0.471,NaN,479,0,0.237,-1.316,595.000,209.000,624.000,308.000,NaN,NaN,NaN,NaN,NaN,NaN,NaN
1287,732,7229.000,27.671,0.335,-0.059,-0.037,0.029,NaN,479,0,-2.251,-1.309,592.000,211.000,615.000,299.000,NaN,NaN,NaN,NaN,NaN,NaN,NaN
1288,785,7229.000,24.289,1.865,-0.011,-0.068,0.809,NaN,479,0,4.186,-1.327,490.000,198.000,540.000,300.000,NaN,NaN,NaN,NaN,NaN,NaN,NaN
1289,90,7230.000,25.903,-4.944,0.010,-0.002,NaN,NaN,480,0,0.715,-1.308,NaN,NaN,NaN,NaN,NaN,NaN,NaN,NaN,NaN,NaN,NaN
1290,290,7230.000,27.371,2.805,0.073,0.049,0.792,0.796,480,0,1.992,1.054,473.000,202.000,499.000,284.000,27.350,2.720,-1.310,0.630,0.600,1.730,0.490
1291,489,7230.000,26.740,-3.684,0.001,0.013,0.045,0.729,480,0,-3.023,0.760,782.000,198.000,826.000,274.000,26.700,-3.620,-1.180,1.920,0.560,1.860,-1.109
1292,695,7230.000,18.248,-0.099,-0.102,-0.006,0.856,0.121,480,0,4.523,-0.663,608.000,216.000,655.000,333.000,18.260,-0.070,-1.410,0.930,0.490,1.790,-0.433
1293,723,7230.000,24.495,0.107,-0.019,-0.087,0.449,0.018,480,0,-0.009,-1.426,597.000,213.000,622.000,277.000,24.500,0.110,-1.330,0.880,0.560,1.750,1.142
1294,732,7230.000,27.615,0.298,-0.057,-0.038,NaN,NaN,480,0,-2.615,-1.308,NaN,NaN,NaN,NaN,NaN,NaN,NaN,NaN,NaN,NaN,NaN
1295,785,7230.000,24.332,1.777,-0.001,-0.073,0.827,0.742,480,0,3.532,1.234,493.000,202.000,542.000,300.000,24.380,1.760,-1.380,0.810,0.600,1.730,1.081
1296,90,7231.000,25.937,-4.942,0.011,-0.000,0.495,NaN,481,0,0.179,-1.308,860.000,200.000,887.000,278.000,NaN,NaN,NaN,NaN,NaN,NaN,NaN
1297,290,7231.000,27.441,2.827,0.072,0.043,0.760,NaN,481,0,3.236,-1.310,474.000,202.000,496.000,285.000,NaN,NaN,NaN,NaN,NaN,NaN,NaN
1298,489,7231.000,26.742,-3.663,0.002,0.015,0.639,NaN,481,0,1.407,-1.320,784.000,198.000,822.000,265.000,NaN,NaN,NaN,NaN,NaN,NaN,NaN
1299,695,7231.000,18.147,-0.106,-0.101,-0.007,0.873,NaN,481,0,4.411,-1.327,604.000,215.000,655.000,334.000,NaN,NaN,NaN,NaN,NaN,NaN,NaN
1300,723,7231.000,24.474,0.020,-0.020,-0.087,NaN,NaN,481,0,-0.820,-1.323,NaN,NaN,NaN,NaN,NaN,NaN,NaN,NaN,NaN,NaN,NaN
1301,732,7231.000,27.557,0.259,-0.057,-0.038,NaN,NaN,481,0,-2.156,-1.310,NaN,NaN,NaN,NaN,NaN,NaN,NaN,NaN,NaN,NaN,NaN
1302,785,7231.000,24.320,1.736,-0.005,-0.066,0.680,NaN,481,0,2.039,-1.327,501.000,203.000,545.000,299.000,NaN,NaN,NaN,NaN,NaN,NaN,NaN
1303,90,7232.000,25.951,-4.943,0.014,-0.001,NaN,NaN,482,0,-2.617,-1.308,NaN,NaN,NaN,NaN,NaN,NaN,NaN,NaN,NaN,NaN,NaN
1304,290,7232.000,27.460,2.837,0.058,0.036,0.757,0.865,482,0,1.766,1.795,473.000,202.000,495.000,285.000,27.440,2.760,-1.370,0.730,0.670,1.830,0.241
1305,489,7232.000,26.754,-3.644,0.004,0.017,0.779,0.212,482,0,1.904,-0.839,784.000,198.000,822.000,266.000,26.740,-3.650,-1.260,2.010,0.590,1.850,-1.096
1306,695,7232.000,18.060,-0.114,-0.099,-0.008,0.882,0.555,482,0,4.523,0.734,608.000,216.000,655.000,334.000,18.070,-0.110,-1.380,0.860,0.660,1.680,0.202
1307,723,7232.000,24.466,0.075,-0.015,-0.052,0.267,NaN,482,0,-1.296,-1.324,603.000,214.000,626.000,251.000,NaN,NaN,NaN,NaN,NaN,NaN,NaN
1308,732,7232.000,27.510,0.139,-0.056,-0.057,0.026,NaN,482,0,-2.028,-1.313,605.000,214.000,626.000,317.000,NaN,NaN,NaN,NaN,NaN,NaN,NaN
1309,785,7232.000,24.281,1.638,-0.012,-0.075,0.752,0.973,482,0,2.563,2.843,508.000,203.000,548.000,299.000,24.260,1.600,-1.390,0.830,0.490,1.740,-0.543
1310,90,7233.000,25.965,-4.942,0.015,0.001,NaN,NaN,483,0,-2.615,-1.307,NaN,NaN,NaN,NaN,NaN,NaN,NaN,NaN,NaN,NaN,NaN
1311,290,7233.000,27.546,2.880,0.061,0.039,0.634,0.494,483,0,0.285,-0.239,470.000,200.000,491.000,282.000,27.580,2.880,-1.250,0.940,0.630,1.910,-2.667
1312,489,7233.000,26.753,-3.609,0.003,0.020,0.785,0.844,483,0,1.992,1.464,784.000,199.000,822.000,266.000,26.720,-3.600,-1.160,0.960,0.540,1.920,-1.092
1313,695,7233.000,17.966,-0.121,-0.100,-0.007,0.881,0.971,483,0,4.523,2.261,608.000,215.000,657.000,336.000,18.000,-0.110,-1.370,0.760,0.680,1.570,-0.078
1314,723,7233.000,24.514,-0.045,-0.007,-0.069,0.040,0.037,483,0,-2.775,-1.387,605.000,217.000,625.000,317.000,24.540,-0.230,-1.280,0.750,0.660,1.790,-0.186
1315,732,7233.000,27.455,0.094,-0.055,-0.054,0.049,NaN,483,0,-2.531,-1.317,606.000,217.000,626.000,275.000,NaN,NaN,NaN,NaN,NaN,NaN,NaN
1316,785,7233.000,24.265,1.513,-0.014,-0.087,0.404,0.983,483,0,-0.311,2.843,523.000,203.000,551.000,298.000,24.250,1.430,-1.270,0.710,0.610,1.580,0.326
1317,90,7234.000,25.994,-4.959,0.014,-0.001,0.427,NaN,484,0,-0.215,-1.307,861.000,200.000,887.000,280.000,NaN,NaN,NaN,NaN,NaN,NaN,NaN
1318,290,7234.000,27.607,2.984,0.061,0.057,0.374,NaN,484,0,-0.522,-1.293,458.000,200.000,489.000,279.000,NaN,NaN,NaN,NaN,NaN,NaN,NaN
1319,489,7234.000,26.756,-3.614,0.003,0.015,0.681,NaN,484,0,1.846,-1.318,782.000,199.000,823.000,267.000,NaN,NaN,NaN,NaN,NaN,NaN,NaN
1320,695,7234.000,17.866,-0.138,-0.100,-0.009,0.867,NaN,484,0,4.411,-1.327,608.000,218.000,658.000,337.000,NaN,NaN,NaN,NaN,NaN,NaN,NaN
1321,723,7234.000,24.509,-0.113,-0.005,-0.068,0.090,NaN,484,0,-2.316,-1.325,608.000,213.000,646.000,245.000,NaN,NaN,NaN,NaN,NaN,NaN,NaN
1322,785,7234.000,24.254,1.422,-0.014,-0.088,0.550,NaN,484,0,0.639,-1.321,531.000,203.000,556.000,267.000,NaN,NaN,NaN,NaN,NaN,NaN,NaN
1323,90,7235.000,25.999,-4.959,0.014,-0.001,0.479,NaN,485,0,0.120,-1.308,861.000,200.000,887.000,279.000,NaN,NaN,NaN,NaN,NaN,NaN,NaN
1324,290,7235.000,27.719,2.992,0.073,0.043,0.355,0.075,485,0,-1.169,-1.269,457.000,200.000,488.000,271.000,27.790,2.880,-1.300,0.790,0.580,1.580,0.341
1325,489,7235.000,26.743,-3.595,-0.002,0.015,0.675,0.976,485,0,0.869,6.369,782.000,198.000,821.000,267.000,26.700,-3.590,-1.190,1.950,0.590,1.840,-1.125
1326,695,7235.000,17.754,-0.135,-0.103,-0.007,0.868,0.921,485,0,4.523,2.261,608.000,216.000,660.000,338.000,17.760,-0.130,-1.460,0.980,0.710,1.680,-0.216
1327,723,7235.000,24.761,-0.228,0.042,-0.082,0.091,0.008,485,0,-2.090,-1.499,610.000,209.000,656.000,246.000,24.910,-0.310,-1.350,1.540,0.410,1.670,0.372
1328,785,7235.000,24.264,1.327,-0.008,-0.091,0.390,0.115,485,0,-0.354,-0.911,536.000,201.000,561.000,254.000,24.280,1.300,-1.240,0.870,0.530,1.690,0.114
1329,90,7236.000,26.011,-4.961,0.012,-0.002,NaN,NaN,486,0,-2.617,-1.308,NaN,NaN,NaN,NaN,NaN,NaN,NaN,NaN,NaN,NaN,NaN
1330,290,7236.000,27.791,3.076,0.073,0.054,0.052,NaN,486,0,-2.207,-1.276,459.000,204.000,486.000,270.000,NaN,NaN,NaN,NaN,NaN,NaN,NaN
1331,489,7236.000,26.733,-3.594,-0.006,0.013,0.451,0.989,486,0,-0.565,6.369,780.000,198.000,817.000,264.000,26.700,-3.650,-1.170,1.960,0.590,1.920,-1.190
1332,695,7236.000,17.610,-0.108,-0.117,0.003,0.843,0.323,486,0,4.523,-0.096,609.000,216.000,658.000,339.000,17.570,-0.080,-1.480,0.900,0.580,1.760,-0.054
1333,723,7236.000,24.612,-0.390,-0.002,-0.105,0.170,0.782,486,0,-1.423,1.421,641.000,212.000,661.000,257.000,24.440,-0.610,-1.330,0.930,0.620,1.800,-2.097
1334,785,7236.000,24.251,1.231,-0.008,-0.094,0.619,0.844,486,0,1.181,1.841,539.000,203.000,568.000,257.000,24.240,1.200,-1.290,0.760,0.590,1.650,0.504
1335,90,7237.000,26.044,-4.964,0.014,-0.001,0.429,NaN,487,0,-0.215,-1.309,861.000,200.000,887.000,279.000,NaN,NaN,NaN,NaN,NaN,NaN,NaN
1336,290,7237.000,27.863,3.130,0.072,0.054,NaN,NaN,487,0,-0.612,-1.277,NaN,NaN,NaN,NaN,NaN,NaN,NaN,NaN,NaN,NaN,NaN
1337,489,7237.000,26.725,-3.575,-0.008,0.015,0.488,NaN,487,0,0.179,-1.318,782.000,198.000,815.000,266.000,NaN,NaN,NaN,NaN,NaN,NaN,NaN
1338,695,7237.000,17.491,-0.119,-0.118,-0.001,0.854,NaN,487,0,4.285,-1.327,609.000,217.000,656.000,339.000,NaN,NaN,NaN,NaN,NaN,NaN,NaN
1339,723,7237.000,24.595,-0.567,0.002,-0.128,0.236,NaN,487,0,-0.913,-1.312,645.000,211.000,670.000,297.000,NaN,NaN,NaN,NaN,NaN,NaN,NaN
1340,785,7237.000,24.243,1.171,-0.007,-0.088,0.627,NaN,487,0,1.083,-1.291,544.000,201.000,568.000,255.000,NaN,NaN,NaN,NaN,NaN,NaN,NaN
1341,90,7238.000,26.058,-4.965,0.014,-0.001,NaN,NaN,488,0,-2.618,-1.309,NaN,NaN,NaN,NaN,NaN,NaN,NaN,NaN,NaN,NaN,NaN
1342,290,7238.000,27.935,3.183,0.072,0.053,NaN,NaN,488,0,-0.687,-1.280,NaN,NaN,NaN,NaN,NaN,NaN,NaN,NaN,NaN,NaN,NaN
1343,489,7238.000,26.709,-3.596,-0.011,0.005,0.743,0.995,488,0,1.619,6.369,783.000,198.000,818.000,265.000,26.710,-3.680,-1.220,1.890,0.570,1.820,-1.128
1344,695,7238.000,17.390,-0.111,-0.115,0.002,0.852,0.469,488,0,4.496,0.334,609.000,216.000,657.000,339.000,17.400,-0.090,-1.330,0.940,0.490,1.770,2.869
1345,723,7238.000,24.456,-0.684,-0.026,-0.121,0.019,0.837,488,0,-2.858,1.841,642.000,221.000,671.000,297.000,24.360,-0.680,-1.440,0.740,0.730,1.710,-0.750
1346,785,7238.000,24.269,1.073,-0.000,-0.091,0.005,0.017,488,0,-2.811,-1.387,547.000,202.000,599.000,277.000,24.290,1.050,-1.370,0.870,0.560,1.810,-0.234
1347,90,7239.000,26.073,-4.966,0.015,-0.001,NaN,NaN,489,0,-0.955,-1.308,NaN,NaN,NaN,NaN,NaN,NaN,NaN,NaN,NaN,NaN,NaN
1348,290,7239.000,28.007,3.235,0.072,0.053,NaN,NaN,489,0,-2.148,-1.253,NaN,NaN,NaN,NaN,NaN,NaN,NaN,NaN,NaN,NaN,NaN
1349,489,7239.000,26.727,-3.637,-0.004,-0.003,0.666,0.401,489,0,0.780,-0.425,782.000,198.000,821.000,267.000,26.760,-3.750,-1.260,1.790,0.590,1.880,-1.129
1350,695,7239.000,17.267,-0.093,-0.119,0.010,0.881,0.926,489,0,4.496,2.248,607.000,218.000,652.000,340.000,17.270,-0.050,-1.360,0.770,0.590,1.660,-0.160
1351,723,7239.000,24.552,-0.821,0.006,-0.127,0.659,0.020,489,0,1.190,-1.483,647.000,210.000,678.000,299.000,24.740,-0.820,-1.270,1.620,0.370,1.630,-0.013
1352,785,7239.000,24.317,0.972,0.010,-0.094,0.481,0.039,489,0,0.251,-1.286,555.000,203.000,583.000,251.000,24.340,0.960,-1.420,0.720,0.560,1.820,-0.112
1353,90,7240.000,26.086,-4.969,0.013,-0.003,NaN,NaN,490,0,-2.616,-1.308,NaN,NaN,NaN,NaN,NaN,NaN,NaN,NaN,NaN,NaN,NaN
1354,290,7240.000,28.080,3.287,0.073,0.052,NaN,NaN,490,0,0.090,-1.244,NaN,NaN,NaN,NaN,NaN,NaN,NaN,NaN,NaN,NaN,NaN
1355,489,7240.000,26.719,-3.642,-0.006,-0.005,0.302,NaN,490,0,-0.816,-1.318,787.000,198.000,817.000,268.000,NaN,NaN,NaN,NaN,NaN,NaN,NaN
1356,695,7240.000,17.147,-0.087,-0.120,0.009,0.879,NaN,490,0,4.285,-1.327,606.000,218.000,651.000,343.000,NaN,NaN,NaN,NaN,NaN,NaN,NaN
1357,723,7240.000,24.551,-0.919,0.002,-0.120,0.738,NaN,490,0,2.907,-1.327,655.000,208.000,684.000,299.000,NaN,NaN,NaN,NaN,NaN,NaN,NaN
1358,785,7240.000,24.336,0.777,0.014,-0.123,0.037,NaN,490,0,-1.875,-1.270,568.000,203.000,608.000,320.000,NaN,NaN,NaN,NaN,NaN,NaN,NaN
1359,90,7241.000,26.318,-5.008,0.029,-0.006,0.231,NaN,491,0,-1.126,-1.308,861.000,198.000,887.000,266.000,NaN,NaN,NaN,NaN,NaN,NaN,NaN
1360,290,7241.000,28.261,3.345,0.088,0.055,NaN,0.681,491,0,-3.146,0.314,439.000,191.000,487.000,274.000,28.260,3.330,-1.130,0.720,0.680,1.680,-0.473
1361,489,7241.000,26.720,-3.620,-0.004,0.003,0.506,0.984,491,0,-0.164,6.369,784.000,198.000,820.000,265.000,26.730,-3.570,-1.140,1.950,0.640,1.790,-1.201
1362,695,7241.000,17.023,-0.056,-0.120,0.015,0.868,0.953,491,0,4.496,2.248,605.000,219.000,651.000,344.000,17.030,-0.030,-1.410,1.000,0.440,1.730,2.937
1363,723,7241.000,24.425,-1.001,-0.025,-0.110,0.770,0.876,491,0,2.738,2.456,655.000,209.000,688.000,299.000,24.320,-0.950,-1.410,0.690,0.690,1.630,-1.421
1364,785,7241.000,24.290,0.710,-0.001,-0.108,0.053,0.495,491,0,-2.414,0.161,564.000,203.000,605.000,320.000,24.250,0.780,-1.320,0.700,0.660,1.800,0.289
1365,849,7241.000,27.360,-0.590,0.000,0.000,0.644,0.030,491,0,0.572,-1.546,642.000,205.000,665.000,283.000,27.360,-0.590,-1.390,0.660,0.490,1.830,-2.455
1366,90,7242.000,26.396,-5.027,0.029,-0.007,0.723,NaN,492,0,2.434,-1.309,861.000,199.000,887.000,264.000,NaN,NaN,NaN,NaN,NaN,NaN,NaN
1367,290,7242.000,28.355,3.357,0.090,0.048,NaN,0.030,492,0,-3.157,-1.532,454.000,193.000,474.000,274.000,28.350,3.320,-1.150,0.300,0.430,1.670,-1.238
1368,489,7242.000,26.718,-3.643,-0.003,-0.002,0.671,0.941,492,0,0.780,6.369,787.000,198.000,822.000,265.000,26.750,-3.710,-1.160,1.830,0.620,1.760,-1.221
1369,695,7242.000,16.904,-0.028,-0.118,0.018,0.817,0.620,492,0,4.496,0.992,605.000,219.000,648.000,345.000,16.910,-0.020,-1.370,0.860,0.550,1.690,-0.000
1370,723,7242.000,24.342,-1.090,-0.038,-0.105,0.767,0.996,492,0,2.738,2.843,656.000,211.000,696.000,298.000,24.270,-1.070,-1.360,0.950,0.570,1.810,-1.688
1371,785,7242.000,24.259,0.651,-0.005,-0.096,0.100,0.949,492,0,-1.828,2.843,570.000,203.000,607.000,327.000,24.200,0.710,-1.290,0.780,0.500,1.610,-0.170
1372,849,7242.000,27.430,-0.671,0.024,-0.026,0.655,0.122,492,0,0.704,-1.083,645.000,204.000,668.000,284.000,27.450,-0.730,-1.400,0.720,0.630,1.680,-0.719
1373,90,7243.000,26.463,-5.043,0.029,-0.007,0.737,NaN,493,0,2.746,-1.300,861.000,200.000,887.000,264.000,NaN,NaN,NaN,NaN,NaN,NaN,NaN
1374,290,7243.000,28.466,3.445,0.092,0.053,0.429,NaN,493,0,-0.044,-1.239,453.000,199.000,467.000,280.000,NaN,NaN,NaN,NaN,NaN,NaN,NaN
1375,489,7243.000,26.715,-3.666,-0.003,-0.008,0.719,NaN,493,0,2.434,-1.319,787.000,199.000,822.000,264.000,NaN,NaN,NaN,NaN,NaN,NaN,NaN
1376,695,7243.000,16.790,-0.027,-0.118,0.013,0.841,NaN,493,0,4.285,-1.327,604.000,219.000,646.000,345.000,NaN,NaN,NaN,NaN,NaN,NaN,NaN
1377,723,7243.000,24.305,-1.174,-0.038,-0.099,0.631,NaN,493,0,1.305,-1.326,655.000,225.000,711.000,298.000,NaN,NaN,NaN,NaN,NaN,NaN,NaN
1378,785,7243.000,24.255,0.563,-0.005,-0.094,0.121,NaN,493,0,-1.124,-1.273,574.000,201.000,607.000,327.000,NaN,NaN,NaN,NaN,NaN,NaN,NaN
1379,849,7243.000,27.487,-0.785,0.041,-0.069,0.716,NaN,493,0,2.434,-1.313,648.000,205.000,673.000,283.000,NaN,NaN,NaN,NaN,NaN,NaN,NaN
1380,90,7244.000,26.491,-5.051,0.028,-0.008,NaN,NaN,494,0,-1.056,-1.300,NaN,NaN,NaN,NaN,NaN,NaN,NaN,NaN,NaN,NaN,NaN
1381,290,7244.000,28.498,3.481,0.080,0.048,0.409,0.045,494,0,-0.944,-1.409,453.000,200.000,467.000,280.000,28.450,3.430,-1.180,0.750,0.620,1.780,0.573
1382,489,7244.000,26.704,-3.637,-0.007,-0.001,0.729,0.451,494,0,1.520,-0.283,787.000,199.000,822.000,264.000,26.710,-3.580,-1.280,1.850,0.600,1.880,-1.134
1383,695,7244.000,16.713,-0.008,-0.111,0.016,0.844,0.866,494,0,4.496,2.248,601.000,217.000,647.000,345.000,16.740,0.010,-1.390,0.970,0.510,1.790,2.759
1384,723,7244.000,24.305,-1.210,-0.031,-0.083,0.623,0.999,494,0,1.181,2.843,664.000,215.000,712.000,298.000,24.310,-1.140,-1.350,0.790,0.600,1.740,1.672
1385,785,7244.000,24.196,0.519,-0.019,-0.079,0.175,0.404,494,0,-1.404,-0.151,578.000,204.000,612.000,329.000,24.150,0.610,-1.170,0.750,0.580,1.670,-1.067
1386,849,7244.000,27.383,-0.837,-0.009,-0.053,0.723,0.537,494,0,1.397,0.016,649.000,206.000,674.000,284.000,27.350,-0.830,-1.300,0.990,0.490,1.780,-1.972
1387,90,7245.000,26.518,-5.057,0.027,-0.006,NaN,NaN,495,0,-2.600,-1.300,NaN,NaN,NaN,NaN,NaN,NaN,NaN,NaN,NaN,NaN,NaN
1388,290,7245.000,28.607,3.522,0.086,0.046,0.428,0.005,495,0,-1.047,-1.643,453.000,201.000,467.000,280.000,28.640,3.500,-1.190,0.820,0.610,1.840,-0.166
1389,489,7245.000,26.743,-3.672,0.004,-0.012,0.765,0.916,495,0,1.766,6.369,786.000,198.000,823.000,264.000,26.800,-3.740,-1.160,2.000,0.650,1.940,-1.151
1390,695,7245.000,16.582,0.004,-0.118,0.016,0.856,0.875,495,0,4.496,2.248,601.000,217.000,647.000,345.000,16.560,-0.000,-1.310,0.890,0.480,1.740,-3.222
1391,723,7245.000,24.279,-1.293,-0.029,-0.083,0.779,0.991,495,0,2.841,2.843,671.000,206.000,712.000,299.000,24.270,-1.300,-1.360,0.820,0.580,1.640,0.280
1392,785,7245.000,24.180,0.430,-0.015,-0.082,0.178,0.843,495,0,-1.354,1.841,584.000,201.000,614.000,328.000,24.180,0.400,-1.220,0.520,0.450,1.730,-1.847
1393,849,7245.000,27.356,-0.871,-0.017,-0.043,0.774,0.070,495,0,1.832,-1.289,648.000,207.000,682.000,285.000,27.350,-0.870,-1.370,0.740,0.640,1.710,-2.311
1394,90,7246.000,26.567,-5.073,0.024,-0.007,0.678,NaN,496,0,1.846,-1.300,861.000,200.000,887.000,264.000,NaN,NaN,NaN,NaN,NaN,NaN,NaN
1395,290,7246.000,28.708,3.507,0.088,0.024,0.225,NaN,496,0,-1.093,-1.222,453.000,205.000,466.000,280.000,NaN,NaN,NaN,NaN,NaN,NaN,NaN
1396,489,7246.000,26.750,-3.679,0.003,-0.012,0.752,NaN,496,0,2.906,-1.319,785.000,198.000,822.000,264.000,NaN,NaN,NaN,NaN,NaN,NaN,NaN
1397,695,7246.000,16.463,0.006,-0.118,0.012,0.863,NaN,496,0,4.285,-1.327,599.000,219.000,647.000,346.000,NaN,NaN,NaN,NaN,NaN,NaN,NaN
1398,723,7246.000,24.246,-1.413,-0.029,-0.093,0.406,NaN,496,0,-0.166,-1.326,685.000,208.000,716.000,298.000,NaN,NaN,NaN,NaN,NaN,NaN,NaN
1399,785,7246.000,24.169,0.360,-0.013,-0.079,0.056,NaN,496,0,-1.495,-1.306,589.000,204.000,614.000,325.000,NaN,NaN,NaN,NaN,NaN,NaN,NaN
1400,849,7246.000,27.334,-0.962,-0.020,-0.058,0.768,NaN,496,0,3.261,-1.321,653.000,209.000,688.000,285.000,NaN,NaN,NaN,NaN,NaN,NaN,NaN
1401,90,7247.000,26.592,-5.080,0.026,-0.007,NaN,NaN,497,0,-2.606,-1.303,NaN,NaN,NaN,NaN,NaN,NaN,NaN,NaN,NaN,NaN,NaN
1402,290,7247.000,28.736,3.517,0.074,0.022,0.187,0.019,497,0,-2.012,-1.625,453.000,204.000,466.000,279.000,28.700,3.470,-1.260,0.870,0.500,1.820,-2.325
1403,489,7247.000,26.749,-3.669,0.004,-0.008,0.760,0.895,497,0,1.766,2.716,785.000,198.000,822.000,264.000,26.760,-3.620,-1.170,1.840,0.600,1.820,-1.053
1404,695,7247.000,16.453,0.028,-0.095,0.015,0.865,0.967,497,0,4.496,2.248,599.000,220.000,647.000,348.000,16.530,0.020,-1.420,0.820,0.520,1.760,-0.274
1405,723,7247.000,24.233,-1.473,-0.028,-0.084,0.575,0.929,497,0,0.873,2.843,688.000,208.000,719.000,297.000,24.240,-1.420,-1.400,0.800,0.610,1.670,0.620
1406,785,7247.000,24.187,0.296,-0.009,-0.075,0.050,0.607,497,0,-2.483,0.562,592.000,203.000,615.000,326.000,24.210,0.330,-1.260,0.740,0.640,1.700,-0.883
1407,849,7247.000,27.328,-0.970,-0.018,-0.045,0.775,0.691,497,0,1.904,0.490,654.000,209.000,690.000,285.000,27.320,-0.930,-1.330,0.740,0.620,1.690,0.004
1408,90,7248.000,26.617,-5.088,0.024,-0.008,NaN,NaN,498,0,-2.606,-1.303,NaN,NaN,NaN,NaN,NaN,NaN,NaN,NaN,NaN,NaN,NaN
1409,290,7248.000,28.843,3.550,0.080,0.026,NaN,0.006,498,0,-3.261,-1.626,433.000,192.000,479.000,278.000,28.880,3.560,-1.200,0.770,0.710,1.790,0.530
1410,489,7248.000,26.787,-3.716,0.014,-0.015,0.777,0.013,498,0,1.904,-1.609,785.000,198.000,822.000,264.000,26.850,-3.790,-1.280,1.920,0.590,1.840,-1.105
1411,695,7248.000,16.352,0.050,-0.096,0.017,0.861,0.732,498,0,4.450,1.585,599.000,221.000,641.000,351.000,16.340,0.060,-1.370,0.790,0.670,1.610,-0.178
1412,723,7248.000,24.261,-1.560,-0.016,-0.085,0.645,0.941,498,0,1.362,2.843,696.000,208.000,724.000,297.000,24.330,-1.560,-1.360,0.900,0.560,1.650,-0.931
1413,785,7248.000,24.191,0.176,-0.006,-0.086,0.098,0.022,498,0,-1.884,-1.421,601.000,202.000,643.000,299.000,24.190,0.070,-1.360,0.680,0.710,1.820,0.039
1414,849,7248.000,27.287,-1.029,-0.024,-0.047,0.817,0.574,498,0,2.448,0.108,656.000,208.000,694.000,285.000,27.240,-1.060,-1.400,0.890,0.610,1.820,1.203
1415,90,7249.000,26.760,-5.098,0.025,-0.003,0.439,NaN,499,0,0.021,-1.303,860.000,200.000,887.000,282.000,NaN,NaN,NaN,NaN,NaN,NaN,NaN
1416,290,7249.000,28.923,3.576,0.080,0.027,NaN,NaN,499,0,-2.504,-1.230,NaN,NaN,NaN,NaN,NaN,NaN,NaN,NaN,NaN,NaN,NaN
1417,489,7249.000,26.803,-3.743,0.014,-0.017,0.557,NaN,499,0,0.715,-1.320,792.000,199.000,822.000,267.000,NaN,NaN,NaN,NaN,NaN,NaN,NaN
1418,695,7249.000,16.254,0.054,-0.096,0.013,0.809,NaN,499,0,4.108,-1.327,595.000,214.000,642.000,352.000,NaN,NaN,NaN,NaN,NaN,NaN,NaN
1419,723,7249.000,24.244,-1.679,-0.015,-0.094,0.809,NaN,499,0,4.175,-1.327,698.000,210.000,736.000,298.000,NaN,NaN,NaN,NaN,NaN,NaN,NaN
1420,785,7249.000,24.185,0.090,-0.006,-0.086,NaN,NaN,499,0,-2.646,-1.323,NaN,NaN,NaN,NaN,NaN,NaN,NaN,NaN,NaN,NaN,NaN
1421,849,7249.000,27.276,-1.160,-0.020,-0.066,0.755,NaN,499,0,2.906,-1.322,666.000,207.000,696.000,284.000,NaN,NaN,NaN,NaN,NaN,NaN,NaN
1422,90,7250.000,27.001,-5.144,0.033,-0.006,0.562,NaN,500,0,0.715,-1.301,861.000,200.000,887.000,266.000,NaN,NaN,NaN,NaN,NaN,NaN,NaN
1423,290,7250.000,29.006,3.572,0.080,0.022,NaN,0.149,500,0,-3.204,-1.092,436.000,193.000,480.000,271.000,29.020,3.520,-1.140,0.760,0.700,1.630,-0.252
1424,489,7250.000,26.754,-3.714,0.002,-0.006,0.546,0.994,500,0,0.096,6.369,793.000,200.000,822.000,268.000,26.700,-3.630,-1.240,1.900,0.640,1.800,-1.104
1425,695,7250.000,16.119,0.082,-0.109,0.015,0.878,0.903,500,0,4.450,2.225,593.000,220.000,641.000,352.000,16.100,0.100,-1.360,0.920,0.480,1.710,2.837
1426,723,7250.000,24.261,-1.746,-0.007,-0.087,0.802,0.992,500,0,3.099,2.843,698.000,212.000,743.000,298.000,24.280,-1.710,-1.340,0.820,0.560,1.630,-1.196
1427,785,7250.000,24.179,0.004,-0.006,-0.086,NaN,NaN,500,0,-2.650,-1.325,NaN,NaN,NaN,NaN,NaN,NaN,NaN,NaN,NaN,NaN,NaN
1428,849,7250.000,27.223,-1.196,-0.027,-0.062,0.732,0.978,500,0,1.520,6.369,668.000,206.000,698.000,285.000,27.210,-1.180,-1.380,0.820,0.640,1.640,0.280
1429,90,7251.000,27.035,-5.150,0.033,-0.006,NaN,NaN,501,0,-2.603,-1.302,NaN,NaN,NaN,NaN,NaN,NaN,NaN,NaN,NaN,NaN,NaN
1430,290,7251.000,29.093,3.629,0.082,0.029,NaN,0.058,501,0,-3.264,-1.415,434.000,184.000,470.000,270.000,29.110,3.670,-1.030,0.790,0.720,1.810,0.101
1431,489,7251.000,26.758,-3.685,0.002,0.003,0.554,0.004,501,0,0.096,-1.617,792.000,199.000,823.000,268.000,26.760,-3.640,-1.210,1.860,0.670,1.790,-1.083
1432,695,7251.000,15.976,0.119,-0.118,0.020,0.782,0.884,501,0,4.020,2.225,592.000,217.000,636.000,352.000,15.950,0.150,-1.380,0.700,0.460,1.830,2.627
1433,723,7251.000,24.246,-1.828,-0.010,-0.086,0.799,0.935,501,0,3.099,2.843,700.000,212.000,753.000,298.000,24.240,-1.820,-1.370,0.920,0.540,1.760,-1.645
1434,785,7251.000,24.161,-0.135,-0.008,-0.098,0.419,0.024,501,0,-0.217,-1.433,619.000,201.000,647.000,286.000,24.160,-0.160,-1.230,0.700,0.650,1.670,-0.654
1435,849,7251.000,27.171,-1.256,-0.033,-0.063,0.752,0.960,501,0,1.698,6.369,671.000,207.000,700.000,285.000,27.140,-1.260,-1.350,0.670,0.560,1.830,-2.353
1436,90,7252.000,27.280,-5.199,0.036,-0.007,0.546,NaN,502,0,0.639,-1.301,861.000,200.000,887.000,266.000,NaN,NaN,NaN,NaN,NaN,NaN,NaN
1437,290,7252.000,29.174,3.657,0.081,0.027,NaN,NaN,502,0,-2.323,-1.161,NaN,NaN,NaN,NaN,NaN,NaN,NaN,NaN,NaN,NaN,NaN
1438,489,7252.000,26.754,-3.720,0.000,-0.007,0.587,NaN,502,0,0.941,-1.320,793.000,200.000,823.000,269.000,NaN,NaN,NaN,NaN,NaN,NaN,NaN
1439,695,7252.000,15.857,0.129,-0.118,0.018,0.848,NaN,502,0,4.285,-1.326,591.000,217.000,631.000,353.000,NaN,NaN,NaN,NaN,NaN,NaN,NaN
1440,723,7252.000,24.234,-1.918,-0.011,-0.087,0.788,NaN,502,0,3.821,-1.327,699.000,212.000,755.000,299.000,NaN,NaN,NaN,NaN,NaN,NaN,NaN
1441,785,7252.000,24.154,-0.271,-0.009,-0.107,0.753,NaN,502,0,3.150,-1.327,621.000,200.000,653.000,301.000,NaN,NaN,NaN,NaN,NaN,NaN,NaN
1442,849,7252.000,27.143,-1.289,-0.035,-0.059,0.439,NaN,502,0,-0.151,-1.323,673.000,208.000,695.000,283.000,NaN,NaN,NaN,NaN,NaN,NaN,NaN
1443,90,7253.000,27.438,-5.230,0.038,-0.007,0.464,NaN,503,0,-0.011,-1.302,861.000,200.000,887.000,267.000,NaN,NaN,NaN,NaN,NaN,NaN,NaN
1444,290,7253.000,29.256,3.684,0.081,0.027,NaN,NaN,503,0,-2.278,-1.139,NaN,NaN,NaN,NaN,NaN,NaN,NaN,NaN,NaN,NaN,NaN
1445,489,7253.000,26.667,-3.636,-0.020,0.014,0.582,0.565,503,0,0.273,0.108,793.000,200.000,823.000,269.000,26.600,-3.450,-1.190,0.730,0.690,1.560,-0.483
1446,695,7253.000,15.789,0.156,-0.107,0.019,0.839,0.900,503,0,4.450,2.225,589.000,219.000,629.000,352.000,15.810,0.170,-1.290,0.990,0.470,1.720,2.841
1447,723,7253.000,24.246,-1.953,-0.005,-0.075,0.735,0.986,503,0,2.350,2.843,709.000,211.000,752.000,297.000,24.270,-1.900,-1.340,0.600,0.480,1.730,-1.119
1448,785,7253.000,24.119,-0.334,-0.015,-0.096,0.717,0.402,503,0,2.207,-0.156,622.000,206.000,658.000,302.000,24.130,-0.260,-1.420,0.780,0.630,1.770,-0.142
1449,849,7253.000,27.144,-1.334,-0.028,-0.053,0.753,0.968,503,0,1.698,6.369,674.000,207.000,709.000,285.000,27.190,-1.310,-1.340,0.690,0.690,1.620,0.093
1450,90,7254.000,27.475,-5.234,0.037,-0.005,NaN,NaN,504,0,-2.604,-1.302,NaN,NaN,NaN,NaN,NaN,NaN,NaN,NaN,NaN,NaN,NaN
1451,290,7254.000,29.337,3.710,0.081,0.026,NaN,NaN,504,0,-2.189,-1.095,NaN,NaN,NaN,NaN,NaN,NaN,NaN,NaN,NaN,NaN,NaN
1452,489,7254.000,26.673,-3.628,-0.015,0.012,0.619,0.984,504,0,0.469,6.369,793.000,200.000,823.000,267.000,26.710,-3.640,-1.190,1.870,0.600,1.840,-1.180
1453,695,7254.000,15.685,0.168,-0.106,0.018,0.853,0.748,504,0,4.450,1.749,586.000,221.000,625.000,352.000,15.690,0.170,-1.360,0.800,0.600,1.670,0.020
1454,723,7254.000,24.257,-2.044,0.000,-0.079,0.250,0.906,504,0,-0.969,2.843,724.000,201.000,752.000,297.000,24.280,-2.080,-1.360,0.740,0.550,1.680,-1.221
1455,785,7254.000,24.116,-0.428,-0.012,-0.096,0.831,0.847,504,0,3.532,1.933,621.000,201.000,678.000,301.000,24.170,-0.430,-1.310,1.040,0.450,1.860,-1.765
1456,849,7254.000,27.073,-1.398,-0.038,-0.056,0.747,0.812,504,0,1.698,1.129,674.000,207.000,714.000,284.000,27.020,-1.430,-1.380,0.830,0.570,1.800,-2.367
1457,90,7255.000,27.641,-5.271,0.046,-0.010,0.459,NaN,505,0,-0.011,-1.302,861.000,200.000,887.000,269.000,NaN,NaN,NaN,NaN,NaN,NaN,NaN
1458,290,7255.000,29.419,3.738,0.082,0.028,NaN,NaN,505,0,-2.026,-1.013,NaN,NaN,NaN,NaN,NaN,NaN,NaN,NaN,NaN,NaN,NaN
1459,489,7255.000,26.657,-3.681,-0.017,-0.005,0.556,NaN,505,0,0.715,-1.318,793.000,200.000,823.000,268.000,NaN,NaN,NaN,NaN,NaN,NaN,NaN
1460,695,7255.000,15.581,0.200,-0.107,0.023,0.833,NaN,505,0,4.255,-1.324,581.000,222.000,623.000,353.000,NaN,NaN,NaN,NaN,NaN,NaN,NaN
1461,723,7255.000,24.250,-2.183,-0.001,-0.095,0.727,NaN,505,0,2.756,-1.326,729.000,208.000,758.000,298.000,NaN,NaN,NaN,NaN,NaN,NaN,NaN
1462,785,7255.000,24.103,-0.525,-0.013,-0.096,0.829,NaN,505,0,4.413,-1.327,622.000,203.000,681.000,301.000,NaN,NaN,NaN,NaN,NaN,NaN,NaN
1463,849,7255.000,27.028,-1.487,-0.042,-0.065,0.817,NaN,505,0,4.311,-1.325,678.000,206.000,717.000,287.000,NaN,NaN,NaN,NaN,NaN,NaN,NaN
1464,90,7256.000,27.687,-5.281,0.045,-0.010,NaN,NaN,506,0,-2.609,-1.304,NaN,NaN,NaN,NaN,NaN,NaN,NaN,NaN,NaN,NaN,NaN
1465,290,7256.000,29.503,3.767,0.084,0.029,NaN,NaN,506,0,-1.801,-0.901,NaN,NaN,NaN,NaN,NaN,NaN,NaN,NaN,NaN,NaN,NaN
1466,489,7256.000,26.689,-3.692,-0.008,-0.008,0.566,0.795,506,0,0.216,0.996,793.000,200.000,823.000,269.000,26.740,-3.680,-1.230,1.740,0.580,1.720,-1.106
1467,695,7256.000,15.489,0.230,-0.104,0.028,0.812,0.981,506,0,4.344,2.197,580.000,222.000,621.000,352.000,15.490,0.240,-1.330,0.800,0.510,1.650,0.290
1468,723,7256.000,24.267,-2.252,0.002,-0.086,0.744,0.998,506,0,2.467,2.843,732.000,206.000,761.000,298.000,24.280,-2.180,-1.430,0.730,0.640,1.610,-0.791
1469,785,7256.000,24.085,-0.544,-0.012,-0.079,0.825,0.900,506,0,3.391,2.843,622.000,203.000,683.000,301.000,24.120,-0.460,-1.260,1.050,0.460,1.810,1.783
1470,849,7256.000,27.022,-1.515,-0.032,-0.055,0.856,0.977,506,0,3.590,6.369,677.000,207.000,717.000,287.000,27.060,-1.460,-1.390,0.750,0.820,1.550,-0.410
1471,90,7257.000,27.732,-5.290,0.046,-0.009,NaN,NaN,507,0,-2.609,-1.304,NaN,NaN,NaN,NaN,NaN,NaN,NaN,NaN,NaN,NaN,NaN
1472,290,7257.000,29.588,3.794,0.085,0.028,NaN,NaN,507,0,-1.537,-0.769,NaN,NaN,NaN,NaN,NaN,NaN,NaN,NaN,NaN,NaN,NaN
1473,489,7257.000,26.696,-3.690,-0.006,-0.003,0.740,0.882,507,0,1.619,2.335,783.000,198.000,823.000,270.000,26.730,-3.670,-1.170,1.910,0.630,1.840,-1.151
1474,695,7257.000,15.329,0.248,-0.121,0.028,0.797,0.239,507,0,4.244,-0.266,575.000,220.000,616.000,353.000,15.250,0.250,-1.330,0.790,0.460,1.720,0.491
1475,723,7257.000,24.299,-2.341,0.010,-0.087,0.646,0.596,507,0,1.362,0.531,736.000,208.000,766.000,297.000,24.330,-2.340,-1.320,0.760,0.580,1.710,-0.021
1476,785,7257.000,24.110,-0.671,-0.005,-0.094,NaN,0.824,507,0,-2.921,1.696,635.000,201.000,688.000,305.000,24.150,-0.740,-1.370,0.940,0.560,1.820,-1.622
1477,849,7257.000,26.983,-1.576,-0.034,-0.056,0.816,0.921,507,0,2.448,6.369,686.000,208.000,721.000,287.000,26.970,-1.600,-1.380,0.760,0.610,1.650,0.009
1478,90,7258.000,28.214,-5.372,0.059,-0.008,0.518,NaN,508,0,0.383,-1.304,860.000,200.000,887.000,279.000,NaN,NaN,NaN,NaN,NaN,NaN,NaN
1479,290,7258.000,29.671,3.822,0.083,0.027,NaN,NaN,508,0,-1.496,-0.748,NaN,NaN,NaN,NaN,NaN,NaN,NaN,NaN,NaN,NaN,NaN
1480,489,7258.000,26.686,-3.687,-0.007,-0.001,0.512,NaN,508,0,0.306,-1.320,785.000,199.000,823.000,266.000,NaN,NaN,NaN,NaN,NaN,NaN,NaN
1481,695,7258.000,15.198,0.303,-0.125,0.037,0.559,NaN,508,0,1.164,-1.319,571.000,218.000,612.000,351.000,NaN,NaN,NaN,NaN,NaN,NaN,NaN
1482,723,7258.000,24.306,-2.448,0.009,-0.091,0.469,NaN,508,0,0.237,-1.324,738.000,208.000,776.000,297.000,NaN,NaN,NaN,NaN,NaN,NaN,NaN
1483,785,7258.000,24.108,-0.765,-0.004,-0.094,0.678,NaN,508,0,2.039,-1.327,643.000,204.000,683.000,297.000,NaN,NaN,NaN,NaN,NaN,NaN,NaN
1484,849,7258.000,26.939,-1.704,-0.035,-0.072,0.768,NaN,508,0,3.261,-1.326,693.000,208.000,727.000,287.000,NaN,NaN,NaN,NaN,NaN,NaN,NaN
1485,90,7259.000,28.445,-5.414,0.061,-0.010,0.553,NaN,509,0,0.639,-1.303,860.000,200.000,887.000,279.000,NaN,NaN,NaN,NaN,NaN,NaN,NaN
1486,290,7259.000,29.754,3.849,0.083,0.028,NaN,NaN,509,0,-1.153,-0.576,NaN,NaN,NaN,NaN,NaN,NaN,NaN,NaN,NaN,NaN,NaN
1487,489,7259.000,26.683,-3.666,-0.008,0.003,0.594,0.983,509,0,0.327,6.369,784.000,199.000,823.000,266.000,26.730,-3.630,-1.180,1.850,0.600,1.800,-1.209
1488,695,7259.000,15.126,0.337,-0.111,0.037,0.426,0.165,509,0,0.340,-0.464,569.000,218.000,612.000,303.000,15.180,0.330,-1.290,0.670,0.680,1.810,0.292
1489,723,7259.000,24.288,-2.522,0.005,-0.086,0.173,0.999,509,0,-1.440,2.843,743.000,210.000,777.000,297.000,24.260,-2.480,-1.390,0.770,0.590,1.580,-0.204
1490,785,7259.000,24.112,-0.859,-0.002,-0.093,0.777,0.983,509,0,2.841,2.843,652.000,200.000,683.000,297.000,24.120,-0.850,-1.400,0.610,0.710,1.850,2.243
1491,849,7259.000,26.916,-1.747,-0.034,-0.067,0.802,0.917,509,0,2.108,6.369,694.000,207.000,729.000,287.000,26.920,-1.690,-1.350,0.860,0.580,1.640,0.227
1492,90,7260.000,28.801,-5.484,0.075,-0.013,0.524,NaN,510,0,0.383,-1.304,861.000,200.000,887.000,278.000,NaN,NaN,NaN,NaN,NaN,NaN,NaN
1493,290,7260.000,29.838,3.878,0.084,0.028,NaN,NaN,510,0,-0.702,-0.351,NaN,NaN,NaN,NaN,NaN,NaN,NaN,NaN,NaN,NaN,NaN
1494,489,7260.000,26.703,-3.693,-0.000,-0.003,0.620,0.992,510,0,0.469,6.369,784.000,199.000,823.000,267.000,26.740,-3.770,-1.170,2.040,0.560,1.860,-1.182
1495,695,7260.000,15.006,0.380,-0.112,0.038,0.659,0.910,510,0,2.231,2.197,565.000,220.000,614.000,307.000,15.000,0.410,-1.340,0.680,0.670,1.770,0.431
1496,723,7260.000,24.301,-2.585,0.006,-0.080,0.052,0.311,510,0,-2.502,-0.339,740.000,209.000,784.000,298.000,24.310,-2.540,-1.320,0.720,0.680,1.630,-0.279
1497,785,7260.000,24.114,-0.982,-0.002,-0.102,0.786,0.948,510,0,2.962,2.843,659.000,199.000,691.000,296.000,24.130,-1.010,-1.270,0.910,0.580,1.790,-1.375
1498,849,7260.000,26.852,-1.804,-0.042,-0.065,0.812,0.900,510,0,2.259,3.230,696.000,208.000,734.000,288.000,26.820,-1.780,-1.350,0.880,0.610,1.750,0.146
1499,90,7261.000,28.960,-5.517,0.076,-0.015,0.540,NaN,511,0,0.556,-1.306,861.000,200.000,887.000,267.000,NaN,NaN,NaN,NaN,NaN,NaN,NaN
1500,290,7261.000,29.922,3.906,0.084,0.028,NaN,NaN,511,0,0.579,-0.096,NaN,NaN,NaN,NaN,NaN,NaN,NaN,NaN,NaN,NaN,NaN
1501,489,7261.000,26.703,-3.706,0.000,-0.005,0.577,NaN,511,0,0.862,-1.320,791.000,199.000,823.000,267.000,NaN,NaN,NaN,NaN,NaN,NaN,NaN
1502,695,7261.000,14.895,0.398,-0.111,0.032,0.543,NaN,511,0,0.748,-1.293,562.000,223.000,614.000,308.000,NaN,NaN,NaN,NaN,NaN,NaN,NaN
1503,723,7261.000,24.296,-2.739,0.004,-0.098,0.612,NaN,511,0,1.112,-1.320,759.000,208.000,791.000,270.000,NaN,NaN,NaN,NaN,NaN,NaN,NaN
1504,785,7261.000,24.102,-1.110,-0.006,-0.112,0.723,NaN,511,0,2.608,-1.326,667.000,208.000,702.000,297.000,NaN,NaN,NaN,NaN,NaN,NaN,NaN
1505,849,7261.000,26.806,-1.915,-0.042,-0.077,0.856,NaN,511,0,4.485,-1.327,700.000,208.000,738.000,288.000,NaN,NaN,NaN,NaN,NaN,NaN,NaN
1506,90,7262.000,25.622,-4.870,0.054,-0.014,0.539,0.018,512,0,0.265,-1.516,861.000,201.000,887.000,280.000,25.680,-4.850,-0.650,0.790,0.640,1.670,-0.777
1507,290,7262.000,29.531,1.413,0.005,-0.202,0.029,NaN,512,0,-0.000,-0.000,560.000,224.000,600.000,278.000,NaN,NaN,NaN,NaN,NaN,NaN,NaN
1508,489,7262.000,26.704,-3.684,0.002,0.001,0.718,0.565,512,0,1.397,0.079,784.000,199.000,824.000,269.000,26.720,-3.630,-1.190,1.930,0.570,1.770,-1.259
1509,695,7262.000,14.785,0.409,-0.110,0.026,0.342,NaN,512,0,-0.508,-1.283,561.000,224.000,613.000,310.000,NaN,NaN,NaN,NaN,NaN,NaN,NaN
1510,723,7262.000,24.338,-2.802,0.013,-0.092,0.656,0.058,512,0,1.438,-1.158,763.000,207.000,789.000,269.000,24.360,-2.730,-1.290,0.860,0.610,1.730,0.173
1511,785,7262.000,24.138,-1.161,-0.001,-0.096,0.838,0.990,512,0,3.682,2.843,667.000,200.000,713.000,299.000,24.150,-1.060,-1.260,0.770,0.540,1.760,1.716
1512,849,7262.000,26.732,-1.937,-0.051,-0.064,0.829,0.642,512,0,2.672,0.286,702.000,209.000,738.000,287.000,26.710,-1.840,-1.390,0.840,0.450,1.650,-2.161
1513,90,7263.000,25.688,-4.892,0.068,-0.018,0.584,NaN,513,0,1.046,-1.308,861.000,200.000,887.000,281.000,NaN,NaN,NaN,NaN,NaN,NaN,NaN
1514,290,7263.000,29.536,1.209,0.005,-0.204,0.035,NaN,513,0,-2.585,-1.270,556.000,224.000,592.000,280.000,NaN,NaN,NaN,NaN,NaN,NaN,NaN
1515,489,7263.000,26.698,-3.642,0.000,0.011,0.711,0.895,513,0,1.256,2.716,788.000,199.000,823.000,269.000,26.680,-3.570,-1.190,1.890,0.590,1.780,-1.215
1516,695,7263.000,14.703,0.485,-0.102,0.040,0.138,0.214,513,0,-1.020,-0.306,557.000,223.000,599.000,305.000,14.700,0.540,-1.380,0.750,0.680,1.840,0.375
1517,723,7263.000,24.303,-2.880,-0.000,-0.090,0.244,0.470,513,0,-1.028,0.086,770.000,201.000,794.000,257.000,24.240,-2.850,-1.400,0.770,0.560,1.700,-0.163
1518,785,7263.000,24.122,-1.248,-0.005,-0.093,0.832,0.999,513,0,3.532,2.843,667.000,201.000,721.000,297.000,24.100,-1.210,-1.320,0.840,0.570,1.800,1.630
1519,849,7263.000,26.642,-1.977,-0.059,-0.060,0.808,0.921,513,0,2.259,6.369,705.000,210.000,741.000,288.000,26.620,-1.940,-1.360,0.850,0.550,1.680,0.377
1520,90,7264.000,25.779,-4.904,0.075,-0.017,0.616,NaN,514,0,1.393,-1.308,861.000,200.000,887.000,281.000,NaN,NaN,NaN,NaN,NaN,NaN,NaN
1521,290,7264.000,29.541,1.007,0.005,-0.203,0.130,NaN,514,0,-1.418,-1.278,550.000,221.000,595.000,303.000,NaN,NaN,NaN,NaN,NaN,NaN,NaN
1522,489,7264.000,26.698,-3.621,-0.000,0.012,0.048,NaN,514,0,-2.282,-1.319,774.000,201.000,826.000,265.000,NaN,NaN,NaN,NaN,NaN,NaN,NaN
1523,695,7264.000,14.603,0.523,-0.100,0.038,NaN,NaN,514,0,4.409,-1.213,NaN,NaN,NaN,NaN,NaN,NaN,NaN,NaN,NaN,NaN,NaN
1524,723,7264.000,24.293,-3.002,-0.002,-0.100,0.413,NaN,514,0,-0.510,-1.307,774.000,204.000,799.000,264.000,NaN,NaN,NaN,NaN,NaN,NaN,NaN
1525,785,7264.000,24.119,-1.355,-0.003,-0.096,0.827,NaN,514,0,4.369,-1.326,668.000,199.000,728.000,300.000,NaN,NaN,NaN,NaN,NaN,NaN,NaN
1526,849,7264.000,26.578,-2.076,-0.061,-0.071,0.800,NaN,514,0,3.866,-1.326,710.000,209.000,742.000,288.000,NaN,NaN,NaN,NaN,NaN,NaN,NaN
1527,90,7265.000,25.869,-4.923,0.080,-0.020,0.576,NaN,515,0,0.862,-1.309,861.000,201.000,887.000,281.000,NaN,NaN,NaN,NaN,NaN,NaN,NaN
1528,290,7265.000,29.543,0.844,0.003,-0.185,0.087,NaN,515,0,-1.838,-1.292,545.000,220.000,590.000,281.000,NaN,NaN,NaN,NaN,NaN,NaN,NaN
1529,489,7265.000,26.710,-3.616,0.001,0.011,0.642,0.860,515,0,0.572,1.795,777.000,199.000,823.000,266.000,26.720,-3.620,-1.180,1.890,0.600,1.760,-1.142
1530,695,7265.000,14.529,0.555,-0.094,0.036,0.141,0.026,515,0,-0.966,-1.029,546.000,220.000,598.000,304.000,14.540,0.540,-1.350,0.690,0.660,1.810,0.034
1531,723,7265.000,24.266,-3.047,-0.009,-0.085,0.034,0.960,515,0,-2.757,2.843,777.000,206.000,802.000,264.000,24.270,-2.920,-1.280,0.800,0.540,1.640,-0.169
1532,785,7265.000,24.136,-1.396,-0.001,-0.082,0.755,0.809,515,0,2.563,1.623,671.000,200.000,729.000,300.000,24.140,-1.330,-1.360,0.760,0.580,1.780,1.706
1533,849,7265.000,26.496,-2.112,-0.064,-0.064,0.787,0.242,515,0,2.294,-0.671,711.000,209.000,743.000,288.000,26.500,-2.050,-1.370,0.650,0.500,1.700,-2.662
1534,90,7266.000,25.949,-4.943,0.081,-0.020,NaN,NaN,516,0,2.445,-1.309,NaN,NaN,NaN,NaN,NaN,NaN,NaN,NaN,NaN,NaN,NaN
1535,290,7266.000,29.532,0.775,0.001,-0.144,0.056,NaN,516,0,-2.104,-1.295,541.000,220.000,582.000,282.000,NaN,NaN,NaN,NaN,NaN,NaN,NaN
1536,489,7266.000,26.675,-3.568,-0.009,0.016,0.702,0.238,516,0,1.111,-0.753,782.000,200.000,823.000,265.000,26.640,-3.520,-1.190,0.810,0.630,1.750,-0.661
1537,695,7266.000,14.439,0.603,-0.091,0.037,0.118,0.780,516,0,-1.062,1.912,540.000,219.000,596.000,310.000,14.440,0.610,-1.280,0.760,0.640,1.840,0.374
1538,723,7266.000,24.271,-3.111,-0.005,-0.079,0.009,0.347,516,0,-2.870,-0.253,779.000,212.000,813.000,295.000,24.300,-3.090,-1.300,0.750,0.520,1.900,1.557
1539,785,7266.000,24.146,-1.454,0.002,-0.076,0.839,0.963,516,0,3.682,2.843,675.000,202.000,728.000,301.000,24.130,-1.430,-1.250,0.670,0.650,1.660,1.892
1540,849,7266.000,26.453,-2.150,-0.058,-0.056,0.788,0.054,516,0,2.294,-1.375,716.000,208.000,746.000,289.000,26.460,-2.110,-1.340,0.780,0.580,1.780,-2.100
1541,90,7267.000,26.047,-4.964,0.082,-0.022,0.553,NaN,517,0,0.639,-1.307,861.000,200.000,887.000,266.000,NaN,NaN,NaN,NaN,NaN,NaN,NaN
1542,290,7267.000,29.747,0.790,0.050,-0.065,0.069,NaN,517,0,-2.211,-1.289,532.000,222.000,572.000,281.000,NaN,NaN,NaN,NaN,NaN,NaN,NaN
1543,489,7267.000,26.655,-3.605,-0.011,0.003,0.328,NaN,517,0,-0.736,-1.317,787.000,209.000,822.000,280.000,NaN,NaN,NaN,NaN,NaN,NaN,NaN
1544,695,7267.000,14.346,0.715,-0.090,0.058,0.211,NaN,517,0,-0.957,-1.199,527.000,222.000,572.000,314.000,NaN,NaN,NaN,NaN,NaN,NaN,NaN
1545,723,7267.000,24.258,-3.236,-0.006,-0.091,0.062,NaN,517,0,-1.905,-1.313,785.000,220.000,815.000,312.000,NaN,NaN,NaN,NaN,NaN,NaN,NaN
1546,785,7267.000,24.149,-1.535,0.001,-0.077,0.791,NaN,517,0,3.821,-1.326,684.000,202.000,728.000,300.000,NaN,NaN,NaN,NaN,NaN,NaN,NaN
1547,849,7267.000,26.393,-2.233,-0.061,-0.060,0.748,NaN,517,0,2.906,-1.326,720.000,208.000,750.000,287.000,NaN,NaN,NaN,NaN,NaN,NaN,NaN
1548,90,7268.000,25.960,-4.898,0.068,-0.002,0.535,0.005,518,0,0.197,-1.543,861.000,200.000,887.000,266.000,25.940,-4.780,-1.120,0.740,0.580,1.760,-0.635
1549,290,7268.000,29.796,0.726,0.050,-0.065,NaN,NaN,518,0,-2.484,-1.293,NaN,NaN,NaN,NaN,NaN,NaN,NaN,NaN,NaN,NaN,NaN
1550,489,7268.000,26.680,-3.636,-0.002,-0.006,NaN,0.041,518,0,-3.227,-1.508,755.000,195.000,854.000,289.000,26.740,-3.680,-1.230,1.870,0.590,1.810,-1.223
1551,695,7268.000,14.264,0.727,-0.084,0.041,0.603,0.942,518,0,1.476,2.172,523.000,224.000,568.000,317.000,14.270,0.680,-1.300,0.690,0.680,1.700,-0.012
1552,723,7268.000,24.247,-3.276,-0.010,-0.077,0.463,0.997,518,0,0.082,2.843,786.000,199.000,824.000,284.000,24.240,-3.180,-1.280,0.710,0.600,1.540,-0.285
1553,785,7268.000,24.155,-1.627,0.003,-0.080,0.753,0.999,518,0,2.563,2.843,697.000,201.000,729.000,300.000,24.150,-1.640,-1.280,0.790,0.500,1.550,0.175
1554,849,7268.000,26.336,-2.284,-0.060,-0.058,0.794,NaN,518,0,3.821,-1.325,722.000,206.000,751.000,289.000,NaN,NaN,NaN,NaN,NaN,NaN,NaN
1555,90,7269.000,25.830,-4.803,0.025,0.014,0.506,0.004,519,0,0.055,-1.544,861.000,200.000,887.000,279.000,25.750,-4.710,-1.140,0.730,0.550,1.860,1.165
1556,290,7269.000,29.847,0.661,0.051,-0.064,NaN,NaN,519,0,-1.616,-1.290,NaN,NaN,NaN,NaN,NaN,NaN,NaN,NaN,NaN,NaN,NaN
1557,489,7269.000,26.715,-3.688,0.007,-0.019,NaN,0.006,519,0,-3.229,-1.608,759.000,196.000,857.000,291.000,26.790,-3.760,-1.260,1.950,0.560,1.810,-1.108
1558,695,7269.000,14.109,0.811,-0.102,0.053,0.474,0.717,519,0,0.530,1.403,520.000,225.000,560.000,336.000,14.040,0.840,-1.420,0.820,0.610,1.760,-0.978
1559,723,7269.000,24.244,-3.336,-0.008,-0.073,0.459,0.963,519,0,0.082,2.843,786.000,199.000,822.000,283.000,24.250,-3.310,-1.370,0.690,0.640,1.610,-0.356
1560,785,7269.000,24.155,-1.722,0.002,-0.086,0.725,0.996,519,0,2.207,2.843,707.000,203.000,733.000,300.000,24.160,-1.730,-1.350,0.800,0.580,1.750,0.743
1561,849,7269.000,26.295,-2.343,-0.058,-0.057,0.615,0.028,519,0,0.705,-1.502,730.000,205.000,756.000,282.000,26.310,-2.340,-1.390,0.500,0.440,1.710,-2.808
1562,90,7270.000,25.856,-4.868,0.019,-0.004,0.557,NaN,520,0,0.715,-1.309,861.000,200.000,886.000,280.000,NaN,NaN,NaN,NaN,NaN,NaN,NaN
1563,290,7270.000,29.899,0.597,0.051,-0.064,NaN,NaN,520,0,-2.002,-1.292,NaN,NaN,NaN,NaN,NaN,NaN,NaN,NaN,NaN,NaN,NaN
1564,489,7270.000,26.719,-3.704,0.005,-0.018,0.402,NaN,520,0,-0.381,-1.320,786.000,199.000,824.000,265.000,NaN,NaN,NaN,NaN,NaN,NaN,NaN
1565,695,7270.000,14.003,0.891,-0.102,0.061,0.747,NaN,520,0,3.098,-1.298,511.000,224.000,557.000,372.000,NaN,NaN,NaN,NaN,NaN,NaN,NaN
1566,723,7270.000,24.236,-3.403,-0.009,-0.072,0.104,NaN,520,0,-1.421,-1.316,785.000,199.000,829.000,307.000,NaN,NaN,NaN,NaN,NaN,NaN,NaN
1567,785,7270.000,24.152,-1.874,-0.000,-0.102,0.719,NaN,520,0,2.608,-1.327,711.000,197.000,743.000,296.000,NaN,NaN,NaN,NaN,NaN,NaN,NaN
1568,849,7270.000,26.231,-2.443,-0.061,-0.070,0.562,NaN,520,0,0.715,-1.318,734.000,201.000,759.000,280.000,NaN,NaN,NaN,NaN,NaN,NaN,NaN
1569,90,7271.000,25.874,-4.872,0.018,-0.003,NaN,NaN,521,0,4.186,-1.310,NaN,NaN,NaN,NaN,NaN,NaN,NaN,NaN,NaN,NaN,NaN
1570,290,7271.000,29.950,0.532,0.051,-0.065,NaN,NaN,521,0,-2.590,-1.295,NaN,NaN,NaN,NaN,NaN,NaN,NaN,NaN,NaN,NaN,NaN
1571,489,7271.000,26.687,-3.613,-0.004,0.008,0.074,0.643,521,0,-2.578,0.286,785.000,200.000,829.000,295.000,26.640,-3.430,-1.200,0.760,0.720,1.600,-0.300
1572,695,7271.000,13.917,0.947,-0.098,0.061,0.861,0.422,521,0,4.343,0.123,508.000,222.000,558.000,376.000,13.930,0.950,-1.270,0.920,0.570,1.780,-0.400
1573,723,7271.000,24.271,-3.504,-0.002,-0.078,0.034,0.896,521,0,-2.774,2.843,796.000,216.000,841.000,282.000,24.290,-3.530,-1.280,0.720,0.640,1.630,0.516
1574,785,7271.000,24.146,-1.933,-0.001,-0.090,0.773,0.793,521,0,2.738,1.481,711.000,200.000,752.000,298.000,24.130,-1.850,-1.310,0.760,0.600,1.790,1.643
1575,849,7271.000,26.247,-2.484,-0.048,-0.061,0.485,0.030,521,0,-0.067,-1.478,734.000,199.000,759.000,283.000,26.300,-2.400,-1.170,0.670,0.500,1.700,-1.329
1576,90,7272.000,25.899,-4.368,0.045,0.124,0.063,NaN,522,0,-2.367,-1.310,785.000,210.000,832.000,264.000,NaN,NaN,NaN,NaN,NaN,NaN,NaN
1577,290,7272.000,30.001,0.467,0.051,-0.065,NaN,NaN,522,0,3.668,-1.297,NaN,NaN,NaN,NaN,NaN,NaN,NaN,NaN,NaN,NaN,NaN
1578,489,7272.000,26.714,-3.661,0.002,-0.004,0.281,0.350,522,0,-1.268,-0.511,789.000,207.000,833.000,308.000,26.760,-3.740,-1.220,1.680,0.590,1.780,-1.297
1579,695,7272.000,13.784,0.996,-0.108,0.057,0.858,0.571,522,0,4.343,0.617,502.000,220.000,553.000,376.000,13.750,0.970,-1.310,0.840,0.640,1.700,-0.360
1580,723,7272.000,24.262,-3.576,-0.003,-0.078,0.099,0.970,522,0,-1.887,2.843,799.000,213.000,845.000,303.000,24.240,-3.570,-1.340,0.660,0.680,1.530,-0.226
1581,785,7272.000,24.165,-2.025,0.006,-0.090,0.817,0.988,522,0,3.391,2.843,711.000,203.000,766.000,300.000,24.170,-2.040,-1.270,0.740,0.750,1.540,-0.354
1582,849,7272.000,26.199,-2.563,-0.049,-0.064,0.571,NaN,522,0,0.787,-1.286,740.000,209.000,764.000,283.000,NaN,NaN,NaN,NaN,NaN,NaN,NaN
1583,90,7273.000,25.943,-4.244,0.044,0.124,NaN,NaN,523,0,-0.922,-1.311,NaN,NaN,NaN,NaN,NaN,NaN,NaN,NaN,NaN,NaN,NaN
1584,290,7273.000,30.052,0.403,0.051,-0.064,NaN,NaN,523,0,-2.595,-1.298,NaN,NaN,NaN,NaN,NaN,NaN,NaN,NaN,NaN,NaN,NaN
1585,489,7273.000,26.719,-3.631,0.003,0.003,0.202,NaN,523,0,-1.267,-1.319,783.000,199.000,815.000,264.000,NaN,NaN,NaN,NaN,NaN,NaN,NaN
1586,695,7273.000,13.678,1.038,-0.108,0.053,0.873,NaN,523,0,4.137,-1.324,496.000,221.000,549.000,377.000,NaN,NaN,NaN,NaN,NaN,NaN,NaN
1587,723,7273.000,24.263,-3.634,-0.002,-0.073,0.253,NaN,523,0,-1.035,-1.318,800.000,207.000,837.000,280.000,NaN,NaN,NaN,NaN,NaN,NaN,NaN
1588,785,7273.000,24.173,-2.122,0.007,-0.092,0.854,NaN,523,0,4.491,-1.326,712.000,204.000,767.000,299.000,NaN,NaN,NaN,NaN,NaN,NaN,NaN
1589,849,7273.000,26.152,-2.592,-0.049,-0.054,0.048,NaN,523,0,-2.128,-1.230,729.000,210.000,767.000,283.000,NaN,NaN,NaN,NaN,NaN,NaN,NaN
1590,90,7274.000,26.081,-4.053,0.060,0.143,0.054,NaN,524,0,-2.539,-1.321,813.000,209.000,839.000,264.000,NaN,NaN,NaN,NaN,NaN,NaN,NaN
1591,290,7274.000,30.103,0.341,0.051,-0.062,NaN,NaN,524,0,-2.605,-1.303,NaN,NaN,NaN,NaN,NaN,NaN,NaN,NaN,NaN,NaN,NaN
1592,489,7274.000,26.720,-3.626,0.005,0.004,0.188,NaN,524,0,-1.316,-1.318,783.000,199.000,818.000,266.000,NaN,NaN,NaN,NaN,NaN,NaN,NaN
1593,695,7274.000,13.516,1.080,-0.123,0.050,0.887,0.691,524,0,4.272,1.167,493.000,222.000,547.000,379.000,13.490,1.070,-1.300,0.970,0.500,1.760,2.578
1594,723,7274.000,24.257,-3.714,-0.007,-0.073,0.016,0.999,524,0,-2.849,2.843,801.000,207.000,839.000,281.000,24.260,-3.710,-1.290,0.770,0.600,1.610,0.006
1595,785,7274.000,24.172,-2.173,0.004,-0.081,0.857,0.985,524,0,4.119,2.843,712.000,204.000,768.000,299.000,24.150,-2.120,-1.330,0.770,0.620,1.690,-1.130
1596,849,7274.000,26.091,-2.693,-0.054,-0.067,0.558,NaN,524,0,0.715,-1.217,749.000,207.000,772.000,276.000,NaN,NaN,NaN,NaN,NaN,NaN,NaN
1597,90,7275.000,26.097,-3.756,0.054,0.176,0.265,NaN,525,0,-1.110,-1.323,798.000,206.000,820.000,265.000,NaN,NaN,NaN,NaN,NaN,NaN,NaN
1598,290,7275.000,30.155,0.278,0.052,-0.063,NaN,NaN,525,0,-0.954,-1.307,NaN,NaN,NaN,NaN,NaN,NaN,NaN,NaN,NaN,NaN,NaN
1599,489,7275.000,26.719,-3.648,0.003,-0.003,0.227,0.008,525,0,-1.566,-1.607,785.000,201.000,820.000,265.000,26.720,-3.690,-1.200,1.790,0.600,1.770,-1.379
1600,695,7275.000,13.407,1.101,-0.121,0.041,0.885,0.757,525,0,4.272,1.668,487.000,225.000,541.000,382.000,13.430,1.080,-1.350,0.800,0.540,1.710,-0.427
1601,723,7275.000,24.235,-3.780,-0.011,-0.070,0.168,0.999,525,0,-1.436,2.843,820.000,209.000,849.000,290.000,24.220,-3.780,-1.350,0.740,0.590,1.560,0.233
1602,785,7275.000,24.165,-2.269,-0.001,-0.085,0.809,0.984,525,0,3.246,2.843,721.000,204.000,768.000,298.000,24.170,-2.290,-1.290,0.770,0.560,1.600,0.269
1603,849,7275.000,26.050,-2.799,-0.053,-0.077,0.111,NaN,525,0,-1.671,-1.253,756.000,207.000,775.000,284.000,NaN,NaN,NaN,NaN,NaN,NaN,NaN
1604,90,7276.000,26.311,-3.693,0.074,0.156,0.045,NaN,526,0,-2.791,-1.320,800.000,200.000,826.000,238.000,NaN,NaN,NaN,NaN,NaN,NaN,NaN
1605,290,7276.000,30.206,0.215,0.051,-0.063,NaN,NaN,526,0,-0.388,-1.312,NaN,NaN,NaN,NaN,NaN,NaN,NaN,NaN,NaN,NaN,NaN
1606,489,7276.000,26.707,-3.738,-0.004,-0.026,0.377,NaN,526,0,-0.480,-1.319,796.000,202.000,826.000,266.000,NaN,NaN,NaN,NaN,NaN,NaN,NaN
1607,695,7276.000,13.287,1.127,-0.121,0.037,0.902,NaN,526,0,4.137,-1.327,483.000,227.000,537.000,385.000,NaN,NaN,NaN,NaN,NaN,NaN,NaN
1608,723,7276.000,24.213,-3.880,-0.013,-0.078,0.066,NaN,526,0,-1.814,-1.321,820.000,213.000,851.000,296.000,NaN,NaN,NaN,NaN,NaN,NaN,NaN
1609,785,7276.000,24.163,-2.323,-0.001,-0.078,0.755,NaN,526,0,3.065,-1.325,723.000,199.000,768.000,297.000,NaN,NaN,NaN,NaN,NaN,NaN,NaN
1610,849,7276.000,25.997,-2.877,-0.054,-0.078,NaN,NaN,526,0,-2.456,-1.278,NaN,NaN,NaN,NaN,NaN,NaN,NaN,NaN,NaN,NaN,NaN
1611,90,7277.000,26.385,-3.537,0.074,0.156,NaN,NaN,527,0,-2.641,-1.321,NaN,NaN,NaN,NaN,NaN,NaN,NaN,NaN,NaN,NaN,NaN
1612,290,7277.000,30.257,0.151,0.051,-0.064,NaN,NaN,527,0,-2.626,-1.313,NaN,NaN,NaN,NaN,NaN,NaN,NaN,NaN,NaN,NaN,NaN
1613,489,7277.000,26.736,-3.727,0.005,-0.018,0.329,0.417,527,0,-1.128,-0.385,789.000,201.000,829.000,268.000,26.770,-3.630,-1.110,0.720,0.620,1.560,-0.240
1614,695,7277.000,13.193,1.131,-0.116,0.029,0.901,0.982,527,0,4.272,2.136,480.000,226.000,536.000,385.000,13.230,1.100,-1.280,0.950,0.470,1.740,2.661
1615,723,7277.000,24.219,-3.937,-0.010,-0.074,0.215,0.996,527,0,-1.221,2.843,821.000,216.000,853.000,296.000,24.240,-3.900,-1.290,0.720,0.590,1.530,-0.032
1616,785,7277.000,24.166,-2.401,0.002,-0.078,0.609,0.955,527,0,1.124,2.843,739.000,200.000,772.000,296.000,24.170,-2.400,-1.230,0.750,0.600,1.580,-0.063
1617,849,7277.000,25.943,-2.956,-0.054,-0.079,NaN,NaN,527,0,-0.482,-1.296,NaN,NaN,NaN,NaN,NaN,NaN,NaN,NaN,NaN,NaN,NaN
1618,90,7278.000,26.460,-3.381,0.074,0.155,NaN,NaN,528,0,-2.798,-1.319,NaN,NaN,NaN,NaN,NaN,NaN,NaN,NaN,NaN,NaN,NaN
1619,290,7278.000,30.310,0.088,0.052,-0.064,NaN,NaN,528,0,-2.628,-1.314,NaN,NaN,NaN,NaN,NaN,NaN,NaN,NaN,NaN,NaN,NaN
1620,489,7278.000,26.797,-3.811,0.011,-0.035,0.436,0.971,528,0,-0.647,6.369,791.000,211.000,832.000,269.000,26.850,-3.920,-1.210,1.900,0.570,1.750,-1.062
1621,695,7278.000,13.102,1.157,-0.110,0.030,0.879,0.047,528,0,4.272,-0.930,473.000,224.000,536.000,385.000,13.130,1.160,-1.240,0.770,0.500,1.730,-0.301
1622,723,7278.000,24.216,-4.008,-0.009,-0.075,0.093,0.790,528,0,-1.963,1.481,830.000,216.000,856.000,286.000,24.230,-3.990,-1.230,0.750,0.660,1.670,-0.471
1623,785,7278.000,24.203,-2.501,0.009,-0.083,0.658,1.000,528,0,1.438,2.843,747.000,200.000,780.000,292.000,24.220,-2.520,-1.260,0.740,0.590,1.550,0.445
1624,849,7278.000,25.888,-3.036,-0.055,-0.080,NaN,NaN,528,0,-0.539,-1.313,NaN,NaN,NaN,NaN,NaN,NaN,NaN,NaN,NaN,NaN,NaN
1625,90,7279.000,26.468,-3.043,0.067,0.198,0.030,NaN,529,0,-2.785,-1.312,755.000,210.000,784.000,269.000,NaN,NaN,NaN,NaN,NaN,NaN,NaN
1626,290,7279.000,30.363,0.023,0.053,-0.065,NaN,NaN,529,0,-2.626,-1.313,NaN,NaN,NaN,NaN,NaN,NaN,NaN,NaN,NaN,NaN,NaN
1627,489,7279.000,26.806,-3.859,0.010,-0.039,0.696,NaN,529,0,2.128,-1.321,794.000,199.000,832.000,270.000,NaN,NaN,NaN,NaN,NaN,NaN,NaN
1628,695,7279.000,12.992,1.196,-0.109,0.033,0.853,NaN,529,0,3.988,-1.327,466.000,221.000,528.000,385.000,NaN,NaN,NaN,NaN,NaN,NaN,NaN
1629,723,7279.000,24.195,-4.115,-0.010,-0.082,0.243,NaN,529,0,-1.082,-1.313,838.000,200.000,858.000,263.000,NaN,NaN,NaN,NaN,NaN,NaN,NaN
1630,785,7279.000,24.220,-2.635,0.010,-0.094,0.675,NaN,529,0,1.916,-1.322,753.000,201.000,784.000,297.000,NaN,NaN,NaN,NaN,NaN,NaN,NaN
1631,849,7279.000,25.835,-3.114,-0.053,-0.079,NaN,NaN,529,0,-1.662,-1.312,NaN,NaN,NaN,NaN,NaN,NaN,NaN,NaN,NaN,NaN,NaN
1632,90,7280.000,26.536,-2.844,0.068,0.199,NaN,NaN,530,0,-2.585,-1.292,NaN,NaN,NaN,NaN,NaN,NaN,NaN,NaN,NaN,NaN,NaN
1633,290,7280.000,30.415,-0.043,0.052,-0.066,NaN,NaN,530,0,-2.623,-1.311,NaN,NaN,NaN,NaN,NaN,NaN,NaN,NaN,NaN,NaN,NaN
1634,489,7280.000,26.859,-3.904,0.017,-0.041,0.486,0.999,530,0,-0.273,6.369,797.000,202.000,833.000,271.000,26.880,-3.900,-1.190,1.860,0.610,1.760,-1.085
1635,695,7280.000,12.927,1.245,-0.100,0.037,0.854,0.856,530,0,4.272,2.136,465.000,220.000,523.000,385.000,12.950,1.250,-1.300,0.900,0.500,1.750,-0.291
1636,723,7280.000,24.171,-4.168,-0.012,-0.072,0.377,0.952,530,0,-0.396,2.843,839.000,201.000,858.000,266.000,24.170,-4.070,-1.280,0.740,0.720,1.720,2.081
1637,785,7280.000,24.245,-2.694,0.012,-0.087,0.798,0.905,530,0,3.099,2.843,752.000,200.000,790.000,297.000,24.260,-2.610,-1.230,0.770,0.580,1.650,0.311
1638,849,7280.000,25.781,-3.191,-0.053,-0.077,NaN,NaN,530,0,-2.618,-1.309,NaN,NaN,NaN,NaN,NaN,NaN,NaN,NaN,NaN,NaN,NaN
1639,90,7281.000,26.603,-2.645,0.067,0.200,NaN,NaN,531,0,-0.662,-1.233,NaN,NaN,NaN,NaN,NaN,NaN,NaN,NaN,NaN,NaN,NaN
1640,290,7281.000,30.468,-0.108,0.053,-0.066,NaN,NaN,531,0,-2.621,-1.310,NaN,NaN,NaN,NaN,NaN,NaN,NaN,NaN,NaN,NaN,NaN
1641,489,7281.000,26.898,-3.962,0.019,-0.045,0.729,0.997,531,0,1.520,6.369,799.000,200.000,833.000,269.000,26.910,-3.980,-1.250,1.820,0.610,1.790,-1.135
1642,695,7281.000,12.805,1.293,-0.106,0.040,0.891,0.987,531,0,4.272,2.136,455.000,223.000,515.000,388.000,12.790,1.300,-1.290,0.850,0.500,1.710,-0.415
1643,723,7281.000,24.186,-4.176,-0.002,-0.054,0.305,NaN,531,0,-0.789,-1.307,842.000,202.000,857.000,264.000,NaN,NaN,NaN,NaN,NaN,NaN,NaN
1644,785,7281.000,24.344,-2.763,0.027,-0.079,0.828,0.010,531,0,3.532,-1.439,754.000,200.000,802.000,297.000,24.440,-2.700,-1.350,0.620,0.480,1.790,0.531
1645,849,7281.000,25.729,-3.267,-0.053,-0.075,NaN,NaN,531,0,-2.624,-1.312,NaN,NaN,NaN,NaN,NaN,NaN,NaN,NaN,NaN,NaN,NaN
1646,90,7282.000,27.212,-3.033,0.126,0.087,0.357,NaN,532,0,-0.538,-1.215,765.000,201.000,789.000,267.000,NaN,NaN,NaN,NaN,NaN,NaN,NaN
1647,290,7282.000,30.521,-0.176,0.053,-0.067,NaN,NaN,532,0,-2.607,-1.304,NaN,NaN,NaN,NaN,NaN,NaN,NaN,NaN,NaN,NaN,NaN
1648,489,7282.000,26.918,-4.000,0.019,-0.044,0.642,NaN,532,0,1.407,-1.321,798.000,200.000,837.000,270.000,NaN,NaN,NaN,NaN,NaN,NaN,NaN
1649,695,7282.000,12.697,1.342,-0.106,0.044,0.900,NaN,532,0,3.988,-1.327,448.000,225.000,512.000,392.000,NaN,NaN,NaN,NaN,NaN,NaN,NaN
1650,723,7282.000,24.186,-4.210,-0.001,-0.047,0.165,NaN,532,0,-1.604,-1.308,846.000,200.000,857.000,255.000,NaN,NaN,NaN,NaN,NaN,NaN,NaN
1651,785,7282.000,24.367,-2.823,0.026,-0.073,0.337,NaN,532,0,-0.520,-1.313,757.000,201.000,790.000,291.000,NaN,NaN,NaN,NaN,NaN,NaN,NaN
1652,849,7282.000,25.695,-3.221,-0.049,-0.056,0.040,NaN,532,0,-2.167,-1.315,765.000,248.000,807.000,336.000,NaN,NaN,NaN,NaN,NaN,NaN,NaN
1653,90,7283.000,27.589,-3.031,0.142,0.073,0.150,NaN,533,0,-1.489,-1.268,759.000,233.000,807.000,297.000,NaN,NaN,NaN,NaN,NaN,NaN,NaN
1654,290,7283.000,30.574,-0.243,0.054,-0.067,NaN,NaN,533,0,-2.588,-1.294,NaN,NaN,NaN,NaN,NaN,NaN,NaN,NaN,NaN,NaN,NaN
1655,489,7283.000,26.953,-4.066,0.023,-0.048,0.628,0.998,533,0,0.517,6.369,802.000,200.000,840.000,272.000,26.970,-4.090,-1.240,1.790,0.620,1.800,-1.127
1656,695,7283.000,12.618,1.380,-0.098,0.044,0.904,0.986,533,0,4.272,2.136,447.000,226.000,510.000,392.000,12.620,1.360,-1.370,0.890,0.490,1.720,2.769
1657,723,7283.000,24.205,-4.269,0.002,-0.051,0.031,0.335,533,0,-2.751,-0.275,851.000,200.000,888.000,320.000,24.220,-4.290,-1.260,0.720,0.660,1.650,-0.769
1658,785,7283.000,24.326,-2.887,0.012,-0.070,0.236,0.155,533,0,-1.027,-0.744,757.000,200.000,792.000,296.000,24.260,-2.890,-1.290,0.740,0.610,1.720,0.475
1659,849,7283.000,25.673,-3.216,-0.046,-0.047,0.286,NaN,533,0,-0.675,-1.314,764.000,232.000,808.000,332.000,NaN,NaN,NaN,NaN,NaN,NaN,NaN
1660,90,7284.000,26.964,-2.663,0.096,0.119,0.144,NaN,534,0,-1.531,-1.261,735.000,201.000,758.000,262.000,NaN,NaN,NaN,NaN,NaN,NaN,NaN
1661,290,7284.000,30.628,-0.312,0.054,-0.069,NaN,NaN,534,0,-2.567,-1.284,NaN,NaN,NaN,NaN,NaN,NaN,NaN,NaN,NaN,NaN,NaN
1662,489,7284.000,26.985,-4.104,0.024,-0.043,0.509,0.996,534,0,-0.165,6.369,802.000,201.000,840.000,270.000,26.990,-4.100,-1.240,1.810,0.590,1.790,-1.147
1663,695,7284.000,12.505,1.423,-0.102,0.043,0.911,0.916,534,0,4.173,2.087,439.000,225.000,504.000,391.000,12.500,1.420,-1.310,0.920,0.510,1.710,2.738
1664,723,7284.000,24.198,-4.406,-0.008,-0.080,0.466,NaN,534,0,0.237,-1.302,858.000,199.000,886.000,280.000,NaN,NaN,NaN,NaN,NaN,NaN,NaN
1665,785,7284.000,24.291,-2.970,0.003,-0.074,0.278,0.816,534,0,-0.767,1.696,758.000,214.000,807.000,297.000,24.210,-3.010,-1.180,0.720,0.640,1.600,-1.015
1666,849,7284.000,25.650,-3.324,-0.043,-0.056,0.068,NaN,534,0,-2.023,-1.314,782.000,215.000,807.000,289.000,NaN,NaN,NaN,NaN,NaN,NaN,NaN
1667,90,7285.000,26.749,-2.533,0.075,0.110,0.032,NaN,535,0,-2.566,-1.209,736.000,200.000,757.000,245.000,NaN,NaN,NaN,NaN,NaN,NaN,NaN
1668,290,7285.000,30.684,-0.381,0.055,-0.068,NaN,NaN,535,0,-2.532,-1.266,NaN,NaN,NaN,NaN,NaN,NaN,NaN,NaN,NaN,NaN,NaN
1669,489,7285.000,27.004,-4.172,0.023,-0.048,0.235,NaN,535,0,-1.091,-1.323,813.000,198.000,842.000,269.000,NaN,NaN,NaN,NaN,NaN,NaN,NaN
1670,695,7285.000,12.403,1.469,-0.102,0.043,0.910,NaN,535,0,3.988,-1.327,432.000,224.000,493.000,394.000,NaN,NaN,NaN,NaN,NaN,NaN,NaN
1671,723,7285.000,24.168,-4.535,-0.016,-0.097,0.456,NaN,535,0,-0.010,-1.289,860.000,200.000,887.000,280.000,NaN,NaN,NaN,NaN,NaN,NaN,NaN
1672,785,7285.000,24.294,-3.051,0.002,-0.077,0.261,NaN,535,0,-0.806,-1.307,766.000,200.000,812.000,294.000,NaN,NaN,NaN,NaN,NaN,NaN,NaN
1673,849,7285.000,25.639,-3.471,-0.038,-0.079,0.033,NaN,535,0,-2.521,-1.317,794.000,216.000,813.000,289.000,NaN,NaN,NaN,NaN,NaN,NaN,NaN
1674,90,7286.000,26.910,-2.527,0.081,0.085,0.026,NaN,536,0,-2.731,-1.287,740.000,200.000,758.000,244.000,NaN,NaN,NaN,NaN,NaN,NaN,NaN
1675,290,7286.000,30.738,-0.449,0.054,-0.069,NaN,NaN,536,0,-2.487,-1.243,NaN,NaN,NaN,NaN,NaN,NaN,NaN,NaN,NaN,NaN,NaN
1676,489,7286.000,27.054,-4.219,0.029,-0.047,0.421,0.786,536,0,-0.772,0.996,815.000,198.000,841.000,265.000,27.100,-4.230,-1.160,1.790,0.610,1.770,-1.185
1677,695,7286.000,12.322,1.491,-0.094,0.035,0.908,0.689,536,0,4.173,1.115,430.000,222.000,490.000,392.000,12.340,1.470,-1.270,0.860,0.540,1.770,2.564
1678,723,7286.000,24.158,-4.634,-0.014,-0.097,0.028,NaN,536,0,-2.244,-1.305,859.000,200.000,891.000,296.000,NaN,NaN,NaN,NaN,NaN,NaN,NaN
1679,785,7286.000,24.271,-3.155,-0.005,-0.083,0.520,0.822,536,0,0.552,1.696,771.000,199.000,811.000,290.000,24.250,-3.190,-1.230,0.780,0.540,1.650,0.626
1680,849,7286.000,25.096,-3.294,-0.080,-0.007,0.058,NaN,536,0,-2.140,-1.317,766.000,204.000,791.000,266.000,NaN,NaN,NaN,NaN,NaN,NaN,NaN
1681,976,7286.000,25.800,-2.960,0.000,0.000,0.028,0.079,536,0,-2.986,-1.151,766.000,200.000,797.000,287.000,25.800,-2.960,-1.320,0.710,0.620,1.790,-1.237
1682,90,7287.000,27.064,-2.562,0.099,0.045,0.077,NaN,537,0,-2.126,-1.294,743.000,208.000,761.000,251.000,NaN,NaN,NaN,NaN,NaN,NaN,NaN
1683,290,7287.000,30.793,-0.519,0.055,-0.070,NaN,NaN,537,0,-2.485,-1.243,NaN,NaN,NaN,NaN,NaN,NaN,NaN,NaN,NaN,NaN,NaN
1684,489,7287.000,27.069,-4.244,0.027,-0.044,0.152,0.942,537,0,-2.024,6.369,816.000,199.000,843.000,262.000,27.080,-4.220,-1.200,1.930,0.600,1.840,-1.138
1685,695,7287.000,12.229,1.517,-0.091,0.031,0.900,0.983,537,0,4.173,2.087,422.000,222.000,487.000,392.000,12.220,1.510,-1.290,0.820,0.560,1.640,-0.065
1686,723,7287.000,24.364,-4.741,0.025,-0.097,0.293,0.005,537,0,-0.722,-1.436,862.000,200.000,893.000,264.000,24.490,-4.710,-1.200,0.760,0.510,1.620,-0.386
1687,785,7287.000,24.251,-3.259,-0.012,-0.089,0.487,0.985,537,0,0.323,2.843,789.000,199.000,814.000,286.000,24.240,-3.280,-1.190,0.750,0.600,1.690,0.106
1688,849,7287.000,25.016,-3.301,-0.081,-0.007,NaN,NaN,537,0,-2.681,-1.317,NaN,NaN,NaN,NaN,NaN,NaN,NaN,NaN,NaN,NaN,NaN
1689,976,7287.000,25.810,-3.006,-0.001,-0.021,0.031,NaN,537,0,-3.072,-1.315,767.000,219.000,786.000,255.000,NaN,NaN,NaN,NaN,NaN,NaN,NaN
1690,90,7288.000,27.025,-2.655,0.051,-0.005,0.037,NaN,538,0,-2.881,-1.286,747.000,200.000,765.000,236.000,NaN,NaN,NaN,NaN,NaN,NaN,NaN
1691,290,7288.000,30.848,-0.589,0.055,-0.070,NaN,NaN,538,0,-2.506,-1.253,NaN,NaN,NaN,NaN,NaN,NaN,NaN,NaN,NaN,NaN,NaN
1692,489,7288.000,27.086,-4.319,0.024,-0.054,0.029,NaN,538,0,-2.534,-1.324,820.000,198.000,849.000,275.000,NaN,NaN,NaN,NaN,NaN,NaN,NaN
1693,695,7288.000,12.139,1.549,-0.091,0.030,0.901,NaN,538,0,3.988,-1.327,416.000,224.000,486.000,395.000,NaN,NaN,NaN,NaN,NaN,NaN,NaN
1694,723,7288.000,24.368,-4.889,0.022,-0.112,0.257,NaN,538,0,-1.150,-1.306,877.000,207.000,902.000,263.000,NaN,NaN,NaN,NaN,NaN,NaN,NaN
1695,785,7288.000,24.243,-3.368,-0.013,-0.093,0.422,NaN,538,0,-0.108,-1.314,796.000,199.000,816.000,289.000,NaN,NaN,NaN,NaN,NaN,NaN,NaN
1696,849,7288.000,24.934,-3.309,-0.081,-0.008,NaN,NaN,538,0,-2.529,-1.316,NaN,NaN,NaN,NaN,NaN,NaN,NaN,NaN,NaN,NaN,NaN
1697,976,7288.000,25.805,-3.067,-0.001,-0.040,0.033,NaN,538,0,-3.067,-1.313,770.000,220.000,790.000,255.000,NaN,NaN,NaN,NaN,NaN,NaN,NaN
1698,90,7289.000,27.078,-2.660,0.052,-0.005,NaN,NaN,539,0,-2.444,-1.222,NaN,NaN,NaN,NaN,NaN,NaN,NaN,NaN,NaN,NaN,NaN
1699,290,7289.000,30.904,-0.660,0.056,-0.071,NaN,NaN,539,0,-0.992,-1.269,NaN,NaN,NaN,NaN,NaN,NaN,NaN,NaN,NaN,NaN,NaN
1700,489,7289.000,27.110,-4.344,0.023,-0.047,0.059,0.918,539,0,-2.727,6.369,826.000,200.000,851.000,253.000,27.100,-4.270,-1.120,0.730,0.630,1.620,-0.210
1701,695,7289.000,12.024,1.563,-0.100,0.025,0.912,0.993,539,0,4.173,2.087,414.000,226.000,485.000,401.000,12.010,1.550,-1.290,0.930,0.420,1.720,2.720
1702,723,7289.000,24.371,-4.964,0.019,-0.100,0.258,0.184,539,0,-0.892,-0.685,861.000,201.000,887.000,262.000,24.370,-4.860,-1.290,0.780,0.620,1.730,0.002
1703,785,7289.000,24.241,-3.436,-0.007,-0.084,0.420,0.566,539,0,-0.215,0.437,798.000,198.000,823.000,288.000,24.270,-3.360,-1.180,0.780,0.570,1.620,0.509
1704,849,7289.000,24.166,-3.023,-0.126,0.052,0.031,NaN,539,0,-3.076,-1.316,771.000,221.000,793.000,255.000,NaN,NaN,NaN,NaN,NaN,NaN,NaN
1705,976,7289.000,25.781,-3.125,-0.005,-0.049,0.060,NaN,539,0,-2.367,-1.310,771.000,206.000,796.000,265.000,NaN,NaN,NaN,NaN,NaN,NaN,NaN
1706,90,7290.000,26.712,-2.742,-0.007,-0.032,0.399,NaN,540,0,-0.354,-1.225,750.000,200.000,770.000,262.000,NaN,NaN,NaN,NaN,NaN,NaN,NaN
1707,290,7290.000,30.960,-0.731,0.056,-0.071,NaN,NaN,540,0,-2.578,-1.289,NaN,NaN,NaN,NaN,NaN,NaN,NaN,NaN,NaN,NaN,NaN
1708,489,7290.000,27.150,-4.382,0.025,-0.048,0.254,0.995,540,0,-1.452,6.369,830.000,199.000,854.000,265.000,27.170,-4.380,-1.130,0.850,0.620,1.650,-0.461
1709,695,7290.000,11.880,1.595,-0.112,0.028,0.891,0.982,540,0,4.173,2.087,408.000,228.000,483.000,397.000,11.860,1.590,-1.240,0.930,0.420,1.730,2.779
1710,723,7290.000,24.456,-5.056,0.036,-0.098,0.032,0.002,540,0,-2.872,-1.496,864.000,204.000,908.000,261.000,24.540,-5.030,-1.430,0.760,0.630,1.720,-0.125
1711,785,7290.000,24.272,-3.513,0.001,-0.081,0.445,0.022,540,0,-0.091,-1.423,799.000,200.000,833.000,294.000,24.330,-3.500,-1.200,0.690,0.640,1.670,-0.670
1712,849,7290.000,24.029,-2.972,-0.128,0.051,0.045,NaN,540,0,-2.666,-1.309,775.000,223.000,797.000,265.000,NaN,NaN,NaN,NaN,NaN,NaN,NaN
1713,976,7290.000,25.922,-3.211,0.026,-0.061,0.267,0.003,540,0,-1.137,-1.543,775.000,198.000,800.000,263.000,25.940,-3.220,-1.480,0.700,0.610,1.750,-0.107
1714,90,7291.000,26.678,-2.806,-0.010,-0.043,0.612,NaN,541,0,1.112,-1.199,752.000,200.000,773.000,262.000,NaN,NaN,NaN,NaN,NaN,NaN,NaN
1715,290,7291.000,31.016,-0.803,0.056,-0.072,NaN,NaN,541,0,-2.602,-1.301,NaN,NaN,NaN,NaN,NaN,NaN,NaN,NaN,NaN,NaN,NaN
1716,489,7291.000,27.200,-4.338,0.031,-0.022,0.032,NaN,541,0,-1.847,-1.324,798.000,199.000,845.000,338.000,NaN,NaN,NaN,NaN,NaN,NaN,NaN
1717,695,7291.000,11.767,1.621,-0.113,0.027,0.874,NaN,541,0,3.988,-1.327,403.000,226.000,477.000,391.000,NaN,NaN,NaN,NaN,NaN,NaN,NaN
1718,723,7291.000,24.563,-4.939,0.054,-0.046,0.588,NaN,541,0,0.729,-1.309,868.000,200.000,893.000,259.000,NaN,NaN,NaN,NaN,NaN,NaN,NaN
1719,785,7291.000,24.269,-3.612,-0.001,-0.089,0.423,NaN,541,0,-0.108,-1.317,799.000,199.000,843.000,289.000,NaN,NaN,NaN,NaN,NaN,NaN,NaN
1720,849,7291.000,24.335,-3.397,-0.151,-0.078,0.103,NaN,541,0,-2.009,-1.308,809.000,199.000,829.000,242.000,NaN,NaN,NaN,NaN,NaN,NaN,NaN
1721,976,7291.000,25.950,-3.336,0.025,-0.080,0.144,NaN,541,0,-1.784,-1.312,781.000,206.000,805.000,253.000,NaN,NaN,NaN,NaN,NaN,NaN,NaN
1722,90,7292.000,26.660,-2.863,-0.011,-0.048,0.403,NaN,542,0,-0.350,-1.212,753.000,201.000,776.000,263.000,NaN,NaN,NaN,NaN,NaN,NaN,NaN
1723,290,7292.000,31.071,-0.874,0.055,-0.071,NaN,NaN,542,0,0.385,-1.536,NaN,NaN,NaN,NaN,NaN,NaN,NaN,NaN,NaN,NaN,NaN
1724,489,7292.000,27.250,-4.394,0.035,-0.030,0.031,0.998,542,0,-3.136,6.369,799.000,200.000,847.000,337.000,27.270,-4.450,-1.120,0.810,0.600,1.610,-0.944
1725,695,7292.000,11.747,1.658,-0.083,0.031,0.879,0.767,542,0,4.173,1.705,400.000,224.000,473.000,390.000,11.810,1.650,-1.340,0.850,0.530,1.670,-0.077
1726,723,7292.000,24.562,-5.004,0.042,-0.053,0.036,0.039,542,0,-2.755,-1.377,893.000,201.000,913.000,249.000,24.510,-5.120,-1.460,0.740,0.570,1.720,-0.584
1727,785,7292.000,24.266,-3.665,-0.002,-0.079,0.436,0.863,542,0,-0.091,2.059,801.000,200.000,846.000,283.000,24.270,-3.610,-1.210,0.800,0.560,1.720,0.001
1728,849,7292.000,23.454,-3.280,-0.173,-0.053,0.079,NaN,542,0,-2.165,-1.317,783.000,198.000,809.000,254.000,NaN,NaN,NaN,NaN,NaN,NaN,NaN
1729,976,7292.000,25.912,-3.379,0.013,-0.066,0.258,0.054,542,0,-1.206,-1.366,781.000,204.000,811.000,278.000,25.870,-3.320,-1.340,0.770,0.640,1.530,-0.071
1730,993,7292.000,25.810,-4.930,0.000,0.000,0.557,0.010,542,0,0.385,-1.535,869.000,200.000,894.000,262.000,25.810,-4.930,-1.220,0.730,0.670,1.710,-0.850
1731,90,7293.000,27.095,-3.164,0.017,-0.117,0.081,NaN,543,0,-2.024,-1.232,783.000,199.000,807.000,259.000,NaN,NaN,NaN,NaN,NaN,NaN,NaN
1732,290,7293.000,31.125,-0.946,0.054,-0.072,NaN,NaN,543,0,-0.925,-1.316,NaN,NaN,NaN,NaN,NaN,NaN,NaN,NaN,NaN,NaN,NaN
1733,489,7293.000,27.321,-4.453,0.045,-0.035,0.028,0.088,543,0,-3.135,-1.189,837.000,200.000,857.000,272.000,27.360,-4.520,-1.180,0.780,0.650,1.740,-0.807
1734,695,7293.000,11.662,1.672,-0.082,0.027,0.904,0.685,543,0,4.173,1.065,394.000,223.000,465.000,407.000,11.660,1.660,-1.300,0.830,0.550,1.650,-0.038
1735,723,7293.000,24.552,-5.103,0.026,-0.064,NaN,0.578,543,0,-2.896,0.466,878.000,203.000,933.000,293.000,24.480,-5.220,-1.250,0.790,0.690,1.590,-0.602
1736,785,7293.000,24.303,-3.741,0.008,-0.080,0.438,0.933,543,0,-0.091,2.843,816.000,201.000,846.000,281.000,24.350,-3.730,-1.180,0.880,0.560,1.660,-0.424
1737,849,7293.000,23.213,-3.289,-0.162,-0.037,0.054,NaN,543,0,-2.276,-1.315,783.000,207.000,817.000,271.000,NaN,NaN,NaN,NaN,NaN,NaN,NaN
1738,976,7293.000,25.892,-3.425,0.003,-0.060,0.050,0.987,543,0,-2.733,4.938,783.000,206.000,816.000,272.000,25.870,-3.410,-1.320,0.740,0.610,1.580,-0.275
1739,993,7293.000,25.865,-4.974,0.017,-0.008,0.671,0.002,543,0,1.024,-1.542,870.000,200.000,897.000,259.000,25.910,-5.000,-1.070,0.790,0.610,1.680,0.157
1740,90,7294.000,27.219,-3.333,0.029,-0.131,0.031,NaN,544,0,-2.748,-1.295,779.000,198.000,798.000,256.000,NaN,NaN,NaN,NaN,NaN,NaN,NaN
1741,290,7294.000,31.178,-1.017,0.053,-0.071,NaN,NaN,544,0,-2.638,-1.319,NaN,NaN,NaN,NaN,NaN,NaN,NaN,NaN,NaN,NaN,NaN
1742,489,7294.000,27.359,-4.526,0.041,-0.045,0.033,NaN,544,0,-2.532,-1.323,832.000,204.000,852.000,278.000,NaN,NaN,NaN,NaN,NaN,NaN,NaN
1743,695,7294.000,11.577,1.709,-0.084,0.028,0.905,NaN,544,0,3.848,-1.327,388.000,223.000,455.000,408.000,NaN,NaN,NaN,NaN,NaN,NaN,NaN
1744,723,7294.000,24.560,-5.455,0.003,-0.127,0.055,NaN,544,0,-2.118,-1.303,910.000,192.000,927.000,255.000,NaN,NaN,NaN,NaN,NaN,NaN,NaN
1745,785,7294.000,24.302,-3.867,0.007,-0.091,0.648,NaN,544,0,1.698,-1.321,817.000,199.000,852.000,290.000,NaN,NaN,NaN,NaN,NaN,NaN,NaN
1746,849,7294.000,23.052,-3.326,-0.161,-0.037,NaN,NaN,544,0,-2.631,-1.315,NaN,NaN,NaN,NaN,NaN,NaN,NaN,NaN,NaN,NaN,NaN
1747,976,7294.000,25.893,-3.499,0.001,-0.064,0.430,NaN,544,0,-0.216,-1.318,786.000,207.000,818.000,280.000,NaN,NaN,NaN,NaN,NaN,NaN,NaN
1748,993,7294.000,25.864,-5.090,0.014,-0.051,0.734,NaN,544,0,2.590,-1.308,870.000,199.000,898.000,264.000,NaN,NaN,NaN,NaN,NaN,NaN,NaN
1749,90,7295.000,26.842,-3.284,0.007,-0.077,0.092,NaN,545,0,-2.065,-1.303,769.000,208.000,785.000,258.000,NaN,NaN,NaN,NaN,NaN,NaN,NaN
1750,290,7295.000,31.230,-1.087,0.052,-0.070,NaN,NaN,545,0,-2.170,-1.320,NaN,NaN,NaN,NaN,NaN,NaN,NaN,NaN,NaN,NaN,NaN
1751,489,7295.000,27.447,-4.585,0.051,-0.049,0.090,0.095,545,0,-2.371,-1.151,836.000,216.000,855.000,281.000,27.460,-4.640,-1.330,0.770,0.660,1.630,0.190
1752,695,7295.000,11.493,1.724,-0.087,0.028,0.906,0.935,545,0,4.173,2.087,384.000,223.000,452.000,409.000,11.500,1.710,-1.310,0.770,0.520,1.700,-0.257
1753,723,7295.000,24.583,-5.562,0.003,-0.118,0.044,0.983,545,0,-2.740,3.500,906.000,197.000,943.000,262.000,24.630,-5.380,-1.400,0.720,0.670,1.620,-0.641
1754,785,7295.000,24.334,-3.919,0.013,-0.082,0.261,1.000,545,0,-0.897,2.843,822.000,200.000,853.000,284.000,24.350,-3.850,-1.180,0.780,0.600,1.590,-0.281
1755,849,7295.000,22.670,-3.553,-0.228,-0.103,0.144,NaN,545,0,-1.596,-1.315,824.000,200.000,842.000,272.000,NaN,NaN,NaN,NaN,NaN,NaN,NaN
1756,976,7295.000,25.907,-3.531,0.003,-0.058,0.375,0.815,545,0,-0.772,1.283,788.000,208.000,819.000,280.000,25.950,-3.470,-1.380,0.840,0.550,1.700,-0.696
1757,993,7295.000,25.864,-5.107,0.011,-0.036,0.744,0.077,545,0,1.893,-1.148,869.000,199.000,899.000,267.000,25.880,-5.090,-1.140,0.760,0.660,1.670,-0.483
1758,90,7296.000,26.918,-3.404,0.009,-0.090,0.030,NaN,546,0,-3.043,-1.302,784.000,198.000,796.000,236.000,NaN,NaN,NaN,NaN,NaN,NaN,NaN
1759,290,7296.000,31.282,-1.159,0.052,-0.071,NaN,NaN,546,0,-2.643,-1.321,NaN,NaN,NaN,NaN,NaN,NaN,NaN,NaN,NaN,NaN,NaN
1760,489,7296.000,27.496,-4.634,0.049,-0.049,NaN,NaN,546,0,-1.068,-1.316,NaN,NaN,NaN,NaN,NaN,NaN,NaN,NaN,NaN,NaN,NaN
1761,695,7296.000,11.358,1.749,-0.100,0.025,0.816,0.995,546,0,4.013,2.026,363.000,226.000,447.000,413.000,11.310,1.750,-1.290,0.810,0.540,1.710,-0.154
1762,723,7296.000,24.580,-5.657,0.001,-0.110,0.498,0.964,546,0,0.197,3.500,904.000,187.000,941.000,272.000,24.560,-5.530,-1.290,0.720,0.680,1.710,1.216
1763,785,7296.000,24.356,-3.989,0.017,-0.079,0.673,0.999,546,0,1.525,2.843,829.000,198.000,856.000,289.000,24.360,-3.970,-1.170,0.760,0.620,1.620,-0.535
1764,849,7296.000,22.556,-3.505,-0.203,-0.051,0.056,NaN,546,0,-2.383,-1.319,815.000,207.000,830.000,261.000,NaN,NaN,NaN,NaN,NaN,NaN,NaN
1765,976,7296.000,25.909,-3.597,0.001,-0.061,0.458,NaN,546,0,-0.011,-1.318,791.000,211.000,820.000,280.000,NaN,NaN,NaN,NaN,NaN,NaN,NaN
1766,993,7296.000,25.916,-5.117,0.026,-0.026,0.782,0.083,546,0,2.198,-1.149,873.000,199.000,901.000,266.000,25.960,-5.090,-1.120,0.820,0.550,1.670,0.095
1767,90,7297.000,26.928,-3.492,0.009,-0.088,NaN,NaN,547,0,-2.247,-1.311,NaN,NaN,NaN,NaN,NaN,NaN,NaN,NaN,NaN,NaN,NaN
1768,290,7297.000,31.336,-1.230,0.054,-0.071,NaN,NaN,547,0,-0.997,-1.321,NaN,NaN,NaN,NaN,NaN,NaN,NaN,NaN,NaN,NaN,NaN
1769,489,7297.000,27.550,-4.674,0.051,-0.048,0.640,NaN,547,0,1.595,-1.307,834.000,198.000,858.000,287.000,NaN,NaN,NaN,NaN,NaN,NaN,NaN
1770,695,7297.000,11.260,1.782,-0.098,0.029,0.909,NaN,547,0,3.848,-1.327,375.000,230.000,441.000,417.000,NaN,NaN,NaN,NaN,NaN,NaN,NaN
1771,723,7297.000,24.581,-5.765,0.001,-0.108,NaN,NaN,547,0,-2.647,-1.323,NaN,NaN,NaN,NaN,NaN,NaN,NaN,NaN,NaN,NaN,NaN
1772,785,7297.000,24.377,-4.191,0.015,-0.109,0.050,NaN,547,0,-2.532,-1.318,842.000,203.000,858.000,246.000,NaN,NaN,NaN,NaN,NaN,NaN,NaN
1773,849,7297.000,22.388,-3.483,-0.186,-0.019,0.038,NaN,547,0,-2.419,-1.318,812.000,209.000,827.000,279.000,NaN,NaN,NaN,NaN,NaN,NaN,NaN
1774,976,7297.000,25.904,-3.685,-0.004,-0.068,0.656,NaN,547,0,1.613,-1.320,796.000,208.000,827.000,281.000,NaN,NaN,NaN,NaN,NaN,NaN,NaN
1775,993,7297.000,25.957,-5.191,0.031,-0.039,0.667,NaN,547,0,1.724,-1.312,875.000,199.000,903.000,276.000,NaN,NaN,NaN,NaN,NaN,NaN,NaN
1776,90,7298.000,26.934,-3.580,0.007,-0.088,NaN,NaN,548,0,-2.256,-1.316,NaN,NaN,NaN,NaN,NaN,NaN,NaN,NaN,NaN,NaN,NaN
1777,290,7298.000,31.392,-1.302,0.055,-0.071,NaN,NaN,548,0,-2.641,-1.320,NaN,NaN,NaN,NaN,NaN,NaN,NaN,NaN,NaN,NaN,NaN
1778,489,7298.000,27.601,-4.722,0.051,-0.048,NaN,NaN,548,0,-2.591,-1.295,NaN,NaN,NaN,NaN,NaN,NaN,NaN,NaN,NaN,NaN,NaN
1779,695,7298.000,11.133,1.793,-0.106,0.025,0.912,0.809,548,0,4.052,1.966,372.000,230.000,439.000,419.000,11.120,1.770,-1.360,0.810,0.440,1.670,0.035
1780,723,7298.000,24.603,-5.768,0.007,-0.081,0.376,0.989,548,0,-0.566,3.500,915.000,195.000,943.000,273.000,24.630,-5.640,-1.340,0.620,0.590,1.810,-1.098
1781,785,7298.000,24.413,-4.263,0.020,-0.095,0.655,0.930,548,0,1.362,2.843,835.000,199.000,864.000,290.000,24.450,-4.070,-1.140,0.730,0.690,1.760,1.711
1782,849,7298.000,22.201,-3.503,-0.186,-0.020,NaN,NaN,548,0,-0.927,-1.318,NaN,NaN,NaN,NaN,NaN,NaN,NaN,NaN,NaN,NaN,NaN
1783,976,7298.000,26.004,-3.717,0.019,-0.057,0.654,0.012,548,0,0.873,-1.549,798.000,208.000,829.000,283.000,26.070,-3.650,-1.410,0.710,0.600,1.630,-0.242
1784,993,7298.000,25.987,-5.224,0.031,-0.036,0.719,0.963,548,0,1.662,4.938,875.000,199.000,905.000,279.000,25.980,-5.210,-1.220,0.670,0.720,1.590,-0.356
1785,90,7299.000,26.941,-3.669,0.007,-0.089,NaN,NaN,549,0,-0.632,-1.318,NaN,NaN,NaN,NaN,NaN,NaN,NaN,NaN,NaN,NaN,NaN
1786,290,7299.000,28.312,-5.133,-0.068,-0.248,0.358,0.716,549,0,-1.169,0.571,865.000,194.000,883.000,270.000,27.710,-5.080,-1.070,0.700,0.660,1.610,0.215
1787,489,7299.000,27.650,-4.739,0.052,-0.040,0.255,NaN,549,0,-0.791,-1.282,837.000,194.000,859.000,291.000,NaN,NaN,NaN,NaN,NaN,NaN,NaN
1788,695,7299.000,10.971,1.812,-0.123,0.023,0.922,0.688,549,0,4.052,1.062,368.000,229.000,432.000,419.000,10.930,1.810,-1.290,0.940,0.450,1.680,2.910
1789,723,7299.000,24.660,-5.822,0.016,-0.074,0.375,0.895,549,0,-0.566,3.143,921.000,203.000,949.000,287.000,24.730,-5.790,-1.300,0.760,0.450,1.660,2.106
1790,785,7299.000,24.435,-4.303,0.020,-0.078,0.587,0.063,549,0,0.995,-1.152,837.000,194.000,873.000,291.000,24.480,-4.160,-1.110,0.910,0.460,1.700,2.534
1791,849,7299.000,22.015,-3.524,-0.186,-0.020,NaN,NaN,549,0,-1.704,-1.318,NaN,NaN,NaN,NaN,NaN,NaN,NaN,NaN,NaN,NaN,NaN
1792,976,7299.000,26.017,-3.791,0.017,-0.061,0.589,NaN,549,0,0.941,-1.320,799.000,210.000,832.000,281.000,NaN,NaN,NaN,NaN,NaN,NaN,NaN
1793,993,7299.000,26.032,-5.276,0.036,-0.039,0.563,0.003,549,0,0.385,-1.552,876.000,197.000,907.000,283.000,26.050,-5.290,-1.250,0.700,0.520,1.660,-0.400
1794,90,7300.000,26.949,-3.756,0.007,-0.087,NaN,NaN,550,0,-0.541,-1.319,NaN,NaN,NaN,NaN,NaN,NaN,NaN,NaN,NaN,NaN,NaN
1795,290,7300.000,28.243,-5.382,-0.070,-0.249,0.090,NaN,550,0,-1.683,-1.183,865.000,197.000,886.000,276.000,NaN,NaN,NaN,NaN,NaN,NaN,NaN
1796,489,7300.000,27.704,-4.780,0.053,-0.041,NaN,NaN,550,0,-2.024,-1.276,NaN,NaN,NaN,NaN,NaN,NaN,NaN,NaN,NaN,NaN,NaN
1797,695,7300.000,10.847,1.833,-0.122,0.022,0.898,NaN,550,0,3.848,-1.327,362.000,225.000,429.000,419.000,NaN,NaN,NaN,NaN,NaN,NaN,NaN
1798,723,7300.000,24.656,-5.934,0.008,-0.082,0.286,NaN,550,0,-0.681,-1.324,926.000,205.000,954.000,288.000,NaN,NaN,NaN,NaN,NaN,NaN,NaN
1799,785,7300.000,24.454,-4.381,0.019,-0.079,0.609,NaN,550,0,1.298,-1.303,838.000,200.000,880.000,293.000,NaN,NaN,NaN,NaN,NaN,NaN,NaN
1800,849,7300.000,21.829,-3.544,-0.186,-0.020,NaN,NaN,550,0,-1.016,-1.317,NaN,NaN,NaN,NaN,NaN,NaN,NaN,NaN,NaN,NaN,NaN
1801,976,7300.000,26.025,-3.873,0.015,-0.066,0.470,NaN,550,0,0.237,-1.320,805.000,210.000,835.000,304.000,NaN,NaN,NaN,NaN,NaN,NaN,NaN
1802,993,7300.000,26.059,-5.362,0.034,-0.050,0.595,NaN,550,0,1.208,-1.319,880.000,197.000,912.000,283.000,NaN,NaN,NaN,NaN,NaN,NaN,NaN
1803,90,7301.000,27.006,-4.057,0.006,-0.131,0.116,NaN,551,0,-1.910,-1.321,809.000,213.000,837.000,268.000,NaN,NaN,NaN,NaN,NaN,NaN,NaN
1804,290,7301.000,28.193,-5.533,-0.052,-0.188,0.041,NaN,551,0,-2.922,-1.304,863.000,215.000,878.000,248.000,NaN,NaN,NaN,NaN,NaN,NaN,NaN
1805,489,7301.000,27.800,-4.961,0.051,-0.076,0.379,0.548,551,0,-1.061,-0.065,840.000,203.000,880.000,291.000,27.770,-5.200,-1.130,0.690,0.660,1.750,0.313
1806,695,7301.000,10.795,1.844,-0.101,0.018,0.888,0.385,551,0,4.052,-0.049,359.000,224.000,427.000,420.000,10.830,1.840,-1.300,0.840,0.590,1.660,0.083
1807,723,7301.000,24.709,-5.983,0.017,-0.074,0.300,0.977,551,0,-0.861,3.500,929.000,207.000,956.000,263.000,24.770,-5.890,-1.270,0.870,0.460,1.740,2.191
1808,785,7301.000,24.462,-4.579,0.018,-0.114,0.047,NaN,551,0,-2.241,-1.295,862.000,215.000,883.000,278.000,NaN,NaN,NaN,NaN,NaN,NaN,NaN
1809,849,7301.000,21.643,-3.564,-0.186,-0.020,NaN,NaN,551,0,-0.668,-1.312,NaN,NaN,NaN,NaN,NaN,NaN,NaN,NaN,NaN,NaN,NaN
1810,976,7301.000,26.038,-3.913,0.014,-0.059,0.580,0.821,551,0,0.497,1.373,808.000,210.000,837.000,302.000,26.050,-3.860,-1.340,0.790,0.590,1.720,-0.697
1811,993,7301.000,26.071,-5.387,0.031,-0.045,0.510,0.729,551,0,0.055,0.895,883.000,199.000,912.000,280.000,26.060,-5.350,-1.330,0.730,0.620,1.750,-0.393
1812,90,7302.000,25.951,-4.198,-0.050,-0.158,0.234,0.001,552,0,-1.401,-1.558,843.000,207.000,884.000,284.000,25.780,-4.590,-0.520,0.440,0.400,1.860,-1.167
1813,290,7302.000,28.128,-5.654,-0.054,-0.151,0.055,NaN,552,0,-2.271,-1.313,864.000,217.000,886.000,279.000,NaN,NaN,NaN,NaN,NaN,NaN,NaN
1814,489,7302.000,27.870,-5.157,0.045,-0.106,0.036,0.085,552,0,-2.819,-1.130,870.000,194.000,892.000,273.000,27.870,-5.350,-1.130,0.710,0.670,1.760,0.151
1815,695,7302.000,10.622,1.837,-0.119,0.008,0.918,0.519,552,0,4.052,0.340,354.000,225.000,427.000,424.000,10.560,1.810,-1.270,0.970,0.470,1.840,-3.005
1816,723,7302.000,24.814,-6.059,0.038,-0.071,0.419,0.240,552,0,-0.394,-0.590,930.000,207.000,961.000,293.000,24.890,-6.030,-1.260,0.790,0.730,1.620,-0.601
1817,785,7302.000,24.489,-4.657,0.024,-0.105,0.086,0.755,552,0,-2.061,1.133,843.000,206.000,885.000,334.000,24.540,-4.500,-1.230,0.680,0.640,1.700,-0.521
1818,849,7302.000,21.457,-3.584,-0.186,-0.020,NaN,NaN,552,0,-0.664,-1.306,NaN,NaN,NaN,NaN,NaN,NaN,NaN,NaN,NaN,NaN,NaN
1819,976,7302.000,26.095,-3.972,0.020,-0.058,0.468,0.310,552,0,-0.202,-0.506,812.000,213.000,842.000,281.000,26.150,-3.950,-1.300,0.760,0.550,1.610,-0.419
1820,993,7302.000,26.103,-5.413,0.030,-0.042,0.513,0.089,552,0,0.055,-1.106,887.000,198.000,914.000,280.000,26.120,-5.390,-1.280,0.690,0.520,1.650,-0.652
1821,90,7303.000,25.901,-4.355,-0.050,-0.158,NaN,NaN,553,0,-2.391,-1.323,NaN,NaN,NaN,NaN,NaN,NaN,NaN,NaN,NaN,NaN,NaN
1822,290,7303.000,28.074,-5.805,-0.054,-0.151,NaN,NaN,553,0,-2.636,-1.318,NaN,NaN,NaN,NaN,NaN,NaN,NaN,NaN,NaN,NaN,NaN
1823,489,7303.000,27.911,-5.295,0.044,-0.114,0.505,NaN,553,0,0.432,-1.253,858.000,199.000,890.000,281.000,NaN,NaN,NaN,NaN,NaN,NaN,NaN
1824,695,7303.000,10.506,1.839,-0.119,0.006,0.911,NaN,553,0,3.848,-1.327,350.000,229.000,428.000,427.000,NaN,NaN,NaN,NaN,NaN,NaN,NaN
1825,723,7303.000,24.837,-6.160,0.034,-0.075,0.632,NaN,553,0,1.305,-1.325,938.000,205.000,963.000,280.000,NaN,NaN,NaN,NaN,NaN,NaN,NaN
1826,785,7303.000,24.512,-4.762,0.023,-0.105,NaN,NaN,553,0,-2.239,-1.306,NaN,NaN,NaN,NaN,NaN,NaN,NaN,NaN,NaN,NaN,NaN
1827,849,7303.000,21.271,-3.604,-0.185,-0.020,NaN,NaN,553,0,-0.581,-1.302,NaN,NaN,NaN,NaN,NaN,NaN,NaN,NaN,NaN,NaN,NaN
1828,976,7303.000,26.110,-4.087,0.019,-0.073,0.398,NaN,553,0,-0.382,-1.322,817.000,214.000,845.000,281.000,NaN,NaN,NaN,NaN,NaN,NaN,NaN
1829,993,7303.000,26.121,-5.513,0.028,-0.056,0.030,NaN,553,0,-2.259,-1.314,891.000,199.000,915.000,280.000,NaN,NaN,NaN,NaN,NaN,NaN,NaN
1830,90,7304.000,25.489,-4.684,-0.114,-0.229,0.198,NaN,554,0,-1.441,-1.312,864.000,194.000,882.000,242.000,NaN,NaN,NaN,NaN,NaN,NaN,NaN
1831,290,7304.000,28.020,-5.970,-0.054,-0.156,0.182,NaN,554,0,-1.372,-1.317,894.000,199.000,916.000,279.000,NaN,NaN,NaN,NaN,NaN,NaN,NaN
1832,489,7304.000,27.965,-5.399,0.046,-0.113,0.337,NaN,554,0,-0.514,-1.298,862.000,193.000,891.000,282.000,NaN,NaN,NaN,NaN,NaN,NaN,NaN
1833,695,7304.000,10.425,1.846,-0.106,0.008,0.913,0.652,554,0,3.920,0.806,349.000,231.000,429.000,431.000,10.450,1.850,-1.340,0.920,0.610,1.750,0.192
1834,723,7304.000,24.913,-6.220,0.041,-0.067,0.566,0.984,554,0,0.661,3.500,939.000,203.000,967.000,283.000,24.950,-6.180,-1.240,0.740,0.560,1.600,-0.688
1835,785,7304.000,24.680,-4.768,0.048,-0.076,0.060,0.052,554,0,-2.418,-1.291,859.000,194.000,893.000,335.000,24.810,-4.590,-1.320,0.740,0.630,1.830,-0.283
1836,849,7304.000,21.086,-3.624,-0.186,-0.020,NaN,NaN,554,0,-0.582,-1.303,NaN,NaN,NaN,NaN,NaN,NaN,NaN,NaN,NaN,NaN,NaN
1837,976,7304.000,26.138,-4.148,0.022,-0.069,0.623,0.955,554,0,0.705,4.938,818.000,214.000,847.000,280.000,26.160,-4.100,-1.340,0.700,0.580,1.550,-0.263
1838,993,7304.000,26.150,-5.555,0.029,-0.053,0.061,0.208,554,0,-2.542,-0.746,878.000,195.000,914.000,274.000,26.150,-5.510,-1.230,0.700,0.560,1.550,-0.480
1839,90,7305.000,25.492,-4.856,-0.094,-0.203,0.031,NaN,555,0,-2.491,-1.302,862.000,195.000,879.000,265.000,NaN,NaN,NaN,NaN,NaN,NaN,NaN
1840,290,7305.000,27.966,-6.125,-0.054,-0.155,NaN,NaN,555,0,-0.344,-1.300,NaN,NaN,NaN,NaN,NaN,NaN,NaN,NaN,NaN,NaN,NaN
1841,489,7305.000,27.996,-5.640,0.043,-0.143,0.179,NaN,555,0,-1.365,-1.310,880.000,195.000,901.000,265.000,NaN,NaN,NaN,NaN,NaN,NaN,NaN
1842,695,7305.000,10.341,1.842,-0.099,0.004,0.915,0.430,555,0,3.920,0.045,346.000,232.000,429.000,436.000,10.370,1.830,-1.360,0.860,0.520,1.730,-0.058
1843,723,7305.000,25.010,-6.273,0.054,-0.064,0.577,0.987,555,0,0.718,3.500,944.000,201.000,970.000,291.000,25.070,-6.250,-1.290,0.700,0.680,1.590,0.228
1844,785,7305.000,24.727,-4.803,0.049,-0.063,0.026,NaN,555,0,-2.772,-1.306,869.000,197.000,888.000,240.000,NaN,NaN,NaN,NaN,NaN,NaN,NaN
1845,849,7305.000,20.901,-3.643,-0.185,-0.019,NaN,NaN,555,0,-2.599,-1.299,NaN,NaN,NaN,NaN,NaN,NaN,NaN,NaN,NaN,NaN,NaN
1846,976,7305.000,26.163,-4.223,0.024,-0.069,0.566,NaN,555,0,0.787,-1.324,821.000,216.000,850.000,280.000,NaN,NaN,NaN,NaN,NaN,NaN,NaN
1847,993,7305.000,26.242,-5.628,0.043,-0.058,0.708,0.090,555,0,1.516,-1.095,896.000,200.000,923.000,272.000,26.320,-5.630,-1.260,0.690,0.550,1.730,-0.200
1848,90,7306.000,25.388,-5.037,-0.093,-0.196,0.589,NaN,556,0,1.124,-1.308,868.000,194.000,896.000,291.000,NaN,NaN,NaN,NaN,NaN,NaN,NaN
1849,290,7306.000,27.923,-6.213,-0.049,-0.135,0.539,NaN,556,0,0.556,-1.308,901.000,199.000,926.000,273.000,NaN,NaN,NaN,NaN,NaN,NaN,NaN
1850,489,7306.000,28.042,-5.820,0.041,-0.153,0.118,NaN,556,0,-1.704,-1.318,889.000,195.000,906.000,263.000,NaN,NaN,NaN,NaN,NaN,NaN,NaN
1851,695,7306.000,10.243,1.838,-0.098,0.001,0.921,NaN,556,0,3.726,-1.327,343.000,229.000,427.000,437.000,NaN,NaN,NaN,NaN,NaN,NaN,NaN
1852,723,7306.000,25.048,-6.403,0.048,-0.078,0.772,NaN,556,0,3.422,-1.326,948.000,203.000,978.000,291.000,NaN,NaN,NaN,NaN,NaN,NaN,NaN
1853,785,7306.000,24.775,-4.865,0.049,-0.062,NaN,NaN,556,0,-0.486,-1.306,NaN,NaN,NaN,NaN,NaN,NaN,NaN,NaN,NaN,NaN,NaN
1854,849,7306.000,20.717,-3.662,-0.184,-0.019,NaN,NaN,556,0,-1.985,-1.293,NaN,NaN,NaN,NaN,NaN,NaN,NaN,NaN,NaN,NaN,NaN
1855,976,7306.000,26.184,-4.301,0.024,-0.071,0.473,NaN,556,0,0.057,-1.323,826.000,207.000,854.000,281.000,NaN,NaN,NaN,NaN,NaN,NaN,NaN
1856,993,7306.000,26.152,-5.910,0.027,-0.118,0.109,NaN,556,0,-1.941,-1.303,926.000,203.000,947.000,253.000,NaN,NaN,NaN,NaN,NaN,NaN,NaN
1857,90,7307.000,25.403,-5.432,-0.099,-0.255,0.050,NaN,557,0,-2.270,-1.312,901.000,199.000,915.000,270.000,NaN,NaN,NaN,NaN,NaN,NaN,NaN
1858,290,7307.000,27.904,-6.298,-0.044,-0.118,0.095,NaN,557,0,-1.806,-1.312,910.000,199.000,928.000,262.000,NaN,NaN,NaN,NaN,NaN,NaN,NaN
1859,489,7307.000,28.084,-5.934,0.043,-0.139,0.155,NaN,557,0,-1.545,-1.315,891.000,195.000,908.000,267.000,NaN,NaN,NaN,NaN,NaN,NaN,NaN
1860,695,7307.000,10.154,1.837,-0.096,0.000,0.924,0.333,557,0,3.920,-0.184,340.000,228.000,425.000,437.000,10.160,1.840,-1.270,0.820,0.600,1.700,-0.376
1861,723,7307.000,25.120,-6.463,0.053,-0.073,0.768,0.537,557,0,2.423,0.245,948.000,205.000,984.000,289.000,25.130,-6.400,-1.260,0.840,0.460,1.700,2.063
1862,785,7307.000,24.833,-4.913,0.048,-0.057,0.431,0.057,557,0,-0.335,-1.211,865.000,195.000,905.000,291.000,24.790,-4.870,-1.130,0.740,0.650,1.760,-0.651
1863,849,7307.000,20.534,-3.683,-0.184,-0.021,NaN,NaN,557,0,-0.280,-1.286,NaN,NaN,NaN,NaN,NaN,NaN,NaN,NaN,NaN,NaN,NaN
1864,976,7307.000,26.254,-4.340,0.032,-0.061,0.114,0.990,557,0,-2.093,4.938,828.000,203.000,856.000,280.000,26.280,-4.260,-1.290,0.810,0.530,1.620,-0.589
1865,993,7307.000,26.178,-6.011,0.025,-0.101,0.209,0.519,557,0,-1.512,0.063,902.000,199.000,927.000,268.000,26.230,-5.700,-1.200,0.650,0.660,1.780,-0.600
1866,90,7308.000,25.304,-5.687,-0.099,-0.255,NaN,NaN,558,0,-2.139,-1.301,NaN,NaN,NaN,NaN,NaN,NaN,NaN,NaN,NaN,NaN,NaN
1867,290,7308.000,27.888,-6.362,-0.041,-0.099,0.474,NaN,558,0,0.057,-1.321,915.000,201.000,930.000,265.000,NaN,NaN,NaN,NaN,NaN,NaN,NaN
1868,489,7308.000,29.073,-6.147,0.182,-0.148,0.130,0.002,558,0,-2.653,-1.803,865.000,196.000,883.000,257.000,29.640,-5.460,-1.050,0.420,0.470,1.750,3.506
1869,695,7308.000,10.036,1.843,-0.103,0.002,0.924,0.334,558,0,3.920,-0.184,335.000,225.000,419.000,438.000,10.010,1.850,-1.250,0.990,0.450,1.720,-3.011
1870,723,7308.000,25.184,-6.533,0.058,-0.070,0.704,0.998,558,0,1.628,3.500,948.000,207.000,991.000,292.000,25.200,-6.540,-1.250,0.740,0.620,1.610,-0.766
1871,785,7308.000,24.864,-4.978,0.043,-0.061,0.456,1.000,558,0,-0.098,3.500,877.000,198.000,904.000,290.000,24.840,-5.010,-1.110,0.690,0.720,1.560,-0.435
1872,849,7308.000,20.350,-3.703,-0.184,-0.020,NaN,NaN,558,0,-0.215,-1.276,NaN,NaN,NaN,NaN,NaN,NaN,NaN,NaN,NaN,NaN,NaN
1873,976,7308.000,26.300,-4.374,0.033,-0.054,0.219,0.958,558,0,-1.457,4.938,833.000,201.000,858.000,279.000,26.320,-4.310,-1.290,0.730,0.640,1.650,-0.760
1874,993,7308.000,26.246,-6.047,0.035,-0.062,0.476,0.949,558,0,-0.130,4.938,895.000,194.000,913.000,269.000,26.320,-5.780,-1.210,0.750,0.590,1.590,-0.579
1875,90,7309.000,25.205,-5.942,-0.099,-0.255,NaN,NaN,559,0,-0.286,-1.315,NaN,NaN,NaN,NaN,NaN,NaN,NaN,NaN,NaN,NaN,NaN
1876,290,7309.000,27.860,-6.423,-0.039,-0.084,0.640,NaN,559,0,1.407,-1.325,914.000,201.000,934.000,277.000,NaN,NaN,NaN,NaN,NaN,NaN,NaN
1877,489,7309.000,29.269,-6.301,0.184,-0.149,0.266,NaN,559,0,-0.913,-1.297,899.000,194.000,914.000,269.000,NaN,NaN,NaN,NaN,NaN,NaN,NaN
1878,695,7309.000,9.933,1.843,-0.104,0.002,0.916,NaN,559,0,3.726,-1.327,333.000,227.000,415.000,443.000,NaN,NaN,NaN,NaN,NaN,NaN,NaN
1879,723,7309.000,25.240,-6.624,0.056,-0.075,0.712,NaN,559,0,2.462,-1.327,950.000,206.000,992.000,290.000,NaN,NaN,NaN,NaN,NaN,NaN,NaN
1880,785,7309.000,24.897,-5.104,0.042,-0.076,0.597,NaN,559,0,1.208,-1.313,881.000,197.000,916.000,283.000,NaN,NaN,NaN,NaN,NaN,NaN,NaN
1881,849,7309.000,20.100,-3.811,-0.190,-0.030,0.183,NaN,559,0,-1.318,-1.266,863.000,193.000,881.000,260.000,NaN,NaN,NaN,NaN,NaN,NaN,NaN
1882,976,7309.000,26.331,-4.443,0.033,-0.058,0.242,NaN,559,0,-1.085,-1.317,835.000,209.000,856.000,274.000,NaN,NaN,NaN,NaN,NaN,NaN,NaN
1883,993,7309.000,26.298,-6.035,0.042,-0.030,0.189,NaN,559,0,-1.323,-1.325,901.000,200.000,934.000,278.000,NaN,NaN,NaN,NaN,NaN,NaN,NaN
1884,90,7310.000,24.822,-6.475,-0.140,-0.340,0.098,NaN,560,0,-2.034,-1.325,962.000,207.000,985.000,265.000,NaN,NaN,NaN,NaN,NaN,NaN,NaN
1885,290,7310.000,27.756,-6.612,-0.049,-0.123,0.035,NaN,560,0,-2.814,-1.326,933.000,204.000,946.000,249.000,NaN,NaN,NaN,NaN,NaN,NaN,NaN
1886,489,7310.000,29.461,-6.429,0.187,-0.137,0.065,NaN,560,0,-2.113,-1.301,902.000,197.000,915.000,273.000,NaN,NaN,NaN,NaN,NaN,NaN,NaN
1887,695,7310.000,9.837,1.822,-0.102,-0.004,0.917,0.962,560,0,3.920,1.960,329.000,229.000,413.000,446.000,9.840,1.810,-1.290,0.910,0.480,1.700,-3.175
1888,723,7310.000,25.281,-6.706,0.054,-0.078,0.600,0.993,560,0,0.837,3.500,956.000,206.000,991.000,288.000,25.260,-6.710,-1.340,0.850,0.550,1.710,-0.892
1889,785,7310.000,24.914,-5.159,0.038,-0.070,0.617,0.996,560,0,0.943,3.500,883.000,196.000,916.000,281.000,24.910,-5.150,-1.260,0.710,0.630,1.640,-0.717
1890,849,7310.000,20.009,-3.796,-0.185,-0.005,0.028,NaN,560,0,-2.471,-1.291,862.000,195.000,879.000,260.000,NaN,NaN,NaN,NaN,NaN,NaN,NaN
1891,976,7310.000,26.369,-4.479,0.035,-0.050,0.430,NaN,560,0,-0.402,-1.311,835.000,215.000,856.000,273.000,NaN,NaN,NaN,NaN,NaN,NaN,NaN
1892,993,7310.000,26.348,-6.032,0.047,-0.018,0.596,0.541,560,0,0.607,0.133,915.000,201.000,935.000,274.000,26.390,-5.980,-1.270,0.790,0.620,1.690,-0.587
1893,90,7311.000,24.681,-6.814,-0.141,-0.339,NaN,NaN,561,0,-0.264,-1.327,NaN,NaN,NaN,NaN,NaN,NaN,NaN,NaN,NaN,NaN,NaN
1894,290,7311.000,27.708,-6.735,-0.048,-0.123,NaN,NaN,561,0,-2.652,-1.326,NaN,NaN,NaN,NaN,NaN,NaN,NaN,NaN,NaN,NaN,NaN
1895,489,7311.000,29.648,-6.567,0.188,-0.138,NaN,NaN,561,0,-2.617,-1.308,NaN,NaN,NaN,NaN,NaN,NaN,NaN,NaN,NaN,NaN,NaN
1896,695,7311.000,9.731,1.816,-0.103,-0.003,0.917,0.986,561,0,3.920,1.960,325.000,235.000,410.000,452.000,9.740,1.820,-1.320,0.830,0.500,1.700,0.090
1897,723,7311.000,25.375,-6.793,0.065,-0.081,0.689,0.939,561,0,1.488,3.500,960.000,205.000,994.000,288.000,25.410,-6.820,-1.380,0.800,0.640,1.670,-0.416
1898,785,7311.000,24.990,-5.276,0.049,-0.083,0.652,0.206,561,0,1.116,-0.674,886.000,198.000,918.000,286.000,25.040,-5.360,-1.250,0.690,0.620,1.710,-0.492
1899,849,7311.000,19.823,-3.799,-0.186,-0.003,NaN,NaN,561,0,-2.580,-1.290,NaN,NaN,NaN,NaN,NaN,NaN,NaN,NaN,NaN,NaN,NaN
1900,976,7311.000,26.404,-4.529,0.035,-0.050,NaN,NaN,561,0,-2.344,-1.297,NaN,NaN,NaN,NaN,NaN,NaN,NaN,NaN,NaN,NaN,NaN
1901,993,7311.000,26.404,-6.028,0.049,-0.012,0.688,0.607,561,0,1.231,0.329,915.000,201.000,939.000,279.000,26.420,-6.010,-1.230,0.870,0.480,1.700,2.073
1902,90,7312.000,24.540,-7.154,-0.141,-0.341,NaN,NaN,562,0,-2.653,-1.326,NaN,NaN,NaN,NaN,NaN,NaN,NaN,NaN,NaN,NaN,NaN
1903,290,7312.000,27.643,-6.704,-0.044,-0.077,0.127,NaN,562,0,-1.859,-1.326,934.000,202.000,946.000,255.000,NaN,NaN,NaN,NaN,NaN,NaN,NaN
1904,489,7312.000,29.580,-6.415,0.171,-0.059,0.056,NaN,562,0,-2.371,-1.313,895.000,199.000,909.000,244.000,NaN,NaN,NaN,NaN,NaN,NaN,NaN
1905,695,7312.000,9.624,1.824,-0.104,0.001,0.920,NaN,562,0,3.726,-1.327,322.000,237.000,406.000,457.000,NaN,NaN,NaN,NaN,NaN,NaN,NaN
1906,723,7312.000,25.427,-6.919,0.061,-0.092,0.761,NaN,562,0,3.236,-1.327,970.000,204.000,998.000,288.000,NaN,NaN,NaN,NaN,NaN,NaN,NaN
1907,785,7312.000,25.036,-5.352,0.054,-0.082,0.099,NaN,562,0,-1.790,-1.300,895.000,199.000,914.000,272.000,NaN,NaN,NaN,NaN,NaN,NaN,NaN
1908,849,7312.000,19.638,-3.801,-0.185,-0.002,NaN,NaN,562,0,-0.480,-1.289,NaN,NaN,NaN,NaN,NaN,NaN,NaN,NaN,NaN,NaN,NaN
1909,976,7312.000,26.440,-4.579,0.036,-0.050,NaN,NaN,562,0,-2.539,-1.270,NaN,NaN,NaN,NaN,NaN,NaN,NaN,NaN,NaN,NaN,NaN
1910,993,7312.000,26.440,-6.081,0.045,-0.023,0.689,NaN,562,0,2.173,-1.324,914.000,198.000,941.000,280.000,NaN,NaN,NaN,NaN,NaN,NaN,NaN
1911,290,7313.000,27.672,-6.719,-0.027,-0.045,0.060,NaN,563,0,-2.155,-1.326,933.000,199.000,946.000,265.000,NaN,NaN,NaN,NaN,NaN,NaN,NaN
1912,489,7313.000,29.964,-6.663,0.181,-0.098,0.243,NaN,563,0,-0.907,-1.303,916.000,197.000,932.000,279.000,NaN,NaN,NaN,NaN,NaN,NaN,NaN
1913,695,7313.000,9.521,1.823,-0.102,0.002,0.922,0.293,563,0,3.920,-0.217,321.000,237.000,406.000,458.000,9.530,1.820,-1.330,0.810,0.490,1.740,-0.026
1914,723,7313.000,25.435,-6.989,0.052,-0.086,0.727,0.364,563,0,2.069,-0.318,970.000,202.000,1000.000,288.000,25.390,-6.960,-1.370,0.740,0.500,1.800,-0.570
1915,785,7313.000,25.101,-5.455,0.058,-0.088,0.279,0.083,563,0,-0.913,-1.073,897.000,195.000,928.000,278.000,25.100,-5.510,-1.160,0.690,0.700,1.750,-0.549
1916,849,7313.000,19.452,-3.804,-0.185,-0.003,NaN,NaN,563,0,-0.479,-1.286,NaN,NaN,NaN,NaN,NaN,NaN,NaN,NaN,NaN,NaN,NaN
1917,976,7313.000,26.383,-4.875,0.019,-0.110,0.098,NaN,563,0,-1.925,-1.253,861.000,208.000,877.000,264.000,NaN,NaN,NaN,NaN,NaN,NaN,NaN
1918,993,7313.000,26.470,-6.106,0.042,-0.022,0.488,0.679,563,0,-0.068,0.559,924.000,198.000,943.000,279.000,26.470,-6.130,-1.270,1.000,0.520,1.800,-0.760
1919,290,7314.000,28.356,-6.917,0.093,-0.051,0.133,0.027,564,0,-2.503,-1.714,900.000,197.000,922.000,275.000,28.870,-6.470,-0.930,0.740,0.680,1.820,-0.322
1920,489,7314.000,30.149,-6.795,0.181,-0.110,0.091,NaN,564,0,-1.872,-1.316,917.000,194.000,933.000,272.000,NaN,NaN,NaN,NaN,NaN,NaN,NaN
1921,695,7314.000,9.317,1.820,-0.136,0.002,0.922,0.486,564,0,3.780,0.204,319.000,232.000,405.000,458.000,9.240,1.810,-1.310,1.000,0.500,1.830,-3.035
1922,723,7314.000,25.470,-7.059,0.048,-0.081,0.618,0.830,564,0,0.943,1.620,975.000,201.000,1003.000,288.000,25.460,-7.040,-1.360,0.580,0.410,1.650,2.304
1923,785,7314.000,25.148,-5.561,0.057,-0.093,0.069,0.927,564,0,-2.272,3.500,900.000,194.000,935.000,279.000,25.130,-5.600,-1.140,0.730,0.700,1.560,-0.452
1924,849,7314.000,19.267,-3.806,-0.185,-0.002,NaN,NaN,564,0,-0.381,-1.288,NaN,NaN,NaN,NaN,NaN,NaN,NaN,NaN,NaN,NaN,NaN
1925,976,7314.000,26.373,-4.974,0.012,-0.108,0.430,NaN,564,0,-0.383,-1.250,862.000,207.000,881.000,263.000,NaN,NaN,NaN,NaN,NaN,NaN,NaN
1926,993,7314.000,26.518,-6.150,0.043,-0.027,0.609,0.833,564,0,0.424,1.336,917.000,194.000,945.000,280.000,26.520,-6.200,-1.220,0.640,0.480,1.750,2.579
1927,290,7315.000,28.448,-6.931,0.096,-0.035,0.660,NaN,565,0,1.613,-1.326,928.000,197.000,950.000,276.000,NaN,NaN,NaN,NaN,NaN,NaN,NaN
1928,489,7315.000,30.335,-6.901,0.183,-0.108,0.601,NaN,565,0,1.208,-1.324,906.000,195.000,936.000,285.000,NaN,NaN,NaN,NaN,NaN,NaN,NaN
1929,695,7315.000,9.183,1.815,-0.136,-0.001,0.928,NaN,565,0,3.609,-1.327,317.000,229.000,405.000,458.000,NaN,NaN,NaN,NaN,NaN,NaN,NaN
1930,723,7315.000,25.516,-7.157,0.046,-0.085,0.711,NaN,565,0,2.462,-1.326,979.000,205.000,1007.000,288.000,NaN,NaN,NaN,NaN,NaN,NaN,NaN
1931,785,7315.000,25.171,-5.795,0.045,-0.131,0.026,NaN,565,0,-2.775,-1.308,921.000,195.000,937.000,245.000,NaN,NaN,NaN,NaN,NaN,NaN,NaN
1932,849,7315.000,19.083,-3.808,-0.184,-0.002,NaN,NaN,565,0,-0.312,-1.288,NaN,NaN,NaN,NaN,NaN,NaN,NaN,NaN,NaN,NaN,NaN
1933,976,7315.000,26.367,-5.070,0.008,-0.104,0.486,NaN,565,0,0.179,-1.293,864.000,206.000,888.000,276.000,NaN,NaN,NaN,NaN,NaN,NaN,NaN
1934,993,7315.000,26.568,-6.144,0.044,-0.016,0.154,NaN,565,0,-1.375,-1.325,918.000,196.000,936.000,284.000,NaN,NaN,NaN,NaN,NaN,NaN,NaN
1935,290,7316.000,28.545,-6.966,0.097,-0.035,NaN,NaN,566,0,-0.264,-1.327,NaN,NaN,NaN,NaN,NaN,NaN,NaN,NaN,NaN,NaN,NaN
1936,489,7316.000,30.878,-7.306,0.222,-0.211,0.110,NaN,566,0,-2.338,-1.326,936.000,196.000,947.000,211.000,NaN,NaN,NaN,NaN,NaN,NaN,NaN
1937,695,7316.000,9.077,1.780,-0.130,-0.016,0.924,0.490,566,0,3.780,0.204,316.000,230.000,406.000,462.000,9.100,1.760,-1.300,0.990,0.420,1.700,-2.928
1938,723,7316.000,25.559,-7.242,0.045,-0.085,0.739,0.999,566,0,1.893,4.938,981.000,204.000,1009.000,288.000,25.560,-7.230,-1.340,0.740,0.590,1.550,-0.327
1939,785,7316.000,25.218,-5.880,0.045,-0.118,0.749,0.989,566,0,2.266,3.500,910.000,196.000,941.000,285.000,25.250,-5.670,-1.140,0.660,0.790,1.480,-0.342
1940,849,7316.000,18.901,-3.809,-0.183,-0.001,NaN,NaN,566,0,-2.581,-1.291,NaN,NaN,NaN,NaN,NaN,NaN,NaN,NaN,NaN,NaN,NaN
1941,976,7316.000,26.380,-5.136,0.009,-0.092,0.686,NaN,566,0,1.982,-1.307,863.000,206.000,890.000,279.000,NaN,NaN,NaN,NaN,NaN,NaN,NaN
1942,993,7316.000,26.619,-6.194,0.044,-0.025,0.617,0.958,566,0,0.469,6.369,932.000,197.000,952.000,275.000,26.590,-6.360,-1.240,0.720,0.650,1.580,-0.036
1943,290,7317.000,28.642,-6.999,0.098,-0.034,NaN,NaN,567,0,-2.653,-1.327,NaN,NaN,NaN,NaN,NaN,NaN,NaN,NaN,NaN,NaN,NaN
1944,489,7317.000,31.099,-7.520,0.221,-0.213,NaN,NaN,567,0,-2.653,-1.327,NaN,NaN,NaN,NaN,NaN,NaN,NaN,NaN,NaN,NaN,NaN
1945,695,7317.000,8.977,1.778,-0.124,-0.012,0.919,0.982,567,0,3.780,1.890,312.000,235.000,407.000,468.000,8.990,1.790,-1.270,0.900,0.540,1.690,0.180
1946,723,7317.000,25.638,-7.315,0.053,-0.081,0.720,0.923,567,0,1.662,4.838,983.000,203.000,1013.000,287.000,25.660,-7.290,-1.370,0.820,0.450,1.790,2.280
1947,785,7317.000,25.260,-5.937,0.043,-0.100,0.802,0.587,567,0,2.748,0.389,915.000,196.000,953.000,288.000,25.280,-5.750,-1.170,0.800,0.700,1.800,2.085
1948,849,7317.000,18.718,-3.810,-0.183,-0.001,NaN,NaN,567,0,-0.339,-1.284,NaN,NaN,NaN,NaN,NaN,NaN,NaN,NaN,NaN,NaN,NaN
1949,976,7317.000,26.424,-5.186,0.016,-0.081,0.728,NaN,567,0,2.590,-1.311,864.000,205.000,893.000,279.000,NaN,NaN,NaN,NaN,NaN,NaN,NaN
1950,993,7317.000,26.663,-6.272,0.041,-0.040,0.525,0.029,567,0,-0.101,-1.569,933.000,197.000,960.000,279.000,26.640,-6.450,-1.210,0.870,0.680,1.900,-1.547
1951,290,7318.000,28.739,-7.035,0.097,-0.035,NaN,NaN,568,0,-2.653,-1.327,NaN,NaN,NaN,NaN,NaN,NaN,NaN,NaN,NaN,NaN,NaN
1952,489,7318.000,31.327,-7.749,0.221,-0.221,0.532,NaN,568,0,0.663,-1.327,939.000,200.000,967.000,281.000,NaN,NaN,NaN,NaN,NaN,NaN,NaN
1953,695,7318.000,8.856,1.763,-0.121,-0.012,0.923,NaN,568,0,3.609,-1.327,311.000,240.000,407.000,476.000,NaN,NaN,NaN,NaN,NaN,NaN,NaN
1954,723,7318.000,25.697,-7.402,0.053,-0.083,0.458,NaN,568,0,-0.205,-1.327,990.000,207.000,1016.000,266.000,NaN,NaN,NaN,NaN,NaN,NaN,NaN
1955,785,7318.000,25.303,-6.037,0.043,-0.100,NaN,NaN,568,0,-2.650,-1.325,NaN,NaN,NaN,NaN,NaN,NaN,NaN,NaN,NaN,NaN,NaN
1956,849,7318.000,18.533,-3.811,-0.184,-0.001,NaN,NaN,568,0,-0.165,-1.275,NaN,NaN,NaN,NaN,NaN,NaN,NaN,NaN,NaN,NaN,NaN
1957,976,7318.000,26.452,-5.240,0.017,-0.073,0.591,NaN,568,0,0.941,-1.312,869.000,205.000,896.000,269.000,NaN,NaN,NaN,NaN,NaN,NaN,NaN
1958,993,7318.000,26.698,-6.311,0.038,-0.039,0.707,NaN,568,0,2.462,-1.326,916.000,197.000,954.000,289.000,NaN,NaN,NaN,NaN,NaN,NaN,NaN
1959,290,7319.000,29.034,-7.000,0.139,-0.017,0.705,0.025,569,0,0.622,-1.715,918.000,193.000,955.000,289.000,29.220,-6.910,-1.040,0.690,0.690,1.790,-0.496
1960,489,7319.000,31.548,-7.969,0.221,-0.220,NaN,NaN,569,0,-2.654,-1.327,NaN,NaN,NaN,NaN,NaN,NaN,NaN,NaN,NaN,NaN,NaN
1961,695,7319.000,8.844,1.753,-0.092,-0.013,0.920,0.863,569,0,3.780,1.890,312.000,242.000,407.000,481.000,8.900,1.740,-1.350,0.910,0.550,1.760,-0.146
1962,723,7319.000,25.727,-7.446,0.046,-0.072,0.225,0.778,569,0,-1.465,1.099,991.000,210.000,1020.000,287.000,25.720,-7.370,-1.380,0.570,0.400,1.700,-0.938
1963,785,7319.000,25.391,-6.051,0.054,-0.079,NaN,0.982,569,0,-3.014,3.500,905.000,196.000,959.000,293.000,25.410,-5.930,-1.220,0.880,0.580,1.770,-0.735
1964,849,7319.000,18.348,-3.811,-0.185,-0.000,NaN,NaN,569,0,-0.342,-1.296,NaN,NaN,NaN,NaN,NaN,NaN,NaN,NaN,NaN,NaN,NaN
1965,976,7319.000,26.987,-5.045,0.105,0.021,0.331,0.188,569,0,-1.122,-0.886,817.000,204.000,844.000,276.000,27.020,-4.230,-1.240,0.870,0.510,1.770,-0.693
1966,993,7319.000,26.701,-6.423,0.027,-0.059,0.552,0.777,569,0,0.096,0.952,943.000,200.000,968.000,282.000,26.660,-6.570,-1.210,1.020,0.540,1.790,-1.250
1967,290,7320.000,29.171,-7.016,0.138,-0.016,NaN,NaN,570,0,-2.653,-1.327,NaN,NaN,NaN,NaN,NaN,NaN,NaN,NaN,NaN,NaN,NaN
1968,489,7320.000,31.770,-8.189,0.222,-0.220,NaN,NaN,570,0,-2.654,-1.327,NaN,NaN,NaN,NaN,NaN,NaN,NaN,NaN,NaN,NaN,NaN
1969,695,7320.000,8.686,1.759,-0.113,-0.003,0.924,0.430,570,0,3.780,0.005,311.000,242.000,407.000,484.000,8.600,1.770,-1.380,0.900,0.500,1.750,-2.969
1970,723,7320.000,25.802,-7.531,0.053,-0.074,0.706,0.998,570,0,1.516,4.938,997.000,205.000,1021.000,268.000,25.840,-7.560,-1.320,0.720,0.650,1.540,-0.568
1971,785,7320.000,25.481,-6.094,0.063,-0.070,0.745,0.999,570,0,2.266,3.500,918.000,194.000,957.000,288.000,25.470,-6.030,-1.180,0.770,0.700,1.690,-0.791
1972,849,7320.000,18.162,-3.811,-0.186,0.000,NaN,NaN,570,0,-0.319,-1.315,NaN,NaN,NaN,NaN,NaN,NaN,NaN,NaN,NaN,NaN,NaN
1973,976,7320.000,27.007,-5.121,0.083,-0.008,0.632,0.187,570,0,0.517,-0.858,874.000,207.000,902.000,277.000,26.890,-5.330,-1.400,0.720,0.690,1.660,-0.154
1974,993,7320.000,26.731,-6.541,0.024,-0.074,0.413,0.134,570,0,-0.818,-1.072,944.000,200.000,969.000,282.000,26.720,-6.640,-1.200,0.760,0.730,1.750,1.737
1975,1049,7320.000,27.080,-4.300,0.000,0.000,0.043,0.843,570,0,-3.031,1.464,824.000,211.000,849.000,280.000,27.080,-4.300,-1.330,0.890,0.500,1.830,2.231
1976,290,7321.000,29.308,-7.032,0.136,-0.016,NaN,NaN,571,0,-0.322,-1.327,NaN,NaN,NaN,NaN,NaN,NaN,NaN,NaN,NaN,NaN,NaN
1977,489,7321.000,32.040,-8.258,0.235,-0.179,0.182,NaN,571,0,-1.208,-1.327,949.000,199.000,970.000,282.000,NaN,NaN,NaN,NaN,NaN,NaN,NaN
1978,695,7321.000,8.576,1.743,-0.112,-0.008,0.913,NaN,571,0,3.493,-1.327,307.000,239.000,406.000,484.000,NaN,NaN,NaN,NaN,NaN,NaN,NaN
1979,723,7321.000,25.854,-7.606,0.053,-0.076,NaN,NaN,571,0,-2.654,-1.327,NaN,NaN,NaN,NaN,NaN,NaN,NaN,NaN,NaN,NaN,NaN
1980,785,7321.000,25.538,-6.178,0.062,-0.074,0.647,NaN,571,0,1.698,-1.325,922.000,194.000,965.000,290.000,NaN,NaN,NaN,NaN,NaN,NaN,NaN
1981,849,7321.000,17.975,-3.811,-0.187,0.001,NaN,NaN,571,0,-2.255,-1.315,NaN,NaN,NaN,NaN,NaN,NaN,NaN,NaN,NaN,NaN,NaN
1982,976,7321.000,26.918,-5.336,0.055,-0.051,0.663,NaN,571,0,1.381,-1.297,879.000,207.000,908.000,266.000,NaN,NaN,NaN,NaN,NaN,NaN,NaN
1983,993,7321.000,26.756,-6.615,0.024,-0.074,NaN,NaN,571,0,-2.652,-1.326,NaN,NaN,NaN,NaN,NaN,NaN,NaN,NaN,NaN,NaN,NaN
1984,1049,7321.000,27.054,-4.423,0.002,-0.039,0.674,NaN,571,0,1.724,-1.324,829.000,203.000,850.000,281.000,NaN,NaN,NaN,NaN,NaN,NaN,NaN
1985,290,7322.000,29.443,-7.047,0.135,-0.015,NaN,NaN,572,0,-2.653,-1.327,NaN,NaN,NaN,NaN,NaN,NaN,NaN,NaN,NaN,NaN,NaN
1986,489,7322.000,32.276,-8.437,0.236,-0.179,NaN,NaN,572,0,-2.654,-1.327,NaN,NaN,NaN,NaN,NaN,NaN,NaN,NaN,NaN,NaN,NaN
1987,695,7322.000,8.458,1.710,-0.115,-0.017,0.917,0.635,572,0,3.637,0.611,307.000,238.000,405.000,485.000,8.460,1.700,-1.320,0.960,0.510,1.750,-2.824
1988,723,7322.000,25.919,-7.675,0.055,-0.074,0.794,0.993,572,0,2.294,4.938,1000.000,204.000,1032.000,287.000,25.940,-7.680,-1.310,0.820,0.590,1.590,-0.758
1989,785,7322.000,25.572,-6.220,0.056,-0.065,0.687,0.994,572,0,1.231,4.938,926.000,195.000,967.000,290.000,25.540,-6.170,-1.180,0.740,0.670,1.760,-0.777
1990,849,7322.000,17.788,-3.810,-0.187,0.001,NaN,NaN,572,0,-0.222,-1.314,NaN,NaN,NaN,NaN,NaN,NaN,NaN,NaN,NaN,NaN,NaN
1991,976,7322.000,26.944,-5.393,0.046,-0.052,0.624,0.869,572,0,0.469,2.027,880.000,201.000,911.000,275.000,26.870,-5.460,-1.550,0.610,0.710,1.600,-0.125
1992,993,7322.000,26.777,-6.751,0.023,-0.088,0.179,0.361,572,0,-1.845,-0.495,953.000,199.000,973.000,284.000,26.770,-6.820,-1.170,0.750,0.570,1.540,-0.492
1993,1049,7322.000,27.123,-4.434,0.020,-0.020,0.524,0.672,572,0,-0.101,0.390,830.000,203.000,855.000,285.000,27.150,-4.410,-1.280,0.910,0.460,1.760,2.361
1994,290,7323.000,29.578,-7.063,0.135,-0.016,NaN,NaN,573,0,-0.264,-1.327,NaN,NaN,NaN,NaN,NaN,NaN,NaN,NaN,NaN,NaN,NaN
1995,489,7323.000,32.510,-8.616,0.233,-0.180,NaN,NaN,573,0,-2.654,-1.327,NaN,NaN,NaN,NaN,NaN,NaN,NaN,NaN,NaN,NaN,NaN
1996,695,7323.000,8.342,1.687,-0.116,-0.020,0.922,NaN,573,0,3.493,-1.327,305.000,238.000,401.000,493.000,NaN,NaN,NaN,NaN,NaN,NaN,NaN
1997,723,7323.000,25.965,-7.776,0.052,-0.081,0.736,NaN,573,0,2.907,-1.327,1000.000,205.000,1038.000,287.000,NaN,NaN,NaN,NaN,NaN,NaN,NaN
1998,785,7323.000,25.627,-6.321,0.056,-0.077,0.674,NaN,573,0,1.916,-1.325,936.000,198.000,963.000,290.000,NaN,NaN,NaN,NaN,NaN,NaN,NaN
1999,849,7323.000,17.976,-2.093,-0.152,0.183,0.515,NaN,573,0,0.165,-1.313,754.000,201.000,793.000,260.000,NaN,NaN,NaN,NaN,NaN,NaN,NaN
2000,976,7323.000,27.002,-5.518,0.050,-0.076,0.669,NaN,573,0,1.724,-1.317,883.000,205.000,912.000,272.000,NaN,NaN,NaN,NaN,NaN,NaN,NaN
2001,993,7323.000,26.775,-6.931,0.020,-0.109,0.388,NaN,573,0,-0.432,-1.327,956.000,203.000,974.000,283.000,NaN,NaN,NaN,NaN,NaN,NaN,NaN
2002,1049,7323.000,27.139,-4.494,0.018,-0.035,0.319,NaN,573,0,-0.774,-1.322,828.000,204.000,856.000,283.000,NaN,NaN,NaN,NaN,NaN,NaN,NaN
2003,290,7324.000,29.713,-7.079,0.135,-0.016,NaN,NaN,574,0,-2.653,-1.327,NaN,NaN,NaN,NaN,NaN,NaN,NaN,NaN,NaN,NaN,NaN
2004,489,7324.000,32.743,-8.795,0.233,-0.179,NaN,NaN,574,0,-0.351,-1.327,NaN,NaN,NaN,NaN,NaN,NaN,NaN,NaN,NaN,NaN,NaN
2005,695,7324.000,8.291,1.678,-0.100,-0.017,0.922,0.984,574,0,3.637,1.818,302.000,242.000,399.000,500.000,8.320,1.680,-1.290,0.770,0.550,1.660,-0.048
2006,723,7324.000,25.948,-7.804,0.041,-0.072,0.772,0.953,574,0,2.118,4.938,1005.000,205.000,1041.000,286.000,25.910,-7.750,-1.300,0.880,0.550,1.740,2.073
2007,785,7324.000,25.657,-6.367,0.051,-0.068,0.637,0.934,574,0,0.809,4.914,940.000,199.000,963.000,291.000,25.650,-6.310,-1.180,0.780,0.640,1.640,-0.772
2008,849,7324.000,17.483,-1.966,-0.166,0.170,0.135,NaN,574,0,-1.743,-1.282,759.000,200.000,788.000,260.000,NaN,NaN,NaN,NaN,NaN,NaN,NaN
2009,976,7324.000,27.056,-5.577,0.050,-0.072,0.408,0.726,574,0,-0.815,0.760,885.000,204.000,914.000,273.000,27.020,-5.540,-1.440,0.760,0.610,1.670,-0.407
2010,993,7324.000,26.801,-7.026,0.022,-0.106,0.560,NaN,574,0,0.715,-1.327,958.000,205.000,978.000,283.000,NaN,NaN,NaN,NaN,NaN,NaN,NaN
2011,1049,7324.000,27.173,-4.484,0.020,-0.018,0.415,0.041,574,0,-0.813,-1.508,829.000,203.000,859.000,286.000,27.200,-4.440,-1.350,0.770,0.470,1.730,2.506
2012,290,7325.000,29.846,-7.096,0.133,-0.017,NaN,NaN,575,0,-2.653,-1.327,NaN,NaN,NaN,NaN,NaN,NaN,NaN,NaN,NaN,NaN,NaN
2013,489,7325.000,32.975,-8.975,0.233,-0.180,NaN,NaN,575,0,-0.545,-1.327,NaN,NaN,NaN,NaN,NaN,NaN,NaN,NaN,NaN,NaN,NaN
2014,695,7325.000,8.195,1.648,-0.099,-0.022,0.916,0.986,575,0,3.637,1.818,301.000,246.000,398.000,505.000,8.200,1.640,-1.320,0.850,0.500,1.680,0.213
2015,723,7325.000,25.991,-7.864,0.043,-0.069,0.791,0.993,575,0,2.294,4.938,1004.000,206.000,1042.000,286.000,26.010,-7.860,-1.300,0.870,0.470,1.690,2.211
2016,785,7325.000,25.693,-6.417,0.049,-0.063,0.649,0.832,575,0,0.873,1.475,942.000,199.000,967.000,290.000,25.680,-6.390,-1.180,0.780,0.700,1.610,-0.494
2017,849,7325.000,17.318,-1.796,-0.165,0.170,NaN,NaN,575,0,-2.575,-1.288,NaN,NaN,NaN,NaN,NaN,NaN,NaN,NaN,NaN,NaN,NaN
2018,976,7325.000,27.103,-5.657,0.047,-0.075,0.623,0.860,575,0,0.469,1.795,888.000,205.000,914.000,272.000,27.070,-5.680,-1.460,0.830,0.570,1.700,-0.017
2019,993,7325.000,26.858,-7.109,0.027,-0.098,0.585,0.038,575,0,0.327,-1.518,960.000,202.000,981.000,282.000,26.890,-7.010,-1.100,0.710,0.620,1.700,-0.484
2020,1049,7325.000,27.204,-4.568,0.023,-0.038,0.042,NaN,575,0,-2.687,-1.320,833.000,206.000,858.000,265.000,NaN,NaN,NaN,NaN,NaN,NaN,NaN
2021,290,7326.000,29.980,-7.113,0.133,-0.017,NaN,NaN,576,0,0.120,-1.327,NaN,NaN,NaN,NaN,NaN,NaN,NaN,NaN,NaN,NaN,NaN
2022,489,7326.000,33.208,-9.154,0.233,-0.179,NaN,NaN,576,0,-0.545,-1.327,NaN,NaN,NaN,NaN,NaN,NaN,NaN,NaN,NaN,NaN,NaN
2023,695,7326.000,8.094,1.633,-0.100,-0.020,0.909,NaN,576,0,3.378,-1.327,299.000,250.000,397.000,513.000,NaN,NaN,NaN,NaN,NaN,NaN,NaN
2024,723,7326.000,26.028,-7.955,0.041,-0.071,0.104,NaN,576,0,-1.826,-1.326,1010.000,205.000,1045.000,284.000,NaN,NaN,NaN,NaN,NaN,NaN,NaN
2025,785,7326.000,25.728,-6.520,0.046,-0.074,0.823,NaN,576,0,4.311,-1.326,942.000,201.000,980.000,289.000,NaN,NaN,NaN,NaN,NaN,NaN,NaN
2026,849,7326.000,16.943,-1.616,-0.169,0.166,0.739,NaN,576,0,2.746,-1.307,728.000,200.000,772.000,266.000,NaN,NaN,NaN,NaN,NaN,NaN,NaN
2027,976,7326.000,27.148,-5.785,0.045,-0.089,0.567,NaN,576,0,0.787,-1.312,892.000,205.000,921.000,273.000,NaN,NaN,NaN,NaN,NaN,NaN,NaN
2028,993,7326.000,26.879,-7.182,0.033,-0.093,0.333,NaN,576,0,-0.741,-1.327,965.000,205.000,984.000,279.000,NaN,NaN,NaN,NaN,NaN,NaN,NaN
2029,1049,7326.000,27.227,-4.606,0.023,-0.039,NaN,NaN,576,0,-2.618,-1.309,NaN,NaN,NaN,NaN,NaN,NaN,NaN,NaN,NaN,NaN,NaN
2030,290,7327.000,30.258,-6.473,0.151,0.064,0.076,NaN,577,0,-2.180,-1.327,895.000,208.000,913.000,264.000,NaN,NaN,NaN,NaN,NaN,NaN,NaN
2031,489,7327.000,33.441,-9.335,0.233,-0.181,NaN,NaN,577,0,-0.750,-1.327,NaN,NaN,NaN,NaN,NaN,NaN,NaN,NaN,NaN,NaN,NaN
2032,695,7327.000,8.037,1.619,-0.087,-0.019,0.913,0.970,577,0,3.637,1.818,299.000,250.000,398.000,519.000,8.040,1.620,-1.340,0.850,0.470,1.720,0.062
2033,723,7327.000,26.124,-8.028,0.055,-0.070,0.694,0.680,577,0,1.231,0.559,1021.000,203.000,1045.000,282.000,26.140,-8.040,-1.290,0.720,0.710,1.780,-0.934
2034,785,7327.000,25.742,-6.554,0.039,-0.063,0.816,0.996,577,0,2.747,4.938,943.000,200.000,984.000,288.000,25.710,-6.500,-1.190,0.890,0.510,1.800,2.293
2035,849,7327.000,16.691,-1.479,-0.176,0.156,0.757,NaN,577,0,3.077,-1.319,719.000,201.000,764.000,275.000,NaN,NaN,NaN,NaN,NaN,NaN,NaN
2036,976,7327.000,27.193,-5.850,0.043,-0.082,0.586,0.802,577,0,0.327,1.054,895.000,207.000,926.000,274.000,27.210,-5.780,-1.390,0.690,0.680,1.630,-0.538
2037,993,7327.000,26.899,-7.233,0.034,-0.082,0.371,0.241,577,0,-0.958,-0.758,968.000,205.000,989.000,278.000,26.920,-7.080,-1.270,0.860,0.560,1.830,-1.175
2038,1049,7327.000,27.250,-4.646,0.023,-0.040,NaN,NaN,577,0,-2.605,-1.302,NaN,NaN,NaN,NaN,NaN,NaN,NaN,NaN,NaN,NaN,NaN
2039,290,7328.000,30.393,-6.455,0.145,0.058,0.026,NaN,578,0,-2.751,-1.296,896.000,209.000,913.000,263.000,NaN,NaN,NaN,NaN,NaN,NaN,NaN
2040,489,7328.000,33.673,-9.516,0.233,-0.181,NaN,NaN,578,0,-2.654,-1.327,NaN,NaN,NaN,NaN,NaN,NaN,NaN,NaN,NaN,NaN,NaN
2041,695,7328.000,7.897,1.609,-0.105,-0.018,0.916,0.754,578,0,3.637,1.268,298.000,248.000,399.000,518.000,7.860,1.610,-1.350,0.930,0.480,1.700,-0.338
2042,723,7328.000,26.220,-8.108,0.062,-0.070,0.659,0.624,578,0,0.944,0.352,1024.000,204.000,1049.000,282.000,26.250,-8.120,-1.300,0.770,0.640,1.740,-0.728
2043,785,7328.000,25.823,-6.633,0.048,-0.067,0.765,0.945,578,0,2.118,4.938,944.000,199.000,985.000,287.000,25.870,-6.670,-1.230,0.780,0.650,1.700,-0.730
2044,849,7328.000,16.474,-1.352,-0.179,0.149,0.033,NaN,578,0,-2.807,-1.323,712.000,198.000,750.000,258.000,NaN,NaN,NaN,NaN,NaN,NaN,NaN
2045,976,7328.000,27.292,-5.945,0.054,-0.083,0.598,0.002,578,0,0.377,-1.600,896.000,204.000,928.000,276.000,27.380,-5.960,-1.350,0.830,0.510,1.740,1.136
2046,993,7328.000,26.960,-7.243,0.042,-0.061,0.535,0.001,578,0,0.032,-1.624,970.000,192.000,991.000,280.000,27.020,-7.050,-1.330,1.830,0.490,1.710,-0.490
2047,1049,7328.000,27.274,-4.735,0.021,-0.052,0.028,NaN,578,0,-3.006,-1.286,846.000,201.000,857.000,240.000,NaN,NaN,NaN,NaN,NaN,NaN,NaN
2048,290,7329.000,30.415,-6.519,0.126,0.018,0.046,NaN,579,0,-2.242,-1.296,901.000,211.000,914.000,272.000,NaN,NaN,NaN,NaN,NaN,NaN,NaN
2049,489,7329.000,33.906,-9.696,0.232,-0.180,NaN,NaN,579,0,-2.654,-1.327,NaN,NaN,NaN,NaN,NaN,NaN,NaN,NaN,NaN,NaN,NaN
2050,695,7329.000,7.799,1.592,-0.103,-0.019,0.933,NaN,579,0,3.378,-1.327,296.000,246.000,402.000,517.000,NaN,NaN,NaN,NaN,NaN,NaN,NaN
2051,723,7329.000,26.256,-8.277,0.057,-0.091,0.644,NaN,579,0,1.407,-1.326,1029.000,204.000,1052.000,278.000,NaN,NaN,NaN,NaN,NaN,NaN,NaN
2052,785,7329.000,25.866,-6.749,0.048,-0.078,0.673,NaN,579,0,1.916,-1.327,953.000,198.000,988.000,286.000,NaN,NaN,NaN,NaN,NaN,NaN,NaN
2053,849,7329.000,16.740,-1.373,-0.181,0.122,0.041,NaN,579,0,-2.431,-1.324,721.000,198.000,752.000,277.000,NaN,NaN,NaN,NaN,NaN,NaN,NaN
2054,976,7329.000,27.342,-6.049,0.053,-0.089,0.641,NaN,579,0,1.407,-1.308,900.000,205.000,931.000,277.000,NaN,NaN,NaN,NaN,NaN,NaN,NaN
2055,993,7329.000,26.977,-7.380,0.036,-0.083,0.368,NaN,579,0,-0.535,-1.327,976.000,205.000,994.000,282.000,NaN,NaN,NaN,NaN,NaN,NaN,NaN
2056,1049,7329.000,27.024,-4.931,-0.030,-0.131,0.516,NaN,579,0,0.383,-1.244,864.000,198.000,880.000,261.000,NaN,NaN,NaN,NaN,NaN,NaN,NaN
2057,290,7330.000,30.642,-6.361,0.136,0.073,0.030,NaN,580,0,-3.027,-1.296,851.000,199.000,883.000,236.000,NaN,NaN,NaN,NaN,NaN,NaN,NaN
2058,489,7330.000,35.415,-10.213,0.353,-0.218,NaN,0.010,580,0,-4.676,-2.338,986.000,201.000,1017.000,264.000,35.680,-10.220,-1.240,1.700,0.490,1.630,-0.422
2059,695,7330.000,7.657,1.544,-0.115,-0.028,0.924,0.601,580,0,3.637,0.487,295.000,248.000,408.000,528.000,7.640,1.540,-1.350,1.030,0.460,1.820,-2.805
2060,723,7330.000,26.274,-8.342,0.051,-0.085,0.613,0.763,580,0,0.658,1.024,1030.000,205.000,1057.000,278.000,26.250,-8.310,-1.300,0.750,0.600,1.580,-0.207
2061,785,7330.000,25.911,-6.809,0.046,-0.073,0.699,0.999,580,0,1.367,4.938,961.000,195.000,993.000,283.000,25.900,-6.790,-1.210,0.730,0.620,1.680,-0.533
2062,849,7330.000,16.559,-1.252,-0.181,0.121,NaN,NaN,580,0,-2.697,-1.325,NaN,NaN,NaN,NaN,NaN,NaN,NaN,NaN,NaN,NaN,NaN
2063,976,7330.000,27.388,-6.106,0.052,-0.081,0.617,0.043,580,0,0.469,-1.501,911.000,204.000,937.000,277.000,27.380,-6.050,-1.290,0.780,0.580,1.580,-0.618
2064,993,7330.000,26.960,-7.427,0.023,-0.072,0.071,0.259,580,0,-2.590,-0.697,980.000,205.000,995.000,280.000,26.930,-7.310,-1.270,0.750,0.650,1.730,1.113
2065,1049,7330.000,26.859,-5.068,-0.048,-0.143,0.173,NaN,580,0,-1.467,-1.196,864.000,199.000,883.000,258.000,NaN,NaN,NaN,NaN,NaN,NaN,NaN
2066,290,7331.000,30.412,-6.145,0.116,0.124,0.109,NaN,581,0,-1.962,-1.317,878.000,204.000,891.000,258.000,NaN,NaN,NaN,NaN,NaN,NaN,NaN
2067,489,7331.000,35.763,-10.048,0.355,-0.156,0.036,NaN,581,0,-2.435,-1.327,984.000,203.000,1001.000,265.000,NaN,NaN,NaN,NaN,NaN,NaN,NaN
2068,695,7331.000,7.523,1.508,-0.119,-0.029,0.928,0.956,581,0,3.637,1.818,294.000,250.000,409.000,533.000,7.510,1.510,-1.370,0.830,0.580,1.730,0.019
2069,723,7331.000,26.323,-8.423,0.051,-0.085,0.691,NaN,581,0,1.982,-1.326,1031.000,206.000,1058.000,280.000,NaN,NaN,NaN,NaN,NaN,NaN,NaN
2070,785,7331.000,25.971,-6.904,0.049,-0.079,0.706,0.986,581,0,1.516,4.938,964.000,191.000,998.000,286.000,25.980,-6.940,-1.180,0.810,0.650,1.830,-0.635
2071,849,7331.000,16.378,-1.132,-0.181,0.121,NaN,NaN,581,0,-2.650,-1.325,NaN,NaN,NaN,NaN,NaN,NaN,NaN,NaN,NaN,NaN,NaN
2072,976,7331.000,27.395,-6.185,0.043,-0.080,0.739,0.734,581,0,1.619,0.760,914.000,203.000,940.000,277.000,27.350,-6.200,-1.290,0.800,0.580,1.600,0.084
2073,993,7331.000,26.983,-7.499,0.024,-0.071,0.026,NaN,581,0,-2.281,-1.327,978.000,200.000,1000.000,283.000,NaN,NaN,NaN,NaN,NaN,NaN,NaN
2074,1049,7331.000,26.811,-5.211,-0.049,-0.142,NaN,NaN,581,0,-2.581,-1.291,NaN,NaN,NaN,NaN,NaN,NaN,NaN,NaN,NaN,NaN,NaN
2075,290,7332.000,30.447,-5.982,0.111,0.136,0.738,NaN,582,0,2.746,-1.321,865.000,200.000,891.000,263.000,NaN,NaN,NaN,NaN,NaN,NaN,NaN
2076,489,7332.000,36.117,-10.203,0.355,-0.155,NaN,NaN,582,0,-0.350,-1.325,NaN,NaN,NaN,NaN,NaN,NaN,NaN,NaN,NaN,NaN,NaN
2077,695,7332.000,7.404,1.478,-0.118,-0.030,0.917,NaN,582,0,3.262,-1.327,294.000,259.000,414.000,542.000,NaN,NaN,NaN,NaN,NaN,NaN,NaN
2078,723,7332.000,26.367,-8.529,0.050,-0.092,0.678,NaN,582,0,1.846,-1.326,1036.000,206.000,1066.000,268.000,NaN,NaN,NaN,NaN,NaN,NaN,NaN
2079,785,7332.000,26.062,-6.349,0.048,0.042,0.139,NaN,582,0,-1.997,-1.327,937.000,202.000,945.000,223.000,NaN,NaN,NaN,NaN,NaN,NaN,NaN
2080,849,7332.000,16.214,-0.954,-0.178,0.135,0.731,NaN,582,0,2.590,-1.324,672.000,201.000,720.000,279.000,NaN,NaN,NaN,NaN,NaN,NaN,NaN
2081,976,7332.000,27.439,-6.265,0.044,-0.080,NaN,NaN,582,0,-2.643,-1.321,NaN,NaN,NaN,NaN,NaN,NaN,NaN,NaN,NaN,NaN,NaN
2082,993,7332.000,27.014,-7.524,0.026,-0.055,0.800,NaN,582,0,4.010,-1.327,969.000,193.000,1001.000,288.000,NaN,NaN,NaN,NaN,NaN,NaN,NaN
2083,1049,7332.000,26.763,-5.353,-0.048,-0.142,NaN,NaN,582,0,-2.669,-1.311,NaN,NaN,NaN,NaN,NaN,NaN,NaN,NaN,NaN,NaN,NaN
2084,290,7333.000,30.558,-5.846,0.111,0.135,NaN,NaN,583,0,-0.348,-1.316,NaN,NaN,NaN,NaN,NaN,NaN,NaN,NaN,NaN,NaN,NaN
2085,489,7333.000,36.163,-10.721,0.346,-0.231,0.053,NaN,583,0,-2.991,-1.323,1017.000,204.000,1026.000,219.000,NaN,NaN,NaN,NaN,NaN,NaN,NaN
2086,695,7333.000,7.333,1.472,-0.102,-0.022,0.930,0.807,583,0,3.493,1.679,296.000,263.000,417.000,556.000,7.360,1.480,-1.370,0.790,0.590,1.600,-0.251
2087,723,7333.000,26.443,-8.588,0.056,-0.081,0.644,0.703,583,0,0.809,0.683,1040.000,205.000,1067.000,275.000,26.500,-8.520,-1.310,0.660,0.650,1.800,-0.635
2088,785,7333.000,26.112,-6.322,0.049,0.032,0.028,0.689,583,0,-3.011,0.615,990.000,195.000,1008.000,270.000,26.070,-7.020,-1.170,0.750,0.750,1.730,0.615
2089,849,7333.000,16.035,-0.818,-0.179,0.136,NaN,NaN,583,0,-2.802,-1.320,NaN,NaN,NaN,NaN,NaN,NaN,NaN,NaN,NaN,NaN,NaN
2090,976,7333.000,27.464,-6.314,0.041,-0.075,0.689,0.817,583,0,0.979,1.224,917.000,203.000,945.000,279.000,27.450,-6.280,-1.260,0.680,0.730,1.600,-0.424
2091,993,7333.000,27.034,-7.522,0.027,-0.037,0.816,0.072,583,0,2.448,-1.295,971.000,194.000,1005.000,285.000,27.050,-7.370,-1.160,0.910,0.490,1.690,1.594
2092,1049,7333.000,27.848,-5.521,0.055,-0.125,0.609,0.002,583,0,0.192,-1.679,867.000,200.000,892.000,257.000,27.950,-5.360,-1.410,1.780,0.610,1.880,-0.796
2093,290,7334.000,30.671,-5.711,0.112,0.135,NaN,NaN,584,0,-0.628,-1.311,NaN,NaN,NaN,NaN,NaN,NaN,NaN,NaN,NaN,NaN,NaN
2094,489,7334.000,36.440,-10.947,0.342,-0.242,0.042,NaN,584,0,-3.178,-1.327,1017.000,204.000,1025.000,220.000,NaN,NaN,NaN,NaN,NaN,NaN,NaN
2095,695,7334.000,7.193,1.436,-0.113,-0.027,0.924,0.752,584,0,3.493,1.203,297.000,263.000,418.000,557.000,7.170,1.420,-1.420,0.880,0.590,1.710,-0.313
2096,723,7334.000,26.486,-8.625,0.054,-0.068,0.658,0.079,584,0,0.944,-1.159,1042.000,205.000,1067.000,276.000,26.480,-8.540,-1.180,0.850,0.520,1.820,2.179
2097,785,7334.000,26.165,-6.362,0.051,0.012,0.800,0.681,584,0,2.415,0.559,973.000,193.000,1009.000,283.000,26.100,-7.150,-1.230,0.760,0.630,1.720,-0.405
2098,849,7334.000,15.855,-0.681,-0.180,0.137,NaN,NaN,584,0,-2.631,-1.316,NaN,NaN,NaN,NaN,NaN,NaN,NaN,NaN,NaN,NaN,NaN
2099,976,7334.000,27.482,-6.377,0.036,-0.072,0.648,0.994,584,0,0.635,6.369,918.000,203.000,947.000,278.000,27.460,-6.350,-1.350,0.750,0.610,1.610,-0.076
2100,993,7334.000,27.058,-7.559,0.025,-0.037,NaN,NaN,584,0,-2.653,-1.327,NaN,NaN,NaN,NaN,NaN,NaN,NaN,NaN,NaN,NaN,NaN
2101,1049,7334.000,27.941,-5.569,0.066,-0.107,0.606,0.004,584,0,0.192,-1.674,867.000,199.000,894.000,257.000,28.020,-5.410,-1.270,0.650,0.490,1.730,2.233
2102,290,7335.000,30.782,-5.575,0.111,0.136,NaN,NaN,585,0,-0.866,-1.289,NaN,NaN,NaN,NaN,NaN,NaN,NaN,NaN,NaN,NaN,NaN
2103,489,7335.000,36.821,-11.165,0.348,-0.223,0.030,NaN,585,0,-2.536,-1.325,982.000,218.000,1016.000,281.000,NaN,NaN,NaN,NaN,NaN,NaN,NaN
2104,695,7335.000,7.086,1.402,-0.112,-0.029,0.925,NaN,585,0,3.262,-1.327,301.000,260.000,422.000,557.000,NaN,NaN,NaN,NaN,NaN,NaN,NaN
2105,723,7335.000,26.541,-8.697,0.054,-0.070,0.757,NaN,585,0,3.077,-1.322,1043.000,203.000,1066.000,266.000,NaN,NaN,NaN,NaN,NaN,NaN,NaN
2106,785,7335.000,26.225,-6.338,0.056,0.016,0.731,NaN,585,0,2.590,-1.326,922.000,203.000,952.000,276.000,NaN,NaN,NaN,NaN,NaN,NaN,NaN
2107,849,7335.000,15.680,-0.560,-0.180,0.133,0.703,NaN,585,0,2.128,-1.315,644.000,201.000,696.000,279.000,NaN,NaN,NaN,NaN,NaN,NaN,NaN
2108,976,7335.000,27.519,-6.448,0.037,-0.071,NaN,NaN,585,0,-2.652,-1.326,NaN,NaN,NaN,NaN,NaN,NaN,NaN,NaN,NaN,NaN,NaN
2109,993,7335.000,27.078,-7.617,0.023,-0.043,0.762,NaN,585,0,3.236,-1.327,972.000,195.000,1017.000,284.000,NaN,NaN,NaN,NaN,NaN,NaN,NaN
2110,1049,7335.000,28.024,-5.620,0.071,-0.094,0.579,NaN,585,0,0.862,-1.315,871.000,197.000,898.000,265.000,NaN,NaN,NaN,NaN,NaN,NaN,NaN
2111,290,7336.000,30.893,-5.439,0.111,0.136,NaN,NaN,586,0,-0.878,-1.203,NaN,NaN,NaN,NaN,NaN,NaN,NaN,NaN,NaN,NaN,NaN
2112,489,7336.000,37.169,-11.387,0.348,-0.222,NaN,NaN,586,0,-2.635,-1.318,NaN,NaN,NaN,NaN,NaN,NaN,NaN,NaN,NaN,NaN,NaN
2113,695,7336.000,6.921,1.358,-0.126,-0.036,0.921,0.429,586,0,3.493,-0.090,301.000,257.000,423.000,563.000,6.900,1.350,-1.370,0.820,0.500,1.720,-2.595
2114,723,7336.000,26.580,-8.786,0.051,-0.072,0.535,NaN,586,0,0.468,-1.316,1046.000,203.000,1073.000,268.000,NaN,NaN,NaN,NaN,NaN,NaN,NaN
2115,785,7336.000,26.265,-6.428,0.051,-0.030,0.793,0.973,586,0,2.294,4.938,974.000,195.000,1022.000,286.000,26.210,-7.220,-1.190,0.750,0.600,1.660,-0.769
2116,849,7336.000,15.500,-0.425,-0.180,0.135,NaN,NaN,586,0,-2.643,-1.321,NaN,NaN,NaN,NaN,NaN,NaN,NaN,NaN,NaN,NaN,NaN
2117,976,7336.000,27.552,-6.494,0.036,-0.067,0.790,0.997,586,0,1.716,7.239,926.000,204.000,956.000,277.000,27.540,-6.490,-1.310,0.770,0.550,1.620,-0.358
2118,993,7336.000,27.100,-7.660,0.022,-0.043,NaN,NaN,586,0,-2.653,-1.327,NaN,NaN,NaN,NaN,NaN,NaN,NaN,NaN,NaN,NaN,NaN
2119,1049,7336.000,28.119,-5.669,0.079,-0.083,0.619,0.035,586,0,0.236,-1.629,878.000,196.000,907.000,266.000,28.190,-5.550,-1.230,0.870,0.540,1.780,-0.956
2120,290,7337.000,31.004,-5.303,0.111,0.136,NaN,NaN,587,0,-0.702,-1.173,NaN,NaN,NaN,NaN,NaN,NaN,NaN,NaN,NaN,NaN,NaN
2121,489,7337.000,37.296,-11.944,0.306,-0.349,0.186,NaN,587,0,-1.301,-1.303,1049.000,204.000,1066.000,269.000,NaN,NaN,NaN,NaN,NaN,NaN,NaN
2122,695,7337.000,6.775,1.325,-0.132,-0.037,0.916,0.971,587,0,3.493,1.747,302.000,260.000,424.000,572.000,6.760,1.330,-1.370,0.820,0.530,1.670,0.339
2123,723,7337.000,26.637,-8.872,0.050,-0.076,0.512,0.002,587,0,-0.162,-1.592,1049.000,204.000,1083.000,281.000,26.640,-8.900,-1.690,0.780,0.450,1.680,-1.676
2124,785,7337.000,26.316,-6.457,0.050,-0.029,NaN,NaN,587,0,-2.814,-1.326,NaN,NaN,NaN,NaN,NaN,NaN,NaN,NaN,NaN,NaN,NaN
2125,849,7337.000,15.320,-0.291,-0.180,0.134,NaN,NaN,587,0,-2.650,-1.325,NaN,NaN,NaN,NaN,NaN,NaN,NaN,NaN,NaN,NaN,NaN
2126,976,7337.000,27.610,-6.580,0.040,-0.070,0.804,0.993,587,0,1.827,7.239,927.000,204.000,958.000,277.000,27.650,-6.620,-1.320,0.780,0.570,1.620,-0.329
2127,993,7337.000,26.454,-7.521,-0.104,-0.013,0.827,0.822,587,0,2.951,1.373,974.000,197.000,1020.000,286.000,26.230,-7.400,-1.210,0.940,0.660,1.880,-1.112
2128,1049,7337.000,28.194,-5.729,0.077,-0.078,0.646,0.970,587,0,0.403,7.239,879.000,197.000,908.000,270.000,28.200,-5.690,-1.230,0.770,0.670,1.710,-0.634
2129,290,7338.000,31.115,-5.168,0.111,0.135,NaN,NaN,588,0,-0.336,-1.273,NaN,NaN,NaN,NaN,NaN,NaN,NaN,NaN,NaN,NaN,NaN
2130,489,7338.000,37.601,-12.293,0.305,-0.349,NaN,NaN,588,0,-2.384,-1.192,NaN,NaN,NaN,NaN,NaN,NaN,NaN,NaN,NaN,NaN,NaN
2131,695,7338.000,6.644,1.286,-0.131,-0.038,0.910,NaN,588,0,3.146,-1.327,299.000,265.000,425.000,582.000,NaN,NaN,NaN,NaN,NaN,NaN,NaN
2132,723,7338.000,26.674,-8.985,0.047,-0.087,0.706,NaN,588,0,2.280,-1.295,1053.000,206.000,1087.000,280.000,NaN,NaN,NaN,NaN,NaN,NaN,NaN
2133,785,7338.000,26.376,-6.483,0.052,-0.028,0.792,NaN,588,0,3.665,-1.326,931.000,202.000,962.000,279.000,NaN,NaN,NaN,NaN,NaN,NaN,NaN
2134,976,7338.000,27.652,-6.649,0.042,-0.069,NaN,NaN,588,0,-2.652,-1.326,NaN,NaN,NaN,NaN,NaN,NaN,NaN,NaN,NaN,NaN,NaN
2135,993,7338.000,26.333,-7.550,-0.107,-0.016,0.833,NaN,588,0,4.413,-1.327,980.000,197.000,1023.000,286.000,NaN,NaN,NaN,NaN,NaN,NaN,NaN
2136,1049,7338.000,28.267,-5.839,0.074,-0.087,0.674,NaN,588,0,1.724,-1.320,881.000,198.000,913.000,273.000,NaN,NaN,NaN,NaN,NaN,NaN,NaN
2137,290,7339.000,31.226,-5.035,0.111,0.134,NaN,NaN,589,0,-2.632,-1.316,NaN,NaN,NaN,NaN,NaN,NaN,NaN,NaN,NaN,NaN,NaN
2138,489,7339.000,37.906,-12.643,0.305,-0.350,NaN,NaN,589,0,-2.365,-1.183,NaN,NaN,NaN,NaN,NaN,NaN,NaN,NaN,NaN,NaN,NaN
2139,695,7339.000,6.555,1.245,-0.116,-0.039,0.927,0.995,589,0,3.493,1.747,302.000,274.000,427.000,596.000,6.590,1.250,-1.390,0.790,0.590,1.690,0.308
2140,723,7339.000,26.797,-9.099,0.057,-0.091,0.807,0.032,589,0,2.259,-1.537,1054.000,206.000,1089.000,281.000,26.860,-9.130,-1.400,0.890,0.500,1.700,1.618
2141,785,7339.000,26.429,-6.510,0.053,-0.027,NaN,NaN,589,0,-0.070,-1.326,NaN,NaN,NaN,NaN,NaN,NaN,NaN,NaN,NaN,NaN,NaN
2142,976,7339.000,27.720,-6.725,0.048,-0.071,0.735,0.916,589,0,1.358,7.239,935.000,202.000,966.000,277.000,27.750,-6.740,-1.300,0.750,0.570,1.610,-0.572
2143,993,7339.000,26.242,-7.567,-0.107,-0.018,0.820,0.999,589,0,2.747,4.938,990.000,195.000,1029.000,285.000,26.320,-7.590,-1.180,0.770,0.640,1.860,0.263
2144,1049,7339.000,28.341,-5.926,0.074,-0.087,NaN,NaN,589,0,-2.258,-1.317,NaN,NaN,NaN,NaN,NaN,NaN,NaN,NaN,NaN,NaN,NaN
2145,290,7340.000,31.337,-4.902,0.111,0.132,NaN,NaN,590,0,-2.643,-1.321,NaN,NaN,NaN,NaN,NaN,NaN,NaN,NaN,NaN,NaN,NaN
2146,489,7340.000,38.210,-12.995,0.304,-0.351,NaN,NaN,590,0,-2.155,-1.077,NaN,NaN,NaN,NaN,NaN,NaN,NaN,NaN,NaN,NaN,NaN
2147,695,7340.000,6.412,1.222,-0.126,-0.032,0.915,0.896,590,0,3.353,1.677,304.000,275.000,428.000,602.000,6.400,1.230,-1.400,0.780,0.640,1.690,0.514
2148,723,7340.000,26.864,-9.183,0.060,-0.090,0.724,0.256,590,0,1.397,-0.684,1055.000,206.000,1090.000,282.000,26.860,-9.170,-1.360,0.920,0.540,1.760,2.178
2149,785,7340.000,26.483,-6.538,0.053,-0.028,NaN,NaN,590,0,-0.304,-1.326,NaN,NaN,NaN,NaN,NaN,NaN,NaN,NaN,NaN,NaN,NaN
2150,976,7340.000,27.821,-6.810,0.060,-0.074,0.764,0.636,590,0,1.502,0.170,937.000,203.000,968.000,278.000,27.880,-6.840,-1.310,0.740,0.690,1.670,0.044
2151,993,7340.000,26.271,-7.620,-0.082,-0.033,0.680,0.937,590,0,1.117,4.938,996.000,194.000,1032.000,285.000,26.380,-7.690,-1.180,0.830,0.490,1.770,-0.921
2152,1049,7340.000,28.380,-5.982,0.068,-0.080,0.705,0.652,590,0,0.863,0.202,885.000,199.000,914.000,269.000,28.360,-5.950,-1.270,0.810,0.500,1.720,2.001
2153,290,7341.000,31.449,-4.769,0.112,0.133,NaN,NaN,591,0,-2.642,-1.321,NaN,NaN,NaN,NaN,NaN,NaN,NaN,NaN,NaN,NaN,NaN
2154,489,7341.000,38.514,-13.346,0.304,-0.352,NaN,NaN,591,0,-0.108,-1.217,NaN,NaN,NaN,NaN,NaN,NaN,NaN,NaN,NaN,NaN,NaN
2155,695,7341.000,6.287,1.189,-0.127,-0.032,0.914,NaN,591,0,3.034,-1.327,310.000,275.000,433.000,602.000,NaN,NaN,NaN,NaN,NaN,NaN,NaN
2156,723,7341.000,26.919,-9.297,0.061,-0.099,0.622,NaN,591,0,1.205,-1.313,1067.000,204.000,1091.000,280.000,NaN,NaN,NaN,NaN,NaN,NaN,NaN
2157,785,7341.000,26.537,-6.565,0.054,-0.027,NaN,NaN,591,0,-2.652,-1.326,NaN,NaN,NaN,NaN,NaN,NaN,NaN,NaN,NaN,NaN,NaN
2158,976,7341.000,27.856,-6.953,0.058,-0.088,0.785,NaN,591,0,3.460,-1.326,939.000,204.000,972.000,275.000,NaN,NaN,NaN,NaN,NaN,NaN,NaN
2159,993,7341.000,26.139,-7.731,-0.093,-0.056,0.703,NaN,591,0,2.315,-1.327,1004.000,195.000,1029.000,284.000,NaN,NaN,NaN,NaN,NaN,NaN,NaN
2160,1049,7341.000,28.445,-6.068,0.067,-0.082,0.538,NaN,591,0,0.556,-1.299,891.000,199.000,918.000,272.000,NaN,NaN,NaN,NaN,NaN,NaN,NaN
2161,290,7342.000,31.561,-4.638,0.111,0.132,NaN,NaN,592,0,-0.223,-1.319,NaN,NaN,NaN,NaN,NaN,NaN,NaN,NaN,NaN,NaN,NaN
2162,489,7342.000,38.819,-13.698,0.305,-0.352,NaN,NaN,592,0,0.468,-1.295,NaN,NaN,NaN,NaN,NaN,NaN,NaN,NaN,NaN,NaN,NaN
2163,695,7342.000,6.201,1.170,-0.114,-0.026,0.911,0.398,592,0,3.353,-0.235,312.000,273.000,440.000,605.000,6.210,1.170,-1.350,0.890,0.490,1.710,-2.776
2164,723,7342.000,26.968,-9.378,0.056,-0.094,0.747,0.922,592,0,1.698,6.369,1069.000,203.000,1093.000,282.000,26.970,-9.340,-1.260,0.640,0.610,1.650,-0.418
2165,785,7342.000,26.590,-6.592,0.053,-0.027,NaN,NaN,592,0,-2.652,-1.326,NaN,NaN,NaN,NaN,NaN,NaN,NaN,NaN,NaN,NaN,NaN
2166,976,7342.000,27.891,-7.016,0.053,-0.081,0.814,0.814,592,0,1.979,0.989,942.000,205.000,976.000,276.000,27.860,-6.970,-1.320,0.790,0.710,1.710,1.630
2167,993,7342.000,26.279,-7.839,-0.052,-0.066,0.810,0.609,592,0,2.567,0.329,1007.000,196.000,1034.000,283.000,26.390,-7.890,-1.220,0.780,0.590,1.770,-0.758
2168,1049,7342.000,28.465,-6.151,0.056,-0.082,0.744,0.208,592,0,1.358,-0.913,897.000,198.000,924.000,271.000,28.440,-6.170,-1.360,0.790,0.620,1.720,-0.708
2169,290,7343.000,31.674,-4.504,0.112,0.133,NaN,NaN,593,0,-2.636,-1.318,NaN,NaN,NaN,NaN,NaN,NaN,NaN,NaN,NaN,NaN,NaN
2170,489,7343.000,39.123,-14.050,0.304,-0.351,NaN,NaN,593,0,-0.268,-1.168,NaN,NaN,NaN,NaN,NaN,NaN,NaN,NaN,NaN,NaN,NaN
2171,695,7343.000,6.088,1.149,-0.113,-0.026,0.924,0.831,593,0,3.353,1.664,313.000,272.000,444.000,606.000,6.080,1.150,-1.380,0.820,0.600,1.690,0.064
2172,723,7343.000,27.018,-9.416,0.055,-0.079,0.749,0.857,593,0,1.698,1.795,1070.000,203.000,1096.000,283.000,27.020,-9.340,-1.240,1.070,0.440,1.870,2.186
2173,785,7343.000,26.643,-6.619,0.053,-0.027,NaN,NaN,593,0,-0.884,-1.326,NaN,NaN,NaN,NaN,NaN,NaN,NaN,NaN,NaN,NaN,NaN
2174,976,7343.000,27.993,-7.108,0.061,-0.082,0.794,0.093,593,0,1.716,-1.275,943.000,203.000,977.000,275.000,28.050,-7.130,-1.370,0.670,0.700,1.710,-0.793
2175,993,7343.000,26.368,-7.934,-0.024,-0.072,0.841,0.974,593,0,3.180,4.938,1007.000,196.000,1041.000,286.000,26.470,-8.000,-1.110,0.710,0.660,1.630,-0.008
2176,1049,7343.000,28.515,-6.208,0.055,-0.075,0.751,0.945,593,0,1.189,5.442,901.000,197.000,926.000,271.000,28.520,-6.170,-1.230,0.870,0.470,1.810,2.235
2177,290,7344.000,31.787,-4.370,0.114,0.134,NaN,NaN,594,0,-0.028,-1.318,NaN,NaN,NaN,NaN,NaN,NaN,NaN,NaN,NaN,NaN,NaN
2178,489,7344.000,39.428,-14.402,0.304,-0.352,NaN,NaN,594,0,-1.631,-1.105,NaN,NaN,NaN,NaN,NaN,NaN,NaN,NaN,NaN,NaN,NaN
2179,695,7344.000,5.978,1.111,-0.111,-0.031,0.920,NaN,594,0,2.927,-1.327,316.000,275.000,452.000,624.000,NaN,NaN,NaN,NaN,NaN,NaN,NaN
2180,723,7344.000,27.064,-9.515,0.052,-0.086,0.574,NaN,594,0,0.787,-1.326,1073.000,203.000,1101.000,282.000,NaN,NaN,NaN,NaN,NaN,NaN,NaN
2181,785,7344.000,26.696,-6.646,0.053,-0.027,NaN,NaN,594,0,-2.653,-1.326,NaN,NaN,NaN,NaN,NaN,NaN,NaN,NaN,NaN,NaN,NaN
2182,976,7344.000,28.054,-7.217,0.061,-0.089,0.800,NaN,594,0,3.866,-1.327,946.000,204.000,982.000,276.000,NaN,NaN,NaN,NaN,NaN,NaN,NaN
2183,993,7344.000,26.338,-8.043,-0.024,-0.082,0.787,NaN,594,0,3.821,-1.327,1007.000,196.000,1053.000,283.000,NaN,NaN,NaN,NaN,NaN,NaN,NaN
2184,1049,7344.000,28.564,-6.322,0.056,-0.084,0.723,NaN,594,0,2.434,-1.305,903.000,197.000,930.000,272.000,NaN,NaN,NaN,NaN,NaN,NaN,NaN
2185,290,7345.000,31.902,-4.236,0.115,0.135,NaN,NaN,595,0,-2.637,-1.319,NaN,NaN,NaN,NaN,NaN,NaN,NaN,NaN,NaN,NaN,NaN
2186,489,7345.000,39.734,-14.753,0.306,-0.352,NaN,NaN,595,0,0.012,-1.277,NaN,NaN,NaN,NaN,NaN,NaN,NaN,NaN,NaN,NaN,NaN
2187,695,7345.000,5.919,1.058,-0.094,-0.036,0.924,0.052,595,0,3.353,-1.009,320.000,285.000,463.000,638.000,5.940,1.040,-1.380,0.850,0.550,1.720,0.150
2188,723,7345.000,27.116,-9.590,0.053,-0.085,0.744,NaN,595,0,2.746,-1.327,1076.000,205.000,1102.000,282.000,NaN,NaN,NaN,NaN,NaN,NaN,NaN
2189,785,7345.000,26.749,-6.675,0.052,-0.029,NaN,NaN,595,0,-2.653,-1.326,NaN,NaN,NaN,NaN,NaN,NaN,NaN,NaN,NaN,NaN,NaN
2190,976,7345.000,28.094,-7.245,0.055,-0.074,0.784,0.089,595,0,1.633,-1.275,953.000,204.000,986.000,277.000,28.090,-7.150,-1.330,0.820,0.610,1.660,-0.639
2191,993,7345.000,26.459,-8.173,0.007,-0.088,0.817,0.600,595,0,2.448,0.189,1011.000,198.000,1054.000,285.000,26.570,-8.150,-1.110,0.700,0.750,1.620,-0.714
2192,1049,7345.000,28.624,-6.389,0.056,-0.080,0.691,0.228,595,0,0.497,-0.963,905.000,197.000,934.000,272.000,28.650,-6.360,-1.250,0.670,0.560,1.710,-0.354
2193,290,7346.000,32.017,-4.102,0.115,0.134,NaN,NaN,596,0,-2.634,-1.317,NaN,NaN,NaN,NaN,NaN,NaN,NaN,NaN,NaN,NaN,NaN
2194,489,7346.000,40.039,-15.106,0.305,-0.353,NaN,NaN,596,0,-0.116,-1.308,NaN,NaN,NaN,NaN,NaN,NaN,NaN,NaN,NaN,NaN,NaN
2195,695,7346.000,5.779,1.018,-0.110,-0.037,0.921,0.965,596,0,3.353,1.677,324.000,289.000,464.000,649.000,5.750,1.000,-1.380,0.780,0.620,1.630,0.120
2196,723,7346.000,27.174,-9.663,0.055,-0.083,0.773,NaN,596,0,3.261,-1.327,1077.000,206.000,1104.000,281.000,NaN,NaN,NaN,NaN,NaN,NaN,NaN
2197,785,7346.000,26.801,-6.705,0.052,-0.030,NaN,NaN,596,0,-2.653,-1.327,NaN,NaN,NaN,NaN,NaN,NaN,NaN,NaN,NaN,NaN,NaN
2198,976,7346.000,28.137,-7.326,0.054,-0.076,0.771,0.902,596,0,1.565,3.134,957.000,204.000,987.000,277.000,28.140,-7.340,-1.280,0.740,0.630,1.800,-0.415
2199,993,7346.000,26.548,-8.311,0.027,-0.091,0.741,0.653,596,0,1.619,0.317,1016.000,198.000,1054.000,283.000,26.610,-8.330,-1.200,0.760,0.620,1.730,-1.194
2200,1049,7346.000,28.692,-6.453,0.060,-0.075,0.621,0.168,596,0,0.007,-1.128,914.000,198.000,937.000,272.000,28.720,-6.420,-1.300,0.920,0.450,1.810,2.422
2201,290,7347.000,32.130,-3.969,0.113,0.133,NaN,NaN,597,0,-0.389,-1.315,NaN,NaN,NaN,NaN,NaN,NaN,NaN,NaN,NaN,NaN,NaN
2202,489,7347.000,40.344,-15.461,0.306,-0.354,NaN,NaN,597,0,-2.627,-1.314,NaN,NaN,NaN,NaN,NaN,NaN,NaN,NaN,NaN,NaN,NaN
2203,695,7347.000,5.671,0.968,-0.108,-0.042,0.914,NaN,597,0,2.825,-1.327,334.000,293.000,476.000,665.000,NaN,NaN,NaN,NaN,NaN,NaN,NaN
2204,723,7347.000,27.232,-9.735,0.055,-0.079,0.782,NaN,597,0,3.460,-1.327,1081.000,207.000,1105.000,281.000,NaN,NaN,NaN,NaN,NaN,NaN,NaN
2205,785,7347.000,26.853,-6.733,0.052,-0.029,NaN,NaN,597,0,-2.653,-1.327,NaN,NaN,NaN,NaN,NaN,NaN,NaN,NaN,NaN,NaN,NaN
2206,976,7347.000,28.172,-7.476,0.048,-0.091,0.767,NaN,597,0,3.261,-1.327,961.000,204.000,990.000,277.000,NaN,NaN,NaN,NaN,NaN,NaN,NaN
2207,993,7347.000,26.578,-8.424,0.026,-0.095,0.622,NaN,597,0,1.393,-1.326,1026.000,197.000,1057.000,282.000,NaN,NaN,NaN,NaN,NaN,NaN,NaN
2208,1049,7347.000,28.735,-6.605,0.054,-0.095,0.732,NaN,597,0,2.590,-1.321,916.000,198.000,940.000,272.000,NaN,NaN,NaN,NaN,NaN,NaN,NaN
2209,290,7348.000,32.242,-3.838,0.112,0.132,NaN,NaN,598,0,-2.623,-1.311,NaN,NaN,NaN,NaN,NaN,NaN,NaN,NaN,NaN,NaN,NaN
2210,489,7348.000,40.649,-15.816,0.306,-0.355,NaN,NaN,598,0,-0.881,-1.312,NaN,NaN,NaN,NaN,NaN,NaN,NaN,NaN,NaN,NaN,NaN
2211,695,7348.000,5.588,0.913,-0.098,-0.047,0.925,0.935,598,0,3.353,1.677,341.000,291.000,489.000,664.000,5.600,0.910,-1.460,0.810,0.620,1.750,-0.082
2212,723,7348.000,27.281,-9.814,0.052,-0.077,0.739,NaN,598,0,2.746,-1.326,1085.000,205.000,1108.000,281.000,NaN,NaN,NaN,NaN,NaN,NaN,NaN
2213,785,7348.000,26.904,-6.762,0.051,-0.028,NaN,NaN,598,0,-2.653,-1.327,NaN,NaN,NaN,NaN,NaN,NaN,NaN,NaN,NaN,NaN,NaN
2214,976,7348.000,28.189,-7.531,0.042,-0.083,0.763,0.224,598,0,1.502,-0.907,963.000,204.000,993.000,278.000,28.180,-7.450,-1.280,0.680,0.710,1.580,-0.061
2215,993,7348.000,26.660,-8.489,0.038,-0.084,0.527,0.751,598,0,-0.034,0.849,1031.000,196.000,1062.000,283.000,26.720,-8.400,-1.220,0.760,0.620,1.850,-0.742
2216,1049,7348.000,28.832,-6.663,0.063,-0.085,0.795,0.143,598,0,1.466,-1.227,916.000,199.000,943.000,273.000,28.880,-6.580,-1.070,0.740,0.590,1.720,-0.477
2217,290,7349.000,32.354,-3.706,0.112,0.131,NaN,NaN,599,0,-2.621,-1.310,NaN,NaN,NaN,NaN,NaN,NaN,NaN,NaN,NaN,NaN,NaN
2218,489,7349.000,40.953,-16.172,0.304,-0.356,NaN,NaN,599,0,-2.621,-1.311,NaN,NaN,NaN,NaN,NaN,NaN,NaN,NaN,NaN,NaN,NaN
2219,695,7349.000,5.419,0.843,-0.124,-0.055,0.927,0.767,599,0,3.218,1.238,345.000,288.000,494.000,665.000,5.370,0.820,-1.450,0.810,0.710,1.730,-2.382
2220,723,7349.000,27.486,-9.937,0.076,-0.081,0.762,0.035,599,0,1.502,-1.590,1087.000,204.000,1110.000,281.000,27.520,-9.910,-1.290,0.840,0.620,1.780,0.134
2221,785,7349.000,26.955,-6.790,0.050,-0.028,NaN,NaN,599,0,-0.750,-1.327,NaN,NaN,NaN,NaN,NaN,NaN,NaN,NaN,NaN,NaN,NaN
2222,976,7349.000,28.284,-7.630,0.051,-0.084,0.777,0.803,599,0,1.633,0.914,965.000,205.000,994.000,278.000,28.330,-7.650,-1.320,0.740,0.590,1.640,-0.151
2223,993,7349.000,26.722,-8.561,0.043,-0.080,0.493,0.979,599,0,-0.274,6.369,1030.000,197.000,1060.000,284.000,26.770,-8.550,-1.200,1.060,0.440,1.890,2.358
2224,1049,7349.000,28.976,-6.770,0.081,-0.089,0.696,0.131,599,0,0.622,-1.252,918.000,198.000,943.000,273.000,29.060,-6.790,-1.170,0.350,0.470,1.770,2.273
2225,290,7350.000,32.466,-3.575,0.112,0.131,NaN,NaN,600,0,-1.190,-1.302,NaN,NaN,NaN,NaN,NaN,NaN,NaN,NaN,NaN,NaN,NaN
2226,489,7350.000,41.258,-16.527,0.305,-0.356,NaN,NaN,600,0,-2.634,-1.317,NaN,NaN,NaN,NaN,NaN,NaN,NaN,NaN,NaN,NaN,NaN
2227,695,7350.000,5.293,0.786,-0.126,-0.055,0.923,NaN,600,0,2.729,-1.327,352.000,287.000,505.000,685.000,NaN,NaN,NaN,NaN,NaN,NaN,NaN
2228,723,7350.000,27.565,-10.007,0.081,-0.080,0.780,NaN,600,0,3.460,-1.326,1089.000,203.000,1113.000,281.000,NaN,NaN,NaN,NaN,NaN,NaN,NaN
2229,785,7350.000,27.004,-6.820,0.049,-0.029,NaN,NaN,600,0,-2.653,-1.327,NaN,NaN,NaN,NaN,NaN,NaN,NaN,NaN,NaN,NaN,NaN
2230,976,7350.000,28.330,-7.708,0.049,-0.084,0.748,NaN,600,0,2.906,-1.327,968.000,205.000,995.000,277.000,NaN,NaN,NaN,NaN,NaN,NaN,NaN
2231,993,7350.000,26.755,-8.665,0.042,-0.087,0.672,NaN,600,0,1.916,-1.326,1035.000,196.000,1067.000,284.000,NaN,NaN,NaN,NaN,NaN,NaN,NaN
2232,1049,7350.000,29.058,-6.860,0.081,-0.090,0.626,NaN,600,0,1.492,-1.326,920.000,190.000,948.000,275.000,NaN,NaN,NaN,NaN,NaN,NaN,NaN
2233,290,7351.000,32.576,-3.445,0.111,0.130,NaN,NaN,601,0,-0.524,-1.276,NaN,NaN,NaN,NaN,NaN,NaN,NaN,NaN,NaN,NaN,NaN
2234,489,7351.000,41.563,-16.884,0.305,-0.357,NaN,NaN,601,0,-2.641,-1.321,NaN,NaN,NaN,NaN,NaN,NaN,NaN,NaN,NaN,NaN,NaN
2235,695,7351.000,5.196,0.746,-0.116,-0.051,0.938,0.774,601,0,3.218,1.238,358.000,294.000,519.000,703.000,5.210,0.750,-1.390,0.900,0.530,1.740,-2.529
2236,723,7351.000,27.644,-10.089,0.080,-0.082,NaN,NaN,601,0,-2.652,-1.326,NaN,NaN,NaN,NaN,NaN,NaN,NaN,NaN,NaN,NaN,NaN
2237,785,7351.000,27.054,-6.849,0.050,-0.029,NaN,NaN,601,0,-2.653,-1.327,NaN,NaN,NaN,NaN,NaN,NaN,NaN,NaN,NaN,NaN,NaN
2238,976,7351.000,28.387,-7.771,0.050,-0.078,0.745,1.000,601,0,1.436,7.239,971.000,204.000,1001.000,274.000,28.400,-7.740,-1.300,0.850,0.530,1.750,-0.524
2239,993,7351.000,26.817,-8.724,0.048,-0.082,0.603,0.103,601,0,0.377,-1.155,1038.000,198.000,1068.000,283.000,26.850,-8.670,-1.160,0.810,0.450,1.730,2.133
2240,1049,7351.000,29.174,-6.948,0.089,-0.088,0.726,0.918,601,0,1.015,5.442,928.000,197.000,951.000,274.000,29.180,-6.930,-1.190,0.810,0.710,1.690,-0.666
2241,290,7352.000,32.687,-3.316,0.111,0.129,NaN,NaN,602,0,-2.415,-1.208,NaN,NaN,NaN,NaN,NaN,NaN,NaN,NaN,NaN,NaN,NaN
2242,489,7352.000,41.867,-17.240,0.304,-0.356,NaN,NaN,602,0,-0.925,-1.315,NaN,NaN,NaN,NaN,NaN,NaN,NaN,NaN,NaN,NaN,NaN
2243,695,7352.000,5.087,0.701,-0.114,-0.050,0.933,0.527,602,0,3.218,0.117,362.000,300.000,525.000,699.000,5.090,0.710,-1.420,0.830,0.570,1.720,0.546
2244,723,7352.000,27.685,-10.169,0.075,-0.083,0.717,0.310,602,0,1.142,-0.694,1092.000,204.000,1120.000,279.000,27.640,-10.190,-1.460,0.840,0.700,1.670,-0.456
2245,785,7352.000,27.794,-8.632,0.106,-0.173,0.621,0.006,602,0,0.236,-1.684,1029.000,196.000,1050.000,279.000,27.880,-8.880,-1.450,0.640,0.410,1.800,-1.847
2246,976,7352.000,28.475,-7.844,0.056,-0.076,0.776,0.980,602,0,1.385,5.442,972.000,204.000,1003.000,274.000,28.530,-7.840,-1.240,0.750,0.610,1.690,-0.426
2247,993,7352.000,26.864,-8.733,0.048,-0.064,0.685,0.025,602,0,0.979,-1.567,1038.000,198.000,1067.000,283.000,26.850,-8.630,-1.280,0.720,0.630,1.710,-0.804
2248,1049,7352.000,29.259,-7.040,0.088,-0.089,0.783,0.930,602,0,1.385,5.442,930.000,196.000,954.000,272.000,29.230,-7.030,-1.200,0.910,0.490,1.750,2.194
2249,290,7353.000,32.799,-3.188,0.111,0.128,NaN,NaN,603,0,-2.192,-1.096,NaN,NaN,NaN,NaN,NaN,NaN,NaN,NaN,NaN,NaN,NaN
2250,489,7353.000,42.170,-17.596,0.304,-0.356,NaN,NaN,603,0,-2.604,-1.302,NaN,NaN,NaN,NaN,NaN,NaN,NaN,NaN,NaN,NaN,NaN
2251,695,7353.000,4.974,0.645,-0.113,-0.052,0.924,NaN,603,0,2.729,-1.327,370.000,311.000,541.000,703.000,NaN,NaN,NaN,NaN,NaN,NaN,NaN
2252,723,7353.000,27.757,-10.249,0.073,-0.082,0.759,NaN,603,0,3.077,-1.325,1095.000,206.000,1124.000,279.000,NaN,NaN,NaN,NaN,NaN,NaN,NaN
2253,785,7353.000,27.799,-9.375,0.075,-0.181,0.038,NaN,603,0,-2.435,-1.327,1054.000,200.000,1075.000,280.000,NaN,NaN,NaN,NaN,NaN,NaN,NaN
2254,976,7353.000,28.530,-7.911,0.055,-0.073,0.770,NaN,603,0,3.261,-1.327,973.000,201.000,1004.000,274.000,NaN,NaN,NaN,NaN,NaN,NaN,NaN
2255,993,7353.000,26.912,-8.812,0.048,-0.068,0.541,NaN,603,0,0.748,-1.324,1040.000,200.000,1070.000,282.000,NaN,NaN,NaN,NaN,NaN,NaN,NaN
2256,1049,7353.000,29.338,-7.168,0.086,-0.098,0.797,NaN,603,0,3.866,-1.327,931.000,197.000,964.000,271.000,NaN,NaN,NaN,NaN,NaN,NaN,NaN
2257,290,7354.000,32.910,-3.059,0.111,0.129,NaN,NaN,604,0,-0.840,0.513,NaN,NaN,NaN,NaN,NaN,NaN,NaN,NaN,NaN,NaN,NaN
2258,489,7354.000,42.475,-17.952,0.305,-0.356,NaN,NaN,604,0,-2.597,-1.298,NaN,NaN,NaN,NaN,NaN,NaN,NaN,NaN,NaN,NaN,NaN
2259,695,7354.000,4.846,0.606,-0.119,-0.048,0.933,0.599,604,0,3.218,0.348,384.000,311.000,550.000,703.000,4.840,0.610,-1.460,0.790,0.610,1.710,0.292
2260,723,7354.000,27.767,-10.281,0.064,-0.070,0.750,0.528,604,0,1.436,-0.134,1095.000,207.000,1126.000,277.000,27.750,-10.200,-1.240,0.850,0.470,1.690,2.274
2261,785,7354.000,27.806,-9.429,0.082,-0.170,0.756,0.002,604,0,1.502,-1.642,1030.000,199.000,1060.000,280.000,28.030,-8.910,-1.230,0.880,0.510,1.810,-1.008
2262,976,7354.000,28.598,-7.969,0.056,-0.068,0.819,0.992,604,0,1.925,5.442,978.000,202.000,1009.000,273.000,28.630,-7.940,-1.290,0.710,0.790,1.610,-0.243
2263,993,7354.000,26.962,-8.937,0.045,-0.083,0.251,0.509,604,0,-1.445,-0.082,1042.000,200.000,1086.000,279.000,26.940,-9.050,-1.330,0.800,0.580,1.790,-0.660
2264,1049,7354.000,29.347,-7.213,0.070,-0.087,0.834,0.813,604,0,2.167,0.863,932.000,198.000,966.000,275.000,29.270,-7.090,-1.250,0.890,0.480,1.750,2.400
2265,290,7355.000,33.018,-2.930,0.108,0.129,NaN,NaN,605,0,-2.564,-1.282,NaN,NaN,NaN,NaN,NaN,NaN,NaN,NaN,NaN,NaN,NaN
2266,489,7355.000,42.779,-18.309,0.304,-0.356,NaN,NaN,605,0,-2.578,-1.289,NaN,NaN,NaN,NaN,NaN,NaN,NaN,NaN,NaN,NaN,NaN
2267,695,7355.000,4.737,0.564,-0.116,-0.047,0.931,0.723,605,0,3.218,0.882,387.000,309.000,556.000,703.000,4.750,0.570,-1.340,0.750,0.670,1.740,0.077
2268,723,7355.000,27.861,-10.348,0.069,-0.067,0.737,0.023,605,0,1.358,-1.667,1097.000,206.000,1126.000,277.000,27.890,-10.330,-1.330,0.800,0.560,1.770,-0.633
2269,785,7355.000,27.740,-9.330,0.102,-0.168,0.757,0.231,605,0,1.502,-0.858,1032.000,200.000,1061.000,279.000,28.030,-9.010,-1.200,0.710,0.680,1.710,-1.217
2270,976,7355.000,28.657,-8.035,0.054,-0.069,0.738,0.991,605,0,1.111,5.442,978.000,200.000,1009.000,273.000,28.670,-8.030,-1.310,0.810,0.540,1.680,-0.661
2271,993,7355.000,27.040,-9.078,0.053,-0.098,0.415,0.391,605,0,-0.756,-0.436,1048.000,201.000,1087.000,280.000,27.070,-9.180,-1.210,0.760,0.690,1.760,1.386
2272,1049,7355.000,29.427,-7.282,0.072,-0.083,0.796,0.986,605,0,1.575,5.442,934.000,198.000,967.000,275.000,29.440,-7.250,-1.210,0.900,0.540,1.870,2.428
2273,290,7356.000,33.127,-2.801,0.109,0.129,NaN,NaN,606,0,-2.629,-1.314,NaN,NaN,NaN,NaN,NaN,NaN,NaN,NaN,NaN,NaN,NaN
2274,489,7356.000,43.084,-18.665,0.305,-0.356,NaN,NaN,606,0,-2.076,-1.038,NaN,NaN,NaN,NaN,NaN,NaN,NaN,NaN,NaN,NaN,NaN
2275,695,7356.000,4.622,0.510,-0.116,-0.050,0.925,NaN,606,0,2.729,-1.327,398.000,304.000,565.000,703.000,NaN,NaN,NaN,NaN,NaN,NaN,NaN
2276,723,7356.000,27.923,-10.427,0.067,-0.069,0.766,NaN,606,0,3.261,-1.325,1102.000,205.000,1128.000,278.000,NaN,NaN,NaN,NaN,NaN,NaN,NaN
2277,785,7356.000,27.841,-9.501,0.103,-0.170,0.484,NaN,606,0,0.304,-1.288,1058.000,200.000,1089.000,281.000,NaN,NaN,NaN,NaN,NaN,NaN,NaN
2278,976,7356.000,28.704,-8.133,0.051,-0.075,0.742,NaN,606,0,2.746,-1.327,982.000,202.000,1014.000,273.000,NaN,NaN,NaN,NaN,NaN,NaN,NaN
2279,993,7356.000,27.146,-8.980,0.064,-0.047,0.763,NaN,606,0,3.236,-1.289,1033.000,199.000,1065.000,280.000,NaN,NaN,NaN,NaN,NaN,NaN,NaN
2280,1049,7356.000,29.502,-7.381,0.073,-0.085,0.734,NaN,606,0,2.590,-1.327,939.000,197.000,968.000,271.000,NaN,NaN,NaN,NaN,NaN,NaN,NaN
2281,290,7357.000,33.236,-2.673,0.108,0.128,NaN,NaN,607,0,1.979,-0.540,NaN,NaN,NaN,NaN,NaN,NaN,NaN,NaN,NaN,NaN,NaN
2282,489,7357.000,43.388,-19.021,0.305,-0.357,NaN,NaN,607,0,-1.125,-0.563,NaN,NaN,NaN,NaN,NaN,NaN,NaN,NaN,NaN,NaN,NaN
2283,695,7357.000,4.540,0.467,-0.106,-0.048,0.933,0.171,607,0,3.218,-0.635,411.000,307.000,577.000,703.000,4.560,0.470,-1.420,0.740,0.660,1.720,-0.306
2284,723,7357.000,28.000,-10.493,0.068,-0.068,0.772,0.021,607,0,1.565,-1.668,1104.000,204.000,1128.000,276.000,28.010,-10.470,-1.330,0.690,0.680,1.700,2.234
2285,785,7357.000,27.927,-9.605,0.101,-0.157,0.049,NaN,607,0,-2.027,-1.309,1065.000,196.000,1085.000,280.000,NaN,NaN,NaN,NaN,NaN,NaN,NaN
2286,976,7357.000,28.737,-8.185,0.048,-0.069,0.827,0.959,607,0,2.167,5.442,985.000,205.000,1017.000,273.000,28.740,-8.130,-1.330,0.770,0.580,1.660,-0.325
2287,993,7357.000,27.211,-9.111,0.060,-0.067,0.420,0.491,607,0,-0.757,-0.134,1069.000,195.000,1096.000,281.000,27.160,-9.280,-1.250,0.710,0.670,1.820,-0.684
2288,1049,7357.000,29.539,-7.444,0.064,-0.080,0.727,0.412,607,0,0.780,-0.716,942.000,197.000,970.000,273.000,29.540,-7.400,-1.210,1.000,0.490,1.780,2.354
2289,290,7358.000,33.345,-2.544,0.109,0.128,NaN,NaN,608,0,-2.643,-1.321,NaN,NaN,NaN,NaN,NaN,NaN,NaN,NaN,NaN,NaN,NaN
2290,489,7358.000,43.693,-19.378,0.305,-0.357,NaN,NaN,608,0,-0.100,-0.050,NaN,NaN,NaN,NaN,NaN,NaN,NaN,NaN,NaN,NaN,NaN
2291,695,7358.000,4.444,0.422,-0.103,-0.046,0.935,0.918,608,0,3.081,1.541,417.000,313.000,584.000,703.000,4.450,0.430,-1.440,0.720,0.650,1.750,-0.066
2292,723,7358.000,28.150,-10.547,0.085,-0.062,0.746,0.002,608,0,1.436,-1.689,1104.000,204.000,1130.000,275.000,28.250,-10.510,-1.270,0.750,0.610,1.850,-0.220
2293,785,7358.000,28.023,-9.683,0.104,-0.136,0.031,NaN,608,0,-3.084,-1.320,1070.000,197.000,1084.000,236.000,NaN,NaN,NaN,NaN,NaN,NaN,NaN
2294,976,7358.000,28.809,-8.256,0.058,-0.071,0.779,0.918,608,0,1.385,5.442,985.000,204.000,1018.000,272.000,28.840,-8.240,-1.340,0.660,0.640,1.660,-0.460
2295,993,7358.000,27.245,-9.226,0.052,-0.078,0.543,0.353,608,0,0.032,-0.500,1070.000,196.000,1090.000,281.000,27.190,-9.340,-1.180,0.990,0.510,1.890,2.542
2296,1049,7358.000,29.651,-7.542,0.074,-0.083,0.726,0.292,608,0,0.780,-0.914,947.000,196.000,971.000,274.000,29.730,-7.550,-1.170,0.750,0.630,1.730,-0.708
2297,290,7359.000,33.454,-2.416,0.109,0.128,NaN,NaN,609,0,-2.641,-1.321,NaN,NaN,NaN,NaN,NaN,NaN,NaN,NaN,NaN,NaN,NaN
2298,489,7359.000,43.998,-19.734,0.304,-0.356,NaN,NaN,609,0,-0.000,-0.000,NaN,NaN,NaN,NaN,NaN,NaN,NaN,NaN,NaN,NaN,NaN
2299,695,7359.000,4.341,0.365,-0.103,-0.052,0.931,NaN,609,0,2.825,-1.327,435.000,325.000,601.000,703.000,NaN,NaN,NaN,NaN,NaN,NaN,NaN
2300,723,7359.000,28.227,-10.612,0.082,-0.063,0.768,NaN,609,0,3.261,-1.326,1104.000,204.000,1134.000,275.000,NaN,NaN,NaN,NaN,NaN,NaN,NaN
2301,785,7359.000,28.127,-9.821,0.102,-0.136,0.755,NaN,609,0,3.236,-1.323,1070.000,198.000,1096.000,280.000,NaN,NaN,NaN,NaN,NaN,NaN,NaN
2302,976,7359.000,28.869,-8.336,0.059,-0.073,0.764,NaN,609,0,3.077,-1.327,988.000,205.000,1020.000,272.000,NaN,NaN,NaN,NaN,NaN,NaN,NaN
2303,993,7359.000,27.296,-9.303,0.052,-0.077,NaN,NaN,609,0,-2.592,-1.296,NaN,NaN,NaN,NaN,NaN,NaN,NaN,NaN,NaN,NaN,NaN
2304,1049,7359.000,29.726,-7.635,0.073,-0.084,0.798,NaN,609,0,3.866,-1.327,948.000,199.000,976.000,272.000,NaN,NaN,NaN,NaN,NaN,NaN,NaN
2305,290,7360.000,33.565,-2.287,0.110,0.128,NaN,NaN,610,0,-2.639,-1.320,NaN,NaN,NaN,NaN,NaN,NaN,NaN,NaN,NaN,NaN,NaN
2306,489,7360.000,44.303,-20.089,0.305,-0.355,NaN,NaN,610,0,-1.098,-0.549,NaN,NaN,NaN,NaN,NaN,NaN,NaN,NaN,NaN,NaN,NaN
2307,695,7360.000,4.274,0.334,-0.091,-0.045,0.931,0.992,610,0,3.081,1.541,444.000,330.000,610.000,703.000,4.280,0.340,-1.530,0.770,0.680,1.780,0.125
2308,723,7360.000,28.307,-10.668,0.081,-0.060,0.777,NaN,610,0,3.460,-1.326,1106.000,204.000,1133.000,274.000,NaN,NaN,NaN,NaN,NaN,NaN,NaN
2309,785,7360.000,28.229,-9.959,0.102,-0.138,NaN,NaN,610,0,-2.653,-1.326,NaN,NaN,NaN,NaN,NaN,NaN,NaN,NaN,NaN,NaN,NaN
2310,976,7360.000,28.975,-8.435,0.068,-0.079,0.761,0.009,610,0,1.256,-1.756,992.000,204.000,1023.000,272.000,29.000,-8.480,-1.240,0.770,0.630,1.690,-0.441
2311,993,7360.000,27.307,-9.402,0.043,-0.082,0.782,0.308,610,0,1.904,-0.591,1070.000,199.000,1100.000,280.000,27.280,-9.420,-1.250,0.820,0.580,1.810,-0.749
2312,1049,7360.000,29.776,-7.685,0.068,-0.077,0.829,0.168,610,0,1.937,-1.238,947.000,198.000,977.000,271.000,29.770,-7.600,-1.160,0.770,0.630,1.700,-0.746
2313,290,7361.000,33.676,-2.159,0.111,0.129,NaN,NaN,611,0,-2.632,-1.316,NaN,NaN,NaN,NaN,NaN,NaN,NaN,NaN,NaN,NaN,NaN
2314,489,7361.000,44.609,-20.444,0.306,-0.354,NaN,NaN,611,0,-1.964,-0.982,NaN,NaN,NaN,NaN,NaN,NaN,NaN,NaN,NaN,NaN,NaN
2315,695,7361.000,4.122,0.245,-0.114,-0.062,0.929,0.819,611,0,3.081,1.492,460.000,330.000,633.000,703.000,4.090,0.220,-1.510,0.790,0.700,1.820,-0.077
2316,723,7361.000,28.384,-10.737,0.080,-0.063,0.783,NaN,611,0,3.460,-1.326,1108.000,206.000,1136.000,280.000,NaN,NaN,NaN,NaN,NaN,NaN,NaN
2317,785,7361.000,28.353,-10.049,0.106,-0.122,0.793,NaN,611,0,3.821,-1.327,1070.000,200.000,1103.000,281.000,NaN,NaN,NaN,NaN,NaN,NaN,NaN
2318,976,7361.000,29.014,-8.499,0.063,-0.075,0.799,0.998,611,0,1.575,5.442,997.000,203.000,1024.000,273.000,28.970,-8.470,-1.240,0.710,0.670,1.560,-0.179
2319,993,7361.000,27.351,-9.486,0.044,-0.084,NaN,NaN,611,0,-2.640,-1.320,NaN,NaN,NaN,NaN,NaN,NaN,NaN,NaN,NaN,NaN,NaN
2320,1049,7361.000,29.846,-7.745,0.069,-0.073,0.839,NaN,611,0,4.443,-1.327,947.000,199.000,981.000,270.000,NaN,NaN,NaN,NaN,NaN,NaN,NaN
2321,290,7362.000,33.788,-2.028,0.112,0.131,NaN,NaN,612,0,-0.296,-1.293,NaN,NaN,NaN,NaN,NaN,NaN,NaN,NaN,NaN,NaN,NaN
2322,489,7362.000,44.913,-20.799,0.304,-0.355,NaN,NaN,612,0,-2.028,-1.014,NaN,NaN,NaN,NaN,NaN,NaN,NaN,NaN,NaN,NaN,NaN
2323,695,7362.000,4.006,0.176,-0.115,-0.065,0.946,NaN,612,0,2.825,-1.327,480.000,325.000,662.000,703.000,NaN,NaN,NaN,NaN,NaN,NaN,NaN
2324,723,7362.000,28.458,-10.809,0.078,-0.067,0.796,NaN,612,0,3.866,-1.326,1111.000,207.000,1137.000,277.000,NaN,NaN,NaN,NaN,NaN,NaN,NaN
2325,785,7362.000,28.476,-10.141,0.109,-0.113,0.765,NaN,612,0,3.422,-1.327,1075.000,199.000,1106.000,281.000,NaN,NaN,NaN,NaN,NaN,NaN,NaN
2326,976,7362.000,29.072,-8.598,0.063,-0.080,0.794,NaN,612,0,3.665,-1.327,999.000,202.000,1030.000,271.000,NaN,NaN,NaN,NaN,NaN,NaN,NaN
2327,993,7362.000,27.396,-9.568,0.044,-0.083,NaN,NaN,612,0,-2.649,-1.324,NaN,NaN,NaN,NaN,NaN,NaN,NaN,NaN,NaN,NaN,NaN
2328,1049,7362.000,29.916,-7.816,0.070,-0.073,0.770,NaN,612,0,3.261,-1.327,949.000,199.000,985.000,273.000,NaN,NaN,NaN,NaN,NaN,NaN,NaN
2329,290,7363.000,33.898,-1.897,0.111,0.131,NaN,NaN,613,0,-0.696,-1.230,NaN,NaN,NaN,NaN,NaN,NaN,NaN,NaN,NaN,NaN,NaN
2330,489,7363.000,45.217,-21.156,0.303,-0.357,NaN,NaN,613,0,-1.094,-0.547,NaN,NaN,NaN,NaN,NaN,NaN,NaN,NaN,NaN,NaN,NaN
2331,695,7363.000,3.941,0.096,-0.096,-0.068,0.938,0.013,613,0,3.081,-1.215,498.000,323.000,696.000,703.000,3.960,0.090,-1.450,0.700,0.680,1.770,-0.058
2332,723,7363.000,28.536,-10.871,0.078,-0.065,0.792,NaN,613,0,3.665,-1.326,1111.000,202.000,1138.000,274.000,NaN,NaN,NaN,NaN,NaN,NaN,NaN
2333,785,7363.000,28.612,-10.229,0.115,-0.105,0.727,NaN,613,0,2.590,-1.326,1079.000,200.000,1106.000,280.000,NaN,NaN,NaN,NaN,NaN,NaN,NaN
2334,976,7363.000,29.127,-8.631,0.062,-0.067,0.804,0.990,613,0,1.575,5.442,1002.000,204.000,1032.000,271.000,29.120,-8.560,-1.190,0.820,0.550,1.700,-0.533
2335,993,7363.000,27.441,-9.651,0.045,-0.083,NaN,NaN,613,0,-2.653,-1.326,NaN,NaN,NaN,NaN,NaN,NaN,NaN,NaN,NaN,NaN,NaN
2336,1049,7363.000,29.964,-7.885,0.067,-0.072,0.835,0.817,613,0,1.937,0.846,955.000,199.000,987.000,270.000,29.960,-7.860,-1.210,0.900,0.490,1.750,2.503
2337,290,7364.000,34.009,-1.765,0.111,0.132,NaN,NaN,614,0,-2.312,-1.156,NaN,NaN,NaN,NaN,NaN,NaN,NaN,NaN,NaN,NaN,NaN
2338,489,7364.000,45.521,-21.512,0.305,-0.357,NaN,NaN,614,0,-0.182,-0.091,NaN,NaN,NaN,NaN,NaN,NaN,NaN,NaN,NaN,NaN,NaN
2339,695,7364.000,3.805,-0.001,-0.106,-0.078,0.941,0.022,614,0,3.081,-1.201,508.000,327.000,714.000,703.000,3.780,-0.010,-1.490,0.810,0.680,1.880,-0.108
2340,723,7364.000,28.599,-10.910,0.075,-0.060,0.763,NaN,614,0,3.077,-1.326,1109.000,204.000,1140.000,275.000,NaN,NaN,NaN,NaN,NaN,NaN,NaN
2341,785,7364.000,28.726,-10.334,0.114,-0.105,NaN,NaN,614,0,-2.815,-1.326,NaN,NaN,NaN,NaN,NaN,NaN,NaN,NaN,NaN,NaN,NaN
2342,976,7364.000,29.198,-8.689,0.064,-0.065,0.779,0.652,614,0,1.385,0.089,1002.000,205.000,1033.000,271.000,29.190,-8.680,-1.380,0.770,0.620,1.700,-0.528
2343,993,7364.000,27.571,-9.846,0.055,-0.101,0.723,0.903,614,0,1.142,3.134,1082.000,199.000,1107.000,281.000,27.610,-9.870,-1.180,0.840,0.610,1.740,-0.614
2344,1049,7364.000,30.129,-7.981,0.085,-0.075,0.792,0.058,614,0,1.237,-1.617,959.000,198.000,989.000,270.000,30.240,-7.970,-1.240,0.780,0.630,1.810,-0.729
2345,290,7365.000,34.119,-1.634,0.111,0.132,NaN,NaN,615,0,-2.433,-1.217,NaN,NaN,NaN,NaN,NaN,NaN,NaN,NaN,NaN,NaN,NaN
2346,489,7365.000,45.827,-21.867,0.305,-0.355,NaN,NaN,615,0,-0.195,-0.097,NaN,NaN,NaN,NaN,NaN,NaN,NaN,NaN,NaN,NaN,NaN
2347,695,7365.000,3.698,-0.076,-0.107,-0.077,0.954,NaN,615,0,2.927,-1.327,531.000,344.000,757.000,703.000,NaN,NaN,NaN,NaN,NaN,NaN,NaN
2348,723,7365.000,28.679,-10.956,0.075,-0.055,0.680,NaN,615,0,1.846,-1.326,1113.000,203.000,1138.000,277.000,NaN,NaN,NaN,NaN,NaN,NaN,NaN
2349,785,7365.000,28.826,-10.416,0.112,-0.101,0.733,NaN,615,0,2.756,-1.326,1084.000,197.000,1113.000,281.000,NaN,NaN,NaN,NaN,NaN,NaN,NaN
2350,976,7365.000,29.256,-8.780,0.061,-0.072,0.745,NaN,615,0,2.906,-1.327,1006.000,205.000,1033.000,270.000,NaN,NaN,NaN,NaN,NaN,NaN,NaN
2351,993,7365.000,27.703,-9.588,0.056,-0.040,0.252,NaN,615,0,-1.041,-1.326,1069.000,201.000,1084.000,273.000,NaN,NaN,NaN,NaN,NaN,NaN,NaN
2352,1049,7365.000,30.215,-8.118,0.084,-0.091,0.719,NaN,615,0,2.434,-1.327,966.000,196.000,993.000,270.000,NaN,NaN,NaN,NaN,NaN,NaN,NaN
2353,290,7366.000,34.229,-1.502,0.110,0.132,NaN,NaN,616,0,-2.575,-1.287,NaN,NaN,NaN,NaN,NaN,NaN,NaN,NaN,NaN,NaN,NaN
2354,489,7366.000,46.134,-22.223,0.306,-0.356,NaN,NaN,616,0,-0.040,-0.020,NaN,NaN,NaN,NaN,NaN,NaN,NaN,NaN,NaN,NaN,NaN
2355,695,7366.000,3.648,-0.056,-0.092,-0.038,0.951,0.765,616,0,3.081,1.078,552.000,359.000,796.000,703.000,3.660,-0.020,-1.500,0.740,0.670,1.850,0.104
2356,723,7366.000,28.753,-11.014,0.074,-0.056,0.762,NaN,616,0,3.077,-1.326,1116.000,203.000,1140.000,273.000,NaN,NaN,NaN,NaN,NaN,NaN,NaN
2357,785,7366.000,28.940,-10.518,0.114,-0.102,NaN,NaN,616,0,-2.652,-1.326,NaN,NaN,NaN,NaN,NaN,NaN,NaN,NaN,NaN,NaN,NaN
2358,976,7366.000,29.304,-8.828,0.059,-0.067,0.779,0.968,616,0,1.385,5.442,1007.000,205.000,1036.000,271.000,29.290,-8.770,-1.360,0.710,0.740,1.610,-0.195
2359,993,7366.000,27.759,-9.611,0.054,-0.034,0.642,NaN,616,0,1.407,-1.324,1068.000,199.000,1089.000,277.000,NaN,NaN,NaN,NaN,NaN,NaN,NaN
2360,1049,7366.000,30.266,-8.177,0.076,-0.083,0.727,0.852,616,0,0.780,1.275,971.000,196.000,995.000,269.000,30.220,-8.100,-1.210,0.960,0.490,1.850,2.268
2361,290,7367.000,34.340,-1.369,0.111,0.133,NaN,NaN,617,0,-2.625,-1.312,NaN,NaN,NaN,NaN,NaN,NaN,NaN,NaN,NaN,NaN,NaN
2362,489,7367.000,46.439,-22.580,0.306,-0.357,NaN,NaN,617,0,-0.000,-0.000,NaN,NaN,NaN,NaN,NaN,NaN,NaN,NaN,NaN,NaN,NaN
2363,695,7367.000,3.553,-0.112,-0.092,-0.045,0.954,NaN,617,0,2.927,-1.327,567.000,362.000,815.000,703.000,NaN,NaN,NaN,NaN,NaN,NaN,NaN
2364,723,7367.000,28.989,-11.128,0.096,-0.062,0.730,0.026,617,0,1.015,-1.714,1116.000,204.000,1141.000,274.000,29.040,-11.130,-1.370,0.820,0.640,1.950,0.804
2365,785,7367.000,29.053,-10.619,0.113,-0.101,NaN,NaN,617,0,-0.932,-1.326,NaN,NaN,NaN,NaN,NaN,NaN,NaN,NaN,NaN,NaN,NaN
2366,976,7367.000,29.378,-8.888,0.061,-0.064,0.785,0.258,617,0,1.466,-0.891,1009.000,205.000,1038.000,271.000,29.410,-8.880,-1.210,0.840,0.600,1.670,-0.479
2367,993,7367.000,28.270,-9.809,0.136,-0.058,0.663,0.163,617,0,0.244,-1.167,1069.000,198.000,1089.000,277.000,28.670,-9.810,-1.200,0.700,0.550,1.750,-0.781
2368,1049,7367.000,30.345,-8.255,0.077,-0.082,0.732,0.974,617,0,0.780,5.979,972.000,198.000,995.000,268.000,30.340,-8.230,-1.210,0.890,0.480,1.830,2.434
2369,290,7368.000,34.450,-1.236,0.110,0.133,NaN,NaN,618,0,-2.632,-1.316,NaN,NaN,NaN,NaN,NaN,NaN,NaN,NaN,NaN,NaN,NaN
2370,489,7368.000,46.746,-22.936,0.307,-0.357,NaN,NaN,618,0,-0.082,-0.041,NaN,NaN,NaN,NaN,NaN,NaN,NaN,NaN,NaN,NaN,NaN
2371,695,7368.000,3.454,-0.187,-0.094,-0.056,0.945,NaN,618,0,3.034,-1.327,597.000,365.000,840.000,703.000,NaN,NaN,NaN,NaN,NaN,NaN,NaN
2372,723,7368.000,29.084,-11.191,0.095,-0.063,0.725,NaN,618,0,2.590,-1.326,1118.000,205.000,1141.000,271.000,NaN,NaN,NaN,NaN,NaN,NaN,NaN
2373,785,7368.000,29.140,-10.735,0.109,-0.106,0.744,NaN,618,0,2.907,-1.325,1091.000,199.000,1128.000,281.000,NaN,NaN,NaN,NaN,NaN,NaN,NaN
2374,976,7368.000,29.436,-8.962,0.061,-0.066,0.761,NaN,618,0,3.077,-1.327,1010.000,204.000,1040.000,272.000,NaN,NaN,NaN,NaN,NaN,NaN,NaN
2375,993,7368.000,28.394,-9.863,0.131,-0.057,0.615,NaN,618,0,1.205,-1.325,1069.000,197.000,1092.000,277.000,NaN,NaN,NaN,NaN,NaN,NaN,NaN
2376,1049,7368.000,30.414,-8.374,0.074,-0.090,0.707,NaN,618,0,2.280,-1.327,973.000,198.000,1001.000,269.000,NaN,NaN,NaN,NaN,NaN,NaN,NaN
2377,290,7369.000,34.560,-1.102,0.110,0.133,NaN,NaN,619,0,-2.636,-1.318,NaN,NaN,NaN,NaN,NaN,NaN,NaN,NaN,NaN,NaN,NaN
2378,489,7369.000,47.051,-23.293,0.306,-0.358,NaN,NaN,619,0,-0.371,-0.185,NaN,NaN,NaN,NaN,NaN,NaN,NaN,NaN,NaN,NaN,NaN
2379,695,7369.000,3.355,-0.271,-0.095,-0.064,0.948,NaN,619,0,2.927,-1.327,623.000,359.000,863.000,703.000,NaN,NaN,NaN,NaN,NaN,NaN,NaN
2380,723,7369.000,29.193,-11.229,0.098,-0.057,0.736,0.015,619,0,1.111,-1.740,1119.000,205.000,1142.000,274.000,29.250,-11.140,-1.200,0.790,0.640,1.750,0.226
2381,785,7369.000,29.247,-10.842,0.107,-0.106,NaN,NaN,619,0,-1.163,-1.324,NaN,NaN,NaN,NaN,NaN,NaN,NaN,NaN,NaN,NaN,NaN
2382,976,7369.000,29.492,-9.002,0.059,-0.059,0.794,0.628,619,0,1.466,0.029,1012.000,204.000,1041.000,270.000,29.480,-8.940,-1.300,0.660,0.570,1.700,-0.163
2383,993,7369.000,28.575,-9.924,0.144,-0.055,0.729,0.010,619,0,1.015,-1.753,1069.000,197.000,1092.000,278.000,28.670,-9.870,-1.280,0.470,0.420,1.740,0.496
2384,1049,7369.000,30.448,-8.427,0.067,-0.082,0.781,0.847,619,0,1.158,1.275,974.000,198.000,1005.000,268.000,30.410,-8.330,-1.210,0.890,0.480,1.760,2.253
2385,290,7370.000,34.672,-0.968,0.111,0.134,NaN,NaN,620,0,-2.636,-1.318,NaN,NaN,NaN,NaN,NaN,NaN,NaN,NaN,NaN,NaN,NaN
2386,489,7370.000,47.359,-23.651,0.307,-0.357,NaN,NaN,620,0,-0.459,-0.229,NaN,NaN,NaN,NaN,NaN,NaN,NaN,NaN,NaN,NaN,NaN
2387,695,7370.000,3.260,-0.333,-0.094,-0.065,0.943,NaN,620,0,2.927,-1.327,637.000,359.000,875.000,703.000,NaN,NaN,NaN,NaN,NaN,NaN,NaN
2388,723,7370.000,29.288,-11.305,0.096,-0.062,0.707,NaN,620,0,2.280,-1.326,1119.000,204.000,1144.000,275.000,NaN,NaN,NaN,NaN,NaN,NaN,NaN
2389,785,7370.000,29.393,-10.910,0.109,-0.099,0.736,NaN,620,0,2.746,-1.325,1094.000,201.000,1127.000,280.000,NaN,NaN,NaN,NaN,NaN,NaN,NaN
2390,976,7370.000,29.563,-9.053,0.061,-0.056,0.749,0.998,620,0,0.957,5.979,1013.000,204.000,1042.000,270.000,29.590,-9.040,-1.210,0.730,0.640,1.610,-0.448
2391,993,7370.000,28.707,-9.988,0.136,-0.060,0.709,NaN,620,0,2.280,-1.325,1069.000,198.000,1094.000,277.000,NaN,NaN,NaN,NaN,NaN,NaN,NaN
2392,1049,7370.000,30.540,-8.513,0.070,-0.083,0.777,0.748,620,0,0.945,0.367,976.000,198.000,1006.000,268.000,30.560,-8.490,-1.250,0.890,0.490,1.780,2.424
2393,290,7371.000,34.783,-0.833,0.111,0.135,NaN,NaN,621,0,-2.622,-1.311,NaN,NaN,NaN,NaN,NaN,NaN,NaN,NaN,NaN,NaN,NaN
2394,489,7371.000,47.666,-24.009,0.307,-0.359,NaN,NaN,621,0,-1.407,-0.703,NaN,NaN,NaN,NaN,NaN,NaN,NaN,NaN,NaN,NaN,NaN
2395,695,7371.000,3.155,-0.394,-0.096,-0.064,0.943,NaN,621,0,3.034,-1.327,666.000,371.000,897.000,703.000,NaN,NaN,NaN,NaN,NaN,NaN,NaN
2396,723,7371.000,29.385,-11.366,0.095,-0.061,0.632,NaN,621,0,1.305,-1.326,1121.000,202.000,1144.000,272.000,NaN,NaN,NaN,NaN,NaN,NaN,NaN
2397,785,7371.000,29.520,-11.028,0.109,-0.101,0.342,NaN,621,0,-0.692,-1.325,1101.000,199.000,1130.000,279.000,NaN,NaN,NaN,NaN,NaN,NaN,NaN
2398,976,7371.000,29.617,-9.136,0.058,-0.062,0.736,NaN,621,0,2.746,-1.327,1017.000,205.000,1045.000,270.000,NaN,NaN,NaN,NaN,NaN,NaN,NaN
2399,993,7371.000,28.837,-10.067,0.133,-0.065,0.739,NaN,621,0,2.746,-1.326,1069.000,198.000,1100.000,278.000,NaN,NaN,NaN,NaN,NaN,NaN,NaN
2400,1049,7371.000,30.614,-8.612,0.072,-0.085,0.764,NaN,621,0,3.077,-1.327,979.000,199.000,1008.000,270.000,NaN,NaN,NaN,NaN,NaN,NaN,NaN
2401,290,7372.000,34.895,-0.700,0.112,0.133,NaN,NaN,622,0,-2.569,-1.284,NaN,NaN,NaN,NaN,NaN,NaN,NaN,NaN,NaN,NaN,NaN
2402,489,7372.000,47.972,-24.368,0.307,-0.359,NaN,NaN,622,0,-2.654,-1.327,NaN,NaN,NaN,NaN,NaN,NaN,NaN,NaN,NaN,NaN,NaN
2403,695,7372.000,2.871,-0.437,-0.132,-0.055,0.930,0.004,622,0,2.939,-1.247,702.000,389.000,924.000,703.000,2.860,-0.430,-1.480,0.770,0.630,1.750,-0.160
2404,723,7372.000,29.377,-11.361,0.081,-0.047,0.450,0.004,622,0,-0.971,-1.760,1124.000,204.000,1145.000,273.000,29.330,-11.220,-1.460,0.800,0.640,1.750,1.314
2405,785,7372.000,29.628,-11.130,0.108,-0.101,NaN,NaN,622,0,-2.650,-1.325,NaN,NaN,NaN,NaN,NaN,NaN,NaN,NaN,NaN,NaN,NaN
2406,976,7372.000,29.684,-9.178,0.060,-0.058,0.791,0.997,622,0,1.237,5.979,1019.000,206.000,1048.000,269.000,29.710,-9.110,-1.230,0.790,0.610,1.630,-0.461
2407,993,7372.000,28.868,-10.106,0.116,-0.064,0.764,0.004,622,0,1.256,-1.761,1071.000,200.000,1101.000,277.000,28.850,-10.100,-1.250,0.730,0.520,1.800,-0.079
2408,1049,7372.000,30.697,-8.675,0.072,-0.080,0.663,0.231,622,0,-0.196,-1.174,986.000,201.000,1011.000,269.000,30.690,-8.600,-1.160,0.900,0.470,1.800,2.231
2409,290,7373.000,35.007,-0.565,0.112,0.134,NaN,NaN,623,0,-2.425,-1.213,NaN,NaN,NaN,NaN,NaN,NaN,NaN,NaN,NaN,NaN,NaN
2410,489,7373.000,48.278,-24.728,0.306,-0.359,NaN,NaN,623,0,-2.654,-1.327,NaN,NaN,NaN,NaN,NaN,NaN,NaN,NaN,NaN,NaN,NaN
2411,695,7373.000,2.739,-0.479,-0.133,-0.050,0.930,NaN,623,0,3.146,-1.327,723.000,396.000,932.000,703.000,NaN,NaN,NaN,NaN,NaN,NaN,NaN
2412,723,7373.000,29.431,-11.453,0.076,-0.061,0.313,NaN,623,0,-0.800,-1.326,1127.000,202.000,1146.000,273.000,NaN,NaN,NaN,NaN,NaN,NaN,NaN
2413,785,7373.000,29.738,-11.229,0.109,-0.100,NaN,NaN,623,0,-1.270,-1.325,NaN,NaN,NaN,NaN,NaN,NaN,NaN,NaN,NaN,NaN,NaN
2414,976,7373.000,29.743,-9.212,0.059,-0.051,0.800,0.160,623,0,1.344,-1.271,1021.000,206.000,1049.000,269.000,29.750,-9.160,-1.290,0.780,0.580,1.740,-0.569
2415,993,7373.000,28.929,-10.147,0.104,-0.060,0.788,0.003,623,0,1.466,-1.761,1071.000,200.000,1101.000,276.000,28.920,-10.120,-1.220,0.880,0.530,1.730,-1.482
2416,1049,7373.000,30.780,-8.737,0.073,-0.073,0.570,0.005,623,0,-0.689,-1.918,987.000,197.000,1013.000,268.000,30.780,-8.700,-1.190,0.840,0.650,1.920,2.336
2417,290,7374.000,35.117,-0.432,0.110,0.133,NaN,NaN,624,0,-2.163,-1.081,NaN,NaN,NaN,NaN,NaN,NaN,NaN,NaN,NaN,NaN,NaN
2418,489,7374.000,48.586,-25.088,0.307,-0.360,NaN,NaN,624,0,-1.272,-1.327,NaN,NaN,NaN,NaN,NaN,NaN,NaN,NaN,NaN,NaN,NaN
2419,695,7374.000,2.600,-0.516,-0.135,-0.045,0.921,NaN,624,0,3.262,-1.327,762.000,410.000,972.000,703.000,NaN,NaN,NaN,NaN,NaN,NaN,NaN
2420,723,7374.000,29.505,-11.541,0.074,-0.068,0.214,NaN,624,0,-1.411,-1.326,1131.000,212.000,1147.000,271.000,NaN,NaN,NaN,NaN,NaN,NaN,NaN
2421,785,7374.000,29.911,-11.302,0.114,-0.091,0.616,NaN,624,0,1.393,-1.325,1105.000,195.000,1135.000,280.000,NaN,NaN,NaN,NaN,NaN,NaN,NaN
2422,976,7374.000,29.790,-9.317,0.055,-0.064,0.792,NaN,624,0,3.665,-1.327,1023.000,205.000,1052.000,270.000,NaN,NaN,NaN,NaN,NaN,NaN,NaN
2423,993,7374.000,29.032,-10.215,0.103,-0.062,0.802,NaN,624,0,3.866,-1.327,1073.000,200.000,1101.000,276.000,NaN,NaN,NaN,NaN,NaN,NaN,NaN
2424,1049,7374.000,30.840,-8.824,0.068,-0.074,0.715,NaN,624,0,2.280,-1.327,987.000,197.000,1014.000,268.000,NaN,NaN,NaN,NaN,NaN,NaN,NaN
2425,290,7375.000,34.415,-7.146,0.086,-0.108,0.923,NaN,625,0,3.262,-1.103,800.000,419.000,1016.000,703.000,NaN,NaN,NaN,NaN,NaN,NaN,NaN
2426,489,7375.000,48.894,-25.447,0.308,-0.359,NaN,NaN,625,0,-2.654,-1.327,NaN,NaN,NaN,NaN,NaN,NaN,NaN,NaN,NaN,NaN,NaN
2427,695,7375.000,2.466,-0.561,-0.134,-0.045,NaN,NaN,625,0,-2.654,-1.327,NaN,NaN,NaN,NaN,NaN,NaN,NaN,NaN,NaN,NaN,NaN
2428,723,7375.000,29.575,-11.616,0.073,-0.070,0.389,NaN,625,0,-0.613,-1.326,1132.000,213.000,1149.000,271.000,NaN,NaN,NaN,NaN,NaN,NaN,NaN
2429,785,7375.000,30.025,-11.392,0.114,-0.090,NaN,NaN,625,0,-2.650,-1.325,NaN,NaN,NaN,NaN,NaN,NaN,NaN,NaN,NaN,NaN,NaN
2430,976,7375.000,29.840,-9.367,0.054,-0.060,0.777,0.110,625,0,1.158,-1.401,1026.000,204.000,1055.000,269.000,29.840,-9.320,-1.270,0.620,0.650,1.750,0.606
2431,993,7375.000,29.075,-10.208,0.094,-0.044,0.799,0.015,625,0,1.575,-1.742,1076.000,199.000,1103.000,275.000,29.020,-10.060,-1.300,0.850,0.600,1.770,2.508
2432,1049,7375.000,30.861,-8.870,0.058,-0.069,0.398,0.037,625,0,-1.667,-1.840,981.000,197.000,1018.000,268.000,30.830,-8.800,-1.270,0.840,0.700,1.800,2.434
2433,290,7376.000,34.464,-7.326,0.089,-0.112,0.917,NaN,626,0,3.262,-1.321,814.000,405.000,1042.000,703.000,NaN,NaN,NaN,NaN,NaN,NaN,NaN
2434,489,7376.000,49.200,-25.807,0.307,-0.360,NaN,NaN,626,0,-2.654,-1.327,NaN,NaN,NaN,NaN,NaN,NaN,NaN,NaN,NaN,NaN,NaN
2435,695,7376.000,2.331,-0.605,-0.135,-0.044,NaN,NaN,626,0,-2.654,-1.327,NaN,NaN,NaN,NaN,NaN,NaN,NaN,NaN,NaN,NaN,NaN
2436,723,7376.000,29.656,-11.667,0.077,-0.063,0.366,NaN,626,0,-0.715,-1.326,1133.000,211.000,1148.000,270.000,NaN,NaN,NaN,NaN,NaN,NaN,NaN
2437,785,7376.000,30.166,-11.465,0.115,-0.084,0.699,NaN,626,0,2.315,-1.325,1108.000,199.000,1138.000,280.000,NaN,NaN,NaN,NaN,NaN,NaN,NaN
2438,976,7376.000,29.914,-9.421,0.057,-0.057,0.754,0.910,626,0,0.957,5.979,1026.000,204.000,1056.000,270.000,29.920,-9.390,-1.240,0.680,0.660,1.590,-0.181
2439,993,7376.000,29.136,-10.260,0.088,-0.046,0.808,0.014,626,0,1.726,-1.755,1078.000,199.000,1104.000,275.000,29.090,-10.300,-1.190,0.650,0.700,1.810,2.217
2440,1049,7376.000,30.969,-8.931,0.067,-0.067,0.566,0.275,626,0,-0.689,-1.072,998.000,199.000,1022.000,267.000,31.020,-8.910,-1.220,0.910,0.500,1.740,2.349
2441,290,7377.000,34.553,-7.437,0.089,-0.111,NaN,NaN,627,0,-2.584,-1.292,NaN,NaN,NaN,NaN,NaN,NaN,NaN,NaN,NaN,NaN,NaN
2442,489,7377.000,49.507,-26.166,0.307,-0.359,NaN,NaN,627,0,-2.654,-1.327,NaN,NaN,NaN,NaN,NaN,NaN,NaN,NaN,NaN,NaN,NaN
2443,695,7377.000,2.127,-0.581,-0.153,-0.029,0.890,NaN,627,0,3.262,-1.327,843.000,411.000,1094.000,703.000,NaN,NaN,NaN,NaN,NaN,NaN,NaN
2444,723,7377.000,29.745,-11.702,0.079,-0.055,0.034,NaN,627,0,-2.813,-1.325,1135.000,211.000,1146.000,269.000,NaN,NaN,NaN,NaN,NaN,NaN,NaN
2445,785,7377.000,30.252,-11.577,0.110,-0.092,0.744,NaN,627,0,2.907,-1.325,1112.000,200.000,1147.000,281.000,NaN,NaN,NaN,NaN,NaN,NaN,NaN
2446,976,7377.000,29.963,-9.518,0.056,-0.066,0.742,NaN,627,0,2.746,-1.327,1028.000,204.000,1059.000,268.000,NaN,NaN,NaN,NaN,NaN,NaN,NaN
2447,993,7377.000,29.190,-10.375,0.082,-0.062,0.819,NaN,627,0,4.217,-1.327,1081.000,198.000,1106.000,275.000,NaN,NaN,NaN,NaN,NaN,NaN,NaN
2448,1049,7377.000,31.008,-9.013,0.060,-0.071,0.736,NaN,627,0,2.746,-1.327,993.000,199.000,1022.000,267.000,NaN,NaN,NaN,NaN,NaN,NaN,NaN
2449,290,7378.000,34.639,-7.549,0.086,-0.111,NaN,NaN,628,0,3.378,-1.288,NaN,NaN,NaN,NaN,NaN,NaN,NaN,NaN,NaN,NaN,NaN
2450,489,7378.000,49.814,-26.526,0.307,-0.359,NaN,NaN,628,0,-2.654,-1.327,NaN,NaN,NaN,NaN,NaN,NaN,NaN,NaN,NaN,NaN,NaN
2451,695,7378.000,1.974,-0.611,-0.152,-0.030,NaN,NaN,628,0,-2.654,-1.327,NaN,NaN,NaN,NaN,NaN,NaN,NaN,NaN,NaN,NaN,NaN
2452,723,7378.000,29.825,-11.757,0.079,-0.056,NaN,NaN,628,0,-2.651,-1.325,NaN,NaN,NaN,NaN,NaN,NaN,NaN,NaN,NaN,NaN,NaN
2453,785,7378.000,30.325,-11.674,0.106,-0.095,0.810,NaN,628,0,4.053,-1.326,1114.000,200.000,1148.000,277.000,NaN,NaN,NaN,NaN,NaN,NaN,NaN
2454,976,7378.000,30.047,-9.560,0.062,-0.061,0.754,0.066,628,0,0.957,-1.553,1027.000,205.000,1059.000,267.000,30.100,-9.500,-1.310,0.740,0.530,1.770,-0.719
2455,993,7378.000,29.238,-10.411,0.077,-0.056,0.815,0.139,628,0,1.726,-1.227,1083.000,198.000,1108.000,275.000,29.220,-10.360,-1.250,0.720,0.670,1.750,-0.170
2456,1049,7378.000,31.069,-9.083,0.060,-0.070,NaN,NaN,628,0,-2.654,-1.327,NaN,NaN,NaN,NaN,NaN,NaN,NaN,NaN,NaN,NaN,NaN
2457,290,7379.000,34.725,-7.660,0.086,-0.111,NaN,NaN,629,0,3.493,-1.282,NaN,NaN,NaN,NaN,NaN,NaN,NaN,NaN,NaN,NaN,NaN
2458,489,7379.000,50.121,-26.885,0.306,-0.360,NaN,NaN,629,0,-2.654,-1.327,NaN,NaN,NaN,NaN,NaN,NaN,NaN,NaN,NaN,NaN,NaN
2459,695,7379.000,1.821,-0.639,-0.153,-0.029,NaN,NaN,629,0,-2.654,-1.327,NaN,NaN,NaN,NaN,NaN,NaN,NaN,NaN,NaN,NaN,NaN
2460,723,7379.000,29.905,-11.813,0.080,-0.056,NaN,NaN,629,0,-2.651,-1.325,NaN,NaN,NaN,NaN,NaN,NaN,NaN,NaN,NaN,NaN,NaN
2461,785,7379.000,30.400,-11.758,0.103,-0.093,0.804,NaN,629,0,3.866,-1.326,1114.000,199.000,1151.000,274.000,NaN,NaN,NaN,NaN,NaN,NaN,NaN
2462,976,7379.000,30.129,-9.614,0.067,-0.059,0.772,0.001,629,0,1.091,-1.837,1025.000,205.000,1060.000,267.000,30.200,-9.580,-1.280,0.750,0.570,1.820,0.019
2463,993,7379.000,29.310,-10.488,0.076,-0.060,0.822,NaN,629,0,4.217,-1.326,1083.000,198.000,1108.000,275.000,NaN,NaN,NaN,NaN,NaN,NaN,NaN
2464,1049,7379.000,31.223,-9.197,0.077,-0.079,0.760,0.279,629,0,0.808,-1.043,1001.000,197.000,1026.000,267.000,31.260,-9.250,-1.150,0.870,0.560,1.780,2.153
2465,290,7380.000,34.812,-7.772,0.086,-0.112,NaN,NaN,630,0,3.609,-1.298,NaN,NaN,NaN,NaN,NaN,NaN,NaN,NaN,NaN,NaN,NaN
2466,489,7380.000,50.427,-27.245,0.306,-0.360,NaN,NaN,630,0,-2.654,-1.327,NaN,NaN,NaN,NaN,NaN,NaN,NaN,NaN,NaN,NaN,NaN
2467,695,7380.000,1.668,-0.667,-0.153,-0.028,NaN,NaN,630,0,-2.654,-1.327,NaN,NaN,NaN,NaN,NaN,NaN,NaN,NaN,NaN,NaN,NaN
2468,723,7380.000,29.984,-11.870,0.079,-0.056,NaN,NaN,630,0,-2.650,-1.325,NaN,NaN,NaN,NaN,NaN,NaN,NaN,NaN,NaN,NaN,NaN
2469,785,7380.000,30.458,-11.819,0.100,-0.088,0.737,NaN,630,0,2.746,-1.326,1117.000,197.000,1151.000,272.000,NaN,NaN,NaN,NaN,NaN,NaN,NaN
2470,976,7380.000,30.192,-9.657,0.065,-0.053,0.787,NaN,630,0,3.665,-1.327,1026.000,206.000,1061.000,267.000,NaN,NaN,NaN,NaN,NaN,NaN,NaN
2471,993,7380.000,29.383,-10.556,0.075,-0.061,0.809,NaN,630,0,4.053,-1.326,1085.000,199.000,1109.000,275.000,NaN,NaN,NaN,NaN,NaN,NaN,NaN
2472,1049,7380.000,31.254,-9.323,0.065,-0.090,0.768,NaN,630,0,3.261,-1.327,1006.000,196.000,1029.000,268.000,NaN,NaN,NaN,NaN,NaN,NaN,NaN
2473,290,7381.000,34.899,-7.883,0.087,-0.111,NaN,NaN,631,0,-2.795,-1.317,NaN,NaN,NaN,NaN,NaN,NaN,NaN,NaN,NaN,NaN,NaN
2474,489,7381.000,50.735,-27.607,0.308,-0.362,NaN,NaN,631,0,3.103,-1.327,NaN,NaN,NaN,NaN,NaN,NaN,NaN,NaN,NaN,NaN,NaN
2475,695,7381.000,1.516,-0.696,-0.152,-0.028,NaN,NaN,631,0,-2.654,-1.327,NaN,NaN,NaN,NaN,NaN,NaN,NaN,NaN,NaN,NaN,NaN
2476,723,7381.000,30.065,-11.927,0.081,-0.057,NaN,NaN,631,0,-2.650,-1.325,NaN,NaN,NaN,NaN,NaN,NaN,NaN,NaN,NaN,NaN,NaN
2477,785,7381.000,30.589,-11.903,0.103,-0.086,0.765,NaN,631,0,3.261,-1.326,1116.000,196.000,1153.000,276.000,NaN,NaN,NaN,NaN,NaN,NaN,NaN
2478,976,7381.000,30.269,-9.704,0.066,-0.051,0.724,0.724,631,0,0.661,0.331,1030.000,205.000,1061.000,267.000,30.300,-9.680,-1.250,0.800,0.580,1.630,-0.280
2479,993,7381.000,29.450,-10.621,0.074,-0.063,0.800,NaN,631,0,3.866,-1.326,1087.000,199.000,1110.000,275.000,NaN,NaN,NaN,NaN,NaN,NaN,NaN
2480,1049,7381.000,31.344,-9.406,0.068,-0.089,0.750,0.838,631,0,0.735,1.000,1010.000,196.000,1033.000,266.000,31.380,-9.370,-1.170,0.680,0.520,1.770,2.080
2481,290,7382.000,34.987,-7.995,0.088,-0.112,NaN,NaN,632,0,-0.430,-1.325,NaN,NaN,NaN,NaN,NaN,NaN,NaN,NaN,NaN,NaN,NaN
2482,489,7382.000,51.043,-27.967,0.309,-0.360,NaN,NaN,632,0,-2.654,-1.327,NaN,NaN,NaN,NaN,NaN,NaN,NaN,NaN,NaN,NaN,NaN
2483,695,7382.000,1.363,-0.722,-0.153,-0.027,NaN,NaN,632,0,-2.654,-1.327,NaN,NaN,NaN,NaN,NaN,NaN,NaN,NaN,NaN,NaN,NaN
2484,723,7382.000,30.144,-11.984,0.080,-0.057,NaN,NaN,632,0,-2.046,-1.325,NaN,NaN,NaN,NaN,NaN,NaN,NaN,NaN,NaN,NaN,NaN
2485,785,7382.000,30.693,-11.989,0.104,-0.086,NaN,NaN,632,0,-2.651,-1.326,NaN,NaN,NaN,NaN,NaN,NaN,NaN,NaN,NaN,NaN,NaN
2486,976,7382.000,30.348,-9.727,0.069,-0.046,0.672,0.991,632,0,0.089,5.979,1033.000,205.000,1061.000,266.000,30.380,-9.670,-1.300,0.780,0.620,1.680,-0.399
2487,993,7382.000,29.518,-10.676,0.075,-0.062,0.806,NaN,632,0,4.053,-1.326,1087.000,199.000,1111.000,275.000,NaN,NaN,NaN,NaN,NaN,NaN,NaN
2488,1049,7382.000,31.419,-9.504,0.070,-0.092,0.785,0.703,632,0,0.945,0.079,1011.000,196.000,1035.000,266.000,31.440,-9.530,-1.270,0.780,0.630,1.710,-0.885
2489,290,7383.000,35.075,-8.108,0.087,-0.113,NaN,NaN,633,0,-1.157,-1.326,NaN,NaN,NaN,NaN,NaN,NaN,NaN,NaN,NaN,NaN,NaN
2490,489,7383.000,51.353,-28.328,0.310,-0.361,NaN,NaN,633,0,-2.654,-1.327,NaN,NaN,NaN,NaN,NaN,NaN,NaN,NaN,NaN,NaN,NaN
2491,695,7383.000,1.208,-0.748,-0.155,-0.026,NaN,NaN,633,0,-2.654,-1.327,NaN,NaN,NaN,NaN,NaN,NaN,NaN,NaN,NaN,NaN,NaN
2492,723,7383.000,30.225,-12.040,0.080,-0.056,NaN,NaN,633,0,-2.649,-1.325,NaN,NaN,NaN,NaN,NaN,NaN,NaN,NaN,NaN,NaN,NaN
2493,785,7383.000,30.897,-12.091,0.110,-0.085,0.795,NaN,633,0,3.665,-1.326,1121.000,197.000,1155.000,272.000,NaN,NaN,NaN,NaN,NaN,NaN,NaN
2494,976,7383.000,30.411,-9.804,0.069,-0.052,0.570,NaN,633,0,0.787,-1.327,1035.000,205.000,1063.000,267.000,NaN,NaN,NaN,NaN,NaN,NaN,NaN
2495,993,7383.000,29.576,-10.724,0.073,-0.059,0.786,NaN,633,0,3.665,-1.326,1088.000,199.000,1112.000,274.000,NaN,NaN,NaN,NaN,NaN,NaN,NaN
2496,1049,7383.000,31.478,-9.605,0.066,-0.096,0.794,NaN,633,0,3.665,-1.327,1013.000,197.000,1040.000,266.000,NaN,NaN,NaN,NaN,NaN,NaN,NaN
2497,290,7384.000,35.163,-8.220,0.088,-0.113,NaN,NaN,634,0,-0.070,-1.327,NaN,NaN,NaN,NaN,NaN,NaN,NaN,NaN,NaN,NaN,NaN
2498,489,7384.000,51.662,-28.687,0.310,-0.359,NaN,NaN,634,0,-2.654,-1.327,NaN,NaN,NaN,NaN,NaN,NaN,NaN,NaN,NaN,NaN,NaN
2499,695,7384.000,1.053,-0.775,-0.155,-0.026,NaN,NaN,634,0,-2.654,-1.327,NaN,NaN,NaN,NaN,NaN,NaN,NaN,NaN,NaN,NaN,NaN
2500,723,7384.000,30.304,-12.096,0.080,-0.056,NaN,NaN,634,0,-2.649,-1.324,NaN,NaN,NaN,NaN,NaN,NaN,NaN,NaN,NaN,NaN,NaN
2501,785,7384.000,31.005,-12.180,0.105,-0.084,0.732,NaN,634,0,2.590,-1.326,1124.000,199.000,1158.000,273.000,NaN,NaN,NaN,NaN,NaN,NaN,NaN
2502,976,7384.000,30.499,-9.819,0.073,-0.042,0.731,0.047,634,0,0.553,-1.780,1037.000,204.000,1065.000,267.000,30.540,-9.720,-1.210,0.800,0.610,1.830,-0.267
2503,993,7384.000,29.654,-10.769,0.073,-0.055,0.784,NaN,634,0,3.460,-1.326,1088.000,197.000,1113.000,274.000,NaN,NaN,NaN,NaN,NaN,NaN,NaN
2504,1049,7384.000,31.541,-9.671,0.066,-0.089,0.786,0.936,634,0,0.817,2.487,1014.000,198.000,1043.000,267.000,31.550,-9.580,-1.190,1.030,0.540,1.940,2.221
2505,290,7385.000,35.250,-8.333,0.087,-0.113,NaN,NaN,635,0,-2.653,-1.327,NaN,NaN,NaN,NaN,NaN,NaN,NaN,NaN,NaN,NaN,NaN
2506,489,7385.000,51.972,-29.046,0.310,-0.359,NaN,NaN,635,0,-0.794,-1.327,NaN,NaN,NaN,NaN,NaN,NaN,NaN,NaN,NaN,NaN,NaN
2507,695,7385.000,0.897,-0.800,-0.156,-0.025,NaN,NaN,635,0,-2.654,-1.327,NaN,NaN,NaN,NaN,NaN,NaN,NaN,NaN,NaN,NaN,NaN
2508,723,7385.000,30.386,-12.154,0.081,-0.057,NaN,NaN,635,0,-0.118,-1.324,NaN,NaN,NaN,NaN,NaN,NaN,NaN,NaN,NaN,NaN,NaN
2509,785,7385.000,31.171,-12.282,0.108,-0.084,0.759,NaN,635,0,3.077,-1.325,1124.000,199.000,1160.000,273.000,NaN,NaN,NaN,NaN,NaN,NaN,NaN
2510,976,7385.000,30.563,-9.896,0.069,-0.050,0.753,NaN,635,0,2.906,-1.327,1038.000,204.000,1065.000,267.000,NaN,NaN,NaN,NaN,NaN,NaN,NaN
2511,993,7385.000,29.741,-10.806,0.076,-0.048,0.773,NaN,635,0,3.261,-1.326,1089.000,197.000,1113.000,274.000,NaN,NaN,NaN,NaN,NaN,NaN,NaN
2512,1049,7385.000,31.612,-9.753,0.067,-0.088,0.740,NaN,635,0,2.746,-1.327,1015.000,198.000,1044.000,266.000,NaN,NaN,NaN,NaN,NaN,NaN,NaN
2513,290,7386.000,35.337,-8.447,0.087,-0.113,NaN,NaN,636,0,-0.289,-1.327,NaN,NaN,NaN,NaN,NaN,NaN,NaN,NaN,NaN,NaN,NaN
2514,489,7386.000,52.283,-29.406,0.310,-0.359,NaN,NaN,636,0,-0.712,-1.327,NaN,NaN,NaN,NaN,NaN,NaN,NaN,NaN,NaN,NaN,NaN
2515,695,7386.000,0.741,-0.826,-0.155,-0.026,NaN,NaN,636,0,-2.654,-1.327,NaN,NaN,NaN,NaN,NaN,NaN,NaN,NaN,NaN,NaN,NaN
2516,723,7386.000,30.469,-12.211,0.082,-0.057,NaN,NaN,636,0,-2.649,-1.324,NaN,NaN,NaN,NaN,NaN,NaN,NaN,NaN,NaN,NaN,NaN
2517,785,7386.000,31.305,-12.399,0.106,-0.089,0.744,NaN,636,0,2.746,-1.325,1130.000,199.000,1162.000,271.000,NaN,NaN,NaN,NaN,NaN,NaN,NaN
2518,976,7386.000,30.636,-9.962,0.070,-0.052,0.785,NaN,636,0,3.665,-1.326,1040.000,206.000,1065.000,267.000,NaN,NaN,NaN,NaN,NaN,NaN,NaN
2519,993,7386.000,29.835,-10.852,0.078,-0.049,0.737,NaN,636,0,2.746,-1.326,1090.000,197.000,1113.000,274.000,NaN,NaN,NaN,NaN,NaN,NaN,NaN
2520,1049,7386.000,31.682,-9.844,0.066,-0.088,0.724,NaN,636,0,2.434,-1.327,1021.000,197.000,1045.000,266.000,NaN,NaN,NaN,NaN,NaN,NaN,NaN
2521,290,7387.000,35.423,-8.559,0.086,-0.112,NaN,NaN,637,0,-0.264,-1.327,NaN,NaN,NaN,NaN,NaN,NaN,NaN,NaN,NaN,NaN,NaN
2522,489,7387.000,52.593,-29.765,0.310,-0.359,NaN,NaN,637,0,-2.654,-1.327,NaN,NaN,NaN,NaN,NaN,NaN,NaN,NaN,NaN,NaN,NaN
2523,695,7387.000,0.586,-0.851,-0.156,-0.025,NaN,NaN,637,0,-2.654,-1.327,NaN,NaN,NaN,NaN,NaN,NaN,NaN,NaN,NaN,NaN,NaN
2524,723,7387.000,29.424,-11.745,-0.008,-0.010,0.540,0.105,637,0,-0.436,-1.329,1136.000,198.000,1162.000,270.000,29.340,-11.680,-1.220,0.940,0.480,1.850,2.668
2525,785,7387.000,31.411,-12.488,0.105,-0.089,NaN,NaN,637,0,-2.650,-1.325,NaN,NaN,NaN,NaN,NaN,NaN,NaN,NaN,NaN,NaN,NaN
2526,976,7387.000,30.707,-10.025,0.070,-0.053,0.752,NaN,637,0,2.906,-1.326,1042.000,206.000,1066.000,267.000,NaN,NaN,NaN,NaN,NaN,NaN,NaN
2527,993,7387.000,29.986,-10.906,0.084,-0.045,0.776,0.001,637,0,1.158,-1.835,1091.000,198.000,1115.000,272.000,30.000,-10.750,-1.290,0.800,0.580,1.720,1.115
2528,1049,7387.000,31.748,-9.950,0.068,-0.094,0.489,NaN,637,0,0.179,-1.327,1028.000,194.000,1045.000,266.000,NaN,NaN,NaN,NaN,NaN,NaN,NaN
2529,290,7388.000,35.510,-8.671,0.086,-0.112,NaN,NaN,638,0,-2.653,-1.327,NaN,NaN,NaN,NaN,NaN,NaN,NaN,NaN,NaN,NaN,NaN
2530,489,7388.000,52.903,-30.124,0.311,-0.360,NaN,NaN,638,0,-2.654,-1.327,NaN,NaN,NaN,NaN,NaN,NaN,NaN,NaN,NaN,NaN,NaN
2531,695,7388.000,0.431,-0.876,-0.155,-0.025,NaN,NaN,638,0,-2.654,-1.327,NaN,NaN,NaN,NaN,NaN,NaN,NaN,NaN,NaN,NaN,NaN
2532,723,7388.000,29.446,-11.793,-0.010,-0.012,0.520,0.104,638,0,-0.564,-1.329,1137.000,197.000,1165.000,270.000,29.480,-11.810,-1.220,0.790,0.460,1.750,-1.408
2533,785,7388.000,31.169,-12.708,0.060,-0.135,0.030,NaN,638,0,-2.811,-1.324,1156.000,200.000,1167.000,251.000,NaN,NaN,NaN,NaN,NaN,NaN,NaN
2534,976,7388.000,30.803,-10.063,0.076,-0.047,0.758,0.031,638,0,0.808,-1.877,1044.000,206.000,1067.000,267.000,30.850,-10.030,-1.390,0.700,0.600,1.610,-0.588
2535,993,7388.000,29.944,-10.908,0.070,-0.040,0.786,0.018,638,0,1.237,-1.818,1091.000,198.000,1116.000,273.000,29.850,-10.840,-1.310,0.970,0.440,1.750,2.453
2536,1049,7388.000,32.059,-10.093,0.112,-0.102,0.643,0.007,638,0,-0.540,-1.999,1028.000,194.000,1049.000,265.000,32.250,-9.990,-1.010,1.540,0.370,1.600,0.296
2537,290,7389.000,35.596,-8.783,0.086,-0.113,NaN,NaN,639,0,-0.351,-1.327,NaN,NaN,NaN,NaN,NaN,NaN,NaN,NaN,NaN,NaN,NaN
2538,489,7389.000,53.215,-30.484,0.311,-0.360,NaN,NaN,639,0,-2.654,-1.327,NaN,NaN,NaN,NaN,NaN,NaN,NaN,NaN,NaN,NaN,NaN
2539,695,7389.000,0.275,-0.899,-0.155,-0.023,NaN,NaN,639,0,-2.654,-1.327,NaN,NaN,NaN,NaN,NaN,NaN,NaN,NaN,NaN,NaN,NaN
2540,723,7389.000,29.444,-11.792,-0.006,-0.006,0.663,NaN,639,0,1.613,-1.324,1138.000,196.000,1162.000,273.000,NaN,NaN,NaN,NaN,NaN,NaN,NaN
2541,785,7389.000,31.266,-12.823,0.066,-0.125,0.166,NaN,639,0,-1.621,-1.322,1157.000,204.000,1168.000,250.000,NaN,NaN,NaN,NaN,NaN,NaN,NaN
2542,976,7389.000,30.865,-10.134,0.071,-0.053,0.576,NaN,639,0,0.862,-1.324,1045.000,206.000,1070.000,268.000,NaN,NaN,NaN,NaN,NaN,NaN,NaN
2543,993,7389.000,30.012,-10.963,0.069,-0.044,0.779,NaN,639,0,3.460,-1.325,1091.000,199.000,1118.000,272.000,NaN,NaN,NaN,NaN,NaN,NaN,NaN
2544,1049,7389.000,32.165,-10.190,0.114,-0.102,0.596,NaN,639,0,1.024,-1.327,1032.000,195.000,1049.000,264.000,NaN,NaN,NaN,NaN,NaN,NaN,NaN
2545,290,7390.000,35.682,-8.896,0.086,-0.112,NaN,NaN,640,0,-0.264,-1.327,NaN,NaN,NaN,NaN,NaN,NaN,NaN,NaN,NaN,NaN,NaN
2546,489,7390.000,53.526,-30.844,0.311,-0.359,NaN,NaN,640,0,-2.654,-1.327,NaN,NaN,NaN,NaN,NaN,NaN,NaN,NaN,NaN,NaN,NaN
2547,695,7390.000,0.120,-0.922,-0.156,-0.023,NaN,NaN,640,0,-2.654,-1.327,NaN,NaN,NaN,NaN,NaN,NaN,NaN,NaN,NaN,NaN,NaN
2548,723,7390.000,29.423,-11.796,-0.007,-0.008,0.611,NaN,640,0,1.112,-1.324,1140.000,195.000,1164.000,273.000,NaN,NaN,NaN,NaN,NaN,NaN,NaN
2549,785,7390.000,31.352,-12.904,0.079,-0.106,0.118,NaN,640,0,-2.112,-1.322,1159.000,208.000,1169.000,248.000,NaN,NaN,NaN,NaN,NaN,NaN,NaN
2550,976,7390.000,30.950,-10.195,0.074,-0.053,0.553,0.592,640,0,-0.829,-0.286,1050.000,205.000,1071.000,268.000,30.960,-10.230,-1.280,0.760,0.710,1.640,-0.089
2551,993,7390.000,30.056,-11.007,0.064,-0.046,0.763,0.027,640,0,1.026,-1.793,1092.000,200.000,1119.000,273.000,30.000,-10.990,-1.400,0.770,0.610,1.690,-0.001
2552,1049,7390.000,32.166,-10.241,0.089,-0.092,0.420,0.076,640,0,-1.802,-1.715,1029.000,201.000,1054.000,266.000,32.070,-10.130,-1.240,0.690,0.710,1.860,-0.865
2553,290,7391.000,35.769,-9.008,0.086,-0.112,NaN,NaN,641,0,-0.289,-1.327,NaN,NaN,NaN,NaN,NaN,NaN,NaN,NaN,NaN,NaN,NaN
2554,489,7391.000,53.837,-31.203,0.310,-0.359,NaN,NaN,641,0,-2.654,-1.327,NaN,NaN,NaN,NaN,NaN,NaN,NaN,NaN,NaN,NaN,NaN
2555,695,7391.000,-0.035,-0.945,-0.155,-0.023,NaN,NaN,641,0,-2.654,-1.327,NaN,NaN,NaN,NaN,NaN,NaN,NaN,NaN,NaN,NaN,NaN
2556,723,7391.000,29.401,-11.819,-0.009,-0.015,0.525,NaN,641,0,0.468,-1.324,1143.000,196.000,1164.000,271.000,NaN,NaN,NaN,NaN,NaN,NaN,NaN
2557,785,7391.000,31.410,-12.929,0.101,-0.081,0.065,NaN,641,0,-2.267,-1.322,1156.000,202.000,1169.000,247.000,NaN,NaN,NaN,NaN,NaN,NaN,NaN
2558,976,7391.000,31.008,-10.307,0.070,-0.070,0.634,NaN,641,0,1.305,-1.316,1052.000,204.000,1074.000,267.000,NaN,NaN,NaN,NaN,NaN,NaN,NaN
2559,993,7391.000,30.132,-11.053,0.067,-0.044,0.764,NaN,641,0,3.077,-1.325,1092.000,200.000,1120.000,272.000,NaN,NaN,NaN,NaN,NaN,NaN,NaN
2560,1049,7391.000,32.226,-10.298,0.082,-0.082,0.541,0.005,641,0,-1.148,-1.999,1037.000,202.000,1056.000,265.000,32.180,-10.200,-1.130,0.810,0.610,1.710,-0.484
2561,290,7392.000,35.853,-9.119,0.085,-0.112,NaN,NaN,642,0,-0.351,-1.327,NaN,NaN,NaN,NaN,NaN,NaN,NaN,NaN,NaN,NaN,NaN
2562,489,7392.000,54.148,-31.561,0.311,-0.359,NaN,NaN,642,0,-2.654,-1.327,NaN,NaN,NaN,NaN,NaN,NaN,NaN,NaN,NaN,NaN,NaN
2563,695,7392.000,-0.192,-0.968,-0.156,-0.023,NaN,NaN,642,0,-2.654,-1.327,NaN,NaN,NaN,NaN,NaN,NaN,NaN,NaN,NaN,NaN,NaN
2564,723,7392.000,29.374,-11.864,-0.013,-0.025,0.609,NaN,642,0,1.112,-1.324,1144.000,197.000,1170.000,276.000,NaN,NaN,NaN,NaN,NaN,NaN,NaN
2565,785,7392.000,31.519,-12.981,0.112,-0.071,0.039,NaN,642,0,-2.692,-1.322,1157.000,200.000,1171.000,248.000,NaN,NaN,NaN,NaN,NaN,NaN,NaN
2566,976,7392.000,31.091,-10.371,0.072,-0.068,0.556,NaN,642,0,0.715,-1.294,1052.000,204.000,1072.000,266.000,NaN,NaN,NaN,NaN,NaN,NaN,NaN
2567,993,7392.000,30.203,-11.110,0.068,-0.048,0.750,NaN,642,0,2.906,-1.325,1095.000,200.000,1121.000,272.000,NaN,NaN,NaN,NaN,NaN,NaN,NaN
2568,1049,7392.000,32.310,-10.377,0.082,-0.080,0.594,NaN,642,0,0.941,-1.327,1036.000,200.000,1056.000,266.000,NaN,NaN,NaN,NaN,NaN,NaN,NaN
2569,290,7393.000,35.937,-9.230,0.083,-0.110,NaN,NaN,643,0,-2.653,-1.327,NaN,NaN,NaN,NaN,NaN,NaN,NaN,NaN,NaN,NaN,NaN
2570,489,7393.000,54.460,-31.921,0.312,-0.360,NaN,NaN,643,0,-2.654,-1.327,NaN,NaN,NaN,NaN,NaN,NaN,NaN,NaN,NaN,NaN,NaN
2571,695,7393.000,-0.347,-0.991,-0.156,-0.024,NaN,NaN,643,0,-2.654,-1.327,NaN,NaN,NaN,NaN,NaN,NaN,NaN,NaN,NaN,NaN,NaN
2572,723,7393.000,29.680,-12.034,0.032,-0.046,0.670,0.001,643,0,0.089,-1.832,1144.000,196.000,1170.000,274.000,29.840,-12.150,-1.260,1.770,0.570,1.750,-0.487
2573,785,7393.000,31.631,-13.053,0.113,-0.072,NaN,NaN,643,0,-2.645,-1.322,NaN,NaN,NaN,NaN,NaN,NaN,NaN,NaN,NaN,NaN,NaN
2574,976,7393.000,31.159,-10.460,0.070,-0.075,0.706,NaN,643,0,2.046,-1.277,1053.000,205.000,1080.000,265.000,NaN,NaN,NaN,NaN,NaN,NaN,NaN
2575,993,7393.000,30.259,-11.175,0.065,-0.052,0.711,NaN,643,0,2.280,-1.324,1099.000,199.000,1123.000,272.000,NaN,NaN,NaN,NaN,NaN,NaN,NaN
2576,1049,7393.000,32.380,-10.488,0.077,-0.088,0.414,NaN,643,0,-0.333,-1.327,1042.000,201.000,1058.000,266.000,NaN,NaN,NaN,NaN,NaN,NaN,NaN
2577,290,7394.000,36.020,-9.339,0.083,-0.109,NaN,NaN,644,0,-2.653,-1.327,NaN,NaN,NaN,NaN,NaN,NaN,NaN,NaN,NaN,NaN,NaN
2578,489,7394.000,54.772,-32.279,0.311,-0.359,NaN,NaN,644,0,-2.654,-1.327,NaN,NaN,NaN,NaN,NaN,NaN,NaN,NaN,NaN,NaN,NaN
2579,695,7394.000,-0.504,-1.016,-0.156,-0.025,NaN,NaN,644,0,-2.654,-1.327,NaN,NaN,NaN,NaN,NaN,NaN,NaN,NaN,NaN,NaN,NaN
2580,723,7394.000,29.709,-12.067,0.031,-0.040,0.622,NaN,644,0,1.205,-1.323,1144.000,197.000,1171.000,274.000,NaN,NaN,NaN,NaN,NaN,NaN,NaN
2581,785,7394.000,31.754,-13.158,0.104,-0.078,0.042,NaN,644,0,-2.963,-1.323,1165.000,213.000,1173.000,246.000,NaN,NaN,NaN,NaN,NaN,NaN,NaN
2582,976,7394.000,31.232,-10.537,0.070,-0.076,0.715,NaN,644,0,2.434,-1.255,1054.000,204.000,1080.000,265.000,NaN,NaN,NaN,NaN,NaN,NaN,NaN
2583,993,7394.000,30.324,-11.232,0.064,-0.055,0.787,NaN,644,0,3.665,-1.324,1100.000,199.000,1123.000,272.000,NaN,NaN,NaN,NaN,NaN,NaN,NaN
2584,1049,7394.000,32.466,-10.562,0.079,-0.084,0.443,NaN,644,0,-0.152,-1.326,1043.000,198.000,1059.000,265.000,NaN,NaN,NaN,NaN,NaN,NaN,NaN
2585,290,7395.000,36.105,-9.449,0.085,-0.110,NaN,NaN,645,0,-0.392,-1.327,NaN,NaN,NaN,NaN,NaN,NaN,NaN,NaN,NaN,NaN,NaN
2586,489,7395.000,55.083,-32.637,0.311,-0.359,NaN,NaN,645,0,-2.654,-1.327,NaN,NaN,NaN,NaN,NaN,NaN,NaN,NaN,NaN,NaN,NaN
2587,695,7395.000,-0.661,-1.041,-0.157,-0.025,NaN,NaN,645,0,-2.654,-1.327,NaN,NaN,NaN,NaN,NaN,NaN,NaN,NaN,NaN,NaN,NaN
2588,723,7395.000,29.726,-12.106,0.028,-0.041,0.613,NaN,645,0,1.112,-1.323,1148.000,195.000,1171.000,273.000,NaN,NaN,NaN,NaN,NaN,NaN,NaN
2589,785,7395.000,31.800,-13.216,0.098,-0.077,0.035,NaN,645,0,-3.092,-1.323,1166.000,212.000,1175.000,247.000,NaN,NaN,NaN,NaN,NaN,NaN,NaN
2590,976,7395.000,31.308,-10.599,0.071,-0.072,0.585,NaN,645,0,0.649,-1.257,1055.000,205.000,1081.000,265.000,NaN,NaN,NaN,NaN,NaN,NaN,NaN
2591,993,7395.000,30.389,-11.292,0.064,-0.057,0.787,NaN,645,0,3.665,-1.324,1101.000,198.000,1125.000,272.000,NaN,NaN,NaN,NaN,NaN,NaN,NaN
2592,1049,7395.000,32.550,-10.641,0.079,-0.082,0.256,NaN,645,0,-0.987,-1.326,1044.000,198.000,1063.000,265.000,NaN,NaN,NaN,NaN,NaN,NaN,NaN
2593,290,7396.000,36.191,-9.558,0.086,-0.109,NaN,NaN,646,0,-0.322,-1.326,NaN,NaN,NaN,NaN,NaN,NaN,NaN,NaN,NaN,NaN,NaN
2594,489,7396.000,55.393,-32.996,0.310,-0.359,NaN,NaN,646,0,-2.654,-1.327,NaN,NaN,NaN,NaN,NaN,NaN,NaN,NaN,NaN,NaN,NaN
2595,695,7396.000,-0.817,-1.067,-0.156,-0.026,NaN,NaN,646,0,-2.654,-1.327,NaN,NaN,NaN,NaN,NaN,NaN,NaN,NaN,NaN,NaN,NaN
2596,723,7396.000,30.001,-12.226,0.066,-0.052,0.664,0.010,646,0,0.022,-1.826,1149.000,195.000,1172.000,272.000,30.100,-12.220,-1.150,0.700,0.510,1.840,0.595
2597,785,7396.000,31.903,-13.274,0.097,-0.066,0.073,NaN,646,0,-2.500,-1.323,1166.000,208.000,1175.000,246.000,NaN,NaN,NaN,NaN,NaN,NaN,NaN
2598,976,7396.000,31.381,-10.613,0.076,-0.056,0.444,NaN,646,0,-0.146,-1.276,1049.000,198.000,1080.000,267.000,NaN,NaN,NaN,NaN,NaN,NaN,NaN
2599,993,7396.000,30.451,-11.353,0.064,-0.060,0.786,NaN,646,0,3.665,-1.324,1103.000,198.000,1126.000,272.000,NaN,NaN,NaN,NaN,NaN,NaN,NaN
2600,1049,7396.000,32.622,-10.726,0.076,-0.082,0.254,NaN,646,0,-1.039,-1.324,1048.000,198.000,1065.000,266.000,NaN,NaN,NaN,NaN,NaN,NaN,NaN
2601,290,7397.000,36.277,-9.668,0.086,-0.110,NaN,NaN,647,0,-2.652,-1.326,NaN,NaN,NaN,NaN,NaN,NaN,NaN,NaN,NaN,NaN,NaN
2602,489,7397.000,55.703,-33.355,0.310,-0.359,NaN,NaN,647,0,-2.654,-1.327,NaN,NaN,NaN,NaN,NaN,NaN,NaN,NaN,NaN,NaN,NaN
2603,695,7397.000,-0.973,-1.092,-0.156,-0.025,NaN,NaN,647,0,-2.654,-1.327,NaN,NaN,NaN,NaN,NaN,NaN,NaN,NaN,NaN,NaN,NaN
2604,723,7397.000,30.072,-12.293,0.068,-0.057,0.678,NaN,647,0,1.846,-1.322,1150.000,195.000,1174.000,271.000,NaN,NaN,NaN,NaN,NaN,NaN,NaN
2605,785,7397.000,31.999,-13.339,0.096,-0.066,NaN,NaN,647,0,-2.647,-1.323,NaN,NaN,NaN,NaN,NaN,NaN,NaN,NaN,NaN,NaN,NaN
2606,976,7397.000,31.465,-10.628,0.079,-0.044,0.405,NaN,647,0,-0.364,-1.259,1049.000,198.000,1081.000,265.000,NaN,NaN,NaN,NaN,NaN,NaN,NaN
2607,993,7397.000,30.514,-11.408,0.066,-0.059,0.786,NaN,647,0,3.665,-1.325,1103.000,198.000,1127.000,272.000,NaN,NaN,NaN,NaN,NaN,NaN,NaN
2608,1049,7397.000,32.744,-10.801,0.086,-0.079,0.272,NaN,647,0,-0.929,-1.320,1049.000,198.000,1065.000,265.000,NaN,NaN,NaN,NaN,NaN,NaN,NaN
2609,290,7398.000,36.364,-9.778,0.086,-0.110,NaN,NaN,648,0,-0.264,-1.326,NaN,NaN,NaN,NaN,NaN,NaN,NaN,NaN,NaN,NaN,NaN
2610,489,7398.000,56.014,-33.713,0.311,-0.357,NaN,NaN,648,0,-2.654,-1.327,NaN,NaN,NaN,NaN,NaN,NaN,NaN,NaN,NaN,NaN,NaN
2611,695,7398.000,-1.127,-1.116,-0.154,-0.024,NaN,NaN,648,0,-2.654,-1.327,NaN,NaN,NaN,NaN,NaN,NaN,NaN,NaN,NaN,NaN,NaN
2612,723,7398.000,30.156,-12.346,0.071,-0.055,0.600,NaN,648,0,1.024,-1.323,1150.000,195.000,1174.000,272.000,NaN,NaN,NaN,NaN,NaN,NaN,NaN
2613,785,7398.000,32.097,-13.405,0.098,-0.066,NaN,NaN,648,0,-2.647,-1.324,NaN,NaN,NaN,NaN,NaN,NaN,NaN,NaN,NaN,NaN,NaN
2614,976,7398.000,31.455,-10.800,0.060,-0.080,0.528,NaN,648,0,0.251,-1.266,1070.000,211.000,1085.000,263.000,NaN,NaN,NaN,NaN,NaN,NaN,NaN
2615,993,7398.000,30.592,-11.450,0.068,-0.053,0.802,NaN,648,0,3.866,-1.325,1104.000,199.000,1127.000,272.000,NaN,NaN,NaN,NaN,NaN,NaN,NaN
2616,1049,7398.000,32.825,-10.897,0.084,-0.084,0.573,NaN,648,0,0.787,-1.317,1051.000,198.000,1073.000,267.000,NaN,NaN,NaN,NaN,NaN,NaN,NaN
2617,290,7399.000,36.448,-9.888,0.084,-0.110,NaN,NaN,649,0,-2.651,-1.326,NaN,NaN,NaN,NaN,NaN,NaN,NaN,NaN,NaN,NaN,NaN
2618,489,7399.000,56.325,-34.070,0.311,-0.357,NaN,NaN,649,0,-2.654,-1.327,NaN,NaN,NaN,NaN,NaN,NaN,NaN,NaN,NaN,NaN,NaN
2619,695,7399.000,-1.282,-1.140,-0.155,-0.025,NaN,NaN,649,0,-0.224,-1.327,NaN,NaN,NaN,NaN,NaN,NaN,NaN,NaN,NaN,NaN,NaN
2620,723,7399.000,30.258,-12.366,0.083,-0.047,0.586,NaN,649,0,0.941,-1.323,1149.000,195.000,1171.000,271.000,NaN,NaN,NaN,NaN,NaN,NaN,NaN
2621,785,7399.000,31.995,-13.390,0.095,-0.065,0.058,NaN,649,0,-2.634,-1.324,1170.000,210.000,1179.000,248.000,NaN,NaN,NaN,NaN,NaN,NaN,NaN
2622,976,7399.000,31.529,-10.883,0.059,-0.080,0.640,NaN,649,0,1.183,-1.315,1070.000,211.000,1086.000,264.000,NaN,NaN,NaN,NaN,NaN,NaN,NaN
2623,993,7399.000,30.665,-11.488,0.070,-0.050,0.780,NaN,649,0,3.460,-1.325,1104.000,200.000,1128.000,272.000,NaN,NaN,NaN,NaN,NaN,NaN,NaN
2624,1049,7399.000,32.910,-10.990,0.083,-0.087,0.098,NaN,649,0,-1.787,-1.299,1052.000,204.000,1075.000,266.000,NaN,NaN,NaN,NaN,NaN,NaN,NaN
2625,290,7400.000,36.532,-9.997,0.084,-0.109,NaN,NaN,650,0,-2.650,-1.325,NaN,NaN,NaN,NaN,NaN,NaN,NaN,NaN,NaN,NaN,NaN
2626,489,7400.000,56.637,-34.427,0.312,-0.357,NaN,NaN,650,0,-2.654,-1.327,NaN,NaN,NaN,NaN,NaN,NaN,NaN,NaN,NaN,NaN,NaN
2627,695,7400.000,-1.436,-1.165,-0.154,-0.025,NaN,NaN,650,0,-2.654,-1.327,NaN,NaN,NaN,NaN,NaN,NaN,NaN,NaN,NaN,NaN,NaN
2628,723,7400.000,30.339,-12.413,0.082,-0.047,0.696,NaN,650,0,2.128,-1.322,1150.000,195.000,1174.000,272.000,NaN,NaN,NaN,NaN,NaN,NaN,NaN
2629,785,7400.000,31.863,-13.344,0.091,-0.058,0.056,NaN,650,0,-2.635,-1.324,1170.000,210.000,1179.000,248.000,NaN,NaN,NaN,NaN,NaN,NaN,NaN
2630,976,7400.000,31.618,-10.943,0.063,-0.071,0.550,NaN,650,0,0.422,-1.320,1070.000,209.000,1086.000,264.000,NaN,NaN,NaN,NaN,NaN,NaN,NaN
2631,993,7400.000,30.735,-11.522,0.070,-0.047,0.793,NaN,650,0,3.665,-1.325,1104.000,200.000,1128.000,272.000,NaN,NaN,NaN,NaN,NaN,NaN,NaN
2632,1049,7400.000,33.042,-11.002,0.099,-0.064,0.027,NaN,650,0,-2.418,-1.264,1053.000,203.000,1067.000,266.000,NaN,NaN,NaN,NaN,NaN,NaN,NaN
2633,1245,7400.000,31.520,-10.760,0.000,0.000,0.170,0.364,650,0,-2.837,-0.951,1055.000,199.000,1075.000,265.000,31.520,-10.760,-1.460,0.730,0.630,1.770,0.226
2634,290,7401.000,36.616,-10.107,0.084,-0.110,NaN,NaN,651,0,-2.642,-1.321,NaN,NaN,NaN,NaN,NaN,NaN,NaN,NaN,NaN,NaN,NaN
2635,489,7401.000,56.949,-34.785,0.313,-0.357,NaN,NaN,651,0,-2.654,-1.327,NaN,NaN,NaN,NaN,NaN,NaN,NaN,NaN,NaN,NaN,NaN
2636,695,7401.000,0.556,0.149,-0.133,-0.013,0.258,NaN,651,0,-0.442,-1.327,22.000,554.000,232.000,703.000,NaN,NaN,NaN,NaN,NaN,NaN,NaN
2637,723,7401.000,30.423,-12.459,0.082,-0.046,0.632,NaN,651,0,1.305,-1.323,1152.000,197.000,1173.000,272.000,NaN,NaN,NaN,NaN,NaN,NaN,NaN
2638,785,7401.000,31.954,-13.402,0.090,-0.058,NaN,NaN,651,0,-2.649,-1.324,NaN,NaN,NaN,NaN,NaN,NaN,NaN,NaN,NaN,NaN,NaN
2639,976,7401.000,31.672,-10.990,0.060,-0.063,0.635,NaN,651,0,1.407,-1.323,1069.000,199.000,1089.000,264.000,NaN,NaN,NaN,NaN,NaN,NaN,NaN
2640,993,7401.000,30.832,-11.573,0.071,-0.047,0.799,NaN,651,0,3.866,-1.325,1105.000,199.000,1128.000,271.000,NaN,NaN,NaN,NaN,NaN,NaN,NaN
2641,1049,7401.000,33.142,-11.126,0.094,-0.081,0.031,NaN,651,0,-2.464,-1.288,1059.000,199.000,1076.000,264.000,NaN,NaN,NaN,NaN,NaN,NaN,NaN
2642,1245,7401.000,31.525,-10.753,0.008,-0.002,NaN,NaN,651,0,-2.598,-1.299,NaN,NaN,NaN,NaN,NaN,NaN,NaN,NaN,NaN,NaN,NaN
2643,290,7402.000,36.700,-10.218,0.085,-0.111,NaN,NaN,652,0,-0.488,-1.311,NaN,NaN,NaN,NaN,NaN,NaN,NaN,NaN,NaN,NaN,NaN
2644,489,7402.000,57.261,-35.139,0.312,-0.355,NaN,NaN,652,0,-2.654,-1.327,NaN,NaN,NaN,NaN,NaN,NaN,NaN,NaN,NaN,NaN,NaN
2645,695,7402.000,0.421,0.138,-0.134,-0.012,NaN,NaN,652,0,-2.654,-1.327,NaN,NaN,NaN,NaN,NaN,NaN,NaN,NaN,NaN,NaN,NaN
2646,723,7402.000,30.511,-12.519,0.082,-0.049,0.492,NaN,652,0,0.179,-1.323,1153.000,196.000,1175.000,272.000,NaN,NaN,NaN,NaN,NaN,NaN,NaN
2647,785,7402.000,32.218,-13.520,0.096,-0.058,0.050,NaN,652,0,-2.545,-1.325,1171.000,207.000,1180.000,249.000,NaN,NaN,NaN,NaN,NaN,NaN,NaN
2648,976,7402.000,31.736,-11.029,0.061,-0.056,0.699,NaN,652,0,2.128,-1.324,1067.000,198.000,1091.000,266.000,NaN,NaN,NaN,NaN,NaN,NaN,NaN
2649,993,7402.000,30.916,-11.614,0.073,-0.044,0.788,NaN,652,0,3.665,-1.325,1105.000,199.000,1129.000,271.000,NaN,NaN,NaN,NaN,NaN,NaN,NaN
2650,1049,7402.000,33.236,-11.207,0.094,-0.081,NaN,NaN,652,0,-2.483,-1.241,NaN,NaN,NaN,NaN,NaN,NaN,NaN,NaN,NaN,NaN,NaN
2651,1245,7402.000,31.535,-10.756,0.010,-0.003,NaN,NaN,652,0,-2.598,-1.299,NaN,NaN,NaN,NaN,NaN,NaN,NaN,NaN,NaN,NaN,NaN
2652,290,7403.000,36.783,-10.326,0.084,-0.108,NaN,NaN,653,0,-2.590,-1.295,NaN,NaN,NaN,NaN,NaN,NaN,NaN,NaN,NaN,NaN,NaN
2653,489,7403.000,57.572,-35.493,0.310,-0.354,NaN,NaN,653,0,-2.654,-1.327,NaN,NaN,NaN,NaN,NaN,NaN,NaN,NaN,NaN,NaN,NaN
2654,695,7403.000,0.287,0.126,-0.135,-0.011,NaN,NaN,653,0,-2.654,-1.327,NaN,NaN,NaN,NaN,NaN,NaN,NaN,NaN,NaN,NaN,NaN
2655,723,7403.000,30.591,-12.520,0.084,-0.035,0.319,NaN,653,0,-0.774,-1.323,1147.000,195.000,1172.000,272.000,NaN,NaN,NaN,NaN,NaN,NaN,NaN
2656,785,7403.000,31.959,-13.346,0.101,-0.026,0.141,NaN,653,0,-1.608,-1.325,1158.000,196.000,1175.000,267.000,NaN,NaN,NaN,NaN,NaN,NaN,NaN
2657,976,7403.000,31.797,-11.312,0.039,-0.121,0.026,NaN,653,0,-2.811,-1.324,1089.000,209.000,1105.000,269.000,NaN,NaN,NaN,NaN,NaN,NaN,NaN
2658,993,7403.000,30.854,-11.570,0.063,-0.028,0.754,0.058,653,0,0.735,-1.711,1105.000,199.000,1129.000,271.000,30.890,-11.510,-1.340,0.800,0.630,1.830,0.052
2659,1049,7403.000,33.330,-11.286,0.094,-0.079,NaN,NaN,653,0,-2.468,-1.234,NaN,NaN,NaN,NaN,NaN,NaN,NaN,NaN,NaN,NaN,NaN
2660,1245,7403.000,31.679,-10.872,0.039,-0.032,0.693,0.664,653,0,-0.186,-0.201,1068.000,197.000,1092.000,267.000,31.760,-10.920,-1.430,0.700,0.660,1.790,0.682
2661,290,7404.000,36.867,-10.434,0.083,-0.108,NaN,NaN,654,0,-0.656,-1.288,NaN,NaN,NaN,NaN,NaN,NaN,NaN,NaN,NaN,NaN,NaN
2662,489,7404.000,57.883,-35.845,0.311,-0.353,NaN,NaN,654,0,-2.654,-1.327,NaN,NaN,NaN,NaN,NaN,NaN,NaN,NaN,NaN,NaN,NaN
2663,695,7404.000,0.152,0.115,-0.135,-0.011,NaN,NaN,654,0,-2.550,-1.327,NaN,NaN,NaN,NaN,NaN,NaN,NaN,NaN,NaN,NaN,NaN
2664,723,7404.000,30.680,-12.554,0.084,-0.034,0.590,NaN,654,0,0.941,-1.323,1149.000,194.000,1175.000,271.000,NaN,NaN,NaN,NaN,NaN,NaN,NaN
2665,785,7404.000,32.059,-13.371,0.101,-0.025,NaN,NaN,654,0,-0.819,-1.324,NaN,NaN,NaN,NaN,NaN,NaN,NaN,NaN,NaN,NaN,NaN
2666,976,7404.000,31.774,-11.424,0.033,-0.124,0.141,NaN,654,0,-1.803,-1.326,1090.000,212.000,1105.000,269.000,NaN,NaN,NaN,NaN,NaN,NaN,NaN
2667,993,7404.000,30.909,-11.603,0.060,-0.029,0.770,NaN,654,0,3.261,-1.325,1106.000,198.000,1130.000,271.000,NaN,NaN,NaN,NaN,NaN,NaN,NaN
2668,1049,7404.000,33.425,-11.364,0.095,-0.077,NaN,NaN,654,0,-2.510,-1.255,NaN,NaN,NaN,NaN,NaN,NaN,NaN,NaN,NaN,NaN,NaN
2669,1245,7404.000,31.691,-11.001,0.038,-0.063,0.689,NaN,654,0,1.982,-1.315,1070.000,197.000,1093.000,267.000,NaN,NaN,NaN,NaN,NaN,NaN,NaN
2670,290,7405.000,36.949,-10.543,0.082,-0.109,NaN,NaN,655,0,-2.574,-1.287,NaN,NaN,NaN,NaN,NaN,NaN,NaN,NaN,NaN,NaN,NaN
2671,489,7405.000,58.197,-36.198,0.312,-0.353,NaN,NaN,655,0,-2.654,-1.327,NaN,NaN,NaN,NaN,NaN,NaN,NaN,NaN,NaN,NaN,NaN
2672,695,7405.000,0.016,0.104,-0.136,-0.012,NaN,NaN,655,0,-0.675,-1.327,NaN,NaN,NaN,NaN,NaN,NaN,NaN,NaN,NaN,NaN,NaN
2673,723,7405.000,30.775,-12.568,0.088,-0.028,0.658,NaN,655,0,1.613,-1.323,1143.000,195.000,1175.000,271.000,NaN,NaN,NaN,NaN,NaN,NaN,NaN
2674,785,7405.000,32.560,-13.671,0.110,-0.062,0.139,NaN,655,0,-1.992,-1.324,1172.000,209.000,1182.000,249.000,NaN,NaN,NaN,NaN,NaN,NaN,NaN
2675,976,7405.000,31.855,-11.511,0.040,-0.108,0.033,NaN,655,0,-2.814,-1.326,1091.000,227.000,1104.000,268.000,NaN,NaN,NaN,NaN,NaN,NaN,NaN
2676,993,7405.000,30.960,-11.647,0.057,-0.035,0.720,NaN,655,0,2.434,-1.325,1107.000,199.000,1131.000,271.000,NaN,NaN,NaN,NaN,NaN,NaN,NaN
2677,1049,7405.000,33.520,-11.440,0.094,-0.076,NaN,NaN,655,0,-2.556,-1.278,NaN,NaN,NaN,NaN,NaN,NaN,NaN,NaN,NaN,NaN,NaN
2678,1245,7405.000,31.785,-11.031,0.052,-0.048,0.701,0.008,655,0,-0.070,-1.995,1071.000,199.000,1094.000,268.000,31.880,-10.890,-1.450,0.710,0.650,1.800,-0.352
2679,290,7406.000,37.030,-10.653,0.082,-0.110,NaN,NaN,656,0,-2.599,-1.300,NaN,NaN,NaN,NaN,NaN,NaN,NaN,NaN,NaN,NaN,NaN
2680,489,7406.000,58.510,-36.549,0.313,-0.351,NaN,NaN,656,0,-2.654,-1.327,NaN,NaN,NaN,NaN,NaN,NaN,NaN,NaN,NaN,NaN,NaN
2681,695,7406.000,-0.119,0.093,-0.135,-0.011,NaN,NaN,656,0,-2.654,-1.327,NaN,NaN,NaN,NaN,NaN,NaN,NaN,NaN,NaN,NaN,NaN
2682,723,7406.000,30.872,-12.582,0.088,-0.023,0.465,NaN,656,0,-0.011,-1.322,1143.000,195.000,1175.000,271.000,NaN,NaN,NaN,NaN,NaN,NaN,NaN
2683,785,7406.000,32.222,-13.452,0.107,-0.026,0.321,NaN,656,0,-0.776,-1.325,1157.000,195.000,1176.000,269.000,NaN,NaN,NaN,NaN,NaN,NaN,NaN
2684,976,7406.000,31.840,-11.530,0.046,-0.084,0.320,NaN,656,0,-0.939,-1.305,1092.000,220.000,1104.000,269.000,NaN,NaN,NaN,NaN,NaN,NaN,NaN
2685,993,7406.000,31.032,-11.697,0.059,-0.038,0.776,NaN,656,0,3.460,-1.325,1108.000,199.000,1132.000,271.000,NaN,NaN,NaN,NaN,NaN,NaN,NaN
2686,1049,7406.000,33.616,-11.517,0.096,-0.077,NaN,NaN,656,0,-2.583,-1.292,NaN,NaN,NaN,NaN,NaN,NaN,NaN,NaN,NaN,NaN,NaN
2687,1245,7406.000,31.901,-11.060,0.064,-0.040,0.716,0.062,656,0,0.210,-1.813,1072.000,202.000,1094.000,267.000,31.980,-11.000,-1.170,0.780,0.560,1.720,-0.274
2688,290,7407.000,37.114,-10.764,0.083,-0.111,NaN,NaN,657,0,-0.586,-1.313,NaN,NaN,NaN,NaN,NaN,NaN,NaN,NaN,NaN,NaN,NaN
2689,489,7407.000,58.823,-36.900,0.314,-0.351,NaN,NaN,657,0,-2.654,-1.327,NaN,NaN,NaN,NaN,NaN,NaN,NaN,NaN,NaN,NaN,NaN
2690,695,7407.000,-0.254,0.082,-0.135,-0.011,NaN,NaN,657,0,-2.654,-1.327,NaN,NaN,NaN,NaN,NaN,NaN,NaN,NaN,NaN,NaN,NaN
2691,723,7407.000,30.978,-12.677,0.084,-0.040,0.482,NaN,657,0,0.120,-1.322,1153.000,196.000,1175.000,270.000,NaN,NaN,NaN,NaN,NaN,NaN,NaN
2692,785,7407.000,32.037,-13.456,0.077,-0.053,0.093,NaN,657,0,-2.315,-1.324,1172.000,209.000,1183.000,248.000,NaN,NaN,NaN,NaN,NaN,NaN,NaN
2693,976,7407.000,31.797,-11.529,0.049,-0.065,0.055,NaN,657,0,-2.529,-1.316,1088.000,211.000,1105.000,269.000,NaN,NaN,NaN,NaN,NaN,NaN,NaN
2694,993,7407.000,31.086,-11.742,0.057,-0.040,0.784,NaN,657,0,3.460,-1.325,1108.000,199.000,1134.000,271.000,NaN,NaN,NaN,NaN,NaN,NaN,NaN
2695,1049,7407.000,33.731,-11.917,0.091,-0.133,0.076,NaN,657,0,-1.924,-1.304,1078.000,202.000,1103.000,269.000,NaN,NaN,NaN,NaN,NaN,NaN,NaN
2696,1245,7407.000,31.937,-11.155,0.061,-0.050,0.610,NaN,657,0,1.112,-1.318,1074.000,203.000,1094.000,268.000,NaN,NaN,NaN,NaN,NaN,NaN,NaN
2697,290,7408.000,37.198,-10.874,0.084,-0.110,NaN,NaN,658,0,-0.629,-1.311,NaN,NaN,NaN,NaN,NaN,NaN,NaN,NaN,NaN,NaN,NaN
2698,489,7408.000,59.138,-37.253,0.314,-0.352,NaN,NaN,658,0,-2.654,-1.327,NaN,NaN,NaN,NaN,NaN,NaN,NaN,NaN,NaN,NaN,NaN
2699,695,7408.000,-0.388,0.071,-0.135,-0.011,NaN,NaN,658,0,-2.654,-1.327,NaN,NaN,NaN,NaN,NaN,NaN,NaN,NaN,NaN,NaN,NaN
2700,723,7408.000,31.074,-12.705,0.087,-0.036,0.473,NaN,658,0,0.057,-1.322,1146.000,196.000,1175.000,269.000,NaN,NaN,NaN,NaN,NaN,NaN,NaN
2701,785,7408.000,32.462,-13.568,0.109,-0.033,0.067,NaN,658,0,-2.041,-1.325,1157.000,197.000,1176.000,266.000,NaN,NaN,NaN,NaN,NaN,NaN,NaN
2702,976,7408.000,31.640,-11.413,0.038,-0.009,0.040,NaN,658,0,-2.969,-1.326,1088.000,199.000,1099.000,235.000,NaN,NaN,NaN,NaN,NaN,NaN,NaN
2703,993,7408.000,31.134,-11.779,0.056,-0.040,0.751,NaN,658,0,2.906,-1.325,1109.000,199.000,1134.000,271.000,NaN,NaN,NaN,NaN,NaN,NaN,NaN
2704,1049,7408.000,33.888,-12.102,0.098,-0.142,0.057,NaN,658,0,-2.074,-1.277,1085.000,201.000,1102.000,267.000,NaN,NaN,NaN,NaN,NaN,NaN,NaN
2705,1245,7408.000,32.031,-11.215,0.070,-0.051,0.669,0.025,658,0,-0.348,-1.970,1074.000,203.000,1095.000,266.000,32.070,-11.190,-1.140,0.700,0.590,1.670,-0.499
2706,290,7409.000,37.281,-10.985,0.083,-0.110,NaN,NaN,659,0,-2.593,-1.297,NaN,NaN,NaN,NaN,NaN,NaN,NaN,NaN,NaN,NaN,NaN
2707,489,7409.000,59.450,-37.604,0.313,-0.351,NaN,NaN,659,0,-2.654,-1.327,NaN,NaN,NaN,NaN,NaN,NaN,NaN,NaN,NaN,NaN,NaN
2708,695,7409.000,-0.522,0.060,-0.134,-0.011,NaN,NaN,659,0,-0.545,-1.327,NaN,NaN,NaN,NaN,NaN,NaN,NaN,NaN,NaN,NaN,NaN
2709,723,7409.000,31.194,-12.718,0.089,-0.027,0.458,NaN,659,0,-0.011,-1.322,1147.000,199.000,1171.000,268.000,NaN,NaN,NaN,NaN,NaN,NaN,NaN
2710,785,7409.000,32.917,-13.679,0.116,-0.015,0.200,NaN,659,0,-1.271,-1.324,1156.000,198.000,1176.000,267.000,NaN,NaN,NaN,NaN,NaN,NaN,NaN
2711,976,7409.000,31.236,-11.200,0.001,0.045,0.026,NaN,659,0,-3.098,-1.326,1080.000,211.000,1095.000,238.000,NaN,NaN,NaN,NaN,NaN,NaN,NaN
2712,993,7409.000,31.185,-11.799,0.057,-0.036,0.747,NaN,659,0,2.906,-1.325,1107.000,199.000,1134.000,270.000,NaN,NaN,NaN,NaN,NaN,NaN,NaN
2713,1049,7409.000,34.086,-12.232,0.107,-0.133,0.037,NaN,659,0,-2.466,-1.211,1089.000,196.000,1101.000,247.000,NaN,NaN,NaN,NaN,NaN,NaN,NaN
2714,1245,7409.000,32.109,-11.257,0.071,-0.048,0.667,NaN,659,0,1.724,-1.311,1075.000,205.000,1094.000,267.000,NaN,NaN,NaN,NaN,NaN,NaN,NaN
2715,290,7410.000,37.365,-11.095,0.084,-0.110,NaN,NaN,660,0,-0.549,-1.229,NaN,NaN,NaN,NaN,NaN,NaN,NaN,NaN,NaN,NaN,NaN
2716,489,7410.000,59.763,-37.956,0.313,-0.352,NaN,NaN,660,0,-2.654,-1.327,NaN,NaN,NaN,NaN,NaN,NaN,NaN,NaN,NaN,NaN,NaN
2717,695,7410.000,-0.656,0.050,-0.134,-0.010,NaN,NaN,660,0,-2.654,-1.327,NaN,NaN,NaN,NaN,NaN,NaN,NaN,NaN,NaN,NaN,NaN
2718,723,7410.000,31.282,-12.768,0.088,-0.034,0.778,NaN,660,0,3.460,-1.322,1149.000,196.000,1176.000,271.000,NaN,NaN,NaN,NaN,NaN,NaN,NaN
2719,785,7410.000,32.956,-13.809,0.112,-0.060,0.025,NaN,660,0,-2.808,-1.323,1172.000,204.000,1182.000,248.000,NaN,NaN,NaN,NaN,NaN,NaN,NaN
2720,976,7410.000,31.213,-11.135,-0.002,0.051,0.104,NaN,660,0,-2.036,-1.326,1084.000,207.000,1100.000,263.000,NaN,NaN,NaN,NaN,NaN,NaN,NaN
2721,993,7410.000,31.239,-11.835,0.056,-0.038,0.776,NaN,660,0,3.460,-1.325,1108.000,199.000,1136.000,270.000,NaN,NaN,NaN,NaN,NaN,NaN,NaN
2722,1049,7410.000,34.194,-12.346,0.108,-0.126,0.099,NaN,660,0,-1.854,-1.207,1083.000,207.000,1109.000,266.000,NaN,NaN,NaN,NaN,NaN,NaN,NaN
2723,1245,7410.000,32.196,-11.283,0.079,-0.040,0.674,NaN,660,0,1.724,-1.310,1073.000,205.000,1094.000,267.000,NaN,NaN,NaN,NaN,NaN,NaN,NaN
2724,290,7411.000,37.448,-11.206,0.083,-0.110,NaN,NaN,661,0,-2.306,-1.153,NaN,NaN,NaN,NaN,NaN,NaN,NaN,NaN,NaN,NaN,NaN
2725,489,7411.000,60.075,-38.308,0.311,-0.352,NaN,NaN,661,0,-2.654,-1.327,NaN,NaN,NaN,NaN,NaN,NaN,NaN,NaN,NaN,NaN,NaN
2726,695,7411.000,-0.791,0.039,-0.135,-0.010,NaN,NaN,661,0,-2.654,-1.327,NaN,NaN,NaN,NaN,NaN,NaN,NaN,NaN,NaN,NaN,NaN
2727,723,7411.000,31.448,-12.858,0.089,-0.041,0.775,NaN,661,0,3.261,-1.321,1150.000,196.000,1176.000,271.000,NaN,NaN,NaN,NaN,NaN,NaN,NaN
2728,785,7411.000,33.066,-13.869,0.111,-0.060,NaN,NaN,661,0,-1.954,-1.324,NaN,NaN,NaN,NaN,NaN,NaN,NaN,NaN,NaN,NaN,NaN
2729,976,7411.000,31.211,-11.082,-0.003,0.052,NaN,NaN,661,0,-2.652,-1.326,NaN,NaN,NaN,NaN,NaN,NaN,NaN,NaN,NaN,NaN,NaN
2730,993,7411.000,31.295,-11.871,0.056,-0.036,NaN,NaN,661,0,-2.650,-1.325,NaN,NaN,NaN,NaN,NaN,NaN,NaN,NaN,NaN,NaN,NaN
2731,1049,7411.000,33.294,-12.118,0.034,-0.104,0.785,0.033,661,0,0.611,-1.959,1113.000,199.000,1137.000,269.000,33.190,-12.100,-1.290,0.770,0.640,1.790,-0.187
2732,1245,7411.000,32.279,-11.328,0.078,-0.040,0.696,NaN,661,0,2.128,-1.311,1075.000,205.000,1096.000,266.000,NaN,NaN,NaN,NaN,NaN,NaN,NaN
2733,290,7412.000,37.531,-11.315,0.083,-0.109,NaN,NaN,662,0,-2.389,-1.194,NaN,NaN,NaN,NaN,NaN,NaN,NaN,NaN,NaN,NaN,NaN
2734,489,7412.000,60.388,-38.659,0.313,-0.352,NaN,NaN,662,0,-2.654,-1.327,NaN,NaN,NaN,NaN,NaN,NaN,NaN,NaN,NaN,NaN,NaN
2735,695,7412.000,-0.926,0.030,-0.136,-0.009,NaN,NaN,662,0,-2.654,-1.327,NaN,NaN,NaN,NaN,NaN,NaN,NaN,NaN,NaN,NaN,NaN
2736,723,7412.000,31.523,-12.912,0.086,-0.045,0.774,NaN,662,0,3.261,-1.321,1151.000,196.000,1176.000,271.000,NaN,NaN,NaN,NaN,NaN,NaN,NaN
2737,785,7412.000,33.176,-13.928,0.110,-0.059,NaN,NaN,662,0,-0.350,-1.325,NaN,NaN,NaN,NaN,NaN,NaN,NaN,NaN,NaN,NaN,NaN
2738,976,7412.000,31.208,-11.031,-0.003,0.052,NaN,NaN,662,0,-2.653,-1.326,NaN,NaN,NaN,NaN,NaN,NaN,NaN,NaN,NaN,NaN,NaN
2739,993,7412.000,31.374,-11.931,0.059,-0.042,0.777,NaN,662,0,3.460,-1.325,1112.000,198.000,1137.000,269.000,NaN,NaN,NaN,NaN,NaN,NaN,NaN
2740,1049,7412.000,33.301,-12.246,0.027,-0.111,0.390,NaN,662,0,-0.424,-1.300,1099.000,198.000,1117.000,265.000,NaN,NaN,NaN,NaN,NaN,NaN,NaN
2741,1245,7412.000,32.363,-11.369,0.080,-0.040,0.673,NaN,662,0,1.724,-1.307,1076.000,204.000,1096.000,265.000,NaN,NaN,NaN,NaN,NaN,NaN,NaN
2742,290,7413.000,37.614,-11.424,0.083,-0.109,NaN,NaN,663,0,-2.491,-1.245,NaN,NaN,NaN,NaN,NaN,NaN,NaN,NaN,NaN,NaN,NaN
2743,489,7413.000,60.701,-39.011,0.313,-0.351,NaN,NaN,663,0,-2.654,-1.327,NaN,NaN,NaN,NaN,NaN,NaN,NaN,NaN,NaN,NaN,NaN
2744,695,7413.000,-1.062,0.021,-0.136,-0.009,NaN,NaN,663,0,-2.654,-1.327,NaN,NaN,NaN,NaN,NaN,NaN,NaN,NaN,NaN,NaN,NaN
2745,723,7413.000,31.593,-12.952,0.085,-0.046,0.765,NaN,663,0,3.261,-1.322,1151.000,196.000,1175.000,270.000,NaN,NaN,NaN,NaN,NaN,NaN,NaN
2746,785,7413.000,33.167,-13.948,0.114,-0.063,0.033,NaN,663,0,-3.095,-1.325,1172.000,210.000,1182.000,250.000,NaN,NaN,NaN,NaN,NaN,NaN,NaN
2747,976,7413.000,31.239,-11.082,-0.009,0.029,0.032,NaN,663,0,-2.539,-1.327,1081.000,203.000,1107.000,265.000,NaN,NaN,NaN,NaN,NaN,NaN,NaN
2748,993,7413.000,31.448,-11.985,0.058,-0.044,0.779,NaN,663,0,3.460,-1.325,1113.000,198.000,1137.000,269.000,NaN,NaN,NaN,NaN,NaN,NaN,NaN
2749,1049,7413.000,33.361,-12.308,0.035,-0.096,0.111,NaN,663,0,-1.760,-1.320,1095.000,194.000,1119.000,264.000,NaN,NaN,NaN,NaN,NaN,NaN,NaN
2750,1245,7413.000,32.455,-11.433,0.080,-0.048,0.503,NaN,663,0,0.239,-1.306,1078.000,203.000,1098.000,264.000,NaN,NaN,NaN,NaN,NaN,NaN,NaN
2751,290,7414.000,37.697,-11.534,0.082,-0.110,NaN,NaN,664,0,-2.561,-1.280,NaN,NaN,NaN,NaN,NaN,NaN,NaN,NaN,NaN,NaN,NaN
2752,489,7414.000,61.014,-39.362,0.313,-0.352,NaN,NaN,664,0,-2.654,-1.327,NaN,NaN,NaN,NaN,NaN,NaN,NaN,NaN,NaN,NaN,NaN
2753,695,7414.000,-1.199,0.011,-0.137,-0.010,NaN,NaN,664,0,-2.550,-1.327,NaN,NaN,NaN,NaN,NaN,NaN,NaN,NaN,NaN,NaN,NaN
2754,723,7414.000,31.662,-12.983,0.084,-0.043,0.695,NaN,664,0,1.982,-1.322,1150.000,195.000,1175.000,270.000,NaN,NaN,NaN,NaN,NaN,NaN,NaN
2755,785,7414.000,33.282,-14.012,0.114,-0.063,NaN,NaN,664,0,-0.592,-1.325,NaN,NaN,NaN,NaN,NaN,NaN,NaN,NaN,NaN,NaN,NaN
2756,976,7414.000,31.228,-11.053,-0.011,0.029,NaN,NaN,664,0,-2.653,-1.327,NaN,NaN,NaN,NaN,NaN,NaN,NaN,NaN,NaN,NaN,NaN
2757,993,7414.000,31.508,-12.020,0.058,-0.041,0.628,NaN,664,0,1.305,-1.325,1113.000,198.000,1137.000,269.000,NaN,NaN,NaN,NaN,NaN,NaN,NaN
2758,1049,7414.000,33.414,-12.382,0.038,-0.089,0.036,NaN,664,0,-2.425,-1.321,1102.000,192.000,1120.000,262.000,NaN,NaN,NaN,NaN,NaN,NaN,NaN
2759,1245,7414.000,32.519,-11.511,0.075,-0.057,0.427,NaN,664,0,-0.398,-1.299,1080.000,204.000,1103.000,264.000,NaN,NaN,NaN,NaN,NaN,NaN,NaN
2760,290,7415.000,37.780,-11.645,0.083,-0.111,NaN,NaN,665,0,-2.599,-1.299,NaN,NaN,NaN,NaN,NaN,NaN,NaN,NaN,NaN,NaN,NaN
2761,489,7415.000,61.329,-39.714,0.313,-0.352,NaN,NaN,665,0,-2.654,-1.327,NaN,NaN,NaN,NaN,NaN,NaN,NaN,NaN,NaN,NaN,NaN
2762,695,7415.000,-1.335,0.002,-0.136,-0.009,NaN,NaN,665,0,-2.701,-1.327,NaN,NaN,NaN,NaN,NaN,NaN,NaN,NaN,NaN,NaN,NaN
2763,723,7415.000,31.708,-13.007,0.084,-0.043,0.723,NaN,665,0,2.434,-1.322,1150.000,194.000,1175.000,270.000,NaN,NaN,NaN,NaN,NaN,NaN,NaN
2764,785,7415.000,33.395,-14.076,0.114,-0.064,NaN,NaN,665,0,-2.649,-1.325,NaN,NaN,NaN,NaN,NaN,NaN,NaN,NaN,NaN,NaN,NaN
2765,976,7415.000,31.053,-11.339,-0.041,-0.038,0.091,NaN,665,0,-2.103,-1.327,1101.000,202.000,1113.000,258.000,NaN,NaN,NaN,NaN,NaN,NaN,NaN
2766,993,7415.000,31.558,-12.055,0.058,-0.041,0.708,NaN,665,0,2.280,-1.325,1114.000,198.000,1138.000,269.000,NaN,NaN,NaN,NaN,NaN,NaN,NaN
2767,1049,7415.000,33.462,-12.418,0.043,-0.073,0.125,NaN,665,0,-1.710,-1.323,1101.000,200.000,1120.000,263.000,NaN,NaN,NaN,NaN,NaN,NaN,NaN
2768,1245,7415.000,32.603,-11.578,0.076,-0.059,0.558,NaN,665,0,0.715,-1.284,1081.000,204.000,1101.000,265.000,NaN,NaN,NaN,NaN,NaN,NaN,NaN
2769,290,7416.000,37.864,-11.755,0.084,-0.111,NaN,NaN,666,0,-0.702,-1.308,NaN,NaN,NaN,NaN,NaN,NaN,NaN,NaN,NaN,NaN,NaN
2770,489,7416.000,61.641,-40.065,0.312,-0.351,NaN,NaN,666,0,-2.654,-1.327,NaN,NaN,NaN,NaN,NaN,NaN,NaN,NaN,NaN,NaN,NaN
2771,695,7416.000,-1.472,-0.007,-0.137,-0.009,NaN,NaN,666,0,-2.654,-1.327,NaN,NaN,NaN,NaN,NaN,NaN,NaN,NaN,NaN,NaN,NaN
2772,723,7416.000,31.766,-13.031,0.084,-0.041,0.726,NaN,666,0,2.590,-1.322,1151.000,194.000,1175.000,270.000,NaN,NaN,NaN,NaN,NaN,NaN,NaN
2773,785,7416.000,33.508,-14.141,0.114,-0.064,NaN,NaN,666,0,-2.645,-1.323,NaN,NaN,NaN,NaN,NaN,NaN,NaN,NaN,NaN,NaN,NaN
2774,976,7416.000,31.063,-11.432,-0.045,-0.050,0.295,NaN,666,0,-0.846,-1.325,1102.000,198.000,1119.000,264.000,NaN,NaN,NaN,NaN,NaN,NaN,NaN
2775,993,7416.000,32.263,-12.193,0.112,-0.018,0.318,0.002,666,0,-2.197,-2.001,1084.000,204.000,1108.000,263.000,32.490,-11.660,-1.300,0.820,0.590,1.670,-0.410
2776,1049,7416.000,33.533,-12.494,0.046,-0.075,0.722,0.001,666,0,-0.228,-2.170,1114.000,198.000,1139.000,269.000,33.560,-12.520,-1.370,0.700,0.650,1.700,-0.273
2777,1245,7416.000,32.705,-11.650,0.075,-0.058,0.091,NaN,666,0,-2.005,-1.265,1085.000,204.000,1100.000,261.000,NaN,NaN,NaN,NaN,NaN,NaN,NaN
2778,290,7417.000,37.947,-11.866,0.084,-0.111,NaN,NaN,667,0,-2.610,-1.305,NaN,NaN,NaN,NaN,NaN,NaN,NaN,NaN,NaN,NaN,NaN
2779,489,7417.000,61.954,-40.415,0.313,-0.350,NaN,NaN,667,0,-2.654,-1.327,NaN,NaN,NaN,NaN,NaN,NaN,NaN,NaN,NaN,NaN,NaN
2780,695,7417.000,-1.610,-0.017,-0.137,-0.011,NaN,NaN,667,0,-2.654,-1.327,NaN,NaN,NaN,NaN,NaN,NaN,NaN,NaN,NaN,NaN,NaN
2781,723,7417.000,32.170,-13.228,0.081,-0.041,0.750,0.087,667,0,0.519,-1.673,1151.000,197.000,1178.000,268.000,32.150,-13.300,-1.220,0.790,0.600,1.810,-0.397
2782,785,7417.000,33.622,-14.206,0.114,-0.066,NaN,NaN,667,0,-2.630,-1.315,NaN,NaN,NaN,NaN,NaN,NaN,NaN,NaN,NaN,NaN,NaN
2783,976,7417.000,31.027,-11.496,-0.047,-0.054,0.121,NaN,667,0,-1.711,-1.324,1103.000,197.000,1121.000,265.000,NaN,NaN,NaN,NaN,NaN,NaN,NaN
2784,993,7417.000,32.355,-12.300,0.102,-0.039,0.691,NaN,667,0,1.982,-1.324,1115.000,198.000,1139.000,269.000,NaN,NaN,NaN,NaN,NaN,NaN,NaN
2785,1049,7417.000,33.579,-12.569,0.046,-0.076,NaN,NaN,667,0,-2.647,-1.323,NaN,NaN,NaN,NaN,NaN,NaN,NaN,NaN,NaN,NaN,NaN
2786,1245,7417.000,32.781,-11.745,0.073,-0.069,0.076,NaN,667,0,-2.046,-1.245,1087.000,206.000,1108.000,266.000,NaN,NaN,NaN,NaN,NaN,NaN,NaN
2787,290,7418.000,38.032,-11.977,0.084,-0.110,NaN,NaN,668,0,-0.977,-1.295,NaN,NaN,NaN,NaN,NaN,NaN,NaN,NaN,NaN,NaN,NaN
2788,489,7418.000,62.267,-40.766,0.312,-0.350,NaN,NaN,668,0,-2.654,-1.327,NaN,NaN,NaN,NaN,NaN,NaN,NaN,NaN,NaN,NaN,NaN
2789,695,7418.000,-1.748,-0.028,-0.138,-0.011,NaN,NaN,668,0,-2.654,-1.327,NaN,NaN,NaN,NaN,NaN,NaN,NaN,NaN,NaN,NaN,NaN
2790,723,7418.000,32.242,-13.254,0.080,-0.037,0.784,NaN,668,0,3.460,-1.321,1151.000,197.000,1176.000,268.000,NaN,NaN,NaN,NaN,NaN,NaN,NaN
2791,785,7418.000,33.734,-14.272,0.112,-0.066,NaN,NaN,668,0,-2.555,-1.278,NaN,NaN,NaN,NaN,NaN,NaN,NaN,NaN,NaN,NaN,NaN
2792,976,7418.000,30.951,-11.550,-0.051,-0.057,0.043,NaN,668,0,-2.430,-1.324,1109.000,201.000,1121.000,264.000,NaN,NaN,NaN,NaN,NaN,NaN,NaN
2793,993,7418.000,32.444,-12.363,0.101,-0.046,0.720,NaN,668,0,2.434,-1.325,1114.000,199.000,1139.000,269.000,NaN,NaN,NaN,NaN,NaN,NaN,NaN
2794,1049,7418.000,33.624,-12.645,0.046,-0.076,NaN,NaN,668,0,-2.647,-1.324,NaN,NaN,NaN,NaN,NaN,NaN,NaN,NaN,NaN,NaN,NaN
2795,1245,7418.000,32.852,-11.841,0.069,-0.077,0.121,NaN,668,0,-1.756,-1.215,1088.000,208.000,1111.000,266.000,NaN,NaN,NaN,NaN,NaN,NaN,NaN
2796,290,7419.000,38.117,-12.086,0.085,-0.110,NaN,NaN,669,0,-0.894,-1.271,NaN,NaN,NaN,NaN,NaN,NaN,NaN,NaN,NaN,NaN,NaN
2797,489,7419.000,62.578,-41.117,0.311,-0.351,NaN,NaN,669,0,-2.654,-1.327,NaN,NaN,NaN,NaN,NaN,NaN,NaN,NaN,NaN,NaN,NaN
2798,695,7419.000,-1.885,-0.036,-0.137,-0.009,NaN,NaN,669,0,-2.654,-1.327,NaN,NaN,NaN,NaN,NaN,NaN,NaN,NaN,NaN,NaN,NaN
2799,723,7419.000,32.405,-13.321,0.089,-0.039,0.725,0.002,669,0,0.114,-2.080,1152.000,193.000,1178.000,269.000,32.510,-13.300,-1.240,0.770,0.530,1.970,0.330
2800,785,7419.000,33.847,-14.338,0.113,-0.065,NaN,NaN,669,0,-4.466,-2.233,NaN,NaN,NaN,NaN,NaN,NaN,NaN,NaN,NaN,NaN,NaN
2801,976,7419.000,30.900,-11.606,-0.050,-0.056,NaN,NaN,669,0,-2.649,-1.325,NaN,NaN,NaN,NaN,NaN,NaN,NaN,NaN,NaN,NaN,NaN
2802,993,7419.000,32.534,-12.413,0.096,-0.049,0.752,NaN,669,0,2.906,-1.325,1114.000,199.000,1139.000,269.000,NaN,NaN,NaN,NaN,NaN,NaN,NaN
2803,1049,7419.000,33.669,-12.721,0.045,-0.076,NaN,NaN,669,0,-2.647,-1.324,NaN,NaN,NaN,NaN,NaN,NaN,NaN,NaN,NaN,NaN,NaN
2804,1245,7419.000,32.948,-12.020,0.067,-0.098,0.420,NaN,669,0,-0.263,-1.251,1098.000,205.000,1115.000,266.000,NaN,NaN,NaN,NaN,NaN,NaN,NaN
2805,290,7420.000,38.199,-12.197,0.083,-0.110,NaN,NaN,670,0,-0.109,-1.228,NaN,NaN,NaN,NaN,NaN,NaN,NaN,NaN,NaN,NaN,NaN
2806,489,7420.000,62.889,-41.466,0.310,-0.350,NaN,NaN,670,0,-2.654,-1.327,NaN,NaN,NaN,NaN,NaN,NaN,NaN,NaN,NaN,NaN,NaN
2807,695,7420.000,-2.022,-0.046,-0.137,-0.009,NaN,NaN,670,0,-2.654,-1.327,NaN,NaN,NaN,NaN,NaN,NaN,NaN,NaN,NaN,NaN,NaN
2808,723,7420.000,32.486,-13.369,0.089,-0.043,0.721,NaN,670,0,2.434,-1.321,1154.000,194.000,1177.000,268.000,NaN,NaN,NaN,NaN,NaN,NaN,NaN
2809,785,7420.000,34.648,-14.608,0.151,-0.066,0.044,NaN,670,0,-2.572,-1.263,1173.000,205.000,1184.000,251.000,NaN,NaN,NaN,NaN,NaN,NaN,NaN
2810,976,7420.000,30.851,-11.662,-0.050,-0.057,NaN,NaN,670,0,-2.649,-1.325,NaN,NaN,NaN,NaN,NaN,NaN,NaN,NaN,NaN,NaN,NaN
2811,993,7420.000,32.308,-12.366,0.058,-0.036,0.738,0.033,670,0,0.433,-1.967,1114.000,198.000,1140.000,268.000,32.150,-12.340,-1.090,0.840,0.580,1.700,-0.700
2812,1049,7420.000,33.716,-12.797,0.047,-0.076,NaN,NaN,670,0,-2.649,-1.325,NaN,NaN,NaN,NaN,NaN,NaN,NaN,NaN,NaN,NaN,NaN
2813,1245,7420.000,32.997,-12.122,0.066,-0.100,0.571,NaN,670,0,0.573,-1.310,1099.000,205.000,1117.000,265.000,NaN,NaN,NaN,NaN,NaN,NaN,NaN
2814,290,7421.000,38.281,-12.308,0.083,-0.112,NaN,NaN,671,0,-0.104,-1.168,NaN,NaN,NaN,NaN,NaN,NaN,NaN,NaN,NaN,NaN,NaN
2815,489,7421.000,63.199,-41.818,0.310,-0.351,NaN,NaN,671,0,-2.654,-1.327,NaN,NaN,NaN,NaN,NaN,NaN,NaN,NaN,NaN,NaN,NaN
2816,695,7421.000,-2.157,-0.055,-0.135,-0.009,NaN,NaN,671,0,-2.654,-1.327,NaN,NaN,NaN,NaN,NaN,NaN,NaN,NaN,NaN,NaN,NaN
2817,723,7421.000,32.574,-13.419,0.090,-0.045,0.771,NaN,671,0,3.261,-1.321,1155.000,195.000,1177.000,267.000,NaN,NaN,NaN,NaN,NaN,NaN,NaN
2818,785,7421.000,35.227,-14.842,0.165,-0.069,0.079,NaN,671,0,-1.904,-1.290,1171.000,203.000,1184.000,266.000,NaN,NaN,NaN,NaN,NaN,NaN,NaN
2819,976,7421.000,30.800,-11.718,-0.050,-0.056,NaN,NaN,671,0,-2.650,-1.325,NaN,NaN,NaN,NaN,NaN,NaN,NaN,NaN,NaN,NaN,NaN
2820,993,7421.000,32.365,-12.396,0.057,-0.034,0.796,NaN,671,0,3.866,-1.325,1115.000,197.000,1140.000,268.000,NaN,NaN,NaN,NaN,NaN,NaN,NaN
2821,1049,7421.000,33.763,-12.872,0.048,-0.076,NaN,NaN,671,0,-2.650,-1.325,NaN,NaN,NaN,NaN,NaN,NaN,NaN,NaN,NaN,NaN,NaN
2822,1245,7421.000,33.044,-12.206,0.066,-0.099,0.636,NaN,671,0,1.407,-1.319,1099.000,204.000,1119.000,266.000,NaN,NaN,NaN,NaN,NaN,NaN,NaN
2823,290,7422.000,38.364,-12.420,0.083,-0.112,NaN,NaN,672,0,0.012,-1.109,NaN,NaN,NaN,NaN,NaN,NaN,NaN,NaN,NaN,NaN,NaN
2824,489,7422.000,63.507,-42.169,0.309,-0.351,NaN,NaN,672,0,-2.654,-1.327,NaN,NaN,NaN,NaN,NaN,NaN,NaN,NaN,NaN,NaN,NaN
2825,695,7422.000,-2.292,-0.063,-0.135,-0.008,NaN,NaN,672,0,-2.181,-1.327,NaN,NaN,NaN,NaN,NaN,NaN,NaN,NaN,NaN,NaN,NaN
2826,723,7422.000,32.614,-13.450,0.085,-0.043,0.632,0.232,672,0,-0.817,-1.373,1155.000,194.000,1179.000,267.000,32.570,-13.490,-1.200,0.900,0.520,1.760,0.294
2827,785,7422.000,31.982,-13.226,0.212,0.016,0.211,NaN,672,0,-1.374,-1.292,1143.000,190.000,1163.000,246.000,NaN,NaN,NaN,NaN,NaN,NaN,NaN
2828,976,7422.000,30.750,-11.774,-0.050,-0.055,NaN,NaN,672,0,-2.651,-1.325,NaN,NaN,NaN,NaN,NaN,NaN,NaN,NaN,NaN,NaN,NaN
2829,993,7422.000,32.221,-12.347,0.026,-0.021,0.808,0.013,672,0,1.054,-1.996,1116.000,198.000,1142.000,267.000,32.140,-12.330,-1.390,0.860,0.590,1.850,-0.573
2830,1049,7422.000,33.811,-12.947,0.047,-0.075,NaN,NaN,672,0,-2.651,-1.325,NaN,NaN,NaN,NaN,NaN,NaN,NaN,NaN,NaN,NaN,NaN
2831,1245,7422.000,32.923,-12.231,0.052,-0.090,0.595,0.009,672,0,-1.007,-2.080,1098.000,204.000,1119.000,266.000,32.950,-12.120,-1.510,0.980,0.490,1.730,0.025
2832,290,7423.000,38.447,-12.533,0.084,-0.113,NaN,NaN,673,0,0.056,-1.093,NaN,NaN,NaN,NaN,NaN,NaN,NaN,NaN,NaN,NaN,NaN
2833,489,7423.000,63.815,-42.521,0.309,-0.352,NaN,NaN,673,0,-2.654,-1.327,NaN,NaN,NaN,NaN,NaN,NaN,NaN,NaN,NaN,NaN,NaN
2834,695,7423.000,-2.427,-0.074,-0.135,-0.010,NaN,NaN,673,0,-2.654,-1.327,NaN,NaN,NaN,NaN,NaN,NaN,NaN,NaN,NaN,NaN,NaN
2835,723,7423.000,32.693,-13.504,0.083,-0.048,0.727,NaN,673,0,2.590,-1.321,1157.000,194.000,1179.000,268.000,NaN,NaN,NaN,NaN,NaN,NaN,NaN
2836,785,7423.000,32.192,-13.210,0.210,0.016,NaN,NaN,673,0,-2.646,-1.323,NaN,NaN,NaN,NaN,NaN,NaN,NaN,NaN,NaN,NaN,NaN
2837,976,7423.000,30.701,-11.828,-0.050,-0.055,NaN,NaN,673,0,-2.651,-1.326,NaN,NaN,NaN,NaN,NaN,NaN,NaN,NaN,NaN,NaN,NaN
2838,993,7423.000,32.237,-12.385,0.023,-0.026,0.707,NaN,673,0,2.280,-1.325,1118.000,197.000,1144.000,267.000,NaN,NaN,NaN,NaN,NaN,NaN,NaN
2839,1049,7423.000,33.858,-13.023,0.047,-0.076,NaN,NaN,673,0,-2.650,-1.325,NaN,NaN,NaN,NaN,NaN,NaN,NaN,NaN,NaN,NaN,NaN
2840,1245,7423.000,32.985,-12.252,0.058,-0.071,0.420,NaN,673,0,-0.278,-1.323,1100.000,205.000,1120.000,266.000,NaN,NaN,NaN,NaN,NaN,NaN,NaN
2841,290,7424.000,38.533,-12.646,0.086,-0.113,NaN,NaN,674,0,0.012,-1.125,NaN,NaN,NaN,NaN,NaN,NaN,NaN,NaN,NaN,NaN,NaN
2842,489,7424.000,64.123,-42.875,0.309,-0.354,NaN,NaN,674,0,-2.654,-1.327,NaN,NaN,NaN,NaN,NaN,NaN,NaN,NaN,NaN,NaN,NaN
2843,695,7424.000,-2.562,-0.084,-0.135,-0.010,NaN,NaN,674,0,-2.654,-1.327,NaN,NaN,NaN,NaN,NaN,NaN,NaN,NaN,NaN,NaN,NaN
2844,723,7424.000,32.775,-13.556,0.084,-0.050,0.677,NaN,674,0,1.846,-1.322,1157.000,195.000,1179.000,267.000,NaN,NaN,NaN,NaN,NaN,NaN,NaN
2845,785,7424.000,32.403,-13.193,0.211,0.017,NaN,NaN,674,0,-2.641,-1.320,NaN,NaN,NaN,NaN,NaN,NaN,NaN,NaN,NaN,NaN,NaN
2846,976,7424.000,30.650,-11.883,-0.050,-0.055,NaN,NaN,674,0,-2.652,-1.326,NaN,NaN,NaN,NaN,NaN,NaN,NaN,NaN,NaN,NaN,NaN
2847,993,7424.000,32.254,-12.410,0.020,-0.027,0.535,NaN,674,0,0.468,-1.325,1118.000,197.000,1143.000,267.000,NaN,NaN,NaN,NaN,NaN,NaN,NaN
2848,1049,7424.000,33.907,-13.099,0.049,-0.076,NaN,NaN,674,0,-2.650,-1.325,NaN,NaN,NaN,NaN,NaN,NaN,NaN,NaN,NaN,NaN,NaN
2849,1245,7424.000,33.049,-12.268,0.059,-0.052,0.569,NaN,674,0,0.787,-1.323,1099.000,205.000,1121.000,266.000,NaN,NaN,NaN,NaN,NaN,NaN,NaN
2850,290,7425.000,38.617,-12.760,0.084,-0.114,NaN,NaN,675,0,-2.339,-1.170,NaN,NaN,NaN,NaN,NaN,NaN,NaN,NaN,NaN,NaN,NaN
2851,489,7425.000,64.431,-43.227,0.307,-0.353,NaN,NaN,675,0,-2.654,-1.327,NaN,NaN,NaN,NaN,NaN,NaN,NaN,NaN,NaN,NaN,NaN
2852,695,7425.000,-2.696,-0.095,-0.134,-0.010,NaN,NaN,675,0,-2.104,-1.327,NaN,NaN,NaN,NaN,NaN,NaN,NaN,NaN,NaN,NaN,NaN
2853,723,7425.000,32.855,-13.603,0.083,-0.049,0.701,NaN,675,0,2.128,-1.322,1157.000,197.000,1179.000,267.000,NaN,NaN,NaN,NaN,NaN,NaN,NaN
2854,785,7425.000,32.615,-13.175,0.213,0.017,NaN,NaN,675,0,-2.637,-1.318,NaN,NaN,NaN,NaN,NaN,NaN,NaN,NaN,NaN,NaN,NaN
2855,976,7425.000,30.600,-11.938,-0.050,-0.055,NaN,NaN,675,0,-2.651,-1.326,NaN,NaN,NaN,NaN,NaN,NaN,NaN,NaN,NaN,NaN,NaN
2856,993,7425.000,32.267,-12.450,0.018,-0.031,0.723,NaN,675,0,2.434,-1.325,1120.000,197.000,1145.000,267.000,NaN,NaN,NaN,NaN,NaN,NaN,NaN
2857,1049,7425.000,33.893,-13.353,0.037,-0.096,0.066,NaN,675,0,-2.504,-1.325,1136.000,192.000,1148.000,218.000,NaN,NaN,NaN,NaN,NaN,NaN,NaN
2858,1245,7425.000,33.099,-12.295,0.057,-0.045,0.695,NaN,675,0,1.982,-1.323,1100.000,205.000,1123.000,266.000,NaN,NaN,NaN,NaN,NaN,NaN,NaN
2859,290,7426.000,38.701,-12.874,0.085,-0.114,NaN,NaN,676,0,-0.061,-1.147,NaN,NaN,NaN,NaN,NaN,NaN,NaN,NaN,NaN,NaN,NaN
2860,489,7426.000,64.740,-43.580,0.308,-0.353,NaN,NaN,676,0,-2.654,-1.327,NaN,NaN,NaN,NaN,NaN,NaN,NaN,NaN,NaN,NaN,NaN
2861,695,7426.000,-2.829,-0.104,-0.133,-0.010,NaN,NaN,676,0,-2.654,-1.327,NaN,NaN,NaN,NaN,NaN,NaN,NaN,NaN,NaN,NaN,NaN
2862,723,7426.000,32.933,-13.647,0.083,-0.048,0.708,NaN,676,0,2.280,-1.322,1157.000,198.000,1180.000,267.000,NaN,NaN,NaN,NaN,NaN,NaN,NaN
2863,785,7426.000,32.828,-13.158,0.212,0.017,NaN,NaN,676,0,-2.641,-1.321,NaN,NaN,NaN,NaN,NaN,NaN,NaN,NaN,NaN,NaN,NaN
2864,976,7426.000,30.551,-11.994,-0.049,-0.056,NaN,NaN,676,0,-2.651,-1.326,NaN,NaN,NaN,NaN,NaN,NaN,NaN,NaN,NaN,NaN,NaN
2865,993,7426.000,32.276,-12.485,0.017,-0.030,0.778,NaN,676,0,3.460,-1.325,1121.000,194.000,1146.000,267.000,NaN,NaN,NaN,NaN,NaN,NaN,NaN
2866,1049,7426.000,33.929,-13.448,0.037,-0.094,NaN,NaN,676,0,-2.651,-1.326,NaN,NaN,NaN,NaN,NaN,NaN,NaN,NaN,NaN,NaN,NaN
2867,1245,7426.000,33.140,-12.307,0.055,-0.038,0.676,NaN,676,0,1.846,-1.323,1100.000,205.000,1122.000,266.000,NaN,NaN,NaN,NaN,NaN,NaN,NaN
2868,290,7427.000,38.785,-12.988,0.083,-0.114,NaN,NaN,677,0,-0.099,-1.107,NaN,NaN,NaN,NaN,NaN,NaN,NaN,NaN,NaN,NaN,NaN
2869,489,7427.000,65.047,-43.933,0.308,-0.353,NaN,NaN,677,0,-2.654,-1.327,NaN,NaN,NaN,NaN,NaN,NaN,NaN,NaN,NaN,NaN,NaN
2870,695,7427.000,-2.962,-0.114,-0.133,-0.010,NaN,NaN,677,0,-2.397,-1.327,NaN,NaN,NaN,NaN,NaN,NaN,NaN,NaN,NaN,NaN,NaN
2871,723,7427.000,33.002,-13.671,0.082,-0.040,0.718,NaN,677,0,2.434,-1.322,1156.000,198.000,1180.000,266.000,NaN,NaN,NaN,NaN,NaN,NaN,NaN
2872,785,7427.000,32.420,-12.450,0.263,0.098,0.084,NaN,677,0,-2.397,-1.323,1117.000,194.000,1133.000,224.000,NaN,NaN,NaN,NaN,NaN,NaN,NaN
2873,976,7427.000,30.503,-12.050,-0.049,-0.056,NaN,NaN,677,0,-2.651,-1.326,NaN,NaN,NaN,NaN,NaN,NaN,NaN,NaN,NaN,NaN,NaN
2874,993,7427.000,32.296,-12.537,0.017,-0.035,0.775,NaN,677,0,3.460,-1.325,1124.000,199.000,1148.000,267.000,NaN,NaN,NaN,NaN,NaN,NaN,NaN
2875,1049,7427.000,33.967,-13.542,0.038,-0.094,NaN,NaN,677,0,-2.650,-1.325,NaN,NaN,NaN,NaN,NaN,NaN,NaN,NaN,NaN,NaN,NaN
2876,1245,7427.000,33.183,-12.337,0.054,-0.038,0.671,NaN,677,0,1.488,-1.323,1102.000,205.000,1123.000,265.000,NaN,NaN,NaN,NaN,NaN,NaN,NaN
2877,290,7428.000,38.869,-13.102,0.084,-0.113,NaN,NaN,678,0,-0.208,-1.047,NaN,NaN,NaN,NaN,NaN,NaN,NaN,NaN,NaN,NaN,NaN
2878,489,7428.000,65.356,-44.287,0.309,-0.353,NaN,NaN,678,0,-2.654,-1.327,NaN,NaN,NaN,NaN,NaN,NaN,NaN,NaN,NaN,NaN,NaN
2879,695,7428.000,-3.096,-0.124,-0.134,-0.009,NaN,NaN,678,0,-2.181,-1.327,NaN,NaN,NaN,NaN,NaN,NaN,NaN,NaN,NaN,NaN,NaN
2880,723,7428.000,33.074,-13.693,0.081,-0.035,0.628,NaN,678,0,1.305,-1.322,1157.000,198.000,1179.000,266.000,NaN,NaN,NaN,NaN,NaN,NaN,NaN
2881,785,7428.000,32.682,-12.376,0.263,0.092,0.073,NaN,678,0,-2.041,-1.325,1114.000,197.000,1131.000,263.000,NaN,NaN,NaN,NaN,NaN,NaN,NaN
2882,976,7428.000,30.454,-12.105,-0.048,-0.056,NaN,NaN,678,0,-2.650,-1.325,NaN,NaN,NaN,NaN,NaN,NaN,NaN,NaN,NaN,NaN,NaN
2883,993,7428.000,32.318,-12.585,0.016,-0.037,0.771,NaN,678,0,3.261,-1.326,1125.000,198.000,1149.000,266.000,NaN,NaN,NaN,NaN,NaN,NaN,NaN
2884,1049,7428.000,34.006,-13.636,0.038,-0.093,NaN,NaN,678,0,-2.649,-1.325,NaN,NaN,NaN,NaN,NaN,NaN,NaN,NaN,NaN,NaN,NaN
2885,1245,7428.000,33.238,-12.373,0.056,-0.036,NaN,NaN,678,0,-2.646,-1.323,NaN,NaN,NaN,NaN,NaN,NaN,NaN,NaN,NaN,NaN,NaN
2886,290,7429.000,38.952,-13.215,0.083,-0.114,NaN,NaN,679,0,-2.257,-1.129,NaN,NaN,NaN,NaN,NaN,NaN,NaN,NaN,NaN,NaN,NaN
2887,489,7429.000,65.664,-44.641,0.308,-0.354,NaN,NaN,679,0,-2.654,-1.327,NaN,NaN,NaN,NaN,NaN,NaN,NaN,NaN,NaN,NaN,NaN
2888,695,7429.000,-3.229,-0.132,-0.133,-0.008,NaN,NaN,679,0,-2.654,-1.327,NaN,NaN,NaN,NaN,NaN,NaN,NaN,NaN,NaN,NaN,NaN
2889,723,7429.000,33.118,-13.749,0.075,-0.044,0.539,NaN,679,0,0.556,-1.322,1160.000,197.000,1184.000,266.000,NaN,NaN,NaN,NaN,NaN,NaN,NaN
2890,785,7429.000,32.944,-12.283,0.263,0.093,NaN,NaN,679,0,-2.649,-1.325,NaN,NaN,NaN,NaN,NaN,NaN,NaN,NaN,NaN,NaN,NaN
2891,976,7429.000,30.405,-12.161,-0.050,-0.056,NaN,NaN,679,0,-2.649,-1.325,NaN,NaN,NaN,NaN,NaN,NaN,NaN,NaN,NaN,NaN,NaN
2892,993,7429.000,32.335,-12.638,0.016,-0.041,0.793,NaN,679,0,3.665,-1.326,1127.000,198.000,1151.000,267.000,NaN,NaN,NaN,NaN,NaN,NaN,NaN
2893,1049,7429.000,34.045,-13.730,0.039,-0.094,NaN,NaN,679,0,-2.647,-1.323,NaN,NaN,NaN,NaN,NaN,NaN,NaN,NaN,NaN,NaN,NaN
2894,1245,7429.000,33.292,-12.408,0.054,-0.035,NaN,NaN,679,0,-2.646,-1.323,NaN,NaN,NaN,NaN,NaN,NaN,NaN,NaN,NaN,NaN,NaN
2895,290,7430.000,39.033,-13.327,0.082,-0.112,NaN,NaN,680,0,-0.805,-1.198,NaN,NaN,NaN,NaN,NaN,NaN,NaN,NaN,NaN,NaN,NaN
2896,489,7430.000,65.971,-44.995,0.307,-0.354,NaN,NaN,680,0,-2.654,-1.327,NaN,NaN,NaN,NaN,NaN,NaN,NaN,NaN,NaN,NaN,NaN
2897,695,7430.000,-3.362,-0.141,-0.133,-0.009,NaN,NaN,680,0,-2.654,-1.327,NaN,NaN,NaN,NaN,NaN,NaN,NaN,NaN,NaN,NaN,NaN
2898,723,7430.000,33.184,-13.797,0.076,-0.048,0.279,NaN,680,0,-0.882,-1.323,1161.000,197.000,1181.000,265.000,NaN,NaN,NaN,NaN,NaN,NaN,NaN
2899,785,7430.000,33.205,-12.190,0.262,0.093,NaN,NaN,680,0,-2.647,-1.324,NaN,NaN,NaN,NaN,NaN,NaN,NaN,NaN,NaN,NaN,NaN
2900,976,7430.000,30.244,-12.300,-0.054,-0.067,0.058,NaN,680,0,-2.393,-1.324,1150.000,202.000,1168.000,246.000,NaN,NaN,NaN,NaN,NaN,NaN,NaN
2901,993,7430.000,32.346,-12.675,0.015,-0.041,0.776,NaN,680,0,3.460,-1.326,1129.000,198.000,1151.000,267.000,NaN,NaN,NaN,NaN,NaN,NaN,NaN
2902,1245,7430.000,33.354,-12.450,0.053,-0.036,0.696,NaN,680,0,2.128,-1.323,1101.000,196.000,1128.000,265.000,NaN,NaN,NaN,NaN,NaN,NaN,NaN
2903,290,7431.000,39.115,-13.438,0.082,-0.111,NaN,NaN,681,0,-0.704,-1.244,NaN,NaN,NaN,NaN,NaN,NaN,NaN,NaN,NaN,NaN,NaN
2904,489,7431.000,66.278,-45.348,0.307,-0.354,NaN,NaN,681,0,-2.654,-1.327,NaN,NaN,NaN,NaN,NaN,NaN,NaN,NaN,NaN,NaN,NaN
2905,695,7431.000,-3.497,-0.150,-0.134,-0.009,NaN,NaN,681,0,-2.654,-1.327,NaN,NaN,NaN,NaN,NaN,NaN,NaN,NaN,NaN,NaN,NaN
2906,723,7431.000,33.246,-13.840,0.079,-0.048,0.584,NaN,681,0,0.862,-1.323,1161.000,196.000,1182.000,267.000,NaN,NaN,NaN,NaN,NaN,NaN,NaN
2907,785,7431.000,33.467,-12.098,0.262,0.092,NaN,NaN,681,0,-2.636,-1.318,NaN,NaN,NaN,NaN,NaN,NaN,NaN,NaN,NaN,NaN,NaN
2908,976,7431.000,30.295,-12.337,-0.040,-0.050,0.025,NaN,681,0,-2.806,-1.322,1149.000,201.000,1166.000,246.000,NaN,NaN,NaN,NaN,NaN,NaN,NaN
2909,993,7431.000,32.369,-12.729,0.015,-0.045,0.778,NaN,681,0,3.460,-1.326,1130.000,198.000,1152.000,266.000,NaN,NaN,NaN,NaN,NaN,NaN,NaN
2910,1245,7431.000,33.401,-12.498,0.052,-0.037,0.689,NaN,681,0,1.982,-1.323,1103.000,200.000,1129.000,264.000,NaN,NaN,NaN,NaN,NaN,NaN,NaN
2911,290,7432.000,39.196,-13.548,0.081,-0.110,NaN,NaN,682,0,-0.608,-1.268,NaN,NaN,NaN,NaN,NaN,NaN,NaN,NaN,NaN,NaN,NaN
2912,489,7432.000,66.585,-45.702,0.307,-0.354,NaN,NaN,682,0,-2.654,-1.327,NaN,NaN,NaN,NaN,NaN,NaN,NaN,NaN,NaN,NaN,NaN
2913,695,7432.000,-3.629,-0.160,-0.133,-0.010,NaN,NaN,682,0,-2.654,-1.327,NaN,NaN,NaN,NaN,NaN,NaN,NaN,NaN,NaN,NaN,NaN
2914,723,7432.000,33.345,-13.907,0.082,-0.052,0.581,NaN,682,0,0.862,-1.323,1163.000,196.000,1183.000,267.000,NaN,NaN,NaN,NaN,NaN,NaN,NaN
2915,785,7432.000,33.728,-12.007,0.261,0.091,NaN,NaN,682,0,-2.535,-1.267,NaN,NaN,NaN,NaN,NaN,NaN,NaN,NaN,NaN,NaN,NaN
2916,976,7432.000,30.417,-12.458,-0.022,-0.062,0.043,NaN,682,0,-2.962,-1.322,1157.000,209.000,1167.000,247.000,NaN,NaN,NaN,NaN,NaN,NaN,NaN
2917,993,7432.000,33.703,-13.288,0.138,-0.092,0.783,0.004,682,0,0.336,-2.174,1131.000,197.000,1154.000,266.000,33.580,-13.550,-1.230,0.750,0.620,1.740,0.745
2918,1245,7432.000,33.415,-12.552,0.045,-0.041,0.687,NaN,682,0,1.743,-1.324,1106.000,206.000,1131.000,264.000,NaN,NaN,NaN,NaN,NaN,NaN,NaN
2919,290,7433.000,39.276,-13.658,0.080,-0.110,NaN,NaN,683,0,-0.480,-1.291,NaN,NaN,NaN,NaN,NaN,NaN,NaN,NaN,NaN,NaN,NaN
2920,489,7433.000,66.894,-46.057,0.308,-0.355,NaN,NaN,683,0,-2.654,-1.327,NaN,NaN,NaN,NaN,NaN,NaN,NaN,NaN,NaN,NaN,NaN
2921,695,7433.000,-3.763,-0.169,-0.134,-0.009,NaN,NaN,683,0,-2.550,-1.327,NaN,NaN,NaN,NaN,NaN,NaN,NaN,NaN,NaN,NaN,NaN
2922,723,7433.000,33.460,-13.988,0.085,-0.058,0.584,NaN,683,0,0.862,-1.324,1164.000,198.000,1185.000,266.000,NaN,NaN,NaN,NaN,NaN,NaN,NaN
2923,785,7433.000,33.990,-11.930,0.263,0.087,0.566,NaN,683,0,0.787,-1.242,1073.000,191.000,1099.000,254.000,NaN,NaN,NaN,NaN,NaN,NaN,NaN
2924,976,7433.000,30.319,-12.438,-0.029,-0.036,0.025,NaN,683,0,-3.091,-1.323,1156.000,210.000,1168.000,242.000,NaN,NaN,NaN,NaN,NaN,NaN,NaN
2925,993,7433.000,33.834,-13.386,0.141,-0.097,0.788,NaN,683,0,3.665,-1.325,1133.000,197.000,1156.000,267.000,NaN,NaN,NaN,NaN,NaN,NaN,NaN
2926,1245,7433.000,33.441,-12.597,0.044,-0.041,0.759,NaN,683,0,2.844,-1.324,1106.000,206.000,1133.000,265.000,NaN,NaN,NaN,NaN,NaN,NaN,NaN
2927,290,7434.000,39.356,-13.767,0.079,-0.109,NaN,NaN,684,0,-2.594,-1.297,NaN,NaN,NaN,NaN,NaN,NaN,NaN,NaN,NaN,NaN,NaN
2928,489,7434.000,67.201,-46.412,0.307,-0.355,NaN,NaN,684,0,-2.654,-1.327,NaN,NaN,NaN,NaN,NaN,NaN,NaN,NaN,NaN,NaN,NaN
2929,695,7434.000,-3.897,-0.177,-0.134,-0.008,NaN,NaN,684,0,-0.392,-1.327,NaN,NaN,NaN,NaN,NaN,NaN,NaN,NaN,NaN,NaN,NaN
2930,723,7434.000,33.583,-14.056,0.090,-0.059,0.680,NaN,684,0,1.846,-1.323,1163.000,199.000,1185.000,267.000,NaN,NaN,NaN,NaN,NaN,NaN,NaN
2931,785,7434.000,35.320,-12.278,0.401,0.017,0.677,0.026,684,0,-0.925,-2.208,1072.000,191.000,1098.000,251.000,35.460,-12.270,-1.030,0.770,0.620,1.740,-0.914
2932,976,7434.000,29.734,-12.181,-0.041,-0.000,0.051,NaN,684,0,-2.542,-1.323,1154.000,203.000,1167.000,246.000,NaN,NaN,NaN,NaN,NaN,NaN,NaN
2933,993,7434.000,33.974,-13.485,0.144,-0.099,0.773,NaN,684,0,3.261,-1.325,1134.000,197.000,1157.000,267.000,NaN,NaN,NaN,NaN,NaN,NaN,NaN
2934,1245,7434.000,33.426,-12.620,0.038,-0.040,0.780,NaN,684,0,3.460,-1.324,1108.000,204.000,1134.000,265.000,NaN,NaN,NaN,NaN,NaN,NaN,NaN
2935,290,7435.000,45.144,-18.293,0.180,-0.197,0.210,NaN,685,0,-1.357,-1.276,1150.000,199.000,1165.000,242.000,NaN,NaN,NaN,NaN,NaN,NaN,NaN
2936,489,7435.000,67.509,-46.767,0.307,-0.354,NaN,NaN,685,0,-2.654,-1.327,NaN,NaN,NaN,NaN,NaN,NaN,NaN,NaN,NaN,NaN,NaN
2937,695,7435.000,-4.029,-0.186,-0.132,-0.008,NaN,NaN,685,0,-2.275,-1.327,NaN,NaN,NaN,NaN,NaN,NaN,NaN,NaN,NaN,NaN,NaN
2938,723,7435.000,33.681,-14.114,0.091,-0.058,0.703,NaN,685,0,2.128,-1.301,1164.000,198.000,1186.000,267.000,NaN,NaN,NaN,NaN,NaN,NaN,NaN
2939,785,7435.000,35.348,-12.093,0.366,0.036,0.492,0.004,685,0,-1.969,-2.233,1070.000,193.000,1090.000,254.000,35.130,-12.050,-1.160,1.700,0.590,1.680,-0.417
2940,976,7435.000,29.574,-12.081,-0.030,0.016,0.049,NaN,685,0,-2.289,-1.323,1150.000,199.000,1167.000,265.000,NaN,NaN,NaN,NaN,NaN,NaN,NaN
2941,993,7435.000,34.124,-13.580,0.148,-0.098,0.784,NaN,685,0,3.460,-1.325,1135.000,197.000,1158.000,267.000,NaN,NaN,NaN,NaN,NaN,NaN,NaN
2942,1245,7435.000,33.438,-12.664,0.034,-0.042,0.693,NaN,685,0,1.982,-1.324,1111.000,202.000,1135.000,265.000,NaN,NaN,NaN,NaN,NaN,NaN,NaN
2943,290,7436.000,45.539,-18.604,0.147,-0.203,0.104,NaN,686,0,-1.819,-1.321,1154.000,202.000,1173.000,264.000,NaN,NaN,NaN,NaN,NaN,NaN,NaN
2944,489,7436.000,67.816,-47.120,0.307,-0.353,NaN,NaN,686,0,-2.654,-1.327,NaN,NaN,NaN,NaN,NaN,NaN,NaN,NaN,NaN,NaN,NaN
2945,695,7436.000,-4.162,-0.195,-0.133,-0.010,NaN,NaN,686,0,-2.654,-1.327,NaN,NaN,NaN,NaN,NaN,NaN,NaN,NaN,NaN,NaN,NaN
2946,723,7436.000,33.733,-14.187,0.084,-0.065,0.490,NaN,686,0,0.179,-1.299,1168.000,201.000,1189.000,267.000,NaN,NaN,NaN,NaN,NaN,NaN,NaN
2947,785,7436.000,35.644,-12.214,0.356,-0.015,0.078,NaN,686,0,-2.121,-1.290,1070.000,194.000,1087.000,249.000,NaN,NaN,NaN,NaN,NaN,NaN,NaN
2948,976,7436.000,29.502,-12.159,-0.061,-0.012,0.107,NaN,686,0,-1.764,-1.323,1162.000,201.000,1176.000,263.000,NaN,NaN,NaN,NaN,NaN,NaN,NaN
2949,993,7436.000,34.293,-13.677,0.152,-0.098,0.782,NaN,686,0,3.460,-1.325,1137.000,197.000,1159.000,266.000,NaN,NaN,NaN,NaN,NaN,NaN,NaN
2950,1245,7436.000,33.416,-12.715,0.027,-0.048,0.748,NaN,686,0,2.906,-1.325,1115.000,201.000,1137.000,264.000,NaN,NaN,NaN,NaN,NaN,NaN,NaN
2951,290,7437.000,47.076,-19.370,0.141,-0.200,0.071,NaN,687,0,-2.247,-1.311,1155.000,202.000,1174.000,258.000,NaN,NaN,NaN,NaN,NaN,NaN,NaN
2952,489,7437.000,68.121,-47.473,0.305,-0.352,NaN,NaN,687,0,-2.654,-1.327,NaN,NaN,NaN,NaN,NaN,NaN,NaN,NaN,NaN,NaN,NaN
2953,695,7437.000,-4.295,-0.204,-0.133,-0.009,NaN,NaN,687,0,-2.654,-1.327,NaN,NaN,NaN,NaN,NaN,NaN,NaN,NaN,NaN,NaN,NaN
2954,723,7437.000,33.785,-14.256,0.077,-0.067,0.308,NaN,687,0,-0.954,-1.295,1169.000,212.000,1190.000,267.000,NaN,NaN,NaN,NaN,NaN,NaN,NaN
2955,785,7437.000,35.625,-12.155,0.283,-0.003,0.311,0.003,687,0,-2.787,-2.207,1056.000,194.000,1083.000,253.000,34.760,-11.790,-0.930,0.650,0.600,1.640,0.110
2956,976,7437.000,29.351,-12.153,-0.068,-0.016,0.080,NaN,687,0,-2.176,-1.324,1162.000,205.000,1176.000,246.000,NaN,NaN,NaN,NaN,NaN,NaN,NaN
2957,993,7437.000,34.358,-13.895,0.131,-0.136,0.084,NaN,687,0,-2.177,-1.324,1152.000,203.000,1166.000,244.000,NaN,NaN,NaN,NaN,NaN,NaN,NaN
2958,1245,7437.000,33.441,-12.767,0.026,-0.050,0.680,NaN,687,0,1.846,-1.325,1115.000,202.000,1137.000,264.000,NaN,NaN,NaN,NaN,NaN,NaN,NaN
2959,290,7438.000,50.336,-20.965,0.149,-0.251,0.112,NaN,688,0,-2.032,-1.235,1165.000,207.000,1179.000,247.000,NaN,NaN,NaN,NaN,NaN,NaN,NaN
2960,489,7438.000,68.428,-47.824,0.307,-0.351,NaN,NaN,688,0,-2.654,-1.327,NaN,NaN,NaN,NaN,NaN,NaN,NaN,NaN,NaN,NaN,NaN
2961,695,7438.000,-4.427,-0.214,-0.132,-0.009,NaN,NaN,688,0,-2.654,-1.327,NaN,NaN,NaN,NaN,NaN,NaN,NaN,NaN,NaN,NaN,NaN
2962,723,7438.000,33.861,-14.322,0.076,-0.066,NaN,NaN,688,0,-2.571,-1.285,NaN,NaN,NaN,NaN,NaN,NaN,NaN,NaN,NaN,NaN,NaN
2963,785,7438.000,35.908,-12.158,0.284,-0.003,NaN,NaN,688,0,-2.548,-1.274,NaN,NaN,NaN,NaN,NaN,NaN,NaN,NaN,NaN,NaN,NaN
2964,976,7438.000,29.684,-12.217,-0.023,0.010,0.064,NaN,688,0,-2.393,-1.324,1154.000,198.000,1168.000,246.000,NaN,NaN,NaN,NaN,NaN,NaN,NaN
2965,993,7438.000,34.497,-13.966,0.138,-0.116,0.767,NaN,688,0,3.261,-1.319,1138.000,197.000,1162.000,265.000,NaN,NaN,NaN,NaN,NaN,NaN,NaN
2966,1245,7438.000,33.446,-12.812,0.024,-0.050,0.745,NaN,688,0,2.746,-1.325,1116.000,202.000,1139.000,263.000,NaN,NaN,NaN,NaN,NaN,NaN,NaN
2967,1317,7438.000,34.240,-11.050,0.000,0.000,0.736,0.584,688,0,0.010,-0.642,1049.000,193.000,1075.000,258.000,34.240,-11.050,-1.150,0.810,0.560,1.870,2.075
2968,290,7439.000,47.958,-20.042,0.088,-0.175,0.072,NaN,689,0,-0.041,-0.024,1167.000,204.000,1178.000,247.000,NaN,NaN,NaN,NaN,NaN,NaN,NaN
2969,489,7439.000,68.735,-48.178,0.306,-0.353,NaN,NaN,689,0,-2.654,-1.327,NaN,NaN,NaN,NaN,NaN,NaN,NaN,NaN,NaN,NaN,NaN
2970,695,7439.000,-4.560,-0.222,-0.133,-0.009,NaN,NaN,689,0,-2.654,-1.327,NaN,NaN,NaN,NaN,NaN,NaN,NaN,NaN,NaN,NaN,NaN
2971,723,7439.000,34.121,-14.270,0.105,-0.026,0.038,NaN,689,0,-2.856,-1.275,1167.000,204.000,1178.000,227.000,NaN,NaN,NaN,NaN,NaN,NaN,NaN
2972,785,7439.000,36.191,-12.160,0.283,-0.002,NaN,NaN,689,0,-2.481,-1.241,NaN,NaN,NaN,NaN,NaN,NaN,NaN,NaN,NaN,NaN,NaN
2973,976,7439.000,29.719,-12.201,-0.009,0.016,0.241,NaN,689,0,-1.272,-1.324,1155.000,198.000,1170.000,245.000,NaN,NaN,NaN,NaN,NaN,NaN,NaN
2974,993,7439.000,34.683,-14.021,0.144,-0.096,0.752,NaN,689,0,2.906,-1.318,1140.000,197.000,1162.000,265.000,NaN,NaN,NaN,NaN,NaN,NaN,NaN
2975,1245,7439.000,33.468,-12.857,0.025,-0.049,0.737,NaN,689,0,2.746,-1.325,1117.000,203.000,1141.000,264.000,NaN,NaN,NaN,NaN,NaN,NaN,NaN
2976,1317,7439.000,34.209,-11.174,-0.006,-0.038,0.468,NaN,689,0,0.057,-1.327,1042.000,192.000,1068.000,261.000,NaN,NaN,NaN,NaN,NaN,NaN,NaN
2977,290,7440.000,48.202,-20.270,0.086,-0.170,0.042,NaN,690,0,-1.738,-0.854,1169.000,200.000,1184.000,246.000,NaN,NaN,NaN,NaN,NaN,NaN,NaN
2978,489,7440.000,69.041,-48.532,0.307,-0.354,NaN,NaN,690,0,-2.654,-1.327,NaN,NaN,NaN,NaN,NaN,NaN,NaN,NaN,NaN,NaN,NaN
2979,695,7440.000,-4.694,-0.232,-0.134,-0.010,NaN,NaN,690,0,-2.654,-1.327,NaN,NaN,NaN,NaN,NaN,NaN,NaN,NaN,NaN,NaN,NaN
2980,723,7440.000,34.222,-14.288,0.105,-0.023,0.064,NaN,690,0,-2.347,-1.299,1167.000,202.000,1179.000,247.000,NaN,NaN,NaN,NaN,NaN,NaN,NaN
2981,785,7440.000,36.473,-12.163,0.283,-0.002,NaN,NaN,690,0,-2.312,-1.156,NaN,NaN,NaN,NaN,NaN,NaN,NaN,NaN,NaN,NaN,NaN
2982,976,7440.000,29.780,-12.225,-0.005,0.011,0.131,NaN,690,0,-1.855,-1.323,1156.000,198.000,1173.000,258.000,NaN,NaN,NaN,NaN,NaN,NaN,NaN
2983,993,7440.000,34.863,-14.085,0.150,-0.085,0.752,NaN,690,0,2.906,-1.320,1140.000,197.000,1164.000,265.000,NaN,NaN,NaN,NaN,NaN,NaN,NaN
2984,1245,7440.000,33.494,-12.891,0.028,-0.046,0.776,NaN,690,0,3.460,-1.325,1117.000,203.000,1142.000,264.000,NaN,NaN,NaN,NaN,NaN,NaN,NaN
2985,1317,7440.000,33.956,-11.035,-0.056,0.023,0.580,0.194,690,0,-1.281,-1.595,1038.000,193.000,1067.000,258.000,33.860,-10.850,-1.200,1.800,0.530,1.810,-0.658
2986,290,7441.000,48.032,-20.262,0.090,-0.148,0.042,NaN,691,0,-1.159,-0.569,1171.000,206.000,1183.000,248.000,NaN,NaN,NaN,NaN,NaN,NaN,NaN
2987,489,7441.000,69.350,-48.886,0.309,-0.355,NaN,NaN,691,0,-2.654,-1.327,NaN,NaN,NaN,NaN,NaN,NaN,NaN,NaN,NaN,NaN,NaN
2988,695,7441.000,-4.826,-0.243,-0.133,-0.011,NaN,NaN,691,0,-0.933,-1.327,NaN,NaN,NaN,NaN,NaN,NaN,NaN,NaN,NaN,NaN,NaN
2989,723,7441.000,34.332,-14.287,0.108,-0.015,0.036,NaN,691,0,-2.646,-1.300,1162.000,202.000,1178.000,249.000,NaN,NaN,NaN,NaN,NaN,NaN,NaN
2990,785,7441.000,36.756,-12.167,0.283,-0.004,NaN,NaN,691,0,-2.279,-1.139,NaN,NaN,NaN,NaN,NaN,NaN,NaN,NaN,NaN,NaN,NaN
2991,976,7441.000,29.851,-12.271,-0.003,0.003,0.455,NaN,691,0,-0.273,-1.323,1158.000,199.000,1173.000,258.000,NaN,NaN,NaN,NaN,NaN,NaN,NaN
2992,993,7441.000,35.022,-14.149,0.151,-0.079,0.749,NaN,691,0,2.906,-1.320,1142.000,197.000,1165.000,265.000,NaN,NaN,NaN,NaN,NaN,NaN,NaN
2993,1245,7441.000,33.565,-12.949,0.032,-0.048,0.695,NaN,691,0,2.128,-1.325,1119.000,203.000,1144.000,264.000,NaN,NaN,NaN,NaN,NaN,NaN,NaN
2994,1317,7441.000,33.553,-10.644,-0.163,0.152,0.751,0.962,691,0,0.309,2.454,1030.000,192.000,1060.000,253.000,33.230,-10.450,-1.180,1.810,0.560,2.030,2.494
2995,290,7442.000,47.902,-20.402,0.074,-0.170,0.053,NaN,692,0,-0.569,-0.296,1181.000,210.000,1205.000,265.000,NaN,NaN,NaN,NaN,NaN,NaN,NaN
2996,489,7442.000,69.661,-49.240,0.310,-0.355,NaN,NaN,692,0,-2.654,-1.327,NaN,NaN,NaN,NaN,NaN,NaN,NaN,NaN,NaN,NaN,NaN
2997,695,7442.000,-4.960,-0.253,-0.133,-0.010,NaN,NaN,692,0,-0.843,-1.327,NaN,NaN,NaN,NaN,NaN,NaN,NaN,NaN,NaN,NaN,NaN
2998,723,7442.000,34.453,-14.278,0.114,-0.008,0.437,NaN,692,0,-0.149,-1.301,1159.000,198.000,1176.000,259.000,NaN,NaN,NaN,NaN,NaN,NaN,NaN
2999,785,7442.000,36.791,-11.270,0.237,0.162,0.034,NaN,692,0,-3.033,-1.213,1017.000,205.000,1025.000,218.000,NaN,NaN,NaN,NaN,NaN,NaN,NaN
3000,976,7442.000,29.848,-12.269,-0.003,0.002,NaN,NaN,692,0,-2.809,-1.323,NaN,NaN,NaN,NaN,NaN,NaN,NaN,NaN,NaN,NaN,NaN
3001,993,7442.000,35.146,-14.218,0.148,-0.080,0.716,NaN,692,0,2.434,-1.320,1145.000,198.000,1166.000,265.000,NaN,NaN,NaN,NaN,NaN,NaN,NaN
3002,1245,7442.000,33.550,-13.008,0.028,-0.053,0.761,NaN,692,0,3.077,-1.325,1124.000,202.000,1146.000,265.000,NaN,NaN,NaN,NaN,NaN,NaN,NaN
3003,1317,7442.000,33.478,-10.480,-0.156,0.151,0.798,NaN,692,0,3.866,-1.327,1024.000,191.000,1054.000,258.000,NaN,NaN,NaN,NaN,NaN,NaN,NaN
3004,290,7443.000,47.883,-20.581,0.064,-0.180,0.130,NaN,693,0,-0.115,-0.082,1180.000,209.000,1206.000,265.000,NaN,NaN,NaN,NaN,NaN,NaN,NaN
3005,489,7443.000,69.973,-49.597,0.311,-0.356,NaN,NaN,693,0,-2.654,-1.327,NaN,NaN,NaN,NaN,NaN,NaN,NaN,NaN,NaN,NaN,NaN
3006,695,7443.000,-5.092,-0.262,-0.132,-0.010,NaN,NaN,693,0,-2.397,-1.327,NaN,NaN,NaN,NaN,NaN,NaN,NaN,NaN,NaN,NaN,NaN
3007,723,7443.000,34.550,-14.294,0.111,-0.012,0.470,NaN,693,0,-0.138,-1.302,1161.000,199.000,1176.000,259.000,NaN,NaN,NaN,NaN,NaN,NaN,NaN
3008,785,7443.000,37.047,-11.131,0.241,0.147,0.055,NaN,693,0,-2.793,-1.313,1017.000,205.000,1025.000,217.000,NaN,NaN,NaN,NaN,NaN,NaN,NaN
3009,976,7443.000,29.845,-12.267,-0.003,0.003,NaN,NaN,693,0,-2.798,-1.323,NaN,NaN,NaN,NaN,NaN,NaN,NaN,NaN,NaN,NaN,NaN
3010,993,7443.000,35.314,-14.291,0.151,-0.077,0.669,NaN,693,0,1.724,-1.319,1143.000,199.000,1167.000,265.000,NaN,NaN,NaN,NaN,NaN,NaN,NaN
3011,1245,7443.000,33.575,-13.070,0.028,-0.056,0.618,NaN,693,0,1.205,-1.326,1126.000,203.000,1147.000,264.000,NaN,NaN,NaN,NaN,NaN,NaN,NaN
3012,1317,7443.000,33.036,-10.159,-0.257,0.186,0.698,0.430,693,0,-0.297,-0.966,1023.000,193.000,1052.000,257.000,32.710,-10.090,-1.140,1.070,0.510,2.000,2.964
3013,290,7444.000,47.665,-20.689,0.052,-0.189,0.329,NaN,694,0,-0.057,-0.082,1186.000,208.000,1207.000,264.000,NaN,NaN,NaN,NaN,NaN,NaN,NaN
3014,489,7444.000,70.283,-49.952,0.311,-0.355,NaN,NaN,694,0,-2.654,-1.327,NaN,NaN,NaN,NaN,NaN,NaN,NaN,NaN,NaN,NaN,NaN
3015,695,7444.000,-7.590,-0.572,-0.190,-0.049,0.044,NaN,694,0,-2.701,-1.327,516.000,191.000,528.000,240.000,NaN,NaN,NaN,NaN,NaN,NaN,NaN
3016,723,7444.000,34.579,-14.311,0.101,-0.021,0.395,NaN,694,0,-0.425,-1.303,1162.000,199.000,1177.000,262.000,NaN,NaN,NaN,NaN,NaN,NaN,NaN
3017,976,7444.000,29.100,-12.218,-0.058,-0.047,0.126,NaN,694,0,-1.855,-1.323,1173.000,210.000,1186.000,265.000,NaN,NaN,NaN,NaN,NaN,NaN,NaN
3018,993,7444.000,35.457,-14.382,0.149,-0.081,0.698,NaN,694,0,2.128,-1.319,1147.000,198.000,1169.000,265.000,NaN,NaN,NaN,NaN,NaN,NaN,NaN
3019,1245,7444.000,33.607,-13.130,0.027,-0.056,0.784,NaN,694,0,3.460,-1.326,1127.000,202.000,1149.000,265.000,NaN,NaN,NaN,NaN,NaN,NaN,NaN
3020,1317,7444.000,32.659,-9.811,-0.281,0.210,0.768,0.557,694,0,0.670,-0.493,1014.000,195.000,1047.000,258.000,32.200,-9.770,-1.170,1.900,0.540,1.810,2.603
3021,290,7445.000,47.596,-20.817,0.057,-0.190,0.053,NaN,695,0,-0.154,-0.080,1192.000,209.000,1207.000,250.000,NaN,NaN,NaN,NaN,NaN,NaN,NaN
3022,489,7445.000,70.594,-50.307,0.311,-0.356,NaN,NaN,695,0,-2.654,-1.327,NaN,NaN,NaN,NaN,NaN,NaN,NaN,NaN,NaN,NaN,NaN
3023,695,7445.000,-7.780,-0.620,-0.190,-0.048,NaN,NaN,695,0,-1.860,-1.327,NaN,NaN,NaN,NaN,NaN,NaN,NaN,NaN,NaN,NaN,NaN
3024,723,7445.000,34.696,-14.338,0.103,-0.022,0.053,NaN,695,0,-2.255,-1.303,1151.000,200.000,1183.000,265.000,NaN,NaN,NaN,NaN,NaN,NaN,NaN
3025,976,7445.000,30.387,-12.756,-0.009,-0.044,0.343,NaN,695,0,-0.693,-1.326,1164.000,200.000,1180.000,262.000,NaN,NaN,NaN,NaN,NaN,NaN,NaN
3026,993,7445.000,35.602,-14.477,0.146,-0.084,0.691,NaN,695,0,1.982,-1.317,1149.000,199.000,1170.000,265.000,NaN,NaN,NaN,NaN,NaN,NaN,NaN
3027,1245,7445.000,33.669,-13.207,0.029,-0.060,0.762,NaN,695,0,3.077,-1.326,1128.000,203.000,1152.000,264.000,NaN,NaN,NaN,NaN,NaN,NaN,NaN
3028,1317,7445.000,32.362,-9.731,-0.296,0.187,0.734,NaN,695,0,2.590,-1.327,1009.000,196.000,1043.000,261.000,NaN,NaN,NaN,NaN,NaN,NaN,NaN
3029,290,7446.000,47.868,-21.034,0.063,-0.176,0.040,NaN,696,0,-0.083,-0.041,1193.000,208.000,1207.000,263.000,NaN,NaN,NaN,NaN,NaN,NaN,NaN
3030,489,7446.000,70.906,-50.662,0.311,-0.355,NaN,NaN,696,0,-2.654,-1.327,NaN,NaN,NaN,NaN,NaN,NaN,NaN,NaN,NaN,NaN,NaN
3031,695,7446.000,-7.969,-0.669,-0.190,-0.048,NaN,NaN,696,0,-2.654,-1.327,NaN,NaN,NaN,NaN,NaN,NaN,NaN,NaN,NaN,NaN,NaN
3032,723,7446.000,34.406,-14.289,0.070,-0.037,0.425,NaN,696,0,-0.400,-1.305,1165.000,199.000,1180.000,259.000,NaN,NaN,NaN,NaN,NaN,NaN,NaN
3033,976,7446.000,30.485,-12.839,-0.007,-0.043,0.034,NaN,696,0,-2.812,-1.325,1170.000,204.000,1185.000,258.000,NaN,NaN,NaN,NaN,NaN,NaN,NaN
3034,993,7446.000,35.755,-14.572,0.144,-0.085,0.723,NaN,696,0,2.434,-1.316,1150.000,198.000,1171.000,265.000,NaN,NaN,NaN,NaN,NaN,NaN,NaN
3035,1245,7446.000,34.345,-13.504,0.065,-0.075,0.795,0.024,696,0,0.401,-2.167,1129.000,204.000,1154.000,264.000,34.390,-13.470,-1.410,0.760,0.660,1.730,-0.548
3036,1317,7446.000,31.921,-9.441,-0.326,0.192,0.753,0.162,696,0,0.519,-1.485,1007.000,195.000,1041.000,265.000,31.660,-9.470,-1.180,0.980,0.560,1.880,2.643
3037,290,7447.000,48.354,-21.280,0.082,-0.153,0.269,NaN,697,0,-0.000,-0.000,1185.000,210.000,1206.000,264.000,NaN,NaN,NaN,NaN,NaN,NaN,NaN
3038,489,7447.000,71.216,-51.016,0.310,-0.355,NaN,NaN,697,0,-2.654,-1.327,NaN,NaN,NaN,NaN,NaN,NaN,NaN,NaN,NaN,NaN,NaN
3039,695,7447.000,-8.159,-0.716,-0.189,-0.048,NaN,NaN,697,0,-2.654,-1.327,NaN,NaN,NaN,NaN,NaN,NaN,NaN,NaN,NaN,NaN,NaN
3040,723,7447.000,34.282,-14.316,0.046,-0.047,0.190,NaN,697,0,-1.480,-1.302,1168.000,202.000,1182.000,259.000,NaN,NaN,NaN,NaN,NaN,NaN,NaN
3041,976,7447.000,30.374,-12.904,-0.020,-0.064,0.025,NaN,697,0,-3.097,-1.326,1178.000,211.000,1191.000,251.000,NaN,NaN,NaN,NaN,NaN,NaN,NaN
3042,993,7447.000,35.913,-14.673,0.142,-0.088,0.735,NaN,697,0,2.746,-1.314,1151.000,197.000,1173.000,265.000,NaN,NaN,NaN,NaN,NaN,NaN,NaN
3043,1245,7447.000,34.503,-13.612,0.074,-0.082,0.772,0.001,697,0,0.074,-2.258,1131.000,204.000,1154.000,264.000,34.620,-13.640,-1.440,0.790,0.610,1.750,-0.389
3044,1317,7447.000,31.505,-9.224,-0.350,0.194,0.648,0.042,697,0,-0.259,-1.840,1002.000,195.000,1037.000,261.000,31.220,-9.130,-1.150,0.930,0.500,1.910,2.867
3045,290,7448.000,48.868,-21.496,0.122,-0.137,0.057,NaN,698,0,-0.000,-0.000,1186.000,209.000,1207.000,264.000,NaN,NaN,NaN,NaN,NaN,NaN,NaN
3046,489,7448.000,71.529,-51.369,0.313,-0.353,NaN,NaN,698,0,-2.654,-1.327,NaN,NaN,NaN,NaN,NaN,NaN,NaN,NaN,NaN,NaN,NaN
3047,695,7448.000,-10.708,-1.282,-0.258,-0.144,0.101,NaN,698,0,-2.037,-1.327,456.000,195.000,467.000,240.000,NaN,NaN,NaN,NaN,NaN,NaN,NaN
3048,723,7448.000,34.357,-14.409,0.040,-0.055,0.400,NaN,698,0,-0.554,-1.300,1168.000,202.000,1186.000,260.000,NaN,NaN,NaN,NaN,NaN,NaN,NaN
3049,976,7448.000,30.355,-12.967,-0.019,-0.063,NaN,NaN,698,0,-2.652,-1.326,NaN,NaN,NaN,NaN,NaN,NaN,NaN,NaN,NaN,NaN,NaN
3050,993,7448.000,36.063,-14.767,0.142,-0.089,0.708,NaN,698,0,2.280,-1.313,1152.000,197.000,1173.000,265.000,NaN,NaN,NaN,NaN,NaN,NaN,NaN
3051,1245,7448.000,34.583,-13.688,0.072,-0.081,0.763,NaN,698,0,2.844,-1.326,1133.000,204.000,1156.000,263.000,NaN,NaN,NaN,NaN,NaN,NaN,NaN
3052,1317,7448.000,31.119,-9.136,-0.357,0.162,0.715,NaN,698,0,2.434,-1.327,1000.000,189.000,1032.000,262.000,NaN,NaN,NaN,NaN,NaN,NaN,NaN
3053,290,7449.000,48.799,-21.449,0.156,-0.125,0.060,NaN,699,0,-0.000,-0.000,1187.000,209.000,1207.000,264.000,NaN,NaN,NaN,NaN,NaN,NaN,NaN
3054,489,7449.000,71.841,-51.721,0.313,-0.353,NaN,NaN,699,0,-2.654,-1.327,NaN,NaN,NaN,NaN,NaN,NaN,NaN,NaN,NaN,NaN,NaN
3055,695,7449.000,-10.968,-1.427,-0.260,-0.145,NaN,NaN,699,0,-0.843,-1.327,NaN,NaN,NaN,NaN,NaN,NaN,NaN,NaN,NaN,NaN,NaN
3056,723,7449.000,34.374,-14.463,0.038,-0.056,0.486,NaN,699,0,-0.029,-1.297,1168.000,204.000,1187.000,260.000,NaN,NaN,NaN,NaN,NaN,NaN,NaN
3057,976,7449.000,30.335,-13.030,-0.020,-0.064,NaN,NaN,699,0,-2.653,-1.326,NaN,NaN,NaN,NaN,NaN,NaN,NaN,NaN,NaN,NaN,NaN
3058,993,7449.000,36.214,-14.862,0.141,-0.091,0.722,NaN,699,0,2.434,-1.312,1153.000,198.000,1174.000,265.000,NaN,NaN,NaN,NaN,NaN,NaN,NaN
3059,1245,7449.000,34.663,-13.754,0.075,-0.078,0.698,NaN,699,0,1.890,-1.325,1135.000,204.000,1156.000,261.000,NaN,NaN,NaN,NaN,NaN,NaN,NaN
3060,1317,7449.000,30.702,-8.953,-0.372,0.168,0.688,0.959,699,0,0.037,6.654,999.000,188.000,1031.000,263.000,30.620,-8.910,-1.160,1.860,0.530,1.890,2.588
3061,290,7450.000,49.125,-21.575,0.172,-0.116,0.036,NaN,700,0,-0.000,-0.000,1187.000,208.000,1208.000,264.000,NaN,NaN,NaN,NaN,NaN,NaN,NaN
3062,489,7450.000,72.154,-52.074,0.313,-0.353,NaN,NaN,700,0,-2.654,-1.327,NaN,NaN,NaN,NaN,NaN,NaN,NaN,NaN,NaN,NaN,NaN
3063,695,7450.000,-11.226,-1.572,-0.258,-0.146,NaN,NaN,700,0,-0.794,-1.327,NaN,NaN,NaN,NaN,NaN,NaN,NaN,NaN,NaN,NaN,NaN
3064,723,7450.000,34.426,-14.510,0.040,-0.052,0.352,NaN,700,0,-0.802,-1.293,1170.000,206.000,1185.000,259.000,NaN,NaN,NaN,NaN,NaN,NaN,NaN
3065,976,7450.000,30.315,-13.096,-0.019,-0.065,NaN,NaN,700,0,-2.653,-1.327,NaN,NaN,NaN,NaN,NaN,NaN,NaN,NaN,NaN,NaN,NaN
3066,993,7450.000,36.404,-14.986,0.141,-0.097,0.643,NaN,700,0,1.407,-1.311,1155.000,199.000,1176.000,265.000,NaN,NaN,NaN,NaN,NaN,NaN,NaN
3067,1245,7450.000,34.735,-13.834,0.076,-0.078,0.624,NaN,700,0,0.986,-1.325,1138.000,203.000,1158.000,261.000,NaN,NaN,NaN,NaN,NaN,NaN,NaN
3068,1317,7450.000,30.216,-8.745,-0.402,0.179,0.756,0.089,700,0,1.026,-1.461,994.000,191.000,1028.000,263.000,30.080,-8.720,-1.010,1.120,0.540,1.940,-0.779
3069,290,7451.000,49.364,-21.672,0.183,-0.107,0.028,NaN,701,0,-0.000,-0.000,1192.000,202.000,1208.000,248.000,NaN,NaN,NaN,NaN,NaN,NaN,NaN
3070,489,7451.000,72.468,-52.427,0.314,-0.353,NaN,NaN,701,0,-2.654,-1.327,NaN,NaN,NaN,NaN,NaN,NaN,NaN,NaN,NaN,NaN,NaN
3071,695,7451.000,-11.483,-1.718,-0.257,-0.146,NaN,NaN,701,0,-2.397,-1.327,NaN,NaN,NaN,NaN,NaN,NaN,NaN,NaN,NaN,NaN,NaN
3072,723,7451.000,34.398,-14.499,0.037,-0.037,0.074,NaN,701,0,-2.212,-1.290,1171.000,210.000,1184.000,257.000,NaN,NaN,NaN,NaN,NaN,NaN,NaN
3073,976,7451.000,30.179,-13.165,-0.028,-0.073,0.027,NaN,701,0,-2.539,-1.327,1189.000,203.000,1207.000,264.000,NaN,NaN,NaN,NaN,NaN,NaN,NaN
3074,993,7451.000,36.541,-15.080,0.142,-0.097,0.689,NaN,701,0,1.982,-1.309,1157.000,200.000,1176.000,265.000,NaN,NaN,NaN,NaN,NaN,NaN,NaN
3075,1245,7451.000,34.809,-13.910,0.073,-0.077,0.611,NaN,701,0,0.895,-1.325,1141.000,203.000,1158.000,262.000,NaN,NaN,NaN,NaN,NaN,NaN,NaN
3076,1317,7451.000,29.793,-8.660,-0.406,0.157,0.733,NaN,701,0,2.590,-1.327,995.000,191.000,1025.000,263.000,NaN,NaN,NaN,NaN,NaN,NaN,NaN
3077,290,7452.000,49.564,-21.733,0.190,-0.093,0.029,NaN,702,0,-0.000,-0.000,1188.000,203.000,1208.000,264.000,NaN,NaN,NaN,NaN,NaN,NaN,NaN
3078,489,7452.000,72.781,-52.783,0.312,-0.355,NaN,NaN,702,0,-2.654,-1.327,NaN,NaN,NaN,NaN,NaN,NaN,NaN,NaN,NaN,NaN,NaN
3079,695,7452.000,-11.740,-1.865,-0.257,-0.147,NaN,NaN,702,0,-2.654,-1.327,NaN,NaN,NaN,NaN,NaN,NaN,NaN,NaN,NaN,NaN,NaN
3080,723,7452.000,34.456,-14.539,0.040,-0.036,0.095,NaN,702,0,-1.981,-1.290,1172.000,207.000,1185.000,259.000,NaN,NaN,NaN,NaN,NaN,NaN,NaN
3081,993,7452.000,36.665,-15.154,0.144,-0.093,0.668,NaN,702,0,1.724,-1.306,1156.000,200.000,1177.000,265.000,NaN,NaN,NaN,NaN,NaN,NaN,NaN
3082,1245,7452.000,34.883,-13.982,0.077,-0.073,0.409,NaN,702,0,-0.517,-1.324,1143.000,205.000,1159.000,259.000,NaN,NaN,NaN,NaN,NaN,NaN,NaN
3083,1317,7452.000,29.516,-8.541,-0.382,0.151,0.760,0.977,702,0,1.026,5.979,992.000,190.000,1024.000,264.000,29.570,-8.550,-1.020,0.840,0.680,1.890,-0.450
3084,290,7453.000,49.755,-21.824,0.190,-0.092,NaN,NaN,703,0,-0.046,-0.023,NaN,NaN,NaN,NaN,NaN,NaN,NaN,NaN,NaN,NaN,NaN
3085,489,7453.000,73.094,-53.138,0.312,-0.355,NaN,NaN,703,0,-2.654,-1.327,NaN,NaN,NaN,NaN,NaN,NaN,NaN,NaN,NaN,NaN,NaN
3086,695,7453.000,-11.998,-2.011,-0.258,-0.146,NaN,NaN,703,0,-1.693,-1.327,NaN,NaN,NaN,NaN,NaN,NaN,NaN,NaN,NaN,NaN,NaN
3087,723,7453.000,34.833,-14.759,0.055,-0.058,0.027,NaN,703,0,-2.997,-1.283,1176.000,207.000,1189.000,242.000,NaN,NaN,NaN,NaN,NaN,NaN,NaN
3088,993,7453.000,36.795,-15.234,0.143,-0.090,0.738,NaN,703,0,2.746,-1.306,1158.000,199.000,1178.000,265.000,NaN,NaN,NaN,NaN,NaN,NaN,NaN
3089,1245,7453.000,34.959,-14.053,0.074,-0.072,0.571,0.005,703,0,-1.578,-2.253,1144.000,203.000,1161.000,263.000,34.930,-13.990,-1.120,0.760,0.660,1.800,-0.115
3090,1317,7453.000,29.015,-8.308,-0.402,0.163,0.753,0.021,703,0,1.189,-1.742,991.000,191.000,1022.000,263.000,28.880,-8.190,-1.040,1.640,0.620,1.920,-0.291
3091,290,7454.000,49.946,-21.915,0.190,-0.091,NaN,NaN,704,0,-0.046,-0.023,NaN,NaN,NaN,NaN,NaN,NaN,NaN,NaN,NaN,NaN,NaN
3092,489,7454.000,73.406,-53.492,0.312,-0.355,NaN,NaN,704,0,-2.654,-1.327,NaN,NaN,NaN,NaN,NaN,NaN,NaN,NaN,NaN,NaN,NaN
3093,695,7454.000,-12.257,-2.158,-0.259,-0.147,NaN,NaN,704,0,-2.654,-1.327,NaN,NaN,NaN,NaN,NaN,NaN,NaN,NaN,NaN,NaN,NaN
3094,723,7454.000,34.740,-14.760,0.050,-0.057,0.037,NaN,704,0,-2.570,-1.262,1175.000,212.000,1191.000,258.000,NaN,NaN,NaN,NaN,NaN,NaN,NaN
3095,993,7454.000,36.973,-15.361,0.143,-0.095,0.555,NaN,704,0,0.715,-1.306,1161.000,199.000,1181.000,263.000,NaN,NaN,NaN,NaN,NaN,NaN,NaN
3096,1245,7454.000,35.044,-14.111,0.077,-0.068,0.632,NaN,704,0,1.083,-1.323,1143.000,204.000,1163.000,263.000,NaN,NaN,NaN,NaN,NaN,NaN,NaN
3097,1317,7454.000,28.586,-8.212,-0.411,0.149,0.701,NaN,704,0,2.128,-1.327,989.000,190.000,1020.000,265.000,NaN,NaN,NaN,NaN,NaN,NaN,NaN
3098,290,7455.000,49.937,-21.981,0.189,-0.101,0.046,NaN,705,0,-0.000,-0.000,1196.000,198.000,1211.000,226.000,NaN,NaN,NaN,NaN,NaN,NaN,NaN
3099,489,7455.000,73.718,-53.846,0.312,-0.354,NaN,NaN,705,0,-2.654,-1.327,NaN,NaN,NaN,NaN,NaN,NaN,NaN,NaN,NaN,NaN,NaN
3100,695,7455.000,-12.515,-2.304,-0.258,-0.147,NaN,NaN,705,0,-2.181,-1.327,NaN,NaN,NaN,NaN,NaN,NaN,NaN,NaN,NaN,NaN,NaN
3101,723,7455.000,34.789,-14.817,0.049,-0.057,NaN,NaN,705,0,-2.495,-1.248,NaN,NaN,NaN,NaN,NaN,NaN,NaN,NaN,NaN,NaN,NaN
3102,993,7455.000,37.096,-15.437,0.142,-0.090,0.685,NaN,705,0,1.846,-1.306,1160.000,198.000,1181.000,263.000,NaN,NaN,NaN,NaN,NaN,NaN,NaN
3103,1245,7455.000,35.145,-14.164,0.080,-0.066,0.618,NaN,705,0,0.986,-1.323,1144.000,204.000,1163.000,263.000,NaN,NaN,NaN,NaN,NaN,NaN,NaN
3104,1317,7455.000,28.235,-8.052,-0.399,0.154,0.579,0.049,705,0,0.046,-1.520,989.000,190.000,1021.000,268.000,28.270,-8.010,-1.040,0.970,0.640,1.890,-0.456
3105,290,7456.000,50.126,-22.082,0.188,-0.101,NaN,NaN,706,0,0.158,-0.000,NaN,NaN,NaN,NaN,NaN,NaN,NaN,NaN,NaN,NaN,NaN
3106,489,7456.000,74.030,-54.200,0.311,-0.354,NaN,NaN,706,0,-2.654,-1.327,NaN,NaN,NaN,NaN,NaN,NaN,NaN,NaN,NaN,NaN,NaN
3107,695,7456.000,-12.773,-2.451,-0.258,-0.147,NaN,NaN,706,0,-2.550,-1.327,NaN,NaN,NaN,NaN,NaN,NaN,NaN,NaN,NaN,NaN,NaN
3108,723,7456.000,34.837,-14.874,0.049,-0.057,NaN,NaN,706,0,-2.415,-1.207,NaN,NaN,NaN,NaN,NaN,NaN,NaN,NaN,NaN,NaN,NaN
3109,993,7456.000,37.235,-15.537,0.142,-0.093,0.592,NaN,706,0,0.941,-1.306,1161.000,198.000,1185.000,263.000,NaN,NaN,NaN,NaN,NaN,NaN,NaN
3110,1245,7456.000,35.225,-14.240,0.079,-0.067,0.503,NaN,706,0,0.026,-1.322,1146.000,203.000,1166.000,262.000,NaN,NaN,NaN,NaN,NaN,NaN,NaN
3111,1317,7456.000,27.765,-7.888,-0.410,0.154,0.493,0.194,706,0,-0.485,-0.984,986.000,189.000,1021.000,267.000,27.700,-7.880,-1.000,0.900,0.640,1.850,2.925
3112,290,7457.000,50.313,-22.183,0.187,-0.100,NaN,NaN,707,0,-0.000,-0.000,NaN,NaN,NaN,NaN,NaN,NaN,NaN,NaN,NaN,NaN,NaN
3113,489,7457.000,74.342,-54.555,0.310,-0.355,NaN,NaN,707,0,-2.654,-1.327,NaN,NaN,NaN,NaN,NaN,NaN,NaN,NaN,NaN,NaN,NaN
3114,695,7457.000,-13.032,-2.598,-0.259,-0.147,NaN,NaN,707,0,-2.654,-1.327,NaN,NaN,NaN,NaN,NaN,NaN,NaN,NaN,NaN,NaN,NaN
3115,723,7457.000,35.025,-15.009,0.049,-0.064,0.034,NaN,707,0,-2.506,-1.181,1181.000,213.000,1194.000,262.000,NaN,NaN,NaN,NaN,NaN,NaN,NaN
3116,993,7457.000,37.361,-15.613,0.141,-0.088,0.656,NaN,707,0,1.613,-1.305,1162.000,198.000,1184.000,264.000,NaN,NaN,NaN,NaN,NaN,NaN,NaN
3117,1245,7457.000,35.297,-14.307,0.078,-0.067,0.449,NaN,707,0,-0.273,-1.320,1148.000,202.000,1166.000,260.000,NaN,NaN,NaN,NaN,NaN,NaN,NaN
3118,1317,7457.000,27.338,-7.779,-0.414,0.144,0.331,NaN,707,0,-0.741,-1.327,985.000,191.000,1014.000,264.000,NaN,NaN,NaN,NaN,NaN,NaN,NaN
3119,290,7458.000,50.501,-22.283,0.189,-0.100,NaN,NaN,708,0,-0.000,-0.000,NaN,NaN,NaN,NaN,NaN,NaN,NaN,NaN,NaN,NaN,NaN
3120,489,7458.000,74.653,-54.910,0.311,-0.355,NaN,NaN,708,0,-2.654,-1.327,NaN,NaN,NaN,NaN,NaN,NaN,NaN,NaN,NaN,NaN,NaN
3121,695,7458.000,-13.292,-2.747,-0.259,-0.149,NaN,NaN,708,0,-2.654,-1.327,NaN,NaN,NaN,NaN,NaN,NaN,NaN,NaN,NaN,NaN,NaN
3122,723,7458.000,35.074,-15.072,0.048,-0.063,NaN,NaN,708,0,-0.058,-1.103,NaN,NaN,NaN,NaN,NaN,NaN,NaN,NaN,NaN,NaN,NaN
3123,993,7458.000,37.502,-15.699,0.141,-0.085,NaN,NaN,708,0,-2.611,-1.305,NaN,NaN,NaN,NaN,NaN,NaN,NaN,NaN,NaN,NaN,NaN
3124,1245,7458.000,35.358,-14.383,0.075,-0.070,0.506,NaN,708,0,0.306,-1.318,1151.000,202.000,1168.000,263.000,NaN,NaN,NaN,NaN,NaN,NaN,NaN
3125,1317,7458.000,27.018,-7.675,-0.400,0.137,0.497,0.323,708,0,-0.222,-0.588,982.000,190.000,1017.000,265.000,27.100,-7.700,-1.120,0.620,0.740,1.800,2.179
3126,290,7459.000,50.165,-22.321,0.192,-0.135,0.025,NaN,709,0,-0.000,-0.000,1202.000,198.000,1219.000,251.000,NaN,NaN,NaN,NaN,NaN,NaN,NaN
3127,489,7459.000,74.965,-55.265,0.313,-0.355,NaN,NaN,709,0,-2.654,-1.327,NaN,NaN,NaN,NaN,NaN,NaN,NaN,NaN,NaN,NaN,NaN
3128,695,7459.000,-13.552,-2.896,-0.261,-0.148,NaN,NaN,709,0,-0.304,-1.327,NaN,NaN,NaN,NaN,NaN,NaN,NaN,NaN,NaN,NaN,NaN
3129,723,7459.000,35.120,-15.134,0.047,-0.062,NaN,NaN,709,0,-1.951,-0.975,NaN,NaN,NaN,NaN,NaN,NaN,NaN,NaN,NaN,NaN,NaN
3130,993,7459.000,37.594,-15.754,0.141,-0.081,0.554,NaN,709,0,0.639,-1.303,1164.000,200.000,1186.000,263.000,NaN,NaN,NaN,NaN,NaN,NaN,NaN
3131,1245,7459.000,35.411,-14.449,0.072,-0.070,0.506,NaN,709,0,0.090,-1.314,1152.000,204.000,1170.000,262.000,NaN,NaN,NaN,NaN,NaN,NaN,NaN
3132,1317,7459.000,26.581,-7.514,-0.405,0.142,0.667,0.019,709,0,0.780,-1.602,982.000,191.000,1017.000,266.000,26.510,-7.450,-1.100,1.060,0.460,1.860,-0.771
3133,290,7460.000,50.224,-22.428,0.192,-0.141,0.031,NaN,710,0,-0.000,-0.000,1205.000,198.000,1218.000,228.000,NaN,NaN,NaN,NaN,NaN,NaN,NaN
3134,489,7460.000,75.277,-55.621,0.312,-0.356,NaN,NaN,710,0,-2.654,-1.327,NaN,NaN,NaN,NaN,NaN,NaN,NaN,NaN,NaN,NaN,NaN
3135,695,7460.000,-13.812,-3.044,-0.260,-0.148,NaN,NaN,710,0,-2.654,-1.327,NaN,NaN,NaN,NaN,NaN,NaN,NaN,NaN,NaN,NaN,NaN
3136,723,7460.000,35.168,-15.197,0.047,-0.063,NaN,NaN,710,0,-0.192,-0.837,NaN,NaN,NaN,NaN,NaN,NaN,NaN,NaN,NaN,NaN,NaN
3137,993,7460.000,37.711,-15.838,0.137,-0.083,0.656,NaN,710,0,1.613,-1.302,1166.000,201.000,1188.000,263.000,NaN,NaN,NaN,NaN,NaN,NaN,NaN
3138,1245,7460.000,35.472,-14.520,0.070,-0.072,0.590,NaN,710,0,0.729,-1.313,1153.000,203.000,1172.000,261.000,NaN,NaN,NaN,NaN,NaN,NaN,NaN
3139,1317,7460.000,26.162,-7.414,-0.408,0.132,0.670,NaN,710,0,1.724,-1.327,981.000,191.000,1018.000,266.000,NaN,NaN,NaN,NaN,NaN,NaN,NaN
3140,290,7461.000,50.417,-22.571,0.194,-0.143,NaN,NaN,711,0,-0.000,-0.000,NaN,NaN,NaN,NaN,NaN,NaN,NaN,NaN,NaN,NaN,NaN
3141,489,7461.000,75.589,-55.977,0.312,-0.356,NaN,NaN,711,0,-2.654,-1.327,NaN,NaN,NaN,NaN,NaN,NaN,NaN,NaN,NaN,NaN,NaN
3142,695,7461.000,-14.072,-3.192,-0.260,-0.148,NaN,NaN,711,0,-2.654,-1.327,NaN,NaN,NaN,NaN,NaN,NaN,NaN,NaN,NaN,NaN,NaN
3143,723,7461.000,35.326,-15.395,0.040,-0.079,0.034,NaN,711,0,-1.653,-0.708,1189.000,211.000,1207.000,248.000,NaN,NaN,NaN,NaN,NaN,NaN,NaN
3144,993,7461.000,37.843,-15.917,0.136,-0.083,0.516,NaN,711,0,0.165,-1.302,1167.000,204.000,1187.000,262.000,NaN,NaN,NaN,NaN,NaN,NaN,NaN
3145,1245,7461.000,35.532,-14.586,0.070,-0.072,0.633,NaN,711,0,1.083,-1.311,1154.000,203.000,1173.000,261.000,NaN,NaN,NaN,NaN,NaN,NaN,NaN
3146,1317,7461.000,25.873,-7.272,-0.381,0.138,0.691,0.003,711,0,1.231,-1.564,981.000,192.000,1019.000,278.000,25.990,-7.220,-1.400,0.980,0.520,1.770,0.022
3147,290,7462.000,50.612,-22.714,0.195,-0.143,NaN,NaN,712,0,-0.000,-0.000,NaN,NaN,NaN,NaN,NaN,NaN,NaN,NaN,NaN,NaN,NaN
3148,489,7462.000,75.901,-56.334,0.311,-0.356,NaN,NaN,712,0,-2.654,-1.327,NaN,NaN,NaN,NaN,NaN,NaN,NaN,NaN,NaN,NaN,NaN
3149,695,7462.000,-14.332,-3.340,-0.260,-0.148,NaN,NaN,712,0,-2.275,-1.327,NaN,NaN,NaN,NaN,NaN,NaN,NaN,NaN,NaN,NaN,NaN
3150,723,7462.000,35.248,-15.390,0.033,-0.068,0.038,NaN,712,0,-0.076,-0.034,1188.000,210.000,1206.000,248.000,NaN,NaN,NaN,NaN,NaN,NaN,NaN
3151,993,7462.000,37.976,-16.011,0.136,-0.088,0.605,NaN,712,0,0.895,-1.301,1168.000,204.000,1189.000,263.000,NaN,NaN,NaN,NaN,NaN,NaN,NaN
3152,1245,7462.000,35.584,-14.648,0.069,-0.070,0.708,NaN,712,0,2.046,-1.309,1156.000,205.000,1174.000,262.000,NaN,NaN,NaN,NaN,NaN,NaN,NaN
3153,1317,7462.000,25.391,-7.164,-0.405,0.130,0.453,0.006,712,0,-0.189,-1.501,980.000,190.000,1022.000,267.000,25.250,-7.210,-1.130,0.990,0.610,1.880,-0.804
3154,290,7463.000,51.573,-23.044,0.197,-0.105,0.027,NaN,713,0,-0.376,-0.177,1203.000,199.000,1217.000,244.000,NaN,NaN,NaN,NaN,NaN,NaN,NaN
3155,489,7463.000,76.210,-56.688,0.310,-0.355,NaN,NaN,713,0,-2.654,-1.327,NaN,NaN,NaN,NaN,NaN,NaN,NaN,NaN,NaN,NaN,NaN
3156,695,7463.000,-14.593,-3.488,-0.261,-0.148,NaN,NaN,713,0,-2.275,-1.327,NaN,NaN,NaN,NaN,NaN,NaN,NaN,NaN,NaN,NaN,NaN
3157,723,7463.000,34.826,-15.236,0.017,-0.054,0.081,NaN,713,0,-0.062,-0.034,1190.000,211.000,1207.000,248.000,NaN,NaN,NaN,NaN,NaN,NaN,NaN
3158,993,7463.000,37.957,-16.046,0.134,-0.090,0.236,NaN,713,0,-1.249,-1.299,1172.000,206.000,1187.000,262.000,NaN,NaN,NaN,NaN,NaN,NaN,NaN
3159,1245,7463.000,35.665,-14.733,0.072,-0.071,0.646,NaN,713,0,1.281,-1.308,1158.000,208.000,1177.000,262.000,NaN,NaN,NaN,NaN,NaN,NaN,NaN
3160,1317,7463.000,24.959,-7.077,-0.412,0.120,0.468,NaN,713,0,0.057,-1.326,979.000,193.000,1024.000,268.000,NaN,NaN,NaN,NaN,NaN,NaN,NaN
3161,290,7464.000,51.805,-23.117,0.197,-0.092,0.209,NaN,714,0,-0.000,-0.000,1204.000,201.000,1216.000,227.000,NaN,NaN,NaN,NaN,NaN,NaN,NaN
3162,489,7464.000,76.521,-57.043,0.310,-0.355,NaN,NaN,714,0,-2.654,-1.327,NaN,NaN,NaN,NaN,NaN,NaN,NaN,NaN,NaN,NaN,NaN
3163,695,7464.000,-14.853,-3.636,-0.261,-0.148,NaN,NaN,714,0,-0.264,-1.327,NaN,NaN,NaN,NaN,NaN,NaN,NaN,NaN,NaN,NaN,NaN
3164,723,7464.000,34.186,-14.989,-0.006,-0.038,0.025,NaN,714,0,-0.078,-0.034,1192.000,211.000,1208.000,249.000,NaN,NaN,NaN,NaN,NaN,NaN,NaN
3165,993,7464.000,38.090,-16.136,0.133,-0.090,NaN,NaN,714,0,-2.593,-1.297,NaN,NaN,NaN,NaN,NaN,NaN,NaN,NaN,NaN,NaN,NaN
3166,1245,7464.000,35.713,-14.792,0.072,-0.070,0.502,NaN,714,0,0.026,-1.307,1159.000,207.000,1178.000,260.000,NaN,NaN,NaN,NaN,NaN,NaN,NaN
3167,1317,7464.000,24.654,-6.948,-0.391,0.122,0.318,0.014,714,0,-0.815,-1.501,981.000,192.000,1024.000,265.000,24.750,-6.930,-1.270,1.710,0.520,1.860,-0.210
3168,290,7465.000,51.780,-22.937,0.232,-0.050,0.037,NaN,715,0,-0.000,-0.000,1191.000,207.000,1206.000,233.000,NaN,NaN,NaN,NaN,NaN,NaN,NaN
3169,489,7465.000,76.831,-57.400,0.309,-0.356,NaN,NaN,715,0,-2.654,-1.327,NaN,NaN,NaN,NaN,NaN,NaN,NaN,NaN,NaN,NaN,NaN
3170,695,7465.000,-15.115,-3.784,-0.261,-0.148,NaN,NaN,715,0,-2.654,-1.327,NaN,NaN,NaN,NaN,NaN,NaN,NaN,NaN,NaN,NaN,NaN
3171,723,7465.000,33.939,-14.873,-0.005,-0.023,0.058,NaN,715,0,-0.057,-0.031,1189.000,207.000,1207.000,252.000,NaN,NaN,NaN,NaN,NaN,NaN,NaN
3172,993,7465.000,38.256,-16.174,0.139,-0.073,0.139,NaN,715,0,-1.745,-1.284,1163.000,207.000,1189.000,261.000,NaN,NaN,NaN,NaN,NaN,NaN,NaN
3173,1245,7465.000,35.759,-14.852,0.069,-0.069,0.198,NaN,715,0,-1.433,-1.306,1163.000,210.000,1177.000,259.000,NaN,NaN,NaN,NaN,NaN,NaN,NaN
3174,1317,7465.000,24.209,-6.868,-0.403,0.111,0.459,0.004,715,0,0.082,-1.460,985.000,195.000,1026.000,266.000,24.130,-6.940,-1.240,1.670,0.460,2.010,-3.135
3175,290,7466.000,50.889,-22.399,0.272,-0.031,0.053,NaN,716,0,-0.000,-0.000,1190.000,210.000,1206.000,253.000,NaN,NaN,NaN,NaN,NaN,NaN,NaN
3176,489,7466.000,77.141,-57.756,0.310,-0.356,NaN,NaN,716,0,-2.654,-1.327,NaN,NaN,NaN,NaN,NaN,NaN,NaN,NaN,NaN,NaN,NaN
3177,695,7466.000,-15.377,-3.933,-0.262,-0.149,NaN,NaN,716,0,-0.675,-1.327,NaN,NaN,NaN,NaN,NaN,NaN,NaN,NaN,NaN,NaN,NaN
3178,723,7466.000,33.934,-14.894,-0.005,-0.021,NaN,NaN,716,0,-0.065,-0.033,NaN,NaN,NaN,NaN,NaN,NaN,NaN,NaN,NaN,NaN,NaN
3179,993,7466.000,38.350,-16.269,0.135,-0.082,0.036,NaN,716,0,-2.383,-1.298,1166.000,198.000,1207.000,264.000,NaN,NaN,NaN,NaN,NaN,NaN,NaN
3180,1245,7466.000,35.828,-14.970,0.061,-0.081,0.429,NaN,716,0,-0.400,-1.305,1166.000,205.000,1189.000,263.000,NaN,NaN,NaN,NaN,NaN,NaN,NaN
3181,1317,7466.000,23.783,-6.837,-0.410,0.093,0.431,NaN,716,0,-0.047,-1.326,988.000,195.000,1030.000,294.000,NaN,NaN,NaN,NaN,NaN,NaN,NaN
3182,290,7467.000,50.435,-22.078,0.282,-0.023,0.037,NaN,717,0,-0.000,-0.000,1191.000,210.000,1206.000,260.000,NaN,NaN,NaN,NaN,NaN,NaN,NaN
3183,489,7467.000,77.451,-58.112,0.309,-0.355,NaN,NaN,717,0,-2.654,-1.327,NaN,NaN,NaN,NaN,NaN,NaN,NaN,NaN,NaN,NaN,NaN
3184,695,7467.000,-15.638,-4.083,-0.261,-0.150,NaN,NaN,717,0,-0.750,-1.327,NaN,NaN,NaN,NaN,NaN,NaN,NaN,NaN,NaN,NaN,NaN
3185,723,7467.000,33.927,-14.917,-0.007,-0.022,NaN,NaN,717,0,-0.065,-0.033,NaN,NaN,NaN,NaN,NaN,NaN,NaN,NaN,NaN,NaN,NaN
3186,993,7467.000,38.328,-16.194,0.141,-0.062,0.026,NaN,717,0,-2.973,-1.272,1172.000,215.000,1185.000,239.000,NaN,NaN,NaN,NaN,NaN,NaN,NaN
3187,1245,7467.000,35.904,-15.096,0.056,-0.091,0.268,NaN,717,0,-1.092,-1.302,1169.000,212.000,1187.000,261.000,NaN,NaN,NaN,NaN,NaN,NaN,NaN
3188,1317,7467.000,23.133,-6.719,-0.458,0.093,0.462,0.432,717,0,0.253,0.004,986.000,194.000,1032.000,267.000,22.850,-6.670,-1.090,0.990,0.520,1.850,2.638
3189,290,7468.000,50.717,-22.101,0.282,-0.023,NaN,NaN,718,0,-0.000,-0.000,NaN,NaN,NaN,NaN,NaN,NaN,NaN,NaN,NaN,NaN,NaN
3190,489,7468.000,77.761,-58.467,0.310,-0.355,NaN,NaN,718,0,-2.654,-1.327,NaN,NaN,NaN,NaN,NaN,NaN,NaN,NaN,NaN,NaN,NaN
3191,695,7468.000,-15.900,-4.232,-0.262,-0.149,NaN,NaN,718,0,-2.654,-1.327,NaN,NaN,NaN,NaN,NaN,NaN,NaN,NaN,NaN,NaN,NaN
3192,723,7468.000,33.920,-14.941,-0.007,-0.024,NaN,NaN,718,0,-0.065,-0.033,NaN,NaN,NaN,NaN,NaN,NaN,NaN,NaN,NaN,NaN,NaN
3193,993,7468.000,38.553,-16.261,0.146,-0.055,0.038,NaN,718,0,-2.633,-1.293,1168.000,213.000,1186.000,262.000,NaN,NaN,NaN,NaN,NaN,NaN,NaN
3194,1245,7468.000,35.959,-15.187,0.055,-0.091,NaN,NaN,718,0,-2.597,-1.299,NaN,NaN,NaN,NaN,NaN,NaN,NaN,NaN,NaN,NaN,NaN
3195,1317,7468.000,22.580,-6.600,-0.473,0.095,0.710,0.249,718,0,2.552,-0.369,999.000,194.000,1035.000,265.000,22.280,-6.530,-1.190,0.940,0.550,1.770,-2.599
3196,290,7469.000,50.999,-22.123,0.282,-0.022,NaN,NaN,719,0,-0.000,-0.000,NaN,NaN,NaN,NaN,NaN,NaN,NaN,NaN,NaN,NaN,NaN
3197,489,7469.000,78.073,-58.823,0.311,-0.355,NaN,NaN,719,0,-2.654,-1.327,NaN,NaN,NaN,NaN,NaN,NaN,NaN,NaN,NaN,NaN,NaN
3198,695,7469.000,-16.162,-4.382,-0.262,-0.149,NaN,NaN,719,0,-2.701,-1.327,NaN,NaN,NaN,NaN,NaN,NaN,NaN,NaN,NaN,NaN,NaN
3199,723,7469.000,33.913,-14.966,-0.007,-0.025,NaN,NaN,719,0,-0.000,-0.000,NaN,NaN,NaN,NaN,NaN,NaN,NaN,NaN,NaN,NaN,NaN
3200,993,7469.000,38.698,-16.315,0.145,-0.054,NaN,NaN,719,0,-2.593,-1.296,NaN,NaN,NaN,NaN,NaN,NaN,NaN,NaN,NaN,NaN,NaN
3201,1245,7469.000,36.015,-15.278,0.056,-0.091,NaN,NaN,719,0,-3.006,-1.286,NaN,NaN,NaN,NaN,NaN,NaN,NaN,NaN,NaN,NaN,NaN
3202,1317,7469.000,22.103,-6.578,-0.475,0.082,0.687,NaN,719,0,2.173,-1.326,1001.000,196.000,1041.000,292.000,NaN,NaN,NaN,NaN,NaN,NaN,NaN
3203,290,7470.000,51.282,-22.144,0.282,-0.021,NaN,NaN,720,0,-0.096,-0.048,NaN,NaN,NaN,NaN,NaN,NaN,NaN,NaN,NaN,NaN,NaN
3204,489,7470.000,78.383,-59.178,0.311,-0.355,NaN,NaN,720,0,-2.654,-1.327,NaN,NaN,NaN,NaN,NaN,NaN,NaN,NaN,NaN,NaN,NaN
3205,695,7470.000,-15.714,-5.061,-0.253,-0.196,0.316,NaN,720,0,-1.141,-1.327,184.000,202.000,198.000,240.000,NaN,NaN,NaN,NaN,NaN,NaN,NaN
3206,723,7470.000,33.907,-14.991,-0.006,-0.026,NaN,NaN,720,0,-0.000,-0.000,NaN,NaN,NaN,NaN,NaN,NaN,NaN,NaN,NaN,NaN,NaN
3207,993,7470.000,38.839,-16.412,0.139,-0.067,0.037,NaN,720,0,-2.640,-1.296,1172.000,209.000,1189.000,262.000,NaN,NaN,NaN,NaN,NaN,NaN,NaN
3208,1245,7470.000,36.072,-15.371,0.056,-0.092,NaN,NaN,720,0,-2.525,-1.262,NaN,NaN,NaN,NaN,NaN,NaN,NaN,NaN,NaN,NaN,NaN
3209,1317,7470.000,21.637,-6.475,-0.469,0.087,0.687,0.389,720,0,2.242,-0.037,1003.000,197.000,1042.000,296.000,21.670,-6.450,-1.190,0.940,0.570,1.850,-0.445
3210,290,7471.000,51.563,-22.165,0.281,-0.021,NaN,NaN,721,0,-0.096,-0.048,NaN,NaN,NaN,NaN,NaN,NaN,NaN,NaN,NaN,NaN,NaN
3211,489,7471.000,78.694,-59.532,0.310,-0.355,NaN,NaN,721,0,-2.654,-1.327,NaN,NaN,NaN,NaN,NaN,NaN,NaN,NaN,NaN,NaN,NaN
3212,695,7471.000,-16.425,-5.340,-0.302,-0.176,0.357,NaN,721,0,-0.959,-1.327,184.000,202.000,198.000,239.000,NaN,NaN,NaN,NaN,NaN,NaN,NaN
3213,723,7471.000,33.415,-15.082,-0.034,-0.062,0.200,NaN,721,0,-0.038,-0.031,1210.000,191.000,1226.000,229.000,NaN,NaN,NaN,NaN,NaN,NaN,NaN
3214,993,7471.000,38.889,-16.441,0.138,-0.067,0.041,NaN,721,0,-2.637,-1.295,1172.000,205.000,1187.000,261.000,NaN,NaN,NaN,NaN,NaN,NaN,NaN
3215,1245,7471.000,36.128,-15.463,0.056,-0.093,NaN,NaN,721,0,-2.431,-1.215,NaN,NaN,NaN,NaN,NaN,NaN,NaN,NaN,NaN,NaN,NaN
3216,1317,7471.000,21.132,-6.455,-0.480,0.071,0.827,0.077,721,0,4.274,-0.902,1007.000,197.000,1054.000,297.000,21.080,-6.530,-1.060,0.740,0.620,1.760,-0.016
3217,290,7472.000,51.844,-22.186,0.281,-0.021,NaN,NaN,722,0,-0.096,-0.048,NaN,NaN,NaN,NaN,NaN,NaN,NaN,NaN,NaN,NaN,NaN
3218,489,7472.000,79.005,-59.887,0.310,-0.354,NaN,NaN,722,0,-2.654,-1.327,NaN,NaN,NaN,NaN,NaN,NaN,NaN,NaN,NaN,NaN,NaN
3219,695,7472.000,-16.728,-5.517,-0.303,-0.177,NaN,NaN,722,0,-2.275,-1.327,NaN,NaN,NaN,NaN,NaN,NaN,NaN,NaN,NaN,NaN,NaN
3220,723,7472.000,33.380,-15.143,-0.036,-0.061,NaN,NaN,722,0,-1.638,-0.819,NaN,NaN,NaN,NaN,NaN,NaN,NaN,NaN,NaN,NaN,NaN
3221,993,7472.000,39.027,-16.508,0.138,-0.066,NaN,NaN,722,0,-2.590,-1.295,NaN,NaN,NaN,NaN,NaN,NaN,NaN,NaN,NaN,NaN,NaN
3222,1245,7472.000,36.184,-15.556,0.056,-0.092,NaN,NaN,722,0,-2.267,-1.134,NaN,NaN,NaN,NaN,NaN,NaN,NaN,NaN,NaN,NaN,NaN
3223,1317,7472.000,20.641,-6.418,-0.485,0.062,0.784,NaN,722,0,3.688,-1.324,1013.000,195.000,1060.000,300.000,NaN,NaN,NaN,NaN,NaN,NaN,NaN
3224,290,7473.000,52.125,-22.206,0.281,-0.020,NaN,NaN,723,0,-0.142,-0.071,NaN,NaN,NaN,NaN,NaN,NaN,NaN,NaN,NaN,NaN,NaN
3225,489,7473.000,79.316,-60.241,0.311,-0.354,NaN,NaN,723,0,-2.654,-1.327,NaN,NaN,NaN,NaN,NaN,NaN,NaN,NaN,NaN,NaN,NaN
3226,695,7473.000,-17.032,-5.692,-0.304,-0.175,NaN,NaN,723,0,-0.712,-1.327,NaN,NaN,NaN,NaN,NaN,NaN,NaN,NaN,NaN,NaN,NaN
3227,723,7473.000,33.344,-15.204,-0.035,-0.061,NaN,NaN,723,0,-1.727,-0.863,NaN,NaN,NaN,NaN,NaN,NaN,NaN,NaN,NaN,NaN,NaN
3228,993,7473.000,39.165,-16.574,0.138,-0.066,NaN,NaN,723,0,-2.587,-1.293,NaN,NaN,NaN,NaN,NaN,NaN,NaN,NaN,NaN,NaN,NaN
3229,1245,7473.000,36.241,-15.648,0.057,-0.092,NaN,NaN,723,0,-1.979,-0.990,NaN,NaN,NaN,NaN,NaN,NaN,NaN,NaN,NaN,NaN,NaN
3230,1317,7473.000,20.362,-6.398,-0.442,0.052,0.486,0.044,723,0,0.760,-1.211,1015.000,196.000,1063.000,300.000,20.530,-6.460,-0.940,0.690,0.680,1.700,-0.357
3231,290,7474.000,52.407,-22.226,0.282,-0.019,NaN,NaN,724,0,0.092,-0.104,NaN,NaN,NaN,NaN,NaN,NaN,NaN,NaN,NaN,NaN,NaN
3232,489,7474.000,79.627,-60.594,0.311,-0.354,NaN,NaN,724,0,-2.654,-1.327,NaN,NaN,NaN,NaN,NaN,NaN,NaN,NaN,NaN,NaN,NaN
3233,695,7474.000,-17.337,-5.867,-0.305,-0.175,NaN,NaN,724,0,-2.104,-1.327,NaN,NaN,NaN,NaN,NaN,NaN,NaN,NaN,NaN,NaN,NaN
3234,723,7474.000,33.309,-15.266,-0.035,-0.061,NaN,NaN,724,0,-1.727,-0.863,NaN,NaN,NaN,NaN,NaN,NaN,NaN,NaN,NaN,NaN,NaN
3235,993,7474.000,39.304,-16.640,0.138,-0.066,NaN,NaN,724,0,-0.864,-1.287,NaN,NaN,NaN,NaN,NaN,NaN,NaN,NaN,NaN,NaN,NaN
3236,1245,7474.000,36.298,-15.742,0.057,-0.093,NaN,NaN,724,0,-1.480,-0.740,NaN,NaN,NaN,NaN,NaN,NaN,NaN,NaN,NaN,NaN,NaN
3237,1317,7474.000,19.918,-6.318,-0.446,0.060,0.168,0.054,724,0,-1.064,-1.090,1023.000,194.000,1067.000,322.000,19.870,-6.290,-1.030,1.030,0.530,1.950,-2.108
3238,290,7475.000,52.689,-22.245,0.282,-0.019,NaN,NaN,725,0,0.903,-0.049,NaN,NaN,NaN,NaN,NaN,NaN,NaN,NaN,NaN,NaN,NaN
3239,489,7475.000,79.938,-60.946,0.311,-0.353,NaN,NaN,725,0,-2.654,-1.327,NaN,NaN,NaN,NaN,NaN,NaN,NaN,NaN,NaN,NaN,NaN
3240,695,7475.000,-17.642,-6.043,-0.305,-0.175,NaN,NaN,725,0,-0.794,-1.327,NaN,NaN,NaN,NaN,NaN,NaN,NaN,NaN,NaN,NaN,NaN
3241,723,7475.000,33.274,-15.327,-0.035,-0.062,NaN,NaN,725,0,-1.687,-0.844,NaN,NaN,NaN,NaN,NaN,NaN,NaN,NaN,NaN,NaN,NaN
3242,993,7475.000,39.443,-16.705,0.139,-0.066,NaN,NaN,725,0,-2.573,-1.287,NaN,NaN,NaN,NaN,NaN,NaN,NaN,NaN,NaN,NaN,NaN
3243,1245,7475.000,36.357,-15.835,0.058,-0.093,NaN,NaN,725,0,-0.959,-0.479,NaN,NaN,NaN,NaN,NaN,NaN,NaN,NaN,NaN,NaN,NaN
3244,1317,7475.000,19.476,-6.261,-0.447,0.059,0.164,NaN,725,0,-1.153,-1.322,1025.000,197.000,1071.000,316.000,NaN,NaN,NaN,NaN,NaN,NaN,NaN
3245,290,7476.000,52.971,-22.265,0.281,-0.019,NaN,NaN,726,0,-0.106,-0.053,NaN,NaN,NaN,NaN,NaN,NaN,NaN,NaN,NaN,NaN,NaN
3246,489,7476.000,80.248,-61.299,0.311,-0.353,NaN,NaN,726,0,-2.654,-1.327,NaN,NaN,NaN,NaN,NaN,NaN,NaN,NaN,NaN,NaN,NaN
3247,695,7476.000,-17.947,-6.217,-0.305,-0.174,NaN,NaN,726,0,-0.545,-1.327,NaN,NaN,NaN,NaN,NaN,NaN,NaN,NaN,NaN,NaN,NaN
3248,723,7476.000,33.239,-15.389,-0.035,-0.061,NaN,NaN,726,0,-1.297,-0.649,NaN,NaN,NaN,NaN,NaN,NaN,NaN,NaN,NaN,NaN,NaN
3249,993,7476.000,39.584,-16.772,0.140,-0.067,NaN,NaN,726,0,-2.578,-1.289,NaN,NaN,NaN,NaN,NaN,NaN,NaN,NaN,NaN,NaN,NaN
3250,1245,7476.000,36.415,-15.928,0.058,-0.093,NaN,NaN,726,0,-0.074,-0.037,NaN,NaN,NaN,NaN,NaN,NaN,NaN,NaN,NaN,NaN,NaN
3251,1317,7476.000,19.167,-6.250,-0.408,0.045,0.456,0.042,726,0,0.642,-1.147,1035.000,199.000,1090.000,297.000,19.300,-6.280,-1.170,1.760,0.540,1.810,-2.443
3252,290,7477.000,53.253,-22.283,0.282,-0.018,NaN,NaN,727,0,-0.016,-0.049,NaN,NaN,NaN,NaN,NaN,NaN,NaN,NaN,NaN,NaN,NaN
3253,489,7477.000,80.559,-61.651,0.311,-0.352,NaN,NaN,727,0,-2.654,-1.327,NaN,NaN,NaN,NaN,NaN,NaN,NaN,NaN,NaN,NaN,NaN
3254,695,7477.000,-18.253,-6.392,-0.305,-0.175,NaN,NaN,727,0,-0.545,-1.327,NaN,NaN,NaN,NaN,NaN,NaN,NaN,NaN,NaN,NaN,NaN
3255,723,7477.000,33.203,-15.450,-0.036,-0.061,NaN,NaN,727,0,-0.902,-0.451,NaN,NaN,NaN,NaN,NaN,NaN,NaN,NaN,NaN,NaN,NaN
3256,993,7477.000,39.723,-16.838,0.139,-0.066,NaN,NaN,727,0,-2.571,-1.285,NaN,NaN,NaN,NaN,NaN,NaN,NaN,NaN,NaN,NaN,NaN
3257,1245,7477.000,36.475,-16.020,0.059,-0.092,NaN,NaN,727,0,-0.074,-0.037,NaN,NaN,NaN,NaN,NaN,NaN,NaN,NaN,NaN,NaN,NaN
3258,1317,7477.000,18.761,-6.263,-0.406,0.029,0.154,0.005,727,0,-1.133,-1.287,1044.000,200.000,1101.000,324.000,18.750,-6.380,-1.180,0.870,0.520,1.790,0.222
3259,290,7478.000,53.534,-22.300,0.282,-0.017,NaN,NaN,728,0,-0.054,-0.027,NaN,NaN,NaN,NaN,NaN,NaN,NaN,NaN,NaN,NaN,NaN
3260,489,7478.000,80.870,-62.003,0.311,-0.353,NaN,NaN,728,0,-2.654,-1.327,NaN,NaN,NaN,NaN,NaN,NaN,NaN,NaN,NaN,NaN,NaN
3261,695,7478.000,-18.452,-5.965,-0.381,-0.086,0.180,NaN,728,0,-1.751,-1.327,184.000,202.000,198.000,237.000,NaN,NaN,NaN,NaN,NaN,NaN,NaN
3262,723,7478.000,33.166,-15.511,-0.036,-0.061,NaN,NaN,728,0,-0.496,-0.248,NaN,NaN,NaN,NaN,NaN,NaN,NaN,NaN,NaN,NaN,NaN
3263,993,7478.000,39.861,-16.905,0.139,-0.067,NaN,NaN,728,0,-2.571,-1.285,NaN,NaN,NaN,NaN,NaN,NaN,NaN,NaN,NaN,NaN,NaN
3264,1245,7478.000,36.535,-16.112,0.060,-0.092,NaN,NaN,728,0,-0.074,-0.037,NaN,NaN,NaN,NaN,NaN,NaN,NaN,NaN,NaN,NaN,NaN
3265,1317,7478.000,18.334,-6.291,-0.412,0.012,0.691,NaN,728,0,2.308,-1.318,1058.000,200.000,1109.000,312.000,NaN,NaN,NaN,NaN,NaN,NaN,NaN
3266,290,7479.000,50.465,-19.048,0.311,0.125,0.051,NaN,729,0,-0.044,-0.025,1070.000,200.000,1118.000,262.000,NaN,NaN,NaN,NaN,NaN,NaN,NaN
3267,489,7479.000,81.180,-62.356,0.310,-0.353,NaN,NaN,729,0,-2.654,-1.327,NaN,NaN,NaN,NaN,NaN,NaN,NaN,NaN,NaN,NaN,NaN
3268,695,7479.000,-19.222,-6.185,-0.397,-0.097,0.294,NaN,729,0,-1.208,-1.327,184.000,202.000,198.000,238.000,NaN,NaN,NaN,NaN,NaN,NaN,NaN
3269,723,7479.000,33.130,-15.572,-0.036,-0.061,NaN,NaN,729,0,-0.099,-0.050,NaN,NaN,NaN,NaN,NaN,NaN,NaN,NaN,NaN,NaN,NaN
3270,993,7479.000,40.000,-16.971,0.138,-0.066,NaN,NaN,729,0,-0.686,-1.278,NaN,NaN,NaN,NaN,NaN,NaN,NaN,NaN,NaN,NaN,NaN
3271,1245,7479.000,36.594,-16.204,0.060,-0.092,NaN,NaN,729,0,-0.000,-0.000,NaN,NaN,NaN,NaN,NaN,NaN,NaN,NaN,NaN,NaN,NaN
3272,1317,7479.000,17.962,-6.258,-0.402,0.018,0.626,0.095,729,0,2.130,-0.737,1069.000,199.000,1119.000,300.000,18.000,-6.220,-1.260,0.960,0.490,1.810,0.023
3273,290,7480.000,50.775,-18.923,0.310,0.125,NaN,NaN,730,0,-0.292,-0.146,NaN,NaN,NaN,NaN,NaN,NaN,NaN,NaN,NaN,NaN,NaN
3274,489,7480.000,81.490,-62.709,0.311,-0.353,NaN,NaN,730,0,-2.654,-1.327,NaN,NaN,NaN,NaN,NaN,NaN,NaN,NaN,NaN,NaN,NaN
3275,695,7480.000,-19.983,-6.420,-0.409,-0.113,0.248,NaN,730,0,-1.409,-1.327,185.000,203.000,198.000,238.000,NaN,NaN,NaN,NaN,NaN,NaN,NaN
3276,723,7480.000,33.094,-15.634,-0.037,-0.062,NaN,NaN,730,0,-0.101,-0.050,NaN,NaN,NaN,NaN,NaN,NaN,NaN,NaN,NaN,NaN,NaN
3277,993,7480.000,40.136,-17.035,0.137,-0.065,NaN,NaN,730,0,-2.555,-1.278,NaN,NaN,NaN,NaN,NaN,NaN,NaN,NaN,NaN,NaN,NaN
3278,1245,7480.000,36.653,-16.295,0.060,-0.091,NaN,NaN,730,0,-0.000,-0.000,NaN,NaN,NaN,NaN,NaN,NaN,NaN,NaN,NaN,NaN,NaN
3279,1317,7480.000,17.474,-6.309,-0.427,0.001,0.644,0.185,730,0,2.197,-0.396,1080.000,199.000,1136.000,315.000,17.360,-6.410,-1.180,0.790,0.510,1.640,0.245
3280,290,7481.000,51.085,-18.799,0.310,0.124,NaN,NaN,731,0,-0.000,-0.000,NaN,NaN,NaN,NaN,NaN,NaN,NaN,NaN,NaN,NaN,NaN
3281,489,7481.000,81.802,-63.062,0.311,-0.352,NaN,NaN,731,0,-2.654,-1.327,NaN,NaN,NaN,NaN,NaN,NaN,NaN,NaN,NaN,NaN,NaN
3282,695,7481.000,-20.579,-6.615,-0.415,-0.126,0.372,NaN,731,0,-0.905,-1.327,185.000,202.000,198.000,238.000,NaN,NaN,NaN,NaN,NaN,NaN,NaN
3283,723,7481.000,33.056,-15.697,-0.038,-0.063,NaN,NaN,731,0,-0.101,-0.050,NaN,NaN,NaN,NaN,NaN,NaN,NaN,NaN,NaN,NaN,NaN
3284,993,7481.000,40.271,-17.101,0.136,-0.065,NaN,NaN,731,0,-2.550,-1.275,NaN,NaN,NaN,NaN,NaN,NaN,NaN,NaN,NaN,NaN,NaN
3285,1245,7481.000,36.714,-16.386,0.061,-0.091,NaN,NaN,731,0,-0.216,-0.108,NaN,NaN,NaN,NaN,NaN,NaN,NaN,NaN,NaN,NaN,NaN
3286,1317,7481.000,17.029,-6.358,-0.433,-0.013,0.736,NaN,731,0,3.014,-1.327,1094.000,198.000,1153.000,323.000,NaN,NaN,NaN,NaN,NaN,NaN,NaN
3287,290,7482.000,52.016,-19.214,0.340,0.074,0.318,NaN,732,0,-0.171,-0.370,1102.000,198.000,1162.000,279.000,NaN,NaN,NaN,NaN,NaN,NaN,NaN
3288,489,7482.000,82.114,-63.416,0.312,-0.354,NaN,NaN,732,0,-2.654,-1.327,NaN,NaN,NaN,NaN,NaN,NaN,NaN,NaN,NaN,NaN,NaN
3289,695,7482.000,-21.318,-6.853,-0.429,-0.135,0.262,NaN,732,0,-1.354,-1.327,185.000,203.000,198.000,238.000,NaN,NaN,NaN,NaN,NaN,NaN,NaN
3290,723,7482.000,33.020,-15.762,-0.037,-0.065,NaN,NaN,732,0,-0.101,-0.050,NaN,NaN,NaN,NaN,NaN,NaN,NaN,NaN,NaN,NaN,NaN
3291,993,7482.000,40.409,-17.165,0.137,-0.065,NaN,NaN,732,0,-2.550,-1.275,NaN,NaN,NaN,NaN,NaN,NaN,NaN,NaN,NaN,NaN,NaN
3292,1245,7482.000,36.775,-16.477,0.061,-0.091,NaN,NaN,732,0,-0.475,-0.238,NaN,NaN,NaN,NaN,NaN,NaN,NaN,NaN,NaN,NaN,NaN
3293,1317,7482.000,16.676,-6.375,-0.413,-0.012,0.466,0.810,732,0,0.669,2.241,1102.000,197.000,1162.000,333.000,16.720,-6.370,-1.150,0.960,0.500,1.750,-2.949
3294,290,7483.000,52.356,-19.140,0.341,0.074,NaN,NaN,733,0,-0.453,-0.227,NaN,NaN,NaN,NaN,NaN,NaN,NaN,NaN,NaN,NaN,NaN
3295,489,7483.000,82.425,-63.770,0.311,-0.355,NaN,NaN,733,0,-2.654,-1.327,NaN,NaN,NaN,NaN,NaN,NaN,NaN,NaN,NaN,NaN,NaN
3296,695,7483.000,-21.889,-7.042,-0.435,-0.141,0.240,NaN,733,0,-1.461,-1.327,185.000,202.000,198.000,239.000,NaN,NaN,NaN,NaN,NaN,NaN,NaN
3297,723,7483.000,32.983,-15.826,-0.037,-0.064,NaN,NaN,733,0,-0.041,-0.020,NaN,NaN,NaN,NaN,NaN,NaN,NaN,NaN,NaN,NaN,NaN
3298,993,7483.000,41.056,-16.757,0.167,-0.006,0.342,NaN,733,0,-0.662,-1.267,1120.000,198.000,1184.000,275.000,NaN,NaN,NaN,NaN,NaN,NaN,NaN
3299,1245,7483.000,36.837,-16.568,0.062,-0.091,NaN,NaN,733,0,-1.044,-0.522,NaN,NaN,NaN,NaN,NaN,NaN,NaN,NaN,NaN,NaN,NaN
3300,1317,7483.000,16.198,-6.386,-0.429,-0.011,0.372,0.781,733,0,0.007,2.010,1117.000,198.000,1184.000,338.000,16.150,-6.400,-1.160,1.760,0.560,1.790,0.008
3301,290,7484.000,52.697,-19.066,0.340,0.074,NaN,NaN,734,0,-0.189,-0.395,NaN,NaN,NaN,NaN,NaN,NaN,NaN,NaN,NaN,NaN,NaN
3302,489,7484.000,82.735,-64.125,0.311,-0.356,NaN,NaN,734,0,-2.654,-1.327,NaN,NaN,NaN,NaN,NaN,NaN,NaN,NaN,NaN,NaN,NaN
3303,695,7484.000,-22.324,-7.182,-0.435,-0.140,NaN,NaN,734,0,-2.397,-1.327,NaN,NaN,NaN,NaN,NaN,NaN,NaN,NaN,NaN,NaN,NaN
3304,723,7484.000,32.945,-15.891,-0.038,-0.064,NaN,NaN,734,0,-0.000,-0.000,NaN,NaN,NaN,NaN,NaN,NaN,NaN,NaN,NaN,NaN,NaN
3305,993,7484.000,41.223,-16.761,0.167,-0.004,NaN,NaN,734,0,-2.621,-1.310,NaN,NaN,NaN,NaN,NaN,NaN,NaN,NaN,NaN,NaN,NaN
3306,1245,7484.000,36.900,-16.660,0.062,-0.092,NaN,NaN,734,0,-1.454,-0.727,NaN,NaN,NaN,NaN,NaN,NaN,NaN,NaN,NaN,NaN,NaN
3307,1317,7484.000,15.756,-6.440,-0.430,-0.024,0.803,NaN,734,0,3.988,-1.323,1135.000,199.000,1205.000,328.000,NaN,NaN,NaN,NaN,NaN,NaN,NaN
3308,290,7485.000,53.036,-18.992,0.340,0.074,NaN,NaN,735,0,-0.189,-0.395,NaN,NaN,NaN,NaN,NaN,NaN,NaN,NaN,NaN,NaN,NaN
3309,489,7485.000,83.046,-64.480,0.311,-0.355,NaN,NaN,735,0,-2.654,-1.327,NaN,NaN,NaN,NaN,NaN,NaN,NaN,NaN,NaN,NaN,NaN
3310,695,7485.000,-22.760,-7.323,-0.436,-0.141,NaN,NaN,735,0,-2.654,-1.327,NaN,NaN,NaN,NaN,NaN,NaN,NaN,NaN,NaN,NaN,NaN
3311,723,7485.000,32.907,-15.954,-0.038,-0.063,NaN,NaN,735,0,-0.041,-0.020,NaN,NaN,NaN,NaN,NaN,NaN,NaN,NaN,NaN,NaN,NaN
3312,993,7485.000,41.391,-16.766,0.168,-0.004,NaN,NaN,735,0,-2.630,-1.315,NaN,NaN,NaN,NaN,NaN,NaN,NaN,NaN,NaN,NaN,NaN
3313,1245,7485.000,36.961,-16.752,0.062,-0.091,NaN,NaN,735,0,-1.628,-0.814,NaN,NaN,NaN,NaN,NaN,NaN,NaN,NaN,NaN,NaN,NaN
3314,1317,7485.000,15.417,-6.458,-0.408,-0.025,0.780,0.245,735,0,3.927,-0.242,1144.000,196.000,1218.000,337.000,15.490,-6.450,-1.180,0.880,0.540,1.850,-0.161
3315,290,7486.000,53.377,-18.919,0.341,0.073,NaN,NaN,736,0,-0.453,-0.227,NaN,NaN,NaN,NaN,NaN,NaN,NaN,NaN,NaN,NaN,NaN
3316,489,7486.000,83.357,-64.837,0.311,-0.356,NaN,NaN,736,0,-2.654,-1.327,NaN,NaN,NaN,NaN,NaN,NaN,NaN,NaN,NaN,NaN,NaN
3317,695,7486.000,-23.196,-7.463,-0.435,-0.140,NaN,NaN,736,0,-2.654,-1.327,NaN,NaN,NaN,NaN,NaN,NaN,NaN,NaN,NaN,NaN,NaN
3318,723,7486.000,32.870,-16.019,-0.037,-0.064,NaN,NaN,736,0,-0.041,-0.020,NaN,NaN,NaN,NaN,NaN,NaN,NaN,NaN,NaN,NaN,NaN
3319,993,7486.000,41.558,-16.771,0.167,-0.004,NaN,NaN,736,0,-2.639,-1.319,NaN,NaN,NaN,NaN,NaN,NaN,NaN,NaN,NaN,NaN,NaN
3320,1245,7486.000,37.021,-16.844,0.060,-0.093,NaN,NaN,736,0,-1.767,-0.884,NaN,NaN,NaN,NaN,NaN,NaN,NaN,NaN,NaN,NaN,NaN
3321,1317,7486.000,14.936,-6.504,-0.424,-0.031,0.146,0.918,736,0,-1.000,2.197,1165.000,204.000,1233.000,356.000,14.860,-6.520,-1.260,1.780,0.480,1.850,-2.940
3322,290,7487.000,53.717,-18.844,0.340,0.075,NaN,NaN,737,0,-0.193,-0.360,NaN,NaN,NaN,NaN,NaN,NaN,NaN,NaN,NaN,NaN,NaN
3323,489,7487.000,83.666,-65.193,0.309,-0.356,NaN,NaN,737,0,-2.654,-1.327,NaN,NaN,NaN,NaN,NaN,NaN,NaN,NaN,NaN,NaN,NaN
3324,695,7487.000,-23.630,-7.603,-0.435,-0.140,NaN,NaN,737,0,-2.181,-1.327,NaN,NaN,NaN,NaN,NaN,NaN,NaN,NaN,NaN,NaN,NaN
3325,723,7487.000,32.833,-16.083,-0.037,-0.064,NaN,NaN,737,0,-0.187,-0.094,NaN,NaN,NaN,NaN,NaN,NaN,NaN,NaN,NaN,NaN,NaN
3326,993,7487.000,41.724,-16.777,0.166,-0.006,NaN,NaN,737,0,-2.643,-1.321,NaN,NaN,NaN,NaN,NaN,NaN,NaN,NaN,NaN,NaN,NaN
3327,1245,7487.000,37.081,-16.936,0.060,-0.092,NaN,NaN,737,0,-1.871,-0.936,NaN,NaN,NaN,NaN,NaN,NaN,NaN,NaN,NaN,NaN,NaN
3328,1317,7487.000,14.510,-6.535,-0.426,-0.031,NaN,NaN,737,0,-2.654,-1.327,NaN,NaN,NaN,NaN,NaN,NaN,NaN,NaN,NaN,NaN,NaN
3329,290,7488.000,54.056,-18.771,0.340,0.074,NaN,NaN,738,0,-0.226,-0.421,NaN,NaN,NaN,NaN,NaN,NaN,NaN,NaN,NaN,NaN,NaN
3330,489,7488.000,83.975,-65.548,0.308,-0.355,NaN,NaN,738,0,-2.654,-1.327,NaN,NaN,NaN,NaN,NaN,NaN,NaN,NaN,NaN,NaN,NaN
3331,695,7488.000,-24.063,-7.744,-0.433,-0.141,NaN,NaN,738,0,-2.275,-1.327,NaN,NaN,NaN,NaN,NaN,NaN,NaN,NaN,NaN,NaN,NaN
3332,723,7488.000,32.795,-16.147,-0.038,-0.064,NaN,NaN,738,0,-0.221,-0.110,NaN,NaN,NaN,NaN,NaN,NaN,NaN,NaN,NaN,NaN,NaN
3333,993,7488.000,41.891,-16.782,0.167,-0.005,NaN,NaN,738,0,-2.642,-1.321,NaN,NaN,NaN,NaN,NaN,NaN,NaN,NaN,NaN,NaN,NaN
3334,1245,7488.000,37.201,-17.620,0.048,-0.127,0.029,NaN,738,0,-1.720,-0.899,1227.000,197.000,1267.000,266.000,NaN,NaN,NaN,NaN,NaN,NaN,NaN
3335,1317,7488.000,14.141,-6.574,-0.411,-0.031,0.195,0.967,738,0,-0.715,2.172,1199.000,196.000,1271.000,354.000,14.190,-6.580,-1.210,1.860,0.520,1.830,-3.022
3336,290,7489.000,54.396,-18.697,0.339,0.074,NaN,NaN,739,0,-0.450,-0.838,NaN,NaN,NaN,NaN,NaN,NaN,NaN,NaN,NaN,NaN,NaN
3337,489,7489.000,84.282,-65.902,0.306,-0.354,NaN,NaN,739,0,-2.654,-1.327,NaN,NaN,NaN,NaN,NaN,NaN,NaN,NaN,NaN,NaN,NaN
3338,695,7489.000,-24.495,-7.883,-0.432,-0.139,NaN,NaN,739,0,-2.104,-1.327,NaN,NaN,NaN,NaN,NaN,NaN,NaN,NaN,NaN,NaN,NaN
3339,723,7489.000,32.757,-16.211,-0.038,-0.064,NaN,NaN,739,0,-0.269,-0.134,NaN,NaN,NaN,NaN,NaN,NaN,NaN,NaN,NaN,NaN,NaN
3340,993,7489.000,42.057,-16.789,0.166,-0.006,NaN,NaN,739,0,-2.641,-1.321,NaN,NaN,NaN,NaN,NaN,NaN,NaN,NaN,NaN,NaN,NaN
3341,1245,7489.000,37.278,-17.626,0.056,-0.120,0.102,NaN,739,0,-0.076,-0.062,1222.000,196.000,1261.000,281.000,NaN,NaN,NaN,NaN,NaN,NaN,NaN
3342,1317,7489.000,13.684,-6.678,-0.422,-0.054,0.053,NaN,739,0,-2.295,-1.327,1256.000,203.000,1279.000,280.000,NaN,NaN,NaN,NaN,NaN,NaN,NaN
3343,290,7490.000,54.736,-18.625,0.340,0.073,NaN,NaN,740,0,-0.524,-1.030,NaN,NaN,NaN,NaN,NaN,NaN,NaN,NaN,NaN,NaN,NaN
3344,489,7490.000,84.590,-66.256,0.308,-0.353,NaN,NaN,740,0,-2.654,-1.327,NaN,NaN,NaN,NaN,NaN,NaN,NaN,NaN,NaN,NaN,NaN
3345,695,7490.000,-24.928,-8.022,-0.432,-0.139,NaN,NaN,740,0,-2.654,-1.327,NaN,NaN,NaN,NaN,NaN,NaN,NaN,NaN,NaN,NaN,NaN
3346,723,7490.000,32.720,-16.277,-0.036,-0.066,NaN,NaN,740,0,-0.373,-0.186,NaN,NaN,NaN,NaN,NaN,NaN,NaN,NaN,NaN,NaN,NaN
3347,993,7490.000,42.223,-16.794,0.166,-0.006,NaN,NaN,740,0,-2.640,-1.320,NaN,NaN,NaN,NaN,NaN,NaN,NaN,NaN,NaN,NaN,NaN
3348,1245,7490.000,37.334,-17.748,0.056,-0.122,NaN,NaN,740,0,-0.125,-0.062,NaN,NaN,NaN,NaN,NaN,NaN,NaN,NaN,NaN,NaN,NaN
3349,1317,7490.000,13.101,-6.678,-0.465,-0.040,NaN,0.092,740,0,0.000,-0.689,1226.000,194.000,1403.000,387.000,13.000,-6.690,-1.180,1.880,0.420,1.720,-3.016
3350,290,7491.000,55.076,-18.553,0.340,0.072,NaN,NaN,741,0,-0.556,-1.092,NaN,NaN,NaN,NaN,NaN,NaN,NaN,NaN,NaN,NaN,NaN
3351,489,7491.000,84.899,-66.607,0.310,-0.353,NaN,NaN,741,0,-2.654,-1.327,NaN,NaN,NaN,NaN,NaN,NaN,NaN,NaN,NaN,NaN,NaN
3352,695,7491.000,-25.360,-8.160,-0.432,-0.138,NaN,NaN,741,0,-2.181,-1.327,NaN,NaN,NaN,NaN,NaN,NaN,NaN,NaN,NaN,NaN,NaN
3353,723,7491.000,32.684,-16.342,-0.037,-0.065,NaN,NaN,741,0,-0.429,-0.215,NaN,NaN,NaN,NaN,NaN,NaN,NaN,NaN,NaN,NaN,NaN
3354,993,7491.000,42.390,-16.800,0.167,-0.006,NaN,NaN,741,0,-2.639,-1.319,NaN,NaN,NaN,NaN,NaN,NaN,NaN,NaN,NaN,NaN,NaN
3355,1245,7491.000,35.943,-17.606,-0.041,-0.156,0.046,NaN,741,0,-0.082,-0.053,1261.000,226.000,1279.000,317.000,NaN,NaN,NaN,NaN,NaN,NaN,NaN
3356,1317,7491.000,12.811,-6.744,-0.417,-0.043,0.078,0.852,741,0,-1.457,2.136,1257.000,227.000,1279.000,358.000,12.940,-6.690,-1.230,0.870,0.520,1.740,0.145
3357,290,7492.000,55.416,-18.483,0.340,0.071,NaN,NaN,742,0,-2.082,-1.041,NaN,NaN,NaN,NaN,NaN,NaN,NaN,NaN,NaN,NaN,NaN
3358,489,7492.000,85.206,-66.959,0.308,-0.353,NaN,NaN,742,0,-2.654,-1.327,NaN,NaN,NaN,NaN,NaN,NaN,NaN,NaN,NaN,NaN,NaN
3359,695,7492.000,-25.792,-8.299,-0.432,-0.139,NaN,NaN,742,0,-2.654,-1.327,NaN,NaN,NaN,NaN,NaN,NaN,NaN,NaN,NaN,NaN,NaN
3360,723,7492.000,32.647,-16.406,-0.037,-0.065,NaN,NaN,742,0,-0.784,-0.392,NaN,NaN,NaN,NaN,NaN,NaN,NaN,NaN,NaN,NaN,NaN
3361,993,7492.000,42.557,-16.806,0.167,-0.006,NaN,NaN,742,0,-2.635,-1.318,NaN,NaN,NaN,NaN,NaN,NaN,NaN,NaN,NaN,NaN,NaN
3362,1245,7492.000,35.901,-17.764,-0.042,-0.158,NaN,NaN,742,0,-0.238,-0.119,NaN,NaN,NaN,NaN,NaN,NaN,NaN,NaN,NaN,NaN,NaN
3363,1317,7492.000,12.395,-6.788,-0.416,-0.044,NaN,NaN,742,0,-2.654,-1.327,NaN,NaN,NaN,NaN,NaN,NaN,NaN,NaN,NaN,NaN,NaN
3364,290,7493.000,55.757,-18.413,0.341,0.070,NaN,NaN,743,0,-2.240,-1.120,NaN,NaN,NaN,NaN,NaN,NaN,NaN,NaN,NaN,NaN,NaN
3365,489,7493.000,85.515,-67.312,0.309,-0.352,NaN,NaN,743,0,-2.654,-1.327,NaN,NaN,NaN,NaN,NaN,NaN,NaN,NaN,NaN,NaN,NaN
3366,695,7493.000,-26.223,-8.438,-0.431,-0.139,NaN,NaN,743,0,-2.654,-1.327,NaN,NaN,NaN,NaN,NaN,NaN,NaN,NaN,NaN,NaN,NaN
3367,723,7493.000,32.610,-16.471,-0.037,-0.064,NaN,NaN,743,0,-2.654,-1.327,NaN,NaN,NaN,NaN,NaN,NaN,NaN,NaN,NaN,NaN,NaN
3368,993,7493.000,42.725,-16.813,0.167,-0.006,NaN,NaN,743,0,-2.632,-1.316,NaN,NaN,NaN,NaN,NaN,NaN,NaN,NaN,NaN,NaN,NaN
3369,1245,7493.000,35.858,-17.923,-0.043,-0.159,NaN,NaN,743,0,-0.401,-0.200,NaN,NaN,NaN,NaN,NaN,NaN,NaN,NaN,NaN,NaN,NaN
3370,1317,7493.000,11.789,-6.857,-0.466,-0.051,NaN,0.999,743,0,0.000,2.087,1308.000,194.000,1528.000,417.000,11.670,-6.890,-1.210,1.800,0.510,1.780,-3.015
3371,290,7494.000,56.098,-18.342,0.342,0.071,NaN,NaN,744,0,-2.049,-1.024,NaN,NaN,NaN,NaN,NaN,NaN,NaN,NaN,NaN,NaN,NaN
3372,489,7494.000,85.826,-67.663,0.310,-0.351,NaN,NaN,744,0,-2.654,-1.327,NaN,NaN,NaN,NaN,NaN,NaN,NaN,NaN,NaN,NaN,NaN
3373,695,7494.000,-26.655,-8.578,-0.432,-0.140,NaN,NaN,744,0,-2.654,-1.327,NaN,NaN,NaN,NaN,NaN,NaN,NaN,NaN,NaN,NaN,NaN
3374,723,7494.000,32.574,-16.535,-0.036,-0.063,NaN,NaN,744,0,-2.654,-1.327,NaN,NaN,NaN,NaN,NaN,NaN,NaN,NaN,NaN,NaN,NaN
3375,993,7494.000,42.891,-16.820,0.166,-0.007,NaN,NaN,744,0,-2.622,-1.311,NaN,NaN,NaN,NaN,NaN,NaN,NaN,NaN,NaN,NaN,NaN
3376,1245,7494.000,35.813,-18.084,-0.044,-0.161,NaN,NaN,744,0,-1.031,-0.515,NaN,NaN,NaN,NaN,NaN,NaN,NaN,NaN,NaN,NaN,NaN
3377,1317,7494.000,11.167,-6.905,-0.508,-0.059,NaN,0.994,744,0,0.000,2.026,1359.000,201.000,1609.000,435.000,10.930,-6.990,-1.250,1.760,0.500,1.730,-2.951
3378,290,7495.000,56.440,-18.272,0.342,0.070,NaN,NaN,745,0,-1.176,-0.588,NaN,NaN,NaN,NaN,NaN,NaN,NaN,NaN,NaN,NaN,NaN
3379,489,7495.000,86.137,-68.014,0.311,-0.352,NaN,NaN,745,0,-2.654,-1.327,NaN,NaN,NaN,NaN,NaN,NaN,NaN,NaN,NaN,NaN,NaN
3380,695,7495.000,-27.087,-8.718,-0.432,-0.140,NaN,NaN,745,0,-2.654,-1.327,NaN,NaN,NaN,NaN,NaN,NaN,NaN,NaN,NaN,NaN,NaN
3381,723,7495.000,32.538,-16.598,-0.035,-0.064,NaN,NaN,745,0,-2.654,-1.327,NaN,NaN,NaN,NaN,NaN,NaN,NaN,NaN,NaN,NaN,NaN
3382,993,7495.000,43.057,-16.828,0.166,-0.008,NaN,NaN,745,0,-2.616,-1.308,NaN,NaN,NaN,NaN,NaN,NaN,NaN,NaN,NaN,NaN,NaN
3383,1245,7495.000,35.767,-18.245,-0.046,-0.161,NaN,NaN,745,0,-2.654,-1.327,NaN,NaN,NaN,NaN,NaN,NaN,NaN,NaN,NaN,NaN,NaN
3384,1317,7495.000,10.658,-6.964,-0.509,-0.059,NaN,NaN,745,0,-2.654,-1.327,NaN,NaN,NaN,NaN,NaN,NaN,NaN,NaN,NaN,NaN,NaN
3385,290,7496.000,56.783,-18.200,0.343,0.071,NaN,NaN,746,0,-0.474,-0.237,NaN,NaN,NaN,NaN,NaN,NaN,NaN,NaN,NaN,NaN,NaN
3386,489,7496.000,86.448,-68.367,0.311,-0.353,NaN,NaN,746,0,-2.654,-1.327,NaN,NaN,NaN,NaN,NaN,NaN,NaN,NaN,NaN,NaN,NaN
3387,695,7496.000,-27.521,-8.858,-0.433,-0.140,NaN,NaN,746,0,-2.654,-1.327,NaN,NaN,NaN,NaN,NaN,NaN,NaN,NaN,NaN,NaN,NaN
3388,723,7496.000,32.503,-16.662,-0.035,-0.064,NaN,NaN,746,0,-2.654,-1.327,NaN,NaN,NaN,NaN,NaN,NaN,NaN,NaN,NaN,NaN,NaN
3389,993,7496.000,43.224,-16.836,0.167,-0.007,NaN,NaN,746,0,-2.610,-1.305,NaN,NaN,NaN,NaN,NaN,NaN,NaN,NaN,NaN,NaN,NaN
3390,1245,7496.000,35.720,-18.407,-0.047,-0.162,NaN,NaN,746,0,-2.654,-1.327,NaN,NaN,NaN,NaN,NaN,NaN,NaN,NaN,NaN,NaN,NaN
3391,1317,7496.000,10.296,-7.034,-0.459,-0.058,NaN,0.996,746,0,0.000,1.960,1394.000,200.000,1672.000,445.000,10.420,-7.020,-1.230,1.860,0.500,1.710,-2.980
3392,290,7497.000,57.126,-18.131,0.344,0.070,NaN,NaN,747,0,-1.420,-0.710,NaN,NaN,NaN,NaN,NaN,NaN,NaN,NaN,NaN,NaN,NaN
3393,489,7497.000,86.760,-68.718,0.312,-0.352,NaN,NaN,747,0,-2.654,-1.327,NaN,NaN,NaN,NaN,NaN,NaN,NaN,NaN,NaN,NaN,NaN
3394,695,7497.000,-27.953,-8.999,-0.433,-0.141,NaN,NaN,747,0,-2.654,-1.327,NaN,NaN,NaN,NaN,NaN,NaN,NaN,NaN,NaN,NaN,NaN
3395,723,7497.000,32.467,-16.726,-0.036,-0.064,NaN,NaN,747,0,-2.654,-1.327,NaN,NaN,NaN,NaN,NaN,NaN,NaN,NaN,NaN,NaN,NaN
3396,993,7497.000,43.391,-16.843,0.167,-0.007,NaN,NaN,747,0,-2.608,-1.304,NaN,NaN,NaN,NaN,NaN,NaN,NaN,NaN,NaN,NaN,NaN
3397,1245,7497.000,35.673,-18.567,-0.046,-0.160,NaN,NaN,747,0,-2.654,-1.327,NaN,NaN,NaN,NaN,NaN,NaN,NaN,NaN,NaN,NaN,NaN
3398,1317,7497.000,9.813,-7.102,-0.467,-0.064,NaN,1.000,747,0,0.000,1.960,1445.000,201.000,1772.000,478.000,9.780,-7.120,-1.280,1.920,0.560,1.810,-2.972
3399,290,7498.000,57.469,-18.060,0.344,0.071,NaN,NaN,748,0,-2.494,-1.247,NaN,NaN,NaN,NaN,NaN,NaN,NaN,NaN,NaN,NaN,NaN
3400,489,7498.000,87.073,-69.070,0.314,-0.352,NaN,NaN,748,0,-2.654,-1.327,NaN,NaN,NaN,NaN,NaN,NaN,NaN,NaN,NaN,NaN,NaN
3401,695,7498.000,-28.386,-9.139,-0.433,-0.140,NaN,NaN,748,0,-2.654,-1.327,NaN,NaN,NaN,NaN,NaN,NaN,NaN,NaN,NaN,NaN,NaN
3402,723,7498.000,32.431,-16.790,-0.035,-0.064,NaN,NaN,748,0,-2.654,-1.327,NaN,NaN,NaN,NaN,NaN,NaN,NaN,NaN,NaN,NaN,NaN
3403,993,7498.000,43.559,-16.852,0.167,-0.009,NaN,NaN,748,0,-2.606,-1.303,NaN,NaN,NaN,NaN,NaN,NaN,NaN,NaN,NaN,NaN,NaN
3404,1245,7498.000,35.627,-18.727,-0.047,-0.160,NaN,NaN,748,0,-2.654,-1.327,NaN,NaN,NaN,NaN,NaN,NaN,NaN,NaN,NaN,NaN,NaN
3405,1317,7498.000,9.346,-7.166,-0.467,-0.064,NaN,NaN,748,0,-2.654,-1.327,NaN,NaN,NaN,NaN,NaN,NaN,NaN,NaN,NaN,NaN,NaN
3406,290,7499.000,57.813,-17.989,0.343,0.071,NaN,NaN,749,0,-2.631,-1.315,NaN,NaN,NaN,NaN,NaN,NaN,NaN,NaN,NaN,NaN,NaN
3407,489,7499.000,87.388,-69.421,0.314,-0.352,NaN,NaN,749,0,-2.654,-1.327,NaN,NaN,NaN,NaN,NaN,NaN,NaN,NaN,NaN,NaN,NaN
3408,695,7499.000,-28.819,-9.281,-0.433,-0.141,NaN,NaN,749,0,-2.654,-1.327,NaN,NaN,NaN,NaN,NaN,NaN,NaN,NaN,NaN,NaN,NaN
3409,723,7499.000,32.393,-16.856,-0.037,-0.065,NaN,NaN,749,0,-2.654,-1.327,NaN,NaN,NaN,NaN,NaN,NaN,NaN,NaN,NaN,NaN,NaN
3410,993,7499.000,43.727,-16.861,0.168,-0.009,NaN,NaN,749,0,-2.608,-1.304,NaN,NaN,NaN,NaN,NaN,NaN,NaN,NaN,NaN,NaN,NaN
3411,1245,7499.000,35.578,-18.886,-0.048,-0.159,NaN,NaN,749,0,-2.654,-1.327,NaN,NaN,NaN,NaN,NaN,NaN,NaN,NaN,NaN,NaN,NaN
3412,1317,7499.000,9.018,-7.220,-0.430,-0.060,NaN,1.000,749,0,0.000,1.890,1513.000,206.000,1889.000,502.000,9.110,-7.240,-1.300,1.950,0.520,1.770,-2.948
3413,290,7500.000,58.156,-17.918,0.343,0.071,NaN,NaN,750,0,-2.648,-1.324,NaN,NaN,NaN,NaN,NaN,NaN,NaN,NaN,NaN,NaN,NaN
3414,489,7500.000,87.702,-69.776,0.314,-0.354,NaN,NaN,750,0,-2.654,-1.327,NaN,NaN,NaN,NaN,NaN,NaN,NaN,NaN,NaN,NaN,NaN
3415,695,7500.000,-29.252,-9.423,-0.433,-0.143,NaN,NaN,750,0,-2.654,-1.327,NaN,NaN,NaN,NaN,NaN,NaN,NaN,NaN,NaN,NaN,NaN
3416,723,7500.000,32.356,-16.921,-0.037,-0.065,NaN,NaN,750,0,-2.654,-1.327,NaN,NaN,NaN,NaN,NaN,NaN,NaN,NaN,NaN,NaN,NaN
3417,993,7500.000,43.897,-16.871,0.169,-0.010,NaN,NaN,750,0,-2.608,-1.304,NaN,NaN,NaN,NaN,NaN,NaN,NaN,NaN,NaN,NaN,NaN
3418,1245,7500.000,35.531,-19.045,-0.048,-0.159,NaN,NaN,750,0,-2.654,-1.327,NaN,NaN,NaN,NaN,NaN,NaN,NaN,NaN,NaN,NaN,NaN
3419,1317,7500.000,8.590,-7.295,-0.428,-0.065,NaN,0.110,750,0,0.000,-0.673,1580.000,203.000,1968.000,520.000,8.610,-7.310,-1.290,1.800,0.530,1.810,0.162
3420,290,7501.000,58.500,-17.848,0.344,0.070,NaN,NaN,751,0,-0.711,-1.324,NaN,NaN,NaN,NaN,NaN,NaN,NaN,NaN,NaN,NaN,NaN
3421,489,7501.000,88.016,-70.131,0.314,-0.355,NaN,NaN,751,0,-2.654,-1.327,NaN,NaN,NaN,NaN,NaN,NaN,NaN,NaN,NaN,NaN,NaN
3422,695,7501.000,-29.808,-9.574,-0.430,-0.126,0.026,NaN,751,0,-3.100,-1.327,187.000,202.000,198.000,232.000,NaN,NaN,NaN,NaN,NaN,NaN,NaN
3423,723,7501.000,32.319,-16.985,-0.037,-0.065,NaN,NaN,751,0,-2.654,-1.327,NaN,NaN,NaN,NaN,NaN,NaN,NaN,NaN,NaN,NaN,NaN
3424,993,7501.000,44.065,-16.879,0.168,-0.008,NaN,NaN,751,0,-2.606,-1.303,NaN,NaN,NaN,NaN,NaN,NaN,NaN,NaN,NaN,NaN,NaN
3425,1245,7501.000,35.480,-19.205,-0.050,-0.160,NaN,NaN,751,0,-2.654,-1.327,NaN,NaN,NaN,NaN,NaN,NaN,NaN,NaN,NaN,NaN,NaN
3426,1317,7501.000,8.162,-7.360,-0.428,-0.065,NaN,NaN,751,0,-2.654,-1.327,NaN,NaN,NaN,NaN,NaN,NaN,NaN,NaN,NaN,NaN,NaN
3427,290,7502.000,58.844,-17.777,0.344,0.071,NaN,NaN,752,0,-0.791,-1.321,NaN,NaN,NaN,NaN,NaN,NaN,NaN,NaN,NaN,NaN,NaN
3428,489,7502.000,88.329,-70.486,0.314,-0.355,NaN,NaN,752,0,-2.654,-1.327,NaN,NaN,NaN,NaN,NaN,NaN,NaN,NaN,NaN,NaN,NaN
3429,695,7502.000,-30.239,-9.701,-0.431,-0.126,NaN,NaN,752,0,-2.654,-1.327,NaN,NaN,NaN,NaN,NaN,NaN,NaN,NaN,NaN,NaN,NaN
3430,723,7502.000,32.283,-17.050,-0.036,-0.065,NaN,NaN,752,0,-2.654,-1.327,NaN,NaN,NaN,NaN,NaN,NaN,NaN,NaN,NaN,NaN,NaN
3431,993,7502.000,44.232,-16.887,0.168,-0.008,NaN,NaN,752,0,-2.597,-1.298,NaN,NaN,NaN,NaN,NaN,NaN,NaN,NaN,NaN,NaN,NaN
3432,1245,7502.000,35.430,-19.364,-0.051,-0.159,NaN,NaN,752,0,-2.654,-1.327,NaN,NaN,NaN,NaN,NaN,NaN,NaN,NaN,NaN,NaN,NaN
3433,1317,7502.000,7.735,-7.425,-0.427,-0.065,NaN,NaN,752,0,-2.654,-1.327,NaN,NaN,NaN,NaN,NaN,NaN,NaN,NaN,NaN,NaN,NaN
3434,290,7503.000,59.187,-17.706,0.343,0.070,NaN,NaN,753,0,-0.779,-1.301,NaN,NaN,NaN,NaN,NaN,NaN,NaN,NaN,NaN,NaN,NaN
3435,489,7503.000,88.643,-70.841,0.313,-0.355,NaN,NaN,753,0,-2.654,-1.327,NaN,NaN,NaN,NaN,NaN,NaN,NaN,NaN,NaN,NaN,NaN
3436,695,7503.000,-30.670,-9.826,-0.431,-0.125,NaN,NaN,753,0,-2.654,-1.327,NaN,NaN,NaN,NaN,NaN,NaN,NaN,NaN,NaN,NaN,NaN
3437,723,7503.000,32.248,-17.116,-0.036,-0.066,NaN,NaN,753,0,-2.654,-1.327,NaN,NaN,NaN,NaN,NaN,NaN,NaN,NaN,NaN,NaN,NaN
3438,993,7503.000,44.400,-16.896,0.167,-0.009,NaN,NaN,753,0,-2.586,-1.293,NaN,NaN,NaN,NaN,NaN,NaN,NaN,NaN,NaN,NaN,NaN
3439,1245,7503.000,35.378,-19.522,-0.052,-0.158,NaN,NaN,753,0,-2.654,-1.327,NaN,NaN,NaN,NaN,NaN,NaN,NaN,NaN,NaN,NaN,NaN
3440,1317,7503.000,7.308,-7.489,-0.427,-0.064,NaN,NaN,753,0,-2.654,-1.327,NaN,NaN,NaN,NaN,NaN,NaN,NaN,NaN,NaN,NaN,NaN
3441,290,7504.000,59.530,-17.635,0.344,0.071,NaN,NaN,754,0,-0.791,-1.245,NaN,NaN,NaN,NaN,NaN,NaN,NaN,NaN,NaN,NaN,NaN
3442,489,7504.000,88.956,-71.197,0.313,-0.356,NaN,NaN,754,0,-2.654,-1.327,NaN,NaN,NaN,NaN,NaN,NaN,NaN,NaN,NaN,NaN,NaN
3443,695,7504.000,-31.102,-9.949,-0.432,-0.123,NaN,NaN,754,0,-2.654,-1.327,NaN,NaN,NaN,NaN,NaN,NaN,NaN,NaN,NaN,NaN,NaN
3444,723,7504.000,32.212,-17.183,-0.036,-0.067,NaN,NaN,754,0,-2.654,-1.327,NaN,NaN,NaN,NaN,NaN,NaN,NaN,NaN,NaN,NaN,NaN
3445,993,7504.000,44.567,-16.905,0.167,-0.009,NaN,NaN,754,0,-2.559,-1.280,NaN,NaN,NaN,NaN,NaN,NaN,NaN,NaN,NaN,NaN,NaN
3446,1245,7504.000,35.327,-19.682,-0.051,-0.160,NaN,NaN,754,0,-2.654,-1.327,NaN,NaN,NaN,NaN,NaN,NaN,NaN,NaN,NaN,NaN,NaN
3447,1317,7504.000,6.880,-7.554,-0.428,-0.065,NaN,NaN,754,0,-2.654,-1.327,NaN,NaN,NaN,NaN,NaN,NaN,NaN,NaN,NaN,NaN,NaN
3448,290,7505.000,59.875,-17.565,0.345,0.070,NaN,NaN,755,0,-2.444,-1.222,NaN,NaN,NaN,NaN,NaN,NaN,NaN,NaN,NaN,NaN,NaN
3449,489,7505.000,89.270,-71.552,0.313,-0.356,NaN,NaN,755,0,-2.654,-1.327,NaN,NaN,NaN,NaN,NaN,NaN,NaN,NaN,NaN,NaN,NaN
3450,695,7505.000,-31.535,-10.072,-0.433,-0.123,NaN,NaN,755,0,-2.181,-1.327,NaN,NaN,NaN,NaN,NaN,NaN,NaN,NaN,NaN,NaN,NaN
3451,723,7505.000,32.176,-17.250,-0.036,-0.067,NaN,NaN,755,0,-2.654,-1.327,NaN,NaN,NaN,NaN,NaN,NaN,NaN,NaN,NaN,NaN,NaN
3452,993,7505.000,44.734,-16.912,0.167,-0.007,NaN,NaN,755,0,-2.541,-1.270,NaN,NaN,NaN,NaN,NaN,NaN,NaN,NaN,NaN,NaN,NaN
3453,1245,7505.000,35.275,-19.841,-0.052,-0.159,NaN,NaN,755,0,-2.654,-1.327,NaN,NaN,NaN,NaN,NaN,NaN,NaN,NaN,NaN,NaN,NaN
3454,1317,7505.000,6.452,-7.618,-0.428,-0.064,NaN,NaN,755,0,-2.654,-1.327,NaN,NaN,NaN,NaN,NaN,NaN,NaN,NaN,NaN,NaN,NaN
3455,290,7506.000,60.219,-17.497,0.344,0.068,NaN,NaN,756,0,-2.383,-1.191,NaN,NaN,NaN,NaN,NaN,NaN,NaN,NaN,NaN,NaN,NaN
3456,489,7506.000,89.583,-71.907,0.312,-0.356,NaN,NaN,756,0,-2.654,-1.327,NaN,NaN,NaN,NaN,NaN,NaN,NaN,NaN,NaN,NaN,NaN
3457,695,7506.000,-31.970,-10.195,-0.433,-0.123,NaN,NaN,756,0,-2.181,-1.327,NaN,NaN,NaN,NaN,NaN,NaN,NaN,NaN,NaN,NaN,NaN
3458,723,7506.000,32.140,-17.318,-0.036,-0.068,NaN,NaN,756,0,-2.654,-1.327,NaN,NaN,NaN,NaN,NaN,NaN,NaN,NaN,NaN,NaN,NaN
3459,993,7506.000,44.901,-16.921,0.167,-0.009,NaN,NaN,756,0,-2.534,-1.267,NaN,NaN,NaN,NaN,NaN,NaN,NaN,NaN,NaN,NaN,NaN
3460,1245,7506.000,35.225,-20.001,-0.050,-0.160,NaN,NaN,756,0,-2.654,-1.327,NaN,NaN,NaN,NaN,NaN,NaN,NaN,NaN,NaN,NaN,NaN
3461,1317,7506.000,6.024,-7.682,-0.428,-0.064,NaN,NaN,756,0,-2.654,-1.327,NaN,NaN,NaN,NaN,NaN,NaN,NaN,NaN,NaN,NaN,NaN
3462,290,7507.000,60.561,-17.428,0.343,0.069,NaN,NaN,757,0,-1.984,-0.992,NaN,NaN,NaN,NaN,NaN,NaN,NaN,NaN,NaN,NaN,NaN
3463,489,7507.000,89.895,-72.263,0.312,-0.357,NaN,NaN,757,0,-2.654,-1.327,NaN,NaN,NaN,NaN,NaN,NaN,NaN,NaN,NaN,NaN,NaN
3464,695,7507.000,-32.405,-10.317,-0.434,-0.122,NaN,NaN,757,0,-2.275,-1.327,NaN,NaN,NaN,NaN,NaN,NaN,NaN,NaN,NaN,NaN,NaN
3465,723,7507.000,32.103,-17.386,-0.037,-0.068,NaN,NaN,757,0,-2.654,-1.327,NaN,NaN,NaN,NaN,NaN,NaN,NaN,NaN,NaN,NaN,NaN
3466,993,7507.000,45.069,-16.930,0.167,-0.009,NaN,NaN,757,0,-2.532,-1.266,NaN,NaN,NaN,NaN,NaN,NaN,NaN,NaN,NaN,NaN,NaN
3467,1245,7507.000,35.174,-20.160,-0.051,-0.158,NaN,NaN,757,0,-2.654,-1.327,NaN,NaN,NaN,NaN,NaN,NaN,NaN,NaN,NaN,NaN,NaN
3468,1317,7507.000,5.598,-7.746,-0.427,-0.064,NaN,NaN,757,0,-2.654,-1.327,NaN,NaN,NaN,NaN,NaN,NaN,NaN,NaN,NaN,NaN,NaN
3469,290,7508.000,60.904,-17.360,0.342,0.068,NaN,NaN,758,0,-0.848,-0.424,NaN,NaN,NaN,NaN,NaN,NaN,NaN,NaN,NaN,NaN,NaN
3470,489,7508.000,90.205,-72.619,0.311,-0.357,NaN,NaN,758,0,-2.654,-1.327,NaN,NaN,NaN,NaN,NaN,NaN,NaN,NaN,NaN,NaN,NaN
3471,695,7508.000,-32.838,-10.440,-0.434,-0.123,NaN,NaN,758,0,-2.037,-1.327,NaN,NaN,NaN,NaN,NaN,NaN,NaN,NaN,NaN,NaN,NaN
3472,723,7508.000,32.066,-17.455,-0.037,-0.068,NaN,NaN,758,0,-2.654,-1.327,NaN,NaN,NaN,NaN,NaN,NaN,NaN,NaN,NaN,NaN,NaN
3473,993,7508.000,45.234,-16.939,0.165,-0.009,NaN,NaN,758,0,-2.520,-1.260,NaN,NaN,NaN,NaN,NaN,NaN,NaN,NaN,NaN,NaN,NaN
3474,1245,7508.000,35.123,-20.319,-0.051,-0.159,NaN,NaN,758,0,-2.654,-1.327,NaN,NaN,NaN,NaN,NaN,NaN,NaN,NaN,NaN,NaN,NaN
3475,1317,7508.000,5.170,-7.811,-0.428,-0.065,NaN,NaN,758,0,-2.654,-1.327,NaN,NaN,NaN,NaN,NaN,NaN,NaN,NaN,NaN,NaN,NaN
3476,290,7509.000,61.245,-17.292,0.341,0.068,NaN,NaN,759,0,-0.000,-0.000,NaN,NaN,NaN,NaN,NaN,NaN,NaN,NaN,NaN,NaN,NaN
3477,489,7509.000,90.514,-72.977,0.310,-0.357,NaN,NaN,759,0,-2.654,-1.327,NaN,NaN,NaN,NaN,NaN,NaN,NaN,NaN,NaN,NaN,NaN
3478,695,7509.000,-33.272,-10.563,-0.433,-0.123,NaN,NaN,759,0,-1.976,-1.327,NaN,NaN,NaN,NaN,NaN,NaN,NaN,NaN,NaN,NaN,NaN
3479,723,7509.000,32.029,-17.523,-0.037,-0.068,NaN,NaN,759,0,-2.654,-1.327,NaN,NaN,NaN,NaN,NaN,NaN,NaN,NaN,NaN,NaN,NaN
3480,993,7509.000,39.281,-8.703,0.092,0.358,NaN,0.029,759,0,-4.808,-2.402,924.000,192.000,958.000,252.000,38.710,-9.310,-1.030,0.770,0.650,1.700,1.553
3481,1245,7509.000,35.073,-20.478,-0.051,-0.159,NaN,NaN,759,0,-2.654,-1.327,NaN,NaN,NaN,NaN,NaN,NaN,NaN,NaN,NaN,NaN,NaN
3482,1317,7509.000,4.743,-7.876,-0.427,-0.065,NaN,NaN,759,0,-2.654,-1.327,NaN,NaN,NaN,NaN,NaN,NaN,NaN,NaN,NaN,NaN,NaN
3483,290,7510.000,61.586,-17.224,0.342,0.068,NaN,NaN,760,0,-0.551,-0.276,NaN,NaN,NaN,NaN,NaN,NaN,NaN,NaN,NaN,NaN,NaN
3484,489,7510.000,90.825,-73.332,0.310,-0.356,NaN,NaN,760,0,-2.654,-1.327,NaN,NaN,NaN,NaN,NaN,NaN,NaN,NaN,NaN,NaN,NaN
3485,695,7510.000,-33.705,-10.685,-0.433,-0.123,NaN,NaN,760,0,-2.275,-1.327,NaN,NaN,NaN,NaN,NaN,NaN,NaN,NaN,NaN,NaN,NaN
3486,723,7510.000,31.992,-17.592,-0.037,-0.069,NaN,NaN,760,0,-2.654,-1.327,NaN,NaN,NaN,NaN,NaN,NaN,NaN,NaN,NaN,NaN,NaN
3487,993,7510.000,39.373,-8.345,0.093,0.358,NaN,NaN,760,0,-2.622,-1.311,NaN,NaN,NaN,NaN,NaN,NaN,NaN,NaN,NaN,NaN,NaN
3488,1317,7510.000,4.314,-7.941,-0.428,-0.065,NaN,NaN,760,0,-2.654,-1.327,NaN,NaN,NaN,NaN,NaN,NaN,NaN,NaN,NaN,NaN,NaN
3489,290,7511.000,61.930,-17.155,0.344,0.068,NaN,NaN,761,0,-1.211,-0.606,NaN,NaN,NaN,NaN,NaN,NaN,NaN,NaN,NaN,NaN,NaN
3490,489,7511.000,91.135,-73.687,0.309,-0.355,NaN,NaN,761,0,-2.654,-1.327,NaN,NaN,NaN,NaN,NaN,NaN,NaN,NaN,NaN,NaN,NaN
3491,695,7511.000,-34.139,-10.807,-0.433,-0.122,NaN,NaN,761,0,-2.275,-1.327,NaN,NaN,NaN,NaN,NaN,NaN,NaN,NaN,NaN,NaN,NaN
3492,723,7511.000,31.955,-17.663,-0.037,-0.070,NaN,NaN,761,0,-2.654,-1.327,NaN,NaN,NaN,NaN,NaN,NaN,NaN,NaN,NaN,NaN,NaN
3493,993,7511.000,39.466,-7.987,0.092,0.359,NaN,NaN,761,0,-2.615,-1.307,NaN,NaN,NaN,NaN,NaN,NaN,NaN,NaN,NaN,NaN,NaN
3494,1317,7511.000,3.885,-8.006,-0.429,-0.065,NaN,NaN,761,0,-2.654,-1.327,NaN,NaN,NaN,NaN,NaN,NaN,NaN,NaN,NaN,NaN,NaN
3495,290,7512.000,62.274,-17.087,0.344,0.069,NaN,NaN,762,0,-0.400,-1.075,NaN,NaN,NaN,NaN,NaN,NaN,NaN,NaN,NaN,NaN,NaN
3496,489,7512.000,91.445,-74.043,0.309,-0.355,NaN,NaN,762,0,-2.654,-1.327,NaN,NaN,NaN,NaN,NaN,NaN,NaN,NaN,NaN,NaN,NaN
3497,695,7512.000,-35.507,-10.458,-0.498,-0.038,0.037,NaN,762,0,-3.178,-1.327,225.000,203.000,232.000,222.000,NaN,NaN,NaN,NaN,NaN,NaN,NaN
3498,723,7512.000,31.919,-17.732,-0.036,-0.070,NaN,NaN,762,0,-2.654,-1.327,NaN,NaN,NaN,NaN,NaN,NaN,NaN,NaN,NaN,NaN,NaN
3499,993,7512.000,39.559,-7.629,0.093,0.358,NaN,NaN,762,0,-2.652,-1.326,NaN,NaN,NaN,NaN,NaN,NaN,NaN,NaN,NaN,NaN,NaN
3500,1317,7512.000,3.455,-8.072,-0.429,-0.066,NaN,NaN,762,0,-2.654,-1.327,NaN,NaN,NaN,NaN,NaN,NaN,NaN,NaN,NaN,NaN,NaN
3501,290,7513.000,62.618,-17.016,0.344,0.071,NaN,NaN,763,0,-0.569,-1.187,NaN,NaN,NaN,NaN,NaN,NaN,NaN,NaN,NaN,NaN,NaN
3502,489,7513.000,91.753,-74.398,0.309,-0.355,NaN,NaN,763,0,-2.654,-1.327,NaN,NaN,NaN,NaN,NaN,NaN,NaN,NaN,NaN,NaN,NaN
3503,695,7513.000,-36.003,-10.496,-0.495,-0.038,NaN,NaN,763,0,-2.275,-1.327,NaN,NaN,NaN,NaN,NaN,NaN,NaN,NaN,NaN,NaN,NaN
3504,723,7513.000,31.881,-17.802,-0.038,-0.070,NaN,NaN,763,0,-2.654,-1.327,NaN,NaN,NaN,NaN,NaN,NaN,NaN,NaN,NaN,NaN,NaN
3505,993,7513.000,39.653,-7.271,0.094,0.357,NaN,NaN,763,0,-2.646,-1.323,NaN,NaN,NaN,NaN,NaN,NaN,NaN,NaN,NaN,NaN,NaN
3506,1317,7513.000,3.025,-8.140,-0.431,-0.068,NaN,NaN,763,0,-2.654,-1.327,NaN,NaN,NaN,NaN,NaN,NaN,NaN,NaN,NaN,NaN,NaN
3507,290,7514.000,62.962,-16.946,0.344,0.070,NaN,NaN,764,0,-2.462,-1.231,NaN,NaN,NaN,NaN,NaN,NaN,NaN,NaN,NaN,NaN,NaN
3508,489,7514.000,92.061,-74.754,0.309,-0.355,NaN,NaN,764,0,-2.654,-1.327,NaN,NaN,NaN,NaN,NaN,NaN,NaN,NaN,NaN,NaN,NaN
3509,695,7514.000,-36.499,-10.535,-0.495,-0.039,NaN,NaN,764,0,-2.275,-1.327,NaN,NaN,NaN,NaN,NaN,NaN,NaN,NaN,NaN,NaN,NaN
3510,723,7514.000,31.843,-17.873,-0.037,-0.071,NaN,NaN,764,0,-2.654,-1.327,NaN,NaN,NaN,NaN,NaN,NaN,NaN,NaN,NaN,NaN,NaN
3511,993,7514.000,39.746,-6.916,0.094,0.356,NaN,NaN,764,0,-2.589,-1.294,NaN,NaN,NaN,NaN,NaN,NaN,NaN,NaN,NaN,NaN,NaN
3512,1317,7514.000,2.594,-8.207,-0.430,-0.067,NaN,NaN,764,0,-2.654,-1.327,NaN,NaN,NaN,NaN,NaN,NaN,NaN,NaN,NaN,NaN,NaN
3513,290,7515.000,63.306,-16.878,0.344,0.068,NaN,NaN,765,0,-2.492,-1.246,NaN,NaN,NaN,NaN,NaN,NaN,NaN,NaN,NaN,NaN,NaN
3514,489,7515.000,92.368,-75.109,0.309,-0.355,NaN,NaN,765,0,-2.654,-1.327,NaN,NaN,NaN,NaN,NaN,NaN,NaN,NaN,NaN,NaN,NaN
3515,695,7515.000,-36.994,-10.573,-0.495,-0.038,NaN,NaN,765,0,-2.275,-1.327,NaN,NaN,NaN,NaN,NaN,NaN,NaN,NaN,NaN,NaN,NaN
3516,723,7515.000,31.808,-17.943,-0.036,-0.070,NaN,NaN,765,0,-2.654,-1.327,NaN,NaN,NaN,NaN,NaN,NaN,NaN,NaN,NaN,NaN,NaN
3517,993,7515.000,39.841,-6.561,0.094,0.355,NaN,NaN,765,0,-2.425,-1.213,NaN,NaN,NaN,NaN,NaN,NaN,NaN,NaN,NaN,NaN,NaN
3518,1317,7515.000,2.164,-8.273,-0.431,-0.066,NaN,NaN,765,0,-2.654,-1.327,NaN,NaN,NaN,NaN,NaN,NaN,NaN,NaN,NaN,NaN,NaN
3519,290,7516.000,63.650,-16.810,0.344,0.068,NaN,NaN,766,0,-0.431,-1.159,NaN,NaN,NaN,NaN,NaN,NaN,NaN,NaN,NaN,NaN,NaN
3520,489,7516.000,92.678,-75.464,0.310,-0.354,NaN,NaN,766,0,-2.654,-1.327,NaN,NaN,NaN,NaN,NaN,NaN,NaN,NaN,NaN,NaN,NaN
3521,695,7516.000,-36.844,-10.195,-0.480,0.029,0.056,NaN,766,0,-2.640,-1.327,248.000,201.000,258.000,236.000,NaN,NaN,NaN,NaN,NaN,NaN,NaN
3522,723,7516.000,31.771,-18.014,-0.037,-0.070,NaN,NaN,766,0,-2.654,-1.327,NaN,NaN,NaN,NaN,NaN,NaN,NaN,NaN,NaN,NaN,NaN
3523,993,7516.000,39.935,-6.206,0.094,0.355,NaN,NaN,766,0,-2.650,-1.325,NaN,NaN,NaN,NaN,NaN,NaN,NaN,NaN,NaN,NaN,NaN
3524,1317,7516.000,1.731,-8.340,-0.432,-0.067,NaN,NaN,766,0,-2.654,-1.327,NaN,NaN,NaN,NaN,NaN,NaN,NaN,NaN,NaN,NaN,NaN
3525,290,7517.000,63.992,-16.741,0.342,0.068,NaN,NaN,767,0,-0.646,-1.016,NaN,NaN,NaN,NaN,NaN,NaN,NaN,NaN,NaN,NaN,NaN
3526,489,7517.000,92.989,-75.818,0.310,-0.355,NaN,NaN,767,0,-2.654,-1.327,NaN,NaN,NaN,NaN,NaN,NaN,NaN,NaN,NaN,NaN,NaN
3527,695,7517.000,-37.325,-10.166,-0.480,0.029,NaN,NaN,767,0,-2.654,-1.327,NaN,NaN,NaN,NaN,NaN,NaN,NaN,NaN,NaN,NaN,NaN
3528,723,7517.000,31.734,-18.084,-0.037,-0.070,NaN,NaN,767,0,-2.654,-1.327,NaN,NaN,NaN,NaN,NaN,NaN,NaN,NaN,NaN,NaN,NaN
3529,993,7517.000,40.028,-5.850,0.093,0.356,NaN,NaN,767,0,-2.650,-1.325,NaN,NaN,NaN,NaN,NaN,NaN,NaN,NaN,NaN,NaN,NaN
3530,1317,7517.000,1.298,-8.409,-0.434,-0.069,NaN,NaN,767,0,-2.654,-1.327,NaN,NaN,NaN,NaN,NaN,NaN,NaN,NaN,NaN,NaN,NaN
3531,290,7518.000,64.333,-16.674,0.341,0.067,NaN,NaN,768,0,-0.325,-0.542,NaN,NaN,NaN,NaN,NaN,NaN,NaN,NaN,NaN,NaN,NaN
3532,489,7518.000,93.298,-76.172,0.310,-0.354,NaN,NaN,768,0,-2.654,-1.327,NaN,NaN,NaN,NaN,NaN,NaN,NaN,NaN,NaN,NaN,NaN
3533,695,7518.000,-37.804,-10.138,-0.480,0.029,NaN,NaN,768,0,-2.104,-1.327,NaN,NaN,NaN,NaN,NaN,NaN,NaN,NaN,NaN,NaN,NaN
3534,723,7518.000,31.698,-18.153,-0.036,-0.068,NaN,NaN,768,0,-2.654,-1.327,NaN,NaN,NaN,NaN,NaN,NaN,NaN,NaN,NaN,NaN,NaN
3535,993,7518.000,40.119,-5.494,0.091,0.356,NaN,NaN,768,0,-2.649,-1.324,NaN,NaN,NaN,NaN,NaN,NaN,NaN,NaN,NaN,NaN,NaN
3536,1317,7518.000,0.866,-8.479,-0.432,-0.069,NaN,NaN,768,0,-2.654,-1.327,NaN,NaN,NaN,NaN,NaN,NaN,NaN,NaN,NaN,NaN,NaN
3537,290,7519.000,64.674,-16.607,0.341,0.067,NaN,NaN,769,0,-0.192,-0.468,NaN,NaN,NaN,NaN,NaN,NaN,NaN,NaN,NaN,NaN,NaN
3538,489,7519.000,93.609,-76.526,0.310,-0.355,NaN,NaN,769,0,-2.654,-1.327,NaN,NaN,NaN,NaN,NaN,NaN,NaN,NaN,NaN,NaN,NaN
3539,695,7519.000,-38.284,-10.109,-0.480,0.029,NaN,NaN,769,0,-2.654,-1.327,NaN,NaN,NaN,NaN,NaN,NaN,NaN,NaN,NaN,NaN,NaN
3540,723,7519.000,31.662,-18.221,-0.036,-0.068,NaN,NaN,769,0,-2.654,-1.327,NaN,NaN,NaN,NaN,NaN,NaN,NaN,NaN,NaN,NaN,NaN
3541,993,7519.000,40.210,-5.138,0.091,0.356,NaN,NaN,769,0,-2.650,-1.325,NaN,NaN,NaN,NaN,NaN,NaN,NaN,NaN,NaN,NaN,NaN
3542,1317,7519.000,0.434,-8.548,-0.432,-0.069,NaN,NaN,769,0,-2.654,-1.327,NaN,NaN,NaN,NaN,NaN,NaN,NaN,NaN,NaN,NaN,NaN
3543,290,7520.000,65.015,-16.540,0.339,0.068,NaN,NaN,770,0,-1.076,-0.538,NaN,NaN,NaN,NaN,NaN,NaN,NaN,NaN,NaN,NaN,NaN
3544,489,7520.000,93.920,-76.880,0.311,-0.355,NaN,NaN,770,0,-2.654,-1.327,NaN,NaN,NaN,NaN,NaN,NaN,NaN,NaN,NaN,NaN,NaN
3545,695,7520.000,-38.765,-10.079,-0.481,0.030,NaN,NaN,770,0,-2.654,-1.327,NaN,NaN,NaN,NaN,NaN,NaN,NaN,NaN,NaN,NaN,NaN
3546,723,7520.000,31.626,-18.290,-0.037,-0.069,NaN,NaN,770,0,-2.654,-1.327,NaN,NaN,NaN,NaN,NaN,NaN,NaN,NaN,NaN,NaN,NaN
3547,993,7520.000,40.299,-4.782,0.089,0.356,NaN,NaN,770,0,-2.646,-1.323,NaN,NaN,NaN,NaN,NaN,NaN,NaN,NaN,NaN,NaN,NaN
3548,1317,7520.000,0.002,-8.618,-0.432,-0.071,NaN,NaN,770,0,-2.654,-1.327,NaN,NaN,NaN,NaN,NaN,NaN,NaN,NaN,NaN,NaN,NaN
3549,290,7521.000,65.353,-16.472,0.339,0.068,NaN,NaN,771,0,-1.031,-0.515,NaN,NaN,NaN,NaN,NaN,NaN,NaN,NaN,NaN,NaN,NaN
3550,489,7521.000,94.231,-77.236,0.311,-0.356,NaN,NaN,771,0,-2.654,-1.327,NaN,NaN,NaN,NaN,NaN,NaN,NaN,NaN,NaN,NaN,NaN
3551,695,7521.000,-39.246,-10.048,-0.481,0.031,NaN,NaN,771,0,-2.654,-1.327,NaN,NaN,NaN,NaN,NaN,NaN,NaN,NaN,NaN,NaN,NaN
3552,723,7521.000,31.590,-18.360,-0.036,-0.070,NaN,NaN,771,0,-2.654,-1.327,NaN,NaN,NaN,NaN,NaN,NaN,NaN,NaN,NaN,NaN,NaN
3553,993,7521.000,40.388,-4.426,0.090,0.356,NaN,NaN,771,0,-2.642,-1.321,NaN,NaN,NaN,NaN,NaN,NaN,NaN,NaN,NaN,NaN,NaN
3554,1317,7521.000,-0.430,-8.690,-0.432,-0.071,NaN,NaN,771,0,-2.654,-1.327,NaN,NaN,NaN,NaN,NaN,NaN,NaN,NaN,NaN,NaN,NaN
3555,290,7522.000,65.693,-16.405,0.339,0.067,NaN,NaN,772,0,-0.747,-0.373,NaN,NaN,NaN,NaN,NaN,NaN,NaN,NaN,NaN,NaN,NaN
3556,489,7522.000,94.543,-77.591,0.312,-0.354,NaN,NaN,772,0,-2.654,-1.327,NaN,NaN,NaN,NaN,NaN,NaN,NaN,NaN,NaN,NaN,NaN
3557,695,7522.000,-31.649,-8.621,-0.379,-0.110,0.058,NaN,772,0,-2.640,-1.327,248.000,201.000,263.000,237.000,NaN,NaN,NaN,NaN,NaN,NaN,NaN
3558,723,7522.000,31.555,-18.428,-0.036,-0.069,NaN,NaN,772,0,-2.654,-1.327,NaN,NaN,NaN,NaN,NaN,NaN,NaN,NaN,NaN,NaN,NaN
3559,993,7522.000,40.478,-4.071,0.089,0.355,NaN,NaN,772,0,-2.583,-1.291,NaN,NaN,NaN,NaN,NaN,NaN,NaN,NaN,NaN,NaN,NaN
3560,290,7523.000,66.031,-16.337,0.338,0.068,NaN,NaN,773,0,-0.000,-0.000,NaN,NaN,NaN,NaN,NaN,NaN,NaN,NaN,NaN,NaN,NaN
3561,489,7523.000,94.857,-77.946,0.314,-0.356,NaN,NaN,773,0,-2.654,-1.327,NaN,NaN,NaN,NaN,NaN,NaN,NaN,NaN,NaN,NaN,NaN
3562,695,7523.000,-30.606,-8.394,-0.374,-0.123,0.075,NaN,773,0,-2.404,-1.327,248.000,201.000,264.000,237.000,NaN,NaN,NaN,NaN,NaN,NaN,NaN
3563,723,7523.000,31.520,-18.497,-0.035,-0.069,NaN,NaN,773,0,-2.654,-1.327,NaN,NaN,NaN,NaN,NaN,NaN,NaN,NaN,NaN,NaN,NaN
3564,993,7523.000,40.567,-3.715,0.090,0.356,NaN,NaN,773,0,-1.098,-0.549,NaN,NaN,NaN,NaN,NaN,NaN,NaN,NaN,NaN,NaN,NaN
3565,290,7524.000,66.368,-16.267,0.337,0.070,NaN,NaN,774,0,-0.000,-0.000,NaN,NaN,NaN,NaN,NaN,NaN,NaN,NaN,NaN,NaN,NaN
3566,489,7524.000,95.171,-78.302,0.314,-0.356,NaN,NaN,774,0,-2.654,-1.327,NaN,NaN,NaN,NaN,NaN,NaN,NaN,NaN,NaN,NaN,NaN
3567,695,7524.000,-30.983,-8.519,-0.376,-0.124,NaN,NaN,774,0,-2.701,-1.327,NaN,NaN,NaN,NaN,NaN,NaN,NaN,NaN,NaN,NaN,NaN
3568,723,7524.000,31.484,-18.566,-0.035,-0.068,NaN,NaN,774,0,-5.860,-2.930,NaN,NaN,NaN,NaN,NaN,NaN,NaN,NaN,NaN,NaN,NaN
3569,993,7524.000,40.657,-3.360,0.091,0.355,NaN,NaN,774,0,-2.565,-1.282,NaN,NaN,NaN,NaN,NaN,NaN,NaN,NaN,NaN,NaN,NaN
3570,290,7525.000,66.705,-16.199,0.337,0.068,NaN,NaN,775,0,-0.000,-0.000,NaN,NaN,NaN,NaN,NaN,NaN,NaN,NaN,NaN,NaN,NaN
3571,489,7525.000,95.486,-78.661,0.315,-0.357,NaN,NaN,775,0,-2.654,-1.327,NaN,NaN,NaN,NaN,NaN,NaN,NaN,NaN,NaN,NaN,NaN
3572,695,7525.000,-31.359,-8.642,-0.376,-0.123,NaN,NaN,775,0,-2.701,-1.327,NaN,NaN,NaN,NaN,NaN,NaN,NaN,NaN,NaN,NaN,NaN
3573,723,7525.000,31.449,-18.634,-0.035,-0.068,NaN,NaN,775,0,-2.654,-1.327,NaN,NaN,NaN,NaN,NaN,NaN,NaN,NaN,NaN,NaN,NaN
3574,993,7525.000,40.750,-3.004,0.093,0.355,NaN,NaN,775,0,-2.633,-1.317,NaN,NaN,NaN,NaN,NaN,NaN,NaN,NaN,NaN,NaN,NaN
3575,290,7526.000,67.041,-16.129,0.336,0.070,NaN,NaN,776,0,-0.000,-0.000,NaN,NaN,NaN,NaN,NaN,NaN,NaN,NaN,NaN,NaN,NaN
3576,489,7526.000,95.800,-79.020,0.314,-0.358,NaN,NaN,776,0,-2.654,-1.327,NaN,NaN,NaN,NaN,NaN,NaN,NaN,NaN,NaN,NaN,NaN
3577,695,7526.000,-31.735,-8.764,-0.377,-0.122,NaN,NaN,776,0,-2.701,-1.327,NaN,NaN,NaN,NaN,NaN,NaN,NaN,NaN,NaN,NaN,NaN
3578,993,7526.000,40.840,-2.649,0.091,0.356,NaN,NaN,776,0,-2.558,-1.279,NaN,NaN,NaN,NaN,NaN,NaN,NaN,NaN,NaN,NaN,NaN
3579,290,7527.000,67.376,-16.060,0.335,0.069,NaN,NaN,777,0,-0.000,-0.000,NaN,NaN,NaN,NaN,NaN,NaN,NaN,NaN,NaN,NaN,NaN
3580,489,7527.000,96.115,-79.381,0.314,-0.359,NaN,NaN,777,0,-2.654,-1.327,NaN,NaN,NaN,NaN,NaN,NaN,NaN,NaN,NaN,NaN,NaN
3581,695,7527.000,-32.112,-8.887,-0.377,-0.123,NaN,NaN,777,0,-2.654,-1.327,NaN,NaN,NaN,NaN,NaN,NaN,NaN,NaN,NaN,NaN,NaN
3582,993,7527.000,40.931,-2.292,0.091,0.356,NaN,NaN,777,0,-2.510,-1.255,NaN,NaN,NaN,NaN,NaN,NaN,NaN,NaN,NaN,NaN,NaN
3583,290,7528.000,67.710,-15.992,0.333,0.068,NaN,NaN,778,0,-0.000,-0.000,NaN,NaN,NaN,NaN,NaN,NaN,NaN,NaN,NaN,NaN,NaN
3584,489,7528.000,96.428,-79.738,0.314,-0.357,NaN,NaN,778,0,-2.654,-1.327,NaN,NaN,NaN,NaN,NaN,NaN,NaN,NaN,NaN,NaN,NaN
3585,695,7528.000,-32.488,-9.010,-0.377,-0.122,NaN,NaN,778,0,-2.550,-1.327,NaN,NaN,NaN,NaN,NaN,NaN,NaN,NaN,NaN,NaN,NaN
3586,993,7528.000,41.022,-1.935,0.091,0.357,NaN,NaN,778,0,-2.201,-1.100,NaN,NaN,NaN,NaN,NaN,NaN,NaN,NaN,NaN,NaN,NaN
3587,290,7529.000,68.045,-15.925,0.335,0.067,NaN,NaN,779,0,-0.000,-0.000,NaN,NaN,NaN,NaN,NaN,NaN,NaN,NaN,NaN,NaN,NaN
3588,489,7529.000,96.740,-80.094,0.313,-0.357,NaN,NaN,779,0,-2.654,-1.327,NaN,NaN,NaN,NaN,NaN,NaN,NaN,NaN,NaN,NaN,NaN
3589,695,7529.000,-32.863,-9.132,-0.376,-0.122,NaN,NaN,779,0,-2.550,-1.327,NaN,NaN,NaN,NaN,NaN,NaN,NaN,NaN,NaN,NaN,NaN
3590,993,7529.000,41.112,-1.577,0.091,0.359,NaN,NaN,779,0,-2.566,-1.283,NaN,NaN,NaN,NaN,NaN,NaN,NaN,NaN,NaN,NaN,NaN
3591,290,7530.000,68.382,-15.859,0.336,0.066,NaN,NaN,780,0,-0.000,-0.000,NaN,NaN,NaN,NaN,NaN,NaN,NaN,NaN,NaN,NaN,NaN
3592,489,7530.000,97.051,-80.449,0.311,-0.355,NaN,NaN,780,0,-2.654,-1.327,NaN,NaN,NaN,NaN,NaN,NaN,NaN,NaN,NaN,NaN,NaN
3593,695,7530.000,-33.238,-9.254,-0.375,-0.122,NaN,NaN,780,0,-2.550,-1.327,NaN,NaN,NaN,NaN,NaN,NaN,NaN,NaN,NaN,NaN,NaN
3594,993,7530.000,41.203,-1.218,0.090,0.359,NaN,NaN,780,0,-2.625,-1.312,NaN,NaN,NaN,NaN,NaN,NaN,NaN,NaN,NaN,NaN,NaN
3595,290,7531.000,68.718,-15.792,0.336,0.067,NaN,NaN,781,0,-0.000,-0.000,NaN,NaN,NaN,NaN,NaN,NaN,NaN,NaN,NaN,NaN,NaN
3596,489,7531.000,97.363,-80.802,0.311,-0.354,NaN,NaN,781,0,-2.654,-1.327,NaN,NaN,NaN,NaN,NaN,NaN,NaN,NaN,NaN,NaN,NaN
3597,695,7531.000,-33.611,-9.376,-0.374,-0.122,NaN,NaN,781,0,-2.654,-1.327,NaN,NaN,NaN,NaN,NaN,NaN,NaN,NaN,NaN,NaN,NaN
3598,993,7531.000,41.294,-0.859,0.091,0.359,NaN,NaN,781,0,-2.611,-1.305,NaN,NaN,NaN,NaN,NaN,NaN,NaN,NaN,NaN,NaN,NaN
3599,290,7532.000,69.054,-15.725,0.336,0.067,NaN,NaN,782,0,-0.000,-0.000,NaN,NaN,NaN,NaN,NaN,NaN,NaN,NaN,NaN,NaN,NaN
3600,489,7532.000,97.673,-81.156,0.311,-0.353,NaN,NaN,782,0,-2.654,-1.327,NaN,NaN,NaN,NaN,NaN,NaN,NaN,NaN,NaN,NaN,NaN
3601,695,7532.000,-33.986,-9.498,-0.375,-0.122,NaN,NaN,782,0,-1.918,-1.327,NaN,NaN,NaN,NaN,NaN,NaN,NaN,NaN,NaN,NaN,NaN
3602,993,7532.000,41.384,-0.499,0.091,0.360,NaN,NaN,782,0,-2.010,-1.005,NaN,NaN,NaN,NaN,NaN,NaN,NaN,NaN,NaN,NaN,NaN
3603,290,7533.000,69.390,-15.658,0.336,0.067,NaN,NaN,783,0,-0.000,-0.000,NaN,NaN,NaN,NaN,NaN,NaN,NaN,NaN,NaN,NaN,NaN
3604,489,7533.000,97.984,-81.509,0.311,-0.353,NaN,NaN,783,0,-2.654,-1.327,NaN,NaN,NaN,NaN,NaN,NaN,NaN,NaN,NaN,NaN,NaN
3605,695,7533.000,-34.335,-9.702,-0.377,-0.133,0.025,NaN,783,0,-3.100,-1.327,238.000,206.000,250.000,237.000,NaN,NaN,NaN,NaN,NaN,NaN,NaN
3606,993,7533.000,41.475,-0.139,0.091,0.360,NaN,NaN,783,0,-1.474,-0.737,NaN,NaN,NaN,NaN,NaN,NaN,NaN,NaN,NaN,NaN,NaN
3607,290,7534.000,69.726,-15.592,0.336,0.066,NaN,NaN,784,0,-0.000,-0.000,NaN,NaN,NaN,NaN,NaN,NaN,NaN,NaN,NaN,NaN,NaN
3608,489,7534.000,98.294,-81.861,0.311,-0.353,NaN,NaN,784,0,-2.654,-1.327,NaN,NaN,NaN,NaN,NaN,NaN,NaN,NaN,NaN,NaN,NaN
3609,695,7534.000,-34.711,-9.834,-0.376,-0.132,NaN,NaN,784,0,-1.689,-1.327,NaN,NaN,NaN,NaN,NaN,NaN,NaN,NaN,NaN,NaN,NaN
3610,993,7534.000,41.566,0.220,0.091,0.359,NaN,NaN,784,0,-2.520,-1.260,NaN,NaN,NaN,NaN,NaN,NaN,NaN,NaN,NaN,NaN,NaN
3611,290,7535.000,70.061,-15.525,0.336,0.067,NaN,NaN,785,0,-0.000,-0.000,NaN,NaN,NaN,NaN,NaN,NaN,NaN,NaN,NaN,NaN,NaN
3612,489,7535.000,98.604,-82.214,0.311,-0.352,NaN,NaN,785,0,-2.654,-1.327,NaN,NaN,NaN,NaN,NaN,NaN,NaN,NaN,NaN,NaN,NaN
3613,695,7535.000,-35.086,-9.965,-0.375,-0.131,NaN,NaN,785,0,-1.976,-1.327,NaN,NaN,NaN,NaN,NaN,NaN,NaN,NaN,NaN,NaN,NaN
3614,993,7535.000,41.655,0.580,0.090,0.360,NaN,NaN,785,0,-2.567,-1.284,NaN,NaN,NaN,NaN,NaN,NaN,NaN,NaN,NaN,NaN,NaN
3615,290,7536.000,70.397,-15.458,0.337,0.066,NaN,NaN,786,0,-0.000,-0.000,NaN,NaN,NaN,NaN,NaN,NaN,NaN,NaN,NaN,NaN,NaN
3616,489,7536.000,98.916,-82.567,0.311,-0.353,NaN,NaN,786,0,-2.654,-1.327,NaN,NaN,NaN,NaN,NaN,NaN,NaN,NaN,NaN,NaN,NaN
3617,695,7536.000,-35.461,-10.096,-0.375,-0.132,NaN,NaN,786,0,-2.654,-1.327,NaN,NaN,NaN,NaN,NaN,NaN,NaN,NaN,NaN,NaN,NaN
3618,993,7536.000,41.744,0.939,0.090,0.359,NaN,NaN,786,0,-2.532,-1.266,NaN,NaN,NaN,NaN,NaN,NaN,NaN,NaN,NaN,NaN,NaN
3619,290,7537.000,70.733,-15.393,0.337,0.066,NaN,NaN,787,0,-0.000,-0.000,NaN,NaN,NaN,NaN,NaN,NaN,NaN,NaN,NaN,NaN,NaN
3620,489,7537.000,99.226,-82.918,0.311,-0.353,NaN,NaN,787,0,-2.654,-1.327,NaN,NaN,NaN,NaN,NaN,NaN,NaN,NaN,NaN,NaN,NaN
3621,695,7537.000,-35.837,-10.228,-0.376,-0.132,NaN,NaN,787,0,-2.654,-1.327,NaN,NaN,NaN,NaN,NaN,NaN,NaN,NaN,NaN,NaN,NaN
3622,993,7537.000,41.832,1.297,0.088,0.358,NaN,NaN,787,0,-2.600,-1.300,NaN,NaN,NaN,NaN,NaN,NaN,NaN,NaN,NaN,NaN,NaN
3623,290,7538.000,71.072,-15.328,0.338,0.065,NaN,NaN,788,0,-0.143,-0.267,NaN,NaN,NaN,NaN,NaN,NaN,NaN,NaN,NaN,NaN,NaN
3624,489,7538.000,99.536,-83.272,0.310,-0.352,NaN,NaN,788,0,-2.654,-1.327,NaN,NaN,NaN,NaN,NaN,NaN,NaN,NaN,NaN,NaN,NaN
3625,695,7538.000,-36.213,-10.362,-0.376,-0.133,NaN,NaN,788,0,-2.275,-1.327,NaN,NaN,NaN,NaN,NaN,NaN,NaN,NaN,NaN,NaN,NaN
3626,993,7538.000,43.380,3.063,0.151,0.413,NaN,0.029,788,0,-5.369,-2.683,512.000,146.000,541.000,205.000,43.450,3.070,0.260,0.700,0.630,1.840,1.035
3627,290,7539.000,71.411,-15.262,0.338,0.066,NaN,NaN,789,0,-0.202,-0.338,NaN,NaN,NaN,NaN,NaN,NaN,NaN,NaN,NaN,NaN,NaN
3628,489,7539.000,99.848,-83.624,0.310,-0.353,NaN,NaN,789,0,-2.654,-1.327,NaN,NaN,NaN,NaN,NaN,NaN,NaN,NaN,NaN,NaN,NaN
3629,695,7539.000,-36.589,-10.494,-0.376,-0.132,NaN,NaN,789,0,-2.654,-1.327,NaN,NaN,NaN,NaN,NaN,NaN,NaN,NaN,NaN,NaN,NaN
3630,993,7539.000,43.531,3.475,0.152,0.412,NaN,NaN,789,0,-2.654,-1.327,NaN,NaN,NaN,NaN,NaN,NaN,NaN,NaN,NaN,NaN,NaN
3631,290,7540.000,71.749,-15.195,0.339,0.067,NaN,NaN,790,0,-0.676,-0.338,NaN,NaN,NaN,NaN,NaN,NaN,NaN,NaN,NaN,NaN,NaN
3632,489,7540.000,100.159,-83.977,0.310,-0.352,NaN,NaN,790,0,-2.654,-1.327,NaN,NaN,NaN,NaN,NaN,NaN,NaN,NaN,NaN,NaN,NaN
3633,695,7540.000,-36.966,-10.625,-0.377,-0.132,NaN,NaN,790,0,-2.654,-1.327,NaN,NaN,NaN,NaN,NaN,NaN,NaN,NaN,NaN,NaN,NaN
3634,993,7540.000,43.684,3.887,0.152,0.411,NaN,NaN,790,0,-2.652,-1.326,NaN,NaN,NaN,NaN,NaN,NaN,NaN,NaN,NaN,NaN,NaN
3635,290,7541.000,72.088,-15.128,0.340,0.067,NaN,NaN,791,0,-0.227,-0.338,NaN,NaN,NaN,NaN,NaN,NaN,NaN,NaN,NaN,NaN,NaN
3636,489,7541.000,100.469,-84.328,0.309,-0.353,NaN,NaN,791,0,-2.654,-1.327,NaN,NaN,NaN,NaN,NaN,NaN,NaN,NaN,NaN,NaN,NaN
3637,695,7541.000,-37.343,-10.757,-0.377,-0.132,NaN,NaN,791,0,-2.275,-1.327,NaN,NaN,NaN,NaN,NaN,NaN,NaN,NaN,NaN,NaN,NaN
3638,993,7541.000,43.835,4.298,0.152,0.411,NaN,NaN,791,0,-2.652,-1.326,NaN,NaN,NaN,NaN,NaN,NaN,NaN,NaN,NaN,NaN,NaN
3639,290,7542.000,72.427,-15.060,0.339,0.068,NaN,NaN,792,0,-0.000,-0.000,NaN,NaN,NaN,NaN,NaN,NaN,NaN,NaN,NaN,NaN,NaN
3640,489,7542.000,100.776,-84.681,0.308,-0.353,NaN,NaN,792,0,-2.654,-1.327,NaN,NaN,NaN,NaN,NaN,NaN,NaN,NaN,NaN,NaN,NaN
3641,695,7542.000,-37.721,-10.888,-0.378,-0.131,NaN,NaN,792,0,-2.181,-1.327,NaN,NaN,NaN,NaN,NaN,NaN,NaN,NaN,NaN,NaN,NaN
3642,993,7542.000,43.986,4.709,0.151,0.411,NaN,NaN,792,0,-2.639,-1.319,NaN,NaN,NaN,NaN,NaN,NaN,NaN,NaN,NaN,NaN,NaN
3643,290,7543.000,72.766,-14.991,0.339,0.070,NaN,NaN,793,0,-0.000,-0.000,NaN,NaN,NaN,NaN,NaN,NaN,NaN,NaN,NaN,NaN,NaN
3644,489,7543.000,101.084,-85.036,0.307,-0.353,NaN,NaN,793,0,-2.654,-1.327,NaN,NaN,NaN,NaN,NaN,NaN,NaN,NaN,NaN,NaN,NaN
3645,695,7543.000,-38.097,-11.018,-0.377,-0.130,NaN,NaN,793,0,-2.181,-1.327,NaN,NaN,NaN,NaN,NaN,NaN,NaN,NaN,NaN,NaN,NaN
3646,993,7543.000,44.136,5.121,0.150,0.412,NaN,NaN,793,0,-2.379,-1.190,NaN,NaN,NaN,NaN,NaN,NaN,NaN,NaN,NaN,NaN,NaN
3647,290,7544.000,73.104,-14.920,0.337,0.070,NaN,NaN,794,0,-0.000,-0.000,NaN,NaN,NaN,NaN,NaN,NaN,NaN,NaN,NaN,NaN,NaN
3648,489,7544.000,101.393,-85.389,0.307,-0.354,NaN,NaN,794,0,-2.654,-1.327,NaN,NaN,NaN,NaN,NaN,NaN,NaN,NaN,NaN,NaN,NaN
3649,695,7544.000,-38.439,-10.638,-0.398,-0.066,0.061,NaN,794,0,-2.640,-1.327,247.000,202.000,257.000,237.000,NaN,NaN,NaN,NaN,NaN,NaN,NaN
3650,993,7544.000,44.287,5.532,0.151,0.411,NaN,NaN,794,0,-2.604,-1.302,NaN,NaN,NaN,NaN,NaN,NaN,NaN,NaN,NaN,NaN,NaN
3651,290,7545.000,73.440,-14.850,0.337,0.071,NaN,NaN,795,0,-0.000,-0.000,NaN,NaN,NaN,NaN,NaN,NaN,NaN,NaN,NaN,NaN,NaN
3652,489,7545.000,101.702,-85.743,0.308,-0.354,NaN,NaN,795,0,-2.654,-1.327,NaN,NaN,NaN,NaN,NaN,NaN,NaN,NaN,NaN,NaN,NaN
3653,695,7545.000,-38.763,-10.682,-0.391,-0.064,0.064,NaN,795,0,-2.640,-1.327,248.000,202.000,259.000,237.000,NaN,NaN,NaN,NaN,NaN,NaN,NaN
3654,993,7545.000,44.437,5.944,0.151,0.412,NaN,NaN,795,0,-2.047,-1.024,NaN,NaN,NaN,NaN,NaN,NaN,NaN,NaN,NaN,NaN,NaN
3655,290,7546.000,73.778,-14.780,0.337,0.070,NaN,NaN,796,0,-0.000,-0.000,NaN,NaN,NaN,NaN,NaN,NaN,NaN,NaN,NaN,NaN,NaN
3656,489,7546.000,102.010,-86.097,0.309,-0.354,NaN,NaN,796,0,-2.654,-1.327,NaN,NaN,NaN,NaN,NaN,NaN,NaN,NaN,NaN,NaN,NaN
3657,695,7546.000,-39.381,-10.867,-0.397,-0.085,0.090,NaN,796,0,-2.320,-1.327,248.000,202.000,257.000,236.000,NaN,NaN,NaN,NaN,NaN,NaN,NaN
3658,993,7546.000,44.589,6.355,0.151,0.412,NaN,NaN,796,0,-0.000,-0.000,NaN,NaN,NaN,NaN,NaN,NaN,NaN,NaN,NaN,NaN,NaN
3659,290,7547.000,74.113,-14.710,0.337,0.070,NaN,NaN,797,0,-0.000,-0.000,NaN,NaN,NaN,NaN,NaN,NaN,NaN,NaN,NaN,NaN,NaN
3660,489,7547.000,102.319,-86.451,0.310,-0.353,NaN,NaN,797,0,-2.654,-1.327,NaN,NaN,NaN,NaN,NaN,NaN,NaN,NaN,NaN,NaN,NaN
3661,695,7547.000,-39.780,-10.953,-0.399,-0.086,NaN,NaN,797,0,-2.275,-1.327,NaN,NaN,NaN,NaN,NaN,NaN,NaN,NaN,NaN,NaN,NaN
3662,993,7547.000,44.741,6.766,0.152,0.411,NaN,NaN,797,0,-0.000,-0.000,NaN,NaN,NaN,NaN,NaN,NaN,NaN,NaN,NaN,NaN,NaN
3663,290,7548.000,74.450,-14.640,0.336,0.070,NaN,NaN,798,0,-0.000,-0.000,NaN,NaN,NaN,NaN,NaN,NaN,NaN,NaN,NaN,NaN,NaN
3664,489,7548.000,102.631,-86.804,0.310,-0.353,NaN,NaN,798,0,-2.654,-1.327,NaN,NaN,NaN,NaN,NaN,NaN,NaN,NaN,NaN,NaN,NaN
3665,695,7548.000,-40.179,-11.040,-0.400,-0.087,NaN,NaN,798,0,-2.275,-1.327,NaN,NaN,NaN,NaN,NaN,NaN,NaN,NaN,NaN,NaN,NaN
3666,993,7548.000,44.894,7.178,0.152,0.411,NaN,NaN,798,0,-0.000,-0.000,NaN,NaN,NaN,NaN,NaN,NaN,NaN,NaN,NaN,NaN,NaN
3667,290,7549.000,74.788,-14.571,0.336,0.070,NaN,NaN,799,0,-0.000,-0.000,NaN,NaN,NaN,NaN,NaN,NaN,NaN,NaN,NaN,NaN,NaN
3668,489,7549.000,102.943,-87.156,0.311,-0.352,NaN,NaN,799,0,-2.654,-1.327,NaN,NaN,NaN,NaN,NaN,NaN,NaN,NaN,NaN,NaN,NaN
3669,695,7549.000,-40.579,-11.126,-0.400,-0.086,NaN,NaN,799,0,-2.397,-1.327,NaN,NaN,NaN,NaN,NaN,NaN,NaN,NaN,NaN,NaN,NaN
3670,993,7549.000,45.048,7.589,0.154,0.411,NaN,NaN,799,0,-0.000,-0.000,NaN,NaN,NaN,NaN,NaN,NaN,NaN,NaN,NaN,NaN,NaN
3671,290,7550.000,75.124,-14.501,0.336,0.070,NaN,NaN,800,0,-0.000,-0.000,NaN,NaN,NaN,NaN,NaN,NaN,NaN,NaN,NaN,NaN,NaN
3672,489,7550.000,103.255,-87.507,0.311,-0.351,NaN,NaN,800,0,-2.654,-1.327,NaN,NaN,NaN,NaN,NaN,NaN,NaN,NaN,NaN,NaN,NaN
3673,695,7550.000,-41.227,-11.211,-0.421,-0.076,0.063,NaN,800,0,-2.640,-1.327,253.000,202.000,265.000,223.000,NaN,NaN,NaN,NaN,NaN,NaN,NaN
3674,993,7550.000,45.201,8.000,0.153,0.411,NaN,NaN,800,0,-0.000,-0.000,NaN,NaN,NaN,NaN,NaN,NaN,NaN,NaN,NaN,NaN,NaN
3675,290,7551.000,75.462,-14.433,0.336,0.069,NaN,NaN,801,0,-0.000,-0.000,NaN,NaN,NaN,NaN,NaN,NaN,NaN,NaN,NaN,NaN,NaN
3676,489,7551.000,103.566,-87.858,0.311,-0.350,NaN,NaN,801,0,-2.654,-1.327,NaN,NaN,NaN,NaN,NaN,NaN,NaN,NaN,NaN,NaN,NaN
3677,695,7551.000,-41.648,-11.288,-0.422,-0.076,NaN,NaN,801,0,-2.397,-1.327,NaN,NaN,NaN,NaN,NaN,NaN,NaN,NaN,NaN,NaN,NaN
3678,993,7551.000,45.353,8.411,0.153,0.411,NaN,NaN,801,0,-0.000,-0.000,NaN,NaN,NaN,NaN,NaN,NaN,NaN,NaN,NaN,NaN,NaN
3679,290,7552.000,75.800,-14.363,0.337,0.069,NaN,NaN,802,0,-0.000,-0.000,NaN,NaN,NaN,NaN,NaN,NaN,NaN,NaN,NaN,NaN,NaN
3680,489,7552.000,103.878,-88.209,0.311,-0.350,NaN,NaN,802,0,-2.654,-1.327,NaN,NaN,NaN,NaN,NaN,NaN,NaN,NaN,NaN,NaN,NaN
3681,695,7552.000,-42.269,-11.452,-0.432,-0.088,0.087,NaN,802,0,-2.320,-1.327,254.000,202.000,265.000,225.000,NaN,NaN,NaN,NaN,NaN,NaN,NaN
3682,993,7552.000,45.507,8.821,0.154,0.411,NaN,NaN,802,0,-0.000,-0.000,NaN,NaN,NaN,NaN,NaN,NaN,NaN,NaN,NaN,NaN,NaN
3683,290,7553.000,76.137,-14.293,0.336,0.070,NaN,NaN,803,0,-0.000,-0.000,NaN,NaN,NaN,NaN,NaN,NaN,NaN,NaN,NaN,NaN,NaN
3684,489,7553.000,104.192,-88.560,0.311,-0.350,NaN,NaN,803,0,-2.654,-1.327,NaN,NaN,NaN,NaN,NaN,NaN,NaN,NaN,NaN,NaN,NaN
3685,695,7553.000,-42.714,-11.572,-0.434,-0.098,0.082,NaN,803,0,-2.404,-1.327,255.000,202.000,264.000,224.000,NaN,NaN,NaN,NaN,NaN,NaN,NaN
3686,993,7553.000,45.661,9.232,0.154,0.410,NaN,NaN,803,0,-0.000,-0.000,NaN,NaN,NaN,NaN,NaN,NaN,NaN,NaN,NaN,NaN,NaN
3687,290,7554.000,76.473,-14.222,0.336,0.071,NaN,NaN,804,0,-0.000,-0.000,NaN,NaN,NaN,NaN,NaN,NaN,NaN,NaN,NaN,NaN,NaN
3688,489,7554.000,104.502,-88.911,0.310,-0.352,NaN,NaN,804,0,-2.654,-1.327,NaN,NaN,NaN,NaN,NaN,NaN,NaN,NaN,NaN,NaN,NaN
3689,695,7554.000,-43.148,-11.672,-0.434,-0.100,NaN,NaN,804,0,-2.397,-1.327,NaN,NaN,NaN,NaN,NaN,NaN,NaN,NaN,NaN,NaN,NaN
3690,993,7554.000,45.813,9.642,0.152,0.411,NaN,NaN,804,0,-0.000,-0.000,NaN,NaN,NaN,NaN,NaN,NaN,NaN,NaN,NaN,NaN,NaN
3691,290,7555.000,76.808,-14.150,0.334,0.072,NaN,NaN,805,0,0.012,-0.000,NaN,NaN,NaN,NaN,NaN,NaN,NaN,NaN,NaN,NaN,NaN
3692,489,7555.000,104.811,-89.261,0.309,-0.351,NaN,NaN,805,0,-2.654,-1.327,NaN,NaN,NaN,NaN,NaN,NaN,NaN,NaN,NaN,NaN,NaN
3693,695,7555.000,-43.597,-11.810,-0.431,-0.112,0.037,NaN,805,0,-3.178,-1.327,255.000,202.000,264.000,222.000,NaN,NaN,NaN,NaN,NaN,NaN,NaN
3694,993,7555.000,45.965,10.053,0.152,0.411,NaN,NaN,805,0,-0.000,-0.000,NaN,NaN,NaN,NaN,NaN,NaN,NaN,NaN,NaN,NaN,NaN
3695,290,7556.000,77.143,-14.079,0.334,0.072,NaN,NaN,806,0,0.012,-0.000,NaN,NaN,NaN,NaN,NaN,NaN,NaN,NaN,NaN,NaN,NaN
3696,489,7556.000,105.121,-89.609,0.309,-0.350,NaN,NaN,806,0,-2.654,-1.327,NaN,NaN,NaN,NaN,NaN,NaN,NaN,NaN,NaN,NaN,NaN
3697,695,7556.000,-44.101,-11.953,-0.437,-0.120,0.062,NaN,806,0,-2.822,-1.327,255.000,202.000,264.000,222.000,NaN,NaN,NaN,NaN,NaN,NaN,NaN
3698,993,7556.000,46.116,10.464,0.151,0.411,NaN,NaN,806,0,-0.000,-0.000,NaN,NaN,NaN,NaN,NaN,NaN,NaN,NaN,NaN,NaN,NaN
3699,290,7557.000,77.475,-14.006,0.333,0.073,NaN,NaN,807,0,-0.000,-0.000,NaN,NaN,NaN,NaN,NaN,NaN,NaN,NaN,NaN,NaN,NaN
3700,489,7557.000,105.430,-89.959,0.310,-0.349,NaN,NaN,807,0,-2.654,-1.327,NaN,NaN,NaN,NaN,NaN,NaN,NaN,NaN,NaN,NaN,NaN
3701,695,7557.000,-44.538,-12.073,-0.437,-0.120,NaN,NaN,807,0,-2.037,-1.327,NaN,NaN,NaN,NaN,NaN,NaN,NaN,NaN,NaN,NaN,NaN
3702,993,7557.000,46.268,10.874,0.152,0.410,NaN,NaN,807,0,-0.000,-0.000,NaN,NaN,NaN,NaN,NaN,NaN,NaN,NaN,NaN,NaN,NaN
3703,290,7558.000,77.808,-13.934,0.332,0.072,NaN,NaN,808,0,-0.000,-0.000,NaN,NaN,NaN,NaN,NaN,NaN,NaN,NaN,NaN,NaN,NaN
3704,489,7558.000,105.740,-90.309,0.309,-0.349,NaN,NaN,808,0,-2.654,-1.327,NaN,NaN,NaN,NaN,NaN,NaN,NaN,NaN,NaN,NaN,NaN
3705,695,7558.000,-44.976,-12.192,-0.438,-0.119,NaN,NaN,808,0,-2.104,-1.327,NaN,NaN,NaN,NaN,NaN,NaN,NaN,NaN,NaN,NaN,NaN
3706,993,7558.000,46.419,11.285,0.151,0.411,NaN,NaN,808,0,-0.000,-0.000,NaN,NaN,NaN,NaN,NaN,NaN,NaN,NaN,NaN,NaN,NaN
3707,290,7559.000,78.141,-13.862,0.333,0.072,NaN,NaN,809,0,-0.000,-0.000,NaN,NaN,NaN,NaN,NaN,NaN,NaN,NaN,NaN,NaN,NaN
3708,489,7559.000,106.048,-90.660,0.309,-0.350,NaN,NaN,809,0,-2.654,-1.327,NaN,NaN,NaN,NaN,NaN,NaN,NaN,NaN,NaN,NaN,NaN
3709,695,7559.000,-45.414,-12.311,-0.438,-0.119,NaN,NaN,809,0,-1.976,-1.327,NaN,NaN,NaN,NaN,NaN,NaN,NaN,NaN,NaN,NaN,NaN
3710,993,7559.000,46.571,11.694,0.152,0.410,NaN,NaN,809,0,-0.000,-0.000,NaN,NaN,NaN,NaN,NaN,NaN,NaN,NaN,NaN,NaN,NaN
3711,290,7560.000,78.475,-13.791,0.333,0.071,NaN,NaN,810,0,-0.104,-0.052,NaN,NaN,NaN,NaN,NaN,NaN,NaN,NaN,NaN,NaN,NaN
3712,695,7560.000,-45.852,-12.431,-0.438,-0.120,NaN,NaN,810,0,-0.545,-1.327,NaN,NaN,NaN,NaN,NaN,NaN,NaN,NaN,NaN,NaN,NaN
3713,993,7560.000,46.723,12.105,0.152,0.410,NaN,NaN,810,0,-0.000,-0.000,NaN,NaN,NaN,NaN,NaN,NaN,NaN,NaN,NaN,NaN,NaN
3714,290,7561.000,78.808,-13.720,0.333,0.071,NaN,NaN,811,0,-0.790,-0.395,NaN,NaN,NaN,NaN,NaN,NaN,NaN,NaN,NaN,NaN,NaN
3715,695,7561.000,-46.290,-12.552,-0.438,-0.121,NaN,NaN,811,0,-0.494,-1.327,NaN,NaN,NaN,NaN,NaN,NaN,NaN,NaN,NaN,NaN,NaN
3716,993,7561.000,46.875,12.514,0.152,0.410,NaN,NaN,811,0,-0.058,-0.040,NaN,NaN,NaN,NaN,NaN,NaN,NaN,NaN,NaN,NaN,NaN
3717,290,7562.000,79.140,-13.648,0.332,0.072,NaN,NaN,812,0,-1.436,-0.718,NaN,NaN,NaN,NaN,NaN,NaN,NaN,NaN,NaN,NaN,NaN
3718,695,7562.000,-46.729,-12.673,-0.438,-0.121,NaN,NaN,812,0,-0.750,-1.327,NaN,NaN,NaN,NaN,NaN,NaN,NaN,NaN,NaN,NaN,NaN
3719,993,7562.000,47.027,12.924,0.153,0.410,NaN,NaN,812,0,-1.736,-1.277,NaN,NaN,NaN,NaN,NaN,NaN,NaN,NaN,NaN,NaN,NaN
3720,290,7563.000,79.472,-13.575,0.331,0.072,NaN,NaN,813,0,-0.541,-0.851,NaN,NaN,NaN,NaN,NaN,NaN,NaN,NaN,NaN,NaN,NaN
3721,695,7563.000,-47.166,-12.795,-0.437,-0.122,NaN,NaN,813,0,-1.860,-1.327,NaN,NaN,NaN,NaN,NaN,NaN,NaN,NaN,NaN,NaN,NaN
3722,993,7563.000,46.585,13.660,0.119,0.431,0.041,NaN,813,0,-3.159,-1.319,225.000,204.000,234.000,223.000,NaN,NaN,NaN,NaN,NaN,NaN,NaN
3723,290,7564.000,79.804,-13.501,0.332,0.074,NaN,NaN,814,0,-1.663,-0.831,NaN,NaN,NaN,NaN,NaN,NaN,NaN,NaN,NaN,NaN,NaN
3724,695,7564.000,-47.602,-12.916,-0.437,-0.121,NaN,NaN,814,0,-0.712,-1.327,NaN,NaN,NaN,NaN,NaN,NaN,NaN,NaN,NaN,NaN,NaN
3725,993,7564.000,47.299,14.081,0.159,0.376,0.103,NaN,814,0,-2.302,-1.268,225.000,204.000,234.000,224.000,NaN,NaN,NaN,NaN,NaN,NaN,NaN
3726,290,7565.000,80.137,-13.426,0.332,0.075,NaN,NaN,815,0,-1.108,-0.613,NaN,NaN,NaN,NaN,NaN,NaN,NaN,NaN,NaN,NaN,NaN
3727,695,7565.000,-48.040,-13.036,-0.438,-0.120,NaN,NaN,815,0,-0.750,-1.327,NaN,NaN,NaN,NaN,NaN,NaN,NaN,NaN,NaN,NaN,NaN
3728,993,7565.000,47.457,14.456,0.159,0.376,NaN,NaN,815,0,-2.603,-1.301,NaN,NaN,NaN,NaN,NaN,NaN,NaN,NaN,NaN,NaN,NaN
3729,290,7566.000,80.470,-13.350,0.333,0.076,NaN,NaN,816,0,-0.211,-0.289,NaN,NaN,NaN,NaN,NaN,NaN,NaN,NaN,NaN,NaN,NaN
3730,695,7566.000,-46.577,-11.602,-0.412,0.026,0.084,NaN,816,0,-2.404,-1.327,285.000,198.000,295.000,231.000,NaN,NaN,NaN,NaN,NaN,NaN,NaN
3731,993,7566.000,47.615,14.831,0.158,0.375,NaN,NaN,816,0,-2.362,-1.307,NaN,NaN,NaN,NaN,NaN,NaN,NaN,NaN,NaN,NaN,NaN
3732,290,7567.000,80.804,-13.274,0.334,0.077,NaN,NaN,817,0,-0.000,-0.000,NaN,NaN,NaN,NaN,NaN,NaN,NaN,NaN,NaN,NaN,NaN
3733,695,7567.000,-46.989,-11.576,-0.412,0.026,NaN,NaN,817,0,-0.794,-1.327,NaN,NaN,NaN,NaN,NaN,NaN,NaN,NaN,NaN,NaN,NaN
3734,993,7567.000,47.771,15.208,0.157,0.376,NaN,NaN,817,0,-2.577,-1.289,NaN,NaN,NaN,NaN,NaN,NaN,NaN,NaN,NaN,NaN,NaN
3735,290,7568.000,81.138,-13.197,0.334,0.077,NaN,NaN,818,0,-0.000,-0.000,NaN,NaN,NaN,NaN,NaN,NaN,NaN,NaN,NaN,NaN,NaN
3736,695,7568.000,-47.401,-11.548,-0.412,0.027,NaN,NaN,818,0,-0.750,-1.327,NaN,NaN,NaN,NaN,NaN,NaN,NaN,NaN,NaN,NaN,NaN
3737,993,7568.000,47.927,15.584,0.157,0.376,NaN,NaN,818,0,-2.413,-1.207,NaN,NaN,NaN,NaN,NaN,NaN,NaN,NaN,NaN,NaN,NaN
3738,290,7569.000,81.470,-13.119,0.332,0.077,NaN,NaN,819,0,-0.000,-0.000,NaN,NaN,NaN,NaN,NaN,NaN,NaN,NaN,NaN,NaN,NaN
3739,695,7569.000,-47.814,-11.521,-0.412,0.027,NaN,NaN,819,0,-2.104,-1.327,NaN,NaN,NaN,NaN,NaN,NaN,NaN,NaN,NaN,NaN,NaN
3740,993,7569.000,48.083,15.961,0.157,0.376,NaN,NaN,819,0,-2.497,-1.249,NaN,NaN,NaN,NaN,NaN,NaN,NaN,NaN,NaN,NaN,NaN
3741,290,7570.000,81.802,-13.042,0.331,0.077,NaN,NaN,820,0,-0.000,-0.000,NaN,NaN,NaN,NaN,NaN,NaN,NaN,NaN,NaN,NaN,NaN
3742,695,7570.000,-49.551,-12.223,-0.436,-0.077,0.167,NaN,820,0,-1.628,-1.327,286.000,201.000,295.000,248.000,NaN,NaN,NaN,NaN,NaN,NaN,NaN
3743,993,7570.000,48.239,16.337,0.156,0.377,NaN,NaN,820,0,-0.869,-1.294,NaN,NaN,NaN,NaN,NaN,NaN,NaN,NaN,NaN,NaN,NaN
3744,290,7571.000,82.136,-12.966,0.332,0.076,NaN,NaN,821,0,-0.000,-0.000,NaN,NaN,NaN,NaN,NaN,NaN,NaN,NaN,NaN,NaN,NaN
3745,695,7571.000,-49.988,-12.301,-0.437,-0.078,NaN,NaN,821,0,-1.693,-1.327,NaN,NaN,NaN,NaN,NaN,NaN,NaN,NaN,NaN,NaN,NaN
3746,993,7571.000,48.396,16.713,0.156,0.376,NaN,NaN,821,0,-0.754,-1.187,NaN,NaN,NaN,NaN,NaN,NaN,NaN,NaN,NaN,NaN,NaN
3747,290,7572.000,82.468,-12.889,0.332,0.076,NaN,NaN,822,0,-0.000,-0.000,NaN,NaN,NaN,NaN,NaN,NaN,NaN,NaN,NaN,NaN,NaN
3748,695,7572.000,-50.424,-12.379,-0.436,-0.078,NaN,NaN,822,0,-1.001,-1.327,NaN,NaN,NaN,NaN,NaN,NaN,NaN,NaN,NaN,NaN,NaN
3749,993,7572.000,48.552,17.092,0.157,0.378,NaN,NaN,822,0,-0.334,-0.195,NaN,NaN,NaN,NaN,NaN,NaN,NaN,NaN,NaN,NaN,NaN
3750,290,7573.000,82.800,-12.813,0.333,0.076,NaN,NaN,823,0,-0.000,-0.000,NaN,NaN,NaN,NaN,NaN,NaN,NaN,NaN,NaN,NaN,NaN
3751,695,7573.000,-50.861,-12.458,-0.436,-0.079,NaN,NaN,823,0,-1.165,-1.327,NaN,NaN,NaN,NaN,NaN,NaN,NaN,NaN,NaN,NaN,NaN
3752,993,7573.000,48.710,17.471,0.157,0.379,NaN,NaN,823,0,-2.323,-1.162,NaN,NaN,NaN,NaN,NaN,NaN,NaN,NaN,NaN,NaN,NaN
3753,1508,7573.000,17.450,3.020,0.000,0.000,NaN,0.179,823,0,-0.000,-0.000,349.000,71.000,421.000,211.000,17.450,3.020,0.280,0.810,0.580,1.710,1.623
3754,290,7574.000,83.133,-12.737,0.333,0.076,NaN,NaN,824,0,-0.000,-0.000,NaN,NaN,NaN,NaN,NaN,NaN,NaN,NaN,NaN,NaN,NaN
3755,695,7574.000,-51.296,-12.537,-0.435,-0.079,NaN,NaN,824,0,-0.794,-1.327,NaN,NaN,NaN,NaN,NaN,NaN,NaN,NaN,NaN,NaN,NaN
3756,993,7574.000,48.866,17.850,0.157,0.380,NaN,NaN,824,0,-2.509,-1.254,NaN,NaN,NaN,NaN,NaN,NaN,NaN,NaN,NaN,NaN,NaN
3757,1508,7574.000,17.448,3.019,-0.002,0.004,NaN,NaN,824,0,-0.000,-0.000,NaN,NaN,NaN,NaN,NaN,NaN,NaN,NaN,NaN,NaN,NaN
3758,290,7575.000,83.467,-12.660,0.333,0.077,NaN,NaN,825,0,-0.000,-0.000,NaN,NaN,NaN,NaN,NaN,NaN,NaN,NaN,NaN,NaN,NaN
3759,695,7575.000,-51.731,-12.615,-0.435,-0.079,NaN,NaN,825,0,-2.275,-1.327,NaN,NaN,NaN,NaN,NaN,NaN,NaN,NaN,NaN,NaN,NaN
3760,993,7575.000,49.022,18.228,0.156,0.378,NaN,NaN,825,0,-2.027,-1.013,NaN,NaN,NaN,NaN,NaN,NaN,NaN,NaN,NaN,NaN,NaN
3761,1508,7575.000,17.446,3.022,-0.002,0.003,NaN,NaN,825,0,-0.000,-0.000,NaN,NaN,NaN,NaN,NaN,NaN,NaN,NaN,NaN,NaN,NaN
3762,290,7576.000,83.801,-12.583,0.334,0.077,NaN,NaN,826,0,-0.000,-0.000,NaN,NaN,NaN,NaN,NaN,NaN,NaN,NaN,NaN,NaN,NaN
3763,695,7576.000,-52.167,-12.694,-0.436,-0.079,NaN,NaN,826,0,-2.654,-1.327,NaN,NaN,NaN,NaN,NaN,NaN,NaN,NaN,NaN,NaN,NaN
3764,993,7576.000,50.401,20.538,0.161,0.538,0.754,NaN,826,0,2.906,-0.934,8.000,208.000,87.000,280.000,NaN,NaN,NaN,NaN,NaN,NaN,NaN
3765,1508,7576.000,17.664,2.955,0.065,-0.010,NaN,0.017,826,0,-0.000,-0.000,338.000,74.000,450.000,210.000,17.710,2.930,0.260,1.630,0.390,1.640,-0.579
3766,290,7577.000,84.136,-12.507,0.335,0.076,NaN,NaN,827,0,-0.000,-0.000,NaN,NaN,NaN,NaN,NaN,NaN,NaN,NaN,NaN,NaN,NaN
3767,695,7577.000,-52.602,-12.774,-0.435,-0.080,NaN,NaN,827,0,-2.654,-1.327,NaN,NaN,NaN,NaN,NaN,NaN,NaN,NaN,NaN,NaN,NaN
3768,993,7577.000,50.473,20.898,0.163,0.529,0.760,NaN,827,0,3.077,-1.208,39.000,207.000,111.000,278.000,NaN,NaN,NaN,NaN,NaN,NaN,NaN
3769,1508,7577.000,17.728,2.945,0.064,-0.010,NaN,NaN,827,0,-0.000,-0.000,NaN,NaN,NaN,NaN,NaN,NaN,NaN,NaN,NaN,NaN,NaN
3770,290,7578.000,84.471,-12.431,0.334,0.076,NaN,NaN,828,0,-0.000,-0.000,NaN,NaN,NaN,NaN,NaN,NaN,NaN,NaN,NaN,NaN,NaN
3771,695,7578.000,-53.040,-12.854,-0.437,-0.080,NaN,NaN,828,0,-2.654,-1.327,NaN,NaN,NaN,NaN,NaN,NaN,NaN,NaN,NaN,NaN,NaN
3772,993,7578.000,50.113,20.536,0.163,0.458,0.463,NaN,828,0,-0.011,-1.320,64.000,206.000,137.000,280.000,NaN,NaN,NaN,NaN,NaN,NaN,NaN
3773,1508,7578.000,17.794,2.936,0.066,-0.009,NaN,NaN,828,0,-0.000,-0.000,NaN,NaN,NaN,NaN,NaN,NaN,NaN,NaN,NaN,NaN,NaN
3774,290,7579.000,84.805,-12.356,0.335,0.075,NaN,NaN,829,0,-0.000,-0.000,NaN,NaN,NaN,NaN,NaN,NaN,NaN,NaN,NaN,NaN,NaN
3775,695,7579.000,-53.477,-12.935,-0.436,-0.081,NaN,NaN,829,0,-2.654,-1.327,NaN,NaN,NaN,NaN,NaN,NaN,NaN,NaN,NaN,NaN,NaN
3776,993,7579.000,51.016,20.852,0.195,0.418,0.726,NaN,829,0,2.590,-1.288,79.000,207.000,143.000,280.000,NaN,NaN,NaN,NaN,NaN,NaN,NaN
3777,1508,7579.000,17.859,2.926,0.065,-0.010,NaN,NaN,829,0,-0.000,-0.000,NaN,NaN,NaN,NaN,NaN,NaN,NaN,NaN,NaN,NaN,NaN
3778,290,7580.000,85.141,-12.280,0.335,0.076,NaN,NaN,830,0,-0.000,-0.000,NaN,NaN,NaN,NaN,NaN,NaN,NaN,NaN,NaN,NaN,NaN
3779,695,7580.000,-53.913,-13.017,-0.437,-0.082,NaN,NaN,830,0,-2.654,-1.327,NaN,NaN,NaN,NaN,NaN,NaN,NaN,NaN,NaN,NaN,NaN
3780,993,7580.000,51.211,21.270,0.195,0.418,NaN,NaN,830,0,0.120,-1.266,NaN,NaN,NaN,NaN,NaN,NaN,NaN,NaN,NaN,NaN,NaN
3781,1508,7580.000,17.925,2.916,0.066,-0.010,NaN,NaN,830,0,-0.000,-0.000,NaN,NaN,NaN,NaN,NaN,NaN,NaN,NaN,NaN,NaN,NaN
3782,290,7581.000,85.476,-12.204,0.336,0.076,NaN,NaN,831,0,-0.000,-0.000,NaN,NaN,NaN,NaN,NaN,NaN,NaN,NaN,NaN,NaN,NaN
3783,695,7581.000,-54.350,-13.098,-0.437,-0.081,NaN,NaN,831,0,-2.654,-1.327,NaN,NaN,NaN,NaN,NaN,NaN,NaN,NaN,NaN,NaN,NaN
3784,993,7581.000,51.407,21.689,0.196,0.419,NaN,NaN,831,0,-2.389,-1.322,NaN,NaN,NaN,NaN,NaN,NaN,NaN,NaN,NaN,NaN,NaN
3785,1508,7581.000,17.992,2.906,0.067,-0.011,NaN,NaN,831,0,-0.000,-0.000,NaN,NaN,NaN,NaN,NaN,NaN,NaN,NaN,NaN,NaN,NaN
3786,290,7582.000,85.810,-12.128,0.334,0.076,NaN,NaN,832,0,-0.000,-0.000,NaN,NaN,NaN,NaN,NaN,NaN,NaN,NaN,NaN,NaN,NaN
3787,695,7582.000,-54.785,-13.178,-0.435,-0.080,NaN,NaN,832,0,-0.636,-1.327,NaN,NaN,NaN,NaN,NaN,NaN,NaN,NaN,NaN,NaN,NaN
3788,993,7582.000,51.604,22.106,0.197,0.417,NaN,NaN,832,0,-2.597,-1.299,NaN,NaN,NaN,NaN,NaN,NaN,NaN,NaN,NaN,NaN,NaN
3789,1508,7582.000,18.059,2.894,0.067,-0.011,NaN,NaN,832,0,-0.000,-0.000,NaN,NaN,NaN,NaN,NaN,NaN,NaN,NaN,NaN,NaN,NaN
3790,290,7583.000,86.145,-12.054,0.335,0.075,NaN,NaN,833,0,-0.000,-0.000,NaN,NaN,NaN,NaN,NaN,NaN,NaN,NaN,NaN,NaN,NaN
3791,695,7583.000,-53.859,-13.582,-0.395,-0.139,0.347,NaN,833,0,-0.822,-1.327,279.000,200.000,291.000,245.000,NaN,NaN,NaN,NaN,NaN,NaN,NaN
3792,993,7583.000,51.802,22.524,0.198,0.417,NaN,NaN,833,0,-0.670,-0.998,NaN,NaN,NaN,NaN,NaN,NaN,NaN,NaN,NaN,NaN,NaN
3793,1508,7583.000,18.124,2.883,0.066,-0.011,NaN,NaN,833,0,-0.000,-0.000,NaN,NaN,NaN,NaN,NaN,NaN,NaN,NaN,NaN,NaN,NaN
3794,290,7584.000,86.482,-11.979,0.336,0.075,NaN,NaN,834,0,-0.000,-0.000,NaN,NaN,NaN,NaN,NaN,NaN,NaN,NaN,NaN,NaN,NaN
3795,695,7584.000,-54.254,-13.720,-0.395,-0.138,NaN,NaN,834,0,-2.184,-1.327,NaN,NaN,NaN,NaN,NaN,NaN,NaN,NaN,NaN,NaN,NaN
3796,993,7584.000,52.000,22.941,0.197,0.417,NaN,NaN,834,0,-0.657,-1.292,NaN,NaN,NaN,NaN,NaN,NaN,NaN,NaN,NaN,NaN,NaN
3797,1508,7584.000,18.189,2.871,0.065,-0.013,NaN,NaN,834,0,-0.000,-0.000,NaN,NaN,NaN,NaN,NaN,NaN,NaN,NaN,NaN,NaN,NaN
3798,290,7585.000,86.817,-11.904,0.337,0.075,NaN,NaN,835,0,-0.000,-0.000,NaN,NaN,NaN,NaN,NaN,NaN,NaN,NaN,NaN,NaN,NaN
3799,695,7585.000,-55.401,-13.936,-0.419,-0.117,0.070,NaN,835,0,-2.507,-1.327,281.000,199.000,294.000,224.000,NaN,NaN,NaN,NaN,NaN,NaN,NaN
3800,993,7585.000,52.196,23.358,0.197,0.417,NaN,NaN,835,0,-2.517,-1.259,NaN,NaN,NaN,NaN,NaN,NaN,NaN,NaN,NaN,NaN,NaN
3801,1508,7585.000,18.254,2.859,0.064,-0.012,NaN,NaN,835,0,-0.000,-0.000,NaN,NaN,NaN,NaN,NaN,NaN,NaN,NaN,NaN,NaN,NaN
3802,290,7586.000,87.156,-11.829,0.338,0.075,NaN,NaN,836,0,-0.000,-0.000,NaN,NaN,NaN,NaN,NaN,NaN,NaN,NaN,NaN,NaN,NaN
3803,695,7586.000,-55.820,-14.053,-0.419,-0.116,NaN,NaN,836,0,-2.275,-1.327,NaN,NaN,NaN,NaN,NaN,NaN,NaN,NaN,NaN,NaN,NaN
3804,993,7586.000,52.393,23.774,0.197,0.416,NaN,NaN,836,0,-0.362,-0.181,NaN,NaN,NaN,NaN,NaN,NaN,NaN,NaN,NaN,NaN,NaN
3805,1508,7586.000,18.318,2.847,0.064,-0.012,NaN,NaN,836,0,-0.000,-0.000,NaN,NaN,NaN,NaN,NaN,NaN,NaN,NaN,NaN,NaN,NaN
3806,290,7587.000,87.493,-11.753,0.337,0.076,NaN,NaN,837,0,-0.000,-0.000,NaN,NaN,NaN,NaN,NaN,NaN,NaN,NaN,NaN,NaN,NaN
3807,695,7587.000,-56.238,-14.169,-0.418,-0.117,NaN,NaN,837,0,-2.275,-1.327,NaN,NaN,NaN,NaN,NaN,NaN,NaN,NaN,NaN,NaN,NaN
3808,993,7587.000,52.591,24.190,0.198,0.416,NaN,NaN,837,0,-0.000,-0.000,NaN,NaN,NaN,NaN,NaN,NaN,NaN,NaN,NaN,NaN,NaN
3809,1508,7587.000,18.382,2.834,0.065,-0.013,NaN,NaN,837,0,-0.000,-0.000,NaN,NaN,NaN,NaN,NaN,NaN,NaN,NaN,NaN,NaN,NaN
3810,290,7588.000,87.831,-11.678,0.337,0.075,NaN,NaN,838,0,-0.000,-0.000,NaN,NaN,NaN,NaN,NaN,NaN,NaN,NaN,NaN,NaN,NaN
3811,695,7588.000,-56.654,-14.286,-0.417,-0.117,NaN,NaN,838,0,-2.275,-1.327,NaN,NaN,NaN,NaN,NaN,NaN,NaN,NaN,NaN,NaN,NaN
3812,993,7588.000,52.789,24.608,0.198,0.418,NaN,NaN,838,0,-0.000,-0.000,NaN,NaN,NaN,NaN,NaN,NaN,NaN,NaN,NaN,NaN,NaN
3813,1508,7588.000,18.447,2.821,0.064,-0.013,NaN,NaN,838,0,-0.000,-0.000,NaN,NaN,NaN,NaN,NaN,NaN,NaN,NaN,NaN,NaN,NaN
3814,290,7589.000,88.169,-11.603,0.337,0.075,NaN,NaN,839,0,-0.000,-0.000,NaN,NaN,NaN,NaN,NaN,NaN,NaN,NaN,NaN,NaN,NaN
3815,695,7589.000,-57.069,-14.403,-0.415,-0.117,NaN,NaN,839,0,-2.275,-1.327,NaN,NaN,NaN,NaN,NaN,NaN,NaN,NaN,NaN,NaN,NaN
3816,993,7589.000,52.987,25.024,0.198,0.416,NaN,NaN,839,0,-0.000,-0.000,NaN,NaN,NaN,NaN,NaN,NaN,NaN,NaN,NaN,NaN,NaN
3817,1508,7589.000,18.511,2.807,0.064,-0.014,NaN,NaN,839,0,-0.000,-0.000,NaN,NaN,NaN,NaN,NaN,NaN,NaN,NaN,NaN,NaN,NaN
3818,290,7590.000,88.509,-11.527,0.339,0.075,NaN,NaN,840,0,-0.000,-0.000,NaN,NaN,NaN,NaN,NaN,NaN,NaN,NaN,NaN,NaN,NaN
3819,695,7590.000,-57.484,-14.519,-0.415,-0.116,NaN,NaN,840,0,-1.997,-1.327,NaN,NaN,NaN,NaN,NaN,NaN,NaN,NaN,NaN,NaN,NaN
3820,993,7590.000,53.185,25.440,0.198,0.416,NaN,NaN,840,0,-2.275,-1.327,NaN,NaN,NaN,NaN,NaN,NaN,NaN,NaN,NaN,NaN,NaN
3821,1508,7590.000,18.576,2.794,0.065,-0.013,NaN,NaN,840,0,-0.000,-0.000,NaN,NaN,NaN,NaN,NaN,NaN,NaN,NaN,NaN,NaN,NaN
3822,290,7591.000,88.847,-11.453,0.339,0.074,NaN,NaN,841,0,-0.000,-0.000,NaN,NaN,NaN,NaN,NaN,NaN,NaN,NaN,NaN,NaN,NaN
3823,695,7591.000,-57.901,-14.636,-0.416,-0.117,NaN,NaN,841,0,-2.654,-1.327,NaN,NaN,NaN,NaN,NaN,NaN,NaN,NaN,NaN,NaN,NaN
3824,993,7591.000,53.385,25.857,0.199,0.417,NaN,NaN,841,0,-2.654,-1.327,NaN,NaN,NaN,NaN,NaN,NaN,NaN,NaN,NaN,NaN,NaN
3825,1508,7591.000,18.640,2.781,0.065,-0.012,NaN,NaN,841,0,-0.000,-0.000,NaN,NaN,NaN,NaN,NaN,NaN,NaN,NaN,NaN,NaN,NaN
3826,290,7592.000,89.185,-11.380,0.338,0.073,NaN,NaN,842,0,-0.000,-0.000,NaN,NaN,NaN,NaN,NaN,NaN,NaN,NaN,NaN,NaN,NaN
3827,695,7592.000,-58.318,-14.753,-0.417,-0.117,NaN,NaN,842,0,-2.654,-1.327,NaN,NaN,NaN,NaN,NaN,NaN,NaN,NaN,NaN,NaN,NaN
3828,993,7592.000,53.584,26.274,0.200,0.417,NaN,NaN,842,0,-2.654,-1.327,NaN,NaN,NaN,NaN,NaN,NaN,NaN,NaN,NaN,NaN,NaN
3829,1508,7592.000,18.705,2.771,0.065,-0.010,NaN,NaN,842,0,-0.000,-0.000,NaN,NaN,NaN,NaN,NaN,NaN,NaN,NaN,NaN,NaN,NaN
3830,290,7593.000,89.523,-11.307,0.338,0.073,NaN,NaN,843,0,-0.000,-0.000,NaN,NaN,NaN,NaN,NaN,NaN,NaN,NaN,NaN,NaN,NaN
3831,695,7593.000,-58.733,-14.871,-0.416,-0.118,NaN,NaN,843,0,-2.701,-1.327,NaN,NaN,NaN,NaN,NaN,NaN,NaN,NaN,NaN,NaN,NaN
3832,993,7593.000,53.784,26.690,0.199,0.416,NaN,NaN,843,0,-2.654,-1.327,NaN,NaN,NaN,NaN,NaN,NaN,NaN,NaN,NaN,NaN,NaN
3833,1508,7593.000,18.768,2.760,0.063,-0.012,NaN,NaN,843,0,-0.000,-0.000,NaN,NaN,NaN,NaN,NaN,NaN,NaN,NaN,NaN,NaN,NaN
3834,290,7594.000,89.860,-11.232,0.338,0.075,NaN,NaN,844,0,-0.000,-0.000,NaN,NaN,NaN,NaN,NaN,NaN,NaN,NaN,NaN,NaN,NaN
3835,695,7594.000,-59.150,-14.991,-0.417,-0.120,NaN,NaN,844,0,-2.701,-1.327,NaN,NaN,NaN,NaN,NaN,NaN,NaN,NaN,NaN,NaN,NaN
3836,993,7594.000,53.983,27.105,0.199,0.415,NaN,NaN,844,0,-2.654,-1.327,NaN,NaN,NaN,NaN,NaN,NaN,NaN,NaN,NaN,NaN,NaN
3837,1508,7594.000,18.831,2.748,0.063,-0.011,NaN,NaN,844,0,-0.000,-0.000,NaN,NaN,NaN,NaN,NaN,NaN,NaN,NaN,NaN,NaN,NaN
3838,290,7595.000,90.197,-11.159,0.338,0.073,NaN,NaN,845,0,-0.000,-0.000,NaN,NaN,NaN,NaN,NaN,NaN,NaN,NaN,NaN,NaN,NaN
3839,695,7595.000,-59.568,-15.110,-0.418,-0.119,NaN,NaN,845,0,-2.816,-1.327,NaN,NaN,NaN,NaN,NaN,NaN,NaN,NaN,NaN,NaN,NaN
3840,993,7595.000,54.181,27.519,0.197,0.414,NaN,NaN,845,0,-2.654,-1.327,NaN,NaN,NaN,NaN,NaN,NaN,NaN,NaN,NaN,NaN,NaN
3841,1508,7595.000,18.892,2.737,0.061,-0.011,NaN,NaN,845,0,-0.000,-0.000,NaN,NaN,NaN,NaN,NaN,NaN,NaN,NaN,NaN,NaN,NaN
3842,290,7596.000,90.534,-11.085,0.337,0.073,NaN,NaN,846,0,-0.000,-0.000,NaN,NaN,NaN,NaN,NaN,NaN,NaN,NaN,NaN,NaN,NaN
3843,695,7596.000,-59.986,-15.231,-0.419,-0.121,NaN,NaN,846,0,-2.701,-1.327,NaN,NaN,NaN,NaN,NaN,NaN,NaN,NaN,NaN,NaN,NaN
3844,993,7596.000,54.378,27.935,0.197,0.415,NaN,NaN,846,0,-2.654,-1.327,NaN,NaN,NaN,NaN,NaN,NaN,NaN,NaN,NaN,NaN,NaN
3845,1508,7596.000,18.954,2.728,0.062,-0.009,NaN,NaN,846,0,-0.000,-0.000,NaN,NaN,NaN,NaN,NaN,NaN,NaN,NaN,NaN,NaN,NaN
3846,290,7597.000,90.872,-11.011,0.337,0.074,NaN,NaN,847,0,-0.000,-0.000,NaN,NaN,NaN,NaN,NaN,NaN,NaN,NaN,NaN,NaN,NaN
3847,695,7597.000,-60.405,-15.352,-0.418,-0.122,NaN,NaN,847,0,-2.701,-1.327,NaN,NaN,NaN,NaN,NaN,NaN,NaN,NaN,NaN,NaN,NaN
3848,993,7597.000,54.575,28.351,0.197,0.416,NaN,NaN,847,0,-2.654,-1.327,NaN,NaN,NaN,NaN,NaN,NaN,NaN,NaN,NaN,NaN,NaN
3849,1508,7597.000,19.015,2.719,0.062,-0.009,NaN,NaN,847,0,-0.000,-0.000,NaN,NaN,NaN,NaN,NaN,NaN,NaN,NaN,NaN,NaN,NaN
3850,290,7598.000,91.208,-10.936,0.336,0.075,NaN,NaN,848,0,-0.000,-0.000,NaN,NaN,NaN,NaN,NaN,NaN,NaN,NaN,NaN,NaN,NaN
3851,695,7598.000,-60.823,-15.474,-0.418,-0.122,NaN,NaN,848,0,-0.794,-1.327,NaN,NaN,NaN,NaN,NaN,NaN,NaN,NaN,NaN,NaN,NaN
3852,993,7598.000,54.772,28.767,0.197,0.417,NaN,NaN,848,0,-2.654,-1.327,NaN,NaN,NaN,NaN,NaN,NaN,NaN,NaN,NaN,NaN,NaN
3853,1508,7598.000,19.077,2.710,0.061,-0.009,NaN,NaN,848,0,-0.000,-0.000,NaN,NaN,NaN,NaN,NaN,NaN,NaN,NaN,NaN,NaN,NaN
3854,290,7599.000,91.543,-10.861,0.335,0.075,NaN,NaN,849,0,-0.000,-0.000,NaN,NaN,NaN,NaN,NaN,NaN,NaN,NaN,NaN,NaN,NaN
3855,695,7599.000,-61.243,-15.596,-0.419,-0.122,NaN,NaN,849,0,-2.654,-1.327,NaN,NaN,NaN,NaN,NaN,NaN,NaN,NaN,NaN,NaN,NaN
3856,993,7599.000,54.969,29.183,0.197,0.416,NaN,NaN,849,0,-2.654,-1.327,NaN,NaN,NaN,NaN,NaN,NaN,NaN,NaN,NaN,NaN,NaN
3857,1508,7599.000,19.139,2.701,0.062,-0.009,NaN,NaN,849,0,-0.000,-0.000,NaN,NaN,NaN,NaN,NaN,NaN,NaN,NaN,NaN,NaN,NaN
3858,1538,7599.000,20.550,2.380,0.000,0.000,0.841,0.924,849,0,4.274,2.148,454.000,203.000,494.000,298.000,20.550,2.380,-1.240,1.770,0.620,1.830,-0.704
3859,290,7600.000,91.881,-10.788,0.335,0.073,NaN,NaN,850,0,-0.000,-0.000,NaN,NaN,NaN,NaN,NaN,NaN,NaN,NaN,NaN,NaN,NaN
3860,695,7600.000,-61.661,-15.718,-0.418,-0.122,NaN,NaN,850,0,-0.494,-1.327,NaN,NaN,NaN,NaN,NaN,NaN,NaN,NaN,NaN,NaN,NaN
3861,993,7600.000,55.166,29.599,0.197,0.416,NaN,NaN,850,0,-2.654,-1.327,NaN,NaN,NaN,NaN,NaN,NaN,NaN,NaN,NaN,NaN,NaN
3862,1508,7600.000,19.200,2.692,0.062,-0.008,NaN,NaN,850,0,-0.000,-0.000,NaN,NaN,NaN,NaN,NaN,NaN,NaN,NaN,NaN,NaN,NaN
3863,1538,7600.000,20.727,2.227,0.060,-0.077,0.832,1.000,850,0,4.274,2.148,454.000,208.000,502.000,295.000,20.840,2.120,-1.240,1.930,0.580,1.900,-0.691
3864,290,7601.000,92.217,-10.714,0.335,0.073,NaN,NaN,851,0,-0.000,-0.000,NaN,NaN,NaN,NaN,NaN,NaN,NaN,NaN,NaN,NaN,NaN
3865,695,7601.000,-60.849,-17.259,-0.369,-0.242,0.042,NaN,851,0,-2.972,-1.327,238.000,204.000,247.000,240.000,NaN,NaN,NaN,NaN,NaN,NaN,NaN
3866,993,7601.000,55.363,30.015,0.197,0.415,NaN,NaN,851,0,-0.794,-1.327,NaN,NaN,NaN,NaN,NaN,NaN,NaN,NaN,NaN,NaN,NaN
3867,1508,7601.000,19.263,2.683,0.063,-0.009,NaN,NaN,851,0,-0.000,-0.000,NaN,NaN,NaN,NaN,NaN,NaN,NaN,NaN,NaN,NaN,NaN
3868,1538,7601.000,20.789,2.098,0.061,-0.100,0.829,NaN,851,0,4.413,-1.327,462.000,202.000,516.000,293.000,NaN,NaN,NaN,NaN,NaN,NaN,NaN
3869,290,7602.000,92.551,-10.641,0.336,0.074,NaN,NaN,852,0,-0.000,-0.000,NaN,NaN,NaN,NaN,NaN,NaN,NaN,NaN,NaN,NaN,NaN
3870,695,7602.000,-61.219,-17.500,-0.369,-0.242,NaN,NaN,852,0,-2.654,-1.327,NaN,NaN,NaN,NaN,NaN,NaN,NaN,NaN,NaN,NaN,NaN
3871,993,7602.000,55.560,30.430,0.197,0.415,NaN,NaN,852,0,-0.675,-1.327,NaN,NaN,NaN,NaN,NaN,NaN,NaN,NaN,NaN,NaN,NaN
3872,1508,7602.000,19.327,2.674,0.064,-0.010,NaN,NaN,852,0,-0.000,-0.000,NaN,NaN,NaN,NaN,NaN,NaN,NaN,NaN,NaN,NaN,NaN
3873,1538,7602.000,21.058,1.922,0.142,-0.117,0.840,1.000,852,0,4.274,2.148,479.000,200.000,529.000,292.000,21.080,1.910,-1.230,1.870,0.580,1.870,-0.716
3874,290,7603.000,92.886,-10.568,0.336,0.073,NaN,NaN,853,0,-0.000,-0.000,NaN,NaN,NaN,NaN,NaN,NaN,NaN,NaN,NaN,NaN,NaN
3875,695,7603.000,-61.264,-17.287,-0.336,-0.140,0.113,NaN,853,0,-2.184,-1.327,243.000,198.000,258.000,238.000,NaN,NaN,NaN,NaN,NaN,NaN,NaN
3876,993,7603.000,55.757,30.845,0.197,0.416,NaN,NaN,853,0,-2.701,-1.327,NaN,NaN,NaN,NaN,NaN,NaN,NaN,NaN,NaN,NaN,NaN
3877,1508,7603.000,19.391,2.663,0.063,-0.011,NaN,NaN,853,0,-0.000,-0.000,NaN,NaN,NaN,NaN,NaN,NaN,NaN,NaN,NaN,NaN,NaN
3878,1538,7603.000,21.277,1.737,0.171,-0.137,0.808,0.998,853,0,4.218,2.148,485.000,205.000,538.000,292.000,21.350,1.660,-1.250,1.920,0.630,1.900,-0.875
3879,290,7604.000,93.222,-10.494,0.335,0.073,NaN,NaN,854,0,-0.000,-0.000,NaN,NaN,NaN,NaN,NaN,NaN,NaN,NaN,NaN,NaN,NaN
3880,695,7604.000,-61.601,-17.426,-0.336,-0.139,NaN,NaN,854,0,-2.654,-1.327,NaN,NaN,NaN,NaN,NaN,NaN,NaN,NaN,NaN,NaN,NaN
3881,993,7604.000,55.954,31.262,0.198,0.416,NaN,NaN,854,0,-2.550,-1.327,NaN,NaN,NaN,NaN,NaN,NaN,NaN,NaN,NaN,NaN,NaN
3882,1508,7604.000,19.454,2.652,0.064,-0.011,NaN,NaN,854,0,-0.000,-0.000,NaN,NaN,NaN,NaN,NaN,NaN,NaN,NaN,NaN,NaN,NaN
3883,1538,7604.000,21.436,1.576,0.164,-0.144,0.803,NaN,854,0,4.010,-1.327,499.000,202.000,555.000,290.000,NaN,NaN,NaN,NaN,NaN,NaN,NaN
3884,290,7605.000,93.557,-10.421,0.335,0.073,NaN,NaN,855,0,-0.000,-0.000,NaN,NaN,NaN,NaN,NaN,NaN,NaN,NaN,NaN,NaN,NaN
3885,695,7605.000,-61.937,-17.563,-0.337,-0.137,NaN,NaN,855,0,-0.794,-1.327,NaN,NaN,NaN,NaN,NaN,NaN,NaN,NaN,NaN,NaN,NaN
3886,1508,7605.000,19.518,2.642,0.064,-0.010,NaN,NaN,855,0,-0.000,-0.000,NaN,NaN,NaN,NaN,NaN,NaN,NaN,NaN,NaN,NaN,NaN
3887,1538,7605.000,21.650,1.403,0.174,-0.151,0.775,0.981,855,0,3.489,2.238,514.000,203.000,568.000,267.000,21.700,1.380,-1.260,1.960,0.610,1.850,-0.885
3888,290,7606.000,93.893,-10.347,0.336,0.073,NaN,NaN,856,0,-0.000,-0.000,NaN,NaN,NaN,NaN,NaN,NaN,NaN,NaN,NaN,NaN,NaN
3889,695,7606.000,-63.331,-18.558,-0.374,-0.269,0.059,NaN,856,0,-2.822,-1.327,225.000,203.000,233.000,223.000,NaN,NaN,NaN,NaN,NaN,NaN,NaN
3890,1508,7606.000,19.581,2.633,0.064,-0.010,NaN,NaN,856,0,-0.014,-0.007,NaN,NaN,NaN,NaN,NaN,NaN,NaN,NaN,NaN,NaN,NaN
3891,1538,7606.000,21.887,1.244,0.187,-0.152,0.820,0.857,856,0,4.021,2.158,522.000,200.000,576.000,263.000,21.930,1.210,-1.260,1.960,0.600,1.880,-0.861
3892,290,7607.000,94.227,-10.275,0.336,0.072,NaN,NaN,857,0,-0.000,-0.000,NaN,NaN,NaN,NaN,NaN,NaN,NaN,NaN,NaN,NaN,NaN
3893,695,7607.000,-63.704,-18.826,-0.373,-0.269,NaN,NaN,857,0,-3.318,-1.327,NaN,NaN,NaN,NaN,NaN,NaN,NaN,NaN,NaN,NaN,NaN
3894,1508,7607.000,19.646,2.622,0.064,-0.010,NaN,NaN,857,0,-0.333,-0.166,NaN,NaN,NaN,NaN,NaN,NaN,NaN,NaN,NaN,NaN,NaN
3895,1538,7607.000,22.076,1.061,0.186,-0.159,0.872,NaN,857,0,4.374,-1.303,535.000,200.000,588.000,260.000,NaN,NaN,NaN,NaN,NaN,NaN,NaN
3896,290,7608.000,94.563,-10.203,0.336,0.072,NaN,NaN,858,0,-0.000,-0.000,NaN,NaN,NaN,NaN,NaN,NaN,NaN,NaN,NaN,NaN,NaN
3897,695,7608.000,-64.078,-19.095,-0.374,-0.269,NaN,NaN,858,0,-0.750,-1.327,NaN,NaN,NaN,NaN,NaN,NaN,NaN,NaN,NaN,NaN,NaN
3898,1508,7608.000,19.711,2.612,0.065,-0.010,NaN,NaN,858,0,-0.860,-0.423,NaN,NaN,NaN,NaN,NaN,NaN,NaN,NaN,NaN,NaN,NaN
3899,1538,7608.000,22.317,0.891,0.199,-0.161,0.848,0.985,858,0,4.198,2.238,549.000,200.000,600.000,255.000,22.360,0.860,-1.140,1.800,0.550,1.900,-0.837
3900,290,7609.000,94.898,-10.132,0.335,0.071,NaN,NaN,859,0,-0.000,-0.000,NaN,NaN,NaN,NaN,NaN,NaN,NaN,NaN,NaN,NaN,NaN
3901,695,7609.000,-64.027,-18.945,-0.449,-0.219,0.026,NaN,859,0,-3.100,-1.327,224.000,203.000,234.000,225.000,NaN,NaN,NaN,NaN,NaN,NaN,NaN
3902,1508,7609.000,19.776,2.602,0.065,-0.010,NaN,NaN,859,0,-1.162,-0.581,NaN,NaN,NaN,NaN,NaN,NaN,NaN,NaN,NaN,NaN,NaN
3903,1538,7609.000,22.590,0.638,0.216,-0.186,0.488,0.992,859,0,0.498,2.467,555.000,204.000,607.000,274.000,22.700,0.500,-1.170,1.920,0.590,1.900,-0.738
3904,290,7610.000,95.234,-10.061,0.337,0.072,NaN,NaN,860,0,-0.000,-0.000,NaN,NaN,NaN,NaN,NaN,NaN,NaN,NaN,NaN,NaN,NaN
3905,695,7610.000,-64.477,-19.165,-0.449,-0.219,NaN,NaN,860,0,-2.816,-1.327,NaN,NaN,NaN,NaN,NaN,NaN,NaN,NaN,NaN,NaN,NaN
3906,1508,7610.000,19.842,2.594,0.067,-0.009,NaN,NaN,860,0,-1.476,-0.738,NaN,NaN,NaN,NaN,NaN,NaN,NaN,NaN,NaN,NaN,NaN
3907,1538,7610.000,22.802,0.464,0.215,-0.183,0.778,NaN,860,0,3.460,-1.276,568.000,199.000,618.000,278.000,NaN,NaN,NaN,NaN,NaN,NaN,NaN
3908,290,7611.000,95.571,-9.989,0.336,0.071,NaN,NaN,861,0,-0.000,-0.000,NaN,NaN,NaN,NaN,NaN,NaN,NaN,NaN,NaN,NaN,NaN
3909,695,7611.000,-64.926,-19.382,-0.449,-0.217,NaN,NaN,861,0,-2.701,-1.327,NaN,NaN,NaN,NaN,NaN,NaN,NaN,NaN,NaN,NaN,NaN
3910,1508,7611.000,17.543,3.348,-0.087,-0.004,NaN,0.003,861,0,-1.653,-0.826,298.000,79.000,447.000,218.000,17.440,3.170,0.190,1.760,0.500,1.700,1.503
3911,1538,7611.000,22.953,0.294,0.200,-0.176,0.818,1.000,861,0,3.717,2.467,580.000,200.000,631.000,277.000,22.890,0.310,-1.200,1.870,0.560,1.980,-0.734
3912,290,7612.000,95.907,-9.919,0.336,0.071,NaN,NaN,862,0,-0.000,-0.000,NaN,NaN,NaN,NaN,NaN,NaN,NaN,NaN,NaN,NaN,NaN
3913,695,7612.000,-65.375,-19.600,-0.448,-0.218,NaN,NaN,862,0,-2.654,-1.327,NaN,NaN,NaN,NaN,NaN,NaN,NaN,NaN,NaN,NaN,NaN
3914,1508,7612.000,17.646,2.969,-0.095,-0.064,NaN,0.008,862,0,-0.000,-0.000,353.000,70.000,408.000,212.000,17.440,3.090,0.270,0.850,0.430,1.720,0.454
3915,1538,7612.000,23.141,0.089,0.196,-0.181,0.775,1.000,862,0,3.173,2.467,586.000,195.000,636.000,279.000,23.140,0.050,-1.210,1.900,0.540,1.920,-0.738
3916,290,7613.000,96.243,-9.849,0.335,0.070,NaN,NaN,863,0,-0.000,-0.000,NaN,NaN,NaN,NaN,NaN,NaN,NaN,NaN,NaN,NaN,NaN
3917,695,7613.000,-65.824,-19.817,-0.449,-0.218,NaN,NaN,863,0,-3.100,-1.327,NaN,NaN,NaN,NaN,NaN,NaN,NaN,NaN,NaN,NaN,NaN
3918,1508,7613.000,17.551,2.906,-0.095,-0.063,NaN,NaN,863,0,-0.000,-0.000,NaN,NaN,NaN,NaN,NaN,NaN,NaN,NaN,NaN,NaN,NaN
3919,1538,7613.000,23.336,-0.072,0.198,-0.176,0.828,NaN,863,0,4.413,-1.325,598.000,198.000,647.000,279.000,NaN,NaN,NaN,NaN,NaN,NaN,NaN
3920,290,7614.000,96.577,-9.779,0.334,0.070,NaN,NaN,864,0,-0.000,-0.000,NaN,NaN,NaN,NaN,NaN,NaN,NaN,NaN,NaN,NaN,NaN
3921,695,7614.000,-66.273,-20.036,-0.449,-0.218,NaN,NaN,864,0,-2.654,-1.327,NaN,NaN,NaN,NaN,NaN,NaN,NaN,NaN,NaN,NaN,NaN
3922,1508,7614.000,17.457,2.842,-0.095,-0.064,NaN,NaN,864,0,-0.000,-0.000,NaN,NaN,NaN,NaN,NaN,NaN,NaN,NaN,NaN,NaN,NaN
3923,1538,7614.000,23.446,-0.234,0.179,-0.171,0.830,1.000,864,0,3.816,2.467,609.000,198.000,656.000,276.000,23.380,-0.200,-1.250,1.870,0.580,1.980,-0.756
3924,290,7615.000,96.910,-9.709,0.334,0.071,NaN,NaN,865,0,-0.000,-0.000,NaN,NaN,NaN,NaN,NaN,NaN,NaN,NaN,NaN,NaN,NaN
3925,695,7615.000,-66.722,-20.253,-0.449,-0.217,NaN,NaN,865,0,-2.397,-1.327,NaN,NaN,NaN,NaN,NaN,NaN,NaN,NaN,NaN,NaN,NaN
3926,1508,7615.000,17.386,2.897,-0.088,-0.017,NaN,0.001,865,0,-0.000,-0.000,345.000,78.000,421.000,215.000,17.380,3.050,0.210,0.860,0.480,1.660,1.880
3927,1538,7615.000,23.604,-0.400,0.173,-0.168,0.795,1.000,865,0,2.962,2.843,614.000,198.000,662.000,277.000,23.590,-0.390,-1.170,1.880,0.600,1.830,-0.763
3928,290,7616.000,97.241,-9.637,0.332,0.071,NaN,NaN,866,0,-0.000,-0.000,NaN,NaN,NaN,NaN,NaN,NaN,NaN,NaN,NaN,NaN,NaN
3929,695,7616.000,-67.172,-20.471,-0.450,-0.218,NaN,NaN,866,0,-0.891,-1.327,NaN,NaN,NaN,NaN,NaN,NaN,NaN,NaN,NaN,NaN,NaN
3930,1508,7616.000,17.299,2.879,-0.087,-0.018,NaN,NaN,866,0,-0.000,-0.000,NaN,NaN,NaN,NaN,NaN,NaN,NaN,NaN,NaN,NaN,NaN
3931,1538,7616.000,23.776,-0.539,0.171,-0.160,0.749,NaN,866,0,2.906,-1.327,624.000,200.000,672.000,270.000,NaN,NaN,NaN,NaN,NaN,NaN,NaN
3932,290,7617.000,97.574,-9.567,0.333,0.070,NaN,NaN,867,0,-0.469,-0.234,NaN,NaN,NaN,NaN,NaN,NaN,NaN,NaN,NaN,NaN,NaN
3933,695,7617.000,-67.622,-20.688,-0.450,-0.217,NaN,NaN,867,0,-2.654,-1.327,NaN,NaN,NaN,NaN,NaN,NaN,NaN,NaN,NaN,NaN,NaN
3934,1508,7617.000,17.214,2.862,-0.085,-0.018,NaN,NaN,867,0,-0.000,-0.000,NaN,NaN,NaN,NaN,NaN,NaN,NaN,NaN,NaN,NaN,NaN
3935,1538,7617.000,23.866,-0.633,0.153,-0.141,0.791,1.000,867,0,2.962,2.843,634.000,199.000,681.000,279.000,23.830,-0.550,-1.210,2.050,0.610,1.920,-0.759
3936,290,7618.000,97.907,-9.496,0.333,0.070,NaN,NaN,868,0,-0.538,-0.269,NaN,NaN,NaN,NaN,NaN,NaN,NaN,NaN,NaN,NaN,NaN
3937,695,7618.000,-68.071,-20.907,-0.450,-0.218,NaN,NaN,868,0,-2.654,-1.327,NaN,NaN,NaN,NaN,NaN,NaN,NaN,NaN,NaN,NaN,NaN
3938,1508,7618.000,17.360,3.059,-0.033,0.030,NaN,0.014,868,0,-0.000,-0.000,338.000,72.000,413.000,208.000,17.460,3.150,0.280,0.720,0.590,1.650,2.237
3939,1538,7618.000,24.036,-0.801,0.155,-0.148,0.783,1.000,868,0,2.841,2.843,639.000,198.000,687.000,272.000,24.060,-0.850,-1.210,2.040,0.600,1.810,-0.801
3940,290,7619.000,98.238,-9.425,0.332,0.071,NaN,NaN,869,0,-0.133,-0.234,NaN,NaN,NaN,NaN,NaN,NaN,NaN,NaN,NaN,NaN,NaN
3941,695,7619.000,-68.520,-21.126,-0.450,-0.219,NaN,NaN,869,0,-2.550,-1.327,NaN,NaN,NaN,NaN,NaN,NaN,NaN,NaN,NaN,NaN,NaN
3942,1508,7619.000,17.327,3.089,-0.033,0.030,NaN,NaN,869,0,-0.000,-0.000,NaN,NaN,NaN,NaN,NaN,NaN,NaN,NaN,NaN,NaN,NaN
3943,1538,7619.000,24.195,-0.942,0.156,-0.147,0.802,NaN,869,0,3.866,-1.327,649.000,197.000,696.000,274.000,NaN,NaN,NaN,NaN,NaN,NaN,NaN
3944,290,7620.000,98.568,-9.354,0.330,0.071,NaN,NaN,870,0,-1.155,-0.578,NaN,NaN,NaN,NaN,NaN,NaN,NaN,NaN,NaN,NaN,NaN
3945,695,7620.000,-68.971,-21.344,-0.450,-0.219,NaN,NaN,870,0,-0.712,-1.327,NaN,NaN,NaN,NaN,NaN,NaN,NaN,NaN,NaN,NaN,NaN
3946,1508,7620.000,17.294,3.120,-0.033,0.031,NaN,NaN,870,0,-0.000,-0.000,NaN,NaN,NaN,NaN,NaN,NaN,NaN,NaN,NaN,NaN,NaN
3947,1538,7620.000,24.319,-1.062,0.148,-0.143,0.819,1.000,870,0,3.391,2.843,657.000,196.000,705.000,274.000,24.300,-1.030,-1.240,2.020,0.610,1.940,-0.790
3948,290,7621.000,98.901,-9.282,0.332,0.072,NaN,NaN,871,0,-0.450,-0.234,NaN,NaN,NaN,NaN,NaN,NaN,NaN,NaN,NaN,NaN,NaN
3949,695,7621.000,-69.421,-21.562,-0.450,-0.218,NaN,NaN,871,0,-0.843,-1.327,NaN,NaN,NaN,NaN,NaN,NaN,NaN,NaN,NaN,NaN,NaN
3950,1508,7621.000,17.262,3.150,-0.032,0.030,NaN,NaN,871,0,-0.000,-0.000,NaN,NaN,NaN,NaN,NaN,NaN,NaN,NaN,NaN,NaN,NaN
3951,1538,7621.000,24.500,-1.257,0.155,-0.154,0.808,1.000,871,0,2.898,3.500,662.000,200.000,709.000,274.000,24.540,-1.340,-1.250,1.970,0.600,1.930,-0.876
3952,290,7622.000,99.235,-9.211,0.332,0.071,NaN,NaN,872,0,-0.000,-0.000,NaN,NaN,NaN,NaN,NaN,NaN,NaN,NaN,NaN,NaN,NaN
3953,695,7622.000,-69.871,-21.778,-0.451,-0.216,NaN,NaN,872,0,-2.275,-1.327,NaN,NaN,NaN,NaN,NaN,NaN,NaN,NaN,NaN,NaN,NaN
3954,1508,7622.000,17.230,3.179,-0.031,0.029,NaN,NaN,872,0,-0.000,-0.000,NaN,NaN,NaN,NaN,NaN,NaN,NaN,NaN,NaN,NaN,NaN
3955,1538,7622.000,24.656,-1.395,0.156,-0.152,0.789,NaN,872,0,3.665,-1.326,670.000,196.000,717.000,271.000,NaN,NaN,NaN,NaN,NaN,NaN,NaN
3956,290,7623.000,99.569,-9.139,0.333,0.071,NaN,NaN,873,0,-0.000,-0.000,NaN,NaN,NaN,NaN,NaN,NaN,NaN,NaN,NaN,NaN,NaN
3957,695,7623.000,-70.322,-21.994,-0.451,-0.215,NaN,NaN,873,0,-0.968,-1.327,NaN,NaN,NaN,NaN,NaN,NaN,NaN,NaN,NaN,NaN,NaN
3958,1508,7623.000,17.668,2.940,0.050,-0.017,NaN,0.061,873,0,-0.000,-0.000,342.000,76.000,453.000,209.000,17.760,2.890,0.260,1.610,0.390,1.610,-0.596
3959,1538,7623.000,24.739,-1.540,0.141,-0.151,0.801,1.000,873,0,2.748,3.500,678.000,198.000,722.000,272.000,24.680,-1.520,-1.190,1.970,0.610,1.890,-0.923
3960,290,7624.000,99.903,-9.069,0.334,0.070,NaN,NaN,874,0,-0.000,-0.000,NaN,NaN,NaN,NaN,NaN,NaN,NaN,NaN,NaN,NaN,NaN
3961,695,7624.000,-70.773,-22.208,-0.451,-0.215,NaN,NaN,874,0,-2.104,-1.327,NaN,NaN,NaN,NaN,NaN,NaN,NaN,NaN,NaN,NaN,NaN
3962,1508,7624.000,17.716,2.925,0.048,-0.016,NaN,NaN,874,0,-0.000,-0.000,NaN,NaN,NaN,NaN,NaN,NaN,NaN,NaN,NaN,NaN,NaN
3963,1538,7624.000,24.880,-1.691,0.141,-0.153,0.805,1.000,874,0,2.748,3.500,682.000,198.000,727.000,272.000,24.880,-1.690,-1.200,1.930,0.600,1.840,-0.927
3964,290,7625.000,100.237,-8.999,0.334,0.070,NaN,NaN,875,0,-0.000,-0.000,NaN,NaN,NaN,NaN,NaN,NaN,NaN,NaN,NaN,NaN,NaN
3965,695,7625.000,-71.224,-22.422,-0.451,-0.214,NaN,NaN,875,0,-1.078,-1.327,NaN,NaN,NaN,NaN,NaN,NaN,NaN,NaN,NaN,NaN,NaN
3966,1508,7625.000,17.764,2.909,0.047,-0.016,NaN,NaN,875,0,-0.000,-0.000,NaN,NaN,NaN,NaN,NaN,NaN,NaN,NaN,NaN,NaN,NaN
3967,1538,7625.000,25.025,-1.802,0.142,-0.143,0.792,NaN,875,0,3.665,-1.327,689.000,199.000,736.000,272.000,NaN,NaN,NaN,NaN,NaN,NaN,NaN
3968,290,7626.000,100.571,-8.928,0.335,0.071,NaN,NaN,876,0,-0.000,-0.000,NaN,NaN,NaN,NaN,NaN,NaN,NaN,NaN,NaN,NaN,NaN
3969,695,7626.000,-71.675,-22.636,-0.452,-0.214,NaN,NaN,876,0,-2.104,-1.327,NaN,NaN,NaN,NaN,NaN,NaN,NaN,NaN,NaN,NaN,NaN
3970,1508,7626.000,17.812,2.893,0.048,-0.016,NaN,NaN,876,0,-0.000,-0.000,NaN,NaN,NaN,NaN,NaN,NaN,NaN,NaN,NaN,NaN,NaN
3971,1538,7626.000,25.098,-1.917,0.128,-0.139,0.814,1.000,876,0,2.898,3.500,697.000,199.000,743.000,271.000,25.040,-1.880,-1.230,1.950,0.580,1.870,-0.899
3972,290,7627.000,100.908,-8.857,0.336,0.071,NaN,NaN,877,0,-0.000,-0.000,NaN,NaN,NaN,NaN,NaN,NaN,NaN,NaN,NaN,NaN,NaN
3973,695,7627.000,-72.125,-22.850,-0.451,-0.214,NaN,NaN,877,0,-0.545,-1.327,NaN,NaN,NaN,NaN,NaN,NaN,NaN,NaN,NaN,NaN,NaN
3974,1508,7627.000,17.861,2.876,0.048,-0.017,NaN,NaN,877,0,-0.000,-0.000,NaN,NaN,NaN,NaN,NaN,NaN,NaN,NaN,NaN,NaN,NaN
3975,1538,7627.000,25.197,-2.027,0.122,-0.132,0.764,1.000,877,0,2.344,3.500,701.000,195.000,745.000,270.000,25.160,-1.960,-1.220,1.910,0.580,1.780,-0.970
3976,290,7628.000,101.242,-8.784,0.335,0.073,NaN,NaN,878,0,-0.000,-0.000,NaN,NaN,NaN,NaN,NaN,NaN,NaN,NaN,NaN,NaN,NaN
3977,695,7628.000,-72.576,-23.065,-0.451,-0.215,NaN,NaN,878,0,-0.592,-1.327,NaN,NaN,NaN,NaN,NaN,NaN,NaN,NaN,NaN,NaN,NaN
3978,1508,7628.000,17.910,2.859,0.049,-0.017,NaN,NaN,878,0,-0.000,-0.000,NaN,NaN,NaN,NaN,NaN,NaN,NaN,NaN,NaN,NaN,NaN
3979,1538,7628.000,25.324,-2.128,0.123,-0.124,0.814,NaN,878,0,4.053,-1.327,707.000,195.000,752.000,267.000,NaN,NaN,NaN,NaN,NaN,NaN,NaN
3980,290,7629.000,101.577,-8.712,0.334,0.072,NaN,NaN,879,0,-0.000,-0.000,NaN,NaN,NaN,NaN,NaN,NaN,NaN,NaN,NaN,NaN,NaN
3981,695,7629.000,-73.025,-23.281,-0.449,-0.216,NaN,NaN,879,0,-2.701,-1.327,NaN,NaN,NaN,NaN,NaN,NaN,NaN,NaN,NaN,NaN,NaN
3982,1508,7629.000,17.959,2.843,0.049,-0.016,NaN,NaN,879,0,-0.000,-0.000,NaN,NaN,NaN,NaN,NaN,NaN,NaN,NaN,NaN,NaN,NaN
3983,1538,7629.000,25.341,-2.164,0.101,-0.102,0.799,1.000,879,0,2.748,3.500,713.000,199.000,757.000,271.000,25.260,-2.070,-1.190,1.870,0.610,1.860,-0.951
3984,290,7630.000,50.000,14.625,-0.304,0.116,0.187,0.036,880,0,-0.000,-0.000,213.000,195.000,223.000,225.000,49.830,15.090,-1.550,0.730,0.670,1.700,0.317
3985,695,7630.000,-73.473,-23.497,-0.448,-0.216,NaN,NaN,880,0,-0.675,-1.327,NaN,NaN,NaN,NaN,NaN,NaN,NaN,NaN,NaN,NaN,NaN
3986,1508,7630.000,18.009,2.825,0.049,-0.018,NaN,NaN,880,0,-0.000,-0.000,NaN,NaN,NaN,NaN,NaN,NaN,NaN,NaN,NaN,NaN,NaN
3987,1538,7630.000,25.419,-2.250,0.098,-0.097,0.805,0.779,880,0,2.748,1.256,716.000,199.000,760.000,267.000,25.400,-2.250,-1.240,2.100,0.640,1.980,-0.810
3988,290,7631.000,49.691,14.757,-0.307,0.132,0.157,NaN,881,0,-1.800,-1.273,213.000,195.000,223.000,225.000,NaN,NaN,NaN,NaN,NaN,NaN,NaN
3989,695,7631.000,-74.675,-22.937,-0.496,-0.178,0.085,NaN,881,0,-2.320,-1.327,208.000,195.000,215.000,223.000,NaN,NaN,NaN,NaN,NaN,NaN,NaN
3990,1508,7631.000,18.058,2.807,0.049,-0.018,NaN,NaN,881,0,-0.000,-0.000,NaN,NaN,NaN,NaN,NaN,NaN,NaN,NaN,NaN,NaN,NaN
3991,1538,7631.000,25.520,-2.347,0.099,-0.098,0.713,NaN,881,0,2.280,-1.326,722.000,199.000,766.000,269.000,NaN,NaN,NaN,NaN,NaN,NaN,NaN
3992,290,7632.000,49.397,14.894,-0.300,0.135,0.067,0.006,882,0,-5.494,-2.885,212.000,196.000,221.000,224.000,49.980,15.060,-1.250,0.780,0.610,1.780,0.306
3993,695,7632.000,-75.170,-23.114,-0.496,-0.178,NaN,NaN,882,0,-2.275,-1.327,NaN,NaN,NaN,NaN,NaN,NaN,NaN,NaN,NaN,NaN,NaN
3994,1508,7632.000,18.106,2.788,0.048,-0.019,NaN,NaN,882,0,-0.000,-0.000,NaN,NaN,NaN,NaN,NaN,NaN,NaN,NaN,NaN,NaN,NaN
3995,1538,7632.000,25.605,-2.443,0.099,-0.101,0.793,0.187,882,0,2.294,-0.811,727.000,195.000,769.000,271.000,25.590,-2.440,-1.200,2.010,0.600,1.890,-0.833
3996,290,7633.000,49.149,15.043,-0.278,0.143,0.039,0.005,883,0,-5.740,-2.889,212.000,198.000,221.000,224.000,50.140,15.270,-1.440,0.670,0.640,1.760,0.525
3997,695,7633.000,-75.665,-23.293,-0.496,-0.179,NaN,NaN,883,0,-2.104,-1.327,NaN,NaN,NaN,NaN,NaN,NaN,NaN,NaN,NaN,NaN,NaN
3998,1508,7633.000,18.153,2.769,0.047,-0.019,NaN,NaN,883,0,-0.000,-0.000,NaN,NaN,NaN,NaN,NaN,NaN,NaN,NaN,NaN,NaN,NaN
3999,1538,7633.000,25.673,-2.499,0.090,-0.091,0.726,0.742,883,0,1.790,0.947,730.000,194.000,769.000,272.000,25.630,-2.430,-1.180,1.970,0.650,1.830,-0.899
4000,290,7634.000,48.892,15.130,-0.271,0.125,0.135,NaN,884,0,-1.970,-1.309,204.000,204.000,213.000,225.000,NaN,NaN,NaN,NaN,NaN,NaN,NaN
4001,695,7634.000,-76.160,-23.472,-0.495,-0.179,NaN,NaN,884,0,-2.104,-1.327,NaN,NaN,NaN,NaN,NaN,NaN,NaN,NaN,NaN,NaN,NaN
4002,1508,7634.000,18.198,2.748,0.046,-0.020,NaN,NaN,884,0,-0.000,-0.000,NaN,NaN,NaN,NaN,NaN,NaN,NaN,NaN,NaN,NaN,NaN
4003,1538,7634.000,25.761,-2.605,0.088,-0.095,0.730,NaN,884,0,2.590,-1.325,736.000,197.000,777.000,270.000,NaN,NaN,NaN,NaN,NaN,NaN,NaN
4004,290,7635.000,48.662,14.965,-0.260,0.044,0.029,NaN,885,0,-3.043,-1.302,212.000,202.000,221.000,227.000,NaN,NaN,NaN,NaN,NaN,NaN,NaN
4005,695,7635.000,-76.655,-23.649,-0.495,-0.177,NaN,NaN,885,0,-1.037,-1.327,NaN,NaN,NaN,NaN,NaN,NaN,NaN,NaN,NaN,NaN,NaN
4006,1508,7635.000,18.244,2.727,0.046,-0.021,NaN,NaN,885,0,-0.000,-0.000,NaN,NaN,NaN,NaN,NaN,NaN,NaN,NaN,NaN,NaN,NaN
4007,1538,7635.000,25.819,-2.676,0.082,-0.087,0.768,0.981,885,0,2.118,4.938,740.000,195.000,781.000,270.000,25.780,-2.640,-1.150,1.930,0.620,1.810,-1.013
4008,290,7636.000,48.544,14.970,-0.229,0.018,0.027,NaN,886,0,-3.058,-1.309,212.000,202.000,220.000,227.000,NaN,NaN,NaN,NaN,NaN,NaN,NaN
4009,695,7636.000,-77.149,-23.825,-0.494,-0.176,NaN,NaN,886,0,-2.654,-1.327,NaN,NaN,NaN,NaN,NaN,NaN,NaN,NaN,NaN,NaN,NaN
4010,1508,7636.000,18.290,2.706,0.045,-0.021,NaN,NaN,886,0,-0.000,-0.000,NaN,NaN,NaN,NaN,NaN,NaN,NaN,NaN,NaN,NaN,NaN
4011,1538,7636.000,25.895,-2.716,0.083,-0.074,0.644,0.901,886,0,0.809,3.253,742.000,194.000,784.000,270.000,25.880,-2.640,-1.180,1.990,0.540,2.060,-0.720
4012,290,7637.000,48.311,15.005,-0.230,0.028,0.072,NaN,887,0,-2.640,-1.307,201.000,205.000,210.000,224.000,NaN,NaN,NaN,NaN,NaN,NaN,NaN
4013,695,7637.000,-77.643,-24.002,-0.494,-0.176,NaN,NaN,887,0,-2.701,-1.327,NaN,NaN,NaN,NaN,NaN,NaN,NaN,NaN,NaN,NaN,NaN
4014,1508,7637.000,18.334,2.684,0.044,-0.022,NaN,NaN,887,0,-0.000,-0.000,NaN,NaN,NaN,NaN,NaN,NaN,NaN,NaN,NaN,NaN,NaN
4015,1538,7637.000,25.980,-2.807,0.084,-0.079,0.731,NaN,887,0,2.590,-1.320,746.000,194.000,786.000,271.000,NaN,NaN,NaN,NaN,NaN,NaN,NaN
4016,290,7638.000,48.079,15.032,-0.232,0.027,NaN,NaN,888,0,-2.642,-1.297,NaN,NaN,NaN,NaN,NaN,NaN,NaN,NaN,NaN,NaN,NaN
4017,695,7638.000,-78.409,-23.803,-0.488,-0.112,0.037,NaN,888,0,-2.972,-1.327,212.000,199.000,220.000,226.000,NaN,NaN,NaN,NaN,NaN,NaN,NaN
4018,1508,7638.000,18.380,2.662,0.046,-0.022,NaN,NaN,888,0,-0.000,-0.000,NaN,NaN,NaN,NaN,NaN,NaN,NaN,NaN,NaN,NaN,NaN
4019,1538,7638.000,26.014,-2.859,0.070,-0.073,0.566,0.822,888,0,0.441,1.373,750.000,193.000,793.000,259.000,25.950,-2.830,-1.220,1.830,0.570,2.010,-0.724
4020,290,7639.000,47.858,14.996,-0.228,0.007,0.036,NaN,889,0,-3.071,-1.282,199.000,206.000,209.000,224.000,NaN,NaN,NaN,NaN,NaN,NaN,NaN
4021,695,7639.000,-78.897,-23.915,-0.488,-0.112,NaN,NaN,889,0,-2.654,-1.327,NaN,NaN,NaN,NaN,NaN,NaN,NaN,NaN,NaN,NaN,NaN
4022,1508,7639.000,18.424,2.640,0.045,-0.022,NaN,NaN,889,0,-0.000,-0.000,NaN,NaN,NaN,NaN,NaN,NaN,NaN,NaN,NaN,NaN,NaN
4023,1538,7639.000,26.132,-2.943,0.083,-0.076,0.598,0.006,889,0,0.607,-1.514,751.000,194.000,793.000,256.000,26.190,-2.950,-1.130,1.740,0.480,1.800,-0.878
4024,1588,7639.000,50.550,15.700,0.000,0.000,0.044,0.466,889,0,-5.766,-1.768,212.000,199.000,220.000,226.000,50.550,15.700,-1.400,0.610,0.750,1.680,-0.569
4025,290,7640.000,47.639,14.941,-0.224,-0.015,0.029,NaN,890,0,-3.187,-1.274,199.000,206.000,208.000,224.000,NaN,NaN,NaN,NaN,NaN,NaN,NaN
4026,695,7640.000,-79.385,-24.027,-0.488,-0.112,NaN,NaN,890,0,-2.654,-1.327,NaN,NaN,NaN,NaN,NaN,NaN,NaN,NaN,NaN,NaN,NaN
4027,1508,7640.000,18.468,2.618,0.044,-0.022,NaN,NaN,890,0,-0.000,-0.000,NaN,NaN,NaN,NaN,NaN,NaN,NaN,NaN,NaN,NaN,NaN
4028,1538,7640.000,26.218,-3.025,0.084,-0.079,0.731,NaN,890,0,2.590,-1.292,754.000,194.000,795.000,261.000,NaN,NaN,NaN,NaN,NaN,NaN,NaN
4029,1588,7640.000,50.549,15.714,0.005,0.006,NaN,NaN,890,0,-2.603,-1.301,NaN,NaN,NaN,NaN,NaN,NaN,NaN,NaN,NaN,NaN,NaN
4030,290,7641.000,47.418,14.914,-0.224,-0.019,0.050,NaN,891,0,-2.679,-1.267,195.000,207.000,209.000,246.000,NaN,NaN,NaN,NaN,NaN,NaN,NaN
4031,695,7641.000,-79.873,-24.138,-0.488,-0.111,NaN,NaN,891,0,-2.654,-1.327,NaN,NaN,NaN,NaN,NaN,NaN,NaN,NaN,NaN,NaN,NaN
4032,1508,7641.000,18.511,2.596,0.043,-0.022,NaN,NaN,891,0,-0.000,-0.000,NaN,NaN,NaN,NaN,NaN,NaN,NaN,NaN,NaN,NaN,NaN
4033,1538,7641.000,26.258,-3.092,0.072,-0.078,0.724,0.069,891,0,1.662,-1.200,757.000,194.000,802.000,273.000,26.210,-3.050,-1.180,1.810,0.610,1.850,-0.976
4034,1588,7641.000,50.532,15.842,0.001,0.033,0.061,NaN,891,0,-2.593,-1.303,195.000,207.000,209.000,232.000,NaN,NaN,NaN,NaN,NaN,NaN,NaN
4035,1591,7641.000,62.220,16.370,0.000,0.000,0.093,0.002,891,0,-4.153,-2.329,263.000,200.000,273.000,230.000,62.220,16.370,-1.550,0.740,0.490,1.960,-1.019
4036,290,7642.000,47.197,14.883,-0.223,-0.022,0.027,NaN,892,0,-2.668,-1.257,192.000,206.000,210.000,251.000,NaN,NaN,NaN,NaN,NaN,NaN,NaN
4037,695,7642.000,-80.361,-24.249,-0.489,-0.110,NaN,NaN,892,0,-2.654,-1.327,NaN,NaN,NaN,NaN,NaN,NaN,NaN,NaN,NaN,NaN,NaN
4038,1508,7642.000,18.555,2.574,0.044,-0.021,NaN,NaN,892,0,-0.000,-0.000,NaN,NaN,NaN,NaN,NaN,NaN,NaN,NaN,NaN,NaN,NaN
4039,1538,7642.000,26.314,-3.185,0.067,-0.082,0.687,0.445,892,0,1.231,-0.226,759.000,195.000,802.000,275.000,26.300,-3.210,-1.150,1.950,0.600,1.860,-0.862
4040,1588,7642.000,50.562,15.843,0.004,0.021,0.033,NaN,892,0,-2.989,-1.279,197.000,206.000,210.000,227.000,NaN,NaN,NaN,NaN,NaN,NaN,NaN
4041,1591,7642.000,62.145,16.641,-0.014,0.035,0.083,NaN,892,0,-1.718,-0.948,254.000,199.000,272.000,236.000,NaN,NaN,NaN,NaN,NaN,NaN,NaN
4042,290,7643.000,46.975,14.862,-0.222,-0.021,NaN,NaN,893,0,-2.477,-1.239,NaN,NaN,NaN,NaN,NaN,NaN,NaN,NaN,NaN,NaN,NaN
4043,695,7643.000,-80.849,-24.359,-0.489,-0.110,NaN,NaN,893,0,-2.654,-1.327,NaN,NaN,NaN,NaN,NaN,NaN,NaN,NaN,NaN,NaN,NaN
4044,1508,7643.000,18.597,2.554,0.042,-0.021,NaN,NaN,893,0,-0.000,-0.000,NaN,NaN,NaN,NaN,NaN,NaN,NaN,NaN,NaN,NaN,NaN
4045,1538,7643.000,26.384,-3.245,0.066,-0.076,0.774,NaN,893,0,3.261,-1.309,762.000,195.000,803.000,275.000,NaN,NaN,NaN,NaN,NaN,NaN,NaN
4046,1588,7643.000,50.568,15.866,0.006,0.023,NaN,NaN,893,0,-2.567,-1.284,NaN,NaN,NaN,NaN,NaN,NaN,NaN,NaN,NaN,NaN,NaN
4047,1591,7643.000,62.132,16.676,-0.014,0.035,NaN,NaN,893,0,-2.633,-1.317,NaN,NaN,NaN,NaN,NaN,NaN,NaN,NaN,NaN,NaN,NaN
4048,290,7644.000,46.753,14.839,-0.222,-0.023,NaN,NaN,894,0,-2.440,-1.220,NaN,NaN,NaN,NaN,NaN,NaN,NaN,NaN,NaN,NaN,NaN
4049,695,7644.000,-81.338,-24.469,-0.488,-0.110,NaN,NaN,894,0,-2.249,-1.327,NaN,NaN,NaN,NaN,NaN,NaN,NaN,NaN,NaN,NaN,NaN
4050,1508,7644.000,18.638,2.532,0.041,-0.022,NaN,NaN,894,0,-0.000,-0.000,NaN,NaN,NaN,NaN,NaN,NaN,NaN,NaN,NaN,NaN,NaN
4051,1538,7644.000,26.344,-3.252,0.045,-0.058,0.762,0.467,894,0,2.048,-0.100,766.000,196.000,804.000,276.000,26.250,-3.160,-1.080,0.830,0.660,1.880,-1.103
4052,1588,7644.000,50.643,15.729,0.037,-0.031,0.025,NaN,894,0,-3.199,-1.279,202.000,207.000,212.000,224.000,NaN,NaN,NaN,NaN,NaN,NaN,NaN
4053,1591,7644.000,62.202,16.603,0.011,-0.002,0.033,NaN,894,0,-3.082,-1.319,257.000,199.000,275.000,234.000,NaN,NaN,NaN,NaN,NaN,NaN,NaN
4054,290,7645.000,46.532,14.818,-0.222,-0.021,NaN,NaN,895,0,-2.393,-1.197,NaN,NaN,NaN,NaN,NaN,NaN,NaN,NaN,NaN,NaN,NaN
4055,695,7645.000,-81.827,-24.578,-0.488,-0.110,NaN,NaN,895,0,-0.891,-1.327,NaN,NaN,NaN,NaN,NaN,NaN,NaN,NaN,NaN,NaN,NaN
4056,1508,7645.000,18.680,2.511,0.042,-0.021,NaN,NaN,895,0,-0.038,-0.019,NaN,NaN,NaN,NaN,NaN,NaN,NaN,NaN,NaN,NaN,NaN
4057,1538,7645.000,26.353,-3.299,0.038,-0.056,0.716,0.923,895,0,1.662,4.838,767.000,193.000,803.000,272.000,26.310,-3.270,-1.130,1.830,0.590,1.780,-0.856
4058,1588,7645.000,50.681,15.697,0.038,-0.032,NaN,NaN,895,0,-2.607,-1.303,NaN,NaN,NaN,NaN,NaN,NaN,NaN,NaN,NaN,NaN,NaN
4059,1591,7645.000,62.303,16.556,0.033,-0.014,0.028,NaN,895,0,-3.059,-1.309,263.000,203.000,271.000,232.000,NaN,NaN,NaN,NaN,NaN,NaN,NaN
4060,290,7646.000,46.308,14.797,-0.223,-0.021,NaN,NaN,896,0,-0.877,-1.201,NaN,NaN,NaN,NaN,NaN,NaN,NaN,NaN,NaN,NaN,NaN
4061,695,7646.000,-82.316,-24.689,-0.489,-0.110,NaN,NaN,896,0,-2.654,-1.327,NaN,NaN,NaN,NaN,NaN,NaN,NaN,NaN,NaN,NaN,NaN
4062,1508,7646.000,18.722,2.489,0.042,-0.022,NaN,NaN,896,0,-0.336,-0.168,NaN,NaN,NaN,NaN,NaN,NaN,NaN,NaN,NaN,NaN,NaN
4063,1538,7646.000,26.395,-3.325,0.038,-0.049,0.728,NaN,896,0,2.590,-1.314,769.000,194.000,803.000,268.000,NaN,NaN,NaN,NaN,NaN,NaN,NaN
4064,1588,7646.000,50.719,15.664,0.039,-0.033,NaN,NaN,896,0,-2.612,-1.306,NaN,NaN,NaN,NaN,NaN,NaN,NaN,NaN,NaN,NaN,NaN
4065,1591,7646.000,62.335,16.541,0.033,-0.014,NaN,NaN,896,0,-2.544,-1.272,NaN,NaN,NaN,NaN,NaN,NaN,NaN,NaN,NaN,NaN,NaN
4066,290,7647.000,46.087,14.777,-0.222,-0.019,NaN,NaN,897,0,-2.404,-1.202,NaN,NaN,NaN,NaN,NaN,NaN,NaN,NaN,NaN,NaN,NaN
4067,695,7647.000,-82.803,-24.800,-0.488,-0.112,NaN,NaN,897,0,-0.794,-1.327,NaN,NaN,NaN,NaN,NaN,NaN,NaN,NaN,NaN,NaN,NaN
4068,1508,7647.000,18.765,2.467,0.042,-0.022,NaN,NaN,897,0,-1.113,-0.547,NaN,NaN,NaN,NaN,NaN,NaN,NaN,NaN,NaN,NaN,NaN
4069,1538,7647.000,26.364,-3.322,0.025,-0.035,0.637,0.784,897,0,0.809,1.099,770.000,195.000,806.000,284.000,26.270,-3.230,-1.080,0.880,0.580,1.710,-0.674
4070,1588,7647.000,50.759,15.630,0.040,-0.034,NaN,NaN,897,0,-2.616,-1.308,NaN,NaN,NaN,NaN,NaN,NaN,NaN,NaN,NaN,NaN,NaN
4071,1591,7647.000,62.368,16.526,0.032,-0.015,NaN,NaN,897,0,-2.544,-1.272,NaN,NaN,NaN,NaN,NaN,NaN,NaN,NaN,NaN,NaN,NaN
4072,1600,7647.000,19.800,15.670,0.000,0.000,NaN,0.054,897,0,0.000,-1.094,-508.000,107.000,-412.000,231.000,19.800,15.670,-0.090,0.780,0.500,1.710,-0.281
4073,290,7648.000,45.864,14.758,-0.222,-0.019,NaN,NaN,898,0,-2.406,-1.203,NaN,NaN,NaN,NaN,NaN,NaN,NaN,NaN,NaN,NaN,NaN
4074,695,7648.000,-83.291,-24.912,-0.488,-0.112,NaN,NaN,898,0,-0.933,-1.327,NaN,NaN,NaN,NaN,NaN,NaN,NaN,NaN,NaN,NaN,NaN
4075,1508,7648.000,18.807,2.447,0.043,-0.021,NaN,NaN,898,0,-1.682,-0.826,NaN,NaN,NaN,NaN,NaN,NaN,NaN,NaN,NaN,NaN,NaN
4076,1538,7648.000,26.345,-3.338,0.016,-0.030,0.652,0.242,898,0,0.873,-0.665,770.000,196.000,806.000,280.000,26.290,-3.280,-1.140,0.770,0.670,1.760,-0.558
4077,1588,7648.000,50.799,15.596,0.040,-0.035,NaN,NaN,898,0,-2.624,-1.312,NaN,NaN,NaN,NaN,NaN,NaN,NaN,NaN,NaN,NaN,NaN
4078,1591,7648.000,62.401,16.510,0.032,-0.016,NaN,NaN,898,0,-2.453,-1.227,NaN,NaN,NaN,NaN,NaN,NaN,NaN,NaN,NaN,NaN,NaN
4079,1600,7648.000,19.802,15.677,0.004,-0.001,NaN,NaN,898,0,-2.654,-1.327,NaN,NaN,NaN,NaN,NaN,NaN,NaN,NaN,NaN,NaN,NaN
4080,290,7649.000,45.641,14.740,-0.224,-0.018,NaN,NaN,899,0,-2.420,-1.210,NaN,NaN,NaN,NaN,NaN,NaN,NaN,NaN,NaN,NaN,NaN
4081,695,7649.000,-83.777,-25.023,-0.487,-0.112,NaN,NaN,899,0,-2.654,-1.327,NaN,NaN,NaN,NaN,NaN,NaN,NaN,NaN,NaN,NaN,NaN
4082,1508,7649.000,18.850,2.428,0.042,-0.019,NaN,NaN,899,0,-2.004,-1.002,NaN,NaN,NaN,NaN,NaN,NaN,NaN,NaN,NaN,NaN,NaN
4083,1538,7649.000,26.367,-3.357,0.017,-0.028,0.610,NaN,899,0,1.298,-1.316,772.000,198.000,807.000,280.000,NaN,NaN,NaN,NaN,NaN,NaN,NaN
4084,1588,7649.000,50.838,15.560,0.039,-0.035,NaN,NaN,899,0,-2.786,-1.313,NaN,NaN,NaN,NaN,NaN,NaN,NaN,NaN,NaN,NaN,NaN
4085,1591,7649.000,62.432,16.495,0.032,-0.015,NaN,NaN,899,0,-2.334,-1.167,NaN,NaN,NaN,NaN,NaN,NaN,NaN,NaN,NaN,NaN,NaN
4086,1600,7649.000,19.807,15.676,0.005,-0.001,NaN,NaN,899,0,-2.654,-1.327,NaN,NaN,NaN,NaN,NaN,NaN,NaN,NaN,NaN,NaN,NaN
4087,290,7650.000,45.458,14.545,-0.214,-0.038,0.213,NaN,900,0,-1.299,-1.221,183.000,206.000,206.000,260.000,NaN,NaN,NaN,NaN,NaN,NaN,NaN
4088,695,7650.000,-84.262,-25.134,-0.487,-0.111,NaN,NaN,900,0,-2.816,-1.327,NaN,NaN,NaN,NaN,NaN,NaN,NaN,NaN,NaN,NaN,NaN
4089,1508,7650.000,18.890,2.408,0.040,-0.019,NaN,NaN,900,0,-2.224,-1.112,NaN,NaN,NaN,NaN,NaN,NaN,NaN,NaN,NaN,NaN,NaN
4090,1538,7650.000,26.285,-3.333,-0.005,-0.012,0.626,0.937,900,0,0.754,4.938,773.000,197.000,807.000,283.000,26.150,-3.270,-1.110,0.810,0.520,1.740,-1.547
4091,1588,7650.000,50.876,15.525,0.038,-0.035,NaN,NaN,900,0,-2.624,-1.312,NaN,NaN,NaN,NaN,NaN,NaN,NaN,NaN,NaN,NaN,NaN
4092,1591,7650.000,62.467,16.480,0.034,-0.015,NaN,NaN,900,0,-2.273,-1.137,NaN,NaN,NaN,NaN,NaN,NaN,NaN,NaN,NaN,NaN,NaN
4093,1600,7650.000,19.812,15.675,0.005,-0.001,NaN,NaN,900,0,-2.654,-1.327,NaN,NaN,NaN,NaN,NaN,NaN,NaN,NaN,NaN,NaN,NaN
