,ID,timestamp,x,y,vx,vy,rgb_conf,lidar_conf,t_index,YOLO_cls,rgb_LLR,lidar_LLR,L,T,R,B,X_LiDAR,Y_LiDAR,Z_LiDAR,l,w,h,rot
0,8,8251.000,22.590,1.780,0.000,0.000,0.830,0.996,1,0,3.816,2.467,492.000,208.000,543.000,311.000,22.590,1.780,-1.280,1.850,0.510,1.900,-0.783
1,9,8251.000,27.550,-4.310,0.000,0.000,0.797,0.989,1,0,1.827,7.239,814.000,197.000,853.000,257.000,27.550,-4.310,-1.200,1.960,0.620,1.860,-0.789
2,10,8251.000,25.180,-0.480,0.000,0.000,0.780,0.019,1,0,2.512,-1.461,629.000,202.000,670.000,291.000,25.180,-0.480,-1.320,2.040,0.630,1.960,-0.802
3,11,8251.000,26.780,-2.620,0.000,0.000,0.726,0.221,1,0,1.520,-0.757,737.000,192.000,782.000,267.000,26.780,-2.620,-1.150,0.790,0.740,1.710,-0.447
4,12,8251.000,25.550,-5.720,0.000,0.000,0.713,0.796,1,0,1.516,1.208,904.000,200.000,934.000,272.000,25.550,-5.720,-1.210,0.850,0.650,1.740,-1.074
5,8,8252.000,22.615,1.709,0.010,-0.023,0.866,0.993,2,0,4.507,2.467,493.000,207.000,544.000,312.000,22.650,1.670,-1.380,1.800,0.560,1.880,-0.828
6,9,8252.000,27.610,-4.400,0.018,-0.018,0.650,0.954,2,0,0.403,7.239,818.000,196.000,853.000,253.000,27.660,-4.450,-1.140,1.890,0.640,1.830,-0.839
7,10,8252.000,25.216,-0.559,0.013,-0.026,0.767,0.496,2,0,2.423,0.099,631.000,200.000,669.000,288.000,25.250,-0.610,-1.320,1.870,0.630,1.840,-0.690
8,11,8252.000,26.809,-2.700,0.014,-0.024,0.704,0.539,2,0,1.111,0.016,740.000,192.000,782.000,267.000,26.850,-2.750,-1.170,1.890,0.580,1.910,-0.753
9,12,8252.000,25.594,-5.781,0.016,-0.022,0.236,0.950,2,0,-1.327,4.938,905.000,202.000,933.000,272.000,25.620,-5.820,-1.250,0.670,0.850,1.520,-0.809
10,8,8253.000,22.617,1.691,0.004,-0.018,0.856,NaN,3,0,4.411,-1.327,496.000,207.000,546.000,311.000,NaN,NaN,NaN,NaN,NaN,NaN,NaN
11,9,8253.000,27.622,-4.482,0.011,-0.040,0.623,NaN,3,0,1.205,-1.325,821.000,197.000,855.000,258.000,NaN,NaN,NaN,NaN,NaN,NaN,NaN
12,10,8253.000,25.233,-0.585,0.013,-0.023,0.709,NaN,3,0,2.462,-1.312,635.000,202.000,669.000,286.000,NaN,NaN,NaN,NaN,NaN,NaN,NaN
13,11,8253.000,26.804,-2.780,0.006,-0.047,0.732,NaN,3,0,2.590,-1.210,741.000,191.000,782.000,262.000,NaN,NaN,NaN,NaN,NaN,NaN,NaN
14,12,8253.000,25.598,-5.899,0.009,-0.064,0.734,NaN,3,0,2.756,-1.319,915.000,199.000,940.000,286.000,NaN,NaN,NaN,NaN,NaN,NaN,NaN
15,8,8254.000,22.677,1.654,0.024,-0.027,0.820,1.000,4,0,3.717,2.467,498.000,207.000,549.000,307.000,22.690,1.650,-1.330,1.850,0.560,1.890,-0.839
16,9,8254.000,27.638,-4.498,0.012,-0.031,0.548,0.690,4,0,-0.136,0.367,824.000,196.000,855.000,256.000,27.630,-4.460,-1.160,0.860,0.610,1.770,-0.338
17,10,8254.000,25.291,-0.626,0.028,-0.026,0.754,0.999,4,0,2.266,3.500,637.000,203.000,671.000,289.000,25.340,-0.670,-1.300,1.920,0.600,2.000,-0.765
18,11,8254.000,26.892,-2.845,0.030,-0.057,0.790,0.013,4,0,1.992,-1.467,744.000,192.000,784.000,264.000,26.940,-2.900,-1.230,0.800,0.620,1.770,-0.490
19,12,8254.000,25.668,-5.945,0.031,-0.054,0.752,0.888,4,0,1.976,2.777,915.000,197.000,944.000,285.000,25.710,-5.910,-1.170,0.790,0.620,1.680,-0.641
20,8,8255.000,22.720,1.612,0.028,-0.032,0.856,0.992,5,0,4.247,2.467,499.000,208.000,550.000,310.000,22.730,1.610,-1.390,1.840,0.560,1.880,-0.884
21,9,8255.000,27.748,-4.557,0.037,-0.038,0.490,0.077,5,0,-0.484,-1.316,826.000,192.000,856.000,257.000,27.820,-4.560,-1.220,1.910,0.640,1.800,-0.700
22,10,8255.000,25.337,-0.683,0.033,-0.037,0.747,0.996,5,0,2.266,3.500,639.000,203.000,673.000,287.000,25.380,-0.710,-1.390,1.850,0.610,1.830,-0.739
23,11,8255.000,26.927,-2.892,0.031,-0.054,0.790,NaN,5,0,3.665,-1.214,746.000,192.000,784.000,265.000,NaN,NaN,NaN,NaN,NaN,NaN,NaN
24,12,8255.000,25.735,-6.023,0.047,-0.063,0.749,0.904,5,0,1.976,3.253,918.000,198.000,950.000,287.000,25.740,-6.030,-1.200,0.850,0.590,1.770,-1.562
25,8,8256.000,22.739,1.584,0.026,-0.031,0.847,NaN,6,0,4.491,-1.326,502.000,208.000,552.000,308.000,NaN,NaN,NaN,NaN,NaN,NaN,NaN
26,9,8256.000,27.785,-4.626,0.037,-0.047,0.455,NaN,6,0,-0.273,-1.323,829.000,197.000,856.000,252.000,NaN,NaN,NaN,NaN,NaN,NaN,NaN
27,10,8256.000,25.380,-0.763,0.038,-0.049,0.729,NaN,6,0,2.756,-1.318,641.000,201.000,684.000,285.000,NaN,NaN,NaN,NaN,NaN,NaN,NaN
28,11,8256.000,26.968,-2.926,0.033,-0.049,0.766,NaN,6,0,3.261,-1.229,747.000,192.000,785.000,261.000,NaN,NaN,NaN,NaN,NaN,NaN,NaN
29,12,8256.000,25.774,-6.148,0.043,-0.082,0.802,NaN,6,0,4.010,-1.325,921.000,198.000,959.000,285.000,NaN,NaN,NaN,NaN,NaN,NaN,NaN
30,8,8257.000,22.782,1.522,0.028,-0.040,0.793,0.993,7,0,3.311,2.467,505.000,209.000,554.000,308.000,22.820,1.500,-1.350,1.850,0.560,1.790,-0.905
31,9,8257.000,27.785,-4.627,0.026,-0.036,0.034,0.608,7,0,-3.259,0.096,832.000,189.000,866.000,262.000,27.760,-4.540,-1.170,0.880,0.550,1.760,-0.653
32,10,8257.000,25.463,-0.829,0.050,-0.054,0.706,0.999,7,0,1.516,4.938,645.000,200.000,684.000,283.000,25.500,-0.790,-1.370,1.800,0.580,1.800,-0.787
33,11,8257.000,27.051,-2.998,0.045,-0.056,0.803,0.043,7,0,2.108,-1.423,750.000,192.000,786.000,264.000,27.040,-3.030,-1.230,0.970,0.680,1.920,-0.938
34,12,8257.000,25.874,-6.193,0.057,-0.071,0.837,0.997,7,0,3.180,4.938,924.000,198.000,962.000,286.000,25.880,-6.130,-1.150,0.790,0.620,1.600,-0.451
35,8,8258.000,22.782,1.477,0.022,-0.042,0.625,0.951,8,0,1.412,2.467,506.000,209.000,555.000,306.000,22.770,1.480,-1.390,1.910,0.600,1.850,-0.865
36,9,8258.000,27.848,-4.654,0.034,-0.032,0.087,0.640,8,0,-2.533,0.170,831.000,191.000,875.000,275.000,27.900,-4.610,-1.340,0.900,0.530,1.750,-0.588
37,10,8258.000,25.494,-0.878,0.048,-0.053,0.727,0.994,8,0,2.069,3.500,646.000,202.000,689.000,282.000,25.480,-0.840,-1.360,1.790,0.600,1.820,-0.677
38,11,8258.000,27.146,-3.007,0.055,-0.044,0.757,0.023,8,0,1.766,-1.524,751.000,192.000,787.000,263.000,27.190,-2.950,-1.130,0.860,0.580,1.770,0.240
39,12,8258.000,25.934,-6.241,0.058,-0.068,0.867,0.992,8,0,4.225,4.938,925.000,200.000,963.000,287.000,25.900,-6.230,-1.230,0.960,0.560,1.820,-1.128
40,8,8259.000,22.803,1.471,0.022,-0.031,0.593,NaN,9,0,1.124,-1.323,509.000,209.000,556.000,295.000,NaN,NaN,NaN,NaN,NaN,NaN,NaN
41,9,8259.000,27.863,-4.724,0.028,-0.042,0.029,NaN,9,0,-2.793,-1.316,837.000,197.000,857.000,247.000,NaN,NaN,NaN,NaN,NaN,NaN,NaN
42,10,8259.000,25.546,-0.932,0.049,-0.051,0.751,NaN,9,0,2.906,-1.322,649.000,202.000,690.000,280.000,NaN,NaN,NaN,NaN,NaN,NaN,NaN
43,11,8259.000,27.199,-3.058,0.055,-0.046,0.773,NaN,9,0,3.261,-1.264,753.000,192.000,790.000,258.000,NaN,NaN,NaN,NaN,NaN,NaN,NaN
44,12,8259.000,25.985,-6.328,0.057,-0.073,0.838,NaN,9,0,4.474,-1.325,926.000,199.000,966.000,287.000,NaN,NaN,NaN,NaN,NaN,NaN,NaN
45,8,8260.000,22.807,1.460,0.016,-0.028,0.601,0.495,10,0,1.275,0.249,512.000,209.000,559.000,274.000,22.800,1.480,-1.380,1.810,0.500,1.890,-0.907
46,9,8260.000,27.878,-4.779,0.024,-0.046,0.061,NaN,10,0,-2.111,-1.299,840.000,196.000,858.000,268.000,NaN,NaN,NaN,NaN,NaN,NaN,NaN
47,10,8260.000,25.611,-0.958,0.053,-0.045,0.654,1.000,10,0,0.873,4.938,652.000,204.000,692.000,279.000,25.630,-0.920,-1.330,1.930,0.620,1.830,-0.766
48,11,8260.000,27.277,-3.090,0.060,-0.043,0.741,0.570,10,0,1.619,0.108,756.000,191.000,793.000,262.000,27.290,-3.070,-1.100,0.970,0.600,1.880,-1.006
49,12,8260.000,25.980,-6.345,0.044,-0.059,0.776,0.915,10,0,2.198,4.170,933.000,199.000,966.000,287.000,25.930,-6.250,-1.210,0.800,0.740,1.690,-1.381
50,8,8261.000,22.878,1.435,0.027,-0.027,0.671,0.542,11,0,1.773,0.450,515.000,211.000,561.000,273.000,22.940,1.440,-1.380,1.800,0.560,1.800,-0.785
51,9,8261.000,28.239,-4.961,0.083,-0.077,0.243,0.671,11,0,-1.636,0.272,843.000,191.000,883.000,277.000,28.390,-5.320,-1.070,1.850,0.570,1.780,-0.947
52,10,8261.000,25.693,-0.994,0.057,-0.043,0.775,0.999,11,0,2.198,4.938,653.000,203.000,692.000,278.000,25.720,-0.980,-1.330,1.860,0.600,1.860,-0.719
53,11,8261.000,27.321,-3.133,0.059,-0.044,0.751,0.169,11,0,1.698,-0.919,757.000,191.000,793.000,262.000,27.270,-3.120,-1.160,0.830,0.560,1.610,0.321
54,12,8261.000,26.005,-6.385,0.040,-0.055,0.796,0.939,11,0,2.415,4.938,934.000,199.000,966.000,286.000,25.980,-6.360,-1.220,0.940,0.570,1.830,-0.885
55,8,8262.000,22.911,1.414,0.029,-0.024,0.750,NaN,12,0,2.906,-1.320,518.000,207.000,562.000,268.000,NaN,NaN,NaN,NaN,NaN,NaN,NaN
56,9,8262.000,28.338,-4.978,0.095,-0.055,0.035,NaN,12,0,-2.299,-1.202,846.000,201.000,860.000,274.000,NaN,NaN,NaN,NaN,NaN,NaN,NaN
57,10,8262.000,25.751,-1.057,0.057,-0.047,0.742,NaN,12,0,2.746,-1.321,656.000,204.000,699.000,280.000,NaN,NaN,NaN,NaN,NaN,NaN,NaN
58,11,8262.000,27.378,-3.199,0.057,-0.051,0.765,NaN,12,0,3.077,-1.288,760.000,190.000,796.000,255.000,NaN,NaN,NaN,NaN,NaN,NaN,NaN
59,12,8262.000,26.042,-6.482,0.038,-0.063,0.770,NaN,12,0,3.422,-1.326,940.000,198.000,965.000,288.000,NaN,NaN,NaN,NaN,NaN,NaN,NaN
60,8,8263.000,22.938,1.383,0.027,-0.030,0.785,0.994,13,0,3.173,2.467,521.000,205.000,564.000,264.000,22.930,1.360,-1.360,1.920,0.540,1.760,-0.874
61,9,8263.000,28.439,-4.978,0.101,-0.035,0.070,NaN,13,0,-2.276,-1.205,847.000,202.000,857.000,235.000,NaN,NaN,NaN,NaN,NaN,NaN,NaN
62,10,8263.000,25.806,-1.083,0.055,-0.041,0.773,0.999,13,0,2.118,4.938,658.000,203.000,703.000,279.000,25.800,-1.060,-1.360,1.830,0.570,1.860,-0.768
63,11,8263.000,27.454,-3.250,0.060,-0.050,0.777,0.436,13,0,1.904,-0.317,762.000,190.000,796.000,255.000,27.470,-3.250,-1.080,0.840,0.580,1.630,-1.026
64,12,8263.000,26.048,-6.515,0.030,-0.055,0.789,0.914,13,0,2.294,4.170,942.000,196.000,973.000,287.000,26.010,-6.480,-1.220,0.830,0.700,1.790,-1.611
65,8,8264.000,23.016,1.300,0.036,-0.043,0.758,0.086,14,0,2.951,-0.928,524.000,208.000,565.000,263.000,23.080,1.210,-1.390,1.850,0.640,1.830,-0.857
66,9,8264.000,28.602,-5.068,0.104,-0.054,0.700,0.018,14,0,0.622,-1.600,864.000,192.000,895.000,258.000,28.550,-5.560,-1.100,1.940,0.570,1.880,-0.969
67,10,8264.000,25.878,-1.117,0.060,-0.039,0.653,0.934,14,0,0.873,4.914,661.000,203.000,703.000,278.000,25.890,-1.120,-1.300,1.830,0.650,1.790,-0.648
68,11,8264.000,27.633,-3.322,0.087,-0.057,0.778,0.007,14,0,1.633,-1.647,765.000,189.000,796.000,256.000,27.850,-3.360,-1.010,1.640,0.560,1.790,-0.771
69,12,8264.000,26.081,-6.572,0.032,-0.056,0.848,0.913,14,0,3.449,4.170,942.000,196.000,977.000,286.000,26.060,-6.580,-1.210,0.620,0.810,1.760,-1.316
70,8,8265.000,23.052,1.264,0.035,-0.042,0.765,NaN,15,0,2.844,-1.305,526.000,209.000,568.000,263.000,NaN,NaN,NaN,NaN,NaN,NaN,NaN
71,9,8265.000,28.697,-5.215,0.094,-0.089,0.751,NaN,15,0,2.906,-1.174,865.000,191.000,898.000,262.000,NaN,NaN,NaN,NaN,NaN,NaN,NaN
72,10,8265.000,25.945,-1.181,0.063,-0.046,0.767,NaN,15,0,3.261,-1.321,663.000,202.000,705.000,278.000,NaN,NaN,NaN,NaN,NaN,NaN,NaN
73,11,8265.000,27.719,-3.377,0.088,-0.057,0.727,NaN,15,0,2.590,-1.299,766.000,190.000,799.000,258.000,NaN,NaN,NaN,NaN,NaN,NaN,NaN
74,12,8265.000,26.107,-6.677,0.030,-0.068,0.864,NaN,15,0,4.491,-1.326,944.000,198.000,985.000,285.000,NaN,NaN,NaN,NaN,NaN,NaN,NaN
75,8,8266.000,23.091,1.230,0.035,-0.042,0.641,NaN,16,0,1.183,-1.300,528.000,207.000,570.000,261.000,NaN,NaN,NaN,NaN,NaN,NaN,NaN
76,9,8266.000,28.730,-5.333,0.080,-0.102,0.817,0.967,16,0,1.925,5.442,865.000,191.000,900.000,263.000,28.590,-5.640,-1.100,1.790,0.580,1.830,-0.973
77,10,8266.000,25.988,-1.210,0.058,-0.040,0.733,0.999,16,0,1.790,4.938,667.000,202.000,704.000,275.000,25.970,-1.170,-1.330,1.900,0.570,1.880,-0.768
78,11,8266.000,27.699,-3.421,0.065,-0.055,0.646,0.138,16,0,0.403,-1.110,770.000,190.000,802.000,255.000,27.570,-3.380,-1.170,1.940,0.660,1.860,-0.787
79,12,8266.000,26.098,-6.680,0.023,-0.053,0.839,0.981,16,0,3.180,4.938,944.000,198.000,985.000,285.000,26.050,-6.610,-1.210,0.920,0.560,1.820,-1.475
80,8,8267.000,23.130,1.201,0.036,-0.038,0.715,NaN,17,0,2.046,-1.295,528.000,207.000,573.000,260.000,NaN,NaN,NaN,NaN,NaN,NaN,NaN
81,9,8267.000,28.769,-5.472,0.069,-0.117,0.804,0.996,17,0,1.575,5.442,866.000,191.000,903.000,265.000,28.700,-5.700,-1.140,1.860,0.560,1.820,-0.978
82,10,8267.000,26.144,-1.310,0.079,-0.053,0.741,0.996,17,0,1.893,4.938,669.000,203.000,705.000,275.000,26.240,-1.410,-1.330,1.650,0.540,2.000,-0.782
83,11,8267.000,27.763,-3.493,0.065,-0.057,0.592,NaN,17,0,0.941,-1.303,773.000,190.000,804.000,259.000,NaN,NaN,NaN,NaN,NaN,NaN,NaN
84,12,8267.000,26.146,-6.749,0.026,-0.057,0.848,0.938,17,0,3.449,4.938,943.000,198.000,985.000,286.000,26.150,-6.780,-1.210,0.710,0.690,1.680,-1.417
85,8,8268.000,23.166,1.172,0.036,-0.035,0.589,NaN,18,0,0.491,-1.292,531.000,208.000,575.000,244.000,NaN,NaN,NaN,NaN,NaN,NaN,NaN
86,9,8268.000,28.800,-5.646,0.060,-0.136,0.802,NaN,18,0,3.866,-1.305,871.000,192.000,908.000,263.000,NaN,NaN,NaN,NaN,NaN,NaN,NaN
87,10,8268.000,26.235,-1.355,0.079,-0.049,0.416,NaN,18,0,-0.278,-1.324,673.000,207.000,707.000,274.000,NaN,NaN,NaN,NaN,NaN,NaN,NaN
88,11,8268.000,27.827,-3.549,0.064,-0.057,NaN,NaN,18,0,-2.771,-1.306,NaN,NaN,NaN,NaN,NaN,NaN,NaN,NaN,NaN,NaN,NaN
89,12,8268.000,26.166,-6.827,0.024,-0.063,0.773,NaN,18,0,3.422,-1.327,950.000,198.000,987.000,284.000,NaN,NaN,NaN,NaN,NaN,NaN,NaN
90,8,8269.000,23.322,1.165,0.055,-0.030,NaN,0.007,19,0,-2.756,-1.370,519.000,202.000,583.000,305.000,23.360,1.200,-1.330,1.650,0.600,1.690,-0.287
91,9,8269.000,28.817,-5.809,0.051,-0.143,0.814,0.156,19,0,1.726,-1.158,875.000,192.000,911.000,263.000,28.800,-5.880,-1.100,1.720,0.570,1.760,-1.152
92,10,8269.000,26.243,-1.378,0.064,-0.045,0.673,1.000,19,0,1.024,4.938,676.000,202.000,714.000,284.000,26.190,-1.360,-1.320,1.830,0.620,1.810,-0.852
93,11,8269.000,27.901,-3.614,0.066,-0.058,0.746,0.088,19,0,1.436,-1.256,779.000,185.000,814.000,256.000,27.920,-3.620,-1.120,1.870,0.560,1.950,-0.748
94,12,8269.000,26.194,-6.897,0.024,-0.066,0.758,0.968,19,0,2.048,4.938,960.000,197.000,990.000,285.000,26.210,-6.920,-1.190,0.830,0.530,1.740,-1.226
95,8,8270.000,23.365,1.199,0.050,-0.017,0.259,NaN,20,0,-1.455,-1.288,536.000,207.000,565.000,225.000,NaN,NaN,NaN,NaN,NaN,NaN,NaN
96,9,8270.000,28.864,-5.965,0.049,-0.146,0.700,0.979,20,0,0.622,5.442,877.000,192.000,911.000,263.000,28.910,-6.010,-1.100,2.030,0.590,1.870,-0.962
97,10,8270.000,26.265,-1.409,0.055,-0.043,0.025,0.998,20,0,-3.008,4.938,668.000,210.000,716.000,266.000,26.210,-1.400,-1.360,1.730,0.570,1.810,-0.780
98,11,8270.000,28.000,-3.692,0.073,-0.062,0.735,0.918,20,0,1.358,7.239,783.000,184.000,816.000,256.000,28.030,-3.710,-1.140,1.970,0.560,1.840,-0.896
99,12,8270.000,26.246,-6.972,0.029,-0.071,0.767,0.929,20,0,2.118,4.914,965.000,197.000,992.000,284.000,26.300,-6.980,-1.160,0.750,0.570,1.860,2.123
100,8,8271.000,23.417,1.180,0.052,-0.018,NaN,NaN,21,0,-2.583,-1.291,NaN,NaN,NaN,NaN,NaN,NaN,NaN,NaN,NaN,NaN,NaN
101,9,8271.000,28.929,-6.081,0.049,-0.137,0.723,NaN,21,0,2.434,-1.318,883.000,192.000,913.000,266.000,NaN,NaN,NaN,NaN,NaN,NaN,NaN
102,10,8271.000,26.320,-1.451,0.055,-0.042,NaN,NaN,21,0,-2.650,-1.325,NaN,NaN,NaN,NaN,NaN,NaN,NaN,NaN,NaN,NaN,NaN
103,11,8271.000,28.069,-3.792,0.072,-0.070,0.683,NaN,21,0,1.846,-1.312,786.000,184.000,819.000,257.000,NaN,NaN,NaN,NaN,NaN,NaN,NaN
104,12,8271.000,26.254,-7.119,0.023,-0.088,0.821,NaN,21,0,4.311,-1.327,967.000,196.000,1002.000,285.000,NaN,NaN,NaN,NaN,NaN,NaN,NaN
105,8,8272.000,23.469,1.163,0.052,-0.017,NaN,NaN,22,0,-2.579,-1.290,NaN,NaN,NaN,NaN,NaN,NaN,NaN,NaN,NaN,NaN,NaN
106,9,8272.000,29.004,-6.203,0.055,-0.133,0.475,0.996,22,0,-0.732,5.442,888.000,192.000,927.000,265.000,29.050,-6.160,-1.160,1.920,0.610,1.830,-0.906
107,10,8272.000,26.377,-1.534,0.056,-0.053,NaN,1.000,22,0,-3.124,4.938,654.000,196.000,747.000,292.000,26.380,-1.580,-1.260,1.910,0.630,1.790,-0.880
108,11,8272.000,28.122,-3.863,0.070,-0.070,0.617,0.644,22,0,0.236,0.170,787.000,187.000,823.000,245.000,28.120,-3.860,-1.090,1.990,0.620,1.880,-0.942
109,12,8272.000,26.342,-7.177,0.038,-0.080,0.782,0.937,22,0,2.198,4.938,971.000,197.000,1009.000,285.000,26.420,-7.100,-1.220,0.850,0.580,1.760,-1.045
110,8,8273.000,23.520,1.147,0.051,-0.016,NaN,NaN,23,0,-2.578,-1.289,NaN,NaN,NaN,NaN,NaN,NaN,NaN,NaN,NaN,NaN,NaN
111,9,8273.000,29.086,-6.324,0.063,-0.128,0.495,1.000,23,0,-0.684,5.442,890.000,192.000,929.000,277.000,29.130,-6.310,-1.130,1.940,0.600,1.810,-0.923
112,10,8273.000,26.444,-1.639,0.059,-0.063,NaN,0.999,23,0,-3.126,4.938,659.000,199.000,751.000,292.000,26.440,-1.680,-1.290,1.920,0.580,1.760,-0.888
113,11,8273.000,28.200,-3.932,0.073,-0.070,NaN,0.974,23,0,-3.351,7.239,768.000,190.000,845.000,282.000,28.230,-3.930,-1.150,1.840,0.540,1.840,-0.808
114,12,8273.000,26.425,-7.258,0.046,-0.077,0.781,0.984,23,0,2.198,4.938,973.000,197.000,1009.000,284.000,26.480,-7.250,-1.200,1.050,0.590,1.930,-0.949
115,8,8274.000,23.572,1.130,0.051,-0.017,NaN,NaN,24,0,-2.575,-1.288,NaN,NaN,NaN,NaN,NaN,NaN,NaN,NaN,NaN,NaN,NaN
116,9,8274.000,29.137,-6.504,0.062,-0.140,0.041,NaN,24,0,-2.659,-1.306,901.000,192.000,942.000,251.000,NaN,NaN,NaN,NaN,NaN,NaN,NaN
117,10,8274.000,26.502,-1.703,0.059,-0.064,NaN,NaN,24,0,-2.653,-1.326,NaN,NaN,NaN,NaN,NaN,NaN,NaN,NaN,NaN,NaN,NaN
118,11,8274.000,28.274,-4.002,0.074,-0.070,NaN,NaN,24,0,-2.637,-1.318,NaN,NaN,NaN,NaN,NaN,NaN,NaN,NaN,NaN,NaN,NaN
119,12,8274.000,26.463,-7.375,0.043,-0.087,0.780,NaN,24,0,3.620,-1.327,975.000,198.000,1011.000,285.000,NaN,NaN,NaN,NaN,NaN,NaN,NaN
120,8,8275.000,23.623,1.112,0.051,-0.019,NaN,NaN,25,0,-2.572,-1.286,NaN,NaN,NaN,NaN,NaN,NaN,NaN,NaN,NaN,NaN,NaN
121,9,8275.000,29.224,-6.563,0.071,-0.119,0.798,1.000,25,0,1.575,5.442,898.000,192.000,934.000,232.000,29.260,-6.440,-1.160,2.020,0.600,1.880,-0.974
122,10,8275.000,26.559,-1.780,0.056,-0.067,NaN,1.000,25,0,-3.248,6.369,665.000,198.000,755.000,296.000,26.540,-1.780,-1.320,1.880,0.560,1.860,-0.875
123,11,8275.000,28.319,-4.063,0.070,-0.067,NaN,0.979,25,0,-3.359,7.239,771.000,189.000,852.000,281.000,28.280,-4.050,-1.130,1.810,0.530,1.860,-0.935
124,12,8275.000,26.502,-7.411,0.043,-0.076,0.734,0.997,25,0,1.520,6.369,978.000,197.000,1006.000,262.000,26.510,-7.300,-1.200,0.890,0.570,1.880,-0.745
125,8,8276.000,23.774,0.844,0.063,-0.055,NaN,0.506,26,0,-2.828,0.235,527.000,201.000,624.000,309.000,23.810,0.790,-1.370,1.830,0.590,1.810,-0.746
126,9,8276.000,29.354,-6.681,0.084,-0.118,0.765,0.997,26,0,1.256,5.442,902.000,191.000,937.000,230.000,29.460,-6.700,-1.140,1.800,0.530,1.840,-0.851
127,10,8276.000,26.637,-1.833,0.062,-0.062,NaN,1.000,26,0,-3.248,6.369,665.000,196.000,758.000,290.000,26.650,-1.810,-1.250,1.910,0.630,1.790,-0.895
128,11,8276.000,28.443,-4.167,0.082,-0.075,0.007,1.000,26,0,-3.488,5.442,805.000,193.000,831.000,229.000,28.510,-4.220,-1.170,1.920,0.560,1.870,-0.836
129,12,8276.000,26.568,-7.473,0.046,-0.074,0.402,0.951,26,0,-0.857,6.369,983.000,196.000,1008.000,234.000,26.590,-7.430,-1.210,1.040,0.510,1.860,-0.890
130,8,8277.000,23.841,0.825,0.065,-0.048,0.207,NaN,27,0,-1.527,-1.268,548.000,206.000,599.000,246.000,NaN,NaN,NaN,NaN,NaN,NaN,NaN
131,9,8277.000,29.438,-6.794,0.082,-0.116,0.655,NaN,27,0,1.114,-1.325,913.000,192.000,941.000,230.000,NaN,NaN,NaN,NaN,NaN,NaN,NaN
132,10,8277.000,26.704,-1.916,0.063,-0.068,0.392,NaN,27,0,-0.804,-1.327,702.000,201.000,734.000,236.000,NaN,NaN,NaN,NaN,NaN,NaN,NaN
133,11,8277.000,28.526,-4.242,0.083,-0.076,NaN,NaN,27,0,-2.637,-1.318,NaN,NaN,NaN,NaN,NaN,NaN,NaN,NaN,NaN,NaN,NaN
134,12,8277.000,26.627,-7.506,0.050,-0.065,0.142,NaN,27,0,-1.095,-1.327,942.000,291.000,1022.000,427.000,NaN,NaN,NaN,NaN,NaN,NaN,NaN
135,8,8278.000,23.847,0.792,0.055,-0.044,0.817,0.999,28,0,3.391,2.843,551.000,205.000,599.000,254.000,23.790,0.800,-1.260,2.020,0.580,1.800,-0.912
136,9,8278.000,29.547,-6.883,0.089,-0.109,0.550,0.991,28,0,-0.600,5.979,914.000,190.000,946.000,232.000,29.580,-6.790,-1.100,2.000,0.630,1.910,-0.860
137,10,8278.000,26.736,-1.966,0.057,-0.063,NaN,1.000,28,0,-3.248,6.369,669.000,196.000,764.000,290.000,26.710,-1.930,-1.250,1.980,0.610,1.800,-0.900
138,11,8278.000,28.629,-4.339,0.091,-0.078,0.013,0.999,28,0,-3.490,5.442,816.000,194.000,840.000,235.000,28.630,-4.370,-1.190,1.910,0.570,1.940,-0.862
139,12,8278.000,26.669,-7.548,0.049,-0.060,0.025,0.688,28,0,-3.203,0.490,970.000,194.000,990.000,227.000,26.650,-7.510,-1.130,0.700,0.750,1.790,-0.719
140,8,8279.000,23.898,0.743,0.052,-0.043,0.089,0.914,29,0,-1.888,2.843,550.000,206.000,600.000,279.000,23.890,0.720,-1.280,1.920,0.560,1.790,-0.751
141,9,8279.000,29.646,-6.988,0.092,-0.106,0.762,0.999,29,0,1.026,5.979,915.000,190.000,948.000,234.000,29.670,-6.970,-1.160,1.890,0.590,1.930,-0.912
142,10,8279.000,26.785,-2.033,0.056,-0.064,0.082,0.999,29,0,-2.473,6.369,706.000,200.000,738.000,245.000,26.780,-2.030,-1.290,1.860,0.560,1.820,-0.961
143,11,8279.000,28.727,-4.472,0.095,-0.090,0.068,0.356,29,0,-2.905,-0.678,818.000,192.000,842.000,237.000,28.710,-4.560,-1.250,1.980,0.610,1.960,-0.793
144,12,8279.000,26.719,-7.612,0.050,-0.061,0.010,0.991,29,0,-3.235,6.369,989.000,197.000,1013.000,233.000,26.700,-7.630,-1.160,1.030,0.480,1.870,2.010
145,8,8280.000,23.953,0.722,0.053,-0.037,0.174,NaN,30,0,-1.385,-1.273,555.000,206.000,602.000,280.000,NaN,NaN,NaN,NaN,NaN,NaN,NaN
146,9,8280.000,29.743,-7.089,0.094,-0.105,0.821,NaN,30,0,3.993,-1.327,919.000,190.000,954.000,238.000,NaN,NaN,NaN,NaN,NaN,NaN,NaN
147,10,8280.000,26.828,-2.132,0.056,-0.075,0.723,NaN,30,0,2.206,-1.326,709.000,200.000,749.000,253.000,NaN,NaN,NaN,NaN,NaN,NaN,NaN
148,11,8280.000,28.822,-4.562,0.095,-0.090,NaN,NaN,30,0,-2.642,-1.321,NaN,NaN,NaN,NaN,NaN,NaN,NaN,NaN,NaN,NaN,NaN
149,12,8280.000,26.944,-7.351,0.101,-0.001,0.187,NaN,30,0,-1.693,-1.327,971.000,195.000,984.000,222.000,NaN,NaN,NaN,NaN,NaN,NaN,NaN
150,8,8281.000,23.975,0.673,0.045,-0.039,0.116,0.950,31,0,-1.705,2.843,559.000,205.000,605.000,280.000,23.950,0.660,-1.320,1.960,0.600,1.820,-0.884
151,9,8281.000,29.795,-7.163,0.085,-0.097,0.668,0.999,31,0,0.089,5.979,923.000,190.000,962.000,233.000,29.760,-7.110,-1.110,1.950,0.590,1.910,-0.889
152,10,8281.000,26.871,-2.179,0.052,-0.067,0.786,0.977,31,0,1.992,6.369,713.000,201.000,748.000,267.000,26.850,-2.120,-1.270,1.940,0.620,1.870,-0.903
153,11,8281.000,28.851,-4.610,0.079,-0.083,0.476,0.992,31,0,-0.744,5.442,827.000,189.000,853.000,249.000,28.800,-4.580,-1.080,1.890,0.610,1.800,-0.880
154,12,8281.000,26.993,-7.373,0.089,-0.011,NaN,0.999,31,0,-3.249,6.369,978.000,194.000,1035.000,287.000,26.780,-7.750,-1.180,0.940,0.500,1.800,-1.117
155,8,8282.000,24.032,0.617,0.048,-0.044,0.080,0.633,32,0,-1.983,0.618,560.000,205.000,609.000,280.000,24.040,0.600,-1.340,1.860,0.560,1.790,-0.788
156,9,8282.000,29.919,-7.275,0.092,-0.099,0.785,1.000,32,0,1.158,5.979,926.000,190.000,963.000,249.000,29.960,-7.320,-1.160,1.980,0.610,1.930,-0.885
157,10,8282.000,26.935,-2.216,0.055,-0.058,0.768,0.999,32,0,1.832,6.369,715.000,202.000,747.000,269.000,26.940,-2.170,-1.340,1.940,0.600,1.830,-0.951
158,11,8282.000,28.867,-4.649,0.065,-0.073,NaN,0.051,32,0,-3.509,-1.595,810.000,197.000,859.000,283.000,28.790,-4.610,-1.250,0.800,0.620,1.800,2.275
159,12,8282.000,26.956,-7.429,0.062,-0.033,0.007,0.992,32,0,-3.235,6.369,1000.000,199.000,1023.000,245.000,26.780,-7.790,-1.160,1.040,0.510,1.910,2.257
160,8,8283.000,24.083,0.593,0.049,-0.038,0.056,NaN,33,0,-2.077,-1.278,563.000,207.000,609.000,276.000,NaN,NaN,NaN,NaN,NaN,NaN,NaN
161,9,8283.000,30.004,-7.390,0.090,-0.103,0.781,NaN,33,0,3.460,-1.327,930.000,190.000,969.000,257.000,NaN,NaN,NaN,NaN,NaN,NaN,NaN
162,10,8283.000,26.981,-2.299,0.054,-0.066,0.769,NaN,33,0,3.261,-1.325,719.000,201.000,751.000,267.000,NaN,NaN,NaN,NaN,NaN,NaN,NaN
163,11,8283.000,28.915,-4.856,0.062,-0.103,0.434,NaN,33,0,-0.217,-1.322,837.000,188.000,857.000,263.000,NaN,NaN,NaN,NaN,NaN,NaN,NaN
164,12,8283.000,27.085,-7.347,0.083,0.008,0.340,NaN,33,0,-1.064,-1.327,970.000,193.000,985.000,221.000,NaN,NaN,NaN,NaN,NaN,NaN,NaN
165,8,8284.000,24.138,0.564,0.050,-0.034,0.495,0.910,34,0,0.323,2.843,566.000,205.000,610.000,275.000,24.140,0.590,-1.330,1.880,0.600,1.950,-0.677
166,9,8284.000,30.065,-7.422,0.085,-0.087,0.721,1.000,34,0,0.661,5.979,935.000,189.000,971.000,264.000,30.070,-7.310,-1.110,2.030,0.600,1.970,-0.885
167,10,8284.000,27.023,-2.346,0.053,-0.059,0.753,0.995,34,0,1.698,6.369,724.000,200.000,755.000,267.000,27.030,-2.310,-1.320,1.860,0.630,1.790,-0.981
168,11,8284.000,28.965,-4.914,0.060,-0.090,NaN,0.433,34,0,-3.465,-0.552,814.000,194.000,868.000,281.000,28.970,-4.780,-1.200,0.990,0.550,1.810,0.692
169,12,8284.000,27.124,-7.421,0.076,-0.019,0.609,0.984,34,0,0.424,6.369,1005.000,195.000,1028.000,261.000,26.950,-7.940,-1.200,0.900,0.710,1.700,-0.508
170,8,8285.000,24.215,0.506,0.055,-0.040,0.107,0.993,35,0,-1.786,2.843,567.000,206.000,614.000,279.000,24.230,0.480,-1.320,1.970,0.560,1.890,-0.818
171,9,8285.000,30.191,-7.538,0.092,-0.090,0.688,1.000,35,0,0.266,5.979,937.000,191.000,973.000,262.000,30.230,-7.610,-1.110,1.950,0.610,1.900,-0.925
172,10,8285.000,27.055,-2.393,0.049,-0.056,0.739,0.808,35,0,1.619,1.129,726.000,200.000,757.000,267.000,27.060,-2.370,-1.270,1.820,0.600,1.780,-1.044
173,11,8285.000,29.086,-5.098,0.070,-0.114,NaN,0.010,35,0,-3.432,-1.710,840.000,188.000,886.000,272.000,29.120,-5.290,-1.040,0.690,0.650,1.770,0.770
174,12,8285.000,27.222,-7.563,0.086,-0.062,0.764,0.955,35,0,1.766,6.369,1004.000,196.000,1037.000,281.000,27.120,-8.100,-1.190,0.820,0.850,1.670,-0.653
175,8,8286.000,24.271,0.484,0.056,-0.034,0.505,NaN,36,0,0.239,-1.298,570.000,204.000,615.000,275.000,NaN,NaN,NaN,NaN,NaN,NaN,NaN
176,9,8286.000,30.270,-7.668,0.088,-0.100,0.565,NaN,36,0,0.787,-1.327,942.000,192.000,978.000,254.000,NaN,NaN,NaN,NaN,NaN,NaN,NaN
177,10,8286.000,27.111,-2.509,0.053,-0.068,0.778,NaN,36,0,3.460,-1.319,729.000,200.000,766.000,267.000,NaN,NaN,NaN,NaN,NaN,NaN,NaN
178,11,8286.000,29.157,-5.210,0.071,-0.112,NaN,NaN,36,0,-0.063,-1.185,NaN,NaN,NaN,NaN,NaN,NaN,NaN,NaN,NaN,NaN,NaN
179,12,8286.000,27.348,-7.434,0.090,-0.002,0.070,NaN,36,0,-2.275,-1.327,968.000,192.000,986.000,233.000,NaN,NaN,NaN,NaN,NaN,NaN,NaN
180,8,8287.000,24.324,0.440,0.055,-0.037,0.570,0.979,37,0,0.873,2.843,573.000,205.000,618.000,273.000,24.320,0.420,-1.330,1.810,0.590,1.930,-0.790
181,9,8287.000,30.387,-7.742,0.094,-0.095,0.600,1.000,37,0,-0.306,5.979,947.000,191.000,984.000,252.000,30.420,-7.700,-1.120,1.990,0.640,1.920,-0.912
182,10,8287.000,27.196,-2.613,0.061,-0.079,0.746,0.559,37,0,1.698,0.079,734.000,199.000,770.000,270.000,27.220,-2.670,-1.290,1.780,0.660,1.720,-1.010
183,11,8287.000,29.227,-5.512,0.073,-0.158,0.054,NaN,37,0,-2.240,-1.166,865.000,186.000,880.000,233.000,NaN,NaN,NaN,NaN,NaN,NaN,NaN
184,12,8287.000,27.420,-7.613,0.097,-0.059,0.810,0.901,37,0,2.259,3.230,1009.000,196.000,1046.000,281.000,27.160,-8.230,-1.210,0.910,0.570,1.790,-0.724
185,8,8288.000,24.389,0.406,0.056,-0.036,0.659,1.000,38,0,1.438,2.843,575.000,206.000,622.000,282.000,24.400,0.400,-1.330,1.850,0.580,1.890,-0.653
186,9,8288.000,30.522,-7.876,0.103,-0.104,0.730,1.000,38,0,0.553,6.654,949.000,191.000,985.000,261.000,30.580,-7.910,-1.130,1.930,0.600,1.900,-0.834
187,10,8288.000,27.277,-2.717,0.066,-0.089,0.792,0.896,38,0,1.992,3.230,737.000,199.000,771.000,272.000,27.310,-2.760,-1.260,1.930,0.620,1.810,-0.921
188,11,8288.000,29.473,-5.675,0.100,-0.156,0.032,0.090,38,0,-3.512,-1.429,851.000,186.000,885.000,262.000,29.600,-5.530,-1.090,0.720,0.680,1.700,-0.285
189,12,8288.000,27.586,-7.822,0.109,-0.102,0.804,0.992,38,0,2.108,6.369,1009.000,196.000,1048.000,281.000,27.270,-8.340,-1.260,1.040,0.620,1.800,-0.571
190,8,8289.000,24.447,0.374,0.057,-0.036,0.694,NaN,39,0,1.982,-1.307,577.000,206.000,624.000,283.000,NaN,NaN,NaN,NaN,NaN,NaN,NaN
191,9,8289.000,30.608,-8.050,0.099,-0.119,0.712,NaN,39,0,2.280,-1.327,954.000,191.000,992.000,257.000,NaN,NaN,NaN,NaN,NaN,NaN,NaN
192,10,8289.000,27.345,-2.817,0.064,-0.091,0.780,NaN,39,0,3.460,-1.206,741.000,200.000,778.000,271.000,NaN,NaN,NaN,NaN,NaN,NaN,NaN
193,11,8289.000,29.579,-5.768,0.102,-0.140,0.631,NaN,39,0,1.305,-1.312,865.000,185.000,888.000,257.000,NaN,NaN,NaN,NaN,NaN,NaN,NaN
194,12,8289.000,27.694,-7.924,0.108,-0.102,NaN,NaN,39,0,-0.224,-1.327,NaN,NaN,NaN,NaN,NaN,NaN,NaN,NaN,NaN,NaN,NaN
195,8,8290.000,24.550,0.313,0.069,-0.045,0.822,0.996,40,0,3.064,3.500,580.000,206.000,627.000,285.000,24.580,0.270,-1.380,1.910,0.520,1.820,-0.797
196,9,8290.000,30.713,-8.149,0.101,-0.114,0.709,0.936,40,0,0.297,6.654,960.000,190.000,992.000,253.000,30.730,-8.090,-1.120,1.880,0.600,1.970,-0.859
197,10,8290.000,27.410,-2.895,0.066,-0.088,0.814,0.176,40,0,2.259,-0.833,746.000,200.000,782.000,271.000,27.430,-2.880,-1.330,1.970,0.550,1.760,-0.845
198,11,8290.000,29.678,-5.857,0.106,-0.127,0.784,0.019,40,0,1.158,-1.803,865.000,185.000,892.000,263.000,29.720,-5.660,-1.010,0.800,0.500,1.880,-1.268
199,12,8290.000,27.688,-8.062,0.071,-0.120,0.841,0.999,40,0,2.927,6.369,1014.000,198.000,1050.000,281.000,27.310,-8.390,-1.180,1.030,0.700,1.750,-0.694
200,8,8291.000,24.634,0.251,0.075,-0.050,0.786,0.995,41,0,2.620,3.500,583.000,203.000,629.000,289.000,24.660,0.230,-1.340,1.870,0.570,2.050,-0.662
201,9,8291.000,30.874,-8.307,0.110,-0.123,0.675,0.971,41,0,-0.132,6.654,961.000,190.000,994.000,257.000,30.950,-8.360,-1.160,1.910,0.610,1.940,-0.767
202,10,8291.000,27.474,-2.991,0.065,-0.090,0.816,NaN,41,0,4.217,-1.214,748.000,200.000,784.000,270.000,NaN,NaN,NaN,NaN,NaN,NaN,NaN
203,11,8291.000,29.785,-5.985,0.106,-0.128,NaN,NaN,41,0,-1.902,-1.316,NaN,NaN,NaN,NaN,NaN,NaN,NaN,NaN,NaN,NaN,NaN
204,12,8291.000,27.645,-8.218,0.045,-0.139,0.817,0.992,41,0,2.448,6.369,1015.000,195.000,1051.000,280.000,27.410,-8.450,-1.200,0.860,0.580,1.790,-0.680
205,8,8292.000,24.707,0.217,0.075,-0.046,0.781,NaN,42,0,3.620,-1.316,585.000,205.000,631.000,286.000,NaN,NaN,NaN,NaN,NaN,NaN,NaN
206,9,8292.000,30.975,-8.442,0.109,-0.126,0.698,NaN,42,0,2.128,-1.327,967.000,190.000,998.000,254.000,NaN,NaN,NaN,NaN,NaN,NaN,NaN
207,10,8292.000,27.538,-3.093,0.064,-0.092,0.597,NaN,42,0,1.024,-1.251,755.000,200.000,786.000,270.000,NaN,NaN,NaN,NaN,NaN,NaN,NaN
208,11,8292.000,29.921,-6.057,0.114,-0.113,0.787,NaN,42,0,3.665,-1.319,872.000,185.000,901.000,261.000,NaN,NaN,NaN,NaN,NaN,NaN,NaN
209,12,8292.000,27.778,-8.515,0.056,-0.180,0.812,NaN,42,0,4.175,-1.327,1020.000,195.000,1050.000,280.000,NaN,NaN,NaN,NaN,NaN,NaN,NaN
210,8,8293.000,24.745,0.174,0.067,-0.045,0.792,0.233,43,0,2.620,-0.621,589.000,205.000,635.000,287.000,24.720,0.170,-1.330,1.870,0.620,1.810,-0.671
211,9,8293.000,31.075,-8.551,0.110,-0.123,0.615,0.995,43,0,-0.439,6.654,971.000,189.000,1003.000,262.000,31.090,-8.510,-1.210,2.020,0.580,1.940,-0.764
212,10,8293.000,27.623,-3.177,0.069,-0.091,0.783,0.976,43,0,1.633,7.239,758.000,200.000,793.000,270.000,27.660,-3.160,-1.260,1.890,0.610,1.800,-1.028
213,11,8293.000,30.004,-6.133,0.109,-0.106,0.769,0.985,43,0,1.091,5.979,877.000,184.000,905.000,261.000,29.990,-6.050,-1.080,1.940,0.580,1.840,-0.931
214,12,8293.000,27.720,-8.607,0.032,-0.166,0.777,0.994,43,0,1.904,6.369,1023.000,191.000,1051.000,278.000,27.490,-8.580,-1.200,0.700,0.740,1.560,-0.604
215,8,8294.000,24.843,0.127,0.074,-0.046,0.754,0.999,44,0,2.266,3.500,590.000,205.000,637.000,280.000,24.880,0.090,-1.350,1.750,0.570,1.930,-0.606
216,9,8294.000,31.226,-8.690,0.119,-0.124,0.506,0.976,44,0,-1.078,6.654,974.000,188.000,1004.000,245.000,31.320,-8.730,-1.170,1.960,0.600,1.850,-0.746
217,10,8294.000,27.750,-3.297,0.080,-0.096,0.746,0.896,44,0,1.436,3.134,760.000,200.000,793.000,269.000,27.820,-3.350,-1.220,1.880,0.580,1.770,-0.904
218,11,8294.000,30.099,-6.181,0.106,-0.093,0.808,0.648,44,0,1.493,-0.021,879.000,184.000,909.000,258.000,30.090,-6.080,-1.040,0.880,0.590,1.940,-0.748
219,12,8294.000,27.662,-8.693,0.018,-0.157,0.799,0.594,44,0,1.827,0.050,1024.000,190.000,1052.000,277.000,27.530,-8.670,-1.240,0.740,0.710,1.680,-0.485
220,8,8295.000,24.921,0.086,0.074,-0.045,0.762,NaN,45,0,3.077,-1.321,594.000,207.000,639.000,270.000,NaN,NaN,NaN,NaN,NaN,NaN,NaN
221,9,8295.000,31.345,-8.814,0.118,-0.124,NaN,NaN,45,0,-2.654,-1.327,NaN,NaN,NaN,NaN,NaN,NaN,NaN,NaN,NaN,NaN,NaN
222,10,8295.000,27.830,-3.360,0.081,-0.088,0.780,NaN,45,0,3.460,-1.298,766.000,200.000,793.000,269.000,NaN,NaN,NaN,NaN,NaN,NaN,NaN
223,11,8295.000,30.205,-6.280,0.106,-0.093,0.771,NaN,45,0,3.261,-1.321,883.000,185.000,911.000,257.000,NaN,NaN,NaN,NaN,NaN,NaN,NaN
224,12,8295.000,27.674,-8.843,0.019,-0.155,0.777,NaN,45,0,3.620,-1.327,1025.000,190.000,1061.000,279.000,NaN,NaN,NaN,NaN,NaN,NaN,NaN
225,8,8296.000,25.024,0.005,0.078,-0.055,0.819,0.995,46,0,3.064,3.500,598.000,204.000,642.000,272.000,25.050,-0.030,-1.400,1.750,0.560,1.940,-0.684
226,9,8296.000,31.467,-8.899,0.121,-0.116,0.537,0.997,46,0,-0.908,6.654,982.000,192.000,1014.000,263.000,31.470,-8.860,-1.160,2.050,0.670,1.860,-0.752
227,10,8296.000,27.929,-3.452,0.084,-0.088,0.648,0.397,46,0,0.403,-0.516,771.000,200.000,796.000,267.000,27.950,-3.460,-1.260,1.860,0.580,1.830,-0.927
228,11,8296.000,30.314,-6.371,0.105,-0.092,0.609,0.985,46,0,-0.261,5.979,888.000,187.000,910.000,251.000,30.330,-6.370,-1.060,1.870,0.600,1.790,-0.907
229,12,8296.000,27.620,-8.890,0.012,-0.135,0.686,0.693,46,0,0.735,0.367,1029.000,196.000,1059.000,279.000,27.600,-8.740,-1.130,0.720,0.650,1.650,-0.777
230,8,8297.000,25.037,-0.056,0.065,-0.055,0.800,0.330,47,0,2.748,-0.384,600.000,203.000,644.000,271.000,24.980,-0.040,-1.390,1.900,0.630,1.880,-0.579
231,9,8297.000,31.562,-9.012,0.116,-0.115,0.547,0.455,47,0,-1.067,-0.754,983.000,193.000,1018.000,253.000,31.510,-9.010,-1.180,0.960,0.620,1.840,-0.994
232,10,8297.000,27.990,-3.535,0.080,-0.088,0.699,0.995,47,0,0.863,7.239,774.000,200.000,800.000,269.000,27.980,-3.550,-1.200,1.740,0.590,1.790,-1.005
233,11,8297.000,30.379,-6.487,0.098,-0.097,0.713,0.936,47,0,0.526,5.979,891.000,187.000,919.000,255.000,30.320,-6.540,-1.160,1.870,0.670,1.780,-0.914
234,12,8297.000,27.655,-8.996,0.022,-0.130,0.691,0.947,47,0,0.735,7.239,1029.000,197.000,1061.000,279.000,27.700,-8.910,-1.190,0.730,0.650,1.620,-0.831
235,8,8298.000,25.105,-0.106,0.066,-0.055,0.739,NaN,48,0,2.746,-1.316,605.000,203.000,647.000,277.000,NaN,NaN,NaN,NaN,NaN,NaN,NaN
236,9,8298.000,31.674,-9.158,0.117,-0.120,0.603,NaN,48,0,1.024,-1.327,989.000,191.000,1023.000,254.000,NaN,NaN,NaN,NaN,NaN,NaN,NaN
237,10,8298.000,28.073,-3.608,0.081,-0.085,0.533,NaN,48,0,0.468,-1.306,779.000,199.000,803.000,264.000,NaN,NaN,NaN,NaN,NaN,NaN,NaN
238,11,8298.000,30.470,-6.607,0.097,-0.102,0.694,NaN,48,0,1.982,-1.295,895.000,186.000,926.000,255.000,NaN,NaN,NaN,NaN,NaN,NaN,NaN
239,12,8298.000,27.701,-9.024,0.029,-0.102,0.730,NaN,48,0,2.756,-1.323,1031.000,197.000,1063.000,280.000,NaN,NaN,NaN,NaN,NaN,NaN,NaN
240,8,8299.000,25.254,-0.210,0.084,-0.066,0.757,0.965,49,0,2.344,3.500,610.000,204.000,652.000,268.000,25.350,-0.290,-1.360,1.740,0.600,1.880,-0.611
241,9,8299.000,31.843,-9.293,0.127,-0.122,0.633,0.979,49,0,-0.604,2.487,995.000,193.000,1027.000,253.000,31.910,-9.330,-1.120,1.840,0.580,1.790,-0.873
242,10,8299.000,28.175,-3.715,0.083,-0.090,0.189,0.719,49,0,-1.942,0.571,782.000,200.000,808.000,257.000,28.190,-3.750,-1.360,1.830,0.660,1.810,-0.897
243,11,8299.000,30.502,-6.703,0.086,-0.102,0.741,0.971,49,0,0.877,5.979,901.000,186.000,932.000,250.000,30.440,-6.710,-1.210,1.930,0.620,1.870,-0.852
244,12,8299.000,27.735,-9.074,0.028,-0.087,0.782,0.990,49,0,1.633,7.239,1037.000,194.000,1066.000,280.000,27.740,-8.960,-1.190,0.950,0.690,1.750,-0.732
245,8,8300.000,25.352,-0.271,0.089,-0.065,0.719,0.996,50,0,1.934,3.500,613.000,204.000,654.000,269.000,25.400,-0.260,-1.330,1.720,0.560,1.930,-0.709
246,9,8300.000,32.012,-9.439,0.137,-0.130,0.462,1.000,50,0,-1.509,2.487,997.000,193.000,1028.000,254.000,32.070,-9.490,-1.170,1.990,0.590,1.960,-0.856
247,10,8300.000,28.244,-3.820,0.079,-0.093,0.181,0.979,50,0,-2.002,7.239,783.000,200.000,809.000,268.000,28.240,-3.820,-1.280,1.930,0.610,1.820,-1.000
248,11,8300.000,30.713,-6.832,0.111,-0.108,0.647,0.002,50,0,-0.256,-1.891,902.000,187.000,935.000,253.000,30.890,-6.900,-1.060,0.730,0.630,1.680,-0.091
249,12,8300.000,27.825,-9.105,0.039,-0.071,0.801,0.821,50,0,1.827,1.087,1038.000,195.000,1066.000,280.000,27.870,-9.010,-1.310,0.850,0.740,1.800,-1.213
250,8,8301.000,25.440,-0.327,0.089,-0.062,0.803,NaN,51,0,3.866,-1.303,617.000,203.000,659.000,270.000,NaN,NaN,NaN,NaN,NaN,NaN,NaN
251,9,8301.000,32.143,-9.594,0.136,-0.136,0.726,NaN,51,0,2.364,-1.327,1003.000,193.000,1033.000,253.000,NaN,NaN,NaN,NaN,NaN,NaN,NaN
252,10,8301.000,28.318,-3.890,0.079,-0.086,0.224,NaN,51,0,-1.175,-1.314,790.000,201.000,816.000,272.000,NaN,NaN,NaN,NaN,NaN,NaN,NaN
253,11,8301.000,30.812,-7.012,0.110,-0.123,0.295,NaN,51,0,-0.813,-1.314,911.000,186.000,942.000,252.000,NaN,NaN,NaN,NaN,NaN,NaN,NaN
254,12,8301.000,27.881,-9.138,0.040,-0.062,0.593,NaN,51,0,1.124,-1.319,1040.000,191.000,1067.000,280.000,NaN,NaN,NaN,NaN,NaN,NaN,NaN
255,8,8302.000,25.533,-0.421,0.094,-0.072,0.814,0.997,52,0,2.567,4.938,622.000,202.000,662.000,271.000,25.560,-0.470,-1.340,1.700,0.560,1.940,-0.743
256,9,8302.000,32.278,-9.732,0.136,-0.136,0.698,0.996,52,0,-0.070,2.487,1008.000,193.000,1039.000,253.000,32.280,-9.740,-1.150,1.980,0.600,1.830,-0.888
257,10,8302.000,28.382,-3.961,0.078,-0.081,0.092,0.991,52,0,-2.526,7.239,799.000,211.000,830.000,261.000,28.380,-3.950,-1.300,1.820,0.590,1.810,-0.951
258,11,8302.000,30.942,-7.123,0.115,-0.120,0.704,0.954,52,0,0.159,6.654,913.000,188.000,946.000,250.000,30.950,-7.080,-1.140,2.050,0.590,1.940,-0.787
259,12,8302.000,27.945,-9.178,0.044,-0.055,0.535,0.029,52,0,-0.266,-1.629,1043.000,188.000,1067.000,277.000,27.970,-9.060,-1.260,0.840,0.600,1.760,-1.836
260,8,8303.000,25.635,-0.504,0.097,-0.072,0.805,0.646,53,0,2.567,0.436,624.000,202.000,666.000,271.000,25.650,-0.530,-1.380,1.880,0.590,1.880,-0.622
261,9,8303.000,32.396,-9.850,0.132,-0.134,0.751,0.150,53,0,0.519,-1.519,1011.000,193.000,1040.000,256.000,32.380,-9.810,-1.160,1.940,0.590,1.840,-0.915
262,10,8303.000,28.474,-4.039,0.082,-0.079,0.259,0.980,53,0,-1.571,7.239,802.000,224.000,831.000,259.000,28.470,-4.050,-1.240,1.910,0.630,1.880,-0.976
263,11,8303.000,31.076,-7.249,0.114,-0.123,0.743,0.999,53,0,0.652,6.654,916.000,187.000,948.000,250.000,31.110,-7.240,-1.130,2.010,0.590,1.950,-0.903
264,12,8303.000,27.989,-9.233,0.044,-0.055,NaN,NaN,53,0,-2.631,-1.315,NaN,NaN,NaN,NaN,NaN,NaN,NaN,NaN,NaN,NaN,NaN
265,8,8304.000,25.734,-0.566,0.098,-0.070,0.743,NaN,54,0,2.746,-1.307,630.000,204.000,670.000,269.000,NaN,NaN,NaN,NaN,NaN,NaN,NaN
266,9,8304.000,32.510,-10.033,0.130,-0.148,0.769,NaN,54,0,3.261,-1.327,1015.000,188.000,1047.000,254.000,NaN,NaN,NaN,NaN,NaN,NaN,NaN
267,10,8304.000,28.542,-4.221,0.081,-0.104,0.034,NaN,54,0,-3.078,-1.317,808.000,225.000,831.000,264.000,NaN,NaN,NaN,NaN,NaN,NaN,NaN
268,11,8304.000,31.183,-7.401,0.113,-0.128,0.717,NaN,54,0,2.434,-1.327,922.000,188.000,953.000,249.000,NaN,NaN,NaN,NaN,NaN,NaN,NaN
269,12,8304.000,28.027,-9.334,0.042,-0.064,0.111,NaN,54,0,-1.547,-1.307,1046.000,184.000,1081.000,279.000,NaN,NaN,NaN,NaN,NaN,NaN,NaN
270,8,8305.000,25.805,-0.632,0.094,-0.070,0.704,0.986,55,0,1.367,4.938,635.000,201.000,673.000,269.000,25.780,-0.640,-1.320,1.850,0.620,1.880,-0.769
271,9,8305.000,32.554,-10.120,0.113,-0.135,0.611,0.287,55,0,-0.706,-1.129,1020.000,185.000,1052.000,256.000,32.470,-10.000,-1.140,1.940,0.620,1.830,-1.044
272,10,8305.000,28.617,-4.283,0.078,-0.092,NaN,1.000,55,0,-3.498,5.442,773.000,195.000,856.000,286.000,28.620,-4.170,-1.250,1.880,0.590,1.870,-0.896
273,11,8305.000,31.260,-7.489,0.105,-0.119,0.635,0.485,55,0,-0.324,-0.569,928.000,190.000,957.000,248.000,31.230,-7.430,-1.140,1.990,0.600,1.820,-0.777
274,12,8305.000,28.068,-9.398,0.042,-0.065,NaN,NaN,55,0,-2.574,-1.287,NaN,NaN,NaN,NaN,NaN,NaN,NaN,NaN,NaN,NaN,NaN
275,8,8306.000,25.910,-0.729,0.096,-0.077,0.661,0.991,56,0,0.944,4.938,638.000,200.000,676.000,269.000,25.900,-0.790,-1.320,1.850,0.580,1.850,-0.862
276,9,8306.000,32.659,-10.261,0.111,-0.136,0.105,0.214,56,0,-3.475,-1.431,1022.000,191.000,1053.000,256.000,32.640,-10.270,-1.110,0.990,0.540,1.850,-0.996
277,10,8306.000,28.733,-4.375,0.086,-0.093,NaN,1.000,56,0,-3.498,5.442,781.000,198.000,864.000,286.000,28.770,-4.360,-1.280,1.950,0.610,1.810,-0.840
278,11,8306.000,31.389,-7.595,0.111,-0.115,0.026,0.927,56,0,-3.761,6.654,931.000,197.000,950.000,251.000,31.380,-7.560,-1.060,1.990,0.550,1.940,-0.897
279,12,8306.000,28.108,-9.464,0.040,-0.065,NaN,NaN,56,0,-2.554,-1.277,NaN,NaN,NaN,NaN,NaN,NaN,NaN,NaN,NaN,NaN,NaN
280,8,8307.000,26.004,-0.778,0.095,-0.073,0.506,NaN,57,0,0.306,-1.318,642.000,204.000,677.000,270.000,NaN,NaN,NaN,NaN,NaN,NaN,NaN
281,9,8307.000,32.766,-10.407,0.111,-0.141,0.179,NaN,57,0,-1.382,-1.327,1027.000,192.000,1056.000,258.000,NaN,NaN,NaN,NaN,NaN,NaN,NaN
282,10,8307.000,28.820,-4.468,0.086,-0.093,NaN,NaN,57,0,-1.159,-1.320,NaN,NaN,NaN,NaN,NaN,NaN,NaN,NaN,NaN,NaN,NaN
283,11,8307.000,31.483,-7.749,0.109,-0.124,0.272,NaN,57,0,-0.934,-1.327,936.000,182.000,961.000,247.000,NaN,NaN,NaN,NaN,NaN,NaN,NaN
284,12,8307.000,28.147,-9.530,0.039,-0.066,NaN,NaN,57,0,-2.574,-1.287,NaN,NaN,NaN,NaN,NaN,NaN,NaN,NaN,NaN,NaN,NaN
285,8,8308.000,26.045,-0.890,0.083,-0.083,0.705,1.000,58,0,1.516,4.938,648.000,204.000,685.000,282.000,25.980,-0.960,-1.320,1.790,0.550,1.880,-0.904
286,9,8308.000,32.887,-10.540,0.114,-0.139,0.480,NaN,58,0,0.120,-1.327,1032.000,194.000,1058.000,260.000,NaN,NaN,NaN,NaN,NaN,NaN,NaN
287,10,8308.000,28.883,-4.501,0.079,-0.079,0.015,1.000,58,0,-3.496,5.442,796.000,200.000,860.000,338.000,28.850,-4.420,-1.280,1.860,0.570,1.920,-0.971
288,11,8308.000,31.555,-7.832,0.103,-0.115,0.383,0.087,58,0,-1.892,-1.680,942.000,183.000,964.000,244.000,31.520,-7.720,-1.080,2.120,0.590,1.940,-0.806
289,12,8308.000,28.228,-9.562,0.039,-0.058,0.601,0.267,58,0,0.148,-0.739,1055.000,199.000,1083.000,266.000,28.270,-9.530,-1.210,0.700,0.710,1.670,-0.673
290,8,8309.000,26.144,-0.992,0.087,-0.088,0.694,0.999,59,0,1.231,4.938,651.000,203.000,690.000,273.000,26.130,-1.040,-1.310,1.850,0.570,1.840,-0.905
291,9,8309.000,32.970,-10.648,0.112,-0.132,0.159,0.561,59,0,-3.191,-0.609,1033.000,203.000,1057.000,261.000,32.960,-10.600,-1.120,0.910,0.570,1.880,-1.173
292,10,8309.000,28.963,-4.582,0.082,-0.078,0.029,0.998,59,0,-3.415,5.442,821.000,217.000,860.000,337.000,28.970,-4.590,-1.240,1.850,0.610,1.780,-0.946
293,11,8309.000,31.690,-7.946,0.108,-0.113,0.188,0.983,59,0,-2.766,2.487,945.000,185.000,967.000,250.000,31.720,-7.910,-1.040,1.800,0.520,1.890,-0.962
294,12,8309.000,28.282,-9.645,0.039,-0.061,0.497,0.888,59,0,-0.427,2.610,1057.000,200.000,1082.000,266.000,28.330,-9.680,-1.200,0.720,0.750,1.700,-1.769
295,8,8310.000,26.231,-1.098,0.087,-0.093,0.799,NaN,60,0,3.866,-1.321,658.000,202.000,699.000,277.000,NaN,NaN,NaN,NaN,NaN,NaN,NaN
296,9,8310.000,33.088,-10.798,0.114,-0.137,0.094,NaN,60,0,-1.887,-1.327,1043.000,191.000,1064.000,264.000,NaN,NaN,NaN,NaN,NaN,NaN,NaN
297,10,8310.000,29.048,-4.734,0.080,-0.094,0.062,NaN,60,0,-2.630,-1.322,829.000,226.000,848.000,262.000,NaN,NaN,NaN,NaN,NaN,NaN,NaN
298,11,8310.000,31.781,-8.131,0.105,-0.129,0.146,NaN,60,0,-1.558,-1.327,951.000,185.000,973.000,246.000,NaN,NaN,NaN,NaN,NaN,NaN,NaN
299,12,8310.000,28.322,-9.696,0.037,-0.059,0.135,NaN,60,0,-1.584,-1.305,1059.000,199.000,1088.000,275.000,NaN,NaN,NaN,NaN,NaN,NaN,NaN
300,8,8311.000,26.273,-1.226,0.076,-0.102,0.779,1.000,61,0,2.198,4.938,664.000,200.000,704.000,278.000,26.220,-1.290,-1.320,1.910,0.590,1.820,-1.017
301,9,8311.000,33.201,-10.958,0.114,-0.145,0.032,NaN,61,0,-2.278,-1.325,1047.000,188.000,1072.000,270.000,NaN,NaN,NaN,NaN,NaN,NaN,NaN
302,10,8311.000,29.140,-4.821,0.083,-0.092,NaN,0.869,61,0,-3.509,1.811,796.000,198.000,883.000,282.000,29.150,-4.780,-1.260,1.860,0.650,1.760,-1.025
303,11,8311.000,31.863,-8.233,0.101,-0.122,0.383,0.580,61,0,-1.892,-0.424,952.000,185.000,977.000,252.000,31.850,-8.160,-1.070,1.900,0.610,1.910,-0.971
304,12,8311.000,28.387,-9.745,0.043,-0.057,0.165,0.474,61,0,-2.064,-0.298,1046.000,190.000,1089.000,274.000,28.440,-9.700,-1.220,0.810,0.620,1.670,-0.681
305,8,8312.000,26.345,-1.384,0.072,-0.113,0.793,0.996,62,0,2.294,4.938,667.000,203.000,709.000,280.000,26.340,-1.470,-1.210,1.910,0.560,1.770,-1.075
306,9,8312.000,33.323,-11.072,0.117,-0.136,0.284,NaN,62,0,-0.875,-1.312,1050.000,186.000,1070.000,260.000,NaN,NaN,NaN,NaN,NaN,NaN,NaN
307,10,8312.000,29.215,-4.884,0.082,-0.084,0.119,0.642,62,0,-2.538,0.057,831.000,200.000,854.000,257.000,29.190,-4.800,-1.290,1.920,0.550,1.760,-0.861
308,11,8312.000,31.971,-8.328,0.105,-0.116,0.400,0.248,62,0,-1.872,-1.232,957.000,181.000,982.000,253.000,32.000,-8.280,-1.140,1.870,0.620,1.840,-0.876
309,12,8312.000,28.417,-9.806,0.040,-0.058,0.688,NaN,62,0,1.982,-1.317,1067.000,199.000,1089.000,275.000,NaN,NaN,NaN,NaN,NaN,NaN,NaN
310,8,8313.000,26.416,-1.489,0.072,-0.111,0.798,NaN,63,0,4.010,-1.325,675.000,200.000,716.000,281.000,NaN,NaN,NaN,NaN,NaN,NaN,NaN
311,9,8313.000,33.445,-11.205,0.119,-0.136,0.052,NaN,63,0,-2.237,-1.293,1055.000,196.000,1074.000,264.000,NaN,NaN,NaN,NaN,NaN,NaN,NaN
312,10,8313.000,29.314,-4.923,0.087,-0.070,0.040,NaN,63,0,-2.669,-1.311,828.000,202.000,857.000,260.000,NaN,NaN,NaN,NaN,NaN,NaN,NaN
313,11,8313.000,32.056,-8.496,0.102,-0.128,0.038,NaN,63,0,-2.701,-1.327,963.000,186.000,986.000,235.000,NaN,NaN,NaN,NaN,NaN,NaN,NaN
314,12,8313.000,28.462,-9.842,0.042,-0.050,0.675,NaN,63,0,1.846,-1.321,1065.000,200.000,1090.000,268.000,NaN,NaN,NaN,NaN,NaN,NaN,NaN
315,8,8314.000,26.493,-1.619,0.074,-0.115,0.757,0.998,64,0,1.766,6.369,683.000,201.000,723.000,282.000,26.510,-1.660,-1.330,1.760,0.580,1.800,-1.148
316,9,8314.000,33.564,-11.341,0.119,-0.137,NaN,NaN,64,0,-0.944,-1.251,NaN,NaN,NaN,NaN,NaN,NaN,NaN,NaN,NaN,NaN,NaN
317,10,8314.000,29.348,-4.942,0.073,-0.057,NaN,0.326,64,0,-3.465,-0.748,819.000,195.000,863.000,278.000,29.280,-4.840,-1.200,0.830,0.600,1.750,-0.609
318,11,8314.000,32.200,-8.622,0.111,-0.128,0.717,0.892,64,0,0.210,2.051,968.000,186.000,996.000,255.000,32.260,-8.560,-1.030,1.830,0.560,1.910,-0.940
319,12,8314.000,28.657,-9.920,0.071,-0.055,0.751,0.816,64,0,1.189,0.962,1066.000,199.000,1094.000,277.000,28.780,-9.930,-1.130,0.780,0.640,1.620,-0.339
320,8,8315.000,26.574,-1.710,0.076,-0.110,0.761,NaN,65,0,3.236,-1.326,686.000,201.000,725.000,284.000,NaN,NaN,NaN,NaN,NaN,NaN,NaN
321,9,8315.000,33.683,-11.478,0.119,-0.137,NaN,NaN,65,0,-2.484,-1.242,NaN,NaN,NaN,NaN,NaN,NaN,NaN,NaN,NaN,NaN,NaN
322,10,8315.000,29.422,-4.998,0.073,-0.056,NaN,NaN,65,0,-1.146,-1.305,NaN,NaN,NaN,NaN,NaN,NaN,NaN,NaN,NaN,NaN,NaN
323,11,8315.000,32.309,-8.776,0.112,-0.135,0.680,NaN,65,0,1.846,-1.327,969.000,184.000,995.000,256.000,NaN,NaN,NaN,NaN,NaN,NaN,NaN
324,12,8315.000,28.723,-9.981,0.069,-0.056,0.775,NaN,65,0,3.620,-1.324,1068.000,196.000,1096.000,277.000,NaN,NaN,NaN,NaN,NaN,NaN,NaN
325,8,8316.000,26.607,-1.817,0.067,-0.111,0.686,1.000,66,0,0.979,6.369,692.000,202.000,736.000,279.000,26.580,-1.810,-1.270,1.850,0.590,1.780,-1.120
326,9,8316.000,33.802,-11.612,0.119,-0.134,NaN,NaN,66,0,-0.941,-1.289,NaN,NaN,NaN,NaN,NaN,NaN,NaN,NaN,NaN,NaN,NaN
327,10,8316.000,29.410,-4.969,0.056,-0.036,0.006,0.969,66,0,-3.413,5.442,844.000,202.000,858.000,255.000,29.330,-4.890,-1.330,0.780,0.540,1.610,-0.960
328,11,8316.000,32.439,-8.910,0.113,-0.132,0.746,0.815,66,0,0.519,0.622,974.000,190.000,1000.000,256.000,32.450,-8.880,-1.150,1.940,0.600,1.890,-1.018
329,12,8316.000,28.781,-10.019,0.067,-0.054,0.814,0.950,66,0,1.726,5.442,1070.000,194.000,1098.000,277.000,28.800,-9.980,-1.120,0.850,0.560,1.710,-0.285
330,8,8317.000,26.672,-1.936,0.067,-0.114,0.771,0.999,67,0,1.832,6.369,703.000,201.000,741.000,282.000,26.680,-1.960,-1.280,1.690,0.600,1.770,-1.191
331,9,8317.000,33.920,-11.747,0.119,-0.134,NaN,NaN,67,0,-2.626,-1.313,NaN,NaN,NaN,NaN,NaN,NaN,NaN,NaN,NaN,NaN,NaN
332,10,8317.000,29.474,-5.180,0.056,-0.073,0.113,NaN,67,0,-1.934,-1.298,846.000,197.000,878.000,255.000,NaN,NaN,NaN,NaN,NaN,NaN,NaN
333,11,8317.000,32.579,-9.027,0.119,-0.127,0.431,1.000,67,0,-1.932,2.454,978.000,188.000,1007.000,257.000,32.620,-8.990,-1.160,1.920,0.590,1.910,-0.990
334,12,8317.000,28.865,-10.080,0.069,-0.054,0.786,0.821,67,0,1.466,0.962,1071.000,193.000,1101.000,277.000,28.890,-10.070,-1.240,0.780,0.620,1.830,-0.593
335,8,8318.000,26.735,-2.048,0.066,-0.114,0.746,NaN,68,0,3.065,-1.326,706.000,196.000,739.000,278.000,NaN,NaN,NaN,NaN,NaN,NaN,NaN
336,9,8318.000,34.039,-11.880,0.118,-0.134,NaN,NaN,68,0,-0.836,-1.316,NaN,NaN,NaN,NaN,NaN,NaN,NaN,NaN,NaN,NaN,NaN
337,10,8318.000,29.459,-5.438,0.030,-0.111,0.517,NaN,68,0,0.165,-1.200,861.000,197.000,884.000,255.000,NaN,NaN,NaN,NaN,NaN,NaN,NaN
338,11,8318.000,32.693,-9.186,0.117,-0.132,0.642,NaN,68,0,1.407,-1.327,981.000,191.000,1008.000,257.000,NaN,NaN,NaN,NaN,NaN,NaN,NaN
339,12,8318.000,28.924,-10.159,0.065,-0.062,0.783,NaN,68,0,3.620,-1.326,1072.000,196.000,1103.000,277.000,NaN,NaN,NaN,NaN,NaN,NaN,NaN
340,8,8319.000,26.798,-2.181,0.066,-0.116,0.705,1.000,69,0,1.256,6.369,710.000,201.000,753.000,272.000,26.790,-2.210,-1.280,1.930,0.580,1.830,-1.190
341,9,8319.000,34.156,-12.013,0.118,-0.132,NaN,NaN,69,0,-1.202,-1.315,NaN,NaN,NaN,NaN,NaN,NaN,NaN,NaN,NaN,NaN,NaN
342,10,8319.000,29.488,-5.550,0.029,-0.112,NaN,NaN,69,0,-2.522,-1.261,NaN,NaN,NaN,NaN,NaN,NaN,NaN,NaN,NaN,NaN,NaN
343,11,8319.000,32.829,-9.300,0.121,-0.127,0.708,0.979,69,0,-0.155,2.454,983.000,187.000,1012.000,260.000,32.850,-9.250,-1.190,1.870,0.590,1.840,-1.002
344,12,8319.000,28.981,-10.191,0.064,-0.055,0.801,0.006,69,0,1.575,-1.755,1076.000,199.000,1109.000,274.000,28.990,-10.130,-1.160,0.830,0.610,1.810,-0.518
345,8,8320.000,26.871,-2.304,0.069,-0.117,0.730,0.997,70,0,1.520,6.369,719.000,200.000,763.000,270.000,26.880,-2.320,-1.310,1.920,0.580,1.830,-1.148
346,9,8320.000,33.962,-12.511,0.082,-0.181,0.452,NaN,70,0,-0.268,-1.296,1099.000,193.000,1121.000,246.000,NaN,NaN,NaN,NaN,NaN,NaN,NaN
347,10,8320.000,29.742,-5.672,0.069,-0.111,0.762,0.027,70,0,1.026,-1.758,866.000,197.000,892.000,258.000,29.900,-5.700,-1.230,0.890,0.650,1.820,-0.383
348,11,8320.000,32.902,-9.381,0.111,-0.118,0.707,0.028,70,0,-0.155,-2.063,996.000,188.000,1019.000,255.000,32.840,-9.260,-1.240,0.970,0.540,1.820,-0.883
349,12,8320.000,29.076,-10.222,0.069,-0.049,0.742,0.991,70,0,1.111,5.442,1076.000,200.000,1111.000,276.000,29.120,-10.180,-1.280,0.740,0.670,1.770,-0.754
350,8,8321.000,26.939,-2.451,0.069,-0.125,0.728,NaN,71,0,2.590,-1.323,724.000,200.000,766.000,268.000,NaN,NaN,NaN,NaN,NaN,NaN,NaN
351,9,8321.000,34.043,-12.669,0.080,-0.176,0.624,NaN,71,0,0.986,-1.322,1100.000,193.000,1125.000,249.000,NaN,NaN,NaN,NaN,NaN,NaN,NaN
352,10,8321.000,29.796,-5.819,0.067,-0.118,0.754,NaN,71,0,2.906,-1.308,868.000,195.000,896.000,259.000,NaN,NaN,NaN,NaN,NaN,NaN,NaN
353,11,8321.000,32.973,-9.599,0.105,-0.143,0.738,NaN,71,0,2.746,-1.327,998.000,188.000,1023.000,257.000,NaN,NaN,NaN,NaN,NaN,NaN,NaN
354,12,8321.000,29.125,-10.321,0.062,-0.061,0.768,NaN,71,0,3.261,-1.327,1077.000,199.000,1109.000,275.000,NaN,NaN,NaN,NaN,NaN,NaN,NaN
355,8,8322.000,26.971,-2.515,0.063,-0.111,0.706,0.482,72,0,1.256,-0.163,733.000,200.000,771.000,265.000,26.920,-2.400,-1.230,1.830,0.630,1.770,-1.134
356,9,8322.000,34.132,-12.810,0.083,-0.168,0.161,NaN,72,0,-1.684,-1.323,1103.000,196.000,1129.000,253.000,NaN,NaN,NaN,NaN,NaN,NaN,NaN
357,10,8322.000,29.942,-5.926,0.082,-0.115,0.740,0.973,72,0,0.877,5.979,873.000,196.000,901.000,257.000,30.020,-5.910,-1.170,1.720,0.610,1.720,-1.019
358,11,8322.000,33.149,-9.739,0.118,-0.144,0.615,0.999,72,0,-0.925,2.454,1005.000,191.000,1025.000,256.000,33.230,-9.720,-1.120,2.000,0.600,1.910,-0.982
359,12,8322.000,29.199,-10.338,0.066,-0.052,0.801,0.961,72,0,1.575,5.442,1077.000,199.000,1108.000,274.000,29.250,-10.270,-1.200,0.790,0.700,1.750,-0.418
360,8,8323.000,27.094,-2.719,0.076,-0.133,0.639,0.731,73,0,0.572,0.760,741.000,200.000,775.000,267.000,27.200,-2.900,-1.270,1.690,0.620,1.800,-1.153
361,9,8323.000,34.762,-13.108,0.134,-0.173,0.409,0.003,73,0,-2.420,-2.253,1106.000,193.000,1133.000,234.000,34.900,-13.010,-0.960,0.800,0.650,1.750,0.534
362,10,8323.000,30.097,-6.075,0.098,-0.125,0.706,0.329,73,0,0.526,-0.856,879.000,196.000,907.000,255.000,30.170,-6.130,-1.170,1.900,0.580,1.840,-1.123
363,11,8323.000,33.305,-9.889,0.123,-0.146,0.790,0.004,73,0,0.611,-2.090,1009.000,186.000,1033.000,258.000,33.340,-9.890,-1.090,0.860,0.540,1.880,-0.769
364,12,8323.000,29.307,-10.414,0.071,-0.055,0.817,0.103,73,0,1.925,-1.331,1079.000,199.000,1108.000,274.000,29.370,-10.470,-1.310,0.780,0.560,1.780,-0.475
365,8,8324.000,27.164,-2.867,0.074,-0.137,0.721,NaN,74,0,2.434,-1.201,746.000,200.000,779.000,266.000,NaN,NaN,NaN,NaN,NaN,NaN,NaN
366,9,8324.000,34.910,-13.249,0.139,-0.167,0.551,NaN,74,0,0.639,-1.323,1105.000,191.000,1138.000,263.000,NaN,NaN,NaN,NaN,NaN,NaN,NaN
367,10,8324.000,30.192,-6.208,0.097,-0.128,0.708,NaN,74,0,2.046,-1.320,880.000,196.000,909.000,255.000,NaN,NaN,NaN,NaN,NaN,NaN,NaN
368,11,8324.000,33.385,-10.092,0.115,-0.159,0.646,NaN,74,0,1.509,-1.327,1012.000,185.000,1035.000,255.000,NaN,NaN,NaN,NaN,NaN,NaN,NaN
369,12,8324.000,29.374,-10.478,0.070,-0.057,0.774,NaN,74,0,3.261,-1.327,1079.000,198.000,1109.000,269.000,NaN,NaN,NaN,NaN,NaN,NaN,NaN
370,8,8325.000,27.277,-3.013,0.084,-0.139,0.609,0.008,75,0,0.424,-1.477,753.000,200.000,787.000,263.000,27.320,-3.020,-1.260,1.710,0.710,1.830,-0.956
371,9,8325.000,35.015,-13.448,0.132,-0.173,0.360,NaN,75,0,-0.586,-1.324,1118.000,194.000,1142.000,262.000,NaN,NaN,NaN,NaN,NaN,NaN,NaN
372,10,8325.000,30.293,-6.341,0.098,-0.128,0.783,0.998,75,0,1.158,5.979,887.000,197.000,914.000,256.000,30.290,-6.360,-1.200,1.860,0.590,1.740,-1.108
373,11,8325.000,33.608,-10.286,0.135,-0.167,0.607,0.876,75,0,-1.143,1.694,1017.000,183.000,1041.000,249.000,33.720,-10.320,-1.020,1.860,0.470,1.890,-0.749
374,12,8325.000,29.446,-10.524,0.071,-0.056,0.720,0.089,75,0,0.897,-1.364,1083.000,195.000,1109.000,272.000,29.470,-10.520,-1.070,0.770,0.630,1.630,-0.173
375,8,8326.000,27.426,-3.274,0.100,-0.172,0.630,0.942,76,0,0.285,7.239,761.000,200.000,796.000,262.000,27.500,-3.530,-1.230,1.900,0.550,1.790,-1.104
376,9,8326.000,35.181,-13.667,0.131,-0.180,0.312,NaN,76,0,-1.160,-1.325,1121.000,194.000,1150.000,234.000,NaN,NaN,NaN,NaN,NaN,NaN,NaN
377,10,8326.000,30.472,-6.545,0.111,-0.147,0.069,0.367,76,0,-3.268,-0.849,893.000,197.000,912.000,253.000,30.520,-6.710,-1.230,2.100,0.680,1.900,-1.163
378,11,8326.000,33.765,-10.451,0.140,-0.167,0.671,0.008,76,0,-0.784,-2.174,1021.000,183.000,1045.000,253.000,33.790,-10.420,-1.270,0.920,0.500,1.830,-0.890
379,12,8326.000,29.517,-10.579,0.071,-0.054,NaN,NaN,76,0,-2.652,-1.326,NaN,NaN,NaN,NaN,NaN,NaN,NaN,NaN,NaN,NaN,NaN
380,8,8327.000,27.533,-3.400,0.102,-0.160,0.034,NaN,77,0,-2.753,-1.297,766.000,201.000,799.000,257.000,NaN,NaN,NaN,NaN,NaN,NaN,NaN
381,9,8327.000,35.335,-13.824,0.135,-0.176,0.183,NaN,77,0,-1.565,-1.326,1122.000,193.000,1152.000,251.000,NaN,NaN,NaN,NaN,NaN,NaN,NaN
382,10,8327.000,30.632,-6.575,0.124,-0.121,0.048,NaN,77,0,-2.490,-1.296,896.000,199.000,912.000,253.000,NaN,NaN,NaN,NaN,NaN,NaN,NaN
383,11,8327.000,33.903,-10.623,0.139,-0.170,0.505,NaN,77,0,0.090,-1.327,1024.000,186.000,1048.000,243.000,NaN,NaN,NaN,NaN,NaN,NaN,NaN
384,12,8327.000,29.586,-10.687,0.067,-0.066,0.813,NaN,77,0,4.053,-1.326,1086.000,197.000,1114.000,272.000,NaN,NaN,NaN,NaN,NaN,NaN,NaN
385,8,8328.000,27.596,-3.597,0.090,-0.169,0.143,0.998,78,0,-2.225,7.239,779.000,200.000,808.000,258.000,27.540,-3.680,-1.260,1.930,0.590,1.820,-1.153
386,9,8328.000,35.487,-13.985,0.137,-0.173,0.573,NaN,78,0,0.573,-1.326,1126.000,193.000,1156.000,253.000,NaN,NaN,NaN,NaN,NaN,NaN,NaN
387,10,8328.000,30.690,-6.706,0.112,-0.125,0.103,0.982,78,0,-2.986,6.654,904.000,199.000,946.000,259.000,30.600,-6.810,-1.220,1.920,0.610,1.840,-1.114
388,11,8328.000,34.058,-10.791,0.143,-0.167,0.604,0.044,78,0,-1.181,-2.127,1030.000,187.000,1052.000,248.000,34.070,-10.770,-0.900,0.760,0.620,1.820,-0.047
389,12,8328.000,29.619,-10.729,0.061,-0.061,0.768,0.025,78,0,1.091,-1.818,1088.000,199.000,1115.000,274.000,29.620,-10.670,-1.240,0.730,0.670,1.760,-0.275
390,8,8329.000,27.684,-3.790,0.090,-0.176,0.260,0.651,79,0,-1.568,0.202,782.000,200.000,818.000,259.000,27.680,-3.830,-1.250,1.950,0.590,1.850,-1.189
391,9,8329.000,35.636,-14.162,0.138,-0.172,0.515,NaN,79,0,0.090,-1.326,1131.000,193.000,1162.000,249.000,NaN,NaN,NaN,NaN,NaN,NaN,NaN
392,10,8329.000,30.750,-6.840,0.103,-0.130,0.676,0.987,79,0,-0.057,6.654,912.000,196.000,933.000,261.000,30.690,-6.880,-1.250,1.850,0.580,1.730,-1.109
393,11,8329.000,34.221,-10.959,0.147,-0.166,0.674,0.087,79,0,-0.784,-1.918,1035.000,189.000,1059.000,247.000,34.250,-10.960,-1.280,1.100,0.490,1.960,-3.210
394,12,8329.000,29.709,-10.800,0.066,-0.062,0.811,0.170,79,0,1.493,-1.237,1089.000,199.000,1117.000,273.000,29.750,-10.800,-1.170,0.730,0.660,1.700,-0.451
395,8,8330.000,27.777,-3.905,0.088,-0.161,0.612,NaN,80,0,1.112,-1.316,785.000,200.000,823.000,261.000,NaN,NaN,NaN,NaN,NaN,NaN,NaN
396,9,8330.000,35.770,-14.309,0.138,-0.165,0.492,NaN,80,0,0.179,-1.325,1134.000,192.000,1163.000,254.000,NaN,NaN,NaN,NaN,NaN,NaN,NaN
397,10,8330.000,30.844,-7.007,0.099,-0.141,0.628,NaN,80,0,1.305,-1.314,913.000,196.000,935.000,260.000,NaN,NaN,NaN,NaN,NaN,NaN,NaN
398,11,8330.000,34.355,-11.114,0.142,-0.166,0.392,NaN,80,0,-0.613,-1.327,1038.000,189.000,1062.000,246.000,NaN,NaN,NaN,NaN,NaN,NaN,NaN
399,12,8330.000,29.765,-10.864,0.062,-0.061,0.776,NaN,80,0,3.460,-1.326,1089.000,199.000,1118.000,273.000,NaN,NaN,NaN,NaN,NaN,NaN,NaN
400,8,8331.000,27.807,-4.029,0.074,-0.154,0.714,1.000,81,0,1.004,7.239,794.000,202.000,832.000,260.000,27.750,-4.000,-1.280,1.820,0.590,1.750,-1.197
401,9,8331.000,35.791,-14.394,0.129,-0.154,0.283,0.031,81,0,-3.180,-2.323,1140.000,194.000,1168.000,255.000,35.760,-14.390,-1.550,0.810,0.680,1.720,0.228
402,10,8331.000,30.904,-7.144,0.091,-0.142,0.456,0.999,81,0,-1.303,6.654,916.000,195.000,945.000,260.000,30.840,-7.160,-1.210,1.890,0.610,1.830,-1.116
403,11,8331.000,34.484,-11.302,0.139,-0.173,0.443,NaN,81,0,-0.152,-1.327,1044.000,187.000,1068.000,248.000,NaN,NaN,NaN,NaN,NaN,NaN,NaN
404,12,8331.000,29.758,-10.914,0.048,-0.060,0.784,0.119,81,0,1.158,-1.374,1093.000,199.000,1120.000,272.000,29.720,-10.900,-1.360,0.710,0.710,1.810,-0.453
405,8,8332.000,27.867,-4.170,0.071,-0.152,0.563,0.999,82,0,-0.072,7.239,803.000,201.000,838.000,260.000,27.870,-4.170,-1.240,1.920,0.580,1.820,-1.216
406,9,8332.000,35.908,-14.577,0.132,-0.162,0.610,NaN,82,0,1.112,-1.322,1146.000,191.000,1174.000,256.000,NaN,NaN,NaN,NaN,NaN,NaN,NaN
407,10,8332.000,31.002,-7.293,0.091,-0.144,0.547,0.999,82,0,-0.832,6.654,922.000,194.000,949.000,263.000,30.990,-7.320,-1.200,1.850,0.640,1.820,-1.074
408,11,8332.000,34.691,-11.512,0.150,-0.179,0.012,0.933,82,0,-4.505,2.704,1050.000,186.000,1071.000,234.000,34.740,-11.580,-1.190,1.840,0.540,1.770,2.206
409,12,8332.000,29.813,-10.968,0.051,-0.059,0.729,0.532,82,0,0.780,-0.369,1095.000,196.000,1122.000,273.000,29.850,-10.940,-1.320,0.810,0.630,1.740,-0.577
410,8,8333.000,27.942,-4.312,0.072,-0.152,0.705,NaN,83,0,2.046,-1.323,808.000,200.000,844.000,255.000,NaN,NaN,NaN,NaN,NaN,NaN,NaN
411,9,8333.000,36.038,-14.746,0.135,-0.166,0.609,NaN,83,0,1.112,-1.317,1149.000,192.000,1177.000,255.000,NaN,NaN,NaN,NaN,NaN,NaN,NaN
412,10,8333.000,31.093,-7.461,0.091,-0.150,0.779,NaN,83,0,3.460,-1.327,925.000,195.000,957.000,260.000,NaN,NaN,NaN,NaN,NaN,NaN,NaN
413,11,8333.000,34.836,-11.706,0.150,-0.184,0.237,NaN,83,0,-1.074,-1.303,1054.000,184.000,1078.000,247.000,NaN,NaN,NaN,NaN,NaN,NaN,NaN
414,12,8333.000,29.847,-11.026,0.047,-0.059,0.754,NaN,83,0,3.065,-1.324,1095.000,182.000,1124.000,273.000,NaN,NaN,NaN,NaN,NaN,NaN,NaN
415,8,8334.000,27.980,-4.422,0.064,-0.143,0.719,0.984,84,0,1.142,7.239,814.000,200.000,848.000,259.000,27.940,-4.370,-1.240,1.790,0.570,1.780,-1.217
416,9,8334.000,36.215,-14.909,0.135,-0.164,0.237,0.040,84,0,-3.280,-2.282,1155.000,191.000,1183.000,249.000,36.250,-14.900,-1.270,0.770,0.660,1.750,-0.486
417,10,8334.000,31.168,-7.569,0.089,-0.140,0.769,0.981,84,0,0.877,6.654,929.000,195.000,962.000,260.000,31.140,-7.490,-1.220,1.840,0.610,1.860,-0.991
418,11,8334.000,34.958,-11.845,0.146,-0.175,0.581,0.012,84,0,-1.382,-2.082,1062.000,189.000,1084.000,248.000,34.960,-11.720,-1.210,0.850,0.620,1.730,1.217
419,12,8334.000,29.916,-11.074,0.052,-0.057,0.704,0.945,84,0,0.388,5.979,1096.000,186.000,1128.000,272.000,29.960,-11.010,-1.390,0.770,0.580,1.710,-0.305
420,8,8335.000,28.076,-4.563,0.068,-0.143,0.010,0.609,85,0,-3.364,0.096,822.000,202.000,852.000,259.000,28.150,-4.560,-1.240,1.820,0.590,1.810,-1.197
421,9,8335.000,36.343,-15.117,0.133,-0.176,0.523,NaN,85,0,0.383,-1.310,1160.000,192.000,1186.000,257.000,NaN,NaN,NaN,NaN,NaN,NaN,NaN
422,10,8335.000,31.372,-7.765,0.112,-0.152,0.679,0.001,85,0,-0.282,-2.003,933.000,195.000,965.000,263.000,31.500,-7.870,-1.350,1.830,0.680,1.800,-0.771
423,11,8335.000,35.103,-12.043,0.147,-0.180,0.629,0.207,85,0,-1.163,-1.525,1068.000,189.000,1088.000,248.000,35.080,-12.110,-1.130,0.970,0.430,1.770,2.786
424,12,8335.000,29.968,-11.129,0.051,-0.055,NaN,NaN,85,0,-2.648,-1.324,NaN,NaN,NaN,NaN,NaN,NaN,NaN,NaN,NaN,NaN,NaN
425,8,8336.000,28.148,-4.689,0.070,-0.140,0.258,NaN,86,0,-1.166,-1.324,827.000,200.000,856.000,258.000,NaN,NaN,NaN,NaN,NaN,NaN,NaN
426,9,8336.000,36.487,-15.260,0.136,-0.169,0.062,NaN,86,0,-2.120,-1.305,1162.000,191.000,1184.000,256.000,NaN,NaN,NaN,NaN,NaN,NaN,NaN
427,10,8336.000,31.490,-7.882,0.115,-0.146,0.620,NaN,86,0,1.205,-1.327,934.000,195.000,968.000,262.000,NaN,NaN,NaN,NaN,NaN,NaN,NaN
428,11,8336.000,35.244,-12.231,0.144,-0.181,0.418,NaN,86,0,-0.272,-1.298,1071.000,187.000,1090.000,248.000,NaN,NaN,NaN,NaN,NaN,NaN,NaN
429,12,8336.000,30.013,-11.187,0.050,-0.054,0.694,NaN,86,0,2.173,-1.324,1098.000,184.000,1130.000,273.000,NaN,NaN,NaN,NaN,NaN,NaN,NaN
430,8,8337.000,28.157,-4.762,0.059,-0.123,0.019,0.883,87,0,-3.317,2.232,827.000,201.000,866.000,262.000,28.120,-4.630,-1.190,0.800,0.510,1.720,-0.763
431,9,8337.000,36.623,-15.428,0.136,-0.168,NaN,NaN,87,0,-2.607,-1.303,NaN,NaN,NaN,NaN,NaN,NaN,NaN,NaN,NaN,NaN,NaN
432,10,8337.000,31.547,-7.971,0.102,-0.134,0.005,0.039,87,0,-3.827,-1.840,930.000,197.000,968.000,251.000,31.490,-7.880,-1.220,1.730,0.600,1.790,-1.028
433,11,8337.000,35.355,-12.392,0.140,-0.178,0.405,0.115,87,0,-2.402,-1.906,1078.000,187.000,1098.000,246.000,35.330,-12.300,-0.950,0.760,0.600,1.590,-0.416
434,12,8337.000,30.062,-11.240,0.050,-0.053,0.735,NaN,87,0,2.756,-1.325,1098.000,183.000,1133.000,272.000,NaN,NaN,NaN,NaN,NaN,NaN,NaN
435,8,8338.000,28.214,-4.886,0.057,-0.124,NaN,NaN,88,0,-2.608,-1.304,NaN,NaN,NaN,NaN,NaN,NaN,NaN,NaN,NaN,NaN,NaN
436,9,8338.000,36.759,-15.596,0.136,-0.168,NaN,NaN,88,0,-2.594,-1.297,NaN,NaN,NaN,NaN,NaN,NaN,NaN,NaN,NaN,NaN,NaN
437,10,8338.000,31.596,-8.071,0.090,-0.127,0.652,0.622,88,0,-0.474,-0.330,943.000,196.000,975.000,258.000,31.530,-8.030,-1.210,1.930,0.600,1.840,-0.993
438,11,8338.000,35.462,-12.624,0.131,-0.190,0.029,NaN,88,0,-2.475,-1.294,1083.000,188.000,1106.000,249.000,NaN,NaN,NaN,NaN,NaN,NaN,NaN
439,12,8338.000,30.162,-11.302,0.058,-0.055,0.790,0.416,88,0,1.237,-0.693,1104.000,196.000,1133.000,272.000,30.210,-11.270,-1.190,0.740,0.570,1.700,-0.583
440,8,8339.000,28.202,-5.259,0.039,-0.182,0.165,NaN,89,0,-1.598,-1.256,862.000,209.000,885.000,255.000,NaN,NaN,NaN,NaN,NaN,NaN,NaN
441,9,8339.000,36.893,-15.765,0.134,-0.169,NaN,NaN,89,0,-2.529,-1.265,NaN,NaN,NaN,NaN,NaN,NaN,NaN,NaN,NaN,NaN,NaN
442,10,8339.000,31.687,-8.169,0.091,-0.119,0.579,NaN,89,0,0.862,-1.327,948.000,196.000,975.000,258.000,NaN,NaN,NaN,NaN,NaN,NaN,NaN
443,11,8339.000,35.592,-12.814,0.130,-0.190,NaN,NaN,89,0,-2.382,-1.191,NaN,NaN,NaN,NaN,NaN,NaN,NaN,NaN,NaN,NaN,NaN
444,12,8339.000,30.219,-11.372,0.060,-0.057,0.737,NaN,89,0,2.746,-1.325,1104.000,195.000,1135.000,272.000,NaN,NaN,NaN,NaN,NaN,NaN,NaN
445,8,8340.000,28.236,-5.441,0.038,-0.182,0.426,NaN,90,0,-0.391,-1.275,862.000,208.000,892.000,255.000,NaN,NaN,NaN,NaN,NaN,NaN,NaN
446,9,8340.000,37.026,-15.935,0.134,-0.170,NaN,NaN,90,0,-2.368,-1.184,NaN,NaN,NaN,NaN,NaN,NaN,NaN,NaN,NaN,NaN,NaN
447,10,8340.000,31.723,-8.235,0.079,-0.109,0.079,1.000,90,0,-3.430,2.487,956.000,197.000,979.000,252.000,31.660,-8.130,-1.260,1.970,0.610,1.840,-0.968
448,11,8340.000,35.722,-13.003,0.130,-0.189,NaN,NaN,90,0,-2.437,-1.218,NaN,NaN,NaN,NaN,NaN,NaN,NaN,NaN,NaN,NaN,NaN
449,12,8340.000,30.345,-11.424,0.071,-0.053,0.728,0.127,90,0,0.780,-1.350,1104.000,193.000,1134.000,272.000,30.400,-11.370,-1.210,0.820,0.620,1.820,-0.542
450,8,8341.000,28.278,-5.588,0.037,-0.173,0.551,NaN,91,0,0.639,-1.310,864.000,197.000,896.000,263.000,NaN,NaN,NaN,NaN,NaN,NaN,NaN
451,9,8341.000,37.160,-16.105,0.134,-0.170,NaN,NaN,91,0,-1.913,-0.957,NaN,NaN,NaN,NaN,NaN,NaN,NaN,NaN,NaN,NaN,NaN
452,10,8341.000,31.750,-8.304,0.068,-0.099,0.006,0.984,91,0,-3.998,2.487,970.000,221.000,993.000,254.000,31.650,-8.220,-1.330,1.900,0.590,1.840,-0.907
453,11,8341.000,35.880,-13.171,0.138,-0.184,0.010,0.842,91,0,-4.572,0.411,1095.000,197.000,1116.000,265.000,35.910,-13.150,-0.990,0.800,0.640,1.790,-0.736
454,12,8341.000,30.418,-11.490,0.068,-0.054,0.813,0.123,91,0,1.493,-1.373,1105.000,197.000,1135.000,272.000,30.420,-11.470,-1.250,0.720,0.620,1.590,-0.604
455,8,8342.000,28.338,-5.711,0.040,-0.159,0.782,NaN,92,0,3.460,-1.314,864.000,198.000,900.000,264.000,NaN,NaN,NaN,NaN,NaN,NaN,NaN
456,9,8342.000,37.292,-16.275,0.132,-0.170,NaN,NaN,92,0,-1.013,-0.506,NaN,NaN,NaN,NaN,NaN,NaN,NaN,NaN,NaN,NaN,NaN
457,10,8342.000,31.818,-8.402,0.068,-0.098,NaN,NaN,92,0,-2.654,-1.327,NaN,NaN,NaN,NaN,NaN,NaN,NaN,NaN,NaN,NaN,NaN
458,11,8342.000,36.029,-13.339,0.140,-0.181,0.135,NaN,92,0,-1.790,-1.317,1102.000,197.000,1119.000,252.000,NaN,NaN,NaN,NaN,NaN,NaN,NaN
459,12,8342.000,30.491,-11.542,0.070,-0.054,0.765,NaN,92,0,3.261,-1.325,1107.000,198.000,1136.000,272.000,NaN,NaN,NaN,NaN,NaN,NaN,NaN
460,8,8343.000,28.709,-5.783,0.089,-0.131,0.686,0.172,93,0,0.497,-1.130,866.000,199.000,906.000,260.000,28.790,-5.500,-1.220,0.730,0.570,1.730,-0.243
461,9,8343.000,37.423,-16.445,0.131,-0.170,NaN,NaN,93,0,-0.076,-0.038,NaN,NaN,NaN,NaN,NaN,NaN,NaN,NaN,NaN,NaN,NaN
462,10,8343.000,31.896,-8.527,0.070,-0.106,0.460,0.066,93,0,-1.509,-1.760,965.000,190.000,995.000,259.000,31.920,-8.580,-1.280,1.890,0.640,1.850,-0.856
463,11,8343.000,36.168,-13.520,0.139,-0.181,NaN,NaN,93,0,-2.642,-1.321,NaN,NaN,NaN,NaN,NaN,NaN,NaN,NaN,NaN,NaN,NaN
464,12,8343.000,30.530,-11.564,0.064,-0.045,0.779,0.476,93,0,1.158,-0.480,1107.000,189.000,1137.000,272.000,30.500,-11.510,-1.260,0.790,0.580,1.710,-0.597
465,8,8344.000,28.931,-5.881,0.109,-0.120,0.731,0.257,94,0,1.015,-0.885,871.000,198.000,911.000,256.000,29.030,-5.830,-1.330,1.770,0.580,1.810,-1.029
466,9,8344.000,37.555,-16.616,0.132,-0.170,NaN,NaN,94,0,-0.076,-0.038,NaN,NaN,NaN,NaN,NaN,NaN,NaN,NaN,NaN,NaN,NaN
467,10,8344.000,31.997,-8.638,0.077,-0.106,0.638,0.982,94,0,-0.540,2.487,971.000,196.000,995.000,258.000,32.050,-8.640,-1.200,1.930,0.610,1.850,-0.934
468,11,8344.000,36.307,-13.701,0.139,-0.181,NaN,NaN,94,0,2.608,-1.322,NaN,NaN,NaN,NaN,NaN,NaN,NaN,NaN,NaN,NaN,NaN
469,12,8344.000,30.614,-11.616,0.066,-0.047,0.798,0.738,94,0,1.127,0.326,1111.000,197.000,1141.000,272.000,30.620,-11.640,-1.240,0.750,0.680,1.580,-1.092
470,8,8345.000,29.040,-5.970,0.107,-0.114,0.644,NaN,95,0,1.183,-1.319,875.000,199.000,911.000,257.000,NaN,NaN,NaN,NaN,NaN,NaN,NaN
471,9,8345.000,37.642,-16.929,0.129,-0.183,0.091,NaN,95,0,-0.000,-0.000,1204.000,189.000,1228.000,248.000,NaN,NaN,NaN,NaN,NaN,NaN,NaN
472,10,8345.000,32.065,-8.785,0.076,-0.111,0.445,NaN,95,0,-0.082,-1.327,973.000,192.000,998.000,262.000,NaN,NaN,NaN,NaN,NaN,NaN,NaN
473,11,8345.000,36.457,-13.906,0.139,-0.185,0.766,NaN,95,0,3.261,-1.323,1112.000,194.000,1141.000,272.000,NaN,NaN,NaN,NaN,NaN,NaN,NaN
474,12,8345.000,30.680,-11.663,0.067,-0.047,NaN,NaN,95,0,-2.651,-1.325,NaN,NaN,NaN,NaN,NaN,NaN,NaN,NaN,NaN,NaN,NaN
475,8,8346.000,29.095,-6.039,0.100,-0.109,0.375,0.997,96,0,-1.325,5.442,881.000,198.000,912.000,275.000,29.070,-5.960,-1.200,1.750,0.560,1.800,-1.029
476,9,8346.000,37.844,-17.120,0.141,-0.182,0.026,NaN,96,0,-1.680,-0.719,1210.000,192.000,1228.000,232.000,NaN,NaN,NaN,NaN,NaN,NaN,NaN
477,10,8346.000,32.100,-8.846,0.070,-0.100,0.016,0.800,96,0,-3.979,0.458,972.000,197.000,1002.000,262.000,32.050,-8.750,-1.100,0.900,0.480,1.790,-0.781
478,11,8346.000,36.595,-14.092,0.139,-0.185,NaN,NaN,96,0,-2.650,-1.325,NaN,NaN,NaN,NaN,NaN,NaN,NaN,NaN,NaN,NaN,NaN
479,12,8346.000,30.727,-11.749,0.063,-0.054,0.781,0.131,96,0,0.945,-1.456,1115.000,195.000,1145.000,271.000,30.710,-11.790,-1.240,0.760,0.630,1.700,-0.428
480,8,8347.000,29.271,-6.193,0.116,-0.118,0.460,0.141,97,0,-0.879,-1.215,886.000,198.000,911.000,260.000,29.390,-6.280,-1.350,1.710,0.600,1.810,-0.909
481,9,8347.000,37.986,-17.299,0.142,-0.179,NaN,NaN,97,0,-1.736,-0.868,NaN,NaN,NaN,NaN,NaN,NaN,NaN,NaN,NaN,NaN,NaN
482,10,8347.000,32.236,-8.963,0.082,-0.101,NaN,0.978,97,0,-4.005,2.487,952.000,193.000,1030.000,270.000,32.320,-8.990,-1.130,1.890,0.570,1.800,-1.050
483,11,8347.000,36.770,-14.239,0.145,-0.176,0.769,NaN,97,0,3.261,-1.325,1119.000,195.000,1146.000,272.000,NaN,NaN,NaN,NaN,NaN,NaN,NaN
484,12,8347.000,30.792,-11.804,0.064,-0.055,NaN,NaN,97,0,-2.651,-1.326,NaN,NaN,NaN,NaN,NaN,NaN,NaN,NaN,NaN,NaN,NaN
485,8,8348.000,29.379,-6.331,0.115,-0.126,0.069,NaN,98,0,-2.224,-1.297,890.000,198.000,927.000,258.000,NaN,NaN,NaN,NaN,NaN,NaN,NaN
486,9,8348.000,38.128,-17.478,0.142,-0.179,NaN,NaN,98,0,0.669,-0.918,NaN,NaN,NaN,NaN,NaN,NaN,NaN,NaN,NaN,NaN,NaN
487,10,8348.000,32.311,-9.081,0.079,-0.105,0.032,NaN,98,0,-2.816,-1.327,974.000,199.000,1015.000,259.000,NaN,NaN,NaN,NaN,NaN,NaN,NaN
488,11,8348.000,36.959,-14.371,0.152,-0.168,0.790,NaN,98,0,3.665,-1.326,1119.000,196.000,1147.000,272.000,NaN,NaN,NaN,NaN,NaN,NaN,NaN
489,12,8348.000,30.856,-11.859,0.064,-0.056,NaN,NaN,98,0,-2.652,-1.326,NaN,NaN,NaN,NaN,NaN,NaN,NaN,NaN,NaN,NaN,NaN
490,8,8349.000,29.519,-6.491,0.119,-0.136,0.100,0.148,99,0,-2.802,-1.276,894.000,202.000,933.000,256.000,29.540,-6.540,-1.210,1.950,0.590,1.810,-0.895
491,9,8349.000,38.269,-17.658,0.141,-0.180,NaN,NaN,99,0,1.640,-0.884,NaN,NaN,NaN,NaN,NaN,NaN,NaN,NaN,NaN,NaN,NaN
492,10,8349.000,32.426,-9.191,0.086,-0.105,0.217,0.975,99,0,-2.602,2.487,985.000,195.000,1011.000,251.000,32.480,-9.200,-1.170,1.870,0.620,1.850,-0.909
493,11,8349.000,37.131,-14.501,0.159,-0.161,0.735,NaN,99,0,2.746,-1.326,1120.000,197.000,1150.000,271.000,NaN,NaN,NaN,NaN,NaN,NaN,NaN
494,12,8349.000,30.921,-11.914,0.066,-0.055,NaN,NaN,99,0,-2.652,-1.326,NaN,NaN,NaN,NaN,NaN,NaN,NaN,NaN,NaN,NaN,NaN
495,8,8350.000,29.605,-6.597,0.113,-0.132,0.350,0.999,100,0,-1.581,5.979,900.000,198.000,938.000,255.000,29.580,-6.560,-1.190,1.810,0.590,1.790,-0.939
496,9,8350.000,38.411,-17.838,0.142,-0.180,NaN,NaN,100,0,0.367,-0.697,NaN,NaN,NaN,NaN,NaN,NaN,NaN,NaN,NaN,NaN,NaN
497,10,8350.000,32.584,-9.354,0.102,-0.116,0.193,0.738,100,0,-2.980,0.109,988.000,203.000,1016.000,248.000,32.700,-9.450,-1.150,1.860,0.590,1.890,-1.008
498,11,8350.000,37.214,-14.855,0.145,-0.202,0.214,NaN,100,0,-1.411,-1.326,1145.000,188.000,1162.000,246.000,NaN,NaN,NaN,NaN,NaN,NaN,NaN
499,12,8350.000,30.954,-11.924,0.062,-0.045,0.743,0.003,100,0,0.652,-1.916,1121.000,197.000,1152.000,271.000,30.950,-11.910,-1.310,0.730,0.640,1.790,-0.449
500,8,8351.000,29.722,-6.733,0.115,-0.130,0.058,NaN,101,0,-2.138,-1.316,899.000,198.000,946.000,262.000,NaN,NaN,NaN,NaN,NaN,NaN,NaN
501,9,8351.000,38.553,-18.017,0.143,-0.179,NaN,NaN,101,0,-0.790,-0.395,NaN,NaN,NaN,NaN,NaN,NaN,NaN,NaN,NaN,NaN,NaN
502,10,8351.000,32.684,-9.470,0.101,-0.115,NaN,NaN,101,0,-1.680,-1.327,NaN,NaN,NaN,NaN,NaN,NaN,NaN,NaN,NaN,NaN,NaN
503,11,8351.000,37.339,-15.061,0.140,-0.205,0.595,NaN,101,0,0.941,-1.323,1145.000,187.000,1165.000,248.000,NaN,NaN,NaN,NaN,NaN,NaN,NaN
504,12,8351.000,30.980,-12.041,0.060,-0.056,0.663,NaN,101,0,1.613,-1.326,1122.000,196.000,1152.000,269.000,NaN,NaN,NaN,NaN,NaN,NaN,NaN
505,8,8352.000,29.781,-6.834,0.103,-0.127,0.560,0.427,102,0,-0.529,-0.664,915.000,197.000,946.000,254.000,29.730,-6.790,-1.240,1.810,0.600,1.810,-0.969
506,9,8352.000,38.695,-18.196,0.142,-0.179,NaN,NaN,102,0,0.393,-0.068,NaN,NaN,NaN,NaN,NaN,NaN,NaN,NaN,NaN,NaN,NaN
507,10,8352.000,32.781,-9.587,0.100,-0.117,0.027,0.992,102,0,-4.125,2.454,989.000,197.000,1025.000,253.000,32.750,-9.570,-1.300,1.840,0.580,1.820,-0.887
508,11,8352.000,37.307,-15.176,0.112,-0.192,NaN,0.001,102,0,-4.791,-2.395,1148.000,188.000,1178.000,256.000,37.300,-15.230,-0.970,0.820,0.660,1.830,-0.346
509,12,8352.000,31.022,-12.128,0.061,-0.062,0.608,NaN,102,0,1.112,-1.326,1125.000,195.000,1153.000,268.000,NaN,NaN,NaN,NaN,NaN,NaN,NaN
510,8,8353.000,29.908,-6.962,0.108,-0.128,0.714,0.728,103,0,0.526,0.390,916.000,197.000,951.000,254.000,29.940,-6.950,-1.220,1.660,0.610,1.860,-0.994
511,9,8353.000,38.839,-18.375,0.143,-0.178,NaN,NaN,103,0,0.746,-0.068,NaN,NaN,NaN,NaN,NaN,NaN,NaN,NaN,NaN,NaN,NaN
512,10,8353.000,32.867,-9.645,0.096,-0.106,0.637,0.358,103,0,-0.753,-1.067,1006.000,196.000,1031.000,249.000,32.820,-9.570,-1.250,0.810,0.600,1.710,-1.049
513,11,8353.000,37.531,-15.435,0.119,-0.202,0.404,0.012,103,0,-2.826,-2.442,1154.000,190.000,1177.000,249.000,37.540,-15.500,-1.450,0.810,0.530,1.710,2.037
514,12,8353.000,31.089,-12.176,0.063,-0.056,0.768,NaN,103,0,3.261,-1.326,1123.000,196.000,1153.000,271.000,NaN,NaN,NaN,NaN,NaN,NaN,NaN
515,8,8354.000,30.006,-7.112,0.110,-0.132,0.791,NaN,104,0,3.411,-1.327,918.000,197.000,955.000,254.000,NaN,NaN,NaN,NaN,NaN,NaN,NaN
516,9,8354.000,38.980,-18.553,0.142,-0.178,NaN,NaN,104,0,1.946,-0.068,NaN,NaN,NaN,NaN,NaN,NaN,NaN,NaN,NaN,NaN,NaN
517,10,8354.000,32.964,-9.751,0.096,-0.106,NaN,NaN,104,0,-1.709,-1.327,NaN,NaN,NaN,NaN,NaN,NaN,NaN,NaN,NaN,NaN,NaN
518,11,8354.000,37.638,-15.623,0.118,-0.200,0.648,NaN,104,0,1.281,-1.306,1157.000,190.000,1181.000,250.000,NaN,NaN,NaN,NaN,NaN,NaN,NaN
519,12,8354.000,31.165,-12.216,0.068,-0.051,0.777,NaN,104,0,3.460,-1.326,1123.000,196.000,1153.000,270.000,NaN,NaN,NaN,NaN,NaN,NaN,NaN
520,8,8355.000,30.098,-7.209,0.107,-0.124,0.796,1.000,105,0,1.344,5.979,923.000,198.000,960.000,255.000,30.080,-7.130,-1.170,2.020,0.590,1.920,-0.977
521,9,8355.000,39.122,-18.732,0.141,-0.180,NaN,NaN,105,0,1.195,-0.056,NaN,NaN,NaN,NaN,NaN,NaN,NaN,NaN,NaN,NaN,NaN
522,10,8355.000,33.058,-9.906,0.097,-0.116,0.314,0.993,105,0,-2.439,2.454,1011.000,197.000,1038.000,252.000,33.050,-9.960,-1.210,1.870,0.620,1.830,-0.978
523,11,8355.000,37.761,-15.798,0.122,-0.198,0.402,NaN,105,0,-0.556,-1.304,1161.000,191.000,1184.000,250.000,NaN,NaN,NaN,NaN,NaN,NaN,NaN
524,12,8355.000,31.322,-12.300,0.085,-0.055,0.797,0.797,105,0,1.127,0.564,1123.000,195.000,1153.000,270.000,31.360,-12.300,-1.190,0.740,0.890,1.520,-0.586
525,8,8356.000,30.251,-7.342,0.118,-0.126,0.752,1.000,106,0,0.957,5.979,929.000,198.000,965.000,257.000,30.310,-7.330,-1.150,2.020,0.590,1.860,-0.897
526,9,8356.000,39.261,-18.911,0.139,-0.179,NaN,NaN,106,0,-0.000,-0.000,NaN,NaN,NaN,NaN,NaN,NaN,NaN,NaN,NaN,NaN,NaN
527,10,8356.000,33.164,-10.041,0.098,-0.117,0.358,0.023,106,0,-2.134,-2.079,1021.000,198.000,1040.000,255.000,33.170,-10.100,-1.100,0.810,0.640,1.750,-0.534
528,11,8356.000,37.891,-15.988,0.122,-0.196,0.025,NaN,106,0,-2.766,-1.303,1166.000,199.000,1190.000,251.000,NaN,NaN,NaN,NaN,NaN,NaN,NaN
529,12,8356.000,31.412,-12.347,0.086,-0.054,0.764,NaN,106,0,3.077,-1.326,1126.000,190.000,1154.000,270.000,NaN,NaN,NaN,NaN,NaN,NaN,NaN
530,8,8357.000,30.364,-7.492,0.112,-0.131,0.777,NaN,107,0,3.211,-1.327,930.000,197.000,968.000,255.000,NaN,NaN,NaN,NaN,NaN,NaN,NaN
531,9,8357.000,39.402,-19.089,0.140,-0.179,NaN,NaN,107,0,-0.000,-0.000,NaN,NaN,NaN,NaN,NaN,NaN,NaN,NaN,NaN,NaN,NaN
532,10,8357.000,33.224,-10.269,0.088,-0.140,0.620,NaN,107,0,0.986,-1.327,1022.000,197.000,1044.000,256.000,NaN,NaN,NaN,NaN,NaN,NaN,NaN
533,11,8357.000,38.014,-16.184,0.122,-0.196,NaN,NaN,107,0,-2.599,-1.299,NaN,NaN,NaN,NaN,NaN,NaN,NaN,NaN,NaN,NaN,NaN
534,12,8357.000,31.497,-12.402,0.086,-0.054,0.756,NaN,107,0,3.077,-1.325,1128.000,190.000,1155.000,269.000,NaN,NaN,NaN,NaN,NaN,NaN,NaN
535,8,8358.000,30.456,-7.551,0.110,-0.114,0.735,0.927,108,0,0.780,5.979,936.000,197.000,972.000,256.000,30.460,-7.440,-1.220,1.950,0.570,1.890,-0.823
536,9,8358.000,39.543,-19.268,0.141,-0.179,NaN,NaN,108,0,-0.060,-0.030,NaN,NaN,NaN,NaN,NaN,NaN,NaN,NaN,NaN,NaN,NaN
537,10,8358.000,33.379,-10.442,0.101,-0.149,0.092,0.992,108,0,-3.597,2.454,1026.000,197.000,1050.000,256.000,33.490,-10.520,-1.290,1.940,0.570,1.900,-0.941
538,11,8358.000,38.136,-16.379,0.123,-0.195,NaN,NaN,108,0,-0.748,-1.249,NaN,NaN,NaN,NaN,NaN,NaN,NaN,NaN,NaN,NaN,NaN
539,12,8358.000,31.582,-12.455,0.086,-0.053,0.766,NaN,108,0,3.261,-1.325,1129.000,190.000,1156.000,269.000,NaN,NaN,NaN,NaN,NaN,NaN,NaN
540,213,8358.000,4.010,3.070,0.000,0.000,NaN,0.994,108,0,0.000,1.541,-706.000,220.000,-242.000,891.000,4.010,3.070,-1.340,0.690,0.690,1.730,0.368
541,8,8359.000,30.627,-7.690,0.123,-0.121,0.659,0.072,109,0,-0.196,-1.653,940.000,198.000,977.000,258.000,30.740,-7.740,-1.230,1.790,0.560,1.900,-0.793
542,9,8359.000,39.686,-19.448,0.141,-0.179,NaN,NaN,109,0,-0.056,-0.028,NaN,NaN,NaN,NaN,NaN,NaN,NaN,NaN,NaN,NaN,NaN
543,10,8359.000,33.500,-10.582,0.104,-0.148,0.599,0.991,109,0,-1.181,2.532,1031.000,198.000,1051.000,257.000,33.560,-10.570,-1.220,1.770,0.560,1.780,-0.965
544,11,8359.000,38.259,-16.574,0.122,-0.195,NaN,NaN,109,0,-2.128,-1.064,NaN,NaN,NaN,NaN,NaN,NaN,NaN,NaN,NaN,NaN,NaN
545,12,8359.000,31.649,-12.521,0.080,-0.057,0.716,0.441,109,0,0.210,-0.830,1131.000,197.000,1156.000,268.000,31.630,-12.560,-1.210,0.730,0.650,1.730,-0.193
546,213,8359.000,4.147,3.070,0.117,0.006,NaN,1.000,109,0,0.000,1.541,-641.000,235.000,-213.000,831.000,4.180,3.070,-1.320,0.670,0.740,1.590,0.446
547,8,8360.000,30.744,-7.831,0.123,-0.126,0.465,NaN,110,0,0.057,-1.327,943.000,198.000,977.000,264.000,NaN,NaN,NaN,NaN,NaN,NaN,NaN
548,9,8360.000,39.827,-19.625,0.141,-0.178,NaN,NaN,110,0,-0.275,-0.137,NaN,NaN,NaN,NaN,NaN,NaN,NaN,NaN,NaN,NaN,NaN
549,10,8360.000,33.588,-10.760,0.103,-0.157,0.055,NaN,110,0,-2.805,-1.327,1039.000,224.000,1052.000,262.000,NaN,NaN,NaN,NaN,NaN,NaN,NaN
550,11,8360.000,38.381,-16.771,0.122,-0.196,NaN,NaN,110,0,-1.085,-0.543,NaN,NaN,NaN,NaN,NaN,NaN,NaN,NaN,NaN,NaN,NaN
551,12,8360.000,31.724,-12.573,0.079,-0.056,0.690,NaN,110,0,1.982,-1.325,1132.000,197.000,1158.000,268.000,NaN,NaN,NaN,NaN,NaN,NaN,NaN
552,213,8360.000,4.264,3.075,0.117,0.006,NaN,NaN,110,0,-2.654,-1.327,NaN,NaN,NaN,NaN,NaN,NaN,NaN,NaN,NaN,NaN,NaN
553,8,8361.000,30.827,-7.925,0.117,-0.119,0.055,0.789,111,0,-3.427,0.512,948.000,198.000,976.000,260.000,30.770,-7.880,-1.190,1.740,0.550,1.850,-0.907
554,9,8361.000,39.971,-19.803,0.142,-0.178,NaN,NaN,111,0,-0.373,-0.186,NaN,NaN,NaN,NaN,NaN,NaN,NaN,NaN,NaN,NaN,NaN
555,10,8361.000,33.577,-10.843,0.087,-0.135,NaN,0.080,111,0,-4.353,-1.947,1017.000,197.000,1061.000,270.000,33.520,-10.540,-1.220,0.890,0.570,1.780,-0.952
556,11,8361.000,38.505,-16.967,0.123,-0.197,NaN,NaN,111,0,-0.020,-0.041,NaN,NaN,NaN,NaN,NaN,NaN,NaN,NaN,NaN,NaN,NaN
557,12,8361.000,31.802,-12.624,0.079,-0.054,0.691,NaN,111,0,1.982,-1.325,1131.000,194.000,1160.000,269.000,NaN,NaN,NaN,NaN,NaN,NaN,NaN
558,213,8361.000,4.347,3.084,0.108,0.011,NaN,0.996,111,0,0.000,1.541,-541.000,201.000,-224.000,801.000,4.340,3.080,-1.270,0.670,0.560,1.700,0.517
559,8,8362.000,30.968,-8.037,0.123,-0.118,0.033,1.000,112,0,-3.761,6.654,953.000,201.000,979.000,256.000,30.990,-8.020,-1.220,1.870,0.560,1.880,-0.905
560,9,8362.000,40.116,-19.981,0.145,-0.178,NaN,NaN,112,0,-0.397,-0.198,NaN,NaN,NaN,NaN,NaN,NaN,NaN,NaN,NaN,NaN,NaN
561,10,8362.000,33.648,-10.903,0.088,-0.112,0.017,0.381,112,0,-4.337,-1.131,1047.000,213.000,1078.000,254.000,33.700,-10.650,-1.370,1.840,0.580,1.740,-0.875
562,11,8362.000,38.629,-17.164,0.124,-0.196,NaN,NaN,112,0,-0.000,-0.000,NaN,NaN,NaN,NaN,NaN,NaN,NaN,NaN,NaN,NaN,NaN
563,12,8362.000,31.844,-12.658,0.073,-0.050,0.717,0.484,112,0,0.210,-0.694,1133.000,194.000,1162.000,268.000,31.840,-12.620,-1.340,0.910,0.540,1.820,-0.807
564,213,8362.000,4.474,3.086,0.115,0.008,NaN,0.998,112,0,0.000,1.541,-561.000,222.000,-148.000,763.000,4.480,3.080,-1.280,0.730,0.690,1.580,0.184
565,8,8363.000,31.091,-8.156,0.124,-0.119,NaN,NaN,113,0,-0.545,-1.327,NaN,NaN,NaN,NaN,NaN,NaN,NaN,NaN,NaN,NaN,NaN
566,9,8363.000,40.262,-20.160,0.146,-0.179,NaN,NaN,113,0,-0.198,-0.365,NaN,NaN,NaN,NaN,NaN,NaN,NaN,NaN,NaN,NaN,NaN
567,10,8363.000,33.736,-11.014,0.087,-0.111,NaN,NaN,113,0,-2.653,-1.327,NaN,NaN,NaN,NaN,NaN,NaN,NaN,NaN,NaN,NaN,NaN
568,11,8363.000,38.754,-17.360,0.125,-0.197,NaN,NaN,113,0,-0.104,-0.081,NaN,NaN,NaN,NaN,NaN,NaN,NaN,NaN,NaN,NaN,NaN
569,12,8363.000,31.917,-12.725,0.070,-0.054,0.733,NaN,113,0,2.590,-1.325,1134.000,195.000,1163.000,268.000,NaN,NaN,NaN,NaN,NaN,NaN,NaN
570,213,8363.000,4.591,3.094,0.117,0.007,NaN,NaN,113,0,-2.654,-1.327,NaN,NaN,NaN,NaN,NaN,NaN,NaN,NaN,NaN,NaN,NaN
571,8,8364.000,31.217,-8.254,0.126,-0.115,0.061,1.000,114,0,-3.427,6.654,960.000,198.000,993.000,257.000,31.210,-8.230,-1.310,1.890,0.560,1.870,-0.836
572,9,8364.000,40.411,-20.337,0.148,-0.177,NaN,NaN,114,0,-1.877,-0.938,NaN,NaN,NaN,NaN,NaN,NaN,NaN,NaN,NaN,NaN,NaN
573,10,8364.000,33.833,-11.068,0.093,-0.095,0.034,0.143,114,0,-4.304,-1.764,1051.000,198.000,1077.000,261.000,33.880,-10.950,-1.440,0.820,0.600,1.690,-1.036
574,11,8364.000,38.867,-17.474,0.121,-0.187,0.342,NaN,114,0,-0.358,-0.543,1204.000,190.000,1226.000,231.000,NaN,NaN,NaN,NaN,NaN,NaN,NaN
575,12,8364.000,31.875,-12.734,0.050,-0.047,0.804,0.060,114,0,0.916,-1.813,1134.000,197.000,1164.000,268.000,31.820,-12.670,-1.490,0.850,0.590,1.720,-0.509
576,213,8364.000,4.661,3.074,0.104,-0.003,NaN,0.999,114,0,0.000,1.609,-498.000,218.000,-124.000,749.000,4.640,3.060,-1.290,0.780,0.580,1.620,0.087
577,8,8365.000,31.377,-8.397,0.131,-0.119,0.704,0.998,115,0,0.159,6.654,965.000,197.000,996.000,256.000,31.420,-8.430,-1.180,1.940,0.560,1.880,-0.862
578,9,8365.000,41.437,-18.694,0.169,-0.050,0.161,NaN,115,0,-1.876,-1.327,1208.000,191.000,1226.000,231.000,NaN,NaN,NaN,NaN,NaN,NaN,NaN
579,10,8365.000,33.924,-11.161,0.092,-0.094,NaN,NaN,115,0,-0.350,-1.325,NaN,NaN,NaN,NaN,NaN,NaN,NaN,NaN,NaN,NaN,NaN
580,11,8365.000,38.989,-17.638,0.122,-0.183,0.032,NaN,115,0,-1.560,-0.735,1207.000,192.000,1229.000,248.000,NaN,NaN,NaN,NaN,NaN,NaN,NaN
581,12,8365.000,31.963,-12.795,0.058,-0.047,0.737,0.173,115,0,0.433,-1.446,1136.000,198.000,1165.000,268.000,32.030,-12.820,-1.200,0.740,0.680,1.700,-0.248
582,213,8365.000,4.770,3.090,0.105,0.004,NaN,0.999,115,0,0.000,1.609,-480.000,213.000,-116.000,737.000,4.770,3.100,-1.280,0.810,0.620,1.630,0.182
583,8,8366.000,31.502,-8.557,0.128,-0.129,0.566,NaN,116,0,0.787,-1.327,967.000,193.000,999.000,260.000,NaN,NaN,NaN,NaN,NaN,NaN,NaN
584,9,8366.000,41.707,-18.845,0.165,-0.055,0.317,NaN,116,0,-0.722,-0.840,1211.000,191.000,1228.000,231.000,NaN,NaN,NaN,NaN,NaN,NaN,NaN
585,10,8366.000,34.014,-11.255,0.090,-0.093,NaN,NaN,116,0,-0.439,-1.320,NaN,NaN,NaN,NaN,NaN,NaN,NaN,NaN,NaN,NaN,NaN
586,11,8366.000,39.109,-17.821,0.121,-0.183,NaN,NaN,116,0,-1.746,-0.873,NaN,NaN,NaN,NaN,NaN,NaN,NaN,NaN,NaN,NaN,NaN
587,12,8366.000,32.023,-12.834,0.059,-0.046,0.804,NaN,116,0,3.866,-1.324,1136.000,198.000,1165.000,267.000,NaN,NaN,NaN,NaN,NaN,NaN,NaN
588,213,8366.000,4.876,3.093,0.106,0.003,NaN,NaN,116,0,-2.654,-1.327,NaN,NaN,NaN,NaN,NaN,NaN,NaN,NaN,NaN,NaN,NaN
589,8,8367.000,31.645,-8.678,0.132,-0.125,0.466,0.997,117,0,-1.443,2.487,971.000,199.000,1005.000,260.000,31.650,-8.660,-1.150,1.890,0.580,1.950,-0.863
590,9,8367.000,42.002,-19.017,0.166,-0.069,0.253,NaN,117,0,-0.815,-0.885,1214.000,190.000,1234.000,231.000,NaN,NaN,NaN,NaN,NaN,NaN,NaN
591,10,8367.000,34.164,-11.474,0.098,-0.117,NaN,0.325,117,0,-4.298,-1.297,1039.000,200.000,1103.000,270.000,34.220,-11.610,-1.260,1.800,0.530,1.750,2.183
592,11,8367.000,39.231,-18.004,0.121,-0.183,NaN,NaN,117,0,-0.209,-0.959,NaN,NaN,NaN,NaN,NaN,NaN,NaN,NaN,NaN,NaN,NaN
593,12,8367.000,32.090,-12.864,0.062,-0.044,0.819,NaN,117,0,4.217,-1.324,1135.000,196.000,1166.000,268.000,NaN,NaN,NaN,NaN,NaN,NaN,NaN
594,213,8367.000,4.951,3.091,0.094,0.001,NaN,1.000,117,0,0.000,1.609,-428.000,206.000,-94.000,725.000,4.940,3.090,-1.280,0.840,0.590,1.680,0.205
595,8,8368.000,31.767,-8.797,0.132,-0.123,0.634,0.959,118,0,-0.604,2.487,977.000,197.000,1009.000,254.000,31.740,-8.790,-1.190,0.830,0.580,1.800,-1.000
596,9,8368.000,42.167,-19.086,0.165,-0.068,NaN,NaN,118,0,-0.444,-0.926,NaN,NaN,NaN,NaN,NaN,NaN,NaN,NaN,NaN,NaN,NaN
597,10,8368.000,34.316,-11.647,0.106,-0.127,0.018,0.229,118,0,-4.065,-1.388,1047.000,197.000,1089.000,254.000,34.380,-11.730,-1.330,0.760,0.620,1.780,-1.272
598,11,8368.000,39.351,-18.186,0.120,-0.182,NaN,NaN,118,0,-1.805,-0.903,NaN,NaN,NaN,NaN,NaN,NaN,NaN,NaN,NaN,NaN,NaN
599,12,8368.000,32.153,-12.890,0.061,-0.039,0.813,NaN,118,0,4.053,-1.323,1136.000,195.000,1165.000,269.000,NaN,NaN,NaN,NaN,NaN,NaN,NaN
600,213,8368.000,5.104,3.076,0.117,-0.005,NaN,1.000,118,0,0.000,1.609,-379.000,208.000,-53.000,696.000,5.160,3.070,-1.280,0.710,0.760,1.660,0.332
601,8,8369.000,31.894,-8.945,0.131,-0.130,0.617,NaN,119,0,0.986,-1.327,978.000,196.000,1009.000,254.000,NaN,NaN,NaN,NaN,NaN,NaN,NaN
602,9,8369.000,42.332,-19.153,0.166,-0.068,NaN,NaN,119,0,-1.853,-0.926,NaN,NaN,NaN,NaN,NaN,NaN,NaN,NaN,NaN,NaN,NaN
603,10,8369.000,34.368,-11.895,0.091,-0.154,0.304,NaN,119,0,-0.956,-1.272,1071.000,198.000,1092.000,256.000,NaN,NaN,NaN,NaN,NaN,NaN,NaN
604,11,8369.000,39.472,-18.368,0.120,-0.182,NaN,NaN,119,0,-0.208,-0.625,NaN,NaN,NaN,NaN,NaN,NaN,NaN,NaN,NaN,NaN,NaN
605,12,8369.000,32.214,-12.905,0.061,-0.031,0.832,NaN,119,0,4.351,-1.323,1135.000,195.000,1165.000,268.000,NaN,NaN,NaN,NaN,NaN,NaN,NaN
606,213,8369.000,5.222,3.072,0.118,-0.004,NaN,NaN,119,0,-2.654,-1.327,NaN,NaN,NaN,NaN,NaN,NaN,NaN,NaN,NaN,NaN,NaN
607,8,8370.000,31.992,-9.065,0.127,-0.126,0.317,0.413,120,0,-2.199,-0.924,983.000,196.000,1008.000,261.000,31.960,-9.040,-1.210,1.760,0.580,1.800,-0.893
608,9,8370.000,42.499,-19.222,0.166,-0.068,NaN,NaN,120,0,-1.828,-0.914,NaN,NaN,NaN,NaN,NaN,NaN,NaN,NaN,NaN,NaN,NaN
609,10,8370.000,34.467,-12.006,0.096,-0.143,0.036,0.151,120,0,-4.223,-1.725,1071.000,196.000,1095.000,256.000,34.490,-11.850,-1.330,0.750,0.550,1.770,-0.619
610,11,8370.000,39.593,-18.549,0.121,-0.181,NaN,NaN,120,0,-0.104,-0.233,NaN,NaN,NaN,NaN,NaN,NaN,NaN,NaN,NaN,NaN,NaN
611,12,8370.000,32.255,-12.917,0.057,-0.028,0.784,NaN,120,0,3.460,-1.323,1136.000,195.000,1165.000,267.000,NaN,NaN,NaN,NaN,NaN,NaN,NaN
612,213,8370.000,5.326,3.038,0.116,-0.014,NaN,1.000,120,0,0.000,1.609,-326.000,225.000,-22.000,675.000,5.330,3.030,-1.320,0.770,0.610,1.600,0.072
613,8,8371.000,32.263,-9.325,0.150,-0.152,0.596,0.067,121,0,-0.749,-1.760,988.000,197.000,1023.000,252.000,32.420,-9.560,-1.250,1.790,0.610,1.920,-0.817
614,9,8371.000,42.664,-19.291,0.165,-0.069,NaN,NaN,121,0,-1.846,-0.923,NaN,NaN,NaN,NaN,NaN,NaN,NaN,NaN,NaN,NaN,NaN
615,10,8371.000,34.545,-12.194,0.092,-0.154,0.029,NaN,121,0,-2.780,-1.310,1079.000,200.000,1101.000,256.000,NaN,NaN,NaN,NaN,NaN,NaN,NaN
616,11,8371.000,39.715,-18.729,0.121,-0.179,NaN,NaN,121,0,-0.147,-0.074,NaN,NaN,NaN,NaN,NaN,NaN,NaN,NaN,NaN,NaN,NaN
617,12,8371.000,32.302,-12.944,0.057,-0.028,0.745,NaN,121,0,2.906,-1.323,1137.000,195.000,1165.000,267.000,NaN,NaN,NaN,NaN,NaN,NaN,NaN
618,213,8371.000,5.486,3.010,0.130,-0.020,NaN,0.999,121,0,0.000,1.677,-268.000,211.000,-2.000,677.000,5.530,3.000,-1.330,0.800,0.500,1.730,0.054
619,8,8372.000,32.421,-9.451,0.152,-0.146,0.477,NaN,122,0,-0.083,-1.327,990.000,195.000,1022.000,249.000,NaN,NaN,NaN,NaN,NaN,NaN,NaN
620,9,8372.000,36.938,-15.977,0.033,0.134,0.247,NaN,122,0,-0.587,-0.894,1138.000,173.000,1179.000,267.000,NaN,NaN,NaN,NaN,NaN,NaN,NaN
621,10,8372.000,34.642,-12.341,0.092,-0.153,0.102,NaN,122,0,-1.924,-1.253,1081.000,198.000,1103.000,249.000,NaN,NaN,NaN,NaN,NaN,NaN,NaN
622,11,8372.000,39.834,-18.909,0.121,-0.180,NaN,NaN,122,0,-0.150,-0.075,NaN,NaN,NaN,NaN,NaN,NaN,NaN,NaN,NaN,NaN,NaN
623,12,8372.000,32.345,-12.972,0.054,-0.028,0.506,NaN,122,0,0.306,-1.323,1138.000,191.000,1165.000,267.000,NaN,NaN,NaN,NaN,NaN,NaN,NaN
624,213,8372.000,5.615,2.991,0.130,-0.019,NaN,NaN,122,0,-2.654,-1.327,NaN,NaN,NaN,NaN,NaN,NaN,NaN,NaN,NaN,NaN,NaN
625,8,8373.000,32.497,-9.567,0.136,-0.139,0.475,0.999,123,0,-1.443,2.487,997.000,198.000,1024.000,253.000,32.420,-9.510,-1.200,1.880,0.570,1.900,-0.898
626,9,8373.000,36.969,-15.842,0.032,0.135,NaN,NaN,123,0,-1.287,-0.643,NaN,NaN,NaN,NaN,NaN,NaN,NaN,NaN,NaN,NaN,NaN
627,10,8373.000,34.743,-12.509,0.094,-0.158,0.101,NaN,123,0,-1.625,-1.181,1080.000,199.000,1117.000,263.000,NaN,NaN,NaN,NaN,NaN,NaN,NaN
628,11,8373.000,39.954,-19.089,0.120,-0.180,NaN,NaN,123,0,-0.150,-0.075,NaN,NaN,NaN,NaN,NaN,NaN,NaN,NaN,NaN,NaN,NaN
629,12,8373.000,32.380,-13.005,0.052,-0.029,0.708,NaN,123,0,2.280,-1.323,1140.000,195.000,1165.000,266.000,NaN,NaN,NaN,NaN,NaN,NaN,NaN
630,213,8373.000,5.695,2.994,0.114,-0.010,NaN,1.000,123,0,0.000,1.677,-273.000,202.000,36.000,655.000,5.670,3.000,-1.290,0.840,0.640,1.720,-0.071
631,8,8374.000,32.574,-9.682,0.125,-0.133,0.756,0.970,124,0,0.391,2.454,1000.000,197.000,1030.000,254.000,32.530,-9.670,-1.220,2.030,0.630,1.940,-0.935
632,9,8374.000,37.001,-15.707,0.032,0.135,NaN,NaN,124,0,-2.252,-1.115,NaN,NaN,NaN,NaN,NaN,NaN,NaN,NaN,NaN,NaN,NaN
633,10,8374.000,34.838,-12.667,0.095,-0.158,NaN,NaN,124,0,-2.462,-1.231,NaN,NaN,NaN,NaN,NaN,NaN,NaN,NaN,NaN,NaN,NaN
634,11,8374.000,40.074,-19.270,0.119,-0.181,NaN,NaN,124,0,-0.031,-0.015,NaN,NaN,NaN,NaN,NaN,NaN,NaN,NaN,NaN,NaN,NaN
635,12,8374.000,32.414,-13.043,0.050,-0.032,0.763,NaN,124,0,3.077,-1.323,1141.000,190.000,1166.000,266.000,NaN,NaN,NaN,NaN,NaN,NaN,NaN
636,213,8374.000,5.839,2.978,0.124,-0.013,NaN,0.995,124,0,0.000,1.677,-263.000,198.000,85.000,654.000,5.860,2.970,-1.290,0.990,0.710,1.760,-0.255
637,8,8375.000,32.695,-9.815,0.125,-0.132,0.740,NaN,125,0,2.746,-1.327,1003.000,196.000,1034.000,265.000,NaN,NaN,NaN,NaN,NaN,NaN,NaN
638,9,8375.000,37.032,-15.571,0.031,0.135,NaN,NaN,125,0,-0.990,-1.267,NaN,NaN,NaN,NaN,NaN,NaN,NaN,NaN,NaN,NaN,NaN
639,10,8375.000,34.973,-12.990,0.096,-0.197,0.025,NaN,125,0,-3.011,-1.289,1107.000,224.000,1119.000,249.000,NaN,NaN,NaN,NaN,NaN,NaN,NaN
640,11,8375.000,40.195,-19.450,0.120,-0.181,NaN,NaN,125,0,-0.000,-0.000,NaN,NaN,NaN,NaN,NaN,NaN,NaN,NaN,NaN,NaN,NaN
641,12,8375.000,32.454,-13.081,0.049,-0.034,0.789,NaN,125,0,3.665,-1.322,1141.000,197.000,1168.000,266.000,NaN,NaN,NaN,NaN,NaN,NaN,NaN
642,213,8375.000,5.962,2.963,0.123,-0.015,NaN,NaN,125,0,-2.654,-1.327,NaN,NaN,NaN,NaN,NaN,NaN,NaN,NaN,NaN,NaN,NaN
643,8,8376.000,32.684,-9.850,0.098,-0.110,0.717,0.944,126,0,-0.012,2.454,1008.000,196.000,1044.000,259.000,32.560,-9.640,-1.260,0.740,0.640,1.650,-0.468
644,9,8376.000,37.062,-15.437,0.031,0.134,NaN,NaN,126,0,-2.603,-1.302,NaN,NaN,NaN,NaN,NaN,NaN,NaN,NaN,NaN,NaN,NaN
645,10,8376.000,35.067,-13.188,0.095,-0.198,NaN,NaN,126,0,-2.643,-1.322,NaN,NaN,NaN,NaN,NaN,NaN,NaN,NaN,NaN,NaN,NaN
646,11,8376.000,40.315,-19.629,0.121,-0.179,NaN,NaN,126,0,-0.061,-0.031,NaN,NaN,NaN,NaN,NaN,NaN,NaN,NaN,NaN,NaN,NaN
647,12,8376.000,32.764,-13.227,0.081,-0.050,0.707,0.027,126,0,-0.154,-2.055,1142.000,194.000,1168.000,267.000,32.790,-13.280,-0.970,0.760,0.480,1.680,-0.467
648,213,8376.000,6.070,2.947,0.118,-0.018,0.877,1.000,126,0,3.353,1.677,0.000,255.000,51.000,615.000,6.060,2.940,-1.270,0.720,0.630,1.590,-0.022
649,8,8377.000,32.731,-9.960,0.089,-0.110,0.463,0.209,127,0,-1.707,-1.431,1012.000,197.000,1043.000,250.000,32.680,-9.950,-1.270,1.550,0.530,1.770,2.081
650,9,8377.000,37.114,-15.259,0.037,0.146,0.032,NaN,127,0,-2.244,-1.305,1143.000,173.000,1179.000,265.000,NaN,NaN,NaN,NaN,NaN,NaN,NaN
651,10,8377.000,35.123,-13.274,0.093,-0.170,0.154,0.047,127,0,-3.673,-2.174,1102.000,199.000,1128.000,261.000,35.210,-12.930,-1.180,0.770,0.590,1.730,-0.905
652,11,8377.000,40.434,-19.809,0.119,-0.180,NaN,NaN,127,0,-0.061,-0.031,NaN,NaN,NaN,NaN,NaN,NaN,NaN,NaN,NaN,NaN,NaN
653,12,8377.000,32.859,-13.276,0.083,-0.049,0.722,0.140,127,0,-0.012,-1.650,1143.000,195.000,1170.000,265.000,32.880,-13.260,-1.280,0.810,0.630,1.680,-0.491
654,213,8377.000,6.187,2.921,0.118,-0.024,0.914,1.000,127,0,3.353,1.677,0.000,253.000,72.000,612.000,6.180,2.910,-1.310,0.800,0.570,1.630,-0.136
655,8,8378.000,32.810,-10.076,0.087,-0.112,0.619,NaN,128,0,0.986,-1.327,1014.000,197.000,1042.000,255.000,NaN,NaN,NaN,NaN,NaN,NaN,NaN
656,9,8378.000,37.158,-15.108,0.039,0.148,0.788,NaN,128,0,3.665,-1.307,1144.000,197.000,1172.000,265.000,NaN,NaN,NaN,NaN,NaN,NaN,NaN
657,10,8378.000,35.224,-13.359,0.101,-0.151,0.033,NaN,128,0,-2.809,-1.323,1108.000,200.000,1131.000,249.000,NaN,NaN,NaN,NaN,NaN,NaN,NaN
658,11,8378.000,40.551,-19.988,0.118,-0.179,NaN,NaN,128,0,-0.284,-0.142,NaN,NaN,NaN,NaN,NaN,NaN,NaN,NaN,NaN,NaN,NaN
659,12,8378.000,32.944,-13.325,0.084,-0.049,NaN,NaN,128,0,-1.794,-1.320,NaN,NaN,NaN,NaN,NaN,NaN,NaN,NaN,NaN,NaN,NaN
660,213,8378.000,6.330,2.829,0.127,-0.044,0.920,NaN,128,0,2.927,-1.327,0.000,254.000,84.000,612.000,NaN,NaN,NaN,NaN,NaN,NaN,NaN
661,8,8379.000,32.936,-10.200,0.097,-0.119,0.527,1.000,129,0,-1.468,2.454,1019.000,198.000,1050.000,252.000,33.010,-10.210,-1.260,1.900,0.570,1.820,-0.927
662,9,8379.000,37.194,-14.959,0.036,0.149,NaN,NaN,129,0,-1.127,-1.312,NaN,NaN,NaN,NaN,NaN,NaN,NaN,NaN,NaN,NaN,NaN
663,10,8379.000,35.301,-13.449,0.103,-0.137,0.030,0.150,129,0,-4.480,-1.839,1112.000,202.000,1138.000,249.000,35.420,-13.200,-1.340,0.840,0.630,1.730,-1.165
664,11,8379.000,40.669,-20.166,0.118,-0.178,NaN,NaN,129,0,-0.379,-0.190,NaN,NaN,NaN,NaN,NaN,NaN,NaN,NaN,NaN,NaN,NaN
665,12,8379.000,33.115,-13.472,0.097,-0.066,0.721,0.001,129,0,-0.012,-2.079,1146.000,196.000,1174.000,265.000,33.160,-13.570,-1.140,0.850,0.590,1.770,-1.154
666,213,8379.000,6.367,2.840,0.098,-0.022,0.917,1.000,129,0,3.353,1.677,0.000,254.000,96.000,608.000,6.320,2.890,-1.290,0.810,0.560,1.650,-0.232
667,8,8380.000,33.090,-10.373,0.108,-0.131,0.081,0.994,130,0,-3.662,2.454,1028.000,199.000,1046.000,247.000,33.190,-10.470,-1.260,1.900,0.580,1.860,-0.995
668,9,8380.000,37.230,-14.811,0.037,0.148,NaN,NaN,130,0,-1.478,-1.320,NaN,NaN,NaN,NaN,NaN,NaN,NaN,NaN,NaN,NaN,NaN
669,10,8380.000,35.446,-13.578,0.113,-0.134,0.056,0.067,130,0,-4.450,-2.186,1119.000,207.000,1137.000,247.000,35.630,-13.510,-1.150,0.910,0.740,1.720,-1.120
670,11,8380.000,40.786,-20.344,0.117,-0.178,NaN,NaN,130,0,-0.455,-0.228,NaN,NaN,NaN,NaN,NaN,NaN,NaN,NaN,NaN,NaN,NaN
671,12,8380.000,33.153,-13.516,0.089,-0.062,0.390,0.006,130,0,-2.063,-2.073,1147.000,169.000,1180.000,265.000,33.060,-13.480,-1.320,0.750,0.650,1.770,-0.592
672,213,8380.000,6.472,2.834,0.102,-0.016,0.926,0.999,130,0,3.353,1.677,0.000,250.000,100.000,595.000,6.480,2.850,-1.250,0.810,0.580,1.630,0.160
673,8,8381.000,33.190,-10.514,0.108,-0.133,0.041,NaN,131,0,-2.701,-1.327,1030.000,199.000,1051.000,259.000,NaN,NaN,NaN,NaN,NaN,NaN,NaN
674,9,8381.000,37.266,-14.662,0.037,0.149,NaN,NaN,131,0,-2.648,-1.324,NaN,NaN,NaN,NaN,NaN,NaN,NaN,NaN,NaN,NaN,NaN
675,10,8381.000,35.555,-13.693,0.113,-0.130,0.035,NaN,131,0,-3.095,-1.325,1121.000,207.000,1139.000,247.000,NaN,NaN,NaN,NaN,NaN,NaN,NaN
676,12,8381.000,33.234,-13.589,0.088,-0.066,0.417,NaN,131,0,-0.277,-1.318,1146.000,192.000,1177.000,265.000,NaN,NaN,NaN,NaN,NaN,NaN,NaN
677,213,8381.000,6.577,2.813,0.102,-0.017,0.928,NaN,131,0,3.034,-1.327,0.000,247.000,107.000,577.000,NaN,NaN,NaN,NaN,NaN,NaN,NaN
678,8,8382.000,33.332,-10.646,0.116,-0.132,0.046,0.999,132,0,-3.961,2.454,1031.000,200.000,1057.000,259.000,33.380,-10.620,-1.220,1.880,0.570,1.830,-0.964
679,9,8382.000,37.335,-14.602,0.039,0.137,0.051,NaN,132,0,-2.547,-1.326,1130.000,199.000,1147.000,248.000,NaN,NaN,NaN,NaN,NaN,NaN,NaN
680,10,8382.000,35.669,-13.810,0.113,-0.126,0.186,NaN,132,0,-1.506,-1.325,1124.000,200.000,1141.000,249.000,NaN,NaN,NaN,NaN,NaN,NaN,NaN
681,12,8382.000,33.326,-13.658,0.090,-0.063,0.600,NaN,132,0,1.024,-1.319,1149.000,197.000,1177.000,265.000,NaN,NaN,NaN,NaN,NaN,NaN,NaN
682,213,8382.000,6.681,2.817,0.103,-0.011,0.914,1.000,132,0,3.493,1.747,10.000,242.000,118.000,569.000,6.690,2.830,-1.250,0.780,0.650,1.690,-0.143
683,8,8383.000,33.452,-10.792,0.118,-0.136,0.335,NaN,133,0,-0.875,-1.327,1038.000,198.000,1059.000,257.000,NaN,NaN,NaN,NaN,NaN,NaN,NaN
684,9,8383.000,37.375,-14.465,0.040,0.137,NaN,NaN,133,0,-2.652,-1.326,NaN,NaN,NaN,NaN,NaN,NaN,NaN,NaN,NaN,NaN,NaN
685,10,8383.000,35.769,-13.952,0.111,-0.131,0.492,NaN,133,0,-0.030,-1.326,1129.000,202.000,1147.000,250.000,NaN,NaN,NaN,NaN,NaN,NaN,NaN
686,12,8383.000,33.418,-13.726,0.091,-0.065,0.750,NaN,133,0,2.906,-1.319,1151.000,199.000,1177.000,264.000,NaN,NaN,NaN,NaN,NaN,NaN,NaN
687,213,8383.000,6.795,2.776,0.107,-0.022,0.913,NaN,133,0,3.034,-1.327,29.000,242.000,147.000,570.000,NaN,NaN,NaN,NaN,NaN,NaN,NaN
688,8,8384.000,33.468,-10.812,0.098,-0.104,0.014,0.722,134,0,-4.173,-0.006,1044.000,201.000,1065.000,252.000,33.400,-10.560,-1.200,0.920,0.640,1.830,-0.825
689,9,8384.000,37.403,-14.395,0.037,0.123,0.039,NaN,134,0,-2.434,-1.326,1117.000,198.000,1150.000,259.000,NaN,NaN,NaN,NaN,NaN,NaN,NaN
690,10,8384.000,35.892,-14.076,0.114,-0.129,0.405,NaN,134,0,-0.517,-1.326,1129.000,199.000,1149.000,252.000,NaN,NaN,NaN,NaN,NaN,NaN,NaN
691,12,8384.000,33.528,-13.775,0.095,-0.061,0.742,NaN,134,0,2.746,-1.320,1150.000,199.000,1176.000,265.000,NaN,NaN,NaN,NaN,NaN,NaN,NaN
692,213,8384.000,6.829,2.778,0.088,-0.013,0.912,1.000,134,0,3.493,1.747,38.000,244.000,163.000,572.000,6.790,2.790,-1.250,0.750,0.790,1.540,0.006
693,8,8385.000,33.544,-10.982,0.094,-0.122,0.044,NaN,135,0,-2.435,-1.327,1044.000,198.000,1078.000,262.000,NaN,NaN,NaN,NaN,NaN,NaN,NaN
694,9,8385.000,37.301,-14.514,0.003,0.058,0.036,NaN,135,0,-2.699,-1.326,1134.000,197.000,1157.000,252.000,NaN,NaN,NaN,NaN,NaN,NaN,NaN
695,10,8385.000,35.958,-14.166,0.108,-0.121,0.392,0.006,135,0,-2.587,-2.336,1127.000,198.000,1152.000,253.000,35.990,-14.010,-1.270,0.730,0.660,1.770,-0.048
696,12,8385.000,33.645,-13.824,0.100,-0.057,0.768,NaN,135,0,3.261,-1.317,1151.000,198.000,1176.000,265.000,NaN,NaN,NaN,NaN,NaN,NaN,NaN
697,213,8385.000,6.926,2.751,0.092,-0.016,0.908,1.000,135,0,3.493,1.747,52.000,247.000,191.000,568.000,6.930,2.740,-1.250,0.760,0.620,1.600,-0.184
698,8,8386.000,33.639,-11.104,0.093,-0.123,NaN,NaN,136,0,-1.209,-1.324,NaN,NaN,NaN,NaN,NaN,NaN,NaN,NaN,NaN,NaN,NaN
699,9,8386.000,37.383,-14.714,0.019,0.020,0.043,NaN,136,0,-2.700,-1.326,1136.000,197.000,1151.000,246.000,NaN,NaN,NaN,NaN,NaN,NaN,NaN
700,10,8386.000,36.054,-14.315,0.106,-0.127,0.088,NaN,136,0,-2.102,-1.326,1137.000,197.000,1157.000,256.000,NaN,NaN,NaN,NaN,NaN,NaN,NaN
701,12,8386.000,33.766,-13.856,0.100,-0.049,0.720,NaN,136,0,2.434,-1.310,1150.000,197.000,1174.000,265.000,NaN,NaN,NaN,NaN,NaN,NaN,NaN
702,213,8386.000,7.027,2.713,0.096,-0.023,0.906,NaN,136,0,3.146,-1.327,57.000,246.000,197.000,563.000,NaN,NaN,NaN,NaN,NaN,NaN,NaN
703,8,8387.000,33.733,-11.226,0.094,-0.122,NaN,NaN,137,0,-2.630,-1.315,NaN,NaN,NaN,NaN,NaN,NaN,NaN,NaN,NaN,NaN,NaN
704,9,8387.000,37.404,-14.693,0.020,0.020,NaN,NaN,137,0,-2.652,-1.326,NaN,NaN,NaN,NaN,NaN,NaN,NaN,NaN,NaN,NaN,NaN
705,10,8387.000,36.160,-14.443,0.105,-0.128,NaN,NaN,137,0,-1.359,-1.325,NaN,NaN,NaN,NaN,NaN,NaN,NaN,NaN,NaN,NaN,NaN
706,12,8387.000,33.518,-13.736,0.064,-0.029,0.790,0.292,137,0,0.611,-1.225,1151.000,197.000,1173.000,265.000,33.440,-13.650,-1.320,0.900,0.590,1.720,1.981
707,213,8387.000,7.081,2.701,0.081,-0.022,0.921,0.999,137,0,3.493,1.747,60.000,244.000,197.000,560.000,7.060,2.700,-1.260,0.810,0.590,1.620,-0.066
708,8,8388.000,33.762,-11.421,0.083,-0.138,0.066,NaN,138,0,-2.208,-1.288,1057.000,202.000,1085.000,250.000,NaN,NaN,NaN,NaN,NaN,NaN,NaN
709,9,8388.000,37.424,-14.674,0.020,0.020,NaN,NaN,138,0,-2.652,-1.326,NaN,NaN,NaN,NaN,NaN,NaN,NaN,NaN,NaN,NaN,NaN
710,10,8388.000,36.265,-14.572,0.105,-0.128,NaN,NaN,138,0,-0.967,-1.325,NaN,NaN,NaN,NaN,NaN,NaN,NaN,NaN,NaN,NaN,NaN
711,12,8388.000,33.567,-13.777,0.059,-0.032,0.813,0.017,138,0,0.587,-2.154,1151.000,197.000,1176.000,265.000,33.550,-13.830,-1.280,0.800,0.620,1.740,-0.345
712,213,8388.000,7.171,2.644,0.086,-0.035,0.914,0.999,138,0,3.493,1.747,86.000,239.000,196.000,546.000,7.180,2.620,-1.270,0.990,0.700,1.740,-0.005
713,8,8389.000,33.844,-11.559,0.083,-0.138,NaN,NaN,139,0,-0.937,-1.242,NaN,NaN,NaN,NaN,NaN,NaN,NaN,NaN,NaN,NaN,NaN
714,9,8389.000,37.445,-14.654,0.020,0.019,NaN,NaN,139,0,-2.652,-1.326,NaN,NaN,NaN,NaN,NaN,NaN,NaN,NaN,NaN,NaN,NaN
715,10,8389.000,36.369,-14.699,0.104,-0.127,NaN,NaN,139,0,-2.647,-1.323,NaN,NaN,NaN,NaN,NaN,NaN,NaN,NaN,NaN,NaN,NaN
716,12,8389.000,33.634,-13.806,0.058,-0.030,0.612,NaN,139,0,1.112,-1.313,1150.000,196.000,1177.000,265.000,NaN,NaN,NaN,NaN,NaN,NaN,NaN
717,213,8389.000,7.267,2.586,0.087,-0.044,0.902,NaN,139,0,3.146,-1.327,108.000,234.000,200.000,537.000,NaN,NaN,NaN,NaN,NaN,NaN,NaN
718,8,8390.000,33.926,-11.698,0.082,-0.139,NaN,NaN,140,0,-0.979,-1.298,NaN,NaN,NaN,NaN,NaN,NaN,NaN,NaN,NaN,NaN,NaN
719,9,8390.000,37.465,-14.634,0.020,0.020,NaN,NaN,140,0,-2.652,-1.326,NaN,NaN,NaN,NaN,NaN,NaN,NaN,NaN,NaN,NaN,NaN
720,10,8390.000,36.474,-14.826,0.104,-0.128,NaN,NaN,140,0,-2.642,-1.321,NaN,NaN,NaN,NaN,NaN,NaN,NaN,NaN,NaN,NaN,NaN
721,12,8390.000,33.705,-13.833,0.059,-0.030,0.488,NaN,140,0,0.179,-1.311,1151.000,197.000,1177.000,265.000,NaN,NaN,NaN,NaN,NaN,NaN,NaN
722,213,8390.000,7.349,2.574,0.086,-0.034,0.910,1.000,140,0,3.493,1.747,111.000,233.000,207.000,537.000,7.340,2.590,-1.240,0.740,0.740,1.740,-0.076
723,8,8391.000,34.254,-11.890,0.113,-0.145,NaN,0.611,141,0,-4.311,-0.566,1057.000,195.000,1100.000,265.000,34.330,-11.830,-1.130,0.830,0.610,1.740,-0.930
724,9,8391.000,37.485,-14.614,0.020,0.020,NaN,NaN,141,0,-2.652,-1.326,NaN,NaN,NaN,NaN,NaN,NaN,NaN,NaN,NaN,NaN,NaN
725,10,8391.000,36.579,-14.953,0.106,-0.127,NaN,NaN,141,0,-0.924,-1.315,NaN,NaN,NaN,NaN,NaN,NaN,NaN,NaN,NaN,NaN,NaN
726,12,8391.000,33.789,-13.892,0.061,-0.036,0.537,NaN,141,0,0.556,-1.311,1153.000,196.000,1178.000,265.000,NaN,NaN,NaN,NaN,NaN,NaN,NaN
727,213,8391.000,7.486,2.578,0.104,-0.023,0.905,1.000,141,0,3.637,1.818,114.000,234.000,218.000,536.000,7.530,2.600,-1.250,0.880,0.610,1.830,0.102
728,8,8392.000,34.369,-12.035,0.115,-0.145,NaN,NaN,142,0,-0.787,-1.315,NaN,NaN,NaN,NaN,NaN,NaN,NaN,NaN,NaN,NaN,NaN
729,9,8392.000,37.505,-14.596,0.019,0.019,NaN,NaN,142,0,-2.652,-1.326,NaN,NaN,NaN,NaN,NaN,NaN,NaN,NaN,NaN,NaN,NaN
730,10,8392.000,36.683,-15.079,0.104,-0.126,NaN,NaN,142,0,-2.617,-1.308,NaN,NaN,NaN,NaN,NaN,NaN,NaN,NaN,NaN,NaN,NaN
731,12,8392.000,33.867,-13.960,0.060,-0.043,0.557,NaN,142,0,0.715,-1.309,1154.000,195.000,1181.000,265.000,NaN,NaN,NaN,NaN,NaN,NaN,NaN
732,213,8392.000,7.591,2.553,0.104,-0.025,0.919,NaN,142,0,3.262,-1.327,112.000,236.000,231.000,534.000,NaN,NaN,NaN,NaN,NaN,NaN,NaN
733,8,8393.000,34.441,-12.079,0.112,-0.126,NaN,0.046,143,0,-4.294,-2.054,1047.000,201.000,1115.000,272.000,34.420,-11.930,-1.300,1.840,0.560,1.770,-0.985
734,9,8393.000,37.523,-14.577,0.018,0.018,NaN,NaN,143,0,-2.652,-1.326,NaN,NaN,NaN,NaN,NaN,NaN,NaN,NaN,NaN,NaN,NaN
735,10,8393.000,36.784,-15.206,0.102,-0.127,NaN,NaN,143,0,-0.584,-1.307,NaN,NaN,NaN,NaN,NaN,NaN,NaN,NaN,NaN,NaN,NaN
736,12,8393.000,33.944,-14.005,0.063,-0.042,0.673,NaN,143,0,1.724,-1.308,1151.000,195.000,1182.000,265.000,NaN,NaN,NaN,NaN,NaN,NaN,NaN
737,213,8393.000,7.667,2.546,0.098,-0.021,0.902,1.000,143,0,3.637,1.818,116.000,236.000,235.000,530.000,7.640,2.550,-1.230,0.830,0.620,1.660,-0.141
738,8,8394.000,34.586,-12.194,0.118,-0.126,0.030,0.011,144,0,-4.384,-2.206,1078.000,198.000,1104.000,255.000,34.660,-12.130,-1.370,0.700,0.630,1.820,0.101
739,9,8394.000,37.542,-14.561,0.019,0.017,NaN,NaN,144,0,-2.652,-1.326,NaN,NaN,NaN,NaN,NaN,NaN,NaN,NaN,NaN,NaN,NaN
740,10,8394.000,36.886,-15.333,0.102,-0.127,NaN,NaN,144,0,-0.626,-1.306,NaN,NaN,NaN,NaN,NaN,NaN,NaN,NaN,NaN,NaN,NaN
741,12,8394.000,33.996,-14.049,0.056,-0.045,0.481,0.543,144,0,-1.779,-0.812,1151.000,181.000,1184.000,265.000,33.950,-14.050,-1.250,0.760,0.730,1.730,1.082
742,213,8394.000,7.760,2.533,0.095,-0.018,0.916,1.000,144,0,3.637,1.818,123.000,235.000,243.000,526.000,7.760,2.540,-1.250,0.830,0.570,1.690,-0.182
743,8,8395.000,34.704,-12.321,0.118,-0.127,NaN,NaN,145,0,-0.793,-1.248,NaN,NaN,NaN,NaN,NaN,NaN,NaN,NaN,NaN,NaN,NaN
744,9,8395.000,37.560,-14.545,0.019,0.016,NaN,NaN,145,0,-2.652,-1.326,NaN,NaN,NaN,NaN,NaN,NaN,NaN,NaN,NaN,NaN,NaN
745,10,8395.000,36.986,-15.461,0.101,-0.127,NaN,NaN,145,0,-2.612,-1.306,NaN,NaN,NaN,NaN,NaN,NaN,NaN,NaN,NaN,NaN,NaN
746,12,8395.000,34.037,-14.148,0.052,-0.058,0.586,NaN,145,0,0.941,-1.307,1160.000,195.000,1185.000,263.000,NaN,NaN,NaN,NaN,NaN,NaN,NaN
747,213,8395.000,7.854,2.510,0.095,-0.019,0.901,NaN,145,0,3.262,-1.327,142.000,229.000,254.000,517.000,NaN,NaN,NaN,NaN,NaN,NaN,NaN
748,8,8396.000,34.823,-12.448,0.119,-0.127,NaN,NaN,146,0,-2.400,-1.200,NaN,NaN,NaN,NaN,NaN,NaN,NaN,NaN,NaN,NaN,NaN
749,9,8396.000,37.578,-14.527,0.018,0.017,NaN,NaN,146,0,-1.036,-1.326,NaN,NaN,NaN,NaN,NaN,NaN,NaN,NaN,NaN,NaN,NaN
750,10,8396.000,37.114,-15.455,0.103,-0.110,0.040,NaN,146,0,-2.149,-1.305,1150.000,179.000,1192.000,264.000,NaN,NaN,NaN,NaN,NaN,NaN,NaN
751,12,8396.000,34.088,-14.232,0.051,-0.064,0.604,NaN,146,0,1.024,-1.304,1160.000,194.000,1189.000,264.000,NaN,NaN,NaN,NaN,NaN,NaN,NaN
752,213,8396.000,7.946,2.491,0.094,-0.021,0.902,0.999,146,0,3.637,1.818,156.000,228.000,257.000,509.000,7.950,2.490,-1.210,0.940,0.660,1.790,0.065
753,8,8397.000,34.940,-12.575,0.119,-0.127,NaN,NaN,147,0,-0.890,-1.180,NaN,NaN,NaN,NaN,NaN,NaN,NaN,NaN,NaN,NaN,NaN
754,9,8397.000,37.595,-14.510,0.017,0.018,NaN,NaN,147,0,-2.652,-1.326,NaN,NaN,NaN,NaN,NaN,NaN,NaN,NaN,NaN,NaN,NaN
755,10,8397.000,37.217,-15.565,0.103,-0.110,NaN,NaN,147,0,-2.612,-1.306,NaN,NaN,NaN,NaN,NaN,NaN,NaN,NaN,NaN,NaN,NaN
756,12,8397.000,34.177,-14.285,0.058,-0.060,0.401,NaN,147,0,-0.375,-1.300,1158.000,193.000,1186.000,264.000,NaN,NaN,NaN,NaN,NaN,NaN,NaN
757,213,8397.000,8.105,2.459,0.112,-0.026,0.906,0.999,147,0,3.637,1.818,174.000,224.000,265.000,503.000,8.140,2.450,-1.210,0.810,0.680,1.850,0.315
758,8,8398.000,35.031,-12.931,0.118,-0.162,0.125,NaN,148,0,-1.707,-1.218,1101.000,199.000,1121.000,253.000,NaN,NaN,NaN,NaN,NaN,NaN,NaN
759,9,8398.000,37.613,-14.493,0.018,0.016,NaN,NaN,148,0,-0.967,-1.326,NaN,NaN,NaN,NaN,NaN,NaN,NaN,NaN,NaN,NaN,NaN
760,10,8398.000,37.321,-15.676,0.105,-0.111,NaN,NaN,148,0,-2.609,-1.305,NaN,NaN,NaN,NaN,NaN,NaN,NaN,NaN,NaN,NaN,NaN
761,12,8398.000,34.232,-14.363,0.057,-0.064,0.568,NaN,148,0,0.787,-1.298,1163.000,192.000,1190.000,264.000,NaN,NaN,NaN,NaN,NaN,NaN,NaN
762,213,8398.000,8.222,2.413,0.114,-0.033,0.898,NaN,148,0,3.378,-1.327,189.000,225.000,287.000,503.000,NaN,NaN,NaN,NaN,NaN,NaN,NaN
763,8,8399.000,35.216,-13.111,0.126,-0.163,0.225,0.012,149,0,-3.147,-2.248,1102.000,199.000,1122.000,253.000,35.280,-13.100,-1.140,0.760,0.660,1.610,-0.173
764,9,8399.000,37.629,-14.477,0.018,0.016,NaN,NaN,149,0,-2.651,-1.326,NaN,NaN,NaN,NaN,NaN,NaN,NaN,NaN,NaN,NaN,NaN
765,10,8399.000,37.426,-15.787,0.104,-0.111,NaN,NaN,149,0,-0.951,-1.303,NaN,NaN,NaN,NaN,NaN,NaN,NaN,NaN,NaN,NaN,NaN
766,12,8399.000,34.289,-14.418,0.058,-0.061,0.604,NaN,149,0,1.024,-1.296,1164.000,196.000,1189.000,262.000,NaN,NaN,NaN,NaN,NaN,NaN,NaN
767,213,8399.000,8.283,2.387,0.097,-0.027,0.904,1.000,149,0,3.637,1.818,196.000,227.000,296.000,503.000,8.250,2.390,-1.210,0.790,0.570,1.680,0.160
768,8,8400.000,35.327,-13.256,0.127,-0.161,0.041,0.846,150,0,-4.425,0.774,1117.000,217.000,1135.000,261.000,35.340,-13.190,-1.170,0.950,0.420,1.720,2.468
769,9,8400.000,37.648,-14.461,0.018,0.016,NaN,NaN,150,0,-0.711,-1.326,NaN,NaN,NaN,NaN,NaN,NaN,NaN,NaN,NaN,NaN,NaN
770,10,8400.000,37.729,-15.729,0.116,-0.089,0.103,NaN,150,0,-1.590,-1.300,1150.000,174.000,1190.000,264.000,NaN,NaN,NaN,NaN,NaN,NaN,NaN
771,12,8400.000,34.352,-14.461,0.059,-0.056,0.458,NaN,150,0,-0.011,-1.294,1164.000,191.000,1189.000,263.000,NaN,NaN,NaN,NaN,NaN,NaN,NaN
772,213,8400.000,8.375,2.367,0.096,-0.025,0.906,0.983,150,0,3.637,1.818,208.000,228.000,316.000,499.000,8.370,2.370,-1.250,0.840,0.650,1.720,-0.044
773,8,8401.000,35.453,-13.439,0.127,-0.165,0.049,NaN,151,0,-2.288,-1.322,1110.000,200.000,1137.000,261.000,NaN,NaN,NaN,NaN,NaN,NaN,NaN
774,9,8401.000,37.664,-14.446,0.016,0.015,NaN,NaN,151,0,-0.967,-1.325,NaN,NaN,NaN,NaN,NaN,NaN,NaN,NaN,NaN,NaN,NaN
775,10,8401.000,37.924,-15.794,0.120,-0.082,0.059,NaN,151,0,-1.891,-1.304,1150.000,172.000,1190.000,262.000,NaN,NaN,NaN,NaN,NaN,NaN,NaN
776,12,8401.000,34.414,-14.491,0.064,-0.049,0.279,NaN,151,0,-0.862,-1.293,1166.000,190.000,1187.000,262.000,NaN,NaN,NaN,NaN,NaN,NaN,NaN
777,213,8401.000,8.476,2.327,0.098,-0.030,0.900,NaN,151,0,3.378,-1.327,213.000,228.000,319.000,495.000,NaN,NaN,NaN,NaN,NaN,NaN,NaN
778,8,8402.000,35.541,-13.568,0.124,-0.156,0.055,0.039,152,0,-4.537,-2.304,1115.000,199.000,1137.000,246.000,35.520,-13.470,-1.400,0.930,0.480,1.760,-1.921
779,9,8402.000,37.681,-14.431,0.016,0.015,NaN,NaN,152,0,-2.650,-1.325,NaN,NaN,NaN,NaN,NaN,NaN,NaN,NaN,NaN,NaN,NaN
780,10,8402.000,38.074,-15.888,0.121,-0.082,0.035,NaN,152,0,-2.243,-1.304,1151.000,168.000,1196.000,264.000,NaN,NaN,NaN,NaN,NaN,NaN,NaN
781,12,8402.000,34.470,-14.522,0.066,-0.045,0.500,NaN,152,0,0.239,-1.291,1166.000,195.000,1188.000,264.000,NaN,NaN,NaN,NaN,NaN,NaN,NaN
782,213,8402.000,8.534,2.283,0.088,-0.033,0.900,0.998,152,0,3.780,1.890,218.000,227.000,319.000,491.000,8.510,2.280,-1.230,0.930,0.600,1.770,-0.190
783,8,8403.000,35.671,-13.717,0.126,-0.155,NaN,0.094,153,0,-4.670,-2.133,1094.000,210.000,1165.000,277.000,35.690,-13.680,-1.500,1.790,0.760,1.710,0.289
784,9,8403.000,37.697,-14.417,0.016,0.015,NaN,NaN,153,0,-1.036,-1.325,NaN,NaN,NaN,NaN,NaN,NaN,NaN,NaN,NaN,NaN,NaN
785,10,8403.000,38.195,-15.971,0.121,-0.083,NaN,NaN,153,0,-2.610,-1.305,NaN,NaN,NaN,NaN,NaN,NaN,NaN,NaN,NaN,NaN,NaN
786,12,8403.000,34.530,-14.557,0.064,-0.042,0.390,NaN,153,0,-0.420,-1.290,1166.000,195.000,1189.000,264.000,NaN,NaN,NaN,NaN,NaN,NaN,NaN
787,213,8403.000,8.653,2.240,0.097,-0.037,0.860,0.999,153,0,3.780,1.890,234.000,223.000,319.000,480.000,8.670,2.230,-1.220,0.920,0.530,1.840,-0.184
788,8,8404.000,35.793,-13.899,0.126,-0.161,0.072,NaN,154,0,-2.041,-1.325,1119.000,198.000,1152.000,261.000,NaN,NaN,NaN,NaN,NaN,NaN,NaN
789,9,8404.000,37.714,-14.402,0.016,0.015,NaN,NaN,154,0,-1.035,-1.325,NaN,NaN,NaN,NaN,NaN,NaN,NaN,NaN,NaN,NaN,NaN
790,10,8404.000,38.316,-16.056,0.121,-0.084,NaN,NaN,154,0,-2.610,-1.305,NaN,NaN,NaN,NaN,NaN,NaN,NaN,NaN,NaN,NaN,NaN
791,12,8404.000,34.594,-14.591,0.064,-0.040,0.358,NaN,154,0,-0.571,-1.290,1167.000,199.000,1189.000,262.000,NaN,NaN,NaN,NaN,NaN,NaN,NaN
792,213,8404.000,8.750,2.203,0.096,-0.037,0.911,NaN,154,0,3.493,-1.327,245.000,219.000,326.000,477.000,NaN,NaN,NaN,NaN,NaN,NaN,NaN
793,8,8405.000,35.927,-14.063,0.126,-0.162,0.175,NaN,155,0,-1.565,-1.326,1124.000,198.000,1153.000,256.000,NaN,NaN,NaN,NaN,NaN,NaN,NaN
794,9,8405.000,37.730,-14.388,0.017,0.015,NaN,NaN,155,0,-1.000,-1.325,NaN,NaN,NaN,NaN,NaN,NaN,NaN,NaN,NaN,NaN,NaN
795,10,8405.000,38.434,-16.139,0.119,-0.084,NaN,NaN,155,0,-2.603,-1.301,NaN,NaN,NaN,NaN,NaN,NaN,NaN,NaN,NaN,NaN,NaN
796,12,8405.000,34.716,-14.650,0.073,-0.040,0.485,NaN,155,0,0.120,-1.290,1168.000,201.000,1190.000,262.000,NaN,NaN,NaN,NaN,NaN,NaN,NaN
797,213,8405.000,8.833,2.183,0.090,-0.032,0.913,1.000,155,0,3.780,1.890,245.000,219.000,331.000,477.000,8.820,2.200,-1.200,0.740,0.630,1.640,-0.253
798,8,8406.000,36.065,-14.196,0.129,-0.156,0.290,NaN,156,0,-1.023,-1.326,1128.000,199.000,1153.000,256.000,NaN,NaN,NaN,NaN,NaN,NaN,NaN
799,9,8406.000,37.747,-14.374,0.016,0.014,NaN,NaN,156,0,-0.967,-1.325,NaN,NaN,NaN,NaN,NaN,NaN,NaN,NaN,NaN,NaN,NaN
800,10,8406.000,38.553,-16.224,0.119,-0.085,NaN,NaN,156,0,-2.599,-1.300,NaN,NaN,NaN,NaN,NaN,NaN,NaN,NaN,NaN,NaN,NaN
801,12,8406.000,34.771,-14.683,0.073,-0.039,0.406,NaN,156,0,-0.322,-1.283,1169.000,202.000,1190.000,263.000,NaN,NaN,NaN,NaN,NaN,NaN,NaN
802,213,8406.000,8.937,2.158,0.093,-0.029,0.909,0.999,156,0,3.780,1.890,245.000,220.000,340.000,476.000,8.940,2.170,-1.220,0.790,0.680,1.670,-0.185
803,8,8407.000,36.191,-14.364,0.128,-0.159,0.301,NaN,157,0,-0.997,-1.326,1133.000,198.000,1160.000,253.000,NaN,NaN,NaN,NaN,NaN,NaN,NaN
804,9,8407.000,37.763,-14.360,0.016,0.013,NaN,NaN,157,0,-0.711,-1.324,NaN,NaN,NaN,NaN,NaN,NaN,NaN,NaN,NaN,NaN,NaN
805,10,8407.000,38.838,-15.653,0.155,0.011,0.026,NaN,157,0,-2.758,-1.299,1140.000,201.000,1162.000,249.000,NaN,NaN,NaN,NaN,NaN,NaN,NaN
806,12,8407.000,34.832,-14.726,0.072,-0.042,0.290,NaN,157,0,-0.819,-1.283,1169.000,200.000,1192.000,263.000,NaN,NaN,NaN,NaN,NaN,NaN,NaN
807,213,8407.000,9.027,2.139,0.091,-0.026,0.903,NaN,157,0,3.493,-1.327,248.000,223.000,348.000,473.000,NaN,NaN,NaN,NaN,NaN,NaN,NaN
808,8,8408.000,36.318,-14.523,0.127,-0.160,NaN,NaN,158,0,-0.711,-1.325,NaN,NaN,NaN,NaN,NaN,NaN,NaN,NaN,NaN,NaN,NaN
809,9,8408.000,37.777,-14.348,0.014,0.013,NaN,NaN,158,0,-2.647,-1.324,NaN,NaN,NaN,NaN,NaN,NaN,NaN,NaN,NaN,NaN,NaN
810,10,8408.000,38.992,-15.640,0.154,0.013,NaN,NaN,158,0,-2.641,-1.320,NaN,NaN,NaN,NaN,NaN,NaN,NaN,NaN,NaN,NaN,NaN
811,12,8408.000,34.896,-14.790,0.067,-0.049,0.029,NaN,158,0,-2.437,-1.274,1170.000,189.000,1196.000,264.000,NaN,NaN,NaN,NaN,NaN,NaN,NaN
812,213,8408.000,9.113,2.133,0.089,-0.021,0.910,1.000,158,0,3.780,1.890,252.000,223.000,352.000,472.000,9.090,2.140,-1.260,0.810,0.600,1.650,-0.244
813,8,8409.000,36.664,-14.727,0.159,-0.162,NaN,0.002,159,0,-4.809,-2.405,1129.000,191.000,1172.000,256.000,36.760,-14.650,-1.010,1.650,0.570,1.720,-0.107
814,9,8409.000,37.794,-14.334,0.016,0.013,NaN,NaN,159,0,-0.841,-1.324,NaN,NaN,NaN,NaN,NaN,NaN,NaN,NaN,NaN,NaN,NaN
815,10,8409.000,39.146,-15.627,0.154,0.013,NaN,NaN,159,0,-2.640,-1.320,NaN,NaN,NaN,NaN,NaN,NaN,NaN,NaN,NaN,NaN,NaN
816,12,8409.000,34.924,-14.836,0.063,-0.051,0.227,NaN,159,0,-1.260,-1.262,1172.000,206.000,1194.000,262.000,NaN,NaN,NaN,NaN,NaN,NaN,NaN
817,213,8409.000,9.220,2.109,0.095,-0.021,0.884,1.000,159,0,3.780,1.890,263.000,220.000,359.000,469.000,9.230,2.100,-1.240,0.800,0.590,1.670,-0.466
818,8,8410.000,36.819,-14.889,0.157,-0.162,NaN,NaN,160,0,-0.997,-1.321,NaN,NaN,NaN,NaN,NaN,NaN,NaN,NaN,NaN,NaN,NaN
819,9,8410.000,37.809,-14.322,0.016,0.013,NaN,NaN,160,0,-2.647,-1.323,NaN,NaN,NaN,NaN,NaN,NaN,NaN,NaN,NaN,NaN,NaN
820,10,8410.000,39.300,-15.616,0.154,0.011,NaN,NaN,160,0,-2.640,-1.320,NaN,NaN,NaN,NaN,NaN,NaN,NaN,NaN,NaN,NaN,NaN
821,12,8410.000,34.986,-14.887,0.062,-0.051,NaN,NaN,160,0,-2.495,-1.248,NaN,NaN,NaN,NaN,NaN,NaN,NaN,NaN,NaN,NaN,NaN
822,213,8410.000,9.315,2.091,0.095,-0.020,0.895,NaN,160,0,3.609,-1.327,273.000,218.000,367.000,455.000,NaN,NaN,NaN,NaN,NaN,NaN,NaN
823,8,8411.000,36.873,-15.278,0.126,-0.210,0.033,NaN,161,0,-3.078,-1.317,1164.000,217.000,1175.000,250.000,NaN,NaN,NaN,NaN,NaN,NaN,NaN
824,9,8411.000,37.826,-14.308,0.017,0.014,NaN,NaN,161,0,-2.646,-1.323,NaN,NaN,NaN,NaN,NaN,NaN,NaN,NaN,NaN,NaN,NaN
825,10,8411.000,39.453,-15.605,0.153,0.011,NaN,NaN,161,0,-2.639,-1.320,NaN,NaN,NaN,NaN,NaN,NaN,NaN,NaN,NaN,NaN,NaN
826,12,8411.000,35.047,-14.940,0.061,-0.052,NaN,NaN,161,0,-0.658,-1.227,NaN,NaN,NaN,NaN,NaN,NaN,NaN,NaN,NaN,NaN,NaN
827,213,8411.000,9.415,2.070,0.094,-0.022,0.892,0.999,161,0,3.780,1.890,280.000,216.000,370.000,456.000,9.420,2.070,-1.200,0.750,0.620,1.580,-0.047
828,8,8412.000,36.991,-15.480,0.130,-0.208,0.080,NaN,162,0,-2.366,-1.306,1168.000,217.000,1180.000,248.000,NaN,NaN,NaN,NaN,NaN,NaN,NaN
829,9,8412.000,37.842,-14.294,0.016,0.014,NaN,NaN,162,0,-2.645,-1.322,NaN,NaN,NaN,NaN,NaN,NaN,NaN,NaN,NaN,NaN,NaN
830,10,8412.000,39.606,-15.594,0.152,0.011,NaN,NaN,162,0,-0.671,-1.318,NaN,NaN,NaN,NaN,NaN,NaN,NaN,NaN,NaN,NaN,NaN
831,12,8412.000,35.108,-14.992,0.061,-0.053,NaN,NaN,162,0,-2.415,-1.207,NaN,NaN,NaN,NaN,NaN,NaN,NaN,NaN,NaN,NaN,NaN
832,213,8412.000,9.526,2.016,0.098,-0.030,0.900,0.999,162,0,3.920,1.960,296.000,214.000,377.000,451.000,9.540,1.990,-1.190,0.780,0.580,1.610,0.014
833,8,8413.000,37.120,-15.685,0.130,-0.206,NaN,NaN,163,0,-0.626,-1.305,NaN,NaN,NaN,NaN,NaN,NaN,NaN,NaN,NaN,NaN,NaN
834,9,8413.000,37.859,-14.279,0.017,0.014,NaN,NaN,163,0,-2.644,-1.322,NaN,NaN,NaN,NaN,NaN,NaN,NaN,NaN,NaN,NaN,NaN
835,10,8413.000,39.756,-15.582,0.151,0.012,NaN,NaN,163,0,-2.635,-1.317,NaN,NaN,NaN,NaN,NaN,NaN,NaN,NaN,NaN,NaN,NaN
836,12,8413.000,35.174,-15.333,0.039,-0.101,0.046,NaN,163,0,-2.496,-1.181,1191.000,209.000,1206.000,230.000,NaN,NaN,NaN,NaN,NaN,NaN,NaN
837,213,8413.000,9.627,1.975,0.099,-0.034,0.902,NaN,163,0,3.609,-1.327,310.000,215.000,391.000,452.000,NaN,NaN,NaN,NaN,NaN,NaN,NaN
838,8,8414.000,37.181,-16.186,0.071,-0.287,0.044,NaN,164,0,-2.887,-1.289,1194.000,208.000,1206.000,230.000,NaN,NaN,NaN,NaN,NaN,NaN,NaN
839,9,8414.000,37.876,-14.264,0.017,0.015,NaN,NaN,164,0,-0.709,-1.322,NaN,NaN,NaN,NaN,NaN,NaN,NaN,NaN,NaN,NaN,NaN
840,10,8414.000,39.905,-15.571,0.150,0.012,NaN,NaN,164,0,-2.624,-1.312,NaN,NaN,NaN,NaN,NaN,NaN,NaN,NaN,NaN,NaN,NaN
841,12,8414.000,35.211,-15.433,0.038,-0.100,NaN,NaN,164,0,-0.068,-0.034,NaN,NaN,NaN,NaN,NaN,NaN,NaN,NaN,NaN,NaN,NaN
842,213,8414.000,9.723,1.945,0.095,-0.035,0.907,1.000,164,0,3.920,1.960,316.000,216.000,402.000,452.000,9.720,1.960,-1.200,0.750,0.600,1.600,-0.298
843,8,8415.000,36.931,-16.255,0.048,-0.255,0.111,0.013,165,0,-0.130,-0.073,1182.000,207.000,1206.000,262.000,37.010,-15.430,-1.430,0.820,0.690,1.780,0.533
844,9,8415.000,37.892,-14.249,0.016,0.015,NaN,NaN,165,0,-2.643,-1.321,NaN,NaN,NaN,NaN,NaN,NaN,NaN,NaN,NaN,NaN,NaN
845,10,8415.000,40.056,-15.559,0.149,0.012,NaN,NaN,165,0,-0.628,-1.311,NaN,NaN,NaN,NaN,NaN,NaN,NaN,NaN,NaN,NaN,NaN
846,12,8415.000,35.250,-15.533,0.039,-0.101,NaN,NaN,165,0,-0.068,-0.034,NaN,NaN,NaN,NaN,NaN,NaN,NaN,NaN,NaN,NaN,NaN
847,213,8415.000,9.799,1.894,0.089,-0.040,0.910,1.000,165,0,3.920,1.960,326.000,220.000,418.000,450.000,9.800,1.890,-1.200,0.840,0.600,1.820,-0.293
848,8,8416.000,36.980,-16.510,0.048,-0.255,NaN,NaN,166,0,-0.000,-0.000,NaN,NaN,NaN,NaN,NaN,NaN,NaN,NaN,NaN,NaN,NaN
849,9,8416.000,37.909,-14.235,0.017,0.014,NaN,NaN,166,0,-2.641,-1.320,NaN,NaN,NaN,NaN,NaN,NaN,NaN,NaN,NaN,NaN,NaN
850,10,8416.000,40.206,-15.547,0.150,0.013,NaN,NaN,166,0,-2.621,-1.310,NaN,NaN,NaN,NaN,NaN,NaN,NaN,NaN,NaN,NaN,NaN
851,12,8416.000,35.289,-15.634,0.039,-0.101,NaN,NaN,166,0,-0.000,-0.000,NaN,NaN,NaN,NaN,NaN,NaN,NaN,NaN,NaN,NaN,NaN
852,213,8416.000,9.888,1.848,0.089,-0.042,0.907,NaN,166,0,3.609,-1.327,329.000,219.000,421.000,448.000,NaN,NaN,NaN,NaN,NaN,NaN,NaN
853,8,8417.000,37.029,-16.765,0.049,-0.255,NaN,NaN,167,0,-0.482,-0.241,NaN,NaN,NaN,NaN,NaN,NaN,NaN,NaN,NaN,NaN,NaN
854,9,8417.000,37.926,-14.221,0.017,0.014,NaN,NaN,167,0,-2.637,-1.319,NaN,NaN,NaN,NaN,NaN,NaN,NaN,NaN,NaN,NaN,NaN
855,10,8417.000,40.356,-15.534,0.150,0.013,NaN,NaN,167,0,-2.620,-1.310,NaN,NaN,NaN,NaN,NaN,NaN,NaN,NaN,NaN,NaN,NaN
856,12,8417.000,35.327,-15.736,0.038,-0.102,NaN,NaN,167,0,-0.072,-0.036,NaN,NaN,NaN,NaN,NaN,NaN,NaN,NaN,NaN,NaN,NaN
857,213,8417.000,9.938,1.826,0.076,-0.034,0.897,1.000,167,0,3.920,1.960,334.000,218.000,421.000,446.000,9.920,1.840,-1.230,0.890,0.650,1.680,-0.201
858,8,8418.000,37.079,-17.020,0.049,-0.255,NaN,NaN,168,0,-1.773,-0.886,NaN,NaN,NaN,NaN,NaN,NaN,NaN,NaN,NaN,NaN,NaN
859,9,8418.000,37.943,-14.208,0.017,0.013,NaN,NaN,168,0,-2.636,-1.318,NaN,NaN,NaN,NaN,NaN,NaN,NaN,NaN,NaN,NaN,NaN
860,10,8418.000,40.507,-15.521,0.151,0.013,NaN,NaN,168,0,-2.622,-1.311,NaN,NaN,NaN,NaN,NaN,NaN,NaN,NaN,NaN,NaN,NaN
861,12,8418.000,35.366,-15.837,0.038,-0.102,NaN,NaN,168,0,-0.339,-0.169,NaN,NaN,NaN,NaN,NaN,NaN,NaN,NaN,NaN,NaN,NaN
862,213,8418.000,10.060,1.767,0.089,-0.044,0.854,1.000,168,0,3.920,1.960,348.000,214.000,421.000,438.000,10.100,1.740,-1.210,0.670,0.770,1.550,-0.091
863,8,8419.000,37.127,-17.276,0.049,-0.255,NaN,NaN,169,0,-1.704,-0.852,NaN,NaN,NaN,NaN,NaN,NaN,NaN,NaN,NaN,NaN,NaN
864,9,8419.000,37.960,-14.194,0.017,0.014,NaN,NaN,169,0,-2.636,-1.318,NaN,NaN,NaN,NaN,NaN,NaN,NaN,NaN,NaN,NaN,NaN
865,10,8419.000,40.658,-15.506,0.151,0.014,NaN,NaN,169,0,-2.610,-1.305,NaN,NaN,NaN,NaN,NaN,NaN,NaN,NaN,NaN,NaN,NaN
866,12,8419.000,35.703,-15.617,0.076,-0.036,0.056,NaN,169,0,-0.922,-0.568,1187.000,200.000,1207.000,264.000,NaN,NaN,NaN,NaN,NaN,NaN,NaN
867,213,8419.000,10.149,1.732,0.090,-0.039,0.899,NaN,169,0,3.609,-1.327,357.000,211.000,428.000,436.000,NaN,NaN,NaN,NaN,NaN,NaN,NaN
868,8,8420.000,37.177,-17.532,0.049,-0.255,NaN,NaN,170,0,-0.602,-0.301,NaN,NaN,NaN,NaN,NaN,NaN,NaN,NaN,NaN,NaN,NaN
869,9,8420.000,37.978,-14.180,0.018,0.015,NaN,NaN,170,0,-2.635,-1.317,NaN,NaN,NaN,NaN,NaN,NaN,NaN,NaN,NaN,NaN,NaN
870,10,8420.000,40.810,-15.493,0.152,0.014,NaN,NaN,170,0,-2.589,-1.295,NaN,NaN,NaN,NaN,NaN,NaN,NaN,NaN,NaN,NaN,NaN
871,12,8420.000,35.779,-15.653,0.076,-0.036,NaN,NaN,170,0,-0.068,-0.034,NaN,NaN,NaN,NaN,NaN,NaN,NaN,NaN,NaN,NaN,NaN
872,213,8420.000,10.232,1.713,0.089,-0.034,0.893,1.000,170,0,3.920,1.960,359.000,210.000,435.000,435.000,10.220,1.720,-1.220,0.760,0.610,1.620,-0.106
873,8,8421.000,37.225,-17.786,0.049,-0.254,NaN,NaN,171,0,-0.125,-0.062,NaN,NaN,NaN,NaN,NaN,NaN,NaN,NaN,NaN,NaN,NaN
874,9,8421.000,37.997,-14.164,0.019,0.015,NaN,NaN,171,0,-0.994,-1.317,NaN,NaN,NaN,NaN,NaN,NaN,NaN,NaN,NaN,NaN,NaN
875,10,8421.000,40.961,-15.478,0.151,0.015,NaN,NaN,171,0,-2.561,-1.280,NaN,NaN,NaN,NaN,NaN,NaN,NaN,NaN,NaN,NaN,NaN
876,12,8421.000,35.855,-15.688,0.076,-0.035,NaN,NaN,171,0,-0.069,-0.035,NaN,NaN,NaN,NaN,NaN,NaN,NaN,NaN,NaN,NaN,NaN
877,213,8421.000,10.332,1.689,0.092,-0.031,0.867,0.999,171,0,3.920,1.960,361.000,211.000,439.000,434.000,10.330,1.690,-1.270,0.710,0.660,1.700,-0.220
878,8,8422.000,37.275,-18.041,0.049,-0.255,NaN,NaN,172,0,-0.011,-0.013,NaN,NaN,NaN,NaN,NaN,NaN,NaN,NaN,NaN,NaN,NaN
879,9,8422.000,38.015,-14.149,0.017,0.015,NaN,NaN,172,0,-2.633,-1.316,NaN,NaN,NaN,NaN,NaN,NaN,NaN,NaN,NaN,NaN,NaN
880,10,8422.000,41.110,-15.464,0.149,0.014,NaN,NaN,172,0,-2.553,-1.276,NaN,NaN,NaN,NaN,NaN,NaN,NaN,NaN,NaN,NaN,NaN
881,12,8422.000,35.931,-15.723,0.076,-0.035,NaN,NaN,172,0,-0.069,-0.035,NaN,NaN,NaN,NaN,NaN,NaN,NaN,NaN,NaN,NaN,NaN
882,213,8422.000,10.423,1.669,0.091,-0.028,0.882,NaN,172,0,3.726,-1.327,365.000,213.000,445.000,433.000,NaN,NaN,NaN,NaN,NaN,NaN,NaN
883,8,8423.000,37.324,-18.294,0.050,-0.254,NaN,NaN,173,0,-0.051,-0.025,NaN,NaN,NaN,NaN,NaN,NaN,NaN,NaN,NaN,NaN,NaN
884,9,8423.000,38.032,-14.133,0.017,0.016,NaN,NaN,173,0,-1.112,-1.316,NaN,NaN,NaN,NaN,NaN,NaN,NaN,NaN,NaN,NaN,NaN
885,10,8423.000,41.259,-15.450,0.149,0.014,NaN,NaN,173,0,-2.541,-1.270,NaN,NaN,NaN,NaN,NaN,NaN,NaN,NaN,NaN,NaN,NaN
886,12,8423.000,36.008,-15.758,0.077,-0.036,NaN,NaN,173,0,-0.087,-0.035,NaN,NaN,NaN,NaN,NaN,NaN,NaN,NaN,NaN,NaN,NaN
887,213,8423.000,10.485,1.654,0.084,-0.024,0.887,1.000,173,0,3.920,1.960,366.000,214.000,448.000,432.000,10.470,1.660,-1.230,0.740,0.600,1.590,-0.221
888,8,8424.000,37.373,-18.546,0.049,-0.252,NaN,NaN,174,0,-0.261,-0.131,NaN,NaN,NaN,NaN,NaN,NaN,NaN,NaN,NaN,NaN,NaN
889,10,8424.000,41.408,-15.435,0.149,0.015,NaN,NaN,174,0,-1.069,-1.265,NaN,NaN,NaN,NaN,NaN,NaN,NaN,NaN,NaN,NaN,NaN
890,12,8424.000,36.084,-15.794,0.076,-0.036,NaN,NaN,174,0,-0.069,-0.035,NaN,NaN,NaN,NaN,NaN,NaN,NaN,NaN,NaN,NaN,NaN
891,213,8424.000,10.578,1.621,0.086,-0.028,0.907,1.000,174,0,4.052,2.026,374.000,215.000,452.000,431.000,10.590,1.620,-1.260,0.890,0.690,1.690,-0.208
892,8,8425.000,37.421,-18.798,0.048,-0.252,NaN,NaN,175,0,-0.420,-0.210,NaN,NaN,NaN,NaN,NaN,NaN,NaN,NaN,NaN,NaN,NaN
893,10,8425.000,41.556,-15.419,0.148,0.016,NaN,NaN,175,0,-1.108,-1.262,NaN,NaN,NaN,NaN,NaN,NaN,NaN,NaN,NaN,NaN,NaN
894,12,8425.000,36.209,-16.007,0.071,-0.056,0.181,NaN,175,0,-0.038,-0.037,1195.000,196.000,1217.000,260.000,NaN,NaN,NaN,NaN,NaN,NaN,NaN
895,213,8425.000,10.665,1.597,0.087,-0.026,0.887,NaN,175,0,3.726,-1.327,382.000,212.000,458.000,426.000,NaN,NaN,NaN,NaN,NaN,NaN,NaN
896,8,8426.000,37.469,-19.050,0.048,-0.252,NaN,NaN,176,0,-2.654,-1.327,NaN,NaN,NaN,NaN,NaN,NaN,NaN,NaN,NaN,NaN,NaN
897,10,8426.000,41.704,-15.404,0.148,0.015,NaN,NaN,176,0,-1.122,-1.277,NaN,NaN,NaN,NaN,NaN,NaN,NaN,NaN,NaN,NaN,NaN
898,12,8426.000,36.204,-16.072,0.063,-0.062,0.490,NaN,176,0,0.179,-0.000,1197.000,195.000,1221.000,263.000,NaN,NaN,NaN,NaN,NaN,NaN,NaN
899,213,8426.000,10.761,1.567,0.090,-0.026,0.877,1.000,176,0,4.052,2.026,397.000,210.000,463.000,421.000,10.750,1.570,-1.210,0.890,0.540,1.760,-0.303
900,8,8427.000,37.517,-19.301,0.048,-0.251,NaN,NaN,177,0,-2.654,-1.327,NaN,NaN,NaN,NaN,NaN,NaN,NaN,NaN,NaN,NaN,NaN
901,10,8427.000,41.851,-15.388,0.147,0.016,NaN,NaN,177,0,-1.010,-1.293,NaN,NaN,NaN,NaN,NaN,NaN,NaN,NaN,NaN,NaN,NaN
902,12,8427.000,36.197,-16.127,0.059,-0.067,0.472,NaN,177,0,0.057,-0.072,1199.000,196.000,1223.000,264.000,NaN,NaN,NaN,NaN,NaN,NaN,NaN
903,213,8427.000,10.872,1.525,0.094,-0.029,0.893,0.999,177,0,4.052,2.026,401.000,210.000,466.000,419.000,10.880,1.510,-1.220,0.840,0.600,1.630,-0.059
904,8,8428.000,37.566,-19.551,0.049,-0.250,NaN,NaN,178,0,-2.654,-1.327,NaN,NaN,NaN,NaN,NaN,NaN,NaN,NaN,NaN,NaN,NaN
905,10,8428.000,43.025,-16.790,0.175,-0.045,0.224,NaN,178,0,-1.667,-1.301,1131.000,196.000,1145.000,216.000,NaN,NaN,NaN,NaN,NaN,NaN,NaN
906,12,8428.000,36.355,-16.249,0.056,-0.068,0.280,NaN,178,0,-0.115,-0.172,1201.000,197.000,1224.000,262.000,NaN,NaN,NaN,NaN,NaN,NaN,NaN
907,213,8428.000,10.966,1.489,0.095,-0.031,0.899,NaN,178,0,3.726,-1.327,407.000,210.000,477.000,419.000,NaN,NaN,NaN,NaN,NaN,NaN,NaN
908,8,8429.000,37.614,-19.801,0.048,-0.249,NaN,NaN,179,0,-2.654,-1.327,NaN,NaN,NaN,NaN,NaN,NaN,NaN,NaN,NaN,NaN,NaN
909,10,8429.000,43.200,-16.836,0.175,-0.046,NaN,NaN,179,0,-0.700,-1.304,NaN,NaN,NaN,NaN,NaN,NaN,NaN,NaN,NaN,NaN,NaN
910,12,8429.000,36.326,-16.268,0.052,-0.064,0.052,NaN,179,0,-0.743,-0.429,1201.000,195.000,1224.000,262.000,NaN,NaN,NaN,NaN,NaN,NaN,NaN
911,213,8429.000,11.030,1.468,0.090,-0.028,0.875,0.999,179,0,4.052,2.026,414.000,212.000,481.000,419.000,11.020,1.480,-1.230,0.740,0.680,1.570,-0.099
912,8,8430.000,37.661,-20.049,0.047,-0.248,NaN,NaN,180,0,-2.654,-1.327,NaN,NaN,NaN,NaN,NaN,NaN,NaN,NaN,NaN,NaN,NaN
913,10,8430.000,43.377,-16.926,0.170,-0.059,0.222,NaN,180,0,-1.671,-1.304,1131.000,196.000,1145.000,216.000,NaN,NaN,NaN,NaN,NaN,NaN,NaN
914,12,8430.000,36.359,-16.305,0.051,-0.061,0.035,NaN,180,0,-0.999,-0.522,1201.000,198.000,1224.000,259.000,NaN,NaN,NaN,NaN,NaN,NaN,NaN
915,213,8430.000,11.142,1.418,0.098,-0.035,0.891,1.000,180,0,4.052,2.026,418.000,213.000,486.000,418.000,11.160,1.400,-1.220,0.790,0.610,1.620,-0.399
916,8,8431.000,37.708,-20.297,0.047,-0.248,NaN,NaN,181,0,-2.654,-1.327,NaN,NaN,NaN,NaN,NaN,NaN,NaN,NaN,NaN,NaN,NaN
917,10,8431.000,43.549,-16.985,0.172,-0.059,NaN,NaN,181,0,-0.535,-1.304,NaN,NaN,NaN,NaN,NaN,NaN,NaN,NaN,NaN,NaN,NaN
918,12,8431.000,36.410,-16.366,0.050,-0.060,NaN,NaN,181,0,-1.209,-0.604,NaN,NaN,NaN,NaN,NaN,NaN,NaN,NaN,NaN,NaN,NaN
919,213,8431.000,11.237,1.384,0.096,-0.035,0.871,NaN,181,0,3.726,-1.327,425.000,215.000,490.000,416.000,NaN,NaN,NaN,NaN,NaN,NaN,NaN
920,8,8432.000,37.755,-20.544,0.047,-0.247,NaN,NaN,182,0,-2.654,-1.327,NaN,NaN,NaN,NaN,NaN,NaN,NaN,NaN,NaN,NaN,NaN
921,10,8432.000,43.976,-17.183,0.184,-0.076,0.211,NaN,182,0,-1.712,-1.305,1131.000,196.000,1145.000,216.000,NaN,NaN,NaN,NaN,NaN,NaN,NaN
922,12,8432.000,36.460,-16.424,0.050,-0.058,NaN,NaN,182,0,-0.430,-0.677,NaN,NaN,NaN,NaN,NaN,NaN,NaN,NaN,NaN,NaN,NaN
923,213,8432.000,11.297,1.355,0.088,-0.032,0.852,0.998,182,0,4.052,2.026,431.000,214.000,496.000,411.000,11.280,1.350,-1.210,0.860,0.560,1.720,-0.323
924,8,8433.000,37.803,-20.791,0.047,-0.247,NaN,NaN,183,0,-2.654,-1.327,NaN,NaN,NaN,NaN,NaN,NaN,NaN,NaN,NaN,NaN,NaN
925,10,8433.000,44.554,-17.417,0.200,-0.082,0.199,NaN,183,0,-1.753,-1.303,1131.000,196.000,1145.000,216.000,NaN,NaN,NaN,NaN,NaN,NaN,NaN
926,12,8433.000,36.510,-16.481,0.050,-0.056,NaN,NaN,183,0,-0.491,-0.772,NaN,NaN,NaN,NaN,NaN,NaN,NaN,NaN,NaN,NaN,NaN
927,213,8433.000,11.439,1.300,0.102,-0.040,0.696,1.000,183,0,2.230,2.026,434.000,212.000,500.000,405.000,11.490,1.270,-1.220,0.860,0.690,1.690,0.027
928,8,8434.000,37.851,-21.038,0.049,-0.247,NaN,NaN,184,0,-2.654,-1.327,NaN,NaN,NaN,NaN,NaN,NaN,NaN,NaN,NaN,NaN,NaN
929,10,8434.000,44.753,-17.499,0.199,-0.082,NaN,NaN,184,0,-0.828,-1.303,NaN,NaN,NaN,NaN,NaN,NaN,NaN,NaN,NaN,NaN,NaN
930,12,8434.000,36.562,-16.537,0.051,-0.056,NaN,NaN,184,0,-1.628,-0.814,NaN,NaN,NaN,NaN,NaN,NaN,NaN,NaN,NaN,NaN,NaN
931,213,8434.000,11.540,1.252,0.101,-0.045,0.871,NaN,184,0,3.848,-1.327,446.000,211.000,507.000,407.000,NaN,NaN,NaN,NaN,NaN,NaN,NaN
932,8,8435.000,37.900,-21.286,0.048,-0.247,NaN,NaN,185,0,-2.654,-1.327,NaN,NaN,NaN,NaN,NaN,NaN,NaN,NaN,NaN,NaN,NaN
933,10,8435.000,44.950,-17.580,0.198,-0.081,NaN,NaN,185,0,-0.827,-1.301,NaN,NaN,NaN,NaN,NaN,NaN,NaN,NaN,NaN,NaN,NaN
934,12,8435.000,36.612,-16.593,0.051,-0.056,NaN,NaN,185,0,-1.704,-0.852,NaN,NaN,NaN,NaN,NaN,NaN,NaN,NaN,NaN,NaN,NaN
935,213,8435.000,11.607,1.219,0.091,-0.041,0.886,0.993,185,0,4.173,2.087,443.000,209.000,514.000,405.000,11.590,1.240,-1.220,0.800,0.660,1.650,-0.191
936,8,8436.000,37.947,-21.534,0.048,-0.248,NaN,NaN,186,0,-2.654,-1.327,NaN,NaN,NaN,NaN,NaN,NaN,NaN,NaN,NaN,NaN,NaN
937,10,8436.000,45.148,-17.662,0.198,-0.082,NaN,NaN,186,0,-0.779,-1.301,NaN,NaN,NaN,NaN,NaN,NaN,NaN,NaN,NaN,NaN,NaN
938,12,8436.000,36.662,-16.650,0.050,-0.057,NaN,NaN,186,0,-1.752,-0.876,NaN,NaN,NaN,NaN,NaN,NaN,NaN,NaN,NaN,NaN,NaN
939,213,8436.000,11.711,1.183,0.098,-0.040,0.897,0.999,186,0,4.173,2.087,440.000,210.000,518.000,407.000,11.720,1.190,-1.210,0.820,0.610,1.730,-0.275
940,8,8437.000,37.993,-21.783,0.046,-0.248,NaN,NaN,187,0,-2.654,-1.327,NaN,NaN,NaN,NaN,NaN,NaN,NaN,NaN,NaN,NaN,NaN
941,10,8437.000,45.952,-17.971,0.218,-0.089,0.058,NaN,187,0,-2.767,-1.301,1132.000,196.000,1145.000,216.000,NaN,NaN,NaN,NaN,NaN,NaN,NaN
942,12,8437.000,40.000,-16.250,0.167,0.124,0.040,NaN,187,0,-2.160,-0.902,1144.000,196.000,1159.000,216.000,NaN,NaN,NaN,NaN,NaN,NaN,NaN
943,213,8437.000,11.808,1.166,0.097,-0.033,0.893,NaN,187,0,3.848,-1.327,439.000,212.000,524.000,405.000,NaN,NaN,NaN,NaN,NaN,NaN,NaN
944,8,8438.000,38.039,-22.030,0.046,-0.247,NaN,NaN,188,0,-2.654,-1.327,NaN,NaN,NaN,NaN,NaN,NaN,NaN,NaN,NaN,NaN,NaN
945,10,8438.000,46.169,-18.061,0.217,-0.090,NaN,NaN,188,0,-0.948,-1.298,NaN,NaN,NaN,NaN,NaN,NaN,NaN,NaN,NaN,NaN,NaN
946,12,8438.000,40.193,-16.089,0.187,0.160,0.084,NaN,188,0,-2.552,-1.317,1132.000,196.000,1145.000,216.000,NaN,NaN,NaN,NaN,NaN,NaN,NaN
947,213,8438.000,11.890,1.139,0.093,-0.031,0.897,1.000,188,0,4.173,2.087,446.000,214.000,527.000,406.000,11.880,1.150,-1.230,0.790,0.590,1.610,-0.211
948,8,8439.000,38.086,-22.278,0.047,-0.248,NaN,NaN,189,0,-2.654,-1.327,NaN,NaN,NaN,NaN,NaN,NaN,NaN,NaN,NaN,NaN,NaN
949,10,8439.000,46.384,-18.151,0.216,-0.090,NaN,NaN,189,0,-0.890,-1.220,NaN,NaN,NaN,NaN,NaN,NaN,NaN,NaN,NaN,NaN,NaN
950,12,8439.000,40.386,-15.917,0.191,0.170,0.059,NaN,189,0,-2.811,-1.322,1132.000,196.000,1145.000,216.000,NaN,NaN,NaN,NaN,NaN,NaN,NaN
951,213,8439.000,11.973,1.112,0.092,-0.030,0.893,1.000,189,0,4.173,2.087,449.000,214.000,530.000,403.000,11.970,1.120,-1.220,0.880,0.600,1.720,-0.293
952,8,8440.000,38.134,-22.525,0.047,-0.247,NaN,NaN,190,0,-2.654,-1.327,NaN,NaN,NaN,NaN,NaN,NaN,NaN,NaN,NaN,NaN,NaN
953,10,8440.000,46.599,-18.242,0.215,-0.091,NaN,NaN,190,0,-2.215,-1.107,NaN,NaN,NaN,NaN,NaN,NaN,NaN,NaN,NaN,NaN,NaN
954,12,8440.000,40.565,-15.777,0.185,0.154,0.032,NaN,190,0,-3.076,-1.317,1132.000,195.000,1145.000,216.000,NaN,NaN,NaN,NaN,NaN,NaN,NaN
955,213,8440.000,12.064,1.097,0.092,-0.025,0.876,NaN,190,0,3.848,-1.327,458.000,212.000,535.000,397.000,NaN,NaN,NaN,NaN,NaN,NaN,NaN
956,8,8441.000,38.179,-22.771,0.045,-0.247,NaN,NaN,191,0,-2.654,-1.327,NaN,NaN,NaN,NaN,NaN,NaN,NaN,NaN,NaN,NaN,NaN
957,10,8441.000,46.815,-18.334,0.215,-0.092,NaN,NaN,191,0,-0.829,-1.098,NaN,NaN,NaN,NaN,NaN,NaN,NaN,NaN,NaN,NaN,NaN
958,12,8441.000,40.750,-15.622,0.185,0.155,NaN,NaN,191,0,-2.621,-1.311,NaN,NaN,NaN,NaN,NaN,NaN,NaN,NaN,NaN,NaN,NaN
959,213,8441.000,12.127,1.077,0.085,-0.024,0.880,0.999,191,0,4.173,2.087,469.000,208.000,539.000,397.000,12.120,1.070,-1.220,0.760,0.660,1.570,-0.277
960,8,8442.000,38.222,-23.018,0.044,-0.246,NaN,NaN,192,0,-2.654,-1.327,NaN,NaN,NaN,NaN,NaN,NaN,NaN,NaN,NaN,NaN,NaN
961,10,8442.000,47.029,-18.427,0.215,-0.093,NaN,NaN,192,0,-0.793,-1.086,NaN,NaN,NaN,NaN,NaN,NaN,NaN,NaN,NaN,NaN,NaN
962,12,8442.000,40.935,-15.467,0.185,0.155,NaN,NaN,192,0,-2.611,-1.306,NaN,NaN,NaN,NaN,NaN,NaN,NaN,NaN,NaN,NaN,NaN
963,213,8442.000,12.242,1.023,0.093,-0.036,0.876,0.999,192,0,4.173,2.087,475.000,208.000,540.000,395.000,12.270,1.000,-1.210,0.860,0.760,1.550,-0.096
964,8,8443.000,38.266,-23.264,0.044,-0.246,NaN,NaN,193,0,-2.654,-1.327,NaN,NaN,NaN,NaN,NaN,NaN,NaN,NaN,NaN,NaN,NaN
965,10,8443.000,47.244,-18.519,0.214,-0.092,NaN,NaN,193,0,-0.816,-1.045,NaN,NaN,NaN,NaN,NaN,NaN,NaN,NaN,NaN,NaN,NaN
966,12,8443.000,40.969,-15.656,0.168,0.061,0.079,NaN,193,0,-2.312,-1.276,1132.000,194.000,1145.000,216.000,NaN,NaN,NaN,NaN,NaN,NaN,NaN
967,213,8443.000,12.333,0.986,0.092,-0.037,0.860,NaN,193,0,3.848,-1.327,485.000,209.000,543.000,396.000,NaN,NaN,NaN,NaN,NaN,NaN,NaN
968,8,8444.000,38.310,-23.510,0.045,-0.246,NaN,NaN,194,0,-2.654,-1.327,NaN,NaN,NaN,NaN,NaN,NaN,NaN,NaN,NaN,NaN,NaN
969,10,8444.000,47.459,-18.611,0.215,-0.093,NaN,NaN,194,0,-2.008,-1.004,NaN,NaN,NaN,NaN,NaN,NaN,NaN,NaN,NaN,NaN,NaN
970,12,8444.000,41.138,-15.596,0.169,0.061,NaN,NaN,194,0,-1.016,-1.301,NaN,NaN,NaN,NaN,NaN,NaN,NaN,NaN,NaN,NaN,NaN
971,213,8444.000,12.411,0.936,0.089,-0.040,0.879,1.000,194,0,4.173,2.087,493.000,213.000,547.000,396.000,12.410,0.930,-1.220,0.810,0.610,1.630,-0.014
972,8,8445.000,38.356,-23.758,0.046,-0.248,NaN,NaN,195,0,-2.654,-1.327,NaN,NaN,NaN,NaN,NaN,NaN,NaN,NaN,NaN,NaN,NaN
973,10,8445.000,48.340,-18.894,0.237,-0.093,0.174,NaN,195,0,-1.294,-0.946,1131.000,194.000,1145.000,216.000,NaN,NaN,NaN,NaN,NaN,NaN,NaN
974,12,8445.000,41.307,-15.536,0.168,0.060,NaN,NaN,195,0,-1.036,-1.276,NaN,NaN,NaN,NaN,NaN,NaN,NaN,NaN,NaN,NaN,NaN
975,213,8445.000,12.496,0.902,0.088,-0.037,0.872,0.947,195,0,4.173,2.087,497.000,214.000,549.000,395.000,12.500,0.920,-1.250,0.840,0.570,1.670,-0.204
976,8,8446.000,38.404,-24.006,0.047,-0.248,NaN,NaN,196,0,-2.654,-1.327,NaN,NaN,NaN,NaN,NaN,NaN,NaN,NaN,NaN,NaN,NaN
977,10,8446.000,48.919,-19.139,0.242,-0.097,0.058,NaN,196,0,-0.557,-0.280,1132.000,193.000,1145.000,216.000,NaN,NaN,NaN,NaN,NaN,NaN,NaN
978,12,8446.000,41.474,-15.475,0.167,0.060,NaN,NaN,196,0,-2.547,-1.273,NaN,NaN,NaN,NaN,NaN,NaN,NaN,NaN,NaN,NaN,NaN
979,213,8446.000,12.583,0.866,0.087,-0.037,0.849,NaN,196,0,3.988,-1.323,502.000,214.000,556.000,394.000,NaN,NaN,NaN,NaN,NaN,NaN,NaN
980,8,8447.000,38.450,-24.254,0.046,-0.247,NaN,NaN,197,0,-2.654,-1.327,NaN,NaN,NaN,NaN,NaN,NaN,NaN,NaN,NaN,NaN,NaN
981,10,8447.000,49.690,-19.442,0.254,-0.101,0.107,NaN,197,0,-0.501,-0.305,1132.000,194.000,1145.000,216.000,NaN,NaN,NaN,NaN,NaN,NaN,NaN
982,12,8447.000,41.641,-15.416,0.167,0.060,NaN,NaN,197,0,-0.517,-1.261,NaN,NaN,NaN,NaN,NaN,NaN,NaN,NaN,NaN,NaN,NaN
983,213,8447.000,12.708,0.806,0.096,-0.043,0.807,0.985,197,0,4.167,2.136,510.000,214.000,562.000,389.000,12.740,0.780,-1.200,0.800,0.630,1.680,0.058
984,8,8448.000,38.496,-24.501,0.046,-0.247,NaN,NaN,198,0,-2.654,-1.327,NaN,NaN,NaN,NaN,NaN,NaN,NaN,NaN,NaN,NaN,NaN
985,10,8448.000,50.595,-19.792,0.272,-0.103,0.088,NaN,198,0,-0.543,-0.311,1132.000,194.000,1145.000,216.000,NaN,NaN,NaN,NaN,NaN,NaN,NaN
986,12,8448.000,41.808,-15.357,0.167,0.059,NaN,NaN,198,0,-0.616,-1.285,NaN,NaN,NaN,NaN,NaN,NaN,NaN,NaN,NaN,NaN,NaN
987,213,8448.000,12.885,0.744,0.115,-0.053,0.502,0.999,198,0,0.666,2.136,514.000,212.000,566.000,386.000,12.950,0.710,-1.220,0.810,0.580,1.800,-0.011
988,8,8449.000,38.542,-24.750,0.047,-0.248,NaN,NaN,199,0,-2.654,-1.327,NaN,NaN,NaN,NaN,NaN,NaN,NaN,NaN,NaN,NaN,NaN
989,10,8449.000,51.527,-20.153,0.286,-0.108,0.114,NaN,199,0,-0.511,-0.311,1132.000,194.000,1145.000,216.000,NaN,NaN,NaN,NaN,NaN,NaN,NaN
990,12,8449.000,41.975,-15.297,0.167,0.059,NaN,NaN,199,0,-2.600,-1.300,NaN,NaN,NaN,NaN,NaN,NaN,NaN,NaN,NaN,NaN,NaN
991,213,8449.000,13.001,0.707,0.117,-0.049,0.114,NaN,199,0,-1.537,-1.298,518.000,209.000,572.000,309.000,NaN,NaN,NaN,NaN,NaN,NaN,NaN
992,8,8450.000,38.590,-24.998,0.047,-0.249,NaN,NaN,200,0,-2.654,-1.327,NaN,NaN,NaN,NaN,NaN,NaN,NaN,NaN,NaN,NaN,NaN
993,10,8450.000,52.406,-20.497,0.297,-0.113,0.040,NaN,200,0,-0.673,-0.300,1132.000,194.000,1145.000,216.000,NaN,NaN,NaN,NaN,NaN,NaN,NaN
994,12,8450.000,42.142,-15.238,0.167,0.059,NaN,NaN,200,0,-0.607,-1.266,NaN,NaN,NaN,NaN,NaN,NaN,NaN,NaN,NaN,NaN,NaN
995,213,8450.000,13.117,0.680,0.116,-0.041,0.498,NaN,200,0,0.598,-1.281,518.000,206.000,578.000,312.000,NaN,NaN,NaN,NaN,NaN,NaN,NaN
996,8,8451.000,38.636,-25.248,0.046,-0.250,NaN,NaN,201,0,-2.654,-1.327,NaN,NaN,NaN,NaN,NaN,NaN,NaN,NaN,NaN,NaN,NaN
997,10,8451.000,52.703,-20.612,0.297,-0.114,NaN,NaN,201,0,-0.613,-0.307,NaN,NaN,NaN,NaN,NaN,NaN,NaN,NaN,NaN,NaN,NaN
998,12,8451.000,42.309,-15.179,0.166,0.059,NaN,NaN,201,0,-2.409,-1.205,NaN,NaN,NaN,NaN,NaN,NaN,NaN,NaN,NaN,NaN,NaN
999,213,8451.000,13.280,0.604,0.128,-0.050,0.715,0.602,201,0,2.563,0.692,519.000,209.000,582.000,312.000,13.300,0.580,-1.290,0.750,0.610,1.770,0.132
1000,8,8452.000,38.683,-25.497,0.047,-0.249,NaN,NaN,202,0,-2.654,-1.327,NaN,NaN,NaN,NaN,NaN,NaN,NaN,NaN,NaN,NaN,NaN
1001,10,8452.000,53.583,-20.962,0.313,-0.123,0.040,NaN,202,0,-0.687,-0.307,1132.000,194.000,1145.000,216.000,NaN,NaN,NaN,NaN,NaN,NaN,NaN
1002,12,8452.000,42.474,-15.120,0.166,0.059,NaN,NaN,202,0,-2.183,-1.092,NaN,NaN,NaN,NaN,NaN,NaN,NaN,NaN,NaN,NaN,NaN
1003,213,8452.000,13.407,0.587,0.127,-0.041,0.805,NaN,202,0,4.175,-1.184,523.000,212.000,586.000,310.000,NaN,NaN,NaN,NaN,NaN,NaN,NaN
1004,8,8453.000,38.732,-25.747,0.049,-0.249,NaN,NaN,203,0,-2.654,-1.327,NaN,NaN,NaN,NaN,NaN,NaN,NaN,NaN,NaN,NaN,NaN
1005,10,8453.000,54.206,-21.212,0.318,-0.127,0.056,NaN,203,0,-0.623,-0.313,1132.000,194.000,1145.000,216.000,NaN,NaN,NaN,NaN,NaN,NaN,NaN
1006,12,8453.000,42.641,-15.063,0.166,0.057,NaN,NaN,203,0,-0.778,-1.066,NaN,NaN,NaN,NaN,NaN,NaN,NaN,NaN,NaN,NaN,NaN
1007,213,8453.000,13.389,0.549,0.093,-0.043,0.732,0.041,203,0,2.837,-0.913,527.000,214.000,590.000,311.000,13.320,0.570,-1.190,0.730,0.650,1.720,-0.294
1008,8,8454.000,38.782,-25.996,0.050,-0.249,NaN,NaN,204,0,-2.654,-1.327,NaN,NaN,NaN,NaN,NaN,NaN,NaN,NaN,NaN,NaN,NaN
1009,10,8454.000,54.888,-21.483,0.326,-0.131,0.029,NaN,204,0,-0.732,-0.313,1132.000,195.000,1145.000,216.000,NaN,NaN,NaN,NaN,NaN,NaN,NaN
1010,12,8454.000,42.807,-15.006,0.166,0.057,NaN,NaN,204,0,-0.803,-1.195,NaN,NaN,NaN,NaN,NaN,NaN,NaN,NaN,NaN,NaN,NaN
1011,213,8454.000,13.481,0.490,0.092,-0.047,0.232,0.296,204,0,-0.491,-0.135,528.000,213.000,592.000,310.000,13.480,0.470,-1.260,0.720,0.640,1.830,0.009
1012,8,8455.000,38.831,-26.244,0.049,-0.248,NaN,NaN,205,0,-2.654,-1.327,NaN,NaN,NaN,NaN,NaN,NaN,NaN,NaN,NaN,NaN,NaN
1013,10,8455.000,56.052,-21.948,0.346,-0.139,0.046,NaN,205,0,-0.677,-0.320,1133.000,194.000,1145.000,216.000,NaN,NaN,NaN,NaN,NaN,NaN,NaN
1014,12,8455.000,42.975,-14.947,0.167,0.058,NaN,NaN,205,0,-2.539,-1.269,NaN,NaN,NaN,NaN,NaN,NaN,NaN,NaN,NaN,NaN,NaN
1015,213,8455.000,13.572,0.467,0.091,-0.039,0.125,NaN,205,0,-1.487,-1.187,542.000,211.000,600.000,278.000,NaN,NaN,NaN,NaN,NaN,NaN,NaN
1016,8,8456.000,38.880,-26.493,0.050,-0.249,NaN,NaN,206,0,-2.654,-1.327,NaN,NaN,NaN,NaN,NaN,NaN,NaN,NaN,NaN,NaN,NaN
1017,10,8456.000,56.398,-22.086,0.346,-0.138,NaN,NaN,206,0,-0.705,-0.352,NaN,NaN,NaN,NaN,NaN,NaN,NaN,NaN,NaN,NaN,NaN
1018,12,8456.000,43.142,-14.889,0.168,0.058,NaN,NaN,206,0,-2.610,-1.305,NaN,NaN,NaN,NaN,NaN,NaN,NaN,NaN,NaN,NaN,NaN
1019,213,8456.000,13.661,0.429,0.091,-0.038,0.063,NaN,206,0,-1.375,-1.201,551.000,209.000,608.000,330.000,NaN,NaN,NaN,NaN,NaN,NaN,NaN
1020,8,8457.000,38.930,-26.740,0.049,-0.248,NaN,NaN,207,0,-2.654,-1.327,NaN,NaN,NaN,NaN,NaN,NaN,NaN,NaN,NaN,NaN,NaN
1021,10,8457.000,57.275,-22.431,0.357,-0.142,0.044,NaN,207,0,-0.789,-0.352,1133.000,195.000,1145.000,216.000,NaN,NaN,NaN,NaN,NaN,NaN,NaN
1022,12,8457.000,43.310,-14.830,0.168,0.060,NaN,NaN,207,0,-2.583,-1.291,NaN,NaN,NaN,NaN,NaN,NaN,NaN,NaN,NaN,NaN,NaN
1023,213,8457.000,13.711,0.390,0.082,-0.037,NaN,0.983,207,0,-2.215,2.172,546.000,192.000,621.000,359.000,13.700,0.390,-1.150,0.750,0.630,1.620,0.214
1024,8,8458.000,38.980,-26.989,0.050,-0.249,NaN,NaN,208,0,-2.654,-1.327,NaN,NaN,NaN,NaN,NaN,NaN,NaN,NaN,NaN,NaN,NaN
1025,10,8458.000,58.000,-22.716,0.365,-0.145,0.054,NaN,208,0,-0.814,-0.360,1133.000,196.000,1145.000,216.000,NaN,NaN,NaN,NaN,NaN,NaN,NaN
1026,12,8458.000,43.477,-14.771,0.168,0.059,NaN,NaN,208,0,-2.500,-1.250,NaN,NaN,NaN,NaN,NaN,NaN,NaN,NaN,NaN,NaN,NaN
1027,213,8458.000,13.794,0.359,0.081,-0.036,0.031,NaN,208,0,-1.616,-1.263,559.000,209.000,611.000,361.000,NaN,NaN,NaN,NaN,NaN,NaN,NaN
1028,8,8459.000,39.030,-27.238,0.050,-0.249,NaN,NaN,209,0,-2.654,-1.327,NaN,NaN,NaN,NaN,NaN,NaN,NaN,NaN,NaN,NaN,NaN
1029,10,8459.000,59.137,-23.158,0.382,-0.148,0.073,NaN,209,0,-0.681,-0.360,1133.000,194.000,1145.000,216.000,NaN,NaN,NaN,NaN,NaN,NaN,NaN
1030,12,8459.000,43.645,-14.711,0.168,0.059,NaN,NaN,209,0,-0.758,-1.193,NaN,NaN,NaN,NaN,NaN,NaN,NaN,NaN,NaN,NaN,NaN
1031,213,8459.000,13.839,0.305,0.072,-0.041,0.793,0.994,209,0,4.001,2.172,566.000,212.000,618.000,362.000,13.820,0.290,-1.200,0.690,0.760,1.590,0.236
1032,8,8460.000,39.080,-27.487,0.049,-0.249,NaN,NaN,210,0,-2.654,-1.327,NaN,NaN,NaN,NaN,NaN,NaN,NaN,NaN,NaN,NaN,NaN
1033,10,8460.000,59.787,-23.408,0.386,-0.148,0.064,NaN,210,0,-0.733,-0.369,1133.000,194.000,1145.000,216.000,NaN,NaN,NaN,NaN,NaN,NaN,NaN
1034,12,8460.000,43.814,-14.651,0.169,0.060,NaN,NaN,210,0,-0.632,-1.118,NaN,NaN,NaN,NaN,NaN,NaN,NaN,NaN,NaN,NaN,NaN
1035,213,8460.000,13.909,0.260,0.069,-0.043,0.837,0.978,210,0,4.343,2.172,569.000,212.000,619.000,361.000,13.910,0.260,-1.280,0.730,0.710,1.680,0.262
1036,8,8461.000,39.130,-27.736,0.050,-0.249,NaN,NaN,211,0,-2.654,-1.327,NaN,NaN,NaN,NaN,NaN,NaN,NaN,NaN,NaN,NaN,NaN
1037,10,8461.000,60.513,-23.691,0.393,-0.152,0.056,NaN,211,0,-0.733,-0.369,1133.000,194.000,1145.000,216.000,NaN,NaN,NaN,NaN,NaN,NaN,NaN
1038,12,8461.000,43.981,-14.591,0.167,0.060,NaN,NaN,211,0,-2.179,-1.089,NaN,NaN,NaN,NaN,NaN,NaN,NaN,NaN,NaN,NaN,NaN
1039,213,8461.000,13.975,0.214,0.068,-0.044,0.854,NaN,211,0,4.137,-1.311,575.000,212.000,626.000,364.000,NaN,NaN,NaN,NaN,NaN,NaN,NaN
1040,8,8462.000,39.179,-27.986,0.050,-0.249,NaN,NaN,212,0,-2.654,-1.327,NaN,NaN,NaN,NaN,NaN,NaN,NaN,NaN,NaN,NaN,NaN
1041,10,8462.000,61.177,-23.951,0.398,-0.156,0.046,NaN,212,0,-0.798,-0.377,1133.000,195.000,1145.000,216.000,NaN,NaN,NaN,NaN,NaN,NaN,NaN
1042,12,8462.000,44.151,-14.529,0.169,0.062,NaN,NaN,212,0,-0.606,-1.191,NaN,NaN,NaN,NaN,NaN,NaN,NaN,NaN,NaN,NaN,NaN
1043,213,8462.000,14.075,0.173,0.078,-0.044,0.860,0.996,212,0,4.343,2.172,581.000,212.000,630.000,362.000,14.090,0.190,-1.250,0.760,0.690,1.740,-0.016
1044,8,8463.000,39.228,-28.236,0.049,-0.250,NaN,NaN,213,0,-2.654,-1.327,NaN,NaN,NaN,NaN,NaN,NaN,NaN,NaN,NaN,NaN,NaN
1045,10,8463.000,61.635,-24.132,0.403,-0.157,0.032,NaN,213,0,-0.969,-0.415,1133.000,195.000,1145.000,216.000,NaN,NaN,NaN,NaN,NaN,NaN,NaN
1046,12,8463.000,44.321,-14.466,0.170,0.063,NaN,NaN,213,0,-0.451,-1.212,NaN,NaN,NaN,NaN,NaN,NaN,NaN,NaN,NaN,NaN,NaN
1047,213,8463.000,14.184,0.124,0.086,-0.043,0.856,1.000,213,0,4.343,2.172,583.000,212.000,633.000,364.000,14.200,0.120,-1.220,0.870,0.620,1.650,-0.000
1048,8,8464.000,39.278,-28.488,0.049,-0.253,NaN,NaN,214,0,-2.654,-1.327,NaN,NaN,NaN,NaN,NaN,NaN,NaN,NaN,NaN,NaN,NaN
1049,10,8464.000,62.037,-24.290,0.403,-0.157,NaN,NaN,214,0,-0.316,-0.373,NaN,NaN,NaN,NaN,NaN,NaN,NaN,NaN,NaN,NaN,NaN
1050,12,8464.000,44.491,-14.404,0.170,0.062,NaN,NaN,214,0,-2.346,-1.173,NaN,NaN,NaN,NaN,NaN,NaN,NaN,NaN,NaN,NaN,NaN
1051,213,8464.000,14.272,0.082,0.086,-0.042,0.862,NaN,214,0,4.137,-1.324,587.000,210.000,639.000,368.000,NaN,NaN,NaN,NaN,NaN,NaN,NaN
1052,8,8465.000,39.327,-28.740,0.050,-0.251,NaN,NaN,215,0,-2.654,-1.327,NaN,NaN,NaN,NaN,NaN,NaN,NaN,NaN,NaN,NaN,NaN
1053,10,8465.000,62.439,-24.447,0.402,-0.157,NaN,NaN,215,0,-0.764,-0.382,NaN,NaN,NaN,NaN,NaN,NaN,NaN,NaN,NaN,NaN,NaN
1054,12,8465.000,44.661,-14.343,0.170,0.062,NaN,NaN,215,0,-1.003,-1.142,NaN,NaN,NaN,NaN,NaN,NaN,NaN,NaN,NaN,NaN,NaN
1055,213,8465.000,14.347,0.069,0.085,-0.031,0.857,1.000,215,0,4.343,2.172,590.000,210.000,644.000,366.000,14.340,0.090,-1.180,0.870,0.590,1.640,0.006
1056,8,8466.000,39.378,-28.990,0.051,-0.251,NaN,NaN,216,0,-2.654,-1.327,NaN,NaN,NaN,NaN,NaN,NaN,NaN,NaN,NaN,NaN,NaN
1057,10,8466.000,62.842,-24.603,0.404,-0.156,NaN,NaN,216,0,-0.764,-0.382,NaN,NaN,NaN,NaN,NaN,NaN,NaN,NaN,NaN,NaN,NaN
1058,12,8466.000,44.831,-14.281,0.170,0.062,NaN,NaN,216,0,-0.954,-1.129,NaN,NaN,NaN,NaN,NaN,NaN,NaN,NaN,NaN,NaN,NaN
1059,213,8466.000,14.442,0.045,0.088,-0.029,0.858,0.999,216,0,4.343,2.172,590.000,210.000,647.000,365.000,14.450,0.050,-1.260,0.810,0.570,1.830,-0.101
1060,8,8467.000,39.429,-29.241,0.050,-0.251,NaN,NaN,217,0,-2.654,-1.327,NaN,NaN,NaN,NaN,NaN,NaN,NaN,NaN,NaN,NaN,NaN
1061,10,8467.000,63.244,-24.758,0.403,-0.155,NaN,NaN,217,0,-0.764,-0.382,NaN,NaN,NaN,NaN,NaN,NaN,NaN,NaN,NaN,NaN,NaN
1062,12,8467.000,44.999,-14.218,0.169,0.063,NaN,NaN,217,0,-0.951,-1.217,NaN,NaN,NaN,NaN,NaN,NaN,NaN,NaN,NaN,NaN,NaN
1063,213,8467.000,14.531,0.009,0.087,-0.031,0.854,NaN,217,0,4.137,-1.326,592.000,211.000,650.000,363.000,NaN,NaN,NaN,NaN,NaN,NaN,NaN
1064,8,8468.000,39.479,-29.493,0.051,-0.251,NaN,NaN,218,0,-2.654,-1.327,NaN,NaN,NaN,NaN,NaN,NaN,NaN,NaN,NaN,NaN,NaN
1065,10,8468.000,63.647,-24.914,0.403,-0.156,NaN,NaN,218,0,-0.764,-0.382,NaN,NaN,NaN,NaN,NaN,NaN,NaN,NaN,NaN,NaN,NaN
1066,12,8468.000,45.169,-14.156,0.169,0.062,NaN,NaN,218,0,-0.962,-1.275,NaN,NaN,NaN,NaN,NaN,NaN,NaN,NaN,NaN,NaN,NaN
1067,213,8468.000,14.607,-0.008,0.082,-0.028,0.851,1.000,218,0,4.394,2.197,594.000,213.000,652.000,358.000,14.590,0.010,-1.250,0.840,0.610,1.720,-0.279
1068,8,8469.000,39.530,-29.743,0.051,-0.250,NaN,NaN,219,0,-2.654,-1.327,NaN,NaN,NaN,NaN,NaN,NaN,NaN,NaN,NaN,NaN,NaN
1069,10,8469.000,64.050,-25.071,0.403,-0.156,NaN,NaN,219,0,-0.295,-0.391,NaN,NaN,NaN,NaN,NaN,NaN,NaN,NaN,NaN,NaN,NaN
1070,12,8469.000,45.338,-14.095,0.169,0.061,NaN,NaN,219,0,-2.606,-1.303,NaN,NaN,NaN,NaN,NaN,NaN,NaN,NaN,NaN,NaN,NaN
1071,213,8469.000,14.716,-0.042,0.089,-0.027,0.839,1.000,219,0,4.394,2.197,596.000,212.000,653.000,360.000,14.750,-0.030,-1.240,0.860,0.580,1.740,-0.187
1072,8,8470.000,39.581,-29.994,0.050,-0.250,NaN,NaN,220,0,-2.654,-1.327,NaN,NaN,NaN,NaN,NaN,NaN,NaN,NaN,NaN,NaN,NaN
1073,10,8470.000,64.451,-25.227,0.402,-0.156,NaN,NaN,220,0,-0.318,-0.391,NaN,NaN,NaN,NaN,NaN,NaN,NaN,NaN,NaN,NaN,NaN
1074,12,8470.000,45.507,-14.034,0.169,0.061,NaN,NaN,220,0,-2.627,-1.314,NaN,NaN,NaN,NaN,NaN,NaN,NaN,NaN,NaN,NaN,NaN
1075,213,8470.000,14.805,-0.071,0.089,-0.027,0.865,NaN,220,0,4.285,-1.327,599.000,210.000,656.000,350.000,NaN,NaN,NaN,NaN,NaN,NaN,NaN
1076,8,8471.000,39.631,-30.244,0.051,-0.250,NaN,NaN,221,0,-2.654,-1.327,NaN,NaN,NaN,NaN,NaN,NaN,NaN,NaN,NaN,NaN,NaN
1077,10,8471.000,64.852,-25.382,0.401,-0.154,NaN,NaN,221,0,-0.783,-0.391,NaN,NaN,NaN,NaN,NaN,NaN,NaN,NaN,NaN,NaN,NaN
1078,12,8471.000,45.678,-13.972,0.171,0.062,NaN,NaN,221,0,-1.156,-1.316,NaN,NaN,NaN,NaN,NaN,NaN,NaN,NaN,NaN,NaN,NaN
1079,213,8471.000,14.916,-0.102,0.095,-0.027,0.878,1.000,221,0,4.394,2.197,601.000,207.000,660.000,361.000,14.930,-0.090,-1.210,0.820,0.590,1.660,-0.198
1080,8,8472.000,39.680,-30.493,0.049,-0.249,NaN,NaN,222,0,-2.654,-1.327,NaN,NaN,NaN,NaN,NaN,NaN,NaN,NaN,NaN,NaN,NaN
1081,10,8472.000,65.254,-25.535,0.403,-0.154,NaN,NaN,222,0,-0.306,-0.391,NaN,NaN,NaN,NaN,NaN,NaN,NaN,NaN,NaN,NaN,NaN
1082,12,8472.000,45.850,-13.911,0.173,0.061,NaN,NaN,222,0,-2.618,-1.309,NaN,NaN,NaN,NaN,NaN,NaN,NaN,NaN,NaN,NaN,NaN
1083,213,8472.000,15.040,-0.151,0.102,-0.033,0.886,1.000,222,0,4.394,2.197,606.000,206.000,661.000,362.000,15.070,-0.180,-1.240,0.740,0.780,1.600,-0.160
1084,8,8473.000,39.730,-30.743,0.050,-0.250,NaN,NaN,223,0,-2.654,-1.327,NaN,NaN,NaN,NaN,NaN,NaN,NaN,NaN,NaN,NaN,NaN
1085,10,8473.000,65.819,-25.753,0.403,-0.149,0.079,NaN,223,0,-0.709,-0.391,1132.000,194.000,1145.000,219.000,NaN,NaN,NaN,NaN,NaN,NaN,NaN
1086,12,8473.000,46.024,-13.850,0.173,0.061,NaN,NaN,223,0,-0.732,-1.294,NaN,NaN,NaN,NaN,NaN,NaN,NaN,NaN,NaN,NaN,NaN
1087,213,8473.000,15.144,-0.190,0.103,-0.036,0.874,NaN,223,0,4.137,-1.327,613.000,208.000,665.000,362.000,NaN,NaN,NaN,NaN,NaN,NaN,NaN
1088,8,8474.000,39.779,-30.992,0.049,-0.250,NaN,NaN,224,0,-2.654,-1.327,NaN,NaN,NaN,NaN,NaN,NaN,NaN,NaN,NaN,NaN,NaN
1089,10,8474.000,66.419,-25.978,0.408,-0.149,0.047,NaN,224,0,-0.848,-0.401,1132.000,193.000,1145.000,219.000,NaN,NaN,NaN,NaN,NaN,NaN,NaN
1090,12,8474.000,46.197,-13.790,0.173,0.060,NaN,NaN,224,0,-2.528,-1.264,NaN,NaN,NaN,NaN,NaN,NaN,NaN,NaN,NaN,NaN,NaN
1091,213,8474.000,15.225,-0.236,0.096,-0.040,0.874,0.993,224,0,4.394,2.197,619.000,210.000,669.000,360.000,15.210,-0.250,-1.240,1.020,0.640,1.770,-0.061
1092,8,8475.000,39.827,-31.243,0.048,-0.251,NaN,NaN,225,0,-2.654,-1.327,NaN,NaN,NaN,NaN,NaN,NaN,NaN,NaN,NaN,NaN,NaN
1093,10,8475.000,66.962,-26.184,0.407,-0.149,0.038,NaN,225,0,-0.340,-0.152,1132.000,194.000,1145.000,217.000,NaN,NaN,NaN,NaN,NaN,NaN,NaN
1094,12,8475.000,46.370,-13.730,0.173,0.060,NaN,NaN,225,0,-0.618,-1.214,NaN,NaN,NaN,NaN,NaN,NaN,NaN,NaN,NaN,NaN,NaN
1095,213,8475.000,15.320,-0.278,0.093,-0.039,0.878,1.000,225,0,4.394,2.197,621.000,211.000,672.000,361.000,15.310,-0.290,-1.220,0.780,0.610,1.610,-0.094
1096,8,8476.000,39.876,-31.494,0.049,-0.251,NaN,NaN,226,0,-2.654,-1.327,NaN,NaN,NaN,NaN,NaN,NaN,NaN,NaN,NaN,NaN,NaN
1097,10,8476.000,67.369,-26.333,0.406,-0.149,NaN,NaN,226,0,-0.157,-0.078,NaN,NaN,NaN,NaN,NaN,NaN,NaN,NaN,NaN,NaN,NaN
1098,12,8476.000,46.545,-13.669,0.174,0.060,NaN,NaN,226,0,-2.286,-1.143,NaN,NaN,NaN,NaN,NaN,NaN,NaN,NaN,NaN,NaN,NaN
1099,213,8476.000,15.412,-0.322,0.091,-0.040,0.887,NaN,226,0,4.137,-1.327,627.000,211.000,674.000,359.000,NaN,NaN,NaN,NaN,NaN,NaN,NaN
1100,8,8477.000,39.925,-31.747,0.049,-0.253,NaN,NaN,227,0,-2.654,-1.327,NaN,NaN,NaN,NaN,NaN,NaN,NaN,NaN,NaN,NaN,NaN
1101,10,8477.000,67.775,-26.480,0.406,-0.148,NaN,NaN,227,0,-0.161,-0.081,NaN,NaN,NaN,NaN,NaN,NaN,NaN,NaN,NaN,NaN,NaN
1102,12,8477.000,46.718,-13.608,0.174,0.061,NaN,NaN,227,0,-0.715,-1.065,NaN,NaN,NaN,NaN,NaN,NaN,NaN,NaN,NaN,NaN,NaN
1103,213,8477.000,15.516,-0.351,0.096,-0.037,0.867,0.994,227,0,4.450,2.225,631.000,213.000,680.000,353.000,15.530,-0.360,-1.210,0.770,0.800,1.550,-0.062
1104,8,8478.000,39.975,-32.000,0.050,-0.254,NaN,NaN,228,0,-2.654,-1.327,NaN,NaN,NaN,NaN,NaN,NaN,NaN,NaN,NaN,NaN,NaN
1105,10,8478.000,68.184,-26.627,0.406,-0.147,NaN,NaN,228,0,-0.043,-0.081,NaN,NaN,NaN,NaN,NaN,NaN,NaN,NaN,NaN,NaN,NaN
1106,12,8478.000,46.892,-13.547,0.173,0.062,NaN,NaN,228,0,-1.934,-0.967,NaN,NaN,NaN,NaN,NaN,NaN,NaN,NaN,NaN,NaN,NaN
1107,213,8478.000,15.616,-0.400,0.096,-0.046,0.872,0.995,228,0,4.450,2.225,632.000,210.000,682.000,354.000,15.620,-0.410,-1.270,0.700,0.830,1.520,-0.190
1108,8,8479.000,40.025,-32.252,0.050,-0.252,NaN,NaN,229,0,-2.654,-1.327,NaN,NaN,NaN,NaN,NaN,NaN,NaN,NaN,NaN,NaN,NaN
1109,10,8479.000,68.976,-26.940,0.406,-0.147,0.038,NaN,229,0,-0.214,-0.089,1132.000,198.000,1143.000,217.000,NaN,NaN,NaN,NaN,NaN,NaN,NaN
1110,12,8479.000,47.065,-13.483,0.173,0.064,NaN,NaN,229,0,-0.542,-0.771,NaN,NaN,NaN,NaN,NaN,NaN,NaN,NaN,NaN,NaN,NaN
1111,213,8479.000,15.712,-0.451,0.097,-0.048,0.858,NaN,229,0,4.137,-1.325,634.000,208.000,686.000,353.000,NaN,NaN,NaN,NaN,NaN,NaN,NaN
1112,8,8480.000,40.074,-32.504,0.050,-0.252,NaN,NaN,230,0,-2.654,-1.327,NaN,NaN,NaN,NaN,NaN,NaN,NaN,NaN,NaN,NaN,NaN
1113,10,8480.000,69.384,-27.087,0.407,-0.147,NaN,NaN,230,0,-0.179,-0.089,NaN,NaN,NaN,NaN,NaN,NaN,NaN,NaN,NaN,NaN,NaN
1114,12,8480.000,47.238,-13.419,0.173,0.064,NaN,NaN,230,0,-0.549,-0.275,NaN,NaN,NaN,NaN,NaN,NaN,NaN,NaN,NaN,NaN,NaN
1115,213,8480.000,15.797,-0.485,0.095,-0.044,0.843,0.993,230,0,4.450,2.225,634.000,208.000,691.000,353.000,15.790,-0.470,-1.190,0.730,0.810,1.510,-0.151
1116,8,8481.000,40.124,-32.756,0.050,-0.252,NaN,NaN,231,0,-2.654,-1.327,NaN,NaN,NaN,NaN,NaN,NaN,NaN,NaN,NaN,NaN,NaN
1117,10,8481.000,69.792,-27.235,0.408,-0.148,NaN,NaN,231,0,-0.184,-0.092,NaN,NaN,NaN,NaN,NaN,NaN,NaN,NaN,NaN,NaN,NaN
1118,12,8481.000,47.411,-13.354,0.173,0.065,NaN,NaN,231,0,-0.041,-0.061,NaN,NaN,NaN,NaN,NaN,NaN,NaN,NaN,NaN,NaN,NaN
1119,213,8481.000,15.892,-0.520,0.095,-0.042,0.690,NaN,231,0,2.375,-1.324,634.000,209.000,692.000,333.000,NaN,NaN,NaN,NaN,NaN,NaN,NaN
1120,8,8482.000,40.174,-33.009,0.050,-0.252,NaN,NaN,232,0,-2.654,-1.327,NaN,NaN,NaN,NaN,NaN,NaN,NaN,NaN,NaN,NaN,NaN
1121,10,8482.000,70.202,-27.384,0.408,-0.149,NaN,NaN,232,0,-0.166,-0.083,NaN,NaN,NaN,NaN,NaN,NaN,NaN,NaN,NaN,NaN,NaN
1122,12,8482.000,47.585,-13.290,0.174,0.064,NaN,NaN,232,0,-0.549,-0.275,NaN,NaN,NaN,NaN,NaN,NaN,NaN,NaN,NaN,NaN,NaN
1123,213,8482.000,15.985,-0.546,0.095,-0.039,0.539,NaN,232,0,1.025,-1.323,635.000,210.000,696.000,349.000,NaN,NaN,NaN,NaN,NaN,NaN,NaN
1124,8,8483.000,40.223,-33.260,0.049,-0.252,NaN,NaN,233,0,-2.654,-1.327,NaN,NaN,NaN,NaN,NaN,NaN,NaN,NaN,NaN,NaN,NaN
1125,10,8483.000,70.613,-27.533,0.410,-0.148,NaN,NaN,233,0,-0.070,-0.083,NaN,NaN,NaN,NaN,NaN,NaN,NaN,NaN,NaN,NaN,NaN
1126,12,8483.000,47.761,-13.227,0.175,0.064,NaN,NaN,233,0,-1.077,-0.655,NaN,NaN,NaN,NaN,NaN,NaN,NaN,NaN,NaN,NaN,NaN
1127,213,8483.000,16.083,-0.563,0.095,-0.033,0.845,0.985,233,0,4.450,2.225,638.000,210.000,697.000,342.000,16.070,-0.550,-1.250,0.730,0.590,1.620,-0.353
1128,8,8484.000,40.272,-33.512,0.049,-0.252,NaN,NaN,234,0,-2.654,-1.327,NaN,NaN,NaN,NaN,NaN,NaN,NaN,NaN,NaN,NaN,NaN
1129,10,8484.000,71.022,-27.680,0.410,-0.148,NaN,NaN,234,0,-0.067,-0.092,NaN,NaN,NaN,NaN,NaN,NaN,NaN,NaN,NaN,NaN,NaN
1130,12,8484.000,47.937,-13.162,0.176,0.065,NaN,NaN,234,0,-1.621,-0.946,NaN,NaN,NaN,NaN,NaN,NaN,NaN,NaN,NaN,NaN,NaN
1131,213,8484.000,16.220,-0.598,0.105,-0.031,0.859,0.880,234,0,4.450,2.225,639.000,209.000,698.000,342.000,16.240,-0.600,-1.240,0.750,0.670,1.660,-0.435
1132,8,8485.000,40.320,-33.763,0.048,-0.250,NaN,NaN,235,0,-2.654,-1.327,NaN,NaN,NaN,NaN,NaN,NaN,NaN,NaN,NaN,NaN,NaN
1133,10,8485.000,71.880,-27.963,0.416,-0.145,0.030,NaN,235,0,-0.215,-0.092,1129.000,196.000,1142.000,218.000,NaN,NaN,NaN,NaN,NaN,NaN,NaN
1134,12,8485.000,48.113,-13.096,0.176,0.066,NaN,NaN,235,0,-1.809,-1.100,NaN,NaN,NaN,NaN,NaN,NaN,NaN,NaN,NaN,NaN,NaN
1135,213,8485.000,16.328,-0.622,0.105,-0.027,0.691,NaN,235,0,2.375,-1.321,640.000,208.000,701.000,332.000,NaN,NaN,NaN,NaN,NaN,NaN,NaN
1136,8,8486.000,40.368,-34.014,0.049,-0.251,NaN,NaN,236,0,-2.654,-1.327,NaN,NaN,NaN,NaN,NaN,NaN,NaN,NaN,NaN,NaN,NaN
1137,10,8486.000,72.296,-28.109,0.417,-0.145,NaN,NaN,236,0,-0.190,-0.095,NaN,NaN,NaN,NaN,NaN,NaN,NaN,NaN,NaN,NaN,NaN
1138,12,8486.000,48.288,-13.028,0.175,0.068,NaN,NaN,236,0,-0.881,-1.168,NaN,NaN,NaN,NaN,NaN,NaN,NaN,NaN,NaN,NaN,NaN
1139,213,8486.000,16.438,-0.669,0.106,-0.032,0.540,0.002,236,0,1.184,-1.231,648.000,207.000,704.000,339.000,16.420,-0.690,-1.160,0.740,0.640,1.720,-0.420
1140,8,8487.000,40.418,-34.266,0.049,-0.252,NaN,NaN,237,0,-2.654,-1.327,NaN,NaN,NaN,NaN,NaN,NaN,NaN,NaN,NaN,NaN,NaN
1141,10,8487.000,72.710,-28.254,0.416,-0.145,NaN,NaN,237,0,-0.190,-0.095,NaN,NaN,NaN,NaN,NaN,NaN,NaN,NaN,NaN,NaN,NaN
1142,12,8487.000,48.462,-12.959,0.174,0.068,NaN,NaN,237,0,-1.711,-1.220,NaN,NaN,NaN,NaN,NaN,NaN,NaN,NaN,NaN,NaN,NaN
1143,213,8487.000,16.562,-0.716,0.110,-0.036,0.419,0.994,237,0,0.342,2.248,653.000,206.000,705.000,293.000,16.590,-0.730,-1.220,0.720,0.730,1.570,0.304
1144,8,8488.000,40.466,-34.518,0.047,-0.252,NaN,NaN,238,0,-2.654,-1.327,NaN,NaN,NaN,NaN,NaN,NaN,NaN,NaN,NaN,NaN,NaN
1145,10,8488.000,73.125,-28.400,0.415,-0.146,NaN,NaN,238,0,-0.080,-0.095,NaN,NaN,NaN,NaN,NaN,NaN,NaN,NaN,NaN,NaN,NaN
1146,12,8488.000,48.636,-12.892,0.174,0.068,NaN,NaN,238,0,-2.338,-1.169,NaN,NaN,NaN,NaN,NaN,NaN,NaN,NaN,NaN,NaN,NaN
1147,213,8488.000,16.667,-0.763,0.109,-0.040,0.698,NaN,238,0,2.315,-1.317,659.000,208.000,708.000,292.000,NaN,NaN,NaN,NaN,NaN,NaN,NaN
1148,8,8489.000,40.511,-34.769,0.046,-0.251,NaN,NaN,239,0,-2.654,-1.327,NaN,NaN,NaN,NaN,NaN,NaN,NaN,NaN,NaN,NaN,NaN
1149,10,8489.000,73.540,-28.544,0.415,-0.144,NaN,NaN,239,0,-0.190,-0.095,NaN,NaN,NaN,NaN,NaN,NaN,NaN,NaN,NaN,NaN,NaN
1150,12,8489.000,48.809,-12.824,0.174,0.068,NaN,NaN,239,0,-1.431,-1.053,NaN,NaN,NaN,NaN,NaN,NaN,NaN,NaN,NaN,NaN,NaN
1151,213,8489.000,16.701,-0.814,0.090,-0.045,0.365,0.999,239,0,0.023,2.248,665.000,210.000,711.000,294.000,16.630,-0.850,-1.210,0.750,0.620,1.580,-0.158
1152,8,8490.000,40.556,-35.019,0.045,-0.251,NaN,NaN,240,0,-2.654,-1.327,NaN,NaN,NaN,NaN,NaN,NaN,NaN,NaN,NaN,NaN,NaN
1153,10,8490.000,73.956,-28.688,0.415,-0.144,NaN,NaN,240,0,-0.190,-0.095,NaN,NaN,NaN,NaN,NaN,NaN,NaN,NaN,NaN,NaN,NaN
1154,12,8490.000,48.984,-12.755,0.174,0.069,NaN,NaN,240,0,-1.210,-0.837,NaN,NaN,NaN,NaN,NaN,NaN,NaN,NaN,NaN,NaN,NaN
1155,213,8490.000,16.804,-0.883,0.093,-0.053,0.712,0.967,240,0,2.942,2.248,668.000,211.000,714.000,300.000,16.820,-0.920,-1.260,0.780,0.580,1.710,-0.339
1156,8,8491.000,40.600,-35.270,0.043,-0.251,NaN,NaN,241,0,-2.654,-1.327,NaN,NaN,NaN,NaN,NaN,NaN,NaN,NaN,NaN,NaN,NaN
1157,10,8491.000,74.689,-29.019,0.418,-0.154,0.097,NaN,241,0,-0.095,-0.056,1129.000,196.000,1141.000,217.000,NaN,NaN,NaN,NaN,NaN,NaN,NaN
1158,12,8491.000,49.157,-12.688,0.173,0.068,NaN,NaN,241,0,-0.985,-0.492,NaN,NaN,NaN,NaN,NaN,NaN,NaN,NaN,NaN,NaN,NaN
1159,213,8491.000,16.895,-0.940,0.094,-0.055,0.729,NaN,241,0,2.856,-1.319,674.000,210.000,719.000,320.000,NaN,NaN,NaN,NaN,NaN,NaN,NaN
1160,8,8492.000,40.644,-35.523,0.043,-0.253,NaN,NaN,242,0,-2.654,-1.327,NaN,NaN,NaN,NaN,NaN,NaN,NaN,NaN,NaN,NaN,NaN
1161,10,8492.000,75.233,-29.214,0.422,-0.153,0.107,NaN,242,0,-0.162,-0.098,1129.000,196.000,1140.000,217.000,NaN,NaN,NaN,NaN,NaN,NaN,NaN
1162,12,8492.000,49.329,-12.619,0.172,0.069,NaN,NaN,242,0,-0.209,-0.350,NaN,NaN,NaN,NaN,NaN,NaN,NaN,NaN,NaN,NaN,NaN
1163,213,8492.000,16.966,-0.985,0.088,-0.056,0.739,0.968,242,0,3.421,2.248,679.000,208.000,724.000,323.000,16.950,-0.990,-1.230,0.740,0.820,1.510,0.021
1164,8,8493.000,40.687,-35.778,0.043,-0.254,NaN,NaN,243,0,-2.654,-1.327,NaN,NaN,NaN,NaN,NaN,NaN,NaN,NaN,NaN,NaN,NaN
1165,10,8493.000,75.724,-29.404,0.424,-0.156,0.095,NaN,243,0,-0.166,-0.098,1129.000,196.000,1141.000,217.000,NaN,NaN,NaN,NaN,NaN,NaN,NaN
1166,12,8493.000,49.501,-12.550,0.172,0.070,NaN,NaN,243,0,-0.700,-0.350,NaN,NaN,NaN,NaN,NaN,NaN,NaN,NaN,NaN,NaN,NaN
1167,213,8493.000,17.045,-1.046,0.087,-0.058,0.803,0.999,243,0,4.403,2.248,680.000,208.000,726.000,326.000,17.040,-1.050,-1.210,0.780,0.650,1.640,-0.153
1168,8,8494.000,40.729,-36.030,0.043,-0.252,NaN,NaN,244,0,-2.654,-1.327,NaN,NaN,NaN,NaN,NaN,NaN,NaN,NaN,NaN,NaN,NaN
1169,10,8494.000,76.227,-29.598,0.428,-0.160,0.030,NaN,244,0,-0.229,-0.098,1129.000,196.000,1141.000,217.000,NaN,NaN,NaN,NaN,NaN,NaN,NaN
1170,12,8494.000,49.673,-12.480,0.172,0.070,NaN,NaN,244,0,-0.637,-0.318,NaN,NaN,NaN,NaN,NaN,NaN,NaN,NaN,NaN,NaN,NaN
1171,213,8494.000,17.133,-1.097,0.088,-0.056,0.824,NaN,244,0,4.294,-1.322,681.000,207.000,730.000,325.000,NaN,NaN,NaN,NaN,NaN,NaN,NaN
1172,8,8495.000,40.773,-36.282,0.044,-0.252,NaN,NaN,245,0,-2.654,-1.327,NaN,NaN,NaN,NaN,NaN,NaN,NaN,NaN,NaN,NaN,NaN
1173,10,8495.000,76.655,-29.756,0.427,-0.159,NaN,NaN,245,0,-0.203,-0.102,NaN,NaN,NaN,NaN,NaN,NaN,NaN,NaN,NaN,NaN,NaN
1174,12,8495.000,49.846,-12.408,0.173,0.072,NaN,NaN,245,0,-0.514,-0.257,NaN,NaN,NaN,NaN,NaN,NaN,NaN,NaN,NaN,NaN,NaN
1175,213,8495.000,17.158,-1.126,0.073,-0.048,0.837,0.886,245,0,4.496,2.248,682.000,208.000,734.000,325.000,17.110,-1.120,-1.270,0.880,0.500,1.770,-0.132
1176,8,8496.000,40.816,-36.535,0.044,-0.252,NaN,NaN,246,0,-2.654,-1.327,NaN,NaN,NaN,NaN,NaN,NaN,NaN,NaN,NaN,NaN,NaN
1177,10,8496.000,77.430,-30.101,0.424,-0.171,0.030,NaN,246,0,-0.237,-0.102,1130.000,196.000,1142.000,217.000,NaN,NaN,NaN,NaN,NaN,NaN,NaN
1178,12,8496.000,50.019,-12.337,0.172,0.071,NaN,NaN,246,0,-0.011,-0.022,NaN,NaN,NaN,NaN,NaN,NaN,NaN,NaN,NaN,NaN,NaN
1179,213,8496.000,17.264,-1.164,0.080,-0.045,0.845,0.987,246,0,4.496,2.248,682.000,209.000,736.000,333.000,17.290,-1.160,-1.210,0.830,0.640,1.630,-0.118
1180,8,8497.000,40.860,-36.785,0.044,-0.252,NaN,NaN,247,0,-2.654,-1.327,NaN,NaN,NaN,NaN,NaN,NaN,NaN,NaN,NaN,NaN,NaN
1181,10,8497.000,77.882,-30.289,0.425,-0.172,0.029,NaN,247,0,-0.265,-0.114,1130.000,197.000,1141.000,218.000,NaN,NaN,NaN,NaN,NaN,NaN,NaN
1182,12,8497.000,50.193,-12.265,0.174,0.071,NaN,NaN,247,0,-0.000,-0.000,NaN,NaN,NaN,NaN,NaN,NaN,NaN,NaN,NaN,NaN,NaN
1183,213,8497.000,17.343,-1.200,0.078,-0.043,0.775,NaN,247,0,3.668,-1.324,684.000,210.000,740.000,334.000,NaN,NaN,NaN,NaN,NaN,NaN,NaN
1184,8,8498.000,40.903,-37.037,0.043,-0.252,NaN,NaN,248,0,-2.654,-1.327,NaN,NaN,NaN,NaN,NaN,NaN,NaN,NaN,NaN,NaN,NaN
1185,10,8498.000,78.362,-30.495,0.426,-0.175,0.132,NaN,248,0,-0.176,-0.114,1130.000,197.000,1142.000,220.000,NaN,NaN,NaN,NaN,NaN,NaN,NaN
1186,12,8498.000,50.365,-12.195,0.173,0.071,NaN,NaN,248,0,-0.000,-0.000,NaN,NaN,NaN,NaN,NaN,NaN,NaN,NaN,NaN,NaN,NaN
1187,213,8498.000,17.447,-1.227,0.088,-0.037,0.843,1.000,248,0,4.496,2.248,687.000,210.000,742.000,337.000,17.460,-1.220,-1.260,0.780,0.530,1.650,-0.242
1188,8,8499.000,40.946,-37.290,0.043,-0.253,NaN,NaN,249,0,-2.654,-1.327,NaN,NaN,NaN,NaN,NaN,NaN,NaN,NaN,NaN,NaN,NaN
1189,10,8499.000,78.881,-30.707,0.428,-0.177,0.187,NaN,249,0,-0.130,-0.102,1130.000,196.000,1142.000,220.000,NaN,NaN,NaN,NaN,NaN,NaN,NaN
1190,12,8499.000,50.540,-12.125,0.174,0.070,NaN,NaN,249,0,-0.000,-0.000,NaN,NaN,NaN,NaN,NaN,NaN,NaN,NaN,NaN,NaN,NaN
1191,213,8499.000,17.546,-1.278,0.090,-0.039,0.836,0.995,249,0,4.523,2.261,691.000,210.000,744.000,317.000,17.550,-1.300,-1.210,0.720,0.770,1.520,-0.333
1192,8,8500.000,40.987,-37.542,0.042,-0.252,NaN,NaN,250,0,-2.654,-1.327,NaN,NaN,NaN,NaN,NaN,NaN,NaN,NaN,NaN,NaN,NaN
1193,10,8500.000,79.125,-30.831,0.417,-0.178,0.075,NaN,250,0,-0.215,-0.114,1131.000,197.000,1143.000,220.000,NaN,NaN,NaN,NaN,NaN,NaN,NaN
1194,12,8500.000,50.713,-12.053,0.173,0.071,NaN,NaN,250,0,-0.187,-0.092,NaN,NaN,NaN,NaN,NaN,NaN,NaN,NaN,NaN,NaN,NaN
1195,213,8500.000,17.636,-1.325,0.091,-0.042,0.784,NaN,250,0,3.668,-1.326,697.000,207.000,748.000,332.000,NaN,NaN,NaN,NaN,NaN,NaN,NaN
1196,8,8501.000,41.031,-37.793,0.043,-0.252,NaN,NaN,251,0,-2.654,-1.327,NaN,NaN,NaN,NaN,NaN,NaN,NaN,NaN,NaN,NaN,NaN
1197,10,8501.000,79.481,-31.003,0.412,-0.181,0.068,NaN,251,0,-0.222,-0.118,1132.000,196.000,1143.000,219.000,NaN,NaN,NaN,NaN,NaN,NaN,NaN
1198,12,8501.000,50.886,-11.983,0.173,0.070,NaN,NaN,251,0,-0.313,-0.467,NaN,NaN,NaN,NaN,NaN,NaN,NaN,NaN,NaN,NaN,NaN
1199,213,8501.000,17.728,-1.375,0.090,-0.044,0.836,0.993,251,0,4.523,2.261,706.000,206.000,750.000,335.000,17.730,-1.390,-1.250,1.040,0.710,1.650,-0.329
1200,8,8502.000,41.073,-38.044,0.042,-0.252,NaN,NaN,252,0,-2.654,-1.327,NaN,NaN,NaN,NaN,NaN,NaN,NaN,NaN,NaN,NaN,NaN
1201,10,8502.000,79.892,-31.188,0.411,-0.184,NaN,NaN,252,0,-0.083,-0.118,NaN,NaN,NaN,NaN,NaN,NaN,NaN,NaN,NaN,NaN,NaN
1202,12,8502.000,51.059,-11.912,0.172,0.070,NaN,NaN,252,0,-1.100,-0.642,NaN,NaN,NaN,NaN,NaN,NaN,NaN,NaN,NaN,NaN,NaN
1203,213,8502.000,17.812,-1.417,0.088,-0.043,0.807,0.657,252,0,4.520,1.189,708.000,205.000,752.000,332.000,17.800,-1.420,-1.290,1.090,0.490,1.910,2.551
1204,8,8503.000,41.115,-38.296,0.043,-0.253,NaN,NaN,253,0,-2.654,-1.327,NaN,NaN,NaN,NaN,NaN,NaN,NaN,NaN,NaN,NaN,NaN
1205,10,8503.000,80.302,-31.373,0.410,-0.185,NaN,NaN,253,0,-0.235,-0.118,NaN,NaN,NaN,NaN,NaN,NaN,NaN,NaN,NaN,NaN,NaN
1206,12,8503.000,51.231,-11.842,0.172,0.070,NaN,NaN,253,0,-0.993,-0.497,NaN,NaN,NaN,NaN,NaN,NaN,NaN,NaN,NaN,NaN,NaN
1207,213,8503.000,17.900,-1.483,0.088,-0.049,0.809,NaN,253,0,4.108,-1.326,713.000,206.000,755.000,334.000,NaN,NaN,NaN,NaN,NaN,NaN,NaN
1208,8,8504.000,41.158,-38.549,0.042,-0.253,NaN,NaN,254,0,-2.654,-1.327,NaN,NaN,NaN,NaN,NaN,NaN,NaN,NaN,NaN,NaN,NaN
1209,10,8504.000,80.712,-31.556,0.410,-0.183,NaN,NaN,254,0,-0.082,-0.105,NaN,NaN,NaN,NaN,NaN,NaN,NaN,NaN,NaN,NaN,NaN
1210,12,8504.000,51.406,-11.772,0.174,0.070,NaN,NaN,254,0,-0.000,-0.000,NaN,NaN,NaN,NaN,NaN,NaN,NaN,NaN,NaN,NaN,NaN
1211,213,8504.000,17.955,-1.529,0.075,-0.051,0.746,0.977,254,0,3.627,2.261,719.000,207.000,760.000,330.000,17.930,-1.540,-1.270,0.850,0.500,1.790,-0.513
1212,8,8505.000,41.199,-38.803,0.042,-0.253,NaN,NaN,255,0,-2.654,-1.327,NaN,NaN,NaN,NaN,NaN,NaN,NaN,NaN,NaN,NaN,NaN
1213,10,8505.000,81.121,-31.737,0.410,-0.182,NaN,NaN,255,0,-0.086,-0.118,NaN,NaN,NaN,NaN,NaN,NaN,NaN,NaN,NaN,NaN,NaN
1214,12,8505.000,51.579,-11.702,0.173,0.070,NaN,NaN,255,0,-0.137,-0.071,NaN,NaN,NaN,NaN,NaN,NaN,NaN,NaN,NaN,NaN,NaN
1215,213,8505.000,18.022,-1.579,0.072,-0.051,0.614,0.999,255,0,1.906,2.261,721.000,206.000,762.000,330.000,18.020,-1.590,-1.260,0.790,0.690,1.600,-0.530
1216,8,8506.000,41.242,-39.056,0.042,-0.253,NaN,NaN,256,0,-2.654,-1.327,NaN,NaN,NaN,NaN,NaN,NaN,NaN,NaN,NaN,NaN,NaN
1217,10,8506.000,81.531,-31.919,0.409,-0.182,NaN,NaN,256,0,-0.235,-0.118,NaN,NaN,NaN,NaN,NaN,NaN,NaN,NaN,NaN,NaN,NaN
1218,12,8506.000,54.880,-5.220,0.252,0.241,0.032,NaN,256,0,-0.499,-0.261,727.000,203.000,766.000,276.000,NaN,NaN,NaN,NaN,NaN,NaN,NaN
1219,213,8506.000,18.085,-1.667,0.070,-0.061,0.271,NaN,256,0,-0.484,-1.325,727.000,202.000,767.000,325.000,NaN,NaN,NaN,NaN,NaN,NaN,NaN
1220,8,8507.000,38.312,-9.055,0.117,0.258,NaN,0.006,257,0,-5.055,-2.527,927.000,200.000,954.000,261.000,38.740,-9.310,-1.270,0.750,0.620,1.740,-0.098
1221,10,8507.000,81.941,-32.101,0.409,-0.182,NaN,NaN,257,0,-0.086,-0.118,NaN,NaN,NaN,NaN,NaN,NaN,NaN,NaN,NaN,NaN,NaN
1222,12,8507.000,55.132,-4.980,0.251,0.240,NaN,NaN,257,0,-0.161,-0.081,NaN,NaN,NaN,NaN,NaN,NaN,NaN,NaN,NaN,NaN,NaN
1223,213,8507.000,18.207,-1.718,0.084,-0.059,0.758,0.917,257,0,3.782,2.261,730.000,208.000,771.000,330.000,18.250,-1.710,-1.240,0.710,0.830,1.490,-0.168
1224,8,8508.000,38.433,-8.799,0.120,0.255,NaN,0.002,258,0,-5.055,-2.527,924.000,205.000,958.000,269.000,38.690,-9.320,-1.450,0.780,0.640,1.790,-0.697
1225,10,8508.000,82.351,-32.283,0.409,-0.182,NaN,NaN,258,0,-0.000,-0.000,NaN,NaN,NaN,NaN,NaN,NaN,NaN,NaN,NaN,NaN,NaN
1226,12,8508.000,55.384,-4.739,0.252,0.241,NaN,NaN,258,0,-0.000,-0.000,NaN,NaN,NaN,NaN,NaN,NaN,NaN,NaN,NaN,NaN,NaN
1227,213,8508.000,18.325,-1.767,0.094,-0.057,0.795,0.963,258,0,4.444,2.261,731.000,207.000,773.000,327.000,18.340,-1.760,-1.300,0.810,0.670,1.800,-0.289
1228,8,8509.000,38.550,-8.545,0.118,0.254,NaN,NaN,259,0,-1.001,-1.327,NaN,NaN,NaN,NaN,NaN,NaN,NaN,NaN,NaN,NaN,NaN
1229,10,8509.000,82.758,-32.464,0.408,-0.182,NaN,NaN,259,0,-0.000,-0.000,NaN,NaN,NaN,NaN,NaN,NaN,NaN,NaN,NaN,NaN,NaN
1230,12,8509.000,57.186,-5.253,0.301,0.124,0.118,NaN,259,0,-0.000,-0.000,733.000,207.000,777.000,280.000,NaN,NaN,NaN,NaN,NaN,NaN,NaN
1231,213,8509.000,18.421,-1.834,0.095,-0.060,0.696,NaN,259,0,2.445,-1.321,732.000,207.000,777.000,326.000,NaN,NaN,NaN,NaN,NaN,NaN,NaN
1232,8,8510.000,38.670,-8.291,0.119,0.254,NaN,NaN,260,0,-0.882,-1.314,NaN,NaN,NaN,NaN,NaN,NaN,NaN,NaN,NaN,NaN,NaN
1233,10,8510.000,83.168,-32.645,0.409,-0.181,NaN,NaN,260,0,-0.125,-0.063,NaN,NaN,NaN,NaN,NaN,NaN,NaN,NaN,NaN,NaN,NaN
1234,12,8510.000,57.485,-5.128,0.300,0.125,NaN,NaN,260,0,-0.000,-0.000,NaN,NaN,NaN,NaN,NaN,NaN,NaN,NaN,NaN,NaN,NaN
1235,213,8510.000,18.489,-1.870,0.090,-0.052,0.655,0.712,260,0,2.299,1.492,731.000,208.000,780.000,325.000,18.460,-1.830,-1.260,0.730,0.610,1.750,-0.222
1236,8,8511.000,38.789,-8.037,0.120,0.254,NaN,NaN,261,0,-0.906,-1.288,NaN,NaN,NaN,NaN,NaN,NaN,NaN,NaN,NaN,NaN,NaN
1237,10,8511.000,83.577,-32.825,0.407,-0.180,NaN,NaN,261,0,-0.125,-0.063,NaN,NaN,NaN,NaN,NaN,NaN,NaN,NaN,NaN,NaN,NaN
1238,12,8511.000,57.786,-5.004,0.301,0.125,NaN,NaN,261,0,-0.000,-0.000,NaN,NaN,NaN,NaN,NaN,NaN,NaN,NaN,NaN,NaN,NaN
1239,213,8511.000,18.573,-1.897,0.088,-0.044,0.709,0.751,261,0,2.977,1.806,731.000,207.000,782.000,324.000,18.580,-1.860,-1.280,0.720,0.650,1.700,-0.366
1240,8,8512.000,38.908,-7.782,0.119,0.255,NaN,NaN,262,0,-2.650,-1.325,NaN,NaN,NaN,NaN,NaN,NaN,NaN,NaN,NaN,NaN,NaN
1241,10,8512.000,83.982,-33.006,0.406,-0.180,NaN,NaN,262,0,-0.040,-0.063,NaN,NaN,NaN,NaN,NaN,NaN,NaN,NaN,NaN,NaN,NaN
1242,12,8512.000,60.245,-5.507,0.362,0.058,0.033,NaN,262,0,-0.000,-0.000,734.000,209.000,783.000,279.000,NaN,NaN,NaN,NaN,NaN,NaN,NaN
1243,213,8512.000,18.657,-1.936,0.087,-0.042,0.490,NaN,262,0,0.531,-1.314,733.000,209.000,784.000,324.000,NaN,NaN,NaN,NaN,NaN,NaN,NaN
1244,8,8513.000,39.028,-7.525,0.120,0.257,NaN,NaN,263,0,-2.650,-1.325,NaN,NaN,NaN,NaN,NaN,NaN,NaN,NaN,NaN,NaN,NaN
1245,10,8513.000,84.388,-33.185,0.405,-0.179,NaN,NaN,263,0,-0.048,-0.071,NaN,NaN,NaN,NaN,NaN,NaN,NaN,NaN,NaN,NaN,NaN
1246,12,8513.000,60.606,-5.448,0.361,0.059,NaN,NaN,263,0,-0.000,-0.000,NaN,NaN,NaN,NaN,NaN,NaN,NaN,NaN,NaN,NaN,NaN
1247,213,8513.000,18.774,-1.966,0.096,-0.041,0.376,0.026,263,0,0.075,-1.213,736.000,208.000,785.000,323.000,18.800,-1.950,-1.290,0.760,0.610,1.820,0.114
1248,8,8514.000,39.149,-7.269,0.120,0.256,NaN,NaN,264,0,-0.998,-1.323,NaN,NaN,NaN,NaN,NaN,NaN,NaN,NaN,NaN,NaN,NaN
1249,10,8514.000,84.794,-33.364,0.405,-0.179,NaN,NaN,264,0,-0.125,-0.063,NaN,NaN,NaN,NaN,NaN,NaN,NaN,NaN,NaN,NaN,NaN
1250,12,8514.000,60.967,-5.389,0.361,0.059,NaN,NaN,264,0,-0.000,-0.000,NaN,NaN,NaN,NaN,NaN,NaN,NaN,NaN,NaN,NaN,NaN
1251,213,8514.000,18.872,-2.005,0.097,-0.040,0.482,NaN,264,0,0.120,-1.311,738.000,207.000,786.000,280.000,NaN,NaN,NaN,NaN,NaN,NaN,NaN
1252,8,8515.000,39.269,-7.012,0.120,0.257,NaN,NaN,265,0,-0.922,-1.312,NaN,NaN,NaN,NaN,NaN,NaN,NaN,NaN,NaN,NaN,NaN
1253,10,8515.000,85.200,-33.546,0.405,-0.181,NaN,NaN,265,0,-0.125,-0.063,NaN,NaN,NaN,NaN,NaN,NaN,NaN,NaN,NaN,NaN,NaN
1254,12,8515.000,61.327,-5.331,0.361,0.058,NaN,NaN,265,0,-0.000,-0.000,NaN,NaN,NaN,NaN,NaN,NaN,NaN,NaN,NaN,NaN,NaN
1255,213,8515.000,18.969,-2.054,0.097,-0.043,0.414,NaN,265,0,-0.020,-1.308,743.000,207.000,788.000,313.000,NaN,NaN,NaN,NaN,NaN,NaN,NaN
1256,8,8516.000,39.389,-6.755,0.120,0.257,NaN,NaN,266,0,-0.820,-1.049,NaN,NaN,NaN,NaN,NaN,NaN,NaN,NaN,NaN,NaN,NaN
1257,10,8516.000,85.604,-33.728,0.404,-0.182,NaN,NaN,266,0,-0.148,-0.074,NaN,NaN,NaN,NaN,NaN,NaN,NaN,NaN,NaN,NaN,NaN
1258,12,8516.000,52.694,-5.156,0.163,-0.065,0.475,NaN,266,0,0.120,-0.000,747.000,206.000,790.000,276.000,NaN,NaN,NaN,NaN,NaN,NaN,NaN
1259,213,8516.000,19.074,-2.085,0.100,-0.040,0.264,0.704,266,0,-0.485,1.411,747.000,206.000,790.000,326.000,19.100,-2.070,-1.320,0.840,0.630,1.810,-0.351
1260,8,8517.000,39.508,-6.498,0.120,0.257,NaN,NaN,267,0,-0.817,-1.285,NaN,NaN,NaN,NaN,NaN,NaN,NaN,NaN,NaN,NaN,NaN
1261,10,8517.000,86.008,-33.910,0.404,-0.182,NaN,NaN,267,0,-0.130,-0.065,NaN,NaN,NaN,NaN,NaN,NaN,NaN,NaN,NaN,NaN,NaN
1262,12,8517.000,50.237,-5.234,0.093,-0.118,0.474,NaN,267,0,0.057,-0.126,749.000,206.000,791.000,270.000,NaN,NaN,NaN,NaN,NaN,NaN,NaN
1263,213,8517.000,19.172,-2.141,0.099,-0.045,0.309,NaN,267,0,-0.481,-1.303,749.000,206.000,791.000,325.000,NaN,NaN,NaN,NaN,NaN,NaN,NaN
1264,8,8518.000,39.629,-6.242,0.120,0.256,NaN,NaN,268,0,-2.650,-1.325,NaN,NaN,NaN,NaN,NaN,NaN,NaN,NaN,NaN,NaN,NaN
1265,10,8518.000,86.410,-34.089,0.403,-0.180,NaN,NaN,268,0,-0.027,-0.065,NaN,NaN,NaN,NaN,NaN,NaN,NaN,NaN,NaN,NaN,NaN
1266,12,8518.000,49.688,-5.390,0.075,-0.141,0.381,NaN,268,0,-0.382,-1.049,753.000,207.000,793.000,268.000,NaN,NaN,NaN,NaN,NaN,NaN,NaN
1267,213,8518.000,19.267,-2.199,0.098,-0.048,0.263,NaN,268,0,-0.651,-1.299,752.000,207.000,794.000,324.000,NaN,NaN,NaN,NaN,NaN,NaN,NaN
1268,10,8519.000,86.811,-34.268,0.402,-0.179,NaN,NaN,269,0,-0.038,-0.074,NaN,NaN,NaN,NaN,NaN,NaN,NaN,NaN,NaN,NaN,NaN
1269,12,8519.000,48.761,-5.501,0.049,-0.153,0.178,NaN,269,0,-1.355,-1.300,757.000,209.000,797.000,271.000,NaN,NaN,NaN,NaN,NaN,NaN,NaN
1270,213,8519.000,19.294,-2.240,0.084,-0.045,0.432,0.005,269,0,0.422,-1.270,757.000,209.000,797.000,318.000,19.260,-2.240,-0.920,0.700,0.670,1.780,-0.357
1271,10,8520.000,87.214,-34.446,0.402,-0.178,NaN,NaN,270,0,-0.024,-0.065,NaN,NaN,NaN,NaN,NaN,NaN,NaN,NaN,NaN,NaN,NaN
1272,12,8520.000,48.050,-5.615,0.031,-0.158,0.350,NaN,270,0,-0.821,-1.324,759.000,210.000,798.000,267.000,NaN,NaN,NaN,NaN,NaN,NaN,NaN
1273,213,8520.000,19.380,-2.292,0.085,-0.045,0.207,NaN,270,0,-0.878,-1.292,759.000,210.000,799.000,317.000,NaN,NaN,NaN,NaN,NaN,NaN,NaN
1274,10,8521.000,87.614,-34.624,0.401,-0.178,NaN,NaN,271,0,-0.031,-0.065,NaN,NaN,NaN,NaN,NaN,NaN,NaN,NaN,NaN,NaN,NaN
1275,12,8521.000,47.626,-5.741,0.018,-0.160,0.086,NaN,271,0,-2.101,-1.325,762.000,210.000,801.000,267.000,NaN,NaN,NaN,NaN,NaN,NaN,NaN
1276,213,8521.000,19.477,-2.303,0.087,-0.036,0.373,0.186,271,0,0.022,-0.430,762.000,210.000,802.000,321.000,19.470,-2.260,-1.360,0.800,0.630,1.880,0.206
1277,10,8522.000,88.016,-34.803,0.401,-0.179,NaN,NaN,272,0,-0.050,-0.074,NaN,NaN,NaN,NaN,NaN,NaN,NaN,NaN,NaN,NaN,NaN
1278,12,8522.000,47.598,-5.885,0.016,-0.156,0.145,NaN,272,0,-1.609,-1.325,764.000,200.000,804.000,268.000,NaN,NaN,NaN,NaN,NaN,NaN,NaN
1279,213,8522.000,19.567,-2.368,0.087,-0.046,0.453,NaN,272,0,0.362,-1.290,764.000,199.000,805.000,320.000,NaN,NaN,NaN,NaN,NaN,NaN,NaN
1280,10,8523.000,88.419,-34.982,0.402,-0.179,NaN,NaN,273,0,-0.056,-0.074,NaN,NaN,NaN,NaN,NaN,NaN,NaN,NaN,NaN,NaN,NaN
1281,12,8523.000,48.155,-6.058,0.027,-0.150,0.159,NaN,273,0,-1.501,-1.326,765.000,199.000,806.000,268.000,NaN,NaN,NaN,NaN,NaN,NaN,NaN
1282,213,8523.000,19.651,-2.423,0.086,-0.046,0.373,NaN,273,0,-0.215,-1.288,765.000,199.000,807.000,318.000,NaN,NaN,NaN,NaN,NaN,NaN,NaN
1283,10,8524.000,88.821,-35.161,0.402,-0.179,NaN,NaN,274,0,-0.045,-0.068,NaN,NaN,NaN,NaN,NaN,NaN,NaN,NaN,NaN,NaN,NaN
1284,12,8524.000,48.672,-6.208,0.035,-0.141,0.193,NaN,274,0,-1.324,-1.326,765.000,199.000,808.000,269.000,NaN,NaN,NaN,NaN,NaN,NaN,NaN
1285,213,8524.000,19.795,-2.408,0.098,-0.030,0.305,0.071,274,0,-0.264,-0.904,765.000,199.000,808.000,323.000,19.810,-2.320,-1.280,0.740,0.590,1.850,0.476
1286,10,8525.000,89.221,-35.343,0.401,-0.182,NaN,NaN,275,0,-0.040,-0.068,NaN,NaN,NaN,NaN,NaN,NaN,NaN,NaN,NaN,NaN,NaN
1287,12,8525.000,49.099,-6.329,0.042,-0.131,0.430,NaN,275,0,-0.218,-1.326,764.000,200.000,810.000,268.000,NaN,NaN,NaN,NaN,NaN,NaN,NaN
1288,213,8525.000,19.888,-2.457,0.098,-0.035,0.194,NaN,275,0,-0.964,-1.290,764.000,199.000,810.000,315.000,NaN,NaN,NaN,NaN,NaN,NaN,NaN
1289,10,8526.000,89.624,-35.525,0.402,-0.182,NaN,NaN,276,0,-0.044,-0.077,NaN,NaN,NaN,NaN,NaN,NaN,NaN,NaN,NaN,NaN,NaN
1290,12,8526.000,49.247,-6.401,0.040,-0.119,0.383,NaN,276,0,-0.477,-1.310,765.000,201.000,811.000,268.000,NaN,NaN,NaN,NaN,NaN,NaN,NaN
1291,213,8526.000,19.980,-2.502,0.097,-0.038,0.250,NaN,276,0,-0.698,-1.291,765.000,201.000,811.000,312.000,NaN,NaN,NaN,NaN,NaN,NaN,NaN
1292,10,8527.000,90.026,-35.706,0.402,-0.181,NaN,NaN,277,0,-0.135,-0.068,NaN,NaN,NaN,NaN,NaN,NaN,NaN,NaN,NaN,NaN,NaN
1293,12,8527.000,49.287,-6.522,0.040,-0.120,NaN,NaN,277,0,-0.994,-1.317,NaN,NaN,NaN,NaN,NaN,NaN,NaN,NaN,NaN,NaN,NaN
1294,213,8527.000,20.019,-2.539,0.087,-0.037,0.566,0.915,277,0,1.490,2.217,765.000,200.000,812.000,300.000,19.990,-2.540,-1.260,0.700,0.640,1.740,-0.084
1295,10,8528.000,90.427,-35.888,0.403,-0.182,NaN,NaN,278,0,-0.048,-0.068,NaN,NaN,NaN,NaN,NaN,NaN,NaN,NaN,NaN,NaN,NaN
1296,12,8528.000,49.328,-6.643,0.041,-0.121,NaN,NaN,278,0,-2.097,-1.323,NaN,NaN,NaN,NaN,NaN,NaN,NaN,NaN,NaN,NaN,NaN
1297,213,8528.000,20.111,-2.564,0.088,-0.033,0.533,NaN,278,0,0.663,-1.295,767.000,208.000,812.000,299.000,NaN,NaN,NaN,NaN,NaN,NaN,NaN
1298,10,8529.000,90.831,-36.070,0.404,-0.181,NaN,NaN,279,0,-0.041,-0.077,NaN,NaN,NaN,NaN,NaN,NaN,NaN,NaN,NaN,NaN,NaN
1299,12,8529.000,49.369,-6.764,0.042,-0.122,NaN,NaN,279,0,-2.646,-1.323,NaN,NaN,NaN,NaN,NaN,NaN,NaN,NaN,NaN,NaN,NaN
1300,213,8529.000,20.202,-2.591,0.089,-0.032,0.441,NaN,279,0,0.021,-1.296,768.000,201.000,814.000,295.000,NaN,NaN,NaN,NaN,NaN,NaN,NaN
1301,10,8530.000,91.236,-36.249,0.404,-0.180,NaN,NaN,280,0,-0.154,-0.077,NaN,NaN,NaN,NaN,NaN,NaN,NaN,NaN,NaN,NaN,NaN
1302,12,8530.000,49.410,-6.885,0.041,-0.121,NaN,NaN,280,0,-0.834,-1.312,NaN,NaN,NaN,NaN,NaN,NaN,NaN,NaN,NaN,NaN,NaN
1303,213,8530.000,20.276,-2.606,0.084,-0.027,0.435,0.330,280,0,0.375,-0.093,768.000,200.000,815.000,295.000,20.270,-2.610,-1.300,0.770,0.620,1.780,-0.126
1304,10,8531.000,91.640,-36.428,0.405,-0.179,NaN,NaN,281,0,-0.049,-0.068,NaN,NaN,NaN,NaN,NaN,NaN,NaN,NaN,NaN,NaN,NaN
1305,12,8531.000,48.523,-6.553,0.026,-0.074,0.353,NaN,281,0,-0.624,-1.292,774.000,200.000,815.000,266.000,NaN,NaN,NaN,NaN,NaN,NaN,NaN
1306,213,8531.000,20.359,-2.635,0.084,-0.028,0.112,NaN,281,0,-1.352,-1.297,773.000,200.000,815.000,309.000,NaN,NaN,NaN,NaN,NaN,NaN,NaN
1307,10,8532.000,92.045,-36.608,0.404,-0.180,NaN,NaN,282,0,-0.046,-0.077,NaN,NaN,NaN,NaN,NaN,NaN,NaN,NaN,NaN,NaN,NaN
1308,12,8532.000,48.511,-6.513,0.026,-0.059,0.513,NaN,282,0,0.306,-1.327,774.000,199.000,815.000,278.000,NaN,NaN,NaN,NaN,NaN,NaN,NaN
1309,213,8532.000,20.442,-2.662,0.083,-0.028,0.076,0.699,282,0,-1.707,1.371,773.000,199.000,816.000,327.000,20.440,-2.660,-1.260,0.700,0.600,1.700,0.059
1310,10,8533.000,92.449,-36.788,0.406,-0.180,NaN,NaN,283,0,-0.045,-0.080,NaN,NaN,NaN,NaN,NaN,NaN,NaN,NaN,NaN,NaN,NaN
1311,12,8533.000,48.458,-6.508,0.025,-0.052,0.500,NaN,283,0,0.239,-1.327,777.000,207.000,816.000,279.000,NaN,NaN,NaN,NaN,NaN,NaN,NaN
1312,213,8533.000,20.513,-2.682,0.079,-0.022,0.025,0.157,283,0,-2.452,-0.555,776.000,207.000,816.000,325.000,20.500,-2.680,-1.200,0.790,0.640,1.710,0.263
1313,10,8534.000,92.854,-36.967,0.405,-0.179,NaN,NaN,284,0,-0.041,-0.080,NaN,NaN,NaN,NaN,NaN,NaN,NaN,NaN,NaN,NaN,NaN
1314,12,8534.000,48.364,-6.515,0.023,-0.046,0.420,NaN,284,0,-0.465,-1.327,779.000,209.000,818.000,265.000,NaN,NaN,NaN,NaN,NaN,NaN,NaN
1315,213,8534.000,20.591,-2.718,0.078,-0.025,0.073,NaN,284,0,-1.581,-1.300,779.000,209.000,818.000,313.000,NaN,NaN,NaN,NaN,NaN,NaN,NaN
1316,10,8535.000,93.256,-37.145,0.405,-0.178,NaN,NaN,285,0,-0.000,-0.000,NaN,NaN,NaN,NaN,NaN,NaN,NaN,NaN,NaN,NaN,NaN
1317,12,8535.000,49.079,-6.662,0.031,-0.051,0.342,NaN,285,0,-0.693,-1.327,783.000,212.000,821.000,280.000,NaN,NaN,NaN,NaN,NaN,NaN,NaN
1318,213,8535.000,20.659,-2.743,0.075,-0.026,0.035,0.982,285,0,-2.383,2.148,783.000,210.000,820.000,324.000,20.650,-2.750,-1.320,0.740,0.640,1.720,0.098
1319,10,8536.000,93.660,-37.324,0.404,-0.179,NaN,NaN,286,0,-0.000,-0.000,NaN,NaN,NaN,NaN,NaN,NaN,NaN,NaN,NaN,NaN,NaN
1320,12,8536.000,49.109,-6.714,0.031,-0.052,NaN,NaN,286,0,-0.841,-1.324,NaN,NaN,NaN,NaN,NaN,NaN,NaN,NaN,NaN,NaN,NaN
1321,213,8536.000,20.749,-2.787,0.077,-0.032,0.183,0.921,286,0,-1.052,2.148,784.000,210.000,822.000,266.000,20.780,-2.790,-1.380,0.720,0.660,1.790,-0.169
1322,10,8537.000,94.063,-37.502,0.404,-0.178,NaN,NaN,287,0,-0.000,-0.000,NaN,NaN,NaN,NaN,NaN,NaN,NaN,NaN,NaN,NaN,NaN
1323,12,8537.000,49.139,-6.767,0.031,-0.053,NaN,NaN,287,0,-2.644,-1.322,NaN,NaN,NaN,NaN,NaN,NaN,NaN,NaN,NaN,NaN,NaN
1324,213,8537.000,20.826,-2.820,0.078,-0.033,NaN,NaN,287,0,-2.767,-1.304,NaN,NaN,NaN,NaN,NaN,NaN,NaN,NaN,NaN,NaN,NaN
1325,10,8538.000,94.467,-37.679,0.404,-0.178,NaN,NaN,288,0,-0.000,-0.000,NaN,NaN,NaN,NaN,NaN,NaN,NaN,NaN,NaN,NaN,NaN
1326,12,8538.000,49.169,-6.819,0.030,-0.052,NaN,NaN,288,0,-2.642,-1.321,NaN,NaN,NaN,NaN,NaN,NaN,NaN,NaN,NaN,NaN,NaN
1327,213,8538.000,20.904,-2.852,0.077,-0.032,NaN,NaN,288,0,-2.768,-1.304,NaN,NaN,NaN,NaN,NaN,NaN,NaN,NaN,NaN,NaN,NaN
1328,10,8539.000,94.872,-37.857,0.404,-0.178,NaN,NaN,289,0,-0.000,-0.000,NaN,NaN,NaN,NaN,NaN,NaN,NaN,NaN,NaN,NaN,NaN
1329,12,8539.000,49.200,-6.871,0.031,-0.053,NaN,NaN,289,0,-2.637,-1.319,NaN,NaN,NaN,NaN,NaN,NaN,NaN,NaN,NaN,NaN,NaN
1330,213,8539.000,21.056,-2.892,0.097,-0.033,NaN,0.601,289,0,-2.662,0.814,776.000,198.000,833.000,315.000,21.080,-2.890,-1.280,0.680,0.660,1.780,0.180
1331,10,8540.000,95.276,-38.035,0.405,-0.178,NaN,NaN,290,0,-0.000,-0.000,NaN,NaN,NaN,NaN,NaN,NaN,NaN,NaN,NaN,NaN,NaN
1332,12,8540.000,49.229,-6.923,0.030,-0.051,NaN,NaN,290,0,-2.630,-1.315,NaN,NaN,NaN,NaN,NaN,NaN,NaN,NaN,NaN,NaN,NaN
1333,213,8540.000,21.153,-2.927,0.097,-0.034,NaN,NaN,290,0,-2.659,-1.306,NaN,NaN,NaN,NaN,NaN,NaN,NaN,NaN,NaN,NaN,NaN
1334,10,8541.000,95.682,-38.212,0.404,-0.177,NaN,NaN,291,0,-0.000,-0.000,NaN,NaN,NaN,NaN,NaN,NaN,NaN,NaN,NaN,NaN,NaN
1335,12,8541.000,49.260,-6.974,0.030,-0.052,NaN,NaN,291,0,-2.625,-1.313,NaN,NaN,NaN,NaN,NaN,NaN,NaN,NaN,NaN,NaN,NaN
1336,213,8541.000,21.277,-2.868,0.100,-0.014,NaN,0.002,291,0,-2.667,-1.333,776.000,200.000,817.000,319.000,21.290,-2.800,-1.330,0.720,0.600,1.820,-0.140
1337,10,8542.000,96.087,-38.389,0.406,-0.176,NaN,NaN,292,0,-0.000,-0.000,NaN,NaN,NaN,NaN,NaN,NaN,NaN,NaN,NaN,NaN,NaN
1338,12,8542.000,49.290,-7.026,0.031,-0.052,NaN,NaN,292,0,-2.613,-1.306,NaN,NaN,NaN,NaN,NaN,NaN,NaN,NaN,NaN,NaN,NaN
1339,213,8542.000,21.343,-2.901,0.093,-0.019,NaN,0.050,292,0,-2.661,-1.109,781.000,202.000,828.000,319.000,21.320,-2.940,-1.350,0.710,0.640,1.790,-0.243
1340,10,8543.000,96.493,-38.564,0.406,-0.176,NaN,NaN,293,0,-0.000,-0.000,NaN,NaN,NaN,NaN,NaN,NaN,NaN,NaN,NaN,NaN,NaN
1341,12,8543.000,49.321,-7.077,0.031,-0.051,NaN,NaN,293,0,-2.602,-1.301,NaN,NaN,NaN,NaN,NaN,NaN,NaN,NaN,NaN,NaN,NaN
1342,213,8543.000,21.436,-2.921,0.092,-0.020,NaN,NaN,293,0,-2.613,-1.306,NaN,NaN,NaN,NaN,NaN,NaN,NaN,NaN,NaN,NaN,NaN
1343,10,8544.000,96.897,-38.740,0.405,-0.175,NaN,NaN,294,0,-0.000,-0.000,NaN,NaN,NaN,NaN,NaN,NaN,NaN,NaN,NaN,NaN,NaN
1344,12,8544.000,49.351,-7.128,0.031,-0.051,NaN,NaN,294,0,-2.592,-1.296,NaN,NaN,NaN,NaN,NaN,NaN,NaN,NaN,NaN,NaN,NaN
1345,213,8544.000,21.493,-2.967,0.084,-0.025,0.121,0.985,294,0,-1.476,2.148,790.000,207.000,832.000,275.000,21.470,-3.000,-1.290,0.700,0.650,1.720,-0.170
1346,10,8545.000,97.300,-38.915,0.403,-0.174,NaN,NaN,295,0,-0.000,-0.000,NaN,NaN,NaN,NaN,NaN,NaN,NaN,NaN,NaN,NaN,NaN
1347,12,8545.000,50.397,-7.231,0.050,-0.046,0.054,NaN,295,0,-2.492,-1.297,791.000,207.000,832.000,264.000,NaN,NaN,NaN,NaN,NaN,NaN,NaN
1348,213,8545.000,21.585,-3.017,0.087,-0.031,0.243,0.070,295,0,-0.803,-0.986,791.000,205.000,832.000,305.000,21.600,-3.060,-1.300,0.810,0.580,1.790,-0.315
1349,10,8546.000,97.702,-39.089,0.403,-0.174,NaN,NaN,296,0,-0.000,-0.000,NaN,NaN,NaN,NaN,NaN,NaN,NaN,NaN,NaN,NaN,NaN
1350,12,8546.000,50.444,-7.278,0.047,-0.046,NaN,NaN,296,0,-2.593,-1.297,NaN,NaN,NaN,NaN,NaN,NaN,NaN,NaN,NaN,NaN,NaN
1351,213,8546.000,21.667,-3.078,0.086,-0.039,0.489,NaN,296,0,0.367,-1.310,793.000,206.000,833.000,299.000,NaN,NaN,NaN,NaN,NaN,NaN,NaN
1352,10,8547.000,98.106,-39.264,0.404,-0.175,NaN,NaN,297,0,-0.000,-0.000,NaN,NaN,NaN,NaN,NaN,NaN,NaN,NaN,NaN,NaN,NaN
1353,12,8547.000,50.480,-7.333,0.050,-0.050,0.079,NaN,297,0,-2.132,-1.297,796.000,206.000,833.000,259.000,NaN,NaN,NaN,NaN,NaN,NaN,NaN
1354,213,8547.000,21.728,-3.106,0.080,-0.036,0.417,0.422,297,0,0.097,0.048,796.000,205.000,833.000,298.000,21.710,-3.110,-1.250,0.740,0.630,1.760,-0.254
1355,10,8548.000,98.507,-39.440,0.403,-0.176,NaN,NaN,298,0,-0.000,-0.000,NaN,NaN,NaN,NaN,NaN,NaN,NaN,NaN,NaN,NaN,NaN
1356,12,8548.000,50.531,-7.383,0.050,-0.050,NaN,NaN,298,0,-0.913,-1.298,NaN,NaN,NaN,NaN,NaN,NaN,NaN,NaN,NaN,NaN,NaN
1357,213,8548.000,21.797,-3.130,0.077,-0.034,0.638,0.958,298,0,1.758,2.238,797.000,206.000,834.000,299.000,21.780,-3.120,-1.340,0.670,0.710,1.640,-0.046
1358,10,8549.000,98.909,-39.615,0.402,-0.176,NaN,NaN,299,0,-0.000,-0.000,NaN,NaN,NaN,NaN,NaN,NaN,NaN,NaN,NaN,NaN,NaN
1359,12,8549.000,50.580,-7.433,0.050,-0.050,NaN,NaN,299,0,-2.643,-1.298,NaN,NaN,NaN,NaN,NaN,NaN,NaN,NaN,NaN,NaN,NaN
1360,213,8549.000,21.868,-3.200,0.077,-0.044,0.363,NaN,299,0,-0.415,-1.312,800.000,207.000,835.000,299.000,NaN,NaN,NaN,NaN,NaN,NaN,NaN
1361,10,8550.000,99.311,-39.792,0.403,-0.177,NaN,NaN,300,0,-0.000,-0.000,NaN,NaN,NaN,NaN,NaN,NaN,NaN,NaN,NaN,NaN,NaN
1362,12,8550.000,50.630,-7.482,0.049,-0.049,NaN,NaN,300,0,-2.495,-1.298,NaN,NaN,NaN,NaN,NaN,NaN,NaN,NaN,NaN,NaN,NaN
1363,213,8550.000,21.923,-3.223,0.072,-0.038,0.619,0.038,300,0,1.624,-1.235,802.000,207.000,837.000,299.000,21.920,-3.200,-1.250,0.790,0.610,1.750,-0.262
1364,10,8551.000,99.712,-39.969,0.402,-0.177,NaN,NaN,301,0,-0.000,-0.000,NaN,NaN,NaN,NaN,NaN,NaN,NaN,NaN,NaN,NaN,NaN
1365,12,8551.000,50.679,-7.532,0.049,-0.050,NaN,NaN,301,0,-0.947,-1.298,NaN,NaN,NaN,NaN,NaN,NaN,NaN,NaN,NaN,NaN,NaN
1366,213,8551.000,22.039,-3.257,0.079,-0.036,0.516,0.934,301,0,0.899,2.238,803.000,206.000,838.000,299.000,22.070,-3.250,-1.320,0.670,0.700,1.640,0.137
1367,10,8552.000,100.117,-40.147,0.404,-0.178,NaN,NaN,302,0,-0.000,-0.000,NaN,NaN,NaN,NaN,NaN,NaN,NaN,NaN,NaN,NaN,NaN
1368,12,8552.000,51.084,-7.711,0.054,-0.061,0.028,NaN,302,0,-2.754,-1.298,805.000,207.000,839.000,260.000,NaN,NaN,NaN,NaN,NaN,NaN,NaN
1369,213,8552.000,22.112,-3.330,0.078,-0.046,0.670,NaN,302,0,1.916,-1.313,805.000,207.000,840.000,301.000,NaN,NaN,NaN,NaN,NaN,NaN,NaN
1370,10,8553.000,100.518,-40.325,0.402,-0.178,NaN,NaN,303,0,-0.000,-0.000,NaN,NaN,NaN,NaN,NaN,NaN,NaN,NaN,NaN,NaN,NaN
1371,12,8553.000,51.158,-7.779,0.053,-0.060,0.071,NaN,303,0,-2.227,-1.299,806.000,205.000,840.000,259.000,NaN,NaN,NaN,NaN,NaN,NaN,NaN
1372,213,8553.000,22.203,-3.360,0.080,-0.041,0.545,0.738,303,0,1.070,1.506,806.000,205.000,840.000,299.000,22.210,-3.330,-1.350,0.700,0.700,1.700,-0.071
1373,10,8554.000,100.919,-40.500,0.401,-0.176,NaN,NaN,304,0,-0.000,-0.000,NaN,NaN,NaN,NaN,NaN,NaN,NaN,NaN,NaN,NaN,NaN
1374,12,8554.000,51.558,-7.870,0.061,-0.057,0.039,NaN,304,0,-2.643,-1.298,806.000,205.000,841.000,260.000,NaN,NaN,NaN,NaN,NaN,NaN,NaN
1375,213,8554.000,22.330,-3.380,0.089,-0.037,0.375,0.375,304,0,-0.168,-0.084,806.000,205.000,842.000,302.000,22.380,-3.340,-1.290,0.920,0.600,1.800,-0.705
1376,10,8555.000,101.319,-40.677,0.400,-0.177,NaN,NaN,305,0,-0.000,-0.000,NaN,NaN,NaN,NaN,NaN,NaN,NaN,NaN,NaN,NaN,NaN
1377,12,8555.000,51.448,-7.882,0.061,-0.051,0.031,NaN,305,0,-2.755,-1.298,806.000,206.000,842.000,263.000,NaN,NaN,NaN,NaN,NaN,NaN,NaN
1378,213,8555.000,22.416,-3.422,0.088,-0.038,0.764,NaN,305,0,3.236,-1.316,805.000,205.000,843.000,299.000,NaN,NaN,NaN,NaN,NaN,NaN,NaN
1379,10,8556.000,101.717,-40.853,0.399,-0.176,NaN,NaN,306,0,-0.000,-0.000,NaN,NaN,NaN,NaN,NaN,NaN,NaN,NaN,NaN,NaN,NaN
1380,12,8556.000,51.509,-7.933,0.061,-0.051,NaN,NaN,306,0,-0.825,-1.298,NaN,NaN,NaN,NaN,NaN,NaN,NaN,NaN,NaN,NaN,NaN
1381,213,8556.000,22.507,-3.431,0.088,-0.033,0.710,0.549,306,0,2.552,0.568,805.000,205.000,844.000,296.000,22.500,-3.370,-1.220,0.780,0.730,1.690,-0.318
1382,10,8557.000,102.117,-41.029,0.400,-0.176,NaN,NaN,307,0,-0.000,-0.000,NaN,NaN,NaN,NaN,NaN,NaN,NaN,NaN,NaN,NaN,NaN
1383,12,8557.000,51.569,-7.981,0.060,-0.049,NaN,NaN,307,0,-0.824,-1.297,NaN,NaN,NaN,NaN,NaN,NaN,NaN,NaN,NaN,NaN,NaN
1384,213,8557.000,22.609,-3.441,0.092,-0.027,0.750,0.017,307,0,2.855,-1.380,805.000,206.000,844.000,297.000,22.630,-3.400,-1.280,0.850,0.700,1.790,-0.049
1385,10,8558.000,102.515,-41.202,0.400,-0.173,NaN,NaN,308,0,-0.000,-0.000,NaN,NaN,NaN,NaN,NaN,NaN,NaN,NaN,NaN,NaN,NaN
1386,12,8558.000,51.629,-8.029,0.060,-0.048,NaN,NaN,308,0,-2.492,-1.297,NaN,NaN,NaN,NaN,NaN,NaN,NaN,NaN,NaN,NaN,NaN
1387,213,8558.000,22.704,-3.474,0.094,-0.029,0.488,NaN,308,0,0.367,-1.317,805.000,206.000,844.000,299.000,NaN,NaN,NaN,NaN,NaN,NaN,NaN
1388,10,8559.000,102.916,-41.376,0.400,-0.173,NaN,NaN,309,0,-0.000,-0.000,NaN,NaN,NaN,NaN,NaN,NaN,NaN,NaN,NaN,NaN,NaN
1389,12,8559.000,51.690,-8.077,0.062,-0.048,NaN,NaN,309,0,-0.946,-1.297,NaN,NaN,NaN,NaN,NaN,NaN,NaN,NaN,NaN,NaN,NaN
1390,213,8559.000,22.774,-3.485,0.091,-0.024,0.713,0.989,309,0,2.310,2.467,805.000,205.000,844.000,295.000,22.750,-3.460,-1.290,0.740,0.640,1.710,-0.310
1391,10,8560.000,103.317,-41.546,0.401,-0.171,NaN,NaN,310,0,-0.000,-0.000,NaN,NaN,NaN,NaN,NaN,NaN,NaN,NaN,NaN,NaN,NaN
1392,12,8560.000,51.753,-8.126,0.063,-0.049,NaN,NaN,310,0,-2.639,-1.296,NaN,NaN,NaN,NaN,NaN,NaN,NaN,NaN,NaN,NaN,NaN
1393,213,8560.000,22.859,-3.496,0.091,-0.020,0.739,0.276,310,0,2.750,-0.321,806.000,204.000,844.000,293.000,22.840,-3.470,-1.180,0.940,0.580,1.780,-0.013
1394,10,8561.000,103.720,-41.717,0.402,-0.171,NaN,NaN,311,0,-0.000,-0.000,NaN,NaN,NaN,NaN,NaN,NaN,NaN,NaN,NaN,NaN,NaN
1395,12,8561.000,51.815,-8.175,0.063,-0.049,NaN,NaN,311,0,-2.639,-1.296,NaN,NaN,NaN,NaN,NaN,NaN,NaN,NaN,NaN,NaN,NaN
1396,213,8561.000,22.948,-3.535,0.091,-0.025,0.728,NaN,311,0,2.756,-1.318,808.000,201.000,845.000,290.000,NaN,NaN,NaN,NaN,NaN,NaN,NaN
1397,10,8562.000,104.123,-41.889,0.401,-0.172,NaN,NaN,312,0,-0.000,-0.000,NaN,NaN,NaN,NaN,NaN,NaN,NaN,NaN,NaN,NaN,NaN
1398,12,8562.000,51.879,-8.224,0.063,-0.049,NaN,NaN,312,0,-0.776,-1.295,NaN,NaN,NaN,NaN,NaN,NaN,NaN,NaN,NaN,NaN,NaN
1399,213,8562.000,22.986,-3.542,0.077,-0.023,0.773,0.913,312,0,3.053,2.467,809.000,203.000,845.000,298.000,22.950,-3.500,-1.240,0.780,0.570,1.730,-0.350
1400,10,8563.000,104.523,-42.062,0.400,-0.172,NaN,NaN,313,0,-0.000,-0.000,NaN,NaN,NaN,NaN,NaN,NaN,NaN,NaN,NaN,NaN,NaN
1401,12,8563.000,51.944,-8.272,0.064,-0.048,NaN,NaN,313,0,-2.591,-1.295,NaN,NaN,NaN,NaN,NaN,NaN,NaN,NaN,NaN,NaN,NaN
1402,213,8563.000,23.108,-3.562,0.087,-0.021,0.772,0.963,313,0,3.053,2.467,810.000,202.000,846.000,296.000,23.160,-3.550,-1.240,0.740,0.800,1.590,-0.371
1403,10,8564.000,104.928,-42.233,0.402,-0.171,NaN,NaN,314,0,-0.000,-0.000,NaN,NaN,NaN,NaN,NaN,NaN,NaN,NaN,NaN,NaN,NaN
1404,12,8564.000,52.007,-8.319,0.063,-0.047,NaN,NaN,314,0,-2.591,-1.295,NaN,NaN,NaN,NaN,NaN,NaN,NaN,NaN,NaN,NaN,NaN
1405,213,8564.000,23.188,-3.609,0.086,-0.029,0.789,NaN,314,0,3.821,-1.319,812.000,202.000,847.000,296.000,NaN,NaN,NaN,NaN,NaN,NaN,NaN
1406,10,8565.000,105.329,-42.404,0.403,-0.171,NaN,NaN,315,0,-0.000,-0.000,NaN,NaN,NaN,NaN,NaN,NaN,NaN,NaN,NaN,NaN,NaN
1407,12,8565.000,52.071,-8.367,0.063,-0.048,NaN,NaN,315,0,-0.620,-1.292,NaN,NaN,NaN,NaN,NaN,NaN,NaN,NaN,NaN,NaN,NaN
1408,213,8565.000,23.232,-3.622,0.076,-0.026,0.679,0.998,315,0,1.878,2.467,814.000,204.000,849.000,296.000,23.200,-3.600,-1.250,0.710,0.740,1.570,-0.135
1409,10,8566.000,105.731,-42.575,0.402,-0.170,NaN,NaN,316,0,-0.000,-0.000,NaN,NaN,NaN,NaN,NaN,NaN,NaN,NaN,NaN,NaN,NaN
1410,12,8566.000,52.134,-8.413,0.064,-0.047,NaN,NaN,316,0,-0.603,-1.257,NaN,NaN,NaN,NaN,NaN,NaN,NaN,NaN,NaN,NaN,NaN
1411,213,8566.000,23.326,-3.647,0.078,-0.024,0.703,0.937,316,0,2.149,2.467,814.000,204.000,850.000,296.000,23.350,-3.660,-1.220,0.690,0.800,1.530,-0.314
1412,10,8567.000,106.131,-42.747,0.401,-0.170,NaN,NaN,317,0,-0.000,-0.000,NaN,NaN,NaN,NaN,NaN,NaN,NaN,NaN,NaN,NaN,NaN
1413,12,8567.000,52.198,-8.461,0.064,-0.048,NaN,NaN,317,0,-2.455,-1.228,NaN,NaN,NaN,NaN,NaN,NaN,NaN,NaN,NaN,NaN,NaN
1414,213,8567.000,23.394,-3.718,0.075,-0.037,0.667,NaN,317,0,1.916,-1.320,819.000,202.000,850.000,296.000,NaN,NaN,NaN,NaN,NaN,NaN,NaN
1415,10,8568.000,106.532,-42.915,0.401,-0.169,NaN,NaN,318,0,-0.000,-0.000,NaN,NaN,NaN,NaN,NaN,NaN,NaN,NaN,NaN,NaN,NaN
1416,12,8568.000,52.263,-8.510,0.064,-0.049,NaN,NaN,318,0,-0.630,-1.114,NaN,NaN,NaN,NaN,NaN,NaN,NaN,NaN,NaN,NaN,NaN
1417,213,8568.000,23.456,-3.755,0.071,-0.036,0.547,0.453,318,0,0.963,0.081,820.000,201.000,852.000,295.000,23.460,-3.750,-1.150,0.830,0.670,1.680,-0.164
1418,10,8569.000,106.934,-43.087,0.401,-0.171,NaN,NaN,319,0,-0.000,-0.000,NaN,NaN,NaN,NaN,NaN,NaN,NaN,NaN,NaN,NaN,NaN
1419,12,8569.000,52.327,-8.560,0.065,-0.049,NaN,NaN,319,0,-0.486,-0.858,NaN,NaN,NaN,NaN,NaN,NaN,NaN,NaN,NaN,NaN,NaN
1420,213,8569.000,23.514,-3.766,0.069,-0.029,0.607,0.963,319,0,1.124,2.843,820.000,201.000,852.000,288.000,23.510,-3.730,-1.220,0.870,0.720,1.580,-0.170
1421,10,8570.000,107.336,-43.258,0.403,-0.171,NaN,NaN,320,0,-0.000,-0.000,NaN,NaN,NaN,NaN,NaN,NaN,NaN,NaN,NaN,NaN,NaN
1422,12,8570.000,52.392,-8.609,0.066,-0.049,NaN,NaN,320,0,-0.999,-0.491,NaN,NaN,NaN,NaN,NaN,NaN,NaN,NaN,NaN,NaN,NaN
1423,213,8570.000,23.575,-3.818,0.067,-0.035,0.481,NaN,320,0,0.304,-1.320,821.000,201.000,853.000,287.000,NaN,NaN,NaN,NaN,NaN,NaN,NaN
1424,10,8571.000,107.741,-43.430,0.405,-0.172,NaN,NaN,321,0,-0.000,-0.000,NaN,NaN,NaN,NaN,NaN,NaN,NaN,NaN,NaN,NaN,NaN
1425,12,8571.000,52.458,-8.659,0.066,-0.049,NaN,NaN,321,0,-0.000,-0.000,NaN,NaN,NaN,NaN,NaN,NaN,NaN,NaN,NaN,NaN,NaN
1426,213,8571.000,23.631,-3.839,0.065,-0.030,0.731,0.755,321,0,2.350,1.324,821.000,200.000,854.000,286.000,23.610,-3.800,-1.220,0.910,0.740,1.800,-0.434
1427,10,8572.000,108.146,-43.601,0.406,-0.171,NaN,NaN,322,0,-0.000,-0.000,NaN,NaN,NaN,NaN,NaN,NaN,NaN,NaN,NaN,NaN,NaN
1428,12,8572.000,52.523,-8.707,0.066,-0.048,NaN,NaN,322,0,-0.000,-0.000,NaN,NaN,NaN,NaN,NaN,NaN,NaN,NaN,NaN,NaN,NaN
1429,213,8572.000,23.662,-3.839,0.058,-0.022,0.584,0.508,322,0,0.931,0.235,821.000,200.000,855.000,288.000,23.640,-3.780,-1.170,0.920,0.710,1.740,-0.756
1430,10,8573.000,108.549,-43.773,0.403,-0.171,NaN,NaN,323,0,-0.000,-0.000,NaN,NaN,NaN,NaN,NaN,NaN,NaN,NaN,NaN,NaN,NaN
1431,12,8573.000,52.588,-8.755,0.066,-0.048,NaN,NaN,323,0,-0.300,-0.141,NaN,NaN,NaN,NaN,NaN,NaN,NaN,NaN,NaN,NaN,NaN
1432,213,8573.000,23.717,-3.868,0.059,-0.023,0.580,NaN,323,0,1.046,-1.319,821.000,201.000,855.000,286.000,NaN,NaN,NaN,NaN,NaN,NaN,NaN
1433,10,8574.000,108.954,-43.944,0.403,-0.172,NaN,NaN,324,0,-0.000,-0.000,NaN,NaN,NaN,NaN,NaN,NaN,NaN,NaN,NaN,NaN,NaN
1434,12,8574.000,52.656,-8.802,0.067,-0.048,NaN,NaN,324,0,-0.109,-0.267,NaN,NaN,NaN,NaN,NaN,NaN,NaN,NaN,NaN,NaN,NaN
1435,213,8574.000,23.759,-3.852,0.057,-0.013,0.702,0.681,324,0,1.892,0.813,820.000,201.000,855.000,287.000,23.760,-3.790,-1.220,0.940,0.590,1.720,-0.537
1436,10,8575.000,109.356,-44.118,0.402,-0.173,NaN,NaN,325,0,-0.000,-0.000,NaN,NaN,NaN,NaN,NaN,NaN,NaN,NaN,NaN,NaN,NaN
1437,12,8575.000,52.724,-8.850,0.068,-0.047,NaN,NaN,325,0,-0.562,-0.342,NaN,NaN,NaN,NaN,NaN,NaN,NaN,NaN,NaN,NaN,NaN
1438,213,8575.000,23.810,-3.875,0.055,-0.015,0.737,NaN,325,0,2.907,-1.319,820.000,201.000,856.000,289.000,NaN,NaN,NaN,NaN,NaN,NaN,NaN
1439,10,8576.000,109.759,-44.291,0.403,-0.172,NaN,NaN,326,0,-0.000,-0.000,NaN,NaN,NaN,NaN,NaN,NaN,NaN,NaN,NaN,NaN,NaN
1440,12,8576.000,52.792,-8.897,0.069,-0.048,NaN,NaN,326,0,-0.580,-0.366,NaN,NaN,NaN,NaN,NaN,NaN,NaN,NaN,NaN,NaN,NaN
1441,213,8576.000,23.865,-3.897,0.055,-0.017,0.739,NaN,326,0,2.907,-1.318,821.000,201.000,856.000,289.000,NaN,NaN,NaN,NaN,NaN,NaN,NaN
1442,10,8577.000,110.165,-44.463,0.405,-0.173,NaN,NaN,327,0,-0.000,-0.000,NaN,NaN,NaN,NaN,NaN,NaN,NaN,NaN,NaN,NaN,NaN
1443,12,8577.000,52.862,-8.944,0.070,-0.047,NaN,NaN,327,0,-0.344,-0.490,NaN,NaN,NaN,NaN,NaN,NaN,NaN,NaN,NaN,NaN,NaN
1444,213,8577.000,23.924,-3.879,0.056,-0.008,0.741,0.498,327,0,2.467,0.197,821.000,200.000,856.000,290.000,23.920,-3.810,-1.270,0.780,0.580,1.740,-0.598
1445,10,8578.000,110.570,-44.637,0.406,-0.173,NaN,NaN,328,0,-0.000,-0.000,NaN,NaN,NaN,NaN,NaN,NaN,NaN,NaN,NaN,NaN,NaN
1446,12,8578.000,52.931,-8.992,0.069,-0.048,NaN,NaN,328,0,-0.311,-0.490,NaN,NaN,NaN,NaN,NaN,NaN,NaN,NaN,NaN,NaN,NaN
1447,213,8578.000,23.995,-3.879,0.060,-0.005,0.758,0.726,328,0,2.649,1.175,821.000,200.000,855.000,289.000,24.020,-3.850,-1.140,1.030,0.640,1.780,-0.368
1448,10,8579.000,110.977,-44.810,0.407,-0.173,NaN,NaN,329,0,-0.000,-0.000,NaN,NaN,NaN,NaN,NaN,NaN,NaN,NaN,NaN,NaN,NaN
1449,12,8579.000,53.000,-9.041,0.069,-0.049,NaN,NaN,329,0,-0.709,-0.506,NaN,NaN,NaN,NaN,NaN,NaN,NaN,NaN,NaN,NaN,NaN
1450,213,8579.000,24.045,-3.914,0.056,-0.012,0.736,NaN,329,0,2.907,-1.320,822.000,200.000,856.000,287.000,NaN,NaN,NaN,NaN,NaN,NaN,NaN
1451,10,8580.000,111.384,-44.983,0.407,-0.173,NaN,NaN,330,0,-0.000,-0.000,NaN,NaN,NaN,NaN,NaN,NaN,NaN,NaN,NaN,NaN,NaN
1452,12,8580.000,53.069,-9.090,0.069,-0.048,NaN,NaN,330,0,-0.831,-0.506,NaN,NaN,NaN,NaN,NaN,NaN,NaN,NaN,NaN,NaN,NaN
1453,213,8580.000,24.055,-3.894,0.046,-0.004,0.739,0.385,330,0,2.467,-0.199,823.000,200.000,856.000,287.000,24.030,-3.820,-1.210,0.990,0.610,1.790,2.723
1454,10,8581.000,111.791,-45.156,0.407,-0.173,NaN,NaN,331,0,-0.000,-0.000,NaN,NaN,NaN,NaN,NaN,NaN,NaN,NaN,NaN,NaN,NaN
1455,12,8581.000,53.139,-9.137,0.069,-0.048,NaN,NaN,331,0,-0.951,-0.476,NaN,NaN,NaN,NaN,NaN,NaN,NaN,NaN,NaN,NaN,NaN
1456,213,8581.000,24.130,-3.913,0.054,-0.008,0.695,0.948,331,0,1.748,2.843,824.000,199.000,856.000,282.000,24.160,-3.930,-1.120,0.790,0.630,1.740,-0.513
1457,10,8582.000,112.200,-45.330,0.408,-0.174,NaN,NaN,332,0,-0.000,-0.000,NaN,NaN,NaN,NaN,NaN,NaN,NaN,NaN,NaN,NaN,NaN
1458,213,8582.000,24.180,-3.959,0.053,-0.017,0.726,NaN,332,0,2.756,-1.320,826.000,199.000,856.000,284.000,NaN,NaN,NaN,NaN,NaN,NaN,NaN
1459,10,8583.000,112.610,-45.502,0.409,-0.172,NaN,NaN,333,0,-0.079,-0.112,NaN,NaN,NaN,NaN,NaN,NaN,NaN,NaN,NaN,NaN,NaN
1460,213,8583.000,24.185,-3.957,0.044,-0.012,0.759,0.971,333,0,2.649,2.843,827.000,199.000,856.000,286.000,24.150,-3.930,-1.140,0.830,0.680,1.710,-0.431
1461,10,8584.000,113.016,-45.671,0.408,-0.170,NaN,NaN,334,0,-0.071,-0.112,NaN,NaN,NaN,NaN,NaN,NaN,NaN,NaN,NaN,NaN,NaN
1462,213,8584.000,24.177,-3.941,0.034,-0.007,0.731,0.839,334,0,2.350,1.841,827.000,199.000,856.000,289.000,24.130,-3.910,-1.190,0.830,0.720,1.730,1.939
1463,10,8585.000,113.426,-45.841,0.409,-0.169,NaN,NaN,335,0,-0.075,-0.112,NaN,NaN,NaN,NaN,NaN,NaN,NaN,NaN,NaN,NaN,NaN
1464,213,8585.000,24.198,-4.013,0.032,-0.022,0.664,NaN,335,0,1.803,-1.319,830.000,199.000,856.000,285.000,NaN,NaN,NaN,NaN,NaN,NaN,NaN
1465,10,8586.000,113.834,-46.008,0.409,-0.167,NaN,NaN,336,0,-0.060,-0.112,NaN,NaN,NaN,NaN,NaN,NaN,NaN,NaN,NaN,NaN,NaN
1466,213,8586.000,24.235,-4.026,0.034,-0.018,0.579,0.951,336,0,0.931,2.843,830.000,199.000,856.000,284.000,24.250,-3.990,-1.140,0.720,0.820,1.540,-0.369
1467,10,8587.000,114.245,-46.176,0.409,-0.168,NaN,NaN,337,0,-0.057,-0.112,NaN,NaN,NaN,NaN,NaN,NaN,NaN,NaN,NaN,NaN,NaN
1468,213,8587.000,24.270,-4.027,0.033,-0.013,0.619,0.179,337,0,1.181,-0.684,831.000,199.000,856.000,285.000,24.280,-3.990,-1.140,0.820,0.810,1.660,-0.058
1469,10,8588.000,114.654,-46.342,0.407,-0.166,NaN,NaN,338,0,-0.050,-0.112,NaN,NaN,NaN,NaN,NaN,NaN,NaN,NaN,NaN,NaN,NaN
1470,213,8588.000,24.314,-4.059,0.036,-0.016,0.540,NaN,338,0,0.748,-1.312,831.000,197.000,856.000,281.000,NaN,NaN,NaN,NaN,NaN,NaN,NaN
1471,10,8589.000,115.063,-46.508,0.406,-0.166,NaN,NaN,339,0,-0.223,-0.112,NaN,NaN,NaN,NaN,NaN,NaN,NaN,NaN,NaN,NaN,NaN
1472,213,8589.000,24.303,-4.048,0.026,-0.009,0.675,0.322,339,0,1.525,-0.322,831.000,197.000,857.000,284.000,24.280,-4.000,-1.160,0.660,0.610,1.620,-0.575
1473,10,8590.000,115.469,-46.673,0.406,-0.166,NaN,NaN,340,0,-0.063,-0.112,NaN,NaN,NaN,NaN,NaN,NaN,NaN,NaN,NaN,NaN,NaN
1474,213,8590.000,24.305,-4.024,0.023,0.002,0.677,0.280,340,0,1.627,-0.385,831.000,199.000,857.000,284.000,24.300,-3.970,-1.260,0.830,0.490,1.800,-1.032
1475,10,8591.000,115.875,-46.839,0.406,-0.166,NaN,NaN,341,0,-0.057,-0.112,NaN,NaN,NaN,NaN,NaN,NaN,NaN,NaN,NaN,NaN,NaN
1476,213,8591.000,24.320,-4.058,0.020,-0.007,0.659,NaN,341,0,1.803,-1.314,831.000,199.000,857.000,286.000,NaN,NaN,NaN,NaN,NaN,NaN,NaN
1477,10,8592.000,116.280,-47.004,0.407,-0.166,NaN,NaN,342,0,-0.044,-0.118,NaN,NaN,NaN,NaN,NaN,NaN,NaN,NaN,NaN,NaN,NaN
1478,213,8592.000,24.336,-4.052,0.021,-0.002,0.689,0.007,342,0,1.748,-1.436,831.000,199.000,857.000,286.000,24.330,-4.020,-1.170,0.930,0.480,1.720,-0.499
1479,10,8593.000,116.687,-47.171,0.408,-0.166,NaN,NaN,343,0,-0.027,-0.118,NaN,NaN,NaN,NaN,NaN,NaN,NaN,NaN,NaN,NaN,NaN
1480,213,8593.000,24.342,-4.026,0.018,0.006,0.709,0.994,343,0,2.049,2.843,830.000,198.000,857.000,286.000,24.340,-3.980,-1.200,0.810,0.740,1.720,-0.681
1481,10,8594.000,117.093,-47.336,0.407,-0.165,NaN,NaN,344,0,-0.031,-0.118,NaN,NaN,NaN,NaN,NaN,NaN,NaN,NaN,NaN,NaN,NaN
1482,213,8594.000,24.345,-4.061,0.015,-0.006,0.712,NaN,344,0,2.462,-1.314,831.000,198.000,857.000,286.000,NaN,NaN,NaN,NaN,NaN,NaN,NaN
1483,10,8595.000,117.501,-47.500,0.408,-0.165,NaN,NaN,345,0,-0.039,-0.118,NaN,NaN,NaN,NaN,NaN,NaN,NaN,NaN,NaN,NaN,NaN
1484,213,8595.000,24.362,-4.045,0.015,-0.001,0.704,0.963,345,0,1.892,2.843,831.000,199.000,856.000,287.000,24.370,-4.000,-1.110,0.650,0.610,1.630,-0.557
1485,10,8596.000,117.908,-47.665,0.408,-0.165,NaN,NaN,346,0,-0.060,-0.118,NaN,NaN,NaN,NaN,NaN,NaN,NaN,NaN,NaN,NaN,NaN
1486,213,8596.000,24.355,-4.029,0.010,0.003,0.750,0.466,346,0,2.563,0.086,831.000,199.000,857.000,284.000,24.340,-4.000,-1.160,0.710,0.820,1.610,-0.701
1487,10,8597.000,118.315,-47.830,0.408,-0.166,NaN,NaN,347,0,-0.056,-0.118,NaN,NaN,NaN,NaN,NaN,NaN,NaN,NaN,NaN,NaN,NaN
1488,213,8597.000,24.357,-4.059,0.010,-0.004,0.759,NaN,347,0,3.236,-1.314,830.000,198.000,856.000,287.000,NaN,NaN,NaN,NaN,NaN,NaN,NaN
1489,10,8598.000,118.722,-47.996,0.407,-0.166,NaN,NaN,348,0,-0.044,-0.118,NaN,NaN,NaN,NaN,NaN,NaN,NaN,NaN,NaN,NaN,NaN
1490,213,8598.000,24.345,-4.035,0.005,0.003,0.774,0.264,348,0,2.738,-0.445,830.000,199.000,857.000,287.000,24.350,-3.980,-1.100,0.440,0.450,1.680,-0.364
1491,10,8599.000,119.128,-48.162,0.406,-0.167,NaN,NaN,349,0,-0.079,-0.118,NaN,NaN,NaN,NaN,NaN,NaN,NaN,NaN,NaN,NaN,NaN
1492,213,8599.000,24.334,-4.021,0.001,0.007,0.232,0.034,349,0,-1.099,-1.384,828.000,200.000,857.000,281.000,24.330,-4.030,-1.220,0.570,0.450,1.700,-0.690
1493,10,8600.000,119.532,-48.327,0.406,-0.165,NaN,NaN,350,0,-0.075,-0.118,NaN,NaN,NaN,NaN,NaN,NaN,NaN,NaN,NaN,NaN,NaN
1494,213,8600.000,24.333,-4.033,0.002,0.003,0.092,NaN,350,0,-1.664,-1.314,829.000,199.000,856.000,281.000,NaN,NaN,NaN,NaN,NaN,NaN,NaN
1495,10,8601.000,119.940,-48.493,0.406,-0.166,NaN,NaN,351,0,-0.086,-0.118,NaN,NaN,NaN,NaN,NaN,NaN,NaN,NaN,NaN,NaN,NaN
1496,213,8601.000,24.361,-4.020,0.009,0.006,0.697,0.706,351,0,1.892,1.025,830.000,199.000,856.000,284.000,24.390,-3.990,-1.220,0.680,0.750,1.610,-0.658
1497,10,8602.000,120.350,-48.659,0.408,-0.166,NaN,NaN,352,0,-0.083,-0.118,NaN,NaN,NaN,NaN,NaN,NaN,NaN,NaN,NaN,NaN,NaN
1498,213,8602.000,24.387,-4.006,0.014,0.010,0.618,0.653,352,0,1.181,0.681,830.000,199.000,856.000,285.000,24.420,-4.020,-1.200,0.790,0.490,1.830,-0.588
1499,10,8603.000,120.762,-48.824,0.410,-0.165,NaN,NaN,353,0,-0.086,-0.118,NaN,NaN,NaN,NaN,NaN,NaN,NaN,NaN,NaN,NaN,NaN
1500,213,8603.000,24.398,-4.037,0.014,-0.001,0.729,NaN,353,0,2.756,-1.318,829.000,199.000,856.000,284.000,NaN,NaN,NaN,NaN,NaN,NaN,NaN
1501,10,8604.000,121.171,-48.989,0.410,-0.165,NaN,NaN,354,0,-0.089,-0.118,NaN,NaN,NaN,NaN,NaN,NaN,NaN,NaN,NaN,NaN,NaN
1502,213,8604.000,24.380,-4.005,0.006,0.007,0.713,0.217,354,0,2.049,-0.580,829.000,199.000,856.000,285.000,24.350,-3.930,-1.160,0.830,0.510,1.880,2.528
1503,10,8605.000,121.583,-49.154,0.410,-0.164,NaN,NaN,355,0,-0.083,-0.118,NaN,NaN,NaN,NaN,NaN,NaN,NaN,NaN,NaN,NaN,NaN
1504,213,8605.000,24.390,-3.974,0.006,0.013,0.728,0.071,355,0,2.350,-1.087,829.000,200.000,856.000,286.000,24.390,-3.930,-1.220,0.670,0.510,1.760,2.325
1505,10,8606.000,121.994,-49.317,0.409,-0.163,NaN,NaN,356,0,-0.079,-0.118,NaN,NaN,NaN,NaN,NaN,NaN,NaN,NaN,NaN,NaN,NaN
1506,213,8606.000,24.389,-4.023,0.005,-0.003,0.768,NaN,356,0,3.422,-1.319,829.000,199.000,856.000,287.000,NaN,NaN,NaN,NaN,NaN,NaN,NaN
1507,10,8607.000,122.406,-49.480,0.410,-0.163,NaN,NaN,357,0,-0.105,-0.124,NaN,NaN,NaN,NaN,NaN,NaN,NaN,NaN,NaN,NaN,NaN
1508,213,8607.000,24.433,-4.016,0.012,-0.001,0.755,0.223,357,0,2.563,-0.581,829.000,199.000,856.000,287.000,24.470,-3.970,-1.180,0.790,0.520,1.740,-0.378
1509,10,8608.000,122.815,-49.643,0.411,-0.164,NaN,NaN,358,0,-0.000,-0.000,NaN,NaN,NaN,NaN,NaN,NaN,NaN,NaN,NaN,NaN,NaN
1510,213,8608.000,24.438,-4.013,0.009,-0.001,0.747,0.522,358,0,2.563,0.276,829.000,199.000,856.000,287.000,24.430,-3.980,-1.150,0.860,0.540,1.770,-0.492
1511,10,8609.000,123.225,-49.805,0.411,-0.162,NaN,NaN,359,0,-0.000,-0.000,NaN,NaN,NaN,NaN,NaN,NaN,NaN,NaN,NaN,NaN,NaN
1512,213,8609.000,24.432,-4.049,0.008,-0.009,0.747,NaN,359,0,3.065,-1.318,829.000,199.000,856.000,286.000,NaN,NaN,NaN,NaN,NaN,NaN,NaN
1513,10,8610.000,123.636,-49.967,0.409,-0.161,NaN,NaN,360,0,-0.000,-0.000,NaN,NaN,NaN,NaN,NaN,NaN,NaN,NaN,NaN,NaN,NaN
1514,213,8610.000,24.397,-4.038,-0.003,-0.002,0.750,0.052,360,0,2.563,-1.244,829.000,199.000,856.000,284.000,24.360,-3.990,-1.180,0.900,0.660,1.780,2.697
1515,10,8611.000,124.045,-50.130,0.410,-0.163,NaN,NaN,361,0,-0.000,-0.000,NaN,NaN,NaN,NaN,NaN,NaN,NaN,NaN,NaN,NaN,NaN
1516,213,8611.000,24.406,-4.017,-0.001,0.005,0.727,0.118,361,0,2.350,-0.879,829.000,199.000,856.000,283.000,24.400,-3.960,-1.190,0.940,0.520,1.820,-0.643
1517,10,8612.000,124.454,-50.292,0.410,-0.161,NaN,NaN,362,0,-0.000,-0.000,NaN,NaN,NaN,NaN,NaN,NaN,NaN,NaN,NaN,NaN,NaN
1518,213,8612.000,24.399,-4.038,-0.003,-0.002,0.718,NaN,362,0,2.608,-1.316,828.000,199.000,856.000,283.000,NaN,NaN,NaN,NaN,NaN,NaN,NaN
1519,10,8613.000,124.864,-50.453,0.409,-0.162,NaN,NaN,363,0,-0.000,-0.000,NaN,NaN,NaN,NaN,NaN,NaN,NaN,NaN,NaN,NaN,NaN
1520,213,8613.000,24.420,-4.035,0.001,-0.001,0.307,0.601,363,0,-0.674,0.531,830.000,199.000,856.000,281.000,24.440,-4.020,-1.190,0.820,0.770,1.620,-0.178
1521,10,8614.000,125.274,-50.615,0.410,-0.162,NaN,NaN,364,0,-0.000,-0.000,NaN,NaN,NaN,NaN,NaN,NaN,NaN,NaN,NaN,NaN,NaN
1522,213,8614.000,24.399,-4.023,-0.006,0.001,0.025,0.744,364,0,-2.768,1.234,830.000,198.000,856.000,282.000,24.390,-4.010,-1.180,0.790,0.750,1.690,-0.396
1523,10,8615.000,125.685,-50.777,0.410,-0.162,NaN,NaN,365,0,-0.000,-0.000,NaN,NaN,NaN,NaN,NaN,NaN,NaN,NaN,NaN,NaN,NaN
1524,213,8615.000,24.385,-4.047,-0.009,-0.006,0.106,NaN,365,0,-1.557,-1.316,829.000,198.000,856.000,284.000,NaN,NaN,NaN,NaN,NaN,NaN,NaN
1525,10,8616.000,126.091,-50.937,0.409,-0.161,NaN,NaN,366,0,-0.000,-0.000,NaN,NaN,NaN,NaN,NaN,NaN,NaN,NaN,NaN,NaN,NaN
1526,213,8616.000,24.392,-4.033,-0.006,-0.001,NaN,0.966,366,0,-2.891,2.843,811.000,195.000,868.000,294.000,24.400,-4.000,-1.200,0.910,0.700,1.730,-0.556
1527,10,8617.000,130.860,-51.172,0.448,-0.153,0.178,NaN,367,0,-0.000,-0.000,1131.000,197.000,1144.000,218.000,NaN,NaN,NaN,NaN,NaN,NaN,NaN
1528,213,8617.000,24.378,-3.998,-0.006,0.010,0.237,0.236,367,0,-1.030,-0.515,829.000,199.000,857.000,282.000,24.380,-3.950,-1.120,0.980,0.500,1.930,2.492
1529,10,8618.000,135.230,-52.827,0.503,-0.160,0.114,NaN,368,0,-0.000,-0.000,1131.000,197.000,1144.000,218.000,NaN,NaN,NaN,NaN,NaN,NaN,NaN
1530,213,8618.000,24.363,-4.023,-0.009,0.002,0.629,NaN,368,0,1.492,-1.318,828.000,200.000,856.000,281.000,NaN,NaN,NaN,NaN,NaN,NaN,NaN
1531,10,8619.000,136.714,-53.385,0.510,-0.156,0.078,NaN,369,0,-0.000,-0.000,1132.000,197.000,1145.000,218.000,NaN,NaN,NaN,NaN,NaN,NaN,NaN
1532,213,8619.000,24.422,-4.029,0.003,0.000,0.813,0.673,369,0,3.246,0.763,828.000,200.000,857.000,281.000,24.480,-4.040,-1.090,0.720,0.840,1.630,-0.443
1533,10,8620.000,137.225,-53.541,0.509,-0.155,NaN,NaN,370,0,-0.000,-0.000,NaN,NaN,NaN,NaN,NaN,NaN,NaN,NaN,NaN,NaN,NaN
1534,213,8620.000,24.424,-4.043,0.003,-0.005,0.781,NaN,370,0,3.620,-1.316,827.000,199.000,857.000,281.000,NaN,NaN,NaN,NaN,NaN,NaN,NaN
1535,10,8621.000,138.399,-53.961,0.515,-0.160,0.030,NaN,371,0,-0.000,-0.000,1131.000,199.000,1144.000,217.000,NaN,NaN,NaN,NaN,NaN,NaN,NaN
1536,213,8621.000,24.443,-4.016,0.004,0.004,0.705,0.014,371,0,1.892,-1.439,827.000,199.000,856.000,281.000,24.450,-3.970,-1.030,0.730,0.620,1.750,1.001
1537,10,8622.000,139.439,-54.364,0.524,-0.175,0.094,NaN,372,0,-0.000,-0.000,1131.000,197.000,1145.000,217.000,NaN,NaN,NaN,NaN,NaN,NaN,NaN
1538,213,8622.000,24.404,-3.973,-0.006,0.013,0.748,0.106,372,0,2.563,-0.913,828.000,200.000,856.000,281.000,24.350,-3.940,-1.110,0.660,0.460,1.750,2.600
1539,10,8623.000,140.008,-54.633,0.526,-0.196,0.166,NaN,373,0,-0.000,-0.000,1132.000,197.000,1145.000,217.000,NaN,NaN,NaN,NaN,NaN,NaN,NaN
1540,213,8623.000,24.387,-4.015,-0.006,-0.002,0.678,NaN,373,0,2.039,-1.320,827.000,199.000,856.000,281.000,NaN,NaN,NaN,NaN,NaN,NaN,NaN
1541,10,8624.000,140.729,-54.964,0.531,-0.213,0.035,NaN,374,0,-0.000,-0.000,1132.000,198.000,1145.000,217.000,NaN,NaN,NaN,NaN,NaN,NaN,NaN
1542,213,8624.000,24.366,-3.990,-0.009,0.005,0.662,0.061,374,0,1.438,-1.161,827.000,198.000,856.000,283.000,24.370,-3.960,-1.210,0.760,0.500,1.810,2.445
1543,10,8625.000,141.446,-55.290,0.537,-0.224,0.051,NaN,375,0,-0.000,-0.000,1132.000,197.000,1145.000,218.000,NaN,NaN,NaN,NaN,NaN,NaN,NaN
1544,213,8625.000,24.376,-3.984,-0.006,0.003,0.712,0.032,375,0,2.049,-1.388,827.000,199.000,856.000,285.000,24.400,-3.990,-1.210,0.730,0.540,1.690,-0.724
1545,10,8626.000,141.982,-55.514,0.538,-0.224,NaN,NaN,376,0,-0.000,-0.000,NaN,NaN,NaN,NaN,NaN,NaN,NaN,NaN,NaN,NaN,NaN
1546,213,8626.000,24.368,-4.021,-0.005,-0.007,0.666,NaN,376,0,1.916,-1.319,827.000,200.000,856.000,292.000,NaN,NaN,NaN,NaN,NaN,NaN,NaN
1547,10,8627.000,142.993,-55.939,0.548,-0.230,0.040,NaN,377,0,-0.000,-0.000,1132.000,198.000,1145.000,219.000,NaN,NaN,NaN,NaN,NaN,NaN,NaN
1548,213,8627.000,24.343,-4.008,-0.010,-0.002,0.730,0.092,377,0,2.350,-0.979,827.000,199.000,856.000,287.000,24.340,-3.950,-1.180,0.370,0.450,1.820,2.534
1549,10,8628.000,143.182,-56.027,0.544,-0.231,0.038,NaN,378,0,-0.000,-0.000,1132.000,197.000,1145.000,218.000,NaN,NaN,NaN,NaN,NaN,NaN,NaN
1550,213,8628.000,24.336,-4.007,-0.007,-0.001,0.766,0.995,378,0,2.738,2.843,827.000,199.000,856.000,286.000,24.340,-4.000,-1.190,0.710,0.650,1.570,-0.427
1551,10,8629.000,144.298,-56.473,0.555,-0.234,0.060,NaN,379,0,-0.000,-0.000,1132.000,194.000,1145.000,218.000,NaN,NaN,NaN,NaN,NaN,NaN,NaN
1552,213,8629.000,24.324,-4.020,-0.007,-0.005,0.758,NaN,379,0,3.236,-1.316,827.000,200.000,856.000,285.000,NaN,NaN,NaN,NaN,NaN,NaN,NaN
1553,10,8630.000,145.328,-56.881,0.566,-0.236,0.070,NaN,380,0,-0.000,-0.000,1132.000,195.000,1145.000,218.000,NaN,NaN,NaN,NaN,NaN,NaN,NaN
1554,213,8630.000,24.317,-4.025,-0.007,-0.005,NaN,NaN,380,0,-2.629,-1.314,NaN,NaN,NaN,NaN,NaN,NaN,NaN,NaN,NaN,NaN,NaN
1555,10,8631.000,145.891,-57.117,0.566,-0.236,NaN,NaN,381,0,-0.000,-0.000,NaN,NaN,NaN,NaN,NaN,NaN,NaN,NaN,NaN,NaN,NaN
1556,213,8631.000,24.381,-4.011,0.008,0.002,0.773,0.374,381,0,2.738,-0.218,827.000,199.000,856.000,288.000,24.400,-3.990,-1.140,0.730,0.620,1.680,-0.454
1557,10,8632.000,146.453,-57.354,0.565,-0.237,NaN,NaN,382,0,-0.000,-0.000,NaN,NaN,NaN,NaN,NaN,NaN,NaN,NaN,NaN,NaN,NaN
1558,213,8632.000,24.383,-4.039,0.007,-0.004,0.777,NaN,382,0,3.620,-1.316,828.000,200.000,856.000,288.000,NaN,NaN,NaN,NaN,NaN,NaN,NaN
1559,10,8633.000,147.473,-57.787,0.573,-0.243,0.177,NaN,383,0,-0.000,-0.000,1133.000,193.000,1146.000,222.000,NaN,NaN,NaN,NaN,NaN,NaN,NaN
1560,213,8633.000,24.362,-4.004,0.004,0.006,0.763,0.021,383,0,2.649,-1.420,828.000,199.000,856.000,288.000,24.340,-3.940,-1.100,0.720,0.640,1.800,2.768
1561,10,8634.000,148.526,-58.220,0.581,-0.247,0.157,NaN,384,0,-0.000,-0.000,1133.000,192.000,1146.000,212.000,NaN,NaN,NaN,NaN,NaN,NaN,NaN
1562,213,8634.000,24.366,-3.979,0.005,0.012,0.757,0.123,384,0,2.649,-0.881,828.000,199.000,856.000,288.000,24.360,-3.950,-1.220,0.830,0.520,1.730,2.245
1563,10,8635.000,149.108,-58.467,0.581,-0.246,NaN,NaN,385,0,-0.000,-0.000,NaN,NaN,NaN,NaN,NaN,NaN,NaN,NaN,NaN,NaN,NaN
1564,213,8635.000,24.368,-4.010,0.005,0.001,0.687,NaN,385,0,2.173,-1.319,828.000,199.000,855.000,288.000,NaN,NaN,NaN,NaN,NaN,NaN,NaN
1565,10,8636.000,149.691,-58.712,0.582,-0.245,NaN,NaN,386,0,-0.000,-0.000,NaN,NaN,NaN,NaN,NaN,NaN,NaN,NaN,NaN,NaN,NaN
1566,213,8636.000,24.413,-4.005,0.013,0.002,0.679,0.818,386,0,1.627,1.696,828.000,199.000,855.000,286.000,24.440,-4.000,-1.170,0.670,0.890,1.580,-0.529
1567,10,8637.000,150.271,-58.955,0.581,-0.245,NaN,NaN,387,0,-0.000,-0.000,NaN,NaN,NaN,NaN,NaN,NaN,NaN,NaN,NaN,NaN,NaN
1568,213,8637.000,24.398,-3.972,0.009,0.010,0.726,0.098,387,0,2.350,-0.944,828.000,200.000,856.000,288.000,24.360,-3.930,-1.220,0.800,0.490,1.700,2.296
1569,10,8638.000,150.850,-59.201,0.583,-0.246,NaN,NaN,388,0,-0.000,-0.000,NaN,NaN,NaN,NaN,NaN,NaN,NaN,NaN,NaN,NaN,NaN
1570,213,8638.000,24.406,-4.020,0.009,-0.005,0.676,NaN,388,0,2.039,-1.320,828.000,201.000,856.000,288.000,NaN,NaN,NaN,NaN,NaN,NaN,NaN
1571,10,8639.000,151.430,-59.447,0.584,-0.245,NaN,NaN,389,0,-0.000,-0.000,NaN,NaN,NaN,NaN,NaN,NaN,NaN,NaN,NaN,NaN,NaN
1572,213,8639.000,24.380,-3.987,0.002,0.005,0.638,0.201,389,0,1.295,-0.633,828.000,199.000,856.000,288.000,24.340,-3.930,-1.130,0.730,0.630,1.820,2.446
1573,10,8640.000,152.009,-59.691,0.584,-0.244,NaN,NaN,390,0,-0.000,-0.000,NaN,NaN,NaN,NaN,NaN,NaN,NaN,NaN,NaN,NaN,NaN
1574,213,8640.000,24.375,-3.969,0.000,0.010,0.210,0.935,390,0,-1.218,2.843,830.000,200.000,855.000,287.000,24.360,-3.970,-1.160,0.700,0.470,1.690,-0.662
1575,10,8641.000,152.590,-59.936,0.584,-0.245,NaN,NaN,391,0,-0.000,-0.000,NaN,NaN,NaN,NaN,NaN,NaN,NaN,NaN,NaN,NaN,NaN
1576,213,8641.000,24.364,-4.023,-0.002,-0.005,0.078,NaN,391,0,-1.734,-1.319,830.000,201.000,856.000,289.000,NaN,NaN,NaN,NaN,NaN,NaN,NaN
1577,10,8642.000,153.171,-60.179,0.583,-0.244,NaN,NaN,392,0,-0.000,-0.000,NaN,NaN,NaN,NaN,NaN,NaN,NaN,NaN,NaN,NaN,NaN
1578,213,8642.000,24.357,-4.011,-0.003,0.000,NaN,0.433,392,0,-2.894,-0.080,809.000,193.000,870.000,287.000,24.360,-3.990,-1.120,0.710,0.820,1.640,-0.664
1579,10,8643.000,153.756,-60.424,0.582,-0.244,NaN,NaN,393,0,-0.000,-0.000,NaN,NaN,NaN,NaN,NaN,NaN,NaN,NaN,NaN,NaN,NaN
1580,213,8643.000,24.357,-3.989,-0.004,0.006,0.008,0.984,393,0,-2.882,2.843,830.000,204.000,855.000,285.000,24.370,-3.960,-1.150,0.620,0.760,1.760,2.723
1581,10,8644.000,155.546,-60.880,0.614,-0.236,0.075,NaN,394,0,-0.000,-0.000,1131.000,196.000,1145.000,218.000,NaN,NaN,NaN,NaN,NaN,NaN,NaN
1582,213,8644.000,24.342,-4.047,-0.005,-0.011,0.029,NaN,394,0,-2.522,-1.318,831.000,199.000,856.000,276.000,NaN,NaN,NaN,NaN,NaN,NaN,NaN
1583,10,8645.000,156.162,-61.116,0.614,-0.235,NaN,NaN,395,0,-0.000,-0.000,NaN,NaN,NaN,NaN,NaN,NaN,NaN,NaN,NaN,NaN,NaN
1584,213,8645.000,24.372,-4.028,0.004,-0.004,0.007,0.816,395,0,-2.875,1.696,831.000,200.000,856.000,275.000,24.390,-3.950,-1.080,0.700,0.590,1.650,-0.179
1585,10,8646.000,157.094,-61.449,0.620,-0.235,0.031,NaN,396,0,-0.000,-0.000,1131.000,196.000,1145.000,218.000,NaN,NaN,NaN,NaN,NaN,NaN,NaN
1586,213,8646.000,24.365,-4.024,-0.001,-0.000,NaN,0.140,396,0,-2.894,-0.812,814.000,195.000,865.000,290.000,24.350,-3.980,-1.160,0.740,0.680,1.670,-0.476
1587,10,8647.000,158.089,-61.814,0.626,-0.236,0.026,NaN,397,0,-0.000,-0.000,1131.000,196.000,1145.000,218.000,NaN,NaN,NaN,NaN,NaN,NaN,NaN
1588,213,8647.000,24.363,-4.025,-0.002,-0.001,NaN,NaN,397,0,-0.319,-1.314,NaN,NaN,NaN,NaN,NaN,NaN,NaN,NaN,NaN,NaN,NaN
1589,10,8648.000,158.914,-62.122,0.631,-0.237,0.034,NaN,398,0,-0.000,-0.000,1131.000,196.000,1145.000,217.000,NaN,NaN,NaN,NaN,NaN,NaN,NaN
1590,213,8648.000,24.373,-3.999,0.001,0.007,0.155,0.766,398,0,-1.556,1.369,829.000,202.000,856.000,281.000,24.390,-3.980,-1.230,0.820,0.530,1.760,-0.635
1591,10,8649.000,159.545,-62.359,0.632,-0.238,NaN,NaN,399,0,-0.000,-0.000,NaN,NaN,NaN,NaN,NaN,NaN,NaN,NaN,NaN,NaN,NaN
1592,213,8649.000,24.362,-3.988,-0.002,0.009,NaN,0.857,399,0,-2.902,2.059,816.000,190.000,863.000,289.000,24.350,-3.990,-1.110,0.790,0.620,1.740,-0.427
1593,10,8650.000,161.568,-63.192,0.654,-0.253,0.029,NaN,400,0,-0.000,-0.000,1132.000,196.000,1146.000,217.000,NaN,NaN,NaN,NaN,NaN,NaN,NaN
1594,213,8650.000,24.359,-3.982,-0.003,0.007,NaN,NaN,400,0,-0.320,-1.318,NaN,NaN,NaN,NaN,NaN,NaN,NaN,NaN,NaN,NaN,NaN
1595,10,8651.000,162.475,-63.551,0.655,-0.255,0.053,NaN,401,0,-0.000,-0.000,1132.000,196.000,1145.000,217.000,NaN,NaN,NaN,NaN,NaN,NaN,NaN
1596,213,8651.000,24.377,-3.990,0.004,0.003,0.595,0.999,401,0,0.995,2.843,829.000,199.000,856.000,288.000,24.380,-4.000,-1.160,0.710,0.840,1.530,-0.658
1597,10,8652.000,163.306,-63.864,0.656,-0.254,0.089,NaN,402,0,-0.000,-0.000,1131.000,196.000,1145.000,217.000,NaN,NaN,NaN,NaN,NaN,NaN,NaN
1598,213,8652.000,24.373,-4.037,0.001,-0.007,0.675,NaN,402,0,2.039,-1.318,828.000,199.000,856.000,286.000,NaN,NaN,NaN,NaN,NaN,NaN,NaN
1599,10,8653.000,164.140,-64.182,0.659,-0.255,0.077,NaN,403,0,-0.000,-0.000,1131.000,196.000,1145.000,217.000,NaN,NaN,NaN,NaN,NaN,NaN,NaN
1600,213,8653.000,24.377,-4.059,0.001,-0.010,0.590,NaN,403,0,1.124,-1.314,829.000,199.000,856.000,285.000,NaN,NaN,NaN,NaN,NaN,NaN,NaN
1601,10,8654.000,164.932,-64.485,0.658,-0.254,0.137,NaN,404,0,-0.000,-0.000,1131.000,196.000,1145.000,217.000,NaN,NaN,NaN,NaN,NaN,NaN,NaN
1602,213,8654.000,24.416,-4.043,0.005,0.001,0.616,0.634,404,0,1.181,0.618,828.000,199.000,856.000,286.000,24.430,-3.960,-1.150,0.680,0.690,1.510,-0.282
1603,10,8655.000,165.699,-64.777,0.661,-0.255,0.259,NaN,405,0,-0.000,-0.000,1131.000,196.000,1145.000,217.000,NaN,NaN,NaN,NaN,NaN,NaN,NaN
1604,213,8655.000,24.366,-4.007,-0.008,0.012,0.623,0.179,405,0,1.181,-0.685,828.000,199.000,856.000,287.000,24.310,-3.950,-1.150,0.860,0.510,1.700,2.599
1605,10,8656.000,166.615,-65.134,0.666,-0.259,0.272,NaN,406,0,-0.000,-0.000,1131.000,196.000,1145.000,217.000,NaN,NaN,NaN,NaN,NaN,NaN,NaN
1606,213,8656.000,24.359,-4.026,-0.006,0.001,0.654,NaN,406,0,1.698,-1.316,828.000,199.000,856.000,284.000,NaN,NaN,NaN,NaN,NaN,NaN,NaN
1607,10,8657.000,167.463,-65.464,0.669,-0.260,0.207,NaN,407,0,-0.000,-0.000,1131.000,196.000,1145.000,217.000,NaN,NaN,NaN,NaN,NaN,NaN,NaN
1608,213,8657.000,24.342,-4.011,-0.011,0.004,0.693,0.999,407,0,1.748,2.843,828.000,200.000,856.000,284.000,24.340,-3.980,-1.160,0.730,0.630,1.570,-0.320
1609,10,8658.000,168.337,-65.803,0.671,-0.261,0.116,NaN,408,0,-0.000,-0.000,1131.000,196.000,1145.000,217.000,NaN,NaN,NaN,NaN,NaN,NaN,NaN
1610,213,8658.000,24.336,-3.987,-0.011,0.010,0.696,0.810,408,0,1.892,1.623,829.000,200.000,856.000,284.000,24.360,-3.950,-1.160,0.740,0.670,1.660,-0.589
1611,10,8659.000,169.202,-66.137,0.675,-0.261,0.061,NaN,409,0,-0.000,-0.000,1131.000,196.000,1145.000,217.000,NaN,NaN,NaN,NaN,NaN,NaN,NaN
1612,213,8659.000,24.326,-4.021,-0.011,-0.002,0.727,NaN,409,0,2.756,-1.318,829.000,200.000,856.000,283.000,NaN,NaN,NaN,NaN,NaN,NaN,NaN
1613,10,8660.000,170.024,-66.454,0.676,-0.262,0.066,NaN,410,0,-0.000,-0.000,1131.000,196.000,1145.000,218.000,NaN,NaN,NaN,NaN,NaN,NaN,NaN
1614,213,8660.000,24.359,-4.008,0.001,0.007,0.720,0.835,410,0,2.207,1.766,829.000,200.000,856.000,283.000,24.390,-3.980,-1.220,0.710,0.710,1.700,-0.446
1615,10,8661.000,170.789,-66.769,0.675,-0.266,0.040,NaN,411,0,-0.000,-0.000,1132.000,196.000,1145.000,216.000,NaN,NaN,NaN,NaN,NaN,NaN,NaN
1616,213,8661.000,24.356,-3.994,0.001,0.009,0.753,0.967,411,0,2.563,2.843,829.000,199.000,856.000,284.000,24.350,-3.990,-1.160,0.730,0.660,1.760,-0.352
1617,10,8662.000,171.466,-67.035,0.675,-0.266,NaN,NaN,412,0,-0.000,-0.000,NaN,NaN,NaN,NaN,NaN,NaN,NaN,NaN,NaN,NaN,NaN
1618,213,8662.000,24.342,-4.024,-0.001,-0.003,0.711,NaN,412,0,2.462,-1.318,829.000,199.000,856.000,294.000,NaN,NaN,NaN,NaN,NaN,NaN,NaN
1619,10,8663.000,172.141,-67.301,0.674,-0.266,NaN,NaN,413,0,-0.000,-0.000,NaN,NaN,NaN,NaN,NaN,NaN,NaN,NaN,NaN,NaN,NaN
1620,213,8663.000,24.313,-4.007,-0.006,0.002,0.695,0.079,413,0,1.892,-1.024,829.000,199.000,856.000,293.000,24.310,-3.970,-1.210,0.830,0.540,1.730,2.559
1621,10,8664.000,172.819,-67.565,0.675,-0.265,NaN,NaN,414,0,-0.000,-0.000,NaN,NaN,NaN,NaN,NaN,NaN,NaN,NaN,NaN,NaN,NaN
1622,213,8664.000,24.315,-3.992,-0.003,0.006,0.685,0.172,414,0,1.748,-0.716,829.000,199.000,856.000,291.000,24.330,-3.970,-1.090,0.850,0.550,1.790,2.332
1623,10,8665.000,173.498,-67.832,0.678,-0.266,NaN,NaN,415,0,-0.000,-0.000,NaN,NaN,NaN,NaN,NaN,NaN,NaN,NaN,NaN,NaN,NaN
1624,213,8665.000,24.310,-4.020,-0.002,-0.003,0.674,NaN,415,0,1.916,-1.318,829.000,199.000,856.000,291.000,NaN,NaN,NaN,NaN,NaN,NaN,NaN
1625,10,8666.000,174.580,-68.218,0.690,-0.268,0.060,NaN,416,0,-0.000,-0.000,1132.000,197.000,1144.000,216.000,NaN,NaN,NaN,NaN,NaN,NaN,NaN
1626,213,8666.000,24.341,-4.011,0.006,0.001,0.650,0.996,416,0,1.362,2.843,829.000,199.000,856.000,290.000,24.380,-3.980,-1.120,0.670,0.690,1.730,-0.598
1627,10,8667.000,175.273,-68.490,0.690,-0.267,0.109,NaN,417,0,-0.000,-0.000,1131.000,196.000,1145.000,217.000,NaN,NaN,NaN,NaN,NaN,NaN,NaN
1628,213,8667.000,24.349,-3.988,0.006,0.008,0.644,0.124,417,0,1.295,-0.881,829.000,199.000,856.000,289.000,24.350,-3.940,-1.140,0.850,0.590,1.790,2.574
1629,10,8668.000,175.903,-68.732,0.691,-0.267,0.166,NaN,418,0,-0.000,-0.000,1131.000,196.000,1145.000,218.000,NaN,NaN,NaN,NaN,NaN,NaN,NaN
1630,213,8668.000,24.350,-4.025,0.004,-0.005,0.651,NaN,418,0,1.698,-1.318,829.000,199.000,856.000,287.000,NaN,NaN,NaN,NaN,NaN,NaN,NaN
1631,10,8669.000,176.493,-68.959,0.690,-0.266,0.198,NaN,419,0,-0.000,-0.000,1131.000,195.000,1145.000,217.000,NaN,NaN,NaN,NaN,NaN,NaN,NaN
1632,213,8669.000,24.362,-4.033,0.005,-0.006,0.735,0.164,419,0,2.350,-0.746,829.000,199.000,856.000,288.000,24.360,-4.020,-1.210,0.900,0.600,1.760,-0.388
1633,10,8670.000,177.076,-69.188,0.691,-0.266,0.195,NaN,420,0,-0.000,-0.000,1131.000,196.000,1145.000,217.000,NaN,NaN,NaN,NaN,NaN,NaN,NaN
1634,213,8670.000,24.366,-4.026,0.004,-0.002,0.699,0.676,420,0,1.892,0.813,829.000,199.000,856.000,288.000,24.370,-4.000,-1.140,0.770,0.620,1.690,-0.387
1635,10,8671.000,177.686,-69.427,0.693,-0.269,0.128,NaN,421,0,-0.000,-0.000,1131.000,195.000,1145.000,218.000,NaN,NaN,NaN,NaN,NaN,NaN,NaN
1636,213,8671.000,24.364,-4.051,0.003,-0.008,0.587,NaN,421,0,1.124,-1.314,829.000,199.000,856.000,289.000,NaN,NaN,NaN,NaN,NaN,NaN,NaN
1637,10,8672.000,178.329,-69.679,0.695,-0.269,0.150,NaN,422,0,-0.000,-0.000,1131.000,195.000,1145.000,217.000,NaN,NaN,NaN,NaN,NaN,NaN,NaN
1638,213,8672.000,24.360,-4.025,-0.002,-0.000,0.647,0.802,422,0,1.362,1.550,829.000,199.000,856.000,288.000,24.360,-3.950,-1.180,0.670,0.870,1.560,-0.674
1639,10,8673.000,177.462,-69.338,0.679,-0.262,0.062,NaN,423,0,-0.000,-0.000,1131.000,196.000,1145.000,217.000,NaN,NaN,NaN,NaN,NaN,NaN,NaN
1640,213,8673.000,24.324,-3.998,-0.011,0.008,0.639,0.239,423,0,1.295,-0.515,829.000,199.000,856.000,288.000,24.300,-3.970,-1.150,0.670,0.610,1.710,-1.715
1641,10,8674.000,178.106,-69.589,0.681,-0.264,0.039,NaN,424,0,-0.000,-0.000,1131.000,196.000,1145.000,217.000,NaN,NaN,NaN,NaN,NaN,NaN,NaN
1642,213,8674.000,24.311,-4.029,-0.012,-0.002,0.626,NaN,424,0,1.492,-1.316,829.000,200.000,856.000,289.000,NaN,NaN,NaN,NaN,NaN,NaN,NaN
1643,10,8675.000,178.760,-69.842,0.682,-0.265,0.054,NaN,425,0,-0.000,-0.000,1131.000,196.000,1145.000,217.000,NaN,NaN,NaN,NaN,NaN,NaN,NaN
1644,213,8675.000,24.303,-4.045,-0.012,-0.007,0.576,NaN,425,0,1.046,-1.314,829.000,200.000,856.000,286.000,NaN,NaN,NaN,NaN,NaN,NaN,NaN
1645,10,8676.000,179.395,-70.089,0.683,-0.266,0.047,NaN,426,0,-0.000,-0.000,1131.000,197.000,1145.000,217.000,NaN,NaN,NaN,NaN,NaN,NaN,NaN
1646,213,8676.000,24.320,-4.033,-0.008,-0.003,0.637,0.215,426,0,1.295,-0.607,829.000,200.000,856.000,287.000,24.330,-3.980,-1.160,0.660,0.480,1.750,2.297
1647,10,8677.000,180.058,-70.346,0.683,-0.267,0.116,NaN,427,0,-0.000,-0.000,1131.000,196.000,1145.000,217.000,NaN,NaN,NaN,NaN,NaN,NaN,NaN
1648,213,8677.000,24.319,-4.049,-0.007,-0.007,0.626,NaN,427,0,1.492,-1.313,829.000,199.000,856.000,287.000,NaN,NaN,NaN,NaN,NaN,NaN,NaN
1649,10,8678.000,180.767,-70.625,0.683,-0.266,0.138,NaN,428,0,-0.000,-0.000,1131.000,197.000,1145.000,217.000,NaN,NaN,NaN,NaN,NaN,NaN,NaN
1650,213,8678.000,24.322,-4.023,-0.006,0.001,0.651,0.903,428,0,1.362,2.843,829.000,199.000,856.000,288.000,24.340,-3.940,-1.190,0.770,0.790,1.750,-0.668
1651,10,8679.000,181.504,-70.912,0.684,-0.267,0.112,NaN,429,0,-0.000,-0.000,1131.000,197.000,1145.000,217.000,NaN,NaN,NaN,NaN,NaN,NaN,NaN
1652,213,8679.000,24.336,-3.986,-0.002,0.012,0.625,0.614,429,0,1.181,0.562,829.000,199.000,856.000,287.000,24.360,-3.930,-1.170,0.670,0.640,1.740,2.531
1653,10,8680.000,182.192,-71.182,0.683,-0.268,NaN,NaN,430,0,-0.000,-0.000,NaN,NaN,NaN,NaN,NaN,NaN,NaN,NaN,NaN,NaN,NaN
1654,213,8680.000,24.323,-4.019,-0.006,0.001,0.643,NaN,430,0,1.595,-1.318,829.000,199.000,856.000,287.000,NaN,NaN,NaN,NaN,NaN,NaN,NaN
1655,10,8681.000,182.870,-71.475,0.684,-0.272,0.042,NaN,431,0,-0.000,-0.000,1132.000,197.000,1145.000,216.000,NaN,NaN,NaN,NaN,NaN,NaN,NaN
1656,213,8681.000,24.322,-3.988,-0.005,0.009,0.665,0.480,431,0,1.438,0.126,829.000,200.000,856.000,285.000,24.330,-3.930,-1.180,0.700,0.570,1.690,-0.474
1657,10,8682.000,183.714,-71.828,0.685,-0.277,0.061,NaN,432,0,-0.000,-0.000,1132.000,197.000,1145.000,216.000,NaN,NaN,NaN,NaN,NaN,NaN,NaN
1658,213,8682.000,24.338,-3.991,0.001,0.003,0.689,0.099,432,0,1.748,-0.944,829.000,200.000,856.000,284.000,24.380,-4.020,-1.190,0.890,0.480,1.720,-1.115
1659,10,8683.000,184.504,-72.159,0.688,-0.280,0.099,NaN,433,0,-0.000,-0.000,1132.000,197.000,1145.000,216.000,NaN,NaN,NaN,NaN,NaN,NaN,NaN
1660,213,8683.000,24.324,-4.030,-0.003,-0.008,0.591,NaN,433,0,1.124,-1.318,830.000,199.000,856.000,282.000,NaN,NaN,NaN,NaN,NaN,NaN,NaN
1661,10,8684.000,185.308,-72.491,0.691,-0.284,0.082,NaN,434,0,-0.000,-0.000,1132.000,197.000,1145.000,217.000,NaN,NaN,NaN,NaN,NaN,NaN,NaN
1662,213,8684.000,24.320,-4.020,-0.002,-0.004,NaN,0.425,434,0,-2.893,-0.080,817.000,192.000,860.000,292.000,24.320,-3.970,-1.150,0.680,0.530,1.750,2.647
1663,10,8685.000,186.150,-72.856,0.692,-0.287,0.039,NaN,435,0,-0.000,-0.000,1133.000,197.000,1145.000,217.000,NaN,NaN,NaN,NaN,NaN,NaN,NaN
1664,213,8685.000,24.317,-4.013,-0.004,-0.000,0.007,0.903,435,0,-2.878,2.843,830.000,202.000,857.000,286.000,24.330,-3.990,-1.130,0.730,0.580,1.690,-0.600
1665,10,8686.000,187.029,-73.204,0.692,-0.287,0.032,NaN,436,0,-0.000,-0.000,1132.000,197.000,1145.000,217.000,NaN,NaN,NaN,NaN,NaN,NaN,NaN
1666,213,8686.000,24.313,-4.013,-0.004,0.000,NaN,NaN,436,0,-0.883,-1.314,NaN,NaN,NaN,NaN,NaN,NaN,NaN,NaN,NaN,NaN,NaN
1667,10,8687.000,187.940,-73.562,0.697,-0.287,0.078,NaN,437,0,-0.000,-0.000,1132.000,196.000,1145.000,217.000,NaN,NaN,NaN,NaN,NaN,NaN,NaN
1668,213,8687.000,24.338,-3.996,0.002,0.005,0.709,0.911,437,0,2.049,2.843,828.000,199.000,856.000,287.000,24.350,-3.990,-1.180,0.720,0.650,1.660,-0.459
1669,10,8688.000,189.004,-73.990,0.705,-0.286,0.037,NaN,438,0,-0.000,-0.000,1133.000,197.000,1145.000,217.000,NaN,NaN,NaN,NaN,NaN,NaN,NaN
1670,213,8688.000,24.331,-3.959,-0.001,0.010,0.047,0.001,438,0,-2.495,-1.451,829.000,198.000,856.000,283.000,24.340,-3.920,-1.210,0.900,0.430,1.780,2.436
1671,10,8689.000,189.851,-74.301,0.711,-0.282,0.035,NaN,439,0,-0.000,-0.000,1131.000,197.000,1145.000,217.000,NaN,NaN,NaN,NaN,NaN,NaN,NaN
1672,213,8689.000,24.330,-3.948,-0.001,0.011,NaN,NaN,439,0,-0.963,-1.320,NaN,NaN,NaN,NaN,NaN,NaN,NaN,NaN,NaN,NaN,NaN
1673,10,8690.000,190.560,-74.584,0.712,-0.283,NaN,NaN,440,0,-0.000,-0.000,NaN,NaN,NaN,NaN,NaN,NaN,NaN,NaN,NaN,NaN,NaN
1674,213,8690.000,24.336,-3.969,0.000,0.004,NaN,0.760,440,0,-2.907,1.324,811.000,199.000,867.000,286.000,24.340,-3.980,-1.160,0.670,0.820,1.510,-0.450
1675,10,8691.000,191.269,-74.867,0.713,-0.283,NaN,NaN,441,0,-0.000,-0.000,NaN,NaN,NaN,NaN,NaN,NaN,NaN,NaN,NaN,NaN,NaN
1676,213,8691.000,24.318,-3.971,-0.004,0.004,0.156,0.572,441,0,-1.497,0.437,829.000,200.000,856.000,287.000,24.300,-3.950,-1.180,0.390,0.440,1.610,2.619
1677,10,8692.000,191.981,-75.150,0.713,-0.284,NaN,NaN,442,0,-0.000,-0.000,NaN,NaN,NaN,NaN,NaN,NaN,NaN,NaN,NaN,NaN,NaN
1678,213,8692.000,24.325,-4.022,-0.005,-0.006,0.626,NaN,442,0,1.492,-1.319,829.000,199.000,856.000,286.000,NaN,NaN,NaN,NaN,NaN,NaN,NaN
1679,10,8693.000,192.691,-75.435,0.712,-0.284,NaN,NaN,443,0,-0.000,-0.000,NaN,NaN,NaN,NaN,NaN,NaN,NaN,NaN,NaN,NaN,NaN
1680,213,8693.000,24.340,-4.021,-0.002,-0.003,0.027,0.770,443,0,-2.768,1.369,826.000,193.000,856.000,284.000,24.380,-4.000,-1.220,0.700,0.650,1.780,-0.536
1681,10,8694.000,193.027,-75.504,0.708,-0.273,0.049,NaN,444,0,-0.000,-0.000,1131.000,197.000,1145.000,217.000,NaN,NaN,NaN,NaN,NaN,NaN,NaN
1682,213,8694.000,24.326,-3.992,-0.004,0.007,0.051,0.575,444,0,-2.488,0.437,828.000,197.000,855.000,282.000,24.340,-3.930,-1.240,0.900,0.490,1.790,2.323
1683,10,8695.000,193.620,-75.704,0.706,-0.269,0.188,NaN,445,0,-0.000,-0.000,1131.000,195.000,1145.000,217.000,NaN,NaN,NaN,NaN,NaN,NaN,NaN
1684,213,8695.000,24.320,-4.006,-0.006,0.001,0.290,NaN,445,0,-0.677,-1.318,825.000,197.000,856.000,286.000,NaN,NaN,NaN,NaN,NaN,NaN,NaN
1685,10,8696.000,194.474,-76.016,0.707,-0.267,0.163,NaN,446,0,-0.000,-0.000,1131.000,194.000,1145.000,217.000,NaN,NaN,NaN,NaN,NaN,NaN,NaN
1686,213,8696.000,24.327,-3.995,-0.003,0.003,0.250,0.996,446,0,-0.962,2.843,828.000,200.000,856.000,287.000,24.350,-3.970,-1.220,0.840,0.700,1.840,-0.741
1687,10,8697.000,195.048,-76.232,0.701,-0.263,0.156,NaN,447,0,-0.000,-0.000,1131.000,194.000,1145.000,217.000,NaN,NaN,NaN,NaN,NaN,NaN,NaN
1688,213,8697.000,24.324,-4.024,-0.004,-0.005,0.546,NaN,447,0,0.829,-1.318,829.000,200.000,856.000,281.000,NaN,NaN,NaN,NaN,NaN,NaN,NaN
1689,10,8698.000,196.169,-76.677,0.705,-0.267,0.104,NaN,448,0,-0.000,-0.000,1131.000,195.000,1146.000,218.000,NaN,NaN,NaN,NaN,NaN,NaN,NaN
1690,213,8698.000,24.349,-4.021,0.003,-0.002,0.602,0.387,448,0,1.061,-0.177,829.000,199.000,856.000,287.000,24.380,-3.990,-1.220,0.760,0.590,1.770,-0.579
1691,10,8699.000,197.304,-77.128,0.710,-0.269,0.062,NaN,449,0,-0.000,-0.000,1131.000,194.000,1146.000,218.000,NaN,NaN,NaN,NaN,NaN,NaN,NaN
1692,213,8699.000,24.378,-4.004,0.008,0.003,0.683,0.003,449,0,1.627,-1.447,829.000,199.000,856.000,288.000,24.420,-3.970,-1.160,0.670,0.460,1.770,-0.873
1693,10,8700.000,198.365,-77.550,0.712,-0.273,0.131,NaN,450,0,-0.000,-0.000,1131.000,194.000,1146.000,218.000,NaN,NaN,NaN,NaN,NaN,NaN,NaN
1694,213,8700.000,24.386,-4.040,0.009,-0.007,0.757,NaN,450,0,3.236,-1.318,829.000,199.000,856.000,289.000,NaN,NaN,NaN,NaN,NaN,NaN,NaN
1695,10,8701.000,199.364,-77.946,0.714,-0.275,0.164,NaN,451,0,-0.000,-0.000,1131.000,194.000,1146.000,218.000,NaN,NaN,NaN,NaN,NaN,NaN,NaN
1696,213,8701.000,24.397,-4.046,0.010,-0.006,NaN,NaN,451,0,-2.628,-1.314,NaN,NaN,NaN,NaN,NaN,NaN,NaN,NaN,NaN,NaN,NaN
1697,10,8702.000,200.331,-78.330,0.715,-0.278,0.139,NaN,452,0,-0.000,-0.000,1131.000,194.000,1146.000,218.000,NaN,NaN,NaN,NaN,NaN,NaN,NaN
1698,213,8702.000,24.355,-4.008,0.002,0.004,0.734,0.986,452,0,2.350,2.843,828.000,199.000,856.000,287.000,24.330,-3.950,-1.190,0.750,0.620,1.650,-0.318
1699,10,8703.000,201.275,-78.705,0.719,-0.280,0.177,NaN,453,0,-0.000,-0.000,1131.000,194.000,1146.000,222.000,NaN,NaN,NaN,NaN,NaN,NaN,NaN
1700,213,8703.000,24.363,-4.038,0.007,-0.002,0.773,NaN,453,0,3.422,-1.316,829.000,199.000,856.000,286.000,NaN,NaN,NaN,NaN,NaN,NaN,NaN
1701,10,8704.000,202.324,-79.186,0.717,-0.289,0.128,NaN,454,0,-0.000,-0.000,1133.000,193.000,1146.000,217.000,NaN,NaN,NaN,NaN,NaN,NaN,NaN
1702,213,8704.000,24.369,-4.023,0.006,0.003,0.768,0.991,454,0,2.738,2.843,829.000,199.000,856.000,287.000,24.360,-3.980,-1.170,0.670,0.630,1.610,-0.565
1703,10,8705.000,203.038,-79.477,0.717,-0.290,NaN,NaN,455,0,-0.000,-0.000,NaN,NaN,NaN,NaN,NaN,NaN,NaN,NaN,NaN,NaN,NaN
1704,213,8705.000,24.382,-4.001,0.008,0.009,0.745,0.047,455,0,2.563,-1.244,829.000,199.000,856.000,288.000,24.390,-3.970,-1.160,0.770,0.480,1.710,-0.422
1705,10,8706.000,202.016,-78.588,0.715,-0.217,0.029,NaN,456,0,-0.000,-0.000,1099.000,217.000,1128.000,249.000,NaN,NaN,NaN,NaN,NaN,NaN,NaN
1706,213,8706.000,24.394,-4.035,0.009,-0.004,0.767,NaN,456,0,3.422,-1.318,829.000,198.000,856.000,289.000,NaN,NaN,NaN,NaN,NaN,NaN,NaN
1707,10,8707.000,202.732,-78.801,0.715,-0.215,NaN,NaN,457,0,-0.000,-0.000,NaN,NaN,NaN,NaN,NaN,NaN,NaN,NaN,NaN,NaN,NaN
1708,213,8707.000,24.347,-4.013,-0.005,0.002,0.762,0.159,457,0,2.649,-0.746,829.000,199.000,856.000,284.000,24.310,-3.970,-1.150,0.830,0.500,1.700,2.492
1709,10,8708.000,203.449,-79.016,0.716,-0.215,NaN,NaN,458,0,-0.000,-0.000,NaN,NaN,NaN,NaN,NaN,NaN,NaN,NaN,NaN,NaN,NaN
1710,213,8708.000,24.328,-4.001,-0.006,0.005,0.761,0.939,458,0,2.649,2.843,829.000,199.000,856.000,288.000,24.320,-3.980,-1.190,0.690,0.720,1.820,-0.488
1711,10,8709.000,204.165,-79.231,0.716,-0.216,NaN,NaN,459,0,-0.000,-0.000,NaN,NaN,NaN,NaN,NaN,NaN,NaN,NaN,NaN,NaN,NaN
1712,213,8709.000,24.310,-4.029,-0.010,-0.004,0.802,NaN,459,0,4.010,-1.316,829.000,199.000,856.000,289.000,NaN,NaN,NaN,NaN,NaN,NaN,NaN
1713,10,8710.000,204.880,-79.448,0.716,-0.216,NaN,NaN,460,0,-0.000,-0.000,NaN,NaN,NaN,NaN,NaN,NaN,NaN,NaN,NaN,NaN,NaN
1714,213,8710.000,24.322,-4.012,-0.004,0.002,0.805,0.343,460,0,3.246,-0.277,829.000,199.000,856.000,289.000,24.350,-3.970,-1.160,0.840,0.670,1.780,-0.587
1715,10,8711.000,205.594,-79.663,0.716,-0.216,NaN,NaN,461,0,-0.000,-0.000,NaN,NaN,NaN,NaN,NaN,NaN,NaN,NaN,NaN,NaN,NaN
1716,213,8711.000,24.372,-4.006,0.009,0.004,0.809,0.708,461,0,3.246,1.025,829.000,199.000,856.000,289.000,24.430,-3.990,-1.230,0.760,0.610,1.710,-0.210
1717,10,8712.000,206.307,-79.878,0.714,-0.215,NaN,NaN,462,0,-0.000,-0.000,NaN,NaN,NaN,NaN,NaN,NaN,NaN,NaN,NaN,NaN,NaN
1718,213,8712.000,24.381,-4.039,0.008,-0.006,0.795,NaN,462,0,4.010,-1.316,829.000,199.000,856.000,289.000,NaN,NaN,NaN,NaN,NaN,NaN,NaN
1719,10,8713.000,207.020,-80.094,0.713,-0.216,NaN,NaN,463,0,-0.000,-0.000,NaN,NaN,NaN,NaN,NaN,NaN,NaN,NaN,NaN,NaN,NaN
1720,213,8713.000,24.392,-4.023,0.008,-0.001,0.797,0.967,463,0,3.099,2.843,829.000,199.000,856.000,289.000,24.400,-3.980,-1.140,0.740,0.700,1.620,-0.429
1721,10,8714.000,207.732,-80.310,0.713,-0.215,NaN,NaN,464,0,-0.000,-0.000,NaN,NaN,NaN,NaN,NaN,NaN,NaN,NaN,NaN,NaN,NaN
1722,213,8714.000,24.406,-4.014,0.007,0.003,0.757,0.477,464,0,2.649,0.126,829.000,199.000,856.000,289.000,24.420,-4.000,-1.150,0.750,0.820,1.620,-0.354
1723,10,8715.000,208.443,-80.527,0.711,-0.217,NaN,NaN,465,0,-0.000,-0.000,NaN,NaN,NaN,NaN,NaN,NaN,NaN,NaN,NaN,NaN,NaN
1724,213,8715.000,24.405,-4.046,0.003,-0.007,0.721,NaN,465,0,2.608,-1.316,829.000,199.000,856.000,289.000,NaN,NaN,NaN,NaN,NaN,NaN,NaN
1725,10,8716.000,209.157,-80.744,0.713,-0.216,NaN,NaN,466,0,-0.000,-0.000,NaN,NaN,NaN,NaN,NaN,NaN,NaN,NaN,NaN,NaN,NaN
1726,213,8716.000,24.405,-4.023,0.004,-0.001,0.666,0.936,466,0,1.525,2.843,829.000,199.000,856.000,288.000,24.410,-3.970,-1.150,0.720,0.810,1.570,-0.489
1727,10,8717.000,209.871,-80.958,0.712,-0.215,NaN,NaN,467,0,-0.000,-0.000,NaN,NaN,NaN,NaN,NaN,NaN,NaN,NaN,NaN,NaN,NaN
1728,213,8717.000,24.368,-4.016,-0.006,0.002,0.660,0.318,467,0,1.438,-0.323,829.000,200.000,856.000,288.000,24.320,-3.980,-1.250,0.720,0.550,1.740,-0.926
1729,10,8718.000,210.584,-81.174,0.712,-0.216,NaN,NaN,468,0,-0.000,-0.000,NaN,NaN,NaN,NaN,NaN,NaN,NaN,NaN,NaN,NaN,NaN
1730,213,8718.000,24.355,-4.046,-0.007,-0.006,0.673,NaN,468,0,1.916,-1.316,829.000,200.000,856.000,288.000,NaN,NaN,NaN,NaN,NaN,NaN,NaN
1731,10,8719.000,211.294,-81.389,0.711,-0.215,NaN,NaN,469,0,-0.000,-0.000,NaN,NaN,NaN,NaN,NaN,NaN,NaN,NaN,NaN,NaN,NaN
1732,213,8719.000,24.344,-4.024,-0.009,0.003,0.683,0.869,469,0,1.627,2.233,829.000,199.000,856.000,288.000,24.340,-3.960,-1.200,0.830,0.620,1.730,2.463
1733,10,8720.000,212.001,-81.605,0.710,-0.216,NaN,NaN,470,0,-0.000,-0.000,NaN,NaN,NaN,NaN,NaN,NaN,NaN,NaN,NaN,NaN,NaN
1734,213,8720.000,24.335,-4.005,-0.007,0.008,0.697,0.772,470,0,1.892,1.369,829.000,200.000,856.000,288.000,24.350,-3.980,-1.120,0.740,0.820,1.580,-0.369
1735,10,8721.000,212.710,-81.820,0.711,-0.215,NaN,NaN,471,0,-0.000,-0.000,NaN,NaN,NaN,NaN,NaN,NaN,NaN,NaN,NaN,NaN,NaN
1736,213,8721.000,24.320,-4.031,-0.009,-0.001,0.672,NaN,471,0,1.916,-1.316,829.000,199.000,856.000,289.000,NaN,NaN,NaN,NaN,NaN,NaN,NaN
1737,10,8722.000,213.421,-82.032,0.711,-0.214,NaN,NaN,472,0,-0.000,-0.000,NaN,NaN,NaN,NaN,NaN,NaN,NaN,NaN,NaN,NaN,NaN
1738,213,8722.000,24.351,-4.020,-0.000,0.002,0.716,0.840,472,0,2.207,1.841,829.000,199.000,856.000,295.000,24.390,-3.980,-1.090,0.860,0.590,1.720,-0.178
1739,10,8723.000,214.130,-82.246,0.710,-0.214,NaN,NaN,473,0,-0.000,-0.000,NaN,NaN,NaN,NaN,NaN,NaN,NaN,NaN,NaN,NaN,NaN
1740,213,8723.000,24.358,-4.008,0.003,0.004,0.738,0.140,473,0,2.467,-0.812,829.000,199.000,856.000,294.000,24.350,-3.990,-1.140,0.810,0.480,1.820,2.580
1741,10,8724.000,214.838,-82.460,0.711,-0.214,NaN,NaN,474,0,-0.000,-0.000,NaN,NaN,NaN,NaN,NaN,NaN,NaN,NaN,NaN,NaN,NaN
1742,213,8724.000,24.366,-4.036,0.003,-0.003,0.749,NaN,474,0,3.065,-1.316,829.000,199.000,856.000,294.000,NaN,NaN,NaN,NaN,NaN,NaN,NaN
1743,10,8725.000,216.882,-84.666,0.694,-0.297,0.066,NaN,475,0,-0.000,-0.000,1132.000,196.000,1145.000,221.000,NaN,NaN,NaN,NaN,NaN,NaN,NaN
1744,213,8725.000,24.369,-4.006,0.005,0.004,0.741,0.540,475,0,2.467,0.352,829.000,200.000,856.000,292.000,24.360,-3.940,-1.230,0.770,0.580,1.820,2.479
1745,10,8726.000,217.921,-85.161,0.691,-0.302,0.064,NaN,476,0,-0.000,-0.000,1132.000,196.000,1145.000,221.000,NaN,NaN,NaN,NaN,NaN,NaN,NaN
1746,213,8726.000,24.391,-3.994,0.007,0.007,0.735,0.276,476,0,2.350,-0.386,829.000,200.000,856.000,292.000,24.410,-3.980,-1.150,0.740,0.660,1.680,-0.280
1747,10,8727.000,218.499,-85.438,0.690,-0.303,0.032,NaN,477,0,-0.000,-0.000,1132.000,197.000,1145.000,221.000,NaN,NaN,NaN,NaN,NaN,NaN,NaN
1748,213,8727.000,24.391,-4.031,0.005,-0.006,0.711,NaN,477,0,2.462,-1.318,830.000,199.000,855.000,290.000,NaN,NaN,NaN,NaN,NaN,NaN,NaN
1749,10,8728.000,219.189,-85.742,0.689,-0.305,NaN,NaN,478,0,-0.000,-0.000,NaN,NaN,NaN,NaN,NaN,NaN,NaN,NaN,NaN,NaN,NaN
1750,213,8728.000,24.352,-4.007,-0.004,0.003,0.672,0.438,478,0,1.525,-0.045,829.000,199.000,855.000,291.000,24.340,-3.950,-1.220,0.970,0.470,1.780,2.412
1751,10,8729.000,219.877,-86.045,0.689,-0.304,NaN,NaN,479,0,-0.000,-0.000,NaN,NaN,NaN,NaN,NaN,NaN,NaN,NaN,NaN,NaN,NaN
1752,213,8729.000,24.338,-4.006,-0.007,0.002,0.697,0.009,479,0,1.892,-1.441,829.000,199.000,856.000,290.000,24.350,-4.010,-1.110,0.430,0.480,1.750,2.318
1753,10,8730.000,219.828,-86.019,0.688,-0.297,0.028,NaN,480,0,-0.000,-0.000,1132.000,196.000,1145.000,221.000,NaN,NaN,NaN,NaN,NaN,NaN,NaN
1754,213,8730.000,24.333,-4.036,-0.005,-0.008,0.721,NaN,480,0,2.608,-1.316,829.000,199.000,856.000,288.000,NaN,NaN,NaN,NaN,NaN,NaN,NaN
1755,10,8731.000,220.248,-86.187,0.682,-0.287,0.034,NaN,481,0,-0.000,-0.000,1132.000,196.000,1145.000,221.000,NaN,NaN,NaN,NaN,NaN,NaN,NaN
1756,213,8731.000,24.333,-4.024,-0.005,-0.003,0.690,0.582,481,0,1.748,0.466,829.000,199.000,855.000,288.000,24.350,-3.980,-1.220,0.850,0.580,1.770,-0.411
1757,10,8732.000,220.745,-86.376,0.683,-0.283,0.037,NaN,482,0,-0.000,-0.000,1132.000,197.000,1145.000,221.000,NaN,NaN,NaN,NaN,NaN,NaN,NaN
1758,213,8732.000,24.334,-4.014,-0.003,-0.000,0.707,0.411,482,0,2.049,-0.131,829.000,199.000,856.000,289.000,24.340,-3.960,-1.130,1.000,0.490,1.680,2.400
1759,10,8733.000,221.428,-86.660,0.684,-0.283,NaN,NaN,483,0,-0.000,-0.000,NaN,NaN,NaN,NaN,NaN,NaN,NaN,NaN,NaN,NaN,NaN
1760,213,8733.000,24.321,-4.036,-0.005,-0.006,0.706,NaN,483,0,2.462,-1.316,829.000,199.000,856.000,289.000,NaN,NaN,NaN,NaN,NaN,NaN,NaN
1761,10,8734.000,222.109,-86.943,0.683,-0.283,NaN,NaN,484,0,-0.000,-0.000,NaN,NaN,NaN,NaN,NaN,NaN,NaN,NaN,NaN,NaN,NaN
1762,213,8734.000,24.340,-4.020,-0.000,0.001,0.391,0.906,484,0,-0.353,2.843,829.000,200.000,856.000,283.000,24.360,-3.970,-1.180,0.790,0.550,1.710,-0.579
1763,10,8735.000,222.791,-87.224,0.682,-0.282,NaN,NaN,485,0,-0.000,-0.000,NaN,NaN,NaN,NaN,NaN,NaN,NaN,NaN,NaN,NaN,NaN
1764,213,8735.000,24.353,-3.991,0.001,0.010,0.399,0.142,485,0,-0.308,-0.812,829.000,199.000,856.000,283.000,24.370,-3.930,-1.070,0.700,0.660,1.760,2.662
1765,10,8736.000,223.473,-87.505,0.682,-0.282,NaN,NaN,486,0,-0.000,-0.000,NaN,NaN,NaN,NaN,NaN,NaN,NaN,NaN,NaN,NaN,NaN
1766,213,8736.000,24.348,-4.035,-0.000,-0.005,0.592,NaN,486,0,1.124,-1.318,830.000,199.000,856.000,288.000,NaN,NaN,NaN,NaN,NaN,NaN,NaN
1767,10,8737.000,224.154,-87.787,0.682,-0.281,NaN,NaN,487,0,-0.000,-0.000,NaN,NaN,NaN,NaN,NaN,NaN,NaN,NaN,NaN,NaN,NaN
1768,213,8737.000,24.331,-4.013,-0.005,0.002,0.676,0.264,487,0,1.627,-0.446,830.000,199.000,856.000,288.000,24.340,-3.960,-1.150,0.650,0.660,1.740,-0.446
1769,10,8738.000,224.836,-88.070,0.682,-0.282,NaN,NaN,488,0,-0.000,-0.000,NaN,NaN,NaN,NaN,NaN,NaN,NaN,NaN,NaN,NaN,NaN
1770,213,8738.000,24.325,-3.984,-0.004,0.011,0.694,0.023,488,0,1.748,-1.422,829.000,199.000,856.000,287.000,24.330,-3.940,-1.130,0.860,0.570,1.730,2.383
1771,10,8739.000,225.517,-88.348,0.682,-0.279,NaN,NaN,489,0,-0.000,-0.000,NaN,NaN,NaN,NaN,NaN,NaN,NaN,NaN,NaN,NaN,NaN
1772,213,8739.000,24.316,-4.026,-0.005,-0.003,0.626,NaN,489,0,1.492,-1.318,830.000,199.000,856.000,285.000,NaN,NaN,NaN,NaN,NaN,NaN,NaN
1773,10,8740.000,226.199,-88.626,0.683,-0.278,NaN,NaN,490,0,-0.000,-0.000,NaN,NaN,NaN,NaN,NaN,NaN,NaN,NaN,NaN,NaN,NaN
1774,213,8740.000,24.307,-4.020,-0.005,0.000,NaN,0.065,490,0,-2.893,-1.084,812.000,191.000,866.000,294.000,24.310,-3.970,-1.160,0.740,0.630,1.810,-0.705
1775,10,8741.000,226.880,-88.902,0.683,-0.277,NaN,NaN,491,0,-0.000,-0.000,NaN,NaN,NaN,NaN,NaN,NaN,NaN,NaN,NaN,NaN,NaN
1776,213,8741.000,24.328,-4.022,-0.001,0.001,0.087,0.159,491,0,-1.955,-0.746,829.000,200.000,856.000,288.000,24.370,-4.000,-1.200,0.850,0.720,1.790,-0.727
1777,10,8742.000,227.560,-89.177,0.683,-0.276,NaN,NaN,492,0,-0.000,-0.000,NaN,NaN,NaN,NaN,NaN,NaN,NaN,NaN,NaN,NaN,NaN
1778,213,8742.000,24.327,-4.021,-0.000,0.002,NaN,NaN,492,0,-0.924,-1.314,NaN,NaN,NaN,NaN,NaN,NaN,NaN,NaN,NaN,NaN,NaN
1779,10,8743.000,228.241,-89.452,0.683,-0.276,NaN,NaN,493,0,-0.000,-0.000,NaN,NaN,NaN,NaN,NaN,NaN,NaN,NaN,NaN,NaN,NaN
1780,213,8743.000,24.334,-4.015,0.003,0.004,0.022,0.939,493,0,-2.840,2.843,829.000,203.000,856.000,281.000,24.360,-3.990,-1.160,0.780,0.720,1.710,-0.425
1781,10,8744.000,228.925,-89.727,0.684,-0.274,NaN,NaN,494,0,-0.000,-0.000,NaN,NaN,NaN,NaN,NaN,NaN,NaN,NaN,NaN,NaN,NaN
1782,213,8744.000,24.327,-4.004,0.001,0.008,NaN,0.450,494,0,-2.898,-0.005,817.000,191.000,858.000,295.000,24.330,-3.950,-1.170,0.910,0.490,1.830,2.762
1783,10,8745.000,229.609,-89.999,0.685,-0.273,NaN,NaN,495,0,-0.000,-0.000,NaN,NaN,NaN,NaN,NaN,NaN,NaN,NaN,NaN,NaN,NaN
1784,213,8745.000,24.330,-4.037,0.002,-0.000,0.350,NaN,495,0,-0.468,-1.316,830.000,200.000,856.000,282.000,NaN,NaN,NaN,NaN,NaN,NaN,NaN
1785,10,8746.000,230.293,-90.273,0.686,-0.274,NaN,NaN,496,0,-0.000,-0.000,NaN,NaN,NaN,NaN,NaN,NaN,NaN,NaN,NaN,NaN,NaN
1786,213,8746.000,24.343,-4.019,0.006,0.005,0.697,0.608,496,0,1.892,0.562,829.000,198.000,856.000,285.000,24.370,-3.970,-1.140,0.820,0.630,1.710,2.610
1787,10,8747.000,230.980,-90.547,0.686,-0.274,NaN,NaN,497,0,-0.000,-0.000,NaN,NaN,NaN,NaN,NaN,NaN,NaN,NaN,NaN,NaN,NaN
1788,213,8747.000,24.359,-4.015,0.009,0.003,0.301,0.324,497,0,-0.698,-0.323,830.000,199.000,855.000,284.000,24.350,-4.010,-1.160,0.800,0.660,1.680,-0.801
1789,10,8748.000,231.666,-90.821,0.685,-0.275,NaN,NaN,498,0,-0.000,-0.000,NaN,NaN,NaN,NaN,NaN,NaN,NaN,NaN,NaN,NaN,NaN
1790,213,8748.000,24.363,-4.039,0.008,-0.005,0.780,NaN,498,0,3.620,-1.316,829.000,199.000,856.000,284.000,NaN,NaN,NaN,NaN,NaN,NaN,NaN
1791,10,8749.000,234.072,-91.447,0.709,-0.261,0.035,NaN,499,0,-0.000,-0.000,1131.000,196.000,1144.000,221.000,NaN,NaN,NaN,NaN,NaN,NaN,NaN
1792,213,8749.000,24.388,-4.018,0.014,0.003,0.471,0.911,499,0,0.172,2.843,829.000,199.000,856.000,285.000,24.410,-3.950,-1.100,0.670,0.730,1.510,-0.625
1793,10,8750.000,235.447,-92.001,0.714,-0.264,0.030,NaN,500,0,-0.000,-0.000,1131.000,195.000,1145.000,221.000,NaN,NaN,NaN,NaN,NaN,NaN,NaN
1794,213,8750.000,24.366,-3.997,0.006,0.009,NaN,0.189,500,0,-2.898,-0.659,816.000,191.000,862.000,292.000,24.300,-3.970,-1.150,0.700,0.520,1.770,2.546
1795,10,8751.000,236.743,-92.474,0.722,-0.264,0.037,NaN,501,0,-0.000,-0.000,1131.000,197.000,1144.000,219.000,NaN,NaN,NaN,NaN,NaN,NaN,NaN
1796,213,8751.000,24.365,-4.028,0.005,-0.003,0.649,NaN,501,0,1.698,-1.318,829.000,198.000,856.000,288.000,NaN,NaN,NaN,NaN,NaN,NaN,NaN
1797,10,8752.000,237.930,-92.911,0.726,-0.265,0.067,NaN,502,0,-0.000,-0.000,1130.000,194.000,1145.000,219.000,NaN,NaN,NaN,NaN,NaN,NaN,NaN
1798,213,8752.000,24.363,-4.004,0.003,0.004,0.726,0.419,502,0,2.350,-0.107,829.000,199.000,856.000,287.000,24.360,-3.940,-1.180,0.590,0.480,1.850,2.395
1799,10,8753.000,238.685,-93.234,0.723,-0.270,0.136,NaN,503,0,-0.000,-0.000,1137.000,343.000,1279.000,699.000,NaN,NaN,NaN,NaN,NaN,NaN,NaN
1800,213,8753.000,24.372,-3.986,0.003,0.009,0.665,0.601,503,0,1.438,0.531,829.000,199.000,856.000,284.000,24.370,-3.950,-1.160,0.700,0.770,1.620,-0.653
1801,10,8754.000,239.411,-93.505,0.723,-0.272,NaN,NaN,504,0,-0.000,-0.000,NaN,NaN,NaN,NaN,NaN,NaN,NaN,NaN,NaN,NaN,NaN
1802,213,8754.000,24.371,-4.027,0.001,-0.005,0.673,NaN,504,0,1.916,-1.319,829.000,198.000,856.000,284.000,NaN,NaN,NaN,NaN,NaN,NaN,NaN
1803,10,8755.000,240.139,-93.776,0.724,-0.271,NaN,NaN,505,0,-0.000,-0.000,NaN,NaN,NaN,NaN,NaN,NaN,NaN,NaN,NaN,NaN,NaN
1804,213,8755.000,24.364,-4.049,-0.002,-0.011,0.531,NaN,505,0,0.663,-1.314,829.000,199.000,856.000,284.000,NaN,NaN,NaN,NaN,NaN,NaN,NaN
1805,10,8756.000,240.865,-94.046,0.725,-0.271,NaN,NaN,506,0,-0.000,-0.000,NaN,NaN,NaN,NaN,NaN,NaN,NaN,NaN,NaN,NaN,NaN
1806,213,8756.000,24.415,-4.036,0.013,-0.005,0.603,0.110,506,0,1.061,-0.909,829.000,199.000,856.000,284.000,24.450,-3.980,-1.140,0.720,0.890,1.580,-0.312
1807,10,8757.000,242.164,-94.545,0.729,-0.273,0.059,NaN,507,0,-0.000,-0.000,1130.000,194.000,1145.000,221.000,NaN,NaN,NaN,NaN,NaN,NaN,NaN
1808,213,8757.000,24.425,-4.063,0.013,-0.011,0.538,NaN,507,0,0.748,-1.314,829.000,198.000,856.000,283.000,NaN,NaN,NaN,NaN,NaN,NaN,NaN
1809,10,8758.000,242.661,-94.753,0.733,-0.278,0.060,NaN,508,0,-0.000,-0.000,1130.000,193.000,1145.000,221.000,NaN,NaN,NaN,NaN,NaN,NaN,NaN
1810,213,8758.000,24.432,-4.026,0.014,0.003,0.554,0.002,508,0,0.766,-1.445,829.000,199.000,856.000,284.000,24.430,-3.910,-1.130,0.670,0.580,1.700,0.210
1811,10,8759.000,243.397,-95.031,0.734,-0.278,NaN,NaN,509,0,-0.000,-0.000,NaN,NaN,NaN,NaN,NaN,NaN,NaN,NaN,NaN,NaN,NaN
1812,213,8759.000,24.448,-4.019,0.016,0.005,0.025,0.007,509,0,-2.772,-1.441,828.000,199.000,856.000,329.000,24.450,-4.000,-1.240,0.720,0.520,1.750,-0.558
1813,10,8760.000,244.133,-95.310,0.735,-0.278,NaN,NaN,510,0,-0.000,-0.000,NaN,NaN,NaN,NaN,NaN,NaN,NaN,NaN,NaN,NaN,NaN
1814,213,8760.000,24.464,-4.052,0.015,-0.007,0.053,NaN,510,0,-2.039,-1.316,830.000,201.000,855.000,283.000,NaN,NaN,NaN,NaN,NaN,NaN,NaN
1815,10,8761.000,244.868,-95.587,0.733,-0.278,NaN,NaN,511,0,-0.000,-0.000,NaN,NaN,NaN,NaN,NaN,NaN,NaN,NaN,NaN,NaN,NaN
1816,213,8761.000,24.417,-4.025,-0.000,0.004,0.029,0.244,511,0,-2.768,-0.515,829.000,196.000,858.000,320.000,24.380,-3.960,-1.210,0.720,0.590,1.700,-0.470
1817,10,8762.000,245.600,-95.866,0.733,-0.278,NaN,NaN,512,0,-0.000,-0.000,NaN,NaN,NaN,NaN,NaN,NaN,NaN,NaN,NaN,NaN,NaN
1818,213,8762.000,24.372,-4.017,-0.009,0.004,0.573,0.829,512,0,0.873,1.766,830.000,198.000,856.000,283.000,24.330,-4.000,-1.170,0.690,0.640,1.730,-0.537
1819,10,8763.000,244.712,-96.384,0.705,-0.356,0.039,NaN,513,0,-0.000,-0.000,1142.000,216.000,1169.000,238.000,NaN,NaN,NaN,NaN,NaN,NaN,NaN
1820,213,8763.000,24.352,-4.048,-0.011,-0.004,0.619,NaN,513,0,1.393,-1.316,830.000,198.000,856.000,281.000,NaN,NaN,NaN,NaN,NaN,NaN,NaN
1821,10,8764.000,245.415,-96.741,0.705,-0.357,NaN,NaN,514,0,-0.000,-0.000,NaN,NaN,NaN,NaN,NaN,NaN,NaN,NaN,NaN,NaN,NaN
1822,213,8764.000,24.360,-4.038,-0.006,-0.001,0.389,0.047,514,0,-0.353,-1.243,830.000,199.000,856.000,284.000,24.380,-3.990,-1.130,0.730,0.560,1.780,-0.533
1823,10,8765.000,246.121,-97.100,0.706,-0.357,NaN,NaN,515,0,-0.000,-0.000,NaN,NaN,NaN,NaN,NaN,NaN,NaN,NaN,NaN,NaN,NaN
1824,213,8765.000,24.368,-4.029,-0.003,0.003,0.646,0.861,515,0,1.362,2.059,829.000,197.000,856.000,283.000,24.400,-4.010,-1.140,0.690,0.820,1.640,-0.453
1825,10,8766.000,246.824,-97.457,0.706,-0.357,NaN,NaN,516,0,-0.000,-0.000,NaN,NaN,NaN,NaN,NaN,NaN,NaN,NaN,NaN,NaN,NaN
1826,213,8766.000,24.368,-4.049,-0.002,-0.004,0.430,NaN,516,0,-0.046,-1.314,829.000,200.000,856.000,284.000,NaN,NaN,NaN,NaN,NaN,NaN,NaN
1827,10,8767.000,247.525,-97.815,0.704,-0.357,NaN,NaN,517,0,-0.000,-0.000,NaN,NaN,NaN,NaN,NaN,NaN,NaN,NaN,NaN,NaN,NaN
1828,213,8767.000,24.375,-4.038,-0.000,0.001,0.673,0.400,517,0,1.525,-0.154,829.000,199.000,856.000,286.000,24.390,-4.000,-1.150,0.700,0.890,1.650,-0.618
1829,10,8768.000,248.230,-98.174,0.705,-0.358,NaN,NaN,518,0,-0.000,-0.000,NaN,NaN,NaN,NaN,NaN,NaN,NaN,NaN,NaN,NaN,NaN
1830,213,8768.000,24.378,-4.024,0.000,0.007,0.568,0.001,518,0,0.873,-1.447,829.000,198.000,856.000,286.000,24.390,-4.000,-1.100,0.520,0.610,1.790,2.602
1831,10,8769.000,249.879,-99.754,0.695,-0.423,0.108,NaN,519,0,-0.000,-0.000,1144.000,197.000,1158.000,218.000,NaN,NaN,NaN,NaN,NaN,NaN,NaN
1832,213,8769.000,24.372,-4.049,-0.002,-0.001,0.660,NaN,519,0,1.803,-1.314,829.000,199.000,856.000,283.000,NaN,NaN,NaN,NaN,NaN,NaN,NaN
1833,10,8770.000,255.539,-101.018,0.781,-0.387,0.080,NaN,520,0,-0.000,-0.000,1130.000,194.000,1144.000,218.000,NaN,NaN,NaN,NaN,NaN,NaN,NaN
1834,213,8770.000,24.338,-4.039,-0.008,0.002,0.287,0.017,520,0,-0.727,-1.418,830.000,200.000,855.000,289.000,24.330,-4.010,-1.130,0.980,0.570,1.810,2.791
1835,10,8771.000,257.586,-101.614,0.816,-0.387,0.083,NaN,521,0,-0.000,-0.000,1130.000,194.000,1144.000,218.000,NaN,NaN,NaN,NaN,NaN,NaN,NaN
1836,213,8771.000,24.358,-4.011,-0.002,0.007,0.080,0.963,521,0,-2.046,2.843,829.000,199.000,856.000,291.000,24.410,-3.970,-1.110,0.740,0.810,1.530,-0.684
1837,10,8772.000,258.143,-101.780,0.851,-0.389,0.045,NaN,522,0,-0.000,-0.000,1130.000,195.000,1144.000,218.000,NaN,NaN,NaN,NaN,NaN,NaN,NaN
1838,213,8772.000,24.355,-4.003,-0.004,0.008,NaN,NaN,522,0,-2.529,-1.316,NaN,NaN,NaN,NaN,NaN,NaN,NaN,NaN,NaN,NaN,NaN
1839,10,8773.000,259.315,-102.197,0.881,-0.390,0.042,NaN,523,0,-0.000,-0.000,1131.000,196.000,1144.000,217.000,NaN,NaN,NaN,NaN,NaN,NaN,NaN
1840,213,8773.000,24.349,-3.971,-0.002,0.015,0.192,0.946,523,0,-1.317,2.843,830.000,198.000,857.000,288.000,24.350,-3.950,-1.190,0.700,0.700,1.700,-0.369
1841,10,8774.000,260.469,-102.616,0.897,-0.386,0.077,NaN,524,0,-0.000,-0.000,1131.000,196.000,1144.000,217.000,NaN,NaN,NaN,NaN,NaN,NaN,NaN
1842,213,8774.000,24.354,-3.965,-0.002,0.012,0.492,0.981,524,0,0.323,2.843,830.000,200.000,857.000,289.000,24.350,-3.980,-1.140,0.730,0.520,1.710,-0.385
1843,10,8775.000,261.515,-102.950,0.903,-0.371,0.042,NaN,525,0,-0.000,-0.000,1131.000,196.000,1143.000,218.000,NaN,NaN,NaN,NaN,NaN,NaN,NaN
1844,213,8775.000,24.342,-4.017,-0.006,-0.002,0.074,NaN,525,0,-1.812,-1.319,830.000,203.000,854.000,286.000,NaN,NaN,NaN,NaN,NaN,NaN,NaN
1845,10,8776.000,262.305,-103.183,0.904,-0.358,0.026,NaN,526,0,-0.000,-0.000,1131.000,197.000,1143.000,217.000,NaN,NaN,NaN,NaN,NaN,NaN,NaN
1846,213,8776.000,24.367,-4.009,-0.000,0.003,0.727,0.834,526,0,2.350,1.766,829.000,199.000,856.000,289.000,24.390,-3.980,-1.210,0.700,0.820,1.660,-0.301
1847,10,8777.000,263.246,-103.541,0.902,-0.358,NaN,NaN,527,0,-0.000,-0.000,NaN,NaN,NaN,NaN,NaN,NaN,NaN,NaN,NaN,NaN,NaN
1848,213,8777.000,24.351,-3.979,-0.002,0.011,0.719,0.257,527,0,2.207,-0.447,829.000,199.000,856.000,287.000,24.340,-3.950,-1.150,0.800,0.520,1.680,-0.613
1849,10,8778.000,263.998,-103.707,0.903,-0.337,0.027,NaN,528,0,-0.000,-0.000,1131.000,197.000,1143.000,217.000,NaN,NaN,NaN,NaN,NaN,NaN,NaN
1850,213,8778.000,24.351,-4.011,-0.002,-0.000,0.259,NaN,528,0,-0.814,-1.319,829.000,200.000,855.000,286.000,NaN,NaN,NaN,NaN,NaN,NaN,NaN
1851,10,8779.000,264.648,-103.856,0.902,-0.323,0.104,NaN,529,0,-0.000,-0.000,1130.000,196.000,1144.000,219.000,NaN,NaN,NaN,NaN,NaN,NaN,NaN
1852,213,8779.000,24.367,-4.002,0.005,0.002,NaN,0.952,529,0,-2.898,2.843,811.000,199.000,867.000,287.000,24.380,-3.980,-1.170,0.680,0.830,1.540,-0.394
1853,10,8780.000,265.652,-104.134,0.907,-0.313,0.078,NaN,530,0,-0.000,-0.000,1130.000,196.000,1144.000,219.000,NaN,NaN,NaN,NaN,NaN,NaN,NaN
1854,213,8780.000,24.373,-4.005,0.005,-0.002,0.016,0.865,530,0,-2.848,2.059,828.000,198.000,857.000,278.000,24.370,-4.010,-1.260,0.760,0.600,1.780,-0.347
1855,10,8781.000,266.674,-104.416,0.911,-0.305,0.063,NaN,531,0,-0.000,-0.000,1130.000,197.000,1144.000,219.000,NaN,NaN,NaN,NaN,NaN,NaN,NaN
1856,213,8781.000,24.368,-4.045,0.002,-0.013,0.461,NaN,531,0,0.166,-1.316,830.000,199.000,856.000,288.000,NaN,NaN,NaN,NaN,NaN,NaN,NaN
1857,10,8782.000,267.623,-104.722,0.910,-0.307,NaN,NaN,532,0,-0.000,-0.000,NaN,NaN,NaN,NaN,NaN,NaN,NaN,NaN,NaN,NaN,NaN
1858,213,8782.000,24.363,-4.026,0.001,-0.003,0.549,0.361,532,0,0.766,-0.235,829.000,199.000,856.000,289.000,24.350,-3.920,-1.170,0.890,0.490,1.700,2.450
1859,10,8783.000,268.622,-104.967,0.916,-0.296,0.030,NaN,533,0,-0.000,-0.000,1130.000,197.000,1143.000,219.000,NaN,NaN,NaN,NaN,NaN,NaN,NaN
1860,213,8783.000,24.369,-4.001,0.002,0.006,0.695,0.085,533,0,1.892,-0.977,829.000,199.000,856.000,289.000,24.360,-3.940,-1.180,0.870,0.640,1.860,2.579
1861,10,8784.000,269.344,-105.115,0.913,-0.287,0.178,NaN,534,0,-0.000,-0.000,1130.000,196.000,1143.000,219.000,NaN,NaN,NaN,NaN,NaN,NaN,NaN
1862,213,8784.000,24.369,-4.033,0.002,-0.004,0.584,NaN,534,0,1.046,-1.318,829.000,201.000,856.000,289.000,NaN,NaN,NaN,NaN,NaN,NaN,NaN
1863,10,8785.000,270.377,-105.422,0.914,-0.285,0.129,NaN,535,0,-0.000,-0.000,1130.000,196.000,1143.000,219.000,NaN,NaN,NaN,NaN,NaN,NaN,NaN
1864,213,8785.000,24.352,-4.004,-0.004,0.006,0.647,0.071,535,0,1.362,-1.084,829.000,200.000,856.000,289.000,24.330,-3.910,-1.220,0.710,0.490,1.750,2.352
1865,10,8786.000,271.483,-105.798,0.914,-0.292,0.126,NaN,536,0,-0.000,-0.000,1130.000,195.000,1144.000,219.000,NaN,NaN,NaN,NaN,NaN,NaN,NaN
1866,213,8786.000,24.333,-3.997,-0.008,0.007,0.632,0.999,536,0,1.236,2.843,829.000,200.000,856.000,289.000,24.320,-3.990,-1.180,0.700,0.680,1.640,-0.408
1867,10,8787.000,272.550,-106.173,0.914,-0.298,0.101,NaN,537,0,-0.000,-0.000,1130.000,195.000,1144.000,219.000,NaN,NaN,NaN,NaN,NaN,NaN,NaN
1868,213,8787.000,24.310,-4.029,-0.010,-0.001,0.707,NaN,537,0,2.462,-1.318,829.000,200.000,856.000,289.000,NaN,NaN,NaN,NaN,NaN,NaN,NaN
1869,10,8788.000,273.595,-106.559,0.917,-0.304,0.079,NaN,538,0,-0.000,-0.000,1131.000,195.000,1143.000,217.000,NaN,NaN,NaN,NaN,NaN,NaN,NaN
1870,213,8788.000,24.365,-4.020,0.005,0.003,0.473,0.441,538,0,0.172,-0.045,829.000,199.000,856.000,286.000,24.430,-3.980,-1.180,0.640,0.560,1.730,-0.477
1871,10,8789.000,274.564,-106.926,0.918,-0.312,0.090,NaN,539,0,-0.000,-0.000,1131.000,195.000,1143.000,217.000,NaN,NaN,NaN,NaN,NaN,NaN,NaN
1872,213,8789.000,24.371,-4.028,0.005,0.001,0.371,0.620,539,0,-0.437,0.591,829.000,199.000,856.000,286.000,24.370,-4.030,-1.190,0.700,0.720,1.600,-0.779
1873,10,8790.000,275.485,-107.273,0.916,-0.319,0.100,NaN,540,0,-0.000,-0.000,1130.000,196.000,1144.000,218.000,NaN,NaN,NaN,NaN,NaN,NaN,NaN
1874,213,8790.000,24.373,-4.057,0.007,-0.006,0.373,NaN,540,0,-0.365,-1.314,829.000,199.000,856.000,290.000,NaN,NaN,NaN,NaN,NaN,NaN,NaN
1875,10,8791.000,276.394,-107.603,0.915,-0.322,0.294,NaN,541,0,-0.000,-0.000,1129.000,195.000,1144.000,218.000,NaN,NaN,NaN,NaN,NaN,NaN,NaN
1876,213,8791.000,24.347,-4.039,-0.001,0.001,0.594,0.648,541,0,0.995,0.681,829.000,200.000,856.000,287.000,24.320,-3.970,-1.190,0.940,0.500,1.780,2.071
1877,10,8792.000,277.341,-107.989,0.911,-0.327,0.271,NaN,542,0,-0.000,-0.000,1130.000,195.000,1144.000,214.000,NaN,NaN,NaN,NaN,NaN,NaN,NaN
1878,213,8792.000,24.345,-4.052,-0.002,-0.004,0.561,NaN,542,0,0.903,-1.313,829.000,200.000,856.000,284.000,NaN,NaN,NaN,NaN,NaN,NaN,NaN
1879,10,8793.000,278.233,-108.347,0.911,-0.334,0.248,NaN,543,0,-0.000,-0.000,1130.000,195.000,1144.000,212.000,NaN,NaN,NaN,NaN,NaN,NaN,NaN
1880,213,8793.000,24.342,-4.058,-0.003,-0.004,0.657,NaN,543,0,1.803,-1.313,829.000,199.000,856.000,284.000,NaN,NaN,NaN,NaN,NaN,NaN,NaN
1881,10,8794.000,279.180,-108.731,0.912,-0.339,0.189,NaN,544,0,-0.000,-0.000,1130.000,195.000,1144.000,212.000,NaN,NaN,NaN,NaN,NaN,NaN,NaN
1882,213,8794.000,24.425,-4.054,0.016,0.001,0.055,0.128,544,0,-2.313,-0.845,830.000,199.000,856.000,287.000,24.460,-3.990,-1.210,0.700,0.490,1.880,-0.528
1883,10,8795.000,280.118,-109.074,0.913,-0.340,0.267,NaN,545,0,-0.000,-0.000,1129.000,195.000,1143.000,215.000,NaN,NaN,NaN,NaN,NaN,NaN,NaN
1884,213,8795.000,24.410,-4.024,0.010,0.010,0.280,0.893,545,0,-0.771,2.690,830.000,200.000,856.000,288.000,24.390,-3.960,-1.160,0.650,0.810,1.550,-0.657
1885,10,8796.000,281.101,-109.461,0.912,-0.345,0.248,NaN,546,0,-0.000,-0.000,1129.000,195.000,1144.000,218.000,NaN,NaN,NaN,NaN,NaN,NaN,NaN
1886,213,8796.000,24.421,-4.015,0.011,0.009,NaN,NaN,546,0,-2.632,-1.316,NaN,NaN,NaN,NaN,NaN,NaN,NaN,NaN,NaN,NaN,NaN
1887,10,8797.000,282.128,-109.872,0.910,-0.349,0.266,NaN,547,0,-0.000,-0.000,1130.000,196.000,1143.000,217.000,NaN,NaN,NaN,NaN,NaN,NaN,NaN
1888,213,8797.000,24.386,-3.982,0.002,0.016,0.007,0.954,547,0,-2.882,2.843,831.000,199.000,853.000,248.000,24.360,-3.960,-1.150,0.680,0.610,1.580,-0.229
1889,10,8798.000,283.179,-110.291,0.912,-0.351,0.284,NaN,548,0,-0.000,-0.000,1130.000,196.000,1143.000,219.000,NaN,NaN,NaN,NaN,NaN,NaN,NaN
1890,213,8798.000,24.387,-3.975,-0.001,0.014,0.332,0.976,548,0,-0.606,2.843,830.000,201.000,856.000,289.000,24.400,-3.990,-1.140,0.730,0.640,1.560,-0.458
1891,10,8799.000,284.245,-110.714,0.913,-0.353,0.225,NaN,549,0,-0.000,-0.000,1130.000,196.000,1143.000,218.000,NaN,NaN,NaN,NaN,NaN,NaN,NaN
1892,213,8799.000,24.373,-4.016,-0.004,0.002,0.654,NaN,549,0,1.698,-1.319,829.000,200.000,856.000,290.000,NaN,NaN,NaN,NaN,NaN,NaN,NaN
1893,10,8800.000,285.368,-111.182,0.917,-0.357,0.204,NaN,550,0,-0.000,-0.000,1131.000,196.000,1143.000,218.000,NaN,NaN,NaN,NaN,NaN,NaN,NaN
1894,213,8800.000,24.409,-3.998,0.003,0.006,0.670,0.960,550,0,1.525,2.843,829.000,199.000,856.000,290.000,24.460,-3.970,-1.180,0.700,0.680,1.730,-0.687
1895,10,8801.000,286.404,-111.640,0.918,-0.364,0.170,NaN,551,0,-0.000,-0.000,1131.000,196.000,1144.000,218.000,NaN,NaN,NaN,NaN,NaN,NaN,NaN
1896,213,8801.000,24.423,-3.987,0.004,0.008,0.638,0.445,551,0,1.295,-0.046,829.000,199.000,856.000,291.000,24.440,-3.990,-1.170,0.730,0.520,1.770,-0.437
1897,10,8802.000,287.369,-112.037,0.919,-0.368,0.160,NaN,552,0,-0.000,-0.000,1130.000,196.000,1144.000,219.000,NaN,NaN,NaN,NaN,NaN,NaN,NaN
1898,213,8802.000,24.415,-4.028,0.000,-0.001,0.705,NaN,552,0,2.315,-1.319,828.000,199.000,855.000,292.000,NaN,NaN,NaN,NaN,NaN,NaN,NaN
1899,10,8803.000,288.337,-112.438,0.920,-0.370,0.097,NaN,553,0,-0.000,-0.000,1131.000,196.000,1143.000,219.000,NaN,NaN,NaN,NaN,NaN,NaN,NaN
1900,213,8803.000,24.423,-4.005,0.004,0.005,0.579,0.966,553,0,0.931,2.843,828.000,200.000,855.000,284.000,24.450,-3.950,-1.160,0.820,0.660,1.730,-0.389
1901,10,8804.000,289.305,-112.860,0.921,-0.373,0.120,NaN,554,0,-0.000,-0.000,1131.000,196.000,1144.000,219.000,NaN,NaN,NaN,NaN,NaN,NaN,NaN
1902,213,8804.000,24.427,-4.003,0.003,0.005,0.531,0.922,554,0,0.633,2.843,826.000,199.000,856.000,286.000,24.440,-3.990,-1.160,0.750,0.610,1.710,-0.634
1903,10,8805.000,290.268,-113.270,0.921,-0.376,0.157,NaN,555,0,-0.000,-0.000,1131.000,196.000,1144.000,219.000,NaN,NaN,NaN,NaN,NaN,NaN,NaN
1904,213,8805.000,24.419,-4.034,0.002,-0.003,0.686,NaN,555,0,2.173,-1.318,828.000,200.000,856.000,290.000,NaN,NaN,NaN,NaN,NaN,NaN,NaN
1905,10,8806.000,291.219,-113.668,0.920,-0.377,0.170,NaN,556,0,-0.000,-0.000,1131.000,196.000,1144.000,218.000,NaN,NaN,NaN,NaN,NaN,NaN,NaN
1906,213,8806.000,24.433,-4.027,0.005,-0.000,0.683,0.012,556,0,1.627,-1.439,828.000,200.000,856.000,284.000,24.440,-3.980,-1.170,0.840,0.470,1.760,2.754
1907,10,8807.000,292.163,-114.060,0.921,-0.379,0.162,NaN,557,0,-0.000,-0.000,1131.000,195.000,1144.000,219.000,NaN,NaN,NaN,NaN,NaN,NaN,NaN
1908,213,8807.000,24.471,-4.028,0.012,0.002,0.695,0.349,557,0,1.628,-0.335,829.000,200.000,856.000,282.000,24.510,-4.010,-1.170,0.680,0.730,1.610,-0.436
1909,10,8808.000,293.183,-114.484,0.918,-0.381,0.219,NaN,558,0,-0.000,-0.000,1131.000,195.000,1144.000,219.000,NaN,NaN,NaN,NaN,NaN,NaN,NaN
1910,213,8808.000,24.469,-4.056,0.007,-0.006,0.707,NaN,558,0,2.280,-1.316,829.000,200.000,856.000,275.000,NaN,NaN,NaN,NaN,NaN,NaN,NaN
1911,10,8809.000,294.058,-114.845,0.916,-0.379,0.195,NaN,559,0,-0.000,-0.000,1131.000,196.000,1144.000,219.000,NaN,NaN,NaN,NaN,NaN,NaN,NaN
1912,213,8809.000,24.518,-4.048,0.016,-0.003,0.713,0.994,559,0,1.782,3.500,831.000,200.000,856.000,281.000,24.550,-4.020,-1.130,0.690,0.670,1.560,-0.700
1913,10,8810.000,294.909,-115.192,0.916,-0.376,0.215,NaN,560,0,-0.000,-0.000,1131.000,196.000,1144.000,219.000,NaN,NaN,NaN,NaN,NaN,NaN,NaN
1914,213,8810.000,24.559,-4.041,0.023,0.000,0.655,0.702,560,0,1.190,0.814,831.000,199.000,856.000,284.000,24.580,-4.040,-1.140,0.700,0.660,1.620,-0.303
1915,10,8811.000,295.743,-115.527,0.915,-0.374,0.146,NaN,561,0,-0.000,-0.000,1131.000,196.000,1144.000,218.000,NaN,NaN,NaN,NaN,NaN,NaN,NaN
1916,213,8811.000,24.570,-4.093,0.020,-0.014,0.689,NaN,561,0,2.173,-1.317,832.000,190.000,857.000,283.000,NaN,NaN,NaN,NaN,NaN,NaN,NaN
1917,10,8812.000,296.578,-115.855,0.913,-0.370,0.139,NaN,562,0,-0.000,-0.000,1131.000,196.000,1144.000,218.000,NaN,NaN,NaN,NaN,NaN,NaN,NaN
1918,213,8812.000,24.557,-4.088,0.014,-0.009,0.519,0.943,562,0,0.345,3.500,834.000,189.000,857.000,282.000,24.520,-4.050,-1.240,0.850,0.610,1.620,-0.893
1919,10,8813.000,297.425,-116.186,0.911,-0.366,0.174,NaN,563,0,-0.000,-0.000,1131.000,197.000,1144.000,219.000,NaN,NaN,NaN,NaN,NaN,NaN,NaN
1920,213,8813.000,24.575,-4.126,0.014,-0.020,0.281,NaN,563,0,-0.876,-1.313,834.000,204.000,855.000,280.000,NaN,NaN,NaN,NaN,NaN,NaN,NaN
1921,10,8814.000,298.287,-116.522,0.908,-0.363,0.147,NaN,564,0,-0.000,-0.000,1131.000,196.000,1144.000,219.000,NaN,NaN,NaN,NaN,NaN,NaN,NaN
1922,213,8814.000,24.576,-4.144,0.011,-0.020,0.025,0.365,564,0,-2.862,-0.315,836.000,189.000,868.000,268.000,24.570,-4.120,-1.120,1.030,0.480,1.810,2.347
1923,10,8815.000,299.180,-116.825,0.910,-0.354,0.280,NaN,565,0,-0.000,-0.000,1129.000,195.000,1144.000,216.000,NaN,NaN,NaN,NaN,NaN,NaN,NaN
1924,213,8815.000,24.599,-4.193,0.013,-0.029,0.247,0.915,565,0,-1.101,3.500,840.000,197.000,869.000,282.000,24.610,-4.240,-1.160,0.720,0.750,1.570,-0.359
1925,10,8816.000,300.106,-117.225,0.906,-0.355,0.026,NaN,566,0,-0.000,-0.000,1132.000,196.000,1144.000,210.000,NaN,NaN,NaN,NaN,NaN,NaN,NaN
1926,213,8816.000,24.606,-4.244,0.010,-0.035,0.026,NaN,566,0,-2.024,-1.310,831.000,196.000,873.000,299.000,NaN,NaN,NaN,NaN,NaN,NaN,NaN
1927,10,8817.000,301.010,-117.579,0.905,-0.354,NaN,NaN,567,0,-0.000,-0.000,NaN,NaN,NaN,NaN,NaN,NaN,NaN,NaN,NaN,NaN,NaN
1928,213,8817.000,24.674,-4.274,0.019,-0.030,0.218,0.428,567,0,-1.293,-0.167,845.000,198.000,873.000,281.000,24.730,-4.280,-1.200,0.730,0.590,1.670,-0.376
1929,10,8818.000,301.917,-117.934,0.905,-0.354,NaN,NaN,568,0,-0.000,-0.000,NaN,NaN,NaN,NaN,NaN,NaN,NaN,NaN,NaN,NaN,NaN
1930,213,8818.000,24.670,-4.393,0.014,-0.056,0.069,NaN,568,0,-1.796,-1.308,847.000,198.000,874.000,280.000,NaN,NaN,NaN,NaN,NaN,NaN,NaN
1931,10,8819.000,302.823,-118.286,0.905,-0.353,NaN,NaN,569,0,-0.000,-0.000,NaN,NaN,NaN,NaN,NaN,NaN,NaN,NaN,NaN,NaN,NaN
1932,213,8819.000,24.690,-4.460,0.012,-0.059,0.201,NaN,569,0,-1.079,-1.299,847.000,199.000,875.000,282.000,NaN,NaN,NaN,NaN,NaN,NaN,NaN
1933,10,8820.000,303.730,-118.641,0.905,-0.354,NaN,NaN,570,0,-0.000,-0.000,NaN,NaN,NaN,NaN,NaN,NaN,NaN,NaN,NaN,NaN,NaN
1934,213,8820.000,24.653,-4.487,0.003,-0.052,0.699,0.957,570,0,1.628,3.500,846.000,198.000,878.000,281.000,24.650,-4.400,-1.190,0.750,0.610,1.640,-0.257
1935,10,8821.000,304.824,-119.008,0.908,-0.348,0.280,NaN,571,0,-0.000,-0.000,1130.000,196.000,1144.000,219.000,NaN,NaN,NaN,NaN,NaN,NaN,NaN
1936,213,8821.000,24.645,-4.505,0.001,-0.039,0.026,0.955,571,0,-2.820,3.500,846.000,199.000,880.000,274.000,24.640,-4.430,-1.240,0.700,0.630,1.590,-0.225
1937,10,8822.000,305.806,-119.310,0.911,-0.341,0.081,NaN,572,0,-0.000,-0.000,1130.000,196.000,1143.000,219.000,NaN,NaN,NaN,NaN,NaN,NaN,NaN
1938,213,8822.000,24.643,-4.594,-0.001,-0.053,0.576,NaN,572,0,0.862,-1.293,859.000,201.000,880.000,277.000,NaN,NaN,NaN,NaN,NaN,NaN,NaN
1939,10,8823.000,306.762,-119.635,0.914,-0.340,0.097,NaN,573,0,-0.000,-0.000,1130.000,196.000,1143.000,219.000,NaN,NaN,NaN,NaN,NaN,NaN,NaN
1940,213,8823.000,24.650,-4.650,0.002,-0.053,0.511,NaN,573,0,0.306,-1.306,860.000,202.000,883.000,272.000,NaN,NaN,NaN,NaN,NaN,NaN,NaN
1941,10,8824.000,307.696,-119.968,0.917,-0.338,0.046,NaN,574,0,-0.000,-0.000,1130.000,195.000,1143.000,218.000,NaN,NaN,NaN,NaN,NaN,NaN,NaN
1942,213,8824.000,24.652,-4.703,0.002,-0.053,NaN,NaN,574,0,-2.614,-1.307,NaN,NaN,NaN,NaN,NaN,NaN,NaN,NaN,NaN,NaN,NaN
1943,10,8825.000,308.645,-120.301,0.915,-0.332,0.048,NaN,575,0,-0.000,-0.000,1130.000,196.000,1143.000,218.000,NaN,NaN,NaN,NaN,NaN,NaN,NaN
1944,213,8825.000,24.673,-4.734,0.008,-0.049,0.041,NaN,575,0,-1.928,-1.306,859.000,202.000,890.000,311.000,NaN,NaN,NaN,NaN,NaN,NaN,NaN
1945,10,8826.000,309.460,-120.595,0.914,-0.331,0.038,NaN,576,0,-0.000,-0.000,1130.000,196.000,1143.000,217.000,NaN,NaN,NaN,NaN,NaN,NaN,NaN
1946,213,8826.000,24.683,-4.783,0.008,-0.048,0.122,NaN,576,0,-1.688,-1.306,862.000,194.000,895.000,269.000,NaN,NaN,NaN,NaN,NaN,NaN,NaN
1947,10,8827.000,310.286,-120.897,0.913,-0.329,0.034,NaN,577,0,-0.000,-0.000,1130.000,196.000,1143.000,216.000,NaN,NaN,NaN,NaN,NaN,NaN,NaN
1948,213,8827.000,24.636,-5.004,-0.009,-0.092,0.094,NaN,577,0,-1.859,-1.306,885.000,195.000,910.000,264.000,NaN,NaN,NaN,NaN,NaN,NaN,NaN
1949,10,8828.000,311.112,-121.202,0.913,-0.329,0.031,NaN,578,0,-0.000,-0.000,1130.000,196.000,1143.000,216.000,NaN,NaN,NaN,NaN,NaN,NaN,NaN
1950,213,8828.000,24.595,-5.133,-0.017,-0.103,0.052,NaN,578,0,-2.530,-1.317,888.000,196.000,912.000,247.000,NaN,NaN,NaN,NaN,NaN,NaN,NaN
1951,10,8829.000,312.020,-121.531,0.911,-0.330,NaN,NaN,579,0,-0.000,-0.000,NaN,NaN,NaN,NaN,NaN,NaN,NaN,NaN,NaN,NaN,NaN
1952,213,8829.000,24.991,-5.201,0.044,-0.082,0.463,0.932,579,0,-0.098,3.500,870.000,200.000,896.000,277.000,25.110,-4.840,-1.250,0.640,0.650,1.720,-0.390
1953,10,8830.000,312.837,-121.856,0.907,-0.334,0.029,NaN,580,0,-0.000,-0.000,1130.000,195.000,1143.000,217.000,NaN,NaN,NaN,NaN,NaN,NaN,NaN
1954,213,8830.000,25.137,-5.174,0.064,-0.047,0.752,0.035,580,0,2.266,-1.369,874.000,200.000,898.000,264.000,25.200,-4.900,-1.240,0.720,0.640,1.800,-0.022
1955,10,8831.000,313.740,-122.188,0.909,-0.333,NaN,NaN,581,0,-0.000,-0.000,NaN,NaN,NaN,NaN,NaN,NaN,NaN,NaN,NaN,NaN,NaN
1956,213,8831.000,25.235,-5.148,0.066,-0.026,0.714,NaN,581,0,2.280,-1.314,877.000,201.000,900.000,265.000,NaN,NaN,NaN,NaN,NaN,NaN,NaN
1957,10,8832.000,314.566,-122.525,0.906,-0.336,0.032,NaN,582,0,-0.000,-0.000,1130.000,195.000,1143.000,217.000,NaN,NaN,NaN,NaN,NaN,NaN,NaN
1958,213,8832.000,25.307,-5.151,0.065,-0.020,0.546,0.339,582,0,0.552,-0.359,876.000,202.000,904.000,281.000,25.320,-5.070,-1.270,0.720,0.600,1.660,-0.509
1959,10,8833.000,315.313,-122.934,0.903,-0.350,0.071,NaN,583,0,-0.000,-0.000,1132.000,197.000,1143.000,219.000,NaN,NaN,NaN,NaN,NaN,NaN,NaN
1960,213,8833.000,25.380,-5.165,0.067,-0.018,0.562,0.012,583,0,0.607,-1.492,884.000,201.000,908.000,266.000,25.400,-5.160,-1.130,0.730,0.580,1.820,-0.906
1961,10,8834.000,316.334,-123.375,0.905,-0.356,0.133,NaN,584,0,-0.000,-0.000,1132.000,197.000,1143.000,220.000,NaN,NaN,NaN,NaN,NaN,NaN,NaN
1962,213,8834.000,25.422,-5.269,0.062,-0.043,0.746,NaN,584,0,2.906,-1.318,887.000,201.000,912.000,271.000,NaN,NaN,NaN,NaN,NaN,NaN,NaN
1963,10,8835.000,317.373,-123.812,0.908,-0.359,0.163,NaN,585,0,-0.000,-0.000,1132.000,197.000,1143.000,220.000,NaN,NaN,NaN,NaN,NaN,NaN,NaN
1964,213,8835.000,25.483,-5.312,0.061,-0.043,NaN,NaN,585,0,-0.742,-1.311,NaN,NaN,NaN,NaN,NaN,NaN,NaN,NaN,NaN,NaN,NaN
1965,10,8836.000,318.412,-124.242,0.912,-0.362,0.093,NaN,586,0,-0.000,-0.000,1132.000,195.000,1143.000,219.000,NaN,NaN,NaN,NaN,NaN,NaN,NaN
1966,213,8836.000,25.569,-5.384,0.063,-0.052,0.092,0.005,586,0,-2.199,-1.541,894.000,200.000,917.000,284.000,25.590,-5.430,-1.320,0.570,0.550,1.840,-1.025
1967,10,8837.000,319.427,-124.664,0.915,-0.366,0.108,NaN,587,0,-0.000,-0.000,1132.000,196.000,1143.000,219.000,NaN,NaN,NaN,NaN,NaN,NaN,NaN
1968,213,8837.000,25.624,-5.455,0.060,-0.056,0.034,NaN,587,0,-2.766,-1.303,896.000,205.000,912.000,251.000,NaN,NaN,NaN,NaN,NaN,NaN,NaN
1969,10,8838.000,320.402,-125.065,0.916,-0.369,0.078,NaN,588,0,-0.000,-0.000,1131.000,194.000,1144.000,223.000,NaN,NaN,NaN,NaN,NaN,NaN,NaN
1970,213,8838.000,25.650,-5.498,0.054,-0.051,0.502,0.500,588,0,-0.010,-0.005,899.000,202.000,927.000,265.000,25.600,-5.480,-1.160,0.750,0.690,1.700,-0.698
1971,10,8839.000,321.316,-125.434,0.916,-0.369,NaN,NaN,589,0,-0.000,-0.000,NaN,NaN,NaN,NaN,NaN,NaN,NaN,NaN,NaN,NaN,NaN
1972,213,8839.000,25.713,-5.556,0.055,-0.054,0.663,0.848,589,0,0.944,1.725,898.000,203.000,931.000,271.000,25.700,-5.580,-1.200,0.930,0.510,1.730,2.495
1973,10,8840.000,322.312,-125.895,0.918,-0.377,0.080,NaN,590,0,-0.000,-0.000,1124.000,200.000,1172.000,233.000,NaN,NaN,NaN,NaN,NaN,NaN,NaN
1974,213,8840.000,25.752,-5.669,0.052,-0.072,0.639,NaN,590,0,1.407,-1.305,901.000,203.000,934.000,283.000,NaN,NaN,NaN,NaN,NaN,NaN,NaN
1975,10,8841.000,323.183,-126.196,0.918,-0.369,0.061,NaN,591,0,-0.000,-0.000,1131.000,195.000,1143.000,218.000,NaN,NaN,NaN,NaN,NaN,NaN,NaN
1976,213,8841.000,25.807,-5.761,0.051,-0.075,0.746,0.752,591,0,1.976,0.988,915.000,201.000,939.000,282.000,25.790,-5.800,-1.250,1.040,0.480,1.890,2.534
1977,10,8842.000,324.543,-126.699,0.924,-0.368,0.103,NaN,592,0,-0.000,-0.000,1131.000,197.000,1143.000,221.000,NaN,NaN,NaN,NaN,NaN,NaN,NaN
1978,213,8842.000,25.905,-5.901,0.061,-0.092,0.402,0.843,592,0,-0.658,1.590,918.000,199.000,943.000,276.000,25.930,-6.000,-1.210,0.860,0.720,1.770,-0.206
1979,10,8843.000,325.492,-127.042,0.925,-0.364,0.113,NaN,593,0,-0.000,-0.000,1131.000,196.000,1143.000,221.000,NaN,NaN,NaN,NaN,NaN,NaN,NaN
1980,213,8843.000,25.952,-6.065,0.059,-0.112,0.781,NaN,593,0,3.460,-1.324,921.000,199.000,946.000,279.000,NaN,NaN,NaN,NaN,NaN,NaN,NaN
1981,10,8844.000,326.457,-127.369,0.927,-0.359,0.082,NaN,594,0,-0.000,-0.000,1130.000,196.000,1143.000,221.000,NaN,NaN,NaN,NaN,NaN,NaN,NaN
1982,213,8844.000,26.004,-6.163,0.058,-0.109,0.743,0.869,594,0,1.893,2.113,925.000,200.000,952.000,287.000,26.010,-6.130,-1.210,1.000,0.530,1.960,2.333
1983,10,8845.000,327.436,-127.715,0.927,-0.356,0.128,NaN,595,0,-0.000,-0.000,1130.000,196.000,1143.000,220.000,NaN,NaN,NaN,NaN,NaN,NaN,NaN
1984,213,8845.000,26.075,-6.267,0.062,-0.109,0.709,0.977,595,0,1.516,4.938,926.000,201.000,960.000,286.000,26.090,-6.250,-1.140,0.900,0.620,1.850,2.257
1985,10,8846.000,328.446,-128.104,0.928,-0.356,0.096,NaN,596,0,-0.000,-0.000,1131.000,196.000,1143.000,220.000,NaN,NaN,NaN,NaN,NaN,NaN,NaN
1986,213,8846.000,26.132,-6.390,0.060,-0.114,0.687,NaN,596,0,2.173,-1.325,927.000,201.000,966.000,284.000,NaN,NaN,NaN,NaN,NaN,NaN,NaN
1987,10,8847.000,329.433,-128.487,0.929,-0.357,0.139,NaN,597,0,-0.000,-0.000,1131.000,196.000,1143.000,220.000,NaN,NaN,NaN,NaN,NaN,NaN,NaN
1988,213,8847.000,26.204,-6.480,0.064,-0.109,0.672,0.990,597,0,1.024,4.938,929.000,201.000,968.000,285.000,26.180,-6.440,-1.300,0.900,0.480,1.810,2.119
1989,10,8848.000,330.423,-128.870,0.931,-0.356,0.205,NaN,598,0,-0.000,-0.000,1131.000,196.000,1143.000,220.000,NaN,NaN,NaN,NaN,NaN,NaN,NaN
1990,213,8848.000,26.279,-6.598,0.066,-0.111,0.760,0.969,598,0,2.048,4.938,936.000,200.000,972.000,285.000,26.280,-6.590,-1.200,0.930,0.720,1.760,-0.838
1991,10,8849.000,331.420,-129.255,0.929,-0.355,0.128,NaN,599,0,-0.000,-0.000,1131.000,196.000,1143.000,220.000,NaN,NaN,NaN,NaN,NaN,NaN,NaN
1992,213,8849.000,26.346,-6.708,0.065,-0.111,0.791,NaN,599,0,3.821,-1.326,943.000,200.000,973.000,284.000,NaN,NaN,NaN,NaN,NaN,NaN,NaN
1993,10,8850.000,332.255,-129.566,0.931,-0.356,0.068,NaN,600,0,-0.000,-0.000,1130.000,195.000,1143.000,220.000,NaN,NaN,NaN,NaN,NaN,NaN,NaN
1994,213,8850.000,26.415,-6.787,0.062,-0.102,0.806,0.956,600,0,2.567,4.938,951.000,200.000,977.000,284.000,26.420,-6.720,-1.190,0.710,0.760,1.590,-0.845
1995,10,8851.000,333.177,-129.926,0.931,-0.357,NaN,NaN,601,0,-0.000,-0.000,NaN,NaN,NaN,NaN,NaN,NaN,NaN,NaN,NaN,NaN,NaN
1996,213,8851.000,26.496,-6.881,0.065,-0.099,0.783,0.964,601,0,1.904,6.369,953.000,199.000,983.000,285.000,26.520,-6.870,-1.220,1.020,0.720,1.930,2.276
1997,10,8852.000,334.103,-130.285,0.932,-0.358,NaN,NaN,602,0,-0.000,-0.000,NaN,NaN,NaN,NaN,NaN,NaN,NaN,NaN,NaN,NaN,NaN
1998,213,8852.000,26.568,-6.977,0.067,-0.098,0.774,NaN,602,0,3.422,-1.327,953.000,200.000,985.000,284.000,NaN,NaN,NaN,NaN,NaN,NaN,NaN
1999,10,8853.000,335.027,-130.645,0.931,-0.358,NaN,NaN,603,0,-0.000,-0.000,NaN,NaN,NaN,NaN,NaN,NaN,NaN,NaN,NaN,NaN,NaN
2000,213,8853.000,26.631,-7.048,0.065,-0.092,0.836,0.990,603,0,2.927,6.369,955.000,200.000,990.000,286.000,26.610,-6.970,-1.250,0.890,0.680,1.800,-0.842
2001,10,8854.000,335.945,-131.005,0.931,-0.357,NaN,NaN,604,0,-0.000,-0.000,NaN,NaN,NaN,NaN,NaN,NaN,NaN,NaN,NaN,NaN,NaN
2002,213,8854.000,26.714,-7.151,0.069,-0.094,0.801,0.760,604,0,2.108,0.883,961.000,200.000,994.000,284.000,26.730,-7.170,-1.180,0.720,0.640,1.730,-0.673
2003,10,8855.000,336.865,-131.365,0.930,-0.359,NaN,NaN,605,0,-0.000,-0.000,NaN,NaN,NaN,NaN,NaN,NaN,NaN,NaN,NaN,NaN,NaN
2004,213,8855.000,26.784,-7.255,0.070,-0.096,0.741,NaN,605,0,2.907,-1.327,966.000,199.000,995.000,283.000,NaN,NaN,NaN,NaN,NaN,NaN,NaN
2005,10,8856.000,337.786,-131.722,0.930,-0.358,NaN,NaN,606,0,-0.000,-0.000,NaN,NaN,NaN,NaN,NaN,NaN,NaN,NaN,NaN,NaN,NaN
2006,213,8856.000,26.842,-7.338,0.067,-0.095,0.782,0.981,606,0,1.904,6.369,974.000,199.000,1000.000,283.000,26.850,-7.340,-1.210,0.730,0.860,1.540,-0.647
2007,10,8857.000,338.709,-132.081,0.930,-0.358,NaN,NaN,607,0,-0.000,-0.000,NaN,NaN,NaN,NaN,NaN,NaN,NaN,NaN,NaN,NaN,NaN
2008,213,8857.000,26.886,-7.440,0.062,-0.097,0.740,0.930,607,0,1.619,6.369,980.000,198.000,1007.000,283.000,26.860,-7.450,-1.240,0.920,0.500,1.930,2.312
2009,10,8858.000,339.628,-132.439,0.930,-0.357,NaN,NaN,608,0,-0.000,-0.000,NaN,NaN,NaN,NaN,NaN,NaN,NaN,NaN,NaN,NaN,NaN
2010,213,8858.000,26.930,-7.588,0.057,-0.109,0.753,NaN,608,0,3.065,-1.327,981.000,199.000,1013.000,283.000,NaN,NaN,NaN,NaN,NaN,NaN,NaN
2011,10,8859.000,340.547,-132.796,0.931,-0.357,NaN,NaN,609,0,-0.000,-0.000,NaN,NaN,NaN,NaN,NaN,NaN,NaN,NaN,NaN,NaN,NaN
2012,213,8859.000,26.963,-7.680,0.052,-0.105,0.753,0.990,609,0,1.698,6.369,980.000,200.000,1018.000,283.000,26.950,-7.630,-1.250,0.900,0.520,1.840,2.173
2013,10,8860.000,341.467,-133.152,0.930,-0.356,NaN,NaN,610,0,-0.000,-0.000,NaN,NaN,NaN,NaN,NaN,NaN,NaN,NaN,NaN,NaN,NaN
2014,213,8860.000,27.011,-7.756,0.052,-0.099,0.796,0.976,610,0,2.108,6.369,983.000,200.000,1020.000,283.000,26.990,-7.690,-1.350,0.640,0.480,1.730,2.277
2015,10,8861.000,342.389,-133.506,0.931,-0.354,NaN,NaN,611,0,-0.000,-0.000,NaN,NaN,NaN,NaN,NaN,NaN,NaN,NaN,NaN,NaN,NaN
2016,213,8861.000,27.072,-7.852,0.054,-0.098,0.726,NaN,611,0,2.590,-1.327,988.000,200.000,1022.000,279.000,NaN,NaN,NaN,NaN,NaN,NaN,NaN
2017,10,8862.000,343.313,-133.859,0.932,-0.353,NaN,NaN,612,0,-0.000,-0.000,NaN,NaN,NaN,NaN,NaN,NaN,NaN,NaN,NaN,NaN,NaN
2018,213,8862.000,27.117,-7.941,0.050,-0.099,NaN,0.667,612,0,-3.249,0.390,979.000,199.000,1040.000,289.000,27.120,-7.910,-1.260,0.920,0.680,1.760,-0.986
2019,10,8863.000,344.241,-134.212,0.932,-0.353,NaN,NaN,613,0,-0.000,-0.000,NaN,NaN,NaN,NaN,NaN,NaN,NaN,NaN,NaN,NaN,NaN
2020,213,8863.000,27.190,-8.064,0.053,-0.103,NaN,0.601,613,0,-3.249,0.189,991.000,196.000,1044.000,276.000,27.230,-8.110,-1.100,0.830,0.740,1.570,-0.621
2021,10,8864.000,345.173,-134.562,0.932,-0.352,NaN,NaN,614,0,0.556,-0.000,NaN,NaN,NaN,NaN,NaN,NaN,NaN,NaN,NaN,NaN,NaN
2022,213,8864.000,27.243,-8.167,0.053,-0.103,NaN,NaN,614,0,-0.289,-1.327,NaN,NaN,NaN,NaN,NaN,NaN,NaN,NaN,NaN,NaN,NaN
2023,10,8865.000,346.108,-134.914,0.934,-0.352,NaN,NaN,615,0,2.128,-0.000,NaN,NaN,NaN,NaN,NaN,NaN,NaN,NaN,NaN,NaN,NaN
2024,213,8865.000,27.289,-8.235,0.054,-0.095,NaN,0.990,615,0,-3.249,6.369,995.000,196.000,1048.000,285.000,27.290,-8.210,-1.200,0.850,0.660,1.750,-0.759
2025,10,8866.000,347.042,-135.266,0.934,-0.352,NaN,NaN,616,0,2.906,-0.000,NaN,NaN,NaN,NaN,NaN,NaN,NaN,NaN,NaN,NaN,NaN
2026,213,8866.000,27.367,-8.332,0.058,-0.096,NaN,0.998,616,0,-3.249,6.369,999.000,202.000,1053.000,283.000,27.420,-8.350,-1.240,0.710,0.720,1.620,-0.959
2027,10,8867.000,348.425,-135.903,0.936,-0.364,0.026,NaN,617,0,-0.000,-0.000,1132.000,198.000,1143.000,217.000,NaN,NaN,NaN,NaN,NaN,NaN,NaN
2028,213,8867.000,27.427,-8.429,0.059,-0.097,NaN,NaN,617,0,3.261,-1.327,NaN,NaN,NaN,NaN,NaN,NaN,NaN,NaN,NaN,NaN,NaN
2029,10,8868.000,348.826,-136.087,0.923,-0.366,0.035,NaN,618,0,-0.000,-0.000,1132.000,198.000,1143.000,217.000,NaN,NaN,NaN,NaN,NaN,NaN,NaN
2030,213,8868.000,27.493,-8.496,0.061,-0.091,NaN,0.997,618,0,-3.380,7.239,1001.000,195.000,1060.000,290.000,27.500,-8.470,-1.240,0.940,0.670,1.880,-0.898
2031,10,8869.000,349.778,-136.495,0.926,-0.369,0.028,NaN,619,0,-0.000,-0.000,1132.000,198.000,1143.000,217.000,NaN,NaN,NaN,NaN,NaN,NaN,NaN
2032,213,8869.000,27.555,-8.586,0.062,-0.090,NaN,NaN,619,0,1.565,-0.509,NaN,NaN,NaN,NaN,NaN,NaN,NaN,NaN,NaN,NaN,NaN
2033,680,8869.000,28.500,-10.060,0.000,0.000,0.765,0.407,619,0,1.565,-0.509,1074.000,200.000,1099.000,277.000,28.500,-10.060,-1.240,0.770,0.490,1.830,2.327
2034,10,8870.000,350.692,-136.862,0.925,-0.369,NaN,NaN,620,0,-0.000,-0.000,NaN,NaN,NaN,NaN,NaN,NaN,NaN,NaN,NaN,NaN,NaN
2035,213,8870.000,27.617,-8.676,0.062,-0.090,NaN,NaN,620,0,-2.275,-1.327,NaN,NaN,NaN,NaN,NaN,NaN,NaN,NaN,NaN,NaN,NaN
2036,680,8870.000,28.475,-10.086,-0.003,-0.004,0.793,NaN,620,0,3.665,-1.327,1077.000,200.000,1103.000,270.000,NaN,NaN,NaN,NaN,NaN,NaN,NaN
2037,10,8871.000,351.515,-137.198,0.924,-0.370,0.028,NaN,621,0,-0.000,-0.000,1130.000,199.000,1145.000,219.000,NaN,NaN,NaN,NaN,NaN,NaN,NaN
2038,213,8871.000,27.680,-8.765,0.063,-0.089,NaN,NaN,621,0,-2.653,-1.327,NaN,NaN,NaN,NaN,NaN,NaN,NaN,NaN,NaN,NaN,NaN
2039,680,8871.000,28.573,-10.138,0.035,-0.018,0.718,0.931,621,0,0.897,5.442,1082.000,200.000,1104.000,272.000,28.640,-10.170,-1.260,0.880,0.690,1.730,-0.863
2040,10,8872.000,352.433,-137.563,0.925,-0.370,NaN,NaN,622,0,-0.000,-0.000,NaN,NaN,NaN,NaN,NaN,NaN,NaN,NaN,NaN,NaN,NaN
2041,213,8872.000,27.741,-8.854,0.062,-0.089,NaN,NaN,622,0,-0.933,-1.327,NaN,NaN,NaN,NaN,NaN,NaN,NaN,NaN,NaN,NaN,NaN
2042,680,8872.000,28.618,-10.201,0.042,-0.035,0.679,0.483,622,0,0.396,-0.374,1083.000,200.000,1108.000,272.000,28.630,-10.250,-1.320,1.000,0.520,1.780,2.453
2043,10,8873.000,353.348,-137.932,0.925,-0.371,NaN,NaN,623,0,-0.000,-0.000,NaN,NaN,NaN,NaN,NaN,NaN,NaN,NaN,NaN,NaN,NaN
2044,213,8873.000,27.802,-8.944,0.061,-0.090,NaN,NaN,623,0,-2.397,-1.327,NaN,NaN,NaN,NaN,NaN,NaN,NaN,NaN,NaN,NaN,NaN
2045,680,8873.000,28.637,-10.295,0.036,-0.051,0.636,NaN,623,0,1.407,-1.326,1086.000,201.000,1111.000,273.000,NaN,NaN,NaN,NaN,NaN,NaN,NaN
2046,10,8874.000,354.265,-138.307,0.926,-0.372,NaN,NaN,624,0,-0.000,-0.000,NaN,NaN,NaN,NaN,NaN,NaN,NaN,NaN,NaN,NaN,NaN
2047,213,8874.000,27.864,-9.034,0.062,-0.090,NaN,NaN,624,0,-0.592,-1.326,NaN,NaN,NaN,NaN,NaN,NaN,NaN,NaN,NaN,NaN,NaN
2048,680,8874.000,28.767,-10.402,0.061,-0.060,0.777,0.871,624,0,1.385,1.811,1089.000,201.000,1114.000,271.000,28.810,-10.480,-1.230,0.760,0.650,1.590,-0.648
2049,10,8875.000,355.204,-138.720,0.926,-0.376,0.035,NaN,625,0,-0.000,-0.000,1131.000,199.000,1145.000,220.000,NaN,NaN,NaN,NaN,NaN,NaN,NaN
2050,213,8875.000,27.927,-9.123,0.063,-0.089,NaN,NaN,625,0,-0.493,-1.325,NaN,NaN,NaN,NaN,NaN,NaN,NaN,NaN,NaN,NaN,NaN
2051,680,8875.000,28.902,-10.519,0.078,-0.073,0.757,0.011,625,0,1.256,-1.754,1092.000,200.000,1116.000,270.000,28.940,-10.610,-1.230,0.760,0.630,1.690,-0.441
2052,10,8876.000,356.162,-139.131,0.927,-0.378,0.029,NaN,626,0,-0.000,-0.000,1131.000,199.000,1145.000,218.000,NaN,NaN,NaN,NaN,NaN,NaN,NaN
2053,213,8876.000,27.989,-9.213,0.063,-0.090,NaN,NaN,626,0,-0.491,-1.321,NaN,NaN,NaN,NaN,NaN,NaN,NaN,NaN,NaN,NaN,NaN
2054,680,8876.000,28.976,-10.621,0.078,-0.080,0.768,NaN,626,0,3.261,-1.326,1094.000,199.000,1119.000,272.000,NaN,NaN,NaN,NaN,NaN,NaN,NaN
2055,10,8877.000,356.965,-139.420,0.928,-0.375,0.031,NaN,627,0,-0.000,-0.000,1131.000,199.000,1144.000,217.000,NaN,NaN,NaN,NaN,NaN,NaN,NaN
2056,213,8877.000,28.053,-9.304,0.063,-0.090,NaN,NaN,627,0,-0.301,-1.312,NaN,NaN,NaN,NaN,NaN,NaN,NaN,NaN,NaN,NaN,NaN
2057,680,8877.000,29.008,-10.705,0.068,-0.080,0.757,0.005,627,0,1.256,-1.759,1095.000,200.000,1122.000,272.000,28.950,-10.690,-1.220,0.570,0.590,1.880,0.399
2058,10,8878.000,358.210,-139.881,0.932,-0.372,0.039,NaN,628,0,-0.000,-0.000,1132.000,199.000,1143.000,217.000,NaN,NaN,NaN,NaN,NaN,NaN,NaN
2059,213,8878.000,28.117,-9.393,0.064,-0.089,NaN,NaN,628,0,-0.532,-1.296,NaN,NaN,NaN,NaN,NaN,NaN,NaN,NaN,NaN,NaN,NaN
2060,680,8878.000,29.116,-10.774,0.073,-0.079,0.793,0.005,628,0,1.466,-1.753,1095.000,200.000,1123.000,273.000,29.170,-10.730,-1.130,0.770,0.640,1.750,-0.748
2061,10,8879.000,359.427,-140.358,0.937,-0.375,0.042,NaN,629,0,-0.000,-0.000,1132.000,198.000,1143.000,218.000,NaN,NaN,NaN,NaN,NaN,NaN,NaN
2062,213,8879.000,28.180,-9.483,0.063,-0.089,NaN,NaN,629,0,-0.293,-1.279,NaN,NaN,NaN,NaN,NaN,NaN,NaN,NaN,NaN,NaN,NaN
2063,680,8879.000,29.195,-10.835,0.074,-0.073,0.811,NaN,629,0,4.053,-1.324,1095.000,201.000,1126.000,275.000,NaN,NaN,NaN,NaN,NaN,NaN,NaN
2064,10,8880.000,360.754,-140.873,0.942,-0.376,0.046,NaN,630,0,-0.000,-0.000,1132.000,198.000,1143.000,219.000,NaN,NaN,NaN,NaN,NaN,NaN,NaN
2065,213,8880.000,28.244,-9.571,0.064,-0.088,NaN,NaN,630,0,-0.617,-1.287,NaN,NaN,NaN,NaN,NaN,NaN,NaN,NaN,NaN,NaN,NaN
2066,680,8880.000,29.271,-10.899,0.074,-0.070,0.768,NaN,630,0,3.261,-1.325,1100.000,201.000,1126.000,271.000,NaN,NaN,NaN,NaN,NaN,NaN,NaN
2067,10,8881.000,362.096,-141.393,0.950,-0.377,0.084,NaN,631,0,-0.000,-0.000,1132.000,198.000,1143.000,219.000,NaN,NaN,NaN,NaN,NaN,NaN,NaN
2068,213,8881.000,28.308,-9.660,0.064,-0.089,NaN,NaN,631,0,-0.695,-1.295,NaN,NaN,NaN,NaN,NaN,NaN,NaN,NaN,NaN,NaN,NaN
2069,680,8881.000,29.358,-10.951,0.078,-0.064,0.769,NaN,631,0,3.261,-1.325,1098.000,200.000,1128.000,271.000,NaN,NaN,NaN,NaN,NaN,NaN,NaN
2070,10,8882.000,363.448,-141.952,0.955,-0.380,0.098,NaN,632,0,-0.000,-0.000,1132.000,198.000,1144.000,217.000,NaN,NaN,NaN,NaN,NaN,NaN,NaN
2071,213,8882.000,28.372,-9.749,0.063,-0.089,NaN,NaN,632,0,-0.261,-1.308,NaN,NaN,NaN,NaN,NaN,NaN,NaN,NaN,NaN,NaN,NaN
2072,680,8882.000,29.348,-10.956,0.067,-0.053,0.759,0.004,632,0,1.256,-1.759,1102.000,200.000,1130.000,271.000,29.340,-10.870,-1.190,0.780,0.620,1.730,0.128
2073,10,8883.000,364.690,-142.504,0.955,-0.388,0.129,NaN,633,0,-0.000,-0.000,1133.000,198.000,1144.000,216.000,NaN,NaN,NaN,NaN,NaN,NaN,NaN
2074,213,8883.000,28.435,-9.839,0.063,-0.090,NaN,NaN,633,0,-0.302,-1.317,NaN,NaN,NaN,NaN,NaN,NaN,NaN,NaN,NaN,NaN,NaN
2075,680,8883.000,29.496,-11.025,0.082,-0.054,0.815,0.344,633,0,1.692,-0.830,1105.000,198.000,1132.000,271.000,29.600,-11.030,-1.180,0.900,0.470,1.820,-0.842
2076,10,8884.000,365.854,-142.967,0.959,-0.389,0.062,NaN,634,0,-0.000,-0.000,1132.000,199.000,1144.000,216.000,NaN,NaN,NaN,NaN,NaN,NaN,NaN
2077,213,8884.000,28.499,-9.929,0.064,-0.090,NaN,NaN,634,0,-0.493,-1.324,NaN,NaN,NaN,NaN,NaN,NaN,NaN,NaN,NaN,NaN,NaN
2078,680,8884.000,29.581,-11.100,0.086,-0.058,0.795,NaN,634,0,3.866,-1.325,1105.000,198.000,1132.000,270.000,NaN,NaN,NaN,NaN,NaN,NaN,NaN
2079,10,8885.000,366.329,-143.161,0.945,-0.382,0.057,NaN,635,0,-0.000,-0.000,1132.000,197.000,1144.000,217.000,NaN,NaN,NaN,NaN,NaN,NaN,NaN
2080,213,8885.000,28.564,-10.018,0.065,-0.088,NaN,NaN,635,0,-0.712,-1.326,NaN,NaN,NaN,NaN,NaN,NaN,NaN,NaN,NaN,NaN,NaN
2081,680,8885.000,29.678,-11.148,0.091,-0.053,0.762,0.004,635,0,1.026,-1.834,1109.000,198.000,1133.000,269.000,29.720,-11.160,-0.980,0.710,0.660,1.670,-0.577
2082,10,8886.000,367.070,-143.478,0.944,-0.383,0.063,NaN,636,0,-0.000,-0.000,1132.000,197.000,1145.000,218.000,NaN,NaN,NaN,NaN,NaN,NaN,NaN
2083,213,8886.000,28.628,-10.107,0.064,-0.089,NaN,NaN,636,0,-0.392,-1.327,NaN,NaN,NaN,NaN,NaN,NaN,NaN,NaN,NaN,NaN,NaN
2084,680,8886.000,29.763,-11.195,0.089,-0.052,0.774,0.127,636,0,1.091,-1.350,1110.000,200.000,1135.000,269.000,29.750,-11.210,-1.110,0.760,0.660,1.760,-0.526
2085,10,8887.000,368.012,-143.862,0.945,-0.382,NaN,NaN,637,0,-0.000,-0.000,NaN,NaN,NaN,NaN,NaN,NaN,NaN,NaN,NaN,NaN,NaN
2086,213,8887.000,28.694,-10.195,0.066,-0.089,NaN,NaN,637,0,-2.397,-1.327,NaN,NaN,NaN,NaN,NaN,NaN,NaN,NaN,NaN,NaN,NaN
2087,680,8887.000,29.839,-11.304,0.085,-0.069,0.762,NaN,637,0,3.077,-1.325,1112.000,200.000,1136.000,270.000,NaN,NaN,NaN,NaN,NaN,NaN,NaN
2088,10,8888.000,368.958,-144.244,0.945,-0.382,NaN,NaN,638,0,-0.000,-0.000,NaN,NaN,NaN,NaN,NaN,NaN,NaN,NaN,NaN,NaN,NaN
2089,213,8888.000,28.758,-10.284,0.064,-0.089,NaN,NaN,638,0,0.221,-1.327,NaN,NaN,NaN,NaN,NaN,NaN,NaN,NaN,NaN,NaN,NaN
2090,680,8888.000,29.920,-11.404,0.084,-0.080,0.755,NaN,638,0,2.906,-1.325,1115.000,201.000,1138.000,269.000,NaN,NaN,NaN,NaN,NaN,NaN,NaN
2091,10,8889.000,369.899,-144.625,0.945,-0.382,NaN,NaN,639,0,0.012,-0.000,NaN,NaN,NaN,NaN,NaN,NaN,NaN,NaN,NaN,NaN,NaN
2092,213,8889.000,28.823,-10.371,0.065,-0.087,NaN,NaN,639,0,-2.653,-1.326,NaN,NaN,NaN,NaN,NaN,NaN,NaN,NaN,NaN,NaN,NaN
2093,680,8889.000,29.972,-11.487,0.078,-0.084,0.756,0.005,639,0,1.026,-1.835,1116.000,200.000,1140.000,270.000,29.960,-11.510,-0.920,0.820,0.630,1.750,-0.367
2094,10,8890.000,370.840,-145.006,0.945,-0.383,NaN,NaN,640,0,-0.000,-0.000,NaN,NaN,NaN,NaN,NaN,NaN,NaN,NaN,NaN,NaN,NaN
2095,213,8890.000,28.890,-10.459,0.067,-0.088,NaN,NaN,640,0,-2.652,-1.326,NaN,NaN,NaN,NaN,NaN,NaN,NaN,NaN,NaN,NaN,NaN
2096,680,8890.000,30.052,-11.557,0.080,-0.080,0.719,NaN,640,0,2.434,-1.326,1117.000,200.000,1141.000,271.000,NaN,NaN,NaN,NaN,NaN,NaN,NaN
2097,10,8891.000,371.781,-145.386,0.945,-0.382,NaN,NaN,641,0,-0.000,-0.000,NaN,NaN,NaN,NaN,NaN,NaN,NaN,NaN,NaN,NaN,NaN
2098,213,8891.000,28.958,-10.548,0.068,-0.089,NaN,NaN,641,0,-0.750,-1.326,NaN,NaN,NaN,NaN,NaN,NaN,NaN,NaN,NaN,NaN,NaN
2099,680,8891.000,30.119,-11.601,0.083,-0.071,0.714,0.143,641,0,0.526,-1.327,1118.000,199.000,1142.000,271.000,30.140,-11.500,-1.220,0.800,0.510,1.770,2.214
2100,10,8892.000,372.721,-145.768,0.944,-0.382,NaN,NaN,642,0,-0.000,-0.000,NaN,NaN,NaN,NaN,NaN,NaN,NaN,NaN,NaN,NaN,NaN
2101,213,8892.000,29.024,-10.635,0.066,-0.087,NaN,NaN,642,0,-0.842,-1.326,NaN,NaN,NaN,NaN,NaN,NaN,NaN,NaN,NaN,NaN,NaN
2102,680,8892.000,30.231,-11.645,0.088,-0.064,0.683,0.075,642,0,0.167,-1.552,1118.000,198.000,1145.000,270.000,30.290,-11.570,-1.480,0.910,0.530,1.680,-1.154
2103,10,8893.000,373.661,-146.149,0.944,-0.382,NaN,NaN,643,0,-0.000,-0.000,NaN,NaN,NaN,NaN,NaN,NaN,NaN,NaN,NaN,NaN,NaN
2104,213,8893.000,29.089,-10.723,0.065,-0.087,NaN,NaN,643,0,-2.650,-1.325,NaN,NaN,NaN,NaN,NaN,NaN,NaN,NaN,NaN,NaN,NaN
2105,680,8893.000,30.328,-11.703,0.088,-0.062,0.727,NaN,643,0,2.590,-1.326,1117.000,199.000,1145.000,269.000,NaN,NaN,NaN,NaN,NaN,NaN,NaN
2106,10,8894.000,374.601,-146.527,0.945,-0.382,NaN,NaN,644,0,-0.000,-0.000,NaN,NaN,NaN,NaN,NaN,NaN,NaN,NaN,NaN,NaN,NaN
2107,213,8894.000,29.156,-10.809,0.066,-0.086,NaN,NaN,644,0,-0.890,-1.325,NaN,NaN,NaN,NaN,NaN,NaN,NaN,NaN,NaN,NaN,NaN
2108,680,8894.000,30.413,-11.759,0.086,-0.063,0.719,0.314,644,0,0.661,-0.895,1117.000,200.000,1145.000,269.000,30.400,-11.750,-1.390,0.830,0.630,1.690,-0.375
2109,10,8895.000,375.548,-146.908,0.945,-0.383,NaN,NaN,645,0,-0.000,-0.000,NaN,NaN,NaN,NaN,NaN,NaN,NaN,NaN,NaN,NaN,NaN
2110,213,8895.000,29.221,-10.898,0.065,-0.089,NaN,NaN,645,0,-0.967,-1.325,NaN,NaN,NaN,NaN,NaN,NaN,NaN,NaN,NaN,NaN,NaN
2111,680,8895.000,30.563,-11.830,0.098,-0.064,0.716,0.633,645,0,0.434,-0.192,1117.000,200.000,1145.000,272.000,30.660,-11.830,-1.170,0.740,0.670,1.620,0.457
2112,10,8896.000,376.490,-147.289,0.944,-0.384,NaN,NaN,646,0,-0.000,-0.000,NaN,NaN,NaN,NaN,NaN,NaN,NaN,NaN,NaN,NaN,NaN
2113,213,8896.000,29.287,-10.987,0.065,-0.090,NaN,NaN,646,0,-2.650,-1.325,NaN,NaN,NaN,NaN,NaN,NaN,NaN,NaN,NaN,NaN,NaN
2114,680,8896.000,30.675,-11.863,0.101,-0.056,0.737,NaN,646,0,2.746,-1.326,1117.000,200.000,1145.000,269.000,NaN,NaN,NaN,NaN,NaN,NaN,NaN
2115,10,8897.000,377.434,-147.674,0.943,-0.385,NaN,NaN,647,0,-0.000,-0.000,NaN,NaN,NaN,NaN,NaN,NaN,NaN,NaN,NaN,NaN,NaN
2116,213,8897.000,29.355,-11.077,0.068,-0.090,NaN,NaN,647,0,-0.890,-1.325,NaN,NaN,NaN,NaN,NaN,NaN,NaN,NaN,NaN,NaN,NaN
2117,680,8897.000,30.862,-11.934,0.117,-0.060,0.767,0.015,647,0,0.877,-1.901,1119.000,199.000,1146.000,269.000,31.020,-11.920,-1.440,0.810,0.600,1.800,-0.535
2118,10,8898.000,378.380,-148.060,0.943,-0.386,NaN,NaN,648,0,-0.000,-0.000,NaN,NaN,NaN,NaN,NaN,NaN,NaN,NaN,NaN,NaN,NaN
2119,213,8898.000,29.422,-11.166,0.068,-0.088,NaN,NaN,648,0,-2.651,-1.325,NaN,NaN,NaN,NaN,NaN,NaN,NaN,NaN,NaN,NaN,NaN
2120,680,8898.000,30.993,-11.989,0.120,-0.060,0.776,0.155,648,0,0.945,-1.408,1120.000,198.000,1147.000,269.000,31.030,-11.970,-1.280,0.810,0.630,1.730,-0.532
2121,10,8899.000,379.324,-148.444,0.943,-0.386,NaN,NaN,649,0,-0.000,-0.000,NaN,NaN,NaN,NaN,NaN,NaN,NaN,NaN,NaN,NaN,NaN
2122,213,8899.000,29.494,-11.255,0.071,-0.089,NaN,NaN,649,0,-2.651,-1.326,NaN,NaN,NaN,NaN,NaN,NaN,NaN,NaN,NaN,NaN,NaN
2123,680,8899.000,31.106,-12.056,0.119,-0.062,0.762,NaN,649,0,3.077,-1.326,1120.000,198.000,1147.000,270.000,NaN,NaN,NaN,NaN,NaN,NaN,NaN
2124,10,8900.000,380.267,-148.832,0.943,-0.387,NaN,NaN,650,0,-0.000,-0.000,NaN,NaN,NaN,NaN,NaN,NaN,NaN,NaN,NaN,NaN,NaN
2125,213,8900.000,29.564,-11.346,0.070,-0.091,NaN,NaN,650,0,-0.172,-1.326,NaN,NaN,NaN,NaN,NaN,NaN,NaN,NaN,NaN,NaN,NaN
2126,680,8900.000,31.182,-12.099,0.111,-0.057,0.708,0.003,650,0,0.297,-1.916,1122.000,200.000,1147.000,268.000,31.160,-12.090,-1.120,1.600,0.590,1.650,-0.145
2127,10,8901.000,381.211,-149.221,0.943,-0.387,NaN,NaN,651,0,-0.000,-0.000,NaN,NaN,NaN,NaN,NaN,NaN,NaN,NaN,NaN,NaN,NaN
2128,213,8901.000,29.633,-11.436,0.069,-0.090,NaN,NaN,651,0,-0.350,-1.326,NaN,NaN,NaN,NaN,NaN,NaN,NaN,NaN,NaN,NaN,NaN
2129,680,8901.000,31.263,-12.172,0.104,-0.061,0.743,0.019,651,0,0.652,-1.901,1124.000,200.000,1148.000,267.000,31.210,-12.210,-1.360,0.770,0.640,1.680,0.376
2130,10,8902.000,382.157,-149.606,0.944,-0.386,NaN,NaN,652,0,-0.000,-0.000,NaN,NaN,NaN,NaN,NaN,NaN,NaN,NaN,NaN,NaN,NaN
2131,213,8902.000,29.704,-11.525,0.071,-0.088,NaN,NaN,652,0,-2.651,-1.326,NaN,NaN,NaN,NaN,NaN,NaN,NaN,NaN,NaN,NaN,NaN
2132,680,8902.000,31.362,-12.245,0.103,-0.064,0.753,NaN,652,0,2.906,-1.326,1125.000,199.000,1150.000,266.000,NaN,NaN,NaN,NaN,NaN,NaN,NaN
2133,10,8903.000,383.102,-149.994,0.944,-0.387,NaN,NaN,653,0,-0.000,-0.000,NaN,NaN,NaN,NaN,NaN,NaN,NaN,NaN,NaN,NaN,NaN
2134,213,8903.000,29.775,-11.614,0.071,-0.089,NaN,NaN,653,0,-0.794,-1.326,NaN,NaN,NaN,NaN,NaN,NaN,NaN,NaN,NaN,NaN,NaN
2135,680,8903.000,31.463,-12.308,0.102,-0.065,0.738,NaN,653,0,2.746,-1.326,1126.000,200.000,1151.000,267.000,NaN,NaN,NaN,NaN,NaN,NaN,NaN
2136,10,8904.000,384.047,-150.382,0.946,-0.387,NaN,NaN,654,0,-0.000,-0.000,NaN,NaN,NaN,NaN,NaN,NaN,NaN,NaN,NaN,NaN,NaN
2137,213,8904.000,29.847,-11.703,0.071,-0.089,NaN,NaN,654,0,-0.842,-1.326,NaN,NaN,NaN,NaN,NaN,NaN,NaN,NaN,NaN,NaN,NaN
2138,680,8904.000,31.511,-12.321,0.093,-0.055,0.746,0.017,654,0,0.735,-1.901,1127.000,201.000,1151.000,266.000,31.470,-12.220,-1.420,0.880,0.600,1.770,1.809
2139,10,8905.000,384.991,-150.767,0.945,-0.386,NaN,NaN,655,0,-0.000,-0.000,NaN,NaN,NaN,NaN,NaN,NaN,NaN,NaN,NaN,NaN,NaN
2140,213,8905.000,29.919,-11.792,0.072,-0.089,NaN,NaN,655,0,-2.651,-1.326,NaN,NaN,NaN,NaN,NaN,NaN,NaN,NaN,NaN,NaN,NaN
2141,680,8905.000,31.609,-12.382,0.093,-0.055,0.759,NaN,655,0,3.077,-1.326,1127.000,199.000,1151.000,265.000,NaN,NaN,NaN,NaN,NaN,NaN,NaN
2142,10,8906.000,385.936,-151.153,0.944,-0.386,NaN,NaN,656,0,-0.000,-0.000,NaN,NaN,NaN,NaN,NaN,NaN,NaN,NaN,NaN,NaN,NaN
2143,213,8906.000,29.990,-11.881,0.071,-0.089,NaN,NaN,656,0,-2.651,-1.325,NaN,NaN,NaN,NaN,NaN,NaN,NaN,NaN,NaN,NaN,NaN
2144,680,8906.000,31.704,-12.442,0.092,-0.057,0.679,NaN,656,0,1.846,-1.326,1127.000,199.000,1152.000,265.000,NaN,NaN,NaN,NaN,NaN,NaN,NaN
2145,10,8907.000,386.881,-151.539,0.944,-0.385,NaN,NaN,657,0,-0.000,-0.000,NaN,NaN,NaN,NaN,NaN,NaN,NaN,NaN,NaN,NaN,NaN
2146,213,8907.000,30.060,-11.971,0.070,-0.089,NaN,NaN,657,0,-2.650,-1.325,NaN,NaN,NaN,NaN,NaN,NaN,NaN,NaN,NaN,NaN,NaN
2147,680,8907.000,31.798,-12.501,0.093,-0.059,NaN,NaN,657,0,-2.651,-1.326,NaN,NaN,NaN,NaN,NaN,NaN,NaN,NaN,NaN,NaN,NaN
2148,10,8908.000,387.829,-151.924,0.944,-0.384,NaN,NaN,658,0,-0.000,-0.000,NaN,NaN,NaN,NaN,NaN,NaN,NaN,NaN,NaN,NaN,NaN
2149,213,8908.000,30.130,-12.058,0.070,-0.088,NaN,NaN,658,0,-2.649,-1.325,NaN,NaN,NaN,NaN,NaN,NaN,NaN,NaN,NaN,NaN,NaN
2150,680,8908.000,31.891,-12.560,0.094,-0.058,NaN,NaN,658,0,-2.651,-1.325,NaN,NaN,NaN,NaN,NaN,NaN,NaN,NaN,NaN,NaN,NaN
2151,10,8909.000,388.773,-152.309,0.943,-0.386,NaN,NaN,659,0,-0.000,-0.000,NaN,NaN,NaN,NaN,NaN,NaN,NaN,NaN,NaN,NaN,NaN
2152,213,8909.000,30.199,-12.146,0.069,-0.088,NaN,NaN,659,0,-2.649,-1.324,NaN,NaN,NaN,NaN,NaN,NaN,NaN,NaN,NaN,NaN,NaN
2153,680,8909.000,31.983,-12.619,0.093,-0.059,NaN,NaN,659,0,-2.650,-1.325,NaN,NaN,NaN,NaN,NaN,NaN,NaN,NaN,NaN,NaN,NaN
2154,10,8910.000,389.719,-152.693,0.944,-0.385,NaN,NaN,660,0,-0.000,-0.000,NaN,NaN,NaN,NaN,NaN,NaN,NaN,NaN,NaN,NaN,NaN
2155,213,8910.000,30.268,-12.234,0.069,-0.088,NaN,NaN,660,0,-2.648,-1.324,NaN,NaN,NaN,NaN,NaN,NaN,NaN,NaN,NaN,NaN,NaN
2156,680,8910.000,32.076,-12.676,0.092,-0.057,NaN,NaN,660,0,-2.650,-1.325,NaN,NaN,NaN,NaN,NaN,NaN,NaN,NaN,NaN,NaN,NaN
2157,10,8911.000,390.666,-153.079,0.944,-0.386,NaN,NaN,661,0,-0.000,-0.000,NaN,NaN,NaN,NaN,NaN,NaN,NaN,NaN,NaN,NaN,NaN
2158,213,8911.000,30.337,-12.323,0.069,-0.089,NaN,NaN,661,0,-2.646,-1.323,NaN,NaN,NaN,NaN,NaN,NaN,NaN,NaN,NaN,NaN,NaN
2159,680,8911.000,32.167,-12.732,0.092,-0.056,NaN,NaN,661,0,-2.650,-1.325,NaN,NaN,NaN,NaN,NaN,NaN,NaN,NaN,NaN,NaN,NaN
2160,10,8912.000,391.613,-153.465,0.944,-0.386,NaN,NaN,662,0,-0.000,-0.000,NaN,NaN,NaN,NaN,NaN,NaN,NaN,NaN,NaN,NaN,NaN
2161,213,8912.000,30.405,-12.412,0.068,-0.089,NaN,NaN,662,0,-2.644,-1.322,NaN,NaN,NaN,NaN,NaN,NaN,NaN,NaN,NaN,NaN,NaN
2162,680,8912.000,32.260,-12.788,0.093,-0.056,NaN,NaN,662,0,-2.650,-1.325,NaN,NaN,NaN,NaN,NaN,NaN,NaN,NaN,NaN,NaN,NaN
2163,10,8913.000,392.560,-153.848,0.944,-0.384,NaN,NaN,663,0,-0.000,-0.000,NaN,NaN,NaN,NaN,NaN,NaN,NaN,NaN,NaN,NaN,NaN
2164,213,8913.000,30.473,-12.501,0.068,-0.089,NaN,NaN,663,0,-2.644,-1.322,NaN,NaN,NaN,NaN,NaN,NaN,NaN,NaN,NaN,NaN,NaN
2165,680,8913.000,32.354,-12.845,0.093,-0.057,NaN,NaN,663,0,-2.650,-1.325,NaN,NaN,NaN,NaN,NaN,NaN,NaN,NaN,NaN,NaN,NaN
2166,10,8914.000,393.505,-154.236,0.944,-0.385,NaN,NaN,664,0,-0.000,-0.000,NaN,NaN,NaN,NaN,NaN,NaN,NaN,NaN,NaN,NaN,NaN
2167,213,8914.000,30.541,-12.588,0.068,-0.087,NaN,NaN,664,0,-1.034,-1.323,NaN,NaN,NaN,NaN,NaN,NaN,NaN,NaN,NaN,NaN,NaN
2168,680,8914.000,32.448,-12.900,0.094,-0.055,NaN,NaN,664,0,-2.649,-1.325,NaN,NaN,NaN,NaN,NaN,NaN,NaN,NaN,NaN,NaN,NaN
2169,10,8915.000,394.449,-154.621,0.944,-0.385,NaN,NaN,665,0,-0.000,-0.000,NaN,NaN,NaN,NaN,NaN,NaN,NaN,NaN,NaN,NaN,NaN
2170,213,8915.000,30.610,-12.674,0.068,-0.086,NaN,NaN,665,0,-2.647,-1.323,NaN,NaN,NaN,NaN,NaN,NaN,NaN,NaN,NaN,NaN,NaN
2171,680,8915.000,32.543,-12.956,0.095,-0.056,NaN,NaN,665,0,-2.649,-1.325,NaN,NaN,NaN,NaN,NaN,NaN,NaN,NaN,NaN,NaN,NaN
2172,10,8916.000,395.393,-155.006,0.945,-0.385,NaN,NaN,666,0,-0.000,-0.000,NaN,NaN,NaN,NaN,NaN,NaN,NaN,NaN,NaN,NaN,NaN
2173,213,8916.000,30.678,-12.760,0.068,-0.086,NaN,NaN,666,0,-2.647,-1.324,NaN,NaN,NaN,NaN,NaN,NaN,NaN,NaN,NaN,NaN,NaN
2174,680,8916.000,32.637,-13.012,0.094,-0.056,NaN,NaN,666,0,-2.649,-1.324,NaN,NaN,NaN,NaN,NaN,NaN,NaN,NaN,NaN,NaN,NaN
2175,10,8917.000,396.336,-155.391,0.945,-0.385,NaN,NaN,667,0,-0.000,-0.000,NaN,NaN,NaN,NaN,NaN,NaN,NaN,NaN,NaN,NaN,NaN
2176,213,8917.000,30.747,-12.846,0.069,-0.086,NaN,NaN,667,0,-2.647,-1.324,NaN,NaN,NaN,NaN,NaN,NaN,NaN,NaN,NaN,NaN,NaN
2177,680,8917.000,32.732,-13.069,0.095,-0.057,NaN,NaN,667,0,-2.648,-1.324,NaN,NaN,NaN,NaN,NaN,NaN,NaN,NaN,NaN,NaN,NaN
2178,10,8918.000,397.284,-155.777,0.947,-0.385,NaN,NaN,668,0,-0.000,-0.000,NaN,NaN,NaN,NaN,NaN,NaN,NaN,NaN,NaN,NaN,NaN
2179,213,8918.000,30.815,-12.931,0.068,-0.086,NaN,NaN,668,0,-2.648,-1.324,NaN,NaN,NaN,NaN,NaN,NaN,NaN,NaN,NaN,NaN,NaN
2180,680,8918.000,31.594,-14.617,0.058,-0.221,0.033,NaN,668,0,-3.312,-1.324,1235.000,195.000,1257.000,211.000,NaN,NaN,NaN,NaN,NaN,NaN,NaN
2181,10,8919.000,398.234,-156.164,0.947,-0.383,NaN,NaN,669,0,-0.000,-0.000,NaN,NaN,NaN,NaN,NaN,NaN,NaN,NaN,NaN,NaN,NaN
2182,213,8919.000,30.883,-13.016,0.067,-0.085,NaN,NaN,669,0,-2.650,-1.325,NaN,NaN,NaN,NaN,NaN,NaN,NaN,NaN,NaN,NaN,NaN
2183,680,8919.000,31.652,-14.838,0.058,-0.221,NaN,NaN,669,0,-2.627,-1.314,NaN,NaN,NaN,NaN,NaN,NaN,NaN,NaN,NaN,NaN,NaN
2184,10,8920.000,399.182,-156.550,0.946,-0.383,NaN,NaN,670,0,-0.000,-0.000,NaN,NaN,NaN,NaN,NaN,NaN,NaN,NaN,NaN,NaN,NaN
2185,213,8920.000,30.949,-13.101,0.067,-0.085,NaN,NaN,670,0,-2.651,-1.326,NaN,NaN,NaN,NaN,NaN,NaN,NaN,NaN,NaN,NaN,NaN
2186,680,8920.000,31.712,-15.059,0.060,-0.221,NaN,NaN,670,0,-2.269,-1.134,NaN,NaN,NaN,NaN,NaN,NaN,NaN,NaN,NaN,NaN,NaN
2187,10,8921.000,400.132,-156.934,0.946,-0.382,NaN,NaN,671,0,-0.000,-0.000,NaN,NaN,NaN,NaN,NaN,NaN,NaN,NaN,NaN,NaN,NaN
2188,213,8921.000,31.018,-13.185,0.068,-0.085,NaN,NaN,671,0,-2.652,-1.326,NaN,NaN,NaN,NaN,NaN,NaN,NaN,NaN,NaN,NaN,NaN
2189,680,8921.000,31.773,-15.281,0.060,-0.222,NaN,NaN,671,0,-0.110,-0.055,NaN,NaN,NaN,NaN,NaN,NaN,NaN,NaN,NaN,NaN,NaN
2190,10,8922.000,401.079,-157.317,0.945,-0.381,NaN,NaN,672,0,-0.000,-0.000,NaN,NaN,NaN,NaN,NaN,NaN,NaN,NaN,NaN,NaN,NaN
2191,213,8922.000,31.085,-13.271,0.067,-0.085,NaN,NaN,672,0,-2.652,-1.326,NaN,NaN,NaN,NaN,NaN,NaN,NaN,NaN,NaN,NaN,NaN
2192,680,8922.000,31.831,-15.503,0.058,-0.222,NaN,NaN,672,0,-0.037,-0.019,NaN,NaN,NaN,NaN,NaN,NaN,NaN,NaN,NaN,NaN,NaN
2193,10,8923.000,402.026,-157.700,0.945,-0.381,NaN,NaN,673,0,-0.000,-0.000,NaN,NaN,NaN,NaN,NaN,NaN,NaN,NaN,NaN,NaN,NaN
2194,213,8923.000,31.152,-13.356,0.067,-0.085,NaN,NaN,673,0,-2.653,-1.326,NaN,NaN,NaN,NaN,NaN,NaN,NaN,NaN,NaN,NaN,NaN
2195,680,8923.000,31.889,-15.725,0.059,-0.222,NaN,NaN,673,0,-0.242,-0.121,NaN,NaN,NaN,NaN,NaN,NaN,NaN,NaN,NaN,NaN,NaN
2196,10,8924.000,402.973,-158.082,0.945,-0.382,NaN,NaN,674,0,-0.000,-0.000,NaN,NaN,NaN,NaN,NaN,NaN,NaN,NaN,NaN,NaN,NaN
2197,213,8924.000,31.219,-13.440,0.067,-0.085,NaN,NaN,674,0,-1.609,-1.327,NaN,NaN,NaN,NaN,NaN,NaN,NaN,NaN,NaN,NaN,NaN
2198,680,8924.000,31.949,-15.946,0.060,-0.222,NaN,NaN,674,0,-0.396,-0.198,NaN,NaN,NaN,NaN,NaN,NaN,NaN,NaN,NaN,NaN,NaN
2199,10,8925.000,403.921,-158.467,0.945,-0.383,NaN,NaN,675,0,-0.000,-0.000,NaN,NaN,NaN,NaN,NaN,NaN,NaN,NaN,NaN,NaN,NaN
2200,213,8925.000,31.284,-13.525,0.065,-0.084,NaN,NaN,675,0,-1.485,-1.327,NaN,NaN,NaN,NaN,NaN,NaN,NaN,NaN,NaN,NaN,NaN
2201,680,8925.000,32.008,-16.168,0.060,-0.221,NaN,NaN,675,0,-0.884,-0.442,NaN,NaN,NaN,NaN,NaN,NaN,NaN,NaN,NaN,NaN,NaN
2202,10,8926.000,402.060,-159.952,0.891,-0.432,0.101,NaN,676,0,-0.000,-0.000,1137.000,197.000,1159.000,265.000,NaN,NaN,NaN,NaN,NaN,NaN,NaN
2203,213,8926.000,31.351,-13.609,0.067,-0.085,NaN,NaN,676,0,-2.654,-1.327,NaN,NaN,NaN,NaN,NaN,NaN,NaN,NaN,NaN,NaN,NaN
2204,680,8926.000,32.069,-16.389,0.061,-0.221,NaN,NaN,676,0,-2.654,-1.327,NaN,NaN,NaN,NaN,NaN,NaN,NaN,NaN,NaN,NaN,NaN
2205,10,8927.000,407.888,-160.361,0.965,-0.384,0.051,NaN,677,0,-0.000,-0.000,1130.000,193.000,1145.000,220.000,NaN,NaN,NaN,NaN,NaN,NaN,NaN
2206,213,8927.000,33.295,-13.286,0.191,-0.072,0.682,0.012,677,0,-0.506,-2.087,1138.000,197.000,1162.000,264.000,33.370,-13.290,-1.210,0.760,0.630,1.710,0.642
2207,680,8927.000,32.130,-16.609,0.061,-0.221,NaN,NaN,677,0,-2.654,-1.327,NaN,NaN,NaN,NaN,NaN,NaN,NaN,NaN,NaN,NaN,NaN
2208,10,8928.000,409.966,-160.811,0.975,-0.366,0.062,NaN,678,0,-0.000,-0.000,1131.000,193.000,1145.000,221.000,NaN,NaN,NaN,NaN,NaN,NaN,NaN
2209,213,8928.000,33.161,-13.320,0.178,-0.039,0.747,0.013,678,0,0.104,-2.170,1138.000,197.000,1162.000,264.000,33.510,-13.430,-1.470,0.860,0.580,1.750,1.882
2210,680,8928.000,32.191,-16.829,0.061,-0.219,NaN,NaN,678,0,-2.654,-1.327,NaN,NaN,NaN,NaN,NaN,NaN,NaN,NaN,NaN,NaN,NaN
2211,10,8929.000,411.664,-161.263,0.979,-0.357,0.045,NaN,679,0,-0.000,-0.000,1130.000,193.000,1145.000,221.000,NaN,NaN,NaN,NaN,NaN,NaN,NaN
2212,213,8929.000,33.240,-13.187,0.176,-0.035,0.534,NaN,679,0,0.468,-1.323,1141.000,197.000,1162.000,264.000,NaN,NaN,NaN,NaN,NaN,NaN,NaN
2213,680,8929.000,32.252,-17.047,0.062,-0.218,NaN,NaN,679,0,-2.654,-1.327,NaN,NaN,NaN,NaN,NaN,NaN,NaN,NaN,NaN,NaN,NaN
2214,10,8930.000,412.633,-161.622,0.979,-0.356,NaN,NaN,680,0,-0.000,-0.000,NaN,NaN,NaN,NaN,NaN,NaN,NaN,NaN,NaN,NaN,NaN
2215,213,8930.000,33.320,-13.189,0.181,-0.032,0.737,0.022,680,0,0.010,-2.165,1143.000,198.000,1165.000,265.000,33.600,-13.560,-1.290,0.770,0.650,1.650,-0.517
2216,680,8930.000,32.315,-17.266,0.062,-0.219,NaN,NaN,680,0,-2.654,-1.327,NaN,NaN,NaN,NaN,NaN,NaN,NaN,NaN,NaN,NaN,NaN
2217,10,8931.000,413.598,-161.981,0.979,-0.356,NaN,NaN,681,0,-0.000,-0.000,NaN,NaN,NaN,NaN,NaN,NaN,NaN,NaN,NaN,NaN,NaN
2218,213,8931.000,33.448,-13.310,0.162,-0.061,0.784,NaN,681,0,3.460,-1.325,1144.000,200.000,1167.000,265.000,NaN,NaN,NaN,NaN,NaN,NaN,NaN
2219,680,8931.000,32.377,-17.484,0.062,-0.219,NaN,NaN,681,0,-2.654,-1.327,NaN,NaN,NaN,NaN,NaN,NaN,NaN,NaN,NaN,NaN,NaN
2220,10,8932.000,414.988,-162.547,0.982,-0.365,0.027,NaN,682,0,-0.000,-0.000,1131.000,193.000,1147.000,247.000,NaN,NaN,NaN,NaN,NaN,NaN,NaN
2221,213,8932.000,33.560,-13.424,0.147,-0.080,0.678,NaN,682,0,1.846,-1.325,1145.000,200.000,1167.000,265.000,NaN,NaN,NaN,NaN,NaN,NaN,NaN
2222,680,8932.000,32.440,-17.703,0.063,-0.219,NaN,NaN,682,0,-2.654,-1.327,NaN,NaN,NaN,NaN,NaN,NaN,NaN,NaN,NaN,NaN,NaN
2223,10,8933.000,416.171,-163.039,0.981,-0.372,0.040,NaN,683,0,-0.000,-0.000,1131.000,193.000,1147.000,219.000,NaN,NaN,NaN,NaN,NaN,NaN,NaN
2224,213,8933.000,33.762,-13.539,0.160,-0.089,0.684,0.116,683,0,-0.726,-1.817,1146.000,199.000,1168.000,265.000,33.810,-13.720,-1.110,0.860,0.610,1.700,-0.548
2225,680,8933.000,32.502,-17.921,0.063,-0.218,NaN,NaN,683,0,-2.654,-1.327,NaN,NaN,NaN,NaN,NaN,NaN,NaN,NaN,NaN,NaN,NaN
2226,10,8934.000,417.208,-163.440,0.980,-0.372,0.052,NaN,684,0,-0.000,-0.000,1130.000,193.000,1147.000,220.000,NaN,NaN,NaN,NaN,NaN,NaN,NaN
2227,213,8934.000,33.906,-13.709,0.154,-0.116,0.711,NaN,684,0,2.280,-1.323,1149.000,198.000,1170.000,265.000,NaN,NaN,NaN,NaN,NaN,NaN,NaN
2228,680,8934.000,32.566,-18.139,0.064,-0.218,NaN,NaN,684,0,-2.654,-1.327,NaN,NaN,NaN,NaN,NaN,NaN,NaN,NaN,NaN,NaN,NaN
2229,10,8935.000,418.121,-163.790,0.979,-0.369,0.072,NaN,685,0,-0.000,-0.000,1130.000,193.000,1147.000,221.000,NaN,NaN,NaN,NaN,NaN,NaN,NaN
2230,213,8935.000,34.055,-13.852,0.153,-0.122,0.696,NaN,685,0,2.128,-1.319,1149.000,198.000,1171.000,265.000,NaN,NaN,NaN,NaN,NaN,NaN,NaN
2231,680,8935.000,32.630,-18.355,0.064,-0.217,NaN,NaN,685,0,-2.654,-1.327,NaN,NaN,NaN,NaN,NaN,NaN,NaN,NaN,NaN,NaN,NaN
2232,10,8936.000,419.090,-164.160,0.976,-0.370,NaN,NaN,686,0,-0.000,-0.000,NaN,NaN,NaN,NaN,NaN,NaN,NaN,NaN,NaN,NaN,NaN
2233,213,8936.000,34.203,-13.976,0.151,-0.123,0.772,NaN,686,0,3.261,-1.316,1150.000,198.000,1173.000,265.000,NaN,NaN,NaN,NaN,NaN,NaN,NaN
2234,680,8936.000,32.693,-18.573,0.063,-0.218,NaN,NaN,686,0,-2.654,-1.327,NaN,NaN,NaN,NaN,NaN,NaN,NaN,NaN,NaN,NaN,NaN
2235,10,8937.000,420.055,-164.531,0.976,-0.370,NaN,NaN,687,0,-0.000,-0.000,NaN,NaN,NaN,NaN,NaN,NaN,NaN,NaN,NaN,NaN,NaN
2236,213,8937.000,34.257,-14.043,0.136,-0.115,NaN,0.002,687,0,-4.297,-2.149,1138.000,199.000,1185.000,269.000,34.200,-13.940,-1.220,0.750,0.700,1.740,0.546
2237,680,8937.000,32.757,-18.791,0.064,-0.218,NaN,NaN,687,0,-2.654,-1.327,NaN,NaN,NaN,NaN,NaN,NaN,NaN,NaN,NaN,NaN,NaN
2238,10,8938.000,421.020,-164.902,0.976,-0.371,NaN,NaN,688,0,-0.000,-0.000,NaN,NaN,NaN,NaN,NaN,NaN,NaN,NaN,NaN,NaN,NaN
2239,213,8938.000,34.392,-14.157,0.135,-0.114,NaN,NaN,688,0,-2.616,-1.308,NaN,NaN,NaN,NaN,NaN,NaN,NaN,NaN,NaN,NaN,NaN
2240,680,8938.000,32.821,-19.010,0.065,-0.219,NaN,NaN,688,0,-2.654,-1.327,NaN,NaN,NaN,NaN,NaN,NaN,NaN,NaN,NaN,NaN,NaN
2241,10,8939.000,421.987,-165.271,0.978,-0.371,NaN,NaN,689,0,-0.000,-0.000,NaN,NaN,NaN,NaN,NaN,NaN,NaN,NaN,NaN,NaN,NaN
2242,213,8939.000,34.565,-14.210,0.143,-0.099,NaN,0.012,689,0,-4.449,-2.223,1133.000,206.000,1190.000,274.000,34.600,-14.080,-1.370,1.720,0.580,1.690,-3.068
2243,680,8939.000,32.886,-19.229,0.065,-0.218,NaN,NaN,689,0,-2.654,-1.327,NaN,NaN,NaN,NaN,NaN,NaN,NaN,NaN,NaN,NaN,NaN
2244,10,8940.000,422.954,-165.643,0.977,-0.371,NaN,NaN,690,0,-0.000,-0.000,NaN,NaN,NaN,NaN,NaN,NaN,NaN,NaN,NaN,NaN,NaN
2245,213,8940.000,34.654,-14.249,0.135,-0.087,NaN,0.001,690,0,-4.456,-2.228,1141.000,187.000,1191.000,256.000,34.560,-14.170,-0.910,1.580,0.680,1.700,-0.096
2246,680,8940.000,32.951,-19.447,0.066,-0.218,NaN,NaN,690,0,-2.654,-1.327,NaN,NaN,NaN,NaN,NaN,NaN,NaN,NaN,NaN,NaN,NaN
2247,10,8941.000,423.923,-166.011,0.978,-0.370,NaN,NaN,691,0,-0.000,-0.000,NaN,NaN,NaN,NaN,NaN,NaN,NaN,NaN,NaN,NaN,NaN
2248,213,8941.000,34.791,-14.336,0.137,-0.087,NaN,NaN,691,0,-2.616,-1.308,NaN,NaN,NaN,NaN,NaN,NaN,NaN,NaN,NaN,NaN,NaN
2249,680,8941.000,33.017,-19.666,0.066,-0.219,NaN,NaN,691,0,-2.654,-1.327,NaN,NaN,NaN,NaN,NaN,NaN,NaN,NaN,NaN,NaN,NaN
2250,10,8942.000,424.896,-166.381,0.978,-0.370,NaN,NaN,692,0,-0.000,-0.000,NaN,NaN,NaN,NaN,NaN,NaN,NaN,NaN,NaN,NaN,NaN
2251,213,8942.000,34.929,-14.424,0.138,-0.088,NaN,NaN,692,0,-2.611,-1.306,NaN,NaN,NaN,NaN,NaN,NaN,NaN,NaN,NaN,NaN,NaN
2252,680,8942.000,33.083,-19.885,0.066,-0.219,NaN,NaN,692,0,-2.654,-1.327,NaN,NaN,NaN,NaN,NaN,NaN,NaN,NaN,NaN,NaN,NaN
2253,10,8943.000,425.869,-166.751,0.977,-0.369,NaN,NaN,693,0,-0.000,-0.000,NaN,NaN,NaN,NaN,NaN,NaN,NaN,NaN,NaN,NaN,NaN
2254,213,8943.000,35.066,-14.513,0.137,-0.088,NaN,NaN,693,0,-2.609,-1.305,NaN,NaN,NaN,NaN,NaN,NaN,NaN,NaN,NaN,NaN,NaN
2255,680,8943.000,33.150,-20.105,0.067,-0.220,NaN,NaN,693,0,-2.654,-1.327,NaN,NaN,NaN,NaN,NaN,NaN,NaN,NaN,NaN,NaN,NaN
2256,10,8944.000,426.838,-167.122,0.977,-0.371,NaN,NaN,694,0,-0.000,-0.000,NaN,NaN,NaN,NaN,NaN,NaN,NaN,NaN,NaN,NaN,NaN
2257,213,8944.000,35.204,-14.602,0.137,-0.089,NaN,NaN,694,0,-2.609,-1.304,NaN,NaN,NaN,NaN,NaN,NaN,NaN,NaN,NaN,NaN,NaN
2258,680,8944.000,33.217,-20.324,0.067,-0.219,NaN,NaN,694,0,-2.654,-1.327,NaN,NaN,NaN,NaN,NaN,NaN,NaN,NaN,NaN,NaN,NaN
2259,10,8945.000,427.808,-167.492,0.977,-0.370,NaN,NaN,695,0,-0.000,-0.000,NaN,NaN,NaN,NaN,NaN,NaN,NaN,NaN,NaN,NaN,NaN
2260,213,8945.000,35.339,-14.692,0.136,-0.090,NaN,NaN,695,0,-2.608,-1.304,NaN,NaN,NaN,NaN,NaN,NaN,NaN,NaN,NaN,NaN,NaN
2261,680,8945.000,33.283,-20.542,0.066,-0.219,NaN,NaN,695,0,-2.654,-1.327,NaN,NaN,NaN,NaN,NaN,NaN,NaN,NaN,NaN,NaN,NaN
2262,10,8946.000,428.780,-167.864,0.976,-0.371,NaN,NaN,696,0,-0.000,-0.000,NaN,NaN,NaN,NaN,NaN,NaN,NaN,NaN,NaN,NaN,NaN
2263,213,8946.000,35.475,-14.781,0.136,-0.089,NaN,NaN,696,0,-2.607,-1.303,NaN,NaN,NaN,NaN,NaN,NaN,NaN,NaN,NaN,NaN,NaN
2264,10,8947.000,429.755,-168.234,0.976,-0.371,NaN,NaN,697,0,-0.000,-0.000,NaN,NaN,NaN,NaN,NaN,NaN,NaN,NaN,NaN,NaN,NaN
2265,213,8947.000,35.611,-14.870,0.136,-0.090,NaN,NaN,697,0,-2.604,-1.302,NaN,NaN,NaN,NaN,NaN,NaN,NaN,NaN,NaN,NaN,NaN
2266,10,8948.000,430.730,-168.607,0.977,-0.371,NaN,NaN,698,0,-0.000,-0.000,NaN,NaN,NaN,NaN,NaN,NaN,NaN,NaN,NaN,NaN,NaN
2267,213,8948.000,35.747,-14.959,0.136,-0.089,NaN,NaN,698,0,-2.602,-1.301,NaN,NaN,NaN,NaN,NaN,NaN,NaN,NaN,NaN,NaN,NaN
2268,10,8949.000,431.699,-168.983,0.975,-0.372,NaN,NaN,699,0,-0.000,-0.000,NaN,NaN,NaN,NaN,NaN,NaN,NaN,NaN,NaN,NaN,NaN
2269,213,8949.000,35.885,-15.050,0.137,-0.090,NaN,NaN,699,0,-2.601,-1.301,NaN,NaN,NaN,NaN,NaN,NaN,NaN,NaN,NaN,NaN,NaN
2270,10,8950.000,432.672,-169.358,0.975,-0.371,NaN,NaN,700,0,-0.000,-0.000,NaN,NaN,NaN,NaN,NaN,NaN,NaN,NaN,NaN,NaN,NaN
2271,213,8950.000,36.022,-15.139,0.137,-0.089,NaN,NaN,700,0,-2.599,-1.300,NaN,NaN,NaN,NaN,NaN,NaN,NaN,NaN,NaN,NaN,NaN
2272,10,8951.000,433.647,-169.728,0.975,-0.370,NaN,NaN,701,0,-0.000,-0.000,NaN,NaN,NaN,NaN,NaN,NaN,NaN,NaN,NaN,NaN,NaN
2273,213,8951.000,36.162,-15.226,0.140,-0.088,NaN,NaN,701,0,-2.597,-1.299,NaN,NaN,NaN,NaN,NaN,NaN,NaN,NaN,NaN,NaN,NaN
2274,10,8952.000,434.620,-170.101,0.975,-0.371,NaN,NaN,702,0,-0.000,-0.000,NaN,NaN,NaN,NaN,NaN,NaN,NaN,NaN,NaN,NaN,NaN
2275,213,8952.000,36.302,-15.313,0.140,-0.087,NaN,NaN,702,0,-2.592,-1.296,NaN,NaN,NaN,NaN,NaN,NaN,NaN,NaN,NaN,NaN,NaN
2276,10,8953.000,435.596,-170.472,0.975,-0.371,NaN,NaN,703,0,-0.000,-0.000,NaN,NaN,NaN,NaN,NaN,NaN,NaN,NaN,NaN,NaN,NaN
2277,213,8953.000,36.442,-15.400,0.139,-0.087,NaN,NaN,703,0,-2.588,-1.294,NaN,NaN,NaN,NaN,NaN,NaN,NaN,NaN,NaN,NaN,NaN
2278,10,8954.000,436.567,-170.842,0.974,-0.372,NaN,NaN,704,0,-0.000,-0.000,NaN,NaN,NaN,NaN,NaN,NaN,NaN,NaN,NaN,NaN,NaN
2279,213,8954.000,36.583,-15.487,0.141,-0.086,NaN,NaN,704,0,-2.573,-1.287,NaN,NaN,NaN,NaN,NaN,NaN,NaN,NaN,NaN,NaN,NaN
2280,10,8955.000,437.535,-171.212,0.974,-0.372,NaN,NaN,705,0,-0.000,-0.000,NaN,NaN,NaN,NaN,NaN,NaN,NaN,NaN,NaN,NaN,NaN
2281,213,8955.000,36.725,-15.574,0.141,-0.088,NaN,NaN,705,0,-2.554,-1.277,NaN,NaN,NaN,NaN,NaN,NaN,NaN,NaN,NaN,NaN,NaN
2282,10,8956.000,438.507,-171.583,0.974,-0.373,NaN,NaN,706,0,-0.000,-0.000,NaN,NaN,NaN,NaN,NaN,NaN,NaN,NaN,NaN,NaN,NaN
2283,213,8956.000,36.867,-15.665,0.141,-0.090,NaN,NaN,706,0,-2.529,-1.265,NaN,NaN,NaN,NaN,NaN,NaN,NaN,NaN,NaN,NaN,NaN
2284,10,8957.000,439.482,-171.953,0.975,-0.373,NaN,NaN,707,0,-0.000,-0.000,NaN,NaN,NaN,NaN,NaN,NaN,NaN,NaN,NaN,NaN,NaN
2285,213,8957.000,37.009,-15.753,0.142,-0.089,NaN,NaN,707,0,-2.503,-1.252,NaN,NaN,NaN,NaN,NaN,NaN,NaN,NaN,NaN,NaN,NaN
2286,10,8958.000,440.457,-172.325,0.977,-0.373,NaN,NaN,708,0,-0.000,-0.000,NaN,NaN,NaN,NaN,NaN,NaN,NaN,NaN,NaN,NaN,NaN
2287,213,8958.000,37.151,-15.841,0.142,-0.088,NaN,NaN,708,0,-2.467,-1.233,NaN,NaN,NaN,NaN,NaN,NaN,NaN,NaN,NaN,NaN,NaN
2288,10,8959.000,441.435,-172.698,0.976,-0.374,NaN,NaN,709,0,-0.000,-0.000,NaN,NaN,NaN,NaN,NaN,NaN,NaN,NaN,NaN,NaN,NaN
2289,213,8959.000,37.294,-15.929,0.142,-0.088,NaN,NaN,709,0,-2.426,-1.213,NaN,NaN,NaN,NaN,NaN,NaN,NaN,NaN,NaN,NaN,NaN
2290,10,8960.000,442.408,-173.072,0.976,-0.373,NaN,NaN,710,0,-0.000,-0.000,NaN,NaN,NaN,NaN,NaN,NaN,NaN,NaN,NaN,NaN,NaN
2291,213,8960.000,37.439,-16.019,0.144,-0.090,NaN,NaN,710,0,-2.399,-1.199,NaN,NaN,NaN,NaN,NaN,NaN,NaN,NaN,NaN,NaN,NaN
2292,10,8961.000,443.385,-173.445,0.976,-0.373,NaN,NaN,711,0,-0.000,-0.000,NaN,NaN,NaN,NaN,NaN,NaN,NaN,NaN,NaN,NaN,NaN
2293,213,8961.000,37.583,-16.110,0.144,-0.091,NaN,NaN,711,0,-2.326,-1.163,NaN,NaN,NaN,NaN,NaN,NaN,NaN,NaN,NaN,NaN,NaN
2294,10,8962.000,444.362,-173.817,0.976,-0.374,NaN,NaN,712,0,-0.000,-0.000,NaN,NaN,NaN,NaN,NaN,NaN,NaN,NaN,NaN,NaN,NaN
2295,213,8962.000,37.725,-16.201,0.142,-0.091,NaN,NaN,712,0,-2.242,-1.121,NaN,NaN,NaN,NaN,NaN,NaN,NaN,NaN,NaN,NaN,NaN
2296,10,8963.000,445.334,-174.192,0.975,-0.374,NaN,NaN,713,0,-0.000,-0.000,NaN,NaN,NaN,NaN,NaN,NaN,NaN,NaN,NaN,NaN,NaN
2297,213,8963.000,37.868,-16.292,0.143,-0.090,NaN,NaN,713,0,-2.114,-1.057,NaN,NaN,NaN,NaN,NaN,NaN,NaN,NaN,NaN,NaN,NaN
2298,10,8964.000,446.309,-174.564,0.975,-0.374,NaN,NaN,714,0,-0.000,-0.000,NaN,NaN,NaN,NaN,NaN,NaN,NaN,NaN,NaN,NaN,NaN
2299,213,8964.000,38.010,-16.383,0.142,-0.091,NaN,NaN,714,0,-1.979,-0.989,NaN,NaN,NaN,NaN,NaN,NaN,NaN,NaN,NaN,NaN,NaN
2300,10,8965.000,447.281,-174.940,0.974,-0.375,NaN,NaN,715,0,-0.000,-0.000,NaN,NaN,NaN,NaN,NaN,NaN,NaN,NaN,NaN,NaN,NaN
2301,213,8965.000,38.150,-16.474,0.140,-0.091,NaN,NaN,715,0,-1.805,-0.902,NaN,NaN,NaN,NaN,NaN,NaN,NaN,NaN,NaN,NaN,NaN
2302,10,8966.000,448.247,-175.314,0.973,-0.376,NaN,NaN,716,0,-0.000,-0.000,NaN,NaN,NaN,NaN,NaN,NaN,NaN,NaN,NaN,NaN,NaN
2303,213,8966.000,38.292,-16.566,0.141,-0.092,NaN,NaN,716,0,-1.596,-0.798,NaN,NaN,NaN,NaN,NaN,NaN,NaN,NaN,NaN,NaN,NaN
2304,10,8967.000,449.221,-175.690,0.974,-0.376,NaN,NaN,717,0,-0.000,-0.000,NaN,NaN,NaN,NaN,NaN,NaN,NaN,NaN,NaN,NaN,NaN
2305,213,8967.000,38.433,-16.657,0.142,-0.090,NaN,NaN,717,0,-1.369,-0.684,NaN,NaN,NaN,NaN,NaN,NaN,NaN,NaN,NaN,NaN,NaN
2306,10,8968.000,450.194,-176.068,0.973,-0.376,NaN,NaN,718,0,-0.000,-0.000,NaN,NaN,NaN,NaN,NaN,NaN,NaN,NaN,NaN,NaN,NaN
2307,213,8968.000,38.577,-16.746,0.144,-0.089,NaN,NaN,718,0,-1.085,-0.543,NaN,NaN,NaN,NaN,NaN,NaN,NaN,NaN,NaN,NaN,NaN
2308,10,8969.000,451.166,-176.442,0.974,-0.375,NaN,NaN,719,0,-0.000,-0.000,NaN,NaN,NaN,NaN,NaN,NaN,NaN,NaN,NaN,NaN,NaN
2309,213,8969.000,38.721,-16.836,0.145,-0.090,NaN,NaN,719,0,-0.771,-0.386,NaN,NaN,NaN,NaN,NaN,NaN,NaN,NaN,NaN,NaN,NaN
2310,10,8970.000,452.141,-176.810,0.974,-0.373,NaN,NaN,720,0,-0.000,-0.000,NaN,NaN,NaN,NaN,NaN,NaN,NaN,NaN,NaN,NaN,NaN
2311,213,8970.000,38.866,-16.928,0.144,-0.092,NaN,NaN,720,0,-0.456,-0.228,NaN,NaN,NaN,NaN,NaN,NaN,NaN,NaN,NaN,NaN,NaN
2312,10,8971.000,453.111,-177.180,0.973,-0.373,NaN,NaN,721,0,-0.000,-0.000,NaN,NaN,NaN,NaN,NaN,NaN,NaN,NaN,NaN,NaN,NaN
2313,213,8971.000,39.011,-17.020,0.145,-0.092,NaN,NaN,721,0,-0.084,-0.042,NaN,NaN,NaN,NaN,NaN,NaN,NaN,NaN,NaN,NaN,NaN
2314,10,8972.000,454.080,-177.553,0.973,-0.373,NaN,NaN,722,0,-0.000,-0.000,NaN,NaN,NaN,NaN,NaN,NaN,NaN,NaN,NaN,NaN,NaN
2315,213,8972.000,39.156,-17.112,0.145,-0.092,NaN,NaN,722,0,-0.084,-0.042,NaN,NaN,NaN,NaN,NaN,NaN,NaN,NaN,NaN,NaN,NaN
2316,10,8973.000,455.057,-177.924,0.972,-0.372,NaN,NaN,723,0,-0.000,-0.000,NaN,NaN,NaN,NaN,NaN,NaN,NaN,NaN,NaN,NaN,NaN
2317,213,8973.000,39.301,-17.204,0.145,-0.092,NaN,NaN,723,0,-0.084,-0.042,NaN,NaN,NaN,NaN,NaN,NaN,NaN,NaN,NaN,NaN,NaN
2318,10,8974.000,456.029,-178.296,0.972,-0.374,NaN,NaN,724,0,-0.000,-0.000,NaN,NaN,NaN,NaN,NaN,NaN,NaN,NaN,NaN,NaN,NaN
2319,213,8974.000,39.446,-17.296,0.145,-0.092,NaN,NaN,724,0,-0.084,-0.042,NaN,NaN,NaN,NaN,NaN,NaN,NaN,NaN,NaN,NaN,NaN
2320,10,8975.000,457.004,-178.672,0.972,-0.375,NaN,NaN,725,0,-0.000,-0.000,NaN,NaN,NaN,NaN,NaN,NaN,NaN,NaN,NaN,NaN,NaN
2321,213,8975.000,39.588,-17.388,0.143,-0.092,NaN,NaN,725,0,-0.084,-0.042,NaN,NaN,NaN,NaN,NaN,NaN,NaN,NaN,NaN,NaN,NaN
2322,10,8976.000,457.983,-179.048,0.972,-0.375,NaN,NaN,726,0,-0.000,-0.000,NaN,NaN,NaN,NaN,NaN,NaN,NaN,NaN,NaN,NaN,NaN
2323,213,8976.000,39.732,-17.480,0.143,-0.092,NaN,NaN,726,0,-0.086,-0.043,NaN,NaN,NaN,NaN,NaN,NaN,NaN,NaN,NaN,NaN,NaN
2324,10,8977.000,458.958,-179.424,0.973,-0.374,NaN,NaN,727,0,-0.000,-0.000,NaN,NaN,NaN,NaN,NaN,NaN,NaN,NaN,NaN,NaN,NaN
2325,213,8977.000,39.877,-17.571,0.144,-0.091,NaN,NaN,727,0,-0.000,-0.000,NaN,NaN,NaN,NaN,NaN,NaN,NaN,NaN,NaN,NaN,NaN
2326,10,8978.000,459.933,-179.800,0.974,-0.376,NaN,NaN,728,0,-0.000,-0.000,NaN,NaN,NaN,NaN,NaN,NaN,NaN,NaN,NaN,NaN,NaN
2327,213,8978.000,40.021,-17.662,0.145,-0.090,NaN,NaN,728,0,-0.000,-0.000,NaN,NaN,NaN,NaN,NaN,NaN,NaN,NaN,NaN,NaN,NaN
2328,10,8979.000,460.909,-180.176,0.974,-0.376,NaN,NaN,729,0,-0.000,-0.000,NaN,NaN,NaN,NaN,NaN,NaN,NaN,NaN,NaN,NaN,NaN
2329,213,8979.000,40.165,-17.753,0.144,-0.091,NaN,NaN,729,0,-0.000,-0.000,NaN,NaN,NaN,NaN,NaN,NaN,NaN,NaN,NaN,NaN,NaN
2330,10,8980.000,461.888,-180.553,0.976,-0.377,NaN,NaN,730,0,-0.000,-0.000,NaN,NaN,NaN,NaN,NaN,NaN,NaN,NaN,NaN,NaN,NaN
2331,213,8980.000,40.307,-17.844,0.142,-0.091,NaN,NaN,730,0,-0.000,-0.000,NaN,NaN,NaN,NaN,NaN,NaN,NaN,NaN,NaN,NaN,NaN
2332,10,8981.000,462.865,-180.933,0.977,-0.377,NaN,NaN,731,0,-0.000,-0.000,NaN,NaN,NaN,NaN,NaN,NaN,NaN,NaN,NaN,NaN,NaN
2333,213,8981.000,40.448,-17.934,0.142,-0.090,NaN,NaN,731,0,-0.000,-0.000,NaN,NaN,NaN,NaN,NaN,NaN,NaN,NaN,NaN,NaN,NaN
2334,10,8982.000,463.845,-181.314,0.978,-0.377,NaN,NaN,732,0,-0.000,-0.000,NaN,NaN,NaN,NaN,NaN,NaN,NaN,NaN,NaN,NaN,NaN
2335,213,8982.000,40.590,-18.023,0.142,-0.089,NaN,NaN,732,0,-0.000,-0.000,NaN,NaN,NaN,NaN,NaN,NaN,NaN,NaN,NaN,NaN,NaN
2336,10,8983.000,464.829,-181.695,0.977,-0.377,NaN,NaN,733,0,-0.000,-0.000,NaN,NaN,NaN,NaN,NaN,NaN,NaN,NaN,NaN,NaN,NaN
2337,213,8983.000,40.734,-18.112,0.144,-0.089,NaN,NaN,733,0,-0.093,-0.046,NaN,NaN,NaN,NaN,NaN,NaN,NaN,NaN,NaN,NaN,NaN
2338,10,8984.000,465.812,-182.073,0.977,-0.376,NaN,NaN,734,0,-0.000,-0.000,NaN,NaN,NaN,NaN,NaN,NaN,NaN,NaN,NaN,NaN,NaN
2339,213,8984.000,40.877,-18.202,0.144,-0.089,NaN,NaN,734,0,-0.172,-0.086,NaN,NaN,NaN,NaN,NaN,NaN,NaN,NaN,NaN,NaN,NaN
2340,10,8985.000,466.791,-182.450,0.976,-0.376,NaN,NaN,735,0,-0.000,-0.000,NaN,NaN,NaN,NaN,NaN,NaN,NaN,NaN,NaN,NaN,NaN
2341,213,8985.000,41.021,-18.293,0.143,-0.090,NaN,NaN,735,0,-0.182,-0.091,NaN,NaN,NaN,NaN,NaN,NaN,NaN,NaN,NaN,NaN,NaN
2342,10,8986.000,467.770,-182.827,0.976,-0.375,NaN,NaN,736,0,-0.000,-0.000,NaN,NaN,NaN,NaN,NaN,NaN,NaN,NaN,NaN,NaN,NaN
2343,213,8986.000,41.164,-18.382,0.143,-0.089,NaN,NaN,736,0,-0.273,-0.136,NaN,NaN,NaN,NaN,NaN,NaN,NaN,NaN,NaN,NaN,NaN
2344,10,8987.000,468.741,-183.205,0.974,-0.376,NaN,NaN,737,0,-0.000,-0.000,NaN,NaN,NaN,NaN,NaN,NaN,NaN,NaN,NaN,NaN,NaN
2345,213,8987.000,41.308,-18.471,0.144,-0.089,NaN,NaN,737,0,-0.437,-0.219,NaN,NaN,NaN,NaN,NaN,NaN,NaN,NaN,NaN,NaN,NaN
2346,10,8988.000,469.710,-183.578,0.973,-0.375,NaN,NaN,738,0,-0.000,-0.000,NaN,NaN,NaN,NaN,NaN,NaN,NaN,NaN,NaN,NaN,NaN
2347,213,8988.000,41.453,-18.559,0.145,-0.088,NaN,NaN,738,0,-0.589,-0.295,NaN,NaN,NaN,NaN,NaN,NaN,NaN,NaN,NaN,NaN,NaN
2348,10,8989.000,470.672,-183.950,0.973,-0.375,NaN,NaN,739,0,-0.000,-0.000,NaN,NaN,NaN,NaN,NaN,NaN,NaN,NaN,NaN,NaN,NaN
2349,213,8989.000,41.598,-18.648,0.145,-0.089,NaN,NaN,739,0,-0.589,-0.295,NaN,NaN,NaN,NaN,NaN,NaN,NaN,NaN,NaN,NaN,NaN
2350,10,8990.000,471.637,-184.326,0.973,-0.375,NaN,NaN,740,0,-0.000,-0.000,NaN,NaN,NaN,NaN,NaN,NaN,NaN,NaN,NaN,NaN,NaN
2351,213,8990.000,41.744,-18.738,0.146,-0.090,NaN,NaN,740,0,-1.038,-0.519,NaN,NaN,NaN,NaN,NaN,NaN,NaN,NaN,NaN,NaN,NaN
2352,10,8991.000,472.599,-184.702,0.974,-0.373,NaN,NaN,741,0,-0.000,-0.000,NaN,NaN,NaN,NaN,NaN,NaN,NaN,NaN,NaN,NaN,NaN
2353,213,8991.000,41.889,-18.829,0.145,-0.090,NaN,NaN,741,0,-1.230,-0.615,NaN,NaN,NaN,NaN,NaN,NaN,NaN,NaN,NaN,NaN,NaN
2354,10,8992.000,473.565,-185.074,0.974,-0.373,NaN,NaN,742,0,-0.000,-0.000,NaN,NaN,NaN,NaN,NaN,NaN,NaN,NaN,NaN,NaN,NaN
2355,213,8992.000,42.033,-18.918,0.145,-0.090,NaN,NaN,742,0,-1.414,-0.707,NaN,NaN,NaN,NaN,NaN,NaN,NaN,NaN,NaN,NaN,NaN
2356,10,8993.000,474.530,-185.446,0.974,-0.372,NaN,NaN,743,0,-0.000,-0.000,NaN,NaN,NaN,NaN,NaN,NaN,NaN,NaN,NaN,NaN,NaN
2357,213,8993.000,42.179,-19.008,0.146,-0.090,NaN,NaN,743,0,-1.473,-0.737,NaN,NaN,NaN,NaN,NaN,NaN,NaN,NaN,NaN,NaN,NaN
2358,10,8994.000,475.497,-185.814,0.975,-0.370,NaN,NaN,744,0,-0.000,-0.000,NaN,NaN,NaN,NaN,NaN,NaN,NaN,NaN,NaN,NaN,NaN
2359,213,8994.000,42.323,-19.096,0.143,-0.088,NaN,NaN,744,0,-1.572,-0.786,NaN,NaN,NaN,NaN,NaN,NaN,NaN,NaN,NaN,NaN,NaN
2360,10,8995.000,476.466,-186.184,0.974,-0.370,NaN,NaN,745,0,-0.000,-0.000,NaN,NaN,NaN,NaN,NaN,NaN,NaN,NaN,NaN,NaN,NaN
2361,213,8995.000,42.465,-19.186,0.142,-0.090,NaN,NaN,745,0,-1.676,-0.838,NaN,NaN,NaN,NaN,NaN,NaN,NaN,NaN,NaN,NaN,NaN
2362,10,8996.000,477.438,-186.554,0.976,-0.372,NaN,NaN,746,0,-0.000,-0.000,NaN,NaN,NaN,NaN,NaN,NaN,NaN,NaN,NaN,NaN,NaN
2363,213,8996.000,42.606,-19.275,0.141,-0.088,NaN,NaN,746,0,-1.769,-0.885,NaN,NaN,NaN,NaN,NaN,NaN,NaN,NaN,NaN,NaN,NaN
2364,10,8997.000,478.409,-186.924,0.977,-0.374,NaN,NaN,747,0,-0.000,-0.000,NaN,NaN,NaN,NaN,NaN,NaN,NaN,NaN,NaN,NaN,NaN
2365,213,8997.000,42.745,-19.364,0.140,-0.090,NaN,NaN,747,0,-1.846,-0.923,NaN,NaN,NaN,NaN,NaN,NaN,NaN,NaN,NaN,NaN,NaN
2366,10,8998.000,479.378,-187.297,0.976,-0.374,NaN,NaN,748,0,-0.000,-0.000,NaN,NaN,NaN,NaN,NaN,NaN,NaN,NaN,NaN,NaN,NaN
2367,213,8998.000,42.886,-19.452,0.141,-0.088,NaN,NaN,748,0,-1.928,-0.964,NaN,NaN,NaN,NaN,NaN,NaN,NaN,NaN,NaN,NaN,NaN
2368,10,8999.000,480.348,-187.671,0.975,-0.376,NaN,NaN,749,0,-0.000,-0.000,NaN,NaN,NaN,NaN,NaN,NaN,NaN,NaN,NaN,NaN,NaN
2369,213,8999.000,43.027,-19.540,0.141,-0.088,NaN,NaN,749,0,-1.945,-0.972,NaN,NaN,NaN,NaN,NaN,NaN,NaN,NaN,NaN,NaN,NaN
2370,10,9000.000,481.321,-188.048,0.975,-0.376,NaN,NaN,750,0,-0.000,-0.000,NaN,NaN,NaN,NaN,NaN,NaN,NaN,NaN,NaN,NaN,NaN
2371,213,9000.000,43.167,-19.628,0.140,-0.088,NaN,NaN,750,0,-2.001,-1.000,NaN,NaN,NaN,NaN,NaN,NaN,NaN,NaN,NaN,NaN,NaN
2372,10,9001.000,482.291,-188.423,0.975,-0.374,NaN,NaN,751,0,-0.000,-0.000,NaN,NaN,NaN,NaN,NaN,NaN,NaN,NaN,NaN,NaN,NaN
2373,213,9001.000,43.308,-19.715,0.141,-0.087,NaN,NaN,751,0,-2.045,-1.022,NaN,NaN,NaN,NaN,NaN,NaN,NaN,NaN,NaN,NaN,NaN
2374,10,9002.000,483.260,-188.797,0.974,-0.373,NaN,NaN,752,0,-0.000,-0.000,NaN,NaN,NaN,NaN,NaN,NaN,NaN,NaN,NaN,NaN,NaN
2375,213,9002.000,43.448,-19.801,0.141,-0.086,NaN,NaN,752,0,-2.085,-1.043,NaN,NaN,NaN,NaN,NaN,NaN,NaN,NaN,NaN,NaN,NaN
2376,10,9003.000,484.233,-189.166,0.975,-0.372,NaN,NaN,753,0,-0.000,-0.000,NaN,NaN,NaN,NaN,NaN,NaN,NaN,NaN,NaN,NaN,NaN
2377,213,9003.000,43.587,-19.886,0.139,-0.085,NaN,NaN,753,0,-2.102,-1.051,NaN,NaN,NaN,NaN,NaN,NaN,NaN,NaN,NaN,NaN,NaN
2378,10,9004.000,485.203,-189.538,0.975,-0.374,NaN,NaN,754,0,-0.000,-0.000,NaN,NaN,NaN,NaN,NaN,NaN,NaN,NaN,NaN,NaN,NaN
2379,213,9004.000,43.725,-19.973,0.138,-0.086,NaN,NaN,754,0,-2.095,-1.048,NaN,NaN,NaN,NaN,NaN,NaN,NaN,NaN,NaN,NaN,NaN
2380,10,9005.000,486.172,-189.915,0.975,-0.373,NaN,NaN,755,0,-0.000,-0.000,NaN,NaN,NaN,NaN,NaN,NaN,NaN,NaN,NaN,NaN,NaN
2381,213,9005.000,43.863,-20.056,0.139,-0.084,NaN,NaN,755,0,-2.075,-1.038,NaN,NaN,NaN,NaN,NaN,NaN,NaN,NaN,NaN,NaN,NaN
2382,10,9006.000,487.139,-190.289,0.976,-0.374,NaN,NaN,756,0,-0.000,-0.000,NaN,NaN,NaN,NaN,NaN,NaN,NaN,NaN,NaN,NaN,NaN
2383,213,9006.000,44.002,-20.140,0.140,-0.084,NaN,NaN,756,0,-2.075,-1.038,NaN,NaN,NaN,NaN,NaN,NaN,NaN,NaN,NaN,NaN,NaN
2384,10,9007.000,488.108,-190.664,0.973,-0.375,NaN,NaN,757,0,-0.000,-0.000,NaN,NaN,NaN,NaN,NaN,NaN,NaN,NaN,NaN,NaN,NaN
2385,213,9007.000,44.142,-20.225,0.140,-0.085,NaN,NaN,757,0,-2.054,-1.027,NaN,NaN,NaN,NaN,NaN,NaN,NaN,NaN,NaN,NaN,NaN
2386,10,9008.000,489.079,-191.037,0.973,-0.374,NaN,NaN,758,0,-0.000,-0.000,NaN,NaN,NaN,NaN,NaN,NaN,NaN,NaN,NaN,NaN,NaN
2387,213,9008.000,44.282,-20.309,0.140,-0.084,NaN,NaN,758,0,-2.068,-1.034,NaN,NaN,NaN,NaN,NaN,NaN,NaN,NaN,NaN,NaN,NaN
2388,10,9009.000,490.051,-191.411,0.973,-0.374,NaN,NaN,759,0,-0.000,-0.000,NaN,NaN,NaN,NaN,NaN,NaN,NaN,NaN,NaN,NaN,NaN
2389,213,9009.000,44.421,-20.392,0.139,-0.083,NaN,NaN,759,0,-2.028,-1.014,NaN,NaN,NaN,NaN,NaN,NaN,NaN,NaN,NaN,NaN,NaN
2390,10,9010.000,491.030,-191.786,0.972,-0.374,NaN,NaN,760,0,-0.000,-0.000,NaN,NaN,NaN,NaN,NaN,NaN,NaN,NaN,NaN,NaN,NaN
2391,213,9010.000,44.560,-20.476,0.139,-0.084,NaN,NaN,760,0,-1.980,-0.990,NaN,NaN,NaN,NaN,NaN,NaN,NaN,NaN,NaN,NaN,NaN
2392,10,9011.000,492.006,-192.159,0.971,-0.375,NaN,NaN,761,0,-0.000,-0.000,NaN,NaN,NaN,NaN,NaN,NaN,NaN,NaN,NaN,NaN,NaN
2393,213,9011.000,44.699,-20.560,0.139,-0.085,NaN,NaN,761,0,-1.980,-0.990,NaN,NaN,NaN,NaN,NaN,NaN,NaN,NaN,NaN,NaN,NaN
2394,10,9012.000,492.977,-192.535,0.971,-0.375,NaN,NaN,762,0,-0.000,-0.000,NaN,NaN,NaN,NaN,NaN,NaN,NaN,NaN,NaN,NaN,NaN
2395,213,9012.000,44.839,-20.644,0.140,-0.084,NaN,NaN,762,0,-1.781,-0.891,NaN,NaN,NaN,NaN,NaN,NaN,NaN,NaN,NaN,NaN,NaN
2396,10,9013.000,493.951,-192.910,0.971,-0.375,NaN,NaN,763,0,-0.000,-0.000,NaN,NaN,NaN,NaN,NaN,NaN,NaN,NaN,NaN,NaN,NaN
2397,213,9013.000,44.979,-20.727,0.141,-0.083,NaN,NaN,763,0,-1.702,-0.851,NaN,NaN,NaN,NaN,NaN,NaN,NaN,NaN,NaN,NaN,NaN
2398,10,9014.000,494.927,-193.286,0.971,-0.376,NaN,NaN,764,0,-0.000,-0.000,NaN,NaN,NaN,NaN,NaN,NaN,NaN,NaN,NaN,NaN,NaN
2399,213,9014.000,45.120,-20.810,0.140,-0.083,NaN,NaN,764,0,-1.638,-0.819,NaN,NaN,NaN,NaN,NaN,NaN,NaN,NaN,NaN,NaN,NaN
2400,10,9015.000,495.905,-193.661,0.970,-0.377,NaN,NaN,765,0,-0.000,-0.000,NaN,NaN,NaN,NaN,NaN,NaN,NaN,NaN,NaN,NaN,NaN
2401,213,9015.000,45.259,-20.892,0.140,-0.082,NaN,NaN,765,0,-1.553,-0.776,NaN,NaN,NaN,NaN,NaN,NaN,NaN,NaN,NaN,NaN,NaN
2402,10,9016.000,496.874,-194.035,0.970,-0.377,NaN,NaN,766,0,-0.000,-0.000,NaN,NaN,NaN,NaN,NaN,NaN,NaN,NaN,NaN,NaN,NaN
2403,213,9016.000,45.398,-20.973,0.139,-0.081,NaN,NaN,766,0,-1.489,-0.744,NaN,NaN,NaN,NaN,NaN,NaN,NaN,NaN,NaN,NaN,NaN
2404,10,9017.000,497.846,-194.413,0.970,-0.378,NaN,NaN,767,0,-0.000,-0.000,NaN,NaN,NaN,NaN,NaN,NaN,NaN,NaN,NaN,NaN,NaN
2405,213,9017.000,45.537,-21.054,0.139,-0.081,NaN,NaN,767,0,-1.349,-0.674,NaN,NaN,NaN,NaN,NaN,NaN,NaN,NaN,NaN,NaN,NaN
2406,10,9018.000,498.814,-194.790,0.971,-0.376,NaN,NaN,768,0,-0.000,-0.000,NaN,NaN,NaN,NaN,NaN,NaN,NaN,NaN,NaN,NaN,NaN
2407,213,9018.000,45.677,-21.137,0.139,-0.083,NaN,NaN,768,0,-1.288,-0.644,NaN,NaN,NaN,NaN,NaN,NaN,NaN,NaN,NaN,NaN,NaN
2408,10,9019.000,499.779,-195.165,0.972,-0.376,NaN,NaN,769,0,-0.000,-0.000,NaN,NaN,NaN,NaN,NaN,NaN,NaN,NaN,NaN,NaN,NaN
2409,213,9019.000,45.817,-21.220,0.140,-0.083,NaN,NaN,769,0,-1.169,-0.584,NaN,NaN,NaN,NaN,NaN,NaN,NaN,NaN,NaN,NaN,NaN
2410,10,9020.000,500.746,-195.539,0.974,-0.376,NaN,NaN,770,0,-0.000,-0.000,NaN,NaN,NaN,NaN,NaN,NaN,NaN,NaN,NaN,NaN,NaN
2411,213,9020.000,45.956,-21.305,0.140,-0.084,NaN,NaN,770,0,-1.111,-0.556,NaN,NaN,NaN,NaN,NaN,NaN,NaN,NaN,NaN,NaN,NaN
2412,10,9021.000,501.707,-195.915,0.974,-0.376,NaN,NaN,771,0,-0.000,-0.000,NaN,NaN,NaN,NaN,NaN,NaN,NaN,NaN,NaN,NaN,NaN
2413,213,9021.000,46.097,-21.388,0.140,-0.083,NaN,NaN,771,0,-0.960,-0.480,NaN,NaN,NaN,NaN,NaN,NaN,NaN,NaN,NaN,NaN,NaN
2414,10,9022.000,502.670,-196.288,0.974,-0.376,NaN,NaN,772,0,-0.000,-0.000,NaN,NaN,NaN,NaN,NaN,NaN,NaN,NaN,NaN,NaN,NaN
2415,213,9022.000,46.238,-21.474,0.141,-0.086,NaN,NaN,772,0,-0.950,-0.475,NaN,NaN,NaN,NaN,NaN,NaN,NaN,NaN,NaN,NaN,NaN
2416,10,9023.000,503.635,-196.665,0.975,-0.378,NaN,NaN,773,0,-0.000,-0.000,NaN,NaN,NaN,NaN,NaN,NaN,NaN,NaN,NaN,NaN,NaN
2417,213,9023.000,46.380,-21.560,0.141,-0.086,NaN,NaN,773,0,-0.762,-0.381,NaN,NaN,NaN,NaN,NaN,NaN,NaN,NaN,NaN,NaN,NaN
2418,10,9024.000,504.603,-197.038,0.975,-0.378,NaN,NaN,774,0,-0.000,-0.000,NaN,NaN,NaN,NaN,NaN,NaN,NaN,NaN,NaN,NaN,NaN
2419,213,9024.000,46.521,-21.645,0.141,-0.086,NaN,NaN,774,0,-0.517,-0.258,NaN,NaN,NaN,NaN,NaN,NaN,NaN,NaN,NaN,NaN,NaN
2420,10,9025.000,505.568,-197.415,0.974,-0.379,NaN,NaN,775,0,-0.000,-0.000,NaN,NaN,NaN,NaN,NaN,NaN,NaN,NaN,NaN,NaN,NaN
2421,213,9025.000,46.660,-21.732,0.141,-0.087,NaN,NaN,775,0,-0.517,-0.258,NaN,NaN,NaN,NaN,NaN,NaN,NaN,NaN,NaN,NaN,NaN
2422,10,9026.000,506.526,-197.792,0.974,-0.380,NaN,NaN,776,0,-0.000,-0.000,NaN,NaN,NaN,NaN,NaN,NaN,NaN,NaN,NaN,NaN,NaN
2423,213,9026.000,46.803,-21.818,0.142,-0.086,NaN,NaN,776,0,-0.346,-0.173,NaN,NaN,NaN,NaN,NaN,NaN,NaN,NaN,NaN,NaN,NaN
2424,10,9027.000,507.487,-198.167,0.973,-0.380,NaN,NaN,777,0,-0.000,-0.000,NaN,NaN,NaN,NaN,NaN,NaN,NaN,NaN,NaN,NaN,NaN
2425,213,9027.000,46.945,-21.903,0.143,-0.085,NaN,NaN,777,0,-0.346,-0.173,NaN,NaN,NaN,NaN,NaN,NaN,NaN,NaN,NaN,NaN,NaN
2426,10,9028.000,508.442,-198.548,0.974,-0.380,NaN,NaN,778,0,-0.000,-0.000,NaN,NaN,NaN,NaN,NaN,NaN,NaN,NaN,NaN,NaN,NaN
2427,213,9028.000,47.088,-21.987,0.143,-0.084,NaN,NaN,778,0,-0.160,-0.080,NaN,NaN,NaN,NaN,NaN,NaN,NaN,NaN,NaN,NaN,NaN
2428,10,9029.000,509.395,-198.930,0.974,-0.381,NaN,NaN,779,0,-0.000,-0.000,NaN,NaN,NaN,NaN,NaN,NaN,NaN,NaN,NaN,NaN,NaN
2429,213,9029.000,47.233,-22.071,0.144,-0.084,NaN,NaN,779,0,-0.164,-0.082,NaN,NaN,NaN,NaN,NaN,NaN,NaN,NaN,NaN,NaN,NaN
2430,10,9030.000,510.349,-199.314,0.975,-0.382,NaN,NaN,780,0,-0.000,-0.000,NaN,NaN,NaN,NaN,NaN,NaN,NaN,NaN,NaN,NaN,NaN
2431,213,9030.000,47.376,-22.157,0.143,-0.085,NaN,NaN,780,0,-0.203,-0.102,NaN,NaN,NaN,NaN,NaN,NaN,NaN,NaN,NaN,NaN,NaN
2432,10,9031.000,511.304,-199.696,0.975,-0.381,NaN,NaN,781,0,-0.000,-0.000,NaN,NaN,NaN,NaN,NaN,NaN,NaN,NaN,NaN,NaN,NaN
2433,213,9031.000,47.519,-22.244,0.143,-0.087,NaN,NaN,781,0,-0.203,-0.102,NaN,NaN,NaN,NaN,NaN,NaN,NaN,NaN,NaN,NaN,NaN
2434,10,9032.000,512.257,-200.080,0.976,-0.382,NaN,NaN,782,0,-0.000,-0.000,NaN,NaN,NaN,NaN,NaN,NaN,NaN,NaN,NaN,NaN,NaN
2435,213,9032.000,47.663,-22.330,0.145,-0.086,NaN,NaN,782,0,-0.203,-0.102,NaN,NaN,NaN,NaN,NaN,NaN,NaN,NaN,NaN,NaN,NaN
2436,10,9033.000,513.218,-200.463,0.975,-0.384,NaN,NaN,783,0,-0.000,-0.000,NaN,NaN,NaN,NaN,NaN,NaN,NaN,NaN,NaN,NaN,NaN
2437,213,9033.000,47.808,-22.414,0.145,-0.085,NaN,NaN,783,0,-0.203,-0.102,NaN,NaN,NaN,NaN,NaN,NaN,NaN,NaN,NaN,NaN,NaN
2438,10,9034.000,514.177,-200.847,0.975,-0.386,NaN,NaN,784,0,-0.000,-0.000,NaN,NaN,NaN,NaN,NaN,NaN,NaN,NaN,NaN,NaN,NaN
2439,213,9034.000,47.953,-22.499,0.144,-0.084,NaN,NaN,784,0,-0.203,-0.102,NaN,NaN,NaN,NaN,NaN,NaN,NaN,NaN,NaN,NaN,NaN
2440,10,9035.000,515.135,-201.233,0.973,-0.386,NaN,NaN,785,0,-0.000,-0.000,NaN,NaN,NaN,NaN,NaN,NaN,NaN,NaN,NaN,NaN,NaN
2441,213,9035.000,48.097,-22.581,0.143,-0.083,NaN,NaN,785,0,-0.203,-0.102,NaN,NaN,NaN,NaN,NaN,NaN,NaN,NaN,NaN,NaN,NaN
2442,10,9036.000,516.094,-201.616,0.974,-0.386,NaN,NaN,786,0,-0.000,-0.000,NaN,NaN,NaN,NaN,NaN,NaN,NaN,NaN,NaN,NaN,NaN
2443,213,9036.000,48.238,-22.665,0.142,-0.083,NaN,NaN,786,0,-0.223,-0.111,NaN,NaN,NaN,NaN,NaN,NaN,NaN,NaN,NaN,NaN,NaN
2444,10,9037.000,517.054,-201.997,0.974,-0.386,NaN,NaN,787,0,-0.000,-0.000,NaN,NaN,NaN,NaN,NaN,NaN,NaN,NaN,NaN,NaN,NaN
2445,213,9037.000,48.381,-22.749,0.142,-0.085,NaN,NaN,787,0,-0.207,-0.104,NaN,NaN,NaN,NaN,NaN,NaN,NaN,NaN,NaN,NaN,NaN
2446,10,9038.000,518.028,-202.380,0.975,-0.385,NaN,NaN,788,0,-0.000,-0.000,NaN,NaN,NaN,NaN,NaN,NaN,NaN,NaN,NaN,NaN,NaN
2447,213,9038.000,48.523,-22.834,0.143,-0.084,NaN,NaN,788,0,-0.223,-0.111,NaN,NaN,NaN,NaN,NaN,NaN,NaN,NaN,NaN,NaN,NaN
2448,10,9039.000,518.997,-202.764,0.976,-0.386,NaN,NaN,789,0,-0.000,-0.000,NaN,NaN,NaN,NaN,NaN,NaN,NaN,NaN,NaN,NaN,NaN
2449,213,9039.000,48.666,-22.919,0.144,-0.085,NaN,NaN,789,0,-0.207,-0.104,NaN,NaN,NaN,NaN,NaN,NaN,NaN,NaN,NaN,NaN,NaN
2450,10,9040.000,519.964,-203.149,0.977,-0.385,NaN,NaN,790,0,-0.000,-0.000,NaN,NaN,NaN,NaN,NaN,NaN,NaN,NaN,NaN,NaN,NaN
2451,213,9040.000,48.810,-23.005,0.143,-0.086,NaN,NaN,790,0,-0.223,-0.111,NaN,NaN,NaN,NaN,NaN,NaN,NaN,NaN,NaN,NaN,NaN
2452,10,9041.000,520.934,-203.539,0.976,-0.387,NaN,NaN,791,0,-0.000,-0.000,NaN,NaN,NaN,NaN,NaN,NaN,NaN,NaN,NaN,NaN,NaN
2453,213,9041.000,48.953,-23.091,0.143,-0.086,NaN,NaN,791,0,-0.207,-0.104,NaN,NaN,NaN,NaN,NaN,NaN,NaN,NaN,NaN,NaN,NaN
2454,10,9042.000,521.905,-203.929,0.977,-0.388,NaN,NaN,792,0,-0.000,-0.000,NaN,NaN,NaN,NaN,NaN,NaN,NaN,NaN,NaN,NaN,NaN
2455,213,9042.000,49.096,-23.176,0.143,-0.085,NaN,NaN,792,0,-0.223,-0.111,NaN,NaN,NaN,NaN,NaN,NaN,NaN,NaN,NaN,NaN,NaN
2456,10,9043.000,522.880,-204.319,0.976,-0.388,NaN,NaN,793,0,-0.000,-0.000,NaN,NaN,NaN,NaN,NaN,NaN,NaN,NaN,NaN,NaN,NaN
2457,213,9043.000,49.239,-23.262,0.143,-0.086,NaN,NaN,793,0,-0.212,-0.106,NaN,NaN,NaN,NaN,NaN,NaN,NaN,NaN,NaN,NaN,NaN
2458,10,9044.000,523.851,-204.710,0.976,-0.388,NaN,NaN,794,0,-0.000,-0.000,NaN,NaN,NaN,NaN,NaN,NaN,NaN,NaN,NaN,NaN,NaN
2459,213,9044.000,49.381,-23.348,0.143,-0.085,NaN,NaN,794,0,-0.228,-0.114,NaN,NaN,NaN,NaN,NaN,NaN,NaN,NaN,NaN,NaN,NaN
2460,10,9045.000,524.818,-205.096,0.976,-0.388,NaN,NaN,795,0,-0.000,-0.000,NaN,NaN,NaN,NaN,NaN,NaN,NaN,NaN,NaN,NaN,NaN
2461,213,9045.000,49.523,-23.434,0.143,-0.086,NaN,NaN,795,0,-0.212,-0.106,NaN,NaN,NaN,NaN,NaN,NaN,NaN,NaN,NaN,NaN,NaN
2462,10,9046.000,525.785,-205.482,0.975,-0.387,NaN,NaN,796,0,-0.000,-0.000,NaN,NaN,NaN,NaN,NaN,NaN,NaN,NaN,NaN,NaN,NaN
2463,213,9046.000,49.666,-23.520,0.142,-0.086,NaN,NaN,796,0,-0.228,-0.114,NaN,NaN,NaN,NaN,NaN,NaN,NaN,NaN,NaN,NaN,NaN
2464,10,9047.000,526.757,-205.869,0.978,-0.387,NaN,NaN,797,0,-0.000,-0.000,NaN,NaN,NaN,NaN,NaN,NaN,NaN,NaN,NaN,NaN,NaN
2465,213,9047.000,49.808,-23.604,0.142,-0.085,NaN,NaN,797,0,-0.212,-0.106,NaN,NaN,NaN,NaN,NaN,NaN,NaN,NaN,NaN,NaN,NaN
2466,10,9048.000,527.733,-206.254,0.978,-0.386,NaN,NaN,798,0,-0.000,-0.000,NaN,NaN,NaN,NaN,NaN,NaN,NaN,NaN,NaN,NaN,NaN
2467,213,9048.000,49.951,-23.688,0.142,-0.084,NaN,NaN,798,0,-0.228,-0.114,NaN,NaN,NaN,NaN,NaN,NaN,NaN,NaN,NaN,NaN,NaN
2468,10,9049.000,528.704,-206.640,0.977,-0.385,NaN,NaN,799,0,-0.000,-0.000,NaN,NaN,NaN,NaN,NaN,NaN,NaN,NaN,NaN,NaN,NaN
2469,213,9049.000,50.094,-23.770,0.143,-0.082,NaN,NaN,799,0,-0.228,-0.114,NaN,NaN,NaN,NaN,NaN,NaN,NaN,NaN,NaN,NaN,NaN
2470,10,9050.000,529.670,-207.026,0.977,-0.386,NaN,NaN,800,0,-0.000,-0.000,NaN,NaN,NaN,NaN,NaN,NaN,NaN,NaN,NaN,NaN,NaN
2471,213,9050.000,50.237,-23.855,0.143,-0.085,NaN,NaN,800,0,-0.184,-0.092,NaN,NaN,NaN,NaN,NaN,NaN,NaN,NaN,NaN,NaN,NaN
2472,10,9051.000,530.634,-207.412,0.977,-0.387,NaN,NaN,801,0,-0.000,-0.000,NaN,NaN,NaN,NaN,NaN,NaN,NaN,NaN,NaN,NaN,NaN
2473,213,9051.000,50.381,-23.940,0.143,-0.084,NaN,NaN,801,0,-0.188,-0.094,NaN,NaN,NaN,NaN,NaN,NaN,NaN,NaN,NaN,NaN,NaN
2474,10,9052.000,531.605,-207.799,0.977,-0.387,NaN,NaN,802,0,-0.000,-0.000,NaN,NaN,NaN,NaN,NaN,NaN,NaN,NaN,NaN,NaN,NaN
2475,213,9052.000,50.524,-24.026,0.143,-0.086,NaN,NaN,802,0,-0.175,-0.088,NaN,NaN,NaN,NaN,NaN,NaN,NaN,NaN,NaN,NaN,NaN
2476,10,9053.000,532.581,-208.184,0.975,-0.387,NaN,NaN,803,0,-0.000,-0.000,NaN,NaN,NaN,NaN,NaN,NaN,NaN,NaN,NaN,NaN,NaN
2477,213,9053.000,50.668,-24.114,0.145,-0.087,NaN,NaN,803,0,-0.142,-0.071,NaN,NaN,NaN,NaN,NaN,NaN,NaN,NaN,NaN,NaN,NaN
2478,10,9054.000,533.547,-208.568,0.976,-0.387,NaN,NaN,804,0,-0.000,-0.000,NaN,NaN,NaN,NaN,NaN,NaN,NaN,NaN,NaN,NaN,NaN
2479,213,9054.000,50.813,-24.201,0.144,-0.087,NaN,NaN,804,0,-0.139,-0.070,NaN,NaN,NaN,NaN,NaN,NaN,NaN,NaN,NaN,NaN,NaN
2480,10,9055.000,534.514,-208.955,0.977,-0.388,NaN,NaN,805,0,-0.000,-0.000,NaN,NaN,NaN,NaN,NaN,NaN,NaN,NaN,NaN,NaN,NaN
2481,213,9055.000,50.957,-24.287,0.144,-0.086,NaN,NaN,805,0,-0.094,-0.047,NaN,NaN,NaN,NaN,NaN,NaN,NaN,NaN,NaN,NaN,NaN
2482,10,9056.000,535.489,-209.339,0.976,-0.387,NaN,NaN,806,0,-0.000,-0.000,NaN,NaN,NaN,NaN,NaN,NaN,NaN,NaN,NaN,NaN,NaN
2483,213,9056.000,51.101,-24.374,0.144,-0.087,NaN,NaN,806,0,-0.094,-0.047,NaN,NaN,NaN,NaN,NaN,NaN,NaN,NaN,NaN,NaN,NaN
2484,10,9057.000,536.456,-209.728,0.978,-0.387,NaN,NaN,807,0,-0.000,-0.000,NaN,NaN,NaN,NaN,NaN,NaN,NaN,NaN,NaN,NaN,NaN
2485,213,9057.000,51.247,-24.463,0.144,-0.088,NaN,NaN,807,0,-0.047,-0.024,NaN,NaN,NaN,NaN,NaN,NaN,NaN,NaN,NaN,NaN,NaN
2486,10,9058.000,537.425,-210.116,0.977,-0.389,NaN,NaN,808,0,-0.000,-0.000,NaN,NaN,NaN,NaN,NaN,NaN,NaN,NaN,NaN,NaN,NaN
2487,213,9058.000,51.389,-24.549,0.144,-0.086,NaN,NaN,808,0,-0.047,-0.024,NaN,NaN,NaN,NaN,NaN,NaN,NaN,NaN,NaN,NaN,NaN
2488,10,9059.000,538.398,-210.504,0.977,-0.388,NaN,NaN,809,0,-0.000,-0.000,NaN,NaN,NaN,NaN,NaN,NaN,NaN,NaN,NaN,NaN,NaN
2489,213,9059.000,51.533,-24.634,0.144,-0.086,NaN,NaN,809,0,-0.000,-0.000,NaN,NaN,NaN,NaN,NaN,NaN,NaN,NaN,NaN,NaN,NaN
2490,10,9060.000,539.367,-210.892,0.978,-0.389,NaN,NaN,810,0,-0.000,-0.000,NaN,NaN,NaN,NaN,NaN,NaN,NaN,NaN,NaN,NaN,NaN
2491,213,9060.000,51.676,-24.719,0.145,-0.086,NaN,NaN,810,0,-0.000,-0.000,NaN,NaN,NaN,NaN,NaN,NaN,NaN,NaN,NaN,NaN,NaN
2492,10,9061.000,540.336,-211.279,0.978,-0.387,NaN,NaN,811,0,-0.000,-0.000,NaN,NaN,NaN,NaN,NaN,NaN,NaN,NaN,NaN,NaN,NaN
2493,213,9061.000,51.821,-24.803,0.145,-0.084,NaN,NaN,811,0,-0.000,-0.000,NaN,NaN,NaN,NaN,NaN,NaN,NaN,NaN,NaN,NaN,NaN
2494,10,9062.000,541.317,-211.667,0.978,-0.388,NaN,NaN,812,0,-0.000,-0.000,NaN,NaN,NaN,NaN,NaN,NaN,NaN,NaN,NaN,NaN,NaN
2495,213,9062.000,51.966,-24.887,0.145,-0.084,NaN,NaN,812,0,-0.000,-0.000,NaN,NaN,NaN,NaN,NaN,NaN,NaN,NaN,NaN,NaN,NaN
2496,10,9063.000,542.292,-212.053,0.978,-0.388,NaN,NaN,813,0,-0.000,-0.000,NaN,NaN,NaN,NaN,NaN,NaN,NaN,NaN,NaN,NaN,NaN
2497,213,9063.000,52.109,-24.968,0.143,-0.082,NaN,NaN,813,0,-0.000,-0.000,NaN,NaN,NaN,NaN,NaN,NaN,NaN,NaN,NaN,NaN,NaN
2498,10,9064.000,543.259,-212.439,0.978,-0.386,NaN,NaN,814,0,-0.000,-0.000,NaN,NaN,NaN,NaN,NaN,NaN,NaN,NaN,NaN,NaN,NaN
2499,213,9064.000,52.252,-25.050,0.143,-0.082,NaN,NaN,814,0,-0.000,-0.000,NaN,NaN,NaN,NaN,NaN,NaN,NaN,NaN,NaN,NaN,NaN
2500,10,9065.000,544.226,-212.827,0.976,-0.387,NaN,NaN,815,0,-0.000,-0.000,NaN,NaN,NaN,NaN,NaN,NaN,NaN,NaN,NaN,NaN,NaN
2501,213,9065.000,52.396,-25.133,0.143,-0.083,NaN,NaN,815,0,-0.000,-0.000,NaN,NaN,NaN,NaN,NaN,NaN,NaN,NaN,NaN,NaN,NaN
2502,10,9066.000,545.197,-213.215,0.974,-0.389,NaN,NaN,816,0,-0.000,-0.000,NaN,NaN,NaN,NaN,NaN,NaN,NaN,NaN,NaN,NaN,NaN
2503,213,9066.000,52.541,-25.215,0.145,-0.082,NaN,NaN,816,0,-0.000,-0.000,NaN,NaN,NaN,NaN,NaN,NaN,NaN,NaN,NaN,NaN,NaN
2504,10,9067.000,546.167,-213.600,0.973,-0.388,NaN,NaN,817,0,-0.000,-0.000,NaN,NaN,NaN,NaN,NaN,NaN,NaN,NaN,NaN,NaN,NaN
2505,213,9067.000,52.684,-25.298,0.144,-0.083,NaN,NaN,817,0,-0.000,-0.000,NaN,NaN,NaN,NaN,NaN,NaN,NaN,NaN,NaN,NaN,NaN
2506,10,9068.000,547.137,-213.985,0.973,-0.388,NaN,NaN,818,0,-0.000,-0.000,NaN,NaN,NaN,NaN,NaN,NaN,NaN,NaN,NaN,NaN,NaN
2507,213,9068.000,52.828,-25.382,0.145,-0.084,NaN,NaN,818,0,-0.000,-0.000,NaN,NaN,NaN,NaN,NaN,NaN,NaN,NaN,NaN,NaN,NaN
2508,10,9069.000,548.102,-214.375,0.973,-0.389,NaN,NaN,819,0,-0.000,-0.000,NaN,NaN,NaN,NaN,NaN,NaN,NaN,NaN,NaN,NaN,NaN
2509,213,9069.000,52.974,-25.466,0.146,-0.084,NaN,NaN,819,0,-0.000,-0.000,NaN,NaN,NaN,NaN,NaN,NaN,NaN,NaN,NaN,NaN,NaN
2510,10,9070.000,549.067,-214.765,0.971,-0.389,NaN,NaN,820,0,-0.000,-0.000,NaN,NaN,NaN,NaN,NaN,NaN,NaN,NaN,NaN,NaN,NaN
2511,213,9070.000,53.121,-25.550,0.147,-0.083,NaN,NaN,820,0,-0.000,-0.000,NaN,NaN,NaN,NaN,NaN,NaN,NaN,NaN,NaN,NaN,NaN
2512,10,9071.000,550.036,-215.152,0.972,-0.390,NaN,NaN,821,0,-0.000,-0.000,NaN,NaN,NaN,NaN,NaN,NaN,NaN,NaN,NaN,NaN,NaN
2513,213,9071.000,53.269,-25.633,0.147,-0.083,NaN,NaN,821,0,-0.000,-0.000,NaN,NaN,NaN,NaN,NaN,NaN,NaN,NaN,NaN,NaN,NaN
2514,10,9072.000,551.003,-215.544,0.972,-0.389,NaN,NaN,822,0,-0.000,-0.000,NaN,NaN,NaN,NaN,NaN,NaN,NaN,NaN,NaN,NaN,NaN
2515,213,9072.000,53.415,-25.716,0.146,-0.083,NaN,NaN,822,0,-0.000,-0.000,NaN,NaN,NaN,NaN,NaN,NaN,NaN,NaN,NaN,NaN,NaN
2516,10,9073.000,551.976,-215.933,0.972,-0.390,NaN,NaN,823,0,-0.000,-0.000,NaN,NaN,NaN,NaN,NaN,NaN,NaN,NaN,NaN,NaN,NaN
2517,213,9073.000,53.562,-25.800,0.146,-0.083,NaN,NaN,823,0,-0.000,-0.000,NaN,NaN,NaN,NaN,NaN,NaN,NaN,NaN,NaN,NaN,NaN
2518,10,9074.000,552.945,-216.323,0.973,-0.390,NaN,NaN,824,0,-0.000,-0.000,NaN,NaN,NaN,NaN,NaN,NaN,NaN,NaN,NaN,NaN,NaN
2519,213,9074.000,53.709,-25.883,0.147,-0.083,NaN,NaN,824,0,-0.000,-0.000,NaN,NaN,NaN,NaN,NaN,NaN,NaN,NaN,NaN,NaN,NaN
2520,10,9075.000,553.914,-216.712,0.974,-0.389,NaN,NaN,825,0,-0.000,-0.000,NaN,NaN,NaN,NaN,NaN,NaN,NaN,NaN,NaN,NaN,NaN
2521,213,9075.000,53.856,-25.967,0.147,-0.084,NaN,NaN,825,0,-0.000,-0.000,NaN,NaN,NaN,NaN,NaN,NaN,NaN,NaN,NaN,NaN,NaN
2522,10,9076.000,554.883,-217.099,0.973,-0.390,NaN,NaN,826,0,-0.000,-0.000,NaN,NaN,NaN,NaN,NaN,NaN,NaN,NaN,NaN,NaN,NaN
2523,213,9076.000,54.004,-26.052,0.147,-0.085,NaN,NaN,826,0,-0.000,-0.000,NaN,NaN,NaN,NaN,NaN,NaN,NaN,NaN,NaN,NaN,NaN
2524,10,9077.000,555.851,-217.485,0.973,-0.389,NaN,NaN,827,0,-0.000,-0.000,NaN,NaN,NaN,NaN,NaN,NaN,NaN,NaN,NaN,NaN,NaN
2525,213,9077.000,54.151,-26.136,0.147,-0.085,NaN,NaN,827,0,-0.000,-0.000,NaN,NaN,NaN,NaN,NaN,NaN,NaN,NaN,NaN,NaN,NaN
2526,10,9078.000,556.823,-217.871,0.973,-0.388,NaN,NaN,828,0,-0.000,-0.000,NaN,NaN,NaN,NaN,NaN,NaN,NaN,NaN,NaN,NaN,NaN
2527,213,9078.000,54.295,-26.220,0.145,-0.084,NaN,NaN,828,0,-0.000,-0.000,NaN,NaN,NaN,NaN,NaN,NaN,NaN,NaN,NaN,NaN,NaN
2528,10,9079.000,557.796,-218.260,0.972,-0.389,NaN,NaN,829,0,-0.000,-0.000,NaN,NaN,NaN,NaN,NaN,NaN,NaN,NaN,NaN,NaN,NaN
2529,213,9079.000,54.441,-26.302,0.146,-0.082,NaN,NaN,829,0,-0.000,-0.000,NaN,NaN,NaN,NaN,NaN,NaN,NaN,NaN,NaN,NaN,NaN
2530,10,9080.000,558.775,-218.648,0.973,-0.388,NaN,NaN,830,0,-0.000,-0.000,NaN,NaN,NaN,NaN,NaN,NaN,NaN,NaN,NaN,NaN,NaN
2531,213,9080.000,54.587,-26.384,0.146,-0.082,NaN,NaN,830,0,-0.000,-0.000,NaN,NaN,NaN,NaN,NaN,NaN,NaN,NaN,NaN,NaN,NaN
2532,10,9081.000,559.745,-219.036,0.973,-0.388,NaN,NaN,831,0,-0.000,-0.000,NaN,NaN,NaN,NaN,NaN,NaN,NaN,NaN,NaN,NaN,NaN
2533,213,9081.000,54.735,-26.469,0.148,-0.084,NaN,NaN,831,0,-0.000,-0.000,NaN,NaN,NaN,NaN,NaN,NaN,NaN,NaN,NaN,NaN,NaN
2534,10,9082.000,560.726,-219.424,0.974,-0.386,NaN,NaN,832,0,-0.000,-0.000,NaN,NaN,NaN,NaN,NaN,NaN,NaN,NaN,NaN,NaN,NaN
2535,213,9082.000,54.884,-26.552,0.149,-0.083,NaN,NaN,832,0,-0.000,-0.000,NaN,NaN,NaN,NaN,NaN,NaN,NaN,NaN,NaN,NaN,NaN
2536,10,9083.000,561.701,-219.809,0.975,-0.386,NaN,NaN,833,0,-0.000,-0.000,NaN,NaN,NaN,NaN,NaN,NaN,NaN,NaN,NaN,NaN,NaN
2537,213,9083.000,55.034,-26.635,0.150,-0.083,NaN,NaN,833,0,-0.000,-0.000,NaN,NaN,NaN,NaN,NaN,NaN,NaN,NaN,NaN,NaN,NaN
2538,10,9084.000,562.671,-220.193,0.975,-0.385,NaN,NaN,834,0,-0.000,-0.000,NaN,NaN,NaN,NaN,NaN,NaN,NaN,NaN,NaN,NaN,NaN
2539,213,9084.000,55.183,-26.718,0.150,-0.082,NaN,NaN,834,0,-0.000,-0.000,NaN,NaN,NaN,NaN,NaN,NaN,NaN,NaN,NaN,NaN,NaN
2540,10,9085.000,563.643,-220.578,0.973,-0.386,NaN,NaN,835,0,-0.000,-0.000,NaN,NaN,NaN,NaN,NaN,NaN,NaN,NaN,NaN,NaN,NaN
2541,213,9085.000,55.332,-26.802,0.149,-0.084,NaN,NaN,835,0,-0.000,-0.000,NaN,NaN,NaN,NaN,NaN,NaN,NaN,NaN,NaN,NaN,NaN
2542,10,9086.000,564.615,-220.964,0.974,-0.386,NaN,NaN,836,0,-0.000,-0.000,NaN,NaN,NaN,NaN,NaN,NaN,NaN,NaN,NaN,NaN,NaN
2543,213,9086.000,55.479,-26.885,0.148,-0.083,NaN,NaN,836,0,-0.000,-0.000,NaN,NaN,NaN,NaN,NaN,NaN,NaN,NaN,NaN,NaN,NaN
2544,10,9087.000,565.586,-221.350,0.974,-0.387,NaN,NaN,837,0,-0.000,-0.000,NaN,NaN,NaN,NaN,NaN,NaN,NaN,NaN,NaN,NaN,NaN
2545,213,9087.000,55.628,-26.967,0.148,-0.082,NaN,NaN,837,0,-0.000,-0.000,NaN,NaN,NaN,NaN,NaN,NaN,NaN,NaN,NaN,NaN,NaN
2546,10,9088.000,566.556,-221.736,0.974,-0.387,NaN,NaN,838,0,-0.000,-0.000,NaN,NaN,NaN,NaN,NaN,NaN,NaN,NaN,NaN,NaN,NaN
2547,213,9088.000,55.775,-27.048,0.148,-0.081,NaN,NaN,838,0,-0.000,-0.000,NaN,NaN,NaN,NaN,NaN,NaN,NaN,NaN,NaN,NaN,NaN
2548,10,9089.000,567.525,-222.123,0.974,-0.386,NaN,NaN,839,0,-0.000,-0.000,NaN,NaN,NaN,NaN,NaN,NaN,NaN,NaN,NaN,NaN,NaN
2549,213,9089.000,55.923,-27.129,0.149,-0.081,NaN,NaN,839,0,-0.000,-0.000,NaN,NaN,NaN,NaN,NaN,NaN,NaN,NaN,NaN,NaN,NaN
2550,10,9090.000,568.499,-222.514,0.974,-0.386,NaN,NaN,840,0,-0.000,-0.000,NaN,NaN,NaN,NaN,NaN,NaN,NaN,NaN,NaN,NaN,NaN
2551,213,9090.000,56.073,-27.212,0.149,-0.082,NaN,NaN,840,0,-0.056,-0.028,NaN,NaN,NaN,NaN,NaN,NaN,NaN,NaN,NaN,NaN,NaN
2552,10,9091.000,569.477,-222.901,0.975,-0.386,NaN,NaN,841,0,-0.000,-0.000,NaN,NaN,NaN,NaN,NaN,NaN,NaN,NaN,NaN,NaN,NaN
2553,213,9091.000,56.223,-27.293,0.150,-0.081,NaN,NaN,841,0,-0.056,-0.028,NaN,NaN,NaN,NaN,NaN,NaN,NaN,NaN,NaN,NaN,NaN
2554,10,9092.000,570.459,-223.289,0.975,-0.387,NaN,NaN,842,0,-0.000,-0.000,NaN,NaN,NaN,NaN,NaN,NaN,NaN,NaN,NaN,NaN,NaN
2555,213,9092.000,56.375,-27.375,0.152,-0.082,NaN,NaN,842,0,-0.056,-0.028,NaN,NaN,NaN,NaN,NaN,NaN,NaN,NaN,NaN,NaN,NaN
2556,10,9093.000,571.434,-223.675,0.975,-0.388,NaN,NaN,843,0,-0.000,-0.000,NaN,NaN,NaN,NaN,NaN,NaN,NaN,NaN,NaN,NaN,NaN
2557,213,9093.000,56.526,-27.458,0.152,-0.083,NaN,NaN,843,0,-0.056,-0.028,NaN,NaN,NaN,NaN,NaN,NaN,NaN,NaN,NaN,NaN,NaN
2558,10,9094.000,572.411,-224.064,0.973,-0.389,NaN,NaN,844,0,-0.000,-0.000,NaN,NaN,NaN,NaN,NaN,NaN,NaN,NaN,NaN,NaN,NaN
2559,213,9094.000,56.680,-27.541,0.153,-0.082,NaN,NaN,844,0,-0.061,-0.031,NaN,NaN,NaN,NaN,NaN,NaN,NaN,NaN,NaN,NaN,NaN
2560,10,9095.000,573.390,-224.456,0.974,-0.389,NaN,NaN,845,0,-0.000,-0.000,NaN,NaN,NaN,NaN,NaN,NaN,NaN,NaN,NaN,NaN,NaN
2561,213,9095.000,56.833,-27.624,0.153,-0.083,NaN,NaN,845,0,-0.058,-0.029,NaN,NaN,NaN,NaN,NaN,NaN,NaN,NaN,NaN,NaN,NaN
2562,10,9096.000,574.362,-224.844,0.974,-0.389,NaN,NaN,846,0,-0.000,-0.000,NaN,NaN,NaN,NaN,NaN,NaN,NaN,NaN,NaN,NaN,NaN
2563,213,9096.000,56.987,-27.705,0.154,-0.082,NaN,NaN,846,0,-0.058,-0.029,NaN,NaN,NaN,NaN,NaN,NaN,NaN,NaN,NaN,NaN,NaN
2564,10,9097.000,575.332,-225.232,0.973,-0.389,NaN,NaN,847,0,-0.000,-0.000,NaN,NaN,NaN,NaN,NaN,NaN,NaN,NaN,NaN,NaN,NaN
2565,213,9097.000,57.139,-27.787,0.152,-0.082,NaN,NaN,847,0,-0.058,-0.029,NaN,NaN,NaN,NaN,NaN,NaN,NaN,NaN,NaN,NaN,NaN
2566,10,9098.000,576.302,-225.622,0.973,-0.389,NaN,NaN,848,0,-0.000,-0.000,NaN,NaN,NaN,NaN,NaN,NaN,NaN,NaN,NaN,NaN,NaN
2567,213,9098.000,57.289,-27.869,0.150,-0.083,NaN,NaN,848,0,-0.058,-0.029,NaN,NaN,NaN,NaN,NaN,NaN,NaN,NaN,NaN,NaN,NaN
2568,10,9099.000,577.277,-226.014,0.973,-0.390,NaN,NaN,849,0,-0.000,-0.000,NaN,NaN,NaN,NaN,NaN,NaN,NaN,NaN,NaN,NaN,NaN
2569,213,9099.000,57.439,-27.952,0.150,-0.083,NaN,NaN,849,0,-0.063,-0.032,NaN,NaN,NaN,NaN,NaN,NaN,NaN,NaN,NaN,NaN,NaN
2570,10,9100.000,578.252,-226.407,0.973,-0.390,NaN,NaN,850,0,-0.000,-0.000,NaN,NaN,NaN,NaN,NaN,NaN,NaN,NaN,NaN,NaN,NaN
2571,213,9100.000,57.591,-28.035,0.152,-0.083,NaN,NaN,850,0,-0.063,-0.032,NaN,NaN,NaN,NaN,NaN,NaN,NaN,NaN,NaN,NaN,NaN
2572,10,9101.000,579.225,-226.799,0.972,-0.392,NaN,NaN,851,0,-0.000,-0.000,NaN,NaN,NaN,NaN,NaN,NaN,NaN,NaN,NaN,NaN,NaN
2573,213,9101.000,57.742,-28.119,0.152,-0.084,NaN,NaN,851,0,-0.058,-0.029,NaN,NaN,NaN,NaN,NaN,NaN,NaN,NaN,NaN,NaN,NaN
2574,10,9102.000,580.205,-227.190,0.973,-0.391,NaN,NaN,852,0,-0.000,-0.000,NaN,NaN,NaN,NaN,NaN,NaN,NaN,NaN,NaN,NaN,NaN
2575,213,9102.000,57.893,-28.203,0.151,-0.084,NaN,NaN,852,0,-0.058,-0.029,NaN,NaN,NaN,NaN,NaN,NaN,NaN,NaN,NaN,NaN,NaN
2576,10,9103.000,581.182,-227.581,0.973,-0.391,NaN,NaN,853,0,-0.000,-0.000,NaN,NaN,NaN,NaN,NaN,NaN,NaN,NaN,NaN,NaN,NaN
2577,213,9103.000,58.043,-28.285,0.150,-0.083,NaN,NaN,853,0,-0.063,-0.032,NaN,NaN,NaN,NaN,NaN,NaN,NaN,NaN,NaN,NaN,NaN
2578,10,9104.000,582.155,-227.972,0.972,-0.390,NaN,NaN,854,0,-0.000,-0.000,NaN,NaN,NaN,NaN,NaN,NaN,NaN,NaN,NaN,NaN,NaN
2579,213,9104.000,58.192,-28.368,0.150,-0.083,NaN,NaN,854,0,-0.063,-0.032,NaN,NaN,NaN,NaN,NaN,NaN,NaN,NaN,NaN,NaN,NaN
2580,10,9105.000,583.129,-228.365,0.972,-0.391,NaN,NaN,855,0,-0.000,-0.000,NaN,NaN,NaN,NaN,NaN,NaN,NaN,NaN,NaN,NaN,NaN
2581,213,9105.000,58.343,-28.449,0.150,-0.081,NaN,NaN,855,0,-0.065,-0.032,NaN,NaN,NaN,NaN,NaN,NaN,NaN,NaN,NaN,NaN,NaN
2582,10,9106.000,584.098,-228.757,0.973,-0.391,NaN,NaN,856,0,-0.000,-0.000,NaN,NaN,NaN,NaN,NaN,NaN,NaN,NaN,NaN,NaN,NaN
2583,213,9106.000,58.492,-28.530,0.150,-0.082,NaN,NaN,856,0,-0.059,-0.030,NaN,NaN,NaN,NaN,NaN,NaN,NaN,NaN,NaN,NaN,NaN
2584,10,9107.000,585.069,-229.150,0.973,-0.391,NaN,NaN,857,0,-0.000,-0.000,NaN,NaN,NaN,NaN,NaN,NaN,NaN,NaN,NaN,NaN,NaN
2585,213,9107.000,58.641,-28.611,0.149,-0.081,NaN,NaN,857,0,-0.059,-0.030,NaN,NaN,NaN,NaN,NaN,NaN,NaN,NaN,NaN,NaN,NaN
2586,10,9108.000,586.041,-229.540,0.972,-0.391,NaN,NaN,858,0,-0.000,-0.000,NaN,NaN,NaN,NaN,NaN,NaN,NaN,NaN,NaN,NaN,NaN
2587,213,9108.000,58.790,-28.692,0.149,-0.081,NaN,NaN,858,0,-0.065,-0.032,NaN,NaN,NaN,NaN,NaN,NaN,NaN,NaN,NaN,NaN,NaN
2588,10,9109.000,587.011,-229.930,0.973,-0.392,NaN,NaN,859,0,-0.000,-0.000,NaN,NaN,NaN,NaN,NaN,NaN,NaN,NaN,NaN,NaN,NaN
2589,213,9109.000,58.939,-28.772,0.150,-0.081,NaN,NaN,859,0,-0.065,-0.032,NaN,NaN,NaN,NaN,NaN,NaN,NaN,NaN,NaN,NaN,NaN
2590,10,9110.000,587.983,-230.324,0.972,-0.392,NaN,NaN,860,0,-0.000,-0.000,NaN,NaN,NaN,NaN,NaN,NaN,NaN,NaN,NaN,NaN,NaN
2591,213,9110.000,59.090,-28.853,0.151,-0.080,NaN,NaN,860,0,-0.065,-0.032,NaN,NaN,NaN,NaN,NaN,NaN,NaN,NaN,NaN,NaN,NaN
2592,10,9111.000,588.956,-230.717,0.971,-0.393,NaN,NaN,861,0,-0.000,-0.000,NaN,NaN,NaN,NaN,NaN,NaN,NaN,NaN,NaN,NaN,NaN
2593,213,9111.000,59.243,-28.932,0.152,-0.079,NaN,NaN,861,0,-0.065,-0.032,NaN,NaN,NaN,NaN,NaN,NaN,NaN,NaN,NaN,NaN,NaN
2594,10,9112.000,589.932,-231.109,0.971,-0.391,NaN,NaN,862,0,-0.000,-0.000,NaN,NaN,NaN,NaN,NaN,NaN,NaN,NaN,NaN,NaN,NaN
2595,213,9112.000,59.392,-29.009,0.151,-0.078,NaN,NaN,862,0,-0.065,-0.032,NaN,NaN,NaN,NaN,NaN,NaN,NaN,NaN,NaN,NaN,NaN
2596,10,9113.000,590.907,-231.503,0.972,-0.391,NaN,NaN,863,0,-0.000,-0.000,NaN,NaN,NaN,NaN,NaN,NaN,NaN,NaN,NaN,NaN,NaN
2597,213,9113.000,59.543,-29.088,0.153,-0.078,NaN,NaN,863,0,-0.065,-0.032,NaN,NaN,NaN,NaN,NaN,NaN,NaN,NaN,NaN,NaN,NaN
2598,10,9114.000,591.880,-231.894,0.972,-0.392,NaN,NaN,864,0,-0.000,-0.000,NaN,NaN,NaN,NaN,NaN,NaN,NaN,NaN,NaN,NaN,NaN
2599,213,9114.000,59.695,-29.164,0.153,-0.076,NaN,NaN,864,0,-0.059,-0.030,NaN,NaN,NaN,NaN,NaN,NaN,NaN,NaN,NaN,NaN,NaN
2600,10,9115.000,592.854,-232.287,0.972,-0.393,NaN,NaN,865,0,-0.000,-0.000,NaN,NaN,NaN,NaN,NaN,NaN,NaN,NaN,NaN,NaN,NaN
2601,213,9115.000,59.850,-29.240,0.154,-0.076,NaN,NaN,865,0,-0.067,-0.033,NaN,NaN,NaN,NaN,NaN,NaN,NaN,NaN,NaN,NaN,NaN
2602,10,9116.000,593.833,-232.679,0.974,-0.392,NaN,NaN,866,0,-0.000,-0.000,NaN,NaN,NaN,NaN,NaN,NaN,NaN,NaN,NaN,NaN,NaN
2603,213,9116.000,60.004,-29.317,0.154,-0.077,NaN,NaN,866,0,-0.067,-0.033,NaN,NaN,NaN,NaN,NaN,NaN,NaN,NaN,NaN,NaN,NaN
2604,10,9117.000,594.809,-233.072,0.973,-0.392,NaN,NaN,867,0,-0.000,-0.000,NaN,NaN,NaN,NaN,NaN,NaN,NaN,NaN,NaN,NaN,NaN
2605,213,9117.000,60.159,-29.393,0.155,-0.075,NaN,NaN,867,0,-0.067,-0.033,NaN,NaN,NaN,NaN,NaN,NaN,NaN,NaN,NaN,NaN,NaN
2606,10,9118.000,595.787,-233.465,0.970,-0.392,NaN,NaN,868,0,-0.000,-0.000,NaN,NaN,NaN,NaN,NaN,NaN,NaN,NaN,NaN,NaN,NaN
2607,213,9118.000,60.314,-29.468,0.155,-0.075,NaN,NaN,868,0,-0.067,-0.033,NaN,NaN,NaN,NaN,NaN,NaN,NaN,NaN,NaN,NaN,NaN
2608,10,9119.000,596.766,-233.858,0.970,-0.391,NaN,NaN,869,0,-0.000,-0.000,NaN,NaN,NaN,NaN,NaN,NaN,NaN,NaN,NaN,NaN,NaN
2609,213,9119.000,60.467,-29.545,0.154,-0.077,NaN,NaN,869,0,-0.067,-0.033,NaN,NaN,NaN,NaN,NaN,NaN,NaN,NaN,NaN,NaN,NaN
2610,10,9120.000,597.744,-234.253,0.970,-0.392,NaN,NaN,870,0,-0.000,-0.000,NaN,NaN,NaN,NaN,NaN,NaN,NaN,NaN,NaN,NaN,NaN
2611,213,9120.000,60.620,-29.621,0.153,-0.076,NaN,NaN,870,0,-0.067,-0.033,NaN,NaN,NaN,NaN,NaN,NaN,NaN,NaN,NaN,NaN,NaN
2612,10,9121.000,598.721,-234.644,0.970,-0.390,NaN,NaN,871,0,-0.000,-0.000,NaN,NaN,NaN,NaN,NaN,NaN,NaN,NaN,NaN,NaN,NaN
2613,213,9121.000,60.772,-29.697,0.153,-0.076,NaN,NaN,871,0,-0.067,-0.033,NaN,NaN,NaN,NaN,NaN,NaN,NaN,NaN,NaN,NaN,NaN
2614,10,9122.000,599.697,-235.035,0.970,-0.392,NaN,NaN,872,0,-0.000,-0.000,NaN,NaN,NaN,NaN,NaN,NaN,NaN,NaN,NaN,NaN,NaN
2615,213,9122.000,60.924,-29.774,0.153,-0.077,NaN,NaN,872,0,-0.067,-0.033,NaN,NaN,NaN,NaN,NaN,NaN,NaN,NaN,NaN,NaN,NaN
2616,10,9123.000,600.674,-235.427,0.971,-0.392,NaN,NaN,873,0,-0.000,-0.000,NaN,NaN,NaN,NaN,NaN,NaN,NaN,NaN,NaN,NaN,NaN
2617,213,9123.000,61.079,-29.850,0.154,-0.076,NaN,NaN,873,0,-0.067,-0.033,NaN,NaN,NaN,NaN,NaN,NaN,NaN,NaN,NaN,NaN,NaN
2618,10,9124.000,601.648,-235.820,0.971,-0.392,NaN,NaN,874,0,-0.000,-0.000,NaN,NaN,NaN,NaN,NaN,NaN,NaN,NaN,NaN,NaN,NaN
2619,213,9124.000,61.235,-29.924,0.156,-0.075,NaN,NaN,874,0,-0.067,-0.033,NaN,NaN,NaN,NaN,NaN,NaN,NaN,NaN,NaN,NaN,NaN
2620,10,9125.000,602.615,-236.214,0.971,-0.391,NaN,NaN,875,0,-0.000,-0.000,NaN,NaN,NaN,NaN,NaN,NaN,NaN,NaN,NaN,NaN,NaN
2621,213,9125.000,61.390,-29.998,0.155,-0.074,NaN,NaN,875,0,-0.068,-0.034,NaN,NaN,NaN,NaN,NaN,NaN,NaN,NaN,NaN,NaN,NaN
2622,10,9126.000,603.579,-236.607,0.971,-0.391,NaN,NaN,876,0,-0.000,-0.000,NaN,NaN,NaN,NaN,NaN,NaN,NaN,NaN,NaN,NaN,NaN
2623,213,9126.000,61.547,-30.070,0.156,-0.072,NaN,NaN,876,0,-0.075,-0.038,NaN,NaN,NaN,NaN,NaN,NaN,NaN,NaN,NaN,NaN,NaN
2624,10,9127.000,604.549,-236.998,0.971,-0.388,NaN,NaN,877,0,-0.000,-0.000,NaN,NaN,NaN,NaN,NaN,NaN,NaN,NaN,NaN,NaN,NaN
2625,213,9127.000,61.704,-30.142,0.156,-0.072,NaN,NaN,877,0,-0.075,-0.038,NaN,NaN,NaN,NaN,NaN,NaN,NaN,NaN,NaN,NaN,NaN
2626,10,9128.000,605.529,-237.389,0.970,-0.387,NaN,NaN,878,0,-0.000,-0.000,NaN,NaN,NaN,NaN,NaN,NaN,NaN,NaN,NaN,NaN,NaN
2627,213,9128.000,61.858,-30.214,0.155,-0.071,NaN,NaN,878,0,-0.075,-0.038,NaN,NaN,NaN,NaN,NaN,NaN,NaN,NaN,NaN,NaN,NaN
2628,10,9129.000,606.503,-237.774,0.970,-0.385,NaN,NaN,879,0,-0.000,-0.000,NaN,NaN,NaN,NaN,NaN,NaN,NaN,NaN,NaN,NaN,NaN
2629,213,9129.000,62.013,-30.286,0.155,-0.073,NaN,NaN,879,0,-0.068,-0.034,NaN,NaN,NaN,NaN,NaN,NaN,NaN,NaN,NaN,NaN,NaN
2630,10,9130.000,607.480,-238.156,0.970,-0.384,NaN,NaN,880,0,-0.000,-0.000,NaN,NaN,NaN,NaN,NaN,NaN,NaN,NaN,NaN,NaN,NaN
2631,213,9130.000,62.170,-30.360,0.156,-0.073,NaN,NaN,880,0,-0.068,-0.034,NaN,NaN,NaN,NaN,NaN,NaN,NaN,NaN,NaN,NaN,NaN
2632,10,9131.000,608.454,-238.541,0.969,-0.384,NaN,NaN,881,0,-0.000,-0.000,NaN,NaN,NaN,NaN,NaN,NaN,NaN,NaN,NaN,NaN,NaN
2633,213,9131.000,62.327,-30.433,0.158,-0.073,NaN,NaN,881,0,-0.068,-0.034,NaN,NaN,NaN,NaN,NaN,NaN,NaN,NaN,NaN,NaN,NaN
2634,10,9132.000,609.431,-238.926,0.970,-0.384,NaN,NaN,882,0,-0.000,-0.000,NaN,NaN,NaN,NaN,NaN,NaN,NaN,NaN,NaN,NaN,NaN
2635,213,9132.000,62.484,-30.506,0.157,-0.073,NaN,NaN,882,0,-0.068,-0.034,NaN,NaN,NaN,NaN,NaN,NaN,NaN,NaN,NaN,NaN,NaN
2636,10,9133.000,610.406,-239.311,0.971,-0.383,NaN,NaN,883,0,-0.000,-0.000,NaN,NaN,NaN,NaN,NaN,NaN,NaN,NaN,NaN,NaN,NaN
2637,213,9133.000,62.640,-30.578,0.156,-0.073,NaN,NaN,883,0,-0.068,-0.034,NaN,NaN,NaN,NaN,NaN,NaN,NaN,NaN,NaN,NaN,NaN
2638,10,9134.000,611.383,-239.694,0.970,-0.382,NaN,NaN,884,0,-0.000,-0.000,NaN,NaN,NaN,NaN,NaN,NaN,NaN,NaN,NaN,NaN,NaN
2639,213,9134.000,62.797,-30.651,0.156,-0.072,NaN,NaN,884,0,-0.068,-0.034,NaN,NaN,NaN,NaN,NaN,NaN,NaN,NaN,NaN,NaN,NaN
2640,10,9135.000,612.356,-240.076,0.970,-0.382,NaN,NaN,885,0,-0.000,-0.000,NaN,NaN,NaN,NaN,NaN,NaN,NaN,NaN,NaN,NaN,NaN
2641,213,9135.000,62.951,-30.722,0.156,-0.072,NaN,NaN,885,0,-0.068,-0.034,NaN,NaN,NaN,NaN,NaN,NaN,NaN,NaN,NaN,NaN,NaN
2642,10,9136.000,613.337,-240.455,0.971,-0.382,NaN,NaN,886,0,-0.000,-0.000,NaN,NaN,NaN,NaN,NaN,NaN,NaN,NaN,NaN,NaN,NaN
2643,213,9136.000,63.108,-30.796,0.156,-0.074,NaN,NaN,886,0,-0.077,-0.039,NaN,NaN,NaN,NaN,NaN,NaN,NaN,NaN,NaN,NaN,NaN
2644,10,9137.000,614.314,-240.834,0.972,-0.381,NaN,NaN,887,0,-0.000,-0.000,NaN,NaN,NaN,NaN,NaN,NaN,NaN,NaN,NaN,NaN,NaN
2645,213,9137.000,63.263,-30.871,0.156,-0.074,NaN,NaN,887,0,-0.077,-0.039,NaN,NaN,NaN,NaN,NaN,NaN,NaN,NaN,NaN,NaN,NaN
2646,10,9138.000,615.291,-241.216,0.970,-0.382,NaN,NaN,888,0,-0.000,-0.000,NaN,NaN,NaN,NaN,NaN,NaN,NaN,NaN,NaN,NaN,NaN
2647,213,9138.000,63.418,-30.945,0.156,-0.074,NaN,NaN,888,0,-0.077,-0.039,NaN,NaN,NaN,NaN,NaN,NaN,NaN,NaN,NaN,NaN,NaN
2648,10,9139.000,616.267,-241.595,0.970,-0.380,NaN,NaN,889,0,-0.000,-0.000,NaN,NaN,NaN,NaN,NaN,NaN,NaN,NaN,NaN,NaN,NaN
2649,213,9139.000,63.575,-31.018,0.156,-0.073,NaN,NaN,889,0,-0.077,-0.039,NaN,NaN,NaN,NaN,NaN,NaN,NaN,NaN,NaN,NaN,NaN
2650,10,9140.000,617.240,-241.968,0.972,-0.378,NaN,NaN,890,0,-0.000,-0.000,NaN,NaN,NaN,NaN,NaN,NaN,NaN,NaN,NaN,NaN,NaN
2651,213,9140.000,63.728,-31.091,0.154,-0.072,NaN,NaN,890,0,-0.077,-0.039,NaN,NaN,NaN,NaN,NaN,NaN,NaN,NaN,NaN,NaN,NaN
2652,10,9141.000,618.214,-242.344,0.972,-0.377,NaN,NaN,891,0,-0.000,-0.000,NaN,NaN,NaN,NaN,NaN,NaN,NaN,NaN,NaN,NaN,NaN
2653,213,9141.000,63.884,-31.162,0.154,-0.071,NaN,NaN,891,0,-0.077,-0.039,NaN,NaN,NaN,NaN,NaN,NaN,NaN,NaN,NaN,NaN,NaN
2654,10,9142.000,619.184,-242.723,0.972,-0.377,NaN,NaN,892,0,-0.000,-0.000,NaN,NaN,NaN,NaN,NaN,NaN,NaN,NaN,NaN,NaN,NaN
2655,213,9142.000,64.041,-31.232,0.157,-0.070,NaN,NaN,892,0,-0.077,-0.039,NaN,NaN,NaN,NaN,NaN,NaN,NaN,NaN,NaN,NaN,NaN
2656,10,9143.000,620.159,-243.099,0.974,-0.376,NaN,NaN,893,0,-0.000,-0.000,NaN,NaN,NaN,NaN,NaN,NaN,NaN,NaN,NaN,NaN,NaN
2657,213,9143.000,64.196,-31.303,0.157,-0.071,NaN,NaN,893,0,-0.077,-0.039,NaN,NaN,NaN,NaN,NaN,NaN,NaN,NaN,NaN,NaN,NaN
2658,10,9144.000,621.127,-243.475,0.974,-0.375,NaN,NaN,894,0,-0.000,-0.000,NaN,NaN,NaN,NaN,NaN,NaN,NaN,NaN,NaN,NaN,NaN
2659,213,9144.000,64.353,-31.374,0.156,-0.072,NaN,NaN,894,0,-0.077,-0.039,NaN,NaN,NaN,NaN,NaN,NaN,NaN,NaN,NaN,NaN,NaN
2660,10,9145.000,622.100,-243.849,0.973,-0.374,NaN,NaN,895,0,-0.000,-0.000,NaN,NaN,NaN,NaN,NaN,NaN,NaN,NaN,NaN,NaN,NaN
2661,213,9145.000,64.508,-31.444,0.156,-0.070,NaN,NaN,895,0,-0.070,-0.035,NaN,NaN,NaN,NaN,NaN,NaN,NaN,NaN,NaN,NaN,NaN
2662,10,9146.000,623.072,-244.229,0.970,-0.375,NaN,NaN,896,0,-0.000,-0.000,NaN,NaN,NaN,NaN,NaN,NaN,NaN,NaN,NaN,NaN,NaN
2663,213,9146.000,64.665,-31.514,0.158,-0.070,NaN,NaN,896,0,-0.077,-0.039,NaN,NaN,NaN,NaN,NaN,NaN,NaN,NaN,NaN,NaN,NaN
2664,10,9147.000,624.039,-244.609,0.971,-0.377,NaN,NaN,897,0,-0.000,-0.000,NaN,NaN,NaN,NaN,NaN,NaN,NaN,NaN,NaN,NaN,NaN
2665,213,9147.000,64.822,-31.585,0.158,-0.070,NaN,NaN,897,0,-0.077,-0.039,NaN,NaN,NaN,NaN,NaN,NaN,NaN,NaN,NaN,NaN,NaN
2666,10,9148.000,625.010,-244.988,0.972,-0.377,NaN,NaN,898,0,-0.000,-0.000,NaN,NaN,NaN,NaN,NaN,NaN,NaN,NaN,NaN,NaN,NaN
2667,213,9148.000,64.979,-31.657,0.158,-0.072,NaN,NaN,898,0,-0.080,-0.040,NaN,NaN,NaN,NaN,NaN,NaN,NaN,NaN,NaN,NaN,NaN
2668,10,9149.000,625.987,-245.365,0.971,-0.378,NaN,NaN,899,0,-0.000,-0.000,NaN,NaN,NaN,NaN,NaN,NaN,NaN,NaN,NaN,NaN,NaN
2669,213,9149.000,65.134,-31.731,0.156,-0.073,NaN,NaN,899,0,-0.080,-0.040,NaN,NaN,NaN,NaN,NaN,NaN,NaN,NaN,NaN,NaN,NaN
2670,10,9150.000,626.962,-245.741,0.971,-0.377,NaN,NaN,900,0,-0.000,-0.000,NaN,NaN,NaN,NaN,NaN,NaN,NaN,NaN,NaN,NaN,NaN
2671,213,9150.000,65.289,-31.804,0.156,-0.073,NaN,NaN,900,0,-0.080,-0.040,NaN,NaN,NaN,NaN,NaN,NaN,NaN,NaN,NaN,NaN,NaN
