,ID,timestamp,x,y,vx,vy,rgb_conf,lidar_conf,t_index,YOLO_cls,rgb_LLR,lidar_LLR,L,T,R,B,X_LiDAR,Y_LiDAR,Z_LiDAR,l,w,h,rot
0,0,3000.000,10.930,1.850,0.000,0.000,0.913,0.987,0,0,4.052,2.026,359.000,207.000,453.000,415.000,10.930,1.850,-1.260,0.780,0.680,1.640,-0.319
1,1,3000.000,6.470,4.130,0.000,0.000,NaN,0.998,0,0,0.000,1.677,-393.000,214.000,-124.000,581.000,6.470,4.130,-1.290,0.740,0.590,1.590,-0.521
2,2,3000.000,27.770,-3.580,0.000,0.000,NaN,0.240,0,0,-3.338,-0.839,749.000,195.000,836.000,294.000,27.770,-3.580,-1.310,1.870,0.570,1.970,-0.945
3,0,3001.000,10.947,1.800,0.009,-0.034,0.905,NaN,1,0,3.726,-1.327,364.000,208.000,456.000,418.000,NaN,NaN,NaN,NaN,NaN,NaN,NaN
4,1,3001.000,6.460,4.128,-0.010,-0.001,NaN,NaN,1,0,-2.654,-1.327,NaN,NaN,NaN,NaN,NaN,NaN,NaN,NaN,NaN,NaN,NaN
5,2,3001.000,27.766,-3.574,0.000,0.007,NaN,NaN,1,0,-1.466,-1.310,NaN,NaN,NaN,NaN,NaN,NaN,NaN,NaN,NaN,NaN,NaN
6,0,3002.000,11.130,1.730,0.068,-0.053,0.921,0.927,2,0,4.052,2.026,373.000,212.000,466.000,418.000,11.170,1.710,-1.220,0.820,0.610,1.690,-0.015
7,1,3002.000,6.588,4.062,0.054,-0.034,NaN,1.000,2,0,0.000,1.747,-360.000,210.000,-90.000,572.000,6.610,4.050,-1.280,0.770,0.590,1.610,-0.288
8,2,3002.000,27.708,-3.553,-0.014,0.003,0.494,0.244,2,0,-0.479,-0.839,771.000,198.000,810.000,259.000,27.700,-3.550,-1.290,2.030,0.550,1.830,-1.104
9,0,3003.000,11.142,1.689,0.054,-0.051,0.909,0.902,3,0,4.052,2.026,379.000,214.000,474.000,417.000,11.120,1.690,-1.240,0.880,0.480,1.750,2.512
10,1,3003.000,6.730,3.985,0.087,-0.053,NaN,1.000,3,0,0.000,1.747,-323.000,206.000,-54.000,558.000,6.780,3.970,-1.270,0.780,0.680,1.620,-0.096
11,2,3003.000,27.729,-3.544,-0.002,-0.001,0.638,0.299,3,0,0.341,-0.693,772.000,198.000,809.000,258.000,27.730,-3.540,-1.210,0.790,0.590,1.760,-0.826
12,0,3004.000,11.197,1.632,0.054,-0.051,0.909,NaN,4,0,3.726,-1.327,380.000,214.000,477.000,416.000,NaN,NaN,NaN,NaN,NaN,NaN,NaN
13,1,3004.000,6.817,3.932,0.088,-0.053,NaN,NaN,4,0,-2.654,-1.327,NaN,NaN,NaN,NaN,NaN,NaN,NaN,NaN,NaN,NaN,NaN
14,2,3004.000,27.724,-3.566,-0.006,-0.010,0.119,NaN,4,0,-1.894,-1.310,774.000,201.000,812.000,258.000,NaN,NaN,NaN,NaN,NaN,NaN,NaN
15,0,3005.000,11.292,1.595,0.064,-0.044,0.876,0.929,5,0,4.052,2.026,391.000,212.000,485.000,412.000,11.300,1.610,-1.250,0.840,0.490,1.790,-0.662
16,1,3005.000,6.885,3.858,0.084,-0.054,NaN,1.000,5,0,0.000,1.747,-270.000,206.000,-29.000,550.000,6.900,3.850,-1.270,0.740,0.630,1.620,-0.056
17,2,3005.000,27.773,-3.625,0.007,-0.025,0.263,0.319,5,0,-1.565,-0.675,778.000,197.000,816.000,257.000,27.820,-3.720,-1.280,1.850,0.640,1.810,-0.927
18,0,3006.000,11.459,1.502,0.098,-0.057,0.882,0.908,6,0,4.173,2.087,412.000,210.000,494.000,409.000,11.530,1.470,-1.270,0.860,0.610,1.780,-0.057
19,1,3006.000,6.979,3.793,0.088,-0.057,NaN,1.000,6,0,0.000,1.747,-248.000,194.000,0.000,562.000,6.990,3.780,-1.270,0.780,0.600,1.740,-0.404
20,2,3006.000,27.765,-3.689,0.003,-0.036,0.651,NaN,6,0,1.281,-1.310,781.000,199.000,822.000,258.000,NaN,NaN,NaN,NaN,NaN,NaN,NaN
21,0,3007.000,11.559,1.443,0.099,-0.058,0.886,NaN,7,0,3.726,-1.327,416.000,209.000,494.000,411.000,NaN,NaN,NaN,NaN,NaN,NaN,NaN
22,1,3007.000,7.067,3.736,0.088,-0.057,NaN,NaN,7,0,-2.654,-1.327,NaN,NaN,NaN,NaN,NaN,NaN,NaN,NaN,NaN,NaN,NaN
23,2,3007.000,27.758,-3.730,0.001,-0.037,0.737,NaN,7,0,2.746,-1.313,782.000,198.000,821.000,265.000,NaN,NaN,NaN,NaN,NaN,NaN,NaN
24,0,3008.000,11.672,1.408,0.104,-0.052,0.902,0.779,8,0,4.173,1.801,425.000,208.000,516.000,410.000,11.690,1.430,-1.240,0.800,0.570,1.810,-0.289
25,1,3008.000,7.165,3.707,0.092,-0.049,NaN,1.000,8,0,0.000,1.747,-205.000,202.000,15.000,527.000,7.170,3.720,-1.230,0.810,0.540,1.590,-0.123
26,2,3008.000,27.857,-3.778,0.021,-0.043,0.544,1.000,8,0,-0.200,7.239,787.000,195.000,821.000,260.000,27.910,-3.820,-1.250,1.930,0.590,1.830,-1.075
27,0,3009.000,11.800,1.334,0.113,-0.058,0.867,0.932,9,0,4.173,2.087,434.000,210.000,521.000,409.000,11.830,1.320,-1.240,0.760,0.670,1.680,-0.105
28,1,3009.000,7.291,3.654,0.101,-0.051,NaN,1.000,9,0,0.000,1.747,-179.000,193.000,40.000,527.000,7.310,3.660,-1.230,0.760,0.640,1.680,-0.024
29,2,3009.000,27.876,-3.820,0.021,-0.044,0.484,0.178,9,0,-0.531,-1.003,792.000,193.000,825.000,262.000,27.880,-3.820,-1.180,0.820,0.610,1.800,0.208
30,0,3010.000,11.915,1.266,0.114,-0.062,0.890,NaN,10,0,3.848,-1.327,439.000,214.000,526.000,407.000,NaN,NaN,NaN,NaN,NaN,NaN,NaN
31,1,3010.000,7.494,3.426,0.134,-0.106,0.661,NaN,10,0,1.638,-1.327,0.000,288.000,34.000,519.000,NaN,NaN,NaN,NaN,NaN,NaN,NaN
32,2,3010.000,27.891,-3.943,0.019,-0.063,0.692,NaN,10,0,1.982,-1.315,796.000,199.000,830.000,261.000,NaN,NaN,NaN,NaN,NaN,NaN,NaN
33,0,3011.000,11.933,1.209,0.089,-0.060,0.871,0.957,11,0,4.173,2.087,449.000,213.000,525.000,408.000,11.890,1.230,-1.240,0.920,0.460,1.730,2.610
34,1,3011.000,7.603,3.423,0.129,-0.064,0.916,1.000,11,0,3.637,1.818,0.000,236.000,58.000,520.000,7.500,3.600,-1.210,0.700,0.720,1.570,-0.067
35,2,3011.000,28.021,-4.036,0.039,-0.070,0.677,0.999,11,0,0.629,7.239,798.000,200.000,831.000,264.000,28.130,-4.100,-1.260,1.960,0.600,1.830,-1.060
36,0,3012.000,12.028,1.151,0.090,-0.059,0.845,0.902,12,0,4.173,2.087,459.000,214.000,531.000,403.000,12.030,1.170,-1.240,0.840,0.550,1.700,-0.495
37,1,3012.000,7.696,3.407,0.121,-0.034,0.928,1.000,12,0,3.637,1.818,0.000,235.000,104.000,514.000,7.650,3.550,-1.210,0.710,0.840,1.520,-0.021
38,2,3012.000,28.139,-4.144,0.053,-0.079,0.790,0.005,12,0,1.716,-1.677,800.000,200.000,838.000,265.000,28.210,-4.190,-1.300,1.730,0.570,1.930,-1.160
39,0,3013.000,12.116,1.098,0.088,-0.056,0.867,NaN,13,0,3.848,-1.327,463.000,209.000,532.000,399.000,NaN,NaN,NaN,NaN,NaN,NaN,NaN
40,1,3013.000,7.820,3.365,0.122,-0.039,0.934,NaN,13,0,3.262,-1.327,0.000,237.000,112.000,527.000,NaN,NaN,NaN,NaN,NaN,NaN,NaN
41,2,3013.000,28.199,-4.237,0.056,-0.082,0.574,NaN,13,0,0.787,-1.321,803.000,200.000,839.000,268.000,NaN,NaN,NaN,NaN,NaN,NaN,NaN
42,0,3014.000,12.186,1.045,0.083,-0.054,0.873,0.997,14,0,4.173,2.087,473.000,206.000,537.000,398.000,12.170,1.060,-1.250,0.810,0.610,1.830,-0.469
43,1,3014.000,7.855,3.398,0.091,-0.009,0.958,1.000,14,0,3.637,1.818,0.000,238.000,125.000,523.000,7.770,3.480,-1.240,0.750,0.620,1.640,-0.158
44,2,3014.000,28.183,-4.245,0.044,-0.066,NaN,0.545,14,0,-3.371,-0.068,796.000,191.000,837.000,279.000,28.120,-4.120,-1.130,0.870,0.540,1.770,-0.527
45,0,3015.000,12.289,1.001,0.087,-0.051,0.860,0.959,15,0,4.173,2.087,480.000,207.000,540.000,397.000,12.300,1.020,-1.260,0.840,0.610,1.780,-0.485
46,1,3015.000,7.929,3.400,0.086,-0.005,0.925,1.000,15,0,3.637,1.818,1.000,237.000,138.000,515.000,7.920,3.420,-1.240,0.790,0.570,1.720,-0.099
47,2,3015.000,28.257,-4.333,0.048,-0.070,0.371,0.972,15,0,-1.141,7.239,811.000,198.000,849.000,263.000,28.290,-4.360,-1.230,1.850,0.590,1.830,-1.028
48,0,3016.000,12.374,0.958,0.085,-0.049,0.829,NaN,16,0,3.773,-1.326,487.000,208.000,545.000,395.000,NaN,NaN,NaN,NaN,NaN,NaN,NaN
49,1,3016.000,8.030,3.357,0.090,-0.019,0.913,NaN,16,0,3.378,-1.327,30.000,233.000,137.000,502.000,NaN,NaN,NaN,NaN,NaN,NaN,NaN
50,2,3016.000,28.310,-4.446,0.050,-0.082,0.574,NaN,16,0,0.787,-1.324,813.000,198.000,851.000,259.000,NaN,NaN,NaN,NaN,NaN,NaN,NaN
51,0,3017.000,12.425,0.912,0.075,-0.048,0.852,0.899,17,0,4.173,2.087,491.000,209.000,547.000,396.000,12.400,0.940,-1.260,0.860,0.480,1.810,-0.648
52,1,3017.000,8.118,3.332,0.090,-0.020,0.889,1.000,17,0,3.637,1.818,35.000,231.000,136.000,501.000,8.110,3.340,-1.230,0.800,0.800,1.590,-0.205
53,2,3017.000,28.315,-4.483,0.043,-0.071,0.442,0.434,17,0,-0.847,-0.458,815.000,198.000,852.000,258.000,28.280,-4.430,-1.200,0.800,0.560,1.730,0.057
54,0,3018.000,12.519,0.870,0.080,-0.048,0.770,0.444,18,0,3.525,0.156,485.000,212.000,557.000,394.000,12.540,0.880,-1.230,0.870,0.580,1.740,-0.753
55,1,3018.000,8.232,3.291,0.098,-0.029,0.913,0.999,18,0,3.637,1.818,54.000,229.000,145.000,500.000,8.240,3.280,-1.250,0.830,0.790,1.760,-0.200
56,2,3018.000,28.350,-4.531,0.041,-0.065,0.088,0.584,18,0,-2.545,0.023,822.000,199.000,853.000,257.000,28.330,-4.500,-1.220,0.900,0.600,2.000,2.368
57,0,3019.000,12.600,0.851,0.080,-0.038,0.727,NaN,19,0,2.594,-1.322,482.000,210.000,561.000,394.000,NaN,NaN,NaN,NaN,NaN,NaN,NaN
58,1,3019.000,8.342,3.241,0.102,-0.037,0.905,NaN,19,0,3.378,-1.327,62.000,229.000,155.000,499.000,NaN,NaN,NaN,NaN,NaN,NaN,NaN
59,2,3019.000,28.390,-4.629,0.040,-0.070,0.186,NaN,19,0,-1.505,-1.325,825.000,198.000,853.000,256.000,NaN,NaN,NaN,NaN,NaN,NaN,NaN
60,0,3020.000,12.674,0.800,0.075,-0.040,0.291,0.969,20,0,-0.314,2.136,511.000,209.000,568.000,389.000,12.670,0.780,-1.200,0.890,0.550,1.710,-0.280
61,1,3020.000,8.390,3.208,0.086,-0.034,0.896,0.997,20,0,3.637,1.818,76.000,231.000,173.000,497.000,8.360,3.210,-1.200,0.840,0.640,1.700,0.052
62,2,3020.000,28.445,-4.676,0.045,-0.064,NaN,0.318,20,0,-3.373,-0.682,824.000,191.000,852.000,275.000,28.480,-4.640,-1.100,0.800,0.500,1.740,-0.209
63,0,3021.000,12.793,0.724,0.089,-0.050,0.109,0.912,21,0,-1.221,2.136,520.000,206.000,576.000,374.000,12.840,0.680,-1.220,0.740,0.620,1.600,-0.741
64,1,3021.000,8.504,3.176,0.097,-0.032,0.908,0.998,21,0,3.780,1.890,88.000,229.000,187.000,493.000,8.540,3.180,-1.200,0.810,0.560,1.650,-0.133
65,2,3021.000,28.479,-4.712,0.044,-0.059,0.077,0.977,21,0,-2.630,7.239,833.000,186.000,868.000,264.000,28.470,-4.660,-1.230,0.840,0.550,1.720,-0.740
66,0,3022.000,12.882,0.628,0.091,-0.063,0.044,NaN,22,0,-1.720,-1.294,525.000,206.000,612.000,337.000,NaN,NaN,NaN,NaN,NaN,NaN,NaN
67,1,3022.000,8.608,3.131,0.099,-0.037,0.879,NaN,22,0,3.378,-1.327,92.000,229.000,189.000,491.000,NaN,NaN,NaN,NaN,NaN,NaN,NaN
68,2,3022.000,28.523,-4.771,0.044,-0.059,NaN,NaN,22,0,-2.666,-1.320,NaN,NaN,NaN,NaN,NaN,NaN,NaN,NaN,NaN,NaN,NaN
69,0,3023.000,13.140,0.655,0.134,-0.043,0.607,0.003,23,0,1.492,-1.081,531.000,206.000,589.000,284.000,13.240,0.710,-1.200,0.740,0.530,1.850,0.882
70,1,3023.000,8.718,3.103,0.102,-0.035,0.897,1.000,23,0,3.780,1.890,110.000,224.000,196.000,480.000,8.730,3.110,-1.220,0.850,0.540,1.790,-0.360
71,2,3023.000,28.793,-5.053,0.089,-0.103,NaN,0.002,23,0,-3.486,-1.743,826.000,207.000,900.000,289.000,29.040,-5.290,-1.420,1.770,0.520,1.720,-0.874
72,0,3024.000,13.297,0.570,0.140,-0.058,0.490,0.031,24,0,0.610,-1.023,535.000,205.000,591.000,263.000,13.310,0.530,-1.160,0.840,0.570,1.760,0.455
73,1,3024.000,8.883,3.066,0.118,-0.039,0.916,1.000,24,0,3.780,1.890,116.000,227.000,201.000,474.000,8.950,3.070,-1.200,0.830,0.560,1.740,-0.266
74,2,3024.000,28.883,-5.155,0.090,-0.102,NaN,NaN,24,0,-0.552,-1.193,NaN,NaN,NaN,NaN,NaN,NaN,NaN,NaN,NaN,NaN,NaN
75,0,3025.000,13.434,0.512,0.137,-0.059,NaN,NaN,25,0,-0.682,-1.176,NaN,NaN,NaN,NaN,NaN,NaN,NaN,NaN,NaN,NaN,NaN
76,1,3025.000,8.997,3.029,0.116,-0.038,0.890,NaN,25,0,3.493,-1.327,129.000,223.000,215.000,473.000,NaN,NaN,NaN,NaN,NaN,NaN,NaN
77,2,3025.000,28.950,-5.341,0.086,-0.116,0.072,NaN,25,0,-1.790,-1.162,851.000,195.000,884.000,259.000,NaN,NaN,NaN,NaN,NaN,NaN,NaN
78,0,3026.000,13.511,0.445,0.118,-0.060,0.038,0.241,26,0,-1.824,-0.230,548.000,211.000,600.000,280.000,13.460,0.440,-1.200,0.860,0.560,1.780,0.590
79,1,3026.000,9.129,3.003,0.123,-0.034,0.911,0.988,26,0,3.780,1.890,135.000,222.000,224.000,472.000,9.150,3.010,-1.220,0.840,0.700,1.760,-0.114
80,2,3026.000,29.024,-5.535,0.083,-0.129,0.155,NaN,26,0,-1.423,-1.257,862.000,195.000,890.000,260.000,NaN,NaN,NaN,NaN,NaN,NaN,NaN
81,0,3027.000,13.593,0.362,0.106,-0.067,0.064,0.043,27,0,-1.557,-0.952,555.000,212.000,609.000,355.000,13.560,0.340,-1.170,0.850,0.550,1.750,0.369
82,1,3027.000,9.295,2.939,0.135,-0.044,0.911,1.000,27,0,3.780,1.890,149.000,225.000,249.000,471.000,9.330,2.920,-1.200,0.780,0.590,1.660,-0.280
83,2,3027.000,29.114,-5.582,0.084,-0.114,0.050,NaN,27,0,-2.262,-1.307,846.000,198.000,888.000,259.000,NaN,NaN,NaN,NaN,NaN,NaN,NaN
84,0,3028.000,13.698,0.296,0.106,-0.068,0.319,NaN,28,0,-0.332,-1.278,561.000,211.000,622.000,343.000,NaN,NaN,NaN,NaN,NaN,NaN,NaN
85,1,3028.000,9.426,2.902,0.131,-0.041,0.903,NaN,28,0,3.609,-1.327,150.000,228.000,259.000,468.000,NaN,NaN,NaN,NaN,NaN,NaN,NaN
86,2,3028.000,29.186,-5.677,0.083,-0.111,0.683,NaN,28,0,1.846,-1.310,866.000,197.000,892.000,259.000,NaN,NaN,NaN,NaN,NaN,NaN,NaN
87,0,3029.000,13.625,0.250,0.055,-0.059,0.458,0.360,29,0,0.470,-0.040,564.000,207.000,622.000,349.000,13.530,0.250,-1.160,0.860,0.550,1.720,0.385
88,1,3029.000,9.456,2.864,0.102,-0.040,0.908,0.997,29,0,3.780,1.890,158.000,226.000,268.000,466.000,9.400,2.870,-1.230,0.920,0.520,1.910,2.835
89,2,3029.000,29.047,-5.693,0.056,-0.096,0.747,0.027,29,0,1.189,-1.698,867.000,196.000,897.000,257.000,29.020,-5.550,-1.150,0.740,0.470,1.690,-1.056
90,0,3030.000,13.681,0.217,0.054,-0.051,0.798,0.516,30,0,4.151,0.424,569.000,205.000,628.000,357.000,13.680,0.220,-1.140,0.850,0.600,1.620,-0.226
91,1,3030.000,9.598,2.815,0.117,-0.044,0.894,0.999,30,0,3.920,1.960,175.000,220.000,264.000,455.000,9.640,2.810,-1.220,0.750,0.650,1.730,-0.130
92,2,3030.000,29.138,-5.731,0.068,-0.082,0.776,0.037,30,0,1.385,-1.652,869.000,196.000,903.000,264.000,29.190,-5.600,-1.300,0.740,0.600,1.870,0.603
93,0,3031.000,13.734,0.176,0.053,-0.049,0.874,NaN,31,0,4.137,-1.316,574.000,205.000,633.000,360.000,NaN,NaN,NaN,NaN,NaN,NaN,NaN
94,1,3031.000,9.706,2.792,0.114,-0.038,0.900,NaN,31,0,3.609,-1.327,190.000,216.000,269.000,450.000,NaN,NaN,NaN,NaN,NaN,NaN,NaN
95,2,3031.000,29.195,-5.826,0.065,-0.086,0.811,NaN,31,0,4.053,-1.315,870.000,196.000,905.000,262.000,NaN,NaN,NaN,NaN,NaN,NaN,NaN
96,0,3032.000,13.844,0.142,0.065,-0.047,0.561,0.884,32,0,1.175,2.172,577.000,206.000,636.000,353.000,13.870,0.140,-1.260,0.880,0.580,1.670,-0.077
97,1,3032.000,9.803,2.760,0.111,-0.040,0.903,0.999,32,0,3.920,1.960,195.000,214.000,272.000,449.000,9.790,2.760,-1.200,0.800,0.700,1.680,0.104
98,2,3032.000,29.305,-5.888,0.079,-0.082,0.762,0.017,32,0,1.256,-1.730,873.000,196.000,909.000,262.000,29.350,-5.830,-1.240,0.780,0.460,1.860,-0.056
99,0,3033.000,13.911,0.100,0.066,-0.045,0.740,NaN,33,0,2.960,-1.322,584.000,208.000,639.000,360.000,NaN,NaN,NaN,NaN,NaN,NaN,NaN
100,1,3033.000,9.906,2.740,0.108,-0.034,0.903,NaN,33,0,3.609,-1.327,206.000,215.000,284.000,449.000,NaN,NaN,NaN,NaN,NaN,NaN,NaN
101,2,3033.000,29.367,-6.006,0.076,-0.091,0.723,NaN,33,0,2.434,-1.318,878.000,197.000,911.000,263.000,NaN,NaN,NaN,NaN,NaN,NaN,NaN
102,0,3034.000,14.001,0.058,0.073,-0.042,0.787,0.685,34,0,4.001,1.165,591.000,211.000,647.000,360.000,14.030,0.050,-1.250,0.790,0.630,1.650,-0.536
103,1,3034.000,9.953,2.717,0.091,-0.029,0.886,0.998,34,0,3.920,1.960,218.000,216.000,294.000,447.000,9.920,2.730,-1.180,0.820,0.570,1.630,-0.139
104,2,3034.000,29.358,-6.044,0.059,-0.078,0.747,0.145,34,0,1.189,-1.194,883.000,197.000,911.000,264.000,29.280,-5.940,-1.280,0.820,0.590,1.770,-0.821
105,0,3035.000,14.092,0.009,0.078,-0.045,0.746,0.775,35,0,3.277,1.818,595.000,211.000,656.000,361.000,14.110,0.010,-1.250,0.900,0.530,1.760,-0.376
106,1,3035.000,10.054,2.683,0.095,-0.031,0.904,1.000,35,0,3.920,1.960,223.000,217.000,303.000,446.000,10.050,2.670,-1.220,0.790,0.640,1.820,-0.388
107,2,3035.000,29.462,-6.153,0.066,-0.085,NaN,0.004,35,0,-3.653,-1.826,878.000,202.000,924.000,280.000,29.510,-6.200,-1.290,0.780,0.550,1.670,-1.336
108,0,3036.000,14.168,-0.055,0.077,-0.051,0.755,NaN,36,0,3.250,-1.327,597.000,210.000,664.000,360.000,NaN,NaN,NaN,NaN,NaN,NaN,NaN
109,1,3036.000,10.150,2.653,0.094,-0.030,0.884,NaN,36,0,3.609,-1.327,233.000,218.000,311.000,445.000,NaN,NaN,NaN,NaN,NaN,NaN,NaN
110,2,3036.000,29.529,-6.237,0.066,-0.085,NaN,NaN,36,0,-1.954,-1.312,NaN,NaN,NaN,NaN,NaN,NaN,NaN,NaN,NaN,NaN,NaN
111,0,3037.000,14.304,-0.076,0.092,-0.043,0.699,0.539,37,0,2.546,0.513,599.000,205.000,671.000,358.000,14.340,-0.050,-1.210,0.880,0.570,1.700,-0.397
112,1,3037.000,10.227,2.630,0.087,-0.028,0.899,1.000,37,0,3.920,1.960,242.000,218.000,320.000,434.000,10.210,2.640,-1.200,0.850,0.620,1.710,-0.403
113,2,3037.000,29.535,-6.378,0.056,-0.095,0.472,0.967,37,0,-0.792,5.442,898.000,197.000,933.000,250.000,29.480,-6.460,-1.210,1.840,0.530,1.750,-1.109
114,0,3038.000,14.416,-0.120,0.100,-0.045,0.697,0.781,38,0,2.546,1.912,601.000,204.000,671.000,359.000,14.430,-0.130,-1.280,0.840,0.570,1.890,-0.367
115,1,3038.000,10.357,2.597,0.100,-0.030,0.858,0.998,38,0,3.920,1.960,247.000,214.000,327.000,429.000,10.380,2.590,-1.190,0.820,0.650,1.740,-0.080
116,2,3038.000,29.600,-6.538,0.061,-0.106,0.115,0.965,38,0,-2.745,5.979,899.000,195.000,936.000,252.000,29.610,-6.630,-1.230,1.960,0.600,1.870,-1.211
117,0,3039.000,14.518,-0.178,0.100,-0.050,0.688,NaN,39,0,2.367,-1.327,602.000,203.000,683.000,358.000,NaN,NaN,NaN,NaN,NaN,NaN,NaN
118,1,3039.000,10.461,2.566,0.100,-0.032,0.913,NaN,39,0,3.726,-1.327,257.000,212.000,333.000,430.000,NaN,NaN,NaN,NaN,NaN,NaN,NaN
119,2,3039.000,29.661,-6.722,0.063,-0.121,0.428,NaN,39,0,-0.402,-1.311,910.000,195.000,940.000,252.000,NaN,NaN,NaN,NaN,NaN,NaN,NaN
120,0,3040.000,14.601,-0.193,0.097,-0.042,0.493,0.814,40,0,0.696,2.172,611.000,204.000,685.000,323.000,14.580,-0.170,-1.240,0.840,0.570,1.860,-0.023
121,1,3040.000,10.564,2.537,0.102,-0.030,0.903,1.000,40,0,4.052,2.026,270.000,213.000,347.000,430.000,10.560,2.540,-1.210,0.720,0.800,1.560,-0.180
122,2,3040.000,29.716,-6.849,0.061,-0.119,0.649,0.941,40,0,-0.043,5.979,916.000,194.000,948.000,262.000,29.730,-6.850,-1.170,1.910,0.580,1.850,-1.211
123,0,3041.000,14.807,-0.192,0.131,-0.027,0.658,0.090,41,0,2.231,-0.712,613.000,208.000,686.000,328.000,14.900,-0.150,-1.310,0.760,0.660,1.800,0.437
124,1,3041.000,10.693,2.481,0.109,-0.039,0.912,1.000,41,0,4.052,2.026,273.000,214.000,348.000,429.000,10.710,2.460,-1.190,0.750,0.680,1.640,-0.362
125,2,3041.000,29.810,-6.990,0.067,-0.122,0.733,0.945,41,0,0.780,5.979,916.000,195.000,950.000,262.000,29.880,-7.020,-1.240,1.900,0.620,1.890,-1.181
126,0,3042.000,14.933,-0.254,0.129,-0.036,0.635,NaN,42,0,1.854,-1.327,618.000,209.000,684.000,353.000,NaN,NaN,NaN,NaN,NaN,NaN,NaN
127,1,3042.000,10.800,2.441,0.108,-0.039,0.904,NaN,42,0,3.726,-1.327,272.000,216.000,365.000,426.000,NaN,NaN,NaN,NaN,NaN,NaN,NaN
128,2,3042.000,29.877,-7.109,0.068,-0.120,0.738,NaN,42,0,2.746,-1.327,917.000,196.000,956.000,258.000,NaN,NaN,NaN,NaN,NaN,NaN,NaN
129,0,3043.000,14.875,-0.300,0.082,-0.038,0.828,0.987,43,0,4.394,2.197,622.000,209.000,685.000,351.000,14.780,-0.290,-1.290,0.870,0.530,1.720,-0.095
130,1,3043.000,10.854,2.416,0.092,-0.034,0.871,0.998,43,0,4.052,2.026,276.000,215.000,372.000,423.000,10.830,2.430,-1.260,0.740,0.660,1.680,-0.240
131,2,3043.000,29.941,-7.213,0.069,-0.117,0.731,0.997,43,0,0.780,5.979,925.000,195.000,961.000,259.000,29.950,-7.180,-1.190,1.920,0.620,1.840,-1.044
132,0,3044.000,15.063,-0.318,0.111,-0.029,0.832,0.258,44,0,4.394,-0.215,624.000,208.000,686.000,349.000,15.150,-0.290,-1.210,0.870,0.600,1.830,0.113
133,1,3044.000,10.943,2.359,0.089,-0.043,0.902,1.000,44,0,4.052,2.026,290.000,214.000,369.000,418.000,10.950,2.340,-1.240,0.900,0.560,1.790,-0.291
134,2,3044.000,30.017,-7.318,0.070,-0.112,0.777,0.980,44,0,1.158,5.979,928.000,195.000,963.000,263.000,30.030,-7.280,-1.210,1.830,0.590,1.890,-1.180
135,0,3045.000,15.167,-0.372,0.108,-0.035,0.831,NaN,45,0,4.103,-1.326,628.000,205.000,688.000,347.000,NaN,NaN,NaN,NaN,NaN,NaN,NaN
136,1,3045.000,11.030,2.316,0.088,-0.044,0.902,NaN,45,0,3.726,-1.327,308.000,213.000,375.000,415.000,NaN,NaN,NaN,NaN,NaN,NaN,NaN
137,2,3045.000,30.088,-7.432,0.071,-0.112,0.802,NaN,45,0,3.866,-1.327,930.000,195.000,968.000,259.000,NaN,NaN,NaN,NaN,NaN,NaN,NaN
138,0,3046.000,15.117,-0.372,0.070,-0.024,0.055,0.760,46,0,-1.915,1.782,631.000,219.000,691.000,351.000,15.020,-0.330,-1.240,0.820,0.520,1.780,2.397
139,1,3046.000,11.130,2.263,0.092,-0.048,0.892,0.999,46,0,4.052,2.026,317.000,212.000,384.000,415.000,11.140,2.250,-1.210,0.720,0.780,1.710,-0.245
140,2,3046.000,30.181,-7.524,0.075,-0.109,0.746,0.995,46,0,0.957,5.979,935.000,196.000,972.000,258.000,30.210,-7.490,-1.160,1.880,0.590,1.830,-1.057
141,0,3047.000,15.224,-0.406,0.079,-0.025,0.576,0.494,47,0,1.390,0.348,633.000,205.000,691.000,349.000,15.270,-0.400,-1.260,0.860,0.580,1.790,-0.259
142,1,3047.000,11.300,2.193,0.115,-0.051,0.891,0.996,47,0,4.052,2.026,322.000,212.000,388.000,414.000,11.380,2.180,-1.210,0.680,0.760,1.670,-0.267
143,2,3047.000,30.258,-7.609,0.077,-0.103,0.642,0.999,47,0,-0.106,5.979,938.000,199.000,974.000,261.000,30.260,-7.590,-1.230,1.910,0.580,1.840,-1.097
144,0,3048.000,15.301,-0.467,0.079,-0.034,0.475,NaN,48,0,0.513,-1.325,637.000,210.000,703.000,349.000,NaN,NaN,NaN,NaN,NaN,NaN,NaN
145,1,3048.000,11.410,2.165,0.114,-0.043,0.896,NaN,48,0,3.848,-1.327,331.000,214.000,397.000,413.000,NaN,NaN,NaN,NaN,NaN,NaN,NaN
146,2,3048.000,30.325,-7.742,0.075,-0.109,0.618,NaN,48,0,1.205,-1.327,945.000,195.000,977.000,258.000,NaN,NaN,NaN,NaN,NaN,NaN,NaN
147,0,3049.000,15.383,-0.505,0.078,-0.036,0.773,0.648,49,0,3.743,1.071,640.000,209.000,714.000,346.000,15.380,-0.500,-1.280,0.810,0.490,1.720,-0.592
148,1,3049.000,11.484,2.116,0.104,-0.043,0.881,1.000,49,0,4.052,2.026,339.000,215.000,405.000,410.000,11.460,2.120,-1.200,0.810,0.560,1.750,-0.342
149,2,3049.000,30.380,-7.816,0.071,-0.101,0.542,0.973,49,0,-0.672,5.979,949.000,200.000,981.000,258.000,30.390,-7.770,-1.190,1.730,0.540,1.840,-1.012
150,0,3050.000,15.498,-0.533,0.088,-0.033,0.430,0.190,50,0,0.379,-0.377,642.000,221.000,717.000,346.000,15.530,-0.530,-1.260,0.870,0.540,1.730,-0.518
151,1,3050.000,11.613,2.073,0.110,-0.044,0.891,0.999,50,0,4.173,2.087,344.000,215.000,410.000,409.000,11.630,2.070,-1.250,0.780,0.600,1.700,-0.354
152,2,3050.000,30.434,-7.876,0.071,-0.093,0.495,0.861,50,0,-0.919,1.467,952.000,198.000,989.000,257.000,30.450,-7.820,-1.050,0.890,0.620,1.790,-0.688
153,0,3051.000,15.583,-0.601,0.086,-0.044,0.421,NaN,51,0,0.039,-1.322,644.000,208.000,718.000,325.000,NaN,NaN,NaN,NaN,NaN,NaN,NaN
154,1,3051.000,11.719,2.047,0.108,-0.039,0.860,NaN,51,0,3.848,-1.327,352.000,215.000,416.000,402.000,NaN,NaN,NaN,NaN,NaN,NaN,NaN
155,2,3051.000,30.482,-8.044,0.068,-0.111,0.639,NaN,51,0,1.407,-1.327,958.000,189.000,993.000,257.000,NaN,NaN,NaN,NaN,NaN,NaN,NaN
156,0,3052.000,15.660,-0.592,0.084,-0.031,0.697,0.226,52,0,2.731,-0.298,645.000,207.000,719.000,326.000,15.660,-0.550,-1.160,0.850,0.470,1.690,-1.017
157,1,3052.000,11.865,2.012,0.119,-0.037,0.885,0.998,52,0,4.173,2.087,356.000,214.000,419.000,401.000,11.900,2.020,-1.210,0.750,0.770,1.550,-0.052
158,2,3052.000,30.649,-8.178,0.088,-0.116,0.712,0.889,52,0,0.297,2.161,960.000,189.000,996.000,265.000,30.770,-8.170,-1.140,2.070,0.590,1.880,-1.061
159,0,3053.000,15.877,-0.584,0.113,-0.023,0.796,0.030,53,0,4.330,-1.147,647.000,204.000,720.000,315.000,16.020,-0.560,-1.210,0.750,0.580,1.750,0.384
160,1,3053.000,12.003,1.975,0.126,-0.036,0.889,0.998,53,0,4.173,2.087,364.000,212.000,431.000,402.000,12.020,1.980,-1.250,0.730,0.700,1.650,-0.226
161,2,3053.000,30.814,-8.371,0.105,-0.129,0.352,0.479,53,0,-1.799,-0.589,966.000,196.000,997.000,257.000,30.910,-8.460,-1.180,1.970,0.600,1.920,-1.041
162,0,3054.000,15.987,-0.643,0.112,-0.032,0.703,NaN,54,0,2.445,-1.321,647.000,203.000,725.000,311.000,NaN,NaN,NaN,NaN,NaN,NaN,NaN
163,1,3054.000,12.127,1.943,0.125,-0.034,0.868,NaN,54,0,3.848,-1.327,373.000,213.000,440.000,394.000,NaN,NaN,NaN,NaN,NaN,NaN,NaN
164,2,3054.000,30.918,-8.499,0.105,-0.129,NaN,NaN,54,0,-2.654,-1.327,NaN,NaN,NaN,NaN,NaN,NaN,NaN,NaN,NaN,NaN,NaN
165,0,3055.000,16.105,-0.697,0.114,-0.037,0.806,0.668,55,0,4.418,1.198,643.000,205.000,729.000,309.000,16.090,-0.720,-1.260,0.700,0.590,1.920,0.003
166,1,3055.000,12.181,1.926,0.108,-0.028,0.852,0.990,55,0,4.173,2.087,377.000,213.000,454.000,400.000,12.130,1.930,-1.250,0.790,0.610,1.660,-0.366
167,2,3055.000,30.948,-8.570,0.090,-0.116,0.710,0.910,55,0,0.297,6.654,977.000,190.000,1010.000,262.000,30.890,-8.470,-1.180,0.990,0.650,1.860,-1.168
168,0,3056.000,16.224,-0.743,0.115,-0.040,0.689,NaN,56,0,2.308,-1.316,643.000,206.000,731.000,310.000,NaN,NaN,NaN,NaN,NaN,NaN,NaN
169,1,3056.000,12.283,1.870,0.108,-0.036,0.873,0.999,56,0,4.173,2.087,369.000,214.000,459.000,400.000,12.270,1.840,-1.260,0.760,0.600,1.740,-0.335
170,2,3056.000,31.048,-8.706,0.094,-0.118,0.721,0.681,56,0,0.434,-0.029,979.000,189.000,1009.000,262.000,31.080,-8.720,-1.180,0.970,0.780,1.890,-0.806
171,0,3057.000,16.340,-0.786,0.116,-0.041,0.548,NaN,57,0,0.987,-1.314,646.000,207.000,727.000,311.000,NaN,NaN,NaN,NaN,NaN,NaN,NaN
172,1,3057.000,12.392,1.839,0.109,-0.034,0.869,NaN,57,0,3.988,-1.327,388.000,214.000,458.000,384.000,NaN,NaN,NaN,NaN,NaN,NaN,NaN
173,2,3057.000,31.130,-8.862,0.091,-0.124,0.534,NaN,57,0,0.468,-1.327,983.000,193.000,1017.000,261.000,NaN,NaN,NaN,NaN,NaN,NaN,NaN
174,0,3058.000,16.519,-0.692,0.126,-0.008,0.322,0.007,58,0,-0.195,-1.237,668.000,207.000,720.000,303.000,16.570,-0.580,-1.250,1.650,0.610,1.820,0.585
175,1,3058.000,12.497,1.799,0.108,-0.036,0.883,0.998,58,0,4.173,2.087,401.000,212.000,461.000,390.000,12.500,1.780,-1.260,0.740,0.620,1.680,-0.152
176,2,3058.000,31.208,-8.956,0.092,-0.120,0.607,0.898,58,0,-0.486,2.616,990.000,193.000,1019.000,263.000,31.210,-8.870,-1.150,0.780,0.620,1.900,-0.952
177,0,3059.000,16.648,-0.782,0.129,-0.029,0.291,NaN,59,0,-0.677,-1.317,668.000,207.000,721.000,306.000,NaN,NaN,NaN,NaN,NaN,NaN,NaN
178,1,3059.000,12.635,1.735,0.115,-0.046,0.845,0.998,59,0,4.272,2.136,405.000,211.000,464.000,385.000,12.670,1.690,-1.230,0.780,0.590,1.740,-0.137
179,2,3059.000,31.294,-9.108,0.091,-0.128,0.396,NaN,59,0,-0.383,-1.327,993.000,193.000,1023.000,263.000,NaN,NaN,NaN,NaN,NaN,NaN,NaN
180,0,3060.000,16.774,-0.857,0.128,-0.041,0.104,NaN,60,0,-1.420,-1.315,665.000,205.000,734.000,309.000,NaN,NaN,NaN,NaN,NaN,NaN,NaN
181,1,3060.000,12.752,1.699,0.117,-0.045,0.869,NaN,60,0,3.988,-1.327,412.000,210.000,470.000,390.000,NaN,NaN,NaN,NaN,NaN,NaN,NaN
182,2,3060.000,31.375,-9.251,0.088,-0.132,0.685,NaN,60,0,1.846,-1.327,999.000,195.000,1025.000,260.000,NaN,NaN,NaN,NaN,NaN,NaN,NaN
183,0,3061.000,16.907,-0.952,0.128,-0.055,0.567,NaN,61,0,1.125,-1.317,672.000,203.000,734.000,310.000,NaN,NaN,NaN,NaN,NaN,NaN,NaN
184,1,3061.000,12.838,1.643,0.109,-0.048,0.874,0.998,61,0,4.272,2.136,420.000,212.000,479.000,384.000,12.810,1.630,-1.200,0.730,0.640,1.540,0.021
185,2,3061.000,31.666,-9.466,0.124,-0.142,0.762,0.387,61,0,0.597,-0.941,1004.000,194.000,1040.000,259.000,31.840,-9.570,-1.220,1.860,0.620,1.920,-1.047
186,0,3062.000,16.860,-1.025,0.095,-0.052,0.248,0.526,62,0,-0.515,0.572,674.000,203.000,735.000,331.000,16.780,-1.040,-1.280,0.940,0.550,1.860,-0.334
187,1,3062.000,12.985,1.570,0.119,-0.055,0.884,0.999,62,0,4.272,2.136,423.000,214.000,481.000,382.000,13.010,1.550,-1.240,0.780,0.580,1.660,-0.308
188,2,3062.000,31.821,-9.613,0.130,-0.143,0.708,0.848,62,0,0.070,1.064,1006.000,194.000,1040.000,261.000,31.860,-9.630,-1.160,0.830,0.480,1.920,-0.182
189,0,3063.000,16.958,-1.078,0.094,-0.054,0.556,NaN,63,0,1.164,-1.322,679.000,205.000,733.000,338.000,NaN,NaN,NaN,NaN,NaN,NaN,NaN
190,1,3063.000,13.101,1.543,0.118,-0.046,0.883,NaN,63,0,4.137,-1.327,431.000,216.000,488.000,374.000,NaN,NaN,NaN,NaN,NaN,NaN,NaN
191,2,3063.000,31.945,-9.770,0.128,-0.146,0.607,NaN,63,0,0.895,-1.327,1012.000,194.000,1042.000,253.000,NaN,NaN,NaN,NaN,NaN,NaN,NaN
192,0,3064.000,16.951,-1.093,0.069,-0.045,0.719,0.138,64,0,3.095,-0.563,684.000,207.000,736.000,333.000,16.880,-1.100,-1.280,0.840,0.580,1.680,-0.178
193,1,3064.000,13.229,1.486,0.121,-0.049,0.871,0.992,64,0,4.272,2.136,436.000,216.000,494.000,340.000,13.250,1.490,-1.230,0.850,0.640,1.790,-0.377
194,2,3064.000,32.002,-9.849,0.117,-0.131,0.649,0.998,64,0,-0.474,2.487,1017.000,195.000,1047.000,247.000,31.910,-9.670,-1.150,0.820,0.540,1.680,-0.700
195,0,3065.000,17.025,-1.132,0.067,-0.046,0.590,0.463,65,0,1.640,0.303,687.000,208.000,737.000,333.000,17.020,-1.140,-1.300,0.910,0.460,1.820,-0.112
196,1,3065.000,13.413,1.421,0.138,-0.053,0.852,0.994,65,0,4.272,2.136,439.000,216.000,496.000,327.000,13.470,1.420,-1.190,0.740,0.900,1.520,-0.122
197,2,3065.000,32.100,-9.959,0.114,-0.127,0.577,0.604,65,0,-0.848,-0.374,1018.000,198.000,1049.000,249.000,32.070,-9.910,-1.180,0.950,0.600,1.830,-0.354
198,0,3066.000,17.090,-1.188,0.066,-0.049,0.334,NaN,66,0,-0.304,-1.324,691.000,208.000,740.000,336.000,NaN,NaN,NaN,NaN,NaN,NaN,NaN
199,1,3066.000,13.539,1.413,0.136,-0.038,0.640,NaN,66,0,1.595,-1.327,446.000,214.000,503.000,297.000,NaN,NaN,NaN,NaN,NaN,NaN,NaN
200,2,3066.000,32.200,-10.126,0.112,-0.137,0.722,NaN,66,0,2.434,-1.327,1024.000,195.000,1056.000,256.000,NaN,NaN,NaN,NaN,NaN,NaN,NaN
201,0,3067.000,17.207,-1.240,0.081,-0.048,0.439,0.032,67,0,0.479,-1.175,694.000,207.000,743.000,337.000,17.240,-1.260,-1.220,0.840,0.620,1.690,-0.536
202,1,3067.000,13.669,1.416,0.135,-0.028,0.542,NaN,67,0,0.556,-1.327,451.000,214.000,505.000,281.000,NaN,NaN,NaN,NaN,NaN,NaN,NaN
203,2,3067.000,32.305,-10.234,0.109,-0.131,0.742,0.121,67,0,0.433,-1.592,1026.000,197.000,1058.000,250.000,32.300,-10.180,-1.240,0.720,0.630,1.780,-1.467
204,0,3068.000,17.305,-1.276,0.085,-0.044,0.518,0.826,68,0,1.035,2.248,697.000,204.000,749.000,336.000,17.330,-1.270,-1.220,0.830,0.660,1.750,-0.380
205,1,3068.000,13.806,1.387,0.138,-0.029,NaN,NaN,68,0,-2.654,-1.327,NaN,NaN,NaN,NaN,NaN,NaN,NaN,NaN,NaN,NaN,NaN
206,2,3068.000,32.451,-10.377,0.116,-0.132,0.681,0.930,68,0,-0.282,2.487,1032.000,194.000,1062.000,259.000,32.500,-10.390,-1.160,0.820,0.580,1.690,-0.819
207,0,3069.000,17.393,-1.338,0.086,-0.049,0.625,NaN,69,0,1.735,-1.326,701.000,200.000,752.000,334.000,NaN,NaN,NaN,NaN,NaN,NaN,NaN
208,1,3069.000,13.946,1.359,0.139,-0.028,NaN,NaN,69,0,-0.771,-1.327,NaN,NaN,NaN,NaN,NaN,NaN,NaN,NaN,NaN,NaN,NaN
209,2,3069.000,32.567,-10.509,0.116,-0.132,NaN,NaN,69,0,-2.654,-1.327,NaN,NaN,NaN,NaN,NaN,NaN,NaN,NaN,NaN,NaN,NaN
210,0,3070.000,17.477,-1.358,0.088,-0.041,0.551,0.974,70,0,1.348,2.248,703.000,203.000,766.000,332.000,17.470,-1.340,-1.220,0.860,0.560,1.790,-0.150
211,1,3070.000,14.085,1.331,0.139,-0.028,NaN,NaN,70,0,1.204,-1.327,NaN,NaN,NaN,NaN,NaN,NaN,NaN,NaN,NaN,NaN,NaN
212,2,3070.000,32.637,-10.561,0.107,-0.115,0.013,0.664,70,0,-4.173,-0.312,1038.000,197.000,1060.000,254.000,32.600,-10.460,-1.220,0.820,0.510,1.730,-0.713
213,0,3071.000,17.586,-1.402,0.094,-0.042,0.060,0.969,71,0,-1.887,2.261,705.000,209.000,768.000,310.000,17.620,-1.410,-1.240,0.820,0.620,1.660,-0.270
214,1,3071.000,14.245,1.380,0.142,-0.011,0.037,NaN,71,0,-1.502,-1.327,443.000,330.000,527.000,497.000,NaN,NaN,NaN,NaN,NaN,NaN,NaN
215,2,3071.000,32.763,-10.647,0.111,-0.110,0.305,0.853,71,0,-2.452,0.968,1043.000,202.000,1060.000,263.000,32.820,-10.620,-1.190,0.850,0.590,1.580,-0.846
216,0,3072.000,17.681,-1.443,0.094,-0.041,NaN,NaN,72,0,3.289,-1.326,NaN,NaN,NaN,NaN,NaN,NaN,NaN,NaN,NaN,NaN,NaN
217,1,3072.000,14.388,1.369,0.143,-0.011,NaN,NaN,72,0,-2.654,-1.327,NaN,NaN,NaN,NaN,NaN,NaN,NaN,NaN,NaN,NaN,NaN
218,2,3072.000,32.876,-10.758,0.112,-0.111,NaN,NaN,72,0,-2.652,-1.326,NaN,NaN,NaN,NaN,NaN,NaN,NaN,NaN,NaN,NaN,NaN
219,0,3073.000,17.746,-1.464,0.088,-0.037,NaN,0.972,73,0,-2.560,2.261,704.000,199.000,758.000,331.000,17.730,-1.460,-1.240,0.800,0.550,1.670,-0.254
220,1,3073.000,14.530,1.356,0.141,-0.013,NaN,NaN,73,0,-0.322,-1.327,NaN,NaN,NaN,NaN,NaN,NaN,NaN,NaN,NaN,NaN,NaN
221,2,3073.000,32.988,-10.868,0.112,-0.110,NaN,NaN,73,0,-2.647,-1.324,NaN,NaN,NaN,NaN,NaN,NaN,NaN,NaN,NaN,NaN,NaN
222,0,3074.000,17.902,-1.498,0.105,-0.036,NaN,0.180,74,0,-2.560,-0.449,706.000,194.000,758.000,326.000,17.970,-1.480,-1.190,0.820,0.560,1.690,0.057
223,1,3074.000,14.669,1.343,0.140,-0.012,NaN,NaN,74,0,-2.654,-1.327,NaN,NaN,NaN,NaN,NaN,NaN,NaN,NaN,NaN,NaN,NaN
224,2,3074.000,33.101,-10.978,0.113,-0.109,NaN,NaN,74,0,-0.481,-1.317,NaN,NaN,NaN,NaN,NaN,NaN,NaN,NaN,NaN,NaN,NaN
225,0,3075.000,18.006,-1.532,0.104,-0.035,NaN,NaN,75,0,0.153,-1.325,NaN,NaN,NaN,NaN,NaN,NaN,NaN,NaN,NaN,NaN,NaN
226,1,3075.000,14.810,1.331,0.141,-0.013,NaN,NaN,75,0,-2.654,-1.327,NaN,NaN,NaN,NaN,NaN,NaN,NaN,NaN,NaN,NaN,NaN
227,2,3075.000,33.100,-11.363,0.096,-0.158,0.476,NaN,75,0,-0.082,-1.299,1067.000,194.000,1088.000,251.000,NaN,NaN,NaN,NaN,NaN,NaN,NaN
228,0,3076.000,18.108,-1.568,0.103,-0.035,NaN,NaN,76,0,3.250,-1.325,NaN,NaN,NaN,NaN,NaN,NaN,NaN,NaN,NaN,NaN,NaN
229,1,3076.000,14.951,1.318,0.141,-0.013,NaN,NaN,76,0,-2.654,-1.327,NaN,NaN,NaN,NaN,NaN,NaN,NaN,NaN,NaN,NaN,NaN
230,2,3076.000,33.303,-11.519,0.111,-0.154,0.677,0.009,76,0,-0.501,-2.064,1069.000,195.000,1091.000,254.000,33.380,-11.440,-0.890,0.740,0.640,1.640,-0.487
231,0,3077.000,18.294,-1.635,0.118,-0.042,0.021,0.190,77,0,-2.490,-0.418,721.000,204.000,766.000,250.000,18.310,-1.640,-1.260,0.780,0.580,1.780,-0.122
232,1,3077.000,15.091,1.305,0.140,-0.013,NaN,NaN,77,0,1.981,-1.327,NaN,NaN,NaN,NaN,NaN,NaN,NaN,NaN,NaN,NaN,NaN
233,2,3077.000,33.396,-11.648,0.108,-0.151,0.697,NaN,77,0,1.890,-1.318,1071.000,195.000,1094.000,254.000,NaN,NaN,NaN,NaN,NaN,NaN,NaN
234,220,3077.000,20.710,2.390,0.000,0.000,NaN,0.851,77,0,-2.696,2.141,405.000,188.000,524.000,323.000,20.710,2.390,-1.250,1.840,0.680,1.970,-0.696
235,0,3078.000,18.412,-1.677,0.118,-0.042,NaN,NaN,78,0,2.836,-1.324,NaN,NaN,NaN,NaN,NaN,NaN,NaN,NaN,NaN,NaN,NaN
236,1,3078.000,15.230,1.293,0.139,-0.012,NaN,NaN,78,0,-2.654,-1.327,NaN,NaN,NaN,NaN,NaN,NaN,NaN,NaN,NaN,NaN,NaN
237,2,3078.000,33.517,-11.776,0.109,-0.144,0.631,NaN,78,0,1.305,-1.314,1073.000,194.000,1097.000,255.000,NaN,NaN,NaN,NaN,NaN,NaN,NaN
238,220,3078.000,20.718,2.296,0.002,-0.040,0.066,NaN,78,0,-2.036,-1.322,455.000,214.000,500.000,282.000,NaN,NaN,NaN,NaN,NaN,NaN,NaN
239,0,3079.000,18.446,-1.726,0.102,-0.040,NaN,0.236,79,0,-2.557,-0.301,724.000,197.000,768.000,328.000,18.390,-1.710,-1.240,0.800,0.550,1.730,-0.060
240,1,3079.000,15.370,1.280,0.140,-0.013,NaN,NaN,79,0,-2.654,-1.327,NaN,NaN,NaN,NaN,NaN,NaN,NaN,NaN,NaN,NaN,NaN
241,2,3079.000,33.794,-11.929,0.135,-0.143,0.395,0.045,79,0,-2.215,-2.039,1078.000,195.000,1099.000,251.000,33.930,-11.760,-1.130,0.760,0.530,1.780,-0.957
242,220,3079.000,20.943,2.186,0.090,-0.077,0.810,0.999,79,0,4.218,2.148,455.000,200.000,508.000,295.000,21.040,2.120,-1.310,1.830,0.550,1.920,-0.710
243,229,3079.000,14.590,0.860,0.000,0.000,NaN,0.987,79,0,-2.387,2.197,501.000,206.000,581.000,365.000,14.590,0.860,-1.310,0.720,0.630,1.650,-0.324
244,0,3080.000,18.476,-1.789,0.085,-0.042,NaN,0.118,80,0,-2.555,-0.661,719.000,200.000,787.000,336.000,18.400,-1.820,-1.310,0.850,0.520,1.790,-0.680
245,1,3080.000,15.508,1.267,0.139,-0.013,NaN,NaN,80,0,-2.654,-1.327,NaN,NaN,NaN,NaN,NaN,NaN,NaN,NaN,NaN,NaN,NaN
246,2,3080.000,33.916,-12.019,0.133,-0.128,0.299,0.030,80,0,-2.567,-2.074,1077.000,195.000,1099.000,250.000,33.930,-11.860,-1.220,0.730,0.690,1.720,-0.798
247,220,3080.000,21.276,1.851,0.177,-0.189,0.806,0.988,80,0,4.218,2.148,465.000,206.000,519.000,300.000,21.410,1.830,-1.230,1.860,0.510,1.910,-0.741
248,229,3080.000,14.670,0.804,0.044,-0.022,NaN,0.920,80,0,-2.387,2.197,508.000,206.000,588.000,370.000,14.720,0.790,-1.340,0.780,0.600,1.710,-0.365
249,0,3081.000,18.562,-1.831,0.086,-0.043,NaN,NaN,81,0,-2.641,-1.321,NaN,NaN,NaN,NaN,NaN,NaN,NaN,NaN,NaN,NaN,NaN
250,1,3081.000,15.647,1.255,0.138,-0.013,NaN,NaN,81,0,-2.654,-1.327,NaN,NaN,NaN,NaN,NaN,NaN,NaN,NaN,NaN,NaN,NaN
251,2,3081.000,34.041,-12.148,0.132,-0.130,0.125,NaN,81,0,-1.764,-1.259,1083.000,198.000,1104.000,251.000,NaN,NaN,NaN,NaN,NaN,NaN,NaN
252,220,3081.000,21.441,1.714,0.179,-0.169,0.851,NaN,81,0,4.491,-1.327,481.000,201.000,531.000,291.000,NaN,NaN,NaN,NaN,NaN,NaN,NaN
253,229,3081.000,14.715,0.782,0.045,-0.022,NaN,NaN,81,0,-2.564,-1.282,NaN,NaN,NaN,NaN,NaN,NaN,NaN,NaN,NaN,NaN,NaN
254,0,3082.000,18.544,-1.863,0.062,-0.041,NaN,0.535,82,0,-2.547,0.598,729.000,196.000,779.000,331.000,18.480,-1.840,-1.250,0.900,0.520,1.780,2.881
255,1,3082.000,15.785,1.242,0.139,-0.013,NaN,NaN,82,0,-2.653,-1.327,NaN,NaN,NaN,NaN,NaN,NaN,NaN,NaN,NaN,NaN,NaN
256,2,3082.000,34.175,-12.248,0.135,-0.124,0.071,NaN,82,0,-2.117,-1.235,1083.000,199.000,1105.000,253.000,NaN,NaN,NaN,NaN,NaN,NaN,NaN
257,220,3082.000,21.601,1.578,0.181,-0.166,0.715,0.616,82,0,2.719,0.812,492.000,205.000,536.000,287.000,21.610,1.640,-1.230,0.930,0.570,1.760,-0.957
258,229,3082.000,14.789,0.753,0.053,-0.020,0.036,0.019,82,0,-2.023,-1.129,528.000,225.000,573.000,289.000,14.810,0.740,-1.380,0.830,0.600,1.730,-0.515
259,0,3083.000,18.702,-1.955,0.084,-0.050,0.057,0.124,83,0,-1.931,-0.683,736.000,208.000,788.000,296.000,18.830,-2.050,-1.290,0.750,0.610,1.770,-0.182
260,1,3083.000,15.925,1.229,0.139,-0.013,NaN,NaN,83,0,-2.653,-1.327,NaN,NaN,NaN,NaN,NaN,NaN,NaN,NaN,NaN,NaN,NaN
261,2,3083.000,34.308,-12.465,0.131,-0.146,0.364,NaN,83,0,-0.703,-1.214,1095.000,196.000,1116.000,253.000,NaN,NaN,NaN,NaN,NaN,NaN,NaN
262,220,3083.000,21.814,1.404,0.191,-0.168,0.581,0.156,83,0,1.311,-0.641,510.000,201.000,550.000,270.000,21.860,1.410,-1.360,0.950,0.520,1.820,-0.761
263,229,3083.000,14.926,0.652,0.082,-0.049,0.072,0.166,83,0,-1.505,-0.409,535.000,225.000,577.000,263.000,14.950,0.600,-1.470,0.790,0.640,1.760,-0.466
264,0,3084.000,18.779,-2.035,0.082,-0.058,0.340,NaN,84,0,-0.250,-1.311,746.000,204.000,793.000,330.000,NaN,NaN,NaN,NaN,NaN,NaN,NaN
265,1,3084.000,16.253,0.708,0.152,-0.058,0.365,NaN,84,0,-0.958,-1.326,544.000,223.000,584.000,257.000,NaN,NaN,NaN,NaN,NaN,NaN,NaN
266,2,3084.000,34.413,-12.634,0.124,-0.152,0.571,NaN,84,0,0.787,-1.287,1097.000,195.000,1120.000,259.000,NaN,NaN,NaN,NaN,NaN,NaN,NaN
267,220,3084.000,21.988,1.117,0.184,-0.195,0.080,NaN,84,0,-2.172,-1.322,540.000,222.000,584.000,279.000,NaN,NaN,NaN,NaN,NaN,NaN,NaN
268,229,3084.000,14.973,0.769,0.066,0.003,0.158,NaN,84,0,-1.370,-1.210,525.000,194.000,563.000,261.000,NaN,NaN,NaN,NaN,NaN,NaN,NaN
269,0,3085.000,18.857,-2.114,0.081,-0.065,0.148,NaN,85,0,-1.036,-1.303,747.000,204.000,799.000,331.000,NaN,NaN,NaN,NaN,NaN,NaN,NaN
270,1,3085.000,16.417,0.673,0.153,-0.057,0.070,NaN,85,0,-1.886,-1.224,543.000,214.000,590.000,282.000,NaN,NaN,NaN,NaN,NaN,NaN,NaN
271,2,3085.000,34.535,-12.793,0.123,-0.153,0.680,NaN,85,0,1.846,-1.317,1101.000,197.000,1122.000,259.000,NaN,NaN,NaN,NaN,NaN,NaN,NaN
272,220,3085.000,22.164,0.868,0.182,-0.207,0.058,NaN,85,0,-1.864,-1.285,546.000,216.000,613.000,303.000,NaN,NaN,NaN,NaN,NaN,NaN,NaN
273,229,3085.000,15.069,0.708,0.069,-0.018,0.222,NaN,85,0,-1.290,-1.250,543.000,200.000,583.000,249.000,NaN,NaN,NaN,NaN,NaN,NaN,NaN
274,0,3086.000,18.937,-2.180,0.081,-0.066,0.071,NaN,86,0,-1.393,-1.295,747.000,205.000,802.000,333.000,NaN,NaN,NaN,NaN,NaN,NaN,NaN
275,1,3086.000,16.570,0.615,0.153,-0.058,NaN,NaN,86,0,-2.450,-1.225,NaN,NaN,NaN,NaN,NaN,NaN,NaN,NaN,NaN,NaN,NaN
276,2,3086.000,34.688,-12.930,0.130,-0.146,0.738,NaN,86,0,2.746,-1.321,1102.000,196.000,1124.000,257.000,NaN,NaN,NaN,NaN,NaN,NaN,NaN
277,220,3086.000,22.349,0.664,0.183,-0.206,0.146,NaN,86,0,-1.324,-1.276,545.000,207.000,617.000,304.000,NaN,NaN,NaN,NaN,NaN,NaN,NaN
278,229,3086.000,15.139,0.689,0.070,-0.019,NaN,NaN,86,0,-2.480,-1.218,NaN,NaN,NaN,NaN,NaN,NaN,NaN,NaN,NaN,NaN,NaN
279,0,3087.000,19.040,-2.169,0.087,-0.046,0.022,0.061,87,0,-2.469,-0.946,754.000,218.000,803.000,333.000,19.050,-2.100,-1.310,0.760,0.620,1.830,-0.288
280,1,3087.000,16.723,0.557,0.152,-0.058,NaN,NaN,87,0,-2.448,-1.224,NaN,NaN,NaN,NaN,NaN,NaN,NaN,NaN,NaN,NaN,NaN
281,2,3087.000,34.830,-13.081,0.131,-0.147,0.544,NaN,87,0,0.339,-1.322,1104.000,195.000,1132.000,252.000,NaN,NaN,NaN,NaN,NaN,NaN,NaN
282,220,3087.000,22.532,0.439,0.182,-0.208,0.077,NaN,87,0,-1.680,-1.277,576.000,199.000,617.000,293.000,NaN,NaN,NaN,NaN,NaN,NaN,NaN
283,229,3087.000,15.212,0.670,0.073,-0.019,NaN,NaN,87,0,-2.430,-1.215,NaN,NaN,NaN,NaN,NaN,NaN,NaN,NaN,NaN,NaN,NaN
284,0,3088.000,19.128,-2.233,0.086,-0.050,NaN,0.017,88,0,-2.540,-1.238,751.000,202.000,807.000,336.000,19.130,-2.270,-1.360,0.790,0.620,1.840,-0.297
285,1,3088.000,16.754,0.329,0.143,-0.100,0.044,NaN,88,0,-2.737,-1.222,589.000,205.000,602.000,234.000,NaN,NaN,NaN,NaN,NaN,NaN,NaN
286,2,3088.000,34.988,-13.247,0.135,-0.151,0.654,NaN,88,0,1.281,-1.322,1109.000,196.000,1136.000,250.000,NaN,NaN,NaN,NaN,NaN,NaN,NaN
287,220,3088.000,23.116,0.202,0.242,-0.215,0.515,0.998,88,0,0.653,2.467,589.000,204.000,633.000,284.000,23.240,0.120,-1.190,1.800,0.590,1.810,-0.702
288,229,3088.000,15.287,0.652,0.075,-0.018,NaN,NaN,88,0,-2.427,-1.214,NaN,NaN,NaN,NaN,NaN,NaN,NaN,NaN,NaN,NaN,NaN
289,0,3089.000,19.215,-2.297,0.087,-0.054,0.037,NaN,89,0,-2.366,-1.289,761.000,197.000,802.000,273.000,NaN,NaN,NaN,NaN,NaN,NaN,NaN
290,1,3089.000,16.897,0.228,0.143,-0.101,NaN,NaN,89,0,-2.628,-1.314,NaN,NaN,NaN,NaN,NaN,NaN,NaN,NaN,NaN,NaN,NaN
291,2,3089.000,35.136,-13.381,0.137,-0.146,0.574,NaN,89,0,0.573,-1.324,1111.000,196.000,1136.000,248.000,NaN,NaN,NaN,NaN,NaN,NaN,NaN
292,220,3089.000,23.361,0.014,0.242,-0.210,0.858,NaN,89,0,4.491,-1.321,594.000,198.000,639.000,296.000,NaN,NaN,NaN,NaN,NaN,NaN,NaN
293,229,3089.000,15.362,0.632,0.075,-0.019,NaN,NaN,89,0,-1.471,-1.213,NaN,NaN,NaN,NaN,NaN,NaN,NaN,NaN,NaN,NaN,NaN
294,0,3090.000,19.285,-2.319,0.081,-0.045,NaN,0.184,90,0,-2.529,-0.459,738.000,193.000,824.000,329.000,19.280,-2.280,-1.240,1.700,0.650,1.840,0.225
295,1,3090.000,17.041,0.127,0.143,-0.101,NaN,NaN,90,0,-2.646,-1.323,NaN,NaN,NaN,NaN,NaN,NaN,NaN,NaN,NaN,NaN,NaN
296,2,3090.000,35.416,-13.586,0.153,-0.155,0.726,0.163,90,0,-0.300,-1.805,1117.000,195.000,1143.000,252.000,35.420,-13.570,-1.130,0.820,0.540,1.700,-1.583
297,220,3090.000,23.671,-0.210,0.255,-0.214,0.842,0.519,90,0,3.682,0.276,607.000,198.000,656.000,293.000,23.720,-0.220,-1.240,1.750,0.520,2.100,-0.743
298,229,3090.000,15.274,0.403,0.053,-0.057,0.017,0.988,90,0,-2.151,2.197,559.000,224.000,611.000,302.000,15.280,0.360,-1.290,0.760,0.800,1.540,0.515
299,0,3091.000,19.383,-2.393,0.085,-0.052,NaN,0.041,91,0,-2.530,-1.122,760.000,191.000,817.000,321.000,19.400,-2.430,-1.190,0.730,0.650,1.810,-0.327
300,1,3091.000,16.921,0.256,0.122,-0.026,0.052,NaN,91,0,-2.548,-1.326,562.000,224.000,609.000,281.000,NaN,NaN,NaN,NaN,NaN,NaN,NaN
301,2,3091.000,35.593,-13.762,0.155,-0.158,0.495,0.500,91,0,-2.200,-1.100,1123.000,196.000,1147.000,247.000,35.590,-13.780,-1.100,0.750,0.620,1.670,-0.461
302,220,3091.000,23.996,-0.455,0.273,-0.223,0.841,0.980,91,0,3.682,2.843,621.000,196.000,671.000,297.000,24.070,-0.520,-1.220,1.760,0.530,1.880,-0.623
303,229,3091.000,15.371,0.330,0.065,-0.057,0.126,0.890,91,0,-1.092,2.197,563.000,223.000,613.000,330.000,15.450,0.320,-1.350,1.750,0.680,1.710,-0.612
304,0,3092.000,19.465,-2.458,0.084,-0.055,0.032,NaN,92,0,-1.797,-1.288,767.000,215.000,813.000,340.000,NaN,NaN,NaN,NaN,NaN,NaN,NaN
305,1,3092.000,16.449,0.334,0.084,0.008,0.062,NaN,92,0,-2.386,-1.321,564.000,224.000,608.000,274.000,NaN,NaN,NaN,NaN,NaN,NaN,NaN
306,2,3092.000,35.749,-13.925,0.155,-0.159,0.479,NaN,92,0,-0.083,-1.326,1125.000,197.000,1148.000,248.000,NaN,NaN,NaN,NaN,NaN,NaN,NaN
307,220,3092.000,24.269,-0.656,0.273,-0.217,0.818,NaN,92,0,4.311,-1.327,628.000,197.000,678.000,293.000,NaN,NaN,NaN,NaN,NaN,NaN,NaN
308,229,3092.000,15.422,0.305,0.061,-0.045,0.249,NaN,92,0,-0.708,-1.309,564.000,223.000,613.000,330.000,NaN,NaN,NaN,NaN,NaN,NaN,NaN
309,0,3093.000,19.545,-2.489,0.084,-0.047,0.098,0.158,93,0,-1.537,-0.552,770.000,205.000,817.000,334.000,19.550,-2.470,-1.290,0.780,0.600,1.790,-0.189
310,1,3093.000,16.531,0.341,0.082,0.007,NaN,NaN,93,0,-2.627,-1.314,NaN,NaN,NaN,NaN,NaN,NaN,NaN,NaN,NaN,NaN,NaN
311,2,3093.000,35.904,-14.088,0.155,-0.161,0.571,NaN,93,0,0.573,-1.326,1128.000,197.000,1153.000,254.000,NaN,NaN,NaN,NaN,NaN,NaN,NaN
312,220,3093.000,24.527,-0.866,0.270,-0.215,0.829,0.323,93,0,3.532,-0.326,642.000,196.000,691.000,289.000,24.500,-0.850,-1.250,1.900,0.540,1.930,-0.734
313,229,3093.000,15.436,0.270,0.047,-0.042,0.040,0.968,93,0,-2.090,2.197,566.000,224.000,607.000,251.000,15.400,0.290,-1.330,0.690,0.640,1.810,-0.177
314,0,3094.000,19.617,-2.548,0.083,-0.050,0.072,0.003,94,0,-1.812,-1.293,778.000,205.000,831.000,342.000,19.610,-2.560,-1.330,0.710,0.650,1.810,-0.708
315,1,3094.000,16.491,0.377,0.077,0.014,0.191,NaN,94,0,-1.309,-1.311,567.000,224.000,611.000,298.000,NaN,NaN,NaN,NaN,NaN,NaN,NaN
316,2,3094.000,36.058,-14.242,0.156,-0.161,0.623,NaN,94,0,1.205,-1.326,1133.000,195.000,1154.000,257.000,NaN,NaN,NaN,NaN,NaN,NaN,NaN
317,220,3094.000,24.797,-1.094,0.271,-0.218,0.833,0.969,94,0,3.241,3.500,656.000,195.000,704.000,279.000,24.780,-1.120,-1.230,1.810,0.510,1.950,-0.622
318,229,3094.000,15.461,0.237,0.040,-0.039,0.398,0.996,94,0,0.164,2.197,567.000,223.000,612.000,356.000,15.450,0.250,-1.340,0.700,0.760,1.690,-0.554
319,0,3095.000,19.692,-2.627,0.082,-0.058,0.179,NaN,95,0,-0.882,-1.294,780.000,206.000,822.000,332.000,NaN,NaN,NaN,NaN,NaN,NaN,NaN
320,1,3095.000,16.794,0.381,0.089,0.011,0.040,NaN,95,0,-1.734,-1.305,568.000,223.000,614.000,356.000,NaN,NaN,NaN,NaN,NaN,NaN,NaN
321,2,3095.000,36.211,-14.396,0.155,-0.160,0.634,NaN,95,0,1.083,-1.325,1135.000,196.000,1158.000,253.000,NaN,NaN,NaN,NaN,NaN,NaN,NaN
322,220,3095.000,25.067,-1.296,0.271,-0.214,0.807,NaN,95,0,4.175,-1.326,663.000,196.000,712.000,281.000,NaN,NaN,NaN,NaN,NaN,NaN,NaN
323,229,3095.000,15.498,0.274,0.042,-0.014,0.114,NaN,95,0,-1.967,-1.320,568.000,224.000,611.000,280.000,NaN,NaN,NaN,NaN,NaN,NaN,NaN
324,0,3096.000,19.753,-2.701,0.080,-0.065,0.033,0.057,96,0,-2.450,-0.982,797.000,184.000,827.000,260.000,19.730,-2.710,-1.390,0.770,0.650,1.830,-0.125
325,1,3096.000,17.030,0.376,0.093,0.008,0.078,NaN,96,0,-1.924,-1.304,569.000,225.000,620.000,300.000,NaN,NaN,NaN,NaN,NaN,NaN,NaN
326,2,3096.000,36.349,-14.576,0.152,-0.167,0.685,NaN,96,0,1.743,-1.325,1141.000,196.000,1164.000,247.000,NaN,NaN,NaN,NaN,NaN,NaN,NaN
327,220,3096.000,25.257,-1.469,0.255,-0.205,0.742,0.989,96,0,2.178,3.500,677.000,197.000,725.000,281.000,25.200,-1.410,-1.220,1.830,0.540,1.980,-0.635
328,229,3096.000,15.453,0.256,0.020,-0.017,0.191,0.957,96,0,-0.724,2.197,569.000,225.000,615.000,357.000,15.390,0.260,-1.350,0.720,0.590,1.750,-0.876
329,0,3097.000,19.920,-2.785,0.100,-0.071,0.033,0.005,97,0,-2.454,-1.291,787.000,187.000,820.000,270.000,20.000,-2.800,-1.320,0.740,0.580,1.770,-0.465
330,1,3097.000,17.107,0.375,0.091,0.006,0.073,NaN,97,0,-2.013,-1.307,570.000,227.000,615.000,297.000,NaN,NaN,NaN,NaN,NaN,NaN,NaN
331,2,3097.000,36.498,-14.754,0.148,-0.171,0.665,0.069,97,0,-1.218,-2.185,1143.000,194.000,1168.000,248.000,36.470,-14.770,-0.990,0.690,0.710,1.710,0.368
332,220,3097.000,25.485,-1.700,0.247,-0.211,0.780,0.366,97,0,2.512,-0.302,690.000,195.000,737.000,273.000,25.450,-1.720,-1.060,1.810,0.400,1.760,-0.722
333,229,3097.000,15.457,0.264,0.017,-0.010,0.168,0.990,97,0,-0.865,2.197,569.000,226.000,615.000,354.000,15.440,0.310,-1.390,0.750,0.670,1.710,-0.489
334,0,3098.000,20.018,-2.855,0.098,-0.070,NaN,NaN,98,0,-1.772,-1.304,NaN,NaN,NaN,NaN,NaN,NaN,NaN,NaN,NaN,NaN,NaN
335,1,3098.000,17.150,0.349,0.088,-0.001,0.029,NaN,98,0,-2.502,-1.308,571.000,227.000,627.000,298.000,NaN,NaN,NaN,NaN,NaN,NaN,NaN
336,2,3098.000,36.647,-14.902,0.153,-0.164,0.679,NaN,98,0,1.609,-1.319,1145.000,194.000,1172.000,248.000,NaN,NaN,NaN,NaN,NaN,NaN,NaN
337,220,3098.000,25.735,-1.885,0.249,-0.206,0.675,NaN,98,0,1.846,-1.327,695.000,202.000,737.000,272.000,NaN,NaN,NaN,NaN,NaN,NaN,NaN
338,229,3098.000,15.471,0.282,0.015,-0.002,0.264,NaN,98,0,-0.532,-1.318,570.000,227.000,616.000,354.000,NaN,NaN,NaN,NaN,NaN,NaN,NaN
339,0,3099.000,20.077,-2.910,0.090,-0.070,0.663,0.033,99,0,2.257,-1.233,795.000,203.000,838.000,343.000,20.020,-2.900,-1.320,0.750,0.620,1.800,-0.621
340,1,3099.000,17.235,0.348,0.085,-0.001,NaN,NaN,99,0,-1.671,-1.313,NaN,NaN,NaN,NaN,NaN,NaN,NaN,NaN,NaN,NaN,NaN
341,2,3099.000,36.792,-15.084,0.150,-0.168,0.627,NaN,99,0,1.083,-1.310,1151.000,194.000,1177.000,249.000,NaN,NaN,NaN,NaN,NaN,NaN,NaN
342,220,3099.000,25.896,-2.060,0.235,-0.200,0.728,0.012,99,0,1.790,-1.557,710.000,197.000,748.000,269.000,25.810,-2.030,-1.260,1.010,0.650,1.800,-0.780
343,229,3099.000,15.400,0.273,-0.005,-0.003,0.014,0.996,99,0,-2.387,2.197,572.000,229.000,620.000,354.000,15.360,0.290,-1.330,0.780,0.670,1.630,0.027
344,0,3100.000,20.188,-2.975,0.094,-0.067,0.262,0.120,100,0,-0.521,-0.705,798.000,203.000,845.000,343.000,20.210,-2.970,-1.330,0.750,0.580,1.730,0.118
345,1,3100.000,17.319,0.348,0.084,-0.000,NaN,NaN,100,0,-2.625,-1.312,NaN,NaN,NaN,NaN,NaN,NaN,NaN,NaN,NaN,NaN,NaN
346,2,3100.000,36.929,-15.277,0.146,-0.175,0.509,NaN,100,0,0.090,-1.308,1157.000,194.000,1182.000,247.000,NaN,NaN,NaN,NaN,NaN,NaN,NaN
347,220,3100.000,26.214,-2.328,0.248,-0.211,0.762,0.972,100,0,2.048,4.938,723.000,195.000,760.000,268.000,26.290,-2.420,-1.140,1.990,0.600,1.840,-0.823
348,229,3100.000,15.413,0.241,-0.001,-0.010,NaN,0.400,100,0,-2.411,0.082,563.000,206.000,643.000,374.000,15.420,0.210,-1.410,0.700,0.590,1.850,-0.791
349,0,3101.000,20.283,-3.061,0.096,-0.073,0.051,NaN,101,0,-1.617,-1.308,798.000,206.000,850.000,343.000,NaN,NaN,NaN,NaN,NaN,NaN,NaN
350,1,3101.000,17.402,0.347,0.083,-0.001,NaN,NaN,101,0,-2.624,-1.312,NaN,NaN,NaN,NaN,NaN,NaN,NaN,NaN,NaN,NaN,NaN
351,2,3101.000,37.075,-15.454,0.145,-0.178,0.647,NaN,101,0,1.281,-1.306,1160.000,195.000,1184.000,249.000,NaN,NaN,NaN,NaN,NaN,NaN,NaN
352,220,3101.000,26.465,-2.532,0.247,-0.209,0.767,NaN,101,0,3.261,-1.319,728.000,196.000,768.000,268.000,NaN,NaN,NaN,NaN,NaN,NaN,NaN
353,229,3101.000,15.412,0.232,-0.001,-0.009,NaN,NaN,101,0,-1.795,-1.320,NaN,NaN,NaN,NaN,NaN,NaN,NaN,NaN,NaN,NaN,NaN
354,0,3102.000,20.383,-3.142,0.097,-0.076,0.198,NaN,102,0,-0.800,-1.309,803.000,205.000,849.000,343.000,NaN,NaN,NaN,NaN,NaN,NaN,NaN
355,1,3102.000,17.485,0.345,0.083,-0.002,NaN,NaN,102,0,-2.624,-1.312,NaN,NaN,NaN,NaN,NaN,NaN,NaN,NaN,NaN,NaN,NaN
356,2,3102.000,37.263,-15.596,0.153,-0.169,0.319,NaN,102,0,-0.939,-1.305,1163.000,197.000,1183.000,247.000,NaN,NaN,NaN,NaN,NaN,NaN,NaN
357,220,3102.000,26.708,-2.801,0.243,-0.224,0.006,0.062,102,0,-3.111,-1.314,727.000,201.000,792.000,264.000,26.690,-2.890,-1.150,0.870,0.770,1.810,-0.736
358,229,3102.000,15.398,0.235,-0.006,-0.004,NaN,0.988,102,0,-2.417,2.197,561.000,210.000,640.000,363.000,15.380,0.230,-1.370,0.740,0.590,1.670,-0.544
359,0,3103.000,20.554,-3.195,0.113,-0.069,0.077,0.088,103,0,-1.786,-0.847,807.000,211.000,849.000,343.000,20.580,-3.160,-1.270,0.710,0.580,1.760,-0.158
360,1,3103.000,17.568,0.343,0.083,-0.002,NaN,NaN,103,0,-2.624,-1.312,NaN,NaN,NaN,NaN,NaN,NaN,NaN,NaN,NaN,NaN,NaN
361,2,3103.000,37.415,-15.764,0.153,-0.168,NaN,NaN,103,0,-2.609,-1.305,NaN,NaN,NaN,NaN,NaN,NaN,NaN,NaN,NaN,NaN,NaN
362,220,3103.000,26.992,-3.104,0.250,-0.244,0.529,0.986,103,0,-0.031,6.369,752.000,190.000,793.000,262.000,27.040,-3.240,-1.080,1.900,0.580,1.830,-0.931
363,229,3103.000,15.385,0.262,-0.009,0.001,NaN,0.943,103,0,-2.417,2.197,552.000,217.000,638.000,354.000,15.380,0.300,-1.360,0.700,0.800,1.500,0.336
364,0,3104.000,20.674,-3.251,0.114,-0.066,0.027,NaN,104,0,-2.788,-1.313,810.000,215.000,848.000,264.000,NaN,NaN,NaN,NaN,NaN,NaN,NaN
365,1,3104.000,17.652,0.341,0.084,-0.002,NaN,NaN,104,0,-2.626,-1.313,NaN,NaN,NaN,NaN,NaN,NaN,NaN,NaN,NaN,NaN,NaN
366,2,3104.000,37.568,-15.933,0.154,-0.168,NaN,NaN,104,0,-2.598,-1.299,NaN,NaN,NaN,NaN,NaN,NaN,NaN,NaN,NaN,NaN,NaN
367,220,3104.000,27.247,-3.330,0.251,-0.240,0.585,NaN,104,0,0.941,-1.287,760.000,194.000,803.000,259.000,NaN,NaN,NaN,NaN,NaN,NaN,NaN
368,229,3104.000,15.377,0.264,-0.008,0.002,NaN,NaN,104,0,-1.476,-1.318,NaN,NaN,NaN,NaN,NaN,NaN,NaN,NaN,NaN,NaN,NaN
369,0,3105.000,20.690,-3.262,0.097,-0.053,0.026,0.101,105,0,-2.539,-0.812,811.000,212.000,852.000,342.000,20.630,-3.190,-1.330,0.760,0.620,1.840,-0.607
370,1,3105.000,17.736,0.339,0.084,-0.002,NaN,NaN,105,0,-2.628,-1.314,NaN,NaN,NaN,NaN,NaN,NaN,NaN,NaN,NaN,NaN,NaN
371,2,3105.000,37.722,-16.102,0.154,-0.169,NaN,NaN,105,0,-2.557,-1.278,NaN,NaN,NaN,NaN,NaN,NaN,NaN,NaN,NaN,NaN,NaN
372,220,3105.000,27.426,-3.543,0.236,-0.234,0.572,0.336,105,0,0.216,-0.530,781.000,194.000,814.000,258.000,27.360,-3.500,-1.120,0.750,0.690,1.670,-0.512
373,229,3105.000,15.368,0.223,-0.007,-0.006,0.007,0.939,105,0,-2.391,2.197,574.000,236.000,626.000,350.000,15.370,0.210,-1.390,0.730,0.770,1.550,-0.599
374,0,3106.000,20.764,-3.339,0.090,-0.059,0.237,0.111,106,0,-0.728,-0.778,818.000,203.000,853.000,289.000,20.710,-3.370,-1.270,0.710,0.580,1.680,-0.794
375,1,3106.000,17.821,0.336,0.085,-0.003,NaN,NaN,106,0,-2.628,-1.314,NaN,NaN,NaN,NaN,NaN,NaN,NaN,NaN,NaN,NaN,NaN
376,2,3106.000,37.876,-16.272,0.154,-0.170,NaN,NaN,106,0,-2.434,-1.217,NaN,NaN,NaN,NaN,NaN,NaN,NaN,NaN,NaN,NaN,NaN
377,220,3106.000,27.618,-3.798,0.228,-0.237,0.027,0.590,106,0,-3.253,0.050,796.000,193.000,831.000,264.000,27.570,-3.830,-1.190,0.820,0.710,1.860,-1.012
378,229,3106.000,15.341,0.235,-0.012,-0.001,0.067,0.986,106,0,-1.593,2.197,574.000,236.000,620.000,348.000,15.330,0.260,-1.360,0.740,0.750,1.600,-0.505
379,0,3107.000,20.853,-3.397,0.089,-0.059,NaN,NaN,107,0,-1.051,-1.311,NaN,NaN,NaN,NaN,NaN,NaN,NaN,NaN,NaN,NaN,NaN
380,1,3107.000,17.909,0.334,0.087,-0.001,NaN,NaN,107,0,-2.628,-1.314,NaN,NaN,NaN,NaN,NaN,NaN,NaN,NaN,NaN,NaN,NaN
381,2,3107.000,38.030,-16.442,0.153,-0.170,NaN,NaN,107,0,-2.068,-1.034,NaN,NaN,NaN,NaN,NaN,NaN,NaN,NaN,NaN,NaN,NaN
382,220,3107.000,27.844,-4.001,0.230,-0.228,0.034,NaN,107,0,-2.523,-1.319,788.000,200.000,830.000,264.000,NaN,NaN,NaN,NaN,NaN,NaN,NaN
383,229,3107.000,15.329,0.236,-0.012,0.001,NaN,NaN,107,0,-2.641,-1.320,NaN,NaN,NaN,NaN,NaN,NaN,NaN,NaN,NaN,NaN,NaN
384,0,3108.000,20.924,-3.466,0.083,-0.060,NaN,0.042,108,0,-2.665,-1.196,814.000,195.000,871.000,316.000,20.910,-3.470,-1.250,0.690,0.550,1.830,0.397
385,1,3108.000,17.995,0.332,0.087,-0.002,NaN,NaN,108,0,-2.629,-1.315,NaN,NaN,NaN,NaN,NaN,NaN,NaN,NaN,NaN,NaN,NaN
386,2,3108.000,38.183,-16.611,0.153,-0.170,NaN,NaN,108,0,-1.353,-0.676,NaN,NaN,NaN,NaN,NaN,NaN,NaN,NaN,NaN,NaN,NaN
387,220,3108.000,27.971,-4.184,0.211,-0.220,0.262,0.933,108,0,-1.576,7.239,804.000,200.000,838.000,263.000,27.870,-4.140,-1.100,0.830,0.720,1.670,-0.990
388,229,3108.000,15.355,0.238,-0.003,0.004,0.042,0.918,108,0,-2.101,2.197,574.000,234.000,625.000,357.000,15.370,0.230,-1.390,0.760,0.600,1.690,-0.654
389,0,3109.000,21.008,-3.524,0.084,-0.059,NaN,NaN,109,0,-2.601,-1.301,NaN,NaN,NaN,NaN,NaN,NaN,NaN,NaN,NaN,NaN,NaN
390,1,3109.000,18.081,0.330,0.086,-0.002,NaN,NaN,109,0,-1.400,-1.315,NaN,NaN,NaN,NaN,NaN,NaN,NaN,NaN,NaN,NaN,NaN
391,2,3109.000,38.336,-16.782,0.153,-0.170,NaN,NaN,109,0,-0.433,-0.217,NaN,NaN,NaN,NaN,NaN,NaN,NaN,NaN,NaN,NaN,NaN
392,220,3109.000,28.164,-4.408,0.206,-0.222,NaN,0.028,109,0,-3.371,-1.635,808.000,193.000,854.000,281.000,28.140,-4.430,-1.180,0.710,0.670,1.800,0.291
393,229,3109.000,15.403,0.212,0.012,-0.003,0.044,0.117,109,0,-2.101,-0.596,574.000,234.000,626.000,357.000,15.460,0.170,-1.420,0.760,0.580,1.830,-0.469
394,0,3110.000,21.092,-3.600,0.084,-0.064,0.088,NaN,110,0,-1.648,-1.301,829.000,200.000,867.000,293.000,NaN,NaN,NaN,NaN,NaN,NaN,NaN
395,1,3110.000,18.168,0.328,0.086,-0.001,NaN,NaN,110,0,-2.631,-1.315,NaN,NaN,NaN,NaN,NaN,NaN,NaN,NaN,NaN,NaN,NaN
396,2,3110.000,38.489,-16.952,0.153,-0.171,NaN,NaN,110,0,-0.083,-0.041,NaN,NaN,NaN,NaN,NaN,NaN,NaN,NaN,NaN,NaN,NaN
397,220,3110.000,28.359,-4.657,0.202,-0.230,0.042,NaN,110,0,-2.182,-1.325,828.000,200.000,852.000,287.000,NaN,NaN,NaN,NaN,NaN,NaN,NaN
398,229,3110.000,15.415,0.210,0.011,-0.002,NaN,NaN,110,0,-2.644,-1.322,NaN,NaN,NaN,NaN,NaN,NaN,NaN,NaN,NaN,NaN,NaN
399,0,3111.000,21.187,-3.689,0.089,-0.070,NaN,0.017,111,0,-2.652,-1.296,833.000,206.000,877.000,326.000,21.190,-3.720,-1.420,0.750,0.630,1.820,-0.179
400,1,3111.000,18.252,0.326,0.085,-0.002,NaN,NaN,111,0,-1.473,-1.316,NaN,NaN,NaN,NaN,NaN,NaN,NaN,NaN,NaN,NaN,NaN
401,2,3111.000,38.514,-17.243,0.136,-0.186,0.029,NaN,111,0,-0.000,-0.000,1204.000,197.000,1222.000,246.000,NaN,NaN,NaN,NaN,NaN,NaN,NaN
402,220,3111.000,28.563,-4.888,0.204,-0.231,NaN,NaN,111,0,-1.452,-1.323,NaN,NaN,NaN,NaN,NaN,NaN,NaN,NaN,NaN,NaN,NaN
403,229,3111.000,15.379,0.253,-0.001,0.011,NaN,0.025,111,0,-2.419,-1.127,555.000,216.000,637.000,367.000,15.350,0.290,-1.430,0.780,0.550,1.640,0.776
404,0,3112.000,21.225,-3.965,0.070,-0.129,0.167,NaN,112,0,-1.410,-1.296,863.000,193.000,887.000,259.000,NaN,NaN,NaN,NaN,NaN,NaN,NaN
405,1,3112.000,18.336,0.323,0.084,-0.003,NaN,NaN,112,0,-1.845,-1.316,NaN,NaN,NaN,NaN,NaN,NaN,NaN,NaN,NaN,NaN,NaN
406,2,3112.000,38.701,-17.469,0.140,-0.193,0.051,NaN,112,0,-0.990,-0.468,1209.000,192.000,1227.000,232.000,NaN,NaN,NaN,NaN,NaN,NaN,NaN
407,220,3112.000,28.758,-5.163,0.202,-0.243,0.160,NaN,112,0,-1.450,-1.280,842.000,192.000,886.000,262.000,NaN,NaN,NaN,NaN,NaN,NaN,NaN
408,229,3112.000,15.514,0.210,0.035,-0.008,NaN,0.011,112,0,-2.460,-1.219,540.000,209.000,672.000,379.000,15.660,0.150,-1.450,1.750,0.590,1.840,-0.639
409,0,3113.000,21.293,-4.104,0.070,-0.132,0.440,NaN,113,0,-0.147,-1.289,862.000,192.000,894.000,264.000,NaN,NaN,NaN,NaN,NaN,NaN,NaN
410,1,3113.000,18.421,0.320,0.085,-0.004,NaN,NaN,113,0,-2.632,-1.316,NaN,NaN,NaN,NaN,NaN,NaN,NaN,NaN,NaN,NaN,NaN
411,2,3113.000,38.840,-17.661,0.139,-0.192,NaN,NaN,113,0,-1.646,-0.823,NaN,NaN,NaN,NaN,NaN,NaN,NaN,NaN,NaN,NaN,NaN
412,220,3113.000,28.963,-5.411,0.204,-0.244,0.062,NaN,113,0,-1.891,-1.164,843.000,190.000,896.000,267.000,NaN,NaN,NaN,NaN,NaN,NaN,NaN
413,229,3113.000,15.539,0.252,0.031,0.004,0.079,NaN,113,0,-1.358,-1.322,574.000,229.000,617.000,356.000,NaN,NaN,NaN,NaN,NaN,NaN,NaN
414,0,3114.000,21.364,-4.237,0.071,-0.133,NaN,NaN,114,0,-2.637,-1.295,NaN,NaN,NaN,NaN,NaN,NaN,NaN,NaN,NaN,NaN,NaN
415,1,3114.000,18.507,0.315,0.085,-0.004,NaN,NaN,114,0,-2.631,-1.315,NaN,NaN,NaN,NaN,NaN,NaN,NaN,NaN,NaN,NaN,NaN
416,2,3114.000,38.980,-17.852,0.139,-0.192,NaN,NaN,114,0,-1.902,-0.951,NaN,NaN,NaN,NaN,NaN,NaN,NaN,NaN,NaN,NaN,NaN
417,220,3114.000,29.113,-5.683,0.195,-0.253,0.617,0.884,114,0,0.007,2.109,874.000,191.000,906.000,254.000,29.110,-5.740,-1.060,0.930,0.630,1.840,-1.073
418,229,3114.000,15.472,0.257,0.008,0.004,0.063,0.093,114,0,-1.724,-0.708,574.000,227.000,616.000,356.000,15.400,0.250,-1.400,0.760,0.570,1.780,0.562
419,0,3115.000,21.435,-4.370,0.071,-0.133,NaN,NaN,115,0,-2.597,-1.299,NaN,NaN,NaN,NaN,NaN,NaN,NaN,NaN,NaN,NaN,NaN
420,1,3115.000,18.589,0.313,0.082,-0.003,NaN,NaN,115,0,-2.631,-1.315,NaN,NaN,NaN,NaN,NaN,NaN,NaN,NaN,NaN,NaN,NaN
421,2,3115.000,39.172,-17.774,0.169,-0.125,0.046,NaN,115,0,-1.959,-0.926,1215.000,191.000,1224.000,228.000,NaN,NaN,NaN,NaN,NaN,NaN,NaN
422,220,3115.000,29.413,-6.041,0.216,-0.280,0.341,0.993,115,0,-1.646,5.979,883.000,192.000,911.000,252.000,29.530,-6.200,-1.120,1.810,0.540,1.780,-0.928
423,229,3115.000,15.524,0.258,0.021,0.002,0.261,0.691,115,0,-0.438,1.304,575.000,228.000,615.000,357.000,15.580,0.260,-1.430,0.840,0.550,1.800,-0.536
424,0,3116.000,21.454,-4.583,0.062,-0.153,0.481,NaN,116,0,-0.082,-1.298,888.000,192.000,928.000,251.000,NaN,NaN,NaN,NaN,NaN,NaN,NaN
425,1,3116.000,18.672,0.309,0.084,-0.004,NaN,NaN,116,0,-2.632,-1.316,NaN,NaN,NaN,NaN,NaN,NaN,NaN,NaN,NaN,NaN,NaN
426,2,3116.000,39.513,-17.886,0.183,-0.100,0.067,NaN,116,0,-1.764,-0.934,1207.000,191.000,1223.000,228.000,NaN,NaN,NaN,NaN,NaN,NaN,NaN
427,220,3116.000,29.640,-6.251,0.218,-0.266,0.066,NaN,116,0,-2.035,-1.321,887.000,193.000,912.000,255.000,NaN,NaN,NaN,NaN,NaN,NaN,NaN
428,229,3116.000,15.546,0.260,0.022,0.002,NaN,NaN,116,0,-0.870,-1.319,NaN,NaN,NaN,NaN,NaN,NaN,NaN,NaN,NaN,NaN,NaN
429,0,3117.000,21.587,-4.362,0.074,-0.062,0.030,0.001,117,0,-2.562,-1.348,855.000,205.000,895.000,338.000,21.650,-3.980,-1.390,0.710,0.640,1.930,-0.035
430,1,3117.000,18.488,0.326,0.097,0.006,0.314,NaN,117,0,-0.970,-1.316,577.000,225.000,618.000,278.000,NaN,NaN,NaN,NaN,NaN,NaN,NaN
431,2,3117.000,39.695,-17.986,0.182,-0.099,NaN,NaN,117,0,-1.802,-0.901,NaN,NaN,NaN,NaN,NaN,NaN,NaN,NaN,NaN,NaN,NaN
432,220,3117.000,29.779,-6.493,0.198,-0.260,0.770,0.926,117,0,1.091,5.979,898.000,192.000,936.000,247.000,29.700,-6.520,-1.110,1.920,0.540,1.810,-0.916
433,229,3117.000,15.499,0.179,0.003,-0.022,0.236,0.091,117,0,-0.530,-0.708,577.000,224.000,619.000,359.000,15.470,0.130,-1.380,0.730,0.650,1.670,0.450
434,0,3118.000,21.649,-4.260,0.073,-0.022,0.170,0.051,118,0,-1.199,-1.145,861.000,207.000,897.000,264.000,21.650,-4.050,-1.410,0.730,0.640,1.830,-0.119
435,1,3118.000,17.767,0.298,0.080,0.003,0.107,NaN,118,0,-1.958,-1.315,581.000,224.000,622.000,276.000,NaN,NaN,NaN,NaN,NaN,NaN,NaN
436,2,3118.000,39.877,-18.085,0.182,-0.099,NaN,NaN,118,0,-1.838,-0.919,NaN,NaN,NaN,NaN,NaN,NaN,NaN,NaN,NaN,NaN,NaN
437,220,3118.000,30.086,-6.855,0.219,-0.284,0.715,0.017,118,0,0.661,-1.789,914.000,191.000,950.000,255.000,30.160,-7.040,-1.180,2.150,0.600,2.040,-0.729
438,229,3118.000,15.506,0.164,0.005,-0.021,0.649,0.997,118,0,2.224,2.225,581.000,224.000,624.000,358.000,15.510,0.180,-1.340,0.740,0.730,1.590,0.288
439,0,3119.000,21.722,-4.282,0.073,-0.021,NaN,NaN,119,0,-2.596,-1.298,NaN,NaN,NaN,NaN,NaN,NaN,NaN,NaN,NaN,NaN,NaN
440,1,3119.000,17.587,0.274,0.071,-0.005,0.290,NaN,119,0,-0.841,-1.318,583.000,223.000,624.000,302.000,NaN,NaN,NaN,NaN,NaN,NaN,NaN
441,2,3119.000,40.059,-18.185,0.182,-0.100,NaN,NaN,119,0,-1.884,-0.942,NaN,NaN,NaN,NaN,NaN,NaN,NaN,NaN,NaN,NaN,NaN
442,220,3119.000,30.307,-7.164,0.219,-0.289,0.759,NaN,119,0,3.077,-1.326,917.000,191.000,955.000,255.000,NaN,NaN,NaN,NaN,NaN,NaN,NaN
443,229,3119.000,15.508,0.173,0.003,-0.013,0.330,NaN,119,0,-0.304,-1.324,582.000,223.000,625.000,356.000,NaN,NaN,NaN,NaN,NaN,NaN,NaN
444,0,3120.000,21.733,-4.233,0.058,-0.001,0.423,0.090,120,0,0.097,-0.873,866.000,204.000,903.000,281.000,21.750,-4.160,-1.350,1.800,0.570,1.830,0.195
445,1,3120.000,17.373,0.221,0.064,-0.019,0.517,NaN,120,0,0.383,-1.319,587.000,222.000,631.000,301.000,NaN,NaN,NaN,NaN,NaN,NaN,NaN
446,2,3120.000,40.241,-18.285,0.182,-0.100,NaN,NaN,120,0,-1.938,-0.969,NaN,NaN,NaN,NaN,NaN,NaN,NaN,NaN,NaN,NaN,NaN
447,220,3120.000,30.457,-7.410,0.206,-0.282,0.794,0.151,120,0,1.237,-1.302,927.000,192.000,967.000,256.000,30.370,-7.360,-1.110,1.000,0.550,1.950,-0.821
448,229,3120.000,15.563,0.135,0.017,-0.020,0.046,0.711,120,0,-1.959,1.433,587.000,224.000,632.000,350.000,15.580,0.110,-1.350,0.870,0.560,1.700,0.361
449,0,3121.000,21.951,-4.250,0.094,0.004,NaN,0.067,121,0,-2.701,-0.976,829.000,194.000,929.000,319.000,22.090,-4.250,-1.290,1.700,0.580,1.940,0.533
450,1,3121.000,17.437,0.203,0.065,-0.018,NaN,NaN,121,0,-2.645,-1.323,NaN,NaN,NaN,NaN,NaN,NaN,NaN,NaN,NaN,NaN,NaN
451,2,3121.000,40.424,-18.384,0.183,-0.099,NaN,NaN,121,0,-1.951,-0.975,NaN,NaN,NaN,NaN,NaN,NaN,NaN,NaN,NaN,NaN,NaN
452,220,3121.000,30.667,-7.747,0.205,-0.292,0.648,NaN,121,0,1.281,-1.327,940.000,195.000,981.000,254.000,NaN,NaN,NaN,NaN,NaN,NaN,NaN
453,229,3121.000,15.685,0.081,0.045,-0.031,0.767,0.504,121,0,3.840,0.405,592.000,221.000,637.000,350.000,15.780,0.030,-1.380,0.860,0.560,1.750,-0.474
454,0,3122.000,22.027,-4.345,0.090,-0.024,0.595,NaN,122,0,1.024,-1.296,872.000,200.000,908.000,264.000,NaN,NaN,NaN,NaN,NaN,NaN,NaN
455,1,3122.000,17.500,0.183,0.063,-0.019,NaN,NaN,122,0,-2.647,-1.324,NaN,NaN,NaN,NaN,NaN,NaN,NaN,NaN,NaN,NaN,NaN
456,2,3122.000,40.607,-18.483,0.184,-0.099,NaN,NaN,122,0,-2.003,-1.002,NaN,NaN,NaN,NaN,NaN,NaN,NaN,NaN,NaN,NaN,NaN
457,220,3122.000,30.889,-8.019,0.208,-0.287,0.746,NaN,122,0,2.906,-1.327,945.000,193.000,983.000,256.000,NaN,NaN,NaN,NaN,NaN,NaN,NaN
458,229,3122.000,15.734,0.049,0.047,-0.031,0.802,NaN,122,0,3.988,-1.326,595.000,220.000,640.000,352.000,NaN,NaN,NaN,NaN,NaN,NaN,NaN
459,0,3123.000,22.001,-4.396,0.066,-0.032,0.430,0.077,123,0,0.160,-0.920,876.000,201.000,911.000,264.000,21.940,-4.440,-1.340,0.750,0.640,1.800,-0.602
460,1,3123.000,17.612,0.129,0.067,-0.027,0.061,NaN,123,0,-1.706,-1.324,598.000,235.000,626.000,339.000,NaN,NaN,NaN,NaN,NaN,NaN,NaN
461,2,3123.000,40.790,-18.582,0.182,-0.098,NaN,NaN,123,0,-2.003,-1.002,NaN,NaN,NaN,NaN,NaN,NaN,NaN,NaN,NaN,NaN,NaN
462,220,3123.000,31.097,-8.305,0.209,-0.286,NaN,NaN,123,0,-2.654,-1.327,NaN,NaN,NaN,NaN,NaN,NaN,NaN,NaN,NaN,NaN,NaN
463,229,3123.000,15.824,0.005,0.058,-0.037,0.814,0.285,123,0,4.418,-0.146,598.000,217.000,644.000,352.000,15.860,-0.010,-1.340,0.950,0.600,1.780,-0.521
464,0,3124.000,22.046,-4.494,0.059,-0.049,0.027,NaN,124,0,-1.821,-1.305,879.000,202.000,915.000,340.000,NaN,NaN,NaN,NaN,NaN,NaN,NaN
465,1,3124.000,17.680,0.102,0.069,-0.027,NaN,NaN,124,0,-2.652,-1.326,NaN,NaN,NaN,NaN,NaN,NaN,NaN,NaN,NaN,NaN,NaN
466,2,3124.000,40.972,-18.680,0.182,-0.098,NaN,NaN,124,0,-2.003,-1.002,NaN,NaN,NaN,NaN,NaN,NaN,NaN,NaN,NaN,NaN,NaN
467,220,3124.000,31.224,-8.529,0.195,-0.277,0.787,0.991,124,0,1.023,6.654,969.000,191.000,1005.000,259.000,31.170,-8.490,-1.150,1.850,0.570,1.940,-1.052
468,229,3124.000,15.872,-0.054,0.056,-0.044,0.848,0.970,124,0,4.450,2.225,600.000,214.000,646.000,355.000,15.870,-0.070,-1.300,0.890,0.580,1.690,-0.347
469,0,3125.000,22.098,-4.576,0.058,-0.058,0.334,NaN,125,0,-0.905,-1.304,882.000,205.000,914.000,264.000,NaN,NaN,NaN,NaN,NaN,NaN,NaN
470,1,3125.000,18.027,0.104,0.080,-0.020,0.028,NaN,125,0,-2.048,-1.326,601.000,226.000,624.000,341.000,NaN,NaN,NaN,NaN,NaN,NaN,NaN
471,2,3125.000,41.154,-18.777,0.183,-0.098,NaN,NaN,125,0,-2.019,-1.010,NaN,NaN,NaN,NaN,NaN,NaN,NaN,NaN,NaN,NaN,NaN
472,220,3125.000,31.420,-8.806,0.196,-0.277,NaN,NaN,125,0,-2.654,-1.327,NaN,NaN,NaN,NaN,NaN,NaN,NaN,NaN,NaN,NaN,NaN
473,229,3125.000,15.925,-0.082,0.055,-0.039,0.768,NaN,125,0,3.489,-1.327,602.000,213.000,649.000,353.000,NaN,NaN,NaN,NaN,NaN,NaN,NaN
474,0,3126.000,22.182,-4.640,0.067,-0.061,0.029,0.445,126,0,-2.562,0.116,887.000,204.000,915.000,279.000,22.170,-4.650,-1.340,0.800,0.580,1.760,-0.510
475,1,3126.000,18.110,0.082,0.083,-0.021,NaN,NaN,126,0,-2.653,-1.326,NaN,NaN,NaN,NaN,NaN,NaN,NaN,NaN,NaN,NaN,NaN
476,220,3126.000,31.514,-8.971,0.177,-0.257,0.702,0.134,126,0,0.159,-1.458,985.000,195.000,1022.000,258.000,31.410,-8.900,-1.100,1.800,0.580,1.950,-0.973
477,229,3126.000,16.016,-0.136,0.066,-0.044,0.847,0.770,126,0,4.450,1.920,611.000,211.000,656.000,353.000,16.050,-0.140,-1.230,0.790,0.620,1.670,-0.602
478,0,3127.000,22.250,-4.733,0.069,-0.069,NaN,0.322,127,0,-2.692,-0.187,877.000,201.000,936.000,308.000,22.250,-4.770,-1.280,0.820,0.590,1.710,-0.680
479,1,3127.000,18.193,0.063,0.083,-0.019,NaN,NaN,127,0,-2.653,-1.327,NaN,NaN,NaN,NaN,NaN,NaN,NaN,NaN,NaN,NaN,NaN
480,220,3127.000,31.633,-9.201,0.164,-0.252,0.684,0.603,127,0,-0.282,-0.374,994.000,193.000,1037.000,259.000,31.560,-9.160,-1.140,0.840,0.640,1.850,-0.822
481,229,3127.000,16.094,-0.206,0.066,-0.052,0.861,0.990,127,0,4.450,2.225,617.000,211.000,659.000,353.000,16.120,-0.220,-1.290,0.880,0.600,1.610,-0.470
482,0,3128.000,22.319,-4.804,0.068,-0.071,NaN,NaN,128,0,-2.588,-1.294,NaN,NaN,NaN,NaN,NaN,NaN,NaN,NaN,NaN,NaN,NaN
483,1,3128.000,18.276,0.045,0.083,-0.018,NaN,NaN,128,0,-2.653,-1.327,NaN,NaN,NaN,NaN,NaN,NaN,NaN,NaN,NaN,NaN,NaN
484,220,3128.000,31.745,-9.519,0.157,-0.263,0.533,NaN,128,0,0.251,-1.327,1004.000,200.000,1041.000,253.000,NaN,NaN,NaN,NaN,NaN,NaN,NaN
485,229,3128.000,16.155,-0.249,0.064,-0.049,0.859,NaN,128,0,4.137,-1.327,619.000,209.000,663.000,353.000,NaN,NaN,NaN,NaN,NaN,NaN,NaN
486,0,3129.000,22.384,-4.888,0.070,-0.074,0.419,0.344,129,0,0.097,-0.143,895.000,200.000,931.000,298.000,22.380,-4.890,-1.290,0.870,0.590,1.820,-0.947
487,1,3129.000,18.357,0.023,0.081,-0.021,NaN,NaN,129,0,-2.654,-1.327,NaN,NaN,NaN,NaN,NaN,NaN,NaN,NaN,NaN,NaN,NaN
488,220,3129.000,31.925,-9.772,0.164,-0.260,0.683,0.468,129,0,-0.282,-0.721,1012.000,188.000,1047.000,263.000,31.980,-9.750,-1.030,0.870,0.560,1.870,-0.887
489,229,3129.000,16.245,-0.298,0.070,-0.048,0.825,0.995,129,0,4.450,2.225,624.000,208.000,671.000,351.000,16.270,-0.310,-1.260,0.800,0.620,1.770,-0.519
490,0,3130.000,22.416,-4.955,0.061,-0.070,0.432,0.561,130,0,0.160,0.596,903.000,199.000,935.000,275.000,22.360,-4.930,-1.170,0.890,0.540,1.770,-3.477
491,1,3130.000,18.439,0.003,0.082,-0.020,NaN,NaN,130,0,-2.653,-1.327,NaN,NaN,NaN,NaN,NaN,NaN,NaN,NaN,NaN,NaN,NaN
492,220,3130.000,32.177,-10.070,0.179,-0.269,0.715,0.414,130,0,0.210,-0.924,1021.000,185.000,1054.000,257.000,32.260,-10.130,-1.140,0.930,0.580,1.870,2.396
493,229,3130.000,16.378,-0.371,0.087,-0.055,0.791,0.918,130,0,4.191,2.225,631.000,206.000,675.000,346.000,16.440,-0.410,-1.290,0.930,0.630,1.710,-0.510
494,0,3131.000,22.467,-5.057,0.058,-0.076,0.602,NaN,131,0,1.024,-1.301,905.000,199.000,937.000,276.000,NaN,NaN,NaN,NaN,NaN,NaN,NaN
495,1,3131.000,18.522,-0.016,0.083,-0.019,NaN,NaN,131,0,-2.653,-1.327,NaN,NaN,NaN,NaN,NaN,NaN,NaN,NaN,NaN,NaN,NaN
496,220,3131.000,32.358,-10.349,0.179,-0.270,0.757,NaN,131,0,3.077,-1.327,1028.000,192.000,1062.000,260.000,NaN,NaN,NaN,NaN,NaN,NaN,NaN
497,229,3131.000,16.464,-0.427,0.087,-0.057,0.787,NaN,131,0,3.838,-1.326,634.000,206.000,679.000,345.000,NaN,NaN,NaN,NaN,NaN,NaN,NaN
498,0,3132.000,22.501,-5.120,0.053,-0.072,NaN,0.222,132,0,-2.728,-0.468,900.000,195.000,945.000,299.000,22.480,-5.080,-1.170,0.550,0.420,1.700,2.096
499,1,3132.000,18.604,-0.035,0.082,-0.019,NaN,NaN,132,0,-2.653,-1.327,NaN,NaN,NaN,NaN,NaN,NaN,NaN,NaN,NaN,NaN,NaN
500,220,3132.000,32.523,-10.538,0.178,-0.249,NaN,0.282,132,0,-4.179,-1.265,1027.000,191.000,1064.000,267.000,32.550,-10.380,-1.080,0.840,0.770,1.800,-0.304
501,229,3132.000,16.602,-0.492,0.102,-0.060,0.806,0.996,132,0,4.482,2.248,639.000,204.000,685.000,344.000,16.640,-0.510,-1.260,0.780,0.680,1.680,-0.410
502,0,3133.000,22.582,-5.181,0.060,-0.068,NaN,0.987,133,0,-2.816,2.467,900.000,197.000,951.000,300.000,22.640,-5.170,-1.190,0.810,0.560,1.680,-0.526
503,1,3133.000,18.684,-0.054,0.080,-0.019,NaN,NaN,133,0,-2.653,-1.327,NaN,NaN,NaN,NaN,NaN,NaN,NaN,NaN,NaN,NaN,NaN
504,220,3133.000,32.701,-10.787,0.178,-0.249,NaN,NaN,133,0,-0.766,-1.326,NaN,NaN,NaN,NaN,NaN,NaN,NaN,NaN,NaN,NaN,NaN
505,229,3133.000,16.725,-0.563,0.106,-0.063,0.752,0.985,133,0,3.582,2.248,644.000,203.000,691.000,338.000,16.740,-0.580,-1.250,0.840,0.650,1.700,-0.561
506,0,3134.000,22.639,-5.257,0.057,-0.070,0.055,NaN,134,0,-1.632,-1.320,915.000,202.000,944.000,338.000,NaN,NaN,NaN,NaN,NaN,NaN,NaN
507,1,3134.000,18.765,-0.073,0.081,-0.019,NaN,NaN,134,0,-2.653,-1.327,NaN,NaN,NaN,NaN,NaN,NaN,NaN,NaN,NaN,NaN,NaN
508,220,3134.000,32.879,-11.037,0.178,-0.250,NaN,NaN,134,0,-2.629,-1.314,NaN,NaN,NaN,NaN,NaN,NaN,NaN,NaN,NaN,NaN,NaN
509,229,3134.000,16.832,-0.621,0.106,-0.062,0.612,NaN,134,0,1.549,-1.324,647.000,206.000,693.000,339.000,NaN,NaN,NaN,NaN,NaN,NaN,NaN
510,0,3135.000,22.737,-5.320,0.066,-0.068,0.563,0.639,135,0,1.017,0.767,917.000,200.000,947.000,294.000,22.790,-5.280,-1.210,0.920,0.570,1.730,-0.704
511,1,3135.000,18.844,-0.093,0.080,-0.019,NaN,NaN,135,0,-0.971,-1.327,NaN,NaN,NaN,NaN,NaN,NaN,NaN,NaN,NaN,NaN,NaN
512,220,3135.000,33.058,-11.287,0.179,-0.250,NaN,NaN,135,0,-2.483,-1.241,NaN,NaN,NaN,NaN,NaN,NaN,NaN,NaN,NaN,NaN,NaN
513,229,3135.000,16.869,-0.651,0.090,-0.056,0.778,0.890,135,0,4.093,2.248,649.000,208.000,700.000,339.000,16.810,-0.620,-1.270,1.040,0.500,1.840,-0.665
514,0,3136.000,22.845,-5.378,0.076,-0.065,0.077,0.876,136,0,-1.959,2.392,919.000,199.000,952.000,324.000,22.900,-5.360,-1.220,0.780,0.670,1.560,-0.376
515,1,3136.000,18.923,-0.112,0.078,-0.020,NaN,NaN,136,0,-2.653,-1.327,NaN,NaN,NaN,NaN,NaN,NaN,NaN,NaN,NaN,NaN,NaN
516,220,3136.000,33.742,-11.741,0.253,-0.283,NaN,0.006,136,0,-4.268,-2.132,1071.000,199.000,1100.000,268.000,33.970,-11.860,-1.200,1.670,0.450,1.680,-0.240
517,229,3136.000,16.963,-0.723,0.089,-0.063,0.298,0.992,136,0,-0.258,2.248,660.000,207.000,706.000,293.000,16.970,-0.730,-1.190,0.880,0.510,1.710,-0.587
518,0,3137.000,22.912,-5.477,0.073,-0.075,0.677,NaN,137,0,1.846,-1.323,923.000,198.000,956.000,274.000,NaN,NaN,NaN,NaN,NaN,NaN,NaN
519,1,3137.000,19.002,-0.133,0.079,-0.021,NaN,NaN,137,0,-2.653,-1.327,NaN,NaN,NaN,NaN,NaN,NaN,NaN,NaN,NaN,NaN,NaN
520,220,3137.000,33.950,-12.121,0.244,-0.300,0.060,NaN,137,0,-2.377,-1.315,1079.000,194.000,1122.000,252.000,NaN,NaN,NaN,NaN,NaN,NaN,NaN
521,229,3137.000,17.051,-0.821,0.089,-0.072,0.302,NaN,137,0,-0.506,-1.318,665.000,205.000,711.000,321.000,NaN,NaN,NaN,NaN,NaN,NaN,NaN
522,0,3138.000,23.005,-5.516,0.080,-0.063,0.651,0.474,138,0,1.603,0.171,925.000,199.000,958.000,273.000,23.020,-5.450,-1.280,0.810,0.620,1.680,-0.649
523,1,3138.000,19.082,-0.154,0.080,-0.020,NaN,NaN,138,0,-2.654,-1.327,NaN,NaN,NaN,NaN,NaN,NaN,NaN,NaN,NaN,NaN,NaN
524,220,3138.000,33.891,-12.163,0.200,-0.257,NaN,0.011,138,0,-4.051,-2.024,1067.000,194.000,1116.000,267.000,33.650,-11.910,-1.140,0.880,0.660,1.780,0.553
525,229,3138.000,17.134,-0.880,0.085,-0.065,0.191,0.998,138,0,-0.787,2.248,667.000,204.000,715.000,318.000,17.140,-0.880,-1.210,0.680,0.740,1.540,-0.023
526,0,3139.000,23.129,-5.582,0.090,-0.063,0.814,0.370,139,0,3.598,-0.146,928.000,199.000,963.000,299.000,23.150,-5.590,-1.230,0.640,0.460,1.840,-1.017
527,1,3139.000,19.163,-0.174,0.081,-0.020,NaN,NaN,139,0,-2.654,-1.327,NaN,NaN,NaN,NaN,NaN,NaN,NaN,NaN,NaN,NaN,NaN
528,220,3139.000,34.182,-12.524,0.217,-0.275,0.222,0.076,139,0,-2.739,-1.772,1099.000,192.000,1122.000,262.000,34.300,-12.680,-1.150,0.830,0.480,1.740,0.970
529,229,3139.000,17.249,-0.949,0.094,-0.067,0.788,0.991,139,0,4.265,2.248,673.000,205.000,722.000,313.000,17.290,-0.960,-1.260,0.770,0.610,1.720,-0.225
530,0,3140.000,23.209,-5.692,0.087,-0.074,0.733,NaN,140,0,2.756,-1.323,931.000,199.000,967.000,296.000,NaN,NaN,NaN,NaN,NaN,NaN,NaN
531,1,3140.000,19.244,-0.193,0.081,-0.019,NaN,NaN,140,0,1.458,-1.327,NaN,NaN,NaN,NaN,NaN,NaN,NaN,NaN,NaN,NaN,NaN
532,220,3140.000,34.405,-12.819,0.217,-0.278,0.071,NaN,140,0,-2.256,-1.316,1102.000,197.000,1127.000,251.000,NaN,NaN,NaN,NaN,NaN,NaN,NaN
533,229,3140.000,17.342,-1.039,0.093,-0.074,0.850,NaN,140,0,4.411,-1.320,680.000,206.000,728.000,320.000,NaN,NaN,NaN,NaN,NaN,NaN,NaN
534,0,3141.000,23.269,-5.735,0.084,-0.065,0.831,1.000,141,0,3.816,2.467,933.000,200.000,969.000,298.000,23.270,-5.690,-1.240,0.880,0.550,1.810,-0.695
535,1,3141.000,19.325,-0.213,0.081,-0.020,NaN,NaN,141,0,3.413,-1.327,NaN,NaN,NaN,NaN,NaN,NaN,NaN,NaN,NaN,NaN,NaN
536,220,3141.000,34.632,-13.066,0.220,-0.270,0.616,NaN,141,0,1.205,-1.322,1105.000,190.000,1131.000,257.000,NaN,NaN,NaN,NaN,NaN,NaN,NaN
537,229,3141.000,17.435,-1.091,0.093,-0.070,0.869,0.987,141,0,4.496,2.248,683.000,207.000,730.000,327.000,17.440,-1.080,-1.190,0.780,0.700,1.680,-0.160
538,0,3142.000,23.395,-5.815,0.095,-0.070,0.613,0.785,142,0,1.347,1.655,935.000,202.000,970.000,297.000,23.430,-5.830,-1.320,0.850,0.520,1.750,-0.594
539,1,3142.000,19.406,-0.233,0.081,-0.020,NaN,NaN,142,0,-1.010,-1.327,NaN,NaN,NaN,NaN,NaN,NaN,NaN,NaN,NaN,NaN,NaN
540,220,3142.000,34.858,-13.320,0.223,-0.265,0.658,NaN,142,0,1.613,-1.323,1110.000,194.000,1140.000,263.000,NaN,NaN,NaN,NaN,NaN,NaN,NaN
541,229,3142.000,17.562,-1.159,0.101,-0.070,0.840,0.950,142,0,4.523,2.261,689.000,208.000,734.000,332.000,17.610,-1.160,-1.260,1.060,0.560,1.940,2.866
542,0,3143.000,23.489,-5.910,0.094,-0.075,0.528,NaN,143,0,0.663,-1.325,939.000,201.000,973.000,297.000,NaN,NaN,NaN,NaN,NaN,NaN,NaN
543,1,3143.000,19.488,-0.254,0.082,-0.020,NaN,NaN,143,0,-2.654,-1.327,NaN,NaN,NaN,NaN,NaN,NaN,NaN,NaN,NaN,NaN,NaN
544,220,3143.000,35.075,-13.610,0.221,-0.273,0.392,NaN,143,0,-0.432,-1.325,1123.000,193.000,1147.000,255.000,NaN,NaN,NaN,NaN,NaN,NaN,NaN
545,229,3143.000,17.661,-1.244,0.100,-0.074,0.859,NaN,143,0,4.285,-1.324,694.000,207.000,738.000,333.000,NaN,NaN,NaN,NaN,NaN,NaN,NaN
546,0,3144.000,23.560,-5.977,0.089,-0.073,0.721,0.460,144,0,2.207,0.041,941.000,199.000,975.000,296.000,23.540,-5.970,-1.210,0.890,0.490,1.700,-0.808
547,1,3144.000,19.570,-0.275,0.082,-0.021,NaN,NaN,144,0,-2.654,-1.327,NaN,NaN,NaN,NaN,NaN,NaN,NaN,NaN,NaN,NaN,NaN
548,220,3144.000,35.277,-13.818,0.221,-0.258,0.550,NaN,144,0,0.639,-1.326,1124.000,193.000,1149.000,255.000,NaN,NaN,NaN,NaN,NaN,NaN,NaN
549,229,3144.000,17.792,-1.291,0.105,-0.067,0.556,0.759,144,0,1.467,1.891,696.000,207.000,740.000,328.000,17.800,-1.290,-1.230,0.880,0.660,1.680,-0.203
550,0,3145.000,23.665,-6.048,0.092,-0.073,0.579,0.154,145,0,0.931,-0.785,947.000,207.000,978.000,291.000,23.700,-6.040,-1.190,0.800,0.560,1.720,-0.726
551,1,3145.000,19.652,-0.296,0.082,-0.021,NaN,NaN,145,0,-2.654,-1.327,NaN,NaN,NaN,NaN,NaN,NaN,NaN,NaN,NaN,NaN,NaN
552,220,3145.000,35.570,-14.123,0.228,-0.265,NaN,0.121,145,0,-4.673,-2.027,1129.000,192.000,1172.000,260.000,35.560,-14.180,-1.050,0.770,0.630,1.740,0.676
553,229,3145.000,17.930,-1.351,0.113,-0.065,0.831,0.823,145,0,4.523,2.261,701.000,204.000,746.000,332.000,17.970,-1.360,-1.180,0.770,0.580,1.730,-0.402
554,0,3146.000,23.742,-6.141,0.089,-0.079,0.394,NaN,146,0,-0.268,-1.326,949.000,205.000,981.000,296.000,NaN,NaN,NaN,NaN,NaN,NaN,NaN
555,1,3146.000,19.734,-0.317,0.082,-0.021,NaN,NaN,146,0,-2.654,-1.327,NaN,NaN,NaN,NaN,NaN,NaN,NaN,NaN,NaN,NaN,NaN
556,220,3146.000,35.798,-14.388,0.228,-0.265,NaN,NaN,146,0,-2.650,-1.325,NaN,NaN,NaN,NaN,NaN,NaN,NaN,NaN,NaN,NaN,NaN
557,229,3146.000,18.041,-1.435,0.112,-0.071,0.837,NaN,146,0,4.285,-1.326,707.000,205.000,751.000,334.000,NaN,NaN,NaN,NaN,NaN,NaN,NaN
558,0,3147.000,23.773,-6.187,0.077,-0.072,0.517,0.421,147,0,0.552,-0.108,951.000,206.000,984.000,296.000,23.710,-6.100,-1.180,0.630,0.480,1.950,2.431
559,1,3147.000,19.819,-0.335,0.085,-0.018,NaN,NaN,147,0,-2.654,-1.327,NaN,NaN,NaN,NaN,NaN,NaN,NaN,NaN,NaN,NaN,NaN
560,220,3147.000,35.982,-14.577,0.224,-0.247,0.239,0.004,147,0,-3.307,-2.331,1143.000,197.000,1168.000,251.000,35.960,-14.480,-1.050,0.820,0.620,1.780,0.851
561,229,3147.000,18.117,-1.486,0.106,-0.066,0.840,0.928,147,0,4.523,2.261,709.000,203.000,753.000,334.000,18.100,-1.470,-1.310,0.970,0.500,1.820,-0.374
562,0,3148.000,23.876,-6.252,0.082,-0.069,0.034,0.865,148,0,-2.794,2.233,955.000,207.000,986.000,291.000,23.890,-6.210,-1.270,0.800,0.550,1.710,-0.740
563,1,3148.000,19.904,-0.351,0.085,-0.016,NaN,NaN,148,0,-2.654,-1.327,NaN,NaN,NaN,NaN,NaN,NaN,NaN,NaN,NaN,NaN,NaN
564,220,3148.000,36.205,-14.823,0.224,-0.246,NaN,NaN,148,0,-2.637,-1.319,NaN,NaN,NaN,NaN,NaN,NaN,NaN,NaN,NaN,NaN,NaN
565,229,3148.000,18.212,-1.537,0.103,-0.063,0.802,0.993,148,0,4.444,2.261,711.000,205.000,759.000,331.000,18.190,-1.520,-1.260,0.910,0.700,1.660,-0.409
566,0,3149.000,23.946,-6.364,0.080,-0.080,0.613,NaN,149,0,1.298,-1.327,959.000,202.000,992.000,292.000,NaN,NaN,NaN,NaN,NaN,NaN,NaN
567,1,3149.000,19.988,-0.367,0.084,-0.016,NaN,NaN,149,0,-2.654,-1.327,NaN,NaN,NaN,NaN,NaN,NaN,NaN,NaN,NaN,NaN,NaN
568,220,3149.000,36.428,-15.067,0.223,-0.244,NaN,NaN,149,0,-2.625,-1.313,NaN,NaN,NaN,NaN,NaN,NaN,NaN,NaN,NaN,NaN,NaN
569,229,3149.000,18.319,-1.609,0.104,-0.065,0.772,NaN,149,0,3.489,-1.326,714.000,203.000,764.000,328.000,NaN,NaN,NaN,NaN,NaN,NaN,NaN
570,0,3150.000,24.011,-6.398,0.075,-0.068,0.650,0.960,150,0,1.362,2.843,959.000,203.000,994.000,295.000,23.980,-6.310,-1.310,0.850,0.540,1.840,-0.392
571,1,3150.000,20.073,-0.384,0.085,-0.017,NaN,NaN,150,0,-2.654,-1.327,NaN,NaN,NaN,NaN,NaN,NaN,NaN,NaN,NaN,NaN,NaN
572,220,3150.000,36.650,-15.308,0.221,-0.243,0.104,NaN,150,0,-1.002,-1.306,1064.000,352.000,1279.000,698.000,NaN,NaN,NaN,NaN,NaN,NaN,NaN
573,229,3150.000,18.405,-1.672,0.096,-0.065,0.810,0.994,150,0,4.520,2.261,722.000,204.000,767.000,325.000,18.370,-1.660,-1.240,0.700,0.590,1.540,-0.503
574,0,3151.000,24.077,-6.447,0.071,-0.062,0.769,0.904,151,0,2.738,2.843,963.000,202.000,994.000,292.000,24.060,-6.420,-1.260,0.910,0.500,1.760,2.543
575,1,3151.000,20.160,-0.400,0.087,-0.015,NaN,NaN,151,0,-2.654,-1.327,NaN,NaN,NaN,NaN,NaN,NaN,NaN,NaN,NaN,NaN,NaN
576,220,3151.000,36.871,-15.550,0.221,-0.243,NaN,NaN,151,0,-2.607,-1.303,NaN,NaN,NaN,NaN,NaN,NaN,NaN,NaN,NaN,NaN,NaN
577,229,3151.000,18.529,-1.752,0.102,-0.070,0.804,0.997,151,0,4.425,2.255,729.000,206.000,771.000,321.000,18.550,-1.770,-1.240,0.740,0.730,1.570,-0.334
578,0,3152.000,24.138,-6.538,0.068,-0.069,0.760,NaN,152,0,3.236,-1.327,966.000,200.000,997.000,293.000,NaN,NaN,NaN,NaN,NaN,NaN,NaN
579,1,3152.000,20.247,-0.415,0.088,-0.015,NaN,NaN,152,0,-2.654,-1.327,NaN,NaN,NaN,NaN,NaN,NaN,NaN,NaN,NaN,NaN,NaN
580,220,3152.000,37.093,-15.793,0.222,-0.243,NaN,NaN,152,0,-2.592,-1.296,NaN,NaN,NaN,NaN,NaN,NaN,NaN,NaN,NaN,NaN,NaN
581,229,3152.000,18.629,-1.840,0.102,-0.076,0.864,NaN,152,0,4.411,-1.322,733.000,205.000,776.000,322.000,NaN,NaN,NaN,NaN,NaN,NaN,NaN
582,0,3153.000,24.222,-6.586,0.072,-0.062,0.794,0.735,153,0,2.962,1.175,968.000,198.000,999.000,295.000,24.250,-6.560,-1.220,0.860,0.690,1.790,-0.702
583,1,3153.000,20.334,-0.431,0.087,-0.016,NaN,NaN,153,0,-1.852,-1.327,NaN,NaN,NaN,NaN,NaN,NaN,NaN,NaN,NaN,NaN,NaN
584,220,3153.000,37.315,-16.037,0.223,-0.243,NaN,NaN,153,0,-2.467,-1.233,NaN,NaN,NaN,NaN,NaN,NaN,NaN,NaN,NaN,NaN,NaN
585,229,3153.000,18.721,-1.897,0.101,-0.073,0.855,0.556,153,0,4.511,0.737,736.000,205.000,779.000,324.000,18.710,-1.870,-1.230,0.720,0.590,1.720,-0.323
586,412,3153.000,34.040,-10.130,0.000,0.000,0.025,0.990,153,0,-4.310,2.532,1005.000,200.000,1028.000,254.000,34.040,-10.130,-1.140,1.890,0.570,1.890,2.287
587,0,3154.000,24.286,-6.638,0.071,-0.060,0.598,0.920,154,0,1.061,2.843,971.000,197.000,1002.000,292.000,24.280,-6.620,-1.250,1.020,0.500,1.900,2.623
588,1,3154.000,20.422,-0.448,0.088,-0.017,NaN,NaN,154,0,-1.976,-1.327,NaN,NaN,NaN,NaN,NaN,NaN,NaN,NaN,NaN,NaN,NaN
589,220,3154.000,37.538,-16.280,0.223,-0.244,NaN,NaN,154,0,-2.053,-1.027,NaN,NaN,NaN,NaN,NaN,NaN,NaN,NaN,NaN,NaN,NaN
590,229,3154.000,18.833,-1.956,0.105,-0.068,0.466,0.326,154,0,0.714,-0.079,741.000,206.000,783.000,289.000,18.850,-1.940,-1.240,0.820,0.510,1.710,-0.383
591,412,3154.000,33.903,-9.992,-0.029,0.038,0.352,0.695,154,0,-2.385,-0.322,1002.000,197.000,1026.000,254.000,33.790,-9.880,-1.170,0.960,0.470,1.790,2.229
592,0,3155.000,24.348,-6.737,0.069,-0.070,0.809,NaN,155,0,4.175,-1.326,974.000,199.000,1007.000,295.000,NaN,NaN,NaN,NaN,NaN,NaN,NaN
593,1,3155.000,20.511,-0.466,0.089,-0.018,NaN,NaN,155,0,-2.654,-1.327,NaN,NaN,NaN,NaN,NaN,NaN,NaN,NaN,NaN,NaN,NaN
594,220,3155.000,37.761,-16.523,0.223,-0.243,NaN,NaN,155,0,-1.026,-0.513,NaN,NaN,NaN,NaN,NaN,NaN,NaN,NaN,NaN,NaN,NaN
595,229,3155.000,18.938,-2.041,0.105,-0.074,0.507,NaN,155,0,0.669,-1.312,745.000,208.000,786.000,318.000,NaN,NaN,NaN,NaN,NaN,NaN,NaN
596,412,3155.000,33.841,-10.032,-0.018,-0.008,0.122,NaN,155,0,-1.918,-1.327,1007.000,211.000,1021.000,252.000,NaN,NaN,NaN,NaN,NaN,NaN,NaN
597,0,3156.000,24.415,-6.799,0.070,-0.070,0.788,0.989,156,0,2.962,2.843,975.000,198.000,1009.000,295.000,24.410,-6.760,-1.250,0.880,0.520,1.790,-0.936
598,1,3156.000,20.599,-0.483,0.089,-0.018,NaN,NaN,156,0,-2.653,-1.327,NaN,NaN,NaN,NaN,NaN,NaN,NaN,NaN,NaN,NaN,NaN
599,220,3156.000,37.982,-16.766,0.222,-0.243,NaN,NaN,156,0,-0.081,-0.041,NaN,NaN,NaN,NaN,NaN,NaN,NaN,NaN,NaN,NaN,NaN
600,229,3156.000,19.038,-2.100,0.106,-0.072,0.544,0.032,156,0,1.319,-1.206,747.000,208.000,788.000,312.000,19.040,-2.080,-1.270,0.730,0.650,1.840,-0.449
601,412,3156.000,33.824,-10.040,-0.019,-0.008,NaN,NaN,156,0,-1.852,-1.327,NaN,NaN,NaN,NaN,NaN,NaN,NaN,NaN,NaN,NaN,NaN
602,0,3157.000,24.514,-6.873,0.076,-0.069,0.777,0.975,157,0,2.512,3.500,977.000,200.000,1011.000,295.000,24.550,-6.880,-1.330,0.800,0.620,1.600,-0.728
603,1,3157.000,20.689,-0.502,0.089,-0.019,NaN,NaN,157,0,-2.653,-1.327,NaN,NaN,NaN,NaN,NaN,NaN,NaN,NaN,NaN,NaN,NaN
604,220,3157.000,38.142,-17.149,0.216,-0.249,0.067,NaN,157,0,-0.000,-0.000,1204.000,192.000,1227.000,230.000,NaN,NaN,NaN,NaN,NaN,NaN,NaN
605,229,3157.000,19.113,-2.137,0.098,-0.065,0.401,0.011,157,0,0.204,-1.268,751.000,206.000,792.000,276.000,19.080,-2.080,-1.200,0.760,0.640,1.770,-0.438
606,412,3157.000,33.806,-10.048,-0.018,-0.008,NaN,NaN,157,0,-2.654,-1.327,NaN,NaN,NaN,NaN,NaN,NaN,NaN,NaN,NaN,NaN,NaN
607,0,3158.000,24.589,-6.942,0.075,-0.069,NaN,NaN,158,0,-2.653,-1.326,NaN,NaN,NaN,NaN,NaN,NaN,NaN,NaN,NaN,NaN,NaN
608,1,3158.000,21.163,-2.451,0.087,-0.073,0.426,NaN,158,0,-0.218,-1.327,755.000,205.000,796.000,270.000,NaN,NaN,NaN,NaN,NaN,NaN,NaN
609,220,3158.000,38.357,-17.385,0.216,-0.248,0.066,NaN,158,0,-1.233,-0.719,1208.000,191.000,1232.000,232.000,NaN,NaN,NaN,NaN,NaN,NaN,NaN
610,229,3158.000,19.210,-2.219,0.097,-0.069,0.168,NaN,158,0,-1.079,-1.298,755.000,205.000,797.000,324.000,NaN,NaN,NaN,NaN,NaN,NaN,NaN
611,412,3158.000,33.789,-10.057,-0.017,-0.009,NaN,NaN,158,0,-2.654,-1.327,NaN,NaN,NaN,NaN,NaN,NaN,NaN,NaN,NaN,NaN,NaN
612,0,3159.000,24.669,-7.011,0.077,-0.068,0.119,0.911,159,0,-1.901,3.500,973.000,194.000,995.000,224.000,24.670,-7.020,-1.230,0.840,0.540,1.790,-0.831
613,1,3159.000,21.251,-2.517,0.087,-0.069,0.495,NaN,159,0,0.179,-1.301,757.000,205.000,799.000,269.000,NaN,NaN,NaN,NaN,NaN,NaN,NaN
614,220,3159.000,38.573,-17.633,0.215,-0.248,NaN,NaN,159,0,-1.800,-0.900,NaN,NaN,NaN,NaN,NaN,NaN,NaN,NaN,NaN,NaN,NaN
615,229,3159.000,19.305,-2.286,0.096,-0.068,0.079,NaN,159,0,-1.326,-1.291,757.000,205.000,799.000,326.000,NaN,NaN,NaN,NaN,NaN,NaN,NaN
616,412,3159.000,32.905,-9.072,-0.135,0.175,0.511,0.940,159,0,-1.543,2.454,972.000,193.000,995.000,258.000,32.930,-8.900,-1.110,0.830,0.510,1.810,-0.388
617,0,3160.000,24.725,-7.131,0.070,-0.076,0.445,NaN,160,0,0.021,-1.326,989.000,199.000,1022.000,291.000,NaN,NaN,NaN,NaN,NaN,NaN,NaN
618,1,3160.000,21.254,-2.574,0.083,-0.068,0.100,NaN,160,0,-1.785,-1.297,763.000,206.000,803.000,267.000,NaN,NaN,NaN,NaN,NaN,NaN,NaN
619,229,3160.000,19.407,-2.357,0.099,-0.069,0.474,NaN,160,0,0.513,-1.288,762.000,206.000,803.000,329.000,NaN,NaN,NaN,NaN,NaN,NaN,NaN
620,412,3160.000,32.770,-8.898,-0.135,0.174,NaN,NaN,160,0,-2.654,-1.327,NaN,NaN,NaN,NaN,NaN,NaN,NaN,NaN,NaN,NaN,NaN
621,0,3161.000,24.695,-7.150,0.049,-0.062,0.705,0.869,161,0,1.782,2.181,993.000,198.000,1025.000,290.000,24.650,-7.080,-1.220,0.910,0.510,1.800,2.618
622,1,3161.000,21.519,-2.668,0.082,-0.071,0.407,NaN,161,0,-0.505,-1.295,767.000,207.000,808.000,264.000,NaN,NaN,NaN,NaN,NaN,NaN,NaN
623,229,3161.000,19.465,-2.386,0.093,-0.059,0.244,0.023,161,0,-0.615,-1.231,767.000,207.000,808.000,327.000,19.450,-2.330,-1.250,0.760,0.630,1.800,-0.310
624,412,3161.000,32.604,-8.638,-0.134,0.179,0.768,0.995,161,0,0.467,2.454,951.000,194.000,986.000,256.000,32.710,-8.670,-1.190,1.830,0.540,1.830,-0.817
625,0,3162.000,24.790,-7.213,0.058,-0.058,0.832,0.671,162,0,3.241,0.637,995.000,198.000,1026.000,289.000,24.830,-7.190,-1.270,0.860,0.640,1.810,-0.643
626,1,3162.000,22.129,-2.805,0.087,-0.072,0.339,NaN,162,0,-0.857,-1.301,770.000,207.000,811.000,267.000,NaN,NaN,NaN,NaN,NaN,NaN,NaN
627,229,3162.000,19.551,-2.448,0.090,-0.060,0.212,0.595,162,0,-0.825,0.870,768.000,207.000,811.000,330.000,19.540,-2.450,-1.190,0.730,0.620,1.700,-0.192
628,412,3162.000,32.456,-8.417,-0.137,0.184,0.706,0.979,162,0,0.070,2.487,947.000,194.000,978.000,256.000,32.400,-8.290,-1.180,1.900,0.570,1.850,2.316
629,0,3163.000,24.849,-7.304,0.058,-0.065,0.801,NaN,163,0,4.010,-1.327,997.000,198.000,1027.000,288.000,NaN,NaN,NaN,NaN,NaN,NaN,NaN
630,1,3163.000,22.215,-2.877,0.086,-0.072,NaN,NaN,163,0,-1.484,-1.306,NaN,NaN,NaN,NaN,NaN,NaN,NaN,NaN,NaN,NaN,NaN
631,229,3163.000,19.643,-2.533,0.091,-0.068,0.774,NaN,163,0,3.261,-1.291,774.000,208.000,815.000,278.000,NaN,NaN,NaN,NaN,NaN,NaN,NaN
632,412,3163.000,32.322,-8.228,-0.136,0.186,0.727,NaN,163,0,2.590,-1.327,942.000,193.000,974.000,254.000,NaN,NaN,NaN,NaN,NaN,NaN,NaN
633,0,3164.000,24.917,-7.354,0.062,-0.060,0.795,0.692,164,0,2.620,0.744,1001.000,200.000,1031.000,286.000,24.940,-7.330,-1.140,0.810,0.610,1.630,-0.329
634,1,3164.000,28.097,-3.621,0.161,-0.077,0.154,NaN,164,0,-2.050,-1.307,787.000,198.000,797.000,214.000,NaN,NaN,NaN,NaN,NaN,NaN,NaN
635,229,3164.000,19.747,-2.579,0.093,-0.062,0.558,0.735,164,0,1.429,1.693,778.000,207.000,819.000,280.000,19.740,-2.550,-1.310,0.760,0.600,1.790,-0.097
636,412,3164.000,32.142,-8.025,-0.149,0.190,0.747,0.834,164,0,0.519,0.743,936.000,192.000,966.000,254.000,32.060,-7.980,-0.980,1.790,0.530,1.730,2.301
637,0,3165.000,25.002,-7.413,0.069,-0.060,0.773,0.989,165,0,2.423,3.500,1003.000,200.000,1031.000,287.000,25.030,-7.440,-1.230,0.840,0.550,1.690,-0.571
638,1,3165.000,29.249,-3.768,0.185,-0.059,0.236,NaN,165,0,-1.584,-1.309,785.000,198.000,796.000,216.000,NaN,NaN,NaN,NaN,NaN,NaN,NaN
639,229,3165.000,19.871,-2.622,0.097,-0.057,0.187,0.013,165,0,-0.921,-1.286,781.000,205.000,822.000,280.000,19.890,-2.600,-1.280,0.780,0.730,1.720,0.006
640,412,3165.000,31.928,-7.780,-0.163,0.203,0.752,0.998,165,0,0.519,2.487,932.000,192.000,963.000,261.000,31.800,-7.660,-1.140,1.810,0.530,1.910,2.348
641,0,3166.000,25.067,-7.499,0.067,-0.067,0.798,NaN,166,0,4.010,-1.327,1005.000,200.000,1034.000,290.000,NaN,NaN,NaN,NaN,NaN,NaN,NaN
642,1,3166.000,29.352,-3.840,0.181,-0.069,0.457,NaN,166,0,-0.011,-1.311,786.000,206.000,825.000,280.000,NaN,NaN,NaN,NaN,NaN,NaN,NaN
643,229,3166.000,19.954,-2.560,0.098,-0.028,0.205,NaN,166,0,-1.606,-1.297,786.000,197.000,796.000,225.000,NaN,NaN,NaN,NaN,NaN,NaN,NaN
644,412,3166.000,31.759,-7.606,-0.165,0.195,0.771,NaN,166,0,3.261,-1.327,925.000,192.000,955.000,256.000,NaN,NaN,NaN,NaN,NaN,NaN,NaN
645,0,3167.000,25.172,-7.553,0.076,-0.064,0.740,0.914,167,0,2.178,3.500,1008.000,198.000,1040.000,289.000,25.190,-7.520,-1.190,0.730,0.630,1.650,-0.552
646,1,3167.000,29.465,-3.943,0.172,-0.084,0.118,NaN,167,0,-1.697,-1.313,791.000,209.000,830.000,281.000,NaN,NaN,NaN,NaN,NaN,NaN,NaN
647,229,3167.000,20.008,-2.592,0.090,-0.033,0.204,0.319,167,0,-0.872,-0.114,791.000,209.000,830.000,332.000,19.950,-2.670,-1.300,0.900,0.670,1.840,-0.231
648,412,3167.000,31.524,-7.379,-0.178,0.203,0.747,0.470,167,0,0.735,-0.617,918.000,192.000,948.000,263.000,31.440,-7.320,-1.060,1.880,0.510,1.840,2.274
649,0,3168.000,25.252,-7.615,0.073,-0.063,0.691,0.842,168,0,1.488,1.717,1009.000,198.000,1040.000,289.000,25.240,-7.600,-1.140,0.990,0.520,1.820,2.649
650,1,3168.000,29.590,-4.073,0.169,-0.097,0.084,NaN,168,0,-1.939,-1.314,793.000,210.000,831.000,279.000,NaN,NaN,NaN,NaN,NaN,NaN,NaN
651,229,3168.000,20.126,-2.673,0.096,-0.051,0.409,0.239,168,0,0.233,-0.330,792.000,209.000,831.000,332.000,20.150,-2.830,-1.260,0.710,0.670,1.780,-0.228
652,412,3168.000,31.308,-7.153,-0.188,0.205,0.755,0.994,168,0,0.735,6.654,914.000,193.000,944.000,258.000,31.250,-7.100,-1.060,1.860,0.570,1.800,2.270
653,0,3169.000,25.323,-7.712,0.073,-0.072,0.757,NaN,169,0,3.236,-1.326,1011.000,197.000,1041.000,287.000,NaN,NaN,NaN,NaN,NaN,NaN,NaN
654,1,3169.000,29.783,-4.229,0.167,-0.116,0.420,NaN,169,0,-0.276,-1.315,797.000,208.000,835.000,279.000,NaN,NaN,NaN,NaN,NaN,NaN,NaN
655,229,3169.000,20.213,-2.790,0.092,-0.076,0.149,NaN,169,0,-1.181,-1.298,797.000,208.000,835.000,326.000,NaN,NaN,NaN,NaN,NaN,NaN,NaN
656,412,3169.000,31.090,-7.042,-0.194,0.182,0.619,NaN,169,0,1.205,-1.326,912.000,193.000,937.000,257.000,NaN,NaN,NaN,NaN,NaN,NaN,NaN
657,0,3170.000,25.401,-7.757,0.073,-0.066,0.716,0.951,170,0,1.934,3.500,1014.000,198.000,1043.000,283.000,25.400,-7.720,-1.220,0.880,0.610,1.830,-0.896
658,1,3170.000,30.028,-4.396,0.167,-0.126,0.481,NaN,170,0,0.120,-1.317,801.000,208.000,839.000,281.000,NaN,NaN,NaN,NaN,NaN,NaN,NaN
659,229,3170.000,20.372,-2.892,0.109,-0.083,0.309,0.007,170,0,-0.267,-1.295,800.000,208.000,840.000,332.000,20.450,-2.930,-1.280,0.790,0.620,1.750,-0.525
660,412,3170.000,30.927,-6.861,-0.191,0.181,0.744,0.341,170,0,0.652,-0.931,895.000,193.000,929.000,259.000,30.950,-6.880,-1.140,1.760,0.590,1.840,-0.799
661,0,3171.000,25.504,-7.811,0.080,-0.061,0.804,0.598,171,0,2.415,0.304,1015.000,198.000,1045.000,285.000,25.540,-7.790,-1.220,0.920,0.550,1.800,-0.671
662,1,3171.000,30.230,-4.546,0.167,-0.131,0.580,NaN,171,0,0.862,-1.316,803.000,207.000,842.000,279.000,NaN,NaN,NaN,NaN,NaN,NaN,NaN
663,229,3171.000,20.509,-3.012,0.118,-0.093,0.083,0.966,171,0,-1.779,2.148,802.000,207.000,843.000,332.000,20.560,-3.070,-1.280,0.740,0.650,1.680,-0.389
664,412,3171.000,30.699,-6.636,-0.197,0.192,0.680,0.997,171,0,-0.057,6.654,892.000,194.000,926.000,260.000,30.660,-6.530,-1.210,1.730,0.590,1.820,2.311
665,0,3172.000,25.576,-7.904,0.079,-0.072,0.773,NaN,172,0,3.422,-1.326,1017.000,199.000,1047.000,283.000,NaN,NaN,NaN,NaN,NaN,NaN,NaN
666,1,3172.000,30.416,-4.689,0.165,-0.133,0.720,NaN,172,0,2.608,-1.318,806.000,207.000,847.000,297.000,NaN,NaN,NaN,NaN,NaN,NaN,NaN
667,229,3172.000,20.766,-2.707,0.104,-0.006,0.277,NaN,172,0,-1.048,-1.308,786.000,197.000,797.000,238.000,NaN,NaN,NaN,NaN,NaN,NaN,NaN
668,412,3172.000,30.497,-6.411,-0.198,0.199,0.768,NaN,172,0,3.261,-1.292,886.000,194.000,912.000,261.000,NaN,NaN,NaN,NaN,NaN,NaN,NaN
669,0,3173.000,25.627,-7.935,0.074,-0.062,0.660,0.917,173,0,0.944,4.838,1021.000,199.000,1050.000,287.000,25.610,-7.870,-1.210,0.700,0.640,1.810,2.421
670,1,3173.000,30.576,-4.828,0.163,-0.134,0.031,NaN,173,0,-2.803,-1.321,811.000,208.000,851.000,256.000,NaN,NaN,NaN,NaN,NaN,NaN,NaN
671,229,3173.000,20.866,-2.721,0.100,-0.014,0.062,0.954,173,0,-2.035,2.148,807.000,206.000,852.000,342.000,20.660,-3.120,-1.220,0.760,0.610,1.760,-0.412
672,412,3173.000,30.320,-6.204,-0.191,0.202,0.799,0.984,173,0,1.344,5.979,877.000,194.000,910.000,260.000,30.360,-6.180,-1.110,1.750,0.540,1.750,2.207
673,0,3174.000,25.735,-8.006,0.082,-0.064,0.530,0.410,174,0,0.197,-0.313,1022.000,198.000,1050.000,284.000,25.800,-8.040,-1.140,0.700,0.690,1.630,-0.519
674,1,3174.000,30.615,-4.915,0.161,-0.126,0.311,NaN,174,0,-0.634,-1.321,813.000,214.000,851.000,297.000,NaN,NaN,NaN,NaN,NaN,NaN,NaN
675,229,3174.000,20.954,-2.780,0.094,-0.044,0.038,0.196,174,0,-2.383,-0.472,810.000,214.000,852.000,337.000,20.800,-3.240,-1.330,0.690,0.700,1.780,-0.336
676,412,3174.000,30.157,-5.995,-0.185,0.203,0.784,0.287,174,0,1.158,-0.910,872.000,195.000,906.000,257.000,30.190,-5.980,-0.990,1.710,0.620,1.770,-0.962
677,0,3175.000,25.796,-8.116,0.077,-0.076,0.731,NaN,175,0,2.756,-1.326,1025.000,199.000,1054.000,280.000,NaN,NaN,NaN,NaN,NaN,NaN,NaN
678,1,3175.000,30.775,-5.027,0.166,-0.123,0.542,NaN,175,0,0.556,-1.322,819.000,214.000,855.000,292.000,NaN,NaN,NaN,NaN,NaN,NaN,NaN
679,229,3175.000,21.048,-2.823,0.094,-0.043,NaN,NaN,175,0,-1.345,-1.303,NaN,NaN,NaN,NaN,NaN,NaN,NaN,NaN,NaN,NaN,NaN
680,412,3175.000,29.959,-5.825,-0.190,0.196,0.786,NaN,175,0,3.665,-1.318,865.000,194.000,897.000,257.000,NaN,NaN,NaN,NaN,NaN,NaN,NaN
681,0,3176.000,25.878,-8.160,0.080,-0.068,0.646,0.906,176,0,0.873,4.170,1026.000,197.000,1057.000,284.000,25.890,-8.100,-1.220,0.890,0.490,1.820,-0.884
682,1,3176.000,30.942,-5.151,0.167,-0.124,NaN,NaN,176,0,-2.643,-1.321,NaN,NaN,NaN,NaN,NaN,NaN,NaN,NaN,NaN,NaN,NaN
683,229,3176.000,21.085,-3.000,0.069,-0.095,0.076,0.167,176,0,-1.775,-0.558,823.000,209.000,856.000,310.000,20.890,-3.310,-1.220,0.760,0.620,1.750,-0.533
684,412,3176.000,29.843,-5.655,-0.176,0.192,0.372,0.088,176,0,-1.511,-1.448,864.000,195.000,892.000,262.000,29.910,-5.710,-1.090,1.830,0.750,1.720,-0.779
685,0,3177.000,26.000,-8.233,0.089,-0.071,0.750,0.988,177,0,1.976,4.938,1028.000,197.000,1058.000,285.000,26.070,-8.240,-1.160,0.960,0.790,1.800,-0.488
686,1,3177.000,31.109,-5.276,0.167,-0.125,NaN,NaN,177,0,-2.627,-1.314,NaN,NaN,NaN,NaN,NaN,NaN,NaN,NaN,NaN,NaN,NaN
687,229,3177.000,21.154,-3.201,0.061,-0.129,0.430,0.814,177,0,0.286,2.109,825.000,205.000,855.000,308.000,21.130,-3.460,-1.260,0.730,0.630,1.640,-0.313
688,412,3177.000,29.631,-5.561,-0.181,0.169,0.574,NaN,177,0,0.787,-1.307,862.000,194.000,885.000,259.000,NaN,NaN,NaN,NaN,NaN,NaN,NaN
689,0,3178.000,26.088,-8.322,0.090,-0.077,0.735,NaN,178,0,2.907,-1.326,1030.000,198.000,1059.000,284.000,NaN,NaN,NaN,NaN,NaN,NaN,NaN
690,1,3178.000,31.299,-5.420,0.168,-0.128,0.053,NaN,178,0,-1.783,-1.290,828.000,201.000,876.000,309.000,NaN,NaN,NaN,NaN,NaN,NaN,NaN
691,229,3178.000,21.184,-3.385,0.050,-0.153,0.388,NaN,178,0,-0.265,-1.312,828.000,202.000,857.000,297.000,NaN,NaN,NaN,NaN,NaN,NaN,NaN
692,412,3178.000,29.410,-5.476,-0.185,0.149,0.161,NaN,178,0,-1.647,-1.294,861.000,201.000,882.000,260.000,NaN,NaN,NaN,NaN,NaN,NaN,NaN
693,0,3179.000,26.198,-8.373,0.096,-0.071,0.421,0.996,179,0,-0.580,4.938,1031.000,198.000,1060.000,286.000,26.230,-8.320,-1.140,0.780,0.630,1.750,-0.396
694,1,3179.000,31.727,-5.412,0.181,-0.096,0.197,NaN,179,0,-1.018,-1.225,831.000,202.000,856.000,283.000,NaN,NaN,NaN,NaN,NaN,NaN,NaN
695,229,3179.000,21.294,-3.565,0.069,-0.162,0.325,0.551,179,0,-0.291,0.637,831.000,201.000,872.000,284.000,21.370,-3.620,-1.280,0.860,0.570,1.770,-0.155
696,412,3179.000,29.225,-5.328,-0.185,0.148,NaN,NaN,179,0,-2.561,-1.280,NaN,NaN,NaN,NaN,NaN,NaN,NaN,NaN,NaN,NaN,NaN
697,0,3180.000,26.263,-8.396,0.087,-0.059,0.680,0.837,180,0,1.117,1.590,1030.000,198.000,1061.000,286.000,26.220,-8.320,-1.200,0.960,0.500,1.880,2.625
698,1,3180.000,31.907,-5.507,0.181,-0.095,NaN,NaN,180,0,-2.562,-1.281,NaN,NaN,NaN,NaN,NaN,NaN,NaN,NaN,NaN,NaN,NaN
699,229,3180.000,21.444,-3.733,0.087,-0.162,0.430,0.202,180,0,0.160,-0.515,829.000,199.000,873.000,283.000,21.510,-3.720,-1.150,0.840,0.710,1.650,-0.194
700,412,3180.000,28.998,-4.978,-0.202,0.199,0.132,0.501,180,0,-2.292,-0.302,830.000,199.000,856.000,282.000,29.020,-4.490,-1.110,1.890,0.580,1.960,2.311
701,0,3181.000,26.341,-8.483,0.083,-0.069,0.137,NaN,181,0,-1.424,-1.326,1035.000,199.000,1062.000,286.000,NaN,NaN,NaN,NaN,NaN,NaN,NaN
702,1,3181.000,32.105,-5.611,0.181,-0.096,0.150,NaN,181,0,-1.454,-1.238,829.000,201.000,878.000,281.000,NaN,NaN,NaN,NaN,NaN,NaN,NaN
703,229,3181.000,21.532,-3.896,0.088,-0.163,NaN,NaN,181,0,-2.592,-1.296,NaN,NaN,NaN,NaN,NaN,NaN,NaN,NaN,NaN,NaN,NaN
704,412,3181.000,28.790,-4.782,-0.200,0.197,0.038,NaN,181,0,-2.313,-1.260,830.000,202.000,854.000,277.000,NaN,NaN,NaN,NaN,NaN,NaN,NaN
705,0,3182.000,26.431,-8.515,0.087,-0.058,NaN,0.415,182,0,-3.126,-0.290,1020.000,197.000,1069.000,290.000,26.450,-8.420,-1.230,0.780,0.680,1.770,-0.541
706,1,3182.000,32.259,-5.767,0.179,-0.109,0.025,NaN,182,0,-2.271,-1.187,843.000,203.000,881.000,271.000,NaN,NaN,NaN,NaN,NaN,NaN,NaN
707,229,3182.000,21.678,-3.946,0.095,-0.131,0.007,0.375,182,0,-2.640,-0.081,824.000,201.000,881.000,280.000,21.740,-3.790,-1.150,0.700,0.590,1.760,-0.061
708,412,3182.000,28.753,-4.523,-0.179,0.210,0.008,0.998,182,0,-3.483,5.442,813.000,198.000,854.000,271.000,28.870,-4.330,-1.210,1.820,0.520,1.830,2.195
709,0,3183.000,26.553,-8.569,0.096,-0.055,0.040,0.571,183,0,-3.034,0.108,1036.000,199.000,1066.000,278.000,26.610,-8.540,-1.190,0.700,0.670,1.710,-0.496
710,1,3183.000,32.439,-5.876,0.180,-0.109,NaN,NaN,183,0,-2.290,-1.145,NaN,NaN,NaN,NaN,NaN,NaN,NaN,NaN,NaN,NaN,NaN
711,229,3183.000,21.808,-3.988,0.099,-0.110,0.094,0.550,183,0,-1.713,0.568,842.000,202.000,881.000,266.000,21.920,-3.880,-1.230,0.720,0.570,1.810,0.336
712,412,3183.000,28.670,-4.244,-0.156,0.229,NaN,0.127,183,0,-3.507,-1.247,767.000,191.000,849.000,285.000,28.770,-4.040,-1.210,1.840,0.540,1.920,2.175
713,0,3184.000,26.644,-8.654,0.096,-0.064,0.722,NaN,184,0,2.434,-1.326,1039.000,197.000,1066.000,277.000,NaN,NaN,NaN,NaN,NaN,NaN,NaN
714,1,3184.000,32.615,-5.991,0.183,-0.111,0.297,NaN,184,0,-0.746,-1.207,840.000,202.000,891.000,265.000,NaN,NaN,NaN,NaN,NaN,NaN,NaN
715,229,3184.000,21.901,-4.098,0.100,-0.110,0.026,NaN,184,0,-2.192,-1.275,849.000,203.000,889.000,289.000,NaN,NaN,NaN,NaN,NaN,NaN,NaN
716,412,3184.000,28.510,-4.068,-0.159,0.214,0.703,NaN,184,0,2.128,-1.317,797.000,197.000,832.000,263.000,NaN,NaN,NaN,NaN,NaN,NaN,NaN
717,0,3185.000,26.705,-8.674,0.090,-0.053,0.458,0.395,185,0,-0.480,-0.427,1041.000,197.000,1068.000,279.000,26.670,-8.580,-1.240,0.820,0.540,1.820,-0.732
718,1,3185.000,32.683,-6.204,0.178,-0.135,0.343,NaN,185,0,-0.662,-1.268,861.000,203.000,893.000,265.000,NaN,NaN,NaN,NaN,NaN,NaN,NaN
719,229,3185.000,22.055,-4.081,0.114,-0.079,0.097,0.010,185,0,-1.665,-1.338,847.000,202.000,894.000,282.000,22.130,-3.940,-1.340,0.760,0.530,1.960,0.358
720,412,3185.000,28.518,-3.841,-0.127,0.221,0.651,0.929,185,0,0.178,5.442,784.000,198.000,823.000,265.000,28.590,-3.780,-1.190,1.760,0.550,1.880,1.980
721,0,3186.000,26.789,-8.690,0.089,-0.044,0.655,0.789,186,0,0.635,0.996,1042.000,198.000,1068.000,278.000,26.790,-8.620,-1.350,0.780,0.660,1.720,-0.568
722,1,3186.000,32.900,-6.344,0.181,-0.135,0.359,NaN,186,0,-0.762,-1.314,860.000,204.000,894.000,264.000,NaN,NaN,NaN,NaN,NaN,NaN,NaN
723,229,3186.000,22.156,-4.162,0.114,-0.082,0.090,0.158,186,0,-1.728,-0.621,850.000,203.000,895.000,282.000,22.140,-4.160,-1.200,0.740,0.620,1.820,-0.871
724,412,3186.000,28.406,-3.569,-0.121,0.232,0.757,1.000,186,0,1.502,7.239,779.000,199.000,819.000,264.000,28.400,-3.480,-1.300,1.700,0.580,1.810,2.076
725,0,3187.000,26.861,-8.790,0.084,-0.058,0.238,NaN,187,0,-1.092,-1.325,1043.000,205.000,1069.000,277.000,NaN,NaN,NaN,NaN,NaN,NaN,NaN
726,1,3187.000,33.193,-6.467,0.188,-0.130,0.382,NaN,187,0,-0.480,-1.318,861.000,205.000,894.000,273.000,NaN,NaN,NaN,NaN,NaN,NaN,NaN
727,229,3187.000,22.270,-4.243,0.114,-0.081,NaN,NaN,187,0,-2.591,-1.295,NaN,NaN,NaN,NaN,NaN,NaN,NaN,NaN,NaN,NaN,NaN
728,412,3187.000,28.277,-3.396,-0.123,0.221,0.710,NaN,187,0,2.280,-1.306,765.000,198.000,807.000,263.000,NaN,NaN,NaN,NaN,NaN,NaN,NaN
729,0,3188.000,26.919,-8.788,0.080,-0.043,0.027,0.114,188,0,-3.122,-1.121,1046.000,207.000,1066.000,279.000,26.920,-8.680,-1.250,0.760,0.660,1.800,-0.695
730,1,3188.000,33.442,-6.592,0.190,-0.126,0.505,NaN,188,0,0.306,-1.319,862.000,203.000,901.000,266.000,NaN,NaN,NaN,NaN,NaN,NaN,NaN
731,229,3188.000,22.381,-4.324,0.112,-0.082,NaN,NaN,188,0,0.165,-1.300,NaN,NaN,NaN,NaN,NaN,NaN,NaN,NaN,NaN,NaN,NaN
732,412,3188.000,28.184,-3.200,-0.116,0.217,0.660,0.983,188,0,0.470,7.239,754.000,198.000,796.000,263.000,28.200,-3.210,-1.200,1.830,0.540,1.950,2.144
733,0,3189.000,27.017,-8.840,0.081,-0.045,0.226,0.401,189,0,-1.569,-0.427,1047.000,209.000,1065.000,278.000,27.050,-8.870,-1.240,0.720,0.670,1.710,-0.421
734,1,3189.000,33.633,-6.721,0.191,-0.129,NaN,NaN,189,0,0.026,-1.321,NaN,NaN,NaN,NaN,NaN,NaN,NaN,NaN,NaN,NaN,NaN
735,229,3189.000,22.495,-4.354,0.114,-0.070,0.319,0.397,189,0,-0.376,-0.009,864.000,203.000,904.000,271.000,22.490,-4.340,-1.250,0.770,0.620,1.810,0.551
736,412,3189.000,28.096,-2.905,-0.111,0.233,0.681,0.905,189,0,0.629,4.979,751.000,204.000,786.000,268.000,28.130,-2.780,-1.230,2.000,0.550,1.870,2.181
737,0,3190.000,27.098,-8.886,0.081,-0.046,NaN,NaN,190,0,-2.637,-1.318,NaN,NaN,NaN,NaN,NaN,NaN,NaN,NaN,NaN,NaN,NaN
738,1,3190.000,33.836,-6.849,0.190,-0.129,0.504,NaN,190,0,0.239,-1.322,870.000,200.000,907.000,278.000,NaN,NaN,NaN,NaN,NaN,NaN,NaN
739,229,3190.000,22.587,-4.494,0.111,-0.084,0.072,NaN,190,0,-2.227,-1.299,870.000,200.000,906.000,248.000,NaN,NaN,NaN,NaN,NaN,NaN,NaN
740,412,3190.000,27.990,-2.812,-0.109,0.202,0.723,NaN,190,0,2.434,-1.191,745.000,199.000,776.000,267.000,NaN,NaN,NaN,NaN,NaN,NaN,NaN
741,0,3191.000,27.178,-8.931,0.080,-0.046,NaN,NaN,191,0,-2.630,-1.315,NaN,NaN,NaN,NaN,NaN,NaN,NaN,NaN,NaN,NaN,NaN
742,1,3191.000,34.092,-6.979,0.195,-0.126,0.597,NaN,191,0,1.024,-1.323,873.000,199.000,911.000,277.000,NaN,NaN,NaN,NaN,NaN,NaN,NaN
743,229,3191.000,22.695,-4.610,0.110,-0.091,0.082,NaN,191,0,-2.145,-1.305,874.000,200.000,910.000,246.000,NaN,NaN,NaN,NaN,NaN,NaN,NaN
744,412,3191.000,27.867,-2.575,-0.112,0.210,0.750,0.768,191,0,1.436,0.783,733.000,199.000,763.000,269.000,27.860,-2.490,-1.300,1.720,0.570,1.900,1.983
745,0,3192.000,27.308,-9.087,0.088,-0.070,NaN,0.061,192,0,-3.212,-1.350,1042.000,196.000,1092.000,283.000,27.350,-9.170,-1.170,0.760,0.660,1.720,-0.710
746,1,3192.000,34.288,-7.107,0.196,-0.128,NaN,NaN,192,0,0.251,-1.324,NaN,NaN,NaN,NaN,NaN,NaN,NaN,NaN,NaN,NaN,NaN
747,229,3192.000,22.772,-4.613,0.107,-0.063,0.634,0.011,192,0,1.471,-1.391,875.000,199.000,911.000,273.000,22.790,-4.520,-1.180,0.780,0.610,1.740,-0.290
748,412,3192.000,27.764,-2.316,-0.111,0.222,0.720,0.036,192,0,1.142,-1.557,728.000,198.000,758.000,272.000,27.760,-2.220,-1.260,1.810,0.500,1.980,1.924
749,0,3193.000,27.394,-9.156,0.086,-0.069,NaN,NaN,193,0,-2.573,-1.287,NaN,NaN,NaN,NaN,NaN,NaN,NaN,NaN,NaN,NaN,NaN
750,1,3193.000,34.589,-7.199,0.205,-0.119,0.542,NaN,193,0,0.556,-1.321,879.000,200.000,912.000,267.000,NaN,NaN,NaN,NaN,NaN,NaN,NaN
751,229,3193.000,22.882,-4.668,0.107,-0.061,0.085,NaN,193,0,-1.721,-1.309,869.000,200.000,912.000,288.000,NaN,NaN,NaN,NaN,NaN,NaN,NaN
752,412,3193.000,27.647,-2.183,-0.113,0.201,0.705,NaN,193,0,2.128,-1.323,715.000,199.000,745.000,271.000,NaN,NaN,NaN,NaN,NaN,NaN,NaN
753,0,3194.000,27.400,-9.189,0.073,-0.064,0.048,0.165,194,0,-2.798,-0.952,1056.000,199.000,1082.000,259.000,27.370,-9.180,-1.320,0.780,0.630,1.850,-0.603
754,1,3194.000,34.794,-7.316,0.205,-0.117,NaN,NaN,194,0,-2.639,-1.319,NaN,NaN,NaN,NaN,NaN,NaN,NaN,NaN,NaN,NaN,NaN
755,229,3194.000,22.911,-4.710,0.090,-0.058,0.618,0.058,194,0,1.412,-1.102,881.000,201.000,912.000,266.000,22.870,-4.680,-1.260,0.760,0.800,1.570,-0.581
756,412,3194.000,27.607,-1.966,-0.099,0.206,0.720,1.000,194,0,1.142,7.239,707.000,196.000,742.000,271.000,27.660,-1.940,-1.260,1.770,0.550,1.810,1.845
757,0,3195.000,27.440,-9.320,0.068,-0.078,0.261,0.005,195,0,-1.349,-1.567,1058.000,199.000,1083.000,261.000,27.410,-9.380,-1.130,0.780,0.660,1.800,-0.442
758,1,3195.000,35.000,-7.433,0.205,-0.117,NaN,NaN,195,0,-2.617,-1.308,NaN,NaN,NaN,NaN,NaN,NaN,NaN,NaN,NaN,NaN,NaN
759,229,3195.000,23.020,-4.781,0.094,-0.062,0.462,0.049,195,0,0.253,-1.185,883.000,201.000,913.000,273.000,23.040,-4.800,-1.270,0.750,0.600,1.740,-0.551
760,412,3195.000,27.533,-1.740,-0.092,0.211,0.678,0.184,195,0,0.629,-1.012,697.000,200.000,726.000,270.000,27.600,-1.700,-1.300,1.740,0.570,1.870,1.836
761,0,3196.000,27.518,-9.372,0.072,-0.074,0.208,NaN,196,0,-1.205,-1.300,1059.000,200.000,1084.000,263.000,NaN,NaN,NaN,NaN,NaN,NaN,NaN
762,1,3196.000,35.154,-7.514,0.210,-0.116,0.498,NaN,196,0,0.239,-1.293,887.000,200.000,920.000,275.000,NaN,NaN,NaN,NaN,NaN,NaN,NaN
763,229,3196.000,23.111,-4.842,0.092,-0.061,NaN,NaN,196,0,-2.596,-1.298,NaN,NaN,NaN,NaN,NaN,NaN,NaN,NaN,NaN,NaN,NaN
764,412,3196.000,27.436,-1.553,-0.093,0.206,0.709,NaN,196,0,2.280,-1.327,679.000,199.000,717.000,271.000,NaN,NaN,NaN,NaN,NaN,NaN,NaN
765,0,3197.000,27.592,-9.438,0.072,-0.074,0.331,0.152,197,0,-1.302,-1.086,1060.000,200.000,1085.000,278.000,27.590,-9.410,-1.200,0.710,0.680,1.680,-0.444
766,1,3197.000,35.556,-7.661,0.216,-0.115,0.462,NaN,197,0,-0.010,-1.290,890.000,201.000,923.000,273.000,NaN,NaN,NaN,NaN,NaN,NaN,NaN
767,229,3197.000,23.192,-4.920,0.091,-0.065,0.096,NaN,197,0,-1.399,-1.295,883.000,200.000,925.000,304.000,NaN,NaN,NaN,NaN,NaN,NaN,NaN
768,412,3197.000,27.453,-1.353,-0.067,0.207,0.742,0.985,197,0,1.358,7.239,678.000,199.000,710.000,271.000,27.570,-1.320,-1.270,1.840,0.610,1.860,1.821
769,0,3198.000,27.677,-9.502,0.074,-0.072,0.712,0.612,198,0,1.004,0.096,1062.000,198.000,1087.000,279.000,27.700,-9.470,-1.260,0.650,0.480,1.860,2.377
770,1,3198.000,35.773,-7.774,0.216,-0.113,NaN,NaN,198,0,-2.557,-1.279,NaN,NaN,NaN,NaN,NaN,NaN,NaN,NaN,NaN,NaN,NaN
771,229,3198.000,23.286,-5.003,0.093,-0.069,0.680,0.290,198,0,1.878,-0.293,893.000,199.000,928.000,273.000,23.310,-5.040,-1.200,0.730,0.610,1.800,-0.349
772,412,3198.000,27.469,-1.106,-0.049,0.219,0.636,0.687,198,0,0.341,0.367,663.000,200.000,693.000,271.000,27.580,-1.010,-1.310,1.750,0.670,1.810,1.884
773,0,3199.000,27.742,-9.574,0.071,-0.074,0.592,NaN,199,0,1.124,-1.318,1068.000,197.000,1088.000,279.000,NaN,NaN,NaN,NaN,NaN,NaN,NaN
774,1,3199.000,36.070,-7.942,0.219,-0.121,0.674,NaN,199,0,1.724,-1.284,898.000,200.000,930.000,276.000,NaN,NaN,NaN,NaN,NaN,NaN,NaN
775,229,3199.000,23.378,-5.071,0.092,-0.068,NaN,NaN,199,0,-0.753,-1.299,NaN,NaN,NaN,NaN,NaN,NaN,NaN,NaN,NaN,NaN,NaN
776,412,3199.000,27.412,-0.880,-0.050,0.219,0.661,NaN,199,0,1.613,-1.322,645.000,200.000,682.000,270.000,NaN,NaN,NaN,NaN,NaN,NaN,NaN
777,0,3200.000,27.806,-9.631,0.069,-0.069,0.364,0.018,200,0,-1.170,-1.663,1070.000,197.000,1090.000,269.000,27.830,-9.550,-1.130,0.540,0.460,1.780,2.309
778,1,3200.000,36.287,-8.062,0.218,-0.120,NaN,NaN,200,0,-0.081,-1.296,NaN,NaN,NaN,NaN,NaN,NaN,NaN,NaN,NaN,NaN,NaN
779,229,3200.000,23.404,-5.115,0.078,-0.064,0.662,0.586,200,0,1.682,0.601,901.000,201.000,936.000,278.000,23.370,-5.120,-1.170,0.750,0.600,1.750,-0.477
780,412,3200.000,27.528,-0.732,-0.021,0.208,0.687,0.001,200,0,0.735,-1.683,636.000,200.000,669.000,274.000,27.650,-0.840,-1.290,1.710,0.580,1.750,1.562
781,0,3201.000,27.909,-9.669,0.077,-0.057,0.657,0.360,201,0,0.470,-0.586,1069.000,198.000,1090.000,279.000,27.970,-9.560,-1.190,0.840,0.580,1.730,0.746
782,1,3201.000,36.505,-8.182,0.218,-0.120,NaN,NaN,201,0,-0.271,-1.313,NaN,NaN,NaN,NaN,NaN,NaN,NaN,NaN,NaN,NaN,NaN
783,229,3201.000,23.513,-5.211,0.085,-0.076,0.623,0.874,201,0,1.181,2.233,904.000,202.000,937.000,281.000,23.570,-5.250,-1.230,0.880,0.590,1.840,-0.636
784,412,3201.000,27.514,-0.481,-0.018,0.217,0.722,NaN,201,0,2.434,-1.316,626.000,200.000,659.000,272.000,NaN,NaN,NaN,NaN,NaN,NaN,NaN
785,0,3202.000,27.982,-9.715,0.076,-0.054,0.617,NaN,202,0,1.205,-1.324,1069.000,199.000,1092.000,277.000,NaN,NaN,NaN,NaN,NaN,NaN,NaN
786,1,3202.000,37.258,-8.581,0.225,-0.151,0.638,NaN,202,0,1.407,-1.321,915.000,203.000,943.000,281.000,NaN,NaN,NaN,NaN,NaN,NaN,NaN
787,229,3202.000,23.598,-5.287,0.086,-0.076,NaN,NaN,202,0,-0.139,-1.305,NaN,NaN,NaN,NaN,NaN,NaN,NaN,NaN,NaN,NaN,NaN
788,412,3202.000,27.497,-0.276,-0.018,0.215,0.577,NaN,202,0,0.862,-1.291,614.000,192.000,659.000,272.000,NaN,NaN,NaN,NaN,NaN,NaN,NaN
789,0,3203.000,28.025,-9.730,0.068,-0.045,0.766,0.276,203,0,1.565,-0.732,1070.000,200.000,1095.000,279.000,28.010,-9.640,-1.100,0.810,0.470,1.740,2.400
790,1,3203.000,37.485,-8.732,0.227,-0.151,NaN,NaN,203,0,-2.654,-1.327,NaN,NaN,NaN,NaN,NaN,NaN,NaN,NaN,NaN,NaN,NaN
791,229,3203.000,23.651,-5.367,0.081,-0.079,0.780,0.998,203,0,2.841,2.843,916.000,201.000,948.000,294.000,23.640,-5.380,-1.180,0.760,0.840,1.560,-0.338
792,412,3203.000,27.522,-0.112,-0.010,0.203,0.676,0.002,203,0,0.629,-1.650,602.000,200.000,638.000,271.000,27.560,-0.200,-1.470,1.940,0.680,1.840,1.625
793,0,3204.000,28.133,-9.776,0.076,-0.045,0.768,0.251,204,0,1.565,-0.820,1070.000,200.000,1097.000,278.000,28.170,-9.750,-1.270,0.750,0.640,1.690,-0.354
794,1,3204.000,37.714,-8.882,0.228,-0.150,NaN,NaN,204,0,-2.654,-1.327,NaN,NaN,NaN,NaN,NaN,NaN,NaN,NaN,NaN,NaN,NaN
795,229,3204.000,23.743,-5.486,0.087,-0.088,0.792,0.996,204,0,2.962,2.843,916.000,200.000,948.000,295.000,23.780,-5.540,-1.190,0.750,0.830,1.560,-0.154
796,412,3204.000,27.573,0.128,0.002,0.212,0.627,0.122,204,0,0.285,-1.170,601.000,200.000,630.000,272.000,27.640,0.160,-1.300,1.850,0.650,1.870,1.610
797,0,3205.000,28.184,-9.862,0.071,-0.054,0.742,NaN,205,0,2.746,-1.326,1071.000,200.000,1099.000,276.000,NaN,NaN,NaN,NaN,NaN,NaN,NaN
798,1,3205.000,37.943,-9.032,0.229,-0.150,NaN,NaN,205,0,-2.654,-1.327,NaN,NaN,NaN,NaN,NaN,NaN,NaN,NaN,NaN,NaN,NaN
799,229,3205.000,23.824,-5.602,0.086,-0.094,0.790,NaN,205,0,3.821,-1.323,917.000,199.000,952.000,297.000,NaN,NaN,NaN,NaN,NaN,NaN,NaN
800,412,3205.000,27.575,0.388,0.001,0.223,0.658,NaN,205,0,1.613,-1.317,578.000,200.000,619.000,265.000,NaN,NaN,NaN,NaN,NaN,NaN,NaN
801,0,3206.000,28.296,-9.910,0.077,-0.052,0.636,0.534,206,0,0.341,-0.134,1074.000,199.000,1101.000,277.000,28.340,-9.860,-1.290,1.000,0.490,1.810,2.661
802,229,3206.000,23.925,-5.653,0.091,-0.084,0.732,0.994,206,0,2.350,2.843,923.000,200.000,957.000,294.000,23.940,-5.600,-1.210,0.740,0.800,1.730,-0.355
803,412,3206.000,27.610,0.657,0.006,0.232,0.681,0.037,206,0,0.629,-1.563,565.000,200.000,605.000,251.000,27.660,0.710,-1.340,1.830,0.640,1.780,1.380
804,0,3207.000,28.409,-9.983,0.083,-0.059,0.742,0.393,207,0,1.358,-0.542,1076.000,198.000,1101.000,278.000,28.440,-10.030,-1.200,0.720,0.740,1.760,-0.638
805,229,3207.000,24.053,-5.718,0.100,-0.078,0.723,0.892,207,0,2.207,2.690,925.000,201.000,958.000,290.000,24.080,-5.680,-1.180,0.890,0.700,1.810,-0.674
806,412,3207.000,27.635,0.895,0.009,0.235,0.725,0.732,207,0,1.261,0.631,562.000,200.000,599.000,250.000,27.670,0.910,-1.220,1.750,0.600,1.720,1.351
807,0,3208.000,28.474,-10.087,0.079,-0.067,0.378,NaN,208,0,-0.483,-1.327,1078.000,198.000,1104.000,277.000,NaN,NaN,NaN,NaN,NaN,NaN,NaN
808,229,3208.000,24.157,-5.855,0.102,-0.093,0.728,NaN,208,0,2.756,-1.324,927.000,202.000,964.000,291.000,NaN,NaN,NaN,NaN,NaN,NaN,NaN
809,412,3208.000,27.639,1.164,0.007,0.241,0.046,NaN,208,0,-2.477,-1.289,545.000,200.000,581.000,249.000,NaN,NaN,NaN,NaN,NaN,NaN,NaN
810,0,3209.000,28.592,-10.151,0.088,-0.067,0.716,0.895,209,0,0.897,2.469,1079.000,199.000,1105.000,273.000,28.650,-10.120,-1.160,0.790,0.700,1.820,-0.547
811,229,3209.000,24.227,-5.924,0.093,-0.088,0.765,0.973,209,0,2.738,2.843,930.000,204.000,968.000,295.000,24.210,-5.880,-1.240,0.820,0.640,1.690,-0.341
812,412,3209.000,27.731,1.342,0.025,0.228,0.506,0.661,209,0,-0.372,0.235,546.000,200.000,574.000,254.000,27.800,1.270,-1.230,1.790,0.630,1.790,1.340
813,0,3210.000,28.701,-10.217,0.092,-0.067,0.704,0.066,210,0,0.622,-1.460,1080.000,199.000,1106.000,273.000,28.720,-10.200,-1.180,0.660,0.740,1.840,-0.211
814,229,3210.000,24.321,-5.996,0.092,-0.080,0.719,0.951,210,0,2.207,2.843,935.000,204.000,970.000,286.000,24.350,-5.980,-1.190,0.890,0.670,1.710,-0.572
815,412,3210.000,27.825,1.553,0.038,0.223,0.052,0.013,210,0,-2.891,-1.601,543.000,202.000,568.000,256.000,27.920,1.530,-1.290,1.870,0.540,1.910,1.207
816,0,3211.000,28.789,-10.291,0.091,-0.067,0.818,NaN,211,0,4.217,-1.326,1082.000,200.000,1106.000,279.000,NaN,NaN,NaN,NaN,NaN,NaN,NaN
817,229,3211.000,24.408,-6.114,0.092,-0.089,0.709,NaN,211,0,2.280,-1.325,937.000,202.000,974.000,281.000,NaN,NaN,NaN,NaN,NaN,NaN,NaN
818,412,3211.000,27.853,1.920,0.040,0.259,0.036,NaN,211,0,-2.382,-1.298,510.000,207.000,537.000,279.000,NaN,NaN,NaN,NaN,NaN,NaN,NaN
819,0,3212.000,28.882,-10.353,0.094,-0.065,0.057,0.474,212,0,-3.054,-0.405,1086.000,205.000,1107.000,279.000,28.880,-10.330,-1.260,0.770,0.620,1.700,-0.571
820,229,3212.000,24.512,-6.171,0.097,-0.081,0.857,0.989,212,0,3.962,3.500,942.000,203.000,979.000,287.000,24.520,-6.110,-1.210,0.790,0.680,1.830,-0.332
821,412,3212.000,27.991,2.073,0.063,0.231,0.570,0.014,212,0,-0.011,-1.684,522.000,201.000,544.000,274.000,28.070,1.880,-1.360,1.680,0.580,1.810,1.141
822,0,3213.000,28.986,-10.414,0.097,-0.065,0.082,0.004,213,0,-2.812,-1.760,1086.000,203.000,1109.000,279.000,28.980,-10.410,-1.210,0.710,0.710,1.900,-0.459
823,229,3213.000,24.628,-6.254,0.105,-0.079,0.851,0.995,213,0,3.664,3.500,944.000,203.000,980.000,287.000,24.650,-6.260,-1.200,0.780,0.680,1.750,-0.263
824,412,3213.000,28.126,2.228,0.078,0.209,0.018,0.839,213,0,-3.339,1.341,495.000,195.000,532.000,263.000,28.180,2.060,-1.250,1.730,0.580,1.780,1.041
825,0,3214.000,29.077,-10.500,0.097,-0.071,0.745,NaN,214,0,2.906,-1.326,1087.000,198.000,1112.000,276.000,NaN,NaN,NaN,NaN,NaN,NaN,NaN
826,229,3214.000,24.714,-6.375,0.101,-0.090,0.861,NaN,214,0,4.491,-1.326,949.000,204.000,983.000,289.000,NaN,NaN,NaN,NaN,NaN,NaN,NaN
827,412,3214.000,28.203,2.433,0.080,0.209,0.176,NaN,214,0,-1.382,-1.327,493.000,197.000,523.000,275.000,NaN,NaN,NaN,NaN,NaN,NaN,NaN
828,0,3215.000,29.142,-10.541,0.088,-0.063,0.708,0.335,215,0,0.761,-0.760,1089.000,198.000,1116.000,275.000,29.120,-10.460,-1.300,0.770,0.690,1.800,-0.660
829,229,3215.000,24.757,-6.436,0.088,-0.082,0.835,0.988,215,0,3.434,3.500,950.000,204.000,987.000,289.000,24.710,-6.350,-1.250,0.900,0.510,1.670,-0.726
830,412,3215.000,28.315,2.514,0.091,0.175,0.244,0.052,215,0,-1.700,-1.520,493.000,198.000,521.000,266.000,28.320,2.280,-1.260,1.760,0.570,1.770,1.018
831,0,3216.000,29.211,-10.625,0.085,-0.068,0.772,NaN,216,0,3.261,-1.326,1089.000,198.000,1118.000,274.000,NaN,NaN,NaN,NaN,NaN,NaN,NaN
832,229,3216.000,24.884,-6.510,0.099,-0.079,0.828,0.996,216,0,3.241,3.500,950.000,205.000,989.000,288.000,24.890,-6.480,-1.250,0.770,0.800,1.730,-0.650
833,412,3216.000,28.417,2.599,0.097,0.155,0.062,0.001,216,0,-2.887,-1.690,486.000,196.000,527.000,266.000,28.410,2.490,-1.230,1.950,0.490,1.980,-2.133
834,0,3217.000,29.294,-10.714,0.084,-0.073,0.794,NaN,217,0,3.665,-1.326,1092.000,199.000,1120.000,271.000,NaN,NaN,NaN,NaN,NaN,NaN,NaN
835,229,3217.000,24.979,-6.598,0.099,-0.081,0.839,NaN,217,0,4.474,-1.327,952.000,203.000,993.000,289.000,NaN,NaN,NaN,NaN,NaN,NaN,NaN
836,412,3217.000,28.535,2.704,0.104,0.143,0.066,NaN,217,0,-2.043,-1.326,482.000,202.000,511.000,263.000,NaN,NaN,NaN,NaN,NaN,NaN,NaN
837,0,3218.000,29.322,-10.769,0.074,-0.066,0.811,0.283,218,0,1.726,-0.831,1093.000,200.000,1121.000,270.000,29.290,-10.760,-1.210,0.840,0.590,1.810,-0.685
838,229,3218.000,25.040,-6.633,0.090,-0.070,0.831,0.983,218,0,3.241,3.500,963.000,201.000,996.000,290.000,25.000,-6.570,-1.210,0.960,0.600,1.900,-0.358
839,412,3218.000,28.705,2.800,0.118,0.133,0.031,0.128,218,0,-3.427,-1.251,471.000,197.000,513.000,260.000,28.760,2.720,-1.220,1.810,0.590,1.890,0.771
840,0,3219.000,29.400,-10.826,0.077,-0.065,0.784,0.511,219,0,1.385,-0.308,1095.000,200.000,1121.000,273.000,29.420,-10.800,-1.290,0.740,0.670,1.760,-0.447
841,229,3219.000,25.118,-6.698,0.086,-0.068,0.845,0.998,219,0,3.664,3.500,966.000,202.000,998.000,290.000,25.130,-6.700,-1.260,0.730,0.700,1.790,-0.867
842,412,3219.000,28.900,2.948,0.131,0.137,0.111,0.060,219,0,-2.602,-1.525,471.000,198.000,507.000,267.000,29.020,2.970,-1.170,1.780,0.510,1.830,0.810
843,0,3220.000,29.478,-10.885,0.075,-0.067,0.746,NaN,220,0,2.906,-1.325,1097.000,200.000,1122.000,270.000,NaN,NaN,NaN,NaN,NaN,NaN,NaN
844,229,3220.000,25.187,-6.856,0.082,-0.091,0.845,NaN,220,0,4.491,-1.327,970.000,202.000,1001.000,289.000,NaN,NaN,NaN,NaN,NaN,NaN,NaN
845,412,3220.000,29.032,3.085,0.131,0.137,NaN,NaN,220,0,-0.845,-1.311,NaN,NaN,NaN,NaN,NaN,NaN,NaN,NaN,NaN,NaN,NaN
846,0,3221.000,29.537,-10.943,0.072,-0.067,0.688,0.632,221,0,0.266,-0.082,1102.000,198.000,1126.000,269.000,29.510,-10.940,-1.360,0.890,0.640,1.770,-0.577
847,229,3221.000,25.253,-6.919,0.080,-0.079,0.786,0.996,221,0,2.620,3.500,974.000,202.000,1005.000,288.000,25.240,-6.860,-1.250,1.020,0.570,1.800,-0.273
848,412,3221.000,29.163,3.222,0.131,0.137,NaN,NaN,221,0,2.757,-1.272,NaN,NaN,NaN,NaN,NaN,NaN,NaN,NaN,NaN,NaN,NaN
849,0,3222.000,29.603,-11.040,0.073,-0.073,0.389,NaN,222,0,-0.432,-1.324,1103.000,198.000,1128.000,271.000,NaN,NaN,NaN,NaN,NaN,NaN,NaN
850,229,3222.000,25.366,-7.016,0.084,-0.082,0.805,0.999,222,0,2.748,3.500,976.000,202.000,1006.000,287.000,25.420,-7.060,-1.220,0.930,0.610,1.780,-0.682
851,412,3222.000,29.441,3.366,0.162,0.140,NaN,0.220,222,0,-3.496,-1.046,434.000,192.000,506.000,279.000,29.610,3.350,-1.210,1.820,0.550,1.820,0.773
852,0,3223.000,29.677,-11.126,0.075,-0.076,0.443,NaN,223,0,-0.151,-1.325,1105.000,199.000,1130.000,272.000,NaN,NaN,NaN,NaN,NaN,NaN,NaN
853,229,3223.000,25.435,-7.132,0.081,-0.093,0.757,NaN,223,0,3.236,-1.327,980.000,201.000,1009.000,288.000,NaN,NaN,NaN,NaN,NaN,NaN,NaN
854,412,3223.000,29.604,3.505,0.163,0.140,NaN,NaN,223,0,-2.494,-1.247,NaN,NaN,NaN,NaN,NaN,NaN,NaN,NaN,NaN,NaN,NaN
855,0,3224.000,29.793,-11.193,0.084,-0.072,0.231,0.184,224,0,-2.143,-1.204,1107.000,200.000,1133.000,270.000,29.820,-11.130,-1.080,0.760,0.560,1.800,-0.159
856,229,3224.000,25.555,-7.203,0.089,-0.089,0.802,0.886,224,0,2.415,2.777,983.000,200.000,1013.000,286.000,25.610,-7.160,-1.230,0.780,0.710,1.590,-0.931
857,412,3224.000,29.723,3.481,0.159,0.113,NaN,0.265,224,0,-3.412,-0.896,455.000,198.000,485.000,279.000,29.720,3.360,-1.300,0.740,0.600,1.750,0.153
858,0,3225.000,29.891,-11.285,0.084,-0.079,0.300,NaN,225,0,-0.820,-1.325,1108.000,200.000,1134.000,271.000,NaN,NaN,NaN,NaN,NaN,NaN,NaN
859,229,3225.000,25.652,-7.294,0.091,-0.089,0.655,0.993,225,0,0.873,4.938,985.000,200.000,1015.000,286.000,25.680,-7.290,-1.220,0.730,0.770,1.630,-0.294
860,412,3225.000,29.854,3.553,0.153,0.106,0.029,0.090,225,0,-3.334,-1.357,454.000,209.000,468.000,265.000,29.820,3.510,-1.230,0.700,0.660,1.770,1.407
861,0,3226.000,29.986,-11.364,0.087,-0.079,0.708,NaN,226,0,2.280,-1.325,1109.000,200.000,1135.000,270.000,NaN,NaN,NaN,NaN,NaN,NaN,NaN
862,229,3226.000,25.733,-7.412,0.089,-0.096,0.795,NaN,226,0,3.821,-1.327,989.000,201.000,1019.000,285.000,NaN,NaN,NaN,NaN,NaN,NaN,NaN
863,412,3226.000,30.006,3.657,0.153,0.104,NaN,NaN,226,0,2.608,-1.232,NaN,NaN,NaN,NaN,NaN,NaN,NaN,NaN,NaN,NaN,NaN
864,0,3227.000,30.081,-11.438,0.089,-0.079,0.726,NaN,227,0,2.590,-1.325,1111.000,200.000,1136.000,273.000,NaN,NaN,NaN,NaN,NaN,NaN,NaN
865,229,3227.000,25.797,-7.481,0.084,-0.089,0.808,0.974,227,0,2.567,4.938,991.000,201.000,1023.000,285.000,25.780,-7.450,-1.150,0.840,0.600,1.790,-0.826
866,412,3227.000,30.164,3.659,0.156,0.083,NaN,0.044,227,0,-3.428,-1.634,446.000,191.000,479.000,267.000,30.190,3.570,-1.100,0.750,0.620,1.640,0.245
867,0,3228.000,30.139,-11.493,0.083,-0.074,0.765,0.008,228,0,1.091,-1.830,1111.000,200.000,1136.000,273.000,30.130,-11.440,-1.160,0.780,0.650,1.790,-0.537
868,229,3228.000,25.903,-7.556,0.088,-0.085,0.790,0.995,228,0,2.294,4.938,992.000,202.000,1025.000,285.000,25.940,-7.520,-1.240,1.020,0.490,1.820,2.349
869,412,3228.000,30.345,3.705,0.163,0.075,NaN,0.589,228,0,-3.408,-0.163,438.000,195.000,483.000,276.000,30.390,3.640,-1.250,0.720,0.690,1.790,-0.913
870,0,3229.000,30.230,-11.533,0.085,-0.065,0.538,NaN,229,0,0.556,-1.326,1113.000,200.000,1136.000,272.000,NaN,NaN,NaN,NaN,NaN,NaN,NaN
871,229,3229.000,25.993,-7.642,0.088,-0.086,0.772,NaN,229,0,3.261,-1.327,992.000,202.000,1029.000,281.000,NaN,NaN,NaN,NaN,NaN,NaN,NaN
872,412,3229.000,30.507,3.779,0.162,0.074,NaN,NaN,229,0,-2.478,-1.239,NaN,NaN,NaN,NaN,NaN,NaN,NaN,NaN,NaN,NaN,NaN
873,0,3230.000,30.215,-11.562,0.066,-0.058,0.593,0.015,230,0,-0.352,-1.830,1114.000,199.000,1138.000,272.000,30.150,-11.490,-1.240,0.710,0.680,1.780,-0.324
874,229,3230.000,26.059,-7.698,0.081,-0.081,0.743,1.000,230,0,1.893,4.938,999.000,202.000,1031.000,280.000,26.060,-7.630,-1.230,1.010,0.700,1.800,-0.586
875,412,3230.000,30.658,3.758,0.162,0.053,NaN,0.274,230,0,-3.427,-0.958,445.000,186.000,480.000,265.000,30.660,3.630,-1.040,0.660,0.760,1.740,-1.315
876,0,3231.000,30.275,-11.608,0.066,-0.055,0.658,0.101,231,0,0.022,-1.428,1114.000,200.000,1139.000,272.000,30.290,-11.580,-1.290,0.730,0.740,1.810,-0.494
877,229,3231.000,26.192,-7.779,0.091,-0.079,0.739,0.799,231,0,1.893,1.208,1004.000,200.000,1032.000,281.000,26.240,-7.760,-1.200,0.790,0.850,1.700,-0.428
878,412,3231.000,30.887,3.806,0.173,0.050,0.027,0.845,231,0,-3.499,1.167,453.000,186.000,465.000,231.000,30.970,3.800,-0.980,0.740,0.630,1.600,-0.520
879,0,3232.000,30.322,-11.660,0.063,-0.054,0.492,NaN,232,0,0.179,-1.326,1118.000,200.000,1141.000,271.000,NaN,NaN,NaN,NaN,NaN,NaN,NaN
880,229,3232.000,26.261,-7.922,0.086,-0.094,0.748,NaN,232,0,2.906,-1.327,1010.000,200.000,1038.000,280.000,NaN,NaN,NaN,NaN,NaN,NaN,NaN
881,412,3232.000,31.061,3.854,0.174,0.049,NaN,NaN,232,0,-1.378,-1.213,NaN,NaN,NaN,NaN,NaN,NaN,NaN,NaN,NaN,NaN,NaN
882,0,3233.000,30.385,-11.682,0.064,-0.045,0.735,0.164,233,0,0.877,-1.270,1118.000,199.000,1144.000,270.000,30.430,-11.610,-1.310,0.790,0.720,1.710,-0.801
883,229,3233.000,26.346,-8.004,0.087,-0.089,0.787,0.983,233,0,2.294,4.938,1013.000,199.000,1041.000,282.000,26.320,-7.980,-1.190,0.860,0.670,1.610,-0.295
884,412,3233.000,31.261,3.844,0.179,0.033,NaN,0.060,233,0,-3.428,-1.532,443.000,190.000,474.000,263.000,31.250,3.790,-1.070,0.790,0.530,1.640,-0.128
885,0,3234.000,30.492,-11.756,0.073,-0.051,0.773,0.046,234,0,0.877,-1.779,1119.000,199.000,1144.000,272.000,30.580,-11.840,-1.240,0.830,0.670,1.700,-0.291
886,229,3234.000,26.423,-8.089,0.085,-0.089,0.746,0.970,234,0,1.976,4.938,1013.000,200.000,1041.000,285.000,26.420,-8.070,-1.060,0.810,0.690,1.550,-0.307
887,412,3234.000,31.472,3.873,0.189,0.032,NaN,0.056,234,0,-3.696,-1.676,441.000,193.000,470.000,267.000,31.550,3.880,-1.150,1.670,0.480,1.650,0.015
888,0,3235.000,30.564,-11.814,0.073,-0.052,0.624,NaN,235,0,1.205,-1.326,1121.000,200.000,1145.000,272.000,NaN,NaN,NaN,NaN,NaN,NaN,NaN
889,229,3235.000,26.497,-8.198,0.081,-0.095,0.757,NaN,235,0,3.236,-1.326,1016.000,200.000,1048.000,283.000,NaN,NaN,NaN,NaN,NaN,NaN,NaN
890,412,3235.000,31.651,3.954,0.188,0.040,0.034,NaN,235,0,-2.862,-1.225,447.000,195.000,462.000,228.000,NaN,NaN,NaN,NaN,NaN,NaN,NaN
891,0,3236.000,30.684,-11.870,0.084,-0.051,0.156,0.158,236,0,-2.751,-1.376,1123.000,200.000,1147.000,271.000,30.730,-11.870,-1.200,0.770,0.650,1.780,-0.281
892,229,3236.000,26.556,-8.267,0.076,-0.086,0.743,0.982,236,0,1.619,6.369,1022.000,200.000,1050.000,276.000,26.570,-8.220,-1.170,0.930,0.700,1.660,-0.696
893,412,3236.000,31.807,3.965,0.182,0.031,NaN,0.040,236,0,-3.388,-1.636,440.000,195.000,478.000,276.000,31.780,3.840,-1.290,0.780,0.600,1.870,-0.312
894,0,3237.000,30.766,-11.936,0.084,-0.055,0.071,NaN,237,0,-2.042,-1.326,1122.000,200.000,1148.000,271.000,NaN,NaN,NaN,NaN,NaN,NaN,NaN
895,229,3237.000,26.666,-8.345,0.083,-0.084,0.825,0.999,237,0,2.672,6.369,1023.000,199.000,1052.000,279.000,26.730,-8.320,-1.170,0.930,0.730,1.840,-0.374
896,412,3237.000,32.045,3.994,0.194,0.031,NaN,0.004,237,0,-3.513,-1.756,421.000,177.000,491.000,248.000,32.130,3.940,-0.770,1.510,0.770,1.620,2.450
897,0,3238.000,30.831,-12.022,0.079,-0.062,0.073,NaN,238,0,-2.042,-1.326,1126.000,200.000,1151.000,271.000,NaN,NaN,NaN,NaN,NaN,NaN,NaN
898,229,3238.000,26.728,-8.449,0.080,-0.090,0.833,NaN,238,0,4.413,-1.326,1025.000,198.000,1055.000,283.000,NaN,NaN,NaN,NaN,NaN,NaN,NaN
899,412,3238.000,32.233,4.055,0.191,0.038,0.201,NaN,238,0,-1.108,-1.154,444.000,195.000,463.000,257.000,NaN,NaN,NaN,NaN,NaN,NaN,NaN
900,0,3239.000,30.903,-12.077,0.078,-0.063,0.129,0.020,239,0,-2.913,-1.901,1126.000,201.000,1151.000,271.000,30.890,-12.050,-1.030,0.710,0.490,1.750,2.138
901,229,3239.000,26.804,-8.509,0.081,-0.082,0.744,0.990,239,0,1.619,6.369,1029.000,198.000,1058.000,278.000,26.820,-8.410,-1.200,1.010,0.720,1.820,-0.628
902,412,3239.000,32.379,4.063,0.184,0.029,0.118,0.007,239,0,-2.470,-1.550,438.000,193.000,464.000,260.000,32.340,3.950,-1.150,1.790,0.580,1.720,-0.154
903,0,3240.000,31.019,-12.148,0.086,-0.064,0.395,0.542,240,0,-1.666,-0.454,1127.000,198.000,1152.000,269.000,31.050,-12.140,-1.140,0.670,0.660,1.760,-0.197
904,229,3240.000,26.865,-8.576,0.077,-0.078,0.816,0.843,240,0,2.448,1.464,1030.000,199.000,1061.000,280.000,26.860,-8.530,-1.140,0.870,0.480,1.760,2.477
905,412,3240.000,32.518,4.036,0.177,0.015,0.028,0.152,240,0,-3.295,-1.270,437.000,194.000,465.000,259.000,32.490,3.920,-1.220,0.740,0.690,1.790,0.727
906,0,3241.000,31.108,-12.221,0.085,-0.067,0.032,NaN,241,0,-2.537,-1.326,1129.000,200.000,1152.000,267.000,NaN,NaN,NaN,NaN,NaN,NaN,NaN
907,229,3241.000,26.928,-8.673,0.072,-0.082,0.766,NaN,241,0,3.261,-1.326,1033.000,199.000,1064.000,279.000,NaN,NaN,NaN,NaN,NaN,NaN,NaN
908,412,3241.000,32.680,4.038,0.175,0.013,0.367,NaN,241,0,-0.473,-1.172,449.000,190.000,465.000,263.000,NaN,NaN,NaN,NaN,NaN,NaN,NaN
909,0,3242.000,31.165,-12.267,0.083,-0.063,0.683,0.505,242,0,-0.058,-0.538,1129.000,199.000,1152.000,271.000,31.150,-12.230,-1.130,0.710,0.650,1.690,-0.495
910,229,3242.000,26.992,-8.727,0.069,-0.078,0.778,0.850,242,0,1.904,1.613,1036.000,199.000,1066.000,279.000,27.010,-8.660,-1.140,0.820,0.670,1.660,-0.899
911,412,3242.000,32.806,4.035,0.166,0.010,0.066,0.410,242,0,-3.365,-0.921,450.000,189.000,464.000,264.000,32.780,3.960,-1.030,0.760,0.690,1.750,2.335
912,0,3243.000,31.262,-12.325,0.086,-0.062,0.758,0.141,243,0,0.808,-1.433,1129.000,200.000,1152.000,271.000,31.290,-12.310,-1.210,0.720,0.700,1.780,-0.386
913,229,3243.000,27.117,-8.769,0.083,-0.069,0.754,0.672,243,0,1.698,0.390,1037.000,199.000,1067.000,278.000,27.210,-8.700,-1.210,0.810,0.660,1.870,-0.707
914,412,3243.000,32.960,4.048,0.167,0.010,0.102,NaN,243,0,-1.684,-1.223,452.000,193.000,464.000,261.000,NaN,NaN,NaN,NaN,NaN,NaN,NaN
915,0,3244.000,31.355,-12.365,0.089,-0.058,0.721,NaN,244,0,2.434,-1.325,1130.000,199.000,1153.000,269.000,NaN,NaN,NaN,NaN,NaN,NaN,NaN
916,229,3244.000,27.182,-8.881,0.076,-0.082,0.511,NaN,244,0,0.306,-1.325,1043.000,200.000,1067.000,275.000,NaN,NaN,NaN,NaN,NaN,NaN,NaN
917,412,3244.000,33.128,4.047,0.167,0.007,0.032,NaN,244,0,-2.362,-1.234,453.000,181.000,465.000,259.000,NaN,NaN,NaN,NaN,NaN,NaN,NaN
918,0,3245.000,31.438,-12.399,0.088,-0.054,0.500,0.191,245,0,-1.107,-1.277,1131.000,195.000,1153.000,269.000,31.460,-12.310,-1.250,0.860,0.500,1.760,-2.962
919,229,3245.000,27.285,-8.965,0.080,-0.083,0.427,0.280,245,0,-0.715,-0.635,1045.000,200.000,1075.000,277.000,27.320,-8.960,-1.110,0.720,0.680,1.820,-0.630
920,412,3245.000,33.235,4.040,0.158,0.003,0.064,0.450,245,0,-3.609,-0.834,453.000,194.000,465.000,257.000,33.210,3.950,-1.130,0.780,0.630,1.640,-0.520
921,0,3246.000,31.569,-12.461,0.095,-0.056,0.562,0.010,246,0,-0.985,-1.996,1130.000,194.000,1152.000,269.000,31.630,-12.430,-1.290,0.700,0.660,1.760,-0.192
922,229,3246.000,27.425,-9.065,0.091,-0.087,0.517,0.941,246,0,-0.100,6.369,1049.000,201.000,1077.000,277.000,27.490,-9.090,-1.180,0.730,0.840,1.550,-0.316
923,412,3246.000,33.427,4.031,0.168,-0.002,0.033,0.431,246,0,-3.887,-0.910,452.000,194.000,466.000,227.000,33.460,3.950,-1.150,0.720,0.630,1.760,-0.106
924,0,3247.000,31.670,-12.502,0.095,-0.053,0.714,NaN,247,0,2.280,-1.325,1131.000,196.000,1153.000,271.000,NaN,NaN,NaN,NaN,NaN,NaN,NaN
925,229,3247.000,27.516,-9.152,0.091,-0.087,NaN,NaN,247,0,-2.598,-1.299,NaN,NaN,NaN,NaN,NaN,NaN,NaN,NaN,NaN,NaN,NaN
926,412,3247.000,33.595,4.031,0.168,-0.001,NaN,NaN,247,0,-2.521,-1.260,NaN,NaN,NaN,NaN,NaN,NaN,NaN,NaN,NaN,NaN,NaN
927,0,3248.000,31.711,-12.524,0.087,-0.044,0.741,0.320,248,0,0.433,-1.098,1133.000,198.000,1155.000,270.000,31.670,-12.470,-1.270,0.710,0.670,1.880,-0.419
928,229,3248.000,27.578,-9.219,0.083,-0.083,0.624,0.825,248,0,0.236,1.087,1055.000,201.000,1082.000,279.000,27.560,-9.180,-1.300,0.710,0.660,1.730,-0.857
929,412,3248.000,33.764,4.046,0.167,0.004,NaN,0.086,248,0,-4.134,-1.822,441.000,192.000,479.000,267.000,33.750,4.060,-1.200,0.770,0.660,1.850,-1.182
930,0,3249.000,31.877,-12.617,0.102,-0.054,0.696,0.075,249,0,-0.070,-1.713,1133.000,198.000,1156.000,270.000,31.990,-12.710,-1.130,0.730,0.620,1.710,-0.099
931,229,3249.000,27.713,-9.376,0.091,-0.100,NaN,0.393,249,0,-3.273,-0.525,1054.000,204.000,1092.000,292.000,27.770,-9.460,-1.350,0.840,0.620,1.770,-0.384
932,412,3249.000,33.929,4.082,0.167,0.012,0.208,NaN,249,0,-1.517,-1.259,455.000,229.000,467.000,265.000,NaN,NaN,NaN,NaN,NaN,NaN,NaN
933,0,3250.000,31.962,-12.680,0.098,-0.058,0.771,NaN,250,0,3.261,-1.325,1134.000,198.000,1157.000,269.000,NaN,NaN,NaN,NaN,NaN,NaN,NaN
934,229,3250.000,27.797,-9.489,0.090,-0.100,0.528,NaN,250,0,0.468,-1.291,1060.000,201.000,1086.000,276.000,NaN,NaN,NaN,NaN,NaN,NaN,NaN
935,412,3250.000,34.098,4.093,0.169,0.011,NaN,NaN,250,0,-2.518,-1.259,NaN,NaN,NaN,NaN,NaN,NaN,NaN,NaN,NaN,NaN,NaN
936,0,3251.000,32.078,-12.757,0.100,-0.058,0.505,0.063,251,0,-1.307,-1.813,1135.000,199.000,1159.000,269.000,32.090,-12.780,-1.120,0.740,0.660,1.740,-0.436
937,229,3251.000,27.874,-9.578,0.089,-0.098,0.737,0.171,251,0,1.358,-1.028,1069.000,199.000,1090.000,278.000,27.870,-9.540,-1.120,0.860,0.470,1.800,2.413
938,412,3251.000,34.268,4.104,0.170,0.011,NaN,NaN,251,0,-2.528,-1.264,NaN,NaN,NaN,NaN,NaN,NaN,NaN,NaN,NaN,NaN,NaN
939,0,3252.000,32.173,-12.824,0.099,-0.060,0.118,0.053,252,0,-3.179,-1.876,1136.000,199.000,1160.000,268.000,32.160,-12.830,-1.230,0.820,0.630,1.800,-0.384
940,229,3252.000,27.958,-9.657,0.088,-0.094,0.695,0.632,252,0,0.863,0.143,1069.000,199.000,1090.000,276.000,27.960,-9.630,-1.130,0.820,0.560,1.730,2.418
941,412,3252.000,34.429,4.157,0.166,0.022,0.037,NaN,252,0,-2.557,-1.256,454.000,193.000,466.000,240.000,NaN,NaN,NaN,NaN,NaN,NaN,NaN
942,0,3253.000,32.271,-12.903,0.098,-0.064,0.738,NaN,253,0,2.746,-1.324,1138.000,198.000,1162.000,269.000,NaN,NaN,NaN,NaN,NaN,NaN,NaN
943,229,3253.000,28.043,-9.750,0.087,-0.095,0.775,NaN,253,0,3.261,-1.323,1069.000,200.000,1093.000,274.000,NaN,NaN,NaN,NaN,NaN,NaN,NaN
944,412,3253.000,34.623,4.138,0.174,0.009,0.220,NaN,253,0,-1.304,-1.263,456.000,200.000,480.000,250.000,NaN,NaN,NaN,NaN,NaN,NaN,NaN
945,0,3254.000,32.363,-12.978,0.095,-0.066,0.642,NaN,254,0,1.407,-1.324,1140.000,196.000,1163.000,268.000,NaN,NaN,NaN,NaN,NaN,NaN,NaN
946,229,3254.000,28.135,-9.828,0.088,-0.091,0.749,0.076,254,0,1.436,-1.317,1070.000,201.000,1098.000,276.000,28.170,-9.760,-0.960,0.770,0.640,1.710,-0.703
947,412,3254.000,34.799,4.167,0.172,0.015,0.046,NaN,254,0,-2.674,-1.265,457.000,203.000,466.000,237.000,NaN,NaN,NaN,NaN,NaN,NaN,NaN
948,0,3255.000,32.345,-12.987,0.079,-0.056,0.618,0.224,255,0,-0.658,-1.297,1140.000,196.000,1163.000,267.000,32.300,-12.960,-1.310,0.740,0.690,1.900,-0.608
949,229,3255.000,28.251,-9.914,0.093,-0.088,0.800,0.010,255,0,1.827,-1.684,1071.000,202.000,1099.000,274.000,28.300,-9.910,-1.330,0.730,0.570,1.810,2.791
950,412,3255.000,35.000,4.156,0.179,0.005,0.036,NaN,255,0,-2.818,-1.258,456.000,202.000,481.000,241.000,NaN,NaN,NaN,NaN,NaN,NaN,NaN
951,0,3256.000,32.430,-13.038,0.081,-0.055,0.426,NaN,256,0,-0.217,-1.323,1141.000,196.000,1164.000,264.000,NaN,NaN,NaN,NaN,NaN,NaN,NaN
952,229,3256.000,28.349,-9.983,0.094,-0.083,0.827,NaN,256,0,4.351,-1.327,1071.000,201.000,1102.000,273.000,NaN,NaN,NaN,NaN,NaN,NaN,NaN
953,0,3257.000,32.545,-13.057,0.090,-0.043,0.061,NaN,257,0,-2.149,-1.323,1142.000,198.000,1159.000,263.000,NaN,NaN,NaN,NaN,NaN,NaN,NaN
954,229,3257.000,28.418,-10.036,0.089,-0.077,0.790,0.976,257,0,1.716,7.239,1076.000,201.000,1104.000,274.000,28.390,-9.980,-1.150,0.890,0.740,1.830,2.050
955,0,3258.000,32.699,-13.143,0.096,-0.051,0.397,0.004,258,0,-2.065,-2.083,1143.000,198.000,1167.000,251.000,32.720,-13.220,-1.280,0.780,0.670,1.900,-0.409
956,229,3258.000,28.551,-10.131,0.097,-0.080,0.746,0.943,258,0,1.189,5.442,1077.000,200.000,1105.000,271.000,28.630,-10.150,-1.270,0.700,0.710,1.740,-0.321
957,0,3259.000,32.784,-13.232,0.094,-0.062,0.399,NaN,259,0,-0.382,-1.322,1144.000,197.000,1168.000,266.000,NaN,NaN,NaN,NaN,NaN,NaN,NaN
958,229,3259.000,28.647,-10.224,0.097,-0.084,0.835,NaN,259,0,4.443,-1.327,1079.000,200.000,1108.000,273.000,NaN,NaN,NaN,NaN,NaN,NaN,NaN
959,0,3260.000,32.873,-13.297,0.095,-0.062,0.741,NaN,260,0,2.746,-1.321,1145.000,196.000,1168.000,266.000,NaN,NaN,NaN,NaN,NaN,NaN,NaN
960,229,3260.000,28.738,-10.294,0.094,-0.081,0.811,0.318,260,0,1.726,-0.782,1080.000,200.000,1110.000,278.000,28.740,-10.250,-1.220,0.900,0.530,1.760,-0.427
961,0,3261.000,32.933,-13.345,0.092,-0.059,0.778,0.585,261,0,0.539,-0.503,1145.000,195.000,1168.000,266.000,32.900,-13.330,-1.200,0.730,0.660,1.740,-0.527
962,229,3261.000,28.878,-10.387,0.104,-0.083,0.788,0.160,261,0,1.466,-1.169,1082.000,201.000,1110.000,277.000,28.950,-10.390,-1.140,0.780,0.570,1.660,-0.273
963,0,3262.000,33.023,-13.412,0.090,-0.060,0.785,NaN,262,0,3.460,-1.319,1148.000,195.000,1168.000,266.000,NaN,NaN,NaN,NaN,NaN,NaN,NaN
964,229,3262.000,28.974,-10.474,0.103,-0.084,0.780,NaN,262,0,3.460,-1.326,1086.000,202.000,1112.000,271.000,NaN,NaN,NaN,NaN,NaN,NaN,NaN
965,0,3263.000,33.047,-13.436,0.082,-0.055,0.704,0.171,263,0,-0.295,-1.549,1149.000,195.000,1170.000,266.000,32.970,-13.410,-1.210,0.830,0.580,1.700,0.415
966,229,3263.000,29.035,-10.505,0.096,-0.072,0.817,0.007,263,0,1.925,-1.754,1087.000,201.000,1115.000,271.000,29.020,-10.400,-1.150,0.750,0.680,1.790,0.063
967,0,3264.000,33.148,-13.508,0.086,-0.059,0.574,0.025,264,0,-1.128,-2.065,1149.000,196.000,1170.000,265.000,33.160,-13.540,-1.290,0.770,0.590,1.710,-0.184
968,229,3264.000,29.127,-10.599,0.095,-0.077,0.790,0.270,264,0,1.466,-0.860,1090.000,200.000,1117.000,271.000,29.120,-10.630,-1.230,0.910,0.410,1.800,2.234
969,0,3265.000,33.230,-13.599,0.084,-0.067,0.686,NaN,265,0,1.982,-1.318,1151.000,197.000,1175.000,266.000,NaN,NaN,NaN,NaN,NaN,NaN,NaN
970,229,3265.000,29.219,-10.689,0.094,-0.078,0.813,NaN,265,0,4.053,-1.326,1092.000,200.000,1119.000,270.000,NaN,NaN,NaN,NaN,NaN,NaN,NaN
971,0,3266.000,33.232,-13.650,0.063,-0.066,0.594,0.009,266,0,-1.004,-2.074,1152.000,197.000,1177.000,266.000,33.160,-13.650,-1.120,0.750,0.660,1.680,-0.815
972,229,3266.000,29.301,-10.759,0.092,-0.075,0.721,0.485,266,0,0.897,-0.373,1093.000,200.000,1121.000,270.000,29.300,-10.730,-1.070,0.800,0.650,1.760,-0.550
973,0,3267.000,33.298,-13.733,0.060,-0.071,0.624,0.072,267,0,-0.874,-1.862,1153.000,198.000,1177.000,266.000,33.290,-13.770,-1.190,0.740,0.680,1.600,-1.038
974,229,3267.000,29.389,-10.832,0.092,-0.073,0.796,0.215,267,0,1.575,-1.000,1093.000,200.000,1122.000,270.000,29.390,-10.830,-1.180,0.800,0.640,1.780,-0.430
975,0,3268.000,33.375,-13.788,0.063,-0.067,0.154,NaN,268,0,-1.552,-1.321,1155.000,198.000,1178.000,265.000,NaN,NaN,NaN,NaN,NaN,NaN,NaN
976,229,3268.000,29.470,-10.926,0.089,-0.080,0.710,NaN,268,0,2.280,-1.324,1099.000,202.000,1125.000,270.000,NaN,NaN,NaN,NaN,NaN,NaN,NaN
977,0,3269.000,33.422,-13.855,0.061,-0.067,NaN,0.003,269,0,-4.163,-2.081,1154.000,199.000,1190.000,272.000,33.420,-13.880,-1.240,0.840,0.550,1.780,-0.617
978,229,3269.000,29.555,-10.990,0.089,-0.077,0.785,0.640,269,0,1.237,-0.053,1097.000,201.000,1128.000,270.000,29.550,-10.960,-1.220,0.880,0.730,1.690,-0.526
979,0,3270.000,33.494,-13.897,0.064,-0.061,0.122,NaN,270,0,-1.709,-1.323,1158.000,199.000,1180.000,266.000,NaN,NaN,NaN,NaN,NaN,NaN,NaN
980,229,3270.000,29.663,-11.048,0.094,-0.073,0.796,0.809,270,0,1.344,0.747,1101.000,201.000,1128.000,270.000,29.690,-11.010,-1.290,0.750,0.670,1.680,-0.390
981,0,3271.000,33.551,-13.963,0.061,-0.062,0.093,NaN,271,0,-1.880,-1.322,1160.000,199.000,1184.000,266.000,NaN,NaN,NaN,NaN,NaN,NaN,NaN
982,229,3271.000,29.745,-11.131,0.088,-0.078,0.589,NaN,271,0,0.941,-1.325,1104.000,200.000,1130.000,271.000,NaN,NaN,NaN,NaN,NaN,NaN,NaN
983,0,3272.000,33.593,-14.012,0.059,-0.059,0.505,0.088,272,0,-1.758,-1.898,1161.000,199.000,1184.000,266.000,33.570,-13.990,-1.350,0.710,0.670,1.730,-0.218
984,229,3272.000,29.805,-11.182,0.085,-0.072,0.685,0.218,272,0,0.167,-1.098,1105.000,200.000,1132.000,270.000,29.780,-11.140,-1.230,0.800,0.610,1.780,-0.512
985,0,3273.000,33.656,-14.071,0.059,-0.059,0.649,NaN,273,0,1.509,-1.304,1163.000,199.000,1185.000,265.000,NaN,NaN,NaN,NaN,NaN,NaN,NaN
986,229,3273.000,29.886,-11.266,0.084,-0.075,0.694,NaN,273,0,1.982,-1.325,1106.000,199.000,1133.000,273.000,NaN,NaN,NaN,NaN,NaN,NaN,NaN
987,0,3274.000,33.725,-14.138,0.059,-0.059,0.737,NaN,274,0,2.746,-1.300,1164.000,200.000,1187.000,267.000,NaN,NaN,NaN,NaN,NaN,NaN,NaN
988,229,3274.000,29.974,-11.341,0.084,-0.074,0.753,NaN,274,0,2.906,-1.325,1107.000,199.000,1135.000,272.000,NaN,NaN,NaN,NaN,NaN,NaN,NaN
989,0,3275.000,33.760,-14.230,0.053,-0.068,0.045,NaN,275,0,-2.247,-1.299,1165.000,198.000,1201.000,266.000,NaN,NaN,NaN,NaN,NaN,NaN,NaN
990,229,3275.000,30.059,-11.413,0.085,-0.073,0.703,NaN,275,0,2.128,-1.325,1109.000,200.000,1136.000,270.000,NaN,NaN,NaN,NaN,NaN,NaN,NaN
991,0,3276.000,33.777,-14.335,0.046,-0.079,0.047,NaN,276,0,-2.235,-1.291,1167.000,198.000,1205.000,265.000,NaN,NaN,NaN,NaN,NaN,NaN,NaN
992,229,3276.000,30.150,-11.465,0.086,-0.068,0.732,NaN,276,0,2.590,-1.325,1109.000,199.000,1136.000,271.000,NaN,NaN,NaN,NaN,NaN,NaN,NaN
993,0,3277.000,33.804,-14.430,0.043,-0.084,0.031,NaN,277,0,-2.389,-1.248,1168.000,189.000,1206.000,266.000,NaN,NaN,NaN,NaN,NaN,NaN,NaN
994,229,3277.000,30.228,-11.512,0.086,-0.064,0.667,0.183,277,0,0.089,-1.204,1113.000,198.000,1136.000,272.000,30.240,-11.460,-1.210,0.850,0.560,1.780,-0.572
995,0,3278.000,33.855,-14.511,0.044,-0.083,0.029,NaN,278,0,-2.227,-1.164,1169.000,193.000,1205.000,267.000,NaN,NaN,NaN,NaN,NaN,NaN,NaN
996,229,3278.000,30.362,-11.566,0.093,-0.060,0.793,0.302,278,0,1.237,-0.901,1115.000,197.000,1138.000,271.000,30.420,-11.520,-1.230,0.830,0.640,1.790,0.974
997,0,3279.000,33.994,-14.485,0.057,-0.059,0.184,NaN,279,0,-1.124,-1.079,1169.000,199.000,1192.000,266.000,NaN,NaN,NaN,NaN,NaN,NaN,NaN
998,229,3279.000,30.453,-11.642,0.094,-0.063,0.774,NaN,279,0,3.261,-1.325,1115.000,197.000,1139.000,272.000,NaN,NaN,NaN,NaN,NaN,NaN,NaN
999,0,3280.000,34.048,-14.493,0.061,-0.048,0.115,NaN,280,0,-1.610,-1.207,1171.000,201.000,1193.000,265.000,NaN,NaN,NaN,NaN,NaN,NaN,NaN
1000,229,3280.000,30.535,-11.686,0.094,-0.061,0.648,0.314,280,0,-0.259,-1.002,1118.000,198.000,1141.000,272.000,30.530,-11.640,-1.290,0.790,0.720,1.810,1.576
1001,0,3281.000,34.160,-14.544,0.072,-0.046,0.086,0.003,281,0,-3.520,-1.997,1172.000,202.000,1194.000,266.000,34.210,-14.510,-1.490,0.820,0.620,1.770,1.591
1002,229,3281.000,30.653,-11.751,0.100,-0.058,0.759,0.654,281,0,0.808,-0.130,1118.000,199.000,1144.000,272.000,30.660,-11.770,-1.300,0.760,0.670,1.680,-0.634
1003,0,3282.000,34.224,-14.608,0.070,-0.050,0.099,NaN,282,0,-1.661,-1.207,1174.000,205.000,1197.000,266.000,NaN,NaN,NaN,NaN,NaN,NaN,NaN
1004,229,3282.000,30.752,-11.836,0.099,-0.064,0.784,NaN,282,0,3.460,-1.326,1119.000,199.000,1143.000,270.000,NaN,NaN,NaN,NaN,NaN,NaN,NaN
1005,0,3283.000,34.294,-14.660,0.070,-0.051,NaN,NaN,283,0,-2.360,-1.180,NaN,NaN,NaN,NaN,NaN,NaN,NaN,NaN,NaN,NaN,NaN
1006,229,3283.000,30.840,-11.887,0.096,-0.061,0.804,0.497,283,0,1.127,-0.554,1120.000,199.000,1145.000,269.000,30.820,-11.860,-1.260,0.840,0.710,1.700,-0.553
1007,0,3284.000,34.364,-14.713,0.069,-0.053,NaN,NaN,284,0,-2.291,-1.146,NaN,NaN,NaN,NaN,NaN,NaN,NaN,NaN,NaN,NaN,NaN
1008,229,3284.000,30.937,-11.958,0.095,-0.062,0.555,NaN,284,0,0.639,-1.326,1121.000,199.000,1145.000,268.000,NaN,NaN,NaN,NaN,NaN,NaN,NaN
1009,0,3285.000,34.435,-14.766,0.071,-0.053,NaN,NaN,285,0,-2.201,-1.101,NaN,NaN,NaN,NaN,NaN,NaN,NaN,NaN,NaN,NaN,NaN
1010,229,3285.000,31.029,-12.030,0.094,-0.066,0.777,NaN,285,0,3.460,-1.326,1122.000,197.000,1147.000,270.000,NaN,NaN,NaN,NaN,NaN,NaN,NaN
1011,0,3286.000,34.505,-14.820,0.070,-0.054,NaN,NaN,286,0,-2.086,-1.043,NaN,NaN,NaN,NaN,NaN,NaN,NaN,NaN,NaN,NaN,NaN
1012,229,3286.000,31.170,-12.106,0.103,-0.066,0.680,0.036,286,0,-0.058,-1.838,1122.000,198.000,1148.000,270.000,31.230,-12.080,-0.980,0.740,0.580,1.640,2.756
1013,0,3287.000,34.576,-14.875,0.071,-0.055,NaN,NaN,287,0,-1.937,-0.968,NaN,NaN,NaN,NaN,NaN,NaN,NaN,NaN,NaN,NaN,NaN
1014,229,3287.000,31.310,-12.196,0.108,-0.074,0.727,0.114,287,0,0.553,-1.506,1125.000,199.000,1150.000,271.000,31.370,-12.230,-1.150,0.760,0.730,1.920,-0.267
1015,0,3288.000,34.649,-14.928,0.073,-0.053,NaN,NaN,288,0,-1.891,-0.946,NaN,NaN,NaN,NaN,NaN,NaN,NaN,NaN,NaN,NaN,NaN
1016,229,3288.000,31.411,-12.276,0.105,-0.077,0.782,NaN,288,0,3.460,-1.326,1126.000,199.000,1150.000,270.000,NaN,NaN,NaN,NaN,NaN,NaN,NaN
1017,0,3289.000,34.721,-14.980,0.072,-0.053,NaN,NaN,289,0,-1.805,-0.902,NaN,NaN,NaN,NaN,NaN,NaN,NaN,NaN,NaN,NaN,NaN
1018,229,3289.000,31.526,-12.336,0.106,-0.072,0.781,0.025,289,0,0.741,-1.988,1125.000,199.000,1151.000,269.000,31.570,-12.270,-1.240,0.860,0.540,1.730,-0.712
1019,0,3290.000,34.795,-15.033,0.074,-0.052,NaN,NaN,290,0,-1.624,-0.812,NaN,NaN,NaN,NaN,NaN,NaN,NaN,NaN,NaN,NaN,NaN
1020,229,3290.000,31.666,-12.395,0.113,-0.066,0.808,0.269,290,0,1.054,-1.181,1126.000,197.000,1151.000,269.000,31.740,-12.360,-1.240,0.960,0.620,1.610,-0.660
1021,0,3291.000,34.783,-15.149,0.066,-0.061,0.032,NaN,291,0,-1.486,-0.700,1185.000,209.000,1208.000,265.000,NaN,NaN,NaN,NaN,NaN,NaN,NaN
1022,229,3291.000,31.784,-12.449,0.113,-0.061,0.775,NaN,291,0,3.261,-1.326,1127.000,197.000,1151.000,268.000,NaN,NaN,NaN,NaN,NaN,NaN,NaN
1023,0,3292.000,34.848,-15.209,0.065,-0.061,NaN,NaN,292,0,-0.067,-0.034,NaN,NaN,NaN,NaN,NaN,NaN,NaN,NaN,NaN,NaN,NaN
1024,229,3292.000,31.865,-12.491,0.106,-0.057,0.125,0.625,292,0,-3.134,-0.330,1128.000,197.000,1151.000,265.000,31.830,-12.480,-1.170,0.840,0.640,1.750,-2.258
1025,0,3293.000,34.914,-15.272,0.066,-0.062,NaN,NaN,293,0,-0.067,-0.034,NaN,NaN,NaN,NaN,NaN,NaN,NaN,NaN,NaN,NaN,NaN
1026,229,3293.000,31.983,-12.553,0.106,-0.061,0.727,NaN,293,0,2.590,-1.326,1129.000,198.000,1152.000,265.000,NaN,NaN,NaN,NaN,NaN,NaN,NaN
1027,0,3294.000,34.981,-15.335,0.067,-0.063,NaN,NaN,294,0,-0.067,-0.034,NaN,NaN,NaN,NaN,NaN,NaN,NaN,NaN,NaN,NaN,NaN
1028,229,3294.000,32.095,-12.613,0.108,-0.062,0.754,NaN,294,0,2.906,-1.326,1130.000,198.000,1152.000,266.000,NaN,NaN,NaN,NaN,NaN,NaN,NaN
1029,0,3295.000,35.046,-15.397,0.066,-0.062,NaN,NaN,295,0,-0.067,-0.034,NaN,NaN,NaN,NaN,NaN,NaN,NaN,NaN,NaN,NaN,NaN
1030,229,3295.000,32.214,-12.671,0.110,-0.060,0.775,NaN,295,0,3.460,-1.326,1130.000,198.000,1152.000,265.000,NaN,NaN,NaN,NaN,NaN,NaN,NaN
1031,0,3296.000,35.113,-15.460,0.067,-0.063,NaN,NaN,296,0,-0.071,-0.035,NaN,NaN,NaN,NaN,NaN,NaN,NaN,NaN,NaN,NaN,NaN
1032,229,3296.000,32.293,-12.711,0.108,-0.056,0.731,0.365,296,0,0.332,-0.971,1129.000,197.000,1152.000,265.000,32.320,-12.690,-1.150,0.790,0.630,1.780,-0.518
1033,0,3297.000,35.179,-15.524,0.067,-0.063,NaN,NaN,297,0,-0.000,-0.000,NaN,NaN,NaN,NaN,NaN,NaN,NaN,NaN,NaN,NaN,NaN
1034,229,3297.000,32.414,-12.756,0.110,-0.052,0.767,NaN,297,0,3.261,-1.325,1129.000,196.000,1153.000,266.000,NaN,NaN,NaN,NaN,NaN,NaN,NaN
1035,0,3298.000,35.246,-15.586,0.066,-0.063,NaN,NaN,298,0,-0.000,-0.000,NaN,NaN,NaN,NaN,NaN,NaN,NaN,NaN,NaN,NaN,NaN
1036,229,3298.000,32.524,-12.815,0.109,-0.054,0.780,NaN,298,0,3.460,-1.325,1130.000,197.000,1155.000,266.000,NaN,NaN,NaN,NaN,NaN,NaN,NaN
1037,0,3299.000,35.314,-15.649,0.066,-0.063,NaN,NaN,299,0,-0.000,-0.000,NaN,NaN,NaN,NaN,NaN,NaN,NaN,NaN,NaN,NaN,NaN
1038,229,3299.000,32.636,-12.873,0.111,-0.054,0.746,0.084,299,0,0.309,-1.829,1131.000,197.000,1155.000,266.000,32.630,-12.870,-1.230,0.830,0.670,1.660,0.757
1039,0,3300.000,35.380,-15.712,0.066,-0.063,NaN,NaN,300,0,-0.072,-0.036,NaN,NaN,NaN,NaN,NaN,NaN,NaN,NaN,NaN,NaN,NaN
1040,229,3300.000,32.730,-12.932,0.109,-0.056,0.656,NaN,300,0,1.613,-1.325,1131.000,197.000,1156.000,267.000,NaN,NaN,NaN,NaN,NaN,NaN,NaN
1041,0,3301.000,35.446,-15.775,0.066,-0.064,NaN,NaN,301,0,-0.199,-0.099,NaN,NaN,NaN,NaN,NaN,NaN,NaN,NaN,NaN,NaN,NaN
1042,229,3301.000,32.781,-12.969,0.100,-0.053,0.717,0.112,301,0,-0.012,-1.735,1132.000,198.000,1156.000,267.000,32.700,-12.980,-1.300,0.770,0.580,1.600,-0.680
1043,0,3302.000,35.512,-15.839,0.065,-0.063,NaN,NaN,302,0,-0.322,-0.161,NaN,NaN,NaN,NaN,NaN,NaN,NaN,NaN,NaN,NaN,NaN
1044,229,3302.000,32.928,-13.013,0.109,-0.049,0.619,0.005,302,0,-0.877,-2.086,1134.000,198.000,1156.000,262.000,33.020,-12.980,-1.110,0.800,0.640,1.770,-0.797
1045,0,3303.000,35.576,-15.902,0.064,-0.063,NaN,NaN,303,0,-0.461,-0.231,NaN,NaN,NaN,NaN,NaN,NaN,NaN,NaN,NaN,NaN,NaN
1046,229,3303.000,33.016,-13.079,0.105,-0.055,0.746,NaN,303,0,2.906,-1.325,1134.000,198.000,1157.000,265.000,NaN,NaN,NaN,NaN,NaN,NaN,NaN
1047,0,3304.000,35.640,-15.964,0.065,-0.062,NaN,NaN,304,0,-0.836,-0.418,NaN,NaN,NaN,NaN,NaN,NaN,NaN,NaN,NaN,NaN,NaN
1048,229,3304.000,33.107,-13.139,0.102,-0.057,0.730,0.154,304,0,0.114,-1.627,1135.000,196.000,1158.000,265.000,33.090,-13.160,-1.400,1.650,0.600,1.720,2.367
1049,0,3305.000,35.704,-16.026,0.064,-0.062,NaN,NaN,305,0,-1.135,-0.568,NaN,NaN,NaN,NaN,NaN,NaN,NaN,NaN,NaN,NaN,NaN
1050,229,3305.000,33.212,-13.210,0.100,-0.059,0.713,0.015,305,0,-0.154,-2.076,1137.000,196.000,1159.000,266.000,33.230,-13.250,-1.010,0.770,0.680,1.620,-0.685
1051,0,3306.000,35.767,-16.087,0.064,-0.062,NaN,NaN,306,0,-1.277,-0.639,NaN,NaN,NaN,NaN,NaN,NaN,NaN,NaN,NaN,NaN,NaN
1052,229,3306.000,33.320,-13.271,0.103,-0.059,0.732,NaN,306,0,2.590,-1.325,1137.000,196.000,1160.000,266.000,NaN,NaN,NaN,NaN,NaN,NaN,NaN
1053,0,3307.000,35.829,-16.148,0.062,-0.061,NaN,NaN,307,0,-1.438,-0.719,NaN,NaN,NaN,NaN,NaN,NaN,NaN,NaN,NaN,NaN,NaN
1054,229,3307.000,33.432,-13.345,0.105,-0.064,0.736,NaN,307,0,2.746,-1.324,1139.000,196.000,1160.000,265.000,NaN,NaN,NaN,NaN,NaN,NaN,NaN
1055,0,3308.000,35.891,-16.210,0.062,-0.061,NaN,NaN,308,0,-1.529,-0.765,NaN,NaN,NaN,NaN,NaN,NaN,NaN,NaN,NaN,NaN,NaN
1056,229,3308.000,33.546,-13.433,0.105,-0.070,0.730,NaN,308,0,2.590,-1.324,1141.000,195.000,1162.000,263.000,NaN,NaN,NaN,NaN,NaN,NaN,NaN
1057,0,3309.000,35.954,-16.271,0.063,-0.061,NaN,NaN,309,0,-1.612,-0.806,NaN,NaN,NaN,NaN,NaN,NaN,NaN,NaN,NaN,NaN,NaN
1058,229,3309.000,33.655,-13.511,0.109,-0.074,0.736,NaN,309,0,2.746,-1.323,1141.000,195.000,1164.000,264.000,NaN,NaN,NaN,NaN,NaN,NaN,NaN
1059,0,3310.000,36.017,-16.333,0.063,-0.062,NaN,NaN,310,0,-1.686,-0.843,NaN,NaN,NaN,NaN,NaN,NaN,NaN,NaN,NaN,NaN,NaN
1060,229,3310.000,33.600,-13.538,0.084,-0.071,0.711,0.129,310,0,-0.375,-1.787,1142.000,194.000,1167.000,265.000,33.530,-13.560,-1.080,0.710,0.710,1.850,-0.524
1061,0,3311.000,36.078,-16.395,0.062,-0.062,NaN,NaN,311,0,-1.739,-0.869,NaN,NaN,NaN,NaN,NaN,NaN,NaN,NaN,NaN,NaN,NaN
1062,229,3311.000,33.658,-13.610,0.082,-0.073,0.732,0.043,311,0,-0.098,-2.119,1145.000,196.000,1168.000,265.000,33.610,-13.670,-1.050,0.790,0.480,1.750,2.343
1063,0,3312.000,36.141,-16.458,0.063,-0.062,NaN,NaN,312,0,-1.788,-0.894,NaN,NaN,NaN,NaN,NaN,NaN,NaN,NaN,NaN,NaN,NaN
1064,229,3312.000,33.745,-13.662,0.082,-0.067,0.700,NaN,312,0,2.128,-1.319,1145.000,197.000,1166.000,265.000,NaN,NaN,NaN,NaN,NaN,NaN,NaN
1065,0,3313.000,36.204,-16.522,0.063,-0.064,NaN,NaN,313,0,-1.788,-0.894,NaN,NaN,NaN,NaN,NaN,NaN,NaN,NaN,NaN,NaN,NaN
1066,229,3313.000,33.804,-13.717,0.081,-0.067,0.504,0.038,313,0,-1.766,-2.114,1147.000,194.000,1176.000,265.000,33.800,-13.690,-1.110,0.720,0.700,1.760,-0.592
1067,0,3314.000,36.266,-16.587,0.063,-0.065,NaN,NaN,314,0,-1.788,-0.894,NaN,NaN,NaN,NaN,NaN,NaN,NaN,NaN,NaN,NaN,NaN
1068,229,3314.000,33.904,-13.814,0.083,-0.075,NaN,0.007,314,0,-4.319,-2.157,1146.000,198.000,1181.000,267.000,33.950,-13.860,-1.180,0.730,0.640,1.700,-0.270
1069,0,3315.000,36.330,-16.651,0.063,-0.064,NaN,NaN,315,0,-1.744,-0.872,NaN,NaN,NaN,NaN,NaN,NaN,NaN,NaN,NaN,NaN,NaN
1070,229,3315.000,33.987,-13.889,0.082,-0.075,NaN,NaN,315,0,-2.626,-1.313,NaN,NaN,NaN,NaN,NaN,NaN,NaN,NaN,NaN,NaN,NaN
1071,0,3316.000,36.394,-16.715,0.064,-0.064,NaN,NaN,316,0,-1.721,-0.860,NaN,NaN,NaN,NaN,NaN,NaN,NaN,NaN,NaN,NaN,NaN
1072,229,3316.000,34.073,-13.956,0.083,-0.075,0.269,NaN,316,0,-0.923,-1.311,1151.000,196.000,1174.000,260.000,NaN,NaN,NaN,NaN,NaN,NaN,NaN
1073,0,3317.000,36.458,-16.778,0.063,-0.064,NaN,NaN,317,0,-1.688,-0.844,NaN,NaN,NaN,NaN,NaN,NaN,NaN,NaN,NaN,NaN,NaN
1074,229,3317.000,34.194,-14.057,0.091,-0.080,0.772,0.004,317,0,0.267,-2.150,1152.000,197.000,1175.000,263.000,34.220,-14.090,-1.070,0.820,0.670,1.800,1.010
1075,0,3318.000,36.519,-16.841,0.062,-0.063,NaN,NaN,318,0,-1.637,-0.818,NaN,NaN,NaN,NaN,NaN,NaN,NaN,NaN,NaN,NaN,NaN
1076,229,3318.000,34.288,-14.111,0.090,-0.077,0.780,NaN,318,0,3.460,-1.308,1153.000,197.000,1176.000,262.000,NaN,NaN,NaN,NaN,NaN,NaN,NaN
1077,0,3319.000,36.580,-16.906,0.061,-0.064,NaN,NaN,319,0,-1.296,-0.648,NaN,NaN,NaN,NaN,NaN,NaN,NaN,NaN,NaN,NaN,NaN
1078,229,3319.000,34.364,-14.177,0.087,-0.075,0.674,0.393,319,0,-0.772,-1.114,1155.000,198.000,1177.000,262.000,34.350,-14.160,-1.270,0.770,0.660,1.720,-0.537
1079,0,3320.000,36.641,-16.969,0.061,-0.063,NaN,NaN,320,0,-1.156,-0.578,NaN,NaN,NaN,NaN,NaN,NaN,NaN,NaN,NaN,NaN,NaN
1080,229,3320.000,34.477,-14.241,0.091,-0.073,0.670,0.009,320,0,-0.973,-2.222,1157.000,198.000,1183.000,259.000,34.550,-14.180,-1.020,0.760,0.670,1.650,0.107
1081,0,3321.000,36.704,-17.033,0.063,-0.065,NaN,NaN,321,0,-1.000,-0.500,NaN,NaN,NaN,NaN,NaN,NaN,NaN,NaN,NaN,NaN,NaN
1082,229,3321.000,34.556,-14.333,0.089,-0.076,0.703,NaN,321,0,2.128,-1.304,1158.000,199.000,1182.000,263.000,NaN,NaN,NaN,NaN,NaN,NaN,NaN
1083,0,3322.000,37.526,-15.459,0.103,0.017,0.076,NaN,322,0,-0.608,-0.370,1158.000,206.000,1173.000,258.000,NaN,NaN,NaN,NaN,NaN,NaN,NaN
1084,229,3322.000,34.645,-14.398,0.090,-0.074,0.598,NaN,322,0,0.810,-1.303,1158.000,199.000,1182.000,259.000,NaN,NaN,NaN,NaN,NaN,NaN,NaN
1085,0,3323.000,37.629,-15.442,0.103,0.017,NaN,NaN,323,0,-2.612,-1.306,NaN,NaN,NaN,NaN,NaN,NaN,NaN,NaN,NaN,NaN,NaN
1086,229,3323.000,34.738,-14.446,0.091,-0.067,0.365,0.002,323,0,-2.441,-2.218,1160.000,199.000,1183.000,261.000,34.790,-14.310,-1.410,0.800,0.620,1.730,0.971
1087,0,3324.000,37.734,-15.424,0.105,0.018,NaN,NaN,324,0,-2.613,-1.306,NaN,NaN,NaN,NaN,NaN,NaN,NaN,NaN,NaN,NaN,NaN
1088,229,3324.000,34.825,-14.523,0.089,-0.070,0.105,NaN,324,0,-1.999,-1.302,1162.000,200.000,1183.000,260.000,NaN,NaN,NaN,NaN,NaN,NaN,NaN
1089,0,3325.000,38.298,-15.718,0.098,-0.010,0.028,NaN,325,0,-3.056,-1.308,1159.000,223.000,1170.000,247.000,NaN,NaN,NaN,NaN,NaN,NaN,NaN
1090,229,3325.000,34.911,-14.609,0.087,-0.073,0.161,NaN,325,0,-1.472,-1.300,1164.000,199.000,1187.000,261.000,NaN,NaN,NaN,NaN,NaN,NaN,NaN
1091,0,3326.000,38.512,-15.845,0.087,-0.033,0.029,NaN,326,0,-3.056,-1.308,1161.000,224.000,1171.000,246.000,NaN,NaN,NaN,NaN,NaN,NaN,NaN
1092,229,3326.000,35.028,-14.712,0.091,-0.080,0.434,0.002,326,0,-2.253,-2.211,1166.000,199.000,1185.000,260.000,35.030,-14.750,-1.690,0.800,0.540,1.830,1.890
1093,0,3327.000,36.826,-15.280,0.038,-0.070,0.031,NaN,327,0,-2.774,-1.307,1168.000,217.000,1185.000,262.000,NaN,NaN,NaN,NaN,NaN,NaN,NaN
1094,229,3327.000,35.120,-14.791,0.091,-0.079,0.372,NaN,327,0,-0.523,-1.296,1167.000,199.000,1188.000,262.000,NaN,NaN,NaN,NaN,NaN,NaN,NaN
1095,0,3328.000,36.865,-15.348,0.039,-0.069,NaN,NaN,328,0,-2.612,-1.306,NaN,NaN,NaN,NaN,NaN,NaN,NaN,NaN,NaN,NaN,NaN
1096,229,3328.000,35.212,-14.871,0.092,-0.080,NaN,NaN,328,0,-2.589,-1.294,NaN,NaN,NaN,NaN,NaN,NaN,NaN,NaN,NaN,NaN,NaN
1097,0,3329.000,36.904,-15.418,0.039,-0.070,NaN,NaN,329,0,-2.612,-1.306,NaN,NaN,NaN,NaN,NaN,NaN,NaN,NaN,NaN,NaN,NaN
1098,229,3329.000,35.304,-14.952,0.092,-0.081,NaN,NaN,329,0,-2.569,-1.285,NaN,NaN,NaN,NaN,NaN,NaN,NaN,NaN,NaN,NaN,NaN
1099,0,3330.000,36.945,-15.488,0.041,-0.070,NaN,NaN,330,0,-2.610,-1.305,NaN,NaN,NaN,NaN,NaN,NaN,NaN,NaN,NaN,NaN,NaN
1100,229,3330.000,35.395,-15.033,0.091,-0.081,NaN,NaN,330,0,-2.546,-1.273,NaN,NaN,NaN,NaN,NaN,NaN,NaN,NaN,NaN,NaN,NaN
1101,0,3331.000,36.986,-15.559,0.042,-0.071,NaN,NaN,331,0,-2.608,-1.304,NaN,NaN,NaN,NaN,NaN,NaN,NaN,NaN,NaN,NaN,NaN
1102,229,3331.000,35.486,-15.113,0.091,-0.080,NaN,NaN,331,0,-2.500,-1.250,NaN,NaN,NaN,NaN,NaN,NaN,NaN,NaN,NaN,NaN,NaN
1103,0,3332.000,37.027,-15.627,0.041,-0.068,NaN,NaN,332,0,-2.603,-1.302,NaN,NaN,NaN,NaN,NaN,NaN,NaN,NaN,NaN,NaN,NaN
1104,229,3332.000,35.578,-15.191,0.092,-0.078,NaN,NaN,332,0,-2.423,-1.211,NaN,NaN,NaN,NaN,NaN,NaN,NaN,NaN,NaN,NaN,NaN
1105,0,3333.000,37.068,-15.695,0.041,-0.068,NaN,NaN,333,0,-2.592,-1.296,NaN,NaN,NaN,NaN,NaN,NaN,NaN,NaN,NaN,NaN,NaN
1106,229,3333.000,35.669,-15.268,0.092,-0.077,NaN,NaN,333,0,-2.370,-1.185,NaN,NaN,NaN,NaN,NaN,NaN,NaN,NaN,NaN,NaN,NaN
1107,0,3334.000,37.107,-15.764,0.040,-0.069,NaN,NaN,334,0,-2.559,-1.280,NaN,NaN,NaN,NaN,NaN,NaN,NaN,NaN,NaN,NaN,NaN
1108,229,3334.000,35.761,-15.347,0.092,-0.080,NaN,NaN,334,0,-2.256,-1.128,NaN,NaN,NaN,NaN,NaN,NaN,NaN,NaN,NaN,NaN,NaN
1109,0,3335.000,37.148,-15.834,0.041,-0.069,NaN,NaN,335,0,-2.503,-1.252,NaN,NaN,NaN,NaN,NaN,NaN,NaN,NaN,NaN,NaN,NaN
1110,229,3335.000,35.853,-15.427,0.092,-0.080,NaN,NaN,335,0,-2.121,-1.060,NaN,NaN,NaN,NaN,NaN,NaN,NaN,NaN,NaN,NaN,NaN
1111,0,3336.000,37.189,-15.902,0.041,-0.068,NaN,NaN,336,0,-2.448,-1.224,NaN,NaN,NaN,NaN,NaN,NaN,NaN,NaN,NaN,NaN,NaN
1112,229,3336.000,35.945,-15.508,0.091,-0.080,NaN,NaN,336,0,-1.883,-0.942,NaN,NaN,NaN,NaN,NaN,NaN,NaN,NaN,NaN,NaN,NaN
1113,0,3337.000,37.229,-15.970,0.040,-0.068,NaN,NaN,337,0,-2.368,-1.184,NaN,NaN,NaN,NaN,NaN,NaN,NaN,NaN,NaN,NaN,NaN
1114,229,3337.000,36.036,-15.588,0.091,-0.080,NaN,NaN,337,0,-1.655,-0.827,NaN,NaN,NaN,NaN,NaN,NaN,NaN,NaN,NaN,NaN,NaN
1115,0,3338.000,37.270,-16.038,0.040,-0.068,NaN,NaN,338,0,-2.188,-1.094,NaN,NaN,NaN,NaN,NaN,NaN,NaN,NaN,NaN,NaN,NaN
1116,229,3338.000,36.128,-15.667,0.092,-0.079,NaN,NaN,338,0,-1.257,-0.628,NaN,NaN,NaN,NaN,NaN,NaN,NaN,NaN,NaN,NaN,NaN
1117,0,3339.000,37.310,-16.106,0.040,-0.069,NaN,NaN,339,0,-1.913,-0.957,NaN,NaN,NaN,NaN,NaN,NaN,NaN,NaN,NaN,NaN,NaN
1118,229,3339.000,36.219,-15.745,0.091,-0.079,NaN,NaN,339,0,-0.946,-0.473,NaN,NaN,NaN,NaN,NaN,NaN,NaN,NaN,NaN,NaN,NaN
1119,0,3340.000,37.349,-16.173,0.040,-0.067,NaN,NaN,340,0,-1.511,-0.755,NaN,NaN,NaN,NaN,NaN,NaN,NaN,NaN,NaN,NaN,NaN
1120,229,3340.000,36.310,-15.823,0.091,-0.078,NaN,NaN,340,0,-0.407,-0.204,NaN,NaN,NaN,NaN,NaN,NaN,NaN,NaN,NaN,NaN,NaN
1121,0,3341.000,37.389,-16.240,0.039,-0.066,NaN,NaN,341,0,-1.057,-0.529,NaN,NaN,NaN,NaN,NaN,NaN,NaN,NaN,NaN,NaN,NaN
1122,229,3341.000,36.402,-15.901,0.092,-0.078,NaN,NaN,341,0,-0.074,-0.037,NaN,NaN,NaN,NaN,NaN,NaN,NaN,NaN,NaN,NaN,NaN
1123,0,3342.000,37.429,-16.306,0.040,-0.066,NaN,NaN,342,0,-0.714,-0.357,NaN,NaN,NaN,NaN,NaN,NaN,NaN,NaN,NaN,NaN,NaN
1124,229,3342.000,36.493,-15.979,0.092,-0.078,NaN,NaN,342,0,-0.070,-0.035,NaN,NaN,NaN,NaN,NaN,NaN,NaN,NaN,NaN,NaN,NaN
1125,0,3343.000,37.469,-16.370,0.040,-0.064,NaN,NaN,343,0,-0.076,-0.038,NaN,NaN,NaN,NaN,NaN,NaN,NaN,NaN,NaN,NaN,NaN
1126,229,3343.000,36.585,-16.058,0.092,-0.079,NaN,NaN,343,0,-0.074,-0.037,NaN,NaN,NaN,NaN,NaN,NaN,NaN,NaN,NaN,NaN,NaN
1127,0,3344.000,37.509,-16.434,0.040,-0.064,NaN,NaN,344,0,-0.080,-0.040,NaN,NaN,NaN,NaN,NaN,NaN,NaN,NaN,NaN,NaN,NaN
1128,229,3344.000,36.677,-16.137,0.091,-0.078,NaN,NaN,344,0,-0.074,-0.037,NaN,NaN,NaN,NaN,NaN,NaN,NaN,NaN,NaN,NaN,NaN
1129,0,3345.000,37.548,-16.498,0.040,-0.064,NaN,NaN,345,0,-0.077,-0.038,NaN,NaN,NaN,NaN,NaN,NaN,NaN,NaN,NaN,NaN,NaN
1130,229,3345.000,36.767,-16.215,0.089,-0.078,NaN,NaN,345,0,-0.000,-0.000,NaN,NaN,NaN,NaN,NaN,NaN,NaN,NaN,NaN,NaN,NaN
1131,0,3346.000,37.589,-16.562,0.040,-0.064,NaN,NaN,346,0,-0.077,-0.038,NaN,NaN,NaN,NaN,NaN,NaN,NaN,NaN,NaN,NaN,NaN
1132,229,3346.000,36.857,-16.294,0.090,-0.079,NaN,NaN,346,0,-0.000,-0.000,NaN,NaN,NaN,NaN,NaN,NaN,NaN,NaN,NaN,NaN,NaN
1133,0,3347.000,37.628,-16.626,0.040,-0.064,NaN,NaN,347,0,-0.000,-0.000,NaN,NaN,NaN,NaN,NaN,NaN,NaN,NaN,NaN,NaN,NaN
1134,229,3347.000,36.946,-16.373,0.088,-0.079,NaN,NaN,347,0,-0.000,-0.000,NaN,NaN,NaN,NaN,NaN,NaN,NaN,NaN,NaN,NaN,NaN
1135,0,3348.000,37.666,-16.689,0.038,-0.063,NaN,NaN,348,0,-0.000,-0.000,NaN,NaN,NaN,NaN,NaN,NaN,NaN,NaN,NaN,NaN,NaN
1136,229,3348.000,37.035,-16.451,0.090,-0.078,NaN,NaN,348,0,-0.076,-0.038,NaN,NaN,NaN,NaN,NaN,NaN,NaN,NaN,NaN,NaN,NaN
1137,0,3349.000,37.704,-16.752,0.038,-0.064,NaN,NaN,349,0,-0.000,-0.000,NaN,NaN,NaN,NaN,NaN,NaN,NaN,NaN,NaN,NaN,NaN
1138,229,3349.000,37.125,-16.530,0.090,-0.078,NaN,NaN,349,0,-0.149,-0.074,NaN,NaN,NaN,NaN,NaN,NaN,NaN,NaN,NaN,NaN,NaN
1139,0,3350.000,37.743,-16.816,0.039,-0.064,NaN,NaN,350,0,-0.160,-0.080,NaN,NaN,NaN,NaN,NaN,NaN,NaN,NaN,NaN,NaN,NaN
1140,229,3350.000,37.215,-16.608,0.089,-0.078,NaN,NaN,350,0,-0.232,-0.116,NaN,NaN,NaN,NaN,NaN,NaN,NaN,NaN,NaN,NaN,NaN
1141,0,3351.000,37.782,-16.879,0.039,-0.063,NaN,NaN,351,0,-0.361,-0.180,NaN,NaN,NaN,NaN,NaN,NaN,NaN,NaN,NaN,NaN,NaN
1142,229,3351.000,37.305,-16.687,0.090,-0.079,NaN,NaN,351,0,-0.482,-0.241,NaN,NaN,NaN,NaN,NaN,NaN,NaN,NaN,NaN,NaN,NaN
1143,0,3352.000,37.820,-16.943,0.038,-0.064,NaN,NaN,352,0,-0.515,-0.258,NaN,NaN,NaN,NaN,NaN,NaN,NaN,NaN,NaN,NaN,NaN
1144,229,3352.000,37.395,-16.765,0.089,-0.079,NaN,NaN,352,0,-0.870,-0.435,NaN,NaN,NaN,NaN,NaN,NaN,NaN,NaN,NaN,NaN,NaN
1145,0,3353.000,37.859,-17.008,0.039,-0.065,NaN,NaN,353,0,-1.071,-0.536,NaN,NaN,NaN,NaN,NaN,NaN,NaN,NaN,NaN,NaN,NaN
1146,229,3353.000,37.484,-16.844,0.089,-0.079,NaN,NaN,353,0,-1.103,-0.552,NaN,NaN,NaN,NaN,NaN,NaN,NaN,NaN,NaN,NaN,NaN
1147,0,3354.000,37.897,-17.074,0.038,-0.066,NaN,NaN,354,0,-1.386,-0.693,NaN,NaN,NaN,NaN,NaN,NaN,NaN,NaN,NaN,NaN,NaN
1148,229,3354.000,37.573,-16.922,0.089,-0.078,NaN,NaN,354,0,-1.370,-0.685,NaN,NaN,NaN,NaN,NaN,NaN,NaN,NaN,NaN,NaN,NaN
1149,0,3355.000,37.934,-17.142,0.038,-0.068,NaN,NaN,355,0,-1.538,-0.769,NaN,NaN,NaN,NaN,NaN,NaN,NaN,NaN,NaN,NaN,NaN
1150,229,3355.000,37.661,-17.001,0.088,-0.079,NaN,NaN,355,0,-1.538,-0.769,NaN,NaN,NaN,NaN,NaN,NaN,NaN,NaN,NaN,NaN,NaN
1151,0,3356.000,37.971,-17.209,0.038,-0.067,NaN,NaN,356,0,-1.713,-0.856,NaN,NaN,NaN,NaN,NaN,NaN,NaN,NaN,NaN,NaN,NaN
1152,229,3356.000,37.750,-17.079,0.088,-0.078,NaN,NaN,356,0,-1.630,-0.815,NaN,NaN,NaN,NaN,NaN,NaN,NaN,NaN,NaN,NaN,NaN
1153,0,3357.000,38.009,-17.277,0.038,-0.068,NaN,NaN,357,0,-1.783,-0.892,NaN,NaN,NaN,NaN,NaN,NaN,NaN,NaN,NaN,NaN,NaN
1154,229,3357.000,37.837,-17.155,0.087,-0.076,NaN,NaN,357,0,-1.736,-0.868,NaN,NaN,NaN,NaN,NaN,NaN,NaN,NaN,NaN,NaN,NaN
1155,0,3358.000,38.046,-17.345,0.037,-0.068,NaN,NaN,358,0,-1.887,-0.943,NaN,NaN,NaN,NaN,NaN,NaN,NaN,NaN,NaN,NaN,NaN
1156,229,3358.000,37.924,-17.231,0.087,-0.076,NaN,NaN,358,0,-1.836,-0.918,NaN,NaN,NaN,NaN,NaN,NaN,NaN,NaN,NaN,NaN,NaN
1157,0,3359.000,38.083,-17.411,0.037,-0.066,NaN,NaN,359,0,-1.887,-0.943,NaN,NaN,NaN,NaN,NaN,NaN,NaN,NaN,NaN,NaN,NaN
1158,229,3359.000,38.010,-17.307,0.087,-0.076,NaN,NaN,359,0,-1.887,-0.943,NaN,NaN,NaN,NaN,NaN,NaN,NaN,NaN,NaN,NaN,NaN
1159,0,3360.000,38.120,-17.475,0.038,-0.065,NaN,NaN,360,0,-1.843,-0.922,NaN,NaN,NaN,NaN,NaN,NaN,NaN,NaN,NaN,NaN,NaN
1160,229,3360.000,38.097,-17.384,0.086,-0.077,NaN,NaN,360,0,-1.887,-0.943,NaN,NaN,NaN,NaN,NaN,NaN,NaN,NaN,NaN,NaN,NaN
1161,0,3361.000,38.156,-17.537,0.036,-0.062,NaN,NaN,361,0,-1.768,-0.884,NaN,NaN,NaN,NaN,NaN,NaN,NaN,NaN,NaN,NaN,NaN
1162,229,3361.000,38.183,-17.461,0.086,-0.077,NaN,NaN,361,0,-1.835,-0.918,NaN,NaN,NaN,NaN,NaN,NaN,NaN,NaN,NaN,NaN,NaN
1163,0,3362.000,38.192,-17.599,0.035,-0.062,NaN,NaN,362,0,-1.722,-0.861,NaN,NaN,NaN,NaN,NaN,NaN,NaN,NaN,NaN,NaN,NaN
1164,229,3362.000,38.269,-17.538,0.086,-0.077,NaN,NaN,362,0,-1.843,-0.922,NaN,NaN,NaN,NaN,NaN,NaN,NaN,NaN,NaN,NaN,NaN
1165,0,3363.000,38.227,-17.658,0.035,-0.059,NaN,NaN,363,0,-1.464,-0.732,NaN,NaN,NaN,NaN,NaN,NaN,NaN,NaN,NaN,NaN,NaN
1166,229,3363.000,38.355,-17.615,0.086,-0.077,NaN,NaN,363,0,-1.836,-0.918,NaN,NaN,NaN,NaN,NaN,NaN,NaN,NaN,NaN,NaN,NaN
1167,0,3364.000,38.263,-17.719,0.036,-0.060,NaN,NaN,364,0,-1.220,-0.610,NaN,NaN,NaN,NaN,NaN,NaN,NaN,NaN,NaN,NaN,NaN
1168,229,3364.000,38.440,-17.691,0.085,-0.076,NaN,NaN,364,0,-1.736,-0.868,NaN,NaN,NaN,NaN,NaN,NaN,NaN,NaN,NaN,NaN,NaN
1169,0,3365.000,38.300,-17.779,0.037,-0.060,NaN,NaN,365,0,-1.040,-0.520,NaN,NaN,NaN,NaN,NaN,NaN,NaN,NaN,NaN,NaN,NaN
1170,229,3365.000,38.523,-17.768,0.083,-0.077,NaN,NaN,365,0,-1.533,-0.767,NaN,NaN,NaN,NaN,NaN,NaN,NaN,NaN,NaN,NaN,NaN
1171,0,3366.000,38.338,-17.839,0.038,-0.061,NaN,NaN,366,0,-0.790,-0.395,NaN,NaN,NaN,NaN,NaN,NaN,NaN,NaN,NaN,NaN,NaN
1172,229,3366.000,38.606,-17.845,0.083,-0.078,NaN,NaN,366,0,-1.394,-0.697,NaN,NaN,NaN,NaN,NaN,NaN,NaN,NaN,NaN,NaN,NaN
1173,0,3367.000,38.374,-17.901,0.037,-0.061,NaN,NaN,367,0,-0.620,-0.310,NaN,NaN,NaN,NaN,NaN,NaN,NaN,NaN,NaN,NaN,NaN
1174,229,3367.000,38.691,-17.922,0.084,-0.077,NaN,NaN,367,0,-1.235,-0.617,NaN,NaN,NaN,NaN,NaN,NaN,NaN,NaN,NaN,NaN,NaN
1175,0,3368.000,38.413,-17.961,0.038,-0.061,NaN,NaN,368,0,-0.315,-0.157,NaN,NaN,NaN,NaN,NaN,NaN,NaN,NaN,NaN,NaN,NaN
1176,229,3368.000,38.775,-18.000,0.084,-0.078,NaN,NaN,368,0,-0.936,-0.468,NaN,NaN,NaN,NaN,NaN,NaN,NaN,NaN,NaN,NaN,NaN
1177,0,3369.000,38.452,-18.022,0.038,-0.061,NaN,NaN,369,0,-0.129,-0.064,NaN,NaN,NaN,NaN,NaN,NaN,NaN,NaN,NaN,NaN,NaN
1178,229,3369.000,38.860,-18.077,0.085,-0.077,NaN,NaN,369,0,-0.790,-0.395,NaN,NaN,NaN,NaN,NaN,NaN,NaN,NaN,NaN,NaN,NaN
1179,0,3370.000,38.491,-18.082,0.039,-0.061,NaN,NaN,370,0,-0.136,-0.068,NaN,NaN,NaN,NaN,NaN,NaN,NaN,NaN,NaN,NaN,NaN
1180,229,3370.000,38.945,-18.153,0.085,-0.076,NaN,NaN,370,0,-0.631,-0.315,NaN,NaN,NaN,NaN,NaN,NaN,NaN,NaN,NaN,NaN,NaN
1181,0,3371.000,38.528,-18.144,0.037,-0.061,NaN,NaN,371,0,-0.136,-0.068,NaN,NaN,NaN,NaN,NaN,NaN,NaN,NaN,NaN,NaN,NaN
1182,229,3371.000,39.031,-18.229,0.085,-0.076,NaN,NaN,371,0,-0.464,-0.232,NaN,NaN,NaN,NaN,NaN,NaN,NaN,NaN,NaN,NaN,NaN
1183,0,3372.000,38.566,-18.205,0.038,-0.061,NaN,NaN,372,0,-0.136,-0.068,NaN,NaN,NaN,NaN,NaN,NaN,NaN,NaN,NaN,NaN,NaN
1184,229,3372.000,39.115,-18.308,0.085,-0.078,NaN,NaN,372,0,-0.139,-0.069,NaN,NaN,NaN,NaN,NaN,NaN,NaN,NaN,NaN,NaN,NaN
1185,0,3373.000,38.604,-18.267,0.038,-0.061,NaN,NaN,373,0,-0.136,-0.068,NaN,NaN,NaN,NaN,NaN,NaN,NaN,NaN,NaN,NaN,NaN
1186,229,3373.000,39.201,-18.384,0.084,-0.076,NaN,NaN,373,0,-0.139,-0.069,NaN,NaN,NaN,NaN,NaN,NaN,NaN,NaN,NaN,NaN,NaN
1187,0,3374.000,38.643,-18.329,0.038,-0.062,NaN,NaN,374,0,-0.136,-0.068,NaN,NaN,NaN,NaN,NaN,NaN,NaN,NaN,NaN,NaN,NaN
1188,229,3374.000,39.285,-18.460,0.085,-0.076,NaN,NaN,374,0,-0.139,-0.069,NaN,NaN,NaN,NaN,NaN,NaN,NaN,NaN,NaN,NaN,NaN
1189,0,3375.000,38.680,-18.392,0.037,-0.062,NaN,NaN,375,0,-0.136,-0.068,NaN,NaN,NaN,NaN,NaN,NaN,NaN,NaN,NaN,NaN,NaN
1190,229,3375.000,39.370,-18.536,0.084,-0.076,NaN,NaN,375,0,-0.147,-0.074,NaN,NaN,NaN,NaN,NaN,NaN,NaN,NaN,NaN,NaN,NaN
1191,0,3376.000,38.717,-18.455,0.037,-0.063,NaN,NaN,376,0,-0.110,-0.055,NaN,NaN,NaN,NaN,NaN,NaN,NaN,NaN,NaN,NaN,NaN
1192,229,3376.000,39.454,-18.613,0.084,-0.077,NaN,NaN,376,0,-0.139,-0.069,NaN,NaN,NaN,NaN,NaN,NaN,NaN,NaN,NaN,NaN,NaN
1193,0,3377.000,38.754,-18.519,0.037,-0.064,NaN,NaN,377,0,-0.083,-0.041,NaN,NaN,NaN,NaN,NaN,NaN,NaN,NaN,NaN,NaN,NaN
1194,229,3377.000,39.538,-18.690,0.085,-0.077,NaN,NaN,377,0,-0.139,-0.069,NaN,NaN,NaN,NaN,NaN,NaN,NaN,NaN,NaN,NaN,NaN
1195,0,3378.000,38.792,-18.583,0.038,-0.064,NaN,NaN,378,0,-0.028,-0.014,NaN,NaN,NaN,NaN,NaN,NaN,NaN,NaN,NaN,NaN,NaN
1196,229,3378.000,39.621,-18.767,0.084,-0.078,NaN,NaN,378,0,-0.139,-0.069,NaN,NaN,NaN,NaN,NaN,NaN,NaN,NaN,NaN,NaN,NaN
1197,0,3379.000,38.831,-18.648,0.039,-0.065,NaN,NaN,379,0,-0.000,-0.000,NaN,NaN,NaN,NaN,NaN,NaN,NaN,NaN,NaN,NaN,NaN
1198,229,3379.000,39.704,-18.844,0.083,-0.077,NaN,NaN,379,0,-0.147,-0.074,NaN,NaN,NaN,NaN,NaN,NaN,NaN,NaN,NaN,NaN,NaN
1199,0,3380.000,38.870,-18.713,0.039,-0.065,NaN,NaN,380,0,-0.000,-0.000,NaN,NaN,NaN,NaN,NaN,NaN,NaN,NaN,NaN,NaN,NaN
1200,229,3380.000,39.787,-18.921,0.083,-0.077,NaN,NaN,380,0,-0.150,-0.075,NaN,NaN,NaN,NaN,NaN,NaN,NaN,NaN,NaN,NaN,NaN
1201,0,3381.000,38.910,-18.778,0.040,-0.065,NaN,NaN,381,0,-0.000,-0.000,NaN,NaN,NaN,NaN,NaN,NaN,NaN,NaN,NaN,NaN,NaN
1202,229,3381.000,39.869,-18.998,0.082,-0.077,NaN,NaN,381,0,-0.114,-0.057,NaN,NaN,NaN,NaN,NaN,NaN,NaN,NaN,NaN,NaN,NaN
1203,0,3382.000,38.950,-18.843,0.040,-0.065,NaN,NaN,382,0,-0.055,-0.028,NaN,NaN,NaN,NaN,NaN,NaN,NaN,NaN,NaN,NaN,NaN
1204,229,3382.000,39.951,-19.075,0.081,-0.077,NaN,NaN,382,0,-0.086,-0.043,NaN,NaN,NaN,NaN,NaN,NaN,NaN,NaN,NaN,NaN,NaN
1205,0,3383.000,38.989,-18.908,0.039,-0.065,NaN,NaN,383,0,-0.055,-0.028,NaN,NaN,NaN,NaN,NaN,NaN,NaN,NaN,NaN,NaN,NaN
1206,229,3383.000,40.032,-19.151,0.082,-0.076,NaN,NaN,383,0,-0.031,-0.015,NaN,NaN,NaN,NaN,NaN,NaN,NaN,NaN,NaN,NaN,NaN
1207,0,3384.000,39.028,-18.973,0.039,-0.065,NaN,NaN,384,0,-0.055,-0.028,NaN,NaN,NaN,NaN,NaN,NaN,NaN,NaN,NaN,NaN,NaN
1208,229,3384.000,40.113,-19.227,0.081,-0.076,NaN,NaN,384,0,-0.000,-0.000,NaN,NaN,NaN,NaN,NaN,NaN,NaN,NaN,NaN,NaN,NaN
1209,0,3385.000,39.067,-19.039,0.039,-0.066,NaN,NaN,385,0,-0.056,-0.028,NaN,NaN,NaN,NaN,NaN,NaN,NaN,NaN,NaN,NaN,NaN
1210,229,3385.000,40.193,-19.304,0.080,-0.078,NaN,NaN,385,0,-0.000,-0.000,NaN,NaN,NaN,NaN,NaN,NaN,NaN,NaN,NaN,NaN,NaN
1211,0,3386.000,39.107,-19.105,0.040,-0.065,NaN,NaN,386,0,-0.060,-0.030,NaN,NaN,NaN,NaN,NaN,NaN,NaN,NaN,NaN,NaN,NaN
1212,229,3386.000,40.273,-19.379,0.081,-0.075,NaN,NaN,386,0,-0.000,-0.000,NaN,NaN,NaN,NaN,NaN,NaN,NaN,NaN,NaN,NaN,NaN
1213,0,3387.000,39.150,-19.169,0.043,-0.065,NaN,NaN,387,0,-0.244,-0.122,NaN,NaN,NaN,NaN,NaN,NaN,NaN,NaN,NaN,NaN,NaN
1214,229,3387.000,40.354,-19.455,0.081,-0.075,NaN,NaN,387,0,-0.000,-0.000,NaN,NaN,NaN,NaN,NaN,NaN,NaN,NaN,NaN,NaN,NaN
1215,0,3388.000,39.195,-19.233,0.044,-0.064,NaN,NaN,388,0,-0.275,-0.137,NaN,NaN,NaN,NaN,NaN,NaN,NaN,NaN,NaN,NaN,NaN
1216,229,3388.000,40.435,-19.530,0.081,-0.075,NaN,NaN,388,0,-0.000,-0.000,NaN,NaN,NaN,NaN,NaN,NaN,NaN,NaN,NaN,NaN,NaN
1217,0,3389.000,39.237,-19.298,0.042,-0.065,NaN,NaN,389,0,-0.293,-0.147,NaN,NaN,NaN,NaN,NaN,NaN,NaN,NaN,NaN,NaN,NaN
1218,229,3389.000,40.518,-19.605,0.082,-0.075,NaN,NaN,389,0,-0.062,-0.031,NaN,NaN,NaN,NaN,NaN,NaN,NaN,NaN,NaN,NaN,NaN
1219,0,3390.000,39.280,-19.361,0.043,-0.063,NaN,NaN,390,0,-0.314,-0.157,NaN,NaN,NaN,NaN,NaN,NaN,NaN,NaN,NaN,NaN,NaN
1220,229,3390.000,40.598,-19.680,0.080,-0.075,NaN,NaN,390,0,-0.062,-0.031,NaN,NaN,NaN,NaN,NaN,NaN,NaN,NaN,NaN,NaN,NaN
1221,0,3391.000,39.322,-19.425,0.042,-0.064,NaN,NaN,391,0,-0.367,-0.183,NaN,NaN,NaN,NaN,NaN,NaN,NaN,NaN,NaN,NaN,NaN
1222,229,3391.000,40.679,-19.757,0.081,-0.077,NaN,NaN,391,0,-0.059,-0.029,NaN,NaN,NaN,NaN,NaN,NaN,NaN,NaN,NaN,NaN,NaN
1223,0,3392.000,39.365,-19.490,0.043,-0.065,NaN,NaN,392,0,-0.400,-0.200,NaN,NaN,NaN,NaN,NaN,NaN,NaN,NaN,NaN,NaN,NaN
1224,229,3392.000,40.759,-19.834,0.081,-0.077,NaN,NaN,392,0,-0.059,-0.029,NaN,NaN,NaN,NaN,NaN,NaN,NaN,NaN,NaN,NaN,NaN
1225,0,3393.000,39.407,-19.555,0.042,-0.066,NaN,NaN,393,0,-0.390,-0.195,NaN,NaN,NaN,NaN,NaN,NaN,NaN,NaN,NaN,NaN,NaN
1226,229,3393.000,40.840,-19.912,0.080,-0.078,NaN,NaN,393,0,-0.062,-0.031,NaN,NaN,NaN,NaN,NaN,NaN,NaN,NaN,NaN,NaN,NaN
1227,0,3394.000,39.450,-19.621,0.042,-0.066,NaN,NaN,394,0,-0.440,-0.220,NaN,NaN,NaN,NaN,NaN,NaN,NaN,NaN,NaN,NaN,NaN
1228,229,3394.000,40.920,-19.990,0.079,-0.078,NaN,NaN,394,0,-0.062,-0.031,NaN,NaN,NaN,NaN,NaN,NaN,NaN,NaN,NaN,NaN,NaN
1229,0,3395.000,39.491,-19.688,0.041,-0.067,NaN,NaN,395,0,-0.594,-0.297,NaN,NaN,NaN,NaN,NaN,NaN,NaN,NaN,NaN,NaN,NaN
1230,229,3395.000,40.999,-20.067,0.080,-0.077,NaN,NaN,395,0,-0.062,-0.031,NaN,NaN,NaN,NaN,NaN,NaN,NaN,NaN,NaN,NaN,NaN
1231,0,3396.000,39.534,-19.755,0.042,-0.067,NaN,NaN,396,0,-0.718,-0.359,NaN,NaN,NaN,NaN,NaN,NaN,NaN,NaN,NaN,NaN,NaN
1232,229,3396.000,41.080,-20.144,0.080,-0.077,NaN,NaN,396,0,-0.268,-0.134,NaN,NaN,NaN,NaN,NaN,NaN,NaN,NaN,NaN,NaN,NaN
1233,0,3397.000,39.575,-19.823,0.042,-0.067,NaN,NaN,397,0,-1.229,-0.614,NaN,NaN,NaN,NaN,NaN,NaN,NaN,NaN,NaN,NaN,NaN
1234,229,3397.000,41.160,-20.223,0.080,-0.079,NaN,NaN,397,0,-0.303,-0.152,NaN,NaN,NaN,NaN,NaN,NaN,NaN,NaN,NaN,NaN,NaN
1235,0,3398.000,39.616,-19.890,0.042,-0.067,NaN,NaN,398,0,-1.860,-0.930,NaN,NaN,NaN,NaN,NaN,NaN,NaN,NaN,NaN,NaN,NaN
1236,229,3398.000,41.239,-20.300,0.080,-0.078,NaN,NaN,398,0,-0.331,-0.165,NaN,NaN,NaN,NaN,NaN,NaN,NaN,NaN,NaN,NaN,NaN
1237,0,3399.000,39.658,-19.958,0.042,-0.068,NaN,NaN,399,0,-2.654,-1.327,NaN,NaN,NaN,NaN,NaN,NaN,NaN,NaN,NaN,NaN,NaN
1238,229,3399.000,41.318,-20.377,0.079,-0.078,NaN,NaN,399,0,-0.356,-0.178,NaN,NaN,NaN,NaN,NaN,NaN,NaN,NaN,NaN,NaN,NaN
1239,0,3400.000,39.700,-20.026,0.042,-0.067,NaN,NaN,400,0,-2.654,-1.327,NaN,NaN,NaN,NaN,NaN,NaN,NaN,NaN,NaN,NaN,NaN
1240,229,3400.000,41.397,-20.457,0.080,-0.079,NaN,NaN,400,0,-0.386,-0.193,NaN,NaN,NaN,NaN,NaN,NaN,NaN,NaN,NaN,NaN,NaN
1241,229,3401.000,41.475,-20.535,0.078,-0.079,NaN,NaN,401,0,-0.463,-0.232,NaN,NaN,NaN,NaN,NaN,NaN,NaN,NaN,NaN,NaN,NaN
1242,229,3402.000,41.553,-20.615,0.077,-0.080,NaN,NaN,402,0,-0.411,-0.205,NaN,NaN,NaN,NaN,NaN,NaN,NaN,NaN,NaN,NaN,NaN
1243,229,3403.000,41.631,-20.694,0.078,-0.079,NaN,NaN,403,0,-0.463,-0.232,NaN,NaN,NaN,NaN,NaN,NaN,NaN,NaN,NaN,NaN,NaN
1244,229,3404.000,41.708,-20.774,0.078,-0.079,NaN,NaN,404,0,-0.623,-0.312,NaN,NaN,NaN,NaN,NaN,NaN,NaN,NaN,NaN,NaN,NaN
1245,229,3405.000,41.785,-20.853,0.077,-0.080,NaN,NaN,405,0,-0.753,-0.376,NaN,NaN,NaN,NaN,NaN,NaN,NaN,NaN,NaN,NaN,NaN
1246,229,3406.000,41.860,-20.932,0.075,-0.079,NaN,NaN,406,0,-0.949,-0.474,NaN,NaN,NaN,NaN,NaN,NaN,NaN,NaN,NaN,NaN,NaN
1247,229,3407.000,41.935,-21.010,0.075,-0.077,NaN,NaN,407,0,-1.910,-0.955,NaN,NaN,NaN,NaN,NaN,NaN,NaN,NaN,NaN,NaN,NaN
1248,229,3408.000,42.012,-21.086,0.076,-0.076,NaN,NaN,408,0,-2.654,-1.327,NaN,NaN,NaN,NaN,NaN,NaN,NaN,NaN,NaN,NaN,NaN
1249,229,3409.000,42.089,-21.163,0.077,-0.077,NaN,NaN,409,0,-2.654,-1.327,NaN,NaN,NaN,NaN,NaN,NaN,NaN,NaN,NaN,NaN,NaN
1250,229,3410.000,42.167,-21.240,0.078,-0.077,NaN,NaN,410,0,-2.654,-1.327,NaN,NaN,NaN,NaN,NaN,NaN,NaN,NaN,NaN,NaN,NaN
1251,229,3411.000,42.246,-21.315,0.080,-0.075,NaN,NaN,411,0,-2.654,-1.327,NaN,NaN,NaN,NaN,NaN,NaN,NaN,NaN,NaN,NaN,NaN
1252,229,3412.000,42.326,-21.390,0.081,-0.075,NaN,NaN,412,0,-2.654,-1.327,NaN,NaN,NaN,NaN,NaN,NaN,NaN,NaN,NaN,NaN,NaN
1253,229,3413.000,42.406,-21.464,0.081,-0.074,NaN,NaN,413,0,-2.654,-1.327,NaN,NaN,NaN,NaN,NaN,NaN,NaN,NaN,NaN,NaN,NaN
1254,229,3414.000,42.486,-21.537,0.081,-0.073,NaN,NaN,414,0,-2.654,-1.327,NaN,NaN,NaN,NaN,NaN,NaN,NaN,NaN,NaN,NaN,NaN
1255,229,3415.000,42.566,-21.610,0.080,-0.073,NaN,NaN,415,0,-2.654,-1.327,NaN,NaN,NaN,NaN,NaN,NaN,NaN,NaN,NaN,NaN,NaN
1256,229,3416.000,42.644,-21.684,0.078,-0.074,NaN,NaN,416,0,-2.654,-1.327,NaN,NaN,NaN,NaN,NaN,NaN,NaN,NaN,NaN,NaN,NaN
1257,229,3417.000,42.722,-21.757,0.078,-0.073,NaN,NaN,417,0,-2.654,-1.327,NaN,NaN,NaN,NaN,NaN,NaN,NaN,NaN,NaN,NaN,NaN
1258,229,3418.000,42.801,-21.832,0.079,-0.075,NaN,NaN,418,0,-2.654,-1.327,NaN,NaN,NaN,NaN,NaN,NaN,NaN,NaN,NaN,NaN,NaN
1259,229,3419.000,42.879,-21.907,0.077,-0.075,NaN,NaN,419,0,-2.654,-1.327,NaN,NaN,NaN,NaN,NaN,NaN,NaN,NaN,NaN,NaN,NaN
1260,229,3420.000,42.955,-21.983,0.076,-0.076,NaN,NaN,420,0,-2.654,-1.327,NaN,NaN,NaN,NaN,NaN,NaN,NaN,NaN,NaN,NaN,NaN
1261,229,3421.000,43.029,-22.057,0.075,-0.074,NaN,NaN,421,0,-2.654,-1.327,NaN,NaN,NaN,NaN,NaN,NaN,NaN,NaN,NaN,NaN,NaN
1262,229,3422.000,43.105,-22.132,0.077,-0.075,NaN,NaN,422,0,-2.654,-1.327,NaN,NaN,NaN,NaN,NaN,NaN,NaN,NaN,NaN,NaN,NaN
1263,229,3423.000,43.185,-22.207,0.079,-0.075,NaN,NaN,423,0,-2.654,-1.327,NaN,NaN,NaN,NaN,NaN,NaN,NaN,NaN,NaN,NaN,NaN
1264,229,3424.000,43.265,-22.283,0.080,-0.076,NaN,NaN,424,0,-2.654,-1.327,NaN,NaN,NaN,NaN,NaN,NaN,NaN,NaN,NaN,NaN,NaN
1265,229,3425.000,43.344,-22.361,0.079,-0.078,NaN,NaN,425,0,-2.654,-1.327,NaN,NaN,NaN,NaN,NaN,NaN,NaN,NaN,NaN,NaN,NaN
1266,229,3426.000,43.425,-22.439,0.080,-0.078,NaN,NaN,426,0,-2.654,-1.327,NaN,NaN,NaN,NaN,NaN,NaN,NaN,NaN,NaN,NaN,NaN
1267,229,3427.000,43.503,-22.517,0.078,-0.078,NaN,NaN,427,0,-2.654,-1.327,NaN,NaN,NaN,NaN,NaN,NaN,NaN,NaN,NaN,NaN,NaN
1268,229,3428.000,43.580,-22.596,0.077,-0.079,NaN,NaN,428,0,-2.654,-1.327,NaN,NaN,NaN,NaN,NaN,NaN,NaN,NaN,NaN,NaN,NaN
1269,229,3429.000,43.657,-22.676,0.077,-0.080,NaN,NaN,429,0,-2.654,-1.327,NaN,NaN,NaN,NaN,NaN,NaN,NaN,NaN,NaN,NaN,NaN
1270,229,3430.000,43.732,-22.755,0.075,-0.079,NaN,NaN,430,0,-2.654,-1.327,NaN,NaN,NaN,NaN,NaN,NaN,NaN,NaN,NaN,NaN,NaN
1271,229,3431.000,43.810,-22.834,0.077,-0.079,NaN,NaN,431,0,-2.654,-1.327,NaN,NaN,NaN,NaN,NaN,NaN,NaN,NaN,NaN,NaN,NaN
1272,229,3432.000,43.887,-22.911,0.077,-0.077,NaN,NaN,432,0,-2.654,-1.327,NaN,NaN,NaN,NaN,NaN,NaN,NaN,NaN,NaN,NaN,NaN
1273,229,3433.000,43.964,-22.989,0.077,-0.078,NaN,NaN,433,0,-2.654,-1.327,NaN,NaN,NaN,NaN,NaN,NaN,NaN,NaN,NaN,NaN,NaN
1274,229,3434.000,44.040,-23.066,0.076,-0.078,NaN,NaN,434,0,-2.654,-1.327,NaN,NaN,NaN,NaN,NaN,NaN,NaN,NaN,NaN,NaN,NaN
1275,229,3435.000,44.117,-23.144,0.076,-0.078,NaN,NaN,435,0,-2.654,-1.327,NaN,NaN,NaN,NaN,NaN,NaN,NaN,NaN,NaN,NaN,NaN
1276,229,3436.000,44.194,-23.220,0.078,-0.076,NaN,NaN,436,0,-2.654,-1.327,NaN,NaN,NaN,NaN,NaN,NaN,NaN,NaN,NaN,NaN,NaN
1277,229,3437.000,44.273,-23.295,0.079,-0.075,NaN,NaN,437,0,-2.654,-1.327,NaN,NaN,NaN,NaN,NaN,NaN,NaN,NaN,NaN,NaN,NaN
1278,229,3438.000,44.351,-23.370,0.079,-0.075,NaN,NaN,438,0,-2.654,-1.327,NaN,NaN,NaN,NaN,NaN,NaN,NaN,NaN,NaN,NaN,NaN
1279,229,3439.000,44.429,-23.445,0.078,-0.075,NaN,NaN,439,0,-2.654,-1.327,NaN,NaN,NaN,NaN,NaN,NaN,NaN,NaN,NaN,NaN,NaN
1280,229,3440.000,44.508,-23.519,0.078,-0.074,NaN,NaN,440,0,-2.654,-1.327,NaN,NaN,NaN,NaN,NaN,NaN,NaN,NaN,NaN,NaN,NaN
1281,229,3441.000,44.586,-23.593,0.079,-0.074,NaN,NaN,441,0,-2.654,-1.327,NaN,NaN,NaN,NaN,NaN,NaN,NaN,NaN,NaN,NaN,NaN
1282,229,3442.000,44.665,-23.667,0.079,-0.074,NaN,NaN,442,0,-2.654,-1.327,NaN,NaN,NaN,NaN,NaN,NaN,NaN,NaN,NaN,NaN,NaN
1283,229,3443.000,44.744,-23.740,0.079,-0.074,NaN,NaN,443,0,-2.654,-1.327,NaN,NaN,NaN,NaN,NaN,NaN,NaN,NaN,NaN,NaN,NaN
1284,229,3444.000,44.822,-23.816,0.078,-0.075,NaN,NaN,444,0,-2.654,-1.327,NaN,NaN,NaN,NaN,NaN,NaN,NaN,NaN,NaN,NaN,NaN
1285,229,3445.000,44.902,-23.889,0.079,-0.074,NaN,NaN,445,0,-2.654,-1.327,NaN,NaN,NaN,NaN,NaN,NaN,NaN,NaN,NaN,NaN,NaN
1286,229,3446.000,44.983,-23.963,0.081,-0.073,NaN,NaN,446,0,-2.654,-1.327,NaN,NaN,NaN,NaN,NaN,NaN,NaN,NaN,NaN,NaN,NaN
1287,229,3447.000,45.064,-24.037,0.081,-0.074,NaN,NaN,447,0,-2.654,-1.327,NaN,NaN,NaN,NaN,NaN,NaN,NaN,NaN,NaN,NaN,NaN
1288,229,3448.000,45.144,-24.109,0.081,-0.073,NaN,NaN,448,0,-2.654,-1.327,NaN,NaN,NaN,NaN,NaN,NaN,NaN,NaN,NaN,NaN,NaN
1289,229,3449.000,45.224,-24.184,0.080,-0.074,NaN,NaN,449,0,-2.654,-1.327,NaN,NaN,NaN,NaN,NaN,NaN,NaN,NaN,NaN,NaN,NaN
1290,229,3450.000,45.304,-24.257,0.079,-0.073,NaN,NaN,450,0,-2.654,-1.327,NaN,NaN,NaN,NaN,NaN,NaN,NaN,NaN,NaN,NaN,NaN
1291,229,3451.000,45.383,-24.329,0.079,-0.072,NaN,NaN,451,0,-2.654,-1.327,NaN,NaN,NaN,NaN,NaN,NaN,NaN,NaN,NaN,NaN,NaN
1292,229,3452.000,45.463,-24.400,0.080,-0.071,NaN,NaN,452,0,-2.654,-1.327,NaN,NaN,NaN,NaN,NaN,NaN,NaN,NaN,NaN,NaN,NaN
1293,229,3453.000,45.542,-24.472,0.079,-0.072,NaN,NaN,453,0,-2.654,-1.327,NaN,NaN,NaN,NaN,NaN,NaN,NaN,NaN,NaN,NaN,NaN
1294,229,3454.000,45.621,-24.543,0.079,-0.072,NaN,NaN,454,0,-2.654,-1.327,NaN,NaN,NaN,NaN,NaN,NaN,NaN,NaN,NaN,NaN,NaN
1295,229,3455.000,45.701,-24.615,0.080,-0.072,NaN,NaN,455,0,-2.654,-1.327,NaN,NaN,NaN,NaN,NaN,NaN,NaN,NaN,NaN,NaN,NaN
1296,229,3456.000,45.781,-24.686,0.079,-0.072,NaN,NaN,456,0,-2.654,-1.327,NaN,NaN,NaN,NaN,NaN,NaN,NaN,NaN,NaN,NaN,NaN
1297,229,3457.000,45.859,-24.758,0.079,-0.072,NaN,NaN,457,0,-2.654,-1.327,NaN,NaN,NaN,NaN,NaN,NaN,NaN,NaN,NaN,NaN,NaN
1298,229,3458.000,45.939,-24.830,0.080,-0.073,NaN,NaN,458,0,-2.654,-1.327,NaN,NaN,NaN,NaN,NaN,NaN,NaN,NaN,NaN,NaN,NaN
1299,229,3459.000,46.018,-24.902,0.078,-0.072,NaN,NaN,459,0,-2.654,-1.327,NaN,NaN,NaN,NaN,NaN,NaN,NaN,NaN,NaN,NaN,NaN
1300,229,3460.000,46.097,-24.974,0.079,-0.072,NaN,NaN,460,0,-2.654,-1.327,NaN,NaN,NaN,NaN,NaN,NaN,NaN,NaN,NaN,NaN,NaN
1301,229,3461.000,46.175,-25.043,0.079,-0.070,NaN,NaN,461,0,-2.654,-1.327,NaN,NaN,NaN,NaN,NaN,NaN,NaN,NaN,NaN,NaN,NaN
1302,229,3462.000,46.255,-25.116,0.081,-0.073,NaN,NaN,462,0,-2.654,-1.327,NaN,NaN,NaN,NaN,NaN,NaN,NaN,NaN,NaN,NaN,NaN
1303,229,3463.000,46.335,-25.188,0.079,-0.072,NaN,NaN,463,0,-2.654,-1.327,NaN,NaN,NaN,NaN,NaN,NaN,NaN,NaN,NaN,NaN,NaN
1304,229,3464.000,46.416,-25.259,0.080,-0.072,NaN,NaN,464,0,-2.654,-1.327,NaN,NaN,NaN,NaN,NaN,NaN,NaN,NaN,NaN,NaN,NaN
1305,229,3465.000,46.497,-25.331,0.081,-0.071,NaN,NaN,465,0,-2.654,-1.327,NaN,NaN,NaN,NaN,NaN,NaN,NaN,NaN,NaN,NaN,NaN
1306,229,3466.000,46.578,-25.402,0.081,-0.072,NaN,NaN,466,0,-2.654,-1.327,NaN,NaN,NaN,NaN,NaN,NaN,NaN,NaN,NaN,NaN,NaN
1307,229,3467.000,46.658,-25.474,0.081,-0.072,NaN,NaN,467,0,-2.654,-1.327,NaN,NaN,NaN,NaN,NaN,NaN,NaN,NaN,NaN,NaN,NaN
1308,229,3468.000,46.738,-25.547,0.081,-0.073,NaN,NaN,468,0,-2.654,-1.327,NaN,NaN,NaN,NaN,NaN,NaN,NaN,NaN,NaN,NaN,NaN
1309,229,3469.000,46.819,-25.621,0.081,-0.074,NaN,NaN,469,0,-2.654,-1.327,NaN,NaN,NaN,NaN,NaN,NaN,NaN,NaN,NaN,NaN,NaN
1310,229,3470.000,46.902,-25.696,0.083,-0.075,NaN,NaN,470,0,-2.654,-1.327,NaN,NaN,NaN,NaN,NaN,NaN,NaN,NaN,NaN,NaN,NaN
1311,229,3471.000,46.986,-25.771,0.084,-0.075,NaN,NaN,471,0,-2.654,-1.327,NaN,NaN,NaN,NaN,NaN,NaN,NaN,NaN,NaN,NaN,NaN
1312,229,3472.000,47.070,-25.845,0.084,-0.074,NaN,NaN,472,0,-2.654,-1.327,NaN,NaN,NaN,NaN,NaN,NaN,NaN,NaN,NaN,NaN,NaN
1313,229,3473.000,47.152,-25.918,0.082,-0.073,NaN,NaN,473,0,-2.654,-1.327,NaN,NaN,NaN,NaN,NaN,NaN,NaN,NaN,NaN,NaN,NaN
1314,229,3474.000,47.235,-25.989,0.083,-0.072,NaN,NaN,474,0,-2.654,-1.327,NaN,NaN,NaN,NaN,NaN,NaN,NaN,NaN,NaN,NaN,NaN
1315,229,3475.000,47.318,-26.060,0.083,-0.071,NaN,NaN,475,0,-2.654,-1.327,NaN,NaN,NaN,NaN,NaN,NaN,NaN,NaN,NaN,NaN,NaN
1316,229,3476.000,47.401,-26.129,0.083,-0.069,NaN,NaN,476,0,-2.654,-1.327,NaN,NaN,NaN,NaN,NaN,NaN,NaN,NaN,NaN,NaN,NaN
1317,2032,3767.000,38.330,3.710,0.000,0.000,0.761,0.739,767,0,-0.408,-0.308,473.000,194.000,499.000,250.000,38.330,3.710,-1.250,0.930,0.640,1.880,-3.047
1318,2032,3768.000,38.314,3.818,0.001,0.030,0.741,NaN,768,0,2.522,-1.319,475.000,194.000,500.000,254.000,NaN,NaN,NaN,NaN,NaN,NaN,NaN
1319,2032,3769.000,37.986,3.784,-0.096,0.014,0.725,0.312,769,0,-0.757,-1.661,475.000,194.000,499.000,250.000,37.810,3.740,-1.190,1.790,0.660,1.840,3.085
1320,2032,3770.000,37.741,3.685,-0.150,-0.026,0.719,0.013,770,0,-0.921,-2.441,476.000,194.000,500.000,252.000,37.620,3.620,-1.190,1.820,0.660,1.980,3.159
1321,2032,3771.000,37.643,3.760,-0.131,0.012,0.752,NaN,771,0,2.680,-1.318,475.000,194.000,500.000,254.000,NaN,NaN,NaN,NaN,NaN,NaN,NaN
1322,2032,3772.000,37.174,3.643,-0.213,-0.007,0.758,0.013,772,0,-0.310,-2.383,474.000,193.000,501.000,256.000,37.110,3.500,-1.090,1.840,0.540,1.840,2.966
1323,2032,3773.000,36.820,3.575,-0.246,-0.017,0.756,0.067,773,0,-0.311,-2.258,476.000,193.000,500.000,257.000,36.790,3.500,-1.010,1.980,0.540,1.790,-2.891
1324,2032,3774.000,36.611,3.617,-0.242,-0.001,0.739,NaN,774,0,2.746,-1.318,477.000,193.000,500.000,258.000,NaN,NaN,NaN,NaN,NaN,NaN,NaN
1325,2032,3775.000,36.387,3.590,-0.239,-0.008,0.783,0.084,775,0,-0.045,-2.142,476.000,192.000,503.000,260.000,36.410,3.500,-1.090,1.820,0.560,1.750,-2.763
1326,2032,3776.000,36.121,3.542,-0.245,-0.018,0.703,0.449,776,0,-0.932,-1.163,477.000,193.000,502.000,248.000,36.090,3.450,-1.060,0.730,0.660,1.730,0.665
1327,2032,3777.000,35.883,3.524,-0.245,-0.017,0.728,NaN,777,0,2.590,-1.316,478.000,192.000,503.000,254.000,NaN,NaN,NaN,NaN,NaN,NaN,NaN
1328,2032,3778.000,35.626,3.460,-0.249,-0.029,0.791,0.862,778,0,-0.006,0.952,478.000,192.000,504.000,252.000,35.600,3.370,-1.020,1.880,0.680,1.830,3.122
1329,2032,3779.000,35.379,3.368,-0.249,-0.045,0.782,0.280,779,0,0.137,-1.478,479.000,192.000,505.000,256.000,35.380,3.240,-0.910,0.710,0.690,1.780,-0.025
1330,2032,3780.000,35.124,3.368,-0.249,-0.034,0.780,NaN,780,0,3.460,-1.321,479.000,192.000,506.000,259.000,NaN,NaN,NaN,NaN,NaN,NaN,NaN
1331,2032,3781.000,34.847,3.310,-0.256,-0.038,0.730,0.999,781,0,-0.299,2.704,481.000,192.000,507.000,259.000,34.830,3.230,-1.190,1.980,0.660,1.830,3.166
1332,2032,3782.000,34.555,3.221,-0.266,-0.049,0.757,0.325,782,0,-0.002,-1.409,482.000,191.000,509.000,263.000,34.520,3.090,-1.040,1.030,0.540,1.950,-2.902
1333,2032,3783.000,34.287,3.190,-0.267,-0.047,0.676,NaN,783,0,1.846,-1.324,483.000,191.000,511.000,263.000,NaN,NaN,NaN,NaN,NaN,NaN,NaN
1334,2032,3784.000,34.094,3.155,-0.254,-0.046,0.669,0.258,784,0,-0.783,-1.431,484.000,191.000,512.000,263.000,34.160,3.150,-1.060,0.840,0.600,1.930,0.264
1335,2032,3785.000,33.846,3.060,-0.252,-0.058,0.823,0.169,785,0,0.757,-1.664,485.000,191.000,514.000,265.000,33.850,2.940,-0.980,1.010,0.510,1.790,3.142
1336,2032,3786.000,33.596,3.035,-0.250,-0.051,0.714,NaN,786,0,2.280,-1.325,485.000,191.000,514.000,252.000,NaN,NaN,NaN,NaN,NaN,NaN,NaN
1337,2032,3787.000,33.382,2.956,-0.244,-0.057,0.690,0.957,787,0,-0.417,2.454,488.000,190.000,517.000,251.000,33.410,2.870,-1.050,1.960,0.560,1.760,-2.854
1338,2032,3788.000,33.101,2.864,-0.253,-0.068,0.823,0.976,788,0,1.009,2.454,490.000,190.000,519.000,267.000,33.050,2.790,-1.070,1.910,0.580,1.810,-2.888
1339,2032,3789.000,32.858,2.847,-0.249,-0.058,0.543,NaN,789,0,0.556,-1.326,490.000,190.000,518.000,251.000,NaN,NaN,NaN,NaN,NaN,NaN,NaN
1340,2032,3790.000,32.643,2.768,-0.243,-0.064,0.518,0.965,790,0,-1.517,2.454,493.000,190.000,523.000,258.000,32.690,2.690,-1.020,1.890,0.660,1.860,-2.979
1341,2032,3791.000,32.405,2.700,-0.243,-0.064,0.483,NaN,791,0,0.120,-1.327,496.000,191.000,525.000,252.000,NaN,NaN,NaN,NaN,NaN,NaN,NaN
1342,2032,3792.000,32.194,2.622,-0.239,-0.068,0.601,0.965,792,0,-0.749,2.487,497.000,190.000,527.000,253.000,32.210,2.580,-1.050,1.980,0.610,1.880,-2.839
1343,2032,3793.000,31.888,2.511,-0.253,-0.079,0.657,0.988,793,0,-0.411,2.487,501.000,189.000,529.000,258.000,31.790,2.430,-1.050,1.820,0.640,1.920,-2.911
1344,2032,3794.000,31.640,2.439,-0.252,-0.078,0.703,NaN,794,0,2.128,-1.327,503.000,190.000,534.000,257.000,NaN,NaN,NaN,NaN,NaN,NaN,NaN
1345,2032,3795.000,31.437,2.357,-0.240,-0.079,0.665,0.515,795,0,-0.132,-0.518,506.000,190.000,536.000,252.000,31.460,2.360,-1.200,1.920,0.540,1.860,-2.692
1346,2032,3796.000,31.161,2.291,-0.247,-0.077,0.744,0.889,796,0,0.652,2.161,509.000,190.000,539.000,257.000,31.120,2.310,-1.200,1.890,0.520,1.810,0.327
1347,2032,3797.000,30.915,2.195,-0.247,-0.083,0.700,NaN,797,0,2.128,-1.327,513.000,191.000,542.000,258.000,NaN,NaN,NaN,NaN,NaN,NaN,NaN
1348,2032,3798.000,30.548,2.100,-0.270,-0.088,0.793,0.013,798,0,1.237,-1.832,515.000,191.000,544.000,256.000,30.430,2.090,-1.350,0.830,0.580,1.840,-1.228
1349,2032,3799.000,30.323,1.992,-0.260,-0.092,0.784,0.031,799,0,1.158,-1.795,518.000,191.000,548.000,256.000,30.370,1.970,-1.160,1.720,0.510,1.770,0.513
1350,2032,3800.000,30.066,1.895,-0.259,-0.092,0.802,NaN,800,0,3.866,-1.326,522.000,191.000,553.000,255.000,NaN,NaN,NaN,NaN,NaN,NaN,NaN
1351,2032,3801.000,29.819,1.781,-0.262,-0.097,0.729,0.863,801,0,0.780,1.467,524.000,191.000,555.000,260.000,29.830,1.740,-1.150,1.900,0.590,1.830,-2.851
1352,2032,3802.000,29.561,1.678,-0.259,-0.098,0.752,0.981,802,0,0.957,5.979,528.000,192.000,559.000,256.000,29.580,1.660,-1.040,1.910,0.560,1.940,-2.787
1353,2032,3803.000,29.307,1.589,-0.258,-0.097,0.752,NaN,803,0,2.906,-1.307,532.000,192.000,566.000,256.000,NaN,NaN,NaN,NaN,NaN,NaN,NaN
1354,2032,3804.000,29.018,1.496,-0.265,-0.098,0.730,0.958,804,0,1.015,5.442,535.000,193.000,568.000,255.000,29.000,1.470,-1.070,1.860,0.610,1.800,-2.784
1355,2032,3805.000,28.701,1.357,-0.276,-0.110,0.752,0.861,805,0,1.189,1.578,539.000,193.000,573.000,258.000,28.640,1.300,-1.090,1.900,0.700,1.880,-2.852
1356,2032,3806.000,28.422,1.267,-0.275,-0.106,0.828,NaN,806,0,4.351,-1.265,543.000,195.000,578.000,257.000,NaN,NaN,NaN,NaN,NaN,NaN,NaN
1357,2032,3807.000,28.207,1.151,-0.263,-0.110,0.809,1.000,807,0,1.979,7.239,547.000,193.000,582.000,256.000,28.250,1.160,-1.080,1.860,0.610,1.790,-2.709
1358,2200,3807.000,33.020,2.400,0.000,0.000,0.735,0.905,807,0,0.219,2.454,507.000,192.000,532.000,251.000,33.020,2.400,-1.080,0.750,0.650,1.730,-0.010
1359,2032,3808.000,27.929,1.022,-0.265,-0.113,0.805,0.973,808,0,1.827,7.239,551.000,194.000,587.000,252.000,27.910,1.000,-1.140,1.970,0.590,1.810,-2.711
1360,2200,3808.000,32.858,2.335,-0.049,-0.019,0.659,0.358,808,0,-0.625,-1.067,506.000,192.000,532.000,252.000,32.750,2.260,-1.080,0.720,0.710,1.680,0.205
1361,2032,3809.000,27.661,0.928,-0.265,-0.108,0.801,NaN,809,0,3.612,-1.281,558.000,195.000,593.000,250.000,NaN,NaN,NaN,NaN,NaN,NaN,NaN
1362,2200,3809.000,32.831,2.376,-0.036,0.007,0.592,NaN,809,0,0.729,-1.327,512.000,193.000,537.000,249.000,NaN,NaN,NaN,NaN,NaN,NaN,NaN
1363,2032,3810.000,27.505,0.843,-0.242,-0.103,0.797,0.022,810,0,1.827,-1.617,561.000,195.000,596.000,249.000,27.610,0.890,-1.060,0.950,0.610,1.890,-2.721
1364,2200,3810.000,32.507,2.307,-0.132,-0.017,0.615,0.431,810,0,-0.706,-0.869,512.000,193.000,537.000,250.000,32.360,2.240,-1.070,0.810,0.650,1.700,-0.755
1365,2032,3811.000,27.222,0.714,-0.251,-0.109,0.680,0.734,811,0,0.869,0.760,567.000,195.000,601.000,250.000,27.160,0.690,-1.090,1.960,0.580,1.910,-2.823
1366,2200,3811.000,32.186,2.217,-0.188,-0.020,0.532,0.160,811,0,-1.219,-1.485,515.000,191.000,546.000,249.000,32.030,2.070,-1.110,1.710,0.580,1.660,-2.620
1367,2032,3812.000,26.974,0.608,-0.249,-0.108,0.638,NaN,812,0,1.183,-1.283,574.000,196.000,607.000,250.000,NaN,NaN,NaN,NaN,NaN,NaN,NaN
1368,2200,3812.000,32.011,2.171,-0.184,-0.031,0.641,NaN,812,0,1.183,-1.327,519.000,191.000,546.000,249.000,NaN,NaN,NaN,NaN,NaN,NaN,NaN
1369,2032,3813.000,26.747,0.510,-0.243,-0.104,0.707,1.000,813,0,1.256,6.369,576.000,194.000,612.000,251.000,26.780,0.540,-1.230,1.890,0.570,1.970,-2.708
1370,2200,3813.000,31.702,2.090,-0.209,-0.043,0.675,0.235,813,0,-0.351,-1.276,520.000,192.000,550.000,252.000,31.650,1.900,-1.110,1.990,0.540,1.840,-2.787
1371,2032,3814.000,26.476,0.382,-0.248,-0.110,0.695,0.290,814,0,1.231,-0.518,580.000,194.000,619.000,251.000,26.470,0.350,-1.120,1.880,0.590,1.760,-2.875
1372,2200,3814.000,31.411,1.995,-0.225,-0.059,0.603,0.439,814,0,-0.529,-0.731,524.000,192.000,554.000,254.000,31.320,1.860,-1.090,1.840,0.640,1.780,0.385
1373,2032,3815.000,26.228,0.275,-0.249,-0.109,0.448,NaN,815,0,-0.080,-1.306,588.000,196.000,626.000,274.000,NaN,NaN,NaN,NaN,NaN,NaN,NaN
1374,2200,3815.000,31.182,1.918,-0.224,-0.065,0.714,NaN,815,0,2.280,-1.324,527.000,192.000,554.000,269.000,NaN,NaN,NaN,NaN,NaN,NaN,NaN
1375,2032,3816.000,25.954,0.156,-0.253,-0.110,0.782,0.962,816,0,2.198,4.938,592.000,199.000,630.000,277.000,25.940,0.150,-1.240,1.960,0.610,1.880,-2.794
1376,2200,3816.000,31.019,1.828,-0.208,-0.070,0.734,0.110,816,0,0.553,-1.503,529.000,192.000,561.000,264.000,31.070,1.770,-1.210,1.700,0.590,1.750,0.548
1377,2032,3817.000,25.687,0.063,-0.256,-0.106,0.748,0.024,817,0,1.976,-1.531,599.000,197.000,638.000,277.000,25.670,0.110,-1.320,1.940,0.550,1.840,-2.505
1378,2200,3817.000,30.730,1.722,-0.226,-0.079,0.689,0.083,817,0,0.037,-1.593,533.000,193.000,561.000,256.000,30.620,1.620,-1.170,0.980,0.590,1.940,-2.809
1379,2032,3818.000,25.425,-0.064,-0.257,-0.111,0.733,NaN,818,0,2.756,-1.319,607.000,196.000,646.000,280.000,NaN,NaN,NaN,NaN,NaN,NaN,NaN
1380,2200,3818.000,30.505,1.641,-0.226,-0.080,0.731,NaN,818,0,2.364,-1.308,537.000,193.000,563.000,251.000,NaN,NaN,NaN,NaN,NaN,NaN,NaN
1381,2032,3819.000,25.254,-0.175,-0.239,-0.113,0.775,0.991,819,0,2.512,3.500,611.000,197.000,652.000,279.000,25.360,-0.170,-1.280,1.870,0.560,1.850,-2.716
1382,2200,3819.000,30.157,1.529,-0.250,-0.089,0.642,0.020,819,0,-0.104,-1.781,539.000,193.000,565.000,253.000,30.040,1.490,-1.160,0.770,0.570,1.800,0.317
1383,2032,3820.000,24.993,-0.341,-0.244,-0.128,0.784,0.998,820,0,2.512,3.500,619.000,196.000,662.000,286.000,24.960,-0.430,-1.210,1.890,0.560,1.840,-2.647
1384,2200,3820.000,29.878,1.416,-0.258,-0.096,0.740,0.993,820,0,0.877,5.979,544.000,194.000,568.000,256.000,29.810,1.370,-1.110,1.890,0.630,1.750,-2.735
1385,2032,3821.000,24.746,-0.495,-0.244,-0.135,0.719,NaN,821,0,2.608,-1.300,629.000,197.000,671.000,290.000,NaN,NaN,NaN,NaN,NaN,NaN,NaN
1386,2200,3821.000,29.619,1.318,-0.258,-0.096,0.726,NaN,821,0,2.364,-1.268,548.000,193.000,576.000,252.000,NaN,NaN,NaN,NaN,NaN,NaN,NaN
1387,2032,3822.000,24.508,-0.639,-0.244,-0.137,0.760,0.670,822,0,2.344,0.637,632.000,197.000,676.000,287.000,24.520,-0.640,-1.260,1.860,0.620,1.810,-2.660
1388,2200,3822.000,29.416,1.228,-0.246,-0.094,0.692,0.681,822,0,0.497,0.198,551.000,193.000,581.000,250.000,29.490,1.220,-1.150,0.900,0.590,1.860,-2.695
1389,2032,3823.000,24.245,-0.803,-0.250,-0.146,0.720,0.998,823,0,2.207,2.843,641.000,197.000,688.000,284.000,24.230,-0.850,-1.220,1.820,0.560,1.800,-2.581
1390,2200,3823.000,29.123,1.099,-0.256,-0.105,0.748,0.519,823,0,1.189,-0.272,555.000,192.000,583.000,250.000,29.080,1.030,-1.060,1.740,0.600,1.700,-2.648
1391,2032,3824.000,23.997,-0.960,-0.248,-0.149,0.770,NaN,824,0,3.422,-1.327,654.000,197.000,697.000,287.000,NaN,NaN,NaN,NaN,NaN,NaN,NaN
1392,2200,3824.000,28.872,1.029,-0.256,-0.096,0.713,NaN,824,0,2.046,-1.285,560.000,194.000,586.000,249.000,NaN,NaN,NaN,NaN,NaN,NaN,NaN
1393,2032,3825.000,23.866,-1.083,-0.223,-0.141,0.801,1.000,825,0,3.099,2.843,662.000,197.000,704.000,290.000,23.980,-1.040,-1.240,1.800,0.560,1.850,-2.573
1394,2200,3825.000,28.680,0.924,-0.244,-0.100,0.780,0.722,825,0,1.385,0.448,563.000,193.000,589.000,250.000,28.760,0.900,-1.050,1.710,0.510,1.810,-2.518
1395,2032,3826.000,23.585,-1.272,-0.237,-0.153,0.786,0.995,826,0,2.962,2.843,673.000,196.000,716.000,288.000,23.530,-1.360,-1.270,1.880,0.620,1.890,-2.551
1396,2200,3826.000,28.400,0.800,-0.251,-0.104,0.737,0.993,826,0,1.358,7.239,569.000,195.000,594.000,249.000,28.380,0.780,-1.120,1.790,0.540,1.770,-2.573
1397,2032,3827.000,23.349,-1.450,-0.237,-0.159,0.827,NaN,827,0,4.413,-1.326,685.000,192.000,728.000,287.000,NaN,NaN,NaN,NaN,NaN,NaN,NaN
1398,2200,3827.000,28.152,0.723,-0.250,-0.097,0.780,NaN,827,0,3.211,-1.289,574.000,195.000,599.000,249.000,NaN,NaN,NaN,NaN,NaN,NaN,NaN
1399,2032,3828.000,23.234,-1.553,-0.211,-0.145,0.818,0.996,828,0,3.717,2.467,691.000,195.000,734.000,288.000,23.320,-1.490,-1.280,1.840,0.520,1.800,-2.543
1400,2200,3828.000,27.962,0.644,-0.239,-0.093,0.721,0.286,828,0,1.142,-0.689,577.000,195.000,603.000,248.000,28.020,0.690,-1.150,1.910,0.620,1.790,-2.403
1401,2032,3829.000,23.005,-1.701,-0.212,-0.145,0.746,0.999,829,0,2.855,2.467,704.000,198.000,746.000,292.000,22.980,-1.720,-1.310,1.910,0.540,1.830,-2.483
1402,2200,3829.000,27.664,0.533,-0.247,-0.097,0.744,0.922,829,0,1.358,7.239,583.000,197.000,609.000,248.000,27.590,0.520,-1.220,1.880,0.540,1.880,-2.401
1403,2265,3829.000,35.500,3.200,0.000,0.000,0.428,0.150,829,0,-2.485,-1.936,484.000,185.000,511.000,247.000,35.500,3.200,-0.970,1.970,0.580,1.760,-2.962
1404,2032,3830.000,22.785,-1.897,-0.214,-0.157,0.777,NaN,830,0,3.620,-1.327,717.000,197.000,759.000,295.000,NaN,NaN,NaN,NaN,NaN,NaN,NaN
1405,2200,3830.000,27.419,0.426,-0.247,-0.099,0.565,NaN,830,0,0.573,-1.295,587.000,199.000,615.000,250.000,NaN,NaN,NaN,NaN,NaN,NaN,NaN
1406,2265,3830.000,35.483,3.236,0.003,0.002,0.431,NaN,830,0,-0.218,-1.326,486.000,184.000,513.000,247.000,NaN,NaN,NaN,NaN,NaN,NaN,NaN
1407,2032,3831.000,22.579,-2.049,-0.213,-0.158,0.826,0.993,831,0,3.816,2.467,730.000,198.000,776.000,295.000,22.570,-2.050,-1.290,1.950,0.560,1.820,-2.477
1408,2200,3831.000,27.191,0.333,-0.243,-0.098,0.714,0.994,831,0,1.256,6.369,592.000,199.000,622.000,275.000,27.200,0.340,-1.210,1.720,0.570,1.770,0.496
1409,2265,3831.000,35.309,3.193,-0.036,-0.015,0.717,0.002,831,0,-0.437,-2.258,488.000,184.000,516.000,246.000,35.220,3.180,-1.090,1.610,0.550,1.880,0.240
1410,2032,3832.000,22.353,-2.206,-0.218,-0.158,0.765,0.977,832,0,3.351,2.238,737.000,196.000,783.000,293.000,22.340,-2.220,-1.120,1.690,0.570,1.870,0.708
1411,2200,3832.000,26.889,0.203,-0.256,-0.109,0.706,0.983,832,0,1.256,6.369,596.000,195.000,625.000,278.000,26.790,0.150,-1.190,2.000,0.510,1.840,-2.698
1412,2265,3832.000,34.575,3.022,-0.288,-0.086,0.755,0.033,832,0,0.189,-2.153,488.000,187.000,514.000,246.000,34.360,3.050,-1.250,1.680,0.490,1.670,-2.677
1413,2032,3833.000,22.129,-2.421,-0.220,-0.173,0.735,NaN,833,0,2.746,-1.322,751.000,197.000,794.000,263.000,NaN,NaN,NaN,NaN,NaN,NaN,NaN
1414,2200,3833.000,26.638,0.073,-0.254,-0.116,0.684,NaN,833,0,2.039,-1.317,604.000,190.000,633.000,272.000,NaN,NaN,NaN,NaN,NaN,NaN,NaN
1415,2265,3833.000,34.313,3.016,-0.272,-0.046,0.730,NaN,833,0,2.590,-1.326,489.000,186.000,513.000,248.000,NaN,NaN,NaN,NaN,NaN,NaN,NaN
1416,2032,3834.000,21.846,-2.628,-0.233,-0.181,0.806,0.863,834,0,3.934,2.158,765.000,197.000,815.000,265.000,21.800,-2.680,-1.090,1.610,0.530,1.700,-2.370
1417,2200,3834.000,26.388,-0.067,-0.252,-0.124,0.641,NaN,834,0,1.407,-1.316,611.000,199.000,641.000,274.000,NaN,NaN,NaN,NaN,NaN,NaN,NaN
1418,2265,3834.000,33.998,2.937,-0.291,-0.056,0.691,0.498,834,0,-0.643,-0.888,494.000,186.000,519.000,247.000,34.140,2.890,-1.060,1.810,0.600,1.800,-2.724
1419,2032,3835.000,21.603,-2.821,-0.233,-0.185,0.757,0.029,835,0,3.233,-1.284,772.000,197.000,822.000,263.000,21.600,-2.840,-1.010,1.690,0.560,1.740,-2.387
1420,2200,3835.000,26.066,-0.197,-0.263,-0.127,0.645,0.496,835,0,0.809,-0.005,614.000,199.000,645.000,285.000,26.020,-0.200,-1.290,1.750,0.530,1.760,0.501
1421,2265,3835.000,33.701,2.872,-0.292,-0.059,0.658,0.075,835,0,-0.833,-1.947,495.000,186.000,519.000,247.000,33.760,2.810,-1.180,1.890,0.560,1.780,-2.672
1422,2032,3836.000,21.369,-3.036,-0.234,-0.192,0.727,NaN,836,0,2.590,-1.305,789.000,197.000,838.000,262.000,NaN,NaN,NaN,NaN,NaN,NaN,NaN
1423,2200,3836.000,25.804,-0.340,-0.262,-0.131,0.737,NaN,836,0,2.907,-1.306,622.000,198.000,659.000,281.000,NaN,NaN,NaN,NaN,NaN,NaN,NaN
1424,2265,3836.000,33.400,2.816,-0.293,-0.058,0.558,NaN,836,0,0.715,-1.327,496.000,186.000,522.000,254.000,NaN,NaN,NaN,NaN,NaN,NaN,NaN
1425,2032,3837.000,21.136,-3.256,-0.233,-0.199,0.813,NaN,837,0,4.053,-1.310,804.000,197.000,853.000,269.000,NaN,NaN,NaN,NaN,NaN,NaN,NaN
1426,2200,3837.000,25.554,-0.463,-0.259,-0.129,0.735,0.532,837,0,1.790,0.099,631.000,199.000,659.000,287.000,25.560,-0.450,-1.200,1.700,0.530,1.700,-2.602
1427,2265,3837.000,33.094,2.787,-0.294,-0.050,0.029,NaN,837,0,-2.539,-1.327,496.000,193.000,520.000,258.000,NaN,NaN,NaN,NaN,NaN,NaN,NaN
1428,2032,3838.000,20.919,-3.417,-0.231,-0.190,0.578,NaN,838,0,1.046,-1.314,812.000,197.000,855.000,279.000,NaN,NaN,NaN,NaN,NaN,NaN,NaN
1429,2200,3838.000,25.278,-0.583,-0.262,-0.125,0.661,0.996,838,0,1.190,3.500,634.000,196.000,664.000,286.000,25.250,-0.580,-1.210,1.810,0.600,1.840,0.581
1430,2265,3838.000,32.978,2.682,-0.263,-0.066,0.521,0.346,838,0,-1.517,-1.098,501.000,187.000,529.000,254.000,33.190,2.550,-1.070,1.840,0.650,1.850,-2.591
1431,2032,3839.000,20.689,-3.612,-0.231,-0.190,0.144,NaN,839,0,-1.583,-1.304,827.000,196.000,879.000,268.000,NaN,NaN,NaN,NaN,NaN,NaN,NaN
1432,2200,3839.000,25.019,-0.689,-0.262,-0.123,0.559,NaN,839,0,0.903,-1.313,642.000,199.000,672.000,284.000,NaN,NaN,NaN,NaN,NaN,NaN,NaN
1433,2265,3839.000,32.722,2.591,-0.260,-0.072,0.705,NaN,839,0,2.280,-1.327,503.000,187.000,532.000,248.000,NaN,NaN,NaN,NaN,NaN,NaN,NaN
1434,2032,3840.000,20.457,-3.813,-0.232,-0.193,0.312,NaN,840,0,-0.780,-1.292,845.000,198.000,894.000,268.000,NaN,NaN,NaN,NaN,NaN,NaN,NaN
1435,2200,3840.000,24.749,-0.818,-0.263,-0.123,0.518,0.934,840,0,0.345,3.500,652.000,199.000,682.000,284.000,24.750,-0.830,-1.200,1.880,0.550,1.910,-2.589
1436,2265,3840.000,32.626,2.481,-0.232,-0.082,0.694,0.556,840,0,-0.418,-0.609,506.000,186.000,534.000,244.000,32.810,2.380,-1.090,2.130,0.500,1.730,-2.633
1437,2032,3841.000,20.206,-3.932,-0.232,-0.173,0.132,0.004,841,0,-1.306,-1.280,860.000,197.000,903.000,256.000,20.200,-3.850,-1.070,0.720,0.660,1.820,-0.363
1438,2200,3841.000,24.520,-0.936,-0.259,-0.123,0.415,0.945,841,0,-0.440,3.500,654.000,200.000,688.000,279.000,24.570,-0.920,-1.270,1.760,0.480,1.890,0.529
1439,2265,3841.000,32.394,2.370,-0.231,-0.087,0.672,0.383,841,0,-0.351,-0.946,509.000,186.000,537.000,244.000,32.410,2.300,-0.980,1.820,0.610,1.910,-2.700
1440,2032,3842.000,19.987,-4.061,-0.230,-0.161,0.692,NaN,842,0,1.982,-1.288,866.000,197.000,908.000,264.000,NaN,NaN,NaN,NaN,NaN,NaN,NaN
1441,2200,3842.000,24.262,-1.079,-0.259,-0.128,0.342,NaN,842,0,-0.525,-1.327,665.000,199.000,697.000,284.000,NaN,NaN,NaN,NaN,NaN,NaN,NaN
1442,2265,3842.000,32.163,2.283,-0.231,-0.088,NaN,NaN,842,0,-2.654,-1.327,NaN,NaN,NaN,NaN,NaN,NaN,NaN,NaN,NaN,NaN,NaN
1443,2032,3843.000,19.770,-4.178,-0.227,-0.151,0.053,NaN,843,0,-1.783,-1.290,882.000,199.000,915.000,310.000,NaN,NaN,NaN,NaN,NaN,NaN,NaN
1444,2200,3843.000,23.943,-1.227,-0.272,-0.134,0.523,0.985,843,0,0.552,2.843,673.000,199.000,708.000,287.000,23.910,-1.270,-1.290,1.840,0.560,1.880,-2.591
1445,2265,3843.000,32.022,2.230,-0.215,-0.079,0.653,0.122,843,0,-0.474,-1.592,512.000,184.000,538.000,240.000,32.070,2.250,-1.030,0.750,0.650,1.810,0.508
1446,2032,3844.000,19.545,-4.329,-0.225,-0.151,NaN,NaN,844,0,-2.570,-1.285,NaN,NaN,NaN,NaN,NaN,NaN,NaN,NaN,NaN,NaN,NaN
1447,2200,3844.000,23.629,-1.420,-0.278,-0.149,0.630,0.997,844,0,1.236,2.843,684.000,199.000,714.000,283.000,23.620,-1.520,-1.260,1.920,0.560,1.860,-2.577
1448,2265,3844.000,31.771,2.119,-0.221,-0.087,0.711,0.023,844,0,0.070,-1.990,512.000,183.000,545.000,245.000,31.690,2.070,-1.110,0.820,0.620,1.800,-3.045
1449,2032,3845.000,19.324,-4.491,-0.224,-0.153,0.704,NaN,845,0,2.315,-1.293,905.000,197.000,955.000,286.000,NaN,NaN,NaN,NaN,NaN,NaN,NaN
1450,2200,3845.000,23.349,-1.569,-0.279,-0.150,0.653,NaN,845,0,1.698,-1.326,689.000,199.000,732.000,282.000,NaN,NaN,NaN,NaN,NaN,NaN,NaN
1451,2265,3845.000,31.554,2.086,-0.221,-0.075,0.533,NaN,845,0,0.251,-1.326,517.000,184.000,545.000,244.000,NaN,NaN,NaN,NaN,NaN,NaN,NaN
1452,2032,3846.000,19.101,-4.646,-0.223,-0.154,NaN,NaN,846,0,-2.630,-1.315,NaN,NaN,NaN,NaN,NaN,NaN,NaN,NaN,NaN,NaN,NaN
1453,2200,3846.000,23.126,-1.705,-0.266,-0.149,0.404,0.994,846,0,-0.154,2.467,701.000,198.000,737.000,270.000,23.180,-1.710,-1.300,1.800,0.540,1.890,-2.546
1454,2265,3846.000,31.332,2.011,-0.223,-0.075,NaN,NaN,846,0,-0.794,-1.326,NaN,NaN,NaN,NaN,NaN,NaN,NaN,NaN,NaN,NaN,NaN
1455,2032,3847.000,18.890,-4.782,-0.220,-0.148,0.062,NaN,847,0,-2.142,-1.318,927.000,197.000,983.000,261.000,NaN,NaN,NaN,NaN,NaN,NaN,NaN
1456,2200,3847.000,22.837,-1.891,-0.268,-0.158,0.389,0.999,847,0,-0.204,2.467,705.000,199.000,755.000,264.000,22.820,-1.950,-1.290,1.920,0.570,1.950,-2.538
1457,2265,3847.000,31.006,1.877,-0.242,-0.086,0.532,0.690,847,0,-0.976,0.019,522.000,185.000,553.000,244.000,30.940,1.780,-1.080,1.970,0.610,1.850,-2.823
1458,2032,3848.000,18.682,-4.929,-0.218,-0.147,0.646,NaN,848,0,1.698,-1.322,943.000,198.000,998.000,298.000,NaN,NaN,NaN,NaN,NaN,NaN,NaN
1459,2200,3848.000,22.573,-2.057,-0.267,-0.161,0.689,NaN,848,0,2.173,-1.326,718.000,199.000,767.000,290.000,NaN,NaN,NaN,NaN,NaN,NaN,NaN
1460,2265,3848.000,30.762,1.831,-0.243,-0.077,0.061,NaN,848,0,-2.386,-1.321,525.000,184.000,556.000,225.000,NaN,NaN,NaN,NaN,NaN,NaN,NaN
1461,2032,3849.000,18.269,-4.988,-0.240,-0.131,0.712,0.969,849,0,2.985,2.261,958.000,200.000,1016.000,307.000,18.260,-4.950,-1.130,1.840,0.510,1.840,-2.590
1462,2200,3849.000,22.436,-2.203,-0.240,-0.159,0.153,0.987,849,0,-1.449,2.467,730.000,200.000,768.000,292.000,22.520,-2.180,-1.250,1.740,0.530,1.860,-2.415
1463,2265,3849.000,30.540,1.751,-0.238,-0.079,0.431,0.011,849,0,-1.527,-1.901,527.000,185.000,556.000,248.000,30.570,1.750,-1.100,2.170,0.610,2.000,-2.897
1464,2335,3849.000,30.960,0.850,0.000,0.000,0.494,0.950,849,0,-1.113,6.654,567.000,189.000,593.000,250.000,30.960,0.850,-1.130,2.010,0.610,1.750,-2.888
1465,2032,3850.000,17.922,-5.123,-0.262,-0.136,0.775,0.998,850,0,4.125,2.261,965.000,200.000,1021.000,303.000,17.820,-5.090,-1.130,1.900,0.510,1.820,-2.763
1466,2200,3850.000,22.198,-2.368,-0.240,-0.161,0.072,0.838,850,0,-1.991,2.060,737.000,204.000,771.000,304.000,22.180,-2.370,-1.140,0.820,0.560,1.710,-0.311
1467,2265,3850.000,30.271,1.652,-0.244,-0.082,0.280,0.939,850,0,-1.847,5.979,529.000,184.000,559.000,257.000,30.250,1.590,-1.060,1.890,0.650,1.870,-2.880
1468,2335,3850.000,30.749,0.812,-0.074,0.009,0.498,0.946,850,0,-1.085,6.654,569.000,189.000,597.000,249.000,30.610,0.760,-1.150,1.810,0.880,2.180,-2.857
1469,2032,3851.000,17.672,-5.234,-0.258,-0.130,0.813,NaN,851,0,4.186,-1.323,980.000,197.000,1037.000,309.000,NaN,NaN,NaN,NaN,NaN,NaN,NaN
1470,2200,3851.000,21.965,-2.544,-0.237,-0.164,0.419,NaN,851,0,-0.276,-1.315,751.000,200.000,802.000,262.000,NaN,NaN,NaN,NaN,NaN,NaN,NaN
1471,2265,3851.000,30.016,1.627,-0.244,-0.068,0.403,NaN,851,0,-0.554,-1.300,534.000,185.000,561.000,228.000,NaN,NaN,NaN,NaN,NaN,NaN,NaN
1472,2335,3851.000,30.686,0.803,-0.073,0.009,0.298,NaN,851,0,-1.153,-1.296,575.000,189.000,600.000,223.000,NaN,NaN,NaN,NaN,NaN,NaN,NaN
1473,2032,3852.000,17.521,-5.272,-0.232,-0.102,0.758,0.975,852,0,3.782,2.261,993.000,197.000,1051.000,317.000,17.590,-5.190,-1.050,1.830,0.520,1.770,-2.810
1474,2200,3852.000,21.762,-2.719,-0.231,-0.167,0.312,0.786,852,0,-0.413,1.823,765.000,198.000,801.000,263.000,21.770,-2.730,-1.120,1.670,0.560,1.690,-2.427
1475,2265,3852.000,29.841,1.546,-0.229,-0.071,0.591,0.704,852,0,-0.344,0.194,536.000,185.000,564.000,257.000,29.930,1.510,-0.980,1.980,0.560,1.870,-2.808
1476,2335,3852.000,30.358,0.781,-0.144,0.008,0.534,0.382,852,0,-0.722,-0.733,578.000,189.000,607.000,250.000,30.320,0.680,-1.120,1.020,0.620,1.960,-2.809
1477,2032,3853.000,17.242,-5.333,-0.245,-0.089,0.328,0.917,853,0,-0.157,2.248,1000.000,198.000,1057.000,287.000,17.200,-5.290,-1.170,1.620,0.450,1.680,-2.908
1478,2200,3853.000,21.534,-2.799,-0.230,-0.145,0.053,NaN,853,0,-2.253,-1.302,774.000,198.000,804.000,262.000,NaN,NaN,NaN,NaN,NaN,NaN,NaN
1479,2265,3853.000,29.589,1.468,-0.233,-0.074,0.489,0.711,853,0,-0.890,0.263,538.000,185.000,569.000,256.000,29.550,1.460,-1.120,1.890,0.570,1.770,-2.755
1480,2335,3853.000,30.099,0.701,-0.180,-0.015,0.623,0.989,853,0,-0.212,5.979,580.000,189.000,610.000,250.000,29.980,0.550,-1.180,2.040,0.600,1.830,-2.784
1481,2032,3854.000,17.001,-5.409,-0.247,-0.085,0.787,NaN,854,0,3.838,-1.316,1015.000,199.000,1067.000,324.000,NaN,NaN,NaN,NaN,NaN,NaN,NaN
1482,2200,3854.000,21.300,-2.946,-0.233,-0.147,NaN,NaN,854,0,-2.611,-1.305,NaN,NaN,NaN,NaN,NaN,NaN,NaN,NaN,NaN,NaN,NaN
1483,2265,3854.000,29.356,1.421,-0.234,-0.068,0.564,NaN,854,0,0.715,-1.275,541.000,185.000,571.000,253.000,NaN,NaN,NaN,NaN,NaN,NaN,NaN
1484,2335,3854.000,29.916,0.570,-0.181,-0.043,0.043,NaN,854,0,-2.900,-1.294,588.000,190.000,608.000,224.000,NaN,NaN,NaN,NaN,NaN,NaN,NaN
1485,2032,3855.000,16.713,-5.451,-0.261,-0.074,0.184,0.998,855,0,-0.850,2.248,1028.000,199.000,1089.000,327.000,16.710,-5.400,-1.190,1.880,0.570,1.720,-2.842
1486,2200,3855.000,21.025,-3.158,-0.242,-0.163,0.085,0.002,855,0,-1.690,-1.334,802.000,199.000,844.000,303.000,20.990,-3.250,-1.240,1.870,0.510,1.840,-2.350
1487,2265,3855.000,29.206,1.331,-0.218,-0.074,0.568,0.936,855,0,-0.227,5.442,544.000,185.000,573.000,249.000,29.290,1.290,-0.990,1.940,0.680,2.040,-3.001
1488,2335,3855.000,29.685,0.511,-0.197,-0.038,0.595,0.412,855,0,-0.299,-0.699,589.000,190.000,620.000,249.000,29.670,0.440,-1.150,1.920,0.610,2.010,-2.891
1489,2032,3856.000,16.359,-5.525,-0.284,-0.072,0.007,0.999,856,0,-2.423,2.225,1037.000,194.000,1095.000,329.000,16.320,-5.520,-1.160,1.780,0.600,1.770,-2.900
1490,2200,3856.000,20.758,-3.353,-0.246,-0.171,0.046,0.131,856,0,-2.228,-0.702,810.000,199.000,851.000,331.000,20.730,-3.400,-1.050,1.750,0.540,1.790,-2.263
1491,2265,3856.000,28.888,1.223,-0.238,-0.084,0.632,0.751,856,0,0.058,0.595,546.000,186.000,577.000,251.000,28.770,1.150,-1.020,1.970,0.630,1.870,-2.735
1492,2335,3856.000,29.486,0.473,-0.199,-0.038,NaN,NaN,856,0,-2.594,-1.297,NaN,NaN,NaN,NaN,NaN,NaN,NaN,NaN,NaN,NaN,NaN
1493,2032,3857.000,16.053,-5.643,-0.291,-0.085,0.751,NaN,857,0,3.150,-1.320,1067.000,201.000,1113.000,313.000,NaN,NaN,NaN,NaN,NaN,NaN,NaN
1494,2200,3857.000,20.509,-3.505,-0.248,-0.164,0.100,NaN,857,0,-1.602,-1.309,826.000,201.000,867.000,296.000,NaN,NaN,NaN,NaN,NaN,NaN,NaN
1495,2265,3857.000,28.649,1.168,-0.237,-0.075,0.807,NaN,857,0,4.053,-1.272,550.000,186.000,581.000,252.000,NaN,NaN,NaN,NaN,NaN,NaN,NaN
1496,2335,3857.000,29.345,0.288,-0.192,-0.074,0.326,NaN,857,0,-1.084,-1.298,599.000,190.000,626.000,227.000,NaN,NaN,NaN,NaN,NaN,NaN,NaN
1497,2032,3858.000,15.882,-5.674,-0.262,-0.068,0.608,1.000,858,0,1.783,2.225,1063.000,199.000,1128.000,317.000,15.950,-5.590,-1.200,1.870,0.590,1.830,-2.861
1498,2200,3858.000,20.340,-3.645,-0.235,-0.157,0.241,0.291,858,0,-0.661,-0.171,843.000,199.000,893.000,265.000,20.410,-3.610,-1.150,0.830,0.570,1.750,-0.534
1499,2265,3858.000,28.390,1.094,-0.243,-0.074,0.770,0.151,858,0,1.565,-1.061,553.000,185.000,585.000,249.000,28.370,1.100,-1.060,1.890,0.580,1.810,-2.718
1500,2335,3858.000,29.201,0.162,-0.185,-0.086,0.310,NaN,858,0,-0.630,-1.311,600.000,190.000,635.000,272.000,NaN,NaN,NaN,NaN,NaN,NaN,NaN
1501,2032,3859.000,15.579,-5.711,-0.271,-0.060,0.856,0.995,859,0,4.450,2.225,1070.000,198.000,1135.000,324.000,15.550,-5.670,-1.220,1.890,0.540,1.720,-2.967
1502,2200,3859.000,20.073,-3.837,-0.243,-0.167,0.011,0.050,859,0,-2.531,-1.051,853.000,201.000,901.000,296.000,20.030,-3.890,-1.220,0.740,0.690,1.790,0.310
1503,2265,3859.000,28.128,0.999,-0.248,-0.077,0.725,0.966,859,0,1.261,7.239,555.000,186.000,587.000,247.000,28.110,0.970,-1.080,1.810,0.610,1.770,-2.946
1504,2335,3859.000,29.044,0.047,-0.182,-0.092,0.773,NaN,859,0,3.261,-1.316,604.000,190.000,638.000,267.000,NaN,NaN,NaN,NaN,NaN,NaN,NaN
1505,2358,3859.000,11.170,9.160,0.000,0.000,NaN,1.000,859,0,0.000,2.026,-680.000,200.000,-333.000,429.000,11.170,9.160,-1.310,1.880,0.690,1.690,-0.590
1506,2032,3860.000,15.312,-5.763,-0.270,-0.057,0.673,NaN,860,0,2.142,-1.325,1083.000,195.000,1151.000,337.000,NaN,NaN,NaN,NaN,NaN,NaN,NaN
1507,2200,3860.000,19.827,-4.008,-0.244,-0.168,0.118,NaN,860,0,-1.140,-1.291,868.000,200.000,910.000,329.000,NaN,NaN,NaN,NaN,NaN,NaN,NaN
1508,2265,3860.000,27.875,0.945,-0.249,-0.070,0.717,NaN,860,0,2.434,-1.284,559.000,188.000,593.000,249.000,NaN,NaN,NaN,NaN,NaN,NaN,NaN
1509,2335,3860.000,28.878,-0.067,-0.182,-0.097,0.750,NaN,860,0,2.906,-1.313,608.000,191.000,642.000,267.000,NaN,NaN,NaN,NaN,NaN,NaN,NaN
1510,2358,3860.000,11.169,9.156,0.003,-0.005,NaN,NaN,860,0,-2.654,-1.327,NaN,NaN,NaN,NaN,NaN,NaN,NaN,NaN,NaN,NaN,NaN
1511,2032,3861.000,15.149,-5.783,-0.246,-0.049,0.804,0.995,861,0,4.244,2.197,1100.000,198.000,1167.000,342.000,15.190,-5.750,-1.220,1.830,0.570,1.760,-3.037
1512,2200,3861.000,19.617,-4.140,-0.235,-0.161,0.036,NaN,861,0,-1.905,-1.291,882.000,201.000,916.000,313.000,NaN,NaN,NaN,NaN,NaN,NaN,NaN
1513,2265,3861.000,27.701,0.881,-0.232,-0.070,0.814,0.884,861,0,1.979,2.232,564.000,187.000,598.000,249.000,27.740,0.890,-1.010,1.890,0.580,1.800,-2.727
1514,2335,3861.000,28.396,-0.169,-0.214,-0.101,0.516,0.064,861,0,-0.328,-1.426,613.000,192.000,649.000,261.000,28.300,-0.220,-1.170,1.990,0.640,1.900,-2.738
1515,2358,3861.000,11.270,9.092,0.044,-0.015,NaN,0.999,861,0,0.000,2.026,-650.000,170.000,-317.000,428.000,11.300,9.070,-1.210,1.840,0.590,1.940,-0.542
1516,2032,3862.000,14.884,-5.830,-0.252,-0.048,0.794,0.859,862,0,4.100,2.197,1107.000,198.000,1177.000,343.000,14.860,-5.820,-1.150,1.890,0.510,1.700,-2.897
1517,2200,3862.000,19.230,-4.358,-0.271,-0.181,0.108,0.093,862,0,-1.405,-0.775,894.000,202.000,948.000,315.000,19.160,-4.450,-1.160,1.770,0.550,1.740,-2.475
1518,2265,3862.000,27.461,0.772,-0.235,-0.079,0.756,0.983,862,0,1.766,6.369,566.000,189.000,600.000,249.000,27.410,0.730,-1.080,1.800,0.540,1.890,-2.851
1519,2335,3862.000,27.967,-0.346,-0.248,-0.114,0.703,0.079,862,0,0.863,-1.294,618.000,192.000,652.000,260.000,27.780,-0.420,-1.170,1.920,0.600,1.880,-2.589
1520,2358,3862.000,11.378,9.001,0.067,-0.046,NaN,0.999,862,0,0.000,2.026,-619.000,174.000,-288.000,419.000,11.440,8.940,-1.200,1.890,0.590,1.860,-0.612
1521,2032,3863.000,14.620,-5.895,-0.256,-0.052,0.788,NaN,863,0,3.734,-1.322,1120.000,198.000,1195.000,344.000,NaN,NaN,NaN,NaN,NaN,NaN,NaN
1522,2200,3863.000,18.954,-4.553,-0.272,-0.185,0.828,NaN,863,0,4.369,-1.301,916.000,199.000,967.000,305.000,NaN,NaN,NaN,NaN,NaN,NaN,NaN
1523,2265,3863.000,27.221,0.683,-0.235,-0.082,0.554,NaN,863,0,0.639,-1.290,572.000,189.000,605.000,250.000,NaN,NaN,NaN,NaN,NaN,NaN,NaN
1524,2335,3863.000,27.719,-0.457,-0.248,-0.110,0.591,NaN,863,0,0.941,-1.280,623.000,192.000,659.000,263.000,NaN,NaN,NaN,NaN,NaN,NaN,NaN
1525,2358,3863.000,11.445,8.958,0.067,-0.044,NaN,NaN,863,0,-2.654,-1.327,NaN,NaN,NaN,NaN,NaN,NaN,NaN,NaN,NaN,NaN,NaN
1526,2032,3864.000,14.361,-5.942,-0.255,-0.049,0.825,0.997,864,0,4.343,2.172,1139.000,198.000,1213.000,353.000,14.360,-5.940,-1.180,1.780,0.520,1.750,-3.018
1527,2200,3864.000,18.794,-4.719,-0.250,-0.177,0.806,0.878,864,0,4.508,2.255,930.000,198.000,978.000,298.000,18.870,-4.650,-1.090,1.810,0.520,1.700,-2.410
1528,2265,3864.000,27.013,0.588,-0.231,-0.086,0.677,0.966,864,0,0.869,6.369,577.000,190.000,610.000,249.000,27.060,0.550,-1.160,1.900,0.690,1.830,-2.892
1529,2335,3864.000,27.491,-0.559,-0.247,-0.105,0.430,0.890,864,0,-0.890,2.610,632.000,192.000,667.000,265.000,27.530,-0.510,-1.170,1.080,0.670,1.900,-2.720
1530,2358,3864.000,11.626,8.813,0.106,-0.069,NaN,0.999,864,0,0.000,2.087,-566.000,171.000,-258.000,419.000,11.690,8.800,-1.210,1.800,0.620,1.940,-0.624
1531,2032,3865.000,14.069,-5.989,-0.264,-0.047,0.814,0.999,865,0,4.261,2.172,1148.000,198.000,1224.000,346.000,14.020,-5.990,-1.260,2.000,0.560,1.740,-2.940
1532,2200,3865.000,18.554,-4.859,-0.248,-0.165,0.734,0.997,865,0,3.307,2.255,939.000,199.000,990.000,301.000,18.560,-4.800,-1.120,1.780,0.500,1.730,-2.503
1533,2265,3865.000,26.739,0.501,-0.242,-0.083,0.071,1.000,865,0,-2.524,6.369,579.000,192.000,614.000,287.000,26.700,0.480,-1.130,1.760,0.640,1.830,-2.705
1534,2335,3865.000,27.199,-0.680,-0.253,-0.108,0.462,0.950,865,0,-0.473,6.369,634.000,192.000,671.000,256.000,27.140,-0.700,-1.180,1.910,0.570,1.920,-2.667
1535,2358,3865.000,11.855,8.719,0.134,-0.077,NaN,0.975,865,0,0.000,2.087,-527.000,166.000,-242.000,412.000,11.910,8.720,-1.180,1.740,0.540,1.960,-0.496
1536,2032,3866.000,13.799,-6.050,-0.266,-0.049,0.739,NaN,866,0,2.960,-1.326,1166.000,200.000,1242.000,352.000,NaN,NaN,NaN,NaN,NaN,NaN,NaN
1537,2200,3866.000,18.313,-4.998,-0.247,-0.155,0.754,NaN,866,0,3.150,-1.324,955.000,199.000,1005.000,307.000,NaN,NaN,NaN,NaN,NaN,NaN,NaN
1538,2265,3866.000,26.498,0.396,-0.243,-0.087,0.802,NaN,866,0,3.612,-1.299,586.000,194.000,619.000,250.000,NaN,NaN,NaN,NaN,NaN,NaN,NaN
1539,2335,3866.000,26.940,-0.788,-0.255,-0.108,0.570,NaN,866,0,0.787,-1.314,641.000,193.000,680.000,266.000,NaN,NaN,NaN,NaN,NaN,NaN,NaN
1540,2358,3866.000,11.989,8.641,0.134,-0.078,NaN,NaN,866,0,-2.654,-1.327,NaN,NaN,NaN,NaN,NaN,NaN,NaN,NaN,NaN,NaN,NaN
1541,2032,3867.000,13.533,-6.106,-0.266,-0.052,0.827,0.991,867,0,4.343,2.172,1187.000,200.000,1262.000,353.000,13.520,-6.110,-1.220,1.940,0.530,1.760,-3.023
1542,2200,3867.000,18.068,-5.098,-0.248,-0.140,0.430,0.896,867,0,0.430,2.261,956.000,200.000,1009.000,311.000,18.070,-5.050,-1.210,1.830,0.560,1.840,-2.576
1543,2265,3867.000,26.272,0.294,-0.240,-0.090,0.645,0.993,867,0,0.873,4.938,592.000,192.000,626.000,253.000,26.290,0.270,-1.140,1.840,0.570,1.870,-2.683
1544,2335,3867.000,26.788,-0.890,-0.232,-0.106,0.756,0.006,867,0,1.766,-1.608,649.000,192.000,687.000,267.000,26.900,-0.860,-1.220,1.810,0.650,1.880,-2.704
1545,2358,3867.000,12.156,8.530,0.138,-0.082,NaN,0.992,867,0,0.000,2.087,-484.000,182.000,-196.000,406.000,12.150,8.510,-1.230,1.860,0.520,1.820,-0.572
1546,2032,3868.000,13.016,-6.163,-0.335,-0.055,0.798,0.976,868,0,4.049,2.136,1194.000,197.000,1274.000,351.000,12.760,-6.250,-1.220,1.830,0.570,1.720,-2.961
1547,2200,3868.000,17.772,-5.235,-0.260,-0.142,0.528,0.962,868,0,1.196,2.261,978.000,200.000,1029.000,307.000,17.710,-5.230,-1.220,1.740,0.540,1.890,-2.631
1548,2265,3868.000,25.959,0.183,-0.254,-0.096,0.649,0.994,868,0,0.873,4.938,594.000,192.000,630.000,261.000,25.880,0.140,-1.220,1.830,0.590,1.870,-2.699
1549,2335,3868.000,26.478,-1.063,-0.252,-0.122,0.690,0.940,868,0,1.231,4.938,653.000,193.000,692.000,271.000,26.400,-1.150,-1.250,1.840,0.550,1.750,-2.651
1550,2358,3868.000,12.327,8.380,0.149,-0.099,NaN,0.273,868,0,0.000,-0.200,-421.000,189.000,-173.000,400.000,12.360,8.310,-1.260,1.640,0.460,1.770,-0.630
1551,2032,3869.000,12.689,-6.173,-0.333,-0.040,0.660,NaN,869,0,2.041,-1.326,1208.000,197.000,1278.000,357.000,NaN,NaN,NaN,NaN,NaN,NaN,NaN
1552,2200,3869.000,17.515,-5.378,-0.258,-0.144,0.726,NaN,869,0,2.882,-1.321,1005.000,200.000,1050.000,324.000,NaN,NaN,NaN,NaN,NaN,NaN,NaN
1553,2265,3869.000,25.706,0.071,-0.252,-0.100,0.722,NaN,869,0,2.434,-1.319,601.000,190.000,636.000,266.000,NaN,NaN,NaN,NaN,NaN,NaN,NaN
1554,2335,3869.000,26.226,-1.186,-0.253,-0.122,0.637,NaN,869,0,1.595,-1.321,661.000,192.000,701.000,276.000,NaN,NaN,NaN,NaN,NaN,NaN,NaN
1555,2358,3869.000,12.478,8.280,0.150,-0.100,NaN,NaN,869,0,-2.654,-1.327,NaN,NaN,NaN,NaN,NaN,NaN,NaN,NaN,NaN,NaN,NaN
1556,2032,3870.000,12.345,-6.271,-0.337,-0.058,0.201,0.998,870,0,-0.686,2.087,1232.000,201.000,1279.000,425.000,12.340,-6.350,-1.250,1.830,0.450,1.720,-2.981
1557,2200,3870.000,17.317,-5.496,-0.244,-0.137,0.710,0.981,870,0,2.942,2.248,1019.000,200.000,1064.000,326.000,17.340,-5.440,-1.150,1.860,0.610,1.900,0.561
1558,2265,3870.000,25.470,-0.020,-0.249,-0.099,0.694,0.013,870,0,1.488,-1.493,609.000,189.000,646.000,281.000,25.480,-0.000,-1.260,1.600,0.460,1.760,-2.737
1559,2335,3870.000,26.014,-1.325,-0.244,-0.126,0.601,0.002,870,0,0.607,-1.558,670.000,192.000,711.000,278.000,26.060,-1.340,-1.360,1.680,0.510,1.700,-2.927
1560,2358,3870.000,12.596,8.159,0.141,-0.107,NaN,1.000,870,0,0.000,2.136,-400.000,186.000,-130.000,398.000,12.570,8.140,-1.240,1.850,0.610,1.790,-0.542
1561,2032,3871.000,11.944,-6.357,-0.358,-0.069,0.016,0.999,871,0,-2.254,2.087,1237.000,220.000,1279.000,388.000,11.870,-6.400,-1.240,1.930,0.490,1.790,-2.919
1562,2200,3871.000,16.986,-5.579,-0.262,-0.123,0.591,0.005,871,0,1.640,-1.249,1005.000,200.000,1069.000,327.000,16.890,-5.540,-1.140,1.750,0.400,1.820,0.590
1563,2265,3871.000,25.142,-0.208,-0.263,-0.121,0.672,0.983,871,0,1.273,3.500,613.000,190.000,650.000,271.000,25.050,-0.310,-1.170,1.890,0.640,2.070,-2.585
1564,2335,3871.000,25.665,-1.511,-0.264,-0.138,0.708,0.136,871,0,1.516,-0.960,674.000,191.000,715.000,279.000,25.540,-1.610,-1.170,1.890,0.700,2.030,-2.590
1565,2358,3871.000,12.782,8.034,0.153,-0.112,NaN,0.994,871,0,0.000,2.136,-316.000,192.000,-144.000,393.000,12.820,8.030,-1.280,1.070,0.640,1.780,-0.632
1566,2032,3872.000,11.585,-6.425,-0.359,-0.068,NaN,NaN,872,0,-2.654,-1.327,NaN,NaN,NaN,NaN,NaN,NaN,NaN,NaN,NaN,NaN,NaN
1567,2200,3872.000,16.737,-5.658,-0.260,-0.111,0.177,NaN,872,0,-1.035,-1.313,1040.000,207.000,1091.000,325.000,NaN,NaN,NaN,NaN,NaN,NaN,NaN
1568,2265,3872.000,24.875,-0.350,-0.264,-0.127,0.722,NaN,872,0,2.608,-1.308,621.000,189.000,661.000,278.000,NaN,NaN,NaN,NaN,NaN,NaN,NaN
1569,2335,3872.000,25.402,-1.627,-0.263,-0.132,0.685,NaN,872,0,2.039,-1.326,684.000,191.000,725.000,284.000,NaN,NaN,NaN,NaN,NaN,NaN,NaN
1570,2358,3872.000,12.934,7.922,0.152,-0.112,NaN,NaN,872,0,-2.654,-1.327,NaN,NaN,NaN,NaN,NaN,NaN,NaN,NaN,NaN,NaN,NaN
1571,2032,3873.000,11.421,-6.471,-0.307,-0.063,NaN,0.999,873,0,0.000,2.087,1265.000,187.000,1493.000,426.000,11.540,-6.470,-1.210,1.840,0.560,1.870,-2.993
1572,2200,3873.000,16.316,-5.805,-0.300,-0.126,0.573,0.481,873,0,1.411,0.342,1062.000,200.000,1107.000,322.000,16.170,-5.870,-1.270,1.790,0.540,1.790,-2.700
1573,2265,3873.000,24.714,-0.505,-0.243,-0.135,0.768,0.865,873,0,2.423,1.981,630.000,191.000,669.000,281.000,24.810,-0.530,-1.130,1.820,0.610,1.900,-2.522
1574,2335,3873.000,25.196,-1.784,-0.252,-0.137,0.798,0.024,873,0,2.748,-1.483,692.000,192.000,735.000,286.000,25.240,-1.820,-1.210,1.870,0.570,1.970,-2.499
1575,2358,3873.000,13.049,7.843,0.143,-0.104,NaN,1.000,873,0,0.000,2.136,-328.000,186.000,-80.000,396.000,13.020,7.860,-1.260,1.800,0.570,1.850,-0.581
1576,2032,3874.000,11.111,-6.571,-0.307,-0.074,NaN,1.000,874,0,0.000,2.026,1296.000,191.000,1557.000,435.000,11.120,-6.610,-1.220,1.930,0.560,1.830,-2.941
1577,2200,3874.000,15.950,-5.960,-0.318,-0.131,0.380,0.997,874,0,0.062,2.225,1068.000,201.000,1120.000,326.000,15.870,-6.010,-1.270,1.820,0.530,1.860,-2.763
1578,2265,3874.000,24.431,-0.640,-0.252,-0.134,0.817,0.135,874,0,3.391,-0.812,635.000,190.000,673.000,284.000,24.380,-0.630,-1.220,1.990,0.620,2.010,-2.633
1579,2335,3874.000,24.965,-1.922,-0.250,-0.136,0.763,0.284,874,0,2.344,-0.465,699.000,192.000,741.000,288.000,25.000,-1.940,-1.220,1.800,0.580,1.960,-2.618
1580,2358,3874.000,13.207,7.741,0.145,-0.100,NaN,0.998,874,0,0.000,2.136,-305.000,186.000,-49.000,393.000,13.210,7.720,-1.260,1.920,0.600,1.840,-0.587
1581,2032,3875.000,10.804,-6.645,-0.307,-0.074,NaN,NaN,875,0,-2.654,-1.327,NaN,NaN,NaN,NaN,NaN,NaN,NaN,NaN,NaN,NaN,NaN
1582,2200,3875.000,15.646,-6.057,-0.316,-0.123,0.768,NaN,875,0,3.489,-1.324,1089.000,202.000,1159.000,329.000,NaN,NaN,NaN,NaN,NaN,NaN,NaN
1583,2265,3875.000,24.184,-0.769,-0.249,-0.133,0.802,NaN,875,0,4.010,-1.327,644.000,190.000,683.000,288.000,NaN,NaN,NaN,NaN,NaN,NaN,NaN
1584,2335,3875.000,24.716,-2.046,-0.250,-0.131,0.816,NaN,875,0,4.311,-1.327,709.000,193.000,751.000,284.000,NaN,NaN,NaN,NaN,NaN,NaN,NaN
1585,2358,3875.000,13.353,7.642,0.146,-0.099,NaN,NaN,875,0,-2.654,-1.327,NaN,NaN,NaN,NaN,NaN,NaN,NaN,NaN,NaN,NaN,NaN
1586,2032,3876.000,10.627,-6.658,-0.273,-0.061,NaN,0.998,876,0,0.000,2.026,1321.000,201.000,1607.000,449.000,10.730,-6.670,-1.270,2.040,0.560,1.770,-2.952
1587,2200,3876.000,15.403,-6.143,-0.299,-0.115,0.730,0.978,876,0,3.066,2.197,1108.000,201.000,1174.000,338.000,15.440,-6.100,-1.200,1.770,0.520,1.780,-2.661
1588,2265,3876.000,23.957,-0.922,-0.244,-0.136,0.817,0.989,876,0,3.391,2.843,654.000,189.000,697.000,291.000,23.980,-0.950,-1.240,1.700,0.490,1.820,-2.597
1589,2335,3876.000,24.467,-2.178,-0.250,-0.131,0.773,NaN,876,0,3.422,-1.327,717.000,194.000,761.000,282.000,NaN,NaN,NaN,NaN,NaN,NaN,NaN
1590,2358,3876.000,13.470,7.563,0.139,-0.094,NaN,0.969,876,0,0.000,2.136,-267.000,185.000,-26.000,388.000,13.450,7.570,-1.250,1.830,0.620,1.850,-0.641
1591,2032,3877.000,10.311,-6.759,-0.280,-0.075,NaN,1.000,877,0,0.000,1.960,1372.000,201.000,1659.000,456.000,10.280,-6.790,-1.260,1.870,0.500,1.750,-2.933
1592,2200,3877.000,15.072,-6.251,-0.309,-0.111,0.797,0.996,877,0,4.244,2.197,1118.000,202.000,1189.000,339.000,15.030,-6.250,-1.220,1.760,0.490,1.770,-2.667
1593,2265,3877.000,23.716,-1.046,-0.243,-0.133,0.794,NaN,877,0,3.821,-1.326,659.000,190.000,700.000,286.000,NaN,NaN,NaN,NaN,NaN,NaN,NaN
1594,2335,3877.000,24.247,-2.325,-0.243,-0.136,0.785,0.032,877,0,2.962,-1.396,723.000,193.000,767.000,283.000,24.250,-2.350,-1.220,1.850,0.470,1.860,-2.521
1595,2358,3877.000,13.636,7.447,0.145,-0.101,NaN,0.781,877,0,0.000,1.912,-238.000,190.000,-1.000,389.000,13.670,7.420,-1.290,1.900,0.570,1.850,-0.594
1596,2032,3878.000,10.029,-6.835,-0.281,-0.076,NaN,NaN,878,0,-2.654,-1.327,NaN,NaN,NaN,NaN,NaN,NaN,NaN,NaN,NaN,NaN,NaN
1597,2200,3878.000,14.778,-6.312,-0.307,-0.096,0.471,NaN,878,0,0.513,-1.326,1140.000,202.000,1208.000,336.000,NaN,NaN,NaN,NaN,NaN,NaN,NaN
1598,2265,3878.000,23.475,-1.189,-0.243,-0.137,0.836,NaN,878,0,4.474,-1.326,670.000,191.000,710.000,291.000,NaN,NaN,NaN,NaN,NaN,NaN,NaN
1599,2335,3878.000,24.014,-2.463,-0.241,-0.138,0.553,NaN,878,0,0.639,-1.324,735.000,194.000,779.000,273.000,NaN,NaN,NaN,NaN,NaN,NaN,NaN
1600,2358,3878.000,13.781,7.346,0.145,-0.101,NaN,NaN,878,0,-2.654,-1.327,NaN,NaN,NaN,NaN,NaN,NaN,NaN,NaN,NaN,NaN,NaN
1601,2032,3879.000,9.831,-6.895,-0.256,-0.071,NaN,1.000,879,0,0.000,1.960,1408.000,200.000,1725.000,480.000,9.880,-6.890,-1.300,1.870,0.580,1.850,-2.948
1602,2200,3879.000,14.571,-6.386,-0.281,-0.086,0.692,0.997,879,0,2.526,2.197,1160.000,203.000,1227.000,341.000,14.660,-6.350,-1.290,1.830,0.560,1.810,-2.734
1603,2265,3879.000,23.247,-1.373,-0.240,-0.148,0.844,0.043,879,0,3.916,-1.289,682.000,191.000,725.000,283.000,23.240,-1.430,-1.300,1.840,0.580,1.770,-2.530
1604,2335,3879.000,23.768,-2.623,-0.242,-0.145,0.758,NaN,879,0,3.236,-1.322,749.000,193.000,791.000,274.000,NaN,NaN,NaN,NaN,NaN,NaN,NaN
1605,2358,3879.000,13.905,7.248,0.140,-0.102,NaN,0.826,879,0,0.000,2.172,-207.000,182.000,25.000,385.000,13.900,7.260,-1.250,1.880,0.600,1.920,-0.671
1606,2032,3880.000,9.511,-6.976,-0.274,-0.074,NaN,1.000,880,0,0.000,1.890,1448.000,192.000,1802.000,489.000,9.460,-6.990,-1.250,1.920,0.600,1.870,-2.934
1607,2200,3880.000,14.187,-6.485,-0.309,-0.093,0.473,0.996,880,0,0.530,2.172,1167.000,202.000,1232.000,339.000,14.090,-6.500,-1.300,2.050,0.580,1.880,-2.793
1608,2265,3880.000,22.896,-1.608,-0.259,-0.172,0.745,0.990,880,0,2.855,2.467,688.000,195.000,729.000,283.000,22.780,-1.740,-1.270,1.900,0.620,2.040,-2.445
1609,2335,3880.000,23.531,-2.758,-0.241,-0.143,0.715,NaN,880,0,2.280,-1.314,752.000,193.000,799.000,270.000,NaN,NaN,NaN,NaN,NaN,NaN,NaN
1610,2358,3880.000,14.055,7.140,0.144,-0.104,NaN,0.206,880,0,0.000,-0.310,-177.000,179.000,36.000,373.000,14.070,7.140,-1.190,1.770,0.590,1.860,-0.609
1611,2032,3881.000,9.237,-7.050,-0.274,-0.074,NaN,NaN,881,0,-2.654,-1.327,NaN,NaN,NaN,NaN,NaN,NaN,NaN,NaN,NaN,NaN,NaN
1612,2200,3881.000,13.924,-6.496,-0.297,-0.068,0.545,NaN,881,0,1.143,-1.327,1189.000,204.000,1253.000,350.000,NaN,NaN,NaN,NaN,NaN,NaN,NaN
1613,2265,3881.000,22.650,-1.736,-0.257,-0.161,0.429,NaN,881,0,-0.047,-1.327,700.000,197.000,739.000,285.000,NaN,NaN,NaN,NaN,NaN,NaN,NaN
1614,2335,3881.000,23.288,-2.908,-0.241,-0.145,0.768,NaN,881,0,3.261,-1.307,765.000,194.000,810.000,263.000,NaN,NaN,NaN,NaN,NaN,NaN,NaN
1615,2358,3881.000,14.197,7.037,0.142,-0.104,NaN,NaN,881,0,-0.304,-1.327,NaN,NaN,NaN,NaN,NaN,NaN,NaN,NaN,NaN,NaN,NaN
1616,2032,3882.000,9.018,-7.107,-0.256,-0.070,NaN,0.999,882,0,0.000,1.890,1505.000,193.000,1873.000,498.000,9.050,-7.110,-1.240,1.870,0.500,1.840,-2.905
1617,2200,3882.000,13.678,-6.580,-0.283,-0.073,0.424,0.975,882,0,0.246,2.172,1214.000,196.000,1278.000,341.000,13.720,-6.600,-1.270,1.830,0.500,1.800,-2.855
1618,2265,3882.000,22.506,-1.882,-0.233,-0.155,0.799,0.998,882,0,3.458,2.467,710.000,194.000,755.000,296.000,22.620,-1.860,-1.230,1.870,0.550,1.850,-2.545
1619,2335,3882.000,23.059,-3.072,-0.238,-0.151,0.811,0.006,882,0,3.598,-1.390,774.000,194.000,824.000,275.000,23.070,-3.100,-1.170,1.700,0.500,1.810,-2.409
1620,2358,3882.000,14.428,6.884,0.164,-0.117,NaN,0.043,882,0,-2.385,-1.038,-74.000,180.000,37.000,364.000,14.490,6.850,-1.190,0.830,0.600,1.870,-0.857
1621,2032,3883.000,8.738,-7.167,-0.263,-0.066,NaN,0.997,883,0,0.000,1.890,1541.000,188.000,1946.000,511.000,8.710,-7.170,-1.220,1.950,0.500,1.850,-2.926
1622,2200,3883.000,13.348,-6.668,-0.294,-0.076,0.102,0.988,883,0,-1.305,2.136,1200.000,196.000,1279.000,456.000,13.290,-6.690,-1.180,1.760,0.620,1.800,-2.814
1623,2265,3883.000,22.270,-2.097,-0.234,-0.171,0.702,0.978,883,0,2.389,2.238,719.000,195.000,763.000,282.000,22.250,-2.190,-1.210,1.800,0.500,1.800,-2.454
1624,2335,3883.000,22.824,-3.206,-0.238,-0.147,0.810,NaN,883,0,4.175,-1.312,782.000,194.000,829.000,276.000,NaN,NaN,NaN,NaN,NaN,NaN,NaN
1625,2358,3883.000,14.590,6.767,0.163,-0.118,NaN,NaN,883,0,-0.322,-1.327,NaN,NaN,NaN,NaN,NaN,NaN,NaN,NaN,NaN,NaN,NaN
1626,2032,3884.000,8.476,-7.232,-0.262,-0.065,NaN,NaN,884,0,-2.654,-1.327,NaN,NaN,NaN,NaN,NaN,NaN,NaN,NaN,NaN,NaN,NaN
1627,2200,3884.000,13.170,-6.566,-0.268,-0.025,0.296,NaN,884,0,-0.303,-1.323,1220.000,207.000,1279.000,356.000,NaN,NaN,NaN,NaN,NaN,NaN,NaN
1628,2265,3884.000,22.037,-2.265,-0.233,-0.170,0.777,NaN,884,0,3.620,-1.323,732.000,190.000,782.000,285.000,NaN,NaN,NaN,NaN,NaN,NaN,NaN
1629,2335,3884.000,22.590,-3.348,-0.239,-0.144,0.820,NaN,884,0,4.217,-1.314,794.000,194.000,841.000,269.000,NaN,NaN,NaN,NaN,NaN,NaN,NaN
1630,2358,3884.000,14.780,6.591,0.167,-0.132,0.047,NaN,884,0,-0.865,-0.836,0.000,217.000,59.000,393.000,NaN,NaN,NaN,NaN,NaN,NaN,NaN
1631,2032,3885.000,8.329,-7.157,-0.222,-0.018,NaN,0.029,885,0,0.000,-1.099,1665.000,219.000,1832.000,502.000,8.410,-7.080,-1.320,0.620,0.710,1.660,0.892
1632,2200,3885.000,12.875,-6.685,-0.270,-0.051,0.037,0.996,885,0,-2.043,2.136,1241.000,205.000,1279.000,377.000,12.840,-6.790,-1.310,1.820,0.550,1.840,-2.861
1633,2265,3885.000,21.870,-2.418,-0.218,-0.167,0.036,0.973,885,0,-2.483,2.238,739.000,191.000,790.000,309.000,21.940,-2.400,-1.090,1.800,0.570,1.880,-2.456
1634,2335,3885.000,22.444,-3.502,-0.227,-0.146,0.834,0.053,885,0,4.072,-1.154,806.000,194.000,854.000,286.000,22.480,-3.510,-1.150,1.700,0.560,1.700,0.438
1635,2358,3885.000,14.947,6.469,0.168,-0.129,0.025,NaN,885,0,-0.953,-0.794,2.000,216.000,79.000,391.000,NaN,NaN,NaN,NaN,NaN,NaN,NaN
1636,2032,3886.000,8.106,-7.175,-0.223,-0.018,NaN,NaN,886,0,-2.654,-1.327,NaN,NaN,NaN,NaN,NaN,NaN,NaN,NaN,NaN,NaN,NaN
1637,2200,3886.000,12.604,-6.735,-0.271,-0.050,NaN,NaN,886,0,-2.654,-1.327,NaN,NaN,NaN,NaN,NaN,NaN,NaN,NaN,NaN,NaN,NaN
1638,2265,3886.000,21.654,-2.562,-0.218,-0.162,0.764,NaN,886,0,3.077,-1.309,754.000,191.000,799.000,268.000,NaN,NaN,NaN,NaN,NaN,NaN,NaN
1639,2335,3886.000,22.223,-3.626,-0.226,-0.140,0.789,NaN,886,0,3.821,-1.318,814.000,194.000,857.000,287.000,NaN,NaN,NaN,NaN,NaN,NaN,NaN
1640,2358,3886.000,15.108,6.370,0.166,-0.121,0.143,NaN,886,0,-0.485,-0.733,16.000,215.000,89.000,389.000,NaN,NaN,NaN,NaN,NaN,NaN,NaN
1641,2032,3887.000,8.130,-7.239,-0.159,-0.028,NaN,0.579,887,0,0.000,0.401,1653.000,234.000,1905.000,532.000,8.310,-7.200,-1.460,0.830,0.590,1.760,-1.712
1642,2200,3887.000,12.382,-6.842,-0.254,-0.064,NaN,0.997,887,0,0.000,2.087,1257.000,188.000,1481.000,409.000,12.430,-6.890,-1.210,1.890,0.540,1.870,-2.897
1643,2265,3887.000,21.484,-2.733,-0.209,-0.166,0.539,0.110,887,0,1.070,-0.805,768.000,191.000,811.000,258.000,21.510,-2.740,-1.020,1.690,0.570,1.740,-2.397
1644,2335,3887.000,22.096,-3.741,-0.203,-0.134,0.514,0.366,887,0,0.808,-0.083,825.000,195.000,857.000,283.000,22.170,-3.690,-1.170,0.750,0.620,1.770,0.234
1645,2358,3887.000,15.275,6.250,0.167,-0.121,NaN,NaN,887,0,-0.700,-1.017,NaN,NaN,NaN,NaN,NaN,NaN,NaN,NaN,NaN,NaN,NaN
1646,2441,3887.000,17.530,3.070,0.000,0.000,NaN,0.455,887,0,-0.000,0.319,312.000,68.000,454.000,206.000,17.530,3.070,0.320,1.710,0.560,1.660,1.846
1647,2032,3888.000,7.972,-7.265,-0.158,-0.026,NaN,NaN,888,0,-2.654,-1.327,NaN,NaN,NaN,NaN,NaN,NaN,NaN,NaN,NaN,NaN,NaN
1648,2200,3888.000,12.022,-6.958,-0.283,-0.082,NaN,1.000,888,0,0.000,2.087,1292.000,204.000,1540.000,427.000,11.910,-7.020,-1.310,1.930,0.570,1.800,-2.895
1649,2265,3888.000,21.269,-2.925,-0.209,-0.174,0.709,0.027,888,0,2.756,-1.259,782.000,197.000,831.000,281.000,21.260,-2.950,-1.140,1.830,0.550,1.780,-2.450
1650,2335,3888.000,21.814,-3.886,-0.222,-0.137,0.477,0.083,888,0,0.573,-0.923,839.000,193.000,892.000,293.000,21.740,-3.920,-1.160,1.560,0.590,1.720,-2.322
1651,2358,3888.000,15.448,6.132,0.168,-0.120,0.162,NaN,888,0,-0.596,-0.979,57.000,215.000,119.000,392.000,NaN,NaN,NaN,NaN,NaN,NaN,NaN
1652,2441,3888.000,17.542,3.056,-0.001,-0.005,NaN,NaN,888,0,-0.000,-0.000,NaN,NaN,NaN,NaN,NaN,NaN,NaN,NaN,NaN,NaN,NaN
1653,2032,3889.000,7.813,-7.291,-0.159,-0.026,NaN,NaN,889,0,-2.654,-1.327,NaN,NaN,NaN,NaN,NaN,NaN,NaN,NaN,NaN,NaN,NaN
1654,2200,3889.000,11.739,-7.040,-0.283,-0.082,NaN,NaN,889,0,-2.654,-1.327,NaN,NaN,NaN,NaN,NaN,NaN,NaN,NaN,NaN,NaN,NaN
1655,2265,3889.000,21.066,-3.085,-0.208,-0.170,0.739,NaN,889,0,2.746,-1.307,789.000,188.000,840.000,265.000,NaN,NaN,NaN,NaN,NaN,NaN,NaN
1656,2335,3889.000,21.587,-4.045,-0.224,-0.144,0.563,NaN,889,0,0.715,-1.288,846.000,193.000,899.000,264.000,NaN,NaN,NaN,NaN,NaN,NaN,NaN
1657,2358,3889.000,15.613,6.044,0.168,-0.115,0.243,NaN,889,0,-0.400,-1.069,60.000,216.000,136.000,392.000,NaN,NaN,NaN,NaN,NaN,NaN,NaN
1658,2441,3889.000,17.541,3.050,-0.001,-0.006,NaN,NaN,889,0,-0.000,-0.000,NaN,NaN,NaN,NaN,NaN,NaN,NaN,NaN,NaN,NaN,NaN
1659,2032,3890.000,7.653,-7.317,-0.160,-0.027,NaN,NaN,890,0,-2.654,-1.327,NaN,NaN,NaN,NaN,NaN,NaN,NaN,NaN,NaN,NaN,NaN
1660,2200,3890.000,11.448,-7.118,-0.286,-0.080,NaN,1.000,890,0,0.000,2.026,1342.000,203.000,1581.000,437.000,11.430,-7.130,-1.310,1.720,0.520,1.820,-2.908
1661,2265,3890.000,20.864,-3.244,-0.206,-0.166,0.033,NaN,890,0,-1.676,-1.309,804.000,201.000,850.000,342.000,NaN,NaN,NaN,NaN,NaN,NaN,NaN
1662,2335,3890.000,21.325,-4.221,-0.231,-0.152,0.713,0.015,890,0,2.756,-1.288,859.000,193.000,910.000,279.000,21.320,-4.240,-1.190,0.790,0.610,1.780,-2.518
1663,2358,3890.000,15.781,5.930,0.168,-0.114,NaN,NaN,890,0,-1.744,-0.872,NaN,NaN,NaN,NaN,NaN,NaN,NaN,NaN,NaN,NaN,NaN
1664,2441,3890.000,17.540,3.043,-0.001,-0.007,NaN,NaN,890,0,-0.000,-0.000,NaN,NaN,NaN,NaN,NaN,NaN,NaN,NaN,NaN,NaN,NaN
1665,2448,3890.000,36.300,-12.140,0.000,0.000,0.594,0.027,890,0,-1.409,-1.986,1055.000,192.000,1085.000,257.000,36.300,-12.140,-0.940,1.670,0.440,1.690,0.300
1666,2454,3890.000,20.910,-3.170,0.000,0.000,0.007,0.314,890,0,-2.656,-0.163,810.000,184.000,858.000,285.000,20.910,-3.170,-1.100,1.720,0.570,1.780,-2.509
1667,2032,3891.000,7.493,-7.346,-0.160,-0.029,NaN,NaN,891,0,-2.654,-1.327,NaN,NaN,NaN,NaN,NaN,NaN,NaN,NaN,NaN,NaN,NaN
1668,2200,3891.000,11.107,-7.181,-0.302,-0.078,NaN,0.999,891,0,0.000,2.026,1360.000,199.000,1641.000,434.000,11.040,-7.180,-1.240,1.920,0.530,1.750,-2.865
1669,2265,3891.000,20.588,-3.396,-0.222,-0.164,0.563,0.357,891,0,1.333,-0.057,820.000,190.000,854.000,289.000,20.530,-3.360,-1.070,1.660,0.490,1.710,-2.601
1670,2335,3891.000,21.093,-4.370,-0.231,-0.150,0.639,NaN,891,0,1.407,-1.298,873.000,193.000,916.000,268.000,NaN,NaN,NaN,NaN,NaN,NaN,NaN
1671,2358,3891.000,15.949,5.815,0.168,-0.115,NaN,NaN,891,0,-1.412,-0.735,NaN,NaN,NaN,NaN,NaN,NaN,NaN,NaN,NaN,NaN,NaN
1672,2441,3891.000,17.538,3.038,-0.002,-0.005,NaN,NaN,891,0,-0.000,-0.000,NaN,NaN,NaN,NaN,NaN,NaN,NaN,NaN,NaN,NaN,NaN
1673,2448,3891.000,36.102,-12.193,-0.033,-0.018,0.710,0.034,891,0,-0.674,-1.986,1056.000,191.000,1086.000,259.000,35.940,-12.280,-1.160,0.900,0.720,1.850,-0.630
1674,2454,3891.000,20.913,-3.163,-0.001,0.006,NaN,NaN,891,0,-2.622,-1.311,NaN,NaN,NaN,NaN,NaN,NaN,NaN,NaN,NaN,NaN,NaN
1675,2032,3892.000,7.332,-7.374,-0.161,-0.028,NaN,NaN,892,0,-2.654,-1.327,NaN,NaN,NaN,NaN,NaN,NaN,NaN,NaN,NaN,NaN,NaN
1676,2200,3892.000,10.804,-7.257,-0.302,-0.077,NaN,NaN,892,0,-2.654,-1.327,NaN,NaN,NaN,NaN,NaN,NaN,NaN,NaN,NaN,NaN,NaN
1677,2265,3892.000,20.370,-3.844,-0.218,-0.231,0.076,NaN,892,0,-1.919,-1.301,879.000,194.000,911.000,261.000,NaN,NaN,NaN,NaN,NaN,NaN,NaN
1678,2335,3892.000,20.865,-4.509,-0.230,-0.147,0.435,NaN,892,0,-0.211,-1.287,879.000,194.000,932.000,270.000,NaN,NaN,NaN,NaN,NaN,NaN,NaN
1679,2358,3892.000,16.126,5.806,0.164,-0.096,0.047,NaN,892,0,-0.499,-0.482,103.000,215.000,168.000,387.000,NaN,NaN,NaN,NaN,NaN,NaN,NaN
1680,2441,3892.000,17.536,3.033,-0.002,-0.005,NaN,NaN,892,0,-0.000,-0.000,NaN,NaN,NaN,NaN,NaN,NaN,NaN,NaN,NaN,NaN,NaN
1681,2448,3892.000,36.070,-12.221,-0.035,-0.023,0.364,NaN,892,0,-0.711,-1.227,1057.000,191.000,1083.000,244.000,NaN,NaN,NaN,NaN,NaN,NaN,NaN
1682,2454,3892.000,20.910,-3.159,-0.003,0.004,NaN,NaN,892,0,-2.622,-1.311,NaN,NaN,NaN,NaN,NaN,NaN,NaN,NaN,NaN,NaN,NaN
1683,2032,3893.000,7.172,-7.400,-0.160,-0.026,NaN,NaN,893,0,-2.654,-1.327,NaN,NaN,NaN,NaN,NaN,NaN,NaN,NaN,NaN,NaN,NaN
1684,2200,3893.000,10.585,-7.279,-0.280,-0.061,NaN,0.999,893,0,0.000,2.026,1399.000,200.000,1681.000,438.000,10.640,-7.240,-1.230,1.770,0.520,1.710,-2.836
1685,2265,3893.000,20.142,-4.006,-0.216,-0.209,0.015,0.040,893,0,-2.517,-1.151,844.000,189.000,888.000,294.000,20.290,-3.540,-1.200,1.730,0.600,1.900,-2.560
1686,2335,3893.000,20.630,-4.641,-0.232,-0.144,0.638,0.009,893,0,1.954,-1.311,894.000,193.000,949.000,272.000,20.610,-4.620,-1.160,1.450,0.580,1.680,-0.009
1687,2358,3893.000,16.270,5.679,0.162,-0.103,0.094,NaN,893,0,-0.405,-0.508,123.000,214.000,189.000,386.000,NaN,NaN,NaN,NaN,NaN,NaN,NaN
1688,2441,3893.000,17.535,3.028,-0.001,-0.005,NaN,NaN,893,0,-0.000,-0.000,NaN,NaN,NaN,NaN,NaN,NaN,NaN,NaN,NaN,NaN,NaN
1689,2448,3893.000,36.034,-12.244,-0.035,-0.023,NaN,NaN,893,0,-2.477,-1.239,NaN,NaN,NaN,NaN,NaN,NaN,NaN,NaN,NaN,NaN,NaN
1690,2454,3893.000,20.875,-3.767,-0.015,-0.182,0.136,NaN,893,0,-1.591,-1.311,844.000,191.000,894.000,260.000,NaN,NaN,NaN,NaN,NaN,NaN,NaN
1691,2032,3894.000,7.011,-7.427,-0.161,-0.028,NaN,NaN,894,0,-2.654,-1.327,NaN,NaN,NaN,NaN,NaN,NaN,NaN,NaN,NaN,NaN,NaN
1692,2200,3894.000,10.208,-7.343,-0.304,-0.060,NaN,0.999,894,0,0.000,1.960,1443.000,201.000,1759.000,459.000,10.130,-7.330,-1.250,1.920,0.530,1.750,-2.942
1693,2265,3894.000,19.872,-4.113,-0.216,-0.171,0.030,0.128,894,0,-2.445,-0.661,859.000,190.000,910.000,332.000,19.950,-3.810,-1.110,0.720,0.670,1.850,-0.119
1694,2335,3894.000,20.295,-4.812,-0.256,-0.149,0.589,0.009,894,0,1.644,-1.292,914.000,193.000,964.000,268.000,20.200,-4.860,-1.150,1.670,0.600,1.810,-2.499
1695,2358,3894.000,16.358,5.714,0.154,-0.077,0.278,NaN,894,0,-0.563,-0.536,147.000,215.000,161.000,232.000,NaN,NaN,NaN,NaN,NaN,NaN,NaN
1696,2441,3894.000,17.535,3.023,-0.000,-0.005,NaN,NaN,894,0,-0.000,-0.000,NaN,NaN,NaN,NaN,NaN,NaN,NaN,NaN,NaN,NaN,NaN
1697,2448,3894.000,36.000,-12.267,-0.035,-0.023,NaN,NaN,894,0,-2.499,-1.250,NaN,NaN,NaN,NaN,NaN,NaN,NaN,NaN,NaN,NaN,NaN
1698,2454,3894.000,20.775,-4.038,-0.041,-0.206,0.751,NaN,894,0,2.906,-1.273,860.000,191.000,910.000,264.000,NaN,NaN,NaN,NaN,NaN,NaN,NaN
1699,2032,3895.000,6.850,-7.454,-0.161,-0.027,NaN,NaN,895,0,-2.654,-1.327,NaN,NaN,NaN,NaN,NaN,NaN,NaN,NaN,NaN,NaN,NaN
1700,2200,3895.000,9.904,-7.403,-0.304,-0.060,NaN,NaN,895,0,-2.654,-1.327,NaN,NaN,NaN,NaN,NaN,NaN,NaN,NaN,NaN,NaN,NaN
1701,2265,3895.000,19.666,-4.228,-0.209,-0.147,0.757,NaN,895,0,3.077,-1.278,867.000,191.000,911.000,264.000,NaN,NaN,NaN,NaN,NaN,NaN,NaN
1702,2335,3895.000,20.045,-4.932,-0.252,-0.142,0.705,NaN,895,0,2.280,-1.319,916.000,194.000,971.000,271.000,NaN,NaN,NaN,NaN,NaN,NaN,NaN
1703,2358,3895.000,16.513,5.637,0.156,-0.077,NaN,NaN,895,0,-1.020,-0.510,NaN,NaN,NaN,NaN,NaN,NaN,NaN,NaN,NaN,NaN,NaN
1704,2441,3895.000,17.536,3.018,0.001,-0.005,NaN,NaN,895,0,-0.000,-0.000,NaN,NaN,NaN,NaN,NaN,NaN,NaN,NaN,NaN,NaN,NaN
1705,2448,3895.000,35.965,-12.289,-0.034,-0.022,NaN,NaN,895,0,-2.544,-1.272,NaN,NaN,NaN,NaN,NaN,NaN,NaN,NaN,NaN,NaN,NaN
1706,2454,3895.000,20.863,-4.233,-0.014,-0.204,0.032,NaN,895,0,-1.802,-1.292,866.000,192.000,911.000,322.000,NaN,NaN,NaN,NaN,NaN,NaN,NaN
1707,2032,3896.000,6.688,-7.482,-0.162,-0.027,NaN,NaN,896,0,-2.654,-1.327,NaN,NaN,NaN,NaN,NaN,NaN,NaN,NaN,NaN,NaN,NaN
1708,2200,3896.000,9.619,-7.451,-0.299,-0.055,NaN,1.000,896,0,0.000,1.960,1493.000,195.000,1845.000,491.000,9.630,-7.440,-1.280,1.950,0.550,1.900,-2.969
1709,2265,3896.000,19.426,-4.496,-0.220,-0.192,0.117,NaN,896,0,-1.860,-1.287,933.000,194.000,987.000,252.000,NaN,NaN,NaN,NaN,NaN,NaN,NaN
1710,2335,3896.000,19.788,-5.073,-0.254,-0.142,0.509,NaN,896,0,0.501,-1.321,933.000,194.000,988.000,294.000,NaN,NaN,NaN,NaN,NaN,NaN,NaN
1711,2358,3896.000,16.667,5.515,0.159,-0.094,0.035,NaN,896,0,-1.097,-0.914,159.000,207.000,222.000,370.000,NaN,NaN,NaN,NaN,NaN,NaN,NaN
1712,2441,3896.000,17.043,5.446,-0.048,0.268,0.037,NaN,896,0,-0.000,-0.000,160.000,207.000,223.000,291.000,NaN,NaN,NaN,NaN,NaN,NaN,NaN
1713,2448,3896.000,37.027,-11.401,0.139,0.177,0.071,NaN,896,0,-2.421,-1.282,1019.000,202.000,1037.000,227.000,NaN,NaN,NaN,NaN,NaN,NaN,NaN
1714,2454,3896.000,20.810,-4.447,-0.022,-0.208,0.510,NaN,896,0,0.669,-1.298,882.000,192.000,933.000,295.000,NaN,NaN,NaN,NaN,NaN,NaN,NaN
1715,2032,3897.000,6.525,-7.510,-0.163,-0.029,NaN,NaN,897,0,-2.654,-1.327,NaN,NaN,NaN,NaN,NaN,NaN,NaN,NaN,NaN,NaN,NaN
1716,2200,3897.000,9.250,-7.513,-0.318,-0.058,NaN,1.000,897,0,0.000,1.890,1544.000,200.000,1925.000,504.000,9.190,-7.530,-1.290,1.990,0.520,1.850,-2.990
1717,2265,3897.000,19.170,-4.548,-0.228,-0.149,0.763,0.070,897,0,3.757,-0.893,897.000,191.000,948.000,279.000,19.130,-4.350,-1.130,1.920,0.590,1.830,-2.447
1718,2335,3897.000,19.471,-5.224,-0.266,-0.146,0.504,0.006,897,0,0.922,-1.291,948.000,192.000,1002.000,277.000,19.460,-5.230,-1.280,1.680,0.560,1.660,-2.731
1719,2358,3897.000,16.826,5.420,0.159,-0.094,NaN,NaN,897,0,-2.303,-1.152,NaN,NaN,NaN,NaN,NaN,NaN,NaN,NaN,NaN,NaN,NaN
1720,2441,3897.000,16.843,5.446,-0.045,0.216,0.065,NaN,897,0,-2.517,-1.246,185.000,196.000,193.000,209.000,NaN,NaN,NaN,NaN,NaN,NaN,NaN
1721,2448,3897.000,37.166,-11.225,0.138,0.176,NaN,NaN,897,0,-2.618,-1.309,NaN,NaN,NaN,NaN,NaN,NaN,NaN,NaN,NaN,NaN,NaN
1722,2454,3897.000,20.789,-4.654,-0.021,-0.208,NaN,NaN,897,0,-2.580,-1.290,NaN,NaN,NaN,NaN,NaN,NaN,NaN,NaN,NaN,NaN,NaN
1723,2032,3898.000,6.362,-7.540,-0.164,-0.029,NaN,NaN,898,0,-2.654,-1.327,NaN,NaN,NaN,NaN,NaN,NaN,NaN,NaN,NaN,NaN,NaN
1724,2200,3898.000,8.933,-7.571,-0.316,-0.057,NaN,NaN,898,0,-2.654,-1.327,NaN,NaN,NaN,NaN,NaN,NaN,NaN,NaN,NaN,NaN,NaN
1725,2265,3898.000,18.943,-4.698,-0.227,-0.150,NaN,NaN,898,0,-2.633,-1.316,NaN,NaN,NaN,NaN,NaN,NaN,NaN,NaN,NaN,NaN,NaN
1726,2335,3898.000,19.220,-5.331,-0.261,-0.136,0.331,NaN,898,0,-0.425,-1.325,956.000,192.000,1011.000,301.000,NaN,NaN,NaN,NaN,NaN,NaN,NaN
1727,2358,3898.000,16.974,5.264,0.161,-0.110,0.292,NaN,898,0,-0.638,-1.241,179.000,214.000,245.000,297.000,NaN,NaN,NaN,NaN,NaN,NaN,NaN
1728,2441,3898.000,16.796,5.648,-0.042,0.209,0.114,NaN,898,0,-2.034,-1.236,167.000,206.000,178.000,239.000,NaN,NaN,NaN,NaN,NaN,NaN,NaN
1729,2448,3898.000,37.349,-10.959,0.142,0.203,0.306,NaN,898,0,-0.926,-1.256,956.000,192.000,1011.000,249.000,NaN,NaN,NaN,NaN,NaN,NaN,NaN
1730,2454,3898.000,20.896,-4.887,-0.005,-0.210,0.588,NaN,898,0,1.124,-1.300,904.000,189.000,959.000,283.000,NaN,NaN,NaN,NaN,NaN,NaN,NaN
1731,2032,3899.000,6.198,-7.568,-0.163,-0.029,NaN,NaN,899,0,-2.654,-1.327,NaN,NaN,NaN,NaN,NaN,NaN,NaN,NaN,NaN,NaN,NaN
1732,2200,3899.000,8.935,-7.587,-0.233,-0.049,NaN,0.382,899,0,0.000,-0.122,1613.000,224.000,1833.000,488.000,9.170,-7.550,-1.380,0.920,0.590,1.690,-0.093
1733,2265,3899.000,18.762,-4.584,-0.208,-0.085,0.827,0.625,899,0,4.511,1.054,922.000,188.000,973.000,295.000,18.820,-4.390,-1.090,1.750,0.550,1.800,-2.742
1734,2335,3899.000,18.958,-5.466,-0.261,-0.136,NaN,NaN,899,0,-2.648,-1.324,NaN,NaN,NaN,NaN,NaN,NaN,NaN,NaN,NaN,NaN,NaN
1735,2358,3899.000,17.136,5.154,0.162,-0.110,NaN,NaN,899,0,-2.460,-1.230,NaN,NaN,NaN,NaN,NaN,NaN,NaN,NaN,NaN,NaN,NaN
1736,2441,3899.000,16.754,5.857,-0.042,0.209,NaN,NaN,899,0,-2.112,-1.056,NaN,NaN,NaN,NaN,NaN,NaN,NaN,NaN,NaN,NaN,NaN
1737,2448,3899.000,37.482,-10.745,0.142,0.205,0.473,NaN,899,0,0.237,-1.188,970.000,193.000,1027.000,279.000,NaN,NaN,NaN,NaN,NaN,NaN,NaN
1738,2454,3899.000,20.892,-5.095,-0.004,-0.209,NaN,NaN,899,0,-2.526,-1.320,NaN,NaN,NaN,NaN,NaN,NaN,NaN,NaN,NaN,NaN,NaN
1739,2032,3900.000,6.035,-7.597,-0.163,-0.028,NaN,NaN,900,0,-2.654,-1.327,NaN,NaN,NaN,NaN,NaN,NaN,NaN,NaN,NaN,NaN,NaN
1740,2200,3900.000,8.696,-7.607,-0.232,-0.043,NaN,0.017,900,0,0.000,-1.121,1630.000,294.000,1957.000,600.000,8.630,-7.570,-1.870,1.510,0.570,1.720,-3.133
1741,2265,3900.000,18.455,-4.718,-0.238,-0.099,0.813,0.002,900,0,4.520,-1.272,937.000,190.000,988.000,295.000,18.320,-4.800,-1.130,2.080,0.430,2.030,-2.829
1742,2335,3900.000,18.600,-5.509,-0.279,-0.115,0.752,0.011,900,0,3.612,-1.290,987.000,194.000,1044.000,295.000,18.570,-5.460,-1.180,1.650,0.580,1.830,-3.103
1743,2358,3900.000,17.275,4.999,0.162,-0.118,0.277,NaN,900,0,-0.618,-1.140,206.000,212.000,269.000,299.000,NaN,NaN,NaN,NaN,NaN,NaN,NaN
1744,2441,3900.000,16.713,6.065,-0.041,0.208,NaN,NaN,900,0,-1.038,-0.519,NaN,NaN,NaN,NaN,NaN,NaN,NaN,NaN,NaN,NaN,NaN
1745,2448,3900.000,37.624,-10.540,0.142,0.205,NaN,NaN,900,0,-2.329,-1.164,NaN,NaN,NaN,NaN,NaN,NaN,NaN,NaN,NaN,NaN,NaN
1746,2454,3900.000,20.888,-5.305,-0.004,-0.209,NaN,NaN,900,0,-2.540,-1.322,NaN,NaN,NaN,NaN,NaN,NaN,NaN,NaN,NaN,NaN,NaN
1747,2468,3900.000,17.430,3.080,0.000,0.000,NaN,0.138,900,0,-0.000,-0.000,345.000,73.000,417.000,215.000,17.430,3.080,0.240,0.800,0.620,1.720,1.876
1748,2469,3900.000,13.630,-4.650,0.000,0.000,NaN,0.081,900,0,-2.381,-0.736,1027.000,100.000,1137.000,298.000,13.630,-4.650,-0.390,0.810,0.540,1.890,-2.295
