730 190 765 274 0.844479 0
930 198 983 305 0.829283 0
1131 196 1153 253 0.750817 0
591 190 614 248 0.652585 0
1067 189 1094 258 0.544337 0
240 203 255 242 0.398072 0
475 200 490 254 0.232884 0
963 183 976 219 0.211695 0
477 201 490 252 0.197986 0
212 185 225 230 0.153513 0
1066 189 1101 262 0.125467 0
473 205 485 248 0.114193 0
472 203 489 253 0.111846 0
477 198 494 253 0.084928 0
476 199 492 250 0.072173 0
964 184 978 220 0.054242 0
960 184 975 219 0.045510 0
469 201 485 252 0.042283 0
474 192 492 253 0.042058 0
225 183 231 199 0.037825 0
958 369 981 426 0.037452 0
962 184 978 230 0.037090 0
784 197 794 215 0.036900 0
241 197 256 241 0.035796 0
633 202 643 215 0.034239 0
214 184 225 222 0.030905 0
1069 201 1112 264 0.030250 0
960 185 974 223 0.028666 0
468 205 488 255 0.027753 0
1146 309 1168 344 0.026526 0
1111 193 1121 208 0.025049 0
1111 193 1120 204 0.024923 0
963 182 981 221 0.023801 0
1103 312 1113 327 0.023488 0
693 207 703 233 0.021276 0
926 447 935 456 0.020569 0
1066 205 1093 260 0.020269 0
887 471 897 486 0.020196 0
998 379 1023 425 0.019920 0
1120 408 1128 424 0.019436 0
1215 192 1228 232 0.018764 0
957 370 979 454 0.018207 0
983 446 993 456 0.017717 0
863 438 875 455 0.017155 0
213 184 230 231 0.016716 0
471 198 485 249 0.016217 0
692 207 703 237 0.015776 0
958 366 987 426 0.015459 0
212 186 226 236 0.015129 0
1103 312 1119 354 0.014937 0
1151 308 1168 343 0.014445 0
510 197 517 213 0.014359 0
1016 205 1024 223 0.014344 0
864 440 873 455 0.014031 0
993 447 1000 458 0.013991 0
983 447 993 463 0.013876 0
464 202 482 251 0.013148 0
783 197 794 233 0.013003 0
510 197 517 216 0.012034 0
789 330 810 344 0.012004 0
634 186 644 215 0.011701 0
1071 484 1081 499 0.011692 0
959 440 969 460 0.011646 0
916 473 928 483 0.011608 0
959 440 968 456 0.011597 0
1145 324 1169 346 0.011591 0
785 197 794 217 0.011448 0
838 468 848 478 0.011405 0
915 475 928 487 0.010961 0
983 440 993 456 0.010817 0
897 472 905 485 0.010692 0
958 196 975 228 0.010541 0
1216 191 1226 228 0.010373 0
911 472 928 487 0.010263 0
1014 383 1024 423 0.010156 0
707 203 728 234 0.009966 0
594 191 613 226 0.009622 0
319 204 331 230 0.009572 0
1167 401 1175 422 0.009273 0
864 437 879 455 0.009244 0
995 379 1021 428 0.008929 0
847 196 856 240 0.008689 0
838 466 848 478 0.008602 0
1178 344 1187 358 0.008571 0
1215 192 1230 232 0.008488 0
862 435 881 479 0.008399 0
1000 382 1017 398 0.008389 0
1102 311 1120 361 0.008297 0
847 183 857 223 0.008289 0
1011 207 1025 226 0.008177 0
831 465 841 477 0.007964 0
846 194 858 242 0.007919 0
991 448 1000 463 0.007839 0
1119 312 1129 329 0.007827 0
957 360 982 458 0.007778 0
783 194 794 215 0.007722 0
963 370 980 397 0.007717 0
862 435 878 456 0.007699 0
861 432 870 449 0.007591 0
848 188 865 241 0.007551 0
1144 327 1154 344 0.007512 0
1071 487 1081 501 0.007455 0
689 207 703 238 0.007446 0
1014 385 1024 408 0.007439 0
856 463 864 475 0.007313 0
911 475 926 487 0.007181 0
747 197 763 235 0.007090 0
225 184 233 201 0.007046 0
1110 193 1121 204 0.006813 0
1167 395 1176 421 0.006795 0
1063 464 1070 471 0.006729 0
831 469 841 478 0.006669 0
306 185 323 198 0.006662 0
514 191 524 201 0.006600 0
464 202 475 249 0.006580 0
1033 455 1040 464 0.006572 0
1119 311 1131 342 0.006559 0
1056 488 1066 496 0.006550 0
847 197 857 227 0.006520 0
518 191 527 209 0.006498 0
1013 380 1025 410 0.006493 0
1039 206 1050 229 0.006477 0
1191 383 1206 415 0.006309 0
754 205 767 232 0.006306 0
510 192 532 247 0.006302 0
212 181 227 230 0.006288 0
510 193 527 235 0.006279 0
757 206 767 236 0.006144 0
959 437 971 461 0.006136 0
926 440 936 456 0.006087 0
929 210 976 299 0.006068 0
982 445 992 462 0.006046 0
1216 195 1229 233 0.006036 0
1175 400 1184 423 0.005980 0
1151 447 1161 465 0.005949 0
1176 405 1184 423 0.005930 0
833 467 848 478 0.005913 0
639 199 653 215 0.005899 0
1144 318 1168 344 0.005893 0
3 64 320 217 0.005888 0
1175 344 1187 359 0.005870 0
1046 482 1055 494 0.005803 0
1040 455 1047 464 0.005798 0
930 204 979 290 0.005787 0
860 429 884 455 0.005727 0
1152 448 1161 467 0.005727 0
789 329 815 344 0.005651 0
639 686 671 703 0.005623 0
464 206 481 259 0.005601 0
633 186 646 215 0.005500 0
512 191 529 245 0.005463 0
315 64 495 208 0.005350 0
783 197 798 234 0.005342 0
1228 535 1257 551 0.005312 0
847 463 856 474 0.005295 0
927 383 945 425 0.005290 0
1119 312 1133 345 0.005219 0
1246 329 1264 407 0.005021 0
464 205 478 252 0.005001 0
1048 455 1056 466 0.004887 0
1119 312 1136 346 0.004841 0
922 448 930 456 0.004805 0
634 184 643 200 0.004755 0
896 472 913 486 0.004727 0
822 329 847 344 0.004647 0
878 434 888 456 0.004617 0
210 183 225 230 0.004525 0
1132 197 1153 242 0.004504 0
622 184 629 200 0.004478 0
1174 235 1183 249 0.004466 0
592 191 613 220 0.004451 0
965 369 979 389 0.004415 0
1246 342 1264 404 0.004410 0
510 194 523 237 0.004378 0
1136 446 1144 457 0.004347 0
1119 313 1136 360 0.004315 0
798 438 817 472 0.004263 0
1231 196 1257 233 0.004261 0
623 186 630 200 0.004220 0
671 207 680 231 0.004204 0
953 186 973 225 0.004103 0
1131 199 1145 231 0.004092 0
1063 192 1090 252 0.003955 0
1087 460 1096 471 0.003950 0
1024 456 1032 464 0.003944 0
1143 313 1169 348 0.003825 0
798 438 820 472 0.003814 0
741 190 759 214 0.003802 0
822 462 832 472 0.003799 0
879 471 896 487 0.003785 0
965 372 979 391 0.003747 0
751 462 761 472 0.003738 0
1149 327 1169 354 0.003717 0
1045 483 1057 496 0.003702 0
927 388 939 424 0.003698 0
1178 344 1194 357 0.003675 0
709 209 728 234 0.003667 0
499 190 535 248 0.003608 0
754 206 766 236 0.003597 0
753 199 768 232 0.003572 0
346 187 353 199 0.003511 0
1216 191 1224 204 0.003488 0
958 357 1024 427 0.003466 0
887 201 904 243 0.003431 0
1271 198 1279 235 0.003428 0
703 423 722 465 0.003263 0
665 454 672 463 0.003211 0
796 417 819 472 0.003211 0
484 198 496 215 0.003200 0
1135 446 1144 468 0.003175 0
648 192 655 209 0.003168 0
878 438 888 458 0.003149 0
415 252 420 270 0.003122 0
926 451 937 463 0.003115 0
477 187 495 242 0.003104 0
588 170 595 183 0.003083 0
1044 485 1067 501 0.003073 0
926 357 947 426 0.003065 0
1133 194 1153 220 0.003005 0
891 202 903 235 0.002993 0
963 437 976 462 0.002975 0
1151 447 1165 479 0.002960 0
703 324 720 377 0.002923 0
988 366 1019 425 0.002902 0
985 359 1017 425 0.002878 0
1 64 238 216 0.002877 0
965 369 982 391 0.002855 0
879 201 904 244 0.002847 0
1121 407 1128 425 0.002833 0
744 191 761 234 0.002797 0
372 64 496 215 0.002789 0
1008 431 1014 440 0.002782 0
209 190 224 229 0.002776 0
750 454 762 471 0.002771 0
1102 487 1120 505 0.002766 0
1163 228 1184 249 0.002752 0
735 190 749 211 0.002747 0
1273 199 1279 237 0.002733 0
959 424 974 460 0.002724 0
1009 374 1024 406 0.002711 0
1046 480 1056 489 0.002707 0
199 211 208 226 0.002706 0
1119 312 1135 340 0.002698 0
848 207 866 241 0.002684 0
927 447 938 458 0.002666 0
956 370 997 427 0.002664 0
1103 487 1133 509 0.002646 0
1039 420 1049 438 0.002622 0
960 426 976 461 0.002614 0
1111 415 1120 424 0.002604 0
833 467 848 510 0.002598 0
848 217 866 242 0.002593 0
677 451 688 463 0.002578 0
1206 174 1228 227 0.002557 0
594 192 614 217 0.002540 0
1000 376 1022 398 0.002527 0
866 457 880 477 0.002526 0
932 396 944 424 0.002520 0
323 64 495 267 0.002510 0
930 444 944 456 0.002478 0
788 324 812 344 0.002475 0
1175 344 1195 359 0.002467 0
784 197 797 215 0.002441 0
1171 394 1184 423 0.002424 0
772 432 784 456 0.002422 0
999 432 1013 456 0.002411 0
1191 208 1205 227 0.002407 0
349 188 357 199 0.002406 0
575 424 584 432 0.002403 0
912 448 923 457 0.002388 0
797 414 830 468 0.002383 0
969 455 976 462 0.002383 0
895 416 904 437 0.002370 0
999 508 1016 521 0.002367 0
213 184 234 238 0.002366 0
1005 444 1016 456 0.002362 0
914 455 927 463 0.002332 0
799 438 809 467 0.002324 0
1151 439 1158 451 0.002319 0
1208 168 1218 200 0.002318 0
1204 503 1216 513 0.002316 0
998 431 1023 456 0.002306 0
847 178 867 241 0.002297 0
1246 343 1263 417 0.002276 0
773 424 784 440 0.002268 0
976 368 984 391 0.002237 0
649 408 656 423 0.002216 0
1127 445 1135 457 0.002215 0
893 473 912 487 0.002193 0
1104 310 1120 366 0.002166 0
703 337 718 378 0.002149 0
717 192 728 217 0.002134 0
1095 410 1103 424 0.002132 0
1014 387 1024 428 0.002130 0
878 202 898 240 0.002120 0
1033 485 1058 501 0.002110 0
1031 490 1040 503 0.002110 0
1056 488 1067 502 0.002100 0
991 446 1002 462 0.002099 0
1087 457 1096 471 0.002089 0
1000 431 1009 440 0.002086 0
1015 456 1024 465 0.002085 0
683 202 692 217 0.002085 0
793 416 827 472 0.002075 0
847 223 856 242 0.002074 0
1128 383 1136 391 0.002065 0
1030 477 1040 502 0.002057 0
1031 482 1046 503 0.002051 0
1039 425 1048 439 0.002051 0
821 324 848 344 0.002045 0
798 418 809 442 0.002041 0
1104 312 1127 328 0.002039 0
1036 479 1067 499 0.002035 0
1199 503 1210 513 0.002031 0
1104 487 1119 496 0.002010 0
882 469 927 486 0.002007 0
990 215 997 225 0.001999 0
974 360 998 424 0.001976 0
811 209 826 236 0.001976 0
832 420 848 455 0.001974 0
1210 165 1231 233 0.001968 0
758 431 768 444 0.001962 0
1136 444 1145 466 0.001940 0
639 689 668 703 0.001939 0
989 203 998 225 0.001932 0
207 194 225 232 0.001931 0
1166 376 1186 422 0.001917 0
930 439 944 454 0.001915 0
895 439 903 456 0.001910 0
158 206 166 226 0.001903 0
464 201 471 219 0.001889 0
1247 343 1262 358 0.001888 0
54 64 341 211 0.001884 0
663 291 683 350 0.001879 0
966 215 977 232 0.001869 0
910 336 926 360 0.001864 0
1096 504 1104 512 0.001863 0
1135 440 1144 457 0.001857 0
1057 486 1081 501 0.001856 0
966 366 1001 425 0.001848 0
882 440 898 456 0.001845 0
616 455 623 463 0.001842 0
1111 455 1120 471 0.001840 0
803 328 815 344 0.001838 0
703 440 721 466 0.001835 0
930 389 945 444 0.001822 0
1 64 191 217 0.001818 0
1144 311 1175 349 0.001786 0
925 368 948 457 0.001784 0
1229 494 1252 551 0.001777 0
1095 492 1105 506 0.001777 0
926 377 945 424 0.001766 0
0 64 59 217 0.001765 0
1033 484 1064 503 0.001765 0
979 357 998 392 0.001760 0
1022 446 1037 459 0.001732 0
703 432 723 468 0.001732 0
977 363 995 422 0.001732 0
1059 391 1076 408 0.001729 0
895 476 913 487 0.001720 0
346 185 353 199 0.001718 0
1069 189 1091 220 0.001718 0
0 258 31 424 0.001712 0
998 444 1011 457 0.001709 0
798 424 809 449 0.001707 0
679 449 688 463 0.001698 0
1206 408 1216 424 0.001686 0
634 183 645 203 0.001683 0
735 192 762 243 0.001667 0
959 355 980 400 0.001662 0
1022 445 1040 463 0.001660 0
981 373 992 392 0.001645 0
721 324 741 360 0.001642 0
999 507 1016 524 0.001633 0
766 431 773 444 0.001626 0
727 324 738 345 0.001626 0
1180 164 1203 218 0.001624 0
1044 422 1056 438 0.001618 0
1014 471 1024 494 0.001612 0
731 197 750 268 0.001612 0
1244 198 1257 233 0.001608 0
688 206 700 233 0.001604 0
515 195 538 247 0.001597 0
953 200 972 224 0.001587 0
926 378 960 426 0.001580 0
897 417 913 440 0.001570 0
719 432 737 461 0.001566 0
1151 409 1159 423 0.001565 0
856 431 870 440 0.001561 0
639 677 672 703 0.001561 0
1095 404 1104 423 0.001555 0
1150 445 1172 480 0.001553 0
928 350 984 457 0.001553 0
999 450 1008 464 0.001548 0
1242 456 1258 472 0.001544 0
726 325 738 355 0.001536 0
1101 487 1139 508 0.001532 0
962 372 979 392 0.001525 0
909 336 924 351 0.001514 0
1102 311 1115 363 0.001513 0
894 432 903 456 0.001512 0
1049 428 1056 438 0.001507 0
1062 393 1074 408 0.001500 0
979 447 992 487 0.001496 0
239 202 263 242 0.001493 0
751 458 771 472 0.001492 0
664 312 681 350 0.001492 0
1127 444 1136 471 0.001491 0
1152 301 1168 340 0.001489 0
1038 479 1057 500 0.001488 0
1192 202 1208 225 0.001475 0
894 418 913 458 0.001473 0
684 197 692 215 0.001472 0
665 448 671 462 0.001463 0
1007 456 1016 466 0.001455 0
356 64 494 360 0.001455 0
1247 346 1261 359 0.001452 0
314 197 334 231 0.001449 0
1245 344 1279 430 0.001448 0
880 438 901 456 0.001436 0
979 358 1002 395 0.001429 0
880 422 905 456 0.001428 0
1245 342 1263 426 0.001421 0
332 186 342 199 0.001412 0
981 368 992 392 0.001411 0
1193 211 1212 228 0.001410 0
909 336 923 344 0.001400 0
785 196 801 238 0.001396 0
1144 326 1171 354 0.001393 0
1014 419 1024 440 0.001381 0
158 206 167 231 0.001381 0
196 205 209 228 0.001380 0
832 429 845 455 0.001375 0
437 192 443 203 0.001373 0
1188 382 1216 417 0.001372 0
878 200 901 237 0.001368 0
587 199 612 217 0.001355 0
213 191 226 240 0.001353 0
1071 456 1080 471 0.001350 0
879 454 888 465 0.001349 0
719 435 736 462 0.001346 0
909 336 926 354 0.001345 0
1013 426 1025 440 0.001333 0
1191 372 1231 424 0.001329 0
1054 390 1067 408 0.001329 0
954 354 1029 465 0.001329 0
1134 454 1150 472 0.001323 0
785 316 809 344 0.001314 0
704 423 720 450 0.001313 0
724 422 737 459 0.001304 0
719 435 737 467 0.001302 0
1244 458 1257 472 0.001294 0
406 251 414 271 0.001294 0
1022 190 1098 262 0.001292 0
784 329 811 345 0.001289 0
735 324 744 339 0.001282 0
608 159 617 177 0.001282 0
664 319 680 349 0.001281 0
1213 408 1224 424 0.001280 0
1074 439 1087 452 0.001280 0
756 422 784 455 0.001277 0
1111 407 1127 424 0.001275 0
1055 375 1064 385 0.001273 0
801 415 809 423 0.001271 0
822 327 848 343 0.001269 0
838 504 847 511 0.001262 0
574 430 592 459 0.001261 0
1098 321 1117 347 0.001255 0
734 184 748 206 0.001252 0
1084 202 1099 230 0.001250 0
1071 485 1087 501 0.001249 0
761 437 784 456 0.001238 0
949 336 979 402 0.001237 0
813 326 831 344 0.001237 0
948 357 961 394 0.001230 0
726 325 744 353 0.001224 0
813 327 844 344 0.001221 0
703 315 721 378 0.001217 0
881 353 993 468 0.001216 0
1166 465 1178 495 0.001216 0
314 64 494 363 0.001208 0
895 422 904 449 0.001207 0
687 423 696 438 0.001207 0
1143 394 1154 407 0.001205 0
1088 196 1098 222 0.001205 0
1273 198 1279 246 0.001199 0
662 304 688 376 0.001193 0
990 189 1004 224 0.001191 0
454 203 481 252 0.001190 0
1183 386 1205 412 0.001190 0
841 433 880 474 0.001189 0
865 208 875 236 0.001189 0
885 419 895 438 0.001186 0
981 358 1001 392 0.001182 0
719 437 732 466 0.001180 0
1030 476 1049 503 0.001177 0
978 357 1008 420 0.001174 0
1111 417 1120 433 0.001173 0
864 460 881 478 0.001172 0
716 435 738 470 0.001170 0
428 222 439 229 0.001169 0
1247 421 1253 430 0.001163 0
1064 194 1087 251 0.001158 0
1144 376 1151 385 0.001156 0
1184 381 1219 419 0.001156 0
930 367 971 433 0.001147 0
925 347 950 427 0.001147 0
1080 406 1088 415 0.001146 0
1151 441 1168 478 0.001140 0
1029 464 1040 502 0.001137 0
0 369 31 423 0.001126 0
1151 403 1159 423 0.001119 0
565 200 578 216 0.001117 0
1214 368 1223 387 0.001115 0
717 429 729 457 0.001113 0
943 339 985 427 0.001111 0
1184 500 1200 512 0.001107 0
1077 336 1094 359 0.001094 0
1023 430 1031 440 0.001089 0
0 291 31 424 0.001088 0
860 424 873 440 0.001085 0
865 417 881 448 0.001082 0
1038 198 1054 229 0.001081 0
934 425 944 442 0.001076 0
1098 330 1104 345 0.001076 0
990 407 1001 425 0.001075 0
912 472 939 483 0.001067 0
998 375 1021 400 0.001064 0
1248 345 1264 359 0.001063 0
815 457 832 474 0.001061 0
1126 440 1137 458 0.001050 0
955 214 980 246 0.001045 0
1012 443 1028 456 0.001041 0
321 64 624 219 0.001040 0
1143 376 1153 404 0.001039 0
1093 456 1104 471 0.001035 0
1206 200 1218 220 0.001034 0
924 344 989 428 0.001026 0
341 64 442 212 0.001024 0
989 399 1002 424 0.001021 0
895 265 908 291 0.001018 0
1038 413 1048 435 0.001012 0
1054 419 1065 437 0.001009 0
1023 420 1033 440 0.001007 0
0 64 24 210 0.001006 0
1064 422 1072 435 0.001005 0
1061 456 1071 470 0.001004 0
874 463 930 486 0.000999 0
982 446 993 484 0.000998 0
1227 499 1257 552 0.000995 0
333 184 344 199 0.000994 0
1031 206 1051 230 0.000990 0
1029 420 1040 439 0.000976 0
654 199 661 216 0.000976 0
1120 405 1129 424 0.000974 0
1143 387 1154 406 0.000973 0
1077 464 1088 472 0.000972 0
983 352 993 365 0.000970 0
1075 332 1095 359 0.000969 0
1013 379 1039 426 0.000967 0
1091 488 1109 504 0.000966 0
941 335 991 421 0.000963 0
1046 449 1055 465 0.000963 0
895 257 912 343 0.000955 0
946 456 960 462 0.000949 0
847 179 866 229 0.000949 0
657 311 682 376 0.000948 0
943 210 978 244 0.000947 0
671 303 689 376 0.000943 0
1183 372 1233 425 0.000942 0
376 186 386 201 0.000940 0
1111 488 1137 509 0.000938 0
955 215 976 263 0.000936 0
952 337 977 389 0.000934 0
292 64 453 202 0.000934 0
265 196 279 224 0.000933 0
911 475 942 486 0.000930 0
788 329 815 373 0.000929 0
885 412 897 440 0.000927 0
346 64 599 304 0.000926 0
809 382 814 391 0.000924 0
709 459 721 470 0.000923 0
1092 312 1119 349 0.000919 0
600 541 609 569 0.000918 0
1185 372 1263 426 0.000915 0
1062 427 1071 440 0.000915 0
736 425 775 458 0.000913 0
1136 442 1153 473 0.000912 0
1030 483 1063 505 0.000906 0
660 414 672 436 0.000905 0
1149 392 1158 402 0.000904 0
985 438 1002 457 0.000902 0
1231 458 1248 471 0.000902 0
1079 333 1097 359 0.000901 0
585 199 594 217 0.000899 0
876 435 910 485 0.000898 0
864 335 884 343 0.000896 0
386 198 396 206 0.000892 0
1235 315 1264 419 0.000892 0
1065 195 1082 239 0.000892 0
717 437 741 471 0.000889 0
842 461 869 478 0.000888 0
367 208 374 231 0.000887 0
879 377 885 390 0.000886 0
838 488 848 509 0.000881 0
476 199 518 251 0.000879 0
930 378 945 408 0.000879 0
265 196 280 218 0.000879 0
980 355 1004 391 0.000878 0
615 424 624 434 0.000877 0
1145 392 1159 410 0.000877 0
911 474 928 488 0.000876 0
686 449 699 464 0.000875 0
959 374 1035 464 0.000875 0
503 312 513 335 0.000874 0
859 437 891 483 0.000871 0
928 216 969 302 0.000869 0
1015 377 1038 411 0.000869 0
0 319 31 424 0.000865 0
880 316 896 343 0.000864 0
899 415 912 428 0.000863 0
1032 463 1040 471 0.000863 0
437 192 445 204 0.000861 0
947 341 1024 428 0.000860 0
1063 393 1078 408 0.000859 0
1188 366 1269 426 0.000858 0
313 64 427 221 0.000851 0
1214 405 1224 424 0.000850 0
1138 285 1169 344 0.000850 0
891 200 911 244 0.000850 0
1055 391 1065 408 0.000850 0
567 533 576 552 0.000849 0
850 205 881 239 0.000846 0
957 213 980 233 0.000844 0
194 187 205 223 0.000840 0
498 191 521 214 0.000838 0
266 196 280 211 0.000838 0
1151 455 1170 480 0.000837 0
1231 456 1249 470 0.000836 0
807 441 825 464 0.000835 0
930 453 943 464 0.000834 0
1169 376 1180 392 0.000833 0
1165 467 1177 482 0.000830 0
980 206 997 228 0.000830 0
991 449 1001 471 0.000830 0
1144 323 1185 357 0.000830 0
1240 456 1261 484 0.000829 0
797 416 824 443 0.000828 0
1166 458 1177 480 0.000827 0
1031 375 1040 389 0.000826 0
1088 193 1103 224 0.000826 0
816 422 832 445 0.000824 0
1022 380 1029 392 0.000822 0
1126 373 1136 391 0.000819 0
1231 504 1248 547 0.000818 0
721 327 738 361 0.000818 0
796 417 833 459 0.000815 0
1070 197 1122 265 0.000815 0
900 438 913 456 0.000813 0
719 326 739 377 0.000813 0
703 301 723 378 0.000809 0
788 329 815 361 0.000808 0
315 64 367 201 0.000803 0
372 70 494 249 0.000803 0
863 218 873 234 0.000802 0
895 264 912 311 0.000799 0
845 408 878 440 0.000796 0
1039 449 1049 464 0.000793 0
735 445 744 457 0.000790 0
949 379 960 396 0.000787 0
994 430 1040 463 0.000787 0
1067 487 1087 502 0.000782 0
879 409 888 434 0.000782 0
1182 392 1198 411 0.000780 0
513 196 542 247 0.000779 0
909 336 927 400 0.000777 0
1087 488 1101 503 0.000774 0
911 378 923 408 0.000773 0
895 265 912 302 0.000772 0
948 441 965 457 0.000771 0
1247 332 1264 360 0.000771 0
868 327 882 343 0.000770 0
211 181 240 232 0.000769 0
1213 371 1224 393 0.000769 0
265 201 277 231 0.000768 0
706 352 720 379 0.000768 0
951 343 960 361 0.000766 0
681 203 690 216 0.000765 0
962 357 989 392 0.000763 0
906 336 923 344 0.000761 0
153 64 263 220 0.000761 0
575 441 591 458 0.000760 0
1212 349 1263 427 0.000760 0
999 507 1016 529 0.000757 0
1205 338 1267 421 0.000755 0
1056 389 1079 408 0.000755 0
878 417 887 438 0.000753 0
367 208 375 226 0.000752 0
610 447 624 462 0.000752 0
1079 400 1088 411 0.000751 0
906 453 928 484 0.000750 0
1039 322 1049 334 0.000746 0
356 66 439 223 0.000746 0
1132 486 1152 509 0.000744 0
1030 376 1040 403 0.000743 0
821 313 849 343 0.000742 0
800 409 809 423 0.000741 0
1231 470 1249 486 0.000740 0
1088 411 1097 424 0.000738 0
909 439 936 456 0.000736 0
1188 498 1200 507 0.000733 0
1183 447 1192 471 0.000731 0
858 216 873 243 0.000725 0
1111 360 1117 365 0.000723 0
1038 204 1054 230 0.000722 0
1152 465 1169 479 0.000721 0
928 382 960 432 0.000721 0
960 484 968 496 0.000720 0
845 429 931 485 0.000719 0
617 190 624 203 0.000712 0
1111 430 1120 441 0.000712 0
1120 396 1128 420 0.000712 0
193 186 202 214 0.000711 0
927 424 938 451 0.000711 0
1226 342 1264 428 0.000709 0
1188 214 1213 231 0.000708 0
1031 427 1040 440 0.000704 0
255 64 347 194 0.000704 0
1209 166 1231 208 0.000702 0
1075 190 1091 216 0.000696 0
1166 376 1202 423 0.000695 0
890 448 932 470 0.000694 0
547 172 576 216 0.000694 0
991 186 1006 221 0.000694 0
814 439 825 455 0.000694 0
223 377 240 408 0.000689 0
718 695 739 703 0.000687 0
193 185 204 218 0.000686 0
1047 432 1056 459 0.000686 0
1023 408 1035 439 0.000686 0
735 426 787 471 0.000684 0
1186 369 1244 425 0.000682 0
751 323 760 344 0.000681 0
944 382 953 392 0.000680 0
1088 190 1096 205 0.000679 0
1031 407 1043 436 0.000679 0
1228 165 1258 234 0.000678 0
1034 320 1052 334 0.000676 0
886 200 912 244 0.000674 0
567 202 576 216 0.000673 0
902 440 913 458 0.000667 0
1231 457 1246 469 0.000661 0
963 221 981 243 0.000661 0
1235 349 1264 432 0.000657 0
1196 380 1222 414 0.000654 0
1090 204 1104 227 0.000652 0
734 184 758 210 0.000649 0
1200 496 1216 513 0.000646 0
1080 339 1096 360 0.000645 0
1021 400 1034 429 0.000643 0
854 218 869 269 0.000641 0
958 441 970 475 0.000641 0
1148 382 1163 405 0.000638 0
193 184 209 226 0.000637 0
133 64 485 207 0.000635 0
348 184 358 199 0.000633 0
909 344 940 433 0.000629 0
1047 389 1065 409 0.000626 0
1183 447 1190 459 0.000625 0
675 334 688 375 0.000625 0
1220 408 1232 424 0.000624 0
415 65 496 241 0.000624 0
757 325 767 343 0.000623 0
1072 440 1088 455 0.000622 0
1223 478 1261 552 0.000622 0
896 322 904 343 0.000621 0
283 195 324 363 0.000621 0
268 189 279 209 0.000621 0
198 209 210 231 0.000620 0
209 183 222 211 0.000620 0
935 371 969 461 0.000618 0
990 412 1006 439 0.000618 0
193 188 208 223 0.000617 0
1043 278 1058 330 0.000615 0
742 422 781 452 0.000614 0
319 64 430 195 0.000613 0
269 64 472 211 0.000611 0
661 409 671 435 0.000611 0
0 374 15 407 0.000609 0
816 433 832 455 0.000609 0
1183 497 1207 512 0.000608 0
688 423 699 440 0.000607 0
874 199 912 247 0.000606 0
1264 164 1279 243 0.000604 0
726 416 736 441 0.000604 0
818 185 858 241 0.000604 0
1056 427 1064 439 0.000603 0
735 438 764 458 0.000603 0
1127 461 1136 471 0.000598 0
252 64 340 212 0.000598 0
895 326 904 343 0.000598 0
95 64 377 204 0.000592 0
1013 470 1024 492 0.000592 0
574 413 585 433 0.000591 0
1007 424 1017 438 0.000591 0
1206 503 1215 517 0.000591 0
1120 313 1136 377 0.000590 0
362 64 577 352 0.000587 0
578 424 592 439 0.000587 0
1120 407 1128 432 0.000586 0
0 257 44 419 0.000584 0
803 185 815 216 0.000583 0
863 324 882 343 0.000581 0
787 425 805 449 0.000581 0
1182 395 1201 417 0.000581 0
174 65 488 231 0.000580 0
415 249 420 270 0.000576 0
664 461 672 471 0.000575 0
948 383 960 401 0.000575 0
1071 476 1087 501 0.000574 0
983 428 993 441 0.000571 0
815 407 828 424 0.000569 0
842 407 883 459 0.000567 0
1090 184 1104 207 0.000567 0
255 64 320 163 0.000566 0
781 438 804 456 0.000565 0
798 345 809 383 0.000565 0
1089 193 1122 245 0.000563 0
1014 361 1023 379 0.000563 0
879 376 886 393 0.000563 0
794 412 839 472 0.000562 0
879 316 891 339 0.000561 0
1198 206 1219 229 0.000560 0
1088 325 1108 360 0.000559 0
154 194 162 231 0.000558 0
1031 488 1048 504 0.000558 0
999 436 1040 468 0.000557 0
910 341 929 409 0.000557 0
195 194 209 227 0.000557 0
254 65 324 184 0.000556 0
800 414 816 426 0.000556 0
832 439 843 456 0.000552 0
911 385 930 423 0.000552 0
756 204 784 236 0.000551 0
937 374 963 424 0.000550 0
761 416 886 477 0.000550 0
687 445 703 467 0.000549 0
1182 343 1194 376 0.000542 0
774 313 786 343 0.000541 0
471 189 480 207 0.000541 0
811 420 833 440 0.000541 0
312 183 334 198 0.000541 0
1103 455 1115 470 0.000541 0
1167 456 1179 472 0.000537 0
926 409 944 444 0.000537 0
1073 381 1088 409 0.000536 0
934 202 945 227 0.000535 0
1061 188 1122 262 0.000533 0
1229 167 1247 217 0.000532 0
1262 134 1279 182 0.000530 0
0 376 15 414 0.000530 0
752 417 762 425 0.000527 0
1239 345 1248 354 0.000526 0
1192 496 1215 512 0.000525 0
867 206 881 233 0.000524 0
771 312 809 344 0.000524 0
239 191 256 221 0.000523 0
703 459 716 469 0.000522 0
532 204 546 221 0.000520 0
990 184 1009 220 0.000520 0
157 206 170 239 0.000519 0
1142 311 1196 358 0.000519 0
600 560 608 569 0.000519 0
735 422 776 454 0.000514 0
1164 464 1184 495 0.000513 0
34 311 71 404 0.000513 0
723 318 745 337 0.000513 0
845 418 936 483 0.000511 0
154 199 167 235 0.000511 0
707 416 739 460 0.000509 0
1071 371 1088 406 0.000509 0
660 287 702 371 0.000508 0
1220 196 1255 233 0.000504 0
728 199 747 271 0.000503 0
772 312 790 343 0.000501 0
43 312 70 401 0.000500 0
1241 349 1279 438 0.000500 0
1207 253 1225 266 0.000499 0
936 189 945 202 0.000499 0
1023 376 1038 392 0.000499 0
305 186 325 202 0.000498 0
707 327 738 378 0.000498 0
1181 404 1195 424 0.000497 0
1166 455 1184 481 0.000495 0
1030 486 1074 506 0.000495 0
1046 413 1059 426 0.000492 0
801 184 813 225 0.000491 0
1071 462 1080 498 0.000489 0
1030 394 1053 435 0.000489 0
1096 400 1104 414 0.000488 0
1220 405 1232 423 0.000488 0
703 337 721 402 0.000486 0
959 163 985 222 0.000485 0
1250 196 1276 236 0.000484 0
783 193 799 218 0.000483 0
926 200 946 246 0.000483 0
718 335 734 361 0.000483 0
1246 347 1279 414 0.000480 0
790 373 810 391 0.000479 0
789 330 811 357 0.000478 0
1168 449 1194 479 0.000478 0
895 275 910 343 0.000477 0
882 316 895 334 0.000475 0
1252 197 1273 223 0.000474 0
1191 409 1200 423 0.000474 0
1135 455 1158 472 0.000473 0
733 424 765 459 0.000472 0
665 300 689 368 0.000471 0
824 304 849 343 0.000471 0
816 409 832 425 0.000470 0
958 337 968 353 0.000468 0
816 411 829 425 0.000466 0
719 324 729 344 0.000466 0
572 353 609 443 0.000466 0
1071 332 1095 359 0.000464 0
791 378 809 392 0.000464 0
724 431 788 471 0.000463 0
318 64 367 179 0.000463 0
1080 329 1104 357 0.000462 0
1054 673 1080 703 0.000461 0
659 291 694 375 0.000459 0
301 187 332 233 0.000458 0
769 425 797 457 0.000458 0
1101 193 1121 209 0.000457 0
927 343 944 382 0.000456 0
820 407 832 422 0.000453 0
994 422 1020 440 0.000453 0
590 403 608 433 0.000453 0
1151 337 1175 360 0.000453 0
847 423 857 439 0.000452 0
874 334 886 344 0.000452 0
960 178 992 224 0.000452 0
802 190 833 239 0.000450 0
687 407 703 439 0.000449 0
453 201 482 279 0.000449 0
1153 501 1172 511 0.000449 0
1054 376 1065 391 0.000449 0
1255 196 1279 264 0.000448 0
1156 376 1168 397 0.000446 0
1182 361 1213 417 0.000445 0
1167 471 1177 496 0.000445 0
909 336 929 391 0.000444 0
479 203 521 251 0.000444 0
1055 367 1065 385 0.000443 0
911 390 923 409 0.000442 0
1246 305 1267 411 0.000442 0
486 201 523 250 0.000440 0
764 201 795 237 0.000437 0
752 545 760 578 0.000436 0
211 65 328 224 0.000435 0
1008 457 1037 472 0.000434 0
751 462 761 480 0.000434 0
1034 462 1057 504 0.000432 0
704 414 783 471 0.000431 0
586 388 608 435 0.000430 0
1039 337 1060 392 0.000430 0
614 358 624 375 0.000430 0
665 206 679 230 0.000429 0
940 439 969 456 0.000429 0
1123 313 1155 344 0.000427 0
911 600 921 616 0.000427 0
656 314 683 358 0.000426 0
1030 360 1040 377 0.000425 0
175 186 183 205 0.000425 0
1041 465 1056 489 0.000421 0
761 205 789 236 0.000420 0
538 180 552 213 0.000419 0
1055 145 1116 262 0.000418 0
879 454 930 487 0.000418 0
933 198 946 223 0.000417 0
1043 279 1058 295 0.000417 0
1135 326 1151 343 0.000415 0
1187 449 1200 471 0.000412 0
424 64 497 225 0.000412 0
1247 327 1264 364 0.000411 0
1239 345 1253 368 0.000410 0
1111 431 1120 447 0.000407 0
812 315 828 343 0.000407 0
183 192 191 205 0.000406 0
472 193 537 252 0.000406 0
882 400 913 437 0.000406 0
174 206 183 216 0.000405 0
1182 350 1209 412 0.000404 0
1152 438 1168 462 0.000404 0
1261 218 1279 267 0.000404 0
1038 429 1052 464 0.000403 0
1244 457 1270 482 0.000402 0
1133 308 1143 332 0.000400 0
959 336 968 346 0.000400 0
1220 416 1276 478 0.000396 0
940 226 971 302 0.000395 0
912 388 930 409 0.000394 0
716 324 757 375 0.000394 0
1055 671 1065 703 0.000394 0
1262 113 1279 185 0.000393 0
1255 484 1270 510 0.000392 0
776 331 785 343 0.000392 0
1071 377 1088 408 0.000391 0
981 347 1008 389 0.000391 0
319 64 402 188 0.000391 0
1184 359 1193 376 0.000391 0
260 194 324 376 0.000390 0
798 417 833 441 0.000390 0
804 315 822 343 0.000388 0
447 179 494 258 0.000388 0
692 424 703 440 0.000388 0
1155 497 1168 504 0.000387 0
804 179 858 239 0.000386 0
847 426 864 444 0.000384 0
1087 408 1096 419 0.000384 0
1127 324 1155 345 0.000383 0
787 329 826 361 0.000383 0
950 440 978 489 0.000382 0
319 254 336 355 0.000382 0
591 408 608 434 0.000381 0
1141 388 1163 423 0.000381 0
1003 189 1097 260 0.000380 0
1013 471 1024 504 0.000380 0
1111 188 1128 208 0.000380 0
1197 369 1226 416 0.000379 0
880 324 896 344 0.000378 0
728 320 744 335 0.000378 0
1096 312 1116 329 0.000377 0
726 414 736 433 0.000377 0
1247 417 1254 429 0.000376 0
881 471 924 489 0.000375 0
1120 444 1130 458 0.000374 0
1142 329 1202 358 0.000374 0
1047 391 1057 409 0.000373 0
947 210 983 298 0.000373 0
577 390 608 436 0.000372 0
658 406 672 432 0.000372 0
991 183 1008 216 0.000372 0
1171 454 1184 472 0.000372 0
911 375 929 409 0.000372 0
1220 503 1240 514 0.000372 0
1179 355 1210 410 0.000372 0
1181 208 1199 228 0.000372 0
0 64 88 213 0.000371 0
913 179 941 202 0.000371 0
782 424 792 438 0.000371 0
922 452 943 485 0.000369 0
589 192 619 225 0.000369 0
255 64 334 172 0.000368 0
1038 478 1082 502 0.000368 0
1190 443 1200 463 0.000367 0
766 316 778 343 0.000366 0
1173 213 1184 229 0.000365 0
942 319 1023 419 0.000364 0
1243 458 1279 493 0.000362 0
656 294 689 376 0.000362 0
1055 686 1065 703 0.000361 0
803 184 819 224 0.000361 0
901 345 946 465 0.000360 0
813 434 881 478 0.000360 0
719 317 741 337 0.000358 0
1027 441 1053 467 0.000357 0
1239 419 1249 434 0.000356 0
666 206 679 226 0.000356 0
1116 318 1175 359 0.000355 0
985 343 1009 390 0.000355 0
1007 462 1020 472 0.000354 0
0 305 33 434 0.000354 0
1199 176 1219 217 0.000353 0
318 64 441 164 0.000353 0
1198 403 1215 424 0.000352 0
1101 198 1125 221 0.000351 0
641 670 672 703 0.000350 0
428 221 440 241 0.000349 0
944 365 960 393 0.000349 0
928 353 944 380 0.000349 0
275 65 357 199 0.000349 0
927 355 945 396 0.000348 0
432 191 443 204 0.000348 0
653 200 662 217 0.000348 0
1043 278 1057 322 0.000347 0
856 227 868 268 0.000347 0
804 183 815 207 0.000346 0
649 408 664 429 0.000346 0
793 380 812 391 0.000345 0
183 196 191 206 0.000344 0
991 445 1012 471 0.000344 0
381 185 397 205 0.000344 0
1092 341 1104 360 0.000343 0
1029 398 1046 432 0.000342 0
857 231 869 268 0.000342 0
654 323 675 376 0.000341 0
1196 365 1253 420 0.000340 0
668 193 766 274 0.000340 0
1249 344 1279 495 0.000340 0
1030 358 1039 375 0.000338 0
1226 164 1251 232 0.000338 0
1078 341 1091 375 0.000337 0
0 65 74 221 0.000336 0
783 325 818 402 0.000336 0
1262 197 1279 269 0.000335 0
927 473 943 484 0.000335 0
705 346 721 389 0.000333 0
916 202 936 249 0.000332 0
878 380 889 407 0.000332 0
894 422 935 441 0.000332 0
265 210 276 231 0.000331 0
1256 345 1279 503 0.000331 0
1250 205 1278 259 0.000330 0
112 388 128 425 0.000329 0
306 81 363 198 0.000328 0
899 258 937 343 0.000328 0
910 359 923 400 0.000328 0
554 383 609 442 0.000327 0
1254 217 1268 234 0.000327 0
653 422 670 436 0.000327 0
871 454 925 487 0.000327 0
669 423 689 438 0.000327 0
1048 415 1063 427 0.000326 0
730 231 760 273 0.000326 0
761 192 787 235 0.000326 0
1235 337 1263 394 0.000326 0
1207 334 1216 346 0.000325 0
973 444 994 463 0.000324 0
903 535 912 552 0.000324 0
437 181 495 274 0.000323 0
928 206 944 251 0.000323 0
731 209 761 274 0.000322 0
680 167 691 215 0.000320 0
659 347 672 375 0.000320 0
670 303 689 361 0.000319 0
680 384 688 395 0.000317 0
718 457 738 471 0.000317 0
147 64 263 190 0.000317 0
675 294 705 371 0.000315 0
1261 169 1279 236 0.000315 0
436 192 446 206 0.000314 0
882 397 897 431 0.000314 0
0 141 32 240 0.000313 0
1238 347 1249 374 0.000313 0
344 64 497 187 0.000311 0
1231 494 1265 549 0.000311 0
896 407 913 425 0.000310 0
766 313 779 342 0.000309 0
1075 359 1089 375 0.000309 0
909 200 936 247 0.000307 0
606 448 622 460 0.000306 0
794 364 812 391 0.000305 0
1233 410 1240 426 0.000305 0
872 447 917 487 0.000304 0
1015 319 1034 345 0.000304 0
1054 673 1097 703 0.000302 0
920 183 943 201 0.000302 0
1071 365 1088 408 0.000302 0
1236 413 1252 430 0.000301 0
967 172 991 219 0.000301 0
661 280 704 363 0.000301 0
580 406 592 441 0.000300 0
0 181 6 203 0.000299 0
630 364 640 384 0.000299 0
3 300 66 403 0.000297 0
984 365 1042 436 0.000297 0
1160 331 1202 357 0.000296 0
656 426 677 440 0.000295 0
1040 378 1079 410 0.000295 0
934 195 969 226 0.000294 0
1140 332 1186 360 0.000294 0
166 240 191 275 0.000293 0
1257 363 1279 411 0.000293 0
1182 378 1207 416 0.000293 0
1071 339 1081 359 0.000289 0
158 64 289 204 0.000289 0
798 355 809 387 0.000289 0
907 425 925 441 0.000288 0
581 400 592 436 0.000288 0
1063 415 1072 425 0.000288 0
1263 464 1279 704 0.000287 0
353 187 371 199 0.000287 0
951 181 961 209 0.000286 0
724 453 767 472 0.000286 0
687 407 701 426 0.000285 0
795 331 847 362 0.000283 0
774 266 853 346 0.000282 0
726 422 769 458 0.000282 0
270 195 283 210 0.000281 0
248 183 324 376 0.000281 0
811 408 885 474 0.000281 0
1194 165 1217 216 0.000281 0
803 408 815 422 0.000281 0
794 411 888 474 0.000281 0
816 345 830 361 0.000281 0
928 358 945 384 0.000280 0
707 316 720 358 0.000279 0
1042 374 1059 390 0.000278 0
850 405 884 449 0.000278 0
154 193 161 220 0.000277 0
933 201 971 231 0.000277 0
310 130 366 290 0.000276 0
887 199 944 279 0.000275 0
816 304 850 344 0.000274 0
527 200 545 246 0.000274 0
1220 489 1257 552 0.000274 0
387 185 399 206 0.000274 0
1031 336 1062 397 0.000274 0
891 390 913 420 0.000273 0
589 405 609 437 0.000272 0
545 174 581 219 0.000272 0
745 431 885 477 0.000272 0
857 231 870 272 0.000271 0
656 556 665 568 0.000271 0
407 64 497 192 0.000270 0
1074 487 1126 507 0.000268 0
1263 80 1279 171 0.000267 0
199 258 210 277 0.000267 0
1230 506 1242 518 0.000267 0
1071 329 1092 347 0.000267 0
430 217 440 228 0.000267 0
167 64 503 354 0.000266 0
487 182 543 252 0.000265 0
1236 442 1280 483 0.000262 0
1040 377 1070 403 0.000262 0
719 324 754 378 0.000262 0
452 176 511 254 0.000262 0
0 64 45 301 0.000261 0
866 204 890 241 0.000261 0
1261 66 1279 177 0.000258 0
337 72 607 359 0.000258 0
163 64 261 169 0.000258 0
267 212 277 231 0.000257 0
655 323 681 369 0.000257 0
1055 659 1082 703 0.000257 0
891 448 944 486 0.000257 0
820 341 845 361 0.000256 0
730 191 755 273 0.000256 0
38 312 69 379 0.000256 0
1119 393 1126 407 0.000256 0
854 230 870 286 0.000255 0
789 350 815 393 0.000254 0
1055 663 1092 703 0.000254 0
1148 382 1174 405 0.000254 0
1233 502 1248 518 0.000254 0
640 422 666 438 0.000254 0
471 201 525 253 0.000254 0
816 343 847 361 0.000254 0
1082 696 1099 703 0.000254 0
122 380 161 426 0.000253 0
844 413 941 469 0.000253 0
665 188 673 217 0.000253 0
802 367 814 392 0.000252 0
1039 390 1049 406 0.000251 0
895 384 906 410 0.000250 0
738 414 832 474 0.000250 0
929 373 945 390 0.000250 0
29 305 69 411 0.000249 0
826 338 847 361 0.000249 0
1046 349 1055 368 0.000249 0
242 195 280 239 0.000248 0
1257 65 1279 272 0.000247 0
888 392 896 405 0.000247 0
574 364 609 438 0.000246 0
1061 186 1087 234 0.000246 0
575 443 593 464 0.000246 0
439 208 447 219 0.000244 0
1029 332 1075 394 0.000244 0
1210 376 1250 426 0.000244 0
341 64 448 163 0.000243 0
1246 306 1279 482 0.000243 0
771 198 794 236 0.000243 0
809 389 815 405 0.000243 0
1230 445 1257 473 0.000242 0
270 227 291 292 0.000241 0
118 65 508 249 0.000241 0
975 323 992 344 0.000241 0
1088 496 1106 514 0.000240 0
0 140 33 307 0.000239 0
1215 420 1226 434 0.000238 0
1185 311 1279 444 0.000238 0
715 409 739 451 0.000237 0
1245 422 1255 441 0.000237 0
290 199 319 285 0.000236 0
887 393 897 417 0.000235 0
765 263 832 344 0.000235 0
1066 685 1101 703 0.000234 0
22 310 68 402 0.000234 0
61 577 75 614 0.000232 0
929 331 998 413 0.000231 0
117 64 205 94 0.000231 0
569 206 604 337 0.000230 0
799 391 810 423 0.000230 0
158 205 180 218 0.000230 0
230 205 255 241 0.000229 0
642 427 656 441 0.000229 0
3 64 138 214 0.000229 0
1056 440 1064 453 0.000229 0
575 582 592 615 0.000229 0
877 277 898 343 0.000227 0
1145 304 1189 345 0.000226 0
476 203 499 256 0.000226 0
438 163 518 248 0.000225 0
1182 452 1200 473 0.000225 0
957 381 1050 467 0.000225 0
1035 393 1060 430 0.000224 0
1031 346 1039 365 0.000224 0
996 360 1010 385 0.000224 0
63 64 129 176 0.000223 0
848 268 853 282 0.000223 0
0 116 25 226 0.000223 0
241 196 266 241 0.000223 0
1264 357 1279 410 0.000223 0
963 369 1066 465 0.000222 0
359 597 376 617 0.000222 0
1032 391 1051 411 0.000222 0
968 346 997 392 0.000221 0
1031 392 1040 407 0.000221 0
656 323 681 357 0.000221 0
570 216 624 292 0.000221 0
63 64 125 158 0.000221 0
1079 623 1085 631 0.000220 0
855 407 869 421 0.000220 0
833 394 848 409 0.000220 0
333 189 357 231 0.000220 0
1198 503 1212 517 0.000219 0
748 457 785 483 0.000218 0
321 199 353 265 0.000218 0
976 169 992 196 0.000217 0
0 156 6 203 0.000217 0
229 187 255 233 0.000217 0
1227 360 1258 428 0.000217 0
1188 351 1208 377 0.000217 0
1071 451 1094 471 0.000216 0
654 329 689 377 0.000216 0
767 462 778 488 0.000216 0
706 312 721 354 0.000216 0
866 421 942 469 0.000215 0
153 68 228 212 0.000215 0
1005 359 1024 378 0.000215 0
1176 361 1270 422 0.000215 0
1157 429 1168 440 0.000215 0
1062 652 1072 680 0.000214 0
657 349 673 376 0.000214 0
679 403 687 424 0.000214 0
959 428 1040 462 0.000214 0
752 347 759 375 0.000214 0
604 358 622 374 0.000214 0
213 173 232 205 0.000213 0
675 356 688 375 0.000213 0
1174 447 1184 456 0.000212 0
1139 439 1152 461 0.000212 0
0 307 26 432 0.000212 0
862 419 942 478 0.000211 0
831 390 847 408 0.000210 0
608 408 624 434 0.000210 0
831 467 848 506 0.000210 0
700 314 719 365 0.000209 0
1257 481 1279 673 0.000209 0
1071 336 1091 377 0.000208 0
572 215 606 307 0.000207 0
1103 353 1113 366 0.000207 0
944 352 960 392 0.000207 0
1185 348 1208 378 0.000207 0
770 311 794 343 0.000207 0
307 147 365 258 0.000207 0
1263 398 1276 424 0.000206 0
783 334 800 357 0.000206 0
783 308 823 344 0.000206 0
328 184 355 227 0.000205 0
1123 358 1136 379 0.000205 0
751 406 775 424 0.000205 0
613 429 624 440 0.000204 0
1160 370 1273 425 0.000204 0
1071 356 1088 392 0.000204 0
1217 477 1263 519 0.000203 0
0 147 8 203 0.000203 0
1177 327 1236 407 0.000203 0
319 64 369 109 0.000203 0
1184 344 1279 470 0.000201 0
428 64 497 158 0.000201 0
426 221 441 234 0.000200 0
247 269 256 326 0.000199 0
0 302 67 423 0.000199 0
155 183 184 208 0.000199 0
1111 504 1120 518 0.000199 0
1175 500 1185 511 0.000198 0
1120 440 1130 451 0.000198 0
718 326 771 369 0.000198 0
646 405 671 427 0.000198 0
1217 471 1264 511 0.000197 0
687 349 701 375 0.000197 0
830 311 848 342 0.000197 0
680 385 688 398 0.000196 0
942 389 971 459 0.000196 0
386 184 400 204 0.000194 0
103 64 267 189 0.000194 0
255 667 269 703 0.000194 0
204 374 240 412 0.000194 0
1216 447 1224 456 0.000194 0
912 407 929 426 0.000194 0
763 183 779 204 0.000192 0
1085 359 1096 376 0.000192 0
1201 416 1278 475 0.000192 0
752 415 768 425 0.000191 0
1144 198 1157 226 0.000191 0
1119 450 1136 470 0.000190 0
1153 478 1169 504 0.000190 0
773 348 847 468 0.000190 0
656 207 682 232 0.000190 0
323 64 673 257 0.000190 0
995 431 1038 495 0.000190 0
1069 347 1127 410 0.000189 0
344 64 497 97 0.000189 0
1038 381 1053 404 0.000189 0
309 250 330 358 0.000188 0
178 64 327 100 0.000188 0
1095 364 1104 375 0.000188 0
831 408 840 418 0.000188 0
763 185 779 223 0.000187 0
0 275 21 401 0.000187 0
360 74 457 220 0.000187 0
1231 471 1251 488 0.000187 0
103 65 218 171 0.000186 0
1144 372 1217 446 0.000186 0
688 352 694 360 0.000186 0
779 409 820 449 0.000186 0
1206 257 1219 272 0.000186 0
1054 376 1071 390 0.000185 0
1221 235 1279 384 0.000185 0
567 528 576 551 0.000185 0
825 503 847 511 0.000184 0
1262 486 1279 546 0.000184 0
678 396 687 418 0.000184 0
749 454 796 488 0.000184 0
623 295 689 357 0.000183 0
1115 187 1144 209 0.000183 0
846 267 856 310 0.000183 0
925 286 945 345 0.000182 0
1188 416 1268 478 0.000182 0
1037 370 1058 393 0.000182 0
978 182 991 205 0.000182 0
707 335 738 380 0.000182 0
518 392 539 428 0.000181 0
752 316 768 342 0.000181 0
960 476 975 501 0.000181 0
1263 387 1279 422 0.000181 0
1162 340 1194 400 0.000181 0
896 322 918 344 0.000180 0
629 355 640 378 0.000180 0
1059 478 1279 703 0.000179 0
796 194 813 237 0.000179 0
814 394 831 423 0.000179 0
1154 339 1183 395 0.000179 0
162 64 308 174 0.000179 0
1085 355 1097 374 0.000178 0
943 344 960 385 0.000178 0
1146 338 1185 398 0.000178 0
1016 318 1043 340 0.000178 0
0 155 29 423 0.000178 0
1148 371 1194 412 0.000178 0
1151 431 1161 441 0.000177 0
898 393 912 412 0.000177 0
1262 104 1279 174 0.000177 0
630 424 640 436 0.000177 0
862 301 893 342 0.000177 0
1273 158 1279 181 0.000176 0
54 64 152 204 0.000176 0
855 229 884 283 0.000175 0
766 278 850 345 0.000175 0
886 378 896 400 0.000175 0
241 248 256 298 0.000175 0
63 64 212 166 0.000175 0
1172 340 1211 378 0.000174 0
942 419 957 438 0.000174 0
1055 663 1067 703 0.000174 0
368 78 502 322 0.000173 0
1238 423 1248 440 0.000173 0
30 64 138 209 0.000173 0
654 340 673 376 0.000173 0
942 421 974 460 0.000173 0
1135 424 1143 439 0.000173 0
504 236 529 263 0.000172 0
866 391 885 408 0.000172 0
202 64 322 170 0.000172 0
1146 342 1192 360 0.000172 0
1269 688 1279 703 0.000172 0
687 308 706 368 0.000171 0
209 381 240 423 0.000171 0
1149 468 1181 496 0.000171 0
798 361 815 389 0.000170 0
1252 396 1279 456 0.000170 0
23 66 368 238 0.000170 0
903 336 925 360 0.000170 0
809 392 815 411 0.000170 0
856 233 866 267 0.000170 0
1080 305 1171 358 0.000170 0
983 285 1010 333 0.000169 0
116 64 288 92 0.000169 0
759 320 783 344 0.000169 0
240 210 256 245 0.000169 0
788 337 822 392 0.000169 0
63 583 72 615 0.000168 0
993 343 1008 359 0.000168 0
895 654 904 675 0.000167 0
730 586 744 600 0.000167 0
192 183 203 209 0.000167 0
799 301 839 344 0.000167 0
678 409 689 429 0.000167 0
852 238 873 297 0.000166 0
304 171 336 199 0.000166 0
1269 139 1279 173 0.000165 0
718 694 737 703 0.000165 0
945 329 962 345 0.000165 0
270 233 288 292 0.000164 0
0 306 52 414 0.000164 0
265 188 307 267 0.000164 0
1036 340 1057 384 0.000164 0
720 334 759 375 0.000163 0
907 409 928 433 0.000163 0
254 414 264 429 0.000162 0
338 64 498 147 0.000161 0
70 593 80 633 0.000161 0
319 582 329 608 0.000161 0
127 375 144 414 0.000161 0
903 325 929 344 0.000160 0
771 345 847 430 0.000160 0
1164 466 1188 499 0.000160 0
775 195 794 228 0.000160 0
877 292 897 343 0.000160 0
584 364 614 435 0.000160 0
1270 681 1279 703 0.000160 0
0 564 16 647 0.000160 0
737 234 760 271 0.000160 0
453 202 480 296 0.000159 0
224 181 237 200 0.000159 0
581 185 623 218 0.000159 0
307 141 381 285 0.000159 0
1225 65 1279 262 0.000159 0
599 536 609 568 0.000158 0
909 268 938 345 0.000158 0
697 328 703 338 0.000158 0
374 197 387 206 0.000157 0
663 559 672 569 0.000157 0
722 353 737 376 0.000157 0
560 192 586 217 0.000157 0
575 336 593 392 0.000157 0
1037 187 1068 232 0.000156 0
962 298 1006 344 0.000156 0
323 233 337 278 0.000155 0
787 311 805 342 0.000155 0
1095 505 1105 518 0.000155 0
222 64 486 362 0.000155 0
209 250 225 277 0.000154 0
1115 335 1194 407 0.000154 0
253 196 392 376 0.000154 0
572 393 592 438 0.000154 0
857 300 882 341 0.000154 0
1211 368 1280 459 0.000154 0
860 266 895 343 0.000153 0
1071 290 1168 348 0.000153 0
305 238 337 362 0.000153 0
902 473 938 512 0.000153 0
897 388 913 412 0.000153 0
836 343 959 465 0.000153 0
1143 360 1156 386 0.000152 0
941 249 971 304 0.000152 0
753 195 817 239 0.000152 0
1087 336 1108 375 0.000152 0
0 279 15 398 0.000152 0
776 188 790 218 0.000152 0
575 285 595 387 0.000152 0
870 391 891 410 0.000152 0
871 560 881 576 0.000151 0
31 312 62 395 0.000151 0
1020 318 1058 347 0.000151 0
895 382 904 397 0.000151 0
787 337 834 361 0.000151 0
705 345 720 408 0.000151 0
718 330 760 363 0.000151 0
211 107 272 216 0.000151 0
1176 615 1184 624 0.000150 0
1135 426 1144 440 0.000150 0
1031 335 1041 364 0.000150 0
928 314 944 344 0.000150 0
303 98 357 204 0.000149 0
849 443 945 486 0.000149 0
274 240 290 292 0.000149 0
1220 471 1233 486 0.000149 0
849 391 864 410 0.000149 0
607 201 662 222 0.000148 0
1271 508 1279 544 0.000148 0
636 632 687 703 0.000148 0
518 392 532 423 0.000148 0
780 327 847 364 0.000147 0
1102 435 1123 471 0.000147 0
493 64 584 206 0.000147 0
919 340 945 377 0.000147 0
515 392 545 429 0.000146 0
1245 439 1279 480 0.000146 0
1070 350 1123 397 0.000146 0
145 64 320 93 0.000146 0
729 583 744 600 0.000146 0
763 213 789 236 0.000145 0
112 382 128 415 0.000144 0
0 264 18 388 0.000144 0
3 64 130 178 0.000144 0
576 355 592 392 0.000143 0
620 686 671 703 0.000143 0
1181 441 1260 478 0.000143 0
725 407 780 445 0.000143 0
945 317 1069 431 0.000143 0
1188 454 1260 489 0.000143 0
222 249 241 275 0.000143 0
0 309 62 409 0.000142 0
1263 71 1279 121 0.000142 0
702 309 720 356 0.000142 0
14 64 128 207 0.000142 0
710 405 775 460 0.000142 0
163 187 177 206 0.000141 0
333 200 353 231 0.000141 0
743 207 762 270 0.000141 0
288 204 322 315 0.000141 0
807 326 848 364 0.000141 0
975 328 992 344 0.000140 0
100 245 128 297 0.000140 0
0 363 29 417 0.000140 0
1179 64 1280 274 0.000140 0
363 208 375 232 0.000140 0
0 269 19 422 0.000140 0
222 364 240 409 0.000140 0
325 64 712 220 0.000140 0
287 234 323 365 0.000139 0
947 455 969 480 0.000139 0
378 184 397 203 0.000139 0
0 103 61 224 0.000139 0
0 349 32 425 0.000138 0
717 405 751 436 0.000138 0
256 64 370 194 0.000138 0
211 71 358 225 0.000137 0
1093 423 1103 434 0.000137 0
920 417 967 457 0.000137 0
911 269 946 346 0.000137 0
775 408 784 421 0.000137 0
831 371 848 408 0.000137 0
687 318 705 377 0.000137 0
906 305 932 344 0.000137 0
111 67 221 207 0.000137 0
823 276 852 333 0.000137 0
743 187 770 233 0.000136 0
886 344 895 364 0.000136 0
1141 386 1185 420 0.000136 0
1062 647 1072 683 0.000136 0
1210 400 1279 452 0.000136 0
121 64 266 118 0.000135 0
1205 367 1226 408 0.000135 0
1178 199 1197 221 0.000135 0
1087 423 1098 439 0.000135 0
1028 327 1080 388 0.000135 0
970 454 994 487 0.000134 0
1054 677 1103 704 0.000134 0
991 658 1001 680 0.000134 0
1138 334 1194 393 0.000133 0
31 580 48 612 0.000133 0
988 433 1040 499 0.000133 0
1262 64 1280 158 0.000133 0
1218 502 1238 518 0.000133 0
818 396 831 412 0.000133 0
801 307 827 343 0.000133 0
292 197 320 304 0.000132 0
808 280 817 300 0.000132 0
35 313 71 345 0.000132 0
236 195 282 245 0.000132 0
1095 550 1104 568 0.000132 0
1029 320 1062 352 0.000131 0
738 183 761 211 0.000131 0
1033 389 1091 435 0.000130 0
1169 342 1197 376 0.000130 0
852 312 864 337 0.000130 0
930 326 944 344 0.000129 0
1263 437 1279 484 0.000129 0
750 69 785 153 0.000129 0
831 394 847 411 0.000129 0
719 375 725 381 0.000129 0
1038 337 1057 374 0.000129 0
679 302 689 349 0.000129 0
927 274 946 344 0.000129 0
1161 332 1249 395 0.000128 0
1081 694 1109 703 0.000128 0
63 64 194 187 0.000128 0
671 396 680 408 0.000128 0
0 273 12 382 0.000128 0
586 70 611 186 0.000128 0
321 64 492 121 0.000128 0
64 433 80 469 0.000127 0
0 335 17 414 0.000127 0
1224 338 1266 407 0.000127 0
8 315 33 433 0.000127 0
0 303 17 430 0.000127 0
568 354 598 437 0.000126 0
1243 502 1268 524 0.000126 0
153 185 169 219 0.000126 0
37 313 71 360 0.000126 0
574 393 585 428 0.000125 0
128 375 144 404 0.000125 0
931 202 998 308 0.000125 0
620 688 667 703 0.000125 0
1228 113 1280 185 0.000125 0
0 64 517 369 0.000125 0
999 507 1016 535 0.000124 0
687 330 706 378 0.000124 0
1207 501 1234 519 0.000124 0
1226 238 1279 423 0.000124 0
1206 408 1218 433 0.000124 0
0 389 81 593 0.000123 0
1215 584 1224 599 0.000123 0
571 209 613 342 0.000123 0
1120 430 1128 440 0.000123 0
943 343 958 369 0.000123 0
1073 693 1098 703 0.000123 0
963 284 1010 340 0.000122 0
254 695 272 703 0.000122 0
912 200 939 247 0.000122 0
1145 371 1171 404 0.000122 0
0 393 65 525 0.000122 0
1058 688 1099 703 0.000122 0
1140 345 1177 379 0.000121 0
788 405 802 425 0.000121 0
736 470 745 478 0.000120 0
1262 682 1279 703 0.000120 0
950 356 1108 469 0.000120 0
847 313 865 339 0.000120 0
1037 328 1057 364 0.000120 0
354 209 374 276 0.000120 0
1064 293 1149 330 0.000120 0
1264 382 1279 437 0.000120 0
35 567 88 614 0.000120 0
1212 428 1247 457 0.000119 0
849 468 882 487 0.000119 0
1162 495 1209 511 0.000119 0
644 394 691 440 0.000118 0
65 64 167 156 0.000118 0
1057 684 1097 703 0.000118 0
991 646 1008 681 0.000118 0
1263 398 1279 437 0.000118 0
960 485 969 503 0.000117 0
1055 649 1090 703 0.000117 0
1246 490 1279 539 0.000117 0
541 600 552 616 0.000117 0
598 343 619 375 0.000116 0
1 275 71 395 0.000116 0
155 187 175 225 0.000116 0
1110 396 1125 413 0.000116 0
271 211 298 295 0.000116 0
597 617 679 704 0.000115 0
1167 469 1192 482 0.000115 0
1265 321 1279 349 0.000114 0
632 473 639 478 0.000114 0
986 408 1069 471 0.000113 0
1207 492 1255 549 0.000113 0
35 310 78 400 0.000113 0
354 357 368 392 0.000113 0
1263 369 1279 415 0.000112 0
589 357 623 402 0.000112 0
777 228 800 238 0.000112 0
717 695 754 703 0.000112 0
972 251 1009 310 0.000112 0
32 569 98 615 0.000112 0
1010 342 1023 364 0.000112 0
260 64 323 123 0.000111 0
955 384 1094 470 0.000111 0
985 443 1069 503 0.000111 0
845 471 869 486 0.000111 0
642 178 658 205 0.000111 0
630 424 640 441 0.000111 0
788 378 810 391 0.000111 0
704 300 766 378 0.000111 0
1028 481 1145 507 0.000111 0
952 307 1004 341 0.000110 0
1071 463 1088 492 0.000110 0
1070 368 1124 410 0.000110 0
721 313 764 342 0.000110 0
973 319 994 345 0.000110 0
975 283 1010 328 0.000110 0
96 245 145 297 0.000110 0
491 64 584 175 0.000110 0
686 301 704 344 0.000110 0
1028 463 1090 505 0.000110 0
716 297 769 429 0.000109 0
648 480 655 487 0.000109 0
942 204 1000 293 0.000109 0
1263 531 1279 701 0.000109 0
599 343 610 363 0.000109 0
1055 651 1072 703 0.000109 0
859 414 944 461 0.000109 0
681 172 703 215 0.000109 0
1215 490 1250 513 0.000109 0
1208 637 1214 648 0.000109 0
1079 411 1088 424 0.000108 0
1069 683 1118 703 0.000108 0
911 318 946 346 0.000108 0
594 685 672 703 0.000108 0
66 64 166 129 0.000108 0
555 64 638 217 0.000108 0
1108 392 1123 405 0.000108 0
670 207 691 238 0.000108 0
1229 65 1279 197 0.000108 0
856 632 864 660 0.000108 0
1134 466 1170 479 0.000107 0
831 369 848 392 0.000107 0
847 618 861 663 0.000107 0
710 165 1190 297 0.000107 0
712 339 843 475 0.000106 0
189 64 321 104 0.000106 0
1087 429 1095 440 0.000106 0
342 124 416 208 0.000106 0
833 175 1169 302 0.000105 0
861 265 907 343 0.000105 0
29 251 71 351 0.000105 0
1056 64 1141 211 0.000105 0
993 642 1008 679 0.000105 0
566 64 652 222 0.000105 0
1137 560 1144 568 0.000105 0
1026 382 1096 455 0.000104 0
368 79 454 297 0.000104 0
2 314 78 404 0.000104 0
606 662 672 704 0.000104 0
515 392 571 429 0.000104 0
0 582 14 645 0.000104 0
714 306 771 457 0.000104 0
375 64 438 97 0.000103 0
361 64 498 94 0.000103 0
1159 390 1254 475 0.000103 0
860 334 883 346 0.000103 0
0 64 16 134 0.000103 0
651 407 690 439 0.000103 0
774 184 784 200 0.000103 0
1140 341 1189 375 0.000103 0
951 574 960 601 0.000103 0
982 149 1009 223 0.000102 0
1106 172 1132 207 0.000102 0
189 178 224 224 0.000102 0
1136 400 1148 408 0.000102 0
644 289 724 384 0.000102 0
763 307 792 343 0.000102 0
283 252 321 375 0.000101 0
832 406 848 423 0.000101 0
350 332 372 391 0.000101 0
706 434 805 475 0.000101 0
1166 334 1218 359 0.000101 0
70 595 81 614 0.000101 0
1104 364 1112 375 0.000101 0
32 375 65 424 0.000101 0
1244 421 1279 470 0.000101 0
1013 359 1040 401 0.000101 0
892 243 939 342 0.000101 0
1232 297 1274 367 0.000101 0
839 307 864 342 0.000100 0
920 244 1006 320 0.825595 1
574 215 622 255 0.822229 1
1061 222 1120 264 0.389893 1
1061 228 1119 266 0.164304 1
20 224 72 257 0.100146 1
48 224 99 257 0.077483 1
48 230 73 256 0.075385 1
1064 226 1112 265 0.065530 1
48 224 73 257 0.063118 1
1066 226 1092 261 0.062837 1
1063 226 1093 265 0.061354 1
1063 227 1102 265 0.048638 1
48 236 72 256 0.040335 1
0 228 73 259 0.039404 1
1121 225 1136 250 0.026617 1
1147 220 1160 246 0.025116 1
72 224 100 257 0.025047 1
1060 224 1090 264 0.023619 1
1132 216 1152 252 0.023245 1
1123 228 1136 250 0.022217 1
0 234 40 259 0.021734 1
20 218 69 259 0.018329 1
78 234 100 257 0.016949 1
9 231 42 257 0.016938 1
22 231 41 257 0.016390 1
0 228 41 258 0.014730 1
66 224 97 251 0.014659 1
1063 229 1108 270 0.014413 1
18 219 42 257 0.013853 1
16 230 42 257 0.013715 1
0 224 47 259 0.013228 1
21 218 42 254 0.012415 1
1133 209 1154 254 0.011868 1
1074 229 1120 263 0.011835 1
1066 233 1119 264 0.011770 1
49 224 99 274 0.010361 1
1110 218 1137 251 0.010165 1
75 224 98 256 0.010082 1
55 223 96 242 0.010066 1
1091 245 1120 263 0.008841 1
1085 214 1121 265 0.008766 1
78 236 99 260 0.008674 1
1115 219 1137 251 0.008424 1
1104 215 1155 252 0.008198 1
105 237 159 263 0.007981 1
1119 226 1136 254 0.007869 1
963 247 1007 320 0.007856 1
76 224 117 259 0.007720 1
88 235 157 265 0.007498 1
159 230 208 261 0.007012 1
1100 231 1120 263 0.006978 1
158 234 211 263 0.006693 1
18 223 74 277 0.006667 1
1089 229 1120 264 0.006608 1
1149 221 1163 246 0.006545 1
77 230 115 260 0.006530 1
607 205 621 219 0.006485 1
915 262 972 315 0.006125 1
1134 220 1152 254 0.005685 1
1095 214 1141 254 0.005559 1
78 232 150 263 0.005527 1
1091 214 1121 260 0.005093 1
0 228 78 279 0.004634 1
77 235 116 259 0.004324 1
103 239 152 264 0.003943 1
919 264 947 296 0.003339 1
76 235 129 264 0.003305 1
1115 223 1136 255 0.003300 1
1059 222 1086 262 0.003242 1
707 214 728 234 0.003086 1
1099 229 1120 252 0.003069 1
1103 246 1120 263 0.003056 1
77 224 123 262 0.003043 1
579 216 615 248 0.002937 1
923 262 950 296 0.002928 1
910 263 963 315 0.002875 1
159 236 198 262 0.002835 1
115 237 158 261 0.002801 1
139 236 200 263 0.002751 1
925 263 948 295 0.002569 1
926 263 952 297 0.002534 1
0 238 29 258 0.002530 1
0 238 16 258 0.002527 1
583 208 609 245 0.002527 1
1092 212 1125 255 0.002525 1
103 246 135 264 0.002445 1
112 217 173 259 0.002323 1
1145 214 1160 246 0.002220 1
924 259 968 305 0.002183 1
110 218 161 257 0.002118 1
8 222 41 256 0.002116 1
158 221 244 263 0.002093 1
912 264 946 296 0.002090 1
894 262 940 297 0.002076 1
118 235 171 262 0.002011 1
162 229 226 261 0.001828 1
0 241 11 258 0.001806 1
105 222 159 257 0.001797 1
1060 220 1079 247 0.001795 1
50 217 96 239 0.001762 1
46 234 75 272 0.001707 1
190 228 235 261 0.001626 1
0 235 15 283 0.001610 1
689 221 702 238 0.001608 1
0 233 47 283 0.001567 1
7 231 46 277 0.001557 1
120 220 173 260 0.001554 1
911 264 947 314 0.001550 1
1089 209 1105 237 0.001534 1
971 201 985 229 0.001532 1
982 235 996 256 0.001477 1
160 220 208 261 0.001455 1
934 250 1008 320 0.001435 1
29 216 41 248 0.001431 1
198 231 244 265 0.001405 1
18 230 48 280 0.001396 1
895 265 915 299 0.001381 1
18 215 43 255 0.001374 1
43 234 73 277 0.001343 1
1029 227 1089 264 0.001338 1
196 216 230 259 0.001318 1
975 208 983 229 0.001300 1
156 235 226 266 0.001282 1
208 235 242 264 0.001242 1
68 217 96 238 0.001238 1
1180 164 1203 217 0.001232 1
895 265 913 295 0.001195 1
161 234 224 263 0.001157 1
963 240 984 272 0.001142 1
497 238 529 251 0.001087 1
894 241 935 296 0.001086 1
76 235 158 270 0.001082 1
163 214 228 260 0.001081 1
575 220 610 251 0.001079 1
50 217 69 252 0.001077 1
967 240 993 263 0.001069 1
1055 220 1067 242 0.001064 1
90 224 130 260 0.001049 1
77 222 157 264 0.001034 1
924 263 968 317 0.001023 1
21 216 74 256 0.001014 1
131 215 148 238 0.000992 1
701 213 732 237 0.000975 1
104 218 205 264 0.000967 1
41 226 164 259 0.000960 1
984 244 994 258 0.000925 1
926 230 951 284 0.000905 1
186 231 238 263 0.000895 1
476 243 488 255 0.000889 1
195 224 241 261 0.000874 1
510 231 536 247 0.000856 1
575 217 599 250 0.000855 1
20 215 58 257 0.000835 1
962 237 983 256 0.000834 1
4 254 97 293 0.000824 1
895 264 945 315 0.000816 1
975 212 986 231 0.000814 1
894 252 928 295 0.000807 1
916 263 946 317 0.000777 1
133 236 198 266 0.000764 1
136 218 159 240 0.000761 1
973 238 991 257 0.000750 1
895 260 924 294 0.000749 1
1 211 126 288 0.000735 1
862 263 896 286 0.000716 1
1182 192 1201 217 0.000712 1
1026 220 1122 263 0.000686 1
590 223 622 255 0.000678 1
864 241 918 290 0.000659 1
1054 232 1086 264 0.000659 1
984 228 1005 255 0.000654 1
15 211 73 258 0.000631 1
506 231 534 248 0.000610 1
153 223 171 253 0.000608 1
574 221 616 252 0.000583 1
969 265 1007 320 0.000579 1
1023 307 1087 339 0.000571 1
0 224 36 294 0.000569 1
494 240 524 251 0.000561 1
865 247 898 284 0.000554 1
160 236 206 264 0.000551 1
27 253 96 290 0.000537 1
972 219 995 249 0.000533 1
140 217 171 246 0.000524 1
675 207 698 232 0.000522 1
866 255 894 282 0.000512 1
918 264 940 284 0.000495 1
930 252 959 297 0.000482 1
971 242 990 264 0.000471 1
1181 164 1218 255 0.000464 1
1131 222 1159 254 0.000464 1
1060 228 1091 272 0.000460 1
865 242 903 283 0.000458 1
1051 210 1126 263 0.000454 1
2 107 137 264 0.000451 1
215 239 241 264 0.000451 1
909 271 928 296 0.000438 1
1192 191 1214 220 0.000429 1
937 247 990 305 0.000422 1
122 220 142 236 0.000422 1
77 217 96 236 0.000420 1
589 218 622 245 0.000416 1
1022 318 1054 341 0.000398 1
857 262 900 300 0.000392 1
961 241 985 297 0.000390 1
1022 318 1052 334 0.000383 1
1182 165 1236 226 0.000380 1
1075 241 1121 271 0.000373 1
896 260 942 337 0.000366 1
785 254 821 282 0.000365 1
15 207 83 258 0.000361 1
677 211 698 235 0.000360 1
865 238 928 294 0.000349 1
573 217 623 270 0.000347 1
573 196 618 255 0.000341 1
1 223 238 308 0.000341 1
217 250 241 264 0.000335 1
1088 247 1104 270 0.000308 1
1043 212 1241 277 0.000303 1
1026 306 1061 333 0.000300 1
855 259 897 294 0.000296 1
934 250 976 304 0.000293 1
132 213 147 237 0.000292 1
215 217 244 249 0.000286 1
950 235 981 301 0.000286 1
1103 231 1133 262 0.000284 1
925 266 958 336 0.000284 1
1018 215 1137 308 0.000281 1
0 92 61 267 0.000277 1
329 236 352 255 0.000275 1
212 234 243 260 0.000272 1
926 256 1002 321 0.000272 1
576 214 601 246 0.000259 1
0 206 72 260 0.000253 1
943 261 964 305 0.000251 1
728 214 745 242 0.000250 1
126 222 246 277 0.000249 1
938 257 968 304 0.000246 1
863 218 921 285 0.000228 1
946 244 984 299 0.000228 1
894 251 931 319 0.000227 1
571 203 710 266 0.000222 1
137 214 151 237 0.000221 1
930 256 1006 331 0.000215 1
0 81 239 279 0.000211 1
495 204 625 260 0.000205 1
225 217 254 244 0.000204 1
504 210 624 272 0.000203 1
223 250 241 264 0.000202 1
869 260 910 290 0.000200 1
915 266 946 334 0.000199 1
862 223 915 280 0.000197 1
914 241 1106 331 0.000196 1
1042 217 1123 307 0.000196 1
937 275 960 332 0.000195 1
867 243 893 279 0.000186 1
1023 280 1062 332 0.000177 1
0 226 296 381 0.000173 1
875 269 894 292 0.000171 1
568 199 705 246 0.000170 1
42 200 106 257 0.000163 1
1 64 178 249 0.000163 1
915 258 1140 339 0.000161 1
1010 306 1080 340 0.000159 1
806 256 826 283 0.000157 1
983 217 1125 277 0.000152 1
794 257 817 287 0.000152 1
893 241 1003 302 0.000149 1
199 242 242 272 0.000148 1
907 201 1264 289 0.000148 1
910 264 942 339 0.000148 1
853 268 887 299 0.000146 1
539 212 623 287 0.000145 1
1175 163 1205 219 0.000143 1
808 257 819 279 0.000137 1
1052 226 1105 298 0.000137 1
156 221 250 275 0.000137 1
572 207 619 338 0.000137 1
942 271 961 332 0.000134 1
942 247 974 301 0.000133 1
808 258 819 282 0.000132 1
1043 279 1058 295 0.000132 1
806 255 819 280 0.000131 1
485 240 518 255 0.000122 1
823 279 854 311 0.000119 1
914 231 1162 335 0.000119 1
866 228 945 299 0.000118 1
930 272 1008 329 0.000114 1
1100 222 1168 263 0.000113 1
1179 184 1200 217 0.000107 1
967 246 987 288 0.000105 1
45 192 108 258 0.000105 1
0 190 213 405 0.000102 1
918 244 1007 358 0.000101 1
461 409 588 445 0.042304 2
0 392 31 423 0.038729 2
692 205 728 235 0.038237 2
462 418 516 446 0.024394 2
462 411 519 442 0.023514 2
822 329 847 344 0.020791 2
304 185 323 198 0.019816 2
533 207 545 218 0.019689 2
305 188 320 198 0.018969 2
1004 198 1041 225 0.017952 2
633 202 649 215 0.017780 2
609 202 646 216 0.016027 2
1005 196 1049 227 0.015498 2
692 198 729 228 0.014108 2
463 415 513 442 0.012418 2
633 201 647 215 0.012317 2
110 400 160 426 0.012027 2
501 199 516 211 0.011658 2
1104 487 1119 497 0.011454 2
699 197 731 231 0.011446 2
507 424 588 443 0.010972 2
1004 200 1028 226 0.010512 2
462 419 502 441 0.010329 2
631 379 658 397 0.010294 2
529 198 552 217 0.010254 2
606 201 648 217 0.009973 2
533 203 553 217 0.009903 2
462 420 509 443 0.009741 2
501 204 516 216 0.009661 2
489 198 506 214 0.009475 2
127 402 160 425 0.009464 2
488 200 514 216 0.009411 2
432 422 462 442 0.008897 2
111 409 128 426 0.008866 2
495 429 514 447 0.008469 2
159 402 176 420 0.008463 2
529 204 544 217 0.008404 2
631 382 658 397 0.008364 2
462 421 497 442 0.008272 2
708 202 728 234 0.008238 2
631 374 659 397 0.008084 2
319 205 331 231 0.008001 2
534 204 547 217 0.007573 2
511 436 528 447 0.007298 2
670 454 686 463 0.007168 2
692 202 738 235 0.006846 2
1111 504 1120 511 0.006642 2
117 407 147 426 0.006625 2
510 433 528 448 0.006545 2
1100 487 1137 508 0.006510 2
1007 195 1054 230 0.006415 2
849 471 865 478 0.006350 2
63 401 140 426 0.006240 2
1005 204 1026 229 0.006237 2
432 412 501 444 0.006196 2
871 177 943 238 0.006001 2
502 424 589 449 0.005833 2
110 403 129 426 0.005649 2
461 420 498 442 0.005594 2
911 520 926 527 0.005422 2
495 429 529 448 0.005391 2
875 198 941 243 0.005152 2
707 209 728 234 0.005145 2
876 198 936 231 0.005048 2
1009 208 1041 229 0.005021 2
158 403 176 423 0.004993 2
1121 488 1136 497 0.004951 2
510 423 582 440 0.004918 2
0 257 15 290 0.004863 2
1028 272 1156 336 0.004796 2
1072 463 1080 471 0.004745 2
431 409 514 444 0.004653 2
600 202 654 217 0.004631 2
632 201 653 216 0.004626 2
714 196 730 219 0.004555 2
640 689 672 703 0.004526 2
111 393 157 426 0.004499 2
1045 520 1068 528 0.004416 2
208 399 224 414 0.004399 2
510 425 577 447 0.004357 2
635 203 653 216 0.004209 2
432 419 493 444 0.004147 2
126 399 162 424 0.004137 2
59 254 93 288 0.004010 2
463 422 499 447 0.004005 2
984 185 1050 225 0.003830 2
476 411 559 448 0.003798 2
158 395 176 420 0.003796 2
495 431 514 447 0.003785 2
129 401 173 424 0.003614 2
0 257 15 282 0.003605 2
531 202 554 218 0.003551 2
57 254 91 284 0.003543 2
1102 487 1133 510 0.003523 2
638 372 650 395 0.003481 2
129 404 163 424 0.003430 2
319 202 334 231 0.003325 2
639 681 672 703 0.003278 2
648 456 656 461 0.003251 2
1007 194 1050 221 0.003230 2
866 177 942 208 0.003194 2
511 424 569 439 0.003158 2
460 426 486 441 0.003157 2
691 207 761 235 0.003067 2
0 257 21 294 0.003064 2
624 322 667 364 0.003062 2
306 185 329 199 0.003059 2
447 416 504 441 0.003023 2
1157 236 1173 248 0.003009 2
454 204 466 218 0.003002 2
867 176 942 219 0.002911 2
692 188 731 235 0.002882 2
104 250 145 264 0.002878 2
1105 215 1139 245 0.002850 2
0 260 312 404 0.002783 2
17 396 63 423 0.002703 2
191 392 223 416 0.002682 2
623 323 660 363 0.002627 2
0 275 11 294 0.002626 2
254 414 264 424 0.002621 2
202 396 224 414 0.002621 2
432 408 463 442 0.002583 2
903 456 913 463 0.002558 2
639 686 672 703 0.002551 2
1024 209 1040 229 0.002537 2
58 396 147 426 0.002525 2
59 254 91 275 0.002508 2
530 248 592 280 0.002502 2
482 409 523 440 0.002498 2
878 199 930 243 0.002475 2
879 199 903 240 0.002449 2
335 406 384 441 0.002437 2
592 422 608 433 0.002429 2
31 393 64 422 0.002423 2
1024 308 1096 338 0.002411 2
491 191 518 215 0.002397 2
128 395 177 424 0.002394 2
1041 520 1067 528 0.002357 2
1263 168 1279 180 0.002288 2
741 439 769 456 0.002278 2
983 204 1029 230 0.002245 2
591 424 608 433 0.002243 2
0 393 64 422 0.002240 2
0 256 51 282 0.002237 2
452 205 466 222 0.002224 2
47 407 63 422 0.002212 2
739 438 765 455 0.002210 2
492 409 526 431 0.002172 2
524 190 553 217 0.002155 2
608 201 626 216 0.002143 2
593 448 608 458 0.002100 2
63 401 125 424 0.002063 2
1007 218 1024 229 0.002040 2
60 254 93 281 0.002015 2
36 399 116 424 0.002011 2
39 252 91 287 0.001989 2
133 393 224 417 0.001966 2
0 256 50 290 0.001960 2
693 185 732 229 0.001955 2
426 402 515 443 0.001943 2
45 398 63 422 0.001919 2
622 196 650 216 0.001907 2
0 237 17 284 0.001865 2
0 281 7 295 0.001856 2
29 393 121 424 0.001851 2
1043 519 1070 529 0.001838 2
912 455 925 463 0.001814 2
191 392 212 412 0.001807 2
1005 210 1042 230 0.001806 2
989 201 1029 226 0.001790 2
485 199 520 223 0.001777 2
576 446 592 459 0.001758 2
599 320 607 328 0.001725 2
827 504 843 510 0.001711 2
356 216 368 228 0.001707 2
696 187 767 232 0.001673 2
632 197 654 216 0.001656 2
656 453 666 462 0.001644 2
157 397 195 419 0.001620 2
575 444 592 458 0.001618 2
59 395 131 425 0.001609 2
680 198 691 215 0.001609 2
584 431 592 439 0.001597 2
737 439 788 460 0.001584 2
1024 312 1089 339 0.001575 2
39 393 64 421 0.001560 2
432 412 460 442 0.001547 2
334 406 384 449 0.001546 2
1024 306 1106 337 0.001528 2
483 178 517 215 0.001526 2
665 449 689 463 0.001473 2
691 197 725 231 0.001465 2
623 321 661 372 0.001453 2
111 395 130 426 0.001439 2
822 471 831 477 0.001433 2
1018 209 1044 230 0.001419 2
59 254 90 269 0.001404 2
549 203 563 216 0.001394 2
65 404 130 425 0.001378 2
1101 214 1138 241 0.001373 2
273 184 294 192 0.001371 2
293 179 314 198 0.001368 2
52 394 125 424 0.001351 2
77 569 96 591 0.001339 2
190 392 216 416 0.001329 2
156 395 202 418 0.001309 2
688 452 704 467 0.001298 2
863 468 875 478 0.001295 2
52 255 93 289 0.001291 2
1262 249 1279 270 0.001279 2
687 451 703 466 0.001248 2
624 267 669 285 0.001245 2
593 430 608 439 0.001238 2
735 439 767 459 0.001233 2
77 570 96 587 0.001228 2
624 312 687 366 0.001228 2
1120 64 1153 77 0.001223 2
633 373 661 397 0.001219 2
542 429 590 440 0.001215 2
0 278 23 295 0.001214 2
30 255 76 293 0.001210 2
1151 470 1168 479 0.001200 2
943 456 955 461 0.001186 2
31 259 49 294 0.001184 2
585 429 608 440 0.001177 2
34 403 50 422 0.001166 2
490 409 523 425 0.001162 2
504 328 512 335 0.001146 2
30 388 64 422 0.001141 2
959 480 970 487 0.001141 2
175 400 196 418 0.001130 2
711 196 742 233 0.001126 2
94 392 223 422 0.001122 2
1119 206 1202 248 0.001116 2
493 409 536 426 0.001116 2
465 391 593 444 0.001096 2
992 253 1017 262 0.001093 2
978 204 994 221 0.001074 2
980 246 1021 262 0.001067 2
598 462 608 470 0.001067 2
1007 192 1056 224 0.001065 2
58 253 108 288 0.001052 2
1102 494 1120 512 0.001050 2
624 249 676 285 0.001047 2
557 248 592 279 0.001044 2
1263 365 1279 375 0.001040 2
295 200 332 232 0.001036 2
335 408 384 472 0.001021 2
31 256 64 290 0.001020 2
537 247 598 280 0.001008 2
832 481 840 485 0.001002 2
446 202 466 221 0.000999 2
863 336 882 343 0.000990 2
170 393 217 418 0.000988 2
498 406 589 439 0.000988 2
1215 503 1231 511 0.000972 2
357 217 369 230 0.000970 2
1015 336 1024 344 0.000965 2
456 202 466 215 0.000964 2
525 184 547 204 0.000964 2
1084 204 1156 253 0.000952 2
989 190 1030 224 0.000950 2
508 427 590 449 0.000941 2
774 458 799 474 0.000933 2
503 312 529 336 0.000926 2
431 402 502 442 0.000925 2
0 397 56 424 0.000911 2
547 199 568 216 0.000907 2
294 177 306 195 0.000888 2
630 375 654 396 0.000885 2
63 404 100 424 0.000864 2
878 201 906 243 0.000857 2
502 301 532 336 0.000856 2
963 479 975 487 0.000856 2
465 408 514 432 0.000855 2
824 503 838 510 0.000842 2
1054 463 1068 471 0.000825 2
155 392 217 419 0.000815 2
0 440 8 447 0.000807 2
1041 312 1131 347 0.000806 2
11 281 24 294 0.000805 2
273 185 293 194 0.000802 2
1070 326 1088 339 0.000794 2
1263 279 1279 295 0.000792 2
1 384 64 423 0.000790 2
468 408 515 425 0.000784 2
1262 509 1279 517 0.000784 2
489 408 548 436 0.000782 2
640 438 703 464 0.000781 2
671 463 682 470 0.000768 2
983 243 1010 260 0.000766 2
624 255 671 284 0.000766 2
326 190 341 199 0.000756 2
77 572 95 591 0.000754 2
1116 212 1202 254 0.000754 2
40 256 91 291 0.000751 2
669 205 712 233 0.000744 2
493 406 579 434 0.000742 2
640 456 652 462 0.000742 2
65 276 95 288 0.000741 2
1068 325 1088 338 0.000737 2
623 269 660 285 0.000730 2
1216 501 1234 512 0.000717 2
1023 220 1123 260 0.000717 2
432 422 464 447 0.000717 2
1262 350 1279 359 0.000714 2
20 200 35 206 0.000713 2
1225 174 1278 235 0.000713 2
155 397 203 423 0.000710 2
64 273 97 288 0.000707 2
484 189 496 202 0.000707 2
624 267 681 284 0.000704 2
635 370 656 386 0.000704 2
735 425 770 456 0.000702 2
306 185 333 231 0.000702 2
28 244 68 281 0.000699 2
433 421 497 450 0.000696 2
673 461 691 470 0.000693 2
1001 254 1020 262 0.000692 2
1041 312 1115 339 0.000691 2
477 197 519 251 0.000691 2
980 253 993 262 0.000684 2
1028 280 1171 348 0.000673 2
677 450 704 470 0.000672 2
652 449 675 462 0.000672 2
637 370 659 393 0.000658 2
312 193 335 231 0.000655 2
55 391 312 476 0.000650 2
104 406 146 434 0.000648 2
509 404 586 434 0.000641 2
459 425 495 448 0.000640 2
511 341 521 350 0.000636 2
1049 457 1067 467 0.000636 2
514 425 588 439 0.000636 2
148 240 228 277 0.000631 2
1045 302 1150 337 0.000628 2
870 177 942 202 0.000615 2
319 200 354 234 0.000590 2
368 453 403 471 0.000590 2
1027 310 1100 335 0.000589 2
628 454 640 461 0.000584 2
320 199 355 242 0.000583 2
974 456 987 463 0.000576 2
660 194 693 227 0.000571 2
299 175 316 197 0.000567 2
1024 306 1113 341 0.000566 2
1025 295 1165 346 0.000566 2
984 182 1057 222 0.000563 2
821 328 848 361 0.000562 2
1 258 326 499 0.000557 2
130 238 199 277 0.000533 2
689 457 704 469 0.000532 2
1225 164 1279 181 0.000530 2
155 393 176 420 0.000525 2
265 194 278 208 0.000524 2
155 396 222 424 0.000520 2
1041 193 1056 202 0.000515 2
48 569 96 589 0.000514 2
1038 311 1126 335 0.000514 2
1025 305 1078 336 0.000508 2
260 196 275 207 0.000505 2
1260 342 1279 410 0.000504 2
31 265 49 294 0.000502 2
327 199 379 232 0.000502 2
430 400 467 442 0.000501 2
596 449 608 461 0.000500 2
641 425 688 440 0.000499 2
1039 195 1056 227 0.000496 2
206 393 224 413 0.000496 2
1122 64 1152 75 0.000492 2
1054 217 1070 240 0.000492 2
607 451 640 467 0.000488 2
647 440 702 464 0.000485 2
452 406 516 437 0.000478 2
120 236 183 277 0.000478 2
958 424 1000 457 0.000471 2
1263 351 1279 374 0.000469 2
63 252 134 288 0.000466 2
718 457 749 471 0.000466 2
1167 273 1279 349 0.000463 2
714 444 766 471 0.000461 2
502 232 541 255 0.000458 2
1199 480 1215 488 0.000457 2
500 407 585 432 0.000457 2
242 410 264 424 0.000456 2
730 460 748 471 0.000455 2
1252 196 1277 231 0.000454 2
533 249 567 280 0.000454 2
572 427 609 464 0.000446 2
536 425 584 438 0.000446 2
134 598 158 615 0.000442 2
183 392 224 461 0.000441 2
388 600 401 615 0.000440 2
509 399 588 435 0.000436 2
41 391 64 411 0.000433 2
526 428 588 440 0.000433 2
623 240 694 284 0.000431 2
624 376 633 383 0.000431 2
0 260 51 296 0.000430 2
1263 167 1279 246 0.000425 2
1028 314 1061 335 0.000425 2
1182 275 1215 286 0.000424 2
400 387 592 445 0.000422 2
710 301 768 333 0.000421 2
1174 333 1216 350 0.000420 2
35 393 224 472 0.000420 2
607 452 622 465 0.000420 2
1065 315 1125 349 0.000409 2
661 273 690 283 0.000406 2
815 472 826 477 0.000405 2
0 260 233 408 0.000405 2
625 448 640 459 0.000405 2
449 205 466 222 0.000405 2
271 181 311 198 0.000404 2
623 241 677 285 0.000401 2
313 200 333 275 0.000401 2
981 480 992 487 0.000397 2
989 358 1024 396 0.000396 2
539 429 589 449 0.000393 2
190 391 224 473 0.000393 2
621 227 701 283 0.000392 2
612 447 641 458 0.000392 2
146 392 226 475 0.000392 2
625 321 669 376 0.000388 2
46 439 64 446 0.000388 2
1149 502 1168 511 0.000387 2
623 257 682 283 0.000380 2
590 177 609 186 0.000378 2
637 424 656 436 0.000378 2
26 258 74 295 0.000378 2
777 471 794 476 0.000376 2
385 599 403 615 0.000376 2
978 201 995 223 0.000372 2
46 399 107 425 0.000370 2
0 392 73 421 0.000369 2
184 246 231 276 0.000369 2
646 437 704 468 0.000368 2
460 245 604 282 0.000368 2
531 201 555 222 0.000368 2
1143 283 1268 347 0.000367 2
1264 351 1279 361 0.000365 2
124 408 146 429 0.000364 2
667 431 680 440 0.000359 2
1255 197 1273 228 0.000358 2
1223 164 1278 200 0.000352 2
1253 195 1278 238 0.000352 2
493 234 569 275 0.000352 2
111 238 173 277 0.000352 2
33 391 109 414 0.000347 2
662 274 674 283 0.000347 2
194 250 225 277 0.000347 2
1250 196 1275 234 0.000342 2
193 395 224 457 0.000341 2
1163 504 1177 511 0.000341 2
1089 527 1103 534 0.000338 2
1025 277 1118 338 0.000336 2
0 393 64 469 0.000334 2
581 450 592 460 0.000334 2
921 152 991 181 0.000332 2
1166 257 1279 353 0.000332 2
1222 165 1280 207 0.000328 2
599 410 624 438 0.000328 2
185 395 224 428 0.000326 2
639 448 650 460 0.000323 2
161 392 222 425 0.000320 2
671 427 691 440 0.000319 2
238 441 311 469 0.000317 2
136 392 177 423 0.000317 2
606 202 656 222 0.000316 2
112 402 166 430 0.000315 2
1164 331 1216 358 0.000315 2
1111 471 1120 478 0.000315 2
47 396 63 446 0.000314 2
446 182 469 217 0.000313 2
111 390 128 423 0.000313 2
494 407 545 428 0.000311 2
1121 176 1205 251 0.000308 2
608 207 629 222 0.000307 2
577 189 710 224 0.000307 2
1050 283 1156 331 0.000307 2
1256 201 1276 238 0.000305 2
672 423 690 434 0.000303 2
1255 507 1265 517 0.000303 2
270 183 314 201 0.000303 2
0 217 319 400 0.000302 2
646 446 656 461 0.000302 2
1030 319 1058 339 0.000301 2
639 427 656 443 0.000298 2
269 454 303 467 0.000294 2
645 438 656 450 0.000294 2
664 185 692 215 0.000292 2
609 459 624 470 0.000292 2
347 209 373 232 0.000292 2
1103 185 1121 207 0.000291 2
639 438 650 450 0.000289 2
51 436 80 450 0.000288 2
1038 274 1128 328 0.000286 2
607 462 624 470 0.000285 2
254 405 272 427 0.000285 2
0 163 323 401 0.000283 2
962 196 1005 232 0.000282 2
1264 352 1279 371 0.000282 2
451 298 526 351 0.000282 2
336 414 383 458 0.000279 2
982 208 1044 257 0.000277 2
358 452 408 471 0.000277 2
606 454 643 471 0.000275 2
899 198 945 246 0.000270 2
1144 340 1197 359 0.000269 2
1258 337 1279 361 0.000266 2
1024 319 1090 347 0.000264 2
1264 363 1279 405 0.000263 2
1099 164 1210 245 0.000263 2
245 445 310 468 0.000262 2
111 381 160 427 0.000260 2
160 238 192 275 0.000260 2
149 391 225 460 0.000258 2
1149 283 1229 346 0.000255 2
633 373 671 401 0.000254 2
336 426 352 440 0.000254 2
160 238 209 276 0.000253 2
335 410 352 441 0.000253 2
590 450 606 461 0.000253 2
623 228 685 284 0.000252 2
1144 288 1168 344 0.000250 2
237 406 312 472 0.000249 2
31 376 48 396 0.000249 2
1020 335 1032 343 0.000249 2
587 183 621 199 0.000248 2
534 250 560 277 0.000248 2
1087 528 1103 535 0.000248 2
323 404 384 472 0.000247 2
189 392 223 424 0.000246 2
359 600 376 618 0.000246 2
1232 292 1279 320 0.000246 2
962 428 992 457 0.000245 2
388 419 465 441 0.000245 2
1167 334 1217 363 0.000245 2
1263 168 1279 206 0.000245 2
492 202 519 230 0.000239 2
253 405 269 425 0.000239 2
604 361 623 376 0.000239 2
98 409 137 437 0.000238 2
1198 276 1280 315 0.000237 2
1130 197 1181 250 0.000237 2
1231 292 1279 345 0.000236 2
1119 64 1142 76 0.000236 2
1160 296 1236 348 0.000235 2
623 224 773 284 0.000235 2
1042 278 1149 333 0.000233 2
366 419 384 471 0.000233 2
1018 319 1048 334 0.000232 2
630 251 665 281 0.000231 2
607 457 641 471 0.000230 2
588 182 621 196 0.000230 2
767 467 795 477 0.000229 2
358 408 369 415 0.000228 2
1093 160 1211 220 0.000227 2
31 375 64 427 0.000227 2
371 453 414 471 0.000227 2
386 599 409 614 0.000226 2
1135 337 1192 360 0.000225 2
623 317 664 357 0.000223 2
332 200 354 243 0.000222 2
482 151 522 170 0.000221 2
35 568 96 591 0.000220 2
1151 497 1168 508 0.000219 2
510 406 544 428 0.000216 2
593 429 625 440 0.000216 2
866 192 903 237 0.000215 2
207 397 224 424 0.000214 2
1017 318 1048 343 0.000213 2
623 313 672 358 0.000211 2
601 408 624 435 0.000210 2
1037 307 1158 357 0.000209 2
1028 306 1142 356 0.000208 2
1188 682 1232 703 0.000207 2
167 239 225 273 0.000207 2
1043 227 1110 296 0.000205 2
867 167 985 237 0.000205 2
628 368 659 398 0.000204 2
327 416 384 472 0.000203 2
1146 271 1232 345 0.000203 2
459 391 515 433 0.000202 2
327 198 388 237 0.000201 2
1223 172 1279 223 0.000200 2
210 249 241 275 0.000199 2
1220 174 1279 212 0.000199 2
1164 206 1189 239 0.000198 2
1161 292 1252 346 0.000197 2
1185 495 1237 512 0.000197 2
2 261 485 397 0.000196 2
190 371 229 416 0.000196 2
1 186 501 395 0.000196 2
58 432 80 469 0.000195 2
623 274 694 382 0.000194 2
624 258 696 283 0.000194 2
1231 294 1279 360 0.000194 2
366 420 384 439 0.000194 2
1146 271 1260 346 0.000193 2
659 375 672 387 0.000193 2
319 442 387 472 0.000192 2
912 179 943 201 0.000191 2
1167 273 1220 294 0.000191 2
3 229 584 398 0.000190 2
1157 299 1217 347 0.000190 2
921 196 944 219 0.000190 2
1152 412 1170 423 0.000189 2
1222 160 1280 182 0.000188 2
603 187 715 217 0.000186 2
59 399 96 452 0.000185 2
64 433 80 442 0.000184 2
1164 286 1280 347 0.000183 2
904 182 984 256 0.000182 2
1052 273 1140 330 0.000182 2
520 232 544 249 0.000181 2
493 432 529 453 0.000181 2
598 202 712 284 0.000181 2
822 327 858 343 0.000181 2
542 429 592 457 0.000181 2
1175 323 1215 349 0.000180 2
46 435 73 448 0.000180 2
480 181 495 199 0.000180 2
623 376 642 395 0.000178 2
518 407 549 427 0.000177 2
1180 275 1280 317 0.000176 2
320 408 336 415 0.000174 2
1043 279 1103 295 0.000174 2
38 567 96 595 0.000173 2
398 419 457 439 0.000173 2
1172 274 1216 286 0.000173 2
902 200 939 247 0.000173 2
1248 504 1263 513 0.000172 2
41 433 80 469 0.000172 2
625 316 691 399 0.000171 2
453 302 515 357 0.000171 2
943 222 1165 335 0.000171 2
1186 281 1280 337 0.000170 2
908 178 942 201 0.000170 2
585 429 608 457 0.000170 2
623 219 743 284 0.000169 2
46 383 65 450 0.000169 2
987 358 1016 383 0.000168 2
671 387 682 398 0.000167 2
0 373 49 397 0.000166 2
621 210 771 283 0.000165 2
1190 689 1232 703 0.000164 2
454 391 519 437 0.000164 2
451 281 533 347 0.000164 2
31 576 74 616 0.000163 2
460 249 599 316 0.000162 2
453 254 497 346 0.000162 2
72 394 224 478 0.000162 2
30 568 85 615 0.000162 2
140 394 227 452 0.000161 2
356 200 384 223 0.000160 2
1029 278 1138 335 0.000159 2
612 202 716 225 0.000158 2
1227 251 1280 296 0.000158 2
623 270 701 286 0.000158 2
255 393 272 427 0.000157 2
345 199 389 229 0.000157 2
196 259 225 278 0.000157 2
623 324 657 348 0.000156 2
1209 262 1279 365 0.000155 2
62 391 108 418 0.000155 2
191 444 224 474 0.000155 2
463 258 607 283 0.000154 2
679 440 704 467 0.000154 2
0 396 64 452 0.000154 2
22 513 42 526 0.000153 2
720 324 763 363 0.000153 2
1040 277 1128 297 0.000153 2
669 384 681 395 0.000151 2
54 405 77 444 0.000151 2
475 416 591 461 0.000150 2
1188 679 1280 703 0.000150 2
510 392 589 433 0.000150 2
115 249 193 282 0.000149 2
454 289 497 345 0.000149 2
491 392 608 440 0.000149 2
1228 285 1279 317 0.000147 2
623 236 671 285 0.000147 2
589 448 609 459 0.000147 2
253 402 386 472 0.000146 2
139 405 225 479 0.000145 2
990 278 1141 336 0.000144 2
1039 276 1114 324 0.000143 2
531 250 561 282 0.000143 2
334 394 386 464 0.000143 2
1213 274 1279 315 0.000142 2
270 184 295 203 0.000142 2
316 408 336 415 0.000141 2
1167 273 1220 288 0.000141 2
60 392 95 411 0.000141 2
1190 692 1231 703 0.000141 2
659 379 673 394 0.000139 2
564 198 726 241 0.000139 2
1173 268 1233 288 0.000139 2
129 255 196 281 0.000139 2
1144 267 1216 282 0.000139 2
191 444 224 465 0.000138 2
1212 277 1277 321 0.000138 2
687 376 695 384 0.000138 2
463 391 472 399 0.000137 2
1107 189 1150 247 0.000136 2
351 405 384 418 0.000136 2
1179 294 1280 349 0.000136 2
238 403 304 465 0.000136 2
654 273 768 362 0.000135 2
405 401 466 442 0.000135 2
31 577 57 615 0.000135 2
265 447 312 469 0.000135 2
1263 559 1272 566 0.000134 2
1148 295 1216 343 0.000133 2
0 561 59 601 0.000133 2
1177 327 1208 348 0.000133 2
1169 274 1216 306 0.000132 2
209 261 224 278 0.000132 2
1231 292 1279 334 0.000131 2
463 421 497 462 0.000131 2
499 427 594 456 0.000131 2
1146 300 1213 350 0.000130 2
331 431 399 472 0.000130 2
624 235 705 284 0.000130 2
598 318 608 343 0.000130 2
447 513 456 523 0.000130 2
624 311 682 348 0.000129 2
64 402 120 435 0.000129 2
1263 255 1279 296 0.000128 2
151 476 224 501 0.000128 2
894 178 944 234 0.000128 2
912 602 928 616 0.000126 2
32 588 45 615 0.000126 2
635 385 690 433 0.000126 2
1231 281 1279 314 0.000126 2
1216 242 1279 361 0.000125 2
22 513 41 524 0.000125 2
319 409 336 432 0.000125 2
114 401 178 436 0.000124 2
32 569 100 612 0.000124 2
0 280 7 312 0.000124 2
0 418 75 471 0.000123 2
30 237 243 330 0.000123 2
1039 276 1091 325 0.000123 2
220 404 263 426 0.000123 2
1261 276 1279 315 0.000122 2
239 441 303 466 0.000122 2
0 251 206 349 0.000121 2
623 290 681 335 0.000121 2
108 404 144 439 0.000119 2
424 64 504 97 0.000119 2
1191 290 1280 340 0.000119 2
1045 235 1121 296 0.000119 2
1213 342 1265 358 0.000118 2
1151 528 1157 533 0.000117 2
641 419 704 467 0.000117 2
331 223 833 382 0.000117 2
463 391 517 428 0.000117 2
328 407 378 441 0.000117 2
63 402 99 436 0.000116 2
48 428 80 449 0.000116 2
95 423 109 434 0.000115 2
1036 195 1072 239 0.000115 2
591 458 608 470 0.000115 2
124 400 178 436 0.000115 2
333 200 353 235 0.000115 2
609 322 656 380 0.000115 2
39 436 73 468 0.000114 2
16 200 35 207 0.000114 2
108 376 245 417 0.000113 2
512 409 588 436 0.000113 2
191 368 232 412 0.000113 2
64 389 136 427 0.000113 2
354 199 387 231 0.000113 2
502 312 529 351 0.000112 2
326 198 374 274 0.000111 2
453 305 497 346 0.000111 2
1148 271 1221 290 0.000111 2
619 205 674 223 0.000111 2
240 436 305 469 0.000110 2
0 422 8 448 0.000110 2
136 262 176 279 0.000110 2
907 177 941 190 0.000109 2
251 195 269 220 0.000109 2
468 432 496 455 0.000109 2
239 488 248 495 0.000109 2
103 247 176 283 0.000109 2
511 234 545 256 0.000108 2
911 187 1164 258 0.000108 2
166 477 224 501 0.000108 2
1101 195 1151 248 0.000108 2
240 406 306 436 0.000107 2
540 248 590 280 0.000107 2
958 160 990 181 0.000107 2
47 239 230 309 0.000107 2
1263 327 1279 370 0.000106 2
0 561 26 600 0.000106 2
623 289 692 355 0.000106 2
1167 273 1223 306 0.000105 2
1131 262 1219 283 0.000105 2
821 331 889 344 0.000104 2
330 141 618 370 0.000104 2
1043 278 1078 295 0.000103 2
657 287 761 369 0.000102 2
483 431 527 454 0.000101 2
585 170 661 217 0.000101 2
631 351 656 386 0.000101 2
626 297 690 387 0.000100 2
1022 306 1115 358 0.000100 2
478 170 517 212 0.002473 5
938 215 1277 347 0.001674 5
550 174 580 202 0.001482 5
823 135 939 165 0.001427 5
545 171 580 205 0.001397 5
707 216 1279 485 0.000999 5
930 241 1279 484 0.000966 5
447 166 591 216 0.000845 5
693 183 731 225 0.000718 5
1190 167 1279 232 0.000672 5
446 153 518 170 0.000578 5
447 155 522 204 0.000568 5
699 200 1274 348 0.000567 5
468 152 527 207 0.000552 5
447 149 523 171 0.000411 5
480 173 500 198 0.000383 5
474 152 518 171 0.000348 5
1006 183 1061 213 0.000338 5
1000 183 1049 217 0.000328 5
827 200 1273 335 0.000322 5
1093 164 1278 264 0.000259 5
457 157 509 204 0.000230 5
1262 166 1279 232 0.000226 5
1187 277 1280 319 0.000222 5
584 180 624 201 0.000201 5
1199 161 1279 223 0.000196 5
841 136 939 153 0.000157 5
857 192 1259 289 0.000118 5
0 133 323 346 0.000109 5
663 171 1269 372 0.000108 5
641 280 1267 496 0.004548 6
444 159 582 212 0.004029 6
461 164 582 208 0.003880 6
1 396 168 426 0.003332 6
641 261 1197 481 0.002935 6
651 233 1277 495 0.002679 6
641 322 1259 503 0.002006 6
827 135 940 165 0.001839 6
1021 266 1279 463 0.001798 6
443 162 583 224 0.001643 6
951 259 1279 480 0.001314 6
827 135 939 159 0.001106 6
476 160 581 206 0.001081 6
641 256 1251 437 0.000914 6
1084 154 1279 267 0.000766 6
651 128 1276 488 0.000755 6
642 346 1126 488 0.000712 6
640 260 1075 478 0.000683 6
441 170 527 216 0.000631 6
502 248 957 474 0.000622 6
443 161 533 215 0.000570 6
640 261 996 484 0.000516 6
443 169 578 216 0.000456 6
443 168 551 217 0.000417 6
1165 273 1279 346 0.000412 6
644 365 984 482 0.000409 6
643 367 1273 505 0.000295 6
1 86 383 400 0.000264 6
2 111 457 394 0.000263 6
353 397 717 458 0.000258 6
640 253 1079 347 0.000239 6
655 430 1062 485 0.000223 6
333 64 629 231 0.000208 6
644 405 1230 508 0.000203 6
642 245 1219 346 0.000194 6
539 162 958 380 0.000191 6
438 158 583 253 0.000178 6
502 389 947 475 0.000171 6
1145 64 1280 273 0.000168 6
536 241 957 447 0.000155 6
325 64 734 282 0.000137 6
1072 64 1280 273 0.000123 6
152 170 260 225 0.000119 6
0 256 216 421 0.000118 6
0 64 327 390 0.000114 6
602 160 958 367 0.000107 6
853 176 943 242 0.278217 7
695 152 945 241 0.180103 7
702 152 859 236 0.128638 7
801 177 943 242 0.097284 7
866 177 943 230 0.047859 7
706 153 812 230 0.037390 7
799 154 943 241 0.035573 7
1183 230 1279 268 0.034838 7
0 392 31 423 0.026137 7
1005 196 1052 228 0.017375 7
864 177 975 242 0.014416 7
548 172 581 203 0.010488 7
1184 181 1279 268 0.009991 7
802 181 853 239 0.006137 7
801 161 859 240 0.005945 7
1032 265 1279 350 0.005922 7
803 170 858 223 0.005691 7
1183 209 1279 267 0.003969 7
0 374 31 424 0.003736 7
1212 175 1279 267 0.003576 7
678 152 946 258 0.003454 7
492 169 580 212 0.003203 7
1032 271 1165 337 0.003095 7
486 168 580 206 0.002935 7
987 190 1052 227 0.002868 7
803 177 853 226 0.002718 7
733 156 858 239 0.002467 7
1179 163 1279 266 0.002141 7
722 152 806 208 0.002139 7
985 193 1053 237 0.001693 7
949 251 1279 349 0.001544 7
818 133 984 235 0.001503 7
866 177 924 237 0.001405 7
1195 171 1279 244 0.001307 7
694 153 807 224 0.001183 7
847 176 926 240 0.001009 7
726 152 809 219 0.000815 7
942 209 1278 347 0.000794 7
864 189 979 245 0.000771 7
1186 170 1279 233 0.000771 7
689 183 733 230 0.000730 7
1183 229 1279 276 0.000725 7
686 154 983 251 0.000711 7
824 144 938 238 0.000683 7
693 132 945 245 0.000680 7
800 184 863 241 0.000669 7
809 134 948 239 0.000631 7
989 200 1054 256 0.000624 7
694 184 730 220 0.000583 7
657 150 956 294 0.000571 7
1064 212 1279 269 0.000552 7
988 197 1064 257 0.000521 7
1087 160 1279 268 0.000509 7
293 199 389 280 0.000499 7
1229 168 1279 247 0.000435 7
694 179 766 225 0.000434 7
589 150 942 296 0.000428 7
544 170 647 212 0.000411 7
984 173 1058 228 0.000391 7
1181 169 1251 262 0.000380 7
1136 280 1279 422 0.000349 7
691 159 780 231 0.000338 7
831 143 938 220 0.000320 7
866 176 941 204 0.000312 7
1 191 501 379 0.000293 7
1033 228 1204 339 0.000272 7
1159 296 1280 358 0.000266 7
998 166 1063 228 0.000265 7
1027 218 1264 332 0.000262 7
730 155 1058 251 0.000239 7
1132 274 1168 346 0.000236 7
706 139 875 229 0.000235 7
1054 271 1151 339 0.000219 7
968 173 1056 228 0.000216 7
540 178 618 250 0.000211 7
712 138 1038 250 0.000208 7
295 199 332 233 0.000207 7
572 135 957 361 0.000204 7
652 268 769 359 0.000199 7
713 152 794 211 0.000195 7
704 299 768 377 0.000190 7
640 151 992 353 0.000171 7
620 267 769 357 0.000164 7
702 129 834 224 0.000164 7
22 195 455 366 0.000160 7
239 402 305 472 0.000152 7
534 151 937 325 0.000151 7
686 295 769 373 0.000150 7
691 254 854 356 0.000143 7
1149 274 1168 342 0.000142 7
1166 295 1234 351 0.000141 7
1057 272 1143 352 0.000140 7
703 287 852 369 0.000132 7
723 192 848 239 0.000130 7
807 159 857 191 0.000127 7
682 154 1138 275 0.000127 7
722 168 779 209 0.000126 7
710 122 941 221 0.000124 7
1098 162 1219 233 0.000121 7
642 146 1126 354 0.000121 7
1117 272 1229 347 0.000114 7
735 152 813 232 0.000114 7
1184 229 1279 302 0.000110 7
1044 270 1144 329 0.000110 7
1094 163 1219 247 0.000106 7
621 218 770 347 0.000105 7
669 238 856 352 0.000101 7
1089 150 1103 177 0.600774 9
512 151 524 180 0.268328 9
372 167 381 184 0.069559 9
448 157 490 171 0.033324 9
239 178 246 190 0.032306 9
366 167 373 187 0.031165 9
1207 170 1215 187 0.029400 9
513 152 524 186 0.028524 9
866 151 880 175 0.025944 9
680 166 687 184 0.021762 9
1215 167 1223 183 0.019663 9
878 153 891 169 0.018419 9
896 154 907 173 0.018299 9
558 184 566 195 0.018017 9
867 152 881 176 0.017222 9
927 150 937 168 0.016032 9
553 173 573 201 0.014377 9
1225 164 1232 181 0.013879 9
362 167 369 188 0.013396 9
313 149 342 194 0.013358 9
1013 136 1024 171 0.013135 9
517 192 523 202 0.013110 9
1192 383 1206 410 0.012926 9
551 172 577 201 0.012482 9
880 153 894 170 0.012071 9
517 191 526 200 0.011715 9
844 151 859 166 0.011492 9
523 183 535 196 0.011464 9
365 167 374 189 0.010981 9
896 157 906 176 0.010963 9
1214 167 1223 194 0.010135 9
1191 383 1207 415 0.010043 9
257 179 262 190 0.009914 9
257 142 268 160 0.009825 9
1090 150 1103 182 0.009684 9
848 182 858 215 0.009616 9
863 166 869 184 0.009567 9
546 171 581 203 0.009510 9
864 150 880 172 0.009289 9
449 158 484 171 0.008911 9
1198 401 1206 415 0.008875 9
1231 168 1246 183 0.008450 9
959 135 972 160 0.008287 9
1193 383 1206 402 0.007902 9
111 151 128 164 0.007803 9
840 151 859 166 0.007278 9
1192 386 1203 401 0.006940 9
448 157 490 177 0.006439 9
638 160 644 168 0.006320 9
693 176 699 189 0.006055 9
959 135 976 160 0.005960 9
863 164 871 183 0.005913 9
1208 169 1215 199 0.005881 9
665 182 671 195 0.005080 9
694 177 703 198 0.004916 9
896 154 909 175 0.004747 9
606 168 614 184 0.004528 9
587 172 594 185 0.004472 9
119 64 202 89 0.004328 9
814 144 823 155 0.004296 9
1006 134 1024 174 0.004177 9
893 151 905 175 0.004173 9
552 175 579 202 0.004044 9
830 135 860 166 0.003953 9
875 152 893 176 0.003942 9
588 175 598 185 0.003917 9
927 147 944 168 0.003876 9
119 64 159 77 0.003849 9
695 176 703 185 0.003795 9
1155 164 1167 184 0.003735 9
224 182 233 199 0.003690 9
1006 135 1019 174 0.003685 9
240 166 247 178 0.003674 9
690 168 697 180 0.003492 9
680 167 689 196 0.003400 9
814 147 822 160 0.003373 9
174 64 201 90 0.003353 9
905 67 943 119 0.003353 9
446 156 490 187 0.003255 9
544 168 552 193 0.003210 9
464 170 471 184 0.003081 9
94 168 105 176 0.003020 9
521 184 536 199 0.002980 9
359 168 368 189 0.002969 9
154 64 202 90 0.002688 9
544 168 554 200 0.002666 9
312 145 349 196 0.002582 9
256 177 262 191 0.002539 9
617 156 625 170 0.002503 9
605 162 615 184 0.002476 9
841 119 859 135 0.002395 9
828 135 861 159 0.002377 9
703 168 711 180 0.002355 9
524 182 546 198 0.002318 9
43 315 56 344 0.002286 9
700 152 711 179 0.002281 9
700 119 715 153 0.002269 9
1214 369 1223 388 0.002209 9
1207 160 1217 188 0.002205 9
880 152 898 176 0.002173 9
840 119 854 135 0.002170 9
568 179 581 201 0.002169 9
543 168 579 201 0.002168 9
698 122 707 153 0.002165 9
700 123 713 153 0.002153 9
1089 144 1104 177 0.002140 9
768 103 784 135 0.002121 9
698 125 705 152 0.002020 9
512 145 525 181 0.002003 9
1207 168 1215 193 0.001985 9
812 155 859 180 0.001985 9
514 168 547 187 0.001950 9
698 152 707 178 0.001935 9
959 424 973 457 0.001925 9
1212 167 1224 202 0.001914 9
508 170 548 196 0.001881 9
964 358 980 391 0.001874 9
1150 104 1166 134 0.001784 9
569 161 580 177 0.001735 9
688 169 696 184 0.001716 9
992 146 1000 166 0.001680 9
751 361 759 375 0.001659 9
118 64 185 79 0.001658 9
697 157 710 182 0.001615 9
829 151 859 171 0.001602 9
838 143 862 167 0.001593 9
842 150 862 168 0.001584 9
665 186 671 200 0.001570 9
696 149 712 181 0.001566 9
1177 381 1182 391 0.001549 9
714 134 720 152 0.001548 9
826 135 917 168 0.001545 9
166 64 176 76 0.001484 9
587 168 594 185 0.001473 9
1103 169 1120 204 0.001470 9
518 171 546 190 0.001443 9
158 64 195 89 0.001423 9
665 154 671 173 0.001404 9
602 165 615 184 0.001402 9
846 118 865 136 0.001380 9
449 154 491 171 0.001373 9
1021 159 1030 170 0.001362 9
1013 127 1041 172 0.001362 9
545 265 559 281 0.001358 9
210 166 219 176 0.001341 9
1169 380 1179 392 0.001332 9
1095 131 1105 175 0.001316 9
386 198 398 206 0.001307 9
121 64 189 88 0.001297 9
841 118 866 136 0.001292 9
703 171 711 183 0.001263 9
256 158 267 176 0.001261 9
1221 162 1232 181 0.001254 9
951 354 960 374 0.001243 9
448 156 491 204 0.001210 9
159 64 185 91 0.001209 9
1089 149 1110 179 0.001201 9
1160 377 1166 383 0.001188 9
39 315 57 345 0.001177 9
1089 148 1104 194 0.001175 9
1229 162 1248 181 0.001173 9
580 64 596 91 0.001161 9
998 134 1011 174 0.001159 9
927 137 940 168 0.001157 9
809 166 831 179 0.001150 9
570 162 580 178 0.001146 9
951 346 959 363 0.001146 9
947 168 959 184 0.001141 9
801 143 811 156 0.001136 9
245 193 256 216 0.001129 9
665 171 671 187 0.001123 9
697 151 711 180 0.001115 9
1206 165 1229 196 0.001109 9
525 169 546 181 0.001108 9
409 178 418 203 0.001100 9
810 160 858 179 0.001097 9
470 150 531 182 0.001092 9
1191 164 1202 186 0.001091 9
678 166 688 198 0.001082 9
587 166 602 185 0.001077 9
1132 165 1146 185 0.001062 9
1223 164 1232 200 0.001061 9
372 153 382 184 0.001053 9
689 118 710 152 0.001048 9
608 158 619 183 0.001044 9
950 355 961 389 0.001027 9
1204 407 1215 416 0.001025 9
617 156 624 184 0.001022 9
694 182 702 199 0.001021 9
67 169 84 178 0.001006 9
879 155 893 172 0.001003 9
158 64 181 92 0.001001 9
1208 167 1228 204 0.000985 9
664 319 680 350 0.000973 9
827 135 860 153 0.000972 9
766 69 784 138 0.000951 9
848 303 855 311 0.000947 9
1180 163 1204 218 0.000943 9
845 135 940 171 0.000942 9
95 183 102 200 0.000942 9
1081 174 1089 183 0.000942 9
512 150 541 187 0.000915 9
239 176 250 193 0.000915 9
1126 165 1146 185 0.000914 9
513 177 525 197 0.000912 9
1146 164 1167 184 0.000911 9
751 353 760 376 0.000898 9
211 164 221 178 0.000890 9
844 164 871 226 0.000889 9
578 301 593 317 0.000887 9
491 150 524 193 0.000885 9
852 135 929 174 0.000873 9
664 164 671 174 0.000866 9
338 166 352 197 0.000848 9
259 167 271 179 0.000847 9
993 138 1000 171 0.000846 9
1103 164 1150 186 0.000839 9
959 423 976 457 0.000836 9
926 136 945 168 0.000836 9
484 172 498 193 0.000833 9
225 175 248 193 0.000830 9
767 100 784 137 0.000829 9
246 176 259 192 0.000826 9
575 281 595 322 0.000824 9
111 137 128 165 0.000824 9
249 178 257 192 0.000817 9
1022 129 1040 162 0.000805 9
256 129 268 161 0.000804 9
1020 125 1040 164 0.000792 9
861 112 869 119 0.000791 9
1021 160 1031 178 0.000784 9
414 176 421 203 0.000775 9
352 162 362 190 0.000771 9
1207 158 1232 187 0.000766 9
498 154 581 208 0.000765 9
810 160 858 187 0.000762 9
1122 164 1159 185 0.000762 9
1189 161 1202 187 0.000761 9
573 252 593 283 0.000759 9
691 119 709 153 0.000759 9
370 167 385 198 0.000756 9
617 154 625 170 0.000755 9
927 147 945 184 0.000754 9
993 135 1002 170 0.000742 9
67 170 82 200 0.000717 9
158 64 172 75 0.000716 9
847 174 869 230 0.000709 9
573 242 592 279 0.000695 9
576 284 595 329 0.000690 9
835 150 872 187 0.000688 9
1078 151 1103 184 0.000684 9
1171 149 1184 164 0.000672 9
463 249 478 304 0.000671 9
701 118 715 128 0.000667 9
159 64 194 81 0.000661 9
1153 159 1168 184 0.000660 9
627 168 637 180 0.000655 9
1094 167 1105 205 0.000646 9
492 170 513 195 0.000637 9
759 98 785 151 0.000633 9
859 112 870 136 0.000618 9
700 118 720 154 0.000615 9
860 135 940 178 0.000611 9
256 161 269 181 0.000607 9
811 159 854 178 0.000601 9
1136 164 1155 185 0.000600 9
959 134 994 162 0.000595 9
256 143 272 177 0.000583 9
815 165 858 185 0.000582 9
690 119 705 153 0.000581 9
708 131 721 154 0.000575 9
576 290 594 323 0.000572 9
959 136 978 163 0.000570 9
1171 377 1183 391 0.000565 9
311 108 394 197 0.000565 9
575 276 596 325 0.000563 9
339 163 354 196 0.000559 9
1099 137 1110 165 0.000557 9
1046 156 1055 167 0.000553 9
671 153 677 168 0.000552 9
171 64 212 91 0.000550 9
1108 155 1118 168 0.000539 9
312 135 366 197 0.000536 9
830 149 852 164 0.000535 9
753 69 784 140 0.000531 9
405 179 417 204 0.000529 9
574 272 608 335 0.000529 9
258 168 271 186 0.000528 9
666 151 671 172 0.000526 9
684 165 703 202 0.000526 9
483 336 497 356 0.000522 9
95 168 109 177 0.000521 9
1041 155 1051 168 0.000521 9
596 64 625 92 0.000519 9
375 162 408 185 0.000511 9
484 150 524 180 0.000511 9
1103 164 1151 192 0.000507 9
801 141 823 160 0.000506 9
997 133 1012 174 0.000503 9
826 135 920 157 0.000503 9
374 150 384 183 0.000503 9
930 166 963 184 0.000493 9
999 123 1007 135 0.000486 9
1152 165 1167 184 0.000481 9
575 279 596 349 0.000480 9
663 294 672 316 0.000479 9
566 141 581 177 0.000478 9
665 168 688 200 0.000473 9
652 152 670 175 0.000462 9
945 311 960 330 0.000461 9
679 156 688 184 0.000460 9
67 169 87 177 0.000459 9
1088 158 1103 205 0.000453 9
847 276 856 311 0.000451 9
563 249 590 279 0.000450 9
847 136 941 154 0.000445 9
95 151 105 176 0.000445 9
241 161 253 180 0.000443 9
624 172 635 186 0.000442 9
638 161 648 180 0.000439 9
571 134 581 164 0.000437 9
558 177 581 202 0.000437 9
653 158 661 175 0.000435 9
1026 146 1040 163 0.000423 9
435 171 446 183 0.000420 9
605 158 624 185 0.000417 9
565 138 581 163 0.000415 9
1077 144 1103 182 0.000412 9
1115 155 1172 185 0.000412 9
256 84 263 97 0.000411 9
701 118 719 128 0.000409 9
596 274 608 329 0.000405 9
803 148 815 160 0.000402 9
213 162 223 177 0.000400 9
311 149 384 195 0.000397 9
371 166 393 185 0.000395 9
826 135 849 153 0.000393 9
1047 342 1056 354 0.000393 9
312 92 370 197 0.000388 9
662 170 690 213 0.000386 9
575 131 581 151 0.000385 9
1190 164 1216 199 0.000384 9
580 277 591 289 0.000382 9
665 165 688 193 0.000382 9
436 146 528 176 0.000382 9
464 183 475 197 0.000377 9
1101 166 1124 198 0.000376 9
852 113 870 136 0.000374 9
926 165 946 184 0.000374 9
674 572 680 582 0.000373 9
48 184 64 206 0.000373 9
294 175 307 196 0.000369 9
855 282 863 294 0.000368 9
223 168 232 176 0.000365 9
352 164 365 190 0.000365 9
478 168 518 214 0.000359 9
766 135 791 153 0.000358 9
247 164 257 175 0.000357 9
1085 142 1130 177 0.000349 9
575 257 596 322 0.000348 9
223 177 233 199 0.000348 9
596 169 620 185 0.000346 9
1104 135 1136 166 0.000344 9
689 118 704 146 0.000342 9
751 87 783 152 0.000337 9
751 94 771 152 0.000336 9
1080 126 1136 179 0.000332 9
348 146 377 190 0.000329 9
638 151 647 167 0.000328 9
996 126 1011 174 0.000325 9
742 362 751 375 0.000324 9
918 146 992 184 0.000323 9
1021 111 1041 165 0.000319 9
689 161 703 186 0.000319 9
1096 128 1104 151 0.000314 9
42 312 61 344 0.000313 9
1198 132 1205 187 0.000312 9
1205 148 1230 193 0.000310 9
1028 156 1039 168 0.000307 9
357 149 384 188 0.000305 9
594 149 600 164 0.000304 9
751 119 765 151 0.000304 9
812 135 824 156 0.000302 9
1186 149 1220 195 0.000301 9
751 107 770 151 0.000300 9
678 304 688 356 0.000299 9
688 118 708 174 0.000299 9
399 183 409 202 0.000298 9
764 103 792 153 0.000295 9
1107 149 1122 167 0.000290 9
575 126 580 142 0.000286 9
1102 166 1146 206 0.000282 9
398 184 407 202 0.000282 9
887 346 895 364 0.000278 9
989 120 999 140 0.000277 9
1095 132 1111 166 0.000276 9
624 167 636 183 0.000272 9
1182 382 1204 402 0.000272 9
433 171 445 186 0.000271 9
1046 345 1056 363 0.000271 9
601 159 619 183 0.000270 9
825 135 857 157 0.000270 9
663 294 673 320 0.000269 9
39 312 68 346 0.000267 9
373 165 398 185 0.000266 9
170 64 234 90 0.000265 9
718 552 728 576 0.000262 9
763 135 806 154 0.000262 9
650 157 656 174 0.000262 9
576 79 585 104 0.000260 9
1183 158 1203 189 0.000259 9
943 311 958 332 0.000258 9
670 150 677 168 0.000257 9
650 166 657 176 0.000257 9
1001 104 1042 169 0.000256 9
690 155 703 182 0.000255 9
788 87 801 98 0.000252 9
1181 163 1227 212 0.000251 9
694 117 716 171 0.000251 9
802 146 812 159 0.000245 9
1103 146 1137 172 0.000244 9
1087 129 1106 178 0.000244 9
593 64 640 95 0.000240 9
442 159 515 227 0.000239 9
839 135 944 152 0.000239 9
703 154 718 180 0.000238 9
1129 101 1151 135 0.000236 9
1150 101 1186 135 0.000236 9
592 272 608 329 0.000236 9
1109 143 1136 165 0.000235 9
1186 164 1216 202 0.000233 9
575 253 593 292 0.000233 9
1197 131 1206 193 0.000231 9
225 178 245 196 0.000229 9
1056 140 1104 193 0.000228 9
1149 162 1193 185 0.000224 9
766 69 784 113 0.000224 9
363 186 375 200 0.000224 9
470 180 482 199 0.000223 9
433 170 445 179 0.000222 9
896 138 943 180 0.000221 9
1098 126 1136 168 0.000221 9
1018 168 1032 184 0.000221 9
480 335 497 356 0.000221 9
550 139 580 160 0.000220 9
371 152 409 184 0.000219 9
825 135 938 150 0.000218 9
638 81 657 104 0.000217 9
908 102 931 120 0.000218 9
598 134 606 144 0.000216 9
594 64 634 93 0.000214 9
596 149 610 166 0.000212 9
457 182 470 200 0.000212 9
1091 162 1191 197 0.000211 9
702 147 721 184 0.000211 9
320 93 332 155 0.000208 9
1106 176 1121 205 0.000208 9
226 166 246 181 0.000208 9
805 151 854 181 0.000207 9
261 179 273 195 0.000205 9
575 80 584 107 0.000203 9
806 162 858 217 0.000203 9
1108 156 1160 186 0.000203 9
1072 145 1097 187 0.000202 9
556 160 581 178 0.000202 9
1043 151 1056 167 0.000202 9
923 136 981 171 0.000202 9
255 114 264 127 0.000202 9
620 158 645 170 0.000201 9
1210 152 1225 163 0.000197 9
574 64 584 95 0.000195 9
719 156 728 168 0.000194 9
443 158 492 212 0.000193 9
351 156 367 192 0.000190 9
624 169 637 185 0.000189 9
575 77 583 97 0.000188 9
968 119 988 130 0.000188 9
594 64 634 107 0.000187 9
1071 154 1094 197 0.000187 9
259 147 281 163 0.000186 9
990 118 1003 134 0.000185 9
765 70 784 104 0.000184 9
904 67 934 119 0.000184 9
965 133 992 151 0.000183 9
689 231 702 274 0.000183 9
979 133 992 142 0.000183 9
993 119 1008 135 0.000182 9
643 150 657 166 0.000182 9
989 120 1001 164 0.000180 9
1042 124 1107 193 0.000178 9
683 119 710 182 0.000178 9
1228 166 1247 207 0.000178 9
968 119 993 137 0.000177 9
586 122 600 164 0.000176 9
574 64 592 91 0.000176 9
1076 121 1117 180 0.000174 9
1053 118 1137 177 0.000173 9
67 169 103 200 0.000172 9
256 69 267 98 0.000172 9
637 79 658 111 0.000172 9
1088 147 1122 180 0.000171 9
680 132 690 159 0.000171 9
575 313 594 391 0.000171 9
245 161 257 175 0.000170 9
1175 520 1184 549 0.000169 9
1048 171 1057 184 0.000168 9
257 125 271 162 0.000167 9
119 64 170 92 0.000166 9
808 168 825 190 0.000166 9
784 113 838 136 0.000165 9
680 146 689 163 0.000164 9
967 133 1024 174 0.000162 9
601 151 624 176 0.000161 9
592 158 602 178 0.000160 9
624 64 638 73 0.000160 9
789 136 806 153 0.000159 9
792 133 825 155 0.000158 9
512 146 545 184 0.000158 9
653 172 661 191 0.000157 9
16 157 25 180 0.000157 9
699 130 721 183 0.000157 9
232 130 240 145 0.000155 9
679 116 715 220 0.000155 9
761 134 823 154 0.000154 9
586 119 599 146 0.000152 9
312 93 333 165 0.000152 9
159 65 177 96 0.000151 9
433 170 447 182 0.000151 9
157 189 172 207 0.000151 9
925 134 964 172 0.000150 9
1188 143 1204 187 0.000149 9
444 146 527 171 0.000148 9
685 299 703 345 0.000148 9
809 77 850 88 0.000148 9
741 356 753 375 0.000147 9
910 135 939 153 0.000146 9
586 118 599 134 0.000146 9
904 78 935 120 0.000145 9
550 132 581 162 0.000145 9
110 119 128 166 0.000145 9
575 291 594 389 0.000144 9
82 168 110 201 0.000144 9
1117 160 1140 185 0.000144 9
929 144 982 169 0.000142 9
527 560 536 584 0.000142 9
1050 121 1058 136 0.000141 9
809 149 856 170 0.000141 9
855 154 916 213 0.000140 9
16 157 27 184 0.000140 9
1167 164 1194 185 0.000139 9
783 115 835 138 0.000139 9
415 171 436 203 0.000139 9
799 86 807 100 0.000138 9
1051 111 1086 148 0.000138 9
1073 150 1081 172 0.000138 9
967 118 1001 141 0.000137 9
752 114 788 154 0.000137 9
1161 100 1186 136 0.000137 9
1167 149 1186 168 0.000137 9
590 161 623 186 0.000137 9
782 112 839 152 0.000136 9
618 156 636 176 0.000136 9
809 78 843 88 0.000136 9
683 292 706 354 0.000135 9
576 290 594 344 0.000135 9
116 160 128 178 0.000135 9
927 107 936 120 0.000134 9
1169 141 1185 167 0.000133 9
702 118 747 129 0.000133 9
19 168 35 188 0.000132 9
680 122 691 158 0.000131 9
822 82 864 135 0.000131 9
577 64 598 104 0.000130 9
359 147 374 180 0.000130 9
717 150 730 168 0.000130 9
927 147 943 178 0.000130 9
847 167 913 231 0.000129 9
924 98 939 120 0.000129 9
700 116 718 158 0.000128 9
1198 133 1205 169 0.000127 9
378 148 406 177 0.000126 9
691 180 724 222 0.000126 9
638 134 658 165 0.000125 9
992 663 1001 680 0.000124 9
17 170 26 184 0.000124 9
943 160 990 189 0.000124 9
210 161 220 176 0.000124 9
210 104 326 230 0.000123 9
850 111 870 135 0.000122 9
626 64 640 74 0.000122 9
735 359 744 376 0.000121 9
783 115 832 134 0.000121 9
936 133 958 147 0.000120 9
624 68 641 106 0.000120 9
723 150 736 160 0.000119 9
209 64 252 87 0.000119 9
1019 144 1057 168 0.000118 9
1050 115 1058 133 0.000118 9
223 139 274 197 0.000118 9
579 178 624 208 0.000118 9
199 261 211 278 0.000118 9
1138 152 1152 162 0.000117 9
810 76 850 90 0.000117 9
908 138 942 182 0.000117 9
1091 167 1134 209 0.000117 9
870 120 878 134 0.000116 9
254 94 266 127 0.000116 9
1165 148 1196 181 0.000114 9
576 334 593 391 0.000114 9
474 142 580 207 0.000114 9
1016 170 1032 186 0.000114 9
743 151 752 158 0.000113 9
592 64 641 108 0.000113 9
463 185 480 213 0.000113 9
100 182 107 202 0.000112 9
581 144 611 186 0.000112 9
206 64 244 87 0.000111 9
1139 163 1198 188 0.000111 9
481 144 524 176 0.000110 9
685 304 700 341 0.000110 9
443 146 494 172 0.000110 9
203 166 228 207 0.000110 9
586 122 603 170 0.000109 9
186 151 199 168 0.000108 9
814 79 862 134 0.000108 9
590 64 629 106 0.000108 9
1153 150 1194 183 0.000107 9
372 153 433 203 0.000107 9
308 108 333 187 0.000107 9
575 297 594 351 0.000107 9
876 117 904 139 0.000106 9
599 338 609 361 0.000104 9
316 112 370 199 0.000104 9
830 117 854 135 0.000104 9
308 107 327 162 0.000103 9
624 64 640 89 0.000103 9
313 64 339 168 0.000103 9
581 119 601 168 0.000102 9
1204 136 1233 185 0.000102 9
601 64 641 93 0.000102 9
864 95 909 138 0.000102 9
270 157 280 170 0.000101 9
361 152 409 205 0.000101 9
698 118 755 158 0.000101 9
1073 133 1103 181 0.000101 9
1191 116 1234 198 0.000100 9
623 602 633 616 0.000100 9
1012 130 1026 148 0.000100 9
685 294 701 341 0.000100 9
680 119 692 160 0.000100 9
313 150 342 194 0.014098 11
1182 192 1198 216 0.006259 11
1181 186 1200 216 0.002209 11
1181 175 1201 216 0.002042 11
1052 110 1083 146 0.001480 11
1055 116 1066 132 0.000779 11
1054 114 1072 146 0.000317 11
312 136 354 196 0.000256 11
