917 190 943 265 0.791471 0
1004 194 1030 261 0.736489 0
865 191 892 269 0.652625 0
1037 196 1057 254 0.619561 0
1003 194 1032 263 0.428010 0
770 192 817 273 0.409011 0
1150 192 1169 244 0.394172 0
1151 191 1169 243 0.288451 0
1149 193 1169 243 0.267736 0
864 192 893 273 0.220353 0
1149 192 1170 247 0.218613 0
1000 194 1031 262 0.203703 0
865 194 890 262 0.123201 0
1155 191 1169 234 0.122615 0
1150 191 1169 240 0.086824 0
1149 191 1169 238 0.073424 0
1146 200 1169 249 0.070133 0
845 200 863 241 0.069639 0
846 200 860 240 0.067989 0
1272 197 1279 242 0.067209 0
846 200 857 223 0.066797 0
846 200 866 240 0.064653 0
769 191 835 278 0.062058 0
982 207 995 229 0.056992 0
845 200 866 242 0.056930 0
864 200 881 259 0.050874 0
1272 198 1279 244 0.048617 0
770 192 809 267 0.047097 0
847 201 856 222 0.041970 0
846 199 865 228 0.038133 0
770 211 817 269 0.030460 0
1272 198 1279 248 0.029463 0
932 199 945 249 0.028587 0
846 198 861 239 0.027044 0
772 191 795 220 0.026012 0
864 205 881 252 0.025620 0
1269 197 1279 247 0.025321 0
770 200 812 270 0.022893 0
1072 484 1080 498 0.022453 0
767 198 850 280 0.021192 0
1004 197 1023 220 0.020837 0
965 372 978 390 0.020785 0
841 200 866 242 0.020049 0
1152 193 1176 247 0.019941 0
981 207 997 251 0.018787 0
1270 197 1279 245 0.018740 0
769 216 815 274 0.018327 0
774 192 795 219 0.017049 0
206 202 217 229 0.016683 0
840 199 857 241 0.016286 0
1112 194 1120 202 0.016220 0
1143 199 1169 247 0.015575 0
869 200 881 223 0.014905 0
985 195 1030 261 0.014858 0
1038 190 1048 205 0.014606 0
770 216 808 272 0.014434 0
1191 495 1200 504 0.014384 0
206 201 218 229 0.014085 0
998 195 1025 255 0.013716 0
1056 488 1066 496 0.013351 0
865 199 881 228 0.012380 0
911 455 928 485 0.012347 0
1145 199 1161 238 0.011971 0
1016 456 1024 465 0.011584 0
771 216 814 269 0.011534 0
912 455 927 487 0.011470 0
958 370 979 425 0.011464 0
864 200 881 233 0.011377 0
1019 199 1030 228 0.011186 0
965 371 979 392 0.011069 0
1200 503 1209 512 0.010950 0
1272 196 1279 257 0.010914 0
878 192 891 224 0.010859 0
898 201 905 232 0.010693 0
502 187 539 250 0.010510 0
769 220 809 279 0.010439 0
1018 198 1030 227 0.010377 0
1033 194 1040 205 0.010155 0
999 384 1011 399 0.009982 0
1015 388 1023 401 0.009888 0
1038 196 1057 250 0.009844 0
1028 195 1039 215 0.009717 0
1020 201 1031 238 0.009684 0
1269 193 1279 243 0.009586 0
879 191 891 220 0.009488 0
1040 455 1047 464 0.009409 0
773 219 812 278 0.009259 0
956 365 980 426 0.008974 0
770 191 797 264 0.008966 0
1154 206 1176 248 0.008819 0
1037 191 1058 223 0.008795 0
933 190 945 220 0.008742 0
1030 449 1040 464 0.008662 0
773 192 798 218 0.008571 0
1156 193 1174 237 0.008487 0
511 196 518 209 0.008462 0
957 367 986 425 0.008325 0
1207 504 1217 512 0.008303 0
993 195 1030 260 0.008288 0
1112 194 1121 207 0.008265 0
898 203 905 221 0.007972 0
917 472 928 483 0.007802 0
870 191 891 221 0.007802 0
982 204 1000 239 0.007404 0
162 203 176 235 0.007377 0
1184 500 1200 512 0.007348 0
890 200 906 244 0.007260 0
770 209 809 267 0.007155 0
1062 487 1073 496 0.006960 0
164 204 176 230 0.006910 0
959 366 985 423 0.006905 0
640 683 671 703 0.006874 0
887 471 896 486 0.006871 0
864 439 874 455 0.006814 0
1176 496 1185 505 0.006802 0
206 201 224 232 0.006747 0
1179 206 1192 245 0.006664 0
769 217 819 279 0.006627 0
991 206 998 223 0.006543 0
240 196 256 239 0.006499 0
974 371 981 392 0.006272 0
896 200 908 247 0.006190 0
1013 383 1024 402 0.006105 0
1031 448 1039 464 0.006089 0
1023 456 1031 464 0.006028 0
934 199 945 223 0.006028 0
1015 444 1025 465 0.006005 0
1015 199 1034 259 0.005969 0
1071 488 1081 503 0.005966 0
983 200 1004 230 0.005909 0
206 200 225 238 0.005866 0
1072 482 1080 493 0.005750 0
692 207 705 236 0.005740 0
1175 497 1185 511 0.005571 0
757 453 768 472 0.005556 0
1020 203 1030 230 0.005548 0
206 201 224 234 0.005533 0
844 197 895 282 0.005480 0
458 201 468 215 0.005454 0
896 202 905 241 0.005439 0
217 185 223 204 0.005439 0
1147 199 1158 217 0.005352 0
878 193 893 234 0.005352 0
896 472 906 483 0.005325 0
511 191 524 208 0.005227 0
241 195 256 224 0.005192 0
465 202 472 217 0.005189 0
975 369 984 392 0.005146 0
1179 217 1190 246 0.005109 0
499 187 539 250 0.005085 0
842 199 857 224 0.005072 0
770 192 795 223 0.005025 0
770 219 808 268 0.004958 0
161 203 175 231 0.004933 0
841 200 857 234 0.004928 0
470 203 478 218 0.004911 0
240 197 255 237 0.004904 0
517 192 527 209 0.004891 0
1008 471 1016 490 0.004777 0
1004 209 1022 260 0.004752 0
993 198 1004 224 0.004746 0
769 213 850 280 0.004736 0
960 369 983 410 0.004714 0
999 385 1010 399 0.004710 0
999 383 1020 400 0.004682 0
803 184 816 216 0.004682 0
217 186 224 211 0.004649 0
865 441 873 455 0.004641 0
632 202 643 215 0.004604 0
893 202 906 242 0.004591 0
960 370 979 417 0.004577 0
751 463 761 472 0.004568 0
205 200 225 255 0.004513 0
804 184 815 201 0.004495 0
1182 495 1201 511 0.004456 0
1111 222 1134 248 0.004415 0
496 185 541 252 0.004411 0
471 200 479 216 0.004382 0
1011 448 1024 470 0.004340 0
1029 217 1051 251 0.004339 0
1092 447 1104 471 0.004330 0
1244 198 1256 233 0.004300 0
1215 199 1229 233 0.004297 0
751 451 766 472 0.004233 0
1246 471 1257 484 0.004206 0
465 200 471 215 0.004198 0
983 374 991 391 0.004196 0
1046 481 1055 490 0.004184 0
935 198 955 252 0.004157 0
1197 496 1212 507 0.004035 0
999 384 1022 400 0.004028 0
958 370 979 418 0.004003 0
510 195 518 217 0.003970 0
957 374 976 425 0.003966 0
1002 198 1021 223 0.003962 0
1043 484 1057 497 0.003959 0
804 184 816 204 0.003951 0
932 197 954 252 0.003947 0
1041 483 1055 495 0.003941 0
161 203 175 233 0.003925 0
781 213 848 276 0.003883 0
1143 505 1152 511 0.003856 0
1230 457 1243 485 0.003829 0
770 191 795 220 0.003826 0
1231 456 1240 470 0.003813 0
1093 445 1104 471 0.003788 0
751 456 768 472 0.003767 0
1243 455 1257 473 0.003760 0
880 198 893 230 0.003758 0
531 207 544 218 0.003757 0
612 448 624 464 0.003747 0
510 188 538 249 0.003742 0
319 204 330 228 0.003740 0
692 206 710 235 0.003737 0
1007 454 1024 472 0.003735 0
938 200 959 253 0.003734 0
465 203 474 224 0.003712 0
1230 456 1248 506 0.003690 0
511 191 532 246 0.003662 0
1023 446 1035 463 0.003651 0
205 200 225 244 0.003632 0
612 447 624 461 0.003609 0
691 208 704 238 0.003599 0
1231 457 1241 471 0.003580 0
1 64 236 220 0.003550 0
774 215 820 268 0.003546 0
1204 495 1216 505 0.003535 0
509 190 536 250 0.003463 0
1244 457 1257 482 0.003454 0
0 64 66 218 0.003454 0
1177 343 1186 359 0.003442 0
999 383 1023 402 0.003438 0
855 463 865 473 0.003435 0
575 424 584 432 0.003427 0
1135 487 1152 506 0.003394 0
1134 444 1151 470 0.003373 0
942 199 959 253 0.003362 0
240 198 255 239 0.003354 0
954 364 988 425 0.003328 0
162 199 175 231 0.003315 0
242 195 256 218 0.003291 0
207 200 225 253 0.003275 0
1231 456 1250 486 0.003269 0
979 369 986 391 0.003243 0
923 190 944 221 0.003202 0
500 181 542 252 0.003201 0
1246 198 1256 233 0.003198 0
912 453 928 485 0.003177 0
1216 197 1226 227 0.003156 0
510 189 535 248 0.003116 0
974 207 984 221 0.003032 0
1038 199 1065 248 0.002992 0
1217 209 1232 233 0.002945 0
1245 198 1256 233 0.002930 0
1219 201 1230 233 0.002915 0
1007 445 1025 472 0.002909 0
931 194 954 236 0.002907 0
1153 191 1174 225 0.002906 0
864 438 879 456 0.002904 0
944 346 983 427 0.002903 0
1233 455 1252 485 0.002879 0
775 228 811 279 0.002875 0
932 191 952 213 0.002870 0
946 343 988 426 0.002851 0
1038 447 1048 464 0.002849 0
982 207 1007 255 0.002840 0
840 223 856 242 0.002836 0
159 203 176 236 0.002836 0
979 219 997 255 0.002798 0
1254 485 1266 506 0.002775 0
1237 197 1256 233 0.002770 0
1111 231 1120 248 0.002739 0
992 446 1000 458 0.002737 0
1251 214 1265 233 0.002733 0
316 64 496 208 0.002722 0
1134 441 1151 474 0.002710 0
1094 443 1104 472 0.002692 0
0 64 218 213 0.002673 0
865 442 878 456 0.002643 0
1029 448 1036 464 0.002634 0
244 198 256 221 0.002546 0
832 465 840 473 0.002536 0
935 197 953 250 0.002526 0
1214 190 1229 232 0.002518 0
1005 384 1024 421 0.002513 0
1063 464 1072 471 0.002501 0
376 186 385 200 0.002491 0
468 203 478 224 0.002490 0
1190 213 1201 229 0.002441 0
915 474 928 486 0.002437 0
804 210 837 243 0.002411 0
1146 192 1168 217 0.002409 0
1214 210 1228 233 0.002394 0
918 190 942 222 0.002362 0
930 197 955 248 0.002337 0
772 192 808 235 0.002327 0
458 202 466 215 0.002307 0
159 197 175 232 0.002304 0
845 203 878 267 0.002300 0
1 64 198 219 0.002298 0
877 194 893 255 0.002268 0
999 383 1022 412 0.002256 0
1035 481 1057 495 0.002251 0
640 687 672 703 0.002221 0
639 672 671 703 0.002215 0
1237 452 1251 471 0.002203 0
1008 431 1015 439 0.002175 0
680 198 691 216 0.002164 0
1026 195 1036 209 0.002142 0
1220 202 1229 231 0.002141 0
1072 463 1080 472 0.002140 0
1135 445 1146 461 0.002126 0
477 201 485 217 0.002111 0
840 219 857 241 0.002103 0
968 455 976 462 0.002103 0
1155 497 1171 510 0.002081 0
199 207 207 227 0.002079 0
1250 214 1265 234 0.002079 0
998 384 1023 413 0.002075 0
1176 344 1186 359 0.002072 0
511 187 540 249 0.002068 0
1134 440 1153 472 0.002061 0
926 448 935 456 0.002057 0
897 202 911 242 0.002054 0
1248 209 1261 234 0.002052 0
1002 383 1024 411 0.002048 0
1054 481 1067 496 0.002032 0
954 370 990 426 0.002030 0
842 216 869 281 0.002002 0
1261 200 1279 267 0.002002 0
199 210 207 227 0.001990 0
1167 214 1190 248 0.001971 0
1134 440 1152 467 0.001966 0
208 196 222 230 0.001958 0
1180 166 1202 218 0.001958 0
998 383 1024 422 0.001936 0
1179 344 1194 358 0.001931 0
1008 470 1016 487 0.001930 0
1086 446 1104 472 0.001910 0
948 351 962 406 0.001908 0
847 463 857 474 0.001900 0
789 330 809 344 0.001893 0
1182 344 1195 386 0.001888 0
639 676 672 703 0.001883 0
680 450 688 462 0.001857 0
1260 201 1279 261 0.001856 0
1217 195 1225 212 0.001839 0
1118 439 1152 472 0.001809 0
689 208 705 237 0.001804 0
779 197 823 239 0.001802 0
789 211 823 241 0.001800 0
1208 167 1228 217 0.001798 0
960 455 969 465 0.001793 0
782 215 821 255 0.001789 0
199 206 218 233 0.001769 0
802 210 824 241 0.001767 0
1229 461 1260 510 0.001751 0
807 210 843 244 0.001746 0
1119 439 1136 472 0.001743 0
1245 456 1264 483 0.001742 0
607 447 624 463 0.001737 0
1141 192 1180 247 0.001728 0
973 199 982 213 0.001723 0
681 199 690 216 0.001717 0
1163 214 1191 247 0.001706 0
498 182 547 254 0.001668 0
764 234 810 280 0.001653 0
738 201 744 213 0.001651 0
935 455 942 464 0.001644 0
996 454 1008 464 0.001626 0
1011 373 1024 402 0.001623 0
998 383 1023 409 0.001607 0
1072 456 1094 472 0.001597 0
879 439 889 459 0.001587 0
4 64 291 221 0.001579 0
873 327 882 341 0.001565 0
979 355 994 392 0.001533 0
476 196 487 217 0.001527 0
750 442 771 472 0.001525 0
995 382 1022 422 0.001520 0
1094 494 1105 505 0.001520 0
918 448 928 457 0.001516 0
802 184 815 207 0.001500 0
1152 438 1162 455 0.001499 0
266 195 272 206 0.001487 0
1023 194 1038 223 0.001462 0
465 202 478 266 0.001457 0
800 218 819 245 0.001450 0
218 183 230 219 0.001448 0
879 437 888 456 0.001443 0
239 201 256 239 0.001428 0
322 64 495 292 0.001422 0
1049 200 1063 237 0.001408 0
1207 167 1230 233 0.001404 0
1233 197 1256 233 0.001401 0
243 194 256 215 0.001399 0
793 211 830 244 0.001394 0
1133 440 1166 476 0.001384 0
1239 481 1249 486 0.001383 0
774 195 824 239 0.001379 0
1216 188 1223 206 0.001374 0
574 429 592 458 0.001362 0
1066 483 1084 498 0.001343 0
671 462 680 471 0.001337 0
375 185 385 213 0.001336 0
907 335 920 345 0.001335 0
869 333 883 343 0.001331 0
568 202 576 215 0.001327 0
802 184 815 213 0.001324 0
862 432 871 448 0.001308 0
1081 457 1095 472 0.001308 0
1119 439 1147 471 0.001305 0
1222 471 1232 482 0.001294 0
373 64 497 224 0.001293 0
983 446 993 455 0.001282 0
1119 439 1145 475 0.001282 0
663 294 672 315 0.001278 0
800 439 816 459 0.001267 0
1057 479 1074 495 0.001265 0
844 232 863 281 0.001264 0
1031 489 1040 502 0.001263 0
1087 491 1096 504 0.001255 0
1008 196 1070 249 0.001238 0
661 676 672 703 0.001234 0
863 437 881 480 0.001232 0
507 191 539 252 0.001228 0
773 430 784 450 0.001227 0
670 207 678 230 0.001220 0
1263 194 1279 270 0.001204 0
845 236 861 282 0.001203 0
969 208 989 251 0.001193 0
1088 191 1096 209 0.001182 0
750 423 781 458 0.001173 0
367 208 376 221 0.001168 0
904 335 920 345 0.001166 0
1 64 315 227 0.001159 0
805 208 822 219 0.001142 0
636 191 655 214 0.001142 0
1118 464 1128 474 0.001138 0
312 64 368 198 0.001136 0
465 200 480 287 0.001122 0
840 215 867 259 0.001119 0
1150 497 1166 507 0.001111 0
265 196 273 220 0.001109 0
1145 190 1183 247 0.001105 0
912 449 924 458 0.001102 0
863 190 895 229 0.001091 0
1119 440 1129 468 0.001090 0
0 64 72 214 0.001090 0
799 439 814 450 0.001087 0
5 64 347 234 0.001086 0
1129 502 1136 509 0.001080 0
989 449 1005 466 0.001077 0
1246 469 1267 487 0.001062 0
1130 439 1153 469 0.001059 0
367 207 375 231 0.001056 0
1208 168 1221 202 0.001053 0
934 199 955 254 0.001042 0
861 463 872 477 0.001041 0
836 684 850 703 0.001039 0
1222 451 1233 471 0.001038 0
1215 473 1224 482 0.001035 0
200 200 217 229 0.001034 0
663 449 672 462 0.001034 0
0 64 20 210 0.001022 0
974 369 993 413 0.001016 0
343 64 492 357 0.001013 0
1178 343 1195 363 0.001013 0
992 371 1012 409 0.001013 0
1111 504 1119 509 0.001012 0
26 64 343 222 0.001002 0
1150 449 1163 468 0.000995 0
1050 190 1063 220 0.000994 0
864 327 881 343 0.000993 0
1040 410 1056 457 0.000986 0
1156 186 1169 217 0.000982 0
157 64 262 242 0.000972 0
690 207 704 236 0.000962 0
884 325 896 343 0.000959 0
1189 489 1200 504 0.000957 0
951 199 958 209 0.000957 0
976 693 986 703 0.000957 0
1206 188 1228 231 0.000947 0
1152 470 1168 479 0.000947 0
1222 453 1243 484 0.000944 0
949 371 978 458 0.000929 0
690 212 703 238 0.000925 0
314 64 369 189 0.000918 0
880 324 887 343 0.000911 0
959 440 968 454 0.000906 0
815 209 823 220 0.000906 0
1092 436 1104 471 0.000898 0
984 482 990 487 0.000892 0
920 190 957 255 0.000883 0
896 326 903 343 0.000882 0
799 440 816 473 0.000879 0
999 375 1024 400 0.000878 0
943 351 980 425 0.000877 0
389 64 497 240 0.000872 0
1001 193 1020 221 0.000867 0
1185 214 1242 259 0.000855 0
719 190 727 211 0.000852 0
749 428 785 472 0.000845 0
574 423 592 438 0.000832 0
790 330 819 344 0.000828 0
789 330 810 345 0.000827 0
878 332 885 343 0.000825 0
788 187 817 227 0.000824 0
1072 435 1087 456 0.000824 0
1151 437 1168 466 0.000822 0
307 64 419 198 0.000819 0
923 439 933 455 0.000819 0
947 351 967 410 0.000817 0
1218 181 1257 233 0.000814 0
631 424 640 457 0.000813 0
765 200 858 274 0.000812 0
881 441 897 458 0.000810 0
928 216 943 257 0.000810 0
878 438 899 487 0.000809 0
879 439 891 470 0.000808 0
897 203 911 243 0.000801 0
239 190 256 238 0.000798 0
1110 330 1120 344 0.000797 0
1039 412 1056 459 0.000794 0
215 185 231 234 0.000793 0
555 201 567 216 0.000791 0
992 446 1008 464 0.000787 0
1259 180 1279 244 0.000785 0
976 366 995 416 0.000784 0
1165 471 1179 479 0.000784 0
682 198 693 215 0.000777 0
750 423 774 450 0.000768 0
781 239 809 279 0.000764 0
343 64 443 210 0.000762 0
1118 439 1165 473 0.000759 0
196 193 203 211 0.000758 0
1039 185 1048 202 0.000750 0
938 194 958 253 0.000749 0
352 64 497 216 0.000740 0
1078 333 1088 345 0.000736 0
1184 503 1201 518 0.000736 0
1150 446 1168 472 0.000733 0
207 392 224 413 0.000728 0
0 64 16 209 0.000726 0
847 185 857 216 0.000724 0
314 64 425 217 0.000723 0
327 64 433 211 0.000722 0
1250 214 1274 241 0.000721 0
307 64 495 232 0.000718 0
1045 411 1055 427 0.000718 0
980 350 995 390 0.000716 0
671 207 679 231 0.000709 0
1071 436 1085 456 0.000709 0
631 423 639 438 0.000708 0
979 194 998 238 0.000708 0
0 64 56 330 0.000706 0
303 64 487 361 0.000704 0
576 436 592 458 0.000701 0
557 177 579 215 0.000700 0
1245 453 1264 478 0.000695 0
437 192 445 204 0.000693 0
994 381 1020 405 0.000692 0
630 437 640 461 0.000690 0
1167 478 1176 489 0.000684 0
883 327 896 344 0.000671 0
943 361 976 426 0.000664 0
959 440 968 458 0.000664 0
641 662 672 704 0.000663 0
1112 464 1124 474 0.000659 0
1154 324 1168 343 0.000656 0
431 520 440 551 0.000654 0
351 189 357 199 0.000654 0
208 184 224 230 0.000648 0
799 442 826 473 0.000645 0
989 369 1008 394 0.000643 0
438 193 445 204 0.000642 0
874 192 895 228 0.000641 0
1066 455 1095 472 0.000640 0
1007 423 1023 440 0.000639 0
1095 499 1104 510 0.000638 0
1008 475 1016 493 0.000636 0
1207 505 1216 517 0.000635 0
1012 423 1024 439 0.000633 0
1184 443 1191 457 0.000631 0
1131 64 1151 72 0.000631 0
1109 327 1125 344 0.000631 0
104 248 129 264 0.000630 0
522 196 546 249 0.000626 0
855 429 883 457 0.000623 0
631 436 640 453 0.000623 0
642 655 672 704 0.000623 0
1072 505 1081 512 0.000619 0
1117 438 1162 474 0.000618 0
1217 488 1233 504 0.000613 0
794 420 817 470 0.000613 0
1071 438 1091 469 0.000611 0
1110 442 1137 473 0.000607 0
663 294 672 334 0.000605 0
952 380 976 455 0.000602 0
942 361 957 399 0.000598 0
1077 334 1089 359 0.000598 0
943 376 975 436 0.000597 0
210 188 232 240 0.000596 0
0 64 43 207 0.000594 0
532 203 551 222 0.000593 0
1258 195 1279 239 0.000589 0
1016 474 1024 488 0.000587 0
1214 449 1225 472 0.000586 0
896 440 904 456 0.000585 0
1104 312 1111 326 0.000584 0
970 206 985 224 0.000584 0
1259 566 1279 639 0.000582 0
992 381 1020 432 0.000581 0
1255 484 1279 650 0.000579 0
1120 312 1128 327 0.000579 0
1119 438 1169 474 0.000578 0
1158 310 1167 328 0.000576 0
943 357 953 391 0.000575 0
1171 343 1197 388 0.000575 0
990 679 1014 703 0.000571 0
1080 401 1088 410 0.000569 0
1216 444 1253 473 0.000569 0
991 381 1011 415 0.000568 0
1071 438 1089 463 0.000566 0
294 65 476 360 0.000564 0
1145 449 1167 473 0.000562 0
0 64 49 213 0.000562 0
1183 507 1199 518 0.000562 0
915 338 926 355 0.000561 0
1146 185 1177 221 0.000558 0
865 461 880 477 0.000554 0
1000 431 1008 440 0.000554 0
180 198 193 216 0.000552 0
905 335 923 351 0.000551 0
757 427 785 452 0.000549 0
789 327 843 344 0.000547 0
1084 433 1105 472 0.000534 0
1098 330 1105 344 0.000526 0
503 578 512 615 0.000524 0
321 64 482 357 0.000523 0
39 64 360 219 0.000521 0
1249 199 1268 233 0.000518 0
22 64 368 235 0.000516 0
787 329 816 378 0.000515 0
159 64 258 234 0.000515 0
819 417 845 441 0.000513 0
670 545 681 581 0.000509 0
1015 322 1025 345 0.000507 0
1185 191 1222 231 0.000507 0
1076 427 1087 447 0.000507 0
1085 188 1261 261 0.000507 0
255 64 365 195 0.000506 0
879 432 888 455 0.000506 0
1039 416 1053 438 0.000506 0
612 424 624 433 0.000505 0
879 179 939 247 0.000502 0
310 183 335 198 0.000497 0
993 194 1006 217 0.000497 0
908 334 926 350 0.000495 0
109 64 324 114 0.000495 0
846 249 856 282 0.000495 0
548 173 578 216 0.000495 0
686 200 702 234 0.000492 0
396 64 496 226 0.000491 0
302 64 496 202 0.000491 0
598 528 609 568 0.000490 0
344 184 354 199 0.000490 0
1119 313 1131 336 0.000489 0
647 408 657 423 0.000488 0
1205 452 1219 471 0.000487 0
203 394 224 471 0.000485 0
751 456 769 479 0.000480 0
1210 440 1227 468 0.000480 0
992 440 1000 452 0.000480 0
799 442 818 472 0.000479 0
331 184 343 199 0.000477 0
1167 471 1185 480 0.000477 0
1208 508 1215 533 0.000476 0
105 248 129 264 0.000475 0
923 453 940 469 0.000473 0
958 198 967 208 0.000471 0
224 391 240 408 0.000471 0
669 452 690 471 0.000471 0
1069 191 1080 205 0.000471 0
1019 439 1041 457 0.000470 0
970 367 1001 423 0.000470 0
1272 425 1279 441 0.000467 0
1072 477 1088 490 0.000465 0
770 192 794 247 0.000464 0
1199 457 1208 478 0.000464 0
800 419 817 447 0.000461 0
664 453 677 471 0.000460 0
909 337 925 387 0.000460 0
1015 441 1025 453 0.000458 0
1261 564 1279 636 0.000458 0
363 65 489 219 0.000458 0
638 647 673 703 0.000457 0
887 561 897 598 0.000457 0
1039 411 1054 431 0.000457 0
1111 325 1136 344 0.000456 0
1081 404 1088 413 0.000456 0
1121 326 1136 343 0.000456 0
607 448 624 470 0.000455 0
349 65 437 221 0.000454 0
1248 352 1264 380 0.000454 0
1169 456 1184 474 0.000453 0
1263 567 1279 641 0.000452 0
1182 343 1208 391 0.000449 0
1078 337 1089 360 0.000446 0
772 423 785 447 0.000446 0
208 190 237 245 0.000444 0
535 632 550 669 0.000441 0
896 330 903 343 0.000440 0
543 597 563 665 0.000440 0
909 336 924 375 0.000439 0
318 64 428 196 0.000438 0
736 463 745 471 0.000437 0
1262 569 1279 646 0.000435 0
1256 576 1279 648 0.000433 0
1110 440 1124 470 0.000433 0
265 213 277 232 0.000432 0
1201 407 1216 440 0.000431 0
1150 309 1168 343 0.000429 0
195 205 217 230 0.000429 0
1267 571 1279 636 0.000428 0
887 566 897 599 0.000427 0
0 141 32 255 0.000424 0
1248 623 1279 704 0.000423 0
879 317 889 342 0.000423 0
607 432 624 462 0.000421 0
907 457 929 489 0.000420 0
1080 334 1103 360 0.000420 0
881 438 905 456 0.000418 0
0 89 18 225 0.000417 0
990 385 1009 423 0.000417 0
932 448 944 459 0.000415 0
1097 328 1111 344 0.000414 0
591 528 601 565 0.000413 0
648 409 657 424 0.000413 0
911 338 926 383 0.000410 0
866 314 894 342 0.000409 0
1168 455 1187 472 0.000409 0
662 667 672 701 0.000408 0
255 64 325 162 0.000407 0
111 207 121 231 0.000406 0
478 181 497 215 0.000406 0
104 251 126 264 0.000406 0
897 456 916 482 0.000406 0
1082 404 1118 471 0.000406 0
157 73 214 231 0.000405 0
1150 446 1168 474 0.000405 0
1118 327 1137 344 0.000404 0
621 181 632 199 0.000402 0
661 425 672 436 0.000402 0
1218 442 1237 471 0.000402 0
1201 439 1229 465 0.000401 0
914 192 936 237 0.000401 0
1249 533 1279 700 0.000398 0
1199 404 1210 434 0.000398 0
645 456 656 472 0.000398 0
1259 572 1279 642 0.000396 0
1080 401 1122 474 0.000394 0
1259 623 1279 704 0.000394 0
932 437 944 453 0.000394 0
728 189 737 214 0.000393 0
364 65 496 246 0.000393 0
1072 399 1079 409 0.000392 0
431 519 441 552 0.000392 0
1249 350 1264 402 0.000392 0
912 439 933 455 0.000391 0
1265 567 1279 635 0.000390 0
668 208 684 233 0.000387 0
1008 456 1022 491 0.000384 0
1111 505 1120 520 0.000383 0
770 215 800 256 0.000383 0
943 354 960 421 0.000382 0
977 679 1008 703 0.000381 0
1002 163 1054 263 0.000379 0
1008 411 1024 424 0.000377 0
878 455 897 486 0.000375 0
1010 425 1025 441 0.000375 0
887 565 897 597 0.000375 0
786 422 817 456 0.000373 0
1023 420 1033 439 0.000373 0
1255 581 1279 651 0.000373 0
1256 495 1279 667 0.000372 0
735 426 747 457 0.000372 0
1006 407 1024 426 0.000370 0
895 417 906 438 0.000370 0
943 354 959 425 0.000368 0
1239 425 1247 440 0.000367 0
655 555 671 578 0.000367 0
0 140 29 318 0.000366 0
472 202 485 223 0.000366 0
751 461 763 478 0.000366 0
1221 478 1232 488 0.000365 0
1085 346 1096 360 0.000365 0
1038 413 1056 464 0.000363 0
975 688 988 703 0.000363 0
1247 630 1279 704 0.000362 0
337 64 497 209 0.000361 0
193 196 203 222 0.000360 0
731 424 772 473 0.000360 0
228 185 331 375 0.000358 0
317 64 373 191 0.000358 0
1177 453 1198 472 0.000357 0
84 64 437 216 0.000357 0
1044 409 1055 424 0.000355 0
1210 454 1226 475 0.000354 0
575 587 585 616 0.000351 0
63 64 135 203 0.000351 0
1112 185 1129 207 0.000351 0
1200 456 1208 471 0.000350 0
1262 622 1279 703 0.000348 0
1110 327 1136 344 0.000347 0
943 363 958 425 0.000347 0
574 414 585 432 0.000347 0
630 455 639 461 0.000346 0
367 200 383 221 0.000344 0
1233 209 1275 254 0.000344 0
684 450 695 457 0.000343 0
193 193 201 216 0.000341 0
1239 422 1247 438 0.000339 0
495 182 546 253 0.000339 0
895 415 912 439 0.000336 0
1024 428 1032 440 0.000336 0
655 555 668 577 0.000336 0
1255 593 1279 649 0.000335 0
0 64 296 372 0.000334 0
1097 399 1104 406 0.000333 0
1151 65 1279 273 0.000333 0
773 185 795 212 0.000333 0
1072 428 1083 445 0.000332 0
1038 419 1057 459 0.000330 0
798 348 808 376 0.000330 0
255 65 333 185 0.000329 0
60 64 131 199 0.000328 0
1262 170 1279 228 0.000325 0
896 415 912 439 0.000323 0
1260 574 1279 653 0.000322 0
1206 166 1230 219 0.000320 0
1194 370 1278 429 0.000320 0
729 425 766 472 0.000320 0
1192 212 1279 302 0.000319 0
66 64 436 244 0.000319 0
255 64 336 175 0.000318 0
153 64 252 225 0.000317 0
608 579 624 617 0.000317 0
119 64 507 243 0.000316 0
0 163 7 203 0.000316 0
20 64 277 214 0.000315 0
1015 319 1039 342 0.000315 0
0 168 6 203 0.000314 0
543 599 561 666 0.000313 0
1223 342 1264 426 0.000312 0
325 64 434 188 0.000312 0
956 423 972 456 0.000311 0
0 64 143 326 0.000308 0
255 64 496 365 0.000308 0
0 155 7 203 0.000308 0
1067 396 1123 465 0.000307 0
1093 328 1119 344 0.000307 0
0 141 9 204 0.000306 0
1027 418 1040 445 0.000306 0
690 459 704 470 0.000305 0
205 396 224 455 0.000303 0
0 64 338 367 0.000303 0
1216 422 1225 434 0.000301 0
1166 330 1174 338 0.000301 0
772 185 796 214 0.000301 0
361 65 496 230 0.000300 0
886 563 897 598 0.000300 0
424 64 497 251 0.000299 0
1262 536 1279 634 0.000297 0
991 406 1002 432 0.000295 0
1079 696 1091 703 0.000292 0
1173 64 1280 272 0.000290 0
1252 511 1279 697 0.000290 0
223 393 240 408 0.000290 0
951 375 1022 422 0.000289 0
659 207 680 233 0.000289 0
803 412 816 433 0.000289 0
1199 64 1208 75 0.000288 0
122 64 491 211 0.000288 0
345 64 610 312 0.000288 0
808 209 833 234 0.000285 0
267 193 284 224 0.000284 0
1135 400 1148 431 0.000284 0
312 64 435 224 0.000284 0
351 65 446 231 0.000283 0
942 371 994 456 0.000283 0
106 64 353 138 0.000282 0
900 335 922 351 0.000281 0
1067 411 1106 468 0.000280 0
1091 324 1120 344 0.000280 0
1108 438 1125 470 0.000279 0
787 420 817 450 0.000279 0
0 64 253 359 0.000277 0
1177 455 1199 479 0.000277 0
730 188 746 216 0.000276 0
916 190 943 280 0.000276 0
197 195 258 260 0.000275 0
1 64 79 214 0.000274 0
1029 427 1040 443 0.000274 0
266 215 277 232 0.000274 0
1054 424 1090 465 0.000273 0
535 632 548 669 0.000272 0
1262 513 1279 608 0.000271 0
783 271 849 345 0.000270 0
38 64 132 206 0.000270 0
703 410 734 459 0.000270 0
1167 442 1186 458 0.000270 0
494 176 560 252 0.000270 0
365 184 375 200 0.000270 0
800 414 815 444 0.000269 0
1248 576 1279 702 0.000269 0
543 599 561 659 0.000268 0
638 657 672 703 0.000268 0
846 239 883 297 0.000268 0
1053 427 1090 466 0.000266 0
1247 421 1254 437 0.000266 0
1220 422 1233 433 0.000266 0
675 455 704 471 0.000266 0
1104 230 1132 253 0.000265 0
387 185 400 205 0.000264 0
173 206 183 217 0.000262 0
944 388 975 455 0.000262 0
55 64 126 163 0.000261 0
1189 440 1199 457 0.000261 0
879 469 900 489 0.000261 0
1197 357 1279 483 0.000260 0
927 353 944 380 0.000259 0
812 444 832 473 0.000258 0
935 425 944 445 0.000258 0
680 171 691 215 0.000257 0
50 64 129 197 0.000257 0
193 186 202 216 0.000255 0
662 294 678 348 0.000254 0
1261 519 1279 636 0.000254 0
945 208 960 254 0.000254 0
0 77 64 223 0.000253 0
183 192 192 207 0.000253 0
704 439 722 464 0.000252 0
883 318 895 342 0.000252 0
897 415 912 429 0.000250 0
0 508 95 600 0.000249 0
1253 482 1279 647 0.000249 0
607 447 626 476 0.000249 0
154 203 164 231 0.000248 0
0 77 71 224 0.000248 0
1072 423 1088 447 0.000248 0
437 193 446 205 0.000247 0
155 94 211 233 0.000246 0
313 64 445 165 0.000245 0
1262 517 1279 622 0.000245 0
1086 333 1106 360 0.000244 0
1266 565 1279 621 0.000244 0
883 182 1038 266 0.000244 0
776 314 835 344 0.000243 0
1271 419 1279 440 0.000243 0
591 579 601 615 0.000243 0
1069 418 1107 473 0.000242 0
1249 679 1279 703 0.000242 0
1023 411 1035 438 0.000242 0
3 64 342 293 0.000241 0
139 64 451 199 0.000241 0
156 74 266 243 0.000240 0
1198 371 1279 483 0.000240 0
900 326 914 344 0.000239 0
1217 341 1264 426 0.000239 0
483 193 538 252 0.000239 0
771 408 822 453 0.000239 0
995 431 1028 470 0.000238 0
887 559 897 597 0.000238 0
890 416 912 459 0.000238 0
964 350 1024 407 0.000238 0
465 154 577 255 0.000237 0
315 64 437 182 0.000237 0
341 330 368 387 0.000236 0
0 68 59 279 0.000236 0
1203 253 1226 273 0.000235 0
1142 393 1154 408 0.000235 0
1245 623 1279 704 0.000235 0
1194 218 1279 371 0.000235 0
1084 188 1110 211 0.000234 0
893 414 913 460 0.000234 0
606 578 624 616 0.000234 0
1155 424 1168 449 0.000233 0
1246 678 1279 703 0.000233 0
980 440 993 454 0.000233 0
1224 167 1255 235 0.000233 0
1207 384 1260 443 0.000232 0
429 222 439 230 0.000232 0
270 387 288 399 0.000232 0
164 64 329 97 0.000232 0
963 445 976 463 0.000231 0
948 205 980 253 0.000231 0
998 438 1087 481 0.000231 0
951 203 981 253 0.000231 0
1103 171 1121 204 0.000231 0
1103 312 1115 328 0.000230 0
910 336 927 391 0.000229 0
1176 409 1198 441 0.000228 0
131 64 482 190 0.000228 0
1252 623 1279 701 0.000228 0
1047 64 1159 172 0.000228 0
63 64 163 203 0.000227 0
1032 372 1044 389 0.000227 0
614 463 624 484 0.000226 0
1121 64 1152 83 0.000226 0
671 487 681 502 0.000226 0
0 98 68 224 0.000226 0
6 511 48 568 0.000226 0
60 64 130 162 0.000226 0
697 591 705 601 0.000225 0
1142 390 1154 408 0.000224 0
1199 448 1237 486 0.000224 0
598 578 611 616 0.000224 0
256 64 340 169 0.000223 0
399 184 408 203 0.000223 0
1258 628 1279 704 0.000222 0
1042 65 1144 220 0.000222 0
612 625 672 703 0.000221 0
752 415 769 439 0.000221 0
1053 406 1092 464 0.000220 0
327 64 681 208 0.000220 0
351 344 368 386 0.000220 0
1002 420 1046 462 0.000220 0
829 479 842 490 0.000220 0
1087 427 1104 466 0.000219 0
1247 426 1264 451 0.000219 0
1149 328 1169 348 0.000218 0
355 213 372 276 0.000217 0
255 73 325 166 0.000217 0
1050 64 1280 268 0.000216 0
631 474 640 487 0.000214 0
930 372 945 388 0.000214 0
157 64 301 234 0.000214 0
672 570 680 581 0.000214 0
1084 440 1119 471 0.000213 0
1264 625 1279 686 0.000213 0
1028 409 1042 440 0.000213 0
591 528 601 561 0.000212 0
702 455 716 468 0.000212 0
114 64 423 156 0.000211 0
1037 393 1066 444 0.000211 0
233 194 334 376 0.000211 0
1261 368 1279 441 0.000210 0
115 68 214 228 0.000209 0
1118 317 1139 343 0.000209 0
1078 332 1109 345 0.000209 0
153 64 257 169 0.000208 0
1135 394 1171 428 0.000208 0
432 191 443 204 0.000206 0
1217 356 1280 438 0.000206 0
1236 396 1254 433 0.000205 0
1068 64 1081 71 0.000204 0
61 65 211 211 0.000204 0
607 424 625 462 0.000203 0
752 417 767 446 0.000203 0
375 184 397 205 0.000203 0
1182 425 1194 440 0.000202 0
1182 456 1200 477 0.000202 0
854 429 878 453 0.000201 0
1051 64 1152 213 0.000201 0
20 64 133 210 0.000201 0
1135 397 1149 431 0.000200 0
1245 347 1279 416 0.000200 0
689 447 703 460 0.000200 0
768 223 806 270 0.000199 0
880 415 904 459 0.000197 0
1214 64 1233 104 0.000196 0
1121 189 1163 227 0.000196 0
816 346 823 361 0.000196 0
1101 499 1119 510 0.000195 0
956 422 975 454 0.000195 0
330 311 369 386 0.000195 0
913 343 928 392 0.000194 0
948 445 961 460 0.000194 0
1274 160 1279 171 0.000193 0
304 184 325 204 0.000193 0
799 588 809 616 0.000193 0
215 190 256 228 0.000192 0
173 64 323 99 0.000192 0
1017 431 1051 465 0.000192 0
1247 346 1275 377 0.000191 0
1243 399 1256 430 0.000191 0
161 64 257 176 0.000191 0
599 560 608 569 0.000191 0
911 339 929 389 0.000191 0
59 64 213 174 0.000190 0
597 526 609 568 0.000190 0
1143 476 1174 492 0.000190 0
861 281 911 343 0.000189 0
1262 139 1279 182 0.000189 0
1085 444 1117 471 0.000188 0
1262 369 1279 410 0.000188 0
1037 370 1052 413 0.000188 0
927 353 945 383 0.000188 0
259 67 359 199 0.000188 0
2 369 32 424 0.000186 0
479 697 496 703 0.000186 0
1037 278 1057 335 0.000186 0
1266 627 1279 647 0.000186 0
1263 504 1279 624 0.000186 0
950 439 967 455 0.000185 0
493 64 584 147 0.000185 0
656 426 676 440 0.000185 0
239 230 257 296 0.000184 0
1155 411 1168 424 0.000184 0
511 339 523 351 0.000184 0
648 480 656 487 0.000184 0
836 493 848 506 0.000183 0
493 64 586 202 0.000183 0
639 429 654 441 0.000183 0
959 436 975 455 0.000183 0
1072 345 1090 406 0.000183 0
1263 514 1279 636 0.000182 0
1076 187 1098 209 0.000181 0
860 228 911 343 0.000181 0
255 66 336 207 0.000181 0
790 411 851 455 0.000181 0
262 217 295 298 0.000181 0
1223 423 1242 435 0.000181 0
927 183 944 201 0.000181 0
940 151 1265 273 0.000181 0
0 119 58 226 0.000181 0
1250 472 1280 690 0.000180 0
256 224 295 298 0.000180 0
1085 436 1120 469 0.000180 0
1072 340 1085 359 0.000180 0
420 64 497 154 0.000180 0
1039 404 1052 419 0.000180 0
799 591 809 616 0.000179 0
966 379 1011 450 0.000179 0
735 424 752 455 0.000179 0
494 64 588 231 0.000178 0
220 64 471 200 0.000178 0
105 65 212 202 0.000177 0
856 496 863 503 0.000177 0
816 413 847 444 0.000177 0
816 445 833 472 0.000177 0
911 338 928 392 0.000176 0
3 65 139 216 0.000176 0
931 190 959 209 0.000175 0
703 310 719 376 0.000175 0
78 513 95 572 0.000175 0
1069 423 1087 441 0.000175 0
47 64 128 160 0.000174 0
175 186 183 205 0.000174 0
912 340 929 391 0.000173 0
58 64 205 160 0.000173 0
152 209 167 235 0.000173 0
702 446 723 470 0.000173 0
783 328 822 378 0.000173 0
1262 64 1279 165 0.000173 0
0 141 8 196 0.000172 0
248 64 318 99 0.000172 0
1102 312 1136 343 0.000172 0
1040 695 1051 703 0.000172 0
882 412 896 441 0.000172 0
971 132 1048 265 0.000172 0
1264 308 1279 362 0.000171 0
352 409 368 453 0.000171 0
0 64 121 214 0.000170 0
0 392 18 533 0.000170 0
1040 390 1068 428 0.000170 0
345 64 496 159 0.000170 0
0 506 35 564 0.000170 0
1065 481 1121 536 0.000169 0
1264 628 1279 649 0.000169 0
60 64 203 195 0.000169 0
73 64 499 298 0.000169 0
1135 404 1147 434 0.000169 0
33 64 135 211 0.000168 0
989 481 1001 487 0.000168 0
934 376 945 391 0.000168 0
669 454 683 485 0.000168 0
63 461 84 526 0.000167 0
767 262 851 344 0.000166 0
665 206 676 219 0.000166 0
917 359 928 407 0.000166 0
1110 325 1141 363 0.000166 0
943 384 960 429 0.000165 0
1205 439 1273 478 0.000165 0
1128 421 1170 472 0.000165 0
1265 432 1279 457 0.000164 0
1071 403 1092 424 0.000164 0
702 321 726 376 0.000164 0
1073 407 1093 425 0.000164 0
1254 680 1279 703 0.000164 0
1043 438 1162 480 0.000163 0
1013 437 1159 476 0.000163 0
1100 326 1137 363 0.000163 0
1230 64 1280 273 0.000163 0
914 345 928 402 0.000163 0
663 181 675 217 0.000162 0
1058 178 1249 253 0.000162 0
541 64 599 214 0.000162 0
632 473 639 482 0.000162 0
1072 333 1089 345 0.000161 0
254 64 370 187 0.000161 0
61 172 206 237 0.000161 0
1212 634 1266 703 0.000160 0
1089 340 1106 360 0.000160 0
123 71 212 236 0.000160 0
1038 393 1050 412 0.000160 0
0 392 21 529 0.000159 0
1072 334 1089 407 0.000159 0
1048 435 1094 470 0.000159 0
1076 402 1124 463 0.000159 0
48 64 514 314 0.000159 0
0 374 15 395 0.000159 0
288 214 323 315 0.000158 0
574 444 594 467 0.000158 0
306 65 431 230 0.000158 0
702 324 721 375 0.000158 0
33 64 125 187 0.000157 0
493 64 585 176 0.000157 0
1209 65 1279 253 0.000157 0
1041 391 1065 424 0.000157 0
1208 514 1216 534 0.000157 0
1064 64 1127 75 0.000156 0
614 358 624 375 0.000156 0
1253 625 1279 670 0.000156 0
644 429 656 439 0.000155 0
1140 408 1157 425 0.000155 0
275 231 292 265 0.000155 0
887 570 897 600 0.000155 0
111 390 129 402 0.000154 0
1037 180 1063 215 0.000154 0
1208 636 1252 703 0.000154 0
552 64 653 225 0.000153 0
1115 413 1170 475 0.000153 0
559 594 569 619 0.000153 0
947 420 971 456 0.000152 0
39 377 52 397 0.000151 0
1262 75 1279 172 0.000151 0
803 179 854 220 0.000151 0
1119 64 1152 76 0.000151 0
1199 408 1259 465 0.000151 0
731 457 767 472 0.000151 0
793 284 848 344 0.000150 0
347 64 496 95 0.000149 0
775 64 915 130 0.000149 0
493 64 589 158 0.000149 0
552 64 650 213 0.000149 0
342 64 485 156 0.000149 0
1266 621 1279 647 0.000149 0
0 64 66 183 0.000148 0
238 212 259 250 0.000148 0
28 523 48 565 0.000148 0
320 374 336 391 0.000148 0
344 64 497 140 0.000147 0
494 64 587 141 0.000147 0
1267 694 1279 703 0.000147 0
846 174 881 227 0.000147 0
1010 324 1024 396 0.000147 0
703 308 721 376 0.000147 0
1186 498 1218 535 0.000147 0
1054 188 1081 222 0.000146 0
123 64 258 170 0.000146 0
1120 64 1152 77 0.000146 0
58 64 187 159 0.000146 0
807 411 847 446 0.000146 0
0 136 43 237 0.000145 0
1107 184 1139 216 0.000145 0
109 228 130 318 0.000145 0
271 385 288 398 0.000145 0
1013 383 1032 406 0.000144 0
495 64 676 213 0.000144 0
1148 317 1168 342 0.000144 0
1067 119 1139 183 0.000144 0
10 64 125 171 0.000143 0
1199 348 1279 486 0.000143 0
421 65 495 205 0.000142 0
0 507 27 564 0.000142 0
0 376 17 415 0.000141 0
1269 139 1279 171 0.000141 0
1119 64 1142 77 0.000141 0
739 199 751 215 0.000141 0
564 64 665 220 0.000140 0
517 392 528 419 0.000140 0
72 348 105 402 0.000140 0
1124 345 1136 361 0.000139 0
59 64 172 80 0.000139 0
800 183 844 222 0.000139 0
426 64 497 228 0.000139 0
1106 325 1137 364 0.000139 0
481 64 585 227 0.000139 0
813 240 878 299 0.000139 0
66 66 213 222 0.000139 0
1141 385 1194 409 0.000139 0
880 407 897 441 0.000139 0
643 659 672 703 0.000138 0
4 64 506 375 0.000138 0
993 422 1021 442 0.000138 0
799 362 809 380 0.000138 0
319 64 371 104 0.000138 0
478 631 496 671 0.000138 0
849 280 864 337 0.000138 0
789 330 811 357 0.000137 0
286 221 322 311 0.000137 0
302 105 377 277 0.000137 0
574 64 661 222 0.000137 0
664 480 673 488 0.000137 0
493 64 577 137 0.000137 0
901 568 912 601 0.000137 0
862 311 908 341 0.000136 0
1057 64 1162 138 0.000135 0
79 350 106 403 0.000135 0
978 438 1158 480 0.000135 0
703 315 719 376 0.000135 0
820 312 848 344 0.000135 0
335 327 367 388 0.000134 0
1055 423 1064 436 0.000134 0
1233 130 1280 185 0.000134 0
650 655 671 702 0.000134 0
615 535 624 576 0.000133 0
1015 405 1035 431 0.000133 0
810 274 849 344 0.000133 0
302 524 318 551 0.000133 0
351 351 368 388 0.000133 0
0 512 48 566 0.000133 0
591 407 608 434 0.000132 0
427 64 497 132 0.000132 0
1054 64 1136 116 0.000132 0
0 380 13 402 0.000132 0
703 414 742 470 0.000132 0
1262 129 1279 182 0.000132 0
1218 636 1279 704 0.000132 0
832 494 847 511 0.000131 0
574 409 592 435 0.000131 0
792 577 799 591 0.000131 0
656 453 677 487 0.000131 0
832 500 846 510 0.000131 0
801 439 837 457 0.000131 0
254 379 277 404 0.000131 0
1035 443 1061 467 0.000131 0
154 118 231 235 0.000130 0
350 332 368 387 0.000130 0
1004 399 1125 474 0.000130 0
543 64 599 190 0.000130 0
1255 616 1269 649 0.000130 0
817 408 835 429 0.000130 0
569 64 658 218 0.000130 0
241 390 258 406 0.000130 0
1112 184 1153 219 0.000129 0
1139 405 1169 424 0.000129 0
797 316 826 344 0.000129 0
1029 367 1046 394 0.000129 0
1180 402 1244 460 0.000129 0
540 64 597 223 0.000128 0
67 67 218 235 0.000128 0
1 392 32 461 0.000128 0
1139 64 1235 231 0.000128 0
1266 554 1279 630 0.000128 0
374 184 399 203 0.000128 0
1051 423 1081 461 0.000128 0
1054 405 1172 477 0.000128 0
319 64 370 112 0.000127 0
1149 410 1165 424 0.000127 0
492 64 575 144 0.000127 0
1105 346 1120 362 0.000127 0
1259 73 1279 171 0.000127 0
912 357 924 393 0.000126 0
71 64 162 78 0.000126 0
0 459 16 522 0.000126 0
0 78 80 221 0.000126 0
275 221 294 265 0.000126 0
1242 65 1279 190 0.000126 0
387 184 403 203 0.000126 0
1113 183 1143 211 0.000125 0
799 585 810 615 0.000125 0
1206 479 1280 700 0.000125 0
1134 402 1168 442 0.000125 0
191 180 228 231 0.000125 0
1055 64 1134 111 0.000124 0
1110 181 1171 218 0.000124 0
665 485 673 496 0.000124 0
979 397 1116 475 0.000123 0
615 530 625 576 0.000123 0
689 455 718 471 0.000123 0
1103 347 1119 360 0.000122 0
274 229 293 280 0.000122 0
762 243 828 322 0.000122 0
336 64 498 93 0.000122 0
286 246 297 303 0.000122 0
1075 335 1090 381 0.000121 0
215 65 325 176 0.000121 0
924 343 946 382 0.000121 0
271 192 290 233 0.000121 0
1077 397 1111 428 0.000121 0
1250 356 1279 497 0.000121 0
463 188 480 215 0.000121 0
575 581 592 616 0.000121 0
67 65 146 206 0.000120 0
6 64 186 126 0.000120 0
945 365 1034 455 0.000120 0
286 261 298 311 0.000120 0
631 201 658 222 0.000120 0
1136 386 1200 426 0.000120 0
1 64 133 197 0.000119 0
478 630 496 663 0.000119 0
1022 383 1030 395 0.000119 0
1039 686 1057 703 0.000119 0
879 408 890 437 0.000119 0
761 245 796 318 0.000119 0
525 195 554 251 0.000119 0
1072 336 1121 406 0.000119 0
1143 320 1164 342 0.000118 0
1262 680 1279 703 0.000118 0
879 413 893 446 0.000118 0
1151 331 1212 359 0.000118 0
762 244 800 319 0.000117 0
978 64 1087 218 0.000117 0
991 417 1001 445 0.000117 0
898 380 904 392 0.000117 0
0 137 28 296 0.000117 0
1169 396 1199 426 0.000117 0
8 368 32 417 0.000116 0
855 396 865 408 0.000116 0
153 193 168 228 0.000116 0
1175 343 1215 388 0.000116 0
1181 482 1280 704 0.000116 0
1199 64 1208 81 0.000115 0
792 572 813 616 0.000115 0
66 65 209 170 0.000115 0
1043 394 1133 471 0.000115 0
322 318 367 387 0.000115 0
1049 280 1068 295 0.000115 0
0 397 17 536 0.000115 0
1263 508 1279 540 0.000115 0
1231 65 1279 169 0.000115 0
83 65 396 264 0.000115 0
972 327 993 390 0.000115 0
302 110 312 123 0.000114 0
599 577 609 612 0.000114 0
1225 64 1279 168 0.000114 0
1030 358 1057 390 0.000114 0
883 392 896 407 0.000114 0
581 64 673 226 0.000114 0
78 352 105 403 0.000114 0
802 685 817 703 0.000114 0
1199 562 1279 699 0.000113 0
899 335 924 376 0.000113 0
624 583 634 617 0.000113 0
880 391 890 407 0.000113 0
111 381 130 403 0.000113 0
927 368 942 408 0.000112 0
172 189 194 219 0.000112 0
615 470 624 488 0.000112 0
929 371 946 409 0.000112 0
1071 694 1090 703 0.000112 0
1124 64 1280 187 0.000112 0
623 424 633 436 0.000112 0
803 687 816 703 0.000112 0
1028 369 1046 408 0.000112 0
1258 112 1279 173 0.000112 0
1094 363 1128 408 0.000111 0
133 64 260 92 0.000111 0
752 453 770 490 0.000111 0
604 173 621 186 0.000111 0
630 535 648 570 0.000111 0
606 451 623 486 0.000111 0
1205 638 1248 703 0.000110 0
439 208 447 218 0.000110 0
1119 394 1128 411 0.000110 0
1071 342 1080 361 0.000110 0
146 84 213 237 0.000110 0
578 64 667 223 0.000109 0
662 318 678 354 0.000109 0
968 141 1269 275 0.000109 0
1251 397 1277 426 0.000109 0
0 248 55 390 0.000109 0
81 352 105 403 0.000108 0
206 85 289 235 0.000108 0
1150 64 1223 134 0.000108 0
208 391 240 409 0.000108 0
1070 64 1124 73 0.000108 0
923 341 1004 391 0.000107 0
548 64 559 75 0.000107 0
543 592 562 621 0.000107 0
975 317 987 340 0.000107 0
154 186 181 232 0.000107 0
1063 64 1118 73 0.000107 0
1251 585 1280 650 0.000106 0
301 112 322 160 0.000106 0
1054 64 1280 171 0.000106 0
1034 277 1057 331 0.000106 0
926 350 945 390 0.000106 0
453 204 475 254 0.000106 0
956 696 979 703 0.000105 0
239 233 259 294 0.000105 0
1140 64 1279 181 0.000105 0
1247 622 1276 689 0.000105 0
1059 404 1099 438 0.000105 0
974 408 997 452 0.000105 0
1102 414 1121 472 0.000105 0
1171 73 1280 243 0.000105 0
1040 400 1171 480 0.000105 0
1050 279 1072 295 0.000105 0
1243 680 1278 703 0.000105 0
345 64 496 99 0.000104 0
1025 359 1053 390 0.000104 0
1089 360 1124 407 0.000104 0
1253 604 1276 650 0.000104 0
768 174 777 188 0.000104 0
787 292 848 344 0.000104 0
286 255 321 314 0.000104 0
637 680 692 703 0.000104 0
1107 408 1159 474 0.000104 0
592 407 608 427 0.000103 0
535 632 549 672 0.000103 0
446 177 488 288 0.000103 0
999 380 1041 426 0.000103 0
1027 64 1143 153 0.000103 0
1136 64 1274 239 0.000103 0
628 422 658 438 0.000103 0
696 590 705 609 0.000103 0
934 421 944 441 0.000103 0
1066 403 1098 425 0.000103 0
999 505 1009 527 0.000102 0
354 64 372 72 0.000102 0
251 384 272 404 0.000102 0
0 386 32 462 0.000102 0
1202 587 1279 702 0.000102 0
703 413 727 459 0.000102 0
275 196 297 270 0.000102 0
0 587 16 703 0.000102 0
636 64 662 105 0.000101 0
1121 406 1128 423 0.000101 0
1081 696 1096 703 0.000101 0
698 434 723 469 0.000101 0
360 64 437 89 0.000101 0
895 567 906 600 0.000101 0
456 160 555 299 0.000101 0
913 425 930 448 0.000101 0
342 64 371 87 0.000101 0
516 392 528 429 0.000100 0
0 64 16 134 0.000100 0
588 663 671 703 0.000100 0
310 77 413 199 0.000100 0
351 406 371 474 0.000100 0
989 226 1032 272 0.586391 1
1141 215 1172 253 0.454139 1
989 230 1033 272 0.423859 1
1142 217 1171 254 0.392310 1
1022 219 1067 263 0.304136 1
1021 222 1063 262 0.283704 1
761 217 850 282 0.276345 1
865 232 901 277 0.242987 1
867 231 901 275 0.134187 1
1026 216 1061 262 0.132974 1
1018 224 1063 263 0.123416 1
866 232 901 280 0.122252 1
1141 216 1177 253 0.118819 1
1142 221 1171 254 0.103018 1
865 230 902 284 0.090497 1
872 232 901 274 0.064764 1
870 233 901 279 0.060638 1
990 222 1036 272 0.059250 1
878 232 900 272 0.052703 1
761 234 851 282 0.051764 1
989 233 1029 272 0.046094 1
866 234 890 275 0.039015 1
1140 218 1180 252 0.038836 1
1033 204 1061 261 0.029155 1
866 234 900 282 0.028782 1
869 233 901 286 0.028509 1
1009 227 1062 263 0.028391 1
1019 224 1071 263 0.026059 1
1139 213 1180 250 0.025000 1
1020 219 1069 269 0.024318 1
877 232 902 270 0.024047 1
1141 215 1170 251 0.023492 1
865 233 886 276 0.021995 1
995 234 1033 265 0.018964 1
1028 221 1056 253 0.017870 1
1142 214 1177 249 0.017429 1
1113 227 1148 250 0.014757 1
875 232 902 272 0.014520 1
761 239 851 283 0.014207 1
1050 222 1065 247 0.012809 1
1065 214 1094 246 0.012616 1
1020 225 1045 262 0.012557 1
760 243 813 281 0.012434 1
760 246 815 281 0.012400 1
988 229 1025 272 0.011021 1
1060 215 1093 247 0.010681 1
1039 222 1065 251 0.010317 1
1140 221 1186 255 0.010253 1
866 234 879 266 0.009641 1
1067 213 1092 234 0.009424 1
1054 219 1065 245 0.008907 1
1017 226 1071 275 0.008897 1
1055 215 1091 248 0.008705 1
761 248 797 280 0.008006 1
1016 226 1068 273 0.007914 1
761 248 810 281 0.007800 1
1111 230 1136 249 0.007719 1
864 234 903 288 0.007678 1
861 236 897 282 0.007614 1
859 192 898 276 0.006895 1
1053 218 1091 249 0.006579 1
1057 211 1091 243 0.006435 1
761 249 787 280 0.006335 1
1067 216 1093 246 0.005841 1
876 233 907 284 0.005818 1
865 234 878 263 0.005731 1
1062 220 1093 250 0.005694 1
1068 213 1095 233 0.005654 1
866 230 912 278 0.005638 1
1039 222 1072 263 0.005552 1
762 228 901 283 0.005535 1
1012 220 1069 262 0.005530 1
759 227 902 288 0.005499 1
1069 214 1094 244 0.005246 1
1051 220 1076 261 0.005190 1
968 220 1005 255 0.005117 1
993 223 1015 263 0.004988 1
761 249 790 281 0.004975 1
884 237 919 289 0.004905 1
1136 229 1155 251 0.004811 1
996 218 1016 260 0.004263 1
875 194 901 273 0.004159 1
1066 214 1114 248 0.004119 1
1154 212 1176 249 0.003935 1
1004 203 1030 262 0.003812 1
980 232 1004 271 0.003770 1
980 233 997 257 0.003691 1
1148 220 1188 250 0.003609 1
761 231 813 280 0.003560 1
52 226 97 256 0.003534 1
67 225 96 237 0.003347 1
1112 214 1154 251 0.003332 1
47 236 73 256 0.003312 1
864 227 877 263 0.003227 1
845 230 876 280 0.003226 1
48 225 96 255 0.003180 1
875 238 907 287 0.003091 1
981 217 1010 260 0.003085 1
1018 233 1033 262 0.003060 1
978 215 1036 274 0.002984 1
1034 225 1072 263 0.002975 1
56 223 95 239 0.002973 1
61 225 96 254 0.002722 1
62 224 95 237 0.002689 1
845 234 875 282 0.002611 1
863 238 904 294 0.002528 1
47 234 74 255 0.002497 1
64 225 97 256 0.002450 1
59 224 95 252 0.002334 1
1137 231 1164 254 0.002308 1
52 233 100 257 0.002229 1
20 217 64 258 0.002225 1
1184 214 1225 265 0.002143 1
893 259 915 289 0.002106 1
17 215 43 257 0.002099 1
1065 216 1111 251 0.002070 1
885 237 920 270 0.002050 1
983 237 1001 271 0.002046 1
1067 207 1090 233 0.001968 1
761 244 810 280 0.001955 1
867 229 926 292 0.001899 1
23 215 42 257 0.001817 1
1057 221 1093 257 0.001777 1
887 237 920 265 0.001753 1
904 266 928 296 0.001752 1
886 240 930 296 0.001728 1
1168 211 1191 245 0.001691 1
24 220 69 256 0.001640 1
891 256 913 287 0.001599 1
51 222 73 254 0.001579 1
892 263 920 293 0.001557 1
69 232 97 255 0.001541 1
896 237 917 264 0.001536 1
1180 165 1202 217 0.001415 1
1068 207 1097 233 0.001413 1
950 275 960 296 0.001392 1
1180 164 1213 257 0.001362 1
852 228 876 277 0.001342 1
1021 214 1098 256 0.001305 1
910 270 928 296 0.001298 1
950 274 960 295 0.001296 1
992 230 1039 272 0.001193 1
761 249 785 280 0.001079 1
899 246 928 296 0.001039 1
932 275 961 300 0.001001 1
1057 202 1080 235 0.000989 1
942 216 1035 273 0.000987 1
893 266 911 287 0.000986 1
949 275 961 300 0.000946 1
862 212 922 275 0.000924 1
1107 230 1138 253 0.000909 1
912 270 928 296 0.000830 1
896 240 925 264 0.000811 1
1123 240 1137 253 0.000799 1
198 201 226 257 0.000769 1
762 233 811 279 0.000746 1
1179 171 1227 222 0.000742 1
162 222 227 259 0.000705 1
953 234 999 262 0.000666 1
927 275 961 303 0.000660 1
846 236 872 282 0.000659 1
1178 206 1193 218 0.000658 1
912 233 925 258 0.000653 1
936 273 961 299 0.000653 1
760 245 823 301 0.000653 1
999 210 1138 280 0.000642 1
885 199 944 283 0.000633 1
190 224 231 262 0.000602 1
1136 220 1206 271 0.000590 1
954 215 1076 299 0.000590 1
910 248 922 265 0.000580 1
763 230 850 338 0.000579 1
845 241 907 296 0.000545 1
761 248 786 278 0.000526 1
672 184 1198 309 0.000522 1
893 263 925 296 0.000516 1
760 247 816 299 0.000494 1
890 208 1274 299 0.000480 1
1179 167 1227 218 0.000475 1
978 223 1073 299 0.000446 1
56 217 95 238 0.000435 1
910 268 945 297 0.000399 1
994 205 1097 266 0.000396 1
1127 212 1230 275 0.000384 1
1137 225 1214 269 0.000372 1
963 225 991 254 0.000369 1
865 196 892 268 0.000355 1
1215 215 1246 234 0.000354 1
908 248 944 297 0.000336 1
73 217 95 237 0.000317 1
1179 189 1201 217 0.000297 1
782 245 810 280 0.000286 1
24 214 58 253 0.000278 1
861 227 908 340 0.000277 1
988 226 1040 292 0.000275 1
948 274 961 303 0.000273 1
938 241 958 254 0.000270 1
951 211 1118 302 0.000265 1
948 274 968 300 0.000252 1
894 265 914 296 0.000250 1
758 224 911 340 0.000244 1
1134 219 1181 270 0.000240 1
24 215 65 239 0.000237 1
1059 222 1096 265 0.000229 1
140 216 177 251 0.000226 1
154 212 191 254 0.000225 1
932 279 945 296 0.000220 1
761 248 793 293 0.000216 1
943 234 1001 272 0.000211 1
1061 232 1072 274 0.000199 1
184 237 244 264 0.000195 1
856 251 915 297 0.000189 1
173 234 225 262 0.000187 1
760 245 823 290 0.000186 1
192 236 244 264 0.000176 1
1024 303 1056 335 0.000170 1
205 228 228 258 0.000167 1
12 210 80 258 0.000164 1
863 227 923 306 0.000159 1
53 217 66 236 0.000151 1
948 244 993 262 0.000146 1
946 273 969 298 0.000143 1
1135 224 1180 270 0.000134 1
145 241 175 264 0.000134 1
988 232 1040 294 0.000133 1
849 190 1075 271 0.000133 1
1024 303 1054 334 0.000125 1
932 282 944 299 0.000116 1
917 276 945 299 0.000111 1
927 279 957 311 0.000107 1
899 213 946 300 0.000106 1
1112 215 1154 242 0.158361 2
1113 215 1153 245 0.152917 2
1112 215 1152 247 0.092218 2
1113 215 1164 242 0.076287 2
1113 214 1159 245 0.055255 2
691 205 728 236 0.053874 2
305 187 322 198 0.032112 2
304 186 323 198 0.031721 2
1114 214 1174 246 0.027498 2
483 198 516 217 0.025984 2
1114 212 1176 246 0.024052 2
484 201 515 217 0.023805 2
484 199 515 217 0.023329 2
1067 211 1145 248 0.023054 2
689 206 727 235 0.022993 2
822 330 847 344 0.018238 2
1067 211 1133 247 0.018145 2
488 199 513 216 0.017318 2
587 184 657 217 0.017168 2
586 184 650 215 0.017082 2
587 184 622 208 0.016303 2
1112 216 1144 247 0.015660 2
1067 210 1140 247 0.015096 2
587 183 622 202 0.014979 2
1113 216 1137 231 0.013849 2
490 199 515 214 0.013790 2
586 183 625 213 0.013505 2
587 184 622 204 0.011721 2
481 185 517 217 0.011163 2
586 183 622 214 0.010944 2
857 176 939 200 0.010746 2
823 329 847 344 0.010715 2
695 205 728 234 0.010368 2
431 423 463 441 0.009934 2
668 453 687 463 0.009145 2
594 196 650 216 0.008969 2
1103 214 1137 233 0.008749 2
981 456 995 464 0.008744 2
1092 211 1138 235 0.007588 2
607 199 649 216 0.007522 2
634 382 657 396 0.006880 2
597 463 608 471 0.006756 2
592 448 608 459 0.006529 2
529 197 553 218 0.006472 2
1067 210 1137 237 0.006288 2
690 199 731 234 0.005933 2
1094 213 1137 248 0.005771 2
631 380 657 396 0.005664 2
691 199 727 230 0.005383 2
865 176 940 200 0.005012 2
534 203 548 218 0.004980 2
534 203 553 218 0.004977 2
530 248 601 281 0.004950 2
460 420 541 447 0.004882 2
704 209 727 234 0.004669 2
0 393 17 422 0.004667 2
1064 213 1100 247 0.004656 2
246 412 264 423 0.004642 2
925 454 937 463 0.004636 2
641 688 672 703 0.004464 2
664 452 675 463 0.004445 2
632 202 649 216 0.004405 2
159 416 170 423 0.004384 2
158 410 176 424 0.004276 2
479 172 517 217 0.004176 2
592 423 608 434 0.004068 2
975 455 985 463 0.004000 2
1069 213 1099 233 0.003808 2
831 471 841 478 0.003799 2
0 400 17 423 0.003791 2
866 176 942 203 0.003770 2
606 447 624 462 0.003654 2
579 184 621 206 0.003616 2
1065 210 1150 250 0.003576 2
1065 210 1129 251 0.003542 2
479 179 522 217 0.003513 2
458 420 527 447 0.003465 2
675 452 688 463 0.003386 2
661 269 768 346 0.003376 2
208 399 223 413 0.003345 2
990 455 999 463 0.003328 2
485 190 527 217 0.003210 2
648 455 656 461 0.003197 2
640 681 672 703 0.003091 2
1095 208 1133 231 0.003071 2
575 445 593 457 0.003039 2
462 421 498 446 0.002965 2
207 399 224 414 0.002935 2
357 216 368 229 0.002926 2
457 204 465 216 0.002829 2
659 268 856 345 0.002828 2
1070 214 1098 235 0.002696 2
1039 322 1055 334 0.002696 2
581 184 623 204 0.002694 2
265 194 272 203 0.002675 2
495 239 532 251 0.002609 2
554 177 579 202 0.002554 2
822 329 847 345 0.002548 2
462 419 501 444 0.002509 2
591 424 608 433 0.002507 2
575 445 592 457 0.002499 2
431 422 460 441 0.002497 2
1097 209 1136 231 0.002476 2
1101 220 1126 248 0.002465 2
656 454 668 462 0.002455 2
457 421 497 445 0.002448 2
632 382 657 397 0.002446 2
599 319 608 329 0.002432 2
245 411 264 423 0.002411 2
699 161 946 255 0.002411 2
528 203 545 218 0.002366 2
941 455 965 464 0.002364 2
432 421 497 444 0.002253 2
306 184 329 199 0.002249 2
588 187 619 214 0.002240 2
111 411 128 425 0.002236 2
319 217 331 231 0.002199 2
1100 160 1205 220 0.002189 2
47 407 63 424 0.002188 2
1015 337 1024 345 0.002177 2
460 414 523 446 0.002168 2
1263 248 1279 270 0.002124 2
111 403 153 426 0.002094 2
661 450 689 463 0.002058 2
319 204 331 231 0.002043 2
1263 349 1279 369 0.002034 2
1263 349 1279 365 0.002021 2
293 178 313 198 0.001999 2
452 205 466 222 0.001978 2
591 462 608 472 0.001975 2
1180 165 1202 217 0.001972 2
47 405 63 423 0.001967 2
0 560 89 600 0.001930 2
1049 196 1062 218 0.001920 2
689 209 727 237 0.001916 2
111 399 177 426 0.001891 2
1004 199 1057 260 0.001885 2
111 409 141 426 0.001884 2
581 184 619 213 0.001884 2
689 206 727 237 0.001878 2
430 419 500 443 0.001860 2
821 471 834 478 0.001835 2
607 447 624 464 0.001814 2
462 420 511 446 0.001806 2
620 191 643 207 0.001760 2
864 175 945 212 0.001750 2
462 417 514 444 0.001739 2
633 205 653 216 0.001730 2
1147 471 1165 479 0.001729 2
961 480 975 487 0.001703 2
1180 164 1204 218 0.001700 2
633 197 654 216 0.001682 2
1067 201 1138 234 0.001682 2
656 204 728 235 0.001637 2
461 417 536 443 0.001624 2
1095 208 1140 231 0.001612 2
957 481 972 487 0.001611 2
869 176 942 201 0.001597 2
587 186 617 214 0.001574 2
660 269 842 345 0.001562 2
658 450 689 463 0.001562 2
358 217 368 231 0.001554 2
689 200 779 235 0.001552 2
598 450 608 461 0.001551 2
1263 169 1279 180 0.001528 2
511 185 554 217 0.001505 2
606 201 617 215 0.001496 2
902 456 913 463 0.001487 2
944 456 961 466 0.001475 2
449 416 505 443 0.001471 2
294 177 306 196 0.001463 2
924 194 957 254 0.001455 2
460 422 529 448 0.001440 2
301 175 317 196 0.001421 2
582 432 591 439 0.001419 2
654 206 727 236 0.001398 2
1179 165 1228 217 0.001391 2
389 422 429 437 0.001386 2
1028 205 1085 251 0.001352 2
1254 211 1275 235 0.001352 2
104 404 146 425 0.001348 2
1251 207 1279 242 0.001339 2
0 398 32 423 0.001312 2
1263 252 1279 270 0.001292 2
47 403 63 423 0.001290 2
973 208 989 227 0.001282 2
480 180 517 216 0.001274 2
1225 196 1257 233 0.001271 2
1200 472 1216 482 0.001262 2
1203 234 1280 269 0.001252 2
1263 350 1279 368 0.001223 2
125 410 139 425 0.001217 2
897 473 913 484 0.001189 2
1021 319 1055 335 0.001179 2
1103 229 1120 248 0.001178 2
261 196 272 202 0.001170 2
1180 165 1230 221 0.001163 2
1221 196 1257 234 0.001152 2
462 422 497 447 0.001150 2
689 205 769 236 0.001149 2
1151 447 1167 458 0.001144 2
368 453 401 471 0.001130 2
1108 204 1167 242 0.001118 2
461 408 514 445 0.001109 2
1262 224 1279 270 0.001091 2
1199 472 1212 482 0.001079 2
155 402 176 423 0.001073 2
1195 230 1280 269 0.001060 2
1165 274 1279 355 0.001057 2
246 408 264 423 0.001052 2
1120 64 1152 76 0.001048 2
462 422 497 447 0.001022 2
126 407 144 425 0.001015 2
1263 254 1279 271 0.001014 2
836 465 848 473 0.001010 2
631 375 657 396 0.000996 2
653 449 691 462 0.000993 2
1168 232 1279 361 0.000980 2
294 199 332 232 0.000978 2
556 179 582 202 0.000974 2
621 189 651 215 0.000967 2
1183 218 1272 264 0.000959 2
1056 197 1079 220 0.000955 2
329 200 378 232 0.000943 2
1023 320 1055 337 0.000940 2
1263 169 1279 209 0.000933 2
373 453 401 472 0.000916 2
32 439 48 446 0.000909 2
454 409 515 445 0.000909 2
640 456 652 464 0.000890 2
388 420 434 438 0.000889 2
1102 185 1182 248 0.000884 2
592 450 608 460 0.000879 2
0 398 91 424 0.000876 2
587 179 658 217 0.000865 2
190 392 224 415 0.000854 2
1018 319 1043 334 0.000845 2
809 210 847 244 0.000843 2
503 320 514 336 0.000838 2
1111 471 1123 478 0.000835 2
698 203 756 235 0.000833 2
634 375 657 395 0.000820 2
657 190 692 217 0.000817 2
1263 169 1279 184 0.000815 2
313 184 343 199 0.000798 2
572 423 609 456 0.000795 2
173 393 214 419 0.000785 2
599 362 623 376 0.000784 2
549 203 562 216 0.000780 2
1168 267 1279 356 0.000779 2
811 329 847 344 0.000774 2
1183 165 1202 188 0.000772 2
863 335 880 343 0.000770 2
1098 160 1225 218 0.000766 2
191 444 224 474 0.000764 2
431 423 464 446 0.000762 2
191 392 214 415 0.000760 2
1100 208 1152 231 0.000753 2
598 364 624 376 0.000750 2
1069 202 1126 233 0.000749 2
158 399 184 423 0.000748 2
623 321 665 366 0.000745 2
630 190 655 215 0.000738 2
523 183 550 203 0.000734 2
623 321 663 364 0.000732 2
1054 465 1071 471 0.000728 2
299 187 334 233 0.000724 2
695 207 756 235 0.000722 2
391 428 418 437 0.000717 2
639 462 650 472 0.000716 2
822 329 847 351 0.000712 2
590 450 608 460 0.000710 2
191 392 213 408 0.000710 2
685 201 848 236 0.000703 2
1205 253 1226 267 0.000699 2
318 202 337 232 0.000693 2
166 393 215 418 0.000693 2
187 392 222 418 0.000691 2
363 415 432 439 0.000683 2
799 327 847 344 0.000683 2
916 182 944 201 0.000682 2
271 446 319 470 0.000678 2
1016 319 1046 342 0.000677 2
386 198 398 206 0.000669 2
690 196 723 231 0.000668 2
273 185 294 195 0.000655 2
1135 471 1164 479 0.000653 2
716 198 729 215 0.000652 2
1261 349 1279 385 0.000645 2
944 202 958 219 0.000630 2
415 407 515 445 0.000629 2
697 201 754 234 0.000623 2
1244 248 1279 268 0.000609 2
577 185 618 215 0.000608 2
447 200 466 222 0.000604 2
224 441 272 466 0.000600 2
865 176 939 205 0.000600 2
1183 471 1200 480 0.000599 2
463 408 518 434 0.000599 2
975 481 986 487 0.000597 2
431 408 516 444 0.000593 2
391 421 434 438 0.000593 2
704 302 768 329 0.000586 2
698 301 768 330 0.000582 2
1026 319 1092 340 0.000580 2
1170 278 1279 362 0.000574 2
625 322 674 368 0.000574 2
273 184 294 194 0.000573 2
623 321 662 368 0.000572 2
319 205 339 232 0.000569 2
1144 327 1169 345 0.000568 2
1067 196 1080 212 0.000567 2
1264 367 1279 375 0.000562 2
319 408 341 413 0.000562 2
302 536 320 551 0.000561 2
191 392 212 412 0.000560 2
330 205 373 233 0.000560 2
1188 198 1277 266 0.000555 2
461 427 492 447 0.000554 2
519 174 578 213 0.000554 2
976 456 1025 472 0.000549 2
298 538 320 552 0.000547 2
495 239 534 253 0.000540 2
586 179 701 217 0.000537 2
1117 326 1162 344 0.000535 2
1246 344 1263 356 0.000535 2
359 409 368 415 0.000534 2
1121 64 1152 74 0.000528 2
1143 325 1165 343 0.000520 2
388 421 464 442 0.000519 2
623 318 667 363 0.000517 2
1198 247 1245 267 0.000516 2
294 196 330 233 0.000511 2
1200 254 1225 267 0.000510 2
1172 224 1279 301 0.000510 2
822 329 867 344 0.000507 2
1146 323 1168 343 0.000506 2
864 171 939 201 0.000505 2
320 408 344 414 0.000501 2
318 408 337 413 0.000501 2
1139 326 1169 344 0.000500 2
1259 352 1279 409 0.000499 2
534 203 553 222 0.000498 2
955 458 970 469 0.000496 2
625 321 675 364 0.000495 2
595 362 623 377 0.000494 2
443 421 497 449 0.000490 2
975 456 1011 471 0.000487 2
822 330 848 349 0.000485 2
632 185 692 215 0.000484 2
323 449 368 471 0.000483 2
701 195 739 221 0.000482 2
385 198 397 206 0.000480 2
495 238 538 254 0.000479 2
1249 192 1273 234 0.000473 2
222 408 264 426 0.000472 2
592 463 608 473 0.000471 2
272 178 313 199 0.000471 2
328 199 385 234 0.000468 2
391 421 448 439 0.000467 2
1077 198 1093 210 0.000462 2
1110 326 1174 344 0.000461 2
1063 180 1143 248 0.000459 2
497 239 529 251 0.000450 2
293 175 308 197 0.000448 2
1136 338 1182 360 0.000448 2
693 213 728 237 0.000447 2
654 206 853 343 0.000442 2
1222 162 1276 214 0.000441 2
1099 197 1121 210 0.000440 2
678 451 700 466 0.000440 2
321 448 367 471 0.000439 2
354 410 425 474 0.000437 2
1204 250 1280 293 0.000436 2
690 455 704 466 0.000436 2
1248 347 1262 359 0.000429 2
1177 471 1200 480 0.000428 2
1220 247 1280 280 0.000423 2
371 453 415 471 0.000417 2
156 395 213 424 0.000415 2
624 315 685 364 0.000415 2
474 199 517 223 0.000414 2
517 188 555 219 0.000412 2
879 527 892 535 0.000412 2
1031 316 1068 335 0.000411 2
503 314 529 347 0.000411 2
623 320 664 375 0.000408 2
1 513 48 536 0.000405 2
390 421 465 440 0.000405 2
312 196 334 232 0.000401 2
331 211 354 233 0.000400 2
657 269 845 340 0.000400 2
1046 456 1076 468 0.000399 2
1001 507 1016 520 0.000399 2
1260 628 1279 648 0.000398 2
802 165 858 227 0.000397 2
503 311 527 336 0.000396 2
431 422 464 449 0.000394 2
606 450 641 468 0.000392 2
230 444 272 466 0.000390 2
429 410 504 442 0.000388 2
1135 341 1182 360 0.000386 2
271 184 314 202 0.000384 2
994 503 1013 518 0.000382 2
1235 344 1255 355 0.000382 2
0 506 95 598 0.000381 2
388 420 449 439 0.000377 2
214 441 272 466 0.000375 2
607 448 625 470 0.000374 2
4 400 31 423 0.000374 2
266 195 279 211 0.000373 2
160 392 216 419 0.000372 2
63 508 78 521 0.000371 2
1120 64 1152 78 0.000369 2
1198 247 1280 287 0.000369 2
268 192 279 204 0.000367 2
1264 314 1279 371 0.000365 2
235 446 319 469 0.000364 2
495 239 525 253 0.000364 2
592 424 608 439 0.000363 2
191 445 223 470 0.000362 2
326 453 368 471 0.000362 2
1 245 343 394 0.000358 2
1211 247 1279 285 0.000357 2
18 404 62 424 0.000354 2
852 439 869 455 0.000354 2
1069 165 1156 246 0.000351 2
703 210 753 234 0.000345 2
713 301 768 329 0.000344 2
1120 64 1152 80 0.000342 2
1225 162 1271 182 0.000339 2
946 458 973 469 0.000338 2
1255 630 1264 649 0.000334 2
390 421 432 439 0.000332 2
1 394 32 423 0.000332 2
24 401 169 425 0.000332 2
496 434 526 448 0.000330 2
190 392 224 461 0.000329 2
999 505 1010 521 0.000328 2
574 422 609 463 0.000327 2
63 506 83 521 0.000326 2
20 200 35 206 0.000324 2
501 437 528 448 0.000323 2
1224 163 1279 184 0.000322 2
1197 286 1280 354 0.000322 2
63 468 80 483 0.000318 2
1223 171 1268 235 0.000317 2
1171 274 1216 286 0.000316 2
1263 365 1279 407 0.000315 2
1261 629 1278 648 0.000315 2
511 247 600 282 0.000314 2
1045 455 1091 471 0.000313 2
1119 64 1141 76 0.000313 2
601 189 729 236 0.000312 2
0 400 67 424 0.000312 2
202 186 259 236 0.000311 2
1199 252 1279 292 0.000309 2
449 206 467 222 0.000309 2
1135 343 1192 360 0.000308 2
321 437 372 472 0.000308 2
233 439 272 464 0.000307 2
1260 276 1279 297 0.000307 2
695 173 826 244 0.000307 2
820 329 847 364 0.000305 2
332 213 354 234 0.000304 2
370 414 434 438 0.000304 2
820 332 891 344 0.000304 2
194 443 224 474 0.000303 2
271 389 288 399 0.000302 2
302 188 366 232 0.000301 2
318 201 335 231 0.000300 2
1262 278 1279 296 0.000300 2
1200 265 1280 297 0.000300 2
1188 253 1280 291 0.000300 2
248 211 276 234 0.000299 2
351 405 434 439 0.000298 2
1041 190 1139 248 0.000298 2
1252 249 1279 296 0.000297 2
157 241 236 264 0.000295 2
880 528 896 535 0.000295 2
31 439 54 447 0.000294 2
605 424 622 433 0.000294 2
623 320 661 361 0.000293 2
1062 318 1121 345 0.000292 2
489 408 516 423 0.000291 2
1246 346 1278 364 0.000290 2
625 321 679 377 0.000288 2
158 394 219 424 0.000288 2
1 283 24 295 0.000288 2
437 406 518 437 0.000288 2
1261 277 1279 295 0.000288 2
482 200 517 222 0.000286 2
623 320 660 375 0.000285 2
30 396 65 423 0.000284 2
471 190 481 204 0.000282 2
977 453 1000 467 0.000280 2
503 310 518 335 0.000280 2
1210 287 1280 354 0.000278 2
1016 319 1062 345 0.000278 2
830 454 872 475 0.000273 2
0 560 75 600 0.000273 2
153 391 224 462 0.000270 2
354 199 385 231 0.000269 2
454 407 515 432 0.000268 2
417 404 518 438 0.000267 2
913 175 944 198 0.000267 2
503 312 529 336 0.000265 2
574 241 590 248 0.000264 2
651 171 729 236 0.000264 2
1264 315 1279 367 0.000262 2
643 190 665 216 0.000261 2
1016 319 1102 348 0.000261 2
163 392 223 424 0.000260 2
1168 263 1182 269 0.000259 2
465 408 531 436 0.000258 2
555 180 607 216 0.000256 2
109 395 170 425 0.000256 2
492 408 510 419 0.000255 2
774 184 1071 263 0.000253 2
639 448 649 460 0.000253 2
182 394 224 436 0.000253 2
647 438 703 463 0.000253 2
718 458 751 471 0.000253 2
0 187 511 387 0.000251 2
212 406 313 458 0.000250 2
592 363 624 391 0.000249 2
837 451 871 474 0.000248 2
8 506 84 535 0.000247 2
199 439 272 467 0.000245 2
1263 278 1279 295 0.000245 2
305 179 324 198 0.000243 2
366 429 384 472 0.000242 2
589 362 624 392 0.000239 2
205 398 224 429 0.000239 2
1016 332 1033 344 0.000238 2
1152 162 1204 208 0.000236 2
91 405 139 426 0.000236 2
294 543 313 551 0.000235 2
339 423 384 472 0.000234 2
737 185 798 224 0.000234 2
348 198 386 231 0.000233 2
373 452 416 472 0.000233 2
559 241 593 249 0.000232 2
220 439 272 466 0.000231 2
737 257 853 339 0.000226 2
4 507 86 536 0.000224 2
0 508 47 557 0.000222 2
1263 252 1279 294 0.000222 2
859 194 947 268 0.000221 2
1187 351 1265 392 0.000221 2
327 198 385 227 0.000221 2
220 195 257 239 0.000221 2
176 408 267 427 0.000220 2
1167 273 1221 286 0.000219 2
644 445 656 461 0.000218 2
1134 232 1216 273 0.000218 2
431 413 467 442 0.000217 2
1168 273 1216 286 0.000216 2
654 210 727 236 0.000214 2
0 261 16 291 0.000214 2
526 625 539 644 0.000212 2
732 185 798 232 0.000211 2
290 199 334 270 0.000211 2
346 198 385 228 0.000210 2
1 510 48 531 0.000209 2
633 173 677 216 0.000209 2
250 215 272 234 0.000208 2
1261 365 1279 409 0.000207 2
0 282 23 295 0.000207 2
944 327 981 345 0.000207 2
304 407 367 438 0.000206 2
1146 159 1203 188 0.000206 2
584 426 608 459 0.000206 2
165 392 224 429 0.000205 2
634 379 661 395 0.000205 2
1141 340 1184 360 0.000204 2
1105 171 1184 248 0.000203 2
1200 251 1258 275 0.000203 2
1182 352 1265 423 0.000203 2
1175 252 1280 291 0.000201 2
199 445 224 475 0.000201 2
1037 193 1088 245 0.000199 2
679 214 694 233 0.000199 2
0 510 48 537 0.000199 2
111 408 144 433 0.000198 2
1131 341 1185 360 0.000195 2
1171 257 1235 286 0.000195 2
1176 173 1203 218 0.000194 2
795 331 847 366 0.000194 2
945 327 980 344 0.000192 2
462 407 515 428 0.000191 2
50 397 160 424 0.000191 2
221 406 264 426 0.000191 2
999 314 1058 340 0.000191 2
929 242 1152 318 0.000191 2
377 416 446 438 0.000190 2
1225 345 1270 367 0.000186 2
4 261 446 395 0.000185 2
525 624 539 641 0.000185 2
567 201 584 216 0.000185 2
307 407 353 436 0.000184 2
593 361 624 391 0.000184 2
126 412 144 430 0.000184 2
304 407 368 452 0.000183 2
1024 297 1059 335 0.000183 2
215 407 298 430 0.000183 2
504 314 529 351 0.000183 2
445 178 469 217 0.000180 2
624 319 691 381 0.000178 2
657 175 692 216 0.000178 2
504 236 548 279 0.000177 2
1193 249 1280 282 0.000177 2
601 359 623 375 0.000177 2
1056 312 1124 343 0.000176 2
258 214 276 232 0.000175 2
8 512 48 536 0.000174 2
1261 298 1279 362 0.000172 2
79 518 95 536 0.000172 2
976 448 990 463 0.000171 2
929 204 995 254 0.000170 2
198 176 257 237 0.000170 2
1198 274 1280 309 0.000169 2
1166 273 1226 286 0.000169 2
393 400 516 442 0.000169 2
702 453 763 471 0.000169 2
222 405 309 464 0.000168 2
634 449 679 473 0.000168 2
697 304 768 335 0.000167 2
210 406 316 469 0.000167 2
740 188 799 223 0.000166 2
74 570 96 587 0.000166 2
179 406 271 449 0.000165 2
213 404 306 457 0.000163 2
62 502 82 521 0.000163 2
1133 343 1188 360 0.000163 2
964 199 985 213 0.000163 2
700 309 763 333 0.000163 2
638 199 663 217 0.000163 2
1025 314 1095 342 0.000162 2
708 454 761 471 0.000162 2
679 211 693 232 0.000162 2
305 407 357 449 0.000161 2
1201 437 1258 465 0.000161 2
310 406 369 465 0.000160 2
327 199 365 234 0.000160 2
139 243 195 276 0.000158 2
33 400 124 429 0.000158 2
1 506 95 578 0.000158 2
226 199 248 222 0.000157 2
191 392 224 476 0.000157 2
156 406 291 452 0.000156 2
321 429 377 472 0.000156 2
695 186 731 222 0.000156 2
945 455 976 472 0.000154 2
245 411 264 429 0.000154 2
1216 318 1236 333 0.000154 2
1224 160 1269 182 0.000153 2
822 327 859 344 0.000153 2
0 510 48 566 0.000152 2
333 212 354 233 0.000152 2
654 426 693 440 0.000152 2
661 273 691 283 0.000152 2
1195 254 1279 371 0.000151 2
1181 267 1280 297 0.000151 2
712 458 753 471 0.000151 2
1214 297 1279 360 0.000150 2
79 516 95 534 0.000150 2
141 391 229 460 0.000150 2
606 458 640 470 0.000150 2
801 176 855 224 0.000150 2
229 439 272 462 0.000150 2
311 407 368 439 0.000149 2
1168 273 1280 314 0.000149 2
479 236 556 272 0.000148 2
696 311 754 345 0.000148 2
242 411 264 429 0.000147 2
363 208 377 232 0.000147 2
78 514 95 535 0.000147 2
4 505 87 536 0.000147 2
529 249 585 281 0.000147 2
1134 224 1195 271 0.000146 2
624 320 689 378 0.000146 2
656 429 696 440 0.000145 2
1168 248 1280 290 0.000145 2
221 406 309 446 0.000144 2
699 309 763 340 0.000144 2
1173 272 1229 287 0.000144 2
1147 271 1220 283 0.000144 2
164 402 270 444 0.000144 2
187 392 224 476 0.000142 2
111 391 128 402 0.000142 2
623 321 687 366 0.000142 2
1218 341 1259 358 0.000142 2
1052 290 1142 341 0.000141 2
63 425 72 431 0.000141 2
327 443 376 466 0.000141 2
609 205 865 293 0.000141 2
1177 271 1280 297 0.000139 2
558 241 592 249 0.000139 2
1150 440 1189 468 0.000139 2
630 200 870 280 0.000139 2
805 205 859 236 0.000138 2
661 273 688 283 0.000138 2
45 568 96 590 0.000137 2
482 201 526 223 0.000137 2
693 306 763 345 0.000137 2
1073 325 1092 341 0.000137 2
1052 296 1145 338 0.000137 2
353 190 368 200 0.000137 2
305 408 321 416 0.000136 2
239 233 256 248 0.000136 2
1243 346 1266 376 0.000135 2
651 202 858 282 0.000135 2
1190 273 1280 312 0.000135 2
243 193 273 232 0.000135 2
996 436 1017 453 0.000133 2
576 446 593 461 0.000133 2
955 201 981 239 0.000132 2
1025 309 1071 333 0.000131 2
631 371 692 396 0.000131 2
385 399 514 441 0.000131 2
143 400 285 459 0.000130 2
1217 348 1267 376 0.000130 2
158 242 191 275 0.000130 2
1156 267 1280 302 0.000130 2
657 270 766 305 0.000130 2
430 422 463 451 0.000129 2
1168 260 1273 304 0.000129 2
0 508 29 559 0.000129 2
1177 253 1226 285 0.000128 2
63 466 80 486 0.000128 2
360 420 416 472 0.000128 2
219 198 256 241 0.000127 2
584 199 666 226 0.000127 2
1057 312 1116 336 0.000127 2
1167 273 1275 308 0.000127 2
1072 315 1122 342 0.000126 2
1140 344 1198 361 0.000125 2
597 359 623 376 0.000125 2
226 407 291 430 0.000125 2
375 408 385 415 0.000124 2
1250 678 1279 703 0.000124 2
825 134 946 193 0.000124 2
667 270 769 307 0.000123 2
1169 271 1220 285 0.000123 2
330 203 370 270 0.000122 2
78 406 148 441 0.000122 2
623 314 673 359 0.000121 2
127 238 192 277 0.000121 2
398 195 408 205 0.000121 2
709 301 771 331 0.000121 2
1165 273 1221 284 0.000121 2
320 407 355 417 0.000121 2
1163 285 1280 350 0.000120 2
960 695 985 703 0.000120 2
0 105 332 399 0.000120 2
1065 324 1089 338 0.000120 2
95 400 182 438 0.000120 2
298 481 328 499 0.000118 2
390 567 400 575 0.000118 2
209 407 308 468 0.000118 2
170 242 229 264 0.000118 2
184 407 273 471 0.000117 2
1204 294 1279 353 0.000116 2
1016 321 1061 344 0.000116 2
599 199 665 224 0.000116 2
195 405 264 426 0.000116 2
1053 312 1098 335 0.000116 2
672 270 768 319 0.000116 2
95 413 107 424 0.000115 2
857 262 913 345 0.000115 2
645 437 656 453 0.000115 2
1100 303 1168 344 0.000115 2
240 193 275 236 0.000114 2
712 328 736 344 0.000114 2
0 508 17 552 0.000113 2
385 411 475 442 0.000113 2
1049 203 1222 285 0.000113 2
592 424 626 463 0.000113 2
395 453 416 464 0.000113 2
1196 282 1275 311 0.000112 2
450 246 603 363 0.000111 2
607 446 641 465 0.000111 2
1226 163 1258 208 0.000111 2
530 248 594 281 0.000111 2
1191 282 1280 314 0.000110 2
672 428 700 440 0.000110 2
658 270 768 311 0.000107 2
77 571 94 592 0.000106 2
624 286 693 379 0.000106 2
137 200 151 213 0.000105 2
710 326 750 344 0.000105 2
685 270 768 331 0.000105 2
633 388 689 425 0.000105 2
6 506 86 532 0.000105 2
1200 302 1232 311 0.000105 2
467 238 561 277 0.000105 2
1 505 76 535 0.000104 2
1051 313 1089 335 0.000104 2
152 400 279 473 0.000104 2
1157 275 1280 314 0.000104 2
648 438 704 464 0.000103 2
587 170 625 201 0.000103 2
1170 274 1274 314 0.000102 2
71 569 96 579 0.000102 2
976 526 990 535 0.000102 2
1139 329 1207 360 0.000102 2
702 322 747 344 0.000101 2
223 406 296 427 0.000101 2
1173 280 1280 315 0.000100 2
289 175 309 198 0.000100 2
762 210 851 281 0.255495 3
761 229 852 282 0.018420 3
753 210 852 280 0.000490 3
811 214 858 271 0.000385 3
727 199 853 280 0.000378 3
699 193 845 280 0.000127 3
737 201 964 291 0.000101 3
1182 165 1279 268 0.007164 5
479 167 583 216 0.006806 5
480 171 535 216 0.002634 5
451 166 580 217 0.002362 5
443 169 522 217 0.001958 5
478 164 579 212 0.001599 5
447 148 525 171 0.001161 5
444 162 537 217 0.001023 5
447 154 521 170 0.000932 5
453 152 522 171 0.000825 5
480 172 513 208 0.000606 5
480 167 550 217 0.000595 5
477 168 528 216 0.000498 5
458 149 525 170 0.000486 5
447 153 525 209 0.000461 5
470 144 524 172 0.000247 5
465 144 526 164 0.000197 5
1180 280 1280 314 0.000107 5
1202 281 1280 343 0.000106 5
641 263 1274 491 0.114191 6
640 236 1276 506 0.094262 6
699 152 945 240 0.068815 6
641 258 1272 430 0.059746 6
642 267 1262 473 0.056631 6
698 151 945 247 0.056308 6
640 182 1275 477 0.047171 6
642 268 1260 397 0.035951 6
651 266 1276 510 0.035805 6
925 271 1279 357 0.021421 6
921 271 1279 417 0.018811 6
676 268 1279 482 0.014318 6
641 177 1260 384 0.013144 6
643 269 1206 486 0.012756 6
925 271 1279 459 0.012114 6
926 270 1278 349 0.010122 6
642 227 1227 375 0.009267 6
646 297 1273 512 0.007740 6
641 160 1269 405 0.007735 6
640 269 1219 377 0.007628 6
464 165 581 210 0.007190 6
641 270 1088 484 0.007139 6
772 272 1279 501 0.005788 6
462 158 581 212 0.005305 6
929 273 1279 504 0.005206 6
980 274 1279 505 0.004704 6
696 153 942 221 0.004606 6
1041 274 1279 425 0.004498 6
1045 275 1279 502 0.004099 6
684 278 1279 511 0.003953 6
827 135 939 165 0.003941 6
455 154 582 214 0.003872 6
18 434 301 475 0.003654 6
695 160 946 261 0.003603 6
481 168 579 210 0.003588 6
646 379 1256 494 0.003587 6
646 400 1098 486 0.003537 6
324 416 706 464 0.003474 6
827 135 939 162 0.002840 6
476 170 578 211 0.002716 6
479 166 578 208 0.002658 6
40 432 319 476 0.002639 6
825 135 939 172 0.002593 6
497 168 579 205 0.002570 6
705 151 942 216 0.002507 6
640 266 1052 476 0.002460 6
1025 429 1279 512 0.002452 6
484 160 580 205 0.002424 6
660 238 1273 365 0.002418 6
1023 279 1279 506 0.002349 6
463 163 582 217 0.002306 6
770 270 1279 410 0.002288 6
640 270 979 367 0.002237 6
324 414 921 469 0.002077 6
1032 433 1279 509 0.002006 6
436 407 954 479 0.002005 6
746 436 904 479 0.001853 6
649 405 1267 511 0.001833 6
743 417 940 480 0.001782 6
365 409 948 475 0.001750 6
1113 416 1279 474 0.001702 6
754 433 880 478 0.001698 6
1069 436 1279 477 0.001680 6
865 271 1279 511 0.001663 6
191 442 273 468 0.001632 6
644 416 968 484 0.001593 6
1121 417 1279 478 0.001536 6
826 135 939 159 0.001527 6
739 435 940 485 0.001519 6
647 415 1248 499 0.001508 6
13 433 357 506 0.001500 6
644 268 1165 364 0.001428 6
645 416 1146 488 0.001421 6
742 406 943 485 0.001414 6
1071 276 1279 498 0.001409 6
1086 437 1280 475 0.001409 6
658 395 1272 515 0.001407 6
464 155 582 218 0.001344 6
325 413 940 477 0.001342 6
924 220 1280 351 0.001336 6
324 404 719 478 0.001325 6
1102 434 1278 481 0.001300 6
738 420 881 475 0.001296 6
1179 162 1279 229 0.001275 6
326 411 735 471 0.001266 6
747 430 880 478 0.001266 6
695 133 945 237 0.001263 6
661 447 1274 512 0.001257 6
925 190 1279 349 0.001223 6
653 437 1269 522 0.001186 6
1003 466 1278 514 0.001155 6
1128 396 1279 471 0.001148 6
1037 291 1279 501 0.001118 6
1131 420 1278 478 0.001112 6
778 168 948 263 0.001095 6
640 268 970 360 0.001084 6
1070 411 1280 472 0.001062 6
748 404 944 481 0.001060 6
680 416 1278 510 0.001056 6
721 454 1275 512 0.001042 6
748 423 882 478 0.001027 6
34 434 329 475 0.000959 6
745 399 945 478 0.000947 6
645 176 1194 343 0.000946 6
39 433 278 475 0.000941 6
1071 153 1279 267 0.000874 6
362 249 943 481 0.000865 6
1123 381 1279 477 0.000837 6
645 177 1226 326 0.000827 6
442 160 525 217 0.000725 6
485 422 704 464 0.000724 6
654 431 1269 528 0.000666 6
733 157 948 274 0.000661 6
444 257 955 483 0.000649 6
594 260 957 414 0.000641 6
1009 421 1278 511 0.000639 6
801 151 942 218 0.000633 6
653 183 1113 334 0.000609 6
1039 394 1280 474 0.000562 6
1071 408 1274 476 0.000560 6
19 433 333 501 0.000556 6
823 132 939 162 0.000536 6
372 246 941 450 0.000535 6
624 266 955 374 0.000526 6
919 205 1279 349 0.000515 6
814 451 1079 488 0.000501 6
1090 211 1207 251 0.000492 6
446 151 678 219 0.000485 6
728 414 878 471 0.000436 6
748 440 881 480 0.000434 6
477 252 954 426 0.000433 6
749 407 943 475 0.000429 6
645 421 1266 557 0.000424 6
320 443 368 472 0.000422 6
875 416 1279 511 0.000411 6
758 407 941 485 0.000388 6
771 406 943 483 0.000388 6
315 65 628 220 0.000369 6
34 433 228 475 0.000365 6
187 437 273 469 0.000363 6
1016 468 1277 539 0.000356 6
733 414 884 473 0.000350 6
615 292 955 484 0.000349 6
1200 434 1277 482 0.000337 6
328 258 925 472 0.000335 6
763 339 946 458 0.000330 6
987 466 1278 541 0.000324 6
753 368 945 471 0.000319 6
1146 278 1279 491 0.000307 6
601 423 702 464 0.000307 6
1054 336 1268 419 0.000305 6
0 69 423 389 0.000303 6
746 415 884 474 0.000299 6
337 65 637 218 0.000298 6
753 383 945 462 0.000285 6
316 429 372 472 0.000278 6
359 244 929 464 0.000274 6
437 162 672 223 0.000269 6
644 412 1246 582 0.000262 6
578 264 950 388 0.000261 6
327 64 682 227 0.000261 6
636 180 959 370 0.000256 6
167 174 262 233 0.000255 6
426 255 926 402 0.000252 6
1062 154 1264 239 0.000252 6
1087 411 1280 502 0.000248 6
763 363 944 480 0.000246 6
460 143 526 163 0.000237 6
488 156 663 212 0.000237 6
921 190 1280 324 0.000234 6
153 170 264 232 0.000233 6
1168 373 1279 475 0.000228 6
1057 326 1267 415 0.000224 6
328 320 720 467 0.000219 6
548 150 669 218 0.000214 6
2 93 417 392 0.000211 6
385 66 626 218 0.000204 6
738 340 943 444 0.000203 6
643 398 1145 587 0.000196 6
701 334 929 416 0.000195 6
2 76 368 394 0.000193 6
805 137 942 216 0.000188 6
768 338 1025 451 0.000186 6
1058 64 1280 272 0.000185 6
1060 337 1245 415 0.000179 6
610 425 703 464 0.000177 6
641 391 1118 594 0.000177 6
485 64 946 237 0.000172 6
736 345 936 428 0.000171 6
655 442 1268 594 0.000171 6
707 336 923 419 0.000166 6
1081 148 1276 253 0.000164 6
5 65 483 384 0.000163 6
673 449 1273 543 0.000158 6
437 73 647 219 0.000156 6
939 484 1260 533 0.000156 6
573 258 943 361 0.000155 6
765 338 970 421 0.000154 6
837 407 943 481 0.000154 6
744 336 1063 452 0.000149 6
763 336 1046 422 0.000149 6
1035 341 1268 473 0.000148 6
1041 338 1208 404 0.000145 6
421 249 917 412 0.000145 6
924 317 1023 394 0.000144 6
1057 338 1271 425 0.000143 6
440 251 909 380 0.000141 6
500 64 689 223 0.000140 6
471 65 672 222 0.000139 6
1207 160 1279 232 0.000139 6
43 433 144 471 0.000139 6
0 80 339 391 0.000138 6
167 64 330 95 0.000137 6
460 143 580 208 0.000136 6
1053 335 1235 411 0.000133 6
1033 395 1259 476 0.000132 6
496 395 704 464 0.000130 6
369 157 408 185 0.000127 6
444 179 484 218 0.000125 6
53 433 144 472 0.000123 6
586 150 696 218 0.000121 6
707 332 918 379 0.000120 6
732 337 1042 411 0.000119 6
716 344 919 426 0.000111 6
763 384 905 451 0.000111 6
718 337 933 423 0.000110 6
775 374 952 469 0.000110 6
468 118 861 230 0.000109 6
740 333 1038 388 0.000106 6
331 394 846 553 0.000106 6
1047 334 1193 402 0.000104 6
336 390 934 574 0.000102 6
1136 375 1272 458 0.000102 6
747 337 940 423 0.000100 6
697 153 944 234 0.193521 7
705 153 860 236 0.101925 7
699 153 809 234 0.049109 7
702 153 819 234 0.043331 7
706 153 864 227 0.033594 7
587 183 656 216 0.017691 7
1184 225 1279 267 0.015602 7
708 153 919 226 0.014233 7
1183 171 1280 267 0.014119 7
587 184 622 213 0.012234 7
1184 189 1279 268 0.012225 7
704 152 935 228 0.011633 7
1184 213 1279 267 0.008831 7
845 176 944 249 0.005197 7
740 155 937 228 0.004820 7
1045 273 1280 353 0.003897 7
518 171 580 204 0.003322 7
587 168 658 217 0.003104 7
1181 167 1280 233 0.003076 7
543 172 579 203 0.002922 7
1137 275 1280 410 0.002642 7
1200 172 1279 238 0.002336 7
479 170 523 217 0.002271 7
292 198 391 344 0.002238 7
588 156 661 217 0.002196 7
805 176 943 202 0.001944 7
693 160 821 236 0.001712 7
292 199 387 274 0.001681 7
1047 274 1279 345 0.001673 7
664 270 768 345 0.001616 7
1182 167 1267 266 0.001582 7
1180 161 1280 230 0.001442 7
1155 274 1279 356 0.001434 7
791 175 943 208 0.001406 7
294 199 333 233 0.001399 7
738 167 870 274 0.001377 7
682 155 801 234 0.001283 7
802 153 858 223 0.001246 7
1122 274 1280 372 0.001129 7
1263 168 1279 230 0.001124 7
801 155 859 220 0.001107 7
1180 164 1279 224 0.001027 7
529 168 577 217 0.000965 7
1101 163 1198 210 0.000964 7
1223 179 1279 236 0.000960 7
710 155 808 216 0.000934 7
1263 169 1279 212 0.000930 7
548 160 659 216 0.000913 7
293 198 385 250 0.000897 7
588 149 660 217 0.000888 7
657 270 853 346 0.000872 7
1263 168 1279 239 0.000841 7
594 165 640 201 0.000837 7
703 138 860 231 0.000785 7
1101 164 1151 216 0.000766 7
775 159 944 213 0.000764 7
174 392 216 418 0.000756 7
1101 162 1214 213 0.000755 7
727 154 806 218 0.000735 7
801 173 944 215 0.000720 7
1101 164 1150 208 0.000678 7
686 176 731 235 0.000671 7
718 152 807 210 0.000650 7
1035 274 1272 350 0.000648 7
1050 273 1142 340 0.000641 7
659 271 854 355 0.000630 7
928 272 1146 339 0.000625 7
735 152 807 205 0.000623 7
1036 274 1277 418 0.000621 7
711 152 813 209 0.000617 7
479 169 519 216 0.000614 7
538 178 649 215 0.000592 7
1100 164 1150 211 0.000567 7
1179 161 1276 222 0.000521 7
734 151 808 209 0.000501 7
730 274 912 343 0.000497 7
1183 202 1279 273 0.000489 7
537 168 662 212 0.000482 7
1049 274 1252 343 0.000461 7
1198 298 1280 356 0.000440 7
1199 304 1277 358 0.000425 7
709 141 873 225 0.000424 7
454 151 541 211 0.000419 7
658 147 808 228 0.000401 7
1223 164 1280 214 0.000396 7
1213 301 1280 356 0.000395 7
733 164 803 221 0.000379 7
565 155 662 215 0.000375 7
1049 274 1170 345 0.000364 7
804 156 859 227 0.000356 7
1102 164 1175 218 0.000355 7
585 164 692 217 0.000351 7
888 439 915 486 0.000342 7
1214 304 1273 355 0.000331 7
752 275 912 345 0.000331 7
1224 178 1280 214 0.000316 7
1102 163 1217 240 0.000315 7
497 141 944 233 0.000306 7
1051 274 1152 342 0.000296 7
726 166 803 223 0.000294 7
627 257 952 353 0.000279 7
1271 191 1279 229 0.000266 7
1038 275 1146 343 0.000260 7
759 124 939 222 0.000255 7
698 165 809 225 0.000253 7
1212 296 1279 356 0.000242 7
1047 271 1279 313 0.000238 7
452 151 932 241 0.000228 7
325 430 384 472 0.000219 7
700 123 843 226 0.000218 7
747 152 811 203 0.000212 7
1160 303 1268 359 0.000208 7
696 163 792 228 0.000204 7
1020 274 1266 413 0.000198 7
796 157 858 221 0.000196 7
658 275 850 377 0.000195 7
692 126 826 227 0.000187 7
636 247 956 361 0.000187 7
494 169 583 222 0.000184 7
667 172 895 279 0.000184 7
1211 305 1260 356 0.000175 7
1222 144 1280 184 0.000168 7
1048 262 1258 339 0.000168 7
269 183 311 235 0.000165 7
845 134 945 208 0.000165 7
3 194 403 374 0.000162 7
949 275 1142 345 0.000162 7
320 426 384 473 0.000159 7
1212 314 1271 361 0.000158 7
333 430 387 472 0.000157 7
848 184 893 267 0.000151 7
739 152 809 193 0.000147 7
878 181 943 264 0.000144 7
1224 178 1274 209 0.000143 7
1214 312 1267 360 0.000140 7
739 152 806 199 0.000138 7
1137 275 1216 344 0.000138 7
474 154 891 239 0.000137 7
695 161 747 233 0.000133 7
743 152 806 216 0.000133 7
632 202 867 337 0.000130 7
1049 273 1139 335 0.000125 7
694 129 944 235 0.000123 7
713 152 820 189 0.000120 7
695 174 735 222 0.000119 7
496 176 672 221 0.000118 7
515 66 952 235 0.000117 7
694 182 734 215 0.000116 7
922 279 1039 387 0.000116 7
222 404 310 470 0.000116 7
886 438 938 459 0.000114 7
918 281 1028 386 0.000110 7
674 83 944 235 0.000107 7
1132 275 1168 342 0.000106 7
1047 279 1143 337 0.000105 7
1133 273 1229 334 0.000104 7
751 152 815 205 0.000104 7
1051 215 1167 343 0.000102 7
367 430 398 471 0.000100 7
1089 150 1103 178 0.578852 9
512 151 524 179 0.177689 9
1088 150 1103 184 0.095593 9
239 178 247 190 0.075452 9
512 151 523 184 0.060762 9
239 177 247 190 0.053942 9
512 151 525 182 0.051770 9
512 150 524 180 0.051016 9
894 155 907 177 0.049639 9
1089 150 1103 183 0.048822 9
449 157 490 170 0.041454 9
372 169 381 184 0.035883 9
372 167 381 184 0.034610 9
1013 135 1025 168 0.034014 9
1207 170 1215 186 0.032513 9
965 370 978 391 0.031098 9
366 167 374 188 0.028809 9
1215 167 1223 183 0.027520 9
1198 384 1207 414 0.026708 9
1197 384 1207 416 0.026477 9
552 172 571 200 0.025630 9
862 166 870 183 0.025079 9
1207 167 1216 186 0.024433 9
554 173 570 201 0.024288 9
1197 383 1206 409 0.022532 9
1089 149 1104 188 0.022130 9
895 152 909 177 0.022066 9
1013 134 1026 169 0.021966 9
558 183 567 195 0.021443 9
224 183 231 195 0.020012 9
879 154 894 170 0.018567 9
550 172 576 201 0.016869 9
1089 151 1105 179 0.016027 9
257 142 268 160 0.015941 9
863 165 870 183 0.015667 9
837 686 848 703 0.014958 9
879 153 895 170 0.014834 9
257 143 267 160 0.014518 9
550 172 580 203 0.014056 9
894 151 909 177 0.013485 9
959 372 979 409 0.011713 9
880 153 895 172 0.011530 9
258 143 268 160 0.011124 9
523 183 536 196 0.010564 9
963 371 980 408 0.010248 9
119 64 159 78 0.010066 9
449 158 487 171 0.009940 9
239 176 249 193 0.009811 9
372 167 381 187 0.009365 9
951 354 961 387 0.008975 9
959 371 980 417 0.008738 9
951 354 960 385 0.008462 9
814 145 823 159 0.008339 9
556 178 576 201 0.008301 9
362 167 369 189 0.008258 9
313 151 342 194 0.008175 9
553 176 580 202 0.007807 9
801 143 811 157 0.007520 9
814 144 823 156 0.007392 9
894 154 908 177 0.007168 9
965 369 979 390 0.007122 9
801 144 812 158 0.007060 9
927 151 937 169 0.007059 9
513 154 542 191 0.006719 9
516 170 546 184 0.006664 9
634 181 641 194 0.006571 9
904 67 928 120 0.006516 9
515 168 548 187 0.006497 9
1197 383 1219 416 0.006496 9
681 167 688 184 0.006431 9
172 64 202 91 0.006124 9
950 354 961 388 0.006074 9
927 149 938 169 0.005996 9
514 167 547 184 0.005963 9
1192 385 1204 401 0.005931 9
365 167 374 189 0.005909 9
961 370 980 405 0.005846 9
877 153 896 176 0.005812 9
880 153 897 176 0.005775 9
991 679 1003 700 0.005757 9
681 168 688 187 0.005652 9
1097 134 1107 165 0.005615 9
665 182 671 196 0.005513 9
991 680 1002 702 0.005475 9
1229 166 1247 181 0.005358 9
1199 384 1216 419 0.005336 9
845 151 858 166 0.005272 9
517 168 547 183 0.005108 9
695 177 704 199 0.004885 9
544 168 572 200 0.004828 9
880 154 893 175 0.004801 9
991 679 1008 703 0.004764 9
1230 167 1247 181 0.004761 9
951 345 960 384 0.004740 9
871 164 880 177 0.004719 9
448 157 490 177 0.004708 9
546 171 578 202 0.004690 9
1187 383 1208 415 0.004664 9
537 168 578 201 0.004634 9
545 167 553 186 0.004627 9
215 184 224 201 0.004594 9
1005 136 1014 172 0.004581 9
1002 135 1014 175 0.004572 9
977 368 985 391 0.004509 9
1005 135 1025 172 0.004376 9
1104 168 1120 202 0.004294 9
1021 129 1040 164 0.004290 9
1192 383 1206 402 0.004282 9
519 181 549 200 0.004230 9
1000 134 1010 176 0.004146 9
1196 382 1261 426 0.004132 9
965 359 978 384 0.004087 9
693 178 703 199 0.004024 9
168 64 202 91 0.003956 9
257 179 262 191 0.003857 9
869 152 881 176 0.003765 9
984 372 992 391 0.003764 9
867 152 884 174 0.003755 9
1089 149 1109 179 0.003696 9
694 176 704 199 0.003628 9
1013 131 1040 169 0.003619 9
1196 379 1262 426 0.003575 9
1097 135 1110 161 0.003528 9
544 167 574 202 0.003504 9
960 361 980 399 0.003485 9
1227 166 1248 181 0.003479 9
155 64 202 91 0.003461 9
223 184 231 199 0.003428 9
119 64 160 79 0.003420 9
848 180 858 197 0.003379 9
842 151 859 166 0.003368 9
223 180 234 195 0.003329 9
1207 168 1216 200 0.003120 9
1005 136 1024 172 0.003098 9
119 64 201 88 0.003032 9
1019 129 1040 164 0.003004 9
800 143 814 159 0.002959 9
312 140 340 193 0.002857 9
1099 136 1109 161 0.002833 9
1154 160 1167 184 0.002816 9
992 358 1008 386 0.002795 9
997 134 1009 174 0.002734 9
1047 157 1056 178 0.002723 9
809 168 815 180 0.002695 9
118 64 186 79 0.002657 9
119 64 200 86 0.002593 9
544 165 579 204 0.002586 9
632 172 639 194 0.002558 9
1005 136 1020 172 0.002533 9
993 137 1001 168 0.002496 9
995 131 1010 173 0.002470 9
1196 382 1235 425 0.002469 9
871 688 882 703 0.002455 9
312 82 369 198 0.002441 9
1198 382 1211 427 0.002426 9
993 133 1002 170 0.002416 9
1048 157 1056 174 0.002415 9
817 151 859 182 0.002406 9
624 166 632 175 0.002398 9
969 176 976 187 0.002392 9
119 64 190 81 0.002367 9
878 688 888 703 0.002359 9
167 64 177 76 0.002305 9
361 167 370 190 0.002302 9
1088 146 1103 178 0.002298 9
463 169 472 183 0.002286 9
865 152 875 171 0.002256 9
855 162 870 184 0.002243 9
247 176 257 192 0.002239 9
521 182 537 199 0.002238 9
974 189 981 200 0.002231 9
244 176 257 192 0.002226 9
993 134 1002 171 0.002207 9
312 68 368 197 0.002206 9
448 154 490 170 0.002201 9
690 168 697 182 0.002171 9
961 340 968 352 0.002140 9
1176 377 1205 413 0.002138 9
1154 158 1168 184 0.002131 9
111 151 128 164 0.002118 9
801 144 813 159 0.002114 9
1198 382 1219 415 0.002081 9
637 160 644 170 0.002061 9
1022 128 1040 164 0.002056 9
681 168 689 198 0.002047 9
1181 385 1198 412 0.002042 9
119 64 179 77 0.002040 9
1189 165 1201 187 0.002039 9
1089 144 1110 179 0.002029 9
693 177 700 197 0.002017 9
996 134 1009 174 0.002011 9
926 148 944 179 0.002011 9
995 133 1010 174 0.001974 9
312 140 356 199 0.001974 9
1088 136 1105 178 0.001953 9
991 352 1008 388 0.001939 9
833 686 848 703 0.001938 9
993 133 1011 173 0.001937 9
312 149 354 199 0.001912 9
1204 409 1216 424 0.001897 9
1198 382 1230 419 0.001897 9
847 168 858 187 0.001878 9
522 183 538 198 0.001849 9
698 131 705 152 0.001846 9
512 151 544 185 0.001837 9
1189 167 1201 186 0.001822 9
619 154 632 171 0.001810 9
992 360 1004 386 0.001792 9
220 176 248 195 0.001751 9
870 666 880 691 0.001734 9
856 167 870 184 0.001712 9
119 64 202 91 0.001701 9
949 346 963 390 0.001694 9
240 165 248 186 0.001692 9
1181 380 1192 393 0.001669 9
1220 402 1232 424 0.001664 9
927 147 944 171 0.001652 9
94 155 103 176 0.001636 9
485 173 496 185 0.001623 9
586 171 593 185 0.001619 9
446 157 490 182 0.001619 9
1014 334 1023 345 0.001593 9
1176 381 1185 392 0.001593 9
686 170 693 185 0.001592 9
565 179 582 202 0.001567 9
446 149 579 216 0.001530 9
159 64 182 84 0.001526 9
993 133 1005 171 0.001526 9
614 151 637 172 0.001525 9
871 664 880 690 0.001521 9
837 686 856 703 0.001482 9
1183 345 1195 393 0.001482 9
615 151 635 170 0.001462 9
223 177 241 195 0.001448 9
312 99 361 198 0.001435 9
809 157 858 180 0.001433 9
839 151 858 164 0.001430 9
164 64 184 75 0.001415 9
572 161 581 178 0.001412 9
1088 186 1096 206 0.001406 9
1166 379 1208 409 0.001402 9
310 94 386 198 0.001385 9
95 152 105 176 0.001383 9
1180 386 1201 417 0.001370 9
951 344 959 360 0.001366 9
1211 167 1225 205 0.001349 9
159 64 182 91 0.001332 9
111 151 128 165 0.001325 9
665 170 671 193 0.001315 9
569 160 580 179 0.001308 9
1104 678 1121 703 0.001303 9
1076 148 1103 186 0.001303 9
374 184 385 200 0.001300 9
951 345 979 403 0.001297 9
1224 164 1233 181 0.001250 9
864 151 881 170 0.001240 9
946 342 992 388 0.001234 9
1097 127 1105 153 0.001233 9
125 64 183 86 0.001229 9
483 150 524 197 0.001229 9
981 353 995 390 0.001229 9
311 94 368 198 0.001226 9
1103 167 1121 203 0.001226 9
665 183 671 203 0.001226 9
975 327 985 344 0.001216 9
1225 161 1248 181 0.001184 9
983 352 1008 389 0.001183 9
865 672 873 684 0.001175 9
1190 368 1264 426 0.001175 9
698 133 704 152 0.001155 9
809 160 859 190 0.001152 9
638 167 654 190 0.001152 9
587 168 593 184 0.001152 9
841 118 867 136 0.001150 9
840 119 860 135 0.001143 9
944 343 992 393 0.001124 9
159 64 173 75 0.001100 9
372 153 381 185 0.001092 9
1183 345 1194 386 0.001083 9
1015 142 1030 169 0.001078 9
1012 135 1026 177 0.001069 9
1200 372 1262 427 0.001067 9
580 64 596 92 0.001062 9
1183 347 1212 411 0.001060 9
1199 374 1228 420 0.001058 9
1039 671 1048 679 0.001051 9
838 119 856 135 0.001051 9
1050 119 1058 133 0.001029 9
990 359 1006 389 0.001019 9
943 168 960 185 0.001005 9
637 168 658 203 0.001002 9
254 177 262 191 0.000998 9
1056 375 1065 390 0.000992 9
845 118 865 136 0.000990 9
994 133 1014 175 0.000982 9
315 181 340 196 0.000972 9
862 672 873 690 0.000969 9
801 131 816 158 0.000963 9
993 357 1009 390 0.000963 9
118 64 162 78 0.000959 9
1050 117 1059 139 0.000942 9
1041 156 1057 184 0.000940 9
568 161 580 179 0.000940 9
1023 141 1040 163 0.000939 9
977 158 986 169 0.000930 9
486 153 579 208 0.000927 9
1195 365 1263 427 0.000920 9
240 181 256 219 0.000919 9
312 105 367 196 0.000916 9
1213 373 1223 386 0.000912 9
1203 387 1260 426 0.000904 9
473 150 524 179 0.000904 9
1168 381 1201 411 0.000904 9
799 135 813 156 0.000900 9
511 173 527 202 0.000892 9
738 202 744 213 0.000882 9
1183 352 1220 420 0.000876 9
1207 158 1223 188 0.000870 9
463 251 478 304 0.000868 9
1109 157 1118 168 0.000864 9
975 170 984 187 0.000854 9
1201 385 1259 427 0.000850 9
221 177 245 195 0.000847 9
902 65 928 120 0.000839 9
1185 166 1216 191 0.000836 9
1167 381 1180 392 0.000835 9
448 158 488 175 0.000833 9
475 144 525 181 0.000824 9
1088 151 1104 205 0.000822 9
942 343 956 386 0.000821 9
1103 679 1120 703 0.000818 9
1055 376 1065 391 0.000818 9
638 168 656 202 0.000817 9
1045 157 1057 184 0.000814 9
614 152 633 168 0.000806 9
621 155 643 172 0.000800 9
959 664 967 680 0.000796 9
448 156 492 205 0.000794 9
1105 679 1120 702 0.000771 9
926 146 944 184 0.000769 9
1018 127 1041 168 0.000764 9
701 118 717 128 0.000755 9
332 183 343 198 0.000755 9
560 175 582 202 0.000747 9
256 129 268 160 0.000746 9
837 121 848 136 0.000746 9
120 64 190 91 0.000743 9
1134 164 1154 185 0.000740 9
977 690 988 703 0.000740 9
977 168 992 186 0.000739 9
933 342 1004 394 0.000732 9
1078 148 1103 185 0.000731 9
1040 169 1049 185 0.000730 9
1179 343 1268 423 0.000730 9
1111 148 1121 166 0.000728 9
810 159 858 180 0.000724 9
827 135 861 166 0.000724 9
842 150 868 172 0.000716 9
905 128 912 136 0.000715 9
256 143 268 175 0.000713 9
830 137 889 169 0.000707 9
580 64 597 92 0.000703 9
95 184 101 200 0.000701 9
183 197 192 207 0.000696 9
999 127 1007 135 0.000689 9
867 671 875 691 0.000686 9
587 166 603 185 0.000684 9
839 119 862 136 0.000684 9
693 122 706 153 0.000680 9
1078 129 1108 178 0.000679 9
701 117 720 129 0.000678 9
1051 110 1083 146 0.000678 9
1056 680 1065 703 0.000675 9
812 151 859 178 0.000670 9
870 687 883 703 0.000666 9
1041 157 1056 173 0.000651 9
809 168 816 189 0.000651 9
975 160 991 187 0.000644 9
623 263 640 284 0.000643 9
464 253 478 304 0.000637 9
1182 166 1219 201 0.000637 9
256 86 262 98 0.000634 9
663 168 682 214 0.000623 9
942 343 954 387 0.000623 9
1105 164 1149 185 0.000622 9
352 162 364 191 0.000621 9
928 70 944 120 0.000615 9
1058 679 1072 703 0.000613 9
312 153 343 198 0.000612 9
1186 161 1202 188 0.000606 9
223 168 231 176 0.000601 9
957 343 969 368 0.000601 9
111 204 121 227 0.000599 9
960 352 995 392 0.000593 9
664 153 671 173 0.000590 9
809 378 814 391 0.000588 9
614 155 627 169 0.000587 9
625 159 641 194 0.000586 9
847 167 871 210 0.000585 9
68 170 80 200 0.000579 9
837 686 857 703 0.000578 9
1161 379 1205 408 0.000574 9
1089 153 1105 203 0.000573 9
640 168 657 184 0.000571 9
858 163 936 187 0.000566 9
943 344 953 389 0.000564 9
445 156 492 218 0.000563 9
1187 356 1210 390 0.000558 9
836 680 848 703 0.000558 9
946 342 987 393 0.000555 9
850 136 939 157 0.000553 9
478 149 524 176 0.000552 9
1012 360 1023 397 0.000552 9
211 166 218 176 0.000550 9
1089 182 1104 203 0.000549 9
343 170 353 199 0.000548 9
861 112 869 119 0.000546 9
1183 347 1211 399 0.000537 9
847 136 938 154 0.000534 9
1016 129 1040 168 0.000534 9
825 135 921 169 0.000527 9
1056 153 1064 168 0.000527 9
703 168 711 179 0.000524 9
1039 683 1054 697 0.000519 9
1211 346 1265 428 0.000518 9
432 171 446 193 0.000516 9
1091 374 1104 403 0.000513 9
1071 133 1102 208 0.000513 9
813 135 825 158 0.000508 9
661 170 690 215 0.000507 9
802 145 852 190 0.000506 9
685 168 702 199 0.000502 9
1101 164 1150 197 0.000501 9
959 664 968 680 0.000500 9
807 157 858 197 0.000498 9
1019 683 1040 703 0.000496 9
960 336 969 344 0.000496 9
68 169 80 177 0.000494 9
1046 151 1056 166 0.000493 9
338 166 352 198 0.000493 9
1100 135 1122 166 0.000490 9
1056 678 1065 701 0.000489 9
1182 353 1228 418 0.000488 9
664 167 671 175 0.000487 9
1102 164 1149 186 0.000484 9
1149 341 1187 389 0.000482 9
1056 671 1064 686 0.000480 9
1055 152 1064 163 0.000479 9
1095 120 1136 171 0.000477 9
926 341 1016 392 0.000475 9
1223 387 1258 427 0.000469 9
844 136 938 171 0.000469 9
898 136 938 155 0.000468 9
827 135 861 152 0.000463 9
1138 342 1194 385 0.000463 9
305 76 359 198 0.000462 9
883 135 939 179 0.000462 9
832 372 847 393 0.000462 9
255 112 263 128 0.000461 9
804 125 821 157 0.000461 9
1085 139 1126 183 0.000459 9
1090 371 1105 403 0.000458 9
446 146 525 174 0.000457 9
875 687 889 703 0.000455 9
111 138 128 165 0.000455 9
493 169 516 198 0.000455 9
1074 135 1103 183 0.000453 9
802 144 813 159 0.000448 9
545 265 559 281 0.000448 9
1255 629 1264 648 0.000448 9
854 136 938 153 0.000444 9
992 129 1022 173 0.000441 9
850 113 870 136 0.000440 9
1008 354 1024 395 0.000436 9
915 152 928 170 0.000434 9
169 64 232 91 0.000433 9
1211 165 1231 202 0.000432 9
1207 157 1228 184 0.000431 9
1071 141 1100 206 0.000431 9
1186 376 1266 425 0.000428 9
68 171 80 199 0.000424 9
1174 375 1262 424 0.000423 9
1022 683 1040 703 0.000422 9
827 135 866 152 0.000421 9
596 64 624 93 0.000416 9
976 165 992 186 0.000415 9
407 180 418 203 0.000414 9
903 149 929 178 0.000414 9
1262 371 1279 409 0.000414 9
1123 143 1136 152 0.000412 9
827 135 860 159 0.000411 9
962 664 976 680 0.000410 9
898 439 912 456 0.000409 9
990 351 1008 383 0.000408 9
984 680 1040 703 0.000407 9
415 176 421 203 0.000406 9
512 145 525 181 0.000403 9
1153 379 1211 423 0.000400 9
806 154 855 179 0.000396 9
1039 674 1053 697 0.000396 9
692 168 706 181 0.000395 9
1050 112 1077 147 0.000393 9
695 123 709 178 0.000390 9
855 283 863 295 0.000389 9
321 151 356 198 0.000389 9
830 151 849 164 0.000385 9
991 132 1009 177 0.000379 9
432 170 446 195 0.000377 9
1081 172 1092 184 0.000377 9
1261 370 1279 425 0.000376 9
1139 381 1205 410 0.000374 9
1217 352 1262 427 0.000374 9
971 343 995 393 0.000373 9
1191 355 1209 385 0.000371 9
807 158 857 194 0.000371 9
1148 340 1268 423 0.000371 9
212 164 225 177 0.000370 9
111 135 128 164 0.000369 9
310 121 387 197 0.000368 9
782 115 833 156 0.000368 9
697 152 706 174 0.000366 9
664 324 676 348 0.000366 9
352 164 365 191 0.000365 9
688 119 704 159 0.000364 9
373 151 382 179 0.000363 9
762 266 848 344 0.000363 9
580 64 624 94 0.000362 9
446 146 526 171 0.000357 9
1089 374 1104 405 0.000356 9
317 91 332 157 0.000354 9
1096 124 1115 165 0.000354 9
821 416 846 441 0.000353 9
906 74 928 120 0.000353 9
1168 371 1197 393 0.000352 9
1074 378 1088 402 0.000350 9
1064 121 1129 185 0.000350 9
1039 682 1055 698 0.000350 9
893 439 907 456 0.000349 9
824 135 925 172 0.000349 9
960 134 978 161 0.000348 9
1184 153 1224 193 0.000347 9
1057 678 1072 703 0.000346 9
1165 372 1184 393 0.000344 9
480 176 496 201 0.000342 9
700 152 711 178 0.000342 9
414 174 422 203 0.000341 9
448 153 491 171 0.000340 9
168 64 255 91 0.000339 9
735 424 752 456 0.000338 9
831 135 939 154 0.000337 9
977 692 1003 703 0.000336 9
248 163 256 175 0.000336 9
1017 684 1040 703 0.000333 9
1215 401 1225 426 0.000333 9
1247 358 1262 376 0.000330 9
693 121 714 181 0.000328 9
854 166 877 208 0.000328 9
543 159 581 188 0.000326 9
960 134 981 164 0.000326 9
1158 366 1174 390 0.000326 9
69 173 80 199 0.000324 9
1072 387 1079 405 0.000323 9
309 90 334 170 0.000321 9
1136 344 1187 360 0.000321 9
938 348 1014 398 0.000321 9
1183 159 1202 188 0.000319 9
788 138 813 156 0.000319 9
636 168 659 203 0.000318 9
903 136 938 175 0.000317 9
512 148 544 185 0.000316 9
592 64 641 105 0.000316 9
989 357 1024 403 0.000316 9
1226 385 1262 426 0.000315 9
312 124 360 198 0.000312 9
989 121 1004 171 0.000309 9
577 293 593 321 0.000308 9
689 119 704 163 0.000307 9
57 126 64 144 0.000303 9
1132 164 1154 185 0.000302 9
847 264 864 338 0.000302 9
574 273 607 337 0.000302 9
1073 684 1089 702 0.000301 9
471 163 514 208 0.000300 9
1089 265 1097 270 0.000300 9
1143 160 1172 185 0.000300 9
700 116 720 157 0.000299 9
1042 152 1064 191 0.000297 9
1220 408 1232 425 0.000296 9
1133 338 1193 392 0.000296 9
575 130 581 150 0.000295 9
1152 344 1196 392 0.000295 9
855 682 864 695 0.000295 9
351 148 384 190 0.000294 9
350 165 367 199 0.000293 9
468 145 580 209 0.000290 9
959 135 976 161 0.000288 9
1035 154 1064 202 0.000288 9
940 167 960 184 0.000288 9
5 392 32 422 0.000287 9
1111 140 1136 163 0.000286 9
257 142 273 175 0.000284 9
970 138 990 168 0.000283 9
977 155 992 171 0.000282 9
585 120 601 164 0.000281 9
636 180 646 200 0.000280 9
1262 406 1276 423 0.000280 9
855 678 865 695 0.000280 9
1073 149 1080 165 0.000279 9
453 182 469 210 0.000278 9
920 683 929 703 0.000278 9
1135 342 1192 380 0.000277 9
1105 134 1137 167 0.000275 9
1141 344 1186 360 0.000275 9
254 95 269 128 0.000275 9
576 277 598 347 0.000274 9
939 332 1004 390 0.000273 9
1055 117 1106 199 0.000272 9
1246 349 1264 402 0.000272 9
1087 375 1102 402 0.000272 9
586 125 600 163 0.000272 9
1165 343 1198 399 0.000271 9
45 321 57 344 0.000270 9
1146 159 1199 185 0.000269 9
1116 142 1136 164 0.000269 9
826 135 838 153 0.000268 9
1039 157 1057 180 0.000267 9
1087 649 1103 702 0.000266 9
927 139 945 169 0.000266 9
1039 680 1055 697 0.000265 9
1214 366 1225 379 0.000264 9
1202 159 1237 182 0.000264 9
209 182 223 202 0.000264 9
981 142 993 165 0.000264 9
600 152 640 199 0.000262 9
408 176 418 198 0.000262 9
1071 380 1086 403 0.000262 9
624 64 637 73 0.000262 9
585 119 599 162 0.000260 9
294 199 321 233 0.000260 9
603 150 621 168 0.000260 9
260 165 272 179 0.000259 9
1148 155 1201 186 0.000259 9
650 151 671 175 0.000258 9
649 156 656 174 0.000258 9
1133 342 1196 411 0.000257 9
214 161 225 176 0.000257 9
304 89 356 201 0.000256 9
933 328 944 344 0.000255 9
119 64 172 91 0.000254 9
1071 683 1089 703 0.000254 9
866 136 937 153 0.000252 9
309 110 324 159 0.000252 9
587 173 603 185 0.000251 9
908 153 923 179 0.000250 9
648 169 665 204 0.000249 9
1118 684 1128 703 0.000248 9
990 353 1024 398 0.000247 9
626 150 656 173 0.000246 9
1050 109 1076 139 0.000244 9
1059 120 1138 185 0.000244 9
1072 149 1105 209 0.000244 9
348 147 378 191 0.000242 9
399 184 408 202 0.000241 9
712 599 720 611 0.000241 9
958 159 993 189 0.000240 9
959 131 995 164 0.000238 9
981 678 1007 703 0.000238 9
973 169 988 203 0.000238 9
701 121 719 154 0.000237 9
767 89 784 138 0.000237 9
823 135 942 173 0.000236 9
688 118 714 152 0.000236 9
784 112 835 153 0.000236 9
1095 117 1137 169 0.000235 9
594 160 640 201 0.000234 9
1052 391 1065 417 0.000234 9
927 67 944 120 0.000233 9
847 277 864 338 0.000232 9
1124 373 1136 390 0.000232 9
662 300 680 350 0.000230 9
664 317 680 347 0.000230 9
575 273 607 348 0.000228 9
658 149 671 174 0.000228 9
308 108 324 161 0.000228 9
1072 148 1083 170 0.000228 9
45 325 57 344 0.000228 9
824 135 853 161 0.000227 9
1061 668 1071 681 0.000226 9
606 157 614 169 0.000226 9
209 123 267 239 0.000224 9
960 663 976 680 0.000223 9
688 119 706 174 0.000223 9
784 114 838 161 0.000222 9
170 147 178 165 0.000219 9
912 147 939 182 0.000218 9
212 175 240 201 0.000218 9
1210 153 1223 163 0.000217 9
1055 390 1064 403 0.000216 9
1081 358 1123 405 0.000215 9
903 136 938 153 0.000215 9
664 167 684 203 0.000214 9
959 134 981 167 0.000214 9
432 170 447 182 0.000213 9
808 541 816 560 0.000212 9
586 120 599 151 0.000212 9
922 144 963 187 0.000211 9
1205 151 1226 187 0.000210 9
999 145 1009 193 0.000210 9
1034 371 1048 389 0.000210 9
593 64 638 106 0.000209 9
593 64 637 93 0.000209 9
1005 682 1040 703 0.000208 9
826 416 847 444 0.000208 9
1030 670 1041 686 0.000208 9
829 416 846 439 0.000207 9
238 161 254 181 0.000205 9
824 677 832 687 0.000204 9
1188 351 1265 424 0.000204 9
1088 651 1104 701 0.000204 9
603 164 626 185 0.000204 9
782 116 830 136 0.000203 9
1103 363 1121 395 0.000203 9
1037 661 1057 699 0.000202 9
927 327 1016 391 0.000202 9
308 109 328 164 0.000201 9
831 374 844 393 0.000201 9
95 162 110 177 0.000201 9
766 71 785 140 0.000200 9
959 157 991 171 0.000200 9
1073 120 1108 174 0.000199 9
1142 342 1206 388 0.000198 9
701 125 717 160 0.000198 9
576 280 595 325 0.000198 9
1056 680 1073 703 0.000198 9
1130 157 1173 185 0.000197 9
1013 130 1027 169 0.000197 9
807 147 858 170 0.000196 9
1150 160 1184 187 0.000196 9
374 165 404 185 0.000196 9
246 161 256 175 0.000194 9
782 114 834 139 0.000194 9
372 162 408 185 0.000194 9
1098 146 1139 183 0.000193 9
704 123 720 155 0.000193 9
1231 388 1261 427 0.000192 9
980 139 993 162 0.000191 9
1073 380 1089 408 0.000190 9
573 128 581 163 0.000190 9
651 159 665 175 0.000190 9
576 80 585 103 0.000189 9
969 119 985 131 0.000188 9
583 120 600 163 0.000187 9
312 64 336 164 0.000187 9
697 171 711 189 0.000187 9
925 168 961 185 0.000186 9
1073 132 1101 176 0.000186 9
1059 129 1104 191 0.000186 9
861 676 872 696 0.000185 9
1130 137 1145 159 0.000184 9
1211 345 1280 431 0.000184 9
209 112 295 244 0.000183 9
545 266 560 281 0.000183 9
850 136 940 173 0.000183 9
922 140 961 181 0.000182 9
1054 124 1114 219 0.000181 9
759 534 769 564 0.000180 9
970 177 979 191 0.000179 9
1079 356 1115 405 0.000179 9
309 97 331 171 0.000178 9
663 313 681 348 0.000178 9
1023 158 1040 170 0.000178 9
256 67 268 99 0.000177 9
17 157 25 178 0.000176 9
822 377 831 393 0.000175 9
11 391 32 407 0.000173 9
1197 147 1208 190 0.000172 9
919 687 929 703 0.000171 9
680 129 691 160 0.000171 9
988 679 1029 703 0.000170 9
1118 683 1130 703 0.000170 9
1088 145 1120 188 0.000170 9
452 180 482 211 0.000170 9
1003 683 1040 703 0.000169 9
16 157 26 183 0.000169 9
1142 374 1155 393 0.000168 9
95 151 112 176 0.000168 9
1032 148 1057 170 0.000168 9
574 64 596 99 0.000168 9
1055 679 1071 703 0.000167 9
1071 674 1090 702 0.000167 9
416 171 444 204 0.000166 9
1136 358 1177 382 0.000166 9
592 161 602 173 0.000165 9
222 180 240 199 0.000164 9
575 81 583 97 0.000164 9
1075 123 1140 203 0.000164 9
927 343 945 383 0.000164 9
160 65 179 93 0.000164 9
930 327 944 344 0.000164 9
1138 377 1212 409 0.000161 9
1089 678 1104 703 0.000161 9
1151 153 1203 187 0.000161 9
1181 380 1216 427 0.000161 9
403 182 418 205 0.000160 9
587 129 600 164 0.000160 9
776 511 785 524 0.000160 9
684 119 709 179 0.000159 9
801 145 814 200 0.000159 9
312 95 361 165 0.000159 9
574 124 581 154 0.000159 9
1015 337 1024 351 0.000158 9
1176 615 1182 622 0.000157 9
807 364 815 392 0.000157 9
826 135 946 153 0.000157 9
447 512 456 528 0.000157 9
990 116 999 131 0.000157 9
1035 368 1054 395 0.000157 9
1145 373 1270 425 0.000156 9
596 146 628 168 0.000155 9
565 143 581 176 0.000154 9
837 115 871 137 0.000154 9
883 117 922 142 0.000153 9
1070 677 1089 701 0.000153 9
1178 404 1197 426 0.000151 9
535 630 552 670 0.000151 9
762 239 847 340 0.000150 9
583 123 601 164 0.000150 9
799 536 807 543 0.000150 9
255 75 272 128 0.000149 9
1146 363 1194 407 0.000149 9
575 64 596 95 0.000149 9
49 184 64 206 0.000149 9
870 655 880 690 0.000147 9
1006 156 1059 186 0.000147 9
511 152 555 184 0.000147 9
783 113 847 150 0.000146 9
586 162 636 192 0.000146 9
535 631 547 644 0.000146 9
416 174 426 204 0.000146 9
588 64 624 92 0.000146 9
1150 100 1169 135 0.000146 9
1141 133 1201 191 0.000145 9
360 148 371 166 0.000143 9
1037 108 1118 235 0.000143 9
368 164 406 186 0.000142 9
818 680 839 703 0.000142 9
443 158 497 219 0.000142 9
1086 634 1104 702 0.000142 9
256 162 267 181 0.000142 9
575 80 584 106 0.000141 9
635 147 658 173 0.000140 9
1106 161 1139 185 0.000140 9
1006 614 1028 650 0.000140 9
0 511 49 566 0.000140 9
350 152 371 195 0.000140 9
1227 166 1247 198 0.000139 9
783 121 808 138 0.000139 9
960 121 998 164 0.000138 9
701 117 718 128 0.000138 9
924 171 947 191 0.000138 9
359 148 375 175 0.000138 9
383 149 401 161 0.000137 9
1032 339 1041 358 0.000137 9
826 135 923 152 0.000136 9
647 147 671 175 0.000136 9
887 691 896 703 0.000136 9
1018 169 1032 186 0.000136 9
936 582 944 599 0.000136 9
257 128 272 161 0.000135 9
208 66 226 87 0.000135 9
66 168 81 181 0.000135 9
783 138 814 155 0.000135 9
763 133 813 155 0.000134 9
479 332 496 356 0.000134 9
654 508 665 542 0.000134 9
799 537 808 556 0.000134 9
578 64 598 105 0.000134 9
1087 673 1102 703 0.000133 9
255 88 272 128 0.000133 9
925 330 1003 388 0.000133 9
960 158 985 169 0.000133 9
801 153 813 198 0.000133 9
1127 377 1135 390 0.000133 9
1031 366 1059 397 0.000132 9
1015 158 1045 185 0.000132 9
968 71 976 89 0.000132 9
1084 373 1105 405 0.000132 9
622 104 640 121 0.000132 9
596 136 625 169 0.000131 9
1150 96 1204 136 0.000131 9
1020 677 1040 703 0.000131 9
846 267 864 338 0.000130 9
219 165 247 187 0.000130 9
682 170 704 215 0.000129 9
686 118 705 149 0.000128 9
766 133 806 154 0.000128 9
119 64 160 89 0.000128 9
313 64 356 168 0.000128 9
770 127 818 155 0.000128 9
312 64 339 153 0.000127 9
548 613 560 662 0.000127 9
765 69 785 141 0.000127 9
970 122 983 136 0.000127 9
688 149 707 180 0.000126 9
1184 354 1230 410 0.000126 9
679 148 690 187 0.000126 9
838 264 916 342 0.000126 9
579 64 599 112 0.000126 9
766 99 785 153 0.000126 9
1104 358 1121 395 0.000125 9
983 667 993 681 0.000124 9
1033 368 1057 392 0.000124 9
760 133 823 155 0.000124 9
543 159 577 174 0.000124 9
559 138 581 164 0.000124 9
596 135 606 146 0.000124 9
750 544 760 569 0.000124 9
1154 95 1202 137 0.000123 9
258 139 319 160 0.000123 9
567 137 581 174 0.000123 9
680 143 690 163 0.000123 9
948 167 984 187 0.000122 9
1135 381 1219 424 0.000122 9
1037 105 1109 227 0.000122 9
1118 345 1132 362 0.000122 9
1002 159 1061 200 0.000122 9
829 414 847 442 0.000122 9
1237 637 1249 665 0.000121 9
937 161 994 188 0.000121 9
259 170 271 192 0.000120 9
922 340 1004 389 0.000120 9
1148 631 1168 681 0.000119 9
832 679 846 703 0.000119 9
315 111 370 200 0.000119 9
767 134 798 154 0.000119 9
680 122 691 161 0.000119 9
17 166 26 184 0.000119 9
855 110 870 131 0.000118 9
1028 673 1040 703 0.000118 9
63 152 78 167 0.000117 9
1101 133 1139 165 0.000116 9
261 179 272 197 0.000116 9
596 139 609 161 0.000116 9
1236 638 1249 667 0.000115 9
945 327 982 344 0.000115 9
208 146 267 223 0.000115 9
763 244 854 338 0.000114 9
567 534 575 552 0.000114 9
1150 585 1168 632 0.000114 9
585 118 598 133 0.000113 9
1088 253 1103 270 0.000113 9
1035 369 1067 420 0.000113 9
953 328 978 344 0.000111 9
380 148 401 162 0.000111 9
1040 682 1055 701 0.000111 9
1086 355 1116 404 0.000110 9
1073 133 1099 169 0.000110 9
815 377 827 392 0.000110 9
1042 644 1057 697 0.000110 9
207 601 216 615 0.000109 9
894 117 906 136 0.000109 9
1060 393 1072 424 0.000108 9
446 142 496 172 0.000108 9
254 95 272 128 0.000108 9
575 276 597 349 0.000108 9
1101 159 1160 187 0.000108 9
741 363 751 375 0.000108 9
67 169 80 200 0.000107 9
874 118 916 141 0.000107 9
997 117 1007 135 0.000107 9
535 626 558 669 0.000107 9
1000 182 1009 203 0.000107 9
170 145 178 157 0.000107 9
1143 137 1203 188 0.000107 9
648 173 672 204 0.000106 9
728 343 758 375 0.000106 9
702 124 720 157 0.000106 9
112 202 121 224 0.000105 9
1204 127 1233 185 0.000105 9
946 335 986 384 0.000105 9
1183 148 1214 189 0.000104 9
966 71 976 90 0.000104 9
1079 351 1124 404 0.000103 9
228 130 241 145 0.000103 9
578 125 603 175 0.000102 9
814 689 839 703 0.000101 9
1121 160 1198 221 0.000101 9
1055 663 1069 691 0.000101 9
844 678 857 702 0.000101 9
1140 389 1195 409 0.000101 9
325 97 339 123 0.000100 9
1050 109 1083 146 0.013778 11
516 191 527 202 0.006406 11
1180 191 1199 217 0.005309 11
1180 189 1201 217 0.004083 11
1180 183 1201 216 0.003557 11
1179 170 1202 217 0.003204 11
1055 113 1068 144 0.001244 11
