891 193 926 266 0.509649 0
806 192 845 265 0.505548 0
992 189 1022 255 0.411996 0
1039 199 1065 252 0.402748 0
998 190 1023 252 0.395368 0
995 190 1022 252 0.305152 0
999 196 1022 250 0.294771 0
996 190 1021 252 0.272137 0
1040 199 1064 251 0.255482 0
891 194 921 265 0.254470 0
1134 198 1155 245 0.231065 0
1042 199 1065 253 0.203634 0
807 192 852 266 0.187259 0
892 193 914 265 0.181689 0
999 192 1022 249 0.151237 0
1040 199 1068 253 0.128874 0
453 203 481 312 0.118347 0
891 193 912 264 0.116324 0
998 199 1018 252 0.110062 0
955 368 981 427 0.098133 0
807 192 841 261 0.076723 0
845 190 856 230 0.074541 0
1134 193 1160 247 0.073973 0
455 204 480 299 0.068564 0
1134 194 1155 245 0.067106 0
1001 198 1025 252 0.066766 0
842 189 857 229 0.065258 0
844 186 858 234 0.064180 0
843 189 857 237 0.062946 0
1003 198 1024 243 0.050239 0
842 187 858 236 0.048325 0
832 190 857 257 0.044820 0
1135 206 1153 244 0.044022 0
1042 207 1066 251 0.042403 0
834 192 856 230 0.042239 0
958 369 980 426 0.040499 0
844 185 857 228 0.037579 0
835 193 849 218 0.036840 0
831 190 856 263 0.036761 0
1129 206 1154 248 0.036200 0
806 192 837 261 0.036124 0
806 195 840 261 0.035848 0
1134 195 1159 250 0.035374 0
457 207 480 304 0.034606 0
825 190 855 267 0.032451 0
834 193 855 226 0.032014 0
456 211 480 307 0.030831 0
836 194 848 218 0.030771 0
844 186 865 238 0.030494 0
451 202 481 310 0.028342 0
844 185 865 233 0.028026 0
787 198 795 213 0.027048 0
839 190 859 265 0.026412 0
230 202 244 224 0.026301 0
993 191 1020 245 0.025704 0
957 371 980 423 0.025638 0
988 199 1017 255 0.024503 0
1039 198 1071 253 0.024332 0
1040 200 1054 243 0.024105 0
978 189 1022 255 0.023474 0
458 221 480 311 0.022326 0
751 462 761 472 0.021247 0
832 194 848 218 0.021156 0
1135 189 1155 238 0.021124 0
896 193 911 225 0.020890 0
892 198 927 266 0.020569 0
831 193 852 231 0.020504 0
835 186 871 273 0.020427 0
953 369 981 453 0.020118 0
1113 194 1120 203 0.019543 0
807 208 844 266 0.019179 0
999 382 1024 422 0.018621 0
820 193 849 265 0.018590 0
1003 198 1024 235 0.017916 0
998 193 1018 247 0.017878 0
895 195 912 254 0.017675 0
816 201 849 266 0.017007 0
832 195 849 219 0.016996 0
1044 198 1066 249 0.016527 0
1135 192 1159 243 0.016444 0
824 197 852 266 0.016247 0
231 202 244 232 0.016228 0
956 367 984 426 0.016065 0
831 193 850 220 0.015951 0
1134 190 1156 231 0.015643 0
787 198 796 213 0.015029 0
691 209 703 238 0.014874 0
807 193 838 254 0.014864 0
843 187 866 245 0.014773 0
692 208 702 238 0.014648 0
231 201 243 219 0.014629 0
991 190 1017 248 0.014607 0
231 202 244 234 0.014427 0
716 211 728 234 0.014267 0
692 208 702 236 0.014203 0
231 203 243 219 0.013938 0
817 215 849 265 0.013822 0
998 380 1022 423 0.013718 0
862 423 885 456 0.013678 0
1039 199 1052 223 0.013354 0
877 192 927 272 0.013038 0
1045 200 1077 252 0.012921 0
953 368 988 428 0.012691 0
896 193 911 224 0.012009 0
998 190 1023 229 0.012008 0
806 192 833 241 0.011958 0
837 193 864 275 0.011875 0
846 183 857 209 0.011697 0
862 424 887 456 0.011580 0
717 214 728 234 0.011502 0
1112 194 1121 207 0.011386 0
511 195 518 210 0.011007 0
750 455 765 472 0.010888 0
999 381 1024 420 0.010823 0
750 458 768 472 0.010455 0
841 191 879 274 0.009648 0
980 191 1023 258 0.009534 0
966 372 978 388 0.009458 0
998 381 1024 425 0.009235 0
640 688 671 703 0.009224 0
1015 455 1024 466 0.008999 0
1013 442 1025 468 0.008948 0
1136 446 1143 457 0.008843 0
913 472 928 487 0.008670 0
818 222 848 266 0.008608 0
915 472 928 484 0.008546 0
808 192 837 236 0.008471 0
893 218 926 265 0.008458 0
989 195 1013 250 0.008314 0
804 184 815 213 0.008309 0
999 382 1019 404 0.008298 0
861 425 880 455 0.008162 0
693 207 703 235 0.008139 0
753 461 763 473 0.008047 0
510 194 518 216 0.007616 0
753 457 768 472 0.007601 0
1007 444 1025 468 0.007578 0
861 422 884 455 0.007532 0
1071 484 1080 500 0.007444 0
1055 201 1075 250 0.007432 0
999 383 1022 409 0.007344 0
803 184 816 217 0.007272 0
840 199 881 279 0.007243 0
789 330 809 344 0.007213 0
978 210 1018 261 0.007038 0
912 473 928 487 0.007012 0
311 185 323 198 0.006990 0
613 152 628 170 0.006970 0
1197 384 1207 416 0.006969 0
945 367 980 434 0.006914 0
999 383 1013 399 0.006885 0
1272 200 1279 251 0.006848 0
864 441 874 455 0.006793 0
806 208 839 264 0.006753 0
965 370 979 389 0.006679 0
1271 199 1279 251 0.006675 0
994 380 1022 427 0.006657 0
1135 446 1142 463 0.006607 0
575 429 592 457 0.006457 0
1015 382 1025 403 0.006380 0
231 202 244 222 0.006355 0
935 204 944 215 0.006329 0
231 200 245 220 0.006312 0
810 192 831 219 0.006288 0
896 193 909 228 0.006271 0
998 190 1013 217 0.006255 0
1087 183 1101 208 0.006110 0
992 192 1009 220 0.006082 0
802 184 815 220 0.006079 0
1036 184 1056 225 0.005988 0
863 438 874 455 0.005976 0
231 203 244 222 0.005952 0
1046 484 1052 494 0.005842 0
1272 202 1279 248 0.005792 0
965 371 979 391 0.005757 0
954 370 979 430 0.005482 0
944 365 980 428 0.005429 0
453 205 473 299 0.005382 0
895 193 911 227 0.005275 0
1072 486 1081 503 0.005266 0
867 427 887 457 0.005266 0
1191 384 1205 401 0.005265 0
1154 191 1162 203 0.005205 0
231 201 246 235 0.005155 0
995 380 1023 423 0.005143 0
633 202 642 216 0.005129 0
957 373 979 410 0.005113 0
1007 454 1019 466 0.005085 0
1009 444 1024 467 0.005066 0
996 381 1023 421 0.004927 0
453 206 470 300 0.004910 0
1144 308 1168 345 0.004854 0
161 204 175 229 0.004814 0
834 183 858 218 0.004812 0
959 368 982 416 0.004781 0
991 453 999 464 0.004753 0
865 438 881 456 0.004718 0
577 430 592 455 0.004712 0
641 688 672 703 0.004643 0
1213 198 1228 233 0.004640 0
940 366 981 456 0.004607 0
1231 457 1253 510 0.004592 0
195 201 208 227 0.004581 0
938 358 982 430 0.004579 0
1014 384 1024 405 0.004488 0
983 446 993 456 0.004484 0
1231 457 1259 510 0.004468 0
215 197 224 229 0.004456 0
955 366 987 428 0.004421 0
527 559 538 588 0.004414 0
991 445 1000 456 0.004395 0
764 427 791 472 0.004345 0
914 202 934 249 0.004203 0
1088 185 1096 209 0.004097 0
1034 197 1046 215 0.004056 0
1214 196 1227 231 0.004027 0
1128 447 1134 457 0.004008 0
704 206 728 234 0.003986 0
977 368 985 389 0.003965 0
1231 458 1246 509 0.003963 0
1270 198 1279 249 0.003950 0
1036 186 1061 227 0.003932 0
1045 410 1057 424 0.003930 0
993 190 1009 216 0.003842 0
1000 382 1025 424 0.003797 0
1056 487 1065 496 0.003773 0
1151 440 1159 455 0.003760 0
967 369 982 391 0.003753 0
229 200 244 237 0.003695 0
690 212 702 238 0.003659 0
319 203 331 228 0.003652 0
1214 204 1227 233 0.003638 0
960 364 980 401 0.003630 0
632 202 644 216 0.003584 0
833 196 881 276 0.003574 0
861 422 888 456 0.003568 0
1001 191 1025 219 0.003541 0
1000 384 1011 400 0.003538 0
927 201 945 252 0.003529 0
503 313 512 335 0.003519 0
613 151 630 172 0.003517 0
862 464 873 478 0.003511 0
690 208 702 238 0.003505 0
195 201 207 227 0.003485 0
441 179 482 309 0.003425 0
939 368 982 459 0.003393 0
1177 343 1185 359 0.003393 0
870 431 887 457 0.003392 0
887 471 896 483 0.003379 0
773 424 785 468 0.003363 0
851 463 866 477 0.003310 0
1148 306 1168 344 0.003305 0
1046 485 1055 497 0.003267 0
119 64 203 91 0.003238 0
1014 455 1025 471 0.003121 0
160 203 175 236 0.003121 0
808 194 828 232 0.003100 0
951 366 988 454 0.003094 0
959 372 980 402 0.003087 0
609 447 624 462 0.003061 0
196 201 207 223 0.003008 0
773 423 785 443 0.003004 0
773 424 785 459 0.002999 0
160 204 171 226 0.002998 0
800 412 817 443 0.002980 0
2 64 236 211 0.002970 0
878 199 897 238 0.002947 0
821 217 853 271 0.002922 0
1207 504 1216 512 0.002917 0
895 326 903 343 0.002917 0
216 204 224 229 0.002906 0
1231 460 1257 510 0.002863 0
1231 456 1262 510 0.002853 0
675 452 688 464 0.002846 0
738 420 780 463 0.002841 0
510 191 530 226 0.002812 0
500 187 539 250 0.002805 0
1072 464 1079 471 0.002798 0
933 344 984 430 0.002793 0
913 198 944 250 0.002734 0
751 419 768 441 0.002732 0
751 421 768 442 0.002726 0
613 447 624 460 0.002724 0
1273 201 1279 254 0.002706 0
1150 440 1162 465 0.002702 0
949 370 979 455 0.002700 0
801 412 816 431 0.002698 0
751 420 767 441 0.002685 0
1044 410 1057 424 0.002631 0
0 64 55 215 0.002628 0
1031 489 1039 503 0.002623 0
1024 455 1032 464 0.002621 0
1244 198 1255 232 0.002618 0
464 204 480 247 0.002606 0
999 375 1021 403 0.002602 0
1144 322 1169 346 0.002543 0
510 190 537 248 0.002539 0
503 312 512 335 0.002520 0
1242 455 1258 473 0.002507 0
237 206 248 237 0.002494 0
807 187 821 218 0.002474 0
216 188 224 221 0.002458 0
846 205 880 261 0.002431 0
1038 183 1053 223 0.002429 0
861 463 872 478 0.002416 0
1008 430 1015 440 0.002386 0
1007 451 1025 472 0.002382 0
159 204 172 231 0.002375 0
914 455 928 484 0.002374 0
754 423 788 467 0.002368 0
1127 446 1135 466 0.002361 0
1124 203 1154 246 0.002346 0
1055 199 1075 224 0.002340 0
798 413 816 441 0.002330 0
1071 483 1080 497 0.002323 0
935 362 981 449 0.002314 0
1150 441 1161 469 0.002283 0
1212 187 1229 231 0.002274 0
1009 369 1024 406 0.002261 0
1191 497 1200 504 0.002247 0
971 372 981 391 0.002247 0
1176 497 1185 511 0.002246 0
1199 503 1210 511 0.002245 0
801 413 817 439 0.002237 0
1175 344 1187 360 0.002229 0
897 472 913 487 0.002226 0
801 410 814 425 0.002216 0
1191 214 1202 228 0.002214 0
1258 198 1273 212 0.002208 0
751 422 768 443 0.002191 0
877 200 895 243 0.002174 0
454 206 468 237 0.002166 0
882 319 896 343 0.002161 0
1039 409 1057 462 0.002140 0
895 326 903 343 0.002129 0
983 455 993 464 0.002128 0
511 189 535 247 0.002128 0
1190 383 1208 415 0.002111 0
862 420 886 457 0.002106 0
1087 182 1104 210 0.002090 0
1217 205 1230 233 0.002087 0
610 152 631 190 0.002084 0
801 413 812 427 0.002081 0
1030 452 1038 465 0.002069 0
1216 196 1225 213 0.002064 0
680 450 688 462 0.002059 0
470 204 479 217 0.002058 0
1219 201 1229 233 0.002058 0
786 198 798 233 0.002053 0
1231 457 1254 490 0.002041 0
1236 197 1256 232 0.002033 0
953 374 977 454 0.002028 0
847 463 859 476 0.002018 0
773 424 785 449 0.001992 0
968 456 976 462 0.001983 0
464 213 479 287 0.001964 0
195 200 207 219 0.001963 0
752 415 768 438 0.001947 0
454 210 467 239 0.001947 0
1243 457 1263 496 0.001939 0
981 368 992 391 0.001930 0
248 195 255 214 0.001929 0
1129 195 1164 248 0.001926 0
785 329 815 379 0.001923 0
1033 198 1050 228 0.001919 0
912 454 928 486 0.001919 0
228 200 246 249 0.001905 0
1245 198 1256 232 0.001903 0
785 198 794 234 0.001896 0
453 211 466 302 0.001896 0
611 152 635 197 0.001889 0
977 366 992 392 0.001888 0
1 64 197 215 0.001882 0
454 213 467 248 0.001872 0
1068 205 1079 238 0.001861 0
738 201 744 214 0.001860 0
1155 192 1165 203 0.001858 0
478 201 485 216 0.001852 0
1028 448 1036 461 0.001843 0
604 153 629 183 0.001828 0
837 213 865 278 0.001809 0
1244 457 1258 474 0.001795 0
455 207 478 262 0.001790 0
733 430 774 474 0.001789 0
747 442 768 465 0.001788 0
941 339 993 430 0.001777 0
745 462 762 472 0.001774 0
783 199 794 237 0.001764 0
247 198 255 215 0.001759 0
1187 383 1212 417 0.001758 0
463 203 478 225 0.001757 0
1031 486 1040 502 0.001753 0
1209 168 1227 219 0.001751 0
478 199 487 216 0.001751 0
1220 201 1229 231 0.001743 0
479 429 496 448 0.001739 0
809 327 819 344 0.001738 0
821 330 847 345 0.001722 0
879 155 891 173 0.001719 0
0 64 214 208 0.001717 0
569 425 576 431 0.001716 0
194 200 207 225 0.001715 0
789 330 810 345 0.001708 0
1266 203 1279 260 0.001672 0
1087 180 1104 206 0.001668 0
238 211 250 238 0.001652 0
751 417 765 436 0.001645 0
316 64 496 202 0.001643 0
1214 496 1232 511 0.001643 0
801 188 816 232 0.001633 0
687 451 695 464 0.001626 0
670 208 678 230 0.001618 0
575 424 584 432 0.001617 0
978 207 998 240 0.001604 0
1144 324 1168 344 0.001600 0
0 64 51 223 0.001599 0
1176 493 1185 506 0.001597 0
953 370 992 429 0.001593 0
959 454 969 468 0.001593 0
1023 445 1035 460 0.001590 0
1135 444 1146 462 0.001587 0
647 407 656 424 0.001576 0
213 200 224 228 0.001570 0
751 462 761 478 0.001570 0
1231 458 1241 470 0.001569 0
989 374 1019 423 0.001562 0
1120 312 1127 327 0.001555 0
1033 185 1056 224 0.001554 0
801 410 815 424 0.001550 0
453 223 465 302 0.001537 0
914 455 927 464 0.001535 0
831 465 840 473 0.001534 0
1119 315 1135 344 0.001510 0
932 431 944 454 0.001509 0
1087 183 1104 206 0.001509 0
1150 440 1167 470 0.001498 0
1244 198 1256 233 0.001489 0
765 424 775 447 0.001485 0
782 321 820 388 0.001484 0
1221 406 1232 424 0.001483 0
367 207 375 231 0.001483 0
879 318 890 342 0.001475 0
610 153 633 200 0.001474 0
1178 344 1195 359 0.001473 0
1039 185 1069 235 0.001473 0
1247 480 1257 486 0.001471 0
894 413 913 459 0.001466 0
367 207 375 224 0.001463 0
1193 382 1216 416 0.001456 0
471 199 480 216 0.001453 0
1231 459 1243 474 0.001447 0
1041 410 1057 459 0.001437 0
1046 483 1054 490 0.001433 0
638 678 673 703 0.001430 0
974 204 987 224 0.001430 0
851 207 877 244 0.001428 0
616 174 631 200 0.001428 0
1 64 256 216 0.001426 0
463 206 479 249 0.001423 0
1183 346 1193 383 0.001419 0
873 325 882 343 0.001417 0
1142 184 1155 215 0.001407 0
974 200 986 215 0.001397 0
880 471 894 484 0.001382 0
688 450 695 457 0.001381 0
1013 205 1065 258 0.001375 0
1236 453 1253 472 0.001369 0
791 329 818 344 0.001366 0
455 204 479 247 0.001362 0
879 320 888 343 0.001354 0
896 412 913 446 0.001347 0
511 191 531 241 0.001346 0
991 439 1001 456 0.001342 0
884 318 894 341 0.001340 0
1025 444 1038 461 0.001338 0
633 198 653 216 0.001338 0
904 336 923 349 0.001335 0
905 202 930 256 0.001333 0
1215 182 1224 211 0.001332 0
1039 413 1057 460 0.001325 0
913 455 924 464 0.001322 0
1182 344 1195 383 0.001319 0
964 360 979 388 0.001318 0
454 210 467 243 0.001314 0
705 215 728 236 0.001307 0
1121 327 1136 344 0.001306 0
991 443 1005 461 0.001301 0
941 367 955 395 0.001294 0
894 415 910 455 0.001290 0
998 375 1016 400 0.001288 0
934 428 944 450 0.001279 0
1087 492 1095 503 0.001261 0
527 559 537 586 0.001258 0
978 366 993 415 0.001249 0
1191 382 1217 417 0.001246 0
864 207 874 231 0.001240 0
896 471 922 487 0.001237 0
980 370 992 393 0.001236 0
648 408 656 424 0.001226 0
1200 496 1213 506 0.001219 0
1205 196 1227 231 0.001207 0
824 418 833 437 0.001206 0
1072 483 1081 499 0.001200 0
980 199 999 228 0.001198 0
1014 441 1025 454 0.001195 0
239 205 251 237 0.001195 0
925 425 938 455 0.001190 0
1248 207 1259 233 0.001183 0
1152 439 1168 463 0.001182 0
801 448 816 471 0.001174 0
1152 192 1166 219 0.001169 0
927 385 945 426 0.001164 0
616 424 622 433 0.001161 0
978 368 992 414 0.001156 0
214 203 224 230 0.001155 0
577 424 592 438 0.001154 0
798 422 808 444 0.001152 0
930 432 944 455 0.001152 0
1176 209 1204 249 0.001132 0
1135 441 1144 459 0.001131 0
671 207 679 231 0.001131 0
905 335 926 350 0.001127 0
752 422 803 473 0.001122 0
1204 496 1215 505 0.001121 0
900 473 929 488 0.001121 0
909 463 933 486 0.001119 0
1149 440 1167 473 0.001118 0
735 447 744 458 0.001110 0
991 375 1015 417 0.001109 0
749 457 798 473 0.001104 0
1176 344 1195 361 0.001091 0
803 439 816 453 0.001089 0
894 416 912 457 0.001066 0
363 164 373 187 0.001063 0
959 439 969 464 0.001061 0
761 422 785 445 0.001054 0
1180 209 1193 229 0.001053 0
632 424 640 437 0.001052 0
1039 454 1047 466 0.001052 0
1119 312 1131 336 0.001051 0
784 317 819 345 0.001042 0
601 153 632 200 0.001041 0
0 64 17 212 0.001041 0
777 426 811 456 0.001039 0
958 438 970 456 0.001039 0
318 64 495 339 0.001033 0
461 224 480 312 0.001032 0
510 194 539 247 0.001028 0
887 472 897 487 0.001024 0
157 207 173 235 0.001024 0
10 64 278 211 0.001021 0
894 415 909 436 0.001020 0
604 166 616 183 0.001019 0
1006 423 1020 440 0.001018 0
1181 344 1195 400 0.001017 0
957 426 976 459 0.001017 0
464 199 473 215 0.001016 0
948 360 961 391 0.001016 0
827 416 847 441 0.001011 0
1125 195 1155 241 0.001009 0
1062 487 1075 496 0.001001 0
1047 485 1066 497 0.000999 0
817 415 842 441 0.000997 0
1071 189 1105 232 0.000994 0
1188 385 1204 407 0.000992 0
882 322 896 344 0.000990 0
950 350 961 390 0.000982 0
1030 482 1041 497 0.000977 0
510 192 531 244 0.000967 0
1037 380 1052 424 0.000965 0
925 422 939 455 0.000964 0
1060 462 1071 471 0.000956 0
895 440 904 456 0.000952 0
1080 190 1090 202 0.000942 0
902 412 913 426 0.000937 0
1255 199 1275 233 0.000936 0
689 205 703 236 0.000932 0
1001 431 1009 440 0.000931 0
1143 315 1168 345 0.000923 0
942 367 952 391 0.000916 0
1120 326 1136 344 0.000911 0
763 422 803 462 0.000910 0
800 440 817 460 0.000905 0
631 454 639 461 0.000905 0
1176 487 1185 504 0.000905 0
607 447 624 462 0.000904 0
788 198 801 237 0.000903 0
925 447 935 457 0.000895 0
1036 376 1052 422 0.000895 0
1121 438 1146 469 0.000894 0
0 64 70 211 0.000892 0
271 232 291 295 0.000888 0
1033 461 1040 471 0.000888 0
1188 354 1211 411 0.000888 0
286 193 322 358 0.000880 0
373 64 496 220 0.000879 0
1222 407 1232 424 0.000879 0
1144 327 1168 344 0.000873 0
983 440 996 456 0.000872 0
1021 380 1041 430 0.000869 0
2 64 308 216 0.000864 0
351 188 357 199 0.000864 0
429 222 439 229 0.000860 0
828 417 846 439 0.000859 0
1104 312 1111 326 0.000859 0
916 448 928 457 0.000859 0
1038 485 1050 497 0.000858 0
1092 452 1104 472 0.000858 0
836 465 848 473 0.000856 0
927 453 944 485 0.000853 0
1038 385 1056 424 0.000852 0
960 441 976 463 0.000852 0
134 413 143 430 0.000852 0
453 226 464 300 0.000848 0
1095 496 1104 504 0.000846 0
1100 312 1120 344 0.000846 0
1207 166 1230 233 0.000844 0
994 442 1008 456 0.000843 0
1039 408 1057 425 0.000841 0
816 413 847 439 0.000840 0
1038 407 1057 457 0.000834 0
690 454 704 467 0.000832 0
158 194 174 228 0.000824 0
1093 450 1104 471 0.000819 0
453 225 474 312 0.000818 0
787 197 796 227 0.000818 0
1008 473 1016 488 0.000814 0
712 427 720 441 0.000810 0
811 323 829 344 0.000809 0
606 151 629 180 0.000807 0
878 197 904 244 0.000804 0
788 318 811 344 0.000802 0
313 64 368 198 0.000801 0
844 179 869 227 0.000799 0
1036 373 1052 421 0.000799 0
829 415 849 440 0.000798 0
631 424 640 445 0.000796 0
990 392 1008 424 0.000796 0
816 413 832 437 0.000792 0
639 671 672 703 0.000789 0
604 162 617 182 0.000788 0
331 184 342 199 0.000780 0
520 393 529 413 0.000777 0
822 463 832 472 0.000777 0
799 439 808 451 0.000777 0
912 472 937 487 0.000776 0
208 394 224 456 0.000774 0
998 454 1008 465 0.000772 0
878 305 900 342 0.000769 0
681 384 688 396 0.000768 0
308 64 495 301 0.000766 0
863 324 881 343 0.000764 0
1182 349 1209 409 0.000762 0
973 208 986 230 0.000758 0
498 183 540 251 0.000753 0
1180 164 1221 266 0.000752 0
864 334 883 343 0.000752 0
832 416 849 446 0.000750 0
1180 382 1201 407 0.000746 0
1168 380 1179 392 0.000742 0
74 64 326 211 0.000741 0
438 194 450 205 0.000737 0
1008 472 1015 484 0.000736 0
784 424 810 448 0.000735 0
662 419 671 438 0.000731 0
376 186 385 200 0.000729 0
934 367 957 427 0.000725 0
1188 373 1222 416 0.000722 0
925 408 944 455 0.000722 0
1175 212 1186 231 0.000721 0
939 366 957 412 0.000719 0
734 423 771 462 0.000716 0
1119 441 1134 471 0.000715 0
438 194 451 206 0.000713 0
1176 344 1198 359 0.000712 0
811 317 825 343 0.000711 0
783 328 817 382 0.000710 0
128 375 144 408 0.000708 0
1175 376 1186 392 0.000705 0
749 458 769 478 0.000699 0
925 454 943 475 0.000699 0
1181 345 1198 360 0.000698 0
932 378 946 411 0.000695 0
380 64 497 242 0.000694 0
990 374 1013 411 0.000685 0
1160 502 1172 510 0.000683 0
900 406 913 424 0.000683 0
242 194 252 214 0.000682 0
459 233 481 312 0.000681 0
330 64 493 362 0.000681 0
1119 393 1127 412 0.000680 0
195 201 218 239 0.000675 0
799 439 817 470 0.000673 0
927 380 946 427 0.000671 0
1139 439 1156 463 0.000669 0
0 64 46 345 0.000667 0
1138 442 1153 464 0.000666 0
232 202 250 235 0.000666 0
800 456 816 472 0.000665 0
639 449 648 459 0.000665 0
1038 389 1064 425 0.000665 0
846 462 865 480 0.000664 0
902 336 924 351 0.000661 0
345 64 440 208 0.000660 0
878 322 894 344 0.000657 0
270 223 291 295 0.000656 0
703 422 731 468 0.000655 0
865 426 892 480 0.000651 0
1070 190 1081 205 0.000649 0
6 64 340 217 0.000647 0
807 316 824 343 0.000647 0
346 186 353 199 0.000637 0
1133 444 1148 473 0.000637 0
991 378 1026 455 0.000634 0
856 430 871 447 0.000632 0
496 201 538 251 0.000631 0
1232 411 1238 425 0.000628 0
670 208 680 232 0.000628 0
157 188 176 232 0.000628 0
782 329 818 392 0.000627 0
320 64 435 208 0.000626 0
709 423 720 441 0.000621 0
1243 458 1264 485 0.000621 0
934 374 958 433 0.000618 0
1098 328 1108 344 0.000616 0
367 207 376 232 0.000616 0
1157 304 1167 323 0.000615 0
645 456 656 471 0.000615 0
900 327 916 344 0.000614 0
752 437 819 473 0.000613 0
673 566 680 581 0.000613 0
1173 385 1186 410 0.000613 0
1142 504 1156 510 0.000610 0
1182 391 1197 410 0.000610 0
906 336 925 351 0.000606 0
907 452 944 486 0.000603 0
1149 442 1165 475 0.000601 0
863 428 885 479 0.000601 0
1021 382 1029 392 0.000601 0
639 191 655 214 0.000601 0
415 251 420 270 0.000599 0
356 248 368 273 0.000599 0
991 355 1024 422 0.000596 0
1171 343 1197 380 0.000595 0
1077 409 1089 442 0.000595 0
959 456 969 470 0.000594 0
718 431 727 441 0.000593 0
881 418 906 458 0.000593 0
315 198 333 231 0.000588 0
1184 194 1224 231 0.000586 0
362 64 496 211 0.000586 0
831 439 846 454 0.000583 0
932 389 944 411 0.000581 0
815 328 842 344 0.000577 0
1247 421 1253 429 0.000574 0
1183 496 1201 511 0.000573 0
942 367 952 388 0.000572 0
927 413 944 453 0.000572 0
1079 401 1088 411 0.000571 0
441 159 491 310 0.000570 0
315 64 426 212 0.000569 0
881 407 897 443 0.000569 0
1040 482 1055 496 0.000569 0
1177 207 1192 223 0.000569 0
1075 332 1088 344 0.000567 0
1102 312 1116 332 0.000565 0
758 422 801 444 0.000562 0
157 64 260 230 0.000561 0
933 365 957 425 0.000561 0
1118 391 1128 411 0.000558 0
343 64 456 209 0.000558 0
1207 373 1225 404 0.000556 0
883 441 897 456 0.000555 0
1180 348 1210 416 0.000555 0
814 414 831 439 0.000555 0
927 370 946 414 0.000554 0
1231 616 1240 649 0.000554 0
311 64 493 363 0.000553 0
31 214 40 226 0.000550 0
1016 381 1031 413 0.000549 0
357 253 367 273 0.000549 0
842 180 917 238 0.000547 0
1170 377 1200 409 0.000545 0
1022 480 1033 495 0.000543 0
1119 443 1130 460 0.000539 0
1142 192 1171 247 0.000539 0
1184 445 1190 456 0.000538 0
1035 370 1065 424 0.000538 0
664 461 673 471 0.000535 0
898 438 913 456 0.000534 0
1168 343 1198 395 0.000529 0
643 438 703 468 0.000529 0
1033 360 1061 424 0.000528 0
797 186 846 265 0.000525 0
991 406 1002 434 0.000524 0
1166 376 1181 392 0.000524 0
1175 344 1202 394 0.000523 0
1016 478 1024 488 0.000520 0
1042 390 1065 424 0.000520 0
1239 448 1248 473 0.000518 0
568 201 576 215 0.000517 0
1052 390 1065 418 0.000515 0
1000 433 1022 456 0.000514 0
1069 198 1080 212 0.000514 0
1023 480 1045 501 0.000514 0
1216 406 1225 425 0.000513 0
317 64 368 184 0.000513 0
1038 414 1056 465 0.000512 0
870 317 888 343 0.000510 0
975 368 998 423 0.000510 0
882 414 898 449 0.000509 0
239 238 257 295 0.000508 0
777 409 784 414 0.000507 0
1114 313 1139 343 0.000506 0
520 393 529 421 0.000506 0
884 317 906 344 0.000505 0
1146 324 1172 360 0.000505 0
237 192 324 376 0.000503 0
767 233 848 345 0.000501 0
927 405 944 425 0.000501 0
1100 326 1118 344 0.000501 0
957 424 976 457 0.000500 0
863 465 881 478 0.000499 0
1191 489 1200 504 0.000499 0
823 326 848 343 0.000499 0
930 369 953 409 0.000498 0
1076 333 1090 360 0.000497 0
66 64 342 209 0.000495 0
945 336 981 408 0.000494 0
894 438 904 456 0.000493 0
1248 353 1264 385 0.000492 0
319 237 336 369 0.000491 0
927 349 984 439 0.000489 0
955 423 974 457 0.000489 0
1250 342 1263 395 0.000489 0
1137 446 1154 468 0.000488 0
1014 363 1023 382 0.000488 0
934 348 1024 428 0.000481 0
353 65 438 207 0.000481 0
271 225 292 294 0.000480 0
615 358 623 375 0.000480 0
816 479 824 488 0.000479 0
271 638 288 694 0.000477 0
1171 455 1185 473 0.000475 0
1165 471 1178 480 0.000475 0
1074 434 1088 455 0.000472 0
860 407 890 457 0.000471 0
883 436 903 456 0.000470 0
1103 390 1127 410 0.000470 0
1098 330 1105 344 0.000469 0
1023 378 1044 438 0.000468 0
1014 381 1039 425 0.000468 0
1166 376 1184 417 0.000467 0
1160 377 1167 385 0.000467 0
946 456 960 465 0.000462 0
1122 443 1154 476 0.000461 0
703 432 723 468 0.000461 0
448 205 469 300 0.000460 0
785 331 820 378 0.000460 0
947 370 969 410 0.000460 0
1085 454 1100 472 0.000459 0
1087 459 1096 472 0.000459 0
869 432 914 484 0.000458 0
1079 428 1087 441 0.000458 0
1231 616 1242 650 0.000457 0
272 249 291 295 0.000457 0
895 406 913 438 0.000456 0
445 204 470 300 0.000454 0
555 201 567 216 0.000454 0
912 471 936 485 0.000453 0
630 449 640 461 0.000453 0
1045 279 1058 295 0.000453 0
1027 373 1044 423 0.000451 0
1120 325 1137 372 0.000451 0
1071 456 1095 472 0.000450 0
511 410 529 427 0.000449 0
786 339 816 392 0.000449 0
614 361 623 376 0.000448 0
815 440 824 453 0.000448 0
928 408 944 425 0.000447 0
303 64 428 196 0.000447 0
1222 417 1232 433 0.000447 0
195 198 208 225 0.000447 0
931 339 1016 427 0.000446 0
982 351 993 369 0.000446 0
836 439 848 449 0.000442 0
1165 377 1188 407 0.000442 0
1217 176 1257 233 0.000441 0
816 442 824 454 0.000439 0
246 214 258 236 0.000438 0
810 414 830 443 0.000437 0
1166 374 1179 423 0.000436 0
832 478 841 489 0.000435 0
0 64 75 219 0.000435 0
1037 481 1067 496 0.000435 0
235 183 322 368 0.000434 0
1112 187 1129 207 0.000434 0
508 227 538 248 0.000434 0
154 204 166 232 0.000433 0
847 426 857 442 0.000433 0
1070 183 1123 236 0.000432 0
23 215 43 257 0.000432 0
1077 195 1094 210 0.000427 0
520 403 529 422 0.000426 0
948 376 960 394 0.000426 0
983 156 1030 255 0.000426 0
228 195 244 229 0.000425 0
1049 390 1065 422 0.000425 0
1077 338 1090 360 0.000425 0
1214 368 1223 384 0.000424 0
1142 389 1154 408 0.000424 0
126 375 144 406 0.000420 0
1093 440 1104 468 0.000420 0
877 453 901 483 0.000418 0
556 176 579 215 0.000418 0
1098 312 1138 344 0.000417 0
671 462 681 471 0.000417 0
977 352 998 384 0.000417 0
1025 378 1043 427 0.000417 0
856 433 905 484 0.000417 0
1262 73 1279 172 0.000417 0
1226 197 1256 233 0.000416 0
633 177 643 196 0.000416 0
320 375 336 391 0.000416 0
1229 449 1272 509 0.000416 0
784 422 810 442 0.000415 0
268 234 293 294 0.000415 0
0 64 41 195 0.000414 0
632 189 655 215 0.000414 0
1168 409 1177 423 0.000412 0
1097 397 1104 407 0.000412 0
762 258 845 347 0.000412 0
776 313 810 344 0.000411 0
0 65 16 209 0.000411 0
1080 404 1088 414 0.000410 0
1036 182 1061 220 0.000409 0
159 64 257 217 0.000408 0
249 215 256 230 0.000408 0
1015 321 1032 345 0.000408 0
991 412 1002 438 0.000407 0
1123 185 1184 247 0.000407 0
267 226 292 295 0.000406 0
904 194 925 227 0.000406 0
223 392 240 408 0.000404 0
1072 382 1093 415 0.000404 0
1023 387 1042 440 0.000402 0
1120 317 1136 380 0.000401 0
735 452 746 467 0.000401 0
786 193 798 213 0.000401 0
703 452 720 469 0.000400 0
350 185 359 199 0.000400 0
998 182 1010 205 0.000400 0
1070 485 1082 507 0.000397 0
1070 431 1090 456 0.000397 0
1270 562 1279 634 0.000397 0
1071 500 1080 513 0.000394 0
866 462 880 478 0.000393 0
1040 187 1080 225 0.000393 0
742 423 922 483 0.000391 0
796 167 858 218 0.000390 0
921 199 962 254 0.000390 0
287 197 334 365 0.000390 0
266 200 273 219 0.000389 0
1144 306 1180 347 0.000389 0
663 294 681 349 0.000389 0
1229 195 1258 234 0.000389 0
128 375 144 402 0.000388 0
240 242 256 295 0.000388 0
1187 379 1218 418 0.000388 0
839 407 889 457 0.000387 0
1216 421 1224 433 0.000386 0
1193 356 1209 405 0.000386 0
969 210 990 255 0.000386 0
1099 203 1128 233 0.000385 0
799 464 814 472 0.000385 0
1171 458 1184 474 0.000382 0
255 64 359 195 0.000382 0
1205 408 1216 423 0.000382 0
898 335 925 380 0.000381 0
319 64 426 194 0.000380 0
608 435 624 462 0.000380 0
1135 399 1142 409 0.000379 0
1231 478 1262 510 0.000378 0
271 640 288 695 0.000377 0
1055 412 1085 467 0.000376 0
1168 371 1189 423 0.000375 0
1232 503 1243 510 0.000375 0
1102 312 1136 343 0.000374 0
1073 426 1083 444 0.000374 0
957 353 997 392 0.000373 0
1038 443 1048 466 0.000372 0
1056 415 1074 462 0.000371 0
717 435 729 463 0.000371 0
1029 374 1040 413 0.000371 0
1035 485 1063 503 0.000369 0
1142 393 1153 408 0.000369 0
950 420 974 457 0.000368 0
214 183 237 222 0.000367 0
1111 440 1119 450 0.000367 0
1245 468 1266 498 0.000366 0
1245 409 1254 428 0.000365 0
1186 496 1224 512 0.000364 0
42 311 66 392 0.000364 0
827 415 848 436 0.000364 0
319 64 571 210 0.000363 0
784 336 818 382 0.000363 0
1031 375 1039 391 0.000362 0
812 407 831 430 0.000362 0
766 202 782 235 0.000361 0
681 386 687 397 0.000360 0
152 209 169 237 0.000359 0
784 201 798 238 0.000359 0
1083 488 1097 503 0.000359 0
1155 424 1168 440 0.000358 0
325 64 583 317 0.000357 0
443 204 470 274 0.000357 0
1134 398 1144 428 0.000357 0
1061 455 1095 472 0.000357 0
1031 481 1069 520 0.000352 0
448 207 466 302 0.000352 0
685 424 697 438 0.000351 0
1055 464 1069 472 0.000349 0
689 449 703 464 0.000348 0
1034 483 1072 529 0.000348 0
831 441 841 456 0.000347 0
900 336 924 351 0.000345 0
1118 440 1131 460 0.000345 0
1104 394 1123 409 0.000344 0
1144 410 1152 424 0.000342 0
1239 419 1247 436 0.000341 0
1072 398 1081 409 0.000340 0
1043 400 1062 426 0.000340 0
765 202 783 236 0.000340 0
1040 485 1069 502 0.000340 0
961 456 976 471 0.000340 0
1104 443 1120 471 0.000339 0
703 455 714 468 0.000339 0
951 424 973 456 0.000339 0
993 425 1034 461 0.000339 0
666 453 693 471 0.000339 0
32 311 67 401 0.000338 0
960 198 970 208 0.000338 0
997 184 1026 218 0.000336 0
797 440 818 472 0.000336 0
787 327 824 378 0.000334 0
630 563 640 584 0.000333 0
1141 398 1153 425 0.000331 0
776 400 784 409 0.000330 0
1158 411 1168 424 0.000330 0
815 462 832 476 0.000328 0
635 671 672 703 0.000328 0
0 74 19 238 0.000328 0
1176 492 1233 511 0.000327 0
111 64 354 205 0.000327 0
993 422 1017 440 0.000326 0
1056 489 1067 502 0.000326 0
1144 376 1152 387 0.000323 0
1031 354 1060 420 0.000322 0
1066 407 1092 448 0.000322 0
990 152 1050 254 0.000320 0
735 464 745 471 0.000320 0
237 215 256 239 0.000318 0
894 473 925 489 0.000318 0
785 330 809 344 0.000318 0
603 360 624 391 0.000317 0
829 414 849 436 0.000317 0
319 64 368 176 0.000317 0
1158 377 1173 394 0.000317 0
574 408 584 432 0.000316 0
1039 460 1048 471 0.000316 0
1249 344 1263 405 0.000315 0
1 64 332 375 0.000314 0
1023 405 1040 438 0.000314 0
754 410 787 442 0.000314 0
40 311 68 401 0.000313 0
922 453 944 486 0.000312 0
1198 386 1232 424 0.000311 0
1013 440 1040 456 0.000311 0
911 447 928 462 0.000311 0
443 206 468 245 0.000310 0
1180 389 1213 419 0.000310 0
1231 185 1279 315 0.000310 0
655 424 665 437 0.000309 0
904 336 925 390 0.000309 0
817 408 837 428 0.000309 0
567 413 576 430 0.000308 0
1104 311 1134 330 0.000308 0
366 67 496 265 0.000306 0
1129 503 1136 509 0.000306 0
572 581 585 616 0.000306 0
989 368 1010 394 0.000305 0
1076 402 1092 435 0.000304 0
1238 409 1249 428 0.000304 0
846 421 858 439 0.000304 0
406 251 414 271 0.000304 0
1096 500 1104 511 0.000303 0
307 64 479 363 0.000303 0
769 250 850 346 0.000302 0
927 340 990 406 0.000302 0
1033 369 1050 405 0.000302 0
969 219 989 256 0.000301 0
1230 420 1237 432 0.000300 0
657 425 675 439 0.000300 0
1024 412 1041 442 0.000300 0
388 65 496 227 0.000299 0
117 64 339 102 0.000299 0
40 311 65 388 0.000299 0
1175 478 1184 490 0.000298 0
662 414 670 432 0.000297 0
1213 197 1279 292 0.000297 0
1 65 351 396 0.000296 0
656 555 673 582 0.000296 0
1146 390 1161 406 0.000294 0
156 73 217 223 0.000294 0
638 423 649 437 0.000294 0
640 428 649 438 0.000293 0
415 252 420 270 0.000293 0
910 420 936 449 0.000291 0
786 277 849 345 0.000290 0
1068 486 1089 502 0.000289 0
1156 497 1178 510 0.000288 0
447 206 468 252 0.000288 0
868 206 893 244 0.000288 0
59 64 165 79 0.000288 0
898 439 913 461 0.000288 0
687 461 703 471 0.000287 0
753 406 769 424 0.000287 0
736 412 765 456 0.000286 0
463 247 481 312 0.000286 0
912 431 937 455 0.000286 0
449 205 465 303 0.000286 0
891 415 938 452 0.000285 0
127 375 144 403 0.000284 0
325 64 436 189 0.000284 0
275 232 289 268 0.000284 0
271 663 281 694 0.000283 0
714 419 728 444 0.000283 0
706 422 735 461 0.000282 0
856 400 863 412 0.000279 0
880 407 894 444 0.000278 0
608 424 625 464 0.000278 0
788 330 810 359 0.000275 0
207 393 224 463 0.000275 0
592 407 608 425 0.000274 0
0 67 62 225 0.000273 0
220 199 244 238 0.000273 0
1208 372 1223 391 0.000272 0
0 64 94 210 0.000272 0
319 201 335 231 0.000272 0
1008 182 1058 224 0.000271 0
1110 440 1120 463 0.000271 0
703 423 722 461 0.000271 0
1183 446 1192 471 0.000271 0
784 335 826 394 0.000269 0
853 420 939 484 0.000269 0
648 480 655 487 0.000269 0
426 64 496 246 0.000268 0
948 395 975 454 0.000267 0
1263 560 1279 701 0.000267 0
1270 562 1279 627 0.000266 0
1176 408 1184 423 0.000266 0
4 64 179 81 0.000264 0
1262 487 1279 699 0.000264 0
704 201 736 234 0.000263 0
344 64 524 351 0.000263 0
665 554 683 580 0.000263 0
1147 486 1236 511 0.000262 0
207 199 220 220 0.000262 0
114 64 493 199 0.000261 0
592 407 608 432 0.000261 0
1222 465 1232 486 0.000261 0
0 101 27 294 0.000261 0
1255 481 1279 696 0.000261 0
599 530 609 565 0.000261 0
1 64 81 213 0.000260 0
617 158 643 194 0.000260 0
984 481 991 487 0.000258 0
1246 423 1259 443 0.000257 0
1071 389 1086 409 0.000257 0
900 327 928 346 0.000256 0
1220 456 1245 485 0.000256 0
1038 484 1064 527 0.000256 0
1059 490 1076 502 0.000256 0
0 68 48 281 0.000255 0
1219 451 1247 479 0.000254 0
816 333 833 371 0.000253 0
1089 417 1106 444 0.000253 0
990 423 1019 449 0.000252 0
153 64 254 213 0.000252 0
1062 416 1073 434 0.000252 0
1005 354 1024 388 0.000252 0
823 284 849 344 0.000251 0
450 220 465 303 0.000251 0
1216 436 1267 479 0.000250 0
1064 388 1125 455 0.000250 0
929 365 1034 463 0.000250 0
1182 166 1227 218 0.000248 0
662 549 684 582 0.000248 0
1062 395 1099 447 0.000248 0
1134 398 1144 433 0.000247 0
1063 394 1072 414 0.000246 0
1195 356 1209 386 0.000245 0
317 64 631 205 0.000245 0
927 408 943 425 0.000244 0
901 455 914 474 0.000244 0
630 435 639 451 0.000243 0
702 457 713 469 0.000243 0
337 64 497 207 0.000243 0
1240 424 1247 439 0.000243 0
880 407 895 436 0.000243 0
439 193 472 240 0.000243 0
626 527 646 571 0.000242 0
1208 507 1215 517 0.000242 0
111 202 121 233 0.000241 0
899 412 924 442 0.000241 0
0 64 124 337 0.000241 0
991 363 1050 433 0.000240 0
914 424 930 447 0.000240 0
318 64 417 183 0.000239 0
1199 456 1209 470 0.000238 0
1207 165 1231 224 0.000237 0
115 64 513 242 0.000237 0
496 410 529 427 0.000236 0
54 64 126 164 0.000235 0
927 412 975 458 0.000235 0
62 64 136 198 0.000235 0
1095 438 1104 450 0.000234 0
157 64 257 175 0.000233 0
1247 345 1263 394 0.000233 0
1218 399 1243 426 0.000233 0
887 558 897 597 0.000233 0
995 436 1017 455 0.000233 0
118 64 360 185 0.000232 0
1053 416 1093 472 0.000232 0
309 185 330 220 0.000231 0
655 552 666 567 0.000231 0
924 365 982 455 0.000231 0
879 391 890 408 0.000231 0
1154 407 1169 423 0.000230 0
799 345 816 392 0.000230 0
1263 367 1279 425 0.000229 0
902 536 913 587 0.000228 0
319 246 336 360 0.000228 0
1203 406 1216 437 0.000227 0
1100 325 1136 344 0.000227 0
1167 459 1178 477 0.000227 0
0 144 7 203 0.000226 0
610 151 642 185 0.000226 0
680 192 690 215 0.000226 0
1025 64 1161 217 0.000226 0
628 361 639 379 0.000225 0
1088 424 1105 452 0.000225 0
1188 381 1254 425 0.000224 0
843 436 886 479 0.000224 0
1111 207 1141 239 0.000224 0
1152 462 1168 479 0.000224 0
715 455 734 469 0.000224 0
673 570 680 582 0.000224 0
1042 454 1096 472 0.000224 0
1143 498 1165 510 0.000223 0
956 414 977 441 0.000222 0
698 328 703 337 0.000222 0
815 315 848 344 0.000221 0
0 504 16 565 0.000221 0
767 280 840 347 0.000221 0
261 225 293 295 0.000221 0
1119 310 1136 384 0.000220 0
380 185 395 204 0.000219 0
64 65 164 204 0.000219 0
855 423 944 485 0.000218 0
926 370 948 407 0.000218 0
1263 620 1279 703 0.000217 0
1231 186 1279 378 0.000216 0
255 64 338 195 0.000216 0
354 66 512 357 0.000216 0
65 65 143 202 0.000215 0
1226 443 1279 487 0.000215 0
1073 377 1090 405 0.000213 0
629 526 642 558 0.000213 0
521 392 535 407 0.000212 0
1150 410 1160 424 0.000212 0
926 357 950 392 0.000212 0
1150 407 1164 423 0.000211 0
479 696 490 703 0.000211 0
0 511 17 598 0.000211 0
0 181 5 203 0.000211 0
111 219 124 242 0.000210 0
384 191 396 206 0.000209 0
1080 406 1123 474 0.000209 0
725 420 737 443 0.000209 0
892 419 938 457 0.000209 0
114 376 144 412 0.000208 0
155 86 214 228 0.000208 0
786 194 797 213 0.000208 0
1072 441 1089 456 0.000208 0
605 366 624 392 0.000208 0
644 428 655 438 0.000207 0
965 185 1270 265 0.000207 0
1274 159 1279 170 0.000207 0
49 64 129 196 0.000206 0
574 441 593 463 0.000206 0
1146 377 1171 404 0.000206 0
1023 422 1035 440 0.000206 0
902 335 930 388 0.000206 0
975 355 1009 392 0.000205 0
102 64 377 226 0.000205 0
1120 399 1128 414 0.000205 0
255 64 326 164 0.000204 0
766 199 786 235 0.000204 0
479 185 494 211 0.000202 0
268 222 297 297 0.000201 0
672 423 699 437 0.000201 0
0 64 123 213 0.000200 0
950 346 999 389 0.000200 0
0 506 16 577 0.000199 0
1078 394 1097 413 0.000198 0
1081 344 1098 360 0.000198 0
0 139 8 203 0.000198 0
89 64 509 228 0.000198 0
1222 579 1241 621 0.000197 0
1136 503 1144 510 0.000196 0
1051 389 1075 423 0.000195 0
0 164 6 203 0.000195 0
255 64 336 182 0.000194 0
1254 482 1279 685 0.000194 0
319 64 369 108 0.000194 0
1137 493 1162 510 0.000194 0
783 333 820 392 0.000194 0
1232 393 1262 427 0.000194 0
154 67 267 237 0.000193 0
852 299 864 336 0.000193 0
598 526 609 564 0.000192 0
1111 461 1120 472 0.000192 0
1110 189 1139 228 0.000192 0
987 665 1046 703 0.000191 0
1169 442 1185 459 0.000191 0
768 274 847 344 0.000190 0
1148 378 1186 406 0.000190 0
1231 617 1248 650 0.000189 0
488 192 541 252 0.000189 0
716 459 737 471 0.000189 0
1072 350 1092 406 0.000188 0
900 539 912 586 0.000187 0
612 156 644 180 0.000187 0
867 64 944 120 0.000187 0
521 393 540 423 0.000186 0
1072 487 1090 503 0.000186 0
1025 424 1040 446 0.000186 0
1012 468 1024 486 0.000185 0
977 352 1007 385 0.000185 0
276 233 289 259 0.000185 0
622 681 672 703 0.000185 0
1201 339 1265 422 0.000185 0
706 457 723 470 0.000185 0
1271 565 1279 623 0.000184 0
703 309 725 377 0.000183 0
817 431 839 450 0.000183 0
62 64 185 199 0.000183 0
994 363 1011 386 0.000183 0
579 408 592 435 0.000183 0
932 335 1006 386 0.000182 0
1054 395 1098 445 0.000182 0
997 468 1244 508 0.000182 0
1070 400 1094 424 0.000182 0
1189 65 1280 271 0.000182 0
267 248 292 295 0.000182 0
839 419 876 448 0.000182 0
1231 616 1240 643 0.000182 0
217 194 244 233 0.000182 0
1042 64 1165 208 0.000181 0
862 296 880 342 0.000181 0
828 409 844 427 0.000181 0
1120 318 1135 380 0.000181 0
1159 424 1167 439 0.000180 0
800 592 808 616 0.000179 0
660 207 679 232 0.000179 0
28 64 127 204 0.000179 0
1261 557 1279 702 0.000179 0
1268 567 1279 688 0.000178 0
1077 406 1105 453 0.000178 0
991 417 1043 460 0.000178 0
29 64 135 206 0.000177 0
1102 437 1116 456 0.000177 0
921 334 1024 427 0.000177 0
74 64 162 78 0.000177 0
431 217 439 228 0.000177 0
841 438 881 477 0.000177 0
1197 383 1216 423 0.000176 0
0 370 9 395 0.000176 0
30 309 67 404 0.000175 0
316 64 479 147 0.000175 0
1040 382 1133 471 0.000175 0
1264 557 1279 699 0.000175 0
317 64 442 168 0.000174 0
843 425 942 485 0.000174 0
1217 476 1232 488 0.000174 0
667 307 686 373 0.000174 0
534 395 544 407 0.000174 0
1120 323 1136 366 0.000173 0
1101 390 1125 409 0.000173 0
765 205 780 236 0.000173 0
662 422 697 439 0.000173 0
1016 488 1023 495 0.000172 0
1263 298 1279 488 0.000172 0
1046 455 1056 467 0.000172 0
557 591 578 617 0.000172 0
783 408 811 423 0.000172 0
726 415 736 429 0.000171 0
21 64 125 192 0.000171 0
60 64 201 157 0.000171 0
1264 347 1279 499 0.000171 0
1119 462 1128 474 0.000171 0
708 207 736 234 0.000171 0
1246 342 1273 384 0.000171 0
703 313 721 377 0.000170 0
1063 415 1072 428 0.000170 0
1263 400 1278 423 0.000170 0
927 359 945 384 0.000170 0
1266 564 1279 680 0.000170 0
1253 300 1279 488 0.000170 0
824 319 848 343 0.000170 0
928 423 972 456 0.000170 0
6 64 129 175 0.000169 0
564 432 593 457 0.000169 0
6 64 135 210 0.000169 0
908 336 926 392 0.000168 0
1185 473 1265 511 0.000168 0
1206 443 1250 476 0.000167 0
1066 64 1124 75 0.000166 0
845 171 1071 268 0.000166 0
155 77 261 232 0.000166 0
1136 386 1153 413 0.000166 0
742 412 803 450 0.000166 0
1133 444 1168 477 0.000165 0
914 368 930 411 0.000165 0
1210 336 1264 411 0.000165 0
689 208 704 275 0.000165 0
578 447 593 461 0.000165 0
166 64 330 94 0.000165 0
523 231 538 246 0.000165 0
1205 376 1264 427 0.000165 0
1217 387 1258 428 0.000165 0
767 411 819 441 0.000165 0
0 87 63 226 0.000165 0
1078 383 1098 415 0.000165 0
1263 66 1279 169 0.000165 0
787 439 938 485 0.000164 0
766 242 836 337 0.000164 0
844 435 939 486 0.000163 0
900 64 944 120 0.000163 0
268 203 298 297 0.000163 0
343 64 496 145 0.000163 0
909 339 928 393 0.000163 0
163 64 328 97 0.000163 0
930 370 948 390 0.000162 0
1142 376 1155 399 0.000162 0
1076 332 1106 360 0.000162 0
344 64 496 96 0.000162 0
292 68 349 197 0.000162 0
0 71 73 228 0.000161 0
0 121 27 316 0.000161 0
638 538 649 570 0.000161 0
505 231 538 250 0.000161 0
399 64 497 142 0.000161 0
927 356 955 389 0.000161 0
64 65 205 207 0.000161 0
1006 170 1067 255 0.000161 0
1014 533 1024 552 0.000160 0
240 397 248 408 0.000160 0
46 64 523 341 0.000160 0
975 448 987 458 0.000160 0
240 386 257 407 0.000160 0
923 340 992 434 0.000159 0
591 407 608 427 0.000159 0
1260 107 1279 185 0.000158 0
38 64 143 163 0.000158 0
860 269 915 345 0.000158 0
982 371 1083 460 0.000158 0
822 273 849 344 0.000158 0
872 257 914 345 0.000158 0
0 64 304 351 0.000157 0
61 64 148 163 0.000157 0
287 214 322 332 0.000157 0
108 375 144 420 0.000157 0
781 424 939 485 0.000156 0
927 357 944 380 0.000156 0
1017 457 1039 472 0.000156 0
221 194 239 228 0.000156 0
1243 422 1263 462 0.000156 0
1231 615 1249 651 0.000156 0
892 336 925 377 0.000156 0
1269 564 1279 643 0.000155 0
494 390 526 429 0.000155 0
1087 446 1105 470 0.000155 0
991 455 1001 471 0.000155 0
116 175 230 236 0.000155 0
883 418 945 472 0.000154 0
908 473 931 512 0.000154 0
703 424 725 466 0.000154 0
850 421 945 486 0.000154 0
1038 182 1063 213 0.000153 0
585 407 609 435 0.000153 0
766 327 818 368 0.000153 0
779 262 849 345 0.000153 0
1028 64 1164 172 0.000153 0
470 427 497 454 0.000152 0
1264 545 1279 697 0.000152 0
1071 445 1084 457 0.000152 0
815 345 826 363 0.000151 0
981 189 1007 222 0.000151 0
703 319 720 376 0.000151 0
1006 533 1017 551 0.000151 0
807 435 936 486 0.000150 0
282 216 321 323 0.000150 0
677 352 689 369 0.000150 0
1140 379 1189 413 0.000150 0
662 314 680 353 0.000150 0
0 380 8 395 0.000150 0
107 68 217 219 0.000150 0
950 432 971 459 0.000150 0
1264 64 1279 79 0.000150 0
240 249 258 297 0.000149 0
902 537 913 586 0.000149 0
1055 393 1088 426 0.000147 0
1062 64 1123 73 0.000147 0
450 193 542 311 0.000147 0
355 226 368 274 0.000147 0
1039 409 1080 469 0.000147 0
218 191 323 377 0.000147 0
1052 481 1082 500 0.000147 0
1 64 137 195 0.000146 0
0 64 180 120 0.000146 0
1091 443 1120 471 0.000146 0
288 211 321 320 0.000146 0
60 64 215 193 0.000146 0
1258 66 1279 205 0.000146 0
1199 404 1258 456 0.000146 0
825 285 847 329 0.000145 0
355 212 370 276 0.000145 0
868 453 921 487 0.000145 0
1133 392 1157 442 0.000145 0
1046 407 1071 459 0.000145 0
531 202 551 221 0.000144 0
1162 448 1191 475 0.000144 0
1074 401 1097 424 0.000144 0
639 438 651 456 0.000144 0
1065 64 1082 71 0.000143 0
1142 343 1197 395 0.000143 0
1265 624 1279 704 0.000143 0
1079 435 1121 471 0.000143 0
3 65 143 215 0.000143 0
664 480 673 488 0.000143 0
1046 279 1066 295 0.000142 0
1243 65 1279 272 0.000142 0
1017 388 1118 475 0.000142 0
11 512 49 575 0.000142 0
777 64 943 127 0.000142 0
945 335 987 393 0.000142 0
800 306 829 343 0.000142 0
1199 456 1209 474 0.000142 0
673 424 699 440 0.000141 0
849 277 865 339 0.000141 0
781 409 794 417 0.000141 0
510 393 565 432 0.000141 0
638 408 656 438 0.000141 0
1231 204 1279 402 0.000141 0
638 667 676 704 0.000141 0
656 555 672 584 0.000140 0
737 406 774 436 0.000140 0
0 64 70 162 0.000140 0
1053 378 1068 403 0.000140 0
60 502 83 579 0.000139 0
96 64 217 201 0.000139 0
695 424 703 441 0.000139 0
1027 360 1050 391 0.000139 0
681 202 689 216 0.000139 0
719 325 748 364 0.000138 0
703 322 719 376 0.000138 0
746 456 799 478 0.000138 0
0 64 253 341 0.000138 0
975 456 984 464 0.000138 0
1263 333 1279 494 0.000137 0
1267 564 1279 666 0.000137 0
766 239 841 329 0.000136 0
999 342 1083 455 0.000136 0
724 422 739 452 0.000136 0
665 206 677 227 0.000135 0
702 439 721 469 0.000135 0
910 405 926 424 0.000135 0
1139 384 1183 412 0.000135 0
83 64 503 282 0.000134 0
791 372 812 392 0.000134 0
780 238 843 322 0.000134 0
1053 417 1074 465 0.000134 0
1263 367 1279 417 0.000133 0
1176 615 1182 622 0.000133 0
206 187 320 367 0.000133 0
1080 474 1243 509 0.000133 0
1023 382 1126 471 0.000133 0
58 64 187 158 0.000133 0
720 428 785 474 0.000133 0
0 391 31 462 0.000133 0
331 64 496 92 0.000132 0
786 326 841 365 0.000132 0
1015 368 1038 394 0.000132 0
1178 345 1210 385 0.000132 0
894 335 925 390 0.000132 0
1199 393 1211 439 0.000132 0
1262 615 1279 702 0.000131 0
656 550 673 570 0.000131 0
118 72 215 227 0.000131 0
1264 65 1279 81 0.000131 0
1270 558 1279 621 0.000131 0
490 391 531 433 0.000131 0
1035 351 1134 470 0.000130 0
339 64 497 135 0.000130 0
1072 506 1081 519 0.000130 0
794 291 843 344 0.000130 0
715 327 768 405 0.000129 0
1119 64 1153 76 0.000129 0
640 558 648 568 0.000129 0
1196 395 1230 453 0.000129 0
1027 359 1047 383 0.000129 0
939 404 967 445 0.000129 0
767 291 848 345 0.000129 0
38 309 71 403 0.000128 0
1079 375 1098 411 0.000127 0
893 331 924 352 0.000127 0
1249 427 1263 445 0.000127 0
1095 384 1104 408 0.000127 0
1224 340 1280 415 0.000127 0
664 175 673 216 0.000127 0
929 476 944 487 0.000127 0
426 64 497 131 0.000127 0
904 324 928 347 0.000126 0
972 413 1097 488 0.000126 0
1008 481 1018 496 0.000126 0
899 398 912 419 0.000126 0
1016 362 1107 467 0.000126 0
111 391 131 402 0.000126 0
64 66 218 215 0.000126 0
152 185 180 231 0.000125 0
1203 452 1231 473 0.000125 0
1036 651 1058 703 0.000125 0
286 263 320 345 0.000125 0
1020 64 1161 191 0.000125 0
0 367 25 419 0.000125 0
860 466 880 487 0.000125 0
590 364 623 392 0.000124 0
1072 340 1086 360 0.000124 0
1119 64 1150 79 0.000124 0
1262 367 1279 415 0.000124 0
857 405 864 414 0.000124 0
1192 249 1231 287 0.000124 0
1262 64 1279 163 0.000124 0
256 64 340 169 0.000123 0
26 311 66 393 0.000123 0
432 176 445 203 0.000123 0
1021 320 1080 445 0.000123 0
629 544 641 581 0.000123 0
688 423 703 440 0.000123 0
1167 441 1182 459 0.000122 0
175 64 492 198 0.000122 0
1263 366 1279 466 0.000122 0
426 64 497 193 0.000122 0
1264 375 1279 428 0.000122 0
1006 181 1032 220 0.000121 0
1262 64 1279 80 0.000121 0
552 595 579 634 0.000121 0
463 424 497 454 0.000121 0
881 391 896 409 0.000121 0
819 456 832 468 0.000120 0
858 247 905 344 0.000120 0
486 193 539 251 0.000119 0
1018 646 1043 703 0.000119 0
446 217 471 317 0.000119 0
287 254 321 361 0.000119 0
703 422 720 444 0.000119 0
815 562 827 591 0.000118 0
407 252 413 271 0.000118 0
57 500 86 583 0.000118 0
1227 393 1274 459 0.000118 0
1044 645 1057 696 0.000118 0
1076 323 1131 361 0.000118 0
0 105 46 234 0.000117 0
240 395 256 407 0.000117 0
976 344 1010 384 0.000117 0
658 544 684 582 0.000117 0
1142 64 1280 271 0.000117 0
1143 468 1222 515 0.000117 0
1247 430 1264 461 0.000116 0
737 459 770 480 0.000116 0
1100 344 1118 360 0.000116 0
1255 569 1279 675 0.000115 0
656 306 687 376 0.000115 0
628 359 640 377 0.000115 0
911 344 930 393 0.000114 0
989 677 1045 703 0.000114 0
955 424 990 456 0.000114 0
1106 383 1121 400 0.000114 0
958 64 1042 223 0.000114 0
126 64 255 173 0.000114 0
639 538 648 568 0.000114 0
68 178 76 202 0.000114 0
944 312 963 342 0.000114 0
1227 109 1279 187 0.000113 0
426 70 495 207 0.000113 0
591 363 624 392 0.000113 0
912 409 929 435 0.000113 0
566 684 672 703 0.000113 0
287 257 320 355 0.000113 0
1071 466 1083 482 0.000113 0
164 64 257 168 0.000113 0
765 342 817 392 0.000113 0
266 223 298 298 0.000112 0
0 252 33 396 0.000112 0
591 363 625 409 0.000112 0
926 343 953 381 0.000112 0
1024 342 1102 455 0.000112 0
577 579 592 616 0.000112 0
453 202 496 315 0.000112 0
1270 691 1279 703 0.000112 0
1027 359 1128 468 0.000112 0
1068 376 1094 412 0.000111 0
913 405 928 424 0.000111 0
1081 330 1113 360 0.000111 0
627 687 666 703 0.000111 0
675 349 691 366 0.000111 0
559 558 568 576 0.000111 0
687 407 696 421 0.000111 0
527 560 537 592 0.000110 0
767 395 783 424 0.000110 0
887 561 897 599 0.000110 0
0 369 18 414 0.000109 0
814 453 852 477 0.000109 0
164 64 255 98 0.000109 0
710 423 755 470 0.000109 0
320 64 371 104 0.000109 0
959 64 1058 213 0.000108 0
1134 427 1144 444 0.000108 0
988 383 1115 475 0.000108 0
1268 516 1279 631 0.000108 0
122 345 175 413 0.000108 0
0 256 31 403 0.000108 0
580 407 591 430 0.000108 0
1073 337 1090 394 0.000108 0
1071 64 1124 75 0.000108 0
942 313 953 330 0.000107 0
1029 644 1057 703 0.000107 0
1067 64 1280 268 0.000107 0
839 257 885 343 0.000107 0
911 176 935 191 0.000107 0
0 368 9 393 0.000107 0
288 259 321 372 0.000107 0
988 652 1048 703 0.000107 0
768 198 797 236 0.000107 0
1087 466 1106 488 0.000106 0
213 391 240 409 0.000106 0
777 198 794 212 0.000106 0
153 113 230 230 0.000106 0
184 64 483 336 0.000106 0
1071 480 1088 491 0.000106 0
660 289 718 374 0.000105 0
465 680 503 703 0.000105 0
1135 349 1188 402 0.000105 0
332 64 496 158 0.000105 0
1113 402 1165 483 0.000105 0
0 256 49 391 0.000104 0
807 471 818 477 0.000104 0
984 64 1101 223 0.000104 0
307 67 430 208 0.000104 0
1173 455 1205 478 0.000104 0
246 195 393 381 0.000104 0
254 227 291 284 0.000104 0
829 447 862 476 0.000104 0
0 396 31 456 0.000104 0
831 415 863 439 0.000104 0
988 378 1119 471 0.000103 0
470 560 489 597 0.000103 0
1054 402 1111 460 0.000103 0
950 467 1233 504 0.000103 0
1137 340 1190 395 0.000103 0
389 185 399 205 0.000103 0
832 654 852 704 0.000103 0
913 109 1125 266 0.000103 0
361 67 502 221 0.000103 0
1098 413 1116 438 0.000103 0
687 375 695 384 0.000103 0
1131 477 1186 511 0.000102 0
1133 65 1230 242 0.000102 0
90 64 207 164 0.000102 0
680 581 688 595 0.000102 0
1069 330 1090 360 0.000102 0
680 405 687 420 0.000102 0
865 392 879 411 0.000102 0
911 472 929 495 0.000101 0
0 399 30 524 0.000101 0
977 378 1073 464 0.000101 0
255 269 272 319 0.000101 0
100 183 107 202 0.000101 0
559 583 588 632 0.000101 0
764 199 792 236 0.000101 0
851 309 864 338 0.000101 0
1065 424 1107 463 0.000101 0
678 557 689 579 0.000101 0
255 71 327 177 0.000101 0
201 64 479 368 0.000101 0
22 65 140 212 0.000101 0
973 401 1002 427 0.000101 0
66 64 212 180 0.000100 0
1073 335 1090 377 0.000100 0
284 221 322 314 0.000100 0
1248 390 1267 425 0.000100 0
911 473 929 510 0.000100 0
1033 227 1072 271 0.656370 1
974 219 1036 264 0.648065 1
975 224 1038 264 0.558425 1
1124 215 1158 254 0.454877 1
1033 222 1072 271 0.330576 1
1120 216 1159 254 0.300703 1
1122 217 1158 254 0.246876 1
795 237 841 278 0.244070 1
795 227 848 278 0.230119 1
794 232 846 278 0.202233 1
796 238 838 277 0.179047 1
795 224 854 279 0.137503 1
796 224 849 277 0.127798 1
795 221 868 279 0.120100 1
1034 230 1071 271 0.111684 1
795 242 836 277 0.109034 1
974 224 1032 263 0.107816 1
975 228 1034 263 0.106077 1
795 235 837 278 0.105445 1
1117 214 1159 253 0.093768 1
877 229 926 293 0.087443 1
794 224 883 279 0.076722 1
874 229 925 287 0.070831 1
878 227 926 288 0.067676 1
974 220 1024 263 0.049451 1
771 232 843 278 0.047864 1
1124 227 1151 254 0.043903 1
772 237 838 278 0.043888 1
879 224 926 290 0.042776 1
978 226 1037 263 0.040343 1
1034 215 1069 271 0.037768 1
1121 213 1158 253 0.037168 1
800 239 837 277 0.036160 1
876 233 925 287 0.035652 1
800 220 882 279 0.029852 1
999 228 1037 263 0.024258 1
1116 221 1138 253 0.022469 1
1126 214 1159 253 0.019402 1
772 243 837 278 0.018990 1
974 227 1003 262 0.018705 1
876 221 925 284 0.018479 1
852 232 885 283 0.018365 1
1114 219 1136 252 0.018081 1
975 213 1038 264 0.018044 1
1119 227 1138 253 0.017995 1
1121 226 1151 254 0.017656 1
792 224 923 286 0.017422 1
839 223 882 282 0.017412 1
876 239 923 286 0.017343 1
856 229 883 280 0.016984 1
1009 230 1036 262 0.016632 1
1114 216 1138 252 0.015795 1
874 198 927 286 0.015501 1
868 243 895 285 0.015145 1
974 229 1006 262 0.014351 1
792 246 836 278 0.014336 1
866 240 890 283 0.014160 1
915 217 931 249 0.014126 1
865 241 893 285 0.014118 1
870 225 924 285 0.013625 1
876 243 907 286 0.013462 1
974 217 1007 261 0.013164 1
840 227 883 284 0.012849 1
893 261 926 296 0.011948 1
815 240 836 276 0.011634 1
874 246 895 285 0.011616 1
913 204 945 253 0.011576 1
874 229 926 299 0.011391 1
805 236 848 278 0.010810 1
949 272 961 299 0.010698 1
856 227 882 278 0.010318 1
839 217 881 281 0.010260 1
866 238 884 277 0.010049 1
949 272 961 301 0.009961 1
771 245 830 278 0.009720 1
867 232 897 281 0.009673 1
917 221 929 248 0.009525 1
793 221 879 280 0.009313 1
909 269 926 296 0.008734 1
974 233 999 262 0.008446 1
974 232 1008 263 0.008418 1
876 248 911 288 0.008311 1
875 248 895 286 0.008281 1
1123 209 1154 251 0.008260 1
904 268 927 296 0.007929 1
1014 233 1036 262 0.007745 1
1102 219 1130 250 0.007699 1
1102 227 1135 253 0.007619 1
811 228 846 277 0.007571 1
861 241 883 284 0.007345 1
947 272 961 302 0.007269 1
865 244 894 291 0.007241 1
910 265 961 302 0.007168 1
1101 222 1129 252 0.007029 1
1124 219 1156 253 0.006985 1
1130 234 1158 254 0.006596 1
916 212 945 253 0.006319 1
858 226 881 273 0.006294 1
891 263 919 290 0.006243 1
914 268 961 306 0.006196 1
1007 220 1039 263 0.006194 1
814 244 836 277 0.006154 1
802 240 863 281 0.006112 1
775 248 831 278 0.005742 1
1100 215 1131 251 0.005601 1
914 205 933 249 0.005492 1
916 222 929 250 0.005431 1
866 231 882 273 0.005396 1
910 270 927 296 0.005370 1
984 217 1022 263 0.005255 1
884 245 927 297 0.005166 1
895 265 921 290 0.005083 1
816 241 830 264 0.004873 1
926 271 961 301 0.004789 1
807 234 857 281 0.004760 1
900 207 929 262 0.004747 1
770 235 840 288 0.004654 1
867 223 896 269 0.004610 1
891 262 914 286 0.004601 1
1142 214 1159 250 0.004501 1
1107 206 1163 253 0.004472 1
1105 230 1120 248 0.004432 1
887 207 925 265 0.004429 1
974 218 1001 261 0.004321 1
920 204 945 253 0.004295 1
865 230 881 268 0.004146 1
1020 230 1056 265 0.004066 1
772 247 804 277 0.003941 1
1054 215 1076 251 0.003738 1
1066 215 1093 250 0.003657 1
938 272 961 302 0.003641 1
1034 235 1065 270 0.003581 1
866 228 927 300 0.003577 1
897 228 925 266 0.003538 1
1095 214 1132 251 0.003506 1
856 221 880 268 0.003451 1
924 202 945 252 0.003423 1
810 226 856 278 0.003313 1
1064 215 1089 250 0.003302 1
924 233 944 253 0.003270 1
940 272 961 303 0.003121 1
818 241 831 264 0.003093 1
1067 218 1092 251 0.003069 1
772 247 802 277 0.002983 1
1115 214 1135 249 0.002981 1
794 226 861 283 0.002979 1
1103 229 1120 249 0.002932 1
1065 218 1090 251 0.002916 1
908 270 945 297 0.002778 1
1053 219 1075 269 0.002754 1
932 241 945 253 0.002737 1
772 246 808 277 0.002729 1
909 270 945 301 0.002652 1
1144 311 1169 344 0.002591 1
974 236 998 262 0.002589 1
873 199 916 268 0.002581 1
994 213 1023 263 0.002579 1
894 263 919 299 0.002550 1
1143 319 1170 345 0.002466 1
922 270 961 297 0.002409 1
1055 218 1076 251 0.002386 1
976 230 1037 263 0.002311 1
1121 213 1190 252 0.002184 1
886 217 924 265 0.002106 1
865 228 881 262 0.002057 1
850 250 886 295 0.002017 1
846 239 880 291 0.001977 1
770 242 838 288 0.001899 1
849 225 929 290 0.001895 1
1065 208 1086 248 0.001873 1
808 239 860 282 0.001868 1
916 226 928 261 0.001839 1
864 251 923 300 0.001783 1
942 272 961 303 0.001751 1
839 231 871 282 0.001742 1
1066 210 1125 255 0.001659 1
839 227 865 280 0.001642 1
931 236 946 253 0.001608 1
911 221 928 296 0.001576 1
1070 213 1096 234 0.001576 1
1070 215 1094 247 0.001528 1
916 240 962 301 0.001516 1
1141 313 1180 359 0.001506 1
920 270 944 296 0.001410 1
1071 214 1098 250 0.001358 1
868 205 970 297 0.001305 1
925 272 957 305 0.001297 1
804 228 838 267 0.001292 1
772 247 798 276 0.001279 1
1033 235 1052 267 0.001270 1
1038 218 1069 271 0.001220 1
968 237 992 260 0.001211 1
877 198 905 247 0.001137 1
931 243 959 254 0.001102 1
1071 213 1099 234 0.000982 1
924 246 963 300 0.000969 1
910 240 964 298 0.000960 1
877 217 894 244 0.000947 1
923 273 945 312 0.000936 1
858 246 914 297 0.000879 1
1032 210 1118 269 0.000870 1
973 214 987 239 0.000854 1
1066 230 1090 257 0.000854 1
928 233 960 255 0.000830 1
949 272 966 303 0.000803 1
787 230 847 284 0.000786 1
870 205 1049 302 0.000774 1
927 273 946 312 0.000771 1
789 241 846 301 0.000762 1
797 234 830 276 0.000759 1
863 210 884 253 0.000748 1
1144 320 1174 346 0.000745 1
969 236 980 256 0.000691 1
1021 210 1130 275 0.000679 1
1075 216 1097 236 0.000661 1
785 221 964 284 0.000653 1
910 242 951 296 0.000652 1
1144 322 1176 351 0.000596 1
785 222 926 305 0.000594 1
1067 234 1093 257 0.000592 1
921 201 965 254 0.000573 1
1179 173 1229 227 0.000566 1
772 246 795 275 0.000561 1
857 248 896 296 0.000518 1
909 269 945 313 0.000500 1
1056 227 1093 272 0.000492 1
944 239 990 258 0.000465 1
968 237 995 261 0.000465 1
326 236 334 248 0.000438 1
853 258 865 296 0.000432 1
937 213 1093 299 0.000428 1
894 266 916 312 0.000411 1
881 209 1041 263 0.000396 1
910 223 959 290 0.000382 1
893 267 934 313 0.000381 1
847 265 856 282 0.000360 1
949 246 958 254 0.000353 1
915 237 971 276 0.000348 1
895 246 1058 307 0.000345 1
902 207 954 256 0.000343 1
766 199 855 280 0.000325 1
209 234 242 267 0.000318 1
1034 238 1063 270 0.000304 1
847 264 886 296 0.000303 1
1126 235 1180 254 0.000302 1
894 275 912 312 0.000292 1
794 241 855 300 0.000286 1
917 242 964 277 0.000278 1
942 219 1085 301 0.000274 1
768 220 935 312 0.000271 1
801 218 809 233 0.000271 1
901 245 1062 305 0.000264 1
1058 229 1093 273 0.000257 1
785 241 841 300 0.000256 1
767 247 799 278 0.000254 1
1063 207 1113 274 0.000252 1
993 214 1088 301 0.000251 1
941 231 961 254 0.000249 1
941 210 983 257 0.000245 1
1083 210 1243 286 0.000243 1
800 215 812 233 0.000243 1
1055 232 1073 272 0.000231 1
206 234 242 266 0.000215 1
953 217 1058 301 0.000214 1
921 241 990 276 0.000210 1
324 233 353 267 0.000199 1
928 282 944 312 0.000197 1
974 229 1039 272 0.000196 1
878 208 978 302 0.000188 1
927 279 944 312 0.000182 1
768 247 792 277 0.000172 1
1186 254 1229 285 0.000170 1
1139 304 1260 411 0.000170 1
971 205 1150 332 0.000167 1
966 227 1045 299 0.000166 1
770 222 851 341 0.000163 1
939 211 1047 302 0.000155 1
768 227 848 344 0.000154 1
773 220 915 324 0.000153 1
875 251 914 321 0.000151 1
1059 208 1215 285 0.000148 1
924 271 968 313 0.000138 1
769 244 833 300 0.000134 1
971 228 1051 299 0.000121 1
773 243 838 299 0.000121 1
325 229 352 251 0.000119 1
886 261 963 319 0.000114 1
843 261 863 294 0.000113 1
1137 311 1210 406 0.000112 1
1060 232 1095 274 0.000105 1
925 239 997 303 0.000104 1
894 278 912 312 0.000101 1
691 202 729 236 0.043757 2
484 199 515 217 0.035181 2
484 200 514 217 0.026147 2
305 186 322 198 0.018162 2
691 199 730 235 0.018145 2
304 185 323 198 0.016732 2
1014 199 1032 216 0.016730 2
487 199 513 216 0.016056 2
823 329 847 344 0.014753 2
988 197 1064 254 0.012666 2
633 383 658 396 0.012610 2
308 185 323 199 0.012093 2
691 198 732 233 0.011490 2
631 382 658 397 0.011335 2
1103 487 1115 495 0.010171 2
1011 200 1025 216 0.009639 2
692 198 729 228 0.008924 2
1119 488 1136 498 0.008205 2
592 447 608 457 0.007663 2
639 383 658 397 0.007155 2
588 197 651 216 0.007155 2
482 200 517 217 0.007102 2
632 383 658 398 0.007014 2
698 208 728 234 0.006839 2
592 423 608 433 0.006752 2
689 205 728 235 0.006339 2
1118 488 1136 497 0.006269 2
484 197 516 216 0.005865 2
1104 487 1133 498 0.005862 2
668 454 687 464 0.005708 2
495 238 535 251 0.005670 2
642 689 672 703 0.005602 2
531 201 553 218 0.005295 2
605 201 649 216 0.005280 2
1016 202 1029 218 0.005255 2
529 197 553 218 0.005247 2
647 455 656 461 0.004924 2
606 447 624 461 0.004863 2
992 192 1055 253 0.004855 2
432 422 463 443 0.004746 2
1016 205 1039 229 0.004401 2
592 424 600 433 0.004305 2
532 202 549 218 0.004233 2
208 399 223 412 0.004111 2
575 442 592 457 0.004088 2
531 207 544 218 0.003800 2
159 416 168 423 0.003794 2
552 174 579 203 0.003411 2
660 455 674 463 0.003326 2
111 401 165 426 0.003276 2
632 202 651 216 0.003132 2
1066 206 1129 251 0.003030 2
866 177 957 211 0.003012 2
208 398 223 414 0.002956 2
463 422 497 446 0.002761 2
640 384 657 398 0.002675 2
704 209 728 235 0.002667 2
528 204 544 217 0.002661 2
656 454 666 462 0.002646 2
292 176 307 198 0.002487 2
1021 207 1045 229 0.002469 2
158 410 176 424 0.002404 2
246 415 264 423 0.002388 2
111 411 122 425 0.002381 2
463 421 498 442 0.002376 2
206 398 223 414 0.002352 2
872 177 958 216 0.002341 2
96 404 143 425 0.002334 2
1263 239 1279 270 0.002253 2
319 211 331 231 0.002237 2
881 198 903 233 0.002237 2
1065 211 1123 252 0.002180 2
207 398 223 413 0.002151 2
463 424 494 445 0.002135 2
111 409 136 426 0.002109 2
594 464 608 470 0.002094 2
607 447 624 463 0.002084 2
694 197 737 232 0.002030 2
599 319 608 329 0.002006 2
1068 208 1135 251 0.001993 2
1028 320 1087 344 0.001989 2
463 421 497 444 0.001959 2
588 186 655 217 0.001953 2
1261 206 1279 269 0.001938 2
905 180 955 210 0.001934 2
1113 202 1196 248 0.001930 2
1263 200 1279 269 0.001876 2
911 183 956 211 0.001844 2
1016 338 1024 344 0.001833 2
878 199 898 237 0.001812 2
1263 248 1279 270 0.001799 2
591 448 608 458 0.001766 2
308 184 326 199 0.001747 2
1184 503 1200 512 0.001731 2
896 475 917 488 0.001678 2
117 409 143 426 0.001653 2
896 478 913 488 0.001621 2
572 425 609 456 0.001605 2
481 185 522 216 0.001576 2
31 403 64 421 0.001540 2
1013 209 1041 234 0.001539 2
904 456 913 464 0.001520 2
443 422 464 445 0.001505 2
242 414 264 424 0.001469 2
863 335 882 343 0.001461 2
692 198 725 224 0.001452 2
1049 203 1123 252 0.001431 2
1009 188 1043 222 0.001396 2
924 197 955 210 0.001387 2
1032 198 1058 233 0.001380 2
772 462 797 473 0.001370 2
34 410 64 422 0.001365 2
32 409 64 422 0.001364 2
1120 64 1152 76 0.001357 2
1162 501 1177 510 0.001294 2
294 176 306 198 0.001290 2
630 374 655 397 0.001277 2
1251 207 1277 239 0.001262 2
633 203 653 216 0.001257 2
878 198 899 235 0.001255 2
981 205 995 227 0.001253 2
917 199 954 213 0.001216 2
573 425 609 461 0.001211 2
495 236 540 251 0.001179 2
592 447 612 462 0.001168 2
915 199 936 212 0.001164 2
189 392 223 413 0.001159 2
431 422 464 446 0.001157 2
495 238 537 253 0.001140 2
1259 168 1279 181 0.001113 2
319 203 331 231 0.001109 2
639 456 654 461 0.001105 2
297 175 316 197 0.001077 2
1251 198 1275 229 0.001054 2
630 380 657 397 0.001042 2
923 455 936 464 0.001041 2
631 575 640 584 0.001037 2
1039 322 1055 335 0.001018 2
572 428 592 455 0.001017 2
982 207 994 228 0.001017 2
1017 208 1046 236 0.001015 2
483 190 527 216 0.001011 2
1100 162 1208 248 0.001004 2
0 400 31 423 0.000992 2
1103 487 1137 504 0.000978 2
384 420 431 436 0.000975 2
431 421 464 451 0.000969 2
463 424 497 447 0.000968 2
1248 198 1277 235 0.000933 2
907 177 955 211 0.000924 2
191 392 217 407 0.000910 2
1024 321 1087 344 0.000908 2
1026 308 1086 338 0.000903 2
513 187 554 217 0.000896 2
1068 325 1088 341 0.000889 2
868 176 950 214 0.000885 2
698 199 736 234 0.000865 2
1037 321 1055 335 0.000863 2
41 410 63 421 0.000859 2
656 556 667 567 0.000856 2
1176 380 1185 391 0.000850 2
659 450 689 464 0.000847 2
637 196 730 235 0.000844 2
589 425 608 450 0.000840 2
526 198 555 218 0.000831 2
1017 319 1055 344 0.000819 2
1069 326 1088 339 0.000817 2
877 184 966 257 0.000812 2
1039 322 1055 336 0.000808 2
463 426 529 449 0.000804 2
638 677 673 703 0.000793 2
638 375 650 392 0.000793 2
495 221 539 251 0.000783 2
640 382 661 395 0.000781 2
495 239 529 253 0.000774 2
689 213 728 237 0.000752 2
1225 162 1279 182 0.000748 2
1099 161 1224 216 0.000747 2
359 409 367 415 0.000745 2
496 233 538 252 0.000744 2
129 405 144 425 0.000740 2
909 182 954 210 0.000739 2
1263 252 1279 270 0.000738 2
66 406 143 426 0.000736 2
19 200 35 206 0.000735 2
1016 319 1042 332 0.000727 2
481 185 516 215 0.000726 2
0 561 76 600 0.000726 2
197 205 223 228 0.000721 2
1039 322 1054 335 0.000710 2
439 422 466 443 0.000704 2
383 416 431 437 0.000700 2
756 458 798 473 0.000697 2
207 397 224 452 0.000693 2
151 396 194 423 0.000691 2
591 463 608 471 0.000686 2
1015 319 1041 344 0.000682 2
1260 168 1279 199 0.000675 2
140 399 180 424 0.000672 2
659 261 851 349 0.000667 2
1018 319 1051 333 0.000659 2
592 448 611 460 0.000658 2
593 182 651 213 0.000655 2
641 453 668 461 0.000655 2
1250 213 1273 235 0.000651 2
1027 315 1088 344 0.000649 2
199 205 214 222 0.000643 2
220 395 288 443 0.000641 2
1148 471 1168 479 0.000633 2
46 439 63 445 0.000631 2
648 450 668 461 0.000630 2
631 375 659 397 0.000625 2
51 436 80 447 0.000607 2
963 203 991 228 0.000603 2
625 187 652 215 0.000601 2
384 419 428 472 0.000595 2
228 396 288 446 0.000593 2
63 504 79 522 0.000592 2
591 449 608 461 0.000585 2
79 519 96 535 0.000573 2
191 392 212 410 0.000566 2
1120 64 1152 81 0.000563 2
207 393 223 411 0.000560 2
463 430 483 446 0.000551 2
1120 325 1165 344 0.000549 2
1150 344 1174 360 0.000548 2
1261 169 1279 185 0.000548 2
1141 323 1176 360 0.000545 2
219 399 288 443 0.000540 2
1069 204 1098 234 0.000540 2
463 416 521 445 0.000539 2
503 435 527 447 0.000530 2
623 323 659 362 0.000528 2
497 235 541 253 0.000525 2
1226 179 1279 226 0.000517 2
660 449 676 463 0.000511 2
384 418 430 438 0.000510 2
584 431 608 458 0.000508 2
494 431 516 444 0.000507 2
1264 367 1279 375 0.000507 2
438 194 455 206 0.000506 2
208 396 224 457 0.000504 2
264 197 271 207 0.000500 2
1186 471 1216 482 0.000498 2
644 449 658 460 0.000498 2
1023 305 1091 336 0.000498 2
623 322 663 361 0.000498 2
319 201 335 231 0.000497 2
550 202 562 216 0.000497 2
1059 313 1135 344 0.000495 2
1017 321 1085 345 0.000494 2
106 401 176 425 0.000493 2
503 312 528 337 0.000487 2
1183 471 1216 483 0.000487 2
867 183 901 241 0.000485 2
1185 372 1262 423 0.000484 2
454 200 476 215 0.000483 2
0 560 54 600 0.000483 2
1145 501 1163 511 0.000482 2
623 322 658 367 0.000475 2
46 436 81 448 0.000473 2
557 179 582 203 0.000467 2
657 557 672 568 0.000462 2
1160 496 1184 510 0.000461 2
624 321 682 364 0.000458 2
1183 375 1262 423 0.000458 2
503 312 529 336 0.000455 2
1224 160 1279 182 0.000451 2
448 424 464 446 0.000449 2
623 311 694 368 0.000447 2
497 432 519 448 0.000446 2
1223 196 1256 234 0.000446 2
638 383 661 399 0.000444 2
1150 470 1168 479 0.000440 2
455 174 526 217 0.000430 2
1178 381 1194 393 0.000426 2
357 218 368 231 0.000426 2
605 450 644 468 0.000424 2
1099 191 1122 210 0.000417 2
1261 169 1279 202 0.000413 2
63 503 80 524 0.000411 2
965 205 992 255 0.000409 2
1178 163 1237 217 0.000408 2
825 282 849 299 0.000408 2
440 400 518 439 0.000406 2
886 209 996 257 0.000406 2
273 184 294 193 0.000405 2
1261 354 1279 375 0.000403 2
1140 324 1183 360 0.000396 2
384 454 400 472 0.000395 2
326 190 342 199 0.000395 2
271 392 287 399 0.000393 2
1018 320 1043 344 0.000391 2
263 392 288 400 0.000390 2
776 462 799 473 0.000387 2
924 198 959 238 0.000387 2
1181 162 1207 218 0.000387 2
623 315 671 363 0.000382 2
830 536 848 551 0.000380 2
1244 331 1279 415 0.000379 2
409 395 519 441 0.000378 2
691 461 704 469 0.000375 2
495 225 536 251 0.000374 2
0 404 64 424 0.000372 2
46 436 80 447 0.000372 2
608 424 617 432 0.000372 2
63 434 80 445 0.000372 2
215 408 267 427 0.000371 2
64 409 105 424 0.000370 2
959 336 973 346 0.000370 2
439 195 457 207 0.000370 2
1194 380 1261 427 0.000368 2
283 175 310 198 0.000366 2
1182 372 1263 417 0.000363 2
970 480 985 487 0.000363 2
1121 64 1152 82 0.000361 2
430 408 498 444 0.000359 2
273 185 294 194 0.000354 2
194 393 224 459 0.000351 2
603 178 699 216 0.000351 2
1006 511 1017 519 0.000351 2
917 199 979 253 0.000350 2
1045 310 1138 344 0.000349 2
963 198 989 213 0.000346 2
272 181 312 199 0.000345 2
218 392 288 445 0.000344 2
36 567 96 594 0.000333 2
923 195 963 211 0.000328 2
393 397 511 443 0.000325 2
1215 478 1225 488 0.000324 2
1069 330 1088 344 0.000324 2
423 405 508 445 0.000324 2
1120 325 1172 344 0.000323 2
455 303 504 353 0.000321 2
1228 273 1279 316 0.000316 2
385 418 432 438 0.000316 2
1119 64 1139 75 0.000315 2
261 196 270 204 0.000315 2
1055 311 1089 336 0.000315 2
945 206 983 255 0.000314 2
639 688 688 703 0.000313 2
1137 471 1163 479 0.000312 2
1040 326 1088 344 0.000309 2
604 362 624 379 0.000308 2
829 537 849 552 0.000308 2
821 328 847 361 0.000307 2
959 335 976 344 0.000305 2
1188 379 1236 422 0.000305 2
1136 339 1192 360 0.000304 2
639 461 650 471 0.000303 2
623 320 661 376 0.000303 2
653 206 730 236 0.000302 2
588 180 711 217 0.000299 2
1264 350 1279 369 0.000298 2
589 433 625 463 0.000298 2
670 387 685 397 0.000296 2
821 328 848 353 0.000295 2
1248 345 1261 356 0.000293 2
1061 312 1091 337 0.000293 2
34 567 96 589 0.000290 2
156 394 215 424 0.000286 2
168 393 216 424 0.000285 2
256 392 286 404 0.000285 2
1143 338 1197 360 0.000284 2
797 228 816 245 0.000280 2
1206 197 1262 252 0.000279 2
439 567 448 575 0.000278 2
585 424 628 465 0.000278 2
1225 161 1269 182 0.000276 2
1147 343 1196 360 0.000275 2
1193 375 1262 423 0.000274 2
502 298 532 338 0.000274 2
1166 471 1218 490 0.000274 2
250 395 288 443 0.000273 2
384 419 431 439 0.000271 2
1199 302 1228 311 0.000270 2
256 394 273 408 0.000269 2
1031 309 1088 338 0.000269 2
638 686 685 703 0.000269 2
236 408 288 444 0.000268 2
65 408 128 425 0.000268 2
664 544 676 552 0.000267 2
198 395 224 432 0.000267 2
717 455 744 470 0.000266 2
826 536 849 551 0.000265 2
0 564 48 600 0.000265 2
942 456 959 464 0.000265 2
63 407 105 424 0.000264 2
954 204 984 222 0.000264 2
1099 176 1121 208 0.000261 2
667 384 682 394 0.000258 2
483 200 517 222 0.000257 2
1231 283 1279 317 0.000252 2
376 412 432 429 0.000252 2
463 410 513 446 0.000251 2
789 232 802 239 0.000251 2
870 176 944 197 0.000251 2
695 305 763 347 0.000250 2
493 408 522 423 0.000249 2
686 307 758 357 0.000247 2
431 391 523 435 0.000247 2
584 181 731 231 0.000247 2
242 391 288 434 0.000246 2
422 407 477 444 0.000244 2
238 444 299 468 0.000244 2
1075 169 1122 251 0.000242 2
531 201 554 221 0.000241 2
356 216 368 230 0.000241 2
384 451 413 471 0.000240 2
702 304 767 346 0.000240 2
410 391 524 437 0.000239 2
624 377 656 396 0.000239 2
305 185 325 201 0.000238 2
1175 472 1225 489 0.000238 2
431 420 463 456 0.000238 2
984 285 1008 310 0.000238 2
1041 187 1112 255 0.000236 2
719 459 745 471 0.000234 2
239 493 256 503 0.000234 2
254 391 288 421 0.000234 2
294 543 311 552 0.000233 2
462 411 507 443 0.000232 2
1199 303 1216 310 0.000230 2
1170 262 1233 305 0.000229 2
506 234 540 254 0.000229 2
225 398 288 469 0.000228 2
1025 307 1089 336 0.000228 2
481 409 532 428 0.000227 2
390 400 512 441 0.000226 2
681 197 816 237 0.000225 2
31 405 64 444 0.000225 2
105 407 144 437 0.000225 2
1217 167 1269 234 0.000224 2
288 175 309 198 0.000218 2
511 342 521 349 0.000218 2
1145 163 1206 219 0.000217 2
253 397 288 445 0.000217 2
159 391 224 459 0.000216 2
305 409 320 422 0.000214 2
1246 346 1263 359 0.000213 2
298 185 331 233 0.000213 2
479 335 496 357 0.000213 2
235 407 291 470 0.000212 2
32 440 45 446 0.000211 2
1176 221 1279 312 0.000211 2
72 569 96 584 0.000209 2
1185 384 1234 424 0.000207 2
600 447 625 469 0.000205 2
661 272 691 283 0.000204 2
218 442 286 467 0.000204 2
1231 281 1279 314 0.000204 2
261 391 288 434 0.000201 2
289 175 309 198 0.000201 2
623 320 658 378 0.000201 2
822 328 848 358 0.000200 2
591 361 624 392 0.000199 2
619 406 657 426 0.000199 2
1110 314 1168 344 0.000199 2
919 186 956 209 0.000199 2
823 328 861 344 0.000197 2
1263 462 1279 482 0.000197 2
236 411 274 436 0.000197 2
605 359 622 371 0.000194 2
775 470 794 476 0.000193 2
348 412 425 473 0.000192 2
1104 489 1136 509 0.000189 2
466 392 482 399 0.000189 2
1239 544 1257 550 0.000189 2
268 393 288 429 0.000189 2
597 365 609 377 0.000188 2
171 393 223 425 0.000188 2
1245 276 1279 300 0.000187 2
641 375 663 393 0.000187 2
33 440 56 446 0.000183 2
1229 231 1279 328 0.000183 2
1074 330 1111 345 0.000183 2
625 375 641 387 0.000181 2
1116 297 1169 345 0.000178 2
1232 489 1256 510 0.000175 2
65 568 96 581 0.000174 2
3 199 603 400 0.000173 2
1263 361 1279 412 0.000173 2
1167 272 1245 309 0.000173 2
0 571 47 600 0.000173 2
61 503 80 531 0.000172 2
613 406 657 430 0.000172 2
635 669 703 703 0.000172 2
1232 344 1263 358 0.000171 2
1202 369 1247 399 0.000170 2
201 392 224 463 0.000170 2
1168 270 1236 299 0.000169 2
312 424 336 436 0.000169 2
1194 274 1280 317 0.000168 2
313 408 335 413 0.000167 2
328 199 385 229 0.000167 2
660 171 692 217 0.000167 2
1030 304 1068 335 0.000167 2
323 407 349 414 0.000166 2
304 176 326 198 0.000165 2
63 504 80 528 0.000165 2
253 392 280 405 0.000165 2
770 225 790 237 0.000164 2
1171 272 1231 311 0.000164 2
1037 293 1159 338 0.000164 2
672 544 680 551 0.000164 2
492 408 531 427 0.000163 2
216 394 240 408 0.000163 2
635 452 686 472 0.000163 2
304 407 352 440 0.000163 2
1256 483 1279 502 0.000162 2
931 181 948 203 0.000162 2
383 424 416 470 0.000162 2
1006 302 1021 311 0.000162 2
326 199 384 234 0.000162 2
239 494 256 504 0.000161 2
1243 353 1279 419 0.000160 2
305 407 365 442 0.000160 2
1260 280 1279 296 0.000160 2
464 409 515 426 0.000160 2
825 281 855 299 0.000159 2
608 450 625 469 0.000159 2
867 175 931 208 0.000159 2
268 197 279 210 0.000158 2
598 318 609 342 0.000158 2
454 296 497 346 0.000157 2
238 437 292 467 0.000157 2
46 431 81 447 0.000157 2
991 596 1009 617 0.000156 2
296 200 332 232 0.000156 2
1153 163 1204 188 0.000154 2
188 405 282 457 0.000154 2
321 408 344 413 0.000154 2
79 519 112 537 0.000153 2
263 194 272 206 0.000152 2
815 329 847 363 0.000152 2
1008 316 1067 343 0.000152 2
1230 275 1279 296 0.000152 2
718 329 737 347 0.000151 2
666 432 678 440 0.000151 2
31 401 64 453 0.000149 2
1044 309 1089 335 0.000148 2
503 313 529 345 0.000148 2
320 423 336 439 0.000148 2
233 407 274 424 0.000148 2
384 452 415 468 0.000147 2
304 410 320 425 0.000147 2
742 201 792 235 0.000146 2
334 424 351 440 0.000146 2
103 408 144 437 0.000146 2
734 196 797 234 0.000144 2
4 502 87 580 0.000144 2
494 286 516 340 0.000143 2
947 285 1009 312 0.000142 2
244 393 283 408 0.000142 2
743 209 790 236 0.000142 2
637 677 720 703 0.000140 2
343 453 401 472 0.000140 2
229 406 267 425 0.000140 2
388 416 432 431 0.000139 2
48 567 96 580 0.000139 2
1159 273 1280 318 0.000139 2
148 392 218 453 0.000139 2
1169 269 1280 307 0.000139 2
606 455 660 471 0.000138 2
458 302 501 355 0.000138 2
1122 324 1185 360 0.000138 2
307 407 377 437 0.000136 2
1217 249 1280 297 0.000136 2
11 505 65 527 0.000135 2
203 407 274 427 0.000135 2
492 408 512 419 0.000135 2
991 284 1008 311 0.000135 2
697 305 767 335 0.000135 2
703 330 760 377 0.000134 2
629 371 658 397 0.000134 2
487 291 513 346 0.000134 2
765 201 791 237 0.000133 2
624 319 685 377 0.000133 2
349 407 385 440 0.000133 2
1197 275 1230 311 0.000132 2
607 407 656 436 0.000132 2
456 302 496 346 0.000132 2
680 211 698 232 0.000132 2
607 443 643 464 0.000131 2
458 304 497 345 0.000131 2
305 407 352 442 0.000131 2
475 237 532 252 0.000131 2
621 566 640 584 0.000131 2
320 201 354 256 0.000130 2
958 297 1093 346 0.000130 2
1120 64 1152 79 0.000130 2
622 424 633 434 0.000130 2
458 305 497 357 0.000130 2
655 427 684 439 0.000129 2
157 393 185 402 0.000128 2
111 393 126 402 0.000128 2
384 434 416 471 0.000128 2
375 408 384 414 0.000127 2
1150 265 1221 282 0.000127 2
85 400 144 454 0.000127 2
394 401 503 437 0.000126 2
1193 356 1264 402 0.000126 2
765 211 789 237 0.000126 2
236 394 288 458 0.000125 2
912 174 953 204 0.000125 2
1193 257 1232 311 0.000124 2
303 408 320 425 0.000124 2
28 584 48 600 0.000123 2
693 306 759 331 0.000123 2
1225 164 1264 200 0.000122 2
1142 320 1197 353 0.000122 2
638 691 727 703 0.000122 2
1199 289 1233 314 0.000122 2
683 197 711 215 0.000121 2
607 458 639 469 0.000121 2
642 185 669 217 0.000120 2
18 504 81 536 0.000120 2
303 537 320 551 0.000120 2
1230 287 1279 317 0.000120 2
180 390 224 466 0.000119 2
335 425 352 442 0.000119 2
621 360 640 379 0.000118 2
1205 360 1262 397 0.000118 2
322 200 354 233 0.000118 2
672 427 697 440 0.000118 2
985 278 1059 295 0.000117 2
582 187 621 215 0.000117 2
231 408 287 471 0.000117 2
1015 320 1079 362 0.000116 2
12 404 64 443 0.000116 2
656 382 678 395 0.000116 2
762 466 797 476 0.000115 2
239 489 249 498 0.000115 2
584 200 662 225 0.000115 2
825 282 849 304 0.000115 2
1049 308 1119 335 0.000114 2
1150 266 1217 281 0.000114 2
367 416 384 436 0.000114 2
507 242 545 255 0.000113 2
1166 263 1192 269 0.000112 2
31 584 48 600 0.000112 2
528 430 593 456 0.000112 2
977 286 1009 312 0.000111 2
452 285 502 346 0.000111 2
553 178 590 216 0.000110 2
1020 281 1123 338 0.000110 2
1261 278 1279 295 0.000110 2
1049 293 1144 339 0.000110 2
78 519 115 536 0.000109 2
1201 373 1263 410 0.000109 2
335 405 386 438 0.000109 2
606 407 655 429 0.000108 2
935 282 1011 315 0.000108 2
1230 142 1280 183 0.000108 2
268 187 294 203 0.000108 2
352 214 371 232 0.000107 2
538 441 578 455 0.000107 2
504 312 525 350 0.000107 2
385 420 416 470 0.000106 2
1042 278 1059 295 0.000107 2
255 196 271 210 0.000106 2
1248 248 1279 296 0.000106 2
1200 273 1231 311 0.000106 2
623 312 675 363 0.000105 2
89 400 178 434 0.000105 2
868 173 941 205 0.000105 2
121 518 156 536 0.000105 2
84 520 134 538 0.000105 2
1215 473 1225 485 0.000104 2
123 518 145 537 0.000104 2
597 318 617 336 0.000104 2
195 404 284 473 0.000104 2
35 433 81 469 0.000103 2
63 407 139 436 0.000102 2
462 202 532 251 0.000102 2
494 306 513 350 0.000102 2
96 410 143 438 0.000102 2
748 203 790 235 0.000102 2
948 288 1009 312 0.000101 2
73 416 144 457 0.000101 2
5 499 86 594 0.000101 2
392 452 416 465 0.000101 2
455 399 463 406 0.000100 2
769 413 798 425 0.000100 2
1026 304 1058 333 0.000100 2
1181 164 1279 231 0.003307 5
1181 163 1279 239 0.002669 5
1221 166 1279 252 0.001846 5
830 135 939 171 0.001656 5
1180 161 1279 223 0.001395 5
828 135 940 175 0.001395 5
1224 162 1279 205 0.001161 5
449 162 587 215 0.000640 5
444 160 590 217 0.000554 5
1224 163 1279 208 0.000440 5
1225 169 1279 205 0.000407 5
448 145 527 174 0.000385 5
879 189 1224 288 0.000228 5
479 170 515 202 0.000215 5
464 145 526 171 0.000203 5
439 178 485 214 0.000171 5
469 144 526 167 0.000167 5
1160 279 1280 318 0.000162 5
713 179 1181 301 0.000110 5
646 252 1279 493 0.215006 6
649 249 1278 375 0.038992 6
641 265 1263 383 0.029431 6
641 256 1277 429 0.025397 6
652 259 1279 360 0.023370 6
641 264 1258 456 0.019754 6
646 227 1278 380 0.018734 6
928 266 1279 346 0.017892 6
928 267 1279 483 0.016662 6
641 261 1243 371 0.012299 6
642 242 1273 371 0.011169 6
732 265 1279 491 0.007852 6
640 259 1207 367 0.005181 6
678 198 1278 345 0.004873 6
792 265 1278 489 0.004832 6
698 132 956 240 0.004213 6
924 214 1279 346 0.004197 6
917 206 1278 343 0.003523 6
659 187 1277 358 0.003488 6
640 261 1227 473 0.003300 6
1082 157 1279 265 0.002925 6
1035 267 1279 480 0.002922 6
461 162 580 207 0.002879 6
641 254 1231 378 0.002756 6
924 265 1278 360 0.002719 6
329 410 705 465 0.002582 6
455 154 580 209 0.002449 6
641 266 1182 477 0.002302 6
990 267 1279 481 0.002195 6
1087 159 1278 256 0.002179 6
679 265 1279 501 0.002115 6
830 135 939 164 0.001963 6
1036 269 1279 423 0.001778 6
942 268 1279 450 0.001734 6
917 186 1279 351 0.001716 6
498 168 579 204 0.001600 6
1025 266 1280 356 0.001564 6
484 158 580 204 0.001460 6
336 409 739 468 0.001413 6
649 289 1276 497 0.001321 6
640 266 1006 374 0.001282 6
334 410 707 470 0.001280 6
445 154 581 212 0.001275 6
911 272 1279 498 0.001223 6
897 192 1278 330 0.001198 6
830 135 939 159 0.001193 6
326 408 707 474 0.001159 6
1096 276 1279 483 0.001142 6
651 383 1262 491 0.001124 6
675 417 1261 491 0.001111 6
490 155 580 204 0.001085 6
486 167 579 205 0.001062 6
487 172 578 207 0.001054 6
1037 283 1279 491 0.001041 6
925 158 1278 359 0.001014 6
1019 273 1279 495 0.000998 6
363 406 944 473 0.000989 6
422 408 952 474 0.000975 6
1116 420 1279 480 0.000899 6
1076 270 1279 476 0.000882 6
810 135 940 226 0.000851 6
1070 158 1274 240 0.000786 6
1005 202 1279 395 0.000751 6
1122 421 1278 477 0.000735 6
640 261 1107 479 0.000716 6
930 274 1131 338 0.000696 6
371 410 944 479 0.000685 6
17 426 328 475 0.000668 6
349 256 939 478 0.000667 6
650 188 1243 341 0.000666 6
331 411 921 473 0.000665 6
1112 422 1278 488 0.000646 6
796 194 1276 296 0.000625 6
665 400 1192 484 0.000621 6
1057 161 1278 336 0.000563 6
1099 290 1279 492 0.000529 6
711 418 1234 488 0.000521 6
688 461 1275 507 0.000505 6
521 416 955 478 0.000501 6
669 399 1275 499 0.000483 6
682 453 1274 508 0.000480 6
930 273 1123 334 0.000477 6
679 439 1273 514 0.000462 6
443 154 582 219 0.000461 6
620 264 953 379 0.000458 6
562 258 957 409 0.000451 6
748 459 1275 509 0.000449 6
620 258 958 403 0.000446 6
410 254 951 480 0.000438 6
452 158 586 219 0.000416 6
819 133 939 161 0.000408 6
1124 342 1277 477 0.000403 6
935 271 1154 342 0.000399 6
924 275 1127 383 0.000393 6
1136 279 1279 484 0.000385 6
1118 409 1279 483 0.000382 6
640 261 971 472 0.000377 6
1045 418 1275 472 0.000368 6
431 257 945 413 0.000366 6
1 71 336 394 0.000363 6
672 423 1273 523 0.000358 6
673 411 1276 501 0.000340 6
359 255 926 443 0.000334 6
830 465 1275 509 0.000329 6
1028 368 1280 474 0.000327 6
440 142 689 219 0.000320 6
650 74 950 242 0.000319 6
1052 266 1266 302 0.000319 6
637 259 959 383 0.000316 6
704 302 768 329 0.000313 6
930 276 1103 363 0.000301 6
1026 402 1270 477 0.000295 6
1043 339 1278 474 0.000290 6
670 425 1276 501 0.000289 6
1 108 472 390 0.000287 6
334 359 715 463 0.000285 6
605 264 901 382 0.000279 6
988 471 1276 513 0.000267 6
1078 66 1280 267 0.000251 6
659 417 1268 537 0.000250 6
604 409 703 466 0.000250 6
333 304 905 469 0.000244 6
922 280 1102 390 0.000240 6
919 469 1277 512 0.000238 6
1045 167 1276 255 0.000234 6
553 406 703 464 0.000233 6
724 423 994 482 0.000229 6
1155 66 1280 271 0.000229 6
1142 272 1280 464 0.000226 6
320 447 397 472 0.000219 6
931 284 1101 386 0.000215 6
715 388 1278 508 0.000213 6
678 393 1048 480 0.000206 6
1 168 527 392 0.000202 6
9 422 316 474 0.000201 6
1025 469 1260 501 0.000195 6
349 252 896 453 0.000190 6
4 78 457 386 0.000181 6
1 86 417 394 0.000179 6
600 263 785 381 0.000175 6
625 422 703 467 0.000174 6
323 65 625 229 0.000171 6
817 393 1278 507 0.000170 6
1045 426 1274 511 0.000166 6
334 250 848 462 0.000162 6
1123 285 1280 496 0.000161 6
1064 69 1278 261 0.000161 6
669 414 1249 544 0.000158 6
1019 375 1280 474 0.000157 6
1038 470 1280 514 0.000156 6
1010 386 1279 510 0.000154 6
1063 372 1280 512 0.000154 6
599 405 790 468 0.000141 6
515 261 956 483 0.000134 6
1019 344 1271 472 0.000133 6
688 337 937 409 0.000133 6
914 294 1118 430 0.000130 6
467 144 527 162 0.000128 6
328 246 793 471 0.000125 6
689 338 919 397 0.000122 6
152 173 270 229 0.000121 6
1010 394 1280 481 0.000114 6
319 447 387 472 0.000103 6
1154 300 1280 356 0.000103 6
1128 330 1274 468 0.000102 6
152 174 259 229 0.000102 6
332 397 836 555 0.000101 6
867 176 956 237 0.426250 7
831 176 956 239 0.064391 7
867 176 938 236 0.047927 7
704 153 955 240 0.047782 7
802 176 956 238 0.047548 7
1182 166 1279 267 0.043228 7
866 175 979 250 0.039864 7
867 176 946 232 0.036638 7
703 161 956 242 0.035870 7
833 176 961 243 0.034847 7
866 176 965 250 0.033599 7
697 152 951 235 0.031873 7
587 184 621 214 0.026434 7
587 184 655 216 0.026333 7
805 174 956 244 0.023899 7
713 152 868 236 0.021850 7
730 173 956 242 0.021659 7
1183 228 1279 268 0.014248 7
586 183 624 214 0.011014 7
1183 190 1279 267 0.010993 7
1210 169 1279 267 0.010958 7
587 183 621 203 0.010738 7
712 153 804 235 0.009838 7
823 175 965 247 0.008561 7
715 153 841 237 0.008487 7
714 153 804 226 0.007192 7
691 195 730 235 0.007115 7
868 175 986 253 0.006108 7
1217 167 1279 266 0.005485 7
549 172 579 203 0.004570 7
866 176 942 228 0.004276 7
691 181 733 235 0.004002 7
854 132 955 238 0.003926 7
867 177 934 233 0.003841 7
1183 202 1279 269 0.003757 7
689 153 806 234 0.003421 7
800 134 949 244 0.003290 7
811 135 952 240 0.003111 7
809 134 956 247 0.002937 7
717 152 862 249 0.002875 7
690 183 730 229 0.002778 7
805 154 859 219 0.002776 7
1098 163 1207 215 0.002669 7
1180 164 1276 261 0.002639 7
661 268 768 370 0.002573 7
751 144 959 246 0.002554 7
582 184 621 211 0.002525 7
1222 169 1279 263 0.002414 7
589 182 656 217 0.002363 7
804 155 859 213 0.002219 7
587 163 658 217 0.002194 7
1088 167 1202 250 0.002086 7
547 172 579 202 0.002070 7
779 135 953 238 0.002026 7
1098 165 1174 225 0.001917 7
659 267 851 366 0.001904 7
1120 162 1279 268 0.001825 7
689 174 733 235 0.001771 7
493 170 579 206 0.001765 7
1226 185 1279 265 0.001757 7
661 267 851 348 0.001731 7
588 195 619 214 0.001714 7
785 179 944 270 0.001674 7
867 178 906 239 0.001629 7
64 403 150 427 0.001547 7
717 151 805 207 0.001523 7
1099 164 1205 222 0.001484 7
175 392 219 418 0.001463 7
689 183 730 236 0.001453 7
725 152 805 205 0.001402 7
584 184 620 213 0.001390 7
648 152 963 348 0.001326 7
805 155 859 258 0.001300 7
588 190 618 214 0.001236 7
662 284 769 377 0.001229 7
1098 161 1205 218 0.001184 7
591 200 649 215 0.001170 7
1101 162 1208 219 0.001150 7
587 158 659 217 0.001115 7
1073 166 1193 249 0.001092 7
1019 273 1280 352 0.001079 7
674 268 845 384 0.001073 7
727 157 802 206 0.001033 7
699 134 959 240 0.001022 7
588 155 677 217 0.001001 7
175 393 213 418 0.000983 7
701 300 768 376 0.000967 7
180 392 223 417 0.000967 7
191 392 223 414 0.000953 7
723 164 803 207 0.000950 7
688 156 947 284 0.000916 7
1100 165 1156 209 0.000910 7
1222 178 1279 235 0.000908 7
695 184 729 217 0.000826 7
1037 271 1280 348 0.000826 7
697 184 729 215 0.000798 7
531 169 579 216 0.000783 7
862 202 980 255 0.000782 7
1221 174 1278 234 0.000774 7
478 168 524 216 0.000769 7
725 166 803 213 0.000748 7
779 140 979 251 0.000739 7
1090 166 1183 209 0.000733 7
685 183 732 227 0.000706 7
1081 164 1279 270 0.000685 7
820 182 953 272 0.000680 7
547 172 579 216 0.000641 7
689 161 806 236 0.000632 7
662 277 769 368 0.000630 7
1180 374 1261 425 0.000597 7
772 191 957 278 0.000554 7
596 173 631 201 0.000551 7
1102 166 1166 236 0.000535 7
649 296 768 377 0.000517 7
701 302 768 346 0.000516 7
716 156 809 236 0.000510 7
585 182 622 204 0.000493 7
631 152 958 327 0.000486 7
293 199 386 277 0.000485 7
723 167 800 214 0.000484 7
933 270 1152 338 0.000475 7
838 175 935 238 0.000472 7
630 265 938 363 0.000461 7
1231 484 1262 510 0.000455 7
868 162 999 238 0.000450 7
934 202 976 254 0.000448 7
941 205 975 255 0.000445 7
612 270 771 376 0.000439 7
1244 173 1279 217 0.000402 7
927 272 1146 336 0.000385 7
455 161 578 219 0.000384 7
997 269 1151 339 0.000364 7
1111 184 1164 221 0.000358 7
538 179 640 215 0.000347 7
627 291 769 376 0.000316 7
578 139 669 218 0.000312 7
703 303 768 339 0.000308 7
943 207 976 255 0.000305 7
1 188 483 379 0.000291 7
730 164 801 211 0.000282 7
718 168 792 215 0.000278 7
1026 275 1263 351 0.000272 7
590 152 668 214 0.000270 7
1261 167 1279 255 0.000257 7
1222 161 1279 230 0.000252 7
1180 159 1280 360 0.000251 7
585 155 656 210 0.000249 7
541 165 659 212 0.000241 7
661 268 769 349 0.000239 7
597 150 652 207 0.000237 7
1020 271 1271 343 0.000236 7
1023 270 1152 343 0.000235 7
803 135 918 225 0.000231 7
587 165 703 217 0.000230 7
729 155 803 208 0.000227 7
693 183 739 233 0.000226 7
6 194 429 372 0.000226 7
1155 301 1280 366 0.000222 7
605 153 635 193 0.000219 7
417 163 683 227 0.000216 7
931 273 1148 346 0.000216 7
609 262 890 371 0.000215 7
532 160 903 238 0.000214 7
306 199 385 272 0.000213 7
806 126 1008 260 0.000211 7
827 134 951 228 0.000209 7
693 166 765 228 0.000191 7
641 236 958 376 0.000191 7
1028 274 1150 345 0.000191 7
793 175 1062 281 0.000184 7
1002 270 1169 340 0.000182 7
495 146 931 251 0.000178 7
1018 275 1143 344 0.000176 7
726 176 795 223 0.000170 7
853 145 999 222 0.000169 7
753 248 958 344 0.000164 7
1050 189 1146 329 0.000158 7
706 120 873 222 0.000157 7
719 266 959 344 0.000156 7
620 166 951 371 0.000156 7
607 262 779 372 0.000154 7
728 178 800 228 0.000154 7
631 295 768 381 0.000152 7
603 407 656 435 0.000148 7
646 156 774 215 0.000142 7
705 299 823 389 0.000141 7
1047 271 1141 334 0.000141 7
1035 229 1263 332 0.000135 7
470 168 502 206 0.000131 7
460 152 523 173 0.000126 7
706 300 768 384 0.000126 7
715 169 788 226 0.000126 7
1030 271 1158 344 0.000125 7
701 121 865 215 0.000120 7
641 182 944 369 0.000117 7
1156 302 1271 359 0.000115 7
623 296 771 376 0.000114 7
0 396 32 461 0.000113 7
1043 271 1142 330 0.000112 7
660 169 692 216 0.000112 7
189 392 225 467 0.000111 7
525 101 795 230 0.000111 7
1160 299 1273 355 0.000110 7
612 268 720 375 0.000109 7
561 150 952 342 0.000108 7
1040 197 1190 337 0.000106 7
1087 280 1165 342 0.000103 7
920 155 999 219 0.000101 7
1089 150 1103 178 0.610736 9
512 151 524 181 0.177477 9
895 153 908 176 0.109145 9
239 178 247 190 0.085098 9
372 167 382 185 0.084171 9
365 167 373 189 0.078582 9
512 151 525 182 0.077548 9
512 151 523 184 0.074624 9
512 150 524 180 0.043984 9
1089 150 1105 178 0.043620 9
895 152 909 177 0.043397 9
1207 170 1215 186 0.039873 9
1013 136 1025 169 0.038685 9
119 64 160 78 0.033614 9
448 157 490 170 0.033552 9
1207 168 1216 186 0.033139 9
878 153 890 170 0.026807 9
1089 151 1104 182 0.026703 9
372 167 381 186 0.025746 9
869 153 881 177 0.023568 9
362 167 370 189 0.020553 9
1215 167 1224 184 0.017411 9
787 198 796 213 0.016039 9
553 173 576 201 0.015372 9
880 152 895 172 0.014519 9
867 152 881 176 0.014477 9
1014 134 1025 169 0.014257 9
313 151 342 194 0.014212 9
512 151 528 185 0.014086 9
813 145 823 160 0.013985 9
119 64 162 79 0.013920 9
523 183 536 196 0.013345 9
172 64 202 91 0.013197 9
224 183 231 192 0.012568 9
119 64 173 78 0.012542 9
118 64 178 78 0.012191 9
449 158 488 171 0.011775 9
516 191 526 201 0.011415 9
1197 384 1206 400 0.011366 9
1198 384 1207 416 0.010660 9
217 185 223 201 0.010629 9
157 64 203 91 0.010621 9
216 183 224 195 0.010459 9
239 176 249 192 0.010457 9
880 151 896 173 0.009983 9
813 144 823 157 0.009411 9
1195 384 1206 410 0.009301 9
169 64 202 90 0.009166 9
119 64 202 89 0.009155 9
516 192 524 205 0.008449 9
119 64 184 80 0.008446 9
257 179 262 190 0.008421 9
665 180 671 197 0.008093 9
512 191 524 209 0.008073 9
558 180 568 198 0.007958 9
550 172 580 202 0.007668 9
1214 167 1224 184 0.007544 9
519 182 548 200 0.006849 9
865 151 880 176 0.006780 9
863 164 870 183 0.006652 9
550 172 578 201 0.006615 9
681 167 688 184 0.006496 9
517 192 526 208 0.006408 9
1190 385 1204 401 0.005984 9
681 168 688 184 0.005842 9
522 183 539 199 0.005742 9
863 165 869 184 0.005661 9
1007 136 1021 170 0.005369 9
125 64 202 91 0.005342 9
1207 168 1216 199 0.005255 9
693 177 704 199 0.004945 9
1154 160 1167 184 0.004934 9
896 152 908 176 0.004823 9
447 157 490 180 0.004771 9
808 158 857 187 0.004660 9
1154 159 1168 184 0.004570 9
801 143 812 158 0.004460 9
1005 136 1025 170 0.004303 9
166 64 177 76 0.004208 9
362 167 372 189 0.004206 9
1012 134 1025 170 0.004200 9
690 168 696 183 0.004003 9
808 160 858 185 0.003957 9
875 152 892 176 0.003944 9
693 178 702 199 0.003894 9
1097 133 1105 167 0.003878 9
1006 136 1023 170 0.003817 9
521 183 537 199 0.003810 9
1087 185 1096 208 0.003775 9
952 346 960 364 0.003749 9
1145 165 1154 185 0.003730 9
1089 150 1109 178 0.003681 9
886 152 903 176 0.003676 9
159 64 188 88 0.003610 9
313 146 353 198 0.003589 9
257 145 266 160 0.003583 9
111 151 128 163 0.003555 9
927 152 937 170 0.003553 9
665 181 670 200 0.003511 9
809 167 816 181 0.003365 9
864 151 881 175 0.003359 9
1088 149 1104 198 0.003352 9
312 157 341 195 0.003307 9
545 168 552 183 0.003256 9
808 160 858 189 0.003252 9
686 169 694 184 0.003203 9
159 64 170 75 0.003197 9
802 144 812 159 0.003180 9
160 64 180 92 0.003073 9
313 151 352 199 0.002947 9
258 143 268 160 0.002911 9
809 155 858 182 0.002884 9
1192 164 1202 186 0.002883 9
163 64 202 91 0.002878 9
257 140 268 160 0.002863 9
809 150 855 181 0.002809 9
509 171 550 189 0.002796 9
512 151 546 185 0.002686 9
809 157 857 184 0.002656 9
540 169 578 201 0.002651 9
587 167 603 185 0.002630 9
545 169 554 200 0.002616 9
121 64 182 84 0.002581 9
1055 152 1063 166 0.002572 9
804 143 823 160 0.002521 9
511 168 550 184 0.002512 9
119 64 202 92 0.002504 9
842 119 865 136 0.002489 9
246 177 257 192 0.002470 9
586 118 598 135 0.002439 9
487 173 496 183 0.002384 9
94 154 104 176 0.002378 9
665 170 671 195 0.002358 9
259 142 268 160 0.002347 9
512 171 548 189 0.002340 9
845 119 865 136 0.002279 9
1048 157 1055 168 0.002273 9
1190 160 1202 187 0.002265 9
587 168 604 185 0.002262 9
804 145 816 160 0.002249 9
1104 170 1120 203 0.002246 9
447 157 490 190 0.002244 9
1230 167 1247 181 0.002201 9
265 215 276 231 0.002167 9
222 181 233 195 0.002085 9
448 154 490 170 0.002076 9
840 119 862 135 0.002070 9
1191 166 1201 186 0.002061 9
445 157 491 184 0.002049 9
1181 166 1201 216 0.002009 9
240 164 248 191 0.002009 9
166 64 185 76 0.002007 9
247 176 257 192 0.001994 9
256 177 262 191 0.001977 9
313 148 341 193 0.001938 9
585 118 599 166 0.001903 9
751 361 758 375 0.001861 9
94 152 105 176 0.001860 9
1089 135 1105 177 0.001845 9
1100 137 1110 164 0.001830 9
992 138 1001 169 0.001818 9
680 169 689 202 0.001807 9
524 183 548 201 0.001789 9
992 144 1000 168 0.001785 9
580 64 596 91 0.001778 9
447 156 490 201 0.001762 9
952 353 960 368 0.001745 9
111 151 128 165 0.001704 9
266 216 277 231 0.001695 9
998 134 1010 173 0.001691 9
831 135 860 166 0.001675 9
543 164 579 203 0.001668 9
544 161 581 204 0.001632 9
514 169 549 182 0.001618 9
855 281 863 295 0.001602 9
831 136 860 164 0.001596 9
927 150 939 172 0.001578 9
952 344 960 362 0.001558 9
840 119 856 135 0.001553 9
1100 135 1110 164 0.001537 9
580 64 597 92 0.001518 9
312 78 363 197 0.001517 9
586 118 598 139 0.001491 9
119 64 190 93 0.001479 9
222 183 231 199 0.001464 9
999 134 1011 179 0.001446 9
1204 407 1215 416 0.001437 9
969 176 975 186 0.001432 9
842 150 858 166 0.001415 9
1013 133 1033 170 0.001368 9
832 138 859 166 0.001345 9
596 64 625 92 0.001311 9
312 76 367 197 0.001307 9
372 167 385 196 0.001286 9
1003 135 1023 177 0.001268 9
1180 164 1203 218 0.001264 9
1209 167 1225 208 0.001253 9
222 176 248 194 0.001248 9
477 158 579 204 0.001241 9
806 146 856 188 0.001236 9
265 215 277 232 0.001201 9
312 122 349 197 0.001196 9
830 135 861 165 0.001193 9
111 136 128 164 0.001187 9
990 680 1005 703 0.001186 9
1097 128 1104 150 0.001185 9
1093 147 1111 177 0.001178 9
1207 158 1218 189 0.001178 9
1013 135 1039 171 0.001175 9
332 183 343 199 0.001174 9
738 203 744 214 0.001166 9
960 339 967 351 0.001141 9
1044 152 1056 168 0.001127 9
445 157 492 207 0.001102 9
586 120 599 167 0.001102 9
495 151 580 206 0.001089 9
959 135 977 163 0.001088 9
832 146 858 164 0.001083 9
693 173 701 194 0.001078 9
1154 161 1168 184 0.001066 9
751 358 759 375 0.001051 9
1088 145 1104 177 0.001050 9
993 133 1002 170 0.001042 9
1208 168 1217 201 0.001038 9
1073 150 1103 188 0.001029 9
810 164 859 192 0.001024 9
893 147 931 180 0.001021 9
571 162 581 178 0.001007 9
960 135 981 165 0.001003 9
1182 165 1202 217 0.000989 9
638 160 644 170 0.000988 9
448 158 488 177 0.000986 9
447 148 566 213 0.000985 9
989 680 1007 703 0.000969 9
1041 157 1053 169 0.000965 9
664 324 677 348 0.000954 9
800 130 821 159 0.000953 9
996 130 1008 173 0.000944 9
812 150 850 164 0.000942 9
1018 157 1029 169 0.000941 9
808 168 817 187 0.000924 9
574 180 582 201 0.000918 9
799 131 818 157 0.000884 9
312 99 361 198 0.000880 9
589 64 624 93 0.000877 9
1012 135 1029 181 0.000866 9
592 64 624 93 0.000863 9
1087 677 1104 703 0.000851 9
1074 148 1103 186 0.000850 9
214 184 225 222 0.000847 9
1229 168 1246 182 0.000846 9
1183 164 1202 187 0.000844 9
256 128 268 160 0.000844 9
225 177 247 193 0.000840 9
44 312 59 341 0.000840 9
701 117 720 129 0.000833 9
512 182 526 196 0.000830 9
42 312 61 344 0.000827 9
432 171 446 193 0.000822 9
838 119 863 135 0.000814 9
312 153 343 198 0.000805 9
697 126 705 152 0.000797 9
585 119 600 169 0.000797 9
1148 161 1168 184 0.000785 9
1071 142 1095 203 0.000783 9
1186 164 1216 196 0.000783 9
812 156 855 177 0.000782 9
1142 158 1169 185 0.000773 9
690 169 703 182 0.000771 9
1104 164 1151 185 0.000770 9
804 128 818 156 0.000757 9
43 311 63 340 0.000757 9
830 135 918 169 0.000754 9
959 135 976 162 0.000749 9
477 144 525 182 0.000746 9
997 133 1010 173 0.000741 9
372 156 382 185 0.000737 9
843 114 870 136 0.000730 9
488 151 525 189 0.000720 9
248 194 256 212 0.000717 9
926 147 944 177 0.000715 9
585 119 600 176 0.000711 9
575 273 605 341 0.000711 9
851 136 938 172 0.000708 9
701 118 719 128 0.000704 9
883 136 939 179 0.000702 9
1183 158 1202 188 0.000698 9
312 146 340 194 0.000697 9
665 317 680 346 0.000695 9
1100 165 1155 208 0.000694 9
669 313 681 344 0.000691 9
664 169 678 207 0.000688 9
540 181 551 202 0.000683 9
312 183 326 197 0.000682 9
352 164 362 188 0.000679 9
989 679 1016 703 0.000679 9
831 135 891 169 0.000678 9
1100 169 1121 206 0.000673 9
111 202 121 218 0.000673 9
664 304 681 349 0.000670 9
829 135 927 175 0.000670 9
575 276 599 349 0.000667 9
735 627 744 650 0.000666 9
698 129 704 152 0.000665 9
546 160 580 180 0.000662 9
1224 165 1233 181 0.000662 9
684 168 703 200 0.000662 9
547 160 580 181 0.000660 9
807 163 857 209 0.000659 9
853 136 939 155 0.000657 9
214 163 224 177 0.000654 9
1100 165 1151 202 0.000651 9
340 163 353 194 0.000638 9
1186 154 1218 194 0.000637 9
1108 155 1118 168 0.000635 9
664 295 672 314 0.000631 9
743 360 751 374 0.000631 9
1104 172 1121 204 0.000628 9
445 157 491 218 0.000627 9
743 360 752 375 0.000622 9
432 170 446 197 0.000620 9
1073 135 1103 182 0.000619 9
309 100 393 197 0.000610 9
944 168 960 187 0.000600 9
170 64 210 91 0.000594 9
990 679 1009 703 0.000594 9
223 176 236 192 0.000592 9
623 263 640 283 0.000592 9
1080 130 1106 178 0.000589 9
260 166 271 179 0.000588 9
690 119 709 178 0.000588 9
67 170 81 177 0.000584 9
1102 164 1150 188 0.000584 9
480 149 524 183 0.000582 9
913 151 929 178 0.000575 9
680 170 690 215 0.000573 9
665 314 681 347 0.000572 9
1212 372 1223 386 0.000562 9
944 168 959 183 0.000562 9
512 145 525 181 0.000561 9
1040 150 1055 168 0.000559 9
313 140 355 197 0.000559 9
462 181 478 199 0.000559 9
1102 165 1152 206 0.000552 9
223 168 231 176 0.000551 9
1149 163 1166 184 0.000549 9
339 165 352 196 0.000548 9
849 136 938 153 0.000547 9
43 311 64 346 0.000547 9
432 170 446 194 0.000546 9
993 131 1002 170 0.000545 9
1209 156 1227 183 0.000539 9
802 129 830 160 0.000537 9
1098 164 1136 204 0.000536 9
660 152 671 174 0.000536 9
577 290 594 324 0.000536 9
594 64 626 105 0.000534 9
690 120 706 154 0.000533 9
208 182 223 198 0.000532 9
94 151 105 176 0.000530 9
830 135 860 160 0.000530 9
215 161 224 176 0.000529 9
803 146 813 160 0.000528 9
210 167 217 176 0.000516 9
160 65 178 93 0.000514 9
832 135 941 176 0.000512 9
1019 162 1031 184 0.000509 9
959 135 995 168 0.000509 9
409 181 418 203 0.000509 9
827 164 871 226 0.000506 9
664 167 671 181 0.000506 9
96 183 101 200 0.000503 9
1073 150 1081 164 0.000499 9
499 171 512 186 0.000498 9
663 169 689 214 0.000497 9
980 142 993 168 0.000493 9
1081 173 1090 183 0.000492 9
927 146 944 171 0.000490 9
314 89 333 156 0.000490 9
663 295 682 348 0.000489 9
630 167 640 193 0.000482 9
906 127 912 136 0.000481 9
345 177 353 199 0.000480 9
119 64 174 91 0.000479 9
576 273 606 352 0.000478 9
1017 166 1032 185 0.000477 9
1183 165 1217 200 0.000477 9
1100 129 1133 169 0.000472 9
574 128 581 162 0.000470 9
585 122 604 186 0.000468 9
512 148 545 184 0.000462 9
310 90 333 165 0.000458 9
1196 165 1221 210 0.000454 9
911 163 921 178 0.000453 9
169 64 245 91 0.000451 9
1096 121 1136 170 0.000448 9
689 119 706 175 0.000446 9
1197 148 1206 182 0.000444 9
1090 230 1103 270 0.000444 9
306 76 350 196 0.000443 9
833 150 873 205 0.000441 9
241 161 250 180 0.000436 9
875 135 940 179 0.000434 9
1147 160 1195 185 0.000433 9
1171 148 1185 164 0.000433 9
1070 122 1108 183 0.000430 9
1103 136 1122 168 0.000428 9
479 335 496 357 0.000428 9
794 117 836 160 0.000426 9
814 151 845 164 0.000424 9
597 135 606 150 0.000419 9
575 126 581 161 0.000418 9
410 176 418 187 0.000412 9
638 161 658 204 0.000412 9
1103 132 1137 167 0.000411 9
1101 128 1137 167 0.000408 9
839 135 938 153 0.000407 9
637 160 650 191 0.000398 9
1072 149 1083 176 0.000397 9
1206 152 1223 178 0.000394 9
686 118 707 181 0.000386 9
690 118 716 181 0.000386 9
161 64 252 92 0.000384 9
913 156 929 180 0.000382 9
808 379 814 391 0.000381 9
689 119 704 172 0.000370 9
810 141 834 164 0.000369 9
990 133 1024 173 0.000367 9
976 161 985 169 0.000367 9
597 138 608 154 0.000365 9
689 118 704 162 0.000360 9
576 277 596 329 0.000360 9
96 183 102 200 0.000358 9
989 679 1021 703 0.000357 9
841 115 871 136 0.000357 9
1115 158 1179 186 0.000355 9
112 201 121 217 0.000353 9
637 160 656 205 0.000353 9
857 135 940 174 0.000351 9
651 152 670 174 0.000348 9
448 153 491 171 0.000345 9
978 143 993 162 0.000345 9
588 161 603 183 0.000344 9
975 140 993 162 0.000342 9
977 138 995 170 0.000340 9
836 146 880 177 0.000338 9
1037 134 1064 160 0.000334 9
215 175 235 198 0.000333 9
557 170 582 201 0.000332 9
640 157 658 201 0.000332 9
406 182 417 205 0.000332 9
42 311 64 371 0.000331 9
1211 153 1223 163 0.000330 9
696 152 706 174 0.000329 9
1187 152 1207 188 0.000329 9
544 160 581 181 0.000329 9
260 169 271 192 0.000328 9
1209 164 1233 211 0.000325 9
352 166 364 190 0.000324 9
567 140 581 162 0.000320 9
447 155 522 171 0.000319 9
308 88 332 163 0.000319 9
799 125 814 144 0.000316 9
1246 358 1262 378 0.000314 9
257 177 267 193 0.000313 9
711 337 759 377 0.000308 9
1023 149 1039 163 0.000308 9
256 156 268 177 0.000306 9
863 136 937 153 0.000306 9
236 178 255 210 0.000306 9
1148 155 1198 185 0.000306 9
998 125 1007 158 0.000305 9
442 158 481 208 0.000305 9
570 138 581 163 0.000304 9
248 163 256 175 0.000303 9
432 170 447 192 0.000301 9
39 311 60 344 0.000298 9
449 157 501 172 0.000298 9
414 175 421 195 0.000295 9
959 121 1001 167 0.000294 9
1038 133 1066 158 0.000294 9
1096 170 1121 205 0.000293 9
440 167 488 209 0.000293 9
679 120 692 165 0.000289 9
903 535 913 587 0.000289 9
1038 131 1064 157 0.000281 9
1180 164 1223 211 0.000281 9
860 111 869 120 0.000280 9
1044 172 1056 184 0.000279 9
648 156 658 176 0.000278 9
700 116 720 155 0.000276 9
801 147 815 210 0.000276 9
989 678 1024 703 0.000276 9
443 144 529 179 0.000275 9
41 312 64 356 0.000275 9
316 107 367 194 0.000274 9
365 185 375 200 0.000273 9
372 166 390 186 0.000272 9
992 595 1008 618 0.000272 9
1074 157 1099 203 0.000270 9
995 360 1024 396 0.000269 9
665 167 681 198 0.000269 9
998 557 1017 579 0.000268 9
477 145 579 205 0.000268 9
698 120 717 169 0.000268 9
688 352 693 359 0.000267 9
316 159 383 195 0.000267 9
310 65 367 195 0.000265 9
575 64 597 96 0.000265 9
703 168 711 179 0.000264 9
574 121 581 160 0.000263 9
463 160 492 204 0.000262 9
304 83 348 198 0.000262 9
903 535 912 548 0.000260 9
1089 265 1097 270 0.000260 9
1085 139 1129 179 0.000259 9
777 686 783 695 0.000257 9
110 124 128 165 0.000256 9
1030 143 1039 155 0.000256 9
415 175 421 203 0.000254 9
920 145 943 181 0.000254 9
579 64 598 100 0.000252 9
901 64 944 120 0.000252 9
212 181 233 197 0.000252 9
650 153 669 181 0.000252 9
1099 119 1137 168 0.000250 9
309 105 326 160 0.000249 9
1225 161 1249 181 0.000249 9
468 159 498 193 0.000249 9
593 64 641 107 0.000248 9
471 144 525 177 0.000245 9
702 119 720 155 0.000245 9
1072 132 1100 178 0.000244 9
95 154 110 177 0.000244 9
1017 123 1040 164 0.000243 9
1066 130 1104 197 0.000241 9
712 598 720 614 0.000238 9
67 170 81 194 0.000238 9
989 353 1024 389 0.000235 9
1027 159 1041 168 0.000235 9
1000 173 1010 194 0.000233 9
830 135 918 160 0.000233 9
1149 160 1201 186 0.000233 9
256 163 269 183 0.000231 9
887 136 937 153 0.000229 9
649 151 671 175 0.000229 9
751 679 760 696 0.000228 9
579 64 598 108 0.000227 9
360 154 384 189 0.000227 9
432 171 446 203 0.000226 9
765 112 840 155 0.000225 9
1100 139 1141 182 0.000224 9
457 158 520 191 0.000224 9
575 64 596 91 0.000224 9
70 183 79 199 0.000223 9
701 119 719 154 0.000222 9
658 151 671 174 0.000222 9
967 176 990 208 0.000220 9
223 191 245 209 0.000220 9
567 142 581 163 0.000220 9
259 176 271 197 0.000219 9
1042 112 1116 207 0.000219 9
590 64 626 106 0.000219 9
439 192 457 206 0.000217 9
652 171 662 199 0.000217 9
1044 156 1056 180 0.000216 9
1052 109 1084 146 0.000216 9
479 169 530 216 0.000216 9
575 280 595 345 0.000215 9
373 150 383 166 0.000215 9
1120 141 1136 156 0.000214 9
843 135 944 152 0.000213 9
800 591 808 616 0.000212 9
949 336 978 380 0.000212 9
439 157 491 236 0.000212 9
701 117 752 155 0.000212 9
1038 129 1065 156 0.000212 9
68 172 80 200 0.000211 9
868 122 879 136 0.000211 9
95 151 111 176 0.000211 9
310 110 325 157 0.000207 9
600 162 622 184 0.000206 9
1099 127 1119 164 0.000206 9
703 117 751 130 0.000204 9
1111 139 1137 165 0.000204 9
689 118 712 153 0.000203 9
208 183 221 218 0.000203 9
374 166 391 185 0.000203 9
735 624 744 652 0.000201 9
781 113 837 158 0.000200 9
801 152 814 214 0.000200 9
1075 133 1096 169 0.000198 9
440 178 464 208 0.000197 9
312 64 336 164 0.000197 9
1069 119 1107 176 0.000196 9
681 169 704 215 0.000196 9
471 190 481 203 0.000196 9
1015 130 1026 161 0.000195 9
989 122 1000 171 0.000194 9
1012 162 1033 196 0.000192 9
1170 140 1186 164 0.000192 9
700 149 711 178 0.000191 9
1071 154 1094 205 0.000191 9
965 125 1030 177 0.000190 9
247 161 256 175 0.000190 9
930 342 961 384 0.000188 9
478 169 517 204 0.000188 9
119 64 165 88 0.000187 9
725 343 735 361 0.000187 9
941 342 957 368 0.000187 9
310 94 331 164 0.000187 9
734 120 752 156 0.000186 9
764 110 848 155 0.000186 9
679 121 691 170 0.000186 9
1159 151 1199 186 0.000186 9
1120 349 1136 384 0.000185 9
1033 155 1057 173 0.000184 9
255 108 263 127 0.000183 9
985 134 1021 181 0.000182 9
208 66 250 86 0.000182 9
208 67 223 86 0.000181 9
828 135 927 156 0.000181 9
231 130 241 146 0.000181 9
1049 117 1139 181 0.000181 9
1149 141 1189 185 0.000180 9
310 83 334 157 0.000179 9
576 76 584 102 0.000179 9
679 119 692 162 0.000178 9
1139 160 1199 184 0.000178 9
381 185 395 201 0.000178 9
688 131 707 186 0.000177 9
973 168 992 187 0.000177 9
165 64 202 94 0.000176 9
959 336 977 358 0.000176 9
972 163 993 185 0.000175 9
880 120 901 139 0.000175 9
575 279 598 352 0.000175 9
1043 135 1065 154 0.000175 9
1063 140 1103 187 0.000175 9
767 77 785 142 0.000173 9
799 591 807 615 0.000173 9
922 145 947 192 0.000173 9
373 163 408 184 0.000173 9
597 149 610 167 0.000172 9
989 131 1010 187 0.000172 9
679 151 690 185 0.000171 9
1122 161 1138 184 0.000171 9
479 335 496 359 0.000170 9
974 123 982 136 0.000169 9
973 189 982 203 0.000169 9
167 64 206 96 0.000168 9
715 345 759 378 0.000167 9
1018 120 1041 163 0.000167 9
576 276 598 324 0.000167 9
1040 108 1086 192 0.000167 9
927 343 956 382 0.000166 9
1072 124 1141 206 0.000166 9
384 149 402 161 0.000166 9
400 184 409 203 0.000166 9
801 153 820 222 0.000165 9
639 64 660 81 0.000165 9
952 161 994 192 0.000165 9
1122 367 1136 386 0.000164 9
701 121 720 157 0.000164 9
936 591 944 599 0.000164 9
371 162 408 185 0.000162 9
1245 344 1266 377 0.000162 9
383 149 396 161 0.000161 9
975 167 992 186 0.000161 9
254 96 269 127 0.000160 9
964 161 992 186 0.000159 9
66 169 81 179 0.000158 9
255 124 268 160 0.000157 9
981 346 1020 387 0.000157 9
894 136 937 153 0.000157 9
399 184 407 204 0.000156 9
927 350 959 383 0.000155 9
1011 117 1043 169 0.000155 9
829 135 946 151 0.000153 9
688 119 714 204 0.000153 9
716 337 762 377 0.000152 9
575 70 583 95 0.000149 9
624 64 641 92 0.000149 9
312 89 361 164 0.000149 9
624 64 639 72 0.000148 9
942 168 960 183 0.000148 9
1036 165 1057 190 0.000147 9
725 117 752 155 0.000147 9
873 119 924 143 0.000147 9
588 118 607 160 0.000146 9
804 128 853 163 0.000146 9
960 159 991 169 0.000145 9
595 134 628 177 0.000145 9
815 566 825 592 0.000145 9
967 123 999 170 0.000145 9
512 148 546 181 0.000144 9
802 115 851 162 0.000143 9
997 557 1017 581 0.000143 9
638 165 659 204 0.000142 9
257 143 271 179 0.000142 9
688 118 705 154 0.000141 9
709 335 758 377 0.000140 9
999 330 1009 343 0.000140 9
576 274 601 331 0.000139 9
352 159 364 190 0.000138 9
1119 319 1136 385 0.000138 9
1201 158 1241 185 0.000137 9
938 161 994 201 0.000137 9
458 142 579 206 0.000137 9
350 146 379 190 0.000136 9
308 107 332 189 0.000136 9
1102 158 1178 187 0.000136 9
1119 338 1136 385 0.000136 9
597 289 608 329 0.000135 9
928 163 998 210 0.000135 9
227 163 247 186 0.000134 9
767 93 785 150 0.000133 9
976 119 986 133 0.000133 9
918 168 962 208 0.000133 9
607 582 623 617 0.000132 9
722 118 752 156 0.000131 9
256 128 270 161 0.000130 9
662 308 683 362 0.000130 9
714 337 771 377 0.000130 9
839 110 870 137 0.000129 9
180 170 236 201 0.000129 9
586 165 622 189 0.000129 9
1088 143 1127 185 0.000128 9
870 118 906 138 0.000128 9
49 184 64 206 0.000127 9
929 341 944 369 0.000126 9
1097 118 1134 170 0.000126 9
635 158 658 214 0.000125 9
164 64 256 90 0.000125 9
929 356 957 383 0.000124 9
321 89 340 156 0.000124 9
1131 130 1205 182 0.000122 9
1050 114 1070 148 0.000122 9
1019 157 1059 184 0.000122 9
1156 145 1194 174 0.000122 9
999 328 1009 343 0.000120 9
692 171 711 200 0.000120 9
997 557 1017 588 0.000120 9
686 118 716 221 0.000120 9
989 677 1026 703 0.000117 9
671 167 691 215 0.000117 9
1050 119 1058 133 0.000116 9
999 153 1065 226 0.000116 9
758 680 769 703 0.000115 9
1072 133 1092 174 0.000113 9
751 678 761 696 0.000113 9
154 187 177 223 0.000113 9
575 76 583 106 0.000113 9
1205 125 1232 177 0.000112 9
1015 338 1024 350 0.000112 9
729 118 753 155 0.000112 9
961 168 997 209 0.000111 9
315 64 351 171 0.000111 9
1134 183 1178 209 0.000111 9
766 97 795 153 0.000111 9
849 259 866 340 0.000111 9
824 544 831 553 0.000110 9
1183 152 1194 165 0.000108 9
431 157 483 198 0.000108 9
1191 124 1232 195 0.000108 9
652 169 671 201 0.000107 9
777 113 835 149 0.000106 9
448 144 533 172 0.000106 9
363 148 411 185 0.000106 9
414 171 446 203 0.000106 9
815 359 833 376 0.000106 9
271 678 280 694 0.000105 9
920 104 936 120 0.000104 9
930 326 944 345 0.000104 9
1196 131 1210 186 0.000104 9
1052 116 1080 179 0.000104 9
767 131 798 153 0.000104 9
641 151 670 177 0.000104 9
1150 126 1160 134 0.000103 9
867 119 880 136 0.000103 9
214 161 235 177 0.000102 9
664 303 689 348 0.000102 9
386 191 398 206 0.000102 9
349 155 410 201 0.000101 9
818 355 832 375 0.000101 9
1138 133 1197 174 0.000101 9
905 103 937 120 0.000101 9
600 155 620 183 0.000100 9
1181 192 1198 216 0.012678 11
1181 190 1200 216 0.007900 11
1181 179 1201 216 0.006374 11
1052 110 1083 147 0.005104 11
1180 170 1202 216 0.004614 11
1182 200 1195 216 0.004572 11
1055 113 1082 141 0.001487 11
1179 189 1200 219 0.000277 11
1178 184 1201 218 0.000265 11
