541 188 575 252 0.815924 0
736 199 771 273 0.726930 0
830 192 855 266 0.704242 0
914 192 945 269 0.680200 0
1145 202 1167 254 0.673768 0
1144 202 1166 260 0.357813 0
914 195 948 269 0.229090 0
914 192 943 261 0.088109 0
224 199 238 240 0.062380 0
223 199 238 243 0.046369 0
224 199 237 236 0.044960 0
223 199 239 248 0.037432 0
1087 188 1099 225 0.036296 0
1086 187 1100 234 0.032726 0
915 192 939 261 0.031471 0
965 372 979 390 0.030878 0
223 199 239 258 0.030092 0
224 199 237 229 0.029667 0
844 189 866 248 0.027164 0
1087 188 1098 215 0.026993 0
1015 205 1024 225 0.026242 0
965 372 979 391 0.026238 0
711 209 728 234 0.025967 0
1087 191 1097 216 0.024871 0
842 187 862 237 0.023327 0
1087 185 1103 234 0.022567 0
225 199 237 221 0.022295 0
1087 190 1098 216 0.022259 0
1145 202 1165 254 0.021947 0
842 187 859 234 0.021799 0
843 191 864 261 0.021529 0
1072 485 1080 499 0.020991 0
843 191 863 251 0.020714 0
787 198 793 212 0.020308 0
842 185 870 245 0.019181 0
517 191 523 205 0.018636 0
632 201 644 215 0.018604 0
710 207 728 234 0.018597 0
632 202 643 215 0.018116 0
511 196 518 209 0.015392 0
1084 187 1103 256 0.015386 0
1175 498 1185 511 0.014511 0
758 200 771 215 0.014468 0
1015 456 1024 466 0.014070 0
1177 343 1191 359 0.014049 0
845 190 866 258 0.013951 0
1010 206 1025 228 0.013951 0
1087 187 1102 223 0.013885 0
1157 496 1169 507 0.013762 0
932 206 952 260 0.013609 0
842 186 857 226 0.013448 0
614 152 627 169 0.013182 0
1086 184 1100 216 0.013144 0
199 208 208 225 0.012983 0
222 198 241 264 0.012934 0
932 207 950 261 0.012829 0
883 200 905 244 0.012746 0
843 186 877 243 0.012687 0
789 330 810 344 0.012672 0
512 191 524 209 0.012583 0
911 194 945 267 0.012470 0
1176 494 1185 507 0.012453 0
1087 187 1102 217 0.012336 0
199 209 208 226 0.012322 0
933 210 953 262 0.012107 0
965 372 978 391 0.011709 0
863 438 874 455 0.011557 0
841 187 855 213 0.011191 0
1160 502 1170 510 0.011179 0
552 196 576 251 0.010920 0
213 187 226 227 0.010620 0
510 195 518 217 0.010615 0
843 187 879 234 0.010251 0
1056 488 1066 496 0.010240 0
965 370 979 390 0.010188 0
632 201 646 215 0.009897 0
518 191 526 209 0.009863 0
1174 343 1195 360 0.009858 0
895 326 903 343 0.009810 0
1112 194 1120 208 0.009596 0
1087 187 1104 238 0.009487 0
1177 343 1196 359 0.009361 0
751 463 761 472 0.009235 0
1208 504 1217 512 0.009181 0
1077 334 1088 361 0.009101 0
213 193 225 228 0.009065 0
692 207 703 235 0.008679 0
1039 207 1050 229 0.008634 0
1135 446 1143 463 0.008564 0
917 472 928 483 0.008367 0
691 208 704 237 0.008269 0
826 189 866 279 0.008216 0
1113 194 1120 204 0.008190 0
1071 487 1081 503 0.008005 0
750 451 769 472 0.007975 0
1145 202 1164 244 0.007944 0
555 199 575 251 0.007767 0
937 204 945 217 0.007643 0
1135 446 1143 461 0.007440 0
968 372 981 392 0.007418 0
864 441 874 455 0.007301 0
223 198 238 237 0.007252 0
787 328 814 388 0.007194 0
1045 483 1055 495 0.007122 0
692 206 707 235 0.007106 0
1046 485 1056 496 0.007046 0
759 200 771 221 0.007016 0
882 200 904 245 0.007012 0
889 201 905 243 0.006981 0
1199 503 1209 512 0.006978 0
931 203 951 244 0.006749 0
933 205 947 231 0.006713 0
916 473 928 487 0.006700 0
213 194 225 229 0.006614 0
215 185 224 222 0.006613 0
198 208 208 227 0.006587 0
745 199 770 229 0.006584 0
1077 195 1100 258 0.006565 0
834 191 855 230 0.006498 0
786 198 793 222 0.006456 0
983 373 992 391 0.006374 0
744 201 770 235 0.006373 0
972 370 982 391 0.006330 0
782 198 793 235 0.006310 0
753 453 768 471 0.006308 0
786 326 818 392 0.006131 0
1176 344 1196 360 0.006127 0
1190 496 1200 504 0.006119 0
788 328 813 390 0.005764 0
1148 308 1168 344 0.005663 0
1000 385 1013 399 0.005533 0
1271 199 1279 237 0.005509 0
793 328 815 390 0.005340 0
961 372 979 393 0.005329 0
1007 455 1015 466 0.005327 0
1123 500 1131 507 0.005312 0
983 372 992 391 0.005289 0
511 192 526 218 0.005272 0
991 456 999 464 0.005243 0
887 471 897 484 0.005103 0
841 185 856 208 0.005042 0
613 151 631 170 0.004998 0
965 372 978 393 0.004967 0
1272 200 1279 239 0.004919 0
1213 197 1229 233 0.004911 0
1072 485 1081 500 0.004774 0
503 313 512 335 0.004731 0
198 209 212 233 0.004693 0
891 202 905 241 0.004687 0
1036 195 1052 229 0.004648 0
962 372 979 391 0.004603 0
1215 196 1228 231 0.004568 0
787 198 799 212 0.004543 0
1158 201 1169 224 0.004476 0
750 459 767 473 0.004463 0
779 197 792 237 0.004435 0
1058 487 1073 497 0.004400 0
213 182 233 226 0.004399 0
1147 309 1168 344 0.004378 0
1166 199 1181 219 0.004374 0
751 461 768 472 0.004370 0
912 473 929 486 0.004369 0
784 325 820 390 0.004360 0
613 151 633 169 0.004360 0
893 202 905 230 0.004325 0
979 352 993 391 0.004285 0
948 344 961 392 0.004250 0
832 471 840 478 0.004231 0
846 196 866 257 0.004148 0
639 688 672 703 0.004129 0
213 185 227 228 0.004114 0
1040 454 1047 464 0.004089 0
1031 485 1040 498 0.004042 0
844 184 857 203 0.004038 0
784 325 816 391 0.004029 0
870 197 921 281 0.003986 0
670 208 678 229 0.003977 0
1237 197 1248 231 0.003970 0
863 435 876 455 0.003927 0
1214 192 1229 230 0.003911 0
1030 453 1039 464 0.003818 0
1154 307 1168 342 0.003815 0
977 368 985 390 0.003771 0
1256 485 1264 501 0.003732 0
1102 312 1119 344 0.003711 0
1104 312 1112 327 0.003701 0
786 324 821 391 0.003701 0
1000 386 1010 400 0.003662 0
822 329 848 344 0.003661 0
1145 202 1161 236 0.003661 0
221 198 243 264 0.003655 0
999 384 1023 400 0.003654 0
1024 455 1033 464 0.003633 0
575 423 584 431 0.003609 0
319 204 331 231 0.003595 0
558 185 574 201 0.003592 0
821 326 848 344 0.003542 0
863 438 879 456 0.003540 0
670 208 680 232 0.003540 0
792 329 821 389 0.003525 0
1270 198 1279 235 0.003496 0
999 383 1024 403 0.003495 0
1216 199 1230 233 0.003484 0
1176 343 1197 359 0.003474 0
213 194 227 236 0.003459 0
999 384 1023 405 0.003384 0
1031 490 1040 502 0.003376 0
588 170 594 183 0.003364 0
750 449 769 472 0.003342 0
1012 387 1022 401 0.003341 0
914 192 939 253 0.003335 0
1015 326 1024 344 0.003331 0
999 385 1023 401 0.003314 0
950 345 961 390 0.003300 0
1251 194 1273 237 0.003273 0
856 192 877 239 0.003242 0
897 473 911 484 0.003176 0
831 466 840 477 0.003146 0
912 454 928 486 0.003088 0
1071 481 1080 498 0.003071 0
859 197 878 233 0.003055 0
1077 334 1088 358 0.003026 0
947 348 961 394 0.003006 0
690 208 704 237 0.002990 0
913 454 928 485 0.002959 0
1202 496 1216 504 0.002931 0
1214 204 1228 233 0.002919 0
960 455 968 466 0.002916 0
751 449 764 468 0.002872 0
980 352 995 391 0.002843 0
1023 480 1034 495 0.002842 0
1269 200 1279 266 0.002823 0
210 196 224 228 0.002818 0
376 186 385 201 0.002793 0
470 202 478 219 0.002786 0
670 207 679 231 0.002778 0
471 198 479 216 0.002746 0
1174 344 1197 360 0.002715 0
795 328 818 392 0.002707 0
609 151 640 193 0.002706 0
789 329 811 380 0.002689 0
1147 319 1168 345 0.002685 0
1135 445 1145 463 0.002637 0
509 191 534 249 0.002611 0
1087 168 1104 218 0.002601 0
1016 335 1024 345 0.002570 0
714 198 730 232 0.002569 0
1199 497 1213 506 0.002568 0
788 328 821 386 0.002541 0
784 198 799 234 0.002513 0
198 201 209 226 0.002512 0
862 432 870 443 0.002505 0
795 333 820 392 0.002459 0
465 201 478 250 0.002457 0
806 327 818 343 0.002443 0
975 361 992 392 0.002434 0
510 188 533 248 0.002425 0
1191 211 1202 228 0.002421 0
879 202 895 240 0.002410 0
1217 196 1225 212 0.002404 0
503 313 511 336 0.002399 0
739 199 765 229 0.002374 0
991 447 1000 457 0.002359 0
916 191 934 219 0.002351 0
1250 195 1270 238 0.002348 0
1015 445 1024 466 0.002333 0
909 474 929 487 0.002317 0
861 195 881 234 0.002313 0
981 351 994 389 0.002308 0
1163 199 1192 238 0.002292 0
1046 481 1056 490 0.002288 0
791 329 818 344 0.002286 0
1086 198 1121 252 0.002270 0
1231 457 1241 469 0.002238 0
788 316 810 345 0.002235 0
0 64 57 217 0.002232 0
1103 311 1115 337 0.002231 0
1008 471 1016 489 0.002210 0
616 448 624 462 0.002191 0
1220 201 1229 225 0.002190 0
1008 471 1015 484 0.002186 0
242 195 254 215 0.002160 0
1023 481 1046 498 0.002160 0
1119 312 1130 342 0.002157 0
760 200 772 235 0.002149 0
831 191 848 220 0.002148 0
613 151 632 168 0.002147 0
776 199 793 236 0.002131 0
1028 452 1035 464 0.002130 0
1178 217 1190 244 0.002120 0
833 469 846 478 0.002120 0
502 184 534 251 0.002117 0
612 448 624 465 0.002115 0
974 211 984 227 0.002094 0
467 201 478 246 0.002092 0
1167 198 1183 220 0.002086 0
1044 278 1058 295 0.002076 0
1098 329 1104 344 0.002054 0
789 330 810 353 0.002040 0
1216 207 1231 233 0.002031 0
1072 464 1080 470 0.002022 0
464 199 472 215 0.002006 0
1255 186 1275 216 0.001975 0
1129 500 1137 508 0.001969 0
914 198 927 221 0.001942 0
1146 316 1168 344 0.001938 0
976 368 990 393 0.001928 0
850 462 866 477 0.001924 0
759 200 773 223 0.001920 0
875 200 910 250 0.001911 0
941 344 958 391 0.001903 0
1120 312 1128 326 0.001899 0
864 443 878 456 0.001882 0
1027 207 1051 231 0.001880 0
1045 279 1057 295 0.001876 0
1254 194 1270 217 0.001873 0
786 197 800 232 0.001869 0
544 185 575 221 0.001867 0
1007 513 1017 521 0.001865 0
990 206 998 225 0.001850 0
1254 192 1277 217 0.001844 0
814 327 847 345 0.001841 0
1182 345 1194 376 0.001839 0
1135 446 1144 472 0.001815 0
942 326 961 384 0.001807 0
977 203 995 243 0.001806 0
991 214 998 225 0.001805 0
1253 189 1273 216 0.001800 0
950 343 960 364 0.001778 0
925 447 934 456 0.001774 0
1208 167 1230 232 0.001768 0
1169 197 1179 213 0.001765 0
788 315 813 345 0.001761 0
947 347 963 390 0.001759 0
612 151 635 186 0.001754 0
1118 314 1135 344 0.001752 0
465 201 473 219 0.001741 0
1123 326 1135 344 0.001736 0
907 335 923 345 0.001735 0
602 151 639 200 0.001724 0
1065 198 1100 259 0.001715 0
983 447 993 456 0.001712 0
247 195 255 214 0.001708 0
664 454 672 463 0.001702 0
960 441 968 459 0.001698 0
431 523 440 551 0.001682 0
1178 343 1196 376 0.001681 0
1119 324 1137 380 0.001672 0
983 205 994 226 0.001662 0
1093 455 1104 471 0.001661 0
1228 190 1255 234 0.001659 0
1101 322 1118 344 0.001656 0
465 201 478 251 0.001654 0
1122 327 1136 344 0.001640 0
1029 447 1039 464 0.001639 0
1164 208 1190 248 0.001628 0
1209 167 1229 218 0.001626 0
1037 202 1054 229 0.001625 0
0 64 55 229 0.001611 0
969 456 976 462 0.001610 0
464 200 478 269 0.001603 0
878 199 908 244 0.001601 0
1103 313 1121 344 0.001593 0
982 206 994 227 0.001590 0
813 209 825 237 0.001583 0
811 326 847 344 0.001575 0
375 185 386 214 0.001574 0
862 436 884 478 0.001574 0
783 328 819 393 0.001561 0
748 445 769 472 0.001559 0
1081 187 1099 219 0.001558 0
877 437 887 451 0.001555 0
914 191 948 220 0.001543 0
951 345 960 382 0.001541 0
998 384 1023 409 0.001503 0
3 64 256 216 0.001495 0
1077 335 1088 362 0.001493 0
1103 312 1127 344 0.001475 0
974 206 985 225 0.001473 0
912 454 924 478 0.001467 0
738 201 744 212 0.001461 0
1235 196 1254 233 0.001454 0
1112 464 1122 475 0.001453 0
973 213 985 239 0.001448 0
1054 222 1066 246 0.001437 0
1209 192 1229 231 0.001433 0
680 197 691 215 0.001433 0
783 198 795 235 0.001429 0
463 198 480 299 0.001424 0
736 450 753 467 0.001424 0
1 64 181 217 0.001421 0
1096 502 1104 511 0.001418 0
1118 464 1128 474 0.001416 0
703 456 721 469 0.001400 0
1024 446 1034 461 0.001396 0
1250 191 1279 240 0.001392 0
1 64 217 216 0.001374 0
363 166 374 187 0.001369 0
1231 457 1246 485 0.001355 0
1037 192 1051 225 0.001345 0
1231 457 1241 471 0.001343 0
559 207 574 251 0.001339 0
960 440 968 454 0.001335 0
1011 453 1024 467 0.001327 0
942 343 954 386 0.001325 0
1077 333 1096 361 0.001323 0
609 151 627 169 0.001311 0
514 192 530 217 0.001310 0
612 150 639 186 0.001308 0
977 206 996 255 0.001307 0
1098 329 1104 344 0.001301 0
912 454 927 474 0.001300 0
961 366 980 391 0.001295 0
607 448 624 462 0.001293 0
1234 195 1253 233 0.001286 0
680 449 688 460 0.001284 0
1110 329 1120 344 0.001280 0
904 327 915 344 0.001275 0
611 150 637 194 0.001272 0
751 463 761 479 0.001267 0
1007 431 1014 439 0.001247 0
1007 446 1019 465 0.001240 0
924 454 936 463 0.001224 0
707 459 721 470 0.001222 0
703 460 710 469 0.001213 0
1180 221 1190 246 0.001212 0
990 281 1002 312 0.001212 0
464 199 479 274 0.001207 0
786 193 795 212 0.001204 0
1054 279 1063 295 0.001200 0
907 336 925 349 0.001198 0
1262 198 1279 269 0.001196 0
1151 441 1158 451 0.001195 0
1208 507 1215 516 0.001194 0
1251 626 1279 703 0.001191 0
896 440 904 456 0.001182 0
821 320 849 344 0.001182 0
836 466 848 476 0.001169 0
120 64 211 91 0.001160 0
936 455 943 464 0.001156 0
220 205 242 264 0.001152 0
1214 368 1223 385 0.001144 0
906 332 922 344 0.001137 0
797 335 819 392 0.001136 0
788 322 821 345 0.001131 0
607 152 629 172 0.001130 0
942 341 955 384 0.001123 0
1079 690 1091 703 0.001120 0
1250 195 1279 240 0.001114 0
607 448 624 465 0.001110 0
1056 221 1065 236 0.001109 0
1116 325 1136 344 0.001105 0
1015 319 1033 344 0.001105 0
1247 628 1279 703 0.001099 0
982 201 994 226 0.001099 0
965 350 996 391 0.001093 0
1102 175 1121 208 0.001093 0
1051 278 1062 295 0.001090 0
855 430 887 457 0.001088 0
516 192 541 248 0.001082 0
1080 189 1098 218 0.001070 0
735 448 743 457 0.001067 0
477 196 487 216 0.001061 0
574 427 592 459 0.001059 0
1077 334 1089 373 0.001058 0
1118 322 1137 380 0.001055 0
874 199 908 245 0.001048 0
1127 446 1133 456 0.001046 0
979 689 987 703 0.001045 0
320 626 328 648 0.001045 0
1093 453 1104 471 0.001040 0
1160 425 1168 439 0.001034 0
1231 456 1258 475 0.001034 0
787 318 829 344 0.001027 0
1231 458 1260 477 0.001026 0
208 393 224 414 0.001025 0
1229 195 1254 233 0.001022 0
962 453 970 462 0.001015 0
1119 321 1136 378 0.001011 0
510 192 532 247 0.001007 0
991 196 1003 225 0.000998 0
328 64 496 209 0.000998 0
1116 314 1138 344 0.000996 0
431 521 440 551 0.000995 0
464 202 478 260 0.000994 0
1118 440 1133 471 0.000985 0
1250 213 1267 238 0.000979 0
905 336 925 375 0.000976 0
1247 474 1258 486 0.000976 0
1015 457 1024 469 0.000973 0
1174 343 1197 376 0.000972 0
209 182 230 230 0.000967 0
862 463 875 478 0.000965 0
1077 332 1102 358 0.000963 0
1228 185 1265 235 0.000960 0
1103 193 1121 209 0.000957 0
912 456 931 486 0.000957 0
1231 456 1261 489 0.000951 0
913 191 939 222 0.000949 0
1221 404 1231 424 0.000943 0
244 195 255 215 0.000937 0
458 202 465 215 0.000934 0
157 202 171 235 0.000930 0
947 352 963 394 0.000925 0
1231 196 1256 234 0.000924 0
736 202 748 224 0.000922 0
972 347 998 392 0.000912 0
785 197 800 236 0.000903 0
573 180 582 201 0.000900 0
531 186 584 364 0.000897 0
776 198 793 210 0.000897 0
872 437 888 457 0.000894 0
919 449 928 457 0.000891 0
1119 314 1136 382 0.000875 0
876 431 888 453 0.000870 0
1039 447 1048 464 0.000867 0
955 369 979 425 0.000866 0
958 372 974 405 0.000860 0
751 459 769 480 0.000860 0
959 369 979 414 0.000856 0
639 676 672 703 0.000855 0
266 196 272 210 0.000855 0
864 195 891 246 0.000852 0
990 341 1008 387 0.000851 0
991 449 1002 462 0.000850 0
822 461 831 472 0.000843 0
1253 204 1279 240 0.000843 0
681 199 690 216 0.000843 0
1119 441 1131 470 0.000830 0
976 351 1009 393 0.000830 0
1035 205 1055 231 0.000828 0
314 64 368 198 0.000828 0
1253 201 1279 269 0.000825 0
1155 303 1168 340 0.000824 0
951 456 960 465 0.000811 0
1066 185 1102 252 0.000811 0
682 198 693 215 0.000809 0
1073 333 1088 361 0.000807 0
0 64 24 212 0.000803 0
12 64 284 215 0.000801 0
979 352 1001 390 0.000801 0
964 371 979 401 0.000799 0
335 64 495 343 0.000798 0
1041 278 1057 329 0.000797 0
158 203 174 231 0.000796 0
1037 278 1058 334 0.000794 0
933 434 944 453 0.000793 0
1249 211 1270 245 0.000788 0
868 459 881 477 0.000785 0
802 184 821 238 0.000782 0
859 434 890 481 0.000774 0
1039 322 1054 335 0.000771 0
1151 441 1161 460 0.000769 0
905 337 926 377 0.000767 0
628 155 640 190 0.000767 0
1119 389 1128 410 0.000756 0
995 383 1022 405 0.000755 0
897 473 932 488 0.000751 0
968 446 976 460 0.000751 0
190 392 224 416 0.000750 0
657 452 667 461 0.000745 0
1085 457 1096 472 0.000744 0
611 150 635 177 0.000744 0
157 202 175 233 0.000743 0
353 64 493 363 0.000741 0
1039 278 1058 331 0.000739 0
1105 312 1133 338 0.000739 0
241 195 256 236 0.000739 0
1075 686 1092 703 0.000738 0
1151 452 1161 467 0.000738 0
926 439 933 454 0.000735 0
942 355 956 392 0.000733 0
942 327 965 385 0.000732 0
1234 456 1260 477 0.000730 0
1119 385 1128 409 0.000729 0
935 433 944 442 0.000729 0
1253 627 1275 688 0.000729 0
686 201 704 235 0.000727 0
476 199 486 216 0.000726 0
1015 338 1024 351 0.000726 0
1092 497 1102 506 0.000723 0
1244 461 1258 474 0.000722 0
862 298 881 343 0.000722 0
1040 450 1051 465 0.000720 0
1144 319 1168 344 0.000718 0
1070 64 1079 70 0.000715 0
57 64 324 216 0.000714 0
266 196 273 227 0.000707 0
704 327 720 377 0.000705 0
1034 196 1055 229 0.000705 0
719 428 726 440 0.000703 0
994 357 1009 391 0.000702 0
868 325 882 343 0.000693 0
1116 470 1130 475 0.000691 0
194 204 208 227 0.000689 0
979 352 1004 388 0.000689 0
13 64 326 219 0.000687 0
926 201 976 263 0.000687 0
801 313 822 343 0.000679 0
314 197 333 231 0.000679 0
202 200 224 229 0.000679 0
640 658 672 703 0.000678 0
1141 388 1155 408 0.000677 0
899 201 912 241 0.000668 0
716 447 771 472 0.000664 0
1086 187 1124 241 0.000660 0
907 336 924 351 0.000659 0
803 185 815 211 0.000658 0
1149 447 1164 464 0.000654 0
1087 456 1097 471 0.000654 0
1247 419 1253 431 0.000652 0
1184 211 1246 265 0.000650 0
1064 465 1071 470 0.000648 0
930 345 948 391 0.000647 0
415 249 420 270 0.000647 0
726 423 737 439 0.000645 0
700 212 728 237 0.000644 0
956 369 978 414 0.000644 0
1134 428 1144 440 0.000642 0
665 451 688 463 0.000640 0
1039 322 1055 334 0.000638 0
1249 207 1266 239 0.000636 0
1118 443 1134 471 0.000635 0
997 385 1024 422 0.000633 0
313 64 496 204 0.000632 0
1250 629 1276 703 0.000632 0
0 64 70 213 0.000632 0
0 65 50 297 0.000631 0
799 440 807 450 0.000629 0
982 208 1008 239 0.000628 0
665 185 672 216 0.000627 0
706 468 714 473 0.000623 0
944 327 960 347 0.000622 0
1214 337 1266 428 0.000620 0
905 336 928 380 0.000619 0
864 333 882 343 0.000616 0
1119 440 1135 474 0.000615 0
735 465 748 473 0.000615 0
991 440 1000 455 0.000614 0
822 289 850 344 0.000613 0
1053 216 1068 237 0.000610 0
1046 411 1056 427 0.000608 0
463 200 479 283 0.000608 0
975 689 987 703 0.000607 0
527 626 537 647 0.000606 0
932 431 943 452 0.000606 0
1007 456 1019 473 0.000605 0
1216 407 1224 425 0.000603 0
1150 307 1168 343 0.000600 0
626 154 644 184 0.000598 0
690 455 703 466 0.000591 0
972 201 987 223 0.000590 0
951 370 977 446 0.000590 0
533 187 591 372 0.000586 0
933 442 944 456 0.000580 0
628 685 672 703 0.000579 0
782 337 819 393 0.000577 0
939 342 985 388 0.000576 0
1270 624 1279 703 0.000576 0
1025 279 1040 295 0.000575 0
917 341 1005 391 0.000574 0
223 391 240 408 0.000572 0
1197 363 1263 427 0.000572 0
223 393 240 408 0.000570 0
993 384 1016 407 0.000567 0
1234 195 1259 235 0.000567 0
1181 355 1266 428 0.000566 0
1064 486 1082 506 0.000565 0
1171 489 1185 507 0.000563 0
1118 439 1140 471 0.000562 0
207 196 232 255 0.000559 0
244 186 323 371 0.000556 0
839 504 847 511 0.000555 0
214 216 242 263 0.000555 0
0 64 50 211 0.000554 0
1101 323 1119 362 0.000553 0
951 369 979 428 0.000553 0
1151 328 1197 360 0.000551 0
767 429 776 442 0.000551 0
1045 411 1057 439 0.000550 0
733 324 744 337 0.000550 0
665 207 678 232 0.000549 0
995 357 1008 384 0.000549 0
645 406 656 423 0.000548 0
750 453 781 472 0.000547 0
1138 442 1153 463 0.000542 0
0 64 18 210 0.000542 0
350 64 443 214 0.000541 0
913 337 925 351 0.000540 0
887 440 900 456 0.000537 0
1185 526 1192 544 0.000536 0
1103 322 1125 372 0.000536 0
380 64 497 235 0.000536 0
1061 205 1086 235 0.000532 0
344 174 353 199 0.000532 0
1134 440 1144 462 0.000531 0
1111 454 1120 474 0.000531 0
664 461 672 471 0.000529 0
1033 277 1058 330 0.000527 0
904 327 924 344 0.000527 0
905 453 944 486 0.000527 0
718 424 727 440 0.000526 0
62 64 345 213 0.000523 0
999 512 1008 534 0.000518 0
1026 279 1040 295 0.000517 0
1254 627 1274 676 0.000517 0
336 64 501 214 0.000515 0
646 407 658 424 0.000514 0
536 182 552 216 0.000514 0
992 343 1008 385 0.000512 0
912 449 926 459 0.000512 0
653 196 662 216 0.000510 0
930 345 946 382 0.000508 0
1247 414 1254 428 0.000508 0
1008 483 1015 494 0.000508 0
370 67 496 217 0.000506 0
663 449 671 462 0.000505 0
351 189 358 199 0.000504 0
247 199 255 231 0.000503 0
367 207 375 229 0.000501 0
775 211 789 237 0.000500 0
1181 366 1242 423 0.000498 0
1144 376 1152 388 0.000495 0
237 200 251 239 0.000494 0
975 342 1008 391 0.000491 0
666 207 677 228 0.000491 0
930 344 948 381 0.000491 0
1181 348 1217 412 0.000490 0
831 439 845 456 0.000488 0
939 340 975 390 0.000488 0
893 438 904 456 0.000487 0
1270 623 1279 698 0.000487 0
317 64 368 184 0.000487 0
767 327 815 362 0.000485 0
335 64 433 216 0.000485 0
1254 631 1270 674 0.000485 0
734 437 747 458 0.000484 0
1097 178 1121 221 0.000482 0
28 64 345 217 0.000481 0
1220 406 1231 425 0.000480 0
1073 334 1089 407 0.000480 0
1141 375 1157 408 0.000476 0
1230 347 1262 426 0.000476 0
436 191 445 204 0.000475 0
878 319 887 343 0.000475 0
1074 333 1090 404 0.000474 0
961 440 975 456 0.000473 0
1004 373 1024 401 0.000473 0
1247 348 1264 393 0.000472 0
776 312 805 343 0.000472 0
824 328 848 365 0.000472 0
959 238 977 271 0.000469 0
879 332 886 343 0.000469 0
861 258 882 342 0.000466 0
1199 193 1275 268 0.000465 0
995 384 1023 421 0.000465 0
861 266 881 341 0.000465 0
832 479 841 490 0.000464 0
901 206 914 243 0.000464 0
1143 383 1159 407 0.000463 0
367 207 377 219 0.000462 0
636 629 674 703 0.000462 0
969 361 991 414 0.000460 0
1138 389 1156 408 0.000460 0
406 250 414 271 0.000460 0
999 455 1008 465 0.000459 0
668 335 693 382 0.000459 0
806 362 816 392 0.000458 0
1158 375 1172 393 0.000458 0
752 424 768 440 0.000457 0
317 64 426 225 0.000457 0
1104 319 1119 366 0.000456 0
777 219 791 238 0.000456 0
1263 364 1279 420 0.000455 0
1076 332 1104 394 0.000455 0
332 185 343 199 0.000454 0
603 159 626 184 0.000454 0
999 514 1008 537 0.000453 0
1076 328 1088 342 0.000453 0
930 346 945 379 0.000453 0
895 426 904 454 0.000450 0
235 182 323 371 0.000449 0
1242 333 1264 407 0.000449 0
626 537 640 584 0.000449 0
1001 432 1007 440 0.000444 0
320 625 329 649 0.000444 0
928 350 940 377 0.000444 0
670 319 691 374 0.000443 0
688 458 703 472 0.000443 0
639 643 673 704 0.000441 0
1072 503 1080 511 0.000440 0
1023 228 1074 296 0.000440 0
1271 626 1279 684 0.000439 0
863 336 877 343 0.000439 0
744 463 762 472 0.000439 0
896 418 905 439 0.000439 0
312 64 495 271 0.000438 0
758 457 778 474 0.000437 0
895 416 904 436 0.000435 0
1058 229 1082 296 0.000435 0
961 341 968 351 0.000434 0
1077 690 1095 703 0.000434 0
327 64 433 219 0.000432 0
1182 353 1222 417 0.000431 0
1228 338 1266 422 0.000431 0
1015 477 1025 488 0.000430 0
671 314 693 375 0.000429 0
632 201 651 221 0.000429 0
991 342 1008 380 0.000429 0
784 191 800 214 0.000426 0
527 574 537 616 0.000426 0
766 459 776 483 0.000425 0
368 198 383 218 0.000425 0
831 442 841 457 0.000422 0
1223 363 1263 426 0.000421 0
801 178 816 230 0.000420 0
695 471 704 490 0.000420 0
1047 455 1056 466 0.000420 0
1158 342 1198 398 0.000419 0
1125 444 1135 469 0.000419 0
315 64 490 361 0.000419 0
1135 472 1143 479 0.000417 0
1232 384 1262 429 0.000417 0
264 193 272 205 0.000414 0
885 438 904 456 0.000413 0
751 322 764 344 0.000412 0
1183 445 1190 456 0.000412 0
1039 410 1057 459 0.000411 0
734 424 750 458 0.000411 0
1148 375 1162 404 0.000410 0
943 315 954 337 0.000408 0
1119 319 1137 383 0.000407 0
931 343 945 379 0.000404 0
1166 380 1183 407 0.000404 0
1267 626 1279 704 0.000403 0
687 464 697 487 0.000403 0
862 289 880 341 0.000403 0
990 282 1004 312 0.000403 0
463 201 479 291 0.000403 0
1071 456 1082 470 0.000402 0
973 368 993 409 0.000402 0
1140 440 1154 457 0.000401 0
957 434 971 455 0.000401 0
1136 446 1153 470 0.000400 0
527 565 537 610 0.000399 0
111 222 119 238 0.000399 0
1095 440 1103 455 0.000399 0
1260 141 1279 182 0.000397 0
704 324 723 378 0.000395 0
807 328 848 375 0.000393 0
926 345 943 384 0.000392 0
852 434 894 481 0.000392 0
1060 279 1070 295 0.000390 0
992 183 1010 223 0.000389 0
357 64 496 214 0.000389 0
1158 328 1174 341 0.000388 0
891 318 907 343 0.000387 0
1189 488 1200 504 0.000384 0
241 194 254 216 0.000383 0
991 190 1002 222 0.000383 0
802 439 816 452 0.000383 0
500 180 577 253 0.000382 0
778 323 847 389 0.000382 0
1095 441 1103 461 0.000381 0
1058 228 1072 296 0.000381 0
1253 631 1271 681 0.000378 0
816 440 824 452 0.000378 0
1055 681 1092 703 0.000378 0
992 383 1024 441 0.000377 0
1246 345 1263 376 0.000377 0
1174 456 1184 471 0.000377 0
360 66 436 221 0.000377 0
846 274 866 338 0.000377 0
385 195 397 206 0.000377 0
0 65 348 395 0.000376 0
1248 329 1269 405 0.000375 0
635 677 672 703 0.000375 0
900 203 912 237 0.000373 0
772 426 785 440 0.000372 0
340 65 482 361 0.000372 0
769 434 785 448 0.000372 0
1256 168 1279 246 0.000371 0
1146 487 1176 507 0.000370 0
1165 328 1199 359 0.000370 0
157 64 264 225 0.000370 0
773 325 789 343 0.000370 0
752 423 768 439 0.000369 0
31 215 40 229 0.000368 0
689 451 701 467 0.000366 0
979 325 991 343 0.000366 0
801 184 818 233 0.000366 0
719 326 741 363 0.000363 0
1181 369 1229 418 0.000363 0
906 337 928 390 0.000363 0
157 203 172 230 0.000363 0
1069 179 1099 221 0.000363 0
1200 381 1261 427 0.000363 0
1223 509 1233 517 0.000361 0
575 426 592 458 0.000360 0
1006 423 1024 440 0.000358 0
1239 423 1247 440 0.000358 0
695 472 704 492 0.000355 0
1246 359 1261 377 0.000354 0
0 64 76 219 0.000352 0
1075 684 1096 703 0.000352 0
193 194 208 219 0.000351 0
1225 386 1259 427 0.000349 0
1188 195 1218 227 0.000348 0
924 345 945 380 0.000348 0
1072 436 1088 455 0.000347 0
1246 429 1255 454 0.000347 0
1247 481 1279 704 0.000346 0
1038 412 1046 430 0.000346 0
862 284 882 342 0.000346 0
723 424 737 441 0.000345 0
1166 381 1182 413 0.000345 0
1009 359 1024 387 0.000345 0
772 312 795 342 0.000344 0
997 375 1024 401 0.000344 0
879 317 889 342 0.000344 0
964 249 977 271 0.000343 0
673 352 691 375 0.000343 0
1025 278 1058 332 0.000341 0
415 251 420 270 0.000341 0
1216 453 1223 468 0.000341 0
981 452 993 463 0.000341 0
833 439 848 453 0.000340 0
1175 344 1205 379 0.000340 0
718 439 734 465 0.000339 0
982 440 994 456 0.000339 0
1238 419 1248 440 0.000337 0
960 457 968 468 0.000336 0
856 312 864 336 0.000334 0
525 628 552 667 0.000334 0
1169 479 1177 490 0.000334 0
770 459 796 473 0.000333 0
175 185 184 205 0.000331 0
1072 455 1095 471 0.000331 0
785 326 849 374 0.000330 0
1038 417 1046 435 0.000330 0
1044 410 1056 425 0.000329 0
656 208 681 233 0.000329 0
1137 339 1186 398 0.000328 0
654 199 662 216 0.000328 0
1225 168 1260 235 0.000328 0
960 336 968 346 0.000327 0
1060 64 1079 70 0.000327 0
734 423 750 449 0.000326 0
769 255 853 348 0.000324 0
894 324 923 372 0.000323 0
924 345 943 391 0.000322 0
908 339 942 382 0.000322 0
526 625 538 646 0.000320 0
110 64 220 157 0.000319 0
215 187 239 222 0.000319 0
1059 275 1070 295 0.000318 0
893 199 915 242 0.000318 0
0 64 44 207 0.000318 0
974 688 987 703 0.000318 0
100 64 349 212 0.000318 0
661 424 671 435 0.000318 0
946 354 966 404 0.000318 0
526 627 540 648 0.000317 0
1176 348 1214 406 0.000316 0
771 424 785 439 0.000315 0
629 687 671 703 0.000314 0
1229 335 1263 421 0.000314 0
1078 427 1087 441 0.000313 0
670 296 692 372 0.000313 0
1262 355 1279 428 0.000313 0
1183 454 1191 471 0.000313 0
1082 331 1104 409 0.000311 0
342 64 527 339 0.000311 0
1073 428 1081 441 0.000311 0
816 461 828 473 0.000310 0
690 459 703 470 0.000309 0
1226 65 1279 271 0.000309 0
1263 365 1279 410 0.000308 0
1084 333 1104 405 0.000308 0
1150 454 1161 473 0.000308 0
765 270 837 344 0.000307 0
627 623 671 703 0.000305 0
1084 331 1104 396 0.000305 0
1072 334 1088 363 0.000305 0
680 380 688 394 0.000304 0
1025 484 1071 506 0.000303 0
0 65 17 212 0.000303 0
1073 336 1089 406 0.000303 0
527 559 538 602 0.000302 0
271 632 288 681 0.000301 0
752 416 764 426 0.000301 0
943 315 961 344 0.000300 0
1032 373 1043 384 0.000300 0
856 430 920 481 0.000299 0
1245 420 1255 445 0.000299 0
236 189 326 380 0.000299 0
854 631 879 682 0.000298 0
799 281 851 345 0.000298 0
722 322 744 343 0.000297 0
803 315 847 343 0.000297 0
1174 479 1184 487 0.000296 0
899 417 913 439 0.000296 0
719 336 735 364 0.000295 0
1079 330 1106 381 0.000295 0
1264 363 1279 425 0.000295 0
989 373 1011 395 0.000295 0
362 70 540 327 0.000293 0
1134 424 1148 440 0.000293 0
1213 196 1255 239 0.000292 0
614 424 623 434 0.000292 0
1007 346 1024 387 0.000291 0
1072 396 1080 409 0.000290 0
802 497 811 506 0.000290 0
1057 222 1096 297 0.000289 0
1087 337 1104 402 0.000289 0
212 182 230 224 0.000289 0
952 353 978 391 0.000287 0
1143 351 1175 406 0.000286 0
1008 423 1024 439 0.000286 0
602 363 625 412 0.000286 0
1151 441 1166 463 0.000285 0
704 451 723 469 0.000285 0
655 316 689 380 0.000284 0
1082 331 1104 402 0.000284 0
1025 327 1042 360 0.000282 0
862 281 881 341 0.000282 0
1072 443 1091 456 0.000282 0
722 340 736 362 0.000281 0
1078 398 1088 411 0.000281 0
892 417 913 458 0.000281 0
935 342 1021 411 0.000280 0
0 67 47 289 0.000279 0
111 204 122 237 0.000279 0
1184 507 1194 517 0.000278 0
368 66 484 218 0.000278 0
671 463 680 471 0.000278 0
1079 328 1111 362 0.000277 0
175 185 184 206 0.000277 0
1239 448 1248 456 0.000277 0
1101 328 1119 362 0.000277 0
159 64 260 217 0.000276 0
1124 447 1136 475 0.000275 0
958 368 990 405 0.000273 0
1136 385 1155 408 0.000273 0
752 325 770 343 0.000273 0
752 414 768 426 0.000272 0
1027 359 1052 386 0.000271 0
70 64 365 225 0.000271 0
770 189 793 210 0.000271 0
646 456 656 472 0.000270 0
768 264 832 344 0.000269 0
1015 319 1041 348 0.000269 0
59 408 79 424 0.000269 0
256 64 352 196 0.000268 0
238 216 250 239 0.000268 0
991 481 1001 487 0.000268 0
776 332 786 343 0.000267 0
154 199 172 234 0.000267 0
856 431 872 441 0.000267 0
847 270 868 337 0.000266 0
1071 459 1094 472 0.000266 0
506 227 535 250 0.000265 0
527 559 538 595 0.000264 0
1113 185 1127 208 0.000264 0
1022 228 1083 297 0.000263 0
949 382 1023 419 0.000263 0
524 231 537 246 0.000263 0
1270 627 1279 676 0.000261 0
644 640 669 704 0.000261 0
521 198 546 238 0.000261 0
319 64 429 189 0.000260 0
309 185 332 224 0.000260 0
126 374 144 403 0.000260 0
0 138 27 306 0.000260 0
2 65 468 386 0.000259 0
911 340 940 389 0.000259 0
607 144 636 169 0.000259 0
387 185 401 205 0.000258 0
307 65 429 205 0.000258 0
679 168 691 215 0.000257 0
672 357 692 384 0.000257 0
785 433 805 453 0.000256 0
605 172 617 185 0.000255 0
111 224 122 253 0.000255 0
219 230 241 298 0.000254 0
1080 404 1088 414 0.000254 0
631 440 639 448 0.000253 0
226 195 254 238 0.000253 0
632 473 640 487 0.000253 0
915 454 944 485 0.000252 0
175 207 184 217 0.000252 0
704 440 721 468 0.000252 0
816 443 824 454 0.000252 0
799 195 826 237 0.000251 0
679 197 697 222 0.000250 0
364 186 375 200 0.000250 0
962 367 993 420 0.000249 0
1223 163 1252 236 0.000249 0
976 365 996 414 0.000248 0
1093 114 1138 172 0.000247 0
774 310 804 341 0.000247 0
629 449 640 460 0.000247 0
784 424 810 450 0.000246 0
770 183 785 205 0.000245 0
319 64 369 175 0.000245 0
1138 374 1185 409 0.000245 0
1064 686 1093 703 0.000245 0
781 268 850 345 0.000245 0
220 392 240 408 0.000244 0
814 344 825 369 0.000244 0
936 342 994 392 0.000244 0
1186 348 1267 423 0.000243 0
1249 612 1279 702 0.000243 0
704 332 720 377 0.000243 0
1012 468 1024 487 0.000242 0
903 416 913 427 0.000241 0
798 440 813 470 0.000239 0
719 437 736 458 0.000239 0
0 181 6 203 0.000239 0
663 293 682 351 0.000238 0
1189 441 1199 456 0.000237 0
718 439 736 461 0.000237 0
925 427 935 455 0.000237 0
1023 468 1058 498 0.000236 0
991 386 1018 412 0.000236 0
1206 64 1279 269 0.000236 0
979 329 991 343 0.000236 0
778 302 825 345 0.000235 0
0 134 23 315 0.000235 0
342 64 437 183 0.000234 0
1153 434 1167 456 0.000234 0
1237 405 1253 429 0.000234 0
1028 359 1057 388 0.000233 0
608 451 624 470 0.000233 0
976 448 985 457 0.000233 0
303 66 493 214 0.000233 0
1058 683 1093 703 0.000233 0
852 256 913 345 0.000232 0
46 64 128 200 0.000232 0
930 331 1008 389 0.000230 0
1247 344 1275 379 0.000230 0
1071 435 1086 455 0.000230 0
0 143 8 203 0.000230 0
648 481 655 487 0.000230 0
49 64 126 170 0.000230 0
53 64 139 202 0.000230 0
220 228 242 301 0.000229 0
112 64 342 121 0.000229 0
56 64 146 206 0.000229 0
881 429 906 457 0.000229 0
861 263 885 341 0.000228 0
917 339 1010 390 0.000227 0
352 64 581 369 0.000226 0
430 519 441 551 0.000226 0
1072 346 1090 411 0.000225 0
1087 335 1104 391 0.000225 0
319 65 433 231 0.000225 0
271 232 291 295 0.000225 0
1008 336 1024 379 0.000225 0
1122 65 1279 269 0.000224 0
1038 419 1048 451 0.000223 0
900 335 925 367 0.000222 0
39 64 133 209 0.000222 0
1133 342 1187 381 0.000221 0
761 200 773 236 0.000221 0
1221 350 1280 423 0.000221 0
799 426 808 448 0.000220 0
772 343 823 393 0.000220 0
1165 342 1214 402 0.000220 0
937 331 1003 389 0.000219 0
893 336 926 375 0.000219 0
221 236 240 298 0.000217 0
633 659 672 703 0.000217 0
1168 327 1185 345 0.000217 0
823 419 839 434 0.000216 0
1036 414 1057 458 0.000215 0
1180 218 1280 299 0.000215 0
687 352 693 359 0.000215 0
1140 454 1157 476 0.000215 0
1170 457 1184 472 0.000214 0
952 439 965 455 0.000214 0
240 205 258 238 0.000214 0
641 686 672 703 0.000214 0
935 376 946 391 0.000214 0
1216 447 1224 456 0.000213 0
1229 64 1279 182 0.000212 0
1242 346 1280 413 0.000211 0
1255 629 1273 660 0.000211 0
1069 333 1089 402 0.000210 0
735 424 758 456 0.000210 0
1054 335 1091 409 0.000210 0
195 188 212 227 0.000209 0
0 153 6 203 0.000209 0
1203 384 1260 428 0.000209 0
832 272 868 340 0.000209 0
590 579 601 611 0.000209 0
1016 327 1033 346 0.000208 0
576 365 592 391 0.000208 0
1274 159 1279 173 0.000208 0
856 426 943 483 0.000207 0
765 265 831 344 0.000207 0
216 200 246 295 0.000207 0
350 64 496 95 0.000207 0
1111 441 1123 473 0.000206 0
934 419 944 441 0.000206 0
1104 333 1119 377 0.000206 0
829 292 849 343 0.000206 0
802 325 848 382 0.000206 0
1087 312 1120 345 0.000206 0
1017 320 1042 359 0.000206 0
853 312 864 336 0.000206 0
471 191 481 205 0.000205 0
679 385 688 398 0.000205 0
759 339 821 379 0.000205 0
1168 411 1177 423 0.000204 0
366 71 496 248 0.000204 0
436 191 445 203 0.000204 0
64 408 80 438 0.000204 0
2 64 80 209 0.000204 0
256 64 361 192 0.000204 0
1071 444 1084 456 0.000203 0
268 225 292 295 0.000203 0
1070 335 1089 385 0.000202 0
736 423 753 447 0.000201 0
1068 390 1084 409 0.000201 0
64 64 162 78 0.000200 0
998 514 1008 545 0.000200 0
1220 412 1232 432 0.000199 0
219 237 242 297 0.000199 0
488 470 496 480 0.000199 0
154 202 172 236 0.000199 0
1136 342 1202 386 0.000199 0
687 464 698 491 0.000198 0
154 182 185 234 0.000198 0
655 332 692 384 0.000198 0
1216 410 1225 432 0.000198 0
332 64 586 205 0.000197 0
104 248 129 264 0.000197 0
1112 185 1129 209 0.000197 0
1032 417 1041 439 0.000197 0
1102 103 1131 160 0.000196 0
777 409 783 414 0.000196 0
656 425 665 435 0.000196 0
118 64 490 211 0.000195 0
1191 441 1198 453 0.000195 0
1248 602 1279 702 0.000194 0
1169 328 1200 360 0.000194 0
1166 380 1181 422 0.000194 0
574 445 592 462 0.000194 0
112 64 498 228 0.000193 0
870 262 913 348 0.000193 0
793 419 818 465 0.000193 0
992 444 1009 457 0.000192 0
787 311 803 334 0.000192 0
1138 355 1174 386 0.000192 0
853 456 867 471 0.000192 0
390 599 401 644 0.000192 0
758 456 798 473 0.000191 0
951 442 960 458 0.000191 0
1119 383 1128 408 0.000191 0
398 184 407 202 0.000191 0
802 416 810 423 0.000190 0
828 416 847 438 0.000190 0
995 325 1008 343 0.000190 0
942 357 980 428 0.000190 0
497 579 512 616 0.000189 0
1171 389 1184 410 0.000188 0
1034 266 1066 335 0.000188 0
1033 683 1059 703 0.000188 0
113 64 347 191 0.000187 0
717 437 736 457 0.000187 0
1152 344 1189 393 0.000187 0
957 338 977 375 0.000185 0
1028 338 1041 360 0.000185 0
1039 275 1066 330 0.000185 0
308 107 369 319 0.000184 0
751 425 767 441 0.000184 0
388 66 496 224 0.000184 0
318 64 414 182 0.000184 0
835 501 844 510 0.000184 0
288 193 320 285 0.000184 0
0 380 17 414 0.000184 0
657 663 672 703 0.000183 0
8 512 48 567 0.000183 0
1055 672 1094 703 0.000182 0
407 252 413 271 0.000182 0
293 192 320 291 0.000181 0
217 181 233 203 0.000181 0
704 336 720 377 0.000181 0
1230 64 1279 172 0.000181 0
0 380 14 412 0.000181 0
1149 449 1167 471 0.000181 0
0 64 183 314 0.000180 0
1075 393 1124 455 0.000180 0
734 381 747 399 0.000179 0
848 423 884 443 0.000179 0
944 369 958 401 0.000178 0
1064 64 1112 72 0.000178 0
1021 440 1040 451 0.000178 0
1034 416 1041 432 0.000177 0
319 64 370 109 0.000177 0
868 423 882 439 0.000177 0
1134 344 1169 360 0.000177 0
687 424 695 434 0.000177 0
735 199 816 273 0.000177 0
975 321 990 344 0.000176 0
256 64 339 190 0.000176 0
533 196 551 234 0.000176 0
624 639 671 704 0.000176 0
190 389 218 417 0.000176 0
46 64 129 165 0.000175 0
0 235 16 290 0.000175 0
189 379 210 416 0.000175 0
509 688 671 703 0.000175 0
1074 392 1126 453 0.000175 0
753 328 769 344 0.000175 0
854 261 914 346 0.000174 0
604 346 613 363 0.000174 0
518 392 529 428 0.000174 0
317 66 421 208 0.000174 0
943 367 979 432 0.000174 0
0 387 27 418 0.000174 0
1165 377 1211 423 0.000173 0
805 311 817 337 0.000173 0
743 246 765 303 0.000173 0
738 199 778 272 0.000173 0
1217 402 1242 428 0.000173 0
61 64 167 206 0.000172 0
41 64 125 203 0.000172 0
1186 455 1206 471 0.000172 0
1144 306 1182 349 0.000172 0
706 424 723 461 0.000172 0
158 81 214 217 0.000171 0
270 632 288 667 0.000170 0
143 452 160 547 0.000170 0
519 623 535 648 0.000170 0
1061 228 1094 287 0.000170 0
1026 326 1078 394 0.000169 0
522 625 553 667 0.000169 0
886 301 911 343 0.000169 0
1058 224 1101 298 0.000169 0
909 273 930 345 0.000169 0
594 365 625 413 0.000169 0
944 339 1006 390 0.000169 0
1170 444 1184 456 0.000168 0
519 392 528 409 0.000168 0
1013 330 1024 347 0.000168 0
0 419 97 602 0.000167 0
151 64 255 211 0.000167 0
912 342 931 393 0.000167 0
863 302 872 315 0.000167 0
612 145 634 168 0.000167 0
600 343 610 364 0.000166 0
1082 315 1121 393 0.000166 0
1009 472 1025 492 0.000166 0
1027 328 1074 392 0.000166 0
1031 374 1055 413 0.000166 0
421 65 496 243 0.000166 0
703 327 716 370 0.000166 0
751 321 761 333 0.000166 0
1193 64 1279 265 0.000166 0
833 494 843 506 0.000166 0
902 272 932 345 0.000165 0
1110 439 1121 471 0.000165 0
1199 456 1208 468 0.000165 0
55 64 136 164 0.000165 0
994 306 1007 334 0.000165 0
999 333 1008 344 0.000165 0
574 415 586 432 0.000165 0
1168 441 1178 455 0.000164 0
259 64 479 370 0.000164 0
1097 398 1103 407 0.000164 0
847 300 865 338 0.000164 0
815 326 849 383 0.000163 0
798 369 813 393 0.000163 0
1070 332 1103 412 0.000163 0
0 64 116 211 0.000162 0
0 116 16 240 0.000162 0
1252 428 1262 441 0.000162 0
266 223 293 295 0.000162 0
974 342 1007 381 0.000161 0
1259 132 1279 182 0.000161 0
541 205 566 253 0.000161 0
1136 388 1152 408 0.000160 0
269 392 287 399 0.000160 0
239 177 256 216 0.000160 0
22 64 125 177 0.000160 0
1057 195 1082 226 0.000160 0
669 340 703 382 0.000159 0
1081 396 1122 463 0.000159 0
901 324 932 346 0.000158 0
734 377 748 396 0.000158 0
0 396 33 575 0.000158 0
1247 525 1279 700 0.000157 0
823 328 849 384 0.000157 0
1016 665 1057 703 0.000157 0
185 373 227 416 0.000157 0
946 681 1020 703 0.000157 0
831 689 841 703 0.000157 0
991 313 1001 329 0.000156 0
1190 457 1200 473 0.000156 0
1033 674 1095 703 0.000156 0
1248 619 1279 702 0.000156 0
1252 408 1263 424 0.000155 0
520 638 528 648 0.000155 0
807 280 816 300 0.000155 0
1120 409 1129 425 0.000155 0
616 468 624 480 0.000154 0
835 442 848 456 0.000154 0
1219 456 1248 486 0.000154 0
799 440 816 462 0.000154 0
610 437 624 458 0.000154 0
913 438 932 455 0.000153 0
937 350 1025 411 0.000153 0
944 363 1020 442 0.000153 0
1066 64 1280 261 0.000153 0
283 193 368 372 0.000153 0
623 587 633 617 0.000153 0
1238 426 1262 455 0.000152 0
661 414 670 424 0.000152 0
772 343 796 366 0.000152 0
575 345 593 391 0.000152 0
215 198 254 265 0.000151 0
1181 440 1198 457 0.000151 0
513 392 545 431 0.000151 0
918 422 928 435 0.000151 0
58 64 199 155 0.000151 0
318 237 336 367 0.000151 0
548 222 571 253 0.000150 0
961 685 992 703 0.000150 0
221 200 244 308 0.000150 0
826 415 847 443 0.000150 0
217 241 241 295 0.000150 0
1033 645 1060 703 0.000150 0
1038 437 1048 457 0.000150 0
1263 405 1276 423 0.000149 0
1174 409 1185 423 0.000149 0
736 468 744 477 0.000149 0
829 415 847 439 0.000149 0
664 302 692 369 0.000148 0
1219 464 1246 485 0.000148 0
495 308 513 336 0.000148 0
750 422 786 442 0.000147 0
153 186 175 231 0.000147 0
1087 338 1105 408 0.000147 0
824 271 848 330 0.000147 0
193 186 203 212 0.000147 0
31 64 130 211 0.000147 0
575 277 597 322 0.000146 0
1038 688 1053 703 0.000146 0
607 423 616 434 0.000146 0
191 377 210 416 0.000146 0
933 328 953 376 0.000146 0
828 333 848 393 0.000146 0
576 374 591 392 0.000145 0
157 64 259 179 0.000145 0
1022 278 1042 326 0.000145 0
1027 366 1056 394 0.000145 0
1055 374 1068 402 0.000144 0
1251 404 1264 424 0.000144 0
1029 362 1049 385 0.000144 0
704 418 779 472 0.000144 0
1112 104 1120 120 0.000143 0
1041 682 1094 703 0.000143 0
1053 231 1104 296 0.000143 0
0 64 133 201 0.000143 0
1105 388 1128 409 0.000143 0
1095 502 1103 519 0.000143 0
802 414 815 423 0.000142 0
1173 614 1184 646 0.000142 0
494 193 577 260 0.000142 0
639 637 673 704 0.000142 0
325 64 616 283 0.000142 0
1231 629 1279 703 0.000141 0
744 427 808 471 0.000141 0
827 297 842 312 0.000141 0
1120 399 1129 424 0.000141 0
342 64 497 204 0.000141 0
1137 380 1180 409 0.000141 0
155 67 271 232 0.000140 0
1033 322 1058 360 0.000140 0
798 441 818 472 0.000140 0
1014 440 1025 451 0.000140 0
956 426 971 449 0.000140 0
519 622 537 648 0.000140 0
498 394 551 433 0.000140 0
879 316 899 343 0.000139 0
256 64 329 167 0.000139 0
631 426 640 444 0.000139 0
752 337 826 388 0.000139 0
1021 85 1043 161 0.000139 0
123 375 144 403 0.000138 0
448 423 464 457 0.000138 0
1263 408 1272 423 0.000138 0
1264 316 1279 366 0.000138 0
1226 360 1279 426 0.000137 0
317 64 452 169 0.000137 0
345 64 496 144 0.000137 0
1054 695 1065 703 0.000137 0
1007 528 1015 535 0.000137 0
305 185 325 203 0.000137 0
1038 443 1056 466 0.000136 0
223 375 240 408 0.000136 0
1179 211 1280 401 0.000136 0
908 339 929 392 0.000135 0
16 64 173 90 0.000135 0
347 64 496 91 0.000135 0
624 673 665 703 0.000135 0
1145 189 1178 231 0.000134 0
273 248 291 295 0.000134 0
916 425 927 443 0.000134 0
910 262 930 334 0.000134 0
56 64 185 159 0.000134 0
741 247 761 302 0.000134 0
374 184 396 204 0.000133 0
960 199 974 209 0.000133 0
1212 478 1280 561 0.000133 0
1069 422 1089 443 0.000133 0
1239 460 1275 486 0.000133 0
1244 441 1256 456 0.000133 0
57 64 184 202 0.000132 0
1246 679 1278 703 0.000132 0
503 317 512 343 0.000132 0
1071 86 1140 195 0.000132 0
946 364 1024 436 0.000132 0
1231 356 1262 379 0.000132 0
576 362 592 391 0.000131 0
1011 410 1024 428 0.000131 0
1025 317 1082 394 0.000131 0
319 237 337 362 0.000131 0
649 411 666 424 0.000131 0
1088 230 1103 270 0.000130 0
575 365 610 412 0.000130 0
1236 129 1280 183 0.000130 0
901 251 934 327 0.000130 0
1262 348 1279 456 0.000130 0
763 279 852 347 0.000129 0
400 184 408 201 0.000129 0
481 193 540 251 0.000129 0
1269 139 1279 172 0.000129 0
579 278 591 290 0.000129 0
1184 361 1229 417 0.000129 0
770 309 800 341 0.000128 0
575 275 599 318 0.000128 0
1027 357 1069 393 0.000128 0
767 553 775 568 0.000128 0
432 191 443 203 0.000128 0
1000 324 1025 348 0.000128 0
9 66 138 217 0.000127 0
918 341 947 378 0.000127 0
704 432 779 472 0.000127 0
705 420 782 471 0.000127 0
943 381 977 450 0.000127 0
1023 383 1031 394 0.000127 0
1168 443 1178 456 0.000127 0
939 274 961 340 0.000126 0
1214 456 1224 473 0.000126 0
767 461 776 486 0.000125 0
1041 468 1057 485 0.000125 0
628 537 641 574 0.000125 0
1020 64 1158 203 0.000125 0
391 423 400 438 0.000125 0
1053 456 1067 467 0.000125 0
0 105 54 259 0.000125 0
1056 455 1073 469 0.000125 0
487 471 496 488 0.000125 0
842 260 884 341 0.000125 0
1016 674 1054 703 0.000125 0
191 392 209 463 0.000125 0
1261 694 1277 703 0.000125 0
575 280 595 336 0.000123 0
115 64 483 197 0.000123 0
1097 438 1118 456 0.000123 0
909 257 930 338 0.000123 0
1032 370 1057 393 0.000123 0
0 400 102 599 0.000123 0
575 330 593 388 0.000123 0
814 332 849 394 0.000122 0
1002 465 1053 496 0.000122 0
1064 64 1127 73 0.000122 0
439 208 446 218 0.000122 0
266 231 293 295 0.000122 0
666 302 708 374 0.000122 0
622 685 657 703 0.000122 0
878 423 887 441 0.000121 0
27 64 140 215 0.000121 0
502 577 512 599 0.000121 0
466 184 564 252 0.000121 0
542 581 553 622 0.000121 0
1228 641 1251 699 0.000121 0
157 97 212 221 0.000121 0
291 221 322 312 0.000120 0
269 193 295 269 0.000120 0
383 183 403 204 0.000120 0
1160 66 1280 251 0.000120 0
666 351 698 385 0.000120 0
829 692 842 703 0.000120 0
978 313 992 339 0.000120 0
524 394 545 420 0.000119 0
1163 497 1191 520 0.000119 0
997 65 1090 205 0.000119 0
775 399 784 409 0.000119 0
96 64 218 204 0.000119 0
76 64 161 77 0.000119 0
703 437 736 468 0.000119 0
335 620 347 646 0.000119 0
875 264 915 345 0.000119 0
143 455 160 533 0.000119 0
1000 488 1009 495 0.000119 0
161 64 258 187 0.000118 0
1267 392 1279 425 0.000118 0
531 629 546 645 0.000118 0
1123 368 1183 410 0.000118 0
1058 64 1128 74 0.000118 0
845 628 871 682 0.000118 0
644 429 656 438 0.000118 0
414 248 421 270 0.000118 0
1052 396 1091 464 0.000118 0
1039 460 1052 471 0.000118 0
825 275 853 340 0.000118 0
0 397 32 524 0.000118 0
16 515 48 567 0.000117 0
454 203 477 248 0.000117 0
270 632 289 693 0.000117 0
1165 190 1182 220 0.000116 0
1113 122 1237 230 0.000116 0
817 439 833 452 0.000116 0
956 411 970 426 0.000116 0
1030 424 1040 443 0.000116 0
183 197 190 206 0.000115 0
797 444 823 472 0.000115 0
936 271 979 347 0.000115 0
0 64 58 186 0.000115 0
853 631 878 684 0.000115 0
1214 582 1226 636 0.000114 0
810 414 847 449 0.000114 0
844 276 868 324 0.000114 0
127 377 144 407 0.000114 0
917 373 928 407 0.000114 0
990 470 1006 487 0.000114 0
880 321 902 343 0.000114 0
1057 438 1072 465 0.000113 0
1116 335 1197 385 0.000113 0
1037 394 1050 411 0.000113 0
899 326 962 376 0.000113 0
928 391 936 405 0.000113 0
55 64 202 163 0.000113 0
1083 436 1123 473 0.000113 0
1255 341 1279 494 0.000113 0
830 416 848 449 0.000113 0
1073 505 1081 519 0.000112 0
1125 65 1280 240 0.000112 0
1010 64 1124 174 0.000112 0
1014 324 1043 359 0.000112 0
591 389 609 428 0.000112 0
577 372 592 392 0.000112 0
607 449 625 477 0.000112 0
1038 321 1059 360 0.000112 0
1261 613 1279 655 0.000112 0
114 378 145 405 0.000112 0
753 420 824 464 0.000111 0
288 64 460 339 0.000111 0
744 236 788 306 0.000110 0
1085 391 1126 445 0.000110 0
1022 279 1042 330 0.000110 0
593 139 637 171 0.000110 0
751 317 769 341 0.000110 0
241 190 256 214 0.000110 0
1199 406 1210 433 0.000109 0
1082 322 1123 394 0.000109 0
1021 64 1279 257 0.000109 0
1038 400 1051 421 0.000109 0
271 221 291 282 0.000109 0
590 527 608 569 0.000109 0
867 412 936 463 0.000109 0
1248 481 1279 657 0.000109 0
344 64 497 131 0.000109 0
998 506 1013 524 0.000109 0
1054 64 1068 71 0.000109 0
904 276 948 347 0.000108 0
367 349 384 376 0.000108 0
487 397 547 430 0.000108 0
995 422 1014 440 0.000108 0
354 364 367 390 0.000108 0
799 420 809 436 0.000108 0
1245 680 1278 703 0.000108 0
1027 70 1145 216 0.000108 0
809 496 816 510 0.000108 0
687 455 703 475 0.000107 0
1055 418 1082 465 0.000107 0
950 424 973 456 0.000107 0
623 688 656 703 0.000107 0
1060 392 1073 403 0.000107 0
902 555 912 586 0.000107 0
429 222 439 230 0.000107 0
0 84 42 272 0.000107 0
1201 406 1218 434 0.000107 0
1096 368 1127 409 0.000107 0
991 180 1004 219 0.000106 0
1236 405 1273 447 0.000106 0
1228 632 1250 695 0.000106 0
953 685 990 703 0.000106 0
0 127 22 306 0.000106 0
305 140 385 317 0.000105 0
575 279 597 349 0.000105 0
669 461 682 486 0.000105 0
872 497 879 502 0.000105 0
0 100 67 223 0.000105 0
1103 329 1121 390 0.000105 0
1061 326 1088 350 0.000105 0
240 242 256 296 0.000105 0
818 412 847 432 0.000105 0
997 507 1009 540 0.000104 0
316 64 490 116 0.000104 0
691 467 704 492 0.000104 0
523 623 545 647 0.000104 0
901 419 921 443 0.000104 0
1270 626 1279 662 0.000104 0
1167 610 1184 645 0.000104 0
154 183 184 207 0.000104 0
1057 432 1073 462 0.000104 0
1121 427 1139 441 0.000104 0
704 415 722 448 0.000103 0
765 253 833 342 0.000103 0
747 253 768 303 0.000103 0
1026 387 1045 407 0.000103 0
884 420 896 443 0.000102 0
1104 392 1127 409 0.000102 0
0 391 37 420 0.000102 0
825 496 833 510 0.000102 0
1115 185 1174 243 0.000102 0
61 65 199 211 0.000102 0
270 633 288 684 0.000102 0
570 198 586 216 0.000102 0
816 411 831 426 0.000102 0
1141 173 1157 221 0.000101 0
911 342 998 390 0.000101 0
307 66 426 228 0.000101 0
966 674 1003 703 0.000101 0
960 64 1043 217 0.000101 0
884 314 914 344 0.000101 0
496 391 504 398 0.000101 0
112 391 130 402 0.000101 0
575 298 594 388 0.000101 0
1102 336 1129 393 0.000101 0
1231 346 1264 377 0.000101 0
847 422 883 442 0.000100 0
767 551 776 568 0.000100 0
772 245 850 343 0.000100 0
1039 325 1091 390 0.000100 0
104 254 114 264 0.000100 0
1266 694 1279 703 0.000100 0
924 421 936 448 0.000100 0
213 242 242 277 0.000100 0
1141 231 1169 263 0.608446 1
1141 228 1169 263 0.604474 1
733 229 764 292 0.483726 1
733 232 758 293 0.408754 1
733 234 756 292 0.372934 1
733 229 767 292 0.347136 1
733 238 753 292 0.309953 1
909 211 953 270 0.158084 1
908 234 931 296 0.128380 1
821 220 864 280 0.119802 1
908 238 929 296 0.117764 1
823 221 858 278 0.113143 1
823 225 859 279 0.108638 1
900 211 954 278 0.104234 1
907 233 933 296 0.098386 1
906 213 953 294 0.097701 1
816 220 862 262 0.095113 1
825 225 863 281 0.093139 1
815 224 860 280 0.086334 1
908 212 954 291 0.081072 1
820 225 859 282 0.079718 1
911 211 968 271 0.078176 1
907 212 958 296 0.075168 1
910 212 961 271 0.073289 1
908 211 978 279 0.073246 1
912 231 948 270 0.053068 1
914 216 954 269 0.052150 1
909 231 936 294 0.051219 1
816 231 838 260 0.049247 1
949 275 960 303 0.046583 1
910 211 978 272 0.046056 1
908 232 942 294 0.043623 1
913 223 954 270 0.043523 1
908 241 933 296 0.043046 1
908 236 940 296 0.040060 1
908 245 929 296 0.040016 1
910 249 929 296 0.031520 1
868 209 956 291 0.030457 1
830 231 856 281 0.028049 1
830 227 854 273 0.024093 1
1064 217 1093 261 0.023742 1
923 210 954 266 0.020387 1
867 209 962 279 0.020147 1
905 210 977 289 0.020034 1
887 231 934 295 0.019986 1
936 275 960 303 0.019687 1
914 231 938 269 0.018147 1
866 219 959 288 0.017589 1
909 232 935 278 0.017326 1
919 220 954 269 0.016676 1
1059 218 1093 261 0.016310 1
730 234 753 293 0.016094 1
733 236 762 292 0.015060 1
732 229 768 300 0.014846 1
866 235 924 291 0.013781 1
830 231 850 270 0.013470 1
830 229 859 282 0.013183 1
942 275 960 303 0.012820 1
816 231 840 262 0.012762 1
810 213 862 262 0.012438 1
909 231 938 269 0.011945 1
734 229 757 291 0.011549 1
914 223 943 269 0.011317 1
840 227 860 265 0.011125 1
874 227 940 295 0.011073 1
913 229 951 272 0.010951 1
908 237 944 298 0.010876 1
867 229 918 288 0.010310 1
826 224 915 285 0.010088 1
734 228 769 275 0.009661 1
866 198 961 276 0.009639 1
867 234 916 287 0.009488 1
866 204 918 287 0.009370 1
846 229 858 250 0.009230 1
932 213 954 262 0.009181 1
892 254 925 295 0.008955 1
904 229 934 286 0.008893 1
902 208 978 281 0.008546 1
920 238 964 304 0.008304 1
831 232 851 272 0.008019 1
893 258 923 295 0.007989 1
842 225 871 277 0.007849 1
816 222 838 260 0.007846 1
1058 214 1094 258 0.007728 1
863 231 914 287 0.007663 1
843 229 915 290 0.007449 1
735 229 767 277 0.007167 1
846 221 867 266 0.007088 1
845 222 857 249 0.007000 1
915 223 969 274 0.006989 1
870 231 931 289 0.006852 1
888 210 975 291 0.006765 1
868 207 932 289 0.006709 1
907 211 977 301 0.006549 1
837 225 871 282 0.006391 1
863 231 892 286 0.006367 1
864 229 907 286 0.006015 1
813 230 845 283 0.005758 1
1142 227 1182 264 0.005659 1
1066 230 1094 260 0.005647 1
850 229 888 284 0.005526 1
871 256 913 288 0.005506 1
733 239 757 296 0.005337 1
1071 224 1094 259 0.005324 1
691 209 704 238 0.005143 1
934 212 976 267 0.005115 1
737 230 770 291 0.005052 1
851 230 896 289 0.005030 1
817 225 851 266 0.005020 1
937 224 977 266 0.004940 1
862 236 899 287 0.004901 1
929 276 962 308 0.004777 1
935 218 954 260 0.004773 1
853 230 884 281 0.004637 1
1056 217 1092 260 0.004601 1
325 236 352 255 0.004571 1
1125 231 1139 248 0.004523 1
864 244 907 287 0.004506 1
938 227 977 270 0.004392 1
939 227 954 261 0.004372 1
919 221 977 272 0.004372 1
1071 216 1092 240 0.004288 1
877 263 912 288 0.004279 1
736 233 771 295 0.004217 1
931 277 960 304 0.004133 1
733 229 783 297 0.004131 1
865 228 905 283 0.004040 1
1067 235 1092 261 0.003975 1
893 264 912 288 0.003938 1
863 199 879 216 0.003787 1
895 257 925 298 0.003684 1
1070 206 1097 236 0.003609 1
802 217 826 239 0.003605 1
690 214 703 238 0.003590 1
829 232 856 282 0.003590 1
867 262 903 288 0.003579 1
913 260 945 305 0.003540 1
862 199 879 219 0.003316 1
816 191 937 282 0.003268 1
937 217 979 268 0.003228 1
938 230 978 268 0.003152 1
732 240 753 295 0.003094 1
1144 224 1188 263 0.003064 1
1063 198 1104 261 0.003045 1
891 264 911 287 0.003013 1
841 228 869 283 0.002994 1
1069 209 1092 234 0.002879 1
866 232 885 279 0.002823 1
907 239 962 300 0.002779 1
810 230 840 285 0.002675 1
862 253 899 297 0.002532 1
739 235 774 303 0.002421 1
851 225 885 269 0.002403 1
933 209 975 264 0.002378 1
869 226 941 304 0.002202 1
1118 222 1147 248 0.002164 1
865 231 885 273 0.002146 1
892 258 913 287 0.002127 1
874 207 940 278 0.002125 1
855 229 883 273 0.002112 1
1135 216 1210 264 0.002039 1
841 231 855 281 0.002022 1
917 225 977 301 0.001996 1
50 233 100 256 0.001992 1
1136 231 1161 262 0.001969 1
850 213 883 263 0.001856 1
934 280 944 293 0.001769 1
1070 205 1097 234 0.001726 1
803 208 832 239 0.001714 1
56 226 98 255 0.001702 1
927 278 944 311 0.001693 1
735 226 770 276 0.001677 1
865 263 916 307 0.001674 1
949 274 966 303 0.001659 1
801 220 841 262 0.001561 1
47 227 98 255 0.001513 1
856 261 914 301 0.001481 1
54 235 101 258 0.001425 1
61 225 99 255 0.001385 1
866 225 895 268 0.001358 1
1070 194 1100 234 0.001327 1
782 227 840 266 0.001318 1
758 226 871 281 0.001303 1
895 264 914 300 0.001290 1
909 252 938 312 0.001279 1
47 235 75 255 0.001274 1
730 236 752 293 0.001235 1
830 205 854 266 0.001214 1
847 233 897 298 0.001192 1
814 232 837 283 0.001182 1
947 274 973 304 0.001179 1
740 237 765 302 0.001136 1
771 230 846 282 0.001107 1
1160 218 1189 264 0.001103 1
1125 220 1232 270 0.001103 1
1249 200 1279 269 0.001081 1
324 230 352 255 0.001064 1
867 232 885 248 0.001054 1
1101 215 1167 255 0.001047 1
800 215 878 269 0.001042 1
41 229 74 255 0.001039 1
1137 230 1168 263 0.001000 1
1103 230 1167 263 0.000994 1
731 229 787 295 0.000986 1
847 227 872 287 0.000904 1
947 269 968 304 0.000899 1
898 249 936 311 0.000883 1
774 226 844 281 0.000881 1
1200 252 1232 274 0.000878 1
1162 220 1188 249 0.000877 1
1202 252 1239 275 0.000808 1
124 236 196 262 0.000803 1
864 231 933 305 0.000786 1
1141 230 1180 264 0.000756 1
64 224 97 239 0.000754 1
925 273 964 312 0.000752 1
197 218 243 258 0.000735 1
157 229 210 262 0.000730 1
58 225 95 241 0.000717 1
1057 219 1076 240 0.000693 1
1058 212 1082 237 0.000669 1
189 227 244 262 0.000669 1
1025 276 1061 296 0.000663 1
815 266 833 282 0.000651 1
15 215 43 257 0.000644 1
60 224 95 239 0.000629 1
769 250 832 282 0.000625 1
867 231 884 245 0.000614 1
139 235 189 259 0.000605 1
196 227 244 262 0.000580 1
778 249 836 282 0.000577 1
1245 204 1274 266 0.000567 1
27 215 41 257 0.000548 1
1088 223 1112 258 0.000522 1
324 233 353 255 0.000482 1
47 224 75 254 0.000476 1
749 238 788 282 0.000446 1
1065 231 1103 267 0.000428 1
705 216 775 288 0.000427 1
155 236 196 263 0.000426 1
118 220 182 259 0.000414 1
1041 278 1057 295 0.000409 1
927 288 940 311 0.000398 1
1024 244 1068 296 0.000396 1
747 233 789 282 0.000379 1
695 224 801 359 0.000377 1
164 231 229 262 0.000365 1
728 228 755 291 0.000364 1
708 227 761 294 0.000364 1
1022 278 1043 328 0.000361 1
1110 279 1167 344 0.000353 1
737 241 794 304 0.000342 1
755 219 933 347 0.000331 1
1179 178 1229 222 0.000324 1
216 239 242 264 0.000316 1
821 234 869 305 0.000305 1
1196 253 1234 280 0.000301 1
1188 253 1230 284 0.000297 1
903 251 963 316 0.000297 1
679 213 696 234 0.000295 1
850 255 913 337 0.000293 1
1057 221 1192 337 0.000292 1
323 218 352 256 0.000291 1
814 253 848 296 0.000290 1
872 265 913 313 0.000286 1
1140 232 1170 269 0.000284 1
1063 217 1263 314 0.000263 1
755 246 786 282 0.000260 1
1141 326 1193 361 0.000259 1
134 237 189 263 0.000256 1
747 236 773 303 0.000244 1
721 221 743 235 0.000240 1
713 226 763 291 0.000239 1
154 222 180 251 0.000230 1
515 231 536 247 0.000227 1
896 278 913 306 0.000226 1
853 237 867 296 0.000224 1
221 239 241 264 0.000223 1
517 232 538 249 0.000221 1
815 266 832 287 0.000216 1
1026 282 1058 334 0.000214 1
826 238 859 299 0.000210 1
825 235 855 300 0.000207 1
733 227 846 346 0.000203 1
1055 209 1170 282 0.000201 1
820 220 915 341 0.000198 1
209 236 243 264 0.000193 1
740 232 791 281 0.000193 1
1022 279 1049 331 0.000193 1
1140 231 1171 271 0.000185 1
896 286 911 305 0.000181 1
1197 252 1251 282 0.000181 1
894 227 947 329 0.000168 1
630 212 788 327 0.000165 1
678 214 706 237 0.000162 1
868 277 880 297 0.000160 1
911 258 935 318 0.000155 1
1173 183 1202 219 0.000150 1
1058 249 1280 301 0.000144 1
771 257 836 307 0.000144 1
646 255 798 365 0.000143 1
713 223 756 246 0.000142 1
851 225 966 340 0.000137 1
1147 240 1209 274 0.000135 1
807 224 926 337 0.000131 1
1100 231 1167 265 0.000131 1
1063 230 1095 280 0.000130 1
760 246 787 280 0.000122 1
1135 232 1171 283 0.000115 1
917 272 964 319 0.000114 1
1026 299 1043 328 0.000113 1
730 241 750 295 0.000109 1
862 273 880 297 0.000109 1
1213 255 1240 273 0.000104 1
767 253 834 295 0.000103 1
662 206 770 288 0.000102 1
944 233 976 305 0.000101 1
631 380 657 396 0.109154 2
691 204 728 236 0.056712 2
863 176 973 267 0.054456 2
631 373 658 396 0.048366 2
1103 487 1115 495 0.043616 2
528 203 544 218 0.038024 2
484 198 517 216 0.036358 2
822 328 848 344 0.033792 2
692 202 729 235 0.033135 2
631 378 658 396 0.031429 2
1118 488 1136 497 0.030378 2
1104 487 1120 497 0.030146 2
1004 198 1038 228 0.030014 2
531 203 545 218 0.029525 2
487 198 514 216 0.028940 2
1112 216 1161 248 0.027452 2
865 177 962 263 0.024146 2
691 198 730 231 0.022061 2
1114 217 1153 243 0.021766 2
1120 488 1136 498 0.021662 2
304 185 323 198 0.020269 2
1005 197 1037 227 0.019504 2
631 374 654 392 0.019089 2
624 191 655 215 0.018671 2
305 187 321 198 0.018455 2
865 197 971 271 0.018328 2
1162 200 1188 226 0.018256 2
1003 197 1053 229 0.018192 2
1004 201 1030 229 0.018037 2
864 181 963 274 0.017648 2
530 206 544 218 0.017363 2
691 199 731 233 0.017310 2
869 176 979 277 0.017230 2
865 176 943 242 0.016422 2
699 208 728 235 0.016405 2
866 176 942 218 0.015858 2
694 204 728 234 0.015383 2
482 191 517 217 0.014335 2
530 200 546 218 0.014306 2
1163 200 1190 235 0.013337 2
1004 203 1026 229 0.013112 2
1113 217 1141 229 0.012714 2
1164 200 1190 229 0.012690 2
1114 217 1154 229 0.012470 2
1113 216 1162 237 0.012184 2
306 185 323 198 0.011998 2
1114 217 1149 247 0.011839 2
867 177 941 209 0.011785 2
1114 218 1140 231 0.010923 2
1105 217 1148 248 0.010801 2
1109 204 1171 252 0.010701 2
626 192 647 205 0.010632 2
862 175 983 273 0.010391 2
1113 215 1175 247 0.010242 2
632 201 647 215 0.009704 2
803 210 835 239 0.009588 2
632 194 654 215 0.009439 2
1002 197 1046 230 0.009037 2
864 176 978 260 0.008906 2
886 192 979 275 0.008819 2
1159 201 1192 250 0.008083 2
319 207 331 231 0.008067 2
1007 216 1024 229 0.008012 2
866 177 940 203 0.007871 2
802 211 828 239 0.007619 2
628 191 656 213 0.007473 2
586 185 645 215 0.007282 2
1163 200 1183 222 0.007053 2
1006 206 1042 230 0.006639 2
1103 216 1133 248 0.006625 2
593 448 608 458 0.006414 2
592 190 656 216 0.006344 2
974 245 991 261 0.006260 2
1105 218 1138 245 0.006206 2
1109 217 1136 230 0.006024 2
1118 216 1179 256 0.005985 2
802 214 825 239 0.005906 2
1103 222 1120 246 0.005815 2
630 373 656 394 0.005621 2
986 204 1027 229 0.005511 2
648 455 656 461 0.005503 2
319 204 331 231 0.005497 2
588 190 616 214 0.005492 2
802 214 828 239 0.005487 2
158 416 168 423 0.005456 2
1022 206 1052 230 0.005387 2
975 249 988 261 0.005056 2
632 201 653 216 0.005053 2
479 170 517 217 0.005034 2
599 364 624 377 0.004976 2
986 198 1054 229 0.004932 2
669 454 685 463 0.004910 2
207 399 224 414 0.004784 2
1164 199 1187 225 0.004726 2
882 193 974 269 0.004667 2
500 174 576 220 0.004588 2
589 197 616 214 0.004580 2
1103 225 1120 248 0.004538 2
624 193 647 215 0.004512 2
914 197 948 223 0.004484 2
503 316 512 335 0.004396 2
1005 207 1047 231 0.004354 2
596 464 608 471 0.004291 2
1104 222 1143 248 0.004276 2
598 194 654 217 0.004246 2
1103 220 1133 248 0.004196 2
1018 208 1054 231 0.004138 2
660 375 681 386 0.004131 2
1110 211 1184 247 0.004121 2
1247 345 1260 355 0.004098 2
632 375 660 394 0.004094 2
605 365 624 376 0.004034 2
615 198 647 215 0.003977 2
1006 219 1023 229 0.003924 2
1101 215 1127 236 0.003829 2
524 191 547 218 0.003704 2
293 178 309 198 0.003684 2
801 215 826 239 0.003672 2
1119 501 1129 509 0.003660 2
974 244 994 261 0.003637 2
1024 209 1042 230 0.003551 2
589 197 618 215 0.003496 2
1007 194 1055 228 0.003487 2
586 185 617 214 0.003399 2
878 199 907 244 0.003377 2
815 178 958 278 0.003347 2
972 198 1069 261 0.003316 2
1006 194 1050 225 0.003211 2
596 364 624 378 0.003190 2
642 372 661 389 0.003187 2
878 198 909 242 0.003173 2
1164 200 1191 246 0.003161 2
1005 194 1042 226 0.003115 2
974 246 991 262 0.003098 2
556 181 577 204 0.003067 2
801 213 827 239 0.003047 2
486 191 524 217 0.003042 2
511 341 522 351 0.003032 2
660 374 693 386 0.003027 2
945 233 978 266 0.003018 2
988 195 1052 229 0.002878 2
480 173 521 217 0.002847 2
907 193 957 239 0.002724 2
1023 222 1079 260 0.002697 2
158 412 176 424 0.002683 2
613 201 642 215 0.002670 2
1004 235 1024 250 0.002572 2
867 176 941 205 0.002568 2
866 177 930 220 0.002546 2
971 224 995 261 0.002528 2
207 398 224 414 0.002517 2
294 177 307 197 0.002511 2
992 203 1025 228 0.002466 2
553 179 578 202 0.002463 2
689 197 728 231 0.002460 2
999 193 1041 228 0.002397 2
691 188 730 235 0.002397 2
1142 204 1194 254 0.002390 2
803 208 838 239 0.002379 2
894 191 979 271 0.002365 2
1120 64 1152 76 0.002365 2
895 190 955 219 0.002334 2
599 319 608 329 0.002279 2
945 234 978 269 0.002275 2
592 449 607 458 0.002244 2
677 452 688 463 0.002208 2
246 411 264 422 0.002188 2
801 217 824 239 0.002112 2
635 370 656 383 0.002079 2
822 327 848 344 0.002075 2
415 402 424 407 0.002031 2
984 208 1027 237 0.002021 2
816 214 836 241 0.001984 2
938 232 978 270 0.001902 2
1148 471 1166 479 0.001823 2
319 202 333 231 0.001820 2
61 398 179 425 0.001790 2
495 239 531 251 0.001787 2
306 185 335 199 0.001719 2
983 456 994 464 0.001677 2
592 423 609 434 0.001665 2
1263 246 1279 270 0.001660 2
874 184 983 269 0.001618 2
657 454 665 462 0.001603 2
972 225 993 260 0.001586 2
868 177 944 202 0.001576 2
456 204 465 216 0.001562 2
1152 471 1168 479 0.001554 2
632 370 658 388 0.001547 2
297 175 315 197 0.001536 2
0 394 32 422 0.001516 2
1261 238 1279 269 0.001507 2
970 213 1071 260 0.001488 2
703 456 715 468 0.001449 2
639 456 651 461 0.001437 2
1002 236 1025 259 0.001426 2
109 400 177 424 0.001416 2
584 431 591 439 0.001414 2
593 450 608 459 0.001390 2
1247 345 1263 356 0.001385 2
623 317 670 364 0.001376 2
950 206 988 246 0.001355 2
575 445 590 457 0.001348 2
944 216 984 263 0.001339 2
973 222 995 260 0.001334 2
946 209 988 261 0.001333 2
623 322 662 363 0.001326 2
148 403 176 424 0.001325 2
92 399 178 424 0.001318 2
585 188 616 215 0.001314 2
1104 229 1120 248 0.001311 2
0 393 17 412 0.001306 2
661 374 695 386 0.001300 2
805 204 857 255 0.001298 2
1002 235 1025 255 0.001284 2
684 375 694 384 0.001283 2
971 211 995 260 0.001279 2
1004 232 1024 249 0.001256 2
991 197 1032 227 0.001240 2
661 202 729 235 0.001238 2
624 322 677 364 0.001236 2
623 320 666 363 0.001225 2
624 313 684 364 0.001218 2
1006 303 1022 311 0.001203 2
1119 64 1150 76 0.001202 2
724 463 739 471 0.001187 2
1262 229 1279 269 0.001181 2
0 397 32 422 0.001177 2
958 204 988 239 0.001173 2
991 216 1068 261 0.001146 2
626 373 638 382 0.001145 2
866 177 942 200 0.001121 2
693 208 730 235 0.001102 2
735 465 744 471 0.001090 2
1263 347 1279 365 0.001070 2
601 359 624 376 0.001070 2
1263 348 1279 370 0.001069 2
576 447 592 458 0.001060 2
1198 471 1215 481 0.001057 2
1120 64 1152 78 0.001055 2
133 401 177 424 0.001045 2
0 394 18 420 0.001040 2
1145 320 1169 345 0.001036 2
973 219 1024 261 0.001027 2
495 238 531 252 0.001025 2
533 202 548 222 0.001008 2
597 359 624 377 0.000983 2
866 177 934 215 0.000982 2
245 413 264 422 0.000974 2
701 196 739 233 0.000974 2
874 197 907 239 0.000971 2
1002 241 1024 261 0.000969 2
1248 347 1260 357 0.000965 2
594 449 608 460 0.000962 2
973 242 1024 262 0.000959 2
973 212 996 257 0.000953 2
1090 488 1110 502 0.000950 2
970 480 986 487 0.000948 2
975 301 991 312 0.000947 2
1263 249 1279 270 0.000931 2
1199 471 1216 481 0.000919 2
1141 324 1169 344 0.000918 2
591 424 608 433 0.000918 2
589 362 625 410 0.000912 2
47 406 77 424 0.000908 2
74 399 180 424 0.000903 2
463 418 504 438 0.000897 2
1167 381 1179 392 0.000896 2
941 212 979 264 0.000894 2
591 463 608 472 0.000893 2
598 365 624 386 0.000888 2
583 362 626 410 0.000871 2
1145 325 1167 343 0.000871 2
597 364 624 385 0.000858 2
47 408 73 424 0.000853 2
592 363 624 391 0.000852 2
587 362 625 389 0.000846 2
642 454 655 460 0.000829 2
821 328 848 356 0.000828 2
1176 381 1183 391 0.000828 2
1248 347 1263 357 0.000828 2
941 207 980 251 0.000819 2
463 426 493 444 0.000818 2
319 201 334 231 0.000815 2
1263 252 1279 270 0.000813 2
250 407 264 421 0.000811 2
969 206 998 261 0.000809 2
0 391 17 412 0.000807 2
463 422 496 445 0.000806 2
463 419 498 439 0.000802 2
319 200 355 232 0.000799 2
126 410 143 425 0.000796 2
1237 237 1279 269 0.000795 2
1112 471 1123 476 0.000793 2
52 400 181 426 0.000788 2
1242 243 1279 269 0.000788 2
624 322 669 369 0.000784 2
576 361 626 393 0.000783 2
801 161 858 242 0.000767 2
274 184 294 193 0.000761 2
152 412 172 424 0.000754 2
511 338 527 351 0.000752 2
293 175 309 198 0.000744 2
822 328 848 351 0.000733 2
174 400 192 417 0.000731 2
144 395 224 417 0.000730 2
1142 472 1155 479 0.000725 2
1134 342 1189 362 0.000715 2
1135 199 1220 263 0.000714 2
631 370 694 390 0.000714 2
842 180 882 232 0.000701 2
295 200 332 232 0.000694 2
623 341 657 362 0.000693 2
273 179 312 199 0.000690 2
536 427 591 439 0.000678 2
946 206 982 241 0.000675 2
1123 326 1151 344 0.000670 2
1263 363 1279 375 0.000668 2
585 182 622 204 0.000668 2
1041 221 1067 241 0.000659 2
129 410 143 425 0.000659 2
1139 326 1181 360 0.000658 2
1039 322 1056 334 0.000656 2
1039 322 1055 335 0.000655 2
908 180 944 209 0.000652 2
923 200 965 250 0.000647 2
47 407 79 424 0.000641 2
641 374 689 393 0.000641 2
1121 64 1152 79 0.000630 2
1262 343 1279 359 0.000629 2
1264 351 1279 368 0.000620 2
802 175 857 235 0.000619 2
1135 343 1189 361 0.000616 2
707 200 736 234 0.000616 2
273 183 313 199 0.000615 2
1261 169 1279 183 0.000614 2
628 367 640 382 0.000611 2
1237 345 1250 354 0.000608 2
802 184 843 240 0.000608 2
1026 252 1045 261 0.000607 2
749 439 766 449 0.000607 2
661 190 693 220 0.000606 2
973 284 1004 312 0.000603 2
943 327 960 344 0.000602 2
575 423 592 438 0.000602 2
1154 190 1213 261 0.000586 2
667 449 688 463 0.000585 2
719 455 748 471 0.000584 2
458 419 502 440 0.000575 2
463 420 504 445 0.000574 2
654 367 693 387 0.000571 2
19 200 35 206 0.000570 2
121 396 193 422 0.000566 2
1057 214 1166 253 0.000562 2
961 480 975 487 0.000562 2
452 204 465 222 0.000561 2
1222 179 1277 237 0.000561 2
1135 342 1196 360 0.000559 2
454 305 521 348 0.000559 2
623 344 652 365 0.000559 2
591 450 608 460 0.000557 2
974 280 1008 312 0.000557 2
1165 472 1179 479 0.000557 2
1094 205 1156 231 0.000551 2
1011 248 1055 262 0.000541 2
719 331 733 345 0.000537 2
822 328 848 363 0.000532 2
676 179 729 236 0.000529 2
1002 247 1022 261 0.000527 2
176 402 192 417 0.000525 2
1247 208 1279 269 0.000525 2
1118 471 1128 476 0.000524 2
309 185 341 199 0.000517 2
479 335 496 355 0.000517 2
623 315 697 380 0.000516 2
977 215 1016 254 0.000513 2
975 456 982 463 0.000511 2
662 376 687 392 0.000501 2
1175 471 1198 479 0.000500 2
1137 341 1171 360 0.000499 2
1137 336 1199 360 0.000498 2
633 366 684 388 0.000498 2
319 202 355 233 0.000491 2
556 179 584 216 0.000490 2
653 352 694 386 0.000488 2
630 453 639 461 0.000485 2
989 282 1008 312 0.000484 2
942 456 956 463 0.000482 2
672 189 692 215 0.000478 2
688 454 702 466 0.000467 2
1120 326 1155 344 0.000467 2
1166 471 1193 479 0.000460 2
719 461 731 471 0.000459 2
1086 183 1124 248 0.000459 2
1110 503 1120 509 0.000459 2
963 200 986 214 0.000459 2
463 413 523 443 0.000457 2
975 300 993 312 0.000457 2
804 157 859 218 0.000452 2
945 327 960 344 0.000446 2
624 367 641 381 0.000436 2
633 378 662 399 0.000436 2
1069 195 1097 223 0.000436 2
655 363 691 386 0.000431 2
255 197 271 211 0.000428 2
623 305 703 381 0.000422 2
1221 165 1280 218 0.000419 2
1264 367 1279 376 0.000414 2
1187 382 1262 427 0.000414 2
719 323 744 344 0.000411 2
736 439 771 455 0.000410 2
975 247 1020 262 0.000409 2
1113 203 1165 251 0.000408 2
447 201 466 222 0.000404 2
593 465 608 473 0.000404 2
623 342 660 384 0.000403 2
111 411 138 426 0.000403 2
427 422 464 444 0.000401 2
1263 361 1279 401 0.000401 2
1184 378 1263 427 0.000399 2
498 479 520 486 0.000398 2
1034 198 1076 235 0.000394 2
25 395 296 478 0.000394 2
639 461 649 471 0.000393 2
356 219 368 231 0.000391 2
631 471 640 478 0.000385 2
391 423 399 436 0.000384 2
623 344 648 370 0.000381 2
719 324 744 354 0.000381 2
1115 324 1179 365 0.000380 2
1036 195 1076 229 0.000376 2
986 247 1018 261 0.000376 2
503 313 527 337 0.000373 2
0 400 50 423 0.000372 2
595 364 625 411 0.000367 2
623 325 655 363 0.000364 2
2 402 86 424 0.000364 2
463 424 498 447 0.000364 2
982 480 991 487 0.000361 2
877 190 935 246 0.000357 2
1101 160 1216 221 0.000354 2
720 318 745 336 0.000352 2
576 362 624 409 0.000349 2
455 308 516 345 0.000348 2
984 189 1064 254 0.000347 2
274 184 295 194 0.000347 2
717 455 736 470 0.000345 2
912 196 964 236 0.000344 2
1138 343 1198 361 0.000343 2
111 412 126 426 0.000342 2
495 239 533 253 0.000340 2
463 432 482 446 0.000340 2
1224 164 1279 181 0.000340 2
325 198 381 232 0.000339 2
623 311 675 363 0.000339 2
974 278 999 301 0.000338 2
386 197 398 206 0.000337 2
1006 303 1023 311 0.000334 2
449 421 488 441 0.000331 2
171 398 192 414 0.000331 2
1140 329 1187 360 0.000330 2
313 192 335 231 0.000330 2
995 195 1066 247 0.000329 2
1264 365 1279 400 0.000327 2
818 359 832 375 0.000323 2
1261 167 1279 244 0.000322 2
966 510 976 520 0.000322 2
580 362 626 414 0.000321 2
242 407 264 422 0.000321 2
660 206 729 236 0.000319 2
709 203 738 235 0.000319 2
0 402 49 423 0.000319 2
717 453 767 471 0.000317 2
422 420 496 443 0.000313 2
1230 245 1279 272 0.000313 2
427 423 463 442 0.000312 2
720 317 744 332 0.000306 2
359 409 368 415 0.000305 2
823 327 855 344 0.000305 2
428 400 519 437 0.000305 2
430 423 456 436 0.000305 2
297 185 331 232 0.000304 2
913 191 947 268 0.000300 2
816 359 832 376 0.000300 2
1180 381 1202 394 0.000299 2
448 422 477 444 0.000299 2
482 199 517 222 0.000297 2
0 391 32 423 0.000296 2
151 400 192 425 0.000296 2
960 510 976 520 0.000294 2
742 438 784 458 0.000293 2
496 434 525 448 0.000290 2
950 693 991 703 0.000290 2
653 449 677 462 0.000290 2
0 509 96 600 0.000286 2
501 438 527 449 0.000285 2
206 403 288 449 0.000285 2
1258 168 1279 225 0.000285 2
320 198 364 232 0.000285 2
411 398 519 437 0.000285 2
1184 328 1200 339 0.000284 2
915 153 993 227 0.000280 2
495 238 539 251 0.000280 2
719 333 737 362 0.000280 2
874 177 944 204 0.000279 2
503 314 529 351 0.000277 2
1229 176 1279 221 0.000276 2
1247 679 1279 703 0.000273 2
205 408 264 425 0.000271 2
463 423 527 448 0.000269 2
1175 226 1279 298 0.000268 2
429 422 462 441 0.000268 2
220 404 288 433 0.000266 2
1094 227 1123 256 0.000265 2
511 334 526 351 0.000265 2
455 308 515 355 0.000265 2
464 409 518 432 0.000265 2
366 452 410 471 0.000262 2
1190 471 1201 479 0.000262 2
504 239 529 251 0.000261 2
454 297 522 345 0.000261 2
975 342 1008 384 0.000260 2
734 440 770 467 0.000260 2
637 184 674 216 0.000259 2
623 322 657 362 0.000259 2
1202 247 1280 295 0.000259 2
0 258 315 405 0.000259 2
624 307 682 360 0.000258 2
595 185 708 217 0.000258 2
762 439 776 447 0.000255 2
476 177 506 215 0.000254 2
1107 204 1161 231 0.000251 2
503 315 528 337 0.000251 2
607 449 624 470 0.000251 2
448 422 464 456 0.000250 2
0 510 51 596 0.000250 2
928 184 945 203 0.000250 2
218 403 288 441 0.000249 2
76 426 143 456 0.000248 2
495 240 529 253 0.000247 2
296 198 332 232 0.000241 2
447 427 464 454 0.000238 2
1214 473 1224 482 0.000238 2
628 372 692 397 0.000235 2
1131 341 1192 385 0.000233 2
413 423 463 442 0.000233 2
288 175 310 199 0.000231 2
625 372 659 397 0.000230 2
368 453 412 471 0.000228 2
658 429 676 439 0.000228 2
942 322 978 346 0.000228 2
900 153 992 265 0.000226 2
368 454 397 471 0.000225 2
356 217 368 229 0.000225 2
1254 277 1279 296 0.000225 2
197 407 267 426 0.000225 2
465 392 487 399 0.000225 2
60 430 143 455 0.000224 2
620 342 644 380 0.000223 2
79 515 96 534 0.000223 2
852 439 872 455 0.000222 2
662 274 673 283 0.000220 2
1056 465 1067 471 0.000218 2
511 333 528 351 0.000216 2
581 452 592 460 0.000213 2
1072 321 1120 345 0.000213 2
374 184 396 205 0.000213 2
974 526 990 535 0.000212 2
639 449 649 459 0.000211 2
377 453 414 471 0.000211 2
704 323 738 375 0.000210 2
78 408 142 425 0.000210 2
1102 202 1125 230 0.000209 2
399 421 437 435 0.000206 2
92 419 143 456 0.000206 2
363 423 383 437 0.000206 2
427 391 523 433 0.000205 2
623 314 668 362 0.000203 2
264 403 288 433 0.000203 2
0 392 117 424 0.000202 2
81 407 144 426 0.000202 2
33 407 48 423 0.000201 2
1165 379 1214 409 0.000200 2
1182 359 1264 419 0.000200 2
200 398 224 422 0.000199 2
1008 424 1025 440 0.000199 2
628 354 640 378 0.000198 2
661 273 689 283 0.000198 2
679 208 697 233 0.000198 2
0 392 83 424 0.000197 2
2 394 111 426 0.000196 2
1264 343 1279 365 0.000192 2
639 688 690 703 0.000189 2
643 449 657 460 0.000187 2
612 180 633 202 0.000187 2
412 418 431 423 0.000186 2
351 422 384 463 0.000186 2
79 408 116 424 0.000186 2
853 439 878 455 0.000185 2
502 281 533 338 0.000185 2
899 177 939 196 0.000185 2
620 181 655 206 0.000184 2
1054 303 1133 345 0.000183 2
1172 327 1200 356 0.000183 2
410 399 515 440 0.000183 2
221 406 290 445 0.000181 2
1149 285 1168 343 0.000181 2
390 421 445 437 0.000181 2
468 408 515 425 0.000180 2
398 421 463 440 0.000180 2
416 400 437 408 0.000180 2
189 396 225 423 0.000179 2
224 398 288 444 0.000179 2
976 527 990 535 0.000178 2
1037 319 1066 334 0.000177 2
327 200 373 232 0.000177 2
1037 193 1057 207 0.000177 2
592 463 608 480 0.000177 2
687 449 697 458 0.000176 2
639 404 660 423 0.000176 2
495 307 513 336 0.000176 2
1221 144 1280 183 0.000175 2
1260 279 1279 295 0.000175 2
1212 248 1280 296 0.000174 2
777 471 793 477 0.000174 2
1034 319 1082 347 0.000173 2
1018 319 1041 337 0.000173 2
900 214 1035 292 0.000173 2
790 355 833 380 0.000171 2
1198 269 1280 296 0.000169 2
591 272 708 369 0.000169 2
194 400 268 431 0.000168 2
1026 440 1041 450 0.000167 2
75 408 126 424 0.000167 2
63 424 75 434 0.000167 2
399 421 445 436 0.000167 2
1258 278 1279 294 0.000166 2
95 412 144 440 0.000165 2
1024 319 1050 333 0.000165 2
592 307 683 382 0.000164 2
471 408 523 426 0.000163 2
110 408 144 450 0.000163 2
875 150 993 224 0.000163 2
615 281 658 313 0.000162 2
1019 319 1055 344 0.000162 2
40 394 290 466 0.000161 2
790 345 832 377 0.000161 2
130 412 144 433 0.000161 2
591 462 608 483 0.000161 2
719 317 742 330 0.000159 2
0 508 50 567 0.000159 2
460 406 514 430 0.000158 2
703 471 711 477 0.000157 2
593 425 609 438 0.000156 2
205 406 289 451 0.000156 2
450 206 466 222 0.000155 2
670 454 692 471 0.000155 2
303 175 328 198 0.000155 2
1117 338 1193 383 0.000155 2
704 302 768 338 0.000155 2
1106 275 1147 344 0.000155 2
662 297 709 366 0.000154 2
578 424 609 442 0.000154 2
274 392 288 398 0.000154 2
668 433 678 440 0.000154 2
498 237 534 252 0.000151 2
358 424 384 467 0.000150 2
271 396 288 425 0.000148 2
39 435 80 470 0.000147 2
1054 672 1094 703 0.000146 2
209 408 290 452 0.000146 2
598 318 609 339 0.000145 2
464 408 515 428 0.000144 2
255 396 288 427 0.000142 2
91 424 144 448 0.000142 2
622 280 679 353 0.000142 2
704 329 746 378 0.000141 2
47 439 63 445 0.000141 2
959 329 977 345 0.000139 2
577 276 682 396 0.000137 2
928 154 995 226 0.000137 2
606 452 639 468 0.000136 2
657 379 689 401 0.000135 2
704 313 746 352 0.000135 2
453 308 508 344 0.000135 2
37 433 80 469 0.000134 2
328 199 367 232 0.000134 2
175 397 201 417 0.000133 2
949 697 983 703 0.000133 2
703 327 714 341 0.000133 2
612 282 660 313 0.000133 2
605 265 661 314 0.000132 2
61 394 289 451 0.000131 2
943 696 981 703 0.000131 2
575 364 622 413 0.000131 2
583 200 667 227 0.000131 2
171 401 192 423 0.000130 2
626 345 669 387 0.000129 2
960 520 972 528 0.000129 2
353 190 372 200 0.000129 2
67 169 88 177 0.000128 2
423 421 465 457 0.000128 2
408 392 525 431 0.000128 2
1262 278 1279 294 0.000127 2
1068 325 1088 343 0.000127 2
989 357 1025 400 0.000127 2
89 415 144 439 0.000127 2
592 193 734 230 0.000124 2
47 437 79 449 0.000124 2
87 411 143 440 0.000124 2
175 404 291 449 0.000123 2
267 184 298 215 0.000123 2
47 437 80 451 0.000122 2
974 291 1028 333 0.000122 2
201 393 264 425 0.000122 2
962 326 976 343 0.000122 2
633 374 689 403 0.000121 2
584 272 680 367 0.000121 2
258 403 288 447 0.000121 2
271 178 326 233 0.000121 2
487 465 496 473 0.000120 2
670 302 705 346 0.000119 2
204 394 257 420 0.000119 2
331 207 354 232 0.000118 2
1232 346 1264 360 0.000118 2
621 171 659 210 0.000118 2
79 517 96 534 0.000117 2
536 427 592 457 0.000117 2
824 321 855 344 0.000117 2
483 200 523 222 0.000117 2
1053 291 1150 340 0.000116 2
0 267 10 295 0.000116 2
208 393 240 409 0.000115 2
1223 173 1277 215 0.000115 2
211 449 239 463 0.000114 2
639 405 657 424 0.000114 2
873 528 890 535 0.000113 2
202 403 264 425 0.000113 2
649 325 680 360 0.000113 2
246 440 271 448 0.000112 2
941 307 989 347 0.000112 2
632 337 691 386 0.000112 2
0 281 6 295 0.000111 2
658 176 693 217 0.000111 2
445 176 468 218 0.000111 2
636 386 688 426 0.000111 2
608 263 661 313 0.000111 2
624 373 658 402 0.000110 2
634 380 689 425 0.000110 2
638 394 670 424 0.000110 2
348 410 402 474 0.000110 2
206 408 281 433 0.000109 2
613 267 663 313 0.000108 2
301 405 394 439 0.000108 2
273 184 296 203 0.000108 2
587 325 662 386 0.000107 2
654 429 681 439 0.000107 2
623 321 656 355 0.000106 2
36 436 80 470 0.000105 2
911 171 952 202 0.000105 2
939 277 1004 316 0.000104 2
955 244 997 272 0.000104 2
1054 285 1137 338 0.000104 2
774 231 790 237 0.000104 2
48 436 80 450 0.000102 2
63 426 80 439 0.000102 2
173 399 280 449 0.000102 2
721 197 872 276 0.000102 2
324 407 351 414 0.000102 2
931 207 953 266 0.022458 3
690 209 728 237 0.001301 3
1176 163 1279 268 0.003377 5
480 168 581 217 0.003179 5
479 169 521 217 0.003008 5
478 170 518 217 0.002190 5
443 171 520 218 0.001626 5
1075 163 1279 271 0.001429 5
444 170 517 217 0.001336 5
473 166 579 225 0.001174 5
480 172 516 209 0.000876 5
1181 162 1279 233 0.000497 5
479 167 523 216 0.000442 5
783 184 1279 344 0.000327 5
823 135 939 167 0.000278 5
479 174 498 203 0.000192 5
1007 183 1064 222 0.000166 5
448 157 525 209 0.000166 5
672 265 1279 424 0.085197 6
1051 264 1279 418 0.055482 6
673 242 1278 426 0.036311 6
667 198 1279 430 0.034108 6
700 216 1277 432 0.026016 6
704 251 1277 444 0.017179 6
827 260 1280 421 0.013852 6
894 266 1279 422 0.012035 6
1010 270 1279 422 0.008766 6
1050 169 1279 420 0.007709 6
922 268 1279 425 0.005949 6
641 208 1250 398 0.005687 6
641 272 1068 383 0.005568 6
641 243 1255 393 0.004994 6
692 142 1279 431 0.004772 6
674 267 1277 448 0.004502 6
645 253 1245 415 0.003019 6
643 271 1117 404 0.002811 6
708 260 1274 461 0.002748 6
659 202 1270 408 0.002708 6
641 271 1111 386 0.002695 6
640 272 989 400 0.002577 6
641 273 1150 420 0.002562 6
641 270 1219 390 0.002188 6
640 206 1136 385 0.002141 6
641 272 1085 419 0.002124 6
716 271 1278 442 0.002069 6
641 208 1227 377 0.001960 6
1054 172 1279 386 0.001918 6
1053 169 1279 273 0.001876 6
641 273 1083 456 0.001662 6
476 158 579 218 0.001598 6
698 201 1275 421 0.001440 6
640 197 1205 389 0.001437 6
1051 173 1279 356 0.001416 6
1009 471 1272 503 0.001405 6
884 170 1279 423 0.001357 6
1019 471 1273 509 0.001339 6
971 466 1274 503 0.001329 6
1081 147 1279 271 0.001323 6
643 273 1064 445 0.001250 6
653 209 1143 375 0.001032 6
906 271 1278 445 0.000924 6
641 272 1041 456 0.000849 6
793 185 1275 419 0.000840 6
1039 160 1279 352 0.000799 6
648 316 1051 438 0.000758 6
644 150 1091 391 0.000693 6
324 416 719 461 0.000676 6
829 135 938 169 0.000668 6
819 135 938 192 0.000619 6
658 326 1205 444 0.000597 6
460 413 947 475 0.000583 6
645 172 1035 388 0.000582 6
1084 179 1278 263 0.000578 6
0 396 311 483 0.000572 6
696 451 1271 496 0.000567 6
640 272 994 459 0.000553 6
769 454 1276 502 0.000528 6
17 395 338 480 0.000522 6
838 452 1276 503 0.000508 6
740 128 1279 406 0.000500 6
1 67 439 390 0.000493 6
673 279 1267 462 0.000487 6
1 431 333 508 0.000484 6
712 453 1274 498 0.000483 6
703 446 1275 498 0.000466 6
329 417 754 474 0.000457 6
374 413 937 474 0.000454 6
330 404 719 485 0.000440 6
761 466 1267 502 0.000421 6
707 410 856 474 0.000413 6
695 207 1140 385 0.000408 6
477 419 945 475 0.000404 6
703 451 1271 511 0.000392 6
680 441 1271 494 0.000389 6
452 428 702 464 0.000365 6
714 440 937 480 0.000357 6
0 65 372 393 0.000342 6
335 416 918 472 0.000338 6
910 448 1275 504 0.000336 6
0 65 336 395 0.000328 6
388 419 931 476 0.000326 6
501 427 701 464 0.000320 6
924 276 1277 484 0.000319 6
826 134 938 163 0.000312 6
687 437 1230 489 0.000311 6
1024 437 1276 506 0.000285 6
341 417 903 477 0.000283 6
661 437 941 480 0.000273 6
591 279 958 402 0.000265 6
1006 444 1276 507 0.000265 6
601 430 700 464 0.000244 6
703 439 1027 483 0.000235 6
678 356 1212 486 0.000234 6
0 511 48 567 0.000234 6
1065 151 1270 249 0.000233 6
721 411 874 475 0.000230 6
669 388 957 478 0.000229 6
452 283 953 462 0.000229 6
644 386 956 479 0.000225 6
682 337 1270 492 0.000218 6
374 265 938 471 0.000214 6
34 434 339 510 0.000214 6
473 266 955 420 0.000203 6
692 354 1275 473 0.000201 6
694 447 1273 528 0.000200 6
831 314 1277 481 0.000199 6
1161 301 1280 358 0.000199 6
30 429 342 506 0.000196 6
544 321 957 466 0.000196 6
677 380 1005 482 0.000195 6
1073 65 1280 269 0.000189 6
599 428 699 462 0.000189 6
945 493 1250 531 0.000188 6
721 344 1278 474 0.000184 6
700 329 1275 496 0.000177 6
1187 298 1280 351 0.000175 6
812 491 1244 532 0.000169 6
705 409 843 473 0.000162 6
734 334 1014 386 0.000157 6
803 132 939 167 0.000157 6
865 453 1157 492 0.000140 6
1046 66 1277 264 0.000140 6
957 463 1275 549 0.000137 6
1111 413 1279 463 0.000136 6
14 394 595 549 0.000134 6
1098 409 1279 462 0.000133 6
1021 284 1201 405 0.000133 6
721 335 1007 388 0.000132 6
1179 300 1280 357 0.000125 6
594 431 804 470 0.000117 6
1027 403 1273 462 0.000111 6
894 317 1101 413 0.000109 6
413 260 945 446 0.000108 6
165 64 325 95 0.000107 6
715 335 1035 384 0.000105 6
716 445 1272 585 0.000105 6
895 295 1077 391 0.000104 6
1066 406 1278 460 0.000104 6
1121 418 1278 459 0.000103 6
865 176 962 263 0.145228 7
861 175 964 265 0.137315 7
863 177 960 248 0.123480 7
708 152 859 238 0.120027 7
866 177 953 221 0.068160 7
851 176 975 270 0.065130 7
694 153 964 255 0.061550 7
695 152 863 241 0.057718 7
694 152 951 249 0.047444 7
696 155 967 263 0.043083 7
846 177 956 242 0.040782 7
588 183 622 214 0.033239 7
850 177 952 226 0.025169 7
718 153 860 236 0.022033 7
587 183 622 208 0.020918 7
686 161 968 268 0.019436 7
718 153 807 223 0.018326 7
714 153 807 229 0.018228 7
700 152 808 230 0.018064 7
866 176 942 239 0.017472 7
587 184 618 214 0.016504 7
588 183 622 202 0.015292 7
705 153 808 223 0.014965 7
1183 178 1279 268 0.013798 7
1004 196 1052 229 0.012952 7
587 183 656 216 0.012860 7
1179 170 1279 268 0.011109 7
587 183 623 203 0.011093 7
520 171 578 205 0.011035 7
591 183 623 202 0.009567 7
1183 225 1279 269 0.006604 7
841 177 949 237 0.005821 7
1002 196 1064 241 0.005663 7
587 181 623 215 0.005186 7
694 153 808 224 0.005069 7
718 152 855 251 0.005050 7
692 135 963 266 0.004934 7
1051 271 1277 350 0.004917 7
505 170 578 205 0.004661 7
796 168 859 248 0.003610 7
588 187 654 217 0.003575 7
583 184 620 213 0.003489 7
689 131 961 258 0.003217 7
786 155 947 258 0.003073 7
691 184 732 232 0.002967 7
1183 191 1279 269 0.002959 7
1183 218 1279 267 0.002922 7
691 156 805 235 0.002723 7
1054 272 1167 343 0.002520 7
1221 174 1279 265 0.002509 7
1111 275 1280 418 0.002428 7
661 273 769 375 0.002256 7
987 197 1070 259 0.002173 7
1054 270 1257 345 0.002169 7
480 173 519 217 0.002122 7
664 274 768 349 0.002102 7
1053 272 1214 346 0.001964 7
696 153 803 273 0.001903 7
690 155 794 234 0.001865 7
976 197 1068 259 0.001816 7
476 166 580 213 0.001789 7
685 281 769 375 0.001770 7
1238 184 1279 268 0.001662 7
1053 273 1154 344 0.001616 7
474 166 581 219 0.001614 7
587 171 657 217 0.001598 7
700 299 768 342 0.001411 7
1049 273 1158 339 0.001301 7
866 177 954 268 0.001294 7
704 303 768 376 0.001290 7
468 161 580 220 0.001287 7
480 179 578 231 0.001285 7
851 171 970 265 0.001278 7
661 274 720 377 0.001256 7
1180 174 1249 266 0.001207 7
491 160 580 205 0.001147 7
1101 170 1217 253 0.001116 7
720 152 807 210 0.001063 7
800 133 942 242 0.001053 7
1049 272 1275 396 0.001032 7
733 152 807 208 0.001007 7
705 302 768 358 0.000993 7
695 184 731 225 0.000986 7
861 169 976 268 0.000913 7
801 158 859 229 0.000845 7
662 273 769 357 0.000815 7
1054 212 1166 343 0.000793 7
1052 272 1280 357 0.000778 7
713 135 955 256 0.000778 7
687 181 733 231 0.000764 7
1205 167 1279 245 0.000760 7
997 192 1112 247 0.000744 7
797 148 939 238 0.000742 7
999 194 1101 260 0.000720 7
1114 172 1215 254 0.000711 7
711 183 873 285 0.000647 7
689 152 804 227 0.000608 7
658 275 713 380 0.000581 7
1018 272 1150 355 0.000560 7
1240 173 1279 264 0.000550 7
1181 208 1279 275 0.000506 7
625 314 697 382 0.000503 7
1179 377 1263 426 0.000502 7
480 169 518 215 0.000493 7
1178 364 1266 426 0.000490 7
687 121 944 248 0.000475 7
1126 274 1169 345 0.000458 7
715 152 808 212 0.000452 7
662 273 721 360 0.000445 7
616 171 659 214 0.000443 7
1056 205 1171 331 0.000431 7
1194 167 1231 231 0.000425 7
586 165 660 217 0.000422 7
579 151 665 217 0.000421 7
785 193 990 290 0.000420 7
706 136 872 231 0.000413 7
623 317 698 385 0.000412 7
718 155 806 214 0.000407 7
1053 273 1171 374 0.000370 7
705 185 729 227 0.000369 7
706 295 852 381 0.000367 7
1085 274 1280 408 0.000355 7
847 135 962 238 0.000342 7
1180 167 1232 229 0.000339 7
515 169 630 212 0.000334 7
709 302 769 336 0.000333 7
630 306 699 384 0.000332 7
621 275 710 380 0.000331 7
705 128 861 233 0.000320 7
1129 273 1168 346 0.000310 7
1086 166 1212 249 0.000307 7
646 175 1034 338 0.000301 7
1010 272 1166 341 0.000296 7
540 178 657 220 0.000282 7
634 270 958 388 0.000273 7
1158 303 1279 358 0.000270 7
695 183 745 234 0.000268 7
702 123 860 224 0.000267 7
581 179 709 224 0.000264 7
1179 349 1267 410 0.000254 7
713 309 860 391 0.000252 7
725 129 937 225 0.000248 7
1243 167 1279 254 0.000245 7
472 172 581 252 0.000244 7
1015 267 1153 337 0.000240 7
645 271 871 375 0.000237 7
737 152 808 214 0.000236 7
881 275 1100 390 0.000234 7
456 163 581 254 0.000231 7
663 270 768 345 0.000225 7
1157 170 1280 379 0.000224 7
1003 158 1071 232 0.000223 7
538 182 623 221 0.000215 7
762 277 847 346 0.000208 7
1107 274 1161 344 0.000204 7
1164 303 1272 358 0.000201 7
693 168 755 232 0.000200 7
930 154 994 248 0.000194 7
996 271 1179 354 0.000192 7
760 226 845 346 0.000188 7
862 150 1000 271 0.000181 7
704 293 758 377 0.000179 7
490 143 578 207 0.000177 7
609 155 797 229 0.000171 7
808 127 966 271 0.000160 7
757 224 935 343 0.000158 7
1027 271 1173 399 0.000149 7
1215 160 1279 237 0.000148 7
1150 276 1168 344 0.000148 7
911 277 1080 385 0.000147 7
664 80 922 247 0.000146 7
1167 302 1266 356 0.000144 7
693 132 817 222 0.000144 7
1000 164 1066 231 0.000143 7
1053 274 1177 402 0.000142 7
590 319 682 392 0.000142 7
585 274 687 374 0.000137 7
953 270 1174 344 0.000133 7
710 228 774 341 0.000129 7
987 150 1064 231 0.000122 7
586 152 649 204 0.000120 7
1131 274 1166 344 0.000119 7
1047 272 1175 397 0.000114 7
702 124 839 223 0.000114 7
1046 210 1153 335 0.000114 7
559 134 729 229 0.000108 7
719 284 852 384 0.000107 7
626 270 782 380 0.000105 7
1183 302 1280 352 0.000103 7
1052 282 1263 414 0.000103 7
1089 150 1103 178 0.619097 9
512 151 523 180 0.453126 9
512 151 523 185 0.165451 9
513 151 525 182 0.120603 9
366 167 374 189 0.098655 9
512 151 524 187 0.086060 9
1089 150 1103 182 0.074593 9
1207 170 1215 186 0.070216 9
1207 167 1216 187 0.052013 9
373 167 382 185 0.044622 9
894 153 908 176 0.032758 9
119 64 160 78 0.031815 9
512 151 526 186 0.031365 9
1013 135 1024 168 0.030884 9
239 178 246 190 0.030266 9
448 157 490 171 0.026041 9
895 153 907 177 0.025908 9
1215 167 1223 184 0.024954 9
313 150 341 194 0.024163 9
878 155 890 169 0.022990 9
865 151 878 169 0.020139 9
1089 150 1105 178 0.020095 9
523 183 536 196 0.019132 9
119 64 159 76 0.018506 9
866 152 879 172 0.018446 9
1154 163 1168 184 0.017703 9
1207 168 1215 189 0.017636 9
372 167 381 187 0.016908 9
587 169 593 185 0.016647 9
174 64 201 91 0.016069 9
878 153 889 169 0.016068 9
363 167 372 189 0.015291 9
1230 167 1247 181 0.013405 9
894 152 909 177 0.012284 9
1214 167 1224 192 0.011906 9
1013 134 1026 169 0.011572 9
558 184 568 198 0.011158 9
927 149 938 168 0.011079 9
927 151 937 168 0.011018 9
863 166 869 184 0.010922 9
1207 168 1216 200 0.010835 9
119 64 165 78 0.010800 9
866 152 882 177 0.010679 9
371 167 381 187 0.010562 9
844 151 858 166 0.010360 9
680 167 687 184 0.010292 9
1192 164 1201 186 0.010239 9
1154 159 1168 184 0.009765 9
1228 166 1247 181 0.009426 9
587 168 593 185 0.009083 9
157 64 202 91 0.008986 9
879 154 895 171 0.008867 9
876 153 891 176 0.008732 9
665 183 671 196 0.008640 9
1192 166 1201 186 0.008591 9
680 168 687 188 0.008416 9
863 165 871 183 0.008086 9
904 66 929 120 0.008037 9
814 145 823 159 0.007938 9
1199 401 1206 416 0.007916 9
840 151 859 166 0.007812 9
118 64 173 79 0.007745 9
990 680 1004 703 0.007592 9
1104 168 1120 205 0.007524 9
693 177 704 199 0.007476 9
448 157 490 181 0.007475 9
1194 384 1206 402 0.007464 9
990 680 1001 703 0.007442 9
163 64 202 91 0.007426 9
1145 165 1154 185 0.007138 9
517 191 526 201 0.006821 9
224 183 231 192 0.006356 9
1181 163 1203 217 0.006331 9
694 176 703 198 0.006313 9
878 152 896 175 0.006172 9
814 145 823 158 0.006161 9
448 157 490 177 0.006154 9
1196 384 1206 400 0.006043 9
523 183 537 198 0.005980 9
522 182 547 198 0.005880 9
464 169 471 183 0.005724 9
693 177 703 198 0.005714 9
119 64 202 89 0.005467 9
449 158 474 171 0.005378 9
839 151 856 164 0.005355 9
1208 167 1226 203 0.005309 9
1229 166 1247 182 0.005150 9
1191 161 1202 186 0.005075 9
1153 164 1167 184 0.004862 9
989 680 1011 703 0.004846 9
257 179 262 190 0.004733 9
1183 163 1203 216 0.004700 9
837 151 858 168 0.004693 9
970 176 976 186 0.004665 9
1193 383 1208 416 0.004625 9
664 153 671 173 0.004624 9
551 172 576 202 0.004571 9
690 168 697 181 0.004558 9
894 151 910 177 0.004530 9
1206 166 1218 188 0.004430 9
1005 136 1014 171 0.004167 9
313 89 341 194 0.004078 9
989 679 1010 703 0.004068 9
361 167 373 189 0.004032 9
665 185 671 203 0.003937 9
550 172 574 200 0.003890 9
1212 167 1224 203 0.003880 9
680 168 689 196 0.003863 9
167 64 175 76 0.003788 9
570 161 580 179 0.003767 9
510 169 548 198 0.003762 9
571 161 580 178 0.003732 9
215 183 226 195 0.003707 9
693 175 701 196 0.003626 9
882 153 897 177 0.003597 9
141 64 202 91 0.003500 9
1055 375 1065 391 0.003457 9
545 171 580 203 0.003396 9
1225 164 1236 182 0.003265 9
1191 385 1204 401 0.003216 9
663 154 671 173 0.003211 9
522 183 536 199 0.003182 9
160 64 177 91 0.003170 9
574 180 582 201 0.003151 9
257 144 266 160 0.003151 9
1005 134 1023 171 0.003151 9
801 143 811 157 0.003118 9
312 149 340 192 0.003082 9
1181 172 1202 217 0.003049 9
1184 164 1201 186 0.003025 9
866 151 878 175 0.003005 9
1135 165 1146 185 0.003004 9
518 170 547 197 0.002995 9
160 64 177 91 0.002921 9
544 169 576 200 0.002915 9
816 150 859 180 0.002891 9
876 154 891 174 0.002863 9
1208 168 1217 201 0.002834 9
1207 166 1226 190 0.002819 9
1225 162 1248 181 0.002798 9
259 143 268 159 0.002783 9
545 171 577 201 0.002765 9
545 168 552 182 0.002754 9
810 160 857 180 0.002730 9
512 151 538 188 0.002701 9
1191 384 1205 401 0.002665 9
313 148 344 195 0.002613 9
1005 136 1019 171 0.002612 9
517 168 547 186 0.002543 9
257 141 268 160 0.002462 9
587 169 602 185 0.002444 9
1185 382 1219 419 0.002308 9
512 155 526 194 0.002300 9
156 64 177 90 0.002276 9
526 176 577 200 0.002268 9
663 294 672 318 0.002245 9
588 166 603 185 0.002220 9
1183 167 1200 185 0.002212 9
689 169 695 185 0.002183 9
158 203 171 230 0.002153 9
951 346 960 363 0.002148 9
1006 136 1016 171 0.002124 9
652 153 667 174 0.002101 9
1055 152 1064 164 0.002098 9
1088 149 1103 230 0.002091 9
260 142 268 160 0.002080 9
448 154 490 171 0.002017 9
1133 165 1146 185 0.002012 9
1102 166 1120 207 0.002011 9
661 151 671 173 0.002008 9
1003 135 1015 175 0.002008 9
803 141 819 159 0.001996 9
663 294 672 316 0.001986 9
241 164 247 179 0.001981 9
525 169 546 180 0.001977 9
830 135 860 166 0.001921 9
445 157 490 180 0.001874 9
1183 383 1215 416 0.001866 9
1161 376 1166 382 0.001848 9
652 151 671 174 0.001843 9
1001 134 1010 178 0.001834 9
312 78 340 194 0.001825 9
158 203 171 232 0.001798 9
1216 186 1224 205 0.001776 9
804 145 815 160 0.001770 9
999 133 1010 175 0.001743 9
523 182 547 202 0.001710 9
1022 159 1029 168 0.001707 9
1182 382 1218 418 0.001688 9
158 64 171 75 0.001682 9
833 139 858 166 0.001669 9
809 166 819 179 0.001650 9
1204 407 1215 417 0.001645 9
313 155 350 198 0.001636 9
1141 158 1168 185 0.001599 9
831 151 840 163 0.001590 9
111 151 128 163 0.001586 9
1224 164 1245 183 0.001562 9
1114 165 1148 185 0.001550 9
927 149 944 168 0.001516 9
1048 158 1056 168 0.001513 9
119 64 203 93 0.001497 9
1207 160 1217 188 0.001492 9
843 166 871 206 0.001473 9
1226 163 1248 181 0.001469 9
1013 131 1040 169 0.001467 9
1186 382 1218 417 0.001455 9
801 143 812 159 0.001450 9
1122 164 1146 185 0.001447 9
1184 158 1202 187 0.001446 9
163 64 200 84 0.001424 9
1089 150 1112 179 0.001415 9
1088 145 1104 177 0.001364 9
1055 152 1064 168 0.001359 9
480 149 532 211 0.001357 9
569 164 582 201 0.001335 9
665 170 671 185 0.001331 9
312 82 371 197 0.001326 9
373 173 385 200 0.001298 9
704 166 711 178 0.001287 9
994 140 1001 167 0.001286 9
1120 64 1152 77 0.001276 9
703 152 711 175 0.001269 9
120 64 185 91 0.001259 9
1214 369 1223 385 0.001255 9
701 118 716 129 0.001254 9
508 152 581 209 0.001251 9
993 135 1001 169 0.001248 9
94 151 105 176 0.001216 9
1151 104 1169 134 0.001207 9
658 151 671 174 0.001202 9
543 597 552 623 0.001194 9
801 158 859 219 0.001182 9
256 177 262 191 0.001164 9
1042 157 1052 168 0.001154 9
484 173 496 187 0.001145 9
844 180 872 221 0.001138 9
988 678 1024 703 0.001135 9
862 112 869 118 0.001101 9
810 157 858 180 0.001097 9
497 151 524 191 0.001093 9
701 118 720 129 0.001092 9
1098 163 1157 195 0.001087 9
807 159 858 196 0.001086 9
849 153 871 192 0.001084 9
678 167 689 206 0.001082 9
596 147 608 167 0.001081 9
68 169 80 177 0.001079 9
1193 163 1216 190 0.001073 9
1114 164 1141 185 0.001070 9
1089 149 1110 178 0.001069 9
663 294 673 321 0.001049 9
664 328 677 349 0.001047 9
547 168 569 191 0.001037 9
852 117 866 136 0.001026 9
94 165 104 176 0.001024 9
843 151 869 169 0.001015 9
871 121 879 131 0.001005 9
595 64 624 93 0.000996 9
1025 151 1040 159 0.000986 9
545 163 580 203 0.000976 9
211 167 217 176 0.000973 9
804 133 818 159 0.000969 9
998 134 1009 174 0.000943 9
1005 677 1024 703 0.000936 9
1119 170 1129 185 0.000931 9
623 263 640 283 0.000930 9
1008 679 1024 703 0.000922 9
690 169 702 182 0.000920 9
839 119 851 135 0.000913 9
903 567 912 586 0.000903 9
906 105 928 120 0.000900 9
571 137 581 163 0.000893 9
1007 677 1024 703 0.000883 9
996 130 1009 173 0.000883 9
310 102 384 196 0.000880 9
1046 151 1056 164 0.000877 9
1205 409 1216 423 0.000872 9
808 159 858 188 0.000871 9
860 112 870 136 0.000865 9
1150 102 1169 134 0.000856 9
173 64 208 91 0.000851 9
1011 134 1025 175 0.000848 9
1215 585 1224 627 0.000845 9
498 171 513 187 0.000841 9
342 166 353 198 0.000839 9
1020 149 1040 167 0.000834 9
1096 131 1104 169 0.000820 9
830 135 860 162 0.000819 9
991 282 1001 304 0.000818 9
811 135 828 159 0.000815 9
1190 149 1204 187 0.000811 9
586 118 598 134 0.000806 9
1101 138 1110 159 0.000802 9
586 118 598 143 0.000797 9
1182 386 1216 412 0.000797 9
853 117 867 136 0.000792 9
339 165 352 198 0.000791 9
685 167 703 199 0.000789 9
698 143 704 152 0.000789 9
592 64 624 94 0.000787 9
863 658 873 675 0.000787 9
567 141 581 162 0.000781 9
805 184 814 197 0.000779 9
580 64 597 92 0.000775 9
662 304 681 351 0.000768 9
665 320 680 348 0.000767 9
999 133 1011 173 0.000767 9
1255 632 1265 645 0.000766 9
855 283 863 294 0.000759 9
448 158 480 176 0.000756 9
307 85 341 195 0.000741 9
846 151 864 168 0.000739 9
1097 128 1104 139 0.000733 9
1100 121 1138 168 0.000731 9
847 136 939 175 0.000729 9
446 157 491 211 0.000729 9
1151 110 1164 134 0.000726 9
310 102 338 193 0.000725 9
650 162 657 175 0.000723 9
861 114 870 136 0.000717 9
372 157 382 186 0.000716 9
864 654 873 673 0.000706 9
504 151 524 183 0.000704 9
699 150 712 177 0.000704 9
1103 163 1163 189 0.000701 9
1014 133 1032 164 0.000699 9
1193 147 1209 189 0.000698 9
1198 136 1205 184 0.000696 9
1099 116 1138 170 0.000683 9
836 120 849 135 0.000675 9
827 135 927 173 0.000674 9
828 135 922 170 0.000674 9
1182 383 1208 411 0.000669 9
994 133 1003 169 0.000668 9
808 375 814 392 0.000663 9
864 669 873 685 0.000661 9
1126 162 1136 174 0.000660 9
446 156 492 197 0.000640 9
977 680 1007 703 0.000639 9
240 176 250 192 0.000639 9
1207 166 1230 222 0.000637 9
566 142 580 169 0.000634 9
594 148 603 167 0.000631 9
1198 134 1206 183 0.000629 9
1001 173 1009 186 0.000628 9
580 64 596 86 0.000626 9
1225 165 1260 181 0.000624 9
650 156 657 174 0.000620 9
1074 150 1103 188 0.000618 9
807 149 857 191 0.000616 9
692 120 705 153 0.000615 9
847 119 856 135 0.000614 9
903 635 912 664 0.000613 9
311 64 368 195 0.000613 9
569 139 581 166 0.000607 9
1070 149 1100 220 0.000607 9
664 316 680 349 0.000606 9
807 168 816 193 0.000604 9
863 667 873 688 0.000604 9
479 335 496 356 0.000597 9
1178 382 1245 425 0.000594 9
1106 132 1137 167 0.000592 9
671 316 681 334 0.000587 9
311 100 369 197 0.000586 9
485 150 524 182 0.000579 9
830 135 939 170 0.000577 9
512 145 525 181 0.000577 9
352 162 366 192 0.000573 9
808 160 859 205 0.000573 9
1050 120 1058 136 0.000569 9
1019 153 1048 168 0.000568 9
904 123 912 137 0.000567 9
784 113 834 158 0.000566 9
794 135 816 157 0.000558 9
248 176 257 191 0.000557 9
846 136 939 163 0.000557 9
1190 165 1216 197 0.000554 9
846 136 938 153 0.000553 9
979 677 1006 703 0.000548 9
314 89 333 157 0.000541 9
1093 148 1111 177 0.000541 9
664 168 682 207 0.000539 9
1151 160 1197 185 0.000538 9
171 146 179 165 0.000537 9
1101 136 1111 163 0.000535 9
833 135 939 174 0.000535 9
855 136 940 175 0.000532 9
1070 143 1097 208 0.000531 9
1196 390 1215 423 0.000531 9
1255 633 1265 649 0.000529 9
1050 120 1057 133 0.000526 9
574 134 581 161 0.000523 9
680 137 690 156 0.000523 9
339 163 353 197 0.000522 9
982 666 1004 703 0.000521 9
903 565 912 586 0.000516 9
952 173 959 185 0.000507 9
697 146 710 176 0.000506 9
1115 141 1137 166 0.000506 9
311 68 343 194 0.000503 9
630 167 638 189 0.000503 9
594 154 602 170 0.000502 9
1027 140 1040 159 0.000498 9
992 667 1000 681 0.000498 9
1070 141 1100 212 0.000493 9
248 177 257 191 0.000492 9
1077 148 1103 184 0.000490 9
662 294 682 351 0.000490 9
1211 157 1226 180 0.000488 9
1122 161 1167 186 0.000485 9
637 160 644 168 0.000485 9
1045 645 1057 681 0.000484 9
119 64 171 92 0.000483 9
1073 150 1080 162 0.000481 9
690 119 706 154 0.000480 9
814 139 831 159 0.000480 9
829 167 860 202 0.000480 9
594 166 610 185 0.000479 9
310 89 334 173 0.000479 9
1021 126 1040 161 0.000478 9
662 170 690 213 0.000476 9
1150 149 1199 185 0.000474 9
799 556 808 615 0.000473 9
854 632 880 682 0.000471 9
803 146 812 159 0.000469 9
688 118 706 173 0.000467 9
212 164 223 177 0.000466 9
835 136 939 152 0.000460 9
316 64 368 185 0.000459 9
799 572 808 615 0.000459 9
1196 384 1232 425 0.000456 9
265 216 275 231 0.000456 9
331 163 352 199 0.000452 9
698 124 718 178 0.000451 9
680 147 690 162 0.000448 9
1105 147 1138 181 0.000446 9
839 118 861 135 0.000445 9
111 151 129 165 0.000443 9
586 119 598 139 0.000443 9
697 152 708 173 0.000442 9
894 118 905 137 0.000441 9
502 577 512 600 0.000441 9
975 174 984 185 0.000438 9
1215 161 1242 182 0.000438 9
255 114 263 128 0.000437 9
1212 152 1223 163 0.000434 9
1180 382 1262 427 0.000434 9
993 132 1009 172 0.000432 9
688 118 705 159 0.000425 9
1180 380 1255 424 0.000421 9
855 634 864 657 0.000421 9
852 167 873 209 0.000420 9
1117 142 1137 159 0.000416 9
259 165 271 179 0.000415 9
1171 149 1184 163 0.000415 9
903 535 912 553 0.000414 9
903 634 912 669 0.000413 9
662 325 678 351 0.000413 9
595 143 609 167 0.000410 9
415 175 421 202 0.000407 9
384 149 395 161 0.000407 9
999 179 1008 201 0.000406 9
1113 161 1152 186 0.000406 9
1199 166 1218 201 0.000406 9
1029 686 1040 703 0.000403 9
415 175 421 203 0.000402 9
1033 149 1056 168 0.000402 9
157 201 172 230 0.000398 9
1109 164 1153 215 0.000397 9
1148 345 1186 396 0.000397 9
1025 684 1041 703 0.000397 9
315 107 367 193 0.000394 9
1140 164 1155 217 0.000391 9
312 144 347 195 0.000390 9
1105 165 1132 208 0.000384 9
512 147 544 185 0.000384 9
904 136 938 166 0.000381 9
855 633 879 674 0.000380 9
1119 142 1137 156 0.000380 9
978 170 991 185 0.000376 9
541 160 581 183 0.000375 9
574 273 606 342 0.000374 9
594 64 627 106 0.000374 9
171 64 245 91 0.000369 9
959 161 991 187 0.000368 9
309 153 381 195 0.000368 9
1143 161 1202 186 0.000364 9
1107 156 1118 168 0.000362 9
1069 145 1098 217 0.000357 9
1205 149 1224 190 0.000354 9
965 359 977 374 0.000352 9
1073 139 1103 180 0.000352 9
1150 161 1202 186 0.000351 9
595 146 609 171 0.000350 9
687 118 708 175 0.000350 9
783 114 834 140 0.000346 9
940 151 959 168 0.000346 9
880 118 899 137 0.000346 9
1164 375 1181 392 0.000344 9
95 183 101 201 0.000343 9
1105 136 1131 168 0.000342 9
785 113 833 137 0.000340 9
935 670 944 688 0.000339 9
68 170 80 186 0.000339 9
241 161 251 179 0.000339 9
1090 233 1104 269 0.000338 9
68 171 80 199 0.000336 9
700 119 720 157 0.000336 9
688 118 715 150 0.000334 9
984 667 993 699 0.000334 9
861 167 913 205 0.000332 9
652 147 671 174 0.000332 9
1088 163 1122 228 0.000330 9
1106 162 1199 198 0.000329 9
594 64 634 94 0.000329 9
1007 654 1024 703 0.000328 9
1199 134 1206 164 0.000328 9
1017 177 1024 185 0.000324 9
811 149 855 164 0.000322 9
352 165 368 192 0.000321 9
579 300 593 317 0.000321 9
1006 679 1024 703 0.000320 9
868 121 880 136 0.000319 9
1100 108 1133 169 0.000317 9
575 277 598 344 0.000315 9
256 128 268 160 0.000315 9
1081 172 1091 183 0.000315 9
361 157 382 189 0.000315 9
208 66 252 87 0.000314 9
895 565 903 585 0.000314 9
1223 163 1268 194 0.000311 9
1085 133 1103 177 0.000311 9
446 156 522 171 0.000309 9
408 180 418 203 0.000308 9
928 73 944 119 0.000307 9
877 120 892 137 0.000306 9
991 280 1001 299 0.000306 9
1143 174 1208 219 0.000305 9
594 64 624 92 0.000304 9
942 151 960 169 0.000304 9
1150 135 1192 186 0.000302 9
1110 165 1161 216 0.000301 9
936 586 943 599 0.000301 9
993 132 1003 168 0.000299 9
829 135 924 165 0.000298 9
999 126 1007 143 0.000297 9
707 123 720 154 0.000296 9
1167 614 1184 647 0.000296 9
265 216 277 231 0.000296 9
221 176 248 191 0.000295 9
587 120 599 145 0.000295 9
1003 653 1024 703 0.000294 9
679 121 691 160 0.000294 9
763 68 785 139 0.000293 9
698 117 720 159 0.000291 9
831 118 847 135 0.000291 9
309 106 337 192 0.000289 9
984 136 994 158 0.000287 9
503 142 576 207 0.000283 9
350 180 361 199 0.000283 9
1103 124 1138 166 0.000281 9
223 167 232 176 0.000280 9
909 151 962 185 0.000280 9
1095 164 1163 207 0.000277 9
895 117 906 136 0.000274 9
170 145 179 158 0.000274 9
575 273 608 347 0.000274 9
958 160 992 187 0.000273 9
1162 148 1199 185 0.000272 9
926 154 991 191 0.000272 9
1178 383 1217 420 0.000270 9
1045 645 1056 679 0.000269 9
866 661 880 692 0.000269 9
1101 163 1210 209 0.000268 9
1024 125 1040 158 0.000265 9
970 177 979 195 0.000265 9
666 167 684 193 0.000264 9
160 64 176 93 0.000263 9
711 165 718 178 0.000262 9
766 80 784 136 0.000262 9
991 664 1000 680 0.000261 9
595 126 603 141 0.000260 9
703 123 720 172 0.000260 9
960 174 969 185 0.000258 9
855 633 871 662 0.000258 9
764 134 810 153 0.000256 9
828 134 939 161 0.000255 9
383 149 399 161 0.000253 9
983 665 1013 704 0.000252 9
825 678 831 686 0.000250 9
644 168 657 191 0.000250 9
95 151 110 177 0.000249 9
559 596 568 622 0.000248 9
974 189 981 200 0.000248 9
715 335 756 379 0.000247 9
679 148 690 184 0.000247 9
825 134 939 159 0.000247 9
448 153 491 171 0.000247 9
871 118 890 136 0.000245 9
899 136 938 152 0.000245 9
970 122 982 136 0.000243 9
799 540 809 615 0.000242 9
784 114 840 137 0.000240 9
248 163 257 175 0.000239 9
314 65 337 162 0.000239 9
1132 340 1197 389 0.000239 9
434 171 446 183 0.000238 9
750 363 759 376 0.000238 9
1155 142 1195 184 0.000238 9
828 135 947 153 0.000237 9
991 129 1010 217 0.000237 9
911 152 972 186 0.000237 9
935 670 944 689 0.000237 9
585 155 605 185 0.000236 9
681 118 710 178 0.000236 9
829 117 856 137 0.000235 9
928 151 960 172 0.000235 9
160 64 256 93 0.000234 9
95 166 109 177 0.000233 9
1052 116 1117 184 0.000233 9
309 104 326 161 0.000232 9
902 565 912 596 0.000232 9
254 97 267 128 0.000229 9
701 117 718 128 0.000228 9
1102 122 1117 158 0.000227 9
1056 126 1114 265 0.000227 9
310 93 331 170 0.000227 9
919 562 928 578 0.000226 9
653 173 661 192 0.000226 9
859 136 938 153 0.000225 9
1223 160 1271 182 0.000224 9
1043 646 1057 683 0.000224 9
1043 339 1055 359 0.000222 9
664 120 671 144 0.000222 9
69 177 79 199 0.000222 9
856 636 881 690 0.000222 9
1225 164 1248 211 0.000221 9
214 161 226 176 0.000220 9
587 126 608 168 0.000220 9
259 169 271 197 0.000220 9
447 157 505 171 0.000219 9
790 115 834 154 0.000218 9
970 166 992 185 0.000218 9
644 149 662 174 0.000217 9
855 632 882 690 0.000217 9
984 664 1017 703 0.000217 9
585 119 599 163 0.000216 9
1214 583 1224 627 0.000215 9
895 561 903 585 0.000214 9
1072 148 1083 177 0.000213 9
1046 112 1080 159 0.000213 9
349 146 378 190 0.000213 9
930 150 960 168 0.000212 9
959 157 991 174 0.000211 9
303 87 341 198 0.000211 9
0 142 9 204 0.000210 9
801 153 812 206 0.000210 9
1085 139 1136 179 0.000209 9
801 151 812 205 0.000209 9
593 64 642 107 0.000208 9
687 118 706 146 0.000208 9
208 66 255 87 0.000207 9
902 631 912 655 0.000207 9
938 132 959 151 0.000207 9
905 151 925 178 0.000206 9
1225 163 1251 226 0.000206 9
661 313 689 364 0.000205 9
876 135 940 177 0.000205 9
575 520 585 528 0.000204 9
731 344 758 376 0.000203 9
479 335 496 358 0.000203 9
591 528 601 534 0.000203 9
831 371 848 392 0.000202 9
292 176 309 198 0.000200 9
679 119 690 158 0.000199 9
698 174 711 187 0.000198 9
312 90 360 167 0.000198 9
701 118 720 155 0.000197 9
1099 159 1234 221 0.000197 9
773 134 823 157 0.000197 9
763 134 806 153 0.000196 9
717 334 752 378 0.000196 9
310 108 325 160 0.000196 9
984 134 996 162 0.000195 9
322 109 367 181 0.000194 9
1090 232 1104 270 0.000193 9
927 68 944 117 0.000193 9
855 632 881 680 0.000193 9
1055 675 1062 690 0.000192 9
119 64 165 92 0.000192 9
1014 684 1042 703 0.000192 9
433 171 446 189 0.000191 9
1041 169 1059 184 0.000190 9
866 659 880 690 0.000189 9
912 149 960 185 0.000188 9
457 146 530 193 0.000187 9
656 329 674 353 0.000187 9
926 136 947 169 0.000187 9
1231 576 1239 587 0.000186 9
675 291 703 351 0.000185 9
471 166 508 206 0.000185 9
1082 118 1140 197 0.000184 9
699 148 719 182 0.000184 9
970 119 985 134 0.000182 9
849 633 879 685 0.000182 9
571 121 581 162 0.000181 9
67 169 81 179 0.000180 9
880 116 903 137 0.000180 9
1155 164 1202 186 0.000180 9
567 127 581 163 0.000180 9
1034 683 1054 703 0.000178 9
958 158 990 177 0.000177 9
1009 683 1042 703 0.000177 9
760 134 832 154 0.000176 9
929 574 944 600 0.000175 9
787 137 805 154 0.000174 9
309 106 326 164 0.000174 9
761 66 785 135 0.000173 9
408 176 418 200 0.000173 9
1044 674 1094 703 0.000173 9
895 648 904 673 0.000171 9
688 154 707 193 0.000171 9
1202 186 1214 202 0.000170 9
258 178 271 200 0.000170 9
1046 110 1085 161 0.000169 9
952 155 990 174 0.000169 9
575 64 596 97 0.000169 9
575 277 596 325 0.000168 9
256 85 262 97 0.000167 9
221 176 235 193 0.000167 9
240 100 247 115 0.000167 9
822 117 835 134 0.000166 9
1054 134 1103 197 0.000166 9
1101 164 1218 220 0.000166 9
810 133 846 160 0.000165 9
591 526 613 561 0.000165 9
172 64 205 96 0.000165 9
681 169 704 215 0.000165 9
578 64 598 105 0.000165 9
578 64 598 106 0.000164 9
740 361 753 375 0.000164 9
1160 140 1204 189 0.000164 9
801 153 815 211 0.000164 9
221 177 247 194 0.000163 9
404 181 418 205 0.000163 9
1011 652 1024 701 0.000162 9
1052 130 1104 208 0.000162 9
481 144 525 179 0.000162 9
927 572 944 601 0.000161 9
1070 111 1139 174 0.000160 9
1085 122 1102 160 0.000159 9
717 332 757 379 0.000158 9
308 84 334 158 0.000158 9
698 126 720 181 0.000158 9
983 660 997 691 0.000157 9
675 162 691 208 0.000155 9
856 111 870 136 0.000155 9
486 149 523 164 0.000154 9
1038 107 1105 257 0.000154 9
256 164 268 183 0.000154 9
1078 134 1096 160 0.000154 9
1138 127 1203 187 0.000153 9
592 64 626 106 0.000153 9
985 130 996 162 0.000153 9
927 585 937 600 0.000152 9
894 554 904 586 0.000152 9
446 156 497 218 0.000151 9
560 147 568 162 0.000151 9
1140 128 1201 186 0.000151 9
324 93 339 137 0.000151 9
351 158 367 192 0.000151 9
1189 356 1211 385 0.000151 9
985 558 1000 583 0.000151 9
1040 130 1064 161 0.000150 9
1038 597 1048 624 0.000150 9
317 64 344 165 0.000149 9
680 280 704 346 0.000149 9
1003 160 1065 216 0.000149 9
901 634 913 677 0.000148 9
171 64 202 95 0.000148 9
416 173 425 204 0.000147 9
434 170 446 181 0.000147 9
1051 129 1067 155 0.000146 9
57 126 64 144 0.000146 9
576 74 584 104 0.000145 9
643 130 672 175 0.000145 9
1151 606 1160 632 0.000145 9
1161 136 1193 178 0.000144 9
161 374 176 392 0.000144 9
1073 134 1098 169 0.000144 9
361 149 369 164 0.000143 9
1023 644 1057 689 0.000143 9
764 134 800 153 0.000143 9
1017 166 1061 185 0.000143 9
543 160 572 174 0.000143 9
1151 102 1170 133 0.000142 9
588 168 616 194 0.000142 9
314 64 339 153 0.000141 9
952 648 960 657 0.000141 9
1167 376 1196 392 0.000141 9
208 67 228 87 0.000140 9
1139 163 1180 227 0.000140 9
0 142 7 187 0.000140 9
461 153 526 171 0.000140 9
1027 644 1057 684 0.000140 9
209 182 230 203 0.000140 9
247 161 257 175 0.000140 9
256 160 267 178 0.000139 9
512 150 547 181 0.000139 9
1036 133 1056 161 0.000138 9
543 160 568 173 0.000138 9
596 134 605 144 0.000138 9
872 687 881 703 0.000137 9
1005 173 1016 185 0.000137 9
808 118 835 143 0.000136 9
1039 107 1095 236 0.000136 9
1015 122 1042 165 0.000136 9
756 135 831 154 0.000134 9
433 170 446 182 0.000134 9
823 135 946 151 0.000134 9
894 635 910 677 0.000134 9
968 123 981 136 0.000133 9
1198 131 1225 190 0.000132 9
416 171 440 203 0.000132 9
912 168 920 178 0.000131 9
939 130 960 151 0.000131 9
1101 103 1131 159 0.000130 9
802 156 815 226 0.000130 9
111 139 128 165 0.000130 9
683 118 718 208 0.000130 9
633 157 656 188 0.000130 9
214 175 232 198 0.000129 9
1015 183 1029 205 0.000129 9
605 525 617 563 0.000129 9
575 64 596 92 0.000128 9
599 334 610 362 0.000128 9
969 175 989 202 0.000128 9
1161 98 1200 136 0.000128 9
487 165 525 203 0.000127 9
905 105 927 120 0.000127 9
1078 581 1089 612 0.000127 9
679 288 708 355 0.000126 9
693 179 716 208 0.000125 9
687 153 706 182 0.000125 9
1039 158 1059 183 0.000125 9
550 141 579 162 0.000124 9
924 134 960 166 0.000124 9
761 88 784 138 0.000123 9
824 134 930 156 0.000123 9
450 148 526 171 0.000123 9
1195 357 1209 378 0.000123 9
1191 132 1208 188 0.000123 9
669 152 677 168 0.000122 9
927 135 947 150 0.000122 9
1044 341 1055 360 0.000122 9
111 137 128 164 0.000122 9
673 275 717 348 0.000121 9
1077 580 1089 627 0.000121 9
854 631 881 665 0.000121 9
916 150 935 169 0.000121 9
887 562 896 589 0.000120 9
675 117 718 225 0.000120 9
1014 130 1027 166 0.000120 9
624 64 636 73 0.000120 9
849 645 877 688 0.000119 9
960 133 996 181 0.000119 9
374 150 383 167 0.000119 9
663 278 703 358 0.000118 9
1009 156 1063 185 0.000118 9
1017 170 1034 187 0.000118 9
444 157 486 215 0.000118 9
458 180 481 201 0.000117 9
48 184 64 207 0.000116 9
527 558 537 585 0.000115 9
1053 120 1078 179 0.000115 9
984 555 1001 576 0.000115 9
915 164 961 201 0.000114 9
1087 144 1132 189 0.000114 9
991 131 1017 194 0.000114 9
961 133 995 164 0.000114 9
1154 184 1189 208 0.000113 9
445 176 487 213 0.000113 9
963 134 994 161 0.000113 9
821 81 860 136 0.000113 9
916 149 958 185 0.000112 9
1116 174 1145 212 0.000111 9
575 68 583 97 0.000111 9
1150 145 1169 185 0.000111 9
822 84 867 137 0.000111 9
578 125 601 168 0.000111 9
987 561 1000 584 0.000110 9
807 590 814 602 0.000110 9
629 165 657 211 0.000109 9
461 137 473 171 0.000109 9
1072 135 1089 166 0.000109 9
573 520 587 555 0.000108 9
1013 132 1041 167 0.000108 9
100 177 109 201 0.000107 9
960 149 980 165 0.000107 9
95 198 102 208 0.000107 9
111 203 121 228 0.000107 9
1140 167 1192 228 0.000107 9
1056 134 1080 228 0.000107 9
575 78 583 106 0.000106 9
943 124 959 149 0.000106 9
1001 153 1065 186 0.000105 9
579 134 603 170 0.000105 9
1036 608 1052 626 0.000105 9
1167 97 1202 136 0.000105 9
898 136 938 169 0.000105 9
596 288 608 328 0.000103 9
873 559 880 568 0.000103 9
1015 643 1057 697 0.000103 9
1134 97 1213 186 0.000103 9
664 122 671 159 0.000103 9
1103 535 1119 583 0.000103 9
317 64 354 145 0.000103 9
661 302 691 361 0.000102 9
700 93 721 129 0.000102 9
1056 128 1079 217 0.000102 9
567 535 575 553 0.000102 9
170 144 180 169 0.000102 9
667 150 682 168 0.000102 9
895 85 904 109 0.000102 9
447 144 537 172 0.000102 9
665 136 672 170 0.000102 9
1039 671 1048 681 0.000101 9
49 185 64 206 0.000101 9
733 341 786 379 0.000101 9
1181 384 1223 423 0.000101 9
655 322 681 354 0.000100 9
638 137 659 168 0.000100 9
1147 99 1199 136 0.000100 9
313 151 341 194 0.016531 11
1050 111 1083 146 0.012966 11
1182 193 1197 216 0.008994 11
1181 189 1200 216 0.006685 11
1181 188 1201 216 0.005482 11
1055 112 1076 141 0.002675 11
1182 200 1195 216 0.002129 11
1183 194 1200 216 0.001839 11
1052 111 1082 144 0.001085 11
313 158 340 195 0.000615 11
1049 110 1084 146 0.000214 11
