536 191 574 255 0.803661 0
879 191 914 271 0.711611 0
1116 198 1141 252 0.673150 0
750 198 786 274 0.545135 0
1103 191 1122 251 0.352949 0
753 198 787 270 0.340131 0
1101 191 1121 250 0.324111 0
1101 191 1120 249 0.310221 0
1103 190 1120 250 0.245738 0
878 191 918 275 0.241103 0
752 198 786 267 0.219166 0
537 196 573 255 0.198062 0
221 199 235 239 0.128377 0
880 190 913 264 0.087455 0
541 199 573 254 0.075396 0
846 198 857 223 0.052487 0
747 205 786 279 0.051329 0
221 199 237 240 0.045446 0
1109 191 1120 217 0.044790 0
1119 198 1141 244 0.043889 0
1102 212 1117 250 0.042222 0
789 329 809 344 0.038597 0
1108 191 1120 218 0.034567 0
715 209 728 234 0.033170 0
1175 497 1185 511 0.028399 0
965 372 979 390 0.028025 0
1103 190 1119 218 0.027954 0
843 195 872 270 0.027273 0
845 192 874 271 0.026287 0
711 207 727 234 0.024561 0
1100 192 1118 238 0.023795 0
1103 195 1112 219 0.023300 0
843 195 875 271 0.022156 0
903 191 923 264 0.021169 0
1176 495 1185 510 0.020111 0
786 198 793 214 0.019761 0
221 199 240 251 0.019525 0
537 197 558 254 0.018922 0
966 372 977 391 0.017732 0
692 208 704 238 0.017679 0
199 208 208 226 0.017486 0
517 192 524 204 0.016431 0
536 198 561 252 0.016376 0
199 209 208 227 0.016270 0
863 439 875 455 0.015965 0
844 195 857 240 0.015826 0
844 199 877 269 0.015680 0
1015 456 1024 466 0.014967 0
692 207 704 236 0.014484 0
1097 196 1114 248 0.014441 0
991 453 999 464 0.014369 0
1014 205 1025 224 0.014039 0
759 199 785 249 0.013584 0
749 200 785 267 0.013576 0
751 198 787 262 0.013568 0
1108 200 1142 252 0.012739 0
965 370 979 390 0.012557 0
1160 501 1168 510 0.012042 0
706 208 728 235 0.011602 0
949 350 961 391 0.011473 0
1272 196 1279 228 0.011444 0
536 197 556 249 0.011395 0
511 195 518 210 0.011205 0
1071 484 1080 500 0.011191 0
1272 195 1279 237 0.010971 0
845 195 874 244 0.010892 0
1159 496 1168 507 0.010648 0
173 202 183 226 0.010541 0
534 190 575 321 0.010524 0
912 454 928 485 0.010289 0
864 440 873 455 0.010074 0
699 205 728 234 0.010056 0
1119 198 1142 237 0.009981 0
1273 196 1279 214 0.009980 0
512 191 524 208 0.009734 0
902 192 921 258 0.009687 0
1127 198 1141 225 0.009686 0
198 207 208 228 0.009366 0
844 222 877 271 0.009362 0
614 151 627 169 0.009317 0
991 443 1000 463 0.009303 0
1000 385 1012 399 0.009303 0
1046 480 1057 496 0.009197 0
174 202 184 226 0.009184 0
895 326 903 343 0.008975 0
198 208 210 233 0.008770 0
214 185 225 225 0.008733 0
950 349 961 390 0.008709 0
887 471 896 485 0.008699 0
846 183 857 222 0.008679 0
213 193 224 227 0.008642 0
1095 196 1116 248 0.008617 0
220 200 241 261 0.008306 0
690 207 704 238 0.008279 0
1045 480 1056 494 0.008214 0
844 209 873 269 0.008113 0
901 192 919 265 0.008057 0
1135 446 1143 461 0.008033 0
912 453 928 487 0.007974 0
173 201 184 225 0.007925 0
517 191 526 209 0.007910 0
844 216 877 269 0.007899 0
918 472 928 483 0.007875 0
843 218 870 271 0.007581 0
948 350 961 394 0.007340 0
751 463 760 472 0.007240 0
1122 198 1141 230 0.007150 0
510 195 518 217 0.007078 0
1135 446 1143 463 0.007065 0
1151 498 1167 510 0.007056 0
901 192 916 263 0.007002 0
973 370 981 391 0.006929 0
842 197 857 224 0.006812 0
863 438 878 456 0.006793 0
1056 488 1066 496 0.006724 0
1031 454 1039 464 0.006685 0
215 196 233 239 0.006610 0
1177 344 1191 359 0.006573 0
938 204 944 215 0.006554 0
844 222 880 279 0.006518 0
975 369 985 391 0.006505 0
862 434 876 455 0.006463 0
1071 487 1081 503 0.006459 0
1000 385 1018 399 0.006401 0
1010 206 1025 227 0.006380 0
782 199 792 217 0.006365 0
633 202 642 215 0.006261 0
1015 389 1022 400 0.006232 0
846 198 874 227 0.006188 0
1043 484 1067 500 0.006172 0
535 190 575 293 0.006007 0
846 197 870 226 0.005963 0
1039 207 1050 229 0.005962 0
1000 386 1010 399 0.005878 0
1031 484 1041 502 0.005855 0
1273 197 1279 236 0.005773 0
1161 201 1174 221 0.005732 0
216 199 225 229 0.005640 0
1040 455 1047 464 0.005570 0
1199 503 1210 511 0.005483 0
212 193 223 228 0.005477 0
1215 196 1228 232 0.005417 0
752 200 785 238 0.005413 0
982 373 992 391 0.005328 0
832 470 840 479 0.005328 0
977 368 985 390 0.005324 0
786 198 799 215 0.005270 0
1000 385 1020 399 0.005268 0
950 347 961 388 0.005203 0
984 371 992 391 0.005160 0
912 461 928 486 0.005149 0
1162 199 1176 221 0.005130 0
841 197 857 235 0.005086 0
1174 344 1190 360 0.005063 0
965 372 977 393 0.005058 0
1046 480 1056 490 0.004982 0
1023 481 1033 495 0.004920 0
916 473 928 487 0.004891 0
1010 383 1024 400 0.004792 0
1214 198 1228 233 0.004784 0
1031 489 1040 503 0.004658 0
846 191 918 272 0.004656 0
547 200 573 254 0.004616 0
1150 497 1164 507 0.004478 0
863 206 874 226 0.004475 0
1025 481 1040 497 0.004464 0
905 336 925 380 0.004324 0
960 372 978 397 0.004317 0
960 455 968 466 0.004301 0
1023 480 1041 500 0.004300 0
831 465 840 478 0.004284 0
1077 333 1088 360 0.004264 0
907 336 923 345 0.004247 0
1169 496 1185 511 0.004236 0
862 206 875 263 0.004189 0
978 368 987 391 0.004177 0
983 447 992 456 0.004146 0
962 372 978 391 0.004082 0
843 212 882 281 0.004065 0
1037 205 1051 229 0.004061 0
789 328 812 385 0.004045 0
788 317 809 344 0.004033 0
905 197 932 265 0.004032 0
1023 482 1033 495 0.004010 0
831 197 857 240 0.003996 0
169 203 182 227 0.003993 0
1007 456 1018 466 0.003991 0
991 442 1001 464 0.003968 0
872 198 909 267 0.003928 0
1071 479 1080 497 0.003902 0
1104 312 1112 327 0.003884 0
861 432 871 444 0.003875 0
785 324 817 389 0.003874 0
789 325 810 343 0.003868 0
804 328 816 343 0.003808 0
1178 344 1195 359 0.003806 0
1163 496 1178 509 0.003785 0
1098 200 1105 215 0.003764 0
898 190 913 225 0.003748 0
896 472 911 485 0.003718 0
808 330 817 344 0.003699 0
1135 445 1146 464 0.003652 0
905 336 927 386 0.003625 0
1213 186 1229 232 0.003597 0
1102 312 1119 344 0.003587 0
905 335 922 344 0.003555 0
509 190 532 250 0.003539 0
1024 456 1033 464 0.003486 0
1122 500 1132 508 0.003456 0
762 199 785 238 0.003452 0
755 454 768 471 0.003434 0
1098 202 1106 216 0.003424 0
788 322 810 343 0.003375 0
845 215 855 242 0.003351 0
1096 504 1103 512 0.003329 0
503 313 512 336 0.003282 0
1093 455 1104 471 0.003281 0
926 446 935 456 0.003278 0
614 151 633 169 0.003267 0
784 325 825 384 0.003264 0
900 195 913 226 0.003262 0
1265 194 1279 235 0.003211 0
510 188 532 248 0.003186 0
960 441 969 465 0.003180 0
794 326 813 387 0.003171 0
750 452 769 472 0.003138 0
949 343 961 389 0.003101 0
508 186 536 246 0.003074 0
1190 384 1205 400 0.003068 0
1071 463 1080 471 0.003059 0
168 204 181 229 0.003056 0
784 197 801 233 0.003039 0
1218 200 1229 233 0.003035 0
87 220 96 236 0.003020 0
213 182 227 228 0.002997 0
860 435 882 478 0.002985 0
969 456 976 462 0.002950 0
862 436 883 478 0.002948 0
905 337 926 383 0.002944 0
751 462 765 473 0.002932 0
216 185 224 207 0.002915 0
703 212 728 236 0.002906 0
1214 202 1227 233 0.002904 0
1175 344 1195 359 0.002899 0
983 456 993 464 0.002897 0
845 195 874 231 0.002890 0
864 442 878 456 0.002889 0
999 386 1022 401 0.002888 0
1077 334 1089 361 0.002888 0
0 64 59 217 0.002866 0
215 198 236 242 0.002850 0
616 448 624 461 0.002813 0
979 353 993 391 0.002810 0
1093 448 1104 471 0.002793 0
821 326 848 344 0.002788 0
887 471 897 486 0.002766 0
465 201 478 250 0.002754 0
948 350 960 394 0.002752 0
170 201 184 224 0.002720 0
1105 191 1127 222 0.002714 0
1123 328 1136 344 0.002703 0
1088 194 1094 209 0.002702 0
1203 496 1215 504 0.002692 0
466 201 479 249 0.002647 0
587 169 595 189 0.002635 0
1159 203 1173 221 0.002635 0
862 206 874 230 0.002606 0
949 274 960 302 0.002598 0
1123 327 1136 344 0.002589 0
513 191 530 237 0.002588 0
613 448 624 462 0.002583 0
738 201 744 214 0.002580 0
1231 457 1241 468 0.002576 0
1038 483 1057 498 0.002562 0
782 199 793 233 0.002561 0
639 689 672 703 0.002560 0
1163 203 1174 221 0.002543 0
1129 500 1137 509 0.002528 0
670 208 678 228 0.002528 0
1199 497 1212 505 0.002524 0
904 196 937 264 0.002520 0
166 202 180 238 0.002500 0
906 336 925 348 0.002495 0
735 325 744 336 0.002492 0
1127 446 1134 458 0.002446 0
752 461 769 472 0.002445 0
1110 329 1120 344 0.002429 0
213 182 233 224 0.002416 0
1135 446 1144 473 0.002412 0
464 200 479 270 0.002406 0
319 204 331 231 0.002401 0
1220 201 1229 231 0.002386 0
776 199 791 253 0.002381 0
789 329 810 354 0.002363 0
1031 447 1039 464 0.002359 0
1040 480 1068 497 0.002356 0
169 201 184 228 0.002344 0
1151 440 1158 450 0.002339 0
81 220 98 254 0.002293 0
172 203 185 227 0.002270 0
500 184 534 251 0.002257 0
855 431 886 457 0.002255 0
1240 198 1252 232 0.002242 0
1229 456 1260 489 0.002214 0
814 209 827 232 0.002197 0
879 471 895 486 0.002188 0
878 437 888 453 0.002185 0
471 198 479 216 0.002158 0
777 199 791 214 0.002156 0
961 440 968 455 0.002151 0
470 203 478 218 0.002138 0
1156 200 1176 221 0.002129 0
1230 457 1248 487 0.002128 0
1058 487 1074 497 0.002126 0
1119 313 1128 327 0.002121 0
1118 440 1131 473 0.002117 0
86 218 96 236 0.002115 0
376 186 385 201 0.002108 0
1038 480 1057 496 0.002095 0
3 64 247 216 0.002084 0
1217 195 1225 212 0.002079 0
1 64 220 216 0.002046 0
1118 325 1135 344 0.002035 0
1217 496 1234 511 0.002017 0
1109 328 1121 344 0.002014 0
1217 500 1236 512 0.002014 0
1103 312 1114 332 0.002005 0
607 448 624 461 0.001998 0
781 329 807 343 0.001980 0
465 201 478 255 0.001975 0
817 331 829 344 0.001953 0
982 205 993 226 0.001948 0
1118 442 1139 473 0.001945 0
690 212 703 238 0.001923 0
751 323 764 344 0.001920 0
911 473 928 487 0.001919 0
1119 313 1130 341 0.001891 0
755 198 786 229 0.001884 0
464 199 479 273 0.001883 0
1217 205 1230 233 0.001858 0
906 337 927 390 0.001856 0
709 459 720 470 0.001845 0
1249 481 1278 515 0.001842 0
1143 505 1152 510 0.001826 0
1023 446 1034 459 0.001814 0
991 439 1000 457 0.001813 0
942 327 961 387 0.001811 0
1 64 190 217 0.001802 0
1013 445 1024 466 0.001800 0
896 324 906 342 0.001800 0
982 448 992 463 0.001799 0
538 205 563 255 0.001794 0
942 333 961 387 0.001790 0
703 456 720 469 0.001781 0
680 385 688 397 0.001778 0
905 336 924 347 0.001777 0
462 197 480 301 0.001760 0
1095 440 1104 455 0.001758 0
751 444 766 468 0.001757 0
978 368 989 393 0.001748 0
1272 196 1279 262 0.001740 0
210 196 224 228 0.001736 0
1008 431 1014 439 0.001727 0
951 456 960 465 0.001724 0
1160 203 1173 221 0.001721 0
534 633 552 666 0.001714 0
1140 442 1165 466 0.001710 0
775 327 786 342 0.001701 0
1208 167 1230 234 0.001694 0
1231 457 1258 479 0.001691 0
979 203 995 233 0.001672 0
900 327 915 344 0.001671 0
1208 189 1229 232 0.001661 0
465 199 472 215 0.001659 0
1119 440 1141 473 0.001646 0
580 589 592 616 0.001643 0
832 468 845 478 0.001626 0
1147 310 1168 344 0.001621 0
754 326 768 343 0.001618 0
1265 191 1279 220 0.001617 0
728 325 737 338 0.001616 0
928 201 946 235 0.001614 0
961 444 970 464 0.001614 0
1017 479 1025 488 0.001613 0
835 465 848 476 0.001607 0
842 234 860 281 0.001607 0
780 330 792 344 0.001607 0
1088 189 1095 208 0.001606 0
757 198 797 268 0.001606 0
1191 212 1202 228 0.001604 0
1119 441 1130 472 0.001603 0
1183 495 1200 506 0.001598 0
1208 166 1229 229 0.001597 0
988 678 1024 703 0.001594 0
1118 440 1134 476 0.001588 0
991 205 998 224 0.001588 0
941 340 970 389 0.001586 0
1093 190 1110 216 0.001584 0
680 382 688 395 0.001584 0
670 208 680 233 0.001577 0
704 326 719 376 0.001567 0
1101 325 1118 344 0.001545 0
999 384 1023 409 0.001540 0
1146 320 1168 344 0.001533 0
198 201 210 226 0.001532 0
916 448 928 456 0.001519 0
679 450 688 462 0.001513 0
1180 163 1203 218 0.001510 0
1181 345 1194 377 0.001509 0
936 455 943 464 0.001507 0
906 336 924 353 0.001506 0
982 352 994 388 0.001503 0
865 206 883 266 0.001498 0
926 439 933 454 0.001493 0
536 200 555 253 0.001488 0
950 341 960 364 0.001475 0
1121 327 1137 363 0.001467 0
1114 327 1136 344 0.001452 0
670 207 679 231 0.001439 0
983 352 993 382 0.001438 0
1118 314 1137 343 0.001437 0
1216 191 1223 203 0.001437 0
209 195 224 230 0.001433 0
813 327 844 344 0.001428 0
961 365 979 391 0.001427 0
216 198 246 263 0.001423 0
1071 437 1089 455 0.001421 0
465 201 473 218 0.001416 0
218 200 245 263 0.001413 0
776 332 786 343 0.001409 0
786 336 830 390 0.001406 0
1081 404 1088 414 0.001397 0
766 198 783 220 0.001397 0
789 329 811 376 0.001393 0
566 584 585 617 0.001391 0
910 202 947 266 0.001381 0
323 64 496 208 0.001375 0
613 150 630 168 0.001372 0
903 336 925 378 0.001368 0
943 357 953 390 0.001365 0
875 431 888 455 0.001347 0
704 332 719 377 0.001347 0
1231 456 1250 472 0.001343 0
999 505 1008 537 0.001342 0
907 337 929 388 0.001342 0
313 64 368 199 0.001340 0
607 448 623 463 0.001340 0
1231 457 1242 470 0.001338 0
1028 452 1036 464 0.001338 0
735 448 744 457 0.001335 0
982 201 994 226 0.001333 0
1089 189 1117 250 0.001332 0
727 347 735 360 0.001323 0
968 444 976 461 0.001308 0
831 439 846 457 0.001307 0
1016 327 1024 345 0.001301 0
1146 314 1168 344 0.001300 0
1174 343 1198 359 0.001297 0
1071 456 1091 471 0.001291 0
1153 308 1167 339 0.001283 0
1111 503 1119 511 0.001270 0
1098 328 1105 344 0.001260 0
246 195 255 214 0.001259 0
864 334 881 343 0.001255 0
375 184 386 214 0.001251 0
334 64 495 334 0.001245 0
1127 445 1137 468 0.001245 0
518 190 550 248 0.001243 0
986 678 1031 703 0.001241 0
1242 198 1256 233 0.001233 0
704 327 720 377 0.001230 0
878 439 889 457 0.001224 0
549 186 575 226 0.001222 0
1260 208 1279 268 0.001215 0
1035 206 1054 231 0.001211 0
940 328 964 388 0.001211 0
1015 456 1024 469 0.001210 0
991 212 998 225 0.001207 0
1183 446 1191 472 0.001207 0
951 369 980 450 0.001207 0
1035 200 1054 229 0.001204 0
795 334 821 381 0.001201 0
863 321 878 343 0.001198 0
956 368 980 425 0.001198 0
241 195 254 215 0.001189 0
1103 313 1123 344 0.001189 0
559 586 568 619 0.001186 0
527 625 537 647 0.001184 0
1007 445 1022 464 0.001179 0
879 318 890 343 0.001176 0
704 459 712 469 0.001167 0
997 384 1019 400 0.001164 0
1060 204 1084 241 0.001163 0
207 393 224 414 0.001161 0
1072 455 1092 472 0.001161 0
1150 440 1161 461 0.001153 0
1246 473 1261 486 0.001142 0
1145 326 1169 345 0.001140 0
1023 481 1043 503 0.001138 0
698 328 703 337 0.001135 0
720 332 737 361 0.001133 0
778 313 799 342 0.001131 0
1009 452 1024 466 0.001127 0
1008 511 1017 521 0.001124 0
1071 435 1088 456 0.001122 0
911 196 947 253 0.001111 0
1073 443 1089 455 0.001109 0
1064 464 1071 470 0.001108 0
824 463 832 472 0.001107 0
581 587 592 616 0.001106 0
863 335 877 343 0.001106 0
1176 344 1195 376 0.001105 0
688 203 704 236 0.001104 0
843 232 860 270 0.001096 0
648 407 656 423 0.001095 0
943 361 958 393 0.001094 0
832 442 841 458 0.001090 0
780 192 795 213 0.001089 0
1084 458 1095 472 0.001087 0
1173 344 1198 360 0.001073 0
1095 441 1104 460 0.001068 0
870 325 880 343 0.001067 0
1152 470 1168 479 0.001067 0
933 435 944 453 0.001060 0
1244 461 1259 474 0.001060 0
934 431 944 442 0.001059 0
1172 455 1184 471 0.001057 0
1103 491 1118 507 0.001055 0
879 332 886 344 0.001052 0
908 336 925 355 0.001050 0
973 210 984 227 0.001048 0
359 64 490 356 0.001042 0
364 65 473 357 0.001038 0
875 435 889 477 0.001038 0
1120 326 1136 368 0.001036 0
16 64 278 216 0.001032 0
610 151 634 182 0.001028 0
774 312 788 341 0.001024 0
751 459 771 484 0.001024 0
243 195 256 215 0.001018 0
903 198 921 236 0.001017 0
991 196 1001 224 0.001011 0
896 440 904 456 0.001007 0
158 203 168 228 0.001000 0
903 328 924 345 0.000999 0
1238 198 1256 233 0.000997 0
990 342 1008 386 0.000996 0
1249 349 1264 385 0.000995 0
879 316 891 343 0.000982 0
1122 443 1139 478 0.000982 0
1247 482 1265 514 0.000982 0
868 448 932 486 0.000981 0
1160 425 1168 439 0.000980 0
992 356 1009 388 0.000966 0
1079 400 1088 412 0.000958 0
1047 456 1056 467 0.000957 0
751 463 760 479 0.000954 0
1233 197 1255 233 0.000947 0
477 194 488 216 0.000947 0
1174 486 1185 507 0.000946 0
1071 457 1093 472 0.000946 0
353 64 440 213 0.000945 0
0 64 28 211 0.000944 0
1145 320 1165 342 0.000942 0
1263 199 1278 223 0.000941 0
941 345 954 388 0.000939 0
0 64 68 214 0.000938 0
927 349 944 384 0.000936 0
846 178 872 225 0.000931 0
892 317 906 343 0.000930 0
963 440 975 456 0.000927 0
942 355 952 387 0.000922 0
266 196 272 210 0.000919 0
783 342 793 377 0.000918 0
870 458 880 478 0.000916 0
575 424 584 432 0.000916 0
681 199 690 216 0.000914 0
1077 333 1095 361 0.000910 0
752 321 760 330 0.000910 0
978 684 1010 703 0.000909 0
1112 460 1121 477 0.000908 0
833 439 848 455 0.000908 0
945 339 973 392 0.000905 0
190 392 224 416 0.000904 0
1080 456 1097 472 0.000903 0
704 329 720 376 0.000901 0
719 327 729 344 0.000898 0
928 351 942 381 0.000897 0
597 364 625 410 0.000896 0
929 348 945 384 0.000890 0
709 203 736 235 0.000886 0
649 407 656 424 0.000882 0
575 427 592 459 0.000878 0
748 197 803 280 0.000878 0
742 231 770 303 0.000869 0
1076 334 1089 375 0.000864 0
1183 444 1191 460 0.000864 0
1065 196 1118 248 0.000860 0
991 342 1008 385 0.000857 0
998 385 1023 410 0.000855 0
927 346 944 382 0.000851 0
799 440 808 450 0.000843 0
999 385 1022 408 0.000843 0
929 349 945 382 0.000842 0
964 370 979 403 0.000837 0
518 188 548 247 0.000834 0
1261 150 1279 181 0.000832 0
1150 452 1161 467 0.000831 0
1234 456 1265 477 0.000827 0
1215 368 1223 385 0.000825 0
984 664 1023 703 0.000824 0
1138 390 1153 408 0.000823 0
918 202 952 266 0.000820 0
463 199 479 288 0.000818 0
1007 456 1024 476 0.000817 0
965 359 979 382 0.000817 0
766 327 776 342 0.000816 0
1140 390 1153 408 0.000816 0
954 370 979 427 0.000816 0
783 344 792 357 0.000815 0
1087 489 1096 504 0.000813 0
167 201 186 239 0.000810 0
929 345 945 382 0.000810 0
879 190 913 225 0.000808 0
1089 441 1104 470 0.000805 0
477 199 486 216 0.000804 0
1111 439 1121 472 0.000802 0
1178 207 1209 250 0.000801 0
753 328 768 344 0.000801 0
991 342 1008 381 0.000798 0
1097 329 1104 344 0.000797 0
959 369 979 411 0.000797 0
862 462 875 478 0.000796 0
816 346 824 363 0.000787 0
1136 492 1170 511 0.000787 0
839 228 859 271 0.000786 0
947 356 962 401 0.000786 0
1111 443 1122 475 0.000781 0
801 440 816 456 0.000780 0
15 64 330 225 0.000780 0
156 202 172 237 0.000779 0
266 197 273 223 0.000779 0
719 337 735 362 0.000778 0
223 392 240 408 0.000772 0
982 440 996 456 0.000772 0
908 473 928 488 0.000772 0
1251 347 1263 395 0.000769 0
896 154 908 177 0.000768 0
45 64 333 217 0.000766 0
613 150 639 170 0.000765 0
719 318 733 329 0.000764 0
0 65 49 300 0.000764 0
974 206 984 224 0.000764 0
734 447 756 469 0.000764 0
958 373 968 405 0.000760 0
1185 206 1231 259 0.000756 0
980 675 1006 703 0.000756 0
1071 444 1085 456 0.000756 0
969 346 995 390 0.000755 0
912 449 926 458 0.000753 0
993 384 1014 409 0.000752 0
1137 443 1154 466 0.000749 0
1172 343 1197 376 0.000746 0
962 350 995 391 0.000742 0
604 150 644 186 0.000741 0
735 385 744 399 0.000741 0
793 336 832 386 0.000740 0
316 64 368 186 0.000736 0
1070 64 1080 70 0.000736 0
1134 441 1144 463 0.000731 0
1016 339 1024 351 0.000728 0
932 442 944 458 0.000723 0
1231 189 1260 233 0.000723 0
336 64 434 213 0.000721 0
1039 478 1082 501 0.000719 0
778 192 800 216 0.000717 0
803 185 815 212 0.000716 0
1220 176 1258 233 0.000716 0
751 327 764 345 0.000715 0
1247 344 1264 381 0.000713 0
734 381 743 395 0.000709 0
926 349 944 389 0.000704 0
1119 389 1128 409 0.000702 0
324 65 464 359 0.000701 0
784 344 792 360 0.000700 0
910 341 929 391 0.000699 0
1248 209 1260 234 0.000697 0
1247 345 1263 376 0.000696 0
0 64 25 210 0.000695 0
1134 427 1144 440 0.000694 0
194 204 208 228 0.000693 0
1119 492 1137 508 0.000692 0
704 345 720 377 0.000691 0
975 689 987 703 0.000691 0
720 317 742 331 0.000690 0
1185 535 1192 544 0.000684 0
1182 206 1201 230 0.000684 0
316 64 429 219 0.000682 0
866 204 884 248 0.000679 0
909 341 928 392 0.000678 0
958 360 989 419 0.000677 0
881 321 896 344 0.000676 0
985 353 1009 391 0.000675 0
1167 441 1178 456 0.000675 0
783 331 819 386 0.000670 0
1077 429 1087 441 0.000669 0
676 349 698 378 0.000667 0
880 317 896 343 0.000666 0
1135 388 1164 427 0.000665 0
118 64 239 94 0.000665 0
720 432 726 440 0.000665 0
999 385 1024 422 0.000665 0
1170 456 1184 472 0.000664 0
0 64 50 210 0.000662 0
1042 453 1051 465 0.000658 0
847 435 933 486 0.000654 0
463 201 479 282 0.000653 0
1215 335 1264 430 0.000651 0
1176 480 1184 488 0.000650 0
904 453 944 486 0.000648 0
311 64 494 254 0.000647 0
1077 336 1095 361 0.000647 0
1006 423 1022 440 0.000646 0
1008 473 1015 492 0.000646 0
1119 464 1128 475 0.000645 0
807 371 815 392 0.000643 0
493 184 576 251 0.000640 0
1167 329 1173 336 0.000640 0
859 442 891 483 0.000638 0
788 328 819 382 0.000637 0
1072 429 1081 441 0.000636 0
1228 197 1256 233 0.000636 0
321 65 488 359 0.000636 0
1241 460 1270 487 0.000633 0
1167 380 1183 407 0.000631 0
1142 440 1156 454 0.000628 0
525 625 537 648 0.000626 0
1200 369 1225 411 0.000622 0
710 208 736 235 0.000622 0
957 371 977 408 0.000621 0
1173 213 1186 246 0.000619 0
1076 333 1088 356 0.000619 0
608 151 628 170 0.000616 0
766 459 776 485 0.000615 0
1120 392 1127 410 0.000612 0
883 191 899 221 0.000611 0
1185 527 1192 544 0.000609 0
914 195 962 269 0.000607 0
1231 480 1242 488 0.000607 0
1182 440 1193 457 0.000605 0
798 439 816 473 0.000604 0
825 421 832 431 0.000599 0
951 443 960 457 0.000598 0
694 189 794 284 0.000598 0
832 477 841 491 0.000595 0
1170 444 1184 456 0.000595 0
770 311 795 341 0.000594 0
748 236 771 303 0.000594 0
769 310 806 342 0.000593 0
209 182 229 230 0.000593 0
647 583 657 622 0.000589 0
1008 470 1014 482 0.000589 0
222 393 240 408 0.000582 0
896 419 904 439 0.000578 0
1110 440 1123 475 0.000578 0
928 346 948 388 0.000571 0
743 438 784 472 0.000570 0
674 358 691 379 0.000569 0
895 422 904 451 0.000569 0
1136 447 1153 470 0.000569 0
1151 441 1167 468 0.000568 0
726 421 737 439 0.000567 0
656 425 664 434 0.000567 0
982 665 1002 703 0.000567 0
747 452 795 473 0.000565 0
926 426 935 455 0.000557 0
1105 312 1131 332 0.000557 0
415 250 420 270 0.000557 0
740 200 750 215 0.000555 0
270 632 288 683 0.000555 0
852 437 877 455 0.000554 0
0 64 19 214 0.000553 0
903 335 925 355 0.000552 0
867 205 879 235 0.000552 0
952 341 988 390 0.000550 0
766 331 777 343 0.000548 0
753 425 768 441 0.000544 0
767 187 794 220 0.000544 0
734 438 745 458 0.000543 0
367 207 375 230 0.000542 0
1155 437 1167 455 0.000536 0
606 152 625 170 0.000535 0
997 505 1009 539 0.000534 0
436 191 445 205 0.000533 0
798 338 810 391 0.000533 0
640 679 672 703 0.000531 0
678 350 692 368 0.000530 0
1073 333 1088 358 0.000527 0
930 341 945 381 0.000527 0
1007 344 1024 387 0.000526 0
992 384 1023 421 0.000526 0
803 209 836 239 0.000523 0
1147 447 1167 474 0.000523 0
223 208 247 240 0.000520 0
240 185 325 373 0.000520 0
1261 166 1279 229 0.000519 0
1183 453 1192 473 0.000519 0
752 457 785 474 0.000518 0
1071 463 1080 493 0.000518 0
688 455 704 471 0.000515 0
378 64 497 233 0.000514 0
309 65 422 201 0.000510 0
1069 438 1091 469 0.000510 0
805 184 815 197 0.000509 0
242 193 254 217 0.000508 0
813 338 828 365 0.000507 0
659 207 679 233 0.000505 0
833 504 840 511 0.000505 0
856 431 873 442 0.000504 0
536 188 568 222 0.000504 0
362 64 496 213 0.000503 0
332 64 527 214 0.000502 0
370 71 496 215 0.000501 0
893 438 903 456 0.000500 0
704 328 722 376 0.000499 0
852 425 942 485 0.000498 0
157 64 264 229 0.000498 0
1027 484 1052 505 0.000498 0
754 318 768 334 0.000493 0
1232 338 1264 421 0.000493 0
457 202 466 215 0.000493 0
22 64 348 220 0.000493 0
662 422 671 434 0.000492 0
1135 472 1143 479 0.000492 0
802 200 833 239 0.000492 0
362 66 436 216 0.000490 0
1271 518 1279 526 0.000485 0
1215 440 1224 456 0.000485 0
1032 483 1066 505 0.000484 0
959 456 969 468 0.000484 0
767 184 786 209 0.000483 0
758 456 795 472 0.000483 0
1117 326 1137 363 0.000483 0
1246 342 1263 401 0.000482 0
1028 351 1057 390 0.000482 0
1079 690 1091 703 0.000481 0
302 66 485 360 0.000481 0
795 314 819 343 0.000479 0
1007 358 1024 386 0.000479 0
974 687 988 703 0.000475 0
1095 164 1124 218 0.000474 0
1215 452 1223 468 0.000474 0
951 440 963 455 0.000472 0
918 339 1006 391 0.000472 0
1148 453 1163 475 0.000472 0
664 458 673 471 0.000471 0
798 441 817 472 0.000471 0
1001 431 1008 440 0.000471 0
887 442 899 456 0.000469 0
1119 327 1135 370 0.000468 0
1163 471 1180 480 0.000467 0
247 202 255 229 0.000465 0
240 194 256 225 0.000464 0
931 365 945 387 0.000463 0
834 440 848 456 0.000463 0
1183 354 1218 408 0.000462 0
983 345 1008 384 0.000462 0
1189 207 1242 266 0.000459 0
1012 423 1024 439 0.000457 0
908 199 933 247 0.000457 0
1145 484 1171 507 0.000456 0
1073 333 1088 360 0.000456 0
706 466 715 473 0.000455 0
852 312 864 337 0.000454 0
895 416 903 435 0.000453 0
958 435 972 457 0.000453 0
342 167 353 199 0.000451 0
1042 407 1057 424 0.000451 0
264 193 272 205 0.000451 0
614 151 643 170 0.000450 0
1239 448 1248 456 0.000449 0
686 670 704 703 0.000443 0
1006 369 1024 397 0.000443 0
576 366 591 391 0.000441 0
1253 198 1277 223 0.000441 0
1039 447 1048 463 0.000440 0
1229 345 1262 428 0.000440 0
719 441 731 461 0.000439 0
1167 443 1179 456 0.000439 0
1072 423 1088 441 0.000439 0
1041 411 1057 441 0.000439 0
851 429 935 485 0.000439 0
990 372 1010 394 0.000437 0
815 440 824 452 0.000435 0
977 342 1008 389 0.000433 0
366 75 496 223 0.000430 0
803 184 816 221 0.000430 0
968 369 987 419 0.000430 0
1030 374 1041 407 0.000430 0
718 455 737 470 0.000429 0
1031 372 1053 391 0.000427 0
256 64 357 196 0.000425 0
0 64 44 206 0.000425 0
704 453 720 469 0.000423 0
781 341 809 380 0.000421 0
816 446 824 454 0.000421 0
886 438 904 456 0.000420 0
984 663 1021 704 0.000420 0
1197 361 1262 429 0.000420 0
1026 224 1073 297 0.000419 0
1103 502 1114 512 0.000419 0
1079 192 1093 205 0.000417 0
993 365 1024 400 0.000417 0
1221 444 1232 455 0.000415 0
915 367 928 391 0.000414 0
1027 359 1056 385 0.000414 0
307 64 494 212 0.000413 0
881 325 896 344 0.000412 0
1035 484 1074 522 0.000411 0
1183 190 1224 233 0.000410 0
879 471 901 489 0.000408 0
1039 278 1060 332 0.000408 0
1007 338 1024 386 0.000408 0
1024 278 1040 295 0.000408 0
989 382 1023 442 0.000407 0
1167 381 1181 422 0.000406 0
991 191 1000 220 0.000406 0
496 210 534 251 0.000403 0
1098 399 1103 407 0.000401 0
767 431 775 442 0.000401 0
728 415 736 428 0.000399 0
270 631 289 694 0.000399 0
786 311 805 337 0.000399 0
1245 476 1279 704 0.000398 0
213 182 231 223 0.000398 0
1185 357 1264 428 0.000397 0
1169 440 1185 456 0.000396 0
0 136 23 321 0.000395 0
743 239 769 303 0.000395 0
808 286 815 300 0.000395 0
1160 424 1168 439 0.000395 0
501 577 512 616 0.000394 0
1077 330 1107 348 0.000393 0
1249 613 1279 703 0.000392 0
998 506 1008 544 0.000392 0
1011 456 1025 486 0.000392 0
1044 410 1057 425 0.000391 0
799 360 810 393 0.000391 0
1272 159 1279 180 0.000391 0
1186 454 1202 471 0.000391 0
647 597 656 623 0.000391 0
406 251 414 271 0.000390 0
0 64 77 212 0.000390 0
844 425 894 478 0.000387 0
757 343 786 360 0.000386 0
369 198 383 218 0.000385 0
0 139 28 310 0.000384 0
984 654 1054 703 0.000383 0
1167 379 1189 423 0.000382 0
1152 201 1175 220 0.000382 0
815 461 830 475 0.000382 0
666 207 677 225 0.000380 0
1246 357 1260 377 0.000379 0
802 185 815 220 0.000379 0
845 260 854 281 0.000378 0
1263 332 1279 431 0.000376 0
751 422 769 440 0.000376 0
799 440 816 468 0.000375 0
367 207 378 220 0.000374 0
766 313 782 341 0.000374 0
786 347 816 394 0.000372 0
1134 501 1145 509 0.000370 0
1231 388 1261 428 0.000370 0
1162 343 1198 394 0.000370 0
867 178 901 240 0.000369 0
1168 410 1177 423 0.000369 0
959 342 968 352 0.000368 0
1030 375 1040 394 0.000368 0
894 324 918 368 0.000367 0
852 456 865 476 0.000366 0
1068 192 1087 208 0.000366 0
823 279 850 344 0.000365 0
979 206 1008 239 0.000364 0
933 423 944 441 0.000364 0
1250 214 1267 233 0.000363 0
786 439 800 451 0.000363 0
604 156 628 183 0.000363 0
1245 406 1255 428 0.000363 0
625 685 673 703 0.000363 0
631 426 640 439 0.000363 0
1072 335 1088 402 0.000362 0
1024 382 1030 392 0.000362 0
714 444 774 472 0.000362 0
193 209 221 254 0.000362 0
664 184 672 216 0.000361 0
110 248 129 264 0.000360 0
1110 391 1125 408 0.000359 0
914 370 927 392 0.000358 0
683 668 704 703 0.000357 0
704 327 716 356 0.000356 0
111 218 120 240 0.000355 0
953 375 976 444 0.000355 0
0 66 41 294 0.000355 0
85 64 361 213 0.000355 0
1246 626 1279 703 0.000354 0
371 67 462 214 0.000354 0
1042 422 1056 446 0.000354 0
1222 452 1234 476 0.000353 0
1069 484 1089 502 0.000353 0
1119 326 1136 386 0.000352 0
1199 455 1208 469 0.000351 0
1095 504 1103 519 0.000351 0
332 185 343 199 0.000350 0
897 421 912 454 0.000348 0
977 448 986 458 0.000347 0
1147 391 1160 406 0.000346 0
1098 439 1114 454 0.000346 0
663 415 670 425 0.000345 0
1194 477 1279 701 0.000344 0
605 368 625 410 0.000344 0
32 215 40 229 0.000343 0
1070 477 1088 495 0.000343 0
710 375 719 383 0.000343 0
155 194 185 230 0.000343 0
839 503 847 511 0.000342 0
1138 449 1164 478 0.000340 0
319 64 368 176 0.000340 0
862 297 879 342 0.000340 0
1003 661 1024 703 0.000339 0
1072 397 1080 409 0.000339 0
828 417 845 437 0.000339 0
385 195 397 206 0.000338 0
733 424 751 458 0.000338 0
1219 456 1278 498 0.000338 0
1016 319 1040 345 0.000337 0
1186 442 1199 458 0.000337 0
1055 64 1280 274 0.000337 0
913 439 932 455 0.000337 0
1134 424 1145 439 0.000334 0
1059 64 1080 70 0.000334 0
1173 216 1187 246 0.000333 0
1259 133 1279 183 0.000330 0
1263 364 1279 420 0.000330 0
359 65 597 358 0.000327 0
751 460 772 488 0.000327 0
833 493 841 506 0.000326 0
270 632 289 689 0.000325 0
783 422 809 453 0.000325 0
535 632 546 641 0.000324 0
1132 487 1177 509 0.000324 0
600 344 610 364 0.000323 0
1072 335 1089 362 0.000323 0
767 183 787 208 0.000323 0
234 179 325 373 0.000322 0
913 339 1003 391 0.000322 0
583 542 592 575 0.000322 0
106 248 129 264 0.000322 0
82 221 97 252 0.000321 0
1027 65 1279 284 0.000320 0
319 64 428 187 0.000319 0
1073 333 1089 390 0.000319 0
1038 421 1046 436 0.000319 0
866 436 912 487 0.000318 0
1133 386 1162 429 0.000317 0
672 382 688 411 0.000317 0
496 190 575 254 0.000316 0
928 333 1009 388 0.000316 0
1177 352 1213 405 0.000315 0
822 319 848 344 0.000315 0
664 306 694 377 0.000315 0
900 420 912 439 0.000314 0
1247 419 1254 429 0.000314 0
947 454 958 464 0.000314 0
576 375 589 392 0.000314 0
1172 343 1210 380 0.000313 0
975 364 997 417 0.000312 0
1167 377 1181 392 0.000312 0
882 425 906 457 0.000312 0
799 424 808 446 0.000311 0
719 439 736 460 0.000311 0
955 338 983 382 0.000311 0
231 209 248 239 0.000311 0
838 246 857 283 0.000311 0
751 384 762 400 0.000309 0
221 209 250 245 0.000309 0
975 456 983 463 0.000308 0
1249 623 1279 704 0.000308 0
479 334 496 375 0.000307 0
931 331 1000 389 0.000307 0
1231 125 1279 184 0.000307 0
911 453 944 485 0.000305 0
52 64 374 230 0.000305 0
1229 328 1263 422 0.000305 0
798 420 818 451 0.000304 0
738 384 752 400 0.000303 0
518 622 534 648 0.000303 0
1221 456 1247 485 0.000302 0
687 451 703 469 0.000302 0
339 64 436 183 0.000302 0
1023 465 1042 499 0.000301 0
1225 379 1263 427 0.000301 0
736 376 755 395 0.000300 0
1136 391 1152 408 0.000300 0
749 204 770 232 0.000300 0
615 424 623 434 0.000300 0
1210 65 1279 270 0.000300 0
351 189 358 199 0.000299 0
1190 458 1200 473 0.000299 0
1044 344 1054 360 0.000299 0
944 374 959 400 0.000299 0
687 464 698 485 0.000298 0
719 438 736 457 0.000297 0
1 65 482 386 0.000296 0
1002 386 1024 440 0.000296 0
1038 410 1049 433 0.000295 0
847 274 867 340 0.000295 0
302 64 496 200 0.000295 0
828 415 846 440 0.000294 0
112 215 120 233 0.000293 0
603 346 614 363 0.000293 0
437 192 445 203 0.000293 0
366 73 496 239 0.000290 0
851 423 882 440 0.000289 0
54 64 137 201 0.000289 0
1028 359 1057 383 0.000289 0
926 424 935 440 0.000288 0
696 328 703 343 0.000287 0
972 368 994 407 0.000287 0
154 204 168 234 0.000287 0
1216 408 1223 424 0.000286 0
748 378 762 397 0.000285 0
154 202 170 230 0.000285 0
1226 64 1279 255 0.000284 0
527 598 536 616 0.000283 0
227 195 255 236 0.000283 0
866 312 881 341 0.000282 0
740 200 751 217 0.000282 0
903 535 913 585 0.000281 0
0 180 6 203 0.000281 0
1227 65 1279 172 0.000281 0
1091 439 1123 473 0.000281 0
1136 389 1153 408 0.000281 0
644 457 656 472 0.000280 0
631 425 639 436 0.000280 0
1173 406 1184 423 0.000280 0
1123 387 1138 413 0.000279 0
1164 329 1199 359 0.000278 0
86 64 243 205 0.000277 0
1200 456 1208 472 0.000277 0
308 99 371 309 0.000277 0
1220 460 1248 486 0.000277 0
1039 343 1055 364 0.000274 0
654 208 683 234 0.000272 0
1226 388 1259 428 0.000272 0
415 251 420 270 0.000271 0
764 264 841 345 0.000270 0
56 64 144 205 0.000270 0
757 378 770 397 0.000270 0
46 64 128 199 0.000269 0
916 371 928 407 0.000268 0
1248 346 1267 409 0.000268 0
851 312 863 338 0.000268 0
1071 392 1080 408 0.000268 0
1103 327 1131 362 0.000268 0
1270 613 1279 703 0.000267 0
1126 386 1137 407 0.000266 0
894 330 924 351 0.000265 0
1055 221 1072 296 0.000265 0
800 188 814 229 0.000264 0
182 197 190 207 0.000264 0
867 423 882 439 0.000264 0
1215 473 1224 481 0.000264 0
208 392 240 409 0.000263 0
911 441 921 454 0.000263 0
1128 65 1279 272 0.000263 0
799 421 808 436 0.000262 0
598 577 621 612 0.000261 0
705 442 720 466 0.000261 0
960 199 971 209 0.000261 0
766 461 776 487 0.000261 0
575 364 612 413 0.000260 0
695 473 704 492 0.000260 0
1051 483 1176 507 0.000258 0
1056 455 1073 470 0.000258 0
1065 64 1117 72 0.000258 0
847 307 865 341 0.000258 0
519 621 538 647 0.000257 0
786 199 801 234 0.000256 0
1095 161 1129 253 0.000256 0
1039 286 1058 333 0.000255 0
955 339 1002 386 0.000255 0
680 170 691 215 0.000255 0
576 350 592 391 0.000255 0
687 424 695 435 0.000254 0
49 64 126 171 0.000254 0
903 337 926 387 0.000254 0
733 423 752 450 0.000254 0
765 435 785 450 0.000253 0
1004 653 1024 703 0.000253 0
991 185 1026 223 0.000253 0
107 64 345 158 0.000253 0
1074 686 1091 703 0.000251 0
0 233 18 292 0.000251 0
722 424 737 442 0.000250 0
1236 397 1256 429 0.000250 0
706 316 734 342 0.000250 0
943 316 957 343 0.000250 0
977 315 991 343 0.000249 0
821 412 841 431 0.000248 0
158 84 214 221 0.000248 0
590 578 601 612 0.000248 0
192 194 208 219 0.000247 0
991 389 1003 412 0.000247 0
605 174 616 184 0.000246 0
928 392 936 405 0.000246 0
934 377 945 391 0.000245 0
1039 425 1047 440 0.000245 0
40 64 133 207 0.000245 0
328 64 608 206 0.000245 0
743 232 798 318 0.000245 0
1032 419 1040 439 0.000245 0
583 543 592 576 0.000245 0
1198 347 1266 418 0.000245 0
746 344 767 370 0.000243 0
367 67 492 218 0.000243 0
979 639 1050 704 0.000243 0
243 194 256 214 0.000242 0
387 185 401 205 0.000242 0
1240 424 1247 440 0.000242 0
1138 481 1189 510 0.000240 0
126 374 144 403 0.000240 0
1214 455 1224 473 0.000240 0
990 441 1013 461 0.000239 0
1224 65 1279 270 0.000239 0
1014 477 1167 503 0.000239 0
606 143 636 170 0.000239 0
1120 394 1128 422 0.000238 0
998 505 1010 534 0.000237 0
1065 438 1106 473 0.000237 0
1214 439 1225 454 0.000237 0
1067 455 1093 491 0.000236 0
1135 487 1152 499 0.000236 0
778 310 813 344 0.000236 0
576 361 594 391 0.000236 0
519 634 530 648 0.000235 0
1149 456 1168 479 0.000234 0
718 437 736 457 0.000233 0
1088 222 1104 274 0.000233 0
364 187 376 200 0.000233 0
998 456 1008 465 0.000233 0
695 351 702 359 0.000233 0
1030 392 1040 408 0.000232 0
1007 488 1016 494 0.000231 0
634 678 672 703 0.000231 0
1058 222 1073 296 0.000230 0
801 496 812 506 0.000230 0
1053 456 1068 468 0.000230 0
860 450 907 486 0.000230 0
1023 421 1033 440 0.000229 0
1002 457 1045 499 0.000229 0
318 237 337 364 0.000228 0
694 471 704 489 0.000227 0
110 64 361 199 0.000227 0
1264 365 1279 411 0.000227 0
799 367 810 393 0.000226 0
1143 376 1154 395 0.000226 0
256 64 338 189 0.000225 0
490 193 537 251 0.000225 0
1127 381 1135 390 0.000225 0
1077 334 1106 378 0.000224 0
349 64 496 95 0.000224 0
829 415 847 439 0.000224 0
588 382 614 432 0.000223 0
843 271 868 342 0.000223 0
386 70 496 223 0.000223 0
756 382 770 402 0.000223 0
931 659 1025 703 0.000223 0
914 197 968 257 0.000223 0
751 462 770 488 0.000223 0
519 392 528 408 0.000223 0
1263 322 1279 423 0.000223 0
1111 504 1120 520 0.000222 0
797 455 817 473 0.000222 0
1168 455 1184 472 0.000222 0
319 64 370 108 0.000222 0
318 64 415 182 0.000222 0
117 64 497 234 0.000222 0
0 64 174 307 0.000221 0
1148 377 1164 398 0.000221 0
174 199 193 227 0.000221 0
1038 391 1050 411 0.000221 0
7 64 79 208 0.000221 0
798 273 851 345 0.000220 0
116 64 486 210 0.000220 0
1105 175 1121 215 0.000220 0
1084 324 1120 360 0.000220 0
279 191 362 373 0.000219 0
1072 373 1088 411 0.000219 0
0 158 6 203 0.000218 0
721 459 758 473 0.000218 0
1204 451 1220 472 0.000218 0
1221 408 1232 425 0.000218 0
943 316 961 344 0.000218 0
1130 278 1138 301 0.000218 0
577 371 592 391 0.000218 0
518 392 529 428 0.000217 0
718 423 732 440 0.000217 0
1248 75 1279 174 0.000217 0
945 382 1023 420 0.000217 0
152 64 254 218 0.000217 0
1105 344 1119 360 0.000217 0
623 424 632 434 0.000216 0
1239 417 1249 440 0.000216 0
902 327 932 346 0.000216 0
930 327 949 344 0.000215 0
679 389 688 417 0.000215 0
1233 65 1279 257 0.000214 0
1015 481 1033 494 0.000214 0
1117 384 1140 431 0.000214 0
1174 347 1213 403 0.000213 0
1050 210 1101 298 0.000213 0
902 539 912 586 0.000213 0
847 416 888 460 0.000213 0
1246 438 1255 455 0.000212 0
1136 388 1179 411 0.000211 0
240 388 256 407 0.000210 0
1189 186 1280 292 0.000209 0
995 421 1009 440 0.000209 0
732 369 760 396 0.000209 0
767 388 775 403 0.000206 0
306 65 431 226 0.000206 0
1270 685 1279 703 0.000205 0
1204 477 1279 702 0.000205 0
543 64 594 219 0.000205 0
1074 422 1088 439 0.000205 0
1028 342 1042 364 0.000205 0
1267 140 1279 174 0.000205 0
1013 64 1279 271 0.000205 0
854 271 865 296 0.000204 0
829 272 849 343 0.000204 0
56 64 133 165 0.000204 0
61 64 167 206 0.000203 0
474 334 498 376 0.000202 0
1079 327 1116 360 0.000202 0
763 377 776 396 0.000202 0
162 186 186 225 0.000201 0
746 214 769 235 0.000201 0
541 640 553 692 0.000201 0
989 435 1030 461 0.000201 0
751 426 767 441 0.000201 0
588 581 602 616 0.000201 0
752 416 764 427 0.000201 0
1110 392 1124 408 0.000200 0
816 415 846 440 0.000200 0
922 341 1019 394 0.000200 0
1248 576 1279 701 0.000200 0
1021 382 1037 407 0.000200 0
1036 387 1057 420 0.000200 0
1136 407 1153 426 0.000199 0
374 184 397 205 0.000199 0
211 194 256 264 0.000199 0
918 423 926 433 0.000199 0
751 67 786 150 0.000199 0
521 621 544 641 0.000199 0
1230 66 1280 271 0.000199 0
1191 367 1228 414 0.000199 0
745 429 802 466 0.000198 0
320 627 328 649 0.000198 0
1115 198 1159 253 0.000198 0
1084 153 1278 269 0.000198 0
1058 440 1072 464 0.000198 0
886 506 896 526 0.000198 0
104 253 117 264 0.000197 0
752 415 768 426 0.000197 0
802 414 816 423 0.000197 0
923 342 944 379 0.000197 0
916 426 927 443 0.000196 0
1058 437 1072 461 0.000196 0
959 367 988 405 0.000196 0
1054 64 1067 71 0.000196 0
911 373 924 392 0.000195 0
878 422 887 443 0.000195 0
807 313 842 343 0.000195 0
1056 377 1065 400 0.000195 0
1184 205 1280 298 0.000194 0
808 472 817 478 0.000193 0
728 370 760 398 0.000193 0
852 408 943 476 0.000193 0
1179 489 1279 703 0.000193 0
110 222 128 259 0.000193 0
867 273 880 298 0.000192 0
0 123 17 239 0.000192 0
898 440 912 456 0.000192 0
0 128 21 317 0.000192 0
751 67 785 131 0.000192 0
494 688 671 703 0.000192 0
1125 469 1137 480 0.000191 0
105 235 129 309 0.000190 0
293 189 320 294 0.000190 0
1044 469 1057 491 0.000190 0
1260 680 1279 703 0.000190 0
1055 438 1066 463 0.000190 0
655 280 702 377 0.000189 0
192 392 208 448 0.000189 0
1037 339 1057 360 0.000189 0
398 184 407 202 0.000188 0
541 647 553 696 0.000188 0
256 64 328 165 0.000188 0
41 64 125 202 0.000188 0
808 496 816 516 0.000188 0
831 454 844 476 0.000188 0
190 64 510 369 0.000187 0
640 663 673 704 0.000187 0
191 393 209 447 0.000187 0
268 221 292 295 0.000187 0
783 422 793 438 0.000186 0
708 426 720 444 0.000186 0
824 299 834 311 0.000186 0
1085 335 1106 386 0.000186 0
631 439 639 449 0.000186 0
273 197 292 265 0.000186 0
1123 428 1139 442 0.000185 0
266 64 494 357 0.000185 0
827 297 842 311 0.000185 0
534 641 557 703 0.000184 0
626 687 672 703 0.000184 0
47 64 130 164 0.000184 0
1023 413 1034 428 0.000184 0
1247 505 1279 700 0.000184 0
833 500 845 510 0.000184 0
1062 64 1127 73 0.000183 0
1211 471 1280 699 0.000183 0
830 416 847 425 0.000182 0
576 340 592 388 0.000182 0
225 188 334 380 0.000182 0
1246 678 1278 703 0.000182 0
307 128 385 317 0.000182 0
1203 505 1218 516 0.000182 0
1272 517 1279 537 0.000181 0
989 427 1033 460 0.000181 0
1083 412 1114 457 0.000181 0
1032 426 1039 440 0.000181 0
916 446 942 472 0.000181 0
1014 415 1024 425 0.000181 0
879 427 944 474 0.000181 0
897 440 913 458 0.000180 0
735 422 755 447 0.000180 0
588 390 608 410 0.000180 0
1110 276 1142 342 0.000180 0
1074 353 1088 398 0.000179 0
1175 496 1186 519 0.000179 0
1007 455 1024 479 0.000179 0
1039 400 1054 426 0.000179 0
1079 343 1108 402 0.000179 0
547 64 660 230 0.000178 0
1271 681 1279 703 0.000177 0
155 67 271 235 0.000177 0
317 64 451 170 0.000177 0
902 413 912 424 0.000177 0
848 423 882 440 0.000177 0
543 601 552 617 0.000177 0
963 685 990 703 0.000177 0
1185 488 1204 504 0.000177 0
1245 442 1256 456 0.000177 0
797 198 815 236 0.000176 0
503 324 512 343 0.000176 0
1195 365 1248 407 0.000176 0
932 327 948 345 0.000176 0
685 674 704 703 0.000176 0
875 267 914 345 0.000176 0
831 417 848 443 0.000175 0
925 326 945 345 0.000175 0
888 505 895 513 0.000175 0
193 234 209 280 0.000175 0
545 64 639 225 0.000175 0
985 611 1058 703 0.000175 0
1032 371 1057 410 0.000174 0
719 222 855 353 0.000174 0
800 418 818 436 0.000174 0
1271 620 1279 698 0.000173 0
160 64 260 220 0.000173 0
493 64 589 155 0.000173 0
1239 345 1279 422 0.000173 0
1089 453 1105 480 0.000172 0
1260 160 1279 227 0.000172 0
448 422 464 459 0.000172 0
1095 506 1104 533 0.000171 0
568 64 662 226 0.000170 0
1076 113 1140 183 0.000170 0
738 422 902 478 0.000170 0
801 415 813 424 0.000170 0
1054 64 1127 73 0.000170 0
545 583 564 617 0.000169 0
611 438 624 461 0.000169 0
290 218 321 312 0.000168 0
1134 389 1180 424 0.000168 0
22 64 126 178 0.000168 0
37 64 127 209 0.000168 0
1033 416 1040 431 0.000168 0
896 288 909 305 0.000167 0
1202 408 1216 435 0.000167 0
1070 488 1088 503 0.000167 0
543 64 593 183 0.000167 0
1139 385 1187 424 0.000166 0
1 64 105 210 0.000166 0
157 98 212 223 0.000166 0
943 365 978 419 0.000166 0
499 64 587 196 0.000166 0
1035 272 1065 335 0.000166 0
1030 455 1040 470 0.000166 0
1078 329 1120 365 0.000165 0
274 229 289 264 0.000165 0
1102 390 1122 407 0.000165 0
156 64 258 183 0.000165 0
1071 500 1081 510 0.000164 0
896 515 905 523 0.000164 0
884 421 897 444 0.000164 0
0 64 135 202 0.000164 0
1116 313 1166 344 0.000163 0
1066 335 1089 381 0.000163 0
270 222 292 294 0.000163 0
1086 313 1119 344 0.000162 0
65 64 163 78 0.000162 0
192 186 210 228 0.000162 0
727 378 741 397 0.000162 0
624 588 636 617 0.000161 0
0 106 54 250 0.000161 0
1244 424 1255 443 0.000161 0
990 391 1004 420 0.000161 0
1087 349 1112 400 0.000160 0
1095 404 1104 416 0.000160 0
429 222 439 230 0.000160 0
1150 470 1171 489 0.000160 0
0 64 58 185 0.000159 0
998 181 1008 211 0.000159 0
1087 346 1107 405 0.000159 0
825 495 833 511 0.000159 0
1089 372 1104 408 0.000159 0
790 375 804 394 0.000159 0
1087 405 1098 421 0.000159 0
1023 427 1031 440 0.000158 0
881 316 913 344 0.000158 0
58 64 201 157 0.000158 0
861 282 879 341 0.000158 0
515 64 588 238 0.000158 0
581 392 593 412 0.000157 0
1263 372 1279 425 0.000157 0
1166 544 1184 645 0.000157 0
984 644 1058 703 0.000157 0
496 391 504 398 0.000157 0
1214 64 1233 92 0.000157 0
1025 332 1042 360 0.000157 0
647 583 657 609 0.000157 0
344 64 496 91 0.000156 0
546 64 649 234 0.000156 0
976 329 992 345 0.000156 0
728 495 735 503 0.000155 0
1003 439 1031 456 0.000155 0
1071 684 1096 703 0.000155 0
1157 376 1175 393 0.000155 0
1034 465 1090 500 0.000154 0
632 471 639 479 0.000154 0
535 634 555 699 0.000154 0
846 247 901 343 0.000154 0
1251 617 1279 695 0.000154 0
291 66 614 375 0.000154 0
1087 408 1097 430 0.000154 0
678 424 693 437 0.000153 0
1032 372 1059 411 0.000153 0
173 185 184 223 0.000153 0
759 185 794 220 0.000153 0
1226 405 1241 427 0.000153 0
1068 427 1106 465 0.000153 0
663 327 705 368 0.000152 0
1077 460 1096 484 0.000152 0
432 191 443 203 0.000152 0
0 64 324 321 0.000152 0
240 204 259 236 0.000152 0
1016 328 1035 346 0.000152 0
1143 357 1154 368 0.000152 0
1215 199 1255 234 0.000152 0
0 64 325 396 0.000151 0
58 64 186 201 0.000151 0
1270 628 1279 703 0.000151 0
623 428 632 439 0.000151 0
219 234 242 298 0.000151 0
832 483 840 495 0.000151 0
705 389 720 407 0.000151 0
1200 439 1225 459 0.000151 0
733 424 773 456 0.000151 0
638 669 711 703 0.000151 0
0 391 47 422 0.000151 0
1127 426 1163 441 0.000151 0
1007 513 1016 527 0.000150 0
783 266 850 344 0.000150 0
126 64 455 200 0.000150 0
609 452 624 470 0.000150 0
1166 329 1200 359 0.000150 0
995 64 1279 283 0.000150 0
997 455 1139 473 0.000149 0
878 285 931 346 0.000149 0
1182 440 1200 458 0.000149 0
0 380 18 416 0.000149 0
273 232 291 295 0.000149 0
999 332 1008 344 0.000149 0
648 666 705 703 0.000148 0
422 66 496 238 0.000148 0
1154 303 1168 332 0.000148 0
57 64 183 159 0.000148 0
497 64 673 220 0.000148 0
1025 465 1061 500 0.000148 0
1165 456 1185 476 0.000147 0
582 541 592 574 0.000147 0
1020 67 1149 217 0.000147 0
161 64 258 190 0.000147 0
722 242 811 351 0.000146 0
664 592 671 600 0.000146 0
574 368 595 409 0.000146 0
1119 377 1128 397 0.000146 0
773 259 853 346 0.000146 0
825 283 849 311 0.000146 0
1024 334 1076 394 0.000146 0
992 303 1008 332 0.000146 0
871 496 879 502 0.000146 0
126 374 144 401 0.000145 0
521 624 552 666 0.000145 0
493 64 577 143 0.000145 0
1027 349 1070 394 0.000145 0
1010 676 1056 703 0.000145 0
769 392 778 408 0.000145 0
927 368 945 394 0.000145 0
1053 216 1106 298 0.000145 0
135 65 491 222 0.000144 0
581 580 592 614 0.000144 0
753 306 799 343 0.000144 0
1263 688 1274 703 0.000143 0
193 186 202 212 0.000143 0
1238 435 1257 456 0.000143 0
494 64 587 183 0.000143 0
903 327 952 348 0.000143 0
1075 691 1095 703 0.000143 0
1084 398 1120 450 0.000143 0
808 287 816 304 0.000143 0
1008 64 1024 74 0.000142 0
109 64 491 199 0.000142 0
493 64 604 146 0.000142 0
1140 377 1185 410 0.000142 0
815 439 837 454 0.000142 0
315 64 487 128 0.000142 0
1034 68 1146 209 0.000142 0
0 380 15 413 0.000142 0
636 64 666 104 0.000142 0
861 267 881 341 0.000142 0
329 64 682 216 0.000142 0
1043 436 1056 455 0.000141 0
548 64 559 75 0.000141 0
17 65 136 216 0.000141 0
756 420 806 460 0.000140 0
719 376 728 394 0.000140 0
559 607 568 622 0.000140 0
30 64 140 213 0.000140 0
1150 308 1168 342 0.000140 0
913 168 929 180 0.000140 0
880 511 890 527 0.000140 0
1120 407 1128 429 0.000140 0
112 391 128 402 0.000140 0
846 247 914 346 0.000140 0
218 241 242 295 0.000139 0
375 184 396 203 0.000139 0
943 371 980 432 0.000139 0
108 68 215 220 0.000139 0
466 334 497 377 0.000139 0
1143 388 1181 411 0.000139 0
61 65 203 213 0.000138 0
791 380 802 402 0.000138 0
1099 347 1119 360 0.000138 0
782 419 817 449 0.000138 0
1117 398 1151 445 0.000138 0
1017 680 1069 703 0.000138 0
576 355 593 391 0.000138 0
493 64 571 155 0.000137 0
583 64 667 230 0.000137 0
588 373 626 434 0.000137 0
910 427 922 444 0.000137 0
1042 439 1151 492 0.000137 0
885 507 896 531 0.000137 0
1085 341 1105 403 0.000136 0
936 373 1023 429 0.000136 0
27 65 488 267 0.000136 0
390 593 400 637 0.000136 0
607 372 628 427 0.000135 0
648 480 656 487 0.000135 0
1058 417 1076 445 0.000135 0
1035 481 1198 508 0.000134 0
1046 461 1056 471 0.000134 0
561 193 588 251 0.000134 0
1248 599 1279 702 0.000134 0
0 397 32 552 0.000134 0
100 64 219 210 0.000134 0
1257 64 1279 171 0.000134 0
309 143 363 250 0.000133 0
0 72 74 220 0.000133 0
1019 360 1053 392 0.000133 0
1004 681 1042 703 0.000133 0
879 517 888 531 0.000133 0
991 407 1004 434 0.000133 0
341 64 487 158 0.000133 0
585 64 672 235 0.000133 0
1052 334 1089 406 0.000133 0
481 180 580 255 0.000132 0
993 425 1044 458 0.000132 0
220 241 241 297 0.000132 0
891 329 925 376 0.000132 0
383 183 403 204 0.000132 0
256 68 341 203 0.000131 0
390 605 400 637 0.000131 0
274 188 290 233 0.000131 0
1055 419 1079 462 0.000131 0
771 423 786 438 0.000131 0
640 657 704 703 0.000131 0
1101 103 1129 150 0.000131 0
454 202 478 252 0.000131 0
0 476 93 601 0.000130 0
0 122 42 292 0.000130 0
1235 64 1280 93 0.000130 0
576 340 592 384 0.000129 0
1102 400 1123 439 0.000129 0
24 512 48 568 0.000129 0
0 64 300 330 0.000129 0
319 246 336 361 0.000129 0
432 172 446 203 0.000128 0
1199 405 1210 435 0.000128 0
968 672 1003 703 0.000128 0
1019 320 1042 349 0.000128 0
746 421 788 449 0.000128 0
1133 405 1161 439 0.000128 0
1051 331 1090 399 0.000128 0
0 100 65 223 0.000128 0
123 375 144 403 0.000128 0
1258 323 1279 458 0.000128 0
5 64 333 262 0.000127 0
816 412 831 429 0.000127 0
1021 387 1042 412 0.000127 0
270 632 288 675 0.000127 0
1245 106 1279 181 0.000127 0
763 257 828 348 0.000127 0
1251 71 1279 177 0.000127 0
1001 678 1050 703 0.000127 0
63 425 74 437 0.000126 0
611 143 635 170 0.000126 0
1222 416 1231 432 0.000126 0
534 632 554 694 0.000126 0
642 665 672 704 0.000126 0
1023 331 1077 388 0.000126 0
1143 471 1193 495 0.000126 0
391 594 400 621 0.000125 0
1057 402 1120 468 0.000125 0
561 64 665 216 0.000125 0
1087 417 1097 433 0.000125 0
1251 333 1279 491 0.000125 0
1087 523 1096 536 0.000124 0
1082 393 1128 443 0.000124 0
1231 357 1262 378 0.000124 0
956 425 973 449 0.000124 0
1264 317 1279 367 0.000124 0
1119 336 1135 376 0.000124 0
218 238 241 298 0.000124 0
302 111 311 123 0.000124 0
1104 606 1111 615 0.000124 0
1109 395 1125 429 0.000123 0
497 64 588 161 0.000123 0
0 67 368 390 0.000123 0
341 64 497 134 0.000123 0
650 662 672 704 0.000122 0
1015 681 1057 703 0.000122 0
364 68 455 231 0.000122 0
1039 439 1049 455 0.000122 0
975 371 1000 423 0.000122 0
532 187 587 332 0.000122 0
897 380 904 391 0.000122 0
615 468 624 481 0.000122 0
1102 422 1115 441 0.000122 0
645 584 656 621 0.000121 0
124 374 144 403 0.000121 0
499 64 674 240 0.000121 0
355 364 368 390 0.000121 0
1055 427 1066 456 0.000120 0
651 409 664 425 0.000120 0
543 64 603 161 0.000120 0
56 64 206 164 0.000120 0
1156 412 1168 424 0.000120 0
928 312 945 344 0.000120 0
1199 64 1209 74 0.000120 0
687 466 699 490 0.000120 0
290 220 322 320 0.000119 0
928 393 935 408 0.000120 0
1014 672 1057 703 0.000119 0
580 390 609 432 0.000119 0
157 107 215 230 0.000119 0
213 244 241 276 0.000119 0
1055 437 1065 455 0.000119 0
257 64 344 172 0.000119 0
1245 77 1279 173 0.000119 0
1111 520 1119 526 0.000119 0
75 64 161 77 0.000118 0
991 419 1002 438 0.000118 0
1065 64 1124 72 0.000118 0
13 510 48 568 0.000118 0
1263 77 1279 120 0.000118 0
64 65 142 208 0.000118 0
153 188 182 229 0.000118 0
629 448 640 459 0.000117 0
1134 406 1154 429 0.000118 0
844 406 937 477 0.000117 0
868 392 880 409 0.000117 0
535 632 554 688 0.000117 0
808 498 816 521 0.000117 0
974 313 992 344 0.000117 0
759 254 812 348 0.000117 0
1261 64 1279 83 0.000116 0
899 554 912 584 0.000116 0
1071 401 1086 419 0.000116 0
704 390 720 407 0.000116 0
575 312 594 387 0.000116 0
216 244 241 288 0.000116 0
1197 64 1279 255 0.000115 0
703 436 738 467 0.000115 0
251 64 371 181 0.000114 0
15 64 174 105 0.000114 0
774 347 809 387 0.000114 0
453 201 479 271 0.000114 0
599 529 612 569 0.000113 0
1110 381 1120 392 0.000113 0
567 199 587 216 0.000113 0
637 665 707 704 0.000113 0
1101 164 1142 233 0.000113 0
991 327 1012 344 0.000112 0
978 631 1005 685 0.000112 0
1107 423 1121 461 0.000112 0
956 424 976 448 0.000112 0
802 178 815 223 0.000112 0
1176 524 1184 540 0.000112 0
1264 64 1279 76 0.000112 0
500 689 671 703 0.000112 0
917 393 928 408 0.000112 0
875 268 919 345 0.000112 0
455 455 464 472 0.000112 0
803 408 818 423 0.000111 0
1250 401 1264 424 0.000111 0
1007 525 1015 536 0.000111 0
575 275 598 319 0.000111 0
1078 331 1127 393 0.000111 0
0 398 32 518 0.000111 0
491 64 587 232 0.000111 0
1115 198 1148 252 0.000111 0
1262 77 1279 145 0.000111 0
453 199 480 285 0.000111 0
1249 475 1279 595 0.000111 0
1005 64 1022 86 0.000110 0
733 387 746 406 0.000110 0
1256 109 1279 178 0.000109 0
0 92 72 226 0.000109 0
57 64 215 196 0.000109 0
643 660 705 703 0.000109 0
971 387 992 427 0.000109 0
240 395 256 407 0.000109 0
1034 396 1100 464 0.000109 0
241 64 491 199 0.000109 0
900 407 912 420 0.000109 0
1248 479 1279 651 0.000109 0
847 427 861 442 0.000108 0
105 378 157 410 0.000108 0
657 422 690 440 0.000108 0
105 240 128 303 0.000108 0
356 64 437 90 0.000108 0
1176 194 1280 397 0.000108 0
1018 495 1280 703 0.000107 0
1230 346 1264 377 0.000107 0
319 64 367 123 0.000107 0
1176 535 1183 544 0.000107 0
961 64 1040 229 0.000106 0
934 392 944 407 0.000106 0
683 348 703 376 0.000106 0
1264 67 1279 82 0.000106 0
1245 88 1279 173 0.000106 0
165 64 324 98 0.000106 0
1252 408 1263 424 0.000106 0
975 630 1006 687 0.000106 0
1130 64 1279 178 0.000106 0
366 86 497 218 0.000106 0
1221 503 1253 518 0.000106 0
1127 425 1170 451 0.000106 0
507 64 685 234 0.000106 0
1260 448 1279 488 0.000105 0
769 392 784 408 0.000105 0
1038 438 1058 465 0.000105 0
891 330 1001 387 0.000105 0
1120 391 1140 436 0.000105 0
830 64 839 69 0.000105 0
223 374 240 408 0.000105 0
963 64 1054 213 0.000105 0
0 64 252 305 0.000104 0
974 666 1195 704 0.000104 0
1091 417 1105 438 0.000104 0
943 385 977 450 0.000104 0
1230 355 1262 381 0.000104 0
977 455 1086 504 0.000104 0
1087 216 1105 280 0.000104 0
946 681 976 703 0.000104 0
974 439 987 456 0.000104 0
269 635 300 699 0.000104 0
320 64 369 104 0.000104 0
722 379 752 402 0.000104 0
1019 323 1085 378 0.000104 0
994 65 1111 185 0.000104 0
200 363 242 412 0.000103 0
604 133 657 174 0.000103 0
524 394 546 420 0.000103 0
1266 102 1279 174 0.000103 0
1197 450 1233 485 0.000103 0
937 671 969 703 0.000103 0
765 237 828 338 0.000103 0
1269 575 1279 688 0.000103 0
955 423 974 439 0.000102 0
1090 444 1123 475 0.000102 0
707 420 791 471 0.000102 0
1060 392 1072 402 0.000102 0
1036 462 1085 504 0.000102 0
1024 407 1037 423 0.000102 0
688 204 725 274 0.000102 0
404 73 495 211 0.000102 0
1070 378 1085 400 0.000102 0
286 192 320 291 0.000101 0
806 310 819 339 0.000101 0
370 68 478 327 0.000101 0
1129 528 1138 535 0.000101 0
240 397 253 408 0.000101 0
542 668 553 702 0.000101 0
1124 108 1238 249 0.000101 0
205 371 234 414 0.000101 0
793 625 816 677 0.000100 0
0 64 206 303 0.000100 0
991 179 1005 220 0.000100 0
1210 515 1279 701 0.000100 0
1166 66 1280 252 0.000100 0
1107 216 1144 264 0.652138 1
740 224 787 287 0.563582 1
1106 221 1145 264 0.402170 1
1104 218 1146 264 0.329405 1
1109 220 1144 264 0.240436 1
876 225 925 284 0.230183 1
1108 225 1144 264 0.191517 1
874 222 955 275 0.185221 1
876 232 926 286 0.184011 1
876 226 955 275 0.148489 1
870 215 956 275 0.143943 1
876 238 925 286 0.139553 1
1103 215 1138 264 0.100836 1
740 224 774 287 0.084564 1
861 212 957 277 0.076082 1
741 223 777 287 0.069599 1
740 224 798 287 0.054102 1
877 238 913 286 0.051605 1
877 233 914 284 0.047279 1
1110 230 1144 264 0.046947 1
740 223 785 303 0.046022 1
1103 220 1135 264 0.045516 1
873 225 957 293 0.045158 1
740 223 807 288 0.042175 1
740 223 800 303 0.037067 1
875 223 957 290 0.035056 1
876 238 899 284 0.030692 1
850 223 927 286 0.030614 1
912 235 955 275 0.028237 1
876 240 923 289 0.027715 1
877 240 906 287 0.026901 1
740 226 782 287 0.026780 1
740 226 771 286 0.026748 1
916 237 955 274 0.025674 1
876 235 901 281 0.024778 1
879 235 925 283 0.023786 1
1068 215 1096 246 0.023046 1
846 222 885 280 0.022609 1
876 240 898 285 0.021813 1
865 230 898 283 0.021085 1
742 231 787 303 0.020867 1
877 233 904 275 0.020289 1
1061 213 1094 245 0.020279 1
1061 214 1097 245 0.020022 1
1069 217 1093 245 0.018047 1
1104 214 1124 250 0.017718 1
871 230 902 269 0.017184 1
911 231 955 275 0.015732 1
741 231 783 303 0.015663 1
864 236 899 285 0.015542 1
875 234 901 272 0.015531 1
1071 215 1097 245 0.014830 1
882 233 925 282 0.014738 1
919 237 955 274 0.013885 1
746 224 787 283 0.013421 1
858 224 885 282 0.013286 1
866 225 889 273 0.012957 1
1102 215 1119 250 0.012630 1
877 191 956 276 0.012516 1
848 215 936 277 0.012272 1
741 225 769 287 0.011721 1
740 228 766 286 0.011598 1
1061 216 1094 248 0.010717 1
742 229 785 287 0.010438 1
877 227 906 269 0.010187 1
865 224 884 268 0.009590 1
849 215 959 281 0.009497 1
888 249 925 285 0.009320 1
885 229 955 284 0.009299 1
1064 209 1094 244 0.009241 1
1084 211 1115 249 0.009114 1
1069 211 1095 242 0.009039 1
877 248 926 294 0.009005 1
883 223 925 277 0.008868 1
905 231 955 275 0.008837 1
855 221 883 271 0.008808 1
1089 215 1117 258 0.007670 1
904 226 926 263 0.007586 1
849 204 958 274 0.007538 1
879 217 921 276 0.007498 1
904 230 925 263 0.007396 1
740 230 772 302 0.007206 1
1061 208 1099 246 0.007141 1
740 223 776 303 0.007100 1
860 220 882 269 0.006992 1
324 236 352 255 0.006278 1
743 224 783 284 0.006269 1
1068 208 1107 243 0.006030 1
1045 278 1061 295 0.006006 1
861 214 880 269 0.005979 1
1046 278 1062 295 0.005893 1
1075 218 1093 242 0.005889 1
843 222 904 287 0.005664 1
949 274 960 303 0.005619 1
1057 214 1094 245 0.005305 1
865 239 900 293 0.005152 1
756 234 796 284 0.005119 1
1064 211 1113 247 0.005108 1
923 269 959 303 0.005094 1
755 231 792 282 0.005072 1
742 234 804 304 0.005031 1
843 224 880 281 0.004892 1
1058 213 1095 245 0.004693 1
910 231 926 263 0.004672 1
910 210 956 273 0.004452 1
1131 228 1145 250 0.004361 1
936 274 960 304 0.004313 1
863 239 881 282 0.004263 1
908 207 955 272 0.003782 1
906 220 927 264 0.003591 1
691 206 728 237 0.003572 1
894 201 923 266 0.003383 1
740 234 763 286 0.003348 1
912 235 926 271 0.003229 1
888 229 946 295 0.003093 1
327 237 352 255 0.003032 1
904 257 926 296 0.002963 1
899 233 957 294 0.002935 1
1089 216 1115 267 0.002916 1
762 236 798 282 0.002903 1
925 274 960 305 0.002889 1
948 274 960 304 0.002843 1
913 237 926 262 0.002828 1
1058 211 1082 243 0.002698 1
940 249 955 273 0.002688 1
1080 219 1110 251 0.002661 1
765 240 800 283 0.002508 1
942 273 960 304 0.002499 1
1060 215 1094 263 0.002423 1
756 231 789 280 0.002365 1
754 226 790 279 0.002348 1
1130 222 1142 248 0.002174 1
761 232 794 279 0.002141 1
765 232 798 281 0.002137 1
1063 212 1146 266 0.002130 1
747 220 780 272 0.002103 1
1056 217 1094 258 0.002069 1
867 241 920 309 0.002067 1
67 222 99 255 0.002007 1
1109 222 1155 264 0.001882 1
56 226 97 256 0.001874 1
745 221 783 275 0.001844 1
71 221 98 249 0.001841 1
1067 202 1094 242 0.001770 1
690 210 728 237 0.001749 1
949 274 959 303 0.001738 1
1067 216 1093 262 0.001706 1
914 216 955 272 0.001670 1
48 228 80 256 0.001666 1
907 270 961 303 0.001646 1
761 240 812 294 0.001638 1
645 199 1212 392 0.001556 1
1059 213 1110 260 0.001539 1
872 223 961 302 0.001527 1
926 274 960 307 0.001480 1
654 200 1261 403 0.001320 1
1048 278 1071 295 0.001283 1
913 235 958 294 0.001274 1
1043 250 1072 296 0.001268 1
1045 277 1071 295 0.001245 1
768 247 819 286 0.001242 1
323 225 352 255 0.001235 1
909 260 929 296 0.001205 1
768 240 818 283 0.001189 1
859 239 913 302 0.001171 1
740 238 757 286 0.001167 1
742 223 771 285 0.001160 1
18 217 43 257 0.001157 1
1030 264 1070 296 0.001151 1
923 271 948 294 0.001149 1
1140 233 1160 247 0.001141 1
1089 224 1105 268 0.001116 1
196 213 247 257 0.001071 1
745 232 772 303 0.001061 1
23 215 41 257 0.000999 1
894 258 924 296 0.000998 1
933 272 960 305 0.000980 1
743 236 809 308 0.000956 1
641 220 1250 381 0.000917 1
894 262 960 304 0.000906 1
1024 277 1063 296 0.000901 1
1055 220 1066 242 0.000887 1
895 254 918 301 0.000857 1
1070 200 1107 230 0.000847 1
746 223 775 270 0.000845 1
940 244 964 275 0.000825 1
933 278 944 292 0.000820 1
1055 219 1066 240 0.000809 1
1105 217 1201 266 0.000804 1
650 202 795 286 0.000803 1
1039 278 1061 295 0.000798 1
828 191 1270 364 0.000781 1
63 224 91 240 0.000777 1
740 221 845 332 0.000735 1
1088 222 1107 266 0.000731 1
932 243 970 273 0.000722 1
740 200 788 286 0.000719 1
213 226 243 263 0.000715 1
772 232 792 267 0.000696 1
1060 219 1096 264 0.000688 1
1110 229 1171 263 0.000688 1
1179 171 1230 229 0.000669 1
59 224 79 241 0.000667 1
747 222 773 264 0.000595 1
50 225 74 254 0.000585 1
323 231 353 255 0.000582 1
1055 212 1142 270 0.000578 1
909 271 925 296 0.000575 1
499 236 530 252 0.000571 1
1024 279 1040 296 0.000556 1
1100 216 1235 270 0.000554 1
1059 222 1076 261 0.000554 1
200 231 245 261 0.000549 1
911 275 927 296 0.000547 1
871 226 944 304 0.000533 1
860 247 888 296 0.000527 1
1027 207 1108 295 0.000521 1
1042 278 1060 329 0.000506 1
215 226 243 263 0.000505 1
748 221 768 239 0.000493 1
1052 207 1113 295 0.000487 1
739 244 765 301 0.000477 1
136 236 181 261 0.000472 1
767 232 817 281 0.000471 1
152 232 195 258 0.000456 1
170 226 224 257 0.000455 1
849 223 931 310 0.000455 1
1180 164 1217 264 0.000441 1
1199 253 1229 274 0.000428 1
1041 277 1066 320 0.000426 1
1042 211 1098 269 0.000426 1
1020 246 1066 296 0.000423 1
959 215 1149 338 0.000419 1
1036 276 1061 331 0.000410 1
767 251 817 291 0.000409 1
953 248 990 262 0.000403 1
634 213 795 289 0.000402 1
1067 221 1093 264 0.000372 1
216 242 242 264 0.000370 1
745 222 770 267 0.000361 1
759 237 824 314 0.000357 1
746 223 764 235 0.000352 1
942 248 959 284 0.000349 1
869 202 1025 281 0.000335 1
944 267 1091 337 0.000321 1
975 211 1079 295 0.000313 1
1021 278 1040 295 0.000308 1
517 231 533 247 0.000306 1
524 231 535 247 0.000306 1
1021 279 1040 296 0.000302 1
923 276 960 311 0.000296 1
130 221 171 256 0.000282 1
322 214 354 255 0.000276 1
1109 233 1174 265 0.000267 1
1050 211 1155 321 0.000263 1
189 234 210 261 0.000262 1
1061 238 1073 264 0.000247 1
944 239 1070 297 0.000242 1
1089 227 1103 269 0.000241 1
926 273 963 312 0.000224 1
853 168 1016 278 0.000223 1
221 245 241 264 0.000222 1
1054 215 1100 298 0.000221 1
1022 252 1042 295 0.000220 1
832 219 931 325 0.000219 1
1022 277 1043 329 0.000215 1
987 208 1086 295 0.000206 1
1200 252 1237 275 0.000205 1
867 212 1032 307 0.000199 1
1178 183 1202 218 0.000197 1
653 218 789 332 0.000193 1
526 232 537 248 0.000192 1
76 218 97 238 0.000187 1
1175 163 1205 219 0.000186 1
575 315 609 345 0.000168 1
965 225 1136 337 0.000167 1
949 275 1129 340 0.000166 1
1200 174 1217 209 0.000162 1
871 242 913 314 0.000162 1
961 272 1183 342 0.000153 1
1081 219 1142 279 0.000143 1
737 225 763 291 0.000143 1
719 225 767 291 0.000142 1
575 282 597 346 0.000138 1
1048 201 1111 297 0.000137 1
1061 220 1107 284 0.000136 1
1181 253 1233 284 0.000134 1
575 317 609 357 0.000132 1
848 235 913 334 0.000129 1
771 255 825 290 0.000127 1
1027 303 1058 333 0.000124 1
771 255 845 312 0.000121 1
320 229 352 257 0.000118 1
1193 253 1238 280 0.000118 1
825 262 872 303 0.000112 1
575 292 595 346 0.000107 1
927 280 958 312 0.000102 1
946 273 975 306 0.000102 1
922 221 965 265 0.000102 1
1048 200 1147 319 0.000100 1
631 380 656 395 0.190991 2
631 373 657 395 0.093548 2
822 329 848 344 0.056056 2
631 377 657 396 0.055992 2
631 381 656 397 0.054097 2
1104 487 1114 495 0.040440 2
484 198 517 216 0.038001 2
1004 197 1052 229 0.035530 2
1004 197 1038 227 0.035462 2
631 374 648 384 0.033860 2
626 191 655 215 0.032658 2
621 190 655 214 0.032214 2
691 205 728 236 0.031299 2
486 198 515 216 0.031113 2
660 375 684 387 0.029684 2
1003 196 1049 229 0.029404 2
661 375 691 386 0.028916 2
1004 197 1043 227 0.028206 2
630 192 655 214 0.025398 2
1004 196 1055 229 0.024052 2
1104 487 1120 497 0.023277 2
631 195 653 215 0.021796 2
304 185 322 198 0.021369 2
1004 199 1032 228 0.020870 2
305 187 321 198 0.020635 2
659 374 695 386 0.020436 2
631 196 654 215 0.018814 2
692 202 728 235 0.018447 2
626 191 656 214 0.016024 2
1004 201 1027 229 0.015588 2
1119 488 1135 497 0.014662 2
684 375 695 384 0.014424 2
305 185 323 198 0.013781 2
691 199 730 232 0.012945 2
649 372 661 388 0.012821 2
504 327 512 335 0.012252 2
691 199 729 228 0.012105 2
549 172 579 203 0.011418 2
659 374 692 387 0.011203 2
630 373 648 384 0.010563 2
482 183 517 217 0.010248 2
592 448 608 459 0.009844 2
597 364 624 377 0.009123 2
319 211 331 231 0.008215 2
656 373 693 387 0.008037 2
613 197 652 215 0.007841 2
633 375 661 390 0.007430 2
207 399 224 416 0.007205 2
208 399 224 414 0.007107 2
594 364 624 378 0.007079 2
669 452 688 463 0.007075 2
319 204 331 231 0.007035 2
625 374 637 383 0.006830 2
1120 488 1136 497 0.006679 2
985 197 1053 229 0.006597 2
599 464 608 471 0.006552 2
861 177 956 209 0.006456 2
636 370 655 383 0.006383 2
1008 207 1041 229 0.006375 2
608 200 646 215 0.005977 2
1210 503 1224 511 0.005848 2
590 363 624 408 0.005787 2
986 203 1030 229 0.005739 2
1206 504 1220 512 0.005400 2
1261 471 1279 500 0.005169 2
617 183 655 214 0.005062 2
632 370 658 387 0.005028 2
479 170 517 216 0.005012 2
589 199 616 214 0.004779 2
598 319 608 329 0.004717 2
592 423 609 434 0.004694 2
662 376 688 393 0.004693 2
484 190 524 217 0.004561 2
293 178 309 198 0.004436 2
815 359 832 376 0.004420 2
702 199 729 230 0.004407 2
1271 194 1279 214 0.004387 2
866 176 958 222 0.004337 2
511 340 525 351 0.004280 2
614 366 624 376 0.004273 2
906 177 956 209 0.004247 2
416 401 424 407 0.004035 2
1006 194 1042 225 0.003967 2
159 416 168 423 0.003949 2
1008 195 1054 229 0.003870 2
991 196 1038 227 0.003869 2
588 196 615 214 0.003847 2
1006 208 1044 231 0.003800 2
1190 495 1200 504 0.003785 2
992 201 1031 228 0.003782 2
1247 481 1259 486 0.003756 2
1002 193 1042 226 0.003725 2
594 364 624 390 0.003718 2
677 451 688 463 0.003664 2
1007 194 1054 226 0.003644 2
495 238 531 251 0.003626 2
587 183 622 202 0.003593 2
591 448 607 458 0.003584 2
659 375 688 392 0.003564 2
1005 208 1025 229 0.003548 2
0 395 32 422 0.003545 2
1007 211 1024 229 0.003503 2
1231 504 1240 510 0.003440 2
1006 194 1048 222 0.003427 2
586 363 625 391 0.003296 2
911 182 955 212 0.003238 2
592 364 624 392 0.003143 2
480 172 521 217 0.003107 2
1168 381 1179 392 0.003094 2
648 456 656 461 0.003085 2
537 173 578 218 0.003040 2
577 362 625 392 0.003031 2
294 177 307 198 0.002989 2
463 416 507 441 0.002934 2
1176 381 1184 391 0.002933 2
431 422 463 443 0.002893 2
907 182 955 209 0.002880 2
812 360 832 376 0.002861 2
0 397 32 422 0.002859 2
1120 64 1152 76 0.002793 2
911 522 926 528 0.002769 2
511 336 527 351 0.002741 2
580 364 624 407 0.002722 2
1261 168 1279 181 0.002716 2
479 335 496 357 0.002708 2
814 355 832 376 0.002704 2
911 522 926 528 0.002630 2
1119 501 1129 509 0.002606 2
663 454 673 463 0.002569 2
485 169 575 223 0.002550 2
585 362 625 410 0.002526 2
431 423 462 442 0.002515 2
1002 195 1092 231 0.002483 2
624 322 680 364 0.002474 2
623 318 669 363 0.002470 2
623 322 661 362 0.002466 2
703 456 716 468 0.002429 2
1024 209 1041 229 0.002415 2
623 321 665 362 0.002374 2
593 449 608 459 0.002365 2
719 332 730 345 0.002362 2
1247 346 1262 356 0.002335 2
629 369 644 382 0.002317 2
1020 208 1053 231 0.002271 2
1016 338 1024 345 0.002255 2
690 197 727 231 0.002252 2
1144 327 1168 344 0.002235 2
926 196 954 209 0.002215 2
806 359 832 376 0.002209 2
319 202 334 231 0.002201 2
914 199 954 214 0.002187 2
866 176 941 218 0.002176 2
657 454 666 462 0.002141 2
1212 495 1225 504 0.002141 2
0 395 20 422 0.002116 2
1104 487 1115 495 0.002102 2
158 413 176 424 0.002049 2
462 416 499 441 0.002047 2
591 423 609 433 0.002036 2
943 327 961 344 0.002035 2
599 366 624 387 0.002018 2
1262 471 1279 495 0.001994 2
1145 325 1167 343 0.001983 2
463 420 497 444 0.001947 2
912 189 955 212 0.001923 2
696 193 742 231 0.001902 2
306 185 334 199 0.001889 2
463 419 503 444 0.001888 2
866 176 944 206 0.001848 2
0 394 18 417 0.001822 2
595 448 608 460 0.001797 2
594 365 624 408 0.001792 2
623 320 659 362 0.001786 2
296 175 315 198 0.001782 2
1121 64 1151 75 0.001771 2
864 177 951 211 0.001733 2
1145 326 1166 343 0.001730 2
624 322 669 368 0.001704 2
624 314 684 363 0.001696 2
924 454 936 463 0.001684 2
1019 195 1058 229 0.001673 2
909 183 954 250 0.001673 2
577 446 592 458 0.001657 2
825 504 833 511 0.001641 2
1143 327 1169 344 0.001631 2
861 176 950 202 0.001627 2
577 362 624 407 0.001617 2
660 431 676 439 0.001571 2
1261 169 1279 182 0.001552 2
575 445 589 457 0.001550 2
597 358 622 376 0.001548 2
0 398 44 422 0.001546 2
1148 471 1167 479 0.001544 2
822 327 848 344 0.001542 2
624 369 640 382 0.001538 2
680 198 691 216 0.001537 2
638 369 662 388 0.001511 2
623 335 658 363 0.001510 2
535 196 552 226 0.001508 2
1109 492 1120 503 0.001496 2
664 449 688 463 0.001493 2
656 375 690 396 0.001477 2
1073 200 1093 212 0.001476 2
1071 203 1097 233 0.001474 2
606 201 617 215 0.001468 2
1023 207 1052 231 0.001460 2
655 352 694 386 0.001435 2
867 176 937 233 0.001427 2
455 204 465 217 0.001412 2
1263 195 1279 215 0.001397 2
249 410 264 422 0.001381 2
319 201 356 232 0.001376 2
945 327 961 344 0.001372 2
691 456 703 466 0.001369 2
958 206 991 251 0.001359 2
1263 238 1279 270 0.001353 2
1151 204 1171 219 0.001347 2
191 392 222 417 0.001330 2
1263 226 1279 270 0.001293 2
1001 197 1057 253 0.001268 2
657 367 689 386 0.001261 2
719 335 736 361 0.001260 2
802 203 854 239 0.001252 2
640 456 654 461 0.001232 2
1119 64 1147 75 0.001219 2
961 204 987 222 0.001198 2
776 462 797 473 0.001192 2
1263 204 1279 269 0.001186 2
735 464 745 471 0.001160 2
510 328 528 351 0.001154 2
0 397 26 422 0.001148 2
901 456 913 462 0.001137 2
687 452 703 468 0.001134 2
1237 481 1251 487 0.001125 2
1118 494 1134 506 0.001119 2
0 400 49 423 0.001119 2
668 382 688 398 0.001107 2
1095 493 1104 504 0.001092 2
463 423 495 442 0.001085 2
1069 197 1092 217 0.001084 2
1120 64 1152 78 0.001078 2
0 399 103 424 0.001063 2
207 399 224 421 0.001046 2
250 407 264 420 0.001034 2
662 451 688 463 0.001026 2
982 203 1029 238 0.001018 2
1175 381 1197 392 0.001010 2
984 196 1058 255 0.001009 2
970 212 996 251 0.000996 2
720 459 742 471 0.000995 2
971 480 986 487 0.000989 2
1158 238 1171 247 0.000982 2
511 331 528 351 0.000981 2
690 460 704 470 0.000976 2
1262 210 1279 269 0.000965 2
718 333 754 362 0.000938 2
320 209 354 232 0.000938 2
47 408 67 423 0.000937 2
603 358 620 373 0.000927 2
1123 327 1150 344 0.000923 2
1261 209 1276 227 0.000923 2
294 200 332 232 0.000920 2
1248 345 1263 356 0.000915 2
822 329 848 350 0.000909 2
293 176 309 198 0.000908 2
623 318 693 377 0.000908 2
660 190 692 217 0.000906 2
962 207 991 251 0.000905 2
749 439 765 448 0.000883 2
129 397 190 424 0.000881 2
822 329 848 354 0.000878 2
1140 198 1192 248 0.000877 2
1009 240 1041 259 0.000871 2
720 318 745 336 0.000868 2
967 196 1062 260 0.000864 2
1248 347 1260 357 0.000860 2
126 410 143 425 0.000855 2
116 398 182 424 0.000855 2
456 153 585 228 0.000852 2
1253 208 1279 235 0.000846 2
668 433 678 440 0.000845 2
591 449 607 460 0.000842 2
1007 193 1055 223 0.000841 2
647 199 730 235 0.000838 2
705 326 733 358 0.000837 2
1215 480 1224 487 0.000836 2
0 391 17 415 0.000831 2
1090 488 1108 501 0.000831 2
274 184 294 193 0.000830 2
720 327 737 348 0.000826 2
317 198 382 232 0.000825 2
811 344 832 376 0.000822 2
942 456 955 464 0.000818 2
504 315 528 352 0.000812 2
1224 163 1279 181 0.000810 2
47 406 75 423 0.000806 2
128 409 143 425 0.000804 2
1262 167 1279 220 0.000803 2
704 302 768 335 0.000796 2
624 345 648 362 0.000795 2
1002 230 1047 261 0.000793 2
717 324 750 357 0.000783 2
273 179 313 199 0.000778 2
1048 196 1092 230 0.000777 2
716 339 756 376 0.000761 2
191 392 215 416 0.000755 2
585 188 616 215 0.000752 2
1002 196 1100 245 0.000751 2
1121 64 1152 79 0.000750 2
1112 471 1121 477 0.000747 2
503 316 528 346 0.000745 2
452 205 465 222 0.000745 2
1039 322 1056 335 0.000744 2
47 408 78 423 0.000744 2
972 215 985 240 0.000740 2
650 448 690 462 0.000739 2
818 331 848 362 0.000739 2
527 201 544 217 0.000739 2
661 449 679 462 0.000731 2
1198 472 1215 481 0.000728 2
315 198 334 231 0.000726 2
0 561 85 601 0.000726 2
1039 321 1055 334 0.000725 2
1248 347 1263 357 0.000725 2
1036 196 1078 225 0.000722 2
669 189 691 215 0.000719 2
704 326 724 372 0.000711 2
1037 197 1078 235 0.000706 2
579 430 592 439 0.000705 2
737 438 772 455 0.000704 2
20 200 35 206 0.000699 2
503 315 528 341 0.000695 2
431 422 464 455 0.000693 2
1103 488 1119 504 0.000693 2
747 199 779 219 0.000690 2
325 198 382 232 0.000682 2
446 422 474 444 0.000682 2
974 206 997 251 0.000679 2
578 364 624 412 0.000677 2
625 374 657 395 0.000677 2
959 481 971 487 0.000666 2
681 198 693 215 0.000666 2
503 313 529 337 0.000665 2
822 328 848 356 0.000664 2
1142 471 1156 478 0.000663 2
963 479 975 487 0.000662 2
431 422 464 450 0.000662 2
0 391 18 412 0.000653 2
719 455 746 471 0.000650 2
242 409 265 423 0.000646 2
141 397 194 423 0.000646 2
655 430 666 439 0.000645 2
1039 321 1058 334 0.000642 2
692 375 702 384 0.000642 2
954 248 991 261 0.000641 2
774 343 784 354 0.000635 2
633 377 662 399 0.000634 2
452 306 517 349 0.000628 2
1054 216 1070 238 0.000628 2
448 155 586 251 0.000626 2
496 238 529 251 0.000623 2
622 318 683 377 0.000622 2
572 180 582 202 0.000617 2
772 458 795 473 0.000613 2
1263 347 1279 365 0.000612 2
273 183 313 200 0.000609 2
1031 320 1086 339 0.000606 2
1040 322 1053 334 0.000606 2
1117 202 1183 249 0.000604 2
656 451 680 462 0.000604 2
955 247 990 261 0.000601 2
463 421 497 447 0.000595 2
1263 252 1279 270 0.000586 2
703 327 714 339 0.000583 2
705 309 763 376 0.000581 2
465 392 486 399 0.000579 2
870 180 992 260 0.000577 2
1263 347 1279 370 0.000576 2
705 302 768 330 0.000570 2
1143 328 1171 359 0.000569 2
1199 471 1216 482 0.000563 2
963 200 986 213 0.000562 2
1087 488 1097 501 0.000562 2
743 438 781 457 0.000561 2
762 343 784 356 0.000559 2
1058 194 1103 244 0.000557 2
640 461 650 471 0.000553 2
969 213 994 252 0.000548 2
1076 328 1088 340 0.000546 2
822 328 858 344 0.000545 2
1122 328 1152 344 0.000534 2
630 455 639 461 0.000531 2
623 345 642 361 0.000528 2
623 322 656 361 0.000524 2
662 273 688 283 0.000524 2
500 478 520 486 0.000524 2
607 358 624 376 0.000523 2
1004 200 1065 254 0.000521 2
623 329 653 361 0.000521 2
1182 382 1207 410 0.000520 2
495 238 530 253 0.000519 2
914 181 955 206 0.000517 2
924 197 957 219 0.000515 2
943 326 977 344 0.000513 2
794 357 832 390 0.000509 2
1263 363 1279 376 0.000505 2
649 185 672 214 0.000504 2
1139 333 1171 358 0.000504 2
653 375 688 399 0.000503 2
1223 151 1280 182 0.000501 2
495 223 535 251 0.000499 2
0 394 83 423 0.000498 2
308 185 342 200 0.000496 2
1183 328 1200 339 0.000493 2
717 360 748 380 0.000491 2
1034 313 1076 335 0.000490 2
807 208 863 240 0.000489 2
304 405 392 443 0.000487 2
435 404 519 439 0.000485 2
415 400 520 440 0.000482 2
646 190 663 216 0.000482 2
726 358 752 377 0.000478 2
1223 163 1280 215 0.000478 2
586 177 703 217 0.000475 2
204 403 288 449 0.000467 2
598 318 610 336 0.000463 2
359 409 368 415 0.000461 2
964 206 1047 258 0.000459 2
416 417 431 423 0.000459 2
719 342 750 378 0.000458 2
1000 247 1030 261 0.000455 2
581 452 592 460 0.000453 2
592 425 608 438 0.000453 2
1074 324 1118 344 0.000452 2
686 449 698 461 0.000452 2
911 187 955 208 0.000449 2
623 315 668 359 0.000449 2
591 462 608 473 0.000448 2
1262 179 1279 215 0.000448 2
403 422 463 442 0.000447 2
814 472 827 478 0.000442 2
957 249 988 261 0.000441 2
212 403 288 447 0.000440 2
955 248 989 261 0.000439 2
723 359 751 378 0.000438 2
327 204 374 232 0.000437 2
176 400 192 418 0.000434 2
778 463 799 473 0.000434 2
575 422 592 438 0.000433 2
448 423 464 450 0.000433 2
107 408 144 426 0.000432 2
244 407 265 421 0.000432 2
47 407 81 423 0.000432 2
366 424 383 436 0.000430 2
976 342 1008 383 0.000429 2
573 428 592 458 0.000423 2
327 198 387 232 0.000422 2
315 194 335 231 0.000422 2
1263 358 1279 404 0.000422 2
191 398 224 421 0.000419 2
1250 198 1278 234 0.000418 2
955 333 969 346 0.000417 2
719 458 734 471 0.000417 2
719 360 744 378 0.000416 2
1251 213 1274 233 0.000412 2
0 391 33 423 0.000408 2
274 184 294 194 0.000408 2
967 201 987 219 0.000407 2
710 333 746 378 0.000407 2
717 453 760 471 0.000403 2
827 285 849 300 0.000402 2
1184 368 1264 426 0.000402 2
982 480 991 487 0.000400 2
1237 345 1249 353 0.000399 2
296 186 332 232 0.000399 2
356 219 368 231 0.000398 2
623 313 675 355 0.000396 2
721 339 756 362 0.000396 2
951 480 960 486 0.000393 2
624 373 657 401 0.000392 2
500 438 527 449 0.000391 2
671 462 680 471 0.000391 2
627 374 692 397 0.000390 2
446 200 466 222 0.000390 2
912 202 979 253 0.000388 2
748 215 767 234 0.000387 2
1169 378 1187 392 0.000387 2
399 421 462 440 0.000387 2
33 407 48 423 0.000387 2
704 390 719 407 0.000386 2
543 160 578 176 0.000386 2
1167 380 1206 410 0.000383 2
673 375 699 395 0.000383 2
645 430 656 438 0.000383 2
1263 342 1279 361 0.000383 2
482 199 518 223 0.000382 2
495 225 533 251 0.000382 2
820 470 831 477 0.000379 2
706 322 737 346 0.000379 2
639 688 687 703 0.000379 2
1007 303 1022 311 0.000379 2
706 201 737 233 0.000377 2
1140 343 1199 360 0.000377 2
254 197 271 212 0.000376 2
1264 367 1279 376 0.000373 2
793 352 833 379 0.000372 2
668 273 688 283 0.000371 2
1264 255 1279 270 0.000371 2
108 400 176 424 0.000367 2
734 437 774 471 0.000367 2
476 409 515 424 0.000364 2
1264 352 1279 368 0.000364 2
416 400 436 408 0.000363 2
1068 325 1088 338 0.000363 2
1038 194 1057 204 0.000362 2
430 422 462 454 0.000362 2
1031 370 1058 391 0.000361 2
913 200 980 250 0.000361 2
1028 360 1058 391 0.000357 2
716 328 765 359 0.000357 2
755 343 780 357 0.000357 2
207 407 265 425 0.000355 2
497 437 523 449 0.000355 2
758 439 777 448 0.000351 2
655 440 692 463 0.000350 2
308 185 333 230 0.000350 2
252 406 287 428 0.000349 2
671 376 703 405 0.000348 2
456 455 464 462 0.000346 2
777 471 794 477 0.000346 2
670 452 691 471 0.000345 2
753 343 787 376 0.000345 2
428 391 523 436 0.000345 2
1168 263 1181 268 0.000342 2
958 207 979 218 0.000342 2
1024 320 1045 333 0.000340 2
1006 184 1054 213 0.000339 2
506 318 529 355 0.000337 2
741 463 760 472 0.000337 2
204 407 268 425 0.000335 2
1021 319 1041 332 0.000334 2
149 398 192 426 0.000334 2
1137 343 1186 361 0.000333 2
624 312 681 353 0.000333 2
461 406 515 435 0.000332 2
401 422 442 437 0.000328 2
502 309 529 340 0.000327 2
919 193 976 213 0.000326 2
160 398 192 410 0.000326 2
666 372 698 385 0.000325 2
487 465 496 473 0.000324 2
1119 64 1148 77 0.000324 2
652 439 696 463 0.000314 2
1264 364 1279 405 0.000313 2
463 432 488 446 0.000312 2
476 176 507 215 0.000312 2
955 207 983 252 0.000312 2
386 197 398 206 0.000312 2
623 321 654 357 0.000311 2
1264 347 1279 368 0.000309 2
1174 328 1200 345 0.000307 2
704 372 719 384 0.000306 2
1258 278 1279 295 0.000306 2
620 344 643 380 0.000305 2
979 527 991 535 0.000305 2
0 253 23 295 0.000304 2
453 308 515 359 0.000303 2
967 510 976 520 0.000303 2
661 273 682 283 0.000301 2
468 408 515 425 0.000301 2
301 405 398 439 0.000300 2
597 318 615 335 0.000299 2
722 341 757 374 0.000298 2
625 312 700 379 0.000298 2
332 215 354 232 0.000297 2
1118 471 1127 477 0.000297 2
204 400 268 428 0.000296 2
1199 474 1214 488 0.000296 2
1029 315 1088 342 0.000295 2
536 363 623 426 0.000292 2
101 409 131 426 0.000292 2
204 407 289 450 0.000290 2
210 394 240 409 0.000290 2
496 228 538 252 0.000290 2
869 176 947 200 0.000290 2
591 377 624 410 0.000287 2
1167 370 1207 392 0.000286 2
1263 364 1279 412 0.000284 2
588 355 625 380 0.000283 2
306 404 396 447 0.000281 2
1141 344 1177 360 0.000281 2
1056 465 1067 471 0.000280 2
628 355 640 377 0.000279 2
567 423 609 445 0.000279 2
400 422 435 436 0.000275 2
594 464 608 474 0.000275 2
354 423 384 455 0.000273 2
215 404 288 439 0.000273 2
1261 278 1279 294 0.000273 2
304 406 366 442 0.000272 2
1165 471 1199 480 0.000269 2
1144 334 1174 359 0.000267 2
719 376 726 383 0.000266 2
496 478 521 486 0.000265 2
356 216 368 229 0.000262 2
1111 324 1178 361 0.000261 2
953 247 995 261 0.000261 2
774 335 843 382 0.000259 2
1143 344 1197 361 0.000259 2
464 392 475 399 0.000258 2
487 469 496 479 0.000258 2
438 447 448 455 0.000257 2
1161 197 1195 223 0.000255 2
1030 300 1072 334 0.000253 2
828 268 850 282 0.000253 2
666 352 699 385 0.000250 2
1224 176 1275 234 0.000250 2
335 425 352 441 0.000250 2
596 319 615 344 0.000249 2
288 176 310 199 0.000248 2
639 431 649 438 0.000248 2
552 179 593 216 0.000248 2
471 464 480 472 0.000247 2
264 403 288 433 0.000246 2
729 338 776 361 0.000245 2
606 451 640 468 0.000243 2
465 408 515 430 0.000241 2
704 304 767 332 0.000241 2
495 310 513 338 0.000241 2
586 301 682 382 0.000240 2
639 687 681 703 0.000240 2
48 434 80 450 0.000240 2
272 392 288 399 0.000239 2
605 270 661 314 0.000239 2
1005 184 1048 214 0.000239 2
826 282 849 300 0.000239 2
826 268 852 302 0.000237 2
826 331 848 364 0.000236 2
1169 471 1202 479 0.000236 2
496 324 529 355 0.000235 2
657 179 693 216 0.000234 2
747 351 786 378 0.000233 2
449 207 466 222 0.000233 2
574 445 592 462 0.000232 2
47 439 63 445 0.000232 2
933 205 976 254 0.000229 2
1173 213 1183 222 0.000229 2
1179 471 1206 480 0.000229 2
324 407 350 414 0.000226 2
47 436 80 451 0.000225 2
203 394 265 424 0.000225 2
622 286 678 336 0.000224 2
473 196 531 251 0.000221 2
1023 320 1045 337 0.000218 2
1223 161 1278 205 0.000216 2
585 273 695 369 0.000216 2
1224 161 1274 182 0.000216 2
675 431 688 440 0.000215 2
1140 327 1199 360 0.000214 2
975 342 1007 373 0.000214 2
328 410 352 442 0.000213 2
224 396 288 435 0.000213 2
309 406 388 438 0.000212 2
255 396 288 427 0.000211 2
265 392 288 400 0.000209 2
363 424 384 458 0.000209 2
1037 190 1088 223 0.000208 2
969 234 991 255 0.000208 2
989 357 1025 394 0.000208 2
623 287 684 338 0.000206 2
47 436 79 448 0.000205 2
112 411 143 456 0.000204 2
958 329 977 344 0.000203 2
875 528 888 534 0.000203 2
0 282 22 295 0.000203 2
495 311 513 343 0.000202 2
607 277 662 313 0.000201 2
175 397 201 414 0.000201 2
731 325 753 341 0.000200 2
704 396 716 407 0.000200 2
465 392 490 399 0.000200 2
334 416 354 442 0.000199 2
652 195 663 216 0.000198 2
826 282 850 311 0.000198 2
205 395 253 421 0.000197 2
975 525 991 536 0.000196 2
580 178 740 233 0.000196 2
688 446 703 465 0.000195 2
366 452 404 471 0.000194 2
1238 247 1279 269 0.000194 2
321 406 386 445 0.000193 2
847 527 863 536 0.000193 2
473 184 556 252 0.000192 2
1017 319 1041 344 0.000191 2
609 283 661 314 0.000191 2
870 528 887 535 0.000190 2
414 393 525 433 0.000189 2
184 403 286 451 0.000189 2
537 340 625 422 0.000189 2
537 427 592 457 0.000189 2
636 451 679 472 0.000188 2
592 331 651 378 0.000188 2
1198 271 1280 296 0.000188 2
335 425 352 442 0.000187 2
483 199 530 224 0.000187 2
647 439 655 446 0.000186 2
630 349 662 386 0.000186 2
1018 320 1088 348 0.000185 2
301 407 354 442 0.000185 2
600 422 615 433 0.000185 2
636 343 691 383 0.000185 2
640 449 651 460 0.000184 2
1202 256 1280 293 0.000184 2
416 415 432 423 0.000183 2
595 462 608 480 0.000183 2
180 398 281 449 0.000182 2
4 218 541 397 0.000182 2
0 282 23 295 0.000182 2
518 365 623 432 0.000182 2
268 394 288 427 0.000182 2
667 376 704 413 0.000181 2
353 190 374 200 0.000181 2
82 421 143 456 0.000180 2
471 190 481 205 0.000180 2
114 406 144 449 0.000178 2
46 433 80 473 0.000178 2
382 454 412 471 0.000178 2
709 326 766 378 0.000178 2
1172 225 1279 297 0.000178 2
645 447 656 461 0.000177 2
299 406 352 444 0.000176 2
502 445 513 453 0.000176 2
702 443 722 469 0.000176 2
1 421 325 506 0.000176 2
1057 313 1127 344 0.000176 2
90 418 144 447 0.000175 2
1211 252 1280 295 0.000175 2
651 181 672 201 0.000174 2
582 200 665 228 0.000173 2
989 349 1025 389 0.000172 2
62 426 80 441 0.000171 2
606 450 625 470 0.000170 2
478 407 534 428 0.000169 2
416 401 424 417 0.000169 2
50 394 289 453 0.000168 2
91 412 144 439 0.000167 2
962 326 977 343 0.000166 2
160 400 192 442 0.000166 2
1181 347 1268 410 0.000165 2
323 408 341 413 0.000165 2
734 185 858 279 0.000165 2
1127 169 1202 247 0.000165 2
976 329 1015 350 0.000165 2
364 422 384 437 0.000163 2
472 219 531 252 0.000162 2
204 403 265 425 0.000162 2
579 273 686 375 0.000161 2
395 422 441 437 0.000160 2
823 322 860 344 0.000159 2
1168 328 1188 340 0.000159 2
478 376 487 382 0.000159 2
826 332 883 344 0.000158 2
350 411 403 472 0.000158 2
254 391 288 427 0.000156 2
1168 328 1202 360 0.000156 2
1113 159 1207 221 0.000154 2
1022 189 1081 224 0.000154 2
271 178 325 233 0.000154 2
198 406 289 443 0.000154 2
955 211 1044 263 0.000154 2
343 403 410 462 0.000154 2
368 456 386 471 0.000152 2
0 255 25 295 0.000152 2
651 331 680 368 0.000151 2
826 268 858 301 0.000151 2
600 272 663 324 0.000151 2
468 315 530 376 0.000151 2
686 324 702 340 0.000150 2
189 405 288 450 0.000149 2
680 208 698 233 0.000149 2
826 276 851 302 0.000148 2
0 392 90 422 0.000147 2
639 403 657 424 0.000147 2
671 388 687 407 0.000147 2
504 237 532 253 0.000147 2
255 403 288 447 0.000147 2
960 527 968 535 0.000146 2
164 398 192 426 0.000146 2
827 268 852 283 0.000145 2
131 413 144 433 0.000145 2
66 426 143 456 0.000144 2
319 405 387 419 0.000144 2
953 207 977 253 0.000144 2
589 200 665 226 0.000143 2
6 512 82 534 0.000143 2
538 181 658 217 0.000143 2
1217 249 1280 281 0.000143 2
7 199 587 395 0.000142 2
191 393 218 422 0.000141 2
367 453 408 471 0.000141 2
947 209 992 262 0.000141 2
466 377 508 394 0.000141 2
1026 357 1058 390 0.000140 2
1044 311 1089 337 0.000140 2
941 310 979 345 0.000139 2
856 148 995 215 0.000139 2
623 319 665 348 0.000139 2
615 282 673 337 0.000139 2
50 424 80 446 0.000138 2
962 278 1058 317 0.000138 2
704 376 720 407 0.000137 2
349 418 384 455 0.000137 2
827 284 849 309 0.000137 2
996 182 1053 224 0.000136 2
907 171 957 205 0.000136 2
861 135 937 153 0.000136 2
852 277 1022 343 0.000136 2
928 670 998 703 0.000136 2
464 374 524 397 0.000135 2
417 399 440 408 0.000135 2
0 261 19 295 0.000135 2
1139 206 1168 220 0.000134 2
144 402 192 442 0.000134 2
367 453 404 471 0.000133 2
79 516 96 533 0.000133 2
324 253 737 417 0.000132 2
667 310 707 356 0.000132 2
268 184 297 215 0.000132 2
5 509 111 535 0.000132 2
479 333 529 355 0.000131 2
62 395 291 496 0.000131 2
562 271 685 367 0.000130 2
319 202 343 261 0.000130 2
0 282 17 295 0.000130 2
718 359 753 385 0.000129 2
367 453 412 471 0.000129 2
220 450 239 462 0.000128 2
195 408 289 451 0.000128 2
303 410 322 425 0.000128 2
1264 342 1279 366 0.000128 2
640 439 651 449 0.000128 2
333 404 387 439 0.000127 2
206 487 223 497 0.000127 2
603 346 628 372 0.000126 2
349 422 385 472 0.000126 2
622 298 690 354 0.000126 2
330 198 385 231 0.000126 2
605 270 702 365 0.000125 2
88 414 143 439 0.000125 2
373 407 384 414 0.000125 2
326 258 743 436 0.000123 2
203 397 231 446 0.000123 2
464 368 621 441 0.000123 2
1051 311 1091 337 0.000123 2
1053 312 1123 339 0.000122 2
312 408 335 413 0.000122 2
155 402 192 442 0.000122 2
350 259 730 404 0.000121 2
993 329 1025 346 0.000121 2
923 521 937 528 0.000121 2
208 399 288 448 0.000121 2
633 376 691 413 0.000121 2
591 461 608 485 0.000120 2
190 393 228 447 0.000120 2
175 392 214 422 0.000120 2
808 332 849 379 0.000120 2
548 363 626 429 0.000120 2
50 565 96 588 0.000120 2
391 429 399 438 0.000120 2
566 307 633 412 0.000120 2
208 445 239 462 0.000120 2
297 406 349 446 0.000119 2
1232 346 1264 365 0.000119 2
466 391 509 399 0.000118 2
607 459 634 470 0.000118 2
1134 344 1178 360 0.000118 2
67 169 88 177 0.000116 2
974 277 1021 295 0.000116 2
399 421 458 448 0.000116 2
225 451 240 462 0.000116 2
428 426 455 456 0.000115 2
210 488 224 496 0.000115 2
730 367 776 398 0.000115 2
937 172 1045 251 0.000114 2
316 198 342 231 0.000114 2
304 409 325 417 0.000114 2
960 690 989 703 0.000114 2
90 421 143 440 0.000114 2
594 320 623 367 0.000113 2
912 153 995 219 0.000113 2
951 208 975 254 0.000112 2
273 184 295 208 0.000111 2
688 385 703 403 0.000111 2
243 440 272 448 0.000111 2
322 406 364 415 0.000111 2
1223 167 1262 234 0.000111 2
324 246 780 427 0.000111 2
320 203 371 277 0.000111 2
931 668 1007 703 0.000110 2
463 376 523 399 0.000110 2
702 471 711 477 0.000110 2
505 234 548 256 0.000110 2
495 476 521 486 0.000109 2
456 390 522 434 0.000109 2
1003 359 1061 392 0.000109 2
726 372 764 403 0.000109 2
594 320 642 368 0.000109 2
358 407 383 416 0.000108 2
728 364 780 399 0.000108 2
73 568 96 586 0.000108 2
738 265 767 304 0.000108 2
1031 371 1059 393 0.000107 2
964 316 977 328 0.000107 2
319 189 381 228 0.000107 2
66 568 96 581 0.000107 2
472 463 492 472 0.000106 2
654 214 727 235 0.000105 2
969 281 1009 312 0.000105 2
444 366 618 443 0.000105 2
327 395 420 444 0.000104 2
917 175 958 208 0.000104 2
532 268 682 405 0.000104 2
465 434 528 455 0.000104 2
637 378 699 432 0.000104 2
167 391 217 418 0.000104 2
664 273 688 286 0.000104 2
899 136 937 153 0.000104 2
391 419 468 457 0.000103 2
717 199 763 235 0.000103 2
960 510 976 521 0.000103 2
488 366 623 435 0.000103 2
382 454 416 471 0.000103 2
1149 181 1185 221 0.000103 2
782 414 800 425 0.000102 2
259 391 288 427 0.000102 2
1006 302 1024 312 0.000102 2
953 520 959 527 0.000102 2
445 175 470 218 0.000101 2
1108 177 1204 251 0.000101 2
504 495 525 502 0.000101 2
480 167 580 217 0.004824 5
479 170 521 216 0.004609 5
443 171 520 218 0.002400 5
456 169 517 217 0.002028 5
444 168 518 217 0.002007 5
830 135 938 168 0.001462 5
480 172 516 210 0.001311 5
479 167 523 216 0.001023 5
479 170 517 215 0.000949 5
1135 163 1279 268 0.000787 5
822 135 939 188 0.000771 5
447 144 527 172 0.000675 5
1181 163 1279 233 0.000626 5
823 135 940 173 0.000622 5
448 156 525 210 0.000421 5
460 145 526 169 0.000364 5
468 144 526 161 0.000357 5
479 173 499 205 0.000326 5
828 134 938 159 0.000268 5
456 152 526 171 0.000235 5
1224 177 1279 210 0.000130 5
1224 163 1274 212 0.000121 5
654 256 1280 427 0.047285 6
657 244 1278 420 0.027838 6
655 262 1279 440 0.022824 6
658 219 1280 427 0.015558 6
661 237 1279 437 0.014966 6
679 266 1278 427 0.013315 6
769 253 1279 417 0.013241 6
880 266 1279 418 0.009342 6
642 268 1268 391 0.006738 6
641 267 1215 422 0.006099 6
937 267 1279 417 0.005882 6
670 202 1278 431 0.005014 6
640 267 1235 457 0.004837 6
640 264 1077 380 0.004383 6
641 268 1212 387 0.004205 6
642 251 1264 398 0.003822 6
640 268 1148 471 0.003660 6
1180 162 1279 267 0.003617 6
901 268 1279 426 0.003367 6
643 263 1258 424 0.003236 6
657 246 1278 455 0.003232 6
644 229 1276 410 0.002868 6
640 259 1162 381 0.002472 6
730 189 1278 416 0.002367 6
924 243 1279 415 0.002304 6
642 274 1071 449 0.002237 6
665 260 1275 459 0.002108 6
1019 471 1276 508 0.001682 6
640 268 973 438 0.001292 6
705 268 1278 449 0.001157 6
462 154 581 222 0.001120 6
641 250 1244 383 0.001076 6
957 178 1279 415 0.001062 6
1002 468 1276 507 0.001010 6
641 268 1073 471 0.000848 6
646 322 1230 450 0.000793 6
321 414 706 463 0.000775 6
1070 143 1279 268 0.000740 6
829 134 938 164 0.000680 6
702 111 1277 388 0.000669 6
0 67 451 389 0.000648 6
328 402 709 480 0.000639 6
582 412 953 476 0.000624 6
1028 270 1279 471 0.000614 6
651 300 1269 462 0.000553 6
326 412 724 473 0.000551 6
640 269 968 473 0.000501 6
1051 190 1278 275 0.000480 6
2 68 406 391 0.000480 6
875 269 1278 456 0.000464 6
434 263 952 466 0.000446 6
536 265 958 420 0.000437 6
721 442 935 481 0.000419 6
515 283 956 472 0.000388 6
929 465 1274 508 0.000387 6
609 267 958 391 0.000377 6
445 406 948 474 0.000377 6
366 408 937 473 0.000360 6
1019 289 1279 487 0.000345 6
648 371 999 483 0.000344 6
450 262 954 436 0.000340 6
328 413 883 470 0.000334 6
645 355 977 481 0.000332 6
957 268 1278 466 0.000326 6
1026 436 1277 509 0.000323 6
641 331 975 480 0.000323 6
478 422 945 475 0.000323 6
360 262 940 466 0.000311 6
905 184 1275 283 0.000302 6
332 414 891 477 0.000299 6
706 440 936 484 0.000291 6
373 418 929 477 0.000289 6
465 144 526 161 0.000286 6
1054 334 1271 419 0.000283 6
652 338 1264 482 0.000259 6
808 134 939 167 0.000248 6
663 344 1268 473 0.000234 6
1055 108 1279 272 0.000232 6
0 69 366 392 0.000232 6
654 347 1185 483 0.000232 6
643 301 960 478 0.000232 6
1085 418 1279 492 0.000222 6
967 292 1278 496 0.000221 6
1028 419 1279 492 0.000220 6
329 64 691 259 0.000213 6
336 64 654 260 0.000202 6
652 442 1260 490 0.000188 6
804 447 1277 509 0.000188 6
884 292 1079 390 0.000186 6
640 176 1040 383 0.000183 6
677 350 1275 464 0.000180 6
321 350 729 452 0.000177 6
718 329 842 395 0.000176 6
673 443 1049 484 0.000175 6
939 435 1277 509 0.000175 6
324 253 737 458 0.000171 6
0 502 229 612 0.000170 6
641 454 1080 704 0.000166 6
377 261 947 443 0.000164 6
869 320 1279 491 0.000163 6
667 442 1266 497 0.000160 6
1055 337 1239 417 0.000158 6
364 64 662 239 0.000153 6
1024 470 1276 553 0.000152 6
982 467 1278 700 0.000151 6
987 432 1277 509 0.000147 6
725 343 1278 473 0.000147 6
167 64 328 95 0.000142 6
1098 415 1278 461 0.000140 6
1068 411 1279 460 0.000135 6
890 330 1090 397 0.000134 6
647 600 1033 703 0.000133 6
692 451 1224 481 0.000131 6
999 468 1276 563 0.000129 6
979 466 1277 559 0.000122 6
446 144 531 171 0.000120 6
884 285 1086 394 0.000116 6
735 335 1025 387 0.000116 6
1108 419 1278 460 0.000115 6
1116 429 1278 489 0.000110 6
0 64 335 395 0.000108 6
720 334 835 400 0.000108 6
695 152 957 258 0.255241 7
694 153 955 271 0.168433 7
587 183 656 216 0.153073 7
866 176 954 229 0.121367 7
865 176 953 217 0.110095 7
864 176 955 224 0.107679 7
845 176 955 231 0.104847 7
713 153 859 240 0.089280 7
861 176 957 248 0.076659 7
693 149 955 245 0.070222 7
711 153 855 231 0.069629 7
849 176 955 244 0.057110 7
807 173 954 233 0.053162 7
710 152 808 236 0.042483 7
698 152 810 233 0.042343 7
715 153 809 227 0.039324 7
858 176 962 253 0.038883 7
587 183 622 214 0.038882 7
705 153 810 228 0.032198 7
862 175 986 252 0.029538 7
586 177 656 216 0.020294 7
730 154 860 239 0.017955 7
692 152 812 235 0.017723 7
592 188 656 215 0.017223 7
551 172 579 202 0.013676 7
801 157 952 238 0.012992 7
862 176 961 241 0.012111 7
801 167 955 240 0.011508 7
1184 178 1279 268 0.011282 7
588 160 657 216 0.011199 7
591 182 656 214 0.010742 7
587 183 622 202 0.009612 7
693 133 956 258 0.009562 7
691 152 859 236 0.009039 7
1182 167 1279 268 0.008256 7
845 176 953 257 0.008168 7
723 154 857 256 0.008157 7
866 176 940 235 0.008121 7
696 152 896 238 0.008024 7
866 176 942 225 0.007887 7
548 172 579 204 0.007428 7
694 153 948 239 0.006361 7
802 164 857 240 0.006332 7
877 186 959 270 0.005847 7
691 184 732 230 0.005794 7
846 178 934 271 0.005766 7
1184 188 1279 268 0.005438 7
499 169 578 207 0.005007 7
802 160 858 223 0.004911 7
691 154 798 233 0.004745 7
580 184 621 214 0.004674 7
585 147 659 216 0.004439 7
587 183 624 204 0.004302 7
1215 176 1279 268 0.004291 7
809 135 949 237 0.004275 7
835 176 955 245 0.003865 7
591 148 657 216 0.003678 7
853 175 958 273 0.003598 7
1047 271 1279 355 0.003552 7
586 182 665 217 0.003468 7
1185 225 1279 268 0.003254 7
692 185 730 235 0.002999 7
584 184 618 214 0.002904 7
802 167 857 226 0.002884 7
802 183 854 240 0.002857 7
695 184 732 220 0.002795 7
866 176 942 215 0.002604 7
800 134 943 238 0.002524 7
480 172 519 217 0.002508 7
802 179 857 241 0.002418 7
698 127 914 233 0.002345 7
726 156 956 244 0.002316 7
813 134 952 248 0.002151 7
855 133 955 229 0.002113 7
802 173 856 240 0.002108 7
1220 174 1279 266 0.002074 7
1048 168 1279 419 0.002002 7
697 135 952 245 0.001937 7
685 152 862 243 0.001916 7
866 176 926 237 0.001911 7
688 183 732 230 0.001860 7
1045 275 1278 375 0.001780 7
689 152 806 228 0.001622 7
1048 268 1280 347 0.001604 7
589 150 666 216 0.001545 7
599 152 651 207 0.001540 7
705 301 768 341 0.001525 7
705 132 864 234 0.001503 7
642 137 989 380 0.001471 7
704 303 767 375 0.001428 7
653 274 769 376 0.001381 7
705 301 768 354 0.001373 7
561 183 657 220 0.001334 7
665 271 769 344 0.001325 7
694 184 740 232 0.001288 7
830 157 959 259 0.001288 7
500 166 578 209 0.001281 7
465 158 582 223 0.001251 7
599 154 644 202 0.001238 7
704 301 768 366 0.001213 7
645 152 980 315 0.001198 7
624 318 695 380 0.001178 7
1052 164 1279 272 0.001169 7
536 159 581 205 0.001111 7
190 393 214 416 0.001015 7
801 176 872 240 0.001015 7
685 186 729 236 0.001001 7
1224 180 1279 225 0.000999 7
1261 187 1279 267 0.000989 7
715 154 795 272 0.000982 7
803 180 854 224 0.000951 7
701 132 940 234 0.000919 7
491 158 580 207 0.000901 7
1073 275 1280 395 0.000846 7
1221 183 1279 269 0.000816 7
626 321 698 383 0.000767 7
657 270 768 361 0.000744 7
706 303 769 339 0.000743 7
583 149 687 220 0.000742 7
1196 165 1279 240 0.000739 7
718 152 809 212 0.000730 7
660 270 768 351 0.000718 7
708 302 769 333 0.000684 7
455 154 582 227 0.000670 7
804 156 859 219 0.000659 7
843 173 930 231 0.000657 7
723 153 808 219 0.000650 7
870 155 900 229 0.000642 7
1184 166 1266 242 0.000626 7
703 128 861 225 0.000626 7
856 276 1100 392 0.000622 7
731 152 809 206 0.000593 7
1223 176 1279 216 0.000590 7
623 342 661 385 0.000574 7
711 305 853 384 0.000563 7
706 299 849 377 0.000558 7
695 183 739 226 0.000546 7
845 174 995 267 0.000537 7
1050 145 1279 390 0.000528 7
1182 169 1229 265 0.000514 7
849 136 957 225 0.000500 7
535 167 660 214 0.000479 7
1180 224 1279 283 0.000467 7
1049 270 1172 340 0.000461 7
1041 283 1275 417 0.000460 7
1075 280 1280 418 0.000459 7
1223 179 1279 234 0.000459 7
1051 273 1167 342 0.000453 7
818 127 965 270 0.000426 7
570 138 892 237 0.000418 7
623 279 699 377 0.000396 7
885 159 996 257 0.000394 7
609 181 796 227 0.000372 7
1006 183 1059 215 0.000358 7
599 319 678 383 0.000355 7
718 156 808 219 0.000351 7
554 70 671 221 0.000349 7
714 152 810 216 0.000347 7
741 438 800 474 0.000340 7
639 283 771 378 0.000337 7
296 199 332 232 0.000329 7
584 156 693 217 0.000321 7
750 444 828 474 0.000318 7
1180 166 1231 258 0.000316 7
607 256 959 384 0.000312 7
757 161 858 242 0.000311 7
1056 282 1164 344 0.000305 7
588 275 692 374 0.000305 7
692 128 955 247 0.000304 7
1049 277 1240 347 0.000304 7
594 272 702 370 0.000282 7
1220 160 1279 230 0.000282 7
467 143 579 209 0.000271 7
871 277 1087 389 0.000268 7
617 231 960 382 0.000267 7
1156 304 1280 358 0.000256 7
628 325 724 379 0.000252 7
667 81 947 241 0.000247 7
1048 241 1166 339 0.000242 7
1039 273 1163 342 0.000240 7
618 176 660 212 0.000225 7
694 127 817 225 0.000224 7
491 64 935 249 0.000220 7
989 272 1155 341 0.000217 7
445 253 600 386 0.000215 7
985 273 1147 353 0.000210 7
765 256 887 341 0.000204 7
1041 263 1162 339 0.000200 7
697 162 781 229 0.000199 7
711 287 854 379 0.000195 7
798 148 1009 266 0.000193 7
546 65 738 227 0.000192 7
1190 159 1279 232 0.000183 7
1051 276 1161 344 0.000183 7
1163 303 1275 357 0.000181 7
1036 274 1157 345 0.000180 7
1173 165 1280 380 0.000180 7
855 280 1028 385 0.000180 7
705 224 850 349 0.000180 7
703 123 831 226 0.000178 7
311 198 385 270 0.000175 7
309 198 386 256 0.000163 7
764 267 926 345 0.000163 7
872 276 1134 345 0.000161 7
963 270 1172 352 0.000160 7
732 152 805 210 0.000158 7
723 170 800 225 0.000158 7
1161 301 1280 356 0.000157 7
859 274 1131 350 0.000153 7
537 156 661 211 0.000146 7
759 269 952 343 0.000143 7
609 263 957 378 0.000142 7
578 154 949 285 0.000141 7
711 301 769 342 0.000140 7
912 155 1000 240 0.000139 7
507 70 670 229 0.000139 7
616 153 960 368 0.000138 7
693 156 739 231 0.000136 7
1167 302 1269 355 0.000135 7
518 68 930 241 0.000134 7
766 269 861 344 0.000134 7
91 416 143 439 0.000132 7
763 255 853 342 0.000130 7
705 166 798 229 0.000129 7
911 152 959 183 0.000127 7
592 166 960 379 0.000125 7
905 164 960 207 0.000124 7
956 271 1176 339 0.000122 7
906 152 993 187 0.000120 7
737 152 809 217 0.000118 7
761 273 851 344 0.000114 7
909 154 962 183 0.000113 7
1004 166 1075 230 0.000112 7
903 153 992 206 0.000105 7
1017 232 1148 337 0.000103 7
498 393 550 432 0.000103 7
1089 150 1103 178 0.536138 9
512 151 523 180 0.403236 9
512 151 523 184 0.120698 9
513 151 525 182 0.106051 9
1088 150 1103 183 0.081673 9
365 167 374 189 0.081106 9
513 151 526 182 0.075066 9
1089 150 1103 182 0.071614 9
513 151 524 187 0.050695 9
239 178 247 190 0.035136 9
373 167 381 185 0.034671 9
448 157 490 170 0.032948 9
373 168 381 184 0.032517 9
1207 170 1215 189 0.031818 9
119 64 159 78 0.030300 9
1207 167 1216 191 0.030220 9
587 170 593 185 0.029642 9
313 150 341 194 0.024464 9
894 153 908 176 0.023910 9
551 172 577 201 0.023056 9
1155 165 1167 184 0.022064 9
895 153 907 177 0.020961 9
523 183 536 196 0.020930 9
1215 167 1223 184 0.018024 9
119 64 159 76 0.017844 9
513 151 528 187 0.017157 9
878 155 890 169 0.016810 9
174 64 201 91 0.015973 9
587 168 593 185 0.014429 9
894 152 909 176 0.014296 9
362 167 372 189 0.013970 9
663 294 672 314 0.012182 9
119 64 164 78 0.012039 9
371 167 381 187 0.011651 9
522 182 545 199 0.010997 9
680 167 687 184 0.010936 9
523 183 537 198 0.010468 9
665 183 671 196 0.010346 9
549 171 580 203 0.010331 9
866 152 881 171 0.010235 9
878 153 893 169 0.009845 9
880 154 896 170 0.009707 9
1154 159 1168 184 0.009617 9
680 168 687 187 0.009020 9
1089 149 1105 179 0.008985 9
1145 165 1154 185 0.008913 9
157 64 202 91 0.008662 9
119 64 169 78 0.008587 9
866 152 881 172 0.008501 9
1214 167 1224 192 0.008402 9
313 148 340 192 0.008339 9
1199 405 1206 415 0.008306 9
1207 168 1216 200 0.008034 9
1013 136 1024 168 0.007879 9
989 680 1003 703 0.007801 9
370 166 381 188 0.007715 9
517 191 526 201 0.007695 9
1229 167 1247 181 0.007368 9
512 169 547 196 0.007307 9
1191 384 1206 400 0.007295 9
161 64 202 91 0.007263 9
521 170 546 185 0.007205 9
663 153 671 173 0.007182 9
118 64 176 79 0.007141 9
990 680 1001 703 0.007077 9
448 157 490 180 0.007065 9
865 151 879 169 0.006884 9
257 179 262 190 0.006729 9
448 157 490 177 0.006525 9
693 177 703 199 0.006456 9
571 161 581 178 0.006360 9
224 183 231 192 0.006199 9
695 176 703 193 0.006100 9
1154 165 1167 184 0.005788 9
662 153 671 173 0.005776 9
1194 384 1206 400 0.005731 9
1089 149 1104 189 0.005649 9
863 166 869 184 0.005529 9
312 139 340 196 0.005455 9
448 158 481 171 0.005424 9
690 168 696 183 0.005226 9
464 168 471 183 0.005057 9
215 183 224 195 0.004988 9
863 165 870 184 0.004933 9
522 169 546 182 0.004920 9
119 64 202 89 0.004892 9
570 161 580 179 0.004866 9
1227 166 1247 181 0.004759 9
989 680 1013 703 0.004682 9
846 182 858 221 0.004645 9
587 169 603 185 0.004609 9
517 168 547 184 0.004551 9
879 153 897 172 0.004521 9
652 153 667 174 0.004497 9
522 183 536 199 0.004416 9
867 152 882 177 0.004372 9
138 64 201 91 0.004312 9
312 83 340 195 0.004272 9
167 64 175 76 0.004268 9
653 151 671 174 0.004220 9
680 168 689 197 0.004075 9
1013 136 1024 170 0.004000 9
843 151 858 166 0.003922 9
362 167 374 189 0.003911 9
693 175 700 193 0.003872 9
1207 168 1215 197 0.003860 9
524 170 580 202 0.003841 9
1190 385 1205 400 0.003831 9
149 64 202 91 0.003799 9
652 152 671 174 0.003679 9
160 64 176 91 0.003579 9
257 144 266 160 0.003494 9
689 169 694 184 0.003479 9
665 184 671 202 0.003476 9
815 144 823 154 0.003463 9
587 166 603 185 0.003463 9
1153 165 1167 184 0.003411 9
522 182 544 200 0.003409 9
260 143 268 159 0.003399 9
161 64 176 89 0.003369 9
596 151 608 168 0.003357 9
927 152 936 167 0.003338 9
840 151 858 166 0.003286 9
989 679 1021 703 0.003216 9
673 317 680 327 0.003179 9
537 168 578 201 0.003173 9
838 151 854 164 0.003172 9
876 153 895 176 0.003139 9
1191 383 1214 416 0.003045 9
240 164 247 179 0.003029 9
312 77 370 198 0.003014 9
688 352 693 359 0.002990 9
1186 383 1222 418 0.002936 9
882 154 897 176 0.002927 9
894 151 910 176 0.002925 9
664 332 674 347 0.002830 9
854 632 881 690 0.002803 9
1055 376 1064 391 0.002773 9
312 145 354 197 0.002710 9
512 151 544 186 0.002665 9
596 151 608 169 0.002573 9
693 178 702 199 0.002515 9
856 283 863 295 0.002509 9
257 140 268 160 0.002481 9
158 64 177 90 0.002475 9
1088 144 1104 178 0.002390 9
1228 167 1247 182 0.002389 9
260 142 268 160 0.002359 9
903 634 912 675 0.002351 9
663 293 673 328 0.002350 9
448 154 490 171 0.002333 9
545 168 551 182 0.002307 9
313 153 353 198 0.002286 9
951 345 960 384 0.002260 9
1191 164 1202 186 0.002216 9
573 179 581 201 0.002199 9
479 148 538 218 0.002154 9
312 72 341 195 0.002152 9
479 335 496 357 0.002131 9
671 329 679 345 0.002108 9
1013 135 1026 170 0.002078 9
311 94 382 197 0.002066 9
1208 168 1216 201 0.002055 9
927 151 937 168 0.002043 9
1211 167 1225 205 0.002038 9
970 176 976 186 0.002029 9
1187 383 1223 416 0.001974 9
1006 136 1014 171 0.001969 9
815 148 823 160 0.001955 9
856 632 880 688 0.001954 9
831 138 858 166 0.001954 9
545 161 581 203 0.001948 9
663 310 681 349 0.001930 9
1224 164 1237 182 0.001925 9
1150 158 1168 184 0.001883 9
1088 149 1110 179 0.001857 9
546 167 575 201 0.001834 9
512 157 527 197 0.001822 9
111 151 128 164 0.001812 9
902 632 912 678 0.001771 9
159 64 171 75 0.001766 9
808 376 814 392 0.001725 9
665 170 671 185 0.001719 9
669 308 681 330 0.001685 9
256 177 262 191 0.001681 9
95 151 106 176 0.001678 9
1203 407 1215 416 0.001647 9
894 630 912 679 0.001635 9
1104 168 1120 193 0.001613 9
831 135 859 167 0.001606 9
1225 161 1248 181 0.001560 9
666 316 680 346 0.001555 9
569 161 582 200 0.001542 9
506 152 581 212 0.001540 9
813 151 859 181 0.001525 9
898 632 912 678 0.001508 9
312 103 368 197 0.001486 9
1189 161 1201 186 0.001478 9
1191 166 1201 185 0.001459 9
1180 163 1204 218 0.001423 9
1096 130 1105 175 0.001415 9
704 168 711 178 0.001409 9
662 293 683 350 0.001404 9
94 162 104 176 0.001384 9
373 169 385 200 0.001377 9
1009 679 1024 703 0.001365 9
894 631 909 677 0.001341 9
835 151 858 170 0.001339 9
799 576 808 615 0.001338 9
341 166 353 198 0.001337 9
68 169 80 177 0.001335 9
845 164 871 226 0.001333 9
589 166 606 185 0.001331 9
1208 167 1226 204 0.001320 9
855 632 880 682 0.001306 9
158 204 168 224 0.001303 9
1214 369 1223 386 0.001296 9
240 176 249 191 0.001294 9
1135 617 1144 648 0.001289 9
1007 137 1015 171 0.001281 9
120 64 183 91 0.001275 9
119 64 203 93 0.001270 9
1006 135 1021 171 0.001269 9
855 632 879 685 0.001264 9
163 64 198 80 0.001252 9
612 150 634 169 0.001242 9
1007 137 1014 171 0.001206 9
339 165 352 197 0.001190 9
864 304 870 311 0.001167 9
1182 382 1219 418 0.001161 9
855 633 879 667 0.001160 9
586 118 598 132 0.001158 9
1167 620 1184 647 0.001156 9
1101 138 1110 164 0.001156 9
662 328 676 351 0.001152 9
596 64 625 93 0.001140 9
810 159 858 181 0.001136 9
495 151 524 193 0.001133 9
502 313 511 335 0.001132 9
998 131 1009 178 0.001127 9
1091 150 1110 176 0.001101 9
993 354 1008 384 0.001084 9
690 169 702 183 0.001078 9
311 91 368 197 0.001070 9
1181 164 1202 217 0.001055 9
864 671 872 684 0.001029 9
855 633 872 660 0.001027 9
211 167 217 176 0.001008 9
307 81 341 196 0.001006 9
871 121 879 131 0.001004 9
588 170 606 186 0.001002 9
991 283 1000 298 0.000992 9
1002 134 1017 175 0.000982 9
483 173 496 190 0.000977 9
310 64 369 195 0.000976 9
801 142 811 156 0.000964 9
638 167 651 182 0.000962 9
498 171 513 187 0.000957 9
310 100 337 193 0.000951 9
1184 383 1219 415 0.000947 9
896 628 912 675 0.000936 9
1099 147 1112 174 0.000934 9
650 154 658 174 0.000933 9
1206 409 1216 423 0.000922 9
777 409 783 414 0.000919 9
810 160 857 180 0.000918 9
637 159 644 169 0.000912 9
809 166 823 179 0.000909 9
1005 679 1024 703 0.000906 9
624 264 640 283 0.000903 9
997 130 1008 175 0.000891 9
691 120 705 153 0.000885 9
1108 155 1117 168 0.000876 9
691 119 706 153 0.000870 9
1255 631 1264 643 0.000858 9
1108 164 1150 185 0.000855 9
831 151 842 163 0.000841 9
1196 385 1224 411 0.000838 9
903 535 913 548 0.000834 9
1187 386 1226 420 0.000827 9
1097 128 1104 142 0.000826 9
751 362 759 375 0.000818 9
703 152 711 175 0.000816 9
679 358 689 369 0.000815 9
1115 164 1149 185 0.000813 9
846 170 871 226 0.000811 9
585 119 599 166 0.000811 9
650 165 658 175 0.000810 9
1173 393 1183 407 0.000808 9
854 631 878 690 0.000808 9
542 160 581 181 0.000803 9
526 623 537 645 0.000801 9
579 301 593 316 0.000801 9
799 566 808 614 0.000795 9
311 66 363 195 0.000787 9
248 176 257 191 0.000783 9
684 166 703 200 0.000782 9
1207 160 1218 193 0.000782 9
446 157 491 212 0.000780 9
801 137 821 159 0.000780 9
447 156 492 202 0.000778 9
579 64 597 93 0.000778 9
827 135 921 169 0.000777 9
1152 360 1160 378 0.000771 9
860 112 870 136 0.000769 9
663 291 684 335 0.000764 9
1182 383 1261 427 0.000761 9
808 160 858 189 0.000756 9
330 160 353 199 0.000752 9
1161 377 1166 382 0.000751 9
699 123 717 169 0.000750 9
655 329 669 348 0.000744 9
1168 617 1184 647 0.000743 9
448 158 485 176 0.000742 9
501 150 524 183 0.000740 9
697 129 705 153 0.000739 9
339 164 353 197 0.000732 9
978 679 1007 703 0.000731 9
862 112 869 118 0.000728 9
316 64 368 191 0.000727 9
1120 64 1152 77 0.000726 9
670 344 681 371 0.000725 9
1119 173 1128 185 0.000718 9
742 363 752 375 0.000713 9
894 632 908 677 0.000713 9
1144 376 1151 386 0.000709 9
475 146 524 181 0.000692 9
1222 165 1242 186 0.000692 9
903 536 912 552 0.000689 9
173 64 210 91 0.000684 9
515 182 547 217 0.000684 9
831 136 890 169 0.000684 9
661 172 690 214 0.000676 9
566 142 581 162 0.000674 9
663 168 686 213 0.000673 9
1185 164 1216 199 0.000672 9
111 151 129 165 0.000668 9
248 177 257 191 0.000668 9
580 64 596 86 0.000663 9
683 296 703 343 0.000663 9
372 156 382 186 0.000662 9
586 118 598 138 0.000660 9
662 292 674 333 0.000660 9
566 143 580 172 0.000653 9
1198 134 1205 178 0.000649 9
241 161 250 179 0.000641 9
1190 386 1261 428 0.000638 9
655 327 675 349 0.000636 9
571 138 581 163 0.000636 9
748 359 759 375 0.000636 9
1182 376 1262 427 0.000632 9
685 295 704 347 0.000632 9
312 160 339 196 0.000630 9
594 150 607 168 0.000630 9
741 360 755 375 0.000621 9
1077 148 1103 185 0.000620 9
1255 633 1264 649 0.000618 9
1167 383 1182 415 0.000618 9
1157 355 1178 384 0.000609 9
583 178 623 207 0.000607 9
862 670 873 688 0.000601 9
827 135 925 172 0.000600 9
777 400 784 408 0.000596 9
600 344 609 360 0.000596 9
1101 166 1121 191 0.000593 9
847 153 871 200 0.000592 9
689 118 705 156 0.000588 9
313 87 334 159 0.000586 9
903 568 912 586 0.000586 9
1100 125 1138 169 0.000580 9
698 131 712 178 0.000578 9
1104 535 1119 580 0.000577 9
700 125 717 153 0.000575 9
309 89 335 172 0.000572 9
568 141 581 170 0.000571 9
840 119 852 135 0.000571 9
667 326 681 358 0.000570 9
1044 343 1054 359 0.000570 9
317 64 367 166 0.000562 9
594 153 605 170 0.000562 9
212 164 224 178 0.000560 9
1151 358 1160 376 0.000560 9
689 119 705 169 0.000556 9
119 64 170 93 0.000554 9
1082 174 1089 184 0.000554 9
830 135 860 165 0.000547 9
1219 393 1233 425 0.000545 9
853 136 938 173 0.000544 9
1186 380 1262 428 0.000543 9
894 629 906 672 0.000540 9
1185 378 1224 415 0.000539 9
1100 136 1111 166 0.000534 9
1183 159 1202 188 0.000533 9
310 127 383 197 0.000533 9
836 166 859 191 0.000532 9
1087 158 1102 210 0.000532 9
990 357 1004 384 0.000530 9
983 558 999 584 0.000530 9
1189 383 1233 424 0.000528 9
705 125 721 154 0.000527 9
871 690 881 703 0.000525 9
801 135 831 157 0.000525 9
512 149 545 185 0.000524 9
996 127 1008 173 0.000519 9
1198 404 1214 423 0.000518 9
855 631 881 665 0.000515 9
1182 388 1210 411 0.000515 9
352 160 370 193 0.000512 9
576 287 595 331 0.000512 9
172 64 213 91 0.000510 9
575 273 607 335 0.000509 9
1153 162 1194 185 0.000501 9
1048 158 1056 168 0.000501 9
670 348 690 375 0.000501 9
636 151 671 174 0.000500 9
997 131 1008 174 0.000496 9
1053 110 1084 146 0.000496 9
985 564 999 584 0.000494 9
1102 130 1138 167 0.000492 9
265 215 275 231 0.000488 9
854 634 875 691 0.000487 9
1140 342 1193 386 0.000485 9
855 633 865 659 0.000480 9
223 167 231 176 0.000480 9
685 295 702 335 0.000476 9
871 689 880 702 0.000476 9
695 121 714 178 0.000476 9
853 116 866 136 0.000476 9
415 174 421 203 0.000476 9
702 123 721 172 0.000472 9
586 122 599 167 0.000471 9
663 290 685 325 0.000471 9
629 170 639 186 0.000467 9
1079 152 1102 184 0.000460 9
415 175 422 203 0.000460 9
68 170 80 199 0.000458 9
861 114 871 136 0.000458 9
259 165 271 179 0.000457 9
1097 165 1121 211 0.000455 9
1019 158 1031 168 0.000447 9
649 149 671 174 0.000445 9
765 69 784 104 0.000445 9
853 116 868 136 0.000443 9
255 115 263 127 0.000436 9
1225 164 1263 181 0.000434 9
795 133 824 157 0.000431 9
304 85 340 198 0.000427 9
1086 132 1105 178 0.000425 9
680 148 690 162 0.000425 9
594 64 626 106 0.000424 9
992 668 1000 681 0.000419 9
160 64 177 93 0.000419 9
446 154 523 171 0.000418 9
851 136 938 156 0.000418 9
701 118 717 128 0.000416 9
384 149 396 161 0.000414 9
656 321 690 378 0.000414 9
170 145 179 165 0.000412 9
834 135 936 172 0.000412 9
993 130 1005 172 0.000410 9
1105 143 1122 168 0.000410 9
983 560 998 584 0.000410 9
308 105 337 193 0.000410 9
994 135 1002 169 0.000408 9
669 284 689 343 0.000406 9
654 327 677 358 0.000406 9
696 116 721 157 0.000406 9
686 294 704 342 0.000404 9
847 119 855 135 0.000404 9
594 64 630 94 0.000404 9
312 136 356 197 0.000403 9
1103 164 1149 185 0.000403 9
666 273 688 337 0.000402 9
1074 137 1103 183 0.000402 9
990 280 1003 312 0.000402 9
1207 166 1230 225 0.000393 9
810 157 855 179 0.000393 9
1135 616 1147 647 0.000391 9
575 277 596 323 0.000391 9
702 173 711 184 0.000389 9
1097 117 1138 169 0.000389 9
836 120 849 135 0.000389 9
689 118 708 152 0.000388 9
302 72 342 197 0.000386 9
843 149 876 171 0.000386 9
677 167 689 212 0.000382 9
222 176 248 191 0.000382 9
701 118 720 129 0.000380 9
1202 165 1227 208 0.000380 9
905 124 912 136 0.000377 9
1117 161 1169 185 0.000376 9
675 323 689 352 0.000376 9
1199 135 1205 162 0.000374 9
68 169 80 190 0.000369 9
1151 162 1197 184 0.000368 9
481 145 581 212 0.000367 9
761 68 785 147 0.000366 9
171 64 256 91 0.000364 9
670 273 688 284 0.000363 9
1106 535 1119 581 0.000363 9
803 145 819 160 0.000362 9
1208 161 1249 183 0.000362 9
408 180 418 203 0.000361 9
680 137 690 157 0.000358 9
688 119 707 174 0.000352 9
471 144 524 174 0.000351 9
441 144 534 184 0.000350 9
69 174 79 199 0.000350 9
983 666 993 695 0.000349 9
208 66 249 87 0.000348 9
984 562 996 586 0.000347 9
1209 158 1227 184 0.000345 9
248 164 257 175 0.000343 9
512 145 525 181 0.000343 9
1190 145 1212 193 0.000343 9
666 272 688 283 0.000342 9
860 136 939 173 0.000338 9
0 142 9 204 0.000337 9
810 157 858 181 0.000337 9
668 273 688 331 0.000336 9
898 632 912 686 0.000334 9
1011 135 1025 174 0.000332 9
576 287 594 327 0.000331 9
766 73 784 140 0.000329 9
1150 148 1198 185 0.000327 9
904 65 929 120 0.000327 9
903 566 912 585 0.000327 9
846 136 937 153 0.000322 9
256 128 268 160 0.000322 9
799 540 808 615 0.000320 9
764 68 785 117 0.000319 9
606 151 643 184 0.000319 9
1045 150 1056 165 0.000318 9
352 164 371 193 0.000317 9
216 181 234 216 0.000316 9
697 153 708 173 0.000316 9
638 168 657 201 0.000315 9
359 155 382 190 0.000315 9
1121 375 1136 387 0.000314 9
1203 388 1260 427 0.000313 9
876 689 889 703 0.000313 9
448 157 498 170 0.000313 9
1114 141 1137 159 0.000312 9
869 121 880 136 0.000312 9
1263 365 1279 422 0.000311 9
1050 120 1056 133 0.000309 9
991 281 1005 314 0.000308 9
383 149 400 161 0.000307 9
1024 150 1039 159 0.000305 9
1100 122 1138 167 0.000304 9
265 216 277 231 0.000304 9
663 272 688 329 0.000303 9
975 173 986 185 0.000302 9
310 93 332 170 0.000302 9
668 293 698 351 0.000302 9
761 68 785 141 0.000301 9
170 145 179 155 0.000300 9
574 133 581 158 0.000300 9
665 312 688 348 0.000300 9
807 591 814 603 0.000298 9
584 155 608 186 0.000297 9
160 64 255 93 0.000296 9
1126 161 1136 169 0.000295 9
1026 136 1040 158 0.000295 9
448 153 491 171 0.000295 9
679 149 690 182 0.000295 9
311 89 360 167 0.000288 9
434 171 446 183 0.000288 9
256 85 262 97 0.000287 9
952 648 960 662 0.000287 9
350 170 365 199 0.000286 9
1041 157 1053 168 0.000286 9
977 314 992 332 0.000285 9
292 176 308 198 0.000285 9
1016 128 1041 162 0.000284 9
95 182 102 201 0.000284 9
595 141 613 168 0.000284 9
313 64 338 166 0.000282 9
585 122 599 166 0.000282 9
549 141 580 161 0.000281 9
214 162 226 177 0.000280 9
755 68 785 149 0.000279 9
95 151 110 177 0.000278 9
824 678 831 688 0.000275 9
259 170 271 196 0.000275 9
1108 139 1137 166 0.000275 9
575 273 608 346 0.000274 9
667 166 687 196 0.000267 9
596 293 608 329 0.000267 9
890 118 908 139 0.000267 9
655 292 673 317 0.000267 9
636 167 656 196 0.000266 9
839 118 861 136 0.000266 9
814 137 834 158 0.000265 9
689 118 705 151 0.000265 9
891 143 938 182 0.000265 9
804 159 858 212 0.000264 9
1151 147 1172 184 0.000264 9
1135 617 1152 649 0.000262 9
1066 119 1113 183 0.000262 9
912 169 921 178 0.000262 9
0 145 8 203 0.000259 9
1055 151 1064 164 0.000257 9
700 117 721 154 0.000257 9
1144 163 1173 219 0.000257 9
95 165 110 177 0.000257 9
512 151 547 183 0.000257 9
661 297 695 350 0.000256 9
543 160 577 173 0.000256 9
868 629 911 680 0.000256 9
67 169 81 178 0.000254 9
998 124 1007 171 0.000254 9
433 171 446 188 0.000254 9
111 138 128 165 0.000254 9
309 105 326 161 0.000253 9
1019 683 1041 703 0.000252 9
1188 141 1206 188 0.000252 9
1019 146 1040 164 0.000251 9
808 168 816 190 0.000250 9
1017 124 1041 163 0.000250 9
1180 164 1223 209 0.000249 9
160 374 176 392 0.000248 9
254 96 267 128 0.000247 9
593 64 641 107 0.000246 9
1101 143 1140 180 0.000243 9
208 66 254 87 0.000242 9
877 686 889 703 0.000240 9
316 108 368 196 0.000238 9
1021 120 1041 162 0.000237 9
309 105 327 163 0.000236 9
880 120 900 138 0.000234 9
310 108 326 160 0.000233 9
464 182 477 198 0.000233 9
1142 162 1188 222 0.000233 9
762 67 785 137 0.000232 9
684 298 702 342 0.000232 9
799 578 807 616 0.000232 9
1055 585 1071 641 0.000231 9
240 185 255 215 0.000231 9
895 566 903 585 0.000231 9
1211 152 1224 163 0.000228 9
310 99 333 180 0.000227 9
991 665 1000 679 0.000227 9
119 64 163 93 0.000227 9
854 631 902 686 0.000227 9
651 168 666 203 0.000226 9
575 284 596 347 0.000226 9
348 146 378 190 0.000225 9
209 182 228 203 0.000224 9
1199 166 1217 201 0.000223 9
223 177 247 192 0.000223 9
111 203 121 221 0.000222 9
416 172 427 204 0.000220 9
855 631 903 681 0.000218 9
694 533 705 567 0.000218 9
977 170 991 185 0.000218 9
1070 140 1100 214 0.000217 9
1153 345 1185 391 0.000217 9
763 67 784 121 0.000217 9
259 178 271 199 0.000217 9
221 177 235 192 0.000216 9
1104 358 1120 389 0.000215 9
623 255 640 284 0.000215 9
1176 382 1216 421 0.000215 9
582 127 602 173 0.000214 9
829 135 925 163 0.000214 9
855 631 882 667 0.000213 9
998 139 1009 215 0.000213 9
766 99 784 148 0.000211 9
1119 376 1133 385 0.000210 9
1055 586 1073 661 0.000209 9
256 163 268 182 0.000208 9
416 171 438 203 0.000208 9
993 132 1014 174 0.000207 9
1055 586 1071 657 0.000205 9
1056 590 1066 638 0.000205 9
1071 139 1101 210 0.000204 9
111 136 128 164 0.000204 9
256 160 267 177 0.000203 9
656 291 673 318 0.000202 9
1248 70 1271 95 0.000202 9
624 64 637 73 0.000202 9
1087 358 1104 381 0.000202 9
247 161 257 175 0.000202 9
661 273 702 347 0.000198 9
665 272 704 346 0.000198 9
895 118 906 136 0.000198 9
657 346 690 380 0.000198 9
784 112 834 152 0.000197 9
966 639 976 674 0.000197 9
983 661 995 682 0.000195 9
316 64 347 170 0.000195 9
1055 585 1073 669 0.000194 9
404 181 417 204 0.000194 9
1087 150 1108 217 0.000193 9
643 286 676 348 0.000192 9
670 153 677 168 0.000192 9
0 142 8 199 0.000189 9
1023 684 1040 703 0.000188 9
811 150 857 166 0.000188 9
1053 122 1105 204 0.000188 9
1203 148 1225 191 0.000187 9
683 118 710 177 0.000187 9
989 279 1001 295 0.000187 9
679 121 690 160 0.000186 9
807 593 814 607 0.000186 9
575 64 597 98 0.000186 9
408 176 418 201 0.000184 9
808 152 855 186 0.000184 9
1140 353 1180 398 0.000183 9
1263 404 1278 423 0.000183 9
470 166 509 207 0.000183 9
172 64 204 97 0.000183 9
1054 153 1063 167 0.000180 9
1215 584 1224 629 0.000180 9
1073 150 1080 162 0.000179 9
1044 109 1117 203 0.000179 9
1151 161 1202 186 0.000178 9
1085 136 1134 177 0.000177 9
800 631 807 641 0.000176 9
991 126 1010 221 0.000175 9
638 132 672 175 0.000175 9
323 92 340 144 0.000175 9
445 156 496 219 0.000175 9
1103 163 1173 186 0.000175 9
1056 586 1073 633 0.000173 9
556 143 571 162 0.000173 9
1197 358 1208 376 0.000173 9
595 139 630 171 0.000171 9
1194 358 1209 379 0.000171 9
308 83 334 159 0.000170 9
765 134 808 153 0.000168 9
1055 584 1073 684 0.000168 9
703 79 721 94 0.000168 9
1142 344 1184 360 0.000168 9
208 67 226 87 0.000167 9
902 566 912 599 0.000167 9
660 276 701 365 0.000165 9
984 139 994 157 0.000165 9
994 130 1007 170 0.000165 9
416 171 436 203 0.000165 9
806 578 814 601 0.000165 9
171 64 202 96 0.000164 9
1095 353 1120 393 0.000164 9
919 562 929 577 0.000163 9
1057 586 1073 628 0.000163 9
578 64 598 105 0.000163 9
1090 159 1182 187 0.000162 9
433 170 447 181 0.000161 9
1090 148 1122 179 0.000161 9
703 79 721 97 0.000160 9
400 184 408 201 0.000160 9
983 555 1001 584 0.000160 9
950 647 961 673 0.000160 9
895 560 903 585 0.000160 9
575 273 603 328 0.000159 9
624 109 639 135 0.000158 9
433 170 446 182 0.000158 9
1098 358 1118 393 0.000157 9
983 633 999 658 0.000156 9
578 64 599 108 0.000156 9
214 173 232 199 0.000156 9
314 64 339 152 0.000156 9
625 115 640 136 0.000156 9
1055 135 1104 192 0.000155 9
845 165 921 230 0.000155 9
879 630 908 681 0.000154 9
966 639 977 677 0.000154 9
872 119 896 137 0.000154 9
1142 343 1200 384 0.000154 9
893 631 912 689 0.000153 9
782 113 833 141 0.000153 9
1109 360 1118 369 0.000153 9
767 581 778 616 0.000152 9
990 282 1008 319 0.000151 9
1098 106 1131 168 0.000151 9
670 273 711 347 0.000151 9
980 632 1004 676 0.000151 9
756 135 843 154 0.000150 9
575 64 596 92 0.000150 9
1107 159 1159 185 0.000149 9
1151 102 1170 134 0.000148 9
664 122 671 142 0.000148 9
1232 606 1241 620 0.000148 9
1215 585 1224 636 0.000148 9
849 277 865 312 0.000146 9
854 631 881 695 0.000146 9
1085 123 1104 165 0.000146 9
1246 64 1280 95 0.000145 9
1150 101 1169 133 0.000144 9
975 313 991 335 0.000144 9
1152 104 1169 134 0.000143 9
1252 626 1275 685 0.000143 9
906 104 928 120 0.000143 9
1079 123 1140 192 0.000142 9
875 627 910 680 0.000142 9
623 102 641 138 0.000142 9
576 75 584 104 0.000142 9
598 527 614 569 0.000140 9
668 150 682 168 0.000140 9
1073 133 1100 168 0.000140 9
572 121 582 163 0.000140 9
1123 348 1192 392 0.000140 9
1103 358 1121 392 0.000140 9
855 630 898 690 0.000139 9
1002 682 1042 703 0.000139 9
764 134 805 153 0.000139 9
1039 130 1064 163 0.000139 9
662 273 688 318 0.000139 9
969 177 984 203 0.000137 9
691 181 725 216 0.000137 9
801 142 814 159 0.000137 9
1055 585 1071 637 0.000136 9
1171 148 1185 164 0.000135 9
1119 356 1136 386 0.000135 9
1098 118 1127 164 0.000135 9
699 81 721 129 0.000135 9
763 135 829 154 0.000134 9
1077 582 1088 623 0.000134 9
981 631 1004 661 0.000134 9
444 157 488 214 0.000133 9
548 140 578 160 0.000133 9
615 283 665 314 0.000131 9
303 173 329 198 0.000131 9
697 121 721 184 0.000131 9
686 153 705 183 0.000130 9
1031 137 1060 168 0.000130 9
831 631 851 693 0.000130 9
374 150 383 168 0.000129 9
687 152 713 202 0.000129 9
853 651 875 697 0.000129 9
1140 164 1156 215 0.000129 9
872 135 939 177 0.000129 9
634 144 658 171 0.000128 9
870 118 891 136 0.000128 9
767 553 777 569 0.000128 9
871 570 879 588 0.000128 9
477 164 529 207 0.000127 9
1151 125 1160 133 0.000127 9
863 658 881 694 0.000126 9
912 271 929 331 0.000126 9
1167 596 1184 647 0.000126 9
895 554 904 586 0.000126 9
594 64 627 91 0.000126 9
592 274 608 329 0.000125 9
351 154 371 194 0.000125 9
760 76 785 143 0.000125 9
1022 119 1041 160 0.000125 9
1162 151 1200 186 0.000124 9
445 174 488 213 0.000124 9
1151 149 1166 182 0.000123 9
637 138 659 169 0.000123 9
767 583 778 615 0.000123 9
680 170 704 215 0.000123 9
805 134 865 161 0.000122 9
694 533 706 564 0.000121 9
578 278 591 291 0.000121 9
679 119 690 159 0.000121 9
705 163 717 178 0.000120 9
1074 153 1103 213 0.000120 9
831 262 895 336 0.000120 9
309 72 418 199 0.000119 9
1150 137 1197 185 0.000119 9
990 280 1008 313 0.000118 9
831 118 844 134 0.000118 9
784 113 833 137 0.000118 9
112 201 120 216 0.000118 9
209 167 224 203 0.000117 9
100 177 109 201 0.000117 9
1006 653 1024 695 0.000117 9
622 105 640 121 0.000117 9
231 162 245 178 0.000116 9
827 135 926 156 0.000116 9
382 117 572 202 0.000115 9
1167 544 1184 648 0.000115 9
416 170 432 204 0.000115 9
1263 77 1279 95 0.000115 9
360 149 370 166 0.000115 9
974 188 981 201 0.000114 9
860 136 937 153 0.000114 9
373 162 408 186 0.000113 9
718 64 755 124 0.000113 9
1055 585 1069 633 0.000113 9
841 136 945 152 0.000113 9
575 72 583 97 0.000113 9
903 535 920 554 0.000111 9
665 140 672 164 0.000111 9
1168 612 1184 647 0.000111 9
257 143 274 179 0.000111 9
676 115 718 227 0.000111 9
1049 130 1111 247 0.000111 9
1040 111 1080 164 0.000110 9
159 375 176 394 0.000110 9
895 622 905 635 0.000110 9
95 199 102 208 0.000110 9
766 134 788 153 0.000110 9
966 642 977 679 0.000109 9
1239 567 1247 585 0.000109 9
597 526 616 568 0.000109 9
978 631 1006 675 0.000109 9
74 150 107 176 0.000109 9
318 64 353 142 0.000108 9
1142 128 1197 185 0.000108 9
367 164 407 197 0.000106 9
673 569 680 580 0.000106 9
1072 146 1093 183 0.000106 9
1104 106 1112 120 0.000106 9
970 119 985 132 0.000105 9
934 582 944 599 0.000105 9
1076 583 1088 628 0.000104 9
1076 572 1088 626 0.000104 9
1016 151 1058 169 0.000104 9
963 627 1006 678 0.000104 9
67 169 80 199 0.000103 9
313 112 371 200 0.000103 9
1254 629 1274 652 0.000103 9
0 142 23 204 0.000103 9
521 143 544 179 0.000102 9
898 136 937 153 0.000102 9
851 278 867 313 0.000102 9
881 574 888 588 0.000102 9
864 571 873 586 0.000102 9
961 627 1007 684 0.000101 9
1077 134 1097 160 0.000101 9
938 132 959 151 0.000100 9
1053 110 1083 146 0.027972 11
1181 192 1198 216 0.005037 11
1181 189 1200 216 0.003159 11
1181 174 1202 216 0.002385 11
1181 184 1201 216 0.002345 11
1183 192 1200 217 0.000881 11
1050 120 1057 136 0.000313 11
