742 199 785 299 0.825931 0
522 185 551 263 0.802849 0
966 189 996 256 0.699164 0
789 194 825 273 0.674051 0
791 193 825 272 0.621913 0
967 188 997 260 0.614925 0
524 185 550 262 0.609335 0
966 188 996 250 0.601690 0
1045 188 1073 256 0.560478 0
1045 189 1066 254 0.301826 0
785 195 825 277 0.261996 0
1046 191 1069 254 0.238641 0
966 190 994 245 0.153194 0
1210 192 1229 220 0.138577 0
1211 192 1228 218 0.130486 0
744 199 785 290 0.125174 0
792 192 823 270 0.121047 0
1209 191 1230 264 0.107034 0
785 196 821 276 0.103636 0
228 201 244 246 0.101115 0
228 201 243 247 0.085939 0
1210 192 1229 224 0.083491 0
1209 192 1229 231 0.082086 0
1211 192 1230 225 0.078565 0
1210 191 1231 266 0.074305 0
510 189 529 249 0.058661 0
782 197 800 259 0.057531 0
511 188 531 245 0.054429 0
510 189 535 250 0.052621 0
783 196 801 263 0.050184 0
228 200 244 243 0.048234 0
510 186 543 258 0.046435 0
784 197 801 259 0.046389 0
1071 483 1080 500 0.045449 0
968 194 1001 268 0.045374 0
1046 197 1075 259 0.044967 0
926 203 945 252 0.043123 0
966 190 1007 260 0.043098 0
1208 192 1230 266 0.041218 0
789 328 810 344 0.040580 0
1015 204 1025 223 0.039665 0
1207 193 1228 224 0.038186 0
525 188 547 261 0.034462 0
780 197 797 259 0.034077 0
511 187 529 241 0.033976 0
784 198 800 266 0.032736 0
1206 192 1229 258 0.032255 0
613 152 625 168 0.032089 0
750 200 785 269 0.031815 0
786 197 803 271 0.031122 0
1046 190 1065 230 0.030088 0
756 190 770 216 0.030079 0
863 437 876 455 0.029703 0
756 190 771 209 0.029153 0
783 199 799 252 0.028940 0
716 212 727 235 0.028751 0
757 190 770 205 0.028599 0
1208 191 1229 220 0.028220 0
610 151 628 191 0.027326 0
228 200 244 240 0.027214 0
1207 195 1223 221 0.026794 0
606 150 630 192 0.026738 0
510 191 525 212 0.025534 0
604 151 632 192 0.024819 0
632 202 643 215 0.024808 0
717 211 727 234 0.024688 0
750 200 785 283 0.024281 0
1071 481 1081 501 0.024092 0
741 212 753 251 0.023687 0
925 203 947 253 0.023652 0
1012 205 1025 224 0.022612 0
607 148 634 193 0.022451 0
770 200 790 261 0.021958 0
1047 190 1065 223 0.021858 0
862 423 884 455 0.021742 0
751 191 770 228 0.021387 0
1112 194 1119 202 0.020959 0
741 196 771 253 0.020804 0
1211 193 1232 267 0.020514 0
862 432 879 455 0.019571 0
862 425 883 456 0.019342 0
925 202 945 248 0.018418 0
968 198 983 220 0.018288 0
743 191 771 247 0.018206 0
934 204 944 215 0.018050 0
864 440 875 455 0.017646 0
1071 487 1081 503 0.017569 0
751 191 758 207 0.017518 0
742 200 761 248 0.017476 0
511 185 551 263 0.017472 0
741 213 753 254 0.017378 0
1198 198 1211 221 0.017333 0
847 200 856 225 0.016301 0
510 189 528 238 0.016234 0
510 191 521 212 0.016084 0
691 207 705 238 0.015568 0
1070 480 1080 501 0.014947 0
1196 198 1209 222 0.014945 0
1190 191 1232 267 0.014749 0
212 186 225 229 0.014709 0
769 199 785 252 0.014674 0
228 200 245 245 0.014568 0
784 198 795 235 0.013997 0
991 455 998 463 0.013650 0
1049 189 1065 221 0.013649 0
1204 198 1212 227 0.013263 0
691 207 704 239 0.013225 0
1146 309 1168 344 0.012932 0
611 150 633 191 0.012382 0
228 200 247 247 0.012359 0
789 329 816 344 0.012309 0
768 200 785 257 0.012184 0
604 149 635 192 0.012073 0
1183 186 1226 265 0.012011 0
1271 199 1279 235 0.011945 0
225 200 242 248 0.011937 0
845 201 856 241 0.011929 0
1271 199 1279 235 0.011889 0
513 191 527 213 0.011866 0
1206 195 1214 226 0.011782 0
769 200 785 246 0.011675 0
692 206 706 237 0.011651 0
846 201 855 240 0.011589 0
863 435 880 456 0.011376 0
750 192 759 217 0.011003 0
1270 198 1279 236 0.010957 0
605 151 626 184 0.010832 0
785 198 801 239 0.010799 0
1152 309 1168 343 0.010720 0
1183 214 1206 257 0.010507 0
705 205 728 235 0.010494 0
1119 312 1129 329 0.010336 0
728 208 754 257 0.010262 0
707 210 728 235 0.009904 0
690 207 704 238 0.009891 0
789 326 810 344 0.009721 0
1199 196 1214 223 0.009610 0
832 470 840 483 0.009579 0
1192 197 1210 228 0.009485 0
1188 203 1207 243 0.009358 0
1103 312 1113 327 0.009339 0
1186 214 1206 250 0.009337 0
740 208 755 257 0.009239 0
861 424 887 456 0.009199 0
1187 202 1209 248 0.009164 0
793 194 818 264 0.009090 0
793 198 804 230 0.008858 0
847 201 856 233 0.008852 0
604 151 626 187 0.008765 0
1272 199 1279 236 0.008548 0
1112 193 1120 206 0.008436 0
706 211 727 235 0.008414 0
510 183 529 214 0.008303 0
1211 199 1227 266 0.008125 0
1047 189 1066 248 0.007876 0
780 195 827 279 0.007813 0
863 441 879 456 0.007790 0
607 151 625 179 0.007610 0
742 191 759 225 0.007581 0
1007 473 1016 492 0.007527 0
847 200 865 241 0.007522 0
754 190 773 212 0.007431 0
845 211 855 242 0.007393 0
623 149 632 168 0.007383 0
858 422 884 456 0.007357 0
632 201 649 215 0.007301 0
750 206 782 261 0.007062 0
1182 194 1230 266 0.006910 0
983 450 993 463 0.006750 0
1184 209 1212 252 0.006428 0
852 425 885 479 0.006413 0
1119 311 1130 334 0.006365 0
804 184 816 206 0.006307 0
632 201 650 216 0.006296 0
1181 215 1205 262 0.006260 0
960 439 968 454 0.006109 0
1119 311 1131 342 0.005941 0
1087 187 1095 209 0.005929 0
930 201 946 214 0.005804 0
896 200 904 226 0.005683 0
1147 320 1169 347 0.005577 0
1039 198 1052 226 0.005574 0
1048 189 1074 228 0.005517 0
1043 191 1074 255 0.005466 0
1011 203 1030 225 0.005389 0
926 448 935 456 0.005369 0
226 201 243 247 0.005335 0
736 325 744 339 0.005334 0
638 160 645 184 0.005233 0
804 184 816 209 0.005180 0
959 439 968 457 0.005125 0
862 433 882 478 0.005110 0
1039 201 1051 225 0.005084 0
727 325 737 345 0.005063 0
1178 210 1206 253 0.005034 0
1009 205 1025 231 0.004996 0
774 313 785 342 0.004983 0
983 446 993 456 0.004977 0
753 189 783 220 0.004974 0
765 201 784 251 0.004905 0
227 201 243 258 0.004894 0
1038 203 1050 230 0.004841 0
800 328 816 344 0.004838 0
1177 496 1184 509 0.004833 0
1211 198 1234 267 0.004783 0
604 153 627 188 0.004708 0
1191 203 1208 224 0.004652 0
784 196 803 267 0.004610 0
739 218 778 294 0.004444 0
773 312 784 339 0.004421 0
741 193 759 231 0.004374 0
1031 491 1039 503 0.004369 0
1183 219 1204 255 0.004331 0
1191 496 1200 504 0.004324 0
975 188 993 220 0.004323 0
924 201 962 254 0.004274 0
521 182 534 201 0.004267 0
1272 200 1279 244 0.004233 0
637 160 646 184 0.004180 0
845 425 885 481 0.004148 0
1144 308 1168 346 0.004120 0
710 317 720 344 0.004111 0
722 323 738 361 0.004075 0
227 201 243 240 0.004041 0
710 318 720 344 0.004018 0
1176 497 1184 511 0.003995 0
866 432 887 456 0.003932 0
975 183 991 204 0.003929 0
215 186 224 224 0.003907 0
785 197 801 265 0.003876 0
976 182 991 205 0.003867 0
1174 209 1185 245 0.003859 0
787 320 811 344 0.003854 0
847 424 884 466 0.003786 0
633 199 653 216 0.003778 0
786 316 810 344 0.003758 0
1176 344 1188 359 0.003702 0
1207 504 1217 513 0.003696 0
726 325 736 348 0.003658 0
784 315 810 344 0.003646 0
1072 462 1079 470 0.003600 0
846 212 867 242 0.003523 0
750 454 767 472 0.003481 0
912 455 928 484 0.003444 0
1044 482 1056 493 0.003431 0
1008 471 1016 487 0.003368 0
989 448 999 463 0.003364 0
423 491 481 519 0.003362 0
1244 199 1256 232 0.003331 0
861 432 881 478 0.003308 0
866 208 873 231 0.003252 0
893 200 904 234 0.003239 0
632 160 644 186 0.003218 0
1247 199 1256 232 0.003181 0
847 203 866 241 0.003173 0
776 317 810 344 0.003171 0
880 199 903 241 0.003163 0
750 454 768 472 0.003140 0
853 463 866 476 0.003071 0
1199 502 1209 512 0.003053 0
212 187 225 238 0.003037 0
1182 206 1227 266 0.003035 0
720 322 737 368 0.003012 0
1087 181 1102 209 0.003008 0
1179 344 1194 357 0.002991 0
229 199 245 239 0.002959 0
788 329 814 380 0.002941 0
774 318 785 343 0.002935 0
710 318 721 348 0.002929 0
862 431 888 460 0.002900 0
1136 447 1143 456 0.002864 0
704 317 722 377 0.002807 0
1246 199 1256 233 0.002786 0
879 206 892 236 0.002760 0
917 474 928 486 0.002760 0
883 203 894 236 0.002748 0
1231 459 1249 510 0.002734 0
1152 439 1159 448 0.002734 0
1007 476 1016 494 0.002706 0
637 160 650 185 0.002694 0
920 220 930 246 0.002667 0
814 329 845 344 0.002665 0
738 201 744 213 0.002656 0
1087 184 1104 211 0.002650 0
831 464 840 478 0.002626 0
751 463 766 472 0.002602 0
1176 344 1186 360 0.002600 0
972 188 990 218 0.002593 0
774 313 785 339 0.002561 0
733 325 744 348 0.002542 0
1015 457 1025 466 0.002521 0
1236 197 1256 233 0.002509 0
704 323 718 376 0.002498 0
721 317 738 341 0.002472 0
812 327 844 344 0.002463 0
442 492 463 507 0.002461 0
719 322 739 379 0.002428 0
794 200 826 272 0.002425 0
442 492 470 508 0.002424 0
833 468 847 479 0.002412 0
1090 183 1104 205 0.002411 0
782 326 811 344 0.002363 0
921 216 932 245 0.002356 0
1102 312 1115 344 0.002344 0
1267 198 1279 239 0.002340 0
751 460 768 472 0.002326 0
440 492 463 508 0.002285 0
1231 457 1257 510 0.002284 0
865 208 874 236 0.002272 0
719 325 728 342 0.002261 0
891 201 904 242 0.002257 0
717 321 737 377 0.002236 0
228 197 244 245 0.002228 0
641 689 672 703 0.002225 0
718 192 729 219 0.002207 0
704 321 720 377 0.002202 0
1129 503 1136 509 0.002197 0
770 312 806 343 0.002169 0
769 195 827 276 0.002167 0
1066 482 1081 505 0.002165 0
999 384 1023 400 0.002160 0
536 190 550 217 0.002155 0
718 318 733 341 0.002149 0
698 329 703 337 0.002149 0
765 314 778 343 0.002146 0
1196 196 1229 248 0.002145 0
754 185 772 205 0.002128 0
788 328 815 384 0.002126 0
921 202 963 254 0.002122 0
836 201 856 241 0.002092 0
621 150 638 188 0.002090 0
802 184 815 207 0.002078 0
705 318 722 374 0.002076 0
912 472 928 485 0.002068 0
724 320 744 340 0.002067 0
443 491 476 510 0.002028 0
865 427 889 480 0.002026 0
1096 176 1104 206 0.002017 0
847 184 868 242 0.002014 0
771 313 787 342 0.002001 0
1135 445 1144 468 0.001983 0
718 323 732 368 0.001982 0
797 185 816 219 0.001980 0
1077 333 1092 359 0.001980 0
1247 201 1259 234 0.001976 0
1040 455 1048 464 0.001975 0
558 178 579 216 0.001973 0
671 460 684 488 0.001972 0
794 197 806 226 0.001964 0
631 164 639 190 0.001963 0
241 197 251 217 0.001948 0
922 199 953 233 0.001930 0
926 438 937 456 0.001923 0
1144 318 1164 342 0.001922 0
1144 316 1169 346 0.001905 0
247 196 255 214 0.001900 0
915 199 947 247 0.001891 0
1015 442 1025 460 0.001882 0
1157 496 1184 510 0.001865 0
1118 312 1135 344 0.001865 0
793 193 804 217 0.001854 0
718 325 735 362 0.001853 0
837 466 848 477 0.001847 0
833 207 855 241 0.001841 0
319 203 331 230 0.001834 0
959 455 969 464 0.001811 0
982 446 992 461 0.001804 0
635 202 653 216 0.001803 0
934 437 944 450 0.001799 0
693 177 703 199 0.001766 0
704 320 723 376 0.001763 0
200 208 208 225 0.001762 0
913 448 930 456 0.001758 0
670 207 678 229 0.001755 0
855 423 901 484 0.001749 0
1118 312 1134 335 0.001745 0
1182 344 1194 380 0.001737 0
459 492 481 509 0.001734 0
847 420 887 463 0.001719 0
1203 496 1216 505 0.001712 0
690 213 703 238 0.001709 0
1145 327 1155 343 0.001709 0
671 460 689 488 0.001703 0
1145 309 1176 341 0.001698 0
915 202 940 249 0.001695 0
813 209 822 229 0.001694 0
876 201 901 241 0.001692 0
773 311 803 340 0.001686 0
967 189 989 220 0.001673 0
783 422 810 450 0.001664 0
1177 343 1195 360 0.001659 0
703 324 721 375 0.001652 0
1198 496 1212 507 0.001630 0
704 319 725 376 0.001628 0
1112 326 1142 344 0.001622 0
223 201 243 258 0.001616 0
969 190 995 233 0.001609 0
764 313 776 339 0.001587 0
632 201 646 221 0.001585 0
1176 209 1185 222 0.001582 0
665 315 688 391 0.001580 0
1023 456 1031 464 0.001577 0
1176 212 1183 222 0.001571 0
199 211 208 226 0.001559 0
783 419 812 450 0.001552 0
515 190 531 246 0.001547 0
719 324 744 360 0.001547 0
737 201 745 217 0.001537 0
876 201 903 243 0.001536 0
959 439 976 457 0.001535 0
631 175 638 191 0.001530 0
221 203 242 263 0.001517 0
789 329 811 354 0.001508 0
477 196 486 216 0.001503 0
960 440 976 461 0.001503 0
752 184 770 204 0.001496 0
1270 197 1279 265 0.001494 0
1047 189 1074 253 0.001483 0
1248 345 1258 355 0.001473 0
882 202 902 243 0.001466 0
1182 164 1202 202 0.001461 0
862 466 873 478 0.001447 0
1009 431 1015 439 0.001443 0
895 472 913 487 0.001436 0
1098 329 1104 344 0.001423 0
664 308 683 350 0.001402 0
478 199 485 217 0.001384 0
1142 311 1169 356 0.001377 0
1110 321 1137 344 0.001376 0
1143 504 1151 510 0.001370 0
1030 453 1040 465 0.001369 0
835 220 854 241 0.001368 0
885 472 897 486 0.001366 0
1179 343 1198 358 0.001349 0
1033 464 1040 470 0.001337 0
935 430 944 445 0.001337 0
1086 189 1102 227 0.001335 0
799 439 807 449 0.001329 0
959 438 972 456 0.001319 0
874 326 881 342 0.001302 0
959 437 975 462 0.001299 0
1180 212 1194 226 0.001292 0
1183 496 1200 510 0.001289 0
1223 195 1257 233 0.001287 0
819 327 848 392 0.001287 0
496 187 541 253 0.001270 0
718 326 734 358 0.001269 0
984 482 992 487 0.001267 0
633 159 657 201 0.001266 0
926 423 942 456 0.001263 0
670 207 679 231 0.001262 0
704 331 718 376 0.001261 0
1009 381 1024 401 0.001252 0
664 317 680 350 0.001231 0
649 407 657 424 0.001227 0
1169 409 1177 423 0.001226 0
876 155 892 174 0.001222 0
1153 303 1168 341 0.001222 0
788 328 820 363 0.001209 0
1023 445 1034 457 0.001194 0
846 463 858 475 0.001186 0
464 200 479 271 0.001179 0
1078 334 1095 360 0.001165 0
983 441 993 456 0.001162 0
1247 358 1264 377 0.001159 0
912 474 928 487 0.001155 0
1118 327 1145 344 0.001147 0
1037 190 1061 226 0.001145 0
210 187 224 229 0.001143 0
1184 496 1211 510 0.001140 0
1071 465 1080 495 0.001136 0
670 207 678 230 0.001136 0
1098 329 1104 344 0.001136 0
1071 455 1080 470 0.001136 0
1232 197 1256 233 0.001136 0
1232 458 1258 483 0.001135 0
1050 185 1066 213 0.001130 0
1006 473 1020 499 0.001116 0
863 215 873 234 0.001112 0
782 424 804 449 0.001109 0
765 312 782 340 0.001103 0
859 427 894 485 0.001102 0
682 197 692 215 0.001096 0
760 188 785 218 0.001091 0
1249 215 1264 234 0.001091 0
686 203 702 236 0.001088 0
1029 444 1039 456 0.001079 0
237 199 252 240 0.001077 0
1251 199 1264 224 0.001073 0
851 430 879 453 0.001060 0
1088 191 1103 221 0.001056 0
789 329 812 357 0.001051 0
1110 329 1120 344 0.001046 0
782 311 811 344 0.001045 0
1185 164 1201 186 0.001045 0
441 491 470 507 0.001037 0
751 244 768 340 0.001026 0
240 197 253 228 0.001024 0
765 327 780 343 0.001021 0
755 312 769 337 0.001020 0
638 159 658 199 0.001019 0
649 408 657 425 0.001019 0
670 316 688 383 0.001018 0
798 420 808 448 0.001017 0
1120 393 1128 409 0.001014 0
1200 472 1216 485 0.001011 0
671 460 685 488 0.001009 0
1245 461 1264 501 0.001003 0
908 474 930 489 0.000996 0
1173 213 1187 246 0.000995 0
680 197 691 215 0.000989 0
244 197 255 215 0.000989 0
1150 450 1160 466 0.000983 0
804 316 820 343 0.000982 0
637 159 656 187 0.000981 0
1252 496 1280 516 0.000980 0
704 439 721 463 0.000979 0
1145 326 1168 344 0.000977 0
664 327 679 349 0.000975 0
1231 460 1251 510 0.000971 0
1078 334 1093 360 0.000970 0
465 201 477 252 0.000968 0
960 366 986 408 0.000968 0
1043 279 1059 295 0.000967 0
1167 327 1174 336 0.000964 0
673 460 689 487 0.000964 0
860 216 873 242 0.000949 0
703 327 713 342 0.000946 0
755 314 772 343 0.000942 0
815 331 844 362 0.000940 0
608 447 624 465 0.000936 0
1008 448 1015 460 0.000929 0
1232 455 1258 478 0.000929 0
655 317 684 379 0.000928 0
752 429 769 449 0.000920 0
852 211 870 269 0.000919 0
1181 180 1224 223 0.000915 0
783 423 798 447 0.000912 0
1235 456 1263 480 0.000897 0
471 196 480 216 0.000894 0
660 315 688 383 0.000888 0
788 438 802 450 0.000885 0
784 327 815 390 0.000876 0
967 193 997 251 0.000873 0
465 199 472 216 0.000873 0
1044 189 1088 257 0.000871 0
1231 461 1255 511 0.000870 0
895 154 907 176 0.000863 0
1115 327 1145 344 0.000859 0
440 489 472 509 0.000853 0
844 182 864 243 0.000839 0
801 416 809 427 0.000836 0
878 321 886 342 0.000835 0
1135 486 1152 509 0.000833 0
968 181 994 216 0.000832 0
554 175 579 216 0.000832 0
832 469 849 493 0.000831 0
524 184 548 203 0.000830 0
785 328 824 380 0.000827 0
1110 501 1120 509 0.000826 0
847 693 859 703 0.000825 0
704 440 722 465 0.000825 0
782 193 798 210 0.000824 0
930 424 945 450 0.000820 0
1105 606 1112 614 0.000818 0
717 323 752 378 0.000811 0
895 326 904 343 0.000808 0
213 183 233 233 0.000807 0
1151 448 1161 460 0.000803 0
639 689 671 703 0.000803 0
1243 459 1259 478 0.000802 0
1135 439 1149 460 0.000801 0
705 316 746 377 0.000798 0
465 202 478 265 0.000797 0
212 187 228 249 0.000795 0
748 427 768 453 0.000787 0
1100 327 1116 344 0.000780 0
1231 459 1243 473 0.000780 0
1071 494 1081 512 0.000777 0
664 320 680 348 0.000776 0
1176 344 1198 360 0.000767 0
1144 324 1176 354 0.000761 0
465 201 474 222 0.000760 0
854 220 869 270 0.000758 0
1248 347 1258 358 0.000757 0
786 415 822 453 0.000755 0
470 202 478 219 0.000755 0
1016 441 1025 449 0.000754 0
818 325 848 344 0.000754 0
799 417 808 436 0.000747 0
988 449 1012 466 0.000743 0
1103 312 1132 343 0.000742 0
441 490 474 509 0.000741 0
662 415 671 436 0.000741 0
809 328 847 390 0.000738 0
847 422 881 454 0.000736 0
704 327 723 377 0.000736 0
464 202 478 269 0.000733 0
752 297 768 338 0.000729 0
1183 162 1202 188 0.000727 0
926 425 936 456 0.000722 0
1127 445 1135 456 0.000721 0
1175 410 1183 423 0.000720 0
738 440 777 472 0.000718 0
1119 392 1128 409 0.000716 0
768 431 776 447 0.000715 0
1250 347 1264 360 0.000712 0
1247 463 1268 500 0.000709 0
814 410 833 450 0.000707 0
1079 429 1087 441 0.000706 0
820 412 832 440 0.000700 0
1104 312 1131 330 0.000699 0
495 188 530 251 0.000699 0
1231 458 1240 468 0.000695 0
1216 193 1276 267 0.000692 0
1086 488 1098 501 0.000690 0
750 242 792 346 0.000687 0
959 425 968 457 0.000685 0
680 171 691 215 0.000684 0
1146 307 1178 342 0.000683 0
1039 322 1055 335 0.000680 0
1259 198 1277 231 0.000676 0
1078 338 1095 360 0.000676 0
1215 443 1223 456 0.000674 0
1215 473 1224 482 0.000674 0
1015 479 1025 489 0.000670 0
663 296 683 351 0.000669 0
1248 199 1272 235 0.000669 0
697 328 703 343 0.000668 0
823 544 833 573 0.000667 0
681 195 694 218 0.000666 0
1001 432 1008 440 0.000661 0
833 432 884 481 0.000659 0
709 318 742 370 0.000659 0
1137 442 1152 459 0.000653 0
572 180 581 201 0.000649 0
944 203 964 254 0.000643 0
241 197 255 237 0.000642 0
1078 332 1098 356 0.000641 0
1072 504 1082 524 0.000638 0
1139 440 1152 457 0.000636 0
678 359 688 375 0.000635 0
606 367 624 438 0.000635 0
922 202 967 254 0.000629 0
820 317 848 344 0.000628 0
846 684 859 703 0.000627 0
766 173 784 198 0.000626 0
790 407 834 457 0.000624 0
940 202 963 253 0.000623 0
1064 463 1071 470 0.000618 0
1168 406 1177 423 0.000616 0
766 180 784 202 0.000616 0
995 447 1008 459 0.000613 0
664 302 682 350 0.000610 0
785 312 802 332 0.000602 0
1171 471 1184 480 0.000601 0
804 407 833 451 0.000601 0
851 424 920 485 0.000600 0
1220 195 1257 234 0.000600 0
467 201 479 248 0.000599 0
833 485 848 503 0.000599 0
399 485 417 518 0.000595 0
875 434 914 486 0.000593 0
665 178 673 217 0.000591 0
648 158 657 176 0.000590 0
1135 444 1147 473 0.000588 0
1073 428 1081 441 0.000585 0
958 192 1004 265 0.000584 0
1007 456 1019 466 0.000583 0
814 407 832 449 0.000580 0
738 432 792 459 0.000579 0
783 436 794 449 0.000578 0
681 198 691 216 0.000577 0
662 323 681 352 0.000576 0
1092 312 1116 345 0.000569 0
752 317 768 342 0.000568 0
899 202 911 240 0.000568 0
766 173 783 198 0.000568 0
866 207 888 238 0.000563 0
703 439 722 468 0.000562 0
703 327 715 345 0.000561 0
0 64 59 220 0.000559 0
915 431 944 458 0.000559 0
979 187 1001 222 0.000557 0
1007 530 1015 537 0.000557 0
637 366 658 394 0.000556 0
801 416 815 428 0.000553 0
767 437 775 448 0.000553 0
1044 409 1057 436 0.000553 0
1255 198 1279 265 0.000552 0
735 423 779 454 0.000551 0
1078 190 1091 206 0.000549 0
641 161 659 199 0.000546 0
1173 343 1196 380 0.000546 0
670 319 688 361 0.000545 0
720 432 727 440 0.000543 0
804 440 816 451 0.000541 0
671 461 687 487 0.000538 0
1191 459 1199 473 0.000533 0
899 203 911 233 0.000530 0
934 455 942 463 0.000528 0
831 419 845 448 0.000527 0
809 312 834 343 0.000523 0
952 373 977 429 0.000521 0
687 423 696 438 0.000521 0
966 428 975 444 0.000521 0
1008 424 1016 439 0.000518 0
704 314 721 347 0.000517 0
601 158 619 183 0.000515 0
705 306 755 350 0.000513 0
1136 444 1154 471 0.000513 0
223 183 231 199 0.000512 0
735 426 772 458 0.000511 0
997 373 1023 404 0.000511 0
1151 448 1168 472 0.000508 0
1112 519 1119 527 0.000504 0
837 639 861 683 0.000504 0
877 327 885 343 0.000501 0
943 364 961 408 0.000497 0
986 196 1005 228 0.000495 0
752 181 782 207 0.000494 0
933 190 949 204 0.000488 0
773 433 784 449 0.000488 0
1207 507 1216 516 0.000487 0
209 182 225 230 0.000483 0
367 207 376 231 0.000481 0
618 146 633 180 0.000478 0
1181 168 1201 221 0.000478 0
686 460 696 487 0.000474 0
1116 438 1139 472 0.000474 0
385 198 396 206 0.000473 0
599 151 621 184 0.000473 0
1023 419 1031 440 0.000472 0
941 201 965 254 0.000471 0
742 196 787 288 0.000470 0
631 447 640 460 0.000469 0
767 252 846 345 0.000467 0
676 360 688 383 0.000466 0
1076 334 1091 379 0.000466 0
894 425 905 458 0.000464 0
1039 417 1048 437 0.000464 0
710 206 740 236 0.000461 0
528 216 548 263 0.000460 0
607 372 624 439 0.000459 0
720 335 737 380 0.000458 0
740 422 785 451 0.000458 0
646 160 658 181 0.000458 0
812 413 833 468 0.000456 0
1210 368 1224 409 0.000455 0
429 223 439 230 0.000454 0
861 412 885 456 0.000454 0
881 440 900 456 0.000452 0
664 303 689 357 0.000451 0
733 444 769 472 0.000448 0
1217 419 1224 432 0.000447 0
1129 64 1152 74 0.000447 0
867 330 883 343 0.000446 0
854 314 863 336 0.000446 0
831 419 846 450 0.000442 0
773 251 852 346 0.000441 0
668 316 688 358 0.000441 0
665 206 678 230 0.000441 0
1045 409 1057 432 0.000439 0
847 412 888 457 0.000438 0
384 484 416 519 0.000437 0
513 184 553 271 0.000436 0
823 548 833 576 0.000435 0
894 413 912 458 0.000430 0
1216 356 1267 413 0.000425 0
653 195 662 216 0.000423 0
831 418 847 451 0.000417 0
1015 415 1023 425 0.000416 0
807 295 849 345 0.000415 0
895 414 912 441 0.000412 0
689 463 704 489 0.000411 0
1222 466 1233 487 0.000410 0
726 417 736 440 0.000410 0
1166 478 1176 490 0.000408 0
266 196 274 213 0.000407 0
1244 461 1274 488 0.000407 0
847 424 857 440 0.000406 0
654 325 676 378 0.000405 0
800 418 818 438 0.000404 0
375 186 385 201 0.000404 0
764 422 788 449 0.000401 0
1039 409 1051 435 0.000399 0
658 345 672 376 0.000396 0
881 438 902 456 0.000394 0
606 145 634 171 0.000393 0
1066 477 1088 501 0.000393 0
1007 530 1018 539 0.000392 0
821 463 832 474 0.000391 0
690 458 704 469 0.000389 0
1252 198 1279 268 0.000389 0
751 231 801 323 0.000388 0
751 461 767 483 0.000386 0
1076 334 1119 377 0.000386 0
1071 444 1081 470 0.000384 0
831 419 844 450 0.000384 0
863 321 878 343 0.000384 0
951 439 969 456 0.000382 0
230 199 253 243 0.000378 0
384 485 402 515 0.000378 0
1151 438 1168 457 0.000378 0
959 372 979 424 0.000378 0
696 475 704 490 0.000377 0
1118 438 1147 469 0.000377 0
879 316 886 332 0.000374 0
1084 204 1106 234 0.000374 0
1014 420 1024 437 0.000373 0
1090 447 1104 471 0.000373 0
663 288 704 370 0.000372 0
662 414 671 434 0.000370 0
688 312 704 344 0.000370 0
1222 458 1243 486 0.000369 0
526 187 551 262 0.000369 0
421 502 442 516 0.000368 0
736 448 744 457 0.000367 0
266 199 273 216 0.000367 0
1239 448 1248 456 0.000365 0
1172 406 1184 423 0.000363 0
749 333 820 389 0.000360 0
1222 408 1230 423 0.000359 0
671 350 688 391 0.000359 0
752 312 768 336 0.000355 0
367 208 376 225 0.000354 0
858 225 871 269 0.000354 0
1135 488 1151 509 0.000354 0
607 409 624 439 0.000352 0
1030 487 1050 521 0.000352 0
4 64 254 209 0.000351 0
606 368 624 414 0.000351 0
867 423 908 461 0.000351 0
958 424 971 447 0.000350 0
820 306 848 342 0.000350 0
686 456 701 471 0.000350 0
853 316 863 339 0.000348 0
932 376 945 391 0.000347 0
851 417 908 462 0.000346 0
316 197 334 231 0.000345 0
1103 393 1124 409 0.000343 0
207 194 224 228 0.000343 0
865 207 886 241 0.000342 0
460 188 481 300 0.000342 0
1234 354 1280 436 0.000342 0
975 174 994 208 0.000342 0
796 422 831 461 0.000340 0
735 435 765 459 0.000340 0
1185 488 1206 505 0.000337 0
704 408 721 463 0.000337 0
726 424 737 445 0.000336 0
757 329 773 344 0.000335 0
738 422 787 452 0.000333 0
800 409 812 427 0.000331 0
768 431 828 473 0.000331 0
666 206 676 220 0.000331 0
845 432 942 486 0.000330 0
981 182 1004 215 0.000330 0
721 339 755 376 0.000328 0
607 389 624 439 0.000328 0
1150 451 1162 474 0.000327 0
1215 453 1224 469 0.000326 0
1121 450 1136 472 0.000325 0
1119 441 1134 465 0.000323 0
1039 424 1048 439 0.000323 0
946 383 961 408 0.000321 0
415 251 420 271 0.000321 0
895 415 912 442 0.000321 0
356 247 367 272 0.000321 0
756 257 831 342 0.000320 0
1225 196 1279 268 0.000320 0
809 209 831 239 0.000319 0
1111 500 1120 526 0.000319 0
1087 459 1094 471 0.000318 0
926 356 945 392 0.000317 0
1243 357 1279 411 0.000316 0
964 683 976 703 0.000316 0
944 199 973 235 0.000315 0
686 445 703 467 0.000313 0
711 329 737 383 0.000312 0
996 187 1013 223 0.000311 0
1230 65 1279 173 0.000311 0
1204 193 1263 268 0.000310 0
1 64 190 216 0.000309 0
1069 190 1082 207 0.000308 0
975 176 992 201 0.000308 0
1023 425 1030 441 0.000306 0
0 64 234 212 0.000306 0
1049 184 1076 216 0.000306 0
822 318 848 344 0.000305 0
686 310 701 341 0.000303 0
602 366 624 438 0.000303 0
887 318 893 327 0.000302 0
0 64 58 247 0.000302 0
1042 412 1057 452 0.000301 0
331 185 342 199 0.000300 0
749 245 807 344 0.000300 0
905 339 930 393 0.000299 0
198 199 210 224 0.000299 0
895 414 912 436 0.000297 0
320 573 333 600 0.000297 0
751 251 824 344 0.000296 0
1220 195 1256 246 0.000294 0
735 426 765 459 0.000294 0
1118 439 1137 460 0.000294 0
1023 414 1034 438 0.000293 0
750 458 768 481 0.000292 0
1248 343 1264 359 0.000292 0
852 422 944 486 0.000291 0
592 407 608 433 0.000291 0
688 424 697 440 0.000291 0
332 586 349 610 0.000290 0
1033 417 1041 439 0.000290 0
436 490 496 521 0.000289 0
1170 208 1182 222 0.000289 0
847 424 877 455 0.000287 0
212 201 226 247 0.000287 0
790 332 818 389 0.000286 0
664 287 704 362 0.000286 0
854 232 866 275 0.000285 0
831 474 844 495 0.000285 0
1073 434 1087 453 0.000284 0
752 173 778 202 0.000281 0
343 178 353 199 0.000281 0
647 152 661 176 0.000280 0
1071 338 1081 358 0.000279 0
913 381 928 407 0.000278 0
681 172 702 215 0.000278 0
1111 185 1131 205 0.000278 0
1046 409 1055 426 0.000278 0
896 414 912 432 0.000277 0
944 383 960 408 0.000277 0
1133 431 1144 440 0.000276 0
607 408 624 438 0.000275 0
491 188 524 215 0.000275 0
948 424 961 456 0.000271 0
680 460 698 489 0.000271 0
1183 444 1190 456 0.000271 0
1152 482 1180 507 0.000270 0
356 226 368 273 0.000270 0
1071 433 1083 451 0.000270 0
956 371 978 425 0.000270 0
631 439 640 458 0.000269 0
0 64 28 214 0.000268 0
591 408 609 436 0.000268 0
674 423 692 436 0.000267 0
594 141 634 182 0.000266 0
894 268 911 310 0.000264 0
773 430 784 443 0.000262 0
812 306 835 341 0.000262 0
813 447 828 459 0.000261 0
988 438 1000 451 0.000261 0
704 335 735 394 0.000261 0
679 297 704 349 0.000260 0
678 303 689 352 0.000260 0
736 190 763 220 0.000258 0
1206 246 1237 268 0.000258 0
947 439 974 464 0.000257 0
226 203 258 249 0.000254 0
929 375 945 408 0.000254 0
1071 337 1090 390 0.000254 0
878 412 887 445 0.000252 0
1102 387 1128 411 0.000252 0
250 563 291 652 0.000252 0
949 422 962 448 0.000251 0
669 422 690 439 0.000251 0
1095 498 1104 510 0.000250 0
1039 180 1052 211 0.000250 0
964 685 975 703 0.000250 0
1032 216 1076 296 0.000248 0
724 452 769 472 0.000247 0
1092 454 1104 472 0.000247 0
1211 356 1270 429 0.000246 0
657 207 682 231 0.000246 0
1152 432 1165 451 0.000246 0
212 181 228 231 0.000244 0
688 352 694 360 0.000244 0
846 205 869 280 0.000242 0
636 304 690 390 0.000241 0
882 318 895 342 0.000239 0
1071 455 1088 471 0.000239 0
896 326 915 344 0.000239 0
831 420 847 450 0.000238 0
328 579 350 611 0.000238 0
894 264 923 344 0.000237 0
1089 441 1104 467 0.000237 0
1121 313 1163 343 0.000237 0
255 563 285 600 0.000237 0
927 383 937 404 0.000236 0
595 365 624 409 0.000235 0
720 438 736 457 0.000235 0
754 232 811 322 0.000234 0
525 222 540 263 0.000234 0
719 438 735 456 0.000234 0
1176 424 1184 441 0.000233 0
355 214 368 274 0.000233 0
741 183 772 224 0.000232 0
653 421 670 438 0.000232 0
199 195 227 252 0.000231 0
175 186 184 205 0.000230 0
13 64 281 210 0.000230 0
1183 591 1192 607 0.000230 0
242 238 257 300 0.000229 0
655 328 673 368 0.000229 0
237 201 256 239 0.000228 0
900 340 920 392 0.000228 0
1118 455 1133 472 0.000227 0
303 561 348 685 0.000227 0
847 313 863 342 0.000227 0
672 461 687 489 0.000226 0
1069 197 1079 216 0.000226 0
255 559 290 601 0.000225 0
909 341 944 396 0.000224 0
919 320 928 344 0.000224 0
205 310 224 328 0.000224 0
1087 456 1096 471 0.000222 0
551 464 575 499 0.000222 0
657 350 674 385 0.000222 0
911 377 927 407 0.000222 0
1170 212 1182 245 0.000220 0
1169 457 1184 475 0.000219 0
688 327 705 360 0.000219 0
912 325 928 345 0.000218 0
687 323 702 343 0.000218 0
637 151 656 182 0.000218 0
665 203 697 233 0.000217 0
885 215 901 245 0.000217 0
719 372 727 384 0.000216 0
893 204 912 243 0.000213 0
1161 431 1168 440 0.000212 0
655 327 676 355 0.000210 0
1215 440 1224 456 0.000210 0
471 189 481 206 0.000209 0
894 263 913 343 0.000208 0
366 183 608 390 0.000207 0
799 441 820 469 0.000207 0
652 200 662 217 0.000206 0
669 296 704 351 0.000206 0
1186 686 1219 703 0.000204 0
319 201 335 230 0.000203 0
954 187 998 231 0.000203 0
485 184 616 268 0.000203 0
385 185 400 206 0.000202 0
196 207 210 229 0.000201 0
943 423 953 433 0.000201 0
0 64 23 212 0.000201 0
1221 444 1232 456 0.000201 0
1247 413 1256 428 0.000201 0
999 182 1009 203 0.000201 0
519 396 528 409 0.000201 0
832 689 842 703 0.000201 0
1189 604 1217 689 0.000200 0
1176 414 1184 441 0.000200 0
933 191 954 209 0.000200 0
806 310 819 340 0.000200 0
1 64 249 222 0.000199 0
782 413 820 449 0.000199 0
643 154 663 202 0.000199 0
1270 408 1279 424 0.000199 0
1015 321 1025 345 0.000198 0
911 374 933 407 0.000197 0
932 390 945 408 0.000196 0
1136 306 1169 341 0.000196 0
816 567 824 581 0.000195 0
1152 448 1168 477 0.000195 0
321 571 354 665 0.000194 0
494 193 533 249 0.000194 0
724 414 736 444 0.000194 0
246 270 256 296 0.000193 0
26 64 339 210 0.000193 0
1145 410 1153 425 0.000193 0
255 558 291 623 0.000192 0
1219 407 1231 426 0.000192 0
1033 412 1041 432 0.000191 0
750 449 786 473 0.000191 0
846 214 862 247 0.000191 0
866 216 883 243 0.000190 0
1263 75 1279 171 0.000190 0
1114 326 1144 362 0.000189 0
1015 524 1023 535 0.000188 0
556 478 569 498 0.000188 0
657 291 698 382 0.000188 0
656 326 679 354 0.000187 0
457 202 466 215 0.000185 0
0 64 53 213 0.000185 0
255 561 291 636 0.000184 0
1076 401 1090 420 0.000184 0
1151 447 1168 462 0.000184 0
1268 409 1279 426 0.000183 0
739 385 753 403 0.000183 0
932 425 960 457 0.000182 0
535 216 550 263 0.000181 0
719 340 736 393 0.000181 0
648 478 655 487 0.000181 0
1023 445 1050 465 0.000179 0
1135 442 1164 473 0.000179 0
0 64 198 238 0.000178 0
639 669 672 703 0.000178 0
914 422 928 439 0.000178 0
719 439 738 459 0.000177 0
752 414 763 425 0.000177 0
654 341 674 377 0.000176 0
819 693 834 703 0.000176 0
1100 386 1126 410 0.000176 0
1248 350 1279 499 0.000175 0
703 333 726 395 0.000175 0
1228 64 1279 210 0.000174 0
868 309 888 343 0.000174 0
894 327 924 371 0.000174 0
897 440 914 459 0.000174 0
1079 325 1121 360 0.000174 0
951 366 991 423 0.000173 0
519 175 588 265 0.000173 0
799 407 833 437 0.000172 0
591 392 604 408 0.000172 0
251 563 292 646 0.000172 0
1029 425 1040 444 0.000172 0
938 379 962 425 0.000172 0
247 556 314 676 0.000172 0
774 332 847 392 0.000172 0
303 568 353 679 0.000171 0
1081 328 1119 360 0.000171 0
1143 387 1177 408 0.000170 0
1268 409 1279 440 0.000169 0
704 438 739 466 0.000169 0
735 407 772 450 0.000169 0
590 368 617 436 0.000169 0
815 567 825 584 0.000169 0
767 410 838 470 0.000169 0
911 388 929 408 0.000168 0
1245 64 1279 172 0.000168 0
1051 417 1091 471 0.000168 0
998 385 1024 424 0.000168 0
254 555 318 604 0.000166 0
1151 380 1163 400 0.000166 0
420 492 454 518 0.000165 0
1215 448 1251 485 0.000165 0
670 381 688 414 0.000165 0
0 64 65 214 0.000165 0
294 194 320 286 0.000165 0
1122 431 1136 440 0.000164 0
1148 329 1201 359 0.000164 0
895 298 909 343 0.000164 0
1101 393 1126 409 0.000163 0
209 312 224 328 0.000163 0
304 578 342 680 0.000163 0
907 179 956 219 0.000162 0
1184 456 1200 474 0.000161 0
751 337 823 392 0.000160 0
576 363 592 392 0.000160 0
851 414 925 468 0.000159 0
736 384 747 403 0.000159 0
632 201 657 222 0.000159 0
897 329 921 344 0.000159 0
476 182 625 255 0.000159 0
837 193 896 281 0.000159 0
1186 685 1221 703 0.000158 0
951 377 1023 411 0.000158 0
957 697 971 703 0.000157 0
756 340 788 359 0.000157 0
1070 423 1083 437 0.000156 0
1078 169 1099 204 0.000156 0
1081 326 1147 361 0.000156 0
956 410 970 424 0.000156 0
1213 369 1233 390 0.000155 0
1111 454 1128 472 0.000155 0
1212 357 1269 434 0.000155 0
1127 504 1136 518 0.000154 0
915 345 987 416 0.000153 0
1066 440 1089 471 0.000153 0
256 556 292 600 0.000153 0
915 309 928 344 0.000153 0
783 344 792 358 0.000153 0
732 318 756 344 0.000152 0
727 421 776 457 0.000152 0
1253 307 1279 500 0.000152 0
378 184 398 205 0.000151 0
907 336 922 344 0.000151 0
195 190 205 218 0.000151 0
942 410 955 424 0.000150 0
1191 441 1200 456 0.000150 0
198 209 214 240 0.000149 0
1087 411 1105 469 0.000149 0
249 565 293 648 0.000149 0
1109 440 1136 472 0.000149 0
686 352 702 376 0.000148 0
1103 602 1112 614 0.000148 0
1092 416 1104 436 0.000148 0
629 403 643 424 0.000148 0
926 378 945 393 0.000148 0
1120 64 1152 77 0.000147 0
563 427 591 479 0.000147 0
823 548 834 579 0.000147 0
174 185 184 206 0.000146 0
247 559 309 684 0.000145 0
906 271 929 344 0.000145 0
848 310 864 340 0.000145 0
540 412 552 424 0.000144 0
670 458 686 505 0.000144 0
664 294 688 351 0.000144 0
825 308 848 342 0.000144 0
945 402 960 423 0.000144 0
943 409 960 425 0.000143 0
736 379 746 396 0.000143 0
894 264 917 341 0.000143 0
574 392 609 437 0.000143 0
1158 412 1168 424 0.000142 0
1035 323 1084 398 0.000142 0
1036 330 1096 469 0.000142 0
847 405 883 456 0.000142 0
652 173 667 215 0.000142 0
878 418 905 457 0.000142 0
1242 275 1279 500 0.000142 0
1159 384 1196 409 0.000140 0
663 295 673 326 0.000140 0
1097 398 1104 409 0.000140 0
604 365 623 408 0.000140 0
254 557 296 601 0.000140 0
1037 325 1088 423 0.000139 0
1142 389 1154 404 0.000139 0
319 567 350 609 0.000138 0
566 367 606 440 0.000138 0
750 237 843 346 0.000138 0
641 676 671 703 0.000138 0
655 492 665 517 0.000138 0
522 171 580 240 0.000138 0
1055 416 1090 463 0.000138 0
1106 324 1143 361 0.000138 0
1107 434 1122 462 0.000137 0
1256 362 1279 441 0.000137 0
992 528 998 536 0.000136 0
255 566 273 600 0.000136 0
1005 412 1024 442 0.000136 0
994 385 1023 420 0.000135 0
1032 536 1039 550 0.000135 0
1036 327 1090 429 0.000135 0
240 237 257 300 0.000135 0
573 365 609 434 0.000135 0
1059 220 1073 295 0.000134 0
575 338 593 392 0.000134 0
1205 455 1218 471 0.000134 0
688 340 704 375 0.000133 0
1055 423 1063 434 0.000133 0
245 194 256 214 0.000133 0
752 245 845 346 0.000133 0
428 222 439 240 0.000133 0
912 343 998 407 0.000133 0
238 189 254 218 0.000132 0
1263 406 1279 425 0.000132 0
188 460 443 663 0.000131 0
255 556 287 600 0.000131 0
796 408 840 472 0.000130 0
1250 366 1265 427 0.000130 0
1033 323 1084 408 0.000130 0
351 189 358 199 0.000129 0
775 400 783 420 0.000128 0
254 560 291 630 0.000128 0
1184 470 1200 483 0.000128 0
1032 273 1059 338 0.000128 0
1119 394 1128 414 0.000128 0
808 172 817 193 0.000127 0
0 64 72 211 0.000127 0
809 696 827 703 0.000127 0
908 272 934 344 0.000127 0
1035 404 1054 432 0.000126 0
559 392 592 444 0.000126 0
1036 323 1080 387 0.000126 0
911 377 924 401 0.000126 0
992 382 1023 426 0.000125 0
1161 471 1185 492 0.000125 0
1054 422 1065 450 0.000124 0
318 571 343 612 0.000124 0
356 417 387 440 0.000124 0
669 489 686 513 0.000123 0
576 373 590 393 0.000122 0
933 412 943 423 0.000122 0
1071 400 1098 424 0.000122 0
333 580 352 621 0.000122 0
650 288 709 389 0.000121 0
702 312 743 407 0.000121 0
0 64 77 212 0.000121 0
1047 420 1092 472 0.000121 0
780 356 814 432 0.000121 0
318 566 355 667 0.000120 0
1190 368 1269 415 0.000120 0
1226 409 1244 427 0.000120 0
1167 455 1186 473 0.000120 0
663 295 672 316 0.000119 0
918 383 943 408 0.000119 0
510 317 528 350 0.000119 0
1168 678 1186 703 0.000119 0
787 402 801 424 0.000119 0
1166 669 1186 703 0.000119 0
257 564 290 649 0.000118 0
245 271 256 301 0.000118 0
193 191 204 216 0.000118 0
508 315 529 350 0.000117 0
1082 311 1116 337 0.000117 0
510 323 526 350 0.000117 0
998 515 1012 536 0.000116 0
732 356 752 378 0.000116 0
1106 422 1121 458 0.000116 0
982 450 1010 474 0.000115 0
1040 182 1064 223 0.000115 0
863 305 878 342 0.000115 0
878 327 889 360 0.000115 0
687 314 704 351 0.000114 0
988 677 1018 703 0.000114 0
221 462 438 681 0.000114 0
1103 285 1169 343 0.000114 0
907 376 1022 412 0.000114 0
989 64 1065 245 0.000113 0
1072 506 1087 526 0.000113 0
1183 458 1199 477 0.000113 0
1185 610 1216 689 0.000113 0
1263 406 1279 444 0.000113 0
0 64 60 284 0.000113 0
1205 441 1223 461 0.000112 0
635 377 671 425 0.000112 0
658 485 680 516 0.000112 0
1140 390 1161 408 0.000112 0
1263 409 1278 424 0.000112 0
775 350 815 393 0.000111 0
303 565 339 685 0.000111 0
0 179 6 204 0.000111 0
452 204 465 222 0.000111 0
1245 413 1257 433 0.000111 0
763 252 842 339 0.000111 0
299 65 393 197 0.000111 0
0 65 19 214 0.000111 0
629 375 652 427 0.000110 0
803 212 855 278 0.000110 0
148 64 260 205 0.000109 0
576 360 593 392 0.000109 0
759 378 768 395 0.000109 0
155 64 267 236 0.000109 0
1062 413 1090 442 0.000109 0
439 209 446 218 0.000108 0
1043 163 1100 258 0.000108 0
4 64 306 224 0.000108 0
391 176 563 271 0.000108 0
1273 425 1279 441 0.000108 0
800 444 833 474 0.000108 0
0 159 6 203 0.000107 0
912 425 930 450 0.000107 0
891 697 912 703 0.000107 0
762 253 805 305 0.000107 0
506 283 530 351 0.000107 0
1038 391 1086 442 0.000106 0
1188 237 1280 374 0.000106 0
406 250 416 271 0.000106 0
644 408 674 438 0.000106 0
693 174 710 204 0.000106 0
732 351 766 399 0.000106 0
576 371 592 392 0.000106 0
674 386 689 433 0.000106 0
1040 276 1059 329 0.000106 0
749 410 773 441 0.000106 0
737 375 765 399 0.000105 0
718 416 735 451 0.000105 0
331 579 352 611 0.000105 0
402 176 556 268 0.000105 0
1199 64 1208 76 0.000104 0
312 191 336 230 0.000104 0
569 380 595 444 0.000104 0
1148 412 1161 424 0.000104 0
812 684 828 703 0.000104 0
831 554 839 577 0.000104 0
293 64 396 195 0.000104 0
1242 65 1279 228 0.000104 0
58 64 126 167 0.000103 0
924 182 978 229 0.000104 0
1231 65 1279 271 0.000103 0
575 323 594 390 0.000103 0
383 156 579 285 0.000103 0
1031 538 1040 552 0.000103 0
523 185 561 262 0.000103 0
547 442 586 491 0.000103 0
705 315 769 401 0.000103 0
216 243 241 264 0.000103 0
523 478 546 497 0.000103 0
197 309 224 328 0.000102 0
193 186 202 214 0.000102 0
321 568 355 674 0.000102 0
1035 329 1122 474 0.000102 0
1152 511 1167 521 0.000102 0
539 450 583 496 0.000102 0
911 178 941 199 0.000102 0
775 397 783 414 0.000102 0
1190 440 1199 455 0.000102 0
1230 294 1279 486 0.000102 0
324 64 435 212 0.000101 0
82 64 329 197 0.000101 0
820 545 839 579 0.000101 0
544 64 650 211 0.000101 0
1042 434 1056 455 0.000101 0
159 64 261 212 0.000101 0
255 565 274 601 0.000100 0
91 64 348 185 0.000100 0
962 219 1025 271 0.737351 1
1034 220 1075 262 0.627425 1
962 226 998 271 0.304911 1
749 239 784 298 0.221201 1
747 236 784 295 0.205081 1
753 238 784 288 0.198687 1
1034 221 1072 262 0.197905 1
963 224 1002 271 0.191252 1
752 239 783 296 0.182368 1
962 230 997 270 0.176248 1
743 239 783 299 0.170926 1
726 228 750 258 0.152459 1
756 239 785 281 0.131499 1
743 239 778 299 0.130689 1
1034 217 1065 262 0.129515 1
1034 220 1058 261 0.124609 1
964 226 1000 271 0.119772 1
752 240 779 299 0.109137 1
756 238 784 285 0.104963 1
752 239 781 298 0.100792 1
727 229 754 258 0.095471 1
744 243 776 299 0.090464 1
1014 219 1060 261 0.087218 1
1034 222 1056 262 0.086996 1
726 230 749 258 0.084717 1
1040 212 1074 262 0.081015 1
1018 222 1055 261 0.079349 1
1022 224 1056 262 0.073381 1
1018 220 1058 262 0.065003 1
725 225 751 258 0.060616 1
1034 216 1075 262 0.060370 1
743 228 781 299 0.057912 1
1034 229 1056 262 0.057525 1
1023 227 1056 262 0.056692 1
726 223 754 258 0.051425 1
1046 219 1076 261 0.046975 1
963 219 1004 270 0.042786 1
743 247 772 300 0.040857 1
963 229 999 271 0.040358 1
1034 217 1059 261 0.034174 1
728 211 754 258 0.032650 1
764 238 794 280 0.031391 1
752 238 785 300 0.031111 1
965 222 1002 271 0.030528 1
726 214 753 258 0.029823 1
752 242 772 299 0.027837 1
741 235 784 299 0.025851 1
742 242 769 299 0.023713 1
1053 225 1075 262 0.022177 1
762 238 802 282 0.021936 1
962 229 1027 271 0.021354 1
990 218 1007 258 0.021206 1
1019 230 1056 262 0.019288 1
766 235 792 278 0.019116 1
965 223 1025 269 0.017794 1
742 230 767 298 0.016648 1
743 250 769 299 0.015769 1
1020 236 1049 262 0.015749 1
778 242 827 282 0.015705 1
1012 221 1053 261 0.015537 1
949 273 960 304 0.015059 1
992 228 1025 268 0.014728 1
962 232 992 270 0.013969 1
991 215 1009 258 0.013813 1
949 272 960 303 0.013307 1
779 249 829 284 0.013263 1
763 236 788 279 0.011717 1
1015 234 1049 263 0.011513 1
989 229 1025 268 0.011134 1
782 247 829 283 0.010469 1
992 226 1026 267 0.010190 1
924 272 953 306 0.009561 1
961 232 990 270 0.009317 1
987 207 1007 256 0.008756 1
690 205 728 236 0.008340 1
1012 240 1025 267 0.008274 1
991 215 1025 263 0.008121 1
987 219 1005 258 0.007903 1
1069 213 1090 247 0.007742 1
925 204 948 253 0.007719 1
1011 233 1032 267 0.007666 1
994 228 1032 266 0.007338 1
974 218 1003 257 0.007177 1
864 248 893 286 0.006756 1
1183 223 1220 263 0.006687 1
994 213 1028 263 0.006671 1
1180 220 1232 266 0.006600 1
992 209 1009 252 0.006493 1
864 248 902 287 0.006423 1
859 247 910 293 0.006372 1
863 244 911 289 0.006334 1
862 246 921 293 0.006262 1
864 247 890 284 0.006227 1
861 242 922 293 0.006029 1
857 238 892 284 0.005974 1
883 244 929 296 0.005885 1
925 271 960 304 0.005678 1
704 213 729 238 0.005617 1
1067 221 1089 247 0.005578 1
1033 219 1087 262 0.005326 1
865 248 890 282 0.005094 1
739 226 755 267 0.005011 1
691 205 716 237 0.004903 1
752 237 817 307 0.004887 1
862 237 915 291 0.004695 1
991 218 1010 256 0.004636 1
862 240 930 295 0.004615 1
1182 214 1231 266 0.004568 1
743 212 781 298 0.004518 1
697 214 729 237 0.004412 1
926 272 960 305 0.004378 1
864 247 927 295 0.004297 1
927 239 941 253 0.004286 1
725 217 751 257 0.004206 1
863 251 907 294 0.004199 1
919 269 952 304 0.004114 1
1061 225 1080 256 0.004112 1
961 233 986 270 0.004069 1
864 237 894 280 0.004035 1
743 257 760 299 0.003970 1
1055 225 1077 261 0.003830 1
893 265 928 296 0.003793 1
857 241 904 289 0.003780 1
1071 210 1087 230 0.003718 1
787 247 833 284 0.003579 1
961 239 978 270 0.003552 1
744 236 831 303 0.003538 1
863 251 899 299 0.003532 1
891 250 928 296 0.003400 1
869 260 910 289 0.003271 1
861 253 893 285 0.003253 1
1181 217 1205 265 0.003193 1
727 226 762 299 0.003189 1
854 227 889 282 0.003103 1
772 240 817 281 0.002960 1
996 211 1024 259 0.002952 1
1071 227 1092 246 0.002949 1
726 227 755 261 0.002875 1
972 219 1064 268 0.002825 1
932 241 946 254 0.002762 1
752 239 789 307 0.002738 1
689 207 731 238 0.002704 1
1014 215 1057 253 0.002661 1
1072 229 1092 247 0.002640 1
692 204 730 236 0.002502 1
989 205 1002 223 0.002438 1
866 241 889 280 0.002410 1
879 252 937 298 0.002362 1
752 246 769 304 0.002335 1
1070 216 1097 247 0.002272 1
925 273 944 312 0.002180 1
926 272 946 311 0.002173 1
925 271 944 301 0.002171 1
867 238 934 296 0.002169 1
894 265 917 297 0.002153 1
925 270 944 296 0.002089 1
881 231 930 297 0.002052 1
874 264 911 293 0.002038 1
916 216 932 252 0.002012 1
862 235 918 286 0.002000 1
862 238 926 292 0.001998 1
731 218 785 299 0.001927 1
16 229 72 259 0.001919 1
877 264 911 289 0.001900 1
776 251 833 293 0.001856 1
791 244 822 280 0.001781 1
960 231 983 263 0.001739 1
895 241 929 296 0.001716 1
998 232 1025 269 0.001706 1
1072 215 1091 231 0.001645 1
715 225 750 258 0.001628 1
555 201 573 216 0.001530 1
1072 213 1089 231 0.001481 1
904 267 929 297 0.001466 1
785 233 825 276 0.001439 1
19 225 70 258 0.001438 1
1180 163 1203 217 0.001431 1
727 230 752 262 0.001345 1
770 229 819 275 0.001342 1
916 232 933 253 0.001333 1
20 231 71 258 0.001329 1
1011 240 1025 268 0.001297 1
1068 228 1093 262 0.001247 1
894 267 911 294 0.001245 1
783 257 822 288 0.001229 1
745 251 768 303 0.001225 1
1058 228 1079 263 0.001221 1
16 231 65 258 0.001221 1
853 255 895 300 0.001169 1
1069 207 1077 223 0.001167 1
1183 242 1202 255 0.001161 1
863 213 1003 298 0.001144 1
1034 218 1075 265 0.001123 1
764 238 836 294 0.001117 1
805 245 829 280 0.001100 1
926 278 944 312 0.001090 1
17 223 73 259 0.001086 1
1070 223 1103 269 0.001085 1
892 266 909 287 0.001079 1
550 201 563 216 0.001056 1
911 213 930 249 0.001055 1
875 265 913 301 0.001030 1
1181 216 1228 266 0.001026 1
955 272 1063 294 0.001010 1
910 271 944 312 0.000994 1
889 258 951 310 0.000970 1
894 266 915 303 0.000967 1
19 217 64 258 0.000962 1
906 215 934 252 0.000934 1
733 231 763 300 0.000904 1
910 211 931 248 0.000891 1
870 197 1010 304 0.000876 1
860 176 983 295 0.000874 1
864 245 933 315 0.000862 1
721 220 779 303 0.000845 1
795 252 834 297 0.000827 1
894 268 911 302 0.000817 1
18 216 57 256 0.000812 1
927 203 965 255 0.000812 1
720 229 751 258 0.000802 1
909 271 927 296 0.000802 1
784 260 806 281 0.000790 1
567 202 577 216 0.000789 1
20 228 74 256 0.000774 1
16 231 76 259 0.000763 1
920 271 951 315 0.000750 1
792 233 825 272 0.000743 1
1014 198 1071 246 0.000734 1
827 190 1185 274 0.000727 1
19 230 46 257 0.000722 1
864 262 907 298 0.000716 1
911 272 933 296 0.000715 1
16 217 44 258 0.000712 1
891 234 967 298 0.000711 1
933 243 959 254 0.000695 1
45 236 74 255 0.000689 1
948 245 961 254 0.000687 1
13 231 42 259 0.000682 1
910 270 929 296 0.000664 1
46 237 72 256 0.000663 1
32 228 94 257 0.000640 1
20 229 41 255 0.000623 1
43 235 100 258 0.000622 1
0 229 72 268 0.000614 1
959 210 1092 295 0.000611 1
861 244 930 331 0.000609 1
751 236 814 312 0.000609 1
747 235 837 334 0.000602 1
851 178 966 293 0.000601 1
18 230 41 257 0.000595 1
912 214 1035 303 0.000579 1
21 229 41 252 0.000579 1
887 221 931 299 0.000574 1
924 271 960 313 0.000562 1
45 236 84 257 0.000560 1
848 251 888 292 0.000558 1
726 225 759 272 0.000554 1
1180 162 1225 223 0.000546 1
928 239 977 303 0.000540 1
750 238 786 327 0.000533 1
684 207 755 260 0.000528 1
879 233 946 267 0.000521 1
949 261 1073 295 0.000515 1
909 276 926 296 0.000509 1
814 254 834 283 0.000505 1
1044 278 1059 295 0.000487 1
833 183 945 288 0.000479 1
43 236 72 256 0.000474 1
42 235 104 263 0.000472 1
1071 206 1092 231 0.000469 1
851 239 881 282 0.000469 1
948 233 968 254 0.000462 1
1039 219 1076 286 0.000452 1
863 190 977 293 0.000404 1
547 198 566 216 0.000397 1
1058 224 1074 279 0.000390 1
17 223 81 259 0.000388 1
42 227 99 258 0.000386 1
856 227 871 277 0.000384 1
726 227 755 295 0.000372 1
749 229 919 307 0.000370 1
0 229 43 259 0.000368 1
765 252 812 292 0.000360 1
0 233 43 262 0.000353 1
820 264 834 284 0.000351 1
1180 163 1205 224 0.000349 1
1007 228 1053 272 0.000343 1
20 221 69 255 0.000340 1
918 237 974 304 0.000340 1
1085 218 1097 232 0.000338 1
897 271 939 312 0.000329 1
942 235 980 269 0.000327 1
0 232 70 275 0.000325 1
4 223 73 264 0.000319 1
743 263 764 302 0.000318 1
749 237 844 344 0.000315 1
19 221 80 256 0.000308 1
0 232 65 277 0.000303 1
1079 213 1099 232 0.000297 1
12 231 105 261 0.000295 1
0 232 51 283 0.000290 1
818 263 834 291 0.000278 1
757 211 916 288 0.000273 1
909 269 944 329 0.000266 1
1069 230 1092 266 0.000265 1
0 230 76 283 0.000263 1
882 198 1020 293 0.000259 1
888 232 977 298 0.000259 1
1043 278 1066 295 0.000252 1
960 212 974 251 0.000249 1
864 239 924 276 0.000244 1
0 227 42 259 0.000234 1
948 254 975 306 0.000233 1
949 272 969 303 0.000227 1
646 210 1044 324 0.000223 1
1005 276 1061 295 0.000222 1
894 268 913 311 0.000217 1
209 229 242 263 0.000216 1
902 267 1041 312 0.000214 1
863 207 907 279 0.000212 1
692 215 744 255 0.000210 1
1045 211 1105 272 0.000209 1
721 237 772 342 0.000200 1
812 246 832 282 0.000198 1
867 271 881 298 0.000197 1
886 254 944 340 0.000195 1
0 231 105 284 0.000195 1
870 239 941 278 0.000194 1
840 243 923 335 0.000194 1
858 214 895 280 0.000191 1
1003 224 1075 295 0.000184 1
781 213 803 266 0.000181 1
1016 222 1077 286 0.000179 1
915 238 963 299 0.000178 1
816 261 857 306 0.000175 1
756 227 832 299 0.000175 1
1043 278 1068 295 0.000174 1
918 271 961 319 0.000168 1
930 272 960 315 0.000166 1
112 222 195 258 0.000164 1
15 223 104 261 0.000156 1
735 251 761 299 0.000155 1
28 236 88 266 0.000155 1
868 243 928 343 0.000152 1
752 208 911 285 0.000150 1
750 237 923 309 0.000149 1
852 260 883 298 0.000145 1
26 215 42 249 0.000139 1
680 213 695 234 0.000138 1
907 275 948 344 0.000138 1
1057 223 1095 281 0.000136 1
212 244 241 264 0.000134 1
786 257 837 301 0.000132 1
20 214 62 253 0.000127 1
1176 164 1205 220 0.000123 1
952 230 1012 299 0.000123 1
58 224 83 241 0.000123 1
818 261 840 300 0.000121 1
680 209 695 232 0.000120 1
23 235 74 269 0.000119 1
662 205 775 281 0.000119 1
685 214 885 297 0.000116 1
818 264 860 308 0.000116 1
747 242 975 339 0.000112 1
753 253 841 310 0.000107 1
48 237 97 264 0.000106 1
958 228 1041 297 0.000105 1
894 265 935 344 0.000105 1
798 258 826 300 0.000104 1
1007 224 1070 282 0.000104 1
922 239 967 271 0.000103 1
696 225 749 259 0.000103 1
207 218 237 255 0.000103 1
909 273 1046 310 0.000101 1
956 229 1033 296 0.000100 1
0 277 600 641 0.448186 2
631 375 657 395 0.046901 2
821 329 848 344 0.046505 2
632 374 659 395 0.034467 2
633 374 657 395 0.033621 2
1007 199 1031 224 0.032167 2
1104 487 1119 497 0.029875 2
1006 201 1025 223 0.026076 2
305 187 322 198 0.025464 2
1007 197 1038 225 0.021401 2
831 477 840 485 0.021119 2
1104 487 1121 497 0.019199 2
96 393 144 420 0.017197 2
566 428 591 441 0.013250 2
567 429 591 440 0.012168 2
960 480 975 487 0.012047 2
1007 201 1026 224 0.011955 2
1005 197 1046 224 0.011810 2
691 198 731 234 0.011780 2
959 481 974 487 0.011595 2
1006 195 1054 230 0.011455 2
821 328 848 345 0.009687 2
566 428 592 452 0.009045 2
1007 202 1025 230 0.008403 2
567 428 592 440 0.008286 2
635 375 661 395 0.008099 2
80 393 95 423 0.007550 2
80 393 144 423 0.007509 2
1009 198 1051 230 0.007285 2
670 384 684 394 0.007189 2
1110 488 1136 497 0.007077 2
848 472 866 479 0.006649 2
680 383 687 394 0.006614 2
692 202 729 235 0.006341 2
929 447 944 456 0.006320 2
838 469 849 479 0.006132 2
87 393 144 420 0.006016 2
691 199 730 230 0.006002 2
631 377 658 396 0.005830 2
562 424 591 440 0.005747 2
566 426 591 451 0.005665 2
565 424 592 440 0.005242 2
485 200 515 217 0.004945 2
694 203 728 235 0.004897 2
847 439 876 455 0.004763 2
1011 203 1034 227 0.004594 2
1006 190 1062 227 0.004431 2
968 455 976 462 0.004398 2
847 439 870 454 0.004336 2
917 473 928 482 0.004327 2
492 199 506 211 0.004306 2
924 455 936 462 0.004266 2
1006 191 1054 225 0.004090 2
819 328 848 363 0.003914 2
642 688 672 703 0.003869 2
1006 193 1042 224 0.003804 2
893 476 914 488 0.003758 2
824 504 833 511 0.003723 2
836 494 848 504 0.003638 2
647 456 656 461 0.003583 2
951 480 964 486 0.003565 2
556 176 579 203 0.003504 2
629 371 659 395 0.003501 2
671 383 687 395 0.003395 2
589 192 654 215 0.003302 2
482 198 513 216 0.003089 2
564 424 592 456 0.003072 2
994 206 1009 227 0.003063 2
1 279 599 679 0.002906 2
587 183 622 202 0.002860 2
648 375 662 391 0.002772 2
1103 488 1121 504 0.002752 2
921 473 940 483 0.002749 2
495 238 528 251 0.002661 2
595 197 651 216 0.002656 2
942 455 956 463 0.002636 2
912 455 925 463 0.002559 2
705 198 740 229 0.002475 2
947 456 961 466 0.002458 2
623 323 661 377 0.002442 2
607 448 624 466 0.002431 2
1263 348 1279 367 0.002405 2
559 423 591 444 0.002394 2
670 385 685 397 0.002362 2
588 187 656 216 0.002362 2
659 456 673 464 0.002345 2
299 560 356 680 0.002279 2
662 375 672 386 0.002170 2
821 327 848 343 0.002164 2
623 322 668 375 0.002162 2
833 493 849 505 0.002157 2
1114 220 1134 235 0.002120 2
714 197 730 229 0.002115 2
599 318 608 329 0.002076 2
911 449 926 456 0.002060 2
818 218 852 241 0.002057 2
670 454 683 464 0.002035 2
625 323 680 376 0.002013 2
322 376 595 485 0.002003 2
625 322 680 369 0.001943 2
1023 208 1040 230 0.001937 2
623 324 665 374 0.001911 2
672 384 688 397 0.001857 2
623 321 664 370 0.001828 2
630 373 687 398 0.001804 2
1004 196 1054 242 0.001800 2
1263 350 1279 368 0.001774 2
580 184 621 206 0.001767 2
901 456 913 462 0.001763 2
566 427 592 460 0.001746 2
582 183 621 203 0.001745 2
319 209 331 231 0.001743 2
606 201 646 216 0.001739 2
1261 464 1279 500 0.001730 2
556 179 578 201 0.001720 2
1114 218 1136 231 0.001696 2
499 238 529 251 0.001691 2
1263 343 1279 355 0.001685 2
587 183 655 217 0.001658 2
1113 217 1189 247 0.001633 2
595 422 608 434 0.001611 2
392 482 498 528 0.001608 2
632 202 652 217 0.001565 2
617 189 656 214 0.001556 2
1010 210 1041 234 0.001546 2
1101 226 1120 247 0.001533 2
1095 494 1105 504 0.001499 2
488 201 516 217 0.001496 2
559 422 591 443 0.001490 2
1199 472 1215 482 0.001453 2
623 321 660 371 0.001438 2
1182 217 1274 267 0.001436 2
1074 327 1088 336 0.001431 2
305 186 336 199 0.001422 2
317 381 516 461 0.001418 2
624 315 683 369 0.001417 2
1186 328 1200 339 0.001374 2
587 183 623 205 0.001367 2
925 203 965 254 0.001355 2
1104 169 1120 203 0.001324 2
1114 220 1133 239 0.001297 2
601 361 623 376 0.001261 2
987 482 1000 487 0.001259 2
293 179 312 198 0.001253 2
1037 322 1056 334 0.001233 2
611 187 658 208 0.001219 2
319 203 331 231 0.001214 2
590 424 608 435 0.001205 2
657 377 677 393 0.001201 2
617 187 656 206 0.001148 2
1263 463 1279 486 0.001147 2
912 455 930 466 0.001147 2
0 280 533 680 0.001135 2
1114 220 1142 240 0.001128 2
624 321 681 388 0.001113 2
1016 337 1024 344 0.001090 2
688 375 695 384 0.001085 2
625 321 689 389 0.001071 2
668 371 687 392 0.001069 2
1262 250 1279 270 0.001055 2
1119 502 1130 509 0.001053 2
631 367 655 395 0.001043 2
1068 326 1088 338 0.001040 2
895 472 913 486 0.001040 2
597 362 623 376 0.001039 2
1260 168 1279 181 0.001034 2
1006 193 1031 224 0.001031 2
816 336 847 362 0.001020 2
294 178 306 197 0.001016 2
1082 208 1132 248 0.001009 2
1031 321 1086 340 0.001007 2
497 197 516 211 0.000998 2
1079 214 1124 247 0.000989 2
1113 220 1134 242 0.000980 2
624 321 682 378 0.000978 2
241 381 530 471 0.000966 2
1024 320 1054 334 0.000959 2
607 198 650 217 0.000945 2
624 320 688 382 0.000943 2
1110 215 1135 233 0.000937 2
1036 321 1055 334 0.000933 2
623 322 658 377 0.000929 2
1182 328 1200 341 0.000923 2
1039 322 1056 335 0.000912 2
1120 64 1152 77 0.000912 2
1093 488 1107 502 0.000912 2
1023 320 1057 341 0.000902 2
1023 319 1042 331 0.000890 2
685 452 703 468 0.000890 2
236 380 538 483 0.000871 2
921 199 958 221 0.000861 2
1258 202 1278 233 0.000856 2
49 395 98 423 0.000851 2
339 376 585 444 0.000850 2
687 453 704 468 0.000838 2
598 462 608 472 0.000832 2
564 423 608 462 0.000830 2
318 379 570 477 0.000829 2
1114 217 1138 231 0.000810 2
321 380 552 469 0.000810 2
1219 242 1280 268 0.000803 2
320 379 535 451 0.000801 2
870 197 931 233 0.000794 2
657 454 668 463 0.000788 2
676 360 688 391 0.000781 2
214 343 601 638 0.000775 2
996 198 1018 228 0.000765 2
640 455 655 463 0.000756 2
385 478 498 526 0.000753 2
566 424 608 448 0.000735 2
592 423 608 440 0.000729 2
557 178 582 203 0.000727 2
1237 249 1279 269 0.000725 2
422 493 475 518 0.000719 2
804 182 852 221 0.000718 2
893 198 953 247 0.000712 2
829 504 840 512 0.000704 2
1027 312 1086 335 0.000704 2
703 199 740 234 0.000700 2
1258 246 1279 268 0.000695 2
327 377 584 447 0.000692 2
993 196 1056 238 0.000692 2
677 452 689 467 0.000690 2
341 374 586 452 0.000684 2
1244 248 1279 269 0.000683 2
1116 327 1146 344 0.000682 2
49 404 97 423 0.000675 2
1028 318 1089 340 0.000672 2
318 378 548 448 0.000672 2
877 203 904 243 0.000657 2
273 184 294 194 0.000653 2
649 443 702 465 0.000652 2
495 196 533 252 0.000644 2
1248 199 1274 234 0.000639 2
741 437 768 456 0.000633 2
799 494 809 503 0.000629 2
582 184 621 213 0.000624 2
591 448 608 457 0.000621 2
997 455 1008 465 0.000618 2
354 376 590 485 0.000612 2
1258 198 1279 233 0.000606 2
401 485 495 521 0.000604 2
531 410 592 459 0.000604 2
304 381 535 481 0.000596 2
593 360 623 376 0.000591 2
1263 255 1279 270 0.000586 2
204 279 601 636 0.000584 2
703 439 722 466 0.000578 2
1094 174 1122 209 0.000576 2
716 247 769 339 0.000576 2
628 192 655 214 0.000568 2
80 392 146 421 0.000562 2
636 374 681 401 0.000556 2
743 443 801 467 0.000552 2
1260 169 1279 182 0.000551 2
1122 64 1152 75 0.000550 2
631 451 640 463 0.000549 2
645 379 686 400 0.000546 2
293 175 319 199 0.000545 2
627 336 688 398 0.000540 2
1023 319 1043 341 0.000536 2
636 427 654 439 0.000533 2
630 364 651 393 0.000532 2
738 437 765 456 0.000531 2
1167 267 1205 282 0.000527 2
890 439 945 456 0.000525 2
704 439 721 462 0.000524 2
1261 243 1279 269 0.000524 2
623 324 659 369 0.000505 2
838 498 848 511 0.000502 2
456 204 465 216 0.000497 2
627 328 669 378 0.000494 2
843 437 884 479 0.000489 2
896 199 912 236 0.000489 2
1072 323 1126 345 0.000488 2
1263 343 1279 368 0.000484 2
3 281 79 295 0.000482 2
681 447 703 466 0.000481 2
629 421 668 438 0.000479 2
1024 307 1082 334 0.000479 2
958 456 969 469 0.000478 2
584 445 608 460 0.000475 2
642 426 657 439 0.000472 2
691 198 720 236 0.000470 2
357 219 368 230 0.000462 2
1068 211 1130 247 0.000462 2
663 462 672 471 0.000461 2
641 438 703 464 0.000458 2
863 335 876 343 0.000456 2
504 327 512 335 0.000454 2
590 450 608 465 0.000452 2
273 185 295 195 0.000450 2
318 201 334 231 0.000447 2
0 281 265 435 0.000445 2
321 380 563 484 0.000440 2
653 440 702 463 0.000439 2
635 347 656 375 0.000439 2
1071 333 1088 346 0.000438 2
1050 455 1069 466 0.000435 2
655 445 700 464 0.000431 2
436 489 487 511 0.000430 2
1204 254 1223 266 0.000430 2
1086 207 1127 232 0.000427 2
703 440 722 467 0.000427 2
627 403 664 429 0.000425 2
1022 321 1060 345 0.000422 2
1042 311 1136 347 0.000421 2
704 454 755 471 0.000421 2
353 369 560 439 0.000420 2
495 217 529 251 0.000416 2
48 403 102 423 0.000413 2
624 405 671 438 0.000413 2
601 359 624 375 0.000411 2
607 358 623 375 0.000409 2
694 190 731 230 0.000409 2
481 175 511 215 0.000409 2
0 280 472 681 0.000408 2
1099 208 1129 223 0.000408 2
1224 163 1279 181 0.000408 2
914 197 956 231 0.000402 2
802 184 849 241 0.000399 2
670 430 681 440 0.000398 2
975 455 985 463 0.000398 2
910 439 942 456 0.000393 2
1263 364 1279 376 0.000392 2
1206 253 1226 266 0.000390 2
46 281 79 294 0.000384 2
951 459 961 471 0.000382 2
587 171 603 185 0.000378 2
648 425 690 440 0.000374 2
1166 266 1210 283 0.000372 2
908 201 939 248 0.000372 2
594 461 608 486 0.000371 2
48 406 86 423 0.000369 2
972 277 1043 295 0.000367 2
1045 312 1092 336 0.000366 2
293 376 601 636 0.000365 2
345 370 536 444 0.000361 2
632 350 678 393 0.000360 2
1172 274 1218 286 0.000350 2
885 473 923 489 0.000348 2
606 414 624 438 0.000342 2
1093 208 1136 231 0.000339 2
838 443 871 454 0.000339 2
585 453 608 481 0.000338 2
640 416 666 438 0.000338 2
717 326 769 363 0.000337 2
385 198 398 206 0.000337 2
1023 319 1058 342 0.000336 2
591 360 624 397 0.000336 2
1033 322 1084 348 0.000335 2
1165 255 1251 286 0.000334 2
0 251 65 283 0.000333 2
1181 161 1210 223 0.000333 2
362 379 579 551 0.000332 2
1167 272 1222 286 0.000331 2
722 341 790 375 0.000329 2
714 337 793 362 0.000328 2
636 437 703 466 0.000328 2
819 469 831 477 0.000327 2
656 426 677 440 0.000327 2
243 382 519 466 0.000326 2
495 239 527 253 0.000324 2
637 438 704 463 0.000322 2
661 183 692 221 0.000321 2
28 280 79 294 0.000321 2
717 336 757 363 0.000320 2
448 519 599 634 0.000319 2
272 178 313 198 0.000319 2
1043 200 1128 246 0.000318 2
0 255 69 286 0.000313 2
583 449 608 475 0.000313 2
506 411 593 482 0.000311 2
1119 598 1127 606 0.000311 2
48 407 100 423 0.000308 2
1235 345 1253 354 0.000308 2
1167 270 1217 285 0.000304 2
1034 311 1089 336 0.000303 2
384 482 492 528 0.000302 2
380 428 400 439 0.000301 2
923 439 963 457 0.000299 2
0 281 231 433 0.000299 2
718 327 781 349 0.000299 2
1256 349 1279 376 0.000298 2
865 191 903 241 0.000298 2
624 310 689 384 0.000298 2
592 360 624 400 0.000297 2
304 186 325 201 0.000296 2
365 420 400 439 0.000296 2
81 393 144 426 0.000295 2
614 376 700 438 0.000295 2
292 175 308 198 0.000295 2
597 167 623 187 0.000292 2
1169 274 1214 286 0.000292 2
496 228 531 252 0.000291 2
834 494 848 507 0.000290 2
591 362 624 408 0.000290 2
750 343 786 361 0.000289 2
48 407 89 423 0.000288 2
307 576 355 680 0.000286 2
914 179 951 203 0.000283 2
645 444 657 461 0.000283 2
356 216 368 230 0.000281 2
1167 267 1217 285 0.000281 2
996 479 1010 488 0.000281 2
1026 320 1058 338 0.000281 2
255 555 320 593 0.000279 2
874 206 904 244 0.000278 2
637 350 656 376 0.000277 2
1166 263 1196 271 0.000277 2
256 555 323 596 0.000275 2
1119 64 1140 77 0.000275 2
509 402 592 467 0.000275 2
475 555 546 632 0.000274 2
582 425 608 459 0.000271 2
1122 64 1152 79 0.000271 2
239 383 513 478 0.000271 2
47 395 146 423 0.000271 2
518 170 554 197 0.000270 2
607 426 624 440 0.000269 2
704 455 753 471 0.000268 2
1214 249 1279 284 0.000268 2
871 497 880 503 0.000267 2
310 381 489 455 0.000266 2
738 443 765 459 0.000265 2
497 237 531 254 0.000265 2
514 391 592 456 0.000264 2
1204 247 1252 270 0.000262 2
638 440 656 462 0.000262 2
455 554 534 631 0.000261 2
459 555 538 632 0.000261 2
1016 439 1041 456 0.000261 2
1175 256 1280 292 0.000261 2
324 190 339 199 0.000259 2
1167 329 1200 358 0.000257 2
0 281 216 349 0.000256 2
1022 333 1033 343 0.000256 2
1241 249 1279 271 0.000256 2
634 385 679 428 0.000255 2
534 160 581 195 0.000254 2
455 397 593 464 0.000253 2
671 427 690 440 0.000253 2
388 481 504 556 0.000253 2
326 199 387 231 0.000252 2
1176 328 1200 358 0.000251 2
540 411 591 444 0.000249 2
320 380 499 452 0.000248 2
1075 194 1092 210 0.000248 2
496 240 521 252 0.000248 2
257 555 322 600 0.000245 2
1262 168 1279 222 0.000245 2
253 555 324 604 0.000245 2
469 179 499 218 0.000244 2
1223 161 1279 182 0.000244 2
48 395 105 422 0.000244 2
619 373 701 437 0.000243 2
1021 440 1040 455 0.000243 2
415 487 496 515 0.000242 2
623 323 660 358 0.000242 2
489 193 526 247 0.000240 2
623 311 674 364 0.000240 2
628 375 670 429 0.000239 2
577 452 608 491 0.000238 2
625 411 703 463 0.000238 2
607 449 624 469 0.000236 2
1166 262 1215 282 0.000236 2
1198 255 1280 292 0.000235 2
114 236 189 265 0.000234 2
231 379 601 639 0.000233 2
591 364 619 408 0.000233 2
0 254 53 283 0.000232 2
1204 252 1229 274 0.000231 2
642 439 678 460 0.000231 2
447 150 522 171 0.000231 2
1195 252 1280 285 0.000230 2
624 422 645 438 0.000230 2
448 547 596 633 0.000229 2
319 200 369 233 0.000227 2
72 385 600 642 0.000224 2
623 315 666 366 0.000223 2
545 420 592 481 0.000222 2
748 342 788 360 0.000222 2
594 373 700 442 0.000222 2
628 349 653 377 0.000221 2
1151 470 1184 484 0.000220 2
607 446 642 467 0.000219 2
824 451 886 478 0.000218 2
816 180 1198 298 0.000218 2
375 388 599 585 0.000218 2
633 389 681 439 0.000218 2
640 386 685 411 0.000217 2
594 359 623 376 0.000217 2
953 276 1046 312 0.000215 2
1169 272 1280 288 0.000213 2
653 371 705 409 0.000213 2
1026 305 1065 334 0.000213 2
242 422 320 445 0.000213 2
383 381 593 579 0.000213 2
838 439 864 452 0.000210 2
293 557 357 680 0.000209 2
585 368 609 407 0.000209 2
348 373 584 477 0.000207 2
624 405 659 437 0.000206 2
568 407 609 437 0.000205 2
0 279 215 339 0.000204 2
648 383 688 411 0.000202 2
253 553 355 677 0.000202 2
1204 252 1280 293 0.000201 2
606 442 644 466 0.000200 2
253 197 272 211 0.000199 2
623 359 635 377 0.000199 2
91 393 145 422 0.000198 2
1257 170 1279 200 0.000198 2
638 439 651 458 0.000198 2
328 200 379 231 0.000198 2
1038 322 1058 345 0.000197 2
338 199 387 232 0.000196 2
0 256 50 284 0.000196 2
833 493 858 505 0.000195 2
711 337 846 466 0.000195 2
1014 277 1059 295 0.000195 2
193 473 216 488 0.000194 2
371 426 400 439 0.000194 2
271 183 316 200 0.000194 2
1036 325 1089 346 0.000193 2
597 360 624 404 0.000193 2
1172 271 1273 288 0.000193 2
641 365 706 440 0.000189 2
125 236 197 264 0.000189 2
1103 494 1120 510 0.000188 2
1076 335 1120 369 0.000187 2
590 368 623 411 0.000187 2
243 417 319 445 0.000187 2
1200 269 1280 296 0.000186 2
1052 455 1075 470 0.000186 2
870 177 942 199 0.000186 2
560 410 592 442 0.000184 2
249 422 326 447 0.000184 2
1175 229 1279 302 0.000184 2
411 418 603 638 0.000184 2
258 554 318 596 0.000183 2
671 354 704 385 0.000182 2
751 343 786 360 0.000181 2
662 370 703 395 0.000181 2
260 555 320 595 0.000180 2
624 363 649 389 0.000179 2
488 349 531 407 0.000179 2
0 300 68 349 0.000179 2
973 448 992 461 0.000179 2
593 361 624 391 0.000178 2
0 279 76 353 0.000178 2
822 327 857 344 0.000177 2
0 280 81 295 0.000177 2
624 310 682 358 0.000176 2
1121 247 1220 282 0.000176 2
554 423 592 481 0.000176 2
372 422 400 438 0.000175 2
1007 303 1023 311 0.000175 2
662 273 688 283 0.000175 2
588 166 604 184 0.000175 2
1167 271 1219 286 0.000175 2
48 394 86 420 0.000174 2
22 284 225 432 0.000173 2
320 570 350 612 0.000173 2
524 403 592 446 0.000172 2
635 437 703 468 0.000171 2
242 355 509 465 0.000171 2
831 416 847 429 0.000171 2
869 177 954 219 0.000171 2
866 175 939 203 0.000171 2
1258 278 1279 295 0.000170 2
587 372 608 408 0.000170 2
636 351 657 377 0.000170 2
1261 279 1279 295 0.000169 2
624 376 641 394 0.000169 2
9 393 601 663 0.000168 2
535 405 558 422 0.000168 2
1 302 70 347 0.000168 2
962 278 1029 296 0.000168 2
1251 483 1279 503 0.000168 2
930 183 948 202 0.000168 2
305 186 332 224 0.000166 2
319 568 352 625 0.000166 2
503 317 528 350 0.000166 2
583 358 620 396 0.000166 2
486 151 520 170 0.000165 2
320 385 386 433 0.000165 2
627 369 702 446 0.000165 2
1263 325 1279 369 0.000164 2
670 185 692 215 0.000163 2
7 281 226 343 0.000162 2
48 407 83 422 0.000162 2
1184 350 1268 399 0.000162 2
333 423 385 455 0.000161 2
913 180 956 220 0.000160 2
525 168 570 190 0.000160 2
1260 278 1279 294 0.000160 2
319 368 504 444 0.000160 2
949 275 1024 302 0.000159 2
353 379 534 547 0.000159 2
925 437 967 456 0.000159 2
457 556 544 633 0.000158 2
1206 256 1220 273 0.000158 2
1041 310 1090 335 0.000158 2
623 423 638 439 0.000157 2
506 316 529 350 0.000156 2
557 418 695 469 0.000156 2
583 174 726 217 0.000156 2
563 426 599 485 0.000155 2
250 420 320 444 0.000155 2
1123 243 1213 271 0.000154 2
1205 252 1237 275 0.000154 2
519 459 591 532 0.000154 2
515 391 528 408 0.000152 2
453 553 530 588 0.000151 2
81 396 136 423 0.000151 2
1071 414 1091 425 0.000150 2
500 383 528 407 0.000150 2
826 281 850 300 0.000149 2
0 279 80 295 0.000149 2
1168 327 1186 339 0.000149 2
2 326 594 680 0.000148 2
622 305 690 358 0.000148 2
297 199 388 290 0.000147 2
746 336 847 391 0.000147 2
267 196 279 215 0.000147 2
318 567 353 639 0.000147 2
955 339 994 382 0.000146 2
522 481 543 505 0.000146 2
85 392 165 430 0.000145 2
80 385 144 423 0.000145 2
265 193 273 206 0.000144 2
319 386 390 434 0.000144 2
1239 344 1279 396 0.000144 2
540 405 560 422 0.000144 2
556 178 584 215 0.000144 2
192 474 216 488 0.000143 2
481 200 524 250 0.000143 2
327 423 399 454 0.000143 2
306 198 387 239 0.000142 2
957 438 993 458 0.000142 2
1179 275 1279 292 0.000141 2
971 480 993 487 0.000141 2
1003 324 1042 362 0.000140 2
77 371 144 423 0.000139 2
623 357 634 376 0.000138 2
1262 278 1279 294 0.000138 2
471 331 532 403 0.000137 2
1213 335 1225 348 0.000137 2
948 276 1012 307 0.000136 2
1172 275 1278 291 0.000136 2
1171 372 1274 423 0.000135 2
749 269 979 342 0.000135 2
476 351 531 409 0.000135 2
1214 253 1280 295 0.000135 2
47 407 84 423 0.000132 2
1051 302 1149 339 0.000131 2
635 380 692 445 0.000130 2
752 268 935 345 0.000130 2
400 485 468 521 0.000130 2
1050 310 1104 335 0.000128 2
1195 273 1279 293 0.000128 2
1048 310 1087 335 0.000128 2
699 180 763 231 0.000128 2
320 199 387 234 0.000128 2
298 200 332 232 0.000128 2
483 397 595 483 0.000127 2
519 421 598 501 0.000127 2
1224 182 1269 216 0.000127 2
1126 242 1200 270 0.000126 2
0 301 62 351 0.000126 2
1119 64 1134 77 0.000125 2
631 468 640 478 0.000124 2
502 410 598 524 0.000124 2
391 386 567 561 0.000123 2
629 450 679 479 0.000123 2
1163 273 1280 314 0.000122 2
1244 316 1279 401 0.000122 2
383 470 500 530 0.000122 2
446 194 466 220 0.000122 2
1170 275 1279 293 0.000122 2
852 496 863 503 0.000122 2
1013 319 1077 387 0.000122 2
1206 360 1264 392 0.000122 2
659 408 704 441 0.000121 2
190 472 216 488 0.000121 2
333 422 381 456 0.000121 2
634 326 689 399 0.000120 2
1202 253 1258 275 0.000120 2
652 409 703 439 0.000120 2
311 575 356 680 0.000120 2
591 361 621 379 0.000119 2
733 331 847 391 0.000119 2
1247 440 1279 487 0.000119 2
631 455 667 473 0.000119 2
39 396 599 680 0.000118 2
1259 317 1279 365 0.000118 2
44 455 590 682 0.000116 2
990 433 1002 440 0.000116 2
1263 359 1279 399 0.000116 2
625 423 645 442 0.000115 2
2 280 79 309 0.000115 2
477 554 544 624 0.000115 2
0 281 197 351 0.000114 2
867 176 941 195 0.000114 2
1026 305 1058 332 0.000114 2
359 419 396 439 0.000114 2
945 278 1009 310 0.000113 2
1155 275 1280 311 0.000113 2
595 458 608 495 0.000112 2
351 213 370 233 0.000112 2
0 408 48 424 0.000112 2
628 455 673 487 0.000112 2
994 422 1014 436 0.000111 2
1229 353 1279 412 0.000110 2
660 171 692 217 0.000110 2
472 221 529 251 0.000110 2
1174 252 1234 286 0.000109 2
960 227 1050 296 0.000109 2
623 328 655 377 0.000108 2
352 379 409 438 0.000108 2
719 292 767 324 0.000107 2
1154 164 1201 184 0.000107 2
954 280 1009 311 0.000107 2
631 459 640 475 0.000107 2
526 159 580 186 0.000107 2
1006 300 1024 311 0.000106 2
324 423 392 455 0.000106 2
948 286 1008 326 0.000105 2
1110 239 1215 280 0.000105 2
391 386 500 542 0.000105 2
1184 370 1268 400 0.000105 2
510 421 600 535 0.000104 2
356 388 401 440 0.000104 2
498 317 529 351 0.000104 2
131 237 243 265 0.000104 2
1027 321 1079 393 0.000104 2
317 384 404 436 0.000103 2
239 410 382 453 0.000103 2
312 563 354 682 0.000102 2
956 285 1007 324 0.000102 2
634 391 685 439 0.000102 2
318 563 351 613 0.000102 2
239 399 385 461 0.000101 2
481 387 594 454 0.000101 2
1205 333 1219 347 0.000101 2
1254 631 1264 644 0.000101 2
598 316 608 342 0.000101 2
515 170 549 198 0.000101 2
507 414 599 553 0.000100 2
1180 164 1279 268 0.006573 5
444 168 516 217 0.006419 5
444 167 561 217 0.003357 5
1111 163 1279 269 0.002984 5
478 169 519 216 0.002772 5
447 168 521 217 0.002029 5
1006 183 1053 223 0.001023 5
1220 162 1279 206 0.000967 5
479 171 514 210 0.000951 5
467 169 516 216 0.000756 5
706 198 1276 361 0.000694 5
715 174 1277 360 0.000658 5
449 155 522 212 0.000642 5
1005 182 1059 220 0.000485 5
1224 180 1279 203 0.000441 5
1220 176 1279 205 0.000432 5
466 167 516 211 0.000317 5
480 172 505 206 0.000304 5
446 154 519 170 0.000292 5
821 135 938 163 0.000254 5
1198 169 1279 206 0.000233 5
1202 281 1280 316 0.000208 5
445 168 529 222 0.000199 5
1174 281 1280 316 0.000193 5
1199 282 1280 327 0.000190 5
1209 282 1280 323 0.000182 5
1171 276 1280 314 0.000147 5
1200 165 1270 210 0.000140 5
449 169 512 269 0.000128 5
1197 283 1280 315 0.000109 5
952 277 1037 311 0.000107 5
0 279 602 667 0.160955 6
0 280 611 498 0.123945 6
651 259 1279 501 0.066091 6
0 279 605 604 0.057102 6
1 277 600 567 0.041988 6
1 278 606 472 0.020517 6
753 266 1279 499 0.017327 6
640 263 1243 480 0.009937 6
1180 163 1279 269 0.008985 6
862 269 1279 497 0.008661 6
666 231 1279 503 0.006625 6
663 256 1278 373 0.006287 6
1100 161 1279 269 0.005512 6
684 426 1277 500 0.005307 6
756 263 1278 356 0.005186 6
444 165 518 217 0.005012 6
645 429 1253 498 0.004890 6
710 274 1279 501 0.004181 6
653 339 1277 504 0.004059 6
671 362 1278 500 0.003789 6
679 433 1276 503 0.003590 6
699 249 1278 381 0.003492 6
0 278 597 530 0.003384 6
642 291 1246 492 0.003370 6
644 379 1264 498 0.003127 6
906 267 1279 491 0.002869 6
864 266 1279 356 0.002862 6
644 302 1263 499 0.002698 6
726 447 1276 506 0.002572 6
704 414 1278 504 0.002531 6
731 406 1278 505 0.002518 6
907 268 1279 453 0.002440 6
640 322 1239 492 0.002324 6
753 438 884 479 0.002298 6
692 231 1278 481 0.002293 6
640 262 1145 478 0.002228 6
744 459 1277 508 0.002212 6
711 443 1273 503 0.002188 6
642 426 1217 492 0.002096 6
1040 271 1279 493 0.001741 6
689 439 1274 510 0.001741 6
818 446 1056 488 0.001691 6
1180 166 1279 227 0.001673 6
751 442 880 478 0.001617 6
1050 270 1279 414 0.001516 6
721 194 1277 384 0.001502 6
1135 276 1279 351 0.001489 6
1025 266 1279 361 0.001474 6
442 152 590 217 0.001472 6
641 244 1244 459 0.001432 6
640 321 1180 486 0.001410 6
770 179 1279 355 0.001389 6
1180 161 1279 221 0.001322 6
792 447 1062 487 0.001275 6
754 433 886 479 0.001235 6
756 446 894 480 0.001230 6
1122 410 1279 482 0.001222 6
1120 410 1279 493 0.001180 6
640 422 1182 487 0.001160 6
997 468 1280 509 0.001145 6
825 449 1124 488 0.001127 6
1001 468 1280 500 0.001102 6
754 448 883 479 0.001096 6
1 282 431 474 0.001092 6
1125 407 1279 474 0.001080 6
982 277 1279 500 0.001036 6
1035 268 1279 429 0.001034 6
817 435 1055 487 0.001008 6
730 418 887 479 0.001004 6
746 443 878 476 0.000974 6
817 158 1279 358 0.000972 6
0 281 388 446 0.000942 6
1008 398 1275 478 0.000903 6
1017 461 1276 507 0.000849 6
825 450 1176 494 0.000847 6
740 420 888 480 0.000846 6
6 280 607 396 0.000844 6
437 143 603 226 0.000827 6
1103 275 1279 488 0.000826 6
834 449 945 487 0.000790 6
650 436 1257 510 0.000766 6
738 415 885 478 0.000740 6
777 466 1278 510 0.000740 6
1047 163 1279 275 0.000731 6
647 435 1204 512 0.000718 6
640 335 1053 483 0.000713 6
1106 407 1279 503 0.000696 6
876 160 1279 335 0.000679 6
0 281 397 504 0.000672 6
1078 160 1277 254 0.000660 6
1126 404 1278 471 0.000617 6
908 465 1191 498 0.000615 6
758 448 946 486 0.000613 6
983 466 1269 497 0.000612 6
1158 273 1279 349 0.000602 6
789 402 1278 506 0.000590 6
622 342 952 482 0.000579 6
1123 370 1279 480 0.000572 6
1 281 448 442 0.000570 6
1027 401 1277 474 0.000569 6
974 396 1280 484 0.000544 6
439 157 590 212 0.000534 6
751 448 876 476 0.000526 6
1086 165 1277 259 0.000525 6
642 422 1062 487 0.000522 6
1021 390 1277 474 0.000519 6
3 280 581 374 0.000516 6
1203 165 1279 230 0.000515 6
0 281 363 438 0.000490 6
719 168 1271 354 0.000490 6
716 199 1279 364 0.000489 6
640 262 1097 454 0.000472 6
1180 421 1279 492 0.000465 6
643 253 1179 404 0.000458 6
830 135 938 167 0.000456 6
1014 469 1276 508 0.000451 6
1134 385 1279 490 0.000445 6
939 466 1181 498 0.000445 6
609 414 702 466 0.000442 6
694 231 1277 432 0.000440 6
444 149 582 215 0.000422 6
849 426 950 482 0.000421 6
621 414 703 465 0.000420 6
1156 65 1279 272 0.000415 6
1017 448 1277 509 0.000412 6
1 281 490 492 0.000401 6
645 428 1220 520 0.000394 6
1228 440 1279 493 0.000385 6
711 335 847 463 0.000381 6
1000 164 1279 360 0.000380 6
1057 420 1264 495 0.000372 6
1165 271 1279 351 0.000370 6
622 326 942 476 0.000369 6
1163 286 1279 419 0.000351 6
1098 288 1279 496 0.000347 6
1172 343 1277 419 0.000343 6
1034 335 1276 476 0.000336 6
640 209 1180 381 0.000326 6
976 427 1273 500 0.000321 6
1101 417 1277 509 0.000317 6
1171 232 1279 301 0.000315 6
616 406 703 464 0.000314 6
557 417 703 466 0.000312 6
1218 162 1279 211 0.000310 6
636 436 703 466 0.000310 6
707 409 844 470 0.000307 6
947 270 1178 348 0.000295 6
1130 367 1279 488 0.000293 6
11 167 502 360 0.000288 6
625 409 703 464 0.000286 6
665 252 1195 400 0.000286 6
709 307 850 380 0.000285 6
1191 283 1280 351 0.000285 6
1179 302 1279 421 0.000284 6
745 446 962 486 0.000281 6
909 471 1277 512 0.000278 6
624 226 960 484 0.000274 6
1029 432 1234 488 0.000270 6
1056 420 1277 509 0.000265 6
1178 65 1280 272 0.000265 6
862 421 1003 482 0.000263 6
829 135 938 174 0.000261 6
942 405 1279 506 0.000260 6
1049 163 1279 370 0.000260 6
3 271 584 414 0.000258 6
828 134 938 159 0.000257 6
1 280 227 339 0.000256 6
357 64 707 221 0.000256 6
589 150 636 194 0.000254 6
606 331 959 578 0.000252 6
641 419 1195 538 0.000248 6
20 67 544 361 0.000245 6
1252 370 1279 501 0.000244 6
641 174 1208 404 0.000244 6
1120 384 1278 471 0.000237 6
1091 64 1280 273 0.000237 6
709 332 848 387 0.000237 6
1159 344 1277 421 0.000234 6
385 64 668 221 0.000233 6
1237 440 1279 497 0.000233 6
590 338 959 589 0.000230 6
710 337 845 473 0.000229 6
736 170 1272 330 0.000222 6
1173 283 1280 350 0.000221 6
328 64 687 222 0.000220 6
0 281 368 519 0.000214 6
561 430 703 469 0.000210 6
1196 366 1279 494 0.000208 6
640 422 974 486 0.000203 6
461 143 580 210 0.000201 6
443 160 510 217 0.000198 6
2 281 485 375 0.000198 6
410 142 890 231 0.000194 6
444 177 485 217 0.000194 6
652 407 785 470 0.000193 6
609 431 702 467 0.000190 6
1203 414 1279 500 0.000190 6
541 375 704 465 0.000184 6
1143 64 1279 269 0.000184 6
572 339 945 486 0.000183 6
443 170 490 214 0.000182 6
1179 347 1278 422 0.000180 6
609 237 951 482 0.000176 6
710 335 847 418 0.000176 6
1228 440 1279 488 0.000173 6
926 430 1181 499 0.000170 6
710 335 848 403 0.000170 6
326 64 638 221 0.000168 6
973 297 1164 349 0.000167 6
982 195 1279 302 0.000164 6
593 273 932 480 0.000162 6
652 226 1198 376 0.000160 6
1056 395 1280 509 0.000158 6
828 408 1035 465 0.000158 6
924 275 1110 334 0.000156 6
1048 469 1279 515 0.000154 6
3 182 572 429 0.000153 6
697 205 1235 372 0.000153 6
901 300 1095 400 0.000152 6
841 403 1043 466 0.000151 6
707 409 832 467 0.000149 6
1168 244 1279 359 0.000149 6
72 283 348 434 0.000143 6
1131 369 1279 455 0.000141 6
969 394 1274 491 0.000138 6
718 410 838 471 0.000136 6
550 423 702 465 0.000135 6
17 189 467 362 0.000134 6
729 414 839 474 0.000133 6
623 217 959 443 0.000128 6
816 135 937 223 0.000126 6
560 399 959 587 0.000124 6
710 334 847 450 0.000122 6
1057 64 1280 275 0.000122 6
622 405 786 469 0.000120 6
43 64 576 364 0.000120 6
942 436 1189 499 0.000119 6
1028 294 1154 348 0.000119 6
94 283 361 435 0.000116 6
584 245 935 481 0.000116 6
1214 285 1279 350 0.000116 6
915 274 1077 342 0.000112 6
1206 353 1279 493 0.000110 6
1174 75 1280 230 0.000109 6
33 245 321 323 0.000103 6
1130 280 1280 504 0.000103 6
360 88 724 228 0.000102 6
81 283 331 435 0.000102 6
612 233 952 432 0.000101 6
776 414 895 475 0.000101 6
911 412 1043 479 0.000101 6
865 176 959 244 0.274832 7
865 176 953 242 0.213182 7
837 176 956 242 0.121315 7
808 176 957 243 0.100280 7
866 176 943 235 0.079237 7
864 176 963 249 0.071765 7
717 152 859 235 0.067925 7
713 152 860 249 0.066290 7
698 154 960 244 0.052437 7
713 153 811 221 0.045700 7
712 152 857 223 0.043343 7
857 176 953 244 0.042642 7
696 166 960 244 0.040349 7
712 152 825 224 0.035713 7
703 153 810 224 0.031199 7
694 152 935 239 0.026284 7
865 177 942 244 0.025010 7
697 152 871 238 0.022519 7
693 153 812 227 0.019070 7
803 172 941 242 0.019050 7
696 152 881 244 0.018525 7
1113 172 1199 247 0.017659 7
544 170 580 204 0.016139 7
1181 177 1279 269 0.014457 7
1114 184 1192 246 0.011455 7
803 174 916 242 0.008998 7
1101 165 1196 246 0.008329 7
803 170 857 223 0.008215 7
691 155 812 235 0.008024 7
804 155 858 238 0.007488 7
1180 165 1279 269 0.007300 7
1182 216 1279 269 0.007275 7
1112 176 1194 247 0.007182 7
1115 182 1198 247 0.007128 7
1005 195 1048 225 0.007111 7
801 141 948 240 0.006991 7
803 167 857 241 0.006857 7
693 153 859 235 0.006730 7
1180 194 1279 270 0.006575 7
587 183 621 214 0.006504 7
693 159 964 250 0.006255 7
699 156 958 262 0.006124 7
803 154 859 235 0.006087 7
587 183 621 206 0.005459 7
804 162 857 220 0.005369 7
803 178 855 222 0.005272 7
866 176 942 226 0.005250 7
1180 221 1279 269 0.004839 7
1099 173 1195 248 0.004299 7
866 177 935 242 0.004147 7
759 148 962 246 0.004103 7
866 176 950 228 0.003612 7
587 183 650 214 0.003528 7
1109 164 1239 240 0.003476 7
542 169 580 216 0.003476 7
1102 164 1194 211 0.003417 7
1042 270 1277 350 0.003011 7
863 177 988 253 0.002673 7
866 176 944 210 0.002641 7
865 176 910 241 0.002552 7
716 153 808 211 0.002474 7
804 183 852 231 0.002234 7
865 176 931 236 0.002214 7
1179 221 1279 274 0.002209 7
534 161 580 204 0.002188 7
697 135 962 249 0.002071 7
691 197 728 235 0.002052 7
803 183 853 239 0.002006 7
587 183 656 216 0.001920 7
1106 172 1120 202 0.001915 7
713 299 768 335 0.001875 7
519 176 579 215 0.001838 7
719 170 972 253 0.001828 7
1133 273 1279 351 0.001811 7
483 158 580 205 0.001788 7
716 152 805 220 0.001583 7
477 169 518 215 0.001531 7
1197 173 1279 269 0.001524 7
1119 184 1188 220 0.001447 7
1135 273 1280 398 0.001436 7
1105 164 1199 215 0.001275 7
715 297 767 341 0.001266 7
813 173 985 255 0.001245 7
1185 171 1279 257 0.001230 7
714 145 867 227 0.001127 7
718 152 802 204 0.001118 7
1178 163 1279 224 0.001054 7
1177 196 1279 291 0.001028 7
678 152 813 220 0.001024 7
1004 183 1047 224 0.001019 7
1101 164 1193 207 0.001015 7
866 176 942 203 0.000990 7
847 173 918 238 0.000940 7
469 153 580 210 0.000933 7
1219 180 1279 234 0.000905 7
714 299 766 342 0.000904 7
727 215 802 260 0.000888 7
715 299 769 340 0.000862 7
477 169 525 216 0.000840 7
1221 180 1279 230 0.000828 7
457 152 531 214 0.000821 7
587 186 657 218 0.000803 7
710 300 769 339 0.000799 7
1120 183 1185 219 0.000785 7
846 176 908 241 0.000783 7
1034 270 1280 344 0.000765 7
731 152 808 201 0.000756 7
587 184 661 218 0.000733 7
1066 165 1195 249 0.000712 7
710 144 860 234 0.000675 7
717 187 792 226 0.000673 7
1113 164 1189 219 0.000655 7
1137 274 1278 376 0.000634 7
804 184 858 242 0.000632 7
1111 163 1238 226 0.000613 7
470 165 580 221 0.000606 7
536 166 657 208 0.000599 7
722 135 957 248 0.000567 7
666 281 768 351 0.000564 7
884 180 959 236 0.000564 7
1170 225 1279 298 0.000549 7
831 439 889 479 0.000539 7
585 160 648 209 0.000538 7
1104 164 1186 218 0.000532 7
827 133 965 243 0.000512 7
714 304 760 348 0.000507 7
1101 165 1145 206 0.000474 7
998 171 1059 227 0.000470 7
1161 301 1280 351 0.000462 7
634 438 705 464 0.000443 7
1001 172 1062 227 0.000428 7
1098 164 1147 216 0.000421 7
1122 165 1189 220 0.000419 7
1178 161 1274 221 0.000417 7
782 172 1006 272 0.000405 7
940 271 1191 346 0.000388 7
1250 181 1279 238 0.000387 7
543 169 574 201 0.000386 7
535 173 635 214 0.000385 7
459 142 580 207 0.000382 7
798 453 831 474 0.000381 7
1161 307 1274 353 0.000350 7
795 133 965 254 0.000347 7
666 266 772 350 0.000341 7
946 268 1184 341 0.000335 7
907 279 1059 396 0.000329 7
1044 262 1280 327 0.000326 7
660 280 767 372 0.000321 7
953 270 1168 337 0.000321 7
866 176 929 232 0.000308 7
711 127 859 223 0.000298 7
1137 165 1187 221 0.000297 7
901 278 1102 395 0.000296 7
713 302 832 354 0.000293 7
1058 285 1198 347 0.000292 7
460 152 520 170 0.000284 7
1141 183 1185 218 0.000279 7
804 172 856 220 0.000277 7
688 192 729 237 0.000273 7
1041 261 1280 333 0.000269 7
1045 271 1186 346 0.000268 7
534 153 654 206 0.000267 7
937 273 1179 338 0.000261 7
847 176 869 235 0.000260 7
799 454 832 473 0.000258 7
809 454 832 469 0.000257 7
725 152 808 199 0.000256 7
586 155 663 215 0.000256 7
718 153 808 195 0.000253 7
623 281 694 381 0.000252 7
663 275 767 365 0.000249 7
519 184 573 237 0.000248 7
1150 184 1182 217 0.000247 7
716 153 815 196 0.000246 7
743 138 1042 257 0.000238 7
937 270 1215 341 0.000236 7
707 138 828 220 0.000235 7
1161 301 1270 347 0.000233 7
1165 308 1277 351 0.000233 7
945 273 1140 333 0.000232 7
807 458 832 475 0.000230 7
1176 178 1280 311 0.000227 7
707 301 765 373 0.000226 7
1070 455 1089 472 0.000225 7
745 153 810 206 0.000224 7
1169 307 1258 351 0.000222 7
1168 179 1279 307 0.000221 7
816 175 1116 288 0.000219 7
911 284 1024 394 0.000216 7
1265 174 1279 239 0.000199 7
1122 185 1164 216 0.000187 7
945 276 1162 336 0.000182 7
1129 272 1228 341 0.000179 7
1167 307 1235 349 0.000179 7
1120 184 1181 216 0.000179 7
590 274 691 380 0.000175 7
738 166 1172 324 0.000174 7
985 431 1041 463 0.000171 7
799 127 888 222 0.000169 7
804 132 936 241 0.000164 7
905 277 1023 353 0.000158 7
623 283 701 383 0.000157 7
863 177 999 251 0.000157 7
663 286 710 366 0.000152 7
716 161 797 224 0.000150 7
691 135 818 220 0.000145 7
700 158 1069 343 0.000141 7
1206 291 1279 419 0.000137 7
978 271 1164 345 0.000135 7
1146 183 1186 219 0.000134 7
695 160 766 234 0.000126 7
694 181 730 225 0.000122 7
1163 289 1277 346 0.000116 7
1144 165 1193 220 0.000115 7
1104 183 1185 237 0.000115 7
1120 185 1149 216 0.000110 7
685 107 946 246 0.000108 7
874 285 1023 393 0.000108 7
1182 318 1273 366 0.000107 7
1156 299 1267 346 0.000104 7
533 271 693 393 0.000103 7
918 151 992 185 0.000103 7
1146 184 1190 223 0.000102 7
1038 211 1109 307 0.000102 7
673 81 918 244 0.000101 7
661 289 705 374 0.000101 7
1088 150 1103 178 0.627592 9
966 372 979 392 0.140440 9
990 680 1000 703 0.118826 9
512 151 524 178 0.076949 9
847 638 856 676 0.052425 9
847 638 856 678 0.048057 9
1088 151 1103 182 0.044202 9
1044 646 1056 680 0.043872 9
966 371 981 392 0.037721 9
1046 646 1056 681 0.036880 9
966 371 983 391 0.034486 9
1207 169 1215 185 0.028334 9
449 157 490 171 0.023010 9
847 639 858 680 0.021478 9
1045 646 1057 681 0.020707 9
866 151 881 176 0.020237 9
966 367 989 392 0.019569 9
313 150 341 190 0.019530 9
895 653 905 688 0.018901 9
847 639 861 681 0.018373 9
512 151 525 179 0.017624 9
867 153 881 177 0.017130 9
373 167 382 184 0.016862 9
969 369 985 391 0.016312 9
862 166 870 184 0.016103 9
1039 646 1057 701 0.015407 9
966 370 980 391 0.015148 9
239 178 246 190 0.015132 9
365 167 374 188 0.015041 9
1207 167 1217 185 0.014749 9
855 648 864 669 0.014747 9
1214 167 1223 184 0.014563 9
1088 150 1105 178 0.014383 9
366 167 374 188 0.014228 9
512 151 526 179 0.014034 9
313 151 341 193 0.013887 9
965 358 991 391 0.013298 9
968 357 992 391 0.013251 9
990 680 1007 703 0.012558 9
1199 405 1205 415 0.012318 9
894 152 907 176 0.012200 9
1039 646 1056 681 0.011997 9
854 644 864 681 0.011688 9
449 157 490 170 0.011499 9
1196 385 1206 401 0.010590 9
982 374 990 391 0.010107 9
864 150 881 177 0.010032 9
863 652 873 684 0.009234 9
1104 169 1120 203 0.009014 9
1013 137 1024 168 0.008962 9
878 154 891 170 0.008962 9
1038 645 1058 703 0.008567 9
972 356 992 391 0.008472 9
239 178 246 190 0.008096 9
863 164 873 183 0.008061 9
863 654 873 681 0.007967 9
895 153 906 177 0.007850 9
991 343 1008 388 0.007797 9
864 150 881 174 0.007732 9
950 347 961 391 0.007598 9
449 158 477 171 0.007517 9
979 367 991 391 0.007509 9
894 152 907 175 0.007397 9
558 184 567 196 0.006872 9
1196 384 1206 400 0.006635 9
1103 167 1120 203 0.006494 9
959 374 967 391 0.006426 9
362 167 369 189 0.006290 9
853 642 865 684 0.006238 9
864 671 873 681 0.006146 9
992 356 1009 384 0.005972 9
951 347 960 373 0.005940 9
959 374 968 398 0.005926 9
878 647 891 685 0.005804 9
854 636 865 678 0.005769 9
680 167 687 184 0.005725 9
849 640 865 687 0.005684 9
1191 386 1204 401 0.005678 9
821 335 848 392 0.005676 9
863 650 873 682 0.005609 9
1013 135 1024 169 0.005336 9
512 152 524 185 0.005164 9
948 349 961 393 0.005162 9
983 680 1000 703 0.005047 9
680 168 687 187 0.004901 9
224 183 231 194 0.004892 9
1195 383 1208 415 0.004880 9
1192 385 1206 401 0.004876 9
842 151 859 166 0.004849 9
1000 385 1010 399 0.004766 9
847 638 859 685 0.004713 9
934 343 954 370 0.004694 9
1000 647 1017 687 0.004552 9
965 372 979 402 0.004423 9
365 167 374 189 0.004389 9
1247 358 1264 381 0.004379 9
931 342 955 371 0.004354 9
894 152 909 177 0.004144 9
816 335 848 392 0.004023 9
958 375 967 403 0.003985 9
553 171 576 202 0.003853 9
824 334 848 392 0.003716 9
879 153 895 172 0.003707 9
933 348 993 393 0.003692 9
119 64 159 76 0.003691 9
1000 386 1010 399 0.003638 9
696 176 705 199 0.003620 9
257 180 262 190 0.003613 9
1247 359 1263 392 0.003506 9
991 358 1010 389 0.003491 9
1105 169 1120 203 0.003461 9
964 365 990 394 0.003412 9
985 679 1000 703 0.003381 9
1007 340 1024 399 0.003334 9
1013 360 1024 395 0.003291 9
935 670 945 688 0.003251 9
1063 646 1072 670 0.003240 9
930 345 947 370 0.003204 9
1044 644 1072 703 0.003152 9
840 151 859 166 0.003090 9
919 686 928 703 0.003068 9
545 167 554 199 0.003056 9
873 153 891 176 0.003027 9
545 169 578 203 0.003008 9
1247 358 1264 377 0.002959 9
895 631 905 648 0.002959 9
665 180 671 198 0.002944 9
992 358 1010 393 0.002939 9
1059 645 1073 704 0.002935 9
989 674 1016 703 0.002932 9
111 150 128 164 0.002921 9
1058 646 1073 703 0.002855 9
1063 646 1072 680 0.002819 9
1232 166 1247 181 0.002794 9
1013 389 1023 401 0.002787 9
895 438 902 455 0.002786 9
930 343 959 392 0.002782 9
979 689 987 703 0.002756 9
167 64 175 76 0.002689 9
799 360 809 381 0.002610 9
998 647 1017 687 0.002606 9
930 344 953 371 0.002547 9
1088 150 1103 198 0.002532 9
879 152 896 173 0.002530 9
862 639 874 681 0.002480 9
830 361 847 392 0.002451 9
119 64 159 78 0.002418 9
894 630 906 688 0.002417 9
965 374 979 408 0.002398 9
967 646 976 675 0.002393 9
998 647 1017 696 0.002369 9
448 157 490 176 0.002277 9
824 672 832 688 0.002263 9
1146 324 1169 360 0.002255 9
690 168 698 180 0.002254 9
1061 646 1072 699 0.002247 9
990 676 1003 703 0.002234 9
851 645 866 691 0.002232 9
999 647 1011 682 0.002232 9
1013 134 1025 168 0.002229 9
1039 644 1072 703 0.002222 9
957 365 983 393 0.002194 9
372 166 381 186 0.002190 9
1003 647 1017 685 0.002177 9
991 340 1024 400 0.002153 9
1000 646 1019 687 0.002148 9
959 369 983 406 0.002143 9
1150 341 1169 360 0.002136 9
1183 346 1193 378 0.002134 9
1010 359 1024 402 0.002118 9
878 648 889 684 0.002102 9
569 161 580 178 0.002069 9
1207 168 1218 200 0.002066 9
840 119 854 135 0.002054 9
999 385 1022 401 0.002022 9
1149 326 1169 360 0.001971 9
1000 645 1008 668 0.001970 9
571 161 580 178 0.001968 9
976 690 985 703 0.001957 9
1177 382 1184 391 0.001944 9
992 357 1024 400 0.001936 9
824 670 832 688 0.001935 9
927 346 946 373 0.001932 9
963 346 993 392 0.001914 9
944 347 967 391 0.001907 9
1048 155 1056 168 0.001901 9
215 183 224 197 0.001884 9
172 64 201 90 0.001878 9
839 150 858 165 0.001877 9
693 176 699 196 0.001872 9
945 343 991 398 0.001864 9
849 119 865 136 0.001860 9
1111 360 1119 372 0.001847 9
967 647 976 677 0.001832 9
904 337 924 373 0.001811 9
1152 165 1171 184 0.001806 9
1007 340 1024 393 0.001804 9
596 133 603 143 0.001796 9
698 127 705 152 0.001775 9
810 152 859 181 0.001768 9
906 339 924 374 0.001749 9
928 152 937 169 0.001740 9
1191 384 1221 416 0.001727 9
925 344 991 393 0.001710 9
1039 674 1056 703 0.001709 9
119 64 174 77 0.001703 9
897 440 904 456 0.001692 9
841 119 865 136 0.001672 9
832 691 841 703 0.001661 9
1183 383 1218 414 0.001658 9
999 646 1008 671 0.001656 9
1187 382 1222 416 0.001633 9
975 686 987 703 0.001629 9
971 348 1018 397 0.001608 9
991 623 997 630 0.001600 9
372 166 381 185 0.001600 9
596 135 605 144 0.001583 9
918 341 1018 396 0.001575 9
957 372 973 408 0.001573 9
119 64 151 73 0.001568 9
927 346 945 377 0.001563 9
1032 376 1039 391 0.001554 9
949 370 960 394 0.001543 9
981 351 992 372 0.001541 9
801 143 811 155 0.001516 9
362 167 373 190 0.001500 9
948 343 961 375 0.001492 9
878 646 888 682 0.001491 9
449 154 491 171 0.001489 9
544 168 576 203 0.001482 9
927 344 956 391 0.001475 9
943 355 957 392 0.001452 9
866 152 880 177 0.001433 9
983 666 994 680 0.001430 9
840 119 862 135 0.001419 9
960 340 968 352 0.001405 9
1209 167 1224 199 0.001404 9
992 375 1012 407 0.001368 9
833 143 854 161 0.001345 9
1039 655 1059 703 0.001341 9
983 657 996 680 0.001335 9
680 168 689 203 0.001333 9
831 688 841 703 0.001328 9
834 135 860 167 0.001313 9
570 162 579 178 0.001303 9
998 646 1018 693 0.001301 9
893 630 913 688 0.001301 9
1005 338 1024 396 0.001301 9
1217 408 1224 425 0.001296 9
1230 167 1246 181 0.001291 9
118 64 182 79 0.001288 9
1203 407 1216 415 0.001270 9
751 362 759 375 0.001267 9
1109 360 1120 375 0.001265 9
1119 335 1136 390 0.001248 9
1003 646 1016 679 0.001247 9
694 120 706 153 0.001237 9
372 155 381 184 0.001235 9
848 182 858 207 0.001222 9
1119 375 1136 388 0.001222 9
1198 406 1206 423 0.001221 9
983 646 1005 681 0.001211 9
799 358 809 378 0.001196 9
1043 644 1072 695 0.001193 9
163 64 177 83 0.001184 9
841 119 859 135 0.001176 9
586 118 599 134 0.001161 9
821 337 847 362 0.001161 9
1206 159 1226 186 0.001160 9
840 119 856 135 0.001152 9
1081 174 1089 183 0.001146 9
983 633 993 653 0.001140 9
884 646 899 686 0.001133 9
953 344 993 393 0.001133 9
698 133 705 152 0.001129 9
906 339 928 375 0.001127 9
831 374 847 392 0.001111 9
1213 368 1223 386 0.001107 9
1047 646 1072 686 0.001101 9
1182 352 1210 406 0.001094 9
958 369 978 410 0.001081 9
813 143 824 154 0.001073 9
1055 674 1062 691 0.001070 9
1071 336 1088 403 0.001056 9
1189 163 1202 186 0.001053 9
832 134 861 166 0.001045 9
799 360 810 390 0.001040 9
846 166 871 220 0.001039 9
161 64 177 91 0.001036 9
982 636 994 662 0.001036 9
1088 145 1104 177 0.001029 9
820 330 847 392 0.001025 9
925 345 945 387 0.001022 9
947 371 962 405 0.001018 9
167 64 183 75 0.001018 9
809 159 856 181 0.001015 9
837 644 854 681 0.001015 9
936 670 952 694 0.001012 9
935 670 946 690 0.001001 9
987 666 999 680 0.001001 9
686 169 695 186 0.000992 9
784 329 816 393 0.000992 9
312 86 340 193 0.000984 9
1185 381 1216 416 0.000978 9
1108 155 1118 168 0.000972 9
1150 165 1166 185 0.000969 9
111 150 128 165 0.000959 9
1001 386 1022 407 0.000958 9
894 630 912 663 0.000945 9
751 360 759 375 0.000939 9
1046 152 1056 168 0.000931 9
1187 160 1202 187 0.000928 9
1007 135 1024 170 0.000923 9
927 149 937 169 0.000917 9
1078 335 1093 360 0.000907 9
998 384 1021 408 0.000904 9
119 64 187 80 0.000898 9
257 144 266 160 0.000896 9
1120 341 1136 389 0.000892 9
882 152 900 176 0.000891 9
989 679 1019 703 0.000886 9
991 366 1011 402 0.000885 9
665 182 671 203 0.000883 9
990 679 1016 703 0.000882 9
1058 665 1073 703 0.000873 9
822 330 847 379 0.000866 9
542 165 580 204 0.000859 9
664 171 671 198 0.000857 9
863 667 872 688 0.000857 9
1004 386 1023 407 0.000857 9
993 647 1008 681 0.000856 9
1055 652 1072 703 0.000855 9
894 337 925 374 0.000855 9
586 118 599 144 0.000845 9
1039 696 1050 703 0.000844 9
936 670 952 690 0.000842 9
808 642 816 656 0.000840 9
836 648 851 681 0.000837 9
983 632 993 647 0.000835 9
1215 397 1224 425 0.000835 9
919 583 928 603 0.000833 9
1183 388 1191 401 0.000833 9
992 146 1001 166 0.000832 9
982 646 994 676 0.000831 9
985 632 1001 663 0.000828 9
816 344 827 362 0.000820 9
872 689 879 696 0.000817 9
957 368 992 408 0.000808 9
1184 356 1211 409 0.000808 9
157 64 202 90 0.000803 9
241 165 247 178 0.000797 9
664 152 671 173 0.000794 9
894 642 912 688 0.000787 9
1014 338 1024 358 0.000786 9
925 341 995 392 0.000786 9
1181 384 1214 410 0.000781 9
668 316 681 342 0.000780 9
1048 645 1072 683 0.000775 9
989 343 1009 379 0.000772 9
1039 640 1056 681 0.000771 9
845 152 872 186 0.000769 9
848 183 857 217 0.000765 9
1120 343 1137 361 0.000764 9
878 649 889 689 0.000757 9
662 153 671 174 0.000753 9
692 166 707 182 0.000751 9
866 643 881 688 0.000751 9
1225 166 1247 181 0.000751 9
884 646 899 684 0.000750 9
835 681 849 703 0.000738 9
895 327 903 343 0.000731 9
855 634 888 688 0.000730 9
977 349 1024 404 0.000725 9
160 64 178 92 0.000724 9
965 646 975 676 0.000720 9
1198 357 1209 379 0.000709 9
265 215 276 231 0.000708 9
512 145 524 177 0.000705 9
1095 130 1106 174 0.000705 9
1150 165 1180 184 0.000697 9
810 151 859 175 0.000696 9
118 64 163 76 0.000696 9
1038 323 1074 392 0.000689 9
257 142 268 160 0.000689 9
1119 375 1136 386 0.000687 9
448 158 485 175 0.000685 9
1089 153 1119 194 0.000684 9
810 155 855 179 0.000673 9
259 143 268 160 0.000672 9
664 326 680 348 0.000668 9
1072 333 1089 400 0.000668 9
623 263 640 283 0.000667 9
986 635 1005 674 0.000666 9
1074 686 1093 703 0.000660 9
1006 135 1025 170 0.000659 9
1200 384 1224 410 0.000653 9
932 335 1024 402 0.000652 9
870 635 882 684 0.000647 9
950 342 977 391 0.000645 9
1181 372 1224 416 0.000642 9
312 89 368 195 0.000635 9
809 164 848 183 0.000634 9
1039 332 1070 392 0.000631 9
1031 643 1057 694 0.000628 9
260 142 269 160 0.000628 9
800 137 824 160 0.000624 9
843 150 862 168 0.000623 9
1182 353 1211 396 0.000622 9
1011 359 1040 393 0.000622 9
1055 671 1063 690 0.000621 9
1030 376 1040 392 0.000617 9
586 119 598 137 0.000617 9
1148 339 1187 383 0.000617 9
1198 358 1209 382 0.000617 9
1146 337 1186 399 0.000615 9
847 169 870 231 0.000612 9
740 356 753 375 0.000610 9
935 576 944 599 0.000610 9
895 630 912 651 0.000609 9
988 647 1006 678 0.000603 9
68 169 81 178 0.000602 9
840 150 866 173 0.000599 9
352 159 363 192 0.000599 9
1102 359 1120 392 0.000599 9
1031 643 1056 682 0.000598 9
928 350 979 404 0.000597 9
697 151 708 180 0.000597 9
94 168 106 176 0.000596 9
810 157 857 180 0.000595 9
1091 150 1110 177 0.000595 9
895 652 911 688 0.000594 9
997 133 1009 175 0.000593 9
991 386 1010 408 0.000593 9
1143 165 1187 184 0.000593 9
838 639 857 682 0.000592 9
808 160 857 187 0.000591 9
587 167 595 184 0.000590 9
1228 169 1246 181 0.000590 9
742 361 752 375 0.000589 9
320 91 332 155 0.000588 9
1168 381 1180 391 0.000585 9
1078 154 1102 185 0.000583 9
807 635 816 655 0.000579 9
952 647 960 657 0.000579 9
157 64 177 90 0.000576 9
1036 636 1056 682 0.000575 9
256 177 263 191 0.000566 9
580 64 596 90 0.000564 9
846 641 859 692 0.000563 9
1214 367 1223 385 0.000563 9
686 118 707 156 0.000561 9
908 342 933 376 0.000561 9
935 576 944 612 0.000560 9
702 163 711 179 0.000554 9
587 170 596 185 0.000554 9
830 367 847 393 0.000554 9
934 577 944 616 0.000548 9
697 144 709 180 0.000545 9
802 130 817 155 0.000537 9
1089 149 1112 176 0.000536 9
313 64 369 195 0.000535 9
594 131 604 144 0.000533 9
580 64 596 83 0.000531 9
901 338 927 380 0.000523 9
1206 157 1229 184 0.000522 9
1203 391 1224 420 0.000521 9
684 118 707 171 0.000517 9
904 336 928 374 0.000512 9
1178 382 1195 394 0.000509 9
1148 165 1169 185 0.000508 9
1118 344 1136 390 0.000504 9
1000 634 1008 655 0.000502 9
1039 602 1047 625 0.000500 9
886 648 897 684 0.000499 9
266 216 277 231 0.000499 9
905 127 912 137 0.000494 9
1038 334 1073 393 0.000493 9
1175 377 1184 391 0.000492 9
840 626 909 689 0.000489 9
1079 694 1093 703 0.000488 9
992 134 1002 170 0.000482 9
943 373 952 392 0.000481 9
812 338 847 393 0.000479 9
1012 136 1024 171 0.000472 9
1041 664 1074 703 0.000467 9
1026 360 1040 391 0.000467 9
1127 165 1146 185 0.000465 9
836 659 849 685 0.000463 9
1050 391 1066 420 0.000461 9
1031 644 1056 684 0.000461 9
1184 162 1220 200 0.000460 9
698 151 711 180 0.000453 9
830 135 861 157 0.000452 9
455 161 479 185 0.000449 9
993 133 1003 170 0.000449 9
1056 391 1079 426 0.000449 9
664 324 681 352 0.000448 9
973 648 985 677 0.000448 9
814 150 827 161 0.000448 9
384 149 394 161 0.000446 9
1136 164 1173 185 0.000446 9
953 646 969 678 0.000443 9
996 130 1008 173 0.000439 9
1203 408 1216 423 0.000436 9
932 374 945 390 0.000435 9
1041 154 1054 169 0.000434 9
687 118 707 152 0.000429 9
1100 138 1110 159 0.000426 9
807 160 858 192 0.000426 9
997 133 1008 172 0.000424 9
1247 73 1264 95 0.000424 9
1019 157 1029 168 0.000423 9
1049 111 1083 146 0.000422 9
803 150 814 161 0.000422 9
868 645 883 689 0.000420 9
1027 358 1039 383 0.000420 9
799 642 808 656 0.000419 9
1130 332 1190 406 0.000417 9
1039 366 1058 391 0.000416 9
918 583 928 602 0.000411 9
832 124 863 166 0.000411 9
960 337 968 350 0.000408 9
682 118 709 182 0.000404 9
1186 153 1221 193 0.000399 9
1218 164 1241 182 0.000399 9
158 64 173 75 0.000399 9
1133 336 1188 386 0.000398 9
1056 646 1090 703 0.000397 9
862 137 922 176 0.000397 9
1165 376 1182 392 0.000397 9
914 583 928 616 0.000396 9
1071 337 1088 397 0.000396 9
848 302 855 311 0.000395 9
935 670 954 697 0.000395 9
876 629 888 681 0.000395 9
1019 359 1040 392 0.000394 9
342 165 353 199 0.000394 9
1097 129 1105 139 0.000390 9
1075 342 1120 379 0.000388 9
1181 343 1206 399 0.000387 9
988 630 1000 649 0.000387 9
713 133 720 154 0.000386 9
1078 150 1103 184 0.000384 9
1142 322 1173 360 0.000382 9
1013 132 1040 169 0.000378 9
446 157 490 182 0.000377 9
799 131 818 155 0.000376 9
815 339 845 377 0.000374 9
976 641 1002 698 0.000374 9
1097 164 1147 204 0.000373 9
809 162 859 186 0.000373 9
832 134 874 169 0.000371 9
935 670 946 696 0.000369 9
1006 337 1024 365 0.000366 9
1084 359 1120 394 0.000365 9
808 129 816 152 0.000365 9
313 90 333 166 0.000365 9
798 358 816 390 0.000364 9
566 144 581 173 0.000363 9
991 615 998 630 0.000363 9
974 652 984 677 0.000362 9
1067 647 1096 703 0.000361 9
339 165 352 198 0.000361 9
862 635 875 683 0.000358 9
512 145 525 179 0.000358 9
695 149 712 180 0.000357 9
1039 357 1058 391 0.000357 9
1039 174 1048 188 0.000357 9
1131 165 1146 185 0.000355 9
352 164 361 190 0.000355 9
1089 265 1095 270 0.000354 9
585 118 602 166 0.000353 9
1171 149 1184 163 0.000352 9
1119 685 1126 700 0.000352 9
663 149 671 174 0.000351 9
971 639 1060 704 0.000351 9
898 669 911 689 0.000350 9
1039 346 1058 391 0.000347 9
1075 334 1119 379 0.000347 9
567 142 580 162 0.000347 9
913 342 953 374 0.000346 9
950 646 967 677 0.000346 9
966 646 975 681 0.000345 9
818 662 832 683 0.000343 9
1182 162 1222 210 0.000342 9
799 131 831 157 0.000341 9
973 647 986 673 0.000341 9
997 133 1009 181 0.000340 9
831 136 859 157 0.000339 9
595 120 605 144 0.000337 9
246 177 257 192 0.000335 9
986 637 1058 703 0.000335 9
1143 376 1152 387 0.000331 9
1207 165 1243 194 0.000330 9
1072 371 1085 405 0.000329 9
514 152 533 195 0.000328 9
972 652 1000 704 0.000328 9
1170 342 1196 396 0.000327 9
486 336 496 354 0.000323 9
1039 370 1059 393 0.000323 9
829 135 915 175 0.000323 9
1247 72 1266 95 0.000322 9
885 650 898 684 0.000322 9
1247 327 1264 356 0.000322 9
1082 359 1120 393 0.000321 9
246 176 257 191 0.000318 9
158 205 168 224 0.000317 9
1247 327 1264 361 0.000317 9
951 647 961 674 0.000317 9
680 146 689 164 0.000316 9
1074 684 1097 703 0.000315 9
1183 159 1202 188 0.000314 9
834 684 849 703 0.000313 9
1077 400 1088 410 0.000312 9
799 636 808 655 0.000312 9
307 87 341 194 0.000312 9
1160 377 1171 389 0.000310 9
815 407 833 426 0.000310 9
565 161 582 201 0.000310 9
1182 349 1209 388 0.000309 9
1146 343 1195 387 0.000307 9
1055 152 1063 168 0.000306 9
1152 343 1185 394 0.000305 9
865 648 881 689 0.000302 9
310 100 381 195 0.000302 9
851 114 870 136 0.000302 9
906 65 944 120 0.000302 9
596 149 616 175 0.000302 9
979 627 1001 678 0.000302 9
1077 145 1103 181 0.000300 9
1038 601 1048 630 0.000299 9
1197 148 1206 185 0.000297 9
566 143 581 170 0.000294 9
595 64 623 93 0.000293 9
960 686 968 698 0.000293 9
807 151 855 185 0.000293 9
897 339 923 379 0.000291 9
860 156 889 184 0.000291 9
681 118 711 184 0.000290 9
593 148 601 164 0.000289 9
1013 359 1040 392 0.000287 9
1119 340 1137 383 0.000287 9
221 176 247 192 0.000287 9
1087 359 1120 393 0.000286 9
1072 339 1089 414 0.000286 9
861 118 870 136 0.000285 9
973 675 987 703 0.000284 9
881 649 902 691 0.000283 9
1138 348 1184 411 0.000282 9
1224 162 1255 181 0.000281 9
1038 374 1058 391 0.000278 9
265 215 277 232 0.000278 9
111 143 128 164 0.000278 9
829 641 851 685 0.000276 9
682 167 703 205 0.000273 9
568 140 581 163 0.000272 9
694 121 716 180 0.000271 9
1051 390 1068 418 0.000270 9
956 646 968 676 0.000270 9
906 353 1023 408 0.000269 9
331 165 349 199 0.000267 9
872 637 880 649 0.000267 9
510 150 573 190 0.000267 9
974 366 996 409 0.000266 9
1098 131 1111 162 0.000265 9
1037 361 1058 391 0.000261 9
1155 378 1212 408 0.000260 9
1069 648 1080 669 0.000257 9
1052 392 1095 426 0.000256 9
893 341 922 373 0.000253 9
1114 164 1146 186 0.000253 9
1224 162 1249 181 0.000253 9
1106 379 1120 392 0.000252 9
856 282 863 295 0.000251 9
1066 647 1082 668 0.000251 9
663 168 689 215 0.000250 9
1210 152 1224 163 0.000250 9
1124 377 1136 390 0.000250 9
210 167 217 176 0.000250 9
837 678 848 695 0.000249 9
1074 339 1120 391 0.000248 9
1130 344 1145 359 0.000247 9
941 672 953 699 0.000246 9
1089 229 1103 271 0.000245 9
890 341 924 375 0.000244 9
980 624 1008 684 0.000244 9
1056 152 1063 163 0.000243 9
1125 165 1181 184 0.000242 9
698 119 716 156 0.000240 9
906 340 941 386 0.000240 9
317 77 335 160 0.000240 9
478 150 524 175 0.000239 9
1011 648 1022 682 0.000238 9
650 154 664 175 0.000238 9
961 424 975 440 0.000237 9
1058 646 1088 704 0.000237 9
735 87 753 122 0.000235 9
118 64 203 91 0.000234 9
1248 327 1264 347 0.000233 9
1081 696 1096 703 0.000232 9
798 363 813 392 0.000231 9
911 584 926 616 0.000231 9
373 150 384 183 0.000231 9
624 64 639 73 0.000230 9
850 136 939 175 0.000229 9
860 136 939 176 0.000229 9
1001 647 1023 687 0.000228 9
337 161 353 197 0.000228 9
544 264 559 280 0.000228 9
158 205 168 231 0.000227 9
975 551 985 578 0.000226 9
825 639 858 686 0.000226 9
483 150 524 173 0.000225 9
1135 604 1155 649 0.000225 9
1109 152 1118 167 0.000223 9
911 584 923 609 0.000222 9
861 112 869 119 0.000221 9
67 170 81 186 0.000220 9
1204 150 1226 182 0.000220 9
904 307 1024 395 0.000220 9
913 331 1012 392 0.000220 9
579 64 598 92 0.000219 9
913 342 1002 397 0.000218 9
1086 133 1103 177 0.000217 9
1067 647 1093 703 0.000216 9
897 439 912 456 0.000216 9
1148 165 1188 184 0.000216 9
973 653 984 686 0.000216 9
1013 649 1023 683 0.000216 9
1044 363 1068 391 0.000215 9
95 151 106 176 0.000215 9
122 64 186 92 0.000214 9
1076 648 1088 671 0.000213 9
798 358 821 392 0.000213 9
595 140 613 174 0.000213 9
1148 344 1194 361 0.000210 9
1039 150 1056 168 0.000210 9
680 135 690 165 0.000209 9
650 152 671 174 0.000209 9
222 177 246 194 0.000209 9
1001 618 1021 678 0.000208 9
999 333 1009 344 0.000208 9
1071 686 1092 703 0.000208 9
828 152 846 164 0.000207 9
991 406 1002 421 0.000206 9
801 146 812 160 0.000206 9
1135 342 1173 361 0.000205 9
478 150 524 202 0.000205 9
223 176 244 195 0.000204 9
1072 397 1089 412 0.000202 9
255 109 262 128 0.000201 9
1038 329 1061 391 0.000199 9
692 117 718 158 0.000199 9
809 151 856 168 0.000197 9
350 159 370 199 0.000196 9
909 104 936 120 0.000194 9
575 134 581 145 0.000194 9
935 662 947 691 0.000193 9
695 169 711 192 0.000192 9
753 591 876 699 0.000191 9
1013 132 1038 169 0.000191 9
1026 337 1040 379 0.000190 9
1202 157 1239 183 0.000189 9
1039 322 1066 384 0.000189 9
1000 134 1022 181 0.000188 9
680 146 689 184 0.000187 9
322 92 339 153 0.000187 9
444 156 494 214 0.000186 9
880 625 906 685 0.000186 9
1101 164 1146 206 0.000185 9
685 118 707 139 0.000184 9
786 115 830 156 0.000182 9
945 328 960 345 0.000182 9
993 118 1004 172 0.000181 9
1150 100 1169 134 0.000181 9
542 539 559 564 0.000180 9
1037 366 1065 418 0.000179 9
895 624 905 631 0.000179 9
906 317 1023 394 0.000178 9
831 117 838 132 0.000177 9
309 94 326 159 0.000176 9
1071 647 1089 697 0.000176 9
1000 631 1009 649 0.000175 9
914 167 928 180 0.000175 9
976 327 991 343 0.000175 9
975 623 1062 703 0.000175 9
800 536 806 545 0.000175 9
867 650 880 696 0.000175 9
1187 381 1262 431 0.000174 9
312 134 363 197 0.000173 9
806 628 816 645 0.000172 9
1045 391 1078 427 0.000172 9
830 650 849 683 0.000172 9
1006 613 1021 670 0.000171 9
945 327 961 343 0.000170 9
1042 336 1083 395 0.000170 9
1206 367 1225 410 0.000169 9
1085 143 1129 182 0.000169 9
711 134 720 159 0.000169 9
1159 379 1175 393 0.000169 9
960 119 968 131 0.000169 9
1051 130 1104 193 0.000168 9
357 149 383 189 0.000168 9
846 692 860 703 0.000168 9
932 327 944 348 0.000167 9
1072 691 1093 703 0.000167 9
847 165 878 230 0.000167 9
1132 350 1180 394 0.000167 9
1072 143 1101 206 0.000165 9
915 588 928 616 0.000165 9
908 105 936 120 0.000164 9
653 127 661 145 0.000164 9
1007 613 1017 631 0.000163 9
820 681 837 703 0.000163 9
974 627 997 675 0.000162 9
1079 344 1120 362 0.000161 9
1183 379 1269 429 0.000161 9
1073 647 1088 672 0.000161 9
543 534 560 564 0.000160 9
1007 614 1018 641 0.000160 9
927 137 937 152 0.000160 9
1047 392 1063 421 0.000159 9
926 104 936 120 0.000159 9
1029 658 1044 693 0.000159 9
999 126 1007 136 0.000159 9
1145 342 1197 360 0.000159 9
586 123 606 173 0.000158 9
807 377 815 392 0.000158 9
1055 143 1103 188 0.000158 9
912 144 930 180 0.000158 9
1179 373 1267 429 0.000157 9
1147 163 1201 186 0.000157 9
905 358 1022 412 0.000156 9
347 147 379 191 0.000155 9
512 166 551 194 0.000155 9
1145 159 1179 185 0.000154 9
788 115 836 159 0.000152 9
1023 376 1037 392 0.000152 9
317 90 354 166 0.000151 9
1069 399 1095 425 0.000151 9
926 685 936 698 0.000151 9
662 171 691 215 0.000151 9
1005 645 1022 680 0.000150 9
850 136 939 162 0.000150 9
1038 592 1048 627 0.000149 9
1038 610 1053 632 0.000149 9
1058 390 1073 416 0.000148 9
684 150 710 185 0.000148 9
1118 157 1195 186 0.000148 9
351 157 365 193 0.000148 9
956 340 991 376 0.000147 9
1185 151 1207 188 0.000147 9
1038 374 1058 393 0.000146 9
1064 118 1116 182 0.000146 9
894 630 922 688 0.000145 9
1007 173 1016 184 0.000145 9
1146 367 1218 414 0.000145 9
831 117 859 138 0.000144 9
930 326 945 344 0.000143 9
1025 148 1039 164 0.000143 9
1072 160 1096 204 0.000143 9
256 84 262 97 0.000143 9
1088 150 1125 204 0.000142 9
1069 647 1086 680 0.000142 9
983 564 996 577 0.000141 9
653 127 661 144 0.000141 9
1063 640 1072 678 0.000141 9
309 104 324 159 0.000140 9
1040 370 1069 393 0.000140 9
1056 345 1072 380 0.000140 9
879 686 888 698 0.000140 9
1179 384 1217 418 0.000140 9
846 612 859 655 0.000139 9
1117 337 1192 387 0.000139 9
1038 371 1055 409 0.000139 9
415 176 422 203 0.000138 9
973 659 1074 704 0.000138 9
445 145 551 196 0.000137 9
992 620 1022 695 0.000137 9
1011 135 1029 177 0.000137 9
1074 345 1122 398 0.000136 9
1043 617 1060 632 0.000135 9
542 534 559 565 0.000135 9
898 340 997 392 0.000134 9
813 376 831 392 0.000134 9
311 93 331 167 0.000133 9
680 119 693 168 0.000133 9
576 282 595 333 0.000133 9
1006 333 1022 345 0.000132 9
942 659 952 677 0.000132 9
941 328 957 352 0.000131 9
256 159 268 177 0.000131 9
1030 658 1054 704 0.000130 9
1111 326 1160 360 0.000129 9
804 341 847 392 0.000129 9
974 119 982 129 0.000128 9
1135 606 1156 650 0.000128 9
160 65 177 93 0.000127 9
676 167 690 212 0.000127 9
308 85 334 157 0.000127 9
1015 129 1040 166 0.000127 9
683 117 711 212 0.000127 9
1046 614 1056 626 0.000126 9
984 618 995 641 0.000126 9
582 121 603 178 0.000126 9
662 273 687 283 0.000126 9
1023 321 1043 364 0.000126 9
1103 127 1111 138 0.000125 9
313 64 340 159 0.000125 9
827 641 850 680 0.000125 9
1052 339 1076 393 0.000124 9
68 170 80 200 0.000124 9
1124 162 1138 183 0.000123 9
920 661 929 672 0.000122 9
596 133 623 173 0.000122 9
574 122 581 145 0.000122 9
952 670 963 680 0.000122 9
867 121 879 136 0.000122 9
935 575 944 599 0.000122 9
989 670 1039 703 0.000122 9
1028 375 1040 406 0.000121 9
992 409 1001 427 0.000121 9
1046 153 1057 178 0.000120 9
925 577 945 617 0.000119 9
667 163 688 198 0.000119 9
169 64 263 90 0.000119 9
890 327 1007 392 0.000119 9
897 630 921 682 0.000119 9
67 169 82 180 0.000119 9
1169 140 1186 165 0.000118 9
594 64 628 93 0.000118 9
1150 125 1161 134 0.000118 9
533 405 555 421 0.000118 9
914 136 937 152 0.000118 9
941 647 952 672 0.000117 9
846 271 856 311 0.000117 9
965 676 977 702 0.000116 9
415 175 421 202 0.000116 9
822 674 840 693 0.000116 9
893 626 909 687 0.000116 9
1072 650 1099 703 0.000116 9
898 631 920 663 0.000115 9
800 536 807 552 0.000115 9
1142 376 1154 402 0.000115 9
1096 121 1137 170 0.000115 9
1036 395 1049 408 0.000114 9
446 156 494 206 0.000114 9
910 149 930 179 0.000114 9
542 536 560 563 0.000114 9
1000 614 1024 678 0.000113 9
702 118 716 128 0.000113 9
852 685 864 696 0.000113 9
260 166 272 180 0.000113 9
1247 69 1273 95 0.000113 9
872 135 938 180 0.000112 9
223 168 231 176 0.000112 9
320 72 339 163 0.000112 9
405 180 418 203 0.000111 9
310 108 334 188 0.000111 9
95 168 109 177 0.000110 9
815 375 832 392 0.000110 9
784 113 835 155 0.000110 9
886 136 938 179 0.000110 9
665 141 672 170 0.000109 9
799 85 807 100 0.000109 9
1025 157 1040 168 0.000109 9
570 64 597 92 0.000108 9
69 177 79 199 0.000108 9
1002 329 1041 389 0.000107 9
577 295 593 325 0.000106 9
574 133 610 182 0.000105 9
372 159 408 185 0.000105 9
846 136 937 153 0.000105 9
372 172 386 200 0.000105 9
991 556 1000 570 0.000105 9
1043 347 1080 402 0.000105 9
943 327 959 343 0.000104 9
171 64 246 91 0.000104 9
943 137 960 151 0.000104 9
95 182 102 200 0.000103 9
870 120 879 134 0.000103 9
587 116 606 147 0.000103 9
1150 96 1169 134 0.000101 9
311 107 325 159 0.000101 9
959 663 969 681 0.000101 9
1004 613 1024 672 0.000101 9
680 117 712 219 0.000101 9
594 64 621 91 0.000101 9
567 148 616 186 0.000101 9
209 182 224 203 0.000101 9
879 343 887 359 0.000100 9
313 151 341 194 0.019144 11
1051 111 1083 146 0.009569 11
1182 192 1198 214 0.006506 11
313 152 341 190 0.004911 11
1181 191 1199 215 0.002506 11
1055 114 1066 141 0.002009 11
1054 112 1080 146 0.001231 11
1178 185 1201 217 0.000216 11
1178 189 1199 221 0.000199 11
1050 117 1067 144 0.000131 11
1049 110 1085 145 0.000109 11
