731 200 769 297 0.752760 0
536 185 568 254 0.709103 0
937 190 967 263 0.689894 0
810 192 838 271 0.596054 0
804 192 838 272 0.587945 0
1166 200 1186 247 0.535713 0
535 192 568 254 0.482327 0
1165 199 1187 255 0.371418 0
1070 190 1094 256 0.270778 0
1069 189 1092 256 0.227780 0
808 192 838 276 0.171627 0
1072 191 1095 257 0.149982 0
1072 190 1097 255 0.139318 0
799 184 819 239 0.132914 0
801 185 819 243 0.132742 0
733 200 769 280 0.129774 0
800 185 819 251 0.099620 0
800 184 818 236 0.095852 0
613 152 627 168 0.090689 0
799 189 820 258 0.089431 0
1166 193 1193 249 0.087658 0
801 185 820 246 0.087335 0
801 187 819 257 0.083738 0
936 189 974 266 0.083521 0
802 184 819 236 0.083468 0
1069 190 1099 260 0.078328 0
1070 190 1090 249 0.077798 0
1068 190 1095 258 0.074712 0
956 372 981 426 0.066185 0
1069 196 1091 257 0.064316 0
803 184 817 215 0.059227 0
848 199 856 228 0.056570 0
222 205 239 252 0.054879 0
537 195 568 254 0.052587 0
691 209 703 239 0.052137 0
803 184 816 213 0.051212 0
692 208 703 238 0.050900 0
813 194 837 261 0.050173 0
222 204 240 248 0.048991 0
802 184 816 215 0.047126 0
958 371 980 426 0.044045 0
809 193 837 261 0.043418 0
717 212 727 234 0.041091 0
1166 199 1194 249 0.040083 0
691 207 702 237 0.039047 0
800 198 819 257 0.038965 0
848 199 856 237 0.038693 0
845 199 856 240 0.037871 0
954 369 983 430 0.037048 0
1075 190 1090 221 0.035279 0
692 207 703 236 0.035068 0
1072 190 1090 221 0.034982 0
957 371 980 431 0.034604 0
1166 201 1183 246 0.034089 0
956 368 985 427 0.033485 0
718 211 727 234 0.033291 0
954 371 981 447 0.033224 0
802 184 816 221 0.033165 0
222 203 240 251 0.032182 0
1060 190 1096 261 0.031388 0
796 184 818 237 0.031180 0
999 380 1024 420 0.030697 0
958 374 977 409 0.029151 0
223 204 239 235 0.029078 0
955 371 979 445 0.028165 0
963 372 979 408 0.027778 0
690 208 703 238 0.027065 0
633 202 643 215 0.026752 0
643 678 671 703 0.026533 0
1076 190 1090 217 0.026480 0
952 371 980 452 0.025250 0
1016 205 1024 225 0.024621 0
222 205 239 232 0.023800 0
999 380 1021 419 0.023474 0
613 151 629 191 0.022260 0
843 199 856 241 0.021861 0
1112 194 1120 202 0.021723 0
958 375 968 408 0.021105 0
999 381 1022 412 0.020344 0
954 368 988 428 0.020061 0
999 381 1023 417 0.019720 0
535 183 571 291 0.019717 0
613 151 632 193 0.019319 0
199 207 207 222 0.019230 0
199 208 208 226 0.019163 0
733 200 768 271 0.018656 0
1010 206 1024 229 0.018406 0
997 380 1023 418 0.017599 0
712 204 728 234 0.017516 0
996 380 1023 421 0.017294 0
1004 382 1024 421 0.016662 0
1000 381 1018 401 0.016240 0
997 380 1020 421 0.016070 0
999 382 1014 399 0.016027 0
222 203 240 257 0.015831 0
966 373 978 389 0.015572 0
751 463 761 472 0.015114 0
1039 202 1050 230 0.014972 0
803 184 822 217 0.014922 0
958 374 973 408 0.014039 0
965 372 979 393 0.013747 0
738 200 769 278 0.013436 0
803 186 822 218 0.012804 0
612 152 632 194 0.012783 0
1072 485 1080 499 0.012678 0
742 199 753 214 0.012635 0
642 685 672 703 0.012443 0
960 369 982 410 0.012288 0
960 368 985 419 0.012226 0
613 151 635 193 0.012181 0
623 151 632 167 0.011850 0
535 187 571 279 0.011772 0
613 151 629 175 0.011243 0
953 371 979 458 0.010921 0
780 197 797 244 0.010686 0
1016 456 1025 466 0.010633 0
709 211 728 234 0.010528 0
511 191 523 210 0.010413 0
784 193 814 258 0.010288 0
782 197 794 234 0.010247 0
613 153 633 194 0.010169 0
1073 190 1096 238 0.010126 0
848 198 865 241 0.010083 0
221 204 241 264 0.010016 0
1037 196 1052 230 0.009827 0
198 207 207 224 0.009682 0
1012 382 1024 401 0.009647 0
643 681 672 703 0.009585 0
784 193 816 265 0.009532 0
613 150 636 194 0.009374 0
735 201 769 263 0.009175 0
1199 502 1209 512 0.009167 0
785 195 812 237 0.009162 0
1113 194 1121 208 0.008691 0
1000 383 1014 400 0.008593 0
690 211 703 239 0.008563 0
1208 504 1216 513 0.008499 0
632 202 647 216 0.008472 0
953 366 988 449 0.008352 0
848 186 867 243 0.008317 0
511 192 519 209 0.008175 0
1119 441 1130 475 0.008166 0
1271 199 1279 238 0.008144 0
1191 384 1206 401 0.008137 0
1072 493 1081 502 0.008018 0
997 380 1024 426 0.008008 0
1015 385 1024 401 0.007922 0
738 201 746 214 0.007762 0
1136 446 1143 457 0.007753 0
1164 201 1177 223 0.007744 0
783 198 794 212 0.007728 0
542 198 568 254 0.007631 0
655 676 672 703 0.007610 0
535 180 574 254 0.007541 0
1162 200 1185 253 0.007496 0
1159 500 1169 510 0.007406 0
983 373 992 392 0.007369 0
623 152 635 193 0.007217 0
994 381 1021 425 0.007184 0
1175 494 1185 505 0.006983 0
846 198 865 241 0.006944 0
743 203 768 237 0.006921 0
1270 198 1279 240 0.006890 0
1062 194 1087 256 0.006890 0
1175 496 1185 511 0.006877 0
805 192 822 222 0.006868 0
976 368 985 391 0.006839 0
1 64 252 209 0.006749 0
1134 446 1143 463 0.006631 0
637 159 656 202 0.006550 0
974 369 984 392 0.006547 0
978 355 992 393 0.006507 0
965 370 979 390 0.006483 0
982 374 991 392 0.006458 0
757 203 769 235 0.006445 0
783 196 802 235 0.006316 0
937 191 965 253 0.006268 0
1144 309 1169 344 0.006190 0
538 202 568 254 0.006171 0
1059 208 1084 257 0.006034 0
741 200 752 223 0.005962 0
865 440 875 455 0.005886 0
943 364 982 429 0.005836 0
751 459 768 472 0.005806 0
510 192 518 217 0.005790 0
638 160 645 184 0.005748 0
212 197 221 227 0.005737 0
896 200 905 232 0.005712 0
1056 488 1066 496 0.005622 0
1008 212 1024 230 0.005602 0
1165 204 1193 261 0.005586 0
1119 440 1132 473 0.005538 0
638 160 653 200 0.005514 0
601 150 632 197 0.005504 0
1038 199 1054 230 0.005500 0
546 199 568 253 0.005378 0
1228 192 1259 268 0.005367 0
1272 200 1279 243 0.005296 0
756 201 768 232 0.005289 0
1007 371 1024 403 0.005274 0
638 159 658 203 0.005249 0
987 680 1017 703 0.005159 0
1191 496 1200 504 0.005157 0
971 371 982 392 0.005096 0
750 456 766 472 0.005070 0
515 191 527 210 0.005067 0
1119 312 1129 343 0.005000 0
701 203 728 234 0.004964 0
222 199 239 229 0.004941 0
212 197 223 228 0.004934 0
1119 312 1128 330 0.004904 0
947 371 978 454 0.004843 0
1149 308 1168 344 0.004839 0
609 152 627 169 0.004784 0
783 197 798 232 0.004738 0
978 370 992 413 0.004727 0
575 424 584 432 0.004726 0
1232 195 1257 233 0.004706 0
915 474 928 487 0.004678 0
1005 383 1024 423 0.004650 0
999 376 1022 401 0.004638 0
0 64 232 206 0.004638 0
944 370 981 452 0.004634 0
966 364 988 412 0.004624 0
944 371 978 432 0.004598 0
892 201 903 237 0.004506 0
1193 498 1215 512 0.004476 0
224 200 239 216 0.004472 0
212 190 226 228 0.004437 0
1007 476 1015 493 0.004374 0
1272 200 1279 256 0.004360 0
1155 497 1169 509 0.004352 0
509 188 532 247 0.004319 0
959 362 980 405 0.004238 0
638 160 650 191 0.004221 0
1199 496 1212 505 0.004218 0
1036 203 1052 231 0.004201 0
1023 456 1031 464 0.004191 0
865 444 874 455 0.004186 0
1119 441 1136 473 0.004103 0
968 455 976 462 0.004008 0
1015 445 1025 463 0.003965 0
979 352 993 392 0.003954 0
940 346 985 427 0.003933 0
992 456 999 464 0.003921 0
715 197 730 232 0.003919 0
1007 455 1015 465 0.003886 0
689 206 703 237 0.003850 0
914 455 928 483 0.003845 0
842 227 855 242 0.003825 0
981 679 1007 703 0.003781 0
197 201 208 220 0.003746 0
1119 312 1129 339 0.003737 0
751 462 763 473 0.003734 0
1071 482 1080 498 0.003729 0
737 203 747 220 0.003713 0
1 64 204 209 0.003694 0
979 367 993 415 0.003675 0
1231 194 1257 253 0.003643 0
941 366 981 433 0.003619 0
0 64 57 210 0.003605 0
1270 198 1279 266 0.003545 0
1031 451 1040 464 0.003538 0
575 426 593 458 0.003498 0
1058 487 1075 497 0.003404 0
916 473 928 483 0.003391 0
887 471 895 481 0.003368 0
891 202 904 242 0.003332 0
983 446 993 455 0.003251 0
198 208 210 233 0.003248 0
990 205 998 226 0.003223 0
832 472 840 483 0.003213 0
1071 500 1081 512 0.003200 0
212 198 225 230 0.003159 0
505 186 533 250 0.003149 0
517 191 527 201 0.003145 0
1119 442 1132 473 0.003141 0
1104 312 1111 327 0.003120 0
944 347 962 395 0.003120 0
992 357 1024 419 0.003117 0
751 418 768 443 0.003091 0
989 210 1000 245 0.003066 0
991 213 998 225 0.003041 0
835 682 851 703 0.002999 0
1233 195 1258 236 0.002985 0
751 419 768 441 0.002979 0
607 448 623 463 0.002975 0
643 668 672 704 0.002962 0
1046 486 1059 496 0.002960 0
948 350 989 428 0.002959 0
1136 444 1145 460 0.002953 0
217 205 241 265 0.002933 0
1037 196 1054 231 0.002922 0
913 474 928 486 0.002915 0
620 150 638 190 0.002896 0
637 159 657 199 0.002894 0
945 345 961 391 0.002891 0
1128 445 1134 459 0.002887 0
999 377 1018 400 0.002866 0
1226 193 1258 263 0.002863 0
992 377 1016 418 0.002841 0
1023 484 1035 497 0.002837 0
319 203 331 231 0.002818 0
510 189 530 245 0.002813 0
511 190 530 242 0.002800 0
1147 498 1169 510 0.002783 0
964 358 981 391 0.002748 0
957 207 996 271 0.002743 0
959 213 975 263 0.002716 0
1125 443 1135 472 0.002680 0
835 200 855 240 0.002676 0
960 208 997 267 0.002673 0
883 201 905 244 0.002672 0
547 203 568 254 0.002650 0
1213 199 1229 233 0.002637 0
983 454 993 463 0.002612 0
1072 493 1081 506 0.002607 0
983 441 993 455 0.002565 0
1212 192 1259 269 0.002547 0
912 475 927 487 0.002543 0
1241 455 1256 472 0.002542 0
607 152 627 179 0.002534 0
991 379 1017 422 0.002526 0
1008 431 1015 440 0.002514 0
1147 498 1169 509 0.002507 0
1228 193 1273 269 0.002488 0
1102 311 1118 347 0.002473 0
879 208 890 232 0.002472 0
65 64 259 207 0.002466 0
1087 492 1096 504 0.002466 0
977 369 995 419 0.002464 0
1247 475 1263 514 0.002443 0
883 201 897 240 0.002420 0
1230 459 1245 490 0.002394 0
1009 362 1024 400 0.002379 0
912 455 928 485 0.002377 0
852 464 865 475 0.002362 0
120 64 210 93 0.002359 0
1212 199 1228 231 0.002355 0
835 680 852 703 0.002337 0
1029 486 1041 497 0.002289 0
1252 197 1271 217 0.002285 0
1226 503 1239 510 0.002258 0
960 218 976 264 0.002239 0
611 152 632 198 0.002236 0
881 199 905 242 0.002233 0
633 199 653 216 0.002232 0
1208 168 1216 201 0.002217 0
936 205 969 266 0.002213 0
665 455 673 463 0.002213 0
972 353 992 392 0.002205 0
960 455 968 463 0.002199 0
809 192 836 224 0.002199 0
1063 192 1084 241 0.002166 0
1201 496 1215 506 0.002165 0
1250 196 1275 232 0.002163 0
212 196 220 224 0.002141 0
749 456 771 472 0.002114 0
1208 166 1229 225 0.002078 0
976 680 1007 703 0.002049 0
902 335 924 350 0.002046 0
670 207 678 228 0.002036 0
846 205 866 241 0.002028 0
994 378 1024 440 0.002013 0
1028 448 1040 464 0.002010 0
210 197 222 227 0.002006 0
999 375 1029 427 0.001994 0
0 64 50 212 0.001982 0
1007 469 1016 491 0.001951 0
1214 194 1277 268 0.001940 0
983 679 1008 703 0.001918 0
1210 176 1231 232 0.001891 0
865 439 879 455 0.001881 0
1152 495 1186 510 0.001880 0
1031 489 1039 502 0.001879 0
1252 197 1270 231 0.001868 0
831 681 852 703 0.001853 0
835 678 855 703 0.001849 0
884 203 901 242 0.001845 0
217 183 233 213 0.001845 0
990 395 1002 432 0.001838 0
1230 196 1242 224 0.001836 0
604 174 613 183 0.001834 0
1008 479 1015 494 0.001826 0
215 185 224 207 0.001821 0
1231 458 1240 467 0.001816 0
1247 471 1263 503 0.001803 0
933 387 945 409 0.001798 0
1023 482 1035 495 0.001798 0
40 64 265 208 0.001786 0
681 199 694 219 0.001772 0
865 209 875 238 0.001766 0
626 157 641 191 0.001736 0
1152 439 1158 450 0.001724 0
1007 447 1015 464 0.001714 0
988 679 1025 703 0.001701 0
1142 314 1168 344 0.001681 0
1040 455 1048 464 0.001675 0
1095 448 1104 471 0.001675 0
832 465 840 473 0.001674 0
784 186 817 233 0.001667 0
1182 495 1201 511 0.001665 0
823 464 832 473 0.001662 0
582 423 592 438 0.001650 0
1184 210 1201 231 0.001631 0
974 349 993 391 0.001588 0
913 455 927 464 0.001587 0
831 680 852 703 0.001583 0
800 440 807 448 0.001569 0
783 192 796 213 0.001563 0
936 455 943 464 0.001554 0
716 212 729 237 0.001540 0
1087 487 1097 504 0.001535 0
1188 383 1205 404 0.001533 0
1000 454 1008 464 0.001530 0
327 64 495 206 0.001527 0
1216 188 1223 204 0.001523 0
194 203 207 219 0.001523 0
552 181 569 220 0.001522 0
1022 447 1036 463 0.001504 0
985 205 994 219 0.001504 0
217 195 240 239 0.001502 0
1181 165 1203 218 0.001482 0
715 206 729 235 0.001481 0
1212 496 1240 511 0.001478 0
1088 191 1095 202 0.001471 0
1046 481 1056 490 0.001467 0
933 390 945 409 0.001462 0
1130 502 1137 508 0.001457 0
912 455 924 464 0.001453 0
44 359 79 373 0.001451 0
1103 312 1114 329 0.001449 0
746 200 768 232 0.001435 0
843 217 866 242 0.001431 0
1238 453 1251 472 0.001429 0
1016 478 1025 488 0.001422 0
703 453 718 469 0.001422 0
670 207 679 230 0.001421 0
376 185 385 201 0.001411 0
930 372 945 408 0.001410 0
1078 192 1103 251 0.001406 0
1064 463 1071 471 0.001404 0
649 408 656 424 0.001388 0
1095 446 1104 471 0.001388 0
1189 357 1209 405 0.001381 0
951 373 973 416 0.001380 0
541 206 567 255 0.001380 0
789 330 815 345 0.001379 0
943 354 1024 422 0.001374 0
937 190 958 220 0.001372 0
663 462 672 471 0.001372 0
877 200 906 241 0.001367 0
896 472 911 484 0.001364 0
942 360 958 393 0.001360 0
1156 495 1186 510 0.001351 0
751 462 761 478 0.001349 0
944 339 968 383 0.001335 0
976 206 995 234 0.001329 0
632 184 654 215 0.001324 0
903 336 925 350 0.001322 0
470 204 478 218 0.001322 0
16 448 35 472 0.001316 0
1101 312 1119 347 0.001316 0
1256 199 1279 268 0.001308 0
1239 449 1249 470 0.001306 0
990 194 1003 224 0.001303 0
1245 460 1256 473 0.001301 0
1174 343 1196 359 0.001296 0
940 348 992 396 0.001291 0
1231 459 1240 470 0.001290 0
931 375 946 408 0.001284 0
703 455 714 469 0.001283 0
990 446 1000 459 0.001276 0
1025 449 1038 464 0.001276 0
1218 201 1230 232 0.001266 0
950 344 960 387 0.001264 0
587 167 596 185 0.001264 0
950 456 960 465 0.001257 0
939 342 978 403 0.001255 0
927 377 945 408 0.001255 0
1119 312 1137 344 0.001253 0
952 190 961 207 0.001253 0
1182 385 1193 403 0.001245 0
209 198 223 227 0.001243 0
1217 198 1225 211 0.001242 0
1117 311 1135 343 0.001238 0
1135 441 1144 458 0.001228 0
864 208 875 239 0.001222 0
1174 489 1185 504 0.001219 0
1217 201 1231 233 0.001217 0
1004 362 1024 394 0.001215 0
980 351 992 365 0.001214 0
1215 211 1228 233 0.001211 0
832 477 841 489 0.001205 0
895 326 903 343 0.001203 0
774 199 795 237 0.001202 0
990 394 1005 423 0.001197 0
847 464 861 475 0.001192 0
1249 480 1265 516 0.001192 0
794 214 801 232 0.001184 0
1135 503 1143 509 0.001177 0
985 373 1013 412 0.001167 0
1239 449 1248 464 0.001162 0
839 198 856 238 0.001155 0
956 375 973 447 0.001152 0
1209 202 1223 223 0.001137 0
960 336 967 351 0.001137 0
1253 215 1264 231 0.001136 0
960 441 968 456 0.001131 0
513 189 527 212 0.001125 0
465 203 472 216 0.001122 0
603 161 617 183 0.001111 0
895 327 903 343 0.001109 0
1009 448 1024 467 0.001106 0
649 409 656 424 0.001106 0
643 158 657 186 0.001094 0
1000 431 1006 440 0.001093 0
725 422 737 440 0.001090 0
880 202 907 245 0.001085 0
719 425 727 440 0.001083 0
464 202 478 266 0.001083 0
332 64 494 288 0.001082 0
738 420 775 457 0.001078 0
655 670 672 702 0.001073 0
213 202 228 234 0.001067 0
878 438 887 455 0.001065 0
738 419 800 459 0.001060 0
943 374 957 394 0.001051 0
457 202 465 215 0.001046 0
960 440 968 452 0.001046 0
1133 445 1144 472 0.001045 0
1181 359 1208 403 0.001044 0
1165 471 1178 479 0.001042 0
924 447 934 457 0.001040 0
1032 481 1058 495 0.001036 0
465 202 477 250 0.001033 0
950 274 960 291 0.001023 0
636 181 656 214 0.001020 0
862 432 871 441 0.001010 0
1155 470 1168 479 0.000998 0
1230 468 1249 492 0.000993 0
718 424 727 440 0.000988 0
1103 311 1124 346 0.000988 0
705 455 720 469 0.000982 0
864 216 874 236 0.000979 0
640 677 672 703 0.000975 0
313 64 368 198 0.000971 0
974 688 987 703 0.000967 0
242 195 255 215 0.000965 0
915 447 930 456 0.000957 0
949 380 960 396 0.000954 0
974 686 991 703 0.000953 0
478 200 485 216 0.000945 0
1087 453 1097 471 0.000939 0
790 184 817 224 0.000938 0
942 350 954 389 0.000938 0
0 347 87 611 0.000937 0
0 330 29 370 0.000929 0
1080 431 1087 441 0.000925 0
1151 442 1164 458 0.000919 0
1021 191 1053 229 0.000918 0
902 336 925 351 0.000918 0
1015 457 1024 470 0.000918 0
1072 462 1080 471 0.000917 0
987 214 1002 252 0.000916 0
681 198 693 215 0.000906 0
929 385 945 430 0.000894 0
478 195 488 216 0.000887 0
1095 441 1104 471 0.000884 0
1080 455 1096 472 0.000884 0
534 627 545 670 0.000877 0
465 202 478 263 0.000875 0
927 375 946 408 0.000869 0
834 467 848 477 0.000866 0
369 64 497 217 0.000865 0
56 64 343 209 0.000861 0
669 208 681 232 0.000859 0
1254 196 1277 232 0.000858 0
1119 383 1128 410 0.000853 0
773 197 796 236 0.000845 0
1247 471 1263 484 0.000843 0
1180 345 1194 391 0.000841 0
966 446 976 458 0.000841 0
1152 436 1168 456 0.000840 0
518 190 541 249 0.000832 0
722 203 741 236 0.000831 0
1206 166 1231 233 0.000830 0
787 329 812 377 0.000830 0
849 466 866 479 0.000830 0
901 335 925 380 0.000829 0
1174 387 1185 409 0.000828 0
904 336 925 388 0.000824 0
717 191 729 227 0.000824 0
95 64 224 205 0.000824 0
342 64 439 212 0.000824 0
863 437 882 478 0.000815 0
1103 311 1130 346 0.000813 0
895 416 904 430 0.000812 0
1044 226 1073 295 0.000797 0
1064 190 1083 224 0.000796 0
1152 449 1166 460 0.000792 0
0 427 79 616 0.000790 0
467 203 478 246 0.000790 0
0 64 72 208 0.000788 0
245 196 255 214 0.000780 0
1254 198 1278 236 0.000779 0
0 64 22 210 0.000777 0
1206 196 1229 232 0.000775 0
328 64 434 215 0.000773 0
974 200 987 218 0.000772 0
570 179 581 201 0.000771 0
1250 198 1279 269 0.000768 0
95 279 112 312 0.000768 0
341 64 491 363 0.000768 0
1172 378 1198 407 0.000767 0
532 182 568 222 0.000767 0
895 418 904 435 0.000763 0
194 197 207 217 0.000758 0
1256 201 1279 254 0.000758 0
0 330 21 366 0.000754 0
999 337 1008 359 0.000754 0
897 444 904 456 0.000753 0
951 375 968 408 0.000753 0
812 327 848 344 0.000753 0
464 200 471 215 0.000752 0
928 387 945 409 0.000752 0
1121 324 1136 343 0.000751 0
264 198 275 232 0.000744 0
531 626 544 667 0.000743 0
1037 383 1052 411 0.000743 0
1213 480 1243 511 0.000742 0
929 378 946 413 0.000739 0
939 329 963 388 0.000737 0
1032 375 1039 390 0.000731 0
1039 322 1054 335 0.000729 0
1177 380 1193 396 0.000729 0
464 201 478 271 0.000728 0
681 199 690 216 0.000728 0
1061 64 1151 137 0.000727 0
878 439 888 457 0.000718 0
392 64 497 230 0.000713 0
1230 454 1262 503 0.000712 0
1134 484 1176 509 0.000711 0
1179 381 1212 412 0.000709 0
1179 344 1196 379 0.000709 0
856 214 880 276 0.000708 0
1119 391 1128 411 0.000703 0
865 207 896 241 0.000701 0
1149 388 1158 401 0.000699 0
902 327 925 349 0.000698 0
834 680 861 703 0.000697 0
316 64 368 188 0.000697 0
1158 425 1168 443 0.000696 0
1026 374 1041 410 0.000696 0
347 64 437 222 0.000695 0
721 423 737 440 0.000693 0
1176 376 1194 397 0.000692 0
860 216 876 242 0.000692 0
789 327 835 344 0.000689 0
903 475 929 489 0.000688 0
316 64 428 221 0.000687 0
463 200 479 278 0.000682 0
735 421 769 452 0.000682 0
1072 455 1095 472 0.000679 0
1023 380 1030 394 0.000677 0
311 65 481 363 0.000675 0
1212 211 1237 266 0.000674 0
311 64 497 204 0.000672 0
903 327 919 345 0.000672 0
788 329 812 370 0.000671 0
1045 224 1074 296 0.000662 0
157 64 257 217 0.000660 0
940 344 959 388 0.000659 0
1092 187 1103 203 0.000659 0
940 342 961 388 0.000658 0
41 64 351 217 0.000658 0
1058 226 1073 294 0.000657 0
534 629 545 672 0.000654 0
1111 207 1136 232 0.000654 0
1064 484 1090 502 0.000653 0
659 423 673 439 0.000652 0
1223 470 1232 484 0.000652 0
335 65 482 361 0.000651 0
994 182 1009 221 0.000647 0
1007 423 1016 440 0.000645 0
942 343 975 391 0.000643 0
340 64 497 213 0.000643 0
821 329 848 345 0.000637 0
639 440 649 458 0.000637 0
982 361 1009 397 0.000636 0
943 376 957 406 0.000635 0
205 202 223 227 0.000628 0
918 390 929 407 0.000628 0
627 158 640 192 0.000627 0
1213 372 1223 386 0.000626 0
1135 345 1143 359 0.000625 0
1116 311 1138 362 0.000622 0
1086 492 1108 507 0.000621 0
630 160 641 192 0.000619 0
993 341 1009 362 0.000619 0
471 198 479 214 0.000617 0
1071 456 1084 471 0.000615 0
926 356 946 403 0.000614 0
1189 373 1219 416 0.000613 0
1008 505 1018 521 0.000610 0
1059 154 1110 260 0.000609 0
769 427 789 450 0.000607 0
706 415 800 471 0.000601 0
992 363 1000 381 0.000598 0
1218 454 1223 466 0.000596 0
1007 455 1025 484 0.000595 0
1072 456 1096 473 0.000594 0
825 196 838 237 0.000591 0
880 407 897 440 0.000590 0
1028 375 1040 397 0.000590 0
853 218 872 279 0.000589 0
734 421 770 460 0.000589 0
1104 312 1129 340 0.000588 0
1028 374 1046 415 0.000587 0
219 195 244 231 0.000583 0
531 185 596 259 0.000582 0
949 192 969 232 0.000580 0
1105 190 1121 212 0.000579 0
1134 489 1165 509 0.000577 0
1134 482 1186 509 0.000576 0
0 64 40 201 0.000573 0
1142 385 1155 407 0.000573 0
0 64 18 207 0.000570 0
486 175 569 254 0.000568 0
1190 489 1200 504 0.000567 0
319 65 472 361 0.000565 0
725 215 743 245 0.000562 0
1017 376 1041 430 0.000559 0
345 64 457 208 0.000556 0
1058 221 1072 295 0.000553 0
1120 324 1139 344 0.000551 0
1093 436 1104 468 0.000551 0
877 411 941 482 0.000548 0
629 162 646 198 0.000545 0
1009 456 1025 488 0.000544 0
984 482 991 487 0.000544 0
927 352 948 391 0.000544 0
815 463 827 474 0.000542 0
1077 332 1088 345 0.000542 0
1000 335 1007 344 0.000541 0
982 201 996 220 0.000541 0
924 455 944 484 0.000539 0
1173 351 1211 411 0.000536 0
825 421 832 433 0.000534 0
880 392 896 408 0.000533 0
1039 410 1057 460 0.000531 0
1036 279 1059 335 0.000531 0
1221 457 1242 492 0.000529 0
531 194 600 280 0.000529 0
903 336 929 386 0.000529 0
1208 505 1216 516 0.000524 0
321 64 491 364 0.000524 0
1063 64 1159 139 0.000523 0
930 404 944 430 0.000523 0
1074 184 1093 209 0.000522 0
1175 377 1187 391 0.000522 0
1110 450 1119 471 0.000521 0
452 205 466 222 0.000521 0
1162 200 1183 235 0.000520 0
1153 303 1168 336 0.000518 0
835 677 857 703 0.000512 0
887 416 913 458 0.000511 0
1161 377 1167 385 0.000511 0
830 678 854 703 0.000511 0
1006 376 1040 420 0.000510 0
878 407 907 460 0.000509 0
890 451 939 486 0.000509 0
319 64 435 227 0.000508 0
353 65 498 218 0.000506 0
519 190 542 248 0.000506 0
1000 358 1024 391 0.000506 0
1120 404 1128 423 0.000506 0
1159 425 1168 440 0.000505 0
860 464 873 478 0.000503 0
875 412 944 484 0.000501 0
1017 380 1032 406 0.000497 0
1087 448 1100 470 0.000494 0
799 425 808 447 0.000492 0
1150 377 1161 400 0.000489 0
264 197 271 212 0.000488 0
1162 201 1182 247 0.000487 0
1095 311 1120 358 0.000484 0
951 345 992 393 0.000483 0
895 417 912 438 0.000481 0
837 439 848 449 0.000476 0
1178 382 1211 417 0.000475 0
767 428 775 446 0.000475 0
852 222 872 280 0.000475 0
680 169 691 215 0.000474 0
990 397 1001 437 0.000474 0
690 206 704 272 0.000473 0
639 435 649 454 0.000472 0
15 448 35 484 0.000472 0
156 64 256 203 0.000472 0
783 314 840 344 0.000470 0
981 229 998 269 0.000470 0
991 184 1007 223 0.000470 0
704 440 721 467 0.000469 0
1102 678 1121 703 0.000468 0
952 190 967 217 0.000467 0
1215 475 1233 492 0.000466 0
1099 311 1135 362 0.000462 0
926 357 945 389 0.000462 0
783 327 822 381 0.000460 0
15 448 35 474 0.000460 0
997 447 1007 460 0.000458 0
313 64 496 271 0.000458 0
1151 452 1160 462 0.000458 0
879 407 890 439 0.000456 0
715 439 736 460 0.000454 0
1159 377 1171 394 0.000454 0
1213 483 1238 511 0.000453 0
1069 183 1092 221 0.000453 0
774 195 795 235 0.000452 0
881 439 904 456 0.000452 0
861 217 886 277 0.000451 0
0 67 16 208 0.000451 0
1110 501 1120 509 0.000450 0
783 437 800 451 0.000450 0
351 188 358 199 0.000449 0
574 412 584 434 0.000449 0
546 207 568 256 0.000449 0
952 183 961 205 0.000448 0
718 439 737 459 0.000447 0
960 432 975 455 0.000447 0
1120 408 1127 424 0.000446 0
714 439 738 470 0.000444 0
952 375 1023 445 0.000442 0
991 191 1020 225 0.000441 0
814 445 825 455 0.000439 0
1029 64 1156 214 0.000437 0
1053 198 1074 239 0.000437 0
1168 477 1177 490 0.000435 0
917 342 989 421 0.000435 0
941 376 960 426 0.000434 0
986 227 998 257 0.000433 0
1095 500 1104 510 0.000433 0
864 425 882 455 0.000432 0
704 422 722 460 0.000430 0
971 676 1013 703 0.000430 0
1008 470 1022 493 0.000430 0
607 423 624 459 0.000429 0
964 374 1005 429 0.000429 0
1005 64 1152 183 0.000427 0
723 408 776 454 0.000426 0
878 406 910 479 0.000426 0
1140 376 1156 405 0.000426 0
528 625 544 669 0.000426 0
784 425 805 450 0.000426 0
920 384 945 429 0.000425 0
877 420 943 485 0.000424 0
1145 306 1177 345 0.000424 0
1029 380 1051 431 0.000424 0
612 423 623 434 0.000424 0
355 214 368 275 0.000422 0
1063 64 1132 132 0.000422 0
774 214 788 236 0.000422 0
1050 390 1068 411 0.000419 0
195 193 206 223 0.000417 0
1119 379 1131 409 0.000416 0
806 174 818 212 0.000415 0
1037 390 1051 413 0.000415 0
802 440 817 451 0.000414 0
879 391 895 407 0.000414 0
653 195 661 216 0.000414 0
1071 387 1079 404 0.000412 0
1143 376 1152 395 0.000411 0
1230 64 1279 168 0.000411 0
255 64 354 194 0.000411 0
927 355 944 382 0.000410 0
883 373 983 465 0.000409 0
50 357 80 449 0.000408 0
893 416 907 455 0.000407 0
1225 170 1274 234 0.000404 0
942 380 957 431 0.000401 0
538 205 568 274 0.000401 0
766 422 783 446 0.000401 0
1207 373 1227 407 0.000400 0
881 441 900 456 0.000400 0
0 64 46 378 0.000398 0
1081 405 1088 413 0.000396 0
715 433 737 458 0.000393 0
846 216 874 273 0.000391 0
1112 185 1127 205 0.000390 0
907 336 926 392 0.000389 0
385 196 396 206 0.000388 0
1118 311 1135 347 0.000388 0
864 209 890 242 0.000388 0
1057 64 1159 208 0.000386 0
866 459 881 477 0.000385 0
1217 219 1231 233 0.000384 0
1222 408 1231 424 0.000384 0
898 414 912 425 0.000384 0
750 458 770 479 0.000383 0
736 449 744 458 0.000383 0
874 201 911 249 0.000383 0
774 188 789 221 0.000382 0
1024 374 1039 392 0.000382 0
1083 193 1102 225 0.000382 0
928 349 946 384 0.000381 0
1119 318 1141 360 0.000380 0
831 390 838 400 0.000379 0
931 407 945 439 0.000378 0
1073 428 1081 441 0.000378 0
993 360 1022 392 0.000377 0
1079 401 1088 411 0.000376 0
187 191 217 230 0.000375 0
1247 185 1277 220 0.000374 0
210 182 229 225 0.000374 0
975 350 1012 392 0.000373 0
583 588 592 616 0.000372 0
1165 197 1187 248 0.000371 0
352 64 496 96 0.000366 0
1216 408 1223 425 0.000366 0
349 66 450 222 0.000365 0
1138 389 1156 408 0.000365 0
930 378 956 410 0.000364 0
214 206 233 252 0.000364 0
626 664 672 704 0.000362 0
383 584 392 626 0.000361 0
1215 473 1224 481 0.000361 0
1171 457 1184 472 0.000361 0
848 177 869 237 0.000361 0
935 436 944 450 0.000360 0
955 351 1024 414 0.000359 0
628 425 639 451 0.000359 0
1228 456 1264 502 0.000358 0
61 64 137 198 0.000358 0
906 338 943 391 0.000357 0
931 375 945 391 0.000357 0
769 174 778 190 0.000356 0
1012 423 1024 438 0.000356 0
867 327 883 343 0.000356 0
1067 476 1089 498 0.000356 0
55 358 80 448 0.000356 0
928 344 949 383 0.000356 0
1184 167 1219 218 0.000354 0
1052 64 1280 276 0.000353 0
355 202 378 231 0.000353 0
1171 380 1191 423 0.000353 0
60 64 356 232 0.000352 0
241 191 254 216 0.000351 0
1259 64 1279 169 0.000351 0
1040 416 1057 460 0.000351 0
317 65 422 210 0.000350 0
1106 387 1127 410 0.000348 0
923 344 947 384 0.000348 0
960 423 976 450 0.000347 0
331 186 342 199 0.000347 0
819 411 840 437 0.000346 0
911 377 928 411 0.000346 0
632 202 650 222 0.000344 0
143 64 256 204 0.000343 0
1167 459 1176 474 0.000343 0
1111 454 1120 473 0.000343 0
914 365 935 407 0.000342 0
632 471 640 479 0.000342 0
730 196 770 296 0.000342 0
1109 441 1121 469 0.000341 0
987 351 1020 387 0.000341 0
990 439 1000 450 0.000339 0
985 206 1037 256 0.000339 0
288 213 323 332 0.000339 0
565 202 577 216 0.000337 0
1151 426 1169 456 0.000337 0
704 420 721 458 0.000337 0
1035 381 1063 415 0.000336 0
608 434 624 462 0.000335 0
157 206 168 231 0.000334 0
1056 455 1073 471 0.000333 0
791 440 825 468 0.000333 0
231 195 256 230 0.000333 0
212 207 243 282 0.000332 0
531 178 610 255 0.000332 0
784 320 845 344 0.000332 0
1040 279 1060 334 0.000330 0
332 64 613 373 0.000329 0
803 439 827 454 0.000329 0
1033 64 1280 294 0.000329 0
995 409 1016 442 0.000327 0
1015 441 1025 451 0.000326 0
626 449 640 461 0.000326 0
106 64 342 160 0.000325 0
879 407 893 441 0.000324 0
725 416 736 435 0.000323 0
665 183 671 216 0.000323 0
890 438 904 456 0.000322 0
1077 333 1089 357 0.000322 0
807 690 818 703 0.000322 0
1176 412 1183 423 0.000321 0
1059 392 1075 415 0.000321 0
998 372 1042 416 0.000320 0
1206 65 1279 272 0.000319 0
1036 375 1056 411 0.000319 0
1076 432 1087 455 0.000318 0
900 336 923 350 0.000317 0
763 203 785 235 0.000317 0
1039 447 1049 464 0.000315 0
704 420 721 465 0.000315 0
1049 391 1067 413 0.000315 0
155 64 256 177 0.000315 0
914 200 939 244 0.000314 0
1045 455 1056 466 0.000313 0
62 64 144 202 0.000313 0
1038 408 1050 426 0.000313 0
662 207 679 232 0.000312 0
1012 424 1025 440 0.000311 0
914 439 935 455 0.000311 0
232 213 254 239 0.000311 0
855 410 942 484 0.000311 0
764 196 791 234 0.000311 0
0 66 59 218 0.000311 0
850 675 881 703 0.000310 0
1088 422 1104 466 0.000310 0
1239 423 1247 440 0.000309 0
360 71 497 249 0.000309 0
816 413 844 448 0.000309 0
1161 378 1191 407 0.000308 0
62 64 188 198 0.000308 0
959 64 1278 298 0.000308 0
879 424 888 451 0.000308 0
415 250 420 270 0.000308 0
1247 420 1253 430 0.000307 0
641 679 680 703 0.000307 0
1085 324 1119 346 0.000305 0
1119 470 1128 477 0.000302 0
1214 368 1224 380 0.000301 0
109 64 352 199 0.000301 0
1088 264 1096 270 0.000301 0
917 345 1024 420 0.000300 0
1170 343 1211 394 0.000300 0
1036 191 1076 233 0.000298 0
900 335 925 374 0.000298 0
831 439 843 449 0.000294 0
359 66 503 226 0.000293 0
856 438 883 478 0.000293 0
734 447 771 471 0.000293 0
1025 361 1040 391 0.000292 0
159 64 256 186 0.000292 0
1258 176 1279 214 0.000291 0
233 214 251 234 0.000289 0
0 65 76 216 0.000289 0
918 393 929 407 0.000288 0
914 180 941 223 0.000288 0
1192 357 1209 389 0.000287 0
1058 391 1074 408 0.000287 0
1168 413 1177 423 0.000286 0
454 192 480 302 0.000285 0
798 419 809 441 0.000285 0
797 441 827 471 0.000284 0
586 152 655 204 0.000283 0
1035 388 1067 421 0.000282 0
1023 484 1042 502 0.000282 0
767 424 798 455 0.000281 0
1105 439 1134 472 0.000281 0
990 349 1002 360 0.000280 0
772 422 796 448 0.000280 0
1217 443 1224 457 0.000280 0
644 659 672 703 0.000278 0
1165 189 1191 240 0.000278 0
1040 390 1075 428 0.000278 0
1053 393 1084 453 0.000277 0
1028 396 1046 440 0.000277 0
958 64 1181 289 0.000276 0
730 423 768 462 0.000275 0
919 684 929 703 0.000275 0
1245 462 1265 483 0.000274 0
661 414 670 432 0.000274 0
856 431 867 440 0.000274 0
1074 421 1089 448 0.000273 0
1251 477 1279 695 0.000273 0
1036 398 1051 422 0.000271 0
1134 344 1146 359 0.000270 0
304 64 495 237 0.000268 0
909 339 928 395 0.000267 0
1206 454 1218 469 0.000267 0
1208 372 1224 399 0.000267 0
157 205 169 228 0.000267 0
1044 411 1056 424 0.000266 0
350 168 368 199 0.000266 0
703 433 722 466 0.000265 0
769 178 785 206 0.000265 0
775 316 844 344 0.000265 0
1095 329 1105 345 0.000264 0
157 69 226 211 0.000264 0
911 346 941 403 0.000263 0
951 459 965 469 0.000262 0
1041 403 1061 424 0.000261 0
958 459 968 469 0.000261 0
1247 452 1263 480 0.000260 0
1104 189 1121 204 0.000260 0
865 217 884 243 0.000260 0
437 192 445 203 0.000260 0
930 443 944 458 0.000260 0
319 64 430 188 0.000260 0
816 410 831 439 0.000260 0
63 64 164 203 0.000260 0
1071 381 1079 399 0.000259 0
735 459 763 472 0.000259 0
957 64 1244 290 0.000259 0
655 424 676 439 0.000258 0
1156 377 1186 411 0.000258 0
1239 421 1247 439 0.000257 0
807 679 832 703 0.000257 0
981 64 1087 220 0.000256 0
646 673 681 703 0.000255 0
820 191 841 225 0.000256 0
1040 420 1057 458 0.000255 0
1169 455 1184 471 0.000255 0
650 160 666 202 0.000255 0
1204 408 1216 433 0.000255 0
938 185 998 270 0.000255 0
1024 430 1031 440 0.000253 0
721 422 760 449 0.000253 0
1155 343 1199 382 0.000251 0
1102 499 1117 509 0.000250 0
1038 411 1054 451 0.000249 0
639 639 678 703 0.000249 0
811 679 836 703 0.000249 0
0 320 50 573 0.000248 0
869 431 943 485 0.000248 0
121 64 491 211 0.000247 0
1105 393 1127 410 0.000247 0
774 244 851 347 0.000246 0
1033 64 1153 146 0.000246 0
784 421 809 447 0.000245 0
0 342 48 418 0.000245 0
950 410 973 450 0.000245 0
936 433 944 441 0.000244 0
1145 64 1279 272 0.000244 0
0 90 16 216 0.000244 0
854 157 986 264 0.000244 0
875 334 885 343 0.000242 0
52 64 129 196 0.000242 0
959 470 975 487 0.000241 0
718 423 768 460 0.000240 0
572 408 592 435 0.000240 0
652 152 671 174 0.000240 0
766 257 849 346 0.000240 0
831 596 842 616 0.000240 0
1072 503 1081 518 0.000240 0
799 312 837 344 0.000239 0
824 407 833 417 0.000239 0
765 222 851 343 0.000239 0
64 65 196 206 0.000238 0
31 214 41 228 0.000238 0
0 401 37 578 0.000238 0
1158 343 1200 397 0.000237 0
55 64 127 167 0.000236 0
910 342 942 396 0.000236 0
1070 441 1092 470 0.000235 0
60 64 141 165 0.000234 0
1145 377 1183 407 0.000234 0
0 64 57 187 0.000233 0
526 188 569 259 0.000232 0
1223 454 1238 472 0.000232 0
479 178 500 214 0.000231 0
1098 399 1104 407 0.000231 0
863 317 884 343 0.000231 0
1162 201 1184 248 0.000230 0
59 64 208 166 0.000229 0
918 400 928 422 0.000229 0
1121 345 1136 359 0.000229 0
269 222 291 295 0.000228 0
784 271 850 346 0.000228 0
828 418 844 438 0.000228 0
1042 278 1060 328 0.000228 0
662 553 672 598 0.000228 0
965 682 985 703 0.000227 0
832 654 858 703 0.000226 0
430 64 496 240 0.000226 0
386 185 400 206 0.000226 0
284 213 322 326 0.000225 0
983 671 1161 704 0.000225 0
919 692 929 703 0.000225 0
59 64 205 158 0.000225 0
1245 408 1254 428 0.000224 0
1228 64 1279 187 0.000224 0
959 64 1080 235 0.000224 0
1152 449 1167 464 0.000223 0
952 495 959 503 0.000223 0
985 374 1054 429 0.000223 0
912 447 929 460 0.000223 0
383 585 393 627 0.000223 0
0 142 8 203 0.000223 0
1064 64 1133 142 0.000222 0
950 423 970 451 0.000222 0
808 683 840 703 0.000222 0
921 328 983 389 0.000221 0
787 328 837 368 0.000220 0
877 403 944 483 0.000220 0
951 426 970 455 0.000220 0
0 442 53 607 0.000220 0
1070 64 1079 70 0.000220 0
680 171 702 215 0.000219 0
1055 374 1067 390 0.000219 0
131 64 507 243 0.000219 0
47 357 79 446 0.000219 0
653 199 662 217 0.000219 0
486 190 534 251 0.000218 0
60 64 214 195 0.000217 0
801 416 809 423 0.000216 0
665 206 675 219 0.000216 0
807 688 833 703 0.000215 0
689 208 704 269 0.000215 0
682 423 698 440 0.000215 0
991 464 999 471 0.000215 0
969 675 1003 703 0.000215 0
797 628 816 700 0.000213 0
1015 325 1024 345 0.000212 0
1163 376 1183 393 0.000209 0
535 196 567 253 0.000209 0
1068 423 1083 442 0.000209 0
102 369 231 531 0.000208 0
981 666 1008 703 0.000208 0
1001 64 1154 174 0.000207 0
651 154 669 189 0.000207 0
1134 378 1156 408 0.000207 0
256 64 362 189 0.000207 0
768 177 783 203 0.000207 0
898 273 930 349 0.000206 0
430 519 440 553 0.000206 0
1197 358 1208 376 0.000206 0
1206 444 1217 456 0.000206 0
41 64 135 204 0.000206 0
1084 348 1097 360 0.000205 0
1064 429 1091 457 0.000205 0
1061 399 1074 424 0.000204 0
429 222 439 230 0.000204 0
1078 337 1093 361 0.000204 0
1038 277 1061 331 0.000202 0
113 66 214 209 0.000202 0
984 235 998 270 0.000201 0
154 66 264 225 0.000201 0
898 406 912 422 0.000201 0
248 215 255 229 0.000201 0
1086 413 1104 457 0.000201 0
703 320 720 364 0.000201 0
573 585 585 624 0.000200 0
1049 400 1095 439 0.000200 0
1054 210 1094 297 0.000200 0
802 464 817 473 0.000200 0
275 220 289 264 0.000200 0
940 326 963 382 0.000199 0
804 682 818 703 0.000197 0
22 352 48 432 0.000197 0
1068 395 1082 411 0.000197 0
1039 421 1051 457 0.000197 0
1248 355 1264 378 0.000197 0
944 326 963 357 0.000196 0
0 439 44 584 0.000196 0
294 64 445 197 0.000196 0
901 324 930 350 0.000196 0
960 453 976 476 0.000196 0
1254 482 1279 678 0.000196 0
375 184 397 205 0.000196 0
1032 511 1039 519 0.000195 0
376 184 396 203 0.000194 0
193 186 202 204 0.000194 0
156 86 212 216 0.000193 0
829 416 848 441 0.000193 0
20 337 48 426 0.000193 0
1264 363 1279 508 0.000193 0
0 446 15 480 0.000193 0
1071 335 1098 404 0.000192 0
1153 475 1169 488 0.000191 0
1061 170 1265 271 0.000191 0
901 335 925 387 0.000191 0
398 185 407 204 0.000190 0
1216 418 1224 433 0.000190 0
255 65 338 197 0.000190 0
255 64 335 186 0.000190 0
1220 215 1280 299 0.000189 0
290 64 497 201 0.000189 0
154 194 174 233 0.000189 0
106 64 212 196 0.000189 0
925 331 991 392 0.000189 0
60 64 193 159 0.000189 0
591 407 609 434 0.000189 0
767 206 781 234 0.000189 0
606 144 633 170 0.000189 0
1102 677 1120 701 0.000188 0
67 64 170 78 0.000188 0
0 140 25 238 0.000188 0
985 188 1064 268 0.000188 0
1070 331 1088 346 0.000188 0
1030 418 1040 440 0.000187 0
727 192 861 295 0.000187 0
1026 359 1039 376 0.000187 0
271 227 291 296 0.000187 0
223 391 240 408 0.000186 0
959 480 976 489 0.000186 0
885 690 906 703 0.000186 0
721 199 769 296 0.000186 0
835 420 848 449 0.000185 0
1071 388 1090 411 0.000185 0
1211 455 1224 474 0.000185 0
348 64 441 162 0.000185 0
1229 64 1279 249 0.000185 0
1160 374 1188 423 0.000185 0
1224 64 1279 266 0.000184 0
1263 252 1279 295 0.000184 0
928 408 944 428 0.000184 0
1199 408 1207 432 0.000183 0
938 370 1032 466 0.000183 0
1067 443 1093 469 0.000183 0
796 419 820 450 0.000183 0
851 683 888 703 0.000183 0
952 682 969 703 0.000182 0
1077 331 1104 361 0.000182 0
629 682 673 703 0.000182 0
4 64 285 219 0.000181 0
930 342 946 377 0.000180 0
1221 442 1268 477 0.000180 0
681 384 688 392 0.000179 0
728 322 744 341 0.000179 0
957 338 982 371 0.000179 0
1189 399 1203 423 0.000178 0
819 439 832 450 0.000178 0
786 276 849 345 0.000178 0
1080 461 1096 483 0.000178 0
1062 64 1127 123 0.000178 0
527 625 536 647 0.000177 0
1072 341 1081 355 0.000177 0
1006 432 1017 450 0.000177 0
1137 377 1185 409 0.000177 0
1120 379 1135 400 0.000177 0
777 313 813 344 0.000176 0
853 632 874 682 0.000176 0
0 182 6 203 0.000176 0
0 157 6 203 0.000175 0
1055 375 1067 391 0.000175 0
852 692 884 703 0.000175 0
817 454 832 468 0.000175 0
1150 457 1162 472 0.000175 0
1119 64 1150 75 0.000175 0
1060 427 1072 441 0.000173 0
644 655 672 703 0.000173 0
423 64 495 208 0.000173 0
18 355 48 418 0.000173 0
599 671 672 703 0.000173 0
487 471 496 483 0.000173 0
960 64 1081 216 0.000173 0
824 678 1027 704 0.000172 0
1263 64 1279 164 0.000172 0
1039 424 1052 457 0.000172 0
852 288 864 336 0.000172 0
848 693 882 703 0.000172 0
983 657 1022 704 0.000172 0
19 353 48 448 0.000171 0
1183 442 1190 457 0.000171 0
1222 445 1232 456 0.000171 0
67 65 212 209 0.000170 0
820 416 845 443 0.000170 0
1249 425 1264 456 0.000170 0
1223 164 1256 221 0.000170 0
880 201 913 251 0.000170 0
881 324 896 343 0.000170 0
593 406 608 426 0.000170 0
0 67 49 305 0.000169 0
1058 149 1266 263 0.000169 0
319 64 370 107 0.000169 0
895 391 904 407 0.000169 0
802 174 823 215 0.000169 0
883 328 896 345 0.000168 0
793 312 848 344 0.000168 0
957 339 998 387 0.000168 0
1007 503 1024 521 0.000168 0
631 631 674 703 0.000168 0
119 64 492 197 0.000168 0
1023 421 1033 440 0.000167 0
1065 389 1124 462 0.000167 0
1036 276 1067 336 0.000167 0
0 441 67 611 0.000167 0
272 226 290 287 0.000167 0
879 404 914 441 0.000166 0
9 64 320 231 0.000166 0
829 392 840 408 0.000166 0
240 222 257 297 0.000165 0
225 201 252 236 0.000165 0
950 434 970 464 0.000165 0
652 172 664 201 0.000165 0
624 425 641 462 0.000165 0
112 450 146 496 0.000164 0
1046 179 1252 261 0.000164 0
959 64 1118 290 0.000163 0
48 64 135 165 0.000163 0
1086 309 1141 390 0.000163 0
1262 72 1279 170 0.000163 0
1205 368 1265 427 0.000163 0
170 438 185 457 0.000162 0
652 175 664 214 0.000162 0
848 276 865 337 0.000162 0
240 172 326 374 0.000162 0
766 242 848 343 0.000162 0
334 64 497 192 0.000162 0
567 396 590 437 0.000161 0
1251 439 1263 461 0.000161 0
273 202 293 265 0.000161 0
911 394 922 415 0.000161 0
383 580 392 624 0.000161 0
1014 361 1041 395 0.000161 0
572 584 585 624 0.000160 0
994 679 1040 703 0.000160 0
111 224 119 239 0.000160 0
704 415 720 459 0.000159 0
868 686 891 703 0.000159 0
895 278 911 311 0.000159 0
315 64 464 163 0.000159 0
0 230 21 374 0.000158 0
811 452 832 469 0.000158 0
117 64 256 172 0.000158 0
878 323 896 343 0.000157 0
1066 64 1141 143 0.000157 0
975 456 983 464 0.000157 0
1019 681 1040 703 0.000157 0
1146 301 1168 343 0.000157 0
787 331 831 376 0.000156 0
1052 181 1064 196 0.000156 0
1085 415 1103 452 0.000156 0
255 65 326 171 0.000156 0
951 696 976 703 0.000156 0
786 326 846 364 0.000156 0
1029 393 1109 474 0.000156 0
1136 443 1152 462 0.000155 0
957 64 1158 215 0.000155 0
704 318 719 375 0.000155 0
1120 383 1136 408 0.000155 0
899 439 912 456 0.000154 0
267 197 279 215 0.000154 0
680 165 694 208 0.000154 0
765 177 793 235 0.000154 0
1228 127 1280 189 0.000154 0
255 64 324 159 0.000154 0
32 357 80 451 0.000153 0
879 407 893 436 0.000153 0
256 64 325 148 0.000152 0
466 174 555 252 0.000152 0
801 414 816 427 0.000152 0
12 65 79 209 0.000152 0
0 437 54 544 0.000152 0
1080 420 1104 466 0.000152 0
1263 363 1279 446 0.000152 0
870 423 880 437 0.000151 0
445 161 495 299 0.000151 0
1070 429 1105 472 0.000151 0
831 590 844 609 0.000151 0
264 193 272 209 0.000151 0
752 68 785 153 0.000151 0
0 93 48 221 0.000151 0
981 343 1009 360 0.000150 0
1231 448 1250 469 0.000150 0
631 469 640 487 0.000150 0
1242 402 1258 427 0.000150 0
879 318 889 337 0.000150 0
815 415 838 439 0.000150 0
1263 69 1279 123 0.000149 0
1032 390 1117 469 0.000149 0
198 249 209 264 0.000149 0
900 440 913 459 0.000147 0
1156 457 1168 475 0.000147 0
911 362 927 406 0.000147 0
1196 369 1255 398 0.000147 0
219 242 241 298 0.000146 0
1264 74 1279 169 0.000146 0
795 445 833 473 0.000146 0
583 588 592 626 0.000146 0
39 64 126 186 0.000145 0
594 122 605 160 0.000145 0
1264 495 1279 556 0.000145 0
1263 482 1279 557 0.000145 0
593 140 635 174 0.000145 0
1023 409 1037 437 0.000145 0
613 145 634 170 0.000144 0
1110 185 1138 236 0.000144 0
908 179 943 247 0.000144 0
42 64 127 198 0.000144 0
1070 348 1095 405 0.000144 0
415 252 420 270 0.000144 0
14 64 129 178 0.000144 0
1216 64 1279 168 0.000143 0
432 191 443 203 0.000143 0
961 64 1075 194 0.000142 0
815 407 831 429 0.000142 0
1262 364 1279 427 0.000142 0
0 235 18 315 0.000142 0
73 64 162 76 0.000141 0
591 678 672 703 0.000141 0
1034 372 1061 413 0.000141 0
738 418 892 478 0.000141 0
0 64 78 203 0.000140 0
894 270 913 311 0.000140 0
643 679 715 704 0.000140 0
957 64 1128 279 0.000140 0
1256 139 1279 183 0.000140 0
1130 376 1165 408 0.000139 0
1138 376 1188 410 0.000139 0
911 402 922 423 0.000139 0
911 439 935 454 0.000139 0
1186 454 1200 472 0.000139 0
707 317 721 345 0.000138 0
1039 640 1056 699 0.000138 0
243 257 257 324 0.000138 0
946 680 969 701 0.000138 0
374 585 385 620 0.000138 0
1071 340 1120 400 0.000138 0
240 192 327 376 0.000137 0
1262 299 1279 469 0.000137 0
162 64 327 97 0.000137 0
1274 158 1279 170 0.000137 0
798 440 879 473 0.000137 0
519 170 690 243 0.000137 0
851 395 866 410 0.000137 0
183 197 191 206 0.000136 0
1055 373 1071 391 0.000136 0
391 423 399 437 0.000136 0
666 303 691 376 0.000136 0
0 445 30 489 0.000136 0
654 152 671 175 0.000136 0
898 327 958 364 0.000136 0
772 287 847 346 0.000136 0
212 184 243 218 0.000136 0
268 225 291 294 0.000136 0
752 227 770 303 0.000136 0
594 149 611 183 0.000136 0
791 444 835 472 0.000136 0
1 64 139 197 0.000135 0
353 187 374 199 0.000135 0
428 64 497 132 0.000135 0
1187 441 1200 458 0.000135 0
96 432 112 484 0.000135 0
1036 422 1061 468 0.000135 0
249 207 289 266 0.000135 0
637 148 660 177 0.000135 0
838 395 847 408 0.000135 0
730 200 818 277 0.000135 0
525 623 545 668 0.000133 0
265 227 289 265 0.000133 0
641 685 686 703 0.000133 0
1219 219 1280 375 0.000133 0
111 450 149 510 0.000133 0
1111 382 1121 404 0.000133 0
879 313 908 344 0.000133 0
103 68 213 215 0.000133 0
0 331 36 376 0.000133 0
135 66 520 252 0.000133 0
831 598 842 616 0.000132 0
1101 390 1127 408 0.000132 0
272 232 292 296 0.000132 0
626 423 641 440 0.000131 0
1220 413 1231 432 0.000131 0
1239 409 1251 428 0.000131 0
902 339 989 391 0.000131 0
1049 74 1098 147 0.000130 0
950 375 1010 450 0.000130 0
874 472 910 489 0.000130 0
24 64 78 203 0.000130 0
289 222 321 308 0.000130 0
170 438 185 460 0.000129 0
68 399 98 483 0.000129 0
647 659 672 703 0.000129 0
453 203 475 256 0.000129 0
168 64 256 167 0.000128 0
1137 344 1185 406 0.000128 0
751 464 763 488 0.000128 0
1118 393 1137 426 0.000128 0
1140 373 1196 425 0.000128 0
807 541 816 566 0.000128 0
1188 457 1200 475 0.000128 0
1053 375 1076 398 0.000128 0
112 447 158 520 0.000128 0
1063 64 1129 114 0.000128 0
1088 678 1121 703 0.000128 0
1134 430 1144 444 0.000128 0
577 406 591 430 0.000127 0
1046 391 1110 455 0.000127 0
1157 411 1169 424 0.000127 0
991 430 1001 441 0.000127 0
432 171 446 198 0.000127 0
0 491 64 575 0.000127 0
0 64 202 306 0.000127 0
642 660 719 703 0.000127 0
790 314 849 344 0.000127 0
875 402 969 486 0.000126 0
875 380 982 467 0.000126 0
213 210 245 300 0.000126 0
1262 679 1279 703 0.000126 0
241 258 259 329 0.000126 0
1249 344 1267 407 0.000126 0
1135 392 1148 408 0.000126 0
266 231 290 278 0.000125 0
294 577 307 604 0.000125 0
72 64 208 182 0.000124 0
1046 406 1067 448 0.000124 0
704 437 793 474 0.000124 0
317 250 336 364 0.000123 0
111 445 163 526 0.000123 0
399 184 408 202 0.000123 0
917 180 943 233 0.000123 0
782 412 858 458 0.000123 0
1076 327 1122 361 0.000123 0
1123 410 1135 424 0.000123 0
909 275 929 348 0.000122 0
3 362 47 377 0.000122 0
905 264 930 346 0.000122 0
110 385 235 528 0.000122 0
1263 342 1279 491 0.000122 0
911 269 930 330 0.000121 0
1258 311 1279 415 0.000121 0
770 328 828 379 0.000121 0
192 183 216 221 0.000121 0
350 64 464 93 0.000121 0
319 237 336 360 0.000121 0
0 436 30 537 0.000120 0
1206 384 1258 427 0.000120 0
14 65 144 208 0.000120 0
997 357 1042 400 0.000120 0
959 64 1230 238 0.000120 0
1265 436 1279 453 0.000120 0
984 677 1143 703 0.000120 0
309 64 498 113 0.000120 0
378 183 403 205 0.000120 0
379 676 678 704 0.000119 0
351 202 368 275 0.000119 0
1046 187 1066 211 0.000119 0
312 76 416 199 0.000119 0
881 330 925 353 0.000118 0
338 112 611 364 0.000118 0
910 268 929 345 0.000118 0
1044 154 1083 237 0.000118 0
1071 331 1108 405 0.000118 0
824 637 854 703 0.000117 0
158 434 199 467 0.000117 0
1010 342 1023 361 0.000117 0
823 544 833 577 0.000117 0
1267 694 1279 703 0.000117 0
738 411 811 451 0.000117 0
847 269 865 337 0.000117 0
1032 425 1040 440 0.000116 0
273 65 482 212 0.000116 0
487 463 496 474 0.000116 0
487 472 496 487 0.000116 0
874 685 889 703 0.000116 0
1102 286 1138 336 0.000116 0
736 469 745 480 0.000116 0
1268 415 1279 447 0.000116 0
1079 311 1123 365 0.000116 0
1264 510 1279 554 0.000115 0
978 388 1113 472 0.000115 0
534 211 561 253 0.000115 0
1119 327 1143 388 0.000115 0
1054 430 1092 461 0.000114 0
972 71 1257 249 0.000114 0
897 335 984 391 0.000114 0
251 64 373 141 0.000114 0
635 187 776 307 0.000114 0
1260 305 1279 438 0.000114 0
295 580 306 609 0.000114 0
771 312 788 342 0.000114 0
32 64 145 206 0.000114 0
160 64 256 153 0.000114 0
1264 407 1276 423 0.000114 0
735 411 793 444 0.000113 0
962 64 1077 182 0.000113 0
990 435 1096 483 0.000113 0
111 448 147 520 0.000113 0
108 64 206 165 0.000113 0
795 681 813 701 0.000113 0
831 408 841 419 0.000113 0
320 374 336 391 0.000113 0
1004 181 1058 220 0.000113 0
577 64 662 213 0.000112 0
355 64 448 97 0.000112 0
772 312 786 339 0.000112 0
1060 400 1086 424 0.000112 0
846 269 866 339 0.000112 0
654 211 688 234 0.000111 0
1119 383 1137 413 0.000111 0
1138 453 1154 466 0.000111 0
925 681 939 701 0.000111 0
281 67 500 365 0.000111 0
14 64 182 105 0.000110 0
0 464 38 624 0.000110 0
1203 343 1264 407 0.000110 0
914 475 930 512 0.000110 0
162 64 511 324 0.000110 0
526 560 545 618 0.000110 0
1115 184 1142 213 0.000109 0
1058 64 1280 180 0.000109 0
107 383 229 531 0.000109 0
1248 426 1264 447 0.000109 0
670 434 747 470 0.000109 0
217 245 241 298 0.000109 0
794 305 844 344 0.000109 0
855 634 867 674 0.000109 0
704 324 720 376 0.000108 0
838 135 989 253 0.000108 0
989 123 1173 263 0.000108 0
61 407 96 483 0.000108 0
1061 388 1127 450 0.000107 0
1031 380 1120 462 0.000107 0
704 406 786 455 0.000107 0
1140 440 1152 456 0.000107 0
112 441 173 510 0.000106 0
590 406 608 433 0.000106 0
940 179 960 206 0.000106 0
640 150 660 176 0.000106 0
1191 64 1279 245 0.000106 0
1271 135 1279 170 0.000106 0
998 328 1011 346 0.000106 0
550 200 577 251 0.000106 0
970 64 1279 243 0.000105 0
1184 454 1196 472 0.000105 0
1073 397 1127 476 0.000105 0
811 673 835 703 0.000105 0
391 423 400 439 0.000105 0
1262 481 1279 640 0.000105 0
1250 497 1279 700 0.000104 0
1234 342 1265 403 0.000104 0
1039 64 1278 207 0.000104 0
654 303 690 377 0.000104 0
1258 79 1279 172 0.000104 0
1041 176 1064 206 0.000104 0
771 316 849 344 0.000103 0
374 188 387 211 0.000103 0
428 64 497 156 0.000103 0
1120 340 1134 362 0.000103 0
585 64 672 218 0.000103 0
853 404 864 417 0.000103 0
1263 73 1279 133 0.000103 0
0 444 15 474 0.000102 0
1086 348 1112 397 0.000102 0
1267 516 1279 528 0.000102 0
799 638 818 700 0.000102 0
168 428 202 459 0.000102 0
629 362 640 380 0.000102 0
0 141 30 309 0.000102 0
1160 454 1184 473 0.000102 0
563 584 583 626 0.000102 0
1258 482 1279 656 0.000102 0
654 468 674 488 0.000101 0
1241 368 1268 427 0.000101 0
1247 420 1263 451 0.000101 0
100 185 107 202 0.000101 0
474 181 610 379 0.000101 0
126 389 235 526 0.000101 0
700 319 718 345 0.000101 0
1267 89 1279 171 0.000101 0
959 64 1019 130 0.000101 0
781 313 796 335 0.000101 0
1266 78 1279 170 0.000101 0
1268 409 1279 441 0.000101 0
158 424 207 462 0.000101 0
104 364 236 524 0.000100 0
775 325 838 378 0.000100 0
703 324 717 359 0.000100 0
1162 227 1188 261 0.560437 1
1162 230 1189 262 0.546898 1
731 232 768 299 0.527804 1
931 217 993 274 0.341575 1
732 234 759 297 0.326795 1
732 233 761 298 0.321757 1
931 216 988 274 0.320746 1
731 231 764 298 0.316823 1
932 231 973 274 0.299753 1
1162 231 1187 262 0.294815 1
733 234 757 298 0.285319 1
931 212 997 274 0.269099 1
733 236 755 297 0.267632 1
931 217 983 274 0.260821 1
1062 214 1094 262 0.198766 1
932 229 976 275 0.131626 1
1073 215 1094 260 0.093804 1
775 225 816 264 0.090218 1
1077 216 1096 258 0.084989 1
1162 227 1190 263 0.079597 1
1075 215 1095 258 0.076079 1
1063 211 1094 260 0.075509 1
774 225 833 271 0.073974 1
774 225 838 273 0.072705 1
776 222 818 260 0.071332 1
774 225 830 264 0.067520 1
1059 216 1094 262 0.067305 1
1162 234 1185 261 0.066202 1
1073 213 1095 257 0.065670 1
1062 214 1101 261 0.064009 1
776 228 818 263 0.056641 1
773 227 818 263 0.053662 1
733 241 753 297 0.051308 1
934 231 972 273 0.050976 1
1058 216 1097 262 0.050506 1
1071 213 1101 260 0.050122 1
933 232 966 269 0.048846 1
773 227 822 273 0.047634 1
734 233 765 300 0.046161 1
1079 216 1096 259 0.043274 1
931 234 961 273 0.043219 1
1063 221 1091 262 0.040221 1
932 236 953 273 0.038472 1
775 219 816 264 0.038075 1
1067 217 1093 262 0.037760 1
932 232 987 274 0.037420 1
729 234 755 297 0.033512 1
1076 214 1119 255 0.033234 1
769 226 838 284 0.032460 1
783 213 817 257 0.031110 1
733 234 769 300 0.030426 1
931 234 957 273 0.029538 1
1059 223 1077 262 0.028988 1
819 231 836 265 0.025763 1
1060 230 1076 262 0.025303 1
1058 219 1079 261 0.024848 1
775 229 816 265 0.023188 1
1056 217 1081 262 0.022080 1
769 228 829 284 0.021743 1
770 230 829 282 0.018388 1
816 232 835 273 0.018320 1
933 225 975 273 0.017934 1
1056 217 1083 259 0.017419 1
815 232 836 283 0.016849 1
805 233 817 257 0.015645 1
775 230 809 264 0.015510 1
770 231 827 282 0.014465 1
931 230 996 274 0.014073 1
1047 225 1078 262 0.013278 1
777 217 815 257 0.012917 1
930 232 960 271 0.012752 1
1045 221 1078 261 0.012707 1
1080 218 1114 260 0.012614 1
774 230 812 267 0.012337 1
810 235 829 263 0.012251 1
817 233 835 282 0.011976 1
960 208 988 262 0.011674 1
813 232 834 266 0.009975 1
753 230 831 297 0.009912 1
745 234 770 301 0.009222 1
942 217 975 266 0.009009 1
729 237 752 297 0.008847 1
774 231 804 271 0.008846 1
960 214 978 263 0.008693 1
818 231 841 266 0.008393 1
929 233 953 273 0.008377 1
775 231 803 263 0.008342 1
774 231 805 266 0.008260 1
769 220 840 284 0.008259 1
1162 229 1182 259 0.008248 1
822 231 841 264 0.007909 1
1078 210 1106 255 0.007310 1
1052 220 1078 260 0.007234 1
1057 216 1122 258 0.006822 1
932 225 990 271 0.006148 1
1144 309 1169 344 0.005873 1
939 231 960 263 0.005616 1
1059 213 1123 250 0.005591 1
961 210 991 255 0.005497 1
1047 229 1077 262 0.005407 1
963 208 990 235 0.005338 1
1113 217 1139 246 0.005145 1
778 233 832 281 0.005127 1
864 246 891 284 0.005036 1
864 203 991 275 0.004809 1
17 224 72 257 0.004808 1
1143 309 1170 346 0.004666 1
864 261 892 284 0.004585 1
816 232 842 275 0.004507 1
19 230 73 257 0.004495 1
959 216 975 265 0.004338 1
49 228 97 257 0.004300 1
949 274 960 302 0.004255 1
816 249 833 283 0.004078 1
776 209 807 254 0.004051 1
806 233 827 267 0.004028 1
729 230 768 337 0.003998 1
960 215 976 265 0.003959 1
853 230 891 283 0.003939 1
865 250 919 287 0.003865 1
817 238 835 283 0.003805 1
865 248 891 285 0.003789 1
1160 223 1209 265 0.003735 1
960 209 997 267 0.003697 1
930 234 951 273 0.003663 1
870 260 931 291 0.003635 1
815 232 848 283 0.003614 1
934 274 961 302 0.003579 1
787 239 828 282 0.003515 1
870 263 912 288 0.003500 1
928 232 951 271 0.003488 1
19 226 72 256 0.003469 1
865 263 892 286 0.003436 1
78 237 99 257 0.003391 1
971 206 989 233 0.003382 1
1045 278 1063 295 0.003353 1
788 223 851 282 0.003262 1
772 236 825 285 0.003226 1
1054 221 1073 240 0.003177 1
864 250 930 291 0.003160 1
0 232 42 258 0.003145 1
961 206 981 219 0.003119 1
1103 221 1161 248 0.003118 1
853 220 889 282 0.003113 1
793 214 807 235 0.002983 1
1101 225 1119 248 0.002918 1
47 236 73 256 0.002892 1
863 237 922 288 0.002868 1
1112 218 1135 244 0.002793 1
729 231 755 285 0.002784 1
20 216 63 257 0.002754 1
1162 231 1189 263 0.002751 1
36 235 73 257 0.002737 1
963 209 993 257 0.002701 1
885 264 927 291 0.002672 1
926 232 946 253 0.002662 1
929 274 961 303 0.002633 1
865 263 894 288 0.002619 1
865 246 930 293 0.002618 1
814 231 858 283 0.002594 1
48 225 95 255 0.002592 1
817 225 857 283 0.002577 1
1161 223 1224 266 0.002551 1
1141 307 1187 362 0.002509 1
1044 278 1065 295 0.002502 1
18 216 44 257 0.002481 1
863 237 944 289 0.002479 1
53 224 97 256 0.002403 1
57 223 95 241 0.002395 1
1044 278 1061 295 0.002384 1
777 251 803 281 0.002329 1
864 207 987 281 0.002322 1
21 232 73 256 0.002303 1
948 274 960 303 0.002285 1
0 228 42 258 0.002256 1
57 225 97 255 0.002225 1
816 250 854 284 0.002218 1
874 264 913 289 0.002193 1
950 274 960 298 0.002190 1
63 224 98 256 0.002190 1
864 231 977 289 0.002169 1
1100 222 1120 248 0.002153 1
47 225 74 255 0.002134 1
958 228 975 265 0.002113 1
47 234 75 255 0.002106 1
751 234 770 302 0.002094 1
866 248 890 281 0.002086 1
871 242 950 296 0.002079 1
862 265 890 283 0.002064 1
736 228 763 302 0.002060 1
66 224 96 237 0.002032 1
731 230 763 281 0.002030 1
867 247 888 280 0.002024 1
52 233 101 259 0.001987 1
863 231 922 283 0.001957 1
1060 212 1106 270 0.001948 1
22 215 42 257 0.001946 1
1102 229 1119 247 0.001893 1
864 230 890 279 0.001878 1
1144 308 1176 346 0.001872 1
886 264 911 287 0.001858 1
61 224 95 237 0.001791 1
888 265 927 296 0.001787 1
0 225 73 258 0.001765 1
882 263 912 287 0.001759 1
23 220 66 256 0.001751 1
864 238 933 288 0.001739 1
1181 179 1201 232 0.001728 1
0 239 22 257 0.001722 1
887 212 982 270 0.001711 1
814 229 861 284 0.001652 1
777 229 858 284 0.001638 1
775 231 793 239 0.001619 1
871 268 893 287 0.001610 1
915 231 941 253 0.001594 1
50 221 75 255 0.001593 1
1163 214 1209 265 0.001476 1
933 229 996 271 0.001466 1
925 242 1151 336 0.001435 1
11 230 72 256 0.001419 1
917 207 937 250 0.001406 1
863 237 951 290 0.001401 1
1143 309 1196 360 0.001396 1
1056 208 1127 251 0.001385 1
924 225 950 254 0.001346 1
805 225 932 285 0.001333 1
73 225 100 256 0.001328 1
937 255 961 299 0.001306 1
916 231 946 255 0.001290 1
743 232 802 283 0.001285 1
930 229 955 259 0.001258 1
703 230 768 342 0.001251 1
1053 215 1079 242 0.001242 1
909 201 938 250 0.001215 1
730 230 755 270 0.001212 1
781 217 898 283 0.001192 1
849 243 918 289 0.001190 1
886 264 913 290 0.001184 1
820 227 855 267 0.001141 1
828 229 856 254 0.001128 1
887 202 945 257 0.001127 1
1143 321 1162 343 0.001124 1
104 236 159 264 0.001108 1
754 233 798 283 0.001099 1
936 225 997 270 0.001079 1
918 205 937 246 0.001079 1
923 273 963 302 0.001074 1
1177 190 1200 223 0.001068 1
954 208 1141 298 0.001044 1
867 227 887 278 0.001038 1
938 274 961 303 0.001037 1
708 200 1277 403 0.001034 1
729 242 748 297 0.001019 1
741 233 768 286 0.000996 1
845 262 896 295 0.000977 1
733 229 767 280 0.000970 1
884 232 952 296 0.000956 1
824 220 859 282 0.000952 1
1202 253 1229 275 0.000943 1
740 230 799 279 0.000905 1
1060 214 1097 267 0.000858 1
1099 219 1188 258 0.000857 1
821 266 853 282 0.000857 1
1143 309 1180 360 0.000852 1
115 216 172 256 0.000842 1
804 203 861 268 0.000841 1
1139 304 1277 380 0.000835 1
910 270 927 296 0.000835 1
841 231 887 283 0.000810 1
734 211 820 289 0.000804 1
73 224 96 236 0.000783 1
913 233 951 269 0.000781 1
735 244 759 302 0.000774 1
907 205 1268 313 0.000772 1
830 178 974 286 0.000772 1
1048 214 1096 268 0.000772 1
863 222 992 300 0.000770 1
120 236 172 263 0.000740 1
729 230 750 269 0.000730 1
828 223 857 272 0.000728 1
773 248 785 271 0.000726 1
941 205 1145 302 0.000719 1
765 176 976 282 0.000718 1
928 275 947 294 0.000703 1
783 227 904 288 0.000693 1
1108 215 1188 249 0.000691 1
924 275 965 307 0.000691 1
1118 228 1186 263 0.000682 1
725 230 767 300 0.000678 1
710 231 768 308 0.000674 1
117 216 158 254 0.000670 1
1034 221 1060 237 0.000663 1
1141 312 1174 360 0.000662 1
866 234 960 279 0.000658 1
657 231 768 350 0.000658 1
844 256 889 284 0.000650 1
1121 228 1173 250 0.000647 1
908 271 947 299 0.000645 1
816 263 833 285 0.000641 1
745 188 1030 294 0.000641 1
1143 323 1166 344 0.000638 1
909 269 927 296 0.000636 1
45 231 99 254 0.000623 1
871 228 954 272 0.000623 1
830 224 860 254 0.000620 1
865 236 927 276 0.000618 1
778 242 831 295 0.000611 1
893 264 925 309 0.000603 1
1181 176 1221 225 0.000594 1
869 263 919 304 0.000590 1
923 270 1158 335 0.000585 1
856 219 878 280 0.000581 1
1196 252 1233 287 0.000569 1
1039 277 1062 296 0.000565 1
214 242 241 268 0.000565 1
1195 254 1231 286 0.000562 1
642 229 768 345 0.000560 1
912 271 946 296 0.000556 1
865 235 949 276 0.000552 1
680 215 696 233 0.000549 1
1207 253 1225 266 0.000548 1
1079 217 1176 254 0.000545 1
925 193 997 276 0.000544 1
818 258 834 286 0.000543 1
910 190 995 274 0.000542 1
744 231 768 277 0.000533 1
750 183 999 276 0.000520 1
863 187 983 282 0.000514 1
1046 278 1072 295 0.000505 1
914 203 938 247 0.000502 1
56 216 95 238 0.000496 1
1041 278 1061 296 0.000495 1
911 271 928 296 0.000492 1
1057 303 1214 362 0.000492 1
141 235 194 262 0.000490 1
729 229 748 252 0.000490 1
921 215 940 246 0.000489 1
1203 252 1234 276 0.000486 1
802 194 853 277 0.000474 1
141 233 189 260 0.000468 1
730 229 845 315 0.000467 1
1183 182 1221 234 0.000465 1
894 268 912 310 0.000448 1
935 237 986 302 0.000441 1
911 214 987 301 0.000435 1
773 191 899 280 0.000424 1
1205 255 1220 271 0.000419 1
1160 230 1227 282 0.000415 1
1184 255 1234 286 0.000409 1
1030 207 1140 297 0.000407 1
947 274 968 304 0.000405 1
1139 222 1189 262 0.000399 1
1048 235 1072 295 0.000385 1
935 273 1000 306 0.000382 1
1162 227 1189 267 0.000377 1
716 180 1237 392 0.000377 1
927 239 962 291 0.000376 1
1207 237 1234 268 0.000374 1
26 214 57 253 0.000370 1
1199 255 1224 275 0.000368 1
1141 324 1204 360 0.000366 1
888 261 993 307 0.000365 1
1025 320 1056 338 0.000364 1
863 265 914 296 0.000361 1
763 231 789 241 0.000338 1
930 216 989 298 0.000338 1
58 216 82 237 0.000335 1
732 245 758 303 0.000332 1
1109 210 1198 258 0.000332 1
874 200 922 245 0.000329 1
1053 211 1194 287 0.000322 1
815 254 856 298 0.000321 1
865 241 934 307 0.000312 1
1178 234 1225 283 0.000310 1
792 195 1262 400 0.000310 1
43 234 78 268 0.000303 1
218 238 241 267 0.000303 1
214 249 241 274 0.000301 1
207 207 239 263 0.000295 1
1137 304 1277 411 0.000295 1
864 233 1002 307 0.000292 1
211 244 241 268 0.000290 1
17 213 44 255 0.000289 1
1139 307 1169 343 0.000289 1
4 229 139 275 0.000288 1
205 216 241 265 0.000284 1
680 211 696 232 0.000280 1
1007 220 1101 273 0.000275 1
105 238 134 264 0.000274 1
1064 219 1100 273 0.000272 1
925 203 1079 274 0.000271 1
723 229 768 297 0.000271 1
67 217 97 238 0.000267 1
1161 232 1190 270 0.000258 1
679 215 704 238 0.000258 1
25 215 64 244 0.000256 1
1057 219 1096 281 0.000255 1
333 236 352 255 0.000253 1
908 273 951 312 0.000252 1
786 247 813 288 0.000246 1
1043 247 1070 296 0.000244 1
1068 303 1269 409 0.000244 1
1198 252 1233 288 0.000237 1
928 262 1149 337 0.000236 1
975 273 1064 300 0.000236 1
512 231 532 247 0.000234 1
1074 303 1191 388 0.000229 1
907 250 950 295 0.000228 1
1057 214 1225 280 0.000226 1
930 214 997 292 0.000225 1
1086 224 1120 257 0.000222 1
980 272 1064 332 0.000217 1
931 234 997 296 0.000217 1
663 154 1254 389 0.000215 1
729 200 820 287 0.000210 1
860 243 931 309 0.000208 1
1139 318 1177 360 0.000207 1
54 216 72 242 0.000195 1
1025 303 1060 334 0.000193 1
1160 241 1190 273 0.000192 1
1172 178 1204 221 0.000187 1
1026 287 1059 334 0.000183 1
817 264 857 291 0.000182 1
861 204 911 277 0.000182 1
1183 256 1232 287 0.000180 1
878 220 944 256 0.000174 1
1143 230 1185 263 0.000173 1
865 264 893 296 0.000171 1
1099 226 1121 253 0.000169 1
522 233 538 249 0.000164 1
1063 219 1247 300 0.000159 1
931 211 1050 274 0.000158 1
155 240 192 263 0.000157 1
216 246 241 275 0.000156 1
523 231 537 247 0.000150 1
895 268 930 312 0.000148 1
1123 325 1150 344 0.000148 1
1041 277 1068 323 0.000146 1
1023 315 1058 337 0.000142 1
1200 257 1232 288 0.000137 1
994 236 1068 297 0.000134 1
930 219 996 304 0.000126 1
726 227 852 351 0.000126 1
928 211 1070 288 0.000125 1
911 270 930 312 0.000125 1
844 260 887 298 0.000123 1
657 186 1012 307 0.000121 1
717 232 753 297 0.000118 1
718 228 755 298 0.000114 1
1015 275 1062 337 0.000112 1
1055 292 1194 358 0.000109 1
994 272 1062 296 0.000107 1
10 207 91 257 0.000106 1
1185 256 1227 284 0.000106 1
767 245 840 327 0.000104 1
16 212 62 257 0.000102 1
0 327 238 577 0.821267 2
463 416 591 447 0.076848 2
463 413 590 447 0.069269 2
0 328 47 376 0.033453 2
688 206 728 235 0.030916 2
574 445 592 458 0.027596 2
304 185 322 198 0.027374 2
305 186 321 198 0.026933 2
1004 198 1040 228 0.024970 2
0 328 96 492 0.016936 2
305 186 323 198 0.016530 2
632 384 657 396 0.015737 2
432 422 463 443 0.014027 2
1103 487 1118 496 0.013947 2
835 215 854 242 0.013451 2
1104 487 1120 497 0.013230 2
319 204 331 231 0.013044 2
192 392 224 420 0.012672 2
1006 198 1036 224 0.012652 2
463 419 527 448 0.012565 2
690 198 730 230 0.012083 2
575 436 592 458 0.011887 2
552 174 580 202 0.011429 2
1005 200 1027 230 0.011394 2
319 215 331 231 0.011248 2
836 213 851 238 0.011247 2
593 448 608 459 0.010758 2
482 197 517 216 0.010757 2
691 204 728 234 0.010697 2
191 392 224 424 0.010548 2
691 198 731 233 0.010094 2
550 173 580 202 0.009891 2
821 328 848 344 0.009755 2
484 199 516 217 0.009412 2
1005 197 1043 222 0.009038 2
1119 487 1136 497 0.008948 2
689 208 728 236 0.008599 2
0 329 49 492 0.008324 2
607 447 623 462 0.008145 2
690 208 723 234 0.008124 2
489 199 512 216 0.007940 2
574 428 592 458 0.007777 2
0 328 45 373 0.007486 2
547 172 580 203 0.007465 2
484 202 515 217 0.007056 2
463 416 524 446 0.006977 2
1120 488 1136 497 0.006927 2
0 328 48 448 0.006820 2
463 420 497 446 0.006357 2
587 183 621 202 0.006223 2
589 192 649 215 0.006101 2
588 183 622 204 0.006081 2
688 197 728 235 0.006000 2
848 470 866 478 0.005601 2
1113 218 1135 241 0.005573 2
1221 502 1233 511 0.005466 2
614 459 672 472 0.005343 2
356 216 368 231 0.005335 2
573 423 608 457 0.005321 2
463 417 498 446 0.005222 2
836 224 852 242 0.005194 2
1114 217 1137 234 0.005189 2
648 456 656 461 0.005168 2
592 423 608 433 0.005115 2
1007 213 1024 230 0.004997 2
463 420 501 446 0.004983 2
463 413 518 447 0.004892 2
602 458 673 472 0.004838 2
193 392 223 415 0.004801 2
1094 218 1121 248 0.004780 2
1113 216 1136 232 0.004610 2
463 419 520 447 0.004546 2
666 454 684 464 0.004470 2
490 197 517 216 0.004435 2
607 448 623 464 0.004230 2
1 338 97 486 0.004094 2
463 416 511 446 0.004080 2
578 184 621 210 0.003995 2
592 198 648 216 0.003970 2
1113 218 1135 232 0.003969 2
554 176 579 201 0.003923 2
836 469 848 478 0.003883 2
192 392 224 433 0.003882 2
607 201 643 215 0.003864 2
634 384 657 397 0.003838 2
582 423 608 455 0.003760 2
1113 216 1136 230 0.003740 2
869 177 942 244 0.003705 2
631 383 657 396 0.003619 2
319 203 335 231 0.003416 2
0 329 52 498 0.003353 2
622 459 672 472 0.003336 2
319 205 334 231 0.003328 2
1112 216 1136 233 0.003296 2
1015 337 1024 344 0.003287 2
463 422 498 446 0.003252 2
592 436 610 459 0.003111 2
656 430 677 440 0.003090 2
1093 211 1134 249 0.003057 2
463 408 515 447 0.003056 2
1247 471 1264 482 0.002843 2
586 423 608 435 0.002763 2
0 328 96 469 0.002762 2
293 179 309 198 0.002753 2
432 421 464 446 0.002697 2
445 422 463 444 0.002659 2
0 327 95 451 0.002633 2
876 198 939 245 0.002604 2
959 481 974 487 0.002516 2
319 207 355 232 0.002511 2
480 173 518 217 0.002505 2
305 185 337 199 0.002472 2
463 417 501 445 0.002466 2
598 464 608 471 0.002433 2
660 431 678 440 0.002394 2
466 423 530 447 0.002391 2
464 414 559 444 0.002364 2
869 196 940 242 0.002343 2
575 425 616 460 0.002324 2
1102 228 1119 248 0.002321 2
319 201 355 232 0.002304 2
0 328 80 376 0.002281 2
960 479 975 487 0.002266 2
598 457 674 472 0.002243 2
1263 349 1279 365 0.002223 2
593 448 609 461 0.002222 2
1263 349 1279 368 0.002191 2
1005 198 1041 230 0.002188 2
504 318 513 335 0.002171 2
655 429 679 440 0.002128 2
580 426 608 458 0.002093 2
605 201 646 216 0.002084 2
1006 217 1024 231 0.002078 2
464 416 592 459 0.002015 2
829 212 842 242 0.002013 2
456 204 465 216 0.002003 2
624 459 673 472 0.001938 2
440 421 464 444 0.001916 2
581 183 622 204 0.001915 2
680 198 692 216 0.001895 2
191 391 223 415 0.001884 2
885 200 915 242 0.001877 2
588 187 620 214 0.001870 2
588 187 656 216 0.001859 2
1259 197 1275 212 0.001847 2
992 184 1045 229 0.001838 2
862 183 971 261 0.001796 2
1007 204 1040 230 0.001789 2
632 202 652 217 0.001787 2
708 198 742 234 0.001777 2
867 177 941 208 0.001770 2
588 193 651 217 0.001766 2
572 425 592 450 0.001725 2
582 184 620 213 0.001710 2
686 195 728 237 0.001705 2
1004 191 1044 224 0.001705 2
605 451 646 469 0.001704 2
1263 279 1279 294 0.001686 2
43 359 80 373 0.001677 2
576 445 608 459 0.001663 2
588 187 618 214 0.001662 2
463 409 510 445 0.001638 2
574 445 593 462 0.001602 2
1263 247 1279 270 0.001583 2
0 331 47 379 0.001576 2
344 214 369 232 0.001563 2
583 422 625 464 0.001560 2
703 454 715 468 0.001559 2
657 453 666 462 0.001557 2
556 176 580 217 0.001553 2
1037 321 1055 335 0.001544 2
554 177 581 202 0.001544 2
1264 351 1279 368 0.001499 2
988 213 1027 252 0.001497 2
924 455 937 463 0.001487 2
749 455 799 473 0.001462 2
687 454 704 467 0.001462 2
25 453 88 480 0.001439 2
1024 206 1052 230 0.001415 2
1006 193 1052 221 0.001411 2
635 203 653 216 0.001387 2
641 448 699 463 0.001384 2
0 445 20 502 0.001366 2
867 177 942 229 0.001344 2
190 389 223 417 0.001341 2
672 455 705 470 0.001328 2
599 319 608 329 0.001325 2
750 458 799 473 0.001319 2
0 359 227 530 0.001313 2
1264 350 1279 367 0.001302 2
294 177 306 196 0.001285 2
766 460 798 473 0.001284 2
590 448 608 464 0.001279 2
0 344 234 599 0.001260 2
1177 380 1185 391 0.001251 2
634 455 667 467 0.001250 2
18 451 91 477 0.001241 2
505 435 527 447 0.001228 2
672 460 698 471 0.001212 2
0 445 17 502 0.001201 2
607 201 617 215 0.001183 2
1263 205 1279 270 0.001181 2
327 201 374 232 0.001178 2
432 414 463 443 0.001173 2
693 184 730 232 0.001161 2
630 376 656 396 0.001151 2
482 188 523 217 0.001142 2
683 452 702 465 0.001138 2
1262 239 1279 270 0.001134 2
1263 249 1279 270 0.001133 2
688 197 724 236 0.001124 2
20 451 92 480 0.001113 2
880 199 941 247 0.001112 2
495 432 523 448 0.001104 2
738 442 799 460 0.001101 2
503 311 528 335 0.001085 2
865 443 878 456 0.001076 2
1263 343 1279 366 0.001069 2
579 423 624 463 0.001065 2
0 445 26 501 0.001061 2
836 465 848 474 0.001060 2
434 410 504 445 0.001040 2
989 205 1024 231 0.001038 2
296 175 315 196 0.001034 2
316 198 333 231 0.001030 2
671 451 695 466 0.001022 2
0 379 233 610 0.001019 2
0 280 19 295 0.001007 2
735 462 746 471 0.000994 2
834 193 867 243 0.000965 2
495 239 529 251 0.000962 2
1102 160 1217 242 0.000959 2
657 193 693 219 0.000956 2
332 214 354 232 0.000955 2
823 470 831 477 0.000955 2
620 187 648 206 0.000953 2
653 449 695 464 0.000952 2
448 424 464 445 0.000944 2
0 328 42 366 0.000941 2
431 419 471 444 0.000940 2
969 480 986 487 0.000938 2
1039 321 1055 335 0.000934 2
605 458 673 473 0.000919 2
319 199 372 233 0.000915 2
1106 207 1137 232 0.000901 2
648 448 701 465 0.000901 2
1036 321 1055 335 0.000887 2
660 449 684 463 0.000887 2
690 458 704 469 0.000881 2
316 191 341 199 0.000880 2
655 203 723 235 0.000879 2
626 189 644 201 0.000876 2
1263 168 1279 181 0.000876 2
295 200 332 232 0.000875 2
1097 204 1129 237 0.000873 2
638 436 703 464 0.000868 2
575 446 593 461 0.000867 2
503 312 514 335 0.000862 2
496 238 529 251 0.000858 2
0 273 19 295 0.000850 2
465 410 513 429 0.000836 2
0 256 49 282 0.000834 2
1263 252 1279 271 0.000830 2
16 449 93 480 0.000828 2
0 446 35 503 0.000827 2
619 453 644 465 0.000824 2
0 328 83 382 0.000820 2
0 328 23 364 0.000808 2
0 336 47 375 0.000800 2
1263 356 1279 376 0.000799 2
0 328 21 344 0.000785 2
1 282 24 294 0.000784 2
804 198 856 262 0.000772 2
720 460 739 471 0.000770 2
22 454 94 481 0.000768 2
35 455 90 479 0.000765 2
17 450 94 478 0.000762 2
1027 318 1091 343 0.000750 2
315 195 339 231 0.000748 2
645 447 656 460 0.000747 2
889 200 940 248 0.000741 2
682 449 702 465 0.000739 2
1261 360 1279 408 0.000736 2
503 313 513 335 0.000728 2
591 459 608 471 0.000726 2
671 462 682 471 0.000718 2
0 329 42 375 0.000713 2
0 328 199 454 0.000709 2
876 204 904 240 0.000706 2
1099 208 1136 232 0.000694 2
22 452 93 476 0.000687 2
1024 319 1056 337 0.000687 2
671 194 691 215 0.000683 2
592 422 621 433 0.000674 2
463 430 489 447 0.000673 2
1264 366 1279 375 0.000672 2
1263 365 1279 406 0.000672 2
0 328 84 389 0.000664 2
38 455 96 481 0.000663 2
26 455 96 481 0.000661 2
542 178 576 221 0.000655 2
1100 197 1121 209 0.000650 2
20 200 35 206 0.000648 2
867 177 940 203 0.000639 2
623 314 683 359 0.000629 2
1119 501 1130 508 0.000629 2
1029 316 1098 336 0.000623 2
0 426 230 611 0.000620 2
17 451 94 481 0.000617 2
1024 319 1056 334 0.000616 2
866 207 907 244 0.000614 2
992 202 1021 229 0.000607 2
630 380 650 396 0.000605 2
66 455 96 480 0.000604 2
710 200 742 236 0.000595 2
838 494 848 503 0.000595 2
606 447 641 466 0.000592 2
16 448 79 479 0.000589 2
528 200 541 218 0.000588 2
607 452 625 470 0.000587 2
1 335 46 370 0.000584 2
597 449 624 470 0.000583 2
324 199 387 233 0.000579 2
15 448 35 473 0.000571 2
889 202 912 242 0.000570 2
832 504 843 511 0.000569 2
533 427 589 440 0.000564 2
735 454 747 467 0.000564 2
273 184 294 192 0.000563 2
737 434 768 457 0.000563 2
809 327 848 345 0.000561 2
640 437 702 464 0.000560 2
303 186 333 232 0.000559 2
863 335 885 344 0.000557 2
0 280 17 295 0.000556 2
633 380 661 395 0.000553 2
639 431 652 453 0.000553 2
668 428 693 440 0.000549 2
1263 169 1279 203 0.000547 2
564 442 593 458 0.000546 2
467 409 533 439 0.000545 2
640 435 657 459 0.000535 2
1167 380 1180 392 0.000526 2
0 275 16 295 0.000526 2
600 454 673 474 0.000520 2
640 430 657 441 0.000515 2
612 458 673 487 0.000514 2
423 392 515 445 0.000512 2
838 503 848 511 0.000511 2
479 409 521 425 0.000511 2
1161 275 1279 364 0.000505 2
713 438 737 457 0.000505 2
476 409 555 437 0.000498 2
0 334 47 417 0.000498 2
1167 214 1279 368 0.000496 2
66 456 86 471 0.000493 2
619 324 666 361 0.000490 2
470 408 513 424 0.000489 2
71 456 94 473 0.000484 2
1 446 35 499 0.000484 2
623 318 676 360 0.000480 2
0 327 215 449 0.000477 2
1175 219 1279 294 0.000475 2
0 328 24 346 0.000473 2
765 461 800 474 0.000467 2
1263 169 1279 184 0.000463 2
292 175 307 197 0.000462 2
440 409 511 445 0.000459 2
327 206 356 232 0.000456 2
796 465 811 472 0.000456 2
1 348 97 492 0.000455 2
623 323 666 360 0.000454 2
798 496 807 503 0.000450 2
0 328 21 362 0.000449 2
274 185 294 193 0.000448 2
2 255 323 385 0.000448 2
538 427 592 457 0.000445 2
641 438 703 462 0.000445 2
1106 190 1192 252 0.000445 2
703 422 738 466 0.000444 2
683 447 703 467 0.000443 2
516 183 544 217 0.000443 2
1223 177 1278 236 0.000442 2
718 451 738 470 0.000441 2
0 445 29 500 0.000440 2
957 198 989 223 0.000435 2
739 446 761 458 0.000429 2
718 459 737 471 0.000427 2
63 455 96 481 0.000421 2
602 323 665 363 0.000418 2
1151 445 1168 456 0.000417 2
1255 364 1279 409 0.000416 2
0 350 80 374 0.000416 2
1102 209 1138 245 0.000414 2
1024 320 1043 332 0.000413 2
538 432 591 456 0.000411 2
998 194 1068 257 0.000408 2
1162 264 1279 359 0.000406 2
703 443 719 468 0.000405 2
655 213 715 235 0.000402 2
274 178 313 198 0.000399 2
295 189 330 233 0.000397 2
701 308 755 344 0.000394 2
483 408 549 428 0.000394 2
635 389 698 427 0.000393 2
272 184 316 200 0.000393 2
386 197 397 206 0.000392 2
1061 315 1130 346 0.000392 2
606 457 674 473 0.000390 2
676 424 690 434 0.000389 2
0 464 229 619 0.000389 2
705 301 769 329 0.000388 2
355 209 378 232 0.000387 2
647 442 702 466 0.000385 2
1264 344 1279 367 0.000380 2
1024 319 1048 339 0.000379 2
1 328 48 368 0.000379 2
1102 157 1235 228 0.000373 2
1184 374 1263 425 0.000369 2
0 477 235 618 0.000369 2
588 164 624 189 0.000369 2
815 472 825 477 0.000366 2
448 150 524 171 0.000362 2
195 391 224 460 0.000361 2
865 191 905 242 0.000360 2
419 382 523 444 0.000359 2
602 447 685 470 0.000353 2
0 328 47 366 0.000353 2
647 438 703 463 0.000352 2
1189 374 1265 421 0.000351 2
865 334 884 343 0.000350 2
16 448 92 482 0.000345 2
591 447 679 471 0.000344 2
400 378 524 446 0.000343 2
625 325 674 361 0.000341 2
1050 311 1129 346 0.000335 2
1054 465 1068 471 0.000332 2
1127 326 1146 341 0.000331 2
220 405 314 456 0.000330 2
351 199 385 231 0.000326 2
588 161 619 185 0.000325 2
621 311 683 358 0.000325 2
465 407 514 429 0.000321 2
597 274 689 374 0.000321 2
776 471 795 477 0.000319 2
1264 312 1279 370 0.000319 2
819 359 832 376 0.000317 2
425 420 464 448 0.000317 2
68 455 91 471 0.000313 2
1182 374 1264 418 0.000312 2
1192 379 1262 427 0.000312 2
796 471 813 478 0.000311 2
16 448 70 475 0.000310 2
930 455 972 464 0.000308 2
0 332 49 413 0.000305 2
71 455 95 472 0.000304 2
271 381 288 400 0.000302 2
447 203 465 220 0.000301 2
436 398 515 444 0.000296 2
190 391 235 472 0.000296 2
624 427 632 439 0.000294 2
609 315 690 377 0.000290 2
438 388 519 441 0.000289 2
662 423 689 439 0.000288 2
806 472 817 477 0.000286 2
533 433 590 455 0.000285 2
1072 327 1088 339 0.000285 2
605 458 675 489 0.000284 2
270 377 288 399 0.000284 2
818 327 849 363 0.000282 2
104 247 151 264 0.000281 2
0 260 24 295 0.000281 2
1033 311 1104 337 0.000280 2
713 317 746 344 0.000279 2
1262 307 1279 407 0.000275 2
464 407 513 431 0.000273 2
1255 631 1264 648 0.000273 2
64 510 118 565 0.000271 2
992 358 1024 382 0.000270 2
0 444 99 589 0.000269 2
1247 344 1261 356 0.000269 2
482 420 617 459 0.000269 2
812 359 833 376 0.000268 2
950 694 987 703 0.000267 2
1261 303 1279 368 0.000266 2
822 326 848 343 0.000266 2
1142 312 1197 361 0.000263 2
557 441 594 472 0.000262 2
820 328 848 352 0.000261 2
583 186 619 215 0.000260 2
462 407 514 439 0.000259 2
72 455 96 475 0.000257 2
620 382 703 432 0.000256 2
855 441 866 455 0.000256 2
622 313 679 357 0.000255 2
0 371 51 450 0.000254 2
1067 325 1088 341 0.000254 2
1262 277 1279 319 0.000253 2
192 390 225 462 0.000252 2
1 389 97 508 0.000252 2
1077 329 1111 346 0.000252 2
630 325 674 360 0.000251 2
429 398 503 443 0.000249 2
0 244 16 291 0.000249 2
1024 320 1086 346 0.000247 2
13 442 98 481 0.000247 2
313 406 353 444 0.000246 2
852 439 869 454 0.000245 2
0 445 99 508 0.000245 2
1026 192 1062 227 0.000245 2
595 303 689 377 0.000244 2
1117 313 1169 344 0.000243 2
327 209 369 273 0.000243 2
355 199 385 225 0.000243 2
1262 278 1279 336 0.000241 2
1051 298 1153 339 0.000240 2
614 324 664 370 0.000238 2
0 254 21 294 0.000235 2
377 453 416 471 0.000234 2
1046 311 1109 335 0.000233 2
64 510 121 561 0.000232 2
511 341 521 350 0.000231 2
631 373 693 396 0.000231 2
469 151 523 170 0.000231 2
850 694 883 703 0.000230 2
713 329 737 347 0.000229 2
1030 310 1093 331 0.000228 2
623 424 633 437 0.000227 2
623 322 664 353 0.000224 2
311 203 333 260 0.000222 2
1027 313 1091 344 0.000222 2
381 453 416 471 0.000222 2
559 178 594 216 0.000221 2
351 199 386 227 0.000220 2
617 459 674 487 0.000218 2
1258 288 1279 361 0.000218 2
1 440 98 508 0.000217 2
320 204 357 253 0.000216 2
1263 366 1279 409 0.000215 2
5 189 532 374 0.000213 2
1174 256 1279 366 0.000213 2
1224 296 1279 360 0.000213 2
703 335 754 377 0.000212 2
597 361 624 376 0.000210 2
496 239 529 253 0.000210 2
0 256 51 294 0.000209 2
1 339 48 423 0.000207 2
22 448 95 506 0.000207 2
636 387 703 423 0.000206 2
603 361 624 376 0.000206 2
869 177 940 201 0.000204 2
0 349 98 508 0.000203 2
0 328 192 471 0.000203 2
771 694 809 703 0.000202 2
14 447 35 498 0.000202 2
704 315 723 364 0.000202 2
1142 324 1204 359 0.000200 2
1263 253 1279 295 0.000199 2
647 411 665 426 0.000198 2
633 422 702 465 0.000197 2
1263 464 1279 478 0.000197 2
332 406 364 443 0.000195 2
1258 290 1279 404 0.000194 2
765 468 797 477 0.000193 2
1 358 217 447 0.000193 2
1007 300 1023 311 0.000192 2
288 175 310 196 0.000192 2
80 422 95 431 0.000192 2
637 401 674 426 0.000192 2
537 420 659 462 0.000190 2
845 439 867 452 0.000189 2
615 376 703 437 0.000189 2
602 331 658 369 0.000188 2
1223 158 1280 185 0.000188 2
0 349 48 434 0.000187 2
813 356 832 376 0.000187 2
388 421 465 443 0.000186 2
504 313 529 351 0.000185 2
16 448 79 484 0.000184 2
446 156 595 239 0.000184 2
1215 260 1280 297 0.000184 2
636 392 695 434 0.000183 2
681 424 699 441 0.000182 2
162 372 224 421 0.000182 2
625 421 668 443 0.000181 2
616 458 675 488 0.000181 2
224 405 306 452 0.000179 2
303 177 326 198 0.000177 2
0 329 120 600 0.000176 2
528 434 590 455 0.000175 2
619 324 681 377 0.000175 2
187 391 224 444 0.000174 2
703 313 726 361 0.000174 2
444 166 625 253 0.000174 2
490 408 547 432 0.000173 2
3 358 81 375 0.000173 2
0 324 224 471 0.000173 2
1052 311 1108 334 0.000171 2
192 391 241 408 0.000171 2
0 364 49 448 0.000171 2
1264 303 1279 359 0.000170 2
5 350 238 578 0.000170 2
357 408 367 415 0.000170 2
0 326 232 490 0.000169 2
539 433 593 473 0.000169 2
706 334 740 360 0.000168 2
645 438 704 469 0.000168 2
150 372 225 423 0.000168 2
429 376 518 430 0.000168 2
1141 304 1208 353 0.000168 2
869 177 942 223 0.000167 2
355 199 385 232 0.000166 2
1190 289 1280 353 0.000166 2
0 358 48 436 0.000165 2
0 342 48 420 0.000165 2
417 411 513 444 0.000165 2
0 443 70 607 0.000165 2
656 172 693 216 0.000165 2
31 360 232 531 0.000163 2
644 404 704 439 0.000163 2
582 183 718 217 0.000160 2
333 407 357 443 0.000160 2
1056 299 1122 345 0.000160 2
643 401 701 443 0.000160 2
1149 344 1175 360 0.000160 2
697 182 766 235 0.000160 2
630 410 680 442 0.000159 2
0 440 30 534 0.000159 2
470 190 481 204 0.000158 2
711 320 750 352 0.000158 2
1021 335 1032 343 0.000155 2
495 240 527 253 0.000155 2
1195 374 1263 426 0.000155 2
1014 337 1024 350 0.000155 2
1023 321 1084 346 0.000154 2
303 185 328 203 0.000154 2
631 322 684 360 0.000153 2
639 409 656 424 0.000153 2
309 407 351 442 0.000153 2
704 337 747 372 0.000152 2
190 391 237 495 0.000152 2
1181 220 1279 370 0.000151 2
190 392 320 479 0.000150 2
324 198 377 226 0.000150 2
330 406 368 446 0.000149 2
709 302 769 330 0.000149 2
599 339 654 376 0.000148 2
289 175 313 197 0.000148 2
634 386 679 411 0.000147 2
381 453 416 470 0.000147 2
1261 279 1279 359 0.000144 2
686 440 703 453 0.000144 2
5 446 53 504 0.000144 2
1246 345 1271 363 0.000144 2
623 458 674 486 0.000144 2
943 327 971 349 0.000143 2
1257 276 1279 384 0.000143 2
1146 308 1208 360 0.000142 2
64 509 129 558 0.000141 2
368 453 415 471 0.000141 2
116 371 237 507 0.000141 2
636 386 704 430 0.000141 2
574 444 593 472 0.000141 2
975 342 1001 359 0.000141 2
190 393 322 490 0.000141 2
626 312 688 376 0.000140 2
197 394 321 507 0.000140 2
0 335 80 373 0.000140 2
636 422 703 468 0.000139 2
866 176 939 204 0.000137 2
0 444 77 579 0.000136 2
747 456 799 478 0.000136 2
231 460 327 506 0.000136 2
0 451 216 628 0.000135 2
601 197 736 232 0.000135 2
541 435 594 474 0.000135 2
830 417 847 424 0.000135 2
1184 278 1280 353 0.000135 2
619 301 690 376 0.000135 2
27 450 97 506 0.000134 2
927 284 1009 313 0.000133 2
561 175 689 220 0.000133 2
934 287 1009 312 0.000133 2
2 248 627 441 0.000133 2
1201 384 1259 427 0.000133 2
178 372 229 421 0.000132 2
836 439 870 455 0.000131 2
1023 320 1067 345 0.000131 2
218 403 309 460 0.000131 2
325 198 385 230 0.000130 2
1192 360 1264 399 0.000129 2
1262 630 1270 648 0.000128 2
639 390 699 425 0.000128 2
1218 290 1279 354 0.000128 2
211 404 315 450 0.000128 2
1233 306 1280 366 0.000128 2
607 323 666 362 0.000128 2
876 680 907 703 0.000127 2
574 441 595 472 0.000126 2
423 393 468 443 0.000126 2
479 199 518 233 0.000125 2
238 387 613 472 0.000125 2
638 405 666 424 0.000125 2
496 407 545 429 0.000125 2
507 407 545 429 0.000124 2
1227 289 1279 355 0.000124 2
343 246 605 376 0.000122 2
0 440 105 597 0.000122 2
938 696 974 703 0.000121 2
318 406 354 432 0.000120 2
12 446 74 505 0.000120 2
700 309 751 347 0.000120 2
1259 629 1275 648 0.000120 2
320 407 340 413 0.000119 2
1191 353 1265 387 0.000119 2
1183 269 1230 286 0.000119 2
482 199 518 228 0.000119 2
1163 267 1280 318 0.000119 2
622 464 641 480 0.000119 2
380 379 538 444 0.000118 2
187 391 314 475 0.000117 2
815 332 847 363 0.000117 2
543 271 689 377 0.000117 2
1075 312 1120 346 0.000117 2
1226 275 1280 309 0.000116 2
624 458 676 488 0.000116 2
265 455 273 462 0.000116 2
916 179 943 210 0.000116 2
593 361 624 378 0.000116 2
581 447 674 474 0.000115 2
11 413 103 480 0.000115 2
0 317 50 374 0.000114 2
125 423 217 496 0.000114 2
1105 183 1174 249 0.000114 2
1 443 101 575 0.000114 2
330 406 363 439 0.000114 2
1148 344 1190 360 0.000113 2
5 340 80 374 0.000113 2
712 304 774 345 0.000113 2
2 211 562 382 0.000112 2
626 380 664 425 0.000112 2
0 475 251 624 0.000111 2
19 432 96 480 0.000111 2
449 207 466 223 0.000111 2
3 443 72 507 0.000111 2
3 259 576 400 0.000109 2
183 387 309 474 0.000109 2
391 421 464 441 0.000109 2
0 356 48 448 0.000109 2
184 391 237 510 0.000109 2
622 314 670 349 0.000109 2
698 303 760 347 0.000109 2
553 271 687 370 0.000108 2
942 674 974 703 0.000108 2
242 479 325 507 0.000107 2
618 330 676 382 0.000107 2
1260 275 1279 342 0.000106 2
205 396 322 509 0.000105 2
1204 268 1280 315 0.000104 2
625 319 689 378 0.000104 2
1 357 85 447 0.000104 2
591 361 624 391 0.000104 2
1157 317 1217 364 0.000104 2
252 480 321 507 0.000103 2
1169 274 1280 320 0.000103 2
612 278 678 353 0.000103 2
329 406 368 452 0.000103 2
1169 270 1249 308 0.000103 2
330 208 358 256 0.000102 2
35 216 611 440 0.000101 2
25 257 48 293 0.000101 2
100 214 608 477 0.000101 2
1182 165 1279 270 0.020893 5
479 165 581 216 0.007670 5
1053 161 1279 395 0.004421 5
480 170 519 216 0.004135 5
1191 166 1279 268 0.003262 5
1055 159 1279 339 0.002763 5
443 169 520 215 0.002272 5
446 166 577 217 0.001982 5
1188 164 1279 219 0.001677 5
1082 161 1279 271 0.001455 5
444 164 526 216 0.001253 5
1203 164 1278 217 0.001076 5
1207 165 1279 214 0.001036 5
808 194 1277 360 0.000992 5
1223 161 1279 209 0.000870 5
1216 167 1279 268 0.000849 5
480 171 517 214 0.000760 5
1181 164 1230 259 0.000747 5
1191 159 1280 219 0.000659 5
1058 199 1126 261 0.000569 5
454 153 521 171 0.000506 5
1004 183 1064 220 0.000504 5
1188 161 1278 217 0.000498 5
479 167 525 216 0.000493 5
1263 169 1279 203 0.000460 5
1224 163 1279 184 0.000437 5
1005 183 1053 214 0.000430 5
1223 175 1279 210 0.000391 5
995 200 1123 267 0.000381 5
1001 183 1047 217 0.000364 5
447 155 527 206 0.000361 5
1223 172 1279 206 0.000285 5
1050 259 1279 410 0.010174 6
913 258 1279 417 0.009229 6
920 250 1279 388 0.008762 6
1053 258 1279 389 0.008541 6
714 247 1279 427 0.006706 6
690 245 1279 477 0.006557 6
770 249 1279 479 0.005768 6
663 223 1279 432 0.005509 6
710 245 1279 499 0.004659 6
882 249 1279 476 0.004514 6
891 252 1279 422 0.004442 6
778 234 1278 387 0.003785 6
669 232 1279 469 0.003506 6
1044 253 1279 461 0.003403 6
1054 164 1279 390 0.003210 6
751 455 1275 507 0.003197 6
669 452 1275 510 0.003157 6
813 251 1279 495 0.003127 6
782 457 1276 509 0.002798 6
676 216 1279 391 0.002641 6
710 450 1277 506 0.002625 6
843 464 1276 510 0.002476 6
693 205 1277 453 0.002282 6
681 445 1278 504 0.002265 6
664 441 1275 495 0.002251 6
1040 263 1279 491 0.002216 6
914 166 1279 382 0.002116 6
778 270 1278 503 0.001979 6
1009 469 1275 510 0.001899 6
835 192 1279 370 0.001834 6
706 282 1278 504 0.001817 6
888 186 1279 378 0.001754 6
731 435 1276 507 0.001741 6
324 399 706 465 0.001451 6
451 159 582 211 0.001362 6
726 215 1275 467 0.001352 6
1078 155 1279 270 0.001307 6
783 428 1276 507 0.001293 6
1024 284 1279 491 0.001272 6
688 348 1278 503 0.001227 6
676 438 1271 490 0.001216 6
651 443 1270 514 0.001040 6
673 398 1247 487 0.000971 6
682 386 1269 491 0.000957 6
640 248 1124 476 0.000945 6
1002 276 1278 497 0.000873 6
327 400 713 475 0.000843 6
329 409 719 472 0.000842 6
839 452 1169 491 0.000819 6
665 435 1255 488 0.000803 6
825 452 1127 489 0.000759 6
1024 170 1278 352 0.000756 6
1199 162 1279 214 0.000715 6
671 296 1264 495 0.000700 6
640 221 1137 417 0.000676 6
856 453 1200 489 0.000675 6
641 181 1233 410 0.000664 6
675 375 1277 506 0.000652 6
829 135 938 169 0.000603 6
640 261 1045 485 0.000581 6
947 194 1277 294 0.000539 6
681 403 996 480 0.000537 6
640 196 1167 417 0.000535 6
326 414 886 473 0.000533 6
640 252 1067 475 0.000533 6
676 354 1274 497 0.000531 6
1014 425 1279 508 0.000517 6
443 160 522 216 0.000513 6
956 421 1277 508 0.000495 6
646 276 1035 483 0.000487 6
610 404 953 480 0.000472 6
657 296 1206 482 0.000454 6
641 247 1059 374 0.000448 6
651 165 1267 411 0.000439 6
646 238 1192 462 0.000434 6
325 367 706 459 0.000425 6
642 145 1221 396 0.000415 6
679 407 954 480 0.000405 6
825 135 938 197 0.000394 6
1030 412 1278 500 0.000374 6
1216 161 1279 213 0.000372 6
1094 415 1278 486 0.000371 6
1017 400 1262 474 0.000369 6
668 438 1119 484 0.000369 6
367 388 938 475 0.000368 6
501 412 952 481 0.000365 6
364 414 938 478 0.000359 6
1118 413 1279 481 0.000352 6
1101 411 1279 470 0.000347 6
704 412 799 470 0.000304 6
641 206 970 360 0.000302 6
744 437 881 477 0.000298 6
1153 65 1279 273 0.000294 6
640 170 1086 383 0.000293 6
653 442 1253 518 0.000293 6
1014 402 1273 470 0.000292 6
641 134 1130 396 0.000292 6
676 161 1279 443 0.000285 6
689 125 947 259 0.000283 6
705 361 1277 507 0.000279 6
1039 408 1280 467 0.000277 6
1020 398 1274 465 0.000259 6
704 408 796 469 0.000252 6
614 383 703 467 0.000247 6
509 277 956 484 0.000239 6
593 244 958 482 0.000234 6
1115 420 1278 484 0.000234 6
683 204 1272 484 0.000224 6
327 344 748 464 0.000224 6
688 307 1242 500 0.000210 6
640 263 965 469 0.000203 6
703 412 776 469 0.000202 6
458 158 588 217 0.000200 6
642 448 1129 704 0.000197 6
662 429 989 483 0.000191 6
543 379 703 469 0.000184 6
623 384 703 466 0.000182 6
366 265 934 480 0.000181 6
671 401 944 481 0.000162 6
452 143 580 207 0.000161 6
738 251 1273 448 0.000159 6
322 64 667 348 0.000158 6
640 268 985 485 0.000158 6
703 406 771 468 0.000155 6
334 64 681 234 0.000152 6
329 64 711 243 0.000151 6
328 239 710 462 0.000150 6
164 64 330 95 0.000149 6
1017 350 1280 508 0.000146 6
357 64 692 227 0.000146 6
496 241 956 481 0.000145 6
677 107 944 254 0.000138 6
605 226 958 384 0.000138 6
612 195 960 378 0.000137 6
829 134 939 163 0.000137 6
647 440 1214 527 0.000134 6
929 496 1259 532 0.000134 6
667 182 1013 296 0.000116 6
672 427 931 482 0.000110 6
329 392 897 605 0.000107 6
645 431 1240 631 0.000102 6
887 450 1277 555 0.000102 6
1005 396 1271 473 0.000102 6
705 448 1275 540 0.000101 6
860 177 942 244 0.327549 7
848 177 942 244 0.302874 7
866 177 941 236 0.046868 7
700 152 943 252 0.036070 7
801 177 941 244 0.033487 7
802 168 941 244 0.026156 7
703 152 809 232 0.022446 7
816 176 943 245 0.020258 7
587 183 621 213 0.019882 7
709 153 808 226 0.018766 7
713 154 864 242 0.012476 7
1004 197 1055 230 0.011894 7
1182 166 1280 269 0.011853 7
588 184 622 207 0.010594 7
588 183 621 203 0.010555 7
711 153 861 250 0.010318 7
865 178 940 246 0.009699 7
709 153 808 237 0.009611 7
692 152 811 232 0.009131 7
693 152 809 224 0.008402 7
861 178 969 257 0.008165 7
1006 196 1053 230 0.007940 7
699 154 950 265 0.007512 7
1004 196 1060 244 0.007268 7
709 153 815 230 0.006977 7
793 154 943 259 0.006735 7
785 176 944 273 0.006240 7
684 148 928 247 0.005177 7
1184 192 1279 269 0.005049 7
1215 171 1279 269 0.005037 7
864 182 999 251 0.004717 7
587 183 655 216 0.004668 7
1214 184 1279 268 0.004470 7
866 176 939 232 0.003517 7
1184 218 1279 269 0.003341 7
866 176 941 226 0.003337 7
1000 197 1065 259 0.003123 7
1006 193 1058 229 0.002922 7
296 199 385 232 0.002799 7
1112 181 1201 250 0.002610 7
816 135 941 244 0.002587 7
865 177 923 244 0.002519 7
292 199 386 234 0.002508 7
804 133 940 247 0.002489 7
479 170 521 216 0.002449 7
477 167 578 205 0.002449 7
1184 203 1280 269 0.002398 7
292 200 386 273 0.002236 7
1193 201 1279 269 0.002190 7
1106 183 1199 251 0.002080 7
473 160 581 204 0.002062 7
1181 223 1279 271 0.001999 7
858 176 973 254 0.001915 7
989 189 1055 231 0.001884 7
586 184 656 217 0.001813 7
865 177 934 238 0.001681 7
1047 267 1279 362 0.001660 7
1001 199 1050 253 0.001615 7
839 177 939 243 0.001545 7
718 153 827 264 0.001276 7
293 199 386 244 0.001157 7
480 174 519 216 0.001130 7
848 174 927 241 0.001078 7
848 177 923 244 0.001048 7
702 303 767 342 0.001038 7
697 160 993 271 0.001026 7
1057 170 1279 366 0.001009 7
1102 164 1151 205 0.000998 7
1080 271 1280 363 0.000904 7
1268 197 1279 264 0.000886 7
686 162 754 234 0.000853 7
1250 197 1279 267 0.000850 7
989 196 1052 253 0.000765 7
1103 162 1208 229 0.000762 7
713 152 810 209 0.000743 7
1089 266 1279 357 0.000735 7
1102 164 1149 218 0.000724 7
789 151 939 243 0.000689 7
1098 167 1202 255 0.000655 7
1161 160 1280 383 0.000642 7
1183 167 1229 267 0.000623 7
692 191 731 235 0.000622 7
295 200 332 232 0.000612 7
579 161 647 207 0.000602 7
748 160 974 260 0.000601 7
703 303 766 371 0.000593 7
1002 163 1066 231 0.000577 7
1179 374 1264 426 0.000544 7
690 131 950 259 0.000540 7
1048 263 1273 355 0.000539 7
1263 167 1279 244 0.000515 7
707 140 877 231 0.000499 7
1001 168 1062 231 0.000493 7
302 198 387 237 0.000489 7
727 152 809 209 0.000470 7
1263 169 1279 204 0.000444 7
704 232 769 352 0.000433 7
323 199 384 232 0.000424 7
996 167 1061 231 0.000416 7
1102 163 1205 209 0.000416 7
807 156 858 230 0.000415 7
1140 269 1279 353 0.000395 7
1168 302 1280 355 0.000388 7
841 133 950 245 0.000387 7
703 302 772 372 0.000380 7
694 183 729 227 0.000359 7
1173 304 1280 358 0.000349 7
1183 376 1261 427 0.000340 7
686 181 733 232 0.000326 7
699 302 768 339 0.000323 7
1103 168 1140 205 0.000316 7
679 150 806 227 0.000315 7
717 159 807 209 0.000314 7
693 166 772 234 0.000308 7
712 144 961 257 0.000291 7
1163 303 1269 362 0.000279 7
697 184 729 223 0.000277 7
1158 303 1271 374 0.000277 7
707 138 860 232 0.000272 7
866 176 932 232 0.000253 7
534 167 659 210 0.000251 7
765 132 944 254 0.000250 7
800 159 859 224 0.000242 7
1103 160 1210 216 0.000240 7
1102 164 1160 222 0.000235 7
1170 306 1273 358 0.000232 7
729 152 807 213 0.000229 7
601 143 892 242 0.000228 7
1179 293 1280 353 0.000225 7
1208 205 1279 275 0.000222 7
1101 162 1207 206 0.000211 7
1162 302 1275 349 0.000200 7
588 156 637 195 0.000191 7
807 169 858 238 0.000188 7
1048 220 1273 340 0.000186 7
1200 309 1277 366 0.000181 7
531 178 633 222 0.000179 7
709 130 938 225 0.000179 7
1157 304 1247 362 0.000177 7
294 199 329 233 0.000176 7
764 233 850 345 0.000176 7
507 153 659 206 0.000173 7
1150 302 1275 350 0.000165 7
703 301 765 375 0.000160 7
455 155 546 208 0.000153 7
1047 265 1252 351 0.000153 7
1185 301 1280 355 0.000152 7
1192 305 1280 360 0.000147 7
1049 206 1263 348 0.000145 7
706 131 856 226 0.000139 7
1044 274 1151 347 0.000138 7
654 92 940 250 0.000134 7
1050 269 1159 346 0.000132 7
966 161 1062 243 0.000128 7
1050 269 1193 354 0.000124 7
901 271 1128 390 0.000122 7
1217 311 1278 371 0.000118 7
693 126 815 225 0.000116 7
711 248 856 367 0.000115 7
707 127 819 226 0.000110 7
653 280 770 370 0.000108 7
301 174 386 233 0.000105 7
726 166 800 219 0.000103 7
1141 271 1258 351 0.000102 7
1089 150 1103 178 0.601591 9
512 151 524 179 0.222861 9
513 151 523 181 0.146889 9
1207 170 1215 186 0.075701 9
1088 150 1103 183 0.073567 9
1207 167 1216 186 0.066167 9
512 152 523 184 0.052062 9
513 151 524 182 0.049385 9
365 167 373 187 0.031013 9
894 155 907 176 0.030698 9
239 179 246 190 0.029941 9
448 157 490 170 0.027750 9
372 167 382 184 0.025710 9
895 155 907 177 0.025629 9
1013 137 1024 168 0.021649 9
863 165 870 184 0.020107 9
1089 151 1105 179 0.019801 9
1215 167 1224 184 0.019159 9
239 177 246 190 0.018920 9
1013 137 1024 171 0.017192 9
989 679 1007 703 0.016297 9
313 151 341 193 0.016035 9
1013 139 1024 169 0.015456 9
894 152 907 176 0.015120 9
1194 383 1206 401 0.015015 9
863 165 871 183 0.014322 9
119 64 159 76 0.014198 9
1228 164 1248 182 0.013923 9
867 158 880 177 0.011729 9
895 153 909 177 0.011383 9
1196 383 1206 401 0.011322 9
878 155 889 169 0.011274 9
867 155 880 176 0.011201 9
896 155 908 176 0.010363 9
988 679 1010 703 0.009876 9
848 181 858 206 0.009790 9
523 183 536 196 0.009717 9
1190 384 1204 401 0.009714 9
362 167 369 188 0.009677 9
1207 168 1216 199 0.009637 9
587 170 593 185 0.009292 9
171 64 202 91 0.009230 9
680 167 687 183 0.008918 9
1089 149 1104 189 0.008408 9
119 64 160 78 0.008146 9
313 154 341 195 0.008032 9
1214 167 1224 185 0.007762 9
449 158 488 171 0.007669 9
865 153 878 175 0.007624 9
224 183 231 192 0.007220 9
156 64 203 91 0.007062 9
877 153 889 169 0.007029 9
257 179 262 190 0.006773 9
1024 128 1040 163 0.006564 9
680 168 687 187 0.006419 9
1207 168 1216 190 0.006313 9
111 151 128 164 0.006290 9
1191 163 1201 186 0.006272 9
119 64 167 78 0.006037 9
169 64 202 90 0.006021 9
1198 386 1208 416 0.006000 9
1046 156 1056 174 0.005987 9
905 67 944 120 0.005762 9
119 64 202 90 0.005747 9
882 156 895 172 0.005668 9
1193 383 1208 415 0.005536 9
365 167 374 189 0.005510 9
865 152 883 177 0.005399 9
557 180 569 200 0.005245 9
1046 155 1056 178 0.005160 9
513 152 532 188 0.005152 9
1022 128 1041 166 0.005080 9
1006 136 1016 172 0.005029 9
551 172 580 202 0.005014 9
695 177 704 199 0.004992 9
1225 161 1248 181 0.004792 9
1013 135 1026 170 0.004683 9
159 64 179 93 0.004673 9
814 144 824 156 0.004612 9
362 167 368 189 0.004592 9
372 167 381 186 0.004533 9
94 152 104 176 0.004401 9
95 152 105 176 0.004396 9
846 151 858 166 0.004365 9
814 145 823 160 0.004294 9
1020 129 1040 166 0.004181 9
312 102 341 195 0.004156 9
512 169 549 192 0.004131 9
1191 165 1201 186 0.004128 9
118 64 186 81 0.004099 9
587 167 593 185 0.004075 9
448 157 490 180 0.004025 9
517 171 546 185 0.003942 9
690 168 697 180 0.003835 9
518 181 547 199 0.003832 9
1006 136 1023 172 0.003720 9
111 151 128 165 0.003717 9
694 176 703 199 0.003665 9
215 183 225 193 0.003659 9
544 168 551 179 0.003657 9
159 64 184 92 0.003512 9
1004 135 1019 174 0.003504 9
809 167 816 178 0.003485 9
1024 126 1040 164 0.003470 9
1154 163 1167 184 0.003429 9
313 147 344 195 0.003366 9
1189 161 1202 187 0.003327 9
119 64 196 84 0.003303 9
312 85 341 194 0.003231 9
694 178 702 199 0.003207 9
1012 136 1026 174 0.003170 9
1207 161 1216 188 0.003165 9
522 183 541 199 0.003131 9
665 181 671 198 0.003127 9
1224 164 1247 182 0.003119 9
1145 165 1154 185 0.003118 9
887 155 900 177 0.003112 9
1088 150 1109 179 0.003109 9
257 144 267 160 0.002977 9
1044 156 1055 172 0.002961 9
514 167 547 184 0.002940 9
1007 136 1021 173 0.002929 9
864 151 880 174 0.002905 9
119 64 177 77 0.002896 9
1182 163 1205 228 0.002889 9
959 135 978 160 0.002854 9
895 151 910 177 0.002833 9
167 64 176 76 0.002745 9
131 64 182 93 0.002730 9
875 153 893 176 0.002722 9
1013 130 1041 170 0.002678 9
878 152 899 176 0.002656 9
810 161 855 179 0.002641 9
1206 165 1217 190 0.002640 9
951 345 960 362 0.002620 9
1151 103 1169 134 0.002619 9
848 182 857 219 0.002611 9
1038 631 1057 699 0.002577 9
845 151 859 166 0.002570 9
693 176 700 196 0.002556 9
313 151 346 197 0.002554 9
1050 110 1083 146 0.002544 9
1189 382 1216 418 0.002539 9
258 142 268 160 0.002466 9
1171 149 1184 163 0.002460 9
463 166 472 183 0.002456 9
259 143 268 160 0.002397 9
960 341 967 351 0.002392 9
516 168 553 183 0.002315 9
680 168 689 198 0.002311 9
1104 164 1148 185 0.002204 9
1022 160 1029 169 0.002196 9
838 151 852 163 0.002162 9
688 169 695 184 0.002125 9
1181 163 1203 221 0.002071 9
1028 146 1040 162 0.002043 9
847 163 871 236 0.002022 9
701 118 720 129 0.002007 9
1045 152 1056 172 0.001942 9
1205 409 1216 424 0.001935 9
550 172 579 200 0.001910 9
1056 152 1065 168 0.001905 9
1042 155 1055 172 0.001904 9
260 142 268 160 0.001900 9
240 165 247 179 0.001885 9
120 64 189 93 0.001870 9
160 64 203 91 0.001848 9
1191 381 1216 416 0.001840 9
801 143 810 157 0.001839 9
1208 167 1225 205 0.001828 9
312 78 367 197 0.001815 9
811 154 858 180 0.001799 9
1097 131 1106 166 0.001785 9
571 162 581 178 0.001770 9
256 177 262 191 0.001763 9
521 183 537 199 0.001762 9
665 185 670 202 0.001760 9
509 168 579 200 0.001745 9
1204 407 1215 420 0.001728 9
1188 383 1209 413 0.001724 9
848 171 870 237 0.001707 9
569 161 580 178 0.001702 9
264 215 276 231 0.001629 9
987 678 1024 703 0.001624 9
1101 164 1153 204 0.001621 9
992 144 1000 169 0.001615 9
1055 152 1064 163 0.001600 9
1151 165 1165 184 0.001594 9
1100 137 1109 160 0.001594 9
588 163 604 185 0.001584 9
1150 100 1202 136 0.001560 9
448 154 490 170 0.001527 9
1103 678 1120 699 0.001517 9
1184 163 1202 187 0.001503 9
1150 102 1197 135 0.001502 9
111 139 128 165 0.001498 9
1182 382 1214 417 0.001493 9
447 151 578 216 0.001486 9
1151 102 1168 130 0.001481 9
359 167 371 190 0.001474 9
1007 504 1017 520 0.001456 9
1153 160 1168 185 0.001448 9
446 157 492 183 0.001448 9
999 134 1012 178 0.001433 9
248 176 257 192 0.001430 9
1081 173 1088 183 0.001418 9
999 134 1011 174 0.001416 9
485 173 496 183 0.001388 9
158 64 171 75 0.001374 9
160 65 177 93 0.001355 9
664 170 671 187 0.001340 9
1098 135 1110 160 0.001303 9
312 77 342 194 0.001300 9
1022 123 1041 165 0.001299 9
1097 129 1105 138 0.001287 9
312 146 341 194 0.001284 9
512 151 545 186 0.001281 9
970 175 976 186 0.001277 9
833 142 851 162 0.001273 9
1198 135 1206 176 0.001271 9
950 344 960 362 0.001262 9
1103 164 1149 197 0.001243 9
165 64 185 76 0.001233 9
993 146 1000 168 0.001211 9
1093 149 1110 178 0.001202 9
811 160 857 180 0.001194 9
569 163 580 179 0.001189 9
844 118 868 136 0.001173 9
848 118 867 136 0.001172 9
1147 164 1166 185 0.001163 9
806 628 816 674 0.001155 9
835 154 854 171 0.001152 9
844 167 859 215 0.001133 9
1183 164 1202 191 0.001128 9
1041 153 1058 183 0.001103 9
479 156 580 207 0.001101 9
519 174 579 200 0.001066 9
1198 135 1205 185 0.001066 9
1017 129 1041 164 0.001058 9
545 165 581 204 0.001049 9
239 176 251 193 0.001043 9
1151 102 1176 130 0.001036 9
1103 678 1121 702 0.001034 9
463 257 478 304 0.001032 9
478 164 578 210 0.001016 9
1077 151 1103 184 0.001012 9
803 136 819 159 0.000995 9
811 159 854 179 0.000976 9
1199 135 1206 154 0.000975 9
343 165 353 199 0.000970 9
246 194 255 214 0.000967 9
832 135 860 167 0.000960 9
1000 181 1008 196 0.000959 9
587 168 602 185 0.000956 9
877 156 893 175 0.000941 9
804 143 817 160 0.000935 9
842 119 863 135 0.000929 9
589 160 603 184 0.000925 9
662 296 682 351 0.000918 9
1103 164 1150 204 0.000911 9
1088 138 1105 178 0.000895 9
544 168 576 202 0.000886 9
663 325 678 349 0.000885 9
813 131 830 159 0.000883 9
1183 158 1203 189 0.000879 9
170 64 208 91 0.000874 9
663 294 672 317 0.000873 9
1168 148 1186 178 0.000867 9
1167 146 1194 185 0.000859 9
311 64 368 195 0.000847 9
120 64 191 91 0.000846 9
1088 145 1104 178 0.000843 9
1053 111 1082 143 0.000824 9
840 119 851 134 0.000823 9
1189 163 1216 200 0.000818 9
1048 152 1064 183 0.000808 9
315 158 353 199 0.000802 9
340 165 352 196 0.000798 9
849 157 871 201 0.000790 9
997 134 1010 175 0.000787 9
802 143 812 159 0.000777 9
1020 139 1040 169 0.000772 9
908 103 933 120 0.000771 9
112 150 127 163 0.000770 9
804 628 816 678 0.000766 9
1217 163 1247 188 0.000755 9
1158 147 1194 185 0.000751 9
1126 64 1152 73 0.000751 9
1046 155 1057 185 0.000749 9
765 69 784 145 0.000746 9
766 71 784 143 0.000745 9
816 135 831 157 0.000739 9
1076 148 1103 185 0.000738 9
703 166 711 179 0.000731 9
385 149 395 161 0.000731 9
310 92 383 197 0.000725 9
307 83 341 195 0.000723 9
1223 408 1231 424 0.000722 9
447 155 518 171 0.000719 9
1213 161 1249 182 0.000719 9
742 361 750 374 0.000718 9
807 160 858 198 0.000715 9
448 158 489 176 0.000714 9
213 164 223 177 0.000707 9
311 84 365 198 0.000700 9
596 148 609 167 0.000697 9
372 154 381 184 0.000693 9
1170 141 1185 168 0.000687 9
511 183 525 206 0.000685 9
558 163 582 201 0.000681 9
802 160 858 218 0.000679 9
701 118 720 129 0.000679 9
831 151 840 163 0.000679 9
414 174 421 203 0.000676 9
1190 142 1213 195 0.000675 9
911 151 929 179 0.000675 9
264 215 277 232 0.000673 9
1122 64 1152 74 0.000672 9
672 317 681 328 0.000671 9
1121 64 1152 75 0.000671 9
490 152 524 193 0.000671 9
808 160 858 203 0.000668 9
448 156 495 192 0.000667 9
698 142 704 152 0.000664 9
316 89 332 158 0.000664 9
1148 97 1202 136 0.000656 9
211 167 217 176 0.000650 9
807 628 816 654 0.000649 9
1152 157 1196 185 0.000649 9
701 151 711 178 0.000648 9
67 170 81 200 0.000639 9
1200 396 1212 424 0.000637 9
521 181 545 200 0.000626 9
1006 614 1057 702 0.000624 9
310 90 332 167 0.000623 9
809 160 858 188 0.000622 9
660 152 671 173 0.000616 9
1189 138 1206 189 0.000615 9
164 247 192 275 0.000614 9
798 631 809 671 0.000613 9
1150 120 1162 134 0.000603 9
169 247 192 263 0.000597 9
693 123 704 152 0.000596 9
993 679 1024 703 0.000590 9
474 151 524 182 0.000589 9
1117 158 1172 185 0.000583 9
1039 149 1056 173 0.000580 9
859 118 870 136 0.000579 9
1074 139 1103 183 0.000575 9
690 168 705 181 0.000573 9
446 156 494 212 0.000569 9
912 152 929 180 0.000569 9
345 184 353 199 0.000560 9
67 169 81 177 0.000560 9
798 629 814 677 0.000557 9
996 130 1009 173 0.000555 9
374 184 386 200 0.000552 9
340 163 352 195 0.000551 9
165 247 192 263 0.000548 9
856 284 863 294 0.000548 9
95 184 101 200 0.000548 9
95 183 101 200 0.000546 9
1021 160 1031 178 0.000546 9
163 245 191 275 0.000541 9
841 149 875 180 0.000539 9
850 116 870 136 0.000539 9
1207 159 1228 186 0.000538 9
664 317 680 350 0.000535 9
1091 152 1105 202 0.000533 9
784 112 836 157 0.000531 9
993 131 1004 171 0.000530 9
808 152 853 182 0.000530 9
169 64 232 91 0.000527 9
767 95 784 138 0.000527 9
119 64 173 89 0.000524 9
904 68 935 119 0.000522 9
496 169 514 189 0.000521 9
1102 130 1137 164 0.000521 9
163 246 192 264 0.000520 9
663 294 674 350 0.000517 9
352 162 365 191 0.000516 9
580 64 596 89 0.000513 9
585 159 605 185 0.000510 9
829 135 919 170 0.000509 9
664 163 671 174 0.000506 9
808 376 814 392 0.000506 9
784 112 841 136 0.000500 9
855 634 864 656 0.000492 9
415 174 422 203 0.000485 9
663 312 682 351 0.000481 9
220 176 247 192 0.000480 9
480 150 524 178 0.000479 9
169 248 192 274 0.000475 9
804 132 817 158 0.000470 9
906 89 936 120 0.000465 9
1154 156 1201 186 0.000459 9
1186 164 1216 200 0.000453 9
580 64 596 92 0.000453 9
754 68 784 148 0.000452 9
586 118 598 142 0.000450 9
871 120 879 131 0.000450 9
1073 151 1080 169 0.000447 9
575 275 605 340 0.000447 9
315 106 366 194 0.000435 9
446 147 533 178 0.000433 9
975 170 990 185 0.000431 9
586 118 598 133 0.000430 9
975 168 992 185 0.000430 9
908 151 930 180 0.000428 9
828 135 938 173 0.000428 9
311 68 360 194 0.000427 9
907 136 936 181 0.000423 9
596 143 609 167 0.000422 9
1110 151 1120 161 0.000421 9
783 112 835 136 0.000421 9
260 166 271 179 0.000418 9
661 320 679 352 0.000417 9
663 168 685 209 0.000414 9
68 172 80 199 0.000414 9
696 140 711 179 0.000413 9
741 360 751 374 0.000413 9
677 166 689 212 0.000412 9
1050 114 1075 146 0.000412 9
1068 127 1142 202 0.000408 9
695 136 712 180 0.000407 9
1225 162 1273 183 0.000407 9
838 119 853 135 0.000407 9
697 152 709 176 0.000401 9
1143 132 1193 185 0.000400 9
683 168 702 200 0.000398 9
783 112 836 141 0.000398 9
999 174 1009 198 0.000396 9
567 144 580 170 0.000396 9
1107 161 1168 186 0.000392 9
1142 133 1200 188 0.000392 9
927 149 937 167 0.000389 9
800 631 809 666 0.000389 9
579 302 593 316 0.000389 9
814 360 832 376 0.000388 9
789 330 808 345 0.000388 9
701 118 720 149 0.000388 9
1073 151 1080 166 0.000388 9
846 135 939 178 0.000387 9
751 363 758 375 0.000387 9
1098 129 1138 167 0.000385 9
783 113 830 135 0.000383 9
838 141 883 169 0.000379 9
1100 148 1142 184 0.000377 9
690 119 706 154 0.000376 9
790 132 817 158 0.000374 9
1103 165 1146 186 0.000374 9
309 102 327 159 0.000373 9
256 160 267 175 0.000372 9
936 134 959 152 0.000371 9
908 102 935 120 0.000370 9
199 256 208 275 0.000370 9
763 68 784 134 0.000368 9
417 170 432 203 0.000366 9
506 145 525 179 0.000366 9
1108 139 1137 164 0.000366 9
1204 146 1223 193 0.000365 9
1072 147 1094 188 0.000364 9
1103 157 1141 185 0.000363 9
1181 378 1244 425 0.000362 9
586 119 597 136 0.000361 9
989 679 1025 703 0.000360 9
1087 160 1103 201 0.000359 9
1096 128 1135 167 0.000359 9
1004 132 1028 172 0.000358 9
878 135 937 181 0.000357 9
958 424 969 447 0.000356 9
596 64 625 93 0.000355 9
479 335 496 358 0.000353 9
171 248 192 262 0.000353 9
95 150 129 177 0.000352 9
1084 143 1131 181 0.000350 9
1043 152 1065 197 0.000349 9
858 630 898 684 0.000346 9
927 148 937 170 0.000346 9
655 151 671 174 0.000346 9
904 81 935 120 0.000345 9
1113 141 1136 161 0.000342 9
572 137 581 162 0.000342 9
309 106 325 160 0.000339 9
906 99 936 120 0.000339 9
813 131 832 159 0.000338 9
568 143 581 162 0.000337 9
800 629 816 682 0.000337 9
241 161 251 179 0.000337 9
828 134 926 175 0.000333 9
310 93 330 169 0.000332 9
1101 155 1158 186 0.000329 9
352 166 363 190 0.000327 9
831 137 857 164 0.000327 9
1006 614 1025 686 0.000326 9
592 145 606 179 0.000325 9
433 171 446 192 0.000325 9
1121 360 1136 385 0.000324 9
1094 155 1116 201 0.000323 9
1114 145 1137 163 0.000321 9
1123 365 1136 388 0.000320 9
222 167 231 176 0.000319 9
1151 102 1198 131 0.000319 9
860 111 869 119 0.000318 9
580 64 598 93 0.000315 9
1111 131 1131 157 0.000314 9
1039 168 1050 185 0.000314 9
568 142 581 165 0.000313 9
927 107 936 120 0.000312 9
313 64 335 167 0.000308 9
1255 629 1264 648 0.000308 9
1017 177 1025 184 0.000308 9
944 168 960 183 0.000308 9
383 149 399 161 0.000307 9
696 117 719 180 0.000307 9
1195 384 1232 425 0.000306 9
911 159 927 179 0.000306 9
209 182 227 198 0.000305 9
584 64 624 94 0.000305 9
797 629 816 679 0.000305 9
660 169 691 215 0.000304 9
767 91 784 141 0.000303 9
305 86 341 197 0.000301 9
699 117 720 162 0.000300 9
1082 134 1101 176 0.000298 9
995 679 1024 703 0.000298 9
850 136 939 173 0.000298 9
308 105 334 188 0.000297 9
119 64 160 88 0.000295 9
852 670 875 695 0.000293 9
734 626 744 647 0.000293 9
95 151 110 177 0.000293 9
1094 127 1122 157 0.000293 9
1121 64 1153 81 0.000292 9
1071 149 1094 213 0.000291 9
220 176 244 193 0.000291 9
679 157 688 185 0.000291 9
689 119 705 164 0.000290 9
512 145 525 181 0.000290 9
688 118 705 156 0.000290 9
575 129 581 152 0.000290 9
218 177 246 194 0.000289 9
853 673 877 698 0.000287 9
433 171 446 191 0.000287 9
887 135 937 154 0.000287 9
1120 64 1153 79 0.000286 9
1184 164 1218 214 0.000286 9
375 150 383 168 0.000285 9
767 99 784 150 0.000282 9
1020 170 1032 185 0.000279 9
1137 101 1189 177 0.000279 9
310 107 325 160 0.000278 9
763 69 784 104 0.000274 9
974 166 992 185 0.000274 9
944 327 961 344 0.000274 9
1138 128 1199 184 0.000273 9
992 133 1023 175 0.000273 9
805 77 858 124 0.000273 9
587 123 601 154 0.000272 9
959 134 982 162 0.000271 9
239 177 257 216 0.000270 9
576 283 596 332 0.000268 9
214 161 226 177 0.000267 9
259 169 271 192 0.000266 9
848 165 874 234 0.000265 9
162 243 192 283 0.000265 9
152 64 254 92 0.000264 9
861 158 892 187 0.000263 9
512 148 545 185 0.000262 9
701 118 720 143 0.000261 9
1182 374 1253 425 0.000260 9
938 167 961 206 0.000256 9
831 135 862 164 0.000256 9
663 315 680 353 0.000255 9
999 124 1007 136 0.000254 9
575 275 606 348 0.000254 9
975 164 992 185 0.000253 9
312 141 353 195 0.000251 9
814 148 834 162 0.000250 9
1200 134 1217 181 0.000250 9
804 78 859 127 0.000249 9
1026 627 1057 701 0.000249 9
585 124 608 179 0.000249 9
586 119 598 134 0.000249 9
831 135 936 176 0.000246 9
856 645 873 678 0.000245 9
1004 143 1064 190 0.000244 9
687 118 718 145 0.000243 9
1024 120 1034 128 0.000242 9
1163 97 1202 136 0.000241 9
1160 144 1202 187 0.000240 9
597 134 605 143 0.000239 9
1190 135 1206 187 0.000237 9
688 119 708 177 0.000236 9
410 175 418 199 0.000236 9
111 135 127 165 0.000235 9
95 152 106 175 0.000235 9
595 533 609 568 0.000235 9
408 180 418 203 0.000231 9
1101 128 1139 165 0.000227 9
312 89 361 166 0.000225 9
1136 100 1206 182 0.000225 9
448 153 490 171 0.000225 9
703 118 720 155 0.000225 9
110 123 128 165 0.000224 9
255 107 263 127 0.000224 9
932 134 960 152 0.000224 9
1224 161 1269 183 0.000223 9
662 290 686 352 0.000223 9
811 77 863 136 0.000219 9
1018 628 1057 703 0.000219 9
541 160 581 182 0.000219 9
1048 110 1084 162 0.000219 9
1050 117 1067 136 0.000219 9
931 133 962 152 0.000218 9
160 64 204 103 0.000216 9
592 64 625 93 0.000216 9
795 112 834 134 0.000215 9
805 363 815 392 0.000213 9
853 632 875 679 0.000212 9
470 144 581 209 0.000212 9
1102 150 1127 176 0.000212 9
856 136 938 175 0.000211 9
469 165 508 201 0.000210 9
1150 161 1198 185 0.000209 9
1036 119 1139 181 0.000207 9
248 163 257 175 0.000206 9
583 118 601 167 0.000206 9
1156 96 1202 136 0.000205 9
97 150 128 172 0.000205 9
1025 120 1108 194 0.000205 9
1119 358 1136 385 0.000204 9
416 172 429 204 0.000204 9
733 359 746 376 0.000202 9
273 70 342 196 0.000201 9
901 135 937 152 0.000201 9
308 81 333 157 0.000199 9
449 146 530 171 0.000199 9
578 127 607 186 0.000199 9
991 132 1010 204 0.000197 9
1168 101 1200 136 0.000197 9
1138 99 1213 183 0.000196 9
853 665 875 697 0.000196 9
309 97 331 179 0.000195 9
1030 130 1055 168 0.000194 9
666 166 686 197 0.000194 9
1006 173 1016 184 0.000193 9
256 162 269 187 0.000193 9
1203 125 1231 170 0.000193 9
432 170 446 192 0.000191 9
698 170 711 186 0.000191 9
1047 143 1103 187 0.000191 9
992 129 1000 168 0.000190 9
858 135 938 153 0.000189 9
689 155 703 181 0.000189 9
417 167 434 203 0.000188 9
315 64 353 172 0.000188 9
1072 134 1102 179 0.000188 9
1019 620 1058 698 0.000188 9
576 278 596 325 0.000187 9
810 79 858 123 0.000186 9
354 149 383 188 0.000186 9
1207 165 1232 221 0.000185 9
1038 114 1145 184 0.000183 9
853 673 874 700 0.000182 9
591 531 603 570 0.000181 9
927 134 960 152 0.000180 9
1121 163 1167 221 0.000178 9
1119 371 1130 387 0.000177 9
800 77 856 125 0.000175 9
866 120 880 136 0.000175 9
926 134 961 161 0.000175 9
824 135 939 180 0.000173 9
953 161 993 190 0.000172 9
361 186 375 200 0.000170 9
346 147 381 189 0.000170 9
685 119 712 180 0.000169 9
808 78 856 122 0.000169 9
844 135 939 155 0.000169 9
735 119 753 157 0.000167 9
743 150 752 157 0.000167 9
983 668 997 693 0.000166 9
0 141 9 204 0.000165 9
990 120 999 144 0.000165 9
198 257 208 283 0.000165 9
574 122 581 151 0.000165 9
689 161 703 187 0.000164 9
323 92 341 150 0.000163 9
766 94 784 151 0.000163 9
158 64 203 98 0.000160 9
593 64 643 99 0.000160 9
596 288 608 329 0.000160 9
807 540 816 565 0.000160 9
1206 117 1232 164 0.000160 9
1210 151 1223 163 0.000159 9
991 180 1007 220 0.000159 9
810 128 834 150 0.000158 9
1168 630 1184 666 0.000158 9
208 67 235 87 0.000158 9
258 175 271 195 0.000157 9
162 243 191 280 0.000156 9
257 143 271 177 0.000156 9
579 122 604 180 0.000156 9
711 338 753 377 0.000156 9
255 95 270 127 0.000156 9
1209 91 1234 165 0.000155 9
213 173 235 196 0.000155 9
662 306 689 359 0.000154 9
698 328 703 338 0.000153 9
247 161 257 175 0.000153 9
433 170 446 181 0.000153 9
479 173 498 206 0.000151 9
309 118 386 201 0.000151 9
433 171 446 196 0.000150 9
1208 98 1233 161 0.000150 9
1134 163 1189 224 0.000149 9
1039 632 1056 681 0.000149 9
165 64 206 103 0.000149 9
808 79 858 134 0.000148 9
1006 613 1060 695 0.000148 9
956 138 992 186 0.000147 9
783 110 844 135 0.000147 9
853 630 893 694 0.000146 9
1198 381 1262 427 0.000146 9
814 114 840 133 0.000146 9
1119 679 1152 703 0.000146 9
405 182 417 205 0.000146 9
685 299 703 341 0.000144 9
974 189 982 201 0.000143 9
312 145 342 192 0.000143 9
871 632 881 662 0.000142 9
244 131 255 144 0.000141 9
1036 129 1066 168 0.000140 9
460 180 479 203 0.000140 9
676 164 689 208 0.000140 9
1037 131 1049 154 0.000139 9
796 77 858 131 0.000139 9
943 327 961 345 0.000139 9
851 647 874 685 0.000139 9
1007 615 1025 680 0.000138 9
1202 367 1266 425 0.000138 9
1012 105 1121 223 0.000138 9
983 120 993 140 0.000138 9
613 519 624 564 0.000138 9
1196 130 1224 168 0.000137 9
615 519 624 532 0.000137 9
160 243 203 294 0.000137 9
1006 163 1057 202 0.000137 9
1002 127 1124 236 0.000136 9
579 278 591 290 0.000136 9
877 112 901 138 0.000136 9
1049 110 1084 148 0.000135 9
351 156 366 192 0.000135 9
594 64 638 93 0.000134 9
1088 146 1121 184 0.000134 9
789 137 801 153 0.000133 9
904 127 912 138 0.000133 9
453 181 478 205 0.000132 9
594 64 639 108 0.000132 9
875 98 908 137 0.000131 9
313 64 338 156 0.000131 9
1050 144 1081 210 0.000131 9
851 672 895 703 0.000131 9
1049 112 1074 154 0.000130 9
1095 125 1129 161 0.000130 9
680 147 690 164 0.000129 9
876 104 914 140 0.000129 9
513 407 544 427 0.000129 9
130 64 191 101 0.000128 9
686 307 701 339 0.000126 9
1055 119 1144 198 0.000126 9
847 135 937 152 0.000126 9
415 166 434 203 0.000125 9
665 306 690 352 0.000125 9
66 169 81 179 0.000125 9
927 139 945 170 0.000125 9
1002 183 1048 219 0.000124 9
810 122 835 154 0.000124 9
756 344 785 360 0.000123 9
895 622 904 630 0.000122 9
1077 135 1099 165 0.000122 9
256 129 268 160 0.000122 9
1151 131 1209 187 0.000122 9
509 152 577 185 0.000122 9
1223 162 1254 208 0.000121 9
1131 161 1193 233 0.000121 9
1118 131 1200 188 0.000121 9
1145 341 1202 384 0.000120 9
107 150 129 184 0.000120 9
932 156 995 204 0.000120 9
731 119 753 156 0.000120 9
751 73 779 152 0.000120 9
656 328 679 351 0.000119 9
662 301 689 366 0.000119 9
1126 679 1152 703 0.000118 9
981 140 995 166 0.000118 9
1145 339 1192 400 0.000118 9
1167 165 1202 186 0.000118 9
952 551 961 568 0.000117 9
856 92 890 136 0.000117 9
576 290 594 324 0.000116 9
1007 504 1024 521 0.000116 9
855 109 869 124 0.000116 9
374 164 407 185 0.000116 9
783 114 820 134 0.000115 9
1205 110 1233 175 0.000115 9
936 135 960 152 0.000115 9
685 118 703 130 0.000115 9
1088 677 1121 703 0.000114 9
657 309 686 376 0.000113 9
1053 148 1077 190 0.000113 9
680 129 690 163 0.000113 9
923 83 944 120 0.000113 9
971 146 993 174 0.000112 9
826 133 940 162 0.000112 9
859 93 905 137 0.000111 9
444 157 491 212 0.000110 9
316 64 358 147 0.000110 9
1003 134 1064 234 0.000110 9
1019 89 1065 172 0.000110 9
999 508 1008 522 0.000110 9
903 634 912 659 0.000110 9
907 142 953 192 0.000109 9
1113 127 1127 141 0.000108 9
838 135 943 159 0.000108 9
817 115 856 135 0.000108 9
704 119 721 163 0.000107 9
230 163 245 178 0.000107 9
767 99 785 153 0.000107 9
370 164 407 186 0.000106 9
230 130 241 146 0.000106 9
126 171 132 195 0.000106 9
853 89 908 137 0.000106 9
1042 142 1084 231 0.000106 9
1150 99 1204 150 0.000105 9
575 312 594 391 0.000105 9
629 307 683 355 0.000105 9
751 79 777 152 0.000105 9
543 160 573 175 0.000105 9
575 315 594 391 0.000104 9
637 78 656 104 0.000104 9
1133 103 1179 168 0.000104 9
207 65 254 87 0.000104 9
576 80 585 97 0.000104 9
750 70 784 151 0.000104 9
543 160 576 175 0.000104 9
972 175 991 202 0.000103 9
1105 139 1150 175 0.000103 9
857 632 876 676 0.000102 9
1014 662 1024 678 0.000102 9
97 149 130 182 0.000102 9
582 273 608 330 0.000102 9
720 341 791 377 0.000102 9
801 105 840 133 0.000102 9
862 629 899 682 0.000101 9
313 151 341 194 0.017590 11
1181 192 1198 216 0.012666 11
1181 190 1200 216 0.009216 11
1051 110 1083 146 0.003062 11
1051 111 1083 144 0.001345 11
1055 114 1066 132 0.000967 11
1051 112 1079 146 0.000611 11
