993 190 1024 254 0.705910 0
777 203 817 279 0.690561 0
506 184 530 260 0.665435 0
702 190 727 246 0.556736 0
994 189 1026 258 0.432976 0
775 190 799 233 0.425860 0
1212 191 1228 221 0.333818 0
775 201 819 279 0.312725 0
1021 196 1048 257 0.308657 0
701 191 724 245 0.260670 0
775 190 799 247 0.187831 0
1019 198 1047 256 0.160343 0
1019 196 1047 252 0.154040 0
1025 197 1048 234 0.152216 0
774 192 803 278 0.143791 0
521 424 599 456 0.135505 0
1020 196 1047 239 0.134435 0
773 190 799 270 0.115875 0
957 368 982 439 0.115397 0
773 192 808 277 0.112790 0
1212 191 1228 227 0.112338 0
1210 190 1230 265 0.093246 0
1210 191 1228 222 0.091145 0
1025 194 1048 233 0.091095 0
1208 191 1230 267 0.087103 0
1026 200 1049 244 0.086356 0
1212 191 1229 223 0.085811 0
1022 197 1050 258 0.084243 0
1021 200 1050 255 0.084164 0
775 190 798 253 0.083918 0
775 192 799 257 0.083176 0
1199 200 1208 218 0.079739 0
1213 191 1229 222 0.079153 0
1027 200 1048 234 0.075482 0
957 364 985 440 0.065041 0
1209 191 1233 268 0.063687 0
506 185 529 261 0.062598 0
957 370 980 440 0.062134 0
1025 192 1050 233 0.058682 0
1211 190 1234 265 0.058105 0
776 190 796 231 0.054894 0
1210 191 1235 268 0.054339 0
926 202 946 253 0.054242 0
1198 200 1209 220 0.051798 0
454 424 600 456 0.051014 0
1189 200 1208 236 0.048234 0
1212 191 1230 231 0.045778 0
958 376 980 440 0.043912 0
957 367 987 440 0.043091 0
775 192 800 233 0.041339 0
1025 191 1047 222 0.041175 0
1188 201 1209 239 0.040795 0
701 191 732 245 0.038160 0
706 194 732 237 0.037973 0
1199 196 1211 219 0.036563 0
1188 203 1207 237 0.036237 0
774 204 822 276 0.035582 0
1148 309 1168 344 0.035293 0
1232 194 1256 233 0.034855 0
1202 191 1228 232 0.034153 0
1150 310 1168 343 0.031705 0
1145 309 1168 344 0.031398 0
1151 310 1168 343 0.030827 0
789 329 810 344 0.029962 0
962 369 980 412 0.029492 0
926 201 945 250 0.029413 0
1024 192 1046 220 0.029410 0
505 189 521 256 0.029229 0
1024 196 1041 230 0.028960 0
1206 191 1228 224 0.027249 0
1189 202 1208 230 0.026579 0
1019 203 1049 255 0.025748 0
1189 207 1206 232 0.024934 0
231 204 246 243 0.023871 0
1187 202 1210 245 0.023181 0
1270 198 1279 238 0.022652 0
1199 195 1231 265 0.022239 0
1188 207 1207 235 0.021166 0
776 207 810 279 0.020459 0
929 203 945 248 0.019489 0
1271 198 1279 236 0.017634 0
230 202 245 243 0.017051 0
1022 193 1051 255 0.017043 0
613 150 625 168 0.016883 0
632 202 643 215 0.016743 0
782 189 799 225 0.016486 0
1210 202 1228 266 0.015391 0
213 185 225 228 0.014989 0
1271 199 1279 236 0.014815 0
999 383 1012 399 0.014755 0
957 370 979 438 0.014124 0
1186 203 1208 250 0.014088 0
1184 203 1208 264 0.014011 0
231 200 246 238 0.013906 0
1035 190 1049 229 0.013650 0
1112 194 1120 202 0.013559 0
610 150 626 168 0.013465 0
702 191 722 237 0.013454 0
1210 200 1235 268 0.013375 0
789 325 810 344 0.013303 0
231 201 250 241 0.012636 0
706 192 729 223 0.012633 0
929 377 947 428 0.012543 0
609 151 619 168 0.012012 0
719 617 863 703 0.011699 0
505 195 518 254 0.011565 0
605 151 624 181 0.011355 0
789 324 810 345 0.011278 0
999 381 1020 400 0.011204 0
785 202 821 280 0.010999 0
961 367 983 409 0.010852 0
704 195 730 232 0.010832 0
1272 199 1279 237 0.010615 0
846 201 855 240 0.010499 0
965 369 979 390 0.010380 0
926 374 947 429 0.010249 0
774 210 817 280 0.010185 0
1233 196 1255 232 0.010083 0
1202 194 1228 242 0.009820 0
999 382 1021 401 0.009706 0
960 365 980 399 0.009645 0
1087 181 1102 209 0.009429 0
1184 204 1205 261 0.009407 0
36 415 96 504 0.009389 0
995 380 1021 424 0.009275 0
231 200 247 241 0.009274 0
939 366 978 437 0.009265 0
846 201 857 242 0.009118 0
31 410 97 586 0.009111 0
773 187 818 279 0.008979 0
847 200 857 225 0.008977 0
1231 190 1258 234 0.008919 0
929 375 946 429 0.008705 0
1231 458 1251 511 0.008691 0
922 372 946 429 0.008644 0
938 367 966 436 0.008378 0
32 409 96 559 0.008241 0
993 379 1020 424 0.008241 0
38 406 94 493 0.008090 0
940 361 980 437 0.008016 0
940 374 962 433 0.007752 0
34 413 97 518 0.007738 0
510 185 536 255 0.007707 0
803 184 816 210 0.007650 0
39 417 96 490 0.007574 0
1231 458 1249 511 0.007482 0
604 151 622 182 0.007468 0
847 200 865 241 0.007377 0
505 191 523 257 0.007368 0
230 197 246 241 0.007320 0
236 197 255 241 0.007314 0
847 201 856 230 0.007303 0
1013 380 1024 402 0.007286 0
938 378 961 434 0.007226 0
1087 184 1096 209 0.007225 0
606 150 625 183 0.007060 0
706 191 727 220 0.007047 0
804 184 815 204 0.006991 0
997 381 1022 423 0.006906 0
234 200 250 241 0.006855 0
236 200 251 240 0.006844 0
1177 344 1189 360 0.006831 0
1015 385 1023 402 0.006827 0
230 202 245 242 0.006725 0
926 201 959 254 0.006714 0
521 424 557 456 0.006533 0
605 150 626 178 0.006463 0
36 412 96 496 0.006458 0
1119 312 1129 329 0.006346 0
1184 204 1204 233 0.006311 0
991 371 1012 425 0.006277 0
928 374 946 426 0.006272 0
1112 194 1121 207 0.006252 0
940 374 964 432 0.006126 0
1184 205 1205 246 0.006064 0
1182 203 1205 261 0.006038 0
1272 199 1279 246 0.006031 0
700 194 736 258 0.006011 0
238 198 248 224 0.006009 0
964 359 981 389 0.005928 0
1188 198 1208 224 0.005892 0
926 205 948 253 0.005866 0
958 375 967 405 0.005765 0
247 197 255 215 0.005740 0
1183 206 1204 266 0.005703 0
995 381 1019 409 0.005618 0
998 379 1023 403 0.005603 0
1087 185 1095 209 0.005519 0
929 201 947 214 0.005443 0
979 355 992 393 0.005436 0
1072 485 1080 499 0.005248 0
991 380 1008 424 0.005124 0
924 378 947 430 0.005058 0
640 500 1050 703 0.005016 0
992 380 1016 425 0.004894 0
1001 382 1023 424 0.004893 0
39 406 78 490 0.004836 0
1088 176 1105 209 0.004817 0
1175 211 1186 246 0.004808 0
941 374 961 430 0.004770 0
962 367 987 430 0.004738 0
231 198 253 241 0.004729 0
992 379 1011 426 0.004653 0
958 374 968 396 0.004553 0
994 378 1022 436 0.004549 0
999 376 1023 400 0.004548 0
1175 210 1185 246 0.004535 0
215 185 224 204 0.004519 0
230 202 246 251 0.004496 0
232 200 252 241 0.004423 0
35 415 97 528 0.004402 0
820 326 848 345 0.004320 0
896 199 904 228 0.004315 0
787 327 815 392 0.004305 0
212 183 225 233 0.004272 0
991 382 1006 424 0.004264 0
976 368 985 391 0.004248 0
992 374 1013 425 0.004230 0
611 148 630 169 0.004220 0
604 149 627 192 0.004194 0
632 201 649 215 0.004183 0
1153 308 1168 343 0.004172 0
1224 190 1261 267 0.004120 0
38 408 91 489 0.004034 0
1178 344 1195 359 0.004025 0
1087 180 1104 211 0.004025 0
1087 180 1103 210 0.003831 0
1153 304 1168 342 0.003774 0
802 184 816 228 0.003769 0
774 204 829 279 0.003742 0
1175 211 1185 245 0.003714 0
1176 344 1186 360 0.003689 0
1119 312 1130 334 0.003666 0
679 328 689 346 0.003648 0
800 185 815 218 0.003601 0
1012 208 1028 241 0.003571 0
1233 195 1256 234 0.003541 0
802 184 815 209 0.003540 0
615 148 630 168 0.003524 0
999 181 1009 196 0.003520 0
785 185 799 210 0.003488 0
846 210 866 242 0.003485 0
59 424 96 488 0.003454 0
793 184 816 231 0.003438 0
979 367 991 391 0.003438 0
234 197 254 241 0.003393 0
521 431 550 456 0.003367 0
846 223 855 242 0.003356 0
939 380 961 433 0.003251 0
1088 181 1104 207 0.003244 0
39 411 73 456 0.003243 0
212 183 231 229 0.003198 0
790 328 819 344 0.003186 0
1147 309 1176 344 0.003172 0
1031 194 1053 232 0.003161 0
788 320 810 344 0.003145 0
1174 207 1187 247 0.003138 0
1047 484 1056 501 0.003134 0
1197 192 1213 219 0.003126 0
604 153 617 183 0.003118 0
798 210 818 256 0.003098 0
1116 313 1133 344 0.003076 0
805 326 819 344 0.003051 0
947 347 961 395 0.003051 0
1232 459 1256 501 0.003045 0
893 200 904 234 0.003042 0
649 515 1047 703 0.003023 0
53 424 96 487 0.003010 0
998 182 1016 204 0.002976 0
1180 163 1202 219 0.002948 0
925 373 946 424 0.002941 0
695 191 721 236 0.002871 0
899 536 912 568 0.002844 0
919 205 936 247 0.002844 0
1180 343 1195 385 0.002840 0
245 197 255 215 0.002797 0
36 399 96 497 0.002795 0
884 201 895 235 0.002794 0
1146 314 1170 360 0.002792 0
1213 197 1241 267 0.002767 0
634 199 653 216 0.002757 0
521 428 555 456 0.002700 0
762 398 805 444 0.002696 0
1211 193 1242 268 0.002666 0
679 327 689 344 0.002655 0
520 429 548 456 0.002639 0
881 199 903 240 0.002626 0
1012 373 1024 402 0.002617 0
33 411 129 606 0.002596 0
917 213 930 247 0.002585 0
767 203 796 277 0.002554 0
1201 213 1225 247 0.002532 0
1071 482 1080 497 0.002524 0
982 353 992 390 0.002522 0
1178 343 1196 383 0.002518 0
1072 487 1081 503 0.002510 0
991 372 1011 409 0.002499 0
1176 344 1196 361 0.002492 0
911 352 941 429 0.002488 0
981 352 992 386 0.002471 0
34 406 222 680 0.002451 0
232 199 255 242 0.002450 0
944 350 964 402 0.002447 0
1004 381 1023 429 0.002415 0
897 537 912 567 0.002400 0
914 198 949 247 0.002372 0
993 203 1023 261 0.002349 0
935 346 987 438 0.002302 0
1271 196 1279 265 0.002296 0
915 200 943 248 0.002296 0
1231 459 1244 492 0.002292 0
1010 207 1033 257 0.002291 0
923 199 952 241 0.002212 0
1177 342 1197 359 0.002211 0
720 617 803 702 0.002206 0
1104 312 1112 327 0.002200 0
998 189 1018 218 0.002190 0
996 187 1016 218 0.002189 0
1252 199 1264 223 0.002184 0
816 209 823 220 0.002155 0
228 201 254 249 0.002149 0
1183 208 1214 265 0.002148 0
1149 309 1174 341 0.002139 0
948 385 979 440 0.002075 0
1148 309 1178 344 0.002062 0
805 199 819 236 0.002042 0
967 356 991 392 0.002037 0
1232 192 1248 224 0.002027 0
1144 317 1166 343 0.002002 0
784 325 817 397 0.002002 0
1175 343 1196 385 0.001975 0
1002 383 1023 415 0.001973 0
1246 461 1264 499 0.001963 0
911 378 934 426 0.001961 0
7 397 96 502 0.001925 0
1113 220 1131 248 0.001920 0
992 381 1015 442 0.001911 0
790 327 818 392 0.001903 0
875 155 892 174 0.001849 0
981 204 1005 256 0.001847 0
980 374 990 392 0.001840 0
670 314 683 344 0.001836 0
990 197 1050 262 0.001833 0
698 329 703 336 0.001827 0
1038 511 1058 593 0.001819 0
972 547 990 563 0.001817 0
1244 460 1262 494 0.001810 0
1183 164 1201 187 0.001807 0
1087 187 1102 220 0.001794 0
520 437 544 456 0.001793 0
879 204 897 238 0.001793 0
924 201 951 253 0.001775 0
998 375 1015 399 0.001773 0
1181 179 1203 225 0.001772 0
764 190 796 234 0.001764 0
32 411 100 599 0.001754 0
1176 343 1197 365 0.001743 0
1110 327 1136 344 0.001733 0
1260 197 1275 227 0.001732 0
969 542 992 563 0.001716 0
911 346 944 429 0.001713 0
774 246 832 345 0.001698 0
762 398 804 441 0.001691 0
40 429 97 488 0.001691 0
991 383 1009 440 0.001676 0
613 146 630 169 0.001670 0
889 200 906 242 0.001664 0
981 192 1004 229 0.001636 0
210 183 225 229 0.001629 0
610 147 633 193 0.001627 0
882 200 903 243 0.001624 0
1244 460 1264 483 0.001617 0
1039 549 1052 566 0.001616 0
1179 342 1199 395 0.001609 0
910 375 929 426 0.001607 0
1184 209 1205 265 0.001602 0
770 248 831 344 0.001591 0
627 177 634 194 0.001561 0
1180 188 1200 217 0.001553 0
1243 460 1260 480 0.001550 0
709 317 721 336 0.001536 0
1248 345 1259 355 0.001524 0
877 199 905 243 0.001523 0
915 210 930 249 0.001515 0
1118 312 1138 344 0.001513 0
1177 500 1184 511 0.001508 0
1118 439 1137 493 0.001507 0
709 318 721 343 0.001499 0
937 349 989 449 0.001499 0
1089 189 1103 217 0.001483 0
1169 206 1178 224 0.001479 0
212 183 231 231 0.001452 0
781 185 800 219 0.001445 0
990 380 1024 452 0.001443 0
628 180 641 198 0.001441 0
41 396 74 455 0.001432 0
942 375 959 406 0.001418 0
911 372 931 425 0.001417 0
1246 345 1264 377 0.001404 0
1247 470 1263 507 0.001403 0
1118 312 1134 337 0.001399 0
1056 488 1066 497 0.001392 0
1110 328 1123 344 0.001386 0
319 203 331 230 0.001374 0
719 647 737 703 0.001374 0
815 327 839 344 0.001367 0
1118 440 1136 484 0.001353 0
942 374 966 414 0.001353 0
1136 446 1143 457 0.001352 0
1110 327 1145 344 0.001342 0
627 182 641 201 0.001331 0
511 184 528 203 0.001331 0
1144 325 1162 343 0.001331 0
941 346 984 402 0.001322 0
1181 162 1203 220 0.001321 0
1144 318 1170 360 0.001317 0
1199 503 1209 512 0.001309 0
2 64 258 209 0.001308 0
903 335 925 392 0.001306 0
1064 203 1075 238 0.001303 0
1249 198 1272 233 0.001301 0
1241 456 1264 482 0.001299 0
1246 351 1264 376 0.001294 0
950 346 960 389 0.001290 0
506 183 540 261 0.001290 0
1105 606 1111 614 0.001289 0
652 546 1047 703 0.001287 0
897 536 913 568 0.001280 0
1169 210 1178 246 0.001278 0
943 373 959 394 0.001268 0
815 328 834 344 0.001262 0
941 344 963 396 0.001252 0
813 210 827 240 0.001243 0
873 325 882 341 0.001241 0
875 200 904 241 0.001237 0
1215 451 1224 474 0.001230 0
724 322 738 345 0.001228 0
788 325 819 382 0.001228 0
39 419 91 458 0.001228 0
1172 342 1197 394 0.001221 0
911 374 929 417 0.001209 0
671 325 684 346 0.001202 0
1029 495 1058 590 0.001201 0
1118 313 1132 343 0.001200 0
1038 544 1056 592 0.001199 0
690 329 704 346 0.001198 0
1 64 227 210 0.001197 0
785 327 810 344 0.001185 0
1252 198 1279 267 0.001173 0
767 201 794 266 0.001170 0
32 330 228 680 0.001170 0
1140 309 1170 361 0.001161 0
998 448 1008 459 0.001161 0
464 198 479 272 0.001161 0
1249 204 1267 234 0.001158 0
913 371 948 432 0.001157 0
972 544 992 562 0.001157 0
1234 455 1259 482 0.001152 0
62 455 96 488 0.001149 0
847 179 868 242 0.001147 0
1077 333 1089 345 0.001136 0
1249 468 1264 501 0.001135 0
924 201 960 254 0.001134 0
767 227 796 279 0.001132 0
936 423 955 432 0.001131 0
819 327 848 388 0.001131 0
797 335 817 391 0.001125 0
645 508 1001 703 0.001118 0
955 373 992 455 0.001117 0
39 432 97 497 0.001111 0
1012 359 1024 396 0.001100 0
1 64 189 210 0.001099 0
1190 496 1200 504 0.001092 0
854 206 874 238 0.001092 0
1162 237 1171 249 0.001090 0
826 327 848 392 0.001089 0
1039 543 1057 595 0.001081 0
1232 468 1248 511 0.001074 0
767 208 775 229 0.001073 0
911 371 928 424 0.001072 0
1040 546 1057 595 0.001071 0
864 207 874 237 0.001070 0
1040 545 1056 570 0.001069 0
1176 496 1184 511 0.001062 0
823 209 855 241 0.001058 0
768 241 832 342 0.001056 0
523 424 558 454 0.001053 0
911 390 937 430 0.001051 0
1071 463 1079 470 0.001051 0
1037 201 1053 232 0.001050 0
701 611 1049 703 0.001049 0
764 209 776 234 0.001048 0
990 358 1009 396 0.001049 0
1103 312 1114 328 0.001048 0
43 425 90 458 0.001043 0
1184 163 1202 187 0.001043 0
791 201 817 238 0.001041 0
41 454 96 489 0.001040 0
1098 329 1104 344 0.001036 0
1249 215 1265 234 0.001036 0
1172 342 1199 391 0.001030 0
1102 312 1117 344 0.001028 0
930 374 945 391 0.001025 0
998 204 1018 219 0.001019 0
934 189 947 202 0.001015 0
911 204 930 247 0.001013 0
941 201 969 254 0.001012 0
921 199 973 254 0.001003 0
645 192 654 212 0.000998 0
560 177 579 216 0.000997 0
896 534 912 568 0.000995 0
911 342 929 398 0.000994 0
936 548 945 564 0.000993 0
690 190 726 249 0.000991 0
33 381 224 677 0.000989 0
708 320 728 346 0.000987 0
0 64 60 211 0.000984 0
784 326 809 344 0.000984 0
906 337 929 392 0.000982 0
1215 443 1224 466 0.000980 0
767 398 804 434 0.000979 0
32 435 68 572 0.000971 0
1135 444 1143 466 0.000962 0
1144 309 1182 357 0.000957 0
717 181 802 250 0.000954 0
799 696 816 703 0.000954 0
1042 410 1057 435 0.000952 0
768 190 794 233 0.000946 0
641 465 982 703 0.000942 0
521 425 552 456 0.000940 0
693 178 703 200 0.000940 0
727 352 734 369 0.000937 0
1045 410 1057 431 0.000936 0
1164 233 1175 248 0.000935 0
1016 336 1024 344 0.000930 0
908 337 928 391 0.000920 0
598 149 621 183 0.000915 0
533 200 552 217 0.000913 0
1032 374 1039 391 0.000911 0
906 337 926 391 0.000909 0
1231 458 1241 469 0.000898 0
222 183 231 200 0.000896 0
848 205 870 278 0.000892 0
974 363 1000 438 0.000892 0
692 341 704 353 0.000892 0
601 151 621 183 0.000885 0
1033 184 1065 231 0.000878 0
1041 546 1057 598 0.000874 0
823 199 856 241 0.000869 0
939 202 968 254 0.000867 0
910 202 934 248 0.000865 0
995 352 1024 406 0.000864 0
946 377 960 401 0.000859 0
1146 303 1170 343 0.000856 0
783 328 818 404 0.000854 0
732 325 743 340 0.000847 0
719 645 740 703 0.000841 0
772 398 804 436 0.000837 0
1056 486 1076 498 0.000836 0
39 438 97 510 0.000834 0
797 355 816 397 0.000832 0
720 318 735 329 0.000832 0
960 336 967 350 0.000829 0
1077 333 1091 359 0.000829 0
765 398 805 443 0.000827 0
56 425 100 487 0.000822 0
1019 637 1057 704 0.000822 0
528 424 599 456 0.000821 0
23 409 74 492 0.000821 0
782 241 842 346 0.000821 0
1215 453 1224 476 0.000820 0
1027 184 1048 211 0.000816 0
1229 193 1254 233 0.000815 0
1115 327 1146 344 0.000815 0
711 323 730 344 0.000805 0
465 199 478 271 0.000803 0
1036 503 1055 546 0.000803 0
990 186 1016 217 0.000801 0
772 198 847 275 0.000801 0
990 542 1008 568 0.000800 0
1204 167 1218 194 0.000795 0
1039 184 1049 199 0.000794 0
850 204 870 280 0.000793 0
802 319 819 343 0.000790 0
1165 229 1176 248 0.000789 0
1011 325 1024 344 0.000786 0
964 439 992 457 0.000780 0
799 355 811 378 0.000778 0
470 200 478 223 0.000778 0
1144 326 1168 344 0.000775 0
675 327 691 352 0.000773 0
800 359 816 397 0.000772 0
1260 197 1279 233 0.000772 0
926 370 945 405 0.000770 0
1124 64 1152 75 0.000768 0
1046 484 1056 505 0.000767 0
961 199 970 208 0.000763 0
1039 520 1057 555 0.000763 0
910 341 930 392 0.000760 0
910 340 928 392 0.000759 0
476 193 488 216 0.000758 0
799 359 815 391 0.000757 0
1221 448 1232 478 0.000755 0
671 316 681 329 0.000750 0
990 542 1009 563 0.000747 0
720 648 743 703 0.000746 0
896 326 904 343 0.000743 0
31 442 68 562 0.000743 0
972 545 992 573 0.000739 0
1071 332 1096 400 0.000736 0
979 618 1033 704 0.000734 0
688 329 701 347 0.000734 0
975 189 981 201 0.000731 0
961 338 967 352 0.000731 0
40 453 97 510 0.000727 0
1034 496 1057 567 0.000723 0
815 213 825 239 0.000721 0
724 354 736 373 0.000720 0
1035 202 1078 252 0.000720 0
1113 221 1128 242 0.000718 0
898 534 931 573 0.000713 0
1007 341 1024 396 0.000713 0
734 620 800 666 0.000710 0
775 321 786 342 0.000707 0
427 223 439 246 0.000705 0
970 369 994 448 0.000703 0
632 201 651 222 0.000700 0
1128 445 1134 456 0.000696 0
721 317 736 329 0.000695 0
911 374 928 411 0.000689 0
1151 448 1164 471 0.000688 0
35 415 69 492 0.000687 0
1222 461 1231 486 0.000686 0
1152 440 1158 448 0.000678 0
1064 191 1075 224 0.000677 0
573 180 581 200 0.000677 0
477 199 486 217 0.000677 0
1119 446 1136 488 0.000673 0
530 194 552 217 0.000670 0
1068 208 1100 235 0.000664 0
761 399 803 445 0.000663 0
1221 454 1232 489 0.000663 0
720 325 738 346 0.000662 0
1197 495 1213 509 0.000662 0
908 340 931 392 0.000657 0
1025 535 1057 599 0.000657 0
1180 160 1206 234 0.000655 0
200 208 208 225 0.000652 0
39 412 71 489 0.000652 0
697 172 737 246 0.000647 0
1207 451 1217 472 0.000646 0
776 330 785 343 0.000644 0
209 186 225 227 0.000643 0
951 344 960 364 0.000642 0
735 696 743 703 0.000642 0
1098 329 1105 344 0.000641 0
36 436 84 566 0.000641 0
960 413 977 454 0.000637 0
213 182 227 227 0.000636 0
1229 194 1279 267 0.000636 0
1006 543 1025 581 0.000627 0
1210 209 1244 268 0.000625 0
701 328 713 342 0.000623 0
1039 403 1056 434 0.000617 0
663 323 676 342 0.000617 0
803 365 815 397 0.000615 0
1151 442 1167 472 0.000612 0
1019 624 1057 700 0.000612 0
627 171 639 192 0.000611 0
878 322 886 342 0.000611 0
1151 442 1168 474 0.000608 0
973 176 986 191 0.000607 0
1119 440 1134 474 0.000607 0
33 295 236 679 0.000607 0
1151 446 1167 472 0.000606 0
862 215 872 236 0.000600 0
1176 351 1209 399 0.000594 0
683 190 803 271 0.000593 0
1022 478 1058 604 0.000593 0
1070 331 1088 345 0.000593 0
942 203 967 254 0.000593 0
1068 205 1087 235 0.000589 0
815 330 835 364 0.000587 0
1071 334 1089 408 0.000585 0
1 64 200 225 0.000584 0
1198 495 1231 512 0.000583 0
464 198 472 216 0.000582 0
1040 518 1056 545 0.000581 0
1248 633 1279 703 0.000580 0
465 201 473 222 0.000580 0
1221 444 1232 460 0.000580 0
1078 335 1092 361 0.000579 0
1077 189 1092 204 0.000578 0
466 202 478 251 0.000578 0
1120 393 1127 411 0.000578 0
773 398 804 432 0.000573 0
998 177 1011 200 0.000573 0
712 358 722 372 0.000569 0
973 414 992 451 0.000568 0
22 412 76 462 0.000568 0
968 421 991 456 0.000567 0
1073 333 1119 401 0.000565 0
1116 392 1127 410 0.000564 0
367 207 377 231 0.000564 0
853 216 873 242 0.000563 0
773 312 786 341 0.000562 0
991 359 1005 386 0.000560 0
910 389 930 431 0.000560 0
700 328 715 344 0.000558 0
987 541 1009 567 0.000558 0
1030 375 1039 392 0.000554 0
449 422 598 457 0.000554 0
1140 310 1169 341 0.000552 0
1100 327 1117 344 0.000551 0
944 546 992 581 0.000551 0
58 426 93 459 0.000550 0
868 332 882 342 0.000550 0
943 407 981 455 0.000547 0
199 210 208 226 0.000545 0
27 64 327 208 0.000545 0
896 532 913 568 0.000543 0
367 207 377 221 0.000543 0
1083 344 1107 403 0.000542 0
866 152 880 177 0.000542 0
703 323 724 355 0.000542 0
787 624 799 652 0.000541 0
635 189 654 214 0.000539 0
1106 312 1132 344 0.000539 0
700 326 725 378 0.000538 0
1179 353 1208 407 0.000537 0
1078 334 1096 360 0.000537 0
1216 408 1225 426 0.000535 0
1265 171 1279 242 0.000534 0
694 314 704 338 0.000534 0
978 371 991 402 0.000532 0
605 145 631 171 0.000530 0
907 335 922 344 0.000528 0
40 448 98 516 0.000526 0
1101 377 1127 411 0.000524 0
39 432 94 516 0.000520 0
911 342 990 430 0.000517 0
502 181 529 216 0.000517 0
799 360 810 377 0.000516 0
1071 334 1093 406 0.000514 0
855 314 864 336 0.000514 0
1041 534 1057 628 0.000512 0
1017 630 1057 704 0.000510 0
670 533 1048 703 0.000509 0
471 196 480 212 0.000508 0
1007 326 1023 345 0.000508 0
1039 328 1061 391 0.000505 0
1024 525 1057 615 0.000503 0
748 397 805 447 0.000502 0
687 328 701 345 0.000499 0
27 425 104 597 0.000498 0
972 542 1008 576 0.000497 0
1081 343 1119 402 0.000497 0
34 382 299 681 0.000493 0
157 204 171 248 0.000493 0
1040 406 1057 465 0.000493 0
1227 450 1262 512 0.000492 0
717 324 741 372 0.000492 0
465 201 477 248 0.000490 0
1008 431 1016 440 0.000489 0
1006 627 1057 703 0.000489 0
768 245 826 344 0.000487 0
719 331 734 374 0.000484 0
37 453 209 682 0.000484 0
688 329 704 353 0.000480 0
794 358 816 402 0.000480 0
705 307 749 333 0.000478 0
1106 312 1131 330 0.000477 0
1078 338 1115 403 0.000476 0
468 202 478 230 0.000475 0
1105 181 1121 203 0.000472 0
0 64 34 209 0.000471 0
1225 467 1259 511 0.000470 0
884 202 902 246 0.000470 0
1022 647 1042 703 0.000470 0
481 178 497 209 0.000467 0
1174 348 1191 392 0.000467 0
1000 541 1025 580 0.000466 0
906 335 924 376 0.000465 0
927 344 955 393 0.000465 0
977 539 1042 622 0.000464 0
38 397 89 457 0.000461 0
1077 200 1121 244 0.000460 0
689 309 703 331 0.000460 0
971 542 1007 581 0.000459 0
695 328 719 354 0.000459 0
1022 474 1059 679 0.000459 0
908 336 927 379 0.000457 0
965 538 1039 622 0.000456 0
931 347 990 432 0.000454 0
905 334 921 344 0.000453 0
0 64 39 208 0.000450 0
910 205 931 250 0.000450 0
1070 335 1090 393 0.000448 0
969 175 980 187 0.000447 0
1076 400 1088 410 0.000446 0
983 624 1033 703 0.000445 0
1042 403 1058 432 0.000445 0
1177 165 1202 220 0.000444 0
1072 384 1083 408 0.000443 0
465 202 477 251 0.000443 0
774 185 801 225 0.000441 0
985 181 1013 205 0.000440 0
1071 336 1091 408 0.000439 0
992 448 1009 468 0.000438 0
1119 458 1130 484 0.000437 0
895 328 903 343 0.000437 0
1038 394 1056 433 0.000435 0
316 197 334 231 0.000435 0
996 428 1010 443 0.000435 0
1135 487 1151 509 0.000432 0
1243 64 1279 94 0.000432 0
1118 439 1135 474 0.000430 0
40 451 75 490 0.000429 0
1046 183 1064 198 0.000428 0
653 198 661 216 0.000427 0
608 154 633 199 0.000425 0
1017 639 1055 703 0.000425 0
1039 334 1058 391 0.000423 0
1006 544 1026 585 0.000420 0
670 312 681 331 0.000420 0
853 318 863 337 0.000420 0
34 407 190 617 0.000419 0
567 201 577 215 0.000418 0
997 535 1050 623 0.000418 0
1103 392 1125 410 0.000417 0
708 325 733 346 0.000417 0
1148 342 1196 392 0.000417 0
866 205 895 239 0.000416 0
893 335 925 392 0.000415 0
937 423 962 440 0.000413 0
1262 64 1279 171 0.000413 0
781 315 797 341 0.000413 0
863 322 878 342 0.000413 0
1206 445 1218 476 0.000412 0
1023 540 1056 599 0.000409 0
0 64 31 208 0.000408 0
1087 357 1107 402 0.000407 0
1022 659 1041 703 0.000406 0
1263 64 1279 79 0.000405 0
0 64 59 230 0.000405 0
985 350 1008 388 0.000404 0
974 178 987 199 0.000404 0
1071 333 1089 401 0.000403 0
1039 185 1071 236 0.000403 0
1025 531 1057 633 0.000402 0
1023 485 1057 592 0.000400 0
766 319 780 343 0.000399 0
0 64 51 209 0.000399 0
56 424 95 457 0.000399 0
1039 410 1052 435 0.000399 0
923 346 945 395 0.000397 0
831 207 870 282 0.000395 0
1135 440 1149 460 0.000394 0
1148 339 1189 396 0.000394 0
56 64 354 207 0.000393 0
703 317 721 343 0.000393 0
812 209 830 237 0.000393 0
1027 375 1040 411 0.000391 0
1245 349 1264 390 0.000390 0
847 180 867 230 0.000390 0
221 191 245 246 0.000390 0
951 416 992 459 0.000389 0
850 219 872 281 0.000388 0
1181 355 1214 415 0.000386 0
1153 435 1168 458 0.000386 0
1050 184 1065 215 0.000386 0
719 345 735 379 0.000385 0
1022 380 1030 394 0.000385 0
898 326 919 344 0.000384 0
1118 438 1141 475 0.000383 0
4 64 296 219 0.000382 0
1231 475 1248 511 0.000381 0
157 64 265 229 0.000381 0
224 186 252 243 0.000379 0
1088 372 1104 402 0.000375 0
1071 333 1088 356 0.000374 0
1239 447 1248 456 0.000373 0
680 170 691 215 0.000373 0
898 535 932 588 0.000373 0
1171 329 1200 360 0.000371 0
691 340 706 360 0.000370 0
719 324 744 346 0.000369 0
266 196 274 212 0.000369 0
1110 445 1120 472 0.000368 0
894 334 924 381 0.000367 0
1055 368 1064 389 0.000367 0
1248 212 1279 242 0.000366 0
1070 186 1092 209 0.000366 0
1111 449 1121 477 0.000365 0
979 365 994 419 0.000364 0
1007 330 1019 345 0.000364 0
784 298 816 344 0.000363 0
1169 330 1199 360 0.000361 0
1024 539 1054 595 0.000360 0
245 194 256 214 0.000358 0
1247 346 1263 359 0.000356 0
895 273 910 305 0.000356 0
41 412 95 459 0.000356 0
1070 334 1089 397 0.000356 0
970 348 993 392 0.000356 0
385 197 397 206 0.000356 0
1087 369 1104 406 0.000355 0
959 436 990 457 0.000355 0
816 345 825 362 0.000355 0
879 316 887 337 0.000354 0
639 161 654 197 0.000354 0
784 619 799 649 0.000351 0
1019 536 1055 604 0.000350 0
596 149 614 170 0.000349 0
1150 343 1168 360 0.000348 0
1247 415 1254 428 0.000348 0
978 183 995 204 0.000347 0
686 316 697 334 0.000346 0
944 338 978 392 0.000346 0
305 64 637 204 0.000346 0
1247 420 1253 430 0.000344 0
635 160 658 205 0.000344 0
216 184 234 236 0.000343 0
942 543 992 567 0.000342 0
664 326 676 343 0.000342 0
1001 536 1052 605 0.000341 0
1248 504 1279 702 0.000340 0
1150 342 1193 395 0.000340 0
1156 329 1198 360 0.000339 0
766 243 816 346 0.000338 0
1072 397 1087 409 0.000338 0
1087 371 1102 401 0.000338 0
997 650 1042 703 0.000337 0
1147 335 1188 399 0.000336 0
732 626 774 665 0.000336 0
723 356 737 379 0.000336 0
1036 626 1057 694 0.000336 0
1024 488 1058 609 0.000335 0
877 327 886 342 0.000334 0
895 199 912 242 0.000334 0
266 200 273 220 0.000333 0
220 202 246 254 0.000333 0
898 433 1056 620 0.000332 0
773 619 799 664 0.000332 0
663 294 673 313 0.000332 0
994 628 1051 703 0.000331 0
1072 428 1083 444 0.000331 0
703 351 716 369 0.000331 0
1012 423 1024 439 0.000330 0
322 64 436 216 0.000329 0
1071 455 1088 471 0.000328 0
933 190 953 207 0.000327 0
928 343 958 382 0.000327 0
783 261 830 344 0.000327 0
1112 186 1134 207 0.000327 0
548 201 564 216 0.000326 0
110 64 460 204 0.000325 0
1215 472 1224 482 0.000323 0
1016 454 1041 493 0.000323 0
1036 481 1054 504 0.000323 0
1015 627 1057 703 0.000321 0
1081 345 1096 360 0.000321 0
661 314 680 342 0.000320 0
715 331 731 356 0.000320 0
1262 64 1279 77 0.000318 0
1185 523 1192 537 0.000318 0
800 380 816 403 0.000317 0
1040 634 1057 703 0.000317 0
1088 441 1104 472 0.000316 0
990 351 1008 388 0.000316 0
1230 64 1279 173 0.000316 0
1204 408 1216 424 0.000315 0
175 186 184 205 0.000315 0
1119 64 1153 77 0.000314 0
1078 402 1088 414 0.000313 0
1184 496 1200 510 0.000313 0
425 223 440 246 0.000312 0
1242 633 1279 703 0.000311 0
909 327 927 345 0.000310 0
991 644 1041 703 0.000309 0
1184 503 1197 512 0.000309 0
239 190 254 213 0.000309 0
1070 434 1087 457 0.000308 0
996 541 1026 582 0.000308 0
1129 333 1190 401 0.000307 0
1060 183 1077 226 0.000306 0
948 597 977 680 0.000306 0
1262 64 1279 91 0.000304 0
1025 377 1040 419 0.000303 0
31 452 61 563 0.000303 0
986 541 1025 580 0.000302 0
1088 373 1104 407 0.000301 0
1170 196 1181 220 0.000301 0
981 655 1010 703 0.000300 0
1230 626 1264 698 0.000299 0
0 64 72 210 0.000299 0
665 186 672 217 0.000298 0
576 359 590 378 0.000297 0
903 325 926 344 0.000297 0
878 407 887 415 0.000296 0
918 319 928 344 0.000296 0
730 624 775 664 0.000295 0
1182 356 1211 403 0.000295 0
1007 375 1040 434 0.000295 0
929 344 953 374 0.000295 0
1201 450 1218 494 0.000294 0
1151 446 1167 476 0.000294 0
1120 342 1137 362 0.000293 0
32 421 112 600 0.000293 0
1016 381 1030 405 0.000292 0
29 450 69 493 0.000291 0
1060 392 1075 427 0.000291 0
1026 473 1044 496 0.000290 0
57 396 70 413 0.000290 0
1075 170 1100 206 0.000287 0
426 223 440 242 0.000287 0
1039 631 1057 696 0.000287 0
1148 340 1186 402 0.000287 0
345 447 958 704 0.000287 0
1072 367 1089 412 0.000286 0
1137 490 1151 510 0.000285 0
575 277 599 297 0.000285 0
247 275 256 295 0.000285 0
1260 142 1279 182 0.000285 0
933 341 959 376 0.000285 0
1101 392 1125 409 0.000284 0
47 454 98 519 0.000284 0
648 318 658 331 0.000284 0
1250 492 1279 701 0.000283 0
982 641 1033 703 0.000283 0
1077 330 1108 346 0.000282 0
6 64 343 224 0.000282 0
784 347 816 404 0.000281 0
734 355 753 386 0.000281 0
575 351 592 378 0.000281 0
1213 368 1223 386 0.000280 0
982 173 1011 207 0.000279 0
720 648 749 702 0.000278 0
1200 455 1208 470 0.000277 0
588 174 602 185 0.000276 0
943 204 965 254 0.000275 0
986 351 1021 424 0.000274 0
691 329 720 369 0.000273 0
69 456 96 488 0.000273 0
1133 344 1145 359 0.000272 0
920 183 954 212 0.000272 0
820 319 849 344 0.000272 0
926 347 992 393 0.000272 0
760 418 791 446 0.000271 0
1076 426 1087 443 0.000271 0
823 523 977 703 0.000271 0
0 65 26 208 0.000270 0
917 421 935 431 0.000269 0
1111 377 1120 392 0.000269 0
887 200 919 244 0.000268 0
656 324 669 338 0.000267 0
1072 503 1081 512 0.000267 0
39 446 66 510 0.000267 0
1135 441 1153 473 0.000266 0
766 315 776 340 0.000266 0
606 147 635 172 0.000266 0
1229 64 1279 209 0.000266 0
1024 477 1048 546 0.000266 0
1145 310 1190 349 0.000265 0
39 452 67 507 0.000264 0
1039 520 1058 663 0.000264 0
1233 629 1279 703 0.000264 0
1010 317 1024 344 0.000263 0
1100 358 1120 393 0.000263 0
669 309 690 345 0.000263 0
881 319 895 343 0.000262 0
757 320 770 343 0.000262 0
772 311 787 338 0.000262 0
975 659 1008 703 0.000261 0
994 646 1044 703 0.000260 0
1125 337 1190 398 0.000260 0
1042 392 1062 430 0.000259 0
305 64 483 200 0.000258 0
896 533 933 621 0.000258 0
1070 432 1085 452 0.000258 0
991 375 1027 467 0.000258 0
864 332 882 376 0.000256 0
1095 392 1104 408 0.000255 0
978 183 997 206 0.000254 0
956 602 974 617 0.000254 0
1168 411 1177 423 0.000254 0
1177 379 1204 402 0.000253 0
856 226 873 279 0.000253 0
1071 455 1088 474 0.000253 0
1137 441 1152 465 0.000253 0
997 174 1017 203 0.000252 0
990 423 1026 469 0.000250 0
1023 484 1056 558 0.000250 0
0 64 55 200 0.000249 0
415 251 420 270 0.000249 0
654 200 661 216 0.000249 0
0 65 66 214 0.000249 0
766 331 779 343 0.000249 0
1140 338 1185 408 0.000249 0
335 64 453 215 0.000249 0
1009 662 1041 703 0.000249 0
107 64 349 174 0.000248 0
1218 406 1230 425 0.000247 0
1023 471 1038 504 0.000247 0
211 191 227 252 0.000247 0
1026 482 1045 506 0.000247 0
1092 373 1126 411 0.000246 0
159 64 262 215 0.000246 0
1038 358 1066 430 0.000246 0
1143 334 1198 360 0.000246 0
923 344 946 387 0.000246 0
1021 476 1062 687 0.000245 0
767 618 799 669 0.000245 0
100 64 322 199 0.000245 0
346 94 391 212 0.000244 0
1024 478 1056 545 0.000244 0
31 453 65 515 0.000244 0
1039 344 1058 391 0.000243 0
1148 371 1165 405 0.000243 0
1263 65 1279 82 0.000243 0
990 376 1021 446 0.000243 0
1119 338 1136 390 0.000242 0
719 359 732 381 0.000242 0
684 217 705 278 0.000242 0
29 455 66 509 0.000241 0
1199 368 1227 410 0.000241 0
1119 64 1135 77 0.000241 0
885 316 894 330 0.000240 0
306 65 441 199 0.000240 0
684 304 702 338 0.000240 0
668 191 813 279 0.000240 0
331 184 342 199 0.000239 0
521 426 572 456 0.000239 0
1016 64 1150 157 0.000237 0
1037 394 1051 415 0.000237 0
1010 537 1056 613 0.000237 0
1071 334 1119 419 0.000236 0
31 442 80 556 0.000236 0
978 683 1005 703 0.000236 0
898 340 917 392 0.000235 0
729 621 801 665 0.000235 0
800 267 852 346 0.000235 0
849 303 864 339 0.000234 0
576 354 592 378 0.000234 0
999 540 1052 604 0.000233 0
671 326 688 351 0.000233 0
1069 435 1088 471 0.000232 0
1231 633 1250 699 0.000232 0
1263 73 1279 175 0.000231 0
790 365 817 404 0.000230 0
1141 385 1181 408 0.000230 0
1009 338 1024 361 0.000229 0
664 294 673 318 0.000229 0
1038 370 1056 425 0.000229 0
1151 445 1168 478 0.000228 0
0 64 99 208 0.000228 0
800 660 816 680 0.000228 0
13 64 281 208 0.000227 0
1051 390 1067 423 0.000227 0
323 64 437 189 0.000227 0
899 406 912 424 0.000226 0
450 422 600 476 0.000226 0
1150 344 1168 360 0.000226 0
78 64 481 238 0.000225 0
894 269 924 344 0.000225 0
1052 391 1066 425 0.000225 0
1216 408 1226 432 0.000225 0
31 496 63 556 0.000224 0
928 312 945 345 0.000224 0
1044 337 1056 352 0.000224 0
1128 499 1136 510 0.000224 0
767 632 799 666 0.000223 0
767 243 811 337 0.000223 0
131 432 160 456 0.000223 0
1038 646 1057 703 0.000222 0
1140 321 1174 361 0.000222 0
1043 483 1056 546 0.000222 0
640 165 659 201 0.000222 0
174 185 184 206 0.000222 0
1088 443 1104 486 0.000222 0
738 360 752 384 0.000222 0
980 644 1025 703 0.000221 0
343 173 353 199 0.000221 0
582 151 791 247 0.000220 0
1222 624 1253 698 0.000219 0
1052 343 1068 391 0.000219 0
893 530 938 631 0.000219 0
543 425 599 456 0.000219 0
319 201 335 230 0.000218 0
1247 542 1279 702 0.000218 0
708 311 748 337 0.000217 0
944 328 954 343 0.000217 0
1035 478 1055 493 0.000217 0
26 64 380 227 0.000217 0
1020 373 1040 432 0.000215 0
1179 383 1215 417 0.000215 0
267 292 295 304 0.000214 0
1141 389 1156 408 0.000213 0
1017 467 1058 604 0.000213 0
99 64 526 248 0.000212 0
1156 425 1168 443 0.000211 0
119 64 497 202 0.000211 0
1253 487 1279 702 0.000210 0
865 204 898 242 0.000209 0
1010 64 1129 157 0.000208 0
963 399 1019 460 0.000208 0
902 288 931 345 0.000208 0
1037 172 1049 193 0.000207 0
931 342 946 371 0.000207 0
953 205 989 254 0.000207 0
1166 357 1184 394 0.000207 0
947 331 960 346 0.000206 0
918 309 929 344 0.000206 0
1154 344 1194 362 0.000205 0
575 276 596 298 0.000205 0
991 457 1005 472 0.000205 0
808 261 835 344 0.000204 0
1103 601 1112 614 0.000204 0
1013 380 1039 425 0.000204 0
490 183 530 260 0.000203 0
681 180 698 215 0.000203 0
807 316 831 344 0.000203 0
896 338 924 392 0.000202 0
1120 396 1127 415 0.000202 0
132 432 166 456 0.000202 0
114 64 435 190 0.000202 0
937 423 961 439 0.000202 0
129 435 160 463 0.000202 0
122 64 262 214 0.000202 0
912 411 989 460 0.000201 0
1182 353 1209 390 0.000201 0
1066 463 1082 496 0.000201 0
1153 376 1212 409 0.000201 0
950 206 974 253 0.000201 0
1199 455 1209 483 0.000201 0
492 192 521 251 0.000200 0
1156 379 1177 397 0.000200 0
892 327 923 374 0.000200 0
1016 182 1038 214 0.000200 0
1023 326 1033 343 0.000200 0
1111 442 1120 470 0.000200 0
1040 328 1074 392 0.000199 0
1050 399 1090 470 0.000199 0
1256 65 1279 246 0.000199 0
845 208 869 282 0.000198 0
1039 338 1058 391 0.000198 0
959 652 1013 703 0.000198 0
1042 182 1064 201 0.000197 0
300 64 580 201 0.000197 0
953 205 976 253 0.000196 0
48 398 69 417 0.000196 0
39 392 96 462 0.000196 0
0 67 21 208 0.000196 0
1027 359 1039 391 0.000196 0
576 358 592 378 0.000196 0
1120 313 1160 344 0.000196 0
800 517 974 703 0.000196 0
1023 481 1054 546 0.000195 0
316 64 434 192 0.000195 0
880 538 979 702 0.000194 0
1204 242 1241 271 0.000194 0
1076 380 1126 472 0.000192 0
978 642 1018 703 0.000192 0
375 186 386 201 0.000192 0
199 185 228 250 0.000192 0
268 197 279 216 0.000191 0
1231 638 1248 698 0.000191 0
193 186 202 213 0.000191 0
344 65 440 220 0.000190 0
1037 492 1057 548 0.000189 0
847 226 858 245 0.000189 0
934 344 956 379 0.000189 0
905 340 981 431 0.000189 0
720 648 739 702 0.000189 0
866 310 888 342 0.000189 0
1072 334 1119 395 0.000189 0
848 309 864 340 0.000189 0
1263 366 1279 430 0.000187 0
1239 65 1279 275 0.000186 0
720 371 730 382 0.000185 0
1001 335 1024 403 0.000185 0
972 171 992 204 0.000185 0
773 618 799 670 0.000185 0
129 433 170 459 0.000184 0
896 267 933 345 0.000184 0
789 239 834 341 0.000184 0
31 479 65 562 0.000184 0
1260 127 1279 184 0.000183 0
942 341 993 392 0.000183 0
1112 326 1146 366 0.000183 0
848 268 853 281 0.000182 0
912 342 948 385 0.000182 0
788 186 876 282 0.000182 0
1217 406 1231 427 0.000182 0
996 540 1052 596 0.000182 0
449 440 525 452 0.000182 0
1059 182 1077 220 0.000181 0
1254 633 1279 703 0.000181 0
895 337 920 422 0.000180 0
767 272 844 349 0.000179 0
735 695 768 703 0.000179 0
41 392 83 455 0.000179 0
1070 438 1089 473 0.000179 0
1009 380 1040 442 0.000179 0
1021 486 1056 597 0.000177 0
828 281 849 299 0.000177 0
1013 453 1057 605 0.000177 0
904 178 954 219 0.000177 0
1079 371 1105 419 0.000176 0
1048 391 1070 428 0.000175 0
1007 622 1041 655 0.000175 0
762 695 815 703 0.000175 0
1240 65 1279 174 0.000175 0
1142 376 1158 407 0.000175 0
1215 440 1225 456 0.000175 0
1218 477 1232 489 0.000175 0
1230 342 1264 410 0.000174 0
1157 423 1168 442 0.000174 0
674 304 690 340 0.000174 0
1023 472 1058 593 0.000174 0
895 295 912 344 0.000173 0
463 430 558 456 0.000173 0
907 270 936 345 0.000173 0
991 281 1007 312 0.000172 0
720 648 752 701 0.000172 0
68 174 76 201 0.000172 0
1251 64 1279 93 0.000172 0
980 674 1010 703 0.000172 0
976 622 1020 703 0.000171 0
880 546 1033 702 0.000171 0
31 498 64 570 0.000171 0
933 417 993 458 0.000170 0
760 229 791 279 0.000169 0
847 296 864 340 0.000169 0
754 315 768 331 0.000169 0
1024 390 1041 433 0.000168 0
942 330 953 344 0.000168 0
254 65 328 191 0.000167 0
812 537 979 703 0.000167 0
1085 313 1119 345 0.000166 0
128 435 159 471 0.000166 0
1058 389 1073 424 0.000166 0
1031 64 1155 220 0.000166 0
767 696 817 703 0.000166 0
33 64 504 293 0.000165 0
142 64 260 184 0.000165 0
1140 392 1155 408 0.000164 0
520 425 599 469 0.000164 0
128 434 169 471 0.000163 0
1041 391 1074 434 0.000163 0
901 434 1053 547 0.000163 0
154 66 271 239 0.000163 0
711 357 724 375 0.000163 0
0 155 7 204 0.000163 0
1001 671 1031 703 0.000162 0
575 343 589 370 0.000162 0
818 287 850 345 0.000162 0
1258 633 1279 703 0.000162 0
705 308 756 331 0.000162 0
69 177 79 199 0.000162 0
1264 68 1279 179 0.000162 0
1136 480 1153 509 0.000162 0
896 340 918 419 0.000160 0
838 495 850 503 0.000160 0
1114 326 1153 360 0.000160 0
255 64 326 174 0.000160 0
763 249 806 346 0.000160 0
894 268 914 343 0.000159 0
897 534 942 602 0.000159 0
1060 394 1076 428 0.000159 0
1 64 126 207 0.000158 0
719 645 752 702 0.000158 0
1152 495 1184 510 0.000158 0
896 526 912 567 0.000158 0
859 226 871 273 0.000157 0
719 645 770 701 0.000157 0
751 359 761 377 0.000156 0
1167 456 1184 479 0.000156 0
194 187 205 218 0.000156 0
484 197 522 250 0.000156 0
1123 340 1179 394 0.000155 0
129 431 160 457 0.000154 0
1014 392 1042 465 0.000154 0
1142 358 1158 393 0.000154 0
196 196 209 226 0.000154 0
940 581 978 676 0.000153 0
192 186 204 217 0.000153 0
952 685 1007 703 0.000152 0
799 645 816 683 0.000152 0
383 185 401 206 0.000152 0
927 305 944 344 0.000152 0
991 465 1058 689 0.000152 0
1121 340 1185 391 0.000151 0
53 64 127 167 0.000151 0
1112 439 1156 493 0.000151 0
1156 386 1182 423 0.000151 0
1063 393 1092 426 0.000150 0
991 283 1004 310 0.000150 0
854 208 899 279 0.000150 0
573 439 599 456 0.000150 0
314 190 336 231 0.000149 0
749 365 776 415 0.000149 0
1263 534 1279 645 0.000149 0
575 342 591 361 0.000149 0
750 361 762 384 0.000148 0
581 439 599 456 0.000148 0
652 320 666 337 0.000148 0
1067 401 1091 426 0.000148 0
1102 359 1120 383 0.000148 0
1084 387 1127 471 0.000147 0
912 282 946 346 0.000147 0
31 496 56 540 0.000147 0
1077 325 1123 361 0.000147 0
870 548 981 702 0.000146 0
1019 64 1166 203 0.000146 0
126 433 191 472 0.000146 0
1007 311 1023 345 0.000146 0
726 619 802 687 0.000146 0
1027 359 1039 387 0.000146 0
1264 637 1279 703 0.000145 0
907 418 934 434 0.000145 0
1038 64 1164 225 0.000145 0
1021 518 1057 660 0.000145 0
472 431 490 440 0.000145 0
157 203 176 259 0.000145 0
1067 383 1103 426 0.000145 0
647 320 660 336 0.000144 0
897 306 913 343 0.000144 0
601 440 623 456 0.000144 0
0 64 55 299 0.000144 0
994 64 1087 202 0.000144 0
1139 377 1203 409 0.000144 0
734 678 768 703 0.000144 0
256 64 321 149 0.000144 0
652 636 788 703 0.000143 0
896 535 926 595 0.000143 0
1213 380 1265 430 0.000142 0
1263 528 1279 641 0.000142 0
898 530 951 627 0.000142 0
664 290 701 340 0.000141 0
5 64 182 85 0.000141 0
1119 339 1137 381 0.000141 0
1226 64 1279 258 0.000141 0
1087 455 1099 471 0.000141 0
962 177 993 209 0.000141 0
1232 622 1279 702 0.000141 0
37 414 138 547 0.000140 0
846 168 1075 272 0.000140 0
716 336 755 387 0.000140 0
1219 354 1280 437 0.000140 0
721 623 792 681 0.000139 0
895 366 907 418 0.000139 0
778 312 794 336 0.000139 0
0 175 7 204 0.000138 0
742 346 785 416 0.000138 0
910 305 946 346 0.000138 0
668 611 1045 704 0.000138 0
1148 377 1216 424 0.000138 0
1136 440 1153 463 0.000138 0
976 326 991 342 0.000138 0
1002 520 1053 594 0.000138 0
0 149 7 203 0.000138 0
1009 620 1055 669 0.000137 0
1023 478 1045 535 0.000137 0
782 327 811 359 0.000137 0
661 293 687 345 0.000137 0
726 623 772 665 0.000137 0
1012 622 1042 653 0.000137 0
719 340 753 390 0.000136 0
159 64 261 188 0.000136 0
406 249 416 272 0.000136 0
45 467 129 596 0.000136 0
949 594 977 690 0.000136 0
1135 342 1168 362 0.000136 0
2 64 138 184 0.000135 0
1039 326 1089 393 0.000135 0
947 207 974 254 0.000134 0
247 274 256 297 0.000134 0
1253 631 1264 649 0.000134 0
1009 397 1040 461 0.000134 0
808 170 817 191 0.000133 0
948 517 1045 596 0.000133 0
894 348 921 425 0.000133 0
1051 417 1089 470 0.000133 0
575 340 592 379 0.000132 0
993 345 1041 462 0.000132 0
155 65 298 230 0.000132 0
1214 353 1267 421 0.000132 0
746 407 808 459 0.000132 0
192 187 208 222 0.000132 0
1115 437 1140 502 0.000132 0
1089 489 1118 532 0.000132 0
933 328 944 348 0.000131 0
1234 342 1280 413 0.000131 0
962 187 1026 256 0.000131 0
892 339 919 394 0.000131 0
1183 363 1265 426 0.000130 0
734 629 752 650 0.000130 0
1142 377 1214 412 0.000130 0
905 64 944 121 0.000130 0
972 506 1054 604 0.000129 0
1026 336 1040 385 0.000129 0
105 64 262 185 0.000129 0
1058 279 1071 295 0.000129 0
132 431 162 456 0.000129 0
10 64 126 193 0.000129 0
1084 391 1124 477 0.000129 0
632 201 658 223 0.000129 0
1097 64 1280 273 0.000128 0
46 64 130 199 0.000128 0
328 64 495 209 0.000128 0
72 64 163 77 0.000128 0
950 569 1027 687 0.000128 0
258 274 275 297 0.000127 0
989 668 1028 703 0.000127 0
1017 64 1158 170 0.000127 0
648 654 838 703 0.000127 0
895 265 913 333 0.000127 0
255 64 342 199 0.000127 0
717 338 763 393 0.000127 0
574 423 598 455 0.000127 0
588 165 604 184 0.000127 0
1049 384 1121 472 0.000127 0
57 64 135 195 0.000126 0
32 497 54 522 0.000126 0
880 325 897 347 0.000126 0
153 70 217 220 0.000126 0
5 64 130 176 0.000126 0
1139 375 1212 409 0.000125 0
1167 327 1185 341 0.000125 0
1102 375 1117 394 0.000125 0
962 169 992 208 0.000125 0
752 191 793 234 0.000125 0
160 64 272 207 0.000125 0
758 330 771 344 0.000125 0
1267 633 1279 698 0.000125 0
268 197 279 222 0.000124 0
40 64 167 78 0.000124 0
607 326 619 335 0.000124 0
960 335 977 346 0.000124 0
47 451 96 545 0.000124 0
809 176 967 290 0.000124 0
1210 343 1280 426 0.000124 0
893 533 930 626 0.000124 0
499 170 579 273 0.000123 0
801 400 832 419 0.000123 0
269 223 292 294 0.000123 0
1086 457 1095 472 0.000123 0
748 356 787 420 0.000123 0
734 401 803 453 0.000123 0
59 456 97 507 0.000122 0
731 362 784 432 0.000122 0
991 450 1013 473 0.000122 0
974 624 1011 703 0.000122 0
153 184 184 207 0.000122 0
1022 360 1039 392 0.000122 0
971 171 1029 251 0.000121 0
110 201 127 253 0.000121 0
1229 64 1279 225 0.000121 0
1033 224 1072 296 0.000121 0
895 354 906 417 0.000121 0
1146 302 1198 344 0.000121 0
847 271 865 339 0.000121 0
1118 301 1156 342 0.000120 0
1274 160 1279 178 0.000120 0
738 623 801 686 0.000120 0
739 416 804 458 0.000120 0
940 583 978 687 0.000120 0
756 292 768 304 0.000120 0
1071 172 1096 210 0.000119 0
488 333 497 345 0.000119 0
766 621 800 683 0.000119 0
996 577 1039 607 0.000119 0
1082 326 1151 361 0.000119 0
991 283 1006 313 0.000119 0
395 152 595 278 0.000118 0
1038 400 1057 465 0.000118 0
32 467 72 557 0.000118 0
35 406 181 608 0.000118 0
731 622 790 655 0.000118 0
935 423 989 456 0.000118 0
900 445 1059 645 0.000117 0
1248 364 1270 430 0.000117 0
1231 407 1249 428 0.000117 0
720 355 745 393 0.000117 0
786 312 806 341 0.000116 0
926 432 942 447 0.000116 0
0 144 8 203 0.000116 0
649 178 666 216 0.000116 0
1108 360 1119 374 0.000116 0
544 64 653 217 0.000116 0
1234 64 1280 94 0.000115 0
1037 393 1085 471 0.000115 0
681 335 706 360 0.000115 0
819 692 838 703 0.000115 0
666 629 810 703 0.000114 0
1059 395 1086 435 0.000114 0
720 623 776 687 0.000114 0
752 384 805 437 0.000114 0
1271 670 1279 703 0.000114 0
761 628 801 700 0.000114 0
734 626 762 650 0.000114 0
830 299 849 344 0.000113 0
279 64 437 200 0.000113 0
1138 306 1201 406 0.000113 0
417 437 431 449 0.000113 0
470 188 481 206 0.000113 0
1039 389 1073 464 0.000113 0
1108 325 1146 361 0.000112 0
1167 455 1186 473 0.000112 0
706 696 736 703 0.000112 0
225 67 332 211 0.000112 0
256 64 367 191 0.000112 0
405 182 632 304 0.000112 0
1263 367 1279 413 0.000112 0
98 64 221 208 0.000111 0
786 500 989 702 0.000111 0
904 338 948 379 0.000111 0
670 299 760 342 0.000111 0
741 396 803 450 0.000111 0
312 64 439 218 0.000111 0
34 64 127 206 0.000111 0
1271 659 1279 703 0.000111 0
717 329 755 372 0.000110 0
1227 347 1263 416 0.000110 0
363 207 378 232 0.000110 0
1059 378 1129 456 0.000110 0
558 424 589 441 0.000110 0
1112 207 1137 230 0.000110 0
905 443 1055 547 0.000110 0
722 355 776 419 0.000110 0
929 461 1058 700 0.000110 0
219 176 251 233 0.000110 0
638 314 654 329 0.000109 0
37 64 136 213 0.000109 0
288 64 469 159 0.000109 0
894 266 921 326 0.000109 0
1087 401 1116 475 0.000109 0
767 246 801 329 0.000109 0
543 64 593 217 0.000108 0
975 327 990 343 0.000108 0
720 637 785 701 0.000108 0
662 635 680 666 0.000107 0
624 455 633 465 0.000107 0
56 426 105 472 0.000107 0
1080 389 1114 424 0.000106 0
1236 564 1279 701 0.000106 0
887 401 913 426 0.000106 0
1184 517 1193 536 0.000106 0
1112 185 1140 212 0.000106 0
665 288 708 345 0.000106 0
691 339 718 371 0.000106 0
137 432 185 456 0.000106 0
945 564 980 617 0.000105 0
1135 381 1205 433 0.000105 0
910 178 942 199 0.000105 0
46 64 148 205 0.000105 0
733 693 823 703 0.000105 0
591 148 609 183 0.000104 0
543 64 591 200 0.000104 0
977 180 1191 253 0.000104 0
954 64 1062 197 0.000104 0
720 348 805 458 0.000104 0
1048 364 1066 392 0.000104 0
1053 341 1073 388 0.000104 0
1 64 77 188 0.000104 0
909 66 945 120 0.000103 0
345 64 487 97 0.000103 0
264 193 274 206 0.000103 0
1231 334 1264 413 0.000103 0
1263 364 1279 411 0.000103 0
567 424 597 442 0.000102 0
863 306 877 341 0.000102 0
1098 487 1120 533 0.000102 0
719 633 781 696 0.000102 0
729 206 797 279 0.000102 0
975 329 992 344 0.000102 0
291 195 323 296 0.000102 0
1021 425 1040 460 0.000102 0
1039 374 1054 404 0.000102 0
878 325 902 374 0.000102 0
572 425 599 456 0.000102 0
723 624 768 672 0.000101 0
1266 629 1279 689 0.000101 0
1022 476 1072 657 0.000101 0
760 353 785 413 0.000101 0
662 635 682 678 0.000101 0
903 315 948 358 0.000100 0
744 336 805 416 0.000100 0
1258 91 1279 176 0.000100 0
1061 229 1072 281 0.000100 0
678 211 738 258 0.824220 1
991 224 1051 269 0.601497 1
766 240 831 281 0.580251 1
766 247 829 281 0.351468 1
766 250 830 280 0.272337 1
679 217 738 258 0.266614 1
765 244 830 281 0.240481 1
990 227 1050 270 0.116880 1
990 227 1019 269 0.072206 1
991 228 1039 270 0.068660 1
992 230 1019 266 0.066931 1
992 228 1020 268 0.066029 1
992 229 1023 268 0.055630 1
776 238 829 280 0.052174 1
991 228 1022 269 0.048565 1
926 273 960 303 0.036184 1
994 229 1024 266 0.029354 1
781 240 831 280 0.024598 1
990 230 1052 270 0.020332 1
797 239 831 280 0.019444 1
767 253 791 280 0.017959 1
991 230 1019 270 0.017745 1
756 240 831 282 0.017164 1
509 243 523 262 0.016830 1
765 250 792 279 0.014845 1
775 215 825 280 0.014259 1
949 274 960 302 0.013696 1
794 234 824 280 0.013060 1
762 254 790 280 0.012902 1
767 247 794 279 0.011588 1
507 237 524 262 0.010714 1
775 213 823 281 0.010372 1
509 241 526 263 0.010338 1
990 226 1051 267 0.010323 1
985 212 1050 265 0.009750 1
766 248 830 292 0.008322 1
976 224 1018 266 0.008271 1
678 212 726 257 0.007286 1
705 222 738 258 0.007000 1
978 216 1052 268 0.006587 1
805 239 827 280 0.006305 1
981 210 1022 263 0.006253 1
758 256 787 280 0.006027 1
709 223 738 258 0.005986 1
804 240 832 280 0.005854 1
509 242 525 263 0.005846 1
767 220 814 280 0.005804 1
990 230 1014 270 0.005391 1
759 251 789 279 0.004647 1
926 271 960 310 0.004580 1
977 227 1018 268 0.004578 1
758 259 786 280 0.004472 1
678 209 712 256 0.004464 1
505 240 524 263 0.004450 1
948 273 960 303 0.004178 1
768 250 831 301 0.003979 1
688 209 715 255 0.003760 1
690 207 715 246 0.003707 1
769 243 831 297 0.003463 1
1005 217 1034 265 0.003367 1
925 270 958 300 0.003283 1
509 201 531 261 0.003143 1
978 221 1004 263 0.002995 1
849 232 892 285 0.002891 1
864 263 893 285 0.002683 1
864 248 893 285 0.002667 1
894 266 918 298 0.002603 1
907 270 960 305 0.002556 1
721 215 739 240 0.002546 1
1053 217 1082 252 0.002542 1
891 260 928 298 0.002457 1
769 239 829 280 0.002341 1
767 251 831 315 0.002324 1
805 244 832 280 0.002179 1
1066 211 1091 242 0.002162 1
1001 231 1051 266 0.002137 1
894 266 914 300 0.002105 1
765 251 830 291 0.002079 1
865 247 918 288 0.002058 1
799 246 830 298 0.002030 1
870 262 909 288 0.001956 1
865 254 893 285 0.001882 1
927 229 945 253 0.001805 1
926 272 944 302 0.001782 1
806 252 832 280 0.001780 1
864 246 890 282 0.001712 1
926 273 944 312 0.001711 1
678 219 725 258 0.001606 1
865 247 892 282 0.001570 1
926 272 945 298 0.001567 1
895 266 911 298 0.001557 1
863 262 894 297 0.001555 1
862 231 921 290 0.001546 1
700 221 738 258 0.001540 1
1069 212 1093 234 0.001492 1
1056 209 1091 246 0.001486 1
1044 219 1088 260 0.001484 1
1023 233 1051 266 0.001472 1
1048 219 1064 237 0.001464 1
1113 221 1134 249 0.001458 1
861 263 891 285 0.001435 1
678 214 712 257 0.001419 1
801 229 825 274 0.001410 1
875 264 965 304 0.001403 1
1113 221 1134 251 0.001367 1
921 270 961 315 0.001335 1
1031 228 1069 263 0.001334 1
867 264 894 288 0.001320 1
759 211 767 232 0.001318 1
805 237 836 280 0.001283 1
909 266 927 297 0.001273 1
920 249 970 303 0.001269 1
714 225 738 258 0.001259 1
910 267 928 297 0.001253 1
694 202 718 238 0.001230 1
932 242 946 253 0.001227 1
894 266 912 303 0.001208 1
860 216 913 283 0.001203 1
894 265 910 293 0.001173 1
684 203 699 227 0.001171 1
853 227 888 282 0.001169 1
523 234 535 248 0.001167 1
18 231 63 258 0.001155 1
681 196 692 215 0.001148 1
505 239 520 257 0.001148 1
798 250 832 297 0.001131 1
868 257 940 301 0.001107 1
647 218 870 300 0.001105 1
21 225 68 257 0.001100 1
523 222 536 248 0.001094 1
877 264 912 291 0.001067 1
691 199 726 255 0.001062 1
681 200 691 216 0.001058 1
758 206 778 233 0.001042 1
895 267 913 303 0.001041 1
980 209 999 255 0.001033 1
21 231 70 258 0.001020 1
671 202 904 270 0.001013 1
682 196 693 215 0.000989 1
760 214 768 233 0.000968 1
910 271 930 296 0.000908 1
726 212 743 238 0.000890 1
909 270 927 296 0.000869 1
863 252 935 297 0.000866 1
860 213 921 285 0.000862 1
909 270 944 312 0.000861 1
973 206 987 223 0.000844 1
765 208 775 233 0.000820 1
758 252 832 293 0.000785 1
682 208 706 246 0.000764 1
970 226 999 261 0.000760 1
640 261 1051 456 0.000755 1
758 198 873 278 0.000727 1
805 253 831 298 0.000723 1
508 239 546 262 0.000705 1
1042 228 1072 264 0.000698 1
926 279 944 312 0.000685 1
864 234 1018 296 0.000678 1
862 221 888 280 0.000677 1
848 262 891 297 0.000674 1
19 226 79 256 0.000668 1
669 207 678 229 0.000663 1
871 206 1051 283 0.000654 1
864 238 1005 299 0.000638 1
909 261 926 296 0.000637 1
765 239 831 308 0.000635 1
759 206 901 281 0.000627 1
1205 249 1238 269 0.000623 1
678 225 701 256 0.000622 1
13 231 48 258 0.000620 1
508 243 526 269 0.000620 1
23 226 98 257 0.000615 1
751 213 761 232 0.000611 1
674 206 699 234 0.000608 1
21 226 75 256 0.000604 1
22 221 65 256 0.000595 1
752 213 762 232 0.000593 1
924 271 961 313 0.000593 1
427 190 953 465 0.000592 1
909 274 924 296 0.000587 1
726 221 742 240 0.000585 1
678 219 701 246 0.000560 1
46 237 71 256 0.000559 1
894 264 909 288 0.000557 1
575 276 598 298 0.000548 1
1199 253 1228 274 0.000546 1
973 210 986 226 0.000546 1
750 206 776 233 0.000542 1
864 238 927 292 0.000541 1
909 261 928 296 0.000537 1
753 254 813 293 0.000535 1
670 207 679 230 0.000529 1
847 259 887 292 0.000523 1
860 239 941 296 0.000522 1
678 230 694 257 0.000516 1
1068 202 1100 235 0.000515 1
39 235 99 257 0.000514 1
983 231 1010 269 0.000513 1
1202 253 1238 274 0.000511 1
21 231 42 254 0.000511 1
865 216 1004 301 0.000511 1
20 231 42 256 0.000509 1
857 252 909 295 0.000500 1
44 236 81 256 0.000496 1
1038 233 1069 265 0.000486 1
639 267 958 439 0.000485 1
881 265 913 302 0.000480 1
906 248 1030 305 0.000461 1
931 243 959 255 0.000457 1
640 264 1020 431 0.000439 1
44 236 93 256 0.000423 1
949 274 967 302 0.000423 1
547 200 573 216 0.000421 1
46 236 72 255 0.000414 1
902 206 994 260 0.000413 1
759 229 926 299 0.000413 1
22 230 42 247 0.000399 1
922 271 961 319 0.000398 1
660 189 693 227 0.000385 1
893 264 933 306 0.000379 1
1084 217 1097 233 0.000376 1
18 228 84 258 0.000375 1
21 229 42 249 0.000372 1
20 218 54 251 0.000370 1
848 241 884 284 0.000367 1
41 235 103 258 0.000366 1
678 220 701 257 0.000362 1
767 250 820 318 0.000358 1
44 236 71 256 0.000357 1
603 214 950 450 0.000350 1
47 239 67 256 0.000339 1
22 223 73 253 0.000331 1
905 256 953 299 0.000329 1
20 223 86 255 0.000329 1
897 270 942 311 0.000327 1
753 259 783 280 0.000320 1
867 235 945 297 0.000318 1
669 208 682 231 0.000317 1
337 157 941 492 0.000316 1
758 246 959 345 0.000315 1
575 275 599 299 0.000314 1
879 210 1027 302 0.000311 1
777 196 890 284 0.000311 1
867 267 898 297 0.000309 1
727 202 745 235 0.000305 1
643 258 1037 428 0.000295 1
132 236 192 263 0.000294 1
895 270 913 306 0.000294 1
971 236 995 262 0.000281 1
678 199 733 253 0.000281 1
955 237 994 260 0.000278 1
885 220 1049 306 0.000277 1
924 261 953 301 0.000274 1
521 234 545 257 0.000271 1
728 213 753 235 0.000262 1
516 193 536 219 0.000260 1
950 247 985 258 0.000257 1
508 243 528 274 0.000253 1
740 220 1004 295 0.000253 1
645 187 1026 441 0.000252 1
667 238 833 338 0.000251 1
717 210 784 242 0.000245 1
10 219 47 256 0.000240 1
913 214 944 253 0.000239 1
994 228 1054 274 0.000234 1
912 268 1013 310 0.000233 1
0 233 69 281 0.000232 1
507 240 542 279 0.000229 1
813 258 832 299 0.000226 1
969 229 992 257 0.000221 1
205 209 249 264 0.000218 1
676 208 818 261 0.000215 1
864 187 985 264 0.000211 1
19 227 101 258 0.000208 1
507 240 552 273 0.000204 1
675 215 742 288 0.000203 1
657 211 741 260 0.000202 1
908 268 943 319 0.000201 1
755 257 792 302 0.000199 1
19 224 95 259 0.000198 1
659 234 895 420 0.000194 1
848 225 904 292 0.000191 1
1049 225 1077 267 0.000185 1
658 260 737 285 0.000185 1
672 209 829 289 0.000182 1
724 201 755 235 0.000179 1
759 238 831 322 0.000177 1
814 255 833 299 0.000175 1
727 212 753 234 0.000173 1
0 234 62 282 0.000173 1
920 257 969 303 0.000171 1
44 225 100 256 0.000169 1
516 267 956 442 0.000167 1
780 193 1262 348 0.000165 1
756 213 913 306 0.000164 1
851 263 883 297 0.000163 1
25 224 95 250 0.000163 1
667 200 722 250 0.000162 1
1012 276 1067 295 0.000162 1
807 234 856 281 0.000159 1
812 234 860 285 0.000156 1
513 244 550 260 0.000155 1
400 166 859 436 0.000153 1
679 221 712 272 0.000153 1
753 265 775 280 0.000149 1
1022 223 1074 285 0.000149 1
2 232 74 281 0.000149 1
676 206 805 254 0.000148 1
866 271 881 297 0.000146 1
209 233 250 264 0.000144 1
975 226 1042 298 0.000142 1
863 204 908 273 0.000141 1
0 234 43 259 0.000139 1
575 275 599 301 0.000135 1
983 229 1057 296 0.000134 1
989 227 1061 296 0.000132 1
715 220 746 256 0.000130 1
908 243 989 265 0.000128 1
945 207 977 255 0.000128 1
871 264 962 339 0.000126 1
978 227 1057 297 0.000126 1
858 177 994 284 0.000126 1
733 232 788 280 0.000126 1
655 203 809 310 0.000125 1
844 176 986 297 0.000124 1
955 242 994 262 0.000122 1
882 235 991 273 0.000121 1
750 192 1223 320 0.000119 1
825 265 853 285 0.000118 1
661 255 761 292 0.000116 1
907 245 1003 265 0.000115 1
334 111 871 352 0.000113 1
765 251 802 316 0.000110 1
924 239 968 262 0.000109 1
983 219 1068 303 0.000109 1
941 246 992 262 0.000106 1
678 227 708 272 0.000101 1
31 288 638 686 0.471089 2
640 317 1057 703 0.191169 2
30 291 638 462 0.181123 2
973 617 1051 703 0.086018 2
37 291 638 482 0.076890 2
320 286 958 700 0.072755 2
972 617 1043 703 0.054561 2
822 327 848 344 0.031790 2
720 617 863 703 0.027724 2
0 396 90 460 0.024452 2
0 395 80 460 0.023390 2
304 186 322 198 0.016372 2
12 291 638 328 0.015942 2
898 531 1041 615 0.015725 2
305 187 321 198 0.015292 2
0 396 16 420 0.014157 2
524 424 599 456 0.012882 2
0 396 16 418 0.011000 2
0 396 64 460 0.010886 2
324 290 802 463 0.010482 2
0 395 72 459 0.008935 2
0 396 16 415 0.008102 2
0 397 50 460 0.006395 2
35 290 639 435 0.005690 2
484 200 507 217 0.005613 2
483 199 507 216 0.005441 2
0 397 56 461 0.005416 2
0 394 95 464 0.005331 2
632 201 650 216 0.005075 2
490 199 505 216 0.005058 2
0 460 47 507 0.005048 2
0 395 96 478 0.004944 2
1104 487 1115 495 0.004941 2
0 400 15 422 0.004773 2
975 616 1033 703 0.004505 2
325 288 958 520 0.003977 2
0 459 54 506 0.003899 2
0 396 65 454 0.003749 2
38 407 73 455 0.003737 2
38 411 75 456 0.003709 2
0 398 96 497 0.003624 2
0 397 54 423 0.003539 2
38 411 92 457 0.003508 2
39 412 85 456 0.003458 2
0 440 46 460 0.003436 2
0 398 16 422 0.003372 2
589 189 653 216 0.003299 2
38 407 87 456 0.003265 2
588 185 657 217 0.003193 2
38 399 74 454 0.003171 2
908 532 1043 615 0.003114 2
0 393 16 413 0.003104 2
0 460 50 504 0.003094 2
1104 487 1132 497 0.003091 2
0 438 46 460 0.003068 2
0 415 51 461 0.003057 2
730 618 800 666 0.002971 2
0 459 73 505 0.002970 2
0 406 77 461 0.002878 2
587 184 621 204 0.002840 2
0 415 81 461 0.002813 2
0 415 46 461 0.002812 2
1016 455 1033 467 0.002752 2
26 292 638 354 0.002721 2
1016 455 1036 469 0.002602 2
0 398 39 422 0.002527 2
0 439 43 460 0.002520 2
1263 346 1279 367 0.002472 2
0 401 98 515 0.002451 2
29 409 98 542 0.002427 2
976 618 1027 704 0.002413 2
0 394 52 422 0.002385 2
319 208 331 231 0.002382 2
1 440 73 460 0.002375 2
0 459 65 596 0.002347 2
600 197 650 216 0.002343 2
1111 488 1136 497 0.002278 2
1264 343 1279 356 0.002149 2
0 461 46 488 0.002104 2
39 415 92 457 0.002033 2
1116 488 1136 498 0.001988 2
607 200 647 216 0.001979 2
526 194 552 218 0.001958 2
0 445 101 595 0.001957 2
666 272 769 335 0.001949 2
934 543 993 582 0.001909 2
39 400 76 454 0.001900 2
530 201 551 218 0.001878 2
0 396 55 451 0.001876 2
2 460 231 606 0.001862 2
20 416 99 593 0.001848 2
0 397 43 460 0.001831 2
0 419 45 461 0.001771 2
1049 213 1077 242 0.001753 2
523 424 560 456 0.001752 2
937 544 992 581 0.001743 2
607 197 654 217 0.001733 2
634 201 653 216 0.001727 2
1215 499 1232 511 0.001719 2
0 429 90 597 0.001695 2
1016 454 1040 471 0.001653 2
1 397 57 430 0.001644 2
866 188 943 234 0.001614 2
921 202 976 254 0.001607 2
586 182 643 214 0.001596 2
34 397 74 455 0.001589 2
0 440 31 461 0.001585 2
1263 509 1279 517 0.001578 2
0 439 47 477 0.001567 2
0 394 47 422 0.001546 2
0 439 49 489 0.001539 2
0 396 47 424 0.001535 2
1039 322 1052 331 0.001527 2
1263 345 1279 371 0.001525 2
976 617 1038 700 0.001525 2
0 463 16 484 0.001503 2
319 203 331 231 0.001477 2
942 423 961 432 0.001460 2
0 460 16 486 0.001446 2
1 444 236 602 0.001421 2
0 458 82 595 0.001418 2
1120 64 1152 77 0.001387 2
941 564 1033 612 0.001380 2
0 441 44 487 0.001369 2
809 214 855 241 0.001341 2
0 460 16 594 0.001336 2
1069 327 1088 343 0.001326 2
1261 248 1279 270 0.001309 2
942 560 1042 612 0.001300 2
450 443 536 456 0.001299 2
0 457 47 487 0.001260 2
1260 168 1279 181 0.001260 2
917 539 995 587 0.001246 2
181 291 579 341 0.001243 2
926 539 1041 624 0.001238 2
613 202 625 215 0.001233 2
0 461 37 595 0.001221 2
0 455 209 598 0.001208 2
1016 455 1038 472 0.001200 2
0 397 94 596 0.001194 2
923 541 991 583 0.001191 2
934 544 989 582 0.001185 2
0 394 95 579 0.001185 2
1003 190 1041 225 0.001183 2
0 458 50 512 0.001182 2
1015 454 1040 475 0.001178 2
977 205 1048 261 0.001169 2
815 332 848 392 0.001148 2
0 438 23 460 0.001144 2
0 461 36 506 0.001137 2
1202 503 1222 513 0.001118 2
2 395 60 421 0.001116 2
477 171 516 218 0.001108 2
429 223 439 229 0.001106 2
991 354 1008 387 0.001103 2
0 387 108 462 0.001098 2
0 407 71 502 0.001090 2
1211 500 1232 512 0.001085 2
975 576 1039 611 0.001074 2
703 302 767 329 0.001071 2
1103 487 1136 505 0.001051 2
554 176 580 203 0.001032 2
818 327 849 364 0.001028 2
1 394 229 608 0.001026 2
8 454 47 488 0.001021 2
991 357 1009 392 0.001020 2
822 328 848 353 0.001017 2
1256 198 1279 235 0.001005 2
1214 495 1232 511 0.001003 2
717 301 768 329 0.000995 2
820 327 848 360 0.000986 2
917 205 979 255 0.000982 2
1105 487 1137 507 0.000979 2
944 569 1045 611 0.000978 2
942 564 1018 612 0.000977 2
191 292 599 344 0.000968 2
0 462 16 506 0.000966 2
0 392 107 555 0.000963 2
1113 221 1132 236 0.000954 2
1264 343 1279 364 0.000954 2
324 291 655 341 0.000934 2
1072 327 1088 339 0.000928 2
0 400 16 458 0.000916 2
552 174 579 202 0.000915 2
897 533 933 571 0.000915 2
803 184 850 234 0.000912 2
0 392 51 421 0.000897 2
83 290 640 327 0.000867 2
1094 493 1104 504 0.000861 2
937 423 961 433 0.000859 2
1040 322 1056 331 0.000857 2
334 441 958 702 0.000839 2
292 179 311 198 0.000838 2
1254 243 1279 269 0.000837 2
804 183 853 220 0.000821 2
1040 205 1055 232 0.000815 2
963 199 984 211 0.000815 2
894 198 952 247 0.000812 2
737 617 800 665 0.000808 2
179 293 590 358 0.000806 2
537 169 576 216 0.000800 2
1039 323 1051 334 0.000797 2
1 439 65 489 0.000795 2
1103 488 1123 504 0.000787 2
926 198 955 211 0.000775 2
357 219 368 230 0.000775 2
915 200 983 254 0.000770 2
875 201 907 243 0.000769 2
893 199 917 239 0.000765 2
294 178 306 198 0.000746 2
1007 340 1024 397 0.000740 2
1161 503 1177 510 0.000740 2
305 185 337 200 0.000740 2
963 202 986 221 0.000738 2
607 202 617 215 0.000735 2
904 534 985 586 0.000735 2
1260 222 1279 270 0.000731 2
1263 251 1279 270 0.000726 2
0 422 16 459 0.000722 2
969 542 1009 581 0.000721 2
943 543 995 602 0.000707 2
976 618 1038 691 0.000706 2
1013 439 1040 462 0.000699 2
106 292 513 331 0.000698 2
0 461 29 505 0.000695 2
993 430 1040 467 0.000690 2
0 441 17 478 0.000680 2
1263 349 1279 375 0.000673 2
1199 472 1214 483 0.000670 2
351 309 689 457 0.000661 2
541 170 579 216 0.000657 2
898 533 943 576 0.000654 2
0 281 8 295 0.000643 2
0 501 65 596 0.000641 2
1040 322 1056 335 0.000640 2
1167 263 1178 268 0.000640 2
1199 473 1216 488 0.000637 2
1199 478 1216 488 0.000637 2
1007 341 1024 389 0.000636 2
725 301 767 326 0.000629 2
937 545 980 576 0.000619 2
0 256 60 281 0.000618 2
893 199 914 240 0.000614 2
1037 321 1087 344 0.000610 2
1113 217 1138 233 0.000605 2
1261 169 1279 182 0.000591 2
1042 200 1074 242 0.000587 2
997 356 1024 401 0.000583 2
934 543 984 577 0.000580 2
1016 442 1040 470 0.000579 2
916 179 951 201 0.000577 2
1047 455 1070 468 0.000565 2
4 256 58 281 0.000564 2
1114 218 1135 232 0.000554 2
978 576 1033 611 0.000552 2
991 356 1008 384 0.000552 2
963 542 1009 581 0.000551 2
1015 455 1039 473 0.000549 2
813 626 864 702 0.000549 2
1016 440 1040 472 0.000547 2
1264 364 1279 375 0.000539 2
767 618 799 665 0.000536 2
319 202 334 231 0.000536 2
455 204 465 219 0.000532 2
1247 631 1279 703 0.000531 2
525 424 575 453 0.000531 2
946 542 1009 581 0.000521 2
903 534 944 580 0.000501 2
1149 471 1166 479 0.000499 2
1071 455 1085 470 0.000498 2
980 542 1018 580 0.000498 2
520 181 550 208 0.000496 2
640 414 1058 703 0.000494 2
1113 216 1135 236 0.000493 2
0 388 16 419 0.000489 2
452 446 555 456 0.000488 2
1263 254 1279 270 0.000483 2
1044 481 1056 497 0.000480 2
324 293 655 357 0.000480 2
929 183 946 201 0.000479 2
911 195 955 239 0.000478 2
964 574 1038 611 0.000475 2
273 184 294 194 0.000474 2
954 538 1037 615 0.000472 2
1119 64 1136 77 0.000465 2
118 292 502 334 0.000459 2
448 441 528 456 0.000454 2
1017 440 1039 456 0.000453 2
356 216 369 230 0.000451 2
918 537 1044 629 0.000449 2
988 426 1039 468 0.000449 2
132 290 639 429 0.000448 2
986 541 1025 578 0.000446 2
548 424 599 456 0.000446 2
669 276 770 344 0.000445 2
1014 185 1078 244 0.000445 2
909 534 945 589 0.000443 2
31 501 64 580 0.000442 2
109 237 159 264 0.000440 2
1039 324 1088 345 0.000440 2
906 533 947 585 0.000439 2
622 186 640 201 0.000434 2
1230 247 1279 272 0.000432 2
943 558 1009 612 0.000426 2
982 542 1025 581 0.000426 2
918 203 972 254 0.000425 2
771 398 804 431 0.000423 2
1264 520 1279 537 0.000418 2
1184 499 1205 512 0.000417 2
1224 164 1279 181 0.000416 2
906 200 940 247 0.000415 2
1038 313 1084 334 0.000415 2
976 541 1020 585 0.000413 2
1254 631 1264 646 0.000410 2
945 567 994 583 0.000408 2
29 398 64 417 0.000407 2
1200 472 1216 484 0.000406 2
0 469 63 597 0.000403 2
985 586 1016 610 0.000400 2
452 205 465 222 0.000397 2
866 176 940 203 0.000396 2
804 185 858 241 0.000395 2
0 458 231 691 0.000394 2
320 290 768 439 0.000391 2
982 618 1044 697 0.000391 2
1025 483 1056 547 0.000391 2
1228 626 1267 700 0.000388 2
933 542 983 572 0.000386 2
1074 193 1096 211 0.000384 2
949 545 976 567 0.000382 2
320 292 674 365 0.000382 2
1056 489 1080 503 0.000381 2
386 198 398 206 0.000380 2
1229 625 1270 703 0.000380 2
0 458 51 523 0.000377 2
543 160 580 179 0.000376 2
1085 206 1128 235 0.000376 2
141 291 544 332 0.000376 2
1013 441 1039 469 0.000376 2
1264 514 1279 536 0.000374 2
661 273 690 283 0.000373 2
705 303 765 331 0.000372 2
1019 464 1057 493 0.000370 2
0 462 16 576 0.000369 2
946 541 1024 612 0.000368 2
172 290 577 330 0.000367 2
939 543 983 566 0.000364 2
36 408 74 453 0.000359 2
900 533 953 581 0.000358 2
719 384 787 455 0.000357 2
1023 332 1032 343 0.000357 2
585 179 621 207 0.000356 2
1262 482 1279 538 0.000349 2
958 201 983 242 0.000348 2
297 175 318 198 0.000347 2
973 540 1026 589 0.000341 2
1185 328 1200 339 0.000340 2
1038 324 1085 350 0.000336 2
0 464 23 579 0.000336 2
1023 477 1054 545 0.000334 2
961 203 990 249 0.000334 2
969 199 986 215 0.000333 2
724 386 796 455 0.000333 2
274 177 312 198 0.000332 2
1262 167 1279 238 0.000332 2
616 271 768 336 0.000331 2
1159 502 1175 510 0.000326 2
767 398 805 433 0.000326 2
1248 344 1263 357 0.000326 2
921 422 938 431 0.000321 2
863 336 877 342 0.000320 2
773 398 804 431 0.000320 2
0 273 186 471 0.000319 2
968 572 1032 611 0.000318 2
994 423 1041 467 0.000317 2
740 619 863 702 0.000316 2
123 235 194 264 0.000315 2
939 541 992 565 0.000315 2
328 290 636 338 0.000314 2
720 401 786 455 0.000314 2
927 538 993 609 0.000312 2
1098 207 1132 229 0.000312 2
1087 491 1097 504 0.000312 2
1028 467 1080 497 0.000311 2
865 182 904 241 0.000311 2
818 464 848 476 0.000310 2
632 696 751 703 0.000309 2
1168 381 1180 392 0.000309 2
107 295 508 349 0.000306 2
1264 519 1279 537 0.000305 2
1102 171 1121 205 0.000305 2
723 405 788 454 0.000303 2
0 497 16 567 0.000301 2
1250 169 1279 209 0.000301 2
992 444 1036 475 0.000300 2
992 435 1037 472 0.000300 2
1165 471 1184 482 0.000300 2
1204 247 1280 294 0.000295 2
1046 456 1056 467 0.000294 2
1264 515 1279 536 0.000289 2
1057 181 1125 249 0.000288 2
662 273 693 283 0.000288 2
942 568 1038 612 0.000285 2
246 288 639 433 0.000283 2
1001 181 1039 216 0.000282 2
814 624 864 698 0.000277 2
641 471 1055 703 0.000277 2
937 615 1044 703 0.000276 2
896 532 935 571 0.000276 2
128 292 482 336 0.000275 2
20 200 35 206 0.000275 2
1013 456 1061 493 0.000274 2
1261 481 1279 520 0.000274 2
0 491 18 572 0.000273 2
543 160 579 177 0.000273 2
444 432 568 456 0.000273 2
1068 193 1091 219 0.000272 2
1190 226 1279 309 0.000271 2
870 177 942 200 0.000271 2
1049 455 1079 469 0.000270 2
319 200 364 232 0.000269 2
910 534 987 585 0.000267 2
655 272 769 341 0.000267 2
972 576 1040 629 0.000267 2
1001 424 1034 458 0.000265 2
734 397 799 453 0.000265 2
562 179 581 202 0.000261 2
1095 207 1137 233 0.000260 2
870 204 906 244 0.000259 2
852 470 864 479 0.000256 2
156 291 562 328 0.000256 2
678 282 769 343 0.000255 2
902 421 1052 546 0.000255 2
973 608 1058 703 0.000254 2
879 486 895 503 0.000254 2
662 270 762 314 0.000251 2
1054 484 1104 504 0.000251 2
879 490 895 503 0.000250 2
706 279 768 329 0.000248 2
434 404 959 699 0.000247 2
1255 339 1279 410 0.000247 2
0 500 51 578 0.000246 2
442 290 957 480 0.000246 2
1124 160 1213 224 0.000246 2
274 185 296 195 0.000245 2
746 616 800 660 0.000245 2
471 173 500 215 0.000245 2
930 158 993 207 0.000244 2
1202 250 1279 291 0.000241 2
313 198 387 231 0.000239 2
1180 328 1200 347 0.000239 2
827 465 848 476 0.000239 2
922 194 974 247 0.000238 2
1018 456 1097 496 0.000236 2
531 424 599 456 0.000235 2
1052 488 1071 503 0.000235 2
0 458 25 585 0.000235 2
0 503 16 562 0.000233 2
1101 193 1121 209 0.000233 2
1244 627 1265 649 0.000230 2
322 290 810 446 0.000228 2
742 415 843 460 0.000227 2
663 267 768 309 0.000227 2
651 267 765 310 0.000226 2
1007 329 1024 377 0.000226 2
814 631 864 699 0.000225 2
1016 454 1044 491 0.000225 2
1061 327 1088 346 0.000224 2
292 175 308 198 0.000223 2
32 508 64 554 0.000223 2
867 176 941 197 0.000220 2
130 295 502 354 0.000220 2
1237 178 1279 235 0.000220 2
753 415 839 460 0.000219 2
1009 457 1091 496 0.000219 2
958 442 1009 467 0.000218 2
1092 488 1105 504 0.000218 2
1032 465 1093 503 0.000217 2
719 371 786 455 0.000216 2
136 432 187 456 0.000215 2
822 327 854 344 0.000215 2
880 482 896 503 0.000214 2
932 544 1043 695 0.000212 2
426 434 959 704 0.000211 2
730 404 797 453 0.000211 2
1166 471 1184 481 0.000211 2
0 501 41 599 0.000209 2
1042 327 1057 347 0.000208 2
922 152 993 212 0.000207 2
0 503 60 598 0.000206 2
551 425 599 456 0.000206 2
988 449 1007 471 0.000205 2
324 199 386 231 0.000202 2
0 384 72 459 0.000201 2
720 413 786 457 0.000200 2
0 500 45 569 0.000200 2
755 413 836 457 0.000199 2
1103 487 1137 519 0.000199 2
1026 465 1097 498 0.000199 2
1039 456 1049 467 0.000198 2
349 199 385 231 0.000198 2
619 281 686 342 0.000196 2
270 182 318 200 0.000195 2
325 289 805 332 0.000194 2
946 567 991 584 0.000193 2
957 436 1012 463 0.000192 2
1246 623 1279 694 0.000192 2
694 265 771 310 0.000192 2
327 200 380 231 0.000191 2
540 159 580 175 0.000191 2
1038 308 1086 334 0.000190 2
1263 483 1279 581 0.000187 2
1263 484 1279 644 0.000186 2
1262 278 1279 294 0.000186 2
870 177 954 220 0.000186 2
253 197 272 210 0.000186 2
1221 155 1280 182 0.000186 2
1167 274 1236 311 0.000185 2
1036 309 1089 341 0.000185 2
1219 626 1265 693 0.000184 2
1204 276 1279 313 0.000184 2
929 181 958 205 0.000184 2
32 499 64 558 0.000184 2
1190 251 1280 292 0.000184 2
750 617 800 664 0.000184 2
787 620 856 688 0.000183 2
678 265 766 311 0.000182 2
1214 621 1265 695 0.000182 2
1075 327 1114 345 0.000182 2
0 502 32 597 0.000181 2
32 391 49 408 0.000180 2
943 548 994 611 0.000179 2
864 493 880 503 0.000178 2
446 184 466 222 0.000177 2
341 292 646 350 0.000176 2
22 256 63 281 0.000176 2
1051 484 1101 503 0.000175 2
1258 277 1279 299 0.000175 2
704 305 757 312 0.000173 2
916 529 996 565 0.000173 2
909 176 948 202 0.000173 2
1024 359 1039 391 0.000172 2
1261 279 1279 295 0.000172 2
704 303 766 318 0.000171 2
317 199 386 233 0.000171 2
1263 350 1279 409 0.000171 2
815 463 847 475 0.000170 2
307 313 624 465 0.000169 2
810 646 863 698 0.000168 2
662 268 698 282 0.000168 2
800 401 831 418 0.000168 2
864 495 877 503 0.000168 2
897 528 997 580 0.000168 2
1032 306 1071 333 0.000168 2
720 415 780 457 0.000168 2
1216 249 1280 296 0.000167 2
0 459 44 512 0.000166 2
347 290 646 335 0.000166 2
722 303 767 329 0.000166 2
1054 486 1104 503 0.000165 2
771 696 818 703 0.000165 2
869 407 883 416 0.000165 2
325 190 339 199 0.000164 2
534 289 957 524 0.000164 2
1244 440 1279 484 0.000164 2
0 459 37 562 0.000164 2
661 273 688 283 0.000164 2
675 272 766 313 0.000164 2
942 445 972 456 0.000164 2
130 433 189 459 0.000163 2
1024 319 1042 332 0.000163 2
1038 308 1069 333 0.000163 2
1023 474 1048 542 0.000162 2
1150 501 1167 510 0.000162 2
32 502 64 556 0.000162 2
1203 266 1280 299 0.000161 2
796 400 832 416 0.000161 2
972 574 1045 642 0.000161 2
973 575 1041 647 0.000161 2
1105 471 1126 483 0.000160 2
727 371 794 456 0.000160 2
663 275 764 320 0.000159 2
668 268 771 319 0.000159 2
15 255 65 281 0.000158 2
764 617 800 662 0.000157 2
1189 273 1280 295 0.000157 2
943 670 1021 703 0.000157 2
419 291 630 334 0.000157 2
1264 310 1279 367 0.000157 2
802 401 832 414 0.000156 2
733 617 800 659 0.000155 2
551 436 599 456 0.000155 2
584 176 729 218 0.000155 2
304 186 325 201 0.000155 2
1215 276 1279 314 0.000154 2
1199 275 1233 311 0.000154 2
121 238 156 264 0.000154 2
328 397 958 698 0.000153 2
1048 312 1090 340 0.000152 2
849 136 940 173 0.000152 2
1038 326 1077 385 0.000151 2
798 460 818 472 0.000151 2
1167 273 1243 311 0.000151 2
29 459 53 549 0.000151 2
1264 311 1279 377 0.000150 2
1199 284 1218 310 0.000150 2
694 281 768 325 0.000149 2
757 417 835 456 0.000149 2
589 160 623 189 0.000149 2
865 213 891 243 0.000148 2
703 278 767 323 0.000148 2
897 530 944 575 0.000147 2
31 287 579 682 0.000147 2
1253 461 1279 500 0.000147 2
705 302 767 320 0.000147 2
820 465 848 478 0.000146 2
30 289 339 676 0.000146 2
720 443 764 461 0.000145 2
659 268 763 311 0.000145 2
244 286 636 453 0.000145 2
1150 471 1172 479 0.000145 2
1040 316 1057 334 0.000144 2
137 433 192 456 0.000144 2
719 631 798 699 0.000143 2
1023 319 1036 329 0.000143 2
1041 471 1086 502 0.000143 2
1259 456 1279 482 0.000143 2
880 475 896 492 0.000142 2
133 295 485 346 0.000142 2
667 257 845 341 0.000141 2
266 292 302 304 0.000140 2
960 165 992 193 0.000140 2
874 472 896 503 0.000140 2
143 237 193 264 0.000140 2
1101 470 1139 503 0.000140 2
716 275 765 312 0.000139 2
1178 275 1219 286 0.000139 2
664 274 743 344 0.000139 2
219 290 599 345 0.000138 2
297 289 637 365 0.000138 2
191 288 640 338 0.000137 2
1186 375 1263 428 0.000137 2
635 298 957 491 0.000137 2
0 270 203 462 0.000137 2
977 619 1040 659 0.000136 2
643 697 758 703 0.000136 2
118 291 501 325 0.000136 2
664 282 761 352 0.000136 2
9 324 232 666 0.000135 2
1039 323 1058 347 0.000135 2
353 215 369 231 0.000135 2
905 436 1055 547 0.000135 2
0 505 29 594 0.000134 2
1247 613 1279 656 0.000134 2
1022 359 1039 392 0.000133 2
132 432 191 458 0.000131 2
480 199 521 234 0.000130 2
721 444 762 460 0.000130 2
913 149 994 223 0.000129 2
1168 274 1208 286 0.000129 2
811 640 863 695 0.000129 2
615 270 769 353 0.000128 2
0 279 16 295 0.000127 2
1040 456 1088 483 0.000127 2
196 287 504 329 0.000127 2
704 275 764 312 0.000126 2
984 617 1042 656 0.000126 2
906 149 961 198 0.000126 2
953 338 993 380 0.000126 2
18 387 75 422 0.000125 2
1006 329 1040 361 0.000124 2
284 288 635 352 0.000123 2
726 424 810 460 0.000123 2
1246 590 1279 670 0.000123 2
846 469 860 480 0.000123 2
0 459 45 559 0.000122 2
8 500 53 571 0.000122 2
1038 488 1056 546 0.000121 2
0 506 16 560 0.000120 2
1192 272 1278 304 0.000120 2
906 419 968 446 0.000119 2
0 271 152 472 0.000119 2
1224 439 1279 484 0.000118 2
936 532 998 564 0.000118 2
1167 273 1211 298 0.000118 2
706 184 731 215 0.000118 2
142 290 458 336 0.000118 2
1215 331 1228 349 0.000118 2
1198 274 1227 311 0.000118 2
922 422 964 443 0.000117 2
305 186 333 230 0.000117 2
718 422 806 460 0.000117 2
929 423 984 456 0.000117 2
614 278 694 333 0.000117 2
205 291 637 458 0.000116 2
1075 470 1143 499 0.000116 2
720 443 765 459 0.000116 2
18 247 111 280 0.000116 2
543 424 597 455 0.000115 2
317 289 640 377 0.000115 2
1245 629 1265 649 0.000114 2
1024 323 1043 341 0.000114 2
377 184 399 206 0.000114 2
940 179 992 209 0.000113 2
0 313 229 614 0.000113 2
624 285 676 339 0.000113 2
923 176 957 203 0.000112 2
731 292 768 330 0.000112 2
15 499 65 578 0.000112 2
446 170 559 254 0.000112 2
939 532 1012 566 0.000111 2
140 295 532 354 0.000110 2
421 291 612 338 0.000110 2
1182 618 1262 692 0.000110 2
1177 274 1217 286 0.000110 2
1222 161 1277 182 0.000110 2
719 403 779 456 0.000110 2
719 419 772 457 0.000109 2
20 224 100 258 0.000109 2
320 288 742 460 0.000109 2
1121 64 1166 75 0.000109 2
858 469 874 483 0.000108 2
1005 335 1040 386 0.000108 2
959 163 993 199 0.000108 2
924 153 993 193 0.000108 2
0 276 210 484 0.000107 2
733 301 768 329 0.000107 2
766 619 853 684 0.000107 2
130 290 478 332 0.000107 2
1048 468 1104 504 0.000106 2
714 280 767 326 0.000106 2
1182 343 1268 413 0.000105 2
32 506 69 584 0.000105 2
622 298 958 531 0.000105 2
130 291 493 327 0.000105 2
449 204 466 223 0.000104 2
720 430 765 461 0.000104 2
743 417 835 462 0.000104 2
306 200 332 232 0.000103 2
18 495 64 578 0.000103 2
269 291 304 304 0.000103 2
135 433 194 459 0.000103 2
471 214 523 252 0.000103 2
0 503 47 575 0.000103 2
1264 303 1279 360 0.000103 2
970 576 1044 631 0.000102 2
828 464 848 479 0.000102 2
33 499 64 547 0.000102 2
1190 272 1280 296 0.000102 2
1119 497 1136 520 0.000101 2
1179 270 1229 293 0.000101 2
333 199 386 228 0.000101 2
722 413 794 458 0.000101 2
795 460 817 472 0.000100 2
664 225 831 328 0.000100 2
0 371 102 461 0.000100 2
1180 166 1279 269 0.009742 5
444 165 581 217 0.009620 5
444 169 547 218 0.003429 5
1179 167 1279 238 0.001314 5
444 173 548 240 0.001220 5
1217 162 1279 215 0.000905 5
829 135 939 166 0.000828 5
1222 179 1279 221 0.000761 5
1223 179 1279 207 0.000687 5
819 135 939 169 0.000656 5
469 169 501 208 0.000629 5
1221 163 1279 213 0.000551 5
452 155 523 207 0.000473 5
808 160 858 187 0.000468 5
1220 169 1276 232 0.000436 5
448 154 520 171 0.000313 5
480 172 496 200 0.000288 5
460 153 521 170 0.000265 5
470 167 500 204 0.000226 5
451 149 524 171 0.000219 5
1208 169 1272 222 0.000208 5
473 150 524 170 0.000158 5
1200 165 1260 227 0.000154 5
35 291 638 486 0.045104 6
321 289 958 680 0.035047 6
897 531 1041 616 0.033023 6
1039 270 1279 487 0.025447 6
443 164 580 214 0.024249 6
320 288 959 631 0.022890 6
320 288 958 527 0.022722 6
322 287 959 494 0.019425 6
895 530 1045 693 0.016220 6
693 264 1279 494 0.014242 6
35 291 638 442 0.013731 6
1179 163 1279 269 0.013631 6
320 290 798 465 0.013399 6
661 250 1279 491 0.013041 6
322 289 943 472 0.011650 6
444 157 578 216 0.011214 6
1017 269 1279 492 0.010063 6
662 217 1279 488 0.009992 6
906 535 1042 616 0.005916 6
975 270 1279 493 0.005487 6
706 135 951 245 0.004087 6
442 161 580 211 0.003879 6
896 530 1025 582 0.003540 6
342 286 958 455 0.003497 6
690 184 1276 496 0.002443 6
444 158 580 222 0.002192 6
1179 168 1279 233 0.002142 6
444 155 581 212 0.001991 6
1135 416 1278 485 0.001828 6
682 159 1279 478 0.001799 6
897 529 1032 587 0.001547 6
1134 411 1278 484 0.001473 6
1179 159 1280 229 0.001410 6
1038 191 1279 459 0.001403 6
1189 435 1279 484 0.001403 6
1178 165 1279 224 0.001348 6
1033 470 1276 510 0.001239 6
1018 470 1280 509 0.001160 6
735 276 1270 487 0.001143 6
1044 270 1279 434 0.001094 6
1041 158 1279 436 0.001080 6
1197 432 1279 485 0.001037 6
449 177 571 242 0.000990 6
1182 161 1279 222 0.000985 6
1172 216 1279 311 0.000941 6
1125 405 1279 481 0.000887 6
440 111 583 215 0.000885 6
1126 407 1278 500 0.000872 6
830 135 939 167 0.000845 6
1149 471 1267 512 0.000838 6
1038 344 1278 512 0.000827 6
1036 467 1221 507 0.000819 6
1028 466 1227 505 0.000797 6
297 64 609 213 0.000792 6
1004 468 1280 504 0.000790 6
1175 224 1279 309 0.000787 6
1140 471 1268 511 0.000784 6
896 530 1039 603 0.000779 6
437 90 586 216 0.000725 6
1035 467 1201 504 0.000690 6
1169 268 1279 311 0.000676 6
748 287 1278 501 0.000672 6
1168 274 1278 312 0.000672 6
1138 286 1279 419 0.000668 6
1075 406 1280 507 0.000663 6
1153 399 1279 485 0.000658 6
829 135 939 171 0.000645 6
1013 463 1280 510 0.000643 6
1195 355 1279 486 0.000622 6
669 432 1003 537 0.000612 6
1018 458 1278 505 0.000603 6
429 82 583 216 0.000574 6
1089 402 1280 477 0.000550 6
1149 323 1277 420 0.000549 6
702 125 939 241 0.000527 6
1032 152 1279 465 0.000526 6
1075 470 1279 701 0.000519 6
1027 466 1175 503 0.000514 6
1163 66 1279 273 0.000501 6
896 530 1031 619 0.000491 6
670 281 1278 510 0.000488 6
679 403 1031 530 0.000479 6
326 64 671 227 0.000473 6
1037 414 1280 506 0.000465 6
423 147 680 218 0.000453 6
1028 453 1276 511 0.000446 6
829 134 939 160 0.000415 6
1062 174 1279 415 0.000409 6
461 145 581 209 0.000395 6
687 230 1275 493 0.000395 6
1124 356 1279 483 0.000388 6
1030 467 1149 503 0.000369 6
1023 333 1278 511 0.000365 6
501 130 880 233 0.000364 6
1159 290 1279 420 0.000362 6
307 64 635 216 0.000357 6
1022 461 1143 503 0.000356 6
822 135 938 182 0.000346 6
711 401 1038 529 0.000346 6
1006 458 1129 502 0.000344 6
1177 295 1279 424 0.000341 6
1141 427 1276 512 0.000340 6
1032 400 1278 472 0.000339 6
1233 440 1279 485 0.000337 6
666 459 1004 537 0.000332 6
1200 64 1279 271 0.000331 6
722 164 1279 400 0.000328 6
1027 466 1119 502 0.000325 6
774 136 1279 464 0.000322 6
1244 358 1279 493 0.000305 6
1237 441 1279 484 0.000305 6
1075 471 1267 512 0.000303 6
1054 299 1280 533 0.000296 6
1134 276 1271 416 0.000293 6
1093 150 1279 266 0.000288 6
1160 473 1267 513 0.000288 6
1035 469 1165 507 0.000279 6
444 176 487 220 0.000275 6
1132 281 1280 488 0.000273 6
1200 330 1279 485 0.000267 6
279 64 624 244 0.000265 6
1099 175 1279 265 0.000264 6
1235 336 1279 488 0.000263 6
1226 65 1279 270 0.000262 6
1142 352 1279 485 0.000259 6
1144 440 1276 512 0.000257 6
1054 280 1279 489 0.000249 6
1041 383 1279 468 0.000245 6
713 458 932 530 0.000243 6
817 167 1279 481 0.000241 6
585 112 667 217 0.000240 6
393 65 680 221 0.000235 6
914 277 1279 501 0.000234 6
1118 66 1279 275 0.000232 6
1053 470 1278 702 0.000230 6
686 130 1269 445 0.000206 6
1127 366 1278 478 0.000205 6
1178 474 1269 513 0.000202 6
567 67 673 220 0.000198 6
645 227 1022 418 0.000195 6
1049 417 1260 500 0.000195 6
1247 290 1279 488 0.000194 6
687 402 1019 513 0.000194 6
904 528 996 580 0.000191 6
445 145 552 189 0.000189 6
443 158 501 218 0.000188 6
353 150 518 203 0.000187 6
653 219 1039 419 0.000181 6
1219 158 1279 227 0.000178 6
674 406 1010 516 0.000177 6
443 167 492 218 0.000176 6
590 149 664 215 0.000174 6
700 461 970 535 0.000172 6
1081 387 1278 471 0.000167 6
351 155 484 203 0.000166 6
893 343 1279 519 0.000162 6
1043 454 1275 518 0.000157 6
899 305 1029 391 0.000156 6
1075 175 1279 274 0.000156 6
650 118 1026 423 0.000155 6
1072 339 1244 411 0.000155 6
324 289 810 454 0.000154 6
1037 394 1278 476 0.000154 6
99 64 520 250 0.000152 6
1052 178 1277 264 0.000149 6
365 155 492 204 0.000146 6
656 171 1263 457 0.000144 6
956 446 1115 504 0.000144 6
119 64 478 197 0.000144 6
962 422 1111 499 0.000143 6
827 122 936 164 0.000141 6
1039 272 1280 345 0.000141 6
670 274 1266 549 0.000141 6
810 632 864 699 0.000140 6
953 411 1134 501 0.000140 6
444 176 469 219 0.000138 6
979 402 1146 503 0.000137 6
1056 149 1268 248 0.000137 6
1174 65 1280 237 0.000136 6
1075 338 1220 399 0.000136 6
658 130 1062 415 0.000134 6
786 357 1278 574 0.000133 6
356 156 506 210 0.000132 6
899 337 1023 411 0.000132 6
1253 477 1279 701 0.000130 6
223 65 630 321 0.000129 6
1041 271 1274 340 0.000126 6
1046 462 1279 688 0.000126 6
347 64 686 227 0.000124 6
428 64 919 238 0.000123 6
995 421 1040 470 0.000122 6
493 80 865 227 0.000122 6
1071 335 1191 393 0.000120 6
929 419 1039 473 0.000118 6
119 64 343 97 0.000116 6
1035 469 1144 526 0.000114 6
819 132 941 164 0.000114 6
449 146 543 173 0.000112 6
15 283 583 467 0.000110 6
444 178 468 217 0.000109 6
652 239 1259 553 0.000108 6
690 64 943 253 0.000106 6
1011 469 1277 703 0.000105 6
999 433 1040 475 0.000104 6
665 129 1260 420 0.000104 6
911 303 1024 391 0.000102 6
564 285 956 447 0.000102 6
937 423 1043 492 0.000101 6
364 95 497 134 0.000100 6
116 64 275 92 0.000100 6
975 393 1109 484 0.000100 6
856 176 951 242 0.199082 7
864 177 956 244 0.197241 7
864 176 962 248 0.176177 7
865 177 951 240 0.152396 7
804 176 950 242 0.147877 7
864 176 974 251 0.131508 7
848 176 952 240 0.107483 7
710 152 857 229 0.103120 7
710 152 812 224 0.096463 7
710 152 810 231 0.082049 7
866 176 943 232 0.059758 7
973 617 1051 703 0.055432 7
707 152 957 240 0.045925 7
799 174 966 246 0.040450 7
709 152 809 219 0.037474 7
708 152 936 237 0.033994 7
706 152 956 250 0.030546 7
702 169 961 245 0.026452 7
898 531 1041 615 0.021822 7
864 176 983 253 0.020738 7
514 169 580 212 0.017584 7
1184 178 1279 269 0.017560 7
1113 184 1192 248 0.017556 7
712 153 813 237 0.016698 7
705 151 889 235 0.016028 7
816 176 980 249 0.015883 7
512 170 580 208 0.015000 7
865 176 943 241 0.014312 7
895 531 1047 702 0.014248 7
587 184 621 214 0.013103 7
803 155 930 239 0.012691 7
506 168 579 213 0.012426 7
1113 182 1198 249 0.012334 7
1181 167 1279 269 0.011480 7
447 168 579 212 0.011341 7
803 169 858 237 0.011036 7
802 134 947 239 0.010146 7
1184 192 1279 270 0.009678 7
587 183 652 216 0.009025 7
587 183 621 208 0.008647 7
1184 213 1279 270 0.007476 7
1101 183 1191 251 0.006459 7
447 167 581 216 0.005870 7
804 162 858 219 0.005762 7
525 170 580 216 0.005701 7
866 176 942 225 0.005516 7
1193 187 1279 269 0.005469 7
804 174 858 222 0.005459 7
801 154 867 232 0.005458 7
587 184 656 217 0.005417 7
708 144 860 229 0.004306 7
746 150 971 247 0.004191 7
449 151 580 210 0.004121 7
1184 223 1279 270 0.004047 7
804 180 855 221 0.004011 7
512 169 580 203 0.003949 7
710 140 887 228 0.003869 7
454 157 580 209 0.003717 7
866 177 937 240 0.003715 7
867 176 939 230 0.003647 7
712 152 810 209 0.003347 7
539 170 579 203 0.003234 7
804 169 859 228 0.003102 7
511 159 581 207 0.002847 7
866 176 943 210 0.002782 7
587 184 620 203 0.002580 7
803 184 853 225 0.002515 7
508 168 578 204 0.002447 7
543 171 579 203 0.002269 7
588 186 655 217 0.002196 7
864 176 915 240 0.002095 7
804 183 854 237 0.001978 7
857 176 934 236 0.001877 7
1185 192 1279 292 0.001858 7
587 184 662 218 0.001856 7
1227 180 1279 235 0.001833 7
705 173 990 253 0.001755 7
1023 476 1056 547 0.001586 7
706 154 812 213 0.001562 7
588 155 661 217 0.001540 7
926 540 1040 619 0.001493 7
1193 176 1279 235 0.001438 7
789 173 990 258 0.001437 7
518 171 580 216 0.001436 7
713 134 951 247 0.001411 7
488 175 578 236 0.001400 7
709 145 819 219 0.001384 7
588 185 619 214 0.001312 7
699 154 808 231 0.001281 7
1115 183 1191 223 0.001275 7
706 147 813 217 0.001218 7
1118 161 1212 230 0.001130 7
1101 164 1200 225 0.001115 7
709 151 802 212 0.001105 7
866 176 941 203 0.001064 7
1112 163 1203 223 0.001049 7
544 162 580 203 0.001004 7
477 170 517 214 0.000977 7
1219 176 1279 244 0.000931 7
583 184 620 213 0.000925 7
709 129 860 226 0.000924 7
847 177 908 241 0.000900 7
847 176 922 237 0.000898 7
746 143 995 253 0.000892 7
912 540 1048 703 0.000835 7
1199 166 1279 239 0.000820 7
705 155 794 213 0.000803 7
727 152 807 209 0.000795 7
816 133 969 241 0.000790 7
1098 163 1199 210 0.000760 7
705 163 800 232 0.000751 7
804 181 860 241 0.000736 7
1116 182 1188 219 0.000674 7
1134 276 1279 418 0.000673 7
804 169 857 220 0.000639 7
451 142 580 210 0.000594 7
1215 183 1257 268 0.000590 7
898 532 985 580 0.000548 7
1114 184 1190 219 0.000526 7
499 168 578 220 0.000507 7
727 152 809 219 0.000495 7
543 170 580 218 0.000494 7
886 180 958 236 0.000487 7
586 149 651 211 0.000484 7
478 170 517 210 0.000473 7
601 150 874 236 0.000473 7
862 167 996 251 0.000454 7
536 159 664 212 0.000453 7
828 145 945 240 0.000450 7
720 162 809 233 0.000437 7
864 176 934 230 0.000435 7
913 537 988 576 0.000412 7
828 174 998 271 0.000408 7
798 129 929 224 0.000398 7
702 163 789 222 0.000388 7
745 165 978 269 0.000381 7
1103 162 1197 212 0.000376 7
1121 162 1203 216 0.000374 7
808 160 858 190 0.000361 7
589 176 661 217 0.000359 7
608 150 815 232 0.000346 7
304 198 454 292 0.000343 7
804 134 938 233 0.000334 7
872 168 993 254 0.000323 7
786 127 976 256 0.000312 7
661 134 816 217 0.000299 7
1129 274 1271 381 0.000273 7
456 153 539 210 0.000271 7
535 171 636 216 0.000256 7
1082 179 1212 252 0.000245 7
385 203 454 291 0.000240 7
1133 183 1187 218 0.000233 7
1178 158 1229 217 0.000226 7
1109 163 1146 216 0.000211 7
931 161 994 210 0.000211 7
1113 185 1182 217 0.000211 7
705 159 1038 317 0.000209 7
542 151 663 208 0.000205 7
897 443 1054 615 0.000196 7
1137 184 1189 219 0.000192 7
928 165 996 210 0.000188 7
685 84 905 239 0.000181 7
605 174 644 210 0.000180 7
1109 164 1162 219 0.000179 7
709 166 792 237 0.000178 7
1131 274 1202 336 0.000178 7
1041 274 1233 351 0.000177 7
921 153 993 226 0.000169 7
847 166 898 226 0.000165 7
1115 185 1166 217 0.000159 7
415 162 703 225 0.000149 7
682 144 1025 363 0.000144 7
827 143 994 226 0.000142 7
725 151 811 198 0.000141 7
718 152 808 180 0.000140 7
704 155 782 218 0.000136 7
1132 274 1206 312 0.000134 7
714 151 813 196 0.000134 7
642 387 1059 703 0.000131 7
710 151 788 215 0.000125 7
644 437 1056 703 0.000124 7
765 169 1140 305 0.000117 7
1053 469 1108 502 0.000113 7
1067 274 1273 326 0.000109 7
1112 185 1146 213 0.000109 7
1114 185 1148 216 0.000108 7
714 196 757 236 0.000102 7
324 202 454 292 0.000101 7
1088 150 1103 178 0.601977 9
512 151 524 178 0.086477 9
512 151 524 174 0.064068 9
449 157 490 171 0.057172 9
1207 169 1215 185 0.039890 9
1088 150 1103 183 0.039217 9
512 150 524 176 0.035543 9
373 167 381 184 0.035176 9
512 151 525 178 0.027323 9
365 167 374 188 0.025141 9
449 157 490 170 0.024990 9
1214 167 1223 184 0.023132 9
449 158 488 171 0.022136 9
868 155 881 176 0.021825 9
1207 168 1217 186 0.021184 9
313 151 342 187 0.019381 9
867 152 881 176 0.018822 9
866 151 881 175 0.018706 9
512 151 527 180 0.017787 9
362 167 369 189 0.014203 9
1088 150 1105 178 0.013678 9
119 64 160 78 0.013197 9
523 183 536 197 0.011616 9
364 167 374 189 0.011293 9
239 178 246 190 0.010736 9
1013 136 1024 168 0.010493 9
878 154 890 171 0.010288 9
865 150 881 176 0.009690 9
512 151 524 184 0.009045 9
313 152 341 189 0.008858 9
1087 150 1104 201 0.007646 9
119 64 160 76 0.007605 9
864 150 881 173 0.007571 9
681 167 687 183 0.007499 9
800 143 811 157 0.007192 9
449 157 490 177 0.007157 9
863 166 869 184 0.006990 9
894 152 907 174 0.006513 9
1013 134 1026 169 0.006506 9
1235 166 1247 181 0.006502 9
878 153 890 172 0.006477 9
680 168 688 187 0.006123 9
1235 167 1246 181 0.005830 9
372 167 381 186 0.005790 9
224 183 231 194 0.005692 9
864 156 879 183 0.005593 9
1194 384 1206 403 0.005520 9
1198 390 1206 415 0.005266 9
1207 168 1216 197 0.005188 9
1154 165 1167 184 0.004964 9
879 153 895 173 0.004940 9
848 182 858 201 0.004841 9
873 153 891 176 0.004770 9
801 143 812 159 0.004709 9
362 167 372 190 0.004518 9
1195 384 1207 415 0.004484 9
214 183 224 202 0.004366 9
1195 384 1206 400 0.004315 9
118 64 182 79 0.004310 9
372 166 381 185 0.004298 9
119 64 177 78 0.004296 9
844 151 858 166 0.004277 9
513 163 538 195 0.004074 9
1104 168 1120 203 0.003994 9
119 64 162 79 0.003805 9
258 142 268 160 0.003783 9
558 183 567 198 0.003777 9
313 156 342 186 0.003730 9
693 177 703 199 0.003728 9
257 180 262 191 0.003714 9
694 176 703 199 0.003688 9
260 142 268 160 0.003540 9
463 170 471 184 0.003504 9
814 142 824 156 0.003421 9
257 143 267 160 0.003418 9
802 147 813 160 0.003400 9
596 135 605 143 0.003311 9
596 134 603 143 0.003262 9
848 182 857 202 0.003252 9
1185 159 1202 187 0.003240 9
518 181 545 200 0.003216 9
449 154 490 171 0.003209 9
523 183 536 198 0.003204 9
1150 103 1168 134 0.003193 9
111 150 128 164 0.003178 9
516 172 551 198 0.003133 9
1191 384 1205 401 0.003122 9
313 151 341 194 0.002851 9
1191 385 1204 401 0.002841 9
895 154 905 177 0.002786 9
484 173 495 184 0.002752 9
119 64 191 83 0.002749 9
1145 165 1155 185 0.002621 9
800 142 814 159 0.002575 9
841 151 859 166 0.002556 9
814 149 824 159 0.002555 9
172 64 201 90 0.002518 9
511 171 564 203 0.002456 9
1209 167 1225 195 0.002430 9
167 64 175 76 0.002419 9
313 149 338 188 0.002402 9
1187 163 1202 187 0.002397 9
314 155 341 195 0.002366 9
1151 102 1168 126 0.002306 9
894 152 905 175 0.002277 9
879 152 896 174 0.002268 9
160 64 177 92 0.002231 9
521 183 536 198 0.002218 9
1247 73 1264 94 0.002017 9
840 119 866 136 0.001997 9
1151 103 1168 130 0.001955 9
843 119 866 136 0.001940 9
118 64 164 77 0.001914 9
690 168 698 180 0.001909 9
372 154 381 184 0.001887 9
680 168 689 204 0.001876 9
549 172 574 202 0.001825 9
1153 165 1166 184 0.001806 9
1088 146 1104 177 0.001801 9
951 346 960 366 0.001748 9
841 119 863 135 0.001712 9
1187 166 1201 187 0.001688 9
1187 382 1218 416 0.001652 9
841 119 856 135 0.001652 9
448 158 489 175 0.001635 9
1008 136 1024 169 0.001612 9
927 72 934 88 0.001580 9
1007 135 1025 170 0.001562 9
1102 167 1121 205 0.001552 9
1007 136 1024 170 0.001530 9
1080 174 1088 184 0.001520 9
839 150 858 165 0.001492 9
124 64 179 91 0.001482 9
1183 383 1212 415 0.001459 9
627 171 634 191 0.001438 9
158 205 170 227 0.001434 9
1247 72 1267 94 0.001412 9
511 151 546 186 0.001411 9
1104 166 1121 204 0.001387 9
698 125 705 152 0.001382 9
832 139 858 164 0.001380 9
1185 151 1206 188 0.001364 9
665 181 671 196 0.001361 9
1135 165 1146 185 0.001343 9
1154 159 1168 184 0.001338 9
879 152 897 176 0.001336 9
1023 152 1040 168 0.001331 9
446 157 490 186 0.001321 9
155 64 201 91 0.001283 9
1226 166 1247 181 0.001270 9
512 168 549 188 0.001264 9
586 118 599 133 0.001259 9
895 152 909 177 0.001252 9
996 133 1008 175 0.001247 9
240 166 247 180 0.001222 9
1204 156 1230 188 0.001221 9
1183 157 1202 188 0.001215 9
1150 165 1187 184 0.001208 9
615 146 630 168 0.001199 9
1095 129 1106 175 0.001191 9
1045 154 1056 168 0.001179 9
1012 134 1038 169 0.001153 9
1088 149 1110 178 0.001141 9
996 131 1008 174 0.001139 9
1185 152 1214 190 0.001135 9
808 133 828 157 0.001134 9
832 135 860 167 0.001130 9
831 134 861 165 0.001121 9
993 138 1001 168 0.001117 9
1012 134 1040 168 0.001116 9
698 130 705 152 0.001102 9
511 145 524 176 0.001086 9
1021 152 1040 168 0.001075 9
802 131 822 158 0.001069 9
810 152 859 181 0.001068 9
1182 382 1212 416 0.001064 9
352 160 363 192 0.001060 9
158 205 169 228 0.001044 9
993 134 1002 170 0.001043 9
1023 151 1040 166 0.001034 9
693 176 700 197 0.001016 9
313 148 345 188 0.000972 9
1184 160 1217 191 0.000953 9
1077 152 1102 185 0.000952 9
314 64 369 193 0.000952 9
68 169 81 177 0.000948 9
1198 150 1206 175 0.000941 9
1022 151 1040 168 0.000935 9
693 120 706 153 0.000926 9
566 160 580 178 0.000925 9
1108 155 1118 168 0.000918 9
511 167 579 203 0.000900 9
95 168 103 176 0.000899 9
124 64 177 76 0.000881 9
120 64 188 91 0.000876 9
118 64 199 91 0.000873 9
1129 159 1173 185 0.000873 9
846 165 871 221 0.000867 9
1228 167 1246 181 0.000862 9
996 133 1008 173 0.000860 9
1247 65 1279 94 0.000856 9
1246 355 1263 376 0.000854 9
684 169 697 200 0.000850 9
1201 402 1215 416 0.000846 9
1247 346 1260 357 0.000833 9
571 161 581 178 0.000832 9
265 215 275 231 0.000818 9
638 160 644 168 0.000812 9
1222 165 1232 182 0.000808 9
312 72 341 190 0.000804 9
1092 148 1112 176 0.000802 9
1171 150 1184 163 0.000796 9
848 179 868 214 0.000792 9
586 118 599 143 0.000786 9
1208 165 1232 194 0.000782 9
580 64 596 88 0.000779 9
799 135 813 157 0.000779 9
836 119 861 135 0.000761 9
1100 138 1110 165 0.000761 9
580 64 596 90 0.000759 9
163 64 184 76 0.000758 9
994 133 1003 171 0.000757 9
997 133 1009 181 0.000754 9
512 168 567 198 0.000754 9
809 160 856 181 0.000753 9
664 153 671 174 0.000746 9
661 153 671 174 0.000733 9
111 150 128 165 0.000732 9
1088 151 1118 181 0.000728 9
1207 156 1229 184 0.000727 9
1096 128 1105 146 0.000704 9
1045 152 1056 168 0.000693 9
595 134 605 144 0.000684 9
1160 165 1189 185 0.000672 9
587 172 595 185 0.000659 9
1198 396 1207 423 0.000658 9
571 161 580 178 0.000656 9
1225 162 1248 181 0.000641 9
960 135 976 159 0.000625 9
809 165 842 181 0.000625 9
927 104 937 120 0.000615 9
1077 149 1103 184 0.000612 9
446 156 492 216 0.000601 9
342 165 353 199 0.000595 9
842 150 875 191 0.000594 9
547 160 579 183 0.000591 9
244 176 257 192 0.000585 9
256 176 263 193 0.000583 9
629 166 641 184 0.000580 9
352 164 362 190 0.000572 9
861 111 869 119 0.000570 9
664 171 671 187 0.000559 9
1050 120 1062 143 0.000558 9
312 83 369 194 0.000555 9
384 149 394 161 0.000551 9
512 145 525 178 0.000548 9
586 119 598 135 0.000543 9
959 135 971 155 0.000539 9
95 151 105 176 0.000528 9
864 341 880 376 0.000527 9
805 127 826 157 0.000527 9
241 177 256 196 0.000526 9
595 64 625 92 0.000524 9
993 120 1006 174 0.000518 9
686 118 706 153 0.000512 9
856 283 862 295 0.000510 9
831 134 860 154 0.000510 9
1183 162 1218 199 0.000506 9
372 150 382 183 0.000505 9
1099 131 1111 167 0.000504 9
594 149 601 165 0.000493 9
318 90 332 157 0.000489 9
339 165 352 197 0.000485 9
266 216 277 231 0.000483 9
1150 109 1166 134 0.000481 9
312 148 342 187 0.000480 9
1179 381 1216 413 0.000479 9
451 156 493 198 0.000473 9
595 121 605 144 0.000473 9
1011 133 1025 170 0.000470 9
842 150 871 173 0.000466 9
1121 64 1152 78 0.000465 9
1050 118 1063 139 0.000458 9
1212 369 1223 387 0.000457 9
809 156 855 179 0.000454 9
1124 161 1171 186 0.000453 9
994 133 1008 173 0.000451 9
1181 159 1204 221 0.000451 9
447 157 508 170 0.000449 9
843 115 870 136 0.000446 9
1116 163 1147 186 0.000439 9
1223 161 1248 181 0.000438 9
831 135 859 157 0.000438 9
221 176 247 194 0.000434 9
351 159 370 199 0.000427 9
332 170 346 199 0.000426 9
810 151 859 176 0.000426 9
829 134 918 174 0.000425 9
893 151 910 178 0.000425 9
1180 381 1207 411 0.000418 9
118 64 195 93 0.000418 9
1120 64 1152 77 0.000416 9
511 150 545 180 0.000413 9
111 136 128 165 0.000413 9
638 160 649 184 0.000411 9
210 167 217 176 0.000407 9
1100 163 1142 197 0.000404 9
681 168 702 210 0.000404 9
975 144 984 155 0.000402 9
1199 131 1208 152 0.000402 9
1100 162 1197 206 0.000401 9
315 91 332 164 0.000399 9
475 150 524 176 0.000391 9
639 161 658 200 0.000391 9
484 150 525 203 0.000384 9
593 64 624 93 0.000384 9
1105 164 1148 207 0.000382 9
1204 151 1226 177 0.000382 9
830 134 916 170 0.000381 9
1210 152 1225 163 0.000379 9
1108 152 1118 167 0.000378 9
579 64 598 92 0.000372 9
1137 99 1172 168 0.000371 9
629 159 644 172 0.000371 9
1075 144 1103 182 0.000368 9
1175 381 1185 391 0.000367 9
1180 162 1225 224 0.000364 9
959 135 973 155 0.000361 9
1148 86 1169 131 0.000360 9
686 118 708 152 0.000358 9
1102 168 1121 204 0.000357 9
867 136 938 179 0.000357 9
691 168 705 183 0.000354 9
840 148 868 169 0.000353 9
587 168 595 184 0.000352 9
1204 158 1231 183 0.000349 9
623 263 640 283 0.000347 9
210 182 224 205 0.000344 9
642 160 658 184 0.000343 9
1016 136 1040 167 0.000340 9
1102 164 1140 206 0.000335 9
830 125 874 168 0.000334 9
568 142 580 162 0.000332 9
999 127 1007 135 0.000326 9
575 132 581 145 0.000326 9
481 149 524 172 0.000324 9
222 176 246 196 0.000324 9
858 136 931 175 0.000323 9
338 162 353 196 0.000322 9
1097 121 1136 170 0.000319 9
1123 88 1168 136 0.000318 9
800 117 835 159 0.000311 9
1198 134 1206 162 0.000310 9
650 153 667 175 0.000303 9
1125 161 1136 178 0.000303 9
351 158 365 193 0.000302 9
680 146 689 163 0.000300 9
650 152 671 175 0.000296 9
1072 161 1095 206 0.000290 9
1182 371 1225 415 0.000290 9
809 164 860 200 0.000289 9
623 150 640 169 0.000289 9
1072 145 1100 200 0.000285 9
68 169 81 190 0.000283 9
662 149 671 174 0.000282 9
222 176 242 197 0.000281 9
361 150 383 189 0.000280 9
831 151 845 164 0.000277 9
751 74 785 154 0.000277 9
665 183 671 211 0.000276 9
566 144 580 168 0.000274 9
663 521 672 535 0.000273 9
1040 152 1056 169 0.000267 9
1125 87 1168 134 0.000263 9
1134 105 1172 165 0.000262 9
845 118 871 136 0.000262 9
1150 528 1157 535 0.000262 9
648 159 657 175 0.000260 9
764 73 785 154 0.000260 9
662 168 690 214 0.000260 9
785 114 832 157 0.000260 9
1165 165 1193 184 0.000260 9
808 161 858 187 0.000259 9
832 118 844 134 0.000258 9
683 118 708 169 0.000255 9
255 108 263 128 0.000254 9
348 148 379 191 0.000251 9
1050 116 1066 147 0.000251 9
766 77 784 153 0.000250 9
698 119 715 154 0.000248 9
1128 87 1169 132 0.000244 9
832 120 849 136 0.000243 9
1101 154 1139 187 0.000241 9
571 136 581 163 0.000240 9
810 158 858 180 0.000238 9
1083 132 1105 178 0.000237 9
306 77 341 194 0.000237 9
1121 161 1157 186 0.000236 9
927 149 938 170 0.000236 9
1123 92 1168 144 0.000236 9
1054 152 1064 168 0.000235 9
1102 127 1112 154 0.000234 9
1140 125 1172 167 0.000234 9
1129 164 1174 219 0.000233 9
1176 383 1257 426 0.000232 9
1136 129 1169 165 0.000230 9
702 157 711 179 0.000230 9
1049 124 1105 191 0.000229 9
256 84 263 97 0.000228 9
1169 150 1194 176 0.000228 9
701 151 711 176 0.000227 9
265 215 277 232 0.000226 9
680 138 689 160 0.000225 9
119 64 170 91 0.000224 9
223 169 231 176 0.000224 9
574 124 581 144 0.000223 9
910 138 933 181 0.000223 9
314 66 335 167 0.000223 9
309 100 393 195 0.000222 9
1224 163 1278 182 0.000221 9
1055 152 1063 163 0.000219 9
805 148 856 184 0.000218 9
585 118 603 165 0.000217 9
160 65 178 93 0.000216 9
1100 121 1136 169 0.000215 9
960 134 982 162 0.000214 9
1136 132 1158 162 0.000214 9
693 117 717 155 0.000214 9
308 88 331 162 0.000214 9
1134 128 1177 186 0.000213 9
567 142 581 169 0.000212 9
376 161 408 185 0.000211 9
316 89 360 168 0.000211 9
368 166 387 199 0.000210 9
905 65 942 120 0.000209 9
713 133 720 153 0.000207 9
1014 131 1040 169 0.000207 9
1175 151 1202 188 0.000205 9
494 168 514 198 0.000203 9
685 118 706 134 0.000201 9
545 265 557 281 0.000201 9
680 146 689 183 0.000200 9
1085 142 1128 179 0.000199 9
67 169 81 179 0.000198 9
320 83 345 168 0.000198 9
782 112 831 156 0.000195 9
1170 139 1185 166 0.000192 9
870 120 879 134 0.000192 9
416 175 422 203 0.000192 9
171 64 240 91 0.000190 9
848 303 856 311 0.000189 9
959 119 968 132 0.000189 9
563 161 582 201 0.000187 9
701 118 715 128 0.000187 9
316 64 356 174 0.000187 9
68 169 80 200 0.000186 9
259 168 272 195 0.000186 9
1150 99 1205 137 0.000186 9
380 149 402 164 0.000185 9
697 152 709 176 0.000185 9
595 138 608 172 0.000184 9
1182 383 1261 428 0.000184 9
1143 152 1194 185 0.000184 9
1150 98 1191 138 0.000183 9
927 69 944 118 0.000183 9
1231 637 1248 700 0.000182 9
891 140 936 181 0.000180 9
997 134 1023 182 0.000179 9
1138 129 1187 182 0.000179 9
1080 119 1139 212 0.000178 9
1126 164 1190 220 0.000177 9
697 131 709 177 0.000176 9
1036 150 1056 168 0.000174 9
860 155 897 190 0.000171 9
371 151 408 184 0.000171 9
369 149 409 185 0.000171 9
1057 138 1103 185 0.000168 9
1213 397 1232 426 0.000168 9
783 111 836 157 0.000165 9
1169 149 1187 168 0.000164 9
756 79 785 154 0.000164 9
212 173 233 202 0.000163 9
1133 99 1201 179 0.000163 9
1150 95 1204 143 0.000163 9
991 114 1002 174 0.000163 9
309 98 327 160 0.000161 9
372 160 409 185 0.000161 9
1103 128 1136 168 0.000161 9
170 64 259 90 0.000160 9
1192 140 1200 153 0.000159 9
573 64 597 93 0.000158 9
560 150 566 161 0.000158 9
256 71 265 98 0.000157 9
660 171 692 216 0.000157 9
663 520 672 535 0.000157 9
511 151 548 182 0.000157 9
261 166 272 180 0.000157 9
280 64 434 195 0.000156 9
700 131 713 154 0.000155 9
96 182 102 200 0.000155 9
975 118 982 130 0.000155 9
312 97 331 166 0.000154 9
339 80 496 234 0.000154 9
256 146 269 177 0.000153 9
967 119 977 135 0.000153 9
170 146 179 168 0.000152 9
1182 381 1252 416 0.000152 9
927 141 938 170 0.000151 9
588 116 606 146 0.000151 9
371 162 409 186 0.000150 9
1198 129 1226 176 0.000150 9
1073 150 1084 171 0.000150 9
415 175 422 202 0.000150 9
806 135 836 163 0.000149 9
644 162 662 203 0.000148 9
292 67 343 195 0.000146 9
802 125 841 160 0.000146 9
680 118 710 179 0.000144 9
462 181 480 203 0.000144 9
212 164 229 184 0.000143 9
860 136 938 175 0.000141 9
1134 104 1207 183 0.000140 9
751 83 770 154 0.000140 9
1137 128 1193 172 0.000139 9
1200 386 1261 428 0.000139 9
867 121 879 136 0.000139 9
524 149 544 172 0.000137 9
810 151 855 166 0.000137 9
990 131 1009 209 0.000137 9
310 108 333 186 0.000137 9
1101 121 1135 164 0.000137 9
875 135 940 180 0.000136 9
596 134 621 170 0.000135 9
967 138 988 163 0.000135 9
750 77 773 154 0.000135 9
258 142 274 173 0.000133 9
680 121 691 162 0.000133 9
665 162 689 197 0.000132 9
1135 129 1161 163 0.000132 9
308 84 333 157 0.000131 9
808 117 839 157 0.000130 9
591 131 607 173 0.000130 9
594 64 626 106 0.000129 9
1134 129 1166 183 0.000128 9
735 87 754 122 0.000128 9
1088 147 1125 187 0.000127 9
1201 130 1220 157 0.000126 9
578 64 598 98 0.000126 9
1047 117 1128 183 0.000126 9
966 134 991 156 0.000126 9
405 180 418 203 0.000125 9
1088 251 1098 270 0.000124 9
310 105 326 159 0.000124 9
1144 96 1196 169 0.000121 9
975 141 993 161 0.000121 9
1261 70 1279 98 0.000121 9
255 64 369 195 0.000120 9
927 103 937 133 0.000120 9
543 265 562 281 0.000120 9
1073 149 1081 165 0.000118 9
360 89 497 223 0.000117 9
786 136 806 155 0.000117 9
314 64 340 160 0.000117 9
664 117 671 142 0.000117 9
1060 156 1106 218 0.000117 9
908 135 938 151 0.000116 9
863 135 940 180 0.000115 9
624 64 640 73 0.000115 9
574 64 596 89 0.000115 9
1096 118 1135 169 0.000114 9
766 72 784 147 0.000114 9
446 146 492 171 0.000114 9
698 148 711 177 0.000113 9
112 149 127 163 0.000113 9
972 138 995 167 0.000112 9
1155 94 1206 146 0.000112 9
959 116 977 154 0.000111 9
927 135 942 149 0.000111 9
689 172 711 204 0.000110 9
210 66 242 86 0.000110 9
312 129 367 197 0.000109 9
253 94 264 128 0.000109 9
912 149 929 181 0.000108 9
310 105 327 166 0.000108 9
963 120 1000 170 0.000106 9
785 132 805 154 0.000106 9
1044 113 1138 192 0.000105 9
1126 87 1168 126 0.000104 9
905 127 912 137 0.000104 9
826 133 922 169 0.000104 9
1181 121 1211 166 0.000103 9
1005 134 1035 193 0.000103 9
783 112 834 146 0.000103 9
67 169 86 177 0.000102 9
448 143 493 172 0.000102 9
1050 110 1083 146 0.020180 11
1053 112 1081 146 0.002855 11
