703 195 737 275 0.762383 0
527 193 550 244 0.573463 0
1030 199 1075 324 0.568742 0
1030 199 1081 325 0.546985 0
527 193 553 244 0.435356 0
910 189 939 266 0.417409 0
1100 194 1116 253 0.297426 0
910 188 942 270 0.272444 0
1030 199 1090 326 0.253907 0
910 188 941 262 0.230758 0
910 189 937 260 0.180865 0
452 197 465 250 0.173555 0
1100 194 1115 248 0.163316 0
910 192 935 261 0.159991 0
909 189 941 293 0.157687 0
1101 194 1115 221 0.136381 0
912 189 942 259 0.132609 0
1123 213 1138 248 0.103202 0
1098 194 1116 253 0.094772 0
574 428 592 457 0.089258 0
1113 191 1137 252 0.084023 0
1100 194 1124 256 0.082068 0
913 194 944 264 0.072594 0
750 417 770 473 0.067570 0
527 194 556 243 0.064756 0
1113 193 1136 254 0.063914 0
1102 194 1127 254 0.055495 0
1215 196 1226 214 0.052929 0
453 198 466 230 0.048683 0
1117 192 1137 226 0.046233 0
1120 192 1138 247 0.045167 0
1214 196 1226 220 0.043537 0
1214 195 1226 226 0.041781 0
528 193 549 238 0.040565 0
1099 201 1121 253 0.040436 0
451 197 466 251 0.040129 0
450 197 466 250 0.040106 0
909 198 932 259 0.038819 0
907 189 938 295 0.038709 0
1213 195 1227 231 0.037835 0
1111 208 1137 257 0.037544 0
1115 192 1135 222 0.037471 0
1114 192 1133 249 0.037320 0
1098 194 1115 224 0.032145 0
1125 212 1138 232 0.031981 0
633 202 643 215 0.031586 0
1122 191 1136 221 0.030758 0
633 202 643 215 0.029923 0
1114 193 1133 222 0.027055 0
1098 194 1114 219 0.026752 0
510 195 519 210 0.026098 0
1214 194 1226 213 0.025966 0
527 197 542 227 0.023965 0
453 196 468 249 0.023649 0
965 372 978 391 0.023406 0
1102 194 1125 252 0.022557 0
750 425 769 472 0.022134 0
1086 195 1116 258 0.020736 0
965 369 979 390 0.019888 0
784 198 794 215 0.019047 0
863 439 875 455 0.018259 0
511 191 523 209 0.017683 0
1213 195 1227 233 0.017318 0
515 192 524 207 0.016489 0
1029 202 1103 286 0.016339 0
1101 199 1130 258 0.016318 0
1071 484 1080 500 0.015738 0
1123 211 1147 252 0.015411 0
633 201 646 215 0.015329 0
247 206 258 224 0.015110 0
964 369 980 407 0.014726 0
920 188 938 219 0.014484 0
965 371 979 392 0.014356 0
464 201 477 251 0.014058 0
692 206 703 236 0.012912 0
1013 206 1025 223 0.012689 0
463 200 477 251 0.012213 0
514 191 526 209 0.012138 0
539 193 551 216 0.012104 0
1000 385 1013 399 0.011736 0
750 431 769 473 0.011734 0
1030 218 1065 316 0.011723 0
633 202 649 216 0.011236 0
864 440 873 455 0.011145 0
1117 190 1141 246 0.011143 0
1108 193 1121 221 0.010912 0
573 417 592 456 0.010787 0
1071 486 1080 503 0.010574 0
247 208 256 224 0.010456 0
510 194 519 217 0.010450 0
1121 212 1162 259 0.010294 0
789 329 809 344 0.010183 0
965 368 980 396 0.010177 0
918 189 937 220 0.009996 0
454 200 465 216 0.009838 0
750 435 767 472 0.009718 0
465 200 478 252 0.009714 0
1107 194 1121 222 0.009646 0
1143 213 1163 253 0.009122 0
573 426 592 456 0.008994 0
1014 388 1022 400 0.008395 0
1126 210 1146 251 0.008307 0
1117 192 1143 227 0.008291 0
966 368 981 392 0.008143 0
960 368 982 408 0.008130 0
691 206 706 238 0.008125 0
247 205 262 225 0.008117 0
1011 206 1025 225 0.007980 0
1000 385 1012 399 0.007924 0
463 200 478 269 0.007813 0
456 200 477 256 0.007630 0
1145 214 1162 252 0.007588 0
214 189 224 227 0.007504 0
847 198 865 241 0.007380 0
1071 482 1080 499 0.007363 0
573 400 593 457 0.007355 0
999 384 1020 400 0.007332 0
847 199 857 226 0.007282 0
738 201 745 215 0.007243 0
973 372 981 392 0.007098 0
213 192 224 228 0.007074 0
1055 487 1066 497 0.006927 0
846 199 857 242 0.006899 0
637 199 653 216 0.006836 0
1041 456 1048 464 0.006824 0
1177 496 1185 504 0.006685 0
247 198 259 224 0.006681 0
1071 484 1081 502 0.006499 0
1210 195 1226 217 0.006494 0
1210 194 1226 230 0.006461 0
963 369 980 407 0.006418 0
526 193 557 239 0.006374 0
670 208 680 231 0.006277 0
846 200 855 239 0.006231 0
1248 473 1264 517 0.005985 0
910 188 949 249 0.005903 0
1232 197 1256 233 0.005771 0
453 199 465 217 0.005675 0
670 207 678 230 0.005500 0
510 192 526 236 0.005483 0
999 383 1023 401 0.005477 0
957 366 981 419 0.005468 0
245 208 256 239 0.005454 0
783 197 794 234 0.005437 0
784 193 795 216 0.005385 0
1214 195 1229 233 0.005261 0
1015 456 1024 466 0.005244 0
1085 192 1116 254 0.005242 0
1091 192 1116 253 0.005175 0
631 423 640 459 0.005100 0
863 435 877 455 0.004938 0
1036 198 1049 218 0.004900 0
783 195 795 237 0.004855 0
847 200 856 232 0.004764 0
976 367 985 391 0.004753 0
862 432 870 446 0.004688 0
847 197 866 242 0.004600 0
648 409 656 424 0.004587 0
864 438 880 456 0.004526 0
1249 478 1264 517 0.004490 0
1046 482 1057 496 0.004484 0
1008 432 1015 439 0.004445 0
0 64 69 219 0.004427 0
610 418 624 464 0.004427 0
573 395 592 458 0.004411 0
1192 383 1206 401 0.004373 0
961 366 985 410 0.004364 0
606 176 614 184 0.004349 0
1182 352 1193 392 0.004344 0
981 370 992 392 0.004327 0
638 687 671 703 0.004214 0
783 196 799 235 0.004211 0
512 191 532 239 0.004167 0
878 434 889 456 0.004133 0
784 197 797 215 0.004129 0
1135 446 1143 457 0.004050 0
982 375 991 392 0.004031 0
969 456 976 462 0.003985 0
958 374 968 407 0.003977 0
1143 215 1163 251 0.003938 0
1036 200 1047 218 0.003935 0
1028 229 1101 309 0.003930 0
737 201 745 215 0.003915 0
964 359 982 392 0.003913 0
630 424 640 445 0.003862 0
630 424 640 461 0.003854 0
957 371 978 408 0.003846 0
1205 504 1216 513 0.003837 0
1178 344 1195 360 0.003833 0
960 362 980 403 0.003790 0
978 367 987 395 0.003759 0
647 408 655 424 0.003746 0
1135 445 1144 469 0.003732 0
1199 503 1210 512 0.003726 0
568 425 576 431 0.003707 0
245 207 259 230 0.003697 0
959 373 972 398 0.003697 0
911 188 953 212 0.003667 0
1158 498 1169 510 0.003595 0
455 196 479 302 0.003593 0
608 407 624 463 0.003568 0
1247 477 1257 485 0.003557 0
670 207 679 230 0.003498 0
242 212 253 239 0.003494 0
1247 473 1257 484 0.003437 0
245 198 262 226 0.003432 0
450 198 465 217 0.003430 0
878 436 889 457 0.003387 0
957 365 986 424 0.003378 0
610 425 624 465 0.003378 0
1183 360 1192 391 0.003345 0
213 194 225 230 0.003327 0
983 447 993 455 0.003316 0
1270 198 1279 242 0.003295 0
846 212 857 242 0.003286 0
34 64 339 217 0.003274 0
1129 208 1162 251 0.003272 0
1176 497 1185 511 0.003269 0
864 441 879 456 0.003255 0
1073 486 1081 505 0.003229 0
1185 192 1228 264 0.003195 0
993 446 1000 457 0.003189 0
242 201 259 234 0.003185 0
454 195 479 254 0.003185 0
932 202 952 253 0.003178 0
1198 382 1213 418 0.003160 0
690 206 705 238 0.003154 0
1192 357 1212 406 0.003140 0
1006 208 1025 249 0.003117 0
725 417 737 455 0.003115 0
1129 502 1136 509 0.003068 0
773 429 784 457 0.003052 0
692 197 713 272 0.003043 0
915 473 928 486 0.003025 0
1215 196 1229 229 0.003020 0
319 204 331 228 0.003020 0
248 206 262 226 0.003004 0
478 198 488 216 0.002992 0
862 436 881 462 0.002972 0
509 191 529 248 0.002965 0
772 422 785 455 0.002939 0
1030 451 1040 464 0.002933 0
878 433 888 453 0.002928 0
913 452 928 484 0.002920 0
1197 381 1211 416 0.002891 0
1182 369 1193 391 0.002887 0
1179 344 1195 359 0.002857 0
722 418 738 459 0.002856 0
1034 210 1065 322 0.002823 0
977 366 986 392 0.002808 0
573 388 592 459 0.002801 0
1046 410 1061 424 0.002800 0
1199 195 1227 232 0.002793 0
1153 498 1166 511 0.002737 0
632 202 647 223 0.002719 0
638 690 651 703 0.002682 0
854 462 866 473 0.002674 0
1033 218 1080 329 0.002666 0
312 185 322 198 0.002649 0
159 207 167 224 0.002647 0
641 206 653 216 0.002625 0
988 205 999 227 0.002616 0
1 64 253 219 0.002598 0
1087 192 1095 211 0.002591 0
1078 456 1092 472 0.002589 0
757 430 799 473 0.002586 0
837 469 848 479 0.002575 0
1271 198 1279 242 0.002562 0
479 201 486 216 0.002555 0
1007 453 1014 466 0.002532 0
863 436 882 479 0.002528 0
1 64 219 219 0.002525 0
11 64 320 219 0.002513 0
1023 481 1036 495 0.002508 0
1248 478 1265 516 0.002487 0
860 432 886 456 0.002473 0
1056 486 1073 498 0.002434 0
735 681 753 703 0.002428 0
847 205 868 242 0.002418 0
1213 195 1231 234 0.002389 0
839 464 849 475 0.002385 0
690 198 734 276 0.002373 0
1014 444 1025 466 0.002367 0
735 445 744 458 0.002342 0
1033 222 1079 318 0.002337 0
750 417 770 456 0.002337 0
1046 480 1056 491 0.002327 0
1157 497 1169 509 0.002320 0
57 64 338 213 0.002309 0
1120 313 1135 343 0.002302 0
1028 206 1075 327 0.002301 0
111 203 120 236 0.002292 0
740 201 747 228 0.002280 0
316 64 639 318 0.002270 0
896 439 904 456 0.002267 0
726 417 737 439 0.002263 0
892 200 908 239 0.002247 0
1043 482 1055 495 0.002246 0
1192 383 1210 416 0.002228 0
774 431 784 457 0.002218 0
1231 458 1241 470 0.002215 0
993 448 1004 460 0.002214 0
608 451 624 467 0.002204 0
609 438 624 465 0.002185 0
1023 455 1033 464 0.002179 0
1120 312 1131 343 0.002176 0
956 369 979 444 0.002169 0
243 210 256 239 0.002158 0
931 199 953 252 0.002158 0
847 179 868 243 0.002149 0
1029 448 1039 463 0.002147 0
1088 192 1095 205 0.002138 0
570 393 593 456 0.002126 0
1 64 186 220 0.002115 0
823 463 832 472 0.002113 0
772 424 797 455 0.002107 0
813 328 846 344 0.002103 0
1120 190 1143 224 0.002099 0
749 425 796 473 0.002083 0
914 473 928 486 0.002077 0
1244 458 1257 472 0.002073 0
5 64 338 227 0.002051 0
451 192 466 218 0.002045 0
847 463 856 475 0.002032 0
638 688 661 703 0.002031 0
734 438 747 458 0.002024 0
792 329 822 344 0.002014 0
1007 447 1014 464 0.002000 0
831 463 841 474 0.001986 0
574 392 592 457 0.001985 0
1177 344 1196 360 0.001977 0
607 202 615 215 0.001965 0
1272 200 1279 247 0.001954 0
790 327 836 344 0.001932 0
690 201 713 275 0.001919 0
886 471 896 483 0.001913 0
982 205 994 227 0.001908 0
1177 344 1194 360 0.001904 0
376 186 385 201 0.001879 0
1112 502 1120 510 0.001877 0
242 215 251 239 0.001876 0
1165 343 1196 393 0.001866 0
241 195 254 224 0.001862 0
1135 444 1146 472 0.001861 0
449 201 464 251 0.001856 0
1085 458 1095 472 0.001855 0
977 361 993 393 0.001855 0
1252 501 1264 517 0.001846 0
628 426 640 461 0.001841 0
1085 457 1095 471 0.001839 0
1209 169 1225 208 0.001838 0
863 467 872 478 0.001820 0
1120 312 1128 327 0.001819 0
1078 457 1092 472 0.001811 0
516 195 536 245 0.001807 0
1130 208 1161 248 0.001803 0
1193 382 1210 418 0.001781 0
1023 446 1035 463 0.001776 0
1008 472 1015 491 0.001766 0
925 447 935 456 0.001762 0
1247 423 1254 435 0.001760 0
786 439 800 450 0.001757 0
585 422 625 469 0.001739 0
751 417 769 444 0.001735 0
957 367 980 425 0.001731 0
1269 197 1279 246 0.001730 0
429 222 439 229 0.001727 0
875 433 890 481 0.001715 0
989 199 1004 226 0.001708 0
877 433 891 458 0.001708 0
1151 440 1158 451 0.001706 0
1076 434 1088 456 0.001705 0
750 436 771 482 0.001700 0
1023 483 1036 497 0.001694 0
1222 194 1262 266 0.001692 0
1098 399 1103 406 0.001677 0
785 195 800 238 0.001670 0
1072 502 1081 511 0.001655 0
991 455 999 464 0.001650 0
1232 457 1240 468 0.001646 0
1196 357 1211 400 0.001645 0
1187 355 1212 406 0.001643 0
528 197 559 243 0.001641 0
1215 367 1225 388 0.001618 0
608 407 624 444 0.001614 0
1045 410 1056 424 0.001614 0
1069 199 1112 268 0.001612 0
990 210 998 226 0.001611 0
848 216 870 242 0.001598 0
577 414 624 468 0.001592 0
875 201 910 244 0.001590 0
891 201 906 240 0.001589 0
784 424 792 438 0.001588 0
581 419 624 469 0.001585 0
1023 481 1040 495 0.001575 0
1190 213 1211 229 0.001574 0
564 201 576 215 0.001558 0
592 418 625 466 0.001556 0
1176 344 1197 359 0.001552 0
772 432 799 457 0.001552 0
1077 192 1093 205 0.001550 0
1044 484 1069 500 0.001539 0
742 424 800 473 0.001529 0
800 440 808 450 0.001526 0
562 426 592 456 0.001523 0
733 421 773 471 0.001522 0
789 329 808 345 0.001508 0
555 200 571 216 0.001506 0
1024 448 1037 464 0.001493 0
462 201 476 238 0.001489 0
566 202 575 215 0.001480 0
1121 400 1128 414 0.001480 0
1121 322 1135 343 0.001474 0
1134 440 1144 459 0.001472 0
1151 497 1165 508 0.001472 0
719 418 742 467 0.001467 0
1127 446 1134 458 0.001464 0
719 414 747 468 0.001459 0
998 383 1022 402 0.001448 0
469 202 478 216 0.001446 0
960 455 968 464 0.001436 0
447 191 467 219 0.001429 0
699 201 713 274 0.001429 0
1242 455 1259 471 0.001415 0
1007 424 1016 440 0.001415 0
1120 396 1127 413 0.001415 0
623 187 632 200 0.001415 0
1150 499 1165 510 0.001413 0
601 407 624 442 0.001412 0
637 666 671 703 0.001409 0
509 424 527 450 0.001408 0
743 414 792 473 0.001402 0
638 663 672 703 0.001396 0
637 673 672 703 0.001393 0
1196 382 1217 415 0.001392 0
1080 432 1088 449 0.001383 0
802 440 816 454 0.001383 0
588 170 596 185 0.001378 0
999 383 1023 409 0.001367 0
950 355 982 460 0.001367 0
1247 475 1266 507 0.001366 0
783 328 809 344 0.001363 0
864 209 873 238 0.001363 0
1149 316 1169 360 0.001357 0
739 200 749 216 0.001356 0
574 432 595 465 0.001350 0
1269 200 1279 265 0.001350 0
1189 356 1211 393 0.001348 0
1127 445 1136 470 0.001343 0
683 197 693 215 0.001341 0
879 155 893 173 0.001324 0
632 189 641 201 0.001324 0
32 64 305 214 0.001318 0
1123 399 1129 413 0.001317 0
1238 454 1255 471 0.001302 0
808 382 814 391 0.001300 0
1045 412 1064 425 0.001299 0
815 440 824 454 0.001298 0
1135 441 1153 471 0.001297 0
1208 369 1224 407 0.001297 0
580 407 625 466 0.001296 0
858 218 872 251 0.001294 0
245 205 263 236 0.001287 0
751 443 765 479 0.001286 0
733 423 752 459 0.001282 0
313 64 476 207 0.001268 0
700 210 720 274 0.001262 0
68 166 82 184 0.001260 0
895 417 905 440 0.001247 0
885 439 897 456 0.001242 0
912 473 928 487 0.001240 0
646 192 654 204 0.001238 0
311 64 437 203 0.001233 0
1040 479 1069 498 0.001230 0
1120 314 1135 344 0.001227 0
593 424 610 448 0.001222 0
893 414 913 457 0.001219 0
471 198 479 212 0.001213 0
159 208 167 227 0.001210 0
511 332 521 350 0.001210 0
1071 433 1085 456 0.001201 0
982 201 1000 227 0.001192 0
1009 448 1024 469 0.001191 0
719 427 736 459 0.001189 0
895 415 913 442 0.001188 0
1238 422 1246 439 0.001188 0
914 448 930 457 0.001187 0
684 204 699 234 0.001184 0
684 196 734 276 0.001179 0
1173 344 1198 359 0.001175 0
568 427 592 457 0.001173 0
1001 432 1008 440 0.001171 0
820 329 847 344 0.001171 0
1183 503 1198 512 0.001170 0
1202 495 1214 504 0.001168 0
1120 320 1136 344 0.001167 0
814 193 857 241 0.001164 0
643 411 656 439 0.001162 0
608 407 624 434 0.001160 0
974 205 984 223 0.001152 0
864 219 873 234 0.001152 0
213 184 231 228 0.001149 0
1239 456 1256 471 0.001147 0
1070 207 1079 224 0.001146 0
895 415 906 434 0.001137 0
1138 441 1153 465 0.001136 0
1080 405 1088 414 0.001132 0
1071 463 1079 471 0.001131 0
1074 436 1088 456 0.001130 0
895 419 904 456 0.001129 0
910 188 942 225 0.001128 0
712 426 720 442 0.001113 0
693 198 709 234 0.001112 0
913 454 928 464 0.001109 0
574 417 624 467 0.001104 0
681 197 692 216 0.001099 0
763 434 782 455 0.001097 0
860 463 872 478 0.001091 0
1212 167 1230 227 0.001090 0
999 384 1022 408 0.001085 0
1180 163 1203 218 0.001083 0
1247 423 1255 441 0.001076 0
948 352 962 398 0.001074 0
312 64 467 336 0.001073 0
508 412 528 443 0.001072 0
637 677 672 703 0.001069 0
734 421 769 466 0.001060 0
961 358 991 393 0.001053 0
859 207 874 239 0.001052 0
670 207 684 233 0.001046 0
885 438 897 456 0.001035 0
1143 505 1152 511 0.001028 0
689 204 712 275 0.001027 0
1072 425 1082 454 0.001025 0
508 422 521 437 0.001023 0
1186 195 1245 267 0.001023 0
1039 479 1056 495 0.001022 0
574 367 592 446 0.001021 0
644 425 656 453 0.001019 0
1134 443 1147 467 0.001017 0
766 196 786 234 0.001016 0
998 375 1023 400 0.001013 0
888 415 914 458 0.001007 0
1111 395 1121 407 0.001006 0
573 424 611 457 0.000997 0
454 197 480 305 0.000997 0
316 64 628 351 0.000995 0
1106 187 1158 256 0.000994 0
816 441 824 454 0.000987 0
345 186 353 199 0.000986 0
1036 217 1070 259 0.000976 0
857 401 863 411 0.000972 0
1036 193 1050 218 0.000972 0
892 452 929 486 0.000963 0
607 407 624 431 0.000953 0
733 422 751 457 0.000953 0
998 454 1007 465 0.000946 0
955 369 989 428 0.000946 0
331 64 436 214 0.000945 0
798 418 809 440 0.000940 0
778 423 802 455 0.000940 0
735 680 754 703 0.000935 0
1197 357 1210 387 0.000934 0
960 440 967 454 0.000931 0
799 421 812 445 0.000927 0
635 190 651 214 0.000912 0
314 64 432 216 0.000911 0
755 419 784 462 0.000911 0
213 185 230 229 0.000903 0
857 224 871 267 0.000902 0
1035 214 1063 314 0.000898 0
895 436 904 456 0.000895 0
1184 496 1219 513 0.000893 0
782 463 799 473 0.000893 0
960 442 968 456 0.000891 0
717 409 774 468 0.000891 0
1179 215 1215 264 0.000890 0
1064 465 1072 471 0.000889 0
1110 391 1123 407 0.000888 0
1094 496 1105 504 0.000882 0
912 448 923 457 0.000879 0
734 324 744 338 0.000877 0
1000 383 1024 422 0.000873 0
729 435 769 473 0.000869 0
606 361 624 409 0.000868 0
1109 454 1120 471 0.000866 0
1197 383 1212 423 0.000863 0
982 207 1009 242 0.000861 0
1262 173 1279 243 0.000861 0
1054 245 1081 337 0.000859 0
1008 475 1015 494 0.000858 0
703 416 721 462 0.000856 0
0 64 23 217 0.000853 0
896 472 914 486 0.000852 0
415 250 420 270 0.000852 0
800 421 817 445 0.000851 0
431 519 441 550 0.000850 0
605 358 628 411 0.000847 0
719 436 731 463 0.000845 0
856 431 898 485 0.000842 0
574 389 592 448 0.000841 0
1147 313 1169 360 0.000841 0
309 64 446 283 0.000831 0
351 188 357 199 0.000831 0
1111 456 1120 473 0.000829 0
325 65 443 357 0.000828 0
682 200 692 217 0.000826 0
210 196 223 227 0.000825 0
375 185 386 212 0.000823 0
666 207 678 230 0.000817 0
996 445 1008 459 0.000816 0
1073 193 1099 223 0.000814 0
199 211 208 226 0.000813 0
666 207 679 230 0.000813 0
658 421 672 438 0.000812 0
975 456 982 464 0.000812 0
1138 440 1153 459 0.000811 0
800 414 809 422 0.000808 0
603 359 624 392 0.000807 0
510 409 528 432 0.000806 0
719 429 729 446 0.000806 0
609 358 624 376 0.000805 0
1179 213 1208 250 0.000804 0
1239 424 1247 440 0.000802 0
333 185 343 199 0.000800 0
311 64 494 205 0.000794 0
821 455 832 471 0.000792 0
1135 443 1154 472 0.000791 0
1184 188 1230 264 0.000789 0
460 201 479 271 0.000786 0
766 200 786 235 0.000785 0
919 386 928 406 0.000783 0
344 64 440 213 0.000780 0
925 436 934 455 0.000777 0
1111 503 1120 520 0.000777 0
823 486 848 512 0.000773 0
876 435 917 484 0.000771 0
997 382 1023 413 0.000771 0
855 223 871 267 0.000771 0
574 391 591 444 0.000764 0
693 424 703 441 0.000763 0
213 186 232 230 0.000760 0
320 64 460 359 0.000754 0
1008 470 1015 484 0.000748 0
573 426 613 461 0.000748 0
1045 411 1060 437 0.000745 0
982 455 993 464 0.000742 0
974 369 992 409 0.000741 0
984 351 992 360 0.000738 0
500 410 524 429 0.000737 0
1231 466 1242 483 0.000737 0
591 579 600 615 0.000736 0
1007 374 1023 400 0.000728 0
624 422 641 461 0.000727 0
1095 440 1103 457 0.000726 0
1189 195 1264 267 0.000725 0
597 359 624 393 0.000725 0
1216 443 1225 457 0.000724 0
1231 424 1240 434 0.000722 0
973 365 993 417 0.000718 0
135 214 147 235 0.000718 0
1263 64 1279 167 0.000717 0
316 64 630 207 0.000713 0
1012 424 1025 439 0.000710 0
1151 440 1160 459 0.000705 0
751 317 766 344 0.000703 0
799 419 818 440 0.000702 0
1157 437 1167 454 0.000701 0
704 203 736 274 0.000700 0
604 358 628 436 0.000700 0
973 207 986 235 0.000695 0
332 64 492 356 0.000691 0
1043 413 1057 456 0.000690 0
907 336 923 346 0.000689 0
655 419 666 434 0.000687 0
1246 470 1267 494 0.000686 0
1035 212 1066 241 0.000682 0
945 348 977 405 0.000680 0
716 419 732 445 0.000678 0
0 64 67 346 0.000677 0
576 443 609 459 0.000673 0
625 201 649 217 0.000669 0
306 64 448 205 0.000668 0
767 431 777 446 0.000667 0
1163 346 1198 394 0.000666 0
83 64 342 204 0.000666 0
1220 446 1232 473 0.000665 0
1174 213 1189 247 0.000664 0
949 455 960 465 0.000660 0
655 664 672 702 0.000660 0
1065 206 1074 223 0.000657 0
1095 439 1103 452 0.000652 0
911 380 922 408 0.000652 0
1113 392 1127 412 0.000650 0
945 357 976 403 0.000649 0
666 423 699 440 0.000647 0
320 64 657 341 0.000645 0
209 198 224 227 0.000645 0
981 352 995 377 0.000641 0
1164 471 1178 479 0.000641 0
1202 408 1216 423 0.000641 0
69 64 339 233 0.000640 0
671 423 698 440 0.000640 0
246 278 256 295 0.000640 0
908 183 955 212 0.000639 0
567 535 576 557 0.000639 0
802 440 816 455 0.000638 0
602 359 623 376 0.000638 0
815 471 828 477 0.000637 0
320 625 328 648 0.000637 0
681 202 691 216 0.000637 0
983 441 992 455 0.000633 0
242 208 263 241 0.000631 0
861 446 884 479 0.000630 0
199 209 208 224 0.000628 0
318 64 431 205 0.000626 0
1096 400 1104 417 0.000622 0
1040 411 1049 425 0.000622 0
786 325 838 344 0.000621 0
929 378 946 409 0.000621 0
0 64 18 214 0.000616 0
647 409 666 432 0.000614 0
631 683 653 703 0.000613 0
1122 439 1139 470 0.000611 0
974 201 984 217 0.000611 0
1174 347 1212 390 0.000610 0
265 204 275 231 0.000609 0
1071 196 1086 217 0.000608 0
1080 401 1088 411 0.000607 0
935 455 943 464 0.000605 0
943 382 950 394 0.000603 0
1217 451 1224 466 0.000602 0
110 203 133 241 0.000598 0
1150 286 1168 346 0.000595 0
1153 471 1168 479 0.000593 0
1171 364 1216 419 0.000592 0
856 432 869 440 0.000590 0
1143 391 1153 403 0.000588 0
1191 356 1214 392 0.000588 0
615 358 624 375 0.000587 0
637 162 657 201 0.000587 0
1247 476 1275 515 0.000587 0
1028 221 1059 314 0.000586 0
1038 447 1048 465 0.000586 0
575 437 594 462 0.000585 0
1080 489 1106 506 0.000581 0
1035 200 1069 227 0.000580 0
1092 455 1104 472 0.000578 0
1249 424 1264 440 0.000578 0
0 64 55 220 0.000578 0
994 381 1023 423 0.000577 0
927 428 934 444 0.000577 0
431 519 441 550 0.000576 0
1195 375 1241 422 0.000575 0
1165 344 1194 396 0.000574 0
510 333 521 349 0.000570 0
1151 450 1160 469 0.000569 0
659 409 672 433 0.000567 0
1071 424 1080 435 0.000567 0
431 217 439 226 0.000566 0
968 448 976 461 0.000566 0
1180 164 1235 261 0.000565 0
679 384 688 398 0.000564 0
999 515 1008 537 0.000563 0
1093 452 1104 470 0.000562 0
386 197 396 206 0.000561 0
1071 443 1080 456 0.000560 0
1117 284 1138 344 0.000558 0
110 220 124 254 0.000557 0
719 430 743 471 0.000556 0
927 347 985 458 0.000555 0
1254 426 1264 441 0.000552 0
1220 445 1232 456 0.000552 0
1148 342 1200 394 0.000551 0
1085 490 1098 504 0.000547 0
1017 478 1025 489 0.000543 0
879 318 897 344 0.000542 0
751 315 764 345 0.000542 0
783 318 832 344 0.000541 0
772 459 792 473 0.000541 0
110 203 129 232 0.000540 0
704 408 720 446 0.000538 0
1233 471 1252 511 0.000536 0
1176 350 1220 417 0.000535 0
1071 192 1090 211 0.000535 0
1023 424 1033 440 0.000535 0
1196 368 1225 414 0.000534 0
1055 424 1073 465 0.000534 0
800 413 816 433 0.000533 0
964 362 1003 426 0.000532 0
703 425 720 469 0.000532 0
946 349 986 401 0.000532 0
620 423 640 460 0.000530 0
1184 199 1201 217 0.000529 0
1095 499 1104 511 0.000529 0
630 687 652 703 0.000528 0
1213 495 1233 513 0.000528 0
802 184 859 242 0.000528 0
1262 168 1279 244 0.000525 0
647 389 673 435 0.000523 0
0 65 76 224 0.000520 0
1160 377 1166 383 0.000520 0
993 381 1017 406 0.000520 0
1070 455 1081 471 0.000519 0
931 385 946 425 0.000519 0
264 211 276 231 0.000516 0
125 211 135 227 0.000515 0
1182 211 1196 233 0.000514 0
1175 488 1185 504 0.000513 0
710 196 736 272 0.000513 0
903 336 924 347 0.000512 0
997 383 1023 423 0.000512 0
813 462 832 474 0.000512 0
0 64 35 201 0.000511 0
317 64 368 178 0.000510 0
155 64 263 223 0.000509 0
415 252 420 270 0.000508 0
671 382 688 425 0.000504 0
1242 458 1264 481 0.000504 0
933 376 946 393 0.000502 0
784 192 799 219 0.000501 0
857 231 870 265 0.000500 0
828 474 843 513 0.000500 0
1039 470 1062 497 0.000499 0
1208 507 1215 516 0.000499 0
831 472 848 512 0.000499 0
1196 372 1279 422 0.000498 0
1231 164 1279 385 0.000497 0
1247 413 1254 427 0.000497 0
1204 380 1232 423 0.000496 0
831 464 856 479 0.000493 0
1190 459 1200 474 0.000491 0
314 64 368 199 0.000490 0
723 406 774 459 0.000489 0
1213 368 1232 411 0.000488 0
1231 468 1249 491 0.000488 0
1152 440 1168 461 0.000487 0
651 671 672 703 0.000486 0
788 327 810 369 0.000486 0
661 207 680 231 0.000484 0
1086 489 1141 509 0.000481 0
944 382 954 406 0.000481 0
864 435 940 486 0.000480 0
716 404 763 461 0.000480 0
1239 478 1249 486 0.000479 0
727 323 742 338 0.000479 0
856 228 871 276 0.000478 0
1151 391 1158 400 0.000477 0
1071 191 1119 251 0.000477 0
406 251 413 271 0.000476 0
1234 468 1253 485 0.000475 0
1169 348 1215 413 0.000474 0
917 375 928 405 0.000473 0
911 377 923 407 0.000472 0
997 376 1022 400 0.000469 0
1042 395 1069 426 0.000467 0
698 229 719 274 0.000467 0
775 196 794 233 0.000467 0
1025 489 1040 501 0.000467 0
654 199 662 216 0.000467 0
839 457 876 479 0.000462 0
1009 192 1148 261 0.000461 0
783 318 810 344 0.000458 0
882 431 903 457 0.000457 0
496 509 504 522 0.000457 0
1261 133 1279 182 0.000455 0
935 427 944 441 0.000454 0
367 207 375 231 0.000453 0
1261 109 1279 183 0.000453 0
646 386 662 417 0.000451 0
786 325 815 343 0.000448 0
1221 195 1275 266 0.000448 0
924 422 937 452 0.000447 0
737 422 755 446 0.000447 0
781 417 815 451 0.000447 0
1183 497 1202 511 0.000446 0
1080 696 1089 703 0.000445 0
1084 487 1099 502 0.000444 0
907 336 926 349 0.000443 0
1215 395 1231 424 0.000441 0
930 382 946 411 0.000439 0
732 441 763 470 0.000437 0
712 201 728 222 0.000437 0
1104 606 1112 615 0.000436 0
949 381 959 395 0.000435 0
830 333 844 362 0.000434 0
860 424 878 447 0.000433 0
871 422 881 434 0.000433 0
854 229 871 281 0.000432 0
976 448 983 456 0.000432 0
908 336 924 375 0.000429 0
855 230 870 266 0.000429 0
832 480 841 506 0.000429 0
1263 74 1279 173 0.000428 0
208 395 224 414 0.000428 0
367 207 378 221 0.000427 0
1220 451 1232 479 0.000427 0
1231 178 1280 360 0.000427 0
1220 408 1232 424 0.000427 0
1038 469 1075 496 0.000426 0
1047 455 1056 466 0.000426 0
1227 347 1271 407 0.000425 0
1188 199 1216 227 0.000424 0
1039 418 1050 437 0.000423 0
1218 423 1233 433 0.000422 0
665 189 672 217 0.000421 0
959 423 969 455 0.000420 0
456 198 479 217 0.000420 0
1144 377 1151 385 0.000419 0
158 64 258 212 0.000418 0
952 436 963 455 0.000418 0
1071 398 1080 408 0.000417 0
670 207 686 237 0.000413 0
568 583 590 617 0.000412 0
898 415 912 425 0.000411 0
563 413 578 431 0.000411 0
1215 422 1231 435 0.000411 0
927 374 946 426 0.000410 0
1026 422 1040 452 0.000410 0
1124 445 1137 473 0.000409 0
799 409 810 422 0.000406 0
1136 502 1144 509 0.000406 0
983 380 1023 418 0.000406 0
324 64 680 223 0.000405 0
1151 377 1161 399 0.000403 0
783 197 802 238 0.000402 0
1120 318 1138 360 0.000402 0
974 359 1024 404 0.000402 0
855 226 870 278 0.000401 0
881 413 921 475 0.000399 0
1239 448 1248 456 0.000399 0
830 492 848 512 0.000398 0
905 336 924 350 0.000398 0
496 79 506 92 0.000397 0
1180 495 1229 514 0.000397 0
577 583 592 616 0.000397 0
1151 437 1168 474 0.000396 0
698 328 703 338 0.000395 0
713 408 782 472 0.000395 0
1035 194 1071 224 0.000394 0
717 200 751 234 0.000394 0
157 207 169 238 0.000393 0
704 193 725 228 0.000393 0
1058 483 1091 503 0.000391 0
1201 406 1216 440 0.000391 0
528 424 554 433 0.000390 0
479 181 495 215 0.000390 0
1118 186 1162 249 0.000389 0
1174 216 1188 247 0.000386 0
240 208 258 252 0.000386 0
1261 97 1279 175 0.000383 0
927 377 947 422 0.000383 0
1 64 336 250 0.000382 0
942 368 951 393 0.000381 0
377 184 396 205 0.000380 0
316 64 431 188 0.000378 0
940 357 1023 425 0.000378 0
65 64 133 201 0.000377 0
566 583 580 617 0.000374 0
1005 195 1150 254 0.000374 0
858 405 864 413 0.000374 0
1251 425 1264 458 0.000374 0
0 64 116 292 0.000373 0
527 625 542 647 0.000373 0
1119 501 1129 510 0.000373 0
1071 402 1082 423 0.000372 0
313 65 422 211 0.000372 0
927 382 941 406 0.000371 0
929 433 944 455 0.000371 0
673 391 688 424 0.000371 0
1263 84 1279 173 0.000370 0
1245 421 1264 463 0.000369 0
66 64 212 168 0.000368 0
498 395 546 434 0.000364 0
723 432 798 474 0.000364 0
1236 454 1264 473 0.000362 0
1057 476 1089 501 0.000361 0
769 197 794 236 0.000360 0
831 416 848 439 0.000359 0
767 469 776 481 0.000359 0
1040 408 1052 423 0.000359 0
1118 64 1159 138 0.000359 0
143 64 417 211 0.000358 0
156 64 428 246 0.000358 0
800 419 826 455 0.000358 0
990 350 1002 374 0.000356 0
751 310 768 344 0.000355 0
847 180 867 236 0.000353 0
596 405 608 425 0.000353 0
905 336 930 384 0.000352 0
655 664 671 698 0.000349 0
1039 426 1049 447 0.000349 0
155 64 258 201 0.000349 0
1233 411 1241 424 0.000348 0
255 64 354 197 0.000347 0
927 445 944 462 0.000347 0
126 206 136 224 0.000347 0
1149 334 1188 400 0.000346 0
926 353 944 390 0.000344 0
518 392 529 429 0.000344 0
928 353 940 379 0.000343 0
695 475 703 488 0.000343 0
607 379 621 421 0.000341 0
823 422 832 438 0.000341 0
910 352 929 403 0.000341 0
907 336 931 399 0.000340 0
319 64 379 180 0.000339 0
721 317 744 336 0.000338 0
622 424 637 437 0.000337 0
1095 155 1146 259 0.000336 0
855 436 933 486 0.000336 0
656 314 689 378 0.000336 0
1119 64 1134 75 0.000335 0
1232 475 1261 512 0.000335 0
752 202 768 232 0.000334 0
983 359 1010 396 0.000334 0
447 186 483 234 0.000334 0
66 64 175 186 0.000333 0
866 208 886 241 0.000332 0
255 65 338 202 0.000332 0
1156 457 1168 477 0.000332 0
907 336 927 385 0.000332 0
1262 168 1279 230 0.000332 0
309 64 439 227 0.000332 0
868 444 932 487 0.000332 0
656 318 685 377 0.000331 0
1151 454 1162 475 0.000332 0
496 81 505 92 0.000331 0
1071 392 1080 407 0.000330 0
896 520 903 528 0.000330 0
1187 456 1200 472 0.000330 0
286 189 326 374 0.000329 0
206 200 224 227 0.000328 0
948 376 964 406 0.000328 0
1011 426 1025 440 0.000328 0
1023 486 1043 502 0.000326 0
590 408 622 437 0.000325 0
1227 343 1276 404 0.000324 0
1048 478 1175 510 0.000324 0
965 426 976 448 0.000324 0
1166 471 1185 479 0.000324 0
1103 498 1119 511 0.000323 0
480 445 496 454 0.000323 0
1079 406 1088 424 0.000322 0
174 207 183 216 0.000321 0
776 407 783 415 0.000320 0
1231 102 1279 184 0.000320 0
1054 422 1064 434 0.000320 0
637 654 673 703 0.000320 0
1025 362 1042 408 0.000319 0
766 157 799 237 0.000319 0
158 72 214 220 0.000319 0
0 78 20 225 0.000318 0
1134 485 1178 510 0.000316 0
1064 210 1080 229 0.000316 0
701 420 720 455 0.000316 0
1139 391 1158 409 0.000315 0
631 677 648 703 0.000314 0
364 64 492 214 0.000314 0
1168 412 1177 423 0.000314 0
704 232 736 273 0.000313 0
671 406 687 433 0.000312 0
1222 470 1232 482 0.000312 0
369 201 384 218 0.000311 0
921 352 1024 411 0.000311 0
745 408 786 456 0.000311 0
1 65 360 397 0.000310 0
591 363 611 418 0.000310 0
1150 339 1171 401 0.000310 0
265 194 327 380 0.000310 0
315 64 436 170 0.000310 0
494 391 519 428 0.000309 0
1261 64 1279 281 0.000309 0
1026 425 1040 452 0.000309 0
1054 423 1067 463 0.000308 0
308 64 369 195 0.000308 0
866 326 880 343 0.000308 0
495 504 504 522 0.000308 0
660 313 685 375 0.000308 0
378 66 445 212 0.000306 0
629 661 672 703 0.000306 0
955 413 972 455 0.000306 0
382 64 498 236 0.000306 0
592 391 608 425 0.000305 0
1094 407 1103 431 0.000305 0
623 407 643 424 0.000305 0
876 471 898 486 0.000304 0
370 69 498 217 0.000304 0
933 418 945 442 0.000304 0
1199 186 1218 214 0.000303 0
767 197 794 236 0.000303 0
934 411 944 424 0.000303 0
65 64 140 207 0.000303 0
1072 422 1088 454 0.000302 0
388 185 398 206 0.000302 0
1057 434 1073 466 0.000301 0
918 395 928 408 0.000301 0
831 469 848 502 0.000300 0
255 65 325 172 0.000300 0
136 64 425 202 0.000298 0
958 407 976 455 0.000298 0
154 64 485 254 0.000296 0
817 418 833 455 0.000295 0
1118 443 1137 473 0.000295 0
1074 388 1088 409 0.000295 0
989 377 1015 401 0.000294 0
7 65 79 221 0.000294 0
1058 433 1072 460 0.000294 0
1041 425 1057 457 0.000293 0
340 65 448 223 0.000292 0
948 416 969 454 0.000292 0
911 438 935 456 0.000291 0
1135 487 1151 501 0.000291 0
911 183 943 203 0.000289 0
302 241 320 313 0.000289 0
879 408 887 428 0.000289 0
1206 374 1263 425 0.000289 0
366 185 375 200 0.000288 0
1260 74 1279 277 0.000288 0
1209 366 1219 395 0.000288 0
951 422 965 454 0.000287 0
637 165 659 200 0.000287 0
1176 411 1183 423 0.000287 0
443 158 493 256 0.000286 0
917 343 1013 405 0.000286 0
560 64 662 219 0.000285 0
66 64 131 162 0.000284 0
1020 426 1034 446 0.000284 0
502 695 518 703 0.000284 0
591 360 624 392 0.000283 0
848 178 954 287 0.000283 0
1118 444 1133 470 0.000283 0
860 417 935 485 0.000282 0
781 314 800 343 0.000282 0
715 381 784 473 0.000282 0
1263 65 1279 179 0.000281 0
1039 457 1048 470 0.000281 0
1091 167 1127 216 0.000279 0
1245 356 1260 376 0.000278 0
965 431 975 452 0.000278 0
1175 213 1184 229 0.000277 0
495 391 509 420 0.000277 0
519 392 528 407 0.000276 0
428 64 497 247 0.000276 0
952 442 961 459 0.000275 0
671 423 703 441 0.000275 0
992 441 1001 456 0.000275 0
1239 412 1247 429 0.000275 0
922 350 986 471 0.000275 0
1142 375 1153 404 0.000274 0
270 388 288 400 0.000274 0
521 393 545 430 0.000274 0
927 377 941 394 0.000273 0
915 373 927 396 0.000273 0
544 64 652 213 0.000272 0
1158 409 1169 424 0.000272 0
975 693 987 703 0.000272 0
301 246 321 314 0.000272 0
1232 425 1241 440 0.000271 0
927 354 945 390 0.000270 0
621 425 640 462 0.000270 0
1055 453 1074 470 0.000270 0
1009 357 1024 376 0.000270 0
0 110 31 255 0.000267 0
520 193 549 215 0.000267 0
543 64 591 209 0.000267 0
718 412 738 445 0.000266 0
138 64 453 204 0.000266 0
255 64 336 189 0.000264 0
575 406 609 440 0.000264 0
831 440 846 450 0.000264 0
66 64 153 194 0.000263 0
1246 348 1269 395 0.000263 0
879 472 929 489 0.000262 0
354 189 367 199 0.000261 0
1148 327 1178 401 0.000261 0
1183 165 1222 212 0.000260 0
907 336 926 351 0.000260 0
503 314 521 350 0.000260 0
1229 170 1255 234 0.000259 0
706 353 720 407 0.000259 0
847 428 858 454 0.000259 0
704 349 720 411 0.000258 0
313 195 333 231 0.000258 0
208 182 224 227 0.000258 0
656 313 683 376 0.000258 0
559 439 584 455 0.000258 0
1199 388 1214 440 0.000257 0
1232 202 1279 397 0.000257 0
936 369 1023 421 0.000257 0
598 577 614 616 0.000256 0
1040 64 1170 219 0.000255 0
944 372 975 410 0.000255 0
60 64 129 197 0.000255 0
325 64 647 207 0.000255 0
320 623 329 648 0.000254 0
1111 441 1120 467 0.000254 0
1002 384 1022 427 0.000253 0
548 65 658 216 0.000253 0
824 454 842 474 0.000252 0
806 472 816 477 0.000252 0
1262 79 1279 172 0.000252 0
159 64 257 173 0.000251 0
1102 454 1115 471 0.000250 0
842 436 888 478 0.000249 0
1061 423 1073 456 0.000249 0
1228 171 1259 235 0.000247 0
0 120 30 331 0.000247 0
885 416 906 455 0.000247 0
1005 67 1047 168 0.000246 0
807 366 814 391 0.000245 0
654 298 682 356 0.000245 0
927 360 945 395 0.000245 0
163 206 179 217 0.000244 0
932 472 944 484 0.000244 0
1250 367 1279 424 0.000244 0
1123 489 1150 509 0.000244 0
784 322 814 396 0.000243 0
1097 162 1143 255 0.000243 0
0 79 70 224 0.000243 0
2 64 80 214 0.000242 0
525 64 586 220 0.000241 0
719 318 742 338 0.000241 0
735 681 797 703 0.000240 0
907 182 955 210 0.000240 0
704 351 720 407 0.000240 0
475 200 486 223 0.000239 0
632 202 657 223 0.000238 0
143 64 257 168 0.000238 0
928 355 943 382 0.000238 0
64 64 196 165 0.000237 0
1180 384 1208 410 0.000237 0
110 65 259 195 0.000237 0
286 231 328 382 0.000236 0
1070 695 1086 703 0.000236 0
1111 440 1119 451 0.000236 0
1121 339 1136 359 0.000235 0
632 473 639 483 0.000235 0
52 65 348 260 0.000234 0
663 295 687 350 0.000234 0
1264 64 1279 81 0.000234 0
712 336 780 473 0.000234 0
776 395 784 411 0.000233 0
0 64 75 206 0.000233 0
669 207 687 235 0.000233 0
911 390 920 409 0.000232 0
1135 488 1167 511 0.000231 0
568 64 655 218 0.000231 0
1184 445 1190 456 0.000231 0
750 203 768 229 0.000230 0
576 365 592 436 0.000230 0
212 64 440 205 0.000229 0
719 335 736 375 0.000229 0
799 440 820 456 0.000229 0
175 64 447 205 0.000229 0
157 84 212 226 0.000228 0
1005 431 1022 452 0.000228 0
1169 455 1185 471 0.000228 0
62 476 81 526 0.000227 0
671 466 683 488 0.000226 0
1141 409 1154 423 0.000226 0
441 209 450 219 0.000226 0
774 411 784 427 0.000226 0
1230 440 1267 473 0.000226 0
829 333 847 363 0.000225 0
848 398 855 409 0.000225 0
733 199 753 232 0.000224 0
287 239 320 314 0.000224 0
631 201 658 231 0.000224 0
501 378 625 462 0.000224 0
750 435 775 495 0.000223 0
1119 454 1132 475 0.000222 0
575 281 596 353 0.000222 0
487 391 517 427 0.000222 0
765 201 781 236 0.000222 0
845 434 931 486 0.000221 0
545 261 597 461 0.000221 0
660 280 701 369 0.000220 0
831 417 847 438 0.000220 0
251 66 342 212 0.000219 0
1085 347 1095 360 0.000219 0
407 252 413 271 0.000219 0
1079 338 1096 360 0.000218 0
67 64 188 210 0.000218 0
831 416 848 449 0.000218 0
839 433 885 478 0.000217 0
598 534 609 568 0.000217 0
1054 194 1081 226 0.000216 0
567 536 576 559 0.000216 0
1136 403 1174 423 0.000216 0
817 437 834 454 0.000216 0
1061 396 1076 423 0.000216 0
894 407 913 438 0.000215 0
896 408 913 425 0.000215 0
1249 218 1266 235 0.000215 0
575 362 592 454 0.000215 0
801 415 829 449 0.000215 0
1208 302 1279 423 0.000214 0
1197 380 1218 430 0.000214 0
1263 73 1279 149 0.000214 0
576 284 594 328 0.000213 0
1117 64 1160 117 0.000213 0
63 472 81 530 0.000213 0
295 224 321 309 0.000213 0
812 304 841 343 0.000213 0
832 417 848 445 0.000212 0
719 337 738 377 0.000211 0
365 66 453 215 0.000211 0
341 64 497 212 0.000211 0
287 274 297 312 0.000211 0
894 268 932 346 0.000211 0
976 348 994 374 0.000211 0
1071 407 1081 424 0.000210 0
802 271 850 344 0.000210 0
703 366 720 407 0.000210 0
807 367 815 380 0.000210 0
811 306 848 343 0.000210 0
822 314 848 343 0.000210 0
799 453 832 472 0.000209 0
271 388 288 399 0.000209 0
1103 455 1113 472 0.000209 0
1263 64 1279 80 0.000209 0
711 238 736 274 0.000208 0
734 687 818 703 0.000208 0
346 64 442 204 0.000207 0
909 338 935 387 0.000207 0
872 496 879 503 0.000207 0
1011 64 1109 203 0.000207 0
1146 331 1174 400 0.000207 0
247 194 380 392 0.000206 0
816 407 824 421 0.000206 0
988 182 1015 223 0.000206 0
604 577 617 616 0.000205 0
463 398 496 441 0.000205 0
704 324 720 384 0.000205 0
1025 373 1041 409 0.000205 0
705 235 735 274 0.000205 0
1121 64 1154 77 0.000205 0
799 459 826 472 0.000204 0
932 153 944 183 0.000204 0
889 437 919 461 0.000204 0
601 366 656 430 0.000204 0
590 360 621 407 0.000204 0
134 65 428 264 0.000203 0
847 267 861 311 0.000203 0
873 419 889 445 0.000202 0
752 188 768 230 0.000202 0
184 191 191 205 0.000201 0
556 588 569 619 0.000200 0
704 337 719 390 0.000199 0
35 64 136 213 0.000199 0
285 263 299 313 0.000199 0
1109 398 1126 416 0.000199 0
860 418 944 485 0.000198 0
655 664 671 695 0.000198 0
117 64 501 280 0.000198 0
641 201 665 217 0.000198 0
854 441 931 486 0.000197 0
0 400 32 458 0.000197 0
917 427 928 442 0.000197 0
703 356 720 408 0.000197 0
701 234 712 274 0.000197 0
691 188 711 226 0.000197 0
234 66 327 197 0.000197 0
1185 528 1192 540 0.000197 0
367 72 501 224 0.000196 0
1168 458 1185 477 0.000196 0
193 64 455 242 0.000195 0
1056 372 1065 387 0.000195 0
571 389 609 425 0.000195 0
98 65 217 167 0.000195 0
208 64 325 226 0.000195 0
671 402 693 439 0.000195 0
873 253 917 345 0.000194 0
808 384 815 404 0.000193 0
855 212 896 278 0.000193 0
255 64 364 191 0.000193 0
688 225 707 274 0.000192 0
1254 477 1279 704 0.000192 0
162 64 480 345 0.000192 0
911 341 933 397 0.000192 0
302 250 326 314 0.000191 0
850 246 865 312 0.000191 0
1072 398 1090 416 0.000191 0
816 345 827 361 0.000191 0
865 330 880 343 0.000190 0
815 409 826 428 0.000190 0
993 64 1097 236 0.000190 0
376 184 396 203 0.000189 0
108 67 218 216 0.000189 0
1092 392 1104 407 0.000189 0
575 279 595 322 0.000189 0
1178 199 1197 228 0.000188 0
286 252 322 314 0.000188 0
541 64 592 213 0.000188 0
669 311 698 377 0.000188 0
989 379 1023 425 0.000187 0
997 180 1008 202 0.000187 0
65 64 166 159 0.000187 0
1191 381 1216 423 0.000187 0
1031 410 1041 425 0.000186 0
430 191 470 255 0.000186 0
299 241 321 311 0.000186 0
756 209 767 231 0.000185 0
0 64 128 218 0.000185 0
154 204 168 233 0.000185 0
1216 583 1224 602 0.000185 0
1031 64 1135 203 0.000185 0
1014 409 1024 424 0.000184 0
574 535 585 558 0.000184 0
116 392 128 403 0.000184 0
914 345 987 430 0.000184 0
1033 154 1280 269 0.000184 0
1264 424 1279 464 0.000183 0
1200 405 1209 440 0.000183 0
1136 399 1144 408 0.000183 0
989 186 1008 222 0.000182 0
1027 199 1075 316 0.000181 0
0 64 68 187 0.000181 0
904 326 929 345 0.000181 0
299 233 322 351 0.000180 0
274 199 287 224 0.000180 0
995 423 1015 441 0.000179 0
1 64 138 196 0.000179 0
22 64 135 214 0.000179 0
302 244 328 318 0.000178 0
206 392 224 412 0.000178 0
4 64 132 180 0.000177 0
704 317 721 373 0.000177 0
1062 393 1076 415 0.000177 0
155 72 270 228 0.000177 0
1109 379 1121 408 0.000177 0
590 407 602 422 0.000177 0
317 248 336 351 0.000177 0
1055 433 1072 463 0.000177 0
917 422 928 437 0.000176 0
687 326 704 361 0.000176 0
427 64 497 131 0.000176 0
581 64 671 220 0.000176 0
943 386 955 408 0.000175 0
1264 372 1279 498 0.000174 0
1233 437 1278 471 0.000174 0
1266 137 1279 173 0.000174 0
1128 380 1135 391 0.000174 0
1229 441 1279 514 0.000174 0
930 379 968 424 0.000174 0
319 68 512 353 0.000174 0
824 490 849 512 0.000173 0
838 439 931 486 0.000173 0
558 403 584 434 0.000173 0
1144 409 1165 424 0.000173 0
576 64 666 219 0.000172 0
210 71 329 222 0.000172 0
943 379 975 425 0.000172 0
223 391 240 408 0.000172 0
360 72 499 253 0.000171 0
661 300 704 377 0.000170 0
1215 440 1223 453 0.000170 0
766 311 807 344 0.000170 0
243 173 328 382 0.000170 0
1087 410 1097 431 0.000170 0
299 66 352 200 0.000170 0
599 561 608 568 0.000169 0
913 389 929 423 0.000169 0
249 64 323 165 0.000169 0
652 292 682 354 0.000169 0
301 240 336 356 0.000169 0
286 237 322 381 0.000168 0
940 399 977 452 0.000168 0
705 318 721 362 0.000168 0
631 473 640 488 0.000168 0
1017 486 1027 494 0.000168 0
1054 391 1064 404 0.000168 0
1061 391 1075 407 0.000168 0
0 271 41 422 0.000167 0
1093 417 1103 433 0.000167 0
1179 387 1212 418 0.000167 0
710 335 774 468 0.000167 0
1139 287 1168 347 0.000167 0
1204 368 1279 426 0.000167 0
1111 503 1120 527 0.000166 0
513 64 586 200 0.000166 0
839 398 847 410 0.000166 0
1189 487 1215 504 0.000166 0
1246 91 1279 180 0.000166 0
109 64 260 167 0.000166 0
751 404 770 421 0.000166 0
1264 438 1279 465 0.000166 0
106 237 129 296 0.000166 0
494 391 527 429 0.000165 0
1119 64 1135 77 0.000165 0
745 405 771 431 0.000165 0
827 436 932 486 0.000165 0
156 64 494 361 0.000164 0
1152 528 1162 541 0.000164 0
693 326 704 345 0.000164 0
734 677 790 703 0.000164 0
789 329 809 355 0.000163 0
779 326 812 361 0.000163 0
751 204 767 231 0.000163 0
1087 406 1096 417 0.000163 0
1264 65 1279 127 0.000163 0
494 391 544 434 0.000163 0
1055 433 1074 466 0.000163 0
495 408 576 432 0.000163 0
193 187 202 215 0.000163 0
822 461 844 514 0.000163 0
386 184 399 204 0.000162 0
1025 360 1041 375 0.000162 0
828 316 848 343 0.000162 0
496 81 505 93 0.000162 0
1077 337 1095 360 0.000161 0
896 340 1024 414 0.000161 0
878 318 898 344 0.000161 0
921 345 945 383 0.000161 0
1062 486 1097 504 0.000160 0
670 316 705 371 0.000160 0
832 444 841 457 0.000160 0
894 320 904 343 0.000160 0
0 175 6 203 0.000160 0
300 235 337 373 0.000159 0
1206 421 1266 465 0.000159 0
582 377 609 411 0.000159 0
965 458 976 471 0.000159 0
246 277 257 315 0.000159 0
1264 66 1279 111 0.000159 0
1045 392 1057 419 0.000159 0
1119 405 1127 423 0.000159 0
783 303 844 344 0.000158 0
437 207 454 243 0.000158 0
667 332 694 376 0.000158 0
174 185 184 207 0.000158 0
428 64 497 213 0.000158 0
1033 271 1059 318 0.000158 0
796 326 846 363 0.000157 0
991 410 1000 424 0.000157 0
1165 460 1181 479 0.000157 0
1169 443 1184 456 0.000156 0
1119 317 1136 392 0.000155 0
959 461 970 470 0.000155 0
1120 314 1136 361 0.000155 0
886 412 899 445 0.000155 0
894 260 930 345 0.000155 0
6 64 128 199 0.000155 0
648 480 656 487 0.000155 0
990 340 1009 381 0.000154 0
1263 64 1279 119 0.000153 0
1072 502 1081 518 0.000153 0
210 187 248 250 0.000153 0
1104 601 1112 615 0.000153 0
429 219 440 241 0.000152 0
918 342 989 401 0.000152 0
487 468 495 480 0.000152 0
423 64 497 139 0.000152 0
104 70 214 227 0.000151 0
751 314 768 344 0.000151 0
703 342 720 412 0.000151 0
309 139 375 301 0.000151 0
569 435 609 474 0.000151 0
1040 408 1097 469 0.000151 0
0 273 52 416 0.000151 0
0 399 29 459 0.000151 0
748 199 767 219 0.000150 0
1088 419 1104 457 0.000150 0
286 250 322 382 0.000150 0
1068 465 1099 483 0.000150 0
1135 487 1152 502 0.000150 0
911 440 932 456 0.000150 0
305 151 390 327 0.000149 0
203 372 240 410 0.000149 0
611 622 673 703 0.000149 0
0 292 37 434 0.000149 0
218 374 240 409 0.000149 0
501 696 522 703 0.000149 0
801 408 815 422 0.000147 0
160 64 276 215 0.000147 0
1120 315 1139 350 0.000147 0
709 559 721 614 0.000146 0
707 190 734 234 0.000146 0
1134 430 1144 440 0.000146 0
431 518 442 543 0.000146 0
487 463 496 475 0.000146 0
1117 439 1132 451 0.000146 0
845 180 1176 268 0.000145 0
63 480 81 527 0.000145 0
1273 155 1279 180 0.000145 0
1251 409 1264 424 0.000145 0
1157 379 1207 423 0.000145 0
619 687 654 703 0.000144 0
1201 480 1249 511 0.000144 0
1087 417 1096 432 0.000144 0
715 366 838 475 0.000144 0
1 66 432 392 0.000144 0
704 333 720 382 0.000144 0
1117 64 1138 132 0.000144 0
703 347 719 407 0.000144 0
494 192 528 253 0.000143 0
1138 342 1157 401 0.000143 0
256 64 345 172 0.000143 0
1156 332 1200 359 0.000143 0
7 375 31 421 0.000143 0
1024 240 1086 332 0.000143 0
1215 402 1250 424 0.000142 0
701 193 764 320 0.000142 0
1215 456 1225 473 0.000142 0
0 268 53 407 0.000142 0
1145 304 1176 348 0.000142 0
1035 427 1052 459 0.000142 0
510 392 575 433 0.000141 0
776 331 786 344 0.000141 0
478 697 494 703 0.000140 0
704 322 720 379 0.000140 0
680 183 692 215 0.000140 0
1264 65 1279 83 0.000140 0
342 64 496 92 0.000140 0
904 280 946 347 0.000139 0
682 183 700 216 0.000139 0
1183 439 1193 456 0.000139 0
664 481 673 488 0.000139 0
1136 376 1198 424 0.000139 0
621 686 652 703 0.000139 0
1023 410 1034 424 0.000139 0
685 327 704 373 0.000138 0
68 65 213 203 0.000138 0
1056 368 1065 381 0.000138 0
201 371 240 413 0.000138 0
0 569 16 645 0.000138 0
342 64 499 172 0.000138 0
543 64 590 189 0.000138 0
1078 342 1095 360 0.000138 0
0 374 32 423 0.000138 0
1264 366 1279 426 0.000137 0
637 661 672 702 0.000137 0
382 342 393 375 0.000137 0
1263 64 1279 105 0.000136 0
576 358 593 394 0.000136 0
1251 408 1279 444 0.000136 0
426 221 441 233 0.000135 0
1064 409 1074 424 0.000135 0
783 327 814 398 0.000135 0
822 407 832 417 0.000135 0
478 334 496 377 0.000135 0
1072 601 1087 630 0.000135 0
1051 391 1069 422 0.000134 0
927 690 936 703 0.000134 0
885 346 984 463 0.000134 0
0 266 46 412 0.000134 0
1251 420 1279 464 0.000134 0
913 343 993 418 0.000134 0
707 318 720 348 0.000134 0
1088 398 1097 409 0.000134 0
1136 378 1156 409 0.000134 0
522 393 539 405 0.000133 0
901 336 925 350 0.000133 0
720 403 774 443 0.000133 0
1271 507 1279 537 0.000133 0
400 64 498 223 0.000133 0
0 161 6 203 0.000132 0
66 64 168 146 0.000132 0
1085 696 1097 703 0.000132 0
439 172 558 302 0.000132 0
905 354 1026 478 0.000132 0
751 440 770 489 0.000132 0
344 64 497 159 0.000132 0
1267 420 1279 457 0.000132 0
432 207 456 250 0.000131 0
879 378 885 392 0.000131 0
319 64 371 108 0.000131 0
1272 523 1279 537 0.000131 0
530 407 561 427 0.000131 0
1184 532 1192 543 0.000131 0
510 64 736 234 0.000131 0
1227 204 1279 381 0.000131 0
1151 425 1169 446 0.000130 0
487 64 588 224 0.000130 0
1204 420 1216 440 0.000130 0
585 360 612 411 0.000130 0
769 311 798 343 0.000130 0
1162 330 1218 389 0.000130 0
434 176 446 204 0.000130 0
588 530 602 567 0.000130 0
575 355 592 402 0.000129 0
598 358 623 376 0.000129 0
0 400 32 527 0.000129 0
1037 458 1098 487 0.000129 0
991 407 1004 423 0.000128 0
1136 386 1195 424 0.000128 0
1009 463 1025 484 0.000128 0
893 414 931 450 0.000128 0
1063 433 1109 473 0.000127 0
1116 97 1153 162 0.000127 0
273 199 287 232 0.000126 0
415 248 421 270 0.000126 0
1178 692 1199 703 0.000126 0
846 207 872 274 0.000126 0
106 64 212 164 0.000125 0
0 103 68 224 0.000125 0
1184 505 1196 517 0.000125 0
927 405 943 436 0.000125 0
615 471 624 487 0.000125 0
285 239 322 352 0.000124 0
1243 406 1259 424 0.000124 0
585 205 596 215 0.000124 0
319 248 336 353 0.000123 0
703 334 721 400 0.000123 0
564 431 598 470 0.000123 0
655 450 699 489 0.000123 0
1141 344 1156 388 0.000122 0
391 70 500 222 0.000122 0
436 193 453 211 0.000122 0
791 187 818 230 0.000122 0
1042 689 1087 703 0.000122 0
1232 397 1256 425 0.000121 0
1259 477 1279 703 0.000121 0
718 341 847 478 0.000121 0
929 290 945 345 0.000121 0
1037 183 1049 216 0.000121 0
1217 497 1233 517 0.000121 0
689 207 706 273 0.000121 0
1267 407 1279 450 0.000121 0
1135 390 1185 424 0.000121 0
935 419 966 456 0.000120 0
1049 455 1074 467 0.000120 0
831 392 842 412 0.000120 0
1031 456 1044 470 0.000120 0
197 64 325 189 0.000120 0
663 449 709 489 0.000120 0
876 256 914 345 0.000120 0
1246 75 1265 168 0.000120 0
767 470 775 488 0.000120 0
1031 342 1039 360 0.000120 0
831 392 838 402 0.000119 0
734 679 812 703 0.000119 0
713 335 794 472 0.000119 0
787 327 836 361 0.000119 0
685 344 698 366 0.000118 0
1042 692 1084 703 0.000118 0
1260 369 1279 495 0.000118 0
460 199 518 251 0.000118 0
1022 64 1125 166 0.000117 0
1145 328 1199 360 0.000117 0
1104 350 1115 360 0.000117 0
309 147 364 295 0.000116 0
572 442 609 472 0.000116 0
763 534 777 572 0.000116 0
198 199 209 217 0.000116 0
847 211 872 284 0.000115 0
329 250 354 347 0.000115 0
1200 456 1208 469 0.000115 0
0 560 16 643 0.000115 0
1161 473 1181 493 0.000115 0
525 495 534 508 0.000115 0
1116 275 1163 345 0.000115 0
670 452 696 488 0.000115 0
493 64 586 201 0.000115 0
10 65 461 379 0.000114 0
586 358 616 392 0.000114 0
320 252 342 350 0.000114 0
67 66 219 228 0.000114 0
0 372 33 420 0.000114 0
680 463 701 488 0.000114 0
310 80 416 201 0.000114 0
240 256 257 295 0.000114 0
383 591 399 630 0.000113 0
822 501 842 512 0.000113 0
587 155 679 216 0.000113 0
358 70 503 210 0.000113 0
943 418 955 440 0.000113 0
1186 694 1202 703 0.000112 0
0 301 44 428 0.000112 0
219 391 240 409 0.000112 0
1135 403 1171 423 0.000112 0
647 64 732 239 0.000111 0
952 495 959 504 0.000111 0
1176 454 1199 472 0.000111 0
161 64 258 162 0.000111 0
846 215 871 252 0.000111 0
103 249 113 280 0.000111 0
582 361 634 434 0.000111 0
976 343 994 362 0.000111 0
1251 406 1266 423 0.000110 0
847 423 856 440 0.000110 0
70 64 196 232 0.000110 0
566 527 575 556 0.000110 0
879 377 885 391 0.000110 0
324 232 351 274 0.000110 0
847 422 872 445 0.000109 0
659 286 701 372 0.000109 0
998 436 1011 452 0.000109 0
847 191 1199 293 0.000109 0
774 514 784 533 0.000109 0
1127 504 1136 519 0.000109 0
193 198 205 216 0.000108 0
871 413 882 429 0.000108 0
896 422 934 457 0.000108 0
1108 351 1118 363 0.000108 0
616 471 624 481 0.000108 0
1264 407 1279 425 0.000108 0
729 440 770 485 0.000108 0
831 409 838 417 0.000107 0
262 64 317 126 0.000107 0
1264 65 1279 134 0.000107 0
25 64 172 152 0.000107 0
1117 64 1163 101 0.000107 0
700 678 756 703 0.000107 0
1213 264 1233 315 0.000107 0
383 343 392 362 0.000107 0
662 459 673 486 0.000106 0
497 64 699 229 0.000106 0
63 463 81 534 0.000106 0
960 198 973 209 0.000106 0
893 323 923 345 0.000106 0
155 124 223 230 0.000106 0
825 376 832 388 0.000106 0
1135 513 1147 536 0.000106 0
991 459 1072 497 0.000105 0
1020 380 1031 404 0.000105 0
352 323 369 386 0.000105 0
859 394 872 412 0.000105 0
1268 408 1279 425 0.000105 0
1075 350 1089 376 0.000105 0
1001 461 1077 499 0.000105 0
175 391 214 448 0.000105 0
907 323 930 346 0.000105 0
493 64 586 166 0.000104 0
386 64 689 232 0.000104 0
1264 406 1279 423 0.000104 0
641 64 726 231 0.000104 0
576 278 596 313 0.000104 0
298 253 338 376 0.000104 0
1049 109 1085 147 0.000104 0
1214 64 1232 118 0.000104 0
800 374 811 392 0.000103 0
663 452 702 489 0.000103 0
205 395 224 424 0.000103 0
782 411 813 446 0.000103 0
655 324 680 365 0.000103 0
641 688 814 703 0.000103 0
851 234 875 302 0.000103 0
955 686 968 699 0.000103 0
1120 327 1136 391 0.000103 0
21 64 524 365 0.000103 0
286 247 328 380 0.000103 0
529 360 626 452 0.000103 0
686 318 704 344 0.000103 0
528 498 534 511 0.000102 0
162 64 265 177 0.000102 0
976 438 986 452 0.000102 0
767 456 777 503 0.000102 0
356 347 368 384 0.000102 0
1070 380 1083 406 0.000102 0
335 371 352 411 0.000102 0
198 64 330 218 0.000102 0
927 281 945 344 0.000102 0
1167 686 1181 702 0.000101 0
715 338 764 394 0.000101 0
124 64 257 161 0.000101 0
491 65 686 224 0.000101 0
1071 574 1088 632 0.000101 0
843 465 883 487 0.000101 0
636 64 661 106 0.000100 0
532 697 549 703 0.000100 0
951 416 1107 499 0.000100 0
1021 249 1104 339 0.820187 1
518 220 559 255 0.796201 1
1114 213 1164 261 0.430988 1
1113 225 1163 261 0.374995 1
1116 223 1164 260 0.337969 1
922 228 942 263 0.155353 1
924 225 943 262 0.104402 1
1102 225 1131 261 0.103558 1
1099 220 1129 261 0.102692 1
19 219 71 257 0.087684 1
1102 223 1127 261 0.085357 1
914 220 941 263 0.079964 1
48 224 98 257 0.075263 1
1101 210 1123 260 0.054047 1
911 223 942 267 0.050270 1
923 230 942 266 0.049851 1
912 206 940 263 0.047594 1
16 218 70 257 0.045284 1
925 212 946 261 0.043475 1
20 223 71 259 0.041995 1
47 229 73 256 0.040396 1
47 225 73 256 0.037669 1
0 217 72 259 0.033899 1
924 228 943 266 0.032659 1
20 217 69 258 0.031845 1
0 223 71 259 0.030259 1
47 225 80 256 0.030123 1
51 223 97 257 0.029948 1
22 216 42 251 0.029867 1
20 217 42 254 0.029629 1
48 222 73 256 0.028731 1
47 233 72 256 0.028597 1
47 228 74 256 0.028486 1
20 225 71 258 0.028311 1
1111 228 1133 257 0.028081 1
0 230 40 259 0.027764 1
1111 227 1131 258 0.023187 1
48 236 71 256 0.023020 1
20 220 42 257 0.021169 1
25 224 73 256 0.020575 1
0 220 43 259 0.020475 1
47 232 73 256 0.020278 1
909 209 938 264 0.020121 1
1102 228 1120 262 0.019521 1
3 229 43 258 0.019010 1
5 226 43 257 0.018526 1
21 216 59 259 0.018377 1
1083 219 1121 264 0.018282 1
60 224 99 257 0.017129 1
22 229 42 257 0.016461 1
0 227 41 258 0.016248 1
1075 221 1130 262 0.016223 1
49 223 85 254 0.016193 1
948 273 960 303 0.015429 1
1085 225 1123 265 0.014036 1
19 215 43 252 0.013986 1
24 215 42 252 0.013840 1
518 223 545 254 0.013127 1
1125 226 1164 260 0.013028 1
893 231 939 296 0.011774 1
917 272 960 305 0.011143 1
75 224 99 257 0.010949 1
925 201 946 255 0.010401 1
903 211 941 288 0.009974 1
22 229 41 256 0.009931 1
1107 225 1163 263 0.009801 1
1114 228 1163 261 0.009562 1
925 207 951 265 0.009450 1
1131 211 1163 254 0.009419 1
1145 310 1168 345 0.009306 1
54 223 95 247 0.008950 1
1130 212 1163 255 0.008787 1
894 190 942 291 0.008046 1
892 235 929 294 0.007959 1
15 219 73 276 0.007580 1
905 192 948 300 0.007486 1
0 221 63 259 0.007281 1
1069 214 1110 259 0.007276 1
67 223 97 240 0.007057 1
933 273 960 303 0.006867 1
925 214 962 265 0.006555 1
1129 213 1163 258 0.005938 1
78 233 99 256 0.005794 1
110 235 195 264 0.005758 1
108 236 159 257 0.005720 1
930 273 960 303 0.005602 1
518 225 558 255 0.005586 1
907 221 942 296 0.005557 1
530 221 559 255 0.005496 1
78 235 99 257 0.005319 1
1143 309 1169 353 0.005260 1
0 232 38 258 0.005135 1
1142 309 1169 358 0.004671 1
0 224 73 280 0.004434 1
122 235 196 263 0.004413 1
528 220 558 249 0.004403 1
104 236 159 264 0.004368 1
926 273 961 306 0.004333 1
22 215 53 252 0.004267 1
116 235 194 263 0.003769 1
158 226 210 262 0.003767 1
65 230 188 265 0.003764 1
108 213 159 255 0.003715 1
78 223 97 238 0.003689 1
1070 264 1104 339 0.003662 1
1147 310 1169 360 0.003609 1
0 235 32 258 0.003591 1
893 232 929 288 0.003534 1
893 264 919 292 0.003503 1
47 223 99 268 0.003495 1
926 273 961 311 0.003334 1
1144 309 1169 355 0.003331 1
107 220 197 264 0.003289 1
1070 214 1099 242 0.003277 1
1131 209 1144 220 0.003235 1
893 264 915 295 0.003153 1
1069 229 1092 261 0.003149 1
1076 229 1098 261 0.003097 1
1050 253 1105 339 0.003061 1
931 204 945 245 0.003050 1
1071 278 1104 339 0.002995 1
114 236 157 254 0.002987 1
12 221 41 254 0.002917 1
520 218 540 246 0.002887 1
76 226 117 258 0.002848 1
1086 231 1105 269 0.002833 1
1070 214 1096 234 0.002827 1
79 233 195 265 0.002818 1
927 203 950 259 0.002816 1
861 237 917 288 0.002792 1
158 230 216 264 0.002787 1
78 233 116 258 0.002786 1
103 233 156 260 0.002781 1
118 214 156 255 0.002742 1
897 217 936 296 0.002729 1
114 215 168 256 0.002705 1
0 238 20 258 0.002657 1
20 213 72 258 0.002655 1
0 240 7 258 0.002581 1
862 229 915 289 0.002541 1
1085 232 1096 264 0.002538 1
1143 312 1168 345 0.002536 1
913 228 943 283 0.002530 1
1070 208 1100 236 0.002518 1
922 221 979 281 0.002509 1
76 235 116 257 0.002488 1
1069 214 1095 235 0.002481 1
12 231 45 265 0.002466 1
892 267 962 310 0.002400 1
863 215 915 285 0.002343 1
159 236 194 263 0.002315 1
17 228 47 268 0.002315 1
1069 211 1093 233 0.002283 1
195 222 227 261 0.002185 1
0 228 39 284 0.002112 1
907 226 945 299 0.002087 1
171 220 226 262 0.002060 1
893 263 922 310 0.002019 1
863 224 943 290 0.001993 1
102 216 197 264 0.001986 1
926 273 960 303 0.001983 1
908 264 927 296 0.001980 1
158 220 216 264 0.001940 1
74 229 121 258 0.001938 1
40 222 186 263 0.001920 1
117 219 179 260 0.001877 1
893 265 911 290 0.001872 1
892 239 913 288 0.001852 1
1061 229 1093 271 0.001850 1
508 229 535 253 0.001838 1
1073 201 1122 258 0.001814 1
192 223 227 262 0.001799 1
916 229 972 305 0.001796 1
1022 274 1073 335 0.001775 1
121 237 156 254 0.001765 1
1110 193 1226 263 0.001734 1
78 235 115 259 0.001713 1
1024 267 1068 334 0.001710 1
107 218 203 264 0.001695 1
159 222 215 262 0.001676 1
1024 274 1080 339 0.001669 1
1075 218 1112 270 0.001662 1
0 228 34 258 0.001650 1
1022 271 1065 336 0.001647 1
153 236 193 268 0.001637 1
3 220 76 293 0.001625 1
910 272 946 306 0.001623 1
503 238 529 253 0.001619 1
21 215 70 253 0.001618 1
906 202 977 302 0.001602 1
906 263 927 296 0.001593 1
893 264 913 312 0.001561 1
118 237 157 263 0.001538 1
109 213 148 255 0.001534 1
158 217 238 266 0.001522 1
896 236 916 259 0.001517 1
104 237 155 264 0.001514 1
51 217 70 246 0.001503 1
132 214 147 237 0.001494 1
1066 232 1092 275 0.001487 1
863 238 933 294 0.001449 1
1026 247 1053 294 0.001448 1
518 218 559 272 0.001378 1
1086 233 1098 269 0.001367 1
17 226 72 282 0.001353 1
189 224 225 263 0.001341 1
864 257 900 286 0.001337 1
912 271 946 299 0.001325 1
1154 232 1170 251 0.001323 1
0 232 41 269 0.001320 1
1055 247 1080 326 0.001315 1
894 238 913 285 0.001315 1
902 269 945 313 0.001310 1
910 268 928 296 0.001310 1
864 241 893 282 0.001309 1
75 234 122 262 0.001286 1
29 231 74 278 0.001286 1
17 211 75 257 0.001285 1
1106 209 1225 267 0.001247 1
863 262 897 284 0.001243 1
893 265 910 287 0.001229 1
864 242 905 285 0.001229 1
124 235 194 264 0.001226 1
921 228 944 286 0.001195 1
895 236 916 262 0.001195 1
103 235 193 268 0.001185 1
1071 270 1105 339 0.001178 1
895 237 913 271 0.001153 1
20 221 78 293 0.001150 1
1023 277 1085 344 0.001135 1
1033 239 1081 336 0.001133 1
886 264 912 289 0.001130 1
122 237 156 263 0.001114 1
909 267 927 296 0.001108 1
18 232 202 277 0.001107 1
912 265 928 295 0.001095 1
501 238 531 254 0.001075 1
1061 241 1087 282 0.001073 1
1149 229 1175 247 0.001072 1
54 217 76 238 0.001069 1
134 215 152 238 0.001058 1
1023 270 1047 298 0.001054 1
882 263 912 288 0.001044 1
89 215 192 266 0.001038 1
46 232 74 272 0.001029 1
925 277 946 312 0.001022 1
192 222 237 262 0.001018 1
159 235 203 263 0.001009 1
1023 270 1064 334 0.001005 1
891 245 953 314 0.000993 1
862 212 912 280 0.000993 1
106 235 197 274 0.000987 1
42 219 173 260 0.000969 1
194 214 228 260 0.000968 1
863 183 942 290 0.000951 1
133 219 198 262 0.000940 1
192 226 227 263 0.000929 1
1033 227 1081 333 0.000915 1
52 217 95 240 0.000911 1
0 230 48 285 0.000907 1
925 272 955 298 0.000902 1
1145 308 1177 356 0.000896 1
865 241 895 281 0.000889 1
924 272 961 313 0.000874 1
159 237 193 263 0.000868 1
122 209 146 238 0.000864 1
1140 304 1238 412 0.000849 1
1145 308 1176 352 0.000829 1
1021 270 1048 331 0.000810 1
157 234 223 273 0.000808 1
894 265 919 312 0.000804 1
898 206 914 246 0.000795 1
104 240 155 264 0.000782 1
860 179 957 290 0.000774 1
0 234 25 289 0.000772 1
1022 271 1045 296 0.000769 1
926 278 948 312 0.000748 1
897 267 936 312 0.000734 1
1065 251 1082 283 0.000725 1
1050 257 1085 340 0.000724 1
56 235 195 269 0.000703 1
453 209 469 253 0.000695 1
0 225 64 293 0.000667 1
159 237 193 273 0.000666 1
192 224 241 264 0.000664 1
1053 252 1086 332 0.000659 1
192 235 222 263 0.000652 1
866 263 906 288 0.000638 1
1032 252 1076 336 0.000631 1
1045 266 1071 334 0.000630 1
1053 264 1104 339 0.000626 1
1134 289 1169 346 0.000624 1
332 233 352 255 0.000622 1
134 213 150 237 0.000620 1
0 239 12 288 0.000620 1
878 263 917 309 0.000617 1
858 261 906 294 0.000615 1
69 217 96 238 0.000598 1
1165 233 1175 247 0.000592 1
334 235 352 255 0.000586 1
1117 310 1169 356 0.000584 1
910 201 988 268 0.000579 1
865 230 889 279 0.000568 1
1034 267 1064 333 0.000559 1
1028 271 1060 331 0.000559 1
146 223 223 276 0.000558 1
1021 278 1067 339 0.000554 1
856 239 897 283 0.000552 1
1023 270 1041 293 0.000546 1
138 217 169 245 0.000546 1
30 233 203 276 0.000544 1
58 238 98 268 0.000536 1
158 219 236 276 0.000536 1
78 235 101 264 0.000534 1
1141 214 1182 250 0.000533 1
73 222 121 258 0.000527 1
1113 309 1168 352 0.000524 1
894 265 912 312 0.000505 1
1023 270 1048 307 0.000504 1
0 211 60 260 0.000501 1
890 269 961 338 0.000498 1
894 265 935 327 0.000495 1
1143 234 1166 259 0.000494 1
894 239 913 256 0.000489 1
495 225 559 254 0.000477 1
903 269 942 320 0.000473 1
1069 250 1091 282 0.000464 1
1183 189 1227 217 0.000463 1
875 201 913 253 0.000461 1
925 283 944 312 0.000458 1
1029 235 1059 311 0.000446 1
510 226 559 274 0.000443 1
1029 281 1078 339 0.000429 1
949 273 967 303 0.000424 1
1022 271 1056 332 0.000418 1
1120 237 1163 261 0.000417 1
1067 259 1101 332 0.000416 1
333 234 352 256 0.000411 1
536 223 559 255 0.000409 1
923 244 996 267 0.000404 1
1052 270 1080 337 0.000396 1
919 245 983 305 0.000392 1
855 226 882 282 0.000385 1
59 250 92 265 0.000381 1
0 198 178 296 0.000380 1
1139 308 1257 411 0.000378 1
1031 265 1059 316 0.000367 1
1103 179 1228 255 0.000362 1
1146 313 1183 362 0.000354 1
898 271 962 330 0.000352 1
886 262 959 345 0.000350 1
1076 205 1169 260 0.000345 1
20 236 49 288 0.000338 1
1032 271 1052 314 0.000329 1
102 204 204 265 0.000328 1
930 272 961 317 0.000327 1
3 78 127 267 0.000326 1
1044 272 1104 340 0.000322 1
103 245 130 264 0.000320 1
193 210 253 263 0.000317 1
948 247 971 256 0.000304 1
1088 234 1104 270 0.000304 1
1137 306 1206 407 0.000302 1
1027 236 1106 306 0.000295 1
1087 242 1103 270 0.000289 1
857 210 890 279 0.000287 1
331 206 353 255 0.000284 1
1068 251 1091 289 0.000272 1
0 197 256 316 0.000270 1
156 217 247 279 0.000270 1
106 205 163 260 0.000269 1
907 277 947 344 0.000266 1
1006 223 1274 311 0.000265 1
840 239 904 308 0.000263 1
512 209 612 271 0.000262 1
894 266 921 312 0.000255 1
1141 213 1184 250 0.000253 1
447 210 463 256 0.000253 1
193 211 222 249 0.000251 1
198 212 226 246 0.000248 1
0 68 68 286 0.000248 1
679 210 695 234 0.000247 1
854 224 932 288 0.000247 1
193 238 220 264 0.000246 1
81 217 95 235 0.000244 1
1146 335 1198 360 0.000243 1
855 231 925 298 0.000227 1
946 273 968 305 0.000222 1
7 243 203 293 0.000218 1
123 205 148 234 0.000218 1
1065 254 1097 310 0.000217 1
520 220 560 275 0.000216 1
1075 218 1142 267 0.000213 1
8 239 225 292 0.000212 1
1012 283 1067 347 0.000201 1
902 209 991 297 0.000196 1
894 255 933 345 0.000195 1
9 134 199 267 0.000195 1
470 184 560 253 0.000193 1
906 267 940 345 0.000190 1
946 264 976 305 0.000187 1
1073 286 1104 338 0.000184 1
1051 279 1079 341 0.000173 1
1081 224 1123 270 0.000173 1
860 263 925 306 0.000171 1
98 198 144 236 0.000167 1
767 257 835 287 0.000166 1
926 278 946 343 0.000166 1
824 280 865 312 0.000165 1
864 203 913 277 0.000163 1
920 272 964 340 0.000162 1
41 195 106 257 0.000158 1
0 196 78 300 0.000154 1
131 203 208 265 0.000152 1
822 281 860 312 0.000146 1
1095 226 1167 280 0.000145 1
1025 247 1110 336 0.000145 1
902 223 1006 305 0.000141 1
1147 233 1194 261 0.000134 1
874 263 959 345 0.000129 1
876 309 912 344 0.000129 1
902 268 1025 315 0.000128 1
517 218 560 277 0.000125 1
806 261 834 286 0.000124 1
870 261 915 333 0.000123 1
806 261 832 281 0.000123 1
1025 278 1087 349 0.000121 1
809 262 856 312 0.000120 1
506 203 620 258 0.000120 1
1019 213 1173 318 0.000118 1
13 214 41 244 0.000118 1
1017 253 1188 344 0.000118 1
147 207 168 237 0.000118 1
1002 291 1095 368 0.000117 1
1012 286 1090 364 0.000112 1
1101 228 1169 277 0.000109 1
1068 254 1104 322 0.000109 1
877 256 953 345 0.000108 1
0 189 318 368 0.000107 1
813 265 863 312 0.000104 1
1041 281 1105 341 0.000103 1
843 271 1044 336 0.000103 1
77 215 123 259 0.000102 1
807 262 820 281 0.000102 1
630 373 658 395 0.149807 2
631 376 658 395 0.110884 2
631 379 658 396 0.024053 2
495 435 526 449 0.017703 2
484 198 517 217 0.015944 2
1104 487 1116 496 0.015698 2
824 330 847 343 0.015608 2
822 330 846 344 0.015563 2
492 199 505 210 0.013050 2
482 194 519 217 0.012409 2
1005 197 1045 225 0.011660 2
1104 488 1121 497 0.011574 2
496 434 527 453 0.011075 2
1263 348 1279 368 0.011064 2
1004 196 1046 224 0.010874 2
1003 198 1040 226 0.010562 2
997 199 1039 229 0.009767 2
630 370 659 395 0.009759 2
1000 385 1020 400 0.009744 2
305 188 317 198 0.009492 2
647 455 655 461 0.009390 2
1264 350 1279 368 0.009117 2
494 198 518 211 0.009063 2
484 200 515 217 0.008908 2
1002 196 1046 230 0.008702 2
935 199 954 209 0.008475 2
1119 488 1135 497 0.008271 2
1168 382 1179 392 0.008241 2
304 185 323 198 0.008200 2
916 193 954 214 0.008042 2
849 471 867 479 0.007597 2
1006 196 1046 222 0.007455 2
1005 204 1025 227 0.007382 2
668 454 683 463 0.007010 2
495 429 527 449 0.006917 2
495 432 522 449 0.006916 2
877 199 910 243 0.006668 2
511 438 527 453 0.006380 2
655 452 665 462 0.006230 2
1120 488 1136 497 0.005872 2
1263 333 1279 368 0.005780 2
1004 196 1049 234 0.005670 2
848 471 868 479 0.005652 2
982 205 1026 230 0.005502 2
640 688 672 703 0.005455 2
1006 206 1025 229 0.005445 2
482 198 518 217 0.005437 2
308 186 323 198 0.005290 2
916 473 928 483 0.005130 2
655 424 703 469 0.004971 2
878 200 911 243 0.004923 2
832 481 840 486 0.004773 2
596 423 610 434 0.004743 2
868 196 928 243 0.004395 2
462 420 496 443 0.004153 2
634 374 661 394 0.004148 2
981 196 1045 249 0.004048 2
496 426 528 452 0.003887 2
591 197 653 215 0.003877 2
821 329 847 344 0.003859 2
658 375 689 387 0.003824 2
640 456 653 461 0.003705 2
496 436 528 455 0.003689 2
639 687 671 703 0.003675 2
647 385 657 398 0.003666 2
665 455 677 463 0.003594 2
462 422 496 446 0.003531 2
1263 244 1279 270 0.003339 2
985 203 1025 228 0.003321 2
648 374 661 390 0.003280 2
902 456 914 463 0.002946 2
1262 207 1279 270 0.002928 2
866 176 944 238 0.002779 2
878 201 908 240 0.002776 2
1169 381 1184 392 0.002748 2
462 419 496 444 0.002706 2
479 174 518 217 0.002696 2
1003 213 1041 250 0.002658 2
1004 205 1027 251 0.002627 2
319 216 331 231 0.002594 2
1220 498 1232 511 0.002550 2
1263 235 1279 270 0.002498 2
878 198 912 239 0.002495 2
978 184 1047 228 0.002474 2
1213 495 1232 511 0.002427 2
1263 198 1279 270 0.002412 2
495 239 517 252 0.002394 2
932 198 955 218 0.002336 2
495 428 528 450 0.002326 2
643 387 673 428 0.002267 2
1264 343 1279 368 0.002242 2
599 463 608 469 0.002223 2
668 383 684 395 0.002153 2
629 373 690 398 0.002140 2
821 328 880 344 0.002118 2
1003 188 1046 225 0.002117 2
633 202 653 217 0.002046 2
463 426 496 447 0.002009 2
1263 318 1279 369 0.001997 2
607 451 624 468 0.001971 2
487 436 527 454 0.001964 2
892 206 996 260 0.001929 2
503 316 513 335 0.001924 2
319 204 331 231 0.001916 2
1006 190 1046 224 0.001890 2
1263 361 1279 395 0.001879 2
1191 497 1200 504 0.001877 2
1002 203 1037 251 0.001875 2
459 424 495 446 0.001847 2
802 188 855 241 0.001831 2
458 408 529 448 0.001814 2
1261 168 1279 180 0.001813 2
978 199 1042 254 0.001796 2
1191 495 1213 505 0.001770 2
623 323 667 370 0.001762 2
1214 496 1231 512 0.001760 2
893 479 909 487 0.001759 2
609 202 627 215 0.001732 2
1247 345 1262 356 0.001724 2
624 321 680 371 0.001714 2
625 374 638 385 0.001681 2
832 471 841 478 0.001671 2
590 443 624 465 0.001662 2
1120 64 1152 76 0.001662 2
486 190 525 215 0.001644 2
676 451 689 464 0.001614 2
981 203 1029 253 0.001611 2
623 321 664 377 0.001608 2
1007 192 1050 221 0.001607 2
1262 201 1279 268 0.001603 2
447 414 499 444 0.001593 2
496 238 523 253 0.001585 2
683 452 702 464 0.001585 2
0 395 32 423 0.001579 2
895 474 926 488 0.001576 2
1160 500 1178 510 0.001567 2
654 375 688 396 0.001551 2
655 375 688 390 0.001521 2
680 383 687 395 0.001509 2
624 321 682 368 0.001480 2
1023 214 1040 230 0.001452 2
1263 366 1279 397 0.001438 2
623 397 662 430 0.001425 2
0 405 32 423 0.001422 2
912 454 924 464 0.001417 2
0 256 326 400 0.001414 2
642 388 673 432 0.001412 2
591 448 610 456 0.001412 2
1231 503 1240 510 0.001404 2
1167 380 1208 402 0.001404 2
503 312 529 336 0.001398 2
1263 249 1279 271 0.001393 2
47 400 95 425 0.001388 2
987 198 1029 227 0.001371 2
532 424 588 439 0.001368 2
1036 197 1063 221 0.001359 2
902 190 957 263 0.001319 2
872 186 944 245 0.001303 2
293 176 307 198 0.001301 2
623 323 659 371 0.001296 2
1194 472 1215 480 0.001295 2
494 409 527 446 0.001240 2
866 177 941 217 0.001229 2
1024 213 1040 229 0.001216 2
1199 373 1271 411 0.001205 2
683 453 704 470 0.001186 2
462 411 497 445 0.001181 2
639 423 654 435 0.001180 2
1004 196 1066 224 0.001178 2
1263 366 1279 393 0.001177 2
596 373 692 439 0.001167 2
0 392 32 422 0.001167 2
635 422 656 461 0.001167 2
511 335 521 350 0.001166 2
588 193 657 217 0.001165 2
847 438 869 454 0.001146 2
924 454 936 463 0.001144 2
589 447 622 468 0.001139 2
1184 501 1203 513 0.001137 2
430 423 466 442 0.001133 2
608 200 646 215 0.001126 2
920 210 997 261 0.001116 2
1197 375 1265 417 0.001112 2
1074 194 1095 215 0.001107 2
646 387 673 430 0.001103 2
967 480 988 487 0.001100 2
594 375 695 437 0.001091 2
682 448 702 462 0.001088 2
1207 355 1271 412 0.001073 2
1199 471 1216 480 0.001070 2
607 457 624 470 0.001065 2
803 184 852 239 0.001065 2
595 418 624 438 0.001056 2
668 452 705 471 0.001036 2
650 423 704 466 0.001035 2
1120 321 1167 344 0.001027 2
822 471 831 477 0.001009 2
671 461 681 471 0.001000 2
447 405 505 448 0.000994 2
1248 346 1274 361 0.000988 2
913 209 992 262 0.000985 2
1248 345 1265 359 0.000981 2
1263 253 1279 271 0.000975 2
627 373 689 422 0.000970 2
1071 201 1097 222 0.000970 2
503 313 514 336 0.000962 2
576 424 623 462 0.000961 2
661 448 701 464 0.000961 2
660 449 696 463 0.000956 2
1248 346 1263 360 0.000955 2
599 319 607 328 0.000945 2
480 188 519 217 0.000943 2
495 408 511 424 0.000937 2
503 312 528 350 0.000935 2
671 386 686 398 0.000931 2
556 202 567 216 0.000928 2
777 471 793 476 0.000921 2
656 424 702 444 0.000897 2
897 472 923 484 0.000895 2
1230 168 1246 181 0.000894 2
622 321 660 378 0.000891 2
31 262 49 294 0.000887 2
778 464 798 473 0.000887 2
1264 367 1279 401 0.000884 2
503 310 529 337 0.000884 2
158 416 171 422 0.000881 2
1120 64 1153 78 0.000880 2
823 327 880 344 0.000878 2
1197 376 1242 423 0.000872 2
664 464 672 471 0.000872 2
657 448 696 463 0.000871 2
603 459 624 470 0.000865 2
47 402 64 424 0.000864 2
430 423 498 446 0.000855 2
875 453 933 486 0.000855 2
465 409 497 444 0.000852 2
430 423 462 441 0.000849 2
1260 199 1279 264 0.000846 2
70 400 177 424 0.000841 2
1149 471 1163 479 0.000836 2
1262 169 1279 192 0.000832 2
574 420 624 468 0.000828 2
1165 497 1182 509 0.000827 2
624 374 660 394 0.000827 2
655 450 666 462 0.000821 2
994 197 1073 263 0.000821 2
507 372 691 445 0.000820 2
671 455 697 471 0.000817 2
1203 375 1243 419 0.000817 2
645 383 670 405 0.000816 2
1167 373 1209 400 0.000813 2
910 189 953 209 0.000809 2
294 176 306 197 0.000800 2
1260 201 1279 238 0.000793 2
865 182 912 242 0.000790 2
583 383 704 467 0.000789 2
847 438 859 454 0.000788 2
590 424 605 432 0.000784 2
623 313 685 370 0.000780 2
496 238 526 253 0.000778 2
31 265 49 295 0.000772 2
935 199 959 210 0.000769 2
31 258 49 294 0.000769 2
47 400 69 424 0.000768 2
802 189 851 240 0.000764 2
734 439 760 459 0.000763 2
879 480 890 487 0.000757 2
874 202 910 244 0.000752 2
847 438 878 455 0.000749 2
1225 161 1279 181 0.000746 2
735 437 763 460 0.000735 2
933 200 970 248 0.000735 2
1205 374 1275 409 0.000732 2
623 319 671 368 0.000721 2
978 207 997 249 0.000718 2
0 394 17 409 0.000718 2
591 201 613 214 0.000714 2
1198 378 1231 419 0.000706 2
494 409 517 427 0.000706 2
637 409 656 428 0.000704 2
47 405 64 424 0.000700 2
687 456 705 471 0.000698 2
1110 471 1121 478 0.000697 2
0 393 28 420 0.000692 2
43 399 95 426 0.000691 2
613 201 644 215 0.000688 2
1222 161 1277 223 0.000687 2
907 194 991 268 0.000683 2
158 398 176 421 0.000683 2
961 205 987 222 0.000679 2
159 243 192 276 0.000672 2
158 397 179 421 0.000670 2
776 471 793 477 0.000660 2
1246 345 1279 373 0.000660 2
627 376 671 429 0.000658 2
503 312 529 346 0.000653 2
655 425 701 448 0.000651 2
555 380 703 464 0.000651 2
643 374 688 404 0.000649 2
590 205 607 214 0.000648 2
667 424 700 441 0.000644 2
954 195 1046 259 0.000644 2
430 425 460 441 0.000643 2
495 408 517 425 0.000641 2
186 392 224 416 0.000629 2
1262 198 1279 232 0.000626 2
646 435 656 460 0.000625 2
495 239 522 253 0.000621 2
947 205 994 254 0.000620 2
429 422 474 458 0.000620 2
430 422 460 441 0.000614 2
516 425 590 438 0.000613 2
1125 64 1152 75 0.000605 2
645 375 683 413 0.000601 2
1167 375 1183 393 0.000598 2
1120 322 1169 344 0.000596 2
456 426 495 448 0.000594 2
495 408 513 424 0.000593 2
0 397 27 422 0.000584 2
1223 162 1280 220 0.000584 2
190 392 224 415 0.000584 2
633 373 688 422 0.000583 2
1167 381 1199 402 0.000583 2
820 329 847 361 0.000581 2
1262 169 1279 181 0.000580 2
533 471 544 480 0.000575 2
318 202 334 231 0.000573 2
82 399 178 423 0.000573 2
1141 317 1276 412 0.000570 2
899 203 916 237 0.000570 2
885 477 898 487 0.000569 2
1169 377 1206 402 0.000568 2
106 400 162 426 0.000558 2
719 333 758 377 0.000550 2
1169 353 1211 412 0.000546 2
1196 379 1233 423 0.000546 2
823 330 847 361 0.000545 2
913 472 936 484 0.000544 2
867 177 939 202 0.000542 2
310 186 333 199 0.000541 2
448 422 493 442 0.000539 2
294 200 332 232 0.000539 2
1200 375 1273 413 0.000539 2
1198 374 1260 426 0.000538 2
1228 345 1275 377 0.000536 2
959 473 973 487 0.000534 2
1262 168 1279 243 0.000529 2
866 205 903 240 0.000528 2
61 400 176 425 0.000527 2
1225 162 1269 181 0.000524 2
623 322 657 365 0.000516 2
824 330 847 358 0.000516 2
495 408 538 429 0.000514 2
157 235 225 278 0.000510 2
495 432 528 458 0.000507 2
648 425 694 443 0.000501 2
527 624 544 647 0.000501 2
1231 346 1267 376 0.000497 2
60 254 94 266 0.000496 2
640 464 648 470 0.000495 2
719 326 749 376 0.000495 2
47 399 67 423 0.000490 2
0 403 31 423 0.000489 2
190 222 250 266 0.000488 2
1038 200 1062 221 0.000486 2
109 409 127 425 0.000485 2
590 452 609 462 0.000484 2
158 403 176 423 0.000484 2
31 256 66 294 0.000483 2
688 447 703 459 0.000482 2
960 477 976 487 0.000482 2
1120 312 1170 345 0.000480 2
1167 354 1194 393 0.000479 2
523 218 564 277 0.000474 2
443 422 497 457 0.000473 2
244 411 264 424 0.000471 2
158 396 212 419 0.000470 2
1147 343 1200 366 0.000467 2
0 392 17 405 0.000467 2
101 400 167 425 0.000466 2
1265 318 1279 357 0.000460 2
639 428 654 461 0.000459 2
1213 347 1269 389 0.000458 2
96 401 129 426 0.000457 2
928 455 973 464 0.000456 2
624 322 672 376 0.000448 2
85 399 186 424 0.000444 2
1200 371 1279 421 0.000442 2
1016 439 1041 456 0.000441 2
912 154 944 184 0.000437 2
453 306 511 348 0.000436 2
516 403 625 465 0.000433 2
0 391 32 419 0.000431 2
1200 479 1211 487 0.000427 2
1239 345 1270 376 0.000423 2
991 358 1024 397 0.000423 2
1181 170 1227 267 0.000418 2
911 160 945 197 0.000416 2
0 393 91 423 0.000411 2
448 398 498 448 0.000405 2
1224 159 1279 182 0.000404 2
1180 159 1274 227 0.000400 2
0 395 39 423 0.000399 2
1190 471 1201 480 0.000398 2
720 318 745 339 0.000394 2
923 149 992 184 0.000388 2
96 400 182 424 0.000388 2
1201 373 1279 413 0.000386 2
1007 184 1048 219 0.000385 2
850 695 874 703 0.000385 2
0 439 8 446 0.000383 2
478 445 496 454 0.000382 2
739 695 812 703 0.000380 2
1212 372 1279 407 0.000380 2
746 694 811 703 0.000380 2
837 327 880 343 0.000379 2
499 406 546 432 0.000379 2
661 272 689 283 0.000377 2
1137 271 1279 354 0.000374 2
603 358 621 375 0.000370 2
522 218 561 278 0.000370 2
1237 302 1279 369 0.000369 2
1180 161 1209 219 0.000368 2
489 366 692 464 0.000368 2
692 454 719 470 0.000366 2
881 188 955 244 0.000365 2
1212 350 1261 411 0.000364 2
82 399 176 421 0.000363 2
159 217 255 267 0.000362 2
1216 495 1244 511 0.000361 2
33 254 93 289 0.000361 2
875 436 921 485 0.000358 2
1214 368 1280 406 0.000358 2
719 337 757 378 0.000357 2
917 150 991 184 0.000357 2
1230 296 1279 363 0.000357 2
1055 465 1069 471 0.000356 2
158 395 192 419 0.000356 2
719 322 733 341 0.000355 2
1231 279 1279 394 0.000353 2
20 200 36 206 0.000353 2
190 228 246 264 0.000353 2
1179 161 1234 219 0.000350 2
160 210 261 264 0.000345 2
56 254 91 279 0.000344 2
1217 346 1267 377 0.000343 2
596 359 624 388 0.000343 2
1119 471 1128 477 0.000343 2
1232 344 1268 357 0.000342 2
872 444 929 487 0.000341 2
1175 471 1208 480 0.000337 2
719 321 745 348 0.000336 2
1154 373 1182 395 0.000335 2
1138 377 1206 411 0.000333 2
0 277 6 293 0.000332 2
158 396 176 419 0.000332 2
1225 161 1269 182 0.000331 2
0 396 78 423 0.000330 2
845 326 881 343 0.000325 2
503 307 529 337 0.000324 2
58 254 93 278 0.000323 2
102 401 158 426 0.000320 2
622 407 653 430 0.000318 2
1015 441 1025 448 0.000317 2
1263 250 1279 294 0.000314 2
1259 249 1279 295 0.000314 2
160 238 192 273 0.000313 2
1004 184 1046 221 0.000311 2
30 252 91 295 0.000309 2
1214 345 1274 378 0.000309 2
976 180 1050 224 0.000308 2
912 150 993 185 0.000307 2
31 255 55 290 0.000307 2
460 426 496 455 0.000305 2
704 302 768 341 0.000302 2
1140 315 1171 360 0.000302 2
160 395 195 418 0.000300 2
1138 265 1279 415 0.000300 2
31 260 67 294 0.000299 2
623 372 659 403 0.000297 2
987 358 1021 388 0.000296 2
495 406 581 435 0.000295 2
719 337 750 376 0.000292 2
86 397 179 420 0.000292 2
110 406 128 426 0.000286 2
1240 179 1279 236 0.000286 2
1219 347 1266 385 0.000286 2
1097 163 1215 249 0.000285 2
940 208 977 254 0.000283 2
636 369 670 391 0.000283 2
1145 377 1201 408 0.000283 2
591 458 609 469 0.000282 2
274 184 294 192 0.000282 2
1208 345 1275 382 0.000277 2
1135 264 1279 360 0.000277 2
419 399 498 444 0.000276 2
832 439 848 450 0.000275 2
1233 351 1279 405 0.000275 2
1036 193 1064 219 0.000275 2
923 157 945 184 0.000273 2
528 400 696 463 0.000272 2
943 206 981 223 0.000270 2
803 184 851 220 0.000267 2
687 375 696 384 0.000267 2
94 399 184 419 0.000267 2
1212 251 1280 294 0.000265 2
425 392 524 445 0.000259 2
1263 463 1279 476 0.000256 2
447 397 499 444 0.000255 2
904 152 990 214 0.000254 2
862 332 880 344 0.000254 2
1097 157 1209 221 0.000254 2
1122 64 1152 80 0.000253 2
335 405 385 456 0.000250 2
0 276 22 295 0.000247 2
193 242 223 264 0.000247 2
231 408 265 425 0.000247 2
1238 196 1277 235 0.000246 2
1244 197 1278 238 0.000245 2
1094 488 1108 502 0.000245 2
1230 282 1279 364 0.000245 2
612 186 625 206 0.000245 2
1 281 23 295 0.000244 2
335 404 384 461 0.000241 2
161 240 192 275 0.000240 2
626 378 665 426 0.000240 2
876 469 929 489 0.000238 2
993 356 1024 380 0.000237 2
1130 186 1196 250 0.000234 2
624 366 645 384 0.000233 2
1164 379 1207 409 0.000231 2
413 397 486 443 0.000231 2
663 192 693 231 0.000231 2
56 255 96 283 0.000231 2
272 179 310 198 0.000230 2
57 253 103 278 0.000229 2
300 188 333 233 0.000224 2
479 335 496 356 0.000224 2
192 231 242 269 0.000223 2
36 402 131 425 0.000223 2
594 360 624 384 0.000222 2
885 177 941 208 0.000222 2
1231 349 1262 377 0.000219 2
1204 368 1280 411 0.000219 2
335 403 384 472 0.000218 2
799 464 817 472 0.000218 2
479 201 520 224 0.000217 2
429 423 467 457 0.000217 2
635 357 658 391 0.000217 2
623 407 642 426 0.000217 2
982 481 991 487 0.000216 2
176 399 204 418 0.000215 2
927 156 944 183 0.000213 2
506 495 527 503 0.000213 2
655 450 673 471 0.000212 2
327 448 400 472 0.000212 2
32 254 64 282 0.000212 2
32 237 85 281 0.000211 2
565 201 584 216 0.000208 2
1215 473 1224 481 0.000208 2
594 477 608 487 0.000208 2
0 280 5 294 0.000207 2
445 397 487 445 0.000206 2
190 244 224 277 0.000205 2
0 392 91 417 0.000204 2
1215 356 1226 382 0.000203 2
611 407 651 438 0.000203 2
297 175 315 198 0.000202 2
640 454 674 471 0.000201 2
1151 361 1219 419 0.000201 2
778 327 889 348 0.000200 2
814 325 848 343 0.000200 2
291 199 333 270 0.000199 2
622 322 657 373 0.000198 2
1139 384 1197 410 0.000197 2
930 375 944 386 0.000197 2
908 173 939 193 0.000197 2
831 417 847 424 0.000195 2
1023 439 1040 453 0.000195 2
625 318 690 393 0.000194 2
123 234 197 282 0.000193 2
695 389 704 403 0.000193 2
963 199 989 215 0.000192 2
85 404 128 425 0.000191 2
56 254 102 286 0.000191 2
1232 490 1256 512 0.000190 2
1050 471 1137 487 0.000188 2
527 623 544 646 0.000188 2
482 199 520 225 0.000188 2
356 217 368 228 0.000186 2
1138 390 1196 410 0.000186 2
195 217 257 265 0.000185 2
988 348 1012 380 0.000185 2
913 472 940 486 0.000184 2
1025 363 1043 375 0.000182 2
627 374 696 464 0.000181 2
1253 414 1279 465 0.000181 2
327 199 384 237 0.000180 2
1226 164 1248 202 0.000179 2
721 322 745 345 0.000178 2
46 439 63 446 0.000178 2
1231 289 1279 353 0.000178 2
1168 344 1273 389 0.000177 2
909 178 942 206 0.000177 2
102 239 162 282 0.000176 2
320 408 337 413 0.000176 2
603 423 641 471 0.000176 2
498 222 563 279 0.000175 2
159 242 192 278 0.000175 2
1136 338 1180 368 0.000174 2
29 254 99 292 0.000173 2
1150 343 1220 411 0.000173 2
654 424 704 474 0.000170 2
195 236 243 267 0.000169 2
357 218 368 231 0.000169 2
907 145 944 184 0.000169 2
822 438 887 479 0.000166 2
1 396 98 465 0.000165 2
467 391 483 399 0.000165 2
474 407 503 428 0.000164 2
271 182 311 201 0.000163 2
87 397 135 425 0.000163 2
43 436 83 450 0.000162 2
1226 434 1279 472 0.000161 2
154 397 227 424 0.000161 2
326 190 341 200 0.000161 2
51 401 96 438 0.000160 2
447 435 463 456 0.000160 2
327 200 354 257 0.000158 2
503 496 527 502 0.000157 2
107 400 157 422 0.000156 2
215 210 256 255 0.000156 2
1213 295 1279 419 0.000156 2
230 206 242 217 0.000155 2
719 329 730 349 0.000154 2
1120 319 1173 360 0.000154 2
0 400 32 460 0.000153 2
775 464 800 478 0.000153 2
320 407 336 413 0.000153 2
104 252 115 264 0.000151 2
831 439 872 455 0.000150 2
191 241 221 277 0.000150 2
1187 472 1207 490 0.000150 2
879 527 891 535 0.000149 2
334 404 385 450 0.000149 2
329 201 381 246 0.000145 2
817 338 842 362 0.000145 2
867 220 881 242 0.000144 2
1230 306 1279 418 0.000144 2
749 277 912 343 0.000144 2
519 191 579 222 0.000143 2
448 425 480 458 0.000142 2
176 392 213 418 0.000141 2
990 323 1025 387 0.000141 2
294 196 327 232 0.000140 2
446 426 497 457 0.000140 2
1166 268 1216 282 0.000138 2
817 327 885 360 0.000137 2
412 397 483 435 0.000137 2
831 416 847 425 0.000135 2
652 367 689 387 0.000134 2
626 310 693 378 0.000134 2
320 200 355 241 0.000132 2
769 319 848 344 0.000132 2
326 198 387 233 0.000131 2
450 187 481 216 0.000130 2
1138 470 1223 498 0.000130 2
866 407 882 416 0.000129 2
169 398 214 423 0.000129 2
159 241 195 280 0.000128 2
623 314 675 360 0.000128 2
1260 257 1279 295 0.000127 2
221 407 265 425 0.000127 2
866 175 938 204 0.000127 2
922 152 991 187 0.000127 2
1213 261 1280 296 0.000126 2
917 148 995 193 0.000126 2
513 408 604 439 0.000125 2
1238 312 1280 366 0.000125 2
159 210 280 272 0.000124 2
652 363 690 386 0.000124 2
54 567 96 591 0.000123 2
623 308 681 357 0.000122 2
322 448 389 472 0.000122 2
207 186 267 232 0.000122 2
227 208 251 234 0.000122 2
173 392 202 415 0.000121 2
623 317 665 357 0.000120 2
515 407 559 428 0.000120 2
1153 324 1273 385 0.000120 2
712 296 769 344 0.000119 2
38 398 138 423 0.000118 2
918 184 967 210 0.000117 2
736 274 974 343 0.000116 2
43 436 96 450 0.000116 2
623 323 655 351 0.000116 2
506 495 530 504 0.000116 2
413 400 431 408 0.000115 2
323 340 375 383 0.000115 2
1205 342 1274 364 0.000114 2
1147 182 1186 218 0.000114 2
468 391 498 406 0.000114 2
1096 154 1220 224 0.000113 2
2 248 46 294 0.000112 2
1138 336 1214 414 0.000112 2
455 306 503 345 0.000112 2
331 342 355 355 0.000112 2
175 392 225 424 0.000111 2
527 625 550 648 0.000111 2
5 176 498 388 0.000111 2
174 392 212 424 0.000110 2
580 176 714 218 0.000110 2
879 407 888 417 0.000110 2
336 404 385 467 0.000108 2
0 392 78 415 0.000107 2
263 378 288 400 0.000107 2
624 298 689 373 0.000106 2
329 339 371 386 0.000106 2
529 471 544 481 0.000106 2
0 250 193 397 0.000105 2
0 429 8 447 0.000105 2
244 446 317 468 0.000104 2
162 185 320 275 0.000104 2
1167 445 1179 456 0.000103 2
147 392 228 421 0.000103 2
1159 276 1280 325 0.000102 2
199 242 246 276 0.000100 2
1180 162 1279 268 0.004507 5
478 174 523 216 0.003755 5
480 179 519 217 0.003597 5
479 175 521 217 0.002522 5
1140 282 1279 415 0.002472 5
1030 265 1279 415 0.002424 5
550 175 580 202 0.002177 5
1032 276 1279 419 0.001820 5
479 167 584 217 0.001646 5
921 251 1279 368 0.001289 5
767 251 1278 358 0.001223 5
1011 253 1278 371 0.001199 5
1017 257 1279 418 0.001071 5
1022 246 1279 388 0.001069 5
971 253 1279 419 0.001055 5
830 135 939 164 0.000789 5
830 135 938 167 0.000698 5
1016 261 1279 456 0.000685 5
1262 170 1279 267 0.000550 5
824 135 939 165 0.000517 5
1018 160 1279 379 0.000473 5
973 191 1278 350 0.000457 5
930 235 1278 318 0.000441 5
1016 163 1279 307 0.000144 5
666 259 1279 508 0.013516 6
655 251 1280 493 0.005500 6
475 165 582 208 0.005495 6
720 261 1279 511 0.005041 6
472 154 582 210 0.004742 6
663 249 1278 423 0.004158 6
786 263 1279 509 0.003768 6
683 237 1277 494 0.002672 6
712 251 1279 420 0.002358 6
640 253 1129 480 0.002339 6
640 257 1179 476 0.002239 6
495 159 581 204 0.002031 6
466 152 585 216 0.002011 6
340 398 705 468 0.001973 6
688 304 1277 512 0.001842 6
681 432 1277 506 0.001744 6
489 157 580 205 0.001674 6
497 167 580 207 0.001641 6
667 430 1276 498 0.001638 6
657 332 1271 499 0.001592 6
861 266 1279 507 0.001557 6
710 435 1275 511 0.001423 6
371 401 705 468 0.001405 6
665 323 1277 506 0.001371 6
636 323 958 480 0.001357 6
658 280 1277 504 0.001334 6
707 255 1279 492 0.001275 6
912 261 1279 498 0.001187 6
665 432 1270 494 0.001181 6
658 210 1277 497 0.001101 6
642 281 1051 480 0.001059 6
1024 470 1277 514 0.001035 6
841 460 1277 513 0.001019 6
411 389 706 467 0.001001 6
641 257 1154 391 0.001001 6
641 258 1143 412 0.000993 6
640 266 961 375 0.000982 6
707 443 1275 516 0.000973 6
832 453 1276 513 0.000972 6
1161 156 1279 268 0.000964 6
952 468 1277 512 0.000916 6
501 165 579 206 0.000912 6
819 429 1277 511 0.000895 6
598 269 959 481 0.000890 6
830 135 939 165 0.000854 6
672 439 1276 517 0.000848 6
824 410 1278 511 0.000847 6
338 373 706 466 0.000801 6
16 433 327 511 0.000792 6
439 283 957 479 0.000786 6
640 259 1126 434 0.000781 6
790 447 1275 517 0.000761 6
656 344 1105 488 0.000749 6
1011 272 1278 502 0.000744 6
469 172 575 217 0.000730 6
770 433 1277 513 0.000729 6
844 450 1025 487 0.000724 6
961 258 1279 471 0.000721 6
333 405 705 473 0.000706 6
640 256 1049 375 0.000697 6
650 328 1068 479 0.000687 6
830 135 939 168 0.000685 6
644 248 1228 391 0.000683 6
838 444 1026 487 0.000681 6
825 447 1025 487 0.000677 6
689 228 1275 433 0.000663 6
856 450 1126 487 0.000662 6
640 262 1107 403 0.000630 6
445 391 727 469 0.000630 6
661 433 1222 488 0.000627 6
640 232 1189 373 0.000626 6
648 183 1277 503 0.000616 6
460 392 955 476 0.000595 6
651 351 1009 482 0.000590 6
824 442 1027 486 0.000578 6
8 432 333 496 0.000573 6
844 432 1027 487 0.000562 6
464 158 588 228 0.000555 6
653 432 1271 524 0.000554 6
640 242 1072 377 0.000544 6
407 371 708 465 0.000521 6
704 242 1279 359 0.000516 6
640 240 1146 380 0.000511 6
437 259 958 478 0.000511 6
655 198 1275 454 0.000495 6
2 432 361 501 0.000492 6
831 134 938 160 0.000486 6
735 435 883 479 0.000459 6
405 327 943 472 0.000456 6
663 435 1048 482 0.000448 6
43 401 165 425 0.000443 6
644 190 1217 368 0.000432 6
375 250 945 474 0.000430 6
642 354 1038 481 0.000422 6
646 190 1272 439 0.000422 6
0 401 344 477 0.000378 6
640 253 1038 474 0.000349 6
1027 431 1280 513 0.000347 6
18 404 332 472 0.000347 6
1044 287 1280 499 0.000340 6
656 433 1025 482 0.000336 6
1079 423 1278 479 0.000325 6
818 134 939 233 0.000317 6
1095 420 1279 473 0.000315 6
470 141 580 207 0.000309 6
13 395 360 482 0.000306 6
0 65 360 398 0.000306 6
647 190 1263 364 0.000305 6
850 451 1175 489 0.000302 6
723 426 885 479 0.000295 6
859 444 1047 486 0.000285 6
325 64 699 230 0.000282 6
22 394 338 465 0.000262 6
511 411 950 479 0.000261 6
1150 64 1280 273 0.000249 6
366 66 642 218 0.000247 6
588 181 663 217 0.000247 6
702 227 1275 353 0.000236 6
1060 423 1280 483 0.000234 6
1010 423 1278 513 0.000214 6
657 429 1252 534 0.000211 6
1101 425 1278 484 0.000210 6
0 393 354 456 0.000197 6
1115 414 1278 473 0.000196 6
442 160 702 226 0.000191 6
412 73 653 221 0.000183 6
641 341 1065 480 0.000183 6
511 147 679 216 0.000179 6
1028 130 1280 268 0.000172 6
496 158 655 209 0.000171 6
36 392 323 485 0.000155 6
1054 419 1280 473 0.000148 6
649 431 1004 480 0.000136 6
1156 427 1277 484 0.000134 6
416 65 692 227 0.000128 6
1076 64 1280 274 0.000127 6
1167 64 1280 273 0.000121 6
5 393 312 481 0.000121 6
640 303 1005 482 0.000119 6
370 250 868 470 0.000118 6
0 118 331 399 0.000116 6
510 140 582 206 0.000115 6
1170 432 1277 480 0.000108 6
752 186 1217 311 0.000107 6
153 170 275 227 0.000106 6
649 419 1210 554 0.000106 6
856 451 1146 497 0.000106 6
841 451 1078 492 0.000101 6
707 193 1254 313 0.000101 6
861 177 952 243 0.284396 7
801 177 951 243 0.181642 7
845 176 953 243 0.126313 7
854 177 945 244 0.120928 7
702 154 953 243 0.096485 7
707 152 859 238 0.070293 7
700 164 953 244 0.051307 7
866 176 940 236 0.036830 7
801 154 943 243 0.034763 7
732 153 859 238 0.034049 7
708 152 807 236 0.018514 7
690 157 956 246 0.017468 7
708 152 827 237 0.015350 7
586 183 622 214 0.015073 7
1184 175 1279 269 0.014166 7
587 183 620 212 0.014003 7
802 173 857 241 0.009578 7
802 184 853 242 0.009528 7
801 137 951 241 0.008792 7
1183 226 1279 268 0.008459 7
708 152 806 220 0.008371 7
866 177 932 242 0.007988 7
688 153 955 258 0.007648 7
1004 196 1046 223 0.005810 7
802 173 855 235 0.005471 7
1181 165 1279 268 0.005447 7
865 176 934 236 0.005309 7
1182 187 1279 269 0.005183 7
803 166 857 234 0.005105 7
586 183 656 216 0.005037 7
1138 287 1279 412 0.004778 7
776 172 955 246 0.004771 7
866 176 918 242 0.004676 7
866 176 939 228 0.004657 7
994 195 1046 227 0.003964 7
787 149 953 245 0.003880 7
1184 210 1279 268 0.003719 7
802 179 857 240 0.003627 7
1195 171 1279 268 0.003582 7
826 181 957 246 0.003389 7
578 184 619 213 0.003265 7
846 177 927 243 0.002910 7
1208 168 1279 268 0.002846 7
526 172 580 203 0.002716 7
1261 181 1279 267 0.002620 7
846 176 933 239 0.002599 7
983 193 1047 229 0.002470 7
803 183 854 232 0.002399 7
1263 198 1279 268 0.002142 7
1260 198 1279 270 0.002114 7
704 152 802 215 0.001967 7
801 185 861 241 0.001921 7
660 150 970 311 0.001871 7
523 171 581 209 0.001805 7
586 183 620 205 0.001757 7
754 152 805 209 0.001686 7
641 150 970 343 0.001648 7
1183 162 1279 260 0.001558 7
803 159 858 220 0.001465 7
1186 168 1279 242 0.001452 7
750 152 805 206 0.001447 7
586 188 660 218 0.001349 7
1136 277 1279 399 0.001277 7
801 150 922 240 0.001193 7
1084 268 1278 355 0.001173 7
1180 163 1279 241 0.001170 7
1139 309 1279 414 0.001158 7
539 170 580 216 0.001127 7
1063 263 1279 355 0.001062 7
292 199 387 280 0.001051 7
759 152 808 210 0.001031 7
1051 270 1280 357 0.001031 7
586 185 671 219 0.000966 7
703 155 752 218 0.000948 7
710 153 752 216 0.000912 7
762 152 807 225 0.000852 7
933 207 975 256 0.000787 7
698 152 801 231 0.000784 7
705 141 862 225 0.000721 7
1095 275 1279 355 0.000688 7
1040 266 1279 356 0.000665 7
932 204 976 254 0.000663 7
1263 167 1279 258 0.000656 7
802 175 967 256 0.000644 7
701 134 955 248 0.000640 7
1057 262 1277 347 0.000637 7
1180 160 1279 235 0.000630 7
576 175 621 212 0.000598 7
640 145 1028 379 0.000596 7
707 145 834 216 0.000594 7
1221 183 1266 264 0.000586 7
640 144 983 378 0.000559 7
705 302 768 343 0.000548 7
750 152 805 234 0.000533 7
809 133 955 251 0.000522 7
759 152 805 235 0.000498 7
1215 160 1279 239 0.000496 7
809 159 858 189 0.000478 7
294 199 332 232 0.000477 7
724 152 782 222 0.000450 7
642 137 1117 384 0.000445 7
941 207 995 258 0.000441 7
1261 166 1279 264 0.000429 7
1226 178 1280 235 0.000426 7
756 152 807 206 0.000418 7
523 167 655 212 0.000397 7
759 134 952 247 0.000382 7
1224 177 1273 236 0.000363 7
292 198 386 289 0.000352 7
528 176 632 214 0.000347 7
728 153 773 233 0.000346 7
642 144 1154 370 0.000335 7
1159 304 1280 355 0.000321 7
841 133 951 243 0.000304 7
764 139 1000 252 0.000298 7
729 152 802 208 0.000278 7
910 177 1058 252 0.000272 7
867 153 1032 261 0.000268 7
1230 288 1279 397 0.000260 7
705 300 768 352 0.000258 7
733 154 752 216 0.000253 7
511 150 874 240 0.000252 7
713 300 768 344 0.000247 7
1230 291 1279 415 0.000243 7
1006 183 1057 219 0.000243 7
697 156 753 228 0.000233 7
1051 171 1280 414 0.000232 7
587 170 656 215 0.000229 7
1121 169 1280 378 0.000213 7
720 152 792 218 0.000210 7
704 274 849 345 0.000203 7
1224 174 1280 224 0.000198 7
1222 169 1275 229 0.000195 7
1094 282 1280 378 0.000191 7
859 186 995 268 0.000188 7
50 402 95 438 0.000188 7
706 290 851 356 0.000183 7
1099 168 1215 256 0.000183 7
249 195 456 363 0.000180 7
789 129 922 232 0.000179 7
945 209 975 255 0.000173 7
1162 302 1280 352 0.000171 7
858 150 884 203 0.000168 7
847 167 928 232 0.000166 7
1187 165 1234 222 0.000166 7
702 140 813 215 0.000163 7
758 152 810 222 0.000163 7
979 166 1054 231 0.000159 7
806 161 858 192 0.000151 7
730 152 753 219 0.000150 7
1163 302 1243 353 0.000142 7
735 164 752 216 0.000140 7
708 178 1113 313 0.000140 7
917 147 1053 243 0.000137 7
1163 301 1233 353 0.000137 7
706 300 768 386 0.000136 7
1230 296 1279 356 0.000128 7
956 156 1056 236 0.000126 7
1173 159 1280 392 0.000125 7
705 151 753 218 0.000124 7
1012 259 1280 352 0.000123 7
822 153 1126 278 0.000117 7
687 84 953 245 0.000114 7
995 167 1064 231 0.000114 7
750 154 792 233 0.000109 7
1160 300 1240 351 0.000103 7
1088 150 1103 177 0.492453 9
513 152 524 180 0.379024 9
513 151 524 185 0.163619 9
513 152 525 182 0.140319 9
513 152 524 187 0.079261 9
449 157 490 170 0.071522 9
513 150 524 181 0.071119 9
239 177 247 190 0.060894 9
372 167 382 185 0.056921 9
895 156 905 176 0.054111 9
895 156 907 177 0.043128 9
1207 172 1215 185 0.041971 9
513 151 526 185 0.039185 9
313 152 341 193 0.034757 9
1088 151 1102 184 0.030179 9
1198 383 1207 417 0.026823 9
867 152 880 169 0.026791 9
366 167 374 188 0.023317 9
449 158 489 171 0.023155 9
366 167 374 188 0.022011 9
559 182 568 194 0.021453 9
362 167 368 189 0.021149 9
225 183 232 196 0.020575 9
372 167 381 186 0.019737 9
552 172 571 200 0.017611 9
257 180 262 191 0.017213 9
554 173 569 199 0.016913 9
1215 167 1223 184 0.016254 9
239 175 249 192 0.016111 9
895 153 907 176 0.015821 9
523 183 536 195 0.014254 9
448 157 490 181 0.013821 9
1198 383 1208 416 0.013687 9
111 151 128 164 0.013224 9
1197 383 1207 415 0.013087 9
1014 140 1025 169 0.012957 9
1089 150 1103 183 0.012767 9
68 168 80 178 0.012595 9
1155 166 1167 184 0.012379 9
1207 168 1216 185 0.011648 9
1198 383 1206 401 0.011579 9
864 151 879 169 0.011367 9
879 154 890 170 0.011129 9
551 172 577 200 0.010871 9
895 153 908 177 0.010844 9
863 165 869 183 0.010778 9
360 167 368 189 0.010681 9
257 142 268 160 0.010630 9
638 161 652 184 0.010060 9
638 164 652 184 0.010035 9
548 172 581 203 0.010011 9
516 191 526 201 0.009790 9
863 164 870 183 0.009651 9
638 160 645 175 0.009264 9
1013 139 1024 172 0.008896 9
95 152 104 175 0.008882 9
257 143 267 160 0.008828 9
111 151 128 165 0.008629 9
814 145 822 160 0.008269 9
224 182 233 196 0.008075 9
258 143 268 159 0.007871 9
664 153 671 174 0.007458 9
216 184 224 197 0.007141 9
991 680 1004 699 0.007078 9
814 144 823 156 0.007005 9
365 167 374 189 0.006911 9
663 154 671 173 0.006852 9
462 163 473 184 0.006580 9
991 680 1002 699 0.006539 9
523 184 536 198 0.006397 9
512 145 525 181 0.006301 9
527 182 545 198 0.006295 9
587 170 595 185 0.006031 9
588 175 601 185 0.006013 9
523 171 546 184 0.005952 9
1192 384 1203 401 0.005904 9
240 166 248 191 0.005873 9
895 155 907 177 0.005861 9
1198 383 1215 418 0.005853 9
94 152 104 176 0.005728 9
508 169 548 188 0.005522 9
224 184 232 199 0.005381 9
698 127 705 152 0.005286 9
959 135 975 160 0.005230 9
358 167 367 190 0.005217 9
693 176 703 198 0.005143 9
694 176 703 198 0.005128 9
519 168 546 184 0.005067 9
638 162 653 185 0.005066 9
312 149 349 190 0.005058 9
990 679 1008 703 0.004984 9
550 175 579 202 0.004776 9
514 167 547 185 0.004762 9
624 169 634 194 0.004728 9
95 152 104 173 0.004713 9
839 686 848 703 0.004604 9
639 164 655 184 0.004597 9
1089 150 1110 178 0.004560 9
587 168 593 185 0.004340 9
544 168 552 191 0.004323 9
576 180 582 200 0.004297 9
1154 165 1167 184 0.004264 9
881 155 894 172 0.004243 9
660 153 671 174 0.004187 9
1089 149 1103 190 0.004147 9
693 177 700 197 0.004133 9
699 131 705 152 0.004123 9
866 151 880 177 0.004115 9
313 152 348 195 0.004038 9
1207 170 1215 200 0.003962 9
446 156 491 183 0.003953 9
639 166 655 184 0.003915 9
1230 168 1247 181 0.003865 9
1047 156 1055 169 0.003840 9
543 168 554 199 0.003802 9
483 174 495 183 0.003799 9
67 168 80 179 0.003633 9
1007 680 1024 703 0.003610 9
67 168 80 200 0.003586 9
638 164 653 185 0.003547 9
217 186 224 204 0.003520 9
847 151 858 166 0.003519 9
539 169 574 200 0.003476 9
895 151 909 177 0.003436 9
553 173 578 200 0.003414 9
623 176 633 198 0.003407 9
447 154 490 170 0.003379 9
587 166 602 185 0.003360 9
1197 383 1216 416 0.003323 9
959 119 971 134 0.003305 9
665 181 671 195 0.003273 9
698 123 705 153 0.003240 9
624 168 635 185 0.003235 9
959 119 969 133 0.003212 9
1007 137 1024 172 0.003202 9
533 408 544 429 0.003112 9
119 64 159 77 0.003035 9
447 156 490 189 0.003027 9
1007 137 1022 171 0.002995 9
959 132 975 160 0.002987 9
256 178 262 191 0.002952 9
521 183 536 199 0.002950 9
513 151 546 187 0.002904 9
880 152 896 174 0.002839 9
1154 160 1168 184 0.002763 9
1229 167 1247 181 0.002738 9
543 168 575 202 0.002726 9
950 349 960 386 0.002717 9
1013 135 1025 170 0.002694 9
999 679 1024 703 0.002683 9
990 679 1011 703 0.002651 9
1006 679 1024 703 0.002645 9
1011 137 1025 173 0.002623 9
546 167 578 203 0.002620 9
512 154 526 195 0.002612 9
664 294 681 349 0.002610 9
611 177 620 185 0.002531 9
1000 678 1024 703 0.002516 9
213 193 224 227 0.002510 9
848 182 858 205 0.002474 9
1006 136 1024 171 0.002455 9
664 152 671 174 0.002453 9
313 149 340 192 0.002377 9
447 157 491 192 0.002342 9
959 119 981 136 0.002329 9
801 143 810 156 0.002296 9
474 148 532 218 0.002290 9
840 152 849 163 0.002288 9
877 153 893 176 0.002286 9
846 151 858 166 0.002253 9
701 129 713 153 0.002229 9
173 64 201 90 0.002198 9
700 117 720 154 0.002192 9
951 348 960 368 0.002182 9
111 136 128 165 0.002179 9
242 216 252 239 0.002162 9
1191 163 1202 186 0.002133 9
663 294 682 350 0.002115 9
854 288 864 312 0.002063 9
680 170 688 186 0.002010 9
119 64 155 74 0.002007 9
1104 163 1145 187 0.001990 9
671 328 680 346 0.001987 9
831 689 840 703 0.001954 9
664 327 678 349 0.001925 9
968 122 981 136 0.001889 9
950 350 961 391 0.001826 9
1191 166 1201 186 0.001815 9
848 182 857 216 0.001796 9
1214 368 1223 388 0.001790 9
884 154 897 176 0.001789 9
1104 163 1146 189 0.001784 9
1091 149 1110 176 0.001752 9
828 76 849 92 0.001743 9
960 135 976 161 0.001738 9
1041 155 1053 169 0.001734 9
243 212 252 238 0.001715 9
1186 160 1202 187 0.001701 9
831 685 840 703 0.001691 9
654 153 671 175 0.001687 9
671 316 681 336 0.001678 9
448 158 490 177 0.001677 9
809 77 849 91 0.001669 9
1097 131 1105 158 0.001651 9
248 177 257 192 0.001646 9
535 408 544 427 0.001638 9
975 143 987 153 0.001628 9
665 321 680 347 0.001608 9
602 166 617 185 0.001605 9
568 135 581 161 0.001604 9
653 153 669 175 0.001594 9
681 179 689 195 0.001592 9
992 145 1000 165 0.001586 9
963 119 981 136 0.001584 9
1081 174 1088 184 0.001583 9
580 64 596 92 0.001580 9
854 283 864 312 0.001566 9
1104 164 1147 185 0.001557 9
971 124 981 136 0.001492 9
355 165 372 191 0.001492 9
1044 151 1056 169 0.001473 9
615 156 624 171 0.001472 9
692 176 703 199 0.001455 9
373 175 385 200 0.001446 9
831 139 859 165 0.001443 9
119 64 164 78 0.001440 9
68 171 80 199 0.001409 9
566 138 581 162 0.001408 9
119 64 201 87 0.001408 9
312 147 351 192 0.001404 9
96 183 101 200 0.001375 9
609 159 620 182 0.001373 9
735 135 752 154 0.001372 9
813 160 858 181 0.001366 9
213 164 221 177 0.001349 9
1228 166 1247 181 0.001330 9
681 165 688 183 0.001328 9
701 127 713 153 0.001327 9
155 64 202 90 0.001314 9
703 119 720 154 0.001267 9
352 164 362 190 0.001255 9
340 165 351 186 0.001252 9
410 178 418 203 0.001251 9
960 341 968 353 0.001248 9
495 150 524 193 0.001239 9
644 158 656 183 0.001235 9
1159 425 1168 440 0.001232 9
167 64 176 75 0.001231 9
210 167 218 176 0.001210 9
1104 165 1136 193 0.001194 9
610 158 617 169 0.001191 9
831 135 860 167 0.001144 9
809 78 842 89 0.001132 9
223 177 235 195 0.001116 9
811 160 855 179 0.001112 9
596 64 625 93 0.001100 9
689 118 710 153 0.001098 9
1151 336 1168 360 0.001097 9
119 64 199 85 0.001093 9
580 64 597 93 0.001091 9
1145 165 1154 185 0.001079 9
803 137 824 160 0.001078 9
256 128 268 160 0.001068 9
95 182 102 200 0.001065 9
604 164 619 184 0.001054 9
1024 151 1040 159 0.001049 9
119 64 159 79 0.001044 9
243 176 259 192 0.001032 9
976 143 993 152 0.001030 9
574 133 581 160 0.001028 9
432 171 446 192 0.001027 9
220 176 249 194 0.001016 9
994 649 1008 680 0.001010 9
480 173 495 187 0.001010 9
812 159 855 178 0.000998 9
1100 136 1110 161 0.000995 9
118 64 182 79 0.000984 9
665 185 671 203 0.000979 9
410 177 418 199 0.000969 9
1103 163 1142 188 0.000968 9
1212 167 1226 202 0.000966 9
506 152 582 207 0.000957 9
486 147 524 181 0.000952 9
1056 671 1063 692 0.000942 9
653 150 671 174 0.000941 9
691 168 703 181 0.000927 9
665 171 671 188 0.000923 9
1181 165 1202 216 0.000910 9
991 648 1009 700 0.000909 9
576 180 582 201 0.000906 9
990 650 1022 703 0.000904 9
587 64 624 93 0.000902 9
691 118 708 154 0.000900 9
970 174 976 186 0.000893 9
414 176 421 203 0.000887 9
119 64 187 81 0.000885 9
566 144 580 161 0.000880 9
993 139 1001 166 0.000873 9
566 163 580 179 0.000861 9
491 149 524 183 0.000860 9
256 177 268 193 0.000857 9
1247 678 1258 703 0.000855 9
809 79 837 88 0.000848 9
1021 150 1040 164 0.000847 9
1015 149 1036 169 0.000845 9
340 166 351 189 0.000836 9
701 118 716 128 0.000832 9
564 177 582 200 0.000831 9
809 160 858 188 0.000830 9
989 647 1025 704 0.000829 9
1043 155 1054 170 0.000826 9
1071 675 1088 697 0.000822 9
477 170 520 217 0.000821 9
966 137 992 162 0.000818 9
701 119 720 155 0.000818 9
949 349 979 404 0.000811 9
571 164 581 178 0.000811 9
1076 685 1088 697 0.000808 9
976 168 991 185 0.000806 9
991 649 1008 681 0.000803 9
700 117 719 131 0.000799 9
615 152 624 164 0.000798 9
975 141 993 162 0.000795 9
665 325 680 350 0.000794 9
257 177 271 195 0.000793 9
1230 95 1249 161 0.000792 9
1196 380 1232 424 0.000780 9
432 171 446 193 0.000778 9
602 168 617 185 0.000777 9
627 179 640 199 0.000774 9
992 646 1025 703 0.000765 9
1090 152 1107 181 0.000757 9
1137 164 1155 185 0.000755 9
264 212 276 231 0.000748 9
589 173 604 186 0.000747 9
1145 158 1168 184 0.000746 9
701 117 720 128 0.000743 9
448 157 496 171 0.000743 9
809 77 847 89 0.000741 9
804 132 832 160 0.000740 9
1088 141 1104 177 0.000738 9
1198 134 1208 180 0.000738 9
699 117 718 156 0.000737 9
704 168 711 179 0.000734 9
807 144 828 161 0.000727 9
120 64 181 85 0.000726 9
735 87 753 120 0.000725 9
840 119 855 135 0.000724 9
1088 146 1104 177 0.000723 9
1100 162 1150 189 0.000720 9
1021 100 1042 162 0.000719 9
767 104 784 120 0.000712 9
67 167 80 178 0.000705 9
690 118 705 154 0.000702 9
1077 151 1103 185 0.000701 9
1102 154 1144 186 0.000700 9
690 168 700 180 0.000697 9
312 69 369 195 0.000697 9
67 169 87 178 0.000686 9
992 139 1000 170 0.000686 9
119 64 201 90 0.000685 9
767 103 782 136 0.000682 9
624 167 638 184 0.000680 9
1056 667 1064 690 0.000680 9
983 669 994 680 0.000680 9
447 141 491 171 0.000674 9
690 171 702 198 0.000673 9
1036 150 1056 169 0.000671 9
1198 133 1207 187 0.000668 9
159 64 180 87 0.000668 9
312 134 387 195 0.000668 9
513 140 545 186 0.000668 9
841 119 858 135 0.000667 9
1019 109 1042 164 0.000667 9
860 631 897 689 0.000666 9
663 323 680 350 0.000666 9
344 183 353 199 0.000663 9
1159 424 1168 440 0.000663 9
1180 163 1203 217 0.000662 9
1014 134 1040 164 0.000651 9
479 335 496 356 0.000648 9
241 193 261 230 0.000645 9
555 160 580 179 0.000641 9
1150 338 1168 360 0.000641 9
266 215 277 231 0.000637 9
386 197 397 206 0.000637 9
844 150 873 171 0.000636 9
1218 393 1232 423 0.000633 9
998 135 1013 173 0.000633 9
1039 634 1057 697 0.000631 9
372 157 382 185 0.000630 9
119 64 177 78 0.000627 9
1071 675 1087 694 0.000622 9
333 183 344 199 0.000621 9
1097 132 1112 162 0.000617 9
1108 162 1139 185 0.000617 9
1097 129 1104 143 0.000616 9
1022 153 1040 168 0.000601 9
1183 163 1202 187 0.000597 9
312 107 384 198 0.000593 9
593 64 641 95 0.000582 9
1247 680 1257 703 0.000581 9
258 171 271 194 0.000581 9
990 356 1000 376 0.000576 9
851 151 865 167 0.000576 9
998 647 1025 703 0.000573 9
623 169 640 198 0.000569 9
1197 128 1224 195 0.000567 9
352 166 362 190 0.000564 9
159 64 171 74 0.000564 9
415 175 423 204 0.000562 9
399 184 408 202 0.000561 9
799 132 833 159 0.000560 9
720 359 736 376 0.000559 9
1182 164 1202 207 0.000558 9
248 194 257 205 0.000557 9
845 154 870 184 0.000555 9
1022 140 1040 159 0.000555 9
224 183 233 203 0.000555 9
849 118 865 136 0.000554 9
1206 160 1221 186 0.000549 9
95 151 130 178 0.000548 9
159 64 182 90 0.000548 9
1160 535 1166 544 0.000547 9
999 135 1012 182 0.000546 9
1056 152 1064 169 0.000541 9
445 158 489 207 0.000540 9
822 158 855 174 0.000537 9
447 156 492 218 0.000535 9
847 280 864 312 0.000533 9
1099 128 1141 164 0.000530 9
312 147 375 196 0.000527 9
834 687 848 703 0.000520 9
1230 96 1249 171 0.000512 9
594 64 636 93 0.000510 9
829 135 913 168 0.000507 9
766 115 778 136 0.000504 9
843 118 867 136 0.000502 9
294 176 307 197 0.000498 9
991 658 1001 680 0.000496 9
742 362 750 375 0.000496 9
1184 158 1203 188 0.000492 9
919 690 928 703 0.000492 9
993 646 1008 680 0.000492 9
951 344 961 365 0.000492 9
698 117 716 157 0.000491 9
398 184 407 202 0.000489 9
209 182 221 199 0.000489 9
991 360 1000 378 0.000488 9
273 185 281 194 0.000487 9
608 156 622 185 0.000486 9
496 139 572 209 0.000482 9
480 175 495 198 0.000480 9
447 147 527 172 0.000479 9
1209 166 1230 205 0.000477 9
214 162 222 176 0.000474 9
847 439 857 454 0.000469 9
1031 684 1040 696 0.000467 9
1184 163 1216 189 0.000466 9
162 64 185 76 0.000464 9
812 161 859 186 0.000464 9
375 162 408 184 0.000462 9
111 204 123 225 0.000460 9
406 179 418 204 0.000460 9
569 156 581 179 0.000460 9
312 148 342 190 0.000460 9
767 104 784 135 0.000458 9
480 174 496 198 0.000458 9
652 147 671 175 0.000455 9
861 630 897 695 0.000455 9
1056 152 1064 163 0.000454 9
478 168 526 216 0.000454 9
224 177 245 194 0.000451 9
690 118 703 148 0.000450 9
964 133 996 160 0.000450 9
110 132 128 166 0.000448 9
240 161 249 186 0.000447 9
443 143 537 204 0.000446 9
843 163 871 211 0.000445 9
651 170 661 193 0.000445 9
1201 129 1219 173 0.000440 9
702 173 711 191 0.000439 9
1225 161 1248 181 0.000437 9
194 186 201 202 0.000436 9
1039 636 1057 688 0.000435 9
417 170 432 204 0.000435 9
456 183 470 200 0.000433 9
596 149 608 164 0.000433 9
593 64 624 92 0.000430 9
265 196 272 208 0.000430 9
687 171 703 200 0.000430 9
574 276 604 345 0.000429 9
858 631 896 699 0.000429 9
593 64 633 107 0.000428 9
483 144 525 179 0.000425 9
999 333 1007 343 0.000424 9
99 178 109 200 0.000421 9
1071 678 1089 699 0.000421 9
831 136 859 165 0.000420 9
1088 154 1102 204 0.000419 9
864 631 897 684 0.000419 9
156 64 180 91 0.000419 9
240 176 254 207 0.000418 9
696 119 716 179 0.000417 9
350 163 368 199 0.000415 9
817 681 837 703 0.000414 9
1205 123 1232 169 0.000413 9
44 320 56 343 0.000413 9
256 146 268 175 0.000412 9
766 73 785 120 0.000411 9
607 172 621 185 0.000406 9
997 131 1009 172 0.000406 9
1208 167 1231 208 0.000405 9
866 672 873 681 0.000405 9
1186 134 1211 188 0.000404 9
711 596 720 615 0.000404 9
1044 154 1056 182 0.000398 9
498 171 513 187 0.000398 9
695 120 708 175 0.000397 9
798 134 827 157 0.000395 9
216 176 236 198 0.000394 9
1238 640 1248 671 0.000394 9
565 130 581 162 0.000390 9
67 168 98 200 0.000390 9
842 119 860 135 0.000387 9
854 136 939 165 0.000386 9
1110 148 1124 162 0.000380 9
1001 173 1009 186 0.000378 9
416 171 434 203 0.000377 9
126 175 132 187 0.000376 9
1185 143 1215 189 0.000375 9
1145 164 1168 184 0.000375 9
742 150 752 157 0.000374 9
997 135 1010 172 0.000374 9
809 77 850 97 0.000373 9
431 170 446 197 0.000373 9
856 631 897 694 0.000371 9
767 87 785 120 0.000370 9
991 644 1027 704 0.000370 9
265 192 274 207 0.000369 9
504 397 546 431 0.000369 9
997 134 1009 172 0.000367 9
95 152 110 177 0.000367 9
832 150 846 163 0.000366 9
847 275 864 312 0.000366 9
587 160 605 185 0.000365 9
955 344 969 360 0.000365 9
855 136 939 154 0.000364 9
670 154 677 168 0.000362 9
49 184 64 206 0.000359 9
578 301 593 317 0.000359 9
573 123 581 161 0.000358 9
1209 113 1232 164 0.000357 9
1014 361 1023 376 0.000356 9
574 64 581 94 0.000356 9
223 168 232 176 0.000354 9
808 159 855 181 0.000354 9
1225 161 1250 181 0.000352 9
942 367 951 387 0.000352 9
801 144 811 159 0.000352 9
847 174 869 233 0.000352 9
1098 160 1128 196 0.000352 9
600 156 621 184 0.000345 9
416 171 436 203 0.000345 9
543 158 581 196 0.000344 9
638 144 652 167 0.000343 9
1075 144 1103 183 0.000342 9
100 178 109 200 0.000341 9
827 135 922 170 0.000341 9
575 275 606 359 0.000341 9
463 260 479 304 0.000340 9
854 630 896 703 0.000338 9
1209 129 1229 165 0.000338 9
960 118 972 134 0.000337 9
638 139 658 165 0.000336 9
862 112 869 118 0.000334 9
734 359 742 376 0.000333 9
912 168 924 179 0.000332 9
184 197 191 206 0.000331 9
625 159 647 184 0.000330 9
1118 602 1131 632 0.000329 9
1021 91 1045 163 0.000329 9
431 170 447 194 0.000327 9
469 189 480 204 0.000325 9
597 135 605 144 0.000324 9
608 152 622 169 0.000324 9
1102 152 1136 183 0.000323 9
447 156 516 195 0.000323 9
836 119 855 135 0.000321 9
701 149 713 178 0.000320 9
1119 602 1130 632 0.000319 9
976 686 993 703 0.000319 9
830 678 840 702 0.000317 9
959 118 981 150 0.000315 9
833 76 849 96 0.000314 9
861 631 896 683 0.000314 9
809 136 832 160 0.000314 9
95 175 108 201 0.000314 9
919 688 928 703 0.000312 9
544 140 551 154 0.000311 9
974 188 981 201 0.000311 9
1183 165 1217 197 0.000310 9
576 281 595 338 0.000308 9
1135 614 1152 656 0.000308 9
432 171 446 196 0.000307 9
800 86 807 100 0.000305 9
373 162 409 185 0.000304 9
351 158 364 191 0.000301 9
95 151 111 176 0.000298 9
739 359 751 375 0.000297 9
230 130 241 146 0.000296 9
689 118 705 165 0.000296 9
855 634 864 657 0.000295 9
1072 149 1095 202 0.000295 9
479 146 525 171 0.000294 9
1097 123 1140 166 0.000294 9
48 183 64 207 0.000293 9
1210 99 1232 162 0.000292 9
1104 166 1132 206 0.000291 9
271 197 280 211 0.000289 9
1171 101 1201 137 0.000289 9
967 137 995 173 0.000288 9
449 156 502 189 0.000288 9
847 269 863 312 0.000286 9
1107 170 1143 221 0.000286 9
912 168 929 181 0.000285 9
1040 672 1048 680 0.000284 9
695 151 707 175 0.000281 9
1022 682 1040 698 0.000280 9
1171 149 1184 163 0.000279 9
638 140 658 164 0.000278 9
1247 678 1264 703 0.000278 9
1068 631 1097 697 0.000278 9
1089 149 1118 180 0.000278 9
259 167 271 179 0.000277 9
808 152 855 180 0.000277 9
67 168 101 200 0.000277 9
1046 169 1056 184 0.000276 9
453 183 482 199 0.000276 9
1028 680 1040 696 0.000275 9
652 174 661 199 0.000275 9
258 129 269 160 0.000275 9
387 196 397 206 0.000274 9
833 374 847 391 0.000274 9
830 64 839 69 0.000273 9
813 129 833 137 0.000271 9
1039 634 1057 689 0.000271 9
1016 336 1024 344 0.000271 9
809 78 851 95 0.000270 9
478 335 496 374 0.000269 9
96 150 129 169 0.000268 9
120 64 185 92 0.000268 9
264 213 277 232 0.000267 9
1214 164 1246 184 0.000266 9
1255 619 1263 647 0.000265 9
457 151 527 172 0.000265 9
1153 159 1196 185 0.000264 9
573 64 586 92 0.000262 9
1087 673 1102 699 0.000262 9
815 684 840 703 0.000261 9
1102 158 1154 186 0.000261 9
513 393 553 432 0.000261 9
1151 99 1200 137 0.000259 9
1021 681 1040 697 0.000259 9
586 127 599 163 0.000257 9
959 335 972 345 0.000255 9
1071 668 1088 697 0.000254 9
1151 146 1200 185 0.000254 9
587 128 598 161 0.000254 9
551 140 580 159 0.000253 9
642 148 657 168 0.000253 9
1087 131 1145 195 0.000251 9
479 172 517 212 0.000248 9
592 64 642 108 0.000248 9
941 348 960 391 0.000245 9
830 135 886 167 0.000244 9
1070 669 1088 694 0.000241 9
983 672 1000 702 0.000241 9
40 320 55 345 0.000241 9
126 176 132 201 0.000240 9
0 143 8 203 0.000240 9
257 142 271 173 0.000240 9
589 64 627 106 0.000240 9
809 74 850 92 0.000240 9
1150 103 1170 134 0.000239 9
371 164 409 185 0.000239 9
902 150 933 181 0.000238 9
1090 676 1104 696 0.000235 9
314 88 332 157 0.000234 9
575 72 582 94 0.000234 9
1210 125 1223 135 0.000233 9
596 139 609 164 0.000233 9
1006 329 1018 345 0.000232 9
669 150 678 168 0.000231 9
1208 95 1233 164 0.000230 9
584 160 605 185 0.000230 9
256 165 269 186 0.000229 9
585 119 599 161 0.000229 9
663 304 688 350 0.000229 9
1104 133 1142 164 0.000228 9
860 136 926 170 0.000228 9
765 69 790 120 0.000228 9
1034 151 1059 184 0.000228 9
1115 182 1139 214 0.000227 9
55 159 62 169 0.000227 9
169 64 265 90 0.000226 9
348 147 378 190 0.000226 9
831 374 847 391 0.000226 9
525 137 545 184 0.000225 9
853 112 870 136 0.000224 9
116 158 128 179 0.000223 9
444 179 470 213 0.000223 9
575 275 602 339 0.000222 9
588 163 618 189 0.000222 9
1073 161 1100 208 0.000222 9
1153 163 1173 217 0.000222 9
468 183 481 199 0.000221 9
592 146 600 163 0.000219 9
1089 681 1104 697 0.000219 9
790 137 801 153 0.000219 9
976 687 987 699 0.000218 9
578 64 597 98 0.000217 9
1150 110 1165 133 0.000217 9
766 104 785 137 0.000216 9
752 319 762 345 0.000216 9
1208 121 1232 163 0.000216 9
1207 158 1227 186 0.000215 9
294 199 325 233 0.000212 9
350 150 384 189 0.000212 9
939 344 962 390 0.000210 9
100 180 107 202 0.000210 9
1117 683 1128 698 0.000209 9
975 135 994 155 0.000208 9
210 111 300 231 0.000207 9
1086 663 1104 699 0.000207 9
527 135 545 180 0.000207 9
1199 134 1211 172 0.000207 9
40 326 50 345 0.000206 9
1238 640 1248 672 0.000206 9
1111 360 1118 369 0.000205 9
688 116 711 207 0.000204 9
879 679 896 690 0.000204 9
1227 99 1249 178 0.000204 9
690 116 705 149 0.000203 9
1179 163 1226 218 0.000203 9
1089 660 1104 699 0.000202 9
991 132 1000 166 0.000202 9
801 127 833 138 0.000201 9
993 646 1025 686 0.000200 9
1072 146 1097 189 0.000200 9
446 128 488 174 0.000199 9
1207 603 1216 625 0.000198 9
98 177 110 202 0.000198 9
638 64 660 83 0.000198 9
1135 615 1152 649 0.000198 9
63 145 79 173 0.000197 9
1160 525 1168 543 0.000197 9
1248 681 1263 703 0.000196 9
600 344 609 359 0.000196 9
304 75 364 198 0.000195 9
231 130 241 146 0.000195 9
1108 159 1173 186 0.000193 9
720 519 728 536 0.000193 9
1087 633 1096 660 0.000193 9
851 136 939 153 0.000193 9
978 679 1008 703 0.000193 9
294 199 320 232 0.000193 9
170 64 256 91 0.000192 9
1143 98 1207 184 0.000192 9
1073 152 1081 169 0.000192 9
1038 170 1051 184 0.000192 9
576 75 585 99 0.000191 9
62 149 79 168 0.000190 9
67 169 79 200 0.000190 9
210 119 274 224 0.000189 9
287 285 297 312 0.000188 9
1056 672 1066 694 0.000188 9
1008 650 1024 684 0.000188 9
369 165 406 186 0.000188 9
522 133 545 185 0.000187 9
62 153 78 170 0.000187 9
620 153 646 182 0.000186 9
1149 101 1198 136 0.000185 9
372 157 428 204 0.000185 9
663 289 689 351 0.000185 9
1036 121 1109 204 0.000185 9
371 158 409 184 0.000184 9
1199 585 1209 600 0.000184 9
1208 126 1220 135 0.000184 9
89 184 96 200 0.000184 9
1207 123 1232 175 0.000184 9
913 152 928 180 0.000183 9
1087 150 1113 218 0.000182 9
806 162 858 191 0.000182 9
1134 614 1153 680 0.000181 9
1086 137 1140 180 0.000180 9
192 168 231 202 0.000180 9
17 157 25 177 0.000179 9
1239 683 1253 703 0.000179 9
799 686 816 703 0.000178 9
1005 173 1015 184 0.000177 9
905 127 912 137 0.000177 9
729 92 737 108 0.000176 9
1198 579 1208 600 0.000176 9
310 90 333 165 0.000175 9
796 268 855 346 0.000175 9
1053 138 1104 188 0.000174 9
832 375 848 392 0.000172 9
813 126 835 136 0.000172 9
992 642 1026 682 0.000172 9
1153 163 1198 187 0.000172 9
999 105 1023 137 0.000170 9
812 150 844 166 0.000170 9
701 112 720 128 0.000170 9
607 680 620 703 0.000170 9
1153 157 1202 186 0.000169 9
991 639 1008 680 0.000169 9
579 64 602 104 0.000168 9
1069 631 1097 680 0.000167 9
270 186 279 208 0.000167 9
310 64 339 166 0.000167 9
978 693 1005 703 0.000167 9
416 165 436 203 0.000167 9
1203 96 1225 135 0.000167 9
999 124 1007 136 0.000165 9
594 64 629 91 0.000165 9
656 323 680 354 0.000165 9
582 122 599 163 0.000164 9
1204 127 1224 162 0.000164 9
1206 603 1216 627 0.000164 9
1064 118 1127 183 0.000164 9
549 140 575 155 0.000164 9
942 130 957 147 0.000163 9
855 633 864 654 0.000161 9
555 147 570 161 0.000160 9
1145 164 1173 217 0.000160 9
43 313 57 343 0.000159 9
1083 127 1106 178 0.000160 9
1079 623 1086 630 0.000159 9
847 693 870 703 0.000159 9
606 680 653 703 0.000158 9
0 146 7 203 0.000158 9
861 136 939 172 0.000158 9
1087 679 1103 702 0.000158 9
1057 675 1072 694 0.000158 9
478 145 525 166 0.000158 9
751 302 768 344 0.000157 9
875 135 940 181 0.000157 9
1066 631 1095 696 0.000157 9
999 327 1008 343 0.000156 9
1105 163 1154 227 0.000154 9
660 173 692 216 0.000154 9
982 662 1001 680 0.000154 9
1166 586 1190 621 0.000154 9
1004 645 1041 699 0.000154 9
802 130 838 161 0.000153 9
1160 147 1199 186 0.000153 9
990 114 1000 133 0.000152 9
432 171 445 203 0.000150 9
448 143 539 172 0.000150 9
1069 631 1097 674 0.000149 9
576 280 594 320 0.000149 9
191 183 202 204 0.000148 9
1007 614 1031 648 0.000148 9
629 64 640 77 0.000148 9
256 84 262 97 0.000147 9
603 158 661 208 0.000147 9
1110 361 1119 375 0.000147 9
312 124 371 197 0.000147 9
205 178 248 214 0.000147 9
118 64 204 98 0.000146 9
1151 647 1168 681 0.000146 9
573 125 600 164 0.000146 9
623 64 641 90 0.000145 9
1055 651 1067 690 0.000145 9
624 64 640 73 0.000145 9
806 291 842 344 0.000145 9
311 110 324 157 0.000145 9
680 156 690 181 0.000144 9
821 679 833 693 0.000144 9
1212 103 1226 132 0.000144 9
95 150 130 186 0.000144 9
41 321 56 345 0.000144 9
700 113 720 128 0.000144 9
800 88 808 101 0.000144 9
222 153 263 202 0.000144 9
1001 94 1042 165 0.000144 9
120 64 186 95 0.000143 9
210 87 322 222 0.000143 9
86 184 99 200 0.000142 9
1129 164 1157 218 0.000142 9
0 142 8 197 0.000141 9
1215 582 1224 601 0.000141 9
416 156 433 203 0.000141 9
723 350 751 377 0.000141 9
229 163 246 181 0.000140 9
681 293 704 346 0.000140 9
17 157 26 183 0.000140 9
854 631 899 683 0.000140 9
623 268 640 284 0.000139 9
594 137 625 171 0.000138 9
815 685 834 703 0.000137 9
998 646 1029 684 0.000137 9
799 123 831 137 0.000137 9
1188 128 1213 189 0.000137 9
372 151 413 185 0.000136 9
837 678 849 701 0.000136 9
940 122 962 146 0.000135 9
446 142 520 173 0.000135 9
310 108 324 159 0.000135 9
665 141 672 171 0.000135 9
64 150 80 178 0.000134 9
1202 159 1251 186 0.000134 9
568 129 604 177 0.000134 9
448 143 524 172 0.000134 9
316 108 369 196 0.000134 9
431 157 489 197 0.000132 9
637 78 657 104 0.000132 9
898 136 937 152 0.000131 9
1092 658 1104 697 0.000131 9
694 177 712 201 0.000131 9
662 170 684 202 0.000130 9
1016 680 1041 703 0.000130 9
1255 622 1264 648 0.000130 9
545 264 559 280 0.000129 9
982 136 1021 172 0.000129 9
1254 614 1263 642 0.000129 9
1239 689 1253 703 0.000129 9
942 337 991 395 0.000129 9
1069 71 1087 92 0.000128 9
1081 632 1096 669 0.000128 9
211 118 324 247 0.000127 9
244 131 255 144 0.000127 9
626 64 641 86 0.000127 9
310 107 335 184 0.000126 9
1225 99 1254 187 0.000126 9
1039 107 1124 215 0.000126 9
1057 666 1072 693 0.000126 9
989 116 999 137 0.000126 9
959 118 1004 167 0.000125 9
879 135 940 182 0.000125 9
564 122 581 162 0.000123 9
0 391 32 415 0.000123 9
801 296 830 342 0.000123 9
787 114 837 137 0.000123 9
800 296 822 335 0.000122 9
452 149 540 210 0.000122 9
1101 162 1196 188 0.000122 9
1145 109 1201 183 0.000122 9
1162 132 1194 176 0.000122 9
765 69 786 120 0.000122 9
790 135 800 152 0.000122 9
863 661 873 676 0.000121 9
848 279 870 339 0.000121 9
607 679 622 703 0.000121 9
359 149 370 169 0.000121 9
361 151 411 185 0.000121 9
685 118 708 178 0.000120 9
622 150 636 166 0.000120 9
586 118 598 135 0.000119 9
74 150 106 178 0.000119 9
1169 97 1204 136 0.000118 9
1152 97 1205 137 0.000118 9
644 130 672 174 0.000118 9
871 631 897 687 0.000118 9
973 169 992 204 0.000117 9
799 78 807 99 0.000117 9
1097 118 1143 165 0.000116 9
547 151 566 161 0.000116 9
943 680 953 700 0.000116 9
599 64 641 98 0.000116 9
957 140 994 174 0.000115 9
766 70 787 106 0.000115 9
684 292 704 347 0.000115 9
1039 635 1055 674 0.000114 9
1147 113 1192 172 0.000114 9
454 143 526 172 0.000114 9
831 374 848 393 0.000114 9
1126 369 1135 391 0.000113 9
247 164 257 176 0.000113 9
863 670 873 688 0.000112 9
1144 100 1195 169 0.000112 9
849 114 871 137 0.000112 9
447 138 514 173 0.000112 9
579 64 645 96 0.000112 9
445 134 502 174 0.000112 9
1063 631 1095 691 0.000112 9
253 102 268 161 0.000111 9
65 153 108 184 0.000111 9
377 147 409 184 0.000111 9
1073 150 1081 166 0.000111 9
689 156 700 174 0.000111 9
1005 646 1040 683 0.000111 9
544 159 558 174 0.000111 9
240 176 270 224 0.000110 9
1183 634 1192 664 0.000110 9
1057 679 1073 695 0.000109 9
447 139 493 172 0.000109 9
680 128 691 156 0.000109 9
861 631 895 655 0.000109 9
1176 611 1183 622 0.000109 9
255 108 266 127 0.000108 9
113 150 134 165 0.000107 9
1147 97 1214 186 0.000107 9
1150 101 1166 134 0.000107 9
208 67 226 87 0.000107 9
153 185 173 205 0.000107 9
1151 527 1160 543 0.000107 9
309 97 328 161 0.000107 9
785 121 811 139 0.000106 9
107 149 139 205 0.000106 9
857 135 937 153 0.000106 9
654 151 686 191 0.000106 9
858 154 936 209 0.000106 9
210 161 221 177 0.000105 9
1151 138 1196 185 0.000105 9
988 639 1054 703 0.000105 9
1006 328 1019 345 0.000105 9
170 151 177 168 0.000105 9
616 145 654 172 0.000104 9
1105 141 1143 163 0.000104 9
888 136 938 153 0.000103 9
607 178 633 201 0.000103 9
955 336 979 367 0.000103 9
813 115 834 136 0.000103 9
910 95 926 114 0.000102 9
762 271 855 339 0.000102 9
751 117 782 141 0.000101 9
1160 534 1167 556 0.000101 9
870 676 898 696 0.000100 9
583 64 643 100 0.000100 9
1232 197 1256 233 0.008088 11
1181 192 1198 216 0.005923 11
111 204 121 223 0.005600 11
111 204 121 224 0.003096 11
1180 190 1200 216 0.003080 11
1181 191 1200 216 0.003018 11
1182 205 1195 217 0.002044 11
1181 186 1201 216 0.001813 11
1051 110 1084 146 0.001425 11
111 202 121 223 0.000458 11
1051 112 1081 146 0.000381 11
1052 113 1069 142 0.000364 11
1179 191 1199 217 0.000269 11
1179 185 1201 217 0.000150 11
