682 197 707 286 0.765423 0
1128 202 1193 338 0.765176 0
862 190 893 270 0.677978 0
1050 197 1075 256 0.666137 0
863 189 894 263 0.392875 0
683 202 708 286 0.384374 0
1164 192 1182 244 0.341309 0
1164 191 1183 246 0.281976 0
475 197 495 242 0.183969 0
1164 191 1181 241 0.177770 0
477 196 496 245 0.177475 0
478 197 497 244 0.164551 0
477 196 498 244 0.145899 0
478 196 495 243 0.139208 0
253 201 267 240 0.113677 0
478 201 498 243 0.106051 0
475 195 497 245 0.103310 0
254 204 267 240 0.093110 0
480 197 499 240 0.089453 0
253 199 267 240 0.077271 0
1162 191 1182 242 0.072341 0
862 198 895 270 0.059276 0
1165 191 1180 220 0.055892 0
1165 192 1184 248 0.054198 0
1050 196 1074 247 0.044775 0
911 448 928 486 0.037129 0
713 211 728 234 0.032950 0
633 202 643 215 0.031949 0
470 200 486 248 0.029444 0
468 198 481 251 0.029443 0
1039 203 1051 230 0.029311 0
789 329 809 344 0.028956 0
714 211 728 234 0.028685 0
633 202 644 216 0.027885 0
1161 191 1180 220 0.027813 0
784 197 793 215 0.027137 0
1165 191 1182 238 0.025946 0
254 201 269 240 0.024916 0
1209 190 1229 266 0.024407 0
1207 191 1226 231 0.024362 0
464 200 477 251 0.023911 0
711 207 728 235 0.023762 0
862 202 887 271 0.023721 0
1208 191 1228 266 0.023452 0
244 197 267 240 0.022606 0
954 369 979 457 0.021232 0
470 201 480 240 0.021143 0
847 201 857 223 0.019444 0
846 202 861 241 0.019442 0
846 201 866 241 0.018507 0
1165 191 1182 219 0.017779 0
1211 191 1226 224 0.016788 0
863 434 882 477 0.016761 0
708 209 729 234 0.016406 0
847 200 865 266 0.016259 0
948 359 981 460 0.016112 0
863 437 881 477 0.015929 0
953 369 977 457 0.015255 0
464 200 476 250 0.014973 0
951 366 981 457 0.014737 0
1163 190 1181 234 0.014589 0
1212 191 1225 215 0.014512 0
683 207 706 281 0.014406 0
633 201 647 216 0.014384 0
253 203 269 240 0.014361 0
863 197 890 247 0.014335 0
244 195 258 239 0.013967 0
470 198 480 221 0.013933 0
477 201 504 243 0.013715 0
1161 199 1182 244 0.013707 0
846 203 856 238 0.013498 0
710 210 729 234 0.013316 0
466 199 479 251 0.013226 0
789 329 810 345 0.012531 0
863 439 880 473 0.012483 0
846 205 858 242 0.012468 0
486 198 501 218 0.011287 0
1000 384 1010 398 0.011028 0
1072 485 1080 501 0.010898 0
948 356 984 485 0.010829 0
1206 191 1226 223 0.010810 0
784 193 794 214 0.010789 0
1206 191 1225 214 0.010665 0
1211 194 1228 266 0.010522 0
846 204 856 222 0.010363 0
1214 191 1224 211 0.010353 0
861 428 883 478 0.010152 0
862 431 882 478 0.009998 0
785 198 793 215 0.009720 0
1038 197 1051 227 0.009690 0
709 207 728 234 0.009636 0
633 202 649 216 0.009548 0
242 199 267 240 0.009086 0
476 192 495 231 0.008949 0
847 204 873 275 0.008541 0
511 197 518 210 0.008480 0
956 369 980 450 0.008102 0
931 346 983 472 0.007848 0
804 184 815 208 0.007821 0
1191 383 1207 416 0.007785 0
863 206 881 234 0.007762 0
932 346 984 460 0.007702 0
213 189 224 230 0.007673 0
803 184 815 216 0.007673 0
926 203 946 252 0.007335 0
911 447 929 486 0.007251 0
519 192 527 209 0.006478 0
905 436 931 486 0.006396 0
821 328 847 344 0.006348 0
1135 446 1142 462 0.006322 0
739 201 744 214 0.006223 0
864 193 888 233 0.006142 0
999 385 1009 399 0.006053 0
914 474 928 487 0.005986 0
802 184 816 222 0.005874 0
464 198 472 215 0.005802 0
1164 205 1188 255 0.005801 0
1137 446 1143 459 0.005640 0
950 367 998 459 0.005576 0
847 199 865 231 0.005576 0
957 371 980 427 0.005560 0
1015 387 1022 400 0.005520 0
1015 383 1024 399 0.005392 0
1207 191 1230 232 0.005380 0
1072 488 1080 503 0.005327 0
480 190 501 221 0.005304 0
999 383 1022 399 0.005265 0
1209 194 1238 267 0.005256 0
1055 487 1066 497 0.005244 0
1050 200 1065 243 0.005181 0
242 197 260 240 0.005110 0
682 204 706 275 0.005078 0
1207 504 1216 512 0.005075 0
1206 191 1227 239 0.004984 0
943 367 977 460 0.004842 0
639 688 671 703 0.004725 0
1036 201 1050 230 0.004672 0
635 199 653 216 0.004655 0
789 328 811 391 0.004622 0
955 366 987 425 0.004610 0
1011 203 1024 225 0.004533 0
960 371 980 423 0.004481 0
957 367 987 419 0.004442 0
712 212 728 236 0.004401 0
685 207 707 254 0.004354 0
847 200 892 281 0.004271 0
802 184 815 218 0.004237 0
863 434 890 480 0.004202 0
1200 503 1209 512 0.004181 0
935 348 986 457 0.004150 0
1048 219 1064 258 0.004144 0
1212 212 1227 266 0.004125 0
1113 194 1121 202 0.004066 0
213 192 224 230 0.004065 0
862 192 887 230 0.003993 0
1189 211 1204 234 0.003933 0
957 371 980 409 0.003909 0
999 384 1019 399 0.003875 0
213 190 225 237 0.003852 0
802 184 815 223 0.003809 0
937 204 944 217 0.003770 0
814 328 838 344 0.003767 0
717 197 729 233 0.003666 0
1208 192 1232 243 0.003663 0
784 328 810 344 0.003659 0
831 465 842 477 0.003651 0
1005 384 1024 422 0.003617 0
941 356 979 458 0.003521 0
319 203 332 231 0.003498 0
1206 168 1223 214 0.003492 0
242 196 252 227 0.003481 0
787 326 815 392 0.003460 0
1272 199 1279 239 0.003447 0
946 353 991 457 0.003433 0
814 326 840 344 0.003420 0
836 470 848 479 0.003354 0
1202 185 1239 266 0.003341 0
550 202 561 216 0.003292 0
242 205 253 239 0.003289 0
1112 194 1121 208 0.003236 0
878 437 898 485 0.003174 0
794 328 816 344 0.003159 0
1204 193 1228 257 0.003154 0
0 64 71 216 0.003145 0
1040 454 1048 464 0.003115 0
1271 199 1279 240 0.003114 0
959 369 984 408 0.003049 0
497 183 511 217 0.003042 0
793 329 815 344 0.003041 0
895 416 904 440 0.003005 0
831 470 841 479 0.002976 0
225 183 232 199 0.002976 0
3 64 339 218 0.002971 0
607 202 616 215 0.002964 0
551 200 563 216 0.002963 0
784 197 794 227 0.002944 0
944 350 995 470 0.002929 0
1175 175 1204 253 0.002918 0
346 185 353 199 0.002860 0
878 421 938 485 0.002847 0
705 210 728 240 0.002832 0
784 196 794 233 0.002801 0
995 382 1023 422 0.002801 0
738 201 744 214 0.002781 0
862 432 871 451 0.002778 0
498 182 508 199 0.002755 0
1150 100 1165 135 0.002737 0
512 192 525 219 0.002731 0
1045 484 1056 497 0.002680 0
1211 204 1238 267 0.002675 0
885 470 896 487 0.002673 0
1171 202 1198 246 0.002668 0
1015 456 1025 466 0.002649 0
789 329 810 352 0.002624 0
1273 200 1279 242 0.002608 0
1163 213 1187 262 0.002600 0
1180 213 1205 252 0.002582 0
998 383 1023 400 0.002569 0
789 325 812 345 0.002560 0
895 415 905 428 0.002552 0
364 167 373 183 0.002550 0
239 195 268 240 0.002533 0
959 370 979 417 0.002477 0
926 443 934 456 0.002463 0
468 194 498 249 0.002445 0
983 205 993 227 0.002423 0
872 190 889 222 0.002414 0
1172 222 1187 248 0.002405 0
464 207 476 251 0.002403 0
1102 310 1127 345 0.002386 0
242 212 252 239 0.002382 0
801 184 815 235 0.002369 0
345 184 353 199 0.002364 0
929 438 944 458 0.002358 0
956 377 976 462 0.002328 0
1002 382 1024 420 0.002310 0
216 186 224 203 0.002310 0
1043 409 1056 456 0.002294 0
879 439 890 466 0.002277 0
784 325 815 391 0.002258 0
213 193 223 226 0.002256 0
847 209 874 279 0.002250 0
878 437 888 457 0.002232 0
1167 223 1191 263 0.002227 0
1177 495 1185 502 0.002214 0
925 203 958 254 0.002207 0
813 209 826 236 0.002204 0
819 329 847 345 0.002168 0
993 380 1024 448 0.002145 0
870 189 886 220 0.002139 0
1272 199 1279 264 0.002125 0
632 202 647 221 0.002093 0
1101 311 1122 345 0.002077 0
992 381 1023 422 0.002075 0
1072 463 1080 471 0.002070 0
1124 252 1171 334 0.002066 0
960 439 968 453 0.002053 0
681 197 695 232 0.002047 0
1050 198 1064 223 0.002039 0
1071 456 1094 471 0.002020 0
1098 399 1103 407 0.002016 0
932 437 944 455 0.001985 0
497 181 510 201 0.001982 0
514 190 532 247 0.001980 0
497 182 513 214 0.001979 0
1102 313 1121 344 0.001952 0
1151 440 1159 454 0.001937 0
1046 410 1055 424 0.001934 0
1046 409 1055 423 0.001924 0
1040 409 1056 459 0.001909 0
241 213 256 240 0.001907 0
1202 186 1214 214 0.001888 0
213 184 231 233 0.001875 0
990 378 1023 451 0.001861 0
895 420 904 446 0.001830 0
1206 176 1230 232 0.001828 0
516 194 528 217 0.001822 0
879 442 896 485 0.001803 0
989 206 998 226 0.001791 0
925 202 946 248 0.001791 0
950 360 991 438 0.001790 0
826 204 857 240 0.001774 0
1226 195 1257 233 0.001753 0
1133 255 1179 333 0.001751 0
1088 191 1095 209 0.001719 0
782 195 794 235 0.001718 0
1210 213 1240 267 0.001702 0
1269 196 1279 243 0.001694 0
982 207 994 227 0.001690 0
911 445 929 489 0.001661 0
1051 198 1069 222 0.001656 0
991 214 997 226 0.001655 0
1103 311 1132 333 0.001651 0
248 205 267 247 0.001640 0
841 203 856 238 0.001639 0
1127 447 1135 466 0.001632 0
681 203 693 234 0.001627 0
833 464 848 478 0.001621 0
1080 404 1087 414 0.001619 0
1037 190 1052 227 0.001616 0
1009 430 1015 440 0.001610 0
751 463 762 472 0.001609 0
1175 498 1185 511 0.001603 0
1201 191 1211 215 0.001599 0
878 432 889 456 0.001593 0
880 421 909 458 0.001590 0
910 447 928 479 0.001582 0
1104 282 1153 347 0.001579 0
1 64 174 216 0.001578 0
1231 458 1240 471 0.001577 0
1151 443 1160 468 0.001565 0
1074 438 1086 454 0.001546 0
1015 319 1039 345 0.001544 0
907 335 922 346 0.001539 0
33 64 340 214 0.001530 0
1 64 200 214 0.001527 0
1151 440 1162 466 0.001523 0
788 329 819 392 0.001518 0
888 416 915 458 0.001506 0
1007 455 1022 466 0.001504 0
1231 460 1246 505 0.001500 0
1136 201 1181 236 0.001495 0
997 383 1022 422 0.001483 0
1247 472 1260 484 0.001479 0
865 418 936 485 0.001463 0
1104 311 1126 330 0.001441 0
1269 195 1279 269 0.001439 0
786 315 811 345 0.001419 0
215 183 231 230 0.001419 0
852 463 864 475 0.001414 0
1027 450 1040 464 0.001385 0
926 438 935 455 0.001383 0
1191 497 1200 504 0.001373 0
1128 447 1135 462 0.001359 0
909 449 944 486 0.001355 0
926 203 953 253 0.001353 0
1072 438 1086 455 0.001350 0
875 436 897 481 0.001324 0
896 155 907 175 0.001324 0
575 385 592 437 0.001315 0
1136 204 1191 267 0.001312 0
883 317 896 343 0.001311 0
1046 482 1055 491 0.001300 0
1141 389 1153 408 0.001297 0
386 198 396 206 0.001296 0
1072 482 1080 498 0.001292 0
1103 311 1118 328 0.001291 0
1236 197 1256 233 0.001291 0
883 416 909 459 0.001288 0
960 439 968 458 0.001285 0
1189 190 1231 266 0.001276 0
558 201 568 215 0.001262 0
903 335 922 347 0.001260 0
1137 213 1189 282 0.001250 0
912 331 927 349 0.001249 0
1197 496 1213 506 0.001238 0
213 185 233 237 0.001237 0
863 433 958 485 0.001232 0
968 455 976 462 0.001219 0
1050 196 1078 255 0.001204 0
1038 418 1047 439 0.001201 0
1051 194 1075 223 0.001191 0
894 416 914 442 0.001188 0
1184 192 1231 268 0.001186 0
959 434 975 456 0.001184 0
1213 217 1242 267 0.001178 0
881 318 888 341 0.001177 0
1259 199 1279 269 0.001174 0
886 318 894 339 0.001174 0
847 463 861 477 0.001172 0
627 192 638 203 0.001168 0
866 334 883 343 0.001168 0
1 64 142 220 0.001156 0
919 688 928 703 0.001153 0
646 192 655 208 0.001147 0
812 259 841 346 0.001143 0
991 371 1012 407 0.001126 0
998 382 1023 419 0.001124 0
864 409 933 478 0.001123 0
813 263 849 344 0.001117 0
333 183 344 199 0.001116 0
1231 458 1239 468 0.001109 0
1140 391 1152 408 0.001105 0
885 439 905 456 0.001100 0
1072 456 1094 472 0.001098 0
1039 425 1047 443 0.001090 0
861 418 934 486 0.001085 0
813 275 849 344 0.001084 0
670 208 678 229 0.001074 0
783 327 818 392 0.001073 0
881 441 899 458 0.001071 0
917 205 935 244 0.001069 0
1012 392 1024 424 0.001062 0
1038 409 1056 461 0.001059 0
1073 424 1083 439 0.001055 0
1151 441 1166 469 0.001055 0
1193 190 1230 275 0.001054 0
367 207 377 231 0.001048 0
729 206 737 217 0.001047 0
1175 190 1204 254 0.001046 0
556 199 571 215 0.001042 0
787 327 834 391 0.001039 0
1038 410 1048 429 0.001038 0
1232 459 1258 506 0.001025 0
349 187 357 199 0.001022 0
981 201 994 226 0.001022 0
1111 440 1120 464 0.001019 0
1105 606 1111 614 0.001017 0
977 369 992 411 0.001009 0
1197 190 1215 216 0.001009 0
872 322 881 343 0.001000 0
1076 425 1087 442 0.000997 0
1080 401 1088 411 0.000994 0
939 345 983 456 0.000994 0
223 377 240 408 0.000991 0
1202 496 1215 504 0.000989 0
454 201 477 251 0.000987 0
1073 427 1082 441 0.000986 0
516 195 536 246 0.000984 0
942 358 979 436 0.000983 0
989 370 1018 422 0.000982 0
1038 445 1049 464 0.000972 0
983 446 993 455 0.000972 0
920 199 950 246 0.000971 0
862 414 881 470 0.000970 0
919 204 935 242 0.000970 0
1072 505 1080 512 0.000965 0
131 64 337 214 0.000964 0
1095 440 1103 456 0.000961 0
882 437 904 456 0.000960 0
959 455 968 464 0.000960 0
808 382 813 391 0.000959 0
888 433 904 456 0.000955 0
331 185 343 199 0.000951 0
680 202 698 268 0.000947 0
1076 333 1089 358 0.000946 0
639 676 672 704 0.000945 0
633 192 655 215 0.000944 0
574 366 610 441 0.000939 0
1072 445 1081 456 0.000935 0
907 451 940 486 0.000934 0
814 309 845 344 0.000934 0
1194 376 1208 416 0.000929 0
880 318 889 343 0.000928 0
878 335 886 343 0.000927 0
1210 202 1243 267 0.000925 0
1261 201 1279 269 0.000924 0
1015 319 1028 345 0.000923 0
784 197 797 215 0.000917 0
935 429 944 446 0.000912 0
503 577 513 616 0.000910 0
84 64 340 211 0.000910 0
0 64 23 211 0.000910 0
663 293 680 349 0.000907 0
574 365 592 437 0.000906 0
1102 311 1122 332 0.000901 0
819 325 848 343 0.000898 0
1111 441 1120 469 0.000894 0
784 196 800 234 0.000889 0
432 191 442 203 0.000884 0
831 414 848 451 0.000882 0
574 377 592 437 0.000879 0
1169 456 1184 473 0.000872 0
981 373 993 413 0.000871 0
199 210 208 225 0.000868 0
682 197 695 224 0.000864 0
821 459 832 474 0.000860 0
1111 441 1121 472 0.000859 0
1039 437 1049 458 0.000853 0
1128 440 1148 470 0.000849 0
788 327 820 361 0.000847 0
990 365 1010 399 0.000845 0
199 211 208 226 0.000839 0
1014 444 1026 462 0.000838 0
1120 64 1153 77 0.000834 0
1155 191 1190 245 0.000832 0
863 335 875 343 0.000827 0
905 335 923 349 0.000825 0
315 64 426 225 0.000819 0
640 674 672 703 0.000819 0
926 424 939 456 0.000818 0
864 434 945 485 0.000817 0
899 414 913 425 0.000810 0
708 205 736 235 0.000809 0
146 64 334 234 0.000806 0
897 470 905 484 0.000805 0
1231 545 1240 582 0.000794 0
574 388 592 437 0.000792 0
648 407 657 423 0.000791 0
313 64 480 335 0.000790 0
654 199 662 216 0.000783 0
212 197 226 242 0.000783 0
932 455 943 464 0.000783 0
919 336 927 349 0.000782 0
975 370 995 422 0.000781 0
783 326 812 361 0.000780 0
637 665 672 703 0.000779 0
1077 190 1103 243 0.000770 0
489 185 513 219 0.000762 0
1207 508 1216 518 0.000757 0
156 64 353 215 0.000751 0
1244 459 1260 472 0.000750 0
892 202 904 235 0.000748 0
1008 423 1024 440 0.000746 0
1150 440 1167 474 0.000745 0
435 192 445 204 0.000743 0
1139 441 1152 462 0.000742 0
810 195 858 235 0.000741 0
1147 194 1177 235 0.000741 0
861 418 877 450 0.000737 0
949 393 975 457 0.000734 0
947 365 961 396 0.000732 0
992 446 1001 456 0.000731 0
1092 455 1104 472 0.000730 0
316 64 619 216 0.000726 0
860 189 900 226 0.000723 0
751 425 776 448 0.000721 0
1213 194 1269 267 0.000718 0
896 324 904 343 0.000718 0
1250 215 1264 233 0.000717 0
877 465 896 493 0.000713 0
1232 457 1261 481 0.000713 0
803 208 841 240 0.000712 0
1049 196 1089 258 0.000712 0
874 193 899 235 0.000712 0
309 64 449 218 0.000710 0
1194 227 1228 268 0.000707 0
1007 446 1021 464 0.000705 0
1181 165 1202 218 0.000704 0
1123 64 1152 75 0.000704 0
1013 423 1024 438 0.000702 0
1230 543 1241 583 0.000700 0
1101 325 1120 344 0.000699 0
973 208 984 226 0.000698 0
1120 395 1127 411 0.000698 0
577 390 592 437 0.000696 0
1119 441 1130 470 0.000695 0
814 262 845 344 0.000694 0
879 422 924 458 0.000693 0
314 64 497 218 0.000689 0
1001 431 1008 440 0.000689 0
1095 441 1104 459 0.000686 0
955 409 973 457 0.000683 0
376 186 385 201 0.000682 0
1202 215 1227 266 0.000681 0
888 203 906 240 0.000679 0
0 154 7 203 0.000679 0
157 64 270 241 0.000678 0
849 234 871 296 0.000677 0
655 674 672 703 0.000676 0
1211 253 1226 266 0.000673 0
0 64 342 367 0.000672 0
882 323 897 344 0.000670 0
0 64 33 213 0.000665 0
909 438 933 456 0.000665 0
0 64 20 210 0.000664 0
1169 456 1184 474 0.000662 0
509 199 535 248 0.000657 0
572 390 609 442 0.000656 0
1007 512 1017 522 0.000655 0
740 200 749 215 0.000654 0
1017 444 1042 464 0.000653 0
943 354 959 442 0.000648 0
184 197 191 206 0.000643 0
367 208 379 224 0.000642 0
930 200 952 214 0.000641 0
436 195 446 205 0.000640 0
39 411 47 423 0.000638 0
1149 439 1167 463 0.000636 0
1122 204 1158 244 0.000635 0
328 64 433 218 0.000634 0
1039 407 1052 423 0.000629 0
761 329 819 391 0.000627 0
103 249 129 264 0.000627 0
210 194 224 229 0.000627 0
1072 395 1079 408 0.000625 0
1040 479 1063 497 0.000624 0
1188 356 1212 416 0.000617 0
1103 295 1149 347 0.000616 0
766 198 784 232 0.000615 0
334 64 432 213 0.000615 0
990 384 1011 423 0.000614 0
1077 333 1089 360 0.000613 0
220 373 240 409 0.000612 0
1173 487 1184 503 0.000611 0
925 419 937 454 0.000610 0
574 366 627 442 0.000610 0
334 64 465 215 0.000608 0
1118 438 1141 471 0.000607 0
1120 394 1128 425 0.000605 0
893 201 912 239 0.000601 0
1077 336 1090 361 0.000601 0
1251 213 1266 233 0.000599 0
856 432 869 441 0.000597 0
711 208 736 234 0.000592 0
1030 420 1041 442 0.000591 0
206 193 225 230 0.000590 0
961 439 976 463 0.000589 0
439 207 447 219 0.000584 0
159 64 262 213 0.000583 0
895 419 928 449 0.000582 0
1092 450 1105 471 0.000580 0
1102 314 1122 360 0.000580 0
319 64 467 359 0.000580 0
662 420 671 435 0.000579 0
997 359 1024 404 0.000578 0
1238 456 1262 472 0.000577 0
336 66 499 211 0.000576 0
575 364 633 436 0.000574 0
886 422 933 459 0.000573 0
504 200 518 229 0.000573 0
317 64 369 183 0.000573 0
991 455 1000 465 0.000571 0
784 196 798 219 0.000570 0
934 418 945 444 0.000569 0
1020 320 1041 344 0.000569 0
134 411 144 431 0.000566 0
1118 441 1132 471 0.000564 0
1071 391 1079 406 0.000564 0
1135 382 1152 408 0.000563 0
1039 322 1056 335 0.000560 0
1131 443 1161 475 0.000559 0
155 64 365 243 0.000556 0
1064 198 1077 224 0.000556 0
912 424 929 455 0.000555 0
951 425 966 455 0.000553 0
111 211 119 237 0.000552 0
1120 391 1128 412 0.000551 0
910 327 926 345 0.000551 0
624 192 636 201 0.000550 0
1078 385 1089 408 0.000549 0
663 292 681 349 0.000548 0
45 317 56 344 0.000545 0
756 203 768 231 0.000544 0
302 66 450 249 0.000543 0
754 426 786 449 0.000542 0
1073 442 1089 456 0.000542 0
253 185 271 240 0.000541 0
1247 469 1266 492 0.000541 0
863 326 880 343 0.000534 0
871 317 885 341 0.000532 0
321 64 618 369 0.000532 0
648 409 657 424 0.000531 0
751 449 774 472 0.000528 0
1119 64 1135 76 0.000525 0
776 312 809 344 0.000521 0
784 192 798 216 0.000520 0
1135 444 1153 470 0.000518 0
1091 205 1128 241 0.000517 0
1237 424 1249 440 0.000517 0
314 64 368 202 0.000516 0
949 456 960 465 0.000515 0
0 64 50 214 0.000512 0
911 326 928 346 0.000512 0
0 64 68 302 0.000512 0
1013 425 1025 441 0.000512 0
184 192 191 206 0.000506 0
311 64 513 208 0.000506 0
574 382 609 437 0.000505 0
1150 444 1166 478 0.000503 0
799 440 816 454 0.000502 0
195 371 240 410 0.000500 0
0 65 359 394 0.000499 0
1029 481 1039 495 0.000499 0
31 515 48 567 0.000498 0
1112 462 1122 473 0.000498 0
1180 352 1214 418 0.000497 0
203 390 224 410 0.000497 0
575 354 631 435 0.000497 0
969 237 977 252 0.000496 0
766 199 782 234 0.000495 0
1034 276 1059 337 0.000493 0
984 214 1008 237 0.000493 0
945 367 963 405 0.000491 0
777 256 839 345 0.000491 0
1180 327 1195 389 0.000490 0
741 200 749 215 0.000488 0
819 312 848 343 0.000488 0
1183 359 1221 417 0.000488 0
1079 406 1087 424 0.000487 0
830 475 846 522 0.000486 0
1085 345 1095 360 0.000486 0
905 334 924 375 0.000484 0
1087 190 1103 210 0.000480 0
1183 364 1211 409 0.000477 0
133 409 144 426 0.000475 0
1045 152 1263 284 0.000474 0
1031 493 1039 502 0.000473 0
1096 315 1122 345 0.000473 0
574 358 592 437 0.000473 0
766 198 786 235 0.000469 0
1134 439 1157 470 0.000468 0
542 649 553 702 0.000467 0
1176 381 1207 421 0.000467 0
1075 423 1087 440 0.000467 0
1078 334 1096 361 0.000467 0
590 661 672 703 0.000464 0
1080 192 1091 203 0.000462 0
1211 220 1243 267 0.000458 0
895 328 904 343 0.000458 0
1186 349 1212 398 0.000458 0
1023 481 1038 495 0.000458 0
1217 407 1231 423 0.000455 0
212 187 242 245 0.000453 0
0 148 7 203 0.000453 0
193 371 237 412 0.000453 0
822 277 850 343 0.000446 0
1051 194 1074 221 0.000445 0
943 382 951 392 0.000443 0
30 507 48 567 0.000438 0
333 65 441 226 0.000438 0
855 282 863 294 0.000435 0
1026 362 1045 410 0.000435 0
756 201 769 228 0.000435 0
934 358 1023 457 0.000433 0
207 396 224 454 0.000433 0
899 407 913 424 0.000431 0
995 366 1024 400 0.000431 0
856 399 863 410 0.000430 0
795 312 824 344 0.000429 0
991 402 1002 436 0.000427 0
889 204 902 234 0.000427 0
943 366 961 407 0.000426 0
542 654 553 702 0.000424 0
1029 425 1040 444 0.000423 0
1133 253 1173 337 0.000422 0
986 196 1017 226 0.000421 0
1220 471 1232 487 0.000416 0
665 178 673 217 0.000414 0
614 424 624 433 0.000413 0
621 664 672 703 0.000413 0
2 64 344 302 0.000412 0
338 71 503 217 0.000412 0
1135 389 1151 408 0.000412 0
590 390 608 431 0.000412 0
672 423 689 438 0.000412 0
917 422 927 434 0.000409 0
950 422 969 456 0.000409 0
624 686 672 703 0.000408 0
976 690 988 703 0.000407 0
1118 435 1159 471 0.000406 0
960 352 995 393 0.000404 0
1151 391 1158 406 0.000404 0
208 398 224 459 0.000403 0
975 455 984 464 0.000403 0
816 313 848 343 0.000401 0
1220 423 1250 440 0.000399 0
121 65 342 269 0.000397 0
942 357 960 428 0.000397 0
1216 454 1223 471 0.000396 0
574 355 593 439 0.000396 0
1 64 82 252 0.000396 0
975 350 999 393 0.000396 0
1137 371 1153 409 0.000395 0
989 679 1039 703 0.000392 0
1027 371 1042 408 0.000392 0
934 365 1025 462 0.000390 0
1208 237 1240 267 0.000390 0
949 371 1013 448 0.000390 0
914 201 941 244 0.000390 0
1174 377 1184 391 0.000388 0
1045 278 1059 326 0.000387 0
872 155 895 174 0.000387 0
1027 323 1043 360 0.000386 0
994 418 1017 441 0.000384 0
582 366 623 436 0.000384 0
1153 192 1163 202 0.000381 0
245 194 256 220 0.000381 0
905 472 941 487 0.000380 0
1055 423 1062 434 0.000380 0
1030 360 1054 406 0.000380 0
609 446 624 463 0.000379 0
684 222 709 267 0.000378 0
570 387 609 448 0.000377 0
385 89 498 211 0.000377 0
218 381 240 408 0.000377 0
160 64 261 188 0.000377 0
193 187 201 201 0.000376 0
1062 422 1073 434 0.000375 0
777 306 848 344 0.000372 0
312 64 433 233 0.000369 0
1216 408 1229 424 0.000369 0
774 422 801 453 0.000369 0
1247 422 1253 435 0.000368 0
1099 331 1105 344 0.000368 0
1121 64 1152 79 0.000367 0
383 184 396 205 0.000367 0
928 202 957 245 0.000367 0
415 641 426 678 0.000367 0
734 421 749 457 0.000366 0
1101 323 1120 358 0.000365 0
1119 397 1127 428 0.000365 0
365 90 499 221 0.000363 0
976 325 990 344 0.000363 0
1183 361 1191 378 0.000362 0
671 423 688 439 0.000362 0
542 646 555 702 0.000362 0
1137 204 1159 229 0.000362 0
531 204 549 220 0.000358 0
1167 475 1178 494 0.000358 0
255 64 357 201 0.000357 0
1231 455 1262 471 0.000356 0
989 679 1030 703 0.000354 0
657 669 672 703 0.000354 0
152 64 392 203 0.000353 0
616 357 624 373 0.000352 0
781 325 847 363 0.000351 0
915 203 936 249 0.000350 0
575 366 632 444 0.000350 0
0 64 78 221 0.000348 0
1033 411 1041 426 0.000348 0
1037 368 1050 409 0.000347 0
799 420 819 452 0.000343 0
653 666 672 704 0.000343 0
1072 338 1097 397 0.000343 0
1223 458 1234 472 0.000342 0
1203 407 1215 423 0.000342 0
727 418 736 439 0.000342 0
767 312 808 344 0.000342 0
1263 74 1279 167 0.000339 0
698 329 703 338 0.000337 0
1080 403 1122 467 0.000337 0
867 311 909 344 0.000335 0
1151 101 1168 136 0.000335 0
210 180 328 382 0.000335 0
319 64 428 198 0.000335 0
577 402 593 440 0.000334 0
622 688 671 703 0.000333 0
890 411 927 446 0.000331 0
1016 147 1274 286 0.000330 0
254 65 338 210 0.000330 0
751 201 767 231 0.000329 0
932 376 945 392 0.000328 0
1094 499 1118 533 0.000327 0
1084 433 1120 468 0.000327 0
1077 194 1094 209 0.000325 0
799 423 814 446 0.000325 0
268 186 280 211 0.000324 0
346 169 360 200 0.000323 0
110 244 128 311 0.000323 0
1166 367 1177 392 0.000322 0
1072 334 1098 389 0.000322 0
1034 195 1054 232 0.000322 0
1042 277 1058 330 0.000322 0
688 423 695 435 0.000321 0
863 407 881 456 0.000320 0
1190 97 1204 136 0.000320 0
585 362 636 439 0.000320 0
268 193 279 213 0.000320 0
852 302 864 336 0.000319 0
356 85 501 246 0.000319 0
125 207 136 230 0.000319 0
802 440 816 456 0.000316 0
662 413 671 434 0.000314 0
944 370 1034 457 0.000313 0
900 327 923 345 0.000311 0
942 382 957 443 0.000311 0
749 202 763 222 0.000310 0
998 512 1008 551 0.000309 0
1105 216 1189 290 0.000306 0
862 406 882 468 0.000306 0
871 410 911 457 0.000306 0
729 323 744 339 0.000303 0
853 324 863 337 0.000303 0
1113 463 1129 473 0.000302 0
206 395 224 451 0.000301 0
925 454 938 463 0.000301 0
1023 481 1046 497 0.000301 0
197 370 237 410 0.000301 0
585 363 634 432 0.000301 0
150 64 260 186 0.000300 0
541 625 560 703 0.000300 0
927 376 942 392 0.000299 0
1047 413 1066 425 0.000299 0
813 262 833 317 0.000298 0
632 202 654 221 0.000298 0
703 212 724 248 0.000297 0
1263 64 1279 167 0.000296 0
817 267 848 311 0.000295 0
989 677 1037 703 0.000295 0
629 362 639 378 0.000295 0
1196 382 1213 423 0.000295 0
817 328 848 362 0.000293 0
318 64 389 193 0.000293 0
541 635 560 703 0.000292 0
844 425 858 451 0.000292 0
370 161 596 278 0.000292 0
1103 283 1131 330 0.000292 0
1072 334 1097 394 0.000291 0
931 463 944 484 0.000291 0
1092 421 1104 433 0.000291 0
864 405 915 441 0.000291 0
158 64 325 213 0.000290 0
273 190 288 238 0.000290 0
308 64 368 198 0.000290 0
975 687 990 703 0.000289 0
831 475 848 524 0.000288 0
1051 413 1085 467 0.000288 0
223 374 240 408 0.000287 0
0 505 16 563 0.000287 0
1072 398 1088 423 0.000287 0
983 351 993 359 0.000287 0
938 415 971 457 0.000286 0
5 64 501 389 0.000286 0
671 197 707 285 0.000285 0
543 661 553 703 0.000284 0
611 360 624 376 0.000284 0
815 406 833 448 0.000284 0
1113 442 1170 475 0.000283 0
451 200 479 248 0.000283 0
1264 296 1279 491 0.000282 0
1093 400 1104 417 0.000282 0
820 328 848 360 0.000281 0
254 66 327 172 0.000281 0
852 281 912 343 0.000281 0
255 64 335 191 0.000280 0
337 64 435 190 0.000280 0
787 197 803 237 0.000280 0
704 341 719 376 0.000279 0
1031 130 1276 278 0.000276 0
337 74 516 229 0.000276 0
3 511 48 567 0.000274 0
480 369 634 456 0.000273 0
948 422 973 467 0.000273 0
935 428 967 456 0.000273 0
799 421 817 439 0.000273 0
901 335 923 350 0.000272 0
254 64 365 209 0.000272 0
1216 424 1240 438 0.000271 0
734 423 750 460 0.000270 0
771 258 836 345 0.000270 0
139 64 261 221 0.000269 0
575 360 612 437 0.000269 0
1218 195 1280 267 0.000269 0
1028 358 1058 390 0.000268 0
66 64 130 197 0.000267 0
813 440 824 456 0.000266 0
158 206 167 224 0.000266 0
1168 184 1178 203 0.000265 0
1220 453 1240 471 0.000263 0
1056 375 1064 387 0.000263 0
594 362 640 439 0.000263 0
155 70 212 239 0.000262 0
134 64 558 259 0.000261 0
832 418 858 453 0.000261 0
1014 379 1038 409 0.000260 0
476 171 519 213 0.000259 0
308 149 342 229 0.000259 0
1195 356 1210 383 0.000259 0
1079 384 1088 398 0.000258 0
928 382 940 408 0.000257 0
829 403 935 481 0.000257 0
199 370 240 407 0.000257 0
959 482 969 495 0.000257 0
857 406 900 465 0.000256 0
1023 382 1030 392 0.000256 0
54 64 566 370 0.000255 0
1020 423 1039 441 0.000255 0
803 182 854 229 0.000254 0
1056 423 1074 444 0.000254 0
800 421 819 439 0.000254 0
802 163 857 222 0.000254 0
991 682 1026 703 0.000253 0
936 359 1023 419 0.000253 0
270 189 316 243 0.000253 0
1246 482 1279 685 0.000251 0
627 663 672 704 0.000251 0
1026 321 1058 365 0.000251 0
255 65 343 239 0.000250 0
800 414 810 430 0.000250 0
1 64 80 210 0.000250 0
1258 217 1279 294 0.000249 0
666 303 687 372 0.000249 0
853 436 873 458 0.000249 0
1168 64 1177 72 0.000248 0
191 369 236 413 0.000247 0
1245 414 1254 428 0.000246 0
671 427 688 440 0.000246 0
1215 445 1227 456 0.000246 0
999 514 1008 527 0.000245 0
313 65 579 361 0.000245 0
969 346 996 392 0.000243 0
1105 600 1112 614 0.000243 0
0 71 59 222 0.000242 0
1072 334 1089 361 0.000242 0
1196 371 1232 424 0.000242 0
312 77 599 306 0.000241 0
1052 196 1078 255 0.000241 0
1063 415 1072 424 0.000241 0
630 425 639 441 0.000240 0
576 428 592 457 0.000240 0
671 425 688 439 0.000239 0
802 440 826 455 0.000239 0
1000 428 1038 467 0.000239 0
932 413 944 434 0.000239 0
926 368 951 455 0.000238 0
805 364 815 392 0.000238 0
822 337 843 362 0.000238 0
991 416 1000 438 0.000237 0
1119 437 1165 472 0.000236 0
777 420 807 446 0.000235 0
1029 357 1063 398 0.000235 0
819 422 832 439 0.000234 0
274 194 288 231 0.000233 0
592 395 609 434 0.000233 0
296 64 489 210 0.000233 0
766 197 793 236 0.000233 0
653 422 668 437 0.000232 0
815 407 831 442 0.000232 0
67 64 128 158 0.000231 0
30 230 49 295 0.000231 0
209 182 221 220 0.000230 0
678 204 763 279 0.000230 0
266 224 291 292 0.000230 0
1072 332 1088 347 0.000230 0
831 501 847 528 0.000229 0
701 213 728 249 0.000229 0
1094 389 1104 407 0.000228 0
703 415 735 469 0.000228 0
562 363 625 440 0.000226 0
942 414 960 455 0.000227 0
1212 456 1225 472 0.000226 0
600 344 609 363 0.000226 0
1039 322 1057 348 0.000225 0
776 398 784 415 0.000225 0
1112 184 1126 206 0.000225 0
0 65 65 332 0.000224 0
1189 401 1202 423 0.000224 0
106 67 211 231 0.000224 0
4 64 562 383 0.000223 0
1183 442 1192 457 0.000223 0
394 91 501 211 0.000222 0
205 397 224 431 0.000221 0
725 421 736 441 0.000221 0
252 66 329 196 0.000221 0
799 377 811 392 0.000221 0
153 81 209 246 0.000221 0
269 232 290 295 0.000220 0
727 415 736 434 0.000220 0
1264 337 1279 493 0.000219 0
530 256 620 444 0.000218 0
665 289 682 349 0.000218 0
1071 336 1089 395 0.000218 0
869 381 1024 486 0.000217 0
1039 440 1055 464 0.000216 0
1019 426 1035 445 0.000216 0
778 256 835 335 0.000216 0
1072 334 1088 389 0.000216 0
491 188 718 291 0.000215 0
1046 456 1055 466 0.000215 0
1077 330 1106 357 0.000214 0
315 67 458 358 0.000213 0
0 141 21 229 0.000213 0
591 423 609 447 0.000213 0
912 280 928 345 0.000213 0
798 440 824 462 0.000212 0
800 411 818 443 0.000212 0
143 64 516 223 0.000211 0
757 399 769 424 0.000210 0
1120 359 1137 434 0.000209 0
0 394 29 545 0.000209 0
239 177 251 214 0.000209 0
1119 100 1136 138 0.000208 0
200 205 224 229 0.000208 0
267 192 283 235 0.000208 0
0 133 13 211 0.000208 0
0 136 30 313 0.000208 0
1071 382 1087 405 0.000207 0
910 286 928 346 0.000207 0
1010 441 1049 473 0.000207 0
584 363 628 429 0.000207 0
127 64 436 296 0.000207 0
1082 156 1116 253 0.000207 0
1071 336 1087 387 0.000207 0
1002 372 1043 429 0.000206 0
254 64 365 190 0.000206 0
608 424 624 466 0.000205 0
1072 506 1080 518 0.000205 0
1199 402 1212 437 0.000204 0
752 405 786 445 0.000204 0
64 386 82 401 0.000204 0
1061 392 1072 402 0.000203 0
1130 424 1168 446 0.000203 0
816 421 833 448 0.000203 0
575 352 593 433 0.000202 0
191 187 201 215 0.000202 0
1065 428 1117 472 0.000202 0
1213 64 1233 117 0.000202 0
574 343 640 436 0.000201 0
848 283 864 338 0.000201 0
638 185 919 292 0.000201 0
148 64 485 207 0.000201 0
927 410 938 439 0.000201 0
1102 419 1114 436 0.000200 0
767 312 798 344 0.000199 0
751 415 775 444 0.000199 0
999 517 1008 538 0.000199 0
1212 64 1234 127 0.000199 0
656 300 684 374 0.000198 0
0 392 30 474 0.000198 0
1030 342 1056 377 0.000198 0
704 321 720 376 0.000198 0
1184 507 1197 518 0.000198 0
1261 66 1279 267 0.000197 0
1102 420 1117 440 0.000197 0
1262 69 1279 171 0.000197 0
1029 343 1041 361 0.000197 0
1243 459 1267 480 0.000197 0
865 248 896 297 0.000196 0
1166 351 1182 392 0.000196 0
815 406 830 424 0.000196 0
415 248 420 267 0.000196 0
1183 377 1192 391 0.000196 0
845 283 864 343 0.000195 0
365 201 383 222 0.000195 0
631 440 638 450 0.000195 0
588 362 630 418 0.000195 0
603 358 618 368 0.000195 0
802 360 816 392 0.000195 0
314 64 457 159 0.000195 0
816 405 832 425 0.000194 0
159 64 325 187 0.000194 0
675 405 689 439 0.000194 0
1214 473 1226 486 0.000194 0
926 373 945 392 0.000193 0
430 216 440 226 0.000193 0
598 363 640 429 0.000193 0
906 335 929 389 0.000193 0
1117 64 1137 130 0.000193 0
66 65 134 202 0.000192 0
7 506 48 567 0.000192 0
670 455 693 488 0.000192 0
929 375 944 409 0.000192 0
1079 439 1120 472 0.000191 0
769 198 792 237 0.000191 0
386 185 398 206 0.000191 0
0 258 33 451 0.000191 0
913 472 929 496 0.000191 0
198 64 328 224 0.000190 0
518 200 545 243 0.000190 0
1048 396 1090 445 0.000190 0
849 397 857 409 0.000189 0
325 65 484 232 0.000189 0
1150 455 1168 479 0.000189 0
1150 390 1168 412 0.000189 0
672 308 694 370 0.000189 0
722 321 744 339 0.000189 0
1118 80 1131 130 0.000189 0
399 90 511 221 0.000188 0
221 189 340 381 0.000188 0
191 371 225 415 0.000187 0
662 312 680 350 0.000186 0
114 391 128 403 0.000186 0
109 69 210 245 0.000186 0
541 646 560 702 0.000185 0
752 200 769 215 0.000185 0
784 299 818 345 0.000184 0
218 183 249 237 0.000184 0
627 423 640 438 0.000184 0
1049 193 1102 258 0.000184 0
776 401 784 417 0.000183 0
1214 368 1224 384 0.000183 0
1263 67 1279 176 0.000183 0
1098 105 1137 165 0.000183 0
65 64 170 201 0.000183 0
1185 505 1200 518 0.000183 0
1031 350 1057 378 0.000182 0
1011 471 1025 489 0.000182 0
1022 279 1041 344 0.000180 0
935 543 944 567 0.000180 0
434 192 494 278 0.000180 0
1247 424 1264 445 0.000180 0
1089 311 1121 342 0.000180 0
971 167 992 208 0.000180 0
1071 337 1088 381 0.000179 0
27 506 49 568 0.000179 0
1077 353 1118 391 0.000178 0
1008 475 1018 489 0.000177 0
666 206 677 223 0.000177 0
911 265 928 346 0.000176 0
1084 697 1114 703 0.000176 0
849 226 912 344 0.000176 0
823 544 831 551 0.000176 0
772 255 837 339 0.000175 0
879 408 888 430 0.000175 0
1129 202 1190 286 0.000175 0
0 233 17 297 0.000174 0
831 399 848 450 0.000174 0
1023 407 1033 422 0.000174 0
1185 355 1218 414 0.000173 0
976 327 990 344 0.000173 0
154 70 272 250 0.000173 0
798 415 834 445 0.000172 0
1153 318 1193 400 0.000172 0
1175 497 1185 520 0.000172 0
315 64 442 181 0.000172 0
915 374 930 407 0.000172 0
1120 362 1137 451 0.000170 0
775 197 792 220 0.000170 0
1087 407 1098 420 0.000170 0
1198 64 1209 73 0.000169 0
902 367 946 462 0.000169 0
1072 335 1120 391 0.000169 0
751 459 764 480 0.000169 0
739 280 754 301 0.000168 0
600 362 648 430 0.000168 0
682 384 688 393 0.000168 0
1168 455 1207 473 0.000168 0
66 65 152 199 0.000167 0
1264 438 1279 467 0.000167 0
1052 423 1070 447 0.000167 0
0 233 28 409 0.000167 0
1213 365 1232 403 0.000166 0
0 393 34 459 0.000166 0
329 64 501 202 0.000166 0
1204 381 1226 406 0.000166 0
1263 421 1279 484 0.000165 0
1215 423 1250 440 0.000165 0
109 65 207 209 0.000165 0
908 458 929 499 0.000165 0
687 352 693 360 0.000165 0
265 232 292 296 0.000165 0
1134 200 1175 232 0.000165 0
704 338 721 376 0.000164 0
127 64 513 260 0.000164 0
1039 183 1049 216 0.000164 0
658 428 673 440 0.000164 0
180 197 193 216 0.000164 0
704 337 732 376 0.000163 0
1088 419 1100 434 0.000163 0
717 431 727 440 0.000163 0
678 398 688 439 0.000163 0
752 337 819 376 0.000163 0
1141 316 1155 400 0.000163 0
1213 64 1233 113 0.000163 0
789 339 846 363 0.000162 0
912 359 1028 470 0.000162 0
1050 110 1083 147 0.000162 0
39 320 52 344 0.000162 0
632 469 639 479 0.000161 0
975 312 993 344 0.000161 0
66 64 211 201 0.000161 0
257 64 341 173 0.000161 0
992 682 1040 703 0.000161 0
0 239 32 420 0.000161 0
119 64 264 183 0.000161 0
1054 391 1064 400 0.000160 0
802 307 818 340 0.000160 0
908 467 931 522 0.000159 0
0 393 30 516 0.000159 0
766 313 792 343 0.000158 0
1087 404 1118 435 0.000158 0
977 531 987 538 0.000158 0
653 309 695 376 0.000158 0
1164 64 1208 80 0.000157 0
715 265 874 389 0.000157 0
1089 397 1097 409 0.000156 0
1087 410 1098 425 0.000156 0
575 659 671 703 0.000156 0
662 290 704 366 0.000156 0
1067 192 1081 213 0.000156 0
353 187 369 199 0.000155 0
1068 440 1114 474 0.000155 0
0 64 69 200 0.000155 0
620 359 639 378 0.000154 0
124 64 262 161 0.000154 0
158 208 167 227 0.000154 0
1023 280 1053 342 0.000153 0
765 202 778 235 0.000153 0
452 199 479 267 0.000153 0
976 688 990 703 0.000153 0
575 591 585 618 0.000153 0
582 685 672 703 0.000153 0
999 538 1007 551 0.000153 0
755 414 769 426 0.000153 0
0 64 216 254 0.000152 0
670 453 690 488 0.000152 0
1152 337 1174 406 0.000152 0
452 176 569 251 0.000152 0
622 687 661 703 0.000152 0
623 373 660 429 0.000152 0
111 203 135 236 0.000151 0
704 323 740 374 0.000151 0
681 198 719 286 0.000151 0
823 332 848 363 0.000151 0
575 352 592 427 0.000150 0
1165 322 1196 394 0.000150 0
560 178 582 215 0.000150 0
599 344 614 368 0.000149 0
590 362 626 408 0.000149 0
1119 386 1128 447 0.000149 0
1044 273 1069 330 0.000149 0
543 668 553 703 0.000149 0
1005 684 1040 703 0.000149 0
161 64 275 165 0.000148 0
1115 442 1170 477 0.000148 0
1166 64 1200 79 0.000148 0
790 359 816 392 0.000147 0
1061 64 1077 70 0.000147 0
621 688 659 703 0.000147 0
1128 363 1154 411 0.000147 0
749 404 794 448 0.000147 0
911 408 930 452 0.000147 0
991 529 999 548 0.000147 0
627 192 917 304 0.000147 0
734 421 775 462 0.000146 0
664 311 681 354 0.000146 0
777 331 786 344 0.000145 0
751 308 767 340 0.000145 0
831 408 846 430 0.000145 0
350 314 390 377 0.000145 0
0 392 32 456 0.000145 0
303 81 365 216 0.000144 0
623 401 640 424 0.000144 0
720 426 737 458 0.000144 0
704 310 741 376 0.000144 0
208 68 333 244 0.000144 0
269 66 361 210 0.000143 0
307 102 624 352 0.000143 0
0 89 66 223 0.000142 0
977 682 1007 703 0.000142 0
801 406 809 421 0.000142 0
674 331 694 375 0.000142 0
671 295 704 349 0.000141 0
643 421 663 436 0.000141 0
1123 315 1150 360 0.000141 0
935 670 945 690 0.000141 0
998 508 1012 524 0.000141 0
68 66 211 223 0.000140 0
519 392 534 429 0.000140 0
1168 441 1185 461 0.000139 0
0 139 33 285 0.000139 0
682 199 723 285 0.000139 0
67 65 197 209 0.000139 0
757 374 769 422 0.000139 0
519 392 531 411 0.000138 0
365 186 376 200 0.000138 0
265 250 291 296 0.000138 0
576 296 593 322 0.000138 0
993 442 1017 465 0.000138 0
822 271 864 342 0.000137 0
928 392 941 409 0.000137 0
241 187 316 281 0.000136 0
463 192 480 214 0.000136 0
717 337 734 360 0.000135 0
1028 407 1041 424 0.000135 0
598 364 623 376 0.000134 0
1064 64 1080 71 0.000134 0
901 332 947 389 0.000133 0
1166 456 1187 480 0.000133 0
1228 446 1280 483 0.000133 0
1167 455 1185 473 0.000133 0
1220 445 1232 456 0.000133 0
66 383 86 398 0.000133 0
1100 404 1122 470 0.000132 0
639 423 649 435 0.000132 0
1274 158 1279 170 0.000132 0
1095 404 1122 444 0.000132 0
0 270 44 438 0.000132 0
31 245 49 293 0.000132 0
1127 82 1157 132 0.000132 0
435 186 463 208 0.000131 0
1164 64 1207 83 0.000131 0
1170 64 1210 79 0.000131 0
1150 99 1166 135 0.000131 0
535 462 543 472 0.000130 0
707 426 738 460 0.000130 0
796 418 835 461 0.000130 0
1039 191 1064 225 0.000130 0
1041 368 1064 416 0.000130 0
320 407 336 453 0.000129 0
1057 463 1071 471 0.000129 0
192 191 205 216 0.000129 0
0 295 36 439 0.000129 0
472 369 703 461 0.000129 0
1119 315 1137 391 0.000129 0
1101 102 1129 137 0.000129 0
671 455 688 488 0.000128 0
1092 327 1120 387 0.000128 0
215 362 240 410 0.000128 0
667 405 690 439 0.000128 0
1172 456 1209 473 0.000128 0
671 457 694 488 0.000127 0
808 343 831 362 0.000127 0
661 291 704 372 0.000127 0
0 217 25 401 0.000126 0
1264 422 1279 464 0.000126 0
751 305 768 343 0.000126 0
765 312 795 343 0.000126 0
1086 697 1116 703 0.000126 0
574 590 584 627 0.000126 0
1112 103 1120 123 0.000126 0
915 375 928 393 0.000126 0
1263 64 1279 80 0.000126 0
666 207 678 231 0.000125 0
345 64 499 140 0.000125 0
1054 377 1064 390 0.000125 0
349 64 498 96 0.000125 0
1057 64 1127 74 0.000125 0
849 241 889 297 0.000124 0
1204 64 1222 72 0.000124 0
340 64 498 156 0.000123 0
154 64 323 92 0.000123 0
31 306 76 402 0.000123 0
672 312 704 371 0.000123 0
1197 64 1218 117 0.000122 0
768 377 779 424 0.000122 0
1155 368 1177 393 0.000121 0
987 639 1057 703 0.000121 0
989 184 1004 219 0.000121 0
0 284 30 433 0.000121 0
197 195 210 223 0.000121 0
1104 395 1117 407 0.000121 0
751 305 767 338 0.000120 0
1117 64 1156 118 0.000120 0
22 64 136 211 0.000120 0
1082 328 1119 361 0.000120 0
1264 316 1279 367 0.000120 0
1054 439 1068 456 0.000120 0
991 64 1278 287 0.000119 0
676 324 705 371 0.000119 0
662 295 698 356 0.000119 0
1147 348 1171 411 0.000119 0
669 295 702 352 0.000119 0
1033 261 1111 338 0.000119 0
1262 124 1279 181 0.000119 0
1039 394 1049 409 0.000119 0
591 424 608 462 0.000118 0
415 638 427 678 0.000118 0
688 221 710 271 0.000118 0
597 360 629 406 0.000118 0
320 374 336 391 0.000118 0
912 268 928 315 0.000118 0
1270 637 1279 703 0.000117 0
1022 409 1035 423 0.000117 0
146 64 479 357 0.000117 0
175 64 330 177 0.000116 0
803 406 818 426 0.000116 0
324 64 668 231 0.000116 0
254 69 351 245 0.000116 0
724 399 777 464 0.000116 0
1096 410 1118 429 0.000116 0
646 392 658 408 0.000115 0
831 415 861 453 0.000115 0
32 64 135 208 0.000115 0
574 341 621 421 0.000115 0
0 395 31 471 0.000115 0
708 315 740 346 0.000115 0
1061 393 1072 409 0.000114 0
1012 689 1040 703 0.000114 0
709 428 723 442 0.000114 0
737 341 836 473 0.000114 0
1166 327 1183 395 0.000114 0
1264 64 1279 77 0.000113 0
304 136 395 316 0.000113 0
416 170 434 204 0.000113 0
766 306 807 344 0.000113 0
381 184 395 203 0.000113 0
1027 387 1041 409 0.000113 0
989 676 1040 703 0.000113 0
1 64 133 199 0.000112 0
1165 97 1190 137 0.000112 0
991 559 1000 584 0.000112 0
883 334 925 376 0.000112 0
860 283 912 344 0.000111 0
1237 447 1249 457 0.000111 0
899 393 912 413 0.000111 0
371 194 388 208 0.000111 0
771 344 818 392 0.000111 0
0 216 19 400 0.000111 0
843 288 912 344 0.000111 0
1086 449 1117 471 0.000111 0
0 392 22 450 0.000110 0
1202 453 1265 472 0.000110 0
109 454 128 524 0.000110 0
319 64 370 103 0.000110 0
211 243 230 278 0.000110 0
743 279 754 300 0.000110 0
735 197 767 233 0.000110 0
599 364 638 414 0.000110 0
832 406 894 459 0.000109 0
48 391 72 401 0.000109 0
1173 395 1227 442 0.000108 0
282 64 369 189 0.000108 0
307 131 371 257 0.000108 0
541 644 557 700 0.000108 0
1057 64 1157 76 0.000108 0
0 393 27 558 0.000108 0
309 115 410 199 0.000108 0
638 688 680 703 0.000108 0
66 66 215 239 0.000107 0
680 237 701 284 0.000107 0
521 393 540 411 0.000107 0
959 482 970 506 0.000107 0
789 312 801 338 0.000107 0
1057 64 1164 76 0.000107 0
0 64 120 215 0.000106 0
712 199 758 234 0.000106 0
987 64 1113 203 0.000106 0
543 64 654 214 0.000106 0
1197 423 1267 474 0.000106 0
1178 324 1199 361 0.000106 0
1151 339 1168 408 0.000106 0
822 323 864 343 0.000106 0
697 328 703 343 0.000105 0
423 64 497 96 0.000105 0
21 304 81 406 0.000105 0
465 367 629 443 0.000105 0
914 370 929 392 0.000104 0
910 268 928 317 0.000104 0
1184 456 1204 473 0.000104 0
162 64 326 96 0.000104 0
1230 540 1258 584 0.000104 0
917 396 929 408 0.000104 0
1016 690 1040 703 0.000104 0
830 64 839 69 0.000104 0
259 64 317 128 0.000104 0
577 592 593 616 0.000104 0
871 394 879 408 0.000104 0
231 194 395 385 0.000103 0
1264 368 1279 414 0.000103 0
270 222 303 303 0.000103 0
320 407 337 451 0.000103 0
712 400 758 462 0.000103 0
984 180 1020 225 0.000103 0
1183 440 1205 463 0.000103 0
1184 352 1215 411 0.000103 0
1046 439 1088 469 0.000102 0
173 207 183 216 0.000102 0
750 261 770 342 0.000102 0
1081 697 1112 703 0.000102 0
1103 408 1123 431 0.000102 0
404 64 499 136 0.000102 0
308 95 456 357 0.000102 0
560 584 585 629 0.000102 0
1272 136 1279 170 0.000101 0
355 64 500 186 0.000101 0
1027 390 1090 436 0.000101 0
1121 304 1169 388 0.000101 0
707 433 737 468 0.000101 0
153 201 167 230 0.000101 0
568 64 661 223 0.000101 0
355 211 379 275 0.000101 0
1264 423 1279 461 0.000100 0
320 64 331 72 0.000100 0
835 386 848 409 0.000100 0
1005 447 1056 493 0.000100 0
674 312 691 365 0.000100 0
1104 388 1118 406 0.000100 0
644 456 673 486 0.000100 0
1118 262 1200 359 0.841203 1
474 219 504 254 0.757614 1
473 221 505 254 0.623300 1
848 228 902 281 0.492583 1
1041 222 1079 262 0.446244 1
848 227 906 288 0.177411 1
1046 222 1080 262 0.126243 1
1040 221 1063 262 0.118259 1
1040 221 1066 262 0.102577 1
17 222 72 257 0.096268 1
848 229 904 284 0.094366 1
1041 228 1060 262 0.087603 1
866 233 900 281 0.086823 1
847 227 916 286 0.079686 1
15 220 72 258 0.079549 1
9 224 72 258 0.070304 1
848 226 898 280 0.069758 1
865 233 902 280 0.068965 1
867 232 899 278 0.066858 1
848 227 925 293 0.065198 1
865 230 898 278 0.058115 1
866 232 899 276 0.048193 1
1040 232 1058 261 0.044577 1
867 236 900 284 0.043586 1
866 232 903 277 0.043075 1
848 233 898 284 0.038511 1
19 226 72 258 0.034799 1
1047 224 1082 260 0.034668 1
864 234 917 291 0.033870 1
20 219 73 257 0.028864 1
1043 225 1081 261 0.026493 1
48 223 98 257 0.025193 1
873 231 903 269 0.024887 1
867 236 896 283 0.024720 1
848 232 875 280 0.023815 1
848 232 928 295 0.022975 1
18 217 70 258 0.022377 1
865 233 912 285 0.021495 1
1039 223 1061 261 0.021404 1
864 228 890 272 0.017543 1
473 217 504 254 0.015356 1
1044 217 1080 260 0.014215 1
848 227 875 279 0.013816 1
1068 223 1082 250 0.013744 1
870 232 909 275 0.013146 1
1023 232 1059 261 0.012900 1
48 235 72 256 0.012420 1
1051 220 1074 255 0.012373 1
48 237 71 256 0.012358 1
1016 227 1057 261 0.012143 1
1024 240 1058 261 0.012044 1
848 232 872 279 0.011331 1
866 238 904 289 0.011056 1
48 225 73 256 0.011031 1
848 235 875 285 0.010904 1
520 231 537 246 0.010876 1
848 234 870 280 0.010779 1
872 237 921 295 0.010658 1
17 229 46 257 0.010370 1
49 221 73 256 0.010202 1
876 232 909 270 0.010023 1
1022 230 1058 261 0.010008 1
848 236 864 280 0.009773 1
51 222 96 253 0.009288 1
1045 221 1085 261 0.009025 1
47 232 73 255 0.008809 1
18 218 42 252 0.008483 1
16 219 43 252 0.008348 1
64 223 99 256 0.008000 1
48 224 86 256 0.007952 1
863 235 903 296 0.007951 1
857 227 878 277 0.007598 1
53 223 97 256 0.007345 1
848 216 877 278 0.007288 1
74 223 99 257 0.007175 1
1121 257 1195 348 0.006767 1
1046 235 1092 263 0.006266 1
869 239 913 291 0.006092 1
1073 219 1095 245 0.006049 1
16 230 42 257 0.005966 1
1124 241 1140 282 0.005865 1
1021 244 1043 261 0.005778 1
496 230 537 249 0.005690 1
0 229 73 259 0.005679 1
1121 271 1149 324 0.005665 1
484 220 504 245 0.005559 1
1071 225 1093 256 0.005484 1
858 217 881 273 0.005355 1
17 227 42 255 0.004991 1
67 223 97 252 0.004902 1
72 223 98 256 0.004899 1
18 229 42 256 0.004785 1
1012 221 1063 259 0.004656 1
247 212 262 239 0.004631 1
1021 226 1057 261 0.004464 1
891 261 923 294 0.004395 1
1163 276 1199 360 0.004393 1
47 226 99 257 0.004152 1
1072 216 1097 246 0.004033 1
1116 279 1154 348 0.004027 1
0 222 74 259 0.003815 1
19 223 42 254 0.003807 1
1120 280 1150 326 0.003796 1
77 228 99 256 0.003677 1
1163 269 1200 360 0.003675 1
1041 221 1081 265 0.003652 1
61 223 96 243 0.003396 1
1077 216 1097 245 0.003315 1
19 213 63 254 0.003286 1
892 263 924 295 0.003168 1
1073 215 1097 242 0.003131 1
847 238 863 282 0.003036 1
876 234 917 286 0.002941 1
1021 242 1043 261 0.002831 1
848 232 899 297 0.002782 1
767 253 833 282 0.002669 1
53 224 97 254 0.002663 1
500 230 539 251 0.002625 1
0 233 40 258 0.002618 1
78 237 99 257 0.002614 1
0 229 42 258 0.002609 1
78 234 99 256 0.002603 1
76 224 116 258 0.002593 1
885 241 926 295 0.002521 1
27 213 41 247 0.002481 1
749 230 912 332 0.002458 1
77 236 115 258 0.002434 1
1035 222 1080 296 0.002296 1
76 233 179 264 0.002284 1
471 207 504 254 0.002254 1
75 225 127 258 0.002216 1
1120 294 1170 352 0.002214 1
749 221 911 284 0.002207 1
16 222 72 276 0.002149 1
847 197 975 293 0.002109 1
892 265 928 296 0.002071 1
1118 284 1139 323 0.002046 1
864 201 900 266 0.001988 1
22 214 70 251 0.001983 1
1045 277 1064 296 0.001971 1
104 235 158 263 0.001968 1
13 228 41 256 0.001956 1
766 253 834 284 0.001933 1
1136 261 1183 343 0.001923 1
1043 227 1076 296 0.001922 1
1118 282 1142 319 0.001921 1
1070 241 1092 259 0.001916 1
1141 262 1189 342 0.001907 1
1045 278 1059 296 0.001902 1
1118 283 1152 348 0.001890 1
78 236 114 260 0.001881 1
1117 261 1185 354 0.001852 1
16 221 100 270 0.001847 1
891 263 913 289 0.001842 1
1120 285 1173 352 0.001835 1
48 223 99 268 0.001804 1
98 226 154 265 0.001783 1
16 212 43 252 0.001783 1
1102 290 1150 347 0.001778 1
78 235 114 257 0.001764 1
1121 276 1176 351 0.001731 1
1119 255 1172 331 0.001723 1
519 232 544 250 0.001661 1
775 254 834 290 0.001578 1
18 227 74 270 0.001543 1
950 273 960 291 0.001543 1
1080 215 1098 235 0.001538 1
16 210 73 258 0.001536 1
926 209 957 253 0.001526 1
196 216 244 265 0.001524 1
499 230 541 252 0.001511 1
520 231 543 249 0.001499 1
749 248 926 345 0.001475 1
894 265 912 291 0.001438 1
862 205 892 270 0.001436 1
1119 304 1176 360 0.001431 1
1150 259 1183 344 0.001429 1
1084 224 1102 249 0.001418 1
847 224 911 332 0.001414 1
773 253 833 283 0.001394 1
765 209 914 280 0.001372 1
1118 281 1142 337 0.001360 1
1124 280 1153 347 0.001342 1
123 234 195 263 0.001338 1
783 254 834 310 0.001334 1
882 235 911 260 0.001328 1
749 232 915 343 0.001325 1
1149 261 1184 342 0.001324 1
17 222 73 272 0.001320 1
472 226 542 254 0.001313 1
1122 270 1180 357 0.001312 1
79 233 186 264 0.001300 1
67 221 182 263 0.001260 1
0 225 73 279 0.001256 1
1081 216 1098 236 0.001248 1
1023 266 1066 296 0.001244 1
808 257 834 282 0.001237 1
220 219 289 264 0.001230 1
1151 262 1183 331 0.001222 1
235 209 288 264 0.001212 1
1121 265 1176 348 0.001180 1
1120 301 1148 348 0.001171 1
1123 259 1178 343 0.001165 1
34 233 73 264 0.001164 1
894 265 923 296 0.001156 1
1020 225 1081 296 0.001152 1
884 239 923 295 0.001144 1
922 271 960 293 0.001144 1
1121 283 1152 348 0.001138 1
516 214 537 247 0.001122 1
1149 259 1184 333 0.001121 1
487 203 539 247 0.001114 1
1146 258 1186 333 0.001112 1
20 222 69 291 0.001091 1
1110 302 1145 347 0.001090 1
118 235 195 264 0.001089 1
846 237 1029 300 0.001080 1
882 207 910 253 0.001076 1
1165 288 1199 360 0.001063 1
848 223 920 344 0.001062 1
1122 287 1157 348 0.001039 1
515 227 539 247 0.001036 1
466 199 496 252 0.001018 1
11 230 51 269 0.001011 1
46 235 73 265 0.001003 1
1133 261 1179 347 0.001000 1
77 237 129 264 0.000998 1
827 270 849 312 0.000994 1
110 216 143 256 0.000974 1
114 211 160 258 0.000972 1
159 216 263 265 0.000956 1
812 263 833 285 0.000955 1
14 221 41 251 0.000945 1
52 216 95 239 0.000943 1
1123 300 1148 347 0.000942 1
1151 259 1184 339 0.000941 1
1126 264 1178 352 0.000928 1
844 208 978 296 0.000927 1
1046 224 1078 294 0.000908 1
1154 263 1199 360 0.000889 1
127 212 149 237 0.000886 1
1143 261 1185 348 0.000876 1
908 269 927 296 0.000865 1
139 236 193 263 0.000864 1
1070 243 1092 263 0.000859 1
54 216 89 240 0.000858 1
107 209 157 256 0.000854 1
169 204 286 266 0.000854 1
1022 276 1061 296 0.000852 1
815 263 834 286 0.000843 1
912 270 928 295 0.000843 1
1117 280 1150 345 0.000839 1
238 210 268 249 0.000833 1
210 195 246 265 0.000808 1
814 263 833 307 0.000808 1
335 236 352 255 0.000807 1
6 231 45 264 0.000800 1
1156 265 1198 340 0.000791 1
206 228 243 264 0.000781 1
222 210 291 264 0.000780 1
116 213 165 259 0.000779 1
922 272 960 295 0.000779 1
71 216 96 237 0.000778 1
21 223 63 293 0.000771 1
1130 282 1154 345 0.000770 1
52 217 70 244 0.000764 1
509 231 541 253 0.000755 1
159 202 276 264 0.000752 1
1067 219 1080 251 0.000742 1
119 215 185 263 0.000726 1
1017 233 1067 297 0.000721 1
73 221 121 259 0.000720 1
883 198 935 280 0.000716 1
134 217 158 238 0.000716 1
1102 278 1140 336 0.000709 1
812 261 834 282 0.000706 1
192 223 245 264 0.000706 1
1119 241 1199 287 0.000698 1
247 217 289 253 0.000696 1
498 231 541 253 0.000693 1
248 227 288 263 0.000689 1
24 235 192 266 0.000688 1
331 235 352 255 0.000660 1
1151 258 1183 274 0.000646 1
902 250 927 295 0.000643 1
888 200 913 246 0.000643 1
111 222 121 251 0.000637 1
895 199 935 249 0.000635 1
683 228 706 283 0.000625 1
1018 219 1139 302 0.000625 1
894 265 915 296 0.000625 1
1164 271 1199 354 0.000618 1
909 268 948 294 0.000615 1
1176 257 1227 275 0.000609 1
212 207 271 269 0.000607 1
1121 287 1194 360 0.000602 1
1168 252 1221 269 0.000596 1
220 209 254 263 0.000595 1
920 269 957 293 0.000589 1
110 202 136 240 0.000588 1
1043 214 1130 267 0.000585 1
123 206 140 237 0.000584 1
1176 259 1231 287 0.000583 1
218 213 244 265 0.000583 1
792 254 834 283 0.000577 1
1157 266 1193 334 0.000574 1
883 227 926 291 0.000574 1
127 206 156 238 0.000573 1
254 230 288 264 0.000568 1
1120 309 1149 358 0.000565 1
1122 261 1201 355 0.000555 1
77 209 183 265 0.000545 1
221 208 266 259 0.000538 1
1121 308 1162 360 0.000535 1
813 264 853 313 0.000532 1
126 209 148 237 0.000529 1
1147 257 1176 271 0.000524 1
1182 256 1231 288 0.000523 1
159 237 194 262 0.000523 1
1165 258 1223 273 0.000521 1
494 228 517 251 0.000519 1
1075 229 1105 267 0.000517 1
191 222 240 261 0.000505 1
1179 233 1202 259 0.000492 1
910 270 926 296 0.000487 1
1117 244 1137 263 0.000484 1
752 255 848 345 0.000484 1
757 250 821 281 0.000466 1
1133 256 1219 335 0.000458 1
905 244 964 295 0.000457 1
1167 258 1198 271 0.000457 1
922 273 959 293 0.000456 1
1150 258 1176 273 0.000445 1
101 210 194 264 0.000441 1
783 254 827 281 0.000437 1
1102 281 1141 341 0.000434 1
849 224 927 309 0.000431 1
493 235 513 253 0.000427 1
914 244 966 294 0.000422 1
78 216 96 236 0.000419 1
789 256 820 291 0.000411 1
221 231 242 264 0.000408 1
910 270 953 295 0.000407 1
1164 258 1193 271 0.000406 1
1197 257 1219 266 0.000405 1
1034 278 1059 295 0.000403 1
957 225 1131 302 0.000398 1
1133 256 1170 335 0.000397 1
1203 256 1226 274 0.000381 1
136 217 166 241 0.000380 1
1168 254 1197 270 0.000375 1
1148 248 1191 274 0.000375 1
950 273 960 296 0.000374 1
1153 260 1187 315 0.000373 1
861 248 919 297 0.000369 1
214 237 242 266 0.000364 1
903 204 1275 334 0.000363 1
82 208 193 265 0.000363 1
1160 262 1229 286 0.000359 1
1052 223 1075 296 0.000358 1
1047 240 1073 296 0.000358 1
229 215 277 263 0.000354 1
212 200 284 266 0.000348 1
1054 235 1094 279 0.000342 1
1145 318 1188 360 0.000342 1
909 238 965 294 0.000334 1
1161 272 1185 308 0.000331 1
767 249 818 282 0.000330 1
1166 298 1199 359 0.000330 1
127 216 199 263 0.000330 1
747 211 908 282 0.000326 1
1164 272 1200 340 0.000320 1
221 209 252 240 0.000318 1
1206 260 1222 272 0.000316 1
752 251 825 283 0.000309 1
745 231 855 282 0.000306 1
1166 310 1199 360 0.000301 1
1047 207 1261 286 0.000299 1
815 264 838 311 0.000297 1
147 239 193 264 0.000293 1
1156 258 1210 295 0.000291 1
1142 325 1168 360 0.000287 1
14 206 88 258 0.000270 1
485 231 544 253 0.000269 1
1018 236 1063 297 0.000264 1
265 231 289 264 0.000263 1
1162 260 1191 295 0.000261 1
94 236 149 265 0.000255 1
518 237 545 253 0.000254 1
223 241 242 265 0.000254 1
1150 286 1199 360 0.000249 1
767 252 816 281 0.000248 1
801 255 834 283 0.000248 1
462 217 570 280 0.000246 1
1170 256 1195 269 0.000244 1
836 216 1045 292 0.000238 1
1161 269 1185 302 0.000236 1
253 203 284 241 0.000231 1
801 254 833 307 0.000229 1
1023 277 1059 334 0.000224 1
56 240 75 264 0.000221 1
274 232 288 259 0.000221 1
1109 305 1143 364 0.000220 1
1164 267 1228 288 0.000220 1
762 253 837 287 0.000219 1
807 255 857 289 0.000218 1
1198 253 1238 285 0.000217 1
761 250 832 318 0.000216 1
1026 277 1060 329 0.000215 1
827 267 851 295 0.000213 1
763 253 822 281 0.000213 1
846 243 869 299 0.000213 1
986 228 1081 283 0.000211 1
846 230 1018 314 0.000208 1
767 252 827 281 0.000204 1
330 203 353 257 0.000203 1
262 197 282 236 0.000201 1
268 216 288 252 0.000200 1
1017 228 1071 298 0.000199 1
263 228 289 280 0.000194 1
1166 280 1199 356 0.000193 1
1024 283 1059 336 0.000191 1
77 219 124 259 0.000189 1
916 251 975 292 0.000188 1
1099 274 1141 326 0.000186 1
748 217 864 283 0.000186 1
480 233 514 254 0.000182 1
1063 256 1180 340 0.000180 1
1047 229 1098 297 0.000176 1
333 208 353 256 0.000174 1
770 250 785 280 0.000172 1
464 209 566 286 0.000172 1
948 269 978 294 0.000170 1
769 250 816 281 0.000169 1
1048 275 1072 296 0.000167 1
777 253 836 319 0.000164 1
1166 271 1201 328 0.000161 1
1170 313 1199 360 0.000161 1
1063 204 1248 286 0.000159 1
1191 257 1232 289 0.000158 1
193 233 245 268 0.000156 1
1067 241 1097 272 0.000152 1
490 218 514 245 0.000147 1
758 249 830 319 0.000145 1
1156 261 1206 310 0.000144 1
897 205 935 299 0.000144 1
808 222 862 283 0.000139 1
772 249 784 279 0.000138 1
1168 270 1200 336 0.000135 1
896 202 949 290 0.000133 1
887 211 1024 301 0.000132 1
1113 261 1268 368 0.000132 1
11 200 197 266 0.000130 1
1117 259 1246 350 0.000129 1
896 199 1164 285 0.000128 1
1161 322 1193 360 0.000127 1
21 206 101 257 0.000125 1
806 242 856 286 0.000124 1
1040 220 1131 273 0.000123 1
808 217 867 282 0.000122 1
0 204 74 259 0.000122 1
1157 326 1192 365 0.000120 1
1168 268 1200 316 0.000117 1
792 221 860 287 0.000115 1
0 71 70 312 0.000115 1
142 240 178 264 0.000113 1
994 235 1063 296 0.000112 1
5 223 140 296 0.000108 1
471 221 504 264 0.000107 1
275 196 288 247 0.000104 1
761 226 838 283 0.000102 1
1114 265 1278 427 0.000102 1
755 252 797 280 0.000101 1
1169 276 1200 346 0.000101 1
0 226 70 292 0.000100 1
1113 217 1139 240 0.143588 2
1113 216 1140 241 0.115460 2
305 186 322 198 0.085981 2
501 206 516 217 0.066678 2
1109 217 1139 247 0.042557 2
305 185 322 198 0.033660 2
708 211 728 234 0.029318 2
1114 216 1143 241 0.028435 2
530 205 548 218 0.023973 2
706 209 728 235 0.021679 2
1112 217 1138 248 0.020134 2
529 204 544 218 0.019035 2
529 199 553 218 0.018553 2
533 203 553 218 0.018479 2
984 203 1024 228 0.015371 2
319 203 332 231 0.014610 2
858 176 948 202 0.013421 2
319 208 331 231 0.013395 2
532 204 549 218 0.013332 2
493 204 504 218 0.012942 2
1001 202 1024 228 0.012507 2
1093 208 1131 247 0.011925 2
451 420 526 447 0.011893 2
1114 215 1144 243 0.011687 2
1002 202 1024 229 0.011653 2
598 199 649 215 0.011302 2
1093 211 1132 247 0.011231 2
1003 199 1025 225 0.010937 2
293 177 316 198 0.010317 2
608 201 643 215 0.010293 2
492 204 508 218 0.009867 2
996 202 1024 227 0.009864 2
1094 209 1135 248 0.008973 2
305 184 338 199 0.008923 2
530 201 554 218 0.008706 2
1113 213 1140 241 0.008518 2
822 329 847 343 0.008472 2
501 200 516 217 0.007954 2
605 200 649 216 0.007766 2
157 416 167 423 0.007593 2
1118 219 1138 248 0.007021 2
319 202 335 231 0.006808 2
454 418 519 442 0.006663 2
858 176 956 224 0.006535 2
453 420 512 442 0.006506 2
505 203 517 217 0.006360 2
1098 216 1121 248 0.006149 2
823 328 848 343 0.006123 2
457 421 528 448 0.006030 2
488 198 504 218 0.005947 2
1006 199 1025 224 0.005834 2
631 376 658 396 0.005635 2
294 177 307 197 0.005594 2
1004 196 1045 228 0.005586 2
1001 195 1047 230 0.005574 2
707 214 726 236 0.005324 2
986 199 1025 227 0.005291 2
983 201 1031 228 0.005131 2
664 454 684 463 0.005027 2
599 464 608 471 0.004797 2
1096 208 1129 243 0.004740 2
608 201 647 216 0.004621 2
1101 224 1119 248 0.004531 2
631 375 658 396 0.004437 2
848 471 866 478 0.004346 2
1115 218 1145 248 0.004312 2
697 196 730 233 0.004239 2
1094 207 1142 242 0.004178 2
1080 207 1129 247 0.004124 2
1080 212 1128 247 0.003945 2
461 420 523 440 0.003824 2
454 203 466 218 0.003807 2
1006 195 1049 229 0.003775 2
452 420 498 442 0.003726 2
1006 203 1024 229 0.003722 2
292 175 318 198 0.003713 2
1264 348 1279 368 0.003624 2
633 202 652 216 0.003594 2
858 177 943 201 0.003539 2
527 195 553 218 0.003473 2
1263 348 1279 370 0.003401 2
1177 214 1204 250 0.003389 2
698 207 723 232 0.003388 2
452 420 528 449 0.003339 2
1097 208 1137 237 0.003316 2
1102 228 1119 248 0.003288 2
1021 456 1032 464 0.003249 2
1263 248 1279 270 0.003142 2
589 189 655 217 0.003052 2
1178 216 1204 252 0.003031 2
458 409 516 442 0.002955 2
496 434 528 448 0.002939 2
593 423 609 434 0.002803 2
696 199 723 219 0.002750 2
1263 342 1279 370 0.002647 2
450 418 502 441 0.002498 2
1015 339 1024 344 0.002484 2
506 436 528 448 0.002467 2
1263 246 1279 271 0.002461 2
831 504 846 510 0.002435 2
960 206 985 221 0.002408 2
274 183 294 193 0.002401 2
495 430 526 447 0.002380 2
640 689 672 703 0.002303 2
111 412 129 425 0.002283 2
358 218 368 231 0.002200 2
656 453 686 463 0.002178 2
1262 230 1279 270 0.002103 2
1010 196 1051 230 0.002088 2
563 201 577 215 0.002076 2
598 200 651 217 0.002062 2
452 204 465 222 0.002031 2
454 410 516 443 0.002018 2
304 180 323 198 0.002011 2
494 432 527 449 0.001991 2
191 392 223 416 0.001986 2
839 504 847 510 0.001956 2
704 213 713 233 0.001947 2
1007 204 1043 230 0.001930 2
273 181 317 199 0.001888 2
293 176 310 198 0.001845 2
1262 196 1279 271 0.001838 2
820 329 848 345 0.001831 2
1263 358 1279 375 0.001809 2
863 176 955 216 0.001807 2
1263 249 1279 273 0.001802 2
888 199 947 246 0.001777 2
191 392 213 413 0.001773 2
589 186 619 214 0.001757 2
498 432 527 447 0.001751 2
191 392 213 415 0.001694 2
447 424 462 443 0.001688 2
322 188 340 199 0.001676 2
856 176 940 199 0.001647 2
55 399 180 425 0.001647 2
886 197 953 242 0.001609 2
591 425 603 433 0.001597 2
958 206 988 250 0.001582 2
1120 64 1152 77 0.001550 2
111 412 134 426 0.001544 2
449 420 492 442 0.001526 2
970 198 1036 254 0.001521 2
104 399 179 426 0.001515 2
1004 191 1045 224 0.001513 2
451 422 491 441 0.001505 2
273 178 314 198 0.001501 2
589 204 608 214 0.001493 2
1007 192 1047 222 0.001490 2
1109 207 1142 242 0.001473 2
1007 191 1055 227 0.001466 2
315 197 335 231 0.001466 2
356 217 368 230 0.001465 2
1176 220 1204 252 0.001453 2
191 392 213 409 0.001429 2
456 202 466 215 0.001418 2
1229 196 1256 233 0.001404 2
447 412 507 446 0.001368 2
467 421 535 439 0.001348 2
429 223 439 230 0.001316 2
826 504 832 510 0.001314 2
62 402 153 425 0.001309 2
1083 209 1127 248 0.001277 2
503 313 512 335 0.001267 2
1075 213 1129 252 0.001258 2
704 214 716 238 0.001252 2
1264 366 1279 375 0.001249 2
175 401 192 417 0.001237 2
463 408 516 437 0.001232 2
191 391 223 413 0.001200 2
1263 252 1279 274 0.001185 2
1119 64 1153 78 0.001180 2
445 200 466 221 0.001164 2
921 207 982 254 0.001162 2
261 196 271 208 0.001161 2
111 402 145 426 0.001141 2
664 450 689 466 0.001130 2
979 184 1046 229 0.001127 2
973 218 991 248 0.001115 2
1016 319 1041 344 0.001114 2
1005 216 1024 231 0.001067 2
191 393 215 416 0.001065 2
1223 195 1256 233 0.001060 2
191 392 214 411 0.001058 2
714 200 739 217 0.001057 2
324 199 384 232 0.001049 2
319 201 354 232 0.001044 2
1188 207 1215 237 0.001025 2
1024 208 1042 230 0.001020 2
592 447 608 458 0.001015 2
655 452 668 463 0.001008 2
914 205 979 254 0.001004 2
891 199 938 248 0.000996 2
828 280 848 311 0.000975 2
982 208 1024 249 0.000975 2
974 206 984 222 0.000949 2
1255 199 1279 266 0.000927 2
647 455 656 461 0.000924 2
1258 485 1279 500 0.000906 2
110 408 143 426 0.000885 2
751 439 767 448 0.000879 2
603 456 673 473 0.000874 2
976 208 996 251 0.000871 2
582 431 591 439 0.000857 2
296 201 333 232 0.000851 2
1262 249 1279 295 0.000849 2
902 197 953 243 0.000849 2
1006 216 1024 231 0.000845 2
448 422 481 443 0.000844 2
639 459 670 471 0.000844 2
959 207 981 221 0.000827 2
0 283 7 294 0.000821 2
962 200 987 218 0.000811 2
305 185 325 201 0.000808 2
443 422 464 443 0.000800 2
452 420 498 447 0.000798 2
0 396 49 424 0.000794 2
973 202 1043 257 0.000789 2
988 201 1061 257 0.000784 2
206 396 223 416 0.000773 2
76 400 177 424 0.000768 2
274 184 291 194 0.000761 2
0 280 7 294 0.000760 2
491 205 518 227 0.000760 2
953 207 989 253 0.000748 2
63 428 80 440 0.000747 2
674 461 690 470 0.000744 2
318 198 375 234 0.000729 2
208 398 223 410 0.000725 2
319 200 354 254 0.000722 2
466 165 590 219 0.000718 2
1260 201 1279 238 0.000704 2
1261 168 1279 180 0.000704 2
325 199 386 235 0.000701 2
314 186 337 231 0.000692 2
953 207 1018 256 0.000681 2
591 448 607 458 0.000678 2
63 425 72 433 0.000675 2
1017 320 1042 344 0.000661 2
31 401 174 426 0.000660 2
897 178 952 205 0.000652 2
1018 319 1052 343 0.000646 2
511 343 522 350 0.000641 2
176 401 193 417 0.000633 2
964 200 987 220 0.000630 2
223 210 250 237 0.000629 2
18 404 47 423 0.000628 2
639 455 658 468 0.000618 2
999 509 1015 521 0.000612 2
1049 229 1137 298 0.000611 2
40 403 147 427 0.000603 2
1120 64 1148 77 0.000600 2
175 399 192 416 0.000599 2
527 428 591 439 0.000598 2
1040 311 1122 347 0.000595 2
155 409 176 424 0.000595 2
1015 444 1040 463 0.000592 2
1247 342 1263 359 0.000592 2
301 185 330 232 0.000588 2
47 409 71 426 0.000588 2
972 253 987 261 0.000571 2
56 426 81 444 0.000569 2
19 200 36 206 0.000569 2
1164 471 1181 480 0.000566 2
1047 208 1149 299 0.000565 2
154 416 168 424 0.000555 2
1261 345 1279 407 0.000554 2
1198 472 1216 483 0.000550 2
530 202 554 221 0.000549 2
68 399 183 424 0.000546 2
607 455 624 466 0.000540 2
305 185 333 229 0.000538 2
922 202 980 252 0.000536 2
1196 472 1216 482 0.000533 2
1034 321 1088 343 0.000532 2
1238 208 1279 268 0.000529 2
1199 168 1223 215 0.000528 2
1011 439 1043 462 0.000523 2
46 433 80 451 0.000522 2
896 201 912 235 0.000514 2
638 457 672 472 0.000511 2
1038 322 1056 335 0.000505 2
0 402 48 424 0.000505 2
891 198 914 238 0.000500 2
329 199 387 233 0.000497 2
351 198 386 232 0.000496 2
447 204 465 222 0.000489 2
1024 359 1055 381 0.000487 2
192 371 226 417 0.000483 2
744 200 767 215 0.000477 2
1039 322 1056 336 0.000477 2
688 455 704 469 0.000475 2
862 176 944 199 0.000473 2
0 259 326 397 0.000469 2
1233 282 1279 359 0.000467 2
96 398 177 423 0.000457 2
1264 355 1279 408 0.000455 2
431 422 450 441 0.000454 2
646 385 657 398 0.000454 2
206 189 270 239 0.000453 2
256 456 273 462 0.000452 2
0 239 15 294 0.000448 2
353 215 372 231 0.000443 2
249 414 263 423 0.000439 2
263 193 272 204 0.000439 2
593 449 608 471 0.000436 2
608 455 624 466 0.000434 2
359 409 368 415 0.000433 2
1247 345 1262 360 0.000431 2
0 244 20 295 0.000429 2
910 178 952 206 0.000429 2
45 439 66 446 0.000428 2
578 445 592 458 0.000424 2
858 188 940 265 0.000421 2
1101 226 1135 264 0.000419 2
853 434 869 453 0.000417 2
1027 310 1103 337 0.000414 2
445 178 468 217 0.000413 2
914 186 955 228 0.000410 2
1028 359 1053 379 0.000409 2
289 176 312 199 0.000408 2
1026 357 1058 389 0.000407 2
175 393 215 418 0.000404 2
1239 247 1279 270 0.000403 2
447 425 463 445 0.000402 2
1026 359 1053 376 0.000401 2
1037 310 1124 338 0.000400 2
802 183 852 241 0.000399 2
911 521 927 528 0.000396 2
1261 305 1279 409 0.000392 2
684 452 703 469 0.000392 2
47 409 72 427 0.000391 2
1100 256 1280 352 0.000390 2
1229 283 1279 358 0.000384 2
302 199 333 232 0.000379 2
431 411 449 441 0.000377 2
49 430 80 451 0.000376 2
1 180 506 390 0.000373 2
669 457 688 470 0.000371 2
431 420 461 441 0.000368 2
1167 471 1184 479 0.000368 2
1234 280 1279 372 0.000364 2
1102 196 1122 209 0.000364 2
883 196 914 235 0.000363 2
632 374 663 396 0.000363 2
468 408 522 437 0.000363 2
581 453 592 461 0.000362 2
1025 359 1057 390 0.000362 2
1233 277 1279 366 0.000360 2
1031 358 1053 375 0.000360 2
1247 345 1274 362 0.000359 2
248 412 263 423 0.000356 2
503 311 527 337 0.000356 2
318 203 334 255 0.000348 2
74 397 180 425 0.000345 2
228 205 242 223 0.000343 2
689 458 704 469 0.000342 2
1247 340 1266 362 0.000340 2
47 406 78 425 0.000338 2
1095 270 1280 356 0.000338 2
660 448 695 463 0.000334 2
1216 251 1280 295 0.000328 2
1262 196 1279 240 0.000328 2
1102 282 1280 356 0.000325 2
175 393 224 449 0.000324 2
929 198 955 209 0.000324 2
1263 264 1279 295 0.000323 2
0 282 20 295 0.000322 2
185 393 224 432 0.000321 2
662 461 672 471 0.000311 2
562 201 586 216 0.000311 2
898 623 911 631 0.000310 2
544 195 580 218 0.000309 2
320 408 342 413 0.000306 2
432 409 459 441 0.000305 2
1098 179 1123 203 0.000305 2
1071 201 1100 247 0.000304 2
347 198 387 229 0.000300 2
862 246 912 297 0.000298 2
751 426 771 446 0.000297 2
493 408 515 423 0.000295 2
591 461 608 472 0.000295 2
447 421 497 447 0.000294 2
273 183 299 203 0.000294 2
605 455 669 471 0.000294 2
954 208 977 251 0.000293 2
1262 270 1279 296 0.000291 2
1058 310 1127 351 0.000288 2
1247 209 1279 267 0.000288 2
469 407 571 439 0.000285 2
356 412 433 437 0.000284 2
1263 169 1279 181 0.000281 2
1262 169 1279 202 0.000278 2
1232 293 1279 365 0.000278 2
820 328 848 359 0.000277 2
919 286 1007 347 0.000275 2
1033 322 1088 372 0.000273 2
1247 345 1279 375 0.000273 2
448 410 503 443 0.000272 2
464 408 516 431 0.000270 2
343 198 386 228 0.000268 2
1015 441 1027 451 0.000267 2
45 436 80 449 0.000267 2
503 312 528 342 0.000266 2
919 208 986 258 0.000265 2
448 423 465 446 0.000265 2
193 370 225 411 0.000264 2
1225 162 1279 181 0.000263 2
31 258 48 296 0.000261 2
521 424 581 437 0.000259 2
1262 278 1279 295 0.000259 2
155 392 224 450 0.000257 2
976 528 987 536 0.000256 2
1189 276 1228 286 0.000256 2
334 210 353 230 0.000253 2
1072 327 1088 338 0.000253 2
213 176 332 241 0.000252 2
606 457 625 471 0.000248 2
1082 176 1125 243 0.000248 2
2 508 49 529 0.000246 2
46 405 142 426 0.000245 2
427 192 447 205 0.000243 2
0 504 50 567 0.000243 2
439 170 514 220 0.000242 2
1102 159 1214 239 0.000241 2
346 404 386 459 0.000240 2
0 393 75 423 0.000240 2
938 205 976 253 0.000240 2
1263 276 1279 295 0.000238 2
3 283 24 295 0.000237 2
1045 325 1088 340 0.000237 2
273 178 326 234 0.000234 2
384 454 406 471 0.000234 2
1231 246 1279 361 0.000233 2
191 369 225 412 0.000232 2
846 435 860 451 0.000230 2
1033 310 1115 336 0.000229 2
327 198 387 227 0.000228 2
155 400 220 424 0.000228 2
1259 313 1279 373 0.000226 2
62 392 225 424 0.000224 2
686 455 704 470 0.000224 2
244 179 333 237 0.000223 2
47 406 74 426 0.000223 2
1241 299 1279 370 0.000223 2
187 170 341 234 0.000223 2
333 205 353 249 0.000222 2
108 407 144 435 0.000222 2
377 413 431 438 0.000222 2
318 408 337 413 0.000221 2
5 195 556 396 0.000219 2
1022 302 1117 334 0.000219 2
895 623 905 630 0.000216 2
1021 321 1057 348 0.000215 2
713 334 750 364 0.000213 2
106 409 144 435 0.000213 2
976 301 991 312 0.000213 2
604 344 657 378 0.000212 2
958 198 986 214 0.000212 2
494 408 510 419 0.000211 2
0 507 16 561 0.000210 2
341 404 434 464 0.000209 2
169 399 222 423 0.000208 2
990 680 1040 703 0.000207 2
602 460 625 471 0.000205 2
932 288 997 313 0.000203 2
976 536 986 543 0.000203 2
1258 298 1279 488 0.000202 2
1110 267 1280 355 0.000202 2
315 404 389 457 0.000202 2
381 453 416 471 0.000202 2
34 440 65 446 0.000201 2
607 447 624 463 0.000201 2
609 456 673 487 0.000199 2
139 398 176 423 0.000199 2
700 204 820 238 0.000198 2
590 451 607 462 0.000198 2
1029 319 1089 342 0.000196 2
128 397 199 423 0.000196 2
0 506 16 554 0.000195 2
1262 356 1279 410 0.000194 2
685 197 711 226 0.000194 2
1055 465 1067 471 0.000194 2
31 260 48 296 0.000194 2
306 405 399 461 0.000191 2
1202 296 1232 358 0.000190 2
706 193 800 235 0.000189 2
432 406 449 442 0.000188 2
600 424 623 434 0.000188 2
386 454 416 468 0.000186 2
384 452 416 471 0.000184 2
1117 258 1280 339 0.000184 2
60 407 146 439 0.000184 2
632 374 678 397 0.000183 2
348 402 386 475 0.000181 2
581 203 609 215 0.000180 2
164 393 223 425 0.000180 2
47 404 103 426 0.000180 2
1189 274 1232 315 0.000180 2
175 392 223 425 0.000179 2
589 426 608 441 0.000179 2
360 206 379 232 0.000177 2
44 431 81 460 0.000176 2
319 405 352 455 0.000176 2
601 327 658 369 0.000175 2
1002 182 1047 220 0.000173 2
573 439 592 458 0.000172 2
1224 161 1278 181 0.000172 2
1151 244 1279 297 0.000171 2
921 196 983 218 0.000169 2
320 407 346 414 0.000169 2
324 407 352 446 0.000169 2
956 183 990 210 0.000168 2
59 252 97 268 0.000167 2
182 393 224 456 0.000167 2
976 300 992 311 0.000166 2
681 448 700 463 0.000165 2
655 427 671 440 0.000165 2
1022 326 1071 388 0.000164 2
1233 206 1279 366 0.000164 2
310 183 379 229 0.000164 2
123 395 201 419 0.000163 2
333 408 352 452 0.000161 2
916 503 928 514 0.000161 2
1242 195 1277 236 0.000159 2
1214 316 1231 327 0.000159 2
1264 320 1279 371 0.000158 2
1264 364 1279 408 0.000158 2
1215 423 1248 439 0.000155 2
0 247 26 295 0.000153 2
44 392 170 416 0.000152 2
615 321 684 371 0.000152 2
154 394 224 460 0.000152 2
432 407 448 441 0.000151 2
484 407 569 429 0.000151 2
1198 289 1232 360 0.000150 2
718 319 745 362 0.000148 2
574 451 592 471 0.000147 2
260 408 288 425 0.000147 2
602 343 651 377 0.000146 2
1230 273 1279 312 0.000146 2
718 307 757 340 0.000145 2
47 408 92 427 0.000144 2
618 320 684 365 0.000143 2
605 201 660 225 0.000142 2
865 176 932 213 0.000141 2
385 410 432 439 0.000141 2
827 266 859 311 0.000141 2
432 407 475 444 0.000141 2
1191 275 1232 319 0.000140 2
319 407 352 452 0.000140 2
1033 325 1089 349 0.000139 2
242 449 289 467 0.000138 2
105 396 155 424 0.000138 2
645 427 656 439 0.000138 2
205 177 270 241 0.000137 2
0 407 69 461 0.000136 2
620 374 660 398 0.000136 2
270 181 322 236 0.000135 2
846 520 855 527 0.000135 2
912 184 954 209 0.000135 2
717 318 747 344 0.000135 2
311 406 398 438 0.000134 2
1228 269 1280 297 0.000134 2
1167 179 1205 221 0.000134 2
719 316 745 335 0.000134 2
28 392 170 413 0.000133 2
465 433 528 453 0.000133 2
6 505 58 533 0.000132 2
1168 236 1279 297 0.000132 2
1018 319 1073 387 0.000131 2
15 504 66 528 0.000130 2
1046 455 1070 467 0.000129 2
95 391 126 403 0.000129 2
626 353 659 398 0.000129 2
349 402 389 457 0.000128 2
639 390 690 428 0.000128 2
529 427 593 457 0.000127 2
600 336 656 372 0.000126 2
27 192 526 392 0.000125 2
208 520 223 531 0.000125 2
537 425 587 439 0.000125 2
639 429 649 439 0.000124 2
463 407 515 435 0.000124 2
1014 319 1054 381 0.000124 2
1194 278 1232 332 0.000124 2
719 335 732 354 0.000123 2
924 181 956 204 0.000121 2
269 173 315 196 0.000121 2
525 431 592 457 0.000121 2
848 527 864 536 0.000120 2
377 414 435 443 0.000120 2
208 445 227 461 0.000120 2
624 374 646 388 0.000118 2
415 198 439 205 0.000117 2
611 321 660 368 0.000117 2
1243 347 1279 395 0.000116 2
950 182 989 209 0.000116 2
1178 407 1201 423 0.000116 2
43 250 93 281 0.000116 2
597 201 666 225 0.000115 2
1214 314 1231 327 0.000115 2
268 409 288 424 0.000115 2
326 205 379 267 0.000115 2
619 321 667 362 0.000115 2
94 391 128 404 0.000115 2
3 502 64 529 0.000114 2
1232 290 1279 359 0.000114 2
1030 310 1102 336 0.000114 2
373 409 434 439 0.000114 2
130 396 183 420 0.000114 2
326 196 386 229 0.000113 2
632 407 670 430 0.000112 2
847 526 860 536 0.000112 2
384 414 432 440 0.000111 2
630 456 673 486 0.000110 2
43 436 80 457 0.000110 2
26 395 122 420 0.000110 2
827 258 863 313 0.000110 2
362 412 434 474 0.000109 2
474 407 580 436 0.000108 2
821 327 863 344 0.000106 2
1215 424 1250 440 0.000106 2
1199 276 1231 318 0.000106 2
612 350 641 377 0.000106 2
634 389 692 440 0.000106 2
176 407 285 427 0.000105 2
1121 257 1236 325 0.000104 2
1247 330 1263 361 0.000104 2
642 390 691 424 0.000104 2
965 504 976 520 0.000103 2
345 405 387 432 0.000103 2
682 445 703 465 0.000103 2
1195 272 1232 331 0.000103 2
636 391 688 431 0.000103 2
344 403 388 435 0.000103 2
58 427 111 447 0.000102 2
223 445 291 463 0.000102 2
326 408 388 429 0.000101 2
381 406 435 440 0.000100 2
1181 164 1279 268 0.019349 5
1184 165 1279 250 0.004611 5
1184 164 1279 232 0.004054 5
1090 163 1279 272 0.003890 5
1203 164 1279 245 0.001592 5
824 135 941 163 0.001048 5
825 201 1276 353 0.000914 5
819 135 940 165 0.000579 5
1083 163 1280 317 0.000524 5
1222 162 1279 213 0.000503 5
903 239 1274 336 0.000456 5
1219 174 1270 235 0.000390 5
444 179 485 219 0.000344 5
467 175 576 215 0.000342 5
1220 162 1273 226 0.000312 5
1221 163 1278 220 0.000308 5
1072 142 1280 473 0.000306 5
765 192 1272 339 0.000276 5
1097 182 1279 280 0.000269 5
1031 161 1280 450 0.000241 5
733 177 1243 351 0.000230 5
1211 171 1261 235 0.000227 5
1005 179 1062 223 0.000170 5
1101 157 1280 344 0.000170 5
444 179 473 217 0.000158 5
1007 183 1048 218 0.000156 5
1016 237 1277 343 0.000136 5
1213 164 1263 206 0.000121 5
432 172 446 203 0.000114 5
818 178 1191 308 0.000102 5
681 273 1278 500 0.229894 6
708 256 1272 500 0.078798 6
640 272 1183 478 0.064422 6
707 318 1273 497 0.052208 6
663 295 1278 502 0.047622 6
641 268 1121 482 0.043721 6
1180 164 1279 269 0.030366 6
640 269 1063 482 0.018321 6
640 303 1067 482 0.015426 6
656 178 1277 504 0.015161 6
714 191 1272 501 0.011452 6
652 338 1035 481 0.010950 6
640 342 1061 483 0.010283 6
640 262 1161 446 0.007306 6
657 260 1260 490 0.006606 6
640 251 1210 480 0.006363 6
1103 162 1279 271 0.006154 6
844 452 1025 486 0.005994 6
488 422 584 441 0.005409 6
641 261 1166 487 0.005341 6
705 339 1039 484 0.005336 6
473 165 582 208 0.005198 6
856 443 1027 486 0.005050 6
1083 159 1279 271 0.004973 6
839 447 1024 486 0.004949 6
920 279 1279 490 0.004541 6
675 361 1275 503 0.004470 6
885 277 1279 485 0.004328 6
474 168 582 205 0.004315 6
713 338 1272 490 0.004251 6
701 233 1269 493 0.004182 6
712 392 1272 498 0.004084 6
864 434 1027 486 0.003817 6
841 439 1026 485 0.003606 6
679 338 1047 483 0.003440 6
495 422 581 439 0.003019 6
1182 163 1279 231 0.002892 6
692 326 1230 487 0.002705 6
492 168 580 204 0.002699 6
748 433 956 479 0.002472 6
457 165 583 216 0.002260 6
485 169 579 205 0.002016 6
1039 279 1279 502 0.002009 6
726 338 1113 486 0.001979 6
640 270 1024 474 0.001945 6
974 277 1279 503 0.001656 6
480 162 581 204 0.001642 6
753 339 1014 439 0.001431 6
456 416 590 460 0.001415 6
753 435 950 478 0.001296 6
749 338 952 468 0.001265 6
747 260 1278 495 0.001256 6
848 416 1035 486 0.001224 6
437 253 958 473 0.001218 6
399 239 952 471 0.001088 6
445 393 704 461 0.001062 6
827 135 941 165 0.001051 6
840 408 1039 485 0.001032 6
439 293 957 475 0.000930 6
640 344 1023 480 0.000920 6
744 419 951 478 0.000920 6
757 345 1278 508 0.000915 6
894 268 1278 469 0.000895 6
681 186 1276 375 0.000860 6
719 171 1264 410 0.000828 6
418 274 952 472 0.000810 6
855 453 1028 487 0.000769 6
699 176 1248 464 0.000768 6
30 402 325 508 0.000727 6
446 386 704 462 0.000712 6
753 338 1018 387 0.000705 6
596 263 959 476 0.000693 6
643 205 1185 392 0.000693 6
1046 386 1279 508 0.000681 6
457 168 583 219 0.000671 6
699 132 957 240 0.000664 6
437 344 956 475 0.000645 6
826 134 941 158 0.000636 6
444 173 542 219 0.000626 6
445 170 603 221 0.000619 6
657 185 1203 462 0.000619 6
1080 144 1280 270 0.000614 6
800 388 1036 479 0.000587 6
431 214 959 473 0.000576 6
826 134 941 161 0.000573 6
445 379 705 458 0.000566 6
467 419 591 459 0.000539 6
727 338 1020 442 0.000523 6
765 342 1065 469 0.000521 6
1122 341 1279 477 0.000517 6
1152 338 1277 417 0.000515 6
749 339 1043 465 0.000512 6
1 66 393 394 0.000507 6
455 376 711 464 0.000497 6
739 339 952 476 0.000494 6
422 357 950 473 0.000491 6
640 356 1070 504 0.000489 6
0 65 447 392 0.000489 6
1101 360 1279 509 0.000488 6
1 65 339 395 0.000485 6
334 449 410 471 0.000452 6
756 405 946 476 0.000443 6
536 251 960 474 0.000431 6
720 338 1012 388 0.000410 6
1134 343 1279 452 0.000409 6
1215 161 1279 232 0.000404 6
752 337 1038 395 0.000400 6
451 373 705 460 0.000399 6
645 218 1155 376 0.000387 6
761 339 1011 469 0.000383 6
1118 353 1279 480 0.000369 6
1038 361 1278 509 0.000368 6
1119 64 1280 273 0.000367 6
740 339 934 461 0.000361 6
335 448 414 471 0.000352 6
451 363 877 462 0.000351 6
1004 355 1279 508 0.000347 6
399 197 951 474 0.000345 6
825 135 939 169 0.000343 6
1160 342 1278 416 0.000331 6
742 394 961 477 0.000322 6
912 278 1104 383 0.000310 6
742 407 923 476 0.000300 6
1082 481 1279 702 0.000293 6
904 280 1102 394 0.000286 6
1117 361 1275 470 0.000281 6
1178 64 1280 272 0.000278 6
1145 342 1278 420 0.000274 6
750 348 941 476 0.000273 6
745 338 981 430 0.000270 6
33 441 323 509 0.000267 6
735 341 914 475 0.000265 6
821 402 1060 478 0.000263 6
1073 65 1280 277 0.000256 6
1058 400 1262 478 0.000249 6
1117 404 1267 472 0.000249 6
381 398 708 480 0.000249 6
634 432 703 464 0.000244 6
640 146 1135 419 0.000230 6
640 139 1086 423 0.000227 6
822 341 1012 475 0.000227 6
1053 351 1268 478 0.000224 6
4 186 435 380 0.000223 6
727 339 1031 416 0.000222 6
724 433 1274 516 0.000220 6
740 339 931 400 0.000217 6
0 145 331 396 0.000211 6
1107 423 1267 481 0.000207 6
838 280 1010 347 0.000207 6
822 281 1008 349 0.000204 6
154 167 280 237 0.000203 6
1072 343 1262 470 0.000199 6
453 160 705 217 0.000197 6
690 405 1270 528 0.000194 6
742 337 1000 396 0.000191 6
707 183 1199 354 0.000189 6
640 166 971 384 0.000183 6
856 410 1042 477 0.000183 6
890 342 1001 459 0.000181 6
820 134 942 159 0.000181 6
738 280 1011 395 0.000181 6
4 79 473 375 0.000178 6
630 383 703 465 0.000175 6
719 419 1265 529 0.000173 6
747 277 914 346 0.000173 6
731 340 901 459 0.000167 6
822 348 970 477 0.000165 6
619 383 703 465 0.000159 6
881 369 1066 473 0.000154 6
804 356 942 474 0.000151 6
1061 338 1259 475 0.000149 6
157 171 269 227 0.000146 6
748 282 1007 391 0.000145 6
1117 381 1270 468 0.000142 6
1046 64 1279 282 0.000142 6
893 384 1091 470 0.000142 6
601 406 702 465 0.000142 6
597 381 702 465 0.000134 6
887 411 1054 472 0.000133 6
851 282 1009 350 0.000132 6
463 415 703 465 0.000130 6
644 418 1067 704 0.000128 6
640 344 1036 547 0.000127 6
734 340 902 392 0.000127 6
448 416 704 463 0.000121 6
1097 411 1203 474 0.000119 6
640 228 1081 670 0.000117 6
1093 395 1262 471 0.000116 6
640 140 1039 390 0.000113 6
1108 338 1280 507 0.000111 6
153 168 263 235 0.000109 6
347 149 528 207 0.000107 6
712 298 899 390 0.000107 6
884 311 1090 403 0.000107 6
474 376 704 463 0.000106 6
1099 155 1225 237 0.000104 6
641 354 1068 704 0.000104 6
1059 430 1210 485 0.000102 6
346 156 468 208 0.000100 6
1073 337 1255 460 0.000100 6
865 176 955 236 0.109380 7
864 177 954 231 0.082367 7
700 153 955 238 0.064138 7
588 183 621 214 0.052905 7
699 166 954 240 0.050716 7
811 175 955 237 0.038440 7
803 175 955 231 0.028468 7
802 171 953 233 0.023545 7
1203 167 1279 269 0.021852 7
863 176 985 250 0.021579 7
588 184 652 216 0.018930 7
822 176 964 243 0.018244 7
802 171 947 236 0.018184 7
865 176 961 247 0.017715 7
587 183 621 211 0.015486 7
874 176 956 239 0.013445 7
721 153 859 238 0.010555 7
587 182 646 215 0.010365 7
1185 165 1279 269 0.010116 7
1210 166 1279 269 0.009683 7
803 156 947 238 0.009641 7
854 176 950 235 0.008937 7
861 176 947 203 0.008411 7
802 165 859 239 0.006300 7
868 176 953 239 0.006195 7
785 166 956 238 0.005978 7
803 155 858 238 0.005597 7
1193 173 1279 268 0.005509 7
717 153 809 236 0.004722 7
698 184 730 235 0.004655 7
589 180 657 216 0.004024 7
802 175 859 240 0.003889 7
588 185 656 217 0.003707 7
505 172 581 205 0.003642 7
500 171 580 203 0.003624 7
1258 177 1279 269 0.003430 7
803 162 858 230 0.003380 7
696 190 731 234 0.003170 7
863 177 988 244 0.003165 7
1192 181 1279 269 0.003091 7
865 176 943 208 0.002847 7
802 182 855 242 0.002843 7
690 153 960 255 0.002632 7
497 170 580 208 0.002564 7
802 165 857 232 0.002440 7
704 153 808 236 0.002433 7
588 184 660 218 0.002301 7
997 194 1049 227 0.001963 7
588 178 622 214 0.001930 7
489 170 579 210 0.001921 7
873 176 987 253 0.001854 7
987 194 1053 234 0.001847 7
863 176 942 202 0.001473 7
986 194 1049 228 0.001472 7
811 163 967 244 0.001471 7
825 174 965 270 0.001455 7
719 154 821 236 0.001260 7
577 184 622 214 0.001193 7
864 176 940 236 0.001091 7
1107 282 1279 422 0.001014 7
1262 198 1279 271 0.001010 7
582 184 621 214 0.001008 7
981 190 1049 228 0.000948 7
810 172 971 276 0.000887 7
299 199 389 295 0.000820 7
1151 284 1279 420 0.000818 7
1263 168 1279 247 0.000794 7
803 159 858 221 0.000788 7
1220 179 1279 226 0.000726 7
1196 176 1279 288 0.000647 7
818 173 990 275 0.000611 7
692 154 808 235 0.000599 7
864 167 994 236 0.000584 7
815 131 955 240 0.000540 7
672 152 968 272 0.000525 7
859 137 953 226 0.000518 7
1222 168 1280 218 0.000477 7
961 171 1054 247 0.000457 7
530 176 625 213 0.000451 7
1261 168 1279 237 0.000439 7
321 198 388 297 0.000432 7
699 184 729 219 0.000427 7
1261 171 1279 242 0.000417 7
1141 278 1279 420 0.000411 7
1234 283 1279 420 0.000402 7
735 152 805 215 0.000401 7
520 171 632 210 0.000363 7
724 152 805 202 0.000357 7
967 154 1056 236 0.000354 7
706 132 955 237 0.000328 7
1262 169 1279 242 0.000325 7
962 163 1050 234 0.000313 7
1219 178 1278 235 0.000310 7
1170 286 1279 427 0.000308 7
489 149 945 252 0.000307 7
854 137 953 220 0.000298 7
971 166 1060 232 0.000297 7
584 180 623 210 0.000295 7
1088 178 1214 255 0.000292 7
694 184 732 227 0.000289 7
1262 168 1279 223 0.000286 7
729 155 801 205 0.000284 7
971 161 1058 234 0.000283 7
915 277 1101 382 0.000266 7
730 152 807 203 0.000261 7
1103 181 1213 244 0.000257 7
848 172 1059 270 0.000254 7
1170 194 1279 290 0.000252 7
716 301 768 341 0.000239 7
426 175 675 225 0.000225 7
1239 299 1279 372 0.000215 7
698 183 737 228 0.000213 7
726 158 802 210 0.000210 7
1243 179 1279 231 0.000206 7
1105 275 1280 354 0.000205 7
653 152 963 296 0.000201 7
864 173 930 205 0.000185 7
730 165 792 217 0.000160 7
725 195 1149 325 0.000160 7
720 152 806 208 0.000160 7
714 274 872 384 0.000156 7
640 146 1024 391 0.000153 7
726 164 790 221 0.000149 7
295 199 332 233 0.000148 7
640 153 965 381 0.000141 7
587 162 662 217 0.000141 7
774 174 1160 310 0.000134 7
154 174 278 256 0.000123 7
689 174 734 233 0.000123 7
739 152 808 219 0.000119 7
1145 319 1269 423 0.000116 7
1101 159 1219 221 0.000112 7
633 154 956 287 0.000110 7
589 161 659 215 0.000109 7
914 287 1031 393 0.000109 7
986 162 1061 243 0.000108 7
1189 298 1280 367 0.000108 7
807 115 1000 257 0.000106 7
704 301 764 375 0.000105 7
1093 132 1280 478 0.000102 7
652 169 927 254 0.000101 7
1088 150 1103 178 0.439049 9
513 152 523 178 0.403679 9
514 151 524 178 0.102228 9
513 151 524 177 0.092085 9
366 167 374 185 0.078425 9
448 157 490 170 0.077784 9
1207 171 1215 187 0.075977 9
372 167 382 184 0.073127 9
1197 383 1207 416 0.070081 9
513 152 523 184 0.060443 9
866 152 880 169 0.048857 9
965 372 979 390 0.041058 9
1207 168 1216 191 0.040288 9
1088 150 1103 183 0.033157 9
864 151 880 168 0.027577 9
553 173 569 199 0.024932 9
313 151 341 186 0.023223 9
1154 160 1167 184 0.022864 9
371 167 381 186 0.022502 9
558 184 567 194 0.021064 9
965 372 979 389 0.020776 9
629 181 635 192 0.020044 9
363 167 368 187 0.019649 9
895 155 905 175 0.019601 9
965 372 979 391 0.019496 9
239 179 247 191 0.019063 9
1087 151 1110 179 0.018271 9
1215 167 1223 188 0.018252 9
1013 136 1025 168 0.016066 9
965 370 981 392 0.015480 9
895 155 906 177 0.015472 9
629 181 637 192 0.014679 9
239 177 247 190 0.014583 9
1207 169 1215 200 0.014073 9
517 192 523 206 0.013617 9
1088 149 1105 183 0.013382 9
1191 386 1202 401 0.013360 9
1191 382 1207 416 0.013340 9
848 181 858 200 0.012875 9
844 151 859 166 0.012711 9
1214 167 1224 200 0.012689 9
225 183 231 195 0.012666 9
449 157 490 181 0.012663 9
665 180 671 196 0.012412 9
1191 384 1205 401 0.012367 9
553 173 570 200 0.012186 9
1089 151 1107 178 0.011856 9
361 167 368 188 0.011584 9
1014 135 1026 169 0.011455 9
551 174 581 204 0.011333 9
1196 383 1215 416 0.011157 9
448 157 490 178 0.011081 9
1194 383 1216 416 0.010881 9
680 167 686 183 0.010430 9
1102 154 1110 177 0.010222 9
111 151 128 164 0.009953 9
449 158 469 171 0.009855 9
951 348 959 363 0.009829 9
523 183 536 196 0.009405 9
1199 386 1215 416 0.008696 9
693 176 700 191 0.008672 9
990 680 1006 703 0.008528 9
517 191 527 202 0.008457 9
1198 383 1212 416 0.008382 9
868 154 880 177 0.008360 9
680 167 687 189 0.008211 9
1206 169 1216 203 0.008034 9
1047 157 1056 172 0.007810 9
612 156 624 169 0.007669 9
864 166 869 183 0.007413 9
1196 383 1211 416 0.007255 9
95 152 105 176 0.007253 9
965 370 979 389 0.007131 9
863 165 870 182 0.007096 9
464 170 471 184 0.007083 9
879 154 890 169 0.007004 9
564 180 580 202 0.006993 9
1167 378 1182 422 0.006901 9
842 151 859 166 0.006868 9
1167 386 1184 422 0.006818 9
94 152 104 176 0.006726 9
1013 136 1025 169 0.006688 9
513 152 526 186 0.006647 9
1197 383 1216 415 0.006630 9
1167 387 1181 422 0.006358 9
1189 384 1207 411 0.006242 9
509 160 539 191 0.006191 9
111 151 128 165 0.006091 9
977 367 985 390 0.005969 9
810 160 857 180 0.005883 9
895 152 907 176 0.005869 9
617 178 625 193 0.005832 9
1231 167 1247 181 0.005818 9
312 149 349 186 0.005725 9
313 149 342 189 0.005725 9
848 181 857 206 0.005606 9
638 160 644 168 0.005501 9
569 179 581 202 0.005437 9
959 372 980 407 0.005376 9
800 139 811 156 0.005349 9
257 144 267 160 0.005316 9
694 177 702 186 0.005175 9
951 345 960 389 0.005157 9
681 170 688 195 0.005117 9
665 183 671 199 0.005108 9
990 680 1009 703 0.005090 9
981 373 990 392 0.005003 9
927 151 937 168 0.004933 9
830 135 860 167 0.004904 9
878 152 889 169 0.004849 9
258 143 268 160 0.004840 9
665 171 672 194 0.004811 9
257 142 268 160 0.004755 9
519 178 547 200 0.004559 9
628 173 637 192 0.004553 9
448 154 490 171 0.004526 9
961 372 979 392 0.004416 9
612 155 625 170 0.004410 9
1193 164 1202 186 0.004374 9
693 177 703 199 0.004359 9
612 152 625 169 0.004323 9
839 151 858 166 0.004289 9
827 135 861 166 0.004286 9
257 179 262 191 0.004085 9
895 153 909 176 0.004084 9
927 149 938 168 0.004073 9
1042 156 1057 175 0.004010 9
979 368 986 391 0.003995 9
964 371 979 405 0.003936 9
1127 165 1146 185 0.003926 9
810 161 855 179 0.003919 9
1040 156 1056 173 0.003899 9
979 369 990 392 0.003888 9
810 160 857 189 0.003864 9
820 153 858 180 0.003855 9
512 191 523 203 0.003847 9
1006 135 1026 170 0.003832 9
1207 167 1224 208 0.003802 9
837 151 858 169 0.003794 9
259 142 268 160 0.003777 9
809 167 816 179 0.003764 9
446 156 490 180 0.003733 9
364 167 374 189 0.003714 9
544 169 553 199 0.003659 9
545 168 552 191 0.003642 9
881 155 895 170 0.003637 9
358 168 368 189 0.003563 9
950 346 961 391 0.003560 9
555 175 576 200 0.003483 9
865 152 880 170 0.003467 9
522 183 538 199 0.003455 9
1178 381 1183 391 0.003289 9
1088 190 1095 202 0.003155 9
313 154 341 189 0.003146 9
1125 165 1146 185 0.003056 9
542 170 568 201 0.003047 9
68 168 80 177 0.003036 9
1007 135 1025 170 0.003030 9
215 183 224 197 0.002987 9
625 177 637 193 0.002899 9
313 156 344 187 0.002899 9
520 173 547 189 0.002894 9
1184 383 1207 417 0.002830 9
1114 163 1146 185 0.002774 9
1180 163 1204 217 0.002773 9
1193 166 1201 186 0.002747 9
1181 163 1205 221 0.002724 9
767 103 784 136 0.002723 9
615 177 624 189 0.002718 9
1088 149 1104 191 0.002595 9
509 171 549 197 0.002588 9
948 348 961 392 0.002456 9
880 152 896 172 0.002454 9
810 162 857 188 0.002392 9
1229 167 1247 181 0.002387 9
690 168 697 181 0.002349 9
1167 375 1185 423 0.002327 9
1120 365 1136 389 0.002250 9
1042 156 1056 172 0.002222 9
174 64 201 90 0.002197 9
1008 136 1024 170 0.002149 9
846 166 858 186 0.002148 9
550 169 574 202 0.002140 9
520 183 536 200 0.002136 9
339 164 352 185 0.002122 9
480 178 494 195 0.002119 9
545 169 571 201 0.002106 9
704 166 712 179 0.002083 9
1120 363 1136 389 0.002074 9
606 167 618 183 0.002054 9
814 144 823 153 0.002051 9
1014 337 1023 345 0.002048 9
587 166 603 184 0.002019 9
1042 152 1056 173 0.002006 9
1115 162 1129 184 0.002005 9
1040 154 1057 177 0.001998 9
961 369 981 394 0.001974 9
800 135 813 155 0.001953 9
561 178 581 202 0.001947 9
1191 162 1202 187 0.001936 9
703 152 712 178 0.001913 9
512 167 549 187 0.001911 9
111 150 128 164 0.001906 9
482 174 496 191 0.001898 9
167 64 176 76 0.001889 9
638 161 649 181 0.001887 9
156 64 202 90 0.001873 9
800 135 820 158 0.001843 9
543 190 550 202 0.001837 9
447 155 491 191 0.001821 9
259 143 268 159 0.001804 9
624 176 636 193 0.001795 9
611 154 625 183 0.001795 9
95 183 103 203 0.001786 9
587 170 603 185 0.001760 9
1119 362 1136 389 0.001732 9
843 150 861 167 0.001718 9
991 360 1003 384 0.001709 9
698 124 705 152 0.001694 9
801 138 812 159 0.001685 9
638 166 650 184 0.001669 9
520 168 548 183 0.001657 9
480 174 496 193 0.001651 9
693 120 706 153 0.001645 9
246 177 258 193 0.001638 9
554 179 580 202 0.001638 9
1201 166 1217 215 0.001635 9
826 135 861 160 0.001623 9
447 157 491 199 0.001622 9
951 344 960 361 0.001607 9
664 153 671 173 0.001585 9
690 170 697 185 0.001555 9
606 168 614 183 0.001538 9
841 150 863 169 0.001514 9
1012 134 1026 169 0.001495 9
570 137 581 162 0.001493 9
119 64 159 76 0.001490 9
1181 381 1192 391 0.001477 9
991 359 1008 390 0.001476 9
673 317 680 327 0.001470 9
119 64 128 72 0.001470 9
832 417 849 450 0.001441 9
975 143 989 153 0.001440 9
111 138 128 164 0.001433 9
339 165 352 188 0.001426 9
490 156 581 206 0.001424 9
95 183 102 203 0.001391 9
596 64 625 92 0.001384 9
1013 133 1039 169 0.001365 9
119 64 201 86 0.001364 9
799 134 819 157 0.001360 9
1110 161 1148 185 0.001359 9
628 169 637 189 0.001359 9
503 313 513 335 0.001358 9
838 437 848 449 0.001357 9
847 118 867 136 0.001348 9
162 64 177 80 0.001346 9
547 172 577 202 0.001344 9
448 158 481 177 0.001343 9
1088 148 1115 180 0.001339 9
512 145 525 176 0.001329 9
664 167 671 174 0.001323 9
1103 168 1123 202 0.001311 9
566 140 581 161 0.001311 9
309 183 339 198 0.001302 9
990 347 1008 391 0.001294 9
1107 162 1149 186 0.001291 9
1224 165 1233 181 0.001284 9
970 176 976 186 0.001283 9
697 121 706 152 0.001282 9
583 64 625 93 0.001274 9
880 154 897 177 0.001269 9
1167 386 1182 423 0.001266 9
587 167 599 184 0.001264 9
564 179 581 202 0.001254 9
245 176 259 192 0.001254 9
352 165 360 184 0.001245 9
976 366 992 392 0.001240 9
481 177 495 194 0.001233 9
842 118 867 136 0.001230 9
589 64 625 93 0.001219 9
609 152 625 169 0.001207 9
587 168 602 185 0.001207 9
1080 151 1103 185 0.001201 9
512 182 523 199 0.001181 9
223 179 234 195 0.001179 9
477 149 529 176 0.001175 9
371 158 381 185 0.001173 9
652 152 671 175 0.001164 9
990 359 1024 400 0.001162 9
827 135 861 152 0.001158 9
1024 151 1040 159 0.001158 9
608 155 625 179 0.001149 9
1088 153 1120 202 0.001128 9
829 172 848 191 0.001122 9
386 198 397 206 0.001118 9
1167 381 1179 391 0.001106 9
580 64 596 91 0.001104 9
240 166 247 182 0.001099 9
832 415 849 452 0.001087 9
695 182 703 200 0.001083 9
1015 148 1038 168 0.001081 9
975 141 992 161 0.001080 9
1181 384 1199 413 0.001079 9
222 176 247 192 0.001079 9
690 118 703 152 0.001064 9
1115 163 1148 184 0.001053 9
1022 151 1040 165 0.001051 9
1182 383 1197 409 0.001048 9
873 154 895 177 0.001047 9
974 168 991 188 0.001045 9
1114 162 1130 182 0.001040 9
989 359 1009 399 0.001036 9
119 64 199 84 0.001035 9
964 359 978 384 0.001033 9
831 416 846 451 0.001021 9
1081 173 1089 184 0.001013 9
698 151 713 180 0.001010 9
1119 164 1154 185 0.001003 9
663 294 681 349 0.000994 9
1123 164 1154 185 0.000985 9
1088 145 1104 178 0.000983 9
388 198 396 205 0.000975 9
1187 165 1216 218 0.000973 9
566 144 580 162 0.000967 9
840 119 855 135 0.000966 9
1002 359 1024 393 0.000962 9
814 148 823 160 0.000962 9
975 143 993 154 0.000957 9
927 147 944 168 0.000955 9
653 157 663 174 0.000952 9
690 118 705 152 0.000949 9
569 166 579 178 0.000934 9
975 167 991 187 0.000932 9
159 64 194 90 0.000923 9
840 119 865 135 0.000920 9
693 167 706 182 0.000917 9
1119 319 1136 392 0.000916 9
1101 138 1110 159 0.000914 9
119 64 160 78 0.000912 9
118 64 186 80 0.000906 9
1183 163 1203 206 0.000902 9
415 176 421 203 0.000899 9
513 151 543 187 0.000896 9
1109 157 1118 168 0.000891 9
119 64 171 78 0.000891 9
129 64 180 83 0.000885 9
1097 130 1106 168 0.000882 9
527 182 548 204 0.000880 9
574 135 581 159 0.000875 9
690 118 702 151 0.000864 9
801 137 821 159 0.000860 9
119 64 201 90 0.000857 9
1190 164 1215 207 0.000851 9
46 318 56 343 0.000848 9
935 345 999 396 0.000846 9
223 177 243 195 0.000845 9
989 358 1024 393 0.000842 9
825 135 845 152 0.000836 9
1103 175 1122 202 0.000836 9
364 166 386 198 0.000826 9
415 175 421 202 0.000824 9
1038 151 1057 175 0.000823 9
1101 134 1110 156 0.000813 9
112 201 121 220 0.000801 9
663 292 682 349 0.000800 9
256 144 268 173 0.000793 9
1105 162 1147 185 0.000789 9
1023 153 1040 168 0.000779 9
697 152 710 178 0.000772 9
513 145 525 179 0.000769 9
126 64 200 90 0.000763 9
253 177 262 192 0.000760 9
665 169 677 195 0.000758 9
664 317 678 349 0.000758 9
809 155 855 181 0.000756 9
119 64 191 82 0.000751 9
1119 335 1136 391 0.000743 9
1013 133 1034 168 0.000740 9
895 150 910 177 0.000737 9
209 167 218 176 0.000735 9
1151 345 1166 360 0.000735 9
119 64 164 77 0.000731 9
0 144 7 202 0.000727 9
159 64 170 72 0.000711 9
700 122 714 153 0.000706 9
67 168 81 178 0.000705 9
312 102 367 195 0.000704 9
159 64 182 90 0.000696 9
580 64 598 93 0.000692 9
825 135 921 170 0.000692 9
1087 151 1103 203 0.000681 9
1167 378 1185 421 0.000679 9
1225 161 1248 181 0.000667 9
1103 161 1129 188 0.000664 9
677 166 688 195 0.000659 9
45 315 56 344 0.000659 9
1225 162 1251 181 0.000659 9
684 167 702 200 0.000642 9
1042 155 1057 184 0.000639 9
445 145 525 174 0.000631 9
989 343 1008 391 0.000631 9
662 150 671 174 0.000628 9
800 134 826 158 0.000626 9
312 150 342 203 0.000625 9
979 320 992 343 0.000615 9
650 158 656 175 0.000615 9
807 160 858 194 0.000612 9
447 153 520 171 0.000611 9
1160 376 1166 383 0.000609 9
1214 165 1231 192 0.000607 9
1121 366 1136 391 0.000606 9
1218 405 1232 423 0.000599 9
1112 158 1170 186 0.000596 9
1183 159 1203 192 0.000593 9
650 161 656 178 0.000588 9
162 64 185 76 0.000587 9
1213 371 1223 385 0.000586 9
664 311 681 349 0.000584 9
1078 143 1103 184 0.000583 9
1097 166 1122 202 0.000580 9
664 316 680 349 0.000575 9
802 440 816 455 0.000574 9
703 173 711 184 0.000573 9
311 120 386 196 0.000566 9
992 145 1000 164 0.000565 9
751 94 784 141 0.000560 9
699 119 715 154 0.000559 9
848 178 865 212 0.000552 9
67 169 80 183 0.000551 9
119 64 178 78 0.000551 9
639 164 656 185 0.000547 9
850 155 865 185 0.000545 9
664 169 683 201 0.000545 9
940 346 962 393 0.000545 9
1086 147 1121 179 0.000545 9
911 344 1005 396 0.000543 9
1112 152 1119 164 0.000541 9
935 543 944 567 0.000540 9
601 166 622 184 0.000539 9
613 160 639 195 0.000538 9
95 152 106 176 0.000535 9
312 92 367 192 0.000528 9
652 150 671 174 0.000523 9
491 153 524 187 0.000523 9
978 313 992 342 0.000520 9
592 64 625 92 0.000518 9
829 138 859 166 0.000508 9
656 154 671 174 0.000504 9
992 360 1015 399 0.000504 9
483 148 524 176 0.000502 9
95 200 105 209 0.000501 9
960 136 974 158 0.000496 9
611 153 629 170 0.000495 9
208 181 216 199 0.000493 9
1225 163 1271 181 0.000491 9
479 335 498 355 0.000488 9
223 177 245 194 0.000488 9
549 140 580 160 0.000488 9
847 164 868 209 0.000485 9
808 169 816 188 0.000483 9
942 363 960 393 0.000481 9
486 150 524 177 0.000479 9
927 148 944 169 0.000479 9
832 421 843 450 0.000477 9
1199 136 1205 180 0.000477 9
594 64 631 106 0.000475 9
996 315 1008 342 0.000471 9
1106 360 1120 389 0.000471 9
432 171 446 196 0.000468 9
825 135 852 153 0.000468 9
571 165 581 178 0.000465 9
612 151 629 169 0.000465 9
1007 358 1024 389 0.000465 9
1199 137 1205 171 0.000465 9
973 168 991 202 0.000460 9
696 150 713 180 0.000459 9
856 136 940 168 0.000458 9
751 95 784 152 0.000452 9
377 162 408 184 0.000451 9
406 179 418 204 0.000449 9
998 134 1008 176 0.000448 9
447 147 514 171 0.000448 9
352 165 363 189 0.000447 9
999 134 1009 185 0.000443 9
351 158 363 188 0.000442 9
1140 369 1152 406 0.000442 9
1205 166 1230 217 0.000442 9
256 85 262 98 0.000441 9
68 170 80 200 0.000441 9
1002 135 1020 177 0.000441 9
1089 153 1108 202 0.000439 9
912 169 921 179 0.000438 9
863 136 921 170 0.000437 9
851 114 869 136 0.000436 9
416 171 439 203 0.000434 9
996 131 1008 172 0.000433 9
968 291 1008 344 0.000432 9
994 136 1002 165 0.000431 9
903 536 912 547 0.000431 9
938 340 985 407 0.000430 9
990 346 1005 375 0.000427 9
829 283 848 312 0.000426 9
1087 186 1104 203 0.000425 9
933 375 944 391 0.000425 9
960 135 976 160 0.000422 9
911 522 927 528 0.000422 9
1097 128 1104 146 0.000419 9
260 178 272 198 0.000411 9
559 505 568 527 0.000408 9
861 112 869 118 0.000407 9
689 118 706 162 0.000404 9
701 118 715 128 0.000403 9
663 295 672 312 0.000402 9
1119 363 1136 410 0.000401 9
432 170 446 201 0.000400 9
449 147 525 172 0.000399 9
974 136 993 157 0.000394 9
1106 362 1120 391 0.000392 9
789 137 799 153 0.000390 9
1018 133 1040 161 0.000387 9
95 152 110 177 0.000383 9
449 146 526 171 0.000378 9
967 287 1008 344 0.000375 9
550 134 581 162 0.000372 9
761 98 784 137 0.000371 9
638 148 647 166 0.000368 9
363 159 382 187 0.000367 9
1056 153 1065 171 0.000366 9
32 527 48 567 0.000364 9
567 159 580 178 0.000357 9
1056 151 1064 162 0.000355 9
992 287 1008 343 0.000354 9
960 135 988 162 0.000352 9
959 162 992 187 0.000352 9
853 136 940 155 0.000350 9
496 171 516 206 0.000349 9
833 372 847 391 0.000348 9
1151 341 1167 402 0.000347 9
905 127 912 136 0.000342 9
587 165 625 190 0.000341 9
70 179 79 199 0.000340 9
314 108 367 194 0.000340 9
311 133 360 199 0.000336 9
713 132 720 152 0.000335 9
799 85 808 100 0.000331 9
1193 148 1207 198 0.000331 9
817 360 832 377 0.000329 9
1205 158 1221 201 0.000328 9
1000 170 1008 187 0.000327 9
416 174 425 204 0.000324 9
257 143 270 174 0.000323 9
95 151 129 178 0.000323 9
259 174 272 198 0.000319 9
761 102 785 153 0.000319 9
596 149 609 163 0.000319 9
1151 342 1168 361 0.000316 9
996 133 1009 172 0.000315 9
313 130 364 194 0.000314 9
463 151 520 171 0.000313 9
992 134 1005 176 0.000310 9
652 172 661 198 0.000308 9
1024 126 1040 161 0.000307 9
1153 156 1198 186 0.000306 9
546 139 579 159 0.000304 9
1171 149 1185 163 0.000304 9
1073 354 1120 392 0.000303 9
1042 340 1056 361 0.000303 9
997 134 1008 174 0.000302 9
838 119 863 136 0.000300 9
1010 135 1026 176 0.000299 9
990 358 1024 404 0.000297 9
976 326 992 344 0.000297 9
850 116 869 136 0.000295 9
735 345 753 376 0.000295 9
856 136 939 153 0.000294 9
372 163 409 185 0.000293 9
376 173 419 203 0.000292 9
928 357 938 369 0.000291 9
816 360 832 395 0.000291 9
1100 129 1137 167 0.000290 9
110 128 128 165 0.000289 9
665 167 682 193 0.000289 9
121 64 184 91 0.000289 9
974 187 982 201 0.000287 9
405 182 418 205 0.000286 9
863 136 940 171 0.000285 9
223 169 231 177 0.000283 9
592 64 641 107 0.000281 9
679 156 689 184 0.000279 9
1081 134 1138 191 0.000279 9
1180 165 1229 217 0.000278 9
1151 389 1170 418 0.000275 9
1045 343 1056 363 0.000272 9
913 341 1001 395 0.000272 9
734 344 753 376 0.000271 9
1101 362 1116 390 0.000270 9
248 167 257 175 0.000269 9
732 120 754 156 0.000268 9
1077 357 1120 390 0.000265 9
972 296 1008 344 0.000259 9
590 160 604 182 0.000259 9
1039 167 1053 185 0.000257 9
1148 156 1202 213 0.000255 9
212 165 224 179 0.000255 9
753 120 766 152 0.000254 9
368 164 398 185 0.000252 9
935 344 962 393 0.000252 9
914 169 928 180 0.000252 9
627 164 658 204 0.000249 9
1152 151 1170 185 0.000248 9
903 536 912 552 0.000248 9
349 148 376 188 0.000247 9
432 169 447 194 0.000246 9
232 130 241 146 0.000246 9
445 157 489 216 0.000245 9
738 360 752 375 0.000245 9
588 64 628 104 0.000244 9
1154 153 1196 185 0.000244 9
1151 342 1233 421 0.000244 9
676 165 689 192 0.000242 9
638 139 657 164 0.000242 9
886 342 1041 401 0.000241 9
1105 163 1149 214 0.000240 9
999 330 1008 343 0.000239 9
575 64 590 95 0.000239 9
544 140 581 161 0.000239 9
374 161 411 186 0.000239 9
172 64 245 91 0.000238 9
482 148 525 170 0.000237 9
652 174 667 199 0.000235 9
1103 163 1137 207 0.000234 9
550 622 560 660 0.000234 9
209 175 246 199 0.000234 9
172 64 259 90 0.000233 9
310 149 386 196 0.000233 9
585 119 598 154 0.000229 9
596 134 605 144 0.000228 9
1109 361 1118 373 0.000227 9
601 151 649 199 0.000227 9
945 344 969 369 0.000226 9
375 157 409 184 0.000226 9
880 407 888 424 0.000225 9
1039 150 1064 184 0.000225 9
1119 302 1169 404 0.000225 9
813 150 847 163 0.000222 9
373 161 436 201 0.000219 9
1231 95 1256 162 0.000219 9
259 166 271 179 0.000218 9
729 119 754 155 0.000218 9
754 95 784 137 0.000217 9
753 127 766 152 0.000216 9
959 135 975 159 0.000216 9
384 149 394 161 0.000215 9
761 102 788 153 0.000215 9
735 358 746 376 0.000213 9
315 88 334 157 0.000212 9
1044 124 1107 190 0.000211 9
574 64 594 92 0.000211 9
432 170 447 198 0.000211 9
247 279 256 295 0.000210 9
959 160 992 186 0.000209 9
1086 157 1126 206 0.000209 9
447 155 526 204 0.000208 9
444 179 487 217 0.000208 9
959 161 989 185 0.000208 9
973 135 994 160 0.000207 9
702 153 717 181 0.000206 9
587 127 598 153 0.000206 9
1151 340 1168 405 0.000206 9
478 144 524 173 0.000206 9
815 115 827 128 0.000205 9
1113 163 1155 219 0.000205 9
256 129 268 161 0.000203 9
447 146 495 171 0.000203 9
1072 145 1101 187 0.000203 9
640 145 658 171 0.000202 9
482 139 578 206 0.000202 9
959 343 968 353 0.000201 9
111 134 128 165 0.000200 9
432 172 446 201 0.000200 9
600 344 609 361 0.000199 9
878 343 888 364 0.000196 9
905 136 938 157 0.000196 9
595 142 609 160 0.000196 9
95 173 106 205 0.000195 9
701 117 719 128 0.000194 9
357 149 372 173 0.000194 9
594 150 625 184 0.000194 9
816 361 832 398 0.000193 9
1152 152 1167 184 0.000193 9
638 64 665 81 0.000193 9
904 353 1024 416 0.000192 9
567 141 581 179 0.000191 9
622 158 645 170 0.000191 9
642 169 659 200 0.000190 9
1072 148 1101 199 0.000189 9
991 133 1021 171 0.000189 9
502 311 512 337 0.000188 9
1023 359 1056 386 0.000186 9
415 166 438 203 0.000185 9
444 157 500 221 0.000183 9
574 124 581 151 0.000182 9
624 64 638 72 0.000181 9
1059 118 1135 181 0.000181 9
309 66 367 194 0.000180 9
1051 137 1105 189 0.000179 9
1119 308 1146 389 0.000178 9
1190 148 1205 188 0.000178 9
0 141 8 192 0.000178 9
102 151 128 169 0.000177 9
824 545 832 583 0.000177 9
585 122 599 160 0.000177 9
944 168 960 183 0.000176 9
718 159 728 180 0.000176 9
399 184 408 204 0.000176 9
39 317 56 344 0.000176 9
990 131 1009 214 0.000174 9
1205 118 1232 170 0.000174 9
973 138 993 161 0.000174 9
993 134 1005 167 0.000173 9
1079 355 1120 391 0.000172 9
1118 354 1154 410 0.000170 9
1193 384 1233 422 0.000170 9
1193 109 1233 198 0.000170 9
1151 336 1166 405 0.000170 9
1156 342 1236 419 0.000170 9
704 151 720 182 0.000168 9
1101 133 1136 164 0.000167 9
448 177 486 209 0.000167 9
550 620 560 652 0.000167 9
1081 125 1106 179 0.000166 9
681 326 689 348 0.000166 9
926 136 945 168 0.000166 9
1098 115 1137 168 0.000165 9
1163 150 1200 184 0.000165 9
66 168 80 187 0.000165 9
744 151 752 157 0.000164 9
244 130 255 144 0.000162 9
863 407 881 422 0.000161 9
719 157 727 169 0.000160 9
1118 345 1166 407 0.000160 9
1037 112 1134 195 0.000160 9
1151 384 1170 414 0.000160 9
978 691 992 703 0.000159 9
404 161 436 203 0.000159 9
256 166 269 180 0.000159 9
559 504 569 539 0.000159 9
1208 157 1228 195 0.000159 9
607 148 627 174 0.000158 9
902 143 935 182 0.000157 9
23 517 49 568 0.000157 9
735 628 743 651 0.000157 9
1105 137 1136 164 0.000157 9
638 140 657 162 0.000157 9
63 147 79 173 0.000156 9
315 109 370 196 0.000156 9
480 94 487 103 0.000156 9
959 158 993 187 0.000156 9
992 343 1008 361 0.000156 9
544 140 553 159 0.000155 9
38 313 56 345 0.000155 9
445 141 497 173 0.000155 9
860 136 945 152 0.000155 9
894 120 908 137 0.000154 9
938 342 961 388 0.000153 9
226 174 266 198 0.000153 9
1205 161 1252 182 0.000153 9
1138 347 1153 406 0.000153 9
682 325 689 346 0.000153 9
246 279 258 295 0.000152 9
586 127 608 164 0.000152 9
544 148 572 161 0.000152 9
594 147 606 163 0.000152 9
398 183 409 203 0.000151 9
1024 359 1048 378 0.000151 9
1230 98 1262 174 0.000151 9
689 155 699 175 0.000150 9
208 66 224 87 0.000149 9
369 152 410 185 0.000149 9
1156 158 1204 187 0.000149 9
935 670 945 688 0.000148 9
513 149 544 183 0.000148 9
310 64 339 167 0.000148 9
1255 630 1264 641 0.000146 9
49 184 64 206 0.000145 9
888 346 895 365 0.000145 9
1023 119 1041 160 0.000144 9
119 64 204 93 0.000144 9
1006 173 1015 185 0.000144 9
931 390 944 409 0.000144 9
71 150 106 177 0.000144 9
574 64 587 95 0.000143 9
1231 93 1252 162 0.000143 9
929 167 961 205 0.000143 9
602 137 626 171 0.000142 9
969 294 1004 344 0.000142 9
1206 113 1233 174 0.000142 9
459 144 524 171 0.000142 9
638 64 667 81 0.000142 9
1183 592 1192 611 0.000141 9
240 99 248 115 0.000141 9
591 155 666 205 0.000141 9
585 118 598 133 0.000141 9
845 264 865 340 0.000140 9
64 150 80 177 0.000140 9
967 506 976 521 0.000140 9
577 64 597 97 0.000140 9
358 148 374 176 0.000140 9
126 174 132 187 0.000140 9
588 160 629 205 0.000139 9
578 300 593 317 0.000139 9
311 90 335 165 0.000139 9
254 101 267 126 0.000138 9
447 144 522 172 0.000137 9
685 115 717 222 0.000137 9
963 139 995 180 0.000137 9
1077 162 1103 204 0.000136 9
830 117 843 132 0.000136 9
690 117 702 150 0.000135 9
627 64 640 74 0.000134 9
800 87 808 101 0.000134 9
380 148 404 178 0.000133 9
927 289 944 344 0.000133 9
789 136 801 153 0.000132 9
842 135 939 153 0.000132 9
966 170 991 207 0.000131 9
857 162 909 210 0.000131 9
905 135 939 152 0.000130 9
704 126 720 155 0.000130 9
999 126 1007 138 0.000129 9
1088 372 1106 395 0.000129 9
821 360 832 374 0.000129 9
929 343 962 380 0.000128 9
1012 134 1041 167 0.000128 9
928 312 944 345 0.000127 9
66 169 87 177 0.000127 9
1211 149 1224 162 0.000127 9
680 147 689 162 0.000126 9
1025 327 1073 384 0.000125 9
990 171 1000 190 0.000123 9
552 137 580 148 0.000123 9
0 142 25 204 0.000122 9
752 123 764 153 0.000121 9
847 168 927 221 0.000121 9
1205 147 1225 186 0.000120 9
1027 125 1136 237 0.000119 9
701 183 722 204 0.000119 9
913 503 928 527 0.000119 9
254 97 268 126 0.000119 9
1110 365 1119 391 0.000119 9
591 530 606 569 0.000118 9
56 160 63 167 0.000118 9
559 503 568 529 0.000117 9
670 153 677 168 0.000117 9
930 356 947 373 0.000116 9
389 96 551 176 0.000116 9
764 128 786 153 0.000116 9
763 132 789 153 0.000115 9
548 623 560 664 0.000115 9
460 139 580 207 0.000115 9
1073 149 1087 178 0.000114 9
699 117 720 154 0.000114 9
784 136 793 154 0.000114 9
952 518 960 528 0.000114 9
684 152 709 192 0.000113 9
593 137 627 174 0.000112 9
62 149 79 169 0.000112 9
622 100 639 121 0.000111 9
686 118 708 176 0.000111 9
836 135 937 152 0.000111 9
960 164 986 189 0.000111 9
939 113 960 149 0.000111 9
945 119 960 145 0.000111 9
62 149 80 176 0.000111 9
997 178 1008 205 0.000110 9
621 148 642 169 0.000110 9
111 152 128 179 0.000109 9
1098 161 1185 205 0.000108 9
821 79 861 134 0.000108 9
314 64 349 170 0.000108 9
1042 166 1064 192 0.000108 9
1164 148 1190 173 0.000107 9
1169 140 1186 166 0.000107 9
1008 150 1061 188 0.000107 9
988 344 1008 360 0.000106 9
207 64 250 86 0.000106 9
584 156 608 185 0.000105 9
541 159 582 187 0.000105 9
247 161 256 175 0.000105 9
1152 389 1171 423 0.000105 9
1103 161 1207 210 0.000104 9
568 535 575 547 0.000104 9
1028 325 1074 383 0.000104 9
591 529 615 569 0.000103 9
16 157 25 178 0.000103 9
679 136 690 158 0.000103 9
1015 339 1024 350 0.000103 9
256 76 268 98 0.000103 9
1198 125 1206 159 0.000102 9
459 307 514 354 0.000102 9
656 64 668 71 0.000102 9
1072 132 1102 181 0.000102 9
840 254 914 345 0.000102 9
578 64 607 102 0.000102 9
883 123 898 137 0.000101 9
936 118 960 151 0.000101 9
940 118 960 148 0.000101 9
575 275 600 334 0.000101 9
310 107 323 159 0.000101 9
834 372 848 393 0.000101 9
1010 111 1043 167 0.000101 9
218 165 248 183 0.000100 9
1231 94 1268 165 0.000100 9
1236 197 1256 233 0.017651 11
1240 197 1256 233 0.009666 11
1234 197 1256 233 0.009218 11
1181 191 1199 216 0.002298 11
1181 185 1200 216 0.001992 11
1050 111 1083 146 0.001949 11
1229 196 1256 233 0.001457 11
1180 164 1203 218 0.000962 11
1054 115 1074 137 0.000787 11
312 148 342 189 0.000756 11
1051 113 1083 145 0.000746 11
325 111 366 164 0.000143 11
