662 197 703 286 0.825689 0
1164 203 1233 354 0.800831 0
1035 193 1060 255 0.677851 0
0 361 334 703 0.582910 0
1172 179 1202 230 0.343625 0
841 200 875 275 0.272517 0
254 202 267 242 0.234891 0
842 201 875 272 0.229049 0
1173 182 1201 229 0.137469 0
1181 180 1201 227 0.116648 0
840 201 861 272 0.056549 0
254 201 269 242 0.053700 0
841 203 857 262 0.052696 0
254 199 268 242 0.047955 0
841 204 857 241 0.047182 0
1179 183 1201 226 0.046935 0
1174 182 1202 227 0.041742 0
1181 181 1201 213 0.031773 0
829 203 856 276 0.027007 0
858 201 876 273 0.026882 0
841 201 873 251 0.026562 0
1010 204 1024 228 0.025952 0
831 202 877 279 0.022382 0
1015 204 1024 225 0.022115 0
254 197 269 242 0.020015 0
789 330 809 344 0.019151 0
1036 193 1059 249 0.018132 0
148 599 338 703 0.017204 0
843 205 856 237 0.016779 0
842 201 874 240 0.016612 0
911 454 928 485 0.016544 0
840 205 856 250 0.016241 0
1173 193 1185 234 0.015752 0
863 438 880 476 0.015662 0
863 435 881 477 0.014668 0
925 203 945 252 0.014459 0
785 198 794 215 0.014380 0
923 205 945 253 0.012446 0
862 432 882 478 0.012190 0
954 368 979 456 0.012163 0
924 205 942 254 0.011916 0
911 452 928 487 0.011242 0
254 202 267 245 0.010916 0
953 368 978 458 0.010862 0
280 599 336 703 0.010756 0
950 360 982 456 0.010608 0
1181 174 1202 211 0.009485 0
1180 181 1211 228 0.009190 0
863 439 874 455 0.009045 0
834 201 876 259 0.009028 0
947 351 982 460 0.008791 0
1072 487 1080 500 0.008585 0
254 600 336 703 0.008270 0
213 190 224 231 0.008264 0
1000 384 1011 399 0.008038 0
860 200 875 237 0.007617 0
784 193 794 215 0.007425 0
861 205 882 271 0.007397 0
638 688 671 703 0.007387 0
244 599 337 703 0.007364 0
1181 182 1210 227 0.007186 0
633 202 643 215 0.006689 0
955 368 980 451 0.006558 0
860 200 879 238 0.006522 0
861 199 875 234 0.006361 0
738 201 744 213 0.006297 0
937 204 944 216 0.006023 0
1208 504 1216 513 0.005930 0
213 188 224 230 0.005867 0
916 473 928 483 0.005676 0
1055 488 1066 497 0.005625 0
844 198 875 237 0.005228 0
510 196 518 216 0.005160 0
999 384 1021 399 0.005096 0
1015 388 1022 400 0.005073 0
861 430 882 476 0.005044 0
1000 385 1009 399 0.004928 0
929 345 985 458 0.004873 0
921 210 934 245 0.004866 0
1009 200 1025 224 0.004714 0
929 344 986 474 0.004644 0
845 201 857 229 0.004583 0
1014 383 1024 400 0.004483 0
1171 190 1201 264 0.004459 0
1214 200 1228 232 0.004421 0
214 198 225 231 0.004346 0
1036 193 1058 220 0.004316 0
464 203 487 250 0.004261 0
1200 503 1209 512 0.004220 0
964 372 980 394 0.004194 0
999 385 1019 399 0.004099 0
1045 410 1056 424 0.004012 0
1043 410 1056 457 0.003951 0
863 434 891 479 0.003948 0
1046 410 1056 425 0.003920 0
891 204 902 233 0.003913 0
1072 489 1081 502 0.003860 0
214 196 225 238 0.003857 0
1209 200 1230 234 0.003840 0
803 185 815 216 0.003805 0
916 475 928 487 0.003801 0
1172 177 1214 233 0.003768 0
922 215 932 242 0.003691 0
1113 194 1121 202 0.003678 0
814 325 847 344 0.003634 0
789 328 811 390 0.003624 0
1040 409 1056 462 0.003598 0
884 208 893 233 0.003554 0
0 64 71 216 0.003523 0
1063 213 1085 251 0.003506 0
862 432 872 453 0.003488 0
814 328 847 344 0.003480 0
956 374 977 461 0.003479 0
951 366 1003 459 0.003458 0
832 470 841 480 0.003452 0
1211 200 1231 255 0.003418 0
1015 456 1025 466 0.003378 0
242 196 255 240 0.003375 0
213 192 224 230 0.003356 0
1054 213 1079 251 0.003327 0
242 198 252 240 0.003300 0
804 185 815 211 0.003294 0
835 469 848 479 0.003246 0
1208 199 1229 233 0.003223 0
804 184 815 207 0.003170 0
1171 184 1197 230 0.003152 0
1271 199 1279 239 0.003148 0
1183 171 1202 201 0.003147 0
1237 196 1255 233 0.003140 0
924 203 955 253 0.003127 0
893 201 904 234 0.003109 0
225 184 232 199 0.003105 0
1216 200 1230 232 0.003040 0
891 205 902 236 0.003032 0
1135 446 1142 463 0.003012 0
1215 199 1230 232 0.002993 0
954 366 987 427 0.002980 0
956 369 979 427 0.002978 0
1101 311 1128 345 0.002960 0
786 326 814 392 0.002935 0
319 203 331 231 0.002913 0
463 204 489 252 0.002910 0
982 205 994 227 0.002908 0
367 208 374 219 0.002902 0
863 212 877 235 0.002900 0
831 465 843 477 0.002898 0
3 64 338 219 0.002892 0
1046 484 1057 496 0.002873 0
783 328 810 344 0.002867 0
1181 177 1213 222 0.002863 0
346 185 353 199 0.002861 0
942 351 995 486 0.002842 0
464 202 484 242 0.002833 0
884 209 894 234 0.002817 0
1270 198 1279 239 0.002816 0
789 329 815 344 0.002816 0
246 196 255 215 0.002738 0
1137 446 1143 459 0.002737 0
1113 194 1121 207 0.002688 0
879 211 890 234 0.002686 0
957 366 987 420 0.002671 0
1059 210 1078 249 0.002670 0
738 201 744 214 0.002667 0
1066 212 1083 249 0.002660 0
991 211 997 226 0.002614 0
999 384 1024 422 0.002564 0
216 186 224 202 0.002563 0
912 465 928 487 0.002559 0
1038 196 1060 243 0.002556 0
978 368 986 391 0.002546 0
1170 195 1184 245 0.002538 0
242 207 251 240 0.002531 0
242 196 251 220 0.002528 0
345 184 353 199 0.002467 0
1040 454 1048 464 0.002467 0
1164 180 1208 271 0.002463 0
1067 210 1078 245 0.002460 0
1216 200 1226 212 0.002446 0
928 345 989 455 0.002422 0
503 577 513 615 0.002417 0
1191 497 1200 504 0.002385 0
988 206 997 227 0.002377 0
465 202 483 235 0.002317 0
802 183 825 239 0.002306 0
641 687 672 703 0.002276 0
1038 408 1056 462 0.002261 0
840 200 858 240 0.002258 0
245 197 256 239 0.002223 0
991 455 999 464 0.002215 0
243 201 265 241 0.002198 0
1008 455 1021 467 0.002164 0
957 370 980 408 0.002154 0
1151 99 1164 135 0.002140 0
807 495 816 520 0.002111 0
694 207 703 232 0.002095 0
1217 200 1230 233 0.002085 0
1272 200 1279 241 0.002081 0
214 202 226 239 0.002077 0
788 327 849 344 0.002067 0
1192 172 1216 229 0.002059 0
280 599 335 666 0.002054 0
926 442 934 456 0.002049 0
1045 193 1059 219 0.002044 0
942 366 977 461 0.002021 0
1269 197 1279 243 0.002020 0
634 689 672 703 0.002016 0
241 212 252 240 0.002010 0
788 324 813 345 0.002000 0
241 201 253 241 0.001999 0
1101 311 1132 345 0.001996 0
886 471 896 485 0.001974 0
279 599 335 652 0.001967 0
878 437 889 457 0.001955 0
1072 463 1080 471 0.001945 0
477 197 491 217 0.001916 0
1205 200 1226 233 0.001907 0
245 205 265 241 0.001894 0
464 202 480 233 0.001870 0
984 446 993 455 0.001842 0
923 203 961 254 0.001829 0
1067 204 1078 242 0.001827 0
911 452 929 484 0.001821 0
1009 429 1014 440 0.001821 0
1215 503 1226 511 0.001807 0
877 437 901 483 0.001806 0
1198 496 1211 506 0.001801 0
802 185 814 220 0.001773 0
367 207 376 231 0.001771 0
805 209 826 239 0.001768 0
959 369 980 420 0.001745 0
1047 481 1056 490 0.001737 0
1028 451 1040 464 0.001732 0
1178 211 1230 279 0.001717 0
1103 311 1127 328 0.001704 0
1176 494 1185 503 0.001700 0
879 440 890 458 0.001692 0
1171 195 1184 230 0.001683 0
213 194 222 219 0.001676 0
814 273 850 344 0.001667 0
1071 456 1092 471 0.001662 0
785 197 797 215 0.001660 0
784 325 815 392 0.001654 0
923 201 947 248 0.001650 0
993 383 1023 423 0.001646 0
751 463 762 472 0.001646 0
993 446 1001 456 0.001634 0
1 64 177 216 0.001633 0
818 328 848 345 0.001611 0
1208 178 1222 205 0.001605 0
946 353 994 444 0.001587 0
1061 202 1078 245 0.001587 0
959 369 984 405 0.001583 0
1176 497 1185 511 0.001564 0
989 379 1024 450 0.001555 0
1102 312 1124 344 0.001545 0
638 674 672 704 0.001543 0
1 64 205 215 0.001538 0
1098 399 1103 407 0.001531 0
999 383 1023 419 0.001520 0
895 416 904 430 0.001515 0
832 463 849 478 0.001513 0
813 263 850 346 0.001483 0
1272 200 1279 256 0.001478 0
1038 411 1047 428 0.001476 0
917 206 939 252 0.001470 0
1035 194 1080 253 0.001462 0
1213 207 1232 258 0.001460 0
1038 415 1047 437 0.001454 0
1038 416 1048 450 0.001453 0
1211 171 1225 222 0.001435 0
1072 455 1094 472 0.001427 0
1102 311 1131 330 0.001424 0
1204 197 1225 223 0.001421 0
248 202 258 240 0.001405 0
635 662 672 703 0.001396 0
1041 411 1056 439 0.001381 0
1231 459 1240 470 0.001357 0
784 197 795 233 0.001350 0
286 618 335 703 0.001344 0
1044 196 1061 226 0.001342 0
213 185 231 234 0.001328 0
1203 495 1216 505 0.001325 0
928 439 944 457 0.001323 0
959 439 968 455 0.001319 0
895 417 904 439 0.001307 0
1015 319 1040 345 0.001297 0
1029 447 1039 464 0.001297 0
802 184 814 226 0.001292 0
1217 204 1231 233 0.001290 0
878 432 889 455 0.001270 0
930 437 944 455 0.001264 0
878 212 891 234 0.001261 0
942 354 975 456 0.001260 0
638 671 672 703 0.001251 0
1 64 148 219 0.001239 0
988 378 1024 445 0.001224 0
290 644 332 703 0.001208 0
1120 312 1128 328 0.001201 0
513 192 529 217 0.001196 0
1127 446 1135 467 0.001193 0
814 306 847 344 0.001193 0
1180 187 1214 228 0.001191 0
1267 197 1279 269 0.001188 0
926 439 934 455 0.001186 0
655 673 672 703 0.001181 0
883 202 904 244 0.001174 0
42 64 336 221 0.001169 0
960 455 969 464 0.001165 0
1231 465 1247 494 0.001158 0
463 200 481 230 0.001157 0
938 347 1009 455 0.001144 0
968 455 976 462 0.001141 0
283 599 334 674 0.001140 0
1114 312 1128 328 0.001137 0
813 260 844 346 0.001134 0
1040 195 1060 247 0.001124 0
464 199 488 224 0.001119 0
782 325 818 390 0.001118 0
511 190 533 247 0.001107 0
1071 456 1095 473 0.001103 0
1087 215 1098 233 0.001101 0
997 383 1023 423 0.001099 0
1036 194 1061 251 0.001096 0
479 189 490 213 0.001075 0
1039 416 1053 462 0.001069 0
982 455 993 463 0.001067 0
476 200 491 217 0.001057 0
62 64 336 213 0.001056 0
1238 197 1256 233 0.001049 0
957 432 975 457 0.001048 0
911 447 928 458 0.001042 0
955 394 975 458 0.001030 0
959 439 968 458 0.001027 0
282 625 345 703 0.001027 0
648 407 657 423 0.001023 0
1088 213 1111 234 0.001018 0
1247 472 1259 484 0.001017 0
1211 166 1231 235 0.000982 0
349 187 357 199 0.000982 0
241 195 254 235 0.000980 0
933 201 951 215 0.000979 0
886 440 904 456 0.000977 0
784 315 811 345 0.000972 0
881 441 900 457 0.000955 0
1014 444 1025 461 0.000951 0
890 420 914 458 0.000942 0
1059 195 1078 235 0.000940 0
981 202 994 227 0.000931 0
911 471 930 489 0.000929 0
214 188 231 237 0.000927 0
975 364 992 392 0.000925 0
1102 307 1141 345 0.000921 0
1171 178 1228 267 0.000914 0
878 206 904 244 0.000911 0
386 198 396 206 0.000904 0
0 64 319 212 0.000900 0
923 203 958 253 0.000899 0
293 651 322 703 0.000897 0
785 197 800 234 0.000895 0
850 463 865 477 0.000895 0
975 455 983 463 0.000892 0
121 64 336 221 0.000891 0
216 183 231 230 0.000885 0
908 454 944 485 0.000883 0
895 421 904 451 0.000882 0
1140 391 1153 408 0.000878 0
1103 311 1139 344 0.000870 0
862 198 881 236 0.000869 0
0 64 24 213 0.000868 0
1029 482 1039 495 0.000866 0
22 64 336 239 0.000862 0
199 210 208 225 0.000861 0
1101 317 1121 345 0.000860 0
1127 447 1135 463 0.000859 0
199 211 208 226 0.000859 0
140 594 335 698 0.000849 0
879 448 897 483 0.000848 0
1039 408 1054 425 0.000846 0
1013 423 1024 438 0.000845 0
0 361 55 454 0.000845 0
1008 423 1024 440 0.000845 0
930 345 1018 475 0.000842 0
982 210 1008 244 0.000836 0
1073 426 1081 441 0.000835 0
1231 458 1240 468 0.000833 0
881 438 904 456 0.000832 0
1007 446 1020 463 0.000830 0
818 320 848 343 0.000830 0
789 330 810 353 0.000828 0
880 200 905 235 0.000828 0
1077 425 1087 442 0.000824 0
990 370 1015 413 0.000814 0
557 201 567 215 0.000806 0
897 472 906 484 0.000805 0
927 244 937 254 0.000804 0
209 398 223 411 0.000797 0
1093 500 1119 534 0.000795 0
1170 456 1185 472 0.000793 0
542 659 554 702 0.000786 0
1245 459 1258 475 0.000784 0
819 460 832 474 0.000782 0
98 64 337 209 0.000782 0
1074 438 1087 454 0.000781 0
878 202 902 235 0.000780 0
937 357 1023 446 0.000777 0
1080 403 1089 415 0.000777 0
111 212 119 236 0.000776 0
623 688 671 703 0.000773 0
874 157 895 171 0.000770 0
1205 202 1228 238 0.000768 0
962 441 976 459 0.000765 0
864 335 884 344 0.000763 0
134 64 333 245 0.000763 0
599 661 672 703 0.000759 0
624 686 672 703 0.000759 0
1151 440 1160 458 0.000758 0
1072 424 1082 438 0.000745 0
801 184 820 237 0.000743 0
511 201 537 247 0.000742 0
785 331 822 392 0.000742 0
917 204 939 245 0.000741 0
1038 445 1049 464 0.000739 0
1023 484 1042 496 0.000732 0
1122 401 1128 421 0.000729 0
879 425 911 459 0.000727 0
968 237 977 251 0.000726 0
847 463 864 477 0.000725 0
638 193 655 213 0.000714 0
895 417 914 441 0.000712 0
1174 174 1202 225 0.000711 0
1176 208 1232 273 0.000710 0
873 335 885 343 0.000703 0
318 64 623 212 0.000703 0
1013 424 1025 441 0.000698 0
315 64 426 228 0.000695 0
1174 209 1209 258 0.000695 0
648 408 657 424 0.000688 0
1040 480 1063 495 0.000681 0
1079 193 1091 202 0.000677 0
1214 215 1232 261 0.000676 0
511 194 532 246 0.000675 0
1001 430 1008 440 0.000675 0
1072 438 1086 455 0.000673 0
1197 222 1208 233 0.000672 0
998 383 1023 415 0.000672 0
942 357 973 432 0.000672 0
274 597 369 703 0.000671 0
1111 440 1120 461 0.000670 0
1095 440 1104 457 0.000663 0
1231 545 1240 583 0.000659 0
820 276 853 344 0.000657 0
313 64 475 322 0.000657 0
0 64 21 212 0.000656 0
254 200 270 264 0.000655 0
943 378 976 458 0.000654 0
876 210 895 244 0.000652 0
1173 191 1211 238 0.000650 0
944 362 961 395 0.000649 0
739 200 749 215 0.000647 0
1132 439 1145 469 0.000646 0
799 440 814 451 0.000641 0
989 365 1010 399 0.000640 0
662 422 670 435 0.000635 0
225 184 233 203 0.000634 0
1011 401 1024 425 0.000632 0
1031 420 1041 441 0.000630 0
157 64 269 246 0.000630 0
0 359 58 444 0.000620 0
862 432 936 484 0.000620 0
1171 456 1184 473 0.000617 0
750 443 771 472 0.000616 0
1160 243 1218 343 0.000614 0
1231 543 1241 583 0.000614 0
1242 456 1259 472 0.000612 0
208 193 224 231 0.000612 0
542 652 553 703 0.000611 0
284 631 341 688 0.000604 0
856 423 925 484 0.000604 0
1151 440 1161 467 0.000603 0
1233 457 1255 479 0.000603 0
309 64 447 220 0.000602 0
943 353 961 440 0.000599 0
332 185 343 199 0.000598 0
1232 469 1251 497 0.000598 0
151 64 358 225 0.000597 0
622 666 672 703 0.000595 0
751 424 779 447 0.000592 0
906 200 935 249 0.000590 0
0 64 34 214 0.000590 0
326 64 434 224 0.000589 0
656 666 672 703 0.000587 0
902 335 923 348 0.000587 0
333 183 345 199 0.000585 0
285 636 325 703 0.000585 0
278 600 333 650 0.000585 0
475 204 538 249 0.000583 0
331 64 433 215 0.000583 0
908 461 938 486 0.000581 0
1087 192 1095 210 0.000579 0
123 64 339 206 0.000575 0
287 640 342 703 0.000573 0
924 342 993 453 0.000573 0
313 64 495 217 0.000572 0
974 368 992 409 0.000572 0
663 294 681 349 0.000572 0
1019 446 1038 463 0.000571 0
1138 442 1153 464 0.000571 0
942 352 962 393 0.000568 0
1247 422 1253 440 0.000567 0
806 496 816 519 0.000566 0
652 665 672 704 0.000566 0
1092 446 1106 471 0.000565 0
0 64 66 253 0.000563 0
334 64 453 222 0.000563 0
214 190 236 241 0.000561 0
287 657 322 703 0.000561 0
1031 493 1039 502 0.000558 0
319 64 463 358 0.000555 0
935 431 944 443 0.000553 0
898 415 913 425 0.000552 0
316 64 369 186 0.000551 0
222 373 240 409 0.000547 0
806 495 816 522 0.000543 0
1151 444 1160 468 0.000542 0
1064 418 1072 433 0.000541 0
191 369 234 413 0.000538 0
911 262 928 345 0.000537 0
672 423 689 438 0.000537 0
668 199 703 285 0.000534 0
319 64 625 336 0.000531 0
202 388 224 411 0.000531 0
1095 441 1104 462 0.000528 0
987 194 1012 227 0.000528 0
290 667 328 703 0.000527 0
861 420 881 459 0.000526 0
1119 64 1134 77 0.000525 0
1170 487 1185 504 0.000524 0
159 64 261 217 0.000523 0
366 207 377 232 0.000520 0
253 201 275 254 0.000520 0
787 328 831 364 0.000520 0
543 662 553 703 0.000520 0
1111 441 1120 468 0.000519 0
906 335 923 347 0.000517 0
1082 408 1121 466 0.000516 0
322 611 667 703 0.000514 0
1110 443 1121 472 0.000507 0
783 326 811 362 0.000507 0
0 360 45 442 0.000506 0
1076 215 1117 256 0.000504 0
314 64 368 203 0.000501 0
883 438 905 456 0.000501 0
858 419 940 484 0.000501 0
193 371 233 412 0.000501 0
691 205 705 278 0.000501 0
151 64 382 252 0.000500 0
0 362 87 452 0.000499 0
814 272 844 344 0.000498 0
1161 215 1218 354 0.000498 0
0 64 53 215 0.000497 0
1119 391 1128 410 0.000496 0
293 667 318 703 0.000494 0
911 474 938 487 0.000492 0
1071 445 1082 457 0.000491 0
314 64 638 366 0.000490 0
832 480 841 491 0.000489 0
987 379 1017 422 0.000488 0
300 66 447 251 0.000487 0
1117 439 1135 471 0.000487 0
777 313 811 344 0.000484 0
1151 440 1167 472 0.000482 0
1100 291 1162 355 0.000481 0
866 326 884 343 0.000478 0
1034 192 1085 254 0.000474 0
198 372 240 410 0.000474 0
1119 442 1130 470 0.000473 0
1055 237 1075 296 0.000470 0
210 195 223 229 0.000470 0
1117 435 1153 471 0.000469 0
785 329 841 389 0.000467 0
860 423 880 448 0.000467 0
1016 320 1044 344 0.000466 0
910 438 931 456 0.000463 0
818 302 849 343 0.000462 0
1 64 340 298 0.000461 0
856 431 874 450 0.000461 0
1215 497 1233 511 0.000459 0
932 455 942 464 0.000458 0
292 636 351 703 0.000457 0
996 444 1008 459 0.000456 0
1192 471 1200 479 0.000454 0
0 362 97 454 0.000454 0
1196 472 1214 481 0.000454 0
1118 444 1132 471 0.000453 0
1033 412 1041 427 0.000452 0
1208 505 1215 517 0.000450 0
799 421 819 447 0.000450 0
931 354 1023 431 0.000450 0
574 368 610 439 0.000450 0
779 197 795 237 0.000448 0
1017 320 1041 345 0.000447 0
1 65 361 399 0.000445 0
1057 190 1078 227 0.000444 0
1027 196 1060 249 0.000444 0
1086 346 1095 360 0.000444 0
671 423 688 439 0.000444 0
632 662 672 704 0.000444 0
856 434 973 485 0.000444 0
1120 64 1153 77 0.000443 0
742 201 749 215 0.000438 0
1175 207 1228 269 0.000437 0
367 203 382 220 0.000437 0
932 203 954 219 0.000435 0
1091 453 1104 474 0.000434 0
293 613 637 703 0.000431 0
1084 433 1119 468 0.000429 0
338 67 500 213 0.000429 0
1030 425 1039 441 0.000427 0
994 455 1009 470 0.000426 0
1075 423 1088 440 0.000426 0
910 332 927 349 0.000425 0
926 422 941 456 0.000425 0
1103 289 1139 329 0.000423 0
756 427 785 443 0.000422 0
1112 462 1122 474 0.000422 0
871 419 948 485 0.000420 0
1090 193 1103 210 0.000418 0
959 349 996 393 0.000417 0
1072 482 1080 492 0.000417 0
1063 415 1072 425 0.000417 0
184 192 191 206 0.000416 0
1216 454 1224 471 0.000414 0
933 416 945 443 0.000413 0
335 64 483 212 0.000412 0
309 64 517 207 0.000412 0
321 65 608 366 0.000411 0
1119 403 1127 426 0.000410 0
971 349 999 393 0.000410 0
622 687 660 703 0.000410 0
376 186 385 201 0.000410 0
751 453 773 472 0.000409 0
1162 245 1225 336 0.000409 0
285 630 339 685 0.000408 0
1101 317 1121 359 0.000408 0
1101 312 1128 362 0.000405 0
730 323 744 338 0.000405 0
0 64 77 218 0.000403 0
333 65 440 236 0.000401 0
1040 434 1055 464 0.000400 0
1083 405 1121 468 0.000399 0
621 688 659 703 0.000396 0
582 396 592 433 0.000393 0
1134 444 1153 471 0.000393 0
1132 446 1147 473 0.000393 0
322 626 382 703 0.000392 0
949 424 971 456 0.000391 0
912 268 928 320 0.000390 0
1136 381 1153 408 0.000389 0
1078 335 1091 361 0.000388 0
189 618 337 703 0.000387 0
1077 205 1129 235 0.000385 0
1071 389 1080 405 0.000384 0
212 196 244 259 0.000382 0
1234 455 1256 471 0.000382 0
1 64 97 228 0.000381 0
943 364 963 407 0.000381 0
298 679 329 703 0.000380 0
881 432 914 457 0.000380 0
3 65 401 398 0.000380 0
1055 409 1075 471 0.000379 0
117 64 340 259 0.000379 0
542 647 554 703 0.000378 0
969 371 1008 423 0.000377 0
317 694 328 703 0.000375 0
943 367 961 416 0.000374 0
998 516 1008 551 0.000374 0
918 342 1000 396 0.000373 0
1072 443 1090 458 0.000373 0
801 415 809 424 0.000373 0
573 385 609 437 0.000373 0
1098 317 1125 345 0.000370 0
800 421 818 439 0.000369 0
293 599 335 667 0.000368 0
980 375 995 413 0.000366 0
665 199 703 286 0.000366 0
0 363 38 448 0.000365 0
812 261 840 344 0.000364 0
989 343 1008 390 0.000363 0
4 64 339 260 0.000362 0
0 361 49 467 0.000361 0
604 687 672 703 0.000361 0
318 64 428 198 0.000361 0
910 447 926 456 0.000360 0
999 517 1008 535 0.000358 0
912 423 929 455 0.000357 0
196 370 235 410 0.000357 0
976 692 987 703 0.000356 0
688 423 695 435 0.000356 0
903 335 924 350 0.000356 0
1034 356 1053 411 0.000355 0
195 370 241 408 0.000355 0
1033 276 1060 336 0.000355 0
672 203 682 224 0.000355 0
799 421 817 440 0.000354 0
942 357 961 429 0.000354 0
219 380 240 408 0.000353 0
698 329 703 337 0.000351 0
1067 197 1078 214 0.000350 0
575 391 591 438 0.000350 0
997 358 1024 404 0.000349 0
1058 421 1073 445 0.000347 0
926 454 937 463 0.000347 0
1250 216 1266 234 0.000346 0
762 422 802 452 0.000346 0
191 371 225 416 0.000344 0
989 681 1034 703 0.000343 0
609 443 624 463 0.000342 0
160 64 261 189 0.000341 0
1165 471 1179 479 0.000338 0
1103 294 1136 329 0.000336 0
990 395 1002 421 0.000336 0
0 153 7 203 0.000336 0
1049 413 1063 427 0.000336 0
854 192 873 227 0.000335 0
386 90 498 213 0.000334 0
340 71 504 222 0.000334 0
613 424 624 434 0.000334 0
370 90 499 226 0.000331 0
1015 477 1025 488 0.000329 0
881 418 908 457 0.000328 0
816 311 848 344 0.000328 0
630 425 639 441 0.000328 0
799 422 817 447 0.000328 0
948 418 972 457 0.000327 0
1190 204 1211 231 0.000327 0
510 576 528 616 0.000326 0
298 600 335 650 0.000326 0
467 188 494 219 0.000325 0
1005 427 1031 464 0.000325 0
802 310 849 344 0.000324 0
1103 279 1143 330 0.000324 0
1180 342 1231 417 0.000322 0
974 448 986 459 0.000322 0
1115 462 1129 474 0.000322 0
0 359 65 445 0.000321 0
1048 238 1074 296 0.000319 0
943 383 953 392 0.000318 0
111 202 132 238 0.000317 0
0 362 68 467 0.000317 0
1072 394 1080 409 0.000317 0
911 272 928 346 0.000316 0
1212 369 1224 390 0.000316 0
943 381 956 437 0.000316 0
661 413 671 434 0.000316 0
920 688 928 703 0.000315 0
989 385 1010 438 0.000315 0
880 317 901 343 0.000315 0
726 419 736 439 0.000314 0
631 440 638 449 0.000312 0
1028 341 1057 386 0.000312 0
1039 322 1056 336 0.000312 0
671 425 689 439 0.000311 0
1087 187 1104 204 0.000309 0
579 421 592 438 0.000308 0
1145 434 1168 472 0.000308 0
981 351 993 362 0.000308 0
939 363 1025 458 0.000308 0
693 213 704 283 0.000307 0
976 320 991 344 0.000307 0
734 422 750 458 0.000307 0
110 611 636 703 0.000306 0
1042 192 1062 223 0.000305 0
1132 436 1160 472 0.000304 0
311 64 434 240 0.000304 0
129 64 561 262 0.000304 0
779 259 845 345 0.000303 0
1251 610 1273 704 0.000302 0
886 421 934 459 0.000301 0
273 593 371 699 0.000299 0
187 679 265 703 0.000299 0
1071 196 1105 233 0.000298 0
654 198 662 216 0.000298 0
591 390 608 429 0.000297 0
1247 423 1264 455 0.000297 0
1246 415 1254 427 0.000297 0
575 386 592 437 0.000297 0
919 337 926 350 0.000296 0
255 64 357 201 0.000296 0
579 393 592 435 0.000295 0
787 312 850 344 0.000294 0
263 194 272 205 0.000293 0
1261 358 1279 508 0.000293 0
671 426 690 440 0.000292 0
978 439 1007 455 0.000292 0
917 374 951 456 0.000290 0
801 411 816 439 0.000288 0
1136 388 1153 408 0.000287 0
149 64 260 187 0.000287 0
1220 471 1231 485 0.000285 0
572 391 609 437 0.000285 0
800 440 816 458 0.000285 0
1180 333 1236 403 0.000284 0
1077 333 1090 360 0.000283 0
1058 464 1071 472 0.000283 0
226 203 284 265 0.000283 0
1082 336 1096 360 0.000282 0
991 439 1003 456 0.000282 0
1256 576 1279 649 0.000281 0
219 168 329 384 0.000281 0
1189 487 1205 504 0.000280 0
941 412 965 457 0.000280 0
325 618 385 703 0.000279 0
1184 163 1203 192 0.000278 0
1028 407 1057 477 0.000277 0
896 439 913 457 0.000277 0
1032 350 1063 409 0.000276 0
574 367 592 436 0.000275 0
332 64 436 191 0.000275 0
673 198 680 215 0.000274 0
1168 456 1183 472 0.000274 0
1187 345 1233 392 0.000274 0
541 642 560 703 0.000274 0
0 147 7 203 0.000273 0
893 342 1010 470 0.000272 0
318 64 388 192 0.000272 0
187 678 278 703 0.000272 0
1150 442 1167 472 0.000270 0
254 64 340 212 0.000270 0
675 407 689 439 0.000270 0
288 679 329 703 0.000269 0
673 320 691 376 0.000269 0
541 629 560 703 0.000269 0
1193 328 1239 395 0.000268 0
287 633 322 678 0.000268 0
629 424 640 439 0.000268 0
112 246 128 310 0.000268 0
703 417 733 470 0.000267 0
163 688 295 703 0.000267 0
313 65 421 221 0.000266 0
1038 372 1049 408 0.000266 0
66 64 130 198 0.000266 0
221 210 245 251 0.000266 0
1155 271 1199 420 0.000265 0
580 445 592 458 0.000265 0
144 64 402 202 0.000264 0
917 413 942 455 0.000263 0
249 597 335 685 0.000263 0
950 273 960 291 0.000262 0
1254 612 1268 678 0.000262 0
127 600 144 635 0.000261 0
383 184 396 205 0.000261 0
1015 441 1025 451 0.000261 0
910 343 997 456 0.000260 0
184 652 259 703 0.000259 0
512 220 538 247 0.000259 0
1204 226 1223 250 0.000259 0
132 64 263 227 0.000258 0
0 361 105 451 0.000258 0
1245 424 1266 472 0.000257 0
855 399 863 410 0.000257 0
871 316 905 344 0.000257 0
186 680 282 703 0.000257 0
541 652 560 703 0.000256 0
1025 320 1060 383 0.000256 0
7 64 512 394 0.000255 0
1168 180 1202 228 0.000255 0
750 203 762 216 0.000255 0
273 191 288 236 0.000255 0
0 362 328 651 0.000255 0
581 659 671 703 0.000254 0
1027 366 1044 410 0.000254 0
854 313 864 336 0.000252 0
917 422 927 434 0.000252 0
267 214 291 295 0.000252 0
1212 456 1224 472 0.000252 0
1119 98 1135 138 0.000252 0
1115 445 1154 476 0.000252 0
910 265 928 326 0.000252 0
600 344 609 363 0.000251 0
956 342 997 393 0.000251 0
154 68 216 244 0.000250 0
125 208 136 230 0.000250 0
990 348 1006 379 0.000250 0
287 664 325 703 0.000250 0
1192 458 1201 474 0.000250 0
158 64 321 217 0.000250 0
575 366 596 439 0.000250 0
187 679 291 703 0.000249 0
1250 484 1279 687 0.000248 0
975 325 992 344 0.000248 0
1070 191 1091 210 0.000248 0
1020 423 1039 440 0.000248 0
111 202 135 238 0.000247 0
355 86 501 250 0.000247 0
1031 354 1058 390 0.000247 0
807 366 815 392 0.000246 0
181 682 302 703 0.000246 0
1076 332 1089 350 0.000245 0
616 357 624 374 0.000245 0
415 559 424 576 0.000245 0
724 421 737 444 0.000244 0
1089 413 1114 437 0.000244 0
672 209 688 240 0.000243 0
783 304 819 345 0.000243 0
947 456 961 464 0.000242 0
672 311 692 373 0.000242 0
910 269 927 296 0.000242 0
734 423 751 460 0.000241 0
1239 429 1279 488 0.000241 0
0 392 26 460 0.000240 0
1018 64 1134 199 0.000240 0
921 360 1025 469 0.000239 0
883 317 895 341 0.000239 0
158 207 167 225 0.000239 0
1078 439 1121 472 0.000239 0
1071 332 1097 396 0.000239 0
1167 457 1184 478 0.000239 0
1169 160 1204 231 0.000238 0
254 65 327 176 0.000238 0
1096 312 1131 340 0.000237 0
573 391 592 435 0.000237 0
330 615 385 703 0.000236 0
1001 693 1018 703 0.000236 0
892 414 934 455 0.000236 0
299 64 483 209 0.000236 0
0 365 117 497 0.000235 0
159 678 297 703 0.000234 0
278 599 328 647 0.000234 0
238 682 291 703 0.000233 0
959 482 969 494 0.000233 0
667 304 690 374 0.000232 0
255 64 337 195 0.000231 0
1030 340 1042 359 0.000231 0
600 344 609 362 0.000231 0
1261 577 1279 648 0.000231 0
512 575 532 616 0.000230 0
1027 356 1055 391 0.000230 0
556 194 707 287 0.000230 0
104 67 212 237 0.000229 0
269 195 279 212 0.000229 0
1084 400 1128 473 0.000229 0
1248 620 1278 703 0.000229 0
1077 403 1088 426 0.000229 0
1072 333 1101 387 0.000228 0
210 679 292 703 0.000228 0
320 404 336 463 0.000227 0
1117 80 1131 131 0.000227 0
664 175 674 216 0.000227 0
1046 456 1055 466 0.000226 0
67 64 128 160 0.000226 0
1223 458 1232 472 0.000226 0
1027 379 1041 408 0.000226 0
608 424 624 466 0.000226 0
0 365 114 454 0.000226 0
240 696 289 703 0.000225 0
134 64 524 238 0.000225 0
1072 337 1094 400 0.000225 0
934 422 974 456 0.000224 0
895 323 905 343 0.000224 0
798 439 826 455 0.000223 0
203 203 224 229 0.000222 0
930 412 944 439 0.000222 0
1254 577 1279 656 0.000222 0
1018 379 1041 410 0.000222 0
827 281 850 311 0.000222 0
831 503 848 525 0.000221 0
851 325 863 339 0.000221 0
1056 423 1064 435 0.000221 0
184 673 255 703 0.000220 0
787 197 805 239 0.000220 0
999 521 1008 537 0.000220 0
0 638 28 703 0.000220 0
289 634 355 703 0.000220 0
186 645 258 703 0.000219 0
1008 477 1017 488 0.000219 0
809 407 833 445 0.000219 0
1085 401 1126 441 0.000219 0
1103 275 1139 331 0.000219 0
1154 265 1214 423 0.000218 0
335 551 344 566 0.000218 0
233 190 337 381 0.000217 0
874 469 896 493 0.000217 0
0 71 62 222 0.000217 0
207 397 224 447 0.000216 0
1184 165 1216 206 0.000216 0
1208 354 1232 396 0.000215 0
767 313 810 344 0.000215 0
667 199 694 285 0.000214 0
288 671 326 703 0.000214 0
1262 355 1279 499 0.000214 0
1213 472 1225 486 0.000214 0
1069 77 1089 124 0.000214 0
245 695 289 703 0.000213 0
393 91 501 215 0.000213 0
1043 392 1092 446 0.000213 0
153 79 210 247 0.000213 0
1068 427 1119 473 0.000213 0
735 445 744 458 0.000212 0
309 64 368 194 0.000212 0
1202 232 1232 267 0.000212 0
833 402 940 474 0.000210 0
118 64 444 269 0.000210 0
584 367 621 435 0.000210 0
1248 425 1264 462 0.000210 0
0 434 8 457 0.000210 0
1181 312 1227 414 0.000209 0
915 341 999 391 0.000208 0
243 642 340 703 0.000208 0
1216 445 1226 457 0.000207 0
1097 312 1122 390 0.000207 0
719 426 737 460 0.000206 0
900 335 926 376 0.000206 0
1169 219 1280 350 0.000205 0
948 370 1028 454 0.000204 0
191 368 238 413 0.000204 0
191 375 223 415 0.000204 0
313 64 463 161 0.000203 0
1013 685 1040 703 0.000203 0
775 257 840 344 0.000202 0
92 393 126 440 0.000202 0
1013 64 1121 193 0.000202 0
801 440 826 467 0.000201 0
1013 440 1050 474 0.000201 0
608 625 678 703 0.000201 0
63 64 560 308 0.000200 0
1030 389 1089 436 0.000199 0
269 230 290 295 0.000199 0
995 423 1012 439 0.000199 0
748 265 765 306 0.000199 0
660 307 692 377 0.000198 0
811 407 834 452 0.000197 0
0 233 16 297 0.000197 0
254 65 344 242 0.000196 0
1030 343 1043 362 0.000196 0
684 197 695 215 0.000196 0
779 326 847 363 0.000196 0
1213 233 1229 255 0.000196 0
575 595 585 617 0.000196 0
1121 64 1152 80 0.000195 0
65 64 169 201 0.000195 0
327 626 383 703 0.000195 0
764 421 814 443 0.000195 0
1198 456 1208 475 0.000194 0
543 670 553 703 0.000194 0
750 268 763 288 0.000194 0
1220 452 1235 471 0.000194 0
911 324 928 346 0.000194 0
602 615 672 703 0.000194 0
138 64 486 208 0.000193 0
1091 399 1105 419 0.000193 0
254 191 271 232 0.000192 0
66 65 135 202 0.000192 0
1258 575 1279 644 0.000192 0
1236 423 1248 440 0.000192 0
111 68 211 247 0.000192 0
250 66 329 204 0.000192 0
995 684 1040 703 0.000191 0
987 678 1039 703 0.000191 0
653 422 669 437 0.000191 0
703 474 720 487 0.000190 0
928 381 942 408 0.000190 0
662 291 684 351 0.000190 0
658 428 673 440 0.000190 0
1197 455 1209 472 0.000190 0
817 270 851 321 0.000190 0
1069 440 1116 474 0.000189 0
1157 189 1173 212 0.000189 0
652 662 672 702 0.000189 0
1017 689 1040 703 0.000188 0
854 325 890 344 0.000188 0
0 366 115 485 0.000188 0
0 277 50 383 0.000188 0
318 627 371 703 0.000188 0
314 65 570 359 0.000188 0
1252 609 1279 704 0.000188 0
752 330 845 391 0.000187 0
945 424 976 465 0.000187 0
1117 64 1137 130 0.000187 0
239 206 269 246 0.000187 0
832 482 841 504 0.000186 0
974 686 990 703 0.000186 0
293 657 350 703 0.000186 0
270 186 282 213 0.000186 0
254 64 365 195 0.000186 0
717 431 727 441 0.000186 0
1045 74 1088 148 0.000185 0
1205 231 1232 265 0.000185 0
1170 455 1205 472 0.000185 0
274 196 287 229 0.000184 0
632 469 639 479 0.000184 0
55 382 118 450 0.000184 0
1151 100 1168 136 0.000183 0
432 187 443 203 0.000183 0
1023 382 1031 395 0.000183 0
1112 156 1211 232 0.000183 0
1072 505 1081 518 0.000182 0
1051 430 1078 471 0.000182 0
991 420 1003 439 0.000182 0
0 138 28 278 0.000182 0
0 385 34 458 0.000182 0
0 218 32 393 0.000181 0
663 319 679 350 0.000181 0
197 64 327 229 0.000180 0
1016 425 1037 445 0.000180 0
894 265 914 296 0.000180 0
948 375 1022 437 0.000180 0
237 695 289 703 0.000180 0
0 130 26 322 0.000179 0
0 277 50 396 0.000179 0
182 657 258 703 0.000179 0
784 192 799 217 0.000179 0
0 394 19 460 0.000178 0
1096 416 1116 437 0.000177 0
154 71 272 250 0.000177 0
335 75 517 226 0.000177 0
0 215 17 385 0.000176 0
1189 96 1203 136 0.000176 0
831 489 848 525 0.000176 0
702 440 722 470 0.000176 0
878 316 900 343 0.000176 0
0 364 59 451 0.000175 0
823 544 830 550 0.000175 0
275 593 378 695 0.000175 0
207 399 224 462 0.000175 0
398 90 511 225 0.000174 0
159 64 322 187 0.000174 0
797 415 834 446 0.000174 0
670 457 695 488 0.000174 0
222 361 240 410 0.000173 0
999 538 1006 551 0.000173 0
1259 576 1279 660 0.000173 0
820 273 864 342 0.000173 0
1179 455 1209 472 0.000173 0
319 407 337 458 0.000173 0
1216 421 1247 438 0.000173 0
149 626 177 671 0.000172 0
50 382 117 448 0.000172 0
0 123 19 215 0.000172 0
0 421 12 457 0.000172 0
127 600 144 626 0.000171 0
229 206 292 270 0.000171 0
268 194 284 234 0.000171 0
66 65 152 199 0.000170 0
74 383 117 448 0.000170 0
922 409 942 452 0.000170 0
907 384 946 458 0.000169 0
846 425 863 452 0.000169 0
606 360 624 376 0.000169 0
1071 382 1082 398 0.000169 0
576 427 592 456 0.000169 0
269 184 319 285 0.000169 0
1266 577 1279 638 0.000169 0
545 157 943 283 0.000169 0
802 361 816 392 0.000169 0
1015 688 1040 703 0.000169 0
325 64 672 228 0.000168 0
199 208 226 241 0.000168 0
1112 185 1126 204 0.000167 0
0 64 56 400 0.000167 0
704 441 722 469 0.000167 0
848 282 864 339 0.000167 0
930 380 944 409 0.000167 0
673 317 691 369 0.000166 0
315 64 443 181 0.000166 0
246 194 256 213 0.000166 0
675 401 689 440 0.000166 0
184 391 224 423 0.000165 0
439 208 449 219 0.000165 0
735 437 751 458 0.000165 0
130 64 497 216 0.000165 0
707 426 737 462 0.000165 0
1051 107 1084 147 0.000165 0
897 407 913 425 0.000164 0
909 327 928 345 0.000163 0
236 612 337 699 0.000163 0
606 423 624 463 0.000163 0
925 460 944 485 0.000163 0
982 357 1024 408 0.000163 0
80 384 121 443 0.000163 0
405 148 927 286 0.000162 0
0 257 50 416 0.000162 0
277 601 311 648 0.000162 0
1263 74 1279 144 0.000162 0
756 202 768 217 0.000162 0
943 418 953 433 0.000162 0
1071 335 1089 394 0.000161 0
1262 348 1279 488 0.000160 0
1012 411 1059 498 0.000160 0
191 187 201 215 0.000160 0
975 312 992 344 0.000160 0
0 377 55 454 0.000160 0
430 215 440 225 0.000159 0
576 366 631 435 0.000159 0
682 327 689 345 0.000159 0
209 183 218 213 0.000159 0
621 662 672 704 0.000159 0
266 205 292 294 0.000158 0
1021 91 1046 163 0.000158 0
656 305 683 374 0.000158 0
241 615 340 698 0.000158 0
66 64 210 203 0.000157 0
111 203 133 233 0.000157 0
1245 460 1278 484 0.000157 0
1262 679 1279 703 0.000157 0
800 407 810 422 0.000157 0
992 683 1040 703 0.000157 0
1056 390 1094 431 0.000156 0
1071 333 1089 389 0.000156 0
107 64 208 211 0.000156 0
1268 619 1279 704 0.000155 0
831 292 865 343 0.000155 0
777 406 784 418 0.000155 0
775 264 838 344 0.000155 0
126 64 513 265 0.000155 0
587 364 637 440 0.000155 0
1048 228 1095 298 0.000154 0
987 182 1180 260 0.000154 0
1098 102 1137 166 0.000154 0
1035 353 1064 423 0.000154 0
134 64 486 235 0.000154 0
1205 454 1249 472 0.000153 0
1217 241 1232 265 0.000153 0
1070 334 1088 387 0.000153 0
240 180 251 215 0.000153 0
1106 390 1123 407 0.000153 0
1199 396 1212 439 0.000153 0
8 64 563 383 0.000153 0
1017 64 1127 167 0.000153 0
280 626 376 703 0.000153 0
330 64 502 203 0.000152 0
713 436 737 469 0.000152 0
1263 64 1279 157 0.000152 0
992 528 1000 550 0.000152 0
34 312 67 391 0.000152 0
587 363 635 432 0.000152 0
277 600 324 649 0.000150 0
0 382 42 452 0.000149 0
1025 406 1043 426 0.000149 0
1016 438 1042 462 0.000149 0
1263 64 1279 146 0.000149 0
653 198 662 217 0.000149 0
348 313 390 377 0.000149 0
977 530 987 538 0.000149 0
1003 376 1044 426 0.000149 0
386 185 398 206 0.000148 0
881 330 899 344 0.000148 0
1134 313 1181 408 0.000148 0
366 204 383 232 0.000147 0
415 248 420 268 0.000147 0
754 334 815 372 0.000147 0
598 343 611 367 0.000147 0
752 409 786 440 0.000146 0
1087 448 1116 471 0.000146 0
878 408 897 450 0.000146 0
0 272 49 456 0.000146 0
119 64 264 183 0.000146 0
0 636 18 703 0.000145 0
603 358 620 369 0.000145 0
927 376 944 392 0.000145 0
667 670 724 703 0.000145 0
1253 623 1272 670 0.000145 0
0 64 69 201 0.000144 0
682 384 688 392 0.000144 0
249 644 322 703 0.000144 0
1024 407 1036 423 0.000144 0
299 600 337 665 0.000143 0
1076 338 1119 394 0.000143 0
1247 423 1267 447 0.000143 0
1183 506 1197 518 0.000143 0
111 222 123 242 0.000142 0
0 64 40 452 0.000142 0
0 392 55 456 0.000142 0
666 295 703 355 0.000142 0
681 326 689 350 0.000142 0
1183 442 1192 462 0.000141 0
269 211 280 233 0.000141 0
767 201 785 225 0.000141 0
1129 314 1189 400 0.000141 0
1102 227 1127 254 0.000140 0
94 401 124 440 0.000140 0
751 460 763 480 0.000140 0
748 267 765 307 0.000140 0
792 363 816 392 0.000140 0
156 64 333 221 0.000140 0
1252 523 1279 689 0.000140 0
68 65 211 228 0.000140 0
768 257 840 343 0.000140 0
814 407 830 424 0.000140 0
988 682 1040 703 0.000139 0
673 197 692 213 0.000139 0
1145 454 1168 477 0.000139 0
708 427 724 442 0.000139 0
795 372 812 392 0.000139 0
1055 390 1065 401 0.000139 0
872 384 1029 487 0.000138 0
67 65 196 214 0.000138 0
1071 75 1089 122 0.000138 0
0 120 25 313 0.000138 0
277 177 323 238 0.000138 0
242 637 343 702 0.000137 0
1174 496 1185 520 0.000137 0
1036 389 1065 427 0.000137 0
208 68 334 249 0.000137 0
189 376 220 416 0.000137 0
814 264 851 313 0.000137 0
615 660 668 703 0.000136 0
659 196 744 284 0.000136 0
1088 398 1096 410 0.000136 0
670 454 691 488 0.000136 0
900 335 924 350 0.000136 0
285 629 314 651 0.000136 0
1252 620 1279 704 0.000135 0
816 437 833 455 0.000135 0
629 363 639 379 0.000135 0
1008 336 1024 389 0.000135 0
0 678 54 703 0.000135 0
687 351 693 360 0.000135 0
669 409 689 439 0.000135 0
194 367 243 410 0.000135 0
726 415 736 439 0.000135 0
1041 277 1059 329 0.000134 0
703 341 719 376 0.000134 0
577 364 635 434 0.000134 0
989 184 1006 223 0.000134 0
773 197 794 223 0.000134 0
1165 455 1212 478 0.000134 0
1263 685 1279 703 0.000133 0
644 427 656 440 0.000133 0
80 388 119 444 0.000132 0
264 232 292 296 0.000132 0
1103 600 1112 614 0.000132 0
257 64 343 176 0.000131 0
596 363 640 443 0.000131 0
340 619 370 651 0.000131 0
360 407 385 473 0.000130 0
1251 584 1279 702 0.000130 0
0 438 10 459 0.000130 0
0 276 49 409 0.000130 0
599 611 665 703 0.000129 0
304 677 346 703 0.000129 0
0 89 69 224 0.000129 0
1060 310 1132 334 0.000128 0
914 373 929 407 0.000128 0
1199 64 1208 75 0.000128 0
621 661 666 703 0.000127 0
0 638 16 703 0.000127 0
1217 421 1250 441 0.000127 0
1099 331 1105 344 0.000127 0
819 405 915 477 0.000126 0
1054 406 1128 474 0.000126 0
671 202 691 256 0.000126 0
1156 192 1181 221 0.000126 0
895 330 914 345 0.000126 0
1167 64 1178 73 0.000126 0
1118 402 1128 433 0.000126 0
637 683 680 703 0.000126 0
8 362 69 446 0.000125 0
767 312 800 344 0.000125 0
0 388 46 454 0.000125 0
0 306 54 382 0.000125 0
1103 408 1125 430 0.000125 0
704 318 721 376 0.000125 0
1051 229 1094 296 0.000125 0
671 457 689 488 0.000124 0
991 341 1008 366 0.000124 0
986 180 1016 226 0.000124 0
1265 694 1279 703 0.000124 0
1177 208 1280 326 0.000124 0
1141 328 1162 378 0.000124 0
1252 574 1279 692 0.000124 0
497 186 518 211 0.000124 0
273 601 330 671 0.000123 0
815 405 833 425 0.000123 0
1034 196 1055 236 0.000122 0
671 315 704 371 0.000122 0
812 262 835 323 0.000122 0
1091 410 1120 432 0.000122 0
350 64 498 95 0.000122 0
18 312 73 391 0.000122 0
672 671 724 703 0.000122 0
223 186 246 236 0.000122 0
1021 279 1043 344 0.000122 0
231 680 314 703 0.000122 0
672 651 723 704 0.000122 0
1101 102 1126 134 0.000122 0
1227 621 1278 704 0.000122 0
535 462 543 472 0.000121 0
1253 604 1279 661 0.000121 0
540 657 561 703 0.000121 0
1073 331 1120 393 0.000121 0
1168 441 1187 473 0.000121 0
322 622 393 703 0.000120 0
683 468 721 488 0.000120 0
1228 618 1260 704 0.000120 0
484 366 632 448 0.000120 0
926 373 945 392 0.000120 0
717 436 746 470 0.000120 0
850 407 899 460 0.000120 0
842 406 884 456 0.000119 0
1264 440 1279 464 0.000119 0
591 399 609 435 0.000119 0
775 684 799 701 0.000119 0
801 407 826 427 0.000119 0
519 392 531 407 0.000119 0
1099 110 1137 168 0.000118 0
999 65 1106 235 0.000118 0
901 333 955 388 0.000118 0
1044 277 1059 324 0.000118 0
508 312 527 350 0.000118 0
32 274 46 296 0.000118 0
215 186 244 233 0.000117 0
1224 326 1280 407 0.000117 0
1071 338 1085 369 0.000117 0
759 696 770 703 0.000117 0
820 336 845 362 0.000117 0
1240 420 1279 487 0.000117 0
168 642 252 703 0.000117 0
686 225 703 284 0.000117 0
1220 446 1232 456 0.000117 0
30 309 54 385 0.000116 0
831 404 895 460 0.000116 0
662 295 702 358 0.000116 0
346 64 500 144 0.000116 0
1 588 191 701 0.000116 0
83 383 113 412 0.000116 0
338 614 385 699 0.000116 0
1054 423 1067 443 0.000116 0
676 295 703 351 0.000115 0
308 147 344 235 0.000115 0
328 64 672 208 0.000115 0
666 229 699 286 0.000115 0
665 319 680 351 0.000115 0
186 652 269 703 0.000115 0
286 630 318 650 0.000114 0
576 346 634 434 0.000114 0
848 395 858 409 0.000114 0
662 290 704 369 0.000114 0
339 64 498 162 0.000114 0
759 678 774 703 0.000114 0
0 65 53 422 0.000113 0
137 590 326 692 0.000113 0
0 393 17 459 0.000113 0
741 280 757 302 0.000113 0
372 196 387 208 0.000113 0
1058 221 1184 336 0.000113 0
344 596 372 654 0.000113 0
860 303 911 343 0.000113 0
246 604 335 687 0.000112 0
903 336 933 390 0.000112 0
173 64 328 178 0.000112 0
1260 570 1279 634 0.000112 0
649 668 681 703 0.000112 0
1263 66 1279 169 0.000112 0
1023 409 1036 424 0.000112 0
588 362 631 419 0.000112 0
541 643 556 700 0.000112 0
670 295 704 352 0.000111 0
33 387 65 446 0.000111 0
1235 410 1253 428 0.000111 0
0 386 57 455 0.000111 0
294 66 355 204 0.000111 0
1034 264 1080 337 0.000111 0
766 314 794 343 0.000110 0
576 295 593 322 0.000110 0
1075 351 1177 443 0.000110 0
125 599 145 650 0.000110 0
68 66 215 243 0.000110 0
160 64 275 166 0.000109 0
759 677 789 703 0.000109 0
269 213 280 233 0.000109 0
777 330 792 344 0.000109 0
601 364 623 376 0.000109 0
384 434 400 471 0.000108 0
30 374 59 447 0.000108 0
118 64 263 150 0.000107 0
748 416 782 442 0.000107 0
265 255 291 296 0.000107 0
586 364 627 428 0.000107 0
1254 615 1273 684 0.000107 0
218 186 331 382 0.000107 0
1255 584 1279 685 0.000107 0
30 64 135 208 0.000107 0
1 64 132 197 0.000107 0
1215 423 1249 440 0.000107 0
185 681 255 703 0.000107 0
1049 88 1088 147 0.000107 0
296 599 335 646 0.000106 0
1107 395 1120 407 0.000106 0
850 243 871 297 0.000106 0
21 65 135 210 0.000106 0
646 409 668 428 0.000106 0
141 64 320 91 0.000106 0
192 191 205 216 0.000106 0
912 475 930 513 0.000105 0
959 483 970 508 0.000105 0
789 311 801 338 0.000105 0
801 308 828 342 0.000105 0
119 592 636 704 0.000105 0
913 474 929 495 0.000105 0
822 427 857 465 0.000105 0
1075 406 1124 448 0.000105 0
1077 338 1110 376 0.000104 0
1159 314 1195 395 0.000104 0
704 313 740 376 0.000104 0
1260 67 1279 257 0.000104 0
913 374 928 394 0.000104 0
689 422 703 440 0.000104 0
998 438 1010 455 0.000104 0
154 203 163 227 0.000103 0
1059 393 1077 424 0.000103 0
333 623 379 698 0.000103 0
599 365 640 429 0.000103 0
980 632 1056 703 0.000102 0
1053 437 1070 460 0.000102 0
1071 331 1088 344 0.000102 0
628 201 656 221 0.000102 0
816 400 938 478 0.000102 0
1236 444 1250 461 0.000102 0
0 360 125 442 0.000102 0
718 337 734 360 0.000102 0
1264 422 1279 464 0.000102 0
865 289 913 345 0.000102 0
354 317 385 377 0.000101 0
345 64 501 93 0.000101 0
1103 104 1127 138 0.000101 0
606 609 659 703 0.000101 0
319 406 337 468 0.000100 0
591 423 609 462 0.000100 0
642 457 673 486 0.000100 0
263 592 335 659 0.000100 0
1038 393 1049 409 0.000100 0
326 66 479 223 0.000100 0
1264 681 1279 703 0.000100 0
1150 262 1242 369 0.825317 1
829 232 883 279 0.164351 1
829 231 878 278 0.118614 1
829 240 854 277 0.074783 1
829 233 890 283 0.072443 1
829 233 856 278 0.065029 1
829 238 856 280 0.049943 1
463 221 488 253 0.048169 1
829 233 882 283 0.044305 1
829 232 918 287 0.037277 1
1036 225 1063 261 0.033566 1
460 221 490 253 0.028342 1
829 232 855 276 0.028305 1
457 221 489 253 0.024077 1
1015 231 1067 262 0.023662 1
464 217 488 253 0.023115 1
1003 235 1040 261 0.022452 1
473 223 489 253 0.021452 1
867 238 883 270 0.020130 1
829 240 854 280 0.019506 1
1040 221 1061 252 0.018954 1
1016 238 1041 262 0.018662 1
829 202 857 278 0.018660 1
1013 241 1039 262 0.016870 1
1150 287 1182 354 0.016838 1
1002 232 1041 261 0.016208 1
1035 223 1062 258 0.015664 1
830 210 877 279 0.015663 1
1047 229 1075 253 0.015084 1
867 238 883 273 0.014283 1
467 219 489 253 0.014074 1
460 222 488 253 0.013826 1
1004 219 1071 261 0.013099 1
1030 236 1064 261 0.012863 1
1047 239 1078 258 0.011753 1
867 234 883 269 0.011729 1
1014 236 1041 261 0.011597 1
830 234 878 279 0.011091 1
1201 299 1242 369 0.010357 1
858 233 883 279 0.010045 1
826 231 909 279 0.009547 1
1017 240 1040 262 0.009013 1
463 203 490 253 0.008989 1
16 228 73 257 0.008673 1
829 232 920 292 0.008492 1
1003 221 1059 262 0.008374 1
1036 217 1056 255 0.008056 1
16 223 73 257 0.007887 1
859 217 882 275 0.007562 1
1201 289 1241 369 0.006875 1
1151 282 1241 367 0.006724 1
1151 287 1181 351 0.006675 1
1027 222 1080 255 0.006537 1
1190 263 1227 334 0.006254 1
1177 275 1220 365 0.006235 1
829 223 913 283 0.005996 1
1049 223 1065 249 0.005876 1
0 229 72 258 0.005782 1
867 235 887 274 0.005273 1
454 219 490 253 0.005235 1
1003 220 1054 261 0.004915 1
1192 263 1233 334 0.004855 1
867 237 886 275 0.004757 1
3 223 72 258 0.004680 1
1151 287 1182 340 0.004606 1
1148 287 1180 354 0.004555 1
1199 274 1241 370 0.004449 1
15 230 72 258 0.004359 1
1150 285 1199 356 0.004352 1
1156 280 1216 362 0.004229 1
19 230 71 257 0.004176 1
1190 262 1229 336 0.003961 1
865 238 892 284 0.003951 1
1151 288 1181 334 0.003879 1
17 224 73 256 0.003846 1
832 239 855 281 0.003843 1
865 228 918 293 0.003828 1
1151 289 1180 330 0.003790 1
456 221 488 255 0.003474 1
1049 244 1064 261 0.003449 1
1189 263 1240 342 0.003381 1
1190 262 1238 336 0.003339 1
1168 265 1219 345 0.003314 1
18 218 66 257 0.003242 1
866 239 884 282 0.003234 1
20 220 72 256 0.003234 1
1154 288 1179 318 0.003204 1
1153 286 1214 361 0.003064 1
864 239 919 291 0.003033 1
1164 262 1224 346 0.002996 1
1167 278 1216 361 0.002982 1
1167 271 1217 357 0.002969 1
1155 248 1189 324 0.002872 1
852 238 885 282 0.002682 1
867 232 891 270 0.002666 1
1050 241 1077 262 0.002642 1
15 231 48 257 0.002591 1
865 224 916 285 0.002543 1
1152 288 1180 327 0.002541 1
47 236 72 255 0.002419 1
824 239 853 280 0.002413 1
46 236 72 256 0.002327 1
1186 268 1217 351 0.002283 1
1007 220 1044 258 0.002179 1
863 245 915 288 0.002087 1
6 231 42 257 0.002074 1
45 227 73 255 0.002073 1
47 225 96 256 0.001999 1
409 214 489 254 0.001919 1
17 219 44 250 0.001855 1
1120 287 1181 352 0.001781 1
33 225 97 257 0.001772 1
1156 285 1182 318 0.001765 1
863 254 917 291 0.001759 1
805 212 891 279 0.001735 1
15 230 42 256 0.001597 1
826 238 853 277 0.001586 1
48 228 99 257 0.001583 1
1109 284 1182 353 0.001553 1
1165 250 1224 343 0.001545 1
37 221 81 255 0.001528 1
1146 321 1211 365 0.001515 1
473 219 525 253 0.001508 1
1152 287 1211 360 0.001495 1
829 234 925 294 0.001488 1
1153 288 1180 316 0.001473 1
1153 291 1208 360 0.001471 1
44 235 72 255 0.001454 1
15 220 43 250 0.001426 1
49 223 96 250 0.001409 1
1185 260 1236 364 0.001278 1
121 234 194 263 0.001263 1
847 239 876 282 0.001259 1
19 230 42 255 0.001257 1
1151 301 1202 359 0.001256 1
473 215 518 253 0.001251 1
452 202 490 253 0.001249 1
50 224 97 256 0.001242 1
1189 261 1233 333 0.001192 1
0 234 41 257 0.001181 1
0 230 42 257 0.001178 1
1153 282 1191 331 0.001162 1
1152 294 1175 355 0.001161 1
37 223 97 257 0.001156 1
1151 280 1180 342 0.001140 1
17 230 41 249 0.001096 1
1102 277 1170 348 0.001095 1
1152 287 1186 330 0.001089 1
1192 263 1236 329 0.001055 1
46 233 102 258 0.001040 1
1155 247 1196 335 0.001017 1
1160 287 1242 368 0.001000 1
1147 306 1245 372 0.000991 1
1141 295 1179 353 0.000969 1
1148 296 1176 355 0.000922 1
1201 306 1241 369 0.000922 1
1156 291 1217 361 0.000912 1
1152 319 1175 355 0.000909 1
893 262 923 295 0.000904 1
283 627 347 703 0.000902 1
61 223 98 255 0.000895 1
1150 315 1201 359 0.000887 1
1046 241 1074 296 0.000867 1
1105 302 1173 346 0.000866 1
117 236 194 264 0.000853 1
865 232 919 296 0.000825 1
136 236 193 263 0.000809 1
1158 308 1209 368 0.000805 1
1150 324 1172 355 0.000799 1
828 227 910 342 0.000797 1
828 238 853 312 0.000796 1
1151 289 1202 357 0.000795 1
1102 279 1173 351 0.000768 1
810 198 940 279 0.000759 1
20 229 42 248 0.000752 1
1148 316 1201 391 0.000734 1
1046 258 1072 296 0.000730 1
1047 233 1075 297 0.000728 1
1151 290 1204 359 0.000728 1
284 629 338 703 0.000692 1
1162 309 1201 390 0.000690 1
43 228 99 259 0.000676 1
1167 313 1239 396 0.000636 1
16 228 83 276 0.000625 1
1046 278 1059 296 0.000621 1
1148 324 1207 359 0.000620 1
195 225 245 264 0.000605 1
788 228 894 280 0.000598 1
827 228 921 343 0.000598 1
111 212 164 259 0.000595 1
1048 220 1061 243 0.000594 1
67 224 96 239 0.000593 1
1161 274 1215 345 0.000592 1
863 259 917 292 0.000583 1
1105 278 1178 350 0.000580 1
72 223 100 256 0.000559 1
2 228 42 256 0.000557 1
6 228 74 278 0.000553 1
1013 228 1075 298 0.000545 1
118 217 181 262 0.000543 1
1004 219 1075 266 0.000538 1
1101 312 1149 345 0.000534 1
114 215 168 259 0.000531 1
1159 322 1201 362 0.000526 1
1150 286 1204 357 0.000525 1
853 243 915 297 0.000505 1
1176 258 1233 317 0.000497 1
64 224 95 239 0.000496 1
1102 277 1174 345 0.000491 1
1161 258 1218 345 0.000486 1
1110 315 1153 342 0.000482 1
80 233 158 265 0.000475 1
874 228 905 246 0.000470 1
20 213 62 252 0.000469 1
159 237 193 262 0.000466 1
1192 263 1243 343 0.000463 1
1042 258 1070 297 0.000461 1
133 218 160 238 0.000456 1
1193 259 1231 279 0.000454 1
1144 323 1172 354 0.000452 1
862 258 916 291 0.000449 1
1046 276 1068 295 0.000446 1
128 214 150 237 0.000443 1
1151 316 1202 357 0.000443 1
1195 265 1242 345 0.000442 1
202 234 244 264 0.000438 1
893 262 918 293 0.000433 1
828 256 852 312 0.000432 1
459 213 484 305 0.000429 1
749 231 914 345 0.000429 1
17 227 112 275 0.000420 1
191 215 244 263 0.000418 1
70 223 97 240 0.000411 1
1143 308 1175 352 0.000403 1
736 228 1002 356 0.000400 1
1169 311 1200 390 0.000383 1
4 231 68 273 0.000382 1
1162 318 1201 380 0.000377 1
1109 319 1161 346 0.000367 1
1102 279 1209 359 0.000365 1
1154 318 1200 359 0.000362 1
0 229 76 279 0.000355 1
472 221 527 254 0.000348 1
1207 303 1242 367 0.000345 1
14 230 75 274 0.000343 1
792 186 970 279 0.000343 1
1110 313 1152 344 0.000339 1
901 264 927 296 0.000337 1
867 220 919 284 0.000336 1
1132 283 1180 336 0.000336 1
795 220 854 275 0.000319 1
825 237 870 312 0.000314 1
842 241 912 299 0.000310 1
1139 320 1205 394 0.000310 1
950 273 960 298 0.000309 1
1207 302 1241 359 0.000306 1
1194 263 1233 311 0.000303 1
895 265 911 292 0.000302 1
1033 198 1054 254 0.000300 1
192 227 245 263 0.000300 1
1195 259 1233 279 0.000288 1
1002 216 1080 270 0.000288 1
144 238 193 264 0.000286 1
849 239 929 298 0.000279 1
1103 277 1175 338 0.000278 1
1147 326 1178 358 0.000277 1
206 237 243 266 0.000275 1
1194 261 1231 289 0.000275 1
729 224 1026 367 0.000274 1
1126 276 1181 336 0.000273 1
30 213 41 241 0.000269 1
1010 227 1072 298 0.000265 1
111 211 152 251 0.000265 1
832 211 992 296 0.000263 1
1149 280 1230 365 0.000262 1
894 263 912 289 0.000260 1
1192 262 1215 272 0.000255 1
1153 249 1187 342 0.000253 1
0 224 67 260 0.000253 1
36 235 76 268 0.000253 1
1003 230 1070 298 0.000246 1
978 209 1098 330 0.000246 1
1210 304 1242 366 0.000246 1
126 206 159 238 0.000244 1
2 232 49 271 0.000244 1
210 215 246 264 0.000244 1
1194 325 1241 369 0.000243 1
32 234 74 267 0.000241 1
895 266 906 286 0.000240 1
1197 261 1234 285 0.000234 1
1194 264 1238 324 0.000222 1
141 219 166 239 0.000222 1
868 233 923 297 0.000219 1
804 192 1074 296 0.000217 1
1202 304 1242 366 0.000217 1
827 184 970 292 0.000214 1
132 216 194 262 0.000210 1
123 208 137 237 0.000207 1
27 214 66 247 0.000205 1
216 236 242 263 0.000203 1
812 261 849 289 0.000195 1
760 234 868 278 0.000191 1
1014 238 1067 298 0.000191 1
111 217 135 250 0.000191 1
790 218 863 278 0.000186 1
11 231 68 290 0.000177 1
894 264 922 296 0.000174 1
1198 263 1231 282 0.000173 1
1160 262 1242 368 0.000171 1
20 229 72 290 0.000167 1
1198 263 1233 305 0.000165 1
1152 305 1263 422 0.000164 1
1201 324 1239 369 0.000163 1
718 243 1017 365 0.000162 1
1172 263 1243 363 0.000160 1
995 236 1068 294 0.000159 1
1127 324 1177 368 0.000158 1
222 241 242 266 0.000156 1
1125 277 1163 337 0.000156 1
812 262 852 313 0.000150 1
1052 277 1072 296 0.000149 1
1009 231 1067 298 0.000142 1
1211 261 1233 271 0.000128 1
707 177 932 335 0.000126 1
1200 320 1239 369 0.000125 1
7 206 102 257 0.000124 1
1199 239 1220 271 0.000121 1
1024 279 1059 335 0.000119 1
1208 301 1240 343 0.000115 1
910 263 921 294 0.000112 1
809 262 833 280 0.000111 1
1212 260 1240 275 0.000110 1
768 233 852 285 0.000110 1
1212 304 1241 360 0.000109 1
1206 262 1241 282 0.000106 1
333 234 352 255 0.000104 1
810 263 833 285 0.000101 1
305 187 322 198 0.065992 2
305 186 323 198 0.056763 2
697 202 729 235 0.040308 2
501 207 515 216 0.025364 2
701 209 728 234 0.023189 2
607 201 649 215 0.020569 2
696 206 729 234 0.020522 2
530 205 549 218 0.020109 2
1113 218 1133 240 0.019367 2
1113 219 1133 235 0.018951 2
1115 217 1177 246 0.018629 2
695 199 730 235 0.017594 2
1085 213 1126 248 0.017501 2
472 217 540 253 0.016373 2
595 195 650 215 0.015336 2
697 208 728 234 0.015134 2
1139 232 1166 247 0.014782 2
1113 217 1134 231 0.014728 2
530 202 554 217 0.014565 2
1003 199 1025 226 0.014545 2
1113 219 1134 238 0.013777 2
604 200 651 216 0.013564 2
1003 202 1025 229 0.013519 2
529 199 554 218 0.013326 2
528 203 548 217 0.013170 2
470 213 539 253 0.012469 2
1113 215 1176 246 0.012212 2
469 210 541 254 0.012102 2
531 203 552 217 0.011805 2
1112 218 1133 241 0.011779 2
1074 213 1124 248 0.011538 2
451 420 525 447 0.010883 2
0 361 79 393 0.010372 2
932 244 957 255 0.010262 2
633 202 651 216 0.010231 2
696 205 730 235 0.010145 2
319 204 331 231 0.009697 2
1085 216 1121 248 0.009379 2
1081 209 1128 248 0.009357 2
704 199 729 234 0.008960 2
1139 232 1163 247 0.008917 2
1071 210 1125 248 0.008395 2
293 176 311 198 0.008285 2
319 209 331 231 0.008128 2
707 210 728 234 0.008120 2
1113 217 1133 232 0.008067 2
705 207 728 234 0.007765 2
1113 216 1140 232 0.007743 2
1139 231 1173 247 0.007670 2
458 421 528 448 0.007398 2
0 362 73 392 0.007389 2
1007 203 1024 226 0.007268 2
467 207 540 254 0.007234 2
470 225 542 254 0.007200 2
1085 210 1130 246 0.007197 2
452 420 514 442 0.007077 2
822 329 847 343 0.006824 2
454 222 489 253 0.006769 2
453 419 514 441 0.006616 2
1063 242 1081 251 0.006374 2
1102 218 1127 248 0.006350 2
633 202 647 215 0.006308 2
1068 242 1081 251 0.006289 2
1049 235 1081 253 0.006231 2
1063 213 1125 250 0.006196 2
157 416 167 423 0.006036 2
1113 218 1146 244 0.005892 2
1102 228 1120 248 0.005801 2
455 419 518 441 0.005788 2
1062 209 1124 249 0.005763 2
1100 223 1120 248 0.005747 2
305 184 337 199 0.005735 2
528 200 555 218 0.005700 2
985 203 1026 228 0.005498 2
599 463 608 471 0.005478 2
108 399 181 425 0.005426 2
474 225 540 253 0.005419 2
489 205 516 217 0.005347 2
0 361 48 377 0.005109 2
848 471 866 478 0.004831 2
453 204 465 220 0.004700 2
494 230 540 253 0.004604 2
592 423 609 434 0.004502 2
463 421 521 439 0.004470 2
294 176 306 198 0.004295 2
319 202 335 231 0.004213 2
1062 211 1123 251 0.004204 2
1086 214 1122 246 0.004169 2
1006 221 1023 229 0.004128 2
1008 219 1024 229 0.004108 2
0 362 64 392 0.004013 2
821 329 847 344 0.003964 2
1006 209 1024 229 0.003932 2
932 242 958 255 0.003910 2
467 199 540 254 0.003830 2
1225 196 1256 233 0.003810 2
497 436 528 448 0.003763 2
631 375 659 396 0.003755 2
981 204 1026 230 0.003641 2
638 688 672 703 0.003630 2
451 420 499 442 0.003565 2
507 437 528 448 0.003535 2
1087 208 1131 238 0.003527 2
982 202 1035 237 0.003492 2
451 421 528 449 0.003451 2
452 204 465 222 0.003428 2
451 423 482 441 0.003403 2
109 398 177 424 0.003393 2
456 201 538 253 0.003284 2
191 392 223 416 0.003283 2
477 201 516 217 0.003183 2
518 231 537 246 0.003183 2
490 199 504 211 0.003175 2
0 361 53 377 0.003172 2
292 175 317 198 0.003149 2
448 421 485 442 0.003093 2
111 400 178 424 0.003092 2
509 230 538 248 0.003084 2
632 201 653 216 0.003023 2
1015 339 1024 344 0.002955 2
591 424 607 433 0.002940 2
1104 219 1133 248 0.002883 2
480 198 510 216 0.002865 2
449 420 498 441 0.002863 2
520 231 537 246 0.002848 2
1010 203 1032 226 0.002829 2
957 207 991 250 0.002770 2
1004 196 1040 222 0.002770 2
442 221 490 254 0.002750 2
447 424 464 443 0.002704 2
496 434 528 448 0.002700 2
497 233 542 253 0.002693 2
1 361 49 381 0.002691 2
1103 229 1120 248 0.002688 2
662 454 684 463 0.002666 2
920 207 994 257 0.002654 2
512 231 539 248 0.002602 2
495 234 542 253 0.002592 2
960 207 984 222 0.002581 2
927 238 955 254 0.002555 2
1108 212 1177 246 0.002544 2
589 190 653 217 0.002535 2
1071 214 1097 234 0.002514 2
1263 248 1279 270 0.002504 2
1023 456 1032 464 0.002477 2
458 409 516 441 0.002464 2
1078 213 1124 250 0.002411 2
448 202 466 221 0.002396 2
474 220 539 253 0.002372 2
989 199 1026 227 0.002361 2
274 183 294 192 0.002297 2
0 360 49 377 0.002292 2
633 198 653 216 0.002235 2
968 203 1032 256 0.002207 2
191 392 216 416 0.002201 2
1222 196 1257 233 0.002189 2
191 392 213 415 0.002188 2
1008 206 1035 227 0.002183 2
0 362 61 393 0.002152 2
631 374 659 396 0.002148 2
607 202 618 215 0.002125 2
495 430 526 447 0.002062 2
105 398 183 421 0.002046 2
1095 208 1134 232 0.001943 2
714 198 729 231 0.001937 2
113 410 144 428 0.001910 2
494 432 527 449 0.001887 2
448 422 482 443 0.001875 2
703 199 743 216 0.001848 2
447 423 464 443 0.001846 2
459 408 516 440 0.001836 2
453 410 516 443 0.001828 2
518 233 544 253 0.001801 2
1262 246 1279 269 0.001801 2
906 206 993 254 0.001749 2
955 207 994 253 0.001741 2
879 199 951 244 0.001738 2
972 219 990 249 0.001738 2
520 191 555 218 0.001720 2
802 212 849 240 0.001681 2
1217 196 1256 233 0.001681 2
503 314 512 335 0.001670 2
971 208 999 253 0.001653 2
470 204 519 252 0.001610 2
820 329 848 345 0.001598 2
832 504 841 510 0.001588 2
551 202 561 216 0.001578 2
656 452 686 464 0.001571 2
801 214 844 239 0.001550 2
702 199 737 235 0.001534 2
1120 64 1152 77 0.001524 2
879 198 939 235 0.001522 2
621 192 637 201 0.001497 2
998 196 1050 224 0.001497 2
113 411 129 427 0.001496 2
191 392 213 411 0.001466 2
467 421 540 439 0.001460 2
175 401 191 417 0.001449 2
839 503 847 510 0.001441 2
293 176 309 198 0.001440 2
499 431 527 447 0.001427 2
506 233 541 253 0.001409 2
1003 186 1056 222 0.001400 2
1003 215 1039 260 0.001381 2
323 189 339 199 0.001349 2
111 408 144 437 0.001344 2
1076 218 1092 233 0.001337 2
1005 187 1066 220 0.001335 2
1264 367 1279 376 0.001332 2
7 359 49 378 0.001331 2
1262 216 1279 270 0.001324 2
191 392 214 413 0.001309 2
551 200 563 216 0.001305 2
931 241 957 255 0.001285 2
704 201 737 230 0.001281 2
1262 168 1279 181 0.001243 2
698 201 798 237 0.001239 2
1002 188 1049 225 0.001237 2
1263 366 1279 375 0.001224 2
1093 208 1137 232 0.001209 2
563 201 577 215 0.001206 2
502 200 515 212 0.001194 2
2 372 334 500 0.001184 2
358 219 368 231 0.001180 2
625 192 656 215 0.001162 2
3 265 330 398 0.001158 2
973 207 984 222 0.001157 2
1263 252 1279 270 0.001147 2
315 198 334 231 0.001141 2
104 395 331 477 0.001134 2
1233 196 1256 233 0.001133 2
429 223 439 230 0.001132 2
981 185 1045 229 0.001128 2
603 456 673 473 0.001126 2
582 431 591 439 0.001126 2
514 240 545 253 0.001117 2
1086 217 1098 232 0.001110 2
922 206 1013 258 0.001106 2
107 403 153 429 0.001095 2
107 397 178 421 0.001094 2
175 398 192 416 0.001092 2
144 393 224 446 0.001089 2
592 448 608 458 0.001078 2
110 697 128 703 0.001066 2
155 393 224 446 0.001064 2
974 203 1038 259 0.001063 2
589 198 610 214 0.001047 2
464 408 516 437 0.001047 2
260 197 271 212 0.001046 2
959 208 982 220 0.001028 2
203 397 223 415 0.001018 2
1257 200 1279 258 0.001009 2
273 181 314 199 0.001006 2
431 203 491 254 0.001002 2
274 178 312 198 0.001000 2
116 398 177 423 0.000972 2
475 207 518 252 0.000967 2
111 408 136 438 0.000954 2
972 208 986 230 0.000952 2
1119 64 1153 78 0.000951 2
117 396 200 419 0.000940 2
993 213 1026 245 0.000939 2
639 459 671 471 0.000937 2
1014 339 1023 345 0.000932 2
1 260 337 487 0.000924 2
308 183 337 197 0.000914 2
295 200 332 232 0.000906 2
449 204 466 222 0.000903 2
1259 204 1279 235 0.000895 2
103 398 180 427 0.000887 2
304 180 323 198 0.000874 2
702 203 737 234 0.000874 2
620 192 650 215 0.000873 2
454 202 465 218 0.000864 2
1229 226 1279 268 0.000859 2
176 401 193 417 0.000854 2
116 397 181 420 0.000852 2
886 199 939 248 0.000848 2
473 211 517 252 0.000832 2
0 362 50 392 0.000825 2
130 411 144 426 0.000824 2
1112 210 1205 246 0.000820 2
648 455 656 461 0.000811 2
153 416 168 424 0.000809 2
803 182 854 231 0.000809 2
274 184 292 194 0.000808 2
356 217 368 230 0.000807 2
191 371 225 417 0.000807 2
1035 322 1087 338 0.000789 2
154 408 176 424 0.000774 2
698 216 728 236 0.000773 2
450 421 501 447 0.000773 2
896 202 912 232 0.000771 2
900 624 911 631 0.000770 2
655 453 671 463 0.000767 2
118 397 200 423 0.000765 2
319 200 354 233 0.000718 2
128 410 144 435 0.000716 2
916 208 1037 260 0.000695 2
175 394 215 417 0.000694 2
526 428 591 439 0.000688 2
447 427 463 445 0.000682 2
519 231 543 251 0.000674 2
324 199 385 233 0.000663 2
1259 199 1279 269 0.000660 2
954 207 983 250 0.000659 2
0 283 6 294 0.000655 2
868 177 943 200 0.000653 2
109 409 128 436 0.000628 2
801 190 858 240 0.000621 2
0 362 61 411 0.000621 2
591 448 607 458 0.000612 2
750 439 766 449 0.000608 2
1071 201 1099 234 0.000607 2
888 201 912 237 0.000604 2
996 195 1059 259 0.000603 2
105 393 310 462 0.000602 2
1263 347 1279 365 0.000599 2
0 362 77 394 0.000598 2
802 187 853 240 0.000596 2
152 399 222 425 0.000594 2
0 280 7 294 0.000593 2
104 402 128 435 0.000583 2
1076 195 1094 210 0.000579 2
967 217 994 254 0.000579 2
359 410 368 415 0.000573 2
1015 319 1041 345 0.000572 2
164 395 224 448 0.000569 2
1263 346 1279 376 0.000568 2
639 455 659 470 0.000565 2
596 449 608 470 0.000563 2
1142 232 1170 247 0.000561 2
1216 201 1280 268 0.000559 2
2 360 334 482 0.000557 2
249 413 263 424 0.000554 2
673 461 691 470 0.000544 2
591 462 608 472 0.000544 2
895 624 905 630 0.000540 2
141 397 224 448 0.000537 2
1261 201 1279 269 0.000536 2
1032 323 1088 348 0.000536 2
863 335 883 343 0.000536 2
961 201 990 224 0.000534 2
312 189 336 231 0.000533 2
638 457 672 472 0.000532 2
931 206 975 255 0.000528 2
156 399 224 424 0.000527 2
552 174 578 215 0.000527 2
696 214 728 237 0.000520 2
1261 198 1279 237 0.000518 2
918 203 982 247 0.000517 2
1239 209 1280 268 0.000508 2
305 186 333 230 0.000492 2
202 394 224 447 0.000489 2
144 400 225 446 0.000483 2
1067 186 1122 248 0.000477 2
447 422 492 446 0.000475 2
0 361 74 414 0.000472 2
110 401 181 438 0.000463 2
320 408 340 413 0.000462 2
325 198 388 235 0.000460 2
0 364 320 549 0.000460 2
1230 168 1246 181 0.000448 2
1263 169 1279 181 0.000445 2
1061 191 1122 249 0.000445 2
152 637 235 679 0.000444 2
141 398 225 444 0.000443 2
106 395 223 446 0.000442 2
631 376 657 396 0.000440 2
83 240 129 264 0.000435 2
1122 64 1152 76 0.000434 2
962 200 989 219 0.000434 2
1262 169 1279 183 0.000434 2
654 449 697 468 0.000434 2
0 362 54 410 0.000431 2
101 390 129 435 0.000429 2
496 240 533 253 0.000428 2
193 370 225 411 0.000423 2
448 423 472 446 0.000422 2
448 412 497 443 0.000422 2
0 252 332 401 0.000422 2
1029 319 1089 338 0.000421 2
284 630 344 681 0.000420 2
688 454 704 469 0.000420 2
184 392 224 444 0.000416 2
1264 349 1279 364 0.000409 2
850 438 871 454 0.000409 2
592 423 624 435 0.000405 2
611 455 624 465 0.000404 2
1007 193 1055 225 0.000402 2
249 411 263 424 0.000399 2
607 455 624 468 0.000399 2
873 200 941 253 0.000399 2
0 362 79 433 0.000396 2
349 402 386 467 0.000395 2
127 600 144 626 0.000394 2
1261 354 1279 406 0.000393 2
1 175 497 391 0.000392 2
0 242 16 291 0.000388 2
930 200 954 210 0.000388 2
604 455 670 471 0.000388 2
744 200 768 215 0.000387 2
1033 325 1088 345 0.000386 2
127 394 223 426 0.000382 2
319 198 370 234 0.000382 2
101 394 166 429 0.000381 2
0 250 19 295 0.000380 2
1210 219 1275 265 0.000380 2
110 416 120 436 0.000379 2
149 627 192 677 0.000378 2
918 198 954 219 0.000377 2
1093 208 1150 234 0.000377 2
847 438 860 451 0.000373 2
19 200 36 206 0.000372 2
431 424 456 441 0.000371 2
299 187 330 234 0.000370 2
106 395 224 463 0.000368 2
319 200 354 243 0.000362 2
689 458 704 469 0.000360 2
1262 330 1279 372 0.000359 2
691 197 728 232 0.000359 2
590 425 608 439 0.000355 2
149 632 229 679 0.000351 2
0 363 45 398 0.000350 2
1263 168 1279 242 0.000346 2
1163 326 1279 418 0.000344 2
1017 319 1054 343 0.000338 2
539 424 580 434 0.000337 2
874 199 918 245 0.000337 2
1032 323 1088 339 0.000337 2
150 626 183 674 0.000337 2
633 374 662 396 0.000333 2
789 233 809 239 0.000333 2
0 361 50 454 0.000332 2
350 398 385 474 0.000332 2
976 528 987 536 0.000330 2
1249 202 1277 235 0.000330 2
150 392 224 438 0.000327 2
149 627 186 674 0.000317 2
2 359 71 381 0.000317 2
1211 196 1278 267 0.000316 2
717 301 767 339 0.000316 2
445 176 466 219 0.000315 2
684 452 703 469 0.000312 2
89 396 223 471 0.000310 2
288 176 311 198 0.000308 2
62 255 93 265 0.000308 2
0 364 77 393 0.000305 2
476 207 518 244 0.000305 2
1225 162 1268 181 0.000304 2
226 209 243 237 0.000303 2
104 241 150 264 0.000303 2
591 423 609 439 0.000302 2
330 199 387 233 0.000302 2
719 312 749 339 0.000301 2
348 411 435 440 0.000299 2
661 460 672 471 0.000299 2
1241 196 1278 235 0.000298 2
175 392 216 417 0.000295 2
468 408 525 438 0.000294 2
465 408 516 431 0.000294 2
0 359 80 391 0.000293 2
973 252 987 261 0.000292 2
1102 196 1122 208 0.000291 2
319 408 335 413 0.000290 2
0 362 38 379 0.000288 2
1038 325 1088 338 0.000287 2
634 378 658 397 0.000287 2
988 682 1040 703 0.000286 2
664 456 689 471 0.000284 2
431 422 463 442 0.000283 2
605 201 659 223 0.000281 2
317 201 334 267 0.000280 2
314 648 340 673 0.000280 2
1264 351 1279 372 0.000279 2
915 215 943 254 0.000278 2
384 453 405 471 0.000275 2
530 201 555 221 0.000275 2
700 213 728 236 0.000275 2
1174 471 1194 479 0.000274 2
1157 248 1279 339 0.000273 2
0 282 20 295 0.000273 2
766 694 810 703 0.000272 2
1228 302 1279 358 0.000271 2
196 394 224 448 0.000271 2
720 317 745 336 0.000269 2
101 395 223 438 0.000268 2
327 407 352 454 0.000267 2
867 176 941 199 0.000267 2
606 457 626 471 0.000267 2
319 404 352 460 0.000267 2
1233 303 1279 370 0.000266 2
305 186 325 202 0.000266 2
1263 362 1279 406 0.000266 2
174 392 208 416 0.000265 2
511 338 522 350 0.000262 2
102 390 127 404 0.000259 2
1109 188 1182 248 0.000259 2
557 201 590 216 0.000257 2
109 405 128 465 0.000256 2
609 456 673 486 0.000255 2
1100 183 1123 204 0.000255 2
1213 165 1259 236 0.000253 2
492 408 515 422 0.000253 2
1085 213 1178 252 0.000253 2
1028 323 1089 386 0.000252 2
584 182 702 217 0.000252 2
1055 465 1066 471 0.000252 2
467 407 573 439 0.000252 2
591 450 608 463 0.000252 2
4 262 466 397 0.000250 2
719 303 763 338 0.000250 2
0 360 35 435 0.000250 2
333 406 352 458 0.000249 2
357 414 434 438 0.000249 2
1173 344 1279 421 0.000248 2
0 364 80 392 0.000247 2
821 328 864 344 0.000247 2
1 67 452 398 0.000246 2
382 453 416 471 0.000246 2
102 395 272 475 0.000246 2
352 212 375 231 0.000242 2
321 625 377 704 0.000240 2
1264 366 1279 406 0.000240 2
286 631 356 676 0.000238 2
431 415 462 442 0.000238 2
1069 326 1088 336 0.000237 2
152 634 211 679 0.000237 2
255 454 281 465 0.000236 2
1249 188 1275 226 0.000236 2
162 392 223 434 0.000236 2
454 221 488 258 0.000235 2
821 329 848 357 0.000234 2
345 198 388 230 0.000233 2
900 456 913 463 0.000231 2
493 408 511 419 0.000231 2
1017 321 1060 351 0.000229 2
607 447 624 462 0.000228 2
343 402 433 468 0.000228 2
217 450 289 468 0.000228 2
103 391 120 403 0.000227 2
431 418 454 441 0.000227 2
321 407 347 414 0.000226 2
1109 177 1205 246 0.000224 2
44 364 81 392 0.000222 2
273 184 296 209 0.000222 2
322 402 389 464 0.000220 2
228 205 241 226 0.000218 2
1039 322 1056 336 0.000217 2
976 535 986 543 0.000216 2
491 406 591 439 0.000216 2
719 322 745 340 0.000216 2
1034 321 1056 335 0.000216 2
1224 161 1278 182 0.000216 2
383 413 432 439 0.000214 2
287 632 309 655 0.000213 2
307 627 368 687 0.000212 2
0 364 40 410 0.000212 2
31 261 48 295 0.000211 2
675 455 705 470 0.000211 2
1264 365 1279 409 0.000210 2
532 424 587 438 0.000209 2
142 404 226 445 0.000209 2
352 199 386 233 0.000208 2
1233 543 1257 551 0.000208 2
859 189 985 268 0.000205 2
582 454 591 461 0.000205 2
344 614 384 657 0.000204 2
633 376 658 395 0.000203 2
48 396 220 469 0.000203 2
1263 327 1279 373 0.000203 2
599 201 657 223 0.000202 2
60 255 92 264 0.000201 2
149 626 187 677 0.000201 2
639 423 650 435 0.000200 2
476 179 518 216 0.000200 2
0 379 33 444 0.000200 2
651 426 694 440 0.000200 2
1225 161 1261 181 0.000200 2
1074 180 1171 248 0.000199 2
819 329 848 359 0.000197 2
903 178 938 200 0.000196 2
604 343 657 377 0.000195 2
430 213 491 256 0.000195 2
600 460 627 471 0.000194 2
309 403 399 464 0.000194 2
388 454 416 468 0.000193 2
148 629 226 679 0.000193 2
3 237 527 396 0.000193 2
700 197 777 235 0.000192 2
88 388 128 438 0.000190 2
482 186 497 202 0.000190 2
377 413 432 439 0.000190 2
0 391 223 472 0.000190 2
1152 233 1279 349 0.000188 2
700 204 770 235 0.000186 2
1038 322 1056 335 0.000184 2
0 365 18 391 0.000184 2
721 320 744 339 0.000183 2
111 406 144 439 0.000182 2
553 195 618 216 0.000181 2
83 397 222 476 0.000181 2
1022 324 1083 389 0.000181 2
1209 203 1263 264 0.000181 2
0 360 32 376 0.000181 2
128 392 207 421 0.000180 2
339 616 384 667 0.000180 2
458 306 513 347 0.000179 2
384 452 413 471 0.000178 2
1185 276 1279 351 0.000177 2
1014 320 1082 382 0.000176 2
503 311 528 349 0.000176 2
530 204 551 221 0.000175 2
338 198 387 227 0.000173 2
31 360 81 391 0.000172 2
145 629 221 679 0.000170 2
357 414 440 451 0.000169 2
1243 420 1279 467 0.000165 2
6 398 228 477 0.000165 2
334 206 353 231 0.000164 2
1264 370 1279 410 0.000163 2
713 303 761 339 0.000163 2
5 172 447 383 0.000162 2
127 408 144 438 0.000162 2
1 283 24 295 0.000161 2
211 445 302 467 0.000160 2
0 386 34 453 0.000160 2
309 632 365 676 0.000160 2
480 407 583 438 0.000160 2
1201 281 1279 357 0.000157 2
915 198 985 221 0.000156 2
0 400 239 479 0.000156 2
114 408 171 439 0.000155 2
227 177 326 278 0.000154 2
603 327 657 366 0.000152 2
478 696 514 703 0.000152 2
616 321 685 370 0.000152 2
1015 321 1087 388 0.000152 2
368 452 401 471 0.000152 2
1193 283 1279 417 0.000151 2
236 446 303 468 0.000151 2
1020 321 1088 388 0.000151 2
820 326 865 343 0.000151 2
956 199 988 218 0.000151 2
3 367 80 392 0.000149 2
312 625 370 704 0.000147 2
848 528 864 536 0.000147 2
349 403 388 433 0.000146 2
983 527 991 536 0.000146 2
0 376 16 393 0.000146 2
1029 326 1090 382 0.000146 2
1193 296 1279 419 0.000145 2
327 198 388 225 0.000145 2
374 415 432 442 0.000145 2
322 626 369 693 0.000145 2
639 427 651 440 0.000143 2
619 321 684 364 0.000143 2
289 646 351 694 0.000140 2
478 237 534 254 0.000140 2
716 332 750 363 0.000139 2
390 418 434 440 0.000138 2
594 455 673 482 0.000138 2
352 402 406 476 0.000138 2
1113 209 1151 226 0.000137 2
108 406 128 473 0.000137 2
775 231 789 237 0.000137 2
1240 343 1264 357 0.000137 2
735 299 765 311 0.000137 2
364 412 433 475 0.000137 2
492 435 528 453 0.000136 2
591 423 624 461 0.000136 2
224 209 243 240 0.000136 2
383 208 502 301 0.000135 2
516 174 583 218 0.000135 2
319 407 345 450 0.000135 2
636 687 680 703 0.000135 2
469 407 586 439 0.000135 2
719 318 745 359 0.000135 2
108 412 128 455 0.000134 2
479 232 548 278 0.000134 2
721 301 764 311 0.000134 2
640 391 695 423 0.000133 2
628 456 672 486 0.000133 2
172 648 239 680 0.000133 2
333 615 384 699 0.000133 2
459 306 514 353 0.000132 2
525 430 592 457 0.000131 2
488 236 566 278 0.000131 2
1242 323 1279 377 0.000130 2
942 696 952 702 0.000130 2
713 199 785 235 0.000130 2
0 355 263 579 0.000129 2
512 198 552 246 0.000129 2
1264 367 1279 412 0.000129 2
633 373 665 396 0.000128 2
628 356 660 398 0.000128 2
348 404 387 431 0.000128 2
100 408 128 473 0.000128 2
0 371 17 410 0.000127 2
0 361 111 449 0.000126 2
47 369 81 392 0.000126 2
1194 329 1271 405 0.000126 2
1223 237 1250 266 0.000126 2
384 444 401 471 0.000126 2
151 629 192 679 0.000125 2
62 254 93 278 0.000125 2
481 407 574 430 0.000125 2
181 648 238 680 0.000125 2
321 405 352 426 0.000125 2
907 93 933 121 0.000125 2
340 401 421 440 0.000124 2
1169 201 1275 265 0.000124 2
1036 322 1085 356 0.000124 2
574 241 591 247 0.000124 2
847 185 874 229 0.000124 2
424 209 490 255 0.000124 2
640 413 670 438 0.000123 2
138 401 225 470 0.000123 2
35 253 94 280 0.000123 2
602 343 651 377 0.000123 2
255 408 288 426 0.000122 2
1245 422 1279 462 0.000122 2
927 244 964 263 0.000122 2
458 239 615 285 0.000121 2
556 181 587 215 0.000121 2
0 383 23 447 0.000121 2
526 426 593 456 0.000121 2
2 257 195 401 0.000120 2
748 200 769 215 0.000120 2
139 400 228 443 0.000120 2
394 408 432 430 0.000119 2
191 171 342 243 0.000119 2
256 178 327 296 0.000117 2
309 183 380 226 0.000117 2
223 445 302 467 0.000117 2
630 407 672 431 0.000115 2
1046 455 1072 469 0.000115 2
911 178 950 203 0.000115 2
928 244 989 264 0.000115 2
408 400 429 411 0.000115 2
377 409 437 439 0.000114 2
1029 276 1251 393 0.000114 2
333 204 354 243 0.000113 2
874 177 955 219 0.000113 2
423 203 489 254 0.000113 2
467 433 528 453 0.000113 2
635 392 693 440 0.000112 2
295 630 369 703 0.000112 2
32 688 48 695 0.000112 2
224 407 288 429 0.000112 2
761 695 811 703 0.000111 2
193 247 229 264 0.000111 2
383 407 432 440 0.000110 2
601 337 655 370 0.000109 2
435 410 474 444 0.000109 2
0 240 49 290 0.000109 2
317 402 389 475 0.000108 2
604 344 644 377 0.000107 2
421 431 433 440 0.000107 2
719 334 732 352 0.000107 2
557 435 592 457 0.000107 2
61 254 94 283 0.000107 2
1201 341 1279 426 0.000107 2
614 321 659 366 0.000106 2
1006 321 1046 361 0.000106 2
382 447 416 470 0.000105 2
714 336 757 372 0.000104 2
875 176 945 200 0.000104 2
35 253 95 287 0.000104 2
174 397 225 469 0.000104 2
719 301 763 333 0.000104 2
1159 245 1279 347 0.000103 2
593 460 609 473 0.000103 2
827 277 860 311 0.000102 2
643 391 691 410 0.000102 2
396 389 453 436 0.000102 2
620 321 671 359 0.000102 2
227 445 313 469 0.000101 2
348 444 401 471 0.000101 2
0 252 29 295 0.000101 2
12 358 69 378 0.000101 2
602 456 672 478 0.000101 2
1 378 216 480 0.000100 2
462 220 489 253 0.043168 3
460 204 489 254 0.004486 3
1213 165 1279 268 0.009725 5
1198 163 1279 269 0.007387 5
1207 164 1279 235 0.006626 5
1202 163 1280 233 0.004223 5
1213 163 1279 244 0.002838 5
1156 162 1279 269 0.002052 5
1212 161 1279 232 0.001672 5
1186 165 1279 233 0.001638 5
1192 161 1279 233 0.001600 5
1222 162 1279 214 0.000840 5
1220 161 1279 223 0.000676 5
1218 162 1276 229 0.000417 5
1225 162 1279 181 0.000403 5
1219 172 1270 235 0.000282 5
995 182 1052 223 0.000209 5
612 165 660 215 0.000177 5
1211 163 1265 211 0.000170 5
1149 185 1279 345 0.000162 5
1006 183 1055 218 0.000162 5
797 173 1005 276 0.000159 5
1133 199 1278 341 0.000124 5
1006 182 1064 219 0.000121 5
697 152 953 238 0.080994 6
712 258 1274 499 0.017863 6
692 284 1279 497 0.013968 6
1201 163 1279 268 0.012734 6
661 254 1275 499 0.012330 6
1190 161 1279 269 0.007993 6
715 328 1273 495 0.007541 6
640 334 1056 481 0.007341 6
468 169 582 205 0.006545 6
514 172 580 203 0.005417 6
672 324 1275 500 0.004786 6
691 338 1034 480 0.004250 6
467 159 582 208 0.004141 6
722 340 1038 485 0.003673 6
641 290 1067 479 0.003410 6
640 260 1080 481 0.003224 6
838 448 1028 486 0.003100 6
720 346 1266 489 0.003047 6
662 236 1274 491 0.003031 6
493 171 580 206 0.002890 6
1086 158 1278 269 0.002816 6
830 453 1025 486 0.002309 6
445 158 585 212 0.002229 6
446 161 583 218 0.002155 6
1042 345 1279 498 0.002125 6
854 454 1024 486 0.002100 6
1043 327 1279 488 0.002043 6
814 306 1279 492 0.001804 6
836 434 1027 486 0.001782 6
1080 139 1279 271 0.001764 6
508 160 581 203 0.001737 6
454 418 591 461 0.001712 6
718 332 1148 485 0.001595 6
720 399 1271 495 0.001595 6
1051 308 1279 486 0.001593 6
850 452 1025 485 0.001555 6
454 419 591 450 0.001520 6
453 167 585 217 0.001516 6
1073 160 1279 274 0.001494 6
640 265 1042 474 0.001443 6
1040 412 1279 507 0.001429 6
715 252 1270 482 0.001429 6
442 399 704 463 0.001297 6
827 135 940 166 0.001273 6
881 455 1025 486 0.001261 6
687 358 1273 503 0.001240 6
748 419 882 476 0.001181 6
828 334 1279 504 0.001177 6
444 174 518 217 0.001124 6
825 135 939 163 0.001117 6
748 419 908 477 0.001035 6
736 435 1065 489 0.001027 6
718 187 1268 416 0.000849 6
1022 333 1279 505 0.000812 6
1016 324 1278 488 0.000810 6
640 353 1016 476 0.000794 6
463 420 591 459 0.000777 6
751 447 1022 484 0.000724 6
416 248 951 473 0.000721 6
688 258 1087 489 0.000717 6
446 175 542 215 0.000696 6
444 380 705 460 0.000695 6
459 260 958 474 0.000679 6
698 261 1164 413 0.000666 6
720 233 1279 482 0.000652 6
449 317 957 475 0.000649 6
1037 254 1279 486 0.000638 6
1080 479 1279 702 0.000634 6
831 414 1035 486 0.000631 6
428 304 951 472 0.000621 6
745 416 894 475 0.000619 6
846 239 1279 493 0.000616 6
439 159 685 216 0.000611 6
442 348 956 475 0.000608 6
454 384 708 465 0.000602 6
826 134 939 161 0.000593 6
1115 416 1279 473 0.000582 6
781 439 1036 484 0.000577 6
1061 418 1280 507 0.000577 6
446 166 600 217 0.000562 6
1060 408 1276 473 0.000558 6
677 263 1029 482 0.000550 6
838 396 1039 485 0.000514 6
744 419 877 472 0.000513 6
428 363 951 472 0.000507 6
669 211 1272 383 0.000494 6
1052 273 1280 458 0.000487 6
1091 417 1279 504 0.000475 6
452 375 706 462 0.000475 6
640 265 1039 436 0.000460 6
1107 414 1280 472 0.000457 6
752 338 1010 431 0.000444 6
1068 407 1268 474 0.000424 6
1066 125 1278 273 0.000421 6
1109 351 1279 473 0.000405 6
641 262 1079 431 0.000401 6
1107 64 1280 277 0.000382 6
453 365 818 463 0.000375 6
697 133 956 239 0.000373 6
1065 393 1277 468 0.000372 6
1104 418 1279 482 0.000369 6
394 140 922 242 0.000352 6
383 402 706 477 0.000345 6
726 145 1001 249 0.000341 6
640 262 962 472 0.000340 6
1103 374 1279 476 0.000328 6
751 337 1018 388 0.000325 6
1 65 345 406 0.000323 6
1 65 471 396 0.000312 6
826 135 939 169 0.000308 6
1062 469 1278 701 0.000297 6
748 406 911 476 0.000297 6
446 417 704 463 0.000296 6
1058 393 1267 470 0.000293 6
640 337 1062 544 0.000293 6
1046 336 1254 467 0.000290 6
445 164 536 219 0.000288 6
1013 249 1278 487 0.000281 6
753 408 923 476 0.000279 6
1189 64 1280 275 0.000277 6
727 341 908 475 0.000277 6
702 266 1028 391 0.000275 6
715 339 907 463 0.000274 6
958 392 1278 509 0.000272 6
1130 306 1280 475 0.000272 6
753 338 924 463 0.000270 6
711 172 1249 374 0.000267 6
725 171 1215 367 0.000266 6
604 414 702 464 0.000260 6
646 258 1049 411 0.000257 6
759 339 1055 467 0.000255 6
729 339 918 465 0.000254 6
625 390 703 465 0.000244 6
470 419 703 465 0.000244 6
1049 390 1262 473 0.000242 6
743 339 917 477 0.000236 6
743 338 1039 464 0.000233 6
724 338 1013 400 0.000232 6
1108 373 1279 469 0.000230 6
649 68 957 241 0.000229 6
1125 349 1279 475 0.000226 6
782 125 964 245 0.000226 6
604 390 702 465 0.000215 6
631 388 703 465 0.000214 6
1064 64 1280 278 0.000214 6
746 337 935 467 0.000213 6
746 338 1005 468 0.000211 6
717 337 1007 389 0.000199 6
1139 283 1280 436 0.000197 6
829 379 1036 477 0.000193 6
643 437 1066 704 0.000192 6
763 339 939 462 0.000186 6
1108 379 1279 466 0.000184 6
474 389 704 464 0.000180 6
353 155 523 203 0.000172 6
411 226 952 470 0.000172 6
700 215 1159 381 0.000168 6
1130 376 1278 477 0.000168 6
1094 331 1280 509 0.000167 6
1027 110 1277 272 0.000166 6
676 261 1040 395 0.000163 6
350 159 467 201 0.000162 6
153 167 278 234 0.000156 6
430 142 885 230 0.000155 6
721 339 935 392 0.000155 6
619 384 703 463 0.000150 6
443 161 502 218 0.000149 6
802 400 1046 470 0.000148 6
1153 162 1280 344 0.000148 6
1069 151 1277 274 0.000145 6
1068 411 1193 477 0.000145 6
334 64 643 221 0.000141 6
456 401 710 454 0.000140 6
1066 432 1219 478 0.000137 6
1064 334 1249 454 0.000135 6
1076 171 1277 291 0.000134 6
635 65 956 244 0.000133 6
708 194 1268 348 0.000132 6
386 64 639 218 0.000131 6
773 341 971 475 0.000130 6
640 332 1035 572 0.000128 6
1048 462 1279 651 0.000125 6
490 156 666 213 0.000125 6
598 378 702 461 0.000122 6
640 222 1065 686 0.000120 6
329 595 898 704 0.000116 6
875 403 1040 480 0.000115 6
417 608 950 704 0.000113 6
408 64 668 223 0.000110 6
690 102 955 240 0.000110 6
919 383 1082 469 0.000106 6
725 339 1023 394 0.000105 6
373 64 934 248 0.000105 6
339 597 938 704 0.000105 6
918 413 1056 474 0.000104 6
627 386 746 467 0.000104 6
734 337 981 416 0.000103 6
866 176 953 236 0.179290 7
696 152 956 237 0.105503 7
804 175 954 237 0.063173 7
865 177 951 244 0.054830 7
866 177 943 235 0.050768 7
709 153 859 238 0.049266 7
588 184 654 216 0.048682 7
803 166 952 238 0.029636 7
802 174 953 245 0.029071 7
865 176 984 251 0.028115 7
588 184 622 214 0.021987 7
587 183 650 215 0.020066 7
695 153 804 237 0.018289 7
716 153 804 237 0.016099 7
588 184 628 215 0.014996 7
866 176 995 254 0.013960 7
1215 167 1279 269 0.013743 7
804 155 949 238 0.013289 7
706 153 827 237 0.012434 7
802 161 947 237 0.008972 7
1211 170 1279 268 0.008872 7
695 188 729 235 0.007579 7
802 177 857 239 0.007426 7
588 181 655 216 0.006927 7
474 216 539 252 0.005634 7
866 176 943 225 0.005492 7
587 183 621 207 0.005027 7
866 187 995 254 0.004964 7
802 183 855 241 0.004773 7
872 181 956 235 0.004590 7
803 169 858 223 0.003619 7
802 172 856 229 0.003264 7
802 154 859 239 0.003255 7
700 157 802 237 0.003119 7
866 177 944 205 0.003092 7
866 176 938 229 0.002908 7
695 183 732 235 0.002867 7
1222 185 1279 270 0.002617 7
704 165 956 239 0.002478 7
872 195 942 235 0.002422 7
864 177 994 247 0.002341 7
880 198 954 237 0.002298 7
473 211 532 251 0.002268 7
1215 194 1279 269 0.002258 7
771 174 999 250 0.002191 7
866 177 943 202 0.001942 7
881 190 999 255 0.001818 7
697 184 729 234 0.001785 7
800 161 857 239 0.001653 7
696 196 801 237 0.001596 7
877 198 923 234 0.001553 7
473 211 520 252 0.001456 7
563 172 655 216 0.001334 7
1262 222 1279 270 0.001287 7
574 184 621 214 0.001150 7
894 198 954 242 0.001084 7
588 165 660 216 0.001017 7
802 160 858 220 0.001017 7
868 177 955 225 0.000969 7
449 170 587 215 0.000964 7
514 177 657 216 0.000923 7
1221 165 1279 221 0.000905 7
293 199 389 296 0.000895 7
929 206 976 253 0.000879 7
834 184 957 267 0.000811 7
920 205 979 253 0.000806 7
995 190 1060 238 0.000794 7
858 175 1007 258 0.000775 7
1220 178 1279 233 0.000762 7
1184 189 1248 235 0.000718 7
1264 168 1279 248 0.000704 7
730 152 804 205 0.000698 7
699 184 728 226 0.000678 7
981 187 1051 226 0.000659 7
1249 169 1279 240 0.000639 7
870 196 917 234 0.000624 7
1112 184 1198 247 0.000593 7
726 154 803 206 0.000555 7
469 153 924 238 0.000540 7
886 193 955 235 0.000523 7
803 167 860 234 0.000511 7
441 156 922 246 0.000508 7
512 169 657 214 0.000501 7
587 180 642 205 0.000486 7
562 169 909 230 0.000485 7
429 172 666 221 0.000479 7
837 134 955 239 0.000467 7
323 199 389 302 0.000443 7
865 176 931 232 0.000433 7
866 176 939 204 0.000428 7
806 154 860 203 0.000425 7
727 152 807 203 0.000403 7
940 208 977 255 0.000397 7
700 184 729 210 0.000374 7
721 152 805 201 0.000372 7
1258 176 1279 242 0.000368 7
1219 175 1279 235 0.000361 7
948 208 978 252 0.000354 7
698 199 770 235 0.000342 7
959 174 1054 252 0.000340 7
694 184 731 231 0.000329 7
985 193 1057 254 0.000322 7
1262 168 1279 222 0.000303 7
866 168 1004 244 0.000301 7
690 173 731 235 0.000291 7
716 303 767 341 0.000265 7
820 153 932 192 0.000257 7
808 174 1009 271 0.000248 7
582 156 663 217 0.000244 7
582 179 623 209 0.000232 7
863 176 931 222 0.000223 7
1095 183 1195 248 0.000223 7
696 183 741 222 0.000198 7
729 165 795 215 0.000194 7
1109 181 1188 246 0.000186 7
827 177 1068 271 0.000167 7
971 163 1061 233 0.000165 7
905 280 1097 398 0.000162 7
960 163 1051 238 0.000158 7
715 275 881 384 0.000157 7
725 166 791 217 0.000152 7
717 294 769 341 0.000147 7
725 160 800 209 0.000143 7
974 166 1063 229 0.000135 7
918 282 1053 387 0.000122 7
502 187 665 219 0.000120 7
1112 176 1190 223 0.000115 7
696 171 748 222 0.000113 7
719 168 783 217 0.000112 7
321 195 448 317 0.000111 7
443 161 512 237 0.000110 7
973 169 1065 238 0.000108 7
835 191 1141 272 0.000105 7
1173 159 1275 227 0.000102 7
513 152 524 178 0.517362 9
1088 150 1102 178 0.451652 9
513 151 525 179 0.182565 9
513 151 524 178 0.144804 9
513 152 524 184 0.109260 9
372 167 382 184 0.081936 9
366 167 374 186 0.079821 9
448 157 490 170 0.069890 9
1198 384 1207 416 0.050204 9
513 151 524 187 0.040581 9
1088 150 1102 183 0.036416 9
1197 383 1207 415 0.034099 9
553 173 569 200 0.027401 9
372 167 381 186 0.026650 9
362 167 368 187 0.023843 9
613 156 624 168 0.022690 9
513 151 526 185 0.022624 9
1198 383 1212 416 0.021226 9
1167 384 1183 422 0.020603 9
239 179 247 190 0.019902 9
1167 389 1184 422 0.019253 9
1088 149 1103 182 0.019192 9
1167 388 1183 423 0.018849 9
965 372 979 391 0.018131 9
553 173 577 200 0.018010 9
866 152 880 168 0.017973 9
313 150 341 186 0.017968 9
558 183 568 197 0.017942 9
1207 171 1215 185 0.017525 9
361 167 368 188 0.015391 9
552 173 581 203 0.015218 9
239 177 247 190 0.014962 9
313 149 341 188 0.013379 9
516 192 523 205 0.013244 9
1198 383 1216 416 0.013235 9
1198 383 1211 416 0.013019 9
225 183 231 195 0.012935 9
1014 137 1024 168 0.011850 9
613 153 625 168 0.011802 9
1013 136 1025 169 0.011671 9
846 151 859 166 0.011027 9
879 156 891 169 0.010856 9
449 157 490 181 0.010645 9
965 372 979 389 0.010630 9
523 183 536 196 0.010393 9
449 158 479 171 0.010313 9
965 370 981 392 0.009943 9
1155 160 1167 184 0.009782 9
1191 384 1205 401 0.009467 9
951 348 959 367 0.009245 9
680 166 686 184 0.009176 9
665 181 671 196 0.009040 9
111 151 128 164 0.008759 9
1191 385 1203 401 0.008471 9
896 154 905 173 0.008459 9
557 178 580 202 0.008314 9
1047 157 1056 172 0.008153 9
680 167 687 189 0.008055 9
1207 168 1216 186 0.007934 9
863 166 869 183 0.007782 9
990 682 1004 703 0.007660 9
517 191 527 201 0.007625 9
1190 384 1208 416 0.007618 9
865 151 880 168 0.007563 9
518 178 548 200 0.007466 9
1187 383 1206 413 0.007337 9
1089 152 1110 179 0.007227 9
511 194 519 210 0.007179 9
863 166 870 182 0.006983 9
1167 379 1185 423 0.006860 9
365 167 374 189 0.006758 9
522 183 537 198 0.006741 9
844 151 859 166 0.006629 9
1167 387 1185 423 0.006462 9
638 160 644 168 0.006454 9
848 181 857 199 0.006266 9
511 191 522 202 0.006254 9
95 152 105 176 0.006067 9
94 152 104 176 0.005843 9
364 167 372 184 0.005780 9
1096 152 1110 178 0.005769 9
881 156 894 169 0.005649 9
359 167 368 189 0.005603 9
680 171 688 193 0.005526 9
554 174 579 201 0.005342 9
1214 167 1223 184 0.005290 9
111 151 128 165 0.005278 9
767 103 784 136 0.005248 9
518 192 527 210 0.005033 9
613 154 625 169 0.005006 9
965 370 979 390 0.004996 9
532 170 577 202 0.004970 9
990 682 1003 703 0.004937 9
897 158 905 177 0.004921 9
810 160 857 179 0.004895 9
951 346 960 379 0.004614 9
1177 384 1208 417 0.004584 9
458 160 479 184 0.004578 9
879 153 890 169 0.004475 9
448 154 490 171 0.004463 9
257 144 267 160 0.004429 9
814 153 858 180 0.004377 9
694 177 700 193 0.004312 9
446 156 490 183 0.004307 9
562 178 581 202 0.004270 9
1177 380 1184 391 0.004260 9
514 172 547 199 0.004219 9
1043 156 1057 175 0.004198 9
665 170 673 191 0.004121 9
257 180 262 190 0.004111 9
257 142 268 160 0.004037 9
258 143 268 160 0.004017 9
312 149 350 186 0.003973 9
694 176 703 189 0.003938 9
544 169 555 200 0.003916 9
829 135 860 167 0.003808 9
831 417 848 454 0.003688 9
693 177 703 198 0.003657 9
1041 156 1057 172 0.003643 9
976 368 985 391 0.003379 9
510 171 550 198 0.003345 9
990 682 1009 703 0.003340 9
68 168 80 177 0.003333 9
1043 156 1056 172 0.003312 9
800 141 811 156 0.003290 9
259 142 268 160 0.003281 9
216 184 224 197 0.003265 9
839 151 859 166 0.003186 9
870 166 880 176 0.003180 9
1120 363 1136 389 0.003155 9
1088 150 1111 178 0.003087 9
1006 135 1026 170 0.003020 9
1007 136 1025 170 0.002954 9
981 373 990 392 0.002925 9
313 154 341 189 0.002908 9
174 64 201 90 0.002845 9
544 168 552 194 0.002826 9
544 173 580 201 0.002800 9
810 160 857 188 0.002795 9
1119 358 1136 388 0.002765 9
836 152 858 171 0.002728 9
810 161 855 179 0.002692 9
1214 167 1224 193 0.002665 9
927 152 937 167 0.002614 9
848 182 857 205 0.002610 9
521 183 536 199 0.002603 9
1088 149 1103 190 0.002502 9
950 346 961 391 0.002491 9
809 165 848 179 0.002438 9
339 163 352 185 0.002407 9
834 420 848 451 0.002401 9
119 64 159 76 0.002384 9
288 640 327 703 0.002380 9
1167 381 1180 402 0.002374 9
448 156 490 189 0.002370 9
960 372 980 397 0.002368 9
1119 349 1136 388 0.002303 9
828 135 861 165 0.002257 9
1090 151 1107 179 0.002241 9
156 64 202 90 0.002240 9
979 369 990 392 0.002195 9
553 177 580 202 0.002188 9
1040 155 1057 177 0.002159 9
612 154 625 181 0.002148 9
895 152 906 174 0.002146 9
962 372 979 392 0.002144 9
313 158 344 186 0.002076 9
1043 152 1056 172 0.002063 9
510 170 579 204 0.002035 9
287 642 332 703 0.002011 9
605 167 615 183 0.002003 9
1231 168 1246 181 0.001994 9
807 495 816 520 0.001976 9
1119 363 1136 386 0.001952 9
119 64 202 87 0.001909 9
1127 165 1146 185 0.001895 9
507 152 581 205 0.001884 9
514 168 549 189 0.001851 9
555 178 581 202 0.001848 9
927 151 938 168 0.001839 9
880 152 895 169 0.001830 9
549 168 578 202 0.001826 9
587 166 604 184 0.001825 9
990 680 1009 703 0.001816 9
1220 405 1232 423 0.001814 9
541 169 572 201 0.001812 9
288 642 338 703 0.001800 9
1164 281 1190 422 0.001777 9
167 64 176 76 0.001764 9
1008 136 1024 170 0.001760 9
704 160 712 179 0.001744 9
353 165 359 183 0.001740 9
609 153 625 169 0.001725 9
513 151 539 188 0.001724 9
1121 164 1146 185 0.001688 9
543 186 551 202 0.001685 9
119 64 159 78 0.001676 9
691 119 706 153 0.001675 9
841 119 867 136 0.001668 9
690 168 698 181 0.001653 9
629 182 637 193 0.001650 9
964 371 980 402 0.001648 9
697 123 705 152 0.001645 9
512 178 524 195 0.001645 9
703 152 712 178 0.001637 9
503 312 512 336 0.001617 9
1119 318 1136 389 0.001617 9
837 164 858 186 0.001615 9
897 153 909 176 0.001611 9
845 119 867 136 0.001607 9
608 155 624 171 0.001604 9
339 165 352 186 0.001594 9
119 64 128 72 0.001590 9
520 168 548 181 0.001538 9
1181 386 1207 414 0.001506 9
447 157 491 186 0.001501 9
1207 168 1217 200 0.001496 9
388 198 396 206 0.001486 9
844 150 861 167 0.001479 9
524 181 549 201 0.001474 9
287 635 325 702 0.001469 9
946 348 961 392 0.001460 9
843 150 862 168 0.001406 9
312 150 341 198 0.001406 9
1154 158 1167 184 0.001401 9
448 158 486 178 0.001395 9
247 177 258 192 0.001376 9
1181 384 1203 410 0.001373 9
961 369 981 392 0.001364 9
587 168 600 185 0.001360 9
587 171 603 185 0.001354 9
111 150 128 164 0.001351 9
587 167 597 184 0.001330 9
223 180 234 196 0.001316 9
111 137 128 165 0.001305 9
665 168 677 191 0.001303 9
311 179 339 196 0.001302 9
664 167 671 174 0.001298 9
570 137 581 162 0.001282 9
1114 163 1147 185 0.001279 9
118 64 185 80 0.001270 9
638 160 648 181 0.001257 9
484 174 495 184 0.001220 9
606 169 614 183 0.001215 9
827 135 861 162 0.001213 9
1207 374 1232 425 0.001209 9
482 150 526 178 0.001207 9
694 120 705 152 0.001197 9
614 170 625 185 0.001189 9
951 344 960 365 0.001188 9
386 198 397 206 0.001185 9
371 159 381 185 0.001185 9
690 118 703 152 0.001183 9
673 317 680 328 0.001176 9
286 639 324 703 0.001154 9
1154 162 1166 184 0.001153 9
161 64 177 82 0.001139 9
664 153 671 173 0.001134 9
566 140 581 161 0.001127 9
95 183 103 202 0.001122 9
240 166 247 182 0.001120 9
814 143 823 153 0.001119 9
596 64 625 92 0.001119 9
1178 381 1192 392 0.001109 9
991 360 1006 384 0.001098 9
46 319 56 344 0.001096 9
245 176 259 192 0.001094 9
828 135 880 167 0.001087 9
222 176 247 192 0.001086 9
1078 151 1103 185 0.001084 9
690 118 705 152 0.001078 9
569 166 579 178 0.001075 9
585 64 625 93 0.001070 9
1255 629 1264 647 0.001069 9
1213 388 1232 425 0.001058 9
991 359 1008 386 0.001044 9
664 177 671 203 0.001039 9
689 169 700 189 0.001035 9
567 139 581 162 0.001025 9
840 119 859 135 0.001007 9
1088 190 1095 202 0.000996 9
611 153 629 169 0.000989 9
799 136 822 159 0.000986 9
1210 167 1224 201 0.000978 9
1115 162 1129 184 0.000974 9
559 179 581 202 0.000973 9
690 118 701 151 0.000966 9
119 64 194 83 0.000948 9
1196 381 1233 423 0.000946 9
1097 130 1105 170 0.000945 9
125 64 180 84 0.000944 9
590 64 625 93 0.000943 9
689 119 704 152 0.000927 9
1079 149 1102 185 0.000912 9
1141 389 1153 408 0.000911 9
612 152 629 168 0.000908 9
664 169 678 196 0.000904 9
493 151 524 182 0.000904 9
95 183 102 203 0.000898 9
122 64 201 90 0.000895 9
160 64 191 90 0.000882 9
990 358 1024 400 0.000872 9
1197 385 1232 424 0.000869 9
652 152 671 174 0.000862 9
364 166 385 195 0.000862 9
223 177 244 194 0.000859 9
882 156 896 177 0.000846 9
692 168 704 182 0.000841 9
693 178 702 199 0.000838 9
447 154 521 171 0.000830 9
46 315 56 343 0.000829 9
1195 383 1233 425 0.000826 9
735 629 743 649 0.000826 9
566 143 580 162 0.000825 9
287 640 328 700 0.000822 9
875 158 893 176 0.000819 9
827 135 861 153 0.000816 9
159 64 169 72 0.000814 9
1003 359 1024 391 0.000800 9
580 64 596 91 0.000798 9
1081 173 1089 184 0.000796 9
574 135 581 158 0.000796 9
970 175 976 185 0.000792 9
1089 145 1103 178 0.000792 9
824 135 925 170 0.000790 9
1224 165 1232 181 0.000790 9
1021 153 1040 168 0.000788 9
1024 151 1039 159 0.000783 9
1012 133 1040 169 0.000782 9
896 152 909 177 0.000781 9
119 64 176 78 0.000775 9
1015 149 1039 168 0.000773 9
990 681 1006 703 0.000773 9
1080 385 1089 408 0.000771 9
1120 394 1128 412 0.000766 9
484 149 524 178 0.000766 9
799 135 813 155 0.000760 9
990 355 1008 388 0.000756 9
1041 154 1057 185 0.000754 9
964 358 979 389 0.000750 9
697 152 708 177 0.000747 9
1169 384 1209 423 0.000744 9
512 145 525 179 0.000740 9
209 167 218 177 0.000736 9
1120 364 1136 390 0.000736 9
975 143 991 153 0.000736 9
677 166 688 193 0.000734 9
1036 152 1057 173 0.000726 9
1230 168 1247 181 0.000712 9
67 168 80 178 0.000711 9
287 632 322 689 0.000709 9
252 177 262 192 0.000709 9
653 157 664 174 0.000698 9
256 144 268 174 0.000698 9
1021 151 1040 167 0.000697 9
1076 140 1102 185 0.000689 9
112 201 121 221 0.000688 9
827 135 863 163 0.000683 9
1192 163 1202 185 0.000683 9
989 358 1009 397 0.000681 9
1101 138 1110 161 0.000672 9
1080 396 1089 412 0.000672 9
700 120 714 153 0.000666 9
990 350 1008 387 0.000664 9
159 64 181 91 0.000663 9
698 150 713 180 0.000662 9
1116 163 1158 185 0.000657 9
941 97 960 147 0.000654 9
950 272 960 291 0.000651 9
352 159 361 187 0.000644 9
446 146 526 174 0.000638 9
699 118 715 154 0.000637 9
481 177 494 193 0.000631 9
1088 149 1115 180 0.000626 9
447 158 593 214 0.000624 9
903 536 912 546 0.000622 9
629 171 637 188 0.000621 9
1255 629 1265 649 0.000621 9
348 164 377 189 0.000620 9
415 176 422 203 0.000618 9
638 167 654 186 0.000613 9
801 440 816 455 0.000607 9
571 165 581 178 0.000603 9
664 297 680 349 0.000599 9
415 174 422 203 0.000597 9
998 134 1008 174 0.000596 9
378 161 408 184 0.000592 9
684 168 703 199 0.000591 9
801 140 812 159 0.000589 9
810 168 855 192 0.000583 9
312 104 367 192 0.000583 9
481 150 524 179 0.000581 9
161 64 191 78 0.000569 9
481 178 494 195 0.000569 9
184 197 190 206 0.000568 9
1202 363 1233 424 0.000568 9
480 174 496 191 0.000563 9
448 148 525 172 0.000562 9
118 64 164 79 0.000557 9
974 168 990 186 0.000557 9
1100 133 1110 157 0.000553 9
657 150 671 174 0.000552 9
664 323 678 349 0.000551 9
751 85 784 140 0.000549 9
1121 164 1157 185 0.000543 9
352 166 360 187 0.000542 9
990 357 1024 393 0.000542 9
809 156 855 180 0.000538 9
1204 408 1215 423 0.000536 9
1089 152 1117 199 0.000533 9
975 143 993 154 0.000531 9
809 380 814 392 0.000527 9
1016 110 1042 167 0.000526 9
1174 378 1185 391 0.000523 9
1195 366 1262 430 0.000522 9
998 134 1009 183 0.000518 9
844 165 870 199 0.000514 9
1197 384 1213 423 0.000513 9
751 95 784 139 0.000513 9
650 158 656 174 0.000512 9
699 119 715 163 0.000510 9
67 168 80 183 0.000503 9
978 318 992 343 0.000495 9
208 181 216 199 0.000494 9
559 505 568 527 0.000491 9
1140 370 1152 403 0.000488 9
799 134 823 156 0.000487 9
978 312 992 341 0.000486 9
1104 361 1120 392 0.000485 9
432 171 446 193 0.000482 9
663 295 681 350 0.000475 9
1097 128 1104 140 0.000474 9
1029 337 1069 389 0.000473 9
287 632 325 685 0.000472 9
1106 162 1149 186 0.000470 9
1023 97 1042 162 0.000469 9
1104 353 1120 392 0.000469 9
1000 135 1019 176 0.000467 9
1028 328 1074 389 0.000467 9
650 161 657 176 0.000465 9
247 279 256 295 0.000465 9
1204 377 1228 414 0.000464 9
939 344 963 393 0.000462 9
992 140 1001 167 0.000461 9
224 177 245 194 0.000460 9
924 343 997 394 0.000452 9
1182 332 1221 418 0.000451 9
666 167 678 191 0.000450 9
701 118 715 128 0.000450 9
1138 374 1153 408 0.000449 9
448 153 490 171 0.000448 9
848 115 869 136 0.000445 9
68 169 80 200 0.000444 9
372 162 410 185 0.000443 9
449 146 528 171 0.000439 9
1218 406 1232 423 0.000439 9
996 131 1008 173 0.000438 9
994 136 1002 167 0.000438 9
938 338 990 406 0.000436 9
580 64 598 93 0.000426 9
1119 361 1136 397 0.000426 9
457 151 523 172 0.000425 9
1119 314 1138 388 0.000424 9
806 160 857 201 0.000424 9
927 96 950 140 0.000422 9
1079 383 1088 398 0.000422 9
1110 161 1148 185 0.000416 9
689 118 706 157 0.000416 9
664 314 680 349 0.000413 9
594 166 623 185 0.000412 9
946 107 960 145 0.000411 9
1042 342 1057 376 0.000407 9
848 174 871 211 0.000406 9
256 85 262 98 0.000403 9
579 64 603 93 0.000402 9
844 154 867 185 0.000401 9
1182 352 1203 396 0.000398 9
432 170 446 195 0.000398 9
1211 166 1230 194 0.000397 9
664 319 680 349 0.000396 9
991 359 1013 399 0.000396 9
567 160 580 178 0.000395 9
312 84 367 190 0.000395 9
996 133 1009 173 0.000393 9
815 115 827 127 0.000392 9
826 135 846 152 0.000391 9
941 105 960 150 0.000386 9
696 151 712 180 0.000384 9
836 136 927 170 0.000382 9
95 200 104 209 0.000380 9
652 149 671 174 0.000380 9
95 152 106 176 0.000379 9
861 112 869 119 0.000378 9
813 149 826 160 0.000377 9
236 175 260 193 0.000376 9
550 140 580 160 0.000373 9
920 687 928 703 0.000373 9
375 161 409 185 0.000372 9
973 140 993 161 0.000372 9
1028 325 1081 388 0.000371 9
1007 346 1024 390 0.000370 9
997 134 1008 174 0.000370 9
621 182 637 198 0.000370 9
0 144 7 202 0.000368 9
764 103 785 152 0.000367 9
416 170 435 203 0.000366 9
363 159 382 187 0.000365 9
1191 161 1202 187 0.000364 9
406 180 418 204 0.000363 9
446 156 494 219 0.000362 9
498 182 507 197 0.000362 9
974 141 993 161 0.000361 9
679 156 689 186 0.000360 9
837 119 866 136 0.000359 9
1039 158 1055 186 0.000358 9
703 173 711 184 0.000358 9
480 334 497 356 0.000358 9
551 624 560 657 0.000357 9
638 149 646 168 0.000357 9
807 161 858 194 0.000353 9
1052 153 1064 173 0.000349 9
905 126 912 137 0.000345 9
1088 156 1102 202 0.000344 9
260 178 272 196 0.000343 9
310 133 391 192 0.000343 9
120 64 185 92 0.000342 9
630 168 637 182 0.000342 9
1202 367 1262 421 0.000338 9
1103 167 1124 203 0.000336 9
70 178 79 199 0.000334 9
600 560 608 568 0.000334 9
801 141 840 161 0.000334 9
992 134 1005 174 0.000334 9
1103 363 1116 391 0.000333 9
95 152 111 177 0.000333 9
287 633 318 678 0.000332 9
1151 392 1157 402 0.000331 9
45 318 56 344 0.000330 9
194 187 201 201 0.000329 9
1108 157 1118 169 0.000329 9
551 622 560 651 0.000327 9
1112 162 1132 183 0.000327 9
1039 151 1064 185 0.000326 9
993 360 1024 402 0.000326 9
595 149 609 164 0.000325 9
594 64 631 106 0.000324 9
713 132 720 153 0.000322 9
818 360 832 377 0.000322 9
376 159 408 184 0.000321 9
287 632 317 688 0.000318 9
845 117 869 136 0.000317 9
246 279 258 295 0.000316 9
482 149 524 171 0.000316 9
314 145 358 191 0.000315 9
815 421 833 450 0.000315 9
1246 627 1256 649 0.000314 9
735 629 744 651 0.000314 9
943 110 960 148 0.000314 9
821 423 832 439 0.000313 9
1111 159 1172 186 0.000312 9
1030 350 1056 384 0.000310 9
691 117 701 146 0.000309 9
762 103 788 153 0.000308 9
988 680 1039 703 0.000308 9
1150 387 1178 420 0.000307 9
374 165 420 203 0.000307 9
1019 128 1040 161 0.000306 9
1077 344 1120 394 0.000305 9
852 136 939 165 0.000305 9
369 163 407 185 0.000302 9
903 536 912 552 0.000302 9
1075 336 1120 393 0.000300 9
550 134 581 162 0.000300 9
850 136 940 155 0.000299 9
1086 146 1127 179 0.000299 9
312 141 361 196 0.000298 9
816 359 832 394 0.000298 9
927 147 944 168 0.000295 9
513 150 541 183 0.000293 9
829 143 858 165 0.000292 9
257 143 270 175 0.000291 9
974 166 991 186 0.000290 9
346 169 359 199 0.000288 9
95 151 129 178 0.000287 9
879 140 918 177 0.000285 9
1112 152 1119 164 0.000285 9
1029 340 1061 389 0.000284 9
374 161 434 194 0.000283 9
405 182 417 205 0.000283 9
1103 161 1129 186 0.000282 9
447 154 526 191 0.000282 9
1072 147 1099 185 0.000282 9
447 147 514 171 0.000280 9
110 128 128 165 0.000280 9
248 167 257 175 0.000279 9
1254 620 1269 672 0.000278 9
974 167 992 187 0.000277 9
416 174 427 204 0.000277 9
210 175 246 199 0.000276 9
223 169 231 177 0.000276 9
751 98 784 150 0.000271 9
927 98 945 136 0.000271 9
212 165 224 179 0.000270 9
591 529 607 569 0.000269 9
1108 359 1118 370 0.000268 9
585 118 598 160 0.000265 9
879 406 888 423 0.000262 9
1246 626 1256 658 0.000259 9
1201 377 1258 430 0.000259 9
1198 352 1267 423 0.000256 9
638 166 657 190 0.000256 9
913 271 928 297 0.000255 9
1215 403 1231 424 0.000255 9
1027 342 1055 386 0.000254 9
349 148 376 188 0.000252 9
1072 150 1100 199 0.000252 9
1028 332 1073 390 0.000251 9
259 175 272 196 0.000250 9
1031 357 1053 385 0.000249 9
789 137 800 153 0.000248 9
1032 359 1056 389 0.000247 9
733 339 755 376 0.000246 9
1151 384 1170 412 0.000246 9
172 64 259 90 0.000244 9
173 64 243 90 0.000243 9
1000 163 1009 189 0.000242 9
702 118 719 128 0.000242 9
933 344 963 393 0.000238 9
907 94 932 120 0.000238 9
1011 136 1026 175 0.000237 9
825 135 860 155 0.000235 9
766 101 784 136 0.000235 9
432 170 446 191 0.000234 9
232 130 241 146 0.000232 9
1223 330 1270 405 0.000228 9
1056 151 1064 162 0.000227 9
1088 150 1107 203 0.000227 9
998 326 1008 342 0.000225 9
983 666 1004 703 0.000224 9
496 143 576 203 0.000223 9
263 275 272 296 0.000223 9
807 627 816 656 0.000222 9
546 140 579 158 0.000222 9
1038 127 1107 191 0.000222 9
119 64 204 93 0.000221 9
591 531 610 569 0.000221 9
1122 362 1158 411 0.000220 9
494 166 523 197 0.000220 9
479 95 488 103 0.000219 9
1183 632 1192 665 0.000219 9
335 551 344 566 0.000218 9
1206 157 1229 189 0.000218 9
852 136 939 153 0.000218 9
602 154 650 198 0.000218 9
445 157 487 213 0.000217 9
1209 331 1266 409 0.000216 9
808 165 848 191 0.000215 9
1061 391 1073 402 0.000214 9
1028 356 1054 386 0.000213 9
587 166 624 186 0.000213 9
1094 389 1104 407 0.000210 9
1210 166 1231 210 0.000210 9
1100 128 1137 167 0.000209 9
1245 619 1258 674 0.000209 9
1051 140 1104 186 0.000208 9
650 169 672 200 0.000207 9
1181 353 1197 391 0.000207 9
1056 375 1064 387 0.000206 9
1227 356 1262 411 0.000206 9
983 668 1001 680 0.000206 9
567 140 581 180 0.000204 9
1224 161 1249 181 0.000204 9
1212 351 1277 424 0.000203 9
1158 346 1279 420 0.000202 9
586 123 598 160 0.000202 9
892 115 909 137 0.000201 9
959 161 992 186 0.000201 9
860 136 941 170 0.000201 9
358 149 372 174 0.000200 9
878 343 888 364 0.000199 9
1220 339 1275 414 0.000198 9
316 89 334 156 0.000198 9
1246 618 1256 673 0.000197 9
992 134 1021 172 0.000196 9
1255 607 1267 650 0.000196 9
739 359 752 375 0.000195 9
259 166 271 179 0.000195 9
1084 134 1137 180 0.000195 9
1116 351 1163 408 0.000194 9
1073 150 1082 174 0.000194 9
1042 341 1056 361 0.000194 9
479 335 497 358 0.000193 9
929 376 945 392 0.000193 9
798 134 830 157 0.000192 9
972 168 991 202 0.000192 9
910 269 926 296 0.000192 9
483 144 525 176 0.000192 9
415 167 436 203 0.000191 9
372 155 410 185 0.000191 9
1105 181 1122 203 0.000190 9
983 668 1000 681 0.000189 9
617 156 645 169 0.000189 9
689 153 699 177 0.000189 9
1232 391 1253 422 0.000189 9
384 149 395 161 0.000189 9
1147 350 1167 409 0.000188 9
663 295 673 334 0.000187 9
1110 368 1120 392 0.000187 9
111 134 128 165 0.000187 9
1236 621 1256 674 0.000186 9
673 163 690 197 0.000186 9
702 154 718 180 0.000185 9
834 372 847 391 0.000185 9
1118 337 1170 391 0.000183 9
417 169 432 204 0.000183 9
390 160 435 203 0.000182 9
498 182 512 198 0.000181 9
477 141 579 206 0.000181 9
1236 618 1256 675 0.000181 9
586 118 598 132 0.000180 9
592 64 641 107 0.000179 9
1073 344 1118 395 0.000178 9
979 678 1007 703 0.000178 9
931 375 944 391 0.000177 9
589 64 629 105 0.000177 9
559 504 568 534 0.000175 9
544 140 581 161 0.000175 9
1192 163 1209 193 0.000174 9
1039 184 1048 204 0.000174 9
594 149 622 183 0.000174 9
585 120 599 161 0.000173 9
652 174 671 200 0.000173 9
912 349 1024 423 0.000172 9
1102 161 1168 186 0.000171 9
158 209 167 227 0.000171 9
585 119 598 157 0.000171 9
1151 387 1179 423 0.000171 9
863 406 880 421 0.000169 9
594 147 606 163 0.000169 9
256 129 268 161 0.000169 9
975 303 995 340 0.000167 9
936 343 962 388 0.000166 9
943 344 971 386 0.000166 9
461 306 498 344 0.000165 9
1209 157 1229 186 0.000165 9
703 648 712 673 0.000162 9
1078 126 1105 179 0.000160 9
1230 95 1254 162 0.000159 9
1252 607 1274 656 0.000159 9
1151 156 1203 187 0.000158 9
1089 370 1106 404 0.000158 9
967 506 976 521 0.000158 9
102 151 128 169 0.000158 9
111 202 125 232 0.000157 9
908 93 929 120 0.000157 9
862 406 882 457 0.000157 9
999 329 1008 343 0.000157 9
594 532 610 568 0.000157 9
575 64 587 94 0.000156 9
736 123 754 156 0.000156 9
1169 616 1184 672 0.000155 9
595 143 609 160 0.000154 9
1118 322 1177 390 0.000154 9
735 357 746 376 0.000154 9
573 124 581 157 0.000154 9
256 165 269 179 0.000153 9
640 145 661 175 0.000153 9
1255 630 1271 649 0.000152 9
990 132 1009 212 0.000151 9
399 184 408 204 0.000151 9
447 144 496 171 0.000151 9
806 626 816 655 0.000151 9
703 151 720 180 0.000150 9
255 102 266 126 0.000150 9
603 138 626 170 0.000150 9
49 184 64 206 0.000149 9
63 147 79 172 0.000149 9
1073 150 1081 164 0.000149 9
591 159 604 183 0.000148 9
891 341 1027 402 0.000148 9
800 572 807 616 0.000148 9
716 336 757 377 0.000148 9
619 149 640 168 0.000147 9
929 343 962 378 0.000147 9
549 625 560 664 0.000146 9
66 168 80 188 0.000146 9
1187 398 1205 423 0.000146 9
1145 350 1279 431 0.000146 9
559 503 568 528 0.000145 9
1006 174 1015 185 0.000145 9
1021 91 1045 164 0.000145 9
879 407 889 433 0.000144 9
993 133 1005 169 0.000144 9
1138 316 1176 411 0.000143 9
1009 133 1025 170 0.000143 9
703 647 712 674 0.000143 9
596 134 606 145 0.000143 9
743 151 752 157 0.000143 9
95 170 106 205 0.000143 9
586 124 609 164 0.000142 9
607 148 627 170 0.000142 9
479 334 498 356 0.000142 9
935 545 944 567 0.000142 9
910 518 927 528 0.000141 9
685 116 715 219 0.000141 9
1135 334 1168 406 0.000141 9
979 688 1000 703 0.000141 9
842 136 938 153 0.000140 9
240 99 248 115 0.000140 9
829 117 848 133 0.000139 9
445 170 480 219 0.000138 9
1034 153 1064 198 0.000138 9
927 354 939 370 0.000138 9
310 66 367 191 0.000138 9
310 64 338 166 0.000138 9
960 134 987 161 0.000138 9
126 174 132 187 0.000137 9
1199 138 1205 160 0.000137 9
1095 164 1122 203 0.000137 9
244 130 255 144 0.000137 9
700 118 720 154 0.000137 9
855 136 944 152 0.000136 9
927 149 944 169 0.000136 9
1148 389 1169 411 0.000136 9
1003 106 1023 136 0.000135 9
638 131 656 167 0.000135 9
379 148 406 183 0.000134 9
591 529 603 567 0.000134 9
208 66 226 87 0.000133 9
1199 144 1205 176 0.000131 9
432 171 446 198 0.000131 9
1151 359 1183 409 0.000131 9
1160 633 1169 650 0.000130 9
999 127 1007 136 0.000130 9
398 183 409 203 0.000130 9
1071 117 1119 181 0.000129 9
604 166 640 199 0.000129 9
314 108 371 195 0.000129 9
734 122 754 154 0.000127 9
973 135 994 157 0.000127 9
445 141 499 173 0.000127 9
782 354 818 392 0.000127 9
311 90 334 165 0.000126 9
67 169 87 177 0.000125 9
867 123 880 136 0.000125 9
0 141 8 187 0.000125 9
799 85 808 100 0.000125 9
358 148 374 176 0.000124 9
816 78 862 134 0.000124 9
944 167 959 183 0.000124 9
589 135 627 176 0.000123 9
931 392 944 409 0.000123 9
899 136 937 153 0.000123 9
1032 132 1127 208 0.000123 9
810 150 854 166 0.000122 9
1073 133 1102 182 0.000122 9
254 97 268 126 0.000122 9
70 150 106 178 0.000122 9
574 64 594 92 0.000122 9
64 150 80 177 0.000121 9
928 114 950 148 0.000121 9
815 360 832 394 0.000121 9
1061 392 1073 408 0.000120 9
456 173 489 200 0.000120 9
784 137 794 154 0.000120 9
575 64 585 95 0.000119 9
1053 339 1072 382 0.000119 9
1030 106 1128 201 0.000118 9
39 318 56 344 0.000118 9
1107 282 1216 418 0.000118 9
689 117 716 196 0.000118 9
959 343 968 353 0.000118 9
856 282 863 295 0.000116 9
1184 639 1192 667 0.000116 9
815 115 844 131 0.000116 9
544 140 555 158 0.000116 9
703 123 720 160 0.000115 9
1206 160 1254 183 0.000114 9
935 670 946 687 0.000114 9
1008 150 1063 187 0.000114 9
443 143 522 172 0.000113 9
800 567 808 615 0.000113 9
680 123 690 151 0.000112 9
932 338 997 396 0.000112 9
807 630 816 656 0.000112 9
1160 376 1167 385 0.000112 9
929 350 954 378 0.000112 9
577 75 585 97 0.000112 9
925 94 943 135 0.000112 9
904 136 938 152 0.000111 9
287 268 298 312 0.000110 9
1101 131 1136 165 0.000110 9
373 152 436 195 0.000110 9
1238 623 1256 651 0.000110 9
119 64 168 94 0.000110 9
1207 388 1255 427 0.000110 9
935 670 947 690 0.000109 9
578 300 593 317 0.000109 9
800 631 807 640 0.000109 9
608 153 673 186 0.000109 9
887 346 895 365 0.000108 9
1041 141 1120 242 0.000108 9
1166 346 1184 393 0.000108 9
823 135 932 151 0.000108 9
959 159 992 185 0.000107 9
177 169 234 202 0.000107 9
544 147 572 161 0.000107 9
221 166 246 180 0.000107 9
638 64 663 81 0.000106 9
719 156 727 169 0.000106 9
822 135 926 156 0.000106 9
111 152 129 180 0.000105 9
862 136 937 153 0.000105 9
1208 119 1232 163 0.000105 9
763 126 791 154 0.000105 9
578 64 597 98 0.000105 9
247 161 256 175 0.000105 9
624 167 660 207 0.000105 9
1227 373 1272 431 0.000104 9
1104 134 1136 165 0.000104 9
624 64 638 72 0.000103 9
1172 148 1184 162 0.000103 9
960 133 993 163 0.000103 9
1153 153 1201 185 0.000103 9
1086 378 1100 398 0.000103 9
764 124 785 153 0.000103 9
1008 134 1043 169 0.000103 9
453 144 525 171 0.000103 9
62 148 79 169 0.000102 9
1166 614 1185 672 0.000102 9
565 123 579 152 0.000102 9
1235 618 1255 682 0.000101 9
1103 368 1115 392 0.000100 9
1193 153 1208 193 0.000100 9
313 150 341 187 0.014302 11
1234 197 1256 233 0.004507 11
1231 196 1256 233 0.002132 11
312 148 342 189 0.001380 11
1051 111 1083 146 0.000992 11
1054 115 1074 137 0.000379 11
1052 113 1082 145 0.000323 11
