656 200 696 287 0.842520 0
1201 203 1279 351 0.822694 0
1023 190 1047 252 0.671293 0
824 191 856 262 0.590149 0
1022 191 1046 253 0.354583 0
826 190 858 262 0.265934 0
824 190 859 262 0.241379 0
692 206 705 238 0.133307 0
824 191 854 262 0.130688 0
692 208 706 238 0.124680 0
828 191 858 256 0.112641 0
693 207 704 237 0.102053 0
692 209 705 238 0.077549 0
829 191 862 267 0.075300 0
829 190 858 263 0.059054 0
785 197 794 215 0.048895 0
1196 210 1208 248 0.044627 0
925 204 946 252 0.043324 0
1196 210 1210 249 0.039883 0
1186 209 1208 252 0.036624 0
827 191 850 224 0.030998 0
823 200 855 262 0.029410 0
633 202 642 215 0.027950 0
829 191 850 223 0.026262 0
923 204 946 252 0.024230 0
833 195 867 269 0.023749 0
255 202 269 243 0.023630 0
784 194 794 215 0.021537 0
789 329 809 344 0.020353 0
689 210 704 239 0.019098 0
935 204 945 246 0.017789 0
804 184 815 213 0.017204 0
1272 200 1279 256 0.016767 0
1193 215 1209 252 0.016653 0
803 184 815 217 0.016226 0
951 368 979 452 0.016058 0
1273 201 1279 246 0.015215 0
951 370 981 454 0.015005 0
633 202 645 215 0.014665 0
952 369 980 448 0.014626 0
1022 192 1051 252 0.014082 0
1273 201 1279 240 0.013993 0
336 423 933 702 0.013499 0
803 184 816 232 0.013320 0
1272 201 1279 255 0.012866 0
1186 200 1214 253 0.012759 0
1196 206 1215 247 0.012683 0
738 200 744 214 0.012553 0
821 191 857 261 0.012237 0
865 445 874 455 0.012237 0
1185 211 1209 257 0.012168 0
1187 206 1214 255 0.011622 0
1195 207 1212 246 0.011580 0
951 371 977 454 0.011200 0
684 209 695 236 0.011110 0
1072 487 1080 500 0.010905 0
710 208 728 234 0.010794 0
598 531 608 568 0.010765 0
1021 193 1044 248 0.010723 0
826 192 849 226 0.010714 0
1024 207 1046 250 0.010238 0
685 209 699 238 0.010145 0
802 184 815 219 0.009792 0
864 439 876 455 0.009761 0
1023 210 1043 251 0.009714 0
592 526 609 568 0.009512 0
710 212 728 234 0.009429 0
255 201 270 242 0.009415 0
1186 218 1201 251 0.009326 0
1000 384 1011 399 0.009316 0
591 527 609 569 0.009091 0
511 194 519 210 0.008624 0
1186 220 1209 260 0.008529 0
858 463 864 471 0.008411 0
1272 200 1279 241 0.008396 0
827 192 851 228 0.008378 0
709 198 728 234 0.008348 0
510 195 518 217 0.008207 0
1015 456 1025 465 0.008195 0
1207 504 1216 513 0.008119 0
887 472 895 484 0.007813 0
714 196 729 233 0.007764 0
965 372 979 391 0.007551 0
1113 194 1121 202 0.007424 0
1186 222 1202 253 0.007394 0
802 184 815 229 0.007387 0
822 192 849 239 0.007363 0
836 194 869 273 0.007358 0
1101 311 1128 345 0.007201 0
1040 454 1048 464 0.006899 0
824 193 850 231 0.006823 0
784 197 794 227 0.006554 0
1056 487 1067 497 0.006544 0
711 211 728 234 0.006452 0
1186 224 1201 253 0.006386 0
1185 222 1205 260 0.006338 0
1198 201 1215 246 0.006298 0
1200 503 1209 512 0.006152 0
453 211 464 244 0.006145 0
1015 383 1024 400 0.006130 0
1030 450 1039 464 0.006094 0
922 216 932 243 0.005963 0
999 383 1020 400 0.005950 0
255 204 268 233 0.005947 0
1015 387 1023 400 0.005837 0
1024 455 1032 464 0.005789 0
1269 202 1279 256 0.005748 0
913 454 928 481 0.005613 0
607 201 615 215 0.005555 0
954 370 980 434 0.005550 0
921 211 935 247 0.005530 0
511 192 530 225 0.005482 0
913 453 928 474 0.005445 0
982 206 994 228 0.005339 0
510 192 537 247 0.005325 0
952 366 988 428 0.005313 0
1072 489 1081 502 0.005282 0
784 196 794 234 0.005271 0
965 370 982 392 0.005188 0
511 190 534 247 0.005152 0
1047 481 1056 491 0.005107 0
1046 483 1058 497 0.005091 0
799 419 816 449 0.005088 0
663 199 673 216 0.004933 0
255 198 270 232 0.004923 0
1000 385 1009 399 0.004885 0
863 207 873 235 0.004867 0
1102 311 1130 344 0.004595 0
1185 227 1204 263 0.004521 0
884 207 893 235 0.004447 0
454 211 464 226 0.004440 0
864 438 880 456 0.004416 0
999 384 1019 400 0.004406 0
1175 498 1185 511 0.004347 0
510 192 531 246 0.004311 0
923 203 962 254 0.004262 0
926 441 934 456 0.004248 0
950 367 1001 450 0.004194 0
912 454 926 473 0.004191 0
864 443 878 455 0.004144 0
1031 448 1039 464 0.004090 0
815 325 847 344 0.004060 0
789 328 811 392 0.004006 0
801 184 815 236 0.003965 0
587 528 608 568 0.003895 0
782 195 794 237 0.003862 0
991 456 998 464 0.003857 0
452 210 461 226 0.003815 0
254 203 269 249 0.003814 0
878 207 894 242 0.003766 0
1259 205 1279 257 0.003744 0
1185 226 1202 253 0.003707 0
912 454 928 484 0.003681 0
814 328 847 344 0.003634 0
1271 220 1279 260 0.003611 0
1129 501 1137 509 0.003605 0
799 419 815 448 0.003600 0
965 370 980 390 0.003577 0
1103 311 1129 337 0.003574 0
840 201 857 237 0.003552 0
479 198 490 216 0.003544 0
1001 384 1024 422 0.003531 0
1028 451 1035 463 0.003490 0
634 199 653 216 0.003467 0
1176 494 1185 505 0.003467 0
883 207 897 239 0.003433 0
999 384 1022 400 0.003423 0
1113 194 1121 207 0.003407 0
785 197 797 215 0.003399 0
1185 213 1201 247 0.003352 0
1007 455 1021 467 0.003293 0
986 206 998 228 0.003282 0
1191 496 1200 504 0.003221 0
1220 215 1230 229 0.003204 0
1045 411 1056 425 0.003165 0
213 189 224 228 0.003163 0
1013 424 1025 440 0.003152 0
1257 204 1279 257 0.003108 0
662 201 673 227 0.003107 0
591 528 603 565 0.003104 0
1230 460 1249 506 0.003076 0
822 170 885 261 0.003075 0
1134 446 1142 463 0.003063 0
512 192 530 227 0.003018 0
783 328 809 344 0.002999 0
927 439 934 455 0.002981 0
862 207 873 235 0.002965 0
984 447 993 455 0.002922 0
1204 226 1215 246 0.002896 0
1136 446 1143 460 0.002870 0
879 437 889 457 0.002856 0
1104 311 1128 328 0.002845 0
968 456 976 462 0.002819 0
0 64 66 217 0.002771 0
1119 312 1128 328 0.002764 0
1014 444 1025 461 0.002738 0
1040 410 1056 460 0.002731 0
455 216 465 249 0.002721 0
826 210 856 263 0.002720 0
891 203 903 237 0.002716 0
879 440 889 456 0.002708 0
1009 428 1014 440 0.002702 0
994 383 1023 423 0.002696 0
597 528 608 569 0.002692 0
1014 217 1024 227 0.002687 0
842 193 858 228 0.002659 0
941 352 983 453 0.002654 0
784 196 799 234 0.002641 0
887 472 896 487 0.002629 0
990 380 1024 445 0.002614 0
845 201 869 237 0.002608 0
1071 456 1094 471 0.002560 0
261 203 271 224 0.002537 0
862 432 871 448 0.002527 0
993 446 1000 456 0.002517 0
1042 410 1056 456 0.002489 0
1111 312 1128 328 0.002483 0
591 528 601 557 0.002483 0
1231 461 1261 506 0.002476 0
960 456 968 463 0.002471 0
1216 220 1225 242 0.002460 0
986 208 998 229 0.002452 0
654 199 663 216 0.002419 0
960 440 968 455 0.002417 0
1021 192 1045 228 0.002415 0
1014 424 1025 441 0.002393 0
689 209 726 237 0.002378 0
918 206 938 247 0.002369 0
450 210 462 229 0.002343 0
1197 496 1212 506 0.002328 0
1150 100 1165 135 0.002295 0
479 199 488 216 0.002286 0
1230 458 1261 507 0.002282 0
862 427 881 457 0.002277 0
892 200 906 239 0.002264 0
930 437 944 455 0.002259 0
1214 194 1226 226 0.002236 0
1211 503 1226 512 0.002235 0
916 473 928 483 0.002228 0
862 436 879 455 0.002227 0
1029 192 1047 226 0.002218 0
454 209 463 223 0.002194 0
1201 240 1261 347 0.002191 0
1028 193 1044 221 0.002177 0
213 187 223 227 0.002177 0
916 474 928 486 0.002150 0
450 208 462 225 0.002143 0
880 156 894 172 0.002142 0
1042 483 1054 496 0.002133 0
789 329 834 345 0.002109 0
258 198 271 224 0.002099 0
1023 447 1035 463 0.002070 0
1184 218 1212 266 0.002045 0
1009 451 1024 468 0.002000 0
1045 410 1055 423 0.001998 0
1001 383 1024 420 0.001989 0
880 471 889 481 0.001963 0
1072 462 1080 471 0.001944 0
974 207 984 223 0.001926 0
583 554 593 583 0.001926 0
959 440 968 457 0.001925 0
559 201 566 215 0.001921 0
929 343 987 452 0.001918 0
846 181 858 219 0.001916 0
367 208 374 219 0.001904 0
257 197 270 235 0.001899 0
252 200 272 259 0.001888 0
1203 495 1217 505 0.001881 0
895 416 904 430 0.001860 0
959 371 980 403 0.001856 0
1215 213 1228 235 0.001825 0
784 314 811 345 0.001821 0
319 204 331 231 0.001821 0
464 202 477 250 0.001813 0
2 64 338 220 0.001812 0
813 188 858 260 0.001804 0
788 327 850 344 0.001793 0
213 196 224 228 0.001790 0
799 421 815 448 0.001756 0
286 694 304 703 0.001754 0
1072 456 1095 472 0.001748 0
1101 318 1120 344 0.001744 0
973 208 985 227 0.001739 0
784 193 798 216 0.001726 0
632 202 647 222 0.001726 0
681 207 692 239 0.001719 0
997 383 1023 423 0.001716 0
876 200 903 242 0.001704 0
1200 194 1213 213 0.001703 0
1174 210 1184 247 0.001688 0
656 201 663 217 0.001683 0
1069 203 1078 237 0.001670 0
895 417 904 439 0.001659 0
887 201 904 243 0.001647 0
957 371 977 407 0.001639 0
784 196 797 216 0.001632 0
944 370 977 456 0.001612 0
913 448 928 458 0.001601 0
929 439 944 457 0.001576 0
1219 216 1232 238 0.001573 0
480 188 491 211 0.001568 0
463 202 479 250 0.001559 0
960 439 975 455 0.001555 0
799 416 816 449 0.001548 0
1039 446 1049 464 0.001545 0
820 204 845 241 0.001541 0
1242 196 1255 214 0.001530 0
878 199 905 243 0.001518 0
883 442 898 456 0.001504 0
1182 183 1213 256 0.001499 0
925 203 955 250 0.001499 0
597 528 615 568 0.001487 0
929 201 952 218 0.001484 0
1009 423 1024 440 0.001478 0
1231 460 1244 476 0.001459 0
980 371 990 392 0.001458 0
935 455 942 463 0.001447 0
19 400 32 422 0.001444 0
950 456 960 464 0.001429 0
837 590 911 703 0.001425 0
963 371 980 403 0.001423 0
964 442 976 458 0.001420 0
551 200 563 216 0.001393 0
949 357 1005 440 0.001393 0
284 694 304 703 0.001380 0
645 193 655 210 0.001370 0
244 195 256 234 0.001356 0
803 192 824 237 0.001355 0
455 223 465 249 0.001340 0
972 374 1024 427 0.001326 0
949 364 1023 435 0.001323 0
1007 446 1020 462 0.001317 0
912 452 928 485 0.001313 0
3 64 339 237 0.001309 0
1074 439 1087 455 0.001306 0
799 412 819 449 0.001302 0
1072 438 1086 455 0.001290 0
836 441 848 459 0.001290 0
1080 193 1089 201 0.001288 0
246 195 255 217 0.001281 0
1110 499 1120 509 0.001281 0
447 191 483 302 0.001277 0
367 207 376 231 0.001260 0
843 183 871 243 0.001252 0
844 587 911 703 0.001243 0
975 456 982 464 0.001240 0
1 64 177 217 0.001238 0
814 274 851 344 0.001230 0
799 416 824 447 0.001230 0
784 326 814 392 0.001227 0
887 441 906 456 0.001226 0
739 200 748 215 0.001224 0
660 425 672 439 0.001217 0
998 383 1023 419 0.001213 0
980 201 997 228 0.001206 0
815 308 847 344 0.001195 0
1249 212 1277 253 0.001194 0
1039 412 1046 427 0.001182 0
1039 411 1056 459 0.001179 0
242 195 256 239 0.001177 0
346 185 353 199 0.001173 0
1 64 211 216 0.001164 0
862 218 873 235 0.001163 0
1085 217 1096 234 0.001162 0
1094 498 1118 534 0.001140 0
498 182 508 199 0.001139 0
1086 215 1097 234 0.001134 0
214 198 225 231 0.001130 0
980 207 998 247 0.001128 0
786 195 799 236 0.001118 0
656 556 665 568 0.001115 0
242 195 250 218 0.001115 0
949 359 1018 449 0.001111 0
1069 197 1078 213 0.001109 0
213 191 222 228 0.001108 0
1243 459 1260 480 0.001100 0
1038 417 1046 436 0.001098 0
1040 449 1051 464 0.001095 0
1061 199 1078 243 0.001090 0
1246 472 1260 486 0.001089 0
895 420 904 441 0.001084 0
998 455 1007 464 0.001084 0
971 365 987 391 0.001080 0
1073 427 1081 441 0.001077 0
877 598 911 703 0.001067 0
565 202 576 215 0.001066 0
1098 399 1104 407 0.001054 0
1200 250 1251 345 0.001052 0
911 448 925 456 0.001046 0
863 334 884 344 0.001024 0
1121 400 1128 423 0.001018 0
863 438 880 470 0.001015 0
861 576 911 703 0.001009 0
1089 153 1108 180 0.001008 0
242 195 254 236 0.001007 0
943 361 977 445 0.001000 0
816 328 848 345 0.000999 0
1127 446 1136 467 0.000974 0
582 532 601 582 0.000973 0
958 368 985 407 0.000973 0
724 203 737 219 0.000969 0
900 415 912 425 0.000946 0
1031 493 1039 502 0.000936 0
450 208 463 240 0.000930 0
895 417 913 440 0.000920 0
756 202 768 231 0.000917 0
1088 193 1095 209 0.000913 0
1219 211 1277 275 0.000908 0
802 171 853 236 0.000901 0
898 695 911 703 0.000899 0
758 201 768 227 0.000898 0
881 438 906 456 0.000887 0
681 197 691 215 0.000882 0
879 432 889 456 0.000881 0
990 369 1015 415 0.000877 0
742 200 748 215 0.000873 0
1174 215 1187 247 0.000872 0
1039 424 1047 445 0.000861 0
815 209 822 221 0.000861 0
1089 211 1124 238 0.000856 0
982 456 993 464 0.000852 0
1208 506 1215 517 0.000845 0
814 264 845 346 0.000843 0
660 202 692 285 0.000838 0
1193 204 1275 281 0.000838 0
1212 495 1228 508 0.000826 0
1120 394 1128 415 0.000821 0
948 357 1023 431 0.000821 0
39 64 340 221 0.000818 0
866 593 911 703 0.000816 0
1008 388 1024 425 0.000815 0
290 569 444 703 0.000813 0
111 202 120 236 0.000812 0
1077 426 1087 444 0.000807 0
861 217 876 240 0.000807 0
1071 444 1084 457 0.000806 0
832 580 909 703 0.000804 0
575 430 592 457 0.000796 0
242 213 253 238 0.000792 0
596 525 615 567 0.000792 0
814 266 851 346 0.000783 0
767 197 782 232 0.000779 0
696 213 728 236 0.000779 0
1001 431 1008 440 0.000777 0
0 64 28 214 0.000770 0
577 435 592 458 0.000762 0
1127 447 1135 464 0.000759 0
1258 288 1279 327 0.000755 0
948 362 1022 454 0.000749 0
1073 424 1083 440 0.000745 0
1216 463 1244 505 0.000745 0
913 341 992 448 0.000740 0
935 431 943 442 0.000739 0
1032 422 1040 440 0.000738 0
1119 403 1127 424 0.000737 0
877 203 904 244 0.000736 0
1101 313 1128 364 0.000731 0
130 64 337 221 0.000730 0
1 64 308 225 0.000730 0
999 518 1008 531 0.000727 0
976 359 993 393 0.000724 0
866 328 883 343 0.000718 0
910 259 929 346 0.000715 0
968 236 977 251 0.000713 0
1193 166 1207 194 0.000710 0
583 527 608 581 0.000709 0
984 361 1010 400 0.000707 0
1201 192 1215 210 0.000707 0
248 208 256 230 0.000697 0
1253 297 1279 359 0.000689 0
945 383 976 457 0.000680 0
984 212 1006 232 0.000678 0
1095 440 1104 457 0.000674 0
803 183 837 240 0.000674 0
1071 191 1083 211 0.000673 0
80 392 96 404 0.000672 0
136 64 336 250 0.000671 0
1163 486 1186 507 0.000667 0
861 437 880 469 0.000667 0
786 323 847 345 0.000665 0
624 540 632 561 0.000665 0
880 595 912 702 0.000665 0
1131 443 1149 474 0.000665 0
1200 265 1262 350 0.000663 0
799 409 832 450 0.000659 0
4 565 623 704 0.000658 0
663 200 683 218 0.000656 0
883 608 911 703 0.000653 0
1118 439 1140 470 0.000651 0
879 438 890 470 0.000650 0
814 277 845 344 0.000647 0
1072 442 1091 460 0.000646 0
1 64 344 370 0.000644 0
802 182 845 236 0.000640 0
863 421 881 451 0.000639 0
910 201 935 249 0.000638 0
661 202 677 269 0.000637 0
863 567 911 703 0.000635 0
314 64 473 336 0.000635 0
846 181 869 236 0.000634 0
986 375 1018 423 0.000634 0
1252 221 1277 256 0.000634 0
242 215 251 239 0.000632 0
552 173 579 215 0.000632 0
997 445 1007 458 0.000632 0
903 335 925 379 0.000628 0
1119 392 1127 411 0.000626 0
963 212 983 254 0.000624 0
278 694 306 703 0.000623 0
1100 317 1121 361 0.000623 0
575 424 584 434 0.000621 0
800 186 823 238 0.000615 0
284 687 305 703 0.000615 0
910 272 929 347 0.000613 0
1189 332 1227 392 0.000612 0
1098 314 1128 344 0.000611 0
1183 348 1192 384 0.000610 0
879 470 896 489 0.000610 0
65 392 80 404 0.000609 0
105 352 128 408 0.000606 0
1140 389 1153 408 0.000605 0
1175 212 1183 226 0.000604 0
895 420 913 442 0.000603 0
199 210 208 225 0.000602 0
883 621 911 703 0.000602 0
1216 497 1234 511 0.000601 0
158 64 268 249 0.000600 0
658 209 670 240 0.000599 0
1039 440 1048 455 0.000599 0
575 443 589 457 0.000595 0
1235 455 1264 477 0.000587 0
1220 202 1232 230 0.000585 0
243 204 263 239 0.000584 0
339 64 439 222 0.000583 0
448 185 485 302 0.000582 0
1015 319 1041 345 0.000581 0
1118 437 1163 470 0.000578 0
152 64 354 226 0.000576 0
943 359 977 430 0.000571 0
76 64 336 213 0.000571 0
779 312 808 344 0.000571 0
328 64 433 224 0.000570 0
848 438 875 471 0.000570 0
1031 426 1039 441 0.000570 0
1183 335 1229 418 0.000569 0
1139 391 1152 408 0.000566 0
1104 295 1136 329 0.000565 0
910 439 932 456 0.000561 0
2 64 346 336 0.000558 0
865 207 894 241 0.000556 0
750 203 761 219 0.000554 0
199 211 208 226 0.000554 0
593 516 609 569 0.000552 0
616 524 624 537 0.000551 0
863 335 882 343 0.000550 0
510 197 545 248 0.000550 0
799 413 832 452 0.000550 0
496 184 515 214 0.000549 0
872 334 885 344 0.000547 0
767 201 780 230 0.000546 0
785 323 834 344 0.000545 0
1015 321 1038 345 0.000543 0
968 369 1006 424 0.000542 0
1080 403 1088 415 0.000541 0
984 192 1015 229 0.000538 0
1119 437 1160 470 0.000537 0
686 206 706 278 0.000535 0
945 359 961 393 0.000534 0
1015 441 1025 451 0.000532 0
468 202 479 216 0.000531 0
894 695 911 703 0.000531 0
684 197 693 214 0.000530 0
751 201 766 232 0.000528 0
948 371 1024 453 0.000527 0
1039 408 1053 425 0.000524 0
976 367 995 411 0.000521 0
101 64 340 208 0.000518 0
1221 211 1251 240 0.000517 0
623 541 632 562 0.000517 0
1120 64 1153 77 0.000517 0
1090 311 1133 344 0.000516 0
997 371 1022 400 0.000514 0
790 343 814 392 0.000514 0
901 335 924 348 0.000514 0
1171 456 1185 472 0.000512 0
316 64 425 227 0.000510 0
1214 64 1233 112 0.000509 0
108 353 124 403 0.000509 0
0 64 35 214 0.000508 0
0 64 49 215 0.000507 0
998 519 1008 548 0.000506 0
1008 430 1026 459 0.000505 0
859 423 881 448 0.000503 0
815 233 854 313 0.000502 0
840 597 911 703 0.000500 0
1136 441 1153 465 0.000500 0
999 521 1008 537 0.000499 0
804 409 832 452 0.000498 0
1179 175 1216 244 0.000498 0
662 294 681 349 0.000498 0
1083 437 1120 465 0.000496 0
350 188 357 199 0.000496 0
152 64 384 258 0.000492 0
1027 330 1060 389 0.000491 0
1119 64 1134 77 0.000489 0
1084 345 1096 360 0.000487 0
582 529 604 579 0.000487 0
877 585 912 701 0.000484 0
0 64 60 303 0.000483 0
1111 440 1120 455 0.000480 0
160 64 260 221 0.000478 0
904 335 923 348 0.000478 0
789 329 810 352 0.000476 0
1061 196 1078 230 0.000474 0
1080 395 1089 412 0.000474 0
319 65 467 358 0.000472 0
1150 439 1165 470 0.000470 0
285 687 305 703 0.000470 0
1198 255 1247 344 0.000469 0
656 201 675 277 0.000468 0
111 203 129 237 0.000467 0
1236 205 1279 334 0.000467 0
1060 464 1070 472 0.000466 0
577 423 592 438 0.000466 0
783 327 840 392 0.000464 0
1119 442 1133 469 0.000464 0
1247 242 1278 283 0.000461 0
1077 335 1091 361 0.000460 0
816 272 855 344 0.000460 0
855 398 863 410 0.000459 0
1103 294 1135 329 0.000459 0
242 199 260 239 0.000457 0
1076 195 1093 210 0.000455 0
979 370 998 418 0.000455 0
1028 336 1062 389 0.000454 0
809 407 832 451 0.000454 0
934 419 944 440 0.000453 0
781 330 828 393 0.000451 0
975 448 983 457 0.000450 0
1096 441 1105 460 0.000448 0
123 64 342 207 0.000448 0
241 217 253 240 0.000448 0
1216 196 1230 216 0.000446 0
766 198 785 236 0.000446 0
815 237 851 313 0.000443 0
1252 246 1267 263 0.000438 0
831 415 848 452 0.000437 0
926 426 941 456 0.000437 0
904 336 926 389 0.000436 0
800 411 832 465 0.000434 0
882 649 912 703 0.000434 0
218 183 231 220 0.000433 0
1231 458 1241 468 0.000431 0
1091 195 1102 210 0.000428 0
216 184 232 229 0.000427 0
1130 443 1157 471 0.000427 0
337 64 437 237 0.000426 0
832 416 848 463 0.000423 0
668 308 690 376 0.000421 0
757 328 819 390 0.000420 0
285 692 307 703 0.000419 0
991 359 1012 399 0.000416 0
997 358 1024 404 0.000416 0
817 306 849 343 0.000415 0
644 409 656 436 0.000415 0
314 64 487 241 0.000414 0
968 522 975 528 0.000411 0
38 393 49 403 0.000411 0
1236 230 1275 274 0.000411 0
871 588 913 696 0.000408 0
1201 260 1248 346 0.000407 0
1023 424 1034 439 0.000406 0
568 536 575 542 0.000405 0
815 310 849 343 0.000405 0
1178 235 1187 247 0.000398 0
679 205 705 278 0.000398 0
1217 210 1275 267 0.000398 0
992 440 1001 456 0.000397 0
1179 453 1258 504 0.000396 0
655 553 666 568 0.000395 0
1213 64 1234 126 0.000395 0
532 204 549 221 0.000394 0
318 64 368 179 0.000394 0
319 64 622 242 0.000393 0
671 316 691 376 0.000392 0
339 64 454 217 0.000392 0
769 196 792 237 0.000390 0
666 307 690 376 0.000390 0
1047 456 1055 466 0.000390 0
1079 410 1121 462 0.000388 0
299 66 447 278 0.000388 0
688 424 695 437 0.000388 0
1252 359 1279 517 0.000388 0
338 65 504 217 0.000388 0
1076 424 1087 440 0.000387 0
902 335 925 354 0.000387 0
1039 408 1056 457 0.000387 0
5 564 550 704 0.000387 0
1187 362 1233 417 0.000383 0
676 428 920 567 0.000383 0
943 380 957 392 0.000382 0
990 390 1006 422 0.000381 0
787 327 844 378 0.000381 0
1190 97 1204 136 0.000381 0
752 200 769 216 0.000381 0
881 585 912 703 0.000378 0
1078 386 1089 408 0.000377 0
811 305 849 344 0.000373 0
1189 486 1208 504 0.000371 0
307 64 447 237 0.000371 0
206 396 224 470 0.000370 0
663 308 681 349 0.000368 0
1247 421 1253 439 0.000367 0
1070 440 1118 474 0.000367 0
332 185 343 199 0.000366 0
1164 471 1180 480 0.000365 0
207 395 224 466 0.000365 0
218 488 224 495 0.000362 0
1231 455 1263 476 0.000360 0
1119 445 1135 470 0.000360 0
877 664 912 703 0.000359 0
663 207 695 284 0.000357 0
579 532 592 580 0.000355 0
1028 322 1058 376 0.000353 0
783 326 812 361 0.000353 0
1033 412 1040 426 0.000350 0
0 64 77 215 0.000348 0
313 64 614 208 0.000344 0
776 196 790 218 0.000344 0
1076 439 1122 472 0.000343 0
1111 441 1120 468 0.000343 0
1226 199 1254 231 0.000342 0
60 64 353 293 0.000341 0
1083 405 1121 468 0.000341 0
648 408 656 423 0.000340 0
47 551 56 565 0.000340 0
578 528 608 582 0.000339 0
111 202 132 238 0.000337 0
315 64 368 200 0.000337 0
184 191 191 206 0.000337 0
1240 264 1279 413 0.000337 0
320 64 652 362 0.000336 0
1172 457 1185 474 0.000336 0
1189 212 1279 318 0.000335 0
624 577 936 703 0.000334 0
1103 442 1168 480 0.000334 0
793 245 849 345 0.000333 0
1029 330 1068 389 0.000333 0
463 198 511 251 0.000332 0
160 64 259 189 0.000327 0
776 189 791 226 0.000327 0
957 347 996 393 0.000327 0
773 198 792 237 0.000326 0
4 64 498 386 0.000325 0
990 386 1008 435 0.000324 0
1077 333 1091 360 0.000323 0
47 551 56 568 0.000323 0
1093 314 1123 391 0.000323 0
928 387 939 408 0.000323 0
1008 477 1016 491 0.000323 0
1218 203 1277 266 0.000322 0
909 440 930 456 0.000322 0
1071 196 1103 233 0.000322 0
910 311 928 347 0.000322 0
319 64 427 199 0.000321 0
1151 449 1162 469 0.000321 0
445 158 491 303 0.000320 0
1081 444 1114 472 0.000318 0
1215 454 1225 471 0.000317 0
449 206 464 250 0.000315 0
944 360 965 409 0.000314 0
110 352 121 399 0.000313 0
1136 386 1152 409 0.000313 0
382 84 501 220 0.000312 0
832 623 910 703 0.000312 0
588 198 696 286 0.000310 0
1072 449 1112 479 0.000309 0
1127 432 1165 470 0.000308 0
1064 422 1072 433 0.000307 0
278 686 308 703 0.000307 0
384 150 932 287 0.000306 0
672 311 691 374 0.000306 0
874 317 905 344 0.000305 0
1071 332 1117 394 0.000303 0
776 276 840 346 0.000302 0
862 327 887 344 0.000302 0
1074 334 1120 394 0.000301 0
214 186 234 231 0.000301 0
981 440 1000 456 0.000301 0
1072 333 1113 387 0.000300 0
658 206 696 285 0.000298 0
908 333 927 350 0.000297 0
600 344 609 364 0.000296 0
465 198 500 251 0.000295 0
1150 101 1169 136 0.000295 0
1091 443 1137 472 0.000295 0
1074 435 1169 483 0.000293 0
1217 214 1254 264 0.000293 0
1215 308 1271 407 0.000292 0
835 676 911 703 0.000292 0
995 423 1016 440 0.000291 0
800 411 831 457 0.000291 0
955 423 973 455 0.000290 0
951 434 968 455 0.000289 0
1076 332 1090 356 0.000289 0
967 507 976 525 0.000289 0
800 404 831 449 0.000289 0
768 424 784 441 0.000288 0
1039 323 1056 335 0.000288 0
596 530 610 576 0.000287 0
578 525 610 582 0.000287 0
959 423 975 449 0.000286 0
1008 470 1019 479 0.000286 0
1071 437 1119 469 0.000286 0
1095 500 1120 528 0.000285 0
890 675 911 703 0.000285 0
810 240 833 288 0.000283 0
911 264 929 347 0.000282 0
1243 457 1279 487 0.000282 0
725 320 744 338 0.000282 0
371 86 504 241 0.000280 0
0 69 24 213 0.000280 0
896 405 912 425 0.000280 0
1025 358 1042 409 0.000279 0
9 488 633 704 0.000279 0
39 64 559 377 0.000278 0
311 64 434 242 0.000278 0
767 265 839 345 0.000277 0
831 413 848 446 0.000277 0
903 335 947 390 0.000277 0
834 681 904 703 0.000276 0
1031 183 1041 201 0.000276 0
780 311 852 345 0.000276 0
977 349 1000 387 0.000274 0
808 366 815 392 0.000274 0
1104 276 1137 331 0.000273 0
988 347 1008 384 0.000273 0
128 64 548 285 0.000273 0
1019 324 1041 345 0.000272 0
918 423 927 436 0.000272 0
481 198 529 250 0.000271 0
1023 426 1030 441 0.000271 0
898 335 926 380 0.000271 0
1217 422 1250 440 0.000271 0
722 416 736 433 0.000270 0
585 510 608 566 0.000270 0
653 437 709 510 0.000269 0
1013 477 1025 489 0.000269 0
755 422 768 433 0.000269 0
673 423 689 439 0.000267 0
1079 444 1123 472 0.000267 0
269 214 278 232 0.000267 0
1071 336 1115 397 0.000267 0
0 397 32 448 0.000266 0
343 68 506 228 0.000265 0
1263 64 1279 162 0.000265 0
1240 243 1267 282 0.000265 0
1063 414 1072 424 0.000264 0
99 353 125 405 0.000263 0
1237 424 1249 440 0.000262 0
255 64 354 201 0.000262 0
926 419 938 441 0.000262 0
1042 444 1055 463 0.000261 0
881 429 907 458 0.000261 0
1087 407 1122 458 0.000261 0
943 366 961 432 0.000260 0
1205 322 1267 406 0.000258 0
1118 457 1129 474 0.000258 0
656 212 671 282 0.000257 0
321 422 336 468 0.000257 0
1135 390 1151 408 0.000257 0
808 240 844 321 0.000255 0
943 364 962 411 0.000255 0
1078 334 1098 360 0.000254 0
1216 216 1261 271 0.000254 0
881 636 911 703 0.000253 0
334 64 436 194 0.000253 0
1029 409 1056 466 0.000252 0
987 343 1008 389 0.000252 0
930 377 944 409 0.000251 0
879 317 905 344 0.000251 0
864 578 901 698 0.000250 0
924 454 944 484 0.000249 0
600 344 609 362 0.000249 0
906 336 929 391 0.000249 0
255 65 338 213 0.000249 0
827 285 849 311 0.000248 0
270 215 279 232 0.000246 0
991 457 1001 472 0.000246 0
798 159 859 229 0.000246 0
1102 287 1148 340 0.000245 0
8 567 511 704 0.000245 0
917 382 945 446 0.000244 0
1080 396 1126 455 0.000244 0
643 513 1061 704 0.000243 0
1072 390 1083 406 0.000242 0
1184 508 1196 517 0.000242 0
1019 377 1039 409 0.000242 0
415 251 420 269 0.000241 0
773 266 845 345 0.000241 0
1077 478 1279 701 0.000239 0
1026 368 1041 408 0.000238 0
1113 185 1126 205 0.000238 0
1221 204 1259 238 0.000238 0
1263 309 1279 368 0.000238 0
449 172 546 294 0.000238 0
842 466 855 480 0.000238 0
971 349 1005 393 0.000237 0
1034 354 1057 412 0.000237 0
454 207 480 283 0.000236 0
663 317 680 350 0.000236 0
820 263 851 313 0.000236 0
111 379 129 406 0.000235 0
864 199 904 240 0.000235 0
107 352 136 408 0.000235 0
264 194 271 204 0.000234 0
1174 497 1185 520 0.000232 0
309 64 520 210 0.000232 0
1096 449 1129 475 0.000232 0
31 530 41 567 0.000231 0
767 312 805 344 0.000230 0
955 377 1012 428 0.000229 0
656 204 709 286 0.000229 0
206 195 224 229 0.000229 0
1024 326 1044 360 0.000229 0
143 64 395 202 0.000227 0
1249 486 1279 652 0.000227 0
887 623 911 703 0.000226 0
193 370 224 413 0.000226 0
83 64 447 337 0.000224 0
905 335 927 359 0.000224 0
1218 408 1232 425 0.000224 0
881 471 900 497 0.000224 0
1072 395 1082 409 0.000224 0
1055 425 1083 463 0.000223 0
1216 422 1248 438 0.000223 0
674 296 704 350 0.000223 0
616 357 624 373 0.000223 0
774 196 792 234 0.000222 0
650 437 701 506 0.000222 0
903 373 996 469 0.000222 0
999 534 1007 551 0.000222 0
1108 391 1125 407 0.000221 0
392 83 508 230 0.000221 0
978 357 1025 409 0.000220 0
0 155 7 203 0.000220 0
450 153 949 286 0.000220 0
1033 349 1061 414 0.000220 0
237 173 331 378 0.000218 0
834 690 905 703 0.000217 0
1053 440 1125 479 0.000217 0
288 406 304 460 0.000217 0
1025 339 1059 388 0.000216 0
943 360 962 427 0.000216 0
317 64 426 187 0.000215 0
639 535 647 550 0.000215 0
1208 298 1274 401 0.000215 0
66 64 130 200 0.000215 0
138 64 261 228 0.000214 0
673 316 691 371 0.000214 0
908 326 928 346 0.000214 0
255 64 335 192 0.000214 0
31 558 38 567 0.000213 0
858 694 912 703 0.000212 0
1216 347 1279 445 0.000212 0
657 308 684 375 0.000211 0
1056 420 1078 452 0.000211 0
254 65 326 174 0.000211 0
642 565 941 702 0.000210 0
766 264 845 343 0.000210 0
159 64 310 220 0.000209 0
224 205 290 267 0.000209 0
841 694 911 703 0.000208 0
1104 277 1141 332 0.000208 0
909 342 996 451 0.000207 0
1023 381 1032 402 0.000207 0
136 64 508 241 0.000206 0
209 195 221 226 0.000206 0
319 64 385 181 0.000206 0
1112 103 1120 123 0.000206 0
1118 423 1169 474 0.000206 0
1039 322 1056 336 0.000205 0
1218 215 1260 255 0.000205 0
155 69 213 243 0.000205 0
1024 355 1056 407 0.000204 0
852 306 864 337 0.000203 0
863 450 899 482 0.000202 0
254 64 359 208 0.000202 0
750 614 1060 704 0.000202 0
608 432 624 467 0.000202 0
1072 450 1132 475 0.000201 0
891 597 912 700 0.000201 0
768 577 906 703 0.000201 0
1145 439 1168 473 0.000201 0
704 316 721 376 0.000200 0
682 212 703 280 0.000200 0
1244 345 1279 504 0.000200 0
459 198 514 257 0.000200 0
1216 422 1280 503 0.000199 0
991 413 1003 439 0.000199 0
660 318 692 377 0.000199 0
762 598 907 703 0.000198 0
1003 522 1015 537 0.000198 0
0 70 58 223 0.000198 0
1066 188 1279 314 0.000197 0
929 376 945 391 0.000197 0
737 423 761 432 0.000196 0
921 350 1024 428 0.000196 0
67 64 128 157 0.000196 0
325 64 672 260 0.000195 0
1263 67 1279 169 0.000195 0
1059 397 1115 467 0.000195 0
1082 402 1134 470 0.000194 0
1033 355 1058 389 0.000194 0
931 413 943 436 0.000194 0
1033 360 1057 390 0.000194 0
0 148 7 203 0.000193 0
1244 384 1279 449 0.000193 0
877 316 904 343 0.000193 0
1037 357 1051 410 0.000192 0
632 202 658 222 0.000192 0
0 65 53 378 0.000192 0
304 420 333 469 0.000192 0
791 363 815 392 0.000192 0
880 438 939 483 0.000191 0
996 510 1011 540 0.000191 0
885 596 912 703 0.000190 0
1199 64 1208 74 0.000190 0
1206 273 1279 416 0.000190 0
567 525 576 542 0.000190 0
917 426 928 442 0.000190 0
910 340 938 392 0.000190 0
849 396 858 409 0.000189 0
1050 109 1083 147 0.000189 0
1167 64 1178 72 0.000188 0
14 513 43 567 0.000188 0
703 341 720 376 0.000188 0
660 231 691 285 0.000188 0
856 430 873 442 0.000186 0
1116 440 1170 477 0.000186 0
315 66 421 220 0.000185 0
599 344 610 367 0.000185 0
1263 76 1279 147 0.000185 0
1105 601 1111 614 0.000185 0
991 528 999 548 0.000185 0
155 69 272 253 0.000184 0
1247 412 1254 428 0.000183 0
1102 273 1136 332 0.000183 0
676 300 699 353 0.000183 0
605 529 617 586 0.000183 0
1174 96 1197 137 0.000182 0
1060 190 1078 227 0.000182 0
321 206 335 253 0.000182 0
1194 436 1279 478 0.000182 0
766 424 784 442 0.000182 0
313 64 475 156 0.000181 0
1057 183 1277 310 0.000181 0
1084 395 1130 458 0.000181 0
104 67 212 236 0.000180 0
355 82 506 269 0.000180 0
927 376 944 392 0.000178 0
366 207 378 232 0.000178 0
914 340 1006 392 0.000177 0
889 584 912 703 0.000177 0
796 370 812 392 0.000176 0
1214 64 1233 92 0.000176 0
1087 410 1121 448 0.000176 0
1050 394 1125 469 0.000176 0
579 530 616 587 0.000175 0
233 211 275 264 0.000174 0
779 325 848 363 0.000174 0
900 335 925 352 0.000174 0
928 392 938 409 0.000174 0
308 64 368 198 0.000174 0
1247 426 1262 443 0.000174 0
655 554 664 578 0.000174 0
765 199 788 236 0.000173 0
1034 64 1123 204 0.000173 0
704 310 731 377 0.000173 0
19 520 34 565 0.000172 0
1210 64 1234 95 0.000172 0
1243 313 1279 486 0.000172 0
1019 321 1058 357 0.000171 0
768 424 785 453 0.000171 0
1056 311 1134 335 0.000171 0
860 646 903 703 0.000171 0
849 325 863 340 0.000171 0
704 337 721 376 0.000171 0
909 386 945 448 0.000170 0
285 694 314 703 0.000170 0
648 199 740 285 0.000170 0
959 482 969 495 0.000169 0
847 650 898 703 0.000169 0
98 352 123 402 0.000169 0
1029 342 1041 361 0.000168 0
109 352 121 391 0.000168 0
1099 104 1137 166 0.000167 0
582 527 603 576 0.000167 0
906 453 944 485 0.000167 0
880 407 896 439 0.000167 0
664 314 680 352 0.000167 0
1259 576 1279 645 0.000166 0
248 66 328 202 0.000166 0
664 297 701 360 0.000166 0
808 406 832 437 0.000166 0
947 416 974 457 0.000166 0
1038 322 1066 361 0.000166 0
1069 437 1167 478 0.000165 0
0 583 15 702 0.000165 0
255 65 342 241 0.000165 0
932 392 944 409 0.000165 0
125 207 136 232 0.000165 0
1169 211 1238 298 0.000165 0
989 187 1005 224 0.000165 0
1061 391 1073 402 0.000164 0
256 392 273 403 0.000164 0
786 277 849 344 0.000164 0
14 513 36 566 0.000163 0
608 444 624 468 0.000163 0
1165 97 1192 137 0.000163 0
107 352 120 380 0.000162 0
990 561 1003 584 0.000162 0
138 64 475 208 0.000162 0
1198 396 1212 440 0.000162 0
1067 182 1274 294 0.000161 0
1192 219 1280 332 0.000160 0
1215 423 1250 440 0.000160 0
65 65 136 206 0.000160 0
153 81 209 245 0.000160 0
365 202 383 221 0.000160 0
197 64 327 233 0.000159 0
1098 330 1108 344 0.000159 0
1084 194 1228 284 0.000158 0
1007 421 1051 464 0.000158 0
1019 439 1042 459 0.000158 0
376 186 385 201 0.000158 0
1041 393 1092 447 0.000158 0
160 64 303 186 0.000158 0
528 559 536 567 0.000158 0
590 391 608 428 0.000157 0
1037 64 1146 220 0.000157 0
0 64 158 260 0.000157 0
812 405 832 445 0.000156 0
591 393 608 433 0.000156 0
1203 64 1221 73 0.000156 0
919 346 946 392 0.000156 0
815 286 866 344 0.000155 0
880 317 897 342 0.000155 0
1222 504 1234 517 0.000155 0
607 428 624 466 0.000155 0
1074 403 1088 427 0.000155 0
1262 79 1279 171 0.000155 0
639 536 648 554 0.000154 0
673 438 715 509 0.000154 0
113 69 211 246 0.000154 0
932 384 1036 474 0.000153 0
894 324 905 343 0.000153 0
909 340 993 442 0.000153 0
1059 411 1126 469 0.000152 0
410 148 932 293 0.000152 0
864 576 898 695 0.000152 0
1255 575 1279 647 0.000152 0
1056 395 1127 464 0.000151 0
2 66 84 217 0.000151 0
912 268 929 315 0.000151 0
855 403 863 414 0.000151 0
461 160 578 254 0.000150 0
1009 372 1042 424 0.000151 0
979 530 990 544 0.000150 0
0 130 28 320 0.000149 0
65 64 169 206 0.000149 0
858 299 913 344 0.000149 0
0 139 30 273 0.000149 0
884 419 895 439 0.000148 0
914 374 929 407 0.000148 0
1055 361 1065 388 0.000148 0
3 559 446 704 0.000148 0
975 312 992 344 0.000147 0
800 422 817 462 0.000147 0
1056 423 1064 435 0.000146 0
1088 397 1097 410 0.000146 0
399 86 524 235 0.000146 0
1167 441 1198 474 0.000146 0
848 283 864 339 0.000146 0
685 212 705 279 0.000145 0
1083 394 1124 423 0.000145 0
799 406 813 446 0.000145 0
316 64 446 175 0.000145 0
731 187 747 215 0.000144 0
224 375 240 399 0.000144 0
977 456 1008 474 0.000144 0
317 423 336 470 0.000143 0
926 410 941 439 0.000143 0
128 64 501 220 0.000143 0
106 350 134 407 0.000143 0
267 217 291 295 0.000143 0
332 64 507 209 0.000142 0
662 292 704 373 0.000142 0
253 64 365 190 0.000141 0
1188 455 1244 476 0.000141 0
864 253 930 348 0.000141 0
768 312 797 343 0.000141 0
1201 440 1251 465 0.000141 0
910 343 928 392 0.000140 0
659 293 703 377 0.000140 0
1165 64 1208 80 0.000140 0
756 413 768 427 0.000140 0
444 156 493 296 0.000140 0
983 181 1024 231 0.000140 0
1247 418 1279 445 0.000139 0
607 545 617 588 0.000139 0
892 423 930 450 0.000139 0
98 355 127 409 0.000138 0
680 299 696 346 0.000138 0
55 397 80 440 0.000138 0
672 312 703 371 0.000138 0
504 547 512 566 0.000138 0
771 308 849 344 0.000138 0
987 341 1008 380 0.000138 0
1262 129 1279 179 0.000137 0
603 357 620 369 0.000137 0
950 439 962 459 0.000137 0
975 323 992 345 0.000137 0
1067 438 1167 474 0.000137 0
914 168 928 180 0.000137 0
1233 409 1255 434 0.000136 0
798 362 817 392 0.000136 0
1170 343 1188 386 0.000136 0
839 657 895 703 0.000136 0
328 64 668 207 0.000136 0
1222 422 1275 462 0.000136 0
1109 395 1121 407 0.000135 0
111 222 124 240 0.000135 0
208 68 332 248 0.000134 0
1058 332 1092 387 0.000134 0
581 390 608 427 0.000134 0
1071 336 1089 365 0.000134 0
579 398 591 422 0.000134 0
1054 414 1064 427 0.000134 0
706 402 768 446 0.000133 0
1185 436 1279 481 0.000133 0
65 381 84 404 0.000133 0
681 296 703 340 0.000133 0
61 64 129 192 0.000133 0
1056 391 1067 402 0.000132 0
675 436 723 509 0.000132 0
1085 400 1126 445 0.000132 0
513 199 546 249 0.000132 0
895 405 912 436 0.000132 0
115 64 517 305 0.000131 0
1252 503 1280 661 0.000131 0
1163 98 1188 137 0.000131 0
1024 407 1036 423 0.000131 0
602 359 625 376 0.000131 0
125 64 262 186 0.000131 0
1027 356 1056 386 0.000131 0
0 398 33 550 0.000131 0
1215 393 1231 425 0.000131 0
383 184 396 205 0.000131 0
0 587 17 704 0.000130 0
0 64 69 200 0.000130 0
775 226 793 238 0.000130 0
19 523 33 566 0.000130 0
106 64 208 214 0.000130 0
347 316 388 377 0.000129 0
65 65 158 206 0.000129 0
451 178 538 305 0.000129 0
720 402 769 433 0.000129 0
762 420 799 445 0.000129 0
1034 349 1065 426 0.000128 0
1052 440 1084 469 0.000128 0
1196 405 1238 441 0.000128 0
675 335 689 376 0.000128 0
678 296 704 345 0.000128 0
675 472 698 506 0.000127 0
1172 361 1279 482 0.000127 0
1262 110 1279 171 0.000127 0
893 418 933 442 0.000127 0
738 279 757 302 0.000126 0
1209 204 1278 303 0.000126 0
240 391 257 407 0.000126 0
0 135 19 215 0.000126 0
750 294 759 303 0.000125 0
1136 407 1168 424 0.000125 0
157 64 334 227 0.000125 0
907 265 929 321 0.000125 0
1078 384 1089 396 0.000125 0
1207 528 1215 535 0.000124 0
615 527 625 551 0.000124 0
429 223 439 230 0.000124 0
567 64 660 231 0.000124 0
257 64 339 173 0.000124 0
1197 64 1219 112 0.000124 0
830 64 839 69 0.000123 0
680 440 707 457 0.000123 0
719 270 860 388 0.000122 0
656 557 670 569 0.000122 0
1078 331 1120 370 0.000122 0
150 349 160 406 0.000122 0
99 352 122 397 0.000122 0
666 451 693 505 0.000122 0
1008 337 1024 390 0.000122 0
945 374 1059 464 0.000121 0
1190 443 1264 473 0.000121 0
65 64 211 206 0.000120 0
1262 68 1279 266 0.000120 0
1166 64 1211 79 0.000120 0
871 395 879 408 0.000120 0
0 397 32 521 0.000120 0
574 431 592 471 0.000120 0
818 268 865 342 0.000120 0
949 456 973 475 0.000120 0
1264 64 1279 78 0.000120 0
837 394 847 409 0.000120 0
663 293 706 377 0.000120 0
1257 573 1279 646 0.000120 0
949 380 1019 445 0.000120 0
1208 374 1268 432 0.000119 0
1262 64 1279 81 0.000119 0
990 528 998 537 0.000119 0
1250 572 1279 697 0.000119 0
285 64 487 213 0.000119 0
350 64 503 210 0.000119 0
249 195 390 381 0.000118 0
1102 269 1137 333 0.000118 0
1047 73 1093 139 0.000118 0
666 469 706 572 0.000118 0
1164 64 1206 84 0.000117 0
807 429 835 463 0.000117 0
1045 389 1095 438 0.000117 0
1165 343 1187 394 0.000117 0
862 630 900 703 0.000117 0
832 665 893 703 0.000116 0
674 429 851 557 0.000116 0
883 431 944 464 0.000116 0
1150 100 1166 135 0.000116 0
675 464 696 506 0.000116 0
1050 454 1083 471 0.000116 0
0 69 78 225 0.000116 0
1071 332 1089 360 0.000116 0
998 438 1009 455 0.000116 0
1263 576 1279 641 0.000115 0
854 632 898 703 0.000115 0
558 64 665 221 0.000115 0
528 540 536 553 0.000115 0
1262 136 1279 182 0.000115 0
67 65 193 220 0.000115 0
1166 447 1238 474 0.000115 0
863 333 886 363 0.000115 0
1014 64 1125 189 0.000114 0
580 64 665 228 0.000114 0
543 64 589 203 0.000113 0
584 64 672 228 0.000113 0
989 549 1006 585 0.000113 0
0 118 24 326 0.000113 0
769 310 805 344 0.000112 0
545 64 658 229 0.000112 0
1117 64 1156 113 0.000112 0
1039 184 1048 203 0.000112 0
319 64 371 107 0.000112 0
122 374 142 405 0.000112 0
1185 248 1280 349 0.000112 0
67 66 212 229 0.000112 0
161 64 262 169 0.000112 0
895 335 926 387 0.000112 0
899 326 927 348 0.000111 0
1117 64 1138 130 0.000111 0
977 421 1049 463 0.000111 0
0 586 16 671 0.000111 0
117 371 166 426 0.000111 0
686 544 701 564 0.000110 0
269 233 290 295 0.000110 0
1027 388 1093 444 0.000110 0
1215 408 1248 435 0.000109 0
211 193 247 242 0.000109 0
1211 317 1241 350 0.000109 0
0 262 24 468 0.000109 0
863 594 897 700 0.000109 0
542 64 653 219 0.000109 0
921 444 1029 478 0.000108 0
351 64 498 95 0.000108 0
1048 388 1131 453 0.000108 0
682 432 723 508 0.000108 0
1107 216 1272 360 0.000108 0
1258 574 1279 649 0.000108 0
1166 64 1201 79 0.000108 0
898 396 912 415 0.000108 0
1137 442 1168 473 0.000107 0
339 72 517 228 0.000107 0
684 345 693 362 0.000107 0
35 306 70 401 0.000107 0
131 568 635 704 0.000106 0
675 471 701 506 0.000106 0
1195 219 1280 362 0.000106 0
855 569 895 647 0.000106 0
121 64 260 151 0.000106 0
849 380 864 414 0.000105 0
1104 397 1116 407 0.000105 0
654 438 708 476 0.000105 0
704 310 738 377 0.000105 0
482 169 601 279 0.000105 0
1129 446 1168 478 0.000104 0
0 89 62 224 0.000104 0
1086 398 1128 432 0.000104 0
431 520 440 550 0.000104 0
863 590 901 702 0.000104 0
876 406 896 438 0.000104 0
150 346 170 406 0.000104 0
1048 331 1098 392 0.000103 0
765 185 788 231 0.000103 0
1126 424 1168 450 0.000103 0
735 400 769 428 0.000103 0
1076 328 1125 363 0.000103 0
828 672 889 703 0.000103 0
123 370 148 409 0.000103 0
848 457 883 487 0.000103 0
1140 384 1174 410 0.000103 0
638 510 650 559 0.000102 0
1010 695 1040 703 0.000102 0
737 193 823 239 0.000102 0
993 66 1103 233 0.000102 0
671 466 698 507 0.000102 0
540 64 585 217 0.000102 0
30 64 135 212 0.000101 0
190 186 201 215 0.000101 0
1264 102 1279 171 0.000101 0
629 363 639 379 0.000101 0
575 388 602 428 0.000101 0
454 455 463 463 0.000101 0
789 311 801 335 0.000101 0
656 317 683 376 0.000100 0
1187 269 1279 365 0.825019 1
809 228 855 280 0.673709 1
1010 225 1048 263 0.585538 1
1009 229 1049 263 0.421846 1
1009 231 1047 263 0.238761 1
1010 223 1053 263 0.225229 1
1011 221 1050 263 0.195295 1
1009 221 1051 263 0.170518 1
809 226 878 281 0.101681 1
1012 222 1059 262 0.063782 1
810 226 887 282 0.062842 1
1010 222 1073 263 0.041706 1
1003 233 1028 263 0.039922 1
1006 234 1026 263 0.034731 1
813 222 854 280 0.028032 1
1109 221 1133 252 0.025054 1
1010 226 1050 263 0.020657 1
1029 222 1051 250 0.015951 1
810 227 906 286 0.015854 1
1022 223 1074 263 0.013752 1
999 236 1021 262 0.013196 1
1041 221 1057 247 0.013022 1
1009 221 1041 263 0.012707 1
1027 230 1072 263 0.011666 1
1040 223 1056 249 0.011611 1
1011 225 1072 263 0.011283 1
1104 216 1135 252 0.011231 1
1109 229 1121 249 0.011164 1
1038 222 1058 249 0.011095 1
999 233 1020 262 0.010909 1
1110 221 1137 252 0.010455 1
1040 222 1073 258 0.010257 1
1103 228 1127 253 0.010242 1
1041 221 1072 248 0.010211 1
809 227 851 272 0.009812 1
1038 220 1078 255 0.009684 1
1042 220 1071 247 0.009648 1
513 231 537 247 0.009352 1
812 229 854 269 0.008901 1
809 231 841 279 0.008729 1
824 225 851 264 0.008655 1
1102 221 1132 252 0.008423 1
809 228 842 274 0.007856 1
1103 229 1121 249 0.007323 1
818 233 884 283 0.007237 1
1065 216 1091 249 0.007227 1
809 230 843 278 0.007223 1
1230 268 1279 353 0.007146 1
1228 273 1279 357 0.006983 1
834 232 889 284 0.006902 1
511 230 538 247 0.006897 1
924 207 952 254 0.006852 1
1001 218 1028 263 0.006834 1
893 262 924 296 0.006814 1
1244 264 1279 291 0.006780 1
932 242 957 254 0.006767 1
863 241 926 294 0.006588 1
950 273 960 298 0.006526 1
1062 218 1091 250 0.006375 1
1190 309 1245 365 0.006239 1
1067 219 1091 249 0.006213 1
950 273 960 302 0.006131 1
1102 222 1124 249 0.006121 1
1241 266 1279 297 0.005999 1
809 238 835 279 0.005730 1
862 229 918 285 0.005607 1
983 227 1023 262 0.005379 1
1047 218 1085 248 0.005362 1
891 263 927 297 0.005322 1
1061 217 1092 251 0.005311 1
1237 267 1280 330 0.005264 1
495 230 540 252 0.005204 1
809 232 855 282 0.005186 1
993 220 1023 262 0.005151 1
998 245 1013 262 0.005088 1
861 236 919 290 0.005025 1
1121 308 1192 359 0.005014 1
1059 220 1092 252 0.005009 1
1009 219 1074 268 0.005008 1
822 229 878 282 0.004884 1
1187 295 1228 364 0.004867 1
1042 220 1090 249 0.004779 1
1232 268 1280 343 0.004662 1
1114 311 1169 345 0.004618 1
1040 220 1089 255 0.004491 1
932 244 958 254 0.004383 1
864 242 891 284 0.004351 1
1187 314 1265 366 0.004295 1
1109 302 1186 357 0.004294 1
520 231 537 247 0.004279 1
1109 310 1184 358 0.004243 1
1035 223 1075 264 0.004205 1
1240 266 1280 309 0.004145 1
874 257 928 297 0.004065 1
809 234 921 292 0.004057 1
1107 313 1165 344 0.004055 1
860 218 915 282 0.004004 1
892 262 922 294 0.003996 1
975 230 1016 261 0.003969 1
1254 265 1279 285 0.003864 1
869 252 925 296 0.003820 1
1187 316 1254 365 0.003760 1
926 232 941 253 0.003720 1
1069 224 1091 251 0.003715 1
854 231 879 280 0.003662 1
1218 276 1279 355 0.003637 1
1250 269 1279 298 0.003576 1
1227 267 1273 354 0.003565 1
931 241 958 254 0.003548 1
1186 227 1202 252 0.003500 1
811 229 859 281 0.003478 1
819 221 844 255 0.003430 1
1232 285 1279 360 0.003396 1
1117 242 1129 253 0.003378 1
926 204 950 253 0.003317 1
1105 293 1179 354 0.003317 1
1108 285 1170 346 0.003284 1
863 240 920 289 0.003263 1
813 213 836 240 0.003260 1
1045 268 1071 296 0.003220 1
863 238 903 283 0.003205 1
977 229 1014 261 0.003201 1
1073 218 1091 245 0.003197 1
519 231 538 247 0.003161 1
1144 308 1191 362 0.003118 1
864 238 919 293 0.003092 1
926 272 961 303 0.003070 1
1185 227 1203 265 0.003036 1
808 219 833 241 0.002986 1
1141 310 1168 345 0.002942 1
1067 219 1112 251 0.002900 1
1067 211 1088 245 0.002885 1
864 245 897 285 0.002875 1
1240 264 1279 292 0.002859 1
1187 301 1225 364 0.002850 1
949 273 960 303 0.002846 1
1100 302 1173 350 0.002839 1
1008 214 1058 257 0.002833 1
1045 247 1073 296 0.002824 1
1107 321 1165 345 0.002797 1
813 210 830 240 0.002796 1
1101 313 1151 345 0.002762 1
1103 277 1178 353 0.002757 1
1104 278 1194 355 0.002743 1
865 241 885 279 0.002737 1
1185 231 1202 265 0.002714 1
1145 310 1168 344 0.002695 1
932 272 961 303 0.002607 1
1078 215 1126 250 0.002595 1
1035 234 1074 264 0.002595 1
1241 293 1279 363 0.002586 1
823 204 861 278 0.002567 1
1244 303 1279 364 0.002566 1
819 215 840 242 0.002566 1
1070 216 1098 249 0.002541 1
1245 273 1279 304 0.002531 1
1045 278 1059 296 0.002519 1
831 246 883 283 0.002510 1
1104 312 1154 344 0.002488 1
1244 298 1279 377 0.002488 1
1070 213 1096 244 0.002480 1
1244 274 1279 332 0.002441 1
1051 209 1083 246 0.002416 1
1107 323 1155 344 0.002389 1
1243 277 1279 349 0.002358 1
1103 277 1171 348 0.002335 1
895 263 926 297 0.002323 1
865 258 892 285 0.002314 1
861 227 885 277 0.002311 1
1113 284 1211 358 0.002283 1
1045 277 1067 296 0.002267 1
1250 259 1279 283 0.002261 1
1124 308 1216 360 0.002226 1
809 240 834 281 0.002184 1
1230 269 1262 351 0.002136 1
1117 313 1169 346 0.002120 1
858 252 890 284 0.002106 1
1189 307 1273 367 0.002095 1
1042 207 1078 246 0.002091 1
893 264 923 296 0.002059 1
1145 306 1191 357 0.002052 1
1188 327 1225 364 0.002048 1
1185 313 1267 401 0.002016 1
1246 291 1279 356 0.001872 1
1090 310 1180 356 0.001872 1
495 231 541 252 0.001829 1
936 244 958 254 0.001819 1
856 230 874 275 0.001817 1
1267 262 1279 275 0.001816 1
1140 311 1170 354 0.001810 1
866 260 893 285 0.001807 1
1223 270 1262 353 0.001791 1
1143 312 1191 361 0.001739 1
844 216 874 279 0.001738 1
1253 281 1279 316 0.001734 1
764 250 806 281 0.001726 1
809 239 835 274 0.001693 1
979 216 1012 259 0.001688 1
1244 304 1279 370 0.001682 1
918 207 939 252 0.001675 1
1190 309 1257 366 0.001675 1
1187 340 1224 364 0.001669 1
1011 219 1024 230 0.001666 1
924 273 961 305 0.001646 1
1075 222 1124 251 0.001584 1
930 239 960 254 0.001577 1
930 236 998 259 0.001573 1
893 264 915 293 0.001563 1
1147 310 1169 346 0.001561 1
804 225 821 239 0.001555 1
981 235 1015 262 0.001545 1
869 239 924 296 0.001540 1
506 229 539 248 0.001531 1
766 249 786 280 0.001530 1
1101 228 1125 253 0.001517 1
802 187 825 239 0.001509 1
1254 280 1279 302 0.001496 1
1186 271 1278 414 0.001492 1
1219 277 1262 353 0.001428 1
1252 277 1279 313 0.001414 1
1245 303 1279 381 0.001412 1
975 207 1053 262 0.001389 1
803 216 824 239 0.001383 1
1237 268 1268 342 0.001376 1
769 250 785 281 0.001366 1
1202 284 1270 356 0.001339 1
1197 303 1240 362 0.001337 1
1012 235 1073 297 0.001318 1
1019 228 1073 297 0.001294 1
768 249 806 280 0.001294 1
1146 312 1174 359 0.001283 1
865 235 917 284 0.001257 1
1208 289 1279 357 0.001255 1
1254 280 1279 319 0.001250 1
1181 337 1222 390 0.001237 1
1239 267 1274 330 0.001216 1
1106 279 1206 358 0.001213 1
872 261 916 289 0.001200 1
1014 219 1075 298 0.001180 1
1187 295 1222 363 0.001176 1
814 233 855 282 0.001116 1
907 266 927 296 0.001081 1
1180 191 1205 216 0.001073 1
982 213 1074 298 0.001037 1
894 264 909 288 0.001029 1
1221 267 1279 356 0.000999 1
1117 240 1135 253 0.000994 1
768 251 784 280 0.000975 1
511 215 538 247 0.000968 1
842 248 855 282 0.000954 1
519 231 544 251 0.000950 1
18 226 70 257 0.000930 1
949 273 967 303 0.000928 1
1202 264 1271 325 0.000924 1
1048 235 1073 296 0.000919 1
1143 306 1194 361 0.000916 1
13 231 60 257 0.000914 1
894 265 915 297 0.000908 1
1188 293 1221 340 0.000895 1
863 261 897 295 0.000893 1
892 263 916 289 0.000890 1
964 232 998 261 0.000889 1
884 263 916 291 0.000875 1
809 242 832 276 0.000872 1
1023 278 1060 333 0.000858 1
1196 263 1233 322 0.000856 1
1039 204 1055 244 0.000849 1
1193 294 1226 340 0.000843 1
23 230 73 255 0.000837 1
757 222 860 281 0.000830 1
1105 287 1139 334 0.000829 1
47 236 73 256 0.000819 1
1046 269 1072 296 0.000817 1
1145 318 1187 360 0.000815 1
1191 299 1278 385 0.000806 1
18 229 73 256 0.000806 1
1193 294 1278 368 0.000805 1
1187 337 1223 369 0.000792 1
1200 275 1261 350 0.000792 1
808 229 836 271 0.000781 1
1188 333 1224 366 0.000780 1
766 253 785 280 0.000779 1
1154 310 1168 337 0.000774 1
1188 294 1220 359 0.000759 1
1108 312 1141 337 0.000757 1
1243 260 1279 277 0.000742 1
1074 304 1270 398 0.000735 1
1022 277 1062 296 0.000731 1
773 253 803 280 0.000725 1
1029 308 1195 390 0.000723 1
1 231 43 257 0.000719 1
864 255 971 303 0.000715 1
864 190 982 268 0.000710 1
1069 307 1227 394 0.000689 1
1254 302 1279 366 0.000689 1
30 236 72 257 0.000685 1
1185 328 1228 382 0.000682 1
829 183 937 291 0.000680 1
1183 328 1228 398 0.000675 1
1183 337 1222 401 0.000664 1
1202 290 1261 352 0.000663 1
1103 277 1204 353 0.000657 1
1191 306 1265 365 0.000650 1
1103 278 1168 343 0.000633 1
1144 318 1178 360 0.000623 1
1043 273 1069 330 0.000622 1
1104 277 1141 335 0.000620 1
1119 304 1276 398 0.000613 1
1187 292 1221 328 0.000608 1
1035 322 1087 340 0.000606 1
1027 277 1060 329 0.000605 1
855 219 876 275 0.000604 1
756 234 861 327 0.000603 1
1024 311 1096 338 0.000603 1
860 198 980 299 0.000601 1
1147 303 1190 349 0.000600 1
842 259 898 298 0.000600 1
871 265 894 287 0.000600 1
1010 220 1072 266 0.000584 1
919 241 961 303 0.000580 1
43 227 96 256 0.000574 1
809 245 834 282 0.000574 1
1119 317 1178 363 0.000572 1
1017 318 1057 342 0.000571 1
818 245 884 312 0.000567 1
1022 227 1073 335 0.000564 1
896 239 957 297 0.000544 1
772 248 785 279 0.000542 1
1016 234 1143 337 0.000537 1
1028 277 1060 297 0.000536 1
909 270 926 296 0.000533 1
809 234 850 282 0.000532 1
1044 277 1059 325 0.000528 1
775 255 804 282 0.000527 1
926 277 958 312 0.000522 1
810 224 855 333 0.000510 1
1024 302 1059 334 0.000502 1
809 233 850 305 0.000499 1
926 273 946 297 0.000497 1
856 226 890 276 0.000489 1
1187 291 1267 365 0.000489 1
964 235 1002 262 0.000485 1
861 178 981 293 0.000485 1
823 237 854 312 0.000484 1
966 215 1076 298 0.000483 1
894 253 930 297 0.000482 1
1021 266 1101 339 0.000479 1
871 270 981 309 0.000477 1
762 248 813 317 0.000477 1
41 236 72 255 0.000475 1
779 224 921 342 0.000474 1
915 212 945 253 0.000472 1
17 221 64 256 0.000470 1
1189 294 1221 345 0.000466 1
1144 300 1202 360 0.000465 1
1112 320 1180 364 0.000459 1
1143 324 1196 362 0.000455 1
1050 231 1074 297 0.000453 1
1009 227 1071 298 0.000447 1
1189 294 1219 325 0.000441 1
1020 270 1146 340 0.000438 1
924 270 949 296 0.000437 1
860 264 921 299 0.000430 1
872 200 910 246 0.000429 1
46 233 100 257 0.000424 1
1051 308 1205 392 0.000422 1
911 239 960 298 0.000422 1
1024 304 1058 336 0.000420 1
928 277 946 302 0.000420 1
1196 267 1279 397 0.000414 1
1113 277 1175 342 0.000409 1
14 220 59 251 0.000407 1
1034 263 1071 337 0.000398 1
757 215 877 282 0.000396 1
1184 325 1278 416 0.000394 1
1207 298 1279 372 0.000391 1
1177 343 1192 363 0.000391 1
949 272 971 303 0.000390 1
929 244 959 262 0.000389 1
748 255 852 344 0.000387 1
1104 286 1141 330 0.000380 1
1261 306 1279 368 0.000376 1
1183 341 1220 401 0.000374 1
1040 277 1059 330 0.000374 1
1184 231 1228 288 0.000371 1
0 235 41 258 0.000370 1
912 270 927 296 0.000368 1
937 272 997 311 0.000364 1
1180 295 1215 362 0.000356 1
1121 294 1181 345 0.000355 1
1026 278 1060 336 0.000350 1
886 202 937 251 0.000350 1
752 257 865 344 0.000350 1
921 271 944 297 0.000350 1
911 267 1057 308 0.000349 1
21 222 69 254 0.000347 1
802 210 828 239 0.000347 1
1204 295 1260 352 0.000345 1
1107 277 1158 338 0.000343 1
824 255 885 299 0.000342 1
1030 322 1088 341 0.000340 1
780 253 802 275 0.000338 1
123 236 194 263 0.000335 1
1240 267 1274 287 0.000335 1
1034 325 1089 349 0.000334 1
880 238 927 297 0.000334 1
1099 313 1148 372 0.000332 1
1191 306 1272 397 0.000331 1
1187 285 1249 365 0.000331 1
869 235 926 288 0.000331 1
1018 310 1089 381 0.000330 1
1022 305 1114 335 0.000330 1
23 222 90 255 0.000324 1
922 275 945 305 0.000324 1
1016 319 1043 344 0.000320 1
917 269 945 296 0.000314 1
923 274 979 312 0.000311 1
924 272 1044 311 0.000307 1
930 242 958 262 0.000307 1
49 224 95 241 0.000305 1
872 199 914 248 0.000301 1
931 243 968 263 0.000299 1
1016 320 1047 345 0.000295 1
1021 278 1059 330 0.000293 1
932 243 995 262 0.000287 1
52 225 96 255 0.000285 1
935 244 964 299 0.000272 1
1007 225 1073 290 0.000272 1
869 199 940 250 0.000270 1
1184 295 1215 363 0.000267 1
749 249 797 313 0.000266 1
1189 293 1220 320 0.000256 1
928 272 1081 334 0.000252 1
12 222 44 250 0.000251 1
801 216 824 239 0.000250 1
942 258 1070 300 0.000248 1
862 249 935 336 0.000248 1
1147 300 1218 362 0.000247 1
868 207 902 247 0.000246 1
998 210 1148 277 0.000245 1
1038 321 1056 335 0.000243 1
859 244 928 343 0.000243 1
965 198 1267 274 0.000241 1
1176 343 1193 361 0.000240 1
1200 301 1237 353 0.000238 1
754 258 788 280 0.000238 1
761 239 818 280 0.000234 1
893 237 976 295 0.000232 1
926 282 944 311 0.000232 1
1030 321 1056 335 0.000229 1
928 285 944 312 0.000228 1
1076 330 1110 360 0.000224 1
860 266 914 298 0.000221 1
1059 238 1093 264 0.000220 1
951 242 995 261 0.000219 1
1026 310 1100 337 0.000216 1
1021 277 1059 296 0.000213 1
925 272 978 315 0.000213 1
1116 319 1155 382 0.000209 1
1022 278 1058 296 0.000209 1
765 249 798 314 0.000209 1
764 249 820 280 0.000208 1
1044 262 1073 332 0.000208 1
1200 306 1243 359 0.000205 1
778 254 814 283 0.000204 1
1240 263 1274 275 0.000199 1
809 180 1274 341 0.000190 1
768 227 833 279 0.000189 1
855 234 927 343 0.000185 1
1018 306 1133 364 0.000180 1
1005 225 1066 298 0.000179 1
1185 296 1213 356 0.000172 1
1170 298 1276 397 0.000171 1
931 274 1091 347 0.000170 1
1023 308 1134 390 0.000169 1
906 336 947 392 0.000166 1
956 227 1052 275 0.000164 1
1096 275 1264 355 0.000162 1
749 263 853 344 0.000160 1
1245 304 1274 380 0.000159 1
795 224 922 343 0.000156 1
1021 295 1052 343 0.000154 1
1025 310 1113 334 0.000153 1
769 252 815 294 0.000149 1
864 268 892 298 0.000146 1
927 278 1092 385 0.000146 1
882 221 957 300 0.000143 1
1146 301 1199 351 0.000143 1
832 189 1072 268 0.000141 1
776 245 820 280 0.000139 1
1017 318 1087 389 0.000139 1
752 246 788 282 0.000137 1
873 215 955 287 0.000137 1
993 256 1277 430 0.000132 1
1193 268 1266 349 0.000130 1
1018 315 1121 390 0.000127 1
1071 331 1088 346 0.000122 1
878 212 983 303 0.000116 1
990 277 1047 296 0.000114 1
1184 292 1216 347 0.000112 1
829 268 1022 357 0.000111 1
846 268 893 298 0.000111 1
995 227 1064 297 0.000110 1
946 273 1012 306 0.000107 1
1184 258 1228 317 0.000106 1
1151 298 1176 337 0.000105 1
750 250 840 340 0.000102 1
1032 208 1184 276 0.000101 1
845 272 1018 353 0.000100 1
305 187 322 198 0.065249 2
692 202 728 235 0.060464 2
305 186 323 198 0.053051 2
484 200 510 216 0.046383 2
486 200 514 216 0.046216 2
501 206 515 216 0.039050 2
488 199 505 216 0.035595 2
486 199 506 216 0.034327 2
1009 198 1027 222 0.032110 2
692 198 729 235 0.029774 2
484 201 517 217 0.027042 2
1107 217 1133 250 0.026452 2
158 394 176 423 0.025902 2
640 430 656 439 0.025879 2
1111 218 1134 249 0.023963 2
158 398 176 423 0.022490 2
1003 198 1029 227 0.022084 2
158 402 176 423 0.020941 2
1002 200 1027 228 0.017547 2
159 392 176 422 0.017161 2
1099 212 1134 250 0.016757 2
608 201 647 215 0.016659 2
1111 218 1135 248 0.016035 2
531 206 547 218 0.015568 2
603 195 649 215 0.015421 2
483 201 515 217 0.014636 2
532 202 553 218 0.014510 2
633 202 651 216 0.013944 2
529 198 554 218 0.013817 2
1098 215 1132 250 0.013538 2
1109 218 1135 250 0.012638 2
1256 199 1277 214 0.012499 2
105 402 160 426 0.012217 2
529 204 545 218 0.012071 2
159 392 178 422 0.012011 2
640 423 656 439 0.011375 2
111 414 128 425 0.011193 2
532 203 550 218 0.011039 2
191 392 222 411 0.010664 2
1091 209 1132 250 0.010602 2
98 401 159 425 0.010460 2
208 400 223 410 0.010355 2
697 199 729 235 0.009990 2
607 197 650 216 0.009751 2
1270 198 1279 240 0.009447 2
1256 199 1277 220 0.009307 2
498 424 582 441 0.009062 2
208 400 223 416 0.008938 2
1112 215 1134 245 0.008918 2
1256 199 1275 212 0.008820 2
175 396 193 413 0.008662 2
319 205 331 231 0.008413 2
473 423 499 438 0.008289 2
293 176 308 198 0.007995 2
633 201 649 216 0.007977 2
995 197 1048 253 0.007868 2
693 204 726 235 0.007852 2
1112 215 1136 246 0.007850 2
176 396 193 418 0.007846 2
500 200 515 216 0.007807 2
159 395 193 419 0.007739 2
191 392 215 407 0.007734 2
197 396 223 412 0.007531 2
0 399 17 421 0.007510 2
191 393 218 411 0.007476 2
177 392 223 418 0.007452 2
469 422 498 441 0.007389 2
1072 208 1133 250 0.007206 2
207 399 223 415 0.007109 2
464 410 590 450 0.007009 2
319 215 331 231 0.006859 2
478 423 499 436 0.006761 2
484 423 590 453 0.006477 2
708 211 728 234 0.006345 2
707 424 736 440 0.006245 2
85 402 141 425 0.006211 2
470 423 498 440 0.006194 2
821 329 847 344 0.006024 2
489 423 590 443 0.005945 2
691 206 728 236 0.005943 2
822 329 847 343 0.005936 2
191 392 222 415 0.005828 2
492 426 591 453 0.005689 2
982 202 1028 230 0.005654 2
106 400 161 424 0.005587 2
997 195 1049 247 0.005535 2
1255 199 1277 223 0.005505 2
1067 221 1091 251 0.005505 2
481 188 516 217 0.005476 2
111 412 127 425 0.005295 2
47 401 131 424 0.005253 2
1015 201 1025 222 0.005176 2
0 398 33 422 0.005064 2
0 398 17 416 0.004991 2
208 399 223 425 0.004967 2
0 398 17 412 0.004963 2
157 395 196 424 0.004860 2
189 392 217 409 0.004835 2
707 424 737 439 0.004787 2
529 199 555 218 0.004671 2
474 418 521 439 0.004625 2
1069 212 1131 251 0.004615 2
463 425 472 443 0.004558 2
494 422 590 442 0.004555 2
167 392 222 421 0.004399 2
462 408 524 439 0.004318 2
306 185 333 199 0.004187 2
59 402 138 424 0.004139 2
982 197 1031 231 0.004134 2
294 176 306 198 0.004109 2
459 408 520 439 0.004099 2
1009 193 1039 222 0.004047 2
466 417 589 447 0.004035 2
708 424 736 438 0.003958 2
471 424 482 440 0.003923 2
693 208 715 234 0.003904 2
920 205 991 257 0.003898 2
124 402 160 424 0.003883 2
923 204 981 256 0.003873 2
0 400 32 422 0.003825 2
472 421 520 441 0.003812 2
478 424 498 440 0.003802 2
477 421 539 441 0.003797 2
1097 208 1134 244 0.003760 2
819 329 847 344 0.003747 2
0 408 13 422 0.003720 2
124 401 165 424 0.003710 2
1096 208 1130 239 0.003698 2
47 400 134 424 0.003670 2
463 424 472 441 0.003667 2
462 409 518 440 0.003658 2
634 203 653 216 0.003638 2
75 403 126 424 0.003598 2
505 426 590 441 0.003559 2
0 401 18 422 0.003559 2
1007 216 1024 229 0.003491 2
496 423 575 440 0.003473 2
1268 255 1279 267 0.003462 2
533 427 589 440 0.003442 2
0 395 34 421 0.003420 2
479 423 582 450 0.003413 2
175 392 222 420 0.003404 2
503 423 582 440 0.003388 2
1006 219 1022 229 0.003352 2
482 422 544 441 0.003282 2
319 204 335 231 0.003270 2
481 183 516 216 0.003218 2
474 419 530 440 0.003181 2
118 397 176 424 0.003178 2
1269 199 1279 253 0.003091 2
1082 213 1127 250 0.003076 2
524 427 590 451 0.002997 2
884 198 953 243 0.002968 2
512 423 535 438 0.002944 2
52 393 224 474 0.002941 2
831 437 884 471 0.002926 2
1136 231 1164 247 0.002908 2
44 397 80 421 0.002835 2
495 231 540 252 0.002828 2
1257 254 1279 280 0.002824 2
114 400 162 424 0.002807 2
981 201 1045 234 0.002803 2
1258 210 1274 228 0.002735 2
62 402 150 424 0.002728 2
160 394 221 421 0.002727 2
468 418 590 452 0.002689 2
1 398 48 422 0.002625 2
1243 305 1279 377 0.002586 2
196 392 223 411 0.002582 2
531 428 587 439 0.002575 2
924 206 989 258 0.002560 2
292 175 316 198 0.002548 2
631 375 659 396 0.002548 2
28 397 82 421 0.002545 2
885 199 949 247 0.002532 2
994 191 1040 229 0.002462 2
172 393 217 424 0.002459 2
878 198 946 239 0.002382 2
536 428 589 439 0.002375 2
175 395 201 424 0.002349 2
126 398 178 423 0.002346 2
704 199 743 216 0.002324 2
469 409 527 440 0.002319 2
172 393 193 416 0.002313 2
319 206 334 231 0.002295 2
22 398 49 419 0.002292 2
960 206 986 225 0.002227 2
618 193 641 214 0.002208 2
590 206 607 214 0.002203 2
31 397 83 418 0.002177 2
642 438 703 465 0.002157 2
80 404 128 424 0.002136 2
719 423 736 436 0.002108 2
533 428 591 452 0.002103 2
1062 209 1129 251 0.002101 2
517 424 589 439 0.002076 2
447 424 462 442 0.002075 2
710 424 736 447 0.002066 2
519 189 555 218 0.002058 2
495 426 515 440 0.002027 2
494 234 527 251 0.002021 2
1015 339 1024 344 0.002017 2
47 398 80 421 0.001993 2
496 232 542 253 0.001984 2
399 407 415 421 0.001980 2
0 397 21 421 0.001980 2
123 394 176 423 0.001977 2
243 412 265 425 0.001934 2
991 209 1023 230 0.001924 2
28 398 62 421 0.001920 2
174 392 223 425 0.001885 2
450 423 472 440 0.001858 2
551 202 561 216 0.001849 2
89 393 223 473 0.001845 2
32 397 49 409 0.001840 2
18 399 32 422 0.001831 2
1241 298 1279 385 0.001827 2
476 423 591 449 0.001821 2
1110 216 1177 248 0.001809 2
518 232 544 253 0.001802 2
42 395 80 416 0.001802 2
1254 206 1274 232 0.001788 2
110 402 142 422 0.001763 2
614 191 653 215 0.001748 2
603 200 654 217 0.001744 2
529 428 590 454 0.001709 2
47 394 82 415 0.001700 2
176 393 196 419 0.001688 2
965 200 1041 259 0.001685 2
589 197 612 214 0.001672 2
399 408 415 420 0.001667 2
140 393 223 470 0.001666 2
128 399 176 424 0.001645 2
448 424 467 442 0.001637 2
640 425 683 440 0.001634 2
19 398 32 419 0.001633 2
1120 64 1152 77 0.001625 2
957 206 988 251 0.001610 2
1258 212 1277 245 0.001580 2
431 423 464 442 0.001569 2
690 216 728 237 0.001530 2
429 424 463 441 0.001504 2
495 233 543 253 0.001477 2
1069 235 1091 254 0.001472 2
1261 236 1279 258 0.001450 2
49 400 99 414 0.001405 2
465 423 498 448 0.001388 2
274 184 294 192 0.001378 2
477 168 591 216 0.001367 2
900 198 954 246 0.001365 2
819 328 848 345 0.001361 2
529 424 588 439 0.001358 2
494 229 540 251 0.001352 2
64 399 143 423 0.001344 2
1069 238 1090 253 0.001311 2
897 201 912 233 0.001291 2
0 392 17 411 0.001286 2
478 178 518 216 0.001261 2
1040 198 1078 247 0.001252 2
1018 203 1081 251 0.001237 2
1228 196 1266 232 0.001217 2
958 481 972 487 0.001200 2
926 454 938 463 0.001194 2
86 401 131 419 0.001192 2
488 424 546 448 0.001176 2
972 211 989 250 0.001165 2
242 411 266 425 0.001154 2
463 425 472 446 0.001151 2
0 392 36 421 0.001135 2
924 206 967 256 0.001125 2
46 399 120 423 0.001120 2
992 214 1022 233 0.001119 2
431 423 460 440 0.001119 2
642 438 702 461 0.001110 2
479 409 529 440 0.001108 2
1200 196 1214 210 0.001105 2
1119 64 1153 78 0.001102 2
640 437 703 462 0.001101 2
80 401 96 409 0.001101 2
641 438 703 459 0.001090 2
399 409 416 421 0.001082 2
508 232 540 253 0.001082 2
563 201 578 215 0.001073 2
846 453 862 471 0.001059 2
58 397 148 423 0.001047 2
1177 344 1269 420 0.001046 2
704 423 738 441 0.001029 2
1228 195 1256 215 0.001025 2
1042 311 1136 346 0.001004 2
304 407 336 467 0.001000 2
478 407 586 440 0.000989 2
518 238 545 253 0.000985 2
846 438 865 451 0.000981 2
0 254 331 395 0.000981 2
928 208 983 257 0.000963 2
837 438 848 453 0.000960 2
0 391 17 409 0.000955 2
399 408 448 422 0.000954 2
421 414 434 422 0.000952 2
465 422 533 449 0.000947 2
315 198 334 231 0.000947 2
420 411 447 423 0.000946 2
832 441 856 471 0.000935 2
1230 196 1253 213 0.000935 2
358 218 368 230 0.000933 2
898 199 938 249 0.000931 2
463 408 520 433 0.000925 2
846 439 880 470 0.000923 2
1039 199 1056 229 0.000919 2
581 430 592 441 0.000918 2
745 200 766 215 0.000917 2
951 208 988 253 0.000909 2
901 456 912 463 0.000909 2
356 217 368 230 0.000902 2
463 408 518 438 0.000896 2
841 453 861 471 0.000893 2
452 409 513 441 0.000892 2
640 423 676 440 0.000882 2
894 201 912 240 0.000870 2
414 425 462 441 0.000866 2
48 393 79 406 0.000865 2
400 431 431 439 0.000863 2
863 465 880 471 0.000861 2
398 432 422 438 0.000857 2
893 476 912 487 0.000856 2
46 394 98 416 0.000849 2
2 393 50 420 0.000841 2
318 202 335 231 0.000834 2
48 399 80 423 0.000831 2
833 446 856 472 0.000826 2
1185 343 1272 416 0.000823 2
1249 216 1272 240 0.000819 2
640 428 656 447 0.000817 2
323 190 339 199 0.000815 2
832 442 849 471 0.000812 2
454 198 469 212 0.000812 2
207 397 224 455 0.000809 2
1014 339 1023 345 0.000809 2
704 426 733 441 0.000804 2
647 439 701 465 0.000795 2
918 202 981 252 0.000793 2
886 474 912 487 0.000793 2
491 407 592 437 0.000789 2
462 412 515 444 0.000789 2
639 432 697 465 0.000788 2
625 192 656 215 0.000784 2
640 426 656 448 0.000783 2
1246 316 1279 380 0.000770 2
29 399 53 422 0.000769 2
1262 168 1279 181 0.000754 2
708 429 830 462 0.000752 2
592 424 608 433 0.000740 2
866 177 941 200 0.000736 2
202 393 224 456 0.000728 2
0 393 32 465 0.000726 2
705 199 737 235 0.000725 2
961 480 976 487 0.000724 2
640 407 693 441 0.000720 2
1110 214 1154 246 0.000717 2
656 426 675 440 0.000717 2
470 408 525 429 0.000711 2
484 407 596 438 0.000701 2
849 439 867 454 0.000691 2
958 207 983 230 0.000688 2
912 473 928 487 0.000688 2
1187 279 1279 413 0.000685 2
638 404 692 440 0.000685 2
1187 347 1279 416 0.000680 2
692 199 724 236 0.000673 2
401 430 460 440 0.000669 2
327 407 352 414 0.000667 2
303 402 341 465 0.000663 2
469 409 593 457 0.000658 2
304 410 329 466 0.000655 2
877 446 914 474 0.000655 2
283 176 310 198 0.000655 2
856 461 882 471 0.000653 2
917 198 955 240 0.000651 2
1189 329 1269 408 0.000649 2
482 200 517 223 0.000645 2
43 393 75 405 0.000644 2
1231 202 1267 236 0.000635 2
1039 310 1127 338 0.000629 2
494 429 524 448 0.000629 2
1105 208 1136 241 0.000624 2
1185 326 1265 415 0.000619 2
243 215 265 240 0.000614 2
466 423 524 448 0.000610 2
541 428 589 455 0.000608 2
359 409 368 415 0.000608 2
400 405 448 422 0.000605 2
1227 195 1257 228 0.000605 2
688 200 805 237 0.000601 2
1043 197 1069 231 0.000601 2
319 200 361 233 0.000599 2
309 184 336 197 0.000599 2
423 410 448 423 0.000599 2
573 429 592 457 0.000596 2
1123 64 1152 76 0.000595 2
240 407 267 426 0.000595 2
836 469 851 480 0.000591 2
830 442 856 471 0.000589 2
981 190 1049 231 0.000586 2
1192 357 1274 421 0.000583 2
1184 313 1264 406 0.000582 2
99 402 157 432 0.000579 2
408 406 425 421 0.000579 2
1235 324 1279 407 0.000578 2
1071 202 1098 238 0.000574 2
873 200 921 245 0.000571 2
651 439 702 457 0.000568 2
498 425 592 456 0.000568 2
1016 192 1077 251 0.000568 2
637 402 696 437 0.000565 2
304 410 322 435 0.000563 2
240 397 248 408 0.000560 2
386 198 396 205 0.000556 2
408 407 448 423 0.000555 2
189 390 224 467 0.000555 2
40 400 74 422 0.000550 2
448 423 465 458 0.000548 2
701 427 854 472 0.000546 2
885 472 912 486 0.000544 2
976 528 988 536 0.000536 2
874 206 899 244 0.000534 2
59 391 96 406 0.000533 2
303 409 323 453 0.000527 2
5 392 36 418 0.000523 2
296 200 332 232 0.000523 2
274 179 312 199 0.000518 2
1034 323 1089 359 0.000516 2
827 259 850 311 0.000515 2
644 438 705 468 0.000514 2
882 439 921 458 0.000514 2
304 411 336 469 0.000509 2
477 396 591 441 0.000504 2
531 201 555 221 0.000494 2
397 392 416 421 0.000494 2
158 390 223 456 0.000493 2
321 200 386 233 0.000488 2
327 408 342 413 0.000487 2
557 201 591 216 0.000484 2
223 394 240 408 0.000483 2
692 428 836 460 0.000478 2
391 415 464 442 0.000473 2
940 456 962 464 0.000473 2
1200 310 1268 402 0.000466 2
128 391 176 423 0.000464 2
882 437 911 456 0.000463 2
0 394 25 419 0.000459 2
400 406 456 423 0.000459 2
1187 369 1262 422 0.000455 2
384 392 416 420 0.000453 2
319 406 393 467 0.000449 2
111 390 128 403 0.000448 2
339 451 407 471 0.000448 2
912 472 937 484 0.000446 2
707 204 736 234 0.000446 2
402 427 462 441 0.000445 2
654 426 687 440 0.000444 2
863 208 891 242 0.000442 2
391 410 462 441 0.000441 2
1264 313 1279 371 0.000441 2
274 184 291 193 0.000433 2
475 200 519 250 0.000433 2
590 425 608 433 0.000432 2
672 426 688 440 0.000432 2
920 504 928 511 0.000428 2
303 180 323 198 0.000428 2
319 406 423 465 0.000425 2
488 422 589 466 0.000421 2
828 285 849 311 0.000421 2
446 408 501 442 0.000420 2
572 425 609 455 0.000419 2
0 397 32 459 0.000418 2
48 400 114 425 0.000417 2
304 409 321 424 0.000414 2
316 198 384 235 0.000413 2
104 248 129 264 0.000411 2
869 231 881 242 0.000409 2
392 390 447 423 0.000408 2
164 390 223 465 0.000407 2
456 198 472 215 0.000406 2
446 195 474 228 0.000406 2
303 408 329 463 0.000403 2
671 423 688 439 0.000401 2
304 186 333 232 0.000401 2
1183 364 1278 423 0.000400 2
330 406 352 415 0.000399 2
639 438 697 466 0.000394 2
304 411 331 468 0.000388 2
484 408 530 430 0.000387 2
159 390 176 421 0.000387 2
193 392 223 465 0.000387 2
539 428 591 457 0.000385 2
142 390 223 420 0.000382 2
719 316 746 337 0.000380 2
448 424 464 450 0.000379 2
1017 198 1050 237 0.000375 2
0 279 7 294 0.000373 2
1264 364 1279 379 0.000373 2
1190 342 1279 415 0.000373 2
495 230 526 250 0.000373 2
962 199 989 222 0.000371 2
882 439 915 457 0.000369 2
451 187 546 253 0.000369 2
623 425 657 445 0.000367 2
639 416 656 440 0.000365 2
711 424 737 452 0.000365 2
323 407 391 433 0.000365 2
0 395 35 470 0.000364 2
573 425 609 463 0.000363 2
910 473 942 486 0.000362 2
1262 169 1279 196 0.000362 2
315 405 353 453 0.000362 2
865 176 939 197 0.000360 2
665 440 702 459 0.000355 2
581 428 624 467 0.000355 2
313 194 337 232 0.000351 2
502 406 591 434 0.000350 2
1264 327 1279 377 0.000350 2
575 200 609 215 0.000344 2
582 429 612 463 0.000342 2
828 443 856 474 0.000342 2
326 406 378 441 0.000340 2
1263 169 1279 182 0.000337 2
1054 311 1140 353 0.000334 2
976 536 986 543 0.000332 2
337 449 408 471 0.000332 2
1010 439 1044 459 0.000328 2
498 406 589 431 0.000328 2
495 240 521 253 0.000326 2
472 418 591 459 0.000325 2
388 410 459 440 0.000325 2
398 389 448 423 0.000321 2
0 403 16 440 0.000320 2
704 424 737 451 0.000319 2
303 419 336 469 0.000318 2
307 404 351 460 0.000317 2
879 456 914 475 0.000317 2
620 423 661 465 0.000317 2
0 282 6 294 0.000316 2
1263 168 1279 242 0.000316 2
321 408 387 430 0.000315 2
319 413 392 473 0.000315 2
385 407 403 418 0.000314 2
980 527 990 536 0.000313 2
700 422 814 459 0.000313 2
712 427 823 460 0.000311 2
189 407 276 428 0.000309 2
1246 218 1265 238 0.000308 2
1121 64 1152 80 0.000308 2
289 176 310 198 0.000306 2
720 423 754 432 0.000305 2
111 411 128 430 0.000305 2
207 395 240 410 0.000302 2
963 200 988 225 0.000301 2
374 402 655 447 0.000301 2
926 199 955 211 0.000300 2
111 401 169 435 0.000300 2
586 427 611 446 0.000297 2
639 421 690 464 0.000296 2
969 249 992 261 0.000296 2
888 457 915 487 0.000295 2
323 198 388 239 0.000294 2
494 239 526 253 0.000293 2
314 201 334 271 0.000293 2
640 436 702 467 0.000293 2
287 378 299 393 0.000291 2
1073 203 1131 238 0.000291 2
157 392 223 452 0.000290 2
820 327 864 344 0.000290 2
19 200 36 206 0.000290 2
405 406 502 443 0.000288 2
323 198 389 235 0.000287 2
1048 310 1129 331 0.000287 2
606 200 660 225 0.000286 2
348 452 406 471 0.000281 2
831 437 848 458 0.000279 2
61 422 77 438 0.000278 2
319 200 356 236 0.000277 2
395 392 416 420 0.000277 2
320 406 352 464 0.000276 2
719 317 745 336 0.000275 2
1187 356 1279 429 0.000274 2
153 392 224 468 0.000273 2
1263 362 1279 403 0.000272 2
1032 310 1114 337 0.000272 2
631 376 652 396 0.000271 2
1196 364 1265 429 0.000270 2
422 400 509 441 0.000270 2
4 257 604 391 0.000269 2
194 370 224 410 0.000268 2
323 406 386 428 0.000266 2
1102 198 1121 209 0.000265 2
467 191 541 251 0.000264 2
334 448 401 471 0.000263 2
575 241 591 247 0.000261 2
110 390 128 405 0.000261 2
239 408 274 427 0.000258 2
709 423 769 456 0.000258 2
47 394 80 444 0.000258 2
1032 359 1057 386 0.000257 2
603 200 662 224 0.000256 2
0 398 26 440 0.000255 2
476 422 582 467 0.000254 2
947 337 998 394 0.000252 2
635 377 658 397 0.000251 2
455 407 515 434 0.000250 2
191 370 223 415 0.000250 2
107 411 128 433 0.000250 2
340 452 377 471 0.000247 2
388 389 445 424 0.000247 2
330 407 353 464 0.000247 2
512 172 581 218 0.000246 2
906 178 938 200 0.000245 2
1037 325 1088 342 0.000245 2
775 231 789 237 0.000244 2
707 426 823 469 0.000242 2
104 242 151 264 0.000240 2
1015 325 1041 345 0.000239 2
333 411 387 467 0.000239 2
731 422 768 436 0.000238 2
491 406 591 431 0.000237 2
820 329 848 356 0.000236 2
638 420 664 458 0.000236 2
508 407 592 436 0.000235 2
958 521 972 528 0.000235 2
1048 188 1114 250 0.000233 2
350 407 385 418 0.000231 2
523 412 592 435 0.000231 2
413 401 424 420 0.000231 2
715 301 768 339 0.000230 2
1029 323 1089 386 0.000230 2
254 392 272 404 0.000229 2
638 391 700 427 0.000229 2
227 406 289 456 0.000229 2
1237 343 1279 409 0.000228 2
186 389 223 416 0.000228 2
508 403 591 434 0.000227 2
1056 465 1066 471 0.000227 2
297 188 330 234 0.000226 2
585 439 608 461 0.000225 2
640 440 653 462 0.000225 2
640 435 715 467 0.000224 2
2 253 335 450 0.000223 2
608 431 623 439 0.000223 2
586 185 709 218 0.000223 2
396 403 492 427 0.000222 2
960 479 1003 487 0.000221 2
600 429 624 440 0.000221 2
814 328 848 361 0.000220 2
384 397 402 418 0.000220 2
705 423 771 458 0.000220 2
467 428 497 454 0.000220 2
323 423 336 456 0.000220 2
288 390 304 399 0.000220 2
215 394 240 425 0.000220 2
303 396 350 438 0.000218 2
472 422 591 467 0.000216 2
507 411 591 438 0.000215 2
303 414 333 469 0.000214 2
715 424 737 455 0.000214 2
1031 344 1060 388 0.000214 2
598 463 608 470 0.000213 2
814 436 852 473 0.000213 2
707 402 770 440 0.000212 2
233 396 292 431 0.000212 2
952 480 968 486 0.000212 2
475 424 573 461 0.000211 2
0 402 32 472 0.000210 2
665 424 737 457 0.000209 2
448 423 464 464 0.000209 2
144 394 223 465 0.000209 2
965 504 976 516 0.000209 2
633 374 666 396 0.000209 2
1132 230 1176 250 0.000208 2
0 255 16 289 0.000206 2
825 430 888 479 0.000205 2
659 433 722 458 0.000205 2
0 257 20 295 0.000204 2
225 212 244 230 0.000203 2
832 461 849 486 0.000202 2
85 390 129 407 0.000202 2
353 214 374 232 0.000202 2
1 191 580 389 0.000201 2
764 427 854 476 0.000201 2
256 445 302 464 0.000201 2
819 326 865 344 0.000200 2
394 388 463 426 0.000200 2
814 437 857 472 0.000199 2
486 404 584 432 0.000198 2
256 445 275 463 0.000198 2
76 390 131 412 0.000197 2
0 399 17 459 0.000197 2
590 431 609 463 0.000196 2
719 318 745 339 0.000195 2
980 481 995 487 0.000195 2
250 444 304 468 0.000195 2
511 340 522 350 0.000194 2
193 369 223 411 0.000193 2
340 452 404 471 0.000192 2
282 400 323 429 0.000191 2
701 199 772 234 0.000191 2
798 422 834 455 0.000190 2
704 406 737 443 0.000190 2
0 282 20 295 0.000188 2
671 411 739 443 0.000188 2
468 403 624 462 0.000187 2
574 240 591 247 0.000186 2
122 388 184 423 0.000186 2
1029 330 1073 390 0.000186 2
464 392 480 399 0.000185 2
591 448 608 468 0.000184 2
322 423 396 472 0.000183 2
720 319 745 338 0.000183 2
760 423 791 451 0.000183 2
199 400 272 428 0.000182 2
489 234 566 279 0.000182 2
206 394 240 424 0.000182 2
473 402 625 457 0.000180 2
322 408 387 451 0.000180 2
912 178 949 202 0.000179 2
313 405 431 448 0.000178 2
679 407 739 443 0.000178 2
0 257 16 284 0.000177 2
820 328 848 361 0.000176 2
404 386 448 423 0.000175 2
658 422 708 449 0.000175 2
327 423 386 472 0.000175 2
480 231 547 279 0.000174 2
78 402 131 437 0.000174 2
47 420 72 445 0.000172 2
252 444 272 463 0.000171 2
482 407 581 432 0.000170 2
3 250 452 482 0.000170 2
526 416 593 459 0.000169 2
472 222 524 251 0.000168 2
254 391 289 410 0.000168 2
153 240 192 264 0.000167 2
122 222 135 237 0.000166 2
507 393 592 437 0.000166 2
1007 183 1047 221 0.000166 2
707 202 769 235 0.000165 2
703 397 768 442 0.000165 2
840 434 914 483 0.000165 2
331 412 385 471 0.000164 2
267 408 285 426 0.000164 2
334 444 398 471 0.000164 2
241 408 274 433 0.000162 2
290 375 320 392 0.000161 2
590 408 624 441 0.000161 2
333 427 387 472 0.000161 2
1047 455 1070 468 0.000161 2
210 391 240 409 0.000161 2
716 303 764 338 0.000161 2
352 199 387 234 0.000160 2
484 203 518 225 0.000160 2
465 391 522 435 0.000160 2
287 376 311 395 0.000160 2
465 416 591 461 0.000160 2
238 392 283 410 0.000159 2
238 392 255 408 0.000158 2
360 411 452 438 0.000158 2
880 177 952 225 0.000157 2
632 376 658 396 0.000157 2
329 407 387 418 0.000156 2
270 390 288 403 0.000156 2
256 389 288 407 0.000155 2
0 400 40 476 0.000154 2
333 442 398 471 0.000153 2
788 233 806 239 0.000153 2
1069 326 1088 340 0.000153 2
264 444 304 467 0.000152 2
1102 181 1122 204 0.000152 2
266 447 304 467 0.000152 2
372 407 384 415 0.000150 2
644 406 710 443 0.000150 2
340 451 373 471 0.000149 2
590 449 608 463 0.000149 2
959 509 974 522 0.000149 2
105 379 165 425 0.000149 2
318 405 403 431 0.000148 2
973 342 1008 380 0.000148 2
447 399 459 407 0.000147 2
336 441 401 471 0.000147 2
585 428 624 467 0.000147 2
725 427 835 472 0.000147 2
736 204 774 234 0.000146 2
287 388 304 402 0.000146 2
28 516 42 527 0.000146 2
334 416 352 469 0.000146 2
1021 326 1084 390 0.000144 2
432 418 478 445 0.000144 2
47 417 67 442 0.000144 2
216 406 293 468 0.000143 2
263 446 303 467 0.000143 2
1076 337 1120 364 0.000143 2
579 446 592 461 0.000142 2
917 456 980 485 0.000141 2
503 312 529 351 0.000140 2
264 402 287 425 0.000140 2
0 397 45 540 0.000139 2
885 176 943 198 0.000138 2
628 420 755 466 0.000138 2
239 406 306 466 0.000138 2
221 213 248 239 0.000138 2
48 412 79 445 0.000138 2
237 217 269 252 0.000136 2
305 186 324 202 0.000136 2
59 255 96 265 0.000135 2
855 463 893 484 0.000135 2
933 288 1007 318 0.000135 2
330 203 373 233 0.000134 2
467 391 527 435 0.000133 2
602 324 658 367 0.000133 2
1033 209 1223 286 0.000132 2
1264 371 1279 403 0.000131 2
712 197 772 234 0.000131 2
210 408 292 467 0.000131 2
303 409 332 465 0.000130 2
630 203 667 224 0.000130 2
704 427 804 458 0.000130 2
322 415 352 470 0.000129 2
602 342 657 377 0.000129 2
63 513 77 521 0.000129 2
341 198 387 225 0.000129 2
0 396 43 495 0.000128 2
763 423 821 452 0.000128 2
654 407 691 440 0.000127 2
323 446 387 471 0.000127 2
252 404 305 459 0.000127 2
306 400 408 471 0.000127 2
534 247 601 274 0.000126 2
0 563 86 599 0.000126 2
1025 316 1122 391 0.000125 2
254 392 287 408 0.000124 2
0 403 23 464 0.000124 2
428 424 465 449 0.000124 2
1006 535 1015 543 0.000124 2
302 401 398 472 0.000124 2
215 214 258 252 0.000123 2
1223 161 1278 182 0.000123 2
0 396 64 452 0.000123 2
952 520 959 528 0.000122 2
347 198 388 228 0.000122 2
147 396 205 463 0.000121 2
917 194 985 237 0.000121 2
31 263 48 296 0.000121 2
679 426 743 459 0.000121 2
831 415 848 441 0.000121 2
716 329 762 376 0.000121 2
618 320 684 371 0.000120 2
304 425 335 469 0.000120 2
621 320 684 363 0.000120 2
639 442 688 466 0.000119 2
19 201 576 393 0.000119 2
288 404 304 456 0.000119 2
463 424 498 456 0.000119 2
469 428 509 455 0.000118 2
287 412 304 460 0.000118 2
1194 351 1279 446 0.000118 2
206 406 276 435 0.000118 2
503 312 528 339 0.000117 2
325 198 388 224 0.000116 2
127 534 139 547 0.000116 2
447 395 497 431 0.000114 2
737 427 837 456 0.000114 2
256 388 304 436 0.000113 2
743 204 770 233 0.000113 2
224 405 297 468 0.000113 2
273 184 296 212 0.000113 2
617 425 655 441 0.000112 2
285 406 304 462 0.000112 2
475 230 555 279 0.000112 2
815 358 832 384 0.000112 2
167 405 295 462 0.000112 2
239 392 260 409 0.000111 2
234 412 304 468 0.000111 2
709 303 762 338 0.000111 2
95 396 302 460 0.000111 2
58 434 128 470 0.000110 2
824 245 876 313 0.000110 2
229 205 240 217 0.000110 2
640 405 696 440 0.000109 2
958 197 986 217 0.000109 2
970 455 1004 474 0.000109 2
706 410 742 441 0.000108 2
1008 182 1047 224 0.000108 2
794 435 845 473 0.000108 2
367 453 402 471 0.000108 2
915 504 928 530 0.000108 2
484 282 593 444 0.000108 2
621 390 705 466 0.000107 2
400 424 463 457 0.000107 2
0 389 21 419 0.000107 2
588 406 624 441 0.000106 2
623 421 656 441 0.000106 2
1021 323 1118 391 0.000106 2
1012 318 1081 387 0.000106 2
808 337 847 369 0.000105 2
249 406 303 441 0.000105 2
106 399 181 442 0.000105 2
59 433 130 465 0.000105 2
639 390 700 431 0.000104 2
640 387 703 408 0.000104 2
261 389 305 448 0.000103 2
707 426 825 475 0.000103 2
937 288 1010 348 0.000103 2
1124 208 1146 221 0.000103 2
47 396 131 444 0.000102 2
1161 439 1272 474 0.000102 2
0 584 15 617 0.000102 2
304 425 382 471 0.000102 2
645 389 701 408 0.000101 2
305 397 466 466 0.000101 2
32 438 48 453 0.000101 2
320 379 336 392 0.000101 2
48 423 65 444 0.000101 2
359 426 450 469 0.000100 2
536 394 609 440 0.000100 2
1105 215 1135 251 0.009045 3
923 203 973 254 0.001773 3
1184 165 1279 227 0.007359 5
1191 163 1279 221 0.004591 5
1176 165 1279 246 0.004032 5
1210 165 1279 244 0.003865 5
1198 163 1279 224 0.003280 5
1183 164 1279 255 0.002478 5
1201 161 1279 218 0.001917 5
1220 162 1279 212 0.001174 5
1216 162 1277 212 0.001139 5
1190 162 1278 215 0.000817 5
1222 177 1279 212 0.000768 5
696 184 729 219 0.000755 5
589 178 640 204 0.000754 5
1222 179 1279 207 0.000676 5
1214 161 1279 227 0.000592 5
1183 165 1279 277 0.000565 5
1212 164 1274 211 0.000518 5
480 180 504 215 0.000435 5
711 187 728 228 0.000431 5
1219 178 1270 218 0.000337 5
1262 169 1279 203 0.000318 5
819 135 939 166 0.000309 5
449 168 599 218 0.000285 5
1214 177 1263 215 0.000278 5
1224 162 1279 181 0.000232 5
810 184 1274 395 0.000221 5
907 215 1277 447 0.000191 5
741 186 1270 351 0.000176 5
1199 164 1245 215 0.000119 5
894 188 1277 401 0.000118 5
2 397 169 424 0.010383 6
476 168 582 208 0.009882 6
496 170 580 207 0.009518 6
513 172 580 204 0.009208 6
477 163 581 209 0.006386 6
479 170 580 209 0.005727 6
1039 324 1279 492 0.003531 6
0 395 215 422 0.003348 6
504 161 581 204 0.003231 6
47 393 223 475 0.003184 6
465 166 584 217 0.003014 6
463 162 584 214 0.002812 6
1179 161 1279 256 0.002710 6
3 397 170 426 0.002599 6
494 161 580 204 0.002477 6
1 393 222 424 0.002410 6
1054 314 1279 488 0.002188 6
1034 331 1279 505 0.002041 6
1046 344 1279 496 0.001960 6
471 168 583 219 0.001812 6
688 268 1217 392 0.001776 6
713 245 1274 480 0.001755 6
1039 430 1279 508 0.001753 6
0 394 196 423 0.001737 6
723 265 1266 400 0.001718 6
719 222 1271 411 0.001700 6
2 396 166 430 0.001598 6
9 396 609 486 0.001454 6
710 259 1273 467 0.001297 6
452 160 679 217 0.001292 6
711 167 1249 397 0.001277 6
1039 279 1279 450 0.001247 6
680 249 1268 401 0.001079 6
668 201 1220 390 0.001063 6
655 269 1028 390 0.001063 6
672 271 1226 430 0.001019 6
691 129 957 244 0.000920 6
507 169 657 213 0.000890 6
0 254 330 396 0.000880 6
640 267 1045 421 0.000856 6
827 135 939 166 0.000838 6
640 264 1067 463 0.000831 6
1029 281 1278 474 0.000829 6
439 168 666 222 0.000799 6
825 135 939 163 0.000734 6
651 275 1029 397 0.000722 6
1107 162 1279 272 0.000717 6
508 173 652 216 0.000713 6
14 398 617 493 0.000704 6
640 265 1071 396 0.000685 6
1063 264 1280 418 0.000670 6
383 406 591 447 0.000651 6
31 407 310 476 0.000641 6
0 394 226 470 0.000621 6
0 65 372 390 0.000620 6
654 230 1089 388 0.000619 6
2 65 423 389 0.000610 6
710 283 1274 489 0.000598 6
640 268 988 393 0.000583 6
640 263 966 653 0.000570 6
6 395 614 473 0.000568 6
773 255 1277 468 0.000565 6
640 265 1001 448 0.000536 6
682 302 1273 487 0.000519 6
640 241 983 670 0.000518 6
938 321 1278 491 0.000499 6
955 332 1278 507 0.000497 6
1011 274 1278 475 0.000489 6
9 393 224 465 0.000481 6
640 251 1041 627 0.000469 6
640 157 1077 389 0.000461 6
826 134 939 160 0.000445 6
49 432 224 475 0.000443 6
811 242 1274 410 0.000415 6
753 336 1017 391 0.000409 6
377 160 408 184 0.000405 6
803 318 1278 482 0.000380 6
3 232 625 497 0.000375 6
69 398 227 476 0.000361 6
572 159 665 217 0.000355 6
1 96 431 388 0.000338 6
920 253 1278 482 0.000328 6
699 277 1270 469 0.000320 6
417 136 918 245 0.000319 6
643 210 1063 388 0.000317 6
697 165 1177 374 0.000313 6
640 256 1001 625 0.000309 6
0 391 224 462 0.000306 6
614 399 772 467 0.000280 6
665 320 1213 461 0.000270 6
20 393 344 476 0.000269 6
837 334 1277 509 0.000268 6
1058 113 1278 290 0.000267 6
12 390 326 451 0.000265 6
751 337 996 392 0.000263 6
1051 270 1279 410 0.000258 6
1073 171 1280 289 0.000253 6
6 281 607 488 0.000252 6
717 167 1216 372 0.000247 6
355 159 455 200 0.000244 6
640 255 1030 599 0.000239 6
584 401 927 476 0.000236 6
675 165 1175 348 0.000234 6
56 433 226 478 0.000231 6
1066 415 1273 474 0.000226 6
483 159 664 213 0.000222 6
89 395 606 462 0.000219 6
3 253 330 442 0.000215 6
729 175 1260 372 0.000205 6
684 101 957 244 0.000205 6
1108 419 1278 472 0.000202 6
463 144 791 229 0.000201 6
653 320 1047 458 0.000191 6
1033 273 1277 418 0.000188 6
640 200 1004 382 0.000187 6
431 156 702 279 0.000186 6
1065 393 1274 469 0.000185 6
1031 332 1260 465 0.000183 6
361 158 507 203 0.000182 6
642 290 1032 474 0.000172 6
53 427 315 492 0.000169 6
1038 105 1274 288 0.000169 6
1186 279 1280 467 0.000166 6
55 433 265 480 0.000162 6
1097 64 1280 272 0.000161 6
1085 388 1280 468 0.000155 6
1074 418 1258 474 0.000153 6
1132 367 1279 475 0.000151 6
1097 376 1279 476 0.000150 6
490 186 670 220 0.000150 6
607 391 934 486 0.000150 6
626 334 953 480 0.000149 6
326 64 656 246 0.000144 6
1 216 332 393 0.000144 6
479 393 610 442 0.000144 6
1052 333 1271 455 0.000142 6
725 335 1005 391 0.000141 6
154 167 279 235 0.000134 6
824 132 939 164 0.000133 6
803 152 893 198 0.000133 6
8 382 376 478 0.000133 6
659 71 943 243 0.000132 6
375 64 937 268 0.000131 6
683 165 1047 332 0.000129 6
0 172 334 394 0.000128 6
1169 363 1279 477 0.000127 6
1093 382 1279 469 0.000127 6
418 64 686 234 0.000127 6
1 78 348 394 0.000123 6
496 65 683 227 0.000123 6
418 70 627 220 0.000123 6
893 324 1131 396 0.000122 6
1154 342 1280 502 0.000122 6
359 160 449 201 0.000121 6
621 364 950 489 0.000118 6
436 72 650 225 0.000115 6
60 404 306 476 0.000112 6
1 254 319 431 0.000111 6
1101 253 1280 413 0.000110 6
0 249 211 408 0.000110 6
0 270 218 431 0.000109 6
365 160 454 203 0.000107 6
158 171 268 225 0.000104 6
1184 241 1280 424 0.000102 6
1064 64 1280 277 0.000101 6
863 177 954 244 0.315492 7
864 177 943 237 0.077928 7
865 177 985 253 0.057933 7
839 177 952 242 0.048913 7
694 152 956 241 0.043814 7
692 152 936 237 0.032236 7
588 184 653 216 0.028543 7
864 177 975 248 0.025293 7
709 152 860 236 0.023689 7
587 183 621 214 0.023655 7
695 161 957 244 0.023022 7
691 193 729 235 0.016232 7
587 183 649 216 0.015962 7
692 152 806 237 0.012618 7
865 176 938 232 0.011608 7
868 177 953 239 0.010659 7
717 153 805 236 0.008226 7
1114 183 1190 246 0.007728 7
865 177 942 225 0.007639 7
702 154 806 236 0.007536 7
862 177 950 232 0.007374 7
693 185 730 235 0.005932 7
922 206 977 254 0.005878 7
812 177 951 251 0.005795 7
865 178 930 243 0.005768 7
587 184 621 209 0.005727 7
1114 184 1203 247 0.005693 7
874 180 956 238 0.005662 7
1097 183 1189 248 0.005516 7
588 179 655 216 0.005244 7
682 152 961 262 0.005063 7
1117 184 1186 247 0.004673 7
864 177 944 207 0.004145 7
688 191 730 237 0.003981 7
1115 183 1211 247 0.003934 7
588 186 655 217 0.003731 7
587 182 657 216 0.003692 7
859 177 930 238 0.003349 7
750 172 973 247 0.003171 7
853 176 991 254 0.002997 7
589 168 661 216 0.002970 7
291 199 390 315 0.002882 7
587 184 656 217 0.002773 7
721 153 861 245 0.002739 7
588 172 655 216 0.002641 7
864 177 942 203 0.002610 7
870 196 940 240 0.002455 7
871 197 927 241 0.002421 7
860 178 916 241 0.002379 7
865 173 992 255 0.002179 7
881 200 981 254 0.001837 7
688 175 731 235 0.001737 7
292 198 389 297 0.001725 7
921 206 1000 260 0.001659 7
1110 183 1190 240 0.001547 7
715 154 836 236 0.001469 7
1097 207 1136 250 0.001381 7
681 154 907 239 0.001380 7
1111 183 1217 253 0.001328 7
1112 201 1186 247 0.001296 7
937 208 978 254 0.001096 7
579 184 619 214 0.001071 7
683 153 891 237 0.001071 7
891 189 955 240 0.001070 7
673 151 971 268 0.001048 7
1114 183 1190 237 0.001023 7
685 183 732 233 0.001012 7
690 195 802 236 0.000970 7
1114 183 1189 219 0.000947 7
574 184 620 214 0.000903 7
1068 179 1199 250 0.000899 7
1266 183 1279 250 0.000890 7
863 176 929 232 0.000846 7
865 177 954 226 0.000811 7
740 168 978 258 0.000763 7
1177 182 1276 263 0.000752 7
945 208 978 253 0.000745 7
1223 179 1279 219 0.000698 7
865 176 939 204 0.000638 7
1214 188 1279 266 0.000576 7
814 137 944 241 0.000572 7
699 146 973 248 0.000565 7
834 132 956 243 0.000557 7
698 184 729 215 0.000549 7
1265 171 1279 243 0.000528 7
951 208 979 252 0.000514 7
916 276 1103 386 0.000504 7
814 181 933 270 0.000466 7
756 162 849 238 0.000463 7
325 199 389 312 0.000451 7
437 162 916 245 0.000444 7
725 156 804 209 0.000439 7
643 150 977 309 0.000414 7
1108 183 1187 249 0.000402 7
1241 177 1279 220 0.000386 7
720 152 805 206 0.000368 7
1102 157 1228 242 0.000365 7
914 280 1119 390 0.000359 7
572 178 727 219 0.000352 7
731 153 804 208 0.000352 7
847 180 895 236 0.000346 7
734 152 803 217 0.000314 7
1066 183 1131 250 0.000305 7
728 152 806 205 0.000295 7
799 139 942 242 0.000287 7
748 274 852 344 0.000280 7
588 154 667 216 0.000274 7
1111 184 1179 221 0.000264 7
961 173 1055 255 0.000259 7
640 145 1010 385 0.000247 7
695 183 742 228 0.000243 7
837 147 939 230 0.000241 7
1105 157 1238 238 0.000239 7
634 151 957 277 0.000239 7
751 173 994 263 0.000238 7
841 175 1011 267 0.000236 7
714 167 783 222 0.000235 7
297 199 333 233 0.000231 7
766 148 998 256 0.000220 7
847 172 915 231 0.000218 7
3 189 483 380 0.000216 7
717 270 860 386 0.000209 7
724 166 789 223 0.000206 7
854 176 1061 263 0.000205 7
724 162 800 212 0.000197 7
694 169 750 227 0.000194 7
921 278 1024 386 0.000192 7
462 391 523 436 0.000188 7
1113 184 1179 217 0.000187 7
458 391 526 437 0.000182 7
1096 160 1209 241 0.000180 7
557 179 587 215 0.000165 7
142 398 225 477 0.000164 7
716 303 768 340 0.000163 7
522 160 659 215 0.000157 7
137 402 223 475 0.000156 7
640 143 964 328 0.000154 7
590 157 671 216 0.000143 7
848 184 874 238 0.000137 7
917 296 1016 389 0.000136 7
731 173 793 218 0.000134 7
717 151 805 212 0.000133 7
878 162 996 234 0.000131 7
866 170 922 207 0.000127 7
106 377 175 425 0.000125 7
729 266 843 351 0.000123 7
231 412 303 466 0.000112 7
963 146 1061 236 0.000111 7
697 165 772 219 0.000108 7
586 167 691 215 0.000108 7
963 163 1000 218 0.000105 7
1111 184 1149 223 0.000103 7
749 257 828 344 0.000103 7
513 152 524 178 0.502069 9
1088 149 1102 178 0.439471 9
1207 169 1215 191 0.161402 9
514 151 525 178 0.155830 9
1207 168 1215 191 0.107141 9
513 152 524 184 0.082785 9
366 167 374 186 0.064461 9
372 167 382 184 0.060249 9
448 157 490 170 0.050796 9
1088 150 1102 184 0.039592 9
1198 383 1206 415 0.034938 9
553 173 568 200 0.034268 9
1215 167 1223 184 0.031018 9
1197 383 1206 412 0.029992 9
1198 384 1207 415 0.029065 9
1088 149 1103 183 0.027753 9
1214 167 1224 185 0.027520 9
613 156 624 169 0.025960 9
1207 169 1215 192 0.023725 9
665 181 671 197 0.023613 9
558 183 568 198 0.021291 9
1154 159 1167 184 0.021243 9
553 173 575 200 0.020399 9
552 173 581 203 0.019904 9
1014 143 1024 168 0.017555 9
867 152 880 168 0.017496 9
372 166 381 186 0.016807 9
363 167 368 187 0.015517 9
1013 136 1025 170 0.014475 9
879 156 889 169 0.013985 9
523 183 536 196 0.013944 9
516 192 523 205 0.012917 9
846 151 859 166 0.012898 9
561 179 580 202 0.012883 9
1014 138 1024 168 0.012183 9
239 180 246 191 0.011412 9
448 157 490 182 0.011335 9
513 151 526 187 0.011140 9
895 155 906 173 0.010955 9
680 167 686 183 0.010759 9
665 184 671 202 0.010380 9
517 178 549 200 0.010330 9
1198 383 1216 415 0.010317 9
313 150 341 186 0.010281 9
517 191 527 201 0.010006 9
449 158 478 171 0.009969 9
225 183 231 195 0.009950 9
361 167 368 188 0.009888 9
1210 167 1224 193 0.009876 9
448 157 490 180 0.009722 9
896 160 904 177 0.009574 9
613 154 624 169 0.009236 9
680 168 686 184 0.009129 9
562 179 581 202 0.008628 9
845 151 859 166 0.008329 9
511 159 552 193 0.008222 9
522 183 538 198 0.008215 9
313 149 341 188 0.008149 9
613 155 624 170 0.008043 9
239 177 247 190 0.008035 9
1178 344 1184 360 0.007935 9
1191 386 1203 401 0.007455 9
865 151 879 168 0.007405 9
1167 383 1184 422 0.007356 9
863 165 870 182 0.007167 9
665 171 672 195 0.007070 9
1193 166 1201 187 0.006900 9
1167 389 1184 422 0.006900 9
1193 164 1202 187 0.006814 9
693 177 703 199 0.006759 9
1014 135 1026 169 0.006714 9
809 167 816 179 0.006683 9
1198 383 1215 416 0.006676 9
514 172 548 199 0.006604 9
1206 166 1216 192 0.006564 9
881 156 894 169 0.006374 9
1191 384 1205 401 0.006265 9
519 192 527 210 0.006091 9
511 191 523 204 0.006080 9
879 153 890 169 0.006047 9
111 151 128 164 0.006040 9
693 177 700 195 0.005984 9
1217 193 1224 208 0.005980 9
554 174 580 201 0.005965 9
534 170 575 202 0.005916 9
694 177 703 192 0.005829 9
1047 157 1056 172 0.005822 9
927 152 937 168 0.005820 9
848 181 857 203 0.005222 9
1167 379 1184 423 0.005208 9
544 169 560 200 0.005119 9
863 166 869 183 0.005104 9
1089 151 1110 180 0.004992 9
462 165 473 184 0.004966 9
512 171 550 198 0.004960 9
693 179 702 199 0.004921 9
829 135 860 167 0.004810 9
1094 152 1111 178 0.004719 9
951 348 959 366 0.004649 9
825 163 850 189 0.004645 9
631 182 637 192 0.004643 9
1088 149 1102 189 0.004594 9
965 372 980 392 0.004536 9
365 167 374 189 0.004532 9
810 159 857 180 0.004435 9
839 151 858 166 0.004344 9
1155 159 1167 183 0.004314 9
818 151 859 181 0.004277 9
1167 386 1183 421 0.004230 9
927 149 938 168 0.004207 9
558 178 581 202 0.004194 9
638 160 644 169 0.004112 9
810 161 855 179 0.004081 9
870 167 880 177 0.004036 9
95 152 105 176 0.003986 9
1154 161 1167 184 0.003978 9
1187 383 1209 416 0.003956 9
966 370 981 392 0.003946 9
1231 167 1247 181 0.003928 9
258 143 268 160 0.003906 9
624 180 634 194 0.003905 9
257 144 267 160 0.003826 9
554 178 580 202 0.003821 9
95 152 104 176 0.003803 9
359 167 367 189 0.003785 9
257 180 262 190 0.003700 9
837 151 858 170 0.003683 9
446 156 490 183 0.003654 9
1217 194 1225 209 0.003609 9
257 142 268 160 0.003609 9
544 168 552 197 0.003570 9
111 151 128 165 0.003564 9
894 152 906 175 0.003437 9
521 182 536 199 0.003420 9
544 172 580 202 0.003319 9
1193 161 1202 188 0.003272 9
1007 136 1025 171 0.003258 9
259 143 268 160 0.003197 9
681 174 688 195 0.003112 9
1088 150 1111 179 0.003110 9
1040 156 1056 172 0.003110 9
1006 135 1026 170 0.003104 9
216 184 224 197 0.003090 9
1081 174 1089 184 0.003054 9
1043 157 1057 175 0.003033 9
447 154 490 170 0.003002 9
550 169 575 202 0.002961 9
704 159 712 179 0.002960 9
1123 165 1146 185 0.002843 9
801 141 811 156 0.002804 9
541 169 571 201 0.002789 9
896 153 909 176 0.002765 9
1126 165 1146 185 0.002751 9
225 184 232 199 0.002679 9
814 144 823 154 0.002651 9
703 152 712 178 0.002576 9
513 168 549 189 0.002566 9
1167 385 1185 423 0.002559 9
951 345 960 388 0.002545 9
174 64 201 90 0.002543 9
364 167 372 183 0.002523 9
1114 163 1146 185 0.002476 9
543 187 551 202 0.002468 9
879 153 896 170 0.002467 9
480 178 494 198 0.002447 9
1088 190 1095 201 0.002386 9
1224 165 1232 180 0.002372 9
1055 151 1064 163 0.002370 9
587 169 596 185 0.002364 9
119 64 159 77 0.002325 9
975 368 985 391 0.002248 9
1008 136 1024 170 0.002245 9
1249 339 1264 396 0.002232 9
519 168 548 182 0.002230 9
447 156 490 188 0.002193 9
248 177 257 192 0.002141 9
313 149 350 186 0.002119 9
503 153 581 206 0.002112 9
560 179 581 202 0.002102 9
217 186 223 201 0.002095 9
810 161 858 189 0.002084 9
950 345 961 391 0.002045 9
814 148 823 160 0.002016 9
157 64 202 90 0.002004 9
845 150 861 167 0.001995 9
844 150 862 168 0.001972 9
523 180 549 203 0.001939 9
484 174 495 187 0.001932 9
880 156 897 177 0.001926 9
1042 156 1056 172 0.001922 9
895 152 909 177 0.001912 9
503 313 512 336 0.001885 9
828 135 861 165 0.001885 9
68 168 80 177 0.001861 9
1181 162 1208 224 0.001849 9
845 119 867 136 0.001836 9
1055 151 1065 170 0.001819 9
841 119 867 136 0.001807 9
874 157 895 177 0.001790 9
613 156 625 176 0.001739 9
587 168 594 184 0.001727 9
167 64 176 76 0.001716 9
974 168 991 186 0.001684 9
119 64 159 78 0.001673 9
587 172 603 185 0.001621 9
513 151 541 189 0.001618 9
698 128 705 152 0.001615 9
1042 152 1056 172 0.001614 9
339 163 352 185 0.001613 9
472 197 480 206 0.001603 9
482 149 528 177 0.001592 9
313 153 341 190 0.001588 9
1167 377 1187 423 0.001586 9
119 64 202 87 0.001558 9
973 168 991 187 0.001550 9
970 175 976 186 0.001546 9
1179 164 1208 218 0.001534 9
587 166 603 184 0.001533 9
828 135 865 167 0.001505 9
119 64 128 72 0.001500 9
1178 380 1184 391 0.001500 9
1119 362 1136 389 0.001489 9
512 179 524 197 0.001485 9
1197 166 1215 192 0.001484 9
694 121 706 153 0.001479 9
946 346 961 391 0.001464 9
480 177 495 197 0.001451 9
1247 315 1267 400 0.001448 9
246 176 259 192 0.001448 9
605 166 615 182 0.001437 9
313 155 346 186 0.001432 9
558 140 581 161 0.001414 9
830 173 843 190 0.001401 9
1115 162 1137 185 0.001400 9
568 138 581 161 0.001399 9
690 168 697 183 0.001395 9
1040 155 1058 176 0.001391 9
311 157 340 195 0.001383 9
825 162 858 189 0.001370 9
767 104 784 136 0.001368 9
1078 149 1102 185 0.001365 9
664 168 671 175 0.001360 9
46 319 56 344 0.001344 9
566 140 581 161 0.001340 9
979 368 991 392 0.001337 9
961 372 980 392 0.001331 9
1182 385 1211 413 0.001320 9
1025 151 1040 159 0.001320 9
1141 165 1154 185 0.001314 9
448 158 487 178 0.001309 9
313 150 341 196 0.001308 9
449 154 490 171 0.001301 9
1119 356 1136 388 0.001272 9
1079 153 1102 184 0.001263 9
312 148 348 188 0.001249 9
698 123 705 152 0.001234 9
638 162 648 181 0.001223 9
569 166 579 178 0.001205 9
1088 146 1103 178 0.001195 9
118 64 184 79 0.001191 9
480 174 496 195 0.001190 9
828 135 861 153 0.001175 9
690 171 697 185 0.001160 9
353 164 360 185 0.001160 9
800 137 822 159 0.001160 9
1097 131 1105 171 0.001160 9
580 64 596 91 0.001152 9
388 198 396 205 0.001149 9
447 157 491 198 0.001147 9
566 143 580 161 0.001147 9
118 64 201 85 0.001139 9
45 315 56 344 0.001128 9
699 151 713 180 0.001120 9
1178 382 1211 417 0.001115 9
1184 164 1203 189 0.001111 9
624 172 634 194 0.001098 9
213 194 221 214 0.001098 9
840 119 859 135 0.001097 9
1119 349 1136 389 0.001095 9
991 360 1005 384 0.001088 9
1200 167 1216 197 0.001080 9
1017 153 1032 168 0.001080 9
160 64 178 85 0.001075 9
1181 383 1206 411 0.001062 9
1128 164 1154 185 0.001059 9
665 169 677 198 0.001055 9
457 183 464 199 0.001052 9
1109 156 1117 168 0.001050 9
972 168 991 201 0.001043 9
339 165 351 186 0.001041 9
447 153 520 171 0.001032 9
1013 132 1040 168 0.001028 9
1189 362 1220 416 0.001026 9
345 184 353 199 0.001022 9
1109 163 1148 186 0.001015 9
1247 322 1264 398 0.001006 9
697 152 709 177 0.001001 9
960 365 981 393 0.001000 9
1246 328 1265 393 0.000999 9
664 320 679 349 0.000998 9
119 64 201 90 0.000998 9
694 157 710 182 0.000993 9
489 151 524 184 0.000993 9
1197 193 1208 211 0.000984 9
1021 151 1040 167 0.000979 9
111 137 128 165 0.000970 9
671 316 681 333 0.000968 9
690 118 703 153 0.000966 9
386 198 397 206 0.000958 9
1179 164 1205 217 0.000955 9
595 64 625 93 0.000954 9
1183 348 1219 419 0.000949 9
809 155 855 181 0.000948 9
664 313 680 349 0.000943 9
119 64 191 82 0.000938 9
222 176 246 192 0.000935 9
1119 331 1136 390 0.000920 9
1183 167 1199 186 0.000917 9
783 328 816 392 0.000914 9
95 183 103 203 0.000910 9
824 135 926 170 0.000909 9
974 143 990 153 0.000906 9
160 64 187 91 0.000897 9
905 126 912 136 0.000890 9
1183 359 1192 381 0.000885 9
586 64 625 93 0.000883 9
1105 162 1150 186 0.000869 9
485 149 524 178 0.000868 9
1074 137 1102 185 0.000868 9
701 127 714 153 0.000867 9
665 153 671 173 0.000865 9
371 159 381 185 0.000858 9
801 142 812 159 0.000857 9
991 359 1008 385 0.000847 9
1119 322 1137 390 0.000841 9
613 154 629 170 0.000840 9
127 64 180 85 0.000839 9
1167 381 1180 392 0.000831 9
663 310 681 349 0.000830 9
690 118 701 149 0.000828 9
690 118 706 152 0.000825 9
592 64 625 93 0.000823 9
446 146 526 174 0.000820 9
992 144 1000 165 0.000818 9
974 186 982 201 0.000817 9
963 357 984 392 0.000816 9
1119 365 1136 386 0.000809 9
704 172 711 184 0.000804 9
126 64 201 90 0.000798 9
510 145 525 178 0.000797 9
927 147 944 168 0.000797 9
222 176 244 195 0.000793 9
1195 383 1232 424 0.000782 9
847 181 866 215 0.000781 9
95 183 102 203 0.000776 9
809 380 814 391 0.000769 9
714 133 720 152 0.000764 9
951 344 960 367 0.000763 9
159 64 169 73 0.000761 9
700 119 715 154 0.000751 9
638 168 652 186 0.000751 9
119 64 176 78 0.000740 9
607 156 624 175 0.000730 9
1101 138 1110 161 0.000723 9
605 169 616 183 0.000719 9
1194 154 1209 192 0.000716 9
628 172 637 192 0.000712 9
846 115 869 136 0.000707 9
551 140 579 159 0.000707 9
610 174 628 188 0.000707 9
249 177 262 191 0.000703 9
618 152 629 169 0.000700 9
859 136 939 166 0.000700 9
449 148 525 172 0.000700 9
689 119 704 152 0.000699 9
1206 160 1217 191 0.000699 9
1221 165 1231 183 0.000691 9
574 135 581 155 0.000689 9
481 150 524 179 0.000684 9
44 318 56 344 0.000679 9
1024 154 1040 168 0.000676 9
1030 151 1057 173 0.000675 9
1179 381 1193 391 0.000674 9
1088 170 1099 198 0.000661 9
1113 161 1149 185 0.000655 9
240 165 247 181 0.000649 9
159 64 180 91 0.000648 9
989 358 1024 399 0.000644 9
856 136 939 155 0.000642 9
885 142 917 177 0.000640 9
1164 349 1258 416 0.000639 9
800 135 814 155 0.000637 9
1119 319 1138 388 0.000636 9
1114 163 1150 184 0.000636 9
700 123 714 153 0.000636 9
1103 167 1122 202 0.000628 9
256 143 268 173 0.000625 9
809 168 817 186 0.000625 9
1111 152 1118 166 0.000623 9
990 357 1008 387 0.000612 9
1198 142 1205 184 0.000611 9
1172 383 1212 422 0.000610 9
939 337 987 403 0.000603 9
1014 129 1041 166 0.000603 9
965 138 993 162 0.000601 9
663 170 680 203 0.000599 9
446 156 492 267 0.000598 9
1000 359 1024 391 0.000596 9
1110 162 1134 183 0.000595 9
994 137 1001 164 0.000594 9
1218 404 1232 423 0.000593 9
118 64 164 78 0.000591 9
851 156 865 183 0.000587 9
1088 149 1115 180 0.000587 9
1182 346 1220 410 0.000586 9
975 142 993 154 0.000586 9
988 359 1009 393 0.000582 9
799 134 822 158 0.000581 9
1183 158 1203 190 0.000576 9
959 119 969 132 0.000576 9
806 160 858 192 0.000574 9
432 171 446 193 0.000573 9
1095 161 1119 197 0.000572 9
859 135 939 153 0.000567 9
571 165 581 178 0.000567 9
685 170 704 200 0.000565 9
691 118 706 152 0.000565 9
986 350 1008 387 0.000561 9
608 151 624 170 0.000561 9
940 344 962 392 0.000558 9
1045 160 1057 184 0.000557 9
861 136 925 169 0.000557 9
1029 324 1081 388 0.000556 9
1203 407 1215 423 0.000554 9
1214 369 1224 387 0.000552 9
831 144 857 166 0.000549 9
1020 133 1040 160 0.000548 9
449 146 527 171 0.000546 9
461 151 521 172 0.000544 9
802 143 823 160 0.000538 9
766 103 784 136 0.000531 9
934 343 963 391 0.000528 9
580 64 598 93 0.000520 9
162 64 190 78 0.000518 9
415 176 421 203 0.000515 9
861 112 869 119 0.000515 9
1248 328 1266 408 0.000514 9
972 140 993 162 0.000511 9
1100 134 1110 160 0.000504 9
998 135 1009 174 0.000501 9
697 151 712 179 0.000501 9
972 167 992 204 0.000500 9
603 166 622 184 0.000496 9
1103 162 1128 186 0.000495 9
497 182 512 200 0.000495 9
1072 150 1096 184 0.000494 9
1197 383 1214 424 0.000492 9
959 119 973 135 0.000492 9
959 162 991 187 0.000492 9
1246 315 1266 379 0.000491 9
1072 156 1096 187 0.000485 9
362 166 386 196 0.000481 9
513 145 525 179 0.000479 9
1051 151 1065 181 0.000478 9
1023 117 1041 161 0.000476 9
848 117 869 136 0.000468 9
415 175 421 202 0.000466 9
686 488 698 504 0.000466 9
989 358 1024 392 0.000465 9
1246 300 1279 391 0.000463 9
815 359 832 393 0.000462 9
1113 158 1171 186 0.000461 9
997 134 1010 186 0.000458 9
960 136 973 158 0.000458 9
1236 323 1265 409 0.000457 9
224 177 242 194 0.000455 9
209 167 218 177 0.000455 9
111 150 128 164 0.000455 9
373 161 410 185 0.000454 9
1224 161 1248 181 0.000453 9
652 152 671 175 0.000449 9
677 166 688 198 0.000448 9
378 161 408 184 0.000447 9
352 167 360 187 0.000445 9
580 64 600 93 0.000445 9
208 181 216 199 0.000442 9
1002 135 1023 177 0.000441 9
837 119 867 136 0.000440 9
1097 129 1104 138 0.000437 9
862 136 941 169 0.000437 9
960 135 978 161 0.000436 9
960 135 992 163 0.000431 9
650 163 657 178 0.000430 9
1051 111 1083 146 0.000429 9
977 312 993 341 0.000427 9
184 197 190 206 0.000426 9
653 173 662 200 0.000426 9
1171 149 1184 163 0.000422 9
701 118 715 128 0.000421 9
223 178 235 195 0.000419 9
1029 326 1074 389 0.000414 9
653 160 663 175 0.000412 9
447 147 520 171 0.000411 9
1001 171 1009 186 0.000411 9
1194 380 1233 420 0.000409 9
549 135 581 161 0.000409 9
548 140 578 156 0.000408 9
483 148 524 171 0.000407 9
853 136 938 154 0.000404 9
67 169 80 187 0.000404 9
817 359 832 379 0.000400 9
825 135 847 153 0.000392 9
1100 346 1120 392 0.000390 9
432 170 446 195 0.000389 9
1077 345 1119 393 0.000387 9
650 158 656 175 0.000386 9
803 158 858 225 0.000386 9
567 160 580 177 0.000385 9
1178 180 1204 217 0.000385 9
1207 327 1274 414 0.000384 9
585 118 598 161 0.000383 9
1102 358 1120 392 0.000383 9
665 167 679 193 0.000382 9
643 171 657 188 0.000380 9
406 179 418 204 0.000376 9
352 159 362 188 0.000376 9
1160 376 1167 385 0.000375 9
1100 128 1137 168 0.000373 9
1040 339 1057 375 0.000370 9
447 154 526 203 0.000366 9
992 135 1003 171 0.000365 9
1076 336 1120 393 0.000361 9
1150 341 1168 361 0.000361 9
680 157 689 184 0.000360 9
1073 151 1082 173 0.000358 9
856 284 862 295 0.000358 9
1089 156 1107 201 0.000356 9
586 167 627 206 0.000356 9
766 106 781 136 0.000355 9
1012 136 1026 175 0.000354 9
68 170 80 200 0.000352 9
1011 133 1025 170 0.000350 9
801 134 827 159 0.000349 9
1191 149 1205 189 0.000346 9
66 168 81 178 0.000341 9
931 343 964 391 0.000338 9
976 317 992 343 0.000337 9
1043 341 1056 359 0.000337 9
333 183 346 199 0.000337 9
1088 186 1104 203 0.000335 9
95 200 104 209 0.000335 9
194 187 200 200 0.000326 9
587 126 597 157 0.000324 9
1176 376 1184 391 0.000322 9
1197 349 1270 414 0.000320 9
1153 156 1195 185 0.000319 9
689 118 706 158 0.000318 9
702 118 718 129 0.000318 9
686 488 697 504 0.000312 9
1073 151 1081 163 0.000312 9
111 203 126 230 0.000312 9
996 132 1008 172 0.000311 9
596 150 609 163 0.000310 9
719 156 726 169 0.000310 9
959 161 988 185 0.000306 9
40 318 56 344 0.000306 9
1104 178 1122 204 0.000306 9
652 174 669 203 0.000305 9
1150 343 1169 360 0.000304 9
405 182 418 205 0.000303 9
1006 348 1024 390 0.000303 9
862 136 944 152 0.000302 9
959 159 990 185 0.000300 9
256 85 262 97 0.000300 9
488 143 579 207 0.000300 9
545 140 581 161 0.000297 9
368 162 410 185 0.000296 9
894 120 907 137 0.000293 9
121 64 185 91 0.000292 9
1139 364 1153 393 0.000291 9
846 165 870 199 0.000291 9
618 167 633 191 0.000290 9
1225 162 1271 181 0.000289 9
664 150 671 173 0.000289 9
704 154 717 179 0.000288 9
513 150 543 182 0.000287 9
1118 315 1138 390 0.000286 9
376 161 409 185 0.000286 9
997 135 1009 173 0.000285 9
751 343 822 392 0.000284 9
603 136 625 171 0.000282 9
789 137 801 153 0.000282 9
867 123 880 136 0.000281 9
32 376 48 395 0.000279 9
584 175 621 210 0.000275 9
751 338 821 392 0.000272 9
824 135 859 155 0.000272 9
1079 352 1120 392 0.000271 9
1041 124 1107 196 0.000271 9
996 134 1009 172 0.000271 9
846 136 938 153 0.000269 9
626 167 638 186 0.000269 9
374 167 420 203 0.000269 9
743 151 752 157 0.000269 9
1086 145 1128 180 0.000268 9
1183 353 1194 391 0.000267 9
39 314 56 345 0.000267 9
471 193 480 206 0.000267 9
363 159 382 187 0.000267 9
1076 130 1104 179 0.000266 9
261 178 272 197 0.000265 9
482 144 524 174 0.000264 9
210 175 246 199 0.000263 9
495 171 517 200 0.000262 9
1198 343 1266 411 0.000261 9
1149 391 1182 418 0.000258 9
1095 165 1122 203 0.000257 9
586 122 598 161 0.000254 9
70 179 79 199 0.000253 9
446 157 526 239 0.000251 9
0 144 7 202 0.000248 9
1196 386 1233 424 0.000247 9
1138 366 1153 409 0.000245 9
621 157 644 170 0.000244 9
1154 155 1190 185 0.000243 9
1150 329 1186 396 0.000242 9
586 124 605 163 0.000240 9
479 95 488 103 0.000239 9
879 407 888 425 0.000239 9
1166 369 1181 392 0.000238 9
959 159 992 186 0.000236 9
836 181 858 212 0.000236 9
947 168 960 198 0.000235 9
1059 139 1104 186 0.000233 9
1152 152 1171 185 0.000232 9
1099 331 1119 390 0.000232 9
933 342 963 388 0.000231 9
1136 329 1176 393 0.000230 9
889 141 935 182 0.000230 9
707 152 719 179 0.000229 9
257 143 269 174 0.000228 9
689 154 697 173 0.000228 9
1248 327 1278 413 0.000228 9
1099 111 1137 168 0.000227 9
737 126 754 156 0.000227 9
1220 103 1233 135 0.000226 9
95 151 130 178 0.000225 9
348 164 362 199 0.000225 9
35 376 48 395 0.000225 9
615 165 659 216 0.000225 9
594 64 629 105 0.000225 9
959 129 976 160 0.000225 9
315 159 381 190 0.000223 9
310 131 398 194 0.000223 9
1117 337 1193 390 0.000223 9
879 407 887 429 0.000222 9
1022 97 1043 162 0.000221 9
834 370 847 391 0.000220 9
1101 131 1137 165 0.000220 9
1198 136 1205 177 0.000219 9
959 119 981 136 0.000218 9
1142 389 1184 424 0.000218 9
1073 342 1120 393 0.000217 9
232 130 241 146 0.000217 9
479 334 498 357 0.000217 9
968 135 994 160 0.000217 9
1006 174 1015 185 0.000216 9
966 167 992 206 0.000215 9
472 141 579 207 0.000213 9
695 120 716 165 0.000212 9
95 152 111 177 0.000211 9
374 161 435 194 0.000211 9
110 128 128 165 0.000210 9
1169 150 1192 183 0.000210 9
119 64 204 93 0.000209 9
40 323 52 344 0.000207 9
1057 338 1072 382 0.000207 9
596 134 606 145 0.000207 9
172 64 245 91 0.000206 9
881 122 898 137 0.000206 9
959 118 984 136 0.000206 9
476 171 522 216 0.000204 9
1208 158 1228 186 0.000204 9
416 170 443 203 0.000203 9
1084 131 1137 190 0.000202 9
945 168 960 183 0.000202 9
855 135 922 150 0.000199 9
810 149 853 166 0.000199 9
312 106 374 193 0.000198 9
1205 149 1221 183 0.000198 9
690 117 702 146 0.000197 9
819 359 832 376 0.000197 9
1150 335 1177 389 0.000197 9
764 134 792 154 0.000196 9
586 118 598 133 0.000196 9
1158 157 1202 186 0.000196 9
1231 97 1250 161 0.000196 9
940 341 978 390 0.000195 9
815 114 828 129 0.000195 9
1072 133 1102 181 0.000193 9
1127 326 1185 394 0.000192 9
1105 136 1136 165 0.000192 9
349 148 377 188 0.000192 9
992 134 1022 170 0.000192 9
704 127 720 156 0.000191 9
766 101 784 136 0.000191 9
902 136 937 156 0.000191 9
593 145 605 163 0.000189 9
700 118 720 154 0.000189 9
415 175 423 203 0.000189 9
1041 151 1064 196 0.000188 9
596 143 609 157 0.000187 9
739 360 751 375 0.000187 9
924 344 962 390 0.000186 9
248 168 257 175 0.000186 9
681 322 689 349 0.000186 9
912 339 1002 391 0.000184 9
663 295 673 340 0.000183 9
1086 354 1118 399 0.000183 9
1148 371 1184 417 0.000183 9
1128 353 1169 392 0.000182 9
750 343 786 391 0.000181 9
765 134 787 153 0.000180 9
1212 162 1246 182 0.000180 9
212 165 224 179 0.000180 9
1151 156 1199 186 0.000179 9
1125 343 1252 422 0.000179 9
907 102 935 120 0.000178 9
49 184 64 206 0.000178 9
595 149 624 181 0.000177 9
960 138 996 183 0.000174 9
829 286 849 311 0.000174 9
998 327 1008 343 0.000174 9
765 127 786 152 0.000173 9
950 179 960 205 0.000173 9
987 132 1010 216 0.000173 9
445 157 489 208 0.000172 9
1134 335 1182 395 0.000172 9
751 343 792 391 0.000171 9
552 138 578 147 0.000171 9
868 136 938 153 0.000170 9
460 306 510 349 0.000170 9
1117 346 1190 391 0.000169 9
591 135 626 172 0.000169 9
925 343 964 383 0.000168 9
1054 136 1106 228 0.000167 9
960 135 976 160 0.000167 9
1076 169 1104 203 0.000167 9
566 143 581 180 0.000166 9
959 163 987 187 0.000166 9
638 146 646 168 0.000166 9
1048 329 1081 385 0.000165 9
680 324 689 360 0.000165 9
575 64 592 94 0.000165 9
1206 115 1232 166 0.000164 9
631 170 660 210 0.000164 9
1160 341 1185 392 0.000163 9
681 192 690 214 0.000162 9
942 116 960 146 0.000162 9
780 136 794 154 0.000162 9
628 64 640 75 0.000162 9
455 182 481 200 0.000161 9
869 120 879 135 0.000161 9
223 169 232 177 0.000161 9
904 136 938 152 0.000160 9
1224 161 1268 182 0.000159 9
374 157 410 185 0.000159 9
1231 98 1250 143 0.000159 9
764 131 792 153 0.000158 9
1008 152 1062 185 0.000158 9
638 64 662 81 0.000158 9
717 156 727 180 0.000157 9
456 187 464 201 0.000156 9
718 337 756 378 0.000156 9
544 140 554 158 0.000155 9
994 134 1003 165 0.000155 9
895 118 906 136 0.000154 9
926 141 946 167 0.000154 9
999 126 1006 135 0.000153 9
832 336 899 394 0.000153 9
729 340 754 376 0.000153 9
1042 133 1101 203 0.000151 9
1017 98 1045 166 0.000151 9
737 126 754 154 0.000151 9
1108 163 1147 216 0.000149 9
544 146 573 161 0.000149 9
866 136 940 178 0.000149 9
652 149 671 175 0.000149 9
383 149 395 161 0.000148 9
317 89 333 155 0.000148 9
315 143 360 192 0.000148 9
906 96 937 120 0.000148 9
823 135 926 153 0.000147 9
312 143 366 196 0.000147 9
872 121 895 138 0.000147 9
910 95 925 115 0.000147 9
585 125 599 162 0.000147 9
751 90 784 138 0.000146 9
942 122 960 147 0.000146 9
1126 335 1173 384 0.000146 9
578 301 593 317 0.000145 9
573 124 581 156 0.000145 9
256 129 268 161 0.000144 9
313 84 367 191 0.000144 9
735 358 746 376 0.000143 9
913 341 995 391 0.000142 9
476 145 525 169 0.000142 9
618 147 641 169 0.000142 9
590 64 628 103 0.000142 9
814 359 832 412 0.000141 9
963 120 983 136 0.000140 9
564 123 579 149 0.000140 9
1119 360 1136 394 0.000139 9
455 144 525 171 0.000138 9
1190 105 1233 195 0.000138 9
208 182 216 213 0.000138 9
1119 325 1179 388 0.000138 9
1058 117 1117 184 0.000137 9
1093 386 1104 407 0.000137 9
1167 150 1185 168 0.000136 9
574 64 595 91 0.000135 9
551 138 577 149 0.000135 9
1036 158 1058 186 0.000135 9
444 143 522 172 0.000135 9
1115 351 1172 399 0.000133 9
63 148 79 170 0.000133 9
1137 408 1169 424 0.000133 9
1207 108 1233 169 0.000132 9
624 64 638 72 0.000131 9
974 299 996 341 0.000131 9
208 67 223 87 0.000131 9
945 119 960 142 0.000130 9
637 64 664 81 0.000130 9
829 117 845 133 0.000129 9
751 344 797 392 0.000129 9
231 174 267 198 0.000129 9
999 329 1008 344 0.000127 9
556 122 577 145 0.000127 9
259 175 272 198 0.000126 9
929 375 944 391 0.000126 9
1211 149 1224 162 0.000126 9
970 134 995 161 0.000126 9
244 130 255 144 0.000125 9
577 79 585 97 0.000125 9
1138 345 1179 408 0.000125 9
785 135 813 153 0.000124 9
255 103 266 126 0.000124 9
684 114 718 226 0.000123 9
1107 361 1120 392 0.000122 9
95 172 107 206 0.000122 9
576 296 595 331 0.000122 9
998 178 1009 203 0.000122 9
516 151 545 177 0.000121 9
1083 156 1133 204 0.000121 9
939 337 996 396 0.000121 9
684 176 704 213 0.000120 9
1086 356 1120 393 0.000120 9
1184 383 1214 425 0.000120 9
1017 170 1032 185 0.000120 9
479 335 497 358 0.000119 9
1230 98 1259 167 0.000119 9
975 310 993 346 0.000119 9
1150 152 1169 184 0.000119 9
830 337 848 392 0.000119 9
240 99 248 114 0.000118 9
912 168 923 179 0.000118 9
386 185 398 206 0.000117 9
722 150 735 162 0.000117 9
906 90 942 120 0.000117 9
447 143 510 171 0.000116 9
575 66 585 94 0.000116 9
1035 126 1065 169 0.000116 9
927 341 969 383 0.000115 9
479 92 524 104 0.000115 9
942 119 960 145 0.000115 9
869 348 895 392 0.000115 9
259 166 271 178 0.000114 9
990 170 1001 188 0.000114 9
1110 163 1155 218 0.000114 9
718 150 731 165 0.000114 9
1255 628 1264 642 0.000114 9
1011 134 1044 168 0.000113 9
1042 108 1116 210 0.000113 9
460 144 526 171 0.000113 9
656 64 668 71 0.000113 9
110 135 128 165 0.000113 9
699 134 721 181 0.000113 9
1103 163 1144 209 0.000112 9
592 64 641 107 0.000112 9
680 124 690 151 0.000112 9
599 143 627 173 0.000112 9
886 344 895 370 0.000111 9
62 150 80 172 0.000111 9
696 183 729 203 0.000110 9
857 161 908 223 0.000110 9
375 160 441 203 0.000110 9
650 162 696 210 0.000110 9
721 119 754 155 0.000109 9
540 159 582 191 0.000109 9
358 149 372 174 0.000109 9
417 170 432 203 0.000109 9
821 116 866 152 0.000108 9
100 151 128 170 0.000108 9
923 142 960 169 0.000108 9
64 150 80 177 0.000108 9
62 149 79 168 0.000108 9
870 367 895 392 0.000108 9
868 342 897 392 0.000107 9
750 83 784 139 0.000106 9
912 149 961 185 0.000106 9
914 342 958 383 0.000106 9
751 343 785 388 0.000105 9
239 176 258 220 0.000105 9
763 95 785 136 0.000105 9
762 133 823 154 0.000105 9
1036 107 1115 227 0.000105 9
1043 334 1073 387 0.000105 9
918 344 951 387 0.000105 9
823 79 863 135 0.000104 9
1119 351 1158 412 0.000104 9
838 336 897 384 0.000104 9
256 166 268 179 0.000104 9
585 118 598 137 0.000103 9
462 304 500 359 0.000103 9
907 87 943 120 0.000103 9
1231 102 1249 138 0.000103 9
578 64 597 97 0.000102 9
254 97 268 126 0.000102 9
1012 149 1053 186 0.000101 9
1016 138 1066 181 0.000101 9
1142 392 1173 411 0.000101 9
727 120 754 155 0.000100 9
682 145 718 206 0.000100 9
1029 128 1062 172 0.000100 9
1101 151 1247 232 0.000100 9
313 150 341 187 0.011490 11
1051 111 1083 146 0.005518 11
1055 115 1068 134 0.001856 11
1179 174 1204 217 0.000575 11
312 149 342 189 0.000468 11
1178 191 1199 218 0.000248 11
1050 118 1064 140 0.000142 11
1051 108 1083 145 0.000112 11
