628 199 656 290 0.829191 0
769 193 803 272 0.755387 0
974 192 997 254 0.649524 0
260 198 278 245 0.641216 0
260 198 276 245 0.494795 0
974 194 995 254 0.401244 0
974 194 997 258 0.189252 0
951 368 983 450 0.144979 0
214 190 225 230 0.112452 0
387 189 397 206 0.102425 0
952 367 983 460 0.091897 0
974 199 996 253 0.074031 0
911 448 928 486 0.069370 0
387 190 398 206 0.063167 0
952 369 980 453 0.061888 0
215 187 225 229 0.060196 0
863 434 881 478 0.051958 0
953 369 982 436 0.051276 0
214 190 225 233 0.050119 0
925 203 945 253 0.046943 0
951 366 987 452 0.041923 0
863 431 882 478 0.039620 0
863 437 882 478 0.031973 0
861 428 885 479 0.029999 0
862 436 879 478 0.027669 0
1039 206 1050 229 0.026700 0
940 359 983 452 0.026403 0
943 364 983 455 0.025978 0
386 191 398 206 0.025630 0
775 200 802 267 0.025522 0
959 440 970 468 0.024736 0
386 190 398 206 0.024462 0
952 372 980 461 0.023100 0
999 378 1023 422 0.022917 0
670 207 679 231 0.022664 0
1000 382 1013 399 0.021307 0
999 379 1024 416 0.021300 0
1015 205 1024 224 0.021293 0
111 203 120 236 0.019044 0
846 203 858 242 0.018765 0
895 440 905 486 0.018455 0
954 367 985 438 0.018394 0
895 440 907 486 0.018158 0
1000 382 1016 400 0.018055 0
670 207 678 230 0.017436 0
692 208 702 234 0.017352 0
670 207 679 230 0.016950 0
846 204 856 241 0.015465 0
319 204 331 231 0.015215 0
1011 206 1025 228 0.014590 0
847 203 865 242 0.013960 0
913 448 930 486 0.013680 0
692 207 703 234 0.013607 0
863 439 874 455 0.013204 0
955 367 984 428 0.013115 0
511 196 518 210 0.012878 0
959 440 971 468 0.012390 0
860 426 885 479 0.012347 0
926 441 935 458 0.011979 0
692 208 703 237 0.011976 0
939 348 984 451 0.011949 0
895 443 905 484 0.011866 0
847 204 856 234 0.011691 0
959 439 970 464 0.011572 0
944 368 984 460 0.011458 0
974 216 994 253 0.011388 0
864 441 877 466 0.011247 0
607 421 624 467 0.011165 0
848 208 864 242 0.011123 0
1002 381 1024 401 0.011021 0
305 185 323 198 0.010648 0
999 377 1024 444 0.010621 0
910 445 937 486 0.010490 0
861 427 892 481 0.010446 0
242 195 251 225 0.010223 0
999 383 1012 399 0.010100 0
213 190 226 236 0.010042 0
111 203 123 240 0.009784 0
214 183 231 231 0.009756 0
895 441 905 455 0.009674 0
937 204 944 221 0.009590 0
510 194 517 216 0.009580 0
894 438 904 456 0.009486 0
847 201 857 227 0.009313 0
998 380 1021 403 0.009026 0
1135 446 1144 464 0.009020 0
991 453 1000 464 0.009017 0
241 195 254 238 0.008862 0
387 185 398 206 0.008828 0
1038 196 1051 229 0.008801 0
750 423 801 472 0.008632 0
375 186 385 201 0.008595 0
992 445 1001 464 0.008489 0
914 474 928 487 0.008455 0
214 186 230 231 0.008415 0
517 191 524 205 0.008297 0
512 192 521 208 0.008229 0
518 191 527 208 0.008141 0
947 370 978 456 0.008007 0
247 196 255 214 0.007945 0
976 196 999 238 0.007899 0
111 204 121 235 0.007829 0
241 196 254 231 0.007701 0
471 199 479 216 0.007638 0
943 368 979 451 0.007448 0
241 195 253 236 0.007378 0
926 440 934 456 0.007330 0
912 468 929 487 0.007174 0
860 433 893 482 0.007150 0
1046 485 1056 497 0.007081 0
1135 446 1143 460 0.007075 0
1071 487 1080 501 0.007071 0
894 441 908 485 0.006976 0
644 199 655 217 0.006872 0
111 204 120 233 0.006861 0
214 194 226 238 0.006784 0
241 195 256 238 0.006715 0
110 204 124 237 0.006691 0
1113 194 1120 202 0.006663 0
959 441 969 470 0.006658 0
241 195 255 237 0.006612 0
465 198 472 215 0.006609 0
847 197 866 242 0.006496 0
464 200 476 250 0.006495 0
831 471 840 479 0.006475 0
1072 489 1081 503 0.006264 0
992 376 1023 439 0.006261 0
923 200 947 251 0.006202 0
960 370 980 405 0.006056 0
1272 200 1279 239 0.005971 0
1014 386 1023 401 0.005970 0
240 196 253 238 0.005967 0
1056 488 1066 498 0.005910 0
679 452 688 463 0.005895 0
861 432 872 454 0.005879 0
983 446 993 457 0.005842 0
1038 202 1051 229 0.005839 0
982 448 993 464 0.005812 0
965 370 981 392 0.005758 0
670 207 682 232 0.005751 0
953 368 993 456 0.005680 0
994 377 1023 445 0.005665 0
735 443 745 458 0.005595 0
381 185 394 206 0.005511 0
924 203 954 254 0.005507 0
575 430 592 457 0.005457 0
1001 376 1024 401 0.005381 0
789 330 809 344 0.005288 0
1000 377 1021 399 0.005248 0
111 203 127 238 0.005013 0
470 202 478 216 0.004962 0
539 193 552 217 0.004940 0
975 193 995 223 0.004932 0
751 442 768 472 0.004820 0
690 208 703 237 0.004706 0
465 201 473 216 0.004703 0
608 447 624 467 0.004632 0
639 681 672 703 0.004621 0
974 193 1006 257 0.004585 0
374 185 385 201 0.004550 0
110 203 121 232 0.004542 0
978 368 986 389 0.004534 0
639 688 672 703 0.004474 0
750 437 767 472 0.004455 0
910 471 939 486 0.004416 0
351 188 357 200 0.004388 0
1015 454 1024 467 0.004376 0
959 369 983 407 0.004281 0
512 190 527 219 0.004186 0
1272 202 1279 241 0.004183 0
641 205 656 232 0.004174 0
603 422 624 467 0.004174 0
960 441 976 464 0.004114 0
679 450 688 463 0.004076 0
895 443 914 487 0.004051 0
1269 198 1279 243 0.004017 0
1006 431 1025 468 0.004014 0
735 438 744 458 0.003960 0
865 210 873 236 0.003912 0
1031 452 1040 464 0.003901 0
885 471 896 487 0.003896 0
243 196 256 229 0.003893 0
1010 423 1025 468 0.003873 0
958 438 975 465 0.003853 0
993 377 1025 470 0.003837 0
1261 205 1279 268 0.003807 0
833 420 888 479 0.003792 0
849 462 865 478 0.003784 0
465 199 479 257 0.003783 0
464 199 479 271 0.003764 0
463 197 480 298 0.003731 0
738 201 744 211 0.003711 0
946 348 987 447 0.003694 0
803 184 815 214 0.003673 0
1074 439 1088 456 0.003665 0
966 372 979 392 0.003659 0
1228 190 1260 266 0.003632 0
316 198 335 231 0.003628 0
628 200 655 276 0.003594 0
878 435 889 457 0.003593 0
926 448 936 464 0.003586 0
991 443 1002 465 0.003585 0
815 210 826 234 0.003559 0
751 456 768 472 0.003542 0
892 200 904 229 0.003498 0
1014 442 1025 467 0.003458 0
876 430 889 456 0.003443 0
834 427 885 479 0.003439 0
1175 213 1188 244 0.003424 0
982 446 992 463 0.003413 0
1269 200 1279 268 0.003405 0
607 443 624 467 0.003402 0
1127 446 1136 468 0.003391 0
828 463 843 478 0.003387 0
895 441 920 487 0.003382 0
872 433 890 478 0.003371 0
925 202 957 254 0.003341 0
259 197 277 246 0.003310 0
1128 446 1135 465 0.003286 0
240 198 252 239 0.003286 0
630 205 656 290 0.003272 0
959 362 981 402 0.003261 0
751 462 763 472 0.003245 0
847 429 881 478 0.003195 0
1006 427 1022 466 0.003176 0
837 469 848 479 0.003158 0
1073 441 1088 456 0.003158 0
663 451 672 463 0.003150 0
240 196 259 239 0.003143 0
965 447 976 464 0.003098 0
466 200 479 249 0.003097 0
1009 430 1024 468 0.003081 0
210 191 225 230 0.003060 0
1111 441 1120 472 0.003059 0
1149 309 1168 343 0.003058 0
864 218 873 234 0.003057 0
735 445 744 457 0.003056 0
860 215 874 241 0.003042 0
1008 381 1024 424 0.002985 0
1136 445 1145 463 0.002983 0
214 188 231 237 0.002982 0
750 439 771 472 0.002981 0
838 409 893 480 0.002948 0
750 423 779 472 0.002935 0
628 202 653 240 0.002929 0
1064 462 1071 471 0.002919 0
1212 190 1262 266 0.002916 0
991 441 1001 456 0.002912 0
982 441 992 456 0.002885 0
879 437 890 464 0.002866 0
274 224 289 249 0.002856 0
1181 344 1193 356 0.002838 0
691 209 703 238 0.002817 0
1024 455 1032 464 0.002804 0
690 208 702 237 0.002800 0
1044 484 1056 500 0.002775 0
199 211 208 227 0.002759 0
972 368 984 392 0.002752 0
1072 439 1088 456 0.002748 0
598 405 624 467 0.002733 0
967 371 982 393 0.002720 0
1045 410 1057 423 0.002706 0
260 198 289 246 0.002694 0
1039 486 1049 497 0.002676 0
346 186 353 199 0.002672 0
630 200 642 214 0.002666 0
1135 445 1144 472 0.002652 0
1039 454 1048 464 0.002649 0
958 373 971 406 0.002617 0
210 194 224 230 0.002615 0
1229 191 1257 264 0.002574 0
215 184 227 201 0.002550 0
882 438 902 487 0.002549 0
813 328 846 344 0.002544 0
931 438 944 455 0.002519 0
375 186 388 209 0.002511 0
1012 423 1025 440 0.002485 0
1217 209 1229 233 0.002474 0
514 191 528 239 0.002464 0
1111 440 1120 455 0.002423 0
890 201 904 240 0.002409 0
959 374 971 396 0.002408 0
887 471 897 490 0.002402 0
684 203 692 222 0.002399 0
199 207 209 227 0.002376 0
240 194 254 239 0.002368 0
1038 204 1053 230 0.002359 0
611 423 624 437 0.002347 0
1214 193 1226 216 0.002330 0
804 184 814 204 0.002324 0
846 462 860 477 0.002315 0
831 466 848 479 0.002293 0
1007 450 1024 467 0.002282 0
999 378 1018 399 0.002280 0
1112 194 1121 206 0.002276 0
883 438 902 484 0.002268 0
268 211 288 248 0.002255 0
790 329 816 344 0.002255 0
1111 443 1120 472 0.002234 0
880 201 903 244 0.002219 0
1030 487 1040 502 0.002203 0
1023 486 1032 496 0.002196 0
797 413 822 459 0.002190 0
664 449 671 462 0.002189 0
1157 309 1168 337 0.002181 0
992 372 1016 420 0.002175 0
686 453 694 464 0.002174 0
1072 463 1080 471 0.002152 0
861 207 874 237 0.002150 0
543 191 550 205 0.002143 0
858 428 933 483 0.002119 0
1007 431 1014 440 0.002118 0
966 370 979 389 0.002106 0
513 188 529 245 0.002087 0
999 419 1025 469 0.002084 0
922 215 932 242 0.002077 0
980 366 991 392 0.002075 0
639 672 672 703 0.002056 0
796 408 835 473 0.002055 0
997 454 1008 465 0.002033 0
886 438 904 456 0.002032 0
1220 212 1229 232 0.002024 0
879 200 904 244 0.002002 0
947 345 967 399 0.002000 0
950 454 959 465 0.001985 0
367 207 376 227 0.001966 0
752 419 832 474 0.001965 0
927 432 944 484 0.001956 0
630 424 640 457 0.001927 0
1175 216 1187 247 0.001911 0
981 354 997 392 0.001909 0
1178 344 1192 358 0.001907 0
1089 157 1107 179 0.001905 0
834 465 848 478 0.001900 0
1012 424 1025 442 0.001880 0
1214 211 1234 260 0.001868 0
931 438 944 481 0.001867 0
1148 313 1168 344 0.001866 0
881 200 905 243 0.001864 0
0 64 59 216 0.001858 0
1045 481 1056 495 0.001854 0
910 473 942 487 0.001853 0
870 334 883 343 0.001844 0
225 183 232 200 0.001828 0
244 194 256 216 0.001816 0
259 192 277 239 0.001808 0
805 434 833 472 0.001797 0
803 185 815 219 0.001795 0
798 440 833 472 0.001792 0
1031 489 1040 503 0.001790 0
686 207 694 226 0.001782 0
1045 279 1057 296 0.001780 0
1094 456 1104 472 0.001775 0
945 347 967 403 0.001774 0
800 439 817 456 0.001766 0
866 421 886 460 0.001766 0
824 463 833 473 0.001758 0
1071 444 1081 456 0.001758 0
1055 489 1067 502 0.001757 0
350 186 358 199 0.001757 0
789 328 843 344 0.001756 0
199 210 210 233 0.001742 0
1094 450 1104 471 0.001721 0
921 211 935 245 0.001720 0
964 358 983 391 0.001716 0
1027 441 1040 464 0.001716 0
813 210 828 240 0.001715 0
738 192 804 273 0.001711 0
1014 455 1024 471 0.001706 0
814 437 833 473 0.001698 0
797 414 820 448 0.001685 0
850 204 873 274 0.001683 0
314 189 336 231 0.001677 0
1253 215 1267 231 0.001671 0
816 412 834 467 0.001670 0
512 463 518 472 0.001660 0
1071 456 1080 468 0.001659 0
815 422 833 473 0.001657 0
942 344 974 405 0.001657 0
1103 311 1112 326 0.001650 0
1059 64 1137 227 0.001648 0
951 439 968 464 0.001641 0
951 437 970 457 0.001638 0
981 375 1025 467 0.001636 0
1044 409 1056 423 0.001629 0
948 380 976 460 0.001628 0
648 407 656 424 0.001626 0
345 184 353 199 0.001604 0
847 466 865 479 0.001587 0
931 440 944 457 0.001573 0
367 207 379 232 0.001570 0
1037 190 1052 229 0.001560 0
1058 487 1076 499 0.001559 0
1180 344 1195 359 0.001545 0
1030 480 1052 501 0.001545 0
1015 482 1024 495 0.001541 0
1102 487 1135 505 0.001541 0
1199 503 1209 512 0.001535 0
1159 502 1168 511 0.001535 0
367 207 376 231 0.001530 0
387 190 400 214 0.001524 0
639 690 671 703 0.001520 0
719 438 731 470 0.001510 0
992 442 1008 461 0.001509 0
866 420 889 456 0.001493 0
1015 478 1024 491 0.001488 0
385 191 398 214 0.001483 0
784 439 800 452 0.001481 0
800 440 808 450 0.001475 0
1006 417 1024 441 0.001468 0
111 205 129 236 0.001468 0
902 537 913 585 0.001468 0
273 218 289 248 0.001459 0
835 203 856 240 0.001453 0
1216 213 1229 233 0.001450 0
943 366 980 431 0.001449 0
981 372 991 392 0.001445 0
797 417 817 452 0.001438 0
1037 481 1054 496 0.001436 0
1219 212 1231 234 0.001435 0
607 448 624 470 0.001429 0
887 441 899 456 0.001425 0
953 440 975 487 0.001405 0
899 446 912 462 0.001402 0
498 184 536 250 0.001381 0
1166 472 1175 490 0.001380 0
372 185 391 204 0.001378 0
948 362 1022 465 0.001375 0
734 425 747 459 0.001374 0
804 195 853 241 0.001374 0
750 434 767 469 0.001372 0
1126 445 1136 473 0.001366 0
718 437 735 470 0.001357 0
856 430 874 452 0.001349 0
718 437 733 466 0.001346 0
1174 213 1191 246 0.001337 0
815 442 828 461 0.001335 0
783 192 800 217 0.001329 0
751 411 833 474 0.001327 0
640 199 655 218 0.001326 0
263 202 289 248 0.001320 0
956 438 972 478 0.001318 0
1047 454 1056 466 0.001316 0
789 328 813 392 0.001315 0
812 445 833 472 0.001315 0
1035 482 1068 529 0.001308 0
666 207 677 230 0.001306 0
935 431 943 441 0.001304 0
985 355 1007 394 0.001296 0
1190 496 1200 504 0.001291 0
639 690 666 703 0.001285 0
751 425 773 446 0.001270 0
752 429 832 474 0.001269 0
510 189 531 249 0.001266 0
872 325 883 343 0.001263 0
1182 344 1194 376 0.001262 0
876 334 885 343 0.001259 0
1165 471 1175 484 0.001257 0
1206 504 1218 512 0.001255 0
398 186 407 205 0.001255 0
823 470 832 478 0.001250 0
111 203 127 244 0.001241 0
1190 214 1202 228 0.001240 0
810 210 835 240 0.001237 0
811 452 834 477 0.001236 0
465 423 497 449 0.001231 0
1219 206 1230 231 0.001224 0
1086 490 1096 504 0.001219 0
1075 455 1093 471 0.001214 0
631 200 656 286 0.001205 0
989 371 1012 398 0.001199 0
1124 438 1136 470 0.001198 0
1079 429 1087 446 0.001197 0
3 64 351 218 0.001194 0
1178 344 1190 359 0.001193 0
787 317 812 344 0.001180 0
988 374 1019 424 0.001167 0
515 189 530 245 0.001162 0
988 193 1000 219 0.001160 0
240 192 252 222 0.001155 0
1055 463 1065 471 0.001154 0
332 185 343 199 0.001153 0
959 375 968 400 0.001147 0
703 423 723 470 0.001147 0
1022 442 1039 463 0.001146 0
735 441 745 471 0.001142 0
1077 458 1093 472 0.001135 0
751 456 769 481 0.001134 0
1233 195 1256 233 0.001133 0
209 182 226 229 0.001133 0
836 434 889 479 0.001127 0
353 190 368 200 0.001124 0
956 441 976 474 0.001122 0
631 424 640 438 0.001120 0
1263 66 1279 169 0.001119 0
334 184 343 199 0.001113 0
1061 64 1131 134 0.001113 0
428 222 439 229 0.001103 0
908 430 944 484 0.001101 0
854 431 876 455 0.001098 0
1038 413 1046 424 0.001095 0
845 442 877 478 0.001089 0
799 441 817 469 0.001086 0
1 64 213 214 0.001084 0
395 194 408 206 0.001077 0
797 407 836 459 0.001076 0
1029 484 1064 509 0.001074 0
1119 440 1129 471 0.001070 0
1118 439 1130 471 0.001064 0
576 421 592 456 0.001063 0
1056 220 1066 236 0.001062 0
613 360 624 376 0.001062 0
1232 193 1256 242 0.001056 0
1 64 183 216 0.001054 0
1171 474 1184 490 0.001054 0
367 202 382 226 0.001043 0
897 438 913 457 0.001042 0
649 408 656 424 0.001041 0
956 425 973 462 0.001025 0
853 214 871 277 0.001022 0
1087 456 1097 471 0.001021 0
1253 217 1265 231 0.001021 0
1062 455 1072 470 0.001019 0
737 201 744 213 0.001019 0
1040 412 1060 459 0.001019 0
0 64 266 215 0.001017 0
642 671 673 703 0.001013 0
1056 488 1074 502 0.001008 0
686 198 692 214 0.001003 0
1103 311 1115 328 0.001002 0
718 435 742 470 0.001001 0
1023 439 1038 465 0.000998 0
1135 441 1144 462 0.000992 0
963 357 986 393 0.000992 0
1068 64 1133 131 0.000991 0
511 191 527 236 0.000983 0
626 201 652 276 0.000977 0
665 207 679 230 0.000976 0
1022 481 1032 496 0.000974 0
703 436 722 469 0.000971 0
1042 484 1059 503 0.000963 0
820 420 833 443 0.000952 0
575 425 585 433 0.000947 0
1175 213 1184 224 0.000946 0
662 424 670 434 0.000945 0
1119 311 1131 337 0.000944 0
1119 385 1128 411 0.000936 0
0 64 17 210 0.000935 0
951 343 960 360 0.000926 0
1180 344 1197 358 0.000926 0
1151 324 1168 345 0.000926 0
820 407 893 479 0.000925 0
1080 406 1088 413 0.000922 0
881 318 897 343 0.000917 0
847 202 871 281 0.000917 0
1086 489 1096 503 0.000917 0
197 207 209 228 0.000912 0
1093 494 1101 505 0.000908 0
974 447 987 462 0.000905 0
975 452 983 463 0.000905 0
1041 409 1059 454 0.000904 0
802 185 813 218 0.000894 0
853 227 873 281 0.000890 0
861 423 873 438 0.000886 0
222 185 233 222 0.000884 0
854 216 872 273 0.000884 0
1055 455 1064 469 0.000877 0
799 415 820 439 0.000877 0
1088 192 1095 209 0.000875 0
2 65 395 393 0.000872 0
900 535 913 588 0.000870 0
974 169 1001 255 0.000870 0
896 417 945 483 0.000867 0
798 440 817 469 0.000866 0
106 210 145 263 0.000866 0
1060 64 1137 195 0.000866 0
953 375 998 459 0.000862 0
604 423 621 435 0.000858 0
703 439 721 469 0.000858 0
768 192 834 273 0.000857 0
616 358 624 375 0.000856 0
819 451 832 471 0.000854 0
784 325 816 392 0.000851 0
629 225 654 288 0.000851 0
926 428 939 457 0.000843 0
1120 391 1128 411 0.000837 0
104 248 133 264 0.000836 0
1082 460 1095 472 0.000834 0
1072 504 1081 512 0.000833 0
798 439 828 472 0.000832 0
1038 485 1067 529 0.000830 0
882 318 894 342 0.000827 0
203 194 224 230 0.000820 0
1031 485 1059 503 0.000820 0
894 427 907 456 0.000816 0
1231 471 1247 484 0.000811 0
639 436 649 458 0.000808 0
1231 459 1240 470 0.000808 0
259 198 273 234 0.000807 0
1030 482 1069 527 0.000803 0
1037 194 1055 231 0.000799 0
751 459 765 480 0.000798 0
878 319 890 343 0.000797 0
1224 453 1232 471 0.000788 0
639 437 651 460 0.000787 0
991 452 1001 470 0.000783 0
1094 494 1104 504 0.000782 0
478 202 485 216 0.000782 0
993 357 1024 420 0.000779 0
1176 502 1185 511 0.000774 0
1095 446 1103 458 0.000771 0
103 249 132 264 0.000770 0
854 218 872 280 0.000770 0
721 438 735 459 0.000769 0
795 329 817 392 0.000766 0
928 201 953 215 0.000764 0
921 344 985 449 0.000760 0
1007 449 1025 473 0.000756 0
559 592 568 623 0.000753 0
880 318 894 342 0.000746 0
1187 355 1211 413 0.000745 0
863 335 877 343 0.000745 0
1209 170 1226 215 0.000740 0
1166 471 1185 484 0.000738 0
989 354 1002 388 0.000735 0
751 426 768 451 0.000735 0
712 427 720 442 0.000734 0
637 424 656 461 0.000734 0
1049 413 1064 424 0.000727 0
1180 214 1193 227 0.000723 0
1175 215 1192 246 0.000721 0
839 437 848 450 0.000720 0
1037 376 1050 412 0.000720 0
1079 193 1089 201 0.000719 0
1183 348 1192 377 0.000714 0
1037 378 1050 416 0.000714 0
1072 426 1081 446 0.000710 0
780 421 805 454 0.000704 0
603 362 623 376 0.000704 0
1031 64 1133 202 0.000701 0
830 423 844 455 0.000700 0
1060 64 1130 118 0.000700 0
1001 431 1008 440 0.000700 0
1046 485 1067 501 0.000697 0
919 359 987 459 0.000697 0
1098 328 1104 344 0.000697 0
684 449 695 462 0.000694 0
786 315 809 344 0.000694 0
800 414 809 424 0.000693 0
111 202 121 230 0.000691 0
656 425 664 433 0.000687 0
1038 448 1049 464 0.000686 0
263 221 288 247 0.000686 0
1071 335 1089 408 0.000685 0
946 342 970 382 0.000684 0
802 184 814 216 0.000683 0
1056 69 1140 214 0.000678 0
903 443 944 486 0.000678 0
750 438 800 474 0.000674 0
995 437 1008 456 0.000671 0
735 461 744 471 0.000668 0
719 431 726 441 0.000664 0
950 344 961 374 0.000660 0
1 65 356 395 0.000660 0
790 406 844 475 0.000658 0
1080 400 1088 410 0.000656 0
849 420 943 487 0.000656 0
1100 314 1120 344 0.000653 0
1032 543 1040 569 0.000653 0
904 332 921 345 0.000652 0
1039 404 1055 425 0.000651 0
638 674 673 703 0.000651 0
1121 329 1137 369 0.000650 0
324 188 337 200 0.000647 0
1011 380 1032 420 0.000646 0
814 406 834 453 0.000646 0
751 423 771 443 0.000645 0
830 418 847 455 0.000643 0
954 483 970 489 0.000643 0
1038 420 1047 436 0.000642 0
768 192 829 273 0.000642 0
711 424 719 437 0.000642 0
1041 420 1061 459 0.000640 0
1060 64 1135 154 0.000639 0
865 207 892 238 0.000639 0
877 427 904 459 0.000637 0
801 414 817 425 0.000637 0
905 330 925 349 0.000634 0
887 475 896 494 0.000634 0
1039 278 1059 331 0.000633 0
855 227 871 274 0.000633 0
1202 495 1216 504 0.000627 0
1231 458 1240 468 0.000625 0
1119 312 1127 326 0.000625 0
910 449 933 489 0.000624 0
865 407 882 454 0.000622 0
647 435 656 454 0.000621 0
1187 502 1201 512 0.000620 0
1061 64 1128 126 0.000617 0
948 440 977 487 0.000616 0
1119 315 1134 341 0.000616 0
456 202 465 216 0.000616 0
786 322 841 344 0.000615 0
1008 379 1036 424 0.000610 0
1167 471 1178 499 0.000609 0
1151 440 1160 453 0.000608 0
1176 494 1185 503 0.000607 0
1247 346 1265 383 0.000602 0
941 352 1024 437 0.000602 0
807 406 833 449 0.000600 0
773 192 795 222 0.000597 0
366 203 383 232 0.000596 0
734 426 793 465 0.000594 0
991 355 1008 390 0.000593 0
1233 471 1248 484 0.000593 0
311 183 337 197 0.000591 0
258 198 276 245 0.000589 0
643 671 673 699 0.000589 0
1095 440 1108 457 0.000588 0
835 404 947 484 0.000586 0
1053 423 1064 458 0.000586 0
804 182 861 243 0.000586 0
855 226 873 280 0.000585 0
645 429 656 448 0.000583 0
1211 223 1239 263 0.000580 0
318 64 629 204 0.000580 0
1072 344 1088 408 0.000580 0
328 64 438 211 0.000580 0
1032 283 1061 333 0.000579 0
847 204 867 251 0.000579 0
813 311 847 344 0.000578 0
342 64 445 209 0.000577 0
1150 453 1160 470 0.000576 0
199 197 225 234 0.000575 0
887 420 943 486 0.000574 0
719 438 737 468 0.000574 0
399 184 408 204 0.000572 0
0 64 25 208 0.000572 0
834 406 887 454 0.000571 0
1035 375 1050 412 0.000571 0
982 446 997 484 0.000570 0
1056 375 1065 388 0.000570 0
1184 503 1196 512 0.000566 0
1170 473 1185 500 0.000563 0
630 432 641 461 0.000562 0
910 440 922 456 0.000561 0
959 483 968 494 0.000559 0
775 192 798 208 0.000557 0
913 439 934 456 0.000555 0
1223 454 1232 472 0.000554 0
604 358 622 376 0.000553 0
1143 391 1153 407 0.000553 0
1054 421 1064 438 0.000551 0
865 215 879 237 0.000551 0
734 423 750 454 0.000547 0
879 201 906 246 0.000546 0
1120 341 1136 374 0.000545 0
317 64 429 216 0.000544 0
760 413 890 478 0.000543 0
719 440 736 471 0.000541 0
928 391 946 429 0.000541 0
1150 441 1160 463 0.000540 0
670 207 692 238 0.000540 0
1071 423 1079 435 0.000539 0
991 409 1022 444 0.000536 0
1150 454 1163 478 0.000535 0
1039 391 1065 425 0.000533 0
767 537 784 585 0.000532 0
1185 355 1212 411 0.000532 0
1071 482 1081 494 0.000529 0
1144 376 1151 385 0.000529 0
759 455 793 473 0.000522 0
1247 472 1264 486 0.000519 0
719 439 739 471 0.000517 0
998 198 1008 222 0.000517 0
1194 496 1215 508 0.000515 0
431 579 440 617 0.000513 0
1182 345 1197 359 0.000513 0
1119 334 1136 388 0.000512 0
586 168 597 188 0.000512 0
928 343 944 382 0.000512 0
1070 331 1089 409 0.000510 0
862 327 881 343 0.000510 0
895 323 905 343 0.000510 0
984 352 993 364 0.000508 0
928 343 945 389 0.000508 0
703 412 726 468 0.000507 0
4 64 350 238 0.000506 0
727 418 736 439 0.000505 0
1168 234 1184 249 0.000505 0
914 201 946 247 0.000503 0
1208 192 1224 219 0.000502 0
882 322 897 344 0.000500 0
603 357 625 459 0.000500 0
1041 216 1058 235 0.000500 0
1 64 360 349 0.000500 0
1229 64 1279 169 0.000499 0
337 64 444 216 0.000498 0
682 206 690 217 0.000497 0
1262 70 1279 181 0.000496 0
608 407 624 460 0.000496 0
193 186 201 214 0.000495 0
989 343 1008 388 0.000495 0
835 423 850 452 0.000494 0
503 313 512 335 0.000493 0
1259 66 1279 278 0.000492 0
904 332 929 382 0.000492 0
942 349 963 392 0.000491 0
338 64 436 209 0.000490 0
975 692 985 703 0.000488 0
1099 313 1125 344 0.000486 0
904 455 913 463 0.000486 0
1140 392 1153 408 0.000481 0
942 364 953 392 0.000479 0
839 419 880 455 0.000476 0
1118 441 1130 474 0.000476 0
0 65 46 286 0.000475 0
1138 444 1153 467 0.000474 0
1072 376 1088 409 0.000474 0
308 185 333 231 0.000474 0
894 535 913 589 0.000473 0
1029 376 1046 416 0.000472 0
1226 65 1279 268 0.000470 0
1258 186 1279 237 0.000468 0
1030 64 1125 184 0.000468 0
1060 64 1152 188 0.000465 0
926 202 954 245 0.000464 0
663 456 672 471 0.000464 0
969 194 994 239 0.000463 0
832 393 842 411 0.000459 0
184 196 191 207 0.000458 0
911 470 944 486 0.000455 0
1222 66 1279 279 0.000455 0
1226 193 1279 315 0.000454 0
429 221 440 240 0.000453 0
0 64 78 212 0.000451 0
606 430 624 475 0.000449 0
602 358 625 434 0.000449 0
799 336 817 392 0.000449 0
1151 470 1168 479 0.000449 0
855 443 896 488 0.000448 0
800 191 811 233 0.000447 0
829 428 846 470 0.000447 0
1077 333 1089 359 0.000446 0
1015 380 1030 396 0.000445 0
1037 64 1134 170 0.000442 0
264 194 275 205 0.000442 0
213 185 235 232 0.000440 0
1076 423 1088 443 0.000439 0
615 535 624 568 0.000434 0
929 378 958 450 0.000433 0
781 330 816 392 0.000432 0
960 341 968 354 0.000429 0
1078 337 1090 360 0.000428 0
580 404 592 455 0.000428 0
1263 64 1279 79 0.000426 0
948 377 962 400 0.000425 0
1135 445 1154 472 0.000425 0
595 358 624 434 0.000424 0
570 389 610 443 0.000424 0
910 269 928 347 0.000423 0
804 206 825 237 0.000422 0
895 328 903 343 0.000422 0
319 64 368 176 0.000421 0
936 343 986 399 0.000420 0
771 195 793 229 0.000419 0
365 187 377 200 0.000419 0
192 187 202 216 0.000418 0
118 64 161 77 0.000418 0
903 328 923 344 0.000416 0
1223 447 1232 456 0.000415 0
799 408 809 423 0.000415 0
895 423 906 438 0.000414 0
1227 179 1260 234 0.000414 0
937 343 968 390 0.000414 0
1229 176 1279 370 0.000414 0
518 393 529 423 0.000414 0
933 415 945 441 0.000412 0
907 327 928 349 0.000412 0
681 198 690 216 0.000411 0
514 413 529 426 0.000406 0
687 422 699 438 0.000406 0
659 292 682 375 0.000406 0
1017 389 1037 425 0.000405 0
719 316 747 377 0.000405 0
1060 64 1152 147 0.000404 0
63 64 342 212 0.000403 0
928 391 941 407 0.000403 0
979 446 1001 487 0.000401 0
881 470 897 490 0.000401 0
1032 410 1041 427 0.000400 0
661 413 671 432 0.000400 0
647 192 656 202 0.000399 0
753 422 890 478 0.000397 0
325 231 335 249 0.000397 0
259 197 275 245 0.000396 0
1070 64 1280 291 0.000396 0
968 195 1061 259 0.000393 0
687 407 700 438 0.000393 0
1038 423 1049 443 0.000392 0
3 64 314 214 0.000391 0
160 64 258 215 0.000390 0
688 352 693 359 0.000390 0
1023 482 1052 501 0.000390 0
1071 398 1080 408 0.000389 0
847 177 867 235 0.000388 0
314 64 368 198 0.000388 0
1263 64 1279 82 0.000388 0
1032 376 1040 387 0.000388 0
662 207 679 231 0.000387 0
1210 176 1234 232 0.000387 0
786 406 899 478 0.000387 0
814 406 831 425 0.000386 0
847 206 868 282 0.000386 0
590 425 610 455 0.000386 0
906 332 930 392 0.000384 0
772 259 850 348 0.000383 0
727 422 737 442 0.000382 0
1244 461 1262 473 0.000381 0
833 393 847 413 0.000380 0
841 409 944 485 0.000379 0
842 198 873 282 0.000378 0
944 455 954 463 0.000378 0
511 392 536 427 0.000377 0
590 448 599 456 0.000376 0
1034 485 1070 528 0.000376 0
1076 332 1089 345 0.000376 0
910 262 929 347 0.000374 0
1098 398 1103 407 0.000374 0
811 445 851 480 0.000373 0
301 65 467 212 0.000373 0
958 426 975 451 0.000373 0
311 64 507 203 0.000373 0
1043 480 1068 501 0.000371 0
1122 326 1136 344 0.000371 0
1055 376 1065 391 0.000371 0
1071 388 1085 408 0.000371 0
1011 445 1059 504 0.000371 0
593 358 624 454 0.000368 0
1030 487 1040 518 0.000368 0
912 474 944 487 0.000368 0
254 209 288 260 0.000368 0
950 442 973 482 0.000367 0
1029 375 1044 402 0.000367 0
896 425 914 455 0.000367 0
86 64 350 206 0.000366 0
904 329 936 387 0.000365 0
830 417 850 453 0.000363 0
1028 378 1048 425 0.000363 0
1102 328 1121 344 0.000362 0
905 333 926 350 0.000362 0
566 536 576 568 0.000361 0
309 165 338 232 0.000361 0
975 366 996 420 0.000360 0
644 437 656 461 0.000358 0
1094 329 1104 344 0.000357 0
727 416 736 434 0.000357 0
335 68 416 344 0.000357 0
193 189 207 218 0.000357 0
787 328 811 387 0.000357 0
511 320 522 350 0.000357 0
588 378 609 434 0.000357 0
1028 413 1042 445 0.000354 0
254 696 274 703 0.000354 0
196 197 211 226 0.000354 0
111 64 348 211 0.000353 0
1071 356 1088 408 0.000351 0
511 458 522 475 0.000351 0
272 191 279 206 0.000350 0
1246 344 1270 377 0.000350 0
223 385 240 408 0.000350 0
1055 389 1064 403 0.000350 0
1003 422 1042 464 0.000350 0
3 65 449 387 0.000348 0
773 194 804 270 0.000347 0
1045 279 1064 296 0.000347 0
303 64 454 200 0.000347 0
1093 439 1122 469 0.000346 0
687 407 701 436 0.000346 0
656 301 676 376 0.000346 0
1242 477 1279 516 0.000346 0
157 64 266 233 0.000346 0
815 405 833 427 0.000345 0
1188 354 1210 378 0.000345 0
1232 330 1269 401 0.000345 0
1041 446 1056 467 0.000345 0
1208 167 1233 231 0.000345 0
1152 473 1167 488 0.000343 0
1098 446 1119 471 0.000343 0
909 327 928 345 0.000342 0
496 394 595 446 0.000342 0
1066 64 1132 148 0.000341 0
798 459 824 472 0.000341 0
943 376 954 396 0.000341 0
1247 334 1276 402 0.000341 0
1042 386 1057 412 0.000340 0
1152 453 1167 474 0.000340 0
831 467 848 487 0.000340 0
1228 65 1279 239 0.000340 0
509 533 521 569 0.000339 0
997 190 1009 223 0.000339 0
1018 483 1067 526 0.000339 0
1068 64 1132 119 0.000338 0
1225 168 1255 234 0.000338 0
310 64 490 212 0.000338 0
515 191 540 248 0.000337 0
991 405 1002 429 0.000334 0
1044 279 1057 320 0.000332 0
1047 97 1141 186 0.000331 0
928 391 944 420 0.000331 0
1256 365 1279 425 0.000330 0
0 64 72 218 0.000329 0
3 64 541 384 0.000328 0
1062 421 1074 450 0.000328 0
719 455 740 471 0.000326 0
862 443 898 488 0.000326 0
1060 391 1074 407 0.000326 0
830 64 839 69 0.000326 0
1119 329 1136 364 0.000325 0
261 198 277 241 0.000325 0
929 391 945 411 0.000323 0
0 74 20 241 0.000323 0
533 204 548 221 0.000322 0
519 393 529 413 0.000321 0
602 362 624 379 0.000321 0
1123 325 1135 339 0.000320 0
1054 430 1064 455 0.000320 0
750 376 834 473 0.000319 0
926 342 945 392 0.000319 0
1188 369 1255 417 0.000318 0
275 229 288 257 0.000318 0
973 446 994 485 0.000318 0
1215 354 1280 425 0.000317 0
751 415 771 442 0.000317 0
657 327 672 375 0.000317 0
1152 440 1167 473 0.000316 0
1216 407 1226 424 0.000316 0
255 64 347 197 0.000316 0
1167 327 1176 337 0.000315 0
831 392 843 409 0.000314 0
830 418 847 448 0.000314 0
407 179 417 205 0.000314 0
1100 448 1117 472 0.000314 0
733 443 768 472 0.000313 0
454 201 478 262 0.000313 0
1008 488 1015 501 0.000313 0
1043 391 1058 418 0.000312 0
1022 422 1035 439 0.000312 0
961 190 998 257 0.000312 0
947 422 973 460 0.000310 0
1216 423 1224 433 0.000308 0
1247 679 1258 696 0.000308 0
311 64 440 222 0.000306 0
1058 424 1073 454 0.000306 0
1040 64 1275 278 0.000304 0
730 320 744 338 0.000304 0
768 254 844 342 0.000303 0
929 389 944 409 0.000303 0
303 188 328 234 0.000302 0
415 176 423 204 0.000301 0
1055 64 1276 270 0.000300 0
406 192 416 205 0.000300 0
766 262 849 346 0.000300 0
512 195 542 247 0.000299 0
223 181 233 196 0.000299 0
312 64 639 365 0.000299 0
0 104 26 301 0.000297 0
1168 413 1177 423 0.000297 0
1262 128 1279 179 0.000297 0
217 181 337 378 0.000296 0
1118 494 1137 509 0.000296 0
801 407 819 426 0.000296 0
658 303 680 365 0.000295 0
574 431 593 463 0.000294 0
1231 455 1264 484 0.000294 0
1045 456 1056 470 0.000294 0
908 329 928 350 0.000294 0
1098 483 1140 506 0.000293 0
875 411 906 458 0.000293 0
1070 487 1089 502 0.000292 0
334 198 354 230 0.000291 0
353 65 481 215 0.000291 0
1009 448 1071 503 0.000291 0
577 366 625 462 0.000290 0
1119 384 1128 409 0.000290 0
599 360 624 416 0.000290 0
672 452 697 471 0.000290 0
773 415 822 449 0.000289 0
785 319 835 344 0.000289 0
1096 424 1103 432 0.000288 0
307 64 368 197 0.000287 0
173 185 184 210 0.000287 0
1095 326 1121 344 0.000286 0
765 456 778 482 0.000286 0
1085 346 1095 360 0.000286 0
1135 345 1144 359 0.000286 0
928 348 945 391 0.000285 0
1007 359 1024 388 0.000285 0
579 447 593 461 0.000285 0
219 196 250 253 0.000284 0
1184 189 1217 228 0.000282 0
1060 64 1175 217 0.000282 0
1231 472 1247 487 0.000281 0
1089 64 1135 133 0.000281 0
980 368 1001 427 0.000281 0
453 200 479 272 0.000280 0
1068 71 1152 216 0.000278 0
959 503 969 519 0.000277 0
808 378 814 392 0.000276 0
94 64 348 244 0.000276 0
820 177 952 291 0.000275 0
1239 455 1265 472 0.000275 0
1203 355 1279 426 0.000275 0
655 292 686 376 0.000274 0
31 64 526 376 0.000274 0
1223 471 1232 483 0.000273 0
1159 426 1168 440 0.000273 0
1107 495 1120 520 0.000273 0
1112 185 1136 204 0.000272 0
511 453 521 474 0.000272 0
510 392 531 427 0.000272 0
1201 344 1279 423 0.000272 0
1126 64 1279 286 0.000272 0
1014 433 1069 500 0.000272 0
808 472 816 477 0.000271 0
183 190 191 207 0.000271 0
1101 311 1133 344 0.000271 0
1110 384 1123 408 0.000271 0
1029 278 1061 332 0.000270 0
1208 342 1280 422 0.000270 0
263 64 368 201 0.000270 0
929 371 958 430 0.000270 0
12 66 338 386 0.000269 0
1062 393 1074 408 0.000269 0
1066 64 1165 144 0.000267 0
1008 478 1019 493 0.000267 0
654 322 675 377 0.000266 0
818 199 897 285 0.000266 0
223 194 248 243 0.000266 0
1070 191 1092 208 0.000266 0
894 537 913 592 0.000265 0
1103 175 1121 202 0.000264 0
430 217 439 227 0.000264 0
936 342 965 386 0.000264 0
1208 339 1279 408 0.000263 0
789 330 810 359 0.000263 0
671 529 688 569 0.000262 0
255 64 352 205 0.000262 0
559 588 577 624 0.000262 0
1054 444 1064 462 0.000261 0
1138 440 1154 467 0.000261 0
974 371 1004 430 0.000261 0
576 357 608 442 0.000261 0
911 266 929 337 0.000261 0
949 444 979 488 0.000261 0
321 64 434 188 0.000260 0
1075 64 1137 140 0.000260 0
357 219 368 231 0.000260 0
653 200 661 217 0.000259 0
1103 488 1126 510 0.000259 0
694 474 704 488 0.000259 0
582 404 591 433 0.000259 0
1120 314 1137 341 0.000258 0
1268 137 1279 169 0.000258 0
385 186 413 207 0.000258 0
1058 200 1082 234 0.000258 0
145 64 379 207 0.000258 0
603 361 624 413 0.000257 0
1025 424 1041 457 0.000256 0
1216 447 1224 456 0.000256 0
1033 373 1062 416 0.000256 0
983 375 1059 469 0.000255 0
1261 132 1279 183 0.000255 0
267 199 290 247 0.000253 0
1136 397 1145 407 0.000253 0
1091 457 1104 481 0.000253 0
1235 453 1253 471 0.000252 0
342 64 500 210 0.000251 0
1188 372 1242 421 0.000251 0
781 312 849 344 0.000250 0
1119 404 1127 414 0.000249 0
1157 299 1168 335 0.000248 0
1055 182 1064 214 0.000248 0
850 308 864 336 0.000247 0
223 374 240 409 0.000247 0
587 362 613 433 0.000245 0
1015 319 1039 343 0.000245 0
304 64 538 201 0.000244 0
610 407 624 428 0.000244 0
703 422 722 468 0.000244 0
831 399 847 424 0.000244 0
573 376 608 448 0.000243 0
519 231 533 245 0.000242 0
989 412 1005 442 0.000242 0
257 224 289 259 0.000242 0
755 415 769 425 0.000242 0
831 405 842 422 0.000241 0
771 279 850 345 0.000241 0
1079 695 1093 703 0.000241 0
690 468 704 488 0.000240 0
767 282 845 346 0.000240 0
1062 64 1124 75 0.000240 0
1100 326 1123 363 0.000239 0
334 200 354 233 0.000239 0
316 65 421 205 0.000238 0
331 205 353 255 0.000238 0
828 451 861 478 0.000237 0
1053 390 1086 425 0.000237 0
656 297 683 376 0.000237 0
1076 489 1090 503 0.000237 0
160 64 258 193 0.000237 0
1026 335 1059 391 0.000237 0
902 333 925 351 0.000237 0
880 408 897 436 0.000236 0
873 407 895 450 0.000236 0
321 64 401 178 0.000236 0
1102 311 1130 330 0.000236 0
1231 478 1259 510 0.000235 0
735 425 759 458 0.000235 0
1194 364 1251 413 0.000235 0
0 111 20 321 0.000235 0
1214 64 1233 130 0.000235 0
993 373 1046 430 0.000234 0
741 161 1084 268 0.000234 0
1151 455 1168 480 0.000233 0
1214 495 1232 510 0.000233 0
909 334 933 392 0.000232 0
32 64 542 353 0.000232 0
849 177 959 296 0.000232 0
1197 368 1276 419 0.000231 0
331 184 352 221 0.000231 0
855 210 898 275 0.000230 0
1012 479 1027 520 0.000230 0
864 313 908 343 0.000230 0
1255 430 1263 454 0.000230 0
255 64 339 206 0.000230 0
274 210 295 250 0.000229 0
965 509 976 520 0.000229 0
925 342 945 393 0.000229 0
501 193 542 252 0.000227 0
1066 332 1089 402 0.000227 0
979 451 1005 487 0.000227 0
1034 375 1048 388 0.000226 0
1030 441 1071 471 0.000226 0
426 221 440 233 0.000226 0
1119 343 1135 371 0.000226 0
847 429 862 442 0.000225 0
1147 388 1164 408 0.000224 0
927 343 944 378 0.000223 0
1000 444 1059 503 0.000223 0
171 185 184 216 0.000222 0
1213 342 1272 405 0.000221 0
156 202 168 225 0.000221 0
1057 64 1132 123 0.000221 0
1074 333 1098 389 0.000221 0
308 64 483 364 0.000221 0
196 207 220 248 0.000220 0
955 195 998 260 0.000220 0
955 398 1025 467 0.000220 0
1021 428 1055 464 0.000220 0
384 192 400 238 0.000219 0
1256 427 1264 442 0.000219 0
299 217 325 299 0.000218 0
150 64 258 191 0.000218 0
123 206 137 236 0.000218 0
888 383 989 480 0.000217 0
292 195 320 283 0.000217 0
463 190 480 216 0.000217 0
782 325 810 344 0.000217 0
1264 71 1279 83 0.000217 0
1059 396 1086 440 0.000216 0
938 344 1014 403 0.000215 0
1162 64 1218 111 0.000215 0
1077 331 1104 361 0.000214 0
636 670 672 703 0.000214 0
817 316 849 343 0.000213 0
768 541 784 585 0.000213 0
654 293 690 377 0.000213 0
1061 64 1125 74 0.000212 0
784 348 816 392 0.000212 0
1136 502 1152 511 0.000212 0
1103 325 1137 344 0.000211 0
959 510 973 523 0.000211 0
1028 64 1132 172 0.000210 0
1068 398 1086 425 0.000210 0
1232 471 1250 487 0.000210 0
1154 343 1198 379 0.000210 0
1081 64 1135 126 0.000210 0
106 246 126 300 0.000209 0
736 381 834 472 0.000209 0
289 64 640 376 0.000209 0
255 185 368 381 0.000209 0
0 108 18 336 0.000209 0
525 393 540 410 0.000209 0
812 300 847 344 0.000207 0
158 209 167 226 0.000207 0
1082 64 1279 280 0.000207 0
1197 368 1275 425 0.000207 0
909 334 930 393 0.000207 0
658 291 701 376 0.000207 0
895 415 909 437 0.000207 0
911 269 929 315 0.000207 0
705 405 768 469 0.000206 0
978 427 992 452 0.000206 0
1274 158 1279 170 0.000206 0
780 341 816 392 0.000205 0
895 545 913 601 0.000205 0
1071 333 1085 359 0.000205 0
1219 341 1280 407 0.000205 0
1057 430 1074 461 0.000205 0
870 314 911 344 0.000204 0
1151 371 1163 394 0.000204 0
947 375 965 406 0.000203 0
787 327 823 387 0.000203 0
974 688 988 703 0.000203 0
654 205 662 220 0.000202 0
1053 392 1064 409 0.000202 0
837 395 920 478 0.000202 0
1020 482 1050 511 0.000201 0
345 64 437 173 0.000201 0
256 64 337 186 0.000201 0
1063 439 1120 474 0.000200 0
761 264 846 346 0.000200 0
1014 463 1024 486 0.000200 0
1021 68 1256 259 0.000199 0
687 535 699 572 0.000199 0
765 243 843 342 0.000199 0
655 326 675 375 0.000199 0
972 195 1071 253 0.000199 0
215 192 242 252 0.000198 0
1059 64 1127 90 0.000198 0
1199 64 1219 127 0.000198 0
868 407 880 423 0.000198 0
1245 461 1275 482 0.000198 0
111 202 131 235 0.000197 0
673 526 688 568 0.000197 0
895 421 924 440 0.000197 0
737 423 756 440 0.000196 0
1028 407 1040 424 0.000196 0
1158 421 1168 440 0.000196 0
1192 348 1279 421 0.000196 0
318 64 370 167 0.000196 0
0 66 35 368 0.000196 0
333 64 465 217 0.000195 0
1232 109 1279 191 0.000195 0
274 209 294 249 0.000195 0
478 560 488 584 0.000194 0
1062 64 1088 71 0.000194 0
138 64 442 252 0.000194 0
172 205 183 216 0.000194 0
987 424 1015 455 0.000194 0
1178 65 1279 257 0.000193 0
813 305 849 344 0.000193 0
990 449 1018 472 0.000193 0
895 410 921 440 0.000193 0
1036 278 1058 329 0.000193 0
1230 202 1279 374 0.000193 0
1262 117 1279 170 0.000193 0
1171 388 1184 423 0.000192 0
415 196 431 205 0.000192 0
696 351 703 359 0.000191 0
269 64 476 363 0.000191 0
849 326 864 337 0.000191 0
215 170 330 379 0.000191 0
815 476 826 487 0.000191 0
671 531 687 571 0.000191 0
783 328 811 345 0.000191 0
577 367 608 416 0.000190 0
1155 432 1168 464 0.000190 0
1185 346 1211 379 0.000189 0
599 356 623 376 0.000189 0
724 437 799 474 0.000189 0
932 342 964 377 0.000188 0
527 169 932 278 0.000188 0
1131 487 1153 502 0.000187 0
1031 339 1058 388 0.000187 0
795 373 813 392 0.000186 0
1062 74 1106 143 0.000186 0
592 408 610 435 0.000186 0
1024 326 1093 398 0.000186 0
1088 419 1097 433 0.000186 0
621 437 636 455 0.000186 0
0 407 97 602 0.000186 0
1023 336 1089 474 0.000186 0
1024 331 1089 460 0.000186 0
604 360 624 391 0.000185 0
776 398 784 416 0.000185 0
911 338 930 392 0.000185 0
559 408 591 439 0.000185 0
485 444 497 453 0.000185 0
1263 366 1279 412 0.000184 0
415 183 910 280 0.000184 0
655 308 689 379 0.000182 0
1011 64 1024 71 0.000182 0
770 312 806 343 0.000182 0
774 255 849 343 0.000182 0
1069 487 1083 508 0.000182 0
65 64 129 206 0.000181 0
220 129 241 159 0.000181 0
18 64 367 298 0.000181 0
1015 328 1088 467 0.000179 0
1242 478 1279 701 0.000179 0
671 534 683 569 0.000179 0
988 680 1024 703 0.000179 0
754 404 769 422 0.000179 0
95 601 104 624 0.000179 0
655 305 681 360 0.000179 0
1135 451 1155 474 0.000179 0
1064 64 1107 132 0.000178 0
898 533 913 588 0.000178 0
874 199 914 248 0.000178 0
453 198 480 278 0.000178 0
1194 382 1216 423 0.000178 0
1145 496 1185 511 0.000177 0
814 314 849 343 0.000177 0
1108 359 1123 409 0.000177 0
881 407 896 427 0.000177 0
1037 191 1058 229 0.000176 0
305 177 329 198 0.000176 0
1054 197 1064 219 0.000176 0
1061 446 1073 467 0.000176 0
1199 478 1261 510 0.000175 0
1167 379 1184 422 0.000175 0
1011 433 1068 507 0.000175 0
592 402 609 427 0.000173 0
117 64 532 257 0.000173 0
255 64 362 180 0.000172 0
137 64 404 199 0.000172 0
1215 64 1232 102 0.000172 0
993 413 1044 466 0.000171 0
348 78 504 221 0.000171 0
1215 64 1233 106 0.000171 0
958 483 969 517 0.000171 0
925 418 971 462 0.000171 0
1019 319 1070 364 0.000171 0
850 245 878 287 0.000171 0
1151 473 1167 488 0.000171 0
846 423 858 438 0.000170 0
1263 368 1279 408 0.000170 0
988 65 1090 208 0.000170 0
1203 355 1275 407 0.000170 0
943 379 956 404 0.000170 0
751 316 766 339 0.000170 0
1215 472 1224 484 0.000170 0
1263 95 1279 169 0.000170 0
1121 489 1150 507 0.000169 0
0 394 103 601 0.000169 0
703 448 718 470 0.000169 0
766 240 808 318 0.000169 0
149 65 246 214 0.000169 0
1218 421 1233 433 0.000169 0
157 80 210 227 0.000168 0
1061 64 1126 96 0.000169 0
1217 402 1232 424 0.000168 0
31 214 41 236 0.000168 0
1068 408 1085 426 0.000167 0
959 335 968 346 0.000167 0
1199 398 1216 423 0.000167 0
1068 64 1121 71 0.000167 0
799 262 850 347 0.000166 0
223 371 240 409 0.000166 0
1137 407 1152 425 0.000166 0
1054 477 1080 501 0.000165 0
752 309 768 344 0.000165 0
626 198 709 288 0.000165 0
1201 354 1279 462 0.000165 0
102 64 467 277 0.000165 0
667 207 713 235 0.000165 0
714 402 763 462 0.000165 0
1214 64 1233 123 0.000165 0
993 643 1058 703 0.000164 0
848 275 864 338 0.000164 0
1055 459 1073 495 0.000164 0
62 65 166 219 0.000163 0
281 64 489 199 0.000163 0
1239 421 1248 437 0.000163 0
325 64 665 324 0.000162 0
1060 64 1154 128 0.000162 0
1060 64 1085 71 0.000162 0
713 422 727 441 0.000162 0
507 392 531 423 0.000162 0
769 312 794 343 0.000162 0
1210 365 1221 392 0.000162 0
1062 64 1169 166 0.000162 0
1232 64 1279 80 0.000162 0
689 422 703 440 0.000161 0
789 330 811 356 0.000161 0
1025 357 1058 391 0.000161 0
977 323 992 343 0.000161 0
1039 455 1051 471 0.000161 0
62 65 145 213 0.000161 0
95 598 106 625 0.000161 0
909 268 928 314 0.000160 0
1166 457 1189 480 0.000160 0
570 408 625 461 0.000160 0
353 64 506 94 0.000159 0
973 181 993 221 0.000159 0
830 474 842 491 0.000159 0
1175 354 1279 461 0.000159 0
703 407 721 446 0.000159 0
672 305 699 374 0.000159 0
1135 488 1165 503 0.000159 0
354 64 370 86 0.000159 0
320 64 648 374 0.000159 0
566 535 576 566 0.000158 0
848 407 871 426 0.000158 0
232 195 285 261 0.000158 0
960 381 1062 473 0.000158 0
460 170 768 241 0.000158 0
1185 64 1227 105 0.000158 0
1049 363 1066 389 0.000157 0
200 179 235 230 0.000157 0
750 450 771 489 0.000156 0
1045 70 1121 154 0.000156 0
585 390 607 419 0.000156 0
1145 309 1178 343 0.000156 0
1078 407 1088 425 0.000156 0
1028 488 1049 520 0.000155 0
1018 448 1051 471 0.000154 0
705 136 1085 267 0.000154 0
706 411 778 470 0.000154 0
906 471 943 489 0.000154 0
1176 64 1218 126 0.000154 0
328 64 634 227 0.000154 0
132 64 489 208 0.000154 0
1071 338 1080 360 0.000154 0
842 305 865 341 0.000154 0
1232 638 1279 702 0.000154 0
64 64 173 214 0.000153 0
575 419 624 463 0.000153 0
665 182 674 217 0.000153 0
1135 344 1154 359 0.000153 0
109 247 123 298 0.000153 0
751 305 768 345 0.000152 0
543 64 593 208 0.000152 0
672 317 705 376 0.000152 0
1081 696 1095 703 0.000152 0
1087 351 1122 408 0.000151 0
319 64 371 107 0.000151 0
1013 477 1047 523 0.000151 0
385 695 400 703 0.000151 0
674 297 704 376 0.000150 0
0 143 8 203 0.000150 0
993 343 1008 360 0.000150 0
927 406 944 433 0.000150 0
63 64 125 163 0.000149 0
722 403 770 454 0.000149 0
1134 488 1169 511 0.000149 0
415 592 424 616 0.000149 0
255 64 330 169 0.000149 0
1060 64 1117 123 0.000148 0
614 423 644 460 0.000148 0
1221 64 1279 246 0.000148 0
1030 355 1058 390 0.000148 0
1252 367 1279 498 0.000147 0
765 231 839 340 0.000147 0
1266 124 1279 168 0.000147 0
1002 174 1016 216 0.000147 0
1247 424 1261 450 0.000147 0
769 532 781 573 0.000147 0
136 64 471 200 0.000146 0
939 439 964 462 0.000146 0
195 183 246 263 0.000146 0
328 64 677 235 0.000146 0
684 457 704 488 0.000146 0
1160 64 1211 80 0.000146 0
896 536 921 589 0.000145 0
154 84 210 239 0.000145 0
761 410 784 429 0.000145 0
558 412 578 432 0.000145 0
930 375 946 395 0.000145 0
1068 85 1106 166 0.000145 0
1159 501 1168 519 0.000145 0
1187 484 1212 505 0.000144 0
0 171 6 203 0.000144 0
1006 357 1024 386 0.000144 0
707 386 825 472 0.000144 0
1137 400 1153 427 0.000144 0
514 368 624 454 0.000143 0
911 344 929 392 0.000143 0
690 208 703 273 0.000143 0
1215 454 1224 471 0.000143 0
938 340 993 391 0.000143 0
0 151 7 203 0.000142 0
256 65 343 222 0.000142 0
590 406 624 447 0.000142 0
1244 93 1279 178 0.000142 0
303 240 319 297 0.000142 0
946 331 965 360 0.000142 0
67 64 126 160 0.000141 0
1136 391 1152 407 0.000141 0
162 64 261 208 0.000141 0
1155 64 1216 92 0.000140 0
767 226 805 325 0.000140 0
1264 81 1279 168 0.000140 0
367 194 398 233 0.000140 0
1088 413 1119 452 0.000140 0
11 64 77 212 0.000139 0
1127 380 1135 390 0.000139 0
979 336 1088 477 0.000139 0
227 187 251 230 0.000139 0
1026 339 1056 382 0.000139 0
509 317 524 350 0.000138 0
1037 64 1251 288 0.000138 0
414 567 425 616 0.000138 0
541 64 587 223 0.000138 0
0 64 188 262 0.000138 0
666 197 692 231 0.000138 0
1162 78 1196 128 0.000138 0
1032 279 1076 332 0.000138 0
1211 344 1279 481 0.000138 0
869 254 929 348 0.000138 0
682 347 698 372 0.000138 0
0 82 69 224 0.000137 0
1247 422 1253 433 0.000137 0
900 332 927 377 0.000137 0
206 181 228 215 0.000137 0
1163 459 1184 482 0.000137 0
803 354 816 392 0.000137 0
996 175 1011 206 0.000137 0
1169 456 1190 472 0.000137 0
0 261 31 404 0.000136 0
317 64 446 162 0.000136 0
990 395 1072 490 0.000136 0
1020 453 1074 501 0.000136 0
951 484 968 494 0.000136 0
857 272 913 343 0.000135 0
559 583 569 623 0.000135 0
1240 424 1248 440 0.000135 0
1065 438 1121 461 0.000135 0
1082 313 1120 343 0.000135 0
1066 338 1124 407 0.000135 0
1118 64 1196 118 0.000134 0
320 64 371 93 0.000134 0
1033 339 1057 378 0.000134 0
1156 64 1215 90 0.000134 0
1160 64 1216 100 0.000134 0
1025 359 1056 389 0.000134 0
973 450 998 486 0.000134 0
293 180 325 245 0.000134 0
671 524 689 568 0.000134 0
0 97 70 225 0.000133 0
95 601 106 625 0.000133 0
580 403 611 439 0.000133 0
63 65 194 221 0.000133 0
1081 325 1121 361 0.000133 0
735 381 747 394 0.000132 0
766 240 814 318 0.000132 0
1061 64 1106 134 0.000132 0
685 407 704 440 0.000132 0
318 64 447 130 0.000132 0
368 168 401 207 0.000131 0
357 81 501 209 0.000131 0
1135 489 1172 511 0.000131 0
926 430 971 459 0.000131 0
1207 505 1216 517 0.000131 0
1108 428 1120 457 0.000131 0
352 66 507 221 0.000131 0
352 77 501 238 0.000131 0
559 589 571 623 0.000130 0
620 685 672 703 0.000130 0
498 386 622 450 0.000130 0
767 306 804 343 0.000130 0
1072 506 1080 518 0.000129 0
654 329 673 378 0.000129 0
590 360 623 393 0.000129 0
941 374 957 421 0.000129 0
655 341 674 385 0.000129 0
1239 449 1247 464 0.000129 0
857 407 881 423 0.000128 0
107 68 213 224 0.000128 0
1208 390 1279 427 0.000128 0
866 261 914 345 0.000128 0
1054 459 1073 491 0.000127 0
226 188 379 391 0.000126 0
5 77 192 225 0.000126 0
840 391 946 477 0.000126 0
687 535 697 573 0.000126 0
1092 488 1120 531 0.000126 0
17 64 133 214 0.000126 0
65 383 81 400 0.000126 0
541 64 587 198 0.000126 0
1110 350 1118 362 0.000126 0
0 270 33 417 0.000126 0
514 393 540 408 0.000126 0
1163 74 1193 99 0.000126 0
968 187 992 221 0.000126 0
1163 64 1214 85 0.000125 0
1053 487 1079 518 0.000125 0
633 238 656 289 0.000125 0
188 180 222 227 0.000125 0
510 533 525 569 0.000125 0
333 204 354 235 0.000125 0
1175 424 1184 440 0.000124 0
1263 367 1279 426 0.000124 0
862 275 913 344 0.000124 0
678 350 693 372 0.000123 0
641 353 658 386 0.000123 0
1116 64 1218 140 0.000123 0
878 340 992 445 0.000123 0
105 64 213 212 0.000123 0
1231 642 1264 703 0.000123 0
1102 490 1120 513 0.000123 0
598 405 624 439 0.000122 0
351 64 441 129 0.000122 0
959 504 976 520 0.000122 0
1064 64 1131 88 0.000122 0
155 69 271 243 0.000122 0
64 64 211 214 0.000122 0
255 65 331 189 0.000122 0
330 64 670 205 0.000121 0
1187 383 1216 423 0.000121 0
1035 370 1058 391 0.000121 0
983 642 1058 703 0.000121 0
1143 390 1166 409 0.000121 0
772 74 886 202 0.000121 0
0 249 36 398 0.000121 0
927 372 946 405 0.000120 0
587 358 617 420 0.000120 0
1214 64 1233 78 0.000120 0
654 449 674 472 0.000120 0
567 395 594 440 0.000120 0
663 297 702 375 0.000120 0
576 361 626 439 0.000120 0
543 64 590 193 0.000119 0
753 336 817 392 0.000119 0
762 276 848 347 0.000119 0
1072 465 1080 486 0.000119 0
843 426 897 495 0.000119 0
1040 325 1067 360 0.000119 0
105 241 130 300 0.000119 0
777 333 784 343 0.000119 0
576 372 591 393 0.000118 0
576 361 592 392 0.000118 0
16 64 127 209 0.000118 0
331 64 691 212 0.000118 0
831 476 844 512 0.000118 0
132 64 496 231 0.000118 0
915 373 930 407 0.000118 0
759 214 769 232 0.000118 0
1231 350 1264 378 0.000118 0
1016 375 1036 391 0.000117 0
1149 72 1194 132 0.000117 0
838 394 945 462 0.000117 0
172 64 258 177 0.000117 0
659 288 682 363 0.000117 0
752 64 868 165 0.000117 0
51 64 128 201 0.000117 0
637 203 680 233 0.000117 0
752 66 869 174 0.000117 0
622 288 684 358 0.000117 0
913 169 928 181 0.000116 0
256 64 324 156 0.000116 0
350 415 368 471 0.000116 0
490 394 628 459 0.000116 0
1175 371 1206 393 0.000116 0
1155 64 1212 82 0.000115 0
115 64 261 188 0.000115 0
734 425 952 482 0.000115 0
327 64 634 201 0.000114 0
846 286 863 336 0.000114 0
520 198 545 249 0.000114 0
1047 543 1056 564 0.000114 0
1143 66 1279 251 0.000114 0
1078 482 1239 511 0.000114 0
968 380 1079 482 0.000113 0
820 395 832 409 0.000113 0
431 570 441 617 0.000113 0
754 68 873 197 0.000113 0
808 686 816 703 0.000113 0
1143 64 1214 81 0.000113 0
303 523 313 549 0.000112 0
1031 542 1040 579 0.000112 0
0 64 118 215 0.000112 0
370 188 401 234 0.000112 0
1149 132 1226 225 0.000112 0
948 64 1253 287 0.000112 0
1239 687 1249 699 0.000112 0
1152 343 1200 394 0.000111 0
3 64 126 186 0.000111 0
383 419 400 471 0.000111 0
1109 395 1122 408 0.000111 0
655 291 702 377 0.000110 0
292 175 312 196 0.000110 0
261 194 298 246 0.000110 0
844 285 908 343 0.000110 0
750 533 768 574 0.000110 0
764 243 813 346 0.000109 0
4 64 126 205 0.000109 0
542 64 649 217 0.000109 0
1246 412 1254 425 0.000109 0
751 344 789 392 0.000109 0
736 533 752 571 0.000109 0
930 343 943 359 0.000109 0
446 579 457 617 0.000109 0
819 282 849 340 0.000109 0
256 64 340 166 0.000109 0
653 64 954 254 0.000109 0
354 64 371 74 0.000108 0
229 200 249 235 0.000108 0
767 313 777 338 0.000108 0
1164 75 1191 98 0.000108 0
734 383 748 400 0.000108 0
1165 64 1217 81 0.000108 0
8 64 131 211 0.000108 0
1169 64 1218 90 0.000108 0
575 361 623 441 0.000107 0
1023 326 1089 419 0.000107 0
103 244 135 301 0.000107 0
1008 470 1016 479 0.000107 0
747 238 804 312 0.000106 0
0 104 66 232 0.000106 0
914 406 931 423 0.000106 0
1151 405 1169 442 0.000106 0
850 393 865 409 0.000106 0
0 135 18 301 0.000106 0
1166 64 1237 78 0.000106 0
1046 538 1056 567 0.000106 0
1074 685 1092 703 0.000106 0
751 542 769 578 0.000105 0
967 346 995 388 0.000105 0
748 403 769 426 0.000105 0
733 445 757 505 0.000104 0
751 456 768 487 0.000104 0
1204 64 1233 130 0.000104 0
319 239 337 354 0.000104 0
660 503 688 569 0.000104 0
880 513 888 520 0.000104 0
1162 64 1219 134 0.000104 0
270 236 290 295 0.000104 0
1057 64 1272 188 0.000104 0
750 343 786 392 0.000104 0
1051 380 1078 408 0.000104 0
275 213 295 251 0.000103 0
1137 485 1180 508 0.000103 0
782 326 848 362 0.000103 0
253 221 290 265 0.000103 0
786 404 801 420 0.000103 0
1205 512 1216 535 0.000103 0
849 443 939 491 0.000103 0
111 391 130 416 0.000102 0
258 212 292 295 0.000102 0
910 350 929 392 0.000101 0
0 225 22 344 0.000101 0
880 407 890 425 0.000101 0
467 198 487 224 0.000101 0
783 391 801 423 0.000100 0
756 233 806 286 0.812973 1
961 217 1006 265 0.449952 1
960 218 996 265 0.365692 1
961 218 1009 265 0.287971 1
757 236 806 285 0.164246 1
961 218 991 264 0.157936 1
959 221 1002 265 0.119920 1
960 221 1009 263 0.039960 1
959 216 1029 264 0.024007 1
979 221 1006 253 0.022880 1
925 205 947 253 0.020039 1
971 221 996 256 0.019758 1
757 234 801 286 0.019507 1
762 235 807 284 0.017299 1
979 220 1003 253 0.017134 1
756 234 796 286 0.015160 1
756 233 788 285 0.013590 1
760 238 806 281 0.011854 1
765 240 806 281 0.011738 1
960 219 984 262 0.011296 1
962 218 984 261 0.011043 1
960 229 978 264 0.010437 1
990 221 1008 251 0.008505 1
993 220 1008 251 0.007703 1
759 241 807 287 0.007593 1
756 236 783 285 0.006576 1
991 222 1008 251 0.006544 1
785 241 806 281 0.005096 1
787 240 806 280 0.004988 1
756 239 780 286 0.004933 1
975 223 1010 262 0.004334 1
952 225 980 255 0.003984 1
756 241 792 286 0.003657 1
950 273 960 292 0.003247 1
763 232 804 284 0.002989 1
961 217 982 256 0.002915 1
864 239 922 289 0.002899 1
950 272 960 294 0.002816 1
755 232 785 283 0.002746 1
925 272 960 295 0.002746 1
975 205 1000 254 0.002724 1
756 245 779 286 0.002710 1
789 238 807 280 0.002708 1
926 241 942 253 0.002561 1
756 241 806 286 0.002479 1
864 239 926 295 0.002472 1
866 248 896 286 0.002440 1
864 244 925 293 0.002360 1
788 241 807 281 0.002204 1
959 215 1037 266 0.002193 1
865 245 920 288 0.002188 1
782 237 805 278 0.002154 1
756 243 777 286 0.002039 1
904 207 1013 258 0.002032 1
867 246 929 296 0.001934 1
925 272 961 301 0.001890 1
868 239 925 295 0.001857 1
950 273 960 296 0.001826 1
1016 314 1088 343 0.001815 1
930 242 944 253 0.001791 1
894 264 922 296 0.001761 1
866 246 897 284 0.001758 1
929 272 960 297 0.001749 1
894 264 927 296 0.001712 1
993 208 1010 251 0.001664 1
889 247 924 293 0.001658 1
952 246 961 254 0.001642 1
951 218 976 257 0.001592 1
1015 317 1084 343 0.001533 1
1144 311 1168 343 0.001511 1
895 265 916 292 0.001456 1
952 230 978 263 0.001442 1
19 225 74 256 0.001433 1
918 211 995 260 0.001433 1
1143 322 1168 343 0.001366 1
868 261 894 286 0.001353 1
864 236 922 286 0.001346 1
753 239 781 283 0.001312 1
807 258 829 282 0.001309 1
865 239 896 283 0.001307 1
861 223 916 284 0.001251 1
19 230 73 258 0.001240 1
18 230 77 260 0.001213 1
1006 228 1024 251 0.001213 1
1145 320 1168 343 0.001188 1
1016 317 1060 341 0.001160 1
871 259 911 287 0.001143 1
760 234 786 282 0.001098 1
925 205 961 254 0.001096 1
22 234 74 258 0.001078 1
890 248 926 295 0.001066 1
26 226 74 255 0.001065 1
18 224 70 257 0.001041 1
47 236 73 255 0.001037 1
867 264 889 285 0.001011 1
924 271 947 293 0.000968 1
1016 318 1060 344 0.000963 1
1125 325 1166 343 0.000963 1
908 269 927 296 0.000959 1
690 220 703 238 0.000951 1
800 256 821 281 0.000920 1
909 268 928 295 0.000902 1
807 255 820 279 0.000899 1
763 241 806 290 0.000891 1
873 471 897 487 0.000884 1
1143 320 1167 342 0.000883 1
44 227 88 256 0.000867 1
25 221 70 255 0.000855 1
796 253 819 280 0.000845 1
949 273 961 293 0.000836 1
21 218 65 257 0.000818 1
976 227 1011 263 0.000812 1
895 266 908 290 0.000810 1
770 232 788 275 0.000809 1
925 273 962 306 0.000800 1
1119 315 1168 344 0.000782 1
1113 323 1171 344 0.000766 1
927 273 944 294 0.000763 1
37 235 73 255 0.000761 1
1037 321 1084 339 0.000754 1
45 233 103 259 0.000729 1
961 197 1005 262 0.000706 1
46 235 82 258 0.000689 1
947 272 961 303 0.000671 1
924 270 944 294 0.000667 1
895 265 907 287 0.000654 1
137 236 192 263 0.000651 1
40 223 74 255 0.000650 1
945 273 961 301 0.000628 1
792 235 808 269 0.000626 1
768 226 804 282 0.000593 1
894 263 910 288 0.000584 1
43 234 108 264 0.000582 1
926 277 962 311 0.000577 1
854 228 880 282 0.000571 1
896 247 929 296 0.000568 1
866 238 919 286 0.000568 1
959 222 1015 272 0.000563 1
823 263 833 282 0.000562 1
959 222 995 270 0.000561 1
876 269 893 287 0.000553 1
104 248 133 264 0.000551 1
871 262 974 299 0.000536 1
927 274 947 299 0.000535 1
796 253 829 282 0.000530 1
917 243 1028 308 0.000527 1
917 207 943 252 0.000524 1
911 270 928 296 0.000518 1
859 262 889 285 0.000515 1
1026 319 1058 335 0.000513 1
1034 318 1063 336 0.000504 1
812 264 822 282 0.000492 1
147 237 192 263 0.000473 1
919 272 945 304 0.000457 1
657 206 811 286 0.000453 1
941 243 959 254 0.000447 1
1016 320 1085 346 0.000445 1
884 266 907 288 0.000443 1
924 203 977 256 0.000438 1
1025 306 1062 334 0.000437 1
909 271 926 296 0.000435 1
948 263 971 297 0.000423 1
1036 321 1056 336 0.000410 1
917 245 979 296 0.000408 1
867 266 885 291 0.000399 1
860 200 994 298 0.000390 1
1028 304 1061 333 0.000384 1
895 255 957 295 0.000378 1
8 230 78 282 0.000364 1
949 272 967 298 0.000359 1
895 266 913 297 0.000354 1
16 224 82 259 0.000347 1
630 224 809 288 0.000343 1
22 216 43 251 0.000332 1
825 265 833 283 0.000330 1
0 234 42 258 0.000329 1
858 212 894 282 0.000324 1
863 199 1003 296 0.000323 1
49 224 89 248 0.000322 1
878 208 998 276 0.000318 1
942 202 1068 265 0.000308 1
48 226 94 257 0.000308 1
752 251 769 283 0.000303 1
754 244 778 283 0.000302 1
914 222 945 253 0.000296 1
928 240 1039 308 0.000290 1
852 230 924 323 0.000276 1
15 219 43 252 0.000274 1
882 239 924 295 0.000268 1
870 237 928 288 0.000257 1
18 224 102 259 0.000255 1
32 235 88 270 0.000250 1
942 238 1040 305 0.000247 1
753 229 828 284 0.000247 1
936 238 976 293 0.000245 1
58 225 102 258 0.000235 1
191 209 244 265 0.000234 1
959 221 992 274 0.000231 1
925 280 944 312 0.000231 1
106 233 158 264 0.000228 1
889 270 969 310 0.000219 1
863 179 974 296 0.000218 1
748 233 782 283 0.000217 1
855 264 888 297 0.000211 1
947 272 969 301 0.000201 1
976 281 1088 343 0.000200 1
924 275 1149 339 0.000199 1
192 225 244 264 0.000195 1
849 211 924 295 0.000190 1
65 223 97 239 0.000188 1
912 257 963 294 0.000187 1
1016 286 1061 342 0.000186 1
1040 279 1057 299 0.000183 1
927 284 953 312 0.000181 1
778 242 825 292 0.000180 1
889 208 940 251 0.000177 1
1034 278 1057 296 0.000175 1
910 203 934 249 0.000175 1
631 238 655 290 0.000167 1
813 262 833 287 0.000165 1
857 238 928 343 0.000163 1
796 237 858 283 0.000158 1
192 203 242 264 0.000157 1
18 224 109 260 0.000153 1
710 195 809 285 0.000152 1
1014 316 1089 394 0.000149 1
872 268 915 298 0.000148 1
925 278 964 313 0.000148 1
864 194 980 286 0.000143 1
760 226 788 273 0.000142 1
157 237 192 263 0.000140 1
884 223 956 299 0.000139 1
791 236 819 281 0.000138 1
763 219 780 237 0.000137 1
800 258 825 289 0.000135 1
856 239 957 342 0.000133 1
85 221 97 236 0.000132 1
761 222 769 232 0.000129 1
959 221 1027 288 0.000128 1
752 228 858 286 0.000127 1
870 271 904 297 0.000124 1
1011 317 1088 384 0.000124 1
874 225 951 289 0.000117 1
1023 278 1061 335 0.000114 1
1135 298 1170 342 0.000108 1
959 234 978 271 0.000105 1
116 217 191 259 0.000103 1
108 211 162 256 0.000100 1
691 205 728 235 0.154094 2
0 392 16 410 0.053568 2
630 373 658 395 0.051344 2
484 199 516 217 0.047646 2
631 375 658 395 0.033880 2
692 203 728 234 0.033694 2
486 198 515 216 0.032887 2
693 208 728 235 0.030821 2
487 199 514 217 0.030326 2
304 185 323 198 0.027276 2
1059 213 1122 246 0.023765 2
483 198 516 217 0.022218 2
609 203 633 215 0.020648 2
305 188 320 198 0.020627 2
1113 219 1134 232 0.018795 2
531 207 545 218 0.017623 2
455 408 517 446 0.017371 2
1061 211 1124 246 0.015691 2
319 204 332 231 0.015663 2
461 409 520 446 0.014565 2
0 392 22 422 0.013922 2
1113 218 1135 231 0.013430 2
453 408 505 444 0.013009 2
1113 219 1135 232 0.013002 2
821 329 848 344 0.012579 2
822 329 848 343 0.012446 2
702 210 728 234 0.012422 2
607 201 634 215 0.012136 2
1113 219 1133 233 0.011778 2
0 392 17 417 0.011688 2
694 201 729 234 0.011636 2
458 407 514 444 0.011634 2
1263 248 1279 270 0.011285 2
631 376 659 396 0.011159 2
454 417 517 448 0.011071 2
1104 487 1120 496 0.011011 2
825 329 848 343 0.010462 2
1104 488 1121 497 0.010184 2
1005 204 1025 227 0.009958 2
707 210 728 234 0.009854 2
1008 196 1047 228 0.009722 2
158 416 167 423 0.009415 2
598 199 638 215 0.009336 2
632 373 661 395 0.008578 2
1058 213 1096 244 0.008403 2
692 199 730 234 0.008333 2
1008 197 1042 225 0.007923 2
460 420 520 447 0.007782 2
1058 213 1096 242 0.007699 2
0 392 30 423 0.007516 2
1208 254 1226 267 0.007499 2
530 198 554 218 0.007337 2
1005 197 1038 227 0.007324 2
462 408 515 444 0.007201 2
0 393 25 423 0.007170 2
533 204 546 218 0.007146 2
319 203 335 231 0.007004 2
111 412 131 426 0.006604 2
529 204 543 217 0.006345 2
1113 217 1136 231 0.006269 2
589 189 636 215 0.005962 2
441 423 464 444 0.005704 2
111 412 135 426 0.005703 2
1064 214 1122 247 0.005656 2
691 199 734 235 0.005514 2
1116 488 1136 499 0.005504 2
109 400 180 426 0.005318 2
667 454 688 464 0.005277 2
450 408 509 444 0.005187 2
1202 255 1225 267 0.005115 2
1066 213 1096 236 0.005097 2
1262 228 1279 269 0.005053 2
1263 250 1279 270 0.004989 2
575 430 592 458 0.004937 2
481 182 516 217 0.004736 2
431 423 463 443 0.004703 2
1262 243 1279 270 0.004653 2
535 202 553 218 0.004640 2
175 401 194 416 0.004538 2
1263 366 1279 374 0.004477 2
874 198 954 244 0.004447 2
431 424 460 442 0.004421 2
592 423 609 434 0.004323 2
1066 214 1100 234 0.004221 2
495 425 515 447 0.004151 2
430 422 464 444 0.004150 2
1007 213 1025 229 0.004137 2
1109 487 1136 497 0.004117 2
630 368 659 395 0.003939 2
1075 209 1135 247 0.003705 2
511 435 528 448 0.003696 2
449 423 464 444 0.003692 2
531 201 556 218 0.003580 2
591 424 608 433 0.003578 2
463 422 498 448 0.003569 2
305 184 336 199 0.003569 2
1095 220 1120 246 0.003556 2
648 455 656 461 0.003474 2
1206 254 1239 268 0.003424 2
502 433 528 448 0.003395 2
831 480 840 486 0.003372 2
1206 242 1279 268 0.003362 2
466 420 523 444 0.003323 2
431 421 460 442 0.003303 2
1102 487 1137 505 0.003294 2
483 190 521 217 0.003266 2
493 425 529 448 0.003259 2
637 373 661 394 0.003249 2
1120 64 1152 77 0.003227 2
111 403 149 426 0.003206 2
1103 488 1131 504 0.003162 2
1247 344 1264 358 0.003135 2
1070 214 1095 242 0.003116 2
1008 199 1035 227 0.003109 2
466 408 518 443 0.003093 2
111 402 173 425 0.003052 2
124 399 183 424 0.003043 2
175 402 199 417 0.002980 2
821 329 848 345 0.002976 2
1263 346 1279 371 0.002963 2
1112 219 1135 243 0.002946 2
208 398 223 409 0.002927 2
880 199 924 242 0.002926 2
879 199 904 242 0.002921 2
1262 347 1279 367 0.002904 2
1062 210 1191 247 0.002895 2
483 188 519 217 0.002867 2
55 402 142 425 0.002785 2
110 410 143 426 0.002684 2
550 200 563 216 0.002683 2
1199 258 1212 265 0.002669 2
0 396 48 423 0.002636 2
1056 215 1092 243 0.002626 2
451 423 466 442 0.002615 2
1008 194 1049 227 0.002613 2
1101 225 1120 247 0.002601 2
510 423 571 439 0.002566 2
655 452 666 462 0.002543 2
101 398 183 426 0.002530 2
459 421 497 448 0.002516 2
1184 275 1217 285 0.002477 2
483 421 539 449 0.002440 2
498 434 513 447 0.002439 2
1206 256 1226 273 0.002396 2
549 202 561 216 0.002390 2
181 393 223 417 0.002377 2
449 420 499 445 0.002366 2
429 407 506 444 0.002356 2
1103 488 1121 504 0.002325 2
574 429 592 452 0.002243 2
505 423 583 441 0.002225 2
1008 213 1024 229 0.002217 2
117 403 173 424 0.002209 2
877 199 954 248 0.002174 2
509 424 537 446 0.002157 2
175 400 194 416 0.002152 2
1185 276 1213 286 0.002139 2
1221 503 1232 511 0.002107 2
1008 204 1041 229 0.002097 2
876 202 906 244 0.002055 2
878 198 916 230 0.002054 2
1203 248 1274 268 0.002052 2
1070 215 1100 234 0.002048 2
504 326 512 335 0.002021 2
495 239 529 251 0.002017 2
874 198 916 236 0.002006 2
448 426 462 445 0.001994 2
511 424 543 439 0.001977 2
1101 221 1121 248 0.001975 2
1201 229 1273 267 0.001961 2
671 433 679 440 0.001950 2
563 201 577 215 0.001942 2
1263 366 1279 375 0.001940 2
125 394 213 423 0.001875 2
191 392 222 409 0.001869 2
1065 212 1126 240 0.001841 2
697 200 740 234 0.001835 2
191 393 212 409 0.001827 2
494 427 518 448 0.001813 2
1255 344 1279 364 0.001812 2
1008 194 1043 224 0.001809 2
192 394 223 410 0.001805 2
848 465 865 479 0.001800 2
496 238 531 251 0.001768 2
176 393 222 417 0.001767 2
150 416 168 424 0.001758 2
208 397 223 420 0.001755 2
1260 210 1279 259 0.001747 2
1029 322 1088 341 0.001726 2
607 447 624 467 0.001690 2
1223 246 1278 268 0.001681 2
1070 206 1132 242 0.001667 2
1263 347 1279 366 0.001666 2
0 393 48 423 0.001606 2
175 393 216 417 0.001500 2
654 449 692 463 0.001495 2
1032 321 1087 340 0.001473 2
700 199 742 224 0.001466 2
654 449 677 463 0.001460 2
714 198 729 215 0.001445 2
528 424 550 435 0.001443 2
1057 213 1090 235 0.001442 2
703 202 745 235 0.001441 2
671 423 688 439 0.001431 2
294 177 311 198 0.001411 2
0 399 48 423 0.001403 2
671 424 689 440 0.001386 2
878 203 904 242 0.001385 2
175 394 219 418 0.001382 2
1023 207 1045 229 0.001366 2
572 424 612 457 0.001349 2
1243 246 1279 269 0.001322 2
1248 344 1266 358 0.001304 2
295 199 332 235 0.001295 2
877 200 905 240 0.001289 2
1205 255 1236 275 0.001285 2
274 183 294 191 0.001276 2
34 401 159 426 0.001276 2
1185 275 1231 287 0.001262 2
896 198 954 247 0.001256 2
127 398 179 423 0.001246 2
1006 220 1024 229 0.001226 2
455 203 465 218 0.001185 2
1098 208 1136 232 0.001185 2
589 204 611 215 0.001181 2
819 329 848 345 0.001172 2
549 186 579 215 0.001164 2
1259 212 1276 233 0.001147 2
42 402 147 426 0.001145 2
523 425 592 454 0.001136 2
892 476 910 487 0.001131 2
1056 217 1069 232 0.001116 2
1168 382 1178 392 0.001111 2
1119 64 1147 76 0.001108 2
1185 256 1230 287 0.001106 2
594 448 608 455 0.001098 2
514 423 591 454 0.001096 2
654 447 698 463 0.001085 2
329 199 388 230 0.001082 2
957 482 969 488 0.001042 2
694 193 806 236 0.001042 2
169 394 224 425 0.001033 2
1192 229 1262 267 0.001023 2
1093 208 1138 232 0.001022 2
1188 275 1232 288 0.001018 2
1121 64 1152 78 0.001015 2
546 425 579 435 0.001013 2
412 406 510 445 0.001012 2
448 424 464 446 0.001010 2
1184 262 1232 286 0.001003 2
1185 274 1209 284 0.001002 2
294 176 307 196 0.000988 2
1055 326 1088 339 0.000968 2
524 192 556 217 0.000966 2
672 423 689 438 0.000964 2
1005 189 1129 247 0.000963 2
1112 216 1183 244 0.000962 2
1248 345 1274 359 0.000951 2
412 406 507 441 0.000950 2
1247 345 1264 359 0.000943 2
951 481 969 487 0.000943 2
1237 344 1253 354 0.000942 2
0 393 61 424 0.000935 2
1165 502 1177 510 0.000930 2
551 201 573 216 0.000926 2
1144 322 1169 344 0.000913 2
1140 323 1168 344 0.000912 2
636 454 656 462 0.000909 2
643 438 703 464 0.000887 2
474 191 506 217 0.000887 2
1182 274 1217 285 0.000880 2
1071 327 1088 338 0.000875 2
539 424 583 438 0.000873 2
815 472 826 478 0.000870 2
1161 235 1176 249 0.000870 2
296 200 332 232 0.000870 2
161 393 223 425 0.000867 2
1064 196 1133 243 0.000864 2
1210 503 1225 512 0.000863 2
1183 329 1200 340 0.000860 2
806 203 859 240 0.000857 2
877 200 912 244 0.000855 2
540 427 589 439 0.000849 2
750 437 835 474 0.000847 2
453 407 505 428 0.000841 2
1200 244 1280 290 0.000840 2
626 206 638 237 0.000836 2
208 396 224 423 0.000827 2
501 423 586 451 0.000818 2
527 425 591 455 0.000813 2
1231 504 1245 511 0.000811 2
660 374 671 386 0.000809 2
511 424 587 439 0.000808 2
826 504 832 510 0.000808 2
459 407 506 434 0.000807 2
703 439 720 469 0.000805 2
751 437 800 458 0.000804 2
1167 263 1185 269 0.000803 2
1263 344 1279 366 0.000799 2
155 401 211 425 0.000795 2
918 198 955 227 0.000773 2
146 401 196 424 0.000771 2
447 421 497 448 0.000769 2
469 408 505 421 0.000765 2
328 198 387 233 0.000765 2
4 399 70 423 0.000765 2
774 459 798 473 0.000763 2
480 191 539 217 0.000759 2
1103 487 1125 497 0.000746 2
690 214 727 236 0.000745 2
1262 168 1279 181 0.000743 2
607 448 624 470 0.000731 2
879 472 896 487 0.000729 2
1205 245 1279 289 0.000715 2
485 409 530 443 0.000715 2
630 455 640 461 0.000715 2
688 454 703 468 0.000715 2
431 423 464 446 0.000708 2
62 254 90 264 0.000707 2
1029 321 1088 345 0.000702 2
574 425 610 459 0.000700 2
497 234 539 252 0.000694 2
1195 472 1216 484 0.000693 2
624 373 659 395 0.000691 2
47 397 146 425 0.000690 2
599 464 608 470 0.000686 2
496 422 585 448 0.000682 2
1183 328 1200 339 0.000682 2
701 205 737 235 0.000670 2
927 199 954 209 0.000668 2
1032 324 1088 345 0.000664 2
1070 207 1097 235 0.000663 2
680 384 688 394 0.000657 2
655 427 665 439 0.000649 2
690 460 704 470 0.000639 2
1202 256 1228 284 0.000627 2
168 401 212 424 0.000626 2
823 328 865 344 0.000626 2
511 338 521 350 0.000620 2
1195 276 1232 290 0.000618 2
1259 199 1279 236 0.000600 2
522 426 589 439 0.000597 2
1003 512 1016 520 0.000595 2
496 238 544 253 0.000594 2
1 238 326 393 0.000590 2
479 408 515 424 0.000590 2
62 255 89 264 0.000583 2
322 200 354 233 0.000583 2
325 201 354 234 0.000582 2
0 254 324 396 0.000582 2
111 399 140 425 0.000579 2
1183 255 1280 291 0.000579 2
1101 487 1138 509 0.000571 2
866 199 1008 253 0.000571 2
1143 502 1166 511 0.000570 2
691 196 728 233 0.000567 2
46 393 113 424 0.000567 2
375 417 465 441 0.000561 2
1200 254 1279 292 0.000557 2
500 235 542 253 0.000544 2
244 408 264 424 0.000541 2
463 407 507 427 0.000541 2
529 426 592 456 0.000539 2
1030 314 1093 339 0.000538 2
464 407 505 424 0.000535 2
1246 247 1279 271 0.000526 2
503 312 512 336 0.000525 2
110 408 145 430 0.000523 2
652 436 703 466 0.000521 2
453 203 465 222 0.000521 2
1156 471 1230 490 0.000520 2
412 406 508 429 0.000517 2
291 175 320 199 0.000517 2
497 231 543 253 0.000514 2
1034 317 1076 337 0.000514 2
496 236 542 251 0.000514 2
591 423 613 451 0.000512 2
822 327 867 344 0.000512 2
902 198 955 231 0.000511 2
270 455 294 466 0.000508 2
47 394 85 424 0.000503 2
1202 252 1254 274 0.000502 2
1166 270 1197 283 0.000502 2
1064 202 1098 241 0.000501 2
625 374 644 387 0.000496 2
1067 201 1123 237 0.000491 2
1199 472 1216 484 0.000490 2
954 481 976 488 0.000485 2
554 201 589 216 0.000485 2
1183 274 1200 284 0.000484 2
669 384 681 393 0.000478 2
367 417 400 474 0.000476 2
876 204 905 244 0.000475 2
699 202 771 235 0.000474 2
1111 471 1121 478 0.000473 2
303 199 388 234 0.000473 2
1161 471 1226 489 0.000471 2
1150 471 1165 479 0.000470 2
359 409 367 415 0.000470 2
735 440 759 460 0.000470 2
483 189 498 207 0.000469 2
351 199 386 231 0.000469 2
165 398 219 424 0.000466 2
1140 503 1163 511 0.000462 2
1163 471 1217 483 0.000460 2
1027 310 1126 339 0.000446 2
104 237 156 264 0.000444 2
999 204 1008 222 0.000443 2
415 406 500 443 0.000441 2
1027 311 1113 339 0.000440 2
656 431 680 440 0.000434 2
0 393 94 423 0.000429 2
599 319 608 328 0.000429 2
894 475 918 487 0.000427 2
1175 471 1215 483 0.000426 2
47 400 115 424 0.000424 2
667 420 703 441 0.000421 2
1060 210 1196 251 0.000419 2
1202 251 1280 294 0.000419 2
597 450 609 462 0.000419 2
1176 272 1280 292 0.000417 2
1077 328 1113 344 0.000416 2
821 329 848 351 0.000414 2
1192 253 1235 288 0.000411 2
1247 344 1280 375 0.000411 2
0 234 290 394 0.000411 2
1069 196 1091 212 0.000411 2
1164 497 1180 505 0.000411 2
1072 325 1119 344 0.000409 2
30 394 87 424 0.000403 2
387 417 463 443 0.000402 2
658 374 692 386 0.000401 2
998 509 1017 521 0.000399 2
1212 495 1224 504 0.000398 2
1167 262 1186 273 0.000396 2
1262 168 1279 208 0.000396 2
501 402 581 441 0.000392 2
155 394 225 445 0.000389 2
870 177 939 200 0.000387 2
368 453 402 471 0.000384 2
1262 359 1279 401 0.000383 2
1074 195 1092 210 0.000383 2
817 326 848 343 0.000382 2
672 464 682 471 0.000381 2
172 392 215 417 0.000379 2
904 199 939 249 0.000377 2
45 401 71 424 0.000374 2
1 283 24 295 0.000374 2
638 423 651 435 0.000374 2
681 454 703 471 0.000373 2
1119 64 1145 77 0.000373 2
865 188 908 241 0.000370 2
647 438 703 464 0.000369 2
5 233 193 273 0.000367 2
347 197 388 231 0.000367 2
547 199 631 218 0.000367 2
0 280 7 293 0.000367 2
151 393 224 448 0.000366 2
273 179 312 198 0.000365 2
310 197 333 232 0.000365 2
204 393 223 409 0.000364 2
735 438 764 460 0.000362 2
111 412 142 430 0.000361 2
0 253 258 402 0.000360 2
496 239 532 253 0.000357 2
447 195 466 222 0.000353 2
62 391 80 401 0.000352 2
452 305 518 346 0.000349 2
150 392 218 417 0.000348 2
1015 319 1042 343 0.000348 2
865 215 881 243 0.000348 2
35 253 93 283 0.000347 2
495 228 536 251 0.000345 2
0 253 24 295 0.000342 2
1096 207 1137 232 0.000340 2
623 324 665 374 0.000337 2
378 453 408 471 0.000336 2
1212 252 1280 296 0.000335 2
390 422 399 437 0.000333 2
1015 319 1047 343 0.000333 2
239 407 265 425 0.000332 2
629 366 640 383 0.000331 2
266 454 296 466 0.000323 2
1179 472 1217 488 0.000323 2
44 392 80 403 0.000322 2
601 323 663 380 0.000321 2
628 371 699 398 0.000320 2
722 200 771 234 0.000320 2
604 174 636 197 0.000319 2
502 409 526 426 0.000317 2
47 399 77 424 0.000317 2
680 209 694 232 0.000317 2
1263 64 1279 83 0.000316 2
1 232 210 328 0.000316 2
1060 211 1120 259 0.000314 2
47 391 81 403 0.000314 2
1263 169 1279 182 0.000314 2
246 407 264 420 0.000312 2
452 308 515 346 0.000310 2
541 428 593 456 0.000308 2
528 188 554 216 0.000307 2
503 406 587 440 0.000306 2
820 329 848 355 0.000304 2
367 416 391 473 0.000302 2
719 330 738 369 0.000301 2
605 449 641 467 0.000300 2
105 248 146 264 0.000299 2
47 408 64 423 0.000299 2
4 400 69 424 0.000297 2
483 200 517 223 0.000296 2
1039 311 1132 344 0.000296 2
1189 366 1274 412 0.000295 2
444 177 496 217 0.000295 2
371 417 457 439 0.000294 2
670 386 681 398 0.000293 2
1262 168 1279 240 0.000292 2
316 201 334 250 0.000291 2
333 199 364 230 0.000290 2
0 282 23 295 0.000290 2
719 316 746 377 0.000290 2
179 407 267 448 0.000288 2
684 445 703 465 0.000287 2
1002 198 1071 255 0.000285 2
1225 161 1279 181 0.000285 2
272 185 279 197 0.000284 2
774 460 800 474 0.000284 2
868 176 940 198 0.000282 2
470 191 481 210 0.000279 2
16 392 85 404 0.000278 2
235 407 264 423 0.000278 2
669 374 696 386 0.000277 2
0 231 201 340 0.000276 2
372 417 461 440 0.000275 2
207 487 223 500 0.000275 2
1215 343 1272 358 0.000273 2
415 407 468 442 0.000272 2
680 385 688 397 0.000272 2
149 396 221 446 0.000270 2
391 425 400 438 0.000267 2
544 373 705 457 0.000264 2
348 198 387 225 0.000260 2
304 186 327 202 0.000260 2
415 407 453 423 0.000258 2
647 418 703 465 0.000258 2
627 372 701 400 0.000258 2
650 212 671 229 0.000258 2
210 489 224 498 0.000258 2
291 197 342 240 0.000255 2
733 201 771 233 0.000254 2
1227 344 1277 366 0.000253 2
532 202 555 221 0.000252 2
527 429 589 454 0.000252 2
1094 488 1111 504 0.000251 2
819 329 848 357 0.000249 2
632 372 677 399 0.000248 2
223 388 240 408 0.000248 2
1170 275 1235 311 0.000247 2
913 180 943 201 0.000246 2
1094 443 1121 470 0.000244 2
1239 249 1279 295 0.000243 2
660 378 673 392 0.000243 2
957 432 993 458 0.000243 2
1263 364 1279 401 0.000243 2
272 391 287 399 0.000243 2
959 510 969 519 0.000242 2
1043 198 1068 233 0.000241 2
605 201 637 234 0.000241 2
633 411 703 463 0.000239 2
447 186 485 218 0.000239 2
684 375 695 384 0.000238 2
1199 258 1215 271 0.000238 2
866 176 940 202 0.000237 2
624 325 664 366 0.000237 2
414 406 495 424 0.000236 2
369 419 400 454 0.000235 2
207 397 224 443 0.000233 2
1069 329 1088 345 0.000232 2
622 324 662 374 0.000231 2
1101 195 1121 209 0.000231 2
1189 371 1272 420 0.000231 2
208 407 264 428 0.000230 2
7 248 68 285 0.000230 2
992 555 1009 567 0.000230 2
828 286 848 299 0.000229 2
623 312 672 367 0.000228 2
19 200 36 206 0.000227 2
1033 308 1151 336 0.000225 2
499 395 613 446 0.000225 2
159 239 192 262 0.000224 2
1044 279 1101 296 0.000224 2
1264 321 1279 361 0.000223 2
169 407 269 448 0.000223 2
1119 64 1173 78 0.000222 2
223 392 240 408 0.000222 2
694 215 730 237 0.000221 2
875 200 914 244 0.000221 2
1045 279 1096 296 0.000221 2
746 200 769 216 0.000220 2
530 434 582 455 0.000218 2
636 353 659 394 0.000218 2
982 496 992 502 0.000215 2
0 236 204 393 0.000215 2
35 252 94 288 0.000214 2
1249 196 1278 234 0.000214 2
719 337 736 376 0.000212 2
1167 268 1212 284 0.000211 2
147 399 216 444 0.000211 2
31 272 48 296 0.000210 2
624 324 679 377 0.000209 2
18 236 192 267 0.000208 2
207 393 240 409 0.000207 2
0 392 38 410 0.000207 2
1178 495 1201 511 0.000207 2
783 413 803 432 0.000207 2
160 245 192 263 0.000205 2
9 234 193 267 0.000204 2
116 410 145 430 0.000201 2
624 308 688 368 0.000201 2
495 239 530 253 0.000200 2
294 175 307 197 0.000200 2
159 242 192 262 0.000199 2
975 300 993 312 0.000199 2
42 438 64 447 0.000197 2
0 392 86 422 0.000196 2
374 453 416 471 0.000195 2
203 406 267 448 0.000192 2
556 184 592 216 0.000190 2
412 416 449 424 0.000190 2
257 391 288 400 0.000189 2
96 411 144 436 0.000189 2
368 417 388 464 0.000189 2
1198 351 1274 404 0.000188 2
1025 309 1128 336 0.000188 2
1041 310 1067 330 0.000188 2
1199 472 1216 487 0.000188 2
111 405 176 431 0.000187 2
1263 328 1279 366 0.000186 2
597 362 623 376 0.000186 2
379 453 412 471 0.000185 2
328 403 369 465 0.000185 2
492 433 528 454 0.000185 2
324 405 369 456 0.000184 2
445 178 470 217 0.000183 2
1003 190 1029 228 0.000183 2
256 391 287 400 0.000183 2
148 237 192 264 0.000183 2
63 506 79 521 0.000182 2
1118 64 1179 85 0.000181 2
974 298 995 312 0.000181 2
200 407 265 428 0.000181 2
1256 483 1278 502 0.000181 2
661 439 703 466 0.000180 2
640 413 662 439 0.000180 2
47 402 70 424 0.000177 2
415 408 462 428 0.000177 2
478 186 494 205 0.000176 2
911 178 939 200 0.000176 2
35 440 63 447 0.000176 2
0 392 87 408 0.000175 2
259 454 281 464 0.000174 2
639 535 656 570 0.000174 2
1263 368 1279 401 0.000173 2
273 181 315 205 0.000172 2
624 324 680 367 0.000172 2
512 191 637 219 0.000172 2
606 323 662 381 0.000171 2
539 373 706 451 0.000171 2
59 253 92 280 0.000171 2
0 281 10 294 0.000170 2
329 405 369 450 0.000170 2
961 481 999 487 0.000170 2
922 202 980 255 0.000169 2
610 445 635 461 0.000169 2
466 391 480 403 0.000168 2
583 374 703 460 0.000167 2
930 276 1043 299 0.000167 2
104 239 162 264 0.000167 2
991 555 1007 567 0.000167 2
777 471 794 476 0.000166 2
1138 329 1168 357 0.000165 2
326 403 388 435 0.000164 2
509 404 583 435 0.000163 2
1045 279 1068 296 0.000163 2
779 413 800 424 0.000162 2
0 262 24 295 0.000162 2
628 373 700 403 0.000161 2
832 504 843 511 0.000160 2
197 402 266 446 0.000160 2
993 504 1022 521 0.000160 2
172 476 217 501 0.000159 2
748 201 769 229 0.000159 2
509 394 572 430 0.000158 2
137 400 220 445 0.000158 2
172 401 270 450 0.000156 2
1 184 330 394 0.000156 2
739 200 769 219 0.000156 2
771 319 848 344 0.000155 2
694 390 703 400 0.000155 2
329 404 377 453 0.000153 2
153 392 225 462 0.000153 2
1032 324 1087 358 0.000152 2
309 404 372 452 0.000151 2
477 444 496 454 0.000151 2
623 424 634 435 0.000149 2
334 402 388 467 0.000148 2
736 215 775 234 0.000147 2
526 431 584 454 0.000146 2
509 392 572 435 0.000146 2
332 202 373 233 0.000146 2
1180 274 1232 310 0.000145 2
126 205 136 224 0.000145 2
634 459 651 471 0.000145 2
1018 320 1044 344 0.000145 2
31 276 46 296 0.000144 2
1214 271 1280 295 0.000144 2
324 405 388 439 0.000144 2
618 182 641 204 0.000144 2
72 236 193 267 0.000143 2
314 405 371 454 0.000143 2
722 209 771 234 0.000142 2
163 478 225 501 0.000141 2
269 449 317 468 0.000141 2
797 496 809 504 0.000140 2
1190 274 1232 310 0.000140 2
905 101 930 120 0.000139 2
374 407 385 416 0.000139 2
1230 344 1274 377 0.000139 2
173 477 206 499 0.000138 2
168 478 207 500 0.000138 2
158 395 211 458 0.000138 2
207 489 220 502 0.000138 2
679 382 699 393 0.000138 2
148 394 225 453 0.000137 2
647 382 705 408 0.000137 2
895 176 942 198 0.000136 2
4 233 177 304 0.000136 2
513 405 569 429 0.000135 2
488 472 496 479 0.000134 2
338 197 388 221 0.000132 2
173 476 222 501 0.000132 2
380 454 415 469 0.000132 2
0 253 202 397 0.000131 2
411 388 504 428 0.000131 2
204 406 264 425 0.000131 2
44 252 69 288 0.000131 2
631 344 661 381 0.000130 2
1053 194 1084 222 0.000130 2
143 399 212 459 0.000130 2
44 434 128 453 0.000129 2
1039 512 1053 527 0.000128 2
365 415 386 473 0.000128 2
642 355 670 391 0.000128 2
505 435 528 453 0.000128 2
355 205 382 231 0.000127 2
641 381 695 402 0.000126 2
915 180 957 205 0.000126 2
61 253 93 287 0.000125 2
221 130 236 146 0.000125 2
595 322 663 379 0.000125 2
328 402 387 468 0.000125 2
36 568 96 588 0.000124 2
510 272 614 448 0.000123 2
179 407 267 455 0.000122 2
118 238 191 264 0.000121 2
0 217 286 390 0.000121 2
63 504 81 522 0.000121 2
1217 334 1233 347 0.000121 2
1182 328 1200 355 0.000121 2
623 361 641 382 0.000120 2
1112 185 1139 209 0.000119 2
991 507 1018 521 0.000119 2
202 392 254 423 0.000118 2
462 419 498 456 0.000118 2
134 401 220 460 0.000117 2
639 535 651 569 0.000117 2
368 406 386 427 0.000116 2
1079 190 1117 211 0.000116 2
246 390 287 403 0.000116 2
495 295 513 338 0.000116 2
0 231 208 362 0.000116 2
623 317 664 362 0.000115 2
449 203 466 222 0.000115 2
414 405 456 423 0.000114 2
1099 471 1165 499 0.000114 2
384 402 400 418 0.000114 2
1164 241 1184 253 0.000113 2
586 447 609 462 0.000112 2
1167 272 1229 286 0.000112 2
170 477 227 500 0.000112 2
583 201 638 227 0.000112 2
415 199 432 205 0.000112 2
1006 330 1016 345 0.000111 2
6 138 484 391 0.000111 2
998 330 1009 344 0.000111 2
404 384 488 426 0.000111 2
494 307 512 337 0.000111 2
366 395 401 447 0.000110 2
1160 328 1200 358 0.000110 2
330 403 388 427 0.000110 2
207 488 225 502 0.000109 2
1121 471 1170 481 0.000109 2
621 372 658 402 0.000109 2
624 456 652 472 0.000108 2
3 237 196 346 0.000108 2
495 310 512 337 0.000108 2
1119 64 1210 78 0.000107 2
914 180 953 204 0.000107 2
1135 468 1232 511 0.000107 2
187 369 226 413 0.000106 2
323 408 340 413 0.000106 2
192 393 265 426 0.000106 2
602 455 643 471 0.000105 2
648 329 699 387 0.000104 2
240 386 256 407 0.000104 2
365 417 458 442 0.000103 2
506 406 581 434 0.000103 2
1246 279 1279 296 0.000103 2
166 476 228 501 0.000103 2
491 431 528 454 0.000103 2
367 419 396 471 0.000103 2
517 407 585 437 0.000102 2
257 446 317 468 0.000102 2
244 446 313 468 0.000101 2
633 455 668 472 0.000101 2
1154 272 1195 280 0.000101 2
635 381 704 430 0.000101 2
1044 311 1092 333 0.000101 2
908 187 956 211 0.000101 2
1183 163 1279 270 0.008994 5
1196 162 1279 266 0.002212 5
1192 162 1279 248 0.001623 5
478 173 520 217 0.001560 5
479 170 591 217 0.001170 5
47 401 153 426 0.001054 5
824 135 939 165 0.000878 5
594 179 636 204 0.000836 5
1223 162 1279 214 0.000619 5
1221 162 1279 228 0.000555 5
819 135 939 167 0.000527 5
1204 164 1268 220 0.000407 5
448 172 519 217 0.000399 5
444 179 486 219 0.000337 5
696 183 730 221 0.000311 5
712 180 1268 358 0.000250 5
444 179 478 216 0.000176 5
671 270 1279 490 0.009313 6
677 268 1278 466 0.006201 6
680 266 1278 360 0.004428 6
1179 162 1279 269 0.004411 6
1070 160 1279 272 0.003895 6
1072 149 1279 274 0.003637 6
647 265 1270 393 0.003058 6
1061 167 1279 273 0.003010 6
669 251 1278 495 0.002479 6
645 259 1269 488 0.002296 6
324 399 704 463 0.002089 6
1019 279 1279 431 0.002023 6
473 169 583 210 0.001943 6
640 263 1181 478 0.001788 6
641 264 1218 393 0.001753 6
643 266 1222 451 0.001722 6
1023 280 1279 487 0.001607 6
473 165 587 212 0.001602 6
1036 290 1278 353 0.001568 6
759 271 1278 364 0.001537 6
699 177 1278 362 0.001494 6
657 259 1277 423 0.001460 6
772 276 1279 492 0.001438 6
688 291 1279 500 0.001418 6
698 252 1277 373 0.001354 6
826 135 939 164 0.001281 6
818 272 1278 427 0.001278 6
461 417 591 454 0.001269 6
1059 156 1275 257 0.001112 6
1014 274 1279 413 0.001102 6
1064 178 1278 264 0.001049 6
651 195 1271 368 0.001009 6
927 273 1279 418 0.000985 6
943 272 1279 481 0.000978 6
660 168 1277 377 0.000935 6
1215 163 1279 262 0.000920 6
986 276 1279 489 0.000896 6
1214 160 1279 237 0.000888 6
690 211 1278 375 0.000837 6
781 287 1279 501 0.000834 6
884 267 1278 374 0.000830 6
47 401 153 425 0.000811 6
1185 159 1279 231 0.000810 6
1184 86 1279 274 0.000802 6
1027 282 1277 351 0.000766 6
344 386 940 469 0.000761 6
640 170 1184 385 0.000759 6
643 230 1251 370 0.000737 6
748 171 1278 381 0.000730 6
324 382 712 461 0.000713 6
408 378 947 472 0.000702 6
389 252 952 473 0.000678 6
475 387 952 474 0.000649 6
1 64 349 393 0.000640 6
339 246 945 470 0.000624 6
1039 270 1278 346 0.000607 6
1036 155 1279 385 0.000603 6
557 418 702 464 0.000598 6
1068 281 1279 483 0.000598 6
326 400 704 475 0.000594 6
325 375 718 462 0.000590 6
491 159 581 206 0.000581 6
479 160 581 207 0.000570 6
1029 296 1280 355 0.000562 6
826 134 939 158 0.000561 6
337 281 942 470 0.000549 6
509 406 703 463 0.000545 6
827 134 939 162 0.000544 6
827 135 937 168 0.000539 6
574 424 702 463 0.000519 6
640 266 1010 382 0.000517 6
457 305 954 475 0.000470 6
764 181 1278 345 0.000470 6
1040 266 1279 351 0.000468 6
647 312 1105 486 0.000462 6
642 305 1038 483 0.000443 6
684 162 1272 342 0.000439 6
823 134 939 156 0.000437 6
2 64 402 392 0.000434 6
640 273 1038 481 0.000432 6
998 235 1279 393 0.000422 6
665 320 1277 499 0.000408 6
1023 163 1279 367 0.000405 6
640 241 1023 380 0.000405 6
461 166 649 226 0.000400 6
1031 275 1275 325 0.000396 6
870 168 1279 372 0.000389 6
325 363 926 463 0.000382 6
648 299 1253 493 0.000377 6
1174 226 1279 295 0.000373 6
683 153 1255 328 0.000370 6
466 260 955 478 0.000362 6
673 393 1012 483 0.000357 6
718 396 963 480 0.000332 6
640 256 1048 477 0.000329 6
679 378 1275 507 0.000326 6
43 422 347 477 0.000319 6
479 169 590 218 0.000318 6
699 363 1278 508 0.000318 6
867 176 1277 295 0.000299 6
458 409 593 459 0.000299 6
1037 272 1266 302 0.000292 6
1104 159 1211 216 0.000290 6
681 393 1274 504 0.000279 6
1104 156 1224 218 0.000277 6
640 265 984 478 0.000264 6
327 401 813 473 0.000256 6
408 251 953 442 0.000255 6
1183 160 1277 224 0.000247 6
1044 264 1271 307 0.000247 6
581 418 702 464 0.000239 6
626 324 956 480 0.000231 6
351 408 700 469 0.000227 6
653 388 950 478 0.000226 6
417 401 945 476 0.000225 6
1089 485 1279 702 0.000224 6
640 258 961 473 0.000220 6
444 179 487 218 0.000217 6
1073 299 1279 490 0.000211 6
331 64 692 227 0.000210 6
1035 403 1279 507 0.000207 6
1192 299 1280 350 0.000206 6
520 401 705 461 0.000204 6
0 65 469 392 0.000201 6
356 403 922 473 0.000197 6
1076 468 1255 510 0.000195 6
583 432 701 464 0.000189 6
662 340 1265 494 0.000188 6
819 382 1278 508 0.000184 6
359 150 648 226 0.000183 6
354 236 947 462 0.000180 6
915 193 1189 273 0.000177 6
0 64 240 392 0.000176 6
448 165 659 247 0.000173 6
359 157 469 204 0.000165 6
658 152 1157 341 0.000163 6
523 263 956 391 0.000154 6
640 137 1095 386 0.000153 6
743 420 939 481 0.000152 6
640 362 965 475 0.000151 6
660 379 1138 486 0.000151 6
326 64 689 253 0.000145 6
342 64 721 228 0.000142 6
1017 383 1279 508 0.000142 6
329 64 713 242 0.000142 6
154 173 268 228 0.000139 6
976 383 1278 508 0.000135 6
512 418 592 458 0.000133 6
1070 404 1280 509 0.000132 6
335 64 748 248 0.000125 6
359 151 519 207 0.000123 6
0 66 221 356 0.000115 6
1066 465 1267 510 0.000114 6
363 160 489 205 0.000111 6
1023 276 1280 344 0.000109 6
909 179 1261 263 0.000108 6
355 161 498 214 0.000105 6
0 91 334 394 0.000102 6
635 262 957 481 0.000100 6
864 177 951 242 0.311959 7
697 153 954 242 0.211450 7
701 153 861 240 0.162242 7
866 177 943 232 0.098161 7
846 177 949 242 0.089068 7
803 177 948 243 0.086923 7
694 153 935 237 0.086592 7
696 154 805 235 0.070807 7
710 153 860 250 0.057034 7
803 169 947 242 0.039327 7
587 183 631 215 0.038299 7
704 154 813 236 0.038033 7
587 183 637 215 0.036836 7
587 183 625 215 0.031831 7
697 152 952 254 0.030744 7
718 150 950 242 0.025952 7
694 154 864 237 0.025564 7
714 153 860 239 0.023181 7
587 183 621 212 0.023125 7
1184 168 1280 270 0.021132 7
1007 196 1051 228 0.016570 7
866 177 942 225 0.016264 7
867 177 938 229 0.015291 7
587 179 639 215 0.012061 7
1200 171 1279 269 0.011565 7
1113 184 1204 247 0.009931 7
692 198 731 234 0.009823 7
866 177 927 239 0.008510 7
587 181 645 215 0.007967 7
1006 195 1056 230 0.007636 7
1215 170 1279 269 0.006452 7
1069 184 1197 247 0.006215 7
789 159 860 243 0.005869 7
587 183 622 205 0.005715 7
587 183 620 209 0.005520 7
876 198 956 246 0.004951 7
871 195 952 233 0.004515 7
1111 184 1198 247 0.004365 7
1184 218 1279 269 0.004356 7
1009 194 1054 229 0.004252 7
866 177 943 212 0.004088 7
587 178 637 203 0.003863 7
1185 227 1279 269 0.003671 7
697 200 770 235 0.003662 7
798 152 945 240 0.003521 7
512 172 581 209 0.003380 7
865 176 914 240 0.003342 7
1115 188 1196 248 0.003339 7
865 177 930 234 0.003317 7
498 172 580 212 0.003247 7
1261 198 1279 270 0.003075 7
799 142 944 242 0.002956 7
589 172 640 216 0.002839 7
1117 215 1190 247 0.002784 7
547 172 580 204 0.002674 7
1249 190 1279 269 0.002660 7
804 178 858 242 0.002623 7
692 159 792 235 0.002551 7
847 172 926 239 0.002495 7
691 177 731 235 0.002408 7
1067 175 1278 264 0.002406 7
1262 215 1279 270 0.002273 7
875 195 957 231 0.002265 7
864 174 1001 251 0.002167 7
804 165 856 231 0.002142 7
804 164 859 235 0.002117 7
1183 225 1279 273 0.002061 7
846 175 917 242 0.002046 7
803 182 854 241 0.002010 7
485 171 579 212 0.001969 7
692 183 731 234 0.001858 7
865 177 957 245 0.001837 7
1062 207 1190 248 0.001836 7
1067 175 1194 246 0.001834 7
498 171 580 207 0.001814 7
1066 180 1273 257 0.001793 7
543 179 636 216 0.001713 7
698 180 807 237 0.001653 7
528 170 641 215 0.001618 7
866 177 940 204 0.001526 7
1007 194 1126 247 0.001495 7
574 184 624 213 0.001427 7
566 184 624 214 0.001416 7
1067 213 1191 248 0.001180 7
481 171 579 209 0.001153 7
1005 192 1116 235 0.001102 7
1113 183 1188 219 0.001102 7
692 154 989 252 0.001072 7
757 164 858 273 0.001060 7
1232 178 1279 234 0.000989 7
594 160 637 215 0.000986 7
586 183 636 218 0.000965 7
1223 179 1279 235 0.000945 7
1065 178 1226 251 0.000897 7
1220 174 1279 236 0.000844 7
865 176 929 229 0.000821 7
1102 164 1148 206 0.000797 7
1113 184 1277 266 0.000794 7
1154 181 1221 248 0.000785 7
702 200 771 234 0.000756 7
1205 306 1279 351 0.000735 7
809 154 858 181 0.000703 7
548 173 580 202 0.000692 7
1195 303 1280 352 0.000650 7
1104 160 1217 218 0.000629 7
820 184 907 243 0.000628 7
1064 182 1131 246 0.000603 7
687 182 732 233 0.000584 7
1112 184 1190 217 0.000560 7
586 183 653 221 0.000552 7
981 196 1069 258 0.000542 7
1171 307 1274 354 0.000524 7
686 182 729 236 0.000518 7
1100 183 1192 247 0.000511 7
1196 306 1277 358 0.000486 7
706 166 795 232 0.000480 7
1177 225 1279 294 0.000473 7
1100 162 1210 217 0.000457 7
695 182 730 223 0.000438 7
1177 162 1279 330 0.000425 7
1214 310 1270 351 0.000411 7
1163 163 1279 361 0.000408 7
1247 328 1264 359 0.000395 7
1181 166 1274 232 0.000391 7
866 174 939 206 0.000391 7
1203 305 1276 350 0.000385 7
842 133 950 242 0.000385 7
727 153 804 216 0.000375 7
1107 164 1145 206 0.000373 7
869 177 951 220 0.000351 7
1222 168 1280 219 0.000344 7
1263 167 1279 248 0.000343 7
1123 183 1189 218 0.000327 7
701 168 789 238 0.000323 7
712 166 798 230 0.000320 7
1251 320 1279 371 0.000287 7
1151 302 1280 350 0.000283 7
721 164 805 231 0.000278 7
803 181 854 225 0.000275 7
719 157 805 211 0.000273 7
714 161 803 212 0.000268 7
1262 168 1279 219 0.000262 7
864 155 902 178 0.000260 7
1085 183 1186 241 0.000255 7
1247 327 1267 361 0.000251 7
368 418 400 471 0.000244 7
589 162 634 212 0.000238 7
717 152 806 207 0.000237 7
847 165 899 229 0.000228 7
657 294 765 378 0.000228 7
865 177 976 247 0.000222 7
1258 169 1279 240 0.000222 7
707 187 728 218 0.000219 7
580 182 624 206 0.000219 7
1251 318 1279 366 0.000218 7
1006 156 1066 233 0.000213 7
1003 164 1065 230 0.000205 7
1146 184 1187 216 0.000204 7
1212 320 1274 359 0.000199 7
1215 317 1273 362 0.000199 7
1106 164 1158 215 0.000190 7
802 161 857 220 0.000187 7
1136 183 1201 219 0.000180 7
1247 325 1273 359 0.000179 7
1116 184 1165 216 0.000175 7
712 163 806 215 0.000170 7
696 123 963 249 0.000170 7
1116 185 1143 213 0.000167 7
437 124 896 248 0.000166 7
697 170 787 233 0.000163 7
1004 154 1137 240 0.000156 7
1216 302 1279 362 0.000152 7
1186 343 1270 415 0.000151 7
492 157 646 215 0.000148 7
911 147 960 184 0.000147 7
1114 185 1140 206 0.000144 7
1179 322 1258 355 0.000142 7
1118 64 1218 84 0.000138 7
1142 184 1201 221 0.000136 7
1172 229 1238 298 0.000134 7
862 154 1000 249 0.000133 7
715 173 791 236 0.000130 7
1113 184 1168 215 0.000129 7
909 149 966 184 0.000128 7
527 186 638 220 0.000123 7
931 277 1125 370 0.000123 7
647 295 763 383 0.000122 7
695 182 739 232 0.000119 7
686 101 952 245 0.000115 7
296 198 330 236 0.000112 7
1209 312 1262 347 0.000112 7
1236 303 1279 364 0.000100 7
1088 150 1104 178 0.371263 9
513 152 523 177 0.300129 9
1207 170 1215 186 0.094725 9
513 151 524 177 0.090650 9
449 157 490 170 0.083959 9
1207 168 1216 187 0.062058 9
513 151 524 177 0.052639 9
449 157 490 171 0.042512 9
513 152 524 184 0.031629 9
1197 383 1206 400 0.030843 9
1194 383 1206 414 0.029465 9
1088 150 1103 184 0.027884 9
1088 149 1110 180 0.026820 9
1196 383 1207 415 0.024881 9
1215 167 1223 183 0.024630 9
895 154 907 176 0.024276 9
895 155 906 176 0.023267 9
313 152 341 187 0.022998 9
372 167 381 184 0.022456 9
372 169 381 184 0.021763 9
1191 384 1205 401 0.019092 9
1088 149 1106 184 0.018327 9
313 151 342 189 0.018273 9
1214 168 1223 184 0.017947 9
1207 169 1215 197 0.017662 9
1190 384 1204 401 0.017483 9
989 680 1009 703 0.015922 9
553 173 569 200 0.015914 9
1012 136 1024 173 0.015494 9
810 160 855 179 0.014414 9
553 173 570 199 0.014373 9
558 183 567 197 0.014246 9
367 167 374 186 0.013856 9
1013 136 1025 172 0.013793 9
866 152 880 169 0.013515 9
239 179 247 191 0.013102 9
449 158 487 171 0.011810 9
1012 135 1026 172 0.011510 9
524 183 535 196 0.011095 9
448 157 490 178 0.010441 9
449 157 490 181 0.009816 9
845 151 859 166 0.009707 9
1046 154 1056 172 0.009663 9
362 167 368 188 0.009425 9
693 178 702 198 0.009160 9
1207 169 1215 188 0.009096 9
552 173 581 203 0.008987 9
811 160 857 179 0.008621 9
895 152 908 176 0.008572 9
693 177 704 198 0.008428 9
464 171 471 183 0.008206 9
1193 163 1202 186 0.008043 9
665 182 671 196 0.007866 9
863 166 870 181 0.007490 9
895 152 909 177 0.006973 9
553 173 575 200 0.006950 9
1191 383 1208 415 0.006879 9
1046 152 1056 171 0.006851 9
879 154 890 169 0.006832 9
848 181 857 201 0.006739 9
225 183 231 195 0.006738 9
1006 136 1025 172 0.006737 9
1193 166 1201 185 0.006652 9
1011 135 1025 173 0.006460 9
694 176 703 189 0.006355 9
1156 165 1167 184 0.006293 9
239 177 247 191 0.006170 9
1190 383 1207 415 0.006082 9
1043 153 1057 180 0.006063 9
1042 153 1056 174 0.005999 9
809 165 823 179 0.005993 9
1216 193 1223 205 0.005928 9
693 176 700 196 0.005711 9
1192 160 1202 186 0.005432 9
1040 154 1056 174 0.005365 9
372 167 381 186 0.005178 9
1191 381 1216 415 0.005055 9
313 155 342 187 0.004936 9
810 160 857 187 0.004934 9
864 151 880 169 0.004782 9
1189 384 1205 403 0.004763 9
813 158 857 180 0.004750 9
863 166 869 183 0.004547 9
567 141 581 161 0.004540 9
259 143 268 159 0.004483 9
836 154 855 171 0.004295 9
1217 194 1224 208 0.004287 9
1007 136 1024 173 0.004206 9
842 151 859 166 0.004165 9
361 167 368 189 0.004106 9
1088 149 1104 188 0.004022 9
1040 152 1057 183 0.003949 9
557 177 580 201 0.003868 9
449 155 490 170 0.003851 9
1155 165 1167 184 0.003825 9
587 170 593 184 0.003701 9
119 64 159 76 0.003650 9
1231 168 1246 181 0.003572 9
371 166 381 186 0.003553 9
839 152 854 165 0.003552 9
567 137 581 161 0.003528 9
1195 383 1212 416 0.003499 9
879 153 889 169 0.003466 9
257 144 267 160 0.003456 9
903 535 912 576 0.003450 9
663 290 681 349 0.003388 9
848 184 857 201 0.003342 9
680 171 688 187 0.003324 9
174 64 201 89 0.003291 9
260 142 268 160 0.003254 9
111 151 127 164 0.003241 9
881 155 894 169 0.003210 9
313 151 341 195 0.003198 9
616 165 626 176 0.003182 9
830 135 861 166 0.003178 9
1088 189 1095 202 0.003105 9
1180 162 1205 218 0.003062 9
681 179 688 195 0.003032 9
1039 151 1056 175 0.003010 9
569 179 581 201 0.003003 9
257 142 268 160 0.002982 9
519 174 547 184 0.002942 9
1181 164 1203 218 0.002865 9
1081 174 1091 184 0.002852 9
1208 167 1225 211 0.002748 9
903 536 912 584 0.002704 9
119 64 159 75 0.002697 9
68 169 80 177 0.002671 9
814 143 823 156 0.002638 9
554 174 577 200 0.002604 9
1190 382 1212 415 0.002604 9
638 160 644 169 0.002593 9
519 184 535 200 0.002556 9
1045 155 1057 184 0.002532 9
1088 147 1105 178 0.002499 9
566 146 581 161 0.002487 9
896 155 907 176 0.002462 9
587 167 592 184 0.002444 9
95 151 105 176 0.002440 9
618 167 633 176 0.002379 9
638 164 649 184 0.002319 9
590 163 603 184 0.002311 9
638 166 649 184 0.002283 9
903 535 912 558 0.002277 9
512 145 524 175 0.002271 9
690 169 697 182 0.002259 9
157 64 202 90 0.002247 9
257 179 262 191 0.002242 9
1104 168 1120 202 0.002157 9
1203 407 1215 415 0.002154 9
961 135 976 160 0.002150 9
111 151 128 165 0.002144 9
665 184 671 199 0.002134 9
829 135 861 160 0.002126 9
510 533 522 569 0.002119 9
570 165 579 178 0.002039 9
751 549 760 577 0.002033 9
167 64 176 76 0.001991 9
554 174 581 202 0.001968 9
1208 168 1218 202 0.001959 9
895 151 910 176 0.001949 9
483 174 496 187 0.001945 9
880 151 896 171 0.001932 9
119 64 159 78 0.001888 9
95 156 105 176 0.001846 9
514 171 537 188 0.001831 9
1183 163 1202 197 0.001800 9
869 166 881 177 0.001797 9
614 160 634 177 0.001757 9
567 536 576 563 0.001745 9
681 168 688 184 0.001739 9
960 119 969 134 0.001735 9
829 135 860 162 0.001676 9
1154 159 1168 185 0.001664 9
514 174 550 186 0.001657 9
119 64 164 78 0.001646 9
449 156 490 188 0.001637 9
410 177 417 186 0.001625 9
809 157 853 180 0.001565 9
690 170 698 189 0.001553 9
1103 164 1149 202 0.001545 9
959 119 973 134 0.001511 9
1103 166 1120 200 0.001481 9
1213 370 1223 388 0.001468 9
1090 232 1103 269 0.001465 9
1101 139 1110 160 0.001464 9
572 136 581 159 0.001463 9
895 552 904 586 0.001453 9
510 175 554 200 0.001428 9
691 169 703 183 0.001422 9
664 318 676 348 0.001412 9
751 546 761 577 0.001411 9
1177 381 1184 391 0.001404 9
1224 165 1232 180 0.001398 9
1204 165 1217 192 0.001397 9
1199 146 1205 173 0.001389 9
807 538 816 568 0.001376 9
991 282 1004 312 0.001358 9
1193 380 1218 415 0.001357 9
551 165 581 203 0.001327 9
871 121 878 131 0.001311 9
829 135 860 153 0.001298 9
662 153 671 173 0.001292 9
615 160 634 176 0.001264 9
604 165 614 180 0.001263 9
1089 232 1103 270 0.001263 9
1230 169 1246 181 0.001263 9
1182 153 1202 189 0.001253 9
449 154 491 171 0.001252 9
842 148 861 167 0.001248 9
813 141 824 160 0.001242 9
959 135 976 159 0.001230 9
260 143 268 158 0.001215 9
928 153 936 168 0.001211 9
1160 376 1166 383 0.001209 9
511 533 528 569 0.001209 9
511 546 521 568 0.001205 9
951 345 960 361 0.001196 9
883 155 897 177 0.001194 9
161 64 177 83 0.001186 9
842 150 862 168 0.001175 9
510 536 521 569 0.001167 9
1189 151 1204 186 0.001166 9
1184 383 1209 415 0.001163 9
588 168 602 185 0.001162 9
410 178 418 204 0.001161 9
801 141 811 157 0.001155 9
1104 166 1119 188 0.001154 9
447 156 491 215 0.001143 9
571 164 580 178 0.001129 9
513 145 525 177 0.001127 9
119 64 176 79 0.001124 9
1207 160 1217 187 0.001122 9
704 152 712 177 0.001116 9
791 538 801 568 0.001103 9
705 169 711 179 0.001099 9
828 165 858 189 0.001098 9
968 175 976 186 0.001093 9
119 64 202 87 0.001093 9
991 282 1002 309 0.001088 9
759 534 769 569 0.001077 9
1102 163 1155 206 0.001072 9
448 158 490 176 0.001062 9
1096 131 1107 171 0.001060 9
118 64 180 80 0.001053 9
456 151 536 193 0.001049 9
1194 151 1206 189 0.001046 9
829 135 862 163 0.001046 9
1088 172 1099 199 0.001041 9
1023 159 1030 169 0.001036 9
690 169 703 198 0.001025 9
791 537 801 568 0.001020 9
1199 135 1205 172 0.001009 9
314 183 337 196 0.001009 9
1079 156 1103 186 0.001007 9
990 282 1008 312 0.001007 9
1103 164 1148 205 0.001005 9
1193 163 1213 192 0.000993 9
559 592 569 623 0.000983 9
981 142 993 154 0.000980 9
480 176 495 194 0.000964 9
1104 163 1148 190 0.000961 9
121 64 201 90 0.000956 9
991 282 1007 312 0.000949 9
992 142 1000 167 0.000935 9
665 172 671 197 0.000932 9
847 164 870 218 0.000931 9
241 164 248 178 0.000917 9
894 552 904 587 0.000914 9
617 178 633 192 0.000913 9
1038 159 1053 185 0.000910 9
514 550 528 568 0.000909 9
548 140 581 161 0.000902 9
564 136 581 161 0.000896 9
119 64 173 77 0.000891 9
1101 135 1110 159 0.000890 9
991 139 1000 170 0.000890 9
513 182 525 200 0.000889 9
1039 148 1057 175 0.000888 9
800 138 825 159 0.000887 9
544 140 551 155 0.000885 9
1010 134 1025 173 0.000883 9
617 179 634 200 0.000881 9
599 533 611 568 0.000869 9
768 535 777 570 0.000864 9
119 64 199 85 0.000861 9
981 140 993 162 0.000852 9
553 176 580 202 0.000847 9
508 167 551 184 0.000844 9
160 64 191 91 0.000842 9
988 346 1003 386 0.000841 9
210 167 217 176 0.000838 9
591 161 603 182 0.000828 9
665 319 681 347 0.000823 9
851 118 865 136 0.000817 9
596 64 624 92 0.000812 9
568 161 580 178 0.000812 9
1167 383 1185 413 0.000805 9
989 679 1017 703 0.000805 9
515 171 577 209 0.000802 9
546 150 565 161 0.000795 9
830 139 857 165 0.000783 9
856 136 938 172 0.000780 9
1152 164 1168 184 0.000778 9
512 170 569 201 0.000775 9
615 534 624 569 0.000768 9
804 145 817 160 0.000765 9
358 178 367 191 0.000762 9
141 64 201 90 0.000761 9
662 291 682 350 0.000759 9
1012 132 1040 173 0.000759 9
1180 383 1206 405 0.000758 9
586 121 598 159 0.000753 9
1027 150 1040 160 0.000752 9
959 119 981 135 0.000748 9
1019 170 1031 185 0.000748 9
653 152 671 174 0.000748 9
599 532 612 569 0.000733 9
159 64 170 73 0.000726 9
1192 375 1233 416 0.000726 9
664 164 671 173 0.000723 9
989 344 1008 389 0.000720 9
586 118 598 159 0.000716 9
767 535 779 572 0.000715 9
615 532 624 568 0.000714 9
863 135 918 171 0.000712 9
155 64 178 86 0.000711 9
512 169 552 183 0.000701 9
543 168 552 179 0.000701 9
1177 382 1193 392 0.000701 9
960 129 977 160 0.000700 9
993 137 1001 165 0.000700 9
1055 181 1064 197 0.000699 9
1002 172 1010 186 0.000695 9
1173 382 1212 413 0.000692 9
809 168 817 188 0.000691 9
782 536 792 565 0.000691 9
1100 120 1138 169 0.000689 9
1144 165 1154 185 0.000688 9
1102 166 1121 202 0.000686 9
513 150 547 181 0.000684 9
599 64 617 91 0.000684 9
815 169 853 191 0.000677 9
982 352 994 386 0.000677 9
1103 167 1124 204 0.000676 9
719 337 736 378 0.000668 9
1115 164 1148 186 0.000668 9
494 149 524 187 0.000667 9
785 536 803 570 0.000665 9
1056 153 1064 169 0.000665 9
1225 160 1250 181 0.000664 9
595 64 621 92 0.000663 9
616 163 632 182 0.000655 9
495 149 524 174 0.000655 9
550 168 574 201 0.000653 9
213 163 222 178 0.000647 9
1167 382 1182 410 0.000646 9
847 171 868 224 0.000645 9
545 139 577 161 0.000643 9
1079 148 1104 187 0.000639 9
698 150 712 179 0.000637 9
862 112 869 120 0.000633 9
702 118 715 129 0.000627 9
905 126 912 137 0.000622 9
1107 165 1148 185 0.000615 9
1185 355 1212 407 0.000610 9
586 123 598 161 0.000609 9
1189 379 1233 421 0.000608 9
783 536 792 567 0.000607 9
432 172 445 192 0.000605 9
1013 128 1041 172 0.000599 9
67 168 80 178 0.000598 9
1088 150 1110 202 0.000592 9
687 535 697 566 0.000591 9
352 165 360 187 0.000590 9
1211 372 1224 402 0.000590 9
1246 348 1261 378 0.000589 9
769 535 780 577 0.000585 9
849 160 870 190 0.000585 9
159 64 179 91 0.000583 9
1119 339 1136 388 0.000583 9
847 118 866 136 0.000580 9
695 121 704 152 0.000579 9
653 156 662 174 0.000577 9
165 64 185 76 0.000576 9
339 164 352 190 0.000573 9
839 119 856 135 0.000573 9
414 176 421 202 0.000571 9
978 679 1010 703 0.000570 9
855 284 862 295 0.000570 9
840 119 863 135 0.000570 9
489 147 524 175 0.000569 9
861 112 869 136 0.000567 9
1150 329 1168 359 0.000567 9
1029 157 1039 168 0.000564 9
697 152 708 176 0.000562 9
734 336 752 376 0.000560 9
479 171 579 207 0.000560 9
563 179 581 202 0.000558 9
1098 164 1148 205 0.000554 9
605 160 634 183 0.000552 9
768 535 784 585 0.000552 9
1022 122 1041 164 0.000545 9
414 176 421 203 0.000544 9
338 166 351 198 0.000542 9
996 131 1008 172 0.000539 9
873 164 894 177 0.000539 9
1015 334 1024 344 0.000534 9
442 143 527 175 0.000532 9
1072 165 1097 195 0.000532 9
1042 151 1065 185 0.000530 9
734 338 753 376 0.000527 9
613 160 637 178 0.000526 9
752 537 764 576 0.000524 9
1140 165 1154 185 0.000520 9
1120 362 1136 388 0.000519 9
480 174 496 197 0.000517 9
790 527 802 568 0.000517 9
990 346 1002 361 0.000514 9
1055 169 1064 189 0.000513 9
806 159 858 219 0.000510 9
1225 161 1264 181 0.000510 9
996 135 1009 174 0.000505 9
657 150 671 174 0.000503 9
927 151 938 168 0.000502 9
772 535 784 577 0.000502 9
725 336 753 376 0.000498 9
1018 159 1032 185 0.000496 9
1167 381 1180 408 0.000493 9
453 156 496 170 0.000492 9
1073 168 1100 202 0.000490 9
912 169 920 178 0.000490 9
1152 165 1167 184 0.000489 9
998 134 1011 184 0.000487 9
1190 164 1215 198 0.000484 9
1214 164 1240 194 0.000484 9
1004 173 1015 186 0.000482 9
1150 345 1165 360 0.000479 9
837 119 864 136 0.000478 9
1014 139 1041 171 0.000478 9
1088 186 1104 202 0.000473 9
463 257 478 304 0.000469 9
580 64 596 92 0.000468 9
774 535 783 568 0.000467 9
691 119 706 153 0.000465 9
599 538 609 569 0.000464 9
1170 149 1194 167 0.000464 9
480 178 495 197 0.000462 9
47 312 57 340 0.000459 9
1028 143 1040 157 0.000455 9
1176 149 1197 168 0.000453 9
862 136 944 172 0.000452 9
690 118 703 154 0.000449 9
638 165 656 189 0.000449 9
697 151 708 176 0.000447 9
661 290 682 363 0.000447 9
860 136 936 152 0.000445 9
1031 543 1040 568 0.000443 9
1105 155 1119 178 0.000441 9
547 143 573 161 0.000439 9
1055 152 1063 164 0.000439 9
1199 135 1206 153 0.000438 9
1191 164 1217 209 0.000433 9
385 149 394 160 0.000431 9
868 121 879 136 0.000430 9
798 545 807 570 0.000424 9
215 162 222 175 0.000424 9
1074 136 1104 184 0.000423 9
896 538 913 589 0.000422 9
589 164 609 184 0.000422 9
372 161 409 185 0.000419 9
365 167 375 190 0.000418 9
804 535 816 568 0.000417 9
826 135 920 170 0.000417 9
1213 367 1224 386 0.000417 9
1151 342 1188 394 0.000414 9
371 158 382 185 0.000412 9
798 538 808 569 0.000412 9
1151 344 1170 360 0.000409 9
1167 380 1202 413 0.000406 9
894 534 913 589 0.000406 9
854 136 939 155 0.000405 9
47 312 57 342 0.000405 9
975 139 991 161 0.000405 9
720 329 751 376 0.000403 9
972 139 993 160 0.000402 9
777 408 783 415 0.000400 9
1194 356 1209 376 0.000399 9
798 537 811 569 0.000397 9
773 534 783 567 0.000395 9
1015 319 1029 344 0.000394 9
805 134 827 159 0.000393 9
992 134 1000 167 0.000392 9
1225 162 1273 181 0.000392 9
617 159 637 177 0.000391 9
736 538 752 571 0.000391 9
906 104 928 120 0.000389 9
642 164 655 181 0.000387 9
1187 364 1227 416 0.000386 9
1168 149 1199 184 0.000384 9
1072 141 1101 203 0.000384 9
690 118 700 132 0.000382 9
1196 380 1233 424 0.000380 9
1100 147 1139 185 0.000379 9
1151 157 1197 185 0.000379 9
1023 120 1041 162 0.000377 9
569 159 581 179 0.000376 9
656 153 671 174 0.000376 9
578 301 593 316 0.000375 9
432 171 445 194 0.000373 9
801 143 812 159 0.000372 9
377 161 408 184 0.000362 9
1090 227 1104 270 0.000360 9
687 535 704 567 0.000359 9
1088 147 1116 183 0.000359 9
751 539 763 576 0.000354 9
586 118 599 140 0.000353 9
599 532 616 569 0.000351 9
448 152 490 171 0.000346 9
241 177 258 193 0.000345 9
652 150 671 174 0.000345 9
992 135 1019 172 0.000338 9
999 126 1007 136 0.000337 9
488 152 582 211 0.000336 9
782 535 792 563 0.000334 9
243 176 260 193 0.000332 9
564 141 581 161 0.000331 9
529 151 544 172 0.000330 9
254 177 262 191 0.000330 9
1149 330 1169 359 0.000330 9
1119 357 1136 388 0.000328 9
1207 158 1228 185 0.000327 9
718 338 735 381 0.000327 9
1191 356 1210 392 0.000325 9
1209 383 1233 424 0.000322 9
687 535 700 568 0.000322 9
796 133 829 159 0.000319 9
910 327 928 346 0.000316 9
450 148 522 171 0.000316 9
586 124 598 161 0.000315 9
719 331 742 377 0.000312 9
1096 128 1105 145 0.000311 9
1152 149 1200 185 0.000309 9
67 169 80 182 0.000308 9
1109 151 1123 163 0.000308 9
1168 383 1185 421 0.000307 9
997 136 1008 172 0.000306 9
998 135 1009 171 0.000305 9
855 136 938 153 0.000305 9
1150 342 1192 387 0.000304 9
1086 143 1129 185 0.000303 9
576 290 595 333 0.000303 9
1128 156 1170 185 0.000301 9
968 122 982 136 0.000301 9
781 537 792 568 0.000300 9
767 540 777 577 0.000297 9
958 119 994 162 0.000297 9
703 172 711 183 0.000295 9
696 121 706 152 0.000294 9
863 135 895 150 0.000293 9
702 118 719 129 0.000293 9
687 172 703 206 0.000292 9
972 679 1011 703 0.000292 9
1159 157 1201 186 0.000291 9
558 591 577 625 0.000291 9
1071 130 1107 178 0.000289 9
862 114 871 136 0.000285 9
1105 142 1137 166 0.000281 9
803 537 816 569 0.000280 9
808 161 858 192 0.000279 9
490 146 522 167 0.000278 9
731 336 754 376 0.000277 9
860 136 948 152 0.000275 9
835 119 860 136 0.000275 9
111 140 127 165 0.000272 9
1239 640 1248 678 0.000272 9
735 336 751 376 0.000270 9
39 315 49 344 0.000266 9
1170 378 1185 391 0.000266 9
1204 165 1233 219 0.000265 9
263 277 272 296 0.000264 9
489 167 520 211 0.000263 9
489 145 524 172 0.000263 9
622 181 640 200 0.000261 9
232 130 241 146 0.000259 9
1218 392 1232 424 0.000259 9
1166 376 1181 392 0.000258 9
1150 354 1165 392 0.000256 9
984 135 993 155 0.000255 9
959 162 991 187 0.000253 9
826 134 854 158 0.000250 9
991 344 1003 359 0.000250 9
533 150 544 170 0.000248 9
312 86 351 191 0.000247 9
46 311 58 339 0.000247 9
883 122 897 137 0.000247 9
1013 151 1061 187 0.000245 9
982 137 995 169 0.000245 9
1173 382 1211 417 0.000245 9
973 168 991 196 0.000244 9
1150 338 1171 393 0.000243 9
219 176 250 194 0.000243 9
96 181 103 200 0.000243 9
894 119 907 138 0.000242 9
63 150 80 173 0.000242 9
927 104 936 120 0.000242 9
454 152 526 172 0.000241 9
1037 108 1112 200 0.000240 9
687 535 697 568 0.000240 9
588 132 598 162 0.000238 9
973 165 990 186 0.000238 9
352 167 362 191 0.000237 9
824 135 858 160 0.000237 9
526 150 544 173 0.000237 9
739 358 752 375 0.000236 9
448 144 529 171 0.000233 9
638 64 663 81 0.000232 9
63 149 80 170 0.000232 9
1073 148 1082 166 0.000232 9
586 118 598 142 0.000232 9
319 90 332 154 0.000232 9
248 163 256 176 0.000231 9
653 177 662 198 0.000231 9
477 170 521 218 0.000230 9
786 536 808 572 0.000230 9
16 157 25 179 0.000229 9
736 537 751 573 0.000228 9
598 531 612 569 0.000228 9
445 157 505 218 0.000226 9
1199 136 1221 195 0.000225 9
40 328 48 344 0.000223 9
120 64 181 92 0.000223 9
580 64 617 94 0.000223 9
574 275 604 338 0.000223 9
1208 161 1253 182 0.000222 9
209 67 237 86 0.000221 9
597 134 606 144 0.000221 9
223 167 231 176 0.000219 9
1101 154 1144 186 0.000218 9
794 134 825 157 0.000217 9
1150 343 1166 383 0.000216 9
445 170 518 217 0.000216 9
1073 150 1081 168 0.000215 9
988 678 1019 703 0.000215 9
488 133 564 200 0.000211 9
585 155 605 185 0.000211 9
959 162 984 185 0.000211 9
975 687 988 703 0.000209 9
1040 182 1049 207 0.000209 9
481 177 522 216 0.000209 9
543 143 570 161 0.000209 9
579 64 614 92 0.000208 9
648 175 659 199 0.000207 9
649 157 656 175 0.000207 9
580 278 590 289 0.000206 9
735 537 751 569 0.000206 9
94 153 110 177 0.000205 9
1076 123 1145 208 0.000205 9
1225 161 1270 182 0.000204 9
1201 133 1216 170 0.000204 9
255 100 268 127 0.000204 9
432 170 446 195 0.000204 9
964 118 982 136 0.000203 9
1030 327 1041 360 0.000201 9
220 177 238 198 0.000201 9
312 98 376 196 0.000199 9
256 86 262 97 0.000199 9
1031 344 1040 360 0.000198 9
443 144 520 172 0.000197 9
447 155 525 204 0.000197 9
890 140 939 184 0.000196 9
765 134 793 153 0.000195 9
874 559 880 572 0.000195 9
541 156 582 185 0.000195 9
1222 161 1275 231 0.000194 9
367 162 407 186 0.000192 9
613 532 624 569 0.000192 9
312 148 342 188 0.000192 9
1222 163 1252 218 0.000190 9
1111 148 1137 164 0.000188 9
827 135 898 173 0.000187 9
311 116 390 195 0.000187 9
604 170 629 183 0.000187 9
48 184 64 206 0.000186 9
374 160 415 189 0.000186 9
972 165 992 187 0.000185 9
16 157 26 183 0.000185 9
1020 119 1042 169 0.000184 9
894 534 913 582 0.000182 9
95 151 112 178 0.000182 9
991 280 1002 296 0.000181 9
879 122 891 137 0.000180 9
62 150 80 168 0.000180 9
665 181 681 200 0.000179 9
1072 132 1101 174 0.000179 9
96 181 102 201 0.000179 9
492 145 524 163 0.000179 9
662 171 686 209 0.000179 9
593 124 604 143 0.000177 9
1014 170 1033 186 0.000176 9
575 274 605 359 0.000176 9
1098 118 1133 163 0.000176 9
958 162 985 192 0.000175 9
208 68 225 87 0.000173 9
173 64 245 90 0.000173 9
1071 167 1099 209 0.000173 9
1148 343 1197 393 0.000173 9
700 119 716 154 0.000173 9
990 149 1001 180 0.000172 9
1103 137 1137 164 0.000172 9
582 128 600 162 0.000172 9
848 136 937 152 0.000171 9
652 173 661 199 0.000171 9
1100 149 1158 187 0.000171 9
587 166 620 192 0.000171 9
612 164 639 199 0.000171 9
690 118 704 134 0.000171 9
1049 126 1108 191 0.000170 9
744 150 752 157 0.000170 9
639 535 648 569 0.000170 9
64 150 80 177 0.000170 9
208 67 251 87 0.000169 9
594 64 627 104 0.000169 9
119 64 203 94 0.000169 9
224 373 240 406 0.000167 9
884 136 938 153 0.000167 9
1148 160 1200 206 0.000167 9
256 144 268 175 0.000166 9
679 151 691 185 0.000166 9
905 102 931 120 0.000165 9
1158 165 1204 219 0.000165 9
576 294 594 325 0.000165 9
790 524 801 558 0.000164 9
455 152 500 170 0.000164 9
442 140 501 173 0.000163 9
757 539 768 573 0.000163 9
763 134 814 153 0.000162 9
765 134 789 153 0.000160 9
655 328 675 360 0.000160 9
689 118 706 165 0.000159 9
1165 148 1198 176 0.000158 9
1231 93 1254 162 0.000158 9
595 64 625 91 0.000158 9
1231 87 1251 162 0.000158 9
699 120 715 169 0.000157 9
375 160 409 185 0.000156 9
357 151 383 188 0.000156 9
488 337 496 353 0.000156 9
551 137 581 151 0.000155 9
376 160 408 183 0.000154 9
927 87 945 137 0.000154 9
1036 122 1066 173 0.000154 9
372 158 409 185 0.000154 9
810 143 859 176 0.000154 9
653 127 661 143 0.000153 9
639 535 649 569 0.000153 9
661 310 681 353 0.000153 9
1102 121 1129 162 0.000153 9
739 135 755 156 0.000152 9
119 64 187 94 0.000151 9
684 295 703 344 0.000151 9
575 286 595 356 0.000151 9
575 280 595 355 0.000150 9
1188 138 1202 162 0.000149 9
497 539 512 569 0.000148 9
988 354 1025 389 0.000147 9
900 534 921 588 0.000147 9
1034 140 1059 172 0.000146 9
798 535 815 568 0.000146 9
652 127 661 144 0.000145 9
911 542 921 555 0.000145 9
373 160 431 200 0.000144 9
1004 119 1017 127 0.000144 9
889 136 938 152 0.000143 9
415 172 446 203 0.000142 9
1153 162 1203 198 0.000142 9
350 147 379 190 0.000142 9
68 169 80 199 0.000141 9
588 160 618 185 0.000141 9
313 91 333 159 0.000141 9
1007 144 1066 230 0.000139 9
864 301 871 312 0.000139 9
768 542 784 585 0.000138 9
66 168 80 184 0.000138 9
701 118 718 155 0.000136 9
224 177 246 194 0.000136 9
707 164 717 178 0.000136 9
680 174 690 215 0.000135 9
736 538 752 577 0.000135 9
1012 143 1154 246 0.000135 9
1017 161 1052 189 0.000135 9
762 134 831 154 0.000134 9
1044 344 1055 360 0.000134 9
260 166 271 179 0.000134 9
1150 344 1200 362 0.000134 9
444 158 495 218 0.000133 9
1015 106 1126 241 0.000132 9
726 150 734 159 0.000132 9
751 362 759 375 0.000131 9
1111 164 1174 218 0.000131 9
787 123 800 137 0.000130 9
1131 278 1137 296 0.000130 9
600 344 609 356 0.000130 9
172 64 236 90 0.000130 9
1200 120 1232 178 0.000128 9
751 342 814 392 0.000128 9
927 89 946 145 0.000127 9
784 112 835 160 0.000127 9
687 153 705 182 0.000126 9
543 138 555 156 0.000126 9
686 160 707 193 0.000126 9
245 130 255 144 0.000124 9
1247 327 1264 348 0.000124 9
451 144 526 172 0.000124 9
257 129 268 160 0.000124 9
1163 96 1195 138 0.000124 9
1230 94 1259 187 0.000124 9
777 136 806 154 0.000124 9
566 122 578 150 0.000124 9
799 591 807 613 0.000123 9
570 121 581 160 0.000123 9
1149 343 1203 383 0.000123 9
825 135 913 155 0.000123 9
686 299 695 322 0.000122 9
351 156 366 193 0.000121 9
826 117 863 147 0.000121 9
208 67 243 87 0.000119 9
1109 155 1175 187 0.000119 9
317 65 336 162 0.000119 9
1008 134 1050 176 0.000119 9
824 544 831 551 0.000119 9
1160 96 1187 137 0.000118 9
576 290 594 321 0.000118 9
312 144 361 197 0.000118 9
546 138 578 153 0.000118 9
212 176 233 201 0.000117 9
625 64 638 72 0.000117 9
692 178 722 208 0.000116 9
976 313 992 341 0.000116 9
257 142 271 175 0.000115 9
1033 106 1109 220 0.000115 9
446 141 493 171 0.000114 9
910 138 939 183 0.000114 9
1001 644 1057 703 0.000113 9
544 158 553 170 0.000113 9
959 159 993 185 0.000112 9
637 164 657 200 0.000112 9
456 137 477 171 0.000112 9
592 64 625 100 0.000111 9
761 339 816 392 0.000111 9
186 151 199 168 0.000111 9
711 540 720 564 0.000111 9
1211 150 1224 163 0.000111 9
1168 143 1196 169 0.000111 9
16 161 25 184 0.000109 9
742 348 759 375 0.000108 9
241 161 250 179 0.000108 9
595 141 607 154 0.000108 9
867 136 940 180 0.000108 9
762 133 827 154 0.000108 9
928 88 945 128 0.000107 9
989 123 1002 170 0.000107 9
909 95 926 117 0.000106 9
311 155 379 194 0.000106 9
951 182 961 204 0.000106 9
37 310 51 344 0.000106 9
67 169 87 177 0.000106 9
736 539 752 576 0.000105 9
718 365 727 382 0.000104 9
1041 170 1064 206 0.000103 9
942 133 959 149 0.000103 9
894 549 909 599 0.000103 9
46 308 67 342 0.000103 9
46 311 68 344 0.000103 9
514 530 529 568 0.000102 9
61 149 109 178 0.000101 9
895 117 907 136 0.000101 9
702 148 721 181 0.000100 9
256 164 268 179 0.000100 9
1181 192 1198 215 0.074991 11
1053 110 1083 146 0.029378 11
1233 197 1256 231 0.024811 11
1181 191 1199 216 0.018883 11
517 191 526 202 0.008486 11
1055 112 1082 147 0.007416 11
1179 189 1199 216 0.003597 11
111 205 120 232 0.002695 11
1179 191 1198 217 0.002335 11
522 183 536 198 0.001936 11
1181 165 1203 217 0.001363 11
1050 121 1057 135 0.001079 11
1051 110 1084 147 0.000632 11
1050 120 1058 134 0.000611 11
1178 192 1198 221 0.000439 11
1181 185 1218 218 0.000283 11
1196 182 1214 214 0.000172 11
1050 114 1078 150 0.000107 11
