,ID,timestamp,x,y,vx,vy,rgb_conf,lidar_conf,t_index,YOLO_cls,rgb_LLR,lidar_LLR,L,T,R,B,X_LiDAR,Y_LiDAR,Z_LiDAR,l,w,h,rot
0,3,6001.000,26.280,-2.780,0.000,0.000,0.720,0.035,1,0,1.662,-1.352,744.000,199.000,789.000,278.000,26.280,-2.780,-1.170,1.980,0.560,1.690,-0.677
1,4,6001.000,16.470,-1.000,0.000,0.000,0.617,0.993,1,0,1.909,2.225,678.000,209.000,733.000,335.000,16.470,-1.000,-1.230,0.750,0.750,1.530,-0.264
2,3,6002.000,26.275,-2.831,0.000,-0.022,0.726,NaN,2,0,2.590,-1.236,744.000,199.000,790.000,279.000,NaN,NaN,NaN,NaN,NaN,NaN,NaN
3,4,6002.000,16.524,-1.029,0.028,-0.013,0.855,0.979,2,0,4.496,2.248,681.000,207.000,732.000,330.000,16.550,-1.050,-1.280,0.940,0.650,1.730,-0.055
4,3,6003.000,26.271,-2.869,-0.001,-0.027,0.775,NaN,3,0,3.620,-1.251,744.000,200.000,790.000,281.000,NaN,NaN,NaN,NaN,NaN,NaN,NaN
5,4,6003.000,16.552,-1.073,0.026,-0.024,0.887,NaN,3,0,4.285,-1.322,685.000,205.000,734.000,337.000,NaN,NaN,NaN,NaN,NaN,NaN,NaN
6,3,6004.000,26.278,-2.821,0.003,-0.000,0.766,0.017,4,0,2.118,-1.469,744.000,200.000,790.000,281.000,26.300,-2.760,-1.240,1.690,0.560,1.850,-0.884
7,4,6004.000,16.631,-1.108,0.045,-0.025,0.862,0.966,4,0,4.496,2.248,687.000,206.000,735.000,336.000,16.680,-1.120,-1.290,0.780,0.650,1.700,-0.267
8,3,6005.000,26.278,-2.846,0.003,-0.007,0.736,NaN,5,0,2.907,-1.249,744.000,200.000,790.000,281.000,NaN,NaN,NaN,NaN,NaN,NaN,NaN
9,4,6005.000,16.731,-1.152,0.062,-0.033,0.843,1.000,5,0,4.496,2.248,691.000,212.000,738.000,341.000,16.810,-1.150,-1.210,0.730,0.630,1.630,-0.590
10,3,6006.000,26.280,-2.867,0.002,-0.010,0.730,NaN,6,0,2.756,-1.256,744.000,200.000,791.000,281.000,NaN,NaN,NaN,NaN,NaN,NaN,NaN
11,4,6006.000,16.783,-1.221,0.057,-0.042,0.817,NaN,6,0,4.197,-1.324,695.000,214.000,743.000,335.000,NaN,NaN,NaN,NaN,NaN,NaN,NaN
12,3,6007.000,26.363,-2.858,0.024,-0.006,0.745,0.063,7,0,1.893,-1.235,743.000,200.000,791.000,281.000,26.410,-2.840,-1.190,2.030,0.640,1.810,-0.755
13,4,6007.000,16.875,-1.256,0.067,-0.042,0.845,0.994,7,0,4.496,2.248,697.000,213.000,746.000,338.000,16.910,-1.250,-1.270,0.770,0.610,1.590,-0.325
14,3,6008.000,26.390,-2.871,0.026,-0.009,0.770,NaN,8,0,3.261,-1.257,743.000,200.000,791.000,279.000,NaN,NaN,NaN,NaN,NaN,NaN,NaN
15,4,6008.000,16.974,-1.287,0.074,-0.041,0.832,0.977,8,0,4.496,2.248,702.000,210.000,752.000,334.000,17.000,-1.280,-1.240,0.820,0.660,1.750,2.665
16,3,6009.000,26.415,-2.884,0.027,-0.010,0.784,NaN,9,0,3.460,-1.260,744.000,200.000,790.000,279.000,NaN,NaN,NaN,NaN,NaN,NaN,NaN
17,4,6009.000,17.046,-1.359,0.074,-0.049,0.860,NaN,9,0,4.285,-1.325,706.000,208.000,755.000,339.000,NaN,NaN,NaN,NaN,NaN,NaN,NaN
18,3,6010.000,26.265,-2.780,-0.001,0.017,0.702,0.014,10,0,1.367,-1.477,744.000,200.000,790.000,275.000,26.180,-2.670,-1.180,0.720,0.650,1.820,-0.433
19,4,6010.000,17.180,-1.413,0.088,-0.051,0.834,0.999,10,0,4.496,2.248,707.000,208.000,758.000,330.000,17.220,-1.420,-1.200,0.700,0.690,1.480,-0.159
20,3,6011.000,26.263,-2.807,-0.003,0.008,0.734,NaN,11,0,2.590,-1.236,745.000,200.000,790.000,265.000,NaN,NaN,NaN,NaN,NaN,NaN,NaN
21,4,6011.000,17.301,-1.463,0.096,-0.052,0.812,0.998,11,0,4.482,2.248,711.000,208.000,759.000,337.000,17.320,-1.460,-1.240,0.850,0.590,1.700,-0.283
22,3,6012.000,26.259,-2.831,-0.005,-0.000,0.701,NaN,12,0,2.128,-1.246,745.000,199.000,790.000,266.000,NaN,NaN,NaN,NaN,NaN,NaN,NaN
23,4,6012.000,17.395,-1.534,0.095,-0.057,0.868,NaN,12,0,4.285,-1.325,714.000,209.000,768.000,332.000,NaN,NaN,NaN,NaN,NaN,NaN,NaN
24,3,6013.000,26.221,-2.777,-0.008,0.012,0.693,0.026,13,0,1.231,-1.421,745.000,200.000,790.000,268.000,26.200,-2.700,-1.260,0.830,0.620,1.820,-0.143
25,4,6013.000,17.459,-1.550,0.089,-0.044,0.859,0.993,13,0,4.496,2.248,715.000,210.000,769.000,328.000,17.440,-1.510,-1.280,0.750,0.690,1.560,-0.439
26,3,6014.000,26.215,-2.810,-0.007,0.003,0.679,NaN,14,0,1.846,-1.239,746.000,200.000,790.000,266.000,NaN,NaN,NaN,NaN,NaN,NaN,NaN
27,4,6014.000,17.547,-1.595,0.089,-0.043,0.872,0.995,14,0,4.523,2.261,719.000,210.000,768.000,330.000,17.550,-1.590,-1.270,0.780,0.610,1.590,-0.239
28,3,6015.000,26.206,-2.852,-0.010,-0.008,0.618,NaN,15,0,1.205,-1.254,749.000,200.000,790.000,266.000,NaN,NaN,NaN,NaN,NaN,NaN,NaN
29,4,6015.000,17.635,-1.641,0.087,-0.044,0.874,NaN,15,0,4.411,-1.323,721.000,210.000,769.000,330.000,NaN,NaN,NaN,NaN,NaN,NaN,NaN
30,3,6016.000,26.207,-2.892,-0.009,-0.012,0.496,NaN,16,0,0.239,-1.271,751.000,200.000,790.000,265.000,NaN,NaN,NaN,NaN,NaN,NaN,NaN
31,4,6016.000,17.709,-1.650,0.083,-0.034,0.865,0.938,16,0,4.523,2.261,723.000,210.000,772.000,327.000,17.700,-1.630,-1.330,0.730,0.600,1.690,-0.240
32,3,6017.000,26.207,-2.917,-0.008,-0.016,0.201,NaN,17,0,-1.230,-1.281,751.000,200.000,790.000,268.000,NaN,NaN,NaN,NaN,NaN,NaN,NaN
33,4,6017.000,17.804,-1.687,0.085,-0.034,0.833,0.277,17,0,4.523,-0.173,725.000,209.000,773.000,332.000,17.830,-1.690,-1.260,0.680,0.600,1.770,-0.122
34,3,6018.000,26.208,-2.938,-0.006,-0.016,0.120,NaN,18,0,-1.661,-1.285,751.000,201.000,791.000,269.000,NaN,NaN,NaN,NaN,NaN,NaN,NaN
35,4,6018.000,17.885,-1.722,0.082,-0.034,0.830,NaN,18,0,4.255,-1.322,727.000,208.000,771.000,331.000,NaN,NaN,NaN,NaN,NaN,NaN,NaN
36,3,6019.000,26.205,-2.936,-0.005,-0.012,0.149,NaN,19,0,-1.514,-1.289,746.000,200.000,791.000,265.000,NaN,NaN,NaN,NaN,NaN,NaN,NaN
37,4,6019.000,17.951,-1.732,0.077,-0.027,0.818,0.543,19,0,4.523,0.652,729.000,208.000,772.000,330.000,17.930,-1.690,-1.270,0.720,0.620,1.730,-0.247
38,3,6020.000,26.197,-2.923,-0.005,-0.006,0.077,NaN,20,0,-2.119,-1.289,744.000,200.000,790.000,259.000,NaN,NaN,NaN,NaN,NaN,NaN,NaN
39,4,6020.000,18.025,-1.760,0.077,-0.026,0.631,0.935,20,0,2.130,2.261,731.000,211.000,776.000,295.000,18.030,-1.770,-1.360,0.740,0.570,1.760,-0.070
40,3,6021.000,26.187,-2.911,-0.006,-0.003,0.027,NaN,21,0,-2.460,-1.285,740.000,199.000,793.000,270.000,NaN,NaN,NaN,NaN,NaN,NaN,NaN
41,4,6021.000,18.101,-1.811,0.078,-0.033,0.766,NaN,21,0,3.497,-1.319,734.000,211.000,781.000,329.000,NaN,NaN,NaN,NaN,NaN,NaN,NaN
42,3,6022.000,26.193,-2.835,-0.004,0.014,0.098,NaN,22,0,-1.772,-1.287,735.000,211.000,782.000,287.000,NaN,NaN,NaN,NaN,NaN,NaN,NaN
43,4,6022.000,18.152,-1.829,0.071,-0.031,0.486,0.918,22,0,0.834,2.261,735.000,210.000,784.000,333.000,18.130,-1.820,-1.350,0.680,0.600,1.740,-0.284
44,3,6023.000,26.229,-2.719,-0.002,0.037,0.426,0.247,23,0,-0.501,-0.609,738.000,209.000,785.000,289.000,26.260,-2.590,-1.280,0.790,0.600,1.720,-0.738
45,4,6023.000,18.264,-1.887,0.082,-0.039,0.521,0.111,23,0,1.084,-0.695,741.000,210.000,786.000,334.000,18.300,-1.910,-1.300,0.690,0.610,1.780,-0.240
46,3,6024.000,26.220,-2.744,0.002,0.024,0.345,NaN,24,0,-0.635,-1.215,745.000,210.000,788.000,285.000,NaN,NaN,NaN,NaN,NaN,NaN,NaN
47,4,6024.000,18.341,-1.960,0.081,-0.049,0.357,NaN,24,0,-0.147,-1.312,744.000,209.000,789.000,331.000,NaN,NaN,NaN,NaN,NaN,NaN,NaN
48,3,6025.000,26.181,-2.675,-0.005,0.033,0.113,0.126,25,0,-1.950,-0.921,746.000,207.000,794.000,280.000,26.130,-2.620,-1.150,0.760,0.620,1.730,-0.287
49,4,6025.000,18.419,-2.032,0.077,-0.053,0.545,NaN,25,0,1.097,-1.305,746.000,207.000,796.000,329.000,NaN,NaN,NaN,NaN,NaN,NaN,NaN
50,3,6026.000,26.193,-2.627,-0.002,0.037,0.743,0.010,26,0,1.893,-1.430,744.000,200.000,766.000,248.000,26.160,-2.620,-1.210,0.940,0.570,1.870,-2.346
51,4,6026.000,18.588,-2.102,0.096,-0.055,0.508,0.083,26,0,1.007,-0.827,746.000,207.000,799.000,281.000,18.610,-2.120,-1.300,0.740,0.610,1.840,-0.032
52,3,6027.000,26.174,-2.690,-0.004,0.011,0.557,NaN,27,0,0.715,-1.225,748.000,208.000,800.000,280.000,NaN,NaN,NaN,NaN,NaN,NaN,NaN
53,4,6027.000,18.682,-2.159,0.093,-0.055,0.113,NaN,27,0,-1.182,-1.291,747.000,207.000,801.000,336.000,NaN,NaN,NaN,NaN,NaN,NaN,NaN
54,3,6028.000,26.121,-2.632,-0.019,0.024,0.044,0.075,28,0,-2.681,-1.128,738.000,200.000,769.000,288.000,26.060,-2.560,-1.130,0.800,0.570,1.790,-0.375
55,4,6028.000,18.775,-2.205,0.092,-0.054,0.127,NaN,28,0,-1.099,-1.288,749.000,207.000,802.000,329.000,NaN,NaN,NaN,NaN,NaN,NaN,NaN
56,3,6029.000,26.072,-2.570,-0.028,0.036,0.172,0.012,29,0,-1.597,-1.431,743.000,200.000,771.000,285.000,26.040,-2.520,-1.080,0.890,0.420,1.950,-0.631
57,4,6029.000,18.866,-2.255,0.092,-0.054,0.080,NaN,29,0,-1.321,-1.286,753.000,210.000,805.000,338.000,NaN,NaN,NaN,NaN,NaN,NaN,NaN
58,3,6030.000,26.034,-2.594,-0.029,0.021,0.136,NaN,30,0,-1.518,-1.250,740.000,200.000,772.000,280.000,NaN,NaN,NaN,NaN,NaN,NaN,NaN
59,4,6030.000,18.958,-2.291,0.093,-0.048,0.139,NaN,30,0,-1.211,-1.285,756.000,210.000,804.000,327.000,NaN,NaN,NaN,NaN,NaN,NaN,NaN
60,3,6031.000,25.921,-2.525,-0.046,0.032,0.136,0.030,31,0,-1.846,-1.446,739.000,200.000,772.000,280.000,25.880,-2.410,-1.210,0.920,0.500,1.880,-1.162
61,4,6031.000,19.053,-2.320,0.096,-0.044,0.166,NaN,31,0,-0.927,-1.284,757.000,209.000,805.000,335.000,NaN,NaN,NaN,NaN,NaN,NaN,NaN
62,3,6032.000,25.860,-2.578,-0.050,0.011,0.149,NaN,32,0,-1.366,-1.316,742.000,200.000,774.000,284.000,NaN,NaN,NaN,NaN,NaN,NaN,NaN
63,4,6032.000,19.003,-2.307,0.073,-0.032,0.063,0.704,32,0,-1.886,1.411,758.000,208.000,807.000,342.000,18.990,-2.270,-1.530,0.780,0.640,1.810,-0.182
64,3,6033.000,25.795,-2.608,-0.053,0.001,0.629,NaN,33,0,1.305,-1.323,744.000,200.000,774.000,278.000,NaN,NaN,NaN,NaN,NaN,NaN,NaN
65,4,6033.000,19.077,-2.331,0.074,-0.031,0.091,NaN,33,0,-1.270,-1.286,757.000,207.000,807.000,343.000,NaN,NaN,NaN,NaN,NaN,NaN,NaN
66,3,6034.000,25.751,-2.641,-0.050,-0.008,0.766,NaN,34,0,3.422,-1.324,744.000,200.000,775.000,282.000,NaN,NaN,NaN,NaN,NaN,NaN,NaN
67,4,6034.000,19.152,-2.360,0.075,-0.031,0.039,NaN,34,0,-1.898,-1.286,762.000,207.000,806.000,324.000,NaN,NaN,NaN,NaN,NaN,NaN,NaN
68,3,6035.000,25.710,-2.667,-0.047,-0.013,0.744,NaN,35,0,2.907,-1.324,744.000,200.000,777.000,281.000,NaN,NaN,NaN,NaN,NaN,NaN,NaN
69,4,6035.000,19.160,-2.346,0.062,-0.019,0.042,0.026,35,0,-2.241,-1.189,766.000,207.000,807.000,343.000,19.130,-2.280,-1.310,0.790,0.660,1.840,-0.110
70,3,6036.000,25.668,-2.696,-0.047,-0.018,0.773,NaN,36,0,3.422,-1.323,744.000,200.000,780.000,281.000,NaN,NaN,NaN,NaN,NaN,NaN,NaN
71,4,6036.000,19.219,-2.383,0.061,-0.025,0.055,NaN,36,0,-1.471,-1.286,766.000,207.000,809.000,329.000,NaN,NaN,NaN,NaN,NaN,NaN,NaN
72,3,6037.000,25.631,-2.865,-0.051,-0.056,0.631,NaN,37,0,1.305,-1.323,767.000,209.000,809.000,277.000,NaN,NaN,NaN,NaN,NaN,NaN,NaN
73,4,6037.000,19.288,-2.402,0.063,-0.023,0.077,0.039,37,0,-1.641,-1.121,767.000,208.000,810.000,329.000,19.300,-2.390,-1.380,0.770,0.640,1.850,-0.212
74,48,6037.000,26.190,-2.730,0.000,0.000,0.771,0.197,37,0,2.118,-0.730,744.000,200.000,780.000,281.000,26.190,-2.730,-1.220,0.790,0.550,1.810,-0.762
75,3,6038.000,25.581,-2.922,-0.050,-0.057,NaN,NaN,38,0,-3.076,-1.317,NaN,NaN,NaN,NaN,NaN,NaN,NaN,NaN,NaN,NaN,NaN
76,4,6038.000,19.369,-2.451,0.068,-0.032,0.551,0.206,38,0,1.405,-0.386,778.000,210.000,813.000,277.000,19.390,-2.480,-1.340,0.730,0.640,1.820,-0.253
77,48,6038.000,26.084,-2.515,-0.038,0.057,0.720,0.024,38,0,1.662,-1.432,744.000,200.000,782.000,283.000,26.020,-2.380,-1.300,0.970,0.480,1.870,-0.697
78,3,6039.000,25.549,-2.857,-0.045,-0.030,0.671,NaN,39,0,1.724,-1.315,744.000,200.000,782.000,277.000,NaN,NaN,NaN,NaN,NaN,NaN,NaN
79,4,6039.000,19.431,-2.509,0.066,-0.039,0.148,NaN,39,0,-1.027,-1.291,773.000,209.000,817.000,340.000,NaN,NaN,NaN,NaN,NaN,NaN,NaN
80,48,6039.000,26.029,-2.825,-0.090,-0.114,0.555,NaN,39,0,0.715,-1.269,772.000,209.000,817.000,277.000,NaN,NaN,NaN,NaN,NaN,NaN,NaN
81,3,6040.000,25.496,-3.059,-0.049,-0.068,0.719,NaN,40,0,2.434,-1.316,774.000,209.000,818.000,277.000,NaN,NaN,NaN,NaN,NaN,NaN,NaN
82,4,6040.000,19.493,-2.554,0.063,-0.041,0.048,NaN,40,0,-1.598,-1.292,774.000,209.000,818.000,338.000,NaN,NaN,NaN,NaN,NaN,NaN,NaN
83,48,6040.000,26.086,-2.812,-0.015,-0.070,0.690,0.163,40,0,1.231,-0.871,744.000,200.000,782.000,277.000,26.180,-2.700,-1.180,0.850,0.600,1.810,-0.278
84,3,6041.000,25.375,-3.219,-0.057,-0.090,0.031,NaN,41,0,-2.777,-1.308,778.000,207.000,817.000,251.000,NaN,NaN,NaN,NaN,NaN,NaN,NaN
85,4,6041.000,19.586,-2.588,0.069,-0.040,0.775,0.529,41,0,3.971,0.595,777.000,208.000,821.000,277.000,19.590,-2.590,-1.300,0.750,0.660,1.810,-0.253
86,48,6041.000,26.100,-2.750,-0.003,-0.022,0.675,0.167,41,0,1.117,-0.835,744.000,200.000,782.000,278.000,26.130,-2.660,-1.250,0.770,0.610,1.830,-0.149
87,3,6042.000,25.287,-3.346,-0.062,-0.098,0.692,NaN,42,0,1.982,-1.314,778.000,207.000,824.000,278.000,NaN,NaN,NaN,NaN,NaN,NaN,NaN
88,4,6042.000,19.648,-2.661,0.069,-0.049,0.043,NaN,42,0,-1.721,-1.295,781.000,208.000,826.000,329.000,NaN,NaN,NaN,NaN,NaN,NaN,NaN
89,48,6042.000,26.085,-2.791,-0.007,-0.027,0.701,NaN,42,0,2.315,-1.262,744.000,200.000,783.000,283.000,NaN,NaN,NaN,NaN,NaN,NaN,NaN
90,3,6043.000,25.192,-3.450,-0.066,-0.099,0.448,NaN,43,0,-0.081,-1.317,781.000,208.000,826.000,280.000,NaN,NaN,NaN,NaN,NaN,NaN,NaN
91,4,6043.000,19.732,-2.694,0.070,-0.045,0.054,0.618,43,0,-2.144,0.969,781.000,207.000,827.000,333.000,19.730,-2.670,-1.290,0.750,0.680,1.850,-0.155
92,48,6043.000,26.068,-2.819,-0.011,-0.027,0.704,NaN,43,0,2.315,-1.272,744.000,200.000,784.000,282.000,NaN,NaN,NaN,NaN,NaN,NaN,NaN
93,3,6044.000,25.091,-3.531,-0.070,-0.096,0.539,NaN,44,0,0.556,-1.317,782.000,209.000,829.000,279.000,NaN,NaN,NaN,NaN,NaN,NaN,NaN
94,4,6044.000,19.852,-2.710,0.081,-0.040,0.044,0.351,44,0,-2.320,-0.047,783.000,209.000,830.000,335.000,19.880,-2.700,-1.350,0.660,0.640,1.750,-0.273
95,48,6044.000,26.109,-2.854,0.001,-0.027,0.694,0.061,44,0,1.231,-1.250,744.000,200.000,785.000,284.000,26.150,-2.830,-1.270,0.810,0.580,1.910,-0.311
96,3,6045.000,25.000,-3.590,-0.069,-0.089,0.734,NaN,45,0,2.590,-1.319,785.000,210.000,831.000,279.000,NaN,NaN,NaN,NaN,NaN,NaN,NaN
97,4,6045.000,19.933,-2.751,0.082,-0.041,NaN,NaN,45,0,-2.602,-1.301,NaN,NaN,NaN,NaN,NaN,NaN,NaN,NaN,NaN,NaN,NaN
98,48,6045.000,26.110,-2.870,0.002,-0.025,0.668,NaN,45,0,1.916,-1.278,744.000,200.000,787.000,284.000,NaN,NaN,NaN,NaN,NaN,NaN,NaN
99,3,6046.000,24.965,-3.620,-0.061,-0.076,0.781,NaN,46,0,3.460,-1.318,784.000,212.000,831.000,278.000,NaN,NaN,NaN,NaN,NaN,NaN,NaN
100,4,6046.000,20.023,-2.810,0.084,-0.044,0.028,NaN,46,0,-2.011,-1.302,785.000,212.000,832.000,318.000,NaN,NaN,NaN,NaN,NaN,NaN,NaN
101,48,6046.000,26.108,-2.802,0.003,-0.002,0.665,0.334,46,0,0.944,-0.458,744.000,200.000,789.000,283.000,26.130,-2.670,-1.210,0.960,0.610,1.840,-0.037
102,3,6047.000,25.863,-3.496,0.006,0.012,NaN,0.020,47,0,-3.108,-1.530,713.000,191.000,802.000,289.000,26.220,-2.690,-1.180,1.870,0.560,1.830,-0.867
103,4,6047.000,20.184,-2.891,0.095,-0.053,0.827,0.023,47,0,4.434,-1.273,786.000,210.000,831.000,280.000,20.230,-2.900,-1.330,0.750,0.660,1.780,-0.566
104,48,6047.000,26.158,-2.777,0.012,0.007,0.682,0.064,47,0,1.117,-1.236,744.000,200.000,789.000,284.000,26.210,-2.720,-1.180,0.750,0.630,1.800,-0.343
105,3,6048.000,25.874,-3.496,0.009,0.007,0.725,NaN,48,0,2.434,-1.317,785.000,208.000,831.000,279.000,NaN,NaN,NaN,NaN,NaN,NaN,NaN
106,4,6048.000,20.287,-2.915,0.096,-0.046,0.060,NaN,48,0,-1.495,-1.307,785.000,208.000,833.000,341.000,NaN,NaN,NaN,NaN,NaN,NaN,NaN
107,48,6048.000,26.170,-2.789,0.015,0.004,0.621,NaN,48,0,1.205,-1.253,743.000,200.000,785.000,271.000,NaN,NaN,NaN,NaN,NaN,NaN,NaN
108,3,6049.000,25.883,-3.488,0.009,0.008,NaN,NaN,49,0,0.000,-1.423,NaN,NaN,NaN,NaN,NaN,NaN,NaN,NaN,NaN,NaN,NaN
109,4,6049.000,20.266,-2.893,0.072,-0.027,0.781,0.500,49,0,3.971,0.451,787.000,207.000,831.000,281.000,20.200,-2.800,-1.260,0.660,0.660,1.730,-0.100
110,48,6049.000,26.182,-2.807,0.014,-0.003,0.613,NaN,49,0,1.112,-1.256,743.000,200.000,788.000,273.000,NaN,NaN,NaN,NaN,NaN,NaN,NaN
111,3,6050.000,25.921,-3.535,0.015,-0.006,0.668,NaN,50,0,1.724,-1.317,789.000,207.000,831.000,284.000,NaN,NaN,NaN,NaN,NaN,NaN,NaN
112,4,6050.000,20.350,-2.894,0.076,-0.016,0.048,0.271,50,0,-2.155,-0.227,788.000,207.000,832.000,339.000,20.370,-2.850,-1.350,0.760,0.610,1.820,-0.047
113,48,6050.000,26.201,-2.827,0.013,-0.008,0.632,NaN,50,0,1.305,-1.261,743.000,200.000,789.000,271.000,NaN,NaN,NaN,NaN,NaN,NaN,NaN
114,3,6051.000,25.977,-3.609,0.025,-0.021,0.645,NaN,51,0,1.509,-1.318,792.000,208.000,832.000,279.000,NaN,NaN,NaN,NaN,NaN,NaN,NaN
115,4,6051.000,20.423,-2.921,0.076,-0.018,0.171,NaN,51,0,-0.944,-1.307,791.000,208.000,833.000,340.000,NaN,NaN,NaN,NaN,NaN,NaN,NaN
116,48,6051.000,26.216,-2.847,0.014,-0.011,0.646,NaN,51,0,1.509,-1.260,743.000,200.000,790.000,270.000,NaN,NaN,NaN,NaN,NaN,NaN,NaN
117,3,6052.000,26.025,-3.685,0.029,-0.032,0.570,NaN,52,0,0.787,-1.320,793.000,208.000,834.000,279.000,NaN,NaN,NaN,NaN,NaN,NaN,NaN
118,4,6052.000,20.498,-2.950,0.075,-0.022,0.277,NaN,52,0,-0.435,-1.307,792.000,208.000,834.000,340.000,NaN,NaN,NaN,NaN,NaN,NaN,NaN
119,48,6052.000,26.236,-2.871,0.015,-0.015,0.649,NaN,52,0,1.509,-1.265,744.000,200.000,791.000,268.000,NaN,NaN,NaN,NaN,NaN,NaN,NaN
120,3,6053.000,26.057,-3.763,0.028,-0.042,0.422,NaN,53,0,-0.277,-1.320,796.000,210.000,836.000,275.000,NaN,NaN,NaN,NaN,NaN,NaN,NaN
121,4,6053.000,20.576,-2.995,0.075,-0.029,0.308,NaN,53,0,-0.365,-1.307,796.000,210.000,836.000,342.000,NaN,NaN,NaN,NaN,NaN,NaN,NaN
122,48,6053.000,26.250,-2.886,0.015,-0.015,NaN,NaN,53,0,-2.979,-1.275,NaN,NaN,NaN,NaN,NaN,NaN,NaN,NaN,NaN,NaN,NaN
123,56,6053.000,26.240,-2.790,0.000,0.000,0.670,0.875,53,0,1.024,2.408,744.000,200.000,791.000,269.000,26.240,-2.790,-1.190,1.730,0.600,1.770,-0.872
124,3,6054.000,26.068,-3.851,0.027,-0.054,0.809,NaN,54,0,4.175,-1.320,799.000,209.000,840.000,300.000,NaN,NaN,NaN,NaN,NaN,NaN,NaN
125,4,6054.000,20.651,-3.023,0.075,-0.029,NaN,NaN,54,0,-2.535,-1.308,NaN,NaN,NaN,NaN,NaN,NaN,NaN,NaN,NaN,NaN,NaN
126,48,6054.000,26.271,-2.905,0.015,-0.015,0.657,NaN,54,0,1.613,-1.272,744.000,200.000,792.000,271.000,NaN,NaN,NaN,NaN,NaN,NaN,NaN
127,56,6054.000,26.237,-2.784,0.003,0.001,NaN,NaN,54,0,-2.479,-1.239,NaN,NaN,NaN,NaN,NaN,NaN,NaN,NaN,NaN,NaN,NaN
128,3,6055.000,26.095,-3.905,0.027,-0.054,NaN,NaN,55,0,-2.396,-1.320,NaN,NaN,NaN,NaN,NaN,NaN,NaN,NaN,NaN,NaN,NaN
129,4,6055.000,20.787,-3.053,0.082,-0.023,0.829,0.451,55,0,4.274,0.220,799.000,209.000,842.000,300.000,20.790,-3.060,-1.380,0.740,0.640,1.870,-0.222
130,48,6055.000,26.286,-2.920,0.015,-0.015,NaN,NaN,55,0,-2.982,-1.276,NaN,NaN,NaN,NaN,NaN,NaN,NaN,NaN,NaN,NaN,NaN
131,56,6055.000,26.342,-2.823,0.031,-0.013,0.658,0.034,55,0,0.944,-1.413,744.000,200.000,792.000,270.000,26.390,-2.850,-1.230,0.840,0.590,1.960,-1.020
132,3,6056.000,26.123,-3.958,0.028,-0.053,NaN,NaN,56,0,-2.560,-1.321,NaN,NaN,NaN,NaN,NaN,NaN,NaN,NaN,NaN,NaN,NaN
133,4,6056.000,20.861,-3.095,0.077,-0.028,0.839,0.695,56,0,4.274,1.297,803.000,207.000,845.000,308.000,20.830,-3.120,-1.320,0.690,0.590,1.650,-0.327
134,48,6056.000,26.299,-2.932,0.014,-0.012,NaN,NaN,56,0,-2.721,-1.279,NaN,NaN,NaN,NaN,NaN,NaN,NaN,NaN,NaN,NaN,NaN
135,56,6056.000,26.369,-2.865,0.029,-0.021,0.665,NaN,56,0,1.613,-1.246,744.000,200.000,791.000,271.000,NaN,NaN,NaN,NaN,NaN,NaN,NaN
136,3,6057.000,26.151,-4.012,0.028,-0.054,NaN,NaN,57,0,-2.073,-1.322,NaN,NaN,NaN,NaN,NaN,NaN,NaN,NaN,NaN,NaN,NaN
137,4,6057.000,20.938,-3.156,0.076,-0.037,0.710,NaN,57,0,2.462,-1.310,804.000,207.000,847.000,307.000,NaN,NaN,NaN,NaN,NaN,NaN,NaN
138,48,6057.000,26.313,-2.942,0.014,-0.010,NaN,NaN,57,0,-2.561,-1.280,NaN,NaN,NaN,NaN,NaN,NaN,NaN,NaN,NaN,NaN,NaN
139,56,6057.000,26.394,-2.886,0.028,-0.021,0.724,NaN,57,0,2.434,-1.261,743.000,200.000,790.000,280.000,NaN,NaN,NaN,NaN,NaN,NaN,NaN
140,3,6058.000,26.178,-4.065,0.028,-0.053,NaN,NaN,58,0,2.221,-1.267,NaN,NaN,NaN,NaN,NaN,NaN,NaN,NaN,NaN,NaN,NaN
141,4,6058.000,21.015,-3.193,0.077,-0.037,NaN,NaN,58,0,-1.871,-1.311,NaN,NaN,NaN,NaN,NaN,NaN,NaN,NaN,NaN,NaN,NaN
142,48,6058.000,26.326,-2.955,0.014,-0.013,NaN,NaN,58,0,-3.072,-1.283,NaN,NaN,NaN,NaN,NaN,NaN,NaN,NaN,NaN,NaN,NaN
143,56,6058.000,26.421,-2.899,0.028,-0.018,0.723,NaN,58,0,2.434,-1.262,743.000,200.000,790.000,280.000,NaN,NaN,NaN,NaN,NaN,NaN,NaN
144,3,6059.000,26.175,-4.124,0.023,-0.057,0.600,NaN,59,0,1.024,-1.323,808.000,206.000,853.000,281.000,NaN,NaN,NaN,NaN,NaN,NaN,NaN
145,4,6059.000,21.108,-3.199,0.081,-0.031,0.064,0.054,59,0,-2.052,-1.115,807.000,206.000,854.000,342.000,21.130,-3.180,-1.430,0.680,0.640,1.840,-0.160
146,48,6059.000,26.339,-2.970,0.012,-0.015,NaN,NaN,59,0,-1.831,-1.284,NaN,NaN,NaN,NaN,NaN,NaN,NaN,NaN,NaN,NaN,NaN
147,56,6059.000,26.235,-2.750,-0.012,0.026,0.731,0.051,59,0,1.790,-1.310,744.000,200.000,790.000,281.000,26.190,-2.620,-1.190,1.820,0.530,1.790,-1.035
148,3,6060.000,26.197,-4.174,0.020,-0.056,0.818,NaN,60,0,4.217,-1.324,810.000,207.000,855.000,281.000,NaN,NaN,NaN,NaN,NaN,NaN,NaN
149,4,6060.000,21.191,-3.230,0.083,-0.031,NaN,NaN,60,0,-1.722,-1.312,NaN,NaN,NaN,NaN,NaN,NaN,NaN,NaN,NaN,NaN,NaN
150,48,6060.000,26.349,-2.981,0.010,-0.011,NaN,NaN,60,0,-3.214,-1.285,NaN,NaN,NaN,NaN,NaN,NaN,NaN,NaN,NaN,NaN,NaN
151,56,6060.000,26.217,-2.782,-0.011,0.012,0.730,NaN,60,0,2.590,-1.231,744.000,200.000,790.000,280.000,NaN,NaN,NaN,NaN,NaN,NaN,NaN
152,3,6061.000,26.218,-4.231,0.021,-0.056,NaN,NaN,61,0,-1.696,-1.324,NaN,NaN,NaN,NaN,NaN,NaN,NaN,NaN,NaN,NaN,NaN
153,4,6061.000,21.225,-3.271,0.072,-0.034,0.819,0.950,61,0,4.270,2.148,811.000,208.000,855.000,280.000,21.190,-3.290,-1.290,0.700,0.690,1.620,-0.166
154,48,6061.000,26.360,-2.991,0.011,-0.010,NaN,NaN,61,0,-2.580,-1.290,NaN,NaN,NaN,NaN,NaN,NaN,NaN,NaN,NaN,NaN,NaN
155,56,6061.000,26.089,-2.713,-0.033,0.025,0.727,0.054,61,0,1.790,-1.290,744.000,200.000,790.000,280.000,26.060,-2.630,-1.250,1.670,0.490,1.800,-0.802
156,3,6062.000,26.238,-4.286,0.020,-0.056,NaN,NaN,62,0,-1.737,-1.323,NaN,NaN,NaN,NaN,NaN,NaN,NaN,NaN,NaN,NaN,NaN
157,4,6062.000,21.293,-3.334,0.068,-0.040,0.843,0.894,62,0,4.274,2.148,812.000,208.000,855.000,280.000,21.290,-3.360,-1.310,0.740,0.760,1.550,-0.133
158,48,6062.000,26.373,-3.003,0.012,-0.012,NaN,NaN,62,0,-3.225,-1.289,NaN,NaN,NaN,NaN,NaN,NaN,NaN,NaN,NaN,NaN,NaN
159,56,6062.000,26.219,-2.777,0.002,0.006,0.732,0.882,62,0,1.790,2.408,744.000,200.000,790.000,280.000,26.360,-2.890,-1.250,1.760,0.570,1.770,-0.841
160,3,6063.000,26.205,-4.248,0.017,-0.039,0.696,NaN,63,0,2.128,-1.322,814.000,207.000,855.000,281.000,NaN,NaN,NaN,NaN,NaN,NaN,NaN
161,4,6063.000,21.360,-3.375,0.068,-0.040,NaN,NaN,63,0,-1.727,-1.316,NaN,NaN,NaN,NaN,NaN,NaN,NaN,NaN,NaN,NaN,NaN
162,48,6063.000,26.384,-3.015,0.011,-0.012,NaN,NaN,63,0,-3.237,-1.294,NaN,NaN,NaN,NaN,NaN,NaN,NaN,NaN,NaN,NaN,NaN
163,56,6063.000,26.218,-2.802,0.003,-0.003,0.725,NaN,63,0,2.434,-1.239,743.000,200.000,790.000,280.000,NaN,NaN,NaN,NaN,NaN,NaN,NaN
164,3,6064.000,26.222,-4.286,0.016,-0.038,NaN,NaN,64,0,-1.695,-1.323,NaN,NaN,NaN,NaN,NaN,NaN,NaN,NaN,NaN,NaN,NaN
165,4,6064.000,21.418,-3.400,0.066,-0.037,0.757,0.699,64,0,3.476,1.297,815.000,206.000,854.000,284.000,21.410,-3.380,-1.310,0.800,0.590,1.760,-0.398
166,48,6064.000,26.394,-3.028,0.010,-0.013,NaN,NaN,64,0,-2.916,-1.290,NaN,NaN,NaN,NaN,NaN,NaN,NaN,NaN,NaN,NaN,NaN
167,56,6064.000,26.219,-2.829,0.004,-0.010,0.720,NaN,64,0,2.434,-1.251,743.000,200.000,789.000,280.000,NaN,NaN,NaN,NaN,NaN,NaN,NaN
168,3,6065.000,26.341,-4.277,0.025,-0.027,0.679,NaN,65,0,2.039,-1.322,816.000,206.000,852.000,293.000,NaN,NaN,NaN,NaN,NaN,NaN,NaN
169,4,6065.000,21.483,-3.435,0.065,-0.035,NaN,NaN,65,0,-1.686,-1.316,NaN,NaN,NaN,NaN,NaN,NaN,NaN,NaN,NaN,NaN,NaN
170,48,6065.000,26.404,-3.042,0.010,-0.013,NaN,NaN,65,0,-2.590,-1.295,NaN,NaN,NaN,NaN,NaN,NaN,NaN,NaN,NaN,NaN,NaN
171,56,6065.000,26.221,-2.853,0.004,-0.015,0.705,NaN,65,0,2.280,-1.258,743.000,200.000,789.000,280.000,NaN,NaN,NaN,NaN,NaN,NaN,NaN
172,3,6066.000,26.435,-4.333,0.030,-0.034,0.516,NaN,66,0,0.383,-1.323,821.000,205.000,856.000,281.000,NaN,NaN,NaN,NaN,NaN,NaN,NaN
173,4,6066.000,21.562,-3.494,0.067,-0.040,0.043,NaN,66,0,-1.748,-1.315,818.000,204.000,857.000,338.000,NaN,NaN,NaN,NaN,NaN,NaN,NaN
174,48,6066.000,26.415,-3.056,0.011,-0.015,NaN,NaN,66,0,-2.284,-1.295,NaN,NaN,NaN,NaN,NaN,NaN,NaN,NaN,NaN,NaN,NaN
175,56,6066.000,26.220,-2.879,0.003,-0.017,0.714,NaN,66,0,2.462,-1.269,744.000,199.000,791.000,280.000,NaN,NaN,NaN,NaN,NaN,NaN,NaN
176,3,6067.000,26.464,-4.368,0.029,-0.036,NaN,NaN,67,0,-2.397,-1.321,NaN,NaN,NaN,NaN,NaN,NaN,NaN,NaN,NaN,NaN,NaN
177,4,6067.000,21.602,-3.484,0.061,-0.027,0.534,0.915,67,0,0.990,2.238,823.000,205.000,856.000,297.000,21.580,-3.450,-1.330,0.680,0.610,1.710,-0.219
178,48,6067.000,26.426,-3.071,0.011,-0.014,NaN,NaN,67,0,0.000,-2.179,NaN,NaN,NaN,NaN,NaN,NaN,NaN,NaN,NaN,NaN,NaN
179,56,6067.000,26.205,-2.900,-0.001,-0.018,0.712,NaN,67,0,2.280,-1.276,744.000,199.000,791.000,278.000,NaN,NaN,NaN,NaN,NaN,NaN,NaN
180,3,6068.000,26.493,-4.404,0.029,-0.036,NaN,NaN,68,0,-2.557,-1.319,NaN,NaN,NaN,NaN,NaN,NaN,NaN,NaN,NaN,NaN,NaN
181,4,6068.000,21.691,-3.505,0.064,-0.026,0.671,0.932,68,0,2.005,2.238,824.000,206.000,857.000,304.000,21.700,-3.500,-1.270,0.720,0.600,1.590,-0.604
182,48,6068.000,25.934,-4.706,-0.018,-0.131,NaN,0.068,68,0,-3.063,-1.196,830.000,161.000,897.000,264.000,25.880,-4.680,-0.640,1.110,0.630,1.900,-2.591
183,56,6068.000,26.197,-2.898,-0.003,-0.012,0.726,NaN,68,0,2.756,-1.282,743.000,199.000,790.000,281.000,NaN,NaN,NaN,NaN,NaN,NaN,NaN
184,3,6069.000,26.521,-4.439,0.028,-0.035,NaN,NaN,69,0,-2.797,-1.315,NaN,NaN,NaN,NaN,NaN,NaN,NaN,NaN,NaN,NaN,NaN
185,4,6069.000,21.754,-3.568,0.066,-0.035,0.595,NaN,69,0,1.208,-1.313,825.000,208.000,855.000,297.000,NaN,NaN,NaN,NaN,NaN,NaN,NaN
186,48,6069.000,25.915,-4.837,-0.019,-0.131,NaN,NaN,69,0,-2.593,-1.296,NaN,NaN,NaN,NaN,NaN,NaN,NaN,NaN,NaN,NaN,NaN
187,56,6069.000,26.189,-2.896,-0.003,-0.009,0.721,NaN,69,0,2.608,-1.282,744.000,199.000,790.000,281.000,NaN,NaN,NaN,NaN,NaN,NaN,NaN
188,3,6070.000,26.550,-4.472,0.029,-0.033,NaN,NaN,70,0,-2.651,-1.312,NaN,NaN,NaN,NaN,NaN,NaN,NaN,NaN,NaN,NaN,NaN
189,4,6070.000,21.842,-3.608,0.070,-0.035,0.690,0.217,70,0,2.242,-0.468,825.000,207.000,856.000,302.000,21.860,-3.630,-1.320,0.780,0.690,1.810,-1.696
190,48,6070.000,25.895,-4.970,-0.019,-0.133,NaN,NaN,70,0,-4.618,-1.742,NaN,NaN,NaN,NaN,NaN,NaN,NaN,NaN,NaN,NaN,NaN
191,56,6070.000,26.182,-2.899,-0.003,-0.008,0.669,NaN,70,0,1.724,-1.285,744.000,199.000,791.000,278.000,NaN,NaN,NaN,NaN,NaN,NaN,NaN
192,3,6071.000,26.579,-4.506,0.029,-0.034,NaN,NaN,71,0,-2.773,-1.304,NaN,NaN,NaN,NaN,NaN,NaN,NaN,NaN,NaN,NaN,NaN
193,4,6071.000,21.886,-3.637,0.065,-0.036,0.642,0.781,71,0,1.758,1.745,828.000,204.000,866.000,283.000,21.890,-3.640,-1.400,0.800,0.560,1.770,-0.214
194,56,6071.000,26.296,-2.860,0.009,-0.003,0.662,0.053,71,0,0.944,-1.332,744.000,200.000,790.000,274.000,26.310,-2.800,-1.170,1.760,0.520,1.730,-0.924
195,3,6072.000,27.059,-4.640,0.054,-0.041,0.737,NaN,72,0,2.746,-1.299,830.000,202.000,868.000,282.000,NaN,NaN,NaN,NaN,NaN,NaN,NaN
196,4,6072.000,21.951,-3.673,0.065,-0.036,NaN,NaN,72,0,-2.440,-1.304,NaN,NaN,NaN,NaN,NaN,NaN,NaN,NaN,NaN,NaN,NaN
197,56,6072.000,26.301,-2.867,0.007,-0.003,0.631,NaN,72,0,1.492,-1.264,744.000,199.000,788.000,282.000,NaN,NaN,NaN,NaN,NaN,NaN,NaN
198,3,6073.000,27.182,-4.557,0.052,-0.016,0.044,NaN,73,0,-2.339,-1.274,832.000,211.000,853.000,280.000,NaN,NaN,NaN,NaN,NaN,NaN,NaN
199,4,6073.000,21.991,-3.710,0.058,-0.037,0.600,0.815,73,0,1.469,1.967,832.000,203.000,867.000,283.000,21.970,-3.710,-1.250,0.760,0.640,1.730,-0.290
200,56,6073.000,26.215,-2.804,-0.005,0.012,0.688,0.917,73,0,1.231,4.838,744.000,200.000,787.000,280.000,26.160,-2.700,-1.240,2.020,0.590,1.890,-0.864
201,3,6074.000,27.233,-4.575,0.051,-0.017,NaN,NaN,74,0,-2.455,-1.312,NaN,NaN,NaN,NaN,NaN,NaN,NaN,NaN,NaN,NaN,NaN
202,4,6074.000,22.086,-3.771,0.066,-0.045,0.717,0.745,74,0,2.719,1.506,834.000,202.000,872.000,285.000,22.130,-3.810,-1.330,0.720,0.600,1.660,-0.313
203,56,6074.000,26.308,-2.834,0.013,0.001,0.754,0.223,74,0,1.976,-0.691,744.000,200.000,790.000,280.000,26.420,-2.900,-1.240,2.170,0.710,2.010,-0.791
204,3,6075.000,27.284,-4.592,0.052,-0.017,NaN,NaN,75,0,-2.054,-1.310,NaN,NaN,NaN,NaN,NaN,NaN,NaN,NaN,NaN,NaN,NaN
205,4,6075.000,22.144,-3.858,0.063,-0.056,0.777,NaN,75,0,3.620,-1.303,835.000,202.000,876.000,292.000,NaN,NaN,NaN,NaN,NaN,NaN,NaN
206,56,6075.000,26.327,-2.820,0.016,0.005,0.611,NaN,75,0,1.298,-1.251,743.000,200.000,782.000,281.000,NaN,NaN,NaN,NaN,NaN,NaN,NaN
207,3,6076.000,27.337,-4.609,0.053,-0.018,NaN,NaN,76,0,-1.990,-1.308,NaN,NaN,NaN,NaN,NaN,NaN,NaN,NaN,NaN,NaN,NaN
208,4,6076.000,22.197,-3.862,0.063,-0.043,0.731,0.911,76,0,2.876,2.238,835.000,202.000,877.000,292.000,22.190,-3.810,-1.220,0.770,0.650,1.710,-0.318
209,56,6076.000,26.344,-2.816,0.016,0.006,0.686,NaN,76,0,1.982,-1.244,743.000,200.000,783.000,278.000,NaN,NaN,NaN,NaN,NaN,NaN,NaN
210,3,6077.000,27.389,-4.627,0.051,-0.018,NaN,NaN,77,0,-1.927,-1.308,NaN,NaN,NaN,NaN,NaN,NaN,NaN,NaN,NaN,NaN,NaN
211,4,6077.000,22.258,-3.923,0.061,-0.048,0.715,NaN,77,0,2.462,-1.300,836.000,200.000,880.000,286.000,NaN,NaN,NaN,NaN,NaN,NaN,NaN
212,56,6077.000,26.364,-2.815,0.018,0.005,0.667,NaN,77,0,1.724,-1.243,743.000,200.000,783.000,274.000,NaN,NaN,NaN,NaN,NaN,NaN,NaN
213,3,6078.000,27.903,-4.907,0.063,-0.054,0.701,NaN,78,0,2.128,-1.302,837.000,200.000,881.000,275.000,NaN,NaN,NaN,NaN,NaN,NaN,NaN
214,4,6078.000,22.320,-3.972,0.062,-0.049,NaN,NaN,78,0,-1.848,-1.296,NaN,NaN,NaN,NaN,NaN,NaN,NaN,NaN,NaN,NaN,NaN
215,56,6078.000,26.354,-2.799,0.013,0.006,0.767,0.095,78,0,2.118,-1.009,744.000,200.000,782.000,282.000,26.320,-2.770,-1.260,1.670,0.510,1.760,-0.889
216,3,6079.000,27.967,-4.961,0.064,-0.054,NaN,NaN,79,0,-1.673,-1.210,NaN,NaN,NaN,NaN,NaN,NaN,NaN,NaN,NaN,NaN,NaN
217,4,6079.000,22.410,-3.969,0.067,-0.040,0.742,0.968,79,0,3.012,2.238,839.000,200.000,881.000,280.000,22.420,-3.930,-1.270,0.720,0.640,1.670,-0.347
218,56,6079.000,26.302,-2.764,-0.001,0.013,0.658,0.148,79,0,0.944,-0.867,744.000,200.000,788.000,282.000,26.210,-2.710,-1.200,0.850,0.620,1.820,0.824
219,3,6080.000,28.285,-5.101,0.077,-0.064,0.666,NaN,80,0,1.724,-1.187,842.000,200.000,881.000,279.000,NaN,NaN,NaN,NaN,NaN,NaN,NaN
220,4,6080.000,22.434,-4.193,0.055,-0.081,0.032,NaN,80,0,-2.748,-1.295,863.000,216.000,881.000,271.000,NaN,NaN,NaN,NaN,NaN,NaN,NaN
221,56,6080.000,26.296,-2.780,-0.002,0.005,0.750,NaN,80,0,3.065,-1.230,744.000,200.000,783.000,283.000,NaN,NaN,NaN,NaN,NaN,NaN,NaN
222,3,6081.000,28.360,-5.164,0.076,-0.064,NaN,NaN,81,0,-1.631,-1.180,NaN,NaN,NaN,NaN,NaN,NaN,NaN,NaN,NaN,NaN,NaN
223,4,6081.000,22.460,-4.215,0.049,-0.063,0.751,0.620,81,0,2.855,0.706,842.000,200.000,881.000,278.000,22.510,-3.980,-1.360,0.690,0.610,1.700,-0.375
224,56,6081.000,26.289,-2.786,-0.004,0.003,0.729,NaN,81,0,2.756,-1.236,741.000,200.000,784.000,281.000,NaN,NaN,NaN,NaN,NaN,NaN,NaN
225,3,6082.000,28.740,-5.239,0.088,-0.056,0.765,NaN,82,0,3.077,-1.200,843.000,200.000,880.000,278.000,NaN,NaN,NaN,NaN,NaN,NaN,NaN
226,4,6082.000,22.510,-4.278,0.050,-0.063,NaN,NaN,82,0,-1.744,-1.296,NaN,NaN,NaN,NaN,NaN,NaN,NaN,NaN,NaN,NaN,NaN
227,56,6082.000,26.267,-2.805,-0.009,-0.003,0.755,0.233,82,0,1.976,-0.655,742.000,200.000,785.000,284.000,26.270,-2.830,-1.250,2.140,0.610,1.840,-0.842
228,3,6083.000,28.893,-5.293,0.089,-0.052,0.721,NaN,83,0,2.434,-1.211,846.000,201.000,881.000,277.000,NaN,NaN,NaN,NaN,NaN,NaN,NaN
229,4,6083.000,22.560,-4.339,0.050,-0.061,NaN,NaN,83,0,-1.706,-1.300,NaN,NaN,NaN,NaN,NaN,NaN,NaN,NaN,NaN,NaN,NaN
230,56,6083.000,26.258,-2.819,-0.008,-0.006,0.743,NaN,83,0,2.907,-1.243,744.000,200.000,785.000,286.000,NaN,NaN,NaN,NaN,NaN,NaN,NaN
231,3,6084.000,28.942,-5.320,0.092,-0.046,0.815,NaN,84,0,4.175,-1.228,846.000,200.000,881.000,281.000,NaN,NaN,NaN,NaN,NaN,NaN,NaN
232,4,6084.000,22.610,-4.401,0.050,-0.062,NaN,NaN,84,0,-1.913,-1.298,NaN,NaN,NaN,NaN,NaN,NaN,NaN,NaN,NaN,NaN,NaN
233,56,6084.000,26.254,-2.819,-0.007,-0.005,0.082,NaN,84,0,-2.262,-1.249,744.000,200.000,783.000,239.000,NaN,NaN,NaN,NaN,NaN,NaN,NaN
234,3,6085.000,29.034,-5.366,0.092,-0.046,NaN,NaN,85,0,-1.774,-1.244,NaN,NaN,NaN,NaN,NaN,NaN,NaN,NaN,NaN,NaN,NaN
235,4,6085.000,22.697,-4.253,0.058,-0.014,0.663,0.093,85,0,1.682,-0.915,847.000,202.000,882.000,281.000,22.770,-4.140,-1.270,0.720,0.560,1.700,0.477
236,56,6085.000,26.248,-2.821,-0.007,-0.005,0.728,NaN,85,0,2.590,-1.249,744.000,200.000,784.000,278.000,NaN,NaN,NaN,NaN,NaN,NaN,NaN
237,3,6086.000,28.903,-5.429,0.085,-0.058,0.364,NaN,86,0,-0.557,-1.259,860.000,209.000,883.000,279.000,NaN,NaN,NaN,NaN,NaN,NaN,NaN
238,4,6086.000,22.755,-4.266,0.058,-0.013,NaN,NaN,86,0,-1.911,-1.297,NaN,NaN,NaN,NaN,NaN,NaN,NaN,NaN,NaN,NaN,NaN
239,56,6086.000,26.238,-2.821,-0.008,-0.003,0.717,NaN,86,0,2.434,-1.249,744.000,200.000,784.000,278.000,NaN,NaN,NaN,NaN,NaN,NaN,NaN
240,3,6087.000,28.989,-5.488,0.085,-0.059,NaN,NaN,87,0,-4.211,-2.412,NaN,NaN,NaN,NaN,NaN,NaN,NaN,NaN,NaN,NaN,NaN
241,4,6087.000,22.794,-4.227,0.054,-0.004,0.599,0.444,87,0,1.275,0.039,859.000,206.000,885.000,279.000,22.790,-4.180,-1.200,0.720,0.650,1.740,-0.121
242,56,6087.000,26.219,-2.846,-0.008,-0.008,0.744,NaN,87,0,2.746,-1.254,744.000,200.000,791.000,277.000,NaN,NaN,NaN,NaN,NaN,NaN,NaN
243,3,6088.000,28.795,-5.468,0.086,-0.052,0.695,NaN,88,0,1.982,-1.301,859.000,205.000,884.000,280.000,NaN,NaN,NaN,NaN,NaN,NaN,NaN
244,4,6088.000,22.850,-4.232,0.056,-0.005,NaN,NaN,88,0,-1.843,-1.292,NaN,NaN,NaN,NaN,NaN,NaN,NaN,NaN,NaN,NaN,NaN
245,56,6088.000,26.345,-2.800,0.013,0.008,0.738,0.022,88,0,1.893,-1.467,744.000,200.000,790.000,279.000,26.380,-2.710,-1.280,1.730,0.480,1.780,-0.779
246,3,6089.000,28.547,-5.441,0.077,-0.047,0.570,NaN,89,0,0.787,-1.305,858.000,204.000,888.000,269.000,NaN,NaN,NaN,NaN,NaN,NaN,NaN
247,4,6089.000,22.906,-4.236,0.055,-0.004,NaN,NaN,89,0,-1.692,-1.289,NaN,NaN,NaN,NaN,NaN,NaN,NaN,NaN,NaN,NaN,NaN
248,56,6089.000,26.357,-2.826,0.012,0.000,0.742,NaN,89,0,2.746,-1.237,744.000,200.000,791.000,277.000,NaN,NaN,NaN,NaN,NaN,NaN,NaN
249,3,6090.000,28.624,-5.489,0.077,-0.048,NaN,NaN,90,0,-1.713,-1.305,NaN,NaN,NaN,NaN,NaN,NaN,NaN,NaN,NaN,NaN,NaN
250,4,6090.000,22.926,-4.275,0.044,-0.008,0.611,0.138,90,0,1.347,-0.740,858.000,202.000,892.000,268.000,22.920,-4.290,-1.200,0.740,0.660,1.790,-0.456
251,56,6090.000,26.377,-2.815,0.014,0.003,0.736,0.092,90,0,1.893,-1.048,744.000,200.000,790.000,279.000,26.370,-2.810,-1.290,1.880,0.550,1.740,-0.987
252,3,6091.000,28.701,-5.538,0.077,-0.049,NaN,NaN,91,0,-1.760,-1.308,NaN,NaN,NaN,NaN,NaN,NaN,NaN,NaN,NaN,NaN,NaN
253,4,6091.000,22.982,-4.332,0.046,-0.018,0.806,0.155,91,0,3.598,-0.709,860.000,202.000,894.000,279.000,23.000,-4.390,-1.190,0.720,0.630,1.830,-0.362
254,56,6091.000,26.395,-2.833,0.014,-0.000,0.727,NaN,91,0,2.590,-1.240,744.000,200.000,790.000,275.000,NaN,NaN,NaN,NaN,NaN,NaN,NaN
255,3,6092.000,28.931,-5.607,0.081,-0.047,0.821,NaN,92,0,4.217,-1.311,860.000,201.000,895.000,279.000,NaN,NaN,NaN,NaN,NaN,NaN,NaN
256,4,6092.000,23.027,-4.350,0.045,-0.019,NaN,NaN,92,0,-1.708,-1.301,NaN,NaN,NaN,NaN,NaN,NaN,NaN,NaN,NaN,NaN,NaN
257,56,6092.000,26.404,-2.858,0.013,-0.005,0.728,NaN,92,0,2.590,-1.246,744.000,200.000,790.000,280.000,NaN,NaN,NaN,NaN,NaN,NaN,NaN
258,3,6093.000,29.012,-5.653,0.081,-0.046,NaN,NaN,93,0,-1.588,-1.312,NaN,NaN,NaN,NaN,NaN,NaN,NaN,NaN,NaN,NaN,NaN
259,4,6093.000,23.099,-4.386,0.051,-0.022,0.823,0.632,93,0,3.717,0.736,861.000,201.000,898.000,279.000,23.120,-4.420,-1.270,0.670,0.650,1.760,-0.446
260,56,6093.000,26.414,-2.876,0.012,-0.007,0.677,NaN,93,0,1.846,-1.253,744.000,200.000,790.000,280.000,NaN,NaN,NaN,NaN,NaN,NaN,NaN
261,3,6094.000,29.092,-5.697,0.079,-0.045,NaN,NaN,94,0,-1.538,-1.314,NaN,NaN,NaN,NaN,NaN,NaN,NaN,NaN,NaN,NaN,NaN
262,4,6094.000,23.143,-4.427,0.051,-0.028,0.823,0.139,94,0,3.717,-0.747,860.000,201.000,899.000,278.000,23.130,-4.450,-1.320,0.810,0.580,1.830,-0.443
263,56,6094.000,26.427,-2.886,0.012,-0.006,0.672,NaN,94,0,1.724,-1.257,744.000,200.000,789.000,279.000,NaN,NaN,NaN,NaN,NaN,NaN,NaN
264,3,6095.000,28.964,-5.686,0.077,-0.042,0.802,NaN,95,0,3.866,-1.314,862.000,201.000,900.000,278.000,NaN,NaN,NaN,NaN,NaN,NaN,NaN
265,4,6095.000,23.194,-4.453,0.051,-0.026,NaN,NaN,95,0,-1.574,-1.301,NaN,NaN,NaN,NaN,NaN,NaN,NaN,NaN,NaN,NaN,NaN
266,56,6095.000,26.441,-2.898,0.012,-0.008,0.698,NaN,95,0,2.315,-1.259,744.000,200.000,790.000,283.000,NaN,NaN,NaN,NaN,NaN,NaN,NaN
267,3,6096.000,29.063,-5.729,0.077,-0.042,0.801,NaN,96,0,3.866,-1.314,865.000,201.000,901.000,280.000,NaN,NaN,NaN,NaN,NaN,NaN,NaN
268,4,6096.000,23.245,-4.480,0.052,-0.028,NaN,NaN,96,0,-1.622,-1.301,NaN,NaN,NaN,NaN,NaN,NaN,NaN,NaN,NaN,NaN,NaN
269,56,6096.000,26.454,-2.903,0.015,-0.008,0.667,NaN,96,0,1.724,-1.262,744.000,200.000,790.000,280.000,NaN,NaN,NaN,NaN,NaN,NaN,NaN
270,3,6097.000,29.141,-5.770,0.078,-0.041,NaN,NaN,97,0,-1.640,-1.315,NaN,NaN,NaN,NaN,NaN,NaN,NaN,NaN,NaN,NaN,NaN
271,4,6097.000,23.310,-4.540,0.053,-0.035,0.825,0.277,97,0,3.717,-0.317,866.000,201.000,902.000,279.000,23.310,-4.550,-1.350,0.790,0.620,1.810,-0.481
272,56,6097.000,26.321,-2.884,-0.002,-0.010,0.697,0.696,97,0,1.367,0.683,744.000,200.000,790.000,281.000,26.320,-2.860,-1.180,1.700,0.620,1.810,-0.792
273,3,6098.000,29.239,-5.804,0.081,-0.041,0.825,NaN,98,0,4.217,-1.316,866.000,202.000,902.000,279.000,NaN,NaN,NaN,NaN,NaN,NaN,NaN
274,4,6098.000,23.363,-4.575,0.052,-0.035,NaN,NaN,98,0,-1.524,-1.302,NaN,NaN,NaN,NaN,NaN,NaN,NaN,NaN,NaN,NaN,NaN
275,56,6098.000,26.319,-2.893,-0.002,-0.008,0.681,NaN,98,0,1.846,-1.270,744.000,200.000,790.000,279.000,NaN,NaN,NaN,NaN,NaN,NaN,NaN
276,3,6099.000,29.317,-5.835,0.084,-0.040,0.805,NaN,99,0,4.053,-1.317,867.000,202.000,902.000,277.000,NaN,NaN,NaN,NaN,NaN,NaN,NaN
277,4,6099.000,23.416,-4.610,0.053,-0.034,NaN,NaN,99,0,-1.577,-1.303,NaN,NaN,NaN,NaN,NaN,NaN,NaN,NaN,NaN,NaN,NaN
278,56,6099.000,26.256,-2.804,-0.009,0.013,0.683,0.396,99,0,1.117,-0.319,744.000,200.000,789.000,281.000,26.200,-2.670,-1.140,1.930,0.540,1.860,-0.797
279,3,6100.000,29.476,-5.883,0.082,-0.037,0.827,NaN,100,0,4.351,-1.317,867.000,202.000,903.000,277.000,NaN,NaN,NaN,NaN,NaN,NaN,NaN
280,4,6100.000,23.467,-4.645,0.052,-0.035,NaN,NaN,100,0,-1.579,-1.305,NaN,NaN,NaN,NaN,NaN,NaN,NaN,NaN,NaN,NaN,NaN
281,56,6100.000,26.247,-2.818,-0.008,0.006,0.678,NaN,100,0,2.039,-1.243,744.000,200.000,789.000,281.000,NaN,NaN,NaN,NaN,NaN,NaN,NaN
282,3,6101.000,29.703,-5.943,0.086,-0.037,0.821,NaN,101,0,4.217,-1.318,869.000,202.000,903.000,277.000,NaN,NaN,NaN,NaN,NaN,NaN,NaN
283,4,6101.000,23.530,-4.227,0.057,0.047,0.028,NaN,101,0,-2.499,-1.306,848.000,200.000,867.000,277.000,NaN,NaN,NaN,NaN,NaN,NaN,NaN
284,56,6101.000,26.238,-2.835,-0.009,0.000,0.672,NaN,101,0,1.724,-1.249,744.000,200.000,789.000,279.000,NaN,NaN,NaN,NaN,NaN,NaN,NaN
285,3,6102.000,30.067,-6.023,0.091,-0.034,0.805,NaN,102,0,4.053,-1.319,869.000,201.000,903.000,279.000,NaN,NaN,NaN,NaN,NaN,NaN,NaN
286,4,6102.000,23.587,-4.180,0.057,0.047,NaN,NaN,102,0,-1.693,-1.290,NaN,NaN,NaN,NaN,NaN,NaN,NaN,NaN,NaN,NaN,NaN
287,56,6102.000,26.231,-2.845,-0.009,-0.001,0.705,NaN,102,0,2.315,-1.262,744.000,200.000,788.000,281.000,NaN,NaN,NaN,NaN,NaN,NaN,NaN
288,3,6103.000,30.157,-6.057,0.090,-0.034,NaN,NaN,103,0,-1.731,-1.319,NaN,NaN,NaN,NaN,NaN,NaN,NaN,NaN,NaN,NaN,NaN
289,4,6103.000,23.613,-4.302,0.047,0.002,0.809,0.144,103,0,3.246,-0.802,869.000,201.000,903.000,279.000,23.510,-4.630,-1.260,0.820,0.610,1.850,-0.648
290,56,6103.000,26.331,-2.845,0.006,-0.001,0.680,0.371,103,0,1.117,-0.371,743.000,200.000,788.000,280.000,26.370,-2.880,-1.240,1.910,0.530,1.810,-0.885
291,3,6104.000,30.659,-6.146,0.100,-0.030,0.804,NaN,104,0,3.866,-1.319,869.000,201.000,903.000,277.000,NaN,NaN,NaN,NaN,NaN,NaN,NaN
292,4,6104.000,23.659,-4.301,0.046,0.001,NaN,NaN,104,0,-1.648,-1.286,NaN,NaN,NaN,NaN,NaN,NaN,NaN,NaN,NaN,NaN,NaN
293,56,6104.000,26.335,-2.855,0.004,-0.004,0.677,NaN,104,0,2.039,-1.255,744.000,200.000,789.000,282.000,NaN,NaN,NaN,NaN,NaN,NaN,NaN
294,3,6105.000,30.760,-6.175,0.101,-0.029,NaN,NaN,105,0,-1.691,-1.320,NaN,NaN,NaN,NaN,NaN,NaN,NaN,NaN,NaN,NaN,NaN
295,4,6105.000,23.549,-4.419,0.008,-0.033,0.745,0.154,105,0,2.855,-0.703,871.000,200.000,902.000,277.000,23.450,-4.620,-1.320,0.770,0.640,1.770,-0.400
296,56,6105.000,26.339,-2.867,0.004,-0.006,0.662,NaN,105,0,1.613,-1.257,744.000,200.000,789.000,280.000,NaN,NaN,NaN,NaN,NaN,NaN,NaN
297,3,6106.000,31.393,-6.302,0.109,-0.031,0.778,NaN,106,0,3.460,-1.320,871.000,200.000,902.000,276.000,NaN,NaN,NaN,NaN,NaN,NaN,NaN
298,4,6106.000,23.557,-4.453,0.008,-0.033,NaN,NaN,106,0,-1.708,-1.301,NaN,NaN,NaN,NaN,NaN,NaN,NaN,NaN,NaN,NaN,NaN
299,56,6106.000,26.344,-2.877,0.004,-0.009,0.659,NaN,106,0,1.613,-1.262,744.000,200.000,789.000,280.000,NaN,NaN,NaN,NaN,NaN,NaN,NaN
300,3,6107.000,31.771,-6.370,0.116,-0.030,0.750,NaN,107,0,2.906,-1.321,871.000,200.000,902.000,276.000,NaN,NaN,NaN,NaN,NaN,NaN,NaN
301,4,6107.000,23.565,-4.486,0.008,-0.033,NaN,NaN,107,0,-1.669,-1.303,NaN,NaN,NaN,NaN,NaN,NaN,NaN,NaN,NaN,NaN,NaN
302,56,6107.000,26.350,-2.884,0.005,-0.008,0.654,NaN,107,0,1.509,-1.264,744.000,200.000,789.000,280.000,NaN,NaN,NaN,NaN,NaN,NaN,NaN
303,3,6108.000,31.753,-6.610,0.085,-0.072,0.032,NaN,108,0,-2.528,-1.321,893.000,210.000,904.000,271.000,NaN,NaN,NaN,NaN,NaN,NaN,NaN
304,4,6108.000,23.534,-4.620,0.002,-0.054,0.772,0.512,108,0,2.738,0.235,871.000,201.000,903.000,275.000,23.540,-4.660,-1.210,0.730,0.670,1.700,-0.608
305,56,6108.000,26.365,-2.867,0.008,-0.001,0.643,0.012,108,0,0.809,-1.488,744.000,200.000,789.000,276.000,26.390,-2.860,-1.240,1.820,0.510,1.690,-0.523
306,3,6109.000,31.839,-6.681,0.086,-0.071,NaN,NaN,109,0,-1.772,-1.317,NaN,NaN,NaN,NaN,NaN,NaN,NaN,NaN,NaN,NaN,NaN
307,4,6109.000,23.528,-4.677,0.001,-0.054,0.798,0.776,109,0,3.099,1.421,872.000,201.000,904.000,276.000,23.520,-4.680,-1.200,0.780,0.700,1.610,-0.501
308,56,6109.000,26.302,-2.812,-0.004,0.014,0.636,0.136,109,0,0.809,-0.914,743.000,200.000,788.000,279.000,26.250,-2.710,-1.320,0.770,0.640,1.840,0.140
309,3,6110.000,31.924,-6.752,0.085,-0.071,NaN,NaN,110,0,-1.762,-1.310,NaN,NaN,NaN,NaN,NaN,NaN,NaN,NaN,NaN,NaN,NaN
310,4,6110.000,23.532,-4.744,0.003,-0.056,0.800,NaN,110,0,3.866,-1.308,872.000,201.000,905.000,275.000,NaN,NaN,NaN,NaN,NaN,NaN,NaN
311,56,6110.000,26.298,-2.825,-0.004,0.009,0.631,NaN,110,0,1.305,-1.246,744.000,200.000,790.000,276.000,NaN,NaN,NaN,NaN,NaN,NaN,NaN
312,3,6111.000,32.009,-6.823,0.085,-0.071,NaN,NaN,111,0,-1.850,-1.297,NaN,NaN,NaN,NaN,NaN,NaN,NaN,NaN,NaN,NaN,NaN
313,4,6111.000,23.547,-4.782,0.006,-0.050,0.797,0.798,111,0,3.099,1.550,875.000,203.000,906.000,276.000,23.550,-4.730,-1.180,0.820,0.560,1.650,-0.538
314,56,6111.000,26.297,-2.836,-0.003,0.004,0.720,NaN,111,0,2.608,-1.249,744.000,199.000,788.000,280.000,NaN,NaN,NaN,NaN,NaN,NaN,NaN
315,3,6112.000,32.094,-6.895,0.084,-0.072,NaN,NaN,112,0,-1.967,-1.293,NaN,NaN,NaN,NaN,NaN,NaN,NaN,NaN,NaN,NaN,NaN
316,4,6112.000,23.596,-4.818,0.014,-0.044,0.825,0.036,112,0,3.391,-1.322,875.000,201.000,906.000,276.000,23.660,-4.780,-1.350,0.800,0.630,1.790,-0.367
317,56,6112.000,26.316,-2.846,0.001,0.001,0.725,NaN,112,0,2.756,-1.251,744.000,199.000,788.000,280.000,NaN,NaN,NaN,NaN,NaN,NaN,NaN
318,3,6113.000,32.177,-6.968,0.084,-0.073,NaN,NaN,113,0,-1.790,-1.294,NaN,NaN,NaN,NaN,NaN,NaN,NaN,NaN,NaN,NaN,NaN
319,4,6113.000,23.616,-4.843,0.016,-0.039,0.816,NaN,113,0,4.217,-1.311,875.000,201.000,908.000,275.000,NaN,NaN,NaN,NaN,NaN,NaN,NaN
320,56,6113.000,26.316,-2.856,0.001,-0.002,0.720,NaN,113,0,2.608,-1.256,744.000,199.000,789.000,281.000,NaN,NaN,NaN,NaN,NaN,NaN,NaN
321,3,6114.000,32.260,-7.041,0.082,-0.073,NaN,NaN,114,0,-1.791,-1.295,NaN,NaN,NaN,NaN,NaN,NaN,NaN,NaN,NaN,NaN,NaN
322,4,6114.000,23.636,-4.848,0.019,-0.031,0.792,0.241,114,0,2.962,-0.512,879.000,205.000,909.000,277.000,23.650,-4.790,-1.250,0.800,0.590,1.790,-0.489
323,56,6114.000,26.158,-2.763,-0.029,0.019,0.711,0.027,114,0,1.516,-1.430,744.000,199.000,788.000,281.000,26.120,-2.650,-1.250,0.880,0.550,1.760,-0.330
324,3,6115.000,32.343,-7.115,0.083,-0.074,NaN,NaN,115,0,-1.847,-1.295,NaN,NaN,NaN,NaN,NaN,NaN,NaN,NaN,NaN,NaN,NaN
325,4,6115.000,23.648,-4.853,0.016,-0.023,0.827,0.889,115,0,3.532,2.690,879.000,203.000,911.000,279.000,23.640,-4.810,-1.240,0.760,0.580,1.710,-0.557
326,56,6115.000,26.130,-2.779,-0.027,0.011,0.678,NaN,115,0,1.846,-1.248,744.000,199.000,788.000,279.000,NaN,NaN,NaN,NaN,NaN,NaN,NaN
327,3,6116.000,32.426,-7.188,0.083,-0.073,NaN,NaN,116,0,-1.857,-1.302,NaN,NaN,NaN,NaN,NaN,NaN,NaN,NaN,NaN,NaN,NaN
328,4,6116.000,23.656,-4.894,0.012,-0.026,0.834,NaN,116,0,4.351,-1.308,880.000,201.000,912.000,279.000,NaN,NaN,NaN,NaN,NaN,NaN,NaN
329,56,6116.000,26.098,-2.796,-0.029,0.003,0.685,NaN,116,0,2.039,-1.253,744.000,199.000,788.000,280.000,NaN,NaN,NaN,NaN,NaN,NaN,NaN
330,3,6117.000,32.509,-7.260,0.083,-0.073,NaN,NaN,117,0,-1.867,-1.309,NaN,NaN,NaN,NaN,NaN,NaN,NaN,NaN,NaN,NaN,NaN
331,4,6117.000,23.644,-4.879,0.008,-0.015,0.834,0.070,117,0,3.532,-1.075,879.000,200.000,913.000,280.000,23.630,-4.800,-1.270,0.740,0.630,1.670,-0.640
332,56,6117.000,26.064,-2.812,-0.030,-0.002,0.687,NaN,117,0,1.982,-1.272,744.000,199.000,788.000,279.000,NaN,NaN,NaN,NaN,NaN,NaN,NaN
333,3,6118.000,32.593,-7.333,0.085,-0.072,NaN,NaN,118,0,-1.824,-1.319,NaN,NaN,NaN,NaN,NaN,NaN,NaN,NaN,NaN,NaN,NaN
334,4,6118.000,23.686,-4.883,0.017,-0.011,0.841,0.709,118,0,3.682,1.025,879.000,200.000,913.000,280.000,23.710,-4.850,-1.310,0.690,0.610,1.740,-0.666
335,56,6118.000,26.154,-2.798,-0.014,0.006,0.681,0.610,118,0,1.117,0.329,744.000,199.000,788.000,279.000,26.200,-2.750,-1.290,1.870,0.660,1.880,-0.842
336,3,6119.000,32.678,-7.404,0.084,-0.071,NaN,NaN,119,0,-1.830,-1.323,NaN,NaN,NaN,NaN,NaN,NaN,NaN,NaN,NaN,NaN,NaN
337,4,6119.000,23.701,-4.910,0.017,-0.016,0.839,NaN,119,0,4.443,-1.306,880.000,200.000,914.000,280.000,NaN,NaN,NaN,NaN,NaN,NaN,NaN
338,56,6119.000,26.136,-2.812,-0.015,0.002,0.680,NaN,119,0,1.846,-1.260,744.000,199.000,788.000,279.000,NaN,NaN,NaN,NaN,NaN,NaN,NaN
339,3,6120.000,32.761,-7.475,0.084,-0.071,NaN,NaN,120,0,-2.204,-1.325,NaN,NaN,NaN,NaN,NaN,NaN,NaN,NaN,NaN,NaN,NaN
340,4,6120.000,23.691,-4.896,0.012,-0.007,0.810,0.945,120,0,3.246,2.843,880.000,200.000,913.000,279.000,23.670,-4.850,-1.190,0.910,0.680,1.750,-0.808
341,56,6120.000,26.170,-2.772,-0.006,0.012,0.673,0.641,120,0,1.024,0.405,744.000,199.000,789.000,271.000,26.210,-2.720,-1.310,1.750,0.570,1.910,-0.850
342,3,6121.000,32.847,-7.545,0.086,-0.070,NaN,NaN,121,0,-2.271,-1.326,NaN,NaN,NaN,NaN,NaN,NaN,NaN,NaN,NaN,NaN,NaN
343,4,6121.000,23.700,-4.878,0.010,-0.001,0.789,0.875,121,0,2.962,2.456,881.000,200.000,913.000,279.000,23.700,-4.830,-1.230,0.800,0.580,1.720,-0.625
344,56,6121.000,26.159,-2.797,-0.005,0.003,0.666,NaN,121,0,1.724,-1.250,744.000,199.000,789.000,271.000,NaN,NaN,NaN,NaN,NaN,NaN,NaN
345,81,6121.000,17.500,3.050,0.000,0.000,NaN,0.072,121,0,-0.000,-0.000,343.000,58.000,424.000,201.000,17.500,3.050,0.410,0.820,0.580,1.730,2.140
346,3,6122.000,32.931,-7.614,0.084,-0.070,NaN,NaN,122,0,-2.206,-1.326,NaN,NaN,NaN,NaN,NaN,NaN,NaN,NaN,NaN,NaN,NaN
347,4,6122.000,23.712,-4.900,0.012,-0.005,0.814,NaN,122,0,4.053,-1.308,880.000,200.000,913.000,279.000,NaN,NaN,NaN,NaN,NaN,NaN,NaN
348,56,6122.000,26.143,-2.813,-0.006,-0.002,0.665,NaN,122,0,1.724,-1.260,744.000,199.000,789.000,271.000,NaN,NaN,NaN,NaN,NaN,NaN,NaN
349,81,6122.000,17.507,3.042,0.007,0.001,NaN,NaN,122,0,-0.000,-0.000,NaN,NaN,NaN,NaN,NaN,NaN,NaN,NaN,NaN,NaN,NaN
350,3,6123.000,33.016,-7.685,0.085,-0.071,NaN,NaN,123,0,-2.206,-1.327,NaN,NaN,NaN,NaN,NaN,NaN,NaN,NaN,NaN,NaN,NaN
351,4,6123.000,23.695,-4.871,0.006,0.003,0.823,0.968,123,0,3.391,2.843,879.000,201.000,912.000,278.000,23.690,-4.810,-1.160,0.780,0.690,1.590,-0.696
352,56,6123.000,26.247,-2.850,0.013,-0.009,0.672,0.258,123,0,1.024,-0.579,744.000,200.000,789.000,271.000,26.300,-2.890,-1.300,1.970,0.610,1.770,-0.796
353,81,6123.000,17.512,3.042,0.005,-0.000,NaN,NaN,123,0,-0.000,-0.000,NaN,NaN,NaN,NaN,NaN,NaN,NaN,NaN,NaN,NaN,NaN
354,3,6124.000,33.100,-7.757,0.084,-0.072,NaN,NaN,124,0,-2.142,-1.327,NaN,NaN,NaN,NaN,NaN,NaN,NaN,NaN,NaN,NaN,NaN
355,4,6124.000,23.716,-4.846,0.011,0.007,0.827,0.502,124,0,3.532,0.197,879.000,200.000,911.000,276.000,23.740,-4.810,-1.310,0.720,0.590,1.740,-0.668
356,56,6124.000,26.258,-2.867,0.013,-0.011,0.669,NaN,124,0,1.724,-1.259,744.000,199.000,789.000,271.000,NaN,NaN,NaN,NaN,NaN,NaN,NaN
357,81,6124.000,17.470,3.166,0.001,0.022,NaN,0.017,124,0,-0.000,-0.000,333.000,73.000,412.000,214.000,17.470,3.190,0.240,0.840,0.550,1.710,2.012
358,3,6125.000,33.185,-7.829,0.085,-0.072,NaN,NaN,125,0,-1.955,-1.327,NaN,NaN,NaN,NaN,NaN,NaN,NaN,NaN,NaN,NaN,NaN
359,4,6125.000,23.718,-4.871,0.008,-0.002,0.833,NaN,125,0,4.351,-1.312,879.000,201.000,911.000,275.000,NaN,NaN,NaN,NaN,NaN,NaN,NaN
360,56,6125.000,26.278,-2.878,0.016,-0.012,0.667,NaN,125,0,1.724,-1.266,744.000,199.000,789.000,269.000,NaN,NaN,NaN,NaN,NaN,NaN,NaN
361,81,6125.000,17.470,3.188,0.000,0.022,NaN,NaN,125,0,-0.000,-0.000,NaN,NaN,NaN,NaN,NaN,NaN,NaN,NaN,NaN,NaN,NaN
362,3,6126.000,33.271,-7.902,0.085,-0.073,NaN,NaN,126,0,-1.955,-1.327,NaN,NaN,NaN,NaN,NaN,NaN,NaN,NaN,NaN,NaN,NaN
363,4,6126.000,23.730,-4.863,0.011,0.002,0.829,0.785,126,0,3.532,1.421,880.000,201.000,911.000,275.000,23.740,-4.850,-1.190,0.790,0.670,1.630,-0.236
364,56,6126.000,26.300,-2.888,0.018,-0.011,0.658,NaN,126,0,1.613,-1.270,744.000,199.000,789.000,270.000,NaN,NaN,NaN,NaN,NaN,NaN,NaN
365,81,6126.000,17.470,3.209,-0.000,0.022,NaN,NaN,126,0,-0.000,-0.000,NaN,NaN,NaN,NaN,NaN,NaN,NaN,NaN,NaN,NaN,NaN
366,3,6127.000,33.356,-7.975,0.085,-0.074,NaN,NaN,127,0,-2.018,-1.327,NaN,NaN,NaN,NaN,NaN,NaN,NaN,NaN,NaN,NaN,NaN
367,4,6127.000,23.741,-4.879,0.013,0.000,0.839,NaN,127,0,4.443,-1.310,879.000,201.000,910.000,276.000,NaN,NaN,NaN,NaN,NaN,NaN,NaN
368,56,6127.000,26.325,-2.894,0.019,-0.010,0.644,NaN,127,0,1.407,-1.270,744.000,200.000,789.000,269.000,NaN,NaN,NaN,NaN,NaN,NaN,NaN
369,81,6127.000,17.471,3.231,0.001,0.022,NaN,NaN,127,0,-0.000,-0.000,NaN,NaN,NaN,NaN,NaN,NaN,NaN,NaN,NaN,NaN,NaN
370,3,6128.000,33.442,-8.049,0.085,-0.074,NaN,NaN,128,0,-1.892,-1.326,NaN,NaN,NaN,NaN,NaN,NaN,NaN,NaN,NaN,NaN,NaN
371,4,6128.000,23.758,-4.856,0.015,0.006,0.836,0.919,128,0,3.682,2.843,879.000,201.000,910.000,276.000,23.770,-4.810,-1.270,0.730,0.630,1.700,-0.723
372,56,6128.000,26.348,-2.897,0.021,-0.009,0.643,NaN,128,0,1.407,-1.271,744.000,200.000,789.000,270.000,NaN,NaN,NaN,NaN,NaN,NaN,NaN
373,81,6128.000,17.473,3.252,0.003,0.021,NaN,NaN,128,0,-0.000,-0.000,NaN,NaN,NaN,NaN,NaN,NaN,NaN,NaN,NaN,NaN,NaN
374,3,6129.000,33.526,-8.122,0.085,-0.073,NaN,NaN,129,0,-2.018,-1.327,NaN,NaN,NaN,NaN,NaN,NaN,NaN,NaN,NaN,NaN,NaN
375,4,6129.000,23.844,-4.859,0.032,0.005,0.836,0.048,129,0,3.682,-1.242,879.000,201.000,911.000,274.000,23.940,-4.860,-1.260,0.740,0.530,1.790,-0.410
376,56,6129.000,26.462,-2.937,0.032,-0.016,0.696,0.180,129,0,1.367,-0.803,743.000,199.000,785.000,280.000,26.460,-2.970,-1.230,1.690,0.560,1.820,-0.837
377,81,6129.000,17.476,3.273,0.003,0.021,NaN,NaN,129,0,-0.000,-0.000,NaN,NaN,NaN,NaN,NaN,NaN,NaN,NaN,NaN,NaN,NaN
378,3,6130.000,33.609,-8.195,0.083,-0.073,NaN,NaN,130,0,-1.955,-1.327,NaN,NaN,NaN,NaN,NaN,NaN,NaN,NaN,NaN,NaN,NaN
379,4,6130.000,23.877,-4.893,0.035,-0.005,0.836,NaN,130,0,4.443,-1.312,879.000,201.000,911.000,275.000,NaN,NaN,NaN,NaN,NaN,NaN,NaN
380,56,6130.000,26.491,-2.910,0.032,-0.007,0.701,NaN,130,0,2.315,-1.271,743.000,199.000,785.000,280.000,NaN,NaN,NaN,NaN,NaN,NaN,NaN
381,81,6130.000,17.480,3.294,0.004,0.021,NaN,NaN,130,0,-0.000,-0.000,NaN,NaN,NaN,NaN,NaN,NaN,NaN,NaN,NaN,NaN,NaN
382,3,6131.000,4.949,0.308,-0.328,0.190,0.191,NaN,131,0,-1.834,-1.327,536.000,206.000,542.000,218.000,NaN,NaN,NaN,NaN,NaN,NaN,NaN
383,4,6131.000,23.797,-4.861,0.009,-0.000,0.829,0.822,131,0,3.532,1.696,879.000,201.000,911.000,275.000,23.730,-4.820,-1.170,0.820,0.640,1.750,-0.706
384,56,6131.000,26.361,-2.814,0.007,0.016,0.683,0.173,131,0,1.117,-0.825,742.000,199.000,785.000,279.000,26.280,-2.730,-1.220,1.960,0.580,1.810,-0.661
385,81,6131.000,17.483,3.316,0.003,0.023,NaN,NaN,131,0,-0.000,-0.000,NaN,NaN,NaN,NaN,NaN,NaN,NaN,NaN,NaN,NaN,NaN
386,3,6132.000,4.621,0.498,-0.328,0.190,NaN,NaN,132,0,-1.835,-1.327,NaN,NaN,NaN,NaN,NaN,NaN,NaN,NaN,NaN,NaN,NaN
387,4,6132.000,23.795,-4.862,0.007,0.000,0.838,0.977,132,0,3.682,2.843,879.000,201.000,911.000,275.000,23.780,-4.860,-1.210,0.740,0.680,1.640,-0.446
388,56,6132.000,26.279,-2.731,-0.012,0.030,0.670,0.852,132,0,1.024,1.725,742.000,199.000,785.000,280.000,26.170,-2.680,-1.300,1.930,0.530,1.970,-0.810
389,81,6132.000,17.488,3.338,0.004,0.022,NaN,NaN,132,0,0.000,-0.000,NaN,NaN,NaN,NaN,NaN,NaN,NaN,NaN,NaN,NaN,NaN
390,3,6133.000,4.292,0.689,-0.329,0.191,NaN,NaN,133,0,-2.080,-1.327,NaN,NaN,NaN,NaN,NaN,NaN,NaN,NaN,NaN,NaN,NaN
391,4,6133.000,23.797,-4.890,0.007,-0.006,0.821,NaN,133,0,4.217,-1.312,879.000,201.000,911.000,274.000,NaN,NaN,NaN,NaN,NaN,NaN,NaN
392,56,6133.000,26.266,-2.734,-0.013,0.020,0.671,NaN,133,0,1.724,-1.223,742.000,199.000,785.000,279.000,NaN,NaN,NaN,NaN,NaN,NaN,NaN
393,81,6133.000,17.489,3.362,0.001,0.024,NaN,NaN,133,0,-0.000,-0.000,NaN,NaN,NaN,NaN,NaN,NaN,NaN,NaN,NaN,NaN,NaN
394,3,6134.000,3.963,0.880,-0.329,0.191,NaN,NaN,134,0,-2.272,-1.327,NaN,NaN,NaN,NaN,NaN,NaN,NaN,NaN,NaN,NaN,NaN
395,4,6134.000,23.790,-4.879,0.005,-0.004,0.830,0.889,134,0,3.532,2.690,879.000,201.000,911.000,274.000,23.780,-4.870,-1.170,0.780,0.610,1.700,-0.533
396,56,6134.000,26.300,-2.770,0.000,0.009,0.673,0.168,134,0,1.024,-0.801,743.000,199.000,784.000,279.000,26.360,-2.840,-1.350,1.830,0.650,1.950,-0.772
397,81,6134.000,17.490,3.386,0.001,0.024,NaN,NaN,134,0,-0.000,-0.000,NaN,NaN,NaN,NaN,NaN,NaN,NaN,NaN,NaN,NaN,NaN
398,3,6135.000,3.634,1.073,-0.329,0.192,NaN,NaN,135,0,-1.997,-1.327,NaN,NaN,NaN,NaN,NaN,NaN,NaN,NaN,NaN,NaN,NaN
399,4,6135.000,23.796,-4.883,0.005,-0.005,NaN,NaN,135,0,-2.032,-1.310,NaN,NaN,NaN,NaN,NaN,NaN,NaN,NaN,NaN,NaN,NaN
400,56,6135.000,26.300,-2.778,-0.001,0.005,0.681,NaN,135,0,1.846,-1.230,742.000,199.000,785.000,279.000,NaN,NaN,NaN,NaN,NaN,NaN,NaN
401,81,6135.000,17.492,3.408,0.002,0.022,NaN,NaN,135,0,-0.000,-0.000,NaN,NaN,NaN,NaN,NaN,NaN,NaN,NaN,NaN,NaN,NaN
402,3,6136.000,3.305,1.264,-0.328,0.191,NaN,NaN,136,0,-1.598,-1.327,NaN,NaN,NaN,NaN,NaN,NaN,NaN,NaN,NaN,NaN,NaN
403,4,6136.000,23.805,-4.899,0.006,-0.008,0.806,NaN,136,0,4.053,-1.308,879.000,200.000,910.000,275.000,NaN,NaN,NaN,NaN,NaN,NaN,NaN
404,56,6136.000,26.299,-2.791,-0.000,0.001,0.679,NaN,136,0,1.846,-1.235,743.000,199.000,785.000,279.000,NaN,NaN,NaN,NaN,NaN,NaN,NaN
405,81,6136.000,17.496,3.430,0.004,0.022,NaN,NaN,136,0,-0.000,-0.000,NaN,NaN,NaN,NaN,NaN,NaN,NaN,NaN,NaN,NaN,NaN
406,3,6137.000,2.977,1.455,-0.328,0.191,NaN,NaN,137,0,-1.642,-1.327,NaN,NaN,NaN,NaN,NaN,NaN,NaN,NaN,NaN,NaN,NaN
407,4,6137.000,23.781,-4.887,0.001,-0.003,0.785,0.856,137,0,2.962,2.059,880.000,200.000,910.000,275.000,23.760,-4.870,-1.200,0.690,0.660,1.670,-0.392
408,56,6137.000,26.282,-2.774,-0.005,0.005,0.682,0.390,137,0,1.117,-0.329,742.000,199.000,785.000,279.000,26.280,-2.760,-1.200,1.890,0.620,1.820,-0.982
409,81,6137.000,17.498,3.452,0.002,0.022,NaN,NaN,137,0,-0.000,-0.000,NaN,NaN,NaN,NaN,NaN,NaN,NaN,NaN,NaN,NaN,NaN
410,3,6138.000,2.650,1.647,-0.327,0.192,NaN,NaN,138,0,-1.751,-1.327,NaN,NaN,NaN,NaN,NaN,NaN,NaN,NaN,NaN,NaN,NaN
411,4,6138.000,23.736,-4.864,-0.009,0.004,0.788,0.413,138,0,2.962,-0.131,880.000,200.000,908.000,276.000,23.710,-4.830,-1.150,0.730,0.720,1.630,-1.032
412,56,6138.000,26.271,-2.795,-0.006,0.000,0.678,NaN,138,0,1.846,-1.235,744.000,199.000,790.000,270.000,NaN,NaN,NaN,NaN,NaN,NaN,NaN
413,81,6138.000,17.501,3.475,0.003,0.022,NaN,NaN,138,0,-0.000,-0.000,NaN,NaN,NaN,NaN,NaN,NaN,NaN,NaN,NaN,NaN,NaN
414,3,6139.000,2.321,1.839,-0.328,0.192,NaN,NaN,139,0,-2.404,-1.327,NaN,NaN,NaN,NaN,NaN,NaN,NaN,NaN,NaN,NaN,NaN
415,4,6139.000,23.717,-4.889,-0.009,-0.004,0.781,NaN,139,0,3.460,-1.310,883.000,200.000,908.000,277.000,NaN,NaN,NaN,NaN,NaN,NaN,NaN
416,56,6139.000,26.262,-2.822,-0.007,-0.006,0.675,NaN,139,0,1.724,-1.239,744.000,199.000,790.000,271.000,NaN,NaN,NaN,NaN,NaN,NaN,NaN
417,81,6139.000,17.504,3.497,0.003,0.022,NaN,NaN,139,0,-0.000,-0.000,NaN,NaN,NaN,NaN,NaN,NaN,NaN,NaN,NaN,NaN,NaN
418,3,6140.000,1.993,2.030,-0.328,0.191,NaN,NaN,140,0,-2.972,-1.327,NaN,NaN,NaN,NaN,NaN,NaN,NaN,NaN,NaN,NaN,NaN
419,4,6140.000,23.747,-4.875,0.001,0.000,0.811,0.807,140,0,3.246,1.623,884.000,200.000,907.000,276.000,23.790,-4.830,-1.300,0.780,0.590,1.590,0.024
420,56,6140.000,26.125,-2.721,-0.027,0.018,0.673,0.279,140,0,1.024,-0.517,744.000,199.000,790.000,270.000,26.080,-2.580,-1.310,1.860,0.600,1.850,-0.879
421,81,6140.000,17.507,3.518,0.002,0.021,NaN,NaN,140,0,-0.000,-0.000,NaN,NaN,NaN,NaN,NaN,NaN,NaN,NaN,NaN,NaN,NaN
422,3,6141.000,1.665,2.220,-0.329,0.190,NaN,NaN,141,0,-0.432,-1.327,NaN,NaN,NaN,NaN,NaN,NaN,NaN,NaN,NaN,NaN,NaN
423,4,6141.000,23.748,-4.892,0.002,-0.005,0.796,NaN,141,0,3.866,-1.308,884.000,200.000,906.000,277.000,NaN,NaN,NaN,NaN,NaN,NaN,NaN
424,56,6141.000,26.264,-2.769,0.007,0.003,0.676,0.315,141,0,1.117,-0.473,744.000,199.000,790.000,268.000,26.430,-2.910,-1.330,1.740,0.560,1.830,-0.687
425,81,6141.000,17.512,3.538,0.005,0.021,NaN,NaN,141,0,-0.000,-0.000,NaN,NaN,NaN,NaN,NaN,NaN,NaN,NaN,NaN,NaN,NaN
426,3,6142.000,1.335,2.410,-0.329,0.190,NaN,NaN,142,0,-1.024,-1.327,NaN,NaN,NaN,NaN,NaN,NaN,NaN,NaN,NaN,NaN,NaN
427,4,6142.000,23.753,-4.904,0.003,-0.006,0.798,NaN,142,0,3.866,-1.306,884.000,200.000,906.000,277.000,NaN,NaN,NaN,NaN,NaN,NaN,NaN
428,56,6142.000,26.261,-2.800,0.006,-0.007,0.671,NaN,142,0,1.724,-1.235,744.000,199.000,790.000,269.000,NaN,NaN,NaN,NaN,NaN,NaN,NaN
429,81,6142.000,17.516,3.559,0.004,0.021,NaN,NaN,142,0,-0.000,-0.000,NaN,NaN,NaN,NaN,NaN,NaN,NaN,NaN,NaN,NaN,NaN
430,3,6143.000,1.006,2.599,-0.329,0.189,NaN,NaN,143,0,-1.168,-1.327,NaN,NaN,NaN,NaN,NaN,NaN,NaN,NaN,NaN,NaN,NaN
431,4,6143.000,23.746,-4.880,0.002,0.003,0.798,0.552,143,0,3.099,0.383,885.000,200.000,906.000,276.000,23.760,-4.800,-1.190,0.830,0.680,1.670,-1.356
432,56,6143.000,26.267,-2.779,0.004,-0.001,0.668,0.115,143,0,1.024,-0.984,744.000,199.000,790.000,269.000,26.260,-2.730,-1.210,1.960,0.600,1.800,-0.817
433,81,6143.000,17.520,3.580,0.004,0.021,NaN,NaN,143,0,-0.000,-0.000,NaN,NaN,NaN,NaN,NaN,NaN,NaN,NaN,NaN,NaN,NaN
434,3,6144.000,0.677,2.787,-0.330,0.189,NaN,NaN,144,0,-0.921,-1.327,NaN,NaN,NaN,NaN,NaN,NaN,NaN,NaN,NaN,NaN,NaN
435,4,6144.000,23.751,-4.899,0.004,-0.001,0.791,NaN,144,0,3.665,-1.308,885.000,200.000,906.000,275.000,NaN,NaN,NaN,NaN,NaN,NaN,NaN
436,56,6144.000,26.198,-2.753,-0.015,0.008,0.660,0.689,144,0,0.944,0.615,744.000,199.000,790.000,269.000,26.120,-2.690,-1.180,1.950,0.560,1.770,2.303
437,81,6144.000,17.524,3.600,0.004,0.020,NaN,NaN,144,0,-0.000,-0.000,NaN,NaN,NaN,NaN,NaN,NaN,NaN,NaN,NaN,NaN,NaN
438,3,6145.000,0.347,2.977,-0.330,0.189,NaN,NaN,145,0,-2.654,-1.327,NaN,NaN,NaN,NaN,NaN,NaN,NaN,NaN,NaN,NaN,NaN
439,4,6145.000,23.751,-4.905,0.004,-0.002,0.795,NaN,145,0,3.665,-1.306,885.000,200.000,906.000,275.000,NaN,NaN,NaN,NaN,NaN,NaN,NaN
440,56,6145.000,26.177,-2.790,-0.016,-0.003,0.658,NaN,145,0,1.613,-1.235,743.000,199.000,790.000,269.000,NaN,NaN,NaN,NaN,NaN,NaN,NaN
441,81,6145.000,17.529,3.621,0.004,0.021,NaN,NaN,145,0,-0.000,-0.000,NaN,NaN,NaN,NaN,NaN,NaN,NaN,NaN,NaN,NaN,NaN
442,3,6146.000,0.017,3.165,-0.330,0.189,NaN,NaN,146,0,-2.701,-1.327,NaN,NaN,NaN,NaN,NaN,NaN,NaN,NaN,NaN,NaN,NaN
443,4,6146.000,23.806,-4.902,0.013,0.002,0.801,0.256,146,0,3.099,-0.443,885.000,200.000,907.000,275.000,23.850,-4.860,-1.230,0.750,0.690,1.650,0.612
444,56,6146.000,26.319,-2.804,0.018,-0.007,0.656,0.021,146,0,0.944,-1.456,743.000,199.000,790.000,269.000,26.410,-2.790,-1.190,1.620,0.550,1.760,-0.972
445,81,6146.000,17.535,3.641,0.006,0.021,NaN,NaN,146,0,-0.000,-0.000,NaN,NaN,NaN,NaN,NaN,NaN,NaN,NaN,NaN,NaN,NaN
446,3,6147.000,-0.313,3.354,-0.330,0.189,NaN,NaN,147,0,-2.654,-1.327,NaN,NaN,NaN,NaN,NaN,NaN,NaN,NaN,NaN,NaN,NaN
447,4,6147.000,23.804,-4.869,0.012,0.011,0.775,0.214,147,0,2.738,-0.603,886.000,200.000,906.000,277.000,23.800,-4.820,-1.270,0.720,0.680,1.740,-0.897
448,56,6147.000,26.342,-2.840,0.019,-0.014,0.722,NaN,147,0,2.434,-1.243,744.000,200.000,790.000,277.000,NaN,NaN,NaN,NaN,NaN,NaN,NaN
449,81,6147.000,17.542,3.661,0.006,0.019,NaN,NaN,147,0,-0.000,-0.000,NaN,NaN,NaN,NaN,NaN,NaN,NaN,NaN,NaN,NaN,NaN
450,3,6148.000,-0.642,3.541,-0.329,0.187,NaN,NaN,148,0,-1.689,-1.327,NaN,NaN,NaN,NaN,NaN,NaN,NaN,NaN,NaN,NaN,NaN
451,4,6148.000,23.800,-4.922,0.007,-0.009,0.777,NaN,148,0,3.460,-1.310,886.000,200.000,907.000,276.000,NaN,NaN,NaN,NaN,NaN,NaN,NaN
452,56,6148.000,26.360,-2.870,0.019,-0.019,0.722,NaN,148,0,2.434,-1.249,744.000,199.000,790.000,276.000,NaN,NaN,NaN,NaN,NaN,NaN,NaN
453,81,6148.000,17.549,3.680,0.007,0.020,NaN,NaN,148,0,-0.000,-0.000,NaN,NaN,NaN,NaN,NaN,NaN,NaN,NaN,NaN,NaN,NaN
454,4,6149.000,23.786,-4.902,0.002,-0.003,0.783,0.628,149,0,2.841,0.618,886.000,200.000,907.000,277.000,23.750,-4.840,-1.090,0.770,0.450,1.730,-2.271
455,56,6149.000,26.341,-2.860,0.008,-0.013,0.725,0.583,149,0,1.790,0.249,744.000,199.000,790.000,277.000,26.310,-2.820,-1.190,1.770,0.600,1.770,-0.825
456,81,6149.000,17.556,3.700,0.007,0.020,NaN,NaN,149,0,0.251,-0.000,NaN,NaN,NaN,NaN,NaN,NaN,NaN,NaN,NaN,NaN,NaN
457,4,6150.000,23.804,-4.884,0.005,0.003,0.777,0.085,150,0,2.841,-1.017,886.000,200.000,907.000,277.000,23.840,-4.830,-1.350,0.730,0.630,1.690,0.408
458,56,6150.000,26.350,-2.876,0.008,-0.014,0.735,NaN,150,0,2.746,-1.257,744.000,199.000,790.000,278.000,NaN,NaN,NaN,NaN,NaN,NaN,NaN
459,81,6150.000,17.564,3.720,0.008,0.019,NaN,NaN,150,0,-0.000,-0.000,NaN,NaN,NaN,NaN,NaN,NaN,NaN,NaN,NaN,NaN,NaN
460,4,6151.000,23.802,-4.928,0.002,-0.012,0.782,NaN,151,0,3.460,-1.310,886.000,200.000,907.000,277.000,NaN,NaN,NaN,NaN,NaN,NaN,NaN
461,56,6151.000,26.356,-2.886,0.007,-0.013,0.718,NaN,151,0,2.434,-1.264,744.000,199.000,789.000,278.000,NaN,NaN,NaN,NaN,NaN,NaN,NaN
462,81,6151.000,17.570,3.739,0.006,0.020,NaN,NaN,151,0,-0.000,-0.000,NaN,NaN,NaN,NaN,NaN,NaN,NaN,NaN,NaN,NaN,NaN
463,4,6152.000,23.811,-4.924,0.002,-0.005,0.776,0.041,152,0,2.841,-1.314,886.000,200.000,907.000,277.000,23.840,-4.860,-1.350,0.740,0.610,1.660,0.047
464,56,6152.000,26.199,-2.811,-0.023,0.008,0.711,0.758,152,0,1.516,1.024,744.000,199.000,790.000,277.000,26.140,-2.700,-1.250,2.000,0.770,1.890,-0.789
465,81,6152.000,17.577,3.759,0.007,0.020,NaN,NaN,152,0,-0.000,-0.000,NaN,NaN,NaN,NaN,NaN,NaN,NaN,NaN,NaN,NaN,NaN
466,4,6153.000,23.782,-4.905,-0.005,0.002,0.778,0.867,153,0,2.841,2.233,886.000,200.000,907.000,277.000,23.750,-4.850,-1.220,0.700,0.670,1.690,-1.467
467,56,6153.000,26.174,-2.830,-0.023,0.001,0.704,NaN,153,0,2.128,-1.256,744.000,199.000,789.000,277.000,NaN,NaN,NaN,NaN,NaN,NaN,NaN
468,81,6153.000,17.584,3.777,0.007,0.018,NaN,NaN,153,0,-0.000,-0.000,NaN,NaN,NaN,NaN,NaN,NaN,NaN,NaN,NaN,NaN,NaN
469,4,6154.000,23.773,-4.928,-0.005,-0.002,0.776,NaN,154,0,3.460,-1.306,886.000,200.000,907.000,276.000,NaN,NaN,NaN,NaN,NaN,NaN,NaN
470,56,6154.000,26.150,-2.847,-0.022,-0.003,0.698,NaN,154,0,2.128,-1.270,744.000,199.000,790.000,278.000,NaN,NaN,NaN,NaN,NaN,NaN,NaN
471,81,6154.000,18.240,1.068,0.043,-0.075,0.028,NaN,154,0,-0.000,-0.000,536.000,202.000,554.000,218.000,NaN,NaN,NaN,NaN,NaN,NaN,NaN
472,4,6155.000,23.768,-4.924,-0.006,-0.000,0.769,NaN,155,0,3.261,-1.303,886.000,200.000,906.000,277.000,NaN,NaN,NaN,NaN,NaN,NaN,NaN
473,56,6155.000,26.167,-2.762,-0.014,0.017,0.703,0.119,155,0,1.367,-0.983,744.000,199.000,790.000,276.000,26.200,-2.650,-1.130,0.860,0.600,1.760,0.300
474,81,6155.000,17.283,1.042,-0.006,0.055,0.038,NaN,155,0,-3.129,-1.306,536.000,204.000,543.000,218.000,NaN,NaN,NaN,NaN,NaN,NaN,NaN
475,4,6156.000,23.772,-4.903,-0.002,0.007,0.815,0.684,156,0,3.391,0.813,886.000,201.000,906.000,274.000,23.810,-4.830,-1.270,0.790,0.600,1.840,-1.428
476,56,6156.000,26.245,-2.783,0.004,0.010,0.676,0.595,156,0,1.117,0.277,744.000,200.000,790.000,274.000,26.330,-2.820,-1.290,1.750,0.600,1.850,-0.918
477,81,6156.000,17.526,1.088,0.001,0.027,0.212,NaN,156,0,-1.721,-1.311,536.000,206.000,542.000,218.000,NaN,NaN,NaN,NaN,NaN,NaN,NaN
478,4,6157.000,23.778,-4.918,-0.001,-0.001,0.815,NaN,157,0,4.053,-1.306,886.000,201.000,906.000,274.000,NaN,NaN,NaN,NaN,NaN,NaN,NaN
479,56,6157.000,26.244,-2.813,0.005,0.004,0.698,NaN,157,0,2.128,-1.236,744.000,199.000,791.000,276.000,NaN,NaN,NaN,NaN,NaN,NaN,NaN
480,81,6157.000,18.004,1.110,0.005,-0.001,0.211,NaN,157,0,-1.727,-1.315,536.000,206.000,542.000,218.000,NaN,NaN,NaN,NaN,NaN,NaN,NaN
481,4,6158.000,23.770,-4.904,-0.002,0.004,0.817,0.164,158,0,3.391,-0.740,886.000,200.000,906.000,274.000,23.770,-4.840,-1.230,0.760,0.660,1.700,-0.634
482,56,6158.000,26.402,-2.864,0.033,-0.006,0.693,0.038,158,0,0.979,-1.425,744.000,200.000,791.000,276.000,26.510,-2.930,-1.220,1.590,0.610,1.770,-0.740
483,81,6158.000,17.822,1.101,-0.005,0.002,0.228,NaN,158,0,-1.640,-1.315,536.000,206.000,542.000,219.000,NaN,NaN,NaN,NaN,NaN,NaN,NaN
484,4,6159.000,23.766,-4.919,-0.003,-0.002,0.813,NaN,159,0,4.053,-1.306,886.000,201.000,906.000,274.000,NaN,NaN,NaN,NaN,NaN,NaN,NaN
485,56,6159.000,26.330,-2.790,0.013,0.014,0.702,0.431,159,0,1.367,-0.249,744.000,200.000,790.000,277.000,26.250,-2.690,-1.310,1.840,0.670,1.890,-0.868
486,81,6159.000,17.424,1.077,-0.018,0.000,0.205,NaN,159,0,-1.727,-1.316,536.000,206.000,542.000,218.000,NaN,NaN,NaN,NaN,NaN,NaN,NaN
487,4,6160.000,23.764,-4.925,-0.004,-0.004,0.815,NaN,160,0,4.217,-1.303,886.000,201.000,906.000,274.000,NaN,NaN,NaN,NaN,NaN,NaN,NaN
488,56,6160.000,26.343,-2.813,0.014,0.004,0.693,NaN,160,0,1.982,-1.234,744.000,199.000,790.000,279.000,NaN,NaN,NaN,NaN,NaN,NaN,NaN
489,81,6160.000,17.057,1.054,-0.029,-0.001,0.242,NaN,160,0,-1.591,-1.315,536.000,206.000,542.000,218.000,NaN,NaN,NaN,NaN,NaN,NaN,NaN
490,4,6161.000,23.760,-4.906,-0.004,0.003,0.819,0.611,161,0,3.391,0.562,886.000,201.000,906.000,274.000,23.770,-4.840,-1.140,0.750,0.640,1.740,-0.518
491,56,6161.000,26.353,-2.840,0.013,-0.004,0.689,NaN,161,0,1.982,-1.240,744.000,200.000,790.000,276.000,NaN,NaN,NaN,NaN,NaN,NaN,NaN
492,81,6161.000,16.689,1.032,-0.036,-0.001,0.289,NaN,161,0,-1.340,-1.315,536.000,206.000,542.000,219.000,NaN,NaN,NaN,NaN,NaN,NaN,NaN
493,4,6162.000,23.763,-4.891,-0.002,0.008,0.818,0.458,162,0,3.391,0.041,886.000,200.000,907.000,274.000,23.770,-4.870,-1.150,0.720,0.670,1.730,0.414
494,56,6162.000,26.240,-2.768,-0.008,0.014,0.686,0.172,162,0,1.231,-0.818,744.000,200.000,790.000,279.000,26.170,-2.660,-1.220,1.880,0.540,1.820,-0.856
495,81,6162.000,16.522,1.022,-0.042,-0.002,0.227,NaN,162,0,-1.640,-1.315,536.000,205.000,542.000,218.000,NaN,NaN,NaN,NaN,NaN,NaN,NaN
496,4,6163.000,23.754,-4.917,-0.005,-0.002,0.808,NaN,163,0,4.053,-1.308,886.000,200.000,907.000,274.000,NaN,NaN,NaN,NaN,NaN,NaN,NaN
497,56,6163.000,26.231,-2.809,-0.008,0.002,0.693,NaN,163,0,2.173,-1.235,744.000,200.000,790.000,281.000,NaN,NaN,NaN,NaN,NaN,NaN,NaN
498,81,6163.000,16.430,1.016,-0.037,-0.003,0.269,NaN,163,0,-1.430,-1.314,536.000,205.000,542.000,218.000,NaN,NaN,NaN,NaN,NaN,NaN,NaN
499,4,6164.000,23.777,-4.917,0.005,-0.000,0.801,0.012,164,0,3.099,-1.427,886.000,200.000,907.000,274.000,23.800,-4.930,-1.260,0.710,0.680,1.760,-0.644
500,56,6164.000,26.260,-2.792,-0.001,0.005,0.700,0.201,164,0,1.367,-0.740,744.000,200.000,789.000,284.000,26.290,-2.770,-1.210,1.800,0.610,1.830,-0.861
501,81,6164.000,16.390,1.014,-0.039,-0.002,NaN,NaN,164,0,-0.403,-1.314,NaN,NaN,NaN,NaN,NaN,NaN,NaN,NaN,NaN,NaN,NaN
502,4,6165.000,23.762,-4.891,0.002,0.007,0.807,0.734,165,0,3.246,1.175,885.000,201.000,908.000,275.000,23.730,-4.840,-1.200,0.720,0.650,1.740,-0.827
503,56,6165.000,26.224,-2.755,-0.010,0.012,0.664,0.027,165,0,0.944,-1.408,743.000,200.000,790.000,275.000,26.170,-2.690,-1.180,0.770,0.590,1.760,-0.541
504,81,6165.000,16.351,1.011,-0.039,-0.002,NaN,NaN,165,0,1.609,-1.314,NaN,NaN,NaN,NaN,NaN,NaN,NaN,NaN,NaN,NaN,NaN
505,4,6166.000,23.755,-4.913,0.000,-0.001,0.816,NaN,166,0,4.217,-1.308,885.000,201.000,908.000,275.000,NaN,NaN,NaN,NaN,NaN,NaN,NaN
506,56,6166.000,26.205,-2.786,-0.011,0.002,0.722,NaN,166,0,2.608,-1.232,744.000,200.000,790.000,281.000,NaN,NaN,NaN,NaN,NaN,NaN,NaN
507,81,6166.000,16.312,1.009,-0.040,-0.003,NaN,NaN,166,0,1.083,-1.315,NaN,NaN,NaN,NaN,NaN,NaN,NaN,NaN,NaN,NaN,NaN
508,4,6167.000,23.776,-4.905,0.004,0.003,0.811,0.795,167,0,3.246,1.481,885.000,201.000,908.000,275.000,23.750,-4.870,-1.270,0.710,0.690,1.720,-1.605
509,56,6167.000,26.292,-2.816,0.010,-0.002,0.690,0.163,167,0,1.231,-0.845,744.000,200.000,789.000,282.000,26.380,-2.880,-1.230,2.080,0.630,1.910,-0.950
510,81,6167.000,16.272,1.004,-0.039,-0.005,NaN,NaN,167,0,0.810,-1.315,NaN,NaN,NaN,NaN,NaN,NaN,NaN,NaN,NaN,NaN,NaN
511,4,6168.000,23.770,-4.922,0.000,-0.003,0.818,NaN,168,0,4.217,-1.306,885.000,201.000,908.000,274.000,NaN,NaN,NaN,NaN,NaN,NaN,NaN
512,56,6168.000,26.225,-2.742,-0.009,0.015,0.644,0.585,168,0,0.809,0.277,743.000,200.000,786.000,281.000,26.120,-2.620,-1.230,1.820,0.570,1.860,-0.902
513,81,6168.000,16.232,0.999,-0.041,-0.005,NaN,NaN,168,0,3.021,-1.314,NaN,NaN,NaN,NaN,NaN,NaN,NaN,NaN,NaN,NaN,NaN
514,4,6169.000,23.772,-4.926,0.000,-0.002,0.788,NaN,169,0,3.665,-1.303,884.000,201.000,908.000,274.000,NaN,NaN,NaN,NaN,NaN,NaN,NaN
515,56,6169.000,26.220,-2.753,-0.006,0.010,0.758,NaN,169,0,3.236,-1.224,743.000,200.000,782.000,281.000,NaN,NaN,NaN,NaN,NaN,NaN,NaN
516,81,6169.000,16.190,0.995,-0.041,-0.004,NaN,NaN,169,0,1.609,-1.313,NaN,NaN,NaN,NaN,NaN,NaN,NaN,NaN,NaN,NaN,NaN
517,4,6170.000,23.759,-4.927,-0.005,-0.004,0.792,0.838,170,0,2.962,1.841,884.000,201.000,908.000,275.000,23.750,-4.900,-1.300,0.730,0.600,1.680,-0.292
518,56,6170.000,26.223,-2.771,-0.004,0.001,0.766,NaN,170,0,3.422,-1.232,743.000,200.000,786.000,282.000,NaN,NaN,NaN,NaN,NaN,NaN,NaN
519,81,6170.000,16.147,0.990,-0.043,-0.004,NaN,NaN,170,0,2.206,-1.312,NaN,NaN,NaN,NaN,NaN,NaN,NaN,NaN,NaN,NaN,NaN
520,4,6171.000,23.750,-4.917,-0.006,0.001,0.788,0.988,171,0,2.962,2.843,884.000,201.000,909.000,276.000,23.760,-4.880,-1.230,0.690,0.660,1.550,-0.626
521,56,6171.000,26.202,-2.747,-0.009,0.006,0.769,0.379,171,0,2.118,-0.347,743.000,200.000,789.000,283.000,26.190,-2.710,-1.220,1.840,0.560,1.800,-0.845
522,81,6171.000,16.105,0.986,-0.042,-0.005,NaN,NaN,171,0,3.411,-1.312,NaN,NaN,NaN,NaN,NaN,NaN,NaN,NaN,NaN,NaN,NaN
523,4,6172.000,23.743,-4.924,-0.007,0.000,0.767,NaN,172,0,3.261,-1.303,882.000,201.000,910.000,276.000,NaN,NaN,NaN,NaN,NaN,NaN,NaN
524,56,6172.000,26.195,-2.762,-0.008,0.001,0.765,NaN,172,0,3.422,-1.234,743.000,200.000,782.000,281.000,NaN,NaN,NaN,NaN,NaN,NaN,NaN
525,81,6172.000,16.063,0.979,-0.042,-0.007,NaN,NaN,172,0,1.183,-1.312,NaN,NaN,NaN,NaN,NaN,NaN,NaN,NaN,NaN,NaN,NaN
526,4,6173.000,23.725,-4.911,-0.010,0.007,0.756,0.959,173,0,2.649,2.843,883.000,201.000,910.000,276.000,23.730,-4.880,-1.190,0.740,0.630,1.690,-0.734
527,56,6173.000,26.227,-2.800,-0.002,-0.010,0.773,0.023,173,0,2.118,-1.440,743.000,200.000,781.000,282.000,26.240,-2.820,-1.240,0.780,0.590,1.830,-0.498
528,81,6173.000,16.020,0.972,-0.043,-0.007,NaN,NaN,173,0,2.680,-1.312,NaN,NaN,NaN,NaN,NaN,NaN,NaN,NaN,NaN,NaN,NaN
529,4,6174.000,23.712,-4.893,-0.012,0.010,0.789,0.934,174,0,2.962,2.843,883.000,201.000,910.000,275.000,23.720,-4.870,-1.360,0.690,0.630,1.630,-0.847
530,56,6174.000,26.105,-2.675,-0.025,0.024,0.795,0.088,174,0,2.294,-1.049,744.000,200.000,783.000,281.000,26.010,-2.490,-1.240,0.890,0.490,1.840,-0.930
531,81,6174.000,15.976,0.965,-0.044,-0.007,NaN,NaN,174,0,2.844,-1.310,NaN,NaN,NaN,NaN,NaN,NaN,NaN,NaN,NaN,NaN,NaN
532,4,6175.000,23.689,-4.906,-0.013,0.006,0.798,NaN,175,0,3.866,-1.306,882.000,201.000,911.000,274.000,NaN,NaN,NaN,NaN,NaN,NaN,NaN
533,56,6175.000,26.072,-2.721,-0.029,0.009,0.742,NaN,175,0,2.746,-1.241,744.000,200.000,784.000,278.000,NaN,NaN,NaN,NaN,NaN,NaN,NaN
534,81,6175.000,15.931,0.959,-0.045,-0.006,NaN,NaN,175,0,3.211,-1.310,NaN,NaN,NaN,NaN,NaN,NaN,NaN,NaN,NaN,NaN,NaN
535,4,6176.000,23.710,-4.893,-0.008,0.007,0.752,0.484,176,0,2.563,0.126,884.000,201.000,912.000,275.000,23.760,-4.900,-1.200,0.710,0.600,1.640,-0.693
536,56,6176.000,26.293,-2.793,0.019,-0.007,0.758,0.102,176,0,2.048,-1.023,744.000,200.000,783.000,279.000,26.440,-2.880,-1.210,1.920,0.580,1.780,-0.788
537,81,6176.000,15.887,0.952,-0.044,-0.007,NaN,NaN,176,0,3.211,-1.309,NaN,NaN,NaN,NaN,NaN,NaN,NaN,NaN,NaN,NaN,NaN
538,4,6177.000,23.698,-4.911,-0.008,0.002,0.739,NaN,177,0,2.746,-1.306,883.000,201.000,913.000,276.000,NaN,NaN,NaN,NaN,NaN,NaN,NaN
539,56,6177.000,26.307,-2.806,0.018,-0.009,0.728,NaN,177,0,2.590,-1.239,744.000,200.000,785.000,275.000,NaN,NaN,NaN,NaN,NaN,NaN,NaN
540,81,6177.000,15.844,0.944,-0.043,-0.008,NaN,NaN,177,0,2.680,-1.309,NaN,NaN,NaN,NaN,NaN,NaN,NaN,NaN,NaN,NaN,NaN
541,4,6178.000,23.715,-4.881,-0.003,0.009,0.161,0.685,178,0,-1.479,0.874,882.000,198.000,914.000,310.000,23.740,-4.820,-1.180,0.800,0.650,1.720,-1.058
542,56,6178.000,26.287,-2.760,0.009,0.004,0.046,0.020,178,0,-2.576,-1.442,788.000,197.000,795.000,214.000,26.250,-2.690,-1.190,1.740,0.580,1.890,-0.847
543,81,6178.000,15.802,0.935,-0.042,-0.008,NaN,NaN,178,0,1.976,-1.099,NaN,NaN,NaN,NaN,NaN,NaN,NaN,NaN,NaN,NaN,NaN
544,4,6179.000,23.740,-4.875,0.003,0.006,0.087,0.623,179,0,-1.945,0.591,886.000,193.000,914.000,314.000,23.770,-4.870,-1.150,0.800,0.630,1.690,-0.591
545,56,6179.000,26.278,-2.763,0.007,0.001,0.740,0.935,179,0,1.893,4.914,743.000,200.000,790.000,274.000,26.260,-2.780,-1.300,1.820,0.600,1.860,-0.891
546,81,6179.000,15.760,0.928,-0.041,-0.007,NaN,NaN,179,0,2.844,-1.307,NaN,NaN,NaN,NaN,NaN,NaN,NaN,NaN,NaN,NaN,NaN
547,4,6180.000,23.730,-4.915,0.000,-0.008,0.039,NaN,180,0,-1.931,-1.308,882.000,202.000,915.000,315.000,NaN,NaN,NaN,NaN,NaN,NaN,NaN
548,56,6180.000,26.280,-2.795,0.007,-0.007,0.730,NaN,180,0,2.590,-1.230,743.000,199.000,791.000,270.000,NaN,NaN,NaN,NaN,NaN,NaN,NaN
549,81,6180.000,15.719,0.921,-0.041,-0.007,NaN,NaN,180,0,1.890,-1.304,NaN,NaN,NaN,NaN,NaN,NaN,NaN,NaN,NaN,NaN,NaN
550,4,6181.000,23.737,-4.914,0.001,-0.008,0.039,0.982,181,0,-2.627,2.843,882.000,201.000,915.000,310.000,23.760,-4.880,-1.190,0.690,0.630,1.590,-0.809
551,56,6181.000,26.340,-2.849,0.016,-0.018,0.690,0.024,181,0,1.231,-1.438,743.000,200.000,790.000,272.000,26.390,-2.920,-1.230,1.760,0.620,1.770,-0.600
552,81,6181.000,15.678,0.915,-0.041,-0.006,NaN,NaN,181,0,-3.123,-1.304,NaN,NaN,NaN,NaN,NaN,NaN,NaN,NaN,NaN,NaN,NaN
553,4,6182.000,23.757,-4.910,0.006,-0.006,0.738,0.986,182,0,2.467,2.843,881.000,200.000,913.000,277.000,23.790,-4.870,-1.130,0.670,0.630,1.550,-0.621
554,56,6182.000,26.370,-2.877,0.022,-0.023,0.685,NaN,182,0,1.846,-1.254,743.000,200.000,791.000,274.000,NaN,NaN,NaN,NaN,NaN,NaN,NaN
555,81,6182.000,15.635,0.909,-0.042,-0.006,NaN,NaN,182,0,3.261,-1.304,NaN,NaN,NaN,NaN,NaN,NaN,NaN,NaN,NaN,NaN,NaN
556,4,6183.000,23.758,-4.924,0.004,-0.010,0.676,NaN,183,0,1.846,-1.303,880.000,200.000,912.000,277.000,NaN,NaN,NaN,NaN,NaN,NaN,NaN
557,56,6183.000,26.397,-2.902,0.023,-0.024,0.686,NaN,183,0,1.982,-1.261,744.000,200.000,791.000,274.000,NaN,NaN,NaN,NaN,NaN,NaN,NaN
558,81,6183.000,15.595,0.904,-0.041,-0.005,NaN,NaN,183,0,3.021,-1.303,NaN,NaN,NaN,NaN,NaN,NaN,NaN,NaN,NaN,NaN,NaN
559,4,6184.000,23.785,-4.936,0.010,-0.009,0.805,0.328,184,0,3.246,-0.299,881.000,200.000,913.000,277.000,23.790,-4.920,-1.240,0.690,0.650,1.650,-0.668
560,56,6184.000,26.444,-2.935,0.030,-0.027,0.680,0.096,184,0,1.117,-1.032,744.000,200.000,791.000,275.000,26.440,-2.940,-1.260,1.970,0.460,1.750,-0.830
561,81,6184.000,15.555,0.899,-0.040,-0.005,NaN,NaN,184,0,3.809,-1.301,NaN,NaN,NaN,NaN,NaN,NaN,NaN,NaN,NaN,NaN,NaN
562,4,6185.000,23.780,-4.907,0.008,0.000,0.833,0.992,185,0,3.532,2.843,881.000,201.000,911.000,275.000,23.760,-4.830,-1.240,0.660,0.680,1.520,-0.515
563,56,6185.000,26.332,-2.860,-0.000,-0.004,0.676,0.116,185,0,1.117,-0.979,744.000,200.000,791.000,276.000,26.210,-2.730,-1.300,0.710,0.620,1.880,-0.565
564,81,6185.000,15.515,0.894,-0.040,-0.005,NaN,NaN,185,0,3.612,-1.300,NaN,NaN,NaN,NaN,NaN,NaN,NaN,NaN,NaN,NaN,NaN
565,4,6186.000,23.787,-4.932,0.008,-0.008,0.829,NaN,186,0,4.351,-1.306,882.000,201.000,912.000,275.000,NaN,NaN,NaN,NaN,NaN,NaN,NaN
566,56,6186.000,26.333,-2.876,-0.001,-0.007,0.665,NaN,186,0,1.724,-1.258,744.000,200.000,791.000,276.000,NaN,NaN,NaN,NaN,NaN,NaN,NaN
567,81,6186.000,15.475,0.888,-0.040,-0.005,NaN,NaN,186,0,2.844,-1.299,NaN,NaN,NaN,NaN,NaN,NaN,NaN,NaN,NaN,NaN,NaN
568,4,6187.000,23.763,-4.908,0.001,0.001,0.825,0.958,187,0,3.532,2.843,882.000,200.000,912.000,275.000,23.730,-4.850,-1.340,0.700,0.620,1.570,-0.530
569,56,6187.000,26.334,-2.890,-0.001,-0.009,0.674,NaN,187,0,1.724,-1.264,744.000,200.000,791.000,273.000,NaN,NaN,NaN,NaN,NaN,NaN,NaN
570,81,6187.000,15.436,0.885,-0.039,-0.004,NaN,NaN,187,0,-0.138,-1.299,NaN,NaN,NaN,NaN,NaN,NaN,NaN,NaN,NaN,NaN,NaN
571,4,6188.000,23.750,-4.876,-0.003,0.009,0.833,0.589,188,0,3.532,0.498,882.000,201.000,911.000,275.000,23.750,-4.840,-1.210,0.670,0.660,1.570,-0.633
572,56,6188.000,26.335,-2.894,-0.000,-0.008,0.674,NaN,188,0,1.724,-1.268,743.000,200.000,790.000,272.000,NaN,NaN,NaN,NaN,NaN,NaN,NaN
573,81,6188.000,15.398,0.882,-0.038,-0.003,NaN,NaN,188,0,0.651,-1.299,NaN,NaN,NaN,NaN,NaN,NaN,NaN,NaN,NaN,NaN,NaN
574,4,6189.000,23.743,-4.899,-0.004,-0.001,0.839,NaN,189,0,4.443,-1.308,881.000,200.000,911.000,275.000,NaN,NaN,NaN,NaN,NaN,NaN,NaN
575,56,6189.000,26.335,-2.903,0.000,-0.008,0.667,NaN,189,0,1.724,-1.270,744.000,200.000,791.000,274.000,NaN,NaN,NaN,NaN,NaN,NaN,NaN
576,81,6189.000,15.108,0.938,-0.056,-0.039,0.300,NaN,189,0,-1.297,-1.299,536.000,206.000,542.000,219.000,NaN,NaN,NaN,NaN,NaN,NaN,NaN
577,4,6190.000,23.744,-4.882,-0.003,0.006,0.834,0.909,190,0,3.532,2.843,882.000,200.000,911.000,275.000,23.750,-4.840,-1.300,0.690,0.760,1.570,-0.626
578,56,6190.000,26.182,-2.803,-0.025,0.017,0.677,0.130,190,0,1.117,-0.952,744.000,200.000,791.000,273.000,26.160,-2.680,-1.210,0.830,0.610,1.840,-0.670
579,81,6190.000,16.433,1.021,0.007,-0.001,0.296,NaN,190,0,-1.312,-1.314,536.000,206.000,542.000,219.000,NaN,NaN,NaN,NaN,NaN,NaN,NaN
580,4,6191.000,23.720,-4.860,-0.008,0.010,0.832,0.993,191,0,3.532,2.843,882.000,201.000,911.000,275.000,23.690,-4.840,-1.160,0.640,0.690,1.660,-0.581
581,56,6191.000,26.229,-2.792,-0.016,0.017,0.679,0.334,191,0,1.117,-0.450,744.000,200.000,791.000,272.000,26.300,-2.800,-1.190,1.730,0.590,1.790,-0.779
582,81,6191.000,16.560,1.024,0.007,-0.003,0.305,NaN,191,0,-1.295,-1.315,536.000,206.000,542.000,219.000,NaN,NaN,NaN,NaN,NaN,NaN,NaN
583,4,6192.000,23.708,-4.872,-0.009,0.007,0.849,NaN,192,0,4.485,-1.310,879.000,201.000,911.000,274.000,NaN,NaN,NaN,NaN,NaN,NaN,NaN
584,56,6192.000,26.212,-2.803,-0.017,0.010,0.732,NaN,192,0,2.756,-1.247,744.000,199.000,790.000,282.000,NaN,NaN,NaN,NaN,NaN,NaN,NaN
585,81,6192.000,16.041,0.989,-0.019,-0.004,0.227,NaN,192,0,-1.639,-1.314,536.000,206.000,542.000,218.000,NaN,NaN,NaN,NaN,NaN,NaN,NaN
586,4,6193.000,23.726,-4.856,-0.002,0.010,0.851,0.990,193,0,3.866,2.843,879.000,201.000,911.000,274.000,23.750,-4.850,-1.250,0.710,0.650,1.600,-0.581
587,56,6193.000,26.316,-2.849,0.004,-0.002,0.718,0.028,193,0,1.662,-1.421,744.000,199.000,790.000,282.000,26.430,-2.900,-1.270,1.820,0.520,1.750,-0.878
588,81,6193.000,16.022,0.986,-0.019,-0.003,NaN,NaN,193,0,-0.250,-1.314,NaN,NaN,NaN,NaN,NaN,NaN,NaN,NaN,NaN,NaN,NaN
589,4,6194.000,23.725,-4.833,-0.003,0.013,0.852,0.975,194,0,3.866,2.843,879.000,201.000,911.000,274.000,23.730,-4.830,-1.230,0.700,0.640,1.640,-0.676
590,56,6194.000,26.321,-2.862,0.005,-0.005,0.730,NaN,194,0,2.756,-1.256,744.000,200.000,790.000,282.000,NaN,NaN,NaN,NaN,NaN,NaN,NaN
591,81,6194.000,16.004,0.984,-0.018,-0.002,NaN,NaN,194,0,3.460,-1.313,NaN,NaN,NaN,NaN,NaN,NaN,NaN,NaN,NaN,NaN,NaN
592,4,6195.000,23.712,-4.858,-0.005,0.003,0.853,NaN,195,0,4.485,-1.311,879.000,201.000,911.000,274.000,NaN,NaN,NaN,NaN,NaN,NaN,NaN
593,56,6195.000,26.325,-2.874,0.004,-0.005,0.731,NaN,195,0,2.756,-1.264,744.000,199.000,790.000,282.000,NaN,NaN,NaN,NaN,NaN,NaN,NaN
594,81,6195.000,15.987,0.983,-0.017,-0.001,NaN,NaN,195,0,3.261,-1.313,NaN,NaN,NaN,NaN,NaN,NaN,NaN,NaN,NaN,NaN,NaN
595,4,6196.000,23.725,-4.856,0.000,0.004,0.852,0.237,196,0,3.866,-0.513,879.000,201.000,911.000,274.000,23.740,-4.860,-1.230,0.710,0.650,1.650,-0.479
596,56,6196.000,26.239,-2.829,-0.011,0.008,0.759,0.043,196,0,2.048,-1.384,744.000,200.000,790.000,283.000,26.190,-2.770,-1.220,1.720,0.620,1.790,-0.644
597,81,6196.000,15.970,0.981,-0.017,-0.002,NaN,NaN,196,0,3.665,-1.313,NaN,NaN,NaN,NaN,NaN,NaN,NaN,NaN,NaN,NaN,NaN
598,4,6197.000,23.721,-4.878,-0.002,-0.006,0.849,NaN,197,0,4.485,-1.310,879.000,201.000,911.000,275.000,NaN,NaN,NaN,NaN,NaN,NaN,NaN
599,56,6197.000,26.230,-2.837,-0.011,0.003,0.727,NaN,197,0,2.756,-1.258,743.000,200.000,790.000,282.000,NaN,NaN,NaN,NaN,NaN,NaN,NaN
600,81,6197.000,15.953,0.978,-0.017,-0.003,NaN,NaN,197,0,3.460,-1.313,NaN,NaN,NaN,NaN,NaN,NaN,NaN,NaN,NaN,NaN,NaN
601,4,6198.000,23.720,-4.892,-0.002,-0.008,0.851,NaN,198,0,4.485,-1.308,879.000,201.000,911.000,275.000,NaN,NaN,NaN,NaN,NaN,NaN,NaN
602,56,6198.000,26.223,-2.849,-0.009,-0.000,0.671,NaN,198,0,1.724,-1.262,744.000,200.000,790.000,270.000,NaN,NaN,NaN,NaN,NaN,NaN,NaN
603,81,6198.000,15.935,0.976,-0.018,-0.002,NaN,NaN,198,0,3.460,-1.312,NaN,NaN,NaN,NaN,NaN,NaN,NaN,NaN,NaN,NaN,NaN
604,4,6199.000,23.714,-4.881,-0.002,-0.005,0.851,0.994,199,0,3.866,2.843,879.000,200.000,911.000,275.000,23.720,-4.840,-1.180,0.690,0.690,1.560,-0.671
605,56,6199.000,26.216,-2.863,-0.009,-0.004,0.724,NaN,199,0,2.608,-1.265,745.000,200.000,790.000,281.000,NaN,NaN,NaN,NaN,NaN,NaN,NaN
606,81,6199.000,15.918,0.972,-0.017,-0.004,NaN,NaN,199,0,4.261,-1.099,NaN,NaN,NaN,NaN,NaN,NaN,NaN,NaN,NaN,NaN,NaN
607,4,6200.000,23.731,-4.874,0.005,-0.003,0.855,0.743,200,0,4.119,1.234,879.000,200.000,911.000,275.000,23.770,-4.840,-1.140,0.770,0.640,1.630,-0.514
608,56,6200.000,26.211,-2.873,-0.007,-0.005,0.733,NaN,200,0,2.756,-1.271,744.000,200.000,791.000,282.000,NaN,NaN,NaN,NaN,NaN,NaN,NaN
609,81,6200.000,15.900,0.968,-0.017,-0.004,NaN,NaN,200,0,4.053,-1.312,NaN,NaN,NaN,NaN,NaN,NaN,NaN,NaN,NaN,NaN,NaN
610,4,6201.000,23.728,-4.890,0.004,-0.007,0.829,NaN,201,0,4.351,-1.308,879.000,200.000,911.000,274.000,NaN,NaN,NaN,NaN,NaN,NaN,NaN
611,56,6201.000,26.221,-2.880,-0.004,-0.006,0.728,NaN,201,0,2.756,-1.275,744.000,200.000,791.000,284.000,NaN,NaN,NaN,NaN,NaN,NaN,NaN
612,81,6201.000,15.885,0.963,-0.016,-0.005,NaN,NaN,201,0,2.906,-1.311,NaN,NaN,NaN,NaN,NaN,NaN,NaN,NaN,NaN,NaN,NaN
613,4,6202.000,23.717,-4.892,0.001,-0.008,0.819,0.019,202,0,3.391,-1.411,879.000,200.000,911.000,274.000,23.720,-4.890,-1.310,0.760,0.600,1.750,-0.663
614,56,6202.000,26.214,-2.831,-0.005,0.006,0.561,NaN,202,0,0.715,-1.276,744.000,200.000,780.000,279.000,NaN,NaN,NaN,NaN,NaN,NaN,NaN
615,81,6202.000,15.869,0.958,-0.016,-0.005,NaN,NaN,202,0,-0.193,-1.857,NaN,NaN,NaN,NaN,NaN,NaN,NaN,NaN,NaN,NaN,NaN
616,4,6203.000,23.721,-4.865,0.003,-0.000,0.830,0.851,203,0,3.532,1.933,879.000,200.000,911.000,274.000,23.730,-4.840,-1.230,0.740,0.650,1.690,-0.644
617,56,6203.000,26.209,-2.815,-0.006,0.008,0.756,NaN,203,0,3.236,-1.262,744.000,200.000,783.000,283.000,NaN,NaN,NaN,NaN,NaN,NaN,NaN
618,81,6203.000,15.856,0.953,-0.013,-0.006,NaN,NaN,203,0,3.277,-1.167,NaN,NaN,NaN,NaN,NaN,NaN,NaN,NaN,NaN,NaN,NaN
619,4,6204.000,23.718,-4.884,0.002,-0.006,0.837,NaN,204,0,4.443,-1.310,879.000,200.000,911.000,274.000,NaN,NaN,NaN,NaN,NaN,NaN,NaN
620,56,6204.000,26.199,-2.804,-0.008,0.009,0.693,NaN,204,0,2.173,-1.254,744.000,200.000,783.000,281.000,NaN,NaN,NaN,NaN,NaN,NaN,NaN
621,81,6204.000,15.844,0.947,-0.012,-0.006,NaN,NaN,204,0,-2.308,-1.309,NaN,NaN,NaN,NaN,NaN,NaN,NaN,NaN,NaN,NaN,NaN
622,4,6205.000,23.729,-4.878,0.003,-0.005,0.817,0.952,205,0,3.391,2.843,879.000,201.000,911.000,274.000,23.730,-4.850,-1.200,0.740,0.710,1.610,-0.589
623,56,6205.000,26.163,-2.800,-0.010,0.008,0.765,NaN,205,0,3.422,-1.253,743.000,199.000,784.000,283.000,NaN,NaN,NaN,NaN,NaN,NaN,NaN
624,81,6205.000,17.072,1.048,0.045,0.016,0.182,NaN,205,0,-1.865,-1.307,537.000,206.000,542.000,218.000,NaN,NaN,NaN,NaN,NaN,NaN,NaN
625,4,6206.000,23.757,-4.863,0.007,-0.001,0.827,0.956,206,0,3.532,2.843,879.000,201.000,911.000,274.000,23.790,-4.840,-1.210,0.820,0.560,1.680,-0.570
626,56,6206.000,26.236,-2.777,-0.001,0.012,0.718,0.022,206,0,1.662,-1.462,744.000,200.000,783.000,282.000,26.230,-2.730,-1.200,2.120,0.580,1.760,-0.710
627,81,6206.000,17.119,1.064,0.047,0.016,NaN,NaN,206,0,-2.943,-1.314,NaN,NaN,NaN,NaN,NaN,NaN,NaN,NaN,NaN,NaN,NaN
628,4,6207.000,23.753,-4.886,0.004,-0.006,0.843,NaN,207,0,4.443,-1.310,879.000,200.000,910.000,275.000,NaN,NaN,NaN,NaN,NaN,NaN,NaN
629,56,6207.000,26.234,-2.782,-0.001,0.008,0.738,NaN,207,0,2.907,-1.239,742.000,199.000,784.000,280.000,NaN,NaN,NaN,NaN,NaN,NaN,NaN
630,81,6207.000,17.206,1.059,0.025,0.002,0.261,NaN,207,0,-1.486,-1.315,537.000,206.000,542.000,218.000,NaN,NaN,NaN,NaN,NaN,NaN,NaN
631,4,6208.000,23.776,-4.880,0.007,-0.002,0.843,0.114,208,0,3.682,-0.906,879.000,200.000,910.000,274.000,23.800,-4.850,-1.200,0.740,0.620,1.760,-0.598
632,56,6208.000,26.382,-2.880,0.026,-0.018,0.733,0.054,208,0,1.790,-1.290,744.000,199.000,786.000,282.000,26.500,-2.980,-1.350,1.970,0.680,1.950,-0.838
633,81,6208.000,17.229,1.060,0.023,0.002,NaN,NaN,208,0,-2.386,-1.315,NaN,NaN,NaN,NaN,NaN,NaN,NaN,NaN,NaN,NaN,NaN
634,4,6209.000,23.770,-4.862,0.008,0.002,0.831,0.224,209,0,3.532,-0.578,879.000,200.000,910.000,274.000,23.790,-4.850,-1.280,0.730,0.650,1.680,-0.603
635,56,6209.000,26.376,-2.908,0.018,-0.019,0.722,0.068,209,0,1.662,-1.161,744.000,199.000,784.000,281.000,26.320,-2.940,-1.270,1.790,0.600,1.770,-0.547
636,81,6209.000,17.252,1.062,0.023,0.002,NaN,NaN,209,0,-2.796,-1.315,NaN,NaN,NaN,NaN,NaN,NaN,NaN,NaN,NaN,NaN,NaN
637,4,6210.000,23.773,-4.880,0.008,-0.003,0.843,NaN,210,0,4.443,-1.310,879.000,200.000,911.000,277.000,NaN,NaN,NaN,NaN,NaN,NaN,NaN
638,56,6210.000,26.392,-2.897,0.018,-0.012,0.690,NaN,210,0,1.982,-1.270,743.000,199.000,786.000,278.000,NaN,NaN,NaN,NaN,NaN,NaN,NaN
639,81,6210.000,17.275,1.065,0.023,0.003,NaN,NaN,210,0,-1.380,-1.315,NaN,NaN,NaN,NaN,NaN,NaN,NaN,NaN,NaN,NaN,NaN
640,4,6211.000,23.775,-4.857,0.006,0.004,0.807,0.414,211,0,3.246,-0.131,879.000,200.000,911.000,277.000,23.790,-4.820,-1.230,0.710,0.710,1.640,-0.378
641,56,6211.000,26.411,-2.885,0.018,-0.008,0.692,NaN,211,0,1.982,-1.266,743.000,200.000,785.000,270.000,NaN,NaN,NaN,NaN,NaN,NaN,NaN
642,81,6211.000,17.010,1.052,0.023,0.002,0.254,NaN,211,0,-1.539,-1.315,536.000,206.000,542.000,219.000,NaN,NaN,NaN,NaN,NaN,NaN,NaN
643,4,6212.000,23.785,-4.884,0.006,-0.005,0.806,NaN,212,0,4.053,-1.312,879.000,200.000,911.000,273.000,NaN,NaN,NaN,NaN,NaN,NaN,NaN
644,56,6212.000,26.428,-2.892,0.017,-0.007,NaN,NaN,212,0,-2.942,-1.259,NaN,NaN,NaN,NaN,NaN,NaN,NaN,NaN,NaN,NaN,NaN
645,81,6212.000,16.298,1.006,0.008,0.000,0.241,NaN,212,0,-1.592,-1.315,536.000,206.000,542.000,219.000,NaN,NaN,NaN,NaN,NaN,NaN,NaN
646,4,6213.000,23.791,-4.889,0.006,-0.005,0.728,NaN,213,0,2.590,-1.308,879.000,200.000,909.000,279.000,NaN,NaN,NaN,NaN,NaN,NaN,NaN
647,56,6213.000,26.444,-2.897,0.016,-0.007,0.732,NaN,213,0,2.590,-1.264,743.000,200.000,790.000,271.000,NaN,NaN,NaN,NaN,NaN,NaN,NaN
648,81,6213.000,15.381,0.945,-0.008,-0.002,0.226,NaN,213,0,-1.638,-1.314,537.000,206.000,542.000,219.000,NaN,NaN,NaN,NaN,NaN,NaN,NaN
649,4,6214.000,23.776,-4.875,0.003,0.001,0.826,0.054,214,0,3.532,-1.238,880.000,200.000,911.000,275.000,23.770,-4.850,-1.270,0.780,0.600,1.840,-0.718
650,56,6214.000,26.453,-2.895,0.013,-0.007,0.641,NaN,214,0,1.407,-1.262,744.000,200.000,790.000,270.000,NaN,NaN,NaN,NaN,NaN,NaN,NaN
651,81,6214.000,12.805,0.856,-0.103,0.047,0.065,NaN,214,0,-2.370,-1.312,515.000,193.000,527.000,239.000,NaN,NaN,NaN,NaN,NaN,NaN,NaN
652,4,6215.000,23.761,-4.856,-0.004,0.007,0.843,0.990,215,0,3.682,2.843,881.000,201.000,911.000,275.000,23.750,-4.810,-1.200,0.710,0.680,1.580,-0.622
653,56,6215.000,26.258,-2.813,-0.015,0.008,0.648,0.103,215,0,0.873,-1.029,744.000,200.000,791.000,272.000,26.230,-2.730,-1.190,0.760,0.630,1.730,-0.761
654,81,6215.000,12.266,0.814,-0.134,-0.012,0.235,NaN,215,0,-1.596,-1.319,536.000,205.000,542.000,218.000,NaN,NaN,NaN,NaN,NaN,NaN,NaN
655,4,6216.000,23.760,-4.889,-0.006,-0.004,0.841,NaN,216,0,4.443,-1.312,881.000,200.000,912.000,275.000,NaN,NaN,NaN,NaN,NaN,NaN,NaN
656,56,6216.000,26.241,-2.835,-0.016,0.002,0.642,NaN,216,0,1.407,-1.246,744.000,200.000,790.000,273.000,NaN,NaN,NaN,NaN,NaN,NaN,NaN
657,81,6216.000,12.138,0.763,-0.127,-0.051,0.225,NaN,216,0,-1.689,-1.318,536.000,206.000,542.000,218.000,NaN,NaN,NaN,NaN,NaN,NaN,NaN
658,4,6217.000,23.748,-4.861,-0.007,0.004,0.844,0.543,217,0,3.682,0.352,881.000,201.000,912.000,275.000,23.750,-4.820,-1.240,0.860,0.600,1.750,-0.529
659,56,6217.000,26.203,-2.742,-0.019,0.020,0.642,0.081,217,0,0.809,-1.100,744.000,200.000,790.000,272.000,26.190,-2.670,-1.170,0.730,0.620,1.670,-0.722
660,81,6217.000,12.011,0.738,-0.128,-0.032,0.151,NaN,217,0,-2.058,-1.313,536.000,206.000,542.000,218.000,NaN,NaN,NaN,NaN,NaN,NaN,NaN
661,4,6218.000,23.734,-4.891,-0.009,-0.007,0.846,NaN,218,0,4.485,-1.310,880.000,201.000,912.000,275.000,NaN,NaN,NaN,NaN,NaN,NaN,NaN
662,56,6218.000,26.171,-2.775,-0.019,0.010,0.649,NaN,218,0,1.509,-1.234,744.000,200.000,790.000,270.000,NaN,NaN,NaN,NaN,NaN,NaN,NaN
663,81,6218.000,11.882,0.707,-0.129,-0.031,NaN,NaN,218,0,-1.164,-1.308,NaN,NaN,NaN,NaN,NaN,NaN,NaN,NaN,NaN,NaN,NaN
664,4,6219.000,23.726,-4.910,-0.007,-0.011,0.843,NaN,219,0,4.443,-1.306,880.000,201.000,912.000,275.000,NaN,NaN,NaN,NaN,NaN,NaN,NaN
665,56,6219.000,26.147,-2.802,-0.021,0.003,0.651,NaN,219,0,1.509,-1.253,744.000,200.000,790.000,271.000,NaN,NaN,NaN,NaN,NaN,NaN,NaN
666,81,6219.000,11.753,0.678,-0.129,-0.030,NaN,NaN,219,0,-1.781,-1.303,NaN,NaN,NaN,NaN,NaN,NaN,NaN,NaN,NaN,NaN,NaN
667,4,6220.000,23.714,-4.900,-0.007,-0.005,0.841,0.975,220,0,3.682,2.843,880.000,201.000,912.000,275.000,23.740,-4.840,-1.150,0.660,0.700,1.700,-0.515
668,56,6220.000,26.126,-2.825,-0.019,-0.003,0.642,NaN,220,0,1.407,-1.260,744.000,200.000,790.000,273.000,NaN,NaN,NaN,NaN,NaN,NaN,NaN
669,81,6220.000,11.625,0.648,-0.129,-0.029,NaN,NaN,220,0,-1.037,-1.294,NaN,NaN,NaN,NaN,NaN,NaN,NaN,NaN,NaN,NaN,NaN
670,4,6221.000,23.698,-4.904,-0.006,-0.006,0.843,NaN,221,0,4.443,-1.303,880.000,201.000,912.000,275.000,NaN,NaN,NaN,NaN,NaN,NaN,NaN
671,56,6221.000,26.286,-2.846,0.009,-0.009,0.652,0.156,221,0,0.873,-0.860,744.000,200.000,791.000,274.000,26.360,-2.820,-1.220,1.870,0.560,1.810,-0.773
672,81,6221.000,11.486,0.703,-0.129,-0.003,0.199,NaN,221,0,-1.728,-1.285,537.000,206.000,542.000,218.000,NaN,NaN,NaN,NaN,NaN,NaN,NaN
673,4,6222.000,23.690,-4.914,-0.006,-0.006,0.843,NaN,222,0,4.443,-1.303,880.000,201.000,912.000,275.000,NaN,NaN,NaN,NaN,NaN,NaN,NaN
674,56,6222.000,26.293,-2.870,0.009,-0.013,0.640,NaN,222,0,1.407,-1.256,744.000,200.000,790.000,273.000,NaN,NaN,NaN,NaN,NaN,NaN,NaN
675,81,6222.000,11.357,0.702,-0.128,-0.001,NaN,NaN,222,0,-1.189,-1.305,NaN,NaN,NaN,NaN,NaN,NaN,NaN,NaN,NaN,NaN,NaN
676,4,6223.000,23.682,-4.917,-0.006,-0.005,0.840,NaN,223,0,4.443,-1.300,880.000,201.000,912.000,275.000,NaN,NaN,NaN,NaN,NaN,NaN,NaN
677,56,6223.000,26.301,-2.890,0.009,-0.014,0.644,NaN,223,0,1.407,-1.266,744.000,200.000,790.000,274.000,NaN,NaN,NaN,NaN,NaN,NaN,NaN
678,81,6223.000,11.222,0.689,-0.129,-0.008,0.218,NaN,223,0,-1.673,-1.306,537.000,206.000,542.000,218.000,NaN,NaN,NaN,NaN,NaN,NaN,NaN
679,4,6224.000,23.730,-4.900,0.001,0.004,0.841,0.754,224,0,3.682,1.282,880.000,201.000,912.000,275.000,23.800,-4.830,-1.260,0.680,0.610,1.640,-0.734
680,56,6224.000,26.319,-2.909,0.014,-0.016,0.689,0.110,224,0,1.231,-1.007,744.000,200.000,791.000,280.000,26.300,-2.880,-1.290,1.910,0.530,1.810,-0.805
681,81,6224.000,11.133,0.683,-0.119,-0.007,0.184,NaN,224,0,-1.861,-1.305,537.000,205.000,542.000,218.000,NaN,NaN,NaN,NaN,NaN,NaN,NaN
682,4,6225.000,23.724,-4.910,-0.001,0.000,0.842,NaN,225,0,4.443,-1.306,880.000,201.000,912.000,275.000,NaN,NaN,NaN,NaN,NaN,NaN,NaN
683,56,6225.000,26.334,-2.919,0.013,-0.015,0.688,NaN,225,0,2.173,-1.275,744.000,199.000,791.000,281.000,NaN,NaN,NaN,NaN,NaN,NaN,NaN
684,81,6225.000,11.032,0.677,-0.120,-0.008,0.192,NaN,225,0,-1.803,-1.304,537.000,205.000,542.000,218.000,NaN,NaN,NaN,NaN,NaN,NaN,NaN
685,4,6226.000,23.749,-4.901,0.004,0.007,0.843,0.997,226,0,3.682,2.843,880.000,201.000,912.000,275.000,23.780,-4.870,-1.210,0.690,0.790,1.550,-0.633
686,56,6226.000,26.327,-2.877,0.007,-0.003,0.693,0.068,226,0,1.231,-1.173,744.000,199.000,791.000,281.000,26.300,-2.800,-1.220,1.990,0.470,1.780,-0.907
687,81,6226.000,10.914,0.669,-0.119,-0.008,NaN,NaN,226,0,-1.253,-1.304,NaN,NaN,NaN,NaN,NaN,NaN,NaN,NaN,NaN,NaN,NaN
688,4,6227.000,23.769,-4.877,0.007,0.015,0.840,0.989,227,0,3.682,2.843,880.000,201.000,912.000,275.000,23.790,-4.860,-1.170,0.680,0.680,1.560,-0.744
689,56,6227.000,26.337,-2.887,0.007,-0.004,0.709,NaN,227,0,2.462,-1.265,744.000,199.000,791.000,282.000,NaN,NaN,NaN,NaN,NaN,NaN,NaN
690,81,6227.000,10.820,0.664,-0.116,-0.007,0.193,NaN,227,0,-1.803,-1.303,537.000,205.000,542.000,218.000,NaN,NaN,NaN,NaN,NaN,NaN,NaN
691,4,6228.000,23.768,-4.900,0.004,0.005,0.843,NaN,228,0,4.443,-1.308,880.000,201.000,912.000,275.000,NaN,NaN,NaN,NaN,NaN,NaN,NaN
692,56,6228.000,26.345,-2.892,0.008,-0.006,0.720,NaN,228,0,2.608,-1.268,744.000,199.000,791.000,283.000,NaN,NaN,NaN,NaN,NaN,NaN,NaN
693,81,6228.000,10.820,0.664,-0.101,-0.006,0.163,NaN,228,0,-1.984,-1.304,537.000,205.000,542.000,218.000,NaN,NaN,NaN,NaN,NaN,NaN,NaN
694,4,6229.000,23.817,-4.910,0.012,0.003,0.841,0.214,229,0,3.682,-0.604,880.000,201.000,912.000,275.000,23.850,-4.920,-1.300,0.720,0.620,1.790,-0.565
695,56,6229.000,26.251,-2.809,-0.011,0.012,0.721,0.130,229,0,1.662,-0.949,744.000,199.000,791.000,283.000,26.210,-2.670,-1.230,1.870,0.530,1.780,-0.886
696,81,6229.000,10.719,0.658,-0.101,-0.006,NaN,NaN,229,0,1.832,-1.162,NaN,NaN,NaN,NaN,NaN,NaN,NaN,NaN,NaN,NaN,NaN
697,4,6230.000,23.823,-4.904,0.013,0.004,0.834,0.873,230,0,3.532,2.233,880.000,201.000,912.000,275.000,23.810,-4.890,-1.270,0.710,0.560,1.650,-0.428
698,56,6230.000,26.181,-2.715,-0.017,0.032,0.742,0.088,230,0,1.893,-1.047,744.000,199.000,790.000,283.000,26.150,-2.610,-1.230,0.800,0.580,1.810,1.282
699,81,6230.000,10.668,0.654,-0.094,-0.005,0.145,NaN,230,0,-2.048,-1.306,537.000,205.000,542.000,218.000,NaN,NaN,NaN,NaN,NaN,NaN,NaN
700,4,6231.000,23.836,-4.920,0.013,0.000,0.846,NaN,231,0,4.485,-1.308,880.000,200.000,912.000,275.000,NaN,NaN,NaN,NaN,NaN,NaN,NaN
701,56,6231.000,26.155,-2.743,-0.018,0.018,0.700,NaN,231,0,2.315,-1.226,744.000,199.000,790.000,281.000,NaN,NaN,NaN,NaN,NaN,NaN,NaN
702,81,6231.000,10.810,0.663,-0.069,-0.005,0.126,NaN,231,0,-2.174,-1.307,537.000,205.000,542.000,218.000,NaN,NaN,NaN,NaN,NaN,NaN,NaN
703,4,6232.000,23.785,-4.898,-0.000,0.005,0.845,0.692,232,0,3.866,0.874,879.000,200.000,912.000,275.000,23.730,-4.870,-1.200,0.730,0.690,1.710,-0.658
704,56,6232.000,26.139,-2.788,-0.021,0.003,0.721,NaN,232,0,2.608,-1.242,745.000,200.000,790.000,282.000,NaN,NaN,NaN,NaN,NaN,NaN,NaN
705,81,6232.000,10.741,0.657,-0.069,-0.006,NaN,NaN,232,0,-1.784,-1.305,NaN,NaN,NaN,NaN,NaN,NaN,NaN,NaN,NaN,NaN,NaN
706,4,6233.000,23.774,-4.905,-0.003,0.002,0.834,0.231,233,0,3.532,-0.546,881.000,200.000,912.000,276.000,23.760,-4.920,-1.240,0.900,0.670,1.690,-0.611
707,56,6233.000,26.337,-2.830,0.019,-0.006,0.771,0.012,233,0,2.118,-1.472,744.000,200.000,790.000,285.000,26.490,-2.860,-1.210,1.890,0.630,1.780,-0.781
708,81,6233.000,10.673,0.651,-0.068,-0.006,NaN,NaN,233,0,0.339,-1.306,NaN,NaN,NaN,NaN,NaN,NaN,NaN,NaN,NaN,NaN,NaN
709,4,6234.000,23.769,-4.923,-0.004,-0.004,0.835,NaN,234,0,4.443,-1.306,881.000,201.000,912.000,275.000,NaN,NaN,NaN,NaN,NaN,NaN,NaN
710,56,6234.000,26.352,-2.837,0.016,-0.005,0.692,NaN,234,0,2.173,-1.246,744.000,200.000,783.000,283.000,NaN,NaN,NaN,NaN,NaN,NaN,NaN
711,81,6234.000,10.605,0.645,-0.068,-0.006,NaN,NaN,234,0,-0.337,-1.305,NaN,NaN,NaN,NaN,NaN,NaN,NaN,NaN,NaN,NaN,NaN
712,4,6235.000,23.740,-4.895,-0.010,0.005,0.833,0.184,235,0,3.532,-0.680,881.000,200.000,911.000,276.000,23.740,-4.840,-1.230,0.920,0.640,1.690,-0.689
713,56,6235.000,26.360,-2.845,0.013,-0.004,0.654,NaN,235,0,1.698,-1.249,744.000,199.000,785.000,281.000,NaN,NaN,NaN,NaN,NaN,NaN,NaN
714,81,6235.000,10.537,0.639,-0.068,-0.006,NaN,NaN,235,0,-0.140,-1.320,NaN,NaN,NaN,NaN,NaN,NaN,NaN,NaN,NaN,NaN,NaN
715,4,6236.000,23.750,-4.883,-0.010,0.007,0.840,0.655,236,0,3.682,0.719,881.000,200.000,911.000,275.000,23.780,-4.870,-1.260,0.770,0.560,1.750,-0.731
716,56,6236.000,26.352,-2.801,0.015,0.006,0.774,0.036,236,0,2.118,-1.372,744.000,200.000,784.000,282.000,26.360,-2.750,-1.320,2.020,0.590,2.080,-0.802
717,81,6236.000,10.678,0.661,-0.047,-0.002,0.223,NaN,236,0,-1.697,-1.325,536.000,206.000,542.000,218.000,NaN,NaN,NaN,NaN,NaN,NaN,NaN
718,4,6237.000,23.736,-4.901,-0.011,0.002,0.835,NaN,237,0,4.351,-1.308,880.000,200.000,911.000,275.000,NaN,NaN,NaN,NaN,NaN,NaN,NaN
719,56,6237.000,26.365,-2.808,0.016,0.003,0.819,NaN,237,0,4.311,-1.237,744.000,200.000,783.000,284.000,NaN,NaN,NaN,NaN,NaN,NaN,NaN
720,81,6237.000,10.656,0.658,-0.047,-0.003,0.227,NaN,237,0,-1.630,-1.307,536.000,206.000,542.000,218.000,NaN,NaN,NaN,NaN,NaN,NaN,NaN
721,4,6238.000,23.739,-4.886,-0.009,0.005,0.833,0.810,238,0,3.532,1.623,880.000,200.000,911.000,274.000,23.740,-4.860,-1.180,0.780,0.680,1.670,-0.578
722,56,6238.000,26.237,-2.775,-0.013,0.011,0.822,0.496,238,0,2.747,-0.005,744.000,200.000,785.000,288.000,26.150,-2.720,-1.250,1.700,0.540,1.780,2.324
723,81,6238.000,10.829,0.668,-0.033,-0.003,0.221,NaN,238,0,-1.677,-1.309,536.000,206.000,542.000,218.000,NaN,NaN,NaN,NaN,NaN,NaN,NaN
724,4,6239.000,23.713,-4.864,-0.015,0.007,0.828,0.460,239,0,3.532,0.041,880.000,200.000,911.000,275.000,23.700,-4.830,-1.240,0.890,0.580,1.800,-0.858
725,56,6239.000,26.194,-2.713,-0.020,0.021,0.765,0.081,239,0,2.118,-1.085,744.000,199.000,782.000,286.000,26.160,-2.650,-1.240,1.880,0.580,1.830,-0.773
726,81,6239.000,11.085,0.683,-0.015,-0.002,0.236,NaN,239,0,-1.581,-1.306,536.000,206.000,542.000,218.000,NaN,NaN,NaN,NaN,NaN,NaN,NaN
727,4,6240.000,23.694,-4.883,-0.018,0.001,0.834,NaN,240,0,4.351,-1.310,880.000,200.000,911.000,274.000,NaN,NaN,NaN,NaN,NaN,NaN,NaN
728,56,6240.000,26.169,-2.741,-0.022,0.008,0.611,NaN,240,0,1.298,-1.218,743.000,199.000,784.000,281.000,NaN,NaN,NaN,NaN,NaN,NaN,NaN
729,81,6240.000,11.181,0.690,-0.008,-0.000,0.272,NaN,240,0,-1.419,-1.305,536.000,206.000,542.000,218.000,NaN,NaN,NaN,NaN,NaN,NaN,NaN
730,4,6241.000,23.716,-4.875,-0.008,0.003,0.840,0.933,241,0,3.682,2.843,880.000,200.000,911.000,274.000,23.770,-4.860,-1.170,0.770,0.580,1.750,-0.609
731,56,6241.000,26.151,-2.719,-0.018,0.010,0.736,0.314,241,0,1.893,-0.476,742.000,200.000,787.000,286.000,26.160,-2.700,-1.240,0.700,0.670,1.780,-0.063
732,81,6241.000,11.173,0.690,-0.009,0.000,0.260,NaN,241,0,-1.475,-1.306,536.000,206.000,542.000,218.000,NaN,NaN,NaN,NaN,NaN,NaN,NaN
733,4,6242.000,23.731,-4.851,-0.002,0.009,0.828,0.670,242,0,3.532,0.763,879.000,200.000,911.000,274.000,23.780,-4.830,-1.130,0.700,0.650,1.670,-0.796
734,56,6242.000,26.135,-2.749,-0.019,0.001,0.744,NaN,242,0,2.907,-1.236,743.000,199.000,786.000,283.000,NaN,NaN,NaN,NaN,NaN,NaN,NaN
735,81,6242.000,11.259,0.694,0.002,0.000,0.168,NaN,242,0,-1.925,-1.306,536.000,206.000,542.000,218.000,NaN,NaN,NaN,NaN,NaN,NaN,NaN
736,4,6243.000,23.722,-4.872,-0.004,0.002,0.840,NaN,243,0,4.443,-1.310,880.000,200.000,911.000,275.000,NaN,NaN,NaN,NaN,NaN,NaN,NaN
737,56,6243.000,26.120,-2.779,-0.018,-0.007,0.727,NaN,243,0,2.590,-1.243,743.000,199.000,788.000,279.000,NaN,NaN,NaN,NaN,NaN,NaN,NaN
738,81,6243.000,11.369,0.703,0.009,0.001,0.173,NaN,243,0,-1.923,-1.305,536.000,206.000,542.000,218.000,NaN,NaN,NaN,NaN,NaN,NaN,NaN
739,4,6244.000,23.737,-4.856,0.000,0.007,0.843,0.755,244,0,3.682,1.282,879.000,200.000,911.000,275.000,23.760,-4.830,-1.190,0.760,0.660,1.690,-0.735
740,56,6244.000,26.097,-2.735,-0.017,0.007,0.720,0.912,244,0,1.662,4.170,743.000,200.000,787.000,282.000,26.090,-2.660,-1.140,1.800,0.560,1.870,-0.827
741,81,6244.000,11.438,0.707,0.014,0.001,0.159,NaN,244,0,-1.986,-1.306,536.000,206.000,542.000,218.000,NaN,NaN,NaN,NaN,NaN,NaN,NaN
742,4,6245.000,23.736,-4.846,-0.001,0.008,0.829,0.951,245,0,3.532,2.843,879.000,200.000,911.000,275.000,23.740,-4.850,-1.210,0.810,0.720,1.610,-0.520
743,56,6245.000,26.249,-2.827,0.011,-0.008,0.637,0.198,245,0,0.809,-0.746,743.000,200.000,786.000,274.000,26.410,-2.940,-1.310,2.010,0.550,1.880,-0.795
744,81,6245.000,11.487,0.709,0.018,0.001,0.173,NaN,245,0,-1.925,-1.307,536.000,206.000,542.000,218.000,NaN,NaN,NaN,NaN,NaN,NaN,NaN
745,4,6246.000,23.727,-4.862,-0.003,0.003,0.793,NaN,246,0,3.665,-1.312,879.000,200.000,909.000,274.000,NaN,NaN,NaN,NaN,NaN,NaN,NaN
746,56,6246.000,26.262,-2.852,0.011,-0.012,0.749,NaN,246,0,2.906,-1.251,743.000,199.000,791.000,275.000,NaN,NaN,NaN,NaN,NaN,NaN,NaN
747,81,6246.000,11.534,0.712,0.013,0.001,0.145,NaN,246,0,-2.110,-1.307,536.000,206.000,542.000,218.000,NaN,NaN,NaN,NaN,NaN,NaN,NaN
748,4,6247.000,23.735,-4.849,-0.003,0.005,0.770,0.869,247,0,2.738,2.233,879.000,200.000,909.000,274.000,23.750,-4.820,-1.110,0.770,0.650,1.550,-0.422
749,56,6247.000,26.158,-2.754,-0.013,0.014,0.741,0.325,247,0,1.893,-0.470,743.000,200.000,791.000,273.000,26.030,-2.610,-1.220,1.870,0.580,1.800,-0.837
750,81,6247.000,11.496,0.706,0.010,-0.003,0.130,NaN,247,0,-2.175,-1.308,537.000,206.000,542.000,218.000,NaN,NaN,NaN,NaN,NaN,NaN,NaN
751,4,6248.000,23.752,-4.838,0.003,0.007,0.571,0.784,248,0,0.873,1.421,879.000,200.000,909.000,278.000,23.780,-4.830,-1.210,0.680,0.650,1.750,-0.584
752,56,6248.000,26.197,-2.795,-0.004,0.003,0.729,0.038,248,0,1.790,-1.360,743.000,200.000,791.000,273.000,26.270,-2.850,-1.230,0.790,0.630,1.790,-0.715
753,81,6248.000,11.509,0.705,0.012,-0.001,0.134,NaN,248,0,-2.172,-1.306,537.000,206.000,542.000,218.000,NaN,NaN,NaN,NaN,NaN,NaN,NaN
754,4,6249.000,23.746,-4.870,0.000,-0.003,0.592,NaN,249,0,0.941,-1.311,879.000,199.000,912.000,279.000,NaN,NaN,NaN,NaN,NaN,NaN,NaN
755,56,6249.000,26.191,-2.820,-0.004,-0.005,0.744,NaN,249,0,2.746,-1.250,743.000,199.000,791.000,271.000,NaN,NaN,NaN,NaN,NaN,NaN,NaN
756,81,6249.000,11.520,0.705,0.011,0.000,NaN,NaN,249,0,-2.087,-1.306,NaN,NaN,NaN,NaN,NaN,NaN,NaN,NaN,NaN,NaN,NaN
757,4,6250.000,23.776,-4.866,0.006,-0.001,0.746,0.631,250,0,2.563,0.618,879.000,200.000,914.000,279.000,23.800,-4.840,-1.270,0.720,0.630,1.810,-0.632
758,56,6250.000,26.261,-2.817,0.011,-0.004,0.747,0.059,250,0,1.976,-1.229,743.000,199.000,791.000,273.000,26.360,-2.830,-1.240,1.660,0.590,1.770,-0.835
759,81,6250.000,11.532,0.706,0.012,0.001,NaN,NaN,250,0,-1.573,-1.306,NaN,NaN,NaN,NaN,NaN,NaN,NaN,NaN,NaN,NaN,NaN
760,4,6251.000,23.770,-4.848,0.003,0.004,0.605,0.793,251,0,1.061,1.481,880.000,201.000,908.000,271.000,23.750,-4.810,-1.250,0.780,0.570,1.810,-0.900
761,56,6251.000,26.267,-2.841,0.009,-0.008,0.681,NaN,251,0,2.039,-1.249,744.000,200.000,791.000,282.000,NaN,NaN,NaN,NaN,NaN,NaN,NaN
762,81,6251.000,11.550,0.712,0.011,0.002,0.248,NaN,251,0,-1.529,-1.306,536.000,205.000,542.000,218.000,NaN,NaN,NaN,NaN,NaN,NaN,NaN
763,4,6252.000,23.766,-4.871,-0.001,-0.003,0.567,NaN,252,0,0.787,-1.312,880.000,200.000,909.000,275.000,NaN,NaN,NaN,NaN,NaN,NaN,NaN
764,56,6252.000,26.270,-2.863,0.008,-0.011,0.676,NaN,252,0,2.039,-1.256,744.000,200.000,791.000,282.000,NaN,NaN,NaN,NaN,NaN,NaN,NaN
765,81,6252.000,11.747,0.725,0.020,0.002,0.256,NaN,252,0,-1.476,-1.307,536.000,205.000,542.000,218.000,NaN,NaN,NaN,NaN,NaN,NaN,NaN
766,4,6253.000,23.780,-4.864,0.004,-0.001,0.694,0.822,253,0,1.748,1.696,879.000,200.000,909.000,275.000,23.790,-4.840,-1.200,0.740,0.600,1.660,-0.785
767,56,6253.000,26.250,-2.800,0.005,0.009,0.668,0.043,253,0,1.024,-1.382,744.000,200.000,791.000,284.000,26.230,-2.690,-1.240,0.730,0.670,1.820,-0.433
768,81,6253.000,11.858,0.731,0.028,0.000,0.298,NaN,253,0,-1.306,-1.308,536.000,205.000,542.000,218.000,NaN,NaN,NaN,NaN,NaN,NaN,NaN
769,4,6254.000,23.775,-4.846,0.005,0.004,0.811,0.940,254,0,3.246,2.843,879.000,200.000,910.000,274.000,23.760,-4.830,-1.170,0.680,0.650,1.640,-0.721
770,56,6254.000,26.247,-2.828,0.002,-0.000,0.698,NaN,254,0,2.315,-1.243,744.000,200.000,790.000,282.000,NaN,NaN,NaN,NaN,NaN,NaN,NaN
771,4,6255.000,23.767,-4.874,0.003,-0.005,0.840,NaN,255,0,4.443,-1.312,879.000,200.000,910.000,274.000,NaN,NaN,NaN,NaN,NaN,NaN,NaN
772,56,6255.000,26.244,-2.842,0.001,-0.003,0.684,NaN,255,0,2.039,-1.251,744.000,200.000,790.000,282.000,NaN,NaN,NaN,NaN,NaN,NaN,NaN
773,4,6256.000,23.753,-4.863,-0.001,-0.001,0.843,0.786,256,0,3.682,1.481,879.000,200.000,910.000,273.000,23.750,-4.840,-1.240,0.750,0.640,1.740,-0.874
774,56,6256.000,26.289,-2.869,0.008,-0.010,0.691,0.084,256,0,1.231,-1.100,744.000,200.000,790.000,282.000,26.300,-2.900,-1.180,1.850,0.510,1.740,-0.671
775,4,6257.000,23.750,-4.883,-0.000,-0.007,0.834,NaN,257,0,4.351,-1.310,879.000,200.000,910.000,274.000,NaN,NaN,NaN,NaN,NaN,NaN,NaN
776,56,6257.000,26.312,-2.887,0.009,-0.013,0.683,NaN,257,0,2.039,-1.266,744.000,200.000,790.000,282.000,NaN,NaN,NaN,NaN,NaN,NaN,NaN
777,4,6258.000,23.750,-4.897,0.000,-0.009,0.830,NaN,258,0,4.351,-1.308,880.000,200.000,910.000,275.000,NaN,NaN,NaN,NaN,NaN,NaN,NaN
778,56,6258.000,26.322,-2.892,0.009,-0.011,0.709,NaN,258,0,2.462,-1.270,744.000,200.000,790.000,282.000,NaN,NaN,NaN,NaN,NaN,NaN,NaN
779,4,6259.000,23.781,-4.903,0.007,-0.008,0.827,0.275,259,0,3.532,-0.383,880.000,200.000,910.000,275.000,23.800,-4.870,-1.190,0.730,0.590,1.610,-0.594
780,56,6259.000,26.333,-2.897,0.010,-0.010,0.702,NaN,259,0,2.315,-1.272,744.000,200.000,790.000,282.000,NaN,NaN,NaN,NaN,NaN,NaN,NaN
781,4,6260.000,23.788,-4.885,0.007,0.005,0.845,0.948,260,0,3.866,2.843,879.000,200.000,911.000,275.000,23.780,-4.830,-1.180,0.680,0.660,1.590,-0.813
782,56,6260.000,26.300,-2.864,0.004,-0.005,0.627,0.321,260,0,0.754,-0.474,744.000,200.000,791.000,272.000,26.290,-2.820,-1.210,1.880,0.600,1.830,-0.877
783,4,6261.000,23.788,-4.902,0.007,0.000,0.843,NaN,261,0,4.443,-1.308,879.000,200.000,912.000,275.000,NaN,NaN,NaN,NaN,NaN,NaN,NaN
784,56,6261.000,26.297,-2.885,0.002,-0.008,0.622,NaN,261,0,1.205,-1.264,744.000,200.000,791.000,279.000,NaN,NaN,NaN,NaN,NaN,NaN,NaN
785,4,6262.000,23.783,-4.883,0.004,0.003,0.842,0.050,262,0,3.682,-1.236,879.000,200.000,912.000,275.000,23.770,-4.840,-1.220,0.890,0.620,1.850,-0.707
786,56,6262.000,26.281,-2.839,0.001,0.001,0.635,0.253,262,0,0.754,-0.612,743.000,200.000,790.000,282.000,26.290,-2.760,-1.150,1.790,0.570,1.750,-0.869
787,4,6263.000,23.790,-4.880,0.009,-0.000,0.833,0.837,263,0,3.532,1.841,879.000,200.000,912.000,275.000,23.770,-4.880,-1.220,0.720,0.650,1.720,-0.570
788,56,6263.000,26.269,-2.812,-0.003,0.008,NaN,0.011,263,0,-2.961,-1.474,727.000,192.000,793.000,291.000,26.260,-2.750,-1.200,1.810,0.570,1.850,-0.527
789,4,6264.000,23.797,-4.899,0.009,-0.006,0.840,NaN,264,0,4.443,-1.310,879.000,200.000,912.000,275.000,NaN,NaN,NaN,NaN,NaN,NaN,NaN
790,56,6264.000,26.260,-2.834,-0.004,0.002,0.637,NaN,264,0,1.407,-1.246,744.000,200.000,790.000,268.000,NaN,NaN,NaN,NaN,NaN,NaN,NaN
791,4,6265.000,23.785,-4.888,0.004,-0.003,0.843,0.618,265,0,3.682,0.591,879.000,200.000,912.000,275.000,23.760,-4.850,-1.170,0.940,0.610,1.730,-0.444
792,56,6265.000,26.333,-2.906,0.011,-0.011,0.640,0.024,265,0,0.809,-1.458,744.000,200.000,790.000,268.000,26.430,-2.970,-1.390,1.730,0.490,1.790,-0.793
793,4,6266.000,23.769,-4.892,0.002,-0.006,0.838,0.076,266,0,3.682,-1.019,879.000,200.000,912.000,275.000,23.780,-4.900,-1.180,0.750,0.670,1.770,-0.687
794,56,6266.000,26.344,-2.911,0.012,-0.009,0.640,NaN,266,0,1.407,-1.273,744.000,200.000,790.000,268.000,NaN,NaN,NaN,NaN,NaN,NaN,NaN
795,4,6267.000,23.769,-4.914,0.003,-0.011,0.839,NaN,267,0,4.443,-1.308,879.000,200.000,912.000,275.000,NaN,NaN,NaN,NaN,NaN,NaN,NaN
796,56,6267.000,26.352,-2.911,0.009,-0.006,0.616,NaN,267,0,1.205,-1.273,744.000,200.000,790.000,268.000,NaN,NaN,NaN,NaN,NaN,NaN,NaN
797,4,6268.000,23.794,-4.915,0.008,-0.008,0.836,0.057,268,0,3.682,-1.149,879.000,200.000,912.000,275.000,23.820,-4.890,-1.290,0.720,0.620,1.800,-0.667
798,56,6268.000,26.231,-2.826,-0.015,0.010,0.625,0.028,268,0,0.754,-1.446,744.000,200.000,791.000,269.000,26.150,-2.690,-1.060,0.810,0.580,1.750,1.105
799,4,6269.000,23.774,-4.875,0.004,0.003,0.844,0.944,269,0,3.682,2.843,880.000,200.000,912.000,274.000,23.750,-4.820,-1.130,0.670,0.690,1.610,-0.609
800,56,6269.000,26.285,-2.822,-0.001,0.009,0.635,0.087,269,0,0.754,-1.058,744.000,200.000,790.000,271.000,26.380,-2.820,-1.210,1.840,0.590,1.770,-0.833
801,4,6270.000,23.772,-4.891,0.003,-0.003,0.843,NaN,270,0,4.443,-1.310,880.000,200.000,911.000,274.000,NaN,NaN,NaN,NaN,NaN,NaN,NaN
802,56,6270.000,26.283,-2.841,0.001,0.002,0.639,NaN,270,0,1.407,-1.249,744.000,200.000,790.000,269.000,NaN,NaN,NaN,NaN,NaN,NaN,NaN
803,4,6271.000,23.791,-4.886,0.007,-0.001,0.842,0.134,271,0,3.682,-0.842,880.000,200.000,911.000,274.000,23.800,-4.880,-1.180,0.750,0.670,1.710,-0.541
804,56,6271.000,26.291,-2.844,0.003,-0.001,0.638,0.359,271,0,0.809,-0.383,744.000,200.000,790.000,269.000,26.300,-2.820,-1.190,1.920,0.580,1.810,-0.791
805,4,6272.000,23.789,-4.866,0.004,0.002,0.836,0.963,272,0,3.682,2.843,880.000,200.000,911.000,274.000,23.750,-4.820,-1.180,0.730,0.690,1.660,-0.769
806,56,6272.000,26.200,-2.771,-0.016,0.018,0.632,0.137,272,0,0.754,-0.910,744.000,200.000,790.000,267.000,26.100,-2.680,-1.180,0.820,0.550,1.820,2.666
807,4,6273.000,23.793,-4.896,0.005,-0.006,0.841,NaN,273,0,4.443,-1.310,880.000,200.000,912.000,275.000,NaN,NaN,NaN,NaN,NaN,NaN,NaN
808,56,6273.000,26.185,-2.795,-0.016,0.008,0.638,NaN,273,0,1.407,-1.242,744.000,200.000,790.000,267.000,NaN,NaN,NaN,NaN,NaN,NaN,NaN
809,4,6274.000,23.803,-4.890,0.006,-0.003,0.841,0.759,274,0,3.682,1.324,880.000,200.000,912.000,274.000,23.790,-4.870,-1.170,0.710,0.660,1.660,-0.626
810,56,6274.000,26.168,-2.811,-0.017,0.002,0.646,NaN,274,0,1.509,-1.255,744.000,200.000,790.000,267.000,NaN,NaN,NaN,NaN,NaN,NaN,NaN
811,4,6275.000,23.809,-4.893,0.006,-0.003,NaN,NaN,275,0,-2.782,-1.308,NaN,NaN,NaN,NaN,NaN,NaN,NaN,NaN,NaN,NaN,NaN
812,56,6275.000,26.153,-2.828,-0.016,-0.001,0.642,NaN,275,0,1.407,-1.263,744.000,200.000,790.000,267.000,NaN,NaN,NaN,NaN,NaN,NaN,NaN
813,4,6276.000,23.805,-4.924,0.005,-0.012,0.836,NaN,276,0,4.443,-1.308,881.000,200.000,912.000,274.000,NaN,NaN,NaN,NaN,NaN,NaN,NaN
814,56,6276.000,26.135,-2.839,-0.018,-0.003,0.631,NaN,276,0,1.305,-1.270,743.000,200.000,790.000,267.000,NaN,NaN,NaN,NaN,NaN,NaN,NaN
815,4,6277.000,23.785,-4.904,-0.001,-0.008,0.836,0.853,277,0,3.682,1.933,881.000,200.000,912.000,274.000,23.760,-4.860,-1.200,0.820,0.610,1.700,-0.713
816,56,6277.000,26.310,-2.902,0.012,-0.010,0.630,0.056,277,0,0.754,-1.239,743.000,200.000,790.000,267.000,26.370,-2.930,-1.340,1.960,0.540,1.830,-0.929
817,4,6278.000,23.789,-4.878,0.000,-0.000,0.816,0.848,278,0,3.391,1.933,881.000,200.000,912.000,274.000,23.790,-4.840,-1.240,0.900,0.650,1.680,-0.789
818,56,6278.000,26.172,-2.805,-0.012,0.012,0.651,0.025,278,0,0.873,-1.448,744.000,200.000,791.000,270.000,26.050,-2.680,-1.160,0.710,0.600,1.750,0.949
819,4,6279.000,23.782,-4.902,-0.004,-0.008,0.827,NaN,279,0,4.351,-1.310,881.000,200.000,912.000,274.000,NaN,NaN,NaN,NaN,NaN,NaN,NaN
820,56,6279.000,26.155,-2.822,-0.010,0.005,0.641,NaN,279,0,1.407,-1.260,744.000,200.000,790.000,270.000,NaN,NaN,NaN,NaN,NaN,NaN,NaN
821,4,6280.000,23.780,-4.896,-0.002,-0.005,0.824,0.624,280,0,3.391,0.591,880.000,200.000,912.000,275.000,23.770,-4.870,-1.150,0.750,0.660,1.620,-0.942
822,56,6280.000,26.197,-2.802,0.001,0.008,0.639,0.041,280,0,0.809,-1.384,744.000,200.000,790.000,270.000,26.220,-2.780,-1.290,1.910,0.620,1.850,-0.771
823,4,6281.000,23.789,-4.883,0.000,-0.001,0.827,0.368,281,0,3.532,-0.217,880.000,200.000,912.000,275.000,23.800,-4.860,-1.310,0.750,0.690,1.640,-0.696
824,56,6281.000,26.219,-2.768,0.004,0.013,NaN,0.012,281,0,-2.955,-1.471,712.000,192.000,806.000,292.000,26.240,-2.720,-1.220,1.840,0.570,1.870,-1.019
825,4,6282.000,23.789,-4.913,-0.001,-0.009,0.828,NaN,282,0,4.351,-1.308,880.000,200.000,912.000,275.000,NaN,NaN,NaN,NaN,NaN,NaN,NaN
826,56,6282.000,26.216,-2.794,0.004,0.003,0.644,NaN,282,0,1.407,-1.238,744.000,200.000,790.000,271.000,NaN,NaN,NaN,NaN,NaN,NaN,NaN
827,4,6283.000,23.782,-4.902,-0.003,-0.004,0.822,0.690,283,0,3.391,0.874,880.000,200.000,912.000,275.000,23.780,-4.870,-1.280,0.670,0.620,1.740,-0.881
828,56,6283.000,26.286,-2.858,0.020,-0.015,0.645,0.094,283,0,0.809,-1.049,744.000,200.000,790.000,271.000,26.340,-2.950,-1.230,2.030,0.570,1.790,-0.805
829,4,6284.000,23.775,-4.920,-0.008,-0.007,0.829,NaN,284,0,4.351,-1.306,880.000,200.000,912.000,275.000,NaN,NaN,NaN,NaN,NaN,NaN,NaN
830,56,6284.000,26.311,-2.879,0.020,-0.017,0.643,NaN,284,0,1.407,-1.264,744.000,200.000,790.000,271.000,NaN,NaN,NaN,NaN,NaN,NaN,NaN
831,4,6285.000,23.772,-4.925,-0.007,-0.007,0.827,NaN,285,0,4.351,-1.303,880.000,200.000,912.000,274.000,NaN,NaN,NaN,NaN,NaN,NaN,NaN
832,56,6285.000,26.339,-2.744,0.030,0.016,0.637,0.015,285,0,0.809,-1.490,744.000,200.000,790.000,273.000,26.390,-2.530,-1.270,0.830,0.520,1.800,0.755
833,4,6286.000,23.762,-4.911,-0.007,-0.000,0.824,0.983,286,0,3.391,2.843,880.000,200.000,912.000,274.000,23.760,-4.850,-1.190,0.770,0.670,1.660,-0.644
834,56,6286.000,26.369,-2.780,0.028,0.004,0.652,NaN,286,0,1.509,-1.220,744.000,200.000,790.000,274.000,NaN,NaN,NaN,NaN,NaN,NaN,NaN
835,4,6287.000,23.753,-4.904,-0.009,0.003,0.851,NaN,287,0,4.485,-1.306,879.000,200.000,911.000,275.000,NaN,NaN,NaN,NaN,NaN,NaN,NaN
836,56,6287.000,26.397,-2.816,0.027,-0.003,0.677,NaN,287,0,1.846,-1.232,744.000,200.000,791.000,273.000,NaN,NaN,NaN,NaN,NaN,NaN,NaN
837,4,6288.000,23.768,-4.899,-0.004,0.005,0.852,0.417,288,0,3.866,-0.107,879.000,200.000,911.000,275.000,23.760,-4.870,-1.200,0.800,0.540,1.730,-0.660
838,56,6288.000,26.431,-2.850,0.029,-0.010,0.757,NaN,288,0,3.236,-1.240,744.000,200.000,791.000,282.000,NaN,NaN,NaN,NaN,NaN,NaN,NaN
839,4,6289.000,23.774,-4.877,-0.004,0.011,0.847,0.906,289,0,3.866,2.843,879.000,200.000,911.000,275.000,23.750,-4.850,-1.160,0.750,0.690,1.610,-0.759
840,56,6289.000,26.476,-2.883,0.031,-0.016,0.760,0.018,289,0,2.048,-1.445,744.000,200.000,791.000,281.000,26.460,-2.920,-1.270,1.940,0.680,1.930,-0.720
841,4,6290.000,23.765,-4.888,-0.006,0.005,0.845,NaN,290,0,4.485,-1.310,879.000,200.000,912.000,275.000,NaN,NaN,NaN,NaN,NaN,NaN,NaN
842,56,6290.000,26.504,-2.902,0.031,-0.016,0.765,NaN,290,0,3.422,-1.256,744.000,200.000,790.000,282.000,NaN,NaN,NaN,NaN,NaN,NaN,NaN
843,4,6291.000,23.752,-4.875,-0.007,0.007,0.847,0.214,291,0,3.866,-0.605,879.000,200.000,911.000,275.000,23.750,-4.860,-1.270,0.750,0.600,1.770,-0.532
844,56,6291.000,26.535,-2.865,0.033,-0.003,0.596,NaN,291,0,1.208,-1.258,743.000,201.000,779.000,282.000,NaN,NaN,NaN,NaN,NaN,NaN,NaN
845,4,6292.000,23.747,-4.859,-0.007,0.010,0.850,0.781,292,0,3.866,1.421,879.000,200.000,911.000,275.000,23.760,-4.820,-1.180,0.750,0.620,1.610,-0.670
846,56,6292.000,26.579,-2.812,0.035,0.012,0.623,NaN,292,0,1.205,-1.242,743.000,200.000,774.000,280.000,NaN,NaN,NaN,NaN,NaN,NaN,NaN
847,4,6293.000,23.739,-4.880,-0.009,0.002,0.851,NaN,293,0,4.485,-1.310,879.000,200.000,911.000,275.000,NaN,NaN,NaN,NaN,NaN,NaN,NaN
848,56,6293.000,26.612,-2.783,0.034,0.017,0.648,NaN,293,0,1.698,-1.219,743.000,200.000,775.000,283.000,NaN,NaN,NaN,NaN,NaN,NaN,NaN
849,4,6294.000,23.750,-4.868,-0.005,0.006,0.853,0.951,294,0,3.866,2.843,879.000,200.000,911.000,275.000,23.770,-4.830,-1.150,0.770,0.660,1.580,-0.738
850,56,6294.000,26.636,-2.804,0.032,0.006,0.797,NaN,294,0,4.010,-1.208,743.000,200.000,790.000,284.000,NaN,NaN,NaN,NaN,NaN,NaN,NaN
851,4,6295.000,23.772,-4.872,0.003,0.004,0.850,0.417,295,0,3.866,-0.107,879.000,200.000,911.000,275.000,23.800,-4.880,-1.240,0.740,0.590,1.720,-0.630
852,56,6295.000,26.480,-2.844,0.002,-0.007,0.734,0.595,295,0,1.790,0.304,745.000,200.000,786.000,283.000,26.410,-2.920,-1.210,1.770,0.600,1.870,-0.843
853,4,6296.000,23.767,-4.885,0.001,-0.001,0.832,NaN,296,0,4.351,-1.310,879.000,200.000,911.000,275.000,NaN,NaN,NaN,NaN,NaN,NaN,NaN
854,56,6296.000,26.485,-2.826,0.003,-0.000,0.465,NaN,296,0,-0.010,-1.237,738.000,200.000,784.000,278.000,NaN,NaN,NaN,NaN,NaN,NaN,NaN
855,4,6297.000,23.772,-4.885,0.001,-0.001,0.832,0.754,297,0,3.532,1.282,879.000,200.000,911.000,274.000,23.770,-4.890,-1.280,0.760,0.620,1.760,-0.642
856,56,6297.000,26.407,-2.799,-0.010,0.002,0.623,0.051,297,0,0.705,-1.276,744.000,199.000,783.000,280.000,26.350,-2.760,-1.280,1.900,0.520,1.770,-0.936
857,4,6298.000,23.757,-4.867,-0.001,0.004,0.828,0.871,298,0,3.532,2.233,879.000,200.000,911.000,275.000,23.730,-4.840,-1.240,0.750,0.600,1.720,-0.678
858,56,6298.000,26.394,-2.813,-0.012,-0.002,0.742,NaN,298,0,2.746,-1.233,744.000,200.000,784.000,280.000,NaN,NaN,NaN,NaN,NaN,NaN,NaN
859,4,6299.000,23.756,-4.888,0.002,-0.004,0.838,NaN,299,0,4.443,-1.310,880.000,200.000,911.000,274.000,NaN,NaN,NaN,NaN,NaN,NaN,NaN
860,56,6299.000,26.380,-2.832,-0.013,-0.006,0.674,NaN,299,0,1.724,-1.240,744.000,200.000,786.000,280.000,NaN,NaN,NaN,NaN,NaN,NaN,NaN
861,4,6300.000,23.801,-4.888,0.012,-0.002,0.833,0.078,300,0,3.532,-1.019,879.000,200.000,911.000,275.000,23.820,-4.880,-1.170,0.770,0.620,1.730,-0.769
862,56,6300.000,26.366,-2.841,-0.013,-0.005,0.754,NaN,300,0,3.065,-1.246,744.000,200.000,785.000,281.000,NaN,NaN,NaN,NaN,NaN,NaN,NaN
863,4,6301.000,23.803,-4.860,0.012,0.005,0.841,0.943,301,0,3.682,2.843,879.000,200.000,910.000,276.000,23.770,-4.820,-1.140,0.710,0.650,1.700,-0.608
864,56,6301.000,26.159,-2.810,-0.044,0.004,0.737,0.264,301,0,1.893,-0.572,744.000,200.000,790.000,281.000,26.110,-2.760,-1.380,1.810,0.590,1.800,-0.801
865,4,6302.000,23.808,-4.891,0.010,-0.005,0.783,NaN,302,0,3.460,-1.312,880.000,200.000,911.000,276.000,NaN,NaN,NaN,NaN,NaN,NaN,NaN
866,56,6302.000,26.106,-2.825,-0.047,0.000,0.714,NaN,302,0,2.280,-1.263,744.000,200.000,790.000,280.000,NaN,NaN,NaN,NaN,NaN,NaN,NaN
867,4,6303.000,23.810,-4.875,0.009,0.002,0.783,0.938,303,0,2.841,2.843,880.000,200.000,912.000,278.000,23.780,-4.850,-1.160,0.680,0.710,1.610,-0.456
868,56,6303.000,26.110,-2.741,-0.035,0.018,0.756,0.220,303,0,2.048,-0.702,744.000,200.000,790.000,284.000,26.150,-2.650,-1.240,1.830,0.540,1.760,-0.923
869,4,6304.000,23.805,-4.845,0.007,0.011,0.750,0.986,304,0,2.563,2.843,880.000,200.000,912.000,276.000,23.780,-4.810,-1.140,0.690,0.790,1.530,-0.727
870,56,6304.000,26.063,-2.774,-0.037,0.008,0.744,NaN,304,0,2.907,-1.252,744.000,200.000,791.000,284.000,NaN,NaN,NaN,NaN,NaN,NaN,NaN
871,4,6305.000,23.809,-4.882,0.007,-0.000,0.702,NaN,305,0,2.128,-1.313,879.000,200.000,913.000,276.000,NaN,NaN,NaN,NaN,NaN,NaN,NaN
872,56,6305.000,26.019,-2.797,-0.037,0.005,0.668,NaN,305,0,1.724,-1.274,744.000,200.000,791.000,275.000,NaN,NaN,NaN,NaN,NaN,NaN,NaN
873,4,6306.000,23.824,-4.881,0.008,-0.001,0.786,0.037,306,0,2.962,-1.320,879.000,200.000,911.000,275.000,23.840,-4.880,-1.320,0.740,0.630,1.780,-0.631
874,56,6306.000,26.260,-2.801,0.013,0.007,0.684,0.291,306,0,1.117,-0.513,744.000,200.000,791.000,278.000,26.350,-2.830,-1.230,1.830,0.690,1.820,-0.870
875,4,6307.000,23.798,-4.868,-0.002,0.001,0.788,0.862,307,0,2.962,2.059,880.000,200.000,910.000,273.000,23.760,-4.830,-1.280,0.810,0.590,1.820,-0.525
876,56,6307.000,26.287,-2.788,0.015,0.009,0.668,0.016,307,0,1.024,-1.442,744.000,200.000,791.000,279.000,26.250,-2.760,-1.320,0.750,0.620,1.810,-0.528
877,4,6308.000,23.793,-4.885,-0.005,-0.002,0.790,NaN,308,0,3.665,-1.310,879.000,200.000,910.000,273.000,NaN,NaN,NaN,NaN,NaN,NaN,NaN
878,56,6308.000,26.300,-2.809,0.015,0.003,0.664,NaN,308,0,1.803,-1.236,743.000,200.000,790.000,282.000,NaN,NaN,NaN,NaN,NaN,NaN,NaN
879,4,6309.000,23.772,-4.879,-0.010,-0.000,0.804,0.965,309,0,3.099,2.843,879.000,200.000,910.000,276.000,23.760,-4.860,-1.230,0.730,0.630,1.580,-0.384
880,56,6309.000,26.315,-2.835,0.017,-0.004,0.620,NaN,309,0,1.205,-1.243,744.000,200.000,791.000,279.000,NaN,NaN,NaN,NaN,NaN,NaN,NaN
881,4,6310.000,23.763,-4.875,-0.010,0.000,0.828,0.827,310,0,3.532,1.766,879.000,200.000,911.000,275.000,23.770,-4.840,-1.290,0.770,0.550,1.740,-0.486
882,56,6310.000,26.264,-2.753,-0.001,0.016,0.640,0.020,310,0,0.809,-1.452,744.000,200.000,791.000,279.000,26.180,-2.670,-1.280,1.850,0.520,1.740,-0.803
883,4,6311.000,23.746,-4.891,-0.011,-0.007,0.832,NaN,311,0,4.351,-1.310,879.000,200.000,911.000,275.000,NaN,NaN,NaN,NaN,NaN,NaN,NaN
884,56,6311.000,26.264,-2.787,-0.000,0.004,0.620,NaN,311,0,1.205,-1.229,744.000,200.000,791.000,278.000,NaN,NaN,NaN,NaN,NaN,NaN,NaN
885,4,6312.000,23.786,-4.875,0.001,0.001,0.830,0.646,312,0,3.532,0.681,880.000,200.000,911.000,274.000,23.840,-4.830,-1.240,0.790,0.520,1.760,-0.807
886,56,6312.000,26.206,-2.734,-0.011,0.015,0.631,0.016,312,0,0.754,-1.438,744.000,200.000,790.000,270.000,26.190,-2.670,-1.240,1.930,0.610,1.840,-0.824
887,4,6313.000,23.779,-4.848,-0.000,0.008,0.835,0.084,313,0,3.682,-1.021,879.000,200.000,911.000,274.000,23.770,-4.810,-1.280,0.670,0.670,1.760,-0.556
888,56,6313.000,26.160,-2.728,-0.016,0.012,NaN,0.010,313,0,-2.893,-1.440,714.000,196.000,808.000,295.000,26.150,-2.730,-1.270,1.880,0.600,1.830,0.730
889,4,6314.000,23.768,-4.887,-0.000,-0.003,0.821,NaN,314,0,4.217,-1.312,880.000,200.000,911.000,275.000,NaN,NaN,NaN,NaN,NaN,NaN,NaN
890,56,6314.000,26.139,-2.769,-0.018,-0.000,0.654,NaN,314,0,1.509,-1.236,744.000,200.000,791.000,270.000,NaN,NaN,NaN,NaN,NaN,NaN,NaN
891,4,6315.000,23.784,-4.908,0.002,-0.008,0.818,0.134,315,0,3.391,-0.842,880.000,200.000,911.000,275.000,23.810,-4.930,-1.290,0.640,0.660,1.600,-0.759
892,56,6315.000,26.234,-2.842,0.003,-0.015,0.658,0.074,315,0,0.944,-1.151,744.000,200.000,791.000,269.000,26.310,-2.930,-1.210,1.650,0.550,1.770,-0.784
893,4,6316.000,23.787,-4.919,0.004,-0.009,0.820,NaN,316,0,4.217,-1.306,880.000,200.000,911.000,275.000,NaN,NaN,NaN,NaN,NaN,NaN,NaN
894,56,6316.000,26.273,-2.876,0.010,-0.019,0.642,0.107,316,0,0.809,-1.002,744.000,200.000,791.000,272.000,26.300,-2.900,-1.200,1.840,0.590,1.810,-0.733
895,4,6317.000,23.792,-4.925,0.006,-0.009,0.832,NaN,317,0,4.351,-1.303,880.000,200.000,911.000,275.000,NaN,NaN,NaN,NaN,NaN,NaN,NaN
896,56,6317.000,26.284,-2.899,0.010,-0.021,0.645,NaN,317,0,1.407,-1.270,744.000,200.000,791.000,270.000,NaN,NaN,NaN,NaN,NaN,NaN,NaN
897,4,6318.000,23.769,-4.908,0.001,-0.003,0.838,0.407,318,0,3.682,-0.130,879.000,200.000,911.000,275.000,23.770,-4.840,-1.210,0.760,0.560,1.670,-0.763
898,56,6318.000,26.388,-2.924,0.025,-0.019,0.650,0.042,318,0,0.873,-1.395,744.000,200.000,791.000,274.000,26.430,-2.890,-1.270,1.770,0.490,1.770,-0.961
899,4,6319.000,23.788,-4.886,0.006,0.004,0.842,0.182,319,0,3.682,-0.681,879.000,200.000,911.000,275.000,23.810,-4.850,-1.260,0.770,0.570,1.710,-0.547
900,56,6319.000,26.406,-2.924,0.020,-0.013,0.644,0.014,319,0,0.809,-1.491,744.000,200.000,791.000,274.000,26.390,-2.900,-1.270,1.840,0.600,1.930,-0.775
901,4,6320.000,23.784,-4.901,0.002,-0.001,0.838,NaN,320,0,4.443,-1.308,879.000,200.000,912.000,275.000,NaN,NaN,NaN,NaN,NaN,NaN,NaN
902,56,6320.000,26.430,-2.928,0.020,-0.010,0.652,NaN,320,0,1.509,-1.270,744.000,200.000,791.000,275.000,NaN,NaN,NaN,NaN,NaN,NaN,NaN
903,4,6321.000,23.784,-4.880,0.002,0.006,0.834,0.818,321,0,3.532,1.696,879.000,200.000,912.000,275.000,23.800,-4.850,-1.220,0.740,0.620,1.730,-0.766
904,56,6321.000,26.455,-2.931,0.022,-0.008,0.649,NaN,321,0,1.509,-1.269,744.000,199.000,791.000,275.000,NaN,NaN,NaN,NaN,NaN,NaN,NaN
905,4,6322.000,23.791,-4.861,0.003,0.009,0.832,0.053,322,0,3.532,-1.238,879.000,200.000,912.000,275.000,23.800,-4.850,-1.290,0.710,0.680,1.710,-0.494
906,56,6322.000,26.370,-2.877,0.004,0.008,0.644,0.174,322,0,0.809,-0.831,744.000,199.000,791.000,275.000,26.310,-2.830,-1.280,2.110,0.640,1.930,-0.801
907,4,6323.000,23.790,-4.885,0.002,-0.001,0.829,NaN,323,0,4.351,-1.312,879.000,200.000,912.000,275.000,NaN,NaN,NaN,NaN,NaN,NaN,NaN
908,56,6323.000,26.371,-2.884,0.004,0.003,0.671,NaN,323,0,1.724,-1.264,744.000,200.000,790.000,271.000,NaN,NaN,NaN,NaN,NaN,NaN,NaN
909,4,6324.000,23.762,-4.868,-0.005,0.002,0.831,0.684,324,0,3.532,0.813,879.000,201.000,912.000,275.000,23.750,-4.830,-1.220,0.710,0.630,1.780,-0.349
910,56,6324.000,26.254,-2.857,-0.014,0.009,0.006,0.669,324,0,-2.965,0.512,788.000,197.000,794.000,213.000,26.170,-2.820,-1.150,1.710,0.590,1.740,0.385
911,4,6325.000,23.759,-4.867,-0.005,0.001,0.832,0.954,325,0,3.532,2.843,879.000,201.000,912.000,275.000,23.780,-4.860,-1.200,0.750,0.660,1.640,-0.376
912,56,6325.000,26.240,-2.858,-0.013,0.008,0.675,NaN,325,0,1.724,-1.264,744.000,199.000,790.000,271.000,NaN,NaN,NaN,NaN,NaN,NaN,NaN
913,4,6326.000,23.752,-4.888,-0.005,-0.006,0.837,NaN,326,0,4.443,-1.310,879.000,201.000,912.000,275.000,NaN,NaN,NaN,NaN,NaN,NaN,NaN
914,56,6326.000,26.229,-2.860,-0.011,0.005,0.671,NaN,326,0,1.724,-1.264,744.000,199.000,790.000,270.000,NaN,NaN,NaN,NaN,NaN,NaN,NaN
915,4,6327.000,23.759,-4.884,-0.002,-0.004,0.827,0.166,327,0,3.532,-0.712,879.000,201.000,912.000,275.000,23.780,-4.870,-1.170,0.650,0.790,1.530,-0.595
916,56,6327.000,26.172,-2.777,-0.019,0.021,0.676,0.090,327,0,1.117,-1.067,744.000,199.000,791.000,272.000,26.160,-2.680,-1.160,1.830,0.550,1.760,-0.768
917,4,6328.000,23.786,-4.894,0.005,-0.007,0.825,0.070,328,0,3.391,-1.079,879.000,201.000,912.000,275.000,23.840,-4.900,-1.270,0.740,0.600,1.740,-0.509
918,56,6328.000,26.140,-2.719,-0.021,0.028,0.677,0.022,328,0,1.117,-1.455,744.000,199.000,790.000,271.000,26.130,-2.690,-1.240,0.830,0.540,1.800,0.921
919,4,6329.000,23.788,-4.917,0.005,-0.012,0.823,NaN,329,0,4.217,-1.308,879.000,200.000,912.000,275.000,NaN,NaN,NaN,NaN,NaN,NaN,NaN
920,56,6329.000,26.113,-2.751,-0.022,0.014,0.684,NaN,329,0,1.846,-1.236,744.000,199.000,791.000,272.000,NaN,NaN,NaN,NaN,NaN,NaN,NaN
921,4,6330.000,23.785,-4.896,0.005,-0.003,0.821,0.488,330,0,3.391,0.161,879.000,201.000,911.000,275.000,23.810,-4.840,-1.210,0.860,0.590,1.790,-0.660
922,56,6330.000,26.122,-2.710,-0.018,0.019,0.677,0.226,330,0,1.117,-0.666,744.000,199.000,791.000,271.000,26.160,-2.690,-1.230,1.870,0.510,1.870,-0.826
923,4,6331.000,23.775,-4.881,0.003,0.001,0.826,0.981,331,0,3.532,2.843,879.000,201.000,912.000,275.000,23.780,-4.860,-1.230,0.710,0.610,1.600,-0.647
924,56,6331.000,26.097,-2.752,-0.018,0.005,0.676,NaN,331,0,1.846,-1.228,744.000,199.000,791.000,271.000,NaN,NaN,NaN,NaN,NaN,NaN,NaN
925,4,6332.000,23.777,-4.880,0.002,0.000,NaN,NaN,332,0,-1.486,-1.308,NaN,NaN,NaN,NaN,NaN,NaN,NaN,NaN,NaN,NaN,NaN
926,56,6332.000,26.076,-2.786,-0.019,-0.005,0.667,NaN,332,0,1.724,-1.265,744.000,200.000,789.000,279.000,NaN,NaN,NaN,NaN,NaN,NaN,NaN
927,4,6333.000,23.771,-4.873,-0.001,0.004,0.839,0.958,333,0,3.682,2.843,879.000,200.000,911.000,276.000,23.770,-4.850,-1.190,0.770,0.650,1.610,-0.676
928,56,6333.000,25.995,-2.651,-0.030,0.027,0.638,0.022,333,0,0.809,-1.476,744.000,200.000,789.000,280.000,25.980,-2.460,-1.200,0.910,0.520,1.880,-0.993
929,4,6334.000,23.756,-4.867,-0.005,0.009,0.842,0.393,334,0,3.682,-0.176,879.000,200.000,911.000,276.000,23.750,-4.850,-1.330,0.710,0.680,1.760,-0.525
930,56,6334.000,25.966,-2.623,-0.029,0.028,NaN,NaN,334,0,-3.225,-1.289,NaN,NaN,NaN,NaN,NaN,NaN,NaN,NaN,NaN,NaN,NaN
931,4,6335.000,23.747,-4.883,-0.008,0.003,0.833,NaN,335,0,4.351,-1.310,879.000,200.000,911.000,275.000,NaN,NaN,NaN,NaN,NaN,NaN,NaN
932,56,6335.000,25.938,-2.595,-0.028,0.028,NaN,NaN,335,0,-3.258,-1.303,NaN,NaN,NaN,NaN,NaN,NaN,NaN,NaN,NaN,NaN,NaN
933,4,6336.000,23.753,-4.873,-0.003,0.004,0.836,0.992,336,0,3.682,2.843,879.000,200.000,911.000,275.000,23.780,-4.860,-1.250,0.710,0.530,1.720,-0.597
934,56,6336.000,26.115,-2.654,0.006,0.015,0.635,0.044,336,0,0.809,-1.433,744.000,200.000,790.000,274.000,26.210,-2.720,-1.230,1.910,0.560,1.790,-0.724
935,4,6337.000,23.779,-4.863,0.004,0.006,0.832,0.634,337,0,3.532,0.618,879.000,200.000,911.000,275.000,23.790,-4.850,-1.110,0.800,0.660,1.580,-0.555
936,56,6337.000,26.120,-2.639,0.005,0.015,NaN,NaN,337,0,-2.063,-1.241,NaN,NaN,NaN,NaN,NaN,NaN,NaN,NaN,NaN,NaN,NaN
937,4,6338.000,23.774,-4.894,0.000,-0.006,0.825,NaN,338,0,4.351,-1.310,880.000,200.000,911.000,275.000,NaN,NaN,NaN,NaN,NaN,NaN,NaN
938,56,6338.000,26.125,-2.623,0.006,0.016,NaN,NaN,338,0,-3.079,-1.231,NaN,NaN,NaN,NaN,NaN,NaN,NaN,NaN,NaN,NaN,NaN
939,4,6339.000,23.775,-4.896,0.001,-0.006,0.824,0.855,339,0,3.391,2.059,879.000,200.000,911.000,276.000,23.790,-4.880,-1.260,0.730,0.600,1.720,-0.724
940,56,6339.000,26.173,-2.700,0.011,-0.000,0.626,0.081,339,0,0.754,-1.076,744.000,200.000,790.000,274.000,26.170,-2.740,-1.240,0.850,0.560,1.840,0.245
941,4,6340.000,23.775,-4.898,0.003,-0.003,0.823,0.912,340,0,3.391,2.843,879.000,200.000,911.000,277.000,23.770,-4.880,-1.210,0.690,0.670,1.680,-0.554
942,56,6340.000,26.185,-2.699,0.012,0.001,NaN,NaN,340,0,-1.932,-1.232,NaN,NaN,NaN,NaN,NaN,NaN,NaN,NaN,NaN,NaN,NaN
943,4,6341.000,23.770,-4.909,0.002,-0.005,0.824,NaN,341,0,4.217,-1.306,880.000,200.000,911.000,274.000,NaN,NaN,NaN,NaN,NaN,NaN,NaN
944,56,6341.000,26.197,-2.699,0.011,0.001,NaN,NaN,341,0,-1.077,-1.230,NaN,NaN,NaN,NaN,NaN,NaN,NaN,NaN,NaN,NaN,NaN
945,4,6342.000,23.787,-4.878,0.006,0.002,0.824,0.978,342,0,3.391,2.843,880.000,200.000,911.000,274.000,23.800,-4.830,-1.110,0.710,0.720,1.520,-0.379
946,56,6342.000,26.225,-2.775,0.012,-0.008,0.648,0.928,342,0,0.873,4.914,744.000,200.000,790.000,265.000,26.220,-2.780,-1.210,1.840,0.550,1.780,-0.875
947,4,6343.000,23.784,-4.858,0.005,0.006,0.828,0.968,343,0,3.532,2.843,880.000,200.000,911.000,274.000,23.760,-4.860,-1.170,0.760,0.640,1.600,-0.386
948,56,6343.000,26.293,-2.819,0.025,-0.013,0.656,0.058,343,0,0.944,-1.208,744.000,200.000,790.000,265.000,26.340,-2.850,-1.270,1.650,0.590,1.830,-0.835
949,4,6344.000,23.778,-4.884,0.001,-0.003,0.831,NaN,344,0,4.351,-1.312,880.000,200.000,911.000,274.000,NaN,NaN,NaN,NaN,NaN,NaN,NaN
950,56,6344.000,26.316,-2.851,0.024,-0.016,0.665,NaN,344,0,1.724,-1.249,744.000,200.000,790.000,264.000,NaN,NaN,NaN,NaN,NaN,NaN,NaN
951,4,6345.000,23.765,-4.863,-0.004,0.003,0.834,0.960,345,0,3.532,2.843,880.000,200.000,911.000,275.000,23.770,-4.830,-1.240,0.700,0.630,1.580,-0.571
952,56,6345.000,26.287,-2.811,0.011,-0.002,0.664,0.040,345,0,0.944,-1.374,744.000,200.000,790.000,264.000,26.250,-2.740,-1.330,1.790,0.520,1.840,-0.696
953,4,6346.000,23.774,-4.841,-0.002,0.007,0.832,0.877,346,0,3.532,2.456,879.000,200.000,911.000,275.000,23.780,-4.820,-1.290,0.780,0.610,1.720,-0.750
954,56,6346.000,26.298,-2.836,0.010,-0.008,0.653,NaN,346,0,1.509,-1.246,744.000,200.000,790.000,265.000,NaN,NaN,NaN,NaN,NaN,NaN,NaN
955,4,6347.000,23.761,-4.875,-0.006,-0.004,0.832,NaN,347,0,4.351,-1.313,879.000,201.000,911.000,275.000,NaN,NaN,NaN,NaN,NaN,NaN,NaN
956,56,6347.000,26.307,-2.856,0.009,-0.011,0.673,NaN,347,0,1.724,-1.251,744.000,200.000,790.000,264.000,NaN,NaN,NaN,NaN,NaN,NaN,NaN
957,4,6348.000,23.777,-4.869,-0.001,-0.001,0.831,0.900,348,0,3.532,2.843,879.000,200.000,911.000,275.000,23.810,-4.850,-1.210,0.700,0.690,1.600,-0.277
958,56,6348.000,26.317,-2.874,0.009,-0.012,0.654,NaN,348,0,1.509,-1.259,744.000,200.000,790.000,265.000,NaN,NaN,NaN,NaN,NaN,NaN,NaN
959,4,6349.000,23.787,-4.858,-0.001,-0.000,0.821,0.981,349,0,3.391,2.843,880.000,200.000,911.000,274.000,23.790,-4.840,-1.190,0.690,0.740,1.530,-0.625
960,56,6349.000,26.331,-2.886,0.009,-0.012,0.631,NaN,349,0,1.305,-1.266,744.000,199.000,790.000,271.000,NaN,NaN,NaN,NaN,NaN,NaN,NaN
961,4,6350.000,23.782,-4.891,-0.001,-0.008,0.824,NaN,350,0,4.217,-1.312,880.000,200.000,911.000,274.000,NaN,NaN,NaN,NaN,NaN,NaN,NaN
962,56,6350.000,26.358,-2.889,0.013,-0.009,0.628,NaN,350,0,1.305,-1.269,744.000,199.000,790.000,272.000,NaN,NaN,NaN,NaN,NaN,NaN,NaN
963,4,6351.000,23.790,-4.901,-0.001,-0.010,0.826,0.111,351,0,3.532,-0.906,879.000,200.000,911.000,275.000,23.800,-4.910,-1.180,0.790,0.610,1.730,-0.975
964,56,6351.000,26.117,-2.761,-0.027,0.021,0.633,0.191,351,0,0.754,-0.775,744.000,199.000,790.000,273.000,26.100,-2.610,-1.270,1.910,0.560,1.840,-0.897
965,4,6352.000,23.760,-4.884,-0.006,-0.004,0.832,0.579,352,0,3.532,0.466,879.000,200.000,911.000,274.000,23.720,-4.840,-1.260,0.790,0.640,1.750,-0.434
966,56,6352.000,26.120,-2.730,-0.020,0.023,0.619,0.048,352,0,0.705,-1.303,744.000,199.000,790.000,270.000,26.160,-2.700,-1.240,1.850,0.530,1.720,-0.494
967,4,6353.000,23.755,-4.898,-0.006,-0.007,0.831,NaN,353,0,4.351,-1.308,879.000,200.000,912.000,274.000,NaN,NaN,NaN,NaN,NaN,NaN,NaN
968,56,6353.000,26.103,-2.764,-0.019,0.008,0.607,NaN,353,0,1.112,-1.244,744.000,199.000,790.000,271.000,NaN,NaN,NaN,NaN,NaN,NaN,NaN
969,4,6354.000,23.761,-4.893,-0.003,-0.003,0.834,0.875,354,0,3.532,2.456,879.000,200.000,912.000,275.000,23.790,-4.870,-1.220,0.740,0.580,1.600,-0.622
970,56,6354.000,26.253,-2.828,0.014,-0.008,0.592,0.391,354,0,0.553,-0.336,744.000,199.000,790.000,270.000,26.380,-2.900,-1.200,1.800,0.550,1.870,-0.890
971,4,6355.000,23.762,-4.887,-0.002,0.001,0.827,0.951,355,0,3.532,2.843,879.000,200.000,912.000,275.000,23.770,-4.860,-1.150,0.710,0.700,1.570,-0.636
972,56,6355.000,26.269,-2.788,0.015,0.004,0.577,0.102,355,0,0.497,-1.019,744.000,199.000,791.000,272.000,26.280,-2.690,-1.190,1.840,0.550,1.750,-0.921
973,4,6356.000,23.757,-4.895,-0.003,-0.002,0.832,NaN,356,0,4.351,-1.308,879.000,200.000,911.000,275.000,NaN,NaN,NaN,NaN,NaN,NaN,NaN
974,56,6356.000,26.284,-2.816,0.016,-0.004,0.598,NaN,356,0,1.024,-1.239,744.000,199.000,790.000,271.000,NaN,NaN,NaN,NaN,NaN,NaN,NaN
975,4,6357.000,23.779,-4.881,0.006,0.002,0.836,0.025,357,0,3.682,-1.411,879.000,200.000,912.000,275.000,23.800,-4.830,-1.310,0.730,0.650,1.750,-0.448
976,56,6357.000,26.298,-2.844,0.015,-0.011,0.600,NaN,357,0,1.024,-1.246,744.000,199.000,790.000,271.000,NaN,NaN,NaN,NaN,NaN,NaN,NaN
977,4,6358.000,23.768,-4.867,0.005,0.004,0.841,0.951,358,0,3.682,2.843,879.000,201.000,912.000,275.000,23.750,-4.850,-1.230,0.710,0.600,1.670,-0.631
978,56,6358.000,26.286,-2.840,0.008,-0.009,0.653,0.752,358,0,0.873,0.988,744.000,200.000,791.000,274.000,26.280,-2.800,-1.250,1.730,0.620,1.810,-0.782
979,4,6359.000,23.771,-4.888,0.005,-0.003,0.841,NaN,359,0,4.443,-1.310,879.000,201.000,911.000,275.000,NaN,NaN,NaN,NaN,NaN,NaN,NaN
980,56,6359.000,26.295,-2.865,0.009,-0.013,0.658,NaN,359,0,1.613,-1.256,744.000,200.000,791.000,274.000,NaN,NaN,NaN,NaN,NaN,NaN,NaN
981,4,6360.000,23.779,-4.874,0.007,-0.000,0.840,0.681,360,0,3.682,0.813,879.000,201.000,912.000,274.000,23.780,-4.840,-1.200,0.730,0.650,1.660,-0.623
982,56,6360.000,26.308,-2.888,0.009,-0.015,0.672,NaN,360,0,1.724,-1.264,744.000,200.000,791.000,274.000,NaN,NaN,NaN,NaN,NaN,NaN,NaN
983,4,6361.000,23.785,-4.856,0.007,0.005,0.839,0.913,361,0,3.682,2.843,879.000,201.000,912.000,275.000,23.780,-4.850,-1.240,0.680,0.630,1.690,-0.523
984,56,6361.000,26.245,-2.827,-0.002,0.003,0.665,0.040,361,0,1.024,-1.390,744.000,200.000,791.000,275.000,26.220,-2.730,-1.100,0.730,0.680,1.860,-0.589
985,4,6362.000,23.790,-4.884,0.007,-0.003,0.838,NaN,362,0,4.443,-1.312,879.000,201.000,912.000,275.000,NaN,NaN,NaN,NaN,NaN,NaN,NaN
986,56,6362.000,26.242,-2.844,-0.002,-0.001,0.671,NaN,362,0,1.724,-1.251,744.000,200.000,791.000,275.000,NaN,NaN,NaN,NaN,NaN,NaN,NaN
987,4,6363.000,23.797,-4.896,0.006,-0.005,0.837,0.447,363,0,3.682,-0.004,879.000,201.000,912.000,275.000,23.790,-4.910,-1.150,0.720,0.590,1.690,-0.359
988,56,6363.000,26.244,-2.859,-0.000,-0.004,0.695,NaN,363,0,2.128,-1.259,744.000,200.000,791.000,277.000,NaN,NaN,NaN,NaN,NaN,NaN,NaN
989,4,6364.000,23.768,-4.864,-0.003,0.006,0.842,0.926,364,0,3.682,2.843,879.000,201.000,912.000,275.000,23.730,-4.820,-1.130,0.730,0.600,1.630,-0.578
990,56,6364.000,26.259,-2.836,0.003,0.003,0.679,0.028,364,0,1.117,-1.435,744.000,200.000,791.000,275.000,26.260,-2.830,-1.250,0.790,0.540,1.850,-0.864
991,4,6365.000,23.763,-4.887,-0.005,-0.002,0.843,NaN,365,0,4.443,-1.310,879.000,201.000,912.000,275.000,NaN,NaN,NaN,NaN,NaN,NaN,NaN
992,56,6365.000,26.258,-2.853,0.001,-0.002,0.677,NaN,365,0,1.846,-1.256,744.000,200.000,791.000,275.000,NaN,NaN,NaN,NaN,NaN,NaN,NaN
993,4,6366.000,23.786,-4.877,0.002,0.000,0.845,0.938,366,0,3.866,2.843,879.000,201.000,912.000,275.000,23.820,-4.860,-1.260,0.680,0.600,1.690,-0.570
994,56,6366.000,26.258,-2.870,0.001,-0.006,0.684,NaN,366,0,1.846,-1.259,744.000,200.000,791.000,275.000,NaN,NaN,NaN,NaN,NaN,NaN,NaN
995,243,6366.000,35.570,-11.090,0.000,0.000,0.467,0.151,366,0,-2.250,-1.937,1038.000,197.000,1056.000,261.000,35.570,-11.090,-1.380,1.680,0.390,1.700,0.314
996,4,6367.000,23.766,-4.853,-0.001,0.007,0.843,0.951,367,0,3.682,2.843,879.000,200.000,912.000,274.000,23.760,-4.830,-1.170,0.670,0.650,1.630,-0.662
997,56,6367.000,26.259,-2.877,-0.000,-0.007,0.645,NaN,367,0,1.407,-1.266,744.000,200.000,789.000,269.000,NaN,NaN,NaN,NaN,NaN,NaN,NaN
998,243,6367.000,35.414,-11.198,-0.035,-0.018,0.653,0.039,367,0,-1.091,-2.221,1038.000,196.000,1055.000,261.000,35.290,-11.250,-1.350,0.670,0.720,1.780,-0.872
999,4,6368.000,23.757,-4.883,-0.004,-0.003,0.840,NaN,368,0,4.443,-1.312,879.000,200.000,912.000,274.000,NaN,NaN,NaN,NaN,NaN,NaN,NaN
1000,56,6368.000,26.262,-2.884,-0.001,-0.007,0.643,NaN,368,0,1.407,-1.270,744.000,200.000,789.000,269.000,NaN,NaN,NaN,NaN,NaN,NaN,NaN
1001,243,6368.000,35.328,-11.348,-0.048,-0.073,0.658,NaN,368,0,1.613,-1.326,1038.000,196.000,1055.000,261.000,NaN,NaN,NaN,NaN,NaN,NaN,NaN
1002,4,6369.000,23.768,-4.864,0.001,0.002,0.840,0.934,369,0,3.682,2.843,879.000,201.000,912.000,274.000,23.790,-4.820,-1.330,0.680,0.670,1.790,-0.399
1003,56,6369.000,26.264,-2.889,-0.002,-0.007,0.645,NaN,369,0,1.407,-1.272,744.000,200.000,789.000,269.000,NaN,NaN,NaN,NaN,NaN,NaN,NaN
1004,243,6369.000,35.301,-11.342,-0.025,-0.037,0.638,0.029,369,0,-1.166,-2.242,1038.000,196.000,1055.000,261.000,35.300,-11.180,-1.440,0.730,0.430,1.740,-1.399
1005,4,6370.000,23.771,-4.864,0.003,-0.000,0.840,0.901,370,0,3.682,2.843,879.000,201.000,912.000,274.000,23.780,-4.860,-1.160,0.770,0.580,1.630,-0.722
1006,56,6370.000,26.321,-2.893,0.002,-0.003,0.650,0.438,370,0,0.873,-0.219,744.000,200.000,789.000,270.000,26.320,-2.870,-1.190,1.850,0.530,1.700,-0.857
1007,243,6370.000,35.283,-11.316,-0.012,-0.009,0.637,0.047,370,0,-1.166,-2.179,1038.000,196.000,1055.000,261.000,35.290,-11.230,-1.330,0.690,0.440,1.790,-2.454
1008,4,6371.000,23.766,-4.893,0.001,-0.008,0.840,NaN,371,0,4.443,-1.310,879.000,201.000,912.000,274.000,NaN,NaN,NaN,NaN,NaN,NaN,NaN
1009,56,6371.000,26.334,-2.890,0.005,-0.002,0.651,NaN,371,0,1.509,-1.272,744.000,200.000,789.000,271.000,NaN,NaN,NaN,NaN,NaN,NaN,NaN
1010,243,6371.000,35.268,-11.325,-0.012,-0.006,0.634,NaN,371,0,1.305,-1.326,1038.000,196.000,1055.000,261.000,NaN,NaN,NaN,NaN,NaN,NaN,NaN
1011,4,6372.000,23.736,-4.876,-0.005,-0.003,0.843,0.281,372,0,3.682,-0.384,879.000,201.000,912.000,274.000,23.730,-4.830,-1.200,0.760,0.640,1.720,-0.500
1012,56,6372.000,26.387,-2.872,0.011,0.001,0.658,0.015,372,0,0.944,-1.488,744.000,200.000,790.000,271.000,26.410,-2.840,-1.290,1.640,0.440,1.810,-0.807
1013,243,6372.000,35.257,-11.326,-0.010,-0.004,0.602,NaN,372,0,1.024,-1.326,1038.000,196.000,1055.000,261.000,NaN,NaN,NaN,NaN,NaN,NaN,NaN
1014,4,6373.000,23.755,-4.863,-0.001,-0.001,0.835,0.903,373,0,3.682,2.843,879.000,201.000,912.000,274.000,23.790,-4.830,-1.290,0.800,0.590,1.710,-0.704
1015,56,6373.000,26.304,-2.788,-0.009,0.021,0.653,0.104,373,0,0.873,-1.026,744.000,200.000,790.000,271.000,26.190,-2.670,-1.190,0.850,0.530,1.770,0.860
1016,243,6373.000,35.270,-11.333,-0.007,-0.003,0.627,NaN,373,0,1.305,-1.326,1038.000,197.000,1055.000,261.000,NaN,NaN,NaN,NaN,NaN,NaN,NaN
1017,4,6374.000,23.742,-4.890,-0.003,-0.009,0.834,NaN,374,0,4.351,-1.310,879.000,201.000,912.000,274.000,NaN,NaN,NaN,NaN,NaN,NaN,NaN
1018,56,6374.000,26.293,-2.808,-0.009,0.010,0.655,NaN,374,0,1.509,-1.236,744.000,200.000,790.000,271.000,NaN,NaN,NaN,NaN,NaN,NaN,NaN
1019,243,6374.000,35.267,-11.336,-0.008,-0.004,0.568,NaN,374,0,0.787,-1.326,1038.000,196.000,1055.000,261.000,NaN,NaN,NaN,NaN,NaN,NaN,NaN
1020,4,6375.000,23.741,-4.894,-0.000,-0.008,0.835,0.991,375,0,3.532,2.843,879.000,201.000,912.000,274.000,23.740,-4.870,-1.120,0.650,0.740,1.560,-0.460
1021,56,6375.000,26.280,-2.827,-0.011,0.003,0.653,NaN,375,0,1.509,-1.243,744.000,200.000,789.000,270.000,NaN,NaN,NaN,NaN,NaN,NaN,NaN
1022,243,6375.000,35.241,-11.318,-0.013,0.003,0.599,0.015,375,0,-1.395,-2.253,1038.000,196.000,1055.000,261.000,35.250,-11.210,-1.440,0.660,0.670,1.780,-0.458
1023,4,6376.000,23.778,-4.893,0.008,-0.003,0.838,0.542,376,0,3.682,0.352,879.000,200.000,912.000,277.000,23.790,-4.870,-1.140,0.760,0.630,1.620,-0.582
1024,56,6376.000,26.267,-2.838,-0.010,0.000,0.634,NaN,376,0,1.305,-1.251,743.000,200.000,789.000,273.000,NaN,NaN,NaN,NaN,NaN,NaN,NaN
1025,243,6376.000,35.258,-11.291,-0.006,0.008,0.693,0.020,376,0,-0.859,-2.253,1037.000,195.000,1055.000,261.000,35.300,-11.200,-1.330,0.770,0.510,1.720,-1.530
1026,4,6377.000,23.787,-4.912,0.007,-0.007,0.839,NaN,377,0,4.443,-1.308,879.000,200.000,912.000,277.000,NaN,NaN,NaN,NaN,NaN,NaN,NaN
1027,56,6377.000,26.237,-2.856,-0.014,-0.003,0.633,NaN,377,0,1.305,-1.256,744.000,200.000,790.000,273.000,NaN,NaN,NaN,NaN,NaN,NaN,NaN
1028,243,6377.000,35.235,-11.310,-0.012,0.002,0.700,NaN,377,0,2.128,-1.326,1037.000,195.000,1055.000,261.000,NaN,NaN,NaN,NaN,NaN,NaN,NaN
1029,4,6378.000,23.778,-4.894,0.003,-0.001,0.835,0.916,378,0,3.682,2.843,879.000,200.000,912.000,277.000,23.760,-4.840,-1.250,0.700,0.620,1.770,-0.565
1030,56,6378.000,26.244,-2.838,-0.014,0.001,0.620,0.076,378,0,0.705,-1.111,744.000,200.000,789.000,268.000,26.250,-2.790,-1.240,1.830,0.580,1.750,-0.863
1031,243,6378.000,35.220,-11.318,-0.014,0.001,0.679,NaN,378,0,1.846,-1.326,1038.000,195.000,1055.000,261.000,NaN,NaN,NaN,NaN,NaN,NaN,NaN
1032,4,6379.000,23.809,-4.903,0.010,-0.002,0.835,0.250,379,0,3.532,-0.478,879.000,200.000,912.000,276.000,23.830,-4.900,-1.200,0.720,0.610,1.760,-0.529
1033,56,6379.000,26.313,-2.839,-0.002,0.002,0.617,0.116,379,0,0.705,-0.968,744.000,200.000,790.000,270.000,26.370,-2.810,-1.230,1.780,0.500,1.770,-0.797
1034,243,6379.000,35.236,-11.318,-0.008,0.001,0.679,0.051,379,0,-0.939,-2.179,1037.000,195.000,1055.000,261.000,35.240,-11.260,-1.330,0.660,0.760,1.820,-0.964
1035,4,6380.000,23.818,-4.918,0.007,-0.007,0.833,NaN,380,0,4.351,-1.308,879.000,200.000,912.000,275.000,NaN,NaN,NaN,NaN,NaN,NaN,NaN
1036,56,6380.000,26.310,-2.851,-0.001,-0.001,0.615,NaN,380,0,1.205,-1.251,744.000,200.000,789.000,269.000,NaN,NaN,NaN,NaN,NaN,NaN,NaN
1037,243,6380.000,35.226,-11.316,-0.009,0.003,0.625,NaN,380,0,1.305,-1.326,1038.000,196.000,1055.000,261.000,NaN,NaN,NaN,NaN,NaN,NaN,NaN
1038,4,6381.000,23.781,-4.887,-0.002,0.003,0.830,0.873,381,0,3.532,2.233,879.000,200.000,912.000,275.000,23.740,-4.830,-1.220,0.690,0.650,1.770,-0.501
1039,56,6381.000,26.157,-2.798,-0.030,0.007,0.614,0.049,381,0,0.658,-1.305,744.000,200.000,790.000,271.000,26.040,-2.720,-1.150,0.810,0.600,1.870,-0.222
1040,243,6381.000,35.212,-11.313,-0.010,0.002,0.724,NaN,381,0,2.434,-1.326,1038.000,198.000,1055.000,261.000,NaN,NaN,NaN,NaN,NaN,NaN,NaN
1041,4,6382.000,23.770,-4.898,-0.007,0.003,0.831,NaN,382,0,4.351,-1.308,879.000,200.000,912.000,275.000,NaN,NaN,NaN,NaN,NaN,NaN,NaN
1042,56,6382.000,26.128,-2.817,-0.029,0.001,0.615,NaN,382,0,1.112,-1.260,744.000,200.000,790.000,272.000,NaN,NaN,NaN,NaN,NaN,NaN,NaN
1043,243,6382.000,35.185,-11.303,-0.013,0.006,0.691,NaN,382,0,1.982,-1.326,1038.000,199.000,1055.000,261.000,NaN,NaN,NaN,NaN,NaN,NaN,NaN
1044,4,6383.000,23.783,-4.887,-0.002,0.004,0.830,0.925,383,0,3.532,2.843,879.000,200.000,912.000,275.000,23.780,-4.870,-1.150,0.710,0.680,1.590,-0.433
1045,56,6383.000,26.162,-2.793,-0.016,0.006,0.608,0.033,383,0,0.658,-1.436,744.000,200.000,790.000,272.000,26.210,-2.750,-1.280,0.790,0.590,1.750,-0.642
1046,243,6383.000,35.168,-11.306,-0.014,0.003,0.624,NaN,383,0,1.205,-1.326,1038.000,200.000,1056.000,261.000,NaN,NaN,NaN,NaN,NaN,NaN,NaN
1047,4,6384.000,23.780,-4.885,-0.005,0.002,0.827,0.928,384,0,3.532,2.843,879.000,200.000,912.000,276.000,23.770,-4.880,-1.120,0.700,0.670,1.740,-0.206
1048,56,6384.000,26.040,-2.678,-0.031,0.033,0.619,0.086,384,0,0.705,-1.057,744.000,200.000,790.000,272.000,25.900,-2.500,-1.290,0.960,0.480,1.780,2.415
1049,243,6384.000,35.155,-11.302,-0.014,0.003,NaN,NaN,384,0,-1.892,-1.326,NaN,NaN,NaN,NaN,NaN,NaN,NaN,NaN,NaN,NaN,NaN
1050,4,6385.000,23.777,-4.906,-0.006,-0.003,0.815,NaN,385,0,4.217,-1.308,879.000,201.000,912.000,274.000,NaN,NaN,NaN,NaN,NaN,NaN,NaN
1051,56,6385.000,26.001,-2.712,-0.033,0.017,0.642,NaN,385,0,1.595,-1.268,744.000,200.000,789.000,281.000,NaN,NaN,NaN,NaN,NaN,NaN,NaN
1052,243,6385.000,35.160,-11.304,-0.011,0.003,0.673,NaN,385,0,1.724,-1.326,1037.000,199.000,1056.000,261.000,NaN,NaN,NaN,NaN,NaN,NaN,NaN
1053,4,6386.000,23.828,-4.912,0.006,-0.005,0.818,0.061,386,0,3.391,-1.152,879.000,201.000,912.000,274.000,23.880,-4.920,-1.280,0.740,0.610,1.760,-0.551
1054,56,6386.000,25.965,-2.745,-0.035,0.004,0.642,NaN,386,0,1.595,-1.286,744.000,200.000,789.000,281.000,NaN,NaN,NaN,NaN,NaN,NaN,NaN
1055,243,6386.000,35.174,-11.305,-0.004,0.002,0.692,NaN,386,0,1.982,-1.326,1037.000,199.000,1056.000,261.000,NaN,NaN,NaN,NaN,NaN,NaN,NaN
1056,4,6387.000,23.780,-4.881,-0.008,0.002,0.823,0.569,387,0,3.391,0.437,879.000,201.000,912.000,274.000,23.720,-4.820,-1.180,0.780,0.570,1.650,-0.764
1057,56,6387.000,25.929,-2.768,-0.037,-0.001,0.674,NaN,387,0,1.916,-1.298,744.000,200.000,789.000,281.000,NaN,NaN,NaN,NaN,NaN,NaN,NaN
1058,243,6387.000,35.160,-11.299,-0.005,0.003,0.667,NaN,387,0,1.724,-1.326,1037.000,199.000,1056.000,261.000,NaN,NaN,NaN,NaN,NaN,NaN,NaN
1059,4,6388.000,23.770,-4.895,-0.006,0.001,0.830,NaN,388,0,4.351,-1.308,879.000,200.000,912.000,275.000,NaN,NaN,NaN,NaN,NaN,NaN,NaN
1060,56,6388.000,25.896,-2.791,-0.037,-0.007,0.653,NaN,388,0,1.698,-1.312,744.000,200.000,789.000,281.000,NaN,NaN,NaN,NaN,NaN,NaN,NaN
1061,243,6388.000,35.133,-11.290,-0.007,0.002,0.675,NaN,388,0,1.724,-1.326,1037.000,199.000,1056.000,261.000,NaN,NaN,NaN,NaN,NaN,NaN,NaN
1062,4,6389.000,23.781,-4.878,-0.002,0.005,0.826,0.408,389,0,3.532,-0.131,879.000,200.000,912.000,275.000,23.810,-4.840,-1.240,0.680,0.760,1.640,-0.546
1063,56,6389.000,26.100,-2.746,-0.003,0.006,0.642,0.493,389,0,0.809,-0.034,744.000,200.000,790.000,281.000,26.160,-2.640,-1.230,2.060,0.570,1.800,-0.834
1064,243,6389.000,35.113,-11.286,-0.010,0.002,0.683,NaN,389,0,1.846,-1.326,1037.000,199.000,1056.000,261.000,NaN,NaN,NaN,NaN,NaN,NaN,NaN
1065,4,6390.000,23.781,-4.865,-0.001,0.009,0.820,0.573,390,0,3.391,0.437,879.000,200.000,911.000,275.000,23.780,-4.850,-1.240,0.750,0.590,1.770,-0.831
1066,56,6390.000,26.127,-2.726,0.001,0.009,0.606,0.057,390,0,0.658,-1.227,744.000,200.000,790.000,270.000,26.130,-2.700,-1.150,1.870,0.580,1.800,-1.030
1067,243,6390.000,35.257,-11.305,0.003,0.005,0.691,0.263,390,0,-0.860,-1.543,1037.000,199.000,1056.000,261.000,35.290,-11.200,-1.330,0.770,0.500,1.860,-1.467
1068,4,6391.000,23.779,-4.884,-0.002,-0.002,0.825,NaN,391,0,4.217,-1.310,879.000,200.000,911.000,275.000,NaN,NaN,NaN,NaN,NaN,NaN,NaN
1069,56,6391.000,26.114,-2.766,0.000,-0.002,0.609,NaN,391,0,1.112,-1.236,744.000,200.000,790.000,269.000,NaN,NaN,NaN,NaN,NaN,NaN,NaN
1070,243,6391.000,35.259,-11.309,0.002,0.004,0.674,NaN,391,0,1.724,-1.326,1036.000,199.000,1056.000,261.000,NaN,NaN,NaN,NaN,NaN,NaN,NaN
1071,4,6392.000,23.756,-4.874,-0.006,0.001,0.826,0.902,392,0,3.532,2.843,879.000,200.000,911.000,275.000,23.750,-4.850,-1.250,0.730,0.610,1.710,-0.605
1072,56,6392.000,26.174,-2.769,0.012,0.002,0.599,0.295,392,0,0.607,-0.490,744.000,200.000,791.000,274.000,26.240,-2.780,-1.140,1.790,0.550,1.700,-0.731
1073,243,6392.000,35.285,-11.293,0.002,0.010,0.686,0.354,392,0,-0.859,-1.280,1036.000,199.000,1056.000,261.000,35.320,-11.220,-1.280,0.910,0.440,1.790,1.847
1074,4,6393.000,23.745,-4.872,-0.009,0.000,0.826,0.726,393,0,3.532,1.175,879.000,200.000,911.000,275.000,23.750,-4.850,-1.140,0.730,0.650,1.640,-0.797
1075,56,6393.000,26.182,-2.803,0.014,-0.006,0.607,NaN,393,0,1.112,-1.250,744.000,200.000,790.000,269.000,NaN,NaN,NaN,NaN,NaN,NaN,NaN
1076,243,6393.000,35.267,-11.251,-0.002,0.017,0.709,0.258,393,0,-0.590,-1.542,1036.000,199.000,1056.000,261.000,35.260,-11.190,-1.360,0.330,0.490,1.690,2.347
1077,4,6394.000,23.729,-4.892,-0.012,-0.005,0.808,NaN,394,0,4.053,-1.308,879.000,200.000,912.000,280.000,NaN,NaN,NaN,NaN,NaN,NaN,NaN
1078,56,6394.000,26.194,-2.837,0.014,-0.013,0.695,NaN,394,0,2.128,-1.258,744.000,200.000,791.000,278.000,NaN,NaN,NaN,NaN,NaN,NaN,NaN
1079,243,6394.000,35.249,-11.288,-0.006,0.004,0.748,NaN,394,0,2.906,-1.326,1036.000,199.000,1056.000,261.000,NaN,NaN,NaN,NaN,NaN,NaN,NaN
1080,4,6395.000,23.722,-4.881,-0.010,-0.001,0.812,0.976,395,0,3.246,2.843,879.000,200.000,912.000,280.000,23.750,-4.850,-1.200,0.730,0.700,1.740,-0.533
1081,56,6395.000,26.226,-2.838,0.020,-0.009,0.699,0.157,395,0,1.367,-0.859,744.000,200.000,790.000,279.000,26.230,-2.800,-1.190,0.840,0.520,1.850,-0.882
1082,243,6395.000,35.280,-11.268,0.001,0.011,0.738,0.081,395,0,-0.186,-2.058,1036.000,199.000,1056.000,261.000,35.320,-11.200,-1.270,0.800,0.630,1.670,-0.943
1083,4,6396.000,23.781,-4.874,0.008,0.002,0.795,0.201,396,0,2.962,-0.629,879.000,200.000,912.000,279.000,23.890,-4.880,-1.290,0.690,0.660,1.840,-0.656
1084,56,6396.000,26.234,-2.781,0.015,0.006,0.701,0.051,396,0,1.367,-1.309,744.000,200.000,790.000,279.000,26.230,-2.680,-1.270,0.750,0.670,1.820,0.088
1085,243,6396.000,35.290,-11.299,0.002,0.003,0.740,NaN,396,0,2.746,-1.326,1036.000,199.000,1056.000,261.000,NaN,NaN,NaN,NaN,NaN,NaN,NaN
1086,4,6397.000,23.782,-4.889,0.007,-0.002,0.806,NaN,397,0,4.053,-1.310,879.000,200.000,912.000,279.000,NaN,NaN,NaN,NaN,NaN,NaN,NaN
1087,56,6397.000,26.254,-2.810,0.016,-0.001,0.701,NaN,397,0,2.128,-1.239,744.000,200.000,790.000,279.000,NaN,NaN,NaN,NaN,NaN,NaN,NaN
1088,243,6397.000,35.298,-11.313,0.001,-0.000,0.758,NaN,397,0,3.077,-1.326,1037.000,198.000,1055.000,261.000,NaN,NaN,NaN,NaN,NaN,NaN,NaN
1089,4,6398.000,23.757,-4.855,0.001,0.007,0.810,0.868,398,0,3.246,2.233,879.000,200.000,912.000,280.000,23.750,-4.790,-1.190,0.810,0.580,1.650,-0.700
1090,56,6398.000,26.261,-2.797,0.013,0.000,0.702,0.217,398,0,1.367,-0.688,744.000,200.000,790.000,279.000,26.260,-2.760,-1.190,1.900,0.560,1.760,-0.825
1091,243,6398.000,35.297,-11.322,0.001,-0.001,0.757,NaN,398,0,3.077,-1.326,1037.000,197.000,1056.000,261.000,NaN,NaN,NaN,NaN,NaN,NaN,NaN
1092,4,6399.000,23.753,-4.878,-0.000,-0.001,0.807,NaN,399,0,4.053,-1.312,879.000,200.000,911.000,278.000,NaN,NaN,NaN,NaN,NaN,NaN,NaN
1093,56,6399.000,26.177,-2.749,-0.004,0.009,0.707,0.026,399,0,1.516,-1.411,744.000,200.000,790.000,280.000,26.080,-2.680,-1.230,1.980,0.590,1.990,-0.727
1094,243,6399.000,35.305,-11.318,0.004,-0.000,0.754,NaN,399,0,2.906,-1.326,1036.000,197.000,1055.000,261.000,NaN,NaN,NaN,NaN,NaN,NaN,NaN
1095,4,6400.000,23.745,-4.893,-0.002,-0.006,0.793,NaN,400,0,3.665,-1.308,879.000,200.000,911.000,278.000,NaN,NaN,NaN,NaN,NaN,NaN,NaN
1096,56,6400.000,26.171,-2.775,-0.006,-0.002,0.706,NaN,400,0,2.280,-1.241,744.000,200.000,789.000,280.000,NaN,NaN,NaN,NaN,NaN,NaN,NaN
1097,243,6400.000,35.297,-11.320,0.000,-0.000,0.754,NaN,400,0,2.906,-1.326,1037.000,198.000,1055.000,261.000,NaN,NaN,NaN,NaN,NaN,NaN,NaN
1098,4,6401.000,23.779,-4.896,0.006,-0.004,0.783,0.850,401,0,2.841,1.933,879.000,200.000,911.000,277.000,23.810,-4.870,-1.240,0.690,0.650,1.740,-0.337
1099,56,6401.000,26.182,-2.767,-0.002,-0.003,0.703,0.407,401,0,1.367,-0.296,744.000,200.000,790.000,280.000,26.190,-2.750,-1.170,0.840,0.560,1.790,-0.054
1100,243,6401.000,35.325,-11.317,0.006,0.003,0.758,0.028,401,0,-0.002,-2.242,1036.000,198.000,1055.000,261.000,35.350,-11.210,-1.270,0.740,0.720,1.790,-0.608
1101,4,6402.000,23.779,-4.894,0.006,-0.004,0.824,NaN,402,0,4.217,-1.305,878.000,200.000,910.000,275.000,NaN,NaN,NaN,NaN,NaN,NaN,NaN
1102,56,6402.000,26.350,-2.887,0.036,-0.029,0.687,0.025,402,0,0.979,-1.505,744.000,200.000,789.000,280.000,26.550,-3.030,-1.270,1.760,0.580,1.910,-0.773
1103,243,6402.000,35.349,-11.328,0.011,-0.001,0.765,NaN,402,0,3.261,-1.326,1036.000,198.000,1055.000,261.000,NaN,NaN,NaN,NaN,NaN,NaN,NaN
1104,4,6403.000,23.778,-4.896,0.006,-0.003,0.823,NaN,403,0,4.217,-1.308,879.000,200.000,910.000,276.000,NaN,NaN,NaN,NaN,NaN,NaN,NaN
1105,56,6403.000,26.389,-2.911,0.038,-0.027,0.643,NaN,403,0,1.407,-1.268,744.000,200.000,790.000,272.000,NaN,NaN,NaN,NaN,NaN,NaN,NaN
1106,243,6403.000,35.354,-11.347,0.011,-0.006,0.734,NaN,403,0,2.590,-1.326,1037.000,198.000,1056.000,261.000,NaN,NaN,NaN,NaN,NaN,NaN,NaN
1107,4,6404.000,23.838,-4.874,0.017,0.006,0.827,0.958,404,0,3.532,2.843,878.000,200.000,910.000,274.000,23.880,-4.810,-1.260,0.670,0.670,1.580,-0.692
1108,56,6404.000,26.390,-2.947,0.029,-0.028,0.649,0.437,404,0,0.873,-0.219,744.000,200.000,790.000,274.000,26.350,-2.960,-1.190,1.590,0.510,1.740,-0.810
1109,243,6404.000,35.298,-11.317,0.002,0.004,0.742,0.058,404,0,-0.186,-2.131,1037.000,198.000,1056.000,261.000,35.250,-11.240,-1.370,0.740,0.480,1.790,1.978
1110,4,6405.000,23.877,-4.845,0.019,0.013,0.829,0.731,405,0,3.532,1.175,878.000,202.000,910.000,273.000,23.910,-4.810,-1.260,0.680,0.660,1.620,-0.772
1111,56,6405.000,26.427,-2.949,0.031,-0.025,0.642,NaN,405,0,1.407,-1.277,744.000,200.000,789.000,274.000,NaN,NaN,NaN,NaN,NaN,NaN,NaN
1112,243,6405.000,35.309,-11.288,0.004,0.011,0.744,0.031,405,0,-0.186,-2.243,1037.000,198.000,1056.000,261.000,35.310,-11.200,-1.410,0.700,0.520,1.650,0.341
1113,4,6406.000,23.886,-4.877,0.015,0.003,0.830,NaN,406,0,4.351,-1.314,879.000,201.000,910.000,274.000,NaN,NaN,NaN,NaN,NaN,NaN,NaN
1114,56,6406.000,26.457,-2.942,0.033,-0.018,0.652,NaN,406,0,1.509,-1.273,744.000,200.000,790.000,273.000,NaN,NaN,NaN,NaN,NaN,NaN,NaN
1115,243,6406.000,35.303,-11.316,0.001,0.001,0.749,NaN,406,0,2.906,-1.326,1037.000,198.000,1056.000,261.000,NaN,NaN,NaN,NaN,NaN,NaN,NaN
1116,4,6407.000,23.922,-4.863,0.019,0.006,0.812,0.978,407,0,3.246,2.843,879.000,201.000,910.000,274.000,23.910,-4.860,-1.320,0.690,0.680,1.650,-0.674
1117,56,6407.000,26.283,-2.909,-0.002,-0.006,0.649,0.059,407,0,0.873,-1.239,744.000,200.000,790.000,274.000,26.170,-2.830,-1.390,0.870,0.550,1.800,0.629
1118,243,6407.000,35.295,-11.324,-0.002,-0.004,0.758,NaN,407,0,3.077,-1.326,1037.000,198.000,1056.000,261.000,NaN,NaN,NaN,NaN,NaN,NaN,NaN
1119,4,6408.000,23.966,-4.882,0.023,-0.000,0.707,0.825,408,0,2.049,1.766,881.000,203.000,911.000,274.000,23.990,-4.900,-1.370,0.730,0.610,1.720,-0.738
1120,56,6408.000,26.299,-2.894,0.005,0.000,0.008,0.667,408,0,-2.995,0.512,710.000,207.000,729.000,234.000,26.310,-2.850,-1.240,1.770,0.590,1.820,-0.765
1121,243,6408.000,35.290,-11.334,-0.005,-0.005,0.746,NaN,408,0,2.906,-1.326,1037.000,197.000,1056.000,261.000,NaN,NaN,NaN,NaN,NaN,NaN,NaN
1122,4,6409.000,23.966,-4.955,0.019,-0.019,0.776,NaN,409,0,3.460,-1.314,884.000,204.000,912.000,274.000,NaN,NaN,NaN,NaN,NaN,NaN,NaN
1123,56,6409.000,26.310,-2.887,0.007,0.003,0.647,NaN,409,0,1.509,-1.272,744.000,200.000,789.000,272.000,NaN,NaN,NaN,NaN,NaN,NaN,NaN
1124,243,6409.000,35.288,-11.343,-0.007,-0.006,0.749,NaN,409,0,2.906,-1.326,1037.000,197.000,1056.000,261.000,NaN,NaN,NaN,NaN,NaN,NaN,NaN
1125,4,6410.000,24.009,-4.973,0.025,-0.016,0.780,0.649,410,0,2.841,0.681,885.000,204.000,912.000,274.000,24.040,-4.960,-1.220,0.690,0.640,1.670,-0.324
1126,56,6410.000,26.324,-2.881,0.009,0.003,0.645,NaN,410,0,1.509,-1.270,744.000,200.000,789.000,272.000,NaN,NaN,NaN,NaN,NaN,NaN,NaN
1127,243,6410.000,35.292,-11.351,-0.006,-0.007,0.753,NaN,410,0,2.906,-1.326,1037.000,197.000,1056.000,261.000,NaN,NaN,NaN,NaN,NaN,NaN,NaN
1128,4,6411.000,24.034,-4.987,0.023,-0.013,0.814,0.307,411,0,3.246,-0.335,885.000,203.000,914.000,274.000,24.030,-5.000,-1.350,0.710,0.650,1.740,-0.646
1129,56,6411.000,26.245,-2.794,-0.003,0.023,0.642,0.277,411,0,0.809,-0.525,744.000,200.000,789.000,271.000,26.170,-2.700,-1.140,0.810,0.550,1.740,0.111
1130,243,6411.000,35.301,-11.356,-0.005,-0.006,0.744,NaN,411,0,2.746,-1.325,1037.000,197.000,1056.000,261.000,NaN,NaN,NaN,NaN,NaN,NaN,NaN
1131,4,6412.000,24.050,-5.042,0.019,-0.026,0.803,NaN,412,0,3.866,-1.305,888.000,203.000,913.000,276.000,NaN,NaN,NaN,NaN,NaN,NaN,NaN
1132,56,6412.000,26.241,-2.808,-0.004,0.014,0.684,NaN,412,0,1.846,-1.243,744.000,200.000,790.000,273.000,NaN,NaN,NaN,NaN,NaN,NaN,NaN
1133,243,6412.000,35.316,-11.347,-0.002,-0.001,0.745,NaN,412,0,2.906,-1.325,1036.000,197.000,1055.000,261.000,NaN,NaN,NaN,NaN,NaN,NaN,NaN
1134,4,6413.000,24.069,-5.090,0.021,-0.033,0.776,NaN,413,0,3.460,-1.298,889.000,205.000,915.000,276.000,NaN,NaN,NaN,NaN,NaN,NaN,NaN
1135,56,6413.000,26.156,-2.719,-0.020,0.031,0.701,0.472,413,0,1.367,-0.095,744.000,200.000,790.000,275.000,26.090,-2.630,-1.340,1.850,0.550,1.930,-0.795
1136,243,6413.000,35.240,-11.277,-0.007,0.015,0.690,0.030,413,0,-0.859,-2.242,1037.000,197.000,1054.000,261.000,35.300,-11.060,-1.190,0.510,0.580,1.800,1.483
1137,4,6414.000,24.208,-5.161,0.041,-0.040,0.716,0.080,414,0,2.207,-1.010,893.000,206.000,922.000,276.000,24.270,-5.230,-1.350,0.750,0.590,1.740,-0.534
1138,56,6414.000,26.228,-2.750,-0.003,0.021,0.713,0.861,414,0,1.516,1.893,743.000,200.000,790.000,274.000,26.310,-2.810,-1.260,1.980,0.390,1.810,-0.847
1139,243,6414.000,35.293,-11.274,0.004,0.015,0.670,0.095,414,0,-0.989,-2.002,1036.000,199.000,1053.000,261.000,35.330,-11.280,-1.230,0.880,0.540,1.780,-0.745
1140,4,6415.000,24.230,-5.239,0.039,-0.053,0.767,NaN,415,0,3.261,-1.299,896.000,203.000,926.000,277.000,NaN,NaN,NaN,NaN,NaN,NaN,NaN
1141,56,6415.000,26.222,-2.782,-0.004,0.010,0.798,NaN,415,0,3.866,-1.231,744.000,200.000,791.000,275.000,NaN,NaN,NaN,NaN,NaN,NaN,NaN
1142,243,6415.000,35.294,-11.261,0.002,0.013,0.685,NaN,415,0,1.982,-1.326,1035.000,198.000,1053.000,261.000,NaN,NaN,NaN,NaN,NaN,NaN,NaN
1143,4,6416.000,24.254,-5.282,0.038,-0.051,0.814,0.062,416,0,3.246,-1.149,898.000,201.000,929.000,275.000,24.270,-5.260,-1.270,0.820,0.580,1.770,-0.726
1144,56,6416.000,26.316,-2.846,0.018,-0.006,0.787,0.067,416,0,2.294,-1.145,744.000,200.000,791.000,272.000,26.400,-2.970,-1.180,1.640,0.560,1.690,-0.765
1145,243,6416.000,35.291,-11.258,-0.001,0.011,0.707,NaN,416,0,2.280,-1.326,1035.000,198.000,1053.000,261.000,NaN,NaN,NaN,NaN,NaN,NaN,NaN
1146,4,6417.000,24.285,-5.368,0.036,-0.062,0.830,NaN,417,0,4.351,-1.305,900.000,202.000,934.000,278.000,NaN,NaN,NaN,NaN,NaN,NaN,NaN
1147,56,6417.000,26.330,-2.871,0.018,-0.010,0.791,NaN,417,0,3.665,-1.256,745.000,200.000,790.000,271.000,NaN,NaN,NaN,NaN,NaN,NaN,NaN
1148,243,6417.000,35.261,-11.220,-0.005,0.018,0.739,0.020,417,0,-0.186,-2.254,1033.000,198.000,1049.000,261.000,35.210,-11.130,-1.250,1.100,0.490,1.920,2.200
1149,4,6418.000,24.315,-5.453,0.034,-0.068,0.821,NaN,418,0,4.217,-1.305,902.000,201.000,940.000,277.000,NaN,NaN,NaN,NaN,NaN,NaN,NaN
1150,56,6418.000,26.339,-2.899,0.016,-0.014,0.783,NaN,418,0,3.460,-1.262,746.000,200.000,791.000,272.000,NaN,NaN,NaN,NaN,NaN,NaN,NaN
1151,243,6418.000,35.274,-11.161,0.001,0.028,0.778,NaN,418,0,3.460,-1.326,1031.000,198.000,1048.000,261.000,NaN,NaN,NaN,NaN,NaN,NaN,NaN
1152,4,6419.000,24.343,-5.487,0.037,-0.064,0.835,0.815,419,0,3.532,1.623,905.000,202.000,941.000,278.000,24.390,-5.440,-1.220,0.640,0.790,1.560,-0.502
1153,56,6419.000,26.348,-2.923,0.014,-0.015,0.788,NaN,419,0,3.665,-1.270,747.000,200.000,791.000,271.000,NaN,NaN,NaN,NaN,NaN,NaN,NaN
1154,243,6419.000,35.281,-11.133,0.004,0.027,0.781,NaN,419,0,3.460,-1.326,1030.000,196.000,1048.000,261.000,NaN,NaN,NaN,NaN,NaN,NaN,NaN
1155,4,6420.000,24.393,-5.547,0.041,-0.063,0.833,0.971,420,0,3.532,2.843,906.000,202.000,944.000,279.000,24.440,-5.540,-1.140,0.780,0.640,1.590,-0.413
1156,56,6420.000,26.356,-2.945,0.014,-0.015,0.796,NaN,420,0,3.866,-1.278,749.000,200.000,791.000,270.000,NaN,NaN,NaN,NaN,NaN,NaN,NaN
1157,243,6420.000,35.281,-11.109,0.003,0.027,0.777,NaN,420,0,3.460,-1.326,1029.000,197.000,1048.000,262.000,NaN,NaN,NaN,NaN,NaN,NaN,NaN
1158,4,6421.000,24.421,-5.651,0.038,-0.073,0.809,NaN,421,0,4.053,-1.319,913.000,202.000,946.000,281.000,NaN,NaN,NaN,NaN,NaN,NaN,NaN
1159,56,6421.000,26.349,-2.967,0.012,-0.015,0.664,NaN,421,0,1.613,-1.281,751.000,200.000,792.000,271.000,NaN,NaN,NaN,NaN,NaN,NaN,NaN
1160,243,6421.000,35.289,-11.071,0.003,0.030,0.819,NaN,421,0,4.217,-1.326,1023.000,198.000,1048.000,262.000,NaN,NaN,NaN,NaN,NaN,NaN,NaN
1161,4,6422.000,24.466,-5.678,0.042,-0.058,0.822,0.963,422,0,3.391,2.843,915.000,202.000,946.000,281.000,24.500,-5.610,-1.240,0.690,0.770,1.630,-0.442
1162,56,6422.000,26.359,-2.994,0.011,-0.019,0.652,NaN,422,0,1.509,-1.285,752.000,200.000,793.000,272.000,NaN,NaN,NaN,NaN,NaN,NaN,NaN
1163,243,6422.000,35.116,-10.960,-0.022,0.044,0.794,0.031,422,0,0.190,-2.244,1023.000,198.000,1048.000,262.000,35.070,-10.810,-1.210,0.790,0.620,1.810,-1.659
1164,4,6423.000,24.537,-5.709,0.047,-0.049,0.785,0.969,423,0,2.512,3.500,916.000,202.000,948.000,294.000,24.570,-5.670,-1.230,0.810,0.700,1.780,-0.703
1165,56,6423.000,26.514,-3.079,0.030,-0.031,0.577,0.383,423,0,0.273,-0.451,755.000,199.000,796.000,270.000,26.520,-3.120,-1.150,1.740,0.590,1.720,-0.936
1166,243,6423.000,35.006,-10.861,-0.032,0.055,0.830,0.016,423,0,0.735,-2.255,1023.000,198.000,1044.000,262.000,34.910,-10.770,-1.140,0.880,0.500,1.740,2.781
1167,4,6424.000,24.588,-5.763,0.049,-0.051,0.827,NaN,424,0,4.413,-1.324,916.000,200.000,948.000,281.000,NaN,NaN,NaN,NaN,NaN,NaN,NaN
1168,56,6424.000,26.534,-3.125,0.028,-0.036,0.389,NaN,424,0,-0.423,-1.297,758.000,199.000,798.000,272.000,NaN,NaN,NaN,NaN,NaN,NaN,NaN
1169,243,6424.000,34.974,-10.802,-0.034,0.057,0.743,NaN,424,0,2.746,-1.327,1020.000,197.000,1040.000,261.000,NaN,NaN,NaN,NaN,NaN,NaN,NaN
1170,4,6425.000,24.658,-5.795,0.057,-0.045,0.808,0.989,425,0,2.898,3.500,917.000,200.000,948.000,286.000,24.680,-5.740,-1.180,0.690,0.740,1.780,-0.374
1171,56,6425.000,26.528,-3.126,0.023,-0.029,0.570,0.249,425,0,0.216,-0.711,760.000,199.000,800.000,277.000,26.510,-3.060,-1.230,0.740,0.820,1.630,-0.706
1172,243,6425.000,34.949,-10.725,-0.034,0.061,0.783,0.162,425,0,0.137,-1.808,1018.000,197.000,1039.000,261.000,34.960,-10.670,-1.200,0.670,0.530,1.790,2.411
1173,4,6426.000,24.730,-5.825,0.061,-0.039,0.838,0.999,426,0,3.434,3.500,921.000,201.000,951.000,289.000,24.740,-5.800,-1.220,0.730,0.660,1.670,-0.768
1174,56,6426.000,26.596,-3.241,0.029,-0.049,0.790,0.972,426,0,1.992,6.369,763.000,198.000,801.000,277.000,26.680,-3.350,-1.170,1.710,0.560,1.860,-1.003
1175,243,6426.000,34.908,-10.621,-0.036,0.072,0.721,0.563,426,0,-0.438,-0.842,1015.000,197.000,1035.000,261.000,34.900,-10.510,-1.200,0.980,0.440,1.850,2.449
1176,4,6427.000,24.785,-5.908,0.060,-0.051,0.829,NaN,427,0,4.413,-1.325,924.000,203.000,955.000,286.000,NaN,NaN,NaN,NaN,NaN,NaN,NaN
1177,56,6427.000,26.623,-3.306,0.029,-0.052,0.773,NaN,427,0,3.261,-1.299,768.000,199.000,805.000,274.000,NaN,NaN,NaN,NaN,NaN,NaN,NaN
1178,243,6427.000,34.860,-10.553,-0.037,0.069,0.746,NaN,427,0,2.906,-1.327,1011.000,200.000,1034.000,262.000,NaN,NaN,NaN,NaN,NaN,NaN,NaN
1179,4,6428.000,24.835,-5.927,0.057,-0.044,0.811,0.985,428,0,2.898,3.500,926.000,202.000,957.000,286.000,24.800,-5.870,-1.230,0.920,0.450,1.810,2.415
1180,56,6428.000,26.705,-3.395,0.041,-0.060,0.761,0.321,428,0,1.766,-0.579,770.000,199.000,809.000,274.000,26.770,-3.440,-1.250,1.780,0.550,1.820,-0.906
1181,243,6428.000,34.790,-10.456,-0.045,0.076,0.781,0.992,428,0,0.137,2.704,1009.000,198.000,1036.000,262.000,34.770,-10.390,-1.230,0.960,0.470,1.800,2.030
1182,4,6429.000,24.905,-5.988,0.059,-0.048,0.828,0.992,429,0,3.241,3.500,929.000,202.000,959.000,284.000,24.910,-6.020,-1.230,0.760,0.560,1.590,-0.977
1183,56,6429.000,26.778,-3.481,0.050,-0.065,0.817,0.899,429,0,2.448,3.230,775.000,199.000,812.000,278.000,26.820,-3.520,-1.270,1.770,0.550,1.960,-0.706
1184,243,6429.000,34.751,-10.369,-0.043,0.079,0.776,0.842,429,0,0.137,0.545,1005.000,197.000,1034.000,262.000,34.780,-10.350,-1.120,1.040,0.440,1.910,2.011
1185,4,6430.000,24.956,-6.096,0.058,-0.060,0.775,NaN,430,0,3.620,-1.325,931.000,204.000,964.000,287.000,NaN,NaN,NaN,NaN,NaN,NaN,NaN
1186,56,6430.000,26.829,-3.557,0.052,-0.069,0.805,NaN,430,0,4.175,-1.316,779.000,198.000,817.000,279.000,NaN,NaN,NaN,NaN,NaN,NaN,NaN
1187,243,6430.000,34.695,-10.341,-0.047,0.064,0.808,NaN,430,0,4.053,-1.327,1004.000,197.000,1032.000,262.000,NaN,NaN,NaN,NaN,NaN,NaN,NaN
1188,4,6431.000,24.993,-6.134,0.054,-0.053,0.786,0.935,431,0,2.620,3.500,933.000,203.000,966.000,290.000,24.980,-6.100,-1.290,0.790,0.630,1.730,-0.732
1189,56,6431.000,26.873,-3.608,0.048,-0.063,0.817,0.858,431,0,2.448,1.795,782.000,198.000,818.000,278.000,26.840,-3.590,-1.220,1.850,0.560,1.800,-0.811
1190,243,6431.000,34.624,-10.261,-0.052,0.068,0.677,0.820,431,0,-0.940,0.244,1004.000,197.000,1029.000,258.000,34.600,-10.190,-1.140,0.900,0.480,1.730,1.990
1191,4,6432.000,25.047,-6.231,0.052,-0.063,0.819,0.227,432,0,3.064,-0.624,939.000,200.000,974.000,288.000,25.050,-6.300,-1.270,0.640,0.750,1.640,-0.518
1192,56,6432.000,26.952,-3.694,0.053,-0.069,0.791,0.844,432,0,1.992,1.464,787.000,199.000,824.000,276.000,26.980,-3.740,-1.280,1.880,0.580,1.910,-0.771
1193,243,6432.000,34.569,-10.144,-0.050,0.079,0.211,0.896,432,0,-3.270,2.704,1001.000,199.000,1020.000,262.000,34.580,-9.990,-1.220,1.010,0.590,1.800,2.337
1194,4,6433.000,25.093,-6.364,0.050,-0.079,0.799,NaN,433,0,4.010,-1.326,943.000,199.000,979.000,283.000,NaN,NaN,NaN,NaN,NaN,NaN,NaN
1195,56,6433.000,27.004,-3.802,0.053,-0.076,0.788,NaN,433,0,3.665,-1.320,793.000,199.000,828.000,275.000,NaN,NaN,NaN,NaN,NaN,NaN,NaN
1196,243,6433.000,34.527,-10.075,-0.048,0.079,0.701,NaN,433,0,2.128,-1.327,997.000,199.000,1018.000,263.000,NaN,NaN,NaN,NaN,NaN,NaN,NaN
1197,4,6434.000,25.150,-6.427,0.052,-0.074,0.793,0.997,434,0,2.620,3.500,945.000,200.000,981.000,289.000,25.160,-6.410,-1.290,0.690,0.740,1.760,-0.630
1198,56,6434.000,27.160,-3.929,0.074,-0.085,0.791,0.075,434,0,1.992,-1.232,795.000,199.000,831.000,277.000,27.230,-3.960,-1.320,1.820,0.570,1.840,-0.699
1199,243,6434.000,34.448,-9.950,-0.050,0.090,0.694,0.788,434,0,-0.643,0.200,995.000,201.000,1018.000,263.000,34.430,-9.810,-1.270,0.920,0.550,1.900,1.998
1200,4,6435.000,25.232,-6.498,0.059,-0.074,0.807,1.000,435,0,2.898,3.500,948.000,201.000,989.000,289.000,25.270,-6.500,-1.320,0.800,0.650,1.760,-0.943
1201,56,6435.000,27.230,-4.022,0.072,-0.086,0.756,0.701,435,0,1.766,0.556,799.000,200.000,835.000,278.000,27.220,-4.020,-1.190,0.940,0.580,1.910,-0.850
1202,243,6435.000,34.383,-9.808,-0.050,0.102,0.602,0.939,435,0,-1.181,2.532,991.000,203.000,1014.000,263.000,34.350,-9.650,-1.270,0.900,0.460,1.850,2.064
1203,4,6436.000,25.281,-6.606,0.057,-0.083,0.845,NaN,436,0,4.491,-1.327,951.000,203.000,991.000,288.000,NaN,NaN,NaN,NaN,NaN,NaN,NaN
1204,56,6436.000,27.300,-4.101,0.072,-0.085,0.758,NaN,436,0,3.077,-1.322,804.000,200.000,836.000,279.000,NaN,NaN,NaN,NaN,NaN,NaN,NaN
1205,243,6436.000,34.319,-9.773,-0.056,0.087,0.718,NaN,436,0,2.206,-1.327,988.000,203.000,1015.000,263.000,NaN,NaN,NaN,NaN,NaN,NaN,NaN
1206,4,6437.000,25.344,-6.649,0.059,-0.072,0.806,0.997,437,0,2.898,3.500,953.000,203.000,991.000,288.000,25.360,-6.600,-1.260,0.850,0.580,1.700,-0.973
1207,56,6437.000,27.428,-4.236,0.083,-0.093,0.791,0.027,437,0,1.992,-1.566,806.000,200.000,841.000,276.000,27.450,-4.320,-1.250,1.820,0.540,1.880,-0.689
1208,243,6437.000,34.283,-9.659,-0.051,0.094,0.772,0.987,437,0,0.267,2.532,986.000,203.000,1014.000,263.000,34.310,-9.580,-1.250,1.000,0.500,1.860,2.296
1209,4,6438.000,25.405,-6.704,0.060,-0.067,0.781,0.998,438,0,2.512,3.500,957.000,202.000,991.000,288.000,25.430,-6.680,-1.220,0.720,0.710,1.570,-0.684
1210,56,6438.000,27.475,-4.332,0.074,-0.092,0.799,0.547,438,0,2.108,0.048,812.000,200.000,848.000,279.000,27.430,-4.330,-1.220,0.860,0.600,1.790,-0.832
1211,243,6438.000,34.183,-9.530,-0.058,0.102,0.799,0.854,438,0,0.476,0.874,984.000,198.000,1010.000,263.000,34.110,-9.460,-1.240,0.880,0.460,1.800,2.245
1212,4,6439.000,25.457,-6.803,0.059,-0.076,0.779,NaN,439,0,3.620,-1.327,960.000,201.000,994.000,288.000,NaN,NaN,NaN,NaN,NaN,NaN,NaN
1213,56,6439.000,27.546,-4.447,0.072,-0.098,0.676,NaN,439,0,1.846,-1.325,817.000,199.000,856.000,277.000,NaN,NaN,NaN,NaN,NaN,NaN,NaN
1214,243,6439.000,34.103,-9.514,-0.063,0.079,0.156,NaN,439,0,-1.689,-1.327,984.000,203.000,999.000,262.000,NaN,NaN,NaN,NaN,NaN,NaN,NaN
1215,4,6440.000,25.526,-6.863,0.059,-0.073,0.815,0.999,440,0,2.567,4.938,961.000,199.000,993.000,288.000,25.540,-6.830,-1.240,0.720,0.670,1.610,-0.692
1216,56,6440.000,27.557,-4.485,0.057,-0.082,0.709,0.230,440,0,1.004,-0.877,819.000,200.000,860.000,276.000,27.520,-4.390,-1.260,0.930,0.610,1.870,-0.196
1217,243,6440.000,34.050,-9.439,-0.059,0.078,0.044,0.073,440,0,-4.254,-1.983,984.000,199.000,999.000,262.000,34.050,-9.430,-1.270,0.780,0.450,1.750,2.013
1218,4,6441.000,25.608,-6.909,0.065,-0.068,0.812,1.000,441,0,2.567,4.938,965.000,198.000,995.000,289.000,25.640,-6.880,-1.250,0.680,0.760,1.550,-0.590
1219,56,6441.000,27.590,-4.536,0.051,-0.075,0.724,0.125,441,0,1.142,-1.156,824.000,199.000,864.000,276.000,27.590,-4.470,-1.220,0.880,0.610,1.750,-0.263
1220,243,6441.000,33.991,-9.360,-0.059,0.078,NaN,NaN,441,0,-2.080,-1.327,NaN,NaN,NaN,NaN,NaN,NaN,NaN,NaN,NaN,NaN,NaN
1221,4,6442.000,25.664,-7.003,0.064,-0.076,0.807,NaN,442,0,4.175,-1.327,967.000,198.000,1003.000,288.000,NaN,NaN,NaN,NaN,NaN,NaN,NaN
1222,56,6442.000,27.643,-4.614,0.050,-0.075,0.409,NaN,442,0,-0.332,-1.322,830.000,200.000,855.000,274.000,NaN,NaN,NaN,NaN,NaN,NaN,NaN
1223,243,6442.000,33.935,-9.283,-0.057,0.078,NaN,NaN,442,0,-2.080,-1.327,NaN,NaN,NaN,NaN,NaN,NaN,NaN,NaN,NaN,NaN,NaN
1224,4,6443.000,25.691,-7.062,0.057,-0.072,0.785,0.989,443,0,2.294,4.938,968.000,200.000,1004.000,288.000,25.670,-7.050,-1.230,1.050,0.640,1.720,-0.812
1225,56,6443.000,27.697,-4.658,0.054,-0.066,0.682,0.632,443,0,0.629,0.143,833.000,199.000,870.000,276.000,27.740,-4.580,-1.140,0.830,0.530,1.660,-0.628
1226,243,6443.000,33.877,-9.203,-0.057,0.079,NaN,NaN,443,0,0.179,-1.327,NaN,NaN,NaN,NaN,NaN,NaN,NaN,NaN,NaN,NaN,NaN
1227,4,6444.000,25.772,-7.131,0.062,-0.070,0.785,0.989,444,0,2.198,4.938,972.000,202.000,1007.000,289.000,25.790,-7.120,-1.240,0.820,0.650,1.760,-0.565
1228,56,6444.000,27.754,-4.800,0.055,-0.087,0.294,NaN,444,0,-0.835,-1.308,838.000,200.000,876.000,273.000,NaN,NaN,NaN,NaN,NaN,NaN,NaN
1229,243,6444.000,33.792,-8.953,-0.062,0.114,0.611,0.315,444,0,-1.143,-1.314,964.000,194.000,986.000,263.000,33.780,-8.860,-1.140,0.790,0.570,1.750,-1.550
1230,4,6445.000,25.832,-7.211,0.062,-0.072,0.843,NaN,445,0,4.474,-1.327,975.000,201.000,1008.000,288.000,NaN,NaN,NaN,NaN,NaN,NaN,NaN
1231,56,6445.000,27.806,-4.958,0.053,-0.105,0.154,NaN,445,0,-1.472,-1.253,845.000,200.000,881.000,279.000,NaN,NaN,NaN,NaN,NaN,NaN,NaN
1232,243,6445.000,33.730,-8.840,-0.062,0.113,NaN,NaN,445,0,-1.369,-1.327,NaN,NaN,NaN,NaN,NaN,NaN,NaN,NaN,NaN,NaN,NaN
1233,4,6446.000,25.854,-7.246,0.055,-0.064,0.848,0.938,446,0,3.449,4.938,977.000,202.000,1008.000,287.000,25.820,-7.180,-1.280,0.810,0.630,1.790,2.030
1234,56,6446.000,27.805,-5.185,0.042,-0.132,0.034,NaN,446,0,-2.496,-1.176,862.000,210.000,884.000,261.000,NaN,NaN,NaN,NaN,NaN,NaN,NaN
1235,243,6446.000,33.685,-8.783,-0.060,0.103,0.720,0.843,446,0,-0.229,0.668,961.000,194.000,984.000,263.000,33.700,-8.820,-1.200,0.930,0.450,1.780,1.937
1236,4,6447.000,25.928,-7.307,0.059,-0.061,0.825,1.000,447,0,2.951,4.938,982.000,201.000,1012.000,284.000,25.960,-7.320,-1.220,0.800,0.680,1.790,-0.845
1237,56,6447.000,28.170,-5.345,0.095,-0.135,0.638,0.355,447,0,0.341,-0.564,863.000,196.000,889.000,267.000,28.360,-5.330,-1.090,1.020,0.710,1.670,-0.583
1238,243,6447.000,33.621,-8.673,-0.061,0.105,0.781,0.558,447,0,0.336,-0.725,958.000,194.000,980.000,263.000,33.610,-8.650,-1.220,0.780,0.620,1.810,2.217
1239,4,6448.000,25.968,-7.413,0.054,-0.073,0.813,NaN,448,0,4.175,-1.327,986.000,201.000,1018.000,286.000,NaN,NaN,NaN,NaN,NaN,NaN,NaN
1240,56,6448.000,28.269,-5.489,0.096,-0.137,0.747,NaN,448,0,2.906,-1.303,864.000,196.000,895.000,272.000,NaN,NaN,NaN,NaN,NaN,NaN,NaN
1241,243,6448.000,33.544,-8.686,-0.065,0.089,0.807,NaN,448,0,4.053,-1.327,954.000,196.000,981.000,263.000,NaN,NaN,NaN,NaN,NaN,NaN,NaN
1242,4,6449.000,26.015,-7.457,0.054,-0.064,0.835,0.634,449,0,2.951,0.377,986.000,201.000,1023.000,285.000,26.010,-7.430,-1.330,0.810,0.610,1.780,-0.494
1243,56,6449.000,28.422,-5.600,0.107,-0.127,0.781,0.034,449,0,1.385,-1.695,865.000,195.000,897.000,272.000,28.560,-5.470,-1.190,0.670,0.670,1.860,-0.317
1244,243,6449.000,33.492,-8.576,-0.067,0.096,0.787,0.290,449,0,0.401,-1.349,952.000,197.000,983.000,263.000,33.500,-8.520,-1.070,0.740,0.710,1.720,-0.052
1245,4,6450.000,26.093,-7.515,0.063,-0.063,0.845,0.963,450,0,3.449,4.938,990.000,201.000,1028.000,285.000,26.140,-7.510,-1.240,0.800,0.580,1.640,-1.072
1246,56,6450.000,28.584,-5.750,0.116,-0.128,0.571,0.057,450,0,-0.235,-1.512,871.000,194.000,897.000,270.000,28.670,-5.750,-1.210,1.940,0.580,1.840,-0.667
1247,243,6450.000,33.443,-8.460,-0.064,0.103,0.765,0.974,450,0,0.467,2.454,948.000,199.000,977.000,264.000,33.440,-8.410,-1.190,0.760,0.660,1.750,-0.788
1248,4,6451.000,26.131,-7.633,0.059,-0.078,0.803,NaN,451,0,4.010,-1.327,993.000,201.000,1032.000,284.000,NaN,NaN,NaN,NaN,NaN,NaN,NaN
1249,56,6451.000,28.705,-5.899,0.117,-0.132,0.385,NaN,451,0,-0.429,-1.317,878.000,196.000,911.000,258.000,NaN,NaN,NaN,NaN,NaN,NaN,NaN
1250,243,6451.000,33.360,-8.439,-0.071,0.083,0.743,NaN,451,0,2.746,-1.326,947.000,200.000,974.000,264.000,NaN,NaN,NaN,NaN,NaN,NaN,NaN
1251,4,6452.000,26.205,-7.682,0.061,-0.070,0.817,0.977,452,0,2.747,4.938,995.000,201.000,1034.000,283.000,26.240,-7.620,-1.270,0.800,0.670,1.730,-0.389
1252,56,6452.000,28.735,-5.939,0.101,-0.113,0.424,0.875,452,0,-1.173,2.109,879.000,196.000,911.000,269.000,28.660,-5.790,-1.080,0.760,0.660,1.580,-0.107
1253,243,6452.000,33.319,-8.334,-0.066,0.089,0.809,0.799,452,0,0.827,0.350,945.000,199.000,974.000,264.000,33.330,-8.270,-1.140,0.850,0.630,1.700,-0.886
1254,4,6453.000,26.284,-7.762,0.063,-0.073,0.800,1.000,453,0,2.415,4.938,998.000,200.000,1034.000,284.000,26.320,-7.770,-1.210,0.720,0.630,1.570,-0.288
1255,56,6453.000,28.854,-6.041,0.104,-0.111,0.432,0.544,453,0,-1.114,-0.217,886.000,196.000,913.000,252.000,28.900,-6.000,-1.200,0.850,0.530,1.820,-0.599
1256,243,6453.000,33.254,-8.232,-0.067,0.092,0.803,0.164,453,0,0.700,-1.595,942.000,199.000,967.000,264.000,33.250,-8.180,-1.190,0.770,0.550,1.830,-0.657
1257,4,6454.000,26.339,-7.874,0.064,-0.082,0.764,NaN,454,0,3.236,-1.327,1002.000,200.000,1035.000,282.000,NaN,NaN,NaN,NaN,NaN,NaN,NaN
1258,56,6454.000,28.949,-6.193,0.100,-0.120,0.528,NaN,454,0,0.468,-1.306,892.000,197.000,924.000,269.000,NaN,NaN,NaN,NaN,NaN,NaN,NaN
1259,243,6454.000,33.173,-8.192,-0.071,0.080,0.782,NaN,454,0,3.460,-1.326,938.000,194.000,961.000,263.000,NaN,NaN,NaN,NaN,NaN,NaN,NaN
1260,4,6455.000,26.402,-7.917,0.065,-0.074,0.749,0.994,455,0,1.976,4.938,1003.000,197.000,1036.000,283.000,26.410,-7.860,-1.230,0.650,0.550,1.800,-0.433
1261,56,6455.000,29.046,-6.332,0.099,-0.126,0.642,NaN,455,0,1.407,-1.296,895.000,197.000,928.000,274.000,NaN,NaN,NaN,NaN,NaN,NaN,NaN
1262,243,6455.000,33.114,-8.119,-0.069,0.081,0.803,0.065,455,0,0.700,-1.922,935.000,193.000,958.000,264.000,33.140,-8.120,-1.220,0.810,0.620,1.750,-0.771
1263,4,6456.000,26.466,-7.969,0.064,-0.070,0.805,0.992,456,0,2.567,4.938,1005.000,199.000,1034.000,281.000,26.480,-7.940,-1.230,0.790,0.690,1.720,-0.805
1264,56,6456.000,29.323,-6.509,0.136,-0.137,0.686,0.654,456,0,0.497,0.089,901.000,195.000,938.000,275.000,29.480,-6.600,-1.240,1.780,0.570,1.980,-0.887
1265,243,6456.000,33.029,-8.009,-0.072,0.088,0.704,0.890,456,0,-0.297,2.001,934.000,192.000,956.000,264.000,33.010,-7.940,-1.010,0.970,0.440,1.790,2.268
1266,4,6457.000,26.527,-8.072,0.064,-0.078,0.848,NaN,457,0,4.491,-1.327,1008.000,198.000,1045.000,281.000,NaN,NaN,NaN,NaN,NaN,NaN,NaN
1267,56,6457.000,29.405,-7.040,0.137,-0.246,0.051,NaN,457,0,-2.523,-1.313,934.000,194.000,952.000,242.000,NaN,NaN,NaN,NaN,NaN,NaN,NaN
1268,243,6457.000,32.973,-7.812,-0.066,0.115,0.682,NaN,457,0,1.846,-1.326,915.000,195.000,945.000,266.000,NaN,NaN,NaN,NaN,NaN,NaN,NaN
1269,4,6458.000,26.572,-8.099,0.062,-0.065,0.845,0.991,458,0,3.225,6.369,1009.000,201.000,1047.000,281.000,26.560,-8.020,-1.280,0.770,0.570,1.770,-0.930
1270,56,6458.000,29.459,-7.220,0.127,-0.222,0.099,NaN,458,0,-1.826,-1.327,932.000,194.000,954.000,267.000,NaN,NaN,NaN,NaN,NaN,NaN,NaN
1271,243,6458.000,32.906,-7.697,-0.067,0.115,NaN,NaN,458,0,-2.408,-1.327,NaN,NaN,NaN,NaN,NaN,NaN,NaN,NaN,NaN,NaN,NaN
1272,4,6459.000,26.634,-8.162,0.065,-0.065,0.759,0.897,459,0,1.766,3.230,1014.000,201.000,1049.000,281.000,26.640,-8.180,-1.230,0.840,0.560,1.750,-0.735
1273,56,6459.000,29.586,-7.441,0.127,-0.221,NaN,NaN,459,0,-2.339,-1.327,NaN,NaN,NaN,NaN,NaN,NaN,NaN,NaN,NaN,NaN,NaN
1274,243,6459.000,32.840,-7.582,-0.066,0.115,NaN,NaN,459,0,-2.506,-1.327,NaN,NaN,NaN,NaN,NaN,NaN,NaN,NaN,NaN,NaN,NaN
1275,4,6460.000,26.694,-8.248,0.064,-0.071,0.841,NaN,460,0,4.474,-1.326,1015.000,199.000,1049.000,283.000,NaN,NaN,NaN,NaN,NaN,NaN,NaN
1276,56,6460.000,29.713,-7.662,0.128,-0.220,NaN,NaN,460,0,-2.206,-1.327,NaN,NaN,NaN,NaN,NaN,NaN,NaN,NaN,NaN,NaN,NaN
1277,243,6460.000,32.773,-7.468,-0.067,0.114,NaN,NaN,460,0,-2.506,-1.327,NaN,NaN,NaN,NaN,NaN,NaN,NaN,NaN,NaN,NaN,NaN
1278,4,6461.000,26.771,-8.322,0.066,-0.074,0.838,0.914,461,0,2.927,4.589,1017.000,200.000,1049.000,282.000,26.780,-8.330,-1.160,0.720,0.700,1.620,-0.758
1279,56,6461.000,29.843,-7.883,0.129,-0.222,NaN,NaN,461,0,-2.324,-1.376,NaN,NaN,NaN,NaN,NaN,NaN,NaN,NaN,NaN,NaN,NaN
1280,243,6461.000,32.622,-7.518,-0.087,0.087,0.103,NaN,461,0,-2.036,-1.326,919.000,197.000,936.000,247.000,NaN,NaN,NaN,NaN,NaN,NaN,NaN
1281,4,6462.000,26.872,-8.423,0.073,-0.081,0.834,0.921,462,0,2.672,6.369,1022.000,200.000,1055.000,281.000,26.920,-8.450,-1.100,0.750,0.720,1.670,-0.555
1282,56,6462.000,29.973,-8.106,0.131,-0.222,NaN,NaN,462,0,-2.143,-1.327,NaN,NaN,NaN,NaN,NaN,NaN,NaN,NaN,NaN,NaN,NaN
1283,243,6462.000,32.496,-7.459,-0.093,0.082,0.515,NaN,462,0,0.165,-1.327,916.000,192.000,940.000,251.000,NaN,NaN,NaN,NaN,NaN,NaN,NaN
1284,4,6463.000,26.940,-8.545,0.071,-0.093,0.812,NaN,463,0,4.175,-1.326,1026.000,199.000,1058.000,280.000,NaN,NaN,NaN,NaN,NaN,NaN,NaN
1285,56,6463.000,30.111,-8.158,0.137,-0.191,0.029,NaN,463,0,-2.539,-1.327,965.000,195.000,990.000,264.000,NaN,NaN,NaN,NaN,NaN,NaN,NaN
1286,243,6463.000,32.387,-7.420,-0.095,0.068,0.723,NaN,463,0,2.434,-1.327,915.000,192.000,942.000,267.000,NaN,NaN,NaN,NaN,NaN,NaN,NaN
1287,4,6464.000,26.975,-8.604,0.065,-0.085,0.819,0.989,464,0,2.448,6.369,1027.000,198.000,1060.000,280.000,26.940,-8.520,-1.110,0.700,0.700,1.600,-1.000
1288,56,6464.000,30.272,-8.350,0.140,-0.190,0.057,NaN,464,0,-2.397,-1.327,974.000,198.000,999.000,246.000,NaN,NaN,NaN,NaN,NaN,NaN,NaN
1289,243,6464.000,32.310,-7.411,-0.092,0.051,0.781,NaN,464,0,3.460,-1.326,915.000,193.000,942.000,266.000,NaN,NaN,NaN,NaN,NaN,NaN,NaN
1290,4,6465.000,27.033,-8.641,0.064,-0.072,0.832,0.922,465,0,2.672,6.369,1029.000,201.000,1064.000,280.000,27.040,-8.570,-1.200,0.360,0.450,1.760,-1.293
1291,56,6465.000,30.531,-8.407,0.168,-0.151,0.013,0.733,465,0,-3.827,0.277,970.000,190.000,993.000,216.000,30.670,-7.970,-1.200,1.720,0.530,1.960,-0.644
1292,243,6465.000,32.363,-7.372,-0.072,0.056,0.756,0.024,465,0,0.597,-1.989,913.000,196.000,939.000,269.000,32.360,-7.300,-1.180,0.620,0.630,1.840,-1.402
1293,4,6466.000,27.093,-8.730,0.063,-0.077,0.822,NaN,466,0,4.311,-1.326,1033.000,198.000,1064.000,280.000,NaN,NaN,NaN,NaN,NaN,NaN,NaN
1294,56,6466.000,30.699,-8.558,0.168,-0.150,NaN,NaN,466,0,-2.571,-1.327,NaN,NaN,NaN,NaN,NaN,NaN,NaN,NaN,NaN,NaN,NaN
1295,243,6466.000,32.290,-7.327,-0.071,0.054,0.768,NaN,466,0,3.261,-1.326,909.000,194.000,935.000,267.000,NaN,NaN,NaN,NaN,NaN,NaN,NaN
1296,4,6467.000,27.171,-8.771,0.068,-0.068,0.797,0.489,467,0,2.108,-0.137,1034.000,198.000,1065.000,280.000,27.200,-8.670,-1.200,0.830,0.540,1.750,-0.981
1297,56,6467.000,30.866,-8.708,0.167,-0.150,NaN,NaN,467,0,-2.483,-1.327,NaN,NaN,NaN,NaN,NaN,NaN,NaN,NaN,NaN,NaN,NaN
1298,243,6467.000,32.253,-7.250,-0.067,0.062,0.779,0.044,467,0,0.741,-1.932,907.000,193.000,933.000,267.000,32.250,-7.150,-0.960,0.730,0.670,1.750,-1.035
1299,4,6468.000,27.283,-8.854,0.077,-0.071,0.775,0.017,468,0,1.832,-1.600,1036.000,199.000,1065.000,281.000,27.350,-8.880,-1.260,0.750,0.690,1.760,-1.314
1300,56,6468.000,31.247,-8.452,0.215,-0.114,0.047,NaN,468,0,-2.998,-1.327,974.000,190.000,982.000,204.000,NaN,NaN,NaN,NaN,NaN,NaN,NaN
1301,243,6468.000,32.155,-7.118,-0.070,0.078,0.785,0.032,468,0,0.741,-1.963,903.000,193.000,927.000,270.000,32.100,-6.980,-1.070,0.750,0.670,1.750,-0.812
1302,4,6469.000,27.359,-8.913,0.076,-0.069,0.740,NaN,469,0,2.907,-1.324,1039.000,198.000,1065.000,280.000,NaN,NaN,NaN,NaN,NaN,NaN,NaN
1303,56,6469.000,31.467,-8.554,0.219,-0.103,0.189,NaN,469,0,-1.693,-1.327,968.000,191.000,982.000,230.000,NaN,NaN,NaN,NaN,NaN,NaN,NaN
1304,243,6469.000,32.101,-7.035,-0.064,0.078,0.711,NaN,469,0,2.280,-1.309,900.000,192.000,923.000,265.000,NaN,NaN,NaN,NaN,NaN,NaN,NaN
1305,4,6470.000,27.422,-8.955,0.073,-0.063,0.715,0.593,470,0,1.397,0.163,1042.000,198.000,1065.000,281.000,27.420,-8.860,-1.170,0.810,0.670,1.740,-2.323
1306,56,6470.000,31.689,-8.611,0.222,-0.074,0.025,NaN,470,0,-2.816,-1.327,965.000,191.000,983.000,246.000,NaN,NaN,NaN,NaN,NaN,NaN,NaN
1307,243,6470.000,32.566,-7.116,0.014,0.060,0.711,0.020,470,0,-0.152,-2.039,897.000,192.000,925.000,266.000,33.360,-8.130,-1.130,1.810,0.600,1.880,-1.398
1308,4,6471.000,27.526,-9.004,0.080,-0.061,0.715,0.285,471,0,1.004,-0.709,1043.000,197.000,1065.000,279.000,27.570,-8.930,-1.170,0.600,0.630,1.760,-1.883
1309,56,6471.000,31.911,-8.684,0.222,-0.074,NaN,NaN,471,0,-0.012,2.454,NaN,NaN,NaN,NaN,NaN,NaN,NaN,NaN,NaN,NaN,NaN
1310,243,6471.000,32.574,-7.073,0.017,0.051,0.604,0.084,471,0,-0.946,-1.793,937.000,188.000,961.000,254.000,33.250,-7.880,-1.010,0.900,0.570,1.830,-1.304
1311,4,6472.000,27.596,-9.079,0.079,-0.065,0.712,NaN,472,0,2.280,-1.320,1045.000,198.000,1069.000,278.000,NaN,NaN,NaN,NaN,NaN,NaN,NaN
1312,56,6472.000,32.132,-8.760,0.221,-0.075,NaN,NaN,472,0,-2.339,-1.327,NaN,NaN,NaN,NaN,NaN,NaN,NaN,NaN,NaN,NaN,NaN
1313,243,6472.000,32.615,-7.001,0.020,0.054,0.721,NaN,472,0,2.434,-1.296,892.000,193.000,920.000,266.000,NaN,NaN,NaN,NaN,NaN,NaN,NaN
1314,4,6473.000,27.606,-9.113,0.064,-0.058,0.735,0.035,473,0,1.261,-1.621,1046.000,198.000,1071.000,278.000,27.570,-9.060,-1.290,0.770,0.570,1.810,-1.303
1315,56,6473.000,32.353,-8.835,0.222,-0.075,NaN,NaN,473,0,-2.339,-1.327,NaN,NaN,NaN,NaN,NaN,NaN,NaN,NaN,NaN,NaN,NaN
1316,243,6473.000,32.402,-7.016,-0.031,0.067,0.612,0.185,473,0,-0.687,-1.376,891.000,194.000,912.000,267.000,31.710,-6.540,-1.180,0.770,0.690,1.720,-0.863
1317,4,6474.000,27.652,-9.189,0.060,-0.066,0.642,NaN,474,0,1.595,-1.306,1048.000,198.000,1075.000,279.000,NaN,NaN,NaN,NaN,NaN,NaN,NaN
1318,56,6474.000,32.572,-9.335,0.222,-0.183,0.005,NaN,474,0,-2.924,-1.327,996.000,205.000,1008.000,254.000,NaN,NaN,NaN,NaN,NaN,NaN,NaN
1319,243,6474.000,32.232,-6.973,-0.070,0.067,0.749,0.253,474,0,0.519,-1.202,888.000,193.000,913.000,267.000,31.680,-6.510,-1.060,0.560,0.670,1.690,-1.277
1320,4,6475.000,27.708,-9.251,0.059,-0.064,0.771,NaN,475,0,3.261,-1.291,1050.000,201.000,1076.000,278.000,NaN,NaN,NaN,NaN,NaN,NaN,NaN
1321,56,6475.000,32.438,-9.617,0.183,-0.185,0.422,NaN,475,0,-0.279,-1.327,1022.000,196.000,1042.000,257.000,NaN,NaN,NaN,NaN,NaN,NaN,NaN
1322,243,6475.000,32.338,-6.746,-0.031,0.108,0.701,NaN,475,0,2.128,-1.295,878.000,193.000,906.000,269.000,NaN,NaN,NaN,NaN,NaN,NaN,NaN
1323,4,6476.000,27.766,-9.323,0.059,-0.067,0.798,NaN,476,0,4.010,-1.286,1052.000,201.000,1080.000,282.000,NaN,NaN,NaN,NaN,NaN,NaN,NaN
1324,56,6476.000,32.614,-9.819,0.178,-0.201,0.189,NaN,476,0,-1.693,-1.327,1025.000,196.000,1042.000,225.000,NaN,NaN,NaN,NaN,NaN,NaN,NaN
1325,243,6476.000,31.966,-6.726,-0.110,0.109,0.598,0.807,476,0,-0.524,0.636,879.000,192.000,904.000,269.000,31.470,-6.320,-1.160,0.880,0.480,1.770,2.438
1326,4,6477.000,27.813,-9.403,0.055,-0.072,0.767,NaN,477,0,3.261,-1.286,1055.000,200.000,1084.000,279.000,NaN,NaN,NaN,NaN,NaN,NaN,NaN
1327,56,6477.000,32.790,-10.028,0.177,-0.206,0.029,NaN,477,0,-2.816,-1.327,1018.000,200.000,1039.000,243.000,NaN,NaN,NaN,NaN,NaN,NaN,NaN
1328,243,6477.000,31.759,-6.613,-0.129,0.122,0.706,0.900,477,0,0.070,2.487,879.000,187.000,908.000,272.000,31.530,-6.250,-1.050,0.750,0.630,1.680,-0.156
1329,4,6478.000,27.842,-9.488,0.053,-0.077,0.760,NaN,478,0,3.077,-1.291,1059.000,200.000,1088.000,278.000,NaN,NaN,NaN,NaN,NaN,NaN,NaN
1330,56,6478.000,32.941,-10.337,0.168,-0.251,0.094,NaN,478,0,-2.320,-1.327,1036.000,195.000,1052.000,228.000,NaN,NaN,NaN,NaN,NaN,NaN,NaN
1331,243,6478.000,31.633,-6.477,-0.128,0.127,0.122,NaN,478,0,-1.702,-1.317,874.000,184.000,910.000,252.000,NaN,NaN,NaN,NaN,NaN,NaN,NaN
1332,4,6479.000,27.952,-9.581,0.064,-0.081,0.735,0.055,479,0,1.358,-1.496,1058.000,200.000,1089.000,277.000,28.010,-9.590,-1.130,0.750,0.680,1.690,-0.958
1333,56,6479.000,33.104,-10.607,0.166,-0.259,0.044,NaN,479,0,-2.972,-1.327,1036.000,197.000,1060.000,232.000,NaN,NaN,NaN,NaN,NaN,NaN,NaN
1334,243,6479.000,31.506,-6.339,-0.127,0.131,0.686,NaN,479,0,1.982,-1.322,871.000,200.000,903.000,272.000,NaN,NaN,NaN,NaN,NaN,NaN,NaN
1335,4,6480.000,28.013,-9.655,0.064,-0.078,0.717,NaN,480,0,2.434,-1.315,1061.000,199.000,1092.000,277.000,NaN,NaN,NaN,NaN,NaN,NaN,NaN
1336,56,6480.000,33.266,-10.870,0.167,-0.261,0.070,NaN,480,0,-2.275,-1.327,1043.000,198.000,1065.000,258.000,NaN,NaN,NaN,NaN,NaN,NaN,NaN
1337,243,6480.000,31.377,-6.216,-0.128,0.128,0.689,NaN,480,0,1.982,-1.321,870.000,196.000,899.000,272.000,NaN,NaN,NaN,NaN,NaN,NaN,NaN
1338,4,6481.000,28.089,-9.725,0.068,-0.077,0.495,0.027,481,0,-0.437,-1.633,1066.000,200.000,1096.000,277.000,28.110,-9.690,-1.200,0.840,0.610,1.710,-0.774
1339,56,6481.000,33.437,-11.120,0.170,-0.257,0.026,NaN,481,0,-2.812,-1.325,1054.000,197.000,1068.000,254.000,NaN,NaN,NaN,NaN,NaN,NaN,NaN
1340,243,6481.000,31.252,-6.088,-0.127,0.128,0.677,NaN,481,0,1.846,-1.319,868.000,193.000,891.000,273.000,NaN,NaN,NaN,NaN,NaN,NaN,NaN
1341,4,6482.000,28.173,-9.760,0.076,-0.069,0.702,0.303,482,0,0.863,-0.700,1068.000,200.000,1097.000,279.000,28.200,-9.680,-1.090,0.790,0.530,1.750,-0.395
1342,56,6482.000,33.606,-11.379,0.169,-0.258,NaN,NaN,482,0,-1.897,-1.288,NaN,NaN,NaN,NaN,NaN,NaN,NaN,NaN,NaN,NaN,NaN
1343,243,6482.000,31.121,-5.988,-0.128,0.119,0.457,NaN,482,0,-0.011,-1.317,868.000,192.000,887.000,266.000,NaN,NaN,NaN,NaN,NaN,NaN,NaN
1344,4,6483.000,28.249,-9.829,0.076,-0.069,NaN,NaN,483,0,-3.311,-1.324,NaN,NaN,NaN,NaN,NaN,NaN,NaN,NaN,NaN,NaN,NaN
1345,56,6483.000,33.776,-11.639,0.169,-0.260,NaN,NaN,483,0,-1.909,-1.255,NaN,NaN,NaN,NaN,NaN,NaN,NaN,NaN,NaN,NaN,NaN
1346,243,6483.000,30.988,-5.895,-0.129,0.111,0.620,NaN,483,0,1.205,-1.314,865.000,192.000,885.000,266.000,NaN,NaN,NaN,NaN,NaN,NaN,NaN
1347,4,6484.000,28.335,-9.826,0.078,-0.053,0.737,0.940,484,0,1.358,7.239,1070.000,199.000,1097.000,278.000,28.340,-9.740,-1.160,0.710,0.720,1.710,-0.804
1348,56,6484.000,33.944,-11.900,0.169,-0.261,NaN,NaN,484,0,0.422,-1.314,NaN,NaN,NaN,NaN,NaN,NaN,NaN,NaN,NaN,NaN,NaN
1349,243,6484.000,31.042,-5.817,-0.105,0.106,0.553,0.275,484,0,-0.823,-1.059,863.000,193.000,884.000,271.000,31.110,-5.810,-1.120,0.730,0.660,1.810,-0.305
1350,4,6485.000,28.435,-9.850,0.083,-0.048,0.648,0.904,485,0,0.403,3.134,1070.000,197.000,1097.000,278.000,28.460,-9.830,-1.290,0.790,0.640,1.710,-0.539
1351,56,6485.000,34.112,-12.162,0.168,-0.262,NaN,NaN,485,0,-3.273,-1.309,NaN,NaN,NaN,NaN,NaN,NaN,NaN,NaN,NaN,NaN,NaN
1352,243,6485.000,30.919,-5.798,-0.112,0.080,0.588,NaN,485,0,0.941,-1.300,862.000,195.000,883.000,271.000,NaN,NaN,NaN,NaN,NaN,NaN,NaN
1353,4,6486.000,28.519,-9.897,0.084,-0.047,NaN,NaN,486,0,-1.831,-1.324,NaN,NaN,NaN,NaN,NaN,NaN,NaN,NaN,NaN,NaN,NaN
1354,56,6486.000,34.318,-12.342,0.176,-0.241,0.029,NaN,486,0,-2.322,-1.213,1087.000,196.000,1105.000,270.000,NaN,NaN,NaN,NaN,NaN,NaN,NaN
1355,243,6486.000,30.802,-5.683,-0.110,0.088,0.270,NaN,486,0,-0.914,-1.298,848.000,195.000,879.000,272.000,NaN,NaN,NaN,NaN,NaN,NaN,NaN
1356,4,6487.000,28.569,-9.931,0.079,-0.043,0.712,0.728,487,0,0.761,0.507,1074.000,198.000,1098.000,278.000,28.550,-9.940,-1.220,0.770,0.690,1.670,-0.725
1357,56,6487.000,34.496,-12.599,0.174,-0.244,0.026,NaN,487,0,-2.319,-1.212,1090.000,199.000,1120.000,266.000,NaN,NaN,NaN,NaN,NaN,NaN,NaN
1358,243,6487.000,30.678,-5.553,-0.110,0.098,0.034,NaN,487,0,-2.423,-1.266,846.000,202.000,873.000,273.000,NaN,NaN,NaN,NaN,NaN,NaN,NaN
1359,4,6488.000,28.608,-10.059,0.072,-0.064,0.696,NaN,488,0,2.315,-1.326,1075.000,198.000,1101.000,279.000,NaN,NaN,NaN,NaN,NaN,NaN,NaN
1360,56,6488.000,34.654,-12.777,0.177,-0.231,0.168,NaN,488,0,-1.601,-1.305,1094.000,198.000,1119.000,250.000,NaN,NaN,NaN,NaN,NaN,NaN,NaN
1361,243,6488.000,30.562,-5.454,-0.111,0.097,0.067,NaN,488,0,-1.835,-1.191,843.000,198.000,872.000,271.000,NaN,NaN,NaN,NaN,NaN,NaN,NaN
1362,4,6489.000,28.674,-10.149,0.070,-0.071,0.769,NaN,489,0,3.261,-1.327,1077.000,200.000,1102.000,276.000,NaN,NaN,NaN,NaN,NaN,NaN,NaN
1363,56,6489.000,34.831,-13.008,0.178,-0.231,NaN,NaN,489,0,-1.825,-1.320,NaN,NaN,NaN,NaN,NaN,NaN,NaN,NaN,NaN,NaN,NaN
1364,243,6489.000,30.449,-5.366,-0.112,0.094,0.100,NaN,489,0,-1.587,-1.153,839.000,198.000,872.000,273.000,NaN,NaN,NaN,NaN,NaN,NaN,NaN
1365,4,6490.000,28.696,-10.192,0.065,-0.067,0.778,0.128,490,0,1.385,-1.252,1078.000,200.000,1104.000,278.000,28.700,-10.130,-1.110,0.820,0.560,1.650,-0.495
1366,56,6490.000,35.006,-13.074,0.185,-0.194,0.429,NaN,490,0,-0.405,-1.322,1101.000,197.000,1122.000,253.000,NaN,NaN,NaN,NaN,NaN,NaN,NaN
1367,243,6490.000,30.319,-5.203,-0.113,0.112,0.191,NaN,490,0,-1.175,-1.176,833.000,194.000,858.000,269.000,NaN,NaN,NaN,NaN,NaN,NaN,NaN
1368,4,6491.000,28.762,-10.252,0.067,-0.066,0.782,NaN,491,0,3.460,-1.327,1079.000,200.000,1105.000,278.000,NaN,NaN,NaN,NaN,NaN,NaN,NaN
1369,56,6491.000,35.316,-13.185,0.201,-0.168,0.602,NaN,491,0,0.810,-1.322,1102.000,196.000,1121.000,256.000,NaN,NaN,NaN,NaN,NaN,NaN,NaN
1370,243,6491.000,30.218,-5.142,-0.113,0.098,0.025,NaN,491,0,-2.171,-1.262,834.000,187.000,870.000,273.000,NaN,NaN,NaN,NaN,NaN,NaN,NaN
1371,373,6491.000,30.730,-5.060,0.000,0.000,0.229,0.295,491,0,-2.334,-1.002,833.000,195.000,858.000,268.000,30.730,-5.060,-1.220,1.070,0.420,1.840,2.602
1372,4,6492.000,28.835,-10.315,0.070,-0.065,0.783,NaN,492,0,3.460,-1.326,1080.000,199.000,1108.000,277.000,NaN,NaN,NaN,NaN,NaN,NaN,NaN
1373,56,6492.000,35.452,-13.369,0.194,-0.175,0.486,NaN,492,0,-0.030,-1.322,1109.000,196.000,1136.000,256.000,NaN,NaN,NaN,NaN,NaN,NaN,NaN
1374,243,6492.000,30.117,-5.050,-0.110,0.097,0.732,NaN,492,0,2.590,-1.287,830.000,201.000,857.000,271.000,NaN,NaN,NaN,NaN,NaN,NaN,NaN
1375,373,6492.000,30.728,-5.064,0.001,-0.003,NaN,NaN,492,0,-1.881,-1.319,NaN,NaN,NaN,NaN,NaN,NaN,NaN,NaN,NaN,NaN,NaN
1376,4,6493.000,28.960,-10.391,0.079,-0.065,0.772,0.272,493,0,1.319,-0.861,1086.000,200.000,1111.000,274.000,28.980,-10.370,-1.250,0.780,0.660,1.700,-1.156
1377,56,6493.000,35.559,-13.566,0.184,-0.184,0.613,NaN,493,0,0.895,-1.323,1117.000,196.000,1140.000,255.000,NaN,NaN,NaN,NaN,NaN,NaN,NaN
1378,243,6493.000,30.001,-5.184,-0.115,0.037,0.015,NaN,493,0,-3.137,-1.309,847.000,201.000,857.000,240.000,NaN,NaN,NaN,NaN,NaN,NaN,NaN
1379,373,6493.000,30.687,-5.021,-0.007,0.010,0.789,0.858,493,0,1.023,1.360,827.000,199.000,856.000,272.000,30.640,-4.990,-1.150,0.790,0.510,1.710,-0.762
1380,4,6494.000,29.038,-10.457,0.080,-0.064,0.804,0.883,494,0,1.575,2.109,1087.000,202.000,1114.000,275.000,29.020,-10.460,-1.270,0.710,0.600,1.610,-0.586
1381,56,6494.000,35.694,-13.742,0.178,-0.187,0.737,NaN,494,0,2.522,-1.325,1119.000,196.000,1143.000,255.000,NaN,NaN,NaN,NaN,NaN,NaN,NaN
1382,243,6494.000,29.885,-5.148,-0.116,0.037,NaN,NaN,494,0,-1.756,-1.231,NaN,NaN,NaN,NaN,NaN,NaN,NaN,NaN,NaN,NaN,NaN
1383,373,6494.000,30.565,-4.928,-0.042,0.034,0.805,0.578,494,0,1.344,-0.201,827.000,196.000,855.000,272.000,30.490,-4.860,-1.230,0.890,0.500,1.830,2.330
1384,4,6495.000,29.109,-10.566,0.079,-0.076,0.803,NaN,495,0,3.866,-1.326,1089.000,200.000,1118.000,274.000,NaN,NaN,NaN,NaN,NaN,NaN,NaN
1385,56,6495.000,35.801,-13.952,0.171,-0.199,0.587,NaN,495,0,0.729,-1.325,1127.000,197.000,1152.000,253.000,NaN,NaN,NaN,NaN,NaN,NaN,NaN
1386,243,6495.000,29.769,-5.110,-0.116,0.038,NaN,NaN,495,0,-1.841,-1.249,NaN,NaN,NaN,NaN,NaN,NaN,NaN,NaN,NaN,NaN,NaN
1387,373,6495.000,30.532,-4.940,-0.039,0.020,0.702,NaN,495,0,2.128,-1.322,824.000,194.000,852.000,272.000,NaN,NaN,NaN,NaN,NaN,NaN,NaN
1388,4,6496.000,29.131,-10.610,0.067,-0.069,0.770,0.334,496,0,1.319,-0.760,1090.000,201.000,1118.000,274.000,29.080,-10.560,-1.280,0.700,0.680,1.690,-0.578
1389,56,6496.000,35.554,-13.959,0.147,-0.183,0.626,0.090,496,0,-1.450,-2.135,1132.000,196.000,1159.000,254.000,35.570,-13.830,-1.290,0.960,0.500,1.810,-1.229
1390,243,6496.000,29.653,-5.073,-0.116,0.037,NaN,NaN,496,0,-2.102,-1.264,NaN,NaN,NaN,NaN,NaN,NaN,NaN,NaN,NaN,NaN,NaN
1391,373,6496.000,30.372,-4.875,-0.055,0.032,0.730,0.706,496,0,0.780,0.263,822.000,194.000,843.000,272.000,30.320,-4.820,-1.200,0.930,0.500,1.720,2.271
1392,4,6497.000,29.195,-10.675,0.068,-0.066,0.773,0.280,497,0,1.319,-0.831,1090.000,200.000,1120.000,273.000,29.200,-10.680,-1.210,0.810,0.640,1.810,-0.291
1393,56,6497.000,35.676,-14.182,0.145,-0.196,0.649,NaN,497,0,1.281,-1.326,1136.000,197.000,1161.000,256.000,NaN,NaN,NaN,NaN,NaN,NaN,NaN
1394,243,6497.000,29.538,-5.035,-0.115,0.037,NaN,NaN,497,0,-2.048,-1.268,NaN,NaN,NaN,NaN,NaN,NaN,NaN,NaN,NaN,NaN,NaN
1395,373,6497.000,30.303,-4.764,-0.057,0.055,0.758,0.710,497,0,1.026,0.263,820.000,193.000,843.000,273.000,30.280,-4.660,-1.360,0.830,0.480,1.840,2.437
1396,4,6498.000,29.254,-10.747,0.064,-0.066,0.780,NaN,498,0,3.460,-1.325,1092.000,200.000,1122.000,272.000,NaN,NaN,NaN,NaN,NaN,NaN,NaN
1397,56,6498.000,35.808,-14.415,0.144,-0.207,0.684,NaN,498,0,1.609,-1.325,1142.000,197.000,1168.000,251.000,NaN,NaN,NaN,NaN,NaN,NaN,NaN
1398,243,6498.000,29.422,-4.996,-0.116,0.039,NaN,NaN,498,0,-2.396,-1.280,NaN,NaN,NaN,NaN,NaN,NaN,NaN,NaN,NaN,NaN,NaN
1399,373,6498.000,30.258,-4.708,-0.053,0.054,0.756,NaN,498,0,3.077,-1.322,814.000,194.000,841.000,272.000,NaN,NaN,NaN,NaN,NaN,NaN,NaN
1400,4,6499.000,29.331,-10.797,0.068,-0.061,0.705,0.785,499,0,0.761,0.693,1095.000,200.000,1122.000,271.000,29.370,-10.770,-1.250,0.810,0.640,1.790,-0.449
1401,56,6499.000,35.932,-14.660,0.139,-0.220,0.600,NaN,499,0,0.810,-1.322,1150.000,198.000,1175.000,252.000,NaN,NaN,NaN,NaN,NaN,NaN,NaN
1402,243,6499.000,29.306,-4.956,-0.116,0.040,NaN,NaN,499,0,-2.437,-1.290,NaN,NaN,NaN,NaN,NaN,NaN,NaN,NaN,NaN,NaN,NaN
1403,373,6499.000,30.238,-4.627,-0.046,0.061,0.811,0.112,499,0,1.493,-1.395,807.000,196.000,839.000,272.000,30.230,-4.580,-1.140,0.920,0.480,1.790,2.299
1404,4,6500.000,29.397,-10.861,0.069,-0.060,0.778,NaN,500,0,3.460,-1.325,1095.000,200.000,1125.000,274.000,NaN,NaN,NaN,NaN,NaN,NaN,NaN
1405,56,6500.000,36.065,-14.881,0.137,-0.219,0.440,NaN,500,0,-0.339,-1.313,1155.000,199.000,1178.000,252.000,NaN,NaN,NaN,NaN,NaN,NaN,NaN
1406,243,6500.000,29.146,-5.089,-0.122,0.013,0.075,NaN,500,0,-2.624,-1.299,849.000,202.000,857.000,222.000,NaN,NaN,NaN,NaN,NaN,NaN,NaN
1407,373,6500.000,30.154,-4.510,-0.055,0.074,0.766,0.823,500,0,1.091,0.846,807.000,198.000,839.000,272.000,30.090,-4.430,-1.050,0.780,0.670,1.740,-0.888
1408,4,6501.000,29.480,-10.915,0.071,-0.058,0.821,NaN,501,0,4.217,-1.324,1096.000,200.000,1124.000,274.000,NaN,NaN,NaN,NaN,NaN,NaN,NaN
1409,56,6501.000,36.198,-15.098,0.137,-0.219,0.240,NaN,501,0,-1.257,-1.308,1161.000,198.000,1184.000,250.000,NaN,NaN,NaN,NaN,NaN,NaN,NaN
1410,243,6501.000,29.024,-5.077,-0.122,0.011,NaN,NaN,501,0,-1.782,-1.210,NaN,NaN,NaN,NaN,NaN,NaN,NaN,NaN,NaN,NaN,NaN
1411,373,6501.000,30.095,-4.483,-0.054,0.063,0.825,NaN,501,0,4.217,-1.318,804.000,200.000,838.000,272.000,NaN,NaN,NaN,NaN,NaN,NaN,NaN
1412,4,6502.000,29.681,-10.995,0.093,-0.062,0.798,0.020,502,0,1.344,-1.816,1098.000,198.000,1124.000,273.000,29.790,-10.940,-1.030,0.800,0.600,1.620,0.123
1413,56,6502.000,36.326,-15.300,0.137,-0.214,0.512,NaN,502,0,0.090,-1.302,1167.000,198.000,1188.000,250.000,NaN,NaN,NaN,NaN,NaN,NaN,NaN
1414,243,6502.000,28.966,-5.045,-0.117,0.023,0.078,NaN,502,0,-2.191,-1.210,847.000,201.000,857.000,241.000,NaN,NaN,NaN,NaN,NaN,NaN,NaN
1415,373,6502.000,29.986,-4.369,-0.064,0.073,0.824,0.475,502,0,1.692,-0.507,801.000,200.000,833.000,272.000,29.970,-4.290,-1.230,0.840,0.490,1.720,-0.607
1416,4,6503.000,29.734,-11.049,0.086,-0.060,0.782,0.458,503,0,1.158,-0.547,1099.000,199.000,1126.000,273.000,29.690,-11.040,-1.160,0.820,0.620,1.730,-0.426
1417,56,6503.000,36.520,-15.470,0.144,-0.198,0.318,NaN,503,0,-0.934,-1.297,1170.000,198.000,1188.000,249.000,NaN,NaN,NaN,NaN,NaN,NaN,NaN
1418,243,6503.000,28.896,-5.035,-0.120,0.021,0.056,NaN,503,0,-2.428,-1.220,848.000,201.000,857.000,238.000,NaN,NaN,NaN,NaN,NaN,NaN,NaN
1419,373,6503.000,29.887,-4.269,-0.070,0.076,0.821,0.211,503,0,1.692,-1.116,800.000,200.000,830.000,272.000,29.860,-4.220,-1.190,1.050,0.480,1.820,2.223
1420,4,6504.000,29.820,-11.101,0.084,-0.060,0.799,NaN,504,0,3.866,-1.325,1101.000,199.000,1126.000,272.000,NaN,NaN,NaN,NaN,NaN,NaN,NaN
1421,56,6504.000,36.532,-15.751,0.126,-0.237,0.047,NaN,504,0,-2.701,-1.277,1187.000,215.000,1201.000,249.000,NaN,NaN,NaN,NaN,NaN,NaN,NaN
1422,243,6504.000,28.760,-5.015,-0.124,0.019,0.061,NaN,504,0,-2.422,-1.218,848.000,201.000,857.000,238.000,NaN,NaN,NaN,NaN,NaN,NaN,NaN
1423,373,6504.000,29.812,-4.260,-0.071,0.061,0.755,NaN,504,0,2.906,-1.317,799.000,197.000,825.000,272.000,NaN,NaN,NaN,NaN,NaN,NaN,NaN
1424,4,6505.000,29.850,-11.128,0.072,-0.052,0.794,0.138,505,0,1.237,-1.326,1104.000,200.000,1130.000,272.000,29.810,-11.050,-1.050,0.840,0.610,1.770,1.860
1425,56,6505.000,36.658,-15.989,0.125,-0.238,NaN,NaN,505,0,-1.389,-0.860,NaN,NaN,NaN,NaN,NaN,NaN,NaN,NaN,NaN,NaN,NaN
1426,243,6505.000,28.681,-5.004,-0.121,0.018,0.057,NaN,505,0,-2.422,-1.218,848.000,201.000,857.000,238.000,NaN,NaN,NaN,NaN,NaN,NaN,NaN
1427,373,6505.000,29.787,-4.168,-0.062,0.072,0.778,0.460,505,0,1.158,-0.544,795.000,201.000,825.000,270.000,29.830,-4.080,-1.160,0.810,0.660,1.810,-0.551
1428,4,6506.000,29.958,-11.216,0.080,-0.061,0.786,0.208,506,0,1.237,-1.123,1106.000,200.000,1130.000,272.000,30.020,-11.270,-1.190,0.830,0.590,1.660,-0.828
1429,56,6506.000,36.786,-16.141,0.131,-0.214,0.038,NaN,506,0,-0.076,-0.037,1190.000,204.000,1208.000,246.000,NaN,NaN,NaN,NaN,NaN,NaN,NaN
1430,243,6506.000,28.613,-4.992,-0.118,0.017,0.062,NaN,506,0,-2.453,-1.233,848.000,201.000,857.000,237.000,NaN,NaN,NaN,NaN,NaN,NaN,NaN
1431,373,6506.000,29.718,-4.130,-0.065,0.064,0.588,NaN,506,0,0.941,-1.317,793.000,192.000,822.000,271.000,NaN,NaN,NaN,NaN,NaN,NaN,NaN
1432,4,6507.000,30.027,-11.312,0.078,-0.069,0.794,NaN,507,0,3.665,-1.325,1108.000,200.000,1132.000,273.000,NaN,NaN,NaN,NaN,NaN,NaN,NaN
1433,56,6507.000,36.918,-16.356,0.132,-0.215,NaN,NaN,507,0,-0.058,-0.037,NaN,NaN,NaN,NaN,NaN,NaN,NaN,NaN,NaN,NaN,NaN
1434,243,6507.000,28.555,-4.981,-0.111,0.019,0.061,NaN,507,0,-2.464,-1.239,848.000,201.000,857.000,237.000,NaN,NaN,NaN,NaN,NaN,NaN,NaN
1435,373,6507.000,29.649,-4.080,-0.065,0.061,0.757,NaN,507,0,3.077,-1.317,788.000,196.000,822.000,273.000,NaN,NaN,NaN,NaN,NaN,NaN,NaN
1436,4,6508.000,30.120,-11.394,0.081,-0.072,0.793,0.301,508,0,1.237,-0.901,1108.000,200.000,1134.000,272.000,30.130,-11.390,-1.290,0.780,0.680,1.780,-0.724
1437,56,6508.000,37.073,-16.566,0.135,-0.213,0.350,NaN,508,0,-0.023,-0.038,1199.000,194.000,1223.000,249.000,NaN,NaN,NaN,NaN,NaN,NaN,NaN
1438,243,6508.000,28.613,-4.986,-0.096,0.018,0.052,NaN,508,0,-2.613,-1.236,848.000,201.000,857.000,237.000,NaN,NaN,NaN,NaN,NaN,NaN,NaN
1439,373,6508.000,29.566,-3.985,-0.069,0.069,0.776,0.946,508,0,1.158,5.979,785.000,199.000,820.000,273.000,29.550,-3.890,-1.140,0.790,0.560,1.780,-0.413
1440,4,6509.000,30.186,-11.450,0.080,-0.069,0.775,0.079,509,0,1.091,-1.500,1111.000,200.000,1135.000,273.000,30.180,-11.410,-1.160,0.810,0.610,1.700,-0.300
1441,56,6509.000,37.188,-16.833,0.129,-0.226,0.005,NaN,509,0,-0.864,-0.435,1210.000,196.000,1234.000,268.000,NaN,NaN,NaN,NaN,NaN,NaN,NaN
1442,243,6509.000,28.515,-4.968,-0.097,0.018,NaN,NaN,509,0,-1.233,-1.235,NaN,NaN,NaN,NaN,NaN,NaN,NaN,NaN,NaN,NaN,NaN
1443,373,6509.000,29.468,-3.868,-0.076,0.085,0.832,0.857,509,0,2.167,1.578,783.000,198.000,817.000,273.000,29.430,-3.800,-1.220,0.980,0.490,1.900,2.279
1444,4,6510.000,30.264,-11.533,0.078,-0.072,0.804,NaN,510,0,3.866,-1.325,1113.000,199.000,1139.000,273.000,NaN,NaN,NaN,NaN,NaN,NaN,NaN
1445,56,6510.000,37.361,-17.026,0.136,-0.214,0.033,NaN,510,0,-1.646,-0.860,1212.000,195.000,1231.000,264.000,NaN,NaN,NaN,NaN,NaN,NaN,NaN
1446,243,6510.000,28.567,-4.982,-0.088,0.013,0.043,NaN,510,0,-2.761,-1.233,848.000,201.000,857.000,238.000,NaN,NaN,NaN,NaN,NaN,NaN,NaN
1447,373,6510.000,29.379,-3.823,-0.080,0.075,0.782,NaN,510,0,3.460,-1.313,781.000,198.000,810.000,271.000,NaN,NaN,NaN,NaN,NaN,NaN,NaN
1448,4,6511.000,30.348,-11.604,0.080,-0.072,0.809,NaN,511,0,4.053,-1.326,1112.000,199.000,1142.000,273.000,NaN,NaN,NaN,NaN,NaN,NaN,NaN
1449,56,6511.000,37.497,-17.240,0.136,-0.214,NaN,NaN,511,0,-1.259,-0.936,NaN,NaN,NaN,NaN,NaN,NaN,NaN,NaN,NaN,NaN,NaN
1450,243,6511.000,28.480,-4.967,-0.087,0.015,NaN,NaN,511,0,-2.643,-1.314,NaN,NaN,NaN,NaN,NaN,NaN,NaN,NaN,NaN,NaN,NaN
1451,373,6511.000,29.306,-3.719,-0.079,0.082,0.791,0.763,511,0,1.466,0.628,777.000,196.000,804.000,271.000,29.310,-3.660,-1.170,0.800,0.460,1.790,2.141
1452,4,6512.000,30.432,-11.672,0.081,-0.072,0.801,NaN,512,0,3.866,-1.326,1113.000,200.000,1143.000,273.000,NaN,NaN,NaN,NaN,NaN,NaN,NaN
1453,56,6512.000,37.634,-17.455,0.135,-0.215,NaN,NaN,512,0,-1.669,-0.826,NaN,NaN,NaN,NaN,NaN,NaN,NaN,NaN,NaN,NaN,NaN
1454,243,6512.000,28.396,-4.952,-0.084,0.015,NaN,NaN,512,0,-1.709,-1.236,NaN,NaN,NaN,NaN,NaN,NaN,NaN,NaN,NaN,NaN,NaN
1455,373,6512.000,29.216,-3.607,-0.079,0.091,0.807,0.689,512,0,1.726,0.249,775.000,196.000,802.000,268.000,29.210,-3.550,-1.160,0.860,0.520,1.800,2.256
1456,4,6513.000,30.521,-11.744,0.082,-0.071,0.816,NaN,513,0,4.217,-1.326,1114.000,200.000,1145.000,273.000,NaN,NaN,NaN,NaN,NaN,NaN,NaN
1457,56,6513.000,37.770,-17.670,0.136,-0.214,NaN,NaN,513,0,-0.574,-0.450,NaN,NaN,NaN,NaN,NaN,NaN,NaN,NaN,NaN,NaN,NaN
1458,243,6513.000,28.310,-4.936,-0.086,0.016,NaN,NaN,513,0,-1.210,-1.236,NaN,NaN,NaN,NaN,NaN,NaN,NaN,NaN,NaN,NaN,NaN
1459,373,6513.000,29.121,-3.549,-0.081,0.081,0.821,NaN,513,0,4.217,-1.305,771.000,197.000,799.000,270.000,NaN,NaN,NaN,NaN,NaN,NaN,NaN
1460,4,6514.000,30.509,-11.761,0.072,-0.060,0.807,0.040,514,0,1.493,-1.750,1115.000,200.000,1145.000,273.000,30.490,-11.710,-1.300,0.810,0.600,1.730,0.819
1461,56,6514.000,37.906,-17.884,0.135,-0.215,NaN,NaN,514,0,-0.115,-0.067,NaN,NaN,NaN,NaN,NaN,NaN,NaN,NaN,NaN,NaN,NaN
1462,243,6514.000,28.224,-4.920,-0.086,0.016,NaN,NaN,514,0,-1.863,-1.238,NaN,NaN,NaN,NaN,NaN,NaN,NaN,NaN,NaN,NaN,NaN
1463,373,6514.000,29.064,-3.463,-0.078,0.082,0.789,0.713,514,0,1.466,0.380,767.000,199.000,800.000,272.000,29.100,-3.450,-1.150,0.840,0.510,1.770,2.226
1464,4,6515.000,30.589,-11.806,0.074,-0.056,0.810,NaN,515,0,4.053,-1.326,1116.000,200.000,1145.000,273.000,NaN,NaN,NaN,NaN,NaN,NaN,NaN
1465,56,6515.000,38.040,-18.099,0.134,-0.215,NaN,NaN,515,0,-0.095,-0.067,NaN,NaN,NaN,NaN,NaN,NaN,NaN,NaN,NaN,NaN,NaN
1466,243,6515.000,28.138,-4.904,-0.086,0.016,NaN,NaN,515,0,-2.394,-1.235,NaN,NaN,NaN,NaN,NaN,NaN,NaN,NaN,NaN,NaN,NaN
1467,373,6515.000,29.003,-3.369,-0.075,0.088,0.813,0.881,515,0,1.726,2.109,765.000,199.000,798.000,271.000,29.010,-3.330,-1.130,0.890,0.490,1.830,2.121
1468,4,6516.000,30.644,-11.833,0.072,-0.048,0.800,NaN,516,0,3.866,-1.326,1116.000,200.000,1145.000,272.000,NaN,NaN,NaN,NaN,NaN,NaN,NaN
1469,56,6516.000,38.175,-18.312,0.134,-0.214,NaN,NaN,516,0,-0.095,-0.054,NaN,NaN,NaN,NaN,NaN,NaN,NaN,NaN,NaN,NaN,NaN
1470,243,6516.000,28.053,-4.889,-0.086,0.015,NaN,NaN,516,0,-1.630,-1.235,NaN,NaN,NaN,NaN,NaN,NaN,NaN,NaN,NaN,NaN,NaN
1471,373,6516.000,28.916,-3.347,-0.077,0.072,0.738,NaN,516,0,2.746,-1.300,762.000,199.000,796.000,271.000,NaN,NaN,NaN,NaN,NaN,NaN,NaN
1472,4,6517.000,30.718,-11.867,0.070,-0.044,0.752,NaN,517,0,2.906,-1.326,1116.000,198.000,1145.000,272.000,NaN,NaN,NaN,NaN,NaN,NaN,NaN
1473,56,6517.000,38.310,-18.527,0.135,-0.215,NaN,NaN,517,0,-0.000,-0.000,NaN,NaN,NaN,NaN,NaN,NaN,NaN,NaN,NaN,NaN,NaN
1474,243,6517.000,27.967,-4.875,-0.086,0.014,NaN,NaN,517,0,-1.747,-1.235,NaN,NaN,NaN,NaN,NaN,NaN,NaN,NaN,NaN,NaN,NaN
1475,373,6517.000,28.857,-3.230,-0.075,0.085,0.784,0.040,517,0,1.385,-1.633,758.000,199.000,789.000,271.000,28.900,-3.130,-1.100,0.710,0.510,1.790,-0.848
1476,4,6518.000,30.737,-11.884,0.063,-0.036,0.763,0.056,518,0,0.808,-1.712,1116.000,199.000,1144.000,271.000,30.740,-11.870,-1.510,0.770,0.630,1.700,-0.228
1477,56,6518.000,38.444,-18.742,0.134,-0.215,NaN,NaN,518,0,-0.055,-0.027,NaN,NaN,NaN,NaN,NaN,NaN,NaN,NaN,NaN,NaN,NaN
1478,243,6518.000,27.883,-4.860,-0.084,0.014,NaN,NaN,518,0,-1.576,-1.235,NaN,NaN,NaN,NaN,NaN,NaN,NaN,NaN,NaN,NaN,NaN
1479,373,6518.000,28.780,-3.152,-0.073,0.084,0.802,0.628,518,0,1.575,0.029,757.000,197.000,785.000,272.000,28.830,-3.150,-1.210,0.850,0.550,1.810,2.362
1480,4,6519.000,30.810,-11.903,0.063,-0.027,0.732,NaN,519,0,2.590,-1.326,1117.000,199.000,1145.000,271.000,NaN,NaN,NaN,NaN,NaN,NaN,NaN
1481,56,6519.000,38.580,-18.959,0.135,-0.216,NaN,NaN,519,0,-0.052,-0.028,NaN,NaN,NaN,NaN,NaN,NaN,NaN,NaN,NaN,NaN,NaN
1482,243,6519.000,27.798,-4.845,-0.084,0.015,NaN,NaN,519,0,-2.388,-1.232,NaN,NaN,NaN,NaN,NaN,NaN,NaN,NaN,NaN,NaN,NaN
1483,373,6519.000,28.704,-3.133,-0.074,0.071,0.753,NaN,519,0,2.906,-1.260,755.000,198.000,782.000,270.000,NaN,NaN,NaN,NaN,NaN,NaN,NaN
1484,4,6520.000,30.856,-11.944,0.061,-0.032,0.702,NaN,520,0,2.128,-1.326,1121.000,200.000,1146.000,270.000,NaN,NaN,NaN,NaN,NaN,NaN,NaN
1485,56,6520.000,38.715,-19.176,0.135,-0.217,NaN,NaN,520,0,-0.307,-0.154,NaN,NaN,NaN,NaN,NaN,NaN,NaN,NaN,NaN,NaN,NaN
1486,243,6520.000,27.714,-4.831,-0.084,0.015,NaN,NaN,520,0,-2.621,-1.232,NaN,NaN,NaN,NaN,NaN,NaN,NaN,NaN,NaN,NaN,NaN
1487,373,6520.000,28.643,-3.088,-0.070,0.064,0.823,0.895,520,0,1.925,2.981,750.000,198.000,785.000,275.000,28.650,-3.160,-1.200,0.720,0.720,1.870,0.109
1488,4,6521.000,31.019,-12.008,0.080,-0.039,0.788,0.033,521,0,1.023,-1.879,1121.000,200.000,1147.000,272.000,31.070,-12.030,-1.230,0.730,0.650,1.740,1.221
1489,56,6521.000,38.849,-19.395,0.135,-0.219,NaN,NaN,521,0,-0.406,-0.192,NaN,NaN,NaN,NaN,NaN,NaN,NaN,NaN,NaN,NaN,NaN
1490,243,6521.000,27.629,-4.816,-0.085,0.015,NaN,NaN,521,0,-4.344,-2.171,NaN,NaN,NaN,NaN,NaN,NaN,NaN,NaN,NaN,NaN,NaN
1491,373,6521.000,28.560,-2.980,-0.070,0.075,0.816,0.037,521,0,1.925,-1.561,747.000,199.000,784.000,275.000,28.540,-2.890,-1.150,0.740,0.700,1.790,-0.211
1492,4,6522.000,31.091,-12.057,0.078,-0.044,0.789,NaN,522,0,3.665,-1.326,1122.000,200.000,1147.000,271.000,NaN,NaN,NaN,NaN,NaN,NaN,NaN
1493,56,6522.000,38.983,-19.614,0.135,-0.219,NaN,NaN,522,0,-0.271,-0.448,NaN,NaN,NaN,NaN,NaN,NaN,NaN,NaN,NaN,NaN,NaN
1494,243,6522.000,27.545,-4.801,-0.084,0.015,NaN,NaN,522,0,-2.606,-1.232,NaN,NaN,NaN,NaN,NaN,NaN,NaN,NaN,NaN,NaN,NaN
1495,373,6522.000,28.482,-2.954,-0.071,0.062,0.820,NaN,522,0,4.217,-1.199,744.000,199.000,782.000,275.000,NaN,NaN,NaN,NaN,NaN,NaN,NaN
1496,4,6523.000,31.155,-12.123,0.075,-0.049,0.766,NaN,523,0,3.261,-1.326,1124.000,200.000,1150.000,270.000,NaN,NaN,NaN,NaN,NaN,NaN,NaN
1497,56,6523.000,39.119,-19.831,0.136,-0.218,NaN,NaN,523,0,-0.608,-1.327,NaN,NaN,NaN,NaN,NaN,NaN,NaN,NaN,NaN,NaN,NaN
1498,243,6523.000,27.460,-4.788,-0.085,0.013,NaN,NaN,523,0,-2.755,-1.230,NaN,NaN,NaN,NaN,NaN,NaN,NaN,NaN,NaN,NaN,NaN
1499,373,6523.000,28.470,-2.888,-0.057,0.063,0.804,0.471,523,0,1.575,-0.362,742.000,201.000,778.000,272.000,28.540,-2.870,-1.280,0.770,0.710,1.760,-0.215
1500,4,6524.000,31.218,-12.183,0.070,-0.053,0.775,NaN,524,0,3.261,-1.326,1125.000,200.000,1151.000,270.000,NaN,NaN,NaN,NaN,NaN,NaN,NaN
1501,56,6524.000,39.254,-20.048,0.135,-0.217,NaN,NaN,524,0,-1.409,-1.327,NaN,NaN,NaN,NaN,NaN,NaN,NaN,NaN,NaN,NaN,NaN
1502,243,6524.000,27.375,-4.776,-0.085,0.012,NaN,NaN,524,0,-0.064,-1.233,NaN,NaN,NaN,NaN,NaN,NaN,NaN,NaN,NaN,NaN,NaN
1503,373,6524.000,28.424,-2.783,-0.053,0.075,0.799,0.066,524,0,1.827,-1.221,741.000,199.000,774.000,280.000,28.440,-2.720,-1.210,0.900,0.520,1.780,-2.588
1504,4,6525.000,31.282,-12.242,0.068,-0.054,0.786,NaN,525,0,3.665,-1.326,1126.000,199.000,1152.000,271.000,NaN,NaN,NaN,NaN,NaN,NaN,NaN
1505,56,6525.000,39.390,-20.265,0.135,-0.216,NaN,NaN,525,0,-2.249,-1.327,NaN,NaN,NaN,NaN,NaN,NaN,NaN,NaN,NaN,NaN,NaN
1506,243,6525.000,27.289,-4.762,-0.086,0.013,NaN,NaN,525,0,-1.258,-1.233,NaN,NaN,NaN,NaN,NaN,NaN,NaN,NaN,NaN,NaN,NaN
1507,373,6525.000,28.370,-2.735,-0.053,0.070,0.830,NaN,525,0,4.413,-1.223,735.000,198.000,766.000,281.000,NaN,NaN,NaN,NaN,NaN,NaN,NaN
1508,4,6526.000,31.332,-12.301,0.064,-0.056,0.800,NaN,526,0,3.866,-1.326,1127.000,199.000,1154.000,270.000,NaN,NaN,NaN,NaN,NaN,NaN,NaN
1509,56,6526.000,39.525,-20.482,0.136,-0.217,NaN,NaN,526,0,-1.751,-1.327,NaN,NaN,NaN,NaN,NaN,NaN,NaN,NaN,NaN,NaN,NaN
1510,243,6526.000,27.202,-4.749,-0.087,0.013,NaN,NaN,526,0,-1.097,-1.233,NaN,NaN,NaN,NaN,NaN,NaN,NaN,NaN,NaN,NaN,NaN
1511,373,6526.000,28.322,-2.635,-0.051,0.079,0.730,0.121,526,0,1.261,-1.117,731.000,198.000,758.000,277.000,28.340,-2.600,-1.140,0.980,0.400,1.790,1.912
1512,4,6527.000,31.428,-12.360,0.061,-0.054,0.803,0.109,527,0,1.127,-1.506,1127.000,199.000,1155.000,269.000,31.480,-12.330,-1.090,0.790,0.650,1.550,-0.523
1513,56,6527.000,39.661,-20.701,0.136,-0.219,NaN,NaN,527,0,-2.562,-1.246,NaN,NaN,NaN,NaN,NaN,NaN,NaN,NaN,NaN,NaN,NaN
1514,243,6527.000,27.114,-4.737,-0.087,0.013,NaN,NaN,527,0,-1.687,-1.234,NaN,NaN,NaN,NaN,NaN,NaN,NaN,NaN,NaN,NaN,NaN
1515,373,6527.000,28.274,-2.517,-0.051,0.087,0.791,0.757,527,0,1.716,0.751,729.000,198.000,758.000,280.000,28.280,-2.460,-1.220,0.930,0.480,1.860,2.384
1516,4,6528.000,31.494,-12.406,0.060,-0.051,0.770,NaN,528,0,3.261,-1.325,1127.000,200.000,1156.000,271.000,NaN,NaN,NaN,NaN,NaN,NaN,NaN
1517,56,6528.000,39.795,-20.920,0.134,-0.219,NaN,NaN,528,0,-2.339,-1.327,NaN,NaN,NaN,NaN,NaN,NaN,NaN,NaN,NaN,NaN,NaN
1518,243,6528.000,27.027,-4.725,-0.087,0.011,NaN,NaN,528,0,-0.748,-1.234,NaN,NaN,NaN,NaN,NaN,NaN,NaN,NaN,NaN,NaN,NaN
1519,373,6528.000,28.226,-2.466,-0.049,0.078,0.888,NaN,528,0,4.491,-1.313,722.000,198.000,758.000,282.000,NaN,NaN,NaN,NaN,NaN,NaN,NaN
1520,4,6529.000,31.566,-12.434,0.063,-0.045,0.759,0.010,529,0,0.597,-1.997,1128.000,200.000,1155.000,270.000,31.600,-12.370,-1.390,0.750,0.660,1.760,-0.304
1521,56,6529.000,39.929,-21.139,0.134,-0.219,NaN,NaN,529,0,-1.693,-1.327,NaN,NaN,NaN,NaN,NaN,NaN,NaN,NaN,NaN,NaN,NaN
1522,243,6529.000,26.941,-4.714,-0.087,0.011,NaN,NaN,529,0,-1.730,-1.234,NaN,NaN,NaN,NaN,NaN,NaN,NaN,NaN,NaN,NaN,NaN
1523,373,6529.000,28.186,-2.379,-0.049,0.078,0.841,0.961,529,0,2.682,7.239,719.000,200.000,758.000,282.000,28.200,-2.350,-1.210,0.940,0.460,1.800,2.228
1524,4,6530.000,31.679,-12.486,0.072,-0.046,0.785,0.024,530,0,0.817,-1.987,1128.000,200.000,1154.000,270.000,31.790,-12.470,-1.060,0.740,0.590,1.680,-0.308
1525,56,6530.000,40.063,-21.358,0.134,-0.219,NaN,NaN,530,0,-1.556,-1.327,NaN,NaN,NaN,NaN,NaN,NaN,NaN,NaN,NaN,NaN,NaN
1526,243,6530.000,26.853,-4.703,-0.088,0.011,NaN,NaN,530,0,-1.858,-1.234,NaN,NaN,NaN,NaN,NaN,NaN,NaN,NaN,NaN,NaN,NaN
1527,373,6530.000,28.102,-2.280,-0.056,0.083,0.788,0.986,530,0,1.716,7.239,718.000,200.000,757.000,282.000,28.050,-2.240,-1.220,0.960,0.560,1.840,2.148
1528,4,6531.000,31.756,-12.507,0.071,-0.042,0.809,NaN,531,0,4.053,-1.325,1128.000,200.000,1154.000,268.000,NaN,NaN,NaN,NaN,NaN,NaN,NaN
1529,56,6531.000,40.197,-21.579,0.134,-0.221,NaN,NaN,531,0,-2.184,-1.327,NaN,NaN,NaN,NaN,NaN,NaN,NaN,NaN,NaN,NaN,NaN
1530,243,6531.000,26.766,-4.693,-0.087,0.010,NaN,NaN,531,0,-0.696,-1.216,NaN,NaN,NaN,NaN,NaN,NaN,NaN,NaN,NaN,NaN,NaN
1531,373,6531.000,28.045,-2.254,-0.058,0.068,0.841,NaN,531,0,4.474,-1.323,714.000,200.000,750.000,283.000,NaN,NaN,NaN,NaN,NaN,NaN,NaN
1532,4,6532.000,31.811,-12.524,0.070,-0.036,0.801,0.013,532,0,0.916,-1.997,1128.000,200.000,1153.000,268.000,31.840,-12.460,-1.160,0.740,0.730,1.740,1.268
1533,56,6532.000,40.332,-21.797,0.135,-0.219,NaN,NaN,532,0,-1.461,-1.327,NaN,NaN,NaN,NaN,NaN,NaN,NaN,NaN,NaN,NaN,NaN
1534,243,6532.000,28.808,-7.775,-0.023,-0.168,0.108,NaN,532,0,-2.011,-1.222,973.000,190.000,984.000,218.000,NaN,NaN,NaN,NaN,NaN,NaN,NaN
1535,373,6532.000,28.015,-2.171,-0.053,0.072,0.811,0.452,532,0,1.979,-0.383,711.000,199.000,740.000,283.000,28.050,-2.150,-1.240,0.850,0.410,1.760,1.642
1536,4,6533.000,31.912,-12.570,0.079,-0.038,0.795,0.055,533,0,0.916,-1.814,1129.000,199.000,1152.000,269.000,31.990,-12.590,-1.120,0.750,0.630,1.750,0.942
1537,56,6533.000,40.467,-22.015,0.135,-0.218,NaN,NaN,533,0,-1.693,-1.327,NaN,NaN,NaN,NaN,NaN,NaN,NaN,NaN,NaN,NaN,NaN
1538,243,6533.000,28.785,-7.943,-0.023,-0.168,NaN,NaN,533,0,-2.320,-1.327,NaN,NaN,NaN,NaN,NaN,NaN,NaN,NaN,NaN,NaN,NaN
1539,373,6533.000,27.944,-2.077,-0.057,0.077,0.755,0.069,533,0,1.436,-1.371,710.000,198.000,736.000,280.000,27.900,-2.040,-1.280,0.790,0.440,1.810,2.211
1540,4,6534.000,32.006,-12.600,0.082,-0.036,0.775,NaN,534,0,3.460,-1.325,1130.000,199.000,1153.000,268.000,NaN,NaN,NaN,NaN,NaN,NaN,NaN
1541,56,6534.000,40.600,-22.236,0.134,-0.220,NaN,NaN,534,0,-0.853,-1.327,NaN,NaN,NaN,NaN,NaN,NaN,NaN,NaN,NaN,NaN,NaN
1542,243,6534.000,28.761,-8.112,-0.024,-0.169,NaN,NaN,534,0,-2.805,-1.327,NaN,NaN,NaN,NaN,NaN,NaN,NaN,NaN,NaN,NaN,NaN
1543,373,6534.000,27.878,-2.032,-0.061,0.070,0.803,NaN,534,0,4.010,-1.323,705.000,198.000,734.000,282.000,NaN,NaN,NaN,NaN,NaN,NaN,NaN
1544,4,6535.000,32.092,-12.645,0.083,-0.038,0.804,NaN,535,0,3.866,-1.325,1131.000,200.000,1154.000,268.000,NaN,NaN,NaN,NaN,NaN,NaN,NaN
1545,56,6535.000,40.733,-22.455,0.133,-0.218,NaN,NaN,535,0,-1.511,-1.327,NaN,NaN,NaN,NaN,NaN,NaN,NaN,NaN,NaN,NaN,NaN
1546,243,6535.000,28.738,-8.281,-0.023,-0.169,NaN,NaN,535,0,-2.120,-1.327,NaN,NaN,NaN,NaN,NaN,NaN,NaN,NaN,NaN,NaN,NaN
1547,373,6535.000,27.842,-1.954,-0.055,0.072,0.783,0.364,535,0,1.633,-0.586,702.000,199.000,734.000,284.000,27.870,-1.950,-1.250,0.720,0.590,1.870,2.256
1548,4,6536.000,32.172,-12.695,0.079,-0.041,0.820,NaN,536,0,4.217,-1.325,1132.000,200.000,1155.000,268.000,NaN,NaN,NaN,NaN,NaN,NaN,NaN
1549,56,6536.000,40.868,-22.671,0.135,-0.216,NaN,NaN,536,0,-4.773,-1.947,NaN,NaN,NaN,NaN,NaN,NaN,NaN,NaN,NaN,NaN,NaN
1550,243,6536.000,28.716,-8.449,-0.023,-0.168,NaN,NaN,536,0,-0.714,-1.327,NaN,NaN,NaN,NaN,NaN,NaN,NaN,NaN,NaN,NaN,NaN
1551,373,6536.000,27.776,-1.851,-0.057,0.080,0.805,0.710,536,0,1.827,0.502,697.000,199.000,730.000,284.000,27.750,-1.810,-1.250,0.850,0.550,1.700,2.015
1552,4,6537.000,32.245,-12.746,0.078,-0.045,0.814,NaN,537,0,4.053,-1.325,1133.000,200.000,1156.000,268.000,NaN,NaN,NaN,NaN,NaN,NaN,NaN
1553,56,6537.000,41.003,-22.886,0.135,-0.215,NaN,NaN,537,0,-1.937,-1.327,NaN,NaN,NaN,NaN,NaN,NaN,NaN,NaN,NaN,NaN,NaN
1554,243,6537.000,28.694,-8.617,-0.022,-0.167,NaN,NaN,537,0,-2.507,-1.327,NaN,NaN,NaN,NaN,NaN,NaN,NaN,NaN,NaN,NaN,NaN
1555,373,6537.000,27.718,-1.800,-0.057,0.071,0.848,NaN,537,0,4.491,-1.326,691.000,200.000,729.000,282.000,NaN,NaN,NaN,NaN,NaN,NaN,NaN
1556,4,6538.000,32.319,-12.816,0.074,-0.052,0.775,NaN,538,0,3.460,-1.325,1135.000,200.000,1159.000,267.000,NaN,NaN,NaN,NaN,NaN,NaN,NaN
1557,56,6538.000,41.138,-23.102,0.135,-0.215,NaN,NaN,538,0,-2.320,-1.327,NaN,NaN,NaN,NaN,NaN,NaN,NaN,NaN,NaN,NaN,NaN
1558,243,6538.000,28.672,-8.784,-0.022,-0.168,NaN,NaN,538,0,-2.805,-1.327,NaN,NaN,NaN,NaN,NaN,NaN,NaN,NaN,NaN,NaN,NaN
1559,373,6538.000,27.676,-1.750,-0.051,0.066,0.829,0.751,538,0,2.410,0.718,687.000,201.000,727.000,285.000,27.690,-1.810,-1.340,0.930,0.440,1.780,2.196
1560,4,6539.000,32.387,-12.879,0.072,-0.055,0.804,NaN,539,0,3.866,-1.325,1135.000,200.000,1160.000,267.000,NaN,NaN,NaN,NaN,NaN,NaN,NaN
1561,56,6539.000,41.273,-23.315,0.135,-0.214,NaN,NaN,539,0,-2.404,-1.327,NaN,NaN,NaN,NaN,NaN,NaN,NaN,NaN,NaN,NaN,NaN
1562,243,6539.000,28.648,-8.951,-0.024,-0.167,NaN,NaN,539,0,-2.805,-1.327,NaN,NaN,NaN,NaN,NaN,NaN,NaN,NaN,NaN,NaN,NaN
1563,373,6539.000,27.659,-1.621,-0.045,0.082,0.825,0.949,539,0,2.174,7.239,687.000,200.000,723.000,285.000,27.700,-1.540,-1.330,0.870,0.540,1.640,-0.127
1564,4,6540.000,32.451,-12.942,0.070,-0.057,0.801,NaN,540,0,3.866,-1.325,1136.000,199.000,1162.000,267.000,NaN,NaN,NaN,NaN,NaN,NaN,NaN
1565,56,6540.000,41.406,-23.531,0.133,-0.215,NaN,NaN,540,0,-2.320,-1.327,NaN,NaN,NaN,NaN,NaN,NaN,NaN,NaN,NaN,NaN,NaN
1566,243,6540.000,28.626,-9.118,-0.023,-0.167,NaN,NaN,540,0,-2.549,-1.327,NaN,NaN,NaN,NaN,NaN,NaN,NaN,NaN,NaN,NaN,NaN
1567,373,6540.000,27.618,-1.562,-0.044,0.078,0.637,NaN,540,0,1.595,-1.326,686.000,198.000,709.000,286.000,NaN,NaN,NaN,NaN,NaN,NaN,NaN
1568,4,6541.000,32.524,-13.009,0.070,-0.059,0.783,NaN,541,0,3.460,-1.324,1137.000,199.000,1164.000,267.000,NaN,NaN,NaN,NaN,NaN,NaN,NaN
1569,56,6541.000,41.536,-23.744,0.132,-0.214,NaN,NaN,541,0,-1.064,-1.327,NaN,NaN,NaN,NaN,NaN,NaN,NaN,NaN,NaN,NaN,NaN
1570,243,6541.000,28.603,-9.286,-0.023,-0.167,NaN,NaN,541,0,-3.178,-1.327,NaN,NaN,NaN,NaN,NaN,NaN,NaN,NaN,NaN,NaN,NaN
1571,373,6541.000,27.612,-1.460,-0.036,0.083,0.776,0.300,541,0,1.633,-0.701,680.000,198.000,706.000,285.000,27.620,-1.430,-1.230,0.750,0.500,1.850,1.528
1572,4,6542.000,32.619,-13.070,0.075,-0.058,0.763,NaN,542,0,3.077,-1.324,1137.000,200.000,1164.000,266.000,NaN,NaN,NaN,NaN,NaN,NaN,NaN
1573,56,6542.000,41.670,-23.957,0.133,-0.213,NaN,NaN,542,0,-1.299,-1.327,NaN,NaN,NaN,NaN,NaN,NaN,NaN,NaN,NaN,NaN,NaN
1574,243,6542.000,28.580,-9.453,-0.022,-0.167,NaN,NaN,542,0,-3.096,-1.325,NaN,NaN,NaN,NaN,NaN,NaN,NaN,NaN,NaN,NaN,NaN
1575,373,6542.000,27.606,-1.374,-0.031,0.083,0.749,0.934,542,0,1.436,7.239,672.000,198.000,703.000,285.000,27.620,-1.360,-1.290,0.700,0.750,1.650,1.146
1576,4,6543.000,32.715,-13.133,0.079,-0.059,0.786,NaN,543,0,3.665,-1.323,1138.000,200.000,1165.000,266.000,NaN,NaN,NaN,NaN,NaN,NaN,NaN
1577,56,6543.000,41.802,-24.168,0.132,-0.212,NaN,NaN,543,0,-1.208,-1.327,NaN,NaN,NaN,NaN,NaN,NaN,NaN,NaN,NaN,NaN,NaN
1578,243,6543.000,29.000,-8.031,0.139,-0.049,0.047,NaN,543,0,-2.751,-1.301,971.000,190.000,984.000,214.000,NaN,NaN,NaN,NaN,NaN,NaN,NaN
1579,373,6543.000,27.584,-1.307,-0.028,0.078,0.807,NaN,543,0,4.175,-1.324,667.000,199.000,702.000,285.000,NaN,NaN,NaN,NaN,NaN,NaN,NaN
1580,4,6544.000,32.804,-13.199,0.080,-0.060,0.784,NaN,544,0,3.460,-1.323,1139.000,200.000,1167.000,266.000,NaN,NaN,NaN,NaN,NaN,NaN,NaN
1581,56,6544.000,41.934,-24.380,0.132,-0.212,NaN,NaN,544,0,0.102,-1.327,NaN,NaN,NaN,NaN,NaN,NaN,NaN,NaN,NaN,NaN,NaN
1582,243,6544.000,29.146,-8.059,0.145,-0.028,0.095,NaN,544,0,-2.320,-1.327,971.000,190.000,984.000,221.000,NaN,NaN,NaN,NaN,NaN,NaN,NaN
1583,373,6544.000,27.618,-1.243,-0.015,0.078,0.764,0.438,544,0,1.502,-0.423,661.000,199.000,703.000,285.000,27.660,-1.250,-1.180,0.710,0.580,1.760,1.167
1584,4,6545.000,32.880,-13.245,0.080,-0.055,0.775,NaN,545,0,3.460,-1.322,1140.000,200.000,1166.000,266.000,NaN,NaN,NaN,NaN,NaN,NaN,NaN
1585,56,6545.000,42.065,-24.592,0.131,-0.212,NaN,NaN,545,0,-0.853,-1.327,NaN,NaN,NaN,NaN,NaN,NaN,NaN,NaN,NaN,NaN,NaN
1586,243,6545.000,29.291,-8.086,0.145,-0.027,NaN,NaN,545,0,-4.135,-2.335,NaN,NaN,NaN,NaN,NaN,NaN,NaN,NaN,NaN,NaN,NaN
1587,373,6545.000,27.601,-1.210,-0.015,0.067,0.831,0.167,545,0,2.410,-1.040,655.000,200.000,702.000,286.000,27.620,-1.270,-1.250,0.730,0.710,1.790,0.398
1588,4,6546.000,32.963,-13.293,0.081,-0.053,0.779,NaN,546,0,3.460,-1.322,1140.000,199.000,1167.000,265.000,NaN,NaN,NaN,NaN,NaN,NaN,NaN
1589,56,6546.000,42.198,-24.804,0.132,-0.212,NaN,NaN,546,0,-0.759,-1.327,NaN,NaN,NaN,NaN,NaN,NaN,NaN,NaN,NaN,NaN,NaN
1590,373,6546.000,27.583,-1.153,-0.017,0.065,0.853,NaN,546,0,4.491,-1.322,654.000,200.000,701.000,286.000,NaN,NaN,NaN,NaN,NaN,NaN,NaN
1591,4,6547.000,33.107,-13.360,0.089,-0.052,0.785,NaN,547,0,3.665,-1.321,1141.000,198.000,1167.000,266.000,NaN,NaN,NaN,NaN,NaN,NaN,NaN
1592,56,6547.000,42.331,-25.014,0.133,-0.210,NaN,NaN,547,0,2.174,-0.068,NaN,NaN,NaN,NaN,NaN,NaN,NaN,NaN,NaN,NaN,NaN
1593,373,6547.000,27.581,-1.084,-0.015,0.066,NaN,0.156,547,0,-3.368,-1.070,623.000,196.000,722.000,286.000,27.600,-1.070,-1.250,1.980,0.520,1.790,1.445
1594,4,6548.000,33.201,-13.407,0.090,-0.049,0.742,NaN,548,0,2.746,-1.321,1143.000,199.000,1166.000,265.000,NaN,NaN,NaN,NaN,NaN,NaN,NaN
1595,56,6548.000,42.464,-25.224,0.133,-0.210,NaN,NaN,548,0,-2.213,-1.483,NaN,NaN,NaN,NaN,NaN,NaN,NaN,NaN,NaN,NaN,NaN
1596,373,6548.000,27.607,-0.983,-0.004,0.072,0.822,0.914,548,0,2.174,4.979,654.000,199.000,691.000,285.000,27.680,-0.900,-1.200,0.790,0.480,1.730,1.457
1597,4,6549.000,33.303,-13.458,0.090,-0.048,0.748,NaN,549,0,2.906,-1.321,1143.000,199.000,1167.000,265.000,NaN,NaN,NaN,NaN,NaN,NaN,NaN
1598,56,6549.000,42.597,-25.437,0.133,-0.213,NaN,NaN,549,0,-1.354,-1.327,NaN,NaN,NaN,NaN,NaN,NaN,NaN,NaN,NaN,NaN,NaN
1599,373,6549.000,27.611,-0.954,-0.002,0.062,0.801,NaN,549,0,4.010,-1.322,653.000,198.000,687.000,285.000,NaN,NaN,NaN,NaN,NaN,NaN,NaN
1600,4,6550.000,33.400,-13.518,0.092,-0.052,0.799,NaN,550,0,3.866,-1.320,1145.000,199.000,1168.000,264.000,NaN,NaN,NaN,NaN,NaN,NaN,NaN
1601,56,6550.000,42.728,-25.650,0.132,-0.213,NaN,NaN,550,0,-1.354,-1.327,NaN,NaN,NaN,NaN,NaN,NaN,NaN,NaN,NaN,NaN,NaN
1602,373,6550.000,27.688,-0.885,0.019,0.061,0.820,0.135,550,0,2.174,-1.128,651.000,198.000,676.000,285.000,27.750,-0.850,-1.190,0.700,0.470,1.780,-1.541
1603,4,6551.000,33.426,-13.574,0.090,-0.064,0.665,0.062,551,0,-0.567,-1.912,1146.000,200.000,1169.000,265.000,33.370,-13.650,-1.050,0.750,0.630,1.660,-0.625
1604,56,6551.000,42.860,-25.863,0.132,-0.213,NaN,NaN,551,0,-2.257,-1.271,NaN,NaN,NaN,NaN,NaN,NaN,NaN,NaN,NaN,NaN,NaN
1605,373,6551.000,27.713,-0.799,0.021,0.067,0.788,0.417,551,0,1.716,-0.485,645.000,198.000,671.000,285.000,27.730,-0.760,-1.240,0.910,0.550,1.710,-1.280
1606,4,6552.000,33.525,-13.653,0.090,-0.068,0.797,NaN,552,0,3.866,-1.319,1148.000,200.000,1170.000,265.000,NaN,NaN,NaN,NaN,NaN,NaN,NaN
1607,56,6552.000,42.992,-26.075,0.132,-0.212,NaN,NaN,552,0,-2.640,-1.327,NaN,NaN,NaN,NaN,NaN,NaN,NaN,NaN,NaN,NaN,NaN
1608,373,6552.000,27.734,-0.712,0.021,0.070,0.787,NaN,552,0,3.821,-1.319,639.000,198.000,670.000,286.000,NaN,NaN,NaN,NaN,NaN,NaN,NaN
1609,4,6553.000,33.620,-13.729,0.089,-0.069,0.801,NaN,553,0,3.866,-1.317,1149.000,199.000,1172.000,265.000,NaN,NaN,NaN,NaN,NaN,NaN,NaN
1610,56,6553.000,43.127,-26.286,0.134,-0.211,NaN,NaN,553,0,-2.998,-1.327,NaN,NaN,NaN,NaN,NaN,NaN,NaN,NaN,NaN,NaN,NaN
1611,373,6553.000,27.788,-0.623,0.031,0.074,0.831,0.722,553,0,2.410,0.571,631.000,198.000,671.000,285.000,27.820,-0.580,-1.280,0.980,0.520,1.880,1.757
1612,4,6554.000,33.705,-13.807,0.086,-0.071,0.812,NaN,554,0,4.053,-1.313,1151.000,198.000,1175.000,264.000,NaN,NaN,NaN,NaN,NaN,NaN,NaN
1613,56,6554.000,43.263,-26.497,0.136,-0.210,NaN,NaN,554,0,-2.507,-1.327,NaN,NaN,NaN,NaN,NaN,NaN,NaN,NaN,NaN,NaN,NaN
1614,373,6554.000,27.819,-0.542,0.032,0.076,0.830,0.928,554,0,2.410,7.239,622.000,199.000,671.000,285.000,27.830,-0.550,-1.270,0.840,0.490,1.800,-2.173
1615,4,6555.000,33.778,-13.879,0.084,-0.073,0.801,NaN,555,0,3.866,-1.311,1152.000,199.000,1177.000,265.000,NaN,NaN,NaN,NaN,NaN,NaN,NaN
1616,56,6555.000,43.401,-26.706,0.137,-0.209,NaN,NaN,555,0,-2.998,-1.327,NaN,NaN,NaN,NaN,NaN,NaN,NaN,NaN,NaN,NaN,NaN
1617,373,6555.000,27.850,-0.483,0.033,0.072,0.844,NaN,555,0,4.474,-1.298,623.000,198.000,672.000,285.000,NaN,NaN,NaN,NaN,NaN,NaN,NaN
1618,4,6556.000,33.865,-13.964,0.085,-0.075,0.767,NaN,556,0,3.261,-1.310,1154.000,199.000,1179.000,263.000,NaN,NaN,NaN,NaN,NaN,NaN,NaN
1619,56,6556.000,43.539,-26.914,0.138,-0.208,NaN,NaN,556,0,1.827,7.239,NaN,NaN,NaN,NaN,NaN,NaN,NaN,NaN,NaN,NaN,NaN
1620,373,6556.000,27.871,-0.417,0.032,0.070,NaN,0.049,556,0,-3.285,-1.477,600.000,195.000,686.000,288.000,27.860,-0.450,-1.260,1.850,0.580,1.840,-2.289
1621,4,6557.000,33.958,-14.057,0.086,-0.078,0.789,NaN,557,0,3.665,-1.308,1155.000,198.000,1183.000,263.000,NaN,NaN,NaN,NaN,NaN,NaN,NaN
1622,56,6557.000,43.680,-27.123,0.141,-0.209,NaN,NaN,557,0,-2.507,-1.327,NaN,NaN,NaN,NaN,NaN,NaN,NaN,NaN,NaN,NaN,NaN
1623,373,6557.000,27.899,-0.365,0.030,0.067,0.836,NaN,557,0,4.474,-1.281,623.000,198.000,657.000,285.000,NaN,NaN,NaN,NaN,NaN,NaN,NaN
1624,4,6558.000,34.051,-14.142,0.087,-0.081,0.800,NaN,558,0,3.866,-1.306,1156.000,199.000,1184.000,264.000,NaN,NaN,NaN,NaN,NaN,NaN,NaN
1625,56,6558.000,43.821,-27.333,0.141,-0.210,NaN,NaN,558,0,-2.404,-1.327,NaN,NaN,NaN,NaN,NaN,NaN,NaN,NaN,NaN,NaN,NaN
1626,373,6558.000,27.965,-0.314,0.038,0.065,0.795,0.534,558,0,1.827,-0.129,622.000,198.000,653.000,285.000,27.980,-0.340,-1.270,0.720,0.680,1.830,0.862
1627,4,6559.000,34.140,-14.216,0.088,-0.077,0.796,NaN,559,0,3.866,-1.305,1157.000,199.000,1185.000,265.000,NaN,NaN,NaN,NaN,NaN,NaN,NaN
1628,56,6559.000,43.963,-27.543,0.142,-0.211,NaN,NaN,559,0,-3.178,-1.327,NaN,NaN,NaN,NaN,NaN,NaN,NaN,NaN,NaN,NaN,NaN
1629,373,6559.000,28.029,-0.290,0.046,0.056,0.845,0.045,559,0,2.682,-1.538,617.000,197.000,647.000,285.000,28.040,-0.370,-1.150,0.690,0.550,1.840,-0.121
1630,4,6560.000,34.200,-14.276,0.086,-0.076,0.830,NaN,560,0,4.351,-1.301,1159.000,199.000,1185.000,264.000,NaN,NaN,NaN,NaN,NaN,NaN,NaN
1631,56,6560.000,44.104,-27.753,0.141,-0.210,NaN,NaN,560,0,-1.598,-1.327,NaN,NaN,NaN,NaN,NaN,NaN,NaN,NaN,NaN,NaN,NaN
1632,373,6560.000,28.079,-0.189,0.046,0.065,0.842,NaN,560,0,4.474,-1.288,611.000,197.000,644.000,285.000,NaN,NaN,NaN,NaN,NaN,NaN,NaN
1633,4,6561.000,34.285,-14.326,0.087,-0.070,0.826,NaN,561,0,4.351,-1.300,1159.000,199.000,1185.000,263.000,NaN,NaN,NaN,NaN,NaN,NaN,NaN
1634,56,6561.000,44.245,-27.965,0.141,-0.212,NaN,NaN,561,0,-2.640,-1.327,NaN,NaN,NaN,NaN,NaN,NaN,NaN,NaN,NaN,NaN,NaN
1635,373,6561.000,28.084,-0.170,0.036,0.056,0.840,0.046,561,0,2.682,-1.490,609.000,198.000,642.000,284.000,28.030,-0.260,-1.210,0.720,0.750,1.780,0.184
1636,4,6562.000,34.373,-14.374,0.090,-0.066,0.817,NaN,562,0,4.217,-1.300,1160.000,199.000,1185.000,264.000,NaN,NaN,NaN,NaN,NaN,NaN,NaN
1637,56,6562.000,44.386,-28.176,0.140,-0.211,NaN,NaN,562,0,-2.080,-1.327,NaN,NaN,NaN,NaN,NaN,NaN,NaN,NaN,NaN,NaN,NaN
1638,373,6562.000,28.119,-0.093,0.035,0.060,0.868,NaN,562,0,4.491,-1.302,607.000,199.000,641.000,285.000,NaN,NaN,NaN,NaN,NaN,NaN,NaN
1639,4,6563.000,34.474,-14.426,0.093,-0.061,0.796,NaN,563,0,3.866,-1.298,1162.000,199.000,1185.000,264.000,NaN,NaN,NaN,NaN,NaN,NaN,NaN
1640,56,6563.000,44.525,-28.386,0.138,-0.210,NaN,NaN,563,0,-2.972,-1.327,NaN,NaN,NaN,NaN,NaN,NaN,NaN,NaN,NaN,NaN,NaN
1641,373,6563.000,28.168,-0.035,0.039,0.060,0.860,NaN,563,0,4.491,-1.310,605.000,199.000,640.000,285.000,NaN,NaN,NaN,NaN,NaN,NaN,NaN
1642,4,6564.000,34.629,-14.495,0.101,-0.058,0.791,NaN,564,0,3.665,-1.298,1163.000,199.000,1185.000,264.000,NaN,NaN,NaN,NaN,NaN,NaN,NaN
1643,56,6564.000,44.665,-28.596,0.140,-0.210,NaN,NaN,564,0,-2.680,-1.327,NaN,NaN,NaN,NaN,NaN,NaN,NaN,NaN,NaN,NaN,NaN
1644,373,6564.000,28.217,-0.015,0.041,0.049,0.848,0.173,564,0,2.998,-1.032,604.000,198.000,640.000,284.000,28.220,-0.110,-1.190,0.760,0.560,1.900,0.599
1645,4,6565.000,34.758,-14.562,0.104,-0.060,0.758,NaN,565,0,3.077,-1.298,1163.000,199.000,1187.000,262.000,NaN,NaN,NaN,NaN,NaN,NaN,NaN
1646,56,6565.000,44.804,-28.807,0.140,-0.211,NaN,NaN,565,0,-1.012,-1.327,NaN,NaN,NaN,NaN,NaN,NaN,NaN,NaN,NaN,NaN,NaN
1647,373,6565.000,28.257,0.032,0.042,0.048,0.830,NaN,565,0,4.413,-1.313,605.000,198.000,636.000,283.000,NaN,NaN,NaN,NaN,NaN,NaN,NaN
1648,4,6566.000,34.881,-14.624,0.106,-0.059,0.770,NaN,566,0,3.261,-1.297,1165.000,199.000,1186.000,261.000,NaN,NaN,NaN,NaN,NaN,NaN,NaN
1649,56,6566.000,44.944,-29.017,0.139,-0.210,NaN,NaN,566,0,-1.642,-1.327,NaN,NaN,NaN,NaN,NaN,NaN,NaN,NaN,NaN,NaN,NaN
1650,373,6566.000,28.300,0.075,0.045,0.048,0.812,NaN,566,0,4.175,-1.314,605.000,197.000,632.000,280.000,NaN,NaN,NaN,NaN,NaN,NaN,NaN
1651,4,6567.000,34.994,-14.692,0.106,-0.061,0.746,NaN,567,0,2.906,-1.297,1166.000,199.000,1187.000,263.000,NaN,NaN,NaN,NaN,NaN,NaN,NaN
1652,56,6567.000,45.082,-29.226,0.139,-0.209,NaN,NaN,567,0,-2.339,-1.327,NaN,NaN,NaN,NaN,NaN,NaN,NaN,NaN,NaN,NaN,NaN
1653,373,6567.000,28.396,0.110,0.053,0.043,0.824,0.015,567,0,2.174,-1.654,604.000,196.000,630.000,280.000,28.420,0.080,-1.380,0.720,0.630,1.710,0.215
1654,4,6568.000,35.080,-14.763,0.103,-0.066,0.544,NaN,568,0,0.556,-1.296,1168.000,200.000,1188.000,263.000,NaN,NaN,NaN,NaN,NaN,NaN,NaN
1655,56,6568.000,45.223,-29.435,0.140,-0.210,NaN,NaN,568,0,-2.272,-1.327,NaN,NaN,NaN,NaN,NaN,NaN,NaN,NaN,NaN,NaN,NaN
1656,373,6568.000,28.493,0.162,0.061,0.045,0.846,0.025,568,0,2.773,-1.728,601.000,195.000,628.000,280.000,28.550,0.190,-1.230,0.800,0.510,1.830,0.196
1657,4,6569.000,35.161,-14.827,0.100,-0.067,0.349,NaN,569,0,-0.624,-1.293,1170.000,201.000,1187.000,262.000,NaN,NaN,NaN,NaN,NaN,NaN,NaN
1658,56,6569.000,48.047,-20.497,0.185,0.004,0.120,NaN,569,0,-1.715,-1.327,1170.000,201.000,1203.000,262.000,NaN,NaN,NaN,NaN,NaN,NaN,NaN
1659,373,6569.000,28.549,0.199,0.057,0.043,0.843,NaN,569,0,4.474,-1.316,599.000,196.000,626.000,280.000,NaN,NaN,NaN,NaN,NaN,NaN,NaN
1660,4,6570.000,35.249,-14.906,0.098,-0.070,0.284,NaN,570,0,-1.035,-1.292,1172.000,202.000,1189.000,262.000,NaN,NaN,NaN,NaN,NaN,NaN,NaN
1661,56,6570.000,49.985,-21.344,0.204,-0.047,0.237,NaN,570,0,-0.079,-0.082,1172.000,203.000,1201.000,263.000,NaN,NaN,NaN,NaN,NaN,NaN,NaN
1662,373,6570.000,28.612,0.235,0.060,0.041,0.840,0.124,570,0,2.448,-1.266,597.000,197.000,625.000,280.000,28.610,0.220,-1.200,0.970,0.470,1.870,-2.223
1663,4,6571.000,35.350,-14.975,0.101,-0.069,NaN,NaN,571,0,-1.302,-1.276,NaN,NaN,NaN,NaN,NaN,NaN,NaN,NaN,NaN,NaN,NaN
1664,56,6571.000,50.190,-21.390,0.204,-0.047,NaN,NaN,571,0,-0.177,-0.092,NaN,NaN,NaN,NaN,NaN,NaN,NaN,NaN,NaN,NaN,NaN
1665,373,6571.000,28.704,0.291,0.066,0.047,0.826,0.297,571,0,2.167,-0.792,589.000,199.000,624.000,280.000,28.740,0.320,-1.180,0.710,0.570,1.760,1.518
1666,4,6572.000,35.450,-15.043,0.101,-0.069,NaN,NaN,572,0,-0.965,-1.265,NaN,NaN,NaN,NaN,NaN,NaN,NaN,NaN,NaN,NaN,NaN
1667,56,6572.000,50.393,-21.437,0.204,-0.047,NaN,NaN,572,0,-0.206,-0.092,NaN,NaN,NaN,NaN,NaN,NaN,NaN,NaN,NaN,NaN,NaN
1668,373,6572.000,28.778,0.323,0.069,0.042,0.832,NaN,572,0,4.413,-1.311,592.000,198.000,623.000,280.000,NaN,NaN,NaN,NaN,NaN,NaN,NaN
1669,4,6573.000,35.551,-15.110,0.101,-0.066,NaN,NaN,573,0,-0.452,-1.250,NaN,NaN,NaN,NaN,NaN,NaN,NaN,NaN,NaN,NaN,NaN
1670,56,6573.000,50.597,-21.483,0.204,-0.046,NaN,NaN,573,0,-0.215,-0.092,NaN,NaN,NaN,NaN,NaN,NaN,NaN,NaN,NaN,NaN,NaN
1671,373,6573.000,28.833,0.365,0.066,0.041,0.779,0.222,573,0,1.385,-0.988,590.000,196.000,623.000,280.000,28.810,0.350,-1.200,0.960,0.420,1.800,-2.544
1672,4,6574.000,35.653,-15.177,0.101,-0.067,NaN,NaN,574,0,-1.037,-1.242,NaN,NaN,NaN,NaN,NaN,NaN,NaN,NaN,NaN,NaN,NaN
1673,56,6574.000,50.802,-21.528,0.205,-0.045,NaN,NaN,574,0,-0.206,-0.092,NaN,NaN,NaN,NaN,NaN,NaN,NaN,NaN,NaN,NaN,NaN
1674,373,6574.000,28.896,0.418,0.066,0.045,0.805,0.421,574,0,1.575,-0.580,586.000,199.000,616.000,279.000,28.890,0.440,-1.230,1.120,0.480,1.910,-2.609
1675,4,6575.000,35.755,-15.245,0.101,-0.069,NaN,NaN,575,0,-1.513,-1.222,NaN,NaN,NaN,NaN,NaN,NaN,NaN,NaN,NaN,NaN,NaN
1676,56,6575.000,51.008,-21.572,0.206,-0.044,NaN,NaN,575,0,-0.066,-0.047,NaN,NaN,NaN,NaN,NaN,NaN,NaN,NaN,NaN,NaN,NaN
1677,373,6575.000,28.943,0.522,0.061,0.060,0.606,NaN,575,0,1.112,-1.301,581.000,197.000,609.000,276.000,NaN,NaN,NaN,NaN,NaN,NaN,NaN
1678,4,6576.000,35.857,-15.315,0.102,-0.069,NaN,NaN,576,0,-2.041,-1.204,NaN,NaN,NaN,NaN,NaN,NaN,NaN,NaN,NaN,NaN,NaN
1679,56,6576.000,51.214,-21.617,0.207,-0.045,NaN,NaN,576,0,-0.109,-0.004,NaN,NaN,NaN,NaN,NaN,NaN,NaN,NaN,NaN,NaN,NaN
1680,373,6576.000,28.990,0.574,0.059,0.058,0.584,0.907,576,0,-0.175,5.442,578.000,195.000,605.000,251.000,28.970,0.560,-1.210,1.000,0.490,1.850,-2.452
1681,4,6577.000,35.960,-15.384,0.103,-0.069,NaN,NaN,577,0,-2.053,-1.174,NaN,NaN,NaN,NaN,NaN,NaN,NaN,NaN,NaN,NaN,NaN
1682,56,6577.000,51.421,-21.660,0.208,-0.043,NaN,NaN,577,0,-0.007,-0.048,NaN,NaN,NaN,NaN,NaN,NaN,NaN,NaN,NaN,NaN,NaN
1683,373,6577.000,29.035,0.626,0.057,0.056,0.081,0.933,577,0,-2.747,5.442,573.000,198.000,604.000,275.000,29.010,0.620,-1.150,0.900,0.500,1.770,-2.108
1684,4,6578.000,36.061,-15.452,0.102,-0.068,NaN,NaN,578,0,-1.291,-1.134,NaN,NaN,NaN,NaN,NaN,NaN,NaN,NaN,NaN,NaN,NaN
1685,56,6578.000,51.628,-21.706,0.207,-0.045,NaN,NaN,578,0,-0.120,-0.048,NaN,NaN,NaN,NaN,NaN,NaN,NaN,NaN,NaN,NaN,NaN
1686,373,6578.000,29.080,0.756,0.054,0.073,0.566,NaN,578,0,0.573,-1.292,567.000,196.000,598.000,251.000,NaN,NaN,NaN,NaN,NaN,NaN,NaN
1687,4,6579.000,36.165,-15.518,0.104,-0.066,NaN,NaN,579,0,-1.835,-1.115,NaN,NaN,NaN,NaN,NaN,NaN,NaN,NaN,NaN,NaN,NaN
1688,56,6579.000,51.833,-21.751,0.206,-0.045,NaN,NaN,579,0,0.422,-0.048,NaN,NaN,NaN,NaN,NaN,NaN,NaN,NaN,NaN,NaN,NaN
1689,373,6579.000,29.176,0.818,0.064,0.070,0.025,0.976,579,0,-3.329,5.442,569.000,198.000,598.000,275.000,29.200,0.790,-1.200,0.810,0.560,1.680,0.382
1690,4,6580.000,36.270,-15.584,0.105,-0.066,NaN,NaN,580,0,2.206,-1.081,NaN,NaN,NaN,NaN,NaN,NaN,NaN,NaN,NaN,NaN,NaN
1691,56,6580.000,52.039,-21.793,0.205,-0.043,NaN,NaN,580,0,-0.115,-0.048,NaN,NaN,NaN,NaN,NaN,NaN,NaN,NaN,NaN,NaN,NaN
1692,373,6580.000,29.281,0.867,0.073,0.065,0.100,0.581,580,0,-2.597,-0.088,561.000,197.000,596.000,277.000,29.320,0.820,-1.150,0.740,0.650,1.670,0.196
1693,4,6581.000,36.374,-15.649,0.104,-0.065,NaN,NaN,581,0,-1.847,-1.020,NaN,NaN,NaN,NaN,NaN,NaN,NaN,NaN,NaN,NaN,NaN
1694,56,6581.000,52.244,-21.836,0.205,-0.043,NaN,NaN,581,0,-0.041,-0.048,NaN,NaN,NaN,NaN,NaN,NaN,NaN,NaN,NaN,NaN,NaN
1695,373,6581.000,29.354,0.953,0.074,0.067,0.825,NaN,581,0,4.156,-1.297,561.000,197.000,592.000,250.000,NaN,NaN,NaN,NaN,NaN,NaN,NaN
1696,4,6582.000,36.478,-15.713,0.103,-0.065,NaN,NaN,582,0,1.743,-0.949,NaN,NaN,NaN,NaN,NaN,NaN,NaN,NaN,NaN,NaN,NaN
1697,56,6582.000,52.451,-21.879,0.206,-0.043,NaN,NaN,582,0,-0.037,-0.025,NaN,NaN,NaN,NaN,NaN,NaN,NaN,NaN,NaN,NaN,NaN
1698,373,6582.000,29.407,0.977,0.068,0.057,0.075,0.996,582,0,-2.856,5.442,561.000,199.000,592.000,282.000,29.360,0.900,-1.180,0.970,0.470,1.840,-2.400
1699,4,6583.000,36.479,-15.977,0.086,-0.078,0.341,NaN,583,0,-0.610,-0.925,1191.000,206.000,1209.000,248.000,NaN,NaN,NaN,NaN,NaN,NaN,NaN
1700,56,6583.000,52.658,-21.924,0.207,-0.045,NaN,NaN,583,0,-0.000,-0.000,NaN,NaN,NaN,NaN,NaN,NaN,NaN,NaN,NaN,NaN,NaN
1701,373,6583.000,29.477,1.023,0.069,0.054,0.497,0.935,583,0,-0.645,5.442,562.000,195.000,585.000,250.000,29.470,1.010,-1.170,0.830,0.660,1.820,0.715
1702,4,6584.000,36.565,-16.055,0.086,-0.078,NaN,NaN,584,0,0.573,-0.037,NaN,NaN,NaN,NaN,NaN,NaN,NaN,NaN,NaN,NaN,NaN
1703,56,6584.000,52.865,-21.968,0.208,-0.045,NaN,NaN,584,0,-0.010,-0.025,NaN,NaN,NaN,NaN,NaN,NaN,NaN,NaN,NaN,NaN,NaN
1704,373,6584.000,29.551,1.084,0.070,0.053,0.178,NaN,584,0,-1.176,-1.292,560.000,194.000,586.000,279.000,NaN,NaN,NaN,NaN,NaN,NaN,NaN
1705,4,6585.000,36.651,-16.133,0.086,-0.078,NaN,NaN,585,0,-0.005,-0.035,NaN,NaN,NaN,NaN,NaN,NaN,NaN,NaN,NaN,NaN,NaN
1706,56,6585.000,53.072,-22.016,0.207,-0.048,NaN,NaN,585,0,-0.096,-0.053,NaN,NaN,NaN,NaN,NaN,NaN,NaN,NaN,NaN,NaN,NaN
1707,373,6585.000,29.642,1.116,0.073,0.047,0.484,0.658,585,0,-0.935,0.011,558.000,194.000,583.000,279.000,29.650,1.050,-1.110,0.810,0.630,1.790,-0.025
1708,4,6586.000,36.736,-16.213,0.086,-0.080,NaN,NaN,586,0,-0.000,-0.000,NaN,NaN,NaN,NaN,NaN,NaN,NaN,NaN,NaN,NaN,NaN
1709,56,6586.000,53.279,-22.064,0.206,-0.048,NaN,NaN,586,0,-0.040,-0.128,NaN,NaN,NaN,NaN,NaN,NaN,NaN,NaN,NaN,NaN,NaN
1710,373,6586.000,29.712,1.167,0.071,0.047,0.708,0.972,586,0,0.526,5.979,556.000,194.000,580.000,280.000,29.700,1.180,-1.080,0.900,0.740,1.850,0.951
1711,4,6587.000,36.823,-16.293,0.086,-0.079,NaN,NaN,587,0,-0.000,-0.000,NaN,NaN,NaN,NaN,NaN,NaN,NaN,NaN,NaN,NaN,NaN
1712,56,6587.000,53.486,-22.112,0.207,-0.048,NaN,NaN,587,0,-0.982,-0.392,NaN,NaN,NaN,NaN,NaN,NaN,NaN,NaN,NaN,NaN,NaN
1713,373,6587.000,29.789,1.232,0.073,0.048,0.593,NaN,587,0,1.124,-1.286,553.000,196.000,578.000,280.000,NaN,NaN,NaN,NaN,NaN,NaN,NaN
1714,4,6588.000,36.908,-16.371,0.085,-0.079,NaN,NaN,588,0,-0.000,-0.000,NaN,NaN,NaN,NaN,NaN,NaN,NaN,NaN,NaN,NaN,NaN
1715,56,6588.000,53.691,-22.159,0.206,-0.047,NaN,NaN,588,0,-0.790,-0.559,NaN,NaN,NaN,NaN,NaN,NaN,NaN,NaN,NaN,NaN,NaN
1716,373,6588.000,29.861,1.262,0.072,0.042,0.534,0.980,588,0,-0.713,5.979,551.000,196.000,578.000,279.000,29.860,1.230,-1.240,0.910,0.590,1.800,0.605
1717,4,6589.000,36.995,-16.450,0.086,-0.078,NaN,NaN,589,0,0.186,-0.038,NaN,NaN,NaN,NaN,NaN,NaN,NaN,NaN,NaN,NaN,NaN
1718,56,6589.000,53.897,-22.208,0.206,-0.048,NaN,NaN,589,0,-1.752,-0.731,NaN,NaN,NaN,NaN,NaN,NaN,NaN,NaN,NaN,NaN,NaN
1719,373,6589.000,29.954,1.300,0.077,0.039,0.429,0.554,589,0,-1.280,-0.289,549.000,199.000,576.000,281.000,29.980,1.300,-1.210,1.100,0.480,1.880,-2.544
1720,4,6590.000,37.082,-16.528,0.087,-0.078,NaN,NaN,590,0,-0.006,-0.110,NaN,NaN,NaN,NaN,NaN,NaN,NaN,NaN,NaN,NaN,NaN
1721,56,6590.000,54.102,-22.255,0.205,-0.048,NaN,NaN,590,0,-2.064,-0.862,NaN,NaN,NaN,NaN,NaN,NaN,NaN,NaN,NaN,NaN,NaN
1722,373,6590.000,30.024,1.415,0.075,0.059,0.504,NaN,590,0,0.432,-1.276,544.000,198.000,568.000,280.000,NaN,NaN,NaN,NaN,NaN,NaN,NaN
1723,4,6591.000,37.170,-16.604,0.087,-0.076,NaN,NaN,591,0,-0.019,-0.178,NaN,NaN,NaN,NaN,NaN,NaN,NaN,NaN,NaN,NaN,NaN
1724,56,6591.000,54.309,-22.302,0.205,-0.047,NaN,NaN,591,0,-2.247,-0.899,NaN,NaN,NaN,NaN,NaN,NaN,NaN,NaN,NaN,NaN,NaN
1725,373,6591.000,30.080,1.451,0.070,0.053,0.476,0.735,591,0,-0.922,0.390,541.000,198.000,568.000,257.000,30.070,1.400,-1.150,0.940,0.540,1.870,-2.128
1726,4,6592.000,37.256,-16.681,0.087,-0.076,NaN,NaN,592,0,-0.406,-0.254,NaN,NaN,NaN,NaN,NaN,NaN,NaN,NaN,NaN,NaN,NaN
1727,56,6592.000,54.513,-22.348,0.206,-0.046,NaN,NaN,592,0,-1.789,-0.990,NaN,NaN,NaN,NaN,NaN,NaN,NaN,NaN,NaN,NaN,NaN
1728,373,6592.000,30.124,1.519,0.062,0.057,0.444,0.985,592,0,-1.206,5.979,535.000,199.000,566.000,282.000,30.100,1.560,-1.220,0.640,0.830,1.890,-0.493
1729,4,6593.000,37.343,-16.758,0.086,-0.077,NaN,NaN,593,0,-1.057,-0.529,NaN,NaN,NaN,NaN,NaN,NaN,NaN,NaN,NaN,NaN,NaN
1730,56,6593.000,54.718,-22.394,0.204,-0.047,NaN,NaN,593,0,-2.150,-1.075,NaN,NaN,NaN,NaN,NaN,NaN,NaN,NaN,NaN,NaN,NaN
1731,373,6593.000,30.169,1.660,0.059,0.077,0.499,NaN,593,0,0.239,-1.280,530.000,198.000,560.000,259.000,NaN,NaN,NaN,NaN,NaN,NaN,NaN
1732,4,6594.000,37.427,-16.835,0.085,-0.077,NaN,NaN,594,0,-1.049,-0.612,NaN,NaN,NaN,NaN,NaN,NaN,NaN,NaN,NaN,NaN,NaN
1733,56,6594.000,54.923,-22.440,0.205,-0.046,NaN,NaN,594,0,-4.044,-1.848,NaN,NaN,NaN,NaN,NaN,NaN,NaN,NaN,NaN,NaN,NaN
1734,373,6594.000,30.233,1.694,0.060,0.067,0.714,0.981,594,0,0.526,5.979,527.000,196.000,562.000,259.000,30.260,1.620,-1.150,0.840,0.520,1.690,0.578
1735,4,6595.000,37.514,-16.911,0.087,-0.076,NaN,NaN,595,0,-1.661,-0.711,NaN,NaN,NaN,NaN,NaN,NaN,NaN,NaN,NaN,NaN,NaN
1736,56,6595.000,55.128,-22.487,0.205,-0.047,NaN,NaN,595,0,-1.615,-1.188,NaN,NaN,NaN,NaN,NaN,NaN,NaN,NaN,NaN,NaN,NaN
1737,373,6595.000,30.306,1.711,0.061,0.056,0.804,0.591,595,0,1.344,-0.173,526.000,196.000,560.000,263.000,30.360,1.650,-1.210,0.960,0.510,1.850,-2.724
1738,4,6596.000,37.600,-16.987,0.086,-0.076,NaN,NaN,596,0,-1.094,-0.780,NaN,NaN,NaN,NaN,NaN,NaN,NaN,NaN,NaN,NaN,NaN
1739,56,6596.000,55.113,-24.750,0.162,-0.137,0.150,NaN,596,0,-1.780,-1.219,1206.000,191.000,1227.000,223.000,NaN,NaN,NaN,NaN,NaN,NaN,NaN
1740,373,6596.000,30.369,1.798,0.061,0.064,0.814,NaN,596,0,4.053,-1.307,523.000,196.000,557.000,263.000,NaN,NaN,NaN,NaN,NaN,NaN,NaN
1741,4,6597.000,37.686,-17.064,0.085,-0.076,NaN,NaN,597,0,-0.911,-0.830,NaN,NaN,NaN,NaN,NaN,NaN,NaN,NaN,NaN,NaN,NaN
1742,56,6597.000,55.961,-25.195,0.169,-0.149,0.089,NaN,597,0,-0.098,-0.056,1208.000,191.000,1226.000,221.000,NaN,NaN,NaN,NaN,NaN,NaN,NaN
1743,373,6597.000,30.430,1.790,0.063,0.048,0.811,0.709,597,0,1.493,0.263,523.000,196.000,556.000,264.000,30.460,1.680,-1.190,1.000,0.470,1.760,-2.241
1744,4,6598.000,37.772,-17.139,0.087,-0.075,NaN,NaN,598,0,-1.097,-0.894,NaN,NaN,NaN,NaN,NaN,NaN,NaN,NaN,NaN,NaN,NaN
1745,56,6598.000,56.130,-25.345,0.169,-0.149,NaN,NaN,598,0,-1.848,-1.083,NaN,NaN,NaN,NaN,NaN,NaN,NaN,NaN,NaN,NaN,NaN
1746,373,6598.000,30.504,1.832,0.064,0.048,0.812,0.940,598,0,1.273,6.654,525.000,195.000,553.000,263.000,30.520,1.810,-1.220,0.920,0.550,1.880,-2.299
1747,4,6599.000,37.859,-17.213,0.086,-0.075,NaN,NaN,599,0,-2.144,-0.918,NaN,NaN,NaN,NaN,NaN,NaN,NaN,NaN,NaN,NaN,NaN
1748,56,6599.000,56.301,-25.495,0.171,-0.150,NaN,NaN,599,0,-1.015,-0.820,NaN,NaN,NaN,NaN,NaN,NaN,NaN,NaN,NaN,NaN,NaN
1749,373,6599.000,30.565,1.905,0.064,0.054,0.775,NaN,599,0,3.460,-1.320,526.000,194.000,550.000,263.000,NaN,NaN,NaN,NaN,NaN,NaN,NaN
1750,4,6600.000,37.946,-17.288,0.087,-0.074,NaN,NaN,600,0,-1.011,-0.918,NaN,NaN,NaN,NaN,NaN,NaN,NaN,NaN,NaN,NaN,NaN
1751,56,6600.000,57.016,-25.920,0.184,-0.163,0.029,NaN,600,0,-2.351,-1.006,1212.000,193.000,1232.000,233.000,NaN,NaN,NaN,NaN,NaN,NaN,NaN
1752,373,6600.000,30.662,1.933,0.070,0.048,0.791,0.360,600,0,1.023,-0.872,526.000,194.000,550.000,270.000,30.690,1.870,-1.220,0.770,0.510,1.760,-1.258
1753,4,6601.000,38.032,-17.362,0.087,-0.074,NaN,NaN,601,0,-3.127,-1.403,NaN,NaN,NaN,NaN,NaN,NaN,NaN,NaN,NaN,NaN,NaN
1754,56,6601.000,57.199,-26.081,0.184,-0.161,NaN,NaN,601,0,-0.997,-1.095,NaN,NaN,NaN,NaN,NaN,NaN,NaN,NaN,NaN,NaN,NaN
1755,373,6601.000,30.748,1.958,0.074,0.044,0.791,0.865,601,0,1.023,1.360,524.000,194.000,548.000,271.000,30.760,1.920,-1.210,0.900,0.620,1.850,1.122
1756,4,6602.000,38.119,-17.435,0.088,-0.074,NaN,NaN,602,0,-1.319,-0.933,NaN,NaN,NaN,NaN,NaN,NaN,NaN,NaN,NaN,NaN,NaN
1757,56,6602.000,57.384,-26.242,0.185,-0.161,NaN,NaN,602,0,-2.273,-1.137,NaN,NaN,NaN,NaN,NaN,NaN,NaN,NaN,NaN,NaN,NaN
1758,373,6602.000,30.822,2.040,0.074,0.054,0.791,NaN,602,0,3.665,-1.325,516.000,195.000,546.000,271.000,NaN,NaN,NaN,NaN,NaN,NaN,NaN
1759,4,6603.000,38.208,-17.510,0.089,-0.075,NaN,NaN,603,0,-1.562,-0.922,NaN,NaN,NaN,NaN,NaN,NaN,NaN,NaN,NaN,NaN,NaN
1760,56,6603.000,57.569,-26.405,0.185,-0.162,NaN,NaN,603,0,-2.598,-1.149,NaN,NaN,NaN,NaN,NaN,NaN,NaN,NaN,NaN,NaN,NaN
1761,373,6603.000,30.883,2.098,0.071,0.056,0.810,0.016,603,0,1.273,-1.901,513.000,195.000,545.000,271.000,30.870,2.110,-1.340,0.810,0.630,1.770,1.021
1762,4,6604.000,38.296,-17.585,0.088,-0.074,NaN,NaN,604,0,-1.287,-0.910,NaN,NaN,NaN,NaN,NaN,NaN,NaN,NaN,NaN,NaN,NaN
1763,56,6604.000,57.755,-26.567,0.185,-0.162,NaN,NaN,604,0,-3.329,-1.912,NaN,NaN,NaN,NaN,NaN,NaN,NaN,NaN,NaN,NaN,NaN
1764,373,6604.000,30.953,2.143,0.072,0.051,0.737,0.992,604,0,0.652,6.654,514.000,195.000,542.000,270.000,30.940,2.100,-1.270,0.840,0.550,1.790,0.589
1765,4,6605.000,38.384,-17.659,0.088,-0.074,NaN,NaN,605,0,-1.620,-0.894,NaN,NaN,NaN,NaN,NaN,NaN,NaN,NaN,NaN,NaN,NaN
1766,56,6605.000,57.939,-26.729,0.185,-0.162,NaN,NaN,605,0,-1.937,-0.969,NaN,NaN,NaN,NaN,NaN,NaN,NaN,NaN,NaN,NaN,NaN
1767,373,6605.000,31.030,2.195,0.073,0.051,0.809,NaN,605,0,4.053,-1.327,513.000,193.000,541.000,272.000,NaN,NaN,NaN,NaN,NaN,NaN,NaN
1768,4,6606.000,38.473,-17.733,0.088,-0.074,NaN,NaN,606,0,-1.592,-0.843,NaN,NaN,NaN,NaN,NaN,NaN,NaN,NaN,NaN,NaN,NaN
1769,56,6606.000,58.124,-26.893,0.186,-0.164,NaN,NaN,606,0,-1.273,-0.618,NaN,NaN,NaN,NaN,NaN,NaN,NaN,NaN,NaN,NaN,NaN
1770,373,6606.000,31.076,2.227,0.069,0.046,0.803,0.927,606,0,1.127,6.654,511.000,194.000,538.000,271.000,31.050,2.190,-1.250,1.040,0.520,1.870,-2.363
1771,4,6607.000,38.559,-17.808,0.086,-0.074,NaN,NaN,607,0,-3.087,-1.554,NaN,NaN,NaN,NaN,NaN,NaN,NaN,NaN,NaN,NaN,NaN
1772,56,6607.000,58.309,-27.057,0.185,-0.164,NaN,NaN,607,0,-1.333,-0.595,NaN,NaN,NaN,NaN,NaN,NaN,NaN,NaN,NaN,NaN,NaN
1773,373,6607.000,31.153,2.273,0.072,0.043,0.757,0.991,607,0,0.808,6.654,507.000,193.000,533.000,271.000,31.170,2.270,-1.190,0.710,0.680,1.770,0.514
1774,4,6608.000,38.647,-17.881,0.087,-0.073,NaN,NaN,608,0,-1.235,-0.617,NaN,NaN,NaN,NaN,NaN,NaN,NaN,NaN,NaN,NaN,NaN
1775,56,6608.000,58.492,-27.221,0.184,-0.164,NaN,NaN,608,0,-0.897,-0.448,NaN,NaN,NaN,NaN,NaN,NaN,NaN,NaN,NaN,NaN,NaN
1776,373,6608.000,31.218,2.390,0.071,0.062,0.822,NaN,608,0,4.217,-1.327,502.000,194.000,531.000,271.000,NaN,NaN,NaN,NaN,NaN,NaN,NaN
1777,4,6609.000,38.732,-17.956,0.086,-0.075,NaN,NaN,609,0,-1.885,-0.942,NaN,NaN,NaN,NaN,NaN,NaN,NaN,NaN,NaN,NaN,NaN
1778,56,6609.000,58.677,-27.388,0.184,-0.167,NaN,NaN,609,0,-0.419,-0.209,NaN,NaN,NaN,NaN,NaN,NaN,NaN,NaN,NaN,NaN,NaN
1779,373,6609.000,31.269,2.415,0.067,0.054,0.822,0.425,609,0,1.468,-0.799,501.000,194.000,528.000,271.000,31.260,2.320,-1.170,0.820,0.510,1.770,-2.566
1780,4,6610.000,38.818,-18.032,0.085,-0.075,NaN,NaN,610,0,-2.300,-1.150,NaN,NaN,NaN,NaN,NaN,NaN,NaN,NaN,NaN,NaN,NaN
1781,56,6610.000,58.860,-27.554,0.185,-0.166,NaN,NaN,610,0,-0.282,-0.141,NaN,NaN,NaN,NaN,NaN,NaN,NaN,NaN,NaN,NaN,NaN
1782,373,6610.000,31.310,2.434,0.061,0.044,0.784,0.242,610,0,0.945,-1.149,497.000,194.000,527.000,272.000,31.300,2.380,-1.170,0.620,0.540,1.920,0.572
1783,4,6611.000,38.904,-18.107,0.086,-0.075,NaN,NaN,611,0,-0.893,-0.395,NaN,NaN,NaN,NaN,NaN,NaN,NaN,NaN,NaN,NaN,NaN
1784,56,6611.000,59.044,-27.719,0.185,-0.166,NaN,NaN,611,0,-0.225,-0.124,NaN,NaN,NaN,NaN,NaN,NaN,NaN,NaN,NaN,NaN,NaN
1785,373,6611.000,31.369,2.550,0.063,0.060,0.771,NaN,611,0,3.261,-1.327,495.000,196.000,525.000,271.000,NaN,NaN,NaN,NaN,NaN,NaN,NaN
1786,4,6612.000,38.990,-18.183,0.086,-0.075,NaN,NaN,612,0,-0.580,-0.232,NaN,NaN,NaN,NaN,NaN,NaN,NaN,NaN,NaN,NaN,NaN
1787,56,6612.000,59.226,-27.884,0.183,-0.164,NaN,NaN,612,0,-0.300,-0.142,NaN,NaN,NaN,NaN,NaN,NaN,NaN,NaN,NaN,NaN,NaN
1788,373,6612.000,31.387,2.563,0.055,0.051,0.830,0.197,612,0,1.712,-1.251,494.000,195.000,524.000,271.000,31.360,2.450,-1.260,0.990,0.500,1.810,-1.946
1789,4,6613.000,39.075,-18.259,0.085,-0.076,NaN,NaN,613,0,-0.326,-0.170,NaN,NaN,NaN,NaN,NaN,NaN,NaN,NaN,NaN,NaN,NaN
1790,56,6613.000,59.407,-28.047,0.182,-0.164,NaN,NaN,613,0,-0.313,-0.154,NaN,NaN,NaN,NaN,NaN,NaN,NaN,NaN,NaN,NaN,NaN
1791,373,6613.000,31.494,2.597,0.064,0.046,0.804,0.751,613,0,0.916,0.260,493.000,195.000,522.000,270.000,31.560,2.550,-1.210,0.860,0.490,1.830,-2.411
1792,4,6614.000,39.161,-18.335,0.086,-0.076,NaN,NaN,614,0,-0.139,-0.069,NaN,NaN,NaN,NaN,NaN,NaN,NaN,NaN,NaN,NaN,NaN
1793,56,6614.000,59.589,-28.210,0.182,-0.162,NaN,NaN,614,0,-0.307,-0.154,NaN,NaN,NaN,NaN,NaN,NaN,NaN,NaN,NaN,NaN,NaN
1794,373,6614.000,31.552,2.700,0.062,0.060,0.808,NaN,614,0,4.053,-1.327,493.000,194.000,518.000,270.000,NaN,NaN,NaN,NaN,NaN,NaN,NaN
1795,4,6615.000,39.246,-18.411,0.085,-0.076,NaN,NaN,615,0,-0.139,-0.069,NaN,NaN,NaN,NaN,NaN,NaN,NaN,NaN,NaN,NaN,NaN
1796,56,6615.000,59.767,-28.374,0.180,-0.164,NaN,NaN,615,0,-0.315,-0.158,NaN,NaN,NaN,NaN,NaN,NaN,NaN,NaN,NaN,NaN,NaN
1797,373,6615.000,31.588,2.731,0.058,0.053,0.802,0.865,615,0,0.916,1.264,494.000,194.000,518.000,270.000,31.570,2.660,-1.150,0.920,0.600,1.840,0.730
1798,4,6616.000,39.331,-18.485,0.086,-0.074,NaN,NaN,616,0,-0.174,-0.069,NaN,NaN,NaN,NaN,NaN,NaN,NaN,NaN,NaN,NaN,NaN
1799,56,6616.000,59.947,-28.536,0.180,-0.163,NaN,NaN,616,0,-0.450,-0.225,NaN,NaN,NaN,NaN,NaN,NaN,NaN,NaN,NaN,NaN,NaN
1800,373,6616.000,31.708,2.771,0.071,0.049,0.815,0.737,616,0,1.054,0.217,494.000,194.000,515.000,270.000,31.770,2.720,-1.110,0.860,0.550,1.750,0.556
1801,4,6617.000,39.415,-18.558,0.085,-0.073,NaN,NaN,617,0,-0.114,-0.074,NaN,NaN,NaN,NaN,NaN,NaN,NaN,NaN,NaN,NaN,NaN
1802,56,6617.000,60.128,-28.699,0.181,-0.162,NaN,NaN,617,0,-0.148,-0.066,NaN,NaN,NaN,NaN,NaN,NaN,NaN,NaN,NaN,NaN,NaN
1803,373,6617.000,31.782,2.826,0.074,0.051,0.826,NaN,617,0,4.351,-1.326,491.000,194.000,514.000,270.000,NaN,NaN,NaN,NaN,NaN,NaN,NaN
1804,4,6618.000,39.501,-18.630,0.086,-0.073,NaN,NaN,618,0,-0.139,-0.074,NaN,NaN,NaN,NaN,NaN,NaN,NaN,NaN,NaN,NaN,NaN
1805,56,6618.000,60.307,-28.864,0.180,-0.165,NaN,NaN,618,0,-0.000,-0.000,NaN,NaN,NaN,NaN,NaN,NaN,NaN,NaN,NaN,NaN,NaN
1806,373,6618.000,31.837,2.859,0.073,0.046,0.829,0.992,618,0,1.487,2.487,488.000,194.000,514.000,270.000,31.800,2.810,-1.220,0.810,0.710,1.720,0.766
1807,4,6619.000,39.588,-18.704,0.086,-0.074,NaN,NaN,619,0,-0.068,-0.069,NaN,NaN,NaN,NaN,NaN,NaN,NaN,NaN,NaN,NaN,NaN
1808,56,6619.000,60.489,-29.029,0.181,-0.166,NaN,NaN,619,0,-0.000,-0.000,NaN,NaN,NaN,NaN,NaN,NaN,NaN,NaN,NaN,NaN,NaN
1809,373,6619.000,31.921,2.887,0.073,0.043,0.832,0.852,619,0,1.487,1.064,483.000,194.000,512.000,270.000,31.910,2.850,-1.150,0.780,0.650,1.770,0.562
1810,4,6620.000,39.675,-18.779,0.087,-0.075,NaN,NaN,620,0,-0.062,-0.069,NaN,NaN,NaN,NaN,NaN,NaN,NaN,NaN,NaN,NaN,NaN
1811,56,6620.000,60.668,-29.194,0.179,-0.164,NaN,NaN,620,0,-0.000,-0.000,NaN,NaN,NaN,NaN,NaN,NaN,NaN,NaN,NaN,NaN,NaN
1812,373,6620.000,31.988,2.956,0.072,0.049,0.812,NaN,620,0,4.053,-1.326,481.000,196.000,512.000,270.000,NaN,NaN,NaN,NaN,NaN,NaN,NaN
1813,4,6621.000,39.763,-18.853,0.088,-0.074,NaN,NaN,621,0,-0.097,-0.071,NaN,NaN,NaN,NaN,NaN,NaN,NaN,NaN,NaN,NaN,NaN
1814,56,6621.000,60.848,-29.358,0.180,-0.164,NaN,NaN,621,0,-0.000,-0.000,NaN,NaN,NaN,NaN,NaN,NaN,NaN,NaN,NaN,NaN,NaN
1815,373,6621.000,32.012,2.971,0.062,0.041,0.817,0.662,621,0,1.243,-0.205,482.000,195.000,511.000,269.000,31.940,2.890,-1.180,0.970,0.590,1.900,-2.367
1816,4,6622.000,39.851,-18.927,0.088,-0.075,NaN,NaN,622,0,-0.069,-0.071,NaN,NaN,NaN,NaN,NaN,NaN,NaN,NaN,NaN,NaN,NaN
1817,56,6622.000,61.026,-29.521,0.179,-0.163,NaN,NaN,622,0,-0.000,-0.000,NaN,NaN,NaN,NaN,NaN,NaN,NaN,NaN,NaN,NaN,NaN
1818,373,6622.000,32.070,3.003,0.064,0.037,0.822,0.947,622,0,1.243,2.487,481.000,196.000,510.000,269.000,32.050,3.010,-1.060,0.810,0.680,1.840,0.949
1819,4,6623.000,39.941,-19.002,0.090,-0.075,NaN,NaN,623,0,-0.083,-0.071,NaN,NaN,NaN,NaN,NaN,NaN,NaN,NaN,NaN,NaN,NaN
1820,56,6623.000,61.202,-29.685,0.177,-0.164,NaN,NaN,623,0,-0.000,-0.000,NaN,NaN,NaN,NaN,NaN,NaN,NaN,NaN,NaN,NaN,NaN
1821,373,6623.000,32.123,3.094,0.062,0.052,0.817,NaN,623,0,4.217,-1.325,479.000,195.000,504.000,268.000,NaN,NaN,NaN,NaN,NaN,NaN,NaN
1822,4,6624.000,40.032,-19.078,0.091,-0.076,NaN,NaN,624,0,-0.068,-0.057,NaN,NaN,NaN,NaN,NaN,NaN,NaN,NaN,NaN,NaN,NaN
1823,56,6624.000,61.382,-29.847,0.179,-0.163,NaN,NaN,624,0,-0.000,-0.000,NaN,NaN,NaN,NaN,NaN,NaN,NaN,NaN,NaN,NaN,NaN
1824,373,6624.000,32.168,3.135,0.060,0.048,0.819,0.947,624,0,1.243,2.487,478.000,194.000,502.000,268.000,32.130,3.110,-1.100,0.780,0.690,1.750,0.685
1825,4,6625.000,40.120,-19.153,0.089,-0.075,NaN,NaN,625,0,-0.068,-0.043,NaN,NaN,NaN,NaN,NaN,NaN,NaN,NaN,NaN,NaN,NaN
1826,56,6625.000,61.564,-30.008,0.182,-0.161,NaN,NaN,625,0,-0.132,-0.066,NaN,NaN,NaN,NaN,NaN,NaN,NaN,NaN,NaN,NaN,NaN
1827,373,6625.000,32.203,3.173,0.059,0.046,0.814,0.484,625,0,1.054,-0.693,476.000,193.000,500.000,269.000,32.150,3.150,-1.070,0.690,0.730,1.860,0.802
1828,4,6626.000,40.210,-19.228,0.089,-0.075,NaN,NaN,626,0,-0.012,-0.015,NaN,NaN,NaN,NaN,NaN,NaN,NaN,NaN,NaN,NaN,NaN
1829,56,6626.000,61.746,-30.170,0.182,-0.162,NaN,NaN,626,0,-0.066,-0.034,NaN,NaN,NaN,NaN,NaN,NaN,NaN,NaN,NaN,NaN,NaN
1830,373,6626.000,32.257,3.256,0.056,0.053,0.754,NaN,626,0,2.906,-1.320,472.000,193.000,499.000,269.000,NaN,NaN,NaN,NaN,NaN,NaN,NaN
1831,4,6627.000,40.299,-19.302,0.089,-0.074,NaN,NaN,627,0,-0.000,-0.000,NaN,NaN,NaN,NaN,NaN,NaN,NaN,NaN,NaN,NaN,NaN
1832,56,6627.000,61.930,-30.332,0.184,-0.162,NaN,NaN,627,0,-0.056,-0.038,NaN,NaN,NaN,NaN,NaN,NaN,NaN,NaN,NaN,NaN,NaN
1833,373,6627.000,32.291,3.291,0.052,0.050,0.749,0.784,627,0,0.519,0.370,473.000,194.000,498.000,269.000,32.250,3.250,-1.050,0.930,0.620,1.810,1.114
1834,4,6628.000,40.389,-19.376,0.089,-0.074,NaN,NaN,628,0,-0.000,-0.000,NaN,NaN,NaN,NaN,NaN,NaN,NaN,NaN,NaN,NaN,NaN
1835,56,6628.000,62.116,-30.494,0.186,-0.163,NaN,NaN,628,0,-0.060,-0.034,NaN,NaN,NaN,NaN,NaN,NaN,NaN,NaN,NaN,NaN,NaN
1836,373,6628.000,32.331,3.324,0.050,0.045,0.670,NaN,628,0,1.724,-1.301,473.000,194.000,496.000,269.000,NaN,NaN,NaN,NaN,NaN,NaN,NaN
1837,4,6629.000,40.477,-19.450,0.089,-0.074,NaN,NaN,629,0,-0.000,-0.000,NaN,NaN,NaN,NaN,NaN,NaN,NaN,NaN,NaN,NaN,NaN
1838,56,6629.000,62.305,-30.658,0.188,-0.163,NaN,NaN,629,0,-0.053,-0.038,NaN,NaN,NaN,NaN,NaN,NaN,NaN,NaN,NaN,NaN,NaN
1839,373,6629.000,32.371,3.352,0.050,0.041,0.763,0.400,629,0,0.597,-0.912,471.000,195.000,495.000,269.000,32.370,3.310,-1.170,0.770,0.640,1.760,0.758
1840,4,6630.000,40.565,-19.523,0.089,-0.073,NaN,NaN,630,0,-0.000,-0.000,NaN,NaN,NaN,NaN,NaN,NaN,NaN,NaN,NaN,NaN,NaN
1841,56,6630.000,62.491,-30.822,0.185,-0.165,NaN,NaN,630,0,-0.440,-0.276,NaN,NaN,NaN,NaN,NaN,NaN,NaN,NaN,NaN,NaN,NaN
1842,373,6630.000,32.470,3.364,0.061,0.033,0.717,0.046,630,0,-0.012,-1.915,471.000,196.000,494.000,269.000,32.530,3.310,-1.080,0.670,0.590,1.810,0.249
1843,4,6631.000,40.654,-19.596,0.089,-0.073,NaN,NaN,631,0,-0.000,-0.000,NaN,NaN,NaN,NaN,NaN,NaN,NaN,NaN,NaN,NaN,NaN
1844,56,6631.000,62.676,-30.988,0.185,-0.166,NaN,NaN,631,0,-0.696,-0.328,NaN,NaN,NaN,NaN,NaN,NaN,NaN,NaN,NaN,NaN,NaN
1845,373,6631.000,32.534,3.393,0.061,0.031,0.544,NaN,631,0,0.556,-1.283,472.000,195.000,493.000,268.000,NaN,NaN,NaN,NaN,NaN,NaN,NaN
1846,4,6632.000,40.742,-19.669,0.088,-0.073,NaN,NaN,632,0,-0.000,-0.000,NaN,NaN,NaN,NaN,NaN,NaN,NaN,NaN,NaN,NaN,NaN
1847,56,6632.000,62.858,-31.152,0.183,-0.165,NaN,NaN,632,0,-0.244,-0.328,NaN,NaN,NaN,NaN,NaN,NaN,NaN,NaN,NaN,NaN,NaN
1848,373,6632.000,32.581,3.415,0.060,0.027,0.030,0.019,632,0,-3.950,-1.991,463.000,194.000,494.000,261.000,32.560,3.380,-0.700,0.780,0.640,1.750,-0.415
1849,4,6633.000,40.830,-19.742,0.088,-0.073,NaN,NaN,633,0,-0.008,-0.031,NaN,NaN,NaN,NaN,NaN,NaN,NaN,NaN,NaN,NaN,NaN
1850,56,6633.000,63.042,-31.317,0.184,-0.164,NaN,NaN,633,0,-0.627,-0.417,NaN,NaN,NaN,NaN,NaN,NaN,NaN,NaN,NaN,NaN,NaN
1851,373,6633.000,32.647,3.442,0.061,0.028,0.117,0.020,633,0,-3.248,-1.978,462.000,194.000,491.000,263.000,32.660,3.430,-1.100,0.720,0.610,1.730,1.157
1852,4,6634.000,40.917,-19.815,0.087,-0.073,NaN,NaN,634,0,-0.020,-0.031,NaN,NaN,NaN,NaN,NaN,NaN,NaN,NaN,NaN,NaN,NaN
1853,56,6634.000,63.224,-31.481,0.182,-0.165,NaN,NaN,634,0,-0.984,-0.492,NaN,NaN,NaN,NaN,NaN,NaN,NaN,NaN,NaN,NaN,NaN
1854,373,6634.000,32.699,3.539,0.058,0.046,0.671,NaN,634,0,1.724,-1.241,459.000,194.000,488.000,266.000,NaN,NaN,NaN,NaN,NaN,NaN,NaN
1855,4,6635.000,41.005,-19.888,0.088,-0.073,NaN,NaN,635,0,-0.034,-0.031,NaN,NaN,NaN,NaN,NaN,NaN,NaN,NaN,NaN,NaN,NaN
1856,56,6635.000,63.408,-31.645,0.184,-0.164,NaN,NaN,635,0,-1.414,-0.707,NaN,NaN,NaN,NaN,NaN,NaN,NaN,NaN,NaN,NaN,NaN
1857,373,6635.000,32.755,3.619,0.058,0.056,0.364,NaN,635,0,-0.699,-1.207,458.000,196.000,487.000,254.000,NaN,NaN,NaN,NaN,NaN,NaN,NaN
1858,4,6636.000,41.093,-19.962,0.088,-0.074,NaN,NaN,636,0,-0.073,-0.061,NaN,NaN,NaN,NaN,NaN,NaN,NaN,NaN,NaN,NaN,NaN
1859,56,6636.000,63.592,-31.808,0.184,-0.163,NaN,NaN,636,0,-1.099,-1.168,NaN,NaN,NaN,NaN,NaN,NaN,NaN,NaN,NaN,NaN,NaN
1860,373,6636.000,32.823,3.679,0.060,0.059,0.174,NaN,636,0,-1.330,-1.223,458.000,199.000,487.000,265.000,NaN,NaN,NaN,NaN,NaN,NaN,NaN
1861,4,6637.000,41.180,-20.034,0.087,-0.073,NaN,NaN,637,0,-0.019,-0.031,NaN,NaN,NaN,NaN,NaN,NaN,NaN,NaN,NaN,NaN,NaN
1862,56,6637.000,63.775,-31.970,0.184,-0.163,NaN,NaN,637,0,-2.483,-1.327,NaN,NaN,NaN,NaN,NaN,NaN,NaN,NaN,NaN,NaN,NaN
1863,373,6637.000,32.883,3.755,0.059,0.063,0.289,NaN,637,0,-0.782,-1.226,453.000,200.000,484.000,267.000,NaN,NaN,NaN,NaN,NaN,NaN,NaN
1864,4,6638.000,41.266,-20.107,0.086,-0.074,NaN,NaN,638,0,-0.019,-0.032,NaN,NaN,NaN,NaN,NaN,NaN,NaN,NaN,NaN,NaN,NaN
1865,56,6638.000,63.956,-32.133,0.181,-0.164,NaN,NaN,638,0,-2.404,-1.327,NaN,NaN,NaN,NaN,NaN,NaN,NaN,NaN,NaN,NaN,NaN
1866,373,6638.000,32.944,3.812,0.060,0.060,0.352,NaN,638,0,-0.605,-1.252,453.000,198.000,482.000,267.000,NaN,NaN,NaN,NaN,NaN,NaN,NaN
1867,4,6639.000,41.353,-20.181,0.086,-0.073,NaN,NaN,639,0,-0.013,-0.032,NaN,NaN,NaN,NaN,NaN,NaN,NaN,NaN,NaN,NaN,NaN
1868,56,6639.000,64.138,-32.298,0.182,-0.165,NaN,NaN,639,0,-1.223,-1.327,NaN,NaN,NaN,NaN,NaN,NaN,NaN,NaN,NaN,NaN,NaN
1869,373,6639.000,33.021,3.966,0.061,0.081,0.174,NaN,639,0,-1.362,-1.252,454.000,198.000,466.000,264.000,NaN,NaN,NaN,NaN,NaN,NaN,NaN
1870,4,6640.000,41.440,-20.255,0.087,-0.074,NaN,NaN,640,0,-0.032,-0.032,NaN,NaN,NaN,NaN,NaN,NaN,NaN,NaN,NaN,NaN,NaN
1871,56,6640.000,64.322,-32.461,0.182,-0.164,NaN,NaN,640,0,-0.202,-1.327,NaN,NaN,NaN,NaN,NaN,NaN,NaN,NaN,NaN,NaN,NaN
1872,373,6640.000,33.099,4.039,0.062,0.078,0.599,NaN,640,0,1.024,-1.252,452.000,196.000,466.000,267.000,NaN,NaN,NaN,NaN,NaN,NaN,NaN
1873,4,6641.000,41.526,-20.328,0.087,-0.074,NaN,NaN,641,0,-0.114,-0.136,NaN,NaN,NaN,NaN,NaN,NaN,NaN,NaN,NaN,NaN,NaN
1874,56,6641.000,64.504,-32.625,0.183,-0.163,NaN,NaN,641,0,-0.142,-1.327,NaN,NaN,NaN,NaN,NaN,NaN,NaN,NaN,NaN,NaN,NaN
1875,373,6641.000,32.946,4.057,0.038,0.066,0.632,0.017,641,0,-0.776,-1.966,452.000,195.000,465.000,266.000,32.960,3.880,-1.150,0.670,0.640,1.900,-0.613
1876,4,6642.000,41.614,-20.403,0.088,-0.074,NaN,NaN,642,0,-0.090,-0.145,NaN,NaN,NaN,NaN,NaN,NaN,NaN,NaN,NaN,NaN,NaN
1877,56,6642.000,64.687,-32.787,0.182,-0.163,NaN,NaN,642,0,0.186,-1.327,NaN,NaN,NaN,NaN,NaN,NaN,NaN,NaN,NaN,NaN,NaN
1878,373,6642.000,33.013,4.091,0.045,0.055,0.584,0.547,642,0,-0.971,-0.595,452.000,195.000,465.000,265.000,33.070,3.920,-1.170,0.930,0.500,1.830,1.215
1879,4,6643.000,41.700,-20.478,0.086,-0.075,NaN,NaN,643,0,-0.162,-0.154,NaN,NaN,NaN,NaN,NaN,NaN,NaN,NaN,NaN,NaN,NaN
1880,56,6643.000,64.868,-32.951,0.181,-0.163,NaN,NaN,643,0,-0.142,-1.327,NaN,NaN,NaN,NaN,NaN,NaN,NaN,NaN,NaN,NaN,NaN
1881,373,6643.000,33.061,4.084,0.048,0.037,0.731,NaN,643,0,2.590,-1.174,450.000,195.000,465.000,266.000,NaN,NaN,NaN,NaN,NaN,NaN,NaN
1882,4,6644.000,41.787,-20.552,0.086,-0.075,NaN,NaN,644,0,-0.145,-0.165,NaN,NaN,NaN,NaN,NaN,NaN,NaN,NaN,NaN,NaN,NaN
1883,56,6644.000,65.051,-33.115,0.183,-0.164,NaN,NaN,644,0,-3.517,-1.561,NaN,NaN,NaN,NaN,NaN,NaN,NaN,NaN,NaN,NaN,NaN
1884,373,6644.000,33.103,4.095,0.050,0.031,0.700,0.033,644,0,-0.271,-1.879,448.000,196.000,463.000,266.000,33.110,3.950,-1.080,0.840,0.550,1.860,1.142
1885,4,6645.000,41.872,-20.627,0.085,-0.074,NaN,NaN,645,0,-0.446,-0.178,NaN,NaN,NaN,NaN,NaN,NaN,NaN,NaN,NaN,NaN,NaN
1886,56,6645.000,65.233,-33.280,0.182,-0.165,NaN,NaN,645,0,-0.202,-1.327,NaN,NaN,NaN,NaN,NaN,NaN,NaN,NaN,NaN,NaN,NaN
1887,373,6645.000,33.160,4.127,0.051,0.031,0.726,NaN,645,0,2.590,-1.196,447.000,196.000,464.000,267.000,NaN,NaN,NaN,NaN,NaN,NaN,NaN
1888,4,6646.000,41.956,-20.700,0.084,-0.074,NaN,NaN,646,0,-0.462,-0.193,NaN,NaN,NaN,NaN,NaN,NaN,NaN,NaN,NaN,NaN,NaN
1889,56,6646.000,65.414,-33.445,0.181,-0.165,NaN,NaN,646,0,-1.461,-1.327,NaN,NaN,NaN,NaN,NaN,NaN,NaN,NaN,NaN,NaN,NaN
1890,373,6646.000,33.250,4.139,0.054,0.024,0.593,0.155,646,0,-0.883,-1.394,446.000,197.000,463.000,267.000,33.290,4.050,-0.990,0.810,0.620,1.660,0.862
1891,4,6647.000,42.039,-20.774,0.083,-0.074,NaN,NaN,647,0,0.422,-0.214,NaN,NaN,NaN,NaN,NaN,NaN,NaN,NaN,NaN,NaN,NaN
1892,56,6647.000,65.594,-33.609,0.181,-0.165,NaN,NaN,647,0,-1.409,-1.327,NaN,NaN,NaN,NaN,NaN,NaN,NaN,NaN,NaN,NaN,NaN
1893,373,6647.000,33.310,4.196,0.052,0.033,0.161,NaN,647,0,-1.311,-1.157,443.000,196.000,462.000,267.000,NaN,NaN,NaN,NaN,NaN,NaN,NaN
1894,4,6648.000,42.123,-20.848,0.083,-0.074,NaN,NaN,648,0,-0.445,-0.236,NaN,NaN,NaN,NaN,NaN,NaN,NaN,NaN,NaN,NaN,NaN
1895,56,6648.000,65.774,-33.773,0.181,-0.163,NaN,NaN,648,0,-1.208,-1.327,NaN,NaN,NaN,NaN,NaN,NaN,NaN,NaN,NaN,NaN,NaN
1896,373,6648.000,33.360,4.257,0.051,0.041,0.355,NaN,648,0,-0.455,-1.029,441.000,197.000,460.000,264.000,NaN,NaN,NaN,NaN,NaN,NaN,NaN
1897,4,6649.000,42.205,-20.922,0.083,-0.074,NaN,NaN,649,0,-0.230,-0.209,NaN,NaN,NaN,NaN,NaN,NaN,NaN,NaN,NaN,NaN,NaN
1898,56,6649.000,65.957,-33.937,0.182,-0.164,NaN,NaN,649,0,-3.100,-1.327,NaN,NaN,NaN,NaN,NaN,NaN,NaN,NaN,NaN,NaN,NaN
1899,373,6649.000,33.412,4.297,0.051,0.040,NaN,NaN,649,0,-1.221,-0.611,NaN,NaN,NaN,NaN,NaN,NaN,NaN,NaN,NaN,NaN,NaN
1900,4,6650.000,42.288,-20.996,0.082,-0.074,NaN,NaN,650,0,-0.498,-0.236,NaN,NaN,NaN,NaN,NaN,NaN,NaN,NaN,NaN,NaN,NaN
1901,56,6650.000,66.143,-34.104,0.185,-0.166,NaN,NaN,650,0,-2.680,-1.327,NaN,NaN,NaN,NaN,NaN,NaN,NaN,NaN,NaN,NaN,NaN
1902,373,6650.000,33.485,4.388,0.056,0.053,0.034,NaN,650,0,-0.883,-0.378,438.000,194.000,454.000,230.000,NaN,NaN,NaN,NaN,NaN,NaN,NaN
1903,4,6651.000,42.371,-21.069,0.083,-0.072,NaN,NaN,651,0,-0.541,-0.270,NaN,NaN,NaN,NaN,NaN,NaN,NaN,NaN,NaN,NaN,NaN
1904,56,6651.000,66.324,-34.269,0.183,-0.165,NaN,NaN,651,0,-2.249,-1.327,NaN,NaN,NaN,NaN,NaN,NaN,NaN,NaN,NaN,NaN,NaN
1905,373,6651.000,33.542,4.441,0.057,0.053,NaN,NaN,651,0,-0.000,-0.000,NaN,NaN,NaN,NaN,NaN,NaN,NaN,NaN,NaN,NaN,NaN
1906,4,6652.000,42.452,-21.141,0.082,-0.072,NaN,NaN,652,0,-0.634,-0.317,NaN,NaN,NaN,NaN,NaN,NaN,NaN,NaN,NaN,NaN,NaN
1907,56,6652.000,66.507,-34.437,0.183,-0.167,NaN,NaN,652,0,-2.404,-1.327,NaN,NaN,NaN,NaN,NaN,NaN,NaN,NaN,NaN,NaN,NaN
1908,373,6652.000,33.598,4.494,0.057,0.053,NaN,NaN,652,0,-0.000,-0.000,NaN,NaN,NaN,NaN,NaN,NaN,NaN,NaN,NaN,NaN,NaN
1909,4,6653.000,42.534,-21.213,0.082,-0.072,NaN,NaN,653,0,-0.435,-0.382,NaN,NaN,NaN,NaN,NaN,NaN,NaN,NaN,NaN,NaN,NaN
1910,56,6653.000,66.691,-34.603,0.183,-0.166,NaN,NaN,653,0,-3.180,-1.327,NaN,NaN,NaN,NaN,NaN,NaN,NaN,NaN,NaN,NaN,NaN
1911,373,6653.000,33.655,4.546,0.057,0.053,NaN,NaN,653,0,-0.000,-0.000,NaN,NaN,NaN,NaN,NaN,NaN,NaN,NaN,NaN,NaN,NaN
1912,564,6653.000,6.860,5.660,0.000,0.000,NaN,0.250,653,0,0.000,-0.405,-677.000,126.000,-367.000,557.000,6.860,5.660,-1.090,0.930,0.530,1.960,2.372
1913,4,6654.000,42.617,-21.285,0.082,-0.072,NaN,NaN,654,0,-0.963,-0.482,NaN,NaN,NaN,NaN,NaN,NaN,NaN,NaN,NaN,NaN,NaN
1914,56,6654.000,66.873,-34.769,0.182,-0.167,NaN,NaN,654,0,-2.654,-1.327,NaN,NaN,NaN,NaN,NaN,NaN,NaN,NaN,NaN,NaN,NaN
1915,373,6654.000,33.712,4.599,0.057,0.052,NaN,NaN,654,0,-0.000,-0.000,NaN,NaN,NaN,NaN,NaN,NaN,NaN,NaN,NaN,NaN,NaN
1916,564,6654.000,6.853,5.655,-0.005,-0.004,NaN,NaN,654,0,-2.654,-1.327,NaN,NaN,NaN,NaN,NaN,NaN,NaN,NaN,NaN,NaN,NaN
1917,4,6655.000,42.699,-21.357,0.082,-0.072,NaN,NaN,655,0,-0.570,-0.647,NaN,NaN,NaN,NaN,NaN,NaN,NaN,NaN,NaN,NaN,NaN
1918,56,6655.000,67.053,-34.937,0.181,-0.167,NaN,NaN,655,0,0.000,-0.749,NaN,NaN,NaN,NaN,NaN,NaN,NaN,NaN,NaN,NaN,NaN
1919,373,6655.000,33.769,4.651,0.056,0.052,NaN,NaN,655,0,-0.000,-0.000,NaN,NaN,NaN,NaN,NaN,NaN,NaN,NaN,NaN,NaN,NaN
1920,564,6655.000,6.877,5.662,0.007,0.002,NaN,0.810,655,0,0.000,1.679,-682.000,152.000,-361.000,534.000,6.880,5.650,-1.100,0.860,0.600,1.760,-0.153
1921,4,6656.000,42.782,-21.429,0.082,-0.072,NaN,NaN,656,0,-0.809,-0.964,NaN,NaN,NaN,NaN,NaN,NaN,NaN,NaN,NaN,NaN,NaN
1922,56,6656.000,67.234,-35.103,0.180,-0.167,NaN,NaN,656,0,-2.507,-1.327,NaN,NaN,NaN,NaN,NaN,NaN,NaN,NaN,NaN,NaN,NaN
1923,373,6656.000,34.199,5.527,0.089,0.185,0.011,NaN,656,0,-0.000,-0.000,397.000,184.000,412.000,204.000,NaN,NaN,NaN,NaN,NaN,NaN,NaN
1924,564,6656.000,6.942,5.607,0.025,-0.021,NaN,0.800,656,0,0.000,1.626,-639.000,159.000,-333.000,544.000,6.980,5.570,-1.150,0.880,0.520,1.800,-0.270
1925,4,6657.000,42.864,-21.500,0.082,-0.071,NaN,NaN,657,0,-1.412,-1.327,NaN,NaN,NaN,NaN,NaN,NaN,NaN,NaN,NaN,NaN,NaN
1926,56,6657.000,67.415,-35.271,0.179,-0.167,NaN,NaN,657,0,-2.998,-1.327,NaN,NaN,NaN,NaN,NaN,NaN,NaN,NaN,NaN,NaN,NaN
1927,373,6657.000,34.272,5.656,0.085,0.175,0.041,NaN,657,0,-0.000,-0.000,398.000,184.000,411.000,205.000,NaN,NaN,NaN,NaN,NaN,NaN,NaN
1928,564,6657.000,6.967,5.586,0.024,-0.021,NaN,NaN,657,0,-2.654,-1.327,NaN,NaN,NaN,NaN,NaN,NaN,NaN,NaN,NaN,NaN,NaN
1929,4,6658.000,42.945,-21.571,0.081,-0.072,NaN,NaN,658,0,-1.456,-1.327,NaN,NaN,NaN,NaN,NaN,NaN,NaN,NaN,NaN,NaN,NaN
1930,56,6658.000,67.595,-35.438,0.179,-0.167,NaN,NaN,658,0,-2.680,-1.327,NaN,NaN,NaN,NaN,NaN,NaN,NaN,NaN,NaN,NaN,NaN
1931,373,6658.000,34.356,5.831,0.084,0.174,NaN,NaN,658,0,-0.000,-0.000,NaN,NaN,NaN,NaN,NaN,NaN,NaN,NaN,NaN,NaN,NaN
1932,564,6658.000,7.075,5.520,0.046,-0.034,NaN,0.974,658,0,0.000,1.747,-605.000,162.000,-309.000,515.000,7.110,5.520,-1.100,0.890,0.550,1.680,-0.163
1933,4,6659.000,27.812,2.742,-0.067,0.268,0.202,NaN,659,0,-1.456,-1.327,473.000,202.000,488.000,252.000,NaN,NaN,NaN,NaN,NaN,NaN,NaN
1934,56,6659.000,67.773,-35.606,0.179,-0.168,NaN,NaN,659,0,-3.318,-1.327,NaN,NaN,NaN,NaN,NaN,NaN,NaN,NaN,NaN,NaN,NaN
1935,373,6659.000,34.441,6.005,0.084,0.174,NaN,NaN,659,0,-0.000,-0.000,NaN,NaN,NaN,NaN,NaN,NaN,NaN,NaN,NaN,NaN,NaN
1936,564,6659.000,7.186,5.419,0.055,-0.051,NaN,0.991,659,0,0.000,1.747,-561.000,151.000,-265.000,505.000,7.240,5.400,-1.060,0.900,0.580,1.710,-0.334
1937,4,6660.000,27.745,3.003,-0.068,0.261,0.245,NaN,660,0,-1.219,-1.323,472.000,198.000,487.000,252.000,NaN,NaN,NaN,NaN,NaN,NaN,NaN
1938,56,6660.000,67.954,-35.771,0.180,-0.166,NaN,NaN,660,0,-2.701,-1.327,NaN,NaN,NaN,NaN,NaN,NaN,NaN,NaN,NaN,NaN,NaN
1939,373,6660.000,34.523,6.179,0.083,0.174,NaN,NaN,660,0,-0.000,-0.000,NaN,NaN,NaN,NaN,NaN,NaN,NaN,NaN,NaN,NaN,NaN
1940,564,6660.000,7.240,5.370,0.054,-0.049,NaN,NaN,660,0,-2.654,-1.327,NaN,NaN,NaN,NaN,NaN,NaN,NaN,NaN,NaN,NaN,NaN
1941,4,6661.000,27.685,3.188,-0.061,0.214,0.218,NaN,661,0,-1.307,-1.267,472.000,199.000,487.000,251.000,NaN,NaN,NaN,NaN,NaN,NaN,NaN
1942,56,6661.000,68.135,-35.938,0.180,-0.167,NaN,NaN,661,0,-2.640,-1.327,NaN,NaN,NaN,NaN,NaN,NaN,NaN,NaN,NaN,NaN,NaN
1943,373,6661.000,34.606,6.352,0.083,0.173,NaN,NaN,661,0,-0.000,-0.000,NaN,NaN,NaN,NaN,NaN,NaN,NaN,NaN,NaN,NaN,NaN
1944,564,6661.000,7.347,5.281,0.070,-0.064,NaN,0.957,661,0,0.000,1.747,-478.000,147.000,-253.000,497.000,7.390,5.270,-1.050,0.790,0.510,1.750,-0.973
1945,4,6662.000,27.624,3.403,-0.061,0.214,NaN,NaN,662,0,-3.259,-1.251,NaN,NaN,NaN,NaN,NaN,NaN,NaN,NaN,NaN,NaN,NaN
1946,56,6662.000,68.318,-36.108,0.182,-0.169,NaN,NaN,662,0,-3.456,-1.327,NaN,NaN,NaN,NaN,NaN,NaN,NaN,NaN,NaN,NaN,NaN
1947,373,6662.000,34.689,6.526,0.082,0.174,NaN,NaN,662,0,-0.000,-0.000,NaN,NaN,NaN,NaN,NaN,NaN,NaN,NaN,NaN,NaN,NaN
1948,564,6662.000,7.453,5.196,0.083,-0.069,NaN,0.849,662,0,0.000,1.747,-471.000,138.000,-202.000,511.000,7.490,5.190,-1.070,0.780,0.670,1.880,2.814
1949,4,6663.000,27.563,3.617,-0.062,0.215,NaN,NaN,663,0,-2.624,-1.241,NaN,NaN,NaN,NaN,NaN,NaN,NaN,NaN,NaN,NaN,NaN
1950,56,6663.000,68.499,-36.277,0.181,-0.169,NaN,NaN,663,0,-1.369,-1.327,NaN,NaN,NaN,NaN,NaN,NaN,NaN,NaN,NaN,NaN,NaN
1951,373,6663.000,34.771,6.701,0.082,0.175,NaN,NaN,663,0,-0.000,-0.000,NaN,NaN,NaN,NaN,NaN,NaN,NaN,NaN,NaN,NaN,NaN
1952,564,6663.000,7.534,5.127,0.081,-0.069,NaN,NaN,663,0,-2.654,-1.327,NaN,NaN,NaN,NaN,NaN,NaN,NaN,NaN,NaN,NaN,NaN
1953,4,6664.000,27.501,3.831,-0.062,0.214,NaN,NaN,664,0,-0.000,-0.000,NaN,NaN,NaN,NaN,NaN,NaN,NaN,NaN,NaN,NaN,NaN
1954,56,6664.000,68.680,-36.450,0.179,-0.172,NaN,NaN,664,0,-1.803,-1.327,NaN,NaN,NaN,NaN,NaN,NaN,NaN,NaN,NaN,NaN,NaN
1955,373,6664.000,34.852,6.875,0.081,0.175,NaN,NaN,664,0,-0.000,-0.000,NaN,NaN,NaN,NaN,NaN,NaN,NaN,NaN,NaN,NaN,NaN
1956,564,6664.000,7.611,5.088,0.080,-0.057,NaN,0.999,664,0,0.000,1.818,-430.000,149.000,-178.000,507.000,7.620,5.100,-1.100,0.820,0.570,1.850,-0.253
1957,4,6665.000,27.440,4.047,-0.061,0.216,NaN,NaN,665,0,-0.000,-0.000,NaN,NaN,NaN,NaN,NaN,NaN,NaN,NaN,NaN,NaN,NaN
1958,56,6665.000,68.860,-36.621,0.180,-0.172,NaN,NaN,665,0,-2.822,-1.327,NaN,NaN,NaN,NaN,NaN,NaN,NaN,NaN,NaN,NaN,NaN
1959,373,6665.000,34.933,7.049,0.081,0.173,NaN,NaN,665,0,-0.000,-0.000,NaN,NaN,NaN,NaN,NaN,NaN,NaN,NaN,NaN,NaN,NaN
1960,564,6665.000,7.694,5.019,0.081,-0.062,NaN,0.973,665,0,0.000,1.818,-406.000,145.000,-153.000,506.000,7.700,5.020,-1.090,0.910,0.460,1.870,-0.460
1961,4,6666.000,27.378,4.263,-0.061,0.216,NaN,NaN,666,0,-0.000,-0.000,NaN,NaN,NaN,NaN,NaN,NaN,NaN,NaN,NaN,NaN,NaN
1962,56,6666.000,69.036,-36.795,0.179,-0.173,NaN,NaN,666,0,-2.654,-1.327,NaN,NaN,NaN,NaN,NaN,NaN,NaN,NaN,NaN,NaN,NaN
1963,373,6666.000,35.014,7.222,0.080,0.173,NaN,NaN,666,0,-0.000,-0.000,NaN,NaN,NaN,NaN,NaN,NaN,NaN,NaN,NaN,NaN,NaN
1964,564,6666.000,7.777,4.957,0.084,-0.062,NaN,NaN,666,0,-2.654,-1.327,NaN,NaN,NaN,NaN,NaN,NaN,NaN,NaN,NaN,NaN,NaN
1965,4,6667.000,27.316,4.479,-0.062,0.216,NaN,NaN,667,0,-0.000,-0.000,NaN,NaN,NaN,NaN,NaN,NaN,NaN,NaN,NaN,NaN,NaN
1966,56,6667.000,69.216,-36.969,0.179,-0.174,NaN,NaN,667,0,-3.456,-1.327,NaN,NaN,NaN,NaN,NaN,NaN,NaN,NaN,NaN,NaN,NaN
1967,373,6667.000,35.094,7.396,0.080,0.174,NaN,NaN,667,0,-0.000,-0.000,NaN,NaN,NaN,NaN,NaN,NaN,NaN,NaN,NaN,NaN,NaN
1968,564,6667.000,7.824,4.929,0.076,-0.056,NaN,0.993,667,0,0.000,1.818,-378.000,156.000,-124.000,503.000,7.820,4.950,-1.120,0.920,0.530,1.830,-0.542
1969,4,6668.000,27.254,4.696,-0.062,0.217,NaN,NaN,668,0,-0.000,-0.000,NaN,NaN,NaN,NaN,NaN,NaN,NaN,NaN,NaN,NaN,NaN
1970,56,6668.000,69.394,-37.141,0.178,-0.172,NaN,NaN,668,0,-3.407,-1.327,NaN,NaN,NaN,NaN,NaN,NaN,NaN,NaN,NaN,NaN,NaN
1971,373,6668.000,35.173,7.570,0.080,0.174,NaN,NaN,668,0,-0.000,-0.000,NaN,NaN,NaN,NaN,NaN,NaN,NaN,NaN,NaN,NaN,NaN
1972,564,6668.000,7.921,4.873,0.082,-0.058,NaN,0.997,668,0,0.000,1.818,-347.000,158.000,-102.000,485.000,7.950,4.880,-1.090,0.900,0.550,1.750,-0.474
1973,4,6669.000,27.191,4.912,-0.063,0.216,NaN,NaN,669,0,-0.000,-0.000,NaN,NaN,NaN,NaN,NaN,NaN,NaN,NaN,NaN,NaN,NaN
1974,56,6669.000,69.573,-37.312,0.178,-0.170,NaN,NaN,669,0,-2.654,-1.327,NaN,NaN,NaN,NaN,NaN,NaN,NaN,NaN,NaN,NaN,NaN
1975,373,6669.000,35.255,7.744,0.082,0.173,NaN,NaN,669,0,-0.000,-0.000,NaN,NaN,NaN,NaN,NaN,NaN,NaN,NaN,NaN,NaN,NaN
1976,564,6669.000,8.004,4.816,0.083,-0.058,NaN,NaN,669,0,-2.654,-1.327,NaN,NaN,NaN,NaN,NaN,NaN,NaN,NaN,NaN,NaN,NaN
1977,4,6670.000,27.292,4.712,-0.034,0.148,0.011,NaN,670,0,-0.000,-0.000,387.000,196.000,396.000,206.000,NaN,NaN,NaN,NaN,NaN,NaN,NaN
1978,56,6670.000,69.751,-37.482,0.178,-0.171,NaN,NaN,670,0,-3.456,-1.327,NaN,NaN,NaN,NaN,NaN,NaN,NaN,NaN,NaN,NaN,NaN
1979,373,6670.000,35.337,7.917,0.082,0.173,NaN,NaN,670,0,-0.000,-0.000,NaN,NaN,NaN,NaN,NaN,NaN,NaN,NaN,NaN,NaN,NaN
1980,564,6670.000,8.111,4.751,0.088,-0.060,NaN,0.983,670,0,0.000,1.818,-324.000,152.000,-50.000,485.000,8.130,4.750,-1.080,1.090,0.650,1.810,-0.314
1981,4,6671.000,27.258,4.860,-0.034,0.147,NaN,NaN,671,0,-0.000,-0.000,NaN,NaN,NaN,NaN,NaN,NaN,NaN,NaN,NaN,NaN,NaN
1982,56,6671.000,69.928,-37.654,0.177,-0.171,NaN,NaN,671,0,-2.701,-1.327,NaN,NaN,NaN,NaN,NaN,NaN,NaN,NaN,NaN,NaN,NaN
1983,373,6671.000,32.337,9.108,-0.147,0.296,0.016,NaN,671,0,-0.000,-0.000,239.000,194.000,250.000,215.000,NaN,NaN,NaN,NaN,NaN,NaN,NaN
1984,564,6671.000,8.223,4.679,0.096,-0.064,NaN,0.968,671,0,0.000,1.818,-269.000,162.000,-47.000,467.000,8.250,4.670,-1.080,0.870,0.570,1.710,-0.277
1985,4,6672.000,27.224,5.008,-0.034,0.148,NaN,NaN,672,0,-0.000,-0.000,NaN,NaN,NaN,NaN,NaN,NaN,NaN,NaN,NaN,NaN,NaN
1986,56,6672.000,70.104,-37.826,0.176,-0.172,NaN,NaN,672,0,-2.654,-1.327,NaN,NaN,NaN,NaN,NaN,NaN,NaN,NaN,NaN,NaN,NaN
1987,373,6672.000,32.189,9.403,-0.148,0.296,NaN,NaN,672,0,-2.351,-1.175,NaN,NaN,NaN,NaN,NaN,NaN,NaN,NaN,NaN,NaN,NaN
1988,564,6672.000,8.318,4.615,0.095,-0.064,NaN,NaN,672,0,-2.654,-1.327,NaN,NaN,NaN,NaN,NaN,NaN,NaN,NaN,NaN,NaN,NaN
1989,4,6673.000,27.190,5.155,-0.034,0.148,NaN,NaN,673,0,-0.000,-0.000,NaN,NaN,NaN,NaN,NaN,NaN,NaN,NaN,NaN,NaN,NaN
1990,56,6673.000,70.281,-37.998,0.175,-0.172,NaN,NaN,673,0,-2.550,-1.327,NaN,NaN,NaN,NaN,NaN,NaN,NaN,NaN,NaN,NaN,NaN
1991,373,6673.000,33.489,9.886,0.011,0.305,0.007,NaN,673,0,-3.104,-1.192,225.000,206.000,235.000,215.000,NaN,NaN,NaN,NaN,NaN,NaN,NaN
1992,564,6673.000,8.377,4.554,0.085,-0.060,NaN,0.997,673,0,0.000,1.818,-241.000,155.000,-20.000,475.000,8.360,4.560,-1.090,0.960,0.500,1.810,-0.307
1993,4,6674.000,27.156,5.303,-0.034,0.147,NaN,NaN,674,0,-0.000,-0.000,NaN,NaN,NaN,NaN,NaN,NaN,NaN,NaN,NaN,NaN,NaN
1994,56,6674.000,70.458,-38.172,0.175,-0.174,NaN,NaN,674,0,-3.456,-1.327,NaN,NaN,NaN,NaN,NaN,NaN,NaN,NaN,NaN,NaN,NaN
1995,373,6674.000,33.502,10.191,0.012,0.305,NaN,NaN,674,0,-3.007,-1.255,NaN,NaN,NaN,NaN,NaN,NaN,NaN,NaN,NaN,NaN,NaN
1996,564,6674.000,8.463,4.490,0.085,-0.060,NaN,0.955,674,0,0.000,1.818,-219.000,155.000,3.000,476.000,8.460,4.480,-1.100,0.990,0.480,1.840,-0.460
1997,4,6675.000,27.123,5.449,-0.033,0.147,NaN,NaN,675,0,-0.000,-0.000,NaN,NaN,NaN,NaN,NaN,NaN,NaN,NaN,NaN,NaN,NaN
1998,56,6675.000,70.634,-38.346,0.175,-0.174,NaN,NaN,675,0,-2.654,-1.327,NaN,NaN,NaN,NaN,NaN,NaN,NaN,NaN,NaN,NaN,NaN
1999,373,6675.000,33.515,10.496,0.013,0.305,NaN,NaN,675,0,-2.589,-1.295,NaN,NaN,NaN,NaN,NaN,NaN,NaN,NaN,NaN,NaN,NaN
2000,564,6675.000,8.549,4.430,0.087,-0.059,NaN,NaN,675,0,-2.654,-1.327,NaN,NaN,NaN,NaN,NaN,NaN,NaN,NaN,NaN,NaN,NaN
2001,4,6676.000,27.090,5.596,-0.033,0.147,NaN,NaN,676,0,-0.000,-0.000,NaN,NaN,NaN,NaN,NaN,NaN,NaN,NaN,NaN,NaN,NaN
2002,56,6676.000,70.811,-38.520,0.177,-0.173,NaN,NaN,676,0,-2.998,-1.327,NaN,NaN,NaN,NaN,NaN,NaN,NaN,NaN,NaN,NaN,NaN
2003,373,6676.000,33.529,10.802,0.013,0.306,NaN,NaN,676,0,-3.399,-1.305,NaN,NaN,NaN,NaN,NaN,NaN,NaN,NaN,NaN,NaN,NaN
2004,564,6676.000,8.625,4.401,0.082,-0.052,0.799,0.987,676,0,3.542,1.890,0.000,221.000,44.000,491.000,8.620,4.420,-1.040,0.890,0.580,1.770,-0.304
2005,4,6677.000,27.057,5.743,-0.032,0.147,NaN,NaN,677,0,-0.000,-0.000,NaN,NaN,NaN,NaN,NaN,NaN,NaN,NaN,NaN,NaN,NaN
2006,56,6677.000,70.989,-38.692,0.177,-0.172,NaN,NaN,677,0,-3.180,-1.327,NaN,NaN,NaN,NaN,NaN,NaN,NaN,NaN,NaN,NaN,NaN
2007,373,6677.000,33.968,10.936,0.039,0.210,0.051,NaN,677,0,-2.987,-1.322,191.000,206.000,201.000,217.000,NaN,NaN,NaN,NaN,NaN,NaN,NaN
2008,564,6677.000,8.697,4.330,0.078,-0.058,0.010,0.997,677,0,-2.276,1.890,0.000,219.000,30.000,317.000,8.700,4.320,-1.030,0.950,0.510,1.880,-0.340
2009,4,6678.000,27.026,5.890,-0.031,0.147,NaN,NaN,678,0,-0.000,-0.000,NaN,NaN,NaN,NaN,NaN,NaN,NaN,NaN,NaN,NaN,NaN
2010,56,6678.000,71.168,-38.865,0.179,-0.173,NaN,NaN,678,0,-2.654,-1.327,NaN,NaN,NaN,NaN,NaN,NaN,NaN,NaN,NaN,NaN,NaN
2011,373,6678.000,34.007,11.146,0.039,0.210,NaN,NaN,678,0,-2.632,-1.316,NaN,NaN,NaN,NaN,NaN,NaN,NaN,NaN,NaN,NaN,NaN
2012,564,6678.000,8.775,4.272,0.079,-0.058,NaN,NaN,678,0,-2.654,-1.327,NaN,NaN,NaN,NaN,NaN,NaN,NaN,NaN,NaN,NaN,NaN
2013,4,6679.000,26.994,6.036,-0.032,0.146,NaN,NaN,679,0,-0.000,-0.000,NaN,NaN,NaN,NaN,NaN,NaN,NaN,NaN,NaN,NaN,NaN
2014,56,6679.000,71.345,-39.037,0.178,-0.173,NaN,NaN,679,0,-0.566,-1.290,NaN,NaN,NaN,NaN,NaN,NaN,NaN,NaN,NaN,NaN,NaN
2015,373,6679.000,34.046,11.355,0.039,0.209,NaN,NaN,679,0,-3.154,-1.317,NaN,NaN,NaN,NaN,NaN,NaN,NaN,NaN,NaN,NaN,NaN
2016,564,6679.000,8.827,4.222,0.074,-0.059,0.144,0.929,679,0,-1.188,1.890,0.000,184.000,28.000,490.000,8.810,4.230,-0.960,0.890,0.580,1.770,0.024
2017,4,6680.000,26.962,6.184,-0.032,0.148,NaN,NaN,680,0,-0.000,-0.000,NaN,NaN,NaN,NaN,NaN,NaN,NaN,NaN,NaN,NaN,NaN
2018,56,6680.000,71.523,-39.211,0.179,-0.172,NaN,NaN,680,0,-3.128,-1.540,NaN,NaN,NaN,NaN,NaN,NaN,NaN,NaN,NaN,NaN,NaN
2019,373,6680.000,34.085,11.565,0.039,0.210,NaN,NaN,680,0,-0.929,-1.297,NaN,NaN,NaN,NaN,NaN,NaN,NaN,NaN,NaN,NaN,NaN
2020,564,6680.000,8.900,4.167,0.073,-0.059,0.596,0.964,680,0,1.056,1.890,0.000,184.000,51.000,486.000,8.890,4.170,-1.040,0.860,0.510,1.760,-0.166
2021,4,6681.000,26.931,6.332,-0.031,0.149,NaN,NaN,681,0,-0.000,-0.000,NaN,NaN,NaN,NaN,NaN,NaN,NaN,NaN,NaN,NaN,NaN
2022,56,6681.000,71.703,-39.385,0.178,-0.173,NaN,NaN,681,0,-2.654,-1.327,NaN,NaN,NaN,NaN,NaN,NaN,NaN,NaN,NaN,NaN,NaN
2023,373,6681.000,34.126,11.775,0.040,0.211,NaN,NaN,681,0,-2.198,-1.099,NaN,NaN,NaN,NaN,NaN,NaN,NaN,NaN,NaN,NaN,NaN
2024,564,6681.000,9.004,4.044,0.084,-0.079,0.540,NaN,681,0,0.296,-1.327,0.000,188.000,57.000,476.000,NaN,NaN,NaN,NaN,NaN,NaN,NaN
2025,4,6682.000,26.899,6.481,-0.032,0.149,NaN,NaN,682,0,-0.000,-0.000,NaN,NaN,NaN,NaN,NaN,NaN,NaN,NaN,NaN,NaN,NaN
2026,56,6682.000,71.882,-39.556,0.178,-0.172,NaN,NaN,682,0,-3.178,-1.327,NaN,NaN,NaN,NaN,NaN,NaN,NaN,NaN,NaN,NaN,NaN
2027,373,6682.000,34.166,11.986,0.041,0.211,NaN,NaN,682,0,-1.203,-0.601,NaN,NaN,NaN,NaN,NaN,NaN,NaN,NaN,NaN,NaN,NaN
2028,564,6682.000,9.071,4.015,0.075,-0.064,0.640,0.950,682,0,1.406,1.890,1.000,189.000,62.000,474.000,9.050,4.050,-1.070,1.000,0.510,1.870,-0.538
2029,4,6683.000,26.867,6.631,-0.032,0.150,NaN,NaN,683,0,-0.000,-0.000,NaN,NaN,NaN,NaN,NaN,NaN,NaN,NaN,NaN,NaN,NaN
2030,56,6683.000,62.942,-23.002,0.118,0.054,0.030,NaN,683,0,-3.100,-1.327,1098.000,199.000,1109.000,220.000,NaN,NaN,NaN,NaN,NaN,NaN,NaN
2031,373,6683.000,34.207,12.197,0.041,0.211,NaN,NaN,683,0,-2.315,-0.991,NaN,NaN,NaN,NaN,NaN,NaN,NaN,NaN,NaN,NaN,NaN
2032,564,6683.000,9.175,3.980,0.083,-0.052,0.488,0.998,683,0,0.408,1.890,0.000,194.000,74.000,470.000,9.210,4.000,-1.060,0.990,0.540,1.840,-0.580
2033,588,6683.000,9.190,4.050,0.000,0.000,0.723,0.084,683,0,2.234,-0.762,54.000,212.000,129.000,473.000,9.190,4.050,-1.080,1.780,0.490,1.720,-0.129
2034,4,6684.000,26.835,6.781,-0.032,0.151,NaN,NaN,684,0,-0.000,-0.000,NaN,NaN,NaN,NaN,NaN,NaN,NaN,NaN,NaN,NaN,NaN
2035,56,6684.000,63.061,-22.947,0.119,0.055,NaN,NaN,684,0,-1.000,-0.447,NaN,NaN,NaN,NaN,NaN,NaN,NaN,NaN,NaN,NaN,NaN
2036,373,6684.000,32.781,12.797,-0.126,0.348,0.030,NaN,684,0,-1.739,-1.126,34.000,196.000,86.000,305.000,NaN,NaN,NaN,NaN,NaN,NaN,NaN
2037,564,6684.000,9.264,3.916,0.086,-0.055,0.634,NaN,684,0,1.264,-1.327,0.000,206.000,137.000,465.000,NaN,NaN,NaN,NaN,NaN,NaN,NaN
2038,588,6684.000,9.216,3.986,0.024,-0.047,0.046,NaN,684,0,-1.286,-1.327,8.000,195.000,87.000,439.000,NaN,NaN,NaN,NaN,NaN,NaN,NaN
2039,4,6685.000,26.806,6.930,-0.030,0.149,NaN,NaN,685,0,-0.000,-0.000,NaN,NaN,NaN,NaN,NaN,NaN,NaN,NaN,NaN,NaN,NaN
2040,56,6685.000,70.447,-25.760,0.207,-0.020,0.006,NaN,685,0,-1.085,-0.447,1100.000,200.000,1113.000,224.000,NaN,NaN,NaN,NaN,NaN,NaN,NaN
2041,373,6685.000,32.654,13.145,-0.127,0.348,NaN,NaN,685,0,-1.763,-1.258,NaN,NaN,NaN,NaN,NaN,NaN,NaN,NaN,NaN,NaN,NaN
2042,564,6685.000,9.351,3.927,0.087,-0.035,NaN,0.988,685,0,-2.290,1.890,-62.000,152.000,140.000,442.000,9.350,3.960,-1.050,1.020,0.630,1.840,-0.375
2043,588,6685.000,9.245,3.922,0.030,-0.052,NaN,0.014,685,0,-2.290,-1.138,-14.000,154.000,111.000,457.000,9.250,3.920,-1.070,1.850,0.540,1.820,0.481
2044,4,6686.000,26.776,7.079,-0.030,0.149,NaN,NaN,686,0,-2.203,-0.912,NaN,NaN,NaN,NaN,NaN,NaN,NaN,NaN,NaN,NaN,NaN
2045,56,6686.000,70.654,-25.780,0.208,-0.020,NaN,NaN,686,0,-1.034,-0.571,NaN,NaN,NaN,NaN,NaN,NaN,NaN,NaN,NaN,NaN,NaN
2046,373,6686.000,32.532,13.485,-0.123,0.344,0.049,NaN,686,0,-1.898,-1.097,53.000,189.000,104.000,267.000,NaN,NaN,NaN,NaN,NaN,NaN,NaN
2047,564,6686.000,9.437,3.894,0.087,-0.035,0.553,0.986,686,0,0.713,1.890,29.000,190.000,105.000,462.000,9.430,3.890,-1.040,0.940,0.520,1.800,-0.478
2048,588,6686.000,9.405,3.885,0.082,-0.048,0.030,0.021,686,0,-2.177,-1.121,52.000,189.000,104.000,339.000,9.460,3.900,-1.010,1.780,0.500,1.800,-0.152
2049,4,6687.000,26.745,7.226,-0.031,0.147,NaN,NaN,687,0,-2.466,-1.101,NaN,NaN,NaN,NaN,NaN,NaN,NaN,NaN,NaN,NaN,NaN
2050,56,6687.000,30.451,-11.256,-0.242,0.048,0.196,NaN,687,0,-0.706,-0.571,1107.000,200.000,1117.000,224.000,NaN,NaN,NaN,NaN,NaN,NaN,NaN
2051,373,6687.000,32.410,13.829,-0.122,0.344,NaN,NaN,687,0,-2.020,-1.288,NaN,NaN,NaN,NaN,NaN,NaN,NaN,NaN,NaN,NaN,NaN
2052,564,6687.000,9.531,3.839,0.089,-0.043,0.336,NaN,687,0,-0.423,-1.327,52.000,186.000,122.000,458.000,NaN,NaN,NaN,NaN,NaN,NaN,NaN
2053,588,6687.000,9.502,3.783,0.084,-0.067,0.098,NaN,687,0,-0.936,-1.327,56.000,187.000,180.000,462.000,NaN,NaN,NaN,NaN,NaN,NaN,NaN
2054,4,6688.000,26.714,7.372,-0.031,0.146,NaN,NaN,688,0,-1.773,-1.243,NaN,NaN,NaN,NaN,NaN,NaN,NaN,NaN,NaN,NaN,NaN
2055,56,6688.000,30.211,-11.208,-0.241,0.048,NaN,NaN,688,0,-1.933,-1.324,NaN,NaN,NaN,NaN,NaN,NaN,NaN,NaN,NaN,NaN,NaN
2056,373,6688.000,32.287,14.175,-0.123,0.346,NaN,NaN,688,0,-1.397,-1.095,NaN,NaN,NaN,NaN,NaN,NaN,NaN,NaN,NaN,NaN,NaN
2057,564,6688.000,9.595,3.827,0.080,-0.033,0.618,0.949,688,0,1.319,1.960,49.000,185.000,129.000,450.000,9.570,3.850,-1.030,0.980,0.630,1.760,0.007
2058,588,6688.000,9.400,3.450,0.035,-0.130,0.064,0.990,688,0,-1.734,1.890,52.000,185.000,189.000,454.000,9.250,3.280,-1.160,0.810,0.620,1.840,-0.366
2059,4,6689.000,26.682,7.519,-0.031,0.147,NaN,NaN,689,0,-1.753,-1.240,NaN,NaN,NaN,NaN,NaN,NaN,NaN,NaN,NaN,NaN,NaN
2060,56,6689.000,29.970,-11.158,-0.240,0.050,NaN,NaN,689,0,-2.116,-1.324,NaN,NaN,NaN,NaN,NaN,NaN,NaN,NaN,NaN,NaN,NaN
2061,373,6689.000,32.164,14.522,-0.123,0.347,NaN,NaN,689,0,-2.894,-1.157,NaN,NaN,NaN,NaN,NaN,NaN,NaN,NaN,NaN,NaN,NaN
2062,564,6689.000,9.672,3.777,0.078,-0.040,0.475,0.987,689,0,0.358,1.960,76.000,183.000,135.000,456.000,9.670,3.760,-1.040,0.870,0.620,1.780,-0.293
2063,588,6689.000,9.413,3.324,0.022,-0.128,0.027,0.995,689,0,-2.177,1.890,65.000,183.000,204.000,457.000,9.250,3.290,-1.190,0.930,0.570,1.900,2.522
2064,4,6690.000,26.650,7.667,-0.032,0.148,NaN,NaN,690,0,-1.887,-1.113,NaN,NaN,NaN,NaN,NaN,NaN,NaN,NaN,NaN,NaN,NaN
2065,56,6690.000,27.847,-10.704,-0.306,-0.024,0.025,NaN,690,0,-3.313,-1.325,1131.000,199.000,1138.000,217.000,NaN,NaN,NaN,NaN,NaN,NaN,NaN
2066,373,6690.000,32.040,14.868,-0.124,0.345,NaN,NaN,690,0,-2.248,-1.124,NaN,NaN,NaN,NaN,NaN,NaN,NaN,NaN,NaN,NaN,NaN
2067,564,6690.000,9.750,3.738,0.078,-0.040,0.676,NaN,690,0,1.567,-1.327,68.000,183.000,150.000,451.000,NaN,NaN,NaN,NaN,NaN,NaN,NaN
2068,588,6690.000,9.436,3.193,0.021,-0.128,0.444,NaN,690,0,0.033,-1.327,127.000,212.000,204.000,455.000,NaN,NaN,NaN,NaN,NaN,NaN,NaN
2069,4,6691.000,26.620,7.815,-0.030,0.147,NaN,NaN,691,0,-1.627,-1.038,NaN,NaN,NaN,NaN,NaN,NaN,NaN,NaN,NaN,NaN,NaN
2070,56,6691.000,27.539,-10.727,-0.307,-0.023,NaN,NaN,691,0,-2.141,-1.326,NaN,NaN,NaN,NaN,NaN,NaN,NaN,NaN,NaN,NaN,NaN
2071,373,6691.000,31.914,15.213,-0.125,0.346,NaN,NaN,691,0,-1.932,-1.140,NaN,NaN,NaN,NaN,NaN,NaN,NaN,NaN,NaN,NaN,NaN
2072,564,6691.000,9.821,3.698,0.078,-0.041,0.625,0.990,691,0,1.412,1.960,75.000,186.000,150.000,450.000,9.820,3.700,-1.030,1.120,0.550,1.890,-0.389
2073,588,6691.000,9.452,3.100,0.019,-0.110,0.102,0.974,691,0,-1.404,1.890,75.000,187.000,208.000,452.000,9.450,3.150,-1.180,0.830,0.680,1.760,-0.470
2074,4,6692.000,26.588,7.962,-0.032,0.147,NaN,NaN,692,0,-1.861,-1.153,NaN,NaN,NaN,NaN,NaN,NaN,NaN,NaN,NaN,NaN,NaN
2075,56,6692.000,27.231,-10.749,-0.308,-0.023,NaN,NaN,692,0,-2.270,-1.325,NaN,NaN,NaN,NaN,NaN,NaN,NaN,NaN,NaN,NaN,NaN
2076,373,6692.000,31.787,15.559,-0.127,0.345,NaN,NaN,692,0,-2.507,-1.327,NaN,NaN,NaN,NaN,NaN,NaN,NaN,NaN,NaN,NaN,NaN
2077,564,6692.000,9.903,3.658,0.080,-0.041,0.666,0.978,692,0,1.819,1.960,85.000,188.000,166.000,449.000,9.900,3.660,-1.010,0.990,0.600,1.760,-0.168
2078,588,6692.000,9.526,3.033,0.039,-0.091,0.763,0.995,692,0,2.972,1.960,154.000,206.000,222.000,451.000,9.590,3.090,-1.180,0.830,0.520,1.680,-0.381
2079,4,6693.000,26.557,8.108,-0.031,0.146,NaN,NaN,693,0,-2.524,-1.250,NaN,NaN,NaN,NaN,NaN,NaN,NaN,NaN,NaN,NaN,NaN
2080,56,6693.000,26.923,-10.772,-0.308,-0.022,NaN,NaN,693,0,-2.802,-1.325,NaN,NaN,NaN,NaN,NaN,NaN,NaN,NaN,NaN,NaN,NaN
2081,373,6693.000,31.659,15.906,-0.127,0.347,NaN,NaN,693,0,-3.318,-1.327,NaN,NaN,NaN,NaN,NaN,NaN,NaN,NaN,NaN,NaN,NaN
2082,564,6693.000,9.994,3.595,0.084,-0.048,0.680,NaN,693,0,1.685,-1.327,98.000,189.000,198.000,448.000,NaN,NaN,NaN,NaN,NaN,NaN,NaN
2083,588,6693.000,9.555,2.966,0.036,-0.083,0.748,NaN,693,0,2.373,-1.327,161.000,207.000,238.000,448.000,NaN,NaN,NaN,NaN,NaN,NaN,NaN
2084,4,6694.000,26.525,8.253,-0.032,0.146,NaN,NaN,694,0,-2.295,-1.267,NaN,NaN,NaN,NaN,NaN,NaN,NaN,NaN,NaN,NaN,NaN
2085,56,6694.000,26.615,-10.794,-0.308,-0.021,NaN,NaN,694,0,-1.874,-1.325,NaN,NaN,NaN,NaN,NaN,NaN,NaN,NaN,NaN,NaN,NaN
2086,373,6694.000,31.530,16.253,-0.129,0.347,NaN,NaN,694,0,-2.822,-1.327,NaN,NaN,NaN,NaN,NaN,NaN,NaN,NaN,NaN,NaN,NaN
2087,564,6694.000,10.025,3.581,0.070,-0.038,0.515,0.975,694,0,0.565,1.960,102.000,191.000,200.000,449.000,10.000,3.610,-1.060,0.930,0.550,1.770,-0.215
2088,588,6694.000,9.594,2.865,0.036,-0.089,0.049,NaN,694,0,-1.275,-1.327,196.000,219.000,253.000,435.000,NaN,NaN,NaN,NaN,NaN,NaN,NaN
2089,4,6695.000,26.494,8.398,-0.031,0.145,NaN,NaN,695,0,-3.111,-1.299,NaN,NaN,NaN,NaN,NaN,NaN,NaN,NaN,NaN,NaN,NaN
2090,56,6695.000,26.309,-10.816,-0.307,-0.022,NaN,NaN,695,0,-3.096,-1.325,NaN,NaN,NaN,NaN,NaN,NaN,NaN,NaN,NaN,NaN,NaN
2091,373,6695.000,31.402,16.599,-0.129,0.346,NaN,NaN,695,0,-2.562,-1.246,NaN,NaN,NaN,NaN,NaN,NaN,NaN,NaN,NaN,NaN,NaN
2092,564,6695.000,10.113,3.522,0.075,-0.044,0.827,0.981,695,0,3.915,1.960,109.000,185.000,206.000,447.000,10.130,3.510,-1.040,0.930,0.520,1.960,-0.440
2093,588,6695.000,9.632,2.775,0.037,-0.089,NaN,NaN,695,0,-2.654,-1.327,NaN,NaN,NaN,NaN,NaN,NaN,NaN,NaN,NaN,NaN,NaN
2094,4,6696.000,26.464,8.543,-0.030,0.145,NaN,NaN,696,0,-3.133,-1.308,NaN,NaN,NaN,NaN,NaN,NaN,NaN,NaN,NaN,NaN,NaN
2095,56,6696.000,26.002,-10.838,-0.307,-0.023,NaN,NaN,696,0,-2.968,-1.325,NaN,NaN,NaN,NaN,NaN,NaN,NaN,NaN,NaN,NaN,NaN
2096,373,6696.000,31.273,16.945,-0.129,0.346,NaN,NaN,696,0,-2.654,-1.327,NaN,NaN,NaN,NaN,NaN,NaN,NaN,NaN,NaN,NaN,NaN
2097,564,6696.000,10.190,3.479,0.076,-0.043,0.814,NaN,696,0,3.022,-1.327,119.000,185.000,209.000,448.000,NaN,NaN,NaN,NaN,NaN,NaN,NaN
2098,588,6696.000,9.670,2.686,0.038,-0.089,NaN,NaN,696,0,-2.654,-1.327,NaN,NaN,NaN,NaN,NaN,NaN,NaN,NaN,NaN,NaN,NaN
2099,4,6697.000,26.432,8.688,-0.032,0.144,NaN,NaN,697,0,-2.799,-1.316,NaN,NaN,NaN,NaN,NaN,NaN,NaN,NaN,NaN,NaN,NaN
2100,56,6697.000,25.694,-10.860,-0.307,-0.022,NaN,NaN,697,0,2.121,1.960,NaN,NaN,NaN,NaN,NaN,NaN,NaN,NaN,NaN,NaN,NaN
2101,373,6697.000,31.143,17.292,-0.130,0.347,NaN,NaN,697,0,-2.805,-1.327,NaN,NaN,NaN,NaN,NaN,NaN,NaN,NaN,NaN,NaN,NaN
2102,564,6697.000,10.277,3.425,0.080,-0.044,NaN,0.056,697,0,-2.287,-0.851,44.000,145.000,272.000,422.000,10.290,3.430,-1.000,1.790,0.500,1.880,-0.374
2103,588,6697.000,9.718,2.741,0.033,-0.055,0.055,NaN,697,0,-2.640,-1.327,237.000,194.000,252.000,216.000,NaN,NaN,NaN,NaN,NaN,NaN,NaN
2104,4,6698.000,28.111,7.241,0.041,0.077,0.145,NaN,698,0,-2.108,-1.306,269.000,198.000,286.000,217.000,NaN,NaN,NaN,NaN,NaN,NaN,NaN
2105,56,6698.000,25.385,-10.882,-0.308,-0.023,NaN,NaN,698,0,-2.821,-1.327,NaN,NaN,NaN,NaN,NaN,NaN,NaN,NaN,NaN,NaN,NaN
2106,373,6698.000,31.011,17.639,-0.132,0.347,NaN,NaN,698,0,-2.805,-1.327,NaN,NaN,NaN,NaN,NaN,NaN,NaN,NaN,NaN,NaN,NaN
2107,564,6698.000,10.376,3.381,0.087,-0.043,0.859,1.000,698,0,3.920,1.960,147.000,182.000,219.000,434.000,10.380,3.380,-1.020,0.950,0.610,1.760,-0.478
2108,588,6698.000,9.751,2.687,0.033,-0.054,NaN,NaN,698,0,-3.100,-1.327,NaN,NaN,NaN,NaN,NaN,NaN,NaN,NaN,NaN,NaN,NaN
2109,4,6699.000,28.153,7.318,0.042,0.077,NaN,NaN,699,0,-0.575,-0.255,NaN,NaN,NaN,NaN,NaN,NaN,NaN,NaN,NaN,NaN,NaN
2110,56,6699.000,25.078,-10.906,-0.308,-0.023,NaN,NaN,699,0,-1.918,-1.327,NaN,NaN,NaN,NaN,NaN,NaN,NaN,NaN,NaN,NaN,NaN
2111,373,6699.000,30.879,17.984,-0.132,0.345,NaN,NaN,699,0,-2.805,-1.327,NaN,NaN,NaN,NaN,NaN,NaN,NaN,NaN,NaN,NaN,NaN
2112,564,6699.000,10.461,3.346,0.087,-0.041,0.712,NaN,699,0,2.098,-1.327,157.000,181.000,227.000,418.000,NaN,NaN,NaN,NaN,NaN,NaN,NaN
2113,588,6699.000,9.783,2.634,0.032,-0.054,NaN,NaN,699,0,-3.100,-1.327,NaN,NaN,NaN,NaN,NaN,NaN,NaN,NaN,NaN,NaN,NaN
2114,4,6700.000,28.194,7.394,0.041,0.076,NaN,NaN,700,0,-1.661,-0.818,NaN,NaN,NaN,NaN,NaN,NaN,NaN,NaN,NaN,NaN,NaN
2115,56,6700.000,24.771,-10.929,-0.306,-0.023,NaN,NaN,700,0,-3.928,-0.354,NaN,NaN,NaN,NaN,NaN,NaN,NaN,NaN,NaN,NaN,NaN
2116,373,6700.000,30.746,18.328,-0.133,0.344,NaN,NaN,700,0,-2.320,-1.327,NaN,NaN,NaN,NaN,NaN,NaN,NaN,NaN,NaN,NaN,NaN
2117,564,6700.000,10.536,3.313,0.082,-0.039,0.775,0.989,700,0,3.289,2.026,163.000,182.000,231.000,424.000,10.520,3.310,-1.010,0.830,0.590,1.810,-0.128
2118,588,6700.000,9.814,2.579,0.031,-0.055,NaN,NaN,700,0,-2.571,-1.327,NaN,NaN,NaN,NaN,NaN,NaN,NaN,NaN,NaN,NaN,NaN
2119,4,6701.000,28.237,7.471,0.042,0.076,NaN,NaN,701,0,-1.725,-1.007,NaN,NaN,NaN,NaN,NaN,NaN,NaN,NaN,NaN,NaN,NaN
2120,56,6701.000,24.465,-10.952,-0.306,-0.024,NaN,NaN,701,0,-2.972,-1.327,NaN,NaN,NaN,NaN,NaN,NaN,NaN,NaN,NaN,NaN,NaN
2121,373,6701.000,29.050,20.019,-0.278,0.478,NaN,0.066,701,0,0.000,-1.461,-348.000,151.000,-294.000,236.000,28.980,20.150,-0.440,0.770,0.580,1.750,0.307
2122,564,6701.000,10.626,3.252,0.083,-0.046,0.799,0.998,701,0,3.814,2.026,171.000,184.000,243.000,430.000,10.630,3.220,-1.060,0.910,0.570,1.820,-0.680
2123,588,6701.000,9.846,2.523,0.032,-0.056,NaN,NaN,701,0,-2.654,-1.327,NaN,NaN,NaN,NaN,NaN,NaN,NaN,NaN,NaN,NaN,NaN
2124,4,6702.000,28.279,7.546,0.042,0.075,NaN,NaN,702,0,-2.073,-1.108,NaN,NaN,NaN,NaN,NaN,NaN,NaN,NaN,NaN,NaN,NaN
2125,56,6702.000,24.158,-10.975,-0.306,-0.023,NaN,NaN,702,0,-2.397,-1.327,NaN,NaN,NaN,NaN,NaN,NaN,NaN,NaN,NaN,NaN,NaN
2126,373,6702.000,28.773,20.497,-0.277,0.478,NaN,NaN,702,0,-2.654,-1.327,NaN,NaN,NaN,NaN,NaN,NaN,NaN,NaN,NaN,NaN,NaN
2127,564,6702.000,10.702,3.227,0.082,-0.040,0.781,NaN,702,0,2.815,-1.327,174.000,184.000,254.000,429.000,NaN,NaN,NaN,NaN,NaN,NaN,NaN
2128,588,6702.000,9.925,2.428,0.040,-0.066,0.043,NaN,702,0,-1.416,-1.327,278.000,210.000,312.000,426.000,NaN,NaN,NaN,NaN,NaN,NaN,NaN
2129,4,6703.000,28.321,7.622,0.043,0.076,NaN,NaN,703,0,-2.163,-1.192,NaN,NaN,NaN,NaN,NaN,NaN,NaN,NaN,NaN,NaN,NaN
2130,56,6703.000,23.851,-10.996,-0.307,-0.021,NaN,NaN,703,0,-2.654,-1.327,NaN,NaN,NaN,NaN,NaN,NaN,NaN,NaN,NaN,NaN,NaN
2131,373,6703.000,28.496,20.975,-0.277,0.478,NaN,NaN,703,0,-2.654,-1.327,NaN,NaN,NaN,NaN,NaN,NaN,NaN,NaN,NaN,NaN,NaN
2132,564,6703.000,10.765,3.160,0.079,-0.051,0.780,0.999,703,0,3.483,2.026,183.000,188.000,261.000,430.000,10.760,3.150,-1.050,1.000,0.550,1.900,-0.674
2133,588,6703.000,10.443,2.524,0.109,-0.040,0.140,0.997,703,0,-1.135,1.960,183.000,189.000,320.000,433.000,10.470,2.620,-1.210,0.820,0.620,1.730,-0.497
2134,4,6704.000,28.365,7.697,0.044,0.076,NaN,NaN,704,0,-2.125,-1.241,NaN,NaN,NaN,NaN,NaN,NaN,NaN,NaN,NaN,NaN,NaN
2135,56,6704.000,23.737,-9.437,-0.273,0.119,0.077,NaN,704,0,-2.571,-1.327,1139.000,199.000,1149.000,216.000,NaN,NaN,NaN,NaN,NaN,NaN,NaN
2136,373,6704.000,28.220,21.451,-0.276,0.477,NaN,NaN,704,0,-2.385,-1.182,NaN,NaN,NaN,NaN,NaN,NaN,NaN,NaN,NaN,NaN,NaN
2137,564,6704.000,10.844,3.120,0.081,-0.047,0.796,1.000,704,0,3.814,2.026,190.000,187.000,281.000,432.000,10.840,3.140,-1.030,0.810,0.470,1.780,-0.635
2138,588,6704.000,10.557,2.500,0.113,-0.036,0.840,0.998,704,0,4.052,2.026,260.000,213.000,336.000,432.000,10.560,2.530,-1.200,0.960,0.530,1.780,-0.376
2139,4,6705.000,27.561,7.749,0.015,0.100,0.082,NaN,705,0,-1.148,-1.256,211.000,185.000,272.000,328.000,NaN,NaN,NaN,NaN,NaN,NaN,NaN
2140,56,6705.000,23.464,-9.319,-0.273,0.119,NaN,NaN,705,0,-2.969,-1.325,NaN,NaN,NaN,NaN,NaN,NaN,NaN,NaN,NaN,NaN,NaN
2141,373,6705.000,27.942,21.928,-0.277,0.476,NaN,NaN,705,0,-2.207,-1.327,NaN,NaN,NaN,NaN,NaN,NaN,NaN,NaN,NaN,NaN,NaN
2142,564,6705.000,10.929,3.066,0.083,-0.050,0.431,NaN,705,0,0.069,-1.327,212.000,185.000,282.000,416.000,NaN,NaN,NaN,NaN,NaN,NaN,NaN
2143,588,6705.000,10.660,2.480,0.109,-0.030,0.829,NaN,705,0,3.616,-1.327,269.000,207.000,339.000,424.000,NaN,NaN,NaN,NaN,NaN,NaN,NaN
2144,4,6706.000,27.575,7.848,0.014,0.099,NaN,NaN,706,0,-1.785,-1.138,NaN,NaN,NaN,NaN,NaN,NaN,NaN,NaN,NaN,NaN,NaN
2145,56,6706.000,23.191,-9.201,-0.273,0.117,NaN,NaN,706,0,-2.016,-1.325,NaN,NaN,NaN,NaN,NaN,NaN,NaN,NaN,NaN,NaN,NaN
2146,373,6706.000,27.665,22.404,-0.278,0.476,NaN,NaN,706,0,-4.676,-2.308,NaN,NaN,NaN,NaN,NaN,NaN,NaN,NaN,NaN,NaN,NaN
2147,564,6706.000,11.012,3.038,0.084,-0.042,0.794,1.000,706,0,3.662,2.026,212.000,183.000,284.000,414.000,11.010,3.060,-1.070,0.910,0.580,1.910,-0.238
2148,588,6706.000,10.702,2.465,0.088,-0.022,0.830,0.996,706,0,4.052,2.026,274.000,209.000,341.000,424.000,10.660,2.480,-1.200,0.950,0.560,1.890,-0.350
2149,4,6707.000,18.402,6.360,-0.379,0.104,0.126,NaN,707,0,-1.754,-1.055,151.000,198.000,170.000,216.000,NaN,NaN,NaN,NaN,NaN,NaN,NaN
2150,56,6707.000,22.916,-9.085,-0.275,0.117,NaN,NaN,707,0,-2.016,-1.325,NaN,NaN,NaN,NaN,NaN,NaN,NaN,NaN,NaN,NaN,NaN
2151,373,6707.000,27.387,22.880,-0.278,0.476,NaN,NaN,707,0,-2.562,-1.271,NaN,NaN,NaN,NaN,NaN,NaN,NaN,NaN,NaN,NaN,NaN
2152,564,6707.000,11.133,2.981,0.096,-0.047,0.786,0.986,707,0,3.662,2.026,220.000,182.000,288.000,415.000,11.180,2.970,-1.020,0.990,0.580,2.150,-0.199
2153,588,6707.000,10.863,2.397,0.105,-0.039,0.809,0.999,707,0,3.932,2.026,283.000,203.000,349.000,420.000,10.900,2.360,-1.220,0.950,0.610,1.770,-0.172
2154,4,6708.000,18.031,6.447,-0.376,0.090,0.195,NaN,708,0,-1.068,-0.794,141.000,198.000,160.000,215.000,NaN,NaN,NaN,NaN,NaN,NaN,NaN
2155,56,6708.000,22.641,-8.967,-0.276,0.117,NaN,NaN,708,0,-2.078,-1.325,NaN,NaN,NaN,NaN,NaN,NaN,NaN,NaN,NaN,NaN,NaN
2156,373,6708.000,27.109,23.357,-0.277,0.477,NaN,NaN,708,0,-2.654,-1.327,NaN,NaN,NaN,NaN,NaN,NaN,NaN,NaN,NaN,NaN,NaN
2157,564,6708.000,11.220,2.963,0.095,-0.035,0.605,NaN,708,0,1.113,-1.327,227.000,178.000,296.000,411.000,NaN,NaN,NaN,NaN,NaN,NaN,NaN
2158,588,6708.000,10.960,2.385,0.104,-0.030,0.849,NaN,708,0,3.710,-1.327,293.000,203.000,359.000,419.000,NaN,NaN,NaN,NaN,NaN,NaN,NaN
2159,4,6709.000,17.959,6.450,-0.319,0.080,0.241,NaN,709,0,-0.654,-0.541,136.000,198.000,155.000,217.000,NaN,NaN,NaN,NaN,NaN,NaN,NaN
2160,56,6709.000,22.366,-8.849,-0.275,0.118,NaN,NaN,709,0,-2.802,-1.325,NaN,NaN,NaN,NaN,NaN,NaN,NaN,NaN,NaN,NaN,NaN
2161,373,6709.000,26.831,23.834,-0.278,0.478,NaN,NaN,709,0,-4.676,-2.273,NaN,NaN,NaN,NaN,NaN,NaN,NaN,NaN,NaN,NaN,NaN
2162,564,6709.000,11.319,2.947,0.101,-0.028,0.790,0.948,709,0,3.662,2.026,230.000,179.000,302.000,412.000,11.320,2.970,-1.060,0.750,0.570,1.860,0.126
2163,588,6709.000,11.084,2.362,0.112,-0.026,0.863,0.878,709,0,4.052,2.026,297.000,204.000,367.000,419.000,11.090,2.350,-1.200,0.880,0.600,1.870,-0.336
2164,4,6710.000,17.759,6.509,-0.304,0.072,0.164,NaN,710,0,-0.782,-0.514,125.000,198.000,143.000,216.000,NaN,NaN,NaN,NaN,NaN,NaN,NaN
2165,56,6710.000,22.092,-8.730,-0.274,0.119,NaN,NaN,710,0,-2.802,-1.325,NaN,NaN,NaN,NaN,NaN,NaN,NaN,NaN,NaN,NaN,NaN
2166,373,6710.000,26.552,24.311,-0.279,0.477,NaN,NaN,710,0,-2.296,-0.840,NaN,NaN,NaN,NaN,NaN,NaN,NaN,NaN,NaN,NaN,NaN
2167,564,6710.000,11.417,2.898,0.100,-0.034,0.796,0.989,710,0,3.814,2.026,239.000,181.000,312.000,411.000,11.410,2.880,-1.060,0.990,0.570,1.930,-0.104
2168,588,6710.000,11.159,2.287,0.103,-0.039,0.883,0.997,710,0,4.052,2.026,304.000,205.000,390.000,418.000,11.130,2.240,-1.220,0.930,0.570,1.870,-0.335
2169,4,6711.000,17.455,6.581,-0.304,0.073,NaN,NaN,711,0,-0.710,-0.482,NaN,NaN,NaN,NaN,NaN,NaN,NaN,NaN,NaN,NaN,NaN
2170,56,6711.000,21.817,-8.610,-0.275,0.120,NaN,NaN,711,0,-2.204,-1.325,NaN,NaN,NaN,NaN,NaN,NaN,NaN,NaN,NaN,NaN,NaN
2171,373,6711.000,26.271,24.788,-0.281,0.477,NaN,NaN,711,0,-2.654,-1.327,NaN,NaN,NaN,NaN,NaN,NaN,NaN,NaN,NaN,NaN,NaN
2172,564,6711.000,11.514,2.882,0.099,-0.028,0.518,NaN,711,0,0.618,-1.327,247.000,183.000,318.000,408.000,NaN,NaN,NaN,NaN,NaN,NaN,NaN
2173,588,6711.000,11.260,2.252,0.102,-0.037,0.897,NaN,711,0,3.726,-1.327,308.000,207.000,400.000,417.000,NaN,NaN,NaN,NaN,NaN,NaN,NaN
2174,4,6712.000,17.099,6.472,-0.297,0.017,0.131,NaN,712,0,-1.312,-0.789,110.000,198.000,127.000,216.000,NaN,NaN,NaN,NaN,NaN,NaN,NaN
2175,56,6712.000,21.542,-8.490,-0.275,0.121,NaN,NaN,712,0,-1.890,-1.325,NaN,NaN,NaN,NaN,NaN,NaN,NaN,NaN,NaN,NaN,NaN
2176,373,6712.000,25.988,25.265,-0.283,0.477,NaN,NaN,712,0,-4.676,-2.273,NaN,NaN,NaN,NaN,NaN,NaN,NaN,NaN,NaN,NaN,NaN
2177,564,6712.000,11.576,2.846,0.089,-0.030,0.599,0.997,712,0,1.297,2.087,253.000,186.000,336.000,416.000,11.540,2.830,-1.080,0.910,0.550,1.820,-0.284
2178,588,6712.000,11.276,2.220,0.077,-0.037,0.837,0.997,712,0,4.052,2.026,312.000,207.000,399.000,416.000,11.250,2.220,-1.210,0.920,0.520,1.910,-0.403
2179,4,6713.000,16.803,6.488,-0.296,0.016,NaN,NaN,713,0,-1.954,-0.872,NaN,NaN,NaN,NaN,NaN,NaN,NaN,NaN,NaN,NaN,NaN
2180,56,6713.000,21.269,-8.369,-0.273,0.120,NaN,NaN,713,0,-1.953,-1.325,NaN,NaN,NaN,NaN,NaN,NaN,NaN,NaN,NaN,NaN,NaN
2181,373,6713.000,25.706,25.743,-0.282,0.478,NaN,NaN,713,0,-4.676,-2.335,NaN,NaN,NaN,NaN,NaN,NaN,NaN,NaN,NaN,NaN,NaN
2182,564,6713.000,11.658,2.789,0.088,-0.037,0.716,0.999,713,0,2.581,2.087,259.000,187.000,338.000,415.000,11.650,2.770,-1.050,0.970,0.520,1.930,-0.453
2183,588,6713.000,11.375,2.129,0.082,-0.054,0.847,0.999,713,0,4.052,2.026,327.000,208.000,400.000,411.000,11.390,2.080,-1.200,0.800,0.710,1.720,-0.319
2184,4,6714.000,16.507,6.505,-0.296,0.016,NaN,NaN,714,0,-1.291,-0.934,NaN,NaN,NaN,NaN,NaN,NaN,NaN,NaN,NaN,NaN,NaN
2185,56,6714.000,20.997,-8.249,-0.273,0.120,NaN,NaN,714,0,-2.480,-1.325,NaN,NaN,NaN,NaN,NaN,NaN,NaN,NaN,NaN,NaN,NaN
2186,373,6714.000,25.424,26.222,-0.282,0.478,NaN,NaN,714,0,-2.654,-1.327,NaN,NaN,NaN,NaN,NaN,NaN,NaN,NaN,NaN,NaN,NaN
2187,564,6714.000,11.744,2.758,0.088,-0.036,0.792,NaN,714,0,3.103,-1.327,262.000,185.000,348.000,410.000,NaN,NaN,NaN,NaN,NaN,NaN,NaN
2188,588,6714.000,11.454,2.112,0.082,-0.043,0.888,NaN,714,0,3.726,-1.327,339.000,205.000,404.000,409.000,NaN,NaN,NaN,NaN,NaN,NaN,NaN
2189,4,6715.000,16.211,6.520,-0.296,0.016,NaN,NaN,715,0,-1.928,-0.995,NaN,NaN,NaN,NaN,NaN,NaN,NaN,NaN,NaN,NaN,NaN
2190,56,6715.000,20.723,-8.129,-0.273,0.120,NaN,NaN,715,0,-1.551,-1.325,NaN,NaN,NaN,NaN,NaN,NaN,NaN,NaN,NaN,NaN,NaN
2191,373,6715.000,25.142,26.701,-0.281,0.479,NaN,NaN,715,0,-3.005,-1.559,NaN,NaN,NaN,NaN,NaN,NaN,NaN,NaN,NaN,NaN,NaN
2192,564,6715.000,11.796,2.720,0.080,-0.038,0.700,0.999,715,0,2.338,2.087,280.000,187.000,364.000,408.000,11.770,2.730,-1.050,1.080,0.620,1.870,-0.288
2193,588,6715.000,11.501,2.077,0.072,-0.041,0.880,0.979,715,0,4.052,2.026,348.000,203.000,409.000,409.000,11.490,2.070,-1.240,1.040,0.540,1.860,-0.277
2194,4,6716.000,15.915,6.534,-0.296,0.014,NaN,NaN,716,0,-5.537,-2.554,NaN,NaN,NaN,NaN,NaN,NaN,NaN,NaN,NaN,NaN,NaN
2195,56,6716.000,20.450,-8.008,-0.274,0.121,NaN,NaN,716,0,-1.953,-1.325,NaN,NaN,NaN,NaN,NaN,NaN,NaN,NaN,NaN,NaN,NaN
2196,373,6716.000,24.860,27.181,-0.282,0.479,NaN,NaN,716,0,-2.317,-1.127,NaN,NaN,NaN,NaN,NaN,NaN,NaN,NaN,NaN,NaN,NaN
2197,564,6716.000,11.889,2.656,0.085,-0.050,0.863,0.996,716,0,4.173,2.087,289.000,184.000,361.000,401.000,11.880,2.640,-1.090,0.990,0.610,1.800,-0.352
2198,588,6716.000,11.588,1.994,0.079,-0.057,0.879,0.995,716,0,4.173,2.087,355.000,201.000,417.000,410.000,11.600,1.940,-1.180,0.780,0.700,1.610,-0.242
2199,4,6717.000,15.619,6.548,-0.296,0.014,NaN,NaN,717,0,-1.424,-0.967,NaN,NaN,NaN,NaN,NaN,NaN,NaN,NaN,NaN,NaN,NaN
2200,56,6717.000,20.177,-7.885,-0.273,0.122,NaN,NaN,717,0,-2.318,-1.325,NaN,NaN,NaN,NaN,NaN,NaN,NaN,NaN,NaN,NaN,NaN
2201,373,6717.000,24.579,27.660,-0.281,0.479,NaN,NaN,717,0,-2.654,-1.327,NaN,NaN,NaN,NaN,NaN,NaN,NaN,NaN,NaN,NaN,NaN
2202,564,6717.000,11.974,2.609,0.084,-0.048,0.879,NaN,717,0,3.726,-1.327,293.000,182.000,365.000,401.000,NaN,NaN,NaN,NaN,NaN,NaN,NaN
2203,588,6717.000,11.662,1.966,0.078,-0.050,0.891,NaN,717,0,3.726,-1.327,360.000,204.000,424.000,409.000,NaN,NaN,NaN,NaN,NaN,NaN,NaN
2204,4,6718.000,15.323,6.561,-0.296,0.013,NaN,NaN,718,0,-2.472,-1.032,NaN,NaN,NaN,NaN,NaN,NaN,NaN,NaN,NaN,NaN,NaN
2205,56,6718.000,19.904,-7.764,-0.274,0.122,NaN,NaN,718,0,-1.953,-1.325,NaN,NaN,NaN,NaN,NaN,NaN,NaN,NaN,NaN,NaN,NaN
2206,373,6718.000,24.299,28.139,-0.280,0.479,NaN,NaN,718,0,-2.317,2.087,NaN,NaN,NaN,NaN,NaN,NaN,NaN,NaN,NaN,NaN,NaN
2207,564,6718.000,12.032,2.538,0.073,-0.056,0.868,0.998,718,0,4.173,2.087,301.000,182.000,369.000,401.000,12.020,2.530,-1.040,0.820,0.630,1.810,-0.278
2208,588,6718.000,11.748,1.903,0.080,-0.055,0.872,0.014,718,0,4.173,-1.149,365.000,205.000,429.000,408.000,11.760,1.890,-1.200,1.740,0.490,1.750,-0.079
2209,4,6719.000,15.185,6.492,-0.280,-0.005,0.126,NaN,719,0,-1.422,-0.855,42.000,200.000,57.000,215.000,NaN,NaN,NaN,NaN,NaN,NaN,NaN
2210,56,6719.000,19.629,-7.643,-0.275,0.121,NaN,NaN,719,0,-2.678,-1.326,NaN,NaN,NaN,NaN,NaN,NaN,NaN,NaN,NaN,NaN,NaN
2211,373,6719.000,24.019,28.618,-0.280,0.479,NaN,NaN,719,0,-2.413,-1.410,NaN,NaN,NaN,NaN,NaN,NaN,NaN,NaN,NaN,NaN,NaN
2212,564,6719.000,12.110,2.457,0.072,-0.065,0.867,0.962,719,0,4.173,2.087,308.000,182.000,374.000,400.000,12.120,2.450,-1.060,1.040,0.570,1.950,-0.369
2213,588,6719.000,11.830,1.848,0.080,-0.055,0.866,0.998,719,0,4.173,2.087,372.000,207.000,436.000,408.000,11.840,1.840,-1.210,1.010,0.620,1.860,-0.304
2214,4,6720.000,14.906,6.486,-0.279,-0.006,NaN,NaN,720,0,-1.703,-0.879,NaN,NaN,NaN,NaN,NaN,NaN,NaN,NaN,NaN,NaN,NaN
2215,56,6720.000,19.354,-7.522,-0.274,0.121,NaN,NaN,720,0,-2.402,-1.326,NaN,NaN,NaN,NaN,NaN,NaN,NaN,NaN,NaN,NaN,NaN
2216,373,6720.000,23.738,29.099,-0.281,0.481,NaN,NaN,720,0,-2.654,-1.327,NaN,NaN,NaN,NaN,NaN,NaN,NaN,NaN,NaN,NaN,NaN
2217,564,6720.000,12.181,2.413,0.069,-0.058,0.852,NaN,720,0,3.710,-1.327,318.000,184.000,385.000,401.000,NaN,NaN,NaN,NaN,NaN,NaN,NaN
2218,588,6720.000,11.902,1.824,0.076,-0.046,0.887,NaN,720,0,3.848,-1.327,375.000,208.000,443.000,407.000,NaN,NaN,NaN,NaN,NaN,NaN,NaN
2219,4,6721.000,14.725,6.463,-0.261,-0.023,0.116,NaN,721,0,-1.224,-0.714,27.000,199.000,42.000,215.000,NaN,NaN,NaN,NaN,NaN,NaN,NaN
2220,56,6721.000,19.080,-7.400,-0.274,0.121,NaN,NaN,721,0,-2.569,-1.326,NaN,NaN,NaN,NaN,NaN,NaN,NaN,NaN,NaN,NaN,NaN
2221,373,6721.000,23.457,29.580,-0.281,0.481,NaN,NaN,721,0,-4.362,-2.033,NaN,NaN,NaN,NaN,NaN,NaN,NaN,NaN,NaN,NaN,NaN
2222,564,6721.000,12.278,2.395,0.076,-0.044,0.812,0.975,721,0,4.057,2.087,322.000,187.000,394.000,402.000,12.290,2.430,-1.070,1.010,0.540,1.910,-0.644
2223,588,6721.000,11.964,1.784,0.070,-0.046,0.876,1.000,721,0,4.173,2.087,383.000,208.000,445.000,399.000,11.950,1.790,-1.190,0.860,0.650,1.730,-0.389
2224,4,6722.000,14.465,6.440,-0.261,-0.024,NaN,NaN,722,0,-1.394,-0.719,NaN,NaN,NaN,NaN,NaN,NaN,NaN,NaN,NaN,NaN,NaN
2225,56,6722.000,18.807,-7.280,-0.273,0.121,NaN,NaN,722,0,-1.916,-1.325,NaN,NaN,NaN,NaN,NaN,NaN,NaN,NaN,NaN,NaN,NaN
2226,373,6722.000,23.175,30.060,-0.282,0.480,NaN,NaN,722,0,0.000,-1.271,NaN,NaN,NaN,NaN,NaN,NaN,NaN,NaN,NaN,NaN,NaN
2227,564,6722.000,12.352,2.342,0.076,-0.047,0.887,0.993,722,0,4.173,2.087,325.000,189.000,399.000,400.000,12.360,2.340,-1.090,1.090,0.560,1.920,-0.775
2228,588,6722.000,12.059,1.737,0.075,-0.048,0.859,0.992,722,0,4.173,2.087,391.000,207.000,453.000,400.000,12.080,1.720,-1.200,0.830,0.670,1.660,-0.404
2229,4,6723.000,14.203,6.417,-0.262,-0.023,NaN,NaN,723,0,-1.465,-0.783,NaN,NaN,NaN,NaN,NaN,NaN,NaN,NaN,NaN,NaN,NaN
2230,56,6723.000,18.532,-7.158,-0.275,0.122,NaN,NaN,723,0,-2.969,-1.325,NaN,NaN,NaN,NaN,NaN,NaN,NaN,NaN,NaN,NaN,NaN
2231,373,6723.000,22.893,30.540,-0.282,0.479,NaN,NaN,723,0,-2.654,-1.327,NaN,NaN,NaN,NaN,NaN,NaN,NaN,NaN,NaN,NaN,NaN
2232,564,6723.000,12.423,2.312,0.074,-0.041,0.841,NaN,723,0,3.670,-1.327,328.000,189.000,406.000,398.000,NaN,NaN,NaN,NaN,NaN,NaN,NaN
2233,588,6723.000,12.135,1.714,0.075,-0.040,0.883,NaN,723,0,3.848,-1.327,399.000,205.000,460.000,398.000,NaN,NaN,NaN,NaN,NaN,NaN,NaN
2234,4,6724.000,13.943,6.394,-0.260,-0.023,NaN,NaN,724,0,-1.343,-0.718,NaN,NaN,NaN,NaN,NaN,NaN,NaN,NaN,NaN,NaN,NaN
2235,56,6724.000,18.257,-7.035,-0.275,0.123,NaN,NaN,724,0,-2.968,-1.325,NaN,NaN,NaN,NaN,NaN,NaN,NaN,NaN,NaN,NaN,NaN
2236,373,6724.000,22.611,31.019,-0.282,0.479,NaN,NaN,724,0,-2.654,-1.327,NaN,NaN,NaN,NaN,NaN,NaN,NaN,NaN,NaN,NaN,NaN
2237,564,6724.000,12.481,2.287,0.071,-0.037,0.759,0.999,724,0,3.218,2.087,333.000,189.000,410.000,396.000,12.480,2.300,-1.020,1.090,0.580,1.900,-0.629
2238,588,6724.000,12.260,1.651,0.087,-0.051,0.877,0.997,724,0,4.173,2.087,404.000,203.000,464.000,397.000,12.290,1.630,-1.240,0.860,0.750,1.650,-0.234
2239,4,6725.000,13.682,6.371,-0.261,-0.023,NaN,NaN,725,0,-1.447,-0.747,NaN,NaN,NaN,NaN,NaN,NaN,NaN,NaN,NaN,NaN,NaN
2240,56,6725.000,17.982,-6.911,-0.275,0.124,NaN,NaN,725,0,-2.636,-1.325,NaN,NaN,NaN,NaN,NaN,NaN,NaN,NaN,NaN,NaN,NaN
2241,373,6725.000,22.328,31.499,-0.283,0.480,NaN,NaN,725,0,-2.347,-0.095,NaN,NaN,NaN,NaN,NaN,NaN,NaN,NaN,NaN,NaN,NaN
2242,564,6725.000,12.586,2.243,0.081,-0.039,0.814,0.999,725,0,4.167,2.136,349.000,185.000,414.000,392.000,12.620,2.240,-1.080,0.800,0.530,1.790,-0.259
2243,588,6725.000,12.375,1.602,0.094,-0.049,0.881,0.997,725,0,4.173,2.087,411.000,204.000,479.000,396.000,12.410,1.610,-1.200,0.890,0.610,1.810,-0.300
2244,4,6726.000,13.421,6.348,-0.260,-0.023,NaN,NaN,726,0,-1.481,-0.791,NaN,NaN,NaN,NaN,NaN,NaN,NaN,NaN,NaN,NaN,NaN
2245,56,6726.000,17.708,-6.789,-0.275,0.122,NaN,NaN,726,0,-2.649,-1.325,NaN,NaN,NaN,NaN,NaN,NaN,NaN,NaN,NaN,NaN,NaN
2246,373,6726.000,22.046,31.978,-0.283,0.479,NaN,NaN,726,0,-2.654,-1.327,NaN,NaN,NaN,NaN,NaN,NaN,NaN,NaN,NaN,NaN,NaN
2247,564,6726.000,12.664,2.205,0.079,-0.038,0.792,NaN,726,0,3.264,-1.327,360.000,185.000,418.000,389.000,NaN,NaN,NaN,NaN,NaN,NaN,NaN
2248,588,6726.000,12.467,1.562,0.093,-0.045,0.901,NaN,726,0,3.848,-1.327,414.000,206.000,490.000,393.000,NaN,NaN,NaN,NaN,NaN,NaN,NaN
2249,4,6727.000,13.160,6.325,-0.261,-0.023,NaN,NaN,727,0,-1.927,-0.994,NaN,NaN,NaN,NaN,NaN,NaN,NaN,NaN,NaN,NaN,NaN
2250,56,6727.000,17.433,-6.667,-0.275,0.122,NaN,NaN,727,0,-4.667,-2.224,NaN,NaN,NaN,NaN,NaN,NaN,NaN,NaN,NaN,NaN,NaN
2251,373,6727.000,21.764,32.458,-0.282,0.479,NaN,NaN,727,0,4.173,2.087,NaN,NaN,NaN,NaN,NaN,NaN,NaN,NaN,NaN,NaN,NaN
2252,564,6727.000,12.750,2.154,0.081,-0.042,0.807,0.981,727,0,4.167,2.136,359.000,184.000,422.000,389.000,12.750,2.150,-1.060,1.100,0.590,1.880,-0.273
2253,588,6727.000,12.534,1.519,0.086,-0.046,0.429,0.816,727,0,0.259,2.121,473.000,199.000,488.000,253.000,12.510,1.520,-1.220,1.900,0.450,1.830,-0.458
2254,620,6727.000,12.500,1.520,0.000,0.000,0.892,0.998,727,0,4.173,2.087,416.000,206.000,493.000,388.000,12.500,1.520,-1.200,0.860,0.620,1.770,-0.429
2255,4,6728.000,13.218,6.005,-0.230,-0.088,0.167,NaN,728,0,-1.814,-1.327,4.000,201.000,23.000,222.000,NaN,NaN,NaN,NaN,NaN,NaN,NaN
2256,56,6728.000,17.158,-6.545,-0.274,0.121,NaN,NaN,728,0,-2.014,-1.324,NaN,NaN,NaN,NaN,NaN,NaN,NaN,NaN,NaN,NaN,NaN
2257,373,6728.000,21.482,32.936,-0.282,0.478,NaN,NaN,728,0,-2.385,-1.158,NaN,NaN,NaN,NaN,NaN,NaN,NaN,NaN,NaN,NaN,NaN
2258,564,6728.000,12.875,2.126,0.091,-0.040,0.722,0.973,728,0,2.694,2.136,366.000,183.000,430.000,388.000,12.920,2.130,-1.080,0.950,0.600,1.800,-0.099
2259,588,6728.000,12.613,1.477,0.086,-0.045,0.049,0.999,728,0,-1.860,2.136,474.000,199.000,488.000,221.000,12.600,1.480,-1.230,1.000,0.630,1.840,-0.315
2260,620,6728.000,12.614,1.514,0.064,0.002,0.870,0.016,728,0,4.272,-1.140,421.000,207.000,493.000,396.000,12.670,1.510,-1.210,1.750,0.530,1.780,-0.110
2261,4,6729.000,13.047,5.967,-0.234,-0.078,0.035,NaN,729,0,-2.348,-1.280,0.000,202.000,16.000,277.000,NaN,NaN,NaN,NaN,NaN,NaN,NaN
2262,56,6729.000,16.885,-6.423,-0.274,0.122,NaN,NaN,729,0,-2.315,-1.324,NaN,NaN,NaN,NaN,NaN,NaN,NaN,NaN,NaN,NaN,NaN
2263,373,6729.000,21.200,33.414,-0.282,0.478,NaN,NaN,729,0,-2.654,-1.327,NaN,NaN,NaN,NaN,NaN,NaN,NaN,NaN,NaN,NaN,NaN
2264,564,6729.000,12.963,2.079,0.089,-0.043,0.793,NaN,729,0,3.264,-1.327,377.000,182.000,443.000,390.000,NaN,NaN,NaN,NaN,NaN,NaN,NaN
2265,588,6729.000,12.695,1.460,0.084,-0.036,0.876,NaN,729,0,3.848,-1.327,427.000,207.000,495.000,390.000,NaN,NaN,NaN,NaN,NaN,NaN,NaN
2266,620,6729.000,12.679,1.516,0.065,0.002,NaN,NaN,729,0,-2.654,-1.327,NaN,NaN,NaN,NaN,NaN,NaN,NaN,NaN,NaN,NaN,NaN
2267,4,6730.000,12.812,5.888,-0.235,-0.079,NaN,NaN,730,0,-2.210,-1.291,NaN,NaN,NaN,NaN,NaN,NaN,NaN,NaN,NaN,NaN,NaN
2268,56,6730.000,16.612,-6.302,-0.273,0.122,NaN,NaN,730,0,-2.633,-1.323,NaN,NaN,NaN,NaN,NaN,NaN,NaN,NaN,NaN,NaN,NaN
2269,373,6730.000,20.918,33.891,-0.281,0.477,NaN,NaN,730,0,-2.654,-1.327,NaN,NaN,NaN,NaN,NaN,NaN,NaN,NaN,NaN,NaN,NaN
2270,564,6730.000,13.048,2.028,0.090,-0.044,0.855,0.996,730,0,4.272,2.136,376.000,183.000,453.000,389.000,13.050,2.020,-1.090,0.970,0.510,1.930,-0.546
2271,588,6730.000,12.777,1.419,0.085,-0.039,0.034,0.019,730,0,-2.193,-1.140,517.000,204.000,528.000,241.000,12.770,1.420,-1.230,1.640,0.530,1.850,-0.288
2272,620,6730.000,12.775,1.429,0.073,-0.027,0.883,0.999,730,0,4.272,2.136,429.000,205.000,499.000,388.000,12.770,1.400,-1.240,0.860,0.630,1.790,-0.464
2273,4,6731.000,12.579,5.809,-0.233,-0.078,NaN,NaN,731,0,-2.272,-1.289,NaN,NaN,NaN,NaN,NaN,NaN,NaN,NaN,NaN,NaN,NaN
2274,56,6731.000,16.338,-6.180,-0.274,0.122,NaN,NaN,731,0,-3.119,-1.502,NaN,NaN,NaN,NaN,NaN,NaN,NaN,NaN,NaN,NaN,NaN
2275,373,6731.000,20.636,34.368,-0.282,0.477,NaN,NaN,731,0,-2.838,-1.390,NaN,NaN,NaN,NaN,NaN,NaN,NaN,NaN,NaN,NaN,NaN
2276,564,6731.000,13.146,1.988,0.092,-0.043,0.893,0.997,731,0,4.272,2.136,383.000,187.000,460.000,387.000,13.140,1.990,-1.070,1.010,0.580,1.860,-0.403
2277,588,6731.000,12.889,1.366,0.092,-0.043,0.868,0.985,731,0,4.272,2.136,440.000,204.000,505.000,388.000,12.910,1.350,-1.240,0.980,0.660,1.800,-0.370
2278,620,6731.000,12.848,1.403,0.073,-0.026,NaN,NaN,731,0,-2.654,-1.327,NaN,NaN,NaN,NaN,NaN,NaN,NaN,NaN,NaN,NaN,NaN
2279,4,6732.000,12.346,5.732,-0.232,-0.078,NaN,NaN,732,0,-2.274,-1.290,NaN,NaN,NaN,NaN,NaN,NaN,NaN,NaN,NaN,NaN,NaN
2280,56,6732.000,16.063,-6.059,-0.275,0.121,NaN,NaN,732,0,-3.091,-1.323,NaN,NaN,NaN,NaN,NaN,NaN,NaN,NaN,NaN,NaN,NaN
2281,373,6732.000,20.355,34.846,-0.282,0.478,NaN,NaN,732,0,-2.654,-1.327,NaN,NaN,NaN,NaN,NaN,NaN,NaN,NaN,NaN,NaN,NaN
2282,564,6732.000,13.239,1.939,0.092,-0.046,0.890,NaN,732,0,3.848,-1.327,386.000,189.000,470.000,386.000,NaN,NaN,NaN,NaN,NaN,NaN,NaN
2283,588,6732.000,12.984,1.343,0.094,-0.036,0.891,NaN,732,0,3.848,-1.327,448.000,204.000,511.000,388.000,NaN,NaN,NaN,NaN,NaN,NaN,NaN
2284,620,6732.000,12.919,1.377,0.071,-0.026,NaN,NaN,732,0,-2.654,-1.327,NaN,NaN,NaN,NaN,NaN,NaN,NaN,NaN,NaN,NaN,NaN
2285,4,6733.000,12.114,5.654,-0.232,-0.078,NaN,NaN,733,0,-2.294,-1.301,NaN,NaN,NaN,NaN,NaN,NaN,NaN,NaN,NaN,NaN,NaN
2286,56,6733.000,15.788,-5.938,-0.275,0.120,NaN,NaN,733,0,-5.039,-2.404,NaN,NaN,NaN,NaN,NaN,NaN,NaN,NaN,NaN,NaN,NaN
2287,373,6733.000,20.072,35.321,-0.283,0.476,NaN,NaN,733,0,-2.654,-1.327,NaN,NaN,NaN,NaN,NaN,NaN,NaN,NaN,NaN,NaN,NaN
2288,564,6733.000,13.314,1.900,0.089,-0.045,0.893,0.986,733,0,4.272,2.136,385.000,189.000,468.000,386.000,13.300,1.900,-1.110,0.850,0.520,1.890,-0.304
2289,588,6733.000,13.054,1.286,0.089,-0.042,0.893,0.069,733,0,4.272,-0.773,455.000,205.000,513.000,388.000,13.030,1.270,-1.180,1.700,0.520,1.800,0.110
2290,620,6733.000,13.054,1.263,0.083,-0.050,0.040,0.996,733,0,-2.050,2.136,517.000,204.000,528.000,240.000,13.060,1.240,-1.200,0.930,0.590,1.720,-0.255
2291,4,6734.000,11.883,5.576,-0.231,-0.078,NaN,NaN,734,0,-2.311,-1.311,NaN,NaN,NaN,NaN,NaN,NaN,NaN,NaN,NaN,NaN,NaN
2292,56,6734.000,15.513,-5.818,-0.275,0.121,NaN,NaN,734,0,-2.963,-1.323,NaN,NaN,NaN,NaN,NaN,NaN,NaN,NaN,NaN,NaN,NaN
2293,373,6734.000,19.790,35.797,-0.282,0.476,NaN,NaN,734,0,-2.654,-1.327,NaN,NaN,NaN,NaN,NaN,NaN,NaN,NaN,NaN,NaN,NaN
2294,564,6734.000,13.401,1.874,0.088,-0.039,0.848,NaN,734,0,3.845,-1.327,393.000,189.000,468.000,385.000,NaN,NaN,NaN,NaN,NaN,NaN,NaN
2295,588,6734.000,13.144,1.260,0.090,-0.037,0.891,NaN,734,0,3.988,-1.327,462.000,207.000,519.000,387.000,NaN,NaN,NaN,NaN,NaN,NaN,NaN
2296,620,6734.000,13.136,1.212,0.082,-0.051,NaN,NaN,734,0,-2.654,-1.327,NaN,NaN,NaN,NaN,NaN,NaN,NaN,NaN,NaN,NaN,NaN
2297,4,6735.000,11.654,5.497,-0.229,-0.079,NaN,NaN,735,0,-2.252,-1.315,NaN,NaN,NaN,NaN,NaN,NaN,NaN,NaN,NaN,NaN,NaN
2298,56,6735.000,15.237,-5.697,-0.276,0.120,NaN,NaN,735,0,-2.632,-1.323,NaN,NaN,NaN,NaN,NaN,NaN,NaN,NaN,NaN,NaN,NaN
2299,373,6735.000,19.508,36.275,-0.282,0.477,NaN,NaN,735,0,-2.654,-1.327,NaN,NaN,NaN,NaN,NaN,NaN,NaN,NaN,NaN,NaN,NaN
2300,564,6735.000,13.472,1.834,0.087,-0.040,0.806,0.998,735,0,4.167,2.136,407.000,187.000,470.000,380.000,13.460,1.820,-1.090,0.940,0.600,1.860,-0.524
2301,588,6735.000,13.230,1.210,0.089,-0.041,0.857,0.996,735,0,4.272,2.136,471.000,206.000,526.000,386.000,13.220,1.200,-1.210,0.820,0.640,1.750,-0.309
2302,620,6735.000,13.217,1.162,0.081,-0.051,NaN,NaN,735,0,-2.654,-1.327,NaN,NaN,NaN,NaN,NaN,NaN,NaN,NaN,NaN,NaN,NaN
2303,4,6736.000,11.424,5.419,-0.230,-0.079,NaN,NaN,736,0,-4.009,-2.620,NaN,NaN,NaN,NaN,NaN,NaN,NaN,NaN,NaN,NaN,NaN
2304,56,6736.000,14.297,0.854,-0.276,0.435,0.148,NaN,736,0,-2.075,-1.323,536.000,205.000,542.000,218.000,NaN,NaN,NaN,NaN,NaN,NaN,NaN
2305,373,6736.000,19.228,36.752,-0.280,0.478,NaN,NaN,736,0,-2.428,-1.178,NaN,NaN,NaN,NaN,NaN,NaN,NaN,NaN,NaN,NaN,NaN
2306,564,6736.000,13.589,1.779,0.093,-0.043,0.872,0.994,736,0,4.343,2.172,413.000,186.000,472.000,379.000,13.610,1.740,-1.020,1.140,0.610,1.870,-0.567
2307,588,6736.000,13.312,1.163,0.089,-0.044,0.867,0.044,736,0,4.272,-1.025,470.000,208.000,528.000,386.000,13.300,1.160,-1.220,1.800,0.500,1.720,-0.088
2308,620,6736.000,13.247,1.157,0.070,-0.042,0.042,0.980,736,0,-2.050,2.136,468.000,199.000,487.000,281.000,13.230,1.160,-1.200,1.060,0.550,1.960,2.432
2309,4,6737.000,11.194,5.340,-0.230,-0.079,NaN,NaN,737,0,-2.272,-1.327,NaN,NaN,NaN,NaN,NaN,NaN,NaN,NaN,NaN,NaN,NaN
2310,56,6737.000,14.020,1.289,-0.277,0.435,0.868,NaN,737,0,3.988,-1.307,472.000,207.000,532.000,382.000,NaN,NaN,NaN,NaN,NaN,NaN,NaN
2311,373,6737.000,18.948,37.230,-0.279,0.478,NaN,NaN,737,0,-2.654,-1.327,NaN,NaN,NaN,NaN,NaN,NaN,NaN,NaN,NaN,NaN,NaN
2312,564,6737.000,13.678,1.748,0.091,-0.040,0.895,NaN,737,0,3.848,-1.327,420.000,184.000,478.000,379.000,NaN,NaN,NaN,NaN,NaN,NaN,NaN
2313,588,6737.000,13.411,1.359,0.083,0.035,0.036,NaN,737,0,-2.972,-1.327,473.000,200.000,490.000,238.000,NaN,NaN,NaN,NaN,NaN,NaN,NaN
2314,620,6737.000,13.317,1.113,0.070,-0.044,NaN,NaN,737,0,-2.654,-1.327,NaN,NaN,NaN,NaN,NaN,NaN,NaN,NaN,NaN,NaN,NaN
2315,4,6738.000,10.963,5.260,-0.231,-0.080,NaN,NaN,738,0,-2.571,-1.327,NaN,NaN,NaN,NaN,NaN,NaN,NaN,NaN,NaN,NaN,NaN
2316,56,6738.000,13.737,1.721,-0.280,0.433,0.887,0.996,738,0,4.343,2.172,426.000,183.000,485.000,378.000,13.700,1.700,-1.070,0.840,0.610,1.750,-0.479
2317,373,6738.000,18.669,37.706,-0.279,0.475,NaN,NaN,738,0,-2.654,-1.327,NaN,NaN,NaN,NaN,NaN,NaN,NaN,NaN,NaN,NaN,NaN
2318,564,6738.000,13.769,1.707,0.091,-0.041,NaN,NaN,738,0,-2.654,-1.327,NaN,NaN,NaN,NaN,NaN,NaN,NaN,NaN,NaN,NaN,NaN
2319,588,6738.000,13.492,1.394,0.081,0.035,NaN,NaN,738,0,-2.654,-1.327,NaN,NaN,NaN,NaN,NaN,NaN,NaN,NaN,NaN,NaN,NaN
2320,620,6738.000,13.404,1.081,0.073,-0.042,0.894,0.995,738,0,4.272,2.136,476.000,205.000,537.000,379.000,13.400,1.080,-1.200,1.020,0.670,1.840,-0.408
2321,4,6739.000,10.733,5.182,-0.230,-0.079,NaN,NaN,739,0,-2.571,-1.327,NaN,NaN,NaN,NaN,NaN,NaN,NaN,NaN,NaN,NaN,NaN
2322,56,6739.000,13.457,2.153,-0.280,0.433,NaN,NaN,739,0,-2.037,-1.327,NaN,NaN,NaN,NaN,NaN,NaN,NaN,NaN,NaN,NaN,NaN
2323,373,6739.000,18.388,38.182,-0.281,0.477,NaN,NaN,739,0,-2.654,-1.327,NaN,NaN,NaN,NaN,NaN,NaN,NaN,NaN,NaN,NaN,NaN
2324,564,6739.000,13.765,1.640,0.071,-0.049,0.875,0.986,739,0,4.343,2.172,429.000,184.000,486.000,378.000,13.750,1.640,-1.060,0.900,0.550,1.820,-0.620
2325,588,6739.000,13.574,1.429,0.082,0.035,NaN,NaN,739,0,-2.654,-1.327,NaN,NaN,NaN,NaN,NaN,NaN,NaN,NaN,NaN,NaN,NaN
2326,620,6739.000,13.530,1.050,0.088,-0.041,0.864,0.900,739,0,4.343,2.172,479.000,203.000,539.000,379.000,13.570,1.060,-1.190,0.660,0.480,1.870,2.413
2327,4,6740.000,8.098,2.354,-0.267,-0.322,0.420,NaN,740,0,-0.279,-1.327,234.000,201.000,256.000,265.000,NaN,NaN,NaN,NaN,NaN,NaN,NaN
2328,56,6740.000,13.178,2.585,-0.280,0.432,NaN,NaN,740,0,-2.408,-1.327,NaN,NaN,NaN,NaN,NaN,NaN,NaN,NaN,NaN,NaN,NaN
2329,373,6740.000,18.107,38.659,-0.281,0.478,NaN,NaN,740,0,-2.654,-1.327,NaN,NaN,NaN,NaN,NaN,NaN,NaN,NaN,NaN,NaN,NaN
2330,564,6740.000,13.828,1.606,0.066,-0.045,0.889,NaN,740,0,3.848,-1.327,436.000,187.000,492.000,378.000,NaN,NaN,NaN,NaN,NaN,NaN,NaN
2331,588,6740.000,13.656,1.465,0.082,0.036,NaN,NaN,740,0,-2.816,-1.327,NaN,NaN,NaN,NaN,NaN,NaN,NaN,NaN,NaN,NaN,NaN
2332,620,6740.000,13.617,1.033,0.087,-0.034,0.884,NaN,740,0,3.988,-1.326,485.000,204.000,544.000,379.000,NaN,NaN,NaN,NaN,NaN,NaN,NaN
2333,4,6741.000,7.133,1.918,-0.296,-0.281,0.257,NaN,741,0,-0.988,-1.327,232.000,200.000,254.000,263.000,NaN,NaN,NaN,NaN,NaN,NaN,NaN
2334,56,6741.000,12.898,3.017,-0.280,0.432,NaN,NaN,741,0,-2.320,-1.327,NaN,NaN,NaN,NaN,NaN,NaN,NaN,NaN,NaN,NaN,NaN
2335,373,6741.000,17.826,39.136,-0.281,0.477,NaN,NaN,741,0,-2.654,-1.327,NaN,NaN,NaN,NaN,NaN,NaN,NaN,NaN,NaN,NaN,NaN
2336,564,6741.000,13.913,1.556,0.070,-0.045,0.878,0.997,741,0,4.343,2.172,441.000,190.000,498.000,377.000,13.930,1.560,-1.110,0.970,0.620,1.930,-0.689
2337,588,6741.000,13.737,1.501,0.081,0.036,NaN,NaN,741,0,-3.178,-1.327,NaN,NaN,NaN,NaN,NaN,NaN,NaN,NaN,NaN,NaN,NaN
2338,620,6741.000,13.695,1.027,0.084,-0.025,0.870,0.898,741,0,4.343,2.172,496.000,206.000,550.000,378.000,13.680,1.050,-1.210,0.830,0.640,1.880,2.159
2339,4,6742.000,6.836,1.639,-0.296,-0.279,NaN,NaN,742,0,-4.676,-2.338,NaN,NaN,NaN,NaN,NaN,NaN,NaN,NaN,NaN,NaN,NaN
2340,56,6742.000,12.620,3.449,-0.278,0.432,NaN,NaN,742,0,-2.654,-1.327,NaN,NaN,NaN,NaN,NaN,NaN,NaN,NaN,NaN,NaN,NaN
2341,373,6742.000,17.544,39.615,-0.282,0.478,NaN,NaN,742,0,-2.654,-1.327,NaN,NaN,NaN,NaN,NaN,NaN,NaN,NaN,NaN,NaN,NaN
2342,564,6742.000,14.030,1.520,0.084,-0.042,0.893,0.963,742,0,4.343,2.172,444.000,190.000,500.000,376.000,14.080,1.530,-1.140,0.960,0.540,1.900,-0.361
2343,588,6742.000,14.131,1.499,0.137,0.027,NaN,0.071,742,0,-2.385,-0.783,402.000,175.000,547.000,374.000,14.160,1.490,-1.140,2.010,0.550,1.910,-0.420
2344,620,6742.000,13.833,0.971,0.101,-0.033,0.877,0.521,742,0,4.343,0.424,498.000,206.000,551.000,378.000,13.900,0.930,-1.210,0.880,0.530,1.840,-0.197
2345,4,6743.000,6.540,1.358,-0.296,-0.280,NaN,NaN,743,0,-1.274,-1.327,NaN,NaN,NaN,NaN,NaN,NaN,NaN,NaN,NaN,NaN,NaN
2346,56,6743.000,12.341,3.881,-0.279,0.432,NaN,NaN,743,0,-2.654,-1.327,NaN,NaN,NaN,NaN,NaN,NaN,NaN,NaN,NaN,NaN,NaN
2347,373,6743.000,17.261,40.092,-0.283,0.477,NaN,NaN,743,0,-2.654,-1.327,NaN,NaN,NaN,NaN,NaN,NaN,NaN,NaN,NaN,NaN,NaN
2348,564,6743.000,14.116,1.488,0.085,-0.038,0.870,NaN,743,0,3.848,-1.327,450.000,189.000,508.000,375.000,NaN,NaN,NaN,NaN,NaN,NaN,NaN
2349,588,6743.000,14.267,1.525,0.136,0.026,NaN,NaN,743,0,-2.654,-1.327,NaN,NaN,NaN,NaN,NaN,NaN,NaN,NaN,NaN,NaN,NaN
2350,620,6743.000,13.932,0.942,0.100,-0.031,0.825,NaN,743,0,3.938,-1.323,504.000,208.000,556.000,377.000,NaN,NaN,NaN,NaN,NaN,NaN,NaN
2351,4,6744.000,6.244,1.077,-0.296,-0.281,NaN,NaN,744,0,-2.654,-1.327,NaN,NaN,NaN,NaN,NaN,NaN,NaN,NaN,NaN,NaN,NaN
2352,56,6744.000,12.062,4.313,-0.279,0.432,NaN,NaN,744,0,-2.621,-1.310,NaN,NaN,NaN,NaN,NaN,NaN,NaN,NaN,NaN,NaN,NaN
2353,373,6744.000,16.978,40.568,-0.283,0.476,NaN,NaN,744,0,-2.654,-1.327,NaN,NaN,NaN,NaN,NaN,NaN,NaN,NaN,NaN,NaN,NaN
2354,564,6744.000,14.212,1.436,0.090,-0.043,0.804,0.996,744,0,4.151,2.172,455.000,188.000,511.000,371.000,14.210,1.430,-1.100,0.920,0.580,1.820,-0.404
2355,588,6744.000,14.402,1.552,0.135,0.027,NaN,NaN,744,0,-2.654,-1.327,NaN,NaN,NaN,NaN,NaN,NaN,NaN,NaN,NaN,NaN,NaN
2356,620,6744.000,14.073,0.882,0.113,-0.040,0.799,0.629,744,0,4.151,0.916,505.000,207.000,562.000,375.000,14.110,0.860,-1.220,0.730,0.640,1.820,-0.503
2357,4,6745.000,5.947,0.796,-0.296,-0.282,NaN,NaN,745,0,-3.456,-1.327,NaN,NaN,NaN,NaN,NaN,NaN,NaN,NaN,NaN,NaN,NaN
2358,56,6745.000,11.784,4.746,-0.278,0.432,NaN,NaN,745,0,-3.074,-1.265,NaN,NaN,NaN,NaN,NaN,NaN,NaN,NaN,NaN,NaN,NaN
2359,373,6745.000,16.694,41.045,-0.284,0.477,NaN,NaN,745,0,-2.654,-1.327,NaN,NaN,NaN,NaN,NaN,NaN,NaN,NaN,NaN,NaN,NaN
2360,564,6745.000,14.331,1.408,0.099,-0.038,0.845,0.049,745,0,4.343,-0.941,458.000,185.000,513.000,368.000,14.360,1.430,-1.190,1.700,0.500,1.900,-2.849
2361,588,6745.000,14.400,1.493,0.107,0.007,NaN,0.994,745,0,-2.385,2.172,439.000,168.000,525.000,358.000,14.360,1.460,-1.060,1.150,0.610,1.910,-0.153
2362,620,6745.000,14.229,0.821,0.128,-0.046,0.472,0.389,745,0,0.530,0.040,507.000,206.000,566.000,324.000,14.280,0.810,-1.210,0.780,0.600,1.840,-0.105
2363,4,6746.000,5.649,0.514,-0.298,-0.282,NaN,NaN,746,0,-2.654,-1.327,NaN,NaN,NaN,NaN,NaN,NaN,NaN,NaN,NaN,NaN,NaN
2364,56,6746.000,11.505,5.178,-0.279,0.433,NaN,NaN,746,0,-2.533,-1.267,NaN,NaN,NaN,NaN,NaN,NaN,NaN,NaN,NaN,NaN,NaN
2365,373,6746.000,16.411,41.521,-0.283,0.476,NaN,NaN,746,0,-2.654,-1.327,NaN,NaN,NaN,NaN,NaN,NaN,NaN,NaN,NaN,NaN,NaN
2366,564,6746.000,14.428,1.392,0.098,-0.031,0.883,NaN,746,0,3.848,-1.327,463.000,183.000,517.000,369.000,NaN,NaN,NaN,NaN,NaN,NaN,NaN
2367,588,6746.000,14.565,1.261,0.111,-0.051,0.211,NaN,746,0,-1.058,-1.327,512.000,203.000,571.000,291.000,NaN,NaN,NaN,NaN,NaN,NaN,NaN
2368,620,6746.000,14.356,0.794,0.128,-0.040,0.073,NaN,746,0,-1.131,-1.300,515.000,203.000,572.000,370.000,NaN,NaN,NaN,NaN,NaN,NaN,NaN
2369,4,6747.000,5.351,0.232,-0.298,-0.282,NaN,NaN,747,0,-3.053,-2.289,NaN,NaN,NaN,NaN,NaN,NaN,NaN,NaN,NaN,NaN,NaN
2370,56,6747.000,11.227,5.611,-0.278,0.432,NaN,NaN,747,0,-4.676,-2.189,NaN,NaN,NaN,NaN,NaN,NaN,NaN,NaN,NaN,NaN,NaN
2371,373,6747.000,16.129,41.998,-0.282,0.477,NaN,NaN,747,0,0.000,-1.086,NaN,NaN,NaN,NaN,NaN,NaN,NaN,NaN,NaN,NaN,NaN
2372,564,6747.000,14.508,1.367,0.094,-0.031,0.820,0.851,747,0,4.327,2.172,464.000,182.000,519.000,368.000,14.500,1.380,-1.140,0.850,0.590,1.810,-0.030
2373,588,6747.000,14.675,1.209,0.110,-0.052,NaN,NaN,747,0,-2.654,-1.327,NaN,NaN,NaN,NaN,NaN,NaN,NaN,NaN,NaN,NaN,NaN
2374,620,6747.000,14.484,0.754,0.128,-0.040,NaN,NaN,747,0,-2.578,-1.289,NaN,NaN,NaN,NaN,NaN,NaN,NaN,NaN,NaN,NaN,NaN
2375,4,6748.000,5.054,-0.050,-0.297,-0.282,NaN,NaN,748,0,-2.397,-1.327,NaN,NaN,NaN,NaN,NaN,NaN,NaN,NaN,NaN,NaN,NaN
2376,56,6748.000,12.025,5.547,-0.142,0.383,0.043,NaN,748,0,-2.435,-1.327,0.000,207.000,7.000,273.000,NaN,NaN,NaN,NaN,NaN,NaN,NaN
2377,373,6748.000,15.847,42.476,-0.282,0.478,NaN,NaN,748,0,-2.654,-1.327,NaN,NaN,NaN,NaN,NaN,NaN,NaN,NaN,NaN,NaN,NaN
2378,564,6748.000,14.608,1.325,0.095,-0.034,0.329,0.704,748,0,-0.188,1.322,530.000,203.000,578.000,260.000,14.610,1.320,-1.110,2.090,0.500,1.830,-0.380
2379,588,6748.000,14.674,1.254,0.085,-0.028,0.830,0.976,748,0,4.394,2.197,472.000,184.000,530.000,368.000,14.630,1.290,-1.100,0.980,0.550,1.840,-0.292
2380,620,6748.000,14.614,0.700,0.129,-0.043,0.404,0.784,748,0,0.164,1.963,519.000,203.000,578.000,287.000,14.600,0.680,-1.220,0.730,0.660,1.870,-0.121
2381,4,6749.000,4.759,0.514,-0.310,-0.152,0.244,NaN,749,0,-1.275,-1.327,471.000,198.000,484.000,251.000,NaN,NaN,NaN,NaN,NaN,NaN,NaN
2382,56,6749.000,11.884,5.929,-0.141,0.382,NaN,NaN,749,0,-1.938,-1.315,NaN,NaN,NaN,NaN,NaN,NaN,NaN,NaN,NaN,NaN,NaN
2383,373,6749.000,15.566,42.955,-0.281,0.479,NaN,NaN,749,0,-2.654,-1.327,NaN,NaN,NaN,NaN,NaN,NaN,NaN,NaN,NaN,NaN,NaN
2384,564,6749.000,14.703,1.285,0.094,-0.035,0.875,NaN,749,0,3.988,-1.327,476.000,193.000,536.000,368.000,NaN,NaN,NaN,NaN,NaN,NaN,NaN
2385,588,6749.000,14.771,1.113,0.075,-0.050,0.028,NaN,749,0,-3.100,-1.327,517.000,202.000,525.000,230.000,NaN,NaN,NaN,NaN,NaN,NaN,NaN
2386,620,6749.000,14.747,0.690,0.132,-0.033,0.447,NaN,749,0,-0.075,-1.217,527.000,204.000,582.000,281.000,NaN,NaN,NaN,NaN,NaN,NaN,NaN
2387,4,6750.000,4.513,0.327,-0.289,-0.196,0.342,NaN,750,0,-0.875,-1.327,537.000,207.000,586.000,263.000,NaN,NaN,NaN,NaN,NaN,NaN,NaN
2388,56,6750.000,11.742,6.311,-0.141,0.383,NaN,NaN,750,0,-3.100,-1.327,NaN,NaN,NaN,NaN,NaN,NaN,NaN,NaN,NaN,NaN,NaN
2389,373,6750.000,15.286,43.433,-0.281,0.479,NaN,NaN,750,0,-4.520,-2.033,NaN,NaN,NaN,NaN,NaN,NaN,NaN,NaN,NaN,NaN,NaN
2390,564,6750.000,14.756,1.252,0.083,-0.035,0.893,0.985,750,0,4.394,2.197,479.000,190.000,539.000,368.000,14.740,1.250,-1.110,0.890,0.600,1.810,-0.391
2391,588,6750.000,14.846,1.062,0.075,-0.051,NaN,NaN,750,0,-1.023,-1.326,NaN,NaN,NaN,NaN,NaN,NaN,NaN,NaN,NaN,NaN,NaN
2392,620,6750.000,14.878,0.657,0.131,-0.034,NaN,NaN,750,0,-2.725,-1.217,NaN,NaN,NaN,NaN,NaN,NaN,NaN,NaN,NaN,NaN,NaN
2393,4,6751.000,4.226,0.131,-0.288,-0.196,NaN,NaN,751,0,-1.451,-0.681,NaN,NaN,NaN,NaN,NaN,NaN,NaN,NaN,NaN,NaN,NaN
2394,56,6751.000,11.601,6.693,-0.141,0.382,NaN,NaN,751,0,-3.156,-2.620,NaN,NaN,NaN,NaN,NaN,NaN,NaN,NaN,NaN,NaN,NaN
2395,373,6751.000,15.006,43.914,-0.280,0.480,NaN,NaN,751,0,-2.654,-1.327,NaN,NaN,NaN,NaN,NaN,NaN,NaN,NaN,NaN,NaN,NaN
2396,564,6751.000,14.835,1.188,0.083,-0.044,0.854,0.984,751,0,4.394,2.197,481.000,190.000,539.000,367.000,14.840,1.160,-1.050,0.870,0.560,1.670,-0.302
2397,588,6751.000,14.968,0.926,0.093,-0.092,0.085,NaN,751,0,-2.566,-1.324,536.000,206.000,542.000,218.000,NaN,NaN,NaN,NaN,NaN,NaN,NaN
2398,620,6751.000,14.860,0.598,0.098,-0.035,0.454,0.014,751,0,0.456,-1.098,541.000,207.000,588.000,260.000,14.820,0.590,-1.240,0.770,0.610,1.770,-0.199
2399,4,6752.000,3.877,0.077,-0.301,-0.128,0.588,NaN,752,0,0.729,-1.327,547.000,206.000,593.000,257.000,NaN,NaN,NaN,NaN,NaN,NaN,NaN
2400,56,6752.000,11.460,7.075,-0.141,0.382,NaN,NaN,752,0,-2.972,-1.327,NaN,NaN,NaN,NaN,NaN,NaN,NaN,NaN,NaN,NaN,NaN
2401,373,6752.000,14.726,44.396,-0.280,0.482,NaN,NaN,752,0,-2.654,-1.327,NaN,NaN,NaN,NaN,NaN,NaN,NaN,NaN,NaN,NaN,NaN
2402,564,6752.000,14.917,1.163,0.084,-0.039,0.762,NaN,752,0,3.133,-1.327,485.000,194.000,543.000,365.000,NaN,NaN,NaN,NaN,NaN,NaN,NaN
2403,588,6752.000,15.060,0.833,0.091,-0.093,NaN,NaN,752,0,-3.068,-1.313,NaN,NaN,NaN,NaN,NaN,NaN,NaN,NaN,NaN,NaN,NaN
2404,620,6752.000,14.957,0.561,0.097,-0.037,NaN,NaN,752,0,-2.410,-1.205,NaN,NaN,NaN,NaN,NaN,NaN,NaN,NaN,NaN,NaN,NaN
2405,4,6753.000,3.575,-0.050,-0.302,-0.127,NaN,NaN,753,0,-2.404,-1.327,NaN,NaN,NaN,NaN,NaN,NaN,NaN,NaN,NaN,NaN,NaN
2406,56,6753.000,11.319,7.456,-0.141,0.381,NaN,NaN,753,0,-2.972,-1.327,NaN,NaN,NaN,NaN,NaN,NaN,NaN,NaN,NaN,NaN,NaN
2407,373,6753.000,14.447,44.878,-0.279,0.482,NaN,NaN,753,0,-2.654,-1.327,NaN,NaN,NaN,NaN,NaN,NaN,NaN,NaN,NaN,NaN,NaN
2408,564,6753.000,14.997,1.124,0.082,-0.039,0.860,0.997,753,0,4.394,2.197,488.000,183.000,550.000,365.000,15.000,1.110,-1.100,0.920,0.590,1.770,-0.241
2409,588,6753.000,15.143,0.695,0.089,-0.116,0.232,NaN,753,0,-1.110,-1.289,554.000,205.000,601.000,275.000,NaN,NaN,NaN,NaN,NaN,NaN,NaN
2410,620,6753.000,15.056,0.507,0.097,-0.041,0.058,NaN,753,0,-1.067,-1.209,554.000,205.000,601.000,389.000,NaN,NaN,NaN,NaN,NaN,NaN,NaN
2411,4,6754.000,3.273,-0.174,-0.302,-0.124,NaN,NaN,754,0,-1.860,-1.327,NaN,NaN,NaN,NaN,NaN,NaN,NaN,NaN,NaN,NaN,NaN
2412,56,6754.000,11.178,7.836,-0.141,0.380,NaN,NaN,754,0,-4.891,-2.409,NaN,NaN,NaN,NaN,NaN,NaN,NaN,NaN,NaN,NaN,NaN
2413,373,6754.000,14.167,45.360,-0.279,0.482,NaN,NaN,754,0,-2.654,-1.327,NaN,NaN,NaN,NaN,NaN,NaN,NaN,NaN,NaN,NaN,NaN
2414,564,6754.000,15.068,1.064,0.079,-0.045,0.882,0.864,754,0,4.394,2.197,494.000,188.000,554.000,362.000,15.060,1.040,-1.060,1.010,0.600,1.870,-0.245
2415,588,6754.000,15.279,0.722,0.092,-0.060,0.239,0.051,754,0,-0.489,-0.879,556.000,205.000,604.000,285.000,15.260,0.970,-1.010,1.740,0.510,1.820,0.429
2416,620,6754.000,15.028,0.453,0.069,-0.044,0.033,0.087,754,0,-2.058,-0.648,556.000,207.000,605.000,332.000,14.980,0.450,-1.160,0.730,0.670,1.770,-0.191
2417,4,6755.000,2.971,-0.299,-0.301,-0.125,NaN,NaN,755,0,-2.654,-1.327,NaN,NaN,NaN,NaN,NaN,NaN,NaN,NaN,NaN,NaN,NaN
2418,56,6755.000,11.037,8.216,-0.141,0.380,NaN,NaN,755,0,-2.972,-1.327,NaN,NaN,NaN,NaN,NaN,NaN,NaN,NaN,NaN,NaN,NaN
2419,373,6755.000,13.888,45.843,-0.279,0.483,NaN,NaN,755,0,-2.654,-1.327,NaN,NaN,NaN,NaN,NaN,NaN,NaN,NaN,NaN,NaN,NaN
2420,564,6755.000,15.148,1.012,0.080,-0.048,0.786,NaN,755,0,3.591,-1.323,506.000,185.000,560.000,358.000,NaN,NaN,NaN,NaN,NaN,NaN,NaN
2421,588,6755.000,15.373,0.565,0.091,-0.091,0.050,NaN,755,0,-2.114,-1.222,561.000,203.000,607.000,264.000,NaN,NaN,NaN,NaN,NaN,NaN,NaN
2422,620,6755.000,15.098,0.408,0.068,-0.045,0.185,NaN,755,0,-0.806,-1.251,561.000,203.000,611.000,330.000,NaN,NaN,NaN,NaN,NaN,NaN,NaN
2423,4,6756.000,2.669,-0.426,-0.302,-0.126,NaN,NaN,756,0,-3.100,-1.327,NaN,NaN,NaN,NaN,NaN,NaN,NaN,NaN,NaN,NaN,NaN
2424,56,6756.000,10.895,8.596,-0.142,0.380,NaN,NaN,756,0,-2.654,-1.327,NaN,NaN,NaN,NaN,NaN,NaN,NaN,NaN,NaN,NaN,NaN
2425,373,6756.000,13.609,46.326,-0.279,0.483,NaN,NaN,756,0,-2.654,-1.327,NaN,NaN,NaN,NaN,NaN,NaN,NaN,NaN,NaN,NaN,NaN
2426,564,6756.000,15.222,0.950,0.077,-0.051,0.805,0.980,756,0,4.244,2.197,510.000,184.000,563.000,356.000,15.230,0.950,-1.060,0.820,0.540,1.760,-0.165
2427,588,6756.000,15.472,0.444,0.093,-0.101,0.229,NaN,756,0,-1.045,-1.214,563.000,203.000,611.000,270.000,NaN,NaN,NaN,NaN,NaN,NaN,NaN
2428,620,6756.000,15.154,0.370,0.065,-0.043,0.412,0.587,756,0,0.223,0.736,563.000,203.000,611.000,337.000,15.140,0.380,-1.200,0.740,0.580,1.820,-0.249
2429,4,6757.000,2.367,-0.552,-0.302,-0.127,NaN,NaN,757,0,-2.805,-1.327,NaN,NaN,NaN,NaN,NaN,NaN,NaN,NaN,NaN,NaN,NaN
2430,56,6757.000,10.752,8.977,-0.143,0.381,NaN,NaN,757,0,-1.456,-1.327,NaN,NaN,NaN,NaN,NaN,NaN,NaN,NaN,NaN,NaN,NaN
2431,373,6757.000,13.329,46.807,-0.280,0.483,NaN,NaN,757,0,0.000,-2.087,NaN,NaN,NaN,NaN,NaN,NaN,NaN,NaN,NaN,NaN,NaN
2432,564,6757.000,15.295,0.902,0.075,-0.051,0.646,NaN,757,0,1.927,-1.314,515.000,183.000,568.000,317.000,NaN,NaN,NaN,NaN,NaN,NaN,NaN
2433,588,6757.000,15.572,0.343,0.093,-0.101,0.116,NaN,757,0,-1.456,-1.271,568.000,204.000,616.000,295.000,NaN,NaN,NaN,NaN,NaN,NaN,NaN
2434,620,6757.000,15.296,0.318,0.082,-0.046,0.281,0.014,757,0,-0.322,-1.176,568.000,204.000,616.000,361.000,15.380,0.300,-1.200,0.740,0.470,1.930,-0.180
2435,4,6758.000,2.064,-0.679,-0.303,-0.127,NaN,NaN,758,0,-2.654,-1.327,NaN,NaN,NaN,NaN,NaN,NaN,NaN,NaN,NaN,NaN,NaN
2436,56,6758.000,10.610,9.358,-0.142,0.380,NaN,NaN,758,0,-1.937,-1.327,NaN,NaN,NaN,NaN,NaN,NaN,NaN,NaN,NaN,NaN,NaN
2437,373,6758.000,13.048,47.290,-0.280,0.483,NaN,NaN,758,0,-2.654,-1.327,NaN,NaN,NaN,NaN,NaN,NaN,NaN,NaN,NaN,NaN,NaN
2438,564,6758.000,15.373,0.855,0.077,-0.050,0.049,NaN,758,0,-1.613,-1.305,519.000,186.000,574.000,319.000,NaN,NaN,NaN,NaN,NaN,NaN,NaN
2439,588,6758.000,15.665,0.243,0.093,-0.101,NaN,NaN,758,0,-2.400,-1.308,NaN,NaN,NaN,NaN,NaN,NaN,NaN,NaN,NaN,NaN,NaN
2440,620,6758.000,15.376,0.276,0.081,-0.044,0.836,NaN,758,0,4.132,-1.311,573.000,206.000,623.000,357.000,NaN,NaN,NaN,NaN,NaN,NaN,NaN
2441,4,6759.000,1.761,-0.807,-0.303,-0.128,NaN,NaN,759,0,-2.972,-1.327,NaN,NaN,NaN,NaN,NaN,NaN,NaN,NaN,NaN,NaN,NaN
2442,56,6759.000,10.468,9.739,-0.142,0.381,NaN,NaN,759,0,-1.803,-2.068,NaN,NaN,NaN,NaN,NaN,NaN,NaN,NaN,NaN,NaN,NaN
2443,373,6759.000,12.769,47.773,-0.280,0.483,NaN,NaN,759,0,-2.654,-1.327,NaN,NaN,NaN,NaN,NaN,NaN,NaN,NaN,NaN,NaN,NaN
2444,564,6759.000,15.460,0.826,0.080,-0.042,0.782,0.430,759,0,3.927,0.170,525.000,187.000,578.000,264.000,15.470,0.840,-1.110,0.760,0.580,1.800,0.304
2445,588,6759.000,15.759,0.140,0.094,-0.102,NaN,NaN,759,0,-1.202,-1.320,NaN,NaN,NaN,NaN,NaN,NaN,NaN,NaN,NaN,NaN,NaN
2446,620,6759.000,15.354,0.236,0.054,-0.042,0.817,0.285,759,0,4.394,-0.163,579.000,206.000,625.000,357.000,15.280,0.250,-1.250,0.650,0.540,1.850,2.567
2447,641,6759.000,35.920,11.090,0.000,0.000,0.572,0.108,759,0,-1.747,-2.004,194.000,202.000,213.000,266.000,35.920,11.090,-1.110,1.750,0.650,1.700,-3.292
2448,4,6760.000,1.457,-0.936,-0.304,-0.129,NaN,NaN,760,0,-4.437,-3.112,NaN,NaN,NaN,NaN,NaN,NaN,NaN,NaN,NaN,NaN,NaN
2449,56,6760.000,10.326,10.119,-0.142,0.381,NaN,NaN,760,0,-2.184,-1.327,NaN,NaN,NaN,NaN,NaN,NaN,NaN,NaN,NaN,NaN,NaN
2450,373,6760.000,12.490,48.255,-0.279,0.482,NaN,NaN,760,0,-2.674,-1.453,NaN,NaN,NaN,NaN,NaN,NaN,NaN,NaN,NaN,NaN,NaN
2451,564,6760.000,15.539,0.785,0.078,-0.041,NaN,NaN,760,0,-1.132,-1.271,NaN,NaN,NaN,NaN,NaN,NaN,NaN,NaN,NaN,NaN,NaN
2452,588,6760.000,15.853,0.038,0.094,-0.103,NaN,NaN,760,0,-5.049,-2.524,NaN,NaN,NaN,NaN,NaN,NaN,NaN,NaN,NaN,NaN,NaN
2453,620,6760.000,15.436,0.167,0.062,-0.051,0.812,0.284,760,0,4.344,-0.164,581.000,206.000,627.000,356.000,15.460,0.130,-1.160,0.840,0.600,1.670,-0.339
2454,641,6760.000,35.901,11.179,-0.018,0.018,0.638,NaN,760,0,1.407,-1.286,193.000,202.000,216.000,266.000,NaN,NaN,NaN,NaN,NaN,NaN,NaN
2455,4,6761.000,1.153,-1.065,-0.304,-0.129,NaN,NaN,761,0,-2.507,-1.327,NaN,NaN,NaN,NaN,NaN,NaN,NaN,NaN,NaN,NaN,NaN
2456,56,6761.000,10.185,10.500,-0.141,0.381,NaN,NaN,761,0,-1.689,-1.327,NaN,NaN,NaN,NaN,NaN,NaN,NaN,NaN,NaN,NaN,NaN
2457,373,6761.000,12.210,48.736,-0.280,0.481,NaN,NaN,761,0,-2.654,-1.327,NaN,NaN,NaN,NaN,NaN,NaN,NaN,NaN,NaN,NaN,NaN
2458,564,6761.000,15.618,0.745,0.079,-0.040,NaN,NaN,761,0,-1.864,-1.238,NaN,NaN,NaN,NaN,NaN,NaN,NaN,NaN,NaN,NaN,NaN
2459,588,6761.000,15.947,-0.066,0.094,-0.104,NaN,NaN,761,0,-1.248,-1.327,NaN,NaN,NaN,NaN,NaN,NaN,NaN,NaN,NaN,NaN,NaN
2460,620,6761.000,15.497,0.122,0.063,-0.049,0.716,NaN,761,0,2.721,-1.324,587.000,204.000,632.000,357.000,NaN,NaN,NaN,NaN,NaN,NaN,NaN
2461,641,6761.000,35.852,11.259,-0.034,0.044,0.722,NaN,761,0,2.434,-1.275,189.000,202.000,212.000,266.000,NaN,NaN,NaN,NaN,NaN,NaN,NaN
2462,4,6762.000,0.848,-1.193,-0.305,-0.128,NaN,NaN,762,0,-2.640,-1.327,NaN,NaN,NaN,NaN,NaN,NaN,NaN,NaN,NaN,NaN,NaN
2463,56,6762.000,10.044,10.881,-0.141,0.381,NaN,NaN,762,0,-2.184,-1.327,NaN,NaN,NaN,NaN,NaN,NaN,NaN,NaN,NaN,NaN,NaN
2464,373,6762.000,11.930,49.216,-0.280,0.480,NaN,NaN,762,0,2.396,2.225,NaN,NaN,NaN,NaN,NaN,NaN,NaN,NaN,NaN,NaN,NaN
2465,564,6762.000,15.750,0.715,0.087,-0.038,NaN,0.168,762,0,-2.285,-0.414,497.000,175.000,616.000,348.000,15.760,0.720,-1.090,1.840,0.570,1.870,-0.446
2466,588,6762.000,16.041,-0.170,0.094,-0.103,NaN,NaN,762,0,-4.676,-2.327,NaN,NaN,NaN,NaN,NaN,NaN,NaN,NaN,NaN,NaN,NaN
2467,620,6762.000,15.546,0.077,0.057,-0.049,0.803,0.701,762,0,4.330,1.366,591.000,203.000,636.000,357.000,15.530,0.120,-1.260,0.880,0.440,1.890,-0.404
2468,641,6762.000,35.827,11.346,-0.040,0.057,0.748,NaN,762,0,2.906,-1.265,183.000,202.000,211.000,266.000,NaN,NaN,NaN,NaN,NaN,NaN,NaN
2469,4,6763.000,0.543,-1.321,-0.305,-0.128,NaN,NaN,763,0,-4.676,-2.161,NaN,NaN,NaN,NaN,NaN,NaN,NaN,NaN,NaN,NaN,NaN
2470,56,6763.000,9.902,11.263,-0.141,0.381,NaN,NaN,763,0,-2.805,-1.327,NaN,NaN,NaN,NaN,NaN,NaN,NaN,NaN,NaN,NaN,NaN
2471,373,6763.000,11.652,49.697,-0.279,0.481,NaN,NaN,763,0,0.000,-1.795,NaN,NaN,NaN,NaN,NaN,NaN,NaN,NaN,NaN,NaN,NaN
2472,564,6763.000,15.871,0.680,0.095,-0.037,0.766,0.797,763,0,3.840,2.165,540.000,187.000,590.000,258.000,15.890,0.680,-1.100,0.830,0.580,1.870,0.482
2473,588,6763.000,16.136,-0.274,0.095,-0.105,NaN,NaN,763,0,-2.654,-1.327,NaN,NaN,NaN,NaN,NaN,NaN,NaN,NaN,NaN,NaN,NaN
2474,620,6763.000,15.626,0.043,0.062,-0.044,0.828,0.779,763,0,4.450,2.010,593.000,203.000,638.000,356.000,15.640,0.060,-1.230,0.810,0.510,1.860,-0.653
2475,641,6763.000,35.784,11.386,-0.042,0.048,0.744,NaN,763,0,2.746,-1.276,182.000,203.000,212.000,267.000,NaN,NaN,NaN,NaN,NaN,NaN,NaN
2476,4,6764.000,0.237,-1.450,-0.307,-0.129,NaN,NaN,764,0,-2.080,-1.327,NaN,NaN,NaN,NaN,NaN,NaN,NaN,NaN,NaN,NaN,NaN
2477,56,6764.000,9.762,11.643,-0.141,0.381,NaN,NaN,764,0,-3.178,-1.327,NaN,NaN,NaN,NaN,NaN,NaN,NaN,NaN,NaN,NaN,NaN
2478,373,6764.000,11.373,50.176,-0.279,0.480,NaN,NaN,764,0,-2.654,-1.327,NaN,NaN,NaN,NaN,NaN,NaN,NaN,NaN,NaN,NaN,NaN
2479,564,6764.000,15.966,0.643,0.095,-0.037,NaN,NaN,764,0,-2.847,-1.218,NaN,NaN,NaN,NaN,NaN,NaN,NaN,NaN,NaN,NaN,NaN
2480,588,6764.000,16.229,-0.380,0.094,-0.106,NaN,NaN,764,0,-2.653,-1.327,NaN,NaN,NaN,NaN,NaN,NaN,NaN,NaN,NaN,NaN,NaN
2481,620,6764.000,15.689,0.019,0.061,-0.039,0.838,NaN,764,0,4.132,-1.327,594.000,203.000,640.000,357.000,NaN,NaN,NaN,NaN,NaN,NaN,NaN
2482,641,6764.000,35.733,11.441,-0.045,0.048,0.766,NaN,764,0,3.261,-1.286,177.000,203.000,209.000,266.000,NaN,NaN,NaN,NaN,NaN,NaN,NaN
2483,4,6765.000,-0.069,-1.578,-0.306,-0.128,NaN,NaN,765,0,-1.785,-1.327,NaN,NaN,NaN,NaN,NaN,NaN,NaN,NaN,NaN,NaN,NaN
2484,56,6765.000,9.622,12.024,-0.140,0.381,NaN,NaN,765,0,-1.976,-1.327,NaN,NaN,NaN,NaN,NaN,NaN,NaN,NaN,NaN,NaN,NaN
2485,373,6765.000,11.093,50.658,-0.279,0.482,NaN,NaN,765,0,-2.654,-1.327,NaN,NaN,NaN,NaN,NaN,NaN,NaN,NaN,NaN,NaN,NaN
2486,564,6765.000,16.042,0.573,0.089,-0.048,0.100,0.072,765,0,-1.272,-0.754,549.000,190.000,595.000,254.000,16.030,0.550,-1.010,0.830,0.560,1.870,-0.507
2487,588,6765.000,16.325,-0.486,0.096,-0.106,NaN,NaN,765,0,-2.638,-1.326,NaN,NaN,NaN,NaN,NaN,NaN,NaN,NaN,NaN,NaN,NaN
2488,620,6765.000,15.757,-0.036,0.062,-0.042,0.831,0.710,765,0,4.450,1.433,595.000,204.000,646.000,356.000,15.750,-0.050,-1.190,0.870,0.540,1.670,-0.394
2489,641,6765.000,36.025,11.590,0.005,0.068,0.740,0.045,765,0,-0.355,-2.260,177.000,203.000,206.000,265.000,36.040,11.600,-1.300,0.610,0.700,1.720,0.323
2490,4,6766.000,-0.376,-1.705,-0.306,-0.127,NaN,NaN,766,0,-1.955,-1.327,NaN,NaN,NaN,NaN,NaN,NaN,NaN,NaN,NaN,NaN,NaN
2491,56,6766.000,9.481,12.405,-0.141,0.381,NaN,NaN,766,0,-2.037,-1.327,NaN,NaN,NaN,NaN,NaN,NaN,NaN,NaN,NaN,NaN,NaN
2492,373,6766.000,10.813,51.141,-0.280,0.483,NaN,NaN,766,0,0.000,-1.832,NaN,NaN,NaN,NaN,NaN,NaN,NaN,NaN,NaN,NaN,NaN
2493,564,6766.000,16.176,0.544,0.098,-0.043,0.388,0.229,766,0,0.123,-0.276,551.000,190.000,598.000,282.000,16.210,0.560,-1.010,0.780,0.620,1.880,0.173
2494,588,6766.000,16.419,-0.593,0.094,-0.107,NaN,NaN,766,0,-2.968,-1.325,NaN,NaN,NaN,NaN,NaN,NaN,NaN,NaN,NaN,NaN,NaN
2495,620,6766.000,15.839,-0.069,0.067,-0.039,0.839,0.987,766,0,4.450,2.225,597.000,205.000,648.000,355.000,15.840,-0.060,-1.250,0.980,0.560,1.910,2.558
2496,641,6766.000,35.968,11.729,-0.020,0.078,0.643,NaN,766,0,1.407,-1.304,175.000,203.000,194.000,265.000,NaN,NaN,NaN,NaN,NaN,NaN,NaN
2497,4,6767.000,-0.682,-1.832,-0.306,-0.127,NaN,NaN,767,0,-0.955,-1.327,NaN,NaN,NaN,NaN,NaN,NaN,NaN,NaN,NaN,NaN,NaN
2498,56,6767.000,9.339,12.785,-0.142,0.380,NaN,NaN,767,0,-2.018,-1.327,NaN,NaN,NaN,NaN,NaN,NaN,NaN,NaN,NaN,NaN,NaN
2499,373,6767.000,10.534,51.625,-0.280,0.483,NaN,NaN,767,0,-2.654,-1.327,NaN,NaN,NaN,NaN,NaN,NaN,NaN,NaN,NaN,NaN,NaN
2500,564,6767.000,16.279,0.515,0.099,-0.038,0.134,NaN,767,0,-1.042,-1.221,555.000,185.000,601.000,325.000,NaN,NaN,NaN,NaN,NaN,NaN,NaN
2501,588,6767.000,16.512,-0.702,0.093,-0.109,NaN,NaN,767,0,-1.741,-1.322,NaN,NaN,NaN,NaN,NaN,NaN,NaN,NaN,NaN,NaN,NaN
2502,620,6767.000,15.906,-0.088,0.066,-0.033,0.867,NaN,767,0,4.137,-1.327,599.000,205.000,653.000,355.000,NaN,NaN,NaN,NaN,NaN,NaN,NaN
2503,641,6767.000,35.939,11.796,-0.023,0.075,0.673,NaN,767,0,1.724,-1.319,173.000,202.000,193.000,267.000,NaN,NaN,NaN,NaN,NaN,NaN,NaN
2504,4,6768.000,-0.990,-1.959,-0.308,-0.127,NaN,NaN,768,0,-3.128,-2.650,NaN,NaN,NaN,NaN,NaN,NaN,NaN,NaN,NaN,NaN,NaN
2505,56,6768.000,9.196,13.164,-0.142,0.379,NaN,NaN,768,0,-1.835,-1.327,NaN,NaN,NaN,NaN,NaN,NaN,NaN,NaN,NaN,NaN,NaN
2506,373,6768.000,10.254,52.110,-0.279,0.484,NaN,NaN,768,0,-2.654,-1.327,NaN,NaN,NaN,NaN,NaN,NaN,NaN,NaN,NaN,NaN,NaN
2507,564,6768.000,16.263,0.427,0.071,-0.051,0.495,0.956,768,0,0.745,2.225,561.000,189.000,621.000,345.000,16.180,0.380,-1.110,0.930,0.540,1.840,-0.694
2508,588,6768.000,16.606,-0.813,0.094,-0.110,NaN,NaN,768,0,-2.487,-1.317,NaN,NaN,NaN,NaN,NaN,NaN,NaN,NaN,NaN,NaN,NaN
2509,620,6768.000,15.992,-0.133,0.069,-0.037,0.844,0.991,768,0,4.450,2.225,604.000,204.000,657.000,352.000,15.990,-0.140,-1.230,0.940,0.690,1.870,-0.547
2510,641,6768.000,35.877,11.883,-0.031,0.079,0.705,NaN,768,0,2.280,-1.318,167.000,202.000,188.000,268.000,NaN,NaN,NaN,NaN,NaN,NaN,NaN
2511,4,6769.000,-1.296,-2.084,-0.306,-0.126,NaN,NaN,769,0,-1.785,-1.327,NaN,NaN,NaN,NaN,NaN,NaN,NaN,NaN,NaN,NaN,NaN
2512,56,6769.000,9.054,13.544,-0.142,0.379,NaN,NaN,769,0,-2.507,-1.327,NaN,NaN,NaN,NaN,NaN,NaN,NaN,NaN,NaN,NaN,NaN
2513,373,6769.000,9.974,52.594,-0.280,0.484,NaN,NaN,769,0,-2.654,-1.327,NaN,NaN,NaN,NaN,NaN,NaN,NaN,NaN,NaN,NaN,NaN
2514,564,6769.000,16.337,0.380,0.072,-0.050,0.740,0.756,769,0,3.333,1.832,563.000,189.000,624.000,343.000,16.330,0.370,-1.120,0.840,0.610,1.860,-0.654
2515,588,6769.000,16.699,-0.923,0.093,-0.110,NaN,NaN,769,0,-2.632,-1.316,NaN,NaN,NaN,NaN,NaN,NaN,NaN,NaN,NaN,NaN,NaN
2516,620,6769.000,16.082,-0.181,0.074,-0.040,0.866,0.896,769,0,4.450,2.225,607.000,204.000,659.000,351.000,16.110,-0.200,-1.210,0.910,0.490,1.890,-0.451
2517,641,6769.000,35.843,11.962,-0.032,0.080,0.743,NaN,769,0,2.746,-1.313,163.000,202.000,188.000,267.000,NaN,NaN,NaN,NaN,NaN,NaN,NaN
2518,4,6770.000,-1.603,-2.211,-0.307,-0.126,NaN,NaN,770,0,-1.785,-1.327,NaN,NaN,NaN,NaN,NaN,NaN,NaN,NaN,NaN,NaN,NaN
2519,56,6770.000,8.910,13.923,-0.144,0.379,NaN,NaN,770,0,-2.320,-1.327,NaN,NaN,NaN,NaN,NaN,NaN,NaN,NaN,NaN,NaN,NaN
2520,373,6770.000,9.693,53.078,-0.280,0.484,NaN,NaN,770,0,-2.654,-1.327,NaN,NaN,NaN,NaN,NaN,NaN,NaN,NaN,NaN,NaN,NaN
2521,564,6770.000,16.407,0.314,0.070,-0.055,0.879,NaN,770,0,4.137,-1.305,569.000,190.000,630.000,344.000,NaN,NaN,NaN,NaN,NaN,NaN,NaN
2522,588,6770.000,16.793,-1.030,0.094,-0.108,NaN,NaN,770,0,-2.639,-1.320,NaN,NaN,NaN,NaN,NaN,NaN,NaN,NaN,NaN,NaN,NaN
2523,620,6770.000,16.155,-0.221,0.075,-0.039,0.862,NaN,770,0,4.137,-1.327,615.000,203.000,664.000,350.000,NaN,NaN,NaN,NaN,NaN,NaN,NaN
2524,641,6770.000,35.824,12.011,-0.027,0.070,0.769,NaN,770,0,3.261,-1.296,163.000,203.000,188.000,268.000,NaN,NaN,NaN,NaN,NaN,NaN,NaN
2525,4,6771.000,-1.909,-2.338,-0.306,-0.127,NaN,NaN,771,0,-1.700,-1.327,NaN,NaN,NaN,NaN,NaN,NaN,NaN,NaN,NaN,NaN,NaN
2526,56,6771.000,8.767,14.302,-0.143,0.379,NaN,NaN,771,0,-4.222,-2.663,NaN,NaN,NaN,NaN,NaN,NaN,NaN,NaN,NaN,NaN,NaN
2527,373,6771.000,9.414,53.563,-0.279,0.485,NaN,NaN,771,0,-2.473,0.487,NaN,NaN,NaN,NaN,NaN,NaN,NaN,NaN,NaN,NaN,NaN
2528,564,6771.000,16.454,0.251,0.064,-0.057,0.871,0.856,771,0,4.450,2.225,574.000,188.000,629.000,344.000,16.440,0.240,-1.080,0.840,0.620,1.770,3.149
2529,588,6771.000,16.203,1.752,0.022,0.092,0.061,NaN,771,0,-2.630,-1.322,471.000,195.000,485.000,223.000,NaN,NaN,NaN,NaN,NaN,NaN,NaN
2530,620,6771.000,16.269,-0.277,0.086,-0.045,0.885,0.798,771,0,4.450,2.165,623.000,202.000,669.000,351.000,16.310,-0.290,-1.210,0.840,0.540,1.890,-0.323
2531,641,6771.000,36.026,12.140,-0.000,0.077,0.762,0.252,771,0,-0.167,-1.590,159.000,205.000,187.000,268.000,36.130,12.030,-1.270,0.960,0.450,1.860,-1.805
2532,4,6772.000,-2.216,-2.464,-0.307,-0.126,NaN,NaN,772,0,-1.742,-1.327,NaN,NaN,NaN,NaN,NaN,NaN,NaN,NaN,NaN,NaN,NaN
2533,56,6772.000,8.622,14.682,-0.145,0.380,NaN,NaN,772,0,-5.055,-2.411,NaN,NaN,NaN,NaN,NaN,NaN,NaN,NaN,NaN,NaN,NaN
2534,373,6772.000,9.134,54.048,-0.280,0.485,NaN,NaN,772,0,0.000,-1.461,NaN,NaN,NaN,NaN,NaN,NaN,NaN,NaN,NaN,NaN,NaN
2535,564,6772.000,16.566,0.178,0.077,-0.061,0.807,0.896,772,0,4.482,2.248,577.000,193.000,627.000,339.000,16.630,0.170,-1.080,0.940,0.590,1.830,-0.979
2536,588,6772.000,16.229,1.820,0.025,0.068,0.046,NaN,772,0,-2.805,-1.327,471.000,195.000,484.000,222.000,NaN,NaN,NaN,NaN,NaN,NaN,NaN
2537,620,6772.000,16.351,-0.317,0.086,-0.042,0.885,0.718,772,0,4.450,1.507,624.000,203.000,671.000,350.000,16.350,-0.310,-1.220,1.040,0.530,1.910,2.673
2538,641,6772.000,36.034,12.185,0.005,0.070,0.627,NaN,772,0,1.305,-1.244,156.000,204.000,186.000,268.000,NaN,NaN,NaN,NaN,NaN,NaN,NaN
2539,4,6773.000,-2.523,-2.591,-0.307,-0.126,NaN,NaN,773,0,-2.080,-1.327,NaN,NaN,NaN,NaN,NaN,NaN,NaN,NaN,NaN,NaN,NaN
2540,56,6773.000,8.478,15.062,-0.144,0.380,NaN,NaN,773,0,-2.654,-1.327,NaN,NaN,NaN,NaN,NaN,NaN,NaN,NaN,NaN,NaN,NaN
2541,373,6773.000,8.855,54.532,-0.279,0.484,NaN,NaN,773,0,-2.654,-1.327,NaN,NaN,NaN,NaN,NaN,NaN,NaN,NaN,NaN,NaN,NaN
2542,564,6773.000,16.645,0.136,0.077,-0.056,0.841,NaN,773,0,3.973,-1.325,583.000,184.000,632.000,345.000,NaN,NaN,NaN,NaN,NaN,NaN,NaN
2543,588,6773.000,16.254,1.889,0.025,0.069,NaN,NaN,773,0,-2.649,-1.325,NaN,NaN,NaN,NaN,NaN,NaN,NaN,NaN,NaN,NaN,NaN
2544,620,6773.000,16.439,-0.371,0.086,-0.045,0.869,NaN,773,0,4.137,-1.327,629.000,204.000,676.000,350.000,NaN,NaN,NaN,NaN,NaN,NaN,NaN
2545,641,6773.000,36.046,12.254,0.007,0.070,0.535,NaN,773,0,0.339,-1.177,151.000,204.000,183.000,264.000,NaN,NaN,NaN,NaN,NaN,NaN,NaN
2546,4,6774.000,-2.831,-2.718,-0.308,-0.127,NaN,NaN,774,0,-1.955,-1.327,NaN,NaN,NaN,NaN,NaN,NaN,NaN,NaN,NaN,NaN,NaN
2547,56,6774.000,8.335,15.440,-0.144,0.378,NaN,NaN,774,0,-2.701,-1.327,NaN,NaN,NaN,NaN,NaN,NaN,NaN,NaN,NaN,NaN,NaN
2548,373,6774.000,8.577,55.016,-0.278,0.484,NaN,NaN,774,0,-2.654,-1.327,NaN,NaN,NaN,NaN,NaN,NaN,NaN,NaN,NaN,NaN,NaN
2549,564,6774.000,16.709,0.058,0.074,-0.063,NaN,0.020,774,0,-2.516,-1.222,572.000,172.000,667.000,340.000,16.710,0.050,-1.070,1.710,0.530,1.950,0.418
2550,588,6774.000,16.280,1.958,0.026,0.069,NaN,NaN,774,0,-2.639,-1.320,NaN,NaN,NaN,NaN,NaN,NaN,NaN,NaN,NaN,NaN,NaN
2551,620,6774.000,16.444,-0.388,0.064,-0.038,0.876,0.301,774,0,4.450,-0.131,632.000,205.000,677.000,349.000,16.390,-0.370,-1.250,0.810,0.430,1.780,2.563
2552,641,6774.000,36.048,12.357,0.005,0.077,0.572,NaN,774,0,0.573,-0.963,148.000,203.000,175.000,261.000,NaN,NaN,NaN,NaN,NaN,NaN,NaN
2553,4,6775.000,-3.137,-2.845,-0.306,-0.128,NaN,NaN,775,0,-1.785,-1.327,NaN,NaN,NaN,NaN,NaN,NaN,NaN,NaN,NaN,NaN,NaN
2554,56,6775.000,8.191,15.819,-0.144,0.379,NaN,NaN,775,0,-2.397,-1.327,NaN,NaN,NaN,NaN,NaN,NaN,NaN,NaN,NaN,NaN,NaN
2555,373,6775.000,8.298,55.502,-0.278,0.486,NaN,NaN,775,0,-2.838,-1.410,NaN,NaN,NaN,NaN,NaN,NaN,NaN,NaN,NaN,NaN,NaN
2556,564,6775.000,16.812,0.022,0.082,-0.056,0.884,0.998,775,0,4.496,2.248,589.000,184.000,639.000,345.000,16.850,0.060,-1.080,0.900,0.610,1.770,-0.605
2557,588,6775.000,16.305,2.026,0.025,0.068,NaN,NaN,775,0,-3.054,-1.307,NaN,NaN,NaN,NaN,NaN,NaN,NaN,NaN,NaN,NaN,NaN
2558,620,6775.000,16.549,-0.458,0.076,-0.046,0.882,0.887,775,0,4.496,2.248,634.000,205.000,680.000,350.000,16.590,-0.500,-1.200,0.790,0.640,1.790,-0.652
2559,641,6775.000,36.093,12.403,0.012,0.069,0.266,NaN,775,0,-0.600,-0.715,153.000,204.000,173.000,262.000,NaN,NaN,NaN,NaN,NaN,NaN,NaN
2560,4,6776.000,-3.444,-2.974,-0.307,-0.129,NaN,NaN,776,0,-1.835,-1.327,NaN,NaN,NaN,NaN,NaN,NaN,NaN,NaN,NaN,NaN,NaN
2561,56,6776.000,8.048,16.199,-0.143,0.380,NaN,NaN,776,0,-2.507,-1.327,NaN,NaN,NaN,NaN,NaN,NaN,NaN,NaN,NaN,NaN,NaN
2562,373,6776.000,8.019,55.988,-0.279,0.486,NaN,NaN,776,0,-2.654,-1.327,NaN,NaN,NaN,NaN,NaN,NaN,NaN,NaN,NaN,NaN,NaN
2563,564,6776.000,16.894,-0.012,0.082,-0.050,0.879,NaN,776,0,4.137,-1.327,594.000,185.000,644.000,345.000,NaN,NaN,NaN,NaN,NaN,NaN,NaN
2564,588,6776.000,16.331,2.095,0.026,0.069,NaN,NaN,776,0,-2.858,-1.276,NaN,NaN,NaN,NaN,NaN,NaN,NaN,NaN,NaN,NaN,NaN
2565,620,6776.000,16.626,-0.504,0.076,-0.045,0.822,NaN,776,0,4.052,-1.325,639.000,204.000,685.000,347.000,NaN,NaN,NaN,NaN,NaN,NaN,NaN
2566,641,6776.000,36.054,12.522,0.002,0.082,0.374,NaN,776,0,-0.346,-0.641,143.000,202.000,165.000,256.000,NaN,NaN,NaN,NaN,NaN,NaN,NaN
2567,4,6777.000,-7.912,-2.700,-0.601,-0.133,0.036,NaN,777,0,-2.972,-1.327,161.000,205.000,174.000,238.000,NaN,NaN,NaN,NaN,NaN,NaN,NaN
2568,56,6777.000,7.906,16.577,-0.142,0.379,NaN,NaN,777,0,4.403,-1.248,NaN,NaN,NaN,NaN,NaN,NaN,NaN,NaN,NaN,NaN,NaN
2569,373,6777.000,7.740,56.474,-0.279,0.487,NaN,NaN,777,0,0.000,0.271,NaN,NaN,NaN,NaN,NaN,NaN,NaN,NaN,NaN,NaN,NaN
2570,564,6777.000,16.964,-0.039,0.080,-0.043,NaN,0.973,777,0,-2.518,2.248,581.000,175.000,664.000,334.000,16.960,-0.020,-1.080,0.860,0.630,1.910,-0.700
2571,588,6777.000,16.357,2.165,0.026,0.070,NaN,NaN,777,0,-1.574,-1.192,NaN,NaN,NaN,NaN,NaN,NaN,NaN,NaN,NaN,NaN,NaN
2572,620,6777.000,16.714,-0.533,0.079,-0.040,NaN,0.576,777,0,-2.514,0.777,622.000,189.000,701.000,343.000,16.720,-0.510,-1.200,1.130,0.530,1.820,2.661
2573,641,6777.000,36.065,12.593,0.005,0.079,0.425,NaN,777,0,-0.144,-0.684,142.000,205.000,170.000,266.000,NaN,NaN,NaN,NaN,NaN,NaN,NaN
2574,4,6778.000,-8.513,-2.833,-0.601,-0.133,NaN,NaN,778,0,-2.507,-1.327,NaN,NaN,NaN,NaN,NaN,NaN,NaN,NaN,NaN,NaN,NaN
2575,56,6778.000,7.762,16.957,-0.144,0.379,NaN,NaN,778,0,0.262,-1.327,NaN,NaN,NaN,NaN,NaN,NaN,NaN,NaN,NaN,NaN,NaN
2576,373,6778.000,7.460,56.958,-0.279,0.484,NaN,NaN,778,0,-6.170,-3.085,NaN,NaN,NaN,NaN,NaN,NaN,NaN,NaN,NaN,NaN,NaN
2577,564,6778.000,17.054,-0.072,0.084,-0.042,0.006,0.994,778,0,-2.497,2.248,633.000,202.000,645.000,217.000,17.070,-0.060,-1.090,0.860,0.560,1.780,-0.419
2578,588,6778.000,16.382,2.233,0.025,0.069,NaN,NaN,778,0,0.862,-0.888,NaN,NaN,NaN,NaN,NaN,NaN,NaN,NaN,NaN,NaN,NaN
2579,620,6778.000,16.860,-0.595,0.094,-0.046,0.760,0.127,778,0,3.744,-0.600,648.000,203.000,691.000,343.000,16.920,-0.620,-1.200,0.710,0.610,1.690,-0.493
2580,641,6778.000,36.067,12.670,0.004,0.078,0.066,NaN,778,0,-1.432,-0.930,131.000,204.000,173.000,267.000,NaN,NaN,NaN,NaN,NaN,NaN,NaN
2581,4,6779.000,-9.113,-3.063,-0.578,-0.189,0.412,NaN,779,0,-0.714,-1.327,165.000,204.000,176.000,237.000,NaN,NaN,NaN,NaN,NaN,NaN,NaN
2582,56,6779.000,7.617,17.336,-0.145,0.379,NaN,NaN,779,0,-1.700,-1.327,NaN,NaN,NaN,NaN,NaN,NaN,NaN,NaN,NaN,NaN,NaN
2583,373,6779.000,7.182,57.443,-0.279,0.485,NaN,NaN,779,0,-2.539,-1.327,NaN,NaN,NaN,NaN,NaN,NaN,NaN,NaN,NaN,NaN,NaN
2584,564,6779.000,17.136,-0.108,0.084,-0.040,0.879,NaN,779,0,4.137,-1.327,605.000,190.000,653.000,344.000,NaN,NaN,NaN,NaN,NaN,NaN,NaN
2585,588,6779.000,16.409,2.301,0.026,0.069,NaN,NaN,779,0,-0.228,-0.189,NaN,NaN,NaN,NaN,NaN,NaN,NaN,NaN,NaN,NaN,NaN
2586,620,6779.000,16.948,-0.653,0.094,-0.049,0.728,NaN,779,0,2.836,-1.323,651.000,201.000,696.000,344.000,NaN,NaN,NaN,NaN,NaN,NaN,NaN
2587,641,6779.000,36.014,12.747,-0.002,0.080,0.211,NaN,779,0,-1.106,-1.039,134.000,203.000,160.000,262.000,NaN,NaN,NaN,NaN,NaN,NaN,NaN
2588,4,6780.000,-9.691,-3.251,-0.578,-0.188,NaN,NaN,780,0,-2.680,-1.327,NaN,NaN,NaN,NaN,NaN,NaN,NaN,NaN,NaN,NaN,NaN
2589,56,6780.000,7.474,17.714,-0.143,0.379,NaN,NaN,780,0,-2.058,-1.327,NaN,NaN,NaN,NaN,NaN,NaN,NaN,NaN,NaN,NaN,NaN
2590,373,6780.000,6.902,57.928,-0.279,0.485,NaN,NaN,780,0,-5.402,-2.503,NaN,NaN,NaN,NaN,NaN,NaN,NaN,NaN,NaN,NaN,NaN
2591,564,6780.000,17.217,-0.146,0.080,-0.043,0.892,0.997,780,0,4.496,2.248,609.000,191.000,657.000,344.000,17.220,-0.150,-1.120,1.130,0.570,1.930,-0.498
2592,588,6780.000,16.435,2.371,0.026,0.069,NaN,NaN,780,0,-0.000,-0.000,NaN,NaN,NaN,NaN,NaN,NaN,NaN,NaN,NaN,NaN,NaN
2593,620,6780.000,17.048,-0.700,0.095,-0.048,0.005,NaN,780,0,-2.358,-1.321,654.000,200.000,699.000,282.000,NaN,NaN,NaN,NaN,NaN,NaN,NaN
2594,641,6780.000,36.016,12.817,0.001,0.078,0.424,NaN,780,0,-0.393,-1.120,131.000,203.000,162.000,263.000,NaN,NaN,NaN,NaN,NaN,NaN,NaN
2595,4,6781.000,-10.270,-3.440,-0.579,-0.188,NaN,NaN,781,0,-1.700,-1.327,NaN,NaN,NaN,NaN,NaN,NaN,NaN,NaN,NaN,NaN,NaN
2596,56,6781.000,7.330,18.093,-0.144,0.379,NaN,NaN,781,0,-2.972,-1.327,NaN,NaN,NaN,NaN,NaN,NaN,NaN,NaN,NaN,NaN,NaN
2597,564,6781.000,17.314,-0.187,0.085,-0.042,0.877,0.966,781,0,4.496,2.248,612.000,190.000,659.000,343.000,17.330,-0.190,-1.090,1.020,0.540,1.880,-0.653
2598,588,6781.000,16.460,2.440,0.025,0.069,NaN,NaN,781,0,-0.000,-0.000,NaN,NaN,NaN,NaN,NaN,NaN,NaN,NaN,NaN,NaN,NaN
2599,620,6781.000,17.152,-0.750,0.096,-0.050,0.012,NaN,781,0,-2.356,-1.320,658.000,201.000,702.000,285.000,NaN,NaN,NaN,NaN,NaN,NaN,NaN
2600,641,6781.000,36.044,12.876,0.004,0.070,0.507,NaN,781,0,0.306,-1.148,131.000,203.000,160.000,264.000,NaN,NaN,NaN,NaN,NaN,NaN,NaN
2601,4,6782.000,-10.856,-3.657,-0.577,-0.199,0.663,NaN,782,0,1.114,-1.327,165.000,204.000,178.000,237.000,NaN,NaN,NaN,NaN,NaN,NaN,NaN
2602,56,6782.000,7.186,18.473,-0.144,0.380,NaN,NaN,782,0,-1.556,-1.327,NaN,NaN,NaN,NaN,NaN,NaN,NaN,NaN,NaN,NaN,NaN
2603,564,6782.000,17.400,-0.224,0.087,-0.041,0.857,NaN,782,0,4.137,-1.327,615.000,188.000,661.000,340.000,NaN,NaN,NaN,NaN,NaN,NaN,NaN
2604,588,6782.000,16.485,2.509,0.024,0.069,NaN,NaN,782,0,-0.000,-0.000,NaN,NaN,NaN,NaN,NaN,NaN,NaN,NaN,NaN,NaN,NaN
2605,620,6782.000,17.257,-0.783,0.100,-0.043,0.075,NaN,782,0,-1.602,-1.317,656.000,203.000,704.000,317.000,NaN,NaN,NaN,NaN,NaN,NaN,NaN
2606,641,6782.000,36.033,12.968,0.001,0.076,0.591,NaN,782,0,0.941,-1.137,126.000,202.000,152.000,265.000,NaN,NaN,NaN,NaN,NaN,NaN,NaN
2607,4,6783.000,-11.434,-3.856,-0.577,-0.199,NaN,NaN,783,0,-1.835,-1.327,NaN,NaN,NaN,NaN,NaN,NaN,NaN,NaN,NaN,NaN,NaN
2608,56,6783.000,7.042,18.853,-0.144,0.381,NaN,NaN,783,0,1.114,-1.327,NaN,NaN,NaN,NaN,NaN,NaN,NaN,NaN,NaN,NaN,NaN
2609,564,6783.000,17.496,-0.253,0.088,-0.037,0.864,0.890,783,0,4.523,2.261,619.000,184.000,663.000,339.000,17.510,-0.240,-1.050,0.900,0.480,1.770,-0.249
2610,588,6783.000,16.510,2.577,0.025,0.068,NaN,NaN,783,0,-0.000,-0.000,NaN,NaN,NaN,NaN,NaN,NaN,NaN,NaN,NaN,NaN,NaN
2611,620,6783.000,17.264,-0.831,0.091,-0.042,0.499,0.181,783,0,0.861,-0.426,658.000,206.000,708.000,309.000,17.240,-0.860,-1.300,0.670,0.670,1.850,-0.381
2612,641,6783.000,36.010,13.118,-0.007,0.095,0.532,NaN,783,0,0.468,-1.098,121.000,201.000,142.000,268.000,NaN,NaN,NaN,NaN,NaN,NaN,NaN
2613,4,6784.000,-12.040,-4.049,-0.582,-0.194,0.605,NaN,784,0,0.570,-1.327,166.000,203.000,179.000,237.000,NaN,NaN,NaN,NaN,NaN,NaN,NaN
2614,56,6784.000,6.900,19.235,-0.143,0.381,NaN,NaN,784,0,-2.120,-1.327,NaN,NaN,NaN,NaN,NaN,NaN,NaN,NaN,NaN,NaN,NaN
2615,564,6784.000,17.619,-0.310,0.097,-0.042,0.525,0.976,784,0,1.084,2.261,662.000,201.000,711.000,315.000,17.650,-0.340,-1.080,0.890,0.600,1.820,-0.246
2616,588,6784.000,16.531,1.686,0.051,-0.008,0.337,NaN,784,0,-0.000,-0.000,480.000,193.000,490.000,218.000,NaN,NaN,NaN,NaN,NaN,NaN,NaN
2617,620,6784.000,17.355,-0.871,0.091,-0.040,NaN,NaN,784,0,-1.159,-1.317,NaN,NaN,NaN,NaN,NaN,NaN,NaN,NaN,NaN,NaN,NaN
2618,641,6784.000,36.026,13.208,-0.006,0.092,0.618,NaN,784,0,1.205,-0.869,122.000,201.000,142.000,270.000,NaN,NaN,NaN,NaN,NaN,NaN,NaN
2619,4,6785.000,-12.632,-4.245,-0.584,-0.195,0.529,NaN,785,0,0.015,-1.327,166.000,203.000,179.000,237.000,NaN,NaN,NaN,NaN,NaN,NaN,NaN
2620,56,6785.000,6.757,19.615,-0.143,0.381,NaN,NaN,785,0,-1.461,-1.327,NaN,NaN,NaN,NaN,NaN,NaN,NaN,NaN,NaN,NaN,NaN
2621,564,6785.000,17.716,-0.345,0.096,-0.041,0.874,NaN,785,0,4.137,-1.327,624.000,186.000,668.000,338.000,NaN,NaN,NaN,NaN,NaN,NaN,NaN
2622,588,6785.000,16.581,1.677,0.050,-0.010,NaN,NaN,785,0,-1.628,-1.327,NaN,NaN,NaN,NaN,NaN,NaN,NaN,NaN,NaN,NaN,NaN
2623,620,6785.000,17.448,-0.890,0.093,-0.035,0.778,NaN,785,0,3.688,-1.318,661.000,204.000,714.000,322.000,NaN,NaN,NaN,NaN,NaN,NaN,NaN
2624,641,6785.000,36.024,13.289,-0.004,0.088,0.385,NaN,785,0,-0.216,-0.664,117.000,204.000,142.000,266.000,NaN,NaN,NaN,NaN,NaN,NaN,NaN
2625,4,6786.000,-13.216,-4.439,-0.584,-0.194,NaN,NaN,786,0,-0.480,-1.327,NaN,NaN,NaN,NaN,NaN,NaN,NaN,NaN,NaN,NaN,NaN
2626,56,6786.000,6.613,19.998,-0.144,0.383,NaN,NaN,786,0,-2.339,-1.327,NaN,NaN,NaN,NaN,NaN,NaN,NaN,NaN,NaN,NaN,NaN
2627,564,6786.000,17.791,-0.394,0.090,-0.044,0.886,0.930,786,0,4.523,2.261,627.000,185.000,678.000,338.000,17.780,-0.400,-1.100,0.930,0.560,1.850,-0.216
2628,588,6786.000,16.631,1.666,0.050,-0.010,NaN,NaN,786,0,-0.905,-1.327,NaN,NaN,NaN,NaN,NaN,NaN,NaN,NaN,NaN,NaN,NaN
2629,620,6786.000,17.493,-0.941,0.082,-0.040,0.809,0.281,786,0,4.482,-0.168,667.000,203.000,720.000,335.000,17.450,-0.970,-1.190,0.800,0.530,1.800,2.496
2630,641,6786.000,36.026,13.367,-0.002,0.085,0.069,NaN,786,0,-0.977,-0.635,112.000,204.000,141.000,265.000,NaN,NaN,NaN,NaN,NaN,NaN,NaN
2631,4,6787.000,-13.833,-4.652,-0.589,-0.198,0.514,NaN,787,0,-0.142,-1.327,165.000,203.000,179.000,237.000,NaN,NaN,NaN,NaN,NaN,NaN,NaN
2632,56,6787.000,6.469,20.382,-0.144,0.384,NaN,NaN,787,0,-1.275,-1.327,NaN,NaN,NaN,NaN,NaN,NaN,NaN,NaN,NaN,NaN,NaN
2633,564,6787.000,17.881,-0.434,0.091,-0.043,0.890,0.985,787,0,4.523,2.261,629.000,188.000,678.000,338.000,17.860,-0.420,-1.090,0.880,0.540,1.800,-0.311
2634,588,6787.000,16.681,1.655,0.050,-0.011,NaN,NaN,787,0,-1.511,-1.327,NaN,NaN,NaN,NaN,NaN,NaN,NaN,NaN,NaN,NaN,NaN
2635,620,6787.000,17.589,-1.004,0.084,-0.044,0.864,0.572,787,0,4.523,0.766,670.000,203.000,721.000,336.000,17.590,-1.040,-1.200,0.940,0.610,1.850,2.645
2636,641,6787.000,36.028,13.448,-0.000,0.084,0.323,NaN,787,0,-0.540,-0.750,108.000,206.000,138.000,263.000,NaN,NaN,NaN,NaN,NaN,NaN,NaN
2637,4,6788.000,-14.473,-4.869,-0.597,-0.201,0.488,NaN,788,0,-0.252,-1.327,165.000,204.000,179.000,237.000,NaN,NaN,NaN,NaN,NaN,NaN,NaN
2638,56,6788.000,6.326,20.767,-0.143,0.384,NaN,NaN,788,0,-1.689,-1.327,NaN,NaN,NaN,NaN,NaN,NaN,NaN,NaN,NaN,NaN,NaN
2639,564,6788.000,17.974,-0.473,0.091,-0.043,0.886,NaN,788,0,4.137,-1.326,633.000,191.000,678.000,338.000,NaN,NaN,NaN,NaN,NaN,NaN,NaN
2640,588,6788.000,16.732,1.645,0.050,-0.010,NaN,NaN,788,0,-2.408,-1.327,NaN,NaN,NaN,NaN,NaN,NaN,NaN,NaN,NaN,NaN,NaN
2641,620,6788.000,17.674,-1.061,0.085,-0.047,0.813,NaN,788,0,4.108,-1.322,677.000,204.000,730.000,336.000,NaN,NaN,NaN,NaN,NaN,NaN,NaN
2642,641,6788.000,36.095,13.575,0.004,0.090,0.516,NaN,788,0,0.165,-0.848,104.000,205.000,132.000,263.000,NaN,NaN,NaN,NaN,NaN,NaN,NaN
2643,4,6789.000,-15.071,-5.071,-0.598,-0.202,NaN,NaN,789,0,-1.937,-1.327,NaN,NaN,NaN,NaN,NaN,NaN,NaN,NaN,NaN,NaN,NaN
2644,56,6789.000,6.183,21.151,-0.143,0.384,NaN,NaN,789,0,-0.414,-1.327,NaN,NaN,NaN,NaN,NaN,NaN,NaN,NaN,NaN,NaN,NaN
2645,564,6789.000,18.032,-0.507,0.082,-0.042,0.881,0.986,789,0,4.523,2.261,637.000,191.000,683.000,337.000,17.990,-0.480,-1.080,0.860,0.550,1.760,-0.225
2646,588,6789.000,16.781,1.635,0.050,-0.010,NaN,NaN,789,0,-0.301,-1.327,NaN,NaN,NaN,NaN,NaN,NaN,NaN,NaN,NaN,NaN,NaN
2647,620,6789.000,17.766,-1.140,0.087,-0.055,0.851,0.678,789,0,4.523,1.288,679.000,205.000,735.000,336.000,17.760,-1.200,-1.260,0.640,0.590,1.810,-0.455
2648,641,6789.000,36.042,13.741,-0.003,0.113,0.625,NaN,789,0,1.083,-0.807,101.000,204.000,118.000,262.000,NaN,NaN,NaN,NaN,NaN,NaN,NaN
2649,4,6790.000,-15.668,-5.272,-0.597,-0.201,NaN,NaN,790,0,-0.549,-1.327,NaN,NaN,NaN,NaN,NaN,NaN,NaN,NaN,NaN,NaN,NaN
2650,56,6790.000,6.038,21.533,-0.145,0.383,NaN,NaN,790,0,0.015,-1.327,NaN,NaN,NaN,NaN,NaN,NaN,NaN,NaN,NaN,NaN,NaN
2651,564,6790.000,18.141,-0.569,0.087,-0.047,0.893,0.995,790,0,4.523,2.261,639.000,191.000,688.000,337.000,18.160,-0.590,-1.070,0.930,0.540,1.850,-0.434
2652,588,6790.000,16.831,1.625,0.050,-0.010,NaN,NaN,790,0,0.337,-1.327,NaN,NaN,NaN,NaN,NaN,NaN,NaN,NaN,NaN,NaN,NaN
2653,620,6790.000,17.860,-1.227,0.090,-0.062,0.836,0.875,790,0,4.523,2.261,685.000,205.000,735.000,335.000,17.860,-1.270,-1.230,0.850,0.590,1.720,-0.539
2654,641,6790.000,36.071,13.864,-0.004,0.111,0.744,NaN,790,0,2.522,-0.968,98.000,204.000,117.000,264.000,NaN,NaN,NaN,NaN,NaN,NaN,NaN
2655,4,6791.000,-16.264,-5.473,-0.596,-0.201,NaN,NaN,791,0,-0.665,-1.327,NaN,NaN,NaN,NaN,NaN,NaN,NaN,NaN,NaN,NaN,NaN
2656,56,6791.000,5.894,21.917,-0.144,0.384,NaN,NaN,791,0,0.262,-1.327,NaN,NaN,NaN,NaN,NaN,NaN,NaN,NaN,NaN,NaN,NaN
2657,564,6791.000,18.226,-0.619,0.087,-0.047,0.890,NaN,791,0,4.137,-1.325,642.000,190.000,692.000,336.000,NaN,NaN,NaN,NaN,NaN,NaN,NaN
2658,588,6791.000,16.880,1.615,0.050,-0.009,NaN,NaN,791,0,-1.012,-1.327,NaN,NaN,NaN,NaN,NaN,NaN,NaN,NaN,NaN,NaN,NaN
2659,620,6791.000,17.948,-1.263,0.089,-0.056,0.851,NaN,791,0,4.285,-1.325,690.000,205.000,735.000,335.000,NaN,NaN,NaN,NaN,NaN,NaN,NaN
2660,641,6791.000,36.068,13.975,-0.005,0.110,0.581,NaN,791,0,0.649,-1.120,94.000,205.000,113.000,265.000,NaN,NaN,NaN,NaN,NaN,NaN,NaN
2661,4,6792.000,-16.859,-5.674,-0.595,-0.201,NaN,NaN,792,0,-4.397,-2.659,NaN,NaN,NaN,NaN,NaN,NaN,NaN,NaN,NaN,NaN,NaN
2662,56,6792.000,5.750,22.300,-0.144,0.383,NaN,NaN,792,0,-1.461,-1.327,NaN,NaN,NaN,NaN,NaN,NaN,NaN,NaN,NaN,NaN,NaN
2663,564,6792.000,18.296,-0.650,0.083,-0.043,0.865,0.991,792,0,4.523,2.261,644.000,190.000,696.000,335.000,18.280,-0.620,-1.040,0.940,0.560,1.860,-0.328
2664,588,6792.000,17.110,1.018,0.050,-0.106,0.138,NaN,792,0,-1.997,-1.327,536.000,193.000,551.000,222.000,NaN,NaN,NaN,NaN,NaN,NaN,NaN
2665,620,6792.000,17.999,-1.315,0.079,-0.055,0.835,0.757,792,0,4.523,1.891,692.000,205.000,736.000,335.000,17.970,-1.320,-1.230,0.830,0.620,1.730,-0.744
2666,641,6792.000,36.062,14.054,-0.000,0.102,0.728,NaN,792,0,2.590,-1.221,91.000,204.000,113.000,266.000,NaN,NaN,NaN,NaN,NaN,NaN,NaN
2667,4,6793.000,-17.539,-5.888,-0.610,-0.202,0.275,NaN,793,0,-1.299,-1.327,167.000,204.000,179.000,238.000,NaN,NaN,NaN,NaN,NaN,NaN,NaN
2668,56,6793.000,5.607,22.683,-0.143,0.383,NaN,NaN,793,0,1.281,-1.327,NaN,NaN,NaN,NaN,NaN,NaN,NaN,NaN,NaN,NaN,NaN
2669,564,6793.000,18.381,-0.692,0.083,-0.043,0.876,0.996,793,0,4.523,2.261,649.000,187.000,700.000,333.000,18.390,-0.700,-1.030,0.840,0.560,1.800,-0.409
2670,588,6793.000,16.785,1.012,-0.000,-0.045,0.106,NaN,793,0,-2.307,-1.309,536.000,206.000,544.000,218.000,NaN,NaN,NaN,NaN,NaN,NaN,NaN
2671,620,6793.000,18.056,-1.362,0.072,-0.054,0.842,0.802,793,0,4.523,2.222,698.000,204.000,740.000,332.000,18.030,-1.360,-1.260,0.820,0.510,1.830,-0.679
2672,641,6793.000,36.059,14.151,0.002,0.102,0.776,NaN,793,0,3.460,-1.272,81.000,204.000,113.000,266.000,NaN,NaN,NaN,NaN,NaN,NaN,NaN
2673,4,6794.000,-18.149,-6.090,-0.610,-0.203,NaN,NaN,794,0,-1.181,-1.327,NaN,NaN,NaN,NaN,NaN,NaN,NaN,NaN,NaN,NaN,NaN
2674,56,6794.000,5.464,23.068,-0.143,0.385,NaN,NaN,794,0,-1.785,-1.327,NaN,NaN,NaN,NaN,NaN,NaN,NaN,NaN,NaN,NaN,NaN
2675,564,6794.000,18.461,-0.752,0.082,-0.048,0.866,NaN,794,0,4.137,-1.323,652.000,186.000,705.000,333.000,NaN,NaN,NaN,NaN,NaN,NaN,NaN
2676,588,6794.000,16.785,0.967,0.001,-0.045,NaN,NaN,794,0,-0.948,-1.312,NaN,NaN,NaN,NaN,NaN,NaN,NaN,NaN,NaN,NaN,NaN
2677,620,6794.000,18.132,-1.405,0.074,-0.051,0.854,NaN,794,0,4.285,-1.326,702.000,202.000,744.000,333.000,NaN,NaN,NaN,NaN,NaN,NaN,NaN
2678,641,6794.000,36.211,14.286,0.015,0.100,0.182,NaN,794,0,-1.526,-1.293,83.000,206.000,109.000,264.000,NaN,NaN,NaN,NaN,NaN,NaN,NaN
2679,4,6795.000,-18.759,-6.293,-0.610,-0.202,NaN,NaN,795,0,-1.456,-1.327,NaN,NaN,NaN,NaN,NaN,NaN,NaN,NaN,NaN,NaN,NaN
2680,56,6795.000,5.322,23.452,-0.142,0.384,NaN,NaN,795,0,-0.759,-1.327,NaN,NaN,NaN,NaN,NaN,NaN,NaN,NaN,NaN,NaN,NaN
2681,564,6795.000,18.500,-0.765,0.072,-0.039,0.005,0.997,795,0,-2.532,2.261,665.000,198.000,672.000,207.000,18.500,-0.750,-1.010,0.900,0.540,1.730,-0.198
2682,588,6795.000,16.787,0.923,0.001,-0.044,NaN,NaN,795,0,-3.117,-1.301,NaN,NaN,NaN,NaN,NaN,NaN,NaN,NaN,NaN,NaN,NaN
2683,620,6795.000,18.150,-1.432,0.065,-0.045,0.807,0.933,795,0,4.520,2.261,707.000,202.000,747.000,315.000,18.100,-1.410,-1.230,0.520,0.580,1.870,2.275
2684,641,6795.000,36.257,14.412,0.017,0.104,0.492,NaN,795,0,0.179,-1.283,76.000,205.000,102.000,267.000,NaN,NaN,NaN,NaN,NaN,NaN,NaN
2685,4,6796.000,-19.369,-6.494,-0.610,-0.202,NaN,NaN,796,0,-0.714,-1.327,NaN,NaN,NaN,NaN,NaN,NaN,NaN,NaN,NaN,NaN,NaN
2686,56,6796.000,5.179,23.837,-0.143,0.384,NaN,NaN,796,0,-1.814,-1.327,NaN,NaN,NaN,NaN,NaN,NaN,NaN,NaN,NaN,NaN,NaN
2687,564,6796.000,18.588,-0.790,0.077,-0.034,0.861,0.999,796,0,4.511,2.255,657.000,189.000,709.000,316.000,18.630,-0.780,-1.060,0.790,0.550,1.930,-0.562
2688,588,6796.000,16.786,0.878,-0.000,-0.045,NaN,NaN,796,0,-1.939,-1.289,NaN,NaN,NaN,NaN,NaN,NaN,NaN,NaN,NaN,NaN,NaN
2689,620,6796.000,18.224,-1.481,0.065,-0.045,0.785,0.606,796,0,4.302,0.953,707.000,201.000,750.000,319.000,18.220,-1.490,-1.240,0.810,0.530,1.790,-0.653
2690,641,6796.000,36.332,14.544,0.020,0.105,0.281,NaN,796,0,-0.996,-1.243,75.000,205.000,97.000,264.000,NaN,NaN,NaN,NaN,NaN,NaN,NaN
2691,707,6796.000,8.790,3.200,0.000,0.000,0.927,0.973,796,0,3.780,1.890,63.000,225.000,194.000,485.000,8.790,3.200,-1.270,0.940,0.440,1.790,2.492
2692,4,6797.000,-19.980,-6.697,-0.611,-0.202,NaN,NaN,797,0,0.491,-1.327,NaN,NaN,NaN,NaN,NaN,NaN,NaN,NaN,NaN,NaN,NaN
2693,56,6797.000,5.037,24.221,-0.142,0.384,NaN,NaN,797,0,-2.207,-1.327,NaN,NaN,NaN,NaN,NaN,NaN,NaN,NaN,NaN,NaN,NaN
2694,564,6797.000,18.665,-0.859,0.078,-0.044,0.717,NaN,797,0,2.757,-1.321,661.000,190.000,713.000,316.000,NaN,NaN,NaN,NaN,NaN,NaN,NaN
2695,620,6797.000,18.287,-1.516,0.066,-0.041,0.780,NaN,797,0,3.668,-1.326,709.000,202.000,752.000,330.000,NaN,NaN,NaN,NaN,NaN,NaN,NaN
2696,641,6797.000,36.399,14.687,0.019,0.111,0.571,NaN,797,0,0.573,-1.172,70.000,204.000,92.000,263.000,NaN,NaN,NaN,NaN,NaN,NaN,NaN
2697,707,6797.000,8.806,3.170,0.015,-0.018,0.910,NaN,797,0,3.493,-1.327,93.000,231.000,203.000,473.000,NaN,NaN,NaN,NaN,NaN,NaN,NaN
2698,4,6798.000,-20.591,-6.898,-0.610,-0.202,NaN,NaN,798,0,-1.248,-1.327,NaN,NaN,NaN,NaN,NaN,NaN,NaN,NaN,NaN,NaN,NaN
2699,56,6798.000,4.895,24.604,-0.141,0.384,NaN,NaN,798,0,-1.275,-1.327,NaN,NaN,NaN,NaN,NaN,NaN,NaN,NaN,NaN,NaN,NaN
2700,564,6798.000,18.718,-0.885,0.076,-0.040,0.790,0.779,798,0,4.273,2.045,664.000,191.000,718.000,317.000,18.700,-0.880,-1.080,0.970,0.530,1.740,-0.070
2701,620,6798.000,18.334,-1.566,0.061,-0.043,0.840,0.982,798,0,4.523,2.261,713.000,206.000,756.000,332.000,18.320,-1.580,-1.300,0.840,0.490,1.920,-0.592
2702,641,6798.000,36.377,14.822,0.011,0.123,0.691,NaN,798,0,1.982,-1.079,67.000,203.000,84.000,268.000,NaN,NaN,NaN,NaN,NaN,NaN,NaN
2703,707,6798.000,9.005,3.045,0.104,-0.064,0.892,0.958,798,0,3.780,1.890,138.000,232.000,223.000,471.000,9.030,3.010,-1.200,0.780,0.440,1.680,2.594
2704,4,6799.000,-21.200,-7.101,-0.609,-0.203,NaN,NaN,799,0,-0.342,-1.327,NaN,NaN,NaN,NaN,NaN,NaN,NaN,NaN,NaN,NaN,NaN
2705,56,6799.000,4.754,24.987,-0.141,0.383,NaN,NaN,799,0,-1.012,-1.327,NaN,NaN,NaN,NaN,NaN,NaN,NaN,NaN,NaN,NaN,NaN
2706,564,6799.000,18.831,-0.930,0.086,-0.042,0.787,0.995,799,0,4.273,2.255,666.000,191.000,718.000,323.000,18.870,-0.930,-1.040,0.990,0.570,1.930,-0.371
2707,620,6799.000,18.424,-1.613,0.066,-0.043,0.732,0.988,799,0,3.309,2.261,716.000,202.000,758.000,331.000,18.460,-1.620,-1.210,0.910,0.470,1.670,-0.645
2708,641,6799.000,36.529,14.995,0.016,0.124,0.701,NaN,799,0,2.128,-1.196,64.000,204.000,81.000,266.000,NaN,NaN,NaN,NaN,NaN,NaN,NaN
2709,707,6799.000,9.183,2.915,0.137,-0.088,0.776,0.992,799,0,3.224,1.890,153.000,227.000,217.000,470.000,9.260,2.870,-1.230,0.820,0.660,1.750,-0.500
2710,4,6800.000,-21.808,-7.304,-0.608,-0.203,NaN,NaN,800,0,1.083,-1.327,NaN,NaN,NaN,NaN,NaN,NaN,NaN,NaN,NaN,NaN,NaN
2711,56,6800.000,4.612,25.370,-0.142,0.383,NaN,NaN,800,0,-1.742,-1.327,NaN,NaN,NaN,NaN,NaN,NaN,NaN,NaN,NaN,NaN,NaN
2712,564,6800.000,18.915,-1.004,0.086,-0.051,0.381,NaN,800,0,-0.058,-1.320,670.000,194.000,720.000,326.000,NaN,NaN,NaN,NaN,NaN,NaN,NaN
2713,620,6800.000,18.489,-1.657,0.068,-0.043,0.721,NaN,800,0,2.757,-1.325,719.000,204.000,762.000,331.000,NaN,NaN,NaN,NaN,NaN,NaN,NaN
2714,641,6800.000,36.602,15.129,0.020,0.121,0.717,NaN,800,0,2.434,-1.273,55.000,204.000,84.000,270.000,NaN,NaN,NaN,NaN,NaN,NaN,NaN
2715,707,6800.000,9.315,2.854,0.136,-0.079,0.898,NaN,800,0,3.493,-1.327,171.000,220.000,250.000,467.000,NaN,NaN,NaN,NaN,NaN,NaN,NaN
2716,4,6801.000,-22.415,-7.507,-0.607,-0.203,NaN,NaN,801,0,-0.664,-1.327,NaN,NaN,NaN,NaN,NaN,NaN,NaN,NaN,NaN,NaN,NaN
2717,56,6801.000,4.470,25.753,-0.142,0.383,NaN,NaN,801,0,-1.606,-1.327,NaN,NaN,NaN,NaN,NaN,NaN,NaN,NaN,NaN,NaN,NaN
2718,564,6801.000,19.015,-1.026,0.090,-0.042,0.527,0.988,801,0,1.216,2.255,672.000,189.000,721.000,300.000,19.020,-0.990,-1.050,0.840,0.530,1.700,-0.252
2719,620,6801.000,18.679,-1.679,0.097,-0.037,0.831,0.011,801,0,4.511,-1.291,720.000,203.000,767.000,331.000,18.790,-1.670,-1.240,0.630,0.600,1.840,-0.411
2720,641,6801.000,36.677,15.252,0.025,0.119,0.660,NaN,801,0,1.613,-1.301,51.000,206.000,83.000,269.000,NaN,NaN,NaN,NaN,NaN,NaN,NaN
2721,707,6801.000,9.389,2.779,0.115,-0.074,0.897,0.995,801,0,3.780,1.890,190.000,219.000,279.000,460.000,9.360,2.780,-1.230,0.960,0.480,1.880,2.720
2722,4,6802.000,-23.023,-7.709,-0.608,-0.202,NaN,NaN,802,0,-0.141,-1.327,NaN,NaN,NaN,NaN,NaN,NaN,NaN,NaN,NaN,NaN,NaN
2723,56,6802.000,4.329,26.138,-0.141,0.385,NaN,NaN,802,0,-1.655,-1.327,NaN,NaN,NaN,NaN,NaN,NaN,NaN,NaN,NaN,NaN,NaN
2724,564,6802.000,19.117,-1.053,0.093,-0.038,0.834,0.923,802,0,4.511,2.255,674.000,184.000,721.000,328.000,19.130,-1.050,-1.090,0.980,0.490,1.790,-0.604
2725,620,6802.000,18.757,-1.732,0.092,-0.042,0.791,0.521,802,0,4.273,0.553,720.000,202.000,767.000,330.000,18.750,-1.780,-1.270,0.890,0.570,1.900,-0.521
2726,641,6802.000,36.734,15.338,0.035,0.111,0.755,NaN,802,0,2.906,-1.305,50.000,206.000,82.000,268.000,NaN,NaN,NaN,NaN,NaN,NaN,NaN
2727,707,6802.000,9.560,2.694,0.133,-0.079,0.908,0.995,802,0,3.920,1.960,198.000,222.000,283.000,456.000,9.620,2.680,-1.240,0.800,0.660,1.740,0.165
2728,4,6803.000,-23.630,-7.914,-0.608,-0.204,NaN,NaN,803,0,-0.202,-1.327,NaN,NaN,NaN,NaN,NaN,NaN,NaN,NaN,NaN,NaN,NaN
2729,56,6803.000,4.190,26.524,-0.140,0.386,NaN,NaN,803,0,-3.100,-1.327,NaN,NaN,NaN,NaN,NaN,NaN,NaN,NaN,NaN,NaN,NaN
2730,564,6803.000,19.208,-1.107,0.092,-0.042,0.823,NaN,803,0,4.197,-1.323,678.000,186.000,723.000,321.000,NaN,NaN,NaN,NaN,NaN,NaN,NaN
2731,620,6803.000,18.848,-1.773,0.092,-0.042,0.867,NaN,803,0,4.285,-1.324,722.000,203.000,772.000,331.000,NaN,NaN,NaN,NaN,NaN,NaN,NaN
2732,641,6803.000,36.845,15.516,0.035,0.121,0.470,NaN,803,0,-0.138,-1.299,47.000,206.000,67.000,265.000,NaN,NaN,NaN,NaN,NaN,NaN,NaN
2733,707,6803.000,9.690,2.624,0.133,-0.076,0.840,NaN,803,0,3.533,-1.327,226.000,224.000,290.000,448.000,NaN,NaN,NaN,NaN,NaN,NaN,NaN
2734,4,6804.000,-24.240,-8.118,-0.609,-0.205,NaN,NaN,804,0,-2.972,-1.327,NaN,NaN,NaN,NaN,NaN,NaN,NaN,NaN,NaN,NaN,NaN
2735,56,6804.000,4.051,26.910,-0.139,0.386,NaN,NaN,804,0,-0.069,-1.327,NaN,NaN,NaN,NaN,NaN,NaN,NaN,NaN,NaN,NaN,NaN
2736,564,6804.000,19.276,-1.134,0.086,-0.037,0.850,0.746,804,0,4.511,1.806,681.000,188.000,725.000,327.000,19.240,-1.110,-1.110,1.020,0.650,1.800,-0.437
2737,620,6804.000,18.887,-1.822,0.080,-0.043,0.858,0.026,804,0,4.511,-1.223,723.000,204.000,776.000,331.000,18.860,-1.830,-1.250,0.820,0.580,1.910,-0.078
2738,641,6804.000,36.964,15.686,0.037,0.124,0.618,NaN,804,0,1.205,-1.259,43.000,204.000,63.000,265.000,NaN,NaN,NaN,NaN,NaN,NaN,NaN
2739,707,6804.000,9.819,2.536,0.129,-0.080,0.865,0.833,804,0,3.920,1.958,253.000,221.000,312.000,447.000,9.820,2.530,-1.260,0.870,0.620,1.640,-0.300
2740,4,6805.000,-24.850,-8.325,-0.610,-0.206,NaN,NaN,805,0,-2.805,-1.327,NaN,NaN,NaN,NaN,NaN,NaN,NaN,NaN,NaN,NaN,NaN
2741,56,6805.000,3.912,27.295,-0.138,0.386,NaN,NaN,805,0,-0.142,-1.327,NaN,NaN,NaN,NaN,NaN,NaN,NaN,NaN,NaN,NaN,NaN
2742,564,6805.000,19.372,-1.173,0.088,-0.038,0.837,0.969,805,0,4.511,2.255,682.000,188.000,727.000,325.000,19.380,-1.180,-1.130,0.910,0.660,1.800,-0.259
2743,620,6805.000,19.019,-1.901,0.092,-0.052,0.842,0.051,805,0,4.511,-1.060,724.000,204.000,778.000,330.000,19.080,-1.940,-1.250,0.830,0.500,1.960,-0.461
2744,641,6805.000,37.163,15.860,0.045,0.122,0.448,NaN,805,0,-0.071,-1.157,41.000,204.000,62.000,266.000,NaN,NaN,NaN,NaN,NaN,NaN,NaN
2745,707,6805.000,9.996,2.425,0.144,-0.090,0.892,1.000,805,0,3.920,1.960,255.000,218.000,333.000,447.000,10.040,2.420,-1.210,0.830,0.560,1.610,-0.501
2746,719,6805.000,37.260,-15.540,0.000,0.000,0.205,0.015,805,0,-3.560,-2.370,1167.000,194.000,1185.000,255.000,37.260,-15.540,-1.380,0.770,0.650,1.730,-0.108
2747,4,6806.000,-25.461,-8.531,-0.611,-0.207,NaN,NaN,806,0,-3.178,-1.327,NaN,NaN,NaN,NaN,NaN,NaN,NaN,NaN,NaN,NaN,NaN
2748,56,6806.000,3.774,27.680,-0.138,0.384,NaN,NaN,806,0,-0.142,-1.327,NaN,NaN,NaN,NaN,NaN,NaN,NaN,NaN,NaN,NaN,NaN
2749,564,6806.000,19.459,-1.243,0.087,-0.046,0.853,NaN,806,0,4.285,-1.325,686.000,190.000,736.000,324.000,NaN,NaN,NaN,NaN,NaN,NaN,NaN
2750,620,6806.000,19.113,-1.939,0.096,-0.048,0.735,NaN,806,0,2.856,-1.318,729.000,209.000,781.000,329.000,NaN,NaN,NaN,NaN,NaN,NaN,NaN
2751,641,6806.000,37.240,16.004,0.047,0.125,0.559,NaN,806,0,0.499,-1.091,35.000,204.000,56.000,263.000,NaN,NaN,NaN,NaN,NaN,NaN,NaN
2752,707,6806.000,10.138,2.342,0.143,-0.088,0.917,NaN,806,0,3.609,-1.327,260.000,215.000,359.000,445.000,NaN,NaN,NaN,NaN,NaN,NaN,NaN
2753,719,6806.000,37.247,-15.590,-0.000,-0.024,0.214,NaN,806,0,-1.389,-1.305,1166.000,196.000,1184.000,256.000,NaN,NaN,NaN,NaN,NaN,NaN,NaN
2754,4,6807.000,-26.324,-9.025,-0.620,-0.228,0.050,NaN,807,0,-2.805,-1.327,157.000,206.000,169.000,227.000,NaN,NaN,NaN,NaN,NaN,NaN,NaN
2755,56,6807.000,3.637,28.063,-0.138,0.383,NaN,NaN,807,0,-2.805,-1.327,NaN,NaN,NaN,NaN,NaN,NaN,NaN,NaN,NaN,NaN,NaN
2756,564,6807.000,19.491,-1.253,0.077,-0.035,0.834,0.999,807,0,4.511,2.255,689.000,192.000,739.000,321.000,19.440,-1.200,-1.050,0.850,0.600,1.750,-0.306
2757,620,6807.000,19.212,-1.992,0.098,-0.053,0.805,NaN,807,0,4.186,-1.316,735.000,205.000,784.000,320.000,NaN,NaN,NaN,NaN,NaN,NaN,NaN
2758,641,6807.000,37.331,16.139,0.050,0.125,0.703,NaN,807,0,2.128,-1.066,30.000,205.000,56.000,270.000,NaN,NaN,NaN,NaN,NaN,NaN,NaN
2759,707,6807.000,10.241,2.280,0.131,-0.079,0.893,0.995,807,0,3.920,1.960,276.000,219.000,366.000,435.000,10.210,2.300,-1.240,0.780,0.600,1.660,-0.605
2760,719,6807.000,37.274,-15.601,0.011,-0.014,0.537,NaN,807,0,0.339,-1.305,1165.000,195.000,1183.000,253.000,NaN,NaN,NaN,NaN,NaN,NaN,NaN
2761,4,6808.000,-26.943,-9.253,-0.619,-0.227,NaN,NaN,808,0,3.920,1.960,NaN,NaN,NaN,NaN,NaN,NaN,NaN,NaN,NaN,NaN,NaN
2762,56,6808.000,3.499,28.447,-0.138,0.385,NaN,NaN,808,0,-2.640,-1.327,NaN,NaN,NaN,NaN,NaN,NaN,NaN,NaN,NaN,NaN,NaN
2763,564,6808.000,19.601,-1.300,0.087,-0.038,0.851,0.985,808,0,4.434,2.217,687.000,192.000,739.000,323.000,19.630,-1.310,-1.090,0.940,0.570,1.860,-0.690
2764,620,6808.000,19.312,-2.033,0.098,-0.051,0.529,NaN,808,0,0.827,-1.313,736.000,205.000,784.000,316.000,NaN,NaN,NaN,NaN,NaN,NaN,NaN
2765,641,6808.000,37.493,16.271,0.060,0.121,0.745,NaN,808,0,2.906,-1.170,31.000,205.000,55.000,266.000,NaN,NaN,NaN,NaN,NaN,NaN,NaN
2766,707,6808.000,10.418,2.193,0.143,-0.081,0.008,0.966,808,0,-2.272,1.960,244.000,205.000,262.000,237.000,10.450,2.180,-1.230,1.760,0.510,1.780,-0.433
2767,719,6808.000,37.289,-15.608,0.011,-0.012,0.523,NaN,808,0,0.165,-1.305,1164.000,195.000,1185.000,252.000,NaN,NaN,NaN,NaN,NaN,NaN,NaN
2768,4,6809.000,-26.926,-8.986,-0.643,-0.100,0.201,NaN,809,0,-1.642,-1.327,171.000,204.000,182.000,230.000,NaN,NaN,NaN,NaN,NaN,NaN,NaN
2769,56,6809.000,3.361,28.832,-0.138,0.385,NaN,NaN,809,0,-2.640,-1.327,NaN,NaN,NaN,NaN,NaN,NaN,NaN,NaN,NaN,NaN,NaN
2770,564,6809.000,19.685,-1.360,0.086,-0.043,0.836,NaN,809,0,4.285,-1.326,690.000,192.000,743.000,326.000,NaN,NaN,NaN,NaN,NaN,NaN,NaN
2771,620,6809.000,19.414,-2.087,0.100,-0.051,0.420,NaN,809,0,0.153,-1.311,740.000,204.000,789.000,326.000,NaN,NaN,NaN,NaN,NaN,NaN,NaN
2772,641,6809.000,37.632,16.398,0.066,0.116,0.687,NaN,809,0,1.982,-1.226,25.000,206.000,58.000,271.000,NaN,NaN,NaN,NaN,NaN,NaN,NaN
2773,707,6809.000,10.561,2.109,0.143,-0.083,0.904,NaN,809,0,3.726,-1.327,319.000,221.000,392.000,429.000,NaN,NaN,NaN,NaN,NaN,NaN,NaN
2774,719,6809.000,37.339,-15.601,0.019,-0.001,0.553,NaN,809,0,0.422,-1.305,1162.000,196.000,1183.000,253.000,NaN,NaN,NaN,NaN,NaN,NaN,NaN
2775,4,6810.000,-27.437,-9.091,-0.626,-0.115,0.159,NaN,810,0,-1.876,-1.327,174.000,207.000,183.000,230.000,NaN,NaN,NaN,NaN,NaN,NaN,NaN
2776,56,6810.000,3.224,29.216,-0.137,0.384,NaN,NaN,810,0,-2.640,-1.327,NaN,NaN,NaN,NaN,NaN,NaN,NaN,NaN,NaN,NaN,NaN
2777,564,6810.000,19.746,-1.403,0.079,-0.042,0.834,0.615,810,0,4.434,0.969,694.000,190.000,748.000,324.000,19.720,-1.390,-1.120,1.140,0.540,1.960,2.668
2778,620,6810.000,19.516,-2.143,0.101,-0.052,0.149,NaN,810,0,-1.188,-1.307,744.000,203.000,792.000,318.000,NaN,NaN,NaN,NaN,NaN,NaN,NaN
2779,641,6810.000,37.815,16.574,0.076,0.122,0.608,NaN,810,0,0.895,-1.237,19.000,206.000,49.000,266.000,NaN,NaN,NaN,NaN,NaN,NaN,NaN
2780,707,6810.000,10.669,2.031,0.133,-0.082,0.903,0.982,810,0,4.052,2.026,330.000,214.000,400.000,427.000,10.640,2.030,-1.210,0.890,0.470,1.790,2.728
2781,719,6810.000,37.397,-15.600,0.027,0.002,0.662,NaN,810,0,1.381,-1.305,1161.000,195.000,1183.000,254.000,NaN,NaN,NaN,NaN,NaN,NaN,NaN
2782,4,6811.000,-28.062,-9.206,-0.625,-0.115,NaN,NaN,811,0,-2.805,-1.327,NaN,NaN,NaN,NaN,NaN,NaN,NaN,NaN,NaN,NaN,NaN
2783,56,6811.000,3.087,29.601,-0.136,0.385,NaN,NaN,811,0,2.177,2.217,NaN,NaN,NaN,NaN,NaN,NaN,NaN,NaN,NaN,NaN,NaN
2784,564,6811.000,19.856,-1.465,0.086,-0.048,0.851,0.962,811,0,4.434,2.217,700.000,190.000,749.000,324.000,19.870,-1.490,-1.100,1.130,0.650,1.950,-0.467
2785,620,6811.000,19.534,-2.202,0.088,-0.054,0.076,0.034,811,0,-1.713,-1.230,746.000,203.000,793.000,312.000,19.530,-2.210,-1.250,0.740,0.620,1.910,-0.463
2786,641,6811.000,37.898,16.701,0.078,0.124,0.608,NaN,811,0,0.895,-1.232,16.000,206.000,47.000,264.000,NaN,NaN,NaN,NaN,NaN,NaN,NaN
2787,707,6811.000,10.801,1.947,0.133,-0.084,0.903,0.938,811,0,4.052,2.026,336.000,213.000,407.000,426.000,10.790,1.940,-1.220,0.960,0.450,1.800,2.767
2788,719,6811.000,37.450,-15.591,0.032,0.006,0.652,NaN,811,0,1.281,-1.305,1160.000,195.000,1182.000,253.000,NaN,NaN,NaN,NaN,NaN,NaN,NaN
2789,4,6812.000,-28.964,-9.578,-0.606,-0.169,0.046,NaN,812,0,-2.805,-1.327,174.000,206.000,182.000,231.000,NaN,NaN,NaN,NaN,NaN,NaN,NaN
2790,56,6812.000,2.952,29.985,-0.136,0.383,NaN,NaN,812,0,-2.972,-1.327,NaN,NaN,NaN,NaN,NaN,NaN,NaN,NaN,NaN,NaN,NaN
2791,564,6812.000,19.938,-1.546,0.083,-0.057,0.880,NaN,812,0,4.285,-1.327,704.000,188.000,753.000,323.000,NaN,NaN,NaN,NaN,NaN,NaN,NaN
2792,620,6812.000,19.620,-2.264,0.087,-0.055,0.037,NaN,812,0,-1.724,-1.297,748.000,202.000,803.000,330.000,NaN,NaN,NaN,NaN,NaN,NaN,NaN
2793,641,6812.000,37.785,16.786,0.068,0.129,0.435,NaN,812,0,-0.362,-1.182,17.000,204.000,35.000,259.000,NaN,NaN,NaN,NaN,NaN,NaN,NaN
2794,707,6812.000,10.931,1.892,0.132,-0.074,0.895,NaN,812,0,3.726,-1.327,350.000,211.000,420.000,420.000,NaN,NaN,NaN,NaN,NaN,NaN,NaN
2795,719,6812.000,37.523,-15.594,0.038,0.004,0.719,NaN,812,0,2.206,-1.307,1159.000,196.000,1181.000,254.000,NaN,NaN,NaN,NaN,NaN,NaN,NaN
2796,4,6813.000,-29.569,-9.746,-0.605,-0.168,NaN,NaN,813,0,-1.958,-1.327,NaN,NaN,NaN,NaN,NaN,NaN,NaN,NaN,NaN,NaN,NaN
2797,56,6813.000,2.818,30.368,-0.134,0.384,NaN,NaN,813,0,-2.640,-1.327,NaN,NaN,NaN,NaN,NaN,NaN,NaN,NaN,NaN,NaN,NaN
2798,564,6813.000,20.028,-1.602,0.084,-0.056,0.315,0.852,813,0,-0.234,2.217,752.000,200.000,798.000,271.000,20.030,-1.600,-1.110,1.790,0.530,1.860,-1.103
2799,620,6813.000,19.630,-2.299,0.073,-0.052,0.083,0.136,813,0,-1.701,-0.622,751.000,199.000,799.000,315.000,19.580,-2.290,-1.280,0.690,0.670,1.840,-0.222
2800,641,6813.000,37.811,16.896,0.067,0.131,0.277,NaN,813,0,-0.895,-1.117,15.000,204.000,31.000,259.000,NaN,NaN,NaN,NaN,NaN,NaN,NaN
2801,707,6813.000,11.057,1.828,0.129,-0.069,0.902,0.984,813,0,4.052,2.026,367.000,216.000,429.000,415.000,11.050,1.840,-1.280,0.790,0.620,1.700,-0.066
2802,719,6813.000,37.600,-15.600,0.043,0.003,0.628,NaN,813,0,1.083,-1.304,1158.000,196.000,1180.000,252.000,NaN,NaN,NaN,NaN,NaN,NaN,NaN
2803,4,6814.000,-30.174,-9.914,-0.606,-0.167,NaN,NaN,814,0,-0.613,-1.327,NaN,NaN,NaN,NaN,NaN,NaN,NaN,NaN,NaN,NaN,NaN
2804,56,6814.000,2.683,30.752,-0.135,0.383,NaN,NaN,814,0,-2.249,-1.327,NaN,NaN,NaN,NaN,NaN,NaN,NaN,NaN,NaN,NaN,NaN
2805,564,6814.000,20.074,-1.653,0.075,-0.054,0.874,0.871,814,0,4.434,2.217,710.000,188.000,757.000,324.000,20.030,-1.640,-1.140,0.950,0.630,1.890,-0.355
2806,620,6814.000,19.699,-2.331,0.071,-0.047,0.026,NaN,814,0,-2.471,-1.291,753.000,191.000,799.000,270.000,NaN,NaN,NaN,NaN,NaN,NaN,NaN
2807,641,6814.000,37.876,17.033,0.065,0.132,0.088,NaN,814,0,-1.529,-1.075,9.000,204.000,29.000,268.000,NaN,NaN,NaN,NaN,NaN,NaN,NaN
2808,707,6814.000,11.222,1.763,0.138,-0.066,0.886,0.938,814,0,4.052,2.026,375.000,217.000,437.000,415.000,11.250,1.760,-1.250,0.900,0.470,1.690,2.852
2809,719,6814.000,37.662,-15.599,0.044,0.004,0.674,NaN,814,0,1.488,-1.304,1156.000,196.000,1180.000,252.000,NaN,NaN,NaN,NaN,NaN,NaN,NaN
2810,4,6815.000,-30.778,-10.082,-0.604,-0.168,NaN,NaN,815,0,-2.249,-1.327,NaN,NaN,NaN,NaN,NaN,NaN,NaN,NaN,NaN,NaN,NaN
2811,56,6815.000,2.549,31.134,-0.134,0.382,NaN,NaN,815,0,-1.511,-1.327,NaN,NaN,NaN,NaN,NaN,NaN,NaN,NaN,NaN,NaN,NaN
2812,564,6815.000,20.148,-1.707,0.075,-0.054,NaN,NaN,815,0,-2.639,-1.326,NaN,NaN,NaN,NaN,NaN,NaN,NaN,NaN,NaN,NaN,NaN
2813,620,6815.000,19.769,-2.370,0.070,-0.044,0.211,NaN,815,0,-1.029,-1.290,757.000,192.000,803.000,273.000,NaN,NaN,NaN,NaN,NaN,NaN,NaN
2814,641,6815.000,37.908,17.104,0.071,0.121,0.508,NaN,815,0,0.306,-1.157,9.000,205.000,32.000,273.000,NaN,NaN,NaN,NaN,NaN,NaN,NaN
2815,707,6815.000,11.362,1.697,0.137,-0.067,0.892,NaN,815,0,3.848,-1.327,393.000,215.000,451.000,413.000,NaN,NaN,NaN,NaN,NaN,NaN,NaN
2816,719,6815.000,37.619,-15.553,0.039,0.003,0.596,NaN,815,0,0.810,-1.304,1155.000,196.000,1179.000,254.000,NaN,NaN,NaN,NaN,NaN,NaN,NaN
2817,4,6816.000,-31.382,-10.250,-0.604,-0.168,NaN,NaN,816,0,-1.409,-1.327,NaN,NaN,NaN,NaN,NaN,NaN,NaN,NaN,NaN,NaN,NaN
2818,56,6816.000,2.416,31.515,-0.133,0.381,NaN,NaN,816,0,-1.558,-1.327,NaN,NaN,NaN,NaN,NaN,NaN,NaN,NaN,NaN,NaN,NaN
2819,564,6816.000,20.177,-1.724,0.065,-0.042,0.846,0.946,816,0,4.434,2.217,718.000,191.000,764.000,322.000,20.160,-1.690,-1.180,0.850,0.600,1.830,-0.901
2820,620,6816.000,19.878,-2.396,0.077,-0.037,0.060,0.370,816,0,-1.951,-0.005,760.000,198.000,812.000,343.000,19.880,-2.380,-1.330,0.710,0.630,1.910,-0.446
2821,641,6816.000,37.974,17.207,0.073,0.119,0.635,NaN,816,0,1.305,-1.182,1.000,206.000,33.000,273.000,NaN,NaN,NaN,NaN,NaN,NaN,NaN
2822,707,6816.000,11.481,1.629,0.132,-0.070,0.899,0.970,816,0,4.052,2.026,400.000,212.000,473.000,412.000,11.460,1.620,-1.250,0.910,0.500,1.840,2.695
2823,719,6816.000,37.667,-15.540,0.039,0.007,0.487,NaN,816,0,-0.029,-1.304,1154.000,197.000,1177.000,248.000,NaN,NaN,NaN,NaN,NaN,NaN,NaN
2824,4,6817.000,-31.984,-10.419,-0.603,-0.169,NaN,NaN,817,0,-0.714,-1.327,NaN,NaN,NaN,NaN,NaN,NaN,NaN,NaN,NaN,NaN,NaN
2825,56,6817.000,2.282,31.897,-0.134,0.383,NaN,NaN,817,0,-2.184,-1.327,NaN,NaN,NaN,NaN,NaN,NaN,NaN,NaN,NaN,NaN,NaN
2826,564,6817.000,20.260,-1.781,0.069,-0.045,0.857,0.957,817,0,4.434,2.217,719.000,191.000,764.000,323.000,20.280,-1.780,-1.200,0.790,0.630,1.930,-0.682
2827,620,6817.000,19.960,-2.431,0.078,-0.038,0.042,0.048,817,0,-2.301,-1.064,761.000,198.000,812.000,344.000,19.960,-2.430,-1.340,0.780,0.650,1.870,-0.376
2828,641,6817.000,37.978,17.254,0.075,0.107,0.623,NaN,817,0,1.205,-1.220,1.000,206.000,34.000,273.000,NaN,NaN,NaN,NaN,NaN,NaN,NaN
2829,707,6817.000,11.623,1.525,0.136,-0.082,0.899,0.994,817,0,4.173,2.087,401.000,211.000,479.000,412.000,11.630,1.490,-1.240,0.930,0.550,1.760,-0.509
2830,719,6817.000,37.743,-15.536,0.043,0.009,0.530,NaN,817,0,0.251,-1.305,1153.000,196.000,1176.000,250.000,NaN,NaN,NaN,NaN,NaN,NaN,NaN
2831,4,6818.000,-32.587,-10.587,-0.602,-0.168,NaN,NaN,818,0,-0.483,-1.327,NaN,NaN,NaN,NaN,NaN,NaN,NaN,NaN,NaN,NaN,NaN
2832,56,6818.000,2.150,32.279,-0.133,0.383,NaN,NaN,818,0,-0.030,-1.327,NaN,NaN,NaN,NaN,NaN,NaN,NaN,NaN,NaN,NaN,NaN
2833,564,6818.000,20.329,-1.846,0.070,-0.050,0.859,NaN,818,0,4.285,-1.326,720.000,192.000,768.000,322.000,NaN,NaN,NaN,NaN,NaN,NaN,NaN
2834,620,6818.000,20.038,-2.460,0.078,-0.036,0.175,NaN,818,0,-1.343,-1.289,767.000,196.000,800.000,271.000,NaN,NaN,NaN,NaN,NaN,NaN,NaN
2835,641,6818.000,37.981,17.283,0.075,0.097,0.258,NaN,818,0,-0.926,-1.244,0.000,207.000,31.000,273.000,NaN,NaN,NaN,NaN,NaN,NaN,NaN
2836,707,6818.000,11.757,1.458,0.134,-0.077,0.897,NaN,818,0,3.848,-1.327,415.000,215.000,489.000,407.000,NaN,NaN,NaN,NaN,NaN,NaN,NaN
2837,719,6818.000,37.719,-15.554,0.033,0.000,0.032,NaN,818,0,-2.773,-1.306,1160.000,197.000,1174.000,247.000,NaN,NaN,NaN,NaN,NaN,NaN,NaN
2838,4,6819.000,-32.849,-10.901,-0.583,-0.207,0.155,NaN,819,0,-1.876,-1.327,173.000,205.000,183.000,233.000,NaN,NaN,NaN,NaN,NaN,NaN,NaN
2839,56,6819.000,2.017,32.661,-0.132,0.382,NaN,NaN,819,0,-2.184,-1.327,NaN,NaN,NaN,NaN,NaN,NaN,NaN,NaN,NaN,NaN,NaN
2840,564,6819.000,20.395,-1.874,0.071,-0.041,0.847,0.937,819,0,4.434,2.217,725.000,192.000,771.000,321.000,20.400,-1.850,-1.110,0.860,0.600,1.910,-0.163
2841,620,6819.000,20.147,-2.497,0.087,-0.038,0.367,0.422,819,0,-0.011,0.152,770.000,197.000,808.000,272.000,20.160,-2.490,-1.240,0.710,0.620,1.780,0.095
2842,641,6819.000,38.302,17.527,0.078,0.107,0.560,NaN,819,0,0.715,-1.255,0.000,205.000,16.000,270.000,NaN,NaN,NaN,NaN,NaN,NaN,NaN
2843,707,6819.000,11.864,1.382,0.125,-0.078,0.902,0.965,819,0,4.173,2.087,434.000,218.000,501.000,402.000,11.840,1.390,-1.240,0.800,0.460,1.670,-0.468
2844,719,6819.000,37.809,-15.551,0.039,0.005,0.686,NaN,819,0,1.743,-1.306,1151.000,196.000,1174.000,255.000,NaN,NaN,NaN,NaN,NaN,NaN,NaN
2845,4,6820.000,-33.433,-11.109,-0.583,-0.208,NaN,NaN,820,0,-3.337,-2.059,NaN,NaN,NaN,NaN,NaN,NaN,NaN,NaN,NaN,NaN,NaN
2846,56,6820.000,1.886,33.043,-0.131,0.381,NaN,NaN,820,0,-1.640,-0.739,NaN,NaN,NaN,NaN,NaN,NaN,NaN,NaN,NaN,NaN,NaN
2847,564,6820.000,20.500,-1.931,0.080,-0.046,0.858,0.784,820,0,4.296,1.882,728.000,191.000,772.000,321.000,20.550,-1.970,-1.150,0.770,0.610,1.790,-0.267
2848,620,6820.000,20.255,-2.544,0.094,-0.040,0.067,0.121,820,0,-1.813,-0.698,769.000,197.000,812.000,341.000,20.260,-2.560,-1.290,0.730,0.630,1.830,-0.189
2849,641,6820.000,38.382,17.610,0.084,0.102,0.466,NaN,820,0,0.057,-1.245,0.000,205.000,16.000,272.000,NaN,NaN,NaN,NaN,NaN,NaN,NaN
2850,707,6820.000,12.046,1.280,0.142,-0.085,0.905,0.974,820,0,4.173,2.087,443.000,217.000,504.000,403.000,12.110,1.260,-1.220,0.870,0.600,1.850,-0.431
2851,719,6820.000,37.925,-15.555,0.047,0.009,0.667,NaN,820,0,1.488,-1.306,1149.000,196.000,1174.000,256.000,NaN,NaN,NaN,NaN,NaN,NaN,NaN
2852,4,6821.000,-34.016,-11.315,-0.584,-0.207,NaN,NaN,821,0,-2.640,-1.327,NaN,NaN,NaN,NaN,NaN,NaN,NaN,NaN,NaN,NaN,NaN
2853,56,6821.000,1.753,33.423,-0.133,0.381,NaN,NaN,821,0,-2.640,-1.327,NaN,NaN,NaN,NaN,NaN,NaN,NaN,NaN,NaN,NaN,NaN
2854,564,6821.000,20.578,-2.001,0.079,-0.053,0.552,NaN,821,0,0.987,-1.323,732.000,189.000,773.000,292.000,NaN,NaN,NaN,NaN,NaN,NaN,NaN
2855,620,6821.000,20.349,-2.585,0.093,-0.041,NaN,NaN,821,0,-2.754,-1.295,NaN,NaN,NaN,NaN,NaN,NaN,NaN,NaN,NaN,NaN,NaN
2856,641,6821.000,38.503,17.722,0.087,0.100,0.265,NaN,821,0,-0.918,-1.233,0.000,203.000,11.000,270.000,NaN,NaN,NaN,NaN,NaN,NaN,NaN
2857,707,6821.000,12.186,1.223,0.142,-0.076,0.906,NaN,821,0,3.848,-1.327,453.000,212.000,512.000,401.000,NaN,NaN,NaN,NaN,NaN,NaN,NaN
2858,719,6821.000,38.019,-15.554,0.051,0.012,0.709,NaN,821,0,2.046,-1.307,1148.000,195.000,1174.000,255.000,NaN,NaN,NaN,NaN,NaN,NaN,NaN
2859,4,6822.000,-34.600,-11.522,-0.584,-0.206,NaN,NaN,822,0,-2.680,-1.327,NaN,NaN,NaN,NaN,NaN,NaN,NaN,NaN,NaN,NaN,NaN
2860,56,6822.000,1.620,33.805,-0.133,0.381,NaN,NaN,822,0,-1.976,-1.327,NaN,NaN,NaN,NaN,NaN,NaN,NaN,NaN,NaN,NaN,NaN
2861,564,6822.000,20.659,-2.027,0.082,-0.044,0.594,0.441,822,0,1.538,0.180,735.000,189.000,774.000,315.000,20.680,-2.000,-1.100,0.770,0.530,1.880,-2.970
2862,620,6822.000,20.404,-2.648,0.083,-0.047,0.034,0.028,822,0,-2.449,-1.224,771.000,196.000,815.000,338.000,20.370,-2.670,-1.280,0.760,0.590,1.790,0.292
2863,641,6822.000,38.497,17.771,0.087,0.097,0.319,NaN,822,0,-0.867,-1.205,0.000,214.000,7.000,267.000,NaN,NaN,NaN,NaN,NaN,NaN,NaN
2864,707,6822.000,12.333,1.182,0.145,-0.067,0.904,0.997,822,0,4.173,2.087,463.000,211.000,524.000,401.000,12.330,1.200,-1.190,0.830,0.580,1.700,-0.403
2865,719,6822.000,38.154,-15.562,0.055,0.014,0.744,NaN,822,0,2.746,-1.309,1148.000,196.000,1172.000,258.000,NaN,NaN,NaN,NaN,NaN,NaN,NaN
2866,4,6823.000,-35.183,-11.727,-0.583,-0.205,NaN,NaN,823,0,-2.822,-1.327,NaN,NaN,NaN,NaN,NaN,NaN,NaN,NaN,NaN,NaN,NaN
2867,56,6823.000,1.485,34.186,-0.134,0.381,NaN,NaN,823,0,-1.142,-1.327,NaN,NaN,NaN,NaN,NaN,NaN,NaN,NaN,NaN,NaN,NaN
2868,564,6823.000,20.737,-2.091,0.081,-0.051,0.813,NaN,823,0,4.186,-1.320,737.000,188.000,775.000,296.000,NaN,NaN,NaN,NaN,NaN,NaN,NaN
2869,620,6823.000,20.491,-2.683,0.086,-0.043,0.083,NaN,823,0,-1.334,-1.299,772.000,204.000,817.000,342.000,NaN,NaN,NaN,NaN,NaN,NaN,NaN
2870,641,6823.000,39.321,18.168,0.119,0.092,0.180,NaN,823,0,-1.364,-1.156,0.000,217.000,7.000,268.000,NaN,NaN,NaN,NaN,NaN,NaN,NaN
2871,707,6823.000,12.480,1.140,0.147,-0.060,0.910,NaN,823,0,3.848,-1.327,463.000,213.000,528.000,397.000,NaN,NaN,NaN,NaN,NaN,NaN,NaN
2872,719,6823.000,38.266,-15.569,0.059,0.013,0.710,NaN,823,0,2.046,-1.311,1147.000,196.000,1171.000,256.000,NaN,NaN,NaN,NaN,NaN,NaN,NaN
2873,4,6824.000,-35.766,-11.933,-0.584,-0.206,NaN,NaN,824,0,-1.274,-1.999,NaN,NaN,NaN,NaN,NaN,NaN,NaN,NaN,NaN,NaN,NaN
2874,56,6824.000,1.351,34.567,-0.134,0.382,NaN,NaN,824,0,-2.805,-1.327,NaN,NaN,NaN,NaN,NaN,NaN,NaN,NaN,NaN,NaN,NaN
2875,564,6824.000,20.818,-2.115,0.082,-0.045,0.801,0.904,824,0,4.102,2.148,740.000,189.000,776.000,299.000,20.830,-2.080,-1.140,0.910,0.540,1.820,-0.315
2876,620,6824.000,20.581,-2.730,0.086,-0.045,0.058,NaN,824,0,-1.487,-1.299,775.000,205.000,820.000,343.000,NaN,NaN,NaN,NaN,NaN,NaN,NaN
2877,641,6824.000,39.458,18.235,0.123,0.077,0.066,NaN,824,0,-2.199,-1.164,0.000,224.000,7.000,264.000,NaN,NaN,NaN,NaN,NaN,NaN,NaN
2878,707,6824.000,12.567,1.067,0.132,-0.064,0.892,0.999,824,0,4.272,2.136,478.000,216.000,534.000,392.000,12.540,1.060,-1.240,0.790,0.590,1.660,-0.301
2879,719,6824.000,38.391,-15.578,0.064,0.012,0.715,NaN,824,0,2.206,-1.313,1145.000,196.000,1170.000,249.000,NaN,NaN,NaN,NaN,NaN,NaN,NaN
2880,4,6825.000,-36.349,-12.139,-0.582,-0.206,NaN,NaN,825,0,-2.199,-1.553,NaN,NaN,NaN,NaN,NaN,NaN,NaN,NaN,NaN,NaN,NaN
2881,56,6825.000,1.218,34.949,-0.133,0.381,NaN,NaN,825,0,-1.689,-1.327,NaN,NaN,NaN,NaN,NaN,NaN,NaN,NaN,NaN,NaN,NaN
2882,564,6825.000,20.916,-2.143,0.087,-0.043,0.816,0.909,825,0,4.270,2.148,741.000,190.000,778.000,317.000,20.920,-2.120,-1.140,0.860,0.620,1.850,-0.492
2883,620,6825.000,20.668,-2.774,0.086,-0.044,NaN,NaN,825,0,-2.590,-1.302,NaN,NaN,NaN,NaN,NaN,NaN,NaN,NaN,NaN,NaN,NaN
2884,641,6825.000,39.580,18.312,0.122,0.077,NaN,NaN,825,0,-2.425,-1.280,NaN,NaN,NaN,NaN,NaN,NaN,NaN,NaN,NaN,NaN,NaN
2885,707,6825.000,12.749,0.987,0.145,-0.069,0.878,0.964,825,0,4.272,2.136,493.000,215.000,538.000,392.000,12.780,0.980,-1.260,0.860,0.510,1.700,-0.220
2886,719,6825.000,38.500,-15.598,0.065,0.008,0.763,NaN,825,0,2.844,-1.316,1145.000,197.000,1170.000,249.000,NaN,NaN,NaN,NaN,NaN,NaN,NaN
2887,4,6826.000,-36.931,-12.345,-0.582,-0.207,NaN,NaN,826,0,-1.324,-1.327,NaN,NaN,NaN,NaN,NaN,NaN,NaN,NaN,NaN,NaN,NaN
2888,56,6826.000,1.085,35.329,-0.133,0.380,NaN,NaN,826,0,-1.918,-1.327,NaN,NaN,NaN,NaN,NaN,NaN,NaN,NaN,NaN,NaN,NaN
2889,564,6826.000,21.000,-2.202,0.088,-0.046,0.823,NaN,826,0,4.197,-1.317,742.000,190.000,781.000,318.000,NaN,NaN,NaN,NaN,NaN,NaN,NaN
2890,620,6826.000,20.754,-2.818,0.086,-0.044,NaN,NaN,826,0,-2.461,-1.303,NaN,NaN,NaN,NaN,NaN,NaN,NaN,NaN,NaN,NaN,NaN
2891,641,6826.000,39.702,18.391,0.121,0.078,NaN,NaN,826,0,-2.327,-1.170,NaN,NaN,NaN,NaN,NaN,NaN,NaN,NaN,NaN,NaN,NaN
2892,707,6826.000,12.898,0.950,0.147,-0.061,0.837,NaN,826,0,3.973,-1.326,499.000,212.000,542.000,390.000,NaN,NaN,NaN,NaN,NaN,NaN,NaN
2893,719,6826.000,38.636,-15.637,0.069,0.001,0.706,NaN,826,0,2.046,-1.318,1145.000,196.000,1169.000,251.000,NaN,NaN,NaN,NaN,NaN,NaN,NaN
2894,4,6827.000,-37.512,-12.552,-0.582,-0.207,NaN,NaN,827,0,0.897,-1.331,NaN,NaN,NaN,NaN,NaN,NaN,NaN,NaN,NaN,NaN,NaN
2895,56,6827.000,0.951,35.709,-0.134,0.380,NaN,NaN,827,0,-0.822,-1.327,NaN,NaN,NaN,NaN,NaN,NaN,NaN,NaN,NaN,NaN,NaN
2896,564,6827.000,21.071,-2.242,0.086,-0.044,0.652,0.720,827,0,2.027,1.462,748.000,191.000,785.000,317.000,21.070,-2.230,-1.050,0.830,0.550,1.730,-0.232
2897,620,6827.000,20.832,-2.899,0.083,-0.051,0.054,NaN,827,0,-1.460,-1.304,784.000,186.000,831.000,337.000,NaN,NaN,NaN,NaN,NaN,NaN,NaN
2898,641,6827.000,39.824,18.469,0.122,0.078,NaN,NaN,827,0,-1.665,-1.177,NaN,NaN,NaN,NaN,NaN,NaN,NaN,NaN,NaN,NaN,NaN
2899,707,6827.000,12.993,0.887,0.137,-0.060,0.857,0.927,827,0,4.272,2.136,504.000,210.000,550.000,390.000,12.970,0.900,-1.240,0.850,0.560,1.850,2.753
2900,719,6827.000,38.763,-15.663,0.073,-0.002,0.783,NaN,827,0,3.211,-1.320,1143.000,195.000,1168.000,249.000,NaN,NaN,NaN,NaN,NaN,NaN,NaN
2901,4,6828.000,-38.095,-12.759,-0.582,-0.207,NaN,NaN,828,0,-1.854,-2.030,NaN,NaN,NaN,NaN,NaN,NaN,NaN,NaN,NaN,NaN,NaN
2902,56,6828.000,0.818,36.089,-0.133,0.380,NaN,NaN,828,0,-0.714,-1.327,NaN,NaN,NaN,NaN,NaN,NaN,NaN,NaN,NaN,NaN,NaN
2903,564,6828.000,21.156,-2.315,0.085,-0.051,0.843,NaN,828,0,4.285,-1.313,750.000,192.000,790.000,317.000,NaN,NaN,NaN,NaN,NaN,NaN,NaN
2904,620,6828.000,20.927,-2.989,0.086,-0.059,0.071,NaN,828,0,-1.794,-1.307,795.000,185.000,829.000,273.000,NaN,NaN,NaN,NaN,NaN,NaN,NaN
2905,641,6828.000,39.947,18.547,0.123,0.078,NaN,NaN,828,0,-2.773,-1.187,NaN,NaN,NaN,NaN,NaN,NaN,NaN,NaN,NaN,NaN,NaN
2906,707,6828.000,13.191,0.795,0.150,-0.072,0.837,0.746,828,0,4.272,1.579,510.000,214.000,560.000,385.000,13.240,0.760,-1.210,0.780,0.610,1.770,-0.416
2907,719,6828.000,38.898,-15.680,0.078,-0.001,0.059,NaN,828,0,-2.626,-1.320,1142.000,195.000,1166.000,223.000,NaN,NaN,NaN,NaN,NaN,NaN,NaN
2908,4,6829.000,-38.900,-13.054,-0.594,-0.216,0.513,NaN,829,0,-0.142,-1.327,165.000,204.000,181.000,236.000,NaN,NaN,NaN,NaN,NaN,NaN,NaN
2909,56,6829.000,0.684,36.468,-0.133,0.379,NaN,NaN,829,0,1.846,-1.327,NaN,NaN,NaN,NaN,NaN,NaN,NaN,NaN,NaN,NaN,NaN
2910,564,6829.000,21.236,-2.375,0.083,-0.053,0.720,NaN,829,0,2.757,-1.308,751.000,192.000,792.000,317.000,NaN,NaN,NaN,NaN,NaN,NaN,NaN
2911,620,6829.000,21.007,-3.048,0.084,-0.058,0.406,NaN,829,0,-0.163,-1.309,797.000,185.000,830.000,272.000,NaN,NaN,NaN,NaN,NaN,NaN,NaN
2912,641,6829.000,40.072,18.625,0.124,0.078,NaN,NaN,829,0,-1.615,-1.188,NaN,NaN,NaN,NaN,NaN,NaN,NaN,NaN,NaN,NaN,NaN
2913,707,6829.000,13.332,0.747,0.145,-0.064,0.291,NaN,829,0,-0.403,-1.307,522.000,216.000,566.000,339.000,NaN,NaN,NaN,NaN,NaN,NaN,NaN
2914,719,6829.000,38.961,-15.668,0.077,0.000,0.659,NaN,829,0,1.381,-1.320,1141.000,195.000,1165.000,250.000,NaN,NaN,NaN,NaN,NaN,NaN,NaN
2915,4,6830.000,-39.494,-13.270,-0.594,-0.216,NaN,NaN,830,0,-0.853,-1.327,NaN,NaN,NaN,NaN,NaN,NaN,NaN,NaN,NaN,NaN,NaN
2916,56,6830.000,0.549,36.850,-0.135,0.381,NaN,NaN,830,0,0.413,-1.327,NaN,NaN,NaN,NaN,NaN,NaN,NaN,NaN,NaN,NaN,NaN
2917,564,6830.000,21.319,-2.427,0.083,-0.052,NaN,NaN,830,0,-1.360,-1.306,NaN,NaN,NaN,NaN,NaN,NaN,NaN,NaN,NaN,NaN,NaN
2918,620,6830.000,21.090,-3.080,0.084,-0.050,0.673,NaN,830,0,1.724,-1.309,796.000,205.000,831.000,272.000,NaN,NaN,NaN,NaN,NaN,NaN,NaN
2919,641,6830.000,40.195,18.701,0.124,0.076,NaN,NaN,830,0,-2.805,-1.201,NaN,NaN,NaN,NaN,NaN,NaN,NaN,NaN,NaN,NaN,NaN
2920,707,6830.000,13.471,0.684,0.141,-0.064,0.281,NaN,830,0,-0.862,-1.292,531.000,216.000,576.000,278.000,NaN,NaN,NaN,NaN,NaN,NaN,NaN
2921,719,6830.000,39.093,-15.687,0.079,0.001,0.750,NaN,830,0,2.680,-1.320,1140.000,195.000,1164.000,249.000,NaN,NaN,NaN,NaN,NaN,NaN,NaN
2922,4,6831.000,-40.090,-13.486,-0.597,-0.216,NaN,NaN,831,0,1.183,-1.327,NaN,NaN,NaN,NaN,NaN,NaN,NaN,NaN,NaN,NaN,NaN
2923,56,6831.000,0.414,37.230,-0.135,0.380,NaN,NaN,831,0,0.651,-1.327,NaN,NaN,NaN,NaN,NaN,NaN,NaN,NaN,NaN,NaN,NaN
2924,564,6831.000,21.461,-2.530,0.092,-0.064,0.804,0.057,831,0,4.102,-1.020,761.000,190.000,800.000,270.000,21.460,-2.580,-0.990,0.740,0.550,1.750,-0.810
2925,620,6831.000,21.176,-3.117,0.083,-0.045,0.112,NaN,831,0,-1.199,-1.309,795.000,208.000,836.000,341.000,NaN,NaN,NaN,NaN,NaN,NaN,NaN
2926,641,6831.000,40.319,18.778,0.123,0.076,NaN,NaN,831,0,-1.123,-1.219,NaN,NaN,NaN,NaN,NaN,NaN,NaN,NaN,NaN,NaN,NaN
2927,707,6831.000,13.573,0.626,0.131,-0.062,0.270,0.020,831,0,-0.351,-1.087,537.000,212.000,589.000,279.000,13.560,0.640,-1.230,0.780,0.640,1.770,0.209
2928,719,6831.000,39.206,-15.685,0.083,0.002,0.341,NaN,831,0,-0.523,-1.320,1123.000,201.000,1171.000,286.000,NaN,NaN,NaN,NaN,NaN,NaN,NaN
2929,4,6832.000,-40.790,-13.665,-0.612,-0.207,0.550,NaN,832,0,0.186,-1.327,168.000,204.000,181.000,236.000,NaN,NaN,NaN,NaN,NaN,NaN,NaN
2930,56,6832.000,0.279,37.609,-0.135,0.379,NaN,NaN,832,0,-0.407,-1.327,NaN,NaN,NaN,NaN,NaN,NaN,NaN,NaN,NaN,NaN,NaN
2931,564,6832.000,21.551,-2.594,0.090,-0.064,NaN,NaN,832,0,-1.955,-1.299,NaN,NaN,NaN,NaN,NaN,NaN,NaN,NaN,NaN,NaN,NaN
2932,620,6832.000,21.283,-3.151,0.087,-0.042,0.093,NaN,832,0,-1.294,-1.311,796.000,206.000,837.000,342.000,NaN,NaN,NaN,NaN,NaN,NaN,NaN
2933,641,6832.000,40.440,18.852,0.122,0.075,NaN,NaN,832,0,-1.948,-1.219,NaN,NaN,NaN,NaN,NaN,NaN,NaN,NaN,NaN,NaN,NaN
2934,707,6832.000,13.710,0.558,0.133,-0.064,0.042,NaN,832,0,-2.191,-1.194,542.000,211.000,594.000,279.000,NaN,NaN,NaN,NaN,NaN,NaN,NaN
2935,719,6832.000,38.849,-15.702,0.051,-0.036,0.208,NaN,832,0,-1.405,-1.320,1151.000,202.000,1170.000,247.000,NaN,NaN,NaN,NaN,NaN,NaN,NaN
2936,4,6833.000,-41.402,-13.872,-0.613,-0.206,NaN,NaN,833,0,0.895,-1.327,NaN,NaN,NaN,NaN,NaN,NaN,NaN,NaN,NaN,NaN,NaN
2937,56,6833.000,0.143,37.989,-0.136,0.380,NaN,NaN,833,0,2.750,-1.290,NaN,NaN,NaN,NaN,NaN,NaN,NaN,NaN,NaN,NaN,NaN
2938,564,6833.000,21.643,-2.657,0.092,-0.063,NaN,NaN,833,0,-1.763,-1.297,NaN,NaN,NaN,NaN,NaN,NaN,NaN,NaN,NaN,NaN,NaN
2939,620,6833.000,21.345,-3.180,0.086,-0.040,0.111,NaN,833,0,-1.065,-1.311,797.000,203.000,839.000,345.000,NaN,NaN,NaN,NaN,NaN,NaN,NaN
2940,641,6833.000,40.561,18.927,0.121,0.075,NaN,NaN,833,0,1.114,-1.229,NaN,NaN,NaN,NaN,NaN,NaN,NaN,NaN,NaN,NaN,NaN
2941,707,6833.000,13.894,0.465,0.146,-0.073,0.673,0.024,833,0,2.233,-1.032,550.000,212.000,602.000,278.000,13.910,0.440,-1.200,0.740,0.660,1.780,0.052
2942,719,6833.000,40.079,-16.109,0.105,-0.030,0.044,NaN,833,0,-2.957,-1.320,1137.000,196.000,1158.000,225.000,NaN,NaN,NaN,NaN,NaN,NaN,NaN
2943,4,6834.000,-42.014,-14.078,-0.611,-0.207,NaN,NaN,834,0,3.938,2.148,NaN,NaN,NaN,NaN,NaN,NaN,NaN,NaN,NaN,NaN,NaN
2944,56,6834.000,0.008,38.368,-0.136,0.379,NaN,NaN,834,0,0.570,-1.327,NaN,NaN,NaN,NaN,NaN,NaN,NaN,NaN,NaN,NaN,NaN
2945,564,6834.000,21.706,-2.674,0.089,-0.054,0.817,0.021,834,0,4.021,-1.325,767.000,189.000,805.000,270.000,21.690,-2.670,-1.050,0.800,0.560,1.910,-0.561
2946,620,6834.000,21.375,-3.235,0.080,-0.047,0.259,0.074,834,0,-0.579,-0.952,802.000,201.000,842.000,343.000,21.350,-3.260,-1.240,0.800,0.520,1.780,-0.481
2947,641,6834.000,40.682,19.000,0.121,0.074,NaN,NaN,834,0,-3.653,-1.716,NaN,NaN,NaN,NaN,NaN,NaN,NaN,NaN,NaN,NaN,NaN
2948,707,6834.000,14.074,0.396,0.156,-0.072,0.109,0.470,834,0,-1.138,0.265,561.000,215.000,607.000,298.000,14.110,0.410,-1.270,0.750,0.650,1.730,0.124
2949,719,6834.000,40.352,-16.148,0.115,-0.019,0.641,NaN,834,0,1.183,-1.322,1136.000,196.000,1158.000,255.000,NaN,NaN,NaN,NaN,NaN,NaN,NaN
2950,4,6835.000,-42.742,-14.302,-0.621,-0.204,0.581,NaN,835,0,0.413,-1.327,168.000,204.000,181.000,237.000,NaN,NaN,NaN,NaN,NaN,NaN,NaN
2951,56,6835.000,-0.127,38.747,-0.135,0.378,NaN,NaN,835,0,-1.409,-1.327,NaN,NaN,NaN,NaN,NaN,NaN,NaN,NaN,NaN,NaN,NaN
2952,564,6835.000,21.796,-2.728,0.090,-0.054,NaN,NaN,835,0,-1.822,-1.300,NaN,NaN,NaN,NaN,NaN,NaN,NaN,NaN,NaN,NaN,NaN
2953,620,6835.000,21.450,-3.282,0.078,-0.048,0.188,NaN,835,0,-0.743,-1.313,805.000,201.000,845.000,343.000,NaN,NaN,NaN,NaN,NaN,NaN,NaN
2954,641,6835.000,40.803,19.075,0.121,0.075,NaN,NaN,835,0,-2.178,-1.245,NaN,NaN,NaN,NaN,NaN,NaN,NaN,NaN,NaN,NaN,NaN
2955,707,6835.000,14.230,0.339,0.157,-0.067,0.517,NaN,835,0,0.746,-1.270,566.000,215.000,609.000,326.000,NaN,NaN,NaN,NaN,NaN,NaN,NaN
2956,719,6835.000,40.489,-16.135,0.119,-0.008,0.584,NaN,835,0,0.649,-1.322,1135.000,195.000,1157.000,254.000,NaN,NaN,NaN,NaN,NaN,NaN,NaN
2957,4,6836.000,-43.363,-14.506,-0.620,-0.204,NaN,NaN,836,0,-5.474,-2.737,NaN,NaN,NaN,NaN,NaN,NaN,NaN,NaN,NaN,NaN,NaN
2958,56,6836.000,-0.262,39.125,-0.135,0.378,NaN,NaN,836,0,-2.571,-1.327,NaN,NaN,NaN,NaN,NaN,NaN,NaN,NaN,NaN,NaN,NaN
2959,564,6836.000,21.885,-2.801,0.089,-0.061,0.037,NaN,836,0,-1.579,-1.302,770.000,191.000,814.000,342.000,NaN,NaN,NaN,NaN,NaN,NaN,NaN
2960,620,6836.000,21.524,-3.330,0.078,-0.049,0.141,NaN,836,0,-0.959,-1.314,807.000,200.000,847.000,341.000,NaN,NaN,NaN,NaN,NaN,NaN,NaN
2961,641,6836.000,40.925,19.150,0.122,0.075,NaN,NaN,836,0,-1.642,-1.327,NaN,NaN,NaN,NaN,NaN,NaN,NaN,NaN,NaN,NaN,NaN
2962,707,6836.000,14.331,0.257,0.143,-0.071,0.737,0.655,836,0,3.111,1.022,574.000,211.000,616.000,347.000,14.320,0.240,-1.250,0.790,0.670,1.610,-0.059
2963,719,6836.000,40.609,-16.142,0.120,-0.008,NaN,NaN,836,0,-2.069,-1.319,NaN,NaN,NaN,NaN,NaN,NaN,NaN,NaN,NaN,NaN,NaN
2964,4,6837.000,-43.981,-14.709,-0.619,-0.204,NaN,NaN,837,0,-2.207,-1.327,NaN,NaN,NaN,NaN,NaN,NaN,NaN,NaN,NaN,NaN,NaN
2965,56,6837.000,-0.396,39.505,-0.134,0.379,NaN,NaN,837,0,-1.274,-1.327,NaN,NaN,NaN,NaN,NaN,NaN,NaN,NaN,NaN,NaN,NaN
2966,564,6837.000,21.982,-2.860,0.090,-0.061,0.012,NaN,837,0,-2.330,-1.305,775.000,203.000,812.000,295.000,NaN,NaN,NaN,NaN,NaN,NaN,NaN
2967,620,6837.000,21.605,-3.374,0.079,-0.048,0.025,NaN,837,0,-1.735,-1.316,807.000,202.000,849.000,344.000,NaN,NaN,NaN,NaN,NaN,NaN,NaN
2968,641,6837.000,41.047,19.226,0.122,0.076,NaN,NaN,837,0,-3.407,-1.327,NaN,NaN,NaN,NaN,NaN,NaN,NaN,NaN,NaN,NaN,NaN
2969,707,6837.000,14.509,0.168,0.152,-0.075,0.741,0.672,837,0,3.227,1.161,585.000,211.000,624.000,352.000,14.550,0.150,-1.240,0.610,0.780,1.680,2.188
2970,719,6837.000,40.728,-16.150,0.119,-0.007,NaN,NaN,837,0,-1.476,-1.319,NaN,NaN,NaN,NaN,NaN,NaN,NaN,NaN,NaN,NaN,NaN
2971,4,6838.000,-44.600,-14.913,-0.619,-0.204,NaN,NaN,838,0,-2.207,-1.327,NaN,NaN,NaN,NaN,NaN,NaN,NaN,NaN,NaN,NaN,NaN
2972,56,6838.000,-0.531,39.884,-0.134,0.379,NaN,NaN,838,0,-1.976,-1.327,NaN,NaN,NaN,NaN,NaN,NaN,NaN,NaN,NaN,NaN,NaN
2973,564,6838.000,22.073,-2.921,0.091,-0.062,NaN,NaN,838,0,-2.469,-1.307,NaN,NaN,NaN,NaN,NaN,NaN,NaN,NaN,NaN,NaN,NaN
2974,620,6838.000,21.704,-3.393,0.083,-0.039,0.450,NaN,838,0,-0.081,-1.317,815.000,201.000,840.000,272.000,NaN,NaN,NaN,NaN,NaN,NaN,NaN
2975,641,6838.000,41.170,19.302,0.123,0.076,NaN,NaN,838,0,-2.507,-1.327,NaN,NaN,NaN,NaN,NaN,NaN,NaN,NaN,NaN,NaN,NaN
2976,707,6838.000,14.655,0.112,0.151,-0.069,0.741,NaN,838,0,2.960,-1.323,590.000,212.000,628.000,358.000,NaN,NaN,NaN,NaN,NaN,NaN,NaN
2977,719,6838.000,41.464,-16.365,0.136,-0.007,0.649,NaN,838,0,1.281,-1.319,1132.000,196.000,1153.000,249.000,NaN,NaN,NaN,NaN,NaN,NaN,NaN
2978,4,6839.000,-45.221,-15.116,-0.621,-0.203,NaN,NaN,839,0,-0.978,-1.327,NaN,NaN,NaN,NaN,NaN,NaN,NaN,NaN,NaN,NaN,NaN
2979,56,6839.000,-0.664,40.262,-0.133,0.379,NaN,NaN,839,0,-1.689,-1.327,NaN,NaN,NaN,NaN,NaN,NaN,NaN,NaN,NaN,NaN,NaN
2980,564,6839.000,21.920,-2.975,0.052,-0.063,0.813,0.012,839,0,3.934,-1.355,780.000,191.000,816.000,273.000,21.870,-2.980,-1.160,0.610,0.550,1.660,-1.381
2981,620,6839.000,21.789,-3.432,0.085,-0.039,NaN,NaN,839,0,-2.126,-1.317,NaN,NaN,NaN,NaN,NaN,NaN,NaN,NaN,NaN,NaN,NaN
2982,641,6839.000,41.291,19.379,0.121,0.077,NaN,NaN,839,0,-2.507,-1.327,NaN,NaN,NaN,NaN,NaN,NaN,NaN,NaN,NaN,NaN,NaN
2983,707,6839.000,14.741,0.065,0.136,-0.063,0.817,0.894,839,0,4.394,2.197,596.000,215.000,638.000,348.000,14.700,0.100,-1.290,0.800,0.570,1.770,2.747
2984,719,6839.000,41.602,-16.372,0.137,-0.007,NaN,NaN,839,0,-2.974,-1.316,NaN,NaN,NaN,NaN,NaN,NaN,NaN,NaN,NaN,NaN,NaN
2985,4,6840.000,-45.840,-15.319,-0.620,-0.204,NaN,NaN,840,0,-0.989,-2.003,NaN,NaN,NaN,NaN,NaN,NaN,NaN,NaN,NaN,NaN,NaN
2986,56,6840.000,-0.796,40.640,-0.132,0.378,NaN,NaN,840,0,-0.997,-1.327,NaN,NaN,NaN,NaN,NaN,NaN,NaN,NaN,NaN,NaN,NaN
2987,564,6840.000,21.974,-3.037,0.053,-0.062,NaN,NaN,840,0,-2.052,-1.309,NaN,NaN,NaN,NaN,NaN,NaN,NaN,NaN,NaN,NaN,NaN
2988,620,6840.000,21.874,-3.473,0.085,-0.041,NaN,NaN,840,0,-2.233,-1.317,NaN,NaN,NaN,NaN,NaN,NaN,NaN,NaN,NaN,NaN,NaN
2989,641,6840.000,41.414,19.455,0.122,0.076,NaN,NaN,840,0,-2.408,-1.327,NaN,NaN,NaN,NaN,NaN,NaN,NaN,NaN,NaN,NaN,NaN
2990,707,6840.000,14.916,-0.012,0.148,-0.066,0.866,0.966,840,0,4.394,2.197,600.000,214.000,646.000,362.000,14.960,-0.040,-1.270,0.730,0.620,1.550,-0.470
2991,719,6840.000,41.739,-16.379,0.136,-0.007,NaN,NaN,840,0,-2.779,-1.314,NaN,NaN,NaN,NaN,NaN,NaN,NaN,NaN,NaN,NaN,NaN
2992,4,6841.000,-46.460,-15.524,-0.619,-0.205,NaN,NaN,841,0,-0.997,-1.327,NaN,NaN,NaN,NaN,NaN,NaN,NaN,NaN,NaN,NaN,NaN
2993,56,6841.000,-0.929,41.019,-0.133,0.379,NaN,NaN,841,0,-2.018,-1.327,NaN,NaN,NaN,NaN,NaN,NaN,NaN,NaN,NaN,NaN,NaN
2994,564,6841.000,21.974,-3.366,0.047,-0.130,0.156,NaN,841,0,-1.484,-1.311,816.000,203.000,848.000,272.000,NaN,NaN,NaN,NaN,NaN,NaN,NaN
2995,620,6841.000,21.985,-3.533,0.088,-0.045,0.347,NaN,841,0,-0.469,-1.317,815.000,202.000,855.000,300.000,NaN,NaN,NaN,NaN,NaN,NaN,NaN
2996,641,6841.000,41.536,19.531,0.122,0.076,NaN,NaN,841,0,-3.178,-1.327,NaN,NaN,NaN,NaN,NaN,NaN,NaN,NaN,NaN,NaN,NaN
2997,707,6841.000,15.064,-0.075,0.147,-0.065,0.868,NaN,841,0,4.137,-1.327,605.000,213.000,651.000,361.000,NaN,NaN,NaN,NaN,NaN,NaN,NaN
2998,719,6841.000,42.397,-16.616,0.151,-0.018,0.650,NaN,841,0,1.281,-1.311,1127.000,195.000,1152.000,250.000,NaN,NaN,NaN,NaN,NaN,NaN,NaN
2999,4,6842.000,-47.080,-15.730,-0.619,-0.206,NaN,NaN,842,0,-1.892,-1.327,NaN,NaN,NaN,NaN,NaN,NaN,NaN,NaN,NaN,NaN,NaN
3000,56,6842.000,-1.062,41.398,-0.133,0.379,NaN,NaN,842,0,-2.483,-1.327,NaN,NaN,NaN,NaN,NaN,NaN,NaN,NaN,NaN,NaN,NaN
3001,564,6842.000,22.029,-3.522,0.050,-0.138,0.543,NaN,842,0,0.748,-1.316,816.000,200.000,856.000,282.000,NaN,NaN,NaN,NaN,NaN,NaN,NaN
3002,620,6842.000,22.080,-3.587,0.088,-0.046,0.052,NaN,842,0,-1.474,-1.317,816.000,200.000,859.000,342.000,NaN,NaN,NaN,NaN,NaN,NaN,NaN
3003,641,6842.000,41.658,19.609,0.123,0.077,NaN,NaN,842,0,4.120,1.506,NaN,NaN,NaN,NaN,NaN,NaN,NaN,NaN,NaN,NaN,NaN
3004,707,6842.000,15.154,-0.137,0.132,-0.065,0.870,0.994,842,0,4.394,2.197,611.000,204.000,659.000,359.000,15.100,-0.130,-1.260,0.950,0.480,1.810,3.047
3005,719,6842.000,42.629,-16.676,0.152,-0.020,0.712,NaN,842,0,2.046,-1.307,1126.000,195.000,1151.000,255.000,NaN,NaN,NaN,NaN,NaN,NaN,NaN
3006,4,6843.000,-47.699,-15.934,-0.620,-0.204,NaN,NaN,843,0,-0.608,-1.327,NaN,NaN,NaN,NaN,NaN,NaN,NaN,NaN,NaN,NaN,NaN
3007,56,6843.000,-1.195,41.776,-0.132,0.378,NaN,NaN,843,0,-1.955,-1.327,NaN,NaN,NaN,NaN,NaN,NaN,NaN,NaN,NaN,NaN,NaN
3008,564,6843.000,22.079,-3.660,0.050,-0.137,NaN,NaN,843,0,-2.634,-1.317,NaN,NaN,NaN,NaN,NaN,NaN,NaN,NaN,NaN,NaN,NaN
3009,620,6843.000,22.185,-3.629,0.088,-0.046,0.693,NaN,843,0,2.173,-1.313,821.000,200.000,856.000,282.000,NaN,NaN,NaN,NaN,NaN,NaN,NaN
3010,641,6843.000,41.780,19.685,0.122,0.077,NaN,NaN,843,0,-2.654,-1.327,NaN,NaN,NaN,NaN,NaN,NaN,NaN,NaN,NaN,NaN,NaN
3011,707,6843.000,15.308,-0.209,0.137,-0.068,0.837,0.838,843,0,4.394,2.197,618.000,210.000,666.000,343.000,15.330,-0.210,-1.300,0.820,0.530,1.740,-0.138
3012,719,6843.000,42.712,-16.679,0.147,-0.019,0.045,NaN,843,0,-2.926,-1.306,1125.000,195.000,1150.000,229.000,NaN,NaN,NaN,NaN,NaN,NaN,NaN
3013,4,6844.000,-48.319,-16.139,-0.620,-0.205,NaN,NaN,844,0,-1.955,-1.327,NaN,NaN,NaN,NaN,NaN,NaN,NaN,NaN,NaN,NaN,NaN
3014,56,6844.000,-1.327,42.154,-0.132,0.378,NaN,NaN,844,0,-1.937,-1.327,NaN,NaN,NaN,NaN,NaN,NaN,NaN,NaN,NaN,NaN,NaN
3015,564,6844.000,22.106,-3.702,0.044,-0.118,0.028,NaN,844,0,-2.498,-1.305,829.000,202.000,855.000,278.000,NaN,NaN,NaN,NaN,NaN,NaN,NaN
3016,620,6844.000,22.280,-3.705,0.089,-0.053,0.370,NaN,844,0,-0.365,-1.311,824.000,188.000,865.000,285.000,NaN,NaN,NaN,NaN,NaN,NaN,NaN
3017,641,6844.000,41.900,19.761,0.120,0.076,NaN,NaN,844,0,-2.972,-1.327,NaN,NaN,NaN,NaN,NaN,NaN,NaN,NaN,NaN,NaN,NaN
3018,707,6844.000,15.445,-0.295,0.137,-0.073,0.735,NaN,844,0,3.014,-1.327,626.000,213.000,671.000,349.000,NaN,NaN,NaN,NaN,NaN,NaN,NaN
3019,719,6844.000,43.003,-16.772,0.151,-0.024,0.597,NaN,844,0,1.024,-1.306,1123.000,195.000,1153.000,257.000,NaN,NaN,NaN,NaN,NaN,NaN,NaN
3020,4,6845.000,-48.938,-16.342,-0.619,-0.203,NaN,NaN,845,0,-1.248,-1.327,NaN,NaN,NaN,NaN,NaN,NaN,NaN,NaN,NaN,NaN,NaN
3021,564,6845.000,22.160,-3.804,0.047,-0.114,0.084,NaN,845,0,-1.714,-1.304,830.000,184.000,865.000,281.000,NaN,NaN,NaN,NaN,NaN,NaN,NaN
3022,620,6845.000,22.370,-3.758,0.089,-0.054,NaN,NaN,845,0,-2.364,-1.305,NaN,NaN,NaN,NaN,NaN,NaN,NaN,NaN,NaN,NaN,NaN
3023,641,6845.000,42.021,19.837,0.121,0.076,NaN,NaN,845,0,-1.835,-1.327,NaN,NaN,NaN,NaN,NaN,NaN,NaN,NaN,NaN,NaN,NaN
3024,707,6845.000,15.541,-0.362,0.126,-0.072,0.861,0.875,845,0,4.450,2.225,632.000,212.000,673.000,355.000,15.520,-0.340,-1.290,0.900,0.610,1.740,-0.139
3025,719,6845.000,43.745,-17.044,0.170,-0.033,0.027,NaN,845,0,-3.048,-1.305,1124.000,195.000,1151.000,225.000,NaN,NaN,NaN,NaN,NaN,NaN,NaN
3026,4,6846.000,-49.557,-16.546,-0.619,-0.204,NaN,NaN,846,0,-0.804,-1.327,NaN,NaN,NaN,NaN,NaN,NaN,NaN,NaN,NaN,NaN,NaN
3027,564,6846.000,22.125,-3.867,0.030,-0.102,0.486,0.028,846,0,0.647,-1.290,827.000,203.000,868.000,281.000,22.130,-3.780,-1.240,0.730,0.570,1.800,-0.558
3028,620,6846.000,22.457,-3.813,0.088,-0.055,NaN,NaN,846,0,-0.593,-1.226,NaN,NaN,NaN,NaN,NaN,NaN,NaN,NaN,NaN,NaN,NaN
3029,641,6846.000,42.142,19.914,0.121,0.077,NaN,NaN,846,0,-1.892,-1.327,NaN,NaN,NaN,NaN,NaN,NaN,NaN,NaN,NaN,NaN,NaN
3030,707,6846.000,15.703,-0.438,0.135,-0.072,0.844,0.809,846,0,4.450,2.209,643.000,210.000,681.000,334.000,15.760,-0.450,-1.260,0.800,0.630,1.620,-0.558
3031,719,6846.000,43.915,-17.076,0.170,-0.033,NaN,NaN,846,0,-1.885,-1.304,NaN,NaN,NaN,NaN,NaN,NaN,NaN,NaN,NaN,NaN,NaN
3032,4,6847.000,-50.175,-16.751,-0.618,-0.205,NaN,NaN,847,0,-0.959,-1.327,NaN,NaN,NaN,NaN,NaN,NaN,NaN,NaN,NaN,NaN,NaN
3033,564,6847.000,22.154,-3.969,0.029,-0.102,NaN,NaN,847,0,-0.975,-1.298,NaN,NaN,NaN,NaN,NaN,NaN,NaN,NaN,NaN,NaN,NaN
3034,620,6847.000,22.558,-3.882,0.089,-0.058,0.684,NaN,847,0,2.039,-1.306,830.000,202.000,870.000,287.000,NaN,NaN,NaN,NaN,NaN,NaN,NaN
3035,641,6847.000,42.263,19.991,0.122,0.077,NaN,NaN,847,0,-1.642,-1.327,NaN,NaN,NaN,NaN,NaN,NaN,NaN,NaN,NaN,NaN,NaN
3036,707,6847.000,15.835,-0.534,0.135,-0.078,0.807,NaN,847,0,4.186,-1.325,647.000,210.000,688.000,329.000,NaN,NaN,NaN,NaN,NaN,NaN,NaN
3037,719,6847.000,44.583,-17.312,0.182,-0.039,0.705,NaN,847,0,2.128,-1.302,1121.000,194.000,1149.000,256.000,NaN,NaN,NaN,NaN,NaN,NaN,NaN
3038,4,6848.000,-50.792,-16.957,-0.617,-0.205,NaN,NaN,848,0,-0.282,-1.568,NaN,NaN,NaN,NaN,NaN,NaN,NaN,NaN,NaN,NaN,NaN
3039,564,6848.000,22.184,-4.071,0.030,-0.102,NaN,NaN,848,0,-1.169,-1.284,NaN,NaN,NaN,NaN,NaN,NaN,NaN,NaN,NaN,NaN,NaN
3040,620,6848.000,22.671,-3.946,0.091,-0.059,0.590,NaN,848,0,1.124,-1.303,834.000,190.000,872.000,288.000,NaN,NaN,NaN,NaN,NaN,NaN,NaN
3041,641,6848.000,42.387,20.069,0.123,0.078,NaN,NaN,848,0,-1.598,-1.327,NaN,NaN,NaN,NaN,NaN,NaN,NaN,NaN,NaN,NaN,NaN
3042,707,6848.000,15.945,-0.590,0.126,-0.071,0.697,0.957,848,0,2.731,2.225,648.000,210.000,692.000,333.000,15.920,-0.540,-1.270,0.860,0.520,1.740,-0.597
3043,719,6848.000,42.961,-16.977,0.116,-0.081,0.207,NaN,848,0,-1.568,-1.301,1140.000,189.000,1156.000,221.000,NaN,NaN,NaN,NaN,NaN,NaN,NaN
3044,827,6848.000,31.570,-12.290,0.000,0.000,0.683,0.134,848,0,-0.282,-1.567,1121.000,194.000,1149.000,257.000,31.570,-12.290,-1.080,0.880,0.480,1.800,2.154
3045,4,6849.000,-51.408,-17.161,-0.617,-0.205,NaN,NaN,849,0,-0.414,-1.327,NaN,NaN,NaN,NaN,NaN,NaN,NaN,NaN,NaN,NaN,NaN
3046,564,6849.000,22.214,-4.172,0.029,-0.102,NaN,NaN,849,0,-2.145,-0.711,NaN,NaN,NaN,NaN,NaN,NaN,NaN,NaN,NaN,NaN,NaN
3047,620,6849.000,22.762,-4.004,0.092,-0.059,NaN,NaN,849,0,-1.568,-1.302,NaN,NaN,NaN,NaN,NaN,NaN,NaN,NaN,NaN,NaN,NaN
3048,641,6849.000,42.509,20.147,0.122,0.078,NaN,NaN,849,0,-3.178,-1.327,NaN,NaN,NaN,NaN,NaN,NaN,NaN,NaN,NaN,NaN,NaN
3049,707,6849.000,16.108,-0.675,0.133,-0.076,0.716,0.863,849,0,3.014,2.225,663.000,212.000,700.000,316.000,16.140,-0.700,-1.300,0.590,0.680,1.660,-0.860
3050,719,6849.000,42.544,-16.885,0.102,-0.084,0.360,NaN,849,0,-0.583,-1.316,1138.000,190.000,1156.000,258.000,NaN,NaN,NaN,NaN,NaN,NaN,NaN
3051,827,6849.000,31.526,-12.253,-0.012,0.018,0.675,0.237,849,0,-0.132,-1.148,1120.000,194.000,1149.000,257.000,31.490,-12.230,-1.000,1.780,0.600,1.780,2.374
3052,4,6850.000,-52.159,-17.687,-0.620,-0.229,0.037,NaN,850,0,-2.972,-1.327,158.000,205.000,177.000,238.000,NaN,NaN,NaN,NaN,NaN,NaN,NaN
3053,564,6850.000,22.242,-4.274,0.029,-0.102,NaN,NaN,850,0,-2.032,-1.296,NaN,NaN,NaN,NaN,NaN,NaN,NaN,NaN,NaN,NaN,NaN
3054,620,6850.000,22.856,-4.077,0.091,-0.061,0.643,NaN,850,0,1.407,-1.298,843.000,195.000,874.000,274.000,NaN,NaN,NaN,NaN,NaN,NaN,NaN
3055,641,6850.000,42.631,20.224,0.121,0.078,NaN,NaN,850,0,-1.354,-1.327,NaN,NaN,NaN,NaN,NaN,NaN,NaN,NaN,NaN,NaN,NaN
3056,707,6850.000,16.239,-0.781,0.132,-0.086,0.625,NaN,850,0,1.640,-1.317,669.000,211.000,708.000,323.000,NaN,NaN,NaN,NaN,NaN,NaN,NaN
3057,719,6850.000,43.166,-17.163,0.122,-0.088,0.363,NaN,850,0,-0.584,-1.318,1137.000,190.000,1155.000,253.000,NaN,NaN,NaN,NaN,NaN,NaN,NaN
3058,827,6850.000,31.531,-12.216,-0.004,0.025,0.654,NaN,850,0,1.281,-1.326,1120.000,193.000,1147.000,253.000,NaN,NaN,NaN,NaN,NaN,NaN,NaN
3059,4,6851.000,-52.779,-17.917,-0.620,-0.229,NaN,NaN,851,0,-1.208,-1.327,NaN,NaN,NaN,NaN,NaN,NaN,NaN,NaN,NaN,NaN,NaN
3060,564,6851.000,22.271,-4.376,0.029,-0.102,NaN,NaN,851,0,-1.975,-1.299,NaN,NaN,NaN,NaN,NaN,NaN,NaN,NaN,NaN,NaN,NaN
3061,620,6851.000,22.931,-4.125,0.090,-0.059,0.642,NaN,851,0,1.407,-1.292,844.000,199.000,875.000,273.000,NaN,NaN,NaN,NaN,NaN,NaN,NaN
3062,641,6851.000,42.750,20.303,0.120,0.078,NaN,NaN,851,0,-2.822,-1.327,NaN,NaN,NaN,NaN,NaN,NaN,NaN,NaN,NaN,NaN,NaN
3063,707,6851.000,16.376,-0.859,0.132,-0.085,0.753,0.756,851,0,3.497,1.832,671.000,209.000,713.000,311.000,16.390,-0.850,-1.230,0.680,0.680,1.680,-0.327
3064,719,6851.000,43.809,-17.418,0.147,-0.086,0.458,NaN,851,0,-0.011,-1.319,1136.000,191.000,1154.000,256.000,NaN,NaN,NaN,NaN,NaN,NaN,NaN
3065,827,6851.000,31.408,-12.173,-0.042,0.028,0.662,0.087,851,0,-0.196,-1.565,1119.000,194.000,1148.000,258.000,31.340,-12.220,-1.150,0.730,0.480,1.700,2.272
3066,4,6852.000,-53.398,-18.145,-0.620,-0.228,NaN,NaN,852,0,-1.508,-1.327,NaN,NaN,NaN,NaN,NaN,NaN,NaN,NaN,NaN,NaN,NaN
3067,564,6852.000,22.709,-3.404,0.111,0.055,0.594,0.023,852,0,1.201,-1.362,843.000,201.000,878.000,285.000,22.790,-3.420,-0.920,1.820,0.540,1.760,0.770
3068,620,6852.000,23.021,-4.186,0.091,-0.060,NaN,NaN,852,0,1.348,0.572,NaN,NaN,NaN,NaN,NaN,NaN,NaN,NaN,NaN,NaN,NaN
3069,641,6852.000,42.870,20.381,0.120,0.079,NaN,NaN,852,0,-2.272,-1.327,NaN,NaN,NaN,NaN,NaN,NaN,NaN,NaN,NaN,NaN,NaN
3070,707,6852.000,16.536,-0.922,0.140,-0.080,0.171,0.176,852,0,-0.923,-0.426,705.000,192.000,716.000,216.000,16.590,-0.900,-1.210,1.590,0.550,1.800,-0.372
3071,719,6852.000,43.897,-17.432,0.153,-0.072,0.389,NaN,852,0,-0.430,-1.319,1136.000,190.000,1154.000,258.000,NaN,NaN,NaN,NaN,NaN,NaN,NaN
3072,827,6852.000,31.352,-12.144,-0.039,0.024,0.497,0.051,852,0,-1.107,-1.779,1119.000,194.000,1147.000,260.000,31.320,-12.180,-1.100,0.760,0.610,1.810,-0.064
3073,4,6853.000,-54.281,-18.247,-0.653,-0.199,0.568,NaN,853,0,0.337,-1.327,167.000,204.000,180.000,238.000,NaN,NaN,NaN,NaN,NaN,NaN,NaN
3074,564,6853.000,22.820,-3.349,0.111,0.055,NaN,NaN,853,0,-2.040,-1.316,NaN,NaN,NaN,NaN,NaN,NaN,NaN,NaN,NaN,NaN,NaN
3075,620,6853.000,23.039,-4.157,0.086,-0.039,0.113,NaN,853,0,-1.516,-1.281,837.000,182.000,876.000,280.000,NaN,NaN,NaN,NaN,NaN,NaN,NaN
3076,641,6853.000,46.689,18.386,0.213,-0.048,0.301,NaN,853,0,-0.997,-1.327,86.000,207.000,103.000,251.000,NaN,NaN,NaN,NaN,NaN,NaN,NaN
3077,707,6853.000,16.673,-1.010,0.139,-0.083,0.849,NaN,853,0,4.411,-1.319,681.000,209.000,725.000,328.000,NaN,NaN,NaN,NaN,NaN,NaN,NaN
3078,719,6853.000,44.519,-17.661,0.170,-0.071,0.532,NaN,853,0,0.468,-1.318,1136.000,190.000,1154.000,265.000,NaN,NaN,NaN,NaN,NaN,NaN,NaN
3079,827,6853.000,31.309,-12.138,-0.041,0.019,0.611,NaN,853,0,1.112,-1.326,1120.000,194.000,1149.000,265.000,NaN,NaN,NaN,NaN,NaN,NaN,NaN
3080,4,6854.000,-53.982,-18.382,-0.602,-0.261,0.063,NaN,854,0,-2.640,-1.327,153.000,205.000,167.000,228.000,NaN,NaN,NaN,NaN,NaN,NaN,NaN
3081,564,6854.000,22.944,-3.224,0.113,0.052,0.039,0.983,854,0,-2.557,2.467,838.000,185.000,856.000,262.000,22.900,-3.410,-0.970,0.760,0.570,1.640,-0.512
3082,620,6854.000,23.176,-4.158,0.092,-0.026,0.127,NaN,854,0,-1.423,-1.283,838.000,182.000,875.000,280.000,NaN,NaN,NaN,NaN,NaN,NaN,NaN
3083,641,6854.000,47.143,18.581,0.197,-0.025,0.076,NaN,854,0,-2.156,-1.312,82.000,206.000,101.000,249.000,NaN,NaN,NaN,NaN,NaN,NaN,NaN
3084,707,6854.000,16.789,-1.071,0.136,-0.076,0.857,0.692,854,0,4.496,1.335,685.000,211.000,727.000,328.000,16.780,-1.050,-1.330,0.840,0.560,1.830,-0.105
3085,719,6854.000,45.385,-17.987,0.192,-0.074,0.145,NaN,854,0,-1.790,-1.317,1135.000,190.000,1154.000,233.000,NaN,NaN,NaN,NaN,NaN,NaN,NaN
3086,827,6854.000,31.190,-12.043,-0.058,0.034,0.661,0.387,854,0,-0.196,-0.841,1120.000,195.000,1149.000,265.000,31.150,-12.040,-1.030,0.750,0.690,1.680,-0.799
3087,4,6855.000,-55.421,-18.780,-0.618,-0.207,0.519,NaN,855,0,-0.069,-1.327,166.000,204.000,180.000,238.000,NaN,NaN,NaN,NaN,NaN,NaN,NaN
3088,564,6855.000,23.008,-3.291,0.096,0.029,0.763,0.888,855,0,2.951,2.467,809.000,188.000,848.000,272.000,22.920,-3.500,-0.970,0.770,0.520,1.680,-0.590
3089,620,6855.000,23.678,-4.122,0.114,0.006,0.047,NaN,855,0,-2.228,-1.288,845.000,190.000,857.000,262.000,NaN,NaN,NaN,NaN,NaN,NaN,NaN
3090,641,6855.000,47.341,18.555,0.197,-0.026,NaN,NaN,855,0,-2.771,-1.310,NaN,NaN,NaN,NaN,NaN,NaN,NaN,NaN,NaN,NaN,NaN
3091,707,6855.000,16.975,-1.149,0.150,-0.076,0.826,0.692,855,0,4.496,1.335,695.000,212.000,731.000,339.000,17.020,-1.140,-1.350,0.960,0.460,1.770,-0.129
3092,719,6855.000,46.210,-18.309,0.212,-0.080,0.074,NaN,855,0,-2.258,-1.317,1136.000,191.000,1154.000,250.000,NaN,NaN,NaN,NaN,NaN,NaN,NaN
3093,827,6855.000,31.062,-12.002,-0.073,0.034,0.580,0.223,855,0,-0.627,-1.198,1120.000,197.000,1149.000,267.000,31.010,-12.080,-1.120,0.770,0.630,1.760,-0.023
3094,4,6856.000,-56.488,-19.053,-0.624,-0.179,0.648,NaN,856,0,1.020,-1.327,166.000,204.000,180.000,238.000,NaN,NaN,NaN,NaN,NaN,NaN,NaN
3095,564,6856.000,23.104,-3.263,0.096,0.029,NaN,NaN,856,0,-2.780,-1.315,NaN,NaN,NaN,NaN,NaN,NaN,NaN,NaN,NaN,NaN,NaN
3096,620,6856.000,23.870,-4.165,0.115,-0.009,0.164,NaN,856,0,-1.302,-1.304,845.000,181.000,875.000,279.000,NaN,NaN,NaN,NaN,NaN,NaN,NaN
3097,641,6856.000,48.279,19.189,0.125,0.038,0.361,NaN,856,0,-0.758,-1.308,63.000,208.000,85.000,256.000,NaN,NaN,NaN,NaN,NaN,NaN,NaN
3098,707,6856.000,17.126,-1.259,0.149,-0.086,0.602,NaN,856,0,1.357,-1.324,704.000,210.000,737.000,324.000,NaN,NaN,NaN,NaN,NaN,NaN,NaN
3099,719,6856.000,46.618,-18.399,0.224,-0.068,0.070,NaN,856,0,-2.384,-1.262,1122.000,194.000,1151.000,231.000,NaN,NaN,NaN,NaN,NaN,NaN,NaN
3100,827,6856.000,30.966,-12.014,-0.077,0.023,0.625,NaN,856,0,1.305,-1.326,1121.000,193.000,1152.000,270.000,NaN,NaN,NaN,NaN,NaN,NaN,NaN
3101,4,6857.000,-57.264,-19.257,-0.622,-0.171,0.608,NaN,857,0,0.651,-1.327,166.000,204.000,179.000,238.000,NaN,NaN,NaN,NaN,NaN,NaN,NaN
3102,564,6857.000,23.063,-3.458,0.073,0.027,0.802,0.774,857,0,3.458,1.527,813.000,189.000,849.000,273.000,23.020,-3.510,-0.970,0.850,0.530,1.750,-0.492
3103,620,6857.000,23.906,-4.207,0.108,-0.027,0.471,NaN,857,0,0.237,-1.305,845.000,185.000,877.000,281.000,NaN,NaN,NaN,NaN,NaN,NaN,NaN
3104,641,6857.000,48.404,19.227,0.125,0.038,NaN,NaN,857,0,-0.946,-1.284,NaN,NaN,NaN,NaN,NaN,NaN,NaN,NaN,NaN,NaN,NaN
3105,707,6857.000,17.207,-1.317,0.131,-0.074,0.702,0.431,857,0,2.800,0.206,706.000,208.000,740.000,328.000,17.170,-1.260,-1.240,0.850,0.460,1.720,2.381
3106,719,6857.000,47.109,-18.510,0.232,-0.055,0.072,NaN,857,0,-2.293,-1.214,1123.000,197.000,1151.000,226.000,NaN,NaN,NaN,NaN,NaN,NaN,NaN
3107,827,6857.000,30.892,-12.015,-0.077,0.017,0.556,0.071,857,0,-0.757,-1.652,1121.000,195.000,1152.000,270.000,30.890,-12.100,-1.380,0.780,0.670,1.800,-0.312
3108,4,6858.000,-58.028,-19.499,-0.624,-0.179,0.582,NaN,858,0,0.413,-1.327,164.000,204.000,179.000,238.000,NaN,NaN,NaN,NaN,NaN,NaN,NaN
3109,564,6858.000,23.097,-3.507,0.071,0.026,0.756,0.035,858,0,2.951,-1.342,815.000,189.000,848.000,278.000,23.070,-3.610,-1.040,0.700,0.520,1.720,0.005
3110,620,6858.000,23.768,-4.256,0.092,-0.046,0.433,NaN,858,0,-0.046,-1.303,847.000,196.000,882.000,281.000,NaN,NaN,NaN,NaN,NaN,NaN,NaN
3111,641,6858.000,48.529,19.266,0.124,0.038,NaN,NaN,858,0,-3.230,-1.292,NaN,NaN,NaN,NaN,NaN,NaN,NaN,NaN,NaN,NaN,NaN
3112,707,6858.000,17.360,-1.380,0.136,-0.070,0.836,0.982,858,0,4.496,2.248,711.000,210.000,746.000,324.000,17.400,-1.350,-1.250,0.890,0.450,1.740,2.566
3113,719,6858.000,47.804,-18.732,0.244,-0.056,0.031,NaN,858,0,-2.580,-1.104,1125.000,191.000,1152.000,229.000,NaN,NaN,NaN,NaN,NaN,NaN,NaN
3114,827,6858.000,30.852,-11.988,-0.070,0.020,0.745,0.043,858,0,0.652,-1.839,1123.000,190.000,1153.000,271.000,30.920,-11.970,-1.280,0.770,0.640,1.670,0.092
3115,4,6859.000,-58.764,-19.725,-0.628,-0.182,0.657,NaN,859,0,1.114,-1.327,165.000,204.000,180.000,238.000,NaN,NaN,NaN,NaN,NaN,NaN,NaN
3116,564,6859.000,23.168,-3.481,0.072,0.027,NaN,NaN,859,0,-1.924,-1.318,NaN,NaN,NaN,NaN,NaN,NaN,NaN,NaN,NaN,NaN,NaN
3117,620,6859.000,23.779,-4.341,0.083,-0.057,0.473,NaN,859,0,0.237,-1.291,848.000,199.000,884.000,284.000,NaN,NaN,NaN,NaN,NaN,NaN,NaN
3118,707,6859.000,17.496,-1.454,0.136,-0.072,0.860,NaN,859,0,4.285,-1.326,712.000,212.000,751.000,336.000,NaN,NaN,NaN,NaN,NaN,NaN,NaN
3119,719,6859.000,48.047,-18.787,0.243,-0.056,NaN,NaN,859,0,-0.910,-0.430,NaN,NaN,NaN,NaN,NaN,NaN,NaN,NaN,NaN,NaN,NaN
3120,827,6859.000,30.768,-11.997,-0.072,0.011,0.759,NaN,859,0,3.077,-1.326,1124.000,193.000,1153.000,271.000,NaN,NaN,NaN,NaN,NaN,NaN,NaN
3121,4,6860.000,-59.394,-19.909,-0.630,-0.184,NaN,NaN,860,0,-2.972,-1.327,NaN,NaN,NaN,NaN,NaN,NaN,NaN,NaN,NaN,NaN,NaN
3122,564,6860.000,23.201,-3.541,0.061,0.004,0.683,0.997,860,0,1.878,2.467,818.000,189.000,849.000,285.000,23.160,-3.640,-1.000,0.790,0.540,1.720,-0.272
3123,620,6860.000,23.898,-4.416,0.084,-0.061,0.610,NaN,860,0,1.298,-1.286,848.000,199.000,885.000,284.000,NaN,NaN,NaN,NaN,NaN,NaN,NaN
3124,707,6860.000,17.589,-1.495,0.126,-0.062,0.852,0.952,860,0,4.523,2.261,717.000,213.000,755.000,336.000,17.570,-1.460,-1.360,0.830,0.600,1.710,-0.500
3125,719,6860.000,49.160,-19.231,0.261,-0.073,0.030,NaN,860,0,-0.654,-0.280,1125.000,190.000,1155.000,226.000,NaN,NaN,NaN,NaN,NaN,NaN,NaN
3126,827,6860.000,30.737,-12.025,-0.061,0.004,0.692,0.021,860,0,0.037,-1.901,1123.000,190.000,1155.000,270.000,30.810,-12.090,-1.140,0.820,0.640,1.760,0.594
3127,4,6861.000,-60.024,-20.095,-0.630,-0.186,NaN,NaN,861,0,2.546,-1.158,NaN,NaN,NaN,NaN,NaN,NaN,NaN,NaN,NaN,NaN,NaN
3128,564,6861.000,23.242,-3.583,0.054,-0.010,0.751,0.994,861,0,2.855,2.467,819.000,188.000,851.000,289.000,23.200,-3.660,-1.000,0.900,0.490,1.820,-0.383
3129,620,6861.000,23.932,-4.501,0.076,-0.067,0.390,NaN,861,0,-0.422,-1.295,858.000,199.000,886.000,267.000,NaN,NaN,NaN,NaN,NaN,NaN,NaN
3130,707,6861.000,17.732,-1.580,0.129,-0.068,0.864,0.050,861,0,4.523,-1.034,723.000,211.000,764.000,329.000,17.760,-1.610,-1.260,1.750,0.550,1.890,-0.170
3131,719,6861.000,49.650,-19.400,0.267,-0.076,0.008,NaN,861,0,-0.671,-0.305,1121.000,199.000,1155.000,248.000,NaN,NaN,NaN,NaN,NaN,NaN,NaN
3132,827,6861.000,30.677,-12.027,-0.060,0.002,0.026,NaN,861,0,-3.098,-1.326,1124.000,190.000,1156.000,226.000,NaN,NaN,NaN,NaN,NaN,NaN,NaN
3133,4,6862.000,-60.848,-20.479,-0.631,-0.213,0.653,NaN,862,0,1.020,-1.327,164.000,204.000,177.000,238.000,NaN,NaN,NaN,NaN,NaN,NaN,NaN
3134,564,6862.000,23.282,-3.717,0.046,-0.049,0.521,NaN,862,0,0.579,-1.319,823.000,187.000,853.000,281.000,NaN,NaN,NaN,NaN,NaN,NaN,NaN
3135,620,6862.000,24.158,-4.586,0.082,-0.067,0.316,NaN,862,0,-0.764,-1.304,856.000,198.000,888.000,268.000,NaN,NaN,NaN,NaN,NaN,NaN,NaN
3136,707,6862.000,17.858,-1.675,0.129,-0.075,0.882,NaN,862,0,4.411,-1.324,727.000,208.000,770.000,317.000,NaN,NaN,NaN,NaN,NaN,NaN,NaN
3137,719,6862.000,49.919,-19.475,0.268,-0.075,NaN,NaN,862,0,-0.614,-0.274,NaN,NaN,NaN,NaN,NaN,NaN,NaN,NaN,NaN,NaN,NaN
3138,827,6862.000,30.616,-12.026,-0.061,0.001,0.603,NaN,862,0,1.024,-1.326,1124.000,195.000,1157.000,271.000,NaN,NaN,NaN,NaN,NaN,NaN,NaN
3139,4,6863.000,-61.786,-20.831,-0.635,-0.222,0.606,NaN,863,0,0.651,-1.327,163.000,203.000,177.000,238.000,NaN,NaN,NaN,NaN,NaN,NaN,NaN
3140,564,6863.000,23.321,-3.754,0.045,-0.047,0.500,0.959,863,0,0.572,2.467,823.000,183.000,858.000,278.000,23.310,-3.760,-0.980,0.830,0.560,1.660,-0.178
3141,620,6863.000,24.240,-4.652,0.082,-0.067,NaN,NaN,863,0,-4.064,-2.694,NaN,NaN,NaN,NaN,NaN,NaN,NaN,NaN,NaN,NaN,NaN
3142,707,6863.000,17.944,-1.699,0.118,-0.060,0.828,0.934,863,0,4.523,2.261,729.000,210.000,772.000,327.000,17.900,-1.650,-1.230,1.070,0.640,1.860,2.761
3143,719,6863.000,50.766,-19.856,0.285,-0.093,0.499,NaN,863,0,0.026,-0.236,1124.000,188.000,1158.000,242.000,NaN,NaN,NaN,NaN,NaN,NaN,NaN
3144,827,6863.000,30.560,-12.015,-0.060,0.003,0.044,NaN,863,0,-2.184,-1.326,1123.000,187.000,1157.000,274.000,NaN,NaN,NaN,NaN,NaN,NaN,NaN
3145,4,6864.000,-62.615,-21.139,-0.637,-0.229,0.642,NaN,864,0,0.927,-1.327,162.000,203.000,177.000,238.000,NaN,NaN,NaN,NaN,NaN,NaN,NaN
3146,564,6864.000,23.394,-3.781,0.051,-0.042,0.672,0.642,864,0,1.773,0.767,825.000,185.000,858.000,285.000,23.430,-3.790,-0.980,0.750,0.580,1.640,-0.303
3147,620,6864.000,24.345,-4.381,0.095,0.017,0.029,NaN,864,0,-1.670,-1.305,820.000,184.000,858.000,343.000,NaN,NaN,NaN,NaN,NaN,NaN,NaN
3148,707,6864.000,18.118,-1.771,0.132,-0.064,0.866,0.013,864,0,4.523,-1.266,733.000,210.000,775.000,317.000,18.180,-1.780,-1.330,1.720,0.610,1.790,-0.149
3149,719,6864.000,51.384,-20.213,0.293,-0.120,0.146,NaN,864,0,-0.463,-0.317,1133.000,197.000,1156.000,229.000,NaN,NaN,NaN,NaN,NaN,NaN,NaN
3150,827,6864.000,30.503,-12.011,-0.057,0.005,NaN,NaN,864,0,-3.097,-1.325,NaN,NaN,NaN,NaN,NaN,NaN,NaN,NaN,NaN,NaN,NaN
3151,4,6865.000,-63.384,-21.418,-0.638,-0.229,0.524,NaN,865,0,-0.069,-1.327,162.000,203.000,177.000,238.000,NaN,NaN,NaN,NaN,NaN,NaN,NaN
3152,564,6865.000,23.433,-3.857,0.047,-0.050,0.778,NaN,865,0,3.620,-1.319,826.000,186.000,857.000,284.000,NaN,NaN,NaN,NaN,NaN,NaN,NaN
3153,620,6865.000,24.440,-4.365,0.095,0.016,NaN,NaN,865,0,-2.346,-1.293,NaN,NaN,NaN,NaN,NaN,NaN,NaN,NaN,NaN,NaN,NaN
3154,707,6865.000,18.250,-1.865,0.130,-0.072,0.853,NaN,865,0,4.411,-1.319,740.000,212.000,778.000,323.000,NaN,NaN,NaN,NaN,NaN,NaN,NaN
3155,719,6865.000,49.846,-19.940,0.210,-0.152,0.063,NaN,865,0,-0.822,-0.413,1147.000,192.000,1162.000,213.000,NaN,NaN,NaN,NaN,NaN,NaN,NaN
3156,827,6865.000,30.448,-12.006,-0.055,0.004,NaN,NaN,865,0,-2.651,-1.325,NaN,NaN,NaN,NaN,NaN,NaN,NaN,NaN,NaN,NaN,NaN
3157,4,6866.000,-64.218,-21.702,-0.647,-0.230,0.479,NaN,866,0,-0.301,-1.327,163.000,203.000,177.000,238.000,NaN,NaN,NaN,NaN,NaN,NaN,NaN
3158,564,6866.000,23.526,-3.879,0.056,-0.043,0.783,0.971,866,0,2.841,2.843,826.000,186.000,857.000,276.000,23.570,-3.830,-0.940,0.690,0.750,1.560,-0.358
3159,620,6866.000,24.533,-4.347,0.094,0.018,NaN,NaN,866,0,-2.581,-1.297,NaN,NaN,NaN,NaN,NaN,NaN,NaN,NaN,NaN,NaN,NaN
3160,707,6866.000,18.373,-1.927,0.126,-0.071,0.829,0.368,866,0,4.523,0.015,745.000,211.000,778.000,318.000,18.380,-1.920,-1.310,0.750,0.630,1.700,-0.628
3161,719,6866.000,52.846,-21.001,0.300,-0.148,0.038,NaN,866,0,-2.954,-1.233,1139.000,198.000,1149.000,207.000,NaN,NaN,NaN,NaN,NaN,NaN,NaN
3162,827,6866.000,30.392,-12.003,-0.056,0.004,NaN,NaN,866,0,-2.650,-1.325,NaN,NaN,NaN,NaN,NaN,NaN,NaN,NaN,NaN,NaN,NaN
3163,4,6867.000,-65.000,-21.981,-0.649,-0.233,0.419,NaN,867,0,-0.665,-1.327,162.000,203.000,177.000,238.000,NaN,NaN,NaN,NaN,NaN,NaN,NaN
3164,564,6867.000,23.579,-3.916,0.054,-0.043,0.791,0.800,867,0,2.962,1.550,828.000,187.000,857.000,280.000,23.580,-3.880,-0.950,0.780,0.640,1.730,-1.156
3165,620,6867.000,24.626,-4.329,0.093,0.017,NaN,NaN,867,0,-3.041,-1.302,NaN,NaN,NaN,NaN,NaN,NaN,NaN,NaN,NaN,NaN,NaN
3166,707,6867.000,18.496,-2.014,0.126,-0.075,0.690,NaN,867,0,2.308,-1.309,750.000,208.000,782.000,325.000,NaN,NaN,NaN,NaN,NaN,NaN,NaN
3167,719,6867.000,53.147,-21.148,0.300,-0.148,NaN,NaN,867,0,-3.800,-1.546,NaN,NaN,NaN,NaN,NaN,NaN,NaN,NaN,NaN,NaN,NaN
3168,827,6867.000,30.337,-11.999,-0.055,0.004,NaN,NaN,867,0,-2.650,-1.325,NaN,NaN,NaN,NaN,NaN,NaN,NaN,NaN,NaN,NaN,NaN
3169,4,6868.000,-65.676,-22.158,-0.657,-0.217,0.373,NaN,868,0,-0.905,-1.327,166.000,204.000,178.000,238.000,NaN,NaN,NaN,NaN,NaN,NaN,NaN
3170,564,6868.000,23.636,-3.956,0.056,-0.042,0.764,NaN,868,0,3.236,-1.311,829.000,185.000,858.000,281.000,NaN,NaN,NaN,NaN,NaN,NaN,NaN
3171,620,6868.000,24.717,-4.311,0.092,0.019,NaN,NaN,868,0,-1.922,-1.304,NaN,NaN,NaN,NaN,NaN,NaN,NaN,NaN,NaN,NaN,NaN
3172,707,6868.000,18.620,-2.114,0.124,-0.081,0.733,NaN,868,0,2.756,-1.302,758.000,209.000,789.000,296.000,NaN,NaN,NaN,NaN,NaN,NaN,NaN
3173,719,6868.000,53.446,-21.297,0.299,-0.149,NaN,NaN,868,0,-2.586,-1.154,NaN,NaN,NaN,NaN,NaN,NaN,NaN,NaN,NaN,NaN,NaN
3174,827,6868.000,30.283,-11.995,-0.054,0.003,NaN,NaN,868,0,-2.650,-1.325,NaN,NaN,NaN,NaN,NaN,NaN,NaN,NaN,NaN,NaN,NaN
3175,4,6869.000,-66.336,-22.374,-0.657,-0.216,NaN,NaN,869,0,-2.404,-1.327,NaN,NaN,NaN,NaN,NaN,NaN,NaN,NaN,NaN,NaN,NaN
3176,564,6869.000,23.686,-3.975,0.053,-0.037,0.766,0.667,869,0,2.738,0.763,829.000,186.000,858.000,281.000,23.680,-3.940,-0.950,1.700,0.600,1.740,-1.506
3177,620,6869.000,24.809,-4.294,0.092,0.016,NaN,NaN,869,0,-3.053,-1.307,NaN,NaN,NaN,NaN,NaN,NaN,NaN,NaN,NaN,NaN,NaN
3178,707,6869.000,18.741,-2.182,0.123,-0.075,0.611,NaN,869,0,0.895,-1.291,760.000,212.000,791.000,272.000,NaN,NaN,NaN,NaN,NaN,NaN,NaN
3179,719,6869.000,53.588,-21.279,0.304,-0.123,0.448,NaN,869,0,-0.427,-1.182,1131.000,198.000,1153.000,226.000,NaN,NaN,NaN,NaN,NaN,NaN,NaN
3180,827,6869.000,30.229,-11.991,-0.054,0.004,NaN,NaN,869,0,-3.517,-1.739,NaN,NaN,NaN,NaN,NaN,NaN,NaN,NaN,NaN,NaN,NaN
3181,4,6870.000,-66.991,-22.591,-0.657,-0.217,NaN,NaN,870,0,1.525,-0.854,NaN,NaN,NaN,NaN,NaN,NaN,NaN,NaN,NaN,NaN,NaN
3182,564,6870.000,23.721,-3.963,0.050,-0.022,0.779,0.999,870,0,2.841,2.843,830.000,185.000,859.000,281.000,23.690,-3.870,-0.930,0.790,0.550,1.620,-0.252
3183,620,6870.000,24.901,-4.277,0.092,0.017,NaN,NaN,870,0,-1.969,-1.308,NaN,NaN,NaN,NaN,NaN,NaN,NaN,NaN,NaN,NaN,NaN
3184,707,6870.000,18.938,-2.291,0.137,-0.085,0.056,0.437,870,0,-1.889,0.247,765.000,212.000,803.000,340.000,18.960,-2.340,-1.370,0.760,0.660,1.800,-0.399
3185,719,6870.000,53.893,-21.404,0.305,-0.124,NaN,NaN,870,0,2.746,-1.087,NaN,NaN,NaN,NaN,NaN,NaN,NaN,NaN,NaN,NaN,NaN
3186,827,6870.000,30.734,-12.095,0.003,0.000,0.655,0.011,870,0,-0.196,-1.910,1125.000,198.000,1156.000,270.000,30.850,-12.070,-1.130,0.810,0.690,1.580,1.790
3187,853,6870.000,23.510,-4.310,0.000,0.000,0.672,0.128,870,0,1.525,-0.829,860.000,198.000,891.000,278.000,23.510,-4.310,-1.160,0.760,0.530,1.850,-0.338
3188,4,6871.000,-67.651,-22.808,-0.658,-0.217,NaN,NaN,871,0,-2.998,-1.327,NaN,NaN,NaN,NaN,NaN,NaN,NaN,NaN,NaN,NaN,NaN
3189,564,6871.000,23.769,-4.011,0.049,-0.028,0.784,NaN,871,0,3.620,-1.309,830.000,186.000,862.000,283.000,NaN,NaN,NaN,NaN,NaN,NaN,NaN
3190,620,6871.000,23.036,-3.122,0.054,0.122,0.700,NaN,871,0,1.890,-1.310,769.000,210.000,806.000,266.000,NaN,NaN,NaN,NaN,NaN,NaN,NaN
3191,707,6871.000,19.072,-2.384,0.137,-0.090,0.066,NaN,871,0,-1.763,-1.284,769.000,210.000,806.000,302.000,NaN,NaN,NaN,NaN,NaN,NaN,NaN
3192,719,6871.000,54.436,-21.512,0.313,-0.098,0.047,NaN,871,0,-2.299,-1.087,1120.000,198.000,1154.000,230.000,NaN,NaN,NaN,NaN,NaN,NaN,NaN
3193,827,6871.000,30.764,-12.059,0.011,0.004,0.549,NaN,871,0,0.639,-1.325,1119.000,198.000,1157.000,270.000,NaN,NaN,NaN,NaN,NaN,NaN,NaN
3194,853,6871.000,23.489,-4.456,0.000,-0.041,0.695,NaN,871,0,2.173,-1.287,860.000,197.000,891.000,279.000,NaN,NaN,NaN,NaN,NaN,NaN,NaN
3195,4,6872.000,-68.309,-23.025,-0.659,-0.217,NaN,NaN,872,0,-2.640,-1.327,NaN,NaN,NaN,NaN,NaN,NaN,NaN,NaN,NaN,NaN,NaN
3196,564,6872.000,23.760,-4.037,0.035,-0.026,0.738,0.451,872,0,2.467,-0.004,831.000,184.000,861.000,282.000,23.700,-4.030,-0.970,0.800,0.560,1.700,-1.403
3197,620,6872.000,22.601,-2.915,0.041,0.121,0.566,NaN,872,0,0.573,-1.312,771.000,209.000,809.000,265.000,NaN,NaN,NaN,NaN,NaN,NaN,NaN
3198,707,6872.000,19.187,-2.459,0.136,-0.084,0.114,0.036,872,0,-1.409,-1.121,770.000,208.000,810.000,300.000,19.170,-2.440,-1.280,0.730,0.660,1.770,-0.274
3199,719,6872.000,54.854,-21.575,0.321,-0.084,0.054,NaN,872,0,-1.602,-0.758,1121.000,199.000,1153.000,230.000,NaN,NaN,NaN,NaN,NaN,NaN,NaN
3200,827,6872.000,30.807,-12.043,0.016,0.006,0.547,NaN,872,0,0.639,-1.326,1119.000,199.000,1156.000,269.000,NaN,NaN,NaN,NaN,NaN,NaN,NaN
3201,853,6872.000,23.607,-4.319,0.054,0.050,0.601,0.013,872,0,1.061,-1.426,861.000,197.000,891.000,278.000,23.660,-4.130,-0.960,1.660,0.550,1.710,-1.863
3202,4,6873.000,-68.966,-23.243,-0.657,-0.218,NaN,NaN,873,0,-1.910,-1.999,NaN,NaN,NaN,NaN,NaN,NaN,NaN,NaN,NaN,NaN,NaN
3203,564,6873.000,23.815,-4.025,0.039,-0.013,0.746,0.993,873,0,2.563,2.843,832.000,187.000,861.000,282.000,23.810,-3.940,-0.960,0.810,0.510,1.660,-0.426
3204,620,6873.000,25.128,-3.203,0.093,0.108,0.102,NaN,873,0,-2.376,-1.309,788.000,197.000,795.000,212.000,NaN,NaN,NaN,NaN,NaN,NaN,NaN
3205,707,6873.000,19.319,-2.538,0.134,-0.083,0.799,0.115,873,0,4.425,-0.707,775.000,208.000,815.000,292.000,19.310,-2.550,-1.250,0.740,0.660,1.760,0.014
3206,719,6873.000,55.046,-22.083,0.300,-0.170,0.088,NaN,873,0,-0.695,-0.438,1155.000,187.000,1180.000,228.000,NaN,NaN,NaN,NaN,NaN,NaN,NaN
3207,827,6873.000,30.888,-12.040,0.027,0.005,0.619,0.027,873,0,-0.439,-1.879,1119.000,199.000,1154.000,270.000,30.900,-12.040,-1.130,1.640,0.660,1.740,2.100
3208,853,6873.000,23.616,-4.371,0.040,0.014,0.746,0.033,873,0,2.563,-1.357,860.000,198.000,892.000,279.000,23.590,-4.460,-1.260,0.760,0.570,1.870,-0.528
3209,4,6874.000,-69.621,-23.460,-0.655,-0.217,NaN,NaN,874,0,-2.822,-1.327,NaN,NaN,NaN,NaN,NaN,NaN,NaN,NaN,NaN,NaN,NaN
3210,564,6874.000,23.851,-4.043,0.037,-0.013,0.715,NaN,874,0,2.608,-1.309,832.000,185.000,860.000,282.000,NaN,NaN,NaN,NaN,NaN,NaN,NaN
3211,620,6874.000,24.659,-3.052,0.071,0.091,0.692,NaN,874,0,1.982,-1.314,779.000,210.000,819.000,281.000,NaN,NaN,NaN,NaN,NaN,NaN,NaN
3212,707,6874.000,19.452,-2.617,0.135,-0.082,0.041,NaN,874,0,-1.719,-1.294,779.000,209.000,820.000,340.000,NaN,NaN,NaN,NaN,NaN,NaN,NaN
3213,719,6874.000,55.340,-22.141,0.308,-0.147,0.047,NaN,874,0,-2.674,-1.265,1124.000,198.000,1154.000,229.000,NaN,NaN,NaN,NaN,NaN,NaN,NaN
3214,827,6874.000,30.914,-12.073,0.025,-0.001,0.668,NaN,874,0,1.724,-1.326,1122.000,197.000,1156.000,270.000,NaN,NaN,NaN,NaN,NaN,NaN,NaN
3215,853,6874.000,23.638,-4.462,0.035,-0.019,0.752,NaN,874,0,3.065,-1.298,860.000,197.000,893.000,279.000,NaN,NaN,NaN,NaN,NaN,NaN,NaN
3216,4,6875.000,-70.276,-23.677,-0.656,-0.216,NaN,NaN,875,0,-1.324,-1.327,NaN,NaN,NaN,NaN,NaN,NaN,NaN,NaN,NaN,NaN,NaN
3217,564,6875.000,23.897,-4.053,0.037,-0.011,0.639,0.685,875,0,1.295,0.813,833.000,184.000,858.000,279.000,23.890,-4.030,-0.960,0.790,0.520,1.690,-0.739
3218,620,6875.000,21.875,-2.754,-0.038,0.031,0.608,NaN,875,0,1.112,-1.310,782.000,210.000,820.000,275.000,NaN,NaN,NaN,NaN,NaN,NaN,NaN
3219,707,6875.000,19.548,-2.680,0.126,-0.077,0.074,0.617,875,0,-1.819,0.969,782.000,210.000,821.000,339.000,19.510,-2.640,-1.350,0.680,0.660,1.820,-0.325
3220,827,6875.000,30.936,-12.091,0.025,-0.005,0.664,NaN,875,0,1.613,-1.326,1123.000,197.000,1155.000,270.000,NaN,NaN,NaN,NaN,NaN,NaN,NaN
3221,853,6875.000,23.670,-4.509,0.035,-0.027,0.628,NaN,875,0,1.492,-1.304,861.000,197.000,893.000,280.000,NaN,NaN,NaN,NaN,NaN,NaN,NaN
3222,4,6876.000,-70.932,-23.894,-0.655,-0.218,NaN,NaN,876,0,-2.654,-1.327,NaN,NaN,NaN,NaN,NaN,NaN,NaN,NaN,NaN,NaN,NaN
3223,564,6876.000,23.946,-4.051,0.037,-0.005,0.620,0.964,876,0,1.181,2.843,834.000,185.000,859.000,280.000,23.960,-4.030,-1.040,0.800,0.650,1.700,-0.230
3224,620,6876.000,21.837,-2.723,-0.038,0.031,NaN,NaN,876,0,-2.755,-1.303,NaN,NaN,NaN,NaN,NaN,NaN,NaN,NaN,NaN,NaN,NaN
3225,707,6876.000,19.694,-2.759,0.132,-0.076,0.675,0.122,876,0,2.352,-0.702,789.000,212.000,822.000,273.000,19.710,-2.770,-1.370,0.760,0.650,1.810,-0.909
3226,827,6876.000,30.965,-12.100,0.024,-0.006,0.641,NaN,876,0,1.407,-1.326,1123.000,198.000,1153.000,270.000,NaN,NaN,NaN,NaN,NaN,NaN,NaN
3227,853,6876.000,23.667,-4.496,0.027,-0.017,0.677,0.034,876,0,1.627,-1.372,862.000,197.000,895.000,276.000,23.680,-4.460,-1.140,0.760,0.570,1.760,-0.246
3228,4,6877.000,-71.588,-24.111,-0.655,-0.217,NaN,NaN,877,0,-3.318,-1.327,NaN,NaN,NaN,NaN,NaN,NaN,NaN,NaN,NaN,NaN,NaN
3229,564,6877.000,23.976,-4.095,0.034,-0.015,0.588,NaN,877,0,1.124,-1.309,834.000,187.000,865.000,283.000,NaN,NaN,NaN,NaN,NaN,NaN,NaN
3230,620,6877.000,21.799,-2.694,-0.038,0.029,NaN,NaN,877,0,-2.752,-1.302,NaN,NaN,NaN,NaN,NaN,NaN,NaN,NaN,NaN,NaN,NaN
3231,707,6877.000,19.822,-2.838,0.131,-0.078,0.674,NaN,877,0,1.724,-1.303,797.000,209.000,826.000,282.000,NaN,NaN,NaN,NaN,NaN,NaN,NaN
3232,827,6877.000,31.001,-12.090,0.028,-0.004,0.683,NaN,877,0,1.846,-1.326,1118.000,197.000,1153.000,270.000,NaN,NaN,NaN,NaN,NaN,NaN,NaN
3233,853,6877.000,23.678,-4.560,0.024,-0.032,0.587,NaN,877,0,0.941,-1.303,864.000,197.000,894.000,275.000,NaN,NaN,NaN,NaN,NaN,NaN,NaN
3234,4,6878.000,-72.555,-24.692,-0.655,-0.249,0.088,NaN,878,0,-2.320,-1.327,160.000,203.000,173.000,228.000,NaN,NaN,NaN,NaN,NaN,NaN,NaN
3235,564,6878.000,24.009,-4.096,0.035,-0.012,0.606,NaN,878,0,1.298,-1.307,835.000,183.000,858.000,272.000,NaN,NaN,NaN,NaN,NaN,NaN,NaN
3236,620,6878.000,19.327,-2.715,-0.137,-0.053,0.666,NaN,878,0,1.724,-1.301,800.000,208.000,829.000,277.000,NaN,NaN,NaN,NaN,NaN,NaN,NaN
3237,707,6878.000,19.877,-2.955,0.113,-0.093,0.044,0.013,878,0,-2.329,-1.296,798.000,208.000,832.000,339.000,19.820,-3.050,-1.310,0.770,0.670,1.870,-0.466
3238,827,6878.000,30.860,-12.047,0.006,0.003,0.685,0.016,878,0,-0.058,-1.901,1119.000,197.000,1153.000,271.000,30.810,-12.070,-0.920,0.710,0.660,1.760,2.036
3239,853,6878.000,23.708,-4.602,0.025,-0.034,0.577,NaN,878,0,0.862,-1.302,864.000,197.000,894.000,273.000,NaN,NaN,NaN,NaN,NaN,NaN,NaN
3240,4,6879.000,-72.939,-24.881,-0.643,-0.252,0.119,NaN,879,0,-2.120,-1.327,158.000,204.000,172.000,237.000,NaN,NaN,NaN,NaN,NaN,NaN,NaN
3241,564,6879.000,24.112,-4.099,0.048,-0.008,0.440,0.291,879,0,-0.090,-0.362,837.000,182.000,861.000,277.000,24.170,-4.030,-1.010,0.770,0.660,1.650,-0.388
3242,620,6879.000,19.190,-2.768,-0.137,-0.053,NaN,NaN,879,0,-3.041,-1.301,NaN,NaN,NaN,NaN,NaN,NaN,NaN,NaN,NaN,NaN,NaN
3243,707,6879.000,19.997,-3.023,0.113,-0.084,0.725,0.115,879,0,3.235,-0.743,805.000,208.000,837.000,277.000,20.020,-2.990,-1.340,0.790,0.600,1.740,-0.424
3244,827,6879.000,30.882,-12.030,0.009,0.009,0.725,NaN,879,0,2.434,-1.326,1119.000,198.000,1152.000,271.000,NaN,NaN,NaN,NaN,NaN,NaN,NaN
3245,853,6879.000,23.735,-4.636,0.024,-0.034,0.524,NaN,879,0,0.383,-1.303,864.000,197.000,896.000,274.000,NaN,NaN,NaN,NaN,NaN,NaN,NaN
3246,4,6880.000,-73.582,-25.133,-0.644,-0.252,NaN,NaN,880,0,-2.998,-1.327,NaN,NaN,NaN,NaN,NaN,NaN,NaN,NaN,NaN,NaN,NaN
3247,564,6880.000,24.153,-4.161,0.045,-0.023,0.276,NaN,880,0,-0.708,-1.308,839.000,183.000,869.000,273.000,NaN,NaN,NaN,NaN,NaN,NaN,NaN
3248,620,6880.000,19.079,-2.909,-0.134,-0.078,0.713,NaN,880,0,2.280,-1.303,809.000,211.000,845.000,280.000,NaN,NaN,NaN,NaN,NaN,NaN,NaN
3249,707,6880.000,20.109,-3.106,0.113,-0.084,0.035,NaN,880,0,-1.739,-1.309,808.000,210.000,845.000,342.000,NaN,NaN,NaN,NaN,NaN,NaN,NaN
3250,827,6880.000,30.889,-12.023,0.009,0.008,0.783,NaN,880,0,3.460,-1.326,1118.000,197.000,1153.000,271.000,NaN,NaN,NaN,NaN,NaN,NaN,NaN
3251,853,6880.000,23.763,-4.670,0.025,-0.035,0.477,NaN,880,0,0.304,-1.303,867.000,197.000,896.000,279.000,NaN,NaN,NaN,NaN,NaN,NaN,NaN
3252,4,6881.000,-74.226,-25.386,-0.642,-0.253,NaN,NaN,881,0,-3.178,-1.327,NaN,NaN,NaN,NaN,NaN,NaN,NaN,NaN,NaN,NaN,NaN
3253,564,6881.000,24.184,-4.152,0.043,-0.015,0.115,0.031,881,0,-1.811,-1.377,840.000,183.000,869.000,277.000,24.180,-4.100,-0.920,1.680,0.550,1.760,-0.237
3254,620,6881.000,18.932,-2.970,-0.136,-0.073,0.026,NaN,881,0,-2.016,-1.305,809.000,212.000,847.000,332.000,NaN,NaN,NaN,NaN,NaN,NaN,NaN
3255,707,6881.000,20.224,-3.189,0.115,-0.084,NaN,NaN,881,0,-2.936,-1.311,NaN,NaN,NaN,NaN,NaN,NaN,NaN,NaN,NaN,NaN,NaN
3256,827,6881.000,30.861,-12.027,0.003,0.004,0.754,0.837,881,0,0.735,1.000,1119.000,197.000,1153.000,271.000,30.850,-12.090,-1.170,0.810,0.660,1.800,-0.823
3257,853,6881.000,23.686,-4.651,0.014,-0.021,0.602,0.078,881,0,1.061,-1.017,867.000,196.000,897.000,280.000,23.690,-4.580,-1.090,0.790,0.520,1.750,-0.496
3258,4,6882.000,-74.866,-25.637,-0.641,-0.251,NaN,NaN,882,0,-2.249,-1.327,NaN,NaN,NaN,NaN,NaN,NaN,NaN,NaN,NaN,NaN,NaN
3259,564,6882.000,24.156,-4.164,0.028,-0.018,0.027,0.323,882,0,-2.755,-0.321,843.000,186.000,869.000,279.000,24.090,-4.170,-0.940,0.700,0.730,1.510,-0.293
3260,620,6882.000,18.783,-3.024,-0.137,-0.067,0.452,NaN,882,0,-0.081,-1.308,817.000,211.000,851.000,286.000,NaN,NaN,NaN,NaN,NaN,NaN,NaN
3261,707,6882.000,20.330,-3.235,0.114,-0.076,0.040,0.440,882,0,-2.344,0.224,815.000,210.000,852.000,344.000,20.330,-3.220,-1.280,0.750,0.610,1.710,-0.228
3262,827,6882.000,30.850,-12.012,0.000,0.009,0.747,0.142,882,0,0.735,-1.434,1118.000,197.000,1152.000,270.000,30.840,-12.020,-1.070,0.770,0.680,1.670,0.092
3263,853,6882.000,23.701,-4.673,0.015,-0.022,NaN,NaN,882,0,-2.596,-1.305,NaN,NaN,NaN,NaN,NaN,NaN,NaN,NaN,NaN,NaN,NaN
3264,4,6883.000,-75.508,-25.889,-0.641,-0.252,NaN,NaN,883,0,-2.120,-1.327,NaN,NaN,NaN,NaN,NaN,NaN,NaN,NaN,NaN,NaN,NaN
3265,564,6883.000,24.172,-4.268,0.028,-0.042,0.034,NaN,883,0,-2.248,-1.307,846.000,193.000,869.000,282.000,NaN,NaN,NaN,NaN,NaN,NaN,NaN
3266,620,6883.000,18.645,-3.091,-0.137,-0.067,NaN,NaN,883,0,-2.748,-1.300,NaN,NaN,NaN,NaN,NaN,NaN,NaN,NaN,NaN,NaN,NaN
3267,707,6883.000,20.447,-3.327,0.116,-0.081,0.776,NaN,883,0,3.620,-1.312,822.000,208.000,854.000,302.000,NaN,NaN,NaN,NaN,NaN,NaN,NaN
3268,827,6883.000,30.854,-11.982,0.001,0.014,0.791,NaN,883,0,3.665,-1.326,1115.000,198.000,1151.000,271.000,NaN,NaN,NaN,NaN,NaN,NaN,NaN
3269,853,6883.000,23.721,-4.680,0.013,-0.017,0.752,NaN,883,0,3.065,-1.306,866.000,196.000,898.000,280.000,NaN,NaN,NaN,NaN,NaN,NaN,NaN
3270,4,6884.000,-76.149,-26.141,-0.640,-0.253,NaN,NaN,884,0,-2.640,-1.327,NaN,NaN,NaN,NaN,NaN,NaN,NaN,NaN,NaN,NaN,NaN
3271,564,6884.000,24.200,-4.309,0.028,-0.042,NaN,NaN,884,0,-2.918,-1.302,NaN,NaN,NaN,NaN,NaN,NaN,NaN,NaN,NaN,NaN,NaN
3272,620,6884.000,18.521,-3.080,-0.136,-0.046,0.516,NaN,884,0,0.579,-1.295,825.000,208.000,854.000,289.000,NaN,NaN,NaN,NaN,NaN,NaN,NaN
3273,707,6884.000,20.532,-3.372,0.108,-0.070,0.041,0.808,884,0,-2.386,2.109,824.000,206.000,867.000,301.000,20.510,-3.300,-1.250,0.730,0.670,1.700,-0.367
3274,827,6884.000,30.856,-12.011,-0.001,0.004,0.803,0.418,884,0,1.127,-0.798,1114.000,198.000,1150.000,271.000,30.850,-12.090,-1.320,0.900,0.600,1.790,2.503
3275,853,6884.000,23.750,-4.645,0.021,-0.003,0.748,0.036,884,0,2.563,-1.316,868.000,196.000,898.000,280.000,23.770,-4.550,-1.020,0.890,0.470,1.700,1.110
3276,4,6885.000,-76.790,-26.392,-0.641,-0.251,NaN,NaN,885,0,-3.100,-1.327,NaN,NaN,NaN,NaN,NaN,NaN,NaN,NaN,NaN,NaN,NaN
3277,564,6885.000,24.247,-4.281,0.032,-0.023,0.520,NaN,885,0,0.579,-1.298,830.000,195.000,869.000,280.000,NaN,NaN,NaN,NaN,NaN,NaN,NaN
3278,620,6885.000,18.397,-3.082,-0.134,-0.033,0.033,NaN,885,0,-2.477,-1.295,830.000,211.000,854.000,280.000,NaN,NaN,NaN,NaN,NaN,NaN,NaN
3279,707,6885.000,20.741,-3.417,0.129,-0.063,0.033,0.030,885,0,-2.513,-1.257,828.000,191.000,869.000,344.000,20.820,-3.370,-1.370,0.730,0.650,1.840,-0.050
3280,827,6885.000,30.863,-12.084,-0.001,-0.011,0.749,0.037,885,0,0.735,-1.839,1117.000,199.000,1150.000,271.000,30.850,-12.210,-1.330,1.850,0.530,1.820,-1.411
3281,853,6885.000,23.755,-4.669,0.017,-0.008,0.754,NaN,885,0,3.065,-1.304,868.000,196.000,899.000,280.000,NaN,NaN,NaN,NaN,NaN,NaN,NaN
3282,4,6886.000,-77.433,-26.641,-0.642,-0.249,NaN,NaN,886,0,-1.181,-1.327,NaN,NaN,NaN,NaN,NaN,NaN,NaN,NaN,NaN,NaN,NaN
3283,564,6886.000,24.267,-4.283,0.029,-0.017,0.712,NaN,886,0,2.462,-1.302,838.000,183.000,870.000,282.000,NaN,NaN,NaN,NaN,NaN,NaN,NaN
3284,620,6886.000,18.263,-3.114,-0.134,-0.032,NaN,NaN,886,0,-1.873,-1.296,NaN,NaN,NaN,NaN,NaN,NaN,NaN,NaN,NaN,NaN,NaN
3285,707,6886.000,20.871,-3.480,0.130,-0.063,NaN,NaN,886,0,-2.751,-1.301,NaN,NaN,NaN,NaN,NaN,NaN,NaN,NaN,NaN,NaN,NaN
3286,827,6886.000,30.880,-12.021,0.005,0.005,0.810,NaN,886,0,4.053,-1.326,1117.000,198.000,1149.000,271.000,NaN,NaN,NaN,NaN,NaN,NaN,NaN
3287,853,6886.000,23.763,-4.694,0.016,-0.012,0.767,NaN,886,0,3.422,-1.305,869.000,196.000,900.000,280.000,NaN,NaN,NaN,NaN,NaN,NaN,NaN
3288,4,6887.000,-78.620,-26.909,-0.665,-0.237,0.255,NaN,887,0,-1.354,-1.327,158.000,205.000,171.000,239.000,NaN,NaN,NaN,NaN,NaN,NaN,NaN
3289,564,6887.000,24.297,-4.300,0.030,-0.017,NaN,NaN,887,0,-1.200,-1.302,NaN,NaN,NaN,NaN,NaN,NaN,NaN,NaN,NaN,NaN,NaN
3290,620,6887.000,18.129,-3.145,-0.134,-0.031,NaN,NaN,887,0,-2.178,-1.310,NaN,NaN,NaN,NaN,NaN,NaN,NaN,NaN,NaN,NaN,NaN
3291,707,6887.000,20.917,-3.560,0.110,-0.069,0.780,0.122,887,0,3.765,-0.735,840.000,182.000,869.000,284.000,20.860,-3.580,-1.360,0.930,0.660,1.740,-0.372
3292,827,6887.000,30.879,-12.023,0.003,0.004,0.779,0.057,887,0,0.945,-1.712,1117.000,199.000,1149.000,271.000,30.870,-12.060,-1.100,0.740,0.590,1.830,-0.239
3293,853,6887.000,23.781,-4.711,0.017,-0.012,0.709,NaN,887,0,2.462,-1.306,869.000,195.000,900.000,279.000,NaN,NaN,NaN,NaN,NaN,NaN,NaN
3294,4,6888.000,-79.703,-27.273,-0.673,-0.236,0.225,NaN,888,0,-1.556,-1.327,158.000,205.000,171.000,238.000,NaN,NaN,NaN,NaN,NaN,NaN,NaN
3295,564,6888.000,24.300,-4.318,0.024,-0.020,0.573,NaN,888,0,0.973,-1.301,841.000,183.000,873.000,274.000,NaN,NaN,NaN,NaN,NaN,NaN,NaN
3296,620,6888.000,17.994,-3.177,-0.134,-0.032,NaN,NaN,888,0,-1.056,-1.317,NaN,NaN,NaN,NaN,NaN,NaN,NaN,NaN,NaN,NaN,NaN
3297,707,6888.000,21.027,-3.608,0.111,-0.063,0.067,NaN,888,0,-1.786,-1.301,841.000,184.000,856.000,266.000,NaN,NaN,NaN,NaN,NaN,NaN,NaN
3298,827,6888.000,30.893,-11.989,0.006,0.011,0.762,NaN,888,0,3.077,-1.326,1119.000,199.000,1148.000,271.000,NaN,NaN,NaN,NaN,NaN,NaN,NaN
3299,853,6888.000,23.774,-4.704,0.014,-0.009,0.719,NaN,888,0,2.608,-1.307,867.000,196.000,899.000,280.000,NaN,NaN,NaN,NaN,NaN,NaN,NaN
3300,4,6889.000,-80.373,-27.509,-0.671,-0.235,NaN,NaN,889,0,-0.082,-1.327,NaN,NaN,NaN,NaN,NaN,NaN,NaN,NaN,NaN,NaN,NaN
3301,564,6889.000,24.327,-4.383,0.024,-0.031,0.258,NaN,889,0,-0.801,-1.299,841.000,182.000,896.000,279.000,NaN,NaN,NaN,NaN,NaN,NaN,NaN
3302,620,6889.000,17.691,-3.498,-0.152,-0.104,0.152,NaN,889,0,-1.372,-1.322,875.000,190.000,897.000,274.000,NaN,NaN,NaN,NaN,NaN,NaN,NaN
3303,707,6889.000,21.139,-3.652,0.113,-0.056,0.073,NaN,889,0,-1.784,-1.299,840.000,181.000,858.000,272.000,NaN,NaN,NaN,NaN,NaN,NaN,NaN
3304,827,6889.000,30.893,-11.983,0.007,0.009,0.757,NaN,889,0,3.077,-1.326,1122.000,199.000,1147.000,272.000,NaN,NaN,NaN,NaN,NaN,NaN,NaN
3305,853,6889.000,23.791,-4.681,0.015,0.000,0.104,NaN,889,0,-1.599,-1.307,862.000,192.000,896.000,275.000,NaN,NaN,NaN,NaN,NaN,NaN,NaN
3306,4,6890.000,-81.044,-27.744,-0.671,-0.236,NaN,NaN,890,0,-0.801,-1.327,NaN,NaN,NaN,NaN,NaN,NaN,NaN,NaN,NaN,NaN,NaN
3307,564,6890.000,24.344,-4.449,0.025,-0.039,0.208,NaN,890,0,-1.031,-1.292,841.000,183.000,897.000,277.000,NaN,NaN,NaN,NaN,NaN,NaN,NaN
3308,620,6890.000,17.658,-3.574,-0.144,-0.092,0.040,NaN,890,0,-2.428,-1.323,878.000,198.000,897.000,271.000,NaN,NaN,NaN,NaN,NaN,NaN,NaN
3309,707,6890.000,21.278,-3.682,0.120,-0.046,0.081,NaN,890,0,-1.706,-1.298,840.000,182.000,858.000,268.000,NaN,NaN,NaN,NaN,NaN,NaN,NaN
3310,827,6890.000,30.900,-11.972,0.007,0.010,0.759,NaN,890,0,3.077,-1.326,1121.000,199.000,1146.000,272.000,NaN,NaN,NaN,NaN,NaN,NaN,NaN
3311,853,6890.000,23.814,-4.702,0.015,-0.006,0.106,NaN,890,0,-1.544,-1.305,869.000,191.000,899.000,273.000,NaN,NaN,NaN,NaN,NaN,NaN,NaN
3312,4,6891.000,-81.716,-27.978,-0.671,-0.235,NaN,NaN,891,0,-1.623,-1.327,NaN,NaN,NaN,NaN,NaN,NaN,NaN,NaN,NaN,NaN,NaN
3313,564,6891.000,24.241,-4.347,0.004,-0.005,0.216,0.306,891,0,-1.141,-0.332,841.000,184.000,892.000,276.000,24.240,-4.250,-0.930,0.680,0.630,1.720,-0.248
3314,620,6891.000,17.515,-3.664,-0.142,-0.090,NaN,NaN,891,0,-2.310,-1.321,NaN,NaN,NaN,NaN,NaN,NaN,NaN,NaN,NaN,NaN,NaN
3315,707,6891.000,21.410,-3.698,0.123,-0.034,0.047,NaN,891,0,-2.493,-1.297,840.000,182.000,857.000,234.000,NaN,NaN,NaN,NaN,NaN,NaN,NaN
3316,827,6891.000,30.828,-11.937,-0.004,0.014,0.714,0.066,891,0,0.297,-1.652,1120.000,199.000,1145.000,271.000,30.800,-11.940,-1.140,0.810,0.600,1.700,-0.655
3317,853,6891.000,23.817,-4.651,0.016,0.010,0.462,NaN,891,0,-0.011,-1.306,860.000,193.000,892.000,273.000,NaN,NaN,NaN,NaN,NaN,NaN,NaN
3318,4,6892.000,-82.388,-28.213,-0.672,-0.235,NaN,NaN,892,0,-3.100,-1.327,NaN,NaN,NaN,NaN,NaN,NaN,NaN,NaN,NaN,NaN,NaN
3319,564,6892.000,24.232,-4.302,0.003,0.006,0.174,NaN,892,0,-1.235,-1.293,840.000,182.000,870.000,275.000,NaN,NaN,NaN,NaN,NaN,NaN,NaN
3320,620,6892.000,17.374,-3.754,-0.141,-0.090,NaN,NaN,892,0,-3.152,-1.316,NaN,NaN,NaN,NaN,NaN,NaN,NaN,NaN,NaN,NaN,NaN
3321,707,6892.000,21.565,-3.715,0.131,-0.026,0.309,NaN,892,0,-0.624,-1.299,840.000,182.000,857.000,274.000,NaN,NaN,NaN,NaN,NaN,NaN,NaN
3322,827,6892.000,30.843,-11.888,0.000,0.024,0.761,NaN,892,0,3.077,-1.326,1113.000,198.000,1144.000,271.000,NaN,NaN,NaN,NaN,NaN,NaN,NaN
3323,853,6892.000,23.889,-4.649,0.019,0.013,0.718,NaN,892,0,2.434,-1.303,863.000,196.000,897.000,274.000,NaN,NaN,NaN,NaN,NaN,NaN,NaN
3324,4,6893.000,-84.423,-28.811,-0.705,-0.223,0.124,NaN,893,0,-2.120,-1.327,160.000,204.000,171.000,232.000,NaN,NaN,NaN,NaN,NaN,NaN,NaN
3325,564,6893.000,24.245,-4.274,0.005,0.008,0.171,0.820,893,0,-1.413,1.696,840.000,182.000,869.000,274.000,24.290,-4.200,-0.940,0.750,0.600,1.750,-0.418
3326,620,6893.000,17.233,-3.846,-0.141,-0.091,NaN,NaN,893,0,2.924,-0.326,NaN,NaN,NaN,NaN,NaN,NaN,NaN,NaN,NaN,NaN,NaN
3327,707,6893.000,21.703,-3.731,0.134,-0.023,0.351,NaN,893,0,-0.463,-1.301,840.000,182.000,857.000,273.000,NaN,NaN,NaN,NaN,NaN,NaN,NaN
3328,827,6893.000,30.857,-11.843,0.002,0.030,0.774,NaN,893,0,3.261,-1.326,1112.000,199.000,1143.000,271.000,NaN,NaN,NaN,NaN,NaN,NaN,NaN
3329,853,6893.000,23.907,-4.638,0.018,0.011,NaN,NaN,893,0,-2.495,-1.304,NaN,NaN,NaN,NaN,NaN,NaN,NaN,NaN,NaN,NaN,NaN
3330,876,6893.000,21.400,-4.090,0.000,0.000,0.725,0.253,893,0,2.924,-0.322,864.000,195.000,897.000,275.000,21.400,-4.090,-1.370,0.760,0.620,1.790,-0.031
3331,4,6894.000,-85.128,-29.034,-0.705,-0.222,NaN,NaN,894,0,0.945,-1.101,NaN,NaN,NaN,NaN,NaN,NaN,NaN,NaN,NaN,NaN,NaN
3332,564,6894.000,24.271,-4.248,0.010,0.012,0.183,0.347,894,0,-1.359,-0.252,840.000,182.000,870.000,274.000,24.320,-4.190,-1.040,0.890,0.530,1.810,-1.765
3333,620,6894.000,17.094,-3.938,-0.140,-0.092,NaN,NaN,894,0,-2.215,-1.307,NaN,NaN,NaN,NaN,NaN,NaN,NaN,NaN,NaN,NaN,NaN
3334,707,6894.000,21.844,-3.749,0.136,-0.021,0.362,NaN,894,0,-0.411,-1.301,840.000,182.000,857.000,272.000,NaN,NaN,NaN,NaN,NaN,NaN,NaN
3335,827,6894.000,30.844,-11.790,-0.002,0.034,NaN,0.138,894,0,-3.832,-1.434,1091.000,199.000,1162.000,280.000,30.850,-11.750,-1.260,1.340,0.760,1.810,-1.049
3336,853,6894.000,23.950,-4.715,0.016,-0.009,0.237,NaN,894,0,-1.577,-1.303,874.000,196.000,893.000,216.000,NaN,NaN,NaN,NaN,NaN,NaN,NaN
3337,876,6894.000,21.479,-4.163,0.027,-0.027,0.745,0.238,894,0,3.126,-0.398,866.000,205.000,902.000,279.000,21.530,-4.200,-1.270,0.690,0.670,1.810,-0.076
3338,877,6894.000,30.850,-11.710,0.000,0.000,0.782,0.260,894,0,0.945,-1.099,1112.000,198.000,1142.000,271.000,30.850,-11.710,-1.270,0.670,0.730,1.660,-0.758
3339,4,6895.000,-85.834,-29.257,-0.706,-0.223,NaN,NaN,895,0,-0.612,-1.327,NaN,NaN,NaN,NaN,NaN,NaN,NaN,NaN,NaN,NaN,NaN
3340,564,6895.000,24.271,-4.265,0.007,0.006,0.248,NaN,895,0,-0.858,-1.305,840.000,182.000,870.000,276.000,NaN,NaN,NaN,NaN,NaN,NaN,NaN
3341,620,6895.000,16.956,-4.030,-0.137,-0.092,NaN,NaN,895,0,-2.097,-1.312,NaN,NaN,NaN,NaN,NaN,NaN,NaN,NaN,NaN,NaN,NaN
3342,707,6895.000,22.017,-3.771,0.142,-0.018,0.251,NaN,895,0,-0.855,-1.302,839.000,182.000,858.000,275.000,NaN,NaN,NaN,NaN,NaN,NaN,NaN
3343,827,6895.000,30.829,-11.801,-0.007,0.026,0.782,NaN,895,0,3.460,-1.326,1115.000,197.000,1142.000,271.000,NaN,NaN,NaN,NaN,NaN,NaN,NaN
3344,853,6895.000,23.936,-4.734,0.012,-0.013,0.531,NaN,895,0,0.468,-1.306,866.000,201.000,906.000,277.000,NaN,NaN,NaN,NaN,NaN,NaN,NaN
3345,876,6895.000,21.507,-4.189,0.028,-0.026,NaN,NaN,895,0,-2.899,-1.294,NaN,NaN,NaN,NaN,NaN,NaN,NaN,NaN,NaN,NaN,NaN
3346,877,6895.000,30.848,-11.707,-0.004,0.004,NaN,NaN,895,0,-3.097,-1.325,NaN,NaN,NaN,NaN,NaN,NaN,NaN,NaN,NaN,NaN,NaN
3347,4,6896.000,-86.541,-29.481,-0.707,-0.224,NaN,NaN,896,0,-0.919,-1.688,NaN,NaN,NaN,NaN,NaN,NaN,NaN,NaN,NaN,NaN,NaN
3348,564,6896.000,24.289,-4.251,0.014,0.007,0.220,0.249,896,0,-1.152,-0.476,840.000,183.000,870.000,275.000,24.320,-4.210,-1.010,0.800,0.670,1.810,-0.421
3349,620,6896.000,16.828,-3.260,-0.147,0.022,0.111,NaN,896,0,-1.756,-1.317,865.000,196.000,888.000,274.000,NaN,NaN,NaN,NaN,NaN,NaN,NaN
3350,707,6896.000,22.181,-3.798,0.144,-0.021,0.240,NaN,896,0,-0.907,-1.303,839.000,182.000,858.000,274.000,NaN,NaN,NaN,NaN,NaN,NaN,NaN
3351,827,6896.000,30.802,-11.761,-0.012,0.030,0.801,0.840,896,0,1.127,1.000,1115.000,197.000,1142.000,272.000,30.790,-11.750,-1.220,0.970,0.590,1.800,2.197
3352,853,6896.000,23.931,-4.752,0.011,-0.015,0.080,NaN,896,0,-1.930,-1.308,863.000,200.000,908.000,278.000,NaN,NaN,NaN,NaN,NaN,NaN,NaN
3353,876,6896.000,21.513,-4.386,0.020,-0.083,0.449,NaN,896,0,-0.080,-1.295,878.000,206.000,908.000,276.000,NaN,NaN,NaN,NaN,NaN,NaN,NaN
3354,877,6896.000,30.845,-11.703,-0.003,0.004,NaN,NaN,896,0,-2.480,-1.325,NaN,NaN,NaN,NaN,NaN,NaN,NaN,NaN,NaN,NaN,NaN
3355,881,6896.000,30.290,-13.220,0.000,0.000,0.492,0.047,896,0,-0.919,-1.688,1182.000,184.000,1215.000,265.000,30.290,-13.220,-1.130,1.640,0.440,1.670,0.141
3356,4,6897.000,-87.250,-29.704,-0.708,-0.224,NaN,NaN,897,0,-1.803,-1.327,NaN,NaN,NaN,NaN,NaN,NaN,NaN,NaN,NaN,NaN,NaN
3357,564,6897.000,24.332,-4.243,0.020,0.007,0.030,0.072,897,0,-2.748,-1.077,845.000,186.000,870.000,275.000,24.370,-4.210,-1.020,0.700,0.680,1.800,-0.285
3358,620,6897.000,16.682,-3.238,-0.146,0.022,NaN,NaN,897,0,-2.314,-1.323,NaN,NaN,NaN,NaN,NaN,NaN,NaN,NaN,NaN,NaN,NaN
3359,707,6897.000,22.337,-3.830,0.146,-0.024,0.126,NaN,897,0,-1.447,-1.304,839.000,182.000,859.000,277.000,NaN,NaN,NaN,NaN,NaN,NaN,NaN
3360,827,6897.000,30.829,-11.739,-0.006,0.028,0.801,0.393,897,0,1.127,-0.841,1113.000,197.000,1142.000,271.000,30.870,-11.760,-1.140,0.780,0.520,1.710,-0.987
3361,853,6897.000,24.060,-4.704,0.023,0.006,0.532,NaN,897,0,0.663,-1.309,865.000,195.000,890.000,276.000,NaN,NaN,NaN,NaN,NaN,NaN,NaN
3362,876,6897.000,21.894,-4.556,0.110,-0.113,0.660,0.972,897,0,1.911,2.238,882.000,206.000,911.000,297.000,21.910,-4.500,-1.330,0.680,0.670,1.700,-0.214
3363,877,6897.000,30.843,-11.698,-0.002,0.004,NaN,NaN,897,0,-2.337,-1.325,NaN,NaN,NaN,NaN,NaN,NaN,NaN,NaN,NaN,NaN,NaN
3364,881,6897.000,30.180,-13.216,-0.037,0.006,0.620,0.106,897,0,-0.217,-1.401,1182.000,183.000,1216.000,269.000,30.110,-13.230,-1.030,1.760,0.580,1.670,2.395
3365,885,6897.000,35.700,-10.190,0.000,0.000,NaN,0.125,897,0,-4.675,-1.995,983.000,170.000,1019.000,237.000,35.700,-10.190,-0.500,0.880,0.430,1.720,2.254
3366,4,6898.000,-87.957,-29.930,-0.708,-0.226,NaN,NaN,898,0,-0.369,-1.327,NaN,NaN,NaN,NaN,NaN,NaN,NaN,NaN,NaN,NaN,NaN
3367,564,6898.000,24.352,-4.254,0.022,0.003,0.489,NaN,898,0,0.531,-1.306,839.000,182.000,869.000,285.000,NaN,NaN,NaN,NaN,NaN,NaN,NaN
3368,620,6898.000,16.535,-3.218,-0.146,0.020,NaN,NaN,898,0,-1.637,-1.323,NaN,NaN,NaN,NaN,NaN,NaN,NaN,NaN,NaN,NaN,NaN
3369,707,6898.000,22.433,-3.853,0.140,-0.025,0.035,NaN,898,0,-2.146,-1.303,839.000,184.000,860.000,272.000,NaN,NaN,NaN,NaN,NaN,NaN,NaN
3370,827,6898.000,30.809,-11.753,-0.013,0.020,0.751,NaN,898,0,2.906,-1.325,1114.000,197.000,1141.000,272.000,NaN,NaN,NaN,NaN,NaN,NaN,NaN
3371,853,6898.000,24.225,-4.720,0.035,0.007,0.619,NaN,898,0,1.205,-1.305,868.000,195.000,892.000,275.000,NaN,NaN,NaN,NaN,NaN,NaN,NaN
3372,876,6898.000,22.014,-4.674,0.111,-0.114,0.580,NaN,898,0,1.046,-1.291,886.000,205.000,914.000,299.000,NaN,NaN,NaN,NaN,NaN,NaN,NaN
3373,877,6898.000,31.295,-9.969,0.029,0.360,0.180,NaN,898,0,-1.749,-1.325,1037.000,196.000,1050.000,231.000,NaN,NaN,NaN,NaN,NaN,NaN,NaN
3374,881,6898.000,30.138,-13.212,-0.037,0.006,0.105,NaN,898,0,-1.570,-1.327,1182.000,172.000,1220.000,265.000,NaN,NaN,NaN,NaN,NaN,NaN,NaN
3375,885,6898.000,35.716,-10.185,0.002,0.001,NaN,NaN,898,0,-2.407,-1.327,NaN,NaN,NaN,NaN,NaN,NaN,NaN,NaN,NaN,NaN,NaN
3376,4,6899.000,-88.665,-30.156,-0.708,-0.227,NaN,NaN,899,0,-0.535,-1.327,NaN,NaN,NaN,NaN,NaN,NaN,NaN,NaN,NaN,NaN,NaN
3377,564,6899.000,24.373,-4.264,0.023,-0.001,0.418,NaN,899,0,-0.107,-1.306,839.000,183.000,870.000,273.000,NaN,NaN,NaN,NaN,NaN,NaN,NaN
3378,620,6899.000,16.389,-3.198,-0.147,0.020,NaN,NaN,899,0,-1.505,-1.322,NaN,NaN,NaN,NaN,NaN,NaN,NaN,NaN,NaN,NaN,NaN
3379,707,6899.000,22.559,-3.869,0.139,-0.022,0.045,NaN,899,0,-2.148,-1.304,839.000,186.000,858.000,271.000,NaN,NaN,NaN,NaN,NaN,NaN,NaN
3380,827,6899.000,30.784,-11.756,-0.019,0.015,0.750,NaN,899,0,2.906,-1.326,1114.000,197.000,1141.000,272.000,NaN,NaN,NaN,NaN,NaN,NaN,NaN
3381,853,6899.000,24.334,-4.732,0.043,0.004,0.633,NaN,899,0,1.305,-1.305,867.000,195.000,893.000,275.000,NaN,NaN,NaN,NaN,NaN,NaN,NaN
3382,876,6899.000,22.134,-4.751,0.111,-0.099,0.611,NaN,899,0,1.298,-1.292,888.000,204.000,915.000,299.000,NaN,NaN,NaN,NaN,NaN,NaN,NaN
3383,877,6899.000,31.465,-9.730,0.059,0.302,0.167,NaN,899,0,-1.814,-1.327,1037.000,196.000,1051.000,231.000,NaN,NaN,NaN,NaN,NaN,NaN,NaN
3384,881,6899.000,30.071,-13.236,-0.047,-0.009,0.038,NaN,899,0,-2.186,-1.327,1183.000,168.000,1226.000,265.000,NaN,NaN,NaN,NaN,NaN,NaN,NaN
3385,885,6899.000,35.717,-10.182,0.000,0.003,NaN,NaN,899,0,-1.996,-1.326,NaN,NaN,NaN,NaN,NaN,NaN,NaN,NaN,NaN,NaN,NaN
3386,4,6900.000,-89.372,-30.383,-0.708,-0.227,NaN,NaN,900,0,0.820,-1.256,NaN,NaN,NaN,NaN,NaN,NaN,NaN,NaN,NaN,NaN,NaN
3387,564,6900.000,24.374,-4.249,0.018,0.003,0.469,0.014,900,0,0.172,-1.430,839.000,183.000,867.000,274.000,24.360,-4.220,-0.980,0.800,0.460,1.750,-1.698
3388,620,6900.000,16.243,-3.178,-0.146,0.020,NaN,NaN,900,0,-2.240,-1.322,NaN,NaN,NaN,NaN,NaN,NaN,NaN,NaN,NaN,NaN,NaN
3389,707,6900.000,22.700,-3.893,0.141,-0.024,NaN,NaN,900,0,-2.105,-1.304,NaN,NaN,NaN,NaN,NaN,NaN,NaN,NaN,NaN,NaN,NaN
3390,827,6900.000,30.774,-11.764,-0.019,0.007,0.793,0.076,900,0,1.023,-1.603,1116.000,197.000,1141.000,272.000,30.770,-11.830,-1.010,0.700,0.660,1.710,-0.142
3391,853,6900.000,24.212,-4.779,0.025,-0.020,0.140,NaN,900,0,-1.584,-1.305,876.000,198.000,896.000,275.000,NaN,NaN,NaN,NaN,NaN,NaN,NaN
3392,876,6900.000,22.198,-4.816,0.098,-0.090,0.687,0.209,900,0,2.242,-0.489,893.000,202.000,916.000,277.000,22.120,-4.700,-1.340,0.710,0.670,1.770,-0.024
3393,877,6900.000,31.524,-9.430,0.059,0.301,NaN,NaN,900,0,-2.120,-1.327,NaN,NaN,NaN,NaN,NaN,NaN,NaN,NaN,NaN,NaN,NaN
3394,881,6900.000,30.065,-13.165,-0.031,0.017,0.446,NaN,900,0,0.092,-1.327,1182.000,183.000,1212.000,265.000,NaN,NaN,NaN,NaN,NaN,NaN,NaN
3395,885,6900.000,35.727,-10.147,0.001,0.007,NaN,0.020,900,0,-4.675,-2.334,981.000,171.000,1018.000,239.000,35.740,-10.150,-0.540,0.850,0.430,1.760,1.258
3396,892,6900.000,24.000,-4.600,0.000,0.000,0.556,0.051,900,0,0.820,-1.235,865.000,195.000,895.000,275.000,24.000,-4.600,-1.140,0.840,0.510,1.720,-0.779
