,ID,timestamp,x,y,vx,vy,rgb_conf,lidar_conf,t_index,YOLO_cls,rgb_LLR,lidar_LLR,L,T,R,B,X_LiDAR,Y_LiDAR,Z_LiDAR,l,w,h,rot
0,0,3000.000,26.040,-1.660,0.000,0.000,0.723,0.362,0,0,1.662,-0.405,694.000,204.000,726.000,290.000,26.040,-1.660,-1.360,1.750,0.550,1.980,-0.851
1,2,3000.000,25.460,-2.220,0.000,0.000,0.689,0.076,0,0,1.488,-1.093,726.000,199.000,760.000,291.000,25.460,-2.220,-1.260,1.030,0.540,1.920,-0.223
2,0,3001.000,26.023,-1.713,0.000,-0.021,0.738,NaN,1,0,2.907,-1.327,694.000,205.000,726.000,289.000,NaN,NaN,NaN,NaN,NaN,NaN,NaN
3,2,3001.000,25.453,-2.305,0.001,-0.031,0.737,NaN,1,0,2.907,-1.326,727.000,199.000,759.000,293.000,NaN,NaN,NaN,NaN,NaN,NaN,NaN
4,0,3002.000,26.059,-1.711,0.010,-0.010,0.730,0.679,2,0,1.790,0.559,694.000,203.000,724.000,290.000,26.080,-1.690,-1.330,1.690,0.620,1.730,-0.851
5,2,3002.000,25.494,-2.254,0.014,0.016,0.727,0.041,2,0,1.790,-1.451,728.000,199.000,759.000,294.000,25.510,-2.200,-1.250,0.800,0.590,1.770,-0.269
6,17,3002.000,25.820,-4.700,0.000,0.000,0.058,0.060,2,0,-2.528,-1.264,848.000,201.000,857.000,240.000,25.820,-4.700,-0.460,0.770,0.610,1.680,-0.871
7,0,3003.000,26.044,-1.720,-0.003,-0.009,0.717,0.585,3,0,1.662,0.249,694.000,202.000,727.000,290.000,26.040,-1.720,-1.340,1.720,0.590,1.840,2.432
8,2,3003.000,25.526,-2.225,0.017,0.022,0.744,0.941,3,0,1.893,4.938,728.000,200.000,758.000,293.000,25.570,-2.220,-1.250,0.920,0.600,1.940,-0.664
9,17,3003.000,26.344,-4.363,0.245,0.189,0.560,0.016,3,0,0.158,-1.565,782.000,199.000,817.000,265.000,27.150,-3.730,-1.260,2.030,0.610,1.820,-1.282
10,0,3004.000,26.039,-1.747,-0.006,-0.015,0.687,NaN,4,0,2.173,-1.327,694.000,203.000,728.000,290.000,NaN,NaN,NaN,NaN,NaN,NaN,NaN
11,2,3004.000,25.537,-2.279,0.017,-0.002,0.743,NaN,4,0,2.907,-1.326,728.000,199.000,758.000,293.000,NaN,NaN,NaN,NaN,NaN,NaN,NaN
12,17,3004.000,26.588,-4.175,0.244,0.188,NaN,NaN,4,0,-1.200,-1.318,NaN,NaN,NaN,NaN,NaN,NaN,NaN,NaN,NaN,NaN,NaN
13,0,3005.000,26.048,-1.764,-0.002,-0.013,0.685,0.060,5,0,1.231,-1.294,695.000,202.000,725.000,290.000,26.070,-1.770,-1.320,0.850,0.500,1.810,0.399
14,2,3005.000,25.564,-2.262,0.021,0.002,0.620,0.014,5,0,0.705,-1.556,775.000,198.000,818.000,265.000,25.600,-2.250,-1.270,1.830,0.590,1.860,-0.731
15,17,3005.000,26.831,-3.987,0.244,0.188,NaN,NaN,5,0,-2.258,-1.347,NaN,NaN,NaN,NaN,NaN,NaN,NaN,NaN,NaN,NaN,NaN
16,0,3006.000,26.104,-1.742,0.012,-0.004,0.656,0.900,6,0,0.944,3.253,695.000,203.000,722.000,288.000,26.170,-1.700,-1.330,1.950,0.560,1.740,-0.756
17,2,3006.000,25.519,-2.247,0.004,0.003,0.735,0.926,6,0,2.178,3.500,727.000,200.000,758.000,290.000,25.470,-2.220,-1.270,0.930,0.490,1.790,-0.561
18,17,3006.000,27.065,-3.729,0.240,0.217,0.675,0.098,6,0,0.869,-1.152,776.000,199.000,817.000,267.000,26.970,-3.360,-1.230,0.710,0.670,1.690,-0.172
19,0,3007.000,26.118,-1.718,0.015,0.000,0.663,NaN,7,0,1.803,-1.327,694.000,201.000,722.000,290.000,NaN,NaN,NaN,NaN,NaN,NaN,NaN
20,2,3007.000,25.512,-2.290,0.002,-0.009,0.736,NaN,7,0,2.907,-1.326,728.000,199.000,757.000,292.000,NaN,NaN,NaN,NaN,NaN,NaN,NaN
21,17,3007.000,27.303,-3.532,0.240,0.210,0.707,NaN,7,0,2.280,-1.320,775.000,199.000,817.000,268.000,NaN,NaN,NaN,NaN,NaN,NaN,NaN
22,0,3008.000,26.178,-1.739,0.026,-0.005,0.576,0.253,8,0,0.497,-0.639,696.000,202.000,721.000,288.000,26.190,-1.780,-1.360,1.730,0.580,1.740,-0.847
23,2,3008.000,25.513,-2.300,0.001,-0.010,NaN,NaN,8,0,-1.142,-2.167,NaN,NaN,NaN,NaN,NaN,NaN,NaN,NaN,NaN,NaN,NaN
24,17,3008.000,27.522,-3.412,0.234,0.185,0.666,NaN,8,0,1.724,-1.316,775.000,199.000,817.000,264.000,NaN,NaN,NaN,NaN,NaN,NaN,NaN
25,0,3009.000,26.145,-1.710,0.011,0.002,0.653,0.564,9,0,0.873,0.193,693.000,202.000,725.000,289.000,26.060,-1.650,-1.340,0.910,0.530,1.790,0.577
26,2,3009.000,25.515,-2.310,0.002,-0.010,NaN,NaN,9,0,-1.161,-1.326,NaN,NaN,NaN,NaN,NaN,NaN,NaN,NaN,NaN,NaN,NaN
27,17,3009.000,27.726,-3.400,0.232,0.139,0.680,NaN,9,0,1.846,-1.305,779.000,199.000,817.000,264.000,NaN,NaN,NaN,NaN,NaN,NaN,NaN
28,0,3010.000,26.167,-1.716,0.014,-0.002,0.577,NaN,10,0,1.046,-1.327,694.000,198.000,724.000,289.000,NaN,NaN,NaN,NaN,NaN,NaN,NaN
29,2,3010.000,25.495,-2.326,-0.002,-0.013,0.694,NaN,10,0,2.173,-1.326,727.000,198.000,757.000,292.000,NaN,NaN,NaN,NaN,NaN,NaN,NaN
30,17,3010.000,27.959,-3.446,0.237,0.094,0.748,NaN,10,0,2.906,-1.302,775.000,199.000,817.000,265.000,NaN,NaN,NaN,NaN,NaN,NaN,NaN
31,0,3011.000,26.069,-1.692,-0.012,0.003,0.170,0.893,11,0,-1.737,2.777,694.000,201.000,721.000,287.000,25.980,-1.680,-1.400,0.920,0.550,1.860,2.792
32,2,3011.000,25.455,-2.267,-0.006,0.005,0.246,0.042,11,0,-1.115,-1.390,702.000,200.000,725.000,285.000,25.480,-2.170,-1.300,1.940,0.600,1.930,-0.441
33,17,3011.000,28.313,-3.657,0.258,0.033,0.734,NaN,11,0,2.590,-1.302,778.000,199.000,816.000,264.000,NaN,NaN,NaN,NaN,NaN,NaN,NaN
34,0,3012.000,26.027,-1.676,-0.018,0.005,0.516,0.449,12,0,0.126,-0.188,699.000,203.000,721.000,288.000,26.000,-1.650,-1.340,0.880,0.500,1.780,2.472
35,2,3012.000,25.492,-2.238,-0.000,0.007,0.740,0.771,12,0,1.893,1.059,726.000,200.000,760.000,290.000,25.540,-2.180,-1.240,1.820,0.600,1.820,-0.762
36,17,3012.000,28.574,-3.653,0.258,0.025,0.724,NaN,12,0,2.434,-1.310,776.000,199.000,816.000,267.000,NaN,NaN,NaN,NaN,NaN,NaN,NaN
37,0,3013.000,26.007,-1.698,-0.018,0.000,0.501,NaN,13,0,0.432,-1.327,696.000,203.000,722.000,287.000,NaN,NaN,NaN,NaN,NaN,NaN,NaN
38,2,3013.000,25.495,-2.270,-0.002,-0.001,0.681,NaN,13,0,2.039,-1.326,727.000,200.000,756.000,293.000,NaN,NaN,NaN,NaN,NaN,NaN,NaN
39,17,3013.000,28.818,-3.691,0.254,0.004,0.637,NaN,13,0,1.407,-1.309,781.000,200.000,816.000,267.000,NaN,NaN,NaN,NaN,NaN,NaN,NaN
40,0,3014.000,25.999,-1.694,-0.018,0.001,0.645,0.839,14,0,0.873,1.590,694.000,203.000,721.000,288.000,26.010,-1.680,-1.280,1.900,0.580,1.790,2.368
41,2,3014.000,25.491,-2.236,-0.001,0.008,0.713,0.050,14,0,1.782,-1.312,726.000,199.000,757.000,290.000,25.480,-2.160,-1.240,0.810,0.570,1.800,-0.592
42,17,3014.000,29.071,-3.732,0.252,-0.008,0.764,NaN,14,0,3.077,-1.309,776.000,200.000,819.000,266.000,NaN,NaN,NaN,NaN,NaN,NaN,NaN
43,0,3015.000,25.985,-1.692,-0.016,-0.000,0.459,0.095,15,0,-0.288,-1.080,694.000,202.000,721.000,288.000,26.000,-1.690,-1.310,0.830,0.560,1.870,-3.649
44,2,3015.000,25.698,-2.076,0.032,0.053,0.720,0.618,15,0,1.662,0.352,726.000,200.000,756.000,288.000,26.070,-1.680,-1.310,1.770,0.580,1.900,-0.711
45,17,3015.000,29.319,-3.777,0.251,-0.017,0.701,NaN,15,0,2.128,-1.310,774.000,200.000,818.000,269.000,NaN,NaN,NaN,NaN,NaN,NaN,NaN
46,0,3016.000,25.967,-1.686,-0.017,0.002,0.544,NaN,16,0,0.748,-1.327,693.000,202.000,722.000,288.000,NaN,NaN,NaN,NaN,NaN,NaN,NaN
47,2,3016.000,25.733,-2.151,0.046,0.024,0.746,NaN,16,0,3.065,-1.327,725.000,200.000,756.000,289.000,NaN,NaN,NaN,NaN,NaN,NaN,NaN
48,17,3016.000,29.571,-3.867,0.252,-0.032,0.549,NaN,16,0,0.639,-1.311,781.000,200.000,817.000,267.000,NaN,NaN,NaN,NaN,NaN,NaN,NaN
49,0,3017.000,26.033,-1.692,0.001,-0.001,0.617,0.259,17,0,0.705,-0.607,692.000,203.000,721.000,287.000,26.110,-1.730,-1.460,1.810,0.610,1.850,-0.842
50,2,3017.000,25.582,-2.117,-0.004,0.025,0.765,0.128,17,0,2.344,-0.919,726.000,200.000,756.000,289.000,25.440,-2.130,-1.270,0.960,0.510,1.880,-0.513
51,17,3017.000,29.825,-3.898,0.253,-0.032,NaN,NaN,17,0,-3.068,-1.313,NaN,NaN,NaN,NaN,NaN,NaN,NaN,NaN,NaN,NaN,NaN
52,0,3018.000,26.007,-1.671,-0.007,0.004,0.580,0.095,18,0,0.497,-1.080,694.000,203.000,721.000,288.000,25.960,-1.620,-1.340,1.940,0.610,1.780,2.390
53,2,3018.000,25.553,-2.142,-0.003,0.015,0.768,0.114,18,0,2.118,-1.051,725.000,200.000,756.000,290.000,25.550,-2.220,-1.260,0.880,0.520,1.840,-0.611
54,17,3018.000,30.072,-3.916,0.252,-0.024,0.515,NaN,18,0,0.306,-1.314,772.000,200.000,814.000,268.000,NaN,NaN,NaN,NaN,NaN,NaN,NaN
55,0,3019.000,26.000,-1.663,-0.007,0.007,0.513,NaN,19,0,0.501,-1.327,692.000,202.000,721.000,290.000,NaN,NaN,NaN,NaN,NaN,NaN,NaN
56,2,3019.000,25.530,-2.197,-0.002,0.002,0.796,NaN,19,0,4.010,-1.327,723.000,200.000,756.000,290.000,NaN,NaN,NaN,NaN,NaN,NaN,NaN
57,17,3019.000,30.315,-3.929,0.252,-0.022,0.507,NaN,19,0,0.306,-1.313,772.000,200.000,814.000,262.000,NaN,NaN,NaN,NaN,NaN,NaN,NaN
58,0,3020.000,26.058,-1.662,0.008,0.005,0.490,0.048,20,0,-0.068,-1.375,692.000,202.000,725.000,286.000,26.130,-1.700,-1.370,0.820,0.570,1.730,-0.768
59,2,3020.000,25.506,-2.187,-0.003,0.007,0.658,0.289,20,0,0.944,-0.529,725.000,200.000,756.000,289.000,25.500,-2.180,-1.270,0.830,0.560,1.670,-0.513
60,17,3020.000,30.575,-4.037,0.254,-0.040,0.299,NaN,20,0,-0.812,-1.313,783.000,200.000,821.000,263.000,NaN,NaN,NaN,NaN,NaN,NaN,NaN
61,0,3021.000,26.098,-1.669,0.015,0.002,0.476,0.782,21,0,-0.130,1.099,692.000,203.000,723.000,287.000,26.130,-1.710,-1.280,1.900,0.580,1.920,-0.844
62,2,3021.000,25.519,-2.195,0.002,0.002,0.065,0.034,21,0,-2.587,-1.506,724.000,201.000,754.000,287.000,25.530,-2.230,-1.260,0.860,0.590,1.910,-0.634
63,17,3021.000,30.828,-4.075,0.253,-0.039,NaN,NaN,21,0,0.327,-0.282,NaN,NaN,NaN,NaN,NaN,NaN,NaN,NaN,NaN,NaN,NaN
64,0,3022.000,26.103,-1.688,0.013,-0.004,0.550,NaN,22,0,0.829,-1.327,692.000,202.000,725.000,285.000,NaN,NaN,NaN,NaN,NaN,NaN,NaN
65,2,3022.000,25.510,-2.245,-0.000,-0.013,0.644,NaN,22,0,1.595,-1.326,726.000,200.000,757.000,291.000,NaN,NaN,NaN,NaN,NaN,NaN,NaN
66,17,3022.000,31.098,-4.138,0.255,-0.042,0.653,NaN,22,0,1.281,-1.316,783.000,200.000,815.000,255.000,NaN,NaN,NaN,NaN,NaN,NaN,NaN
67,0,3023.000,26.149,-1.714,0.020,-0.010,0.639,0.045,23,0,0.809,-1.451,692.000,202.000,724.000,286.000,26.180,-1.740,-1.230,1.880,0.600,1.780,-0.847
68,2,3023.000,25.504,-2.228,-0.001,-0.005,0.756,0.235,23,0,2.048,-0.671,724.000,200.000,754.000,290.000,25.510,-2.170,-1.250,0.930,0.530,1.830,-0.332
69,17,3023.000,31.376,-4.174,0.260,-0.041,0.440,NaN,23,0,-0.339,-1.316,781.000,200.000,814.000,255.000,NaN,NaN,NaN,NaN,NaN,NaN,NaN
70,0,3024.000,26.120,-1.718,0.013,-0.008,0.508,0.844,24,0,0.055,1.590,694.000,202.000,726.000,289.000,26.050,-1.670,-1.290,1.830,0.530,1.850,-0.825
71,2,3024.000,25.470,-2.200,-0.007,0.003,0.664,0.665,24,0,1.190,0.595,727.000,200.000,756.000,291.000,25.430,-2.150,-1.260,0.860,0.630,1.840,-0.469
72,17,3024.000,31.645,-4.187,0.261,-0.033,0.616,NaN,24,0,0.986,-1.317,771.000,200.000,816.000,260.000,NaN,NaN,NaN,NaN,NaN,NaN,NaN
73,0,3025.000,26.138,-1.716,0.015,-0.005,0.541,NaN,25,0,0.748,-1.327,693.000,202.000,724.000,289.000,NaN,NaN,NaN,NaN,NaN,NaN,NaN
74,2,3025.000,25.469,-2.251,-0.006,-0.008,0.619,NaN,25,0,1.393,-1.326,727.000,200.000,754.000,290.000,NaN,NaN,NaN,NaN,NaN,NaN,NaN
75,17,3025.000,31.909,-4.191,0.262,-0.026,0.678,NaN,25,0,1.609,-1.316,771.000,200.000,815.000,256.000,NaN,NaN,NaN,NaN,NaN,NaN,NaN
76,0,3026.000,26.134,-1.698,0.011,0.000,0.459,0.468,26,0,-0.288,-0.101,694.000,202.000,727.000,286.000,26.110,-1.660,-1.340,0.930,0.500,1.840,0.186
77,2,3026.000,25.447,-2.218,-0.010,0.001,0.549,0.079,26,0,0.552,-1.093,727.000,200.000,755.000,290.000,25.430,-2.140,-1.280,0.880,0.580,1.850,-0.343
78,17,3026.000,32.173,-4.216,0.263,-0.025,NaN,NaN,26,0,0.651,-1.317,NaN,NaN,NaN,NaN,NaN,NaN,NaN,NaN,NaN,NaN,NaN
79,0,3027.000,26.148,-1.656,0.011,0.009,0.029,NaN,27,0,-2.281,-1.327,681.000,209.000,723.000,290.000,NaN,NaN,NaN,NaN,NaN,NaN,NaN
80,2,3027.000,25.454,-2.212,-0.009,-0.001,0.616,0.193,27,0,0.943,-0.734,727.000,200.000,755.000,291.000,25.490,-2.190,-1.160,0.810,0.550,1.760,0.173
81,17,3027.000,32.439,-4.256,0.262,-0.028,0.591,NaN,27,0,0.729,-1.317,772.000,198.000,821.000,253.000,NaN,NaN,NaN,NaN,NaN,NaN,NaN
82,0,3028.000,26.162,-1.653,0.013,0.007,0.444,NaN,28,0,0.021,-1.327,693.000,202.000,718.000,283.000,NaN,NaN,NaN,NaN,NaN,NaN,NaN
83,2,3028.000,25.439,-2.263,-0.014,-0.015,0.472,NaN,28,0,0.237,-1.326,727.000,200.000,755.000,291.000,NaN,NaN,NaN,NaN,NaN,NaN,NaN
84,17,3028.000,32.678,-4.282,0.263,-0.030,0.416,NaN,28,0,-0.462,-1.317,771.000,198.000,817.000,253.000,NaN,NaN,NaN,NaN,NaN,NaN,NaN
85,0,3029.000,26.127,-1.645,0.007,0.008,0.558,0.933,29,0,0.385,4.914,692.000,202.000,719.000,287.000,26.080,-1.710,-1.300,1.750,0.610,1.870,-0.863
86,2,3029.000,25.415,-2.246,-0.015,-0.006,0.697,0.426,29,0,1.628,-0.170,728.000,200.000,758.000,290.000,25.420,-2.180,-1.280,0.940,0.540,1.810,-0.670
87,17,3029.000,32.945,-4.313,0.266,-0.030,0.488,NaN,29,0,-0.030,-1.318,773.000,200.000,816.000,256.000,NaN,NaN,NaN,NaN,NaN,NaN,NaN
88,0,3030.000,26.098,-1.630,0.001,0.010,0.482,0.092,30,0,-0.130,-1.115,693.000,202.000,720.000,288.000,26.060,-1.660,-1.270,1.040,0.540,1.780,0.474
89,2,3030.000,25.410,-2.228,-0.011,-0.001,0.545,0.134,30,0,0.491,-0.919,728.000,200.000,754.000,288.000,25.430,-2.190,-1.270,0.970,0.520,1.830,-0.180
90,17,3030.000,33.224,-4.343,0.267,-0.030,0.583,NaN,30,0,0.649,-1.318,772.000,199.000,816.000,257.000,NaN,NaN,NaN,NaN,NaN,NaN,NaN
91,0,3031.000,26.110,-1.670,0.005,-0.008,0.032,NaN,31,0,-3.100,-1.327,699.000,202.000,717.000,238.000,NaN,NaN,NaN,NaN,NaN,NaN,NaN
92,2,3031.000,25.401,-2.275,-0.014,-0.013,0.593,NaN,31,0,1.124,-1.326,728.000,200.000,754.000,289.000,NaN,NaN,NaN,NaN,NaN,NaN,NaN
93,17,3031.000,33.520,-4.371,0.271,-0.028,0.577,NaN,31,0,0.649,-1.318,771.000,198.000,816.000,258.000,NaN,NaN,NaN,NaN,NaN,NaN,NaN
94,0,3032.000,26.093,-1.683,0.003,-0.012,0.532,0.661,32,0,0.197,0.472,694.000,202.000,724.000,290.000,26.070,-1.710,-1.320,0.830,0.570,1.750,-0.638
95,2,3032.000,25.415,-2.259,-0.011,-0.005,0.383,0.081,32,0,-0.567,-1.093,728.000,200.000,756.000,288.000,25.460,-2.200,-1.300,0.950,0.540,1.920,-0.675
96,17,3032.000,33.823,-4.400,0.273,-0.027,0.619,NaN,32,0,0.986,-1.318,771.000,198.000,816.000,258.000,NaN,NaN,NaN,NaN,NaN,NaN,NaN
97,0,3033.000,26.095,-1.713,0.003,-0.019,0.653,0.359,33,0,0.873,-0.405,694.000,203.000,723.000,290.000,26.090,-1.750,-1.310,1.840,0.580,1.810,-0.675
98,2,3033.000,25.467,-2.250,0.001,-0.004,0.613,0.589,33,0,0.658,0.277,771.000,197.000,816.000,259.000,25.540,-2.220,-1.250,1.920,0.540,1.840,-0.661
99,17,3033.000,34.095,-4.513,0.271,-0.044,0.026,NaN,33,0,-2.798,-1.318,784.000,199.000,815.000,242.000,NaN,NaN,NaN,NaN,NaN,NaN,NaN
100,0,3034.000,26.108,-1.733,0.005,-0.020,0.677,NaN,34,0,2.039,-1.327,696.000,203.000,724.000,290.000,NaN,NaN,NaN,NaN,NaN,NaN,NaN
101,2,3034.000,25.458,-2.294,-0.003,-0.013,0.595,NaN,34,0,1.208,-1.326,728.000,200.000,759.000,291.000,NaN,NaN,NaN,NaN,NaN,NaN,NaN
102,17,3034.000,34.413,-4.537,0.275,-0.039,0.653,NaN,34,0,1.509,-1.320,771.000,198.000,816.000,259.000,NaN,NaN,NaN,NaN,NaN,NaN,NaN
103,0,3035.000,26.078,-1.710,-0.004,-0.012,0.617,0.663,35,0,0.705,0.472,695.000,202.000,723.000,290.000,26.040,-1.620,-1.310,1.700,0.540,1.890,-0.695
104,2,3035.000,25.456,-2.255,-0.004,-0.001,0.602,0.155,35,0,0.837,-0.822,729.000,200.000,757.000,290.000,25.450,-2.140,-1.280,0.870,0.560,1.830,-0.641
105,17,3035.000,34.687,-4.577,0.274,-0.040,NaN,NaN,35,0,-2.236,-1.319,NaN,NaN,NaN,NaN,NaN,NaN,NaN,NaN,NaN,NaN,NaN
106,0,3036.000,26.057,-1.692,-0.009,-0.003,0.590,0.533,36,0,0.553,0.099,694.000,202.000,724.000,290.000,26.040,-1.640,-1.310,1.850,0.570,1.810,-0.758
107,2,3036.000,25.496,-2.273,0.005,-0.005,0.706,0.068,36,0,1.516,-1.221,728.000,199.000,758.000,290.000,25.560,-2.310,-1.230,1.820,0.600,1.820,-0.734
108,17,3036.000,35.015,-4.590,0.279,-0.033,0.605,NaN,36,0,1.112,-1.319,771.000,197.000,816.000,258.000,NaN,NaN,NaN,NaN,NaN,NaN,NaN
109,0,3037.000,26.049,-1.715,-0.009,-0.008,0.659,NaN,37,0,1.803,-1.327,693.000,202.000,728.000,290.000,NaN,NaN,NaN,NaN,NaN,NaN,NaN
110,2,3037.000,25.493,-2.310,0.003,-0.013,0.665,NaN,37,0,1.916,-1.326,729.000,200.000,758.000,289.000,NaN,NaN,NaN,NaN,NaN,NaN,NaN
111,17,3037.000,35.320,-4.606,0.281,-0.027,0.656,NaN,37,0,1.613,-1.319,771.000,198.000,816.000,262.000,NaN,NaN,NaN,NaN,NaN,NaN,NaN
112,0,3038.000,26.052,-1.701,-0.006,-0.002,0.409,0.184,38,0,-0.626,-0.839,694.000,204.000,726.000,289.000,26.060,-1.660,-1.220,0.760,0.600,1.710,-0.043
113,2,3038.000,25.484,-2.290,-0.002,-0.005,0.693,0.059,38,0,1.488,-1.228,729.000,200.000,758.000,289.000,25.470,-2.220,-1.090,0.830,0.540,1.770,-0.290
114,17,3038.000,35.616,-4.626,0.282,-0.024,0.560,NaN,38,0,0.715,-1.319,771.000,198.000,816.000,265.000,NaN,NaN,NaN,NaN,NaN,NaN,NaN
115,0,3039.000,26.055,-1.711,-0.006,-0.004,0.642,0.797,39,0,0.809,1.208,693.000,202.000,722.000,289.000,26.070,-1.710,-1.320,0.860,0.550,1.830,-0.178
116,2,3039.000,25.551,-2.290,0.014,-0.005,0.757,0.026,39,0,2.048,-1.506,729.000,200.000,759.000,291.000,25.610,-2.260,-1.240,0.800,0.600,1.820,-0.573
117,17,3039.000,35.831,-4.639,0.281,-0.023,0.603,NaN,39,0,1.024,-1.319,771.000,197.000,816.000,264.000,NaN,NaN,NaN,NaN,NaN,NaN,NaN
118,0,3040.000,26.055,-1.690,-0.005,0.003,0.291,NaN,40,0,-0.682,-1.327,693.000,204.000,720.000,287.000,NaN,NaN,NaN,NaN,NaN,NaN,NaN
119,2,3040.000,25.560,-2.325,0.012,-0.011,0.749,NaN,40,0,3.065,-1.326,729.000,200.000,759.000,289.000,NaN,NaN,NaN,NaN,NaN,NaN,NaN
120,17,3040.000,36.116,-4.665,0.282,-0.024,0.671,NaN,40,0,1.488,-1.320,771.000,198.000,816.000,258.000,NaN,NaN,NaN,NaN,NaN,NaN,NaN
121,0,3041.000,25.987,-1.674,-0.020,0.006,0.291,0.014,41,0,-1.057,-1.556,694.000,201.000,723.000,286.000,25.940,-1.640,-1.300,0.950,0.470,1.840,2.469
122,2,3041.000,25.574,-2.326,0.011,-0.009,0.550,0.296,41,0,0.327,-0.517,730.000,199.000,757.000,288.000,25.580,-2.290,-1.290,0.900,0.570,1.840,-0.663
123,17,3041.000,36.451,-4.531,0.289,0.006,0.032,NaN,41,0,-2.800,-1.319,771.000,197.000,795.000,251.000,NaN,NaN,NaN,NaN,NaN,NaN,NaN
124,0,3042.000,25.990,-1.656,-0.014,0.009,0.596,0.151,42,0,0.607,-0.930,695.000,202.000,723.000,288.000,26.020,-1.640,-1.340,0.830,0.600,1.720,0.163
125,2,3042.000,25.532,-2.297,0.001,-0.001,0.738,0.222,42,0,2.178,-0.655,732.000,199.000,757.000,289.000,25.490,-2.220,-1.220,1.730,0.600,1.800,-0.756
126,17,3042.000,36.833,-4.605,0.293,-0.009,0.490,NaN,42,0,0.179,-1.318,773.000,199.000,815.000,263.000,NaN,NaN,NaN,NaN,NaN,NaN,NaN
127,0,3043.000,25.960,-1.679,-0.020,0.001,0.631,NaN,43,0,1.492,-1.327,696.000,201.000,722.000,285.000,NaN,NaN,NaN,NaN,NaN,NaN,NaN
128,2,3043.000,25.532,-2.357,-0.002,-0.016,0.785,NaN,43,0,3.620,-1.326,733.000,199.000,759.000,290.000,NaN,NaN,NaN,NaN,NaN,NaN,NaN
129,17,3043.000,37.208,-4.675,0.296,-0.020,0.531,NaN,43,0,0.468,-1.319,771.000,198.000,814.000,263.000,NaN,NaN,NaN,NaN,NaN,NaN,NaN
130,0,3044.000,26.006,-1.677,-0.005,0.003,0.483,0.028,44,0,-0.130,-1.506,694.000,201.000,724.000,289.000,26.060,-1.670,-1.240,1.780,0.550,1.740,-0.814
131,2,3044.000,25.565,-2.352,0.003,-0.010,0.743,0.188,44,0,1.893,-0.811,728.000,199.000,758.000,291.000,25.590,-2.280,-1.250,1.930,0.550,1.880,-0.689
132,17,3044.000,37.387,-4.727,0.292,-0.031,0.680,NaN,44,0,1.846,-1.319,772.000,198.000,815.000,269.000,NaN,NaN,NaN,NaN,NaN,NaN,NaN
133,0,3045.000,25.994,-1.671,-0.006,0.006,0.579,0.714,45,0,0.497,0.758,693.000,203.000,725.000,289.000,26.000,-1.670,-1.310,0.930,0.460,1.760,-0.180
134,2,3045.000,25.518,-2.319,-0.008,0.003,0.816,0.036,45,0,3.064,-1.390,730.000,199.000,759.000,290.000,25.440,-2.260,-1.270,0.920,0.530,1.800,-0.725
135,17,3045.000,37.779,-4.887,0.297,-0.058,0.027,NaN,45,0,-3.085,-1.320,783.000,199.000,814.000,236.000,NaN,NaN,NaN,NaN,NaN,NaN,NaN
136,0,3046.000,25.987,-1.678,-0.006,0.003,0.597,NaN,46,0,1.208,-1.327,694.000,201.000,722.000,289.000,NaN,NaN,NaN,NaN,NaN,NaN,NaN
137,2,3046.000,25.507,-2.336,-0.012,-0.003,0.788,NaN,46,0,3.821,-1.326,730.000,200.000,758.000,290.000,NaN,NaN,NaN,NaN,NaN,NaN,NaN
138,17,3046.000,38.100,-4.946,0.299,-0.059,0.672,NaN,46,0,1.724,-1.321,771.000,199.000,816.000,262.000,NaN,NaN,NaN,NaN,NaN,NaN,NaN
139,0,3047.000,25.974,-1.687,-0.006,0.000,0.532,0.701,47,0,0.197,0.683,699.000,200.000,721.000,285.000,25.970,-1.730,-1.260,0.900,0.430,1.730,-3.165
140,2,3047.000,25.568,-2.331,0.003,0.001,0.738,0.078,47,0,1.893,-1.161,729.000,198.000,759.000,290.000,25.630,-2.310,-1.240,0.780,0.630,1.850,-1.029
141,17,3047.000,38.328,-5.028,0.295,-0.067,0.043,NaN,47,0,-2.692,-1.322,783.000,200.000,813.000,245.000,NaN,NaN,NaN,NaN,NaN,NaN,NaN
142,0,3048.000,26.012,-1.696,0.004,-0.005,0.495,0.494,48,0,-0.068,-0.034,693.000,202.000,720.000,289.000,26.090,-1.720,-1.250,0.990,0.560,1.840,-0.810
143,2,3048.000,25.525,-2.297,-0.010,0.010,0.760,0.036,48,0,2.344,-1.390,732.000,199.000,759.000,290.000,25.480,-2.260,-1.230,1.860,0.590,1.810,-0.675
144,17,3048.000,38.729,-5.105,0.301,-0.067,0.444,NaN,48,0,-0.151,-1.322,778.000,200.000,815.000,262.000,NaN,NaN,NaN,NaN,NaN,NaN,NaN
145,0,3049.000,26.018,-1.678,0.005,0.000,0.549,NaN,49,0,0.829,-1.327,692.000,202.000,720.000,289.000,NaN,NaN,NaN,NaN,NaN,NaN,NaN
146,2,3049.000,25.515,-2.331,-0.010,-0.002,0.677,NaN,49,0,2.039,-1.326,731.000,199.000,759.000,289.000,NaN,NaN,NaN,NaN,NaN,NaN,NaN
147,17,3049.000,39.073,-5.155,0.304,-0.062,0.611,NaN,49,0,1.112,-1.323,771.000,201.000,817.000,265.000,NaN,NaN,NaN,NaN,NaN,NaN,NaN
148,0,3050.000,26.012,-1.672,0.006,0.002,0.582,0.046,50,0,0.497,-1.375,693.000,202.000,723.000,287.000,26.010,-1.660,-1.200,0.780,0.610,1.750,-0.037
149,2,3050.000,25.523,-2.319,-0.006,0.000,0.810,0.098,50,0,2.567,-1.080,730.000,199.000,759.000,290.000,25.530,-2.290,-1.270,0.880,0.610,1.850,-1.070
150,17,3050.000,39.414,-5.219,0.304,-0.061,0.733,NaN,50,0,2.590,-1.323,772.000,200.000,821.000,266.000,NaN,NaN,NaN,NaN,NaN,NaN,NaN
151,0,3051.000,26.051,-1.679,0.015,-0.000,0.649,0.720,51,0,0.873,0.831,694.000,203.000,721.000,289.000,26.090,-1.710,-1.300,1.780,0.610,1.790,-0.723
152,2,3051.000,25.510,-2.284,-0.003,0.012,0.062,0.119,51,0,-2.587,-1.022,696.000,203.000,720.000,246.000,25.500,-2.220,-1.220,1.800,0.580,1.840,-0.813
153,17,3051.000,39.706,-5.238,0.304,-0.052,0.471,NaN,51,0,0.057,-1.324,768.000,199.000,817.000,261.000,NaN,NaN,NaN,NaN,NaN,NaN,NaN
154,0,3052.000,26.074,-1.689,0.016,-0.002,0.629,NaN,52,0,1.492,-1.327,694.000,203.000,722.000,289.000,NaN,NaN,NaN,NaN,NaN,NaN,NaN
155,2,3052.000,25.516,-2.328,-0.003,-0.003,0.189,NaN,52,0,-1.151,-1.326,734.000,200.000,754.000,286.000,NaN,NaN,NaN,NaN,NaN,NaN,NaN
156,17,3052.000,40.002,-5.264,0.304,-0.047,0.566,NaN,52,0,0.573,-1.323,771.000,200.000,817.000,259.000,NaN,NaN,NaN,NaN,NaN,NaN,NaN
157,0,3053.000,26.034,-1.676,0.005,0.001,0.637,0.335,53,0,0.809,-0.448,694.000,203.000,723.000,289.000,25.980,-1.650,-1.270,0.800,0.610,1.790,2.448
158,2,3053.000,25.444,-2.278,-0.017,0.012,0.035,0.134,53,0,-2.780,-0.919,731.000,199.000,758.000,272.000,25.370,-2.150,-1.250,0.870,0.590,1.730,-0.337
159,17,3053.000,40.360,-5.379,0.307,-0.059,0.381,NaN,53,0,-0.662,-1.323,782.000,199.000,818.000,254.000,NaN,NaN,NaN,NaN,NaN,NaN,NaN
160,0,3054.000,26.089,-1.694,0.019,-0.007,0.667,0.261,54,0,1.024,-0.607,693.000,203.000,724.000,287.000,26.130,-1.710,-1.340,1.850,0.620,1.750,-0.851
161,2,3054.000,25.440,-2.265,-0.014,0.013,0.279,0.160,54,0,-0.930,-0.822,731.000,200.000,757.000,286.000,25.440,-2.270,-1.160,0.840,0.510,1.750,-0.563
162,17,3054.000,40.652,-5.379,0.308,-0.048,0.652,NaN,54,0,1.509,-1.324,771.000,200.000,815.000,261.000,NaN,NaN,NaN,NaN,NaN,NaN,NaN
163,0,3055.000,26.108,-1.711,0.019,-0.010,0.669,NaN,55,0,1.916,-1.327,694.000,203.000,724.000,287.000,NaN,NaN,NaN,NaN,NaN,NaN,NaN
164,2,3055.000,25.413,-2.320,-0.015,-0.006,0.437,NaN,55,0,0.021,-1.326,732.000,200.000,759.000,285.000,NaN,NaN,NaN,NaN,NaN,NaN,NaN
165,17,3055.000,40.979,-5.414,0.310,-0.046,0.608,NaN,55,0,1.112,-1.324,770.000,200.000,821.000,265.000,NaN,NaN,NaN,NaN,NaN,NaN,NaN
166,0,3056.000,26.114,-1.704,0.019,-0.006,0.601,0.648,56,0,0.607,0.436,695.000,203.000,724.000,287.000,26.090,-1.680,-1.350,1.810,0.570,1.800,-0.695
167,2,3056.000,25.444,-2.302,-0.006,0.002,0.039,0.702,56,0,-2.780,0.814,700.000,203.000,723.000,247.000,25.480,-2.230,-1.270,1.800,0.560,1.770,-0.836
168,17,3056.000,41.291,-5.460,0.311,-0.046,NaN,NaN,56,0,-1.831,-1.324,NaN,NaN,NaN,NaN,NaN,NaN,NaN,NaN,NaN,NaN,NaN
169,163,3056.000,38.310,-5.770,0.000,0.000,0.092,0.049,56,0,-4.588,-2.419,784.000,200.000,810.000,236.000,38.310,-5.770,-1.420,0.780,0.630,1.730,2.747
170,0,3057.000,26.138,-1.739,0.020,-0.013,0.641,NaN,57,0,1.595,-1.327,696.000,202.000,725.000,287.000,NaN,NaN,NaN,NaN,NaN,NaN,NaN
171,2,3057.000,25.439,-2.300,-0.006,0.003,NaN,NaN,57,0,-2.319,-1.326,NaN,NaN,NaN,NaN,NaN,NaN,NaN,NaN,NaN,NaN,NaN
172,17,3057.000,41.662,-5.514,0.312,-0.046,0.222,NaN,57,0,-1.366,-1.324,771.000,200.000,824.000,259.000,NaN,NaN,NaN,NaN,NaN,NaN,NaN
173,163,3057.000,38.344,-5.390,0.014,0.084,0.071,NaN,57,0,-2.269,-1.323,780.000,200.000,816.000,246.000,NaN,NaN,NaN,NaN,NaN,NaN,NaN
174,0,3058.000,26.162,-1.754,0.019,-0.014,NaN,0.325,58,0,-3.127,-0.474,666.000,197.000,754.000,300.000,26.170,-1.760,-1.340,1.890,0.570,1.910,-0.799
175,2,3058.000,25.471,-2.282,0.001,0.007,0.810,0.094,58,0,2.898,-1.046,730.000,199.000,759.000,288.000,25.490,-2.260,-1.240,0.900,0.590,1.880,-0.617
176,17,3058.000,41.967,-5.504,0.315,-0.039,0.503,NaN,58,0,0.239,-1.325,771.000,199.000,815.000,267.000,NaN,NaN,NaN,NaN,NaN,NaN,NaN
177,163,3058.000,38.358,-5.307,0.014,0.083,NaN,NaN,58,0,-1.972,-1.324,NaN,NaN,NaN,NaN,NaN,NaN,NaN,NaN,NaN,NaN,NaN
178,0,3059.000,26.103,-1.718,0.004,0.001,0.698,0.615,59,0,1.367,0.329,693.000,203.000,725.000,289.000,26.020,-1.650,-1.300,0.870,0.520,1.780,-0.800
179,2,3059.000,25.447,-2.244,-0.005,0.013,0.796,0.449,59,0,2.748,-0.095,730.000,199.000,759.000,287.000,25.430,-2.170,-1.240,0.910,0.510,1.830,-0.647
180,17,3059.000,42.050,-5.485,0.302,-0.037,0.576,NaN,59,0,0.862,-1.325,771.000,198.000,817.000,265.000,NaN,NaN,NaN,NaN,NaN,NaN,NaN
181,163,3059.000,38.372,-5.223,0.015,0.084,NaN,NaN,59,0,-2.053,-1.324,NaN,NaN,NaN,NaN,NaN,NaN,NaN,NaN,NaN,NaN,NaN
182,0,3060.000,26.114,-1.748,0.007,-0.008,0.398,NaN,60,0,-0.218,-1.327,698.000,203.000,725.000,285.000,NaN,NaN,NaN,NaN,NaN,NaN,NaN
183,2,3060.000,25.442,-2.231,-0.005,0.013,NaN,NaN,60,0,-2.506,-1.326,NaN,NaN,NaN,NaN,NaN,NaN,NaN,NaN,NaN,NaN,NaN
184,17,3060.000,42.350,-5.511,0.302,-0.036,0.460,NaN,60,0,-0.011,-1.324,771.000,199.000,816.000,267.000,NaN,NaN,NaN,NaN,NaN,NaN,NaN
185,163,3060.000,38.345,-5.152,0.005,0.079,0.026,NaN,60,0,-2.809,-1.324,783.000,199.000,815.000,246.000,NaN,NaN,NaN,NaN,NaN,NaN,NaN
186,0,3061.000,26.064,-1.720,-0.006,0.003,0.602,0.493,61,0,0.607,-0.034,698.000,203.000,722.000,286.000,26.000,-1.660,-1.250,0.890,0.520,1.720,-0.534
187,2,3061.000,25.428,-2.219,-0.009,0.013,0.731,0.369,61,0,2.069,-0.302,730.000,200.000,761.000,288.000,25.440,-2.220,-1.330,0.840,0.540,1.760,-0.554
188,17,3061.000,42.857,-5.640,0.305,-0.047,0.078,NaN,61,0,-2.177,-1.325,783.000,199.000,814.000,245.000,NaN,NaN,NaN,NaN,NaN,NaN,NaN
189,163,3061.000,38.351,-5.073,0.005,0.080,NaN,NaN,61,0,-1.408,-1.323,NaN,NaN,NaN,NaN,NaN,NaN,NaN,NaN,NaN,NaN,NaN
190,0,3062.000,26.087,-1.724,-0.000,0.002,0.364,0.708,62,0,-0.810,0.758,698.000,203.000,724.000,286.000,26.120,-1.740,-1.230,0.800,0.530,1.620,-0.355
191,2,3062.000,25.400,-2.184,-0.014,0.020,0.806,0.010,62,0,2.898,-1.501,730.000,200.000,760.000,288.000,25.400,-2.140,-1.270,0.960,0.540,1.860,-0.466
192,17,3062.000,43.173,-5.666,0.307,-0.044,0.574,NaN,62,0,0.573,-1.325,771.000,199.000,816.000,258.000,NaN,NaN,NaN,NaN,NaN,NaN,NaN
193,163,3062.000,38.401,-5.114,0.012,0.055,0.049,NaN,62,0,-2.797,-1.323,784.000,199.000,815.000,237.000,NaN,NaN,NaN,NaN,NaN,NaN,NaN
194,0,3063.000,26.087,-1.721,-0.001,0.002,NaN,NaN,63,0,-1.892,-1.327,NaN,NaN,NaN,NaN,NaN,NaN,NaN,NaN,NaN,NaN,NaN
195,2,3063.000,25.391,-2.256,-0.015,-0.004,0.655,NaN,63,0,1.803,-1.326,730.000,199.000,760.000,289.000,NaN,NaN,NaN,NaN,NaN,NaN,NaN
196,17,3063.000,43.581,-5.771,0.309,-0.053,0.087,NaN,63,0,-2.101,-1.325,783.000,200.000,816.000,244.000,NaN,NaN,NaN,NaN,NaN,NaN,NaN
197,163,3063.000,38.424,-5.044,0.014,0.057,0.642,NaN,63,0,1.183,-1.323,772.000,199.000,817.000,259.000,NaN,NaN,NaN,NaN,NaN,NaN,NaN
198,0,3064.000,26.048,-1.692,-0.009,0.008,0.485,0.544,64,0,-0.068,0.133,697.000,202.000,726.000,282.000,26.030,-1.660,-1.330,0.880,0.540,1.730,0.061
199,2,3064.000,25.445,-2.250,-0.001,-0.000,0.690,0.091,64,0,1.231,-1.115,730.000,199.000,760.000,289.000,25.510,-2.200,-1.230,0.770,0.520,1.830,-0.454
200,17,3064.000,44.024,-5.887,0.310,-0.062,0.069,NaN,64,0,-2.272,-1.325,784.000,200.000,816.000,246.000,NaN,NaN,NaN,NaN,NaN,NaN,NaN
201,163,3064.000,38.439,-4.985,0.016,0.056,0.675,NaN,64,0,1.488,-1.323,771.000,199.000,816.000,259.000,NaN,NaN,NaN,NaN,NaN,NaN,NaN
202,0,3065.000,25.990,-1.645,-0.018,0.019,0.543,0.619,65,0,0.265,0.352,698.000,201.000,727.000,279.000,25.940,-1.600,-1.280,1.830,0.530,1.780,2.367
203,2,3065.000,25.504,-2.255,0.014,-0.000,0.827,0.214,65,0,2.951,-0.760,729.000,200.000,758.000,289.000,25.570,-2.280,-1.330,1.880,0.590,1.870,-0.769
204,17,3065.000,44.471,-5.960,0.313,-0.062,0.025,NaN,65,0,-2.814,-1.326,783.000,200.000,815.000,241.000,NaN,NaN,NaN,NaN,NaN,NaN,NaN
205,163,3065.000,38.433,-4.951,0.014,0.049,0.666,NaN,65,0,1.724,-1.322,772.000,199.000,816.000,260.000,NaN,NaN,NaN,NaN,NaN,NaN,NaN
206,0,3066.000,25.972,-1.627,-0.018,0.018,NaN,NaN,66,0,-3.178,-1.327,NaN,NaN,NaN,NaN,NaN,NaN,NaN,NaN,NaN,NaN,NaN
207,2,3066.000,25.516,-2.303,0.014,-0.014,0.765,NaN,66,0,3.422,-1.326,729.000,195.000,758.000,289.000,NaN,NaN,NaN,NaN,NaN,NaN,NaN
208,17,3066.000,44.783,-6.022,0.313,-0.062,NaN,NaN,66,0,-2.247,-1.326,NaN,NaN,NaN,NaN,NaN,NaN,NaN,NaN,NaN,NaN,NaN
209,163,3066.000,38.416,-4.931,0.011,0.043,0.769,NaN,66,0,3.261,-1.322,772.000,199.000,816.000,261.000,NaN,NaN,NaN,NaN,NaN,NaN,NaN
210,0,3067.000,26.017,-1.674,-0.005,0.004,0.411,0.105,67,0,-0.626,-1.051,694.000,194.000,722.000,278.000,26.080,-1.720,-1.350,1.780,0.560,1.790,-0.798
211,2,3067.000,25.467,-2.278,-0.000,-0.003,0.705,0.734,67,0,1.628,1.034,729.000,195.000,759.000,289.000,25.430,-2.220,-1.230,0.860,0.500,1.660,-0.344
212,17,3067.000,45.095,-6.083,0.313,-0.061,NaN,NaN,67,0,-2.396,-1.326,NaN,NaN,NaN,NaN,NaN,NaN,NaN,NaN,NaN,NaN,NaN
213,163,3067.000,38.356,-4.924,0.005,0.033,0.777,NaN,67,0,3.460,-1.322,772.000,200.000,816.000,262.000,NaN,NaN,NaN,NaN,NaN,NaN,NaN
214,0,3068.000,25.979,-1.641,-0.013,0.011,0.555,0.685,68,0,0.327,0.559,693.000,201.000,725.000,287.000,25.940,-1.600,-1.310,1.810,0.510,1.800,2.334
215,2,3068.000,25.477,-2.262,0.002,-0.000,0.781,0.014,68,0,2.512,-1.501,729.000,200.000,758.000,289.000,25.480,-2.230,-1.210,0.900,0.500,1.800,0.010
216,17,3068.000,45.408,-6.144,0.313,-0.061,NaN,NaN,68,0,-3.933,-2.337,NaN,NaN,NaN,NaN,NaN,NaN,NaN,NaN,NaN,NaN,NaN
217,163,3068.000,38.361,-4.891,0.005,0.032,NaN,NaN,68,0,1.992,-1.596,NaN,NaN,NaN,NaN,NaN,NaN,NaN,NaN,NaN,NaN,NaN
218,0,3069.000,25.966,-1.630,-0.013,0.011,NaN,NaN,69,0,-1.747,-1.327,NaN,NaN,NaN,NaN,NaN,NaN,NaN,NaN,NaN,NaN,NaN
219,2,3069.000,25.474,-2.305,0.000,-0.010,0.707,NaN,69,0,2.462,-1.326,729.000,198.000,757.000,290.000,NaN,NaN,NaN,NaN,NaN,NaN,NaN
220,17,3069.000,46.284,-6.136,0.329,-0.038,0.053,NaN,69,0,-2.804,-1.326,783.000,201.000,808.000,239.000,NaN,NaN,NaN,NaN,NaN,NaN,NaN
221,163,3069.000,38.332,-4.898,0.001,0.025,0.588,NaN,69,0,0.941,-1.321,771.000,201.000,814.000,268.000,NaN,NaN,NaN,NaN,NaN,NaN,NaN
222,0,3070.000,26.004,-1.657,-0.001,0.004,0.029,0.200,70,0,-3.013,-0.785,700.000,202.000,718.000,241.000,26.050,-1.680,-1.280,1.860,0.610,1.860,-0.826
223,2,3070.000,25.531,-2.293,0.014,-0.001,0.607,0.026,70,0,0.658,-1.506,772.000,201.000,814.000,266.000,25.580,-2.230,-1.270,1.960,0.560,1.870,-0.590
224,17,3070.000,46.612,-6.174,0.329,-0.039,NaN,NaN,70,0,2.178,-0.302,NaN,NaN,NaN,NaN,NaN,NaN,NaN,NaN,NaN,NaN,NaN
225,163,3070.000,38.334,-4.874,0.001,0.024,NaN,NaN,70,0,-2.394,-1.322,NaN,NaN,NaN,NaN,NaN,NaN,NaN,NaN,NaN,NaN,NaN
226,0,3071.000,26.029,-1.660,0.004,0.002,0.641,0.710,71,0,0.809,0.758,693.000,202.000,727.000,288.000,26.060,-1.680,-1.330,0.760,0.600,1.770,-0.032
227,2,3071.000,25.514,-2.278,0.008,0.003,0.686,0.180,71,0,1.488,-0.761,729.000,196.000,759.000,288.000,25.470,-2.250,-1.240,0.770,0.580,1.670,-0.238
228,17,3071.000,47.064,-6.192,0.332,-0.032,0.089,NaN,71,0,-2.103,-1.326,782.000,200.000,807.000,243.000,NaN,NaN,NaN,NaN,NaN,NaN,NaN
229,163,3071.000,38.318,-4.859,0.001,0.022,0.345,NaN,71,0,-0.871,-1.321,768.000,200.000,812.000,256.000,NaN,NaN,NaN,NaN,NaN,NaN,NaN
230,227,3071.000,37.240,2.790,0.000,0.000,0.728,0.882,71,0,-0.643,1.565,505.000,194.000,529.000,244.000,37.240,2.790,-1.150,1.900,0.500,1.730,-2.741
231,0,3072.000,26.031,-1.658,0.002,0.002,NaN,NaN,72,0,-1.140,-1.327,NaN,NaN,NaN,NaN,NaN,NaN,NaN,NaN,NaN,NaN,NaN
232,2,3072.000,25.518,-2.314,0.009,-0.007,0.627,NaN,72,0,1.492,-1.326,729.000,200.000,758.000,289.000,NaN,NaN,NaN,NaN,NaN,NaN,NaN
233,17,3072.000,47.481,-6.201,0.339,-0.024,0.048,NaN,72,0,-2.804,-1.326,783.000,200.000,804.000,239.000,NaN,NaN,NaN,NaN,NaN,NaN,NaN
234,163,3072.000,38.270,-4.886,-0.002,0.014,0.469,NaN,72,0,0.057,-1.321,771.000,199.000,816.000,267.000,NaN,NaN,NaN,NaN,NaN,NaN,NaN
235,227,3072.000,37.223,2.801,-0.005,0.006,NaN,NaN,72,0,-2.654,-1.327,NaN,NaN,NaN,NaN,NaN,NaN,NaN,NaN,NaN,NaN,NaN
236,0,3073.000,26.046,-1.693,0.006,-0.006,0.583,0.066,73,0,0.497,-1.221,695.000,202.000,721.000,289.000,26.060,-1.720,-1.290,0.810,0.590,1.680,-0.510
237,2,3073.000,25.485,-2.276,-0.001,0.005,0.530,0.052,73,0,0.421,-1.311,729.000,200.000,758.000,288.000,25.450,-2.200,-1.260,0.740,0.590,1.710,-0.493
238,17,3073.000,47.896,-6.287,0.337,-0.037,0.032,NaN,73,0,-3.099,-1.326,784.000,201.000,818.000,238.000,NaN,NaN,NaN,NaN,NaN,NaN,NaN
239,163,3073.000,38.239,-4.977,-0.006,-0.001,0.564,NaN,73,0,0.715,-1.321,780.000,201.000,818.000,263.000,NaN,NaN,NaN,NaN,NaN,NaN,NaN
240,227,3073.000,37.217,2.807,-0.006,0.006,NaN,NaN,73,0,-2.654,-1.327,NaN,NaN,NaN,NaN,NaN,NaN,NaN,NaN,NaN,NaN,NaN
241,0,3074.000,26.005,-1.686,-0.007,-0.004,0.515,0.524,74,0,0.055,0.063,693.000,202.000,721.000,289.000,25.960,-1.650,-1.370,0.990,0.420,1.830,-2.989
242,2,3074.000,25.498,-2.253,0.002,0.009,0.051,0.116,74,0,-2.623,-0.950,728.000,200.000,755.000,281.000,25.490,-2.220,-1.330,0.800,0.620,1.890,-1.048
243,17,3074.000,48.233,-6.323,0.337,-0.036,NaN,NaN,74,0,-1.693,-1.326,NaN,NaN,NaN,NaN,NaN,NaN,NaN,NaN,NaN,NaN,NaN
244,163,3074.000,38.267,-4.987,-0.004,-0.002,0.674,NaN,74,0,1.724,-1.322,771.000,196.000,819.000,262.000,NaN,NaN,NaN,NaN,NaN,NaN,NaN
245,227,3074.000,37.210,2.813,-0.007,0.005,NaN,NaN,74,0,-2.805,-1.327,NaN,NaN,NaN,NaN,NaN,NaN,NaN,NaN,NaN,NaN,NaN
246,0,3075.000,25.998,-1.697,-0.007,-0.004,0.429,NaN,75,0,-0.047,-1.327,692.000,202.000,724.000,290.000,NaN,NaN,NaN,NaN,NaN,NaN,NaN
247,2,3075.000,25.498,-2.296,0.002,-0.005,0.135,NaN,75,0,-1.471,-1.326,729.000,200.000,759.000,287.000,NaN,NaN,NaN,NaN,NaN,NaN,NaN
248,17,3075.000,48.571,-6.360,0.338,-0.036,NaN,NaN,75,0,-2.506,-1.326,NaN,NaN,NaN,NaN,NaN,NaN,NaN,NaN,NaN,NaN,NaN
249,163,3075.000,38.222,-4.947,-0.007,0.005,0.600,NaN,75,0,0.810,-1.322,768.000,201.000,814.000,260.000,NaN,NaN,NaN,NaN,NaN,NaN,NaN
250,227,3075.000,37.202,2.818,-0.007,0.005,NaN,NaN,75,0,-2.184,-1.327,NaN,NaN,NaN,NaN,NaN,NaN,NaN,NaN,NaN,NaN,NaN
251,0,3076.000,26.078,-1.700,0.013,-0.003,0.488,0.417,76,0,-0.068,-0.290,692.000,202.000,727.000,289.000,26.180,-1.690,-1.360,1.950,0.560,1.780,-0.753
252,2,3076.000,25.502,-2.303,0.004,-0.007,NaN,NaN,76,0,-2.057,-1.326,NaN,NaN,NaN,NaN,NaN,NaN,NaN,NaN,NaN,NaN,NaN
253,17,3076.000,48.909,-6.395,0.338,-0.036,NaN,NaN,76,0,-2.057,-1.326,NaN,NaN,NaN,NaN,NaN,NaN,NaN,NaN,NaN,NaN,NaN
254,163,3076.000,38.169,-4.918,-0.009,0.010,0.754,NaN,76,0,2.680,-1.322,771.000,201.000,813.000,256.000,NaN,NaN,NaN,NaN,NaN,NaN,NaN
255,227,3076.000,37.195,2.822,-0.007,0.004,NaN,NaN,76,0,-3.585,-1.983,NaN,NaN,NaN,NaN,NaN,NaN,NaN,NaN,NaN,NaN,NaN
256,0,3077.000,26.090,-1.693,0.012,-0.003,0.597,0.181,77,0,0.607,-0.839,694.000,203.000,726.000,289.000,26.080,-1.660,-1.300,0.800,0.600,1.840,-0.032
257,2,3077.000,25.478,-2.288,-0.001,-0.004,NaN,0.119,77,0,-3.016,-0.950,709.000,193.000,769.000,300.000,25.460,-2.270,-1.260,1.850,0.540,1.920,-0.413
258,17,3077.000,49.247,-6.431,0.338,-0.035,NaN,NaN,77,0,-1.443,-1.327,NaN,NaN,NaN,NaN,NaN,NaN,NaN,NaN,NaN,NaN,NaN
259,163,3077.000,38.125,-4.903,-0.010,0.010,0.619,NaN,77,0,0.986,-1.322,771.000,201.000,814.000,256.000,NaN,NaN,NaN,NaN,NaN,NaN,NaN
260,227,3077.000,36.021,2.379,-0.185,-0.083,0.544,0.681,77,0,-2.150,-0.569,513.000,196.000,539.000,245.000,35.960,2.390,-1.260,0.700,0.740,1.900,0.411
261,0,3078.000,26.100,-1.713,0.011,-0.007,0.589,NaN,78,0,1.124,-1.327,693.000,203.000,728.000,288.000,NaN,NaN,NaN,NaN,NaN,NaN,NaN
262,2,3078.000,25.478,-2.292,0.000,-0.004,NaN,NaN,78,0,-2.505,-1.326,NaN,NaN,NaN,NaN,NaN,NaN,NaN,NaN,NaN,NaN,NaN
263,17,3078.000,49.587,-6.466,0.339,-0.035,NaN,NaN,78,0,-2.625,-1.319,NaN,NaN,NaN,NaN,NaN,NaN,NaN,NaN,NaN,NaN,NaN
264,163,3078.000,38.208,-5.018,-0.008,-0.012,0.507,NaN,78,0,0.306,-1.322,782.000,199.000,817.000,263.000,NaN,NaN,NaN,NaN,NaN,NaN,NaN
265,227,3078.000,35.843,2.432,-0.185,-0.046,0.650,NaN,78,0,1.281,-1.327,517.000,198.000,542.000,250.000,NaN,NaN,NaN,NaN,NaN,NaN,NaN
266,0,3079.000,26.019,-1.682,-0.010,0.004,0.627,0.098,79,0,0.754,-1.080,694.000,203.000,727.000,287.000,25.940,-1.600,-1.320,1.850,0.610,1.920,2.316
267,2,3079.000,25.430,-2.216,-0.008,0.014,0.528,0.011,79,0,0.421,-1.501,729.000,200.000,759.000,291.000,25.390,-2.170,-1.300,0.920,0.660,1.840,-0.709
268,17,3079.000,49.937,-6.622,0.344,-0.055,0.047,NaN,79,0,-1.857,-0.967,783.000,199.000,814.000,240.000,NaN,NaN,NaN,NaN,NaN,NaN,NaN
269,163,3079.000,38.198,-5.029,-0.009,-0.012,NaN,NaN,79,0,-1.244,-1.323,NaN,NaN,NaN,NaN,NaN,NaN,NaN,NaN,NaN,NaN,NaN
270,227,3079.000,35.749,2.385,-0.173,-0.043,0.668,0.959,79,0,-1.181,2.944,518.000,198.000,542.000,250.000,35.790,2.360,-1.310,1.980,0.630,1.860,-2.874
271,0,3080.000,25.982,-1.679,-0.016,0.005,0.597,0.170,80,0,0.607,-0.869,694.000,203.000,728.000,289.000,25.950,-1.690,-1.260,0.970,0.470,1.780,-2.950
272,2,3080.000,25.418,-2.192,-0.008,0.015,0.571,0.021,80,0,0.661,-1.483,729.000,201.000,759.000,291.000,25.400,-2.190,-1.270,0.950,0.610,1.880,-0.445
273,17,3080.000,50.638,-6.758,0.351,-0.062,0.086,NaN,80,0,-0.903,-0.516,783.000,198.000,815.000,235.000,NaN,NaN,NaN,NaN,NaN,NaN,NaN
274,163,3080.000,38.215,-5.080,-0.010,-0.020,0.437,NaN,80,0,-0.341,-1.323,781.000,199.000,816.000,257.000,NaN,NaN,NaN,NaN,NaN,NaN,NaN
275,227,3080.000,35.367,2.197,-0.217,-0.072,0.659,0.758,80,0,-1.033,-0.001,519.000,195.000,544.000,249.000,35.440,2.190,-1.320,0.750,0.650,1.810,0.525
276,0,3081.000,25.968,-1.689,-0.017,0.001,0.540,NaN,81,0,0.748,-1.327,693.000,204.000,724.000,288.000,NaN,NaN,NaN,NaN,NaN,NaN,NaN
277,2,3081.000,25.408,-2.177,-0.009,0.015,NaN,NaN,81,0,-1.936,-1.326,NaN,NaN,NaN,NaN,NaN,NaN,NaN,NaN,NaN,NaN,NaN
278,17,3081.000,51.294,-6.883,0.358,-0.066,0.097,NaN,81,0,-1.236,-0.729,783.000,198.000,817.000,237.000,NaN,NaN,NaN,NaN,NaN,NaN,NaN
279,163,3081.000,38.270,-5.124,-0.009,-0.023,0.499,NaN,81,0,0.239,-1.323,782.000,198.000,817.000,260.000,NaN,NaN,NaN,NaN,NaN,NaN,NaN
280,227,3081.000,35.165,2.195,-0.217,-0.048,0.633,NaN,81,0,1.083,-1.324,525.000,198.000,546.000,247.000,NaN,NaN,NaN,NaN,NaN,NaN,NaN
281,0,3082.000,25.996,-1.683,-0.009,0.002,0.628,0.847,82,0,0.754,1.725,693.000,203.000,726.000,288.000,26.060,-1.670,-1.270,0.870,0.620,1.800,0.697
282,2,3082.000,25.450,-2.240,0.002,0.001,0.637,0.051,82,0,0.809,-1.375,729.000,201.000,760.000,290.000,25.500,-2.300,-1.360,0.800,0.590,1.770,-0.865
283,17,3082.000,52.000,-6.934,0.367,-0.057,0.055,NaN,82,0,-1.613,-0.893,764.000,198.000,817.000,254.000,NaN,NaN,NaN,NaN,NaN,NaN,NaN
284,163,3082.000,38.296,-5.154,-0.009,-0.023,0.503,NaN,82,0,0.239,-1.323,782.000,198.000,817.000,262.000,NaN,NaN,NaN,NaN,NaN,NaN,NaN
285,227,3082.000,34.977,2.144,-0.208,-0.048,0.606,0.038,82,0,-1.357,-2.217,524.000,195.000,547.000,247.000,35.150,2.160,-1.150,0.800,0.650,1.930,0.194
286,0,3083.000,26.003,-1.685,-0.006,0.002,0.581,0.017,83,0,0.497,-1.539,694.000,203.000,726.000,287.000,26.020,-1.690,-1.210,0.790,0.620,1.670,0.132
287,2,3083.000,25.448,-2.227,0.003,0.007,0.390,0.231,83,0,-0.526,-0.624,729.000,200.000,759.000,284.000,25.430,-2.230,-1.230,0.870,0.580,1.850,-0.754
288,17,3083.000,52.421,-6.967,0.369,-0.052,0.030,NaN,83,0,-1.594,-0.751,769.000,205.000,820.000,257.000,NaN,NaN,NaN,NaN,NaN,NaN,NaN
289,163,3083.000,38.103,-5.142,-0.021,-0.020,0.527,NaN,83,0,0.468,-1.323,783.000,199.000,817.000,261.000,NaN,NaN,NaN,NaN,NaN,NaN,NaN
290,227,3083.000,34.796,2.093,-0.198,-0.049,0.707,0.330,83,0,-0.589,-1.377,525.000,196.000,552.000,252.000,34.930,2.090,-1.170,1.950,0.600,1.800,-2.719
291,0,3084.000,25.997,-1.715,-0.007,-0.007,0.368,NaN,84,0,-0.369,-1.327,696.000,204.000,723.000,288.000,NaN,NaN,NaN,NaN,NaN,NaN,NaN
292,2,3084.000,25.454,-2.287,0.003,-0.006,0.272,NaN,84,0,-0.766,-1.326,729.000,201.000,759.000,287.000,NaN,NaN,NaN,NaN,NaN,NaN,NaN
293,163,3084.000,37.929,-5.093,-0.027,-0.009,0.552,NaN,84,0,0.639,-1.323,772.000,198.000,817.000,262.000,NaN,NaN,NaN,NaN,NaN,NaN,NaN
294,227,3084.000,34.593,2.068,-0.198,-0.043,0.722,NaN,84,0,2.434,-1.322,527.000,193.000,555.000,255.000,NaN,NaN,NaN,NaN,NaN,NaN,NaN
295,0,3085.000,25.951,-1.687,-0.016,0.001,0.575,0.549,85,0,0.441,0.164,695.000,202.000,725.000,290.000,25.940,-1.620,-1.340,0.960,0.490,1.830,2.615
296,2,3085.000,25.458,-2.238,0.004,0.008,0.558,0.018,85,0,0.607,-1.483,728.000,201.000,759.000,290.000,25.440,-2.110,-1.280,0.920,0.610,1.830,0.640
297,163,3085.000,37.778,-5.039,-0.031,-0.000,0.552,NaN,85,0,0.639,-1.323,771.000,198.000,817.000,261.000,NaN,NaN,NaN,NaN,NaN,NaN,NaN
298,227,3085.000,34.400,2.027,-0.197,-0.045,0.761,NaN,85,0,3.077,-1.322,529.000,193.000,556.000,259.000,NaN,NaN,NaN,NaN,NaN,NaN,NaN
299,0,3086.000,26.021,-1.716,0.002,-0.003,0.084,0.500,86,0,-2.323,-0.005,696.000,205.000,725.000,272.000,26.130,-1.750,-1.250,1.060,0.600,1.850,-0.869
300,2,3086.000,25.476,-2.227,0.007,0.011,0.034,0.231,86,0,-2.896,-0.624,701.000,208.000,729.000,256.000,25.480,-2.250,-1.280,0.910,0.580,1.880,-0.674
301,163,3086.000,37.692,-4.999,-0.033,0.006,0.514,NaN,86,0,0.306,-1.322,772.000,198.000,817.000,265.000,NaN,NaN,NaN,NaN,NaN,NaN,NaN
302,227,3086.000,34.332,1.985,-0.170,-0.051,0.682,0.392,86,0,-0.724,-1.126,531.000,192.000,559.000,255.000,34.440,1.970,-1.030,0.750,0.640,1.770,0.493
303,0,3087.000,26.027,-1.715,0.004,-0.001,0.643,NaN,87,0,1.595,-1.327,694.000,202.000,722.000,290.000,NaN,NaN,NaN,NaN,NaN,NaN,NaN
304,2,3087.000,25.482,-2.215,0.006,0.011,NaN,NaN,87,0,-1.248,-1.326,NaN,NaN,NaN,NaN,NaN,NaN,NaN,NaN,NaN,NaN,NaN
305,163,3087.000,37.707,-4.964,-0.027,0.009,0.638,NaN,87,0,1.407,-1.322,771.000,199.000,816.000,268.000,NaN,NaN,NaN,NaN,NaN,NaN,NaN
306,227,3087.000,34.158,1.921,-0.170,-0.055,0.791,NaN,87,0,3.665,-1.317,534.000,192.000,561.000,257.000,NaN,NaN,NaN,NaN,NaN,NaN,NaN
307,0,3088.000,26.075,-1.705,0.013,0.005,0.666,0.963,88,0,1.024,4.938,696.000,202.000,728.000,290.000,26.120,-1.680,-1.370,1.770,0.550,1.780,-0.825
308,2,3088.000,25.463,-2.208,-0.000,0.009,0.056,0.052,88,0,-2.456,-1.312,728.000,201.000,760.000,281.000,25.430,-2.220,-1.290,0.910,0.610,1.810,-0.640
309,163,3088.000,37.712,-4.933,-0.026,0.014,0.704,NaN,88,0,2.128,-1.322,771.000,199.000,816.000,267.000,NaN,NaN,NaN,NaN,NaN,NaN,NaN
310,227,3088.000,34.128,1.854,-0.146,-0.063,0.772,0.014,88,0,0.267,-2.152,535.000,192.000,562.000,251.000,34.210,1.840,-1.070,0.810,0.700,1.920,0.624
311,0,3089.000,26.075,-1.693,0.010,0.006,0.590,0.072,89,0,0.553,-1.221,697.000,201.000,722.000,290.000,26.040,-1.690,-1.280,0.870,0.500,1.700,-0.777
312,2,3089.000,25.436,-2.210,-0.006,0.006,0.647,0.392,89,0,1.116,-0.263,730.000,199.000,758.000,286.000,25.390,-2.220,-1.300,0.890,0.490,1.790,-0.694
313,163,3089.000,37.755,-4.914,-0.024,0.016,0.670,NaN,89,0,1.724,-1.322,771.000,199.000,816.000,267.000,NaN,NaN,NaN,NaN,NaN,NaN,NaN
314,227,3089.000,33.944,1.773,-0.155,-0.067,0.780,0.179,89,0,0.336,-1.607,537.000,192.000,564.000,256.000,33.860,1.690,-1.070,0.710,0.700,1.920,0.269
315,0,3090.000,26.073,-1.737,0.007,-0.007,0.670,NaN,90,0,1.916,-1.327,699.000,203.000,724.000,290.000,NaN,NaN,NaN,NaN,NaN,NaN,NaN
316,2,3090.000,25.434,-2.293,-0.004,-0.012,0.152,NaN,90,0,-1.557,-1.326,732.000,202.000,755.000,282.000,NaN,NaN,NaN,NaN,NaN,NaN,NaN
317,163,3090.000,37.775,-4.897,-0.022,0.017,0.678,NaN,90,0,1.846,-1.322,771.000,199.000,816.000,267.000,NaN,NaN,NaN,NaN,NaN,NaN,NaN
318,227,3090.000,33.793,1.696,-0.155,-0.069,0.702,NaN,90,0,2.128,-1.302,541.000,192.000,568.000,254.000,NaN,NaN,NaN,NaN,NaN,NaN,NaN
319,0,3091.000,26.043,-1.731,-0.001,-0.003,0.670,0.601,91,0,1.024,0.304,699.000,204.000,724.000,290.000,26.030,-1.700,-1.270,0.920,0.550,1.800,0.397
320,2,3091.000,25.486,-2.290,0.007,-0.009,0.670,0.046,91,0,1.024,-1.375,732.000,200.000,759.000,286.000,25.530,-2.270,-1.250,1.840,0.660,1.850,-0.706
321,163,3091.000,37.716,-4.949,-0.027,0.004,0.491,NaN,91,0,0.179,-1.322,782.000,199.000,816.000,267.000,NaN,NaN,NaN,NaN,NaN,NaN,NaN
322,227,3091.000,33.645,1.638,-0.155,-0.066,0.703,0.968,91,0,-0.510,2.532,542.000,191.000,570.000,254.000,33.650,1.660,-1.180,2.040,0.560,1.770,-2.482
323,0,3092.000,26.032,-1.719,-0.004,0.002,0.656,0.459,92,0,0.944,-0.144,696.000,203.000,721.000,290.000,26.020,-1.700,-1.260,0.740,0.460,1.760,-3.587
324,2,3092.000,25.731,-2.150,0.070,0.049,0.686,0.955,92,0,1.231,4.938,733.000,200.000,760.000,283.000,26.050,-1.690,-1.290,1.790,0.570,1.920,-0.764
325,163,3092.000,37.599,-4.974,-0.032,-0.001,0.054,NaN,92,0,-2.540,-1.322,783.000,199.000,815.000,247.000,NaN,NaN,NaN,NaN,NaN,NaN,NaN
326,227,3092.000,33.398,1.548,-0.169,-0.073,0.803,0.865,92,0,0.700,1.428,545.000,191.000,572.000,253.000,33.280,1.480,-1.150,1.890,0.630,1.820,-2.630
327,0,3093.000,26.027,-1.744,-0.003,-0.003,0.721,NaN,93,0,2.608,-1.327,695.000,203.000,729.000,290.000,NaN,NaN,NaN,NaN,NaN,NaN,NaN
328,2,3093.000,25.789,-2.259,0.067,-0.006,0.748,NaN,93,0,3.065,-1.327,730.000,200.000,760.000,286.000,NaN,NaN,NaN,NaN,NaN,NaN,NaN
329,163,3093.000,37.632,-4.961,-0.029,0.004,0.707,NaN,93,0,2.280,-1.322,771.000,199.000,817.000,267.000,NaN,NaN,NaN,NaN,NaN,NaN,NaN
330,227,3093.000,33.236,1.494,-0.167,-0.068,0.787,NaN,93,0,3.665,-1.285,547.000,191.000,575.000,252.000,NaN,NaN,NaN,NaN,NaN,NaN,NaN
331,0,3094.000,26.013,-1.721,-0.005,0.003,0.701,0.976,94,0,1.367,4.938,697.000,202.000,725.000,289.000,26.010,-1.680,-1.340,1.890,0.600,1.910,-0.843
332,2,3094.000,25.638,-2.243,0.010,-0.005,0.777,0.849,94,0,2.512,1.832,730.000,200.000,760.000,284.000,25.490,-2.250,-1.230,0.810,0.520,1.640,-0.528
333,163,3094.000,37.757,-4.961,-0.026,0.006,0.643,NaN,94,0,1.407,-1.322,771.000,198.000,817.000,267.000,NaN,NaN,NaN,NaN,NaN,NaN,NaN
334,227,3094.000,33.119,1.426,-0.155,-0.069,0.810,0.986,94,0,0.827,2.454,548.000,192.000,576.000,251.000,33.180,1.410,-1.090,1.880,0.550,1.790,-2.703
335,0,3095.000,26.001,-1.694,-0.006,0.010,0.707,0.428,95,0,1.516,-0.263,696.000,203.000,725.000,290.000,26.010,-1.670,-1.250,1.770,0.580,1.850,-0.841
336,2,3095.000,25.622,-2.243,0.000,-0.004,0.641,0.473,95,0,0.809,-0.101,771.000,199.000,814.000,271.000,25.570,-2.290,-1.250,1.680,0.610,1.830,-0.532
337,163,3095.000,37.261,-4.677,-0.046,0.055,0.020,NaN,95,0,-2.876,-1.322,770.000,205.000,794.000,247.000,NaN,NaN,NaN,NaN,NaN,NaN,NaN
338,227,3095.000,32.930,1.347,-0.160,-0.073,NaN,0.877,95,0,-4.069,1.709,541.000,187.000,593.000,268.000,32.880,1.340,-1.100,1.930,0.600,1.880,-2.715
339,0,3096.000,25.993,-1.684,-0.008,0.010,NaN,NaN,96,0,-1.181,-1.327,NaN,NaN,NaN,NaN,NaN,NaN,NaN,NaN,NaN,NaN,NaN
340,2,3096.000,25.641,-2.310,0.002,-0.022,0.728,NaN,96,0,2.756,-1.326,729.000,200.000,760.000,288.000,NaN,NaN,NaN,NaN,NaN,NaN,NaN
341,163,3096.000,37.683,-4.721,-0.032,0.044,0.725,NaN,96,0,2.590,-1.319,770.000,200.000,815.000,267.000,NaN,NaN,NaN,NaN,NaN,NaN,NaN
342,227,3096.000,32.800,1.300,-0.153,-0.069,0.818,NaN,96,0,3.993,-1.295,553.000,192.000,583.000,252.000,NaN,NaN,NaN,NaN,NaN,NaN,NaN
343,0,3097.000,25.981,-1.659,-0.008,0.013,0.070,0.438,97,0,-2.442,-0.229,695.000,202.000,724.000,271.000,25.990,-1.640,-1.290,0.950,0.500,1.810,-0.996
344,2,3097.000,25.584,-2.316,-0.010,-0.020,0.595,0.046,97,0,0.607,-1.375,730.000,199.000,756.000,290.000,25.530,-2.290,-1.160,0.810,0.560,1.660,-0.291
345,163,3097.000,37.999,-4.776,-0.024,0.031,0.772,NaN,97,0,3.261,-1.320,770.000,200.000,816.000,267.000,NaN,NaN,NaN,NaN,NaN,NaN,NaN
346,227,3097.000,32.671,1.231,-0.147,-0.069,0.809,0.147,97,0,0.827,-1.590,554.000,191.000,584.000,251.000,32.670,1.210,-1.130,1.970,0.630,1.900,-2.840
347,0,3098.000,25.978,-1.632,-0.004,0.016,0.008,0.132,98,0,-3.113,-0.992,716.000,209.000,728.000,243.000,25.980,-1.630,-1.320,1.950,0.550,1.770,2.400
348,2,3098.000,25.519,-2.287,-0.019,-0.011,0.660,0.279,98,0,1.190,-0.465,724.000,200.000,760.000,290.000,25.480,-2.210,-1.250,0.850,0.570,1.780,-0.623
349,163,3098.000,38.452,-4.963,-0.014,-0.004,0.392,NaN,98,0,-0.610,-1.320,782.000,201.000,814.000,257.000,NaN,NaN,NaN,NaN,NaN,NaN,NaN
350,227,3098.000,32.509,1.175,-0.151,-0.066,0.821,0.423,98,0,1.243,-0.882,557.000,192.000,586.000,251.000,32.460,1.200,-1.080,0.850,0.600,1.760,0.568
351,0,3099.000,25.965,-1.693,-0.003,-0.005,0.692,NaN,99,0,2.173,-1.327,697.000,202.000,725.000,290.000,NaN,NaN,NaN,NaN,NaN,NaN,NaN
352,2,3099.000,25.495,-2.314,-0.021,-0.016,0.781,NaN,99,0,3.620,-1.326,728.000,200.000,759.000,291.000,NaN,NaN,NaN,NaN,NaN,NaN,NaN
353,163,3099.000,38.282,-4.931,-0.019,0.000,0.471,NaN,99,0,0.057,-1.322,771.000,200.000,812.000,262.000,NaN,NaN,NaN,NaN,NaN,NaN,NaN
354,227,3099.000,32.356,1.131,-0.152,-0.061,0.812,NaN,99,0,3.809,-1.301,559.000,192.000,588.000,250.000,NaN,NaN,NaN,NaN,NaN,NaN,NaN
355,0,3100.000,25.984,-1.707,0.002,-0.008,0.627,0.336,100,0,0.754,-0.448,697.000,201.000,726.000,289.000,26.030,-1.740,-1.350,0.860,0.570,1.760,-0.007
356,2,3100.000,25.443,-2.305,-0.025,-0.009,0.743,0.100,100,0,2.178,-1.010,728.000,199.000,759.000,288.000,25.430,-2.260,-1.360,0.760,0.740,1.830,-1.057
357,163,3100.000,38.209,-4.947,-0.020,-0.005,0.665,NaN,100,0,1.613,-1.322,773.000,200.000,817.000,267.000,NaN,NaN,NaN,NaN,NaN,NaN,NaN
358,227,3100.000,32.188,1.064,-0.155,-0.062,0.826,0.986,100,0,1.487,2.487,560.000,192.000,589.000,251.000,32.140,1.050,-1.120,2.010,0.600,1.820,-2.729
359,0,3101.000,25.982,-1.729,0.001,-0.013,0.577,0.050,101,0,0.497,-1.375,698.000,201.000,728.000,282.000,26.000,-1.750,-1.220,0.710,0.630,1.740,-0.673
360,2,3101.000,25.489,-2.296,-0.009,-0.004,0.071,0.980,101,0,-2.441,4.938,729.000,200.000,753.000,285.000,25.580,-2.250,-1.270,1.840,0.580,1.810,-0.702
361,163,3101.000,38.146,-4.971,-0.021,-0.009,0.552,NaN,101,0,0.639,-1.322,774.000,199.000,818.000,261.000,NaN,NaN,NaN,NaN,NaN,NaN,NaN
362,227,3101.000,32.043,1.022,-0.153,-0.057,0.811,0.983,101,0,1.054,2.487,562.000,192.000,591.000,251.000,32.050,1.070,-1.130,1.880,0.600,1.870,-2.608
363,0,3102.000,25.984,-1.764,0.002,-0.019,0.586,NaN,102,0,0.941,-1.327,697.000,201.000,727.000,270.000,NaN,NaN,NaN,NaN,NaN,NaN,NaN
364,2,3102.000,25.479,-2.307,-0.010,-0.007,0.526,NaN,102,0,0.663,-1.326,727.000,201.000,758.000,288.000,NaN,NaN,NaN,NaN,NaN,NaN,NaN
365,163,3102.000,38.232,-4.969,-0.018,-0.004,0.677,NaN,102,0,1.846,-1.322,768.000,199.000,817.000,264.000,NaN,NaN,NaN,NaN,NaN,NaN,NaN
366,227,3102.000,31.893,0.981,-0.151,-0.053,0.826,NaN,102,0,4.156,-1.305,565.000,193.000,594.000,251.000,NaN,NaN,NaN,NaN,NaN,NaN,NaN
367,0,3103.000,26.009,-1.764,0.008,-0.015,0.621,0.674,103,0,0.705,0.512,697.000,201.000,727.000,270.000,26.030,-1.730,-1.290,0.790,0.570,1.840,-0.164
368,2,3103.000,25.513,-2.275,-0.002,0.004,0.658,0.163,103,0,0.944,-0.899,727.000,200.000,759.000,287.000,25.560,-2.200,-1.230,1.780,0.600,1.870,-0.532
369,163,3103.000,38.139,-4.957,-0.019,-0.003,0.447,NaN,103,0,-0.273,-1.322,771.000,198.000,818.000,258.000,NaN,NaN,NaN,NaN,NaN,NaN,NaN
370,227,3103.000,31.750,0.935,-0.154,-0.050,0.838,0.969,103,0,1.781,2.487,565.000,192.000,595.000,251.000,31.770,0.970,-1.070,1.640,0.530,1.760,-2.695
371,0,3104.000,26.009,-1.774,0.007,-0.014,0.587,0.629,104,0,0.553,0.377,697.000,201.000,726.000,271.000,26.000,-1.760,-1.360,0.870,0.480,1.710,-0.330
372,2,3104.000,25.473,-2.234,-0.010,0.013,0.662,0.054,104,0,1.190,-1.312,725.000,200.000,754.000,291.000,25.440,-2.180,-1.280,0.940,0.550,1.940,-0.331
373,163,3104.000,38.196,-4.972,-0.017,-0.004,0.500,NaN,104,0,0.239,-1.322,770.000,200.000,820.000,263.000,NaN,NaN,NaN,NaN,NaN,NaN,NaN
374,227,3104.000,31.606,0.903,-0.154,-0.045,0.816,0.331,104,0,1.243,-1.055,567.000,192.000,599.000,250.000,31.620,0.950,-1.010,1.800,0.600,1.880,-2.646
375,0,3105.000,26.009,-1.834,0.005,-0.026,0.058,NaN,105,0,-2.155,-1.327,696.000,202.000,750.000,272.000,NaN,NaN,NaN,NaN,NaN,NaN,NaN
376,2,3105.000,25.454,-2.224,-0.013,0.013,0.026,NaN,105,0,-2.815,-1.326,722.000,224.000,752.000,284.000,NaN,NaN,NaN,NaN,NaN,NaN,NaN
377,163,3105.000,38.012,-5.012,-0.020,-0.015,0.363,NaN,105,0,-0.585,-1.322,782.000,198.000,815.000,261.000,NaN,NaN,NaN,NaN,NaN,NaN,NaN
378,227,3105.000,31.450,0.868,-0.154,-0.043,0.775,NaN,105,0,3.021,-1.302,569.000,192.000,599.000,252.000,NaN,NaN,NaN,NaN,NaN,NaN,NaN
379,0,3106.000,26.012,-1.808,0.004,-0.014,0.425,0.196,106,0,-0.526,-0.785,696.000,203.000,727.000,265.000,26.000,-1.730,-1.260,0.740,0.640,1.860,-0.558
380,2,3106.000,25.459,-2.220,-0.011,0.010,0.127,0.371,106,0,-1.984,-0.389,770.000,197.000,800.000,256.000,25.500,-2.230,-1.290,1.890,0.540,1.880,-0.701
381,163,3106.000,38.107,-5.066,-0.018,-0.021,0.432,NaN,106,0,-0.405,-1.322,783.000,200.000,814.000,257.000,NaN,NaN,NaN,NaN,NaN,NaN,NaN
382,227,3106.000,31.293,0.830,-0.153,-0.041,0.812,0.934,106,0,1.273,6.654,570.000,192.000,601.000,251.000,31.300,0.860,-1.070,0.850,0.630,1.690,0.610
383,0,3107.000,26.017,-1.795,0.005,-0.006,0.387,NaN,107,0,-0.432,-1.327,695.000,203.000,726.000,268.000,NaN,NaN,NaN,NaN,NaN,NaN,NaN
384,2,3107.000,25.488,-2.176,-0.003,0.019,0.031,0.010,107,0,-3.012,-1.556,716.000,201.000,752.000,281.000,25.560,-2.120,-1.380,0.870,0.560,1.850,-0.672
385,163,3107.000,38.635,-5.122,-0.002,-0.012,0.498,NaN,107,0,0.239,-1.323,770.000,197.000,814.000,264.000,NaN,NaN,NaN,NaN,NaN,NaN,NaN
386,227,3107.000,31.111,0.789,-0.160,-0.041,NaN,0.105,107,0,-3.753,-1.502,561.000,189.000,614.000,268.000,31.060,0.790,-1.080,1.820,0.560,1.750,-2.706
387,0,3108.000,26.021,-1.800,0.004,-0.005,NaN,NaN,108,0,-2.639,-1.327,NaN,NaN,NaN,NaN,NaN,NaN,NaN,NaN,NaN,NaN,NaN
388,2,3108.000,25.493,-2.114,0.000,0.030,0.079,NaN,108,0,-1.744,-1.326,698.000,202.000,751.000,286.000,NaN,NaN,NaN,NaN,NaN,NaN,NaN
389,163,3108.000,38.855,-5.113,0.003,-0.002,0.436,NaN,108,0,-0.151,-1.323,770.000,197.000,813.000,263.000,NaN,NaN,NaN,NaN,NaN,NaN,NaN
390,227,3108.000,30.949,0.736,-0.162,-0.045,0.774,NaN,108,0,3.021,-1.295,575.000,196.000,605.000,251.000,NaN,NaN,NaN,NaN,NaN,NaN,NaN
391,0,3109.000,26.017,-1.859,0.001,-0.019,0.096,NaN,109,0,-1.826,-1.327,696.000,202.000,746.000,282.000,NaN,NaN,NaN,NaN,NaN,NaN,NaN
392,2,3109.000,25.511,-2.132,0.005,0.020,0.063,0.369,109,0,-2.587,-0.389,722.000,201.000,751.000,282.000,25.540,-2.210,-1.260,0.840,0.530,1.810,-0.450
393,163,3109.000,39.025,-5.097,0.009,0.006,0.471,NaN,109,0,0.057,-1.323,770.000,197.000,813.000,264.000,NaN,NaN,NaN,NaN,NaN,NaN,NaN
394,227,3109.000,30.894,0.694,-0.143,-0.046,0.797,0.344,109,0,1.127,-0.911,575.000,198.000,608.000,251.000,30.960,0.710,-1.080,0.850,0.580,1.800,0.624
395,0,3110.000,26.021,-2.077,-0.004,-0.064,0.065,NaN,110,0,-1.822,-1.327,719.000,201.000,750.000,284.000,NaN,NaN,NaN,NaN,NaN,NaN,NaN
396,2,3110.000,25.529,-2.095,0.009,0.025,0.182,0.086,110,0,-1.678,-1.115,696.000,202.000,749.000,286.000,25.550,-2.060,-1.240,0.880,0.550,1.700,-0.266
397,163,3110.000,39.336,-5.175,0.016,-0.004,0.463,NaN,110,0,-0.011,-1.323,782.000,200.000,814.000,262.000,NaN,NaN,NaN,NaN,NaN,NaN,NaN
398,227,3110.000,30.741,0.654,-0.146,-0.044,0.811,0.847,110,0,1.273,1.167,578.000,198.000,608.000,252.000,30.720,0.670,-1.020,0.800,0.630,1.950,0.055
399,0,3111.000,26.014,-2.177,-0.006,-0.070,0.496,NaN,111,0,0.432,-1.326,719.000,200.000,751.000,285.000,NaN,NaN,NaN,NaN,NaN,NaN,NaN
400,2,3111.000,25.538,-2.073,0.009,0.022,NaN,NaN,111,0,-0.714,-1.327,NaN,NaN,NaN,NaN,NaN,NaN,NaN,NaN,NaN,NaN,NaN
401,163,3111.000,39.505,-5.163,0.022,0.002,0.466,NaN,111,0,0.057,-1.323,770.000,197.000,813.000,264.000,NaN,NaN,NaN,NaN,NaN,NaN,NaN
402,227,3111.000,30.593,0.601,-0.148,-0.045,0.767,NaN,111,0,3.021,-1.295,580.000,198.000,611.000,252.000,NaN,NaN,NaN,NaN,NaN,NaN,NaN
403,0,3112.000,26.959,-2.508,0.120,-0.164,0.589,0.161,112,0,0.327,-0.983,770.000,197.000,813.000,265.000,26.920,-3.290,-1.220,0.730,0.660,1.610,0.020
404,2,3112.000,25.551,-2.096,0.009,0.012,0.597,0.562,112,0,0.607,0.193,719.000,200.000,751.000,285.000,25.550,-2.130,-1.160,0.880,0.530,1.670,-0.683
405,163,3112.000,40.324,-5.311,0.035,-0.011,0.065,NaN,112,0,-2.391,-1.323,783.000,199.000,814.000,258.000,NaN,NaN,NaN,NaN,NaN,NaN,NaN
406,227,3112.000,30.409,0.547,-0.157,-0.047,0.792,0.968,112,0,1.237,5.979,582.000,198.000,612.000,251.000,30.380,0.530,-1.080,1.740,0.580,1.900,-2.736
407,0,3113.000,27.058,-2.720,0.125,-0.186,0.464,NaN,113,0,-0.011,-1.300,770.000,198.000,813.000,265.000,NaN,NaN,NaN,NaN,NaN,NaN,NaN
408,2,3113.000,25.547,-2.112,0.007,0.007,0.753,0.322,113,0,1.976,-0.495,719.000,200.000,751.000,285.000,25.540,-2.150,-1.250,0.850,0.520,1.760,-0.254
409,163,3113.000,40.888,-5.418,0.045,-0.019,0.059,NaN,113,0,-2.392,-1.324,783.000,199.000,814.000,257.000,NaN,NaN,NaN,NaN,NaN,NaN,NaN
410,227,3113.000,30.230,0.514,-0.162,-0.042,0.778,0.241,113,0,1.158,-1.024,583.000,197.000,614.000,253.000,30.190,0.540,-1.100,0.970,0.530,1.920,-2.498
411,0,3114.000,27.181,-2.952,0.121,-0.214,0.030,NaN,114,0,-2.557,-1.205,770.000,210.000,799.000,267.000,NaN,NaN,NaN,NaN,NaN,NaN,NaN
412,2,3114.000,25.550,-2.156,0.003,-0.004,0.689,NaN,114,0,2.173,-1.327,721.000,200.000,751.000,285.000,NaN,NaN,NaN,NaN,NaN,NaN,NaN
413,163,3114.000,41.163,-5.438,0.052,-0.015,0.607,NaN,114,0,1.112,-1.324,770.000,198.000,814.000,268.000,NaN,NaN,NaN,NaN,NaN,NaN,NaN
414,227,3114.000,30.067,0.478,-0.164,-0.041,0.710,NaN,114,0,2.280,-1.297,585.000,195.000,615.000,267.000,NaN,NaN,NaN,NaN,NaN,NaN,NaN
415,0,3115.000,27.329,-3.215,0.120,-0.236,0.608,NaN,115,0,1.112,-1.246,770.000,198.000,814.000,269.000,NaN,NaN,NaN,NaN,NaN,NaN,NaN
416,2,3115.000,25.589,-2.141,0.009,-0.002,0.688,0.026,115,0,1.231,-1.506,720.000,200.000,751.000,285.000,25.640,-2.110,-1.290,0.800,0.530,1.830,-0.226
417,163,3115.000,41.734,-5.549,0.059,-0.023,0.119,NaN,115,0,-1.914,-1.324,783.000,200.000,815.000,260.000,NaN,NaN,NaN,NaN,NaN,NaN,NaN
418,227,3115.000,29.972,0.451,-0.150,-0.037,0.706,0.070,115,0,0.526,-1.519,586.000,197.000,616.000,266.000,30.030,0.470,-1.170,0.680,0.710,1.850,0.620
419,0,3116.000,27.454,-3.470,0.118,-0.243,0.607,NaN,116,0,1.112,-1.296,770.000,198.000,814.000,270.000,NaN,NaN,NaN,NaN,NaN,NaN,NaN
420,2,3116.000,25.578,-2.148,0.004,-0.007,0.726,0.684,116,0,1.790,0.559,720.000,200.000,751.000,286.000,25.550,-2.160,-1.250,0.920,0.510,1.820,-0.299
421,163,3116.000,42.094,-5.619,0.063,-0.026,0.128,NaN,116,0,-1.857,-1.325,783.000,199.000,814.000,258.000,NaN,NaN,NaN,NaN,NaN,NaN,NaN
422,227,3116.000,29.815,0.405,-0.149,-0.041,0.765,0.765,116,0,1.091,0.513,588.000,198.000,619.000,271.000,29.810,0.390,-1.120,0.940,0.580,1.960,-2.801
423,0,3117.000,27.556,-3.656,0.118,-0.228,0.658,NaN,117,0,1.613,-1.310,770.000,198.000,814.000,269.000,NaN,NaN,NaN,NaN,NaN,NaN,NaN
424,2,3117.000,25.583,-2.176,0.004,-0.012,0.685,NaN,117,0,2.173,-1.327,719.000,200.000,751.000,286.000,NaN,NaN,NaN,NaN,NaN,NaN,NaN
425,163,3117.000,42.413,-5.675,0.068,-0.025,0.115,NaN,117,0,-1.915,-1.325,783.000,199.000,814.000,257.000,NaN,NaN,NaN,NaN,NaN,NaN,NaN
426,227,3117.000,29.665,0.357,-0.149,-0.043,0.773,NaN,117,0,3.261,-1.303,590.000,197.000,621.000,271.000,NaN,NaN,NaN,NaN,NaN,NaN,NaN
427,0,3118.000,27.586,-3.619,0.119,-0.162,0.041,NaN,118,0,-2.678,-1.315,770.000,212.000,800.000,265.000,NaN,NaN,NaN,NaN,NaN,NaN,NaN
428,2,3118.000,25.537,-2.173,-0.006,-0.009,0.573,0.014,118,0,0.441,-1.556,770.000,198.000,814.000,269.000,25.500,-2.140,-1.270,1.910,0.490,1.890,-0.699
429,163,3118.000,42.556,-5.701,0.071,-0.024,0.087,NaN,118,0,-2.101,-1.325,783.000,199.000,815.000,259.000,NaN,NaN,NaN,NaN,NaN,NaN,NaN
430,227,3118.000,29.593,0.320,-0.129,-0.042,0.781,0.941,118,0,1.158,5.979,591.000,197.000,622.000,272.000,29.650,0.310,-1.120,1.000,0.470,1.830,-2.829
431,0,3119.000,27.678,-3.716,0.120,-0.147,0.541,NaN,119,0,0.556,-1.314,770.000,198.000,814.000,269.000,NaN,NaN,NaN,NaN,NaN,NaN,NaN
432,2,3119.000,25.528,-2.176,-0.001,-0.007,0.745,0.055,119,0,1.893,-1.375,720.000,200.000,753.000,286.000,25.520,-2.130,-1.250,0.910,0.530,1.960,-0.700
433,163,3119.000,42.894,-5.750,0.077,-0.022,0.140,NaN,119,0,-1.609,-1.325,783.000,199.000,815.000,261.000,NaN,NaN,NaN,NaN,NaN,NaN,NaN
434,227,3119.000,29.465,0.277,-0.130,-0.042,0.801,0.644,119,0,1.575,0.057,592.000,199.000,623.000,272.000,29.450,0.270,-1.150,0.880,0.480,1.830,-2.957
435,0,3120.000,27.671,-3.687,0.106,-0.106,0.224,NaN,120,0,-1.175,-1.314,770.000,198.000,805.000,268.000,NaN,NaN,NaN,NaN,NaN,NaN,NaN
436,2,3120.000,25.524,-2.195,-0.001,-0.010,0.680,NaN,120,0,2.039,-1.326,720.000,199.000,752.000,287.000,NaN,NaN,NaN,NaN,NaN,NaN,NaN
437,163,3120.000,43.243,-5.797,0.084,-0.019,0.449,NaN,120,0,-0.082,-1.325,783.000,200.000,815.000,266.000,NaN,NaN,NaN,NaN,NaN,NaN,NaN
438,227,3120.000,29.335,0.254,-0.131,-0.037,0.770,NaN,120,0,3.261,-1.313,594.000,199.000,624.000,270.000,NaN,NaN,NaN,NaN,NaN,NaN,NaN
439,0,3121.000,27.689,-3.581,0.094,-0.058,0.023,NaN,121,0,-2.858,-1.314,771.000,198.000,795.000,243.000,NaN,NaN,NaN,NaN,NaN,NaN,NaN
440,2,3121.000,25.514,-2.173,-0.004,-0.001,0.725,0.058,121,0,1.662,-1.294,719.000,200.000,752.000,283.000,25.520,-2.100,-1.280,0.810,0.530,1.830,-0.011
441,163,3121.000,42.623,-5.589,0.083,0.009,0.042,NaN,121,0,-2.433,-1.326,770.000,204.000,802.000,267.000,NaN,NaN,NaN,NaN,NaN,NaN,NaN
442,227,3121.000,29.249,0.213,-0.123,-0.039,0.798,0.686,121,0,1.575,0.249,596.000,200.000,626.000,271.000,29.290,0.200,-1.170,0.950,0.510,1.830,-2.592
443,0,3122.000,27.770,-3.633,0.092,-0.057,0.399,NaN,122,0,-0.379,-1.312,774.000,200.000,815.000,267.000,NaN,NaN,NaN,NaN,NaN,NaN,NaN
444,2,3122.000,25.503,-2.163,-0.004,0.001,0.772,0.018,122,0,2.118,-1.539,719.000,200.000,752.000,288.000,25.510,-2.130,-1.300,0.730,0.490,1.710,-0.686
445,163,3122.000,43.251,-5.700,0.090,-0.002,0.116,NaN,122,0,-1.915,-1.325,783.000,201.000,815.000,246.000,NaN,NaN,NaN,NaN,NaN,NaN,NaN
446,227,3122.000,29.164,0.179,-0.116,-0.037,0.780,0.420,122,0,1.385,-0.584,597.000,200.000,627.000,271.000,29.210,0.200,-1.120,0.780,0.710,1.820,0.083
447,0,3123.000,27.862,-3.689,0.092,-0.057,NaN,NaN,123,0,-1.896,-1.312,NaN,NaN,NaN,NaN,NaN,NaN,NaN,NaN,NaN,NaN,NaN
448,2,3123.000,25.492,-2.189,-0.007,-0.007,0.741,NaN,123,0,2.907,-1.326,721.000,200.000,752.000,286.000,NaN,NaN,NaN,NaN,NaN,NaN,NaN
449,163,3123.000,43.549,-5.747,0.096,-0.006,0.641,NaN,123,0,1.407,-1.325,780.000,199.000,815.000,267.000,NaN,NaN,NaN,NaN,NaN,NaN,NaN
450,227,3123.000,29.047,0.142,-0.117,-0.036,0.775,NaN,123,0,3.261,-1.316,599.000,195.000,630.000,270.000,NaN,NaN,NaN,NaN,NaN,NaN,NaN
451,0,3124.000,27.954,-3.747,0.091,-0.057,NaN,NaN,124,0,-2.035,-1.312,NaN,NaN,NaN,NaN,NaN,NaN,NaN,NaN,NaN,NaN,NaN
452,2,3124.000,25.545,-2.193,0.006,-0.006,NaN,0.024,124,0,-3.127,-1.539,702.000,196.000,768.000,300.000,25.580,-2.190,-1.300,1.730,0.560,1.890,-0.515
453,163,3124.000,43.561,-5.752,0.094,-0.008,0.589,NaN,124,0,0.941,-1.325,781.000,200.000,813.000,265.000,NaN,NaN,NaN,NaN,NaN,NaN,NaN
454,227,3124.000,29.054,0.100,-0.089,-0.036,0.786,0.036,124,0,1.466,-1.654,601.000,194.000,632.000,271.000,29.210,0.100,-1.110,0.820,0.650,1.730,-0.302
455,0,3125.000,28.247,-3.767,0.106,-0.046,0.529,NaN,125,0,0.468,-1.313,771.000,200.000,817.000,268.000,NaN,NaN,NaN,NaN,NaN,NaN,NaN
456,2,3125.000,25.553,-2.199,0.008,-0.006,NaN,NaN,125,0,-2.998,-1.326,NaN,NaN,NaN,NaN,NaN,NaN,NaN,NaN,NaN,NaN,NaN
457,163,3125.000,43.911,-5.843,0.095,-0.019,0.041,NaN,125,0,-2.698,-1.325,784.000,200.000,817.000,251.000,NaN,NaN,NaN,NaN,NaN,NaN,NaN
458,227,3125.000,28.948,0.057,-0.093,-0.037,0.725,0.022,125,0,0.897,-1.726,602.000,199.000,633.000,271.000,28.940,0.070,-1.150,1.020,0.560,1.930,-2.903
459,0,3126.000,28.206,-3.847,0.096,-0.057,0.032,NaN,126,0,-2.512,-1.313,781.000,201.000,833.000,270.000,NaN,NaN,NaN,NaN,NaN,NaN,NaN
460,2,3126.000,25.567,-2.213,0.011,-0.006,0.760,NaN,126,0,3.236,-1.326,719.000,199.000,753.000,287.000,NaN,NaN,NaN,NaN,NaN,NaN,NaN
461,163,3126.000,44.059,-5.870,0.098,-0.019,0.474,NaN,126,0,0.057,-1.325,782.000,200.000,814.000,262.000,NaN,NaN,NaN,NaN,NaN,NaN,NaN
462,227,3126.000,28.861,0.016,-0.092,-0.037,0.767,NaN,126,0,3.261,-1.313,604.000,201.000,636.000,273.000,NaN,NaN,NaN,NaN,NaN,NaN,NaN
463,0,3127.000,28.303,-3.904,0.098,-0.057,NaN,NaN,127,0,-2.780,-1.315,NaN,NaN,NaN,NaN,NaN,NaN,NaN,NaN,NaN,NaN,NaN
464,2,3127.000,25.451,-2.165,-0.011,0.005,0.769,0.275,127,0,2.423,-0.465,719.000,200.000,753.000,286.000,25.400,-2.080,-1.230,0.770,0.690,1.790,2.350
465,163,3127.000,43.885,-5.810,0.096,-0.011,0.371,NaN,127,0,-0.715,-1.326,781.000,200.000,809.000,260.000,NaN,NaN,NaN,NaN,NaN,NaN,NaN
466,227,3127.000,28.773,-0.027,-0.091,-0.039,0.755,NaN,127,0,2.906,-1.313,607.000,199.000,638.000,274.000,NaN,NaN,NaN,NaN,NaN,NaN,NaN
467,0,3128.000,28.401,-3.960,0.097,-0.056,NaN,NaN,128,0,-2.228,-1.315,NaN,NaN,NaN,NaN,NaN,NaN,NaN,NaN,NaN,NaN,NaN
468,2,3128.000,25.447,-2.174,-0.011,0.003,0.769,NaN,128,0,3.422,-1.326,719.000,200.000,752.000,286.000,NaN,NaN,NaN,NaN,NaN,NaN,NaN
469,163,3128.000,44.045,-5.821,0.100,-0.010,0.529,NaN,128,0,0.468,-1.325,780.000,200.000,811.000,264.000,NaN,NaN,NaN,NaN,NaN,NaN,NaN
470,227,3128.000,28.700,-0.055,-0.087,-0.035,0.783,NaN,128,0,3.460,-1.312,607.000,200.000,639.000,274.000,NaN,NaN,NaN,NaN,NaN,NaN,NaN
471,0,3129.000,28.499,-4.014,0.098,-0.055,NaN,NaN,129,0,-2.166,-1.316,NaN,NaN,NaN,NaN,NaN,NaN,NaN,NaN,NaN,NaN,NaN
472,2,3129.000,25.388,-2.156,-0.017,0.008,0.776,0.172,129,0,2.512,-0.791,719.000,200.000,750.000,285.000,25.340,-2.130,-1.270,1.890,0.560,1.800,2.794
473,163,3129.000,44.145,-5.831,0.101,-0.009,NaN,NaN,129,0,-1.750,-1.326,NaN,NaN,NaN,NaN,NaN,NaN,NaN,NaN,NaN,NaN,NaN
474,227,3129.000,28.693,-0.097,-0.073,-0.035,0.790,0.590,129,0,1.466,-0.063,609.000,196.000,641.000,274.000,28.740,-0.100,-1.110,1.060,0.510,1.900,-2.808
475,0,3130.000,28.599,-4.069,0.100,-0.054,NaN,NaN,130,0,-1.500,-1.317,NaN,NaN,NaN,NaN,NaN,NaN,NaN,NaN,NaN,NaN,NaN
476,2,3130.000,25.464,-2.179,0.001,0.001,0.777,0.014,130,0,2.198,-1.556,719.000,200.000,751.000,285.000,25.570,-2.230,-1.270,0.820,0.540,1.850,-1.033
477,163,3130.000,44.607,-5.855,0.109,-0.003,0.572,NaN,130,0,0.573,-1.326,771.000,198.000,814.000,258.000,NaN,NaN,NaN,NaN,NaN,NaN,NaN
478,227,3130.000,28.633,-0.127,-0.069,-0.035,0.759,NaN,130,0,3.077,-1.308,611.000,200.000,642.000,276.000,NaN,NaN,NaN,NaN,NaN,NaN,NaN
479,0,3131.000,28.698,-4.122,0.099,-0.053,NaN,NaN,131,0,-2.621,-1.317,NaN,NaN,NaN,NaN,NaN,NaN,NaN,NaN,NaN,NaN,NaN
480,2,3131.000,25.457,-2.193,-0.001,-0.002,0.733,NaN,131,0,2.756,-1.326,719.000,199.000,754.000,285.000,NaN,NaN,NaN,NaN,NaN,NaN,NaN
481,163,3131.000,45.073,-5.882,0.116,0.000,0.469,NaN,131,0,0.057,-1.325,771.000,197.000,814.000,265.000,NaN,NaN,NaN,NaN,NaN,NaN,NaN
482,227,3131.000,28.563,-0.156,-0.068,-0.034,0.767,NaN,131,0,3.261,-1.305,612.000,200.000,644.000,275.000,NaN,NaN,NaN,NaN,NaN,NaN,NaN
483,0,3132.000,28.797,-4.175,0.099,-0.054,NaN,NaN,132,0,-1.277,-1.317,NaN,NaN,NaN,NaN,NaN,NaN,NaN,NaN,NaN,NaN,NaN
484,2,3132.000,25.450,-2.203,-0.001,-0.004,0.712,NaN,132,0,2.462,-1.326,720.000,200.000,753.000,286.000,NaN,NaN,NaN,NaN,NaN,NaN,NaN
485,163,3132.000,45.427,-5.899,0.122,0.003,0.541,NaN,132,0,0.556,-1.326,769.000,198.000,815.000,263.000,NaN,NaN,NaN,NaN,NaN,NaN,NaN
486,227,3132.000,28.462,-0.240,-0.072,-0.044,0.720,0.081,132,0,1.142,-1.294,614.000,195.000,646.000,278.000,28.460,-0.330,-1.090,0.870,0.480,1.850,1.961
487,0,3133.000,28.897,-4.229,0.099,-0.054,NaN,NaN,133,0,-2.390,-1.317,NaN,NaN,NaN,NaN,NaN,NaN,NaN,NaN,NaN,NaN,NaN
488,2,3133.000,25.532,-2.200,0.015,-0.003,NaN,0.023,133,0,-3.127,-1.539,701.000,195.000,766.000,300.000,25.580,-2.170,-1.290,1.850,0.520,1.900,-0.493
489,163,3133.000,45.549,-5.894,0.121,0.004,NaN,NaN,133,0,1.628,-0.733,NaN,NaN,NaN,NaN,NaN,NaN,NaN,NaN,NaN,NaN,NaN
490,227,3133.000,28.436,-0.282,-0.061,-0.042,0.781,0.220,133,0,1.633,-0.885,616.000,196.000,649.000,278.000,28.490,-0.280,-1.290,1.880,0.520,1.740,-2.638
491,0,3134.000,28.994,-4.285,0.097,-0.056,NaN,NaN,134,0,-2.977,-1.317,NaN,NaN,NaN,NaN,NaN,NaN,NaN,NaN,NaN,NaN,NaN
492,2,3134.000,25.547,-2.204,0.015,-0.004,0.682,NaN,134,0,2.039,-1.326,720.000,200.000,752.000,285.000,NaN,NaN,NaN,NaN,NaN,NaN,NaN
493,163,3134.000,45.916,-5.902,0.128,0.007,0.586,NaN,134,0,0.941,-1.326,770.000,197.000,811.000,263.000,NaN,NaN,NaN,NaN,NaN,NaN,NaN
494,227,3134.000,28.375,-0.295,-0.059,-0.036,0.745,NaN,134,0,2.907,-1.289,617.000,197.000,649.000,278.000,NaN,NaN,NaN,NaN,NaN,NaN,NaN
495,0,3135.000,29.091,-4.341,0.096,-0.055,NaN,NaN,135,0,-2.088,-1.317,NaN,NaN,NaN,NaN,NaN,NaN,NaN,NaN,NaN,NaN,NaN
496,2,3135.000,25.477,-2.178,-0.002,0.002,0.672,0.063,135,0,1.273,-1.228,720.000,200.000,752.000,285.000,25.420,-2.100,-1.310,0.910,0.520,1.980,-0.508
497,163,3135.000,46.531,-5.946,0.137,0.009,0.684,NaN,135,0,1.846,-1.326,768.000,198.000,812.000,263.000,NaN,NaN,NaN,NaN,NaN,NaN,NaN
498,227,3135.000,28.282,-0.343,-0.066,-0.041,0.775,0.047,135,0,1.565,-1.473,618.000,198.000,652.000,280.000,28.260,-0.350,-1.240,0.980,0.510,1.920,-2.717
499,0,3136.000,29.188,-4.397,0.098,-0.056,NaN,NaN,136,0,-1.315,-1.318,NaN,NaN,NaN,NaN,NaN,NaN,NaN,NaN,NaN,NaN,NaN
500,2,3136.000,25.469,-2.182,-0.004,0.003,0.733,NaN,136,0,2.756,-1.326,719.000,200.000,752.000,284.000,NaN,NaN,NaN,NaN,NaN,NaN,NaN
501,163,3136.000,46.796,-5.965,0.141,0.006,0.644,NaN,136,0,1.407,-1.326,769.000,198.000,813.000,264.000,NaN,NaN,NaN,NaN,NaN,NaN,NaN
502,227,3136.000,28.212,-0.393,-0.070,-0.045,0.769,0.072,136,0,1.565,-1.324,621.000,200.000,654.000,280.000,28.200,-0.380,-1.030,0.950,0.580,1.840,3.016
503,0,3137.000,28.812,-5.024,0.078,-0.105,0.088,NaN,137,0,-2.305,-1.318,848.000,202.000,858.000,224.000,NaN,NaN,NaN,NaN,NaN,NaN,NaN
504,2,3137.000,25.462,-2.185,-0.005,0.002,0.734,NaN,137,0,2.756,-1.326,719.000,200.000,752.000,284.000,NaN,NaN,NaN,NaN,NaN,NaN,NaN
505,163,3137.000,47.155,-6.002,0.144,0.003,0.658,NaN,137,0,1.613,-1.326,770.000,198.000,812.000,264.000,NaN,NaN,NaN,NaN,NaN,NaN,NaN
506,227,3137.000,28.142,-0.413,-0.069,-0.038,0.802,NaN,137,0,4.010,-1.275,621.000,200.000,656.000,281.000,NaN,NaN,NaN,NaN,NaN,NaN,NaN
507,0,3138.000,28.890,-5.129,0.078,-0.106,NaN,NaN,138,0,-2.575,-1.218,NaN,NaN,NaN,NaN,NaN,NaN,NaN,NaN,NaN,NaN,NaN
508,2,3138.000,25.455,-2.192,-0.007,-0.001,0.730,NaN,138,0,2.756,-1.326,720.000,200.000,752.000,283.000,NaN,NaN,NaN,NaN,NaN,NaN,NaN
509,163,3138.000,47.607,-6.074,0.148,-0.004,0.632,NaN,138,0,1.305,-1.326,773.000,198.000,812.000,264.000,NaN,NaN,NaN,NaN,NaN,NaN,NaN
510,227,3138.000,28.090,-0.484,-0.068,-0.044,0.785,0.169,138,0,1.716,-1.005,625.000,201.000,658.000,278.000,28.090,-0.540,-1.100,0.880,0.540,1.880,-2.162
511,0,3139.000,28.969,-5.235,0.079,-0.105,NaN,NaN,139,0,-1.201,-1.164,NaN,NaN,NaN,NaN,NaN,NaN,NaN,NaN,NaN,NaN,NaN
512,2,3139.000,25.446,-2.193,-0.008,-0.002,0.713,NaN,139,0,2.462,-1.326,720.000,199.000,751.000,283.000,NaN,NaN,NaN,NaN,NaN,NaN,NaN
513,163,3139.000,48.083,-6.157,0.153,-0.012,0.658,NaN,139,0,1.613,-1.326,775.000,198.000,811.000,264.000,NaN,NaN,NaN,NaN,NaN,NaN,NaN
514,227,3139.000,28.029,-0.493,-0.066,-0.034,0.792,NaN,139,0,3.665,-1.287,626.000,201.000,659.000,277.000,NaN,NaN,NaN,NaN,NaN,NaN,NaN
515,0,3140.000,29.049,-5.340,0.079,-0.105,NaN,NaN,140,0,-2.111,-1.168,NaN,NaN,NaN,NaN,NaN,NaN,NaN,NaN,NaN,NaN,NaN
516,2,3140.000,25.472,-2.198,-0.005,-0.002,0.715,0.047,140,0,1.782,-1.312,720.000,199.000,751.000,282.000,25.470,-2.170,-1.240,0.970,0.530,1.930,-0.381
517,163,3140.000,48.550,-6.196,0.159,-0.011,0.636,NaN,140,0,1.407,-1.326,770.000,198.000,810.000,264.000,NaN,NaN,NaN,NaN,NaN,NaN,NaN
518,227,3140.000,28.078,-0.491,-0.044,-0.025,0.724,0.155,140,0,1.142,-1.071,628.000,200.000,661.000,277.000,28.180,-0.410,-1.150,0.830,0.490,1.880,-2.332
519,0,3141.000,29.128,-5.446,0.080,-0.106,NaN,NaN,141,0,-1.286,-1.246,NaN,NaN,NaN,NaN,NaN,NaN,NaN,NaN,NaN,NaN,NaN
520,2,3141.000,25.442,-2.165,-0.009,0.005,0.690,0.037,141,0,1.488,-1.391,720.000,200.000,752.000,280.000,25.430,-2.100,-1.240,0.910,0.440,1.780,-0.506
521,163,3141.000,48.878,-6.211,0.166,-0.010,0.701,NaN,141,0,2.128,-1.326,768.000,198.000,810.000,264.000,NaN,NaN,NaN,NaN,NaN,NaN,NaN
522,227,3141.000,28.034,-0.523,-0.044,-0.028,0.728,0.762,141,0,1.261,0.751,630.000,197.000,663.000,269.000,28.040,-0.520,-1.120,0.930,0.650,1.820,-2.386
523,0,3142.000,29.208,-5.554,0.080,-0.107,NaN,NaN,142,0,-1.694,-1.286,NaN,NaN,NaN,NaN,NaN,NaN,NaN,NaN,NaN,NaN,NaN
524,2,3142.000,25.436,-2.183,-0.008,-0.001,0.747,NaN,142,0,2.906,-1.326,720.000,200.000,752.000,280.000,NaN,NaN,NaN,NaN,NaN,NaN,NaN
525,163,3142.000,49.246,-6.256,0.170,-0.010,0.628,NaN,142,0,1.305,-1.326,771.000,198.000,810.000,264.000,NaN,NaN,NaN,NaN,NaN,NaN,NaN
526,227,3142.000,27.987,-0.574,-0.043,-0.035,0.777,NaN,142,0,3.620,-1.293,633.000,195.000,666.000,281.000,NaN,NaN,NaN,NaN,NaN,NaN,NaN
527,0,3143.000,29.288,-5.660,0.080,-0.106,NaN,NaN,143,0,-2.070,-1.306,NaN,NaN,NaN,NaN,NaN,NaN,NaN,NaN,NaN,NaN,NaN
528,2,3143.000,25.455,-2.160,-0.004,0.005,0.725,0.304,143,0,2.069,-0.431,720.000,200.000,752.000,278.000,25.470,-2.100,-1.280,0.910,0.540,1.660,-0.127
529,163,3143.000,49.470,-6.264,0.170,-0.008,0.552,NaN,143,0,0.639,-1.307,767.000,198.000,810.000,266.000,NaN,NaN,NaN,NaN,NaN,NaN,NaN
530,227,3143.000,27.967,-0.618,-0.038,-0.036,0.763,0.350,143,0,1.502,-0.595,634.000,201.000,666.000,278.000,28.030,-0.640,-1.110,1.940,0.600,1.770,-2.279
531,0,3144.000,29.367,-5.765,0.079,-0.105,NaN,NaN,144,0,-2.672,-1.312,NaN,NaN,NaN,NaN,NaN,NaN,NaN,NaN,NaN,NaN,NaN
532,2,3144.000,25.448,-2.108,-0.004,0.017,0.736,0.068,144,0,2.178,-1.154,720.000,200.000,752.000,283.000,25.440,-2.030,-1.260,0.820,0.540,1.790,0.095
533,163,3144.000,49.879,-6.341,0.173,-0.014,0.498,NaN,144,0,0.239,-1.281,774.000,198.000,809.000,264.000,NaN,NaN,NaN,NaN,NaN,NaN,NaN
534,227,3144.000,27.961,-0.658,-0.032,-0.037,0.765,0.115,144,0,1.502,-1.166,637.000,197.000,669.000,278.000,28.010,-0.670,-1.160,0.900,0.520,1.760,0.036
535,2,3145.000,25.442,-2.157,-0.003,0.002,0.687,NaN,145,0,2.173,-1.327,720.000,200.000,753.000,283.000,NaN,NaN,NaN,NaN,NaN,NaN,NaN
536,163,3145.000,50.085,-6.341,0.174,-0.012,0.565,NaN,145,0,0.715,-0.955,766.000,198.000,809.000,267.000,NaN,NaN,NaN,NaN,NaN,NaN,NaN
537,227,3145.000,27.932,-0.687,-0.030,-0.035,0.801,NaN,145,0,3.866,-1.309,638.000,196.000,669.000,276.000,NaN,NaN,NaN,NaN,NaN,NaN,NaN
538,2,3146.000,25.458,-2.164,0.000,0.002,0.758,0.178,146,0,2.344,-0.762,720.000,200.000,753.000,284.000,25.480,-2.170,-1.220,0.930,0.610,1.900,-0.574
539,163,3146.000,50.260,-6.353,0.174,-0.012,NaN,NaN,146,0,-0.422,-0.844,NaN,NaN,NaN,NaN,NaN,NaN,NaN,NaN,NaN,NaN,NaN
540,227,3146.000,27.935,-0.716,-0.025,-0.033,0.787,0.410,146,0,1.716,-0.504,640.000,196.000,672.000,278.000,27.960,-0.710,-1.210,0.980,0.590,1.910,-2.317
541,2,3147.000,25.472,-2.156,0.005,0.003,0.731,0.309,147,0,2.069,-0.421,720.000,200.000,752.000,284.000,25.490,-2.140,-1.280,0.880,0.580,1.810,-0.485
542,163,3147.000,50.687,-6.381,0.181,-0.008,0.606,NaN,147,0,1.112,-0.357,766.000,198.000,809.000,266.000,NaN,NaN,NaN,NaN,NaN,NaN,NaN
543,227,3147.000,27.895,-0.756,-0.027,-0.033,0.743,0.488,147,0,1.358,-0.240,642.000,200.000,674.000,280.000,27.860,-0.770,-1.220,1.710,0.580,1.910,-2.271
544,2,3148.000,25.475,-2.190,0.004,-0.005,0.745,NaN,148,0,2.907,-1.326,720.000,200.000,754.000,283.000,NaN,NaN,NaN,NaN,NaN,NaN,NaN
545,163,3148.000,50.792,-6.361,0.186,-0.006,0.614,NaN,148,0,1.112,-0.000,766.000,198.000,809.000,267.000,NaN,NaN,NaN,NaN,NaN,NaN,NaN
546,227,3148.000,27.867,-0.785,-0.027,-0.030,0.799,NaN,148,0,3.866,-1.316,643.000,201.000,674.000,278.000,NaN,NaN,NaN,NaN,NaN,NaN,NaN
547,2,3149.000,25.458,-2.170,-0.002,0.003,0.647,0.029,149,0,1.116,-1.448,720.000,200.000,753.000,281.000,25.450,-2.150,-1.340,0.870,0.620,1.790,-0.956
548,163,3149.000,51.037,-6.386,0.183,-0.007,0.617,NaN,149,0,1.205,-0.000,766.000,198.000,809.000,266.000,NaN,NaN,NaN,NaN,NaN,NaN,NaN
549,227,3149.000,27.882,-0.790,-0.023,-0.024,0.783,0.641,149,0,1.633,0.170,645.000,199.000,675.000,280.000,27.900,-0.770,-1.080,0.760,0.650,1.830,0.272
550,2,3150.000,25.490,-2.155,0.005,0.006,0.738,0.279,150,0,1.893,-0.549,722.000,200.000,753.000,281.000,25.550,-2.150,-1.220,0.790,0.490,1.700,-0.092
551,163,3150.000,51.266,-6.402,0.182,-0.007,0.686,NaN,150,0,1.982,-0.000,765.000,198.000,809.000,265.000,NaN,NaN,NaN,NaN,NaN,NaN,NaN
552,227,3150.000,27.878,-0.802,-0.021,-0.022,0.753,0.086,150,0,1.436,-1.267,644.000,198.000,678.000,280.000,27.900,-0.790,-1.160,0.800,0.590,1.830,0.847
553,2,3151.000,25.488,-2.182,0.003,-0.003,0.744,NaN,151,0,2.907,-1.326,721.000,200.000,753.000,284.000,NaN,NaN,NaN,NaN,NaN,NaN,NaN
554,163,3151.000,51.491,-6.417,0.181,-0.007,0.658,NaN,151,0,1.613,-0.000,765.000,199.000,809.000,265.000,NaN,NaN,NaN,NaN,NaN,NaN,NaN
555,227,3151.000,27.861,-0.839,-0.020,-0.026,0.798,NaN,151,0,3.866,-1.319,644.000,202.000,682.000,281.000,NaN,NaN,NaN,NaN,NaN,NaN,NaN
556,2,3152.000,25.482,-2.173,0.002,0.000,0.730,0.669,152,0,2.069,0.637,721.000,199.000,753.000,286.000,25.460,-2.150,-1.290,0.930,0.570,1.810,-0.586
557,163,3152.000,26.520,-3.149,-0.155,0.034,0.626,0.018,152,0,0.517,-0.000,766.000,198.000,809.000,265.000,26.990,-3.500,-1.230,1.800,0.640,1.800,-1.095
558,227,3152.000,27.822,-0.873,-0.025,-0.027,0.774,0.662,152,0,1.565,0.235,645.000,199.000,683.000,282.000,27.790,-0.890,-1.230,1.890,0.580,1.860,-2.206
559,2,3153.000,25.445,-2.165,-0.006,0.004,0.713,0.066,153,0,1.782,-1.154,720.000,200.000,754.000,285.000,25.400,-2.150,-1.310,1.940,0.560,1.880,-0.687
560,163,3153.000,26.365,-3.120,-0.155,0.030,0.631,NaN,153,0,1.305,-1.297,768.000,199.000,810.000,264.000,NaN,NaN,NaN,NaN,NaN,NaN,NaN
561,227,3153.000,27.784,-0.923,-0.025,-0.030,0.752,0.938,153,0,1.436,7.239,647.000,200.000,685.000,279.000,27.750,-0.960,-1.130,0.770,0.530,1.660,-0.320
562,2,3154.000,25.433,-2.187,-0.009,-0.003,0.673,NaN,154,0,1.916,-1.326,720.000,199.000,754.000,286.000,NaN,NaN,NaN,NaN,NaN,NaN,NaN
563,163,3154.000,26.206,-3.104,-0.156,0.024,0.618,NaN,154,0,1.205,-1.307,767.000,199.000,810.000,266.000,NaN,NaN,NaN,NaN,NaN,NaN,NaN
564,227,3154.000,27.757,-0.945,-0.023,-0.026,0.795,NaN,154,0,3.866,-1.322,649.000,201.000,683.000,280.000,NaN,NaN,NaN,NaN,NaN,NaN,NaN
565,2,3155.000,25.402,-2.151,-0.014,0.006,0.707,0.057,155,0,1.782,-1.228,721.000,200.000,753.000,287.000,25.400,-2.090,-1.300,0.750,0.660,1.840,-0.266
566,163,3155.000,26.031,-3.115,-0.160,0.009,0.630,NaN,155,0,1.305,-1.310,767.000,198.000,810.000,265.000,NaN,NaN,NaN,NaN,NaN,NaN,NaN
567,227,3155.000,27.728,-1.010,-0.023,-0.035,0.650,0.229,155,0,0.403,-0.876,698.000,202.000,721.000,288.000,27.710,-1.080,-1.100,1.780,0.600,1.830,-2.050
568,2,3156.000,25.403,-2.121,-0.009,0.011,0.720,0.239,156,0,1.934,-0.591,721.000,200.000,754.000,285.000,25.440,-2.100,-1.270,0.900,0.500,1.770,-0.138
569,163,3156.000,25.851,-3.138,-0.164,-0.002,0.604,NaN,156,0,1.024,-1.310,767.000,198.000,810.000,265.000,NaN,NaN,NaN,NaN,NaN,NaN,NaN
570,227,3156.000,27.677,-1.025,-0.030,-0.026,0.796,0.437,156,0,1.827,-0.423,652.000,203.000,685.000,280.000,27.640,-1.010,-1.150,1.860,0.560,1.820,-2.168
571,2,3157.000,25.396,-2.158,-0.008,-0.003,0.638,NaN,157,0,1.595,-1.327,720.000,200.000,753.000,286.000,NaN,NaN,NaN,NaN,NaN,NaN,NaN
572,163,3157.000,25.676,-3.164,-0.166,-0.009,0.686,NaN,157,0,1.982,-1.309,766.000,197.000,811.000,265.000,NaN,NaN,NaN,NaN,NaN,NaN,NaN
573,227,3157.000,27.649,-1.044,-0.029,-0.025,0.777,NaN,157,0,3.460,-1.322,653.000,202.000,690.000,281.000,NaN,NaN,NaN,NaN,NaN,NaN,NaN
574,2,3158.000,25.426,-2.170,0.003,-0.004,0.617,0.535,158,0,0.943,0.245,720.000,199.000,754.000,284.000,25.460,-2.160,-1.260,0.890,0.640,1.950,-0.541
575,163,3158.000,25.503,-3.185,-0.168,-0.011,0.635,NaN,158,0,1.305,-1.312,766.000,197.000,811.000,264.000,NaN,NaN,NaN,NaN,NaN,NaN,NaN
576,227,3158.000,27.598,-1.065,-0.034,-0.025,0.737,0.853,158,0,1.358,1.499,653.000,203.000,689.000,279.000,27.580,-1.060,-1.190,1.740,0.600,1.880,-2.162
577,2,3159.000,25.443,-2.167,0.008,-0.003,0.720,0.149,159,0,1.934,-0.854,720.000,200.000,753.000,286.000,25.460,-2.140,-1.230,0.890,0.600,1.820,-0.473
578,163,3159.000,25.327,-3.188,-0.169,-0.009,0.727,NaN,159,0,2.590,-1.313,766.000,198.000,809.000,266.000,NaN,NaN,NaN,NaN,NaN,NaN,NaN
579,227,3159.000,27.562,-1.083,-0.034,-0.024,0.743,NaN,159,0,2.907,-1.322,655.000,199.000,691.000,280.000,NaN,NaN,NaN,NaN,NaN,NaN,NaN
580,2,3160.000,25.452,-2.199,0.008,-0.009,0.738,NaN,160,0,2.907,-1.326,722.000,200.000,752.000,287.000,NaN,NaN,NaN,NaN,NaN,NaN,NaN
581,163,3160.000,25.161,-3.192,-0.170,-0.008,0.632,NaN,160,0,1.305,-1.314,769.000,198.000,811.000,266.000,NaN,NaN,NaN,NaN,NaN,NaN,NaN
582,227,3160.000,27.512,-1.127,-0.041,-0.031,0.667,NaN,160,0,1.724,-1.322,659.000,198.000,694.000,268.000,NaN,NaN,NaN,NaN,NaN,NaN,NaN
583,2,3161.000,25.392,-2.164,-0.005,0.005,0.732,0.135,161,0,2.069,-0.886,720.000,200.000,752.000,287.000,25.340,-2.090,-1.280,0.830,0.630,1.860,0.078
584,163,3161.000,24.986,-3.191,-0.171,-0.006,0.698,NaN,161,0,2.128,-1.314,767.000,199.000,812.000,262.000,NaN,NaN,NaN,NaN,NaN,NaN,NaN
585,227,3161.000,27.542,-1.169,-0.028,-0.034,0.724,0.552,161,0,1.142,-0.068,659.000,199.000,694.000,265.000,27.590,-1.160,-1.020,1.840,0.650,1.770,-1.823
586,2,3162.000,25.420,-2.162,0.003,0.005,0.699,0.019,162,0,1.628,-1.483,720.000,200.000,754.000,286.000,25.460,-2.160,-1.210,0.830,0.630,1.830,-0.310
587,163,3162.000,24.809,-3.164,-0.172,0.002,0.474,NaN,162,0,-0.140,-1.314,769.000,201.000,807.000,253.000,NaN,NaN,NaN,NaN,NaN,NaN,NaN
588,227,3162.000,27.549,-1.184,-0.025,-0.030,0.557,0.068,162,0,-0.072,-1.370,663.000,200.000,695.000,268.000,27.580,-1.140,-1.170,1.720,0.570,1.880,1.003
589,2,3163.000,25.422,-2.181,0.002,-0.004,0.683,NaN,163,0,2.039,-1.326,720.000,199.000,753.000,286.000,NaN,NaN,NaN,NaN,NaN,NaN,NaN
590,163,3163.000,24.641,-3.139,-0.172,0.010,0.658,NaN,163,0,1.613,-1.314,770.000,200.000,807.000,265.000,NaN,NaN,NaN,NaN,NaN,NaN,NaN
591,227,3163.000,27.527,-1.194,-0.023,-0.025,0.039,NaN,163,0,-2.177,-1.322,652.000,204.000,702.000,285.000,NaN,NaN,NaN,NaN,NaN,NaN,NaN
592,2,3164.000,25.502,-2.209,0.020,-0.009,0.703,0.458,164,0,1.367,-0.144,720.000,200.000,753.000,287.000,25.570,-2.260,-1.190,0.850,0.550,1.850,-1.295
593,163,3164.000,24.438,-3.135,-0.175,0.008,0.504,NaN,164,0,0.239,-1.313,773.000,200.000,813.000,263.000,NaN,NaN,NaN,NaN,NaN,NaN,NaN
594,227,3164.000,27.533,-1.245,-0.018,-0.030,0.108,0.450,164,0,-2.416,-0.382,662.000,201.000,702.000,289.000,27.570,-1.290,-1.150,1.630,0.530,1.760,-1.906
595,2,3165.000,25.435,-2.157,-0.003,0.005,0.702,0.384,165,0,1.628,-0.283,722.000,200.000,752.000,285.000,25.340,-2.070,-1.330,0.820,0.590,1.800,0.001
596,163,3165.000,24.256,-3.125,-0.176,0.011,0.115,NaN,165,0,-1.956,-1.313,776.000,200.000,809.000,253.000,NaN,NaN,NaN,NaN,NaN,NaN,NaN
597,227,3165.000,27.541,-1.262,-0.012,-0.029,0.488,0.086,165,0,-0.483,-1.271,667.000,198.000,702.000,280.000,27.570,-1.240,-1.210,1.630,0.550,1.730,-1.919
598,2,3166.000,25.425,-2.175,-0.006,-0.003,0.692,NaN,166,0,2.173,-1.326,720.000,199.000,752.000,286.000,NaN,NaN,NaN,NaN,NaN,NaN,NaN
599,163,3166.000,24.066,-3.125,-0.178,0.008,0.027,NaN,166,0,-2.514,-1.314,771.000,201.000,821.000,271.000,NaN,NaN,NaN,NaN,NaN,NaN,NaN
600,227,3166.000,27.525,-1.328,-0.015,-0.035,0.580,NaN,166,0,0.862,-1.323,671.000,204.000,703.000,284.000,NaN,NaN,NaN,NaN,NaN,NaN,NaN
601,2,3167.000,25.397,-2.142,-0.011,0.005,0.683,0.029,167,0,1.371,-1.448,723.000,200.000,753.000,285.000,25.370,-2.080,-1.260,0.890,0.600,1.870,-0.357
602,163,3167.000,23.907,-3.075,-0.176,0.019,0.492,NaN,167,0,-0.030,-1.314,766.000,199.000,811.000,251.000,NaN,NaN,NaN,NaN,NaN,NaN,NaN
603,227,3167.000,27.515,-1.326,-0.014,-0.026,0.038,NaN,167,0,-2.181,-1.324,657.000,203.000,704.000,287.000,NaN,NaN,NaN,NaN,NaN,NaN,NaN
604,2,3168.000,25.383,-2.166,-0.013,-0.001,0.695,NaN,168,0,2.315,-1.326,720.000,200.000,752.000,286.000,NaN,NaN,NaN,NaN,NaN,NaN,NaN
605,163,3168.000,23.636,-3.009,-0.180,0.029,0.463,NaN,168,0,-0.011,-1.312,774.000,198.000,805.000,260.000,NaN,NaN,NaN,NaN,NaN,NaN,NaN
606,227,3168.000,27.495,-1.365,-0.017,-0.029,0.405,NaN,168,0,-0.332,-1.324,672.000,197.000,704.000,269.000,NaN,NaN,NaN,NaN,NaN,NaN,NaN
607,2,3169.000,25.366,-2.181,-0.014,-0.005,0.675,NaN,169,0,1.916,-1.326,720.000,200.000,752.000,286.000,NaN,NaN,NaN,NaN,NaN,NaN,NaN
608,163,3169.000,23.436,-2.963,-0.182,0.032,0.546,NaN,169,0,0.639,-1.310,770.000,198.000,806.000,262.000,NaN,NaN,NaN,NaN,NaN,NaN,NaN
609,227,3169.000,27.472,-1.474,-0.018,-0.049,0.028,NaN,169,0,-2.534,-1.324,682.000,200.000,722.000,273.000,NaN,NaN,NaN,NaN,NaN,NaN,NaN
610,2,3170.000,25.499,-2.225,0.012,-0.012,0.680,0.097,170,0,1.117,-1.080,720.000,200.000,753.000,287.000,25.580,-2.280,-1.320,1.750,0.580,1.820,-0.941
611,163,3170.000,23.243,-2.927,-0.183,0.033,0.542,NaN,170,0,0.556,-1.309,767.000,198.000,809.000,262.000,NaN,NaN,NaN,NaN,NaN,NaN,NaN
612,227,3170.000,27.482,-1.757,-0.019,-0.107,0.138,NaN,170,0,-1.609,-1.325,701.000,202.000,725.000,271.000,NaN,NaN,NaN,NaN,NaN,NaN,NaN
613,2,3171.000,25.526,-2.233,0.015,-0.010,0.650,0.022,171,0,0.873,-1.539,722.000,200.000,754.000,287.000,25.540,-2.210,-1.250,0.820,0.550,1.900,-1.192
614,163,3171.000,23.075,-2.904,-0.181,0.030,0.543,NaN,171,0,0.556,-1.308,769.000,198.000,809.000,262.000,NaN,NaN,NaN,NaN,NaN,NaN,NaN
615,227,3171.000,27.398,-1.701,-0.031,-0.063,0.134,NaN,171,0,-1.471,-1.327,678.000,203.000,707.000,284.000,NaN,NaN,NaN,NaN,NaN,NaN,NaN
616,2,3172.000,25.540,-2.244,0.015,-0.010,0.652,NaN,172,0,1.698,-1.326,720.000,200.000,755.000,285.000,NaN,NaN,NaN,NaN,NaN,NaN,NaN
617,163,3172.000,22.924,-2.877,-0.179,0.031,0.563,NaN,172,0,0.715,-1.307,767.000,198.000,809.000,265.000,NaN,NaN,NaN,NaN,NaN,NaN,NaN
618,227,3172.000,27.380,-1.712,-0.032,-0.046,0.037,NaN,172,0,-2.185,-1.327,682.000,201.000,716.000,286.000,NaN,NaN,NaN,NaN,NaN,NaN,NaN
619,2,3173.000,25.579,-2.284,0.021,-0.017,0.600,0.012,173,0,0.607,-1.556,767.000,198.000,809.000,264.000,25.610,-2.330,-1.310,1.790,0.590,1.960,-0.881
620,163,3173.000,22.745,-2.846,-0.180,0.031,NaN,NaN,173,0,-3.267,-1.306,NaN,NaN,NaN,NaN,NaN,NaN,NaN,NaN,NaN,NaN,NaN
621,227,3173.000,27.345,-1.758,-0.035,-0.045,NaN,NaN,173,0,-2.680,-1.327,NaN,NaN,NaN,NaN,NaN,NaN,NaN,NaN,NaN,NaN,NaN
622,2,3174.000,25.556,-2.248,0.010,-0.004,0.623,0.563,174,0,0.943,0.304,720.000,199.000,751.000,285.000,25.490,-2.150,-1.290,0.920,0.560,1.880,-0.697
623,163,3174.000,22.564,-2.816,-0.181,0.030,NaN,NaN,174,0,0.377,-1.591,NaN,NaN,NaN,NaN,NaN,NaN,NaN,NaN,NaN,NaN,NaN
624,227,3174.000,27.311,-1.804,-0.035,-0.046,NaN,NaN,174,0,-2.998,-1.327,NaN,NaN,NaN,NaN,NaN,NaN,NaN,NaN,NaN,NaN,NaN
625,405,3174.000,26.950,-3.480,0.000,0.000,0.596,0.012,174,0,0.377,-1.603,775.000,199.000,809.000,264.000,26.950,-3.480,-1.260,1.660,0.600,1.650,-1.083
626,2,3175.000,25.568,-2.236,0.010,-0.000,0.648,NaN,175,0,1.698,-1.326,720.000,199.000,753.000,284.000,NaN,NaN,NaN,NaN,NaN,NaN,NaN
627,163,3175.000,22.386,-2.788,-0.179,0.028,NaN,NaN,175,0,-1.964,-1.305,NaN,NaN,NaN,NaN,NaN,NaN,NaN,NaN,NaN,NaN,NaN
628,227,3175.000,27.223,-1.744,-0.045,-0.021,0.028,NaN,175,0,-2.281,-1.327,681.000,203.000,722.000,290.000,NaN,NaN,NaN,NaN,NaN,NaN,NaN
629,405,3175.000,26.951,-3.433,-0.005,0.014,0.627,NaN,175,0,1.305,-1.315,767.000,198.000,809.000,266.000,NaN,NaN,NaN,NaN,NaN,NaN,NaN
630,2,3176.000,25.587,-2.230,0.012,0.001,0.672,0.257,176,0,1.024,-0.607,720.000,199.000,753.000,285.000,25.590,-2.230,-1.230,0.740,0.570,1.820,-1.339
631,163,3176.000,22.207,-2.761,-0.179,0.027,NaN,NaN,176,0,-2.608,-1.304,NaN,NaN,NaN,NaN,NaN,NaN,NaN,NaN,NaN,NaN,NaN
632,227,3176.000,27.178,-1.767,-0.044,-0.023,NaN,NaN,176,0,-2.653,-1.327,NaN,NaN,NaN,NaN,NaN,NaN,NaN,NaN,NaN,NaN,NaN
633,405,3176.000,26.956,-3.405,-0.004,0.021,0.577,NaN,176,0,0.862,-1.313,767.000,198.000,809.000,266.000,NaN,NaN,NaN,NaN,NaN,NaN,NaN
634,2,3177.000,25.538,-2.182,-0.000,0.014,0.640,0.054,177,0,1.051,-1.312,721.000,199.000,753.000,285.000,25.450,-2.100,-1.240,0.670,0.650,1.830,-0.238
635,163,3177.000,17.749,-3.033,-0.360,-0.112,0.102,NaN,177,0,-2.209,-1.303,848.000,200.000,857.000,224.000,NaN,NaN,NaN,NaN,NaN,NaN,NaN
636,227,3177.000,27.136,-1.791,-0.043,-0.024,NaN,NaN,177,0,-2.972,-1.327,NaN,NaN,NaN,NaN,NaN,NaN,NaN,NaN,NaN,NaN,NaN
637,405,3177.000,26.972,-3.373,0.003,0.025,0.726,NaN,177,0,2.590,-1.311,767.000,198.000,808.000,264.000,NaN,NaN,NaN,NaN,NaN,NaN,NaN
638,2,3178.000,25.529,-2.202,-0.001,0.005,0.653,NaN,178,0,1.698,-1.326,722.000,199.000,753.000,287.000,NaN,NaN,NaN,NaN,NaN,NaN,NaN
639,163,3178.000,17.387,-3.145,-0.362,-0.112,NaN,NaN,178,0,-2.389,-1.319,NaN,NaN,NaN,NaN,NaN,NaN,NaN,NaN,NaN,NaN,NaN
640,227,3178.000,27.214,-2.284,-0.040,-0.117,0.080,NaN,178,0,-2.180,-1.327,725.000,199.000,753.000,246.000,NaN,NaN,NaN,NaN,NaN,NaN,NaN
641,405,3178.000,26.985,-3.360,0.004,0.020,0.688,NaN,178,0,1.982,-1.309,767.000,198.000,808.000,264.000,NaN,NaN,NaN,NaN,NaN,NaN,NaN
642,2,3179.000,25.473,-2.167,-0.010,0.015,0.639,0.633,179,0,1.051,0.497,721.000,199.000,754.000,287.000,25.450,-2.130,-1.270,1.010,0.520,1.910,-0.236
643,163,3179.000,17.027,-3.258,-0.361,-0.113,NaN,NaN,179,0,-2.242,-1.323,NaN,NaN,NaN,NaN,NaN,NaN,NaN,NaN,NaN,NaN,NaN
644,227,3179.000,27.172,-2.384,-0.045,-0.117,0.033,NaN,179,0,-2.807,-1.322,721.000,198.000,753.000,250.000,NaN,NaN,NaN,NaN,NaN,NaN,NaN
645,405,3179.000,27.006,-3.368,0.007,0.013,0.690,NaN,179,0,1.982,-1.308,769.000,197.000,809.000,265.000,NaN,NaN,NaN,NaN,NaN,NaN,NaN
646,2,3180.000,25.507,-2.184,-0.001,0.009,0.580,0.021,180,0,0.497,-1.539,720.000,200.000,755.000,288.000,25.580,-2.250,-1.270,0.790,0.630,1.770,-0.923
647,163,3180.000,16.667,-3.370,-0.360,-0.112,NaN,NaN,180,0,-2.397,-1.323,NaN,NaN,NaN,NaN,NaN,NaN,NaN,NaN,NaN,NaN,NaN
648,227,3180.000,27.309,-2.149,-0.020,-0.025,0.043,NaN,180,0,-2.679,-1.316,713.000,197.000,729.000,241.000,NaN,NaN,NaN,NaN,NaN,NaN,NaN
649,405,3180.000,27.017,-3.387,0.009,0.008,0.516,NaN,180,0,0.383,-1.308,772.000,201.000,807.000,264.000,NaN,NaN,NaN,NaN,NaN,NaN,NaN
650,2,3181.000,25.504,-2.204,-0.000,0.002,0.605,NaN,181,0,1.208,-1.326,722.000,199.000,753.000,289.000,NaN,NaN,NaN,NaN,NaN,NaN,NaN
651,163,3181.000,16.306,-3.482,-0.361,-0.112,NaN,NaN,181,0,-2.307,-1.319,NaN,NaN,NaN,NaN,NaN,NaN,NaN,NaN,NaN,NaN,NaN
652,227,3181.000,27.290,-2.173,-0.019,-0.024,NaN,NaN,181,0,-2.802,-1.325,NaN,NaN,NaN,NaN,NaN,NaN,NaN,NaN,NaN,NaN,NaN
653,405,3181.000,27.012,-3.328,0.007,0.020,0.029,NaN,181,0,-2.505,-1.309,767.000,204.000,797.000,268.000,NaN,NaN,NaN,NaN,NaN,NaN,NaN
654,2,3182.000,25.583,-2.216,0.020,-0.003,0.592,0.344,182,0,0.553,-0.448,720.000,199.000,755.000,288.000,25.640,-2.250,-1.200,0.730,0.570,1.820,-1.128
655,163,3182.000,15.944,-3.594,-0.362,-0.112,NaN,NaN,182,0,-2.516,-1.309,NaN,NaN,NaN,NaN,NaN,NaN,NaN,NaN,NaN,NaN,NaN
656,227,3182.000,27.334,-2.144,-0.025,-0.005,0.048,NaN,182,0,-2.052,-1.325,715.000,197.000,732.000,283.000,NaN,NaN,NaN,NaN,NaN,NaN,NaN
657,405,3182.000,27.017,-3.338,0.008,0.012,0.680,NaN,182,0,1.846,-1.303,766.000,200.000,811.000,265.000,NaN,NaN,NaN,NaN,NaN,NaN,NaN
658,2,3183.000,25.606,-2.227,0.020,-0.006,0.040,NaN,183,0,-2.701,-1.326,723.000,200.000,752.000,256.000,NaN,NaN,NaN,NaN,NaN,NaN,NaN
659,163,3183.000,15.579,-3.705,-0.364,-0.112,NaN,NaN,183,0,-2.459,-1.302,NaN,NaN,NaN,NaN,NaN,NaN,NaN,NaN,NaN,NaN,NaN
660,227,3183.000,27.269,-2.114,-0.033,0.006,0.057,NaN,183,0,-2.637,-1.325,715.000,196.000,732.000,236.000,NaN,NaN,NaN,NaN,NaN,NaN,NaN
661,405,3183.000,27.027,-3.346,0.008,0.008,0.566,NaN,183,0,0.787,-1.304,766.000,200.000,809.000,262.000,NaN,NaN,NaN,NaN,NaN,NaN,NaN
662,2,3184.000,25.620,-2.218,0.018,-0.001,0.705,NaN,184,0,2.315,-1.326,718.000,197.000,753.000,285.000,NaN,NaN,NaN,NaN,NaN,NaN,NaN
663,163,3184.000,15.214,-3.817,-0.365,-0.112,NaN,NaN,184,0,-2.225,-1.313,NaN,NaN,NaN,NaN,NaN,NaN,NaN,NaN,NaN,NaN,NaN
664,227,3184.000,27.259,-2.129,-0.030,-0.001,0.027,NaN,184,0,-2.813,-1.325,717.000,197.000,735.000,242.000,NaN,NaN,NaN,NaN,NaN,NaN,NaN
665,405,3184.000,27.054,-3.351,0.011,0.006,0.358,NaN,184,0,-0.757,-1.306,766.000,201.000,807.000,261.000,NaN,NaN,NaN,NaN,NaN,NaN,NaN
666,2,3185.000,25.638,-2.218,0.017,-0.000,NaN,NaN,185,0,0.000,-1.406,NaN,NaN,NaN,NaN,NaN,NaN,NaN,NaN,NaN,NaN,NaN
667,163,3185.000,14.849,-3.929,-0.365,-0.112,NaN,NaN,185,0,-3.619,-1.809,NaN,NaN,NaN,NaN,NaN,NaN,NaN,NaN,NaN,NaN,NaN
668,227,3185.000,27.229,-2.130,-0.030,-0.001,NaN,NaN,185,0,-2.246,-1.325,NaN,NaN,NaN,NaN,NaN,NaN,NaN,NaN,NaN,NaN,NaN
669,405,3185.000,27.070,-3.363,0.008,0.003,0.255,NaN,185,0,-0.972,-1.306,766.000,201.000,809.000,263.000,NaN,NaN,NaN,NaN,NaN,NaN,NaN
670,2,3186.000,25.642,-2.215,0.018,0.002,0.579,0.049,186,0,0.497,-1.375,719.000,199.000,753.000,284.000,25.620,-2.210,-1.220,0.790,0.530,1.800,-0.683
671,163,3186.000,14.484,-4.040,-0.365,-0.111,NaN,NaN,186,0,-1.805,-1.320,NaN,NaN,NaN,NaN,NaN,NaN,NaN,NaN,NaN,NaN,NaN
672,227,3186.000,27.201,-2.131,-0.029,-0.001,NaN,NaN,186,0,-2.969,-1.325,NaN,NaN,NaN,NaN,NaN,NaN,NaN,NaN,NaN,NaN,NaN
673,405,3186.000,27.139,-3.420,0.011,-0.009,0.055,NaN,186,0,-2.122,-1.306,775.000,205.000,807.000,268.000,NaN,NaN,NaN,NaN,NaN,NaN,NaN
674,2,3187.000,25.668,-2.217,0.020,0.002,0.586,NaN,187,0,1.124,-1.326,719.000,199.000,754.000,284.000,NaN,NaN,NaN,NaN,NaN,NaN,NaN
675,163,3187.000,14.119,-4.152,-0.366,-0.112,NaN,NaN,187,0,-1.296,-1.324,NaN,NaN,NaN,NaN,NaN,NaN,NaN,NaN,NaN,NaN,NaN
676,227,3187.000,27.172,-2.133,-0.028,-0.002,NaN,NaN,187,0,-2.318,-1.325,NaN,NaN,NaN,NaN,NaN,NaN,NaN,NaN,NaN,NaN,NaN
677,405,3187.000,27.251,-3.419,0.018,-0.005,0.559,NaN,187,0,0.715,-1.311,765.000,198.000,807.000,263.000,NaN,NaN,NaN,NaN,NaN,NaN,NaN
678,2,3188.000,25.598,-2.197,0.003,0.006,0.621,0.229,188,0,0.705,-0.703,718.000,199.000,754.000,284.000,25.530,-2.170,-1.300,0.730,0.550,1.780,-0.598
679,163,3188.000,13.754,-4.265,-0.365,-0.113,NaN,NaN,188,0,-2.698,-1.325,NaN,NaN,NaN,NaN,NaN,NaN,NaN,NaN,NaN,NaN,NaN
680,227,3188.000,27.621,-2.212,0.008,-0.006,0.281,0.052,188,0,-1.464,-1.519,722.000,191.000,736.000,216.000,27.690,-2.230,-1.110,0.710,0.650,1.730,0.342
681,405,3188.000,27.348,-3.423,0.025,-0.004,0.503,NaN,188,0,0.026,-1.310,766.000,198.000,807.000,254.000,NaN,NaN,NaN,NaN,NaN,NaN,NaN
682,2,3189.000,25.500,-2.132,-0.017,0.017,0.615,0.176,189,0,0.943,-0.762,719.000,199.000,755.000,283.000,25.370,-2.070,-1.350,0.800,0.530,1.770,-0.122
683,163,3189.000,17.609,-3.338,-0.226,0.067,NaN,0.011,189,0,-2.557,-1.268,821.000,117.000,898.000,260.000,17.810,-3.140,-0.270,0.740,0.620,1.800,0.535
684,227,3189.000,27.630,-2.218,0.009,-0.005,NaN,NaN,189,0,-2.801,-1.325,NaN,NaN,NaN,NaN,NaN,NaN,NaN,NaN,NaN,NaN,NaN
685,405,3189.000,27.540,-3.457,0.039,-0.008,0.546,NaN,189,0,0.422,-1.309,768.000,198.000,808.000,254.000,NaN,NaN,NaN,NaN,NaN,NaN,NaN
686,2,3190.000,25.488,-2.167,-0.015,0.002,0.640,NaN,190,0,1.595,-1.327,718.000,195.000,757.000,285.000,NaN,NaN,NaN,NaN,NaN,NaN,NaN
687,163,3190.000,17.384,-3.271,-0.226,0.066,NaN,NaN,190,0,-3.171,-1.324,NaN,NaN,NaN,NaN,NaN,NaN,NaN,NaN,NaN,NaN,NaN
688,227,3190.000,27.640,-2.222,0.010,-0.005,NaN,NaN,190,0,-2.649,-1.325,NaN,NaN,NaN,NaN,NaN,NaN,NaN,NaN,NaN,NaN,NaN
689,405,3190.000,27.659,-3.475,0.044,-0.008,0.564,NaN,190,0,0.499,-1.307,767.000,198.000,809.000,254.000,NaN,NaN,NaN,NaN,NaN,NaN,NaN
690,2,3191.000,25.447,-2.137,-0.022,0.007,0.625,0.071,191,0,0.994,-1.154,718.000,195.000,759.000,284.000,25.420,-2.110,-1.300,0.770,0.540,1.850,-0.028
691,163,3191.000,17.221,-3.195,-0.190,0.072,NaN,0.124,191,0,-2.556,-0.661,822.000,112.000,898.000,262.000,17.750,-3.140,-0.250,0.760,0.620,1.880,0.407
692,227,3191.000,27.767,-1.911,0.042,0.060,0.030,NaN,191,0,-2.811,-1.325,693.000,220.000,721.000,271.000,NaN,NaN,NaN,NaN,NaN,NaN,NaN
693,405,3191.000,27.774,-3.485,0.049,-0.007,0.507,NaN,191,0,0.306,-1.307,766.000,198.000,810.000,259.000,NaN,NaN,NaN,NaN,NaN,NaN,NaN
694,2,3192.000,25.496,-2.171,-0.004,-0.001,0.554,0.057,192,0,0.327,-1.294,766.000,198.000,809.000,257.000,25.580,-2.240,-1.250,1.790,0.530,1.840,-0.884
695,163,3192.000,17.031,-3.123,-0.189,0.072,NaN,NaN,192,0,-2.201,-1.323,NaN,NaN,NaN,NaN,NaN,NaN,NaN,NaN,NaN,NaN,NaN
696,227,3192.000,27.675,-2.026,0.006,0.027,0.590,0.118,192,0,0.099,-1.185,719.000,196.000,754.000,286.000,27.660,-2.270,-1.140,0.720,0.680,1.780,-0.127
697,405,3192.000,27.763,-3.422,0.046,0.007,0.030,NaN,192,0,-2.768,-1.304,766.000,212.000,799.000,255.000,NaN,NaN,NaN,NaN,NaN,NaN,NaN
698,2,3193.000,25.489,-2.201,-0.004,-0.009,0.625,NaN,193,0,1.393,-1.326,718.000,195.000,761.000,284.000,NaN,NaN,NaN,NaN,NaN,NaN,NaN
699,163,3193.000,16.872,-2.957,-0.181,0.104,0.094,NaN,193,0,-2.098,-1.323,848.000,201.000,858.000,250.000,NaN,NaN,NaN,NaN,NaN,NaN,NaN
700,227,3193.000,27.695,-1.896,0.006,0.054,0.028,NaN,193,0,-2.814,-1.326,693.000,222.000,721.000,275.000,NaN,NaN,NaN,NaN,NaN,NaN,NaN
701,405,3193.000,27.879,-3.444,0.051,0.002,0.606,NaN,193,0,0.895,-1.302,766.000,198.000,809.000,254.000,NaN,NaN,NaN,NaN,NaN,NaN,NaN
702,2,3194.000,25.688,-2.004,0.038,0.038,0.696,0.018,194,0,1.367,-1.539,721.000,195.000,764.000,285.000,25.890,-1.650,-1.410,1.670,0.560,1.860,-0.761
703,163,3194.000,16.689,-2.854,-0.183,0.103,NaN,NaN,194,0,-3.083,-1.319,NaN,NaN,NaN,NaN,NaN,NaN,NaN,NaN,NaN,NaN,NaN
704,227,3194.000,27.711,-1.822,0.011,0.060,0.037,NaN,194,0,-2.701,-1.326,693.000,224.000,721.000,271.000,NaN,NaN,NaN,NaN,NaN,NaN,NaN
705,405,3194.000,27.895,-3.456,0.051,-0.000,0.647,NaN,194,0,1.281,-1.302,766.000,198.000,809.000,254.000,NaN,NaN,NaN,NaN,NaN,NaN,NaN
706,2,3195.000,25.560,-2.023,0.002,0.030,0.775,0.229,195,0,2.512,-0.625,719.000,195.000,766.000,285.000,25.360,-2.100,-1.300,0.760,0.520,1.880,-0.202
707,163,3195.000,16.488,-2.855,-0.188,0.055,0.076,NaN,195,0,-2.385,-1.317,847.000,201.000,857.000,241.000,NaN,NaN,NaN,NaN,NaN,NaN,NaN
708,227,3195.000,27.721,-1.763,0.011,0.060,NaN,NaN,195,0,-1.064,-1.327,NaN,NaN,NaN,NaN,NaN,NaN,NaN,NaN,NaN,NaN,NaN
709,405,3195.000,27.995,-3.475,0.054,-0.003,0.674,NaN,195,0,1.488,-1.302,766.000,198.000,809.000,256.000,NaN,NaN,NaN,NaN,NaN,NaN,NaN
710,2,3196.000,25.557,-2.104,0.007,0.005,0.600,NaN,196,0,1.208,-1.327,719.000,196.000,752.000,286.000,NaN,NaN,NaN,NaN,NaN,NaN,NaN
711,163,3196.000,16.301,-2.801,-0.186,0.054,NaN,NaN,196,0,-1.399,-1.317,NaN,NaN,NaN,NaN,NaN,NaN,NaN,NaN,NaN,NaN,NaN
712,227,3196.000,27.733,-1.703,0.012,0.060,NaN,NaN,196,0,-2.571,-1.327,NaN,NaN,NaN,NaN,NaN,NaN,NaN,NaN,NaN,NaN,NaN
713,405,3196.000,28.061,-3.494,0.056,-0.006,0.558,NaN,196,0,0.715,-1.303,766.000,198.000,810.000,264.000,NaN,NaN,NaN,NaN,NaN,NaN,NaN
714,2,3197.000,25.579,-2.108,0.008,0.001,0.663,0.025,197,0,0.944,-1.539,719.000,195.000,765.000,284.000,25.610,-2.100,-1.270,0.710,0.610,1.860,-0.568
715,227,3197.000,27.743,-1.644,0.010,0.059,NaN,NaN,197,0,-2.403,-1.327,NaN,NaN,NaN,NaN,NaN,NaN,NaN,NaN,NaN,NaN,NaN
716,405,3197.000,28.119,-3.516,0.055,-0.009,0.575,NaN,197,0,0.787,-1.303,767.000,198.000,810.000,264.000,NaN,NaN,NaN,NaN,NaN,NaN,NaN
717,2,3198.000,25.566,-2.283,0.007,-0.052,0.026,NaN,198,0,-2.538,-1.327,735.000,196.000,765.000,274.000,NaN,NaN,NaN,NaN,NaN,NaN,NaN
718,227,3198.000,27.755,-1.585,0.012,0.059,NaN,NaN,198,0,-2.482,-1.326,NaN,NaN,NaN,NaN,NaN,NaN,NaN,NaN,NaN,NaN,NaN
719,405,3198.000,28.181,-3.539,0.054,-0.011,0.674,NaN,198,0,1.724,-1.304,767.000,198.000,811.000,262.000,NaN,NaN,NaN,NaN,NaN,NaN,NaN
720,2,3199.000,25.576,-2.338,0.009,-0.054,0.756,NaN,199,0,3.236,-1.326,720.000,194.000,766.000,284.000,NaN,NaN,NaN,NaN,NaN,NaN,NaN
721,227,3199.000,27.769,-1.527,0.014,0.058,NaN,NaN,199,0,-2.338,-1.326,NaN,NaN,NaN,NaN,NaN,NaN,NaN,NaN,NaN,NaN,NaN
722,405,3199.000,28.171,-3.540,0.049,-0.013,0.711,NaN,199,0,2.280,-1.306,767.000,198.000,810.000,265.000,NaN,NaN,NaN,NaN,NaN,NaN,NaN
723,2,3200.000,25.587,-2.376,0.011,-0.049,0.705,NaN,200,0,2.462,-1.326,720.000,194.000,767.000,285.000,NaN,NaN,NaN,NaN,NaN,NaN,NaN
724,227,3200.000,27.581,-2.162,-0.019,-0.062,0.028,NaN,200,0,-2.280,-1.326,719.000,199.000,749.000,284.000,NaN,NaN,NaN,NaN,NaN,NaN,NaN
725,405,3200.000,28.263,-3.560,0.052,-0.013,0.717,NaN,200,0,2.434,-1.306,767.000,198.000,810.000,265.000,NaN,NaN,NaN,NaN,NaN,NaN,NaN
726,2,3201.000,25.552,-2.309,0.001,-0.022,0.621,0.119,201,0,0.705,-1.021,724.000,196.000,768.000,287.000,25.540,-2.180,-1.260,0.890,0.530,1.840,-0.629
727,227,3201.000,27.562,-2.225,-0.019,-0.063,NaN,NaN,201,0,-2.405,-1.325,NaN,NaN,NaN,NaN,NaN,NaN,NaN,NaN,NaN,NaN,NaN
728,405,3201.000,28.349,-3.574,0.055,-0.014,0.715,NaN,201,0,2.434,-1.306,767.000,198.000,810.000,265.000,NaN,NaN,NaN,NaN,NaN,NaN,NaN
729,2,3202.000,25.551,-2.397,0.001,-0.039,0.645,NaN,202,0,1.595,-1.326,731.000,197.000,768.000,287.000,NaN,NaN,NaN,NaN,NaN,NaN,NaN
730,227,3202.000,27.514,-2.332,-0.020,-0.072,0.079,NaN,202,0,-1.741,-1.324,720.000,198.000,751.000,281.000,NaN,NaN,NaN,NaN,NaN,NaN,NaN
731,405,3202.000,28.448,-3.587,0.058,-0.014,0.716,NaN,202,0,2.434,-1.307,767.000,198.000,810.000,265.000,NaN,NaN,NaN,NaN,NaN,NaN,NaN
732,2,3203.000,25.586,-2.367,0.004,-0.024,0.634,0.026,203,0,0.754,-1.506,732.000,196.000,768.000,286.000,25.600,-2.270,-1.270,0.750,0.550,1.860,-1.032
733,227,3203.000,27.472,-2.341,-0.027,-0.059,0.207,NaN,203,0,-1.054,-1.322,720.000,200.000,746.000,286.000,NaN,NaN,NaN,NaN,NaN,NaN,NaN
734,405,3203.000,28.568,-3.605,0.058,-0.014,0.729,NaN,203,0,2.590,-1.307,767.000,198.000,810.000,265.000,NaN,NaN,NaN,NaN,NaN,NaN,NaN
735,2,3204.000,25.590,-2.316,0.003,-0.006,0.045,0.012,204,0,-2.749,-1.556,729.000,197.000,769.000,284.000,25.590,-2.230,-1.320,1.850,0.600,1.900,-0.796
736,227,3204.000,27.430,-2.488,-0.026,-0.077,0.037,NaN,204,0,-2.176,-1.321,734.000,198.000,754.000,282.000,NaN,NaN,NaN,NaN,NaN,NaN,NaN
737,405,3204.000,28.558,-3.604,0.056,-0.012,0.718,NaN,204,0,2.434,-1.308,767.000,197.000,809.000,266.000,NaN,NaN,NaN,NaN,NaN,NaN,NaN
738,2,3205.000,25.597,-2.333,0.004,-0.012,0.398,NaN,205,0,-0.217,-1.326,733.000,197.000,753.000,287.000,NaN,NaN,NaN,NaN,NaN,NaN,NaN
739,227,3205.000,27.418,-2.587,-0.026,-0.083,0.097,NaN,205,0,-1.599,-1.307,732.000,197.000,769.000,285.000,NaN,NaN,NaN,NaN,NaN,NaN,NaN
740,405,3205.000,28.718,-3.621,0.061,-0.011,0.726,NaN,205,0,2.590,-1.308,767.000,198.000,809.000,265.000,NaN,NaN,NaN,NaN,NaN,NaN,NaN
741,2,3206.000,25.607,-2.351,0.005,-0.014,0.326,NaN,206,0,-0.574,-1.326,733.000,198.000,754.000,286.000,NaN,NaN,NaN,NaN,NaN,NaN,NaN
742,227,3206.000,27.387,-2.664,-0.025,-0.081,0.233,NaN,206,0,-0.938,-1.281,733.000,197.000,767.000,286.000,NaN,NaN,NaN,NaN,NaN,NaN,NaN
743,405,3206.000,27.109,-3.435,0.001,0.019,0.759,0.012,206,0,1.766,-1.594,766.000,197.000,809.000,264.000,27.020,-3.360,-1.250,0.750,0.610,1.720,-0.849
744,2,3207.000,25.611,-2.366,0.005,-0.014,NaN,NaN,207,0,-2.319,-1.326,NaN,NaN,NaN,NaN,NaN,NaN,NaN,NaN,NaN,NaN,NaN
745,227,3207.000,27.365,-2.720,-0.022,-0.073,0.057,NaN,207,0,-2.226,-1.232,736.000,198.000,767.000,242.000,NaN,NaN,NaN,NaN,NaN,NaN,NaN
746,405,3207.000,27.118,-3.414,0.001,0.021,0.765,NaN,207,0,3.077,-1.312,766.000,197.000,809.000,264.000,NaN,NaN,NaN,NaN,NaN,NaN,NaN
747,2,3208.000,25.618,-2.381,0.007,-0.015,NaN,NaN,208,0,-2.247,-1.326,NaN,NaN,NaN,NaN,NaN,NaN,NaN,NaN,NaN,NaN,NaN
748,227,3208.000,27.358,-2.743,-0.018,-0.059,0.073,NaN,208,0,-1.650,-1.202,734.000,198.000,767.000,285.000,NaN,NaN,NaN,NaN,NaN,NaN,NaN
749,405,3208.000,27.123,-3.405,-0.002,0.019,0.770,NaN,208,0,3.261,-1.311,767.000,198.000,809.000,264.000,NaN,NaN,NaN,NaN,NaN,NaN,NaN
750,2,3209.000,25.626,-2.420,0.006,-0.021,0.083,NaN,209,0,-1.743,-1.326,728.000,198.000,768.000,282.000,NaN,NaN,NaN,NaN,NaN,NaN,NaN
751,227,3209.000,27.342,-2.803,-0.017,-0.060,NaN,NaN,209,0,-2.682,-1.197,NaN,NaN,NaN,NaN,NaN,NaN,NaN,NaN,NaN,NaN,NaN
752,405,3209.000,27.123,-3.397,-0.003,0.018,0.759,NaN,209,0,3.077,-1.310,766.000,198.000,809.000,267.000,NaN,NaN,NaN,NaN,NaN,NaN,NaN
753,2,3210.000,25.868,-2.120,0.050,0.058,0.074,0.350,210,0,-2.440,-0.424,719.000,199.000,752.000,284.000,26.010,-1.740,-1.360,1.920,0.590,1.970,-0.824
754,227,3210.000,27.402,-2.769,-0.008,-0.034,0.067,NaN,210,0,-1.831,-1.189,735.000,198.000,767.000,260.000,NaN,NaN,NaN,NaN,NaN,NaN,NaN
755,405,3210.000,27.123,-3.452,-0.008,-0.001,0.750,0.015,210,0,1.698,-1.597,766.000,198.000,809.000,264.000,27.110,-3.540,-1.250,2.070,0.580,1.930,-1.136
756,2,3211.000,25.919,-2.062,0.051,0.058,NaN,NaN,211,0,-2.506,-1.326,NaN,NaN,NaN,NaN,NaN,NaN,NaN,NaN,NaN,NaN,NaN
757,227,3211.000,27.432,-2.733,-0.003,-0.018,0.029,NaN,211,0,-2.535,-1.195,730.000,198.000,767.000,248.000,NaN,NaN,NaN,NaN,NaN,NaN,NaN
758,405,3211.000,27.114,-3.440,-0.009,0.003,0.765,NaN,211,0,3.261,-1.313,767.000,198.000,809.000,264.000,NaN,NaN,NaN,NaN,NaN,NaN,NaN
759,2,3212.000,25.971,-2.004,0.052,0.057,NaN,NaN,212,0,-2.403,-1.326,NaN,NaN,NaN,NaN,NaN,NaN,NaN,NaN,NaN,NaN,NaN
760,227,3212.000,27.427,-2.707,-0.002,-0.009,0.034,NaN,212,0,-2.558,-1.205,729.000,198.000,768.000,248.000,NaN,NaN,NaN,NaN,NaN,NaN,NaN
761,405,3212.000,27.106,-3.428,-0.009,0.006,0.767,NaN,212,0,3.261,-1.312,767.000,198.000,809.000,265.000,NaN,NaN,NaN,NaN,NaN,NaN,NaN
762,2,3213.000,26.035,-2.152,0.055,0.020,0.456,NaN,213,0,-0.011,-1.327,719.000,197.000,755.000,270.000,NaN,NaN,NaN,NaN,NaN,NaN,NaN
763,227,3213.000,27.412,-2.698,-0.003,-0.006,0.084,NaN,213,0,-1.783,-1.209,735.000,198.000,768.000,262.000,NaN,NaN,NaN,NaN,NaN,NaN,NaN
764,405,3213.000,27.099,-3.423,-0.008,0.006,0.821,NaN,213,0,4.217,-1.311,767.000,198.000,810.000,266.000,NaN,NaN,NaN,NaN,NaN,NaN,NaN
765,2,3214.000,26.089,-2.132,0.055,0.020,NaN,NaN,214,0,-2.970,-1.326,NaN,NaN,NaN,NaN,NaN,NaN,NaN,NaN,NaN,NaN,NaN
766,227,3214.000,27.408,-2.656,-0.002,0.006,0.644,NaN,214,0,1.407,-1.220,719.000,200.000,768.000,279.000,NaN,NaN,NaN,NaN,NaN,NaN,NaN
767,405,3214.000,27.095,-3.418,-0.007,0.007,0.814,NaN,214,0,4.053,-1.311,767.000,197.000,810.000,266.000,NaN,NaN,NaN,NaN,NaN,NaN,NaN
768,2,3215.000,26.018,-1.939,0.044,0.055,NaN,0.137,215,0,-3.126,-0.961,667.000,199.000,751.000,297.000,26.010,-1.730,-1.320,1.780,0.590,1.810,-0.776
769,227,3215.000,27.406,-2.649,-0.002,0.007,NaN,NaN,215,0,-2.041,-1.240,NaN,NaN,NaN,NaN,NaN,NaN,NaN,NaN,NaN,NaN,NaN
770,405,3215.000,27.079,-3.411,-0.010,0.006,0.840,NaN,215,0,4.443,-1.311,767.000,197.000,810.000,266.000,NaN,NaN,NaN,NaN,NaN,NaN,NaN
771,2,3216.000,26.003,-2.067,0.036,0.011,0.031,NaN,216,0,-2.815,-1.327,725.000,200.000,757.000,247.000,NaN,NaN,NaN,NaN,NaN,NaN,NaN
772,227,3216.000,27.378,-2.667,-0.004,0.002,0.129,NaN,216,0,-1.561,-1.246,735.000,200.000,768.000,270.000,NaN,NaN,NaN,NaN,NaN,NaN,NaN
773,405,3216.000,27.076,-3.418,-0.008,0.002,0.736,NaN,216,0,2.746,-1.311,768.000,198.000,810.000,266.000,NaN,NaN,NaN,NaN,NaN,NaN,NaN
774,2,3217.000,25.924,-2.137,0.017,-0.014,0.096,NaN,217,0,-2.037,-1.326,722.000,200.000,766.000,247.000,NaN,NaN,NaN,NaN,NaN,NaN,NaN
775,227,3217.000,27.421,-2.627,0.000,0.010,0.615,NaN,217,0,1.112,-1.229,719.000,200.000,767.000,279.000,NaN,NaN,NaN,NaN,NaN,NaN,NaN
776,405,3217.000,27.085,-3.414,-0.005,0.002,0.737,NaN,217,0,2.746,-1.311,767.000,198.000,807.000,265.000,NaN,NaN,NaN,NaN,NaN,NaN,NaN
777,2,3218.000,25.854,-2.198,0.008,-0.029,0.094,NaN,218,0,-2.102,-1.326,721.000,200.000,760.000,252.000,NaN,NaN,NaN,NaN,NaN,NaN,NaN
778,227,3218.000,27.417,-2.665,-0.003,0.001,0.108,NaN,218,0,-1.680,-1.260,737.000,200.000,768.000,268.000,NaN,NaN,NaN,NaN,NaN,NaN,NaN
779,405,3218.000,27.093,-3.407,-0.003,0.005,0.779,NaN,218,0,3.460,-1.311,766.000,201.000,807.000,266.000,NaN,NaN,NaN,NaN,NaN,NaN,NaN
780,2,3219.000,25.921,-2.080,0.001,0.023,0.201,0.666,219,0,-1.569,0.512,698.000,205.000,722.000,265.000,25.950,-1.700,-1.290,0.930,0.530,1.800,-0.658
781,227,3219.000,27.413,-2.663,-0.004,0.002,NaN,NaN,219,0,-0.616,-1.232,NaN,NaN,NaN,NaN,NaN,NaN,NaN,NaN,NaN,NaN,NaN
782,405,3219.000,27.096,-3.415,-0.002,0.003,0.740,NaN,219,0,2.746,-1.310,767.000,200.000,812.000,265.000,NaN,NaN,NaN,NaN,NaN,NaN,NaN
783,2,3220.000,25.921,-2.056,-0.000,0.024,NaN,NaN,220,0,-1.181,-1.326,NaN,NaN,NaN,NaN,NaN,NaN,NaN,NaN,NaN,NaN,NaN
784,227,3220.000,27.460,-2.615,0.001,0.014,0.531,NaN,220,0,0.663,-1.232,722.000,199.000,766.000,282.000,NaN,NaN,NaN,NaN,NaN,NaN,NaN
785,405,3220.000,27.128,-3.407,0.001,0.006,0.766,NaN,220,0,3.261,-1.311,767.000,199.000,807.000,267.000,NaN,NaN,NaN,NaN,NaN,NaN,NaN
786,2,3221.000,25.935,-2.253,0.011,-0.032,0.032,NaN,221,0,-3.099,-1.326,727.000,200.000,766.000,239.000,NaN,NaN,NaN,NaN,NaN,NaN,NaN
787,227,3221.000,27.484,-2.589,0.002,0.018,0.458,NaN,221,0,0.166,-1.272,724.000,200.000,767.000,281.000,NaN,NaN,NaN,NaN,NaN,NaN,NaN
788,405,3221.000,27.133,-3.390,0.002,0.010,0.641,NaN,221,0,1.407,-1.311,767.000,200.000,806.000,266.000,NaN,NaN,NaN,NaN,NaN,NaN,NaN
789,2,3222.000,25.937,-2.022,0.012,0.022,0.369,0.964,222,0,-0.776,4.938,723.000,200.000,755.000,282.000,26.040,-1.730,-1.290,1.850,0.620,1.880,-0.760
790,227,3222.000,27.501,-2.699,0.003,-0.010,0.108,NaN,222,0,-1.909,-1.281,742.000,198.000,767.000,255.000,NaN,NaN,NaN,NaN,NaN,NaN,NaN
791,405,3222.000,27.132,-3.382,0.000,0.010,0.557,NaN,222,0,0.715,-1.309,766.000,200.000,808.000,263.000,NaN,NaN,NaN,NaN,NaN,NaN,NaN
792,2,3223.000,25.978,-2.058,0.016,0.013,0.037,NaN,223,0,-2.701,-1.327,718.000,210.000,736.000,268.000,NaN,NaN,NaN,NaN,NaN,NaN,NaN
793,227,3223.000,27.526,-2.677,0.002,-0.003,0.550,NaN,223,0,0.829,-1.215,724.000,198.000,767.000,279.000,NaN,NaN,NaN,NaN,NaN,NaN,NaN
794,405,3223.000,27.132,-3.380,-0.001,0.009,0.507,NaN,223,0,0.090,-1.309,766.000,201.000,809.000,252.000,NaN,NaN,NaN,NaN,NaN,NaN,NaN
795,2,3224.000,25.986,-2.057,0.012,0.012,0.029,NaN,224,0,-2.538,-1.326,717.000,214.000,736.000,280.000,NaN,NaN,NaN,NaN,NaN,NaN,NaN
796,227,3224.000,27.528,-2.679,0.003,-0.002,NaN,NaN,224,0,-0.644,-1.232,NaN,NaN,NaN,NaN,NaN,NaN,NaN,NaN,NaN,NaN,NaN
797,405,3224.000,27.130,-3.379,-0.004,0.006,0.114,NaN,224,0,-1.949,-1.309,768.000,201.000,806.000,249.000,NaN,NaN,NaN,NaN,NaN,NaN,NaN
798,2,3225.000,25.991,-2.008,0.015,0.025,0.033,NaN,225,0,-2.281,-1.326,698.000,204.000,735.000,285.000,NaN,NaN,NaN,NaN,NaN,NaN,NaN
799,227,3225.000,27.544,-2.640,0.003,0.008,0.640,NaN,225,0,1.595,-1.232,723.000,198.000,768.000,281.000,NaN,NaN,NaN,NaN,NaN,NaN,NaN
800,405,3225.000,27.110,-3.386,-0.003,0.003,0.511,NaN,225,0,0.306,-1.309,766.000,201.000,812.000,263.000,NaN,NaN,NaN,NaN,NaN,NaN,NaN
801,2,3226.000,26.027,-1.926,0.023,0.046,0.374,0.015,226,0,-0.777,-1.557,695.000,204.000,721.000,284.000,26.030,-1.740,-1.370,0.600,0.700,1.730,-1.063
802,227,3226.000,27.559,-2.620,0.004,0.010,0.508,NaN,226,0,0.501,-1.260,726.000,198.000,767.000,284.000,NaN,NaN,NaN,NaN,NaN,NaN,NaN
803,405,3226.000,27.112,-3.406,-0.004,-0.001,0.649,NaN,226,0,1.509,-1.308,766.000,200.000,814.000,265.000,NaN,NaN,NaN,NaN,NaN,NaN,NaN
804,2,3227.000,26.035,-1.828,0.024,0.059,0.044,0.066,227,0,-2.902,-1.221,697.000,207.000,736.000,278.000,26.030,-1.710,-1.270,1.860,0.570,1.780,2.287
805,227,3227.000,27.681,-2.671,0.007,0.001,0.106,NaN,227,0,-1.894,-1.272,736.000,198.000,767.000,242.000,NaN,NaN,NaN,NaN,NaN,NaN,NaN
806,405,3227.000,27.118,-3.411,-0.004,-0.003,0.601,NaN,227,0,1.024,-1.310,767.000,199.000,809.000,266.000,NaN,NaN,NaN,NaN,NaN,NaN,NaN
807,2,3228.000,26.055,-1.764,0.021,0.060,0.424,NaN,228,0,-0.278,-1.327,696.000,204.000,724.000,269.000,NaN,NaN,NaN,NaN,NaN,NaN,NaN
808,227,3228.000,27.684,-2.649,0.007,0.005,0.594,NaN,228,0,1.124,-1.246,724.000,198.000,767.000,284.000,NaN,NaN,NaN,NaN,NaN,NaN,NaN
809,405,3228.000,27.123,-3.410,-0.004,-0.000,0.026,NaN,228,0,-2.508,-1.311,763.000,203.000,812.000,273.000,NaN,NaN,NaN,NaN,NaN,NaN,NaN
810,2,3229.000,25.943,-1.710,-0.005,0.055,0.425,0.108,229,0,-0.581,-1.051,697.000,203.000,725.000,271.000,25.910,-1.730,-1.340,0.850,0.550,1.790,-0.161
811,227,3229.000,27.707,-2.664,0.008,0.001,0.385,NaN,229,0,-0.254,-1.260,734.000,199.000,767.000,280.000,NaN,NaN,NaN,NaN,NaN,NaN,NaN
812,405,3229.000,27.153,-3.418,-0.002,-0.001,0.731,NaN,229,0,2.364,-1.311,766.000,198.000,811.000,255.000,NaN,NaN,NaN,NaN,NaN,NaN,NaN
813,2,3230.000,25.957,-1.697,0.002,0.043,0.031,0.155,230,0,-3.013,-0.899,719.000,205.000,745.000,261.000,26.010,-1.770,-1.270,1.810,0.610,1.730,-0.769
814,227,3230.000,27.755,-2.686,0.012,-0.003,0.125,NaN,230,0,-1.572,-1.255,735.000,198.000,767.000,274.000,NaN,NaN,NaN,NaN,NaN,NaN,NaN
815,405,3230.000,27.268,-3.440,0.007,-0.002,0.737,NaN,230,0,2.522,-1.311,766.000,198.000,811.000,255.000,NaN,NaN,NaN,NaN,NaN,NaN,NaN
816,2,3231.000,25.956,-1.718,0.003,0.028,0.416,NaN,231,0,-0.109,-1.327,698.000,203.000,725.000,284.000,NaN,NaN,NaN,NaN,NaN,NaN,NaN
817,227,3231.000,27.807,-2.702,0.013,-0.005,0.139,NaN,231,0,-1.341,-1.248,735.000,198.000,767.000,284.000,NaN,NaN,NaN,NaN,NaN,NaN,NaN
818,405,3231.000,27.286,-3.441,0.008,-0.002,0.686,NaN,231,0,1.743,-1.311,767.000,197.000,810.000,256.000,NaN,NaN,NaN,NaN,NaN,NaN,NaN
819,2,3232.000,25.962,-1.697,0.006,0.028,0.471,0.054,232,0,-0.203,-1.375,735.000,197.000,753.000,285.000,25.970,-1.700,-1.310,1.770,0.600,1.860,2.786
820,227,3232.000,27.869,-2.722,0.014,-0.007,0.219,NaN,232,0,-0.945,-1.235,735.000,198.000,768.000,284.000,NaN,NaN,NaN,NaN,NaN,NaN,NaN
821,405,3232.000,27.317,-3.441,0.011,-0.001,0.665,NaN,232,0,1.488,-1.311,767.000,197.000,809.000,255.000,NaN,NaN,NaN,NaN,NaN,NaN,NaN
822,2,3233.000,25.971,-1.686,0.008,0.023,0.240,0.153,233,0,-1.342,-0.930,698.000,203.000,725.000,269.000,25.970,-1.710,-1.250,1.750,0.590,1.840,-0.716
823,227,3233.000,27.922,-2.732,0.019,-0.006,0.171,NaN,233,0,-1.179,-1.235,735.000,198.000,768.000,283.000,NaN,NaN,NaN,NaN,NaN,NaN,NaN
824,405,3233.000,27.354,-3.448,0.013,-0.002,0.677,NaN,233,0,1.609,-1.311,767.000,198.000,810.000,256.000,NaN,NaN,NaN,NaN,NaN,NaN,NaN
825,2,3234.000,25.986,-1.707,0.008,0.012,0.086,NaN,234,0,-2.103,-1.327,698.000,204.000,723.000,245.000,NaN,NaN,NaN,NaN,NaN,NaN,NaN
826,227,3234.000,27.975,-2.738,0.020,-0.006,0.246,NaN,234,0,-0.799,-1.216,735.000,198.000,767.000,283.000,NaN,NaN,NaN,NaN,NaN,NaN,NaN
827,405,3234.000,27.400,-3.448,0.016,-0.001,0.719,NaN,234,0,2.206,-1.311,766.000,197.000,809.000,257.000,NaN,NaN,NaN,NaN,NaN,NaN,NaN
828,2,3235.000,25.950,-1.693,-0.001,0.012,0.378,0.570,235,0,-0.743,0.221,698.000,203.000,725.000,280.000,25.900,-1.700,-1.330,0.800,0.590,1.770,-0.264
829,227,3235.000,28.004,-2.748,0.019,-0.008,0.171,NaN,235,0,-1.162,-1.216,735.000,198.000,768.000,283.000,NaN,NaN,NaN,NaN,NaN,NaN,NaN
830,405,3235.000,27.475,-3.459,0.021,-0.002,0.715,NaN,235,0,2.046,-1.311,766.000,197.000,809.000,255.000,NaN,NaN,NaN,NaN,NaN,NaN,NaN
831,2,3236.000,25.918,-1.672,-0.007,0.015,0.327,0.075,236,0,-0.949,-1.221,699.000,203.000,725.000,275.000,25.870,-1.660,-1.370,0.910,0.580,1.830,2.387
832,227,3236.000,27.912,-2.748,0.013,-0.011,0.153,NaN,236,0,-1.262,-1.216,735.000,198.000,768.000,283.000,NaN,NaN,NaN,NaN,NaN,NaN,NaN
833,405,3236.000,27.476,-3.458,0.020,-0.002,0.671,NaN,236,0,1.724,-1.309,767.000,198.000,809.000,261.000,NaN,NaN,NaN,NaN,NaN,NaN,NaN
834,2,3237.000,25.910,-1.715,-0.009,0.001,0.038,NaN,237,0,-2.701,-1.327,699.000,204.000,726.000,254.000,NaN,NaN,NaN,NaN,NaN,NaN,NaN
835,227,3237.000,27.973,-2.755,0.014,-0.008,0.145,NaN,237,0,-1.262,-1.216,734.000,198.000,768.000,283.000,NaN,NaN,NaN,NaN,NaN,NaN,NaN
836,405,3237.000,27.485,-3.453,0.020,-0.001,0.746,NaN,237,0,2.906,-1.309,766.000,197.000,808.000,264.000,NaN,NaN,NaN,NaN,NaN,NaN,NaN
837,2,3238.000,25.907,-1.703,-0.008,0.005,0.317,0.231,238,0,-0.991,-0.703,699.000,203.000,725.000,280.000,25.900,-1.700,-1.260,0.780,0.600,1.760,-0.256
838,227,3238.000,28.059,-2.754,0.017,-0.005,0.148,NaN,238,0,-1.249,-1.204,735.000,198.000,766.000,285.000,NaN,NaN,NaN,NaN,NaN,NaN,NaN
839,405,3238.000,27.496,-3.448,0.020,0.002,0.759,NaN,238,0,3.077,-1.309,766.000,197.000,808.000,263.000,NaN,NaN,NaN,NaN,NaN,NaN,NaN
840,2,3239.000,25.917,-1.703,-0.004,0.003,0.441,0.643,239,0,-0.458,0.405,700.000,203.000,724.000,285.000,25.940,-1.720,-1.320,0.800,0.640,1.770,-0.365
841,227,3239.000,28.137,-2.754,0.019,-0.000,0.229,NaN,239,0,-0.893,-1.220,734.000,198.000,767.000,284.000,NaN,NaN,NaN,NaN,NaN,NaN,NaN
842,405,3239.000,27.524,-3.445,0.020,0.003,0.752,NaN,239,0,2.906,-1.306,766.000,198.000,808.000,263.000,NaN,NaN,NaN,NaN,NaN,NaN,NaN
843,2,3240.000,25.922,-1.736,-0.002,-0.006,0.613,NaN,240,0,1.112,-1.327,700.000,204.000,722.000,265.000,NaN,NaN,NaN,NaN,NaN,NaN,NaN
844,227,3240.000,28.216,-2.753,0.018,0.002,0.582,NaN,240,0,1.046,-1.220,733.000,198.000,767.000,286.000,NaN,NaN,NaN,NaN,NaN,NaN,NaN
845,405,3240.000,27.631,-3.476,0.021,-0.002,0.709,NaN,240,0,2.280,-1.306,768.000,199.000,810.000,266.000,NaN,NaN,NaN,NaN,NaN,NaN,NaN
846,2,3241.000,25.917,-1.734,-0.002,-0.004,0.541,0.079,241,0,0.265,-1.162,699.000,202.000,723.000,267.000,25.920,-1.700,-1.350,0.790,0.440,1.710,0.234
847,227,3241.000,28.321,-2.748,0.024,0.004,0.437,NaN,241,0,0.021,-1.237,731.000,198.000,767.000,287.000,NaN,NaN,NaN,NaN,NaN,NaN,NaN
848,405,3241.000,27.740,-3.495,0.026,-0.005,0.711,NaN,241,0,2.280,-1.307,768.000,199.000,810.000,266.000,NaN,NaN,NaN,NaN,NaN,NaN,NaN
849,2,3242.000,25.936,-1.730,0.002,-0.002,0.529,0.098,242,0,0.197,-1.080,698.000,204.000,723.000,266.000,25.970,-1.700,-1.350,0.870,0.540,1.790,-0.549
850,227,3242.000,28.073,-2.526,0.014,0.051,0.055,NaN,242,0,-2.246,-1.243,721.000,201.000,747.000,245.000,NaN,NaN,NaN,NaN,NaN,NaN,NaN
851,405,3242.000,27.822,-3.508,0.029,-0.006,0.715,NaN,242,0,2.434,-1.307,767.000,199.000,810.000,266.000,NaN,NaN,NaN,NaN,NaN,NaN,NaN
852,2,3243.000,25.943,-1.714,0.003,0.001,0.117,NaN,243,0,-1.520,-1.327,695.000,211.000,721.000,292.000,NaN,NaN,NaN,NaN,NaN,NaN,NaN
853,227,3243.000,27.995,-2.448,0.009,0.056,0.100,NaN,243,0,-1.603,-1.311,719.000,199.000,753.000,287.000,NaN,NaN,NaN,NaN,NaN,NaN,NaN
854,405,3243.000,27.894,-3.533,0.031,-0.010,0.652,NaN,243,0,1.509,-1.305,770.000,198.000,810.000,265.000,NaN,NaN,NaN,NaN,NaN,NaN,NaN
855,2,3244.000,25.948,-1.718,0.003,-0.001,0.659,NaN,244,0,1.381,-1.327,699.000,202.000,720.000,262.000,NaN,NaN,NaN,NaN,NaN,NaN,NaN
856,227,3244.000,28.067,-2.411,0.008,0.051,0.617,NaN,244,0,1.393,-1.317,719.000,199.000,753.000,287.000,NaN,NaN,NaN,NaN,NaN,NaN,NaN
857,405,3244.000,27.938,-3.543,0.031,-0.010,0.711,NaN,244,0,2.280,-1.306,768.000,198.000,810.000,266.000,NaN,NaN,NaN,NaN,NaN,NaN,NaN
858,2,3245.000,25.935,-1.706,0.000,0.001,0.601,0.835,245,0,0.607,1.590,698.000,201.000,720.000,265.000,25.930,-1.660,-1.300,0.870,0.470,1.750,2.814
859,227,3245.000,28.075,-2.361,0.008,0.051,NaN,NaN,245,0,-2.791,-1.320,NaN,NaN,NaN,NaN,NaN,NaN,NaN,NaN,NaN,NaN,NaN
860,405,3245.000,27.974,-3.547,0.030,-0.009,0.752,NaN,245,0,2.906,-1.306,766.000,198.000,810.000,267.000,NaN,NaN,NaN,NaN,NaN,NaN,NaN
861,536,3245.000,25.470,-2.050,0.000,0.000,0.594,0.120,245,0,0.777,-0.951,720.000,200.000,763.000,284.000,25.470,-2.050,-1.300,1.000,0.490,1.930,-0.134
862,2,3246.000,25.928,-1.716,-0.002,-0.001,0.455,NaN,246,0,-0.082,-1.327,698.000,202.000,721.000,269.000,NaN,NaN,NaN,NaN,NaN,NaN,NaN
863,227,3246.000,28.243,-2.396,0.012,0.034,0.581,NaN,246,0,1.046,-1.322,720.000,200.000,753.000,284.000,NaN,NaN,NaN,NaN,NaN,NaN,NaN
864,405,3246.000,28.140,-3.561,0.036,-0.005,0.760,NaN,246,0,3.077,-1.306,766.000,198.000,809.000,266.000,NaN,NaN,NaN,NaN,NaN,NaN,NaN
865,536,3246.000,25.462,-2.187,0.009,-0.050,0.049,NaN,246,0,-2.805,-1.327,720.000,200.000,761.000,240.000,NaN,NaN,NaN,NaN,NaN,NaN,NaN
866,2,3247.000,25.941,-1.719,0.004,-0.002,NaN,0.113,247,0,-3.127,-1.051,670.000,198.000,747.000,294.000,25.950,-1.710,-1.280,1.800,0.560,1.760,-0.660
867,227,3247.000,25.931,-1.987,-0.044,0.086,0.514,0.923,247,0,0.055,4.838,697.000,203.000,721.000,287.000,25.920,-1.670,-1.380,0.770,0.550,1.800,-0.053
868,405,3247.000,28.353,-3.614,0.042,-0.010,0.595,NaN,247,0,0.941,-1.307,774.000,198.000,809.000,266.000,NaN,NaN,NaN,NaN,NaN,NaN,NaN
869,536,3247.000,25.490,-2.155,0.015,-0.009,0.637,0.146,247,0,0.809,-0.930,719.000,200.000,753.000,287.000,25.500,-2.100,-1.250,0.970,0.500,2.000,-0.552
870,2,3248.000,25.909,-1.706,-0.005,0.002,0.055,0.816,248,0,-2.588,1.373,697.000,208.000,721.000,267.000,25.870,-1.650,-1.310,0.990,0.490,1.860,2.867
871,227,3248.000,25.887,-1.901,-0.044,0.085,NaN,NaN,248,0,-2.506,-1.327,NaN,NaN,NaN,NaN,NaN,NaN,NaN,NaN,NaN,NaN,NaN
872,405,3248.000,28.494,-3.618,0.043,-0.007,0.724,NaN,248,0,2.434,-1.308,767.000,198.000,809.000,265.000,NaN,NaN,NaN,NaN,NaN,NaN,NaN
873,536,3248.000,25.516,-2.112,0.018,0.011,0.602,0.024,248,0,0.607,-1.539,719.000,200.000,754.000,286.000,25.500,-2.090,-1.280,0.900,0.570,1.790,-0.885
874,2,3249.000,25.909,-1.714,-0.005,0.000,0.164,NaN,249,0,-1.502,-1.327,697.000,202.000,721.000,267.000,NaN,NaN,NaN,NaN,NaN,NaN,NaN
875,227,3249.000,25.753,-2.062,-0.074,0.032,0.097,NaN,249,0,-2.037,-1.327,719.000,199.000,752.000,246.000,NaN,NaN,NaN,NaN,NaN,NaN,NaN
876,405,3249.000,28.593,-3.602,0.045,-0.000,0.764,NaN,249,0,3.077,-1.308,766.000,200.000,806.000,266.000,NaN,NaN,NaN,NaN,NaN,NaN,NaN
877,536,3249.000,25.530,-2.157,0.014,-0.010,0.582,NaN,249,0,1.046,-1.327,718.000,199.000,753.000,287.000,NaN,NaN,NaN,NaN,NaN,NaN,NaN
878,2,3250.000,25.927,-1.721,0.001,-0.001,0.050,0.165,250,0,-2.751,-0.869,697.000,211.000,720.000,264.000,25.930,-1.740,-1.300,0.800,0.580,1.730,-0.415
879,227,3250.000,25.768,-2.133,-0.054,0.009,0.071,NaN,250,0,-2.275,-1.327,719.000,199.000,754.000,251.000,NaN,NaN,NaN,NaN,NaN,NaN,NaN
880,405,3250.000,28.677,-3.599,0.047,0.002,0.751,NaN,250,0,2.906,-1.307,765.000,200.000,809.000,266.000,NaN,NaN,NaN,NaN,NaN,NaN,NaN
881,536,3250.000,25.542,-2.121,0.007,0.005,0.635,0.228,250,0,0.754,-0.703,718.000,199.000,758.000,286.000,25.500,-2.110,-1.290,0.870,0.550,1.710,-0.189
882,2,3251.000,25.967,-1.737,0.009,-0.005,0.118,0.041,251,0,-2.044,-1.451,697.000,205.000,721.000,263.000,26.020,-1.770,-1.240,0.760,0.630,1.790,-0.483
883,227,3251.000,25.908,-2.361,-0.013,-0.039,0.041,NaN,251,0,-2.701,-1.326,737.000,197.000,764.000,244.000,NaN,NaN,NaN,NaN,NaN,NaN,NaN
884,405,3251.000,28.781,-3.606,0.050,-0.000,0.716,NaN,251,0,2.434,-1.306,766.000,200.000,807.000,266.000,NaN,NaN,NaN,NaN,NaN,NaN,NaN
885,536,3251.000,25.502,-2.090,-0.006,0.011,0.748,0.046,251,0,2.266,-1.312,718.000,198.000,765.000,284.000,25.460,-2.090,-1.250,0.830,0.510,1.730,-0.466
886,2,3252.000,25.978,-1.728,0.007,-0.003,0.218,NaN,252,0,-1.187,-1.327,697.000,202.000,721.000,264.000,NaN,NaN,NaN,NaN,NaN,NaN,NaN
887,227,3252.000,25.866,-2.428,-0.019,-0.047,0.028,NaN,252,0,-2.274,-1.323,734.000,197.000,766.000,278.000,NaN,NaN,NaN,NaN,NaN,NaN,NaN
888,405,3252.000,28.802,-3.605,0.052,-0.000,0.659,NaN,252,0,1.613,-1.306,766.000,201.000,809.000,265.000,NaN,NaN,NaN,NaN,NaN,NaN,NaN
889,536,3252.000,25.497,-2.128,-0.004,-0.001,0.648,NaN,252,0,1.698,-1.327,719.000,198.000,754.000,287.000,NaN,NaN,NaN,NaN,NaN,NaN,NaN
890,2,3253.000,25.958,-1.725,0.001,-0.003,0.166,0.362,253,0,-1.737,-0.405,697.000,204.000,721.000,270.000,25.940,-1.690,-1.340,0.890,0.500,1.770,-0.357
891,227,3253.000,25.824,-2.496,-0.023,-0.055,0.035,NaN,253,0,-2.533,-1.324,737.000,197.000,766.000,273.000,NaN,NaN,NaN,NaN,NaN,NaN,NaN
892,405,3253.000,28.964,-3.651,0.056,-0.006,0.038,NaN,253,0,-2.926,-1.306,773.000,200.000,807.000,234.000,NaN,NaN,NaN,NaN,NaN,NaN,NaN
893,536,3253.000,25.480,-2.139,-0.006,-0.007,0.699,0.164,253,0,1.367,-0.899,719.000,197.000,752.000,286.000,25.500,-2.190,-1.260,0.870,0.600,1.900,-0.863
894,2,3254.000,25.963,-1.706,0.004,0.006,0.035,0.014,254,0,-3.013,-1.557,692.000,210.000,720.000,291.000,25.970,-1.640,-1.270,0.750,0.640,1.890,0.054
895,227,3254.000,25.540,-2.820,-0.071,-0.138,0.028,NaN,254,0,-2.811,-1.325,765.000,206.000,781.000,249.000,NaN,NaN,NaN,NaN,NaN,NaN,NaN
896,405,3254.000,29.088,-3.674,0.055,-0.007,0.034,NaN,254,0,-3.056,-1.308,772.000,202.000,807.000,241.000,NaN,NaN,NaN,NaN,NaN,NaN,NaN
897,536,3254.000,25.518,-2.134,0.003,-0.007,0.660,0.039,254,0,0.944,-1.451,719.000,197.000,754.000,288.000,25.590,-2.120,-1.230,0.840,0.520,1.840,-0.682
898,2,3255.000,25.963,-1.705,0.006,0.003,0.128,NaN,255,0,-1.662,-1.327,696.000,204.000,721.000,269.000,NaN,NaN,NaN,NaN,NaN,NaN,NaN
899,227,3255.000,25.671,-2.833,-0.027,-0.094,0.051,NaN,255,0,-2.279,-1.317,733.000,197.000,766.000,276.000,NaN,NaN,NaN,NaN,NaN,NaN,NaN
900,405,3255.000,29.181,-3.680,0.058,-0.005,0.731,NaN,255,0,2.590,-1.308,766.000,199.000,810.000,267.000,NaN,NaN,NaN,NaN,NaN,NaN,NaN
901,536,3255.000,25.512,-2.172,-0.002,-0.016,0.628,NaN,255,0,1.492,-1.327,719.000,198.000,754.000,288.000,NaN,NaN,NaN,NaN,NaN,NaN,NaN
902,2,3256.000,25.963,-1.708,0.005,0.001,0.195,0.080,256,0,-1.622,-1.162,697.000,203.000,721.000,263.000,25.960,-1.720,-1.320,0.750,0.560,1.830,-0.393
903,227,3256.000,25.598,-2.805,-0.022,-0.062,0.029,NaN,256,0,-2.797,-1.318,719.000,196.000,765.000,246.000,NaN,NaN,NaN,NaN,NaN,NaN,NaN
904,405,3256.000,29.161,-3.680,0.056,-0.005,0.705,NaN,256,0,2.128,-1.308,766.000,198.000,811.000,266.000,NaN,NaN,NaN,NaN,NaN,NaN,NaN
905,536,3256.000,25.479,-2.168,-0.006,-0.013,0.679,0.312,256,0,1.371,-0.421,718.000,196.000,764.000,283.000,25.470,-2.120,-1.250,0.850,0.510,1.730,-0.438
906,2,3257.000,25.979,-1.719,0.007,-0.002,0.114,0.194,257,0,-2.101,-0.811,697.000,206.000,721.000,268.000,25.990,-1.740,-1.250,0.760,0.470,1.720,-0.438
907,227,3257.000,25.536,-2.817,-0.019,-0.045,0.027,NaN,257,0,-2.799,-1.319,720.000,196.000,766.000,247.000,NaN,NaN,NaN,NaN,NaN,NaN,NaN
908,405,3257.000,29.238,-3.688,0.054,-0.006,0.730,NaN,257,0,2.364,-1.308,766.000,198.000,812.000,258.000,NaN,NaN,NaN,NaN,NaN,NaN,NaN
909,536,3257.000,25.489,-2.177,-0.002,-0.013,0.732,0.016,257,0,1.790,-1.539,718.000,196.000,766.000,283.000,25.520,-2.170,-1.280,0.910,0.580,1.830,-0.775
910,2,3258.000,25.980,-1.731,0.007,-0.004,0.043,NaN,258,0,-2.185,-1.327,695.000,204.000,726.000,285.000,NaN,NaN,NaN,NaN,NaN,NaN,NaN
911,405,3258.000,29.318,-3.695,0.054,-0.005,0.610,NaN,258,0,0.895,-1.309,766.000,198.000,811.000,254.000,NaN,NaN,NaN,NaN,NaN,NaN,NaN
912,536,3258.000,25.485,-2.235,-0.001,-0.025,0.670,NaN,258,0,1.916,-1.326,720.000,195.000,766.000,285.000,NaN,NaN,NaN,NaN,NaN,NaN,NaN
913,2,3259.000,25.954,-1.726,-0.000,-0.001,0.473,0.139,259,0,-0.203,-0.961,697.000,203.000,721.000,283.000,25.930,-1.690,-1.230,0.900,0.470,1.780,3.250
914,405,3259.000,29.389,-3.699,0.054,-0.004,0.575,NaN,259,0,0.573,-1.309,766.000,198.000,810.000,254.000,NaN,NaN,NaN,NaN,NaN,NaN,NaN
915,536,3259.000,25.471,-2.200,-0.004,-0.010,0.678,0.179,259,0,1.371,-0.761,719.000,195.000,766.000,285.000,25.470,-2.120,-1.290,0.980,0.510,1.850,-0.581
916,2,3260.000,25.947,-1.716,-0.000,0.002,0.456,0.014,260,0,-0.288,-1.557,697.000,203.000,722.000,265.000,25.950,-1.690,-1.320,1.790,0.530,1.820,-0.668
917,405,3260.000,29.434,-3.699,0.054,-0.005,0.712,NaN,260,0,2.046,-1.308,766.000,198.000,809.000,255.000,NaN,NaN,NaN,NaN,NaN,NaN,NaN
918,536,3260.000,25.447,-2.161,-0.009,0.003,NaN,0.154,260,0,-3.017,-0.854,711.000,197.000,752.000,297.000,25.420,-2.110,-1.290,0.840,0.610,1.830,-0.243
919,2,3261.000,25.939,-1.718,-0.002,0.003,0.464,NaN,261,0,-0.011,-1.327,697.000,203.000,722.000,266.000,NaN,NaN,NaN,NaN,NaN,NaN,NaN
920,405,3261.000,29.608,-3.718,0.053,-0.005,0.696,NaN,261,0,1.890,-1.308,766.000,198.000,809.000,255.000,NaN,NaN,NaN,NaN,NaN,NaN,NaN
921,536,3261.000,25.434,-2.217,-0.009,-0.012,0.028,NaN,261,0,-2.815,-1.326,721.000,196.000,766.000,250.000,NaN,NaN,NaN,NaN,NaN,NaN,NaN
922,2,3262.000,25.909,-1.691,-0.006,0.008,0.419,0.760,262,0,-0.581,1.024,697.000,203.000,723.000,266.000,25.880,-1.640,-1.300,0.850,0.610,1.770,2.701
923,405,3262.000,29.655,-3.724,0.050,-0.005,0.718,NaN,262,0,2.434,-1.309,766.000,198.000,810.000,259.000,NaN,NaN,NaN,NaN,NaN,NaN,NaN
924,536,3262.000,25.434,-2.205,-0.007,-0.006,0.766,0.379,262,0,2.423,-0.283,719.000,195.000,766.000,282.000,25.460,-2.140,-1.250,0.860,0.540,1.910,-0.106
925,2,3263.000,25.927,-1.683,0.002,0.007,0.420,0.134,263,0,-0.581,-0.992,697.000,203.000,722.000,267.000,25.940,-1.690,-1.310,0.760,0.530,1.620,-0.266
926,405,3263.000,29.697,-3.727,0.050,-0.004,0.717,NaN,263,0,2.434,-1.309,766.000,198.000,810.000,261.000,NaN,NaN,NaN,NaN,NaN,NaN,NaN
927,536,3263.000,25.371,-2.169,-0.018,0.005,0.759,0.062,263,0,2.344,-1.228,719.000,195.000,766.000,282.000,25.310,-2.080,-1.430,1.890,0.630,1.820,2.568
928,2,3264.000,25.936,-1.709,0.003,-0.005,0.426,NaN,264,0,-0.218,-1.327,697.000,203.000,722.000,269.000,NaN,NaN,NaN,NaN,NaN,NaN,NaN
929,405,3264.000,29.754,-3.733,0.047,-0.005,0.728,NaN,264,0,2.590,-1.309,766.000,198.000,810.000,261.000,NaN,NaN,NaN,NaN,NaN,NaN,NaN
930,536,3264.000,25.347,-2.214,-0.018,-0.008,0.780,NaN,264,0,3.620,-1.326,719.000,195.000,766.000,282.000,NaN,NaN,NaN,NaN,NaN,NaN,NaN
931,2,3265.000,25.929,-1.700,-0.001,-0.001,0.395,0.321,265,0,-0.705,-0.495,696.000,203.000,723.000,266.000,25.900,-1.670,-1.380,0.880,0.520,1.800,0.081
932,405,3265.000,29.859,-3.749,0.046,-0.007,0.711,NaN,265,0,2.280,-1.309,766.000,198.000,810.000,262.000,NaN,NaN,NaN,NaN,NaN,NaN,NaN
933,536,3265.000,25.418,-2.180,-0.000,0.002,NaN,0.242,265,0,-3.017,-0.591,717.000,200.000,746.000,294.000,25.470,-2.110,-1.290,0.940,0.470,1.720,-0.019
934,2,3266.000,25.968,-1.702,0.008,-0.001,0.423,0.020,266,0,-0.581,-1.539,697.000,203.000,723.000,267.000,26.020,-1.700,-1.350,0.840,0.540,1.770,-0.421
935,405,3266.000,30.212,-3.798,0.050,-0.006,0.717,NaN,266,0,2.434,-1.309,767.000,198.000,810.000,263.000,NaN,NaN,NaN,NaN,NaN,NaN,NaN
936,536,3266.000,25.473,-2.155,0.009,0.009,0.786,0.043,266,0,2.294,-1.451,720.000,195.000,766.000,283.000,25.520,-2.120,-1.200,1.090,0.460,1.840,3.016
937,2,3267.000,25.982,-1.703,0.007,-0.001,0.308,NaN,267,0,-0.801,-1.327,696.000,202.000,721.000,271.000,NaN,NaN,NaN,NaN,NaN,NaN,NaN
938,405,3267.000,30.422,-3.826,0.052,-0.007,0.671,NaN,267,0,1.724,-1.310,767.000,198.000,810.000,265.000,NaN,NaN,NaN,NaN,NaN,NaN,NaN
939,536,3267.000,25.479,-2.200,0.007,-0.004,0.722,NaN,267,0,2.608,-1.326,718.000,195.000,766.000,283.000,NaN,NaN,NaN,NaN,NaN,NaN,NaN
940,2,3268.000,25.979,-1.722,0.004,-0.005,0.321,0.397,268,0,-0.991,-0.333,696.000,202.000,721.000,269.000,25.970,-1.760,-1.340,0.810,0.650,1.760,-0.619
941,405,3268.000,30.577,-3.846,0.053,-0.007,0.683,NaN,268,0,1.846,-1.311,767.000,198.000,810.000,264.000,NaN,NaN,NaN,NaN,NaN,NaN,NaN
942,536,3268.000,25.463,-2.175,0.001,0.003,0.658,0.178,268,0,1.190,-0.762,718.000,195.000,763.000,284.000,25.430,-2.120,-1.240,0.840,0.540,1.750,-0.217
943,2,3269.000,25.979,-1.719,0.003,-0.004,0.403,0.602,269,0,-0.666,0.304,696.000,203.000,721.000,275.000,25.960,-1.710,-1.320,0.730,0.560,1.670,-0.129
944,405,3269.000,30.708,-3.865,0.053,-0.009,0.632,NaN,269,0,1.305,-1.311,767.000,198.000,810.000,265.000,NaN,NaN,NaN,NaN,NaN,NaN,NaN
945,536,3269.000,25.519,-2.166,0.014,0.005,0.647,0.239,269,0,0.873,-0.671,719.000,195.000,763.000,285.000,25.590,-2.150,-1.200,0.810,0.500,1.840,-0.804
946,2,3270.000,26.002,-1.706,0.008,0.001,0.374,NaN,270,0,-0.535,-1.327,696.000,202.000,721.000,274.000,NaN,NaN,NaN,NaN,NaN,NaN,NaN
947,405,3270.000,30.859,-3.891,0.055,-0.010,0.649,NaN,270,0,1.509,-1.311,768.000,198.000,810.000,264.000,NaN,NaN,NaN,NaN,NaN,NaN,NaN
948,536,3270.000,25.534,-2.215,0.013,-0.006,0.662,NaN,270,0,1.803,-1.326,719.000,195.000,764.000,284.000,NaN,NaN,NaN,NaN,NaN,NaN,NaN
949,2,3271.000,26.033,-1.710,0.013,0.001,0.363,0.135,271,0,-0.810,-0.992,696.000,203.000,721.000,288.000,26.050,-1.730,-1.280,0.870,0.540,1.820,-0.431
950,405,3271.000,30.952,-3.901,0.066,-0.010,0.664,NaN,271,0,1.613,-1.312,768.000,198.000,810.000,265.000,NaN,NaN,NaN,NaN,NaN,NaN,NaN
951,536,3271.000,25.498,-2.187,0.005,-0.000,0.082,0.526,271,0,-2.187,0.211,697.000,203.000,721.000,254.000,25.450,-2.130,-1.320,0.840,0.490,1.840,-0.614
952,2,3272.000,26.038,-1.715,0.012,-0.001,0.346,0.067,272,0,-0.848,-1.221,696.000,202.000,721.000,267.000,26.020,-1.730,-1.320,0.850,0.470,1.720,-0.141
953,405,3272.000,31.236,-3.942,0.069,-0.011,0.691,NaN,272,0,1.982,-1.312,768.000,198.000,810.000,265.000,NaN,NaN,NaN,NaN,NaN,NaN,NaN
954,536,3272.000,25.487,-2.175,0.004,0.003,0.685,0.113,272,0,1.488,-0.980,719.000,194.000,765.000,280.000,25.470,-2.160,-1.320,0.760,0.500,1.660,-0.521
955,2,3273.000,26.062,-1.712,0.015,-0.000,0.484,NaN,273,0,0.120,-1.327,696.000,203.000,721.000,271.000,NaN,NaN,NaN,NaN,NaN,NaN,NaN
956,405,3273.000,31.490,-3.979,0.073,-0.013,0.688,NaN,273,0,1.982,-1.313,768.000,198.000,810.000,265.000,NaN,NaN,NaN,NaN,NaN,NaN,NaN
957,536,3273.000,25.494,-2.223,0.007,-0.010,0.044,NaN,273,0,-2.701,-1.326,720.000,195.000,764.000,247.000,NaN,NaN,NaN,NaN,NaN,NaN,NaN
958,2,3274.000,26.048,-1.714,0.009,0.000,0.473,0.182,274,0,-0.203,-0.839,696.000,202.000,721.000,266.000,26.010,-1.730,-1.200,0.690,0.600,1.590,-0.603
959,405,3274.000,31.705,-4.006,0.076,-0.013,0.720,NaN,274,0,2.434,-1.313,767.000,197.000,810.000,266.000,NaN,NaN,NaN,NaN,NaN,NaN,NaN
960,536,3274.000,25.528,-2.211,0.014,-0.005,0.729,0.040,274,0,1.790,-1.451,719.000,194.000,765.000,280.000,25.560,-2.180,-1.270,0.800,0.580,1.710,-0.381
961,2,3275.000,26.031,-1.705,0.001,0.003,0.421,0.509,275,0,-0.581,0.027,694.000,202.000,721.000,280.000,26.000,-1.690,-1.360,0.760,0.590,1.770,-0.507
962,405,3275.000,31.908,-4.032,0.079,-0.012,0.713,NaN,275,0,2.280,-1.314,767.000,197.000,810.000,266.000,NaN,NaN,NaN,NaN,NaN,NaN,NaN
963,536,3275.000,25.566,-2.240,0.018,-0.009,0.731,0.038,275,0,1.790,-1.451,719.000,194.000,765.000,280.000,25.600,-2.270,-1.270,0.830,0.520,1.770,-0.726
964,2,3276.000,26.036,-1.705,-0.001,0.003,0.262,NaN,276,0,-0.987,-1.327,695.000,202.000,722.000,271.000,NaN,NaN,NaN,NaN,NaN,NaN,NaN
965,405,3276.000,32.121,-4.058,0.081,-0.011,0.723,NaN,276,0,2.434,-1.314,767.000,197.000,810.000,266.000,NaN,NaN,NaN,NaN,NaN,NaN,NaN
966,536,3276.000,25.583,-2.250,0.017,-0.010,NaN,NaN,276,0,-2.320,-1.326,NaN,NaN,NaN,NaN,NaN,NaN,NaN,NaN,NaN,NaN,NaN
967,2,3277.000,26.028,-1.716,-0.003,-0.001,0.343,0.047,277,0,-0.897,-1.375,693.000,203.000,721.000,283.000,26.030,-1.760,-1.320,0.880,0.590,1.750,-0.685
968,405,3277.000,32.261,-4.084,0.082,-0.013,0.734,NaN,277,0,2.590,-1.315,767.000,197.000,810.000,266.000,NaN,NaN,NaN,NaN,NaN,NaN,NaN
969,536,3277.000,25.552,-2.176,0.009,0.009,0.722,0.731,277,0,1.662,0.895,720.000,194.000,765.000,285.000,25.540,-2.100,-1.320,0.780,0.590,1.660,-0.121
970,2,3278.000,26.008,-1.699,-0.006,0.004,0.512,0.027,278,0,0.055,-1.506,696.000,203.000,721.000,289.000,26.000,-1.670,-1.310,0.790,0.650,1.790,-0.914
971,405,3278.000,32.431,-4.099,0.084,-0.012,0.732,NaN,278,0,2.590,-1.315,767.000,197.000,810.000,266.000,NaN,NaN,NaN,NaN,NaN,NaN,NaN
972,536,3278.000,25.461,-2.100,-0.013,0.023,0.723,0.059,278,0,1.934,-1.228,720.000,194.000,765.000,285.000,25.300,-2.030,-1.340,0.900,0.550,1.840,2.561
973,2,3279.000,26.005,-1.686,-0.004,0.007,0.567,NaN,279,0,0.973,-1.327,693.000,203.000,721.000,289.000,NaN,NaN,NaN,NaN,NaN,NaN,NaN
974,405,3279.000,32.534,-4.099,0.087,-0.009,0.732,NaN,279,0,2.590,-1.315,766.000,198.000,809.000,265.000,NaN,NaN,NaN,NaN,NaN,NaN,NaN
975,536,3279.000,25.448,-2.077,-0.014,0.023,NaN,NaN,279,0,-2.249,-1.327,NaN,NaN,NaN,NaN,NaN,NaN,NaN,NaN,NaN,NaN,NaN
976,2,3280.000,26.038,-1.682,0.003,0.009,0.578,0.235,280,0,0.497,-0.671,694.000,203.000,721.000,290.000,26.080,-1.680,-1.220,0.680,0.540,1.580,-0.517
977,405,3280.000,32.622,-4.101,0.088,-0.011,0.732,NaN,280,0,2.590,-1.314,766.000,198.000,809.000,265.000,NaN,NaN,NaN,NaN,NaN,NaN,NaN
978,536,3280.000,25.426,-2.032,-0.018,0.029,0.596,0.022,280,0,0.837,-1.483,721.000,196.000,762.000,286.000,25.390,-2.020,-1.280,0.920,0.520,1.900,0.218
979,2,3281.000,26.032,-1.670,-0.001,0.010,NaN,0.048,281,0,-3.127,-1.375,659.000,197.000,752.000,295.000,26.020,-1.660,-1.290,1.930,0.580,1.810,-0.852
980,405,3281.000,32.729,-4.114,0.089,-0.012,0.707,NaN,281,0,2.280,-1.314,767.000,198.000,809.000,266.000,NaN,NaN,NaN,NaN,NaN,NaN,NaN
981,536,3281.000,25.411,-2.048,-0.018,0.022,0.741,0.479,281,0,2.178,0.032,721.000,195.000,763.000,283.000,25.400,-2.120,-1.380,0.880,0.550,1.860,-0.456
982,2,3282.000,26.032,-1.667,-0.002,0.010,0.611,NaN,282,0,1.298,-1.327,693.000,203.000,720.000,289.000,NaN,NaN,NaN,NaN,NaN,NaN,NaN
983,405,3282.000,32.912,-4.137,0.090,-0.013,0.716,NaN,282,0,2.434,-1.314,767.000,197.000,809.000,266.000,NaN,NaN,NaN,NaN,NaN,NaN,NaN
984,536,3282.000,25.392,-2.027,-0.019,0.021,NaN,NaN,282,0,-2.183,-1.327,NaN,NaN,NaN,NaN,NaN,NaN,NaN,NaN,NaN,NaN,NaN
985,2,3283.000,26.018,-1.664,-0.005,0.009,0.618,0.045,283,0,0.705,-1.451,694.000,203.000,720.000,289.000,26.020,-1.700,-1.270,0.770,0.620,1.770,-0.213
986,405,3283.000,33.105,-4.164,0.093,-0.013,0.734,NaN,283,0,2.590,-1.315,767.000,197.000,809.000,266.000,NaN,NaN,NaN,NaN,NaN,NaN,NaN
987,536,3283.000,25.375,-2.005,-0.017,0.022,NaN,NaN,283,0,-2.058,-1.327,NaN,NaN,NaN,NaN,NaN,NaN,NaN,NaN,NaN,NaN,NaN
988,2,3284.000,26.009,-1.656,-0.005,0.010,0.669,0.767,284,0,1.024,1.059,692.000,203.000,721.000,288.000,26.010,-1.670,-1.330,0.900,0.530,1.820,-0.020
989,405,3284.000,33.480,-4.212,0.097,-0.013,0.720,NaN,284,0,2.434,-1.315,767.000,197.000,809.000,266.000,NaN,NaN,NaN,NaN,NaN,NaN,NaN
990,536,3284.000,25.358,-1.984,-0.017,0.022,NaN,NaN,284,0,-2.408,-1.327,NaN,NaN,NaN,NaN,NaN,NaN,NaN,NaN,NaN,NaN,NaN
991,2,3285.000,26.008,-1.659,-0.000,0.007,0.504,NaN,285,0,0.239,-1.327,692.000,203.000,722.000,273.000,NaN,NaN,NaN,NaN,NaN,NaN,NaN
992,405,3285.000,33.806,-4.250,0.098,-0.013,0.761,NaN,285,0,3.077,-1.315,766.000,196.000,809.000,266.000,NaN,NaN,NaN,NaN,NaN,NaN,NaN
993,536,3285.000,25.340,-1.965,-0.018,0.019,NaN,NaN,285,0,-2.018,-1.327,NaN,NaN,NaN,NaN,NaN,NaN,NaN,NaN,NaN,NaN,NaN
994,2,3286.000,26.037,-1.678,0.008,0.000,0.260,0.354,286,0,-1.214,-0.424,692.000,202.000,722.000,271.000,26.060,-1.720,-1.210,0.710,0.610,1.640,-0.127
995,405,3286.000,34.070,-4.283,0.101,-0.013,0.769,NaN,286,0,3.261,-1.316,766.000,197.000,810.000,266.000,NaN,NaN,NaN,NaN,NaN,NaN,NaN
996,536,3286.000,25.545,-2.104,0.021,-0.005,0.745,0.022,286,0,1.893,-1.540,719.000,194.000,764.000,279.000,25.600,-2.130,-1.200,0.870,0.540,1.770,0.238
997,2,3287.000,26.032,-1.700,0.005,-0.005,0.408,0.724,287,0,-0.626,0.831,693.000,203.000,721.000,270.000,26.020,-1.740,-1.360,0.730,0.650,1.740,-0.125
998,405,3287.000,34.286,-4.309,0.102,-0.013,0.794,NaN,287,0,3.665,-1.316,766.000,197.000,810.000,265.000,NaN,NaN,NaN,NaN,NaN,NaN,NaN
999,536,3287.000,25.544,-2.109,0.016,-0.004,0.777,0.146,287,0,2.198,-0.930,719.000,194.000,764.000,279.000,25.530,-2.080,-1.300,0.880,0.540,1.780,-0.026
1000,2,3288.000,26.039,-1.673,0.007,0.001,0.030,NaN,288,0,-2.281,-1.327,686.000,203.000,722.000,292.000,NaN,NaN,NaN,NaN,NaN,NaN,NaN
1001,405,3288.000,34.480,-4.330,0.105,-0.012,0.779,NaN,288,0,3.460,-1.316,766.000,197.000,810.000,265.000,NaN,NaN,NaN,NaN,NaN,NaN,NaN
1002,536,3288.000,25.569,-2.288,0.026,-0.039,0.035,NaN,288,0,-2.538,-1.327,731.000,196.000,765.000,267.000,NaN,NaN,NaN,NaN,NaN,NaN,NaN
1003,2,3289.000,25.976,-1.689,-0.009,-0.004,0.282,0.015,289,0,-1.097,-1.539,694.000,203.000,722.000,269.000,25.910,-1.690,-1.210,0.690,0.700,1.780,-0.228
1004,405,3289.000,34.566,-4.332,0.104,-0.011,0.785,NaN,289,0,3.665,-1.316,766.000,198.000,810.000,266.000,NaN,NaN,NaN,NaN,NaN,NaN,NaN
1005,536,3289.000,25.563,-2.253,0.019,-0.023,0.757,0.026,289,0,2.048,-1.506,719.000,194.000,764.000,280.000,25.530,-2.120,-1.320,0.790,0.600,1.810,-0.143
1006,2,3290.000,25.971,-1.708,-0.008,-0.009,0.427,0.028,290,0,-0.526,-1.506,695.000,203.000,722.000,270.000,25.970,-1.720,-1.330,0.810,0.630,1.830,-0.316
1007,405,3290.000,34.729,-4.352,0.106,-0.012,0.795,NaN,290,0,3.866,-1.317,766.000,198.000,810.000,266.000,NaN,NaN,NaN,NaN,NaN,NaN,NaN
1008,536,3290.000,25.587,-2.223,0.021,-0.012,0.764,0.047,290,0,2.048,-1.375,719.000,194.000,764.000,277.000,25.640,-2.140,-1.310,0.810,0.580,1.860,-0.214
1009,2,3291.000,25.950,-1.769,-0.008,-0.022,0.046,NaN,291,0,-2.295,-1.327,696.000,202.000,735.000,279.000,NaN,NaN,NaN,NaN,NaN,NaN,NaN
1010,405,3291.000,34.950,-4.379,0.109,-0.013,0.806,NaN,291,0,4.053,-1.317,766.000,197.000,810.000,265.000,NaN,NaN,NaN,NaN,NaN,NaN,NaN
1011,536,3291.000,25.608,-2.266,0.021,-0.019,0.781,NaN,291,0,3.620,-1.326,719.000,194.000,765.000,277.000,NaN,NaN,NaN,NaN,NaN,NaN,NaN
1012,2,3292.000,25.972,-1.750,-0.002,-0.012,0.026,0.058,292,0,-3.013,-1.294,696.000,202.000,734.000,273.000,25.990,-1.690,-1.220,0.780,0.540,1.890,-0.274
1013,405,3292.000,35.233,-4.409,0.113,-0.011,0.784,NaN,292,0,3.460,-1.317,766.000,198.000,809.000,265.000,NaN,NaN,NaN,NaN,NaN,NaN,NaN
1014,536,3292.000,25.613,-2.240,0.019,-0.009,0.779,0.061,292,0,2.198,-1.294,720.000,194.000,765.000,278.000,25.600,-2.160,-1.290,0.930,0.530,1.780,-0.603
1015,2,3293.000,25.938,-1.705,-0.010,0.001,0.066,0.402,293,0,-2.442,-0.333,697.000,202.000,734.000,274.000,25.890,-1.630,-1.330,1.920,0.590,1.880,2.308
1016,405,3293.000,35.599,-4.454,0.118,-0.012,0.772,NaN,293,0,3.261,-1.317,767.000,197.000,809.000,264.000,NaN,NaN,NaN,NaN,NaN,NaN,NaN
1017,536,3293.000,25.612,-2.238,0.014,-0.003,0.768,0.080,293,0,2.118,-1.161,719.000,194.000,766.000,276.000,25.580,-2.200,-1.290,0.770,0.580,1.840,-0.663
1018,2,3294.000,25.920,-1.733,-0.011,-0.006,0.043,NaN,294,0,-2.701,-1.327,700.000,203.000,722.000,244.000,NaN,NaN,NaN,NaN,NaN,NaN,NaN
1019,405,3294.000,35.840,-4.483,0.120,-0.013,0.738,NaN,294,0,2.746,-1.317,766.000,198.000,809.000,265.000,NaN,NaN,NaN,NaN,NaN,NaN,NaN
1020,536,3294.000,25.625,-2.272,0.014,-0.010,0.577,NaN,294,0,1.046,-1.326,719.000,195.000,765.000,277.000,NaN,NaN,NaN,NaN,NaN,NaN,NaN
1021,2,3295.000,25.936,-1.739,-0.004,-0.007,0.506,0.599,295,0,0.055,0.304,698.000,203.000,722.000,268.000,25.960,-1.740,-1.290,1.860,0.540,1.790,2.475
1022,405,3295.000,36.188,-4.525,0.126,-0.015,0.738,NaN,295,0,2.746,-1.317,766.000,197.000,809.000,264.000,NaN,NaN,NaN,NaN,NaN,NaN,NaN
1023,536,3295.000,25.561,-2.200,-0.003,0.011,0.587,0.035,295,0,0.777,-1.448,719.000,196.000,764.000,279.000,25.490,-2.090,-1.270,0.880,0.540,1.850,-0.107
1024,2,3296.000,25.940,-1.749,0.002,-0.009,0.071,0.014,296,0,-2.442,-1.557,734.000,195.000,767.000,266.000,25.950,-1.760,-1.200,1.730,0.560,1.750,-0.863
1025,405,3296.000,36.517,-4.566,0.132,-0.015,0.736,NaN,296,0,2.746,-1.318,766.000,197.000,809.000,264.000,NaN,NaN,NaN,NaN,NaN,NaN,NaN
1026,536,3296.000,25.552,-2.179,-0.008,0.011,0.709,0.342,296,0,1.516,-0.448,719.000,195.000,765.000,276.000,25.550,-2.140,-1.190,0.930,0.490,1.780,-0.088
1027,2,3297.000,25.947,-1.773,0.005,-0.013,0.078,NaN,297,0,-2.404,-1.327,701.000,203.000,724.000,243.000,NaN,NaN,NaN,NaN,NaN,NaN,NaN
1028,405,3297.000,36.834,-4.605,0.137,-0.015,0.744,NaN,297,0,2.746,-1.318,766.000,197.000,809.000,264.000,NaN,NaN,NaN,NaN,NaN,NaN,NaN
1029,536,3297.000,25.529,-2.224,-0.013,0.000,0.730,NaN,297,0,2.590,-1.326,719.000,195.000,766.000,272.000,NaN,NaN,NaN,NaN,NaN,NaN,NaN
1030,2,3298.000,25.988,-1.782,0.013,-0.012,0.051,0.015,298,0,-2.751,-1.539,698.000,203.000,723.000,269.000,26.020,-1.760,-1.370,0.600,0.620,1.660,-0.250
1031,405,3298.000,37.130,-4.640,0.143,-0.015,0.741,NaN,298,0,2.746,-1.319,766.000,197.000,809.000,264.000,NaN,NaN,NaN,NaN,NaN,NaN,NaN
1032,536,3298.000,25.532,-2.208,-0.011,0.004,0.738,0.041,298,0,1.893,-1.451,719.000,195.000,765.000,280.000,25.570,-2.180,-1.280,0.790,0.540,1.700,-0.339
1033,2,3299.000,25.962,-1.758,0.006,-0.005,NaN,0.012,299,0,-3.127,-1.557,664.000,197.000,752.000,295.000,25.930,-1.690,-1.290,1.740,0.540,1.820,-0.936
1034,405,3299.000,37.402,-4.674,0.147,-0.017,0.740,NaN,299,0,2.746,-1.319,766.000,197.000,809.000,264.000,NaN,NaN,NaN,NaN,NaN,NaN,NaN
1035,536,3299.000,25.557,-2.234,0.000,-0.003,0.745,0.042,299,0,1.976,-1.451,720.000,195.000,765.000,281.000,25.620,-2.260,-1.310,0.770,0.550,1.780,-0.790
1036,2,3300.000,25.969,-1.761,0.008,-0.004,NaN,NaN,300,0,-2.272,-1.327,NaN,NaN,NaN,NaN,NaN,NaN,NaN,NaN,NaN,NaN,NaN
1037,405,3300.000,37.522,-4.682,0.144,-0.012,0.740,NaN,300,0,2.746,-1.320,766.000,197.000,809.000,265.000,NaN,NaN,NaN,NaN,NaN,NaN,NaN
1038,536,3300.000,25.557,-2.268,0.002,-0.010,0.749,NaN,300,0,3.065,-1.326,720.000,195.000,765.000,282.000,NaN,NaN,NaN,NaN,NaN,NaN,NaN
1039,2,3301.000,25.968,-1.748,0.006,0.001,0.044,NaN,301,0,-2.701,-1.327,699.000,203.000,722.000,245.000,NaN,NaN,NaN,NaN,NaN,NaN,NaN
1040,405,3301.000,37.770,-4.714,0.146,-0.014,0.746,NaN,301,0,2.906,-1.320,766.000,197.000,809.000,264.000,NaN,NaN,NaN,NaN,NaN,NaN,NaN
1041,536,3301.000,25.561,-2.299,0.003,-0.016,0.739,NaN,301,0,2.907,-1.326,720.000,195.000,765.000,282.000,NaN,NaN,NaN,NaN,NaN,NaN,NaN
1042,2,3302.000,25.958,-1.744,0.003,-0.000,0.081,NaN,302,0,-2.180,-1.327,699.000,203.000,722.000,245.000,NaN,NaN,NaN,NaN,NaN,NaN,NaN
1043,405,3302.000,38.044,-4.749,0.148,-0.016,0.761,NaN,302,0,3.077,-1.320,767.000,197.000,808.000,265.000,NaN,NaN,NaN,NaN,NaN,NaN,NaN
1044,536,3302.000,25.566,-2.324,0.003,-0.019,0.761,NaN,302,0,3.236,-1.326,720.000,195.000,765.000,281.000,NaN,NaN,NaN,NaN,NaN,NaN,NaN
1045,2,3303.000,25.956,-1.731,0.002,0.004,0.331,NaN,303,0,-0.741,-1.327,697.000,203.000,721.000,279.000,NaN,NaN,NaN,NaN,NaN,NaN,NaN
1046,405,3303.000,38.332,-4.790,0.152,-0.017,0.756,NaN,303,0,3.077,-1.320,767.000,198.000,809.000,264.000,NaN,NaN,NaN,NaN,NaN,NaN,NaN
1047,536,3303.000,25.572,-2.342,0.004,-0.018,0.751,NaN,303,0,3.065,-1.326,719.000,195.000,766.000,282.000,NaN,NaN,NaN,NaN,NaN,NaN,NaN
1048,2,3304.000,25.966,-1.721,0.001,0.005,0.399,0.325,304,0,-0.666,-0.495,697.000,203.000,723.000,273.000,25.970,-1.700,-1.370,0.750,0.600,1.740,-0.279
1049,405,3304.000,38.634,-4.833,0.156,-0.020,0.751,NaN,304,0,2.906,-1.320,767.000,198.000,809.000,264.000,NaN,NaN,NaN,NaN,NaN,NaN,NaN
1050,536,3304.000,25.523,-2.283,-0.003,-0.000,0.733,0.170,304,0,1.790,-0.868,720.000,195.000,766.000,282.000,25.530,-2.160,-1.320,0.780,0.550,1.760,-0.336
1051,2,3305.000,25.941,-1.708,-0.004,0.007,0.279,0.275,305,0,-1.097,-0.576,697.000,203.000,721.000,274.000,25.900,-1.700,-1.300,0.900,0.570,1.880,-3.368
1052,405,3305.000,38.928,-4.873,0.159,-0.021,0.760,NaN,305,0,3.077,-1.320,767.000,198.000,809.000,264.000,NaN,NaN,NaN,NaN,NaN,NaN,NaN
1053,536,3305.000,25.555,-2.258,0.000,0.008,0.766,0.011,305,0,2.118,-1.556,719.000,195.000,766.000,279.000,25.590,-2.210,-1.350,1.860,0.480,1.850,-0.532
1054,2,3306.000,25.940,-1.709,-0.004,0.004,0.319,NaN,306,0,-0.777,-1.327,697.000,202.000,721.000,272.000,NaN,NaN,NaN,NaN,NaN,NaN,NaN
1055,405,3306.000,39.375,-4.932,0.164,-0.025,0.762,NaN,306,0,3.077,-1.321,767.000,198.000,809.000,265.000,NaN,NaN,NaN,NaN,NaN,NaN,NaN
1056,536,3306.000,25.553,-2.279,0.001,0.000,0.722,NaN,306,0,2.608,-1.326,719.000,195.000,766.000,277.000,NaN,NaN,NaN,NaN,NaN,NaN,NaN
1057,2,3307.000,25.927,-1.719,-0.007,-0.001,0.476,0.245,307,0,-0.130,-0.671,697.000,203.000,721.000,275.000,25.940,-1.750,-1.320,0.910,0.560,1.760,-0.196
1058,405,3307.000,39.660,-4.972,0.166,-0.025,0.761,NaN,307,0,3.077,-1.321,767.000,198.000,809.000,265.000,NaN,NaN,NaN,NaN,NaN,NaN,NaN
1059,536,3307.000,25.510,-2.198,-0.009,0.018,0.765,0.012,307,0,2.423,-1.501,719.000,195.000,766.000,283.000,25.450,-2.080,-1.360,0.720,0.560,1.760,1.566
1060,2,3308.000,25.917,-1.722,-0.009,-0.003,0.448,NaN,308,0,-0.082,-1.327,698.000,203.000,721.000,283.000,NaN,NaN,NaN,NaN,NaN,NaN,NaN
1061,405,3308.000,39.994,-5.017,0.167,-0.025,0.758,NaN,308,0,3.077,-1.322,767.000,198.000,809.000,265.000,NaN,NaN,NaN,NaN,NaN,NaN,NaN
1062,536,3308.000,25.492,-2.222,-0.012,0.008,0.771,NaN,308,0,3.422,-1.326,719.000,195.000,763.000,286.000,NaN,NaN,NaN,NaN,NaN,NaN,NaN
1063,2,3309.000,25.910,-1.714,-0.008,0.001,0.347,NaN,309,0,-0.640,-1.327,697.000,203.000,721.000,280.000,NaN,NaN,NaN,NaN,NaN,NaN,NaN
1064,405,3309.000,40.302,-5.057,0.168,-0.025,0.760,NaN,309,0,3.077,-1.322,767.000,198.000,809.000,265.000,NaN,NaN,NaN,NaN,NaN,NaN,NaN
1065,536,3309.000,25.475,-2.244,-0.013,0.001,0.777,NaN,309,0,3.620,-1.326,719.000,195.000,763.000,287.000,NaN,NaN,NaN,NaN,NaN,NaN,NaN
1066,2,3310.000,25.876,-1.692,-0.016,0.009,NaN,0.215,310,0,-3.127,-0.760,663.000,204.000,748.000,296.000,25.860,-1.660,-1.350,1.980,0.540,1.690,2.431
1067,405,3310.000,40.570,-5.087,0.170,-0.024,0.750,NaN,310,0,2.906,-1.322,767.000,198.000,808.000,265.000,NaN,NaN,NaN,NaN,NaN,NaN,NaN
1068,536,3310.000,25.587,-2.232,0.013,0.006,0.787,0.024,310,0,2.294,-1.539,719.000,195.000,762.000,284.000,25.640,-2.190,-1.290,1.800,0.600,1.830,-0.394
1069,2,3311.000,25.866,-1.694,-0.016,0.005,0.431,NaN,311,0,-0.218,-1.327,697.000,203.000,721.000,283.000,NaN,NaN,NaN,NaN,NaN,NaN,NaN
1070,405,3311.000,40.832,-5.120,0.173,-0.023,0.753,NaN,311,0,2.906,-1.322,767.000,198.000,809.000,265.000,NaN,NaN,NaN,NaN,NaN,NaN,NaN
1071,536,3311.000,25.598,-2.257,0.012,-0.002,0.758,NaN,311,0,3.236,-1.326,719.000,195.000,763.000,284.000,NaN,NaN,NaN,NaN,NaN,NaN,NaN
1072,2,3312.000,25.952,-1.697,0.004,0.005,0.321,0.262,312,0,-0.991,-0.607,697.000,202.000,721.000,277.000,26.010,-1.700,-1.290,0.870,0.550,1.750,-0.269
1073,405,3312.000,40.896,-5.130,0.175,-0.023,0.751,NaN,312,0,2.906,-1.323,766.000,197.000,809.000,265.000,NaN,NaN,NaN,NaN,NaN,NaN,NaN
1074,536,3312.000,25.661,-2.208,0.023,0.009,0.763,0.014,312,0,2.048,-1.556,719.000,195.000,764.000,284.000,25.720,-2.140,-1.370,0.820,0.540,1.800,0.095
1075,2,3313.000,25.959,-1.710,0.001,-0.001,0.526,0.010,313,0,0.197,-1.556,697.000,203.000,720.000,288.000,25.940,-1.750,-1.390,1.820,0.590,1.870,-0.752
1076,405,3313.000,41.167,-5.167,0.179,-0.023,0.754,NaN,313,0,2.906,-1.323,767.000,197.000,809.000,265.000,NaN,NaN,NaN,NaN,NaN,NaN,NaN
1077,536,3313.000,25.683,-2.200,0.023,0.008,NaN,NaN,313,0,-1.834,-1.326,NaN,NaN,NaN,NaN,NaN,NaN,NaN,NaN,NaN,NaN,NaN
1078,2,3314.000,25.961,-1.712,0.001,-0.001,0.406,NaN,314,0,-0.166,-1.327,697.000,203.000,721.000,287.000,NaN,NaN,NaN,NaN,NaN,NaN,NaN
1079,405,3314.000,41.417,-5.200,0.182,-0.024,0.747,NaN,314,0,2.906,-1.323,767.000,198.000,809.000,265.000,NaN,NaN,NaN,NaN,NaN,NaN,NaN
1080,536,3314.000,25.707,-2.191,0.024,0.009,NaN,NaN,314,0,-2.320,-1.326,NaN,NaN,NaN,NaN,NaN,NaN,NaN,NaN,NaN,NaN,NaN
1081,2,3315.000,25.954,-1.711,-0.004,-0.001,0.498,0.428,315,0,-0.010,-0.263,697.000,204.000,720.000,288.000,25.960,-1.720,-1.350,0.870,0.630,1.780,-0.583
1082,405,3315.000,49.118,-6.314,0.286,-0.071,0.743,0.032,315,0,-1.420,-2.885,767.000,198.000,809.000,265.000,49.020,-6.620,-0.820,0.630,0.750,1.870,-1.165
1083,536,3315.000,25.670,-2.209,0.012,0.002,0.777,0.106,315,0,2.198,-1.050,719.000,195.000,763.000,284.000,25.660,-2.230,-1.280,0.860,0.620,1.840,-0.392
1084,2,3316.000,25.962,-1.704,-0.001,0.001,0.471,0.153,316,0,-0.203,-0.930,697.000,205.000,720.000,287.000,25.980,-1.690,-1.320,0.720,0.690,1.850,-0.384
1085,405,3316.000,49.449,-6.358,0.287,-0.065,0.744,NaN,316,0,2.746,-1.310,766.000,198.000,809.000,265.000,NaN,NaN,NaN,NaN,NaN,NaN,NaN
1086,536,3316.000,25.551,-2.144,-0.013,0.010,0.784,0.128,316,0,2.512,-0.919,719.000,195.000,763.000,283.000,25.390,-2.110,-1.280,0.860,0.560,1.850,2.736
1087,2,3317.000,25.959,-1.702,-0.001,0.000,0.559,NaN,317,0,0.903,-1.327,698.000,206.000,719.000,288.000,NaN,NaN,NaN,NaN,NaN,NaN,NaN
1088,405,3317.000,49.778,-6.396,0.292,-0.060,0.710,NaN,317,0,2.280,-1.286,767.000,198.000,809.000,264.000,NaN,NaN,NaN,NaN,NaN,NaN,NaN
1089,536,3317.000,25.529,-2.195,-0.015,-0.003,0.085,NaN,317,0,-1.744,-1.327,719.000,196.000,761.000,282.000,NaN,NaN,NaN,NaN,NaN,NaN,NaN
1090,2,3318.000,25.942,-1.701,-0.004,0.000,0.570,NaN,318,0,0.787,-1.327,697.000,206.000,720.000,286.000,NaN,NaN,NaN,NaN,NaN,NaN,NaN
1091,405,3318.000,50.111,-6.421,0.298,-0.052,0.714,NaN,318,0,2.280,-0.695,767.000,198.000,809.000,264.000,NaN,NaN,NaN,NaN,NaN,NaN,NaN
1092,536,3318.000,25.515,-2.358,-0.013,-0.031,0.515,NaN,318,0,0.579,-1.326,735.000,196.000,761.000,281.000,NaN,NaN,NaN,NaN,NaN,NaN,NaN
1093,2,3319.000,25.937,-1.697,-0.005,0.002,0.568,NaN,319,0,0.973,-1.327,697.000,205.000,720.000,287.000,NaN,NaN,NaN,NaN,NaN,NaN,NaN
1094,405,3319.000,50.469,-6.436,0.304,-0.044,0.724,NaN,319,0,2.434,-0.135,767.000,198.000,809.000,264.000,NaN,NaN,NaN,NaN,NaN,NaN,NaN
1095,536,3319.000,25.576,-2.322,0.002,-0.015,0.190,0.031,319,0,-1.621,-1.506,720.000,195.000,761.000,283.000,25.620,-2.160,-1.330,1.810,0.570,1.800,0.075
1096,2,3320.000,25.931,-1.695,-0.005,0.003,0.313,NaN,320,0,-0.801,-1.327,697.000,203.000,720.000,280.000,NaN,NaN,NaN,NaN,NaN,NaN,NaN
1097,405,3320.000,50.800,-6.454,0.307,-0.039,0.719,NaN,320,0,2.434,-0.000,767.000,198.000,809.000,264.000,NaN,NaN,NaN,NaN,NaN,NaN,NaN
1098,536,3320.000,25.576,-2.302,0.000,-0.005,0.138,NaN,320,0,-1.424,-1.326,719.000,195.000,758.000,284.000,NaN,NaN,NaN,NaN,NaN,NaN,NaN
1099,2,3321.000,25.912,-1.685,-0.006,0.006,0.496,0.577,321,0,-0.010,0.249,696.000,203.000,721.000,287.000,25.940,-1.670,-1.320,0.800,0.650,1.800,2.192
1100,405,3321.000,51.071,-6.576,0.302,-0.051,0.070,NaN,321,0,-0.000,-0.000,779.000,198.000,810.000,248.000,NaN,NaN,NaN,NaN,NaN,NaN,NaN
1101,536,3321.000,25.635,-2.270,0.009,0.003,0.721,0.114,321,0,1.662,-1.050,721.000,195.000,763.000,287.000,25.690,-2.230,-1.330,1.790,0.570,2.010,-0.592
1102,2,3322.000,25.923,-1.709,-0.002,-0.003,NaN,0.056,322,0,-3.127,-1.294,670.000,198.000,753.000,294.000,25.920,-1.760,-1.280,1.700,0.530,1.780,-0.873
1103,405,3322.000,51.373,-6.628,0.302,-0.052,NaN,NaN,322,0,-0.000,-0.000,NaN,NaN,NaN,NaN,NaN,NaN,NaN,NaN,NaN,NaN,NaN
1104,536,3322.000,25.653,-2.235,0.011,0.007,0.727,0.053,322,0,1.790,-1.375,723.000,195.000,761.000,287.000,25.670,-2.190,-1.230,0.860,0.520,1.780,-0.383
1105,2,3323.000,25.919,-1.703,-0.003,-0.001,0.484,NaN,323,0,0.304,-1.327,696.000,204.000,721.000,287.000,NaN,NaN,NaN,NaN,NaN,NaN,NaN
1106,405,3323.000,51.703,-6.637,0.305,-0.044,0.709,NaN,323,0,2.280,-0.000,769.000,197.000,810.000,265.000,NaN,NaN,NaN,NaN,NaN,NaN,NaN
1107,536,3323.000,25.655,-2.285,0.013,-0.008,0.714,NaN,323,0,2.462,-1.326,723.000,194.000,761.000,287.000,NaN,NaN,NaN,NaN,NaN,NaN,NaN
1108,2,3324.000,25.916,-1.708,-0.000,-0.004,0.379,NaN,324,0,-0.318,-1.327,696.000,203.000,722.000,287.000,NaN,NaN,NaN,NaN,NaN,NaN,NaN
1109,405,3324.000,52.024,-6.650,0.306,-0.039,0.715,NaN,324,0,2.280,-0.000,768.000,197.000,810.000,265.000,NaN,NaN,NaN,NaN,NaN,NaN,NaN
1110,536,3324.000,25.667,-2.313,0.014,-0.012,0.704,NaN,324,0,2.315,-1.326,722.000,195.000,761.000,284.000,NaN,NaN,NaN,NaN,NaN,NaN,NaN
1111,2,3325.000,25.957,-1.693,0.007,0.003,0.373,0.156,325,0,-0.777,-0.899,696.000,203.000,722.000,287.000,25.960,-1.650,-1.220,1.000,0.540,1.950,-0.674
1112,405,3325.000,52.338,-6.736,0.305,-0.042,0.037,NaN,325,0,-0.000,-0.000,778.000,198.000,810.000,243.000,NaN,NaN,NaN,NaN,NaN,NaN,NaN
1113,536,3325.000,25.606,-2.252,0.002,0.005,0.706,0.027,325,0,1.516,-1.506,720.000,195.000,760.000,285.000,25.580,-2.180,-1.360,0.860,0.530,1.970,-0.730
1114,2,3326.000,25.959,-1.697,0.005,-0.000,0.026,NaN,326,0,-3.100,-1.327,696.000,206.000,721.000,246.000,NaN,NaN,NaN,NaN,NaN,NaN,NaN
1115,405,3326.000,52.675,-6.747,0.308,-0.036,0.730,NaN,326,0,2.590,-0.000,767.000,197.000,810.000,266.000,NaN,NaN,NaN,NaN,NaN,NaN,NaN
1116,536,3326.000,25.606,-2.274,0.001,-0.002,0.662,NaN,326,0,1.803,-1.326,721.000,195.000,761.000,284.000,NaN,NaN,NaN,NaN,NaN,NaN,NaN
1117,2,3327.000,26.029,-1.724,0.017,-0.005,0.328,0.187,327,0,-0.949,-0.811,697.000,203.000,722.000,288.000,26.060,-1.740,-1.290,1.920,0.610,1.910,-0.861
1118,405,3327.000,53.004,-6.752,0.309,-0.030,0.741,NaN,327,0,2.746,-0.000,766.000,197.000,810.000,266.000,NaN,NaN,NaN,NaN,NaN,NaN,NaN
1119,536,3327.000,25.576,-2.240,-0.006,0.005,0.637,0.264,327,0,0.809,-0.607,721.000,199.000,761.000,283.000,25.550,-2.190,-1.280,0.870,0.540,1.840,-0.508
1120,2,3328.000,26.027,-1.746,0.012,-0.008,0.273,0.240,328,0,-1.152,-0.671,696.000,198.000,723.000,286.000,26.000,-1.750,-1.330,1.820,0.570,1.830,-0.798
1121,405,3328.000,53.331,-6.764,0.310,-0.026,0.735,NaN,328,0,2.746,-0.000,767.000,197.000,810.000,265.000,NaN,NaN,NaN,NaN,NaN,NaN,NaN
1122,536,3328.000,25.521,-2.178,-0.015,0.019,0.656,0.274,328,0,1.190,-0.493,721.000,197.000,761.000,285.000,25.470,-2.110,-1.310,0.810,0.560,1.860,-0.422
1123,2,3329.000,26.036,-1.760,0.011,-0.009,0.291,NaN,329,0,-0.682,-1.327,696.000,199.000,725.000,282.000,NaN,NaN,NaN,NaN,NaN,NaN,NaN
1124,405,3329.000,53.660,-6.776,0.312,-0.024,0.747,NaN,329,0,2.906,-0.000,766.000,197.000,810.000,265.000,NaN,NaN,NaN,NaN,NaN,NaN,NaN
1125,536,3329.000,25.499,-2.215,-0.016,0.006,0.638,NaN,329,0,1.595,-1.326,721.000,199.000,762.000,286.000,NaN,NaN,NaN,NaN,NaN,NaN,NaN
1126,2,3330.000,26.029,-1.769,0.006,-0.009,NaN,0.025,330,0,-3.127,-1.507,666.000,197.000,755.000,296.000,26.010,-1.750,-1.290,1.720,0.620,1.840,-0.919
1127,405,3330.000,53.973,-6.799,0.313,-0.022,NaN,NaN,330,0,1.698,-0.000,NaN,NaN,NaN,NaN,NaN,NaN,NaN,NaN,NaN,NaN,NaN
1128,536,3330.000,25.484,-2.150,-0.016,0.022,0.625,0.190,330,0,0.994,-0.734,720.000,194.000,761.000,286.000,25.490,-2.080,-1.280,0.790,0.600,1.790,-0.044
1129,2,3331.000,26.039,-1.757,0.008,-0.001,0.247,NaN,331,0,-1.042,-1.327,697.000,204.000,724.000,269.000,NaN,NaN,NaN,NaN,NaN,NaN,NaN
1130,405,3331.000,54.302,-6.824,0.315,-0.022,0.748,NaN,331,0,2.906,-0.000,767.000,198.000,810.000,265.000,NaN,NaN,NaN,NaN,NaN,NaN,NaN
1131,536,3331.000,25.538,-2.159,0.004,0.012,0.625,0.092,331,0,0.705,-1.115,720.000,195.000,761.000,286.000,25.650,-2.230,-1.300,0.880,0.570,1.800,-0.713
1132,2,3332.000,26.048,-1.758,0.009,-0.002,NaN,NaN,332,0,-2.639,-1.327,NaN,NaN,NaN,NaN,NaN,NaN,NaN,NaN,NaN,NaN,NaN
1133,405,3332.000,54.619,-6.854,0.316,-0.023,0.725,NaN,332,0,2.434,-0.000,767.000,198.000,810.000,265.000,NaN,NaN,NaN,NaN,NaN,NaN,NaN
1134,536,3332.000,25.551,-2.208,0.007,-0.004,0.581,NaN,332,0,1.046,-1.326,720.000,194.000,761.000,283.000,NaN,NaN,NaN,NaN,NaN,NaN,NaN
1135,2,3333.000,26.002,-1.734,0.002,0.004,NaN,0.100,333,0,-3.127,-1.080,687.000,200.000,728.000,296.000,25.970,-1.690,-1.330,0.800,0.590,1.790,-0.304
1136,405,3333.000,54.910,-6.876,0.313,-0.024,0.710,NaN,333,0,2.280,-0.000,767.000,198.000,810.000,265.000,NaN,NaN,NaN,NaN,NaN,NaN,NaN
1137,536,3333.000,25.545,-2.186,0.007,0.000,0.648,0.357,333,0,0.873,-0.405,719.000,194.000,761.000,282.000,25.520,-2.150,-1.290,0.890,0.480,1.790,-0.304
1138,2,3334.000,25.993,-1.776,-0.000,-0.007,0.160,0.040,334,0,-1.799,-1.451,697.000,204.000,724.000,272.000,25.990,-1.840,-1.400,0.890,0.480,1.730,-0.383
1139,405,3334.000,55.219,-6.912,0.312,-0.025,0.722,NaN,334,0,2.434,-0.000,767.000,198.000,810.000,265.000,NaN,NaN,NaN,NaN,NaN,NaN,NaN
1140,536,3334.000,25.549,-2.164,0.007,0.003,0.577,0.015,334,0,0.497,-1.556,719.000,195.000,761.000,282.000,25.540,-2.140,-1.390,0.860,0.460,1.830,0.091
1141,2,3335.000,25.985,-1.734,-0.000,0.005,0.163,NaN,335,0,-1.502,-1.327,697.000,208.000,721.000,277.000,NaN,NaN,NaN,NaN,NaN,NaN,NaN
1142,405,3335.000,55.528,-6.942,0.310,-0.027,0.736,NaN,335,0,2.746,-0.000,766.000,198.000,810.000,265.000,NaN,NaN,NaN,NaN,NaN,NaN,NaN
1143,536,3335.000,25.558,-2.206,0.007,-0.007,0.637,NaN,335,0,1.595,-1.326,719.000,194.000,761.000,284.000,NaN,NaN,NaN,NaN,NaN,NaN,NaN
1144,2,3336.000,25.984,-1.747,-0.002,0.001,0.186,NaN,336,0,-1.325,-1.327,698.000,204.000,725.000,271.000,NaN,NaN,NaN,NaN,NaN,NaN,NaN
1145,405,3336.000,55.839,-6.977,0.310,-0.030,0.740,NaN,336,0,2.746,-0.000,766.000,198.000,810.000,265.000,NaN,NaN,NaN,NaN,NaN,NaN,NaN
1146,536,3336.000,25.550,-2.179,0.007,0.002,0.589,0.014,336,0,0.553,-1.556,719.000,195.000,761.000,280.000,25.540,-2.120,-1.160,0.810,0.580,1.770,0.129
1147,2,3337.000,25.984,-1.746,-0.002,0.001,0.094,0.452,337,0,-2.231,-0.188,698.000,206.000,725.000,265.000,26.010,-1.760,-1.300,0.830,0.490,1.690,-0.706
1148,405,3337.000,56.159,-7.021,0.312,-0.031,0.745,NaN,337,0,2.746,-0.000,767.000,198.000,810.000,265.000,NaN,NaN,NaN,NaN,NaN,NaN,NaN
1149,536,3337.000,25.575,-2.194,0.010,-0.001,0.559,0.727,337,0,0.385,0.895,719.000,199.000,762.000,277.000,25.600,-2.220,-1.220,0.770,0.610,1.580,-0.190
1150,2,3338.000,25.981,-1.755,-0.001,-0.003,0.185,NaN,338,0,-1.382,-1.327,697.000,203.000,725.000,268.000,NaN,NaN,NaN,NaN,NaN,NaN,NaN
1151,405,3338.000,56.481,-7.064,0.314,-0.035,0.752,NaN,338,0,2.906,-0.000,767.000,198.000,809.000,265.000,NaN,NaN,NaN,NaN,NaN,NaN,NaN
1152,536,3338.000,25.588,-2.225,0.011,-0.007,0.523,NaN,338,0,0.383,-1.326,718.000,198.000,762.000,266.000,NaN,NaN,NaN,NaN,NaN,NaN,NaN
1153,2,3339.000,25.931,-1.745,-0.011,0.002,0.368,0.224,339,0,-0.777,-0.733,698.000,204.000,722.000,263.000,25.900,-1.680,-1.340,0.920,0.580,1.840,2.737
1154,405,3339.000,56.806,-7.111,0.316,-0.037,0.780,NaN,339,0,3.460,-0.000,767.000,198.000,809.000,265.000,NaN,NaN,NaN,NaN,NaN,NaN,NaN
1155,536,3339.000,25.551,-2.179,0.002,0.007,0.681,0.172,339,0,1.117,-0.869,718.000,195.000,760.000,285.000,25.510,-2.110,-1.300,0.850,0.530,1.890,-0.145
1156,2,3340.000,25.953,-1.733,-0.005,0.004,0.195,0.297,340,0,-1.570,-0.517,698.000,203.000,723.000,266.000,25.960,-1.700,-1.310,0.950,0.530,1.800,-0.619
1157,405,3340.000,56.918,-7.134,0.305,-0.039,0.781,NaN,340,0,3.460,-0.000,767.000,197.000,809.000,265.000,NaN,NaN,NaN,NaN,NaN,NaN,NaN
1158,536,3340.000,25.515,-2.123,-0.006,0.021,0.698,0.235,340,0,1.628,-0.625,718.000,194.000,761.000,285.000,25.460,-2.040,-1.270,0.810,0.640,1.780,2.083
1159,2,3341.000,25.954,-1.744,-0.003,-0.000,0.355,NaN,341,0,-0.587,-1.327,698.000,203.000,723.000,265.000,NaN,NaN,NaN,NaN,NaN,NaN,NaN
1160,405,3341.000,57.247,-7.178,0.307,-0.039,0.774,NaN,341,0,3.261,-0.000,767.000,197.000,809.000,265.000,NaN,NaN,NaN,NaN,NaN,NaN,NaN
1161,536,3341.000,25.497,-2.156,-0.011,0.009,0.625,NaN,341,0,1.393,-1.327,718.000,194.000,760.000,277.000,NaN,NaN,NaN,NaN,NaN,NaN,NaN
1162,2,3342.000,25.990,-1.758,0.005,-0.004,0.468,0.110,342,0,-0.203,-1.051,698.000,203.000,722.000,265.000,26.020,-1.800,-1.250,0.840,0.520,1.780,-0.990
1163,405,3342.000,57.590,-7.220,0.306,-0.040,0.777,NaN,342,0,3.460,-0.000,766.000,198.000,809.000,265.000,NaN,NaN,NaN,NaN,NaN,NaN,NaN
1164,536,3342.000,25.478,-2.193,-0.012,-0.003,0.636,NaN,342,0,1.595,-1.326,719.000,194.000,760.000,280.000,NaN,NaN,NaN,NaN,NaN,NaN,NaN
1165,2,3343.000,25.987,-1.753,0.003,-0.001,0.481,0.129,343,0,-0.130,-0.992,698.000,203.000,722.000,267.000,25.990,-1.730,-1.400,0.810,0.620,1.830,-0.428
1166,405,3343.000,57.946,-7.265,0.309,-0.038,0.773,NaN,343,0,3.261,-0.000,767.000,198.000,809.000,265.000,NaN,NaN,NaN,NaN,NaN,NaN,NaN
1167,536,3343.000,25.409,-2.150,-0.024,0.006,0.678,0.029,343,0,1.371,-1.448,719.000,194.000,759.000,286.000,25.430,-2.080,-1.320,0.840,0.560,1.860,-0.433
1168,2,3344.000,25.985,-1.745,0.003,0.003,0.272,NaN,344,0,-0.934,-1.327,698.000,203.000,722.000,268.000,NaN,NaN,NaN,NaN,NaN,NaN,NaN
1169,405,3344.000,58.310,-7.316,0.311,-0.039,0.775,NaN,344,0,3.460,-0.000,767.000,198.000,810.000,265.000,NaN,NaN,NaN,NaN,NaN,NaN,NaN
1170,536,3344.000,25.380,-2.190,-0.024,-0.005,0.684,NaN,344,0,2.039,-1.326,718.000,195.000,761.000,285.000,NaN,NaN,NaN,NaN,NaN,NaN,NaN
1171,2,3345.000,25.990,-1.752,0.005,0.001,0.483,NaN,345,0,0.120,-1.327,698.000,203.000,724.000,269.000,NaN,NaN,NaN,NaN,NaN,NaN,NaN
1172,405,3345.000,58.677,-7.365,0.311,-0.039,0.779,NaN,345,0,3.460,-0.000,767.000,198.000,810.000,265.000,NaN,NaN,NaN,NaN,NaN,NaN,NaN
1173,536,3345.000,25.412,-2.165,-0.012,0.003,0.708,0.030,345,0,1.782,-1.448,718.000,195.000,761.000,285.000,25.450,-2.120,-1.220,0.830,0.570,1.830,-0.345
1174,2,3346.000,25.976,-1.741,0.004,0.003,0.324,0.293,346,0,-0.991,-0.529,697.000,202.000,723.000,269.000,25.980,-1.730,-1.330,0.800,0.550,1.670,-0.318
1175,405,3346.000,59.054,-7.411,0.313,-0.038,0.776,NaN,346,0,3.460,-0.000,767.000,198.000,809.000,265.000,NaN,NaN,NaN,NaN,NaN,NaN,NaN
1176,536,3346.000,25.457,-2.159,0.001,0.002,0.677,0.070,346,0,1.117,-1.221,718.000,195.000,762.000,285.000,25.550,-2.140,-1.290,0.860,0.530,1.740,-0.288
1177,2,3347.000,25.977,-1.735,0.005,0.003,0.085,NaN,347,0,-1.887,-1.327,697.000,202.000,723.000,270.000,NaN,NaN,NaN,NaN,NaN,NaN,NaN
1178,405,3347.000,59.560,-7.481,0.320,-0.041,0.775,NaN,347,0,3.460,-0.000,767.000,198.000,810.000,265.000,NaN,NaN,NaN,NaN,NaN,NaN,NaN
1179,536,3347.000,25.464,-2.195,0.002,-0.007,0.652,NaN,347,0,1.698,-1.326,718.000,194.000,761.000,284.000,NaN,NaN,NaN,NaN,NaN,NaN,NaN
1180,2,3348.000,25.962,-1.731,0.001,0.001,0.137,0.413,348,0,-1.923,-0.313,698.000,199.000,723.000,270.000,25.950,-1.690,-1.200,0.820,0.430,1.740,-0.642
1181,405,3348.000,59.916,-7.530,0.322,-0.043,0.784,NaN,348,0,3.460,-0.000,766.000,198.000,810.000,266.000,NaN,NaN,NaN,NaN,NaN,NaN,NaN
1182,536,3348.000,25.524,-2.169,0.017,0.001,0.666,0.028,348,0,1.024,-1.506,719.000,195.000,761.000,284.000,25.590,-2.100,-1.240,0.920,0.480,1.730,-0.159
1183,2,3349.000,25.974,-1.732,0.003,0.001,0.104,0.023,349,0,-2.160,-1.539,697.000,201.000,722.000,270.000,25.990,-1.730,-1.330,0.700,0.730,1.710,-1.042
1184,405,3349.000,60.273,-7.577,0.322,-0.043,0.783,NaN,349,0,3.460,-0.000,766.000,198.000,810.000,266.000,NaN,NaN,NaN,NaN,NaN,NaN,NaN
1185,536,3349.000,25.511,-2.134,0.011,0.010,0.649,0.147,349,0,1.116,-0.854,719.000,195.000,761.000,284.000,25.480,-2.100,-1.260,0.840,0.540,1.720,-0.156
1186,2,3350.000,25.969,-1.731,0.003,0.000,0.066,NaN,350,0,-2.275,-1.327,698.000,200.000,722.000,243.000,NaN,NaN,NaN,NaN,NaN,NaN,NaN
1187,405,3350.000,60.630,-7.625,0.322,-0.045,0.783,NaN,350,0,3.460,-0.000,766.000,198.000,810.000,266.000,NaN,NaN,NaN,NaN,NaN,NaN,NaN
1188,536,3350.000,25.520,-2.172,0.010,-0.001,0.665,NaN,350,0,1.803,-1.327,719.000,195.000,760.000,286.000,NaN,NaN,NaN,NaN,NaN,NaN,NaN
1189,2,3351.000,25.959,-1.704,0.001,0.009,0.061,0.730,351,0,-2.588,0.895,697.000,203.000,722.000,269.000,25.960,-1.640,-1.320,0.900,0.500,1.830,3.016
1190,405,3351.000,60.950,-7.671,0.321,-0.046,NaN,NaN,351,0,1.904,-0.000,NaN,NaN,NaN,NaN,NaN,NaN,NaN,NaN,NaN,NaN,NaN
1191,536,3351.000,25.568,-2.188,0.018,-0.003,0.651,0.037,351,0,0.873,-1.451,718.000,195.000,760.000,286.000,25.600,-2.220,-1.250,0.870,0.550,1.910,-0.496
1192,727,3351.000,26.970,-3.330,0.000,0.000,0.783,0.014,351,0,1.904,-1.590,766.000,198.000,810.000,266.000,26.970,-3.330,-1.230,0.750,0.680,1.750,-0.092
1193,2,3352.000,25.968,-1.710,0.003,0.004,0.043,0.109,352,0,-2.903,-1.051,694.000,213.000,722.000,292.000,25.980,-1.740,-1.260,0.740,0.570,1.820,-0.095
1194,405,3352.000,61.272,-7.717,0.322,-0.046,NaN,NaN,352,0,-0.000,-0.000,NaN,NaN,NaN,NaN,NaN,NaN,NaN,NaN,NaN,NaN,NaN
1195,536,3352.000,25.526,-2.142,0.004,0.007,0.673,0.192,352,0,1.273,-0.734,719.000,195.000,761.000,287.000,25.470,-2.090,-1.330,0.850,0.480,1.730,-0.212
1196,727,3352.000,26.983,-3.374,0.012,-0.016,0.781,NaN,352,0,3.460,-1.304,767.000,198.000,810.000,265.000,NaN,NaN,NaN,NaN,NaN,NaN,NaN
1197,2,3353.000,25.960,-1.726,0.001,-0.001,0.070,NaN,353,0,-2.275,-1.327,697.000,203.000,723.000,248.000,NaN,NaN,NaN,NaN,NaN,NaN,NaN
1198,405,3353.000,61.594,-7.763,0.322,-0.046,NaN,NaN,353,0,-0.000,-0.000,NaN,NaN,NaN,NaN,NaN,NaN,NaN,NaN,NaN,NaN,NaN
1199,536,3353.000,25.530,-2.187,0.004,-0.005,0.665,NaN,353,0,1.803,-1.327,719.000,195.000,762.000,286.000,NaN,NaN,NaN,NaN,NaN,NaN,NaN
1200,727,3353.000,26.989,-3.386,0.011,-0.012,0.785,NaN,353,0,3.460,-1.308,766.000,199.000,810.000,266.000,NaN,NaN,NaN,NaN,NaN,NaN,NaN
1201,2,3354.000,25.951,-1.725,-0.002,0.001,0.384,0.709,354,0,-0.743,0.758,697.000,203.000,724.000,277.000,25.970,-1.720,-1.280,0.850,0.560,1.730,-0.420
1202,405,3354.000,61.917,-7.810,0.322,-0.047,NaN,NaN,354,0,-0.000,-0.000,NaN,NaN,NaN,NaN,NaN,NaN,NaN,NaN,NaN,NaN,NaN
1203,536,3354.000,25.563,-2.188,0.012,-0.002,0.698,0.631,354,0,1.367,0.377,719.000,195.000,762.000,287.000,25.570,-2.180,-1.240,0.800,0.530,1.710,0.219
1204,727,3354.000,26.992,-3.390,0.008,-0.009,0.785,NaN,354,0,3.460,-1.309,766.000,199.000,810.000,266.000,NaN,NaN,NaN,NaN,NaN,NaN,NaN
1205,2,3355.000,25.951,-1.723,-0.001,0.002,0.378,0.209,355,0,-0.743,-0.760,696.000,203.000,725.000,280.000,25.980,-1.740,-1.310,0.770,0.610,1.650,-0.338
1206,405,3355.000,62.239,-7.859,0.322,-0.048,NaN,NaN,355,0,-0.000,-0.000,NaN,NaN,NaN,NaN,NaN,NaN,NaN,NaN,NaN,NaN,NaN
1207,536,3355.000,25.518,-2.150,-0.002,0.006,0.697,0.338,355,0,1.628,-0.361,719.000,195.000,761.000,284.000,25.450,-2.100,-1.230,0.830,0.530,1.690,-0.409
1208,727,3355.000,26.994,-3.399,0.007,-0.008,0.771,NaN,355,0,3.261,-1.309,766.000,198.000,810.000,265.000,NaN,NaN,NaN,NaN,NaN,NaN,NaN
1209,2,3356.000,25.946,-1.733,-0.001,-0.003,0.026,NaN,356,0,-2.816,-1.327,697.000,204.000,725.000,245.000,NaN,NaN,NaN,NaN,NaN,NaN,NaN
1210,405,3356.000,58.344,-10.188,0.224,-0.297,0.106,NaN,356,0,-0.000,-0.000,848.000,201.000,857.000,223.000,NaN,NaN,NaN,NaN,NaN,NaN,NaN
1211,536,3356.000,25.519,-2.191,-0.001,-0.005,0.691,NaN,356,0,2.173,-1.326,719.000,195.000,760.000,283.000,NaN,NaN,NaN,NaN,NaN,NaN,NaN
1212,727,3356.000,27.000,-3.405,0.007,-0.006,0.764,NaN,356,0,3.077,-1.311,767.000,198.000,810.000,265.000,NaN,NaN,NaN,NaN,NaN,NaN,NaN
1213,2,3357.000,25.907,-1.706,-0.008,0.006,0.405,0.045,357,0,-0.666,-1.451,697.000,203.000,723.000,275.000,25.890,-1.670,-1.260,0.850,0.490,1.730,2.744
1214,405,3357.000,58.567,-10.485,0.223,-0.297,NaN,NaN,357,0,-0.732,-0.738,NaN,NaN,NaN,NaN,NaN,NaN,NaN,NaN,NaN,NaN,NaN
1215,536,3357.000,25.486,-2.153,-0.006,0.007,0.646,0.642,357,0,1.116,0.525,720.000,195.000,761.000,288.000,25.460,-2.090,-1.300,0.890,0.540,1.790,-0.554
1216,727,3357.000,27.012,-3.401,0.008,-0.002,0.750,NaN,357,0,2.906,-1.311,767.000,198.000,809.000,264.000,NaN,NaN,NaN,NaN,NaN,NaN,NaN
1217,2,3358.000,25.937,-1.703,-0.000,0.005,0.036,0.323,358,0,-2.903,-0.495,695.000,216.000,721.000,284.000,25.990,-1.710,-1.330,0.830,0.570,1.730,-0.042
1218,405,3358.000,58.790,-10.783,0.223,-0.298,NaN,NaN,358,0,-0.000,-0.000,NaN,NaN,NaN,NaN,NaN,NaN,NaN,NaN,NaN,NaN,NaN
1219,536,3358.000,25.466,-2.142,-0.011,0.008,0.647,0.285,358,0,1.116,-0.444,719.000,195.000,761.000,285.000,25.460,-2.130,-1.370,1.770,0.550,1.790,-0.566
1220,727,3358.000,27.003,-3.385,0.005,0.004,0.746,NaN,358,0,2.906,-1.311,767.000,198.000,809.000,264.000,NaN,NaN,NaN,NaN,NaN,NaN,NaN
1221,2,3359.000,25.936,-1.710,0.000,0.002,0.037,NaN,359,0,-2.972,-1.327,698.000,203.000,720.000,243.000,NaN,NaN,NaN,NaN,NaN,NaN,NaN
1222,405,3359.000,59.012,-11.081,0.222,-0.298,NaN,NaN,359,0,-0.000,-0.000,NaN,NaN,NaN,NaN,NaN,NaN,NaN,NaN,NaN,NaN,NaN
1223,536,3359.000,25.449,-2.185,-0.012,-0.003,0.585,NaN,359,0,1.124,-1.326,719.000,195.000,760.000,286.000,NaN,NaN,NaN,NaN,NaN,NaN,NaN
1224,727,3359.000,27.033,-3.390,0.007,0.003,0.745,NaN,359,0,2.746,-1.309,767.000,198.000,809.000,264.000,NaN,NaN,NaN,NaN,NaN,NaN,NaN
1225,2,3360.000,25.906,-1.681,-0.006,0.011,0.264,0.083,360,0,-1.214,-1.162,696.000,202.000,721.000,268.000,25.880,-1.610,-1.360,0.940,0.550,1.930,2.720
1226,405,3360.000,59.233,-11.381,0.221,-0.299,NaN,NaN,360,0,-0.000,-0.000,NaN,NaN,NaN,NaN,NaN,NaN,NaN,NaN,NaN,NaN,NaN
1227,536,3360.000,25.438,-2.143,-0.013,0.007,0.582,0.037,360,0,0.718,-1.391,719.000,195.000,760.000,286.000,25.440,-2.100,-1.310,0.890,0.540,1.790,-0.387
1228,727,3360.000,27.097,-3.400,0.015,-0.001,0.742,NaN,360,0,2.746,-1.309,767.000,198.000,809.000,264.000,NaN,NaN,NaN,NaN,NaN,NaN,NaN
1229,2,3361.000,25.943,-1.690,0.004,0.007,0.396,0.020,361,0,-0.666,-1.539,696.000,202.000,721.000,272.000,25.980,-1.730,-1.360,0.680,0.660,1.750,-0.082
1230,405,3361.000,59.454,-11.681,0.221,-0.300,NaN,NaN,361,0,-0.000,-0.000,NaN,NaN,NaN,NaN,NaN,NaN,NaN,NaN,NaN,NaN,NaN
1231,536,3361.000,25.482,-2.137,-0.004,0.006,0.638,0.012,361,0,0.809,-1.556,719.000,195.000,760.000,287.000,25.530,-2.160,-1.270,0.800,0.480,1.750,-0.796
1232,727,3361.000,27.170,-3.411,0.022,-0.003,0.744,NaN,361,0,2.746,-1.309,767.000,198.000,809.000,264.000,NaN,NaN,NaN,NaN,NaN,NaN,NaN
1233,2,3362.000,25.945,-1.699,0.004,0.002,0.341,NaN,362,0,-0.693,-1.327,696.000,202.000,721.000,273.000,NaN,NaN,NaN,NaN,NaN,NaN,NaN
1234,405,3362.000,59.677,-11.981,0.222,-0.301,NaN,NaN,362,0,-0.000,-0.000,NaN,NaN,NaN,NaN,NaN,NaN,NaN,NaN,NaN,NaN,NaN
1235,536,3362.000,25.471,-2.180,-0.006,-0.005,0.638,NaN,362,0,1.595,-1.327,719.000,195.000,760.000,286.000,NaN,NaN,NaN,NaN,NaN,NaN,NaN
1236,727,3362.000,27.316,-3.416,0.039,-0.004,0.741,NaN,362,0,2.746,-1.310,767.000,198.000,809.000,264.000,NaN,NaN,NaN,NaN,NaN,NaN,NaN
1237,2,3363.000,25.917,-1.697,-0.002,0.003,0.389,0.909,363,0,-0.705,4.170,697.000,203.000,721.000,276.000,25.910,-1.690,-1.350,0.930,0.510,1.790,-3.134
1238,405,3363.000,59.899,-12.284,0.223,-0.302,NaN,NaN,363,0,-0.000,-0.000,NaN,NaN,NaN,NaN,NaN,NaN,NaN,NaN,NaN,NaN,NaN
1239,536,3363.000,25.449,-2.140,-0.009,0.005,0.620,0.097,363,0,0.943,-1.011,719.000,195.000,760.000,287.000,25.430,-2.100,-1.270,0.810,0.500,1.940,-0.314
1240,727,3363.000,27.379,-3.423,0.041,-0.005,0.738,NaN,363,0,2.746,-1.309,767.000,198.000,809.000,264.000,NaN,NaN,NaN,NaN,NaN,NaN,NaN
1241,2,3364.000,25.929,-1.696,0.001,0.002,0.437,0.303,364,0,-0.458,-0.517,697.000,202.000,721.000,273.000,25.960,-1.690,-1.230,0.800,0.680,1.840,-0.377
1242,405,3364.000,60.121,-12.587,0.222,-0.303,NaN,NaN,364,0,-0.000,-0.000,NaN,NaN,NaN,NaN,NaN,NaN,NaN,NaN,NaN,NaN,NaN
1243,536,3364.000,25.483,-2.118,-0.001,0.010,0.720,0.027,364,0,1.662,-1.506,718.000,195.000,760.000,288.000,25.550,-2.110,-1.240,0.820,0.570,1.640,0.186
1244,727,3364.000,27.439,-3.429,0.043,-0.004,0.732,NaN,364,0,2.590,-1.309,767.000,198.000,809.000,264.000,NaN,NaN,NaN,NaN,NaN,NaN,NaN
1245,2,3365.000,25.928,-1.715,-0.000,-0.003,0.037,NaN,365,0,-2.435,-1.327,696.000,202.000,723.000,273.000,NaN,NaN,NaN,NaN,NaN,NaN,NaN
1246,405,3365.000,60.343,-12.891,0.222,-0.304,NaN,NaN,365,0,-0.079,-0.066,NaN,NaN,NaN,NaN,NaN,NaN,NaN,NaN,NaN,NaN,NaN
1247,536,3365.000,25.482,-2.162,-0.001,-0.003,0.702,NaN,365,0,2.315,-1.327,718.000,195.000,760.000,288.000,NaN,NaN,NaN,NaN,NaN,NaN,NaN
1248,727,3365.000,27.492,-3.439,0.043,-0.006,0.731,NaN,365,0,2.590,-1.307,767.000,198.000,809.000,264.000,NaN,NaN,NaN,NaN,NaN,NaN,NaN
1249,2,3366.000,25.920,-1.715,-0.003,-0.002,0.166,0.119,366,0,-1.737,-1.022,695.000,204.000,721.000,272.000,25.920,-1.710,-1.330,0.750,0.460,1.780,-3.598
1250,405,3366.000,60.565,-13.194,0.222,-0.304,NaN,NaN,366,0,-0.404,-0.345,NaN,NaN,NaN,NaN,NaN,NaN,NaN,NaN,NaN,NaN,NaN
1251,536,3366.000,25.480,-2.156,0.000,0.000,0.677,0.012,366,0,1.371,-1.501,719.000,194.000,761.000,286.000,25.470,-2.140,-1.270,0.840,0.600,1.910,-0.626
1252,727,3366.000,27.550,-3.455,0.044,-0.008,0.712,NaN,366,0,2.280,-1.306,767.000,198.000,810.000,264.000,NaN,NaN,NaN,NaN,NaN,NaN,NaN
1253,2,3367.000,25.925,-1.720,-0.002,-0.002,0.270,0.040,367,0,-1.152,-1.451,695.000,203.000,722.000,280.000,25.940,-1.730,-1.270,0.690,0.580,1.720,-0.325
1254,405,3367.000,60.786,-13.498,0.221,-0.304,NaN,NaN,367,0,-0.336,-0.295,NaN,NaN,NaN,NaN,NaN,NaN,NaN,NaN,NaN,NaN,NaN
1255,536,3367.000,25.545,-2.177,0.016,-0.004,0.670,0.010,367,0,1.024,-1.556,719.000,194.000,761.000,286.000,25.620,-2.160,-1.270,0.810,0.570,1.760,-0.045
1256,727,3367.000,27.642,-3.471,0.045,-0.008,0.720,NaN,367,0,2.434,-1.306,767.000,198.000,810.000,264.000,NaN,NaN,NaN,NaN,NaN,NaN,NaN
1257,2,3368.000,25.924,-1.703,-0.002,0.004,0.121,NaN,368,0,-1.715,-1.327,695.000,204.000,721.000,269.000,NaN,NaN,NaN,NaN,NaN,NaN,NaN
1258,405,3368.000,61.007,-13.804,0.220,-0.306,NaN,NaN,368,0,-0.000,-0.000,NaN,NaN,NaN,NaN,NaN,NaN,NaN,NaN,NaN,NaN,NaN
1259,536,3368.000,25.565,-2.225,0.016,-0.015,0.641,NaN,368,0,1.595,-1.326,719.000,194.000,761.000,278.000,NaN,NaN,NaN,NaN,NaN,NaN,NaN
1260,727,3368.000,27.745,-3.484,0.048,-0.007,0.720,NaN,368,0,2.434,-1.307,767.000,198.000,810.000,264.000,NaN,NaN,NaN,NaN,NaN,NaN,NaN
1261,2,3369.000,25.932,-1.697,0.003,0.004,0.122,0.668,369,0,-2.044,0.512,696.000,203.000,722.000,267.000,25.940,-1.660,-1.340,1.010,0.520,1.860,2.817
1262,405,3369.000,61.227,-14.110,0.221,-0.306,NaN,NaN,369,0,-0.000,-0.000,NaN,NaN,NaN,NaN,NaN,NaN,NaN,NaN,NaN,NaN,NaN
1263,536,3369.000,25.528,-2.201,0.003,-0.004,0.634,0.039,369,0,0.994,-1.391,720.000,194.000,761.000,279.000,25.470,-2.150,-1.320,0.830,0.540,1.800,-0.483
1264,727,3369.000,27.820,-3.494,0.051,-0.006,0.717,NaN,369,0,2.434,-1.307,767.000,198.000,810.000,264.000,NaN,NaN,NaN,NaN,NaN,NaN,NaN
1265,2,3370.000,25.948,-1.712,0.008,-0.001,NaN,0.042,370,0,-3.127,-1.451,690.000,199.000,734.000,293.000,25.960,-1.760,-1.300,0.640,0.680,1.760,0.205
1266,405,3370.000,61.447,-14.416,0.220,-0.306,NaN,NaN,370,0,-0.000,-0.000,NaN,NaN,NaN,NaN,NaN,NaN,NaN,NaN,NaN,NaN,NaN
1267,536,3370.000,25.511,-2.178,0.001,0.003,0.596,0.171,370,0,0.837,-0.791,720.000,194.000,761.000,276.000,25.470,-2.150,-1.310,0.800,0.590,1.780,-0.154
1268,727,3370.000,27.883,-3.506,0.050,-0.008,0.720,NaN,370,0,2.434,-1.305,767.000,198.000,810.000,264.000,NaN,NaN,NaN,NaN,NaN,NaN,NaN
1269,2,3371.000,25.956,-1.715,0.009,-0.003,NaN,NaN,371,0,-1.693,-1.327,NaN,NaN,NaN,NaN,NaN,NaN,NaN,NaN,NaN,NaN,NaN
1270,405,3371.000,61.667,-14.723,0.220,-0.306,NaN,NaN,371,0,-0.000,-0.000,NaN,NaN,NaN,NaN,NaN,NaN,NaN,NaN,NaN,NaN,NaN
1271,536,3371.000,25.508,-2.231,0.000,-0.012,0.608,NaN,371,0,1.112,-1.326,720.000,195.000,762.000,271.000,NaN,NaN,NaN,NaN,NaN,NaN,NaN
1272,727,3371.000,27.963,-3.521,0.052,-0.009,0.722,NaN,371,0,2.434,-1.305,767.000,198.000,810.000,264.000,NaN,NaN,NaN,NaN,NaN,NaN,NaN
1273,2,3372.000,25.992,-1.698,0.017,-0.000,NaN,0.085,372,0,-3.127,-1.115,679.000,200.000,737.000,298.000,26.000,-1.700,-1.350,0.960,0.570,1.850,-0.911
1274,405,3372.000,61.886,-15.030,0.219,-0.307,NaN,NaN,372,0,0.777,-0.000,NaN,NaN,NaN,NaN,NaN,NaN,NaN,NaN,NaN,NaN,NaN
1275,536,3372.000,25.559,-2.231,0.011,-0.008,0.726,0.015,372,0,1.790,-1.539,767.000,198.000,810.000,264.000,25.610,-2.220,-1.310,1.940,0.540,1.990,-0.485
1276,727,3372.000,28.016,-3.527,0.052,-0.006,NaN,NaN,372,0,-2.008,-1.825,NaN,NaN,NaN,NaN,NaN,NaN,NaN,NaN,NaN,NaN,NaN
1277,2,3373.000,25.998,-1.713,0.013,-0.005,NaN,0.261,373,0,-3.127,-0.607,668.000,198.000,750.000,299.000,25.960,-1.730,-1.330,1.830,0.570,1.860,-0.727
1278,405,3373.000,62.106,-15.337,0.219,-0.307,NaN,NaN,373,0,-0.000,-0.000,NaN,NaN,NaN,NaN,NaN,NaN,NaN,NaN,NaN,NaN,NaN
1279,536,3373.000,25.570,-2.239,0.012,-0.009,NaN,NaN,373,0,-0.801,-1.326,NaN,NaN,NaN,NaN,NaN,NaN,NaN,NaN,NaN,NaN,NaN
1280,727,3373.000,28.332,-3.567,0.066,-0.008,0.728,NaN,373,0,2.590,-1.305,767.000,198.000,810.000,264.000,NaN,NaN,NaN,NaN,NaN,NaN,NaN
1281,2,3374.000,26.012,-1.719,0.014,-0.006,NaN,NaN,374,0,-1.892,-1.327,NaN,NaN,NaN,NaN,NaN,NaN,NaN,NaN,NaN,NaN,NaN
1282,405,3374.000,62.324,-15.644,0.218,-0.308,NaN,NaN,374,0,-0.000,-0.000,NaN,NaN,NaN,NaN,NaN,NaN,NaN,NaN,NaN,NaN,NaN
1283,536,3374.000,25.577,-2.272,0.009,-0.012,0.647,NaN,374,0,1.509,-1.326,719.000,194.000,761.000,270.000,NaN,NaN,NaN,NaN,NaN,NaN,NaN
1284,727,3374.000,28.483,-3.588,0.069,-0.009,0.734,NaN,374,0,2.590,-1.306,767.000,198.000,810.000,264.000,NaN,NaN,NaN,NaN,NaN,NaN,NaN
1285,2,3375.000,25.970,-1.697,0.005,-0.001,0.073,0.271,375,0,-2.442,-0.576,696.000,203.000,722.000,270.000,25.910,-1.660,-1.270,0.850,0.510,1.720,2.739
1286,405,3375.000,62.541,-15.953,0.217,-0.308,NaN,NaN,375,0,-0.322,-0.231,NaN,NaN,NaN,NaN,NaN,NaN,NaN,NaN,NaN,NaN,NaN
1287,536,3375.000,25.469,-2.213,-0.014,0.006,0.721,0.063,375,0,1.934,-1.228,718.000,195.000,760.000,286.000,25.420,-2.130,-1.210,0.890,0.480,1.810,-0.474
1288,727,3375.000,28.641,-3.609,0.072,-0.010,0.717,NaN,375,0,2.434,-1.307,767.000,198.000,810.000,264.000,NaN,NaN,NaN,NaN,NaN,NaN,NaN
1289,2,3376.000,25.981,-1.678,0.006,0.004,0.047,0.056,376,0,-2.751,-1.294,696.000,203.000,722.000,269.000,25.990,-1.660,-1.230,0.740,0.640,1.770,-0.416
1290,405,3376.000,62.758,-16.263,0.217,-0.309,NaN,NaN,376,0,-1.163,-0.824,NaN,NaN,NaN,NaN,NaN,NaN,NaN,NaN,NaN,NaN,NaN
1291,536,3376.000,25.391,-2.157,-0.028,0.018,0.732,0.016,376,0,2.069,-1.483,718.000,194.000,761.000,287.000,25.330,-2.060,-1.340,0.770,0.580,1.720,-0.329
1292,727,3376.000,28.806,-3.630,0.078,-0.010,0.719,NaN,376,0,2.434,-1.307,767.000,198.000,810.000,264.000,NaN,NaN,NaN,NaN,NaN,NaN,NaN
1293,2,3377.000,25.982,-1.701,0.003,-0.002,0.078,NaN,377,0,-1.958,-1.327,696.000,203.000,722.000,268.000,NaN,NaN,NaN,NaN,NaN,NaN,NaN
1294,405,3377.000,63.562,-21.484,0.258,-0.654,0.194,NaN,377,0,-0.584,-0.458,1069.000,189.000,1096.000,219.000,NaN,NaN,NaN,NaN,NaN,NaN,NaN
1295,536,3377.000,25.348,-2.186,-0.030,0.008,0.728,NaN,377,0,2.756,-1.326,719.000,195.000,760.000,287.000,NaN,NaN,NaN,NaN,NaN,NaN,NaN
1296,727,3377.000,28.999,-3.656,0.085,-0.010,0.725,NaN,377,0,2.434,-1.307,767.000,198.000,810.000,265.000,NaN,NaN,NaN,NaN,NaN,NaN,NaN
1297,2,3378.000,25.944,-1.691,-0.008,0.001,0.038,0.076,378,0,-2.903,-1.162,696.000,203.000,722.000,269.000,25.910,-1.710,-1.310,0.950,0.540,1.870,-0.607
1298,405,3378.000,63.821,-22.140,0.258,-0.655,0.272,NaN,378,0,-1.057,-1.080,1069.000,189.000,1096.000,219.000,NaN,NaN,NaN,NaN,NaN,NaN,NaN
1299,536,3378.000,25.397,-2.154,-0.013,0.016,0.738,0.079,378,0,2.178,-1.093,718.000,195.000,760.000,288.000,25.470,-2.110,-1.300,0.840,0.510,1.750,-0.373
1300,727,3378.000,29.026,-3.662,0.084,-0.010,0.720,NaN,378,0,2.434,-1.308,767.000,198.000,810.000,264.000,NaN,NaN,NaN,NaN,NaN,NaN,NaN
1301,2,3379.000,25.931,-1.685,-0.009,0.002,NaN,0.233,379,0,-3.127,-0.703,683.000,195.000,732.000,295.000,25.940,-1.680,-1.270,0.840,0.580,1.860,-0.582
1302,405,3379.000,64.084,-22.782,0.260,-0.647,0.283,NaN,379,0,-0.645,-0.967,1069.000,189.000,1096.000,251.000,NaN,NaN,NaN,NaN,NaN,NaN,NaN
1303,536,3379.000,25.444,-2.135,0.001,0.017,0.708,0.133,379,0,1.516,-0.992,718.000,195.000,760.000,285.000,25.510,-2.150,-1.260,0.860,0.510,1.780,-0.439
1304,727,3379.000,29.117,-3.671,0.084,-0.010,0.728,NaN,379,0,2.590,-1.308,767.000,198.000,810.000,265.000,NaN,NaN,NaN,NaN,NaN,NaN,NaN
1305,2,3380.000,25.922,-1.684,-0.009,0.002,NaN,NaN,380,0,-1.876,-1.327,NaN,NaN,NaN,NaN,NaN,NaN,NaN,NaN,NaN,NaN,NaN
1306,405,3380.000,64.385,-23.354,0.276,-0.613,0.035,NaN,380,0,-0.884,-0.434,1070.000,208.000,1094.000,252.000,NaN,NaN,NaN,NaN,NaN,NaN,NaN
1307,536,3380.000,25.440,-2.179,0.001,0.002,0.691,NaN,380,0,2.173,-1.327,719.000,195.000,760.000,284.000,NaN,NaN,NaN,NaN,NaN,NaN,NaN
1308,727,3380.000,29.225,-3.681,0.084,-0.009,0.728,NaN,380,0,2.590,-1.308,767.000,198.000,810.000,265.000,NaN,NaN,NaN,NaN,NaN,NaN,NaN
1309,2,3381.000,25.935,-1.692,-0.005,-0.000,0.136,0.080,381,0,-1.923,-1.162,697.000,203.000,722.000,270.000,25.970,-1.690,-1.260,0.960,0.450,1.840,-0.490
1310,405,3381.000,64.819,-23.828,0.319,-0.561,0.284,NaN,381,0,-0.393,-0.418,1069.000,190.000,1097.000,220.000,NaN,NaN,NaN,NaN,NaN,NaN,NaN
1311,536,3381.000,25.431,-2.222,-0.003,-0.008,0.705,NaN,381,0,2.462,-1.326,719.000,195.000,760.000,285.000,NaN,NaN,NaN,NaN,NaN,NaN,NaN
1312,727,3381.000,29.372,-3.699,0.085,-0.011,0.732,NaN,381,0,2.590,-1.309,767.000,198.000,810.000,265.000,NaN,NaN,NaN,NaN,NaN,NaN,NaN
1313,2,3382.000,25.927,-1.677,-0.007,0.002,0.162,0.614,382,0,-1.799,0.329,697.000,203.000,723.000,270.000,25.930,-1.640,-1.280,0.890,0.450,1.710,2.775
1314,405,3382.000,65.138,-24.389,0.320,-0.562,NaN,NaN,382,0,-0.478,-0.434,NaN,NaN,NaN,NaN,NaN,NaN,NaN,NaN,NaN,NaN,NaN
1315,536,3382.000,25.415,-2.183,-0.003,0.005,0.726,0.451,382,0,2.069,-0.095,718.000,194.000,761.000,284.000,25.410,-2.110,-1.330,0.790,0.530,1.850,-0.455
1316,727,3382.000,29.579,-3.724,0.090,-0.011,0.740,NaN,382,0,2.746,-1.309,766.000,198.000,810.000,265.000,NaN,NaN,NaN,NaN,NaN,NaN,NaN
1317,405,3383.000,65.460,-24.951,0.321,-0.561,NaN,NaN,383,0,-0.000,-0.000,NaN,NaN,NaN,NaN,NaN,NaN,NaN,NaN,NaN,NaN,NaN
1318,536,3383.000,25.404,-2.214,-0.006,-0.003,0.712,NaN,383,0,2.462,-1.326,718.000,194.000,761.000,285.000,NaN,NaN,NaN,NaN,NaN,NaN,NaN
1319,727,3383.000,29.745,-3.746,0.094,-0.012,0.736,NaN,383,0,2.746,-1.308,766.000,198.000,810.000,264.000,NaN,NaN,NaN,NaN,NaN,NaN,NaN
1320,405,3384.000,65.782,-25.513,0.322,-0.562,NaN,NaN,384,0,-0.203,-0.253,NaN,NaN,NaN,NaN,NaN,NaN,NaN,NaN,NaN,NaN,NaN
1321,536,3384.000,25.517,-2.154,0.019,0.013,0.586,0.013,384,0,0.553,-1.556,719.000,195.000,760.000,276.000,25.590,-2.070,-1.320,0.890,0.530,1.760,-0.024
1322,727,3384.000,29.999,-3.769,0.102,-0.011,0.716,NaN,384,0,2.434,-1.309,766.000,198.000,809.000,264.000,NaN,NaN,NaN,NaN,NaN,NaN,NaN
1323,405,3385.000,66.105,-26.074,0.322,-0.562,NaN,NaN,385,0,0.192,-0.097,NaN,NaN,NaN,NaN,NaN,NaN,NaN,NaN,NaN,NaN,NaN
1324,536,3385.000,25.498,-2.112,0.012,0.019,0.010,0.746,385,0,-3.002,1.133,732.000,201.000,764.000,269.000,25.460,-2.080,-1.280,1.850,0.610,1.880,-0.510
1325,727,3385.000,30.283,-3.798,0.109,-0.011,0.723,NaN,385,0,2.434,-1.310,766.000,198.000,809.000,265.000,NaN,NaN,NaN,NaN,NaN,NaN,NaN
1326,405,3386.000,66.428,-26.635,0.323,-0.561,NaN,NaN,386,0,-0.630,-0.572,NaN,NaN,NaN,NaN,NaN,NaN,NaN,NaN,NaN,NaN,NaN
1327,536,3386.000,25.511,-2.094,0.013,0.018,NaN,NaN,386,0,-2.320,-1.327,NaN,NaN,NaN,NaN,NaN,NaN,NaN,NaN,NaN,NaN,NaN
1328,727,3386.000,30.597,-3.838,0.118,-0.014,0.732,NaN,386,0,2.590,-1.309,766.000,198.000,810.000,265.000,NaN,NaN,NaN,NaN,NaN,NaN,NaN
1329,405,3387.000,66.752,-27.195,0.323,-0.560,NaN,NaN,387,0,-0.000,-0.000,NaN,NaN,NaN,NaN,NaN,NaN,NaN,NaN,NaN,NaN,NaN
1330,536,3387.000,25.524,-2.077,0.013,0.018,NaN,NaN,387,0,-2.206,-1.327,NaN,NaN,NaN,NaN,NaN,NaN,NaN,NaN,NaN,NaN,NaN
1331,727,3387.000,30.923,-3.879,0.127,-0.017,0.739,NaN,387,0,2.746,-1.310,766.000,198.000,809.000,265.000,NaN,NaN,NaN,NaN,NaN,NaN,NaN
1332,405,3388.000,67.074,-27.755,0.324,-0.560,NaN,NaN,388,0,-0.449,-1.092,NaN,NaN,NaN,NaN,NaN,NaN,NaN,NaN,NaN,NaN,NaN
1333,536,3388.000,25.484,-2.110,0.002,0.008,0.650,0.247,388,0,1.116,-0.558,719.000,194.000,761.000,277.000,25.460,-2.130,-1.310,0.870,0.470,1.740,-0.997
1334,727,3388.000,30.960,-3.887,0.124,-0.017,0.743,NaN,388,0,2.746,-1.311,766.000,198.000,810.000,265.000,NaN,NaN,NaN,NaN,NaN,NaN,NaN
1335,405,3389.000,67.400,-28.315,0.325,-0.560,NaN,NaN,389,0,-0.122,-0.539,NaN,NaN,NaN,NaN,NaN,NaN,NaN,NaN,NaN,NaN,NaN
1336,536,3389.000,25.473,-2.193,0.002,-0.007,0.031,NaN,389,0,-2.815,-1.327,721.000,195.000,758.000,246.000,NaN,NaN,NaN,NaN,NaN,NaN,NaN
1337,727,3389.000,31.357,-3.940,0.133,-0.018,0.747,NaN,389,0,2.906,-1.311,766.000,198.000,810.000,265.000,NaN,NaN,NaN,NaN,NaN,NaN,NaN
1338,405,3390.000,67.724,-28.875,0.323,-0.559,NaN,NaN,390,0,-0.025,-0.081,NaN,NaN,NaN,NaN,NaN,NaN,NaN,NaN,NaN,NaN,NaN
1339,536,3390.000,25.460,-2.139,-0.003,0.010,0.672,0.018,390,0,1.273,-1.483,719.000,195.000,760.000,274.000,25.450,-2.050,-1.300,0.860,0.600,1.810,0.075
1340,727,3390.000,31.736,-3.990,0.139,-0.019,0.749,NaN,390,0,2.906,-1.312,766.000,198.000,810.000,265.000,NaN,NaN,NaN,NaN,NaN,NaN,NaN
1341,405,3391.000,68.048,-29.434,0.323,-0.559,NaN,NaN,391,0,-0.237,-0.119,NaN,NaN,NaN,NaN,NaN,NaN,NaN,NaN,NaN,NaN,NaN
1342,536,3391.000,25.457,-2.129,-0.003,0.010,NaN,NaN,391,0,-2.339,-1.327,NaN,NaN,NaN,NaN,NaN,NaN,NaN,NaN,NaN,NaN,NaN
1343,727,3391.000,32.166,-4.046,0.147,-0.021,0.749,NaN,391,0,2.906,-1.313,766.000,198.000,810.000,265.000,NaN,NaN,NaN,NaN,NaN,NaN,NaN
1344,405,3392.000,68.368,-29.993,0.321,-0.560,NaN,NaN,392,0,-0.000,-0.000,NaN,NaN,NaN,NaN,NaN,NaN,NaN,NaN,NaN,NaN,NaN
1345,536,3392.000,25.456,-2.117,-0.001,0.011,NaN,NaN,392,0,-2.120,-1.327,NaN,NaN,NaN,NaN,NaN,NaN,NaN,NaN,NaN,NaN,NaN
1346,727,3392.000,32.625,-4.102,0.155,-0.020,0.749,NaN,392,0,2.906,-1.314,766.000,198.000,810.000,265.000,NaN,NaN,NaN,NaN,NaN,NaN,NaN
1347,405,3393.000,68.688,-30.553,0.321,-0.560,NaN,NaN,393,0,-0.000,-0.000,NaN,NaN,NaN,NaN,NaN,NaN,NaN,NaN,NaN,NaN,NaN
1348,536,3393.000,25.472,-2.112,0.000,0.013,0.726,0.678,393,0,2.069,0.685,719.000,195.000,760.000,286.000,25.470,-2.100,-1.310,0.870,0.490,1.760,-0.412
1349,727,3393.000,33.089,-4.157,0.167,-0.020,0.725,NaN,393,0,2.434,-1.314,767.000,198.000,809.000,264.000,NaN,NaN,NaN,NaN,NaN,NaN,NaN
1350,405,3394.000,69.008,-31.114,0.320,-0.561,NaN,NaN,394,0,-0.000,-0.000,NaN,NaN,NaN,NaN,NaN,NaN,NaN,NaN,NaN,NaN,NaN
1351,536,3394.000,25.472,-2.097,-0.001,0.014,NaN,NaN,394,0,-2.080,-1.327,NaN,NaN,NaN,NaN,NaN,NaN,NaN,NaN,NaN,NaN,NaN
1352,727,3394.000,33.587,-4.219,0.176,-0.022,0.735,NaN,394,0,2.746,-1.315,767.000,198.000,810.000,264.000,NaN,NaN,NaN,NaN,NaN,NaN,NaN
1353,405,3395.000,69.329,-31.676,0.321,-0.561,NaN,NaN,395,0,-0.673,-0.300,NaN,NaN,NaN,NaN,NaN,NaN,NaN,NaN,NaN,NaN,NaN
1354,536,3395.000,25.471,-2.083,-0.001,0.014,NaN,NaN,395,0,-2.018,-1.327,NaN,NaN,NaN,NaN,NaN,NaN,NaN,NaN,NaN,NaN,NaN
1355,727,3395.000,33.925,-4.262,0.181,-0.023,0.744,NaN,395,0,2.746,-1.316,767.000,198.000,810.000,264.000,NaN,NaN,NaN,NaN,NaN,NaN,NaN
1356,405,3396.000,69.650,-32.238,0.320,-0.562,NaN,NaN,396,0,-2.207,-1.222,NaN,NaN,NaN,NaN,NaN,NaN,NaN,NaN,NaN,NaN,NaN
1357,536,3396.000,25.486,-2.068,0.001,0.017,0.742,0.543,396,0,2.178,0.245,719.000,195.000,760.000,285.000,25.490,-2.070,-1.300,0.900,0.630,1.770,0.204
1358,727,3396.000,34.271,-4.304,0.186,-0.022,0.745,NaN,396,0,2.746,-1.316,767.000,198.000,810.000,265.000,NaN,NaN,NaN,NaN,NaN,NaN,NaN
1359,405,3397.000,69.971,-32.802,0.321,-0.563,NaN,NaN,397,0,-0.754,-0.662,NaN,NaN,NaN,NaN,NaN,NaN,NaN,NaN,NaN,NaN,NaN
1360,536,3397.000,25.487,-2.052,0.001,0.016,NaN,NaN,397,0,-2.057,-1.327,NaN,NaN,NaN,NaN,NaN,NaN,NaN,NaN,NaN,NaN,NaN
1361,727,3397.000,34.610,-4.346,0.189,-0.022,0.746,NaN,397,0,2.906,-1.316,767.000,198.000,810.000,265.000,NaN,NaN,NaN,NaN,NaN,NaN,NaN
1362,405,3398.000,70.293,-33.364,0.322,-0.562,NaN,NaN,398,0,-0.219,-0.135,NaN,NaN,NaN,NaN,NaN,NaN,NaN,NaN,NaN,NaN,NaN
1363,536,3398.000,25.487,-2.038,-0.000,0.014,NaN,NaN,398,0,-1.181,-1.327,NaN,NaN,NaN,NaN,NaN,NaN,NaN,NaN,NaN,NaN,NaN
1364,727,3398.000,34.926,-4.385,0.190,-0.024,0.748,NaN,398,0,2.906,-1.317,767.000,198.000,810.000,265.000,NaN,NaN,NaN,NaN,NaN,NaN,NaN
1365,405,3399.000,70.617,-33.926,0.323,-0.562,NaN,NaN,399,0,-0.168,-0.135,NaN,NaN,NaN,NaN,NaN,NaN,NaN,NaN,NaN,NaN,NaN
1366,536,3399.000,25.491,-2.086,-0.003,-0.001,0.722,0.147,399,0,1.662,-0.930,720.000,196.000,760.000,285.000,25.500,-2.120,-1.310,0.860,0.530,1.940,-0.524
1367,727,3399.000,35.201,-4.421,0.188,-0.024,0.756,NaN,399,0,3.077,-1.317,767.000,198.000,810.000,265.000,NaN,NaN,NaN,NaN,NaN,NaN,NaN
1368,405,3400.000,70.942,-34.490,0.325,-0.563,NaN,NaN,400,0,-0.000,-0.000,NaN,NaN,NaN,NaN,NaN,NaN,NaN,NaN,NaN,NaN,NaN
1369,536,3400.000,25.487,-2.086,-0.004,-0.000,NaN,NaN,400,0,-2.272,-1.327,NaN,NaN,NaN,NaN,NaN,NaN,NaN,NaN,NaN,NaN,NaN
1370,727,3400.000,35.847,-4.488,0.197,-0.019,0.750,NaN,400,0,2.906,-1.317,767.000,198.000,810.000,265.000,NaN,NaN,NaN,NaN,NaN,NaN,NaN
1371,405,3401.000,71.265,-35.053,0.325,-0.564,NaN,NaN,401,0,-0.000,-0.000,NaN,NaN,NaN,NaN,NaN,NaN,NaN,NaN,NaN,NaN,NaN
1372,536,3401.000,25.455,-2.105,-0.010,-0.001,0.693,0.702,401,0,1.488,0.814,720.000,196.000,761.000,285.000,25.440,-2.120,-1.280,0.880,0.550,1.850,-0.130
1373,727,3401.000,36.250,-4.542,0.202,-0.022,0.751,NaN,401,0,2.906,-1.317,766.000,198.000,810.000,265.000,NaN,NaN,NaN,NaN,NaN,NaN,NaN
1374,405,3402.000,71.590,-35.616,0.325,-0.563,NaN,NaN,402,0,-0.008,-0.038,NaN,NaN,NaN,NaN,NaN,NaN,NaN,NaN,NaN,NaN,NaN
1375,536,3402.000,25.431,-2.212,-0.012,-0.021,0.032,NaN,402,0,-2.815,-1.327,724.000,196.000,760.000,244.000,NaN,NaN,NaN,NaN,NaN,NaN,NaN
1376,727,3402.000,36.715,-4.602,0.211,-0.024,0.710,NaN,402,0,2.280,-1.318,767.000,198.000,809.000,265.000,NaN,NaN,NaN,NaN,NaN,NaN,NaN
1377,405,3403.000,71.915,-36.178,0.325,-0.562,NaN,NaN,403,0,-0.896,-0.765,NaN,NaN,NaN,NaN,NaN,NaN,NaN,NaN,NaN,NaN,NaN
1378,536,3403.000,25.420,-2.271,-0.011,-0.032,0.026,NaN,403,0,-2.815,-1.326,724.000,196.000,759.000,246.000,NaN,NaN,NaN,NaN,NaN,NaN,NaN
1379,727,3403.000,37.236,-4.667,0.217,-0.025,0.712,NaN,403,0,2.280,-1.319,767.000,198.000,809.000,265.000,NaN,NaN,NaN,NaN,NaN,NaN,NaN
1380,405,3404.000,72.241,-36.738,0.326,-0.561,NaN,NaN,404,0,-1.598,-1.327,NaN,NaN,NaN,NaN,NaN,NaN,NaN,NaN,NaN,NaN,NaN
1381,536,3404.000,25.438,-2.239,-0.003,-0.016,0.725,0.088,404,0,1.934,-1.046,719.000,195.000,761.000,285.000,25.470,-2.130,-1.350,0.880,0.520,1.780,-0.550
1382,727,3404.000,37.793,-4.732,0.225,-0.026,0.715,NaN,404,0,2.434,-1.319,766.000,198.000,809.000,265.000,NaN,NaN,NaN,NaN,NaN,NaN,NaN
1383,405,3405.000,72.565,-37.299,0.326,-0.561,NaN,NaN,405,0,-1.642,-1.327,NaN,NaN,NaN,NaN,NaN,NaN,NaN,NaN,NaN,NaN,NaN
1384,536,3405.000,25.381,-2.164,-0.015,0.004,0.705,0.034,405,0,1.782,-1.448,719.000,195.000,761.000,285.000,25.340,-2.040,-1.260,0.800,0.550,1.780,-0.095
1385,727,3405.000,38.372,-4.806,0.232,-0.028,0.712,NaN,405,0,2.280,-1.320,767.000,198.000,809.000,265.000,NaN,NaN,NaN,NaN,NaN,NaN,NaN
1386,405,3406.000,72.891,-37.860,0.325,-0.561,NaN,NaN,406,0,-0.693,-1.327,NaN,NaN,NaN,NaN,NaN,NaN,NaN,NaN,NaN,NaN,NaN
1387,536,3406.000,25.365,-2.160,-0.015,0.005,NaN,NaN,406,0,-1.642,-1.326,NaN,NaN,NaN,NaN,NaN,NaN,NaN,NaN,NaN,NaN,NaN
1388,727,3406.000,38.835,-4.858,0.239,-0.024,0.712,NaN,406,0,2.280,-1.320,767.000,198.000,809.000,265.000,NaN,NaN,NaN,NaN,NaN,NaN,NaN
1389,405,3407.000,73.217,-38.421,0.325,-0.561,NaN,NaN,407,0,-0.587,-1.327,NaN,NaN,NaN,NaN,NaN,NaN,NaN,NaN,NaN,NaN,NaN
1390,536,3407.000,25.404,-2.118,-0.003,0.014,0.706,0.011,407,0,1.782,-1.501,719.000,195.000,761.000,285.000,25.460,-2.080,-1.220,0.870,0.500,1.830,-0.440
1391,727,3407.000,39.324,-4.921,0.243,-0.026,0.711,NaN,407,0,2.280,-1.321,767.000,198.000,809.000,265.000,NaN,NaN,NaN,NaN,NaN,NaN,NaN
1392,405,3408.000,73.542,-38.981,0.325,-0.560,NaN,NaN,408,0,-1.876,-1.327,NaN,NaN,NaN,NaN,NaN,NaN,NaN,NaN,NaN,NaN,NaN
1393,536,3408.000,25.411,-2.106,-0.001,0.012,0.713,0.107,408,0,1.782,-0.981,720.000,195.000,761.000,285.000,25.430,-2.120,-1.260,0.780,0.520,1.850,-0.194
1394,727,3408.000,39.704,-4.973,0.246,-0.028,0.716,NaN,408,0,2.434,-1.321,767.000,198.000,809.000,265.000,NaN,NaN,NaN,NaN,NaN,NaN,NaN
1395,405,3409.000,73.867,-39.540,0.324,-0.559,NaN,NaN,409,0,-0.483,-1.327,NaN,NaN,NaN,NaN,NaN,NaN,NaN,NaN,NaN,NaN,NaN
1396,536,3409.000,25.408,-2.095,-0.002,0.012,NaN,NaN,409,0,-1.688,-1.327,NaN,NaN,NaN,NaN,NaN,NaN,NaN,NaN,NaN,NaN,NaN
1397,727,3409.000,40.059,-5.022,0.248,-0.031,0.716,NaN,409,0,2.434,-1.321,767.000,198.000,809.000,265.000,NaN,NaN,NaN,NaN,NaN,NaN,NaN
1398,405,3410.000,74.192,-40.098,0.325,-0.559,NaN,NaN,410,0,-1.024,-1.327,NaN,NaN,NaN,NaN,NaN,NaN,NaN,NaN,NaN,NaN,NaN
1399,536,3410.000,25.413,-2.097,-0.000,0.008,0.704,0.589,410,0,1.628,0.389,719.000,195.000,760.000,284.000,25.420,-2.120,-1.260,0.910,0.560,1.970,-0.551
1400,727,3410.000,40.441,-5.071,0.252,-0.031,0.716,NaN,410,0,2.434,-1.322,766.000,198.000,809.000,265.000,NaN,NaN,NaN,NaN,NaN,NaN,NaN
1401,405,3411.000,74.518,-40.657,0.325,-0.558,NaN,NaN,411,0,-2.216,-0.761,NaN,NaN,NaN,NaN,NaN,NaN,NaN,NaN,NaN,NaN,NaN
1402,536,3411.000,25.469,-2.108,0.013,0.003,0.642,0.110,411,0,0.809,-1.051,719.000,196.000,761.000,280.000,25.540,-2.140,-1.290,0.930,0.530,1.940,-0.696
1403,727,3411.000,40.873,-5.131,0.257,-0.032,0.747,NaN,411,0,2.906,-1.322,767.000,198.000,810.000,266.000,NaN,NaN,NaN,NaN,NaN,NaN,NaN
1404,405,3412.000,74.842,-41.215,0.324,-0.558,NaN,NaN,412,0,-2.640,-1.327,NaN,NaN,NaN,NaN,NaN,NaN,NaN,NaN,NaN,NaN,NaN
1405,536,3412.000,25.457,-1.817,0.003,0.063,0.026,NaN,412,0,-2.815,-1.327,698.000,203.000,721.000,244.000,NaN,NaN,NaN,NaN,NaN,NaN,NaN
1406,727,3412.000,41.265,-5.176,0.263,-0.032,0.747,NaN,412,0,2.906,-1.323,767.000,198.000,809.000,266.000,NaN,NaN,NaN,NaN,NaN,NaN,NaN
1407,405,3413.000,75.166,-41.773,0.324,-0.558,NaN,NaN,413,0,-2.320,-1.327,NaN,NaN,NaN,NaN,NaN,NaN,NaN,NaN,NaN,NaN,NaN
1408,536,3413.000,25.497,-1.835,0.008,0.049,0.183,0.031,413,0,-1.524,-1.449,698.000,203.000,722.000,269.000,25.490,-2.060,-1.240,1.890,0.530,1.870,-0.412
1409,727,3413.000,41.843,-5.253,0.270,-0.034,0.741,NaN,413,0,2.746,-1.323,767.000,198.000,809.000,264.000,NaN,NaN,NaN,NaN,NaN,NaN,NaN
1410,405,3414.000,75.491,-42.331,0.325,-0.558,NaN,NaN,414,0,-2.320,-1.327,NaN,NaN,NaN,NaN,NaN,NaN,NaN,NaN,NaN,NaN,NaN
1411,536,3414.000,25.500,-1.725,0.004,0.066,0.348,NaN,414,0,-0.640,-1.327,697.000,204.000,721.000,267.000,NaN,NaN,NaN,NaN,NaN,NaN,NaN
1412,727,3414.000,42.387,-5.326,0.273,-0.036,0.746,NaN,414,0,2.906,-1.323,767.000,198.000,809.000,264.000,NaN,NaN,NaN,NaN,NaN,NaN,NaN
1413,405,3415.000,75.815,-42.890,0.324,-0.559,NaN,NaN,415,0,-2.822,-1.327,NaN,NaN,NaN,NaN,NaN,NaN,NaN,NaN,NaN,NaN,NaN
1414,536,3415.000,25.505,-1.676,0.005,0.059,0.374,NaN,415,0,-0.535,-1.327,697.000,204.000,722.000,265.000,NaN,NaN,NaN,NaN,NaN,NaN,NaN
1415,727,3415.000,42.916,-5.396,0.277,-0.037,0.740,NaN,415,0,2.746,-1.324,767.000,198.000,809.000,264.000,NaN,NaN,NaN,NaN,NaN,NaN,NaN
1416,405,3416.000,76.138,-43.449,0.323,-0.560,NaN,NaN,416,0,-2.058,-1.327,NaN,NaN,NaN,NaN,NaN,NaN,NaN,NaN,NaN,NaN,NaN
1417,536,3416.000,25.795,-1.651,0.056,0.056,0.456,0.262,416,0,-0.288,-0.607,697.000,203.000,721.000,287.000,25.900,-1.680,-1.320,1.010,0.550,1.910,2.763
1418,727,3416.000,43.422,-5.461,0.279,-0.038,0.737,NaN,416,0,2.746,-1.324,767.000,198.000,809.000,264.000,NaN,NaN,NaN,NaN,NaN,NaN,NaN
1419,405,3417.000,76.462,-44.010,0.323,-0.561,NaN,NaN,417,0,-1.937,-1.327,NaN,NaN,NaN,NaN,NaN,NaN,NaN,NaN,NaN,NaN,NaN
1420,536,3417.000,25.844,-1.660,0.056,0.035,0.465,NaN,417,0,0.057,-1.327,697.000,203.000,722.000,283.000,NaN,NaN,NaN,NaN,NaN,NaN,NaN
1421,727,3417.000,43.929,-5.522,0.282,-0.036,0.738,NaN,417,0,2.746,-1.324,767.000,198.000,809.000,264.000,NaN,NaN,NaN,NaN,NaN,NaN,NaN
1422,874,3417.000,25.560,-2.120,0.000,0.000,0.679,0.135,417,0,1.117,-0.961,719.000,196.000,761.000,277.000,25.560,-2.120,-1.300,0.850,0.480,1.720,-1.278
1423,405,3418.000,76.784,-44.571,0.323,-0.561,NaN,NaN,418,0,-1.997,-1.327,NaN,NaN,NaN,NaN,NaN,NaN,NaN,NaN,NaN,NaN,NaN
1424,536,3418.000,25.905,-1.682,0.054,0.019,0.400,NaN,418,0,-0.565,-1.327,698.000,206.000,721.000,265.000,NaN,NaN,NaN,NaN,NaN,NaN,NaN
1425,727,3418.000,45.214,-5.671,0.302,-0.035,0.735,NaN,418,0,2.590,-1.324,767.000,198.000,809.000,264.000,NaN,NaN,NaN,NaN,NaN,NaN,NaN
1426,874,3418.000,25.549,-2.123,-0.012,-0.010,NaN,NaN,418,0,-2.549,-1.327,NaN,NaN,NaN,NaN,NaN,NaN,NaN,NaN,NaN,NaN,NaN
1427,405,3419.000,77.106,-45.133,0.322,-0.561,NaN,NaN,419,0,-1.876,-1.327,NaN,NaN,NaN,NaN,NaN,NaN,NaN,NaN,NaN,NaN,NaN
1428,536,3419.000,26.001,-1.677,0.059,0.015,NaN,0.395,419,0,-3.127,-0.353,691.000,203.000,726.000,295.000,25.980,-1.700,-1.350,0.850,0.510,1.730,2.896
1429,727,3419.000,45.749,-5.729,0.307,-0.034,0.750,NaN,419,0,2.906,-1.325,766.000,198.000,809.000,265.000,NaN,NaN,NaN,NaN,NaN,NaN,NaN
1430,874,3419.000,25.551,-2.106,-0.010,0.001,0.677,0.185,419,0,1.117,-0.839,719.000,196.000,761.000,284.000,25.550,-2.080,-1.310,0.810,0.580,1.760,-0.121
1431,405,3420.000,77.426,-45.694,0.320,-0.561,NaN,NaN,420,0,-4.059,-2.155,NaN,NaN,NaN,NaN,NaN,NaN,NaN,NaN,NaN,NaN,NaN
1432,536,3420.000,26.028,-1.662,0.055,0.012,0.100,0.096,420,0,-2.160,-1.080,696.000,202.000,723.000,274.000,25.970,-1.670,-1.240,0.780,0.610,1.760,-0.735
1433,727,3420.000,46.261,-5.787,0.310,-0.034,0.744,NaN,420,0,2.746,-1.325,766.000,198.000,810.000,266.000,NaN,NaN,NaN,NaN,NaN,NaN,NaN
1434,874,3420.000,25.537,-2.100,-0.014,0.005,0.642,0.185,420,0,0.809,-0.811,719.000,196.000,764.000,271.000,25.520,-2.100,-1.300,0.900,0.490,1.680,0.137
1435,405,3421.000,77.746,-46.254,0.320,-0.560,NaN,NaN,421,0,-2.249,-1.327,NaN,NaN,NaN,NaN,NaN,NaN,NaN,NaN,NaN,NaN,NaN
1436,536,3421.000,26.084,-1.651,0.056,0.012,NaN,NaN,421,0,-2.506,-1.327,NaN,NaN,NaN,NaN,NaN,NaN,NaN,NaN,NaN,NaN,NaN
1437,727,3421.000,46.743,-5.843,0.312,-0.034,0.744,NaN,421,0,2.746,-1.325,766.000,198.000,810.000,266.000,NaN,NaN,NaN,NaN,NaN,NaN,NaN
1438,874,3421.000,25.523,-2.093,-0.015,0.007,NaN,NaN,421,0,-2.653,-1.327,NaN,NaN,NaN,NaN,NaN,NaN,NaN,NaN,NaN,NaN,NaN
1439,405,3422.000,78.066,-46.814,0.321,-0.560,NaN,NaN,422,0,-2.998,-1.327,NaN,NaN,NaN,NaN,NaN,NaN,NaN,NaN,NaN,NaN,NaN
1440,536,3422.000,26.070,-1.656,0.042,0.005,0.171,0.121,422,0,-1.737,-1.022,694.000,203.000,722.000,286.000,26.000,-1.690,-1.210,0.840,0.540,1.760,-0.390
1441,727,3422.000,47.199,-5.899,0.314,-0.036,0.749,NaN,422,0,2.906,-1.325,766.000,198.000,810.000,266.000,NaN,NaN,NaN,NaN,NaN,NaN,NaN
1442,874,3422.000,25.470,-2.083,-0.030,0.006,0.646,0.087,422,0,1.116,-1.047,719.000,196.000,764.000,269.000,25.460,-2.100,-1.420,0.800,0.580,1.750,-0.692
1443,405,3423.000,78.385,-47.376,0.319,-0.561,NaN,NaN,423,0,-2.805,-1.327,NaN,NaN,NaN,NaN,NaN,NaN,NaN,NaN,NaN,NaN,NaN
1444,536,3423.000,26.111,-1.698,0.039,-0.006,0.075,0.745,423,0,-2.442,0.988,694.000,202.000,729.000,285.000,26.120,-1.760,-1.260,1.790,0.550,1.920,-0.795
1445,727,3423.000,47.630,-5.957,0.315,-0.038,0.752,NaN,423,0,2.906,-1.325,766.000,198.000,810.000,266.000,NaN,NaN,NaN,NaN,NaN,NaN,NaN
1446,874,3423.000,25.498,-2.084,-0.014,0.004,0.652,0.102,423,0,0.873,-1.080,719.000,196.000,764.000,268.000,25.540,-2.090,-1.300,0.870,0.530,1.770,0.124
1447,405,3424.000,78.705,-47.937,0.319,-0.561,NaN,NaN,424,0,-2.320,-1.327,NaN,NaN,NaN,NaN,NaN,NaN,NaN,NaN,NaN,NaN,NaN
1448,536,3424.000,26.148,-1.713,0.037,-0.008,0.137,NaN,424,0,-1.610,-1.327,694.000,202.000,723.000,280.000,NaN,NaN,NaN,NaN,NaN,NaN,NaN
1449,727,3424.000,48.046,-6.016,0.318,-0.041,0.758,NaN,424,0,3.077,-1.326,766.000,198.000,810.000,266.000,NaN,NaN,NaN,NaN,NaN,NaN,NaN
1450,874,3424.000,25.484,-2.080,-0.014,0.004,NaN,NaN,424,0,-2.653,-1.327,NaN,NaN,NaN,NaN,NaN,NaN,NaN,NaN,NaN,NaN,NaN
1451,405,3425.000,79.025,-48.498,0.318,-0.561,NaN,NaN,425,0,-2.404,-1.327,NaN,NaN,NaN,NaN,NaN,NaN,NaN,NaN,NaN,NaN,NaN
1452,536,3425.000,26.157,-1.719,0.029,-0.007,0.031,0.119,425,0,-3.013,-1.022,693.000,202.000,723.000,278.000,26.120,-1.710,-1.210,0.720,0.520,1.700,-1.460
1453,727,3425.000,48.387,-6.073,0.321,-0.045,0.751,NaN,425,0,2.906,-1.326,766.000,198.000,810.000,265.000,NaN,NaN,NaN,NaN,NaN,NaN,NaN
1454,874,3425.000,25.482,-2.089,-0.010,0.001,0.686,0.169,425,0,1.488,-0.791,718.000,196.000,764.000,269.000,25.470,-2.120,-1.210,0.900,0.580,1.680,-0.386
1455,405,3426.000,79.343,-49.060,0.318,-0.562,NaN,NaN,426,0,-2.320,-1.327,NaN,NaN,NaN,NaN,NaN,NaN,NaN,NaN,NaN,NaN,NaN
1456,536,3426.000,26.155,-1.708,0.022,-0.002,0.029,0.064,426,0,-3.013,-1.294,690.000,211.000,720.000,292.000,26.100,-1.660,-1.300,0.880,0.530,1.820,-0.805
1457,727,3426.000,48.551,-5.999,0.317,-0.027,0.083,NaN,426,0,-2.179,-1.326,766.000,212.000,797.000,263.000,NaN,NaN,NaN,NaN,NaN,NaN,NaN
1458,874,3426.000,25.483,-2.097,-0.008,-0.001,0.690,0.025,426,0,1.488,-1.448,719.000,196.000,764.000,269.000,25.480,-2.110,-1.260,0.960,0.510,1.810,-0.354
1459,405,3427.000,79.662,-49.623,0.319,-0.563,NaN,NaN,427,0,-1.937,-1.327,NaN,NaN,NaN,NaN,NaN,NaN,NaN,NaN,NaN,NaN,NaN
1460,536,3427.000,26.175,-1.750,0.023,-0.011,0.039,NaN,427,0,-2.435,-1.327,693.000,203.000,734.000,274.000,NaN,NaN,NaN,NaN,NaN,NaN,NaN
1461,727,3427.000,49.136,-6.088,0.324,-0.031,0.764,NaN,427,0,3.077,-1.326,766.000,197.000,810.000,266.000,NaN,NaN,NaN,NaN,NaN,NaN,NaN
1462,874,3427.000,25.466,-2.179,-0.013,-0.017,0.730,NaN,427,0,2.590,-1.327,719.000,196.000,764.000,268.000,NaN,NaN,NaN,NaN,NaN,NaN,NaN
1463,405,3428.000,79.981,-50.188,0.318,-0.564,NaN,NaN,428,0,-2.404,-1.327,NaN,NaN,NaN,NaN,NaN,NaN,NaN,NaN,NaN,NaN,NaN
1464,536,3428.000,26.099,-1.726,-0.000,-0.006,0.034,0.078,428,0,-3.013,-1.162,693.000,203.000,734.000,279.000,26.010,-1.680,-1.270,0.800,0.540,1.800,-2.024
1465,727,3428.000,49.691,-6.178,0.327,-0.038,0.774,NaN,428,0,3.261,-1.306,766.000,198.000,810.000,266.000,NaN,NaN,NaN,NaN,NaN,NaN,NaN
1466,874,3428.000,25.457,-2.135,-0.011,-0.003,0.699,0.026,428,0,1.628,-1.448,718.000,196.000,764.000,270.000,25.460,-2.090,-1.260,0.850,0.550,1.880,-0.106
1467,405,3429.000,80.300,-50.752,0.317,-0.564,NaN,NaN,429,0,-2.257,-1.246,NaN,NaN,NaN,NaN,NaN,NaN,NaN,NaN,NaN,NaN,NaN
1468,536,3429.000,26.077,-1.705,-0.006,-0.000,0.291,0.186,429,0,-1.057,-0.811,692.000,203.000,721.000,276.000,26.060,-1.660,-1.290,0.700,0.650,1.750,0.172
1469,727,3429.000,50.240,-6.273,0.331,-0.044,0.750,NaN,429,0,2.906,-1.289,767.000,198.000,810.000,265.000,NaN,NaN,NaN,NaN,NaN,NaN,NaN
1470,874,3429.000,25.471,-2.122,-0.006,-0.000,0.037,0.410,429,0,-2.781,-0.220,693.000,203.000,720.000,249.000,25.490,-2.110,-1.320,0.810,0.580,1.750,-0.361
1471,405,3430.000,80.616,-51.315,0.316,-0.563,NaN,NaN,430,0,-1.693,-1.327,NaN,NaN,NaN,NaN,NaN,NaN,NaN,NaN,NaN,NaN,NaN
1472,536,3430.000,26.075,-1.687,-0.005,0.004,0.442,NaN,430,0,0.021,-1.327,692.000,203.000,721.000,284.000,NaN,NaN,NaN,NaN,NaN,NaN,NaN
1473,727,3430.000,50.788,-6.361,0.335,-0.046,0.757,NaN,430,0,3.077,-1.015,767.000,198.000,810.000,265.000,NaN,NaN,NaN,NaN,NaN,NaN,NaN
1474,874,3430.000,25.456,-2.177,-0.011,-0.013,0.645,NaN,430,0,1.595,-1.327,718.000,194.000,762.000,282.000,NaN,NaN,NaN,NaN,NaN,NaN,NaN
1475,405,3431.000,80.931,-51.878,0.316,-0.564,NaN,NaN,431,0,-1.598,-1.327,NaN,NaN,NaN,NaN,NaN,NaN,NaN,NaN,NaN,NaN,NaN
1476,536,3431.000,26.061,-1.678,-0.008,0.004,0.388,0.361,431,0,-0.705,-0.405,692.000,203.000,720.000,282.000,26.040,-1.670,-1.370,0.980,0.480,1.830,-0.408
1477,727,3431.000,51.341,-6.453,0.342,-0.053,0.766,NaN,431,0,3.261,-0.000,767.000,198.000,810.000,265.000,NaN,NaN,NaN,NaN,NaN,NaN,NaN
1478,874,3431.000,25.436,-2.164,-0.013,-0.006,0.618,0.682,431,0,0.943,0.685,718.000,194.000,762.000,280.000,25.420,-2.140,-1.260,0.890,0.480,1.690,-0.200
1479,405,3432.000,81.247,-52.442,0.316,-0.564,NaN,NaN,432,0,-1.642,-1.327,NaN,NaN,NaN,NaN,NaN,NaN,NaN,NaN,NaN,NaN,NaN
1480,536,3432.000,26.041,-1.664,-0.013,0.006,0.323,0.666,432,0,-0.991,0.512,693.000,203.000,720.000,278.000,26.020,-1.650,-1.290,0.800,0.570,1.800,-0.107
1481,727,3432.000,51.906,-6.539,0.345,-0.055,0.763,NaN,432,0,3.077,-0.000,767.000,198.000,810.000,265.000,NaN,NaN,NaN,NaN,NaN,NaN,NaN
1482,874,3432.000,25.420,-2.132,-0.012,0.004,0.611,0.435,432,0,0.892,-0.136,718.000,194.000,762.000,274.000,25.420,-2.080,-1.320,0.800,0.560,1.800,-0.276
1483,405,3433.000,81.563,-53.004,0.317,-0.562,NaN,NaN,433,0,-1.511,-1.327,NaN,NaN,NaN,NaN,NaN,NaN,NaN,NaN,NaN,NaN,NaN
1484,536,3433.000,26.035,-1.660,-0.012,0.006,0.462,NaN,433,0,-0.011,-1.327,692.000,203.000,720.000,277.000,NaN,NaN,NaN,NaN,NaN,NaN,NaN
1485,727,3433.000,52.412,-6.616,0.349,-0.057,0.760,NaN,433,0,3.077,-0.000,767.000,198.000,810.000,265.000,NaN,NaN,NaN,NaN,NaN,NaN,NaN
1486,874,3433.000,25.401,-2.179,-0.014,-0.009,0.659,NaN,433,0,1.803,-1.327,718.000,194.000,762.000,279.000,NaN,NaN,NaN,NaN,NaN,NaN,NaN
1487,405,3434.000,81.881,-53.567,0.317,-0.563,NaN,NaN,434,0,-1.556,-1.327,NaN,NaN,NaN,NaN,NaN,NaN,NaN,NaN,NaN,NaN,NaN
1488,536,3434.000,26.053,-1.676,-0.006,0.001,0.494,0.624,434,0,-0.068,0.352,693.000,203.000,720.000,280.000,26.070,-1.730,-1.270,1.140,0.610,1.840,-0.661
1489,727,3434.000,52.863,-6.679,0.354,-0.057,0.750,NaN,434,0,2.906,-0.000,766.000,198.000,810.000,265.000,NaN,NaN,NaN,NaN,NaN,NaN,NaN
1490,874,3434.000,25.445,-2.147,0.004,0.002,0.669,0.146,434,0,1.273,-0.854,718.000,194.000,762.000,278.000,25.490,-2.090,-1.280,0.890,0.520,1.790,-0.096
1491,405,3435.000,82.197,-54.131,0.316,-0.563,NaN,NaN,435,0,1.516,-1.540,NaN,NaN,NaN,NaN,NaN,NaN,NaN,NaN,NaN,NaN,NaN
1492,536,3435.000,26.047,-1.672,-0.008,0.001,0.493,0.670,435,0,-0.068,0.512,693.000,202.000,720.000,280.000,26.050,-1.670,-1.320,0.910,0.460,1.720,-0.135
1493,727,3435.000,53.291,-6.735,0.356,-0.056,0.750,NaN,435,0,2.906,-0.000,766.000,198.000,810.000,265.000,NaN,NaN,NaN,NaN,NaN,NaN,NaN
1494,874,3435.000,25.463,-2.131,0.007,0.003,NaN,0.579,435,0,-3.017,0.359,711.000,198.000,751.000,293.000,25.460,-2.110,-1.270,0.860,0.520,1.740,-0.356
1495,405,3436.000,82.514,-54.694,0.317,-0.563,NaN,NaN,436,0,-0.279,-1.327,NaN,NaN,NaN,NaN,NaN,NaN,NaN,NaN,NaN,NaN,NaN
1496,536,3436.000,26.042,-1.674,-0.007,-0.001,0.556,NaN,436,0,0.903,-1.327,693.000,202.000,720.000,285.000,NaN,NaN,NaN,NaN,NaN,NaN,NaN
1497,727,3436.000,53.722,-6.787,0.358,-0.054,0.747,NaN,436,0,2.906,-0.000,766.000,198.000,810.000,265.000,NaN,NaN,NaN,NaN,NaN,NaN,NaN
1498,874,3436.000,25.460,-2.183,0.004,-0.010,0.693,NaN,436,0,2.173,-1.327,719.000,194.000,761.000,282.000,NaN,NaN,NaN,NaN,NaN,NaN,NaN
1499,405,3437.000,82.831,-55.258,0.317,-0.564,NaN,NaN,437,0,-2.487,-1.673,NaN,NaN,NaN,NaN,NaN,NaN,NaN,NaN,NaN,NaN,NaN
1500,536,3437.000,26.020,-1.682,-0.011,-0.002,0.531,0.310,437,0,0.197,-0.508,694.000,203.000,721.000,286.000,26.010,-1.690,-1.270,0.730,0.550,1.700,-0.119
1501,727,3437.000,54.178,-6.842,0.360,-0.053,0.748,NaN,437,0,2.906,-0.000,766.000,198.000,810.000,265.000,NaN,NaN,NaN,NaN,NaN,NaN,NaN
1502,874,3437.000,25.441,-2.183,-0.000,-0.008,0.709,0.124,437,0,1.782,-0.951,719.000,194.000,761.000,285.000,25.420,-2.140,-1.310,0.820,0.540,1.720,-0.494
1503,405,3438.000,83.149,-55.822,0.317,-0.564,NaN,NaN,438,0,-1.012,-1.327,NaN,NaN,NaN,NaN,NaN,NaN,NaN,NaN,NaN,NaN,NaN
1504,536,3438.000,26.000,-1.690,-0.011,-0.003,0.430,0.343,438,0,-0.526,-0.448,697.000,202.000,722.000,284.000,25.990,-1.690,-1.290,0.780,0.550,1.700,-0.092
1505,727,3438.000,54.452,-6.867,0.355,-0.050,0.748,NaN,438,0,2.906,-0.000,766.000,199.000,809.000,265.000,NaN,NaN,NaN,NaN,NaN,NaN,NaN
1506,874,3438.000,25.438,-2.223,-0.003,-0.016,0.621,NaN,438,0,1.393,-1.326,719.000,196.000,760.000,285.000,NaN,NaN,NaN,NaN,NaN,NaN,NaN
1507,405,3439.000,83.468,-56.383,0.318,-0.562,NaN,NaN,439,0,-1.064,-1.327,NaN,NaN,NaN,NaN,NaN,NaN,NaN,NaN,NaN,NaN,NaN
1508,536,3439.000,25.987,-1.702,-0.010,-0.004,0.553,NaN,439,0,0.829,-1.327,696.000,203.000,721.000,285.000,NaN,NaN,NaN,NaN,NaN,NaN,NaN
1509,727,3439.000,54.930,-6.919,0.358,-0.049,0.754,NaN,439,0,2.906,-0.000,766.000,199.000,809.000,265.000,NaN,NaN,NaN,NaN,NaN,NaN,NaN
1510,874,3439.000,25.438,-2.249,-0.002,-0.020,0.555,NaN,439,0,0.829,-1.326,719.000,196.000,759.000,285.000,NaN,NaN,NaN,NaN,NaN,NaN,NaN
1511,405,3440.000,83.786,-56.945,0.317,-0.563,NaN,NaN,440,0,-0.959,-1.327,NaN,NaN,NaN,NaN,NaN,NaN,NaN,NaN,NaN,NaN,NaN
1512,536,3440.000,26.017,-1.701,-0.003,-0.004,0.644,0.036,440,0,0.809,-1.451,696.000,202.000,721.000,289.000,26.030,-1.680,-1.260,0.910,0.450,1.670,-0.500
1513,727,3440.000,55.403,-6.971,0.362,-0.047,0.753,NaN,440,0,2.906,-0.000,766.000,198.000,809.000,265.000,NaN,NaN,NaN,NaN,NaN,NaN,NaN
1514,874,3440.000,25.448,-2.194,0.002,-0.003,0.687,0.062,440,0,1.488,-1.228,719.000,195.000,760.000,284.000,25.440,-2.070,-1.300,0.880,0.520,1.760,-0.299
1515,405,3441.000,84.103,-57.507,0.318,-0.562,NaN,NaN,441,0,-0.959,-1.327,NaN,NaN,NaN,NaN,NaN,NaN,NaN,NaN,NaN,NaN,NaN
1516,536,3441.000,26.026,-1.712,-0.002,-0.008,0.624,0.209,441,0,0.705,-0.760,695.000,202.000,721.000,288.000,26.020,-1.720,-1.350,0.860,0.540,1.710,-0.261
1517,727,3441.000,55.882,-7.025,0.364,-0.045,0.756,NaN,441,0,3.077,-0.000,766.000,198.000,809.000,265.000,NaN,NaN,NaN,NaN,NaN,NaN,NaN
1518,874,3441.000,25.430,-2.161,-0.001,0.005,NaN,0.012,441,0,-3.017,-1.501,698.000,203.000,764.000,304.000,25.410,-2.110,-1.390,1.780,0.550,1.820,-0.500
1519,405,3442.000,84.419,-58.069,0.317,-0.563,NaN,NaN,442,0,-1.012,-1.327,NaN,NaN,NaN,NaN,NaN,NaN,NaN,NaN,NaN,NaN,NaN
1520,536,3442.000,26.025,-1.711,-0.001,-0.005,0.550,NaN,442,0,0.829,-1.327,696.000,201.000,721.000,287.000,NaN,NaN,NaN,NaN,NaN,NaN,NaN
1521,727,3442.000,56.413,-7.092,0.365,-0.045,0.753,NaN,442,0,2.906,-0.000,766.000,198.000,810.000,265.000,NaN,NaN,NaN,NaN,NaN,NaN,NaN
1522,874,3442.000,25.434,-2.199,0.003,-0.005,0.622,NaN,442,0,1.393,-1.326,719.000,196.000,760.000,283.000,NaN,NaN,NaN,NaN,NaN,NaN,NaN
1523,405,3443.000,84.736,-58.632,0.317,-0.563,NaN,NaN,443,0,-0.959,-1.327,NaN,NaN,NaN,NaN,NaN,NaN,NaN,NaN,NaN,NaN,NaN
1524,536,3443.000,25.947,-1.709,-0.016,-0.003,0.123,0.269,443,0,-2.044,-0.576,696.000,202.000,721.000,287.000,25.910,-1.680,-1.380,0.980,0.470,1.870,2.833
1525,727,3443.000,56.991,-7.166,0.369,-0.046,0.738,NaN,443,0,2.746,-0.000,766.000,198.000,810.000,265.000,NaN,NaN,NaN,NaN,NaN,NaN,NaN
1526,874,3443.000,25.501,-2.179,0.014,0.002,0.654,0.074,443,0,0.873,-1.221,718.000,196.000,760.000,281.000,25.550,-2.140,-1.320,2.030,0.520,1.940,-0.384
1527,405,3444.000,85.053,-59.195,0.316,-0.564,NaN,NaN,444,0,-0.905,-1.327,NaN,NaN,NaN,NaN,NaN,NaN,NaN,NaN,NaN,NaN,NaN
1528,536,3444.000,25.950,-1.689,-0.010,0.002,0.575,0.186,444,0,0.441,-0.811,696.000,203.000,720.000,288.000,26.000,-1.650,-1.280,1.030,0.510,1.930,-2.886
1529,727,3444.000,57.614,-7.246,0.373,-0.046,0.742,NaN,444,0,2.746,-0.000,766.000,198.000,810.000,266.000,NaN,NaN,NaN,NaN,NaN,NaN,NaN
1530,874,3444.000,25.503,-2.179,0.011,0.001,0.674,0.018,444,0,1.273,-1.483,719.000,195.000,760.000,283.000,25.490,-2.190,-1.400,0.780,0.600,1.780,-1.084
1531,405,3445.000,85.368,-59.761,0.315,-0.566,NaN,NaN,445,0,-1.141,-1.327,NaN,NaN,NaN,NaN,NaN,NaN,NaN,NaN,NaN,NaN,NaN
1532,536,3445.000,25.934,-1.715,-0.010,-0.006,0.472,NaN,445,0,0.237,-1.327,698.000,203.000,721.000,287.000,NaN,NaN,NaN,NaN,NaN,NaN,NaN
1533,727,3445.000,58.279,-7.326,0.376,-0.047,0.737,NaN,445,0,2.746,-0.000,766.000,198.000,809.000,265.000,NaN,NaN,NaN,NaN,NaN,NaN,NaN
1534,874,3445.000,25.513,-2.218,0.009,-0.009,0.648,NaN,445,0,1.698,-1.326,720.000,196.000,760.000,281.000,NaN,NaN,NaN,NaN,NaN,NaN,NaN
1535,405,3446.000,85.683,-60.326,0.315,-0.565,NaN,NaN,446,0,-1.181,-1.327,NaN,NaN,NaN,NaN,NaN,NaN,NaN,NaN,NaN,NaN,NaN
1536,536,3446.000,25.965,-1.716,0.001,-0.003,0.502,0.931,446,0,-0.010,4.914,698.000,203.000,720.000,266.000,26.020,-1.690,-1.320,0.810,0.580,1.880,-0.223
1537,727,3446.000,58.824,-7.383,0.378,-0.046,0.732,NaN,446,0,2.590,-0.000,767.000,198.000,809.000,264.000,NaN,NaN,NaN,NaN,NaN,NaN,NaN
1538,874,3446.000,25.508,-2.176,0.007,0.007,0.691,0.311,446,0,1.231,-0.508,718.000,196.000,760.000,279.000,25.510,-2.090,-1.230,0.860,0.560,1.760,0.006
1539,405,3447.000,85.996,-60.891,0.314,-0.565,NaN,NaN,447,0,-2.272,-1.327,NaN,NaN,NaN,NaN,NaN,NaN,NaN,NaN,NaN,NaN,NaN
1540,536,3447.000,25.962,-1.704,0.002,0.002,0.535,0.952,447,0,0.265,4.938,697.000,203.000,720.000,285.000,25.940,-1.670,-1.320,0.880,0.500,1.810,-3.181
1541,727,3447.000,59.284,-7.439,0.379,-0.046,0.760,NaN,447,0,3.077,-0.000,767.000,198.000,809.000,265.000,NaN,NaN,NaN,NaN,NaN,NaN,NaN
1542,874,3447.000,25.489,-2.135,0.001,0.017,0.708,0.689,447,0,1.782,0.744,719.000,196.000,763.000,286.000,25.470,-2.080,-1.310,0.910,0.460,1.790,-0.400
1543,405,3448.000,86.309,-61.456,0.314,-0.564,NaN,NaN,448,0,-2.058,-1.327,NaN,NaN,NaN,NaN,NaN,NaN,NaN,NaN,NaN,NaN,NaN
1544,536,3448.000,25.966,-1.694,0.002,0.003,0.621,NaN,448,0,1.393,-1.327,696.000,203.000,720.000,284.000,NaN,NaN,NaN,NaN,NaN,NaN,NaN
1545,727,3448.000,59.770,-7.497,0.380,-0.045,0.761,NaN,448,0,3.077,-0.000,767.000,198.000,809.000,265.000,NaN,NaN,NaN,NaN,NaN,NaN,NaN
1546,874,3448.000,25.481,-2.174,-0.004,0.004,0.702,NaN,448,0,2.315,-1.327,719.000,198.000,759.000,282.000,NaN,NaN,NaN,NaN,NaN,NaN,NaN
1547,405,3449.000,86.623,-62.020,0.314,-0.565,NaN,NaN,449,0,-2.571,-1.327,NaN,NaN,NaN,NaN,NaN,NaN,NaN,NaN,NaN,NaN,NaN
1548,536,3449.000,25.998,-1.699,0.004,0.000,0.260,0.253,449,0,-1.214,-0.639,698.000,204.000,720.000,282.000,26.010,-1.710,-1.230,0.870,0.580,1.720,0.010
1549,727,3449.000,60.283,-7.558,0.381,-0.045,0.765,NaN,449,0,3.261,-0.000,767.000,199.000,809.000,265.000,NaN,NaN,NaN,NaN,NaN,NaN,NaN
1550,874,3449.000,25.476,-2.170,-0.005,0.004,NaN,NaN,449,0,-2.397,-1.326,NaN,NaN,NaN,NaN,NaN,NaN,NaN,NaN,NaN,NaN,NaN
1551,405,3450.000,86.937,-62.582,0.314,-0.563,NaN,NaN,450,0,-2.571,-1.327,NaN,NaN,NaN,NaN,NaN,NaN,NaN,NaN,NaN,NaN,NaN
1552,536,3450.000,25.999,-1.681,0.002,0.005,0.044,0.108,450,0,-2.902,-1.051,696.000,212.000,721.000,279.000,26.000,-1.650,-1.290,0.840,0.560,1.800,-0.210
1553,727,3450.000,60.822,-7.630,0.385,-0.048,0.732,NaN,450,0,2.590,-0.000,767.000,198.000,810.000,265.000,NaN,NaN,NaN,NaN,NaN,NaN,NaN
1554,874,3450.000,25.465,-2.142,-0.006,0.009,0.710,0.094,450,0,1.782,-1.047,718.000,197.000,761.000,287.000,25.440,-2.130,-1.250,0.840,0.550,1.840,-0.067
1555,405,3451.000,87.251,-63.145,0.314,-0.563,NaN,NaN,451,0,-2.571,-1.327,NaN,NaN,NaN,NaN,NaN,NaN,NaN,NaN,NaN,NaN,NaN
1556,536,3451.000,26.005,-1.693,0.003,0.001,0.066,NaN,451,0,-2.043,-1.327,697.000,207.000,720.000,276.000,NaN,NaN,NaN,NaN,NaN,NaN,NaN
1557,727,3451.000,61.357,-7.713,0.385,-0.052,0.646,NaN,451,0,1.509,-0.000,766.000,197.000,813.000,262.000,NaN,NaN,NaN,NaN,NaN,NaN,NaN
1558,874,3451.000,25.447,-2.192,-0.010,-0.005,0.611,NaN,451,0,1.112,-1.326,718.000,196.000,766.000,272.000,NaN,NaN,NaN,NaN,NaN,NaN,NaN
1559,405,3452.000,87.565,-63.706,0.314,-0.560,NaN,NaN,452,0,-1.063,-1.327,NaN,NaN,NaN,NaN,NaN,NaN,NaN,NaN,NaN,NaN,NaN
1560,536,3452.000,25.995,-1.695,0.001,-0.000,0.179,0.260,452,0,-1.678,-0.607,697.000,205.000,720.000,278.000,25.980,-1.700,-1.340,1.040,0.530,1.850,-0.402
1561,727,3452.000,61.262,-7.734,0.380,-0.060,0.070,NaN,452,0,-0.000,-0.000,778.000,200.000,801.000,244.000,NaN,NaN,NaN,NaN,NaN,NaN,NaN
1562,874,3452.000,25.354,-2.585,-0.015,-0.101,0.051,NaN,452,0,-2.055,-1.326,760.000,200.000,806.000,282.000,NaN,NaN,NaN,NaN,NaN,NaN,NaN
1563,918,3452.000,25.370,-2.040,0.000,0.000,0.626,0.402,452,0,0.994,-0.242,718.000,196.000,758.000,288.000,25.370,-2.040,-1.320,0.850,0.610,1.770,0.170
1564,405,3453.000,87.878,-64.267,0.314,-0.561,NaN,NaN,453,0,-0.613,-1.327,NaN,NaN,NaN,NaN,NaN,NaN,NaN,NaN,NaN,NaN,NaN
1565,536,3453.000,26.017,-1.697,0.005,-0.000,0.007,0.040,453,0,-3.113,-1.451,696.000,202.000,729.000,263.000,26.040,-1.700,-1.290,0.700,0.610,1.740,-0.175
1566,727,3453.000,61.882,-7.762,0.382,-0.048,0.024,NaN,453,0,-0.000,-0.000,771.000,199.000,800.000,244.000,NaN,NaN,NaN,NaN,NaN,NaN,NaN
1567,874,3453.000,25.436,-2.874,0.017,-0.135,0.021,NaN,453,0,-2.596,-1.324,764.000,205.000,801.000,276.000,NaN,NaN,NaN,NaN,NaN,NaN,NaN
1568,918,3453.000,25.393,-2.088,0.012,-0.018,0.694,0.016,453,0,1.488,-1.483,717.000,195.000,760.000,288.000,25.410,-2.120,-1.320,0.880,0.490,1.800,-0.176
1569,405,3454.000,88.192,-64.829,0.314,-0.562,NaN,NaN,454,0,-1.693,-1.327,NaN,NaN,NaN,NaN,NaN,NaN,NaN,NaN,NaN,NaN,NaN
1570,536,3454.000,26.020,-1.701,0.004,-0.001,0.163,NaN,454,0,-1.502,-1.327,696.000,206.000,720.000,286.000,NaN,NaN,NaN,NaN,NaN,NaN,NaN
1571,727,3454.000,62.330,-7.821,0.383,-0.048,0.649,NaN,454,0,1.281,-0.000,766.000,200.000,811.000,252.000,NaN,NaN,NaN,NaN,NaN,NaN,NaN
1572,874,3454.000,25.454,-3.009,0.018,-0.136,NaN,NaN,454,0,-0.560,-1.315,NaN,NaN,NaN,NaN,NaN,NaN,NaN,NaN,NaN,NaN,NaN
1573,918,3454.000,25.392,-2.168,0.005,-0.038,0.675,NaN,454,0,1.916,-1.327,718.000,195.000,758.000,279.000,NaN,NaN,NaN,NaN,NaN,NaN,NaN
1574,405,3455.000,88.506,-65.389,0.314,-0.561,NaN,NaN,455,0,-1.598,-1.327,NaN,NaN,NaN,NaN,NaN,NaN,NaN,NaN,NaN,NaN,NaN
1575,536,3455.000,25.978,-1.698,-0.007,-0.000,0.514,0.693,455,0,0.055,0.615,695.000,210.000,720.000,289.000,25.970,-1.680,-1.310,0.890,0.460,1.740,0.030
1576,727,3455.000,62.765,-7.866,0.383,-0.046,0.691,NaN,455,0,1.743,-0.000,764.000,199.000,810.000,253.000,NaN,NaN,NaN,NaN,NaN,NaN,NaN
1577,874,3455.000,25.473,-3.146,0.019,-0.136,NaN,NaN,455,0,-0.402,-1.310,NaN,NaN,NaN,NaN,NaN,NaN,NaN,NaN,NaN,NaN,NaN
1578,918,3455.000,25.462,-2.101,0.025,-0.000,0.702,0.556,455,0,1.628,0.304,718.000,195.000,761.000,275.000,25.470,-2.040,-1.310,0.970,0.530,1.750,0.169
1579,405,3456.000,88.820,-65.950,0.314,-0.561,NaN,NaN,456,0,-1.693,-1.327,NaN,NaN,NaN,NaN,NaN,NaN,NaN,NaN,NaN,NaN,NaN
1580,536,3456.000,25.935,-1.673,-0.013,0.005,0.238,0.075,456,0,-1.342,-1.162,696.000,205.000,720.000,280.000,25.920,-1.620,-1.260,0.890,0.530,1.880,-0.725
1581,727,3456.000,63.145,-7.912,0.381,-0.046,NaN,NaN,456,0,-0.000,-0.000,NaN,NaN,NaN,NaN,NaN,NaN,NaN,NaN,NaN,NaN,NaN
1582,874,3456.000,25.498,-3.254,0.022,-0.127,0.030,NaN,456,0,-3.279,-1.311,787.000,197.000,794.000,206.000,NaN,NaN,NaN,NaN,NaN,NaN,NaN
1583,918,3456.000,25.492,-2.092,0.027,-0.001,0.732,0.174,456,0,2.069,-0.791,718.000,195.000,763.000,272.000,25.490,-2.090,-1.260,0.980,0.530,1.970,-0.553
1584,405,3457.000,89.134,-66.511,0.313,-0.561,NaN,NaN,457,0,-1.162,-1.327,NaN,NaN,NaN,NaN,NaN,NaN,NaN,NaN,NaN,NaN,NaN
1585,536,3457.000,25.918,-1.680,-0.015,0.003,0.264,NaN,457,0,-0.819,-1.327,696.000,204.000,720.000,286.000,NaN,NaN,NaN,NaN,NaN,NaN,NaN
1586,727,3457.000,63.604,-7.959,0.381,-0.045,0.636,NaN,457,0,1.407,-0.000,766.000,197.000,808.000,258.000,NaN,NaN,NaN,NaN,NaN,NaN,NaN
1587,874,3457.000,25.521,-3.382,0.023,-0.129,NaN,NaN,457,0,-2.462,-1.315,NaN,NaN,NaN,NaN,NaN,NaN,NaN,NaN,NaN,NaN,NaN
1588,918,3457.000,25.518,-2.093,0.027,-0.002,NaN,NaN,457,0,-2.815,-1.327,NaN,NaN,NaN,NaN,NaN,NaN,NaN,NaN,NaN,NaN,NaN
1589,405,3458.000,89.449,-67.071,0.315,-0.561,NaN,NaN,458,0,-2.571,-1.327,NaN,NaN,NaN,NaN,NaN,NaN,NaN,NaN,NaN,NaN,NaN
1590,536,3458.000,25.914,-1.686,-0.014,0.001,0.357,0.020,458,0,-0.810,-1.539,696.000,204.000,721.000,271.000,25.920,-1.700,-1.260,0.890,0.650,1.860,-0.120
1591,727,3458.000,63.986,-8.001,0.382,-0.043,NaN,NaN,458,0,-0.000,-0.000,NaN,NaN,NaN,NaN,NaN,NaN,NaN,NaN,NaN,NaN,NaN
1592,874,3458.000,25.556,-3.471,0.025,-0.113,0.698,NaN,458,0,2.128,-1.318,766.000,198.000,810.000,273.000,NaN,NaN,NaN,NaN,NaN,NaN,NaN
1593,918,3458.000,25.383,-2.038,-0.010,0.012,0.682,0.065,458,0,1.371,-1.228,719.000,195.000,762.000,278.000,25.320,-2.010,-1.330,0.850,0.520,1.780,2.526
1594,405,3459.000,89.766,-67.633,0.316,-0.561,NaN,NaN,459,0,-2.483,-1.327,NaN,NaN,NaN,NaN,NaN,NaN,NaN,NaN,NaN,NaN,NaN
1595,536,3459.000,25.886,-1.695,-0.015,-0.001,0.447,0.282,459,0,-0.376,-0.549,696.000,203.000,721.000,289.000,25.870,-1.720,-1.260,0.810,0.480,1.710,0.221
1596,727,3459.000,64.460,-8.066,0.384,-0.043,0.719,NaN,459,0,2.434,-0.000,766.000,198.000,810.000,263.000,NaN,NaN,NaN,NaN,NaN,NaN,NaN
1597,874,3459.000,25.580,-3.585,0.024,-0.113,NaN,NaN,459,0,-1.451,-1.317,NaN,NaN,NaN,NaN,NaN,NaN,NaN,NaN,NaN,NaN,NaN
1598,918,3459.000,25.479,-2.110,0.009,-0.013,0.738,0.131,459,0,1.893,-0.992,719.000,195.000,762.000,282.000,25.570,-2.190,-1.250,0.820,0.510,1.770,-0.981
1599,405,3460.000,90.082,-68.194,0.316,-0.561,NaN,NaN,460,0,-2.483,-1.327,NaN,NaN,NaN,NaN,NaN,NaN,NaN,NaN,NaN,NaN,NaN
1600,536,3460.000,25.866,-1.696,-0.016,-0.001,0.515,NaN,460,0,0.579,-1.327,696.000,203.000,721.000,289.000,NaN,NaN,NaN,NaN,NaN,NaN,NaN
1601,727,3460.000,64.900,-8.125,0.386,-0.045,0.732,NaN,460,0,2.590,-0.000,766.000,198.000,810.000,263.000,NaN,NaN,NaN,NaN,NaN,NaN,NaN
1602,874,3460.000,25.603,-3.698,0.023,-0.113,NaN,NaN,460,0,-1.346,-1.319,NaN,NaN,NaN,NaN,NaN,NaN,NaN,NaN,NaN,NaN,NaN
1603,918,3460.000,25.498,-2.202,0.011,-0.030,0.741,NaN,460,0,2.907,-1.327,719.000,195.000,762.000,282.000,NaN,NaN,NaN,NaN,NaN,NaN,NaN
1604,405,3461.000,90.400,-68.755,0.317,-0.561,NaN,NaN,461,0,-1.299,-1.327,NaN,NaN,NaN,NaN,NaN,NaN,NaN,NaN,NaN,NaN,NaN
1605,536,3461.000,25.883,-1.680,-0.010,0.005,0.585,0.529,461,0,0.497,0.099,695.000,203.000,721.000,289.000,25.930,-1.660,-1.320,1.730,0.610,1.900,-0.781
1606,727,3461.000,65.531,-8.356,0.398,-0.071,0.012,NaN,461,0,-0.000,-0.000,780.000,198.000,808.000,234.000,NaN,NaN,NaN,NaN,NaN,NaN,NaN
1607,874,3461.000,25.665,-3.565,0.031,-0.057,0.760,NaN,461,0,3.077,-1.319,766.000,198.000,810.000,264.000,NaN,NaN,NaN,NaN,NaN,NaN,NaN
1608,918,3461.000,25.522,-2.180,0.016,-0.019,0.752,0.027,461,0,1.976,-1.506,718.000,195.000,762.000,283.000,25.530,-2.100,-1.280,0.800,0.520,1.690,-0.075
1609,405,3462.000,90.717,-69.317,0.317,-0.562,NaN,NaN,462,0,-1.354,-1.327,NaN,NaN,NaN,NaN,NaN,NaN,NaN,NaN,NaN,NaN,NaN
1610,536,3462.000,25.864,-1.623,-0.012,0.020,0.613,0.114,462,0,0.658,-1.051,695.000,204.000,721.000,289.000,25.860,-1.530,-1.350,1.900,0.570,1.790,2.465
1611,727,3462.000,66.429,-8.549,0.405,-0.081,0.014,NaN,462,0,-0.000,-0.000,780.000,198.000,808.000,235.000,NaN,NaN,NaN,NaN,NaN,NaN,NaN
1612,874,3462.000,25.660,-3.506,0.031,-0.032,0.740,NaN,462,0,2.746,-1.319,766.000,198.000,810.000,265.000,NaN,NaN,NaN,NaN,NaN,NaN,NaN
1613,918,3462.000,25.544,-2.245,0.019,-0.030,0.759,NaN,462,0,3.236,-1.326,718.000,195.000,761.000,281.000,NaN,NaN,NaN,NaN,NaN,NaN,NaN
1614,405,3463.000,91.034,-69.878,0.317,-0.562,NaN,NaN,463,0,-2.483,-1.327,NaN,NaN,NaN,NaN,NaN,NaN,NaN,NaN,NaN,NaN,NaN
1615,536,3463.000,25.841,-1.654,-0.014,0.006,0.584,NaN,463,0,1.046,-1.327,694.000,203.000,721.000,289.000,NaN,NaN,NaN,NaN,NaN,NaN,NaN
1616,727,3463.000,66.886,-8.599,0.409,-0.074,0.743,NaN,463,0,2.746,-0.000,767.000,198.000,810.000,265.000,NaN,NaN,NaN,NaN,NaN,NaN,NaN
1617,874,3463.000,25.692,-3.538,0.032,-0.031,NaN,NaN,463,0,-1.240,-1.318,NaN,NaN,NaN,NaN,NaN,NaN,NaN,NaN,NaN,NaN,NaN
1618,918,3463.000,25.569,-2.282,0.020,-0.030,0.745,NaN,463,0,3.065,-1.326,718.000,195.000,761.000,279.000,NaN,NaN,NaN,NaN,NaN,NaN,NaN
1619,405,3464.000,91.352,-70.441,0.318,-0.562,NaN,NaN,464,0,-1.461,-1.327,NaN,NaN,NaN,NaN,NaN,NaN,NaN,NaN,NaN,NaN,NaN
1620,536,3464.000,25.872,-1.666,-0.003,0.002,NaN,0.014,464,0,-3.127,-1.556,667.000,206.000,748.000,298.000,25.920,-1.680,-1.410,1.430,0.620,1.710,1.970
1621,727,3464.000,67.339,-8.636,0.412,-0.067,0.752,NaN,464,0,2.906,-0.000,766.000,198.000,810.000,265.000,NaN,NaN,NaN,NaN,NaN,NaN,NaN
1622,874,3464.000,25.723,-3.570,0.032,-0.032,NaN,NaN,464,0,-2.555,-1.318,NaN,NaN,NaN,NaN,NaN,NaN,NaN,NaN,NaN,NaN,NaN
1623,918,3464.000,25.510,-2.201,0.004,-0.007,0.744,0.025,464,0,2.178,-1.448,718.000,195.000,762.000,280.000,25.460,-2.070,-1.360,0.860,0.590,1.770,-0.515
1624,405,3465.000,91.671,-71.002,0.318,-0.562,NaN,NaN,465,0,-1.937,-1.327,NaN,NaN,NaN,NaN,NaN,NaN,NaN,NaN,NaN,NaN,NaN
1625,536,3465.000,25.900,-1.682,0.005,-0.004,0.056,0.015,465,0,-2.588,-1.539,691.000,215.000,716.000,291.000,25.940,-1.690,-1.390,0.880,0.510,1.800,-0.215
1626,727,3465.000,67.800,-8.665,0.416,-0.060,0.752,NaN,465,0,2.906,-0.000,767.000,198.000,809.000,265.000,NaN,NaN,NaN,NaN,NaN,NaN,NaN
1627,874,3465.000,25.756,-3.601,0.033,-0.032,NaN,NaN,465,0,-2.390,-1.319,NaN,NaN,NaN,NaN,NaN,NaN,NaN,NaN,NaN,NaN,NaN
1628,918,3465.000,25.531,-2.191,0.008,-0.001,0.682,0.094,465,0,1.117,-1.115,719.000,195.000,762.000,280.000,25.540,-2.160,-1.270,0.900,0.530,1.820,-0.743
1629,405,3466.000,91.991,-71.563,0.319,-0.562,NaN,NaN,466,0,-2.207,-1.327,NaN,NaN,NaN,NaN,NaN,NaN,NaN,NaN,NaN,NaN,NaN
1630,536,3466.000,25.904,-1.658,0.005,0.002,0.065,NaN,466,0,-2.155,-1.327,691.000,216.000,718.000,291.000,NaN,NaN,NaN,NaN,NaN,NaN,NaN
1631,727,3466.000,68.271,-8.693,0.420,-0.055,0.754,NaN,466,0,2.906,-0.000,767.000,198.000,809.000,265.000,NaN,NaN,NaN,NaN,NaN,NaN,NaN
1632,874,3466.000,26.297,-4.441,0.023,-0.151,0.121,NaN,466,0,-2.109,-1.320,848.000,200.000,857.000,224.000,NaN,NaN,NaN,NaN,NaN,NaN,NaN
1633,918,3466.000,25.537,-2.229,0.005,-0.010,0.686,NaN,466,0,2.173,-1.326,719.000,195.000,761.000,280.000,NaN,NaN,NaN,NaN,NaN,NaN,NaN
1634,405,3467.000,92.310,-72.124,0.319,-0.561,NaN,NaN,467,0,-2.184,-1.327,NaN,NaN,NaN,NaN,NaN,NaN,NaN,NaN,NaN,NaN,NaN
1635,536,3467.000,25.907,-1.679,0.004,-0.006,0.435,0.034,467,0,-0.526,-1.506,696.000,203.000,723.000,286.000,25.890,-1.700,-1.290,1.710,0.600,1.780,-0.814
1636,727,3467.000,68.768,-8.719,0.423,-0.047,0.756,NaN,467,0,3.077,-0.000,766.000,198.000,809.000,265.000,NaN,NaN,NaN,NaN,NaN,NaN,NaN
1637,874,3467.000,26.323,-4.592,0.026,-0.150,NaN,NaN,467,0,-1.868,-1.257,NaN,NaN,NaN,NaN,NaN,NaN,NaN,NaN,NaN,NaN,NaN
1638,918,3467.000,25.478,-2.184,-0.007,0.002,0.679,0.049,467,0,1.371,-1.312,718.000,195.000,762.000,277.000,25.420,-2.130,-1.250,0.770,0.610,1.750,-0.139
1639,405,3468.000,92.631,-72.687,0.320,-0.562,NaN,NaN,468,0,-0.069,-1.327,NaN,NaN,NaN,NaN,NaN,NaN,NaN,NaN,NaN,NaN,NaN
1640,536,3468.000,25.934,-1.694,0.008,-0.008,0.008,0.225,468,0,-3.113,-0.733,697.000,206.000,735.000,271.000,25.950,-1.690,-1.260,0.980,0.550,1.880,-0.673
1641,727,3468.000,69.471,-8.861,0.424,-0.056,0.008,NaN,468,0,-0.000,-0.000,778.000,199.000,809.000,238.000,NaN,NaN,NaN,NaN,NaN,NaN,NaN
1642,874,3468.000,26.351,-4.724,0.026,-0.139,0.011,NaN,468,0,-3.181,-1.310,848.000,201.000,865.000,237.000,NaN,NaN,NaN,NaN,NaN,NaN,NaN
1643,918,3468.000,25.450,-2.138,-0.013,0.011,0.672,0.267,468,0,1.273,-0.493,719.000,195.000,762.000,277.000,25.420,-2.080,-1.270,0.860,0.500,1.710,-0.189
1644,405,3469.000,92.950,-73.249,0.321,-0.563,NaN,NaN,469,0,1.610,-1.327,NaN,NaN,NaN,NaN,NaN,NaN,NaN,NaN,NaN,NaN,NaN
1645,536,3469.000,25.941,-1.703,0.007,-0.009,NaN,NaN,469,0,-1.055,-1.327,NaN,NaN,NaN,NaN,NaN,NaN,NaN,NaN,NaN,NaN,NaN
1646,727,3469.000,69.897,-8.916,0.426,-0.055,NaN,NaN,469,0,-0.000,-0.000,NaN,NaN,NaN,NaN,NaN,NaN,NaN,NaN,NaN,NaN,NaN
1647,874,3469.000,26.375,-4.863,0.025,-0.140,NaN,NaN,469,0,-2.615,-1.230,NaN,NaN,NaN,NaN,NaN,NaN,NaN,NaN,NaN,NaN,NaN
1648,918,3469.000,25.439,-2.183,-0.012,-0.003,0.671,NaN,469,0,1.916,-1.327,718.000,195.000,762.000,276.000,NaN,NaN,NaN,NaN,NaN,NaN,NaN
1649,405,3470.000,93.271,-73.812,0.322,-0.562,NaN,NaN,470,0,1.463,-1.327,NaN,NaN,NaN,NaN,NaN,NaN,NaN,NaN,NaN,NaN,NaN
1650,536,3470.000,25.937,-1.708,0.005,-0.008,0.006,0.778,470,0,-3.113,1.099,696.000,204.000,739.000,282.000,25.920,-1.700,-1.350,0.730,0.580,1.870,-0.436
1651,727,3470.000,70.279,-8.914,0.428,-0.048,0.755,NaN,470,0,3.077,-0.000,766.000,198.000,809.000,265.000,NaN,NaN,NaN,NaN,NaN,NaN,NaN
1652,874,3470.000,26.400,-5.003,0.025,-0.140,NaN,NaN,470,0,-2.364,-1.251,NaN,NaN,NaN,NaN,NaN,NaN,NaN,NaN,NaN,NaN,NaN
1653,918,3470.000,25.433,-2.145,-0.009,0.007,0.642,0.042,470,0,1.051,-1.391,719.000,195.000,762.000,274.000,25.440,-2.090,-1.350,0.940,0.510,1.910,-0.429
1654,405,3471.000,93.592,-74.374,0.322,-0.561,NaN,NaN,471,0,-2.249,-1.327,NaN,NaN,NaN,NaN,NaN,NaN,NaN,NaN,NaN,NaN,NaN
1655,536,3471.000,25.951,-1.714,0.009,-0.006,0.273,0.334,471,0,-1.152,-0.474,697.000,204.000,722.000,282.000,25.950,-1.720,-1.270,0.730,0.630,1.780,-0.517
1656,727,3471.000,70.710,-8.938,0.429,-0.044,0.751,NaN,471,0,2.906,-0.000,766.000,198.000,810.000,265.000,NaN,NaN,NaN,NaN,NaN,NaN,NaN
1657,874,3471.000,26.426,-5.144,0.026,-0.141,NaN,NaN,471,0,-2.752,-1.294,NaN,NaN,NaN,NaN,NaN,NaN,NaN,NaN,NaN,NaN,NaN
1658,918,3471.000,25.412,-2.106,-0.011,0.017,0.684,0.079,471,0,1.371,-1.093,718.000,195.000,762.000,276.000,25.390,-2.080,-1.360,0.790,0.510,1.770,-0.012
1659,405,3472.000,93.914,-74.934,0.322,-0.562,NaN,NaN,472,0,-2.507,-1.327,NaN,NaN,NaN,NaN,NaN,NaN,NaN,NaN,NaN,NaN,NaN
1660,536,3472.000,25.958,-1.723,0.008,-0.007,0.336,NaN,472,0,-0.693,-1.327,697.000,204.000,722.000,282.000,NaN,NaN,NaN,NaN,NaN,NaN,NaN
1661,727,3472.000,71.167,-8.962,0.429,-0.040,0.750,NaN,472,0,2.906,-0.000,766.000,198.000,809.000,265.000,NaN,NaN,NaN,NaN,NaN,NaN,NaN
1662,874,3472.000,26.454,-5.281,0.028,-0.138,NaN,NaN,472,0,-2.222,-1.311,NaN,NaN,NaN,NaN,NaN,NaN,NaN,NaN,NaN,NaN,NaN
1663,918,3472.000,25.401,-2.148,-0.013,0.004,0.689,NaN,472,0,2.173,-1.327,718.000,195.000,762.000,279.000,NaN,NaN,NaN,NaN,NaN,NaN,NaN
1664,405,3473.000,94.239,-75.496,0.323,-0.563,NaN,NaN,473,0,-2.404,-1.327,NaN,NaN,NaN,NaN,NaN,NaN,NaN,NaN,NaN,NaN,NaN
1665,536,3473.000,25.949,-1.731,0.005,-0.007,NaN,0.378,473,0,-3.127,-0.372,671.000,196.000,750.000,293.000,25.920,-1.740,-1.260,1.690,0.590,1.790,-0.733
1666,727,3473.000,71.645,-8.994,0.430,-0.037,0.752,NaN,473,0,2.906,-0.000,766.000,198.000,809.000,265.000,NaN,NaN,NaN,NaN,NaN,NaN,NaN
1667,874,3473.000,26.483,-5.421,0.030,-0.139,NaN,NaN,473,0,-2.948,-1.316,NaN,NaN,NaN,NaN,NaN,NaN,NaN,NaN,NaN,NaN,NaN
1668,918,3473.000,25.413,-2.136,-0.005,0.007,0.694,0.038,473,0,1.488,-1.391,719.000,195.000,762.000,277.000,25.430,-2.120,-1.230,0.750,0.580,1.780,-0.279
1669,405,3474.000,94.562,-76.060,0.323,-0.563,NaN,NaN,474,0,-2.143,-1.327,NaN,NaN,NaN,NaN,NaN,NaN,NaN,NaN,NaN,NaN,NaN
1670,536,3474.000,25.919,-1.694,-0.001,0.006,0.073,0.428,474,0,-2.442,-0.263,697.000,206.000,722.000,272.000,25.870,-1.620,-1.320,1.950,0.570,1.800,2.307
1671,727,3474.000,72.158,-9.039,0.430,-0.038,0.775,NaN,474,0,3.261,-0.000,766.000,198.000,809.000,264.000,NaN,NaN,NaN,NaN,NaN,NaN,NaN
1672,874,3474.000,26.513,-5.558,0.029,-0.138,NaN,NaN,474,0,-2.172,-1.320,NaN,NaN,NaN,NaN,NaN,NaN,NaN,NaN,NaN,NaN,NaN
1673,918,3474.000,25.414,-2.107,-0.004,0.012,0.695,0.064,474,0,1.628,-1.228,718.000,195.000,764.000,279.000,25.420,-2.080,-1.280,0.800,0.580,1.860,-0.341
1674,405,3475.000,94.883,-76.625,0.322,-0.564,NaN,NaN,475,0,-2.143,-1.327,NaN,NaN,NaN,NaN,NaN,NaN,NaN,NaN,NaN,NaN,NaN
1675,536,3475.000,25.923,-1.711,-0.001,-0.000,0.036,NaN,475,0,-2.435,-1.327,698.000,207.000,722.000,270.000,NaN,NaN,NaN,NaN,NaN,NaN,NaN
1676,727,3475.000,72.681,-9.092,0.428,-0.036,0.780,NaN,475,0,3.460,-0.000,766.000,198.000,809.000,264.000,NaN,NaN,NaN,NaN,NaN,NaN,NaN
1677,874,3475.000,26.543,-5.698,0.030,-0.140,NaN,NaN,475,0,-2.215,-1.307,NaN,NaN,NaN,NaN,NaN,NaN,NaN,NaN,NaN,NaN,NaN
1678,918,3475.000,25.399,-2.154,-0.007,-0.001,0.709,NaN,475,0,2.462,-1.327,718.000,194.000,763.000,281.000,NaN,NaN,NaN,NaN,NaN,NaN,NaN
1679,405,3476.000,95.205,-77.189,0.322,-0.564,NaN,NaN,476,0,-2.143,-1.327,NaN,NaN,NaN,NaN,NaN,NaN,NaN,NaN,NaN,NaN,NaN
1680,536,3476.000,25.925,-1.711,-0.001,-0.002,0.194,0.181,476,0,-1.622,-0.839,698.000,203.000,723.000,278.000,25.930,-1.720,-1.430,0.860,0.520,1.780,-0.196
1681,727,3476.000,73.881,-9.237,0.438,-0.042,0.761,NaN,476,0,3.077,-0.000,766.000,198.000,809.000,264.000,NaN,NaN,NaN,NaN,NaN,NaN,NaN
1682,874,3476.000,26.573,-5.838,0.031,-0.140,NaN,NaN,476,0,-2.281,-1.304,NaN,NaN,NaN,NaN,NaN,NaN,NaN,NaN,NaN,NaN,NaN
1683,918,3476.000,25.405,-2.156,-0.005,-0.000,0.724,0.047,476,0,1.934,-1.312,719.000,195.000,763.000,284.000,25.420,-2.170,-1.360,0.750,0.530,1.820,-0.730
1684,405,3477.000,95.530,-77.753,0.324,-0.564,NaN,NaN,477,0,-2.143,-1.327,NaN,NaN,NaN,NaN,NaN,NaN,NaN,NaN,NaN,NaN,NaN
1685,536,3477.000,25.937,-1.736,-0.000,-0.009,0.503,NaN,477,0,0.239,-1.327,698.000,203.000,725.000,281.000,NaN,NaN,NaN,NaN,NaN,NaN,NaN
1686,727,3477.000,74.580,-9.322,0.443,-0.044,0.767,NaN,477,0,3.261,-0.000,766.000,198.000,809.000,264.000,NaN,NaN,NaN,NaN,NaN,NaN,NaN
1687,874,3477.000,26.607,-5.979,0.033,-0.141,NaN,NaN,477,0,-2.768,-1.309,NaN,NaN,NaN,NaN,NaN,NaN,NaN,NaN,NaN,NaN,NaN
1688,918,3477.000,25.393,-2.196,-0.005,-0.009,0.725,NaN,477,0,2.756,-1.326,718.000,195.000,764.000,284.000,NaN,NaN,NaN,NaN,NaN,NaN,NaN
1689,405,3478.000,95.854,-78.318,0.324,-0.564,NaN,NaN,478,0,-2.143,-1.327,NaN,NaN,NaN,NaN,NaN,NaN,NaN,NaN,NaN,NaN,NaN
1690,536,3478.000,25.906,-1.734,-0.004,-0.007,0.347,0.468,478,0,-0.848,-0.101,697.000,204.000,725.000,280.000,25.900,-1.720,-1.320,0.970,0.530,1.820,-0.708
1691,727,3478.000,75.293,-9.406,0.449,-0.043,0.769,NaN,478,0,3.261,-0.000,766.000,198.000,809.000,264.000,NaN,NaN,NaN,NaN,NaN,NaN,NaN
1692,918,3478.000,25.440,-2.174,0.005,-0.001,0.709,0.338,478,0,1.782,-0.361,718.000,195.000,764.000,283.000,25.470,-2.150,-1.350,0.890,0.500,1.730,-0.369
1693,405,3479.000,96.178,-78.882,0.323,-0.563,NaN,NaN,479,0,-2.143,-1.327,NaN,NaN,NaN,NaN,NaN,NaN,NaN,NaN,NaN,NaN,NaN
1694,536,3479.000,25.884,-1.751,-0.008,-0.010,0.352,0.016,479,0,-0.848,-1.539,697.000,204.000,725.000,280.000,25.880,-1.780,-1.300,0.880,0.480,1.710,0.046
1695,727,3479.000,75.993,-9.490,0.456,-0.045,0.762,NaN,479,0,3.077,-0.000,766.000,198.000,809.000,264.000,NaN,NaN,NaN,NaN,NaN,NaN,NaN
1696,918,3479.000,25.442,-2.145,0.004,0.006,0.732,0.015,479,0,2.069,-1.501,718.000,195.000,764.000,285.000,25.450,-2.120,-1.320,0.800,0.560,1.840,-0.233
1697,405,3480.000,96.502,-79.444,0.322,-0.563,NaN,NaN,480,0,-2.080,-1.327,NaN,NaN,NaN,NaN,NaN,NaN,NaN,NaN,NaN,NaN,NaN
1698,536,3480.000,25.875,-1.760,-0.009,-0.009,NaN,NaN,480,0,-1.248,-1.327,NaN,NaN,NaN,NaN,NaN,NaN,NaN,NaN,NaN,NaN,NaN
1699,727,3480.000,76.655,-9.570,0.459,-0.048,0.758,NaN,480,0,3.077,-0.000,766.000,198.000,809.000,264.000,NaN,NaN,NaN,NaN,NaN,NaN,NaN
1700,918,3480.000,25.451,-2.183,0.007,-0.004,0.758,NaN,480,0,3.236,-1.326,719.000,195.000,764.000,286.000,NaN,NaN,NaN,NaN,NaN,NaN,NaN
1701,405,3481.000,96.825,-80.006,0.322,-0.563,NaN,NaN,481,0,-2.143,-1.327,NaN,NaN,NaN,NaN,NaN,NaN,NaN,NaN,NaN,NaN,NaN
1702,536,3481.000,25.855,-1.709,-0.012,0.005,0.449,0.636,481,0,-0.376,0.405,697.000,203.000,724.000,280.000,25.860,-1.620,-1.280,0.970,0.460,1.810,2.509
1703,727,3481.000,77.280,-9.649,0.461,-0.052,0.758,NaN,481,0,3.077,-0.000,766.000,198.000,809.000,264.000,NaN,NaN,NaN,NaN,NaN,NaN,NaN
1704,918,3481.000,25.424,-2.135,0.003,0.009,0.754,0.815,481,0,2.266,1.532,718.000,195.000,764.000,286.000,25.400,-2.070,-1.230,0.930,0.500,1.840,-0.566
1705,405,3482.000,97.148,-80.571,0.322,-0.564,NaN,NaN,482,0,-2.143,-1.327,NaN,NaN,NaN,NaN,NaN,NaN,NaN,NaN,NaN,NaN,NaN
1706,536,3482.000,25.851,-1.738,-0.008,-0.002,0.083,NaN,482,0,-2.180,-1.327,700.000,204.000,723.000,247.000,NaN,NaN,NaN,NaN,NaN,NaN,NaN
1707,727,3482.000,77.881,-9.724,0.464,-0.053,0.760,NaN,482,0,3.077,-0.000,766.000,198.000,809.000,264.000,NaN,NaN,NaN,NaN,NaN,NaN,NaN
1708,918,3482.000,25.449,-2.108,0.010,0.013,0.713,0.153,482,0,1.782,-0.854,718.000,195.000,764.000,286.000,25.470,-2.090,-1.280,0.800,0.490,1.800,0.095
1709,405,3483.000,97.471,-81.135,0.323,-0.563,NaN,NaN,483,0,-1.511,-1.327,NaN,NaN,NaN,NaN,NaN,NaN,NaN,NaN,NaN,NaN,NaN
1710,536,3483.000,25.849,-1.724,-0.005,0.004,0.492,NaN,483,0,0.179,-1.327,697.000,203.000,721.000,272.000,NaN,NaN,NaN,NaN,NaN,NaN,NaN
1711,727,3483.000,78.447,-9.800,0.465,-0.053,0.759,NaN,483,0,3.077,-0.000,766.000,198.000,810.000,266.000,NaN,NaN,NaN,NaN,NaN,NaN,NaN
1712,918,3483.000,25.451,-2.169,0.008,-0.007,0.682,NaN,483,0,2.039,-1.327,719.000,195.000,761.000,280.000,NaN,NaN,NaN,NaN,NaN,NaN,NaN
1713,405,3484.000,97.794,-81.698,0.323,-0.564,NaN,NaN,484,0,-1.409,-1.327,NaN,NaN,NaN,NaN,NaN,NaN,NaN,NaN,NaN,NaN,NaN
1714,536,3484.000,25.921,-1.724,0.007,0.005,0.488,0.740,484,0,-0.068,0.947,697.000,203.000,721.000,272.000,25.940,-1.720,-1.340,0.750,0.540,1.610,-0.120
1715,727,3484.000,78.988,-9.879,0.467,-0.055,0.758,NaN,484,0,3.077,-0.000,767.000,198.000,810.000,266.000,NaN,NaN,NaN,NaN,NaN,NaN,NaN
1716,918,3484.000,25.462,-2.176,0.010,-0.007,NaN,NaN,484,0,-2.971,-1.326,NaN,NaN,NaN,NaN,NaN,NaN,NaN,NaN,NaN,NaN,NaN
1717,405,3485.000,98.118,-82.262,0.323,-0.564,NaN,NaN,485,0,-1.693,-1.327,NaN,NaN,NaN,NaN,NaN,NaN,NaN,NaN,NaN,NaN,NaN
1718,536,3485.000,25.966,-1.718,0.013,0.005,0.552,0.021,485,0,0.327,-1.539,697.000,203.000,721.000,284.000,26.010,-1.720,-1.240,0.750,0.450,1.690,-0.529
1719,727,3485.000,79.081,-9.924,0.459,-0.060,0.761,NaN,485,0,3.077,-0.000,767.000,198.000,810.000,266.000,NaN,NaN,NaN,NaN,NaN,NaN,NaN
1720,918,3485.000,25.542,-2.206,0.024,-0.013,0.729,0.125,485,0,1.790,-0.992,719.000,194.000,762.000,278.000,25.560,-2.210,-1.290,1.790,0.570,1.810,-0.853
1721,405,3486.000,98.440,-82.826,0.323,-0.564,NaN,NaN,486,0,-1.814,-1.327,NaN,NaN,NaN,NaN,NaN,NaN,NaN,NaN,NaN,NaN,NaN
1722,536,3486.000,25.972,-1.703,0.010,0.007,0.564,NaN,486,0,0.715,-1.327,697.000,202.000,720.000,280.000,NaN,NaN,NaN,NaN,NaN,NaN,NaN
1723,727,3486.000,79.582,-9.988,0.458,-0.060,0.750,NaN,486,0,2.906,-0.000,766.000,198.000,810.000,266.000,NaN,NaN,NaN,NaN,NaN,NaN,NaN
1724,918,3486.000,25.561,-2.242,0.023,-0.019,0.730,NaN,486,0,2.756,-1.326,718.000,194.000,762.000,275.000,NaN,NaN,NaN,NaN,NaN,NaN,NaN
1725,405,3487.000,98.764,-83.390,0.324,-0.564,NaN,NaN,487,0,-2.408,-1.327,NaN,NaN,NaN,NaN,NaN,NaN,NaN,NaN,NaN,NaN,NaN
1726,536,3487.000,25.946,-1.664,0.000,0.014,0.575,0.219,487,0,0.441,-0.733,696.000,203.000,720.000,286.000,25.920,-1.600,-1.390,0.890,0.580,1.810,2.548
1727,727,3487.000,79.398,-10.104,0.447,-0.080,0.018,NaN,487,0,-0.000,-0.000,779.000,198.000,810.000,237.000,NaN,NaN,NaN,NaN,NaN,NaN,NaN
1728,918,3487.000,25.550,-2.219,0.018,-0.010,0.716,0.024,487,0,1.662,-1.539,718.000,194.000,762.000,275.000,25.530,-2.190,-1.340,0.670,0.560,1.870,-0.613
1729,405,3488.000,99.087,-83.954,0.324,-0.565,NaN,NaN,488,0,-2.805,-1.327,NaN,NaN,NaN,NaN,NaN,NaN,NaN,NaN,NaN,NaN,NaN
1730,536,3488.000,26.003,-1.682,0.011,0.004,0.475,0.275,488,0,-0.203,-0.549,694.000,203.000,721.000,282.000,26.090,-1.740,-1.330,0.800,0.600,1.690,-0.451
1731,727,3488.000,79.845,-10.183,0.447,-0.079,NaN,NaN,488,0,-0.000,-0.000,NaN,NaN,NaN,NaN,NaN,NaN,NaN,NaN,NaN,NaN,NaN
1732,918,3488.000,25.568,-2.228,0.017,-0.009,NaN,NaN,488,0,-2.338,-1.326,NaN,NaN,NaN,NaN,NaN,NaN,NaN,NaN,NaN,NaN,NaN
1733,405,3489.000,99.410,-84.521,0.323,-0.565,NaN,NaN,489,0,-1.876,-1.327,NaN,NaN,NaN,NaN,NaN,NaN,NaN,NaN,NaN,NaN,NaN
1734,536,3489.000,26.018,-1.686,0.012,0.001,0.468,NaN,489,0,0.057,-1.327,693.000,202.000,721.000,282.000,NaN,NaN,NaN,NaN,NaN,NaN,NaN
1735,727,3489.000,80.619,-10.260,0.450,-0.074,0.750,NaN,489,0,2.906,-0.000,766.000,198.000,810.000,266.000,NaN,NaN,NaN,NaN,NaN,NaN,NaN
1736,918,3489.000,25.582,-2.257,0.015,-0.015,0.729,NaN,489,0,2.756,-1.326,718.000,194.000,762.000,278.000,NaN,NaN,NaN,NaN,NaN,NaN,NaN
1737,405,3490.000,99.733,-85.085,0.324,-0.564,NaN,NaN,490,0,-1.814,-1.327,NaN,NaN,NaN,NaN,NaN,NaN,NaN,NaN,NaN,NaN,NaN
1738,536,3490.000,26.073,-1.698,0.022,-0.005,0.444,0.061,490,0,-0.458,-1.294,693.000,202.000,720.000,283.000,26.120,-1.710,-1.270,1.840,0.600,1.830,-0.811
1739,727,3490.000,81.460,-10.347,0.454,-0.069,0.754,NaN,490,0,2.906,-0.000,766.000,198.000,810.000,266.000,NaN,NaN,NaN,NaN,NaN,NaN,NaN
1740,918,3490.000,25.597,-2.272,0.014,-0.015,NaN,NaN,490,0,-2.679,-1.326,NaN,NaN,NaN,NaN,NaN,NaN,NaN,NaN,NaN,NaN,NaN
1741,1019,3490.000,25.420,-2.070,0.000,0.000,0.736,0.162,490,0,2.178,-0.822,718.000,194.000,762.000,277.000,25.420,-2.070,-1.320,0.870,0.540,1.800,-0.411
1742,405,3491.000,100.054,-85.649,0.323,-0.564,NaN,NaN,491,0,-2.640,-1.327,NaN,NaN,NaN,NaN,NaN,NaN,NaN,NaN,NaN,NaN,NaN
1743,536,3491.000,26.047,-1.691,0.011,-0.000,0.283,0.132,491,0,-1.097,-0.992,693.000,202.000,720.000,282.000,26.000,-1.650,-1.370,0.690,0.480,1.720,0.005
1744,727,3491.000,81.728,-10.468,0.450,-0.079,0.006,NaN,491,0,-0.000,-0.000,777.000,198.000,810.000,238.000,NaN,NaN,NaN,NaN,NaN,NaN,NaN
1745,918,3491.000,25.614,-2.291,0.016,-0.018,0.005,NaN,491,0,-2.922,-1.326,719.000,197.000,760.000,242.000,NaN,NaN,NaN,NaN,NaN,NaN,NaN
1746,1019,3491.000,25.414,-2.093,-0.004,-0.013,0.726,0.313,491,0,2.069,-0.421,718.000,195.000,763.000,276.000,25.420,-2.110,-1.330,0.780,0.610,1.780,-0.220
1747,405,3492.000,100.377,-86.212,0.322,-0.563,NaN,NaN,492,0,-1.751,-1.327,NaN,NaN,NaN,NaN,NaN,NaN,NaN,NaN,NaN,NaN,NaN
1748,536,3492.000,26.057,-1.675,0.011,0.003,0.604,NaN,492,0,1.208,-1.327,692.000,203.000,720.000,289.000,NaN,NaN,NaN,NaN,NaN,NaN,NaN
1749,727,3492.000,82.606,-10.561,0.451,-0.074,0.731,NaN,492,0,2.590,-0.000,767.000,198.000,810.000,264.000,NaN,NaN,NaN,NaN,NaN,NaN,NaN
1750,918,3492.000,25.630,-2.304,0.016,-0.018,0.652,NaN,492,0,1.698,-1.326,719.000,194.000,761.000,283.000,NaN,NaN,NaN,NaN,NaN,NaN,NaN
1751,1019,3492.000,25.411,-2.105,-0.003,-0.012,NaN,NaN,492,0,-2.653,-1.327,NaN,NaN,NaN,NaN,NaN,NaN,NaN,NaN,NaN,NaN,NaN
1752,405,3493.000,100.701,-86.773,0.322,-0.561,NaN,NaN,493,0,1.619,-1.518,NaN,NaN,NaN,NaN,NaN,NaN,NaN,NaN,NaN,NaN,NaN
1753,536,3493.000,26.056,-1.686,0.012,-0.001,0.614,0.802,493,0,0.658,1.208,692.000,203.000,721.000,289.000,26.050,-1.720,-1.270,0.930,0.620,1.850,0.188
1754,727,3493.000,83.054,-10.637,0.451,-0.076,NaN,NaN,493,0,-0.000,-0.000,NaN,NaN,NaN,NaN,NaN,NaN,NaN,NaN,NaN,NaN,NaN
1755,918,3493.000,25.647,-2.324,0.017,-0.019,NaN,NaN,493,0,-2.338,-1.326,NaN,NaN,NaN,NaN,NaN,NaN,NaN,NaN,NaN,NaN,NaN
1756,1019,3493.000,25.396,-2.107,-0.003,-0.009,0.650,0.135,493,0,1.116,-0.919,719.000,194.000,761.000,283.000,25.380,-2.110,-1.300,0.940,0.540,1.880,-0.357
1757,1029,3493.000,26.910,-3.490,0.000,0.000,0.738,0.044,493,0,1.619,-1.506,767.000,198.000,810.000,265.000,26.910,-3.490,-1.300,1.750,0.640,1.760,-1.114
1758,405,3494.000,101.024,-87.332,0.323,-0.561,NaN,NaN,494,0,-5.155,-2.229,NaN,NaN,NaN,NaN,NaN,NaN,NaN,NaN,NaN,NaN,NaN
1759,536,3494.000,26.062,-1.687,0.009,-0.001,0.615,0.095,494,0,0.658,-1.080,692.000,202.000,720.000,289.000,26.050,-1.700,-1.350,0.810,0.520,1.870,-1.815
1760,727,3494.000,83.504,-10.713,0.451,-0.076,NaN,NaN,494,0,-0.000,-0.000,NaN,NaN,NaN,NaN,NaN,NaN,NaN,NaN,NaN,NaN,NaN
1761,918,3494.000,25.661,-2.343,0.014,-0.019,NaN,NaN,494,0,-2.119,-1.326,NaN,NaN,NaN,NaN,NaN,NaN,NaN,NaN,NaN,NaN,NaN
1762,1019,3494.000,25.406,-2.052,-0.003,0.011,0.669,0.397,494,0,1.273,-0.242,719.000,194.000,761.000,284.000,25.400,-2.030,-1.310,0.930,0.430,1.770,-0.095
1763,1029,3494.000,26.963,-3.361,0.015,0.037,0.728,0.157,494,0,1.520,-0.975,767.000,198.000,810.000,265.000,27.020,-3.260,-1.270,0.750,0.600,1.650,-0.039
1764,405,3495.000,101.347,-87.893,0.323,-0.561,NaN,NaN,495,0,-1.456,-1.327,NaN,NaN,NaN,NaN,NaN,NaN,NaN,NaN,NaN,NaN,NaN
1765,536,3495.000,26.068,-1.679,0.009,0.001,0.576,NaN,495,0,1.046,-1.327,692.000,202.000,721.000,289.000,NaN,NaN,NaN,NaN,NaN,NaN,NaN
1766,727,3495.000,83.954,-10.791,0.451,-0.078,NaN,NaN,495,0,-0.000,-0.000,NaN,NaN,NaN,NaN,NaN,NaN,NaN,NaN,NaN,NaN,NaN
1767,918,3495.000,25.686,-2.327,0.018,-0.015,0.682,NaN,495,0,2.039,-1.326,719.000,194.000,761.000,282.000,NaN,NaN,NaN,NaN,NaN,NaN,NaN
1768,1019,3495.000,25.403,-2.041,-0.004,0.011,NaN,NaN,495,0,-2.653,-1.327,NaN,NaN,NaN,NaN,NaN,NaN,NaN,NaN,NaN,NaN,NaN
1769,1029,3495.000,26.982,-3.369,0.016,0.017,0.719,NaN,495,0,2.434,-1.308,767.000,198.000,810.000,264.000,NaN,NaN,NaN,NaN,NaN,NaN,NaN
1770,405,3496.000,101.672,-88.454,0.324,-0.561,NaN,NaN,496,0,0.383,-1.327,NaN,NaN,NaN,NaN,NaN,NaN,NaN,NaN,NaN,NaN,NaN
1771,536,3496.000,26.054,-1.658,0.004,0.004,0.600,0.680,496,0,0.607,0.559,692.000,202.000,721.000,288.000,26.040,-1.610,-1.310,1.660,0.560,1.890,-0.800
1772,727,3496.000,84.405,-10.867,0.452,-0.077,NaN,NaN,496,0,-0.000,-0.000,NaN,NaN,NaN,NaN,NaN,NaN,NaN,NaN,NaN,NaN,NaN
1773,918,3496.000,25.704,-2.341,0.018,-0.014,NaN,NaN,496,0,-2.505,-1.326,NaN,NaN,NaN,NaN,NaN,NaN,NaN,NaN,NaN,NaN,NaN
1774,1019,3496.000,25.421,-2.060,0.000,0.004,0.687,0.852,496,0,1.488,1.832,719.000,194.000,761.000,283.000,25.420,-2.110,-1.300,0.820,0.600,1.780,-0.355
1775,1029,3496.000,26.997,-3.385,0.017,0.008,0.715,NaN,496,0,2.434,-1.308,767.000,198.000,811.000,264.000,NaN,NaN,NaN,NaN,NaN,NaN,NaN
1776,405,3497.000,101.995,-89.016,0.324,-0.561,NaN,NaN,497,0,-2.640,-1.327,NaN,NaN,NaN,NaN,NaN,NaN,NaN,NaN,NaN,NaN,NaN
1777,536,3497.000,26.039,-1.646,0.001,0.007,0.590,0.200,497,0,0.553,-0.785,692.000,202.000,721.000,289.000,26.020,-1.640,-1.310,1.820,0.610,1.970,-0.883
1778,727,3497.000,84.858,-10.947,0.453,-0.079,NaN,NaN,497,0,-0.000,-0.000,NaN,NaN,NaN,NaN,NaN,NaN,NaN,NaN,NaN,NaN,NaN
1779,918,3497.000,25.724,-2.354,0.020,-0.014,NaN,NaN,497,0,-2.804,-1.326,NaN,NaN,NaN,NaN,NaN,NaN,NaN,NaN,NaN,NaN,NaN
1780,1019,3497.000,25.411,-2.077,-0.002,-0.001,0.690,0.830,497,0,1.488,1.620,718.000,194.000,761.000,284.000,25.400,-2.110,-1.270,0.840,0.630,1.800,-0.520
1781,1029,3497.000,27.011,-3.393,0.017,0.002,0.719,NaN,497,0,2.434,-1.309,767.000,198.000,811.000,264.000,NaN,NaN,NaN,NaN,NaN,NaN,NaN
1782,405,3498.000,102.318,-89.576,0.324,-0.560,NaN,NaN,498,0,-2.805,-1.327,NaN,NaN,NaN,NaN,NaN,NaN,NaN,NaN,NaN,NaN,NaN
1783,536,3498.000,26.040,-1.649,0.001,0.005,0.552,NaN,498,0,0.639,-1.327,692.000,202.000,720.000,282.000,NaN,NaN,NaN,NaN,NaN,NaN,NaN
1784,727,3498.000,85.311,-11.026,0.454,-0.079,NaN,NaN,498,0,-0.000,-0.000,NaN,NaN,NaN,NaN,NaN,NaN,NaN,NaN,NaN,NaN,NaN
1785,918,3498.000,25.750,-2.319,0.023,-0.004,0.699,NaN,498,0,2.315,-1.326,718.000,194.000,761.000,283.000,NaN,NaN,NaN,NaN,NaN,NaN,NaN
1786,1019,3498.000,25.407,-2.079,-0.004,-0.002,NaN,NaN,498,0,-2.653,-1.327,NaN,NaN,NaN,NaN,NaN,NaN,NaN,NaN,NaN,NaN,NaN
1787,1029,3498.000,27.037,-3.394,0.020,0.003,0.720,NaN,498,0,2.434,-1.309,767.000,198.000,810.000,265.000,NaN,NaN,NaN,NaN,NaN,NaN,NaN
1788,405,3499.000,102.641,-90.139,0.325,-0.561,NaN,NaN,499,0,-2.640,-1.327,NaN,NaN,NaN,NaN,NaN,NaN,NaN,NaN,NaN,NaN,NaN
1789,536,3499.000,26.016,-1.606,-0.005,0.015,0.590,0.124,499,0,0.553,-1.022,692.000,202.000,720.000,288.000,25.990,-1.520,-1.250,0.980,0.500,1.980,-0.832
1790,727,3499.000,85.766,-11.106,0.455,-0.080,NaN,NaN,499,0,-0.000,-0.000,NaN,NaN,NaN,NaN,NaN,NaN,NaN,NaN,NaN,NaN,NaN
1791,918,3499.000,25.772,-2.323,0.022,-0.005,NaN,NaN,499,0,-2.319,-1.326,NaN,NaN,NaN,NaN,NaN,NaN,NaN,NaN,NaN,NaN,NaN
1792,1019,3499.000,25.469,-2.084,0.012,-0.003,0.699,0.079,499,0,1.367,-1.162,718.000,194.000,761.000,284.000,25.510,-2.110,-1.230,0.860,0.550,1.850,-0.218
1793,1029,3499.000,27.062,-3.393,0.021,0.002,0.721,NaN,499,0,2.434,-1.309,767.000,198.000,810.000,264.000,NaN,NaN,NaN,NaN,NaN,NaN,NaN
1794,405,3500.000,102.964,-90.701,0.324,-0.561,NaN,NaN,500,0,-1.876,-1.327,NaN,NaN,NaN,NaN,NaN,NaN,NaN,NaN,NaN,NaN,NaN
1795,536,3500.000,25.989,-1.610,-0.012,0.008,0.040,0.388,500,0,-2.902,-0.353,692.000,202.000,719.000,250.000,25.960,-1.640,-1.340,1.790,0.660,1.870,-0.902
1796,727,3500.000,86.223,-11.186,0.456,-0.080,NaN,NaN,500,0,-0.000,-0.000,NaN,NaN,NaN,NaN,NaN,NaN,NaN,NaN,NaN,NaN,NaN
1797,918,3500.000,25.989,-1.931,0.034,0.063,0.245,0.933,500,0,-1.341,4.914,693.000,202.000,720.000,285.000,26.010,-1.670,-1.360,0.770,0.590,1.730,0.112
1798,1019,3500.000,25.477,-2.076,0.010,0.002,0.676,0.046,500,0,1.371,-1.312,718.000,194.000,761.000,284.000,25.460,-2.080,-1.290,0.850,0.570,1.820,-0.340
1799,1029,3500.000,27.081,-3.397,0.020,-0.001,0.722,NaN,500,0,2.434,-1.309,767.000,198.000,810.000,264.000,NaN,NaN,NaN,NaN,NaN,NaN,NaN
1800,405,3501.000,103.288,-91.261,0.324,-0.561,NaN,NaN,501,0,-1.937,-1.327,NaN,NaN,NaN,NaN,NaN,NaN,NaN,NaN,NaN,NaN,NaN
1801,536,3501.000,25.979,-1.633,-0.014,0.001,0.040,NaN,501,0,-2.701,-1.326,692.000,216.000,719.000,269.000,NaN,NaN,NaN,NaN,NaN,NaN,NaN
1802,727,3501.000,86.680,-11.265,0.456,-0.080,NaN,NaN,501,0,-0.000,-0.000,NaN,NaN,NaN,NaN,NaN,NaN,NaN,NaN,NaN,NaN,NaN
1803,918,3501.000,26.020,-1.789,0.035,0.087,0.143,NaN,501,0,-1.610,-1.327,699.000,205.000,721.000,269.000,NaN,NaN,NaN,NaN,NaN,NaN,NaN
1804,1019,3501.000,25.478,-2.148,0.011,-0.015,0.702,NaN,501,0,2.315,-1.327,718.000,195.000,760.000,283.000,NaN,NaN,NaN,NaN,NaN,NaN,NaN
1805,1029,3501.000,27.097,-3.396,0.021,-0.002,0.736,NaN,501,0,2.746,-1.309,766.000,198.000,809.000,264.000,NaN,NaN,NaN,NaN,NaN,NaN,NaN
1806,405,3502.000,103.612,-91.821,0.323,-0.562,NaN,NaN,502,0,-2.805,-1.327,NaN,NaN,NaN,NaN,NaN,NaN,NaN,NaN,NaN,NaN,NaN
1807,536,3502.000,25.942,-1.702,-0.019,-0.019,0.067,NaN,502,0,-2.274,-1.327,701.000,204.000,720.000,246.000,NaN,NaN,NaN,NaN,NaN,NaN,NaN
1808,727,3502.000,87.136,-11.344,0.456,-0.079,NaN,NaN,502,0,-0.000,-0.000,NaN,NaN,NaN,NaN,NaN,NaN,NaN,NaN,NaN,NaN,NaN
1809,918,3502.000,26.051,-1.700,0.032,0.091,0.201,0.227,502,0,-1.570,-0.703,698.000,203.000,720.000,281.000,26.080,-1.690,-1.290,1.990,0.670,1.820,-0.777
1810,1019,3502.000,25.462,-2.119,0.002,-0.005,0.702,0.040,502,0,1.628,-1.391,718.000,194.000,760.000,283.000,25.430,-2.070,-1.260,0.870,0.520,1.690,-0.105
1811,1029,3502.000,27.115,-3.395,0.022,-0.004,0.735,NaN,502,0,2.590,-1.309,766.000,198.000,809.000,264.000,NaN,NaN,NaN,NaN,NaN,NaN,NaN
1812,405,3503.000,103.936,-92.382,0.324,-0.561,NaN,NaN,503,0,-2.972,-1.327,NaN,NaN,NaN,NaN,NaN,NaN,NaN,NaN,NaN,NaN,NaN
1813,536,3503.000,25.924,-1.721,-0.018,-0.018,NaN,NaN,503,0,-1.937,-1.327,NaN,NaN,NaN,NaN,NaN,NaN,NaN,NaN,NaN,NaN,NaN
1814,727,3503.000,87.591,-11.423,0.455,-0.079,NaN,NaN,503,0,0.000,-0.000,NaN,NaN,NaN,NaN,NaN,NaN,NaN,NaN,NaN,NaN,NaN
1815,918,3503.000,26.056,-1.616,0.030,0.090,0.456,0.867,503,0,-0.288,2.113,699.000,202.000,720.000,289.000,26.040,-1.640,-1.370,0.770,0.740,1.840,0.184
1816,1019,3503.000,25.491,-2.140,0.007,-0.010,0.676,0.331,503,0,1.117,-0.474,719.000,195.000,760.000,277.000,25.520,-2.150,-1.290,0.830,0.580,1.780,-0.428
1817,1029,3503.000,27.124,-3.395,0.022,-0.004,0.742,NaN,503,0,2.746,-1.310,766.000,198.000,809.000,265.000,NaN,NaN,NaN,NaN,NaN,NaN,NaN
1818,405,3504.000,104.260,-92.945,0.325,-0.562,NaN,NaN,504,0,-2.972,-1.327,NaN,NaN,NaN,NaN,NaN,NaN,NaN,NaN,NaN,NaN,NaN
1819,536,3504.000,25.916,-1.726,-0.017,-0.015,0.362,NaN,504,0,-0.420,-1.327,699.000,203.000,720.000,288.000,NaN,NaN,NaN,NaN,NaN,NaN,NaN
1820,727,3504.000,88.045,-11.504,0.454,-0.080,NaN,NaN,504,0,-0.000,-0.000,NaN,NaN,NaN,NaN,NaN,NaN,NaN,NaN,NaN,NaN,NaN
1821,918,3504.000,26.116,-1.696,0.035,0.038,0.049,NaN,504,0,-2.805,-1.327,701.000,203.000,721.000,241.000,NaN,NaN,NaN,NaN,NaN,NaN,NaN
1822,1019,3504.000,25.493,-2.196,0.005,-0.021,0.666,NaN,504,0,1.916,-1.327,719.000,195.000,760.000,280.000,NaN,NaN,NaN,NaN,NaN,NaN,NaN
1823,1029,3504.000,27.148,-3.395,0.024,-0.003,0.739,NaN,504,0,2.746,-1.310,766.000,198.000,809.000,265.000,NaN,NaN,NaN,NaN,NaN,NaN,NaN
1824,405,3505.000,104.584,-93.507,0.324,-0.563,NaN,NaN,505,0,-2.833,-1.967,NaN,NaN,NaN,NaN,NaN,NaN,NaN,NaN,NaN,NaN,NaN
1825,536,3505.000,25.899,-1.750,-0.018,-0.017,0.028,NaN,505,0,-3.100,-1.327,701.000,203.000,722.000,242.000,NaN,NaN,NaN,NaN,NaN,NaN,NaN
1826,727,3505.000,88.498,-11.584,0.454,-0.081,NaN,NaN,505,0,-0.000,-0.000,NaN,NaN,NaN,NaN,NaN,NaN,NaN,NaN,NaN,NaN,NaN
1827,918,3505.000,26.148,-1.684,0.033,0.033,0.433,0.742,505,0,-0.526,0.947,698.000,203.000,721.000,282.000,26.130,-1.750,-1.300,1.890,0.590,1.780,-0.855
1828,1019,3505.000,25.428,-2.171,-0.012,-0.009,0.640,0.116,505,0,1.051,-0.951,720.000,195.000,760.000,280.000,25.330,-2.070,-1.280,0.810,0.600,1.730,-0.067
1829,1029,3505.000,27.175,-3.396,0.025,-0.001,0.739,NaN,505,0,2.746,-1.309,766.000,198.000,809.000,264.000,NaN,NaN,NaN,NaN,NaN,NaN,NaN
1830,405,3506.000,104.909,-94.070,0.324,-0.562,NaN,NaN,506,0,-2.640,-1.327,NaN,NaN,NaN,NaN,NaN,NaN,NaN,NaN,NaN,NaN,NaN
1831,536,3506.000,25.979,-1.748,-0.002,-0.009,0.200,0.325,506,0,-1.570,-0.495,699.000,203.000,721.000,270.000,26.020,-1.660,-1.310,0.760,0.620,1.830,-0.633
1832,727,3506.000,88.950,-11.664,0.452,-0.080,NaN,NaN,506,0,0.973,-0.000,NaN,NaN,NaN,NaN,NaN,NaN,NaN,NaN,NaN,NaN,NaN
1833,918,3506.000,26.131,-1.647,0.020,0.036,0.105,0.010,506,0,-2.160,-1.556,700.000,203.000,721.000,242.000,26.050,-1.650,-1.340,1.900,0.560,1.810,-0.734
1834,1019,3506.000,25.463,-2.179,-0.002,-0.008,0.656,0.026,506,0,0.944,-1.506,719.000,195.000,760.000,281.000,25.530,-2.170,-1.300,1.680,0.590,1.960,-0.631
1835,1029,3506.000,27.106,-3.387,0.016,0.003,0.744,0.020,506,0,1.619,-1.580,766.000,198.000,809.000,265.000,27.100,-3.420,-1.350,1.740,0.640,1.780,-1.120
1836,405,3507.000,105.232,-94.633,0.324,-0.562,NaN,NaN,507,0,-1.152,-1.327,NaN,NaN,NaN,NaN,NaN,NaN,NaN,NaN,NaN,NaN,NaN
1837,536,3507.000,25.978,-1.730,0.001,-0.001,0.168,NaN,507,0,-1.443,-1.327,693.000,202.000,722.000,270.000,NaN,NaN,NaN,NaN,NaN,NaN,NaN
1838,727,3507.000,89.403,-11.742,0.452,-0.078,NaN,NaN,507,0,-0.000,-0.000,NaN,NaN,NaN,NaN,NaN,NaN,NaN,NaN,NaN,NaN,NaN
1839,918,3507.000,26.150,-1.611,0.020,0.037,NaN,NaN,507,0,-2.549,-1.327,NaN,NaN,NaN,NaN,NaN,NaN,NaN,NaN,NaN,NaN,NaN
1840,1019,3507.000,25.459,-2.215,-0.003,-0.015,0.648,NaN,507,0,1.698,-1.326,719.000,195.000,760.000,277.000,NaN,NaN,NaN,NaN,NaN,NaN,NaN
1841,1029,3507.000,27.126,-3.384,0.014,0.004,0.744,NaN,507,0,2.746,-1.308,766.000,198.000,809.000,265.000,NaN,NaN,NaN,NaN,NaN,NaN,NaN
1842,405,3508.000,105.556,-95.195,0.323,-0.562,NaN,NaN,508,0,0.629,-0.005,NaN,NaN,NaN,NaN,NaN,NaN,NaN,NaN,NaN,NaN,NaN
1843,536,3508.000,26.020,-1.727,0.008,-0.000,0.458,0.409,508,0,-0.288,-0.313,694.000,202.000,721.000,275.000,26.040,-1.700,-1.290,1.780,0.650,1.830,-0.804
1844,727,3508.000,89.854,-11.820,0.452,-0.078,NaN,NaN,508,0,-0.000,-0.000,NaN,NaN,NaN,NaN,NaN,NaN,NaN,NaN,NaN,NaN,NaN
1845,918,3508.000,26.176,-1.734,0.023,-0.004,0.025,NaN,508,0,-2.815,-1.326,701.000,203.000,721.000,246.000,NaN,NaN,NaN,NaN,NaN,NaN,NaN
1846,1019,3508.000,25.423,-2.184,-0.011,-0.006,0.631,0.916,508,0,0.994,3.500,721.000,195.000,761.000,274.000,25.390,-2.120,-1.370,0.890,0.570,1.770,-0.429
1847,1029,3508.000,27.146,-3.389,0.013,0.003,0.738,NaN,508,0,2.746,-1.309,766.000,198.000,809.000,265.000,NaN,NaN,NaN,NaN,NaN,NaN,NaN
1848,1057,3508.000,27.840,12.250,0.000,0.000,0.683,0.570,508,0,0.629,-0.004,20.000,196.000,49.000,279.000,27.840,12.250,-0.970,0.750,0.680,1.750,0.596
1849,405,3509.000,105.878,-95.756,0.322,-0.561,NaN,NaN,509,0,-2.805,-1.327,NaN,NaN,NaN,NaN,NaN,NaN,NaN,NaN,NaN,NaN,NaN
1850,536,3509.000,26.001,-1.697,0.005,0.008,0.449,0.631,509,0,-0.376,0.377,696.000,202.000,722.000,280.000,25.980,-1.640,-1.220,1.640,0.550,1.800,-0.830
1851,727,3509.000,90.310,-11.897,0.454,-0.077,NaN,NaN,509,0,-0.000,-0.000,NaN,NaN,NaN,NaN,NaN,NaN,NaN,NaN,NaN,NaN,NaN
1852,918,3509.000,26.199,-1.736,0.023,-0.002,NaN,NaN,509,0,-2.680,-1.327,NaN,NaN,NaN,NaN,NaN,NaN,NaN,NaN,NaN,NaN,NaN
1853,1019,3509.000,25.457,-2.191,-0.001,-0.007,0.632,0.337,509,0,0.754,-0.448,720.000,195.000,760.000,274.000,25.510,-2.190,-1.150,0.860,0.550,1.780,-0.758
1854,1029,3509.000,27.167,-3.398,0.013,0.000,0.744,NaN,509,0,2.746,-1.309,766.000,198.000,809.000,265.000,NaN,NaN,NaN,NaN,NaN,NaN,NaN
1855,1057,3509.000,27.983,12.278,0.033,0.005,NaN,0.013,509,0,-2.746,-1.368,4.000,181.000,60.000,268.000,28.090,12.290,-1.010,0.780,0.570,1.760,1.380
1856,405,3510.000,106.202,-96.316,0.323,-0.561,NaN,NaN,510,0,-2.207,-1.327,NaN,NaN,NaN,NaN,NaN,NaN,NaN,NaN,NaN,NaN,NaN
1857,536,3510.000,26.004,-1.665,0.003,0.015,0.034,NaN,510,0,-2.538,-1.327,691.000,221.000,720.000,290.000,NaN,NaN,NaN,NaN,NaN,NaN,NaN
1858,727,3510.000,90.763,-11.973,0.455,-0.077,NaN,NaN,510,0,-0.000,-0.000,NaN,NaN,NaN,NaN,NaN,NaN,NaN,NaN,NaN,NaN,NaN
1859,918,3510.000,26.208,-1.723,0.021,0.002,0.136,NaN,510,0,-1.610,-1.327,694.000,202.000,723.000,277.000,NaN,NaN,NaN,NaN,NaN,NaN,NaN
1860,1019,3510.000,25.455,-2.222,-0.001,-0.013,0.653,NaN,510,0,1.509,-1.326,719.000,195.000,760.000,272.000,NaN,NaN,NaN,NaN,NaN,NaN,NaN
1861,1029,3510.000,27.186,-3.408,0.014,-0.002,0.744,NaN,510,0,2.746,-1.309,766.000,198.000,810.000,266.000,NaN,NaN,NaN,NaN,NaN,NaN,NaN
1862,1057,3510.000,28.061,12.194,0.051,-0.026,0.814,NaN,510,0,4.053,-1.055,26.000,198.000,56.000,264.000,NaN,NaN,NaN,NaN,NaN,NaN,NaN
1863,405,3511.000,106.524,-96.876,0.323,-0.560,NaN,NaN,511,0,-2.320,-1.327,NaN,NaN,NaN,NaN,NaN,NaN,NaN,NaN,NaN,NaN,NaN
1864,536,3511.000,25.997,-1.685,-0.000,0.005,0.028,0.668,511,0,-3.013,0.512,698.000,202.000,725.000,273.000,25.990,-1.740,-1.350,0.790,0.560,1.730,-0.217
1865,727,3511.000,91.217,-12.050,0.454,-0.077,NaN,NaN,511,0,-0.000,-0.000,NaN,NaN,NaN,NaN,NaN,NaN,NaN,NaN,NaN,NaN,NaN
1866,918,3511.000,26.231,-1.722,0.022,0.001,NaN,NaN,511,0,-1.510,-1.327,NaN,NaN,NaN,NaN,NaN,NaN,NaN,NaN,NaN,NaN,NaN
1867,1019,3511.000,25.428,-2.195,-0.009,-0.002,0.655,0.175,511,0,1.190,-0.761,719.000,195.000,760.000,281.000,25.410,-2.130,-1.320,0.820,0.620,1.890,-1.248
1868,1029,3511.000,27.207,-3.421,0.014,-0.003,0.734,NaN,511,0,2.590,-1.310,766.000,198.000,810.000,266.000,NaN,NaN,NaN,NaN,NaN,NaN,NaN
1869,1057,3511.000,28.111,12.173,0.043,-0.022,0.762,0.664,511,0,1.502,0.235,28.000,198.000,60.000,264.000,28.140,12.180,-0.970,0.720,0.650,1.690,-0.004
1870,405,3512.000,106.848,-97.437,0.323,-0.560,NaN,NaN,512,0,-2.320,-1.327,NaN,NaN,NaN,NaN,NaN,NaN,NaN,NaN,NaN,NaN,NaN
1871,536,3512.000,25.986,-1.724,-0.003,-0.006,0.065,0.057,512,0,-2.442,-1.294,698.000,202.000,726.000,276.000,25.970,-1.760,-1.350,0.910,0.540,1.790,-0.596
1872,727,3512.000,91.668,-12.126,0.453,-0.076,NaN,NaN,512,0,-0.000,-0.000,NaN,NaN,NaN,NaN,NaN,NaN,NaN,NaN,NaN,NaN,NaN
1873,918,3512.000,26.409,-2.004,0.043,-0.056,0.025,NaN,512,0,-2.816,-1.327,718.000,198.000,755.000,252.000,NaN,NaN,NaN,NaN,NaN,NaN,NaN
1874,1019,3512.000,25.424,-2.168,-0.008,0.007,0.615,0.242,512,0,0.943,-0.591,719.000,195.000,760.000,275.000,25.440,-2.110,-1.290,0.840,0.500,1.630,-0.111
1875,1029,3512.000,27.223,-3.424,0.014,-0.003,0.736,NaN,512,0,2.746,-1.311,766.000,198.000,810.000,266.000,NaN,NaN,NaN,NaN,NaN,NaN,NaN
1876,1057,3512.000,28.165,12.110,0.051,-0.032,0.661,NaN,512,0,1.613,-1.084,33.000,198.000,62.000,260.000,NaN,NaN,NaN,NaN,NaN,NaN,NaN
1877,405,3513.000,107.173,-97.997,0.325,-0.559,NaN,NaN,513,0,-2.805,-1.327,NaN,NaN,NaN,NaN,NaN,NaN,NaN,NaN,NaN,NaN,NaN
1878,536,3513.000,25.982,-1.730,-0.004,-0.006,NaN,NaN,513,0,-1.510,-1.327,NaN,NaN,NaN,NaN,NaN,NaN,NaN,NaN,NaN,NaN,NaN
1879,727,3513.000,92.122,-12.201,0.453,-0.076,NaN,NaN,513,0,-0.000,-0.000,NaN,NaN,NaN,NaN,NaN,NaN,NaN,NaN,NaN,NaN,NaN
1880,918,3513.000,26.452,-2.060,0.043,-0.056,NaN,NaN,513,0,-2.805,-1.327,NaN,NaN,NaN,NaN,NaN,NaN,NaN,NaN,NaN,NaN,NaN
1881,1019,3513.000,25.414,-2.193,-0.008,-0.002,0.629,NaN,513,0,1.305,-1.326,718.000,195.000,760.000,273.000,NaN,NaN,NaN,NaN,NaN,NaN,NaN
1882,1029,3513.000,27.246,-3.428,0.017,-0.002,0.747,NaN,513,0,2.906,-1.311,766.000,198.000,810.000,267.000,NaN,NaN,NaN,NaN,NaN,NaN,NaN
1883,1057,3513.000,28.236,12.046,0.062,-0.042,0.740,NaN,513,0,2.746,-1.084,38.000,197.000,65.000,266.000,NaN,NaN,NaN,NaN,NaN,NaN,NaN
1884,405,3514.000,107.497,-98.554,0.325,-0.558,NaN,NaN,514,0,-2.998,-1.327,NaN,NaN,NaN,NaN,NaN,NaN,NaN,NaN,NaN,NaN,NaN
1885,536,3514.000,25.973,-1.755,-0.005,-0.010,NaN,0.010,514,0,-3.127,-1.557,667.000,197.000,754.000,296.000,25.970,-1.750,-1.290,1.850,0.570,1.830,-0.820
1886,727,3514.000,95.298,-12.035,0.494,-0.053,0.053,NaN,514,0,-0.000,-0.000,766.000,208.000,808.000,252.000,NaN,NaN,NaN,NaN,NaN,NaN,NaN
1887,918,3514.000,26.039,-1.903,-0.012,-0.022,NaN,0.033,514,0,-3.127,-1.506,687.000,199.000,737.000,296.000,26.010,-1.770,-1.320,0.640,0.710,1.820,-0.679
1888,1019,3514.000,25.437,-2.183,-0.003,0.003,0.610,0.010,514,0,0.892,-1.501,718.000,195.000,760.000,274.000,25.470,-2.170,-1.300,0.800,0.630,1.900,-0.745
1889,1029,3514.000,27.268,-3.431,0.017,-0.002,0.748,NaN,514,0,2.906,-1.311,766.000,198.000,810.000,267.000,NaN,NaN,NaN,NaN,NaN,NaN,NaN
1890,1057,3514.000,28.290,12.011,0.063,-0.038,0.772,NaN,514,0,3.261,-1.087,41.000,196.000,65.000,264.000,NaN,NaN,NaN,NaN,NaN,NaN,NaN
1891,405,3515.000,107.825,-99.111,0.326,-0.557,NaN,NaN,515,0,-2.680,-1.327,NaN,NaN,NaN,NaN,NaN,NaN,NaN,NaN,NaN,NaN,NaN
1892,536,3515.000,25.948,-1.763,-0.010,-0.006,NaN,0.019,515,0,-3.127,-1.539,690.000,198.000,731.000,296.000,25.940,-1.740,-1.310,0.620,0.560,1.840,-0.540
1893,727,3515.000,95.792,-12.087,0.494,-0.052,NaN,NaN,515,0,0.285,-0.000,NaN,NaN,NaN,NaN,NaN,NaN,NaN,NaN,NaN,NaN,NaN
1894,918,3515.000,26.026,-1.925,-0.012,-0.022,NaN,NaN,515,0,-2.639,-1.327,NaN,NaN,NaN,NaN,NaN,NaN,NaN,NaN,NaN,NaN,NaN
1895,1019,3515.000,25.517,-2.169,0.012,0.006,NaN,0.026,515,0,-3.127,-1.506,709.000,197.000,758.000,298.000,25.610,-2.150,-1.310,0.750,0.520,1.860,-1.192
1896,1029,3515.000,27.286,-3.431,0.017,-0.000,0.755,NaN,515,0,3.077,-1.311,766.000,198.000,810.000,267.000,NaN,NaN,NaN,NaN,NaN,NaN,NaN
1897,1057,3515.000,28.408,11.969,0.071,-0.039,0.650,0.990,515,0,0.403,7.239,44.000,196.000,72.000,278.000,28.410,11.940,-0.980,0.760,0.650,1.630,0.378
1898,405,3516.000,108.151,-99.666,0.326,-0.557,NaN,NaN,516,0,-1.409,-1.327,NaN,NaN,NaN,NaN,NaN,NaN,NaN,NaN,NaN,NaN,NaN
1899,536,3516.000,25.943,-1.720,-0.010,0.006,0.065,NaN,516,0,-2.155,-1.327,693.000,213.000,721.000,291.000,NaN,NaN,NaN,NaN,NaN,NaN,NaN
1900,727,3516.000,95.869,-11.761,0.494,-0.035,0.035,NaN,516,0,-0.000,-0.000,766.000,210.000,797.000,261.000,NaN,NaN,NaN,NaN,NaN,NaN,NaN
1901,918,3516.000,26.015,-1.799,-0.013,0.007,0.138,NaN,516,0,-1.610,-1.327,698.000,204.000,723.000,278.000,NaN,NaN,NaN,NaN,NaN,NaN,NaN
1902,1019,3516.000,25.523,-2.224,0.010,-0.009,0.032,NaN,516,0,-2.815,-1.326,722.000,195.000,759.000,247.000,NaN,NaN,NaN,NaN,NaN,NaN,NaN
1903,1029,3516.000,27.306,-3.422,0.018,0.002,0.736,NaN,516,0,2.746,-1.311,766.000,197.000,810.000,267.000,NaN,NaN,NaN,NaN,NaN,NaN,NaN
1904,1057,3516.000,28.496,11.932,0.074,-0.038,0.785,NaN,516,0,3.460,-1.226,48.000,196.000,74.000,264.000,NaN,NaN,NaN,NaN,NaN,NaN,NaN
1905,405,3517.000,108.478,-100.223,0.326,-0.557,NaN,NaN,517,0,-2.347,-2.335,NaN,NaN,NaN,NaN,NaN,NaN,NaN,NaN,NaN,NaN,NaN
1906,536,3517.000,25.906,-1.724,-0.015,0.005,0.066,0.783,517,0,-2.442,1.099,691.000,211.000,721.000,291.000,25.880,-1.730,-1.320,0.910,0.610,1.870,-0.613
1907,727,3517.000,96.363,-11.798,0.494,-0.037,NaN,NaN,517,0,-0.000,-0.000,NaN,NaN,NaN,NaN,NaN,NaN,NaN,NaN,NaN,NaN,NaN
1908,918,3517.000,25.955,-1.760,-0.022,0.015,0.162,0.014,517,0,-1.799,-1.557,698.000,204.000,723.000,280.000,25.930,-1.740,-1.330,1.800,0.570,1.830,-0.796
1909,1019,3517.000,25.470,-2.189,0.001,-0.000,0.593,0.662,517,0,0.777,0.595,719.000,195.000,760.000,277.000,25.420,-2.120,-1.370,0.860,0.600,1.790,-0.217
1910,1029,3517.000,27.314,-3.419,0.016,0.001,0.727,NaN,517,0,2.590,-1.310,766.000,198.000,810.000,265.000,NaN,NaN,NaN,NaN,NaN,NaN,NaN
1911,1057,3517.000,28.574,11.905,0.073,-0.034,0.811,0.947,517,0,1.726,5.442,50.000,197.000,76.000,264.000,28.560,11.940,-1.080,0.770,0.590,1.620,0.179
1912,405,3518.000,108.806,-100.779,0.328,-0.557,NaN,NaN,518,0,-2.483,-1.327,NaN,NaN,NaN,NaN,NaN,NaN,NaN,NaN,NaN,NaN,NaN
1913,536,3518.000,25.888,-1.718,-0.014,0.005,0.049,NaN,518,0,-2.295,-1.327,697.000,218.000,722.000,289.000,NaN,NaN,NaN,NaN,NaN,NaN,NaN
1914,727,3518.000,96.857,-11.833,0.494,-0.035,NaN,NaN,518,0,-0.000,-0.000,NaN,NaN,NaN,NaN,NaN,NaN,NaN,NaN,NaN,NaN,NaN
1915,918,3518.000,25.934,-1.756,-0.020,0.011,0.111,0.156,518,0,-2.101,-0.899,698.000,204.000,725.000,274.000,25.930,-1.800,-1.260,1.830,0.570,1.750,-0.941
1916,1019,3518.000,25.480,-2.164,0.003,0.004,0.617,0.540,518,0,0.943,0.245,719.000,195.000,760.000,277.000,25.490,-2.130,-1.260,0.820,0.560,1.730,-0.491
1917,1029,3518.000,27.325,-3.422,0.014,0.000,0.721,NaN,518,0,2.434,-1.309,766.000,198.000,810.000,265.000,NaN,NaN,NaN,NaN,NaN,NaN,NaN
1918,1057,3518.000,28.665,11.835,0.077,-0.045,0.065,NaN,518,0,-2.073,-1.276,53.000,198.000,91.000,278.000,NaN,NaN,NaN,NaN,NaN,NaN,NaN
1919,405,3519.000,109.135,-101.336,0.328,-0.557,NaN,NaN,519,0,-0.804,-1.327,NaN,NaN,NaN,NaN,NaN,NaN,NaN,NaN,NaN,NaN,NaN
1920,536,3519.000,25.873,-1.712,-0.014,0.006,NaN,NaN,519,0,-2.206,-1.327,NaN,NaN,NaN,NaN,NaN,NaN,NaN,NaN,NaN,NaN,NaN
1921,727,3519.000,97.353,-11.868,0.495,-0.035,NaN,NaN,519,0,-0.000,-0.000,NaN,NaN,NaN,NaN,NaN,NaN,NaN,NaN,NaN,NaN,NaN
1922,918,3519.000,25.923,-1.788,-0.020,0.006,0.036,NaN,519,0,-2.435,-1.327,699.000,200.000,731.000,275.000,NaN,NaN,NaN,NaN,NaN,NaN,NaN
1923,1019,3519.000,25.475,-2.209,-0.000,-0.007,0.040,NaN,519,0,-2.701,-1.326,720.000,196.000,759.000,244.000,NaN,NaN,NaN,NaN,NaN,NaN,NaN
1924,1029,3519.000,27.348,-3.441,0.014,-0.004,0.736,NaN,519,0,2.746,-1.310,767.000,197.000,813.000,265.000,NaN,NaN,NaN,NaN,NaN,NaN,NaN
1925,1057,3519.000,28.742,11.810,0.077,-0.041,0.445,NaN,519,0,-0.079,-1.281,57.000,198.000,84.000,263.000,NaN,NaN,NaN,NaN,NaN,NaN,NaN
1926,405,3520.000,109.463,-101.895,0.327,-0.558,NaN,NaN,520,0,-2.080,-1.327,NaN,NaN,NaN,NaN,NaN,NaN,NaN,NaN,NaN,NaN,NaN
1927,536,3520.000,25.659,-1.838,-0.052,-0.029,0.738,0.012,520,0,1.893,-1.556,767.000,197.000,812.000,265.000,25.550,-2.030,-1.220,1.840,0.640,1.850,0.524
1928,727,3520.000,97.848,-11.903,0.494,-0.035,NaN,NaN,520,0,-0.000,-0.000,NaN,NaN,NaN,NaN,NaN,NaN,NaN,NaN,NaN,NaN,NaN
1929,918,3520.000,25.914,-1.760,-0.016,0.010,0.063,0.075,520,0,-2.588,-1.221,699.000,223.000,721.000,273.000,25.930,-1.700,-1.330,0.770,0.580,1.810,1.424
1930,1019,3520.000,25.478,-2.188,-0.002,-0.001,0.671,0.578,520,0,1.273,0.359,719.000,195.000,760.000,286.000,25.470,-2.120,-1.260,0.950,0.470,1.800,-0.320
1931,1029,3520.000,27.362,-3.448,0.014,-0.006,NaN,NaN,520,0,-0.843,-1.311,NaN,NaN,NaN,NaN,NaN,NaN,NaN,NaN,NaN,NaN,NaN
1932,1057,3520.000,28.820,11.778,0.077,-0.039,0.685,NaN,520,0,1.846,-1.265,59.000,198.000,89.000,264.000,NaN,NaN,NaN,NaN,NaN,NaN,NaN
1933,405,3521.000,109.790,-102.453,0.327,-0.558,NaN,NaN,521,0,-2.143,-1.327,NaN,NaN,NaN,NaN,NaN,NaN,NaN,NaN,NaN,NaN,NaN
1934,536,3521.000,25.609,-1.847,-0.052,-0.026,0.037,NaN,521,0,-2.185,-1.327,700.000,201.000,734.000,289.000,NaN,NaN,NaN,NaN,NaN,NaN,NaN
1935,727,3521.000,98.344,-11.937,0.495,-0.034,NaN,NaN,521,0,-0.000,-0.000,NaN,NaN,NaN,NaN,NaN,NaN,NaN,NaN,NaN,NaN,NaN
1936,918,3521.000,25.904,-1.777,-0.016,0.002,0.291,NaN,521,0,-0.847,-1.327,700.000,202.000,727.000,267.000,NaN,NaN,NaN,NaN,NaN,NaN,NaN
1937,1019,3521.000,25.473,-2.222,-0.000,-0.009,0.028,NaN,521,0,-2.815,-1.326,720.000,197.000,757.000,245.000,NaN,NaN,NaN,NaN,NaN,NaN,NaN
1938,1029,3521.000,27.407,-3.450,0.016,-0.005,0.717,NaN,521,0,2.434,-1.311,767.000,198.000,809.000,265.000,NaN,NaN,NaN,NaN,NaN,NaN,NaN
1939,1057,3521.000,28.881,11.737,0.071,-0.040,0.247,0.480,521,0,-1.722,-0.350,65.000,197.000,91.000,260.000,28.870,11.750,-0.960,0.820,0.630,1.810,-0.479
1940,405,3522.000,110.116,-103.012,0.327,-0.558,NaN,NaN,522,0,-2.143,-1.327,NaN,NaN,NaN,NaN,NaN,NaN,NaN,NaN,NaN,NaN,NaN
1941,536,3522.000,25.557,-1.873,-0.052,-0.025,NaN,NaN,522,0,-0.853,-1.327,NaN,NaN,NaN,NaN,NaN,NaN,NaN,NaN,NaN,NaN,NaN
1942,727,3522.000,98.838,-11.969,0.494,-0.033,NaN,NaN,522,0,-0.000,-0.000,NaN,NaN,NaN,NaN,NaN,NaN,NaN,NaN,NaN,NaN,NaN
1943,918,3522.000,25.880,-1.766,-0.019,0.006,0.158,NaN,522,0,-1.502,-1.327,701.000,203.000,724.000,265.000,NaN,NaN,NaN,NaN,NaN,NaN,NaN
1944,1019,3522.000,25.474,-2.231,0.000,-0.009,NaN,NaN,522,0,-2.804,-1.326,NaN,NaN,NaN,NaN,NaN,NaN,NaN,NaN,NaN,NaN,NaN
1945,1029,3522.000,27.419,-3.448,0.013,-0.003,0.681,NaN,522,0,1.846,-1.311,767.000,198.000,808.000,265.000,NaN,NaN,NaN,NaN,NaN,NaN,NaN
1946,1057,3522.000,28.966,11.689,0.074,-0.041,0.354,NaN,522,0,-0.576,-1.194,69.000,197.000,95.000,262.000,NaN,NaN,NaN,NaN,NaN,NaN,NaN
1947,405,3523.000,110.440,-103.570,0.327,-0.558,NaN,NaN,523,0,-1.064,-1.327,NaN,NaN,NaN,NaN,NaN,NaN,NaN,NaN,NaN,NaN,NaN
1948,536,3523.000,25.505,-1.898,-0.052,-0.026,NaN,NaN,523,0,-1.955,-1.327,NaN,NaN,NaN,NaN,NaN,NaN,NaN,NaN,NaN,NaN,NaN
1949,727,3523.000,99.330,-12.002,0.494,-0.033,NaN,NaN,523,0,-0.000,-0.000,NaN,NaN,NaN,NaN,NaN,NaN,NaN,NaN,NaN,NaN,NaN
1950,918,3523.000,25.876,-1.753,-0.017,0.010,0.238,0.139,523,0,-1.342,-0.961,700.000,203.000,727.000,265.000,25.890,-1.730,-1.330,1.050,0.490,1.810,-0.821
1951,1019,3523.000,25.484,-2.197,0.004,0.004,0.650,0.175,523,0,1.116,-0.761,720.000,196.000,764.000,285.000,25.480,-2.140,-1.270,0.800,0.580,1.720,-0.461
1952,1029,3523.000,27.432,-3.453,0.013,-0.003,0.715,NaN,523,0,2.434,-1.311,768.000,198.000,808.000,265.000,NaN,NaN,NaN,NaN,NaN,NaN,NaN
1953,1057,3523.000,29.038,11.664,0.073,-0.036,0.132,NaN,523,0,-1.438,-1.148,71.000,197.000,96.000,273.000,NaN,NaN,NaN,NaN,NaN,NaN,NaN
1954,405,3524.000,110.766,-104.127,0.329,-0.558,NaN,NaN,524,0,-1.141,-1.327,NaN,NaN,NaN,NaN,NaN,NaN,NaN,NaN,NaN,NaN,NaN
1955,536,3524.000,25.465,-1.787,-0.046,0.004,0.401,NaN,524,0,-0.383,-1.327,700.000,202.000,725.000,268.000,NaN,NaN,NaN,NaN,NaN,NaN,NaN
1956,727,3524.000,99.823,-12.036,0.494,-0.034,NaN,NaN,524,0,-0.000,-0.000,NaN,NaN,NaN,NaN,NaN,NaN,NaN,NaN,NaN,NaN,NaN
1957,918,3524.000,25.858,-1.740,-0.018,0.011,0.655,0.054,524,0,0.873,-1.375,719.000,199.000,759.000,281.000,25.860,-1.720,-1.310,1.930,0.520,1.760,2.202
1958,1019,3524.000,25.505,-2.224,0.007,-0.007,0.056,NaN,524,0,-2.396,-1.326,721.000,200.000,756.000,248.000,NaN,NaN,NaN,NaN,NaN,NaN,NaN
1959,1029,3524.000,27.428,-3.448,0.013,-0.000,0.753,NaN,524,0,2.906,-1.309,767.000,198.000,808.000,267.000,NaN,NaN,NaN,NaN,NaN,NaN,NaN
1960,1057,3524.000,29.126,11.619,0.077,-0.041,0.769,0.350,524,0,1.319,-0.601,71.000,197.000,100.000,265.000,29.160,11.600,-0.850,0.710,0.690,1.790,0.611
1961,405,3525.000,111.094,-104.686,0.329,-0.559,NaN,NaN,525,0,-1.012,-1.327,NaN,NaN,NaN,NaN,NaN,NaN,NaN,NaN,NaN,NaN,NaN
1962,536,3525.000,25.419,-1.783,-0.045,0.004,NaN,NaN,525,0,-2.206,-1.327,NaN,NaN,NaN,NaN,NaN,NaN,NaN,NaN,NaN,NaN,NaN
1963,727,3525.000,100.319,-12.070,0.494,-0.035,NaN,NaN,525,0,-0.000,-0.000,NaN,NaN,NaN,NaN,NaN,NaN,NaN,NaN,NaN,NaN,NaN
1964,918,3525.000,25.836,-1.749,-0.020,0.006,0.510,NaN,525,0,0.090,-1.327,700.000,203.000,724.000,261.000,NaN,NaN,NaN,NaN,NaN,NaN,NaN
1965,1019,3525.000,25.516,-2.242,0.008,-0.010,0.647,NaN,525,0,1.698,-1.326,718.000,198.000,760.000,287.000,NaN,NaN,NaN,NaN,NaN,NaN,NaN
1966,1029,3525.000,27.406,-3.438,0.010,0.000,0.737,NaN,525,0,2.746,-1.309,766.000,197.000,808.000,266.000,NaN,NaN,NaN,NaN,NaN,NaN,NaN
1967,1057,3525.000,29.195,11.598,0.074,-0.035,0.400,NaN,525,0,-0.344,-1.193,74.000,198.000,104.000,273.000,NaN,NaN,NaN,NaN,NaN,NaN,NaN
1968,405,3526.000,111.422,-105.245,0.329,-0.559,NaN,NaN,526,0,-1.064,-1.327,NaN,NaN,NaN,NaN,NaN,NaN,NaN,NaN,NaN,NaN,NaN
1969,536,3526.000,25.374,-1.781,-0.046,0.002,NaN,NaN,526,0,-2.272,-1.327,NaN,NaN,NaN,NaN,NaN,NaN,NaN,NaN,NaN,NaN,NaN
1970,727,3526.000,100.813,-12.107,0.493,-0.036,NaN,NaN,526,0,-0.000,-0.000,NaN,NaN,NaN,NaN,NaN,NaN,NaN,NaN,NaN,NaN,NaN
1971,918,3526.000,25.821,-1.754,-0.020,0.003,0.476,NaN,526,0,-0.083,-1.327,700.000,204.000,724.000,261.000,NaN,NaN,NaN,NaN,NaN,NaN,NaN
1972,1019,3526.000,25.599,-2.249,0.022,-0.009,0.658,0.041,526,0,0.944,-1.451,720.000,200.000,765.000,284.000,25.610,-2.220,-1.280,0.750,0.540,1.780,-0.704
1973,1029,3526.000,27.375,-3.433,0.007,0.002,0.719,NaN,526,0,2.434,-1.310,767.000,197.000,809.000,266.000,NaN,NaN,NaN,NaN,NaN,NaN,NaN
1974,1057,3526.000,29.221,11.537,0.064,-0.041,NaN,0.335,526,0,-3.255,-0.703,64.000,180.000,116.000,265.000,29.190,11.510,-0.990,0.840,0.620,1.770,-0.117
1975,405,3527.000,111.749,-105.803,0.329,-0.559,NaN,NaN,527,0,-1.108,-1.327,NaN,NaN,NaN,NaN,NaN,NaN,NaN,NaN,NaN,NaN,NaN
1976,536,3527.000,25.328,-1.778,-0.046,0.003,NaN,NaN,527,0,-2.320,-1.327,NaN,NaN,NaN,NaN,NaN,NaN,NaN,NaN,NaN,NaN,NaN
1977,727,3527.000,101.308,-12.142,0.494,-0.035,NaN,NaN,527,0,-0.000,-0.000,NaN,NaN,NaN,NaN,NaN,NaN,NaN,NaN,NaN,NaN,NaN
1978,918,3527.000,25.895,-1.758,-0.001,0.001,0.055,0.174,527,0,-2.588,-0.869,719.000,197.000,761.000,250.000,25.950,-1.780,-1.330,0.750,0.530,1.690,-1.206
1979,1019,3527.000,25.591,-2.229,0.014,-0.002,0.608,0.303,527,0,0.658,-0.517,719.000,196.000,762.000,286.000,25.530,-2.160,-1.260,0.880,0.520,1.820,-0.561
1980,1029,3527.000,27.381,-3.422,0.008,0.007,0.712,NaN,527,0,2.280,-1.310,767.000,198.000,808.000,266.000,NaN,NaN,NaN,NaN,NaN,NaN,NaN
1981,1057,3527.000,29.305,11.489,0.069,-0.047,0.612,0.324,527,0,-0.035,-0.740,82.000,199.000,108.000,266.000,29.350,11.480,-0.960,0.770,0.650,1.760,-0.732
1982,405,3528.000,112.079,-106.360,0.331,-0.557,NaN,NaN,528,0,-0.804,-1.327,NaN,NaN,NaN,NaN,NaN,NaN,NaN,NaN,NaN,NaN,NaN
1983,536,3528.000,25.340,-1.752,-0.036,0.007,0.110,NaN,528,0,-1.976,-1.327,700.000,208.000,725.000,263.000,NaN,NaN,NaN,NaN,NaN,NaN,NaN
1984,727,3528.000,92.769,-15.677,0.429,-0.252,0.081,NaN,528,0,-0.000,-0.000,848.000,201.000,857.000,226.000,NaN,NaN,NaN,NaN,NaN,NaN,NaN
1985,918,3528.000,25.896,-1.798,0.000,-0.009,0.053,NaN,528,0,-2.295,-1.327,700.000,201.000,744.000,271.000,NaN,NaN,NaN,NaN,NaN,NaN,NaN
1986,1019,3528.000,25.603,-2.255,0.012,-0.008,0.047,NaN,528,0,-2.549,-1.326,719.000,196.000,762.000,247.000,NaN,NaN,NaN,NaN,NaN,NaN,NaN
1987,1029,3528.000,27.379,-3.413,0.007,0.008,0.704,NaN,528,0,2.128,-1.309,766.000,200.000,808.000,265.000,NaN,NaN,NaN,NaN,NaN,NaN,NaN
1988,1057,3528.000,29.367,11.453,0.068,-0.045,0.777,NaN,528,0,3.460,-1.266,87.000,199.000,112.000,264.000,NaN,NaN,NaN,NaN,NaN,NaN,NaN
1989,405,3529.000,112.407,-106.917,0.330,-0.558,NaN,NaN,529,0,-4.676,-2.308,NaN,NaN,NaN,NaN,NaN,NaN,NaN,NaN,NaN,NaN,NaN
1990,536,3529.000,25.854,-1.774,0.018,0.010,0.063,0.149,529,0,-2.588,-0.930,719.000,196.000,762.000,247.000,25.900,-1.700,-1.280,1.680,0.580,1.880,-0.871
1991,727,3529.000,93.734,-16.031,0.439,-0.260,0.082,NaN,529,0,-1.205,-0.665,848.000,201.000,857.000,227.000,NaN,NaN,NaN,NaN,NaN,NaN,NaN
1992,918,3529.000,25.910,-1.801,0.005,-0.008,0.100,0.030,529,0,-2.161,-1.507,699.000,207.000,725.000,262.000,25.930,-1.800,-1.290,0.970,0.520,1.800,-0.897
1993,1019,3529.000,25.553,-2.185,-0.005,0.013,0.621,0.047,529,0,0.705,-1.375,718.000,195.000,763.000,282.000,25.500,-2.060,-1.290,0.830,0.600,1.770,0.134
1994,1029,3529.000,27.378,-3.410,0.008,0.006,0.598,NaN,529,0,1.024,-1.309,766.000,200.000,809.000,265.000,NaN,NaN,NaN,NaN,NaN,NaN,NaN
1995,1057,3529.000,29.426,11.430,0.065,-0.040,0.742,NaN,529,0,2.746,-1.261,89.000,200.000,113.000,264.000,NaN,NaN,NaN,NaN,NaN,NaN,NaN
1996,1102,3529.000,7.170,6.110,0.000,0.000,NaN,0.193,529,0,0.000,-0.525,-690.000,228.000,-410.000,567.000,7.170,6.110,-1.430,0.840,0.490,1.690,1.491
1997,405,3530.000,112.733,-107.474,0.328,-0.559,NaN,NaN,530,0,-3.178,-1.327,NaN,NaN,NaN,NaN,NaN,NaN,NaN,NaN,NaN,NaN,NaN
1998,536,3530.000,25.862,-1.742,0.014,0.016,0.236,0.029,530,0,-1.342,-1.507,699.000,203.000,723.000,262.000,25.890,-1.670,-1.320,0.820,0.600,1.890,-0.808
1999,727,3530.000,94.149,-16.301,0.439,-0.268,0.008,NaN,530,0,-2.384,-0.981,848.000,201.000,862.000,223.000,NaN,NaN,NaN,NaN,NaN,NaN,NaN
2000,918,3530.000,25.915,-2.060,0.008,-0.069,0.008,NaN,530,0,-2.923,-1.327,725.000,197.000,759.000,240.000,NaN,NaN,NaN,NaN,NaN,NaN,NaN
2001,1019,3530.000,25.506,-2.171,-0.015,0.014,0.660,0.027,530,0,1.190,-1.448,719.000,195.000,762.000,272.000,25.480,-2.150,-1.320,0.940,0.560,1.890,-0.492
2002,1029,3530.000,27.384,-3.416,0.009,-0.000,0.438,NaN,530,0,-0.150,-1.309,767.000,201.000,808.000,266.000,NaN,NaN,NaN,NaN,NaN,NaN,NaN
2003,1057,3530.000,29.513,11.389,0.069,-0.041,0.708,NaN,530,0,2.280,-1.253,93.000,199.000,119.000,264.000,NaN,NaN,NaN,NaN,NaN,NaN,NaN
2004,1102,3530.000,7.206,6.080,0.028,-0.022,NaN,0.778,530,0,0.000,1.472,-691.000,162.000,-397.000,525.000,7.220,6.070,-1.150,0.680,0.710,1.790,-1.648
2005,405,3531.000,113.061,-108.036,0.328,-0.559,NaN,NaN,531,0,-0.665,-1.327,NaN,NaN,NaN,NaN,NaN,NaN,NaN,NaN,NaN,NaN,NaN
2006,536,3531.000,25.873,-1.729,0.012,0.015,0.059,NaN,531,0,-2.397,-1.327,698.000,208.000,723.000,265.000,NaN,NaN,NaN,NaN,NaN,NaN,NaN
2007,727,3531.000,94.590,-16.570,0.441,-0.269,NaN,NaN,531,0,-1.963,-0.981,NaN,NaN,NaN,NaN,NaN,NaN,NaN,NaN,NaN,NaN,NaN
2008,918,3531.000,25.922,-2.129,0.007,-0.068,NaN,NaN,531,0,-2.653,-1.326,NaN,NaN,NaN,NaN,NaN,NaN,NaN,NaN,NaN,NaN,NaN
2009,1019,3531.000,25.486,-2.193,-0.016,0.004,0.634,NaN,531,0,1.492,-1.326,717.000,195.000,761.000,276.000,NaN,NaN,NaN,NaN,NaN,NaN,NaN
2010,1029,3531.000,27.435,-3.325,0.013,0.021,0.077,NaN,531,0,-2.151,-1.309,764.000,200.000,794.000,244.000,NaN,NaN,NaN,NaN,NaN,NaN,NaN
2011,1057,3531.000,29.603,11.339,0.071,-0.045,0.627,NaN,531,0,1.305,-1.209,97.000,198.000,123.000,262.000,NaN,NaN,NaN,NaN,NaN,NaN,NaN
2012,1102,3531.000,7.234,6.058,0.029,-0.022,NaN,NaN,531,0,-2.654,-1.327,NaN,NaN,NaN,NaN,NaN,NaN,NaN,NaN,NaN,NaN,NaN
2013,405,3532.000,113.392,-108.596,0.329,-0.559,NaN,NaN,532,0,-2.972,-1.327,NaN,NaN,NaN,NaN,NaN,NaN,NaN,NaN,NaN,NaN,NaN
2014,536,3532.000,25.910,-1.734,0.018,0.010,0.085,0.061,532,0,-2.323,-1.294,698.000,206.000,722.000,284.000,25.960,-1.790,-1.240,0.730,0.580,1.790,-0.241
2015,727,3532.000,95.029,-16.839,0.441,-0.269,NaN,NaN,532,0,-0.906,-0.686,NaN,NaN,NaN,NaN,NaN,NaN,NaN,NaN,NaN,NaN,NaN
2016,918,3532.000,25.932,-2.241,0.008,-0.077,0.094,NaN,532,0,-2.102,-1.326,718.000,196.000,756.000,248.000,NaN,NaN,NaN,NaN,NaN,NaN,NaN
2017,1019,3532.000,25.541,-2.181,0.001,0.003,0.562,0.049,532,0,0.385,-1.375,716.000,195.000,760.000,280.000,25.600,-2.190,-1.340,1.860,0.600,1.810,-0.582
2018,1029,3532.000,27.499,-3.292,0.014,0.023,0.028,NaN,532,0,-2.489,-1.301,764.000,203.000,795.000,268.000,NaN,NaN,NaN,NaN,NaN,NaN,NaN
2019,1057,3532.000,29.639,11.282,0.065,-0.046,0.585,0.626,532,0,-0.299,-0.070,99.000,199.000,124.000,259.000,29.620,11.290,-0.910,0.800,0.630,1.680,-0.883
2020,1102,3532.000,7.278,6.055,0.031,-0.014,NaN,0.894,532,0,0.000,1.747,-688.000,144.000,-376.000,545.000,7.290,6.050,-1.160,0.900,0.630,1.970,-1.200
2021,405,3533.000,113.721,-109.153,0.329,-0.559,NaN,NaN,533,0,-0.804,-1.327,NaN,NaN,NaN,NaN,NaN,NaN,NaN,NaN,NaN,NaN,NaN
2022,536,3533.000,25.919,-1.742,0.016,0.005,0.067,NaN,533,0,-2.275,-1.327,699.000,209.000,723.000,269.000,NaN,NaN,NaN,NaN,NaN,NaN,NaN
2023,727,3533.000,95.466,-17.108,0.439,-0.269,NaN,NaN,533,0,-0.000,-0.000,NaN,NaN,NaN,NaN,NaN,NaN,NaN,NaN,NaN,NaN,NaN
2024,918,3533.000,25.915,-2.043,0.009,-0.015,0.005,NaN,533,0,-3.219,-1.325,701.000,215.000,732.000,249.000,NaN,NaN,NaN,NaN,NaN,NaN,NaN
2025,1019,3533.000,25.593,-2.179,0.010,0.002,0.654,0.022,533,0,0.873,-1.539,718.000,195.000,761.000,279.000,25.650,-2.220,-1.300,1.800,0.540,1.880,-0.692
2026,1029,3533.000,27.392,-3.304,0.007,0.010,0.708,NaN,533,0,2.280,-1.298,766.000,197.000,810.000,267.000,NaN,NaN,NaN,NaN,NaN,NaN,NaN
2027,1057,3533.000,29.723,11.229,0.070,-0.049,0.469,NaN,533,0,0.057,-0.957,103.000,200.000,129.000,262.000,NaN,NaN,NaN,NaN,NaN,NaN,NaN
2028,1102,3533.000,7.328,5.973,0.035,-0.035,NaN,0.972,533,0,0.000,1.747,-620.000,144.000,-370.000,526.000,7.350,5.940,-1.120,0.540,0.670,1.910,-1.999
2029,405,3534.000,114.048,-109.712,0.329,-0.560,NaN,NaN,534,0,-2.080,-1.327,NaN,NaN,NaN,NaN,NaN,NaN,NaN,NaN,NaN,NaN,NaN
2030,536,3534.000,25.937,-1.742,0.018,0.002,0.035,NaN,534,0,-2.816,-1.327,698.000,207.000,723.000,267.000,NaN,NaN,NaN,NaN,NaN,NaN,NaN
2031,727,3534.000,95.905,-17.377,0.439,-0.269,NaN,NaN,534,0,-0.000,-0.000,NaN,NaN,NaN,NaN,NaN,NaN,NaN,NaN,NaN,NaN,NaN
2032,918,3534.000,25.947,-2.149,0.014,-0.036,0.039,NaN,534,0,-2.701,-1.327,721.000,195.000,760.000,244.000,NaN,NaN,NaN,NaN,NaN,NaN,NaN
2033,1019,3534.000,25.598,-2.215,0.011,-0.007,0.668,NaN,534,0,1.724,-1.326,718.000,195.000,762.000,271.000,NaN,NaN,NaN,NaN,NaN,NaN,NaN
2034,1029,3534.000,27.268,-3.322,-0.002,0.001,0.640,NaN,534,0,1.407,-1.298,766.000,197.000,809.000,264.000,NaN,NaN,NaN,NaN,NaN,NaN,NaN
2035,1057,3534.000,29.793,11.188,0.072,-0.046,0.534,NaN,534,0,0.468,-0.709,104.000,200.000,133.000,263.000,NaN,NaN,NaN,NaN,NaN,NaN,NaN
2036,1102,3534.000,7.362,5.938,0.034,-0.034,NaN,NaN,534,0,-2.654,-1.327,NaN,NaN,NaN,NaN,NaN,NaN,NaN,NaN,NaN,NaN,NaN
2037,405,3535.000,114.376,-110.271,0.330,-0.560,NaN,NaN,535,0,1.112,-1.327,NaN,NaN,NaN,NaN,NaN,NaN,NaN,NaN,NaN,NaN,NaN
2038,536,3535.000,25.869,-1.707,0.003,0.011,0.039,0.588,535,0,-2.903,0.277,698.000,208.000,723.000,267.000,25.850,-1.640,-1.270,0.990,0.470,1.870,-0.846
2039,727,3535.000,96.912,-17.264,0.467,-0.174,0.007,NaN,535,0,-0.000,-0.000,843.000,185.000,858.000,240.000,NaN,NaN,NaN,NaN,NaN,NaN,NaN
2040,918,3535.000,26.004,-2.241,0.020,-0.050,0.030,NaN,535,0,-2.814,-1.326,721.000,195.000,760.000,245.000,NaN,NaN,NaN,NaN,NaN,NaN,NaN
2041,1019,3535.000,25.592,-2.216,0.006,-0.005,0.659,0.038,535,0,0.944,-1.451,718.000,195.000,761.000,275.000,25.560,-2.200,-1.190,0.870,0.580,1.810,-0.546
2042,1029,3535.000,27.270,-3.310,-0.002,0.005,0.005,NaN,535,0,-2.584,-1.301,761.000,205.000,802.000,273.000,NaN,NaN,NaN,NaN,NaN,NaN,NaN
2043,1057,3535.000,29.859,11.157,0.073,-0.041,0.599,NaN,535,0,1.024,-0.640,105.000,200.000,136.000,265.000,NaN,NaN,NaN,NaN,NaN,NaN,NaN
2044,1102,3535.000,7.442,5.855,0.048,-0.047,NaN,0.999,535,0,0.000,1.747,-616.000,137.000,-316.000,533.000,7.460,5.830,-1.120,1.030,0.620,1.970,-0.968
2045,405,3536.000,114.706,-110.830,0.329,-0.560,NaN,NaN,536,0,-1.012,-1.327,NaN,NaN,NaN,NaN,NaN,NaN,NaN,NaN,NaN,NaN,NaN
2046,536,3536.000,25.855,-1.680,0.001,0.014,0.022,0.223,536,0,-3.079,-0.733,692.000,216.000,719.000,292.000,25.860,-1.650,-1.360,0.950,0.530,1.890,-0.685
2047,727,3536.000,97.566,-17.210,0.492,-0.130,0.009,NaN,536,0,-0.000,-0.000,841.000,201.000,857.000,220.000,NaN,NaN,NaN,NaN,NaN,NaN,NaN
2048,918,3536.000,26.029,-2.303,0.019,-0.054,0.644,NaN,536,0,1.407,-1.325,718.000,195.000,761.000,274.000,NaN,NaN,NaN,NaN,NaN,NaN,NaN
2049,1019,3536.000,25.598,-2.253,0.006,-0.013,0.011,NaN,536,0,-2.923,-1.326,721.000,196.000,760.000,245.000,NaN,NaN,NaN,NaN,NaN,NaN,NaN
2050,1029,3536.000,27.090,-3.321,-0.009,0.001,0.666,NaN,536,0,1.488,-1.300,766.000,197.000,808.000,254.000,NaN,NaN,NaN,NaN,NaN,NaN,NaN
2051,1057,3536.000,29.951,11.077,0.077,-0.051,0.743,NaN,536,0,2.746,-0.669,115.000,199.000,143.000,274.000,NaN,NaN,NaN,NaN,NaN,NaN,NaN
2052,1102,3536.000,7.511,5.765,0.053,-0.059,NaN,0.999,536,0,0.000,1.818,-570.000,144.000,-294.000,527.000,7.530,5.720,-1.130,0.970,0.600,1.930,-0.962
2053,405,3537.000,115.035,-111.389,0.329,-0.560,NaN,NaN,537,0,-0.959,-1.327,NaN,NaN,NaN,NaN,NaN,NaN,NaN,NaN,NaN,NaN,NaN
2054,536,3537.000,25.856,-1.665,0.002,0.015,NaN,NaN,537,0,-2.275,-1.327,NaN,NaN,NaN,NaN,NaN,NaN,NaN,NaN,NaN,NaN,NaN
2055,727,3537.000,98.226,-17.260,0.516,-0.113,0.048,NaN,537,0,-0.000,-0.000,848.000,201.000,857.000,223.000,NaN,NaN,NaN,NaN,NaN,NaN,NaN
2056,918,3537.000,26.040,-2.350,0.018,-0.052,0.705,NaN,537,0,2.462,-1.322,719.000,196.000,761.000,286.000,NaN,NaN,NaN,NaN,NaN,NaN,NaN
2057,1019,3537.000,25.605,-2.264,0.007,-0.011,NaN,NaN,537,0,-3.099,-1.326,NaN,NaN,NaN,NaN,NaN,NaN,NaN,NaN,NaN,NaN,NaN
2058,1029,3537.000,27.101,-3.343,-0.005,-0.004,0.568,NaN,537,0,0.573,-1.301,766.000,198.000,808.000,255.000,NaN,NaN,NaN,NaN,NaN,NaN,NaN
2059,1057,3537.000,30.072,11.025,0.085,-0.053,0.686,NaN,537,0,1.982,-0.696,119.000,200.000,145.000,263.000,NaN,NaN,NaN,NaN,NaN,NaN,NaN
2060,1102,3537.000,7.565,5.706,0.054,-0.059,NaN,NaN,537,0,-2.654,-1.327,NaN,NaN,NaN,NaN,NaN,NaN,NaN,NaN,NaN,NaN,NaN
2061,405,3538.000,115.365,-111.949,0.329,-0.560,NaN,NaN,538,0,-0.483,-1.327,NaN,NaN,NaN,NaN,NaN,NaN,NaN,NaN,NaN,NaN,NaN
2062,536,3538.000,25.850,-1.749,-0.000,-0.008,0.008,NaN,538,0,-2.634,-1.327,698.000,202.000,733.000,277.000,NaN,NaN,NaN,NaN,NaN,NaN,NaN
2063,727,3538.000,98.795,-17.338,0.522,-0.101,0.036,NaN,538,0,-0.000,-0.000,848.000,201.000,857.000,222.000,NaN,NaN,NaN,NaN,NaN,NaN,NaN
2064,918,3538.000,26.030,-2.366,0.016,-0.042,0.014,NaN,538,0,-2.906,-1.319,720.000,196.000,759.000,245.000,NaN,NaN,NaN,NaN,NaN,NaN,NaN
2065,1019,3538.000,25.485,-2.188,-0.017,0.008,0.708,0.038,538,0,1.782,-1.390,719.000,196.000,761.000,286.000,25.430,-2.110,-1.330,0.960,0.550,1.890,-0.515
2066,1029,3538.000,27.151,-3.365,-0.001,-0.006,0.585,NaN,538,0,0.941,-1.304,766.000,198.000,808.000,262.000,NaN,NaN,NaN,NaN,NaN,NaN,NaN
2067,1057,3538.000,30.138,10.949,0.090,-0.055,0.396,0.049,538,0,-0.809,-0.935,121.000,199.000,145.000,269.000,30.160,10.880,-1.020,0.780,0.610,1.800,-0.421
2068,1102,3538.000,7.638,5.616,0.063,-0.070,NaN,0.999,538,0,0.000,1.818,-524.000,157.000,-270.000,510.000,7.630,5.610,-1.130,0.920,0.630,1.810,-0.980
2069,405,3539.000,115.695,-112.508,0.329,-0.561,NaN,NaN,539,0,-1.918,-1.327,NaN,NaN,NaN,NaN,NaN,NaN,NaN,NaN,NaN,NaN,NaN
2070,536,3539.000,25.869,-1.735,0.004,-0.004,0.060,0.525,539,0,-2.588,0.063,696.000,204.000,724.000,285.000,25.920,-1.680,-1.370,0.720,0.510,1.830,-0.703
2071,727,3539.000,99.322,-17.399,0.521,-0.086,0.039,NaN,539,0,-1.073,-0.479,848.000,201.000,857.000,222.000,NaN,NaN,NaN,NaN,NaN,NaN,NaN
2072,918,3539.000,26.023,-2.371,0.016,-0.034,0.015,NaN,539,0,-2.904,-1.318,720.000,196.000,759.000,245.000,NaN,NaN,NaN,NaN,NaN,NaN,NaN
2073,1019,3539.000,25.440,-2.125,-0.023,0.019,0.713,0.482,539,0,1.782,0.032,718.000,195.000,760.000,284.000,25.410,-2.060,-1.300,0.840,0.580,1.840,0.023
2074,1029,3539.000,27.201,-3.383,0.000,-0.008,0.715,NaN,539,0,2.280,-1.307,766.000,198.000,808.000,263.000,NaN,NaN,NaN,NaN,NaN,NaN,NaN
2075,1057,3539.000,30.239,10.921,0.093,-0.045,0.673,NaN,539,0,1.724,-0.806,123.000,199.000,151.000,263.000,NaN,NaN,NaN,NaN,NaN,NaN,NaN
2076,1102,3539.000,7.737,5.529,0.073,-0.078,NaN,1.000,539,0,0.000,1.818,-496.000,137.000,-215.000,519.000,7.770,5.510,-1.110,1.050,0.610,1.980,-0.846
2077,405,3540.000,116.021,-113.070,0.328,-0.560,NaN,NaN,540,0,-2.404,-1.327,NaN,NaN,NaN,NaN,NaN,NaN,NaN,NaN,NaN,NaN,NaN
2078,536,3540.000,25.874,-1.739,0.005,-0.004,NaN,NaN,540,0,-1.248,-1.327,NaN,NaN,NaN,NaN,NaN,NaN,NaN,NaN,NaN,NaN,NaN
2079,727,3540.000,99.849,-17.455,0.524,-0.077,0.058,NaN,540,0,-0.953,-0.479,848.000,201.000,857.000,222.000,NaN,NaN,NaN,NaN,NaN,NaN,NaN
2080,1019,3540.000,25.413,-2.159,-0.022,0.007,0.712,NaN,540,0,2.462,-1.327,718.000,195.000,760.000,285.000,NaN,NaN,NaN,NaN,NaN,NaN,NaN
2081,1029,3540.000,27.235,-3.398,0.000,-0.009,0.710,NaN,540,0,2.280,-1.307,766.000,198.000,808.000,264.000,NaN,NaN,NaN,NaN,NaN,NaN,NaN
2082,1057,3540.000,30.347,10.896,0.094,-0.040,0.809,NaN,540,0,4.053,-0.957,127.000,199.000,154.000,263.000,NaN,NaN,NaN,NaN,NaN,NaN,NaN
2083,1102,3540.000,7.809,5.451,0.072,-0.078,NaN,NaN,540,0,-2.654,-1.327,NaN,NaN,NaN,NaN,NaN,NaN,NaN,NaN,NaN,NaN,NaN
2084,405,3541.000,116.349,-113.629,0.328,-0.560,NaN,NaN,541,0,-1.553,-1.327,NaN,NaN,NaN,NaN,NaN,NaN,NaN,NaN,NaN,NaN,NaN
2085,536,3541.000,25.837,-1.747,-0.001,-0.007,0.023,0.021,541,0,-3.079,-1.539,699.000,203.000,734.000,276.000,25.830,-1.750,-1.310,0.710,0.460,1.760,-1.018
2086,727,3541.000,100.374,-17.516,0.524,-0.074,0.049,NaN,541,0,-1.139,-0.539,848.000,201.000,857.000,222.000,NaN,NaN,NaN,NaN,NaN,NaN,NaN
2087,1019,3541.000,25.430,-2.132,-0.013,0.010,0.711,0.052,541,0,1.516,-1.375,718.000,195.000,760.000,284.000,25.500,-2.110,-1.260,0.840,0.520,1.850,-0.497
2088,1029,3541.000,27.222,-3.404,-0.001,-0.011,0.725,NaN,541,0,2.434,-1.309,766.000,198.000,808.000,265.000,NaN,NaN,NaN,NaN,NaN,NaN,NaN
2089,1057,3541.000,30.316,10.784,0.077,-0.051,0.485,0.587,541,0,-0.731,-0.134,128.000,200.000,156.000,264.000,30.280,10.690,-1.000,0.740,0.630,1.700,0.211
2090,1102,3541.000,7.866,5.394,0.067,-0.071,NaN,0.994,541,0,0.000,1.818,-458.000,147.000,-192.000,502.000,7.860,5.400,-1.100,0.960,0.600,1.870,-0.700
2091,405,3542.000,116.675,-114.189,0.327,-0.559,NaN,NaN,542,0,-2.181,-1.327,NaN,NaN,NaN,NaN,NaN,NaN,NaN,NaN,NaN,NaN,NaN
2092,536,3542.000,25.822,-1.731,-0.002,-0.000,0.344,NaN,542,0,-0.875,-1.327,698.000,203.000,722.000,263.000,NaN,NaN,NaN,NaN,NaN,NaN,NaN
2093,727,3542.000,100.907,-17.591,0.526,-0.073,0.043,NaN,542,0,-1.490,-0.665,848.000,201.000,857.000,228.000,NaN,NaN,NaN,NaN,NaN,NaN,NaN
2094,1019,3542.000,25.411,-2.173,-0.014,-0.003,0.710,NaN,542,0,2.462,-1.327,718.000,195.000,761.000,283.000,NaN,NaN,NaN,NaN,NaN,NaN,NaN
2095,1029,3542.000,27.245,-3.412,0.001,-0.010,0.740,NaN,542,0,2.746,-1.309,766.000,198.000,808.000,265.000,NaN,NaN,NaN,NaN,NaN,NaN,NaN
2096,1057,3542.000,30.392,10.733,0.076,-0.051,NaN,NaN,542,0,-2.019,-1.055,NaN,NaN,NaN,NaN,NaN,NaN,NaN,NaN,NaN,NaN,NaN
2097,1102,3542.000,7.971,5.285,0.079,-0.084,NaN,0.999,542,0,0.000,1.818,-408.000,165.000,-155.000,491.000,8.010,5.250,-1.130,0.880,0.630,1.760,-0.433
2098,405,3543.000,117.002,-114.749,0.327,-0.560,NaN,NaN,543,0,-1.055,-1.327,NaN,NaN,NaN,NaN,NaN,NaN,NaN,NaN,NaN,NaN,NaN
2099,536,3543.000,25.817,-1.722,-0.002,0.002,0.331,NaN,543,0,-0.921,-1.327,697.000,204.000,722.000,260.000,NaN,NaN,NaN,NaN,NaN,NaN,NaN
2100,727,3543.000,101.443,-17.674,0.527,-0.076,0.050,NaN,543,0,-1.554,-0.735,848.000,201.000,857.000,224.000,NaN,NaN,NaN,NaN,NaN,NaN,NaN
2101,1019,3543.000,25.397,-2.204,-0.014,-0.010,0.720,NaN,543,0,2.608,-1.326,718.000,196.000,760.000,284.000,NaN,NaN,NaN,NaN,NaN,NaN,NaN
2102,1029,3543.000,27.291,-3.419,0.003,-0.009,0.742,NaN,543,0,2.746,-1.310,766.000,198.000,808.000,266.000,NaN,NaN,NaN,NaN,NaN,NaN,NaN
2103,1057,3543.000,30.468,10.683,0.076,-0.050,NaN,NaN,543,0,-0.782,-1.025,NaN,NaN,NaN,NaN,NaN,NaN,NaN,NaN,NaN,NaN,NaN
2104,1102,3543.000,8.051,5.201,0.080,-0.084,NaN,NaN,543,0,-2.320,-1.327,NaN,NaN,NaN,NaN,NaN,NaN,NaN,NaN,NaN,NaN,NaN
2105,405,3544.000,117.327,-115.310,0.327,-0.560,NaN,NaN,544,0,-1.012,-1.327,NaN,NaN,NaN,NaN,NaN,NaN,NaN,NaN,NaN,NaN,NaN
2106,536,3544.000,25.929,-1.734,0.021,-0.004,0.012,0.848,544,0,-3.113,1.725,697.000,203.000,737.000,285.000,25.970,-1.750,-1.310,1.880,0.530,1.880,-0.927
2107,727,3544.000,101.976,-17.760,0.529,-0.079,0.049,NaN,544,0,-1.554,-0.735,848.000,201.000,857.000,223.000,NaN,NaN,NaN,NaN,NaN,NaN,NaN
2108,1019,3544.000,25.397,-2.140,-0.013,0.006,0.712,0.123,544,0,1.782,-0.951,718.000,196.000,761.000,285.000,25.430,-2.040,-1.310,0.830,0.700,1.840,0.201
2109,1029,3544.000,27.359,-3.429,0.008,-0.008,0.752,NaN,544,0,2.906,-1.310,766.000,198.000,808.000,264.000,NaN,NaN,NaN,NaN,NaN,NaN,NaN
2110,1057,3544.000,30.529,10.679,0.074,-0.041,0.769,NaN,544,0,3.261,-0.944,139.000,201.000,166.000,263.000,NaN,NaN,NaN,NaN,NaN,NaN,NaN
2111,1102,3544.000,8.098,5.111,0.072,-0.085,NaN,0.999,544,0,0.000,1.818,-379.000,155.000,-118.000,496.000,8.080,5.110,-1.120,0.970,0.650,1.850,-0.628
2112,405,3545.000,117.652,-115.871,0.328,-0.560,NaN,NaN,545,0,-0.354,-1.327,NaN,NaN,NaN,NaN,NaN,NaN,NaN,NaN,NaN,NaN,NaN
2113,536,3545.000,26.011,-1.758,0.035,-0.007,0.012,0.045,545,0,-3.113,-1.375,697.000,203.000,743.000,284.000,26.070,-1.820,-1.250,1.810,0.590,1.830,-0.897
2114,727,3545.000,102.505,-17.852,0.530,-0.083,0.057,NaN,545,0,-1.504,-0.756,848.000,201.000,857.000,224.000,NaN,NaN,NaN,NaN,NaN,NaN,NaN
2115,1019,3545.000,25.416,-2.112,-0.007,0.011,0.726,0.131,545,0,2.069,-0.919,718.000,195.000,760.000,285.000,25.460,-2.090,-1.240,0.790,0.540,1.790,-0.167
2116,1029,3545.000,27.464,-3.442,0.010,-0.008,0.748,NaN,545,0,2.906,-1.310,766.000,198.000,808.000,265.000,NaN,NaN,NaN,NaN,NaN,NaN,NaN
2117,1057,3545.000,30.597,10.637,0.073,-0.041,0.719,NaN,545,0,2.206,-0.913,144.000,200.000,169.000,254.000,NaN,NaN,NaN,NaN,NaN,NaN,NaN
2118,1102,3545.000,8.192,5.006,0.080,-0.089,NaN,0.990,545,0,0.000,1.818,-327.000,164.000,-95.000,496.000,8.200,4.980,-1.160,0.890,0.630,1.840,-0.723
2119,405,3546.000,117.980,-116.429,0.328,-0.558,NaN,NaN,546,0,-0.546,-1.327,NaN,NaN,NaN,NaN,NaN,NaN,NaN,NaN,NaN,NaN,NaN
2120,536,3546.000,26.046,-1.766,0.034,-0.007,NaN,NaN,546,0,-2.249,-1.327,NaN,NaN,NaN,NaN,NaN,NaN,NaN,NaN,NaN,NaN,NaN
2121,727,3546.000,103.045,-17.950,0.532,-0.087,0.099,NaN,546,0,-1.282,-0.756,848.000,201.000,857.000,224.000,NaN,NaN,NaN,NaN,NaN,NaN,NaN
2122,1019,3546.000,25.409,-2.159,-0.006,-0.003,0.723,NaN,546,0,2.434,-1.327,718.000,195.000,760.000,269.000,NaN,NaN,NaN,NaN,NaN,NaN,NaN
2123,1029,3546.000,27.902,-3.498,0.020,-0.009,0.750,NaN,546,0,2.906,-1.309,766.000,198.000,807.000,265.000,NaN,NaN,NaN,NaN,NaN,NaN,NaN
2124,1057,3546.000,30.674,10.590,0.073,-0.042,0.581,NaN,546,0,0.862,-0.800,148.000,199.000,172.000,264.000,NaN,NaN,NaN,NaN,NaN,NaN,NaN
2125,1102,3546.000,8.270,4.916,0.079,-0.090,NaN,NaN,546,0,-1.642,-1.327,NaN,NaN,NaN,NaN,NaN,NaN,NaN,NaN,NaN,NaN,NaN
2126,405,3547.000,118.309,-116.988,0.328,-0.558,NaN,NaN,547,0,-2.058,-1.327,NaN,NaN,NaN,NaN,NaN,NaN,NaN,NaN,NaN,NaN,NaN
2127,536,3547.000,26.095,-1.736,0.038,0.000,0.504,NaN,547,0,0.026,-1.327,698.000,204.000,721.000,259.000,NaN,NaN,NaN,NaN,NaN,NaN,NaN
2128,727,3547.000,103.581,-18.043,0.532,-0.088,0.108,NaN,547,0,-1.244,-0.756,848.000,201.000,857.000,224.000,NaN,NaN,NaN,NaN,NaN,NaN,NaN
2129,1019,3547.000,25.403,-2.154,-0.005,-0.003,0.698,0.055,547,0,1.628,-1.228,718.000,195.000,759.000,270.000,25.410,-2.150,-1.310,0.770,0.590,1.760,-0.245
2130,1029,3547.000,28.077,-3.515,0.024,-0.007,0.747,NaN,547,0,2.906,-1.305,766.000,199.000,807.000,265.000,NaN,NaN,NaN,NaN,NaN,NaN,NaN
2131,1057,3547.000,30.729,10.487,0.074,-0.057,0.668,0.128,547,0,-0.066,-0.730,150.000,199.000,175.000,263.000,30.760,10.330,-1.130,0.760,0.670,1.700,0.183
2132,1102,3547.000,8.351,4.875,0.077,-0.076,NaN,0.998,547,0,0.000,1.818,-313.000,150.000,-58.000,492.000,8.340,4.890,-1.120,1.030,0.590,1.920,-0.598
2133,405,3548.000,115.375,-52.531,0.386,0.183,0.174,NaN,548,0,-1.814,-1.327,1204.000,192.000,1226.000,215.000,NaN,NaN,NaN,NaN,NaN,NaN,NaN
2134,536,3548.000,25.990,-1.728,0.011,0.002,0.012,0.045,548,0,-3.113,-1.451,697.000,203.000,728.000,278.000,25.940,-1.730,-1.300,1.860,0.630,1.820,-0.793
2135,727,3548.000,104.113,-18.135,0.531,-0.090,0.111,NaN,548,0,-1.244,-0.756,848.000,201.000,857.000,224.000,NaN,NaN,NaN,NaN,NaN,NaN,NaN
2136,1019,3548.000,25.391,-2.109,-0.006,0.009,0.695,0.055,548,0,1.628,-1.312,718.000,195.000,760.000,272.000,25.370,-2.060,-1.310,0.980,0.500,1.890,-0.153
2137,1029,3548.000,28.266,-3.533,0.029,-0.005,0.741,NaN,548,0,2.746,-1.304,766.000,198.000,807.000,265.000,NaN,NaN,NaN,NaN,NaN,NaN,NaN
2138,1057,3548.000,30.784,10.384,0.070,-0.069,0.740,0.467,548,0,0.652,-0.397,155.000,199.000,182.000,265.000,30.790,10.260,-1.340,0.830,0.630,1.740,0.661
2139,1102,3548.000,8.436,4.780,0.080,-0.082,NaN,0.989,548,0,0.000,1.818,-266.000,150.000,-36.000,477.000,8.450,4.760,-1.090,0.990,0.570,1.870,-0.827
2140,405,3549.000,115.758,-52.349,0.387,0.182,NaN,NaN,549,0,-0.000,-0.000,NaN,NaN,NaN,NaN,NaN,NaN,NaN,NaN,NaN,NaN,NaN
2141,536,3549.000,25.959,-1.897,0.003,-0.038,0.034,NaN,549,0,-2.816,-1.327,718.000,196.000,758.000,246.000,NaN,NaN,NaN,NaN,NaN,NaN,NaN
2142,727,3549.000,104.641,-18.227,0.531,-0.090,0.104,NaN,549,0,-1.282,-0.756,848.000,201.000,857.000,224.000,NaN,NaN,NaN,NaN,NaN,NaN,NaN
2143,1019,3549.000,25.379,-2.158,-0.007,-0.004,0.692,NaN,549,0,2.173,-1.327,718.000,195.000,761.000,280.000,NaN,NaN,NaN,NaN,NaN,NaN,NaN
2144,1029,3549.000,28.468,-3.553,0.033,-0.005,0.743,NaN,549,0,2.746,-1.305,766.000,198.000,807.000,264.000,NaN,NaN,NaN,NaN,NaN,NaN,NaN
2145,1057,3549.000,30.842,10.328,0.068,-0.066,0.714,NaN,549,0,2.280,-1.183,158.000,201.000,188.000,265.000,NaN,NaN,NaN,NaN,NaN,NaN,NaN
2146,1102,3549.000,8.518,4.698,0.081,-0.083,NaN,NaN,549,0,-1.108,-1.327,NaN,NaN,NaN,NaN,NaN,NaN,NaN,NaN,NaN,NaN,NaN
2147,405,3550.000,116.145,-52.163,0.388,0.184,0.009,NaN,550,0,-0.000,-0.000,1203.000,202.000,1222.000,220.000,NaN,NaN,NaN,NaN,NaN,NaN,NaN
2148,727,3550.000,105.176,-18.321,0.532,-0.091,0.096,NaN,550,0,-1.282,-0.756,848.000,201.000,857.000,224.000,NaN,NaN,NaN,NaN,NaN,NaN,NaN
2149,1019,3550.000,25.412,-2.141,0.001,-0.001,0.711,0.047,550,0,1.782,-1.312,718.000,195.000,761.000,282.000,25.430,-2.110,-1.300,0.830,0.570,1.840,-0.546
2150,1029,3550.000,28.690,-3.577,0.039,-0.004,0.747,NaN,550,0,2.906,-1.305,766.000,198.000,807.000,265.000,NaN,NaN,NaN,NaN,NaN,NaN,NaN
2151,1057,3550.000,30.919,10.245,0.070,-0.073,0.778,0.952,550,0,0.945,6.654,159.000,202.000,192.000,266.000,30.930,10.230,-1.130,0.780,0.560,1.600,0.082
2152,1102,3550.000,8.560,4.632,0.071,-0.077,NaN,0.995,550,0,0.000,1.890,-234.000,143.000,-16.000,465.000,8.520,4.640,-1.040,0.910,0.690,1.850,-0.816
2153,405,3551.000,116.527,-51.992,0.386,0.179,0.006,NaN,551,0,-0.000,-0.000,1204.000,191.000,1224.000,216.000,NaN,NaN,NaN,NaN,NaN,NaN,NaN
2154,727,3551.000,105.656,-18.404,0.527,-0.091,0.099,NaN,551,0,-1.282,-0.756,848.000,201.000,857.000,224.000,NaN,NaN,NaN,NaN,NaN,NaN,NaN
2155,1019,3551.000,25.408,-2.188,0.000,-0.013,0.700,NaN,551,0,2.315,-1.326,719.000,195.000,760.000,282.000,NaN,NaN,NaN,NaN,NaN,NaN,NaN
2156,1029,3551.000,28.783,-3.586,0.036,-0.005,0.748,NaN,551,0,2.906,-1.305,766.000,198.000,807.000,264.000,NaN,NaN,NaN,NaN,NaN,NaN,NaN
2157,1057,3551.000,31.023,10.174,0.075,-0.074,0.745,0.895,551,0,0.652,2.616,161.000,202.000,196.000,266.000,31.050,10.190,-1.150,0.730,0.590,1.680,-0.299
2158,1102,3551.000,8.642,4.551,0.074,-0.079,NaN,1.000,551,0,0.000,1.890,-203.000,143.000,5.000,472.000,8.640,4.540,-1.070,0.900,0.610,1.930,-0.817
2159,405,3552.000,116.914,-51.813,0.386,0.178,NaN,NaN,552,0,-0.000,-0.000,NaN,NaN,NaN,NaN,NaN,NaN,NaN,NaN,NaN,NaN,NaN
2160,727,3552.000,106.184,-18.498,0.528,-0.093,0.094,NaN,552,0,-1.322,-0.756,848.000,201.000,857.000,225.000,NaN,NaN,NaN,NaN,NaN,NaN,NaN
2161,1019,3552.000,25.409,-2.227,0.002,-0.019,0.700,NaN,552,0,2.315,-1.326,719.000,195.000,761.000,276.000,NaN,NaN,NaN,NaN,NaN,NaN,NaN
2162,1029,3552.000,28.940,-3.605,0.039,-0.004,0.747,NaN,552,0,2.906,-1.305,766.000,199.000,807.000,264.000,NaN,NaN,NaN,NaN,NaN,NaN,NaN
2163,1057,3552.000,31.073,10.192,0.072,-0.052,0.571,NaN,552,0,0.787,-1.318,164.000,202.000,195.000,265.000,NaN,NaN,NaN,NaN,NaN,NaN,NaN
2164,1102,3552.000,8.717,4.470,0.074,-0.081,NaN,NaN,552,0,-2.483,-1.327,NaN,NaN,NaN,NaN,NaN,NaN,NaN,NaN,NaN,NaN,NaN
2165,405,3553.000,117.286,-51.674,0.383,0.167,0.006,NaN,553,0,-0.000,-0.000,1195.000,194.000,1228.000,240.000,NaN,NaN,NaN,NaN,NaN,NaN,NaN
2166,727,3553.000,106.706,-18.592,0.529,-0.094,0.097,NaN,553,0,-1.282,-0.756,848.000,201.000,857.000,225.000,NaN,NaN,NaN,NaN,NaN,NaN,NaN
2167,1019,3553.000,25.439,-2.188,0.004,-0.005,0.680,0.183,553,0,1.371,-0.761,718.000,195.000,760.000,275.000,25.470,-2.090,-1.260,0.910,0.530,1.750,-0.008
2168,1029,3553.000,29.142,-3.630,0.044,-0.005,0.755,NaN,553,0,3.077,-1.306,766.000,197.000,807.000,265.000,NaN,NaN,NaN,NaN,NaN,NaN,NaN
2169,1057,3553.000,31.125,10.199,0.066,-0.035,0.486,NaN,553,0,0.179,-1.318,167.000,201.000,195.000,264.000,NaN,NaN,NaN,NaN,NaN,NaN,NaN
2170,1102,3553.000,8.741,4.426,0.059,-0.072,0.009,0.999,553,0,-2.276,1.890,0.000,392.000,45.000,466.000,8.710,4.450,-1.090,1.050,0.610,1.900,-0.874
2171,405,3554.000,117.669,-51.508,0.383,0.167,NaN,NaN,554,0,-0.000,-0.000,NaN,NaN,NaN,NaN,NaN,NaN,NaN,NaN,NaN,NaN,NaN
2172,727,3554.000,107.219,-18.685,0.530,-0.096,0.100,NaN,554,0,-1.320,-0.779,848.000,201.000,857.000,225.000,NaN,NaN,NaN,NaN,NaN,NaN,NaN
2173,1019,3554.000,25.447,-2.154,0.004,0.006,0.645,0.151,554,0,1.116,-0.854,719.000,195.000,760.000,282.000,25.440,-2.100,-1.300,0.920,0.490,1.830,-0.177
2174,1029,3554.000,29.378,-3.659,0.050,-0.006,0.751,NaN,554,0,2.906,-1.306,766.000,198.000,807.000,266.000,NaN,NaN,NaN,NaN,NaN,NaN,NaN
2175,1057,3554.000,31.201,10.140,0.069,-0.041,0.661,0.787,554,0,-0.195,0.512,173.000,199.000,198.000,264.000,31.210,10.050,-1.120,0.800,0.550,1.700,0.675
2176,1102,3554.000,8.829,4.343,0.067,-0.074,0.007,1.000,554,0,-2.276,1.890,0.000,201.000,26.000,447.000,8.840,4.340,-1.090,0.930,0.590,1.830,-0.686
2177,405,3555.000,118.053,-51.340,0.384,0.168,NaN,NaN,555,0,-0.000,-0.000,NaN,NaN,NaN,NaN,NaN,NaN,NaN,NaN,NaN,NaN,NaN
2178,727,3555.000,107.728,-18.788,0.526,-0.097,0.035,NaN,555,0,-1.820,-0.779,848.000,201.000,858.000,226.000,NaN,NaN,NaN,NaN,NaN,NaN,NaN
2179,1019,3555.000,25.452,-2.190,0.003,-0.004,0.635,NaN,555,0,1.492,-1.326,719.000,195.000,760.000,279.000,NaN,NaN,NaN,NaN,NaN,NaN,NaN
2180,1029,3555.000,29.649,-3.694,0.056,-0.008,0.728,NaN,555,0,2.590,-1.307,766.000,197.000,807.000,264.000,NaN,NaN,NaN,NaN,NaN,NaN,NaN
2181,1057,3555.000,31.269,10.107,0.069,-0.040,0.814,NaN,555,0,4.053,-1.321,176.000,199.000,202.000,265.000,NaN,NaN,NaN,NaN,NaN,NaN,NaN
2182,1102,3555.000,8.954,4.127,0.090,-0.117,0.423,NaN,555,0,-0.214,-1.327,0.000,198.000,58.000,463.000,NaN,NaN,NaN,NaN,NaN,NaN,NaN
2183,405,3556.000,118.436,-51.172,0.383,0.167,NaN,NaN,556,0,-0.000,-0.000,NaN,NaN,NaN,NaN,NaN,NaN,NaN,NaN,NaN,NaN,NaN
2184,727,3556.000,108.236,-18.906,0.526,-0.103,0.030,NaN,556,0,-1.820,-0.779,849.000,201.000,858.000,229.000,NaN,NaN,NaN,NaN,NaN,NaN,NaN
2185,1019,3556.000,25.457,-2.222,0.004,-0.010,0.659,NaN,556,0,1.613,-1.326,719.000,195.000,760.000,275.000,NaN,NaN,NaN,NaN,NaN,NaN,NaN
2186,1029,3556.000,29.948,-3.734,0.061,-0.010,0.724,NaN,556,0,2.434,-1.308,766.000,197.000,807.000,265.000,NaN,NaN,NaN,NaN,NaN,NaN,NaN
2187,1057,3556.000,31.331,10.048,0.069,-0.046,0.776,0.593,556,0,0.945,-0.286,178.000,200.000,204.000,262.000,31.350,10.030,-1.160,0.850,0.560,1.700,0.048
2188,1102,3556.000,9.002,4.131,0.074,-0.073,0.229,0.999,556,0,-0.719,1.890,0.000,196.000,58.000,462.000,8.940,4.260,-1.120,0.920,0.650,1.770,-0.435
2189,405,3557.000,118.821,-51.006,0.384,0.166,NaN,NaN,557,0,-0.000,-0.000,NaN,NaN,NaN,NaN,NaN,NaN,NaN,NaN,NaN,NaN,NaN
2190,727,3557.000,108.739,-18.984,0.526,-0.099,0.028,NaN,557,0,-1.350,-0.578,848.000,201.000,857.000,239.000,NaN,NaN,NaN,NaN,NaN,NaN,NaN
2191,1019,3557.000,25.558,-2.221,0.026,-0.008,0.697,0.012,557,0,1.367,-1.556,719.000,200.000,760.000,282.000,25.620,-2.190,-1.320,0.840,0.480,1.830,-0.576
2192,1029,3557.000,30.260,-3.776,0.066,-0.009,0.716,NaN,557,0,2.434,-1.308,766.000,198.000,806.000,264.000,NaN,NaN,NaN,NaN,NaN,NaN,NaN
2193,1057,3557.000,31.387,10.015,0.068,-0.042,0.746,NaN,557,0,2.906,-1.318,181.000,201.000,207.000,262.000,NaN,NaN,NaN,NaN,NaN,NaN,NaN
2194,1102,3557.000,9.099,4.130,0.075,-0.047,0.721,0.999,557,0,2.234,1.890,0.000,190.000,58.000,462.000,9.080,4.170,-1.030,0.870,0.660,1.740,0.044
2195,405,3558.000,119.204,-50.840,0.383,0.166,NaN,NaN,558,0,-0.000,-0.000,NaN,NaN,NaN,NaN,NaN,NaN,NaN,NaN,NaN,NaN,NaN
2196,727,3558.000,109.190,-19.090,0.521,-0.103,0.026,NaN,558,0,-1.654,-0.708,849.000,201.000,858.000,228.000,NaN,NaN,NaN,NaN,NaN,NaN,NaN
2197,1019,3558.000,25.585,-2.250,0.026,-0.013,0.699,NaN,558,0,2.315,-1.326,719.000,200.000,760.000,286.000,NaN,NaN,NaN,NaN,NaN,NaN,NaN
2198,1029,3558.000,30.578,-3.817,0.070,-0.010,0.752,NaN,558,0,2.906,-1.309,767.000,197.000,807.000,265.000,NaN,NaN,NaN,NaN,NaN,NaN,NaN
2199,1057,3558.000,31.432,9.997,0.063,-0.035,0.656,NaN,558,0,1.613,-1.315,178.000,202.000,210.000,274.000,NaN,NaN,NaN,NaN,NaN,NaN,NaN
2200,1102,3558.000,9.176,4.068,0.078,-0.053,0.881,NaN,558,0,3.378,-1.327,0.000,185.000,65.000,463.000,NaN,NaN,NaN,NaN,NaN,NaN,NaN
2201,405,3559.000,119.586,-50.673,0.384,0.167,NaN,NaN,559,0,-0.000,-0.000,NaN,NaN,NaN,NaN,NaN,NaN,NaN,NaN,NaN,NaN,NaN
2202,727,3559.000,109.670,-19.177,0.520,-0.101,0.026,NaN,559,0,-1.350,-0.578,848.000,201.000,858.000,239.000,NaN,NaN,NaN,NaN,NaN,NaN,NaN
2203,1019,3559.000,25.611,-2.268,0.026,-0.013,0.646,NaN,559,0,1.698,-1.326,718.000,197.000,760.000,286.000,NaN,NaN,NaN,NaN,NaN,NaN,NaN
2204,1029,3559.000,30.887,-3.852,0.073,-0.009,0.741,NaN,559,0,2.746,-1.310,766.000,197.000,807.000,265.000,NaN,NaN,NaN,NaN,NaN,NaN,NaN
2205,1057,3559.000,31.501,9.935,0.065,-0.040,0.606,0.969,559,0,-0.699,2.487,183.000,202.000,212.000,274.000,31.530,9.850,-1.080,0.720,0.670,1.800,-0.060
2206,1102,3559.000,9.236,4.044,0.068,-0.044,0.867,0.986,559,0,3.780,1.890,0.000,184.000,80.000,462.000,9.210,4.070,-1.070,0.910,0.660,1.740,-0.019
2207,405,3560.000,119.971,-50.506,0.384,0.167,NaN,NaN,560,0,-0.000,-0.000,NaN,NaN,NaN,NaN,NaN,NaN,NaN,NaN,NaN,NaN,NaN
2208,727,3560.000,110.191,-19.277,0.519,-0.100,NaN,NaN,560,0,-1.167,-0.578,NaN,NaN,NaN,NaN,NaN,NaN,NaN,NaN,NaN,NaN,NaN
2209,1019,3560.000,25.638,-2.279,0.025,-0.013,0.481,NaN,560,0,0.120,-1.326,718.000,199.000,760.000,279.000,NaN,NaN,NaN,NaN,NaN,NaN,NaN
2210,1029,3560.000,31.188,-3.893,0.078,-0.011,0.707,NaN,560,0,2.280,-1.310,767.000,198.000,807.000,265.000,NaN,NaN,NaN,NaN,NaN,NaN,NaN
2211,1057,3560.000,31.571,9.897,0.065,-0.039,0.732,NaN,560,0,2.590,-1.305,190.000,201.000,216.000,266.000,NaN,NaN,NaN,NaN,NaN,NaN,NaN
2212,1102,3560.000,9.312,3.984,0.072,-0.048,0.879,NaN,560,0,3.378,-1.327,0.000,186.000,128.000,461.000,NaN,NaN,NaN,NaN,NaN,NaN,NaN
2213,405,3561.000,120.356,-50.339,0.383,0.167,NaN,NaN,561,0,-0.000,-0.000,NaN,NaN,NaN,NaN,NaN,NaN,NaN,NaN,NaN,NaN,NaN
2214,727,3561.000,110.709,-19.376,0.519,-0.100,NaN,NaN,561,0,-1.226,-0.578,NaN,NaN,NaN,NaN,NaN,NaN,NaN,NaN,NaN,NaN,NaN
2215,1019,3561.000,25.526,-2.235,0.003,-0.002,0.571,0.020,561,0,0.441,-1.539,719.000,200.000,760.000,287.000,25.500,-2.170,-1.320,0.880,0.540,1.880,0.003
2216,1029,3561.000,31.391,-3.918,0.079,-0.012,0.707,NaN,561,0,2.280,-1.310,766.000,201.000,807.000,268.000,NaN,NaN,NaN,NaN,NaN,NaN,NaN
2217,1057,3561.000,31.642,9.828,0.066,-0.047,0.764,0.194,561,0,0.597,-1.356,194.000,203.000,218.000,263.000,31.640,9.730,-1.040,0.710,0.710,1.750,-0.295
2218,1102,3561.000,9.312,3.974,0.048,-0.037,0.904,1.000,561,0,3.780,1.890,12.000,189.000,160.000,461.000,9.280,4.020,-1.080,0.840,0.580,1.790,-0.292
2219,405,3562.000,120.739,-50.174,0.383,0.166,NaN,NaN,562,0,-0.000,-0.000,NaN,NaN,NaN,NaN,NaN,NaN,NaN,NaN,NaN,NaN,NaN
2220,727,3562.000,111.227,-19.476,0.520,-0.100,NaN,NaN,562,0,-1.350,-0.578,NaN,NaN,NaN,NaN,NaN,NaN,NaN,NaN,NaN,NaN,NaN
2221,1019,3562.000,25.478,-2.186,-0.007,0.009,0.707,0.051,562,0,1.782,-1.312,718.000,197.000,759.000,290.000,25.410,-2.120,-1.280,0.920,0.490,1.820,-0.362
2222,1029,3562.000,31.770,-3.962,0.090,-0.011,0.759,NaN,562,0,3.077,-1.311,767.000,202.000,807.000,265.000,NaN,NaN,NaN,NaN,NaN,NaN,NaN
2223,1057,3562.000,31.712,9.797,0.067,-0.044,0.711,NaN,562,0,2.046,-1.294,196.000,203.000,221.000,263.000,NaN,NaN,NaN,NaN,NaN,NaN,NaN
2224,1102,3562.000,9.301,4.074,0.028,0.007,0.027,NaN,562,0,-2.816,-1.327,25.000,208.000,43.000,255.000,NaN,NaN,NaN,NaN,NaN,NaN,NaN
2225,1166,3562.000,9.430,3.860,0.000,0.000,0.917,0.994,562,0,3.780,1.890,12.000,191.000,168.000,462.000,9.430,3.860,-1.100,0.870,0.620,1.850,-0.515
2226,405,3563.000,121.125,-50.007,0.384,0.166,NaN,NaN,563,0,-0.000,-0.000,NaN,NaN,NaN,NaN,NaN,NaN,NaN,NaN,NaN,NaN,NaN
2227,727,3563.000,111.744,-19.576,0.518,-0.100,NaN,NaN,563,0,-0.183,-0.578,NaN,NaN,NaN,NaN,NaN,NaN,NaN,NaN,NaN,NaN,NaN
2228,1019,3563.000,25.468,-2.208,-0.007,0.001,0.643,NaN,563,0,1.595,-1.326,718.000,198.000,759.000,285.000,NaN,NaN,NaN,NaN,NaN,NaN,NaN
2229,1029,3563.000,31.935,-3.982,0.090,-0.011,0.657,NaN,563,0,1.381,-1.312,766.000,201.000,808.000,257.000,NaN,NaN,NaN,NaN,NaN,NaN,NaN
2230,1057,3563.000,31.790,9.748,0.068,-0.045,0.734,NaN,563,0,2.590,-1.293,199.000,201.000,226.000,274.000,NaN,NaN,NaN,NaN,NaN,NaN,NaN
2231,1102,3563.000,9.329,4.080,0.028,0.006,NaN,NaN,563,0,-3.100,-1.327,NaN,NaN,NaN,NaN,NaN,NaN,NaN,NaN,NaN,NaN,NaN
2232,1166,3563.000,9.445,3.815,0.006,-0.031,0.907,NaN,563,0,3.378,-1.327,15.000,193.000,172.000,462.000,NaN,NaN,NaN,NaN,NaN,NaN,NaN
2233,405,3564.000,121.512,-49.838,0.386,0.169,NaN,NaN,564,0,-0.555,-1.331,NaN,NaN,NaN,NaN,NaN,NaN,NaN,NaN,NaN,NaN,NaN
2234,727,3564.000,112.093,-19.545,0.510,-0.084,0.038,NaN,564,0,-1.342,-0.599,848.000,201.000,857.000,222.000,NaN,NaN,NaN,NaN,NaN,NaN,NaN
2235,1019,3564.000,25.454,-2.160,-0.012,0.011,0.666,0.013,564,0,1.273,-1.501,716.000,200.000,760.000,286.000,25.450,-2.110,-1.230,0.950,0.560,1.820,0.243
2236,1029,3564.000,32.028,-3.993,0.093,-0.011,NaN,NaN,564,0,1.743,-1.312,NaN,NaN,NaN,NaN,NaN,NaN,NaN,NaN,NaN,NaN,NaN
2237,1057,3564.000,31.852,9.679,0.061,-0.054,0.763,0.996,564,0,0.597,2.487,203.000,202.000,231.000,264.000,31.840,9.600,-1.240,0.830,0.550,1.650,0.151
2238,1102,3564.000,9.357,4.084,0.028,0.004,NaN,NaN,564,0,-3.178,-1.327,NaN,NaN,NaN,NaN,NaN,NaN,NaN,NaN,NaN,NaN,NaN
2239,1166,3564.000,9.494,3.811,0.019,-0.022,0.859,0.999,564,0,3.920,1.960,35.000,190.000,171.000,452.000,9.510,3.810,-1.050,0.850,0.590,1.780,-0.434
2240,1170,3564.000,35.330,-4.870,0.000,0.000,0.675,0.017,564,0,-0.936,-2.246,766.000,200.000,810.000,254.000,35.330,-4.870,-1.320,1.620,0.620,1.670,-2.676
2241,405,3565.000,121.900,-49.668,0.387,0.170,NaN,NaN,565,0,-0.838,-2.221,NaN,NaN,NaN,NaN,NaN,NaN,NaN,NaN,NaN,NaN,NaN
2242,727,3565.000,112.484,-19.597,0.505,-0.082,0.028,NaN,565,0,-2.007,-0.803,848.000,201.000,857.000,221.000,NaN,NaN,NaN,NaN,NaN,NaN,NaN
2243,1019,3565.000,25.463,-2.144,-0.008,0.011,0.592,0.743,565,0,0.553,0.947,714.000,200.000,755.000,286.000,25.510,-2.140,-1.290,0.830,0.510,1.690,-0.162
2244,1029,3565.000,32.361,-4.044,0.097,-0.012,0.608,NaN,565,0,0.895,-1.312,766.000,201.000,809.000,255.000,NaN,NaN,NaN,NaN,NaN,NaN,NaN
2245,1057,3565.000,31.926,9.615,0.064,-0.059,0.594,0.999,565,0,-0.772,2.487,206.000,202.000,233.000,264.000,31.930,9.580,-1.240,0.770,0.530,1.670,-0.020
2246,1102,3565.000,9.385,4.088,0.028,0.004,NaN,NaN,565,0,-3.178,-1.327,NaN,NaN,NaN,NaN,NaN,NaN,NaN,NaN,NaN,NaN,NaN
2247,1166,3565.000,9.587,3.712,0.045,-0.053,0.887,0.998,565,0,3.920,1.960,48.000,188.000,171.000,448.000,9.640,3.670,-1.040,0.910,0.640,1.900,-0.627
2248,1170,3565.000,35.341,-4.874,0.010,0.004,NaN,NaN,565,0,-2.690,-1.321,NaN,NaN,NaN,NaN,NaN,NaN,NaN,NaN,NaN,NaN,NaN
2249,1173,3565.000,38.470,16.670,0.000,0.000,0.722,0.019,565,0,-0.849,-2.251,30.000,200.000,52.000,256.000,38.470,16.670,-1.280,0.760,0.630,1.720,-0.314
2250,405,3566.000,122.284,-49.497,0.385,0.170,NaN,NaN,566,0,-1.056,-0.828,NaN,NaN,NaN,NaN,NaN,NaN,NaN,NaN,NaN,NaN,NaN
2251,727,3566.000,112.988,-19.678,0.504,-0.081,NaN,NaN,566,0,-1.922,-0.803,NaN,NaN,NaN,NaN,NaN,NaN,NaN,NaN,NaN,NaN,NaN
2252,1019,3566.000,25.456,-2.156,-0.009,0.006,0.627,NaN,566,0,1.492,-1.326,717.000,198.000,754.000,288.000,NaN,NaN,NaN,NaN,NaN,NaN,NaN
2253,1029,3566.000,32.665,-4.088,0.100,-0.014,0.620,NaN,566,0,1.205,-1.313,766.000,201.000,809.000,262.000,NaN,NaN,NaN,NaN,NaN,NaN,NaN
2254,1057,3566.000,31.998,9.532,0.065,-0.065,0.392,NaN,566,0,-0.420,-1.289,209.000,204.000,240.000,267.000,NaN,NaN,NaN,NaN,NaN,NaN,NaN
2255,1102,3566.000,9.414,4.092,0.028,0.004,NaN,NaN,566,0,-3.100,-1.327,NaN,NaN,NaN,NaN,NaN,NaN,NaN,NaN,NaN,NaN,NaN
2256,1166,3566.000,9.639,3.630,0.050,-0.064,0.873,NaN,566,0,3.378,-1.327,78.000,183.000,173.000,446.000,NaN,NaN,NaN,NaN,NaN,NaN,NaN
2257,1170,3566.000,35.377,-4.309,0.011,0.171,0.026,NaN,566,0,-3.088,-1.321,766.000,203.000,791.000,240.000,NaN,NaN,NaN,NaN,NaN,NaN,NaN
2258,1173,3566.000,38.493,16.555,-0.002,-0.012,0.734,NaN,566,0,2.364,-1.208,34.000,200.000,60.000,255.000,NaN,NaN,NaN,NaN,NaN,NaN,NaN
2259,405,3567.000,122.270,-50.581,0.363,0.074,0.052,NaN,567,0,-0.312,-0.147,1158.000,218.000,1185.000,248.000,NaN,NaN,NaN,NaN,NaN,NaN,NaN
2260,727,3567.000,113.491,-19.760,0.503,-0.082,NaN,NaN,567,0,-1.450,-0.803,NaN,NaN,NaN,NaN,NaN,NaN,NaN,NaN,NaN,NaN,NaN
2261,1019,3567.000,25.444,-2.143,-0.012,0.007,0.622,0.186,567,0,0.943,-0.734,720.000,195.000,757.000,287.000,25.430,-2.130,-1.290,0.760,0.580,1.810,-0.529
2262,1029,3567.000,32.109,-3.908,0.087,0.009,0.090,NaN,567,0,-2.298,-1.314,766.000,201.000,793.000,241.000,NaN,NaN,NaN,NaN,NaN,NaN,NaN
2263,1057,3567.000,32.067,9.449,0.066,-0.068,0.419,NaN,567,0,-0.267,-1.273,198.000,203.000,266.000,271.000,NaN,NaN,NaN,NaN,NaN,NaN,NaN
2264,1102,3567.000,9.442,4.095,0.029,0.003,NaN,NaN,567,0,-1.958,-1.327,NaN,NaN,NaN,NaN,NaN,NaN,NaN,NaN,NaN,NaN,NaN
2265,1166,3567.000,9.738,3.588,0.067,-0.058,0.897,0.992,567,0,3.920,1.960,94.000,180.000,186.000,446.000,9.750,3.610,-1.050,0.770,0.640,1.780,0.042
2266,1170,3567.000,35.367,-4.249,0.009,0.122,0.258,NaN,567,0,-1.158,-1.316,766.000,201.000,803.000,255.000,NaN,NaN,NaN,NaN,NaN,NaN,NaN
2267,1173,3567.000,38.491,16.509,0.004,-0.027,0.751,NaN,567,0,2.680,-1.079,34.000,201.000,63.000,257.000,NaN,NaN,NaN,NaN,NaN,NaN,NaN
2268,405,3568.000,122.633,-50.508,0.363,0.074,NaN,NaN,568,0,-0.341,-0.264,NaN,NaN,NaN,NaN,NaN,NaN,NaN,NaN,NaN,NaN,NaN
2269,727,3568.000,113.993,-19.842,0.502,-0.082,NaN,NaN,568,0,-1.566,-0.271,NaN,NaN,NaN,NaN,NaN,NaN,NaN,NaN,NaN,NaN,NaN
2270,1019,3568.000,25.449,-2.135,-0.009,0.007,0.644,0.968,568,0,1.051,3.500,720.000,195.000,758.000,285.000,25.460,-2.130,-1.350,0.900,0.490,1.780,-0.255
2271,1029,3568.000,30.897,-3.642,0.052,0.036,0.048,NaN,568,0,-2.519,-1.311,766.000,198.000,785.000,240.000,NaN,NaN,NaN,NaN,NaN,NaN,NaN
2272,1057,3568.000,32.135,9.364,0.065,-0.071,0.026,NaN,568,0,-2.346,-1.226,209.000,205.000,258.000,278.000,NaN,NaN,NaN,NaN,NaN,NaN,NaN
2273,1102,3568.000,9.471,4.099,0.028,0.004,NaN,NaN,568,0,-1.461,-1.327,NaN,NaN,NaN,NaN,NaN,NaN,NaN,NaN,NaN,NaN,NaN
2274,1166,3568.000,9.833,3.489,0.080,-0.071,0.877,0.983,568,0,3.920,1.960,101.000,180.000,192.000,445.000,9.850,3.450,-1.010,0.790,0.670,1.870,-0.577
2275,1170,3568.000,35.338,-4.226,-0.001,0.089,0.501,NaN,568,0,0.026,-1.315,766.000,200.000,806.000,256.000,NaN,NaN,NaN,NaN,NaN,NaN,NaN
2276,1173,3568.000,38.501,16.442,0.010,-0.036,0.711,NaN,568,0,2.046,-1.053,39.000,200.000,63.000,255.000,NaN,NaN,NaN,NaN,NaN,NaN,NaN
2277,405,3569.000,122.995,-50.434,0.364,0.074,NaN,NaN,569,0,-2.284,-1.010,NaN,NaN,NaN,NaN,NaN,NaN,NaN,NaN,NaN,NaN,NaN
2278,727,3569.000,114.496,-19.924,0.503,-0.082,NaN,NaN,569,0,-1.024,-0.803,NaN,NaN,NaN,NaN,NaN,NaN,NaN,NaN,NaN,NaN,NaN
2279,1019,3569.000,25.439,-2.178,-0.009,-0.005,0.640,NaN,569,0,1.595,-1.327,720.000,195.000,761.000,286.000,NaN,NaN,NaN,NaN,NaN,NaN,NaN
2280,1029,3569.000,30.951,-3.606,0.053,0.036,NaN,NaN,569,0,-1.967,-1.307,NaN,NaN,NaN,NaN,NaN,NaN,NaN,NaN,NaN,NaN,NaN
2281,1057,3569.000,32.168,9.410,0.058,-0.048,0.503,NaN,569,0,0.239,-1.172,215.000,204.000,241.000,265.000,NaN,NaN,NaN,NaN,NaN,NaN,NaN
2282,1102,3569.000,9.498,4.104,0.028,0.005,NaN,NaN,569,0,-2.550,-1.327,NaN,NaN,NaN,NaN,NaN,NaN,NaN,NaN,NaN,NaN,NaN
2283,1166,3569.000,9.917,3.416,0.083,-0.071,0.818,NaN,569,0,3.115,-1.327,112.000,182.000,212.000,446.000,NaN,NaN,NaN,NaN,NaN,NaN,NaN
2284,1170,3569.000,35.326,-4.251,-0.003,0.060,0.423,NaN,569,0,-0.276,-1.315,766.000,201.000,810.000,264.000,NaN,NaN,NaN,NaN,NaN,NaN,NaN
2285,1173,3569.000,38.503,16.358,0.015,-0.051,0.660,NaN,569,0,1.381,-1.034,44.000,200.000,64.000,252.000,NaN,NaN,NaN,NaN,NaN,NaN,NaN
2286,405,3570.000,123.358,-50.358,0.363,0.075,NaN,NaN,570,0,-1.388,-1.152,NaN,NaN,NaN,NaN,NaN,NaN,NaN,NaN,NaN,NaN,NaN
2287,727,3570.000,114.999,-20.005,0.502,-0.081,NaN,NaN,570,0,-1.814,-0.803,NaN,NaN,NaN,NaN,NaN,NaN,NaN,NaN,NaN,NaN,NaN
2288,1019,3570.000,25.505,-2.181,0.008,-0.003,0.667,0.038,570,0,1.024,-1.451,714.000,195.000,760.000,287.000,25.570,-2.190,-1.240,0.870,0.530,1.810,-0.354
2289,1029,3570.000,31.004,-3.572,0.053,0.035,NaN,NaN,570,0,-1.355,-1.306,NaN,NaN,NaN,NaN,NaN,NaN,NaN,NaN,NaN,NaN,NaN
2290,1057,3570.000,32.238,9.344,0.061,-0.053,0.566,NaN,570,0,0.787,-1.205,222.000,202.000,248.000,263.000,NaN,NaN,NaN,NaN,NaN,NaN,NaN
2291,1102,3570.000,9.526,4.109,0.028,0.005,NaN,NaN,570,0,0.000,-1.149,NaN,NaN,NaN,NaN,NaN,NaN,NaN,NaN,NaN,NaN,NaN
2292,1166,3570.000,9.996,3.333,0.082,-0.071,0.893,0.998,570,0,3.920,1.960,126.000,187.000,244.000,443.000,9.990,3.330,-1.050,0.960,0.580,1.960,-0.588
2293,1170,3570.000,35.313,-4.279,-0.004,0.040,0.583,NaN,570,0,0.649,-1.315,766.000,202.000,809.000,260.000,NaN,NaN,NaN,NaN,NaN,NaN,NaN
2294,1173,3570.000,38.583,16.274,0.029,-0.068,0.580,NaN,570,0,0.649,-1.124,49.000,200.000,68.000,255.000,NaN,NaN,NaN,NaN,NaN,NaN,NaN
2295,405,3571.000,123.721,-50.284,0.364,0.074,NaN,NaN,571,0,-0.234,-0.931,NaN,NaN,NaN,NaN,NaN,NaN,NaN,NaN,NaN,NaN,NaN
2296,727,3571.000,115.504,-20.085,0.504,-0.080,NaN,NaN,571,0,-0.884,-0.803,NaN,NaN,NaN,NaN,NaN,NaN,NaN,NaN,NaN,NaN,NaN
2297,1019,3571.000,25.488,-2.143,0.003,0.006,0.648,0.036,571,0,1.116,-1.391,717.000,195.000,761.000,287.000,25.470,-2.090,-1.310,0.800,0.510,1.740,-0.334
2298,1029,3571.000,31.056,-3.538,0.051,0.033,NaN,NaN,571,0,-2.756,-1.303,NaN,NaN,NaN,NaN,NaN,NaN,NaN,NaN,NaN,NaN,NaN
2299,1057,3571.000,32.357,9.271,0.067,-0.059,0.524,0.905,571,0,-1.058,2.487,224.000,202.000,250.000,262.000,32.400,9.200,-1.100,0.710,0.670,1.740,0.136
2300,1102,3571.000,9.555,4.114,0.028,0.005,NaN,NaN,571,0,-2.998,-1.327,NaN,NaN,NaN,NaN,NaN,NaN,NaN,NaN,NaN,NaN,NaN
2301,1166,3571.000,10.076,3.274,0.082,-0.067,0.893,0.999,571,0,3.920,1.960,128.000,190.000,245.000,443.000,10.070,3.290,-1.070,0.950,0.640,1.820,-0.755
2302,1170,3571.000,35.318,-4.300,-0.002,0.026,0.588,NaN,571,0,0.729,-1.315,766.000,200.000,808.000,255.000,NaN,NaN,NaN,NaN,NaN,NaN,NaN
2303,1173,3571.000,38.637,16.196,0.032,-0.072,0.226,NaN,571,0,-1.080,-1.255,50.000,200.000,73.000,276.000,NaN,NaN,NaN,NaN,NaN,NaN,NaN
2304,405,3572.000,124.084,-50.209,0.364,0.075,NaN,NaN,572,0,-0.059,-0.147,NaN,NaN,NaN,NaN,NaN,NaN,NaN,NaN,NaN,NaN,NaN
2305,727,3572.000,116.009,-20.165,0.504,-0.080,NaN,NaN,572,0,-0.834,-0.887,NaN,NaN,NaN,NaN,NaN,NaN,NaN,NaN,NaN,NaN,NaN
2306,1019,3572.000,25.489,-2.176,0.002,-0.003,0.668,NaN,572,0,1.916,-1.326,718.000,195.000,762.000,284.000,NaN,NaN,NaN,NaN,NaN,NaN,NaN
2307,1029,3572.000,31.107,-3.505,0.052,0.033,NaN,NaN,572,0,-2.446,-1.295,NaN,NaN,NaN,NaN,NaN,NaN,NaN,NaN,NaN,NaN,NaN
2308,1057,3572.000,32.418,9.225,0.064,-0.056,0.700,NaN,572,0,2.128,-0.998,228.000,201.000,253.000,263.000,NaN,NaN,NaN,NaN,NaN,NaN,NaN
2309,1102,3572.000,9.583,4.118,0.028,0.004,NaN,NaN,572,0,-2.822,-1.327,NaN,NaN,NaN,NaN,NaN,NaN,NaN,NaN,NaN,NaN,NaN
2310,1166,3572.000,10.160,3.212,0.083,-0.064,0.902,NaN,572,0,3.493,-1.327,138.000,189.000,255.000,444.000,NaN,NaN,NaN,NaN,NaN,NaN,NaN
2311,1170,3572.000,35.314,-4.320,-0.000,0.015,0.609,NaN,572,0,1.112,-1.316,766.000,198.000,808.000,259.000,NaN,NaN,NaN,NaN,NaN,NaN,NaN
2312,1173,3572.000,38.674,16.114,0.035,-0.077,0.610,NaN,572,0,0.895,-1.293,54.000,200.000,74.000,255.000,NaN,NaN,NaN,NaN,NaN,NaN,NaN
2313,405,3573.000,124.448,-50.134,0.363,0.075,NaN,NaN,573,0,1.256,-0.099,NaN,NaN,NaN,NaN,NaN,NaN,NaN,NaN,NaN,NaN,NaN
2314,727,3573.000,116.511,-20.245,0.503,-0.080,NaN,NaN,573,0,-0.822,-0.887,NaN,NaN,NaN,NaN,NaN,NaN,NaN,NaN,NaN,NaN,NaN
2315,1019,3573.000,25.469,-2.137,-0.002,0.008,0.662,0.123,573,0,1.190,-0.951,719.000,195.000,760.000,284.000,25.450,-2.080,-1.280,0.980,0.510,1.820,-0.659
2316,1029,3573.000,27.307,-2.589,-0.085,0.133,0.058,NaN,573,0,-2.328,-1.289,721.000,195.000,759.000,247.000,NaN,NaN,NaN,NaN,NaN,NaN,NaN
2317,1057,3573.000,32.481,9.171,0.064,-0.056,0.448,NaN,573,0,-0.066,-1.065,232.000,204.000,256.000,272.000,NaN,NaN,NaN,NaN,NaN,NaN,NaN
2318,1102,3573.000,9.612,4.122,0.029,0.004,NaN,NaN,573,0,-2.320,-1.327,NaN,NaN,NaN,NaN,NaN,NaN,NaN,NaN,NaN,NaN,NaN
2319,1166,3573.000,10.235,3.177,0.081,-0.055,0.607,0.999,573,0,1.228,1.960,165.000,188.000,254.000,428.000,10.220,3.190,-1.040,0.910,0.560,1.910,-0.571
2320,1170,3573.000,35.316,-4.305,0.001,0.015,NaN,NaN,573,0,-2.230,-1.316,NaN,NaN,NaN,NaN,NaN,NaN,NaN,NaN,NaN,NaN,NaN
2321,1173,3573.000,38.715,16.016,0.038,-0.082,0.531,NaN,573,0,0.251,-1.308,58.000,200.000,80.000,255.000,NaN,NaN,NaN,NaN,NaN,NaN,NaN
2322,405,3574.000,124.749,-50.625,0.350,0.037,0.026,NaN,574,0,-0.000,-0.000,1145.000,217.000,1176.000,247.000,NaN,NaN,NaN,NaN,NaN,NaN,NaN
2323,727,3574.000,117.014,-20.323,0.503,-0.078,NaN,NaN,574,0,-1.077,-0.887,NaN,NaN,NaN,NaN,NaN,NaN,NaN,NaN,NaN,NaN,NaN
2324,1019,3574.000,25.493,-2.134,0.004,0.007,0.629,0.397,574,0,0.754,-0.333,719.000,195.000,760.000,286.000,25.510,-2.130,-1.250,0.920,0.510,1.800,-0.173
2325,1029,3574.000,27.755,-2.500,-0.070,0.134,0.043,NaN,574,0,-2.601,-1.278,722.000,195.000,759.000,247.000,NaN,NaN,NaN,NaN,NaN,NaN,NaN
2326,1057,3574.000,32.549,9.091,0.063,-0.060,0.618,0.620,574,0,-0.771,-0.385,236.000,204.000,256.000,267.000,32.580,8.990,-1.250,0.710,0.620,1.540,0.388
2327,1102,3574.000,9.639,4.125,0.027,0.003,NaN,NaN,574,0,-2.104,-1.327,NaN,NaN,NaN,NaN,NaN,NaN,NaN,NaN,NaN,NaN,NaN
2328,1166,3574.000,10.316,3.122,0.081,-0.056,NaN,NaN,574,0,-2.972,-1.327,NaN,NaN,NaN,NaN,NaN,NaN,NaN,NaN,NaN,NaN,NaN
2329,1170,3574.000,35.338,-4.323,0.003,0.007,0.711,NaN,574,0,2.280,-1.316,766.000,198.000,808.000,261.000,NaN,NaN,NaN,NaN,NaN,NaN,NaN
2330,1173,3574.000,38.761,15.964,0.038,-0.074,0.555,NaN,574,0,0.422,-1.306,56.000,200.000,82.000,257.000,NaN,NaN,NaN,NaN,NaN,NaN,NaN
2331,405,3575.000,125.101,-50.588,0.350,0.036,NaN,NaN,575,0,-0.314,-0.147,NaN,NaN,NaN,NaN,NaN,NaN,NaN,NaN,NaN,NaN,NaN
2332,727,3575.000,117.519,-20.400,0.503,-0.077,NaN,NaN,575,0,-1.806,-1.000,NaN,NaN,NaN,NaN,NaN,NaN,NaN,NaN,NaN,NaN,NaN
2333,1019,3575.000,25.493,-2.175,0.004,-0.005,0.601,NaN,575,0,1.208,-1.327,719.000,195.000,760.000,285.000,NaN,NaN,NaN,NaN,NaN,NaN,NaN
2334,1029,3575.000,28.535,-2.511,-0.036,0.120,0.038,NaN,575,0,-2.668,-1.310,722.000,195.000,760.000,247.000,NaN,NaN,NaN,NaN,NaN,NaN,NaN
2335,1057,3575.000,32.585,9.064,0.058,-0.051,0.095,NaN,575,0,-1.866,-1.215,241.000,205.000,258.000,262.000,NaN,NaN,NaN,NaN,NaN,NaN,NaN
2336,1102,3575.000,9.666,4.127,0.027,0.003,NaN,NaN,575,0,-2.275,-1.327,NaN,NaN,NaN,NaN,NaN,NaN,NaN,NaN,NaN,NaN,NaN
2337,1166,3575.000,10.393,3.086,0.081,-0.051,0.749,NaN,575,0,2.373,-1.327,181.000,180.000,260.000,423.000,NaN,NaN,NaN,NaN,NaN,NaN,NaN
2338,1170,3575.000,35.324,-4.344,0.001,-0.000,0.701,NaN,575,0,2.128,-1.316,766.000,198.000,808.000,262.000,NaN,NaN,NaN,NaN,NaN,NaN,NaN
2339,1173,3575.000,38.817,15.893,0.040,-0.075,0.546,NaN,575,0,0.422,-1.291,60.000,200.000,88.000,259.000,NaN,NaN,NaN,NaN,NaN,NaN,NaN
2340,405,3576.000,125.453,-50.551,0.350,0.037,NaN,NaN,576,0,-0.207,-0.000,NaN,NaN,NaN,NaN,NaN,NaN,NaN,NaN,NaN,NaN,NaN
2341,727,3576.000,118.117,-20.589,0.504,-0.088,0.053,NaN,576,0,-2.162,-1.023,848.000,201.000,857.000,222.000,NaN,NaN,NaN,NaN,NaN,NaN,NaN
2342,1019,3576.000,25.469,-2.143,-0.004,0.006,0.621,0.189,576,0,0.943,-0.734,719.000,195.000,760.000,281.000,25.450,-2.100,-1.290,0.910,0.490,1.820,-0.351
2343,1029,3576.000,29.190,-2.519,-0.010,0.106,0.047,NaN,576,0,-2.530,-1.317,720.000,195.000,760.000,248.000,NaN,NaN,NaN,NaN,NaN,NaN,NaN
2344,1057,3576.000,32.645,9.014,0.059,-0.050,NaN,NaN,576,0,-2.342,-1.240,NaN,NaN,NaN,NaN,NaN,NaN,NaN,NaN,NaN,NaN,NaN
2345,1102,3576.000,9.693,4.129,0.026,0.002,NaN,NaN,576,0,-2.058,-1.327,NaN,NaN,NaN,NaN,NaN,NaN,NaN,NaN,NaN,NaN,NaN
2346,1166,3576.000,10.490,3.058,0.081,-0.045,0.837,0.999,576,0,3.920,1.960,193.000,178.000,280.000,428.000,10.490,3.070,-1.050,0.800,0.760,1.760,-0.006
2347,1170,3576.000,35.318,-4.363,0.000,-0.005,0.716,NaN,576,0,2.434,-1.316,766.000,198.000,808.000,263.000,NaN,NaN,NaN,NaN,NaN,NaN,NaN
2348,1173,3576.000,38.884,15.811,0.042,-0.076,0.532,NaN,576,0,0.251,-1.247,69.000,200.000,87.000,254.000,NaN,NaN,NaN,NaN,NaN,NaN,NaN
2349,405,3577.000,125.875,-47.656,0.423,0.230,0.175,NaN,577,0,-0.000,-0.000,1103.000,197.000,1116.000,221.000,NaN,NaN,NaN,NaN,NaN,NaN,NaN
2350,727,3577.000,118.437,-20.640,0.498,-0.085,0.035,NaN,577,0,-1.983,-0.828,848.000,202.000,857.000,222.000,NaN,NaN,NaN,NaN,NaN,NaN,NaN
2351,1019,3577.000,25.477,-2.138,-0.002,0.005,0.644,0.826,577,0,1.051,1.620,719.000,195.000,760.000,282.000,25.490,-2.140,-1.230,0.840,0.540,1.660,-0.582
2352,1029,3577.000,29.779,-2.528,-0.006,0.094,0.060,NaN,577,0,-2.384,-1.319,721.000,196.000,759.000,248.000,NaN,NaN,NaN,NaN,NaN,NaN,NaN
2353,1057,3577.000,32.702,8.965,0.058,-0.049,NaN,NaN,577,0,-2.698,-1.269,NaN,NaN,NaN,NaN,NaN,NaN,NaN,NaN,NaN,NaN,NaN
2354,1102,3577.000,9.720,4.132,0.027,0.003,NaN,NaN,577,0,-4.379,-2.335,NaN,NaN,NaN,NaN,NaN,NaN,NaN,NaN,NaN,NaN,NaN
2355,1166,3577.000,10.602,2.975,0.087,-0.058,0.912,0.942,577,0,4.052,2.026,198.000,178.000,303.000,429.000,10.620,2.950,-1.060,0.930,0.610,1.880,-0.510
2356,1170,3577.000,35.318,-4.381,0.000,-0.008,0.707,NaN,577,0,2.280,-1.316,766.000,199.000,808.000,263.000,NaN,NaN,NaN,NaN,NaN,NaN,NaN
2357,1173,3577.000,39.002,15.802,0.045,-0.064,0.241,NaN,577,0,-1.106,-1.151,70.000,199.000,87.000,253.000,NaN,NaN,NaN,NaN,NaN,NaN,NaN
2358,405,3578.000,126.301,-47.427,0.422,0.229,NaN,NaN,578,0,-0.000,-0.000,NaN,NaN,NaN,NaN,NaN,NaN,NaN,NaN,NaN,NaN,NaN
2359,727,3578.000,118.808,-20.703,0.494,-0.086,0.033,NaN,578,0,-1.934,-0.828,848.000,202.000,857.000,241.000,NaN,NaN,NaN,NaN,NaN,NaN,NaN
2360,1019,3578.000,25.473,-2.184,-0.003,-0.008,0.636,NaN,578,0,1.595,-1.327,718.000,195.000,761.000,281.000,NaN,NaN,NaN,NaN,NaN,NaN,NaN
2361,1029,3578.000,30.469,-2.560,0.001,0.080,0.074,NaN,578,0,-2.264,-1.320,719.000,196.000,760.000,249.000,NaN,NaN,NaN,NaN,NaN,NaN,NaN
2362,1057,3578.000,32.761,8.914,0.058,-0.051,NaN,NaN,578,0,-2.880,-1.286,NaN,NaN,NaN,NaN,NaN,NaN,NaN,NaN,NaN,NaN,NaN
2363,1102,3578.000,9.746,4.135,0.026,0.003,NaN,NaN,578,0,-2.816,-1.327,NaN,NaN,NaN,NaN,NaN,NaN,NaN,NaN,NaN,NaN,NaN
2364,1166,3578.000,10.696,2.900,0.089,-0.063,0.902,NaN,578,0,3.493,-1.327,211.000,182.000,328.000,429.000,NaN,NaN,NaN,NaN,NaN,NaN,NaN
2365,1170,3578.000,35.318,-4.395,-0.002,-0.009,0.756,NaN,578,0,3.077,-1.316,766.000,198.000,808.000,263.000,NaN,NaN,NaN,NaN,NaN,NaN,NaN
2366,1173,3578.000,39.136,15.784,0.052,-0.057,0.666,NaN,578,0,1.488,-1.077,73.000,199.000,90.000,253.000,NaN,NaN,NaN,NaN,NaN,NaN,NaN
2367,405,3579.000,126.724,-47.197,0.423,0.229,NaN,NaN,579,0,-0.000,-0.000,NaN,NaN,NaN,NaN,NaN,NaN,NaN,NaN,NaN,NaN,NaN
2368,727,3579.000,119.289,-20.811,0.494,-0.095,0.030,NaN,579,0,-1.934,-0.828,849.000,202.000,857.000,223.000,NaN,NaN,NaN,NaN,NaN,NaN,NaN
2369,1019,3579.000,25.442,-2.165,-0.010,0.001,0.659,0.558,579,0,1.190,0.304,719.000,194.000,760.000,284.000,25.400,-2.110,-1.320,0.890,0.540,1.800,-0.206
2370,1029,3579.000,30.992,-2.585,0.002,0.068,0.039,NaN,579,0,-2.691,-1.322,719.000,195.000,755.000,253.000,NaN,NaN,NaN,NaN,NaN,NaN,NaN
2371,1057,3579.000,32.821,8.865,0.059,-0.050,NaN,NaN,579,0,-0.847,-1.284,NaN,NaN,NaN,NaN,NaN,NaN,NaN,NaN,NaN,NaN,NaN
2372,1102,3579.000,9.772,4.138,0.026,0.003,NaN,NaN,579,0,-2.972,-1.327,NaN,NaN,NaN,NaN,NaN,NaN,NaN,NaN,NaN,NaN,NaN
2373,1166,3579.000,10.742,2.829,0.074,-0.064,0.905,0.996,579,0,4.052,2.026,216.000,186.000,337.000,426.000,10.700,2.830,-1.060,1.800,0.540,1.880,-0.550
2374,1170,3579.000,35.399,-4.403,0.004,-0.007,0.737,NaN,579,0,2.746,-1.316,766.000,199.000,808.000,264.000,NaN,NaN,NaN,NaN,NaN,NaN,NaN
2375,1173,3579.000,39.175,15.733,0.049,-0.056,0.805,NaN,579,0,3.612,-1.039,74.000,200.000,93.000,254.000,NaN,NaN,NaN,NaN,NaN,NaN,NaN
2376,1214,3579.000,20.830,2.270,0.000,0.000,0.807,0.970,579,0,4.218,2.148,453.000,204.000,497.000,295.000,20.830,2.270,-1.300,1.030,0.680,1.730,-0.690
2377,405,3580.000,127.148,-46.967,0.424,0.230,NaN,NaN,580,0,-0.000,-0.000,NaN,NaN,NaN,NaN,NaN,NaN,NaN,NaN,NaN,NaN,NaN
2378,727,3580.000,119.778,-20.898,0.497,-0.096,0.027,NaN,580,0,-1.643,-0.703,848.000,203.000,857.000,241.000,NaN,NaN,NaN,NaN,NaN,NaN,NaN
2379,1019,3580.000,25.431,-2.143,-0.011,0.006,0.653,0.398,580,0,1.116,-0.242,719.000,194.000,759.000,282.000,25.430,-2.100,-1.300,0.810,0.610,1.810,-0.272
2380,1029,3580.000,30.840,-2.562,0.001,0.053,0.079,NaN,580,0,-2.172,-1.322,719.000,195.000,755.000,254.000,NaN,NaN,NaN,NaN,NaN,NaN,NaN
2381,1057,3580.000,32.865,8.705,0.055,-0.071,0.047,0.094,580,0,-3.778,-1.716,259.000,205.000,270.000,216.000,32.890,8.660,-1.220,0.770,0.630,1.860,-1.234
2382,1102,3580.000,9.797,4.139,0.026,0.002,NaN,NaN,580,0,-3.100,-1.327,NaN,NaN,NaN,NaN,NaN,NaN,NaN,NaN,NaN,NaN,NaN
2383,1166,3580.000,10.833,2.776,0.079,-0.061,0.900,1.000,580,0,4.052,2.026,218.000,187.000,339.000,426.000,10.840,2.780,-1.110,0.910,0.560,1.800,-0.382
2384,1170,3580.000,35.410,-4.416,0.006,-0.007,0.704,NaN,580,0,2.128,-1.316,766.000,198.000,809.000,266.000,NaN,NaN,NaN,NaN,NaN,NaN,NaN
2385,1173,3580.000,39.221,15.695,0.045,-0.053,0.792,NaN,580,0,3.411,-1.132,75.000,200.000,96.000,254.000,NaN,NaN,NaN,NaN,NaN,NaN,NaN
2386,1214,3580.000,20.927,2.138,0.044,-0.049,0.831,0.932,580,0,4.274,2.148,453.000,204.000,510.000,299.000,21.010,2.050,-1.370,1.970,0.580,1.870,-0.922
2387,405,3581.000,127.538,-46.819,0.415,0.202,0.053,NaN,581,0,-0.000,-0.000,1105.000,201.000,1114.000,214.000,NaN,NaN,NaN,NaN,NaN,NaN,NaN
2388,727,3581.000,120.172,-20.981,0.494,-0.098,0.031,NaN,581,0,-1.643,-0.703,849.000,202.000,857.000,223.000,NaN,NaN,NaN,NaN,NaN,NaN,NaN
2389,1019,3581.000,25.419,-2.136,-0.011,0.007,NaN,NaN,581,0,-2.998,-1.326,NaN,NaN,NaN,NaN,NaN,NaN,NaN,NaN,NaN,NaN,NaN
2390,1029,3581.000,30.168,-2.521,-0.016,0.037,0.655,NaN,581,0,1.509,-1.322,719.000,195.000,761.000,271.000,NaN,NaN,NaN,NaN,NaN,NaN,NaN
2391,1057,3581.000,32.885,8.796,0.046,-0.045,0.255,NaN,581,0,-1.168,-1.100,249.000,204.000,274.000,239.000,NaN,NaN,NaN,NaN,NaN,NaN,NaN
2392,1102,3581.000,9.823,4.141,0.026,0.002,NaN,NaN,581,0,-2.654,-1.327,NaN,NaN,NaN,NaN,NaN,NaN,NaN,NaN,NaN,NaN,NaN
2393,1166,3581.000,10.911,2.724,0.079,-0.058,0.876,NaN,581,0,3.609,-1.327,226.000,186.000,339.000,424.000,NaN,NaN,NaN,NaN,NaN,NaN,NaN
2394,1170,3581.000,35.432,-4.422,0.006,-0.006,0.691,NaN,581,0,1.982,-1.317,766.000,198.000,808.000,268.000,NaN,NaN,NaN,NaN,NaN,NaN,NaN
2395,1173,3581.000,39.243,15.635,0.041,-0.054,0.811,NaN,581,0,3.809,-1.184,75.000,200.000,102.000,254.000,NaN,NaN,NaN,NaN,NaN,NaN,NaN
2396,1214,3581.000,20.972,1.982,0.054,-0.098,0.817,NaN,581,0,4.311,-1.327,475.000,203.000,530.000,296.000,NaN,NaN,NaN,NaN,NaN,NaN,NaN
2397,405,3582.000,127.954,-46.618,0.417,0.201,NaN,NaN,582,0,-0.000,-0.000,NaN,NaN,NaN,NaN,NaN,NaN,NaN,NaN,NaN,NaN,NaN
2398,727,3582.000,120.666,-21.080,0.494,-0.099,NaN,NaN,582,0,-1.643,-0.703,NaN,NaN,NaN,NaN,NaN,NaN,NaN,NaN,NaN,NaN,NaN
2399,1019,3582.000,25.416,-2.120,-0.010,0.011,0.735,0.061,582,0,2.178,-1.228,718.000,195.000,763.000,283.000,25.420,-2.130,-1.360,0.830,0.440,1.860,0.328
2400,1029,3582.000,31.390,-2.310,0.024,0.101,0.316,NaN,582,0,-0.951,-1.321,698.000,202.000,723.000,262.000,NaN,NaN,NaN,NaN,NaN,NaN,NaN
2401,1057,3582.000,32.924,8.762,0.045,-0.043,0.025,NaN,582,0,-2.051,-1.193,253.000,204.000,278.000,290.000,NaN,NaN,NaN,NaN,NaN,NaN,NaN
2402,1102,3582.000,9.849,4.145,0.026,0.003,NaN,NaN,582,0,-2.654,-1.327,NaN,NaN,NaN,NaN,NaN,NaN,NaN,NaN,NaN,NaN,NaN
2403,1166,3582.000,10.974,2.666,0.077,-0.058,0.855,1.000,582,0,4.052,2.026,255.000,183.000,338.000,413.000,10.960,2.670,-1.070,0.920,0.570,1.810,-0.532
2404,1170,3582.000,35.449,-4.430,0.006,-0.006,0.713,NaN,582,0,2.280,-1.317,766.000,198.000,809.000,264.000,NaN,NaN,NaN,NaN,NaN,NaN,NaN
2405,1173,3582.000,39.279,15.584,0.039,-0.053,0.758,NaN,582,0,2.844,-1.243,78.000,201.000,103.000,253.000,NaN,NaN,NaN,NaN,NaN,NaN,NaN
2406,1214,3582.000,21.256,1.675,0.142,-0.178,0.822,0.999,582,0,4.270,2.148,497.000,202.000,551.000,295.000,21.280,1.580,-1.330,2.030,0.540,1.880,-1.117
2407,405,3583.000,128.373,-46.418,0.417,0.200,NaN,NaN,583,0,-0.000,-0.000,NaN,NaN,NaN,NaN,NaN,NaN,NaN,NaN,NaN,NaN,NaN
2408,727,3583.000,121.161,-21.179,0.494,-0.099,NaN,NaN,583,0,-0.801,-0.703,NaN,NaN,NaN,NaN,NaN,NaN,NaN,NaN,NaN,NaN,NaN
2409,1019,3583.000,25.444,-2.093,-0.000,0.014,0.712,0.243,583,0,1.782,-0.591,718.000,195.000,763.000,282.000,25.490,-2.090,-1.320,0.760,0.570,1.640,-0.241
2410,1029,3583.000,32.248,-2.425,0.027,0.061,0.030,NaN,583,0,-2.804,-1.321,719.000,195.000,762.000,246.000,NaN,NaN,NaN,NaN,NaN,NaN,NaN
2411,1057,3583.000,32.974,8.730,0.045,-0.040,0.079,NaN,583,0,-1.521,-1.157,255.000,204.000,280.000,287.000,NaN,NaN,NaN,NaN,NaN,NaN,NaN
2412,1102,3583.000,9.875,4.150,0.026,0.005,NaN,NaN,583,0,-3.100,-1.327,NaN,NaN,NaN,NaN,NaN,NaN,NaN,NaN,NaN,NaN,NaN
2413,1166,3583.000,11.078,2.586,0.083,-0.066,0.885,0.996,583,0,4.052,2.026,255.000,181.000,343.000,415.000,11.120,2.580,-1.060,0.980,0.560,1.880,-0.379
2414,1170,3583.000,35.479,-4.437,0.008,-0.007,0.700,NaN,583,0,2.128,-1.317,766.000,198.000,809.000,264.000,NaN,NaN,NaN,NaN,NaN,NaN,NaN
2415,1173,3583.000,39.367,15.564,0.040,-0.051,0.761,NaN,583,0,2.844,-1.273,81.000,200.000,103.000,253.000,NaN,NaN,NaN,NaN,NaN,NaN,NaN
2416,1214,3583.000,21.427,1.336,0.149,-0.224,0.817,0.630,583,0,4.270,0.941,508.000,203.000,560.000,294.000,21.440,1.300,-1.230,0.920,0.520,1.800,-1.285
2417,405,3584.000,128.791,-46.219,0.417,0.198,NaN,NaN,584,0,-0.000,-0.000,NaN,NaN,NaN,NaN,NaN,NaN,NaN,NaN,NaN,NaN,NaN
2418,727,3584.000,121.654,-21.277,0.493,-0.098,NaN,NaN,584,0,-1.643,-0.703,NaN,NaN,NaN,NaN,NaN,NaN,NaN,NaN,NaN,NaN,NaN
2419,1019,3584.000,25.441,-2.141,0.001,-0.002,0.664,NaN,584,0,1.803,-1.327,718.000,195.000,763.000,280.000,NaN,NaN,NaN,NaN,NaN,NaN,NaN
2420,1029,3584.000,32.414,-2.262,0.050,0.089,0.361,NaN,584,0,-0.766,-1.322,698.000,203.000,722.000,263.000,NaN,NaN,NaN,NaN,NaN,NaN,NaN
2421,1057,3584.000,33.031,8.683,0.048,-0.041,0.029,NaN,584,0,-2.105,-1.100,259.000,204.000,283.000,275.000,NaN,NaN,NaN,NaN,NaN,NaN,NaN
2422,1102,3584.000,9.900,4.156,0.026,0.006,NaN,NaN,584,0,-2.654,-1.327,NaN,NaN,NaN,NaN,NaN,NaN,NaN,NaN,NaN,NaN,NaN
2423,1166,3584.000,11.155,2.538,0.081,-0.060,0.706,NaN,584,0,2.098,-1.327,275.000,179.000,353.000,414.000,NaN,NaN,NaN,NaN,NaN,NaN,NaN
2424,1170,3584.000,35.494,-4.464,0.009,-0.011,0.700,NaN,584,0,2.128,-1.317,766.000,198.000,814.000,264.000,NaN,NaN,NaN,NaN,NaN,NaN,NaN
2425,1173,3584.000,39.450,15.524,0.042,-0.051,0.726,NaN,584,0,2.364,-1.289,86.000,200.000,105.000,252.000,NaN,NaN,NaN,NaN,NaN,NaN,NaN
2426,1214,3584.000,21.589,1.087,0.152,-0.229,0.715,NaN,584,0,2.280,-1.319,531.000,202.000,581.000,266.000,NaN,NaN,NaN,NaN,NaN,NaN,NaN
2427,405,3585.000,129.209,-46.021,0.418,0.199,NaN,NaN,585,0,-0.000,-0.000,NaN,NaN,NaN,NaN,NaN,NaN,NaN,NaN,NaN,NaN,NaN
2428,727,3585.000,122.148,-21.374,0.494,-0.098,NaN,NaN,585,0,-1.067,-0.622,NaN,NaN,NaN,NaN,NaN,NaN,NaN,NaN,NaN,NaN,NaN
2429,1019,3585.000,25.451,-2.171,0.008,-0.012,0.610,NaN,585,0,1.298,-1.326,719.000,195.000,756.000,284.000,NaN,NaN,NaN,NaN,NaN,NaN,NaN
2430,1029,3585.000,32.810,-2.186,0.056,0.094,0.304,NaN,585,0,-0.816,-1.319,697.000,203.000,722.000,264.000,NaN,NaN,NaN,NaN,NaN,NaN,NaN
2431,1057,3585.000,33.062,8.614,0.049,-0.049,0.174,NaN,585,0,-1.205,-0.982,263.000,204.000,288.000,264.000,NaN,NaN,NaN,NaN,NaN,NaN,NaN
2432,1102,3585.000,10.515,2.710,0.045,-0.093,0.053,NaN,585,0,-2.056,-1.327,263.000,203.000,291.000,298.000,NaN,NaN,NaN,NaN,NaN,NaN,NaN
2433,1166,3585.000,11.249,2.489,0.087,-0.057,0.853,0.994,585,0,4.052,2.026,283.000,180.000,367.000,414.000,11.260,2.490,-1.010,1.050,0.580,1.810,-0.226
2434,1170,3585.000,35.516,-4.485,0.008,-0.016,0.708,NaN,585,0,2.280,-1.317,766.000,198.000,810.000,264.000,NaN,NaN,NaN,NaN,NaN,NaN,NaN
2435,1173,3585.000,39.490,15.474,0.041,-0.050,NaN,NaN,585,0,-3.248,-1.299,NaN,NaN,NaN,NaN,NaN,NaN,NaN,NaN,NaN,NaN,NaN
2436,1214,3585.000,21.940,0.718,0.195,-0.251,0.543,0.844,585,0,1.070,2.060,553.000,202.000,604.000,281.000,21.920,0.570,-1.250,1.860,0.570,1.880,-1.007
2437,405,3586.000,129.629,-45.821,0.418,0.199,NaN,NaN,586,0,-0.000,-0.000,NaN,NaN,NaN,NaN,NaN,NaN,NaN,NaN,NaN,NaN,NaN
2438,727,3586.000,122.644,-21.472,0.494,-0.098,NaN,NaN,586,0,-1.316,-0.622,NaN,NaN,NaN,NaN,NaN,NaN,NaN,NaN,NaN,NaN,NaN
2439,1019,3586.000,25.434,-2.122,0.002,0.002,0.619,0.169,586,0,0.943,-0.791,718.000,194.000,761.000,283.000,25.420,-2.020,-1.260,0.900,0.540,1.770,-0.092
2440,1029,3586.000,32.925,-2.133,0.053,0.086,0.313,NaN,586,0,-0.794,-1.315,697.000,203.000,722.000,264.000,NaN,NaN,NaN,NaN,NaN,NaN,NaN
2441,1057,3586.000,33.115,8.558,0.050,-0.052,0.381,NaN,586,0,-0.346,-0.691,265.000,204.000,289.000,264.000,NaN,NaN,NaN,NaN,NaN,NaN,NaN
2442,1102,3586.000,10.559,2.615,0.045,-0.094,NaN,NaN,586,0,-2.701,-1.327,NaN,NaN,NaN,NaN,NaN,NaN,NaN,NaN,NaN,NaN,NaN
2443,1166,3586.000,11.372,2.423,0.098,-0.061,0.843,0.998,586,0,4.052,2.026,290.000,181.000,376.000,414.000,11.400,2.410,-1.100,1.890,0.570,1.930,-0.692
2444,1170,3586.000,35.608,-4.500,0.014,-0.014,0.714,NaN,586,0,2.280,-1.317,766.000,198.000,810.000,264.000,NaN,NaN,NaN,NaN,NaN,NaN,NaN
2445,1173,3586.000,39.531,15.424,0.041,-0.050,NaN,NaN,586,0,-2.596,-1.298,NaN,NaN,NaN,NaN,NaN,NaN,NaN,NaN,NaN,NaN,NaN
2446,1214,3586.000,22.093,0.350,0.189,-0.274,0.539,0.934,586,0,1.070,2.238,565.000,200.000,615.000,278.000,22.100,0.250,-1.260,1.960,0.570,1.860,-1.050
2447,405,3587.000,130.051,-45.622,0.421,0.199,NaN,NaN,587,0,-0.000,-0.000,NaN,NaN,NaN,NaN,NaN,NaN,NaN,NaN,NaN,NaN,NaN
2448,727,3587.000,123.060,-21.502,0.495,-0.091,0.026,NaN,587,0,-1.454,-0.622,848.000,201.000,858.000,228.000,NaN,NaN,NaN,NaN,NaN,NaN,NaN
2449,1019,3587.000,25.431,-2.169,0.003,-0.013,0.035,NaN,587,0,-2.701,-1.327,719.000,195.000,760.000,244.000,NaN,NaN,NaN,NaN,NaN,NaN,NaN
2450,1029,3587.000,32.386,-2.075,0.044,0.069,0.328,NaN,587,0,-0.729,-1.305,697.000,203.000,723.000,266.000,NaN,NaN,NaN,NaN,NaN,NaN,NaN
2451,1057,3587.000,33.175,8.501,0.052,-0.053,0.213,NaN,587,0,-0.090,-0.097,267.000,202.000,293.000,266.000,NaN,NaN,NaN,NaN,NaN,NaN,NaN
2452,1102,3587.000,10.603,2.522,0.044,-0.093,NaN,NaN,587,0,-2.805,-1.327,NaN,NaN,NaN,NaN,NaN,NaN,NaN,NaN,NaN,NaN,NaN
2453,1166,3587.000,11.469,2.365,0.097,-0.061,0.888,NaN,587,0,3.609,-1.327,300.000,184.000,389.000,414.000,NaN,NaN,NaN,NaN,NaN,NaN,NaN
2454,1170,3587.000,35.679,-4.510,0.018,-0.013,0.707,NaN,587,0,2.280,-1.317,766.000,198.000,810.000,264.000,NaN,NaN,NaN,NaN,NaN,NaN,NaN
2455,1173,3587.000,39.656,15.328,0.048,-0.066,0.710,NaN,587,0,2.046,-1.283,96.000,200.000,115.000,254.000,NaN,NaN,NaN,NaN,NaN,NaN,NaN
2456,1214,3587.000,22.290,0.100,0.190,-0.269,0.731,NaN,587,0,2.756,-1.313,586.000,201.000,637.000,297.000,NaN,NaN,NaN,NaN,NaN,NaN,NaN
2457,405,3588.000,130.459,-45.425,0.422,0.201,0.056,NaN,588,0,-0.293,-0.147,1074.000,197.000,1089.000,218.000,NaN,NaN,NaN,NaN,NaN,NaN,NaN
2458,727,3588.000,123.557,-21.594,0.495,-0.092,NaN,NaN,588,0,-2.064,-0.747,NaN,NaN,NaN,NaN,NaN,NaN,NaN,NaN,NaN,NaN,NaN
2459,1019,3588.000,25.427,-2.149,0.002,-0.006,0.709,0.045,588,0,1.782,-1.312,718.000,195.000,763.000,283.000,25.440,-2.080,-1.340,0.900,0.600,1.820,-0.312
2460,1029,3588.000,32.428,-2.006,0.044,0.069,NaN,NaN,588,0,-2.460,-1.302,NaN,NaN,NaN,NaN,NaN,NaN,NaN,NaN,NaN,NaN,NaN
2461,1057,3588.000,33.244,8.445,0.055,-0.055,0.141,NaN,588,0,-0.000,-0.000,270.000,201.000,296.000,264.000,NaN,NaN,NaN,NaN,NaN,NaN,NaN
2462,1102,3588.000,10.647,2.429,0.044,-0.093,NaN,NaN,588,0,-2.822,-1.327,NaN,NaN,NaN,NaN,NaN,NaN,NaN,NaN,NaN,NaN,NaN
2463,1166,3588.000,11.489,2.331,0.076,-0.052,0.923,0.999,588,0,4.052,2.026,304.000,187.000,399.000,413.000,11.460,2.360,-1.110,1.960,0.520,1.840,-0.707
2464,1170,3588.000,35.697,-4.524,0.018,-0.014,NaN,NaN,588,0,-1.946,-1.318,NaN,NaN,NaN,NaN,NaN,NaN,NaN,NaN,NaN,NaN,NaN
2465,1173,3588.000,39.567,15.185,0.045,-0.074,0.698,NaN,588,0,1.890,-1.194,96.000,200.000,122.000,253.000,NaN,NaN,NaN,NaN,NaN,NaN,NaN
2466,1214,3588.000,22.365,-0.206,0.168,-0.273,0.791,1.000,588,0,3.646,2.238,607.000,200.000,658.000,286.000,22.260,-0.230,-1.240,1.950,0.580,1.870,-1.145
2467,405,3589.000,130.945,-45.031,0.430,0.226,0.006,NaN,589,0,-0.000,-0.000,1068.000,200.000,1081.000,217.000,NaN,NaN,NaN,NaN,NaN,NaN,NaN
2468,727,3589.000,123.747,-21.629,0.484,-0.091,0.022,NaN,589,0,-1.686,-0.703,848.000,201.000,858.000,226.000,NaN,NaN,NaN,NaN,NaN,NaN,NaN
2469,1019,3589.000,25.457,-2.110,0.008,0.008,0.697,0.045,589,0,1.628,-1.312,719.000,194.000,763.000,282.000,25.480,-2.030,-1.330,0.800,0.650,1.760,0.259
2470,1029,3589.000,31.408,-2.013,0.028,0.034,0.324,NaN,589,0,-0.749,-1.280,697.000,203.000,723.000,264.000,NaN,NaN,NaN,NaN,NaN,NaN,NaN
2471,1057,3589.000,33.303,8.403,0.053,-0.052,0.195,NaN,589,0,-0.000,-0.000,272.000,201.000,296.000,293.000,NaN,NaN,NaN,NaN,NaN,NaN,NaN
2472,1102,3589.000,10.692,2.336,0.045,-0.093,NaN,NaN,589,0,-2.924,-1.327,NaN,NaN,NaN,NaN,NaN,NaN,NaN,NaN,NaN,NaN,NaN
2473,1166,3589.000,11.582,2.256,0.082,-0.060,0.921,1.000,589,0,4.173,2.087,308.000,188.000,400.000,414.000,11.600,2.230,-1.110,1.010,0.530,1.960,-0.699
2474,1170,3589.000,35.662,-4.608,0.019,-0.025,0.008,NaN,589,0,-2.905,-1.318,781.000,198.000,807.000,251.000,NaN,NaN,NaN,NaN,NaN,NaN,NaN
2475,1173,3589.000,39.592,15.123,0.041,-0.071,0.623,NaN,589,0,0.986,-1.088,97.000,200.000,122.000,252.000,NaN,NaN,NaN,NaN,NaN,NaN,NaN
2476,1214,3589.000,22.508,-0.511,0.164,-0.279,0.845,1.000,589,0,4.120,2.238,618.000,199.000,668.000,288.000,22.490,-0.550,-1.230,1.850,0.580,1.810,-1.229
2477,405,3590.000,131.379,-44.807,0.431,0.225,NaN,NaN,590,0,-2.360,-1.218,NaN,NaN,NaN,NaN,NaN,NaN,NaN,NaN,NaN,NaN,NaN
2478,727,3590.000,124.230,-21.720,0.483,-0.091,NaN,NaN,590,0,-1.551,-0.729,NaN,NaN,NaN,NaN,NaN,NaN,NaN,NaN,NaN,NaN,NaN
2479,1019,3590.000,25.462,-2.169,0.007,-0.011,0.036,NaN,590,0,-2.701,-1.327,720.000,195.000,761.000,245.000,NaN,NaN,NaN,NaN,NaN,NaN,NaN
2480,1029,3590.000,30.501,-1.997,0.012,0.015,0.406,NaN,590,0,-0.327,-1.304,700.000,204.000,722.000,270.000,NaN,NaN,NaN,NaN,NaN,NaN,NaN
2481,1057,3590.000,33.356,8.351,0.053,-0.053,NaN,NaN,590,0,-0.000,-0.000,NaN,NaN,NaN,NaN,NaN,NaN,NaN,NaN,NaN,NaN,NaN
2482,1102,3590.000,10.739,2.241,0.047,-0.095,NaN,NaN,590,0,-2.058,-1.327,NaN,NaN,NaN,NaN,NaN,NaN,NaN,NaN,NaN,NaN,NaN
2483,1166,3590.000,11.661,2.208,0.080,-0.057,0.884,NaN,590,0,3.726,-1.327,326.000,186.000,405.000,406.000,NaN,NaN,NaN,NaN,NaN,NaN,NaN
2484,1170,3590.000,35.628,-4.662,0.021,-0.032,0.348,NaN,590,0,-0.637,-1.320,782.000,202.000,812.000,263.000,NaN,NaN,NaN,NaN,NaN,NaN,NaN
2485,1173,3590.000,39.666,15.093,0.040,-0.065,0.650,NaN,590,0,1.281,-1.009,101.000,200.000,122.000,252.000,NaN,NaN,NaN,NaN,NaN,NaN,NaN
2486,1214,3590.000,22.672,-0.777,0.163,-0.274,0.811,NaN,590,0,4.175,-1.327,639.000,199.000,691.000,283.000,NaN,NaN,NaN,NaN,NaN,NaN,NaN
2487,405,3591.000,131.666,-44.888,0.414,0.184,0.056,NaN,591,0,-0.501,-0.277,1070.000,196.000,1087.000,250.000,NaN,NaN,NaN,NaN,NaN,NaN,NaN
2488,727,3591.000,124.795,-21.783,0.485,-0.086,0.046,NaN,591,0,-1.542,-0.729,848.000,202.000,857.000,230.000,NaN,NaN,NaN,NaN,NaN,NaN,NaN
2489,1019,3591.000,25.462,-2.135,0.007,0.001,0.733,0.192,591,0,2.069,-0.734,719.000,194.000,763.000,287.000,25.450,-2.080,-1.240,0.830,0.580,1.670,-0.339
2490,1029,3591.000,30.515,-1.982,0.014,0.014,NaN,NaN,591,0,-2.178,-1.309,NaN,NaN,NaN,NaN,NaN,NaN,NaN,NaN,NaN,NaN,NaN
2491,1057,3591.000,33.409,8.297,0.053,-0.053,NaN,NaN,591,0,-0.000,-0.000,NaN,NaN,NaN,NaN,NaN,NaN,NaN,NaN,NaN,NaN,NaN
2492,1102,3591.000,10.787,2.148,0.048,-0.094,NaN,NaN,591,0,-3.100,-1.327,NaN,NaN,NaN,NaN,NaN,NaN,NaN,NaN,NaN,NaN,NaN
2493,1166,3591.000,11.721,2.151,0.074,-0.058,0.891,0.999,591,0,4.173,2.087,337.000,183.000,411.000,404.000,11.710,2.160,-1.070,1.070,0.590,1.930,-0.442
2494,1170,3591.000,35.626,-4.657,0.022,-0.026,0.599,NaN,591,0,1.024,-1.320,770.000,198.000,813.000,264.000,NaN,NaN,NaN,NaN,NaN,NaN,NaN
2495,1173,3591.000,39.547,14.941,0.031,-0.075,0.421,NaN,591,0,-0.332,-0.945,109.000,200.000,125.000,252.000,NaN,NaN,NaN,NaN,NaN,NaN,NaN
2496,1214,3591.000,22.776,-1.053,0.150,-0.276,0.736,1.000,591,0,2.750,2.467,661.000,198.000,705.000,282.000,22.730,-1.050,-1.250,1.830,0.580,1.850,-1.234
2497,405,3592.000,132.042,-45.050,0.415,0.128,0.084,NaN,592,0,-0.502,-0.277,1071.000,197.000,1085.000,225.000,NaN,NaN,NaN,NaN,NaN,NaN,NaN
2498,727,3592.000,125.356,-21.865,0.488,-0.084,0.055,NaN,592,0,-1.542,-0.729,848.000,202.000,857.000,224.000,NaN,NaN,NaN,NaN,NaN,NaN,NaN
2499,1019,3592.000,25.456,-2.195,0.004,-0.013,0.691,NaN,592,0,1.982,-1.327,719.000,195.000,763.000,269.000,NaN,NaN,NaN,NaN,NaN,NaN,NaN
2500,1029,3592.000,30.529,-1.969,0.013,0.014,NaN,NaN,592,0,-2.114,-1.309,NaN,NaN,NaN,NaN,NaN,NaN,NaN,NaN,NaN,NaN,NaN
2501,1057,3592.000,33.463,8.244,0.053,-0.054,NaN,NaN,592,0,-0.000,-0.000,NaN,NaN,NaN,NaN,NaN,NaN,NaN,NaN,NaN,NaN,NaN
2502,1102,3592.000,10.836,2.053,0.049,-0.095,NaN,NaN,592,0,-1.275,-1.327,NaN,NaN,NaN,NaN,NaN,NaN,NaN,NaN,NaN,NaN,NaN
2503,1166,3592.000,11.816,2.085,0.081,-0.060,0.031,0.069,592,0,-2.172,-0.771,282.000,215.000,295.000,264.000,11.840,2.090,-1.070,2.130,0.550,2.010,-0.327
2504,1170,3592.000,35.648,-4.726,0.024,-0.036,0.444,NaN,592,0,-0.151,-1.320,783.000,204.000,815.000,265.000,NaN,NaN,NaN,NaN,NaN,NaN,NaN
2505,1173,3592.000,39.625,14.886,0.029,-0.076,0.613,NaN,592,0,0.895,-0.922,110.000,200.000,128.000,252.000,NaN,NaN,NaN,NaN,NaN,NaN,NaN
2506,1214,3592.000,22.895,-1.399,0.146,-0.293,0.627,1.000,592,0,1.471,2.467,673.000,198.000,718.000,278.000,22.870,-1.490,-1.180,1.900,0.580,1.830,-1.196
2507,405,3593.000,132.388,-44.738,0.406,0.155,0.033,NaN,593,0,-0.588,-0.277,1056.000,212.000,1072.000,261.000,NaN,NaN,NaN,NaN,NaN,NaN,NaN
2508,727,3593.000,126.327,-22.023,0.495,-0.083,0.048,NaN,593,0,-1.542,-0.729,848.000,202.000,857.000,224.000,NaN,NaN,NaN,NaN,NaN,NaN,NaN
2509,1019,3593.000,25.444,-2.260,-0.001,-0.026,0.378,NaN,593,0,-0.483,-1.326,723.000,195.000,763.000,257.000,NaN,NaN,NaN,NaN,NaN,NaN,NaN
2510,1029,3593.000,29.786,-1.980,0.000,-0.004,0.677,NaN,593,0,2.039,-1.305,692.000,198.000,736.000,279.000,NaN,NaN,NaN,NaN,NaN,NaN,NaN
2511,1057,3593.000,33.515,8.190,0.053,-0.054,NaN,NaN,593,0,-0.000,-0.000,NaN,NaN,NaN,NaN,NaN,NaN,NaN,NaN,NaN,NaN,NaN
2512,1102,3593.000,10.887,1.958,0.050,-0.095,NaN,NaN,593,0,-1.456,-1.327,NaN,NaN,NaN,NaN,NaN,NaN,NaN,NaN,NaN,NaN,NaN
2513,1166,3593.000,11.891,2.042,0.079,-0.055,0.894,NaN,593,0,3.609,-1.327,351.000,180.000,423.000,402.000,NaN,NaN,NaN,NaN,NaN,NaN,NaN
2514,1170,3593.000,35.712,-4.732,0.027,-0.030,0.504,NaN,593,0,0.239,-1.320,773.000,197.000,814.000,266.000,NaN,NaN,NaN,NaN,NaN,NaN,NaN
2515,1173,3593.000,39.813,14.882,0.033,-0.071,0.686,NaN,593,0,1.743,-0.952,112.000,200.000,130.000,253.000,NaN,NaN,NaN,NaN,NaN,NaN,NaN
2516,1214,3593.000,23.040,-1.692,0.145,-0.293,NaN,NaN,593,0,-2.700,-1.326,NaN,NaN,NaN,NaN,NaN,NaN,NaN,NaN,NaN,NaN,NaN
2517,405,3594.000,132.785,-44.706,0.405,0.135,0.030,NaN,594,0,-1.358,-0.581,1061.000,194.000,1082.000,221.000,NaN,NaN,NaN,NaN,NaN,NaN,NaN
2518,727,3594.000,126.709,-22.086,0.494,-0.082,0.050,NaN,594,0,-1.806,-0.854,848.000,202.000,857.000,229.000,NaN,NaN,NaN,NaN,NaN,NaN,NaN
2519,1019,3594.000,25.443,-2.286,-0.001,-0.026,NaN,NaN,594,0,-0.977,-1.326,NaN,NaN,NaN,NaN,NaN,NaN,NaN,NaN,NaN,NaN,NaN
2520,1029,3594.000,29.788,-1.985,0.002,-0.005,NaN,NaN,594,0,-2.248,-1.313,NaN,NaN,NaN,NaN,NaN,NaN,NaN,NaN,NaN,NaN,NaN
2521,1057,3594.000,33.567,8.137,0.052,-0.053,NaN,NaN,594,0,-0.000,-0.000,NaN,NaN,NaN,NaN,NaN,NaN,NaN,NaN,NaN,NaN,NaN
2522,1166,3594.000,11.983,1.989,0.080,-0.056,0.912,0.987,594,0,4.173,2.087,360.000,180.000,447.000,402.000,11.990,2.000,-1.060,0.990,0.620,1.810,-0.147
2523,1170,3594.000,35.834,-4.757,0.031,-0.025,0.621,NaN,594,0,1.205,-1.320,776.000,197.000,816.000,266.000,NaN,NaN,NaN,NaN,NaN,NaN,NaN
2524,1173,3594.000,40.062,14.902,0.039,-0.065,0.675,NaN,594,0,1.609,-0.963,113.000,200.000,134.000,253.000,NaN,NaN,NaN,NaN,NaN,NaN,NaN
2525,1214,3594.000,23.101,-1.915,0.119,-0.274,0.618,1.000,594,0,1.412,2.467,711.000,194.000,758.000,288.000,23.040,-1.880,-1.250,1.840,0.570,1.840,-1.239
2526,405,3595.000,133.203,-44.669,0.405,0.119,0.045,NaN,595,0,-2.639,-1.248,1059.000,188.000,1074.000,221.000,NaN,NaN,NaN,NaN,NaN,NaN,NaN
2527,727,3595.000,127.055,-22.144,0.493,-0.082,0.066,NaN,595,0,-1.614,-0.854,848.000,202.000,857.000,224.000,NaN,NaN,NaN,NaN,NaN,NaN,NaN
2528,1019,3595.000,25.443,-2.310,-0.001,-0.025,NaN,NaN,595,0,-2.338,-1.326,NaN,NaN,NaN,NaN,NaN,NaN,NaN,NaN,NaN,NaN,NaN
2529,1029,3595.000,29.790,-1.990,0.001,-0.005,NaN,NaN,595,0,-2.084,-1.315,NaN,NaN,NaN,NaN,NaN,NaN,NaN,NaN,NaN,NaN,NaN
2530,1057,3595.000,33.620,8.084,0.052,-0.053,NaN,NaN,595,0,-0.000,-0.000,NaN,NaN,NaN,NaN,NaN,NaN,NaN,NaN,NaN,NaN,NaN
2531,1166,3595.000,12.076,1.922,0.085,-0.059,0.920,0.999,595,0,4.173,2.087,365.000,182.000,459.000,402.000,12.090,1.910,-1.100,0.940,0.550,1.820,-0.450
2532,1170,3595.000,35.971,-4.790,0.036,-0.023,0.621,NaN,595,0,1.205,-1.321,775.000,199.000,820.000,266.000,NaN,NaN,NaN,NaN,NaN,NaN,NaN
2533,1173,3595.000,40.100,14.836,0.039,-0.066,NaN,NaN,595,0,-1.754,-0.882,NaN,NaN,NaN,NaN,NaN,NaN,NaN,NaN,NaN,NaN,NaN
2534,1214,3595.000,23.231,-2.207,0.121,-0.279,0.551,1.000,595,0,0.963,2.467,716.000,194.000,768.000,286.000,23.240,-2.240,-1.240,1.750,0.590,1.880,-1.342
2535,405,3596.000,133.637,-44.666,0.408,0.098,0.035,NaN,596,0,-3.032,-1.298,1058.000,189.000,1079.000,220.000,NaN,NaN,NaN,NaN,NaN,NaN,NaN
2536,727,3596.000,127.435,-22.207,0.494,-0.082,0.061,NaN,596,0,-1.700,-0.854,848.000,202.000,857.000,230.000,NaN,NaN,NaN,NaN,NaN,NaN,NaN
2537,1019,3596.000,25.411,-2.320,-0.009,-0.021,0.126,NaN,596,0,-1.471,-1.326,718.000,195.000,767.000,278.000,NaN,NaN,NaN,NaN,NaN,NaN,NaN
2538,1029,3596.000,29.119,-2.113,-0.009,-0.032,0.058,NaN,596,0,-1.907,-1.315,700.000,196.000,750.000,282.000,NaN,NaN,NaN,NaN,NaN,NaN,NaN
2539,1057,3596.000,33.673,8.030,0.053,-0.054,NaN,NaN,596,0,0.556,-0.000,NaN,NaN,NaN,NaN,NaN,NaN,NaN,NaN,NaN,NaN,NaN
2540,1166,3596.000,12.162,1.863,0.086,-0.058,0.918,NaN,596,0,3.726,-1.327,369.000,186.000,468.000,400.000,NaN,NaN,NaN,NaN,NaN,NaN,NaN
2541,1170,3596.000,36.046,-4.850,0.037,-0.030,0.352,NaN,596,0,-0.638,-1.321,781.000,200.000,824.000,264.000,NaN,NaN,NaN,NaN,NaN,NaN,NaN
2542,1173,3596.000,40.479,14.938,0.049,-0.052,0.699,NaN,596,0,1.890,-0.812,114.000,200.000,139.000,251.000,NaN,NaN,NaN,NaN,NaN,NaN,NaN
2543,1214,3596.000,23.348,-2.501,0.121,-0.282,0.432,NaN,596,0,-0.217,-1.324,745.000,199.000,784.000,278.000,NaN,NaN,NaN,NaN,NaN,NaN,NaN
2544,405,3597.000,134.078,-44.675,0.409,0.082,0.028,NaN,597,0,-3.048,-1.304,1056.000,189.000,1078.000,220.000,NaN,NaN,NaN,NaN,NaN,NaN,NaN
2545,727,3597.000,127.886,-22.285,0.496,-0.085,0.041,NaN,597,0,-1.914,-0.854,848.000,202.000,857.000,224.000,NaN,NaN,NaN,NaN,NaN,NaN,NaN
2546,1019,3597.000,25.401,-2.306,-0.012,-0.015,0.633,NaN,597,0,1.305,-1.326,723.000,195.000,760.000,275.000,NaN,NaN,NaN,NaN,NaN,NaN,NaN
2547,1029,3597.000,30.295,-2.148,0.012,-0.019,0.269,NaN,597,0,-0.930,-1.321,701.000,204.000,727.000,278.000,NaN,NaN,NaN,NaN,NaN,NaN,NaN
2548,1057,3597.000,33.724,7.976,0.052,-0.053,NaN,NaN,597,0,-0.000,-0.000,NaN,NaN,NaN,NaN,NaN,NaN,NaN,NaN,NaN,NaN,NaN
2549,1166,3597.000,12.220,1.825,0.081,-0.051,0.893,1.000,597,0,4.173,2.087,370.000,186.000,470.000,402.000,12.210,1.830,-1.140,0.960,0.620,1.850,-0.345
2550,1170,3597.000,36.033,-4.752,0.037,-0.003,0.084,NaN,597,0,-1.949,-1.321,782.000,211.000,805.000,274.000,NaN,NaN,NaN,NaN,NaN,NaN,NaN
2551,1173,3597.000,40.736,14.982,0.053,-0.046,0.713,NaN,597,0,2.046,-0.741,118.000,200.000,140.000,253.000,NaN,NaN,NaN,NaN,NaN,NaN,NaN
2552,1214,3597.000,23.475,-2.789,0.123,-0.286,0.171,0.572,597,0,-1.312,0.536,787.000,199.000,827.000,275.000,23.480,-2.780,-1.110,1.870,0.570,1.750,-1.214
2553,405,3598.000,134.482,-44.702,0.406,0.062,0.567,NaN,598,0,0.787,-1.267,1055.000,188.000,1078.000,256.000,NaN,NaN,NaN,NaN,NaN,NaN,NaN
2554,727,3598.000,128.697,-22.421,0.505,-0.087,0.034,NaN,598,0,-1.996,-0.854,848.000,202.000,857.000,224.000,NaN,NaN,NaN,NaN,NaN,NaN,NaN
2555,1019,3598.000,25.569,-2.282,0.014,0.000,0.636,0.054,598,0,0.809,-1.375,720.000,194.000,760.000,285.000,25.610,-2.200,-1.280,1.800,0.540,1.910,-0.741
2556,1029,3598.000,30.670,-2.175,0.018,-0.015,0.383,NaN,598,0,-0.481,-1.320,701.000,203.000,729.000,264.000,NaN,NaN,NaN,NaN,NaN,NaN,NaN
2557,1057,3598.000,33.776,7.923,0.052,-0.054,NaN,NaN,598,0,-0.000,-0.000,NaN,NaN,NaN,NaN,NaN,NaN,NaN,NaN,NaN,NaN,NaN
2558,1166,3598.000,12.310,1.758,0.084,-0.057,0.904,1.000,598,0,4.173,2.087,374.000,188.000,470.000,400.000,12.320,1.750,-1.100,0.950,0.640,1.870,-0.405
2559,1170,3598.000,35.989,-4.707,0.033,0.004,0.039,NaN,598,0,-2.423,-1.320,767.000,194.000,812.000,258.000,NaN,NaN,NaN,NaN,NaN,NaN,NaN
2560,1173,3598.000,40.788,14.936,0.052,-0.046,NaN,NaN,598,0,-1.235,-0.728,NaN,NaN,NaN,NaN,NaN,NaN,NaN,NaN,NaN,NaN,NaN
2561,1214,3598.000,23.657,-3.162,0.134,-0.309,0.570,0.980,598,0,0.873,2.843,767.000,194.000,819.000,288.000,23.700,-3.260,-1.160,1.930,0.650,1.860,-1.207
2562,405,3599.000,134.932,-44.747,0.405,0.048,0.586,NaN,599,0,0.941,-1.092,1053.000,188.000,1076.000,258.000,NaN,NaN,NaN,NaN,NaN,NaN,NaN
2563,727,3599.000,129.371,-22.556,0.507,-0.092,0.035,NaN,599,0,-1.996,-0.854,847.000,201.000,859.000,233.000,NaN,NaN,NaN,NaN,NaN,NaN,NaN
2564,1019,3599.000,25.579,-2.304,0.014,-0.007,0.571,NaN,599,0,0.787,-1.326,725.000,195.000,761.000,271.000,NaN,NaN,NaN,NaN,NaN,NaN,NaN
2565,1029,3599.000,30.854,-2.197,0.021,-0.016,0.429,NaN,599,0,-0.217,-1.320,701.000,204.000,730.000,267.000,NaN,NaN,NaN,NaN,NaN,NaN,NaN
2566,1057,3599.000,33.829,7.868,0.053,-0.054,NaN,NaN,599,0,-0.000,-0.000,NaN,NaN,NaN,NaN,NaN,NaN,NaN,NaN,NaN,NaN,NaN
2567,1166,3599.000,12.394,1.720,0.084,-0.049,0.897,NaN,599,0,3.726,-1.327,390.000,185.000,470.000,395.000,NaN,NaN,NaN,NaN,NaN,NaN,NaN
2568,1170,3599.000,35.346,-4.484,-0.006,0.035,0.054,NaN,599,0,-2.983,-1.320,782.000,197.000,795.000,216.000,NaN,NaN,NaN,NaN,NaN,NaN,NaN
2569,1173,3599.000,40.789,14.841,0.049,-0.053,0.766,NaN,599,0,3.021,-0.789,127.000,200.000,144.000,252.000,NaN,NaN,NaN,NaN,NaN,NaN,NaN
2570,1214,3599.000,23.792,-3.471,0.134,-0.309,NaN,NaN,599,0,-2.776,-1.313,NaN,NaN,NaN,NaN,NaN,NaN,NaN,NaN,NaN,NaN,NaN
2571,405,3600.000,135.328,-44.771,0.402,0.038,0.061,NaN,600,0,-1.570,-0.789,1051.000,188.000,1072.000,218.000,NaN,NaN,NaN,NaN,NaN,NaN,NaN
2572,727,3600.000,130.170,-22.697,0.514,-0.093,0.015,NaN,600,0,-1.873,-0.729,848.000,201.000,857.000,220.000,NaN,NaN,NaN,NaN,NaN,NaN,NaN
2573,1019,3600.000,25.582,-2.287,0.015,-0.001,0.649,0.140,600,0,0.873,-0.961,721.000,193.000,762.000,287.000,25.570,-2.250,-1.280,0.830,0.540,1.770,-0.492
2574,1029,3600.000,31.024,-2.226,0.023,-0.017,0.212,NaN,600,0,-1.223,-1.320,702.000,201.000,731.000,270.000,NaN,NaN,NaN,NaN,NaN,NaN,NaN
2575,1057,3600.000,33.881,7.815,0.052,-0.054,NaN,NaN,600,0,-0.000,-0.000,NaN,NaN,NaN,NaN,NaN,NaN,NaN,NaN,NaN,NaN,NaN
2576,1166,3600.000,12.481,1.667,0.085,-0.050,0.911,1.000,600,0,4.173,2.087,409.000,181.000,481.000,392.000,12.480,1.670,-1.060,1.060,0.600,1.920,-0.435
2577,1170,3600.000,35.342,-4.449,-0.005,0.035,NaN,NaN,600,0,-2.904,-1.318,NaN,NaN,NaN,NaN,NaN,NaN,NaN,NaN,NaN,NaN,NaN
2578,1173,3600.000,40.503,14.652,0.035,-0.061,0.687,NaN,600,0,1.743,-0.994,130.000,200.000,147.000,252.000,NaN,NaN,NaN,NaN,NaN,NaN,NaN
2579,1214,3600.000,23.882,-3.672,0.121,-0.286,0.837,0.754,600,0,3.682,1.282,792.000,194.000,852.000,284.000,23.850,-3.540,-1.090,1.880,0.600,1.810,-1.240
2580,405,3601.000,135.688,-44.805,0.397,0.027,0.052,NaN,601,0,-0.000,-0.000,1050.000,187.000,1072.000,218.000,NaN,NaN,NaN,NaN,NaN,NaN,NaN
2581,727,3601.000,130.777,-22.786,0.518,-0.089,0.046,NaN,601,0,-1.542,-0.729,847.000,201.000,857.000,229.000,NaN,NaN,NaN,NaN,NaN,NaN,NaN
2582,1019,3601.000,25.565,-2.256,0.005,0.006,0.701,0.099,601,0,1.367,-1.080,721.000,194.000,762.000,288.000,25.510,-2.210,-1.340,0.850,0.540,1.850,-0.782
2583,1029,3601.000,31.051,-2.239,0.021,-0.015,0.171,NaN,601,0,-1.436,-1.320,703.000,201.000,731.000,270.000,NaN,NaN,NaN,NaN,NaN,NaN,NaN
2584,1057,3601.000,33.933,7.762,0.051,-0.053,NaN,NaN,601,0,-0.000,-0.000,NaN,NaN,NaN,NaN,NaN,NaN,NaN,NaN,NaN,NaN,NaN
2585,1166,3601.000,12.586,1.602,0.092,-0.056,0.911,0.998,601,0,4.272,2.136,415.000,181.000,487.000,392.000,12.600,1.590,-1.060,1.100,0.640,1.820,-0.401
2586,1170,3601.000,35.150,-4.531,-0.006,-0.008,0.006,NaN,601,0,-2.615,-1.317,792.000,206.000,835.000,280.000,NaN,NaN,NaN,NaN,NaN,NaN,NaN
2587,1173,3601.000,40.810,14.699,0.044,-0.056,0.725,NaN,601,0,2.364,-1.096,130.000,200.000,149.000,251.000,NaN,NaN,NaN,NaN,NaN,NaN,NaN
2588,1214,3601.000,24.011,-3.942,0.123,-0.282,0.710,0.995,601,0,2.049,2.843,809.000,194.000,858.000,286.000,24.030,-3.910,-1.170,1.840,0.600,1.800,-1.098
2589,405,3602.000,136.101,-44.796,0.399,0.026,0.060,NaN,602,0,-0.000,-0.000,1047.000,187.000,1067.000,219.000,NaN,NaN,NaN,NaN,NaN,NaN,NaN
2590,727,3602.000,131.293,-22.871,0.518,-0.089,0.045,NaN,602,0,-1.877,-0.922,830.000,196.000,872.000,253.000,NaN,NaN,NaN,NaN,NaN,NaN,NaN
2591,1019,3602.000,25.569,-2.271,0.007,0.002,0.547,NaN,602,0,0.829,-1.326,720.000,194.000,763.000,287.000,NaN,NaN,NaN,NaN,NaN,NaN,NaN
2592,1029,3602.000,31.138,-2.228,0.025,-0.007,0.047,NaN,602,0,-2.537,-1.321,703.000,204.000,727.000,260.000,NaN,NaN,NaN,NaN,NaN,NaN,NaN
2593,1057,3602.000,33.985,7.708,0.051,-0.054,NaN,NaN,602,0,-0.000,-0.000,NaN,NaN,NaN,NaN,NaN,NaN,NaN,NaN,NaN,NaN,NaN
2594,1166,3602.000,12.680,1.540,0.093,-0.056,0.894,NaN,602,0,3.726,-1.327,424.000,180.000,497.000,392.000,NaN,NaN,NaN,NaN,NaN,NaN,NaN
2595,1170,3602.000,33.680,-4.551,-0.062,-0.057,0.449,NaN,602,0,-0.081,-1.319,800.000,203.000,831.000,269.000,NaN,NaN,NaN,NaN,NaN,NaN,NaN
2596,1173,3602.000,40.892,14.638,0.044,-0.060,0.749,NaN,602,0,2.680,-1.169,132.000,202.000,156.000,252.000,NaN,NaN,NaN,NaN,NaN,NaN,NaN
2597,1214,3602.000,24.207,-3.825,0.154,-0.200,0.038,NaN,602,0,-2.678,-1.315,807.000,204.000,832.000,255.000,NaN,NaN,NaN,NaN,NaN,NaN,NaN
2598,405,3603.000,136.543,-44.768,0.401,0.027,0.042,NaN,603,0,-0.000,-0.000,1043.000,187.000,1066.000,216.000,NaN,NaN,NaN,NaN,NaN,NaN,NaN
2599,727,3603.000,129.647,-22.223,0.500,-0.013,0.012,NaN,603,0,-2.240,-0.922,813.000,209.000,839.000,244.000,NaN,NaN,NaN,NaN,NaN,NaN,NaN
2600,1019,3603.000,25.613,-2.261,0.014,0.004,0.725,0.338,603,0,1.662,-0.448,720.000,193.000,765.000,290.000,25.630,-2.250,-1.260,0.850,0.500,1.810,-0.670
2601,1029,3603.000,31.201,-2.248,0.023,-0.010,0.102,NaN,603,0,-2.028,-1.320,704.000,205.000,731.000,262.000,NaN,NaN,NaN,NaN,NaN,NaN,NaN
2602,1057,3603.000,34.036,7.654,0.051,-0.054,NaN,NaN,603,0,-0.000,-0.000,NaN,NaN,NaN,NaN,NaN,NaN,NaN,NaN,NaN,NaN,NaN
2603,1166,3603.000,12.746,1.492,0.085,-0.053,0.915,0.998,603,0,4.272,2.136,430.000,182.000,508.000,392.000,12.730,1.500,-1.090,0.980,0.620,2.000,-0.127
2604,1170,3603.000,32.989,-4.597,-0.089,-0.076,0.704,NaN,603,0,2.128,-1.320,805.000,201.000,841.000,266.000,NaN,NaN,NaN,NaN,NaN,NaN,NaN
2605,1173,3603.000,41.094,14.644,0.046,-0.057,0.723,NaN,603,0,2.206,-1.211,132.000,201.000,157.000,252.000,NaN,NaN,NaN,NaN,NaN,NaN,NaN
2606,1214,3603.000,24.360,-4.024,0.153,-0.200,NaN,NaN,603,0,-3.165,-1.321,NaN,NaN,NaN,NaN,NaN,NaN,NaN,NaN,NaN,NaN,NaN
2607,405,3604.000,136.964,-44.747,0.404,0.026,0.710,NaN,604,0,2.280,-0.000,1040.000,187.000,1067.000,249.000,NaN,NaN,NaN,NaN,NaN,NaN,NaN
2608,727,3604.000,128.721,-22.139,0.463,-0.042,0.038,NaN,604,0,-2.891,-1.207,848.000,201.000,856.000,220.000,NaN,NaN,NaN,NaN,NaN,NaN,NaN
2609,1019,3604.000,25.625,-2.239,0.013,0.007,0.561,0.012,604,0,0.385,-1.556,720.000,193.000,765.000,289.000,25.630,-2.220,-1.340,0.840,0.550,1.770,-0.787
2610,1029,3604.000,31.131,-2.249,0.022,-0.009,0.117,NaN,604,0,-1.908,-1.320,703.000,209.000,731.000,262.000,NaN,NaN,NaN,NaN,NaN,NaN,NaN
2611,1057,3604.000,34.087,7.600,0.051,-0.053,NaN,NaN,604,0,-0.000,-0.000,NaN,NaN,NaN,NaN,NaN,NaN,NaN,NaN,NaN,NaN,NaN
2612,1166,3604.000,12.863,1.407,0.094,-0.060,0.920,0.998,604,0,4.272,2.136,433.000,184.000,512.000,392.000,12.900,1.370,-1.100,0.870,0.550,1.970,-0.743
2613,1170,3604.000,32.220,-4.629,-0.121,-0.092,0.610,NaN,604,0,1.112,-1.320,806.000,204.000,842.000,268.000,NaN,NaN,NaN,NaN,NaN,NaN,NaN
2614,1173,3604.000,41.211,14.637,0.045,-0.051,0.686,NaN,604,0,1.743,-1.218,134.000,201.000,157.000,252.000,NaN,NaN,NaN,NaN,NaN,NaN,NaN
2615,1214,3604.000,24.615,-4.411,0.166,-0.249,0.626,0.584,604,0,0.994,0.359,851.000,195.000,898.000,270.000,24.690,-4.720,-1.110,1.820,0.560,1.750,-0.811
2616,405,3605.000,137.423,-44.691,0.406,0.033,0.709,NaN,605,0,2.280,-0.000,1037.000,187.000,1063.000,250.000,NaN,NaN,NaN,NaN,NaN,NaN,NaN
2617,727,3605.000,128.435,-22.108,0.442,-0.056,0.096,NaN,605,0,-1.958,-1.155,848.000,201.000,860.000,224.000,NaN,NaN,NaN,NaN,NaN,NaN,NaN
2618,1019,3605.000,25.641,-2.223,0.014,0.010,0.088,NaN,605,0,-1.887,-1.326,705.000,197.000,765.000,269.000,NaN,NaN,NaN,NaN,NaN,NaN,NaN
2619,1029,3605.000,31.129,-2.274,0.018,-0.013,0.346,NaN,605,0,-0.819,-1.321,705.000,205.000,733.000,262.000,NaN,NaN,NaN,NaN,NaN,NaN,NaN
2620,1057,3605.000,34.137,7.547,0.050,-0.053,NaN,NaN,605,0,-0.000,-0.000,NaN,NaN,NaN,NaN,NaN,NaN,NaN,NaN,NaN,NaN,NaN
2621,1166,3605.000,12.953,1.352,0.091,-0.059,0.923,NaN,605,0,3.726,-1.327,440.000,188.000,519.000,391.000,NaN,NaN,NaN,NaN,NaN,NaN,NaN
2622,1170,3605.000,31.604,-4.706,-0.146,-0.108,0.711,NaN,605,0,2.280,-1.319,809.000,200.000,851.000,274.000,NaN,NaN,NaN,NaN,NaN,NaN,NaN
2623,1173,3605.000,41.835,14.798,0.054,-0.045,0.502,NaN,605,0,0.026,-1.219,137.000,201.000,159.000,251.000,NaN,NaN,NaN,NaN,NaN,NaN,NaN
2624,1214,3605.000,24.778,-4.658,0.163,-0.248,NaN,NaN,605,0,-2.490,-1.296,NaN,NaN,NaN,NaN,NaN,NaN,NaN,NaN,NaN,NaN,NaN
2625,405,3606.000,137.829,-44.659,0.405,0.033,NaN,NaN,606,0,-0.000,-0.000,NaN,NaN,NaN,NaN,NaN,NaN,NaN,NaN,NaN,NaN,NaN
2626,727,3606.000,127.594,-22.013,0.413,-0.074,0.076,NaN,606,0,-2.187,-1.207,848.000,201.000,857.000,222.000,NaN,NaN,NaN,NaN,NaN,NaN,NaN
2627,1019,3606.000,25.590,-2.200,-0.002,0.012,0.091,0.852,606,0,-2.231,1.725,705.000,197.000,756.000,273.000,25.540,-2.190,-1.360,0.850,0.520,1.630,-0.415
2628,1029,3606.000,27.785,-2.243,-0.008,-0.075,0.545,0.021,606,0,-0.136,-1.662,722.000,194.000,769.000,286.000,27.790,-2.690,-1.240,0.780,0.580,1.730,1.131
2629,1057,3606.000,34.188,7.496,0.051,-0.052,NaN,NaN,606,0,-0.000,-0.000,NaN,NaN,NaN,NaN,NaN,NaN,NaN,NaN,NaN,NaN,NaN
2630,1166,3606.000,13.026,1.324,0.085,-0.048,0.927,1.000,606,0,4.272,2.136,448.000,189.000,524.000,391.000,13.010,1.350,-1.110,0.910,0.550,1.860,-0.590
2631,1170,3606.000,31.457,-4.814,-0.147,-0.108,NaN,NaN,606,0,0.424,-1.093,NaN,NaN,NaN,NaN,NaN,NaN,NaN,NaN,NaN,NaN,NaN
2632,1173,3606.000,42.071,14.756,0.067,-0.059,0.558,NaN,606,0,0.499,-1.186,146.000,200.000,162.000,250.000,NaN,NaN,NaN,NaN,NaN,NaN,NaN
2633,1214,3606.000,24.896,-4.942,0.156,-0.256,0.038,NaN,606,0,-2.928,-1.307,878.000,195.000,893.000,235.000,NaN,NaN,NaN,NaN,NaN,NaN,NaN
2634,405,3607.000,138.391,-44.651,0.412,0.033,0.005,NaN,607,0,-0.000,-0.000,1036.000,211.000,1059.000,249.000,NaN,NaN,NaN,NaN,NaN,NaN,NaN
2635,727,3607.000,126.693,-21.937,0.384,-0.090,0.072,NaN,607,0,-2.280,-1.207,848.000,201.000,857.000,222.000,NaN,NaN,NaN,NaN,NaN,NaN,NaN
2636,1019,3607.000,25.645,-2.285,0.012,-0.010,0.691,0.014,607,0,1.231,-1.556,724.000,194.000,771.000,288.000,25.690,-2.400,-1.370,0.870,0.590,1.820,-1.143
2637,1029,3607.000,27.773,-2.311,-0.010,-0.073,0.193,NaN,607,0,-1.322,-1.324,705.000,202.000,748.000,267.000,NaN,NaN,NaN,NaN,NaN,NaN,NaN
2638,1057,3607.000,34.237,7.443,0.049,-0.052,NaN,NaN,607,0,4.272,2.136,NaN,NaN,NaN,NaN,NaN,NaN,NaN,NaN,NaN,NaN,NaN
2639,1166,3607.000,13.111,1.284,0.085,-0.045,NaN,0.851,607,0,-2.347,2.136,396.000,178.000,571.000,378.000,13.110,1.290,-1.120,1.860,0.560,1.780,-0.647
2640,1170,3607.000,30.904,-4.951,-0.168,-0.127,0.005,NaN,607,0,-2.909,-1.320,822.000,205.000,850.000,254.000,NaN,NaN,NaN,NaN,NaN,NaN,NaN
2641,1173,3607.000,41.641,14.488,0.058,-0.069,0.255,NaN,607,0,-0.849,-1.082,147.000,200.000,170.000,262.000,NaN,NaN,NaN,NaN,NaN,NaN,NaN
2642,1214,3607.000,25.053,-5.197,0.157,-0.255,NaN,NaN,607,0,0.251,-1.312,NaN,NaN,NaN,NaN,NaN,NaN,NaN,NaN,NaN,NaN,NaN
2643,405,3608.000,138.805,-44.618,0.412,0.033,NaN,NaN,608,0,-0.000,-0.000,NaN,NaN,NaN,NaN,NaN,NaN,NaN,NaN,NaN,NaN,NaN
2644,727,3608.000,127.076,-22.029,0.384,-0.092,NaN,NaN,608,0,-1.468,-1.115,NaN,NaN,NaN,NaN,NaN,NaN,NaN,NaN,NaN,NaN,NaN
2645,1019,3608.000,25.650,-2.453,0.014,-0.050,0.392,NaN,608,0,-0.432,-1.326,740.000,194.000,775.000,271.000,NaN,NaN,NaN,NaN,NaN,NaN,NaN
2646,1029,3608.000,27.762,-2.372,-0.011,-0.070,0.102,NaN,608,0,-1.618,-1.323,707.000,204.000,752.000,287.000,NaN,NaN,NaN,NaN,NaN,NaN,NaN
2647,1057,3608.000,34.287,7.390,0.051,-0.053,NaN,NaN,608,0,-0.000,-0.000,NaN,NaN,NaN,NaN,NaN,NaN,NaN,NaN,NaN,NaN,NaN
2648,1166,3608.000,13.197,1.242,0.085,-0.043,0.909,NaN,608,0,3.848,-1.327,463.000,183.000,529.000,382.000,NaN,NaN,NaN,NaN,NaN,NaN,NaN
2649,1170,3608.000,30.820,-5.065,-0.166,-0.122,0.641,NaN,608,0,1.407,-1.322,820.000,199.000,854.000,271.000,NaN,NaN,NaN,NaN,NaN,NaN,NaN
2650,1173,3608.000,41.842,14.467,0.061,-0.070,0.529,NaN,608,0,0.468,-0.750,147.000,200.000,172.000,262.000,NaN,NaN,NaN,NaN,NaN,NaN,NaN
2651,1214,3608.000,25.082,-5.618,0.119,-0.304,0.025,NaN,608,0,-2.503,-1.308,923.000,197.000,959.000,266.000,NaN,NaN,NaN,NaN,NaN,NaN,NaN
2652,405,3609.000,139.275,-44.436,0.417,0.053,0.053,NaN,609,0,-1.452,-0.687,1025.000,185.000,1053.000,220.000,NaN,NaN,NaN,NaN,NaN,NaN,NaN
2653,727,3609.000,128.781,-22.220,0.408,-0.068,0.005,NaN,609,0,-2.709,-1.115,829.000,200.000,852.000,234.000,NaN,NaN,NaN,NaN,NaN,NaN,NaN
2654,1019,3609.000,25.675,-2.444,0.016,-0.035,0.115,0.017,609,0,-2.099,-1.538,723.000,196.000,776.000,279.000,25.680,-2.370,-1.260,0.830,0.480,1.860,-0.643
2655,1029,3609.000,27.722,-2.546,-0.018,-0.098,0.349,0.101,609,0,-1.209,-1.236,750.000,195.000,777.000,267.000,27.740,-2.890,-1.140,0.720,0.630,1.580,-0.346
2656,1057,3609.000,34.339,7.338,0.052,-0.053,NaN,NaN,609,0,-0.000,-0.000,NaN,NaN,NaN,NaN,NaN,NaN,NaN,NaN,NaN,NaN,NaN
2657,1166,3609.000,13.274,1.192,0.080,-0.046,0.880,0.997,609,0,4.272,2.136,471.000,182.000,534.000,381.000,13.280,1.190,-1.050,0.930,0.640,1.800,-0.019
2658,1170,3609.000,30.591,-5.218,-0.168,-0.130,0.020,NaN,609,0,-2.589,-1.321,827.000,201.000,879.000,277.000,NaN,NaN,NaN,NaN,NaN,NaN,NaN
2659,1173,3609.000,42.655,14.713,0.077,-0.053,0.604,NaN,609,0,0.810,-0.424,148.000,201.000,169.000,252.000,NaN,NaN,NaN,NaN,NaN,NaN,NaN
2660,1214,3609.000,25.202,-5.922,0.120,-0.304,NaN,NaN,609,0,-2.370,-1.312,NaN,NaN,NaN,NaN,NaN,NaN,NaN,NaN,NaN,NaN,NaN
2661,405,3610.000,139.757,-44.273,0.421,0.067,0.063,NaN,610,0,-2.260,-1.136,1023.000,185.000,1051.000,220.000,NaN,NaN,NaN,NaN,NaN,NaN,NaN
2662,727,3610.000,129.188,-22.288,0.407,-0.068,NaN,NaN,610,0,-2.567,-1.207,NaN,NaN,NaN,NaN,NaN,NaN,NaN,NaN,NaN,NaN,NaN
2663,1019,3610.000,25.715,-2.406,0.019,-0.014,0.748,0.012,610,0,1.976,-1.555,725.000,195.000,779.000,280.000,25.780,-2.300,-1.230,0.850,0.490,1.740,-0.371
2664,1029,3610.000,27.663,-2.757,-0.030,-0.132,0.025,NaN,610,0,-3.036,-1.299,754.000,196.000,779.000,235.000,NaN,NaN,NaN,NaN,NaN,NaN,NaN
2665,1057,3610.000,34.391,7.286,0.052,-0.052,NaN,NaN,610,0,-0.000,-0.000,NaN,NaN,NaN,NaN,NaN,NaN,NaN,NaN,NaN,NaN,NaN
2666,1166,3610.000,13.368,1.122,0.084,-0.055,0.899,0.998,610,0,4.272,2.136,475.000,181.000,537.000,382.000,13.390,1.100,-1.100,1.070,0.600,1.850,-0.315
2667,1170,3610.000,30.446,-5.336,-0.168,-0.125,0.071,NaN,610,0,-1.957,-1.271,832.000,200.000,873.000,276.000,NaN,NaN,NaN,NaN,NaN,NaN,NaN
2668,1173,3610.000,43.274,14.886,0.082,-0.041,0.354,NaN,610,0,-0.198,-0.319,148.000,202.000,171.000,252.000,NaN,NaN,NaN,NaN,NaN,NaN,NaN
2669,1214,3610.000,25.811,-6.254,0.205,-0.306,0.804,0.998,610,0,2.415,4.938,916.000,193.000,962.000,264.000,25.930,-6.280,-1.220,1.980,0.620,1.910,-0.791
2670,405,3611.000,140.415,-44.105,0.433,0.084,0.030,NaN,611,0,-1.984,-0.849,1019.000,186.000,1046.000,218.000,NaN,NaN,NaN,NaN,NaN,NaN,NaN
2671,727,3611.000,129.594,-22.356,0.407,-0.068,NaN,NaN,611,0,-2.552,-1.207,NaN,NaN,NaN,NaN,NaN,NaN,NaN,NaN,NaN,NaN,NaN
2672,1019,3611.000,25.738,-2.654,0.025,-0.079,0.249,NaN,611,0,-1.041,-1.326,756.000,195.000,786.000,270.000,NaN,NaN,NaN,NaN,NaN,NaN,NaN
2673,1029,3611.000,27.638,-2.883,-0.029,-0.129,0.365,NaN,611,0,-0.534,-1.205,728.000,194.000,782.000,274.000,NaN,NaN,NaN,NaN,NaN,NaN,NaN
2674,1057,3611.000,34.443,7.233,0.053,-0.052,NaN,NaN,611,0,-0.000,-0.000,NaN,NaN,NaN,NaN,NaN,NaN,NaN,NaN,NaN,NaN,NaN
2675,1166,3611.000,13.450,1.084,0.082,-0.049,0.901,NaN,611,0,3.848,-1.327,481.000,183.000,541.000,381.000,NaN,NaN,NaN,NaN,NaN,NaN,NaN
2676,1170,3611.000,30.297,-5.444,-0.167,-0.122,0.084,NaN,611,0,-1.754,-1.189,832.000,200.000,882.000,277.000,NaN,NaN,NaN,NaN,NaN,NaN,NaN
2677,1173,3611.000,43.389,14.855,0.081,-0.041,0.721,NaN,611,0,2.206,-0.448,152.000,202.000,176.000,255.000,NaN,NaN,NaN,NaN,NaN,NaN,NaN
2678,1214,3611.000,26.037,-6.544,0.207,-0.302,0.805,NaN,611,0,3.866,-1.325,930.000,194.000,972.000,260.000,NaN,NaN,NaN,NaN,NaN,NaN,NaN
2679,405,3612.000,140.849,-44.021,0.434,0.084,NaN,NaN,612,0,-0.000,-0.000,NaN,NaN,NaN,NaN,NaN,NaN,NaN,NaN,NaN,NaN,NaN
2680,727,3612.000,129.997,-22.425,0.405,-0.069,NaN,NaN,612,0,-2.187,-1.207,NaN,NaN,NaN,NaN,NaN,NaN,NaN,NaN,NaN,NaN,NaN
2681,1019,3612.000,25.765,-2.732,0.027,-0.078,NaN,NaN,612,0,-4.478,2.028,NaN,NaN,NaN,NaN,NaN,NaN,NaN,NaN,NaN,NaN,NaN
2682,1029,3612.000,27.778,-3.011,0.005,-0.128,0.749,0.526,612,0,1.436,-0.121,733.000,194.000,785.000,275.000,27.880,-2.990,-1.140,0.900,0.670,1.830,1.510
2683,1057,3612.000,34.496,7.182,0.053,-0.051,NaN,NaN,612,0,-0.000,-0.000,NaN,NaN,NaN,NaN,NaN,NaN,NaN,NaN,NaN,NaN,NaN
2684,1166,3612.000,13.531,1.049,0.080,-0.044,0.896,0.997,612,0,4.343,2.172,488.000,185.000,547.000,381.000,13.530,1.050,-1.070,0.880,0.540,1.700,-0.094
2685,1170,3612.000,29.936,-5.419,-0.165,-0.097,0.075,NaN,612,0,-1.796,-1.166,838.000,200.000,873.000,272.000,NaN,NaN,NaN,NaN,NaN,NaN,NaN
2686,1173,3612.000,43.568,14.836,0.083,-0.045,0.599,NaN,612,0,0.810,-0.722,158.000,202.000,175.000,252.000,NaN,NaN,NaN,NaN,NaN,NaN,NaN
2687,1214,3612.000,26.283,-6.786,0.214,-0.283,0.787,0.812,612,0,2.294,1.283,941.000,193.000,983.000,261.000,26.330,-6.620,-1.190,1.850,0.590,2.030,-0.698
2688,405,3613.000,142.310,-43.536,0.512,0.143,0.005,NaN,613,0,-0.000,-0.000,1015.000,183.000,1029.000,213.000,NaN,NaN,NaN,NaN,NaN,NaN,NaN
2689,727,3613.000,130.861,-22.512,0.413,-0.061,0.173,NaN,613,0,-1.481,-1.207,841.000,201.000,857.000,244.000,NaN,NaN,NaN,NaN,NaN,NaN,NaN
2690,1019,3613.000,25.833,-2.688,0.032,-0.049,0.722,0.021,613,0,1.662,-1.534,735.000,194.000,786.000,276.000,25.840,-2.550,-1.190,0.890,0.650,1.890,-0.583
2691,1029,3613.000,27.781,-3.156,0.006,-0.132,0.012,NaN,613,0,-2.484,-1.251,759.000,195.000,788.000,271.000,NaN,NaN,NaN,NaN,NaN,NaN,NaN
2692,1057,3613.000,34.548,7.131,0.051,-0.051,NaN,NaN,613,0,-0.000,-0.000,NaN,NaN,NaN,NaN,NaN,NaN,NaN,NaN,NaN,NaN,NaN
2693,1166,3613.000,13.617,1.006,0.083,-0.043,0.887,0.999,613,0,4.343,2.172,490.000,183.000,551.000,381.000,13.630,0.990,-1.130,0.780,0.550,1.660,-0.057
2694,1170,3613.000,29.744,-5.447,-0.163,-0.082,0.143,NaN,613,0,-1.433,-1.180,840.000,201.000,879.000,276.000,NaN,NaN,NaN,NaN,NaN,NaN,NaN
2695,1173,3613.000,43.652,14.791,0.084,-0.045,NaN,NaN,613,0,-2.301,-0.960,NaN,NaN,NaN,NaN,NaN,NaN,NaN,NaN,NaN,NaN,NaN
2696,1214,3613.000,26.565,-7.035,0.230,-0.269,0.566,0.978,613,0,0.216,6.369,945.000,192.000,992.000,266.000,26.710,-6.910,-1.210,1.750,0.580,2.030,-0.751
2697,405,3614.000,143.240,-43.392,0.537,0.150,0.055,NaN,614,0,-0.000,-0.000,1005.000,188.000,1033.000,226.000,NaN,NaN,NaN,NaN,NaN,NaN,NaN
2698,727,3614.000,131.060,-22.661,0.410,-0.078,0.084,NaN,614,0,-2.102,-1.160,846.000,202.000,857.000,241.000,NaN,NaN,NaN,NaN,NaN,NaN,NaN
2699,1019,3614.000,25.869,-2.745,0.032,-0.050,0.466,NaN,614,0,0.237,-1.322,737.000,195.000,791.000,280.000,NaN,NaN,NaN,NaN,NaN,NaN,NaN
2700,1029,3614.000,27.783,-3.289,0.005,-0.131,0.265,NaN,614,0,-0.957,-1.286,765.000,195.000,792.000,266.000,NaN,NaN,NaN,NaN,NaN,NaN,NaN
2701,1057,3614.000,34.600,7.080,0.052,-0.051,NaN,NaN,614,0,-0.000,-0.000,NaN,NaN,NaN,NaN,NaN,NaN,NaN,NaN,NaN,NaN,NaN
2702,1166,3614.000,13.700,0.972,0.083,-0.042,0.898,NaN,614,0,3.848,-1.325,492.000,190.000,559.000,381.000,NaN,NaN,NaN,NaN,NaN,NaN,NaN
2703,1170,3614.000,29.541,-5.512,-0.164,-0.081,0.099,NaN,614,0,-1.702,-1.237,846.000,200.000,890.000,275.000,NaN,NaN,NaN,NaN,NaN,NaN,NaN
2704,1173,3614.000,44.228,14.922,0.092,-0.041,0.278,NaN,614,0,-0.915,-1.142,162.000,201.000,179.000,248.000,NaN,NaN,NaN,NaN,NaN,NaN,NaN
2705,1214,3614.000,26.799,-7.256,0.231,-0.259,0.782,NaN,614,0,3.460,-1.327,955.000,191.000,995.000,267.000,NaN,NaN,NaN,NaN,NaN,NaN,NaN
2706,405,3615.000,144.135,-43.256,0.555,0.155,0.018,NaN,615,0,-0.000,-0.000,1002.000,189.000,1030.000,217.000,NaN,NaN,NaN,NaN,NaN,NaN,NaN
2707,727,3615.000,130.827,-22.722,0.396,-0.092,0.019,NaN,615,0,-2.672,-1.115,848.000,202.000,857.000,227.000,NaN,NaN,NaN,NaN,NaN,NaN,NaN
2708,1019,3615.000,25.917,-2.746,0.036,-0.038,0.260,NaN,615,0,-0.983,-1.321,745.000,201.000,774.000,274.000,NaN,NaN,NaN,NaN,NaN,NaN,NaN
2709,1029,3615.000,27.791,-3.391,0.008,-0.122,0.215,NaN,615,0,-1.203,-1.299,769.000,194.000,795.000,268.000,NaN,NaN,NaN,NaN,NaN,NaN,NaN
2710,1057,3615.000,34.651,7.030,0.051,-0.050,NaN,NaN,615,0,-0.000,-0.000,NaN,NaN,NaN,NaN,NaN,NaN,NaN,NaN,NaN,NaN,NaN
2711,1166,3615.000,13.770,0.916,0.082,-0.049,0.866,0.998,615,0,4.343,2.172,498.000,189.000,567.000,379.000,13.770,0.910,-1.110,0.870,0.550,1.680,-0.515
2712,1170,3615.000,29.224,-5.600,-0.170,-0.088,0.023,NaN,615,0,-2.798,-1.286,864.000,200.000,889.000,245.000,NaN,NaN,NaN,NaN,NaN,NaN,NaN
2713,1173,3615.000,44.320,14.882,0.093,-0.040,NaN,NaN,615,0,-2.249,-1.245,NaN,NaN,NaN,NaN,NaN,NaN,NaN,NaN,NaN,NaN,NaN
2714,1214,3615.000,26.939,-7.367,0.215,-0.226,0.767,0.017,615,0,1.832,-1.602,962.000,191.000,1004.000,266.000,26.910,-7.070,-1.170,0.710,0.640,1.800,-0.780
2715,405,3616.000,144.689,-43.100,0.555,0.156,NaN,NaN,616,0,-0.000,-0.000,NaN,NaN,NaN,NaN,NaN,NaN,NaN,NaN,NaN,NaN,NaN
2716,727,3616.000,130.957,-22.772,0.391,-0.092,0.062,NaN,616,0,-1.834,-0.922,847.000,201.000,857.000,227.000,NaN,NaN,NaN,NaN,NaN,NaN,NaN
2717,1019,3616.000,25.969,-2.739,0.041,-0.026,0.144,NaN,616,0,-1.597,-1.316,739.000,202.000,775.000,278.000,NaN,NaN,NaN,NaN,NaN,NaN,NaN
2718,1029,3616.000,27.955,-3.488,0.027,-0.112,0.040,0.870,616,0,-3.117,1.925,768.000,198.000,799.000,268.000,27.980,-3.410,-1.080,0.740,0.750,1.750,-1.510
2719,1057,3616.000,34.703,6.980,0.052,-0.050,NaN,NaN,616,0,-0.000,-0.000,NaN,NaN,NaN,NaN,NaN,NaN,NaN,NaN,NaN,NaN,NaN
2720,1166,3616.000,13.900,0.815,0.095,-0.064,0.866,0.936,616,0,4.343,2.172,503.000,189.000,571.000,376.000,13.960,0.760,-1.060,0.900,0.560,1.690,-0.751
2721,1170,3616.000,28.733,-5.550,-0.173,-0.068,0.037,NaN,616,0,-2.932,-1.309,864.000,197.000,886.000,234.000,NaN,NaN,NaN,NaN,NaN,NaN,NaN
2722,1173,3616.000,44.412,14.843,0.092,-0.040,NaN,NaN,616,0,-2.215,-1.292,NaN,NaN,NaN,NaN,NaN,NaN,NaN,NaN,NaN,NaN,NaN
2723,1214,3616.000,27.282,-7.583,0.241,-0.225,0.709,0.027,616,0,1.256,-1.571,967.000,191.000,1006.000,271.000,27.420,-7.530,-1.040,0.890,0.530,1.840,-0.747
2724,1310,3616.000,28.200,-5.320,0.000,0.000,0.053,0.122,616,0,-2.968,-1.157,847.000,199.000,892.000,271.000,28.200,-5.320,-1.140,1.780,0.580,1.730,-0.784
2725,405,3617.000,145.520,-42.941,0.567,0.163,0.046,NaN,617,0,-0.000,-0.000,1000.000,186.000,1022.000,226.000,NaN,NaN,NaN,NaN,NaN,NaN,NaN
2726,727,3617.000,131.293,-22.786,0.395,-0.078,0.155,NaN,617,0,-1.346,-0.922,840.000,202.000,857.000,230.000,NaN,NaN,NaN,NaN,NaN,NaN,NaN
2727,1019,3617.000,26.014,-2.756,0.042,-0.021,0.501,NaN,617,0,0.239,-1.297,743.000,201.000,779.000,280.000,NaN,NaN,NaN,NaN,NaN,NaN,NaN
2728,1029,3617.000,27.983,-3.558,0.028,-0.099,0.649,NaN,617,0,1.509,-1.304,775.000,193.000,802.000,272.000,NaN,NaN,NaN,NaN,NaN,NaN,NaN
2729,1057,3617.000,34.755,6.929,0.052,-0.051,NaN,NaN,617,0,-0.000,-0.000,NaN,NaN,NaN,NaN,NaN,NaN,NaN,NaN,NaN,NaN,NaN
2730,1166,3617.000,13.995,0.749,0.095,-0.066,NaN,NaN,617,0,-2.604,-1.302,NaN,NaN,NaN,NaN,NaN,NaN,NaN,NaN,NaN,NaN,NaN
2731,1170,3617.000,28.609,-5.609,-0.169,-0.065,0.662,NaN,617,0,1.613,-1.312,865.000,199.000,895.000,272.000,NaN,NaN,NaN,NaN,NaN,NaN,NaN
2732,1173,3617.000,44.504,14.804,0.092,-0.039,NaN,NaN,617,0,-2.613,-1.307,NaN,NaN,NaN,NaN,NaN,NaN,NaN,NaN,NaN,NaN,NaN
2733,1214,3617.000,27.530,-7.795,0.240,-0.222,0.555,NaN,617,0,0.715,-1.327,976.000,192.000,1012.000,268.000,NaN,NaN,NaN,NaN,NaN,NaN,NaN
2734,1310,3617.000,28.212,-5.327,0.009,-0.003,NaN,NaN,617,0,-2.590,-1.295,NaN,NaN,NaN,NaN,NaN,NaN,NaN,NaN,NaN,NaN,NaN
2735,405,3618.000,146.089,-42.779,0.566,0.162,NaN,NaN,618,0,-0.000,-0.000,NaN,NaN,NaN,NaN,NaN,NaN,NaN,NaN,NaN,NaN,NaN
2736,727,3618.000,131.688,-22.861,0.396,-0.075,NaN,NaN,618,0,-0.920,-0.922,NaN,NaN,NaN,NaN,NaN,NaN,NaN,NaN,NaN,NaN,NaN
2737,1019,3618.000,26.118,-2.797,0.052,-0.023,0.565,0.030,618,0,0.385,-1.457,750.000,201.000,781.000,274.000,26.130,-2.830,-1.260,0.700,0.570,1.850,0.687
2738,1029,3618.000,28.037,-3.600,0.031,-0.084,0.739,0.271,618,0,1.358,-0.750,779.000,193.000,809.000,268.000,28.090,-3.470,-1.030,0.670,0.790,1.750,-1.773
2739,1057,3618.000,34.808,6.878,0.053,-0.050,NaN,NaN,618,0,-0.000,-0.000,NaN,NaN,NaN,NaN,NaN,NaN,NaN,NaN,NaN,NaN,NaN
2740,1166,3618.000,14.089,0.683,0.094,-0.066,NaN,NaN,618,0,-2.980,-1.275,NaN,NaN,NaN,NaN,NaN,NaN,NaN,NaN,NaN,NaN,NaN
2741,1170,3618.000,28.560,-5.658,-0.161,-0.057,0.795,NaN,618,0,3.665,-1.313,865.000,198.000,897.000,273.000,NaN,NaN,NaN,NaN,NaN,NaN,NaN
2742,1173,3618.000,44.597,14.766,0.092,-0.038,NaN,NaN,618,0,0.000,-2.163,NaN,NaN,NaN,NaN,NaN,NaN,NaN,NaN,NaN,NaN,NaN
2743,1214,3618.000,27.756,-7.954,0.240,-0.206,0.026,0.999,618,0,-3.280,7.239,984.000,191.000,1015.000,235.000,27.790,-7.800,-1.090,1.840,0.590,2.000,-0.704
2744,1310,3618.000,28.220,-5.330,0.007,-0.003,NaN,NaN,618,0,-2.590,-1.295,NaN,NaN,NaN,NaN,NaN,NaN,NaN,NaN,NaN,NaN,NaN
2745,405,3619.000,146.650,-42.617,0.564,0.161,NaN,NaN,619,0,-0.000,-0.000,NaN,NaN,NaN,NaN,NaN,NaN,NaN,NaN,NaN,NaN,NaN
2746,727,3619.000,132.293,-23.021,0.401,-0.082,0.079,NaN,619,0,-1.670,-0.922,848.000,200.000,857.000,224.000,NaN,NaN,NaN,NaN,NaN,NaN,NaN
2747,1019,3619.000,26.205,-2.855,0.058,-0.032,0.649,0.012,619,0,0.873,-1.479,750.000,200.000,782.000,272.000,26.230,-2.920,-1.240,0.840,0.600,1.840,-1.025
2748,1029,3619.000,28.104,-3.671,0.039,-0.081,0.719,0.060,619,0,1.142,-1.424,783.000,193.000,809.000,271.000,28.170,-3.630,-1.200,0.830,0.730,1.780,-1.257
2749,1057,3619.000,34.860,6.828,0.052,-0.051,NaN,NaN,619,0,-0.000,-0.000,NaN,NaN,NaN,NaN,NaN,NaN,NaN,NaN,NaN,NaN,NaN
2750,1166,3619.000,14.302,0.610,0.119,-0.071,0.258,0.106,619,0,-0.387,-0.568,533.000,182.000,593.000,263.000,14.370,0.570,-1.060,0.850,0.570,1.800,0.158
2751,1170,3619.000,28.399,-5.716,-0.161,-0.058,NaN,NaN,619,0,-3.194,-1.315,NaN,NaN,NaN,NaN,NaN,NaN,NaN,NaN,NaN,NaN,NaN
2752,1173,3619.000,44.690,14.728,0.093,-0.038,NaN,NaN,619,0,-3.157,-1.300,NaN,NaN,NaN,NaN,NaN,NaN,NaN,NaN,NaN,NaN,NaN
2753,1214,3619.000,28.217,-8.226,0.275,-0.225,0.785,0.298,619,0,1.633,-0.701,987.000,189.000,1023.000,268.000,28.410,-8.240,-1.090,1.010,0.580,1.930,-0.407
2754,1310,3619.000,28.558,-5.600,0.089,-0.060,0.813,0.731,619,0,1.726,0.507,866.000,197.000,899.000,271.000,28.650,-5.680,-1.200,1.900,0.560,1.840,-0.870
2755,405,3620.000,147.132,-42.568,0.554,0.142,0.030,NaN,620,0,-0.000,-0.000,992.000,190.000,1023.000,232.000,NaN,NaN,NaN,NaN,NaN,NaN,NaN
2756,727,3620.000,132.671,-23.135,0.397,-0.088,0.185,NaN,620,0,-1.177,-0.922,849.000,201.000,857.000,222.000,NaN,NaN,NaN,NaN,NaN,NaN,NaN
2757,1019,3620.000,26.265,-2.883,0.058,-0.032,0.570,NaN,620,0,0.787,-1.271,751.000,200.000,783.000,275.000,NaN,NaN,NaN,NaN,NaN,NaN,NaN
2758,1029,3620.000,28.142,-3.760,0.037,-0.083,0.720,NaN,620,0,2.434,-1.311,786.000,193.000,812.000,265.000,NaN,NaN,NaN,NaN,NaN,NaN,NaN
2759,1057,3620.000,34.912,6.777,0.052,-0.050,NaN,NaN,620,0,-0.000,-0.000,NaN,NaN,NaN,NaN,NaN,NaN,NaN,NaN,NaN,NaN,NaN
2760,1166,3620.000,14.421,0.565,0.120,-0.065,0.092,NaN,620,0,-1.183,-1.197,534.000,182.000,598.000,313.000,NaN,NaN,NaN,NaN,NaN,NaN,NaN
2761,1170,3620.000,28.239,-5.774,-0.160,-0.058,NaN,NaN,620,0,-2.951,-1.317,NaN,NaN,NaN,NaN,NaN,NaN,NaN,NaN,NaN,NaN,NaN
2762,1173,3620.000,44.784,14.691,0.093,-0.037,NaN,NaN,620,0,-1.824,-1.301,NaN,NaN,NaN,NaN,NaN,NaN,NaN,NaN,NaN,NaN,NaN
2763,1214,3620.000,28.490,-8.451,0.274,-0.225,NaN,NaN,620,0,-2.816,-1.327,NaN,NaN,NaN,NaN,NaN,NaN,NaN,NaN,NaN,NaN,NaN
2764,1310,3620.000,28.644,-5.661,0.086,-0.062,0.774,NaN,620,0,3.261,-1.313,866.000,198.000,900.000,275.000,NaN,NaN,NaN,NaN,NaN,NaN,NaN
2765,405,3621.000,147.643,-42.047,0.567,0.184,0.029,NaN,621,0,-0.000,-0.000,986.000,195.000,1005.000,219.000,NaN,NaN,NaN,NaN,NaN,NaN,NaN
2766,727,3621.000,132.936,-23.182,0.393,-0.084,0.070,NaN,621,0,-1.298,-0.687,848.000,201.000,857.000,223.000,NaN,NaN,NaN,NaN,NaN,NaN,NaN
2767,1019,3621.000,26.323,-2.950,0.056,-0.043,0.225,0.219,621,0,-1.403,-0.702,753.000,201.000,785.000,274.000,26.300,-3.030,-1.200,0.830,0.580,1.750,-0.813
2768,1029,3621.000,28.190,-3.805,0.041,-0.072,0.516,0.885,621,0,-0.329,2.232,791.000,194.000,821.000,274.000,28.220,-3.710,-1.140,0.760,0.770,1.780,-1.432
2769,1057,3621.000,33.666,2.106,-0.020,-0.246,0.067,NaN,621,0,-0.000,-0.000,536.000,205.000,541.000,218.000,NaN,NaN,NaN,NaN,NaN,NaN,NaN
2770,1166,3621.000,14.523,0.411,0.116,-0.087,0.428,0.195,621,0,0.340,-0.305,541.000,186.000,609.000,287.000,14.520,0.320,-1.050,0.760,0.600,1.750,-0.611
2771,1170,3621.000,28.078,-5.831,-0.160,-0.057,NaN,NaN,621,0,-1.318,-1.320,NaN,NaN,NaN,NaN,NaN,NaN,NaN,NaN,NaN,NaN,NaN
2772,1173,3621.000,44.877,14.652,0.093,-0.038,NaN,NaN,621,0,-2.135,-1.297,NaN,NaN,NaN,NaN,NaN,NaN,NaN,NaN,NaN,NaN,NaN
2773,1214,3621.000,28.779,-8.621,0.277,-0.213,0.028,NaN,621,0,-2.816,-1.327,997.000,190.000,1031.000,241.000,NaN,NaN,NaN,NaN,NaN,NaN,NaN
2774,1310,3621.000,28.718,-5.708,0.080,-0.060,0.771,0.975,621,0,1.319,5.442,870.000,198.000,905.000,275.000,28.710,-5.730,-1.200,1.850,0.610,1.740,-0.898
2775,405,3622.000,148.207,-41.864,0.565,0.184,NaN,NaN,622,0,-0.000,-0.000,NaN,NaN,NaN,NaN,NaN,NaN,NaN,NaN,NaN,NaN,NaN
2776,727,3622.000,133.255,-23.235,0.392,-0.078,0.050,NaN,622,0,-1.452,-0.687,848.000,202.000,857.000,229.000,NaN,NaN,NaN,NaN,NaN,NaN,NaN
2777,1019,3622.000,26.378,-2.989,0.056,-0.040,NaN,NaN,622,0,-4.657,-2.122,NaN,NaN,NaN,NaN,NaN,NaN,NaN,NaN,NaN,NaN,NaN
2778,1029,3622.000,28.259,-3.862,0.048,-0.067,0.757,0.014,622,0,1.502,-1.668,796.000,194.000,826.000,275.000,28.300,-3.830,-1.150,0.890,0.660,1.840,-1.046
2779,1057,3622.000,33.427,1.842,-0.022,-0.245,0.418,NaN,622,0,-0.109,-1.324,548.000,189.000,614.000,288.000,NaN,NaN,NaN,NaN,NaN,NaN,NaN
2780,1166,3622.000,14.652,0.331,0.122,-0.085,0.035,0.591,622,0,-2.021,0.736,548.000,189.000,614.000,362.000,14.660,0.330,-1.070,0.790,0.580,1.680,-0.751
2781,1170,3622.000,27.918,-5.887,-0.161,-0.056,NaN,NaN,622,0,0.000,-1.354,NaN,NaN,NaN,NaN,NaN,NaN,NaN,NaN,NaN,NaN,NaN
2782,1173,3622.000,44.090,14.027,0.135,-0.073,NaN,0.048,622,0,-5.220,-2.573,177.000,187.000,219.000,238.000,43.860,13.810,-0.950,1.740,0.540,1.600,-0.149
2783,1214,3622.000,29.082,-8.834,0.281,-0.214,0.745,0.899,622,0,1.111,2.981,1004.000,191.000,1038.000,273.000,29.120,-8.780,-1.100,0.820,0.680,1.750,-0.637
2784,1310,3622.000,28.787,-5.748,0.074,-0.058,0.743,0.979,622,0,1.111,5.442,871.000,199.000,909.000,270.000,28.770,-5.750,-1.150,0.760,0.870,1.600,0.132
2785,405,3623.000,148.770,-41.681,0.565,0.183,NaN,NaN,623,0,-0.000,-0.000,NaN,NaN,NaN,NaN,NaN,NaN,NaN,NaN,NaN,NaN,NaN
2786,727,3623.000,133.380,-23.249,0.387,-0.076,0.067,NaN,623,0,-1.298,-0.687,848.000,202.000,857.000,230.000,NaN,NaN,NaN,NaN,NaN,NaN,NaN
2787,1019,3623.000,26.441,-3.039,0.054,-0.042,0.521,NaN,623,0,0.383,-1.286,761.000,201.000,788.000,270.000,NaN,NaN,NaN,NaN,NaN,NaN,NaN
2788,1029,3623.000,28.294,-4.003,0.044,-0.086,0.724,NaN,623,0,2.434,-1.315,797.000,194.000,827.000,273.000,NaN,NaN,NaN,NaN,NaN,NaN,NaN
2789,1057,3623.000,33.335,1.578,-0.030,-0.257,0.497,NaN,623,0,0.432,-1.308,551.000,189.000,616.000,287.000,NaN,NaN,NaN,NaN,NaN,NaN,NaN
2790,1166,3623.000,14.773,0.248,0.122,-0.084,NaN,NaN,623,0,-3.122,-1.303,NaN,NaN,NaN,NaN,NaN,NaN,NaN,NaN,NaN,NaN,NaN
2791,1170,3623.000,27.757,-5.945,-0.161,-0.058,NaN,NaN,623,0,-2.490,-1.301,NaN,NaN,NaN,NaN,NaN,NaN,NaN,NaN,NaN,NaN,NaN
2792,1173,3623.000,44.224,13.954,0.134,-0.073,NaN,NaN,623,0,-2.489,-1.244,NaN,NaN,NaN,NaN,NaN,NaN,NaN,NaN,NaN,NaN,NaN
2793,1214,3623.000,29.363,-9.049,0.281,-0.214,NaN,NaN,623,0,-2.653,-1.327,NaN,NaN,NaN,NaN,NaN,NaN,NaN,NaN,NaN,NaN,NaN
2794,1310,3623.000,28.840,-5.854,0.069,-0.072,0.749,NaN,623,0,2.906,-1.317,876.000,200.000,911.000,270.000,NaN,NaN,NaN,NaN,NaN,NaN,NaN
2795,405,3624.000,149.330,-41.496,0.563,0.184,NaN,NaN,624,0,-0.000,-0.000,NaN,NaN,NaN,NaN,NaN,NaN,NaN,NaN,NaN,NaN,NaN
2796,727,3624.000,133.883,-23.342,0.389,-0.076,0.066,NaN,624,0,-1.298,-0.687,848.000,202.000,857.000,225.000,NaN,NaN,NaN,NaN,NaN,NaN,NaN
2797,1019,3624.000,26.601,-2.916,0.085,0.009,0.459,0.031,624,0,-0.469,-1.530,758.000,194.000,793.000,271.000,26.720,-2.570,-1.300,1.600,0.520,1.790,-1.239
2798,1029,3624.000,28.402,-4.088,0.060,-0.085,0.739,0.997,624,0,1.358,7.239,792.000,193.000,834.000,272.000,28.460,-4.060,-1.230,1.840,0.600,1.820,-0.978
2799,1057,3624.000,33.288,1.280,-0.043,-0.275,0.051,NaN,624,0,-1.992,-1.286,559.000,190.000,619.000,290.000,NaN,NaN,NaN,NaN,NaN,NaN,NaN
2800,1166,3624.000,14.768,0.229,0.090,-0.066,0.041,0.952,624,0,-2.097,2.197,558.000,190.000,619.000,366.000,14.670,0.280,-1.010,0.930,0.550,1.620,-0.019
2801,1170,3624.000,34.144,-7.864,-0.108,-0.105,0.065,0.999,624,0,-3.893,2.532,958.000,205.000,979.000,257.000,34.290,-8.710,-0.970,1.690,0.570,1.910,1.556
2802,1173,3624.000,44.359,13.881,0.135,-0.073,NaN,NaN,624,0,-2.686,-1.266,NaN,NaN,NaN,NaN,NaN,NaN,NaN,NaN,NaN,NaN,NaN
2803,1214,3624.000,29.590,-9.201,0.273,-0.204,0.750,0.150,624,0,0.957,-1.302,1012.000,192.000,1045.000,269.000,29.570,-9.130,-1.110,1.710,0.540,1.800,-0.619
2804,1310,3624.000,28.930,-5.944,0.076,-0.077,0.761,0.824,624,0,1.256,0.962,881.000,198.000,913.000,266.000,28.960,-5.980,-1.240,1.870,0.570,1.810,-0.908
2805,405,3625.000,151.568,-40.831,0.632,0.279,0.029,NaN,625,0,-0.000,-0.000,955.000,213.000,977.000,256.000,NaN,NaN,NaN,NaN,NaN,NaN,NaN
2806,727,3625.000,134.271,-23.416,0.389,-0.075,NaN,NaN,625,0,-1.461,-0.687,NaN,NaN,NaN,NaN,NaN,NaN,NaN,NaN,NaN,NaN,NaN
2807,1019,3625.000,26.666,-3.002,0.073,-0.015,0.124,NaN,625,0,-1.816,-1.256,758.000,193.000,791.000,241.000,NaN,NaN,NaN,NaN,NaN,NaN,NaN
2808,1029,3625.000,28.451,-4.149,0.058,-0.078,0.694,0.735,625,0,0.735,0.631,795.000,192.000,836.000,270.000,28.430,-4.090,-1.160,0.840,0.620,1.820,-1.185
2809,1057,3625.000,33.274,0.961,-0.052,-0.293,0.068,NaN,625,0,-1.580,-1.300,565.000,187.000,622.000,292.000,NaN,NaN,NaN,NaN,NaN,NaN,NaN
2810,1166,3625.000,14.795,0.210,0.073,-0.054,0.744,0.999,625,0,3.227,2.197,564.000,187.000,623.000,359.000,14.730,0.250,-1.030,0.850,0.530,1.650,0.058
2811,1170,3625.000,34.036,-7.968,-0.107,-0.104,NaN,NaN,625,0,-2.639,-1.326,NaN,NaN,NaN,NaN,NaN,NaN,NaN,NaN,NaN,NaN,NaN
2812,1173,3625.000,44.495,13.807,0.135,-0.074,NaN,NaN,625,0,-2.885,-1.288,NaN,NaN,NaN,NaN,NaN,NaN,NaN,NaN,NaN,NaN,NaN
2813,1214,3625.000,29.930,-9.402,0.289,-0.204,0.777,0.749,625,0,1.158,0.478,1018.000,192.000,1050.000,268.000,30.060,-9.380,-1.170,0.770,0.610,1.860,0.207
2814,1310,3625.000,29.016,-6.041,0.077,-0.082,0.739,0.021,625,0,1.111,-1.731,885.000,198.000,912.000,265.000,29.010,-6.070,-1.260,0.710,0.630,1.710,1.953
2815,405,3626.000,152.743,-40.471,0.637,0.312,0.046,NaN,626,0,-0.000,-0.000,949.000,183.000,976.000,224.000,NaN,NaN,NaN,NaN,NaN,NaN,NaN
2816,727,3626.000,134.842,-23.516,0.393,-0.074,0.089,NaN,626,0,-1.201,-0.687,848.000,201.000,857.000,226.000,NaN,NaN,NaN,NaN,NaN,NaN,NaN
2817,1019,3626.000,26.771,-2.908,0.082,0.013,0.341,NaN,626,0,-0.504,-1.273,735.000,191.000,776.000,284.000,NaN,NaN,NaN,NaN,NaN,NaN,NaN
2818,1029,3626.000,28.512,-4.225,0.060,-0.078,0.750,NaN,626,0,2.906,-1.318,797.000,193.000,838.000,272.000,NaN,NaN,NaN,NaN,NaN,NaN,NaN
2819,1057,3626.000,33.221,0.667,-0.053,-0.294,NaN,NaN,626,0,-2.641,-1.308,NaN,NaN,NaN,NaN,NaN,NaN,NaN,NaN,NaN,NaN,NaN
2820,1166,3626.000,14.862,0.200,0.068,-0.041,0.782,NaN,626,0,3.446,-1.321,568.000,185.000,624.000,361.000,NaN,NaN,NaN,NaN,NaN,NaN,NaN
2821,1170,3626.000,33.928,-8.073,-0.107,-0.105,NaN,NaN,626,0,-2.397,-1.327,NaN,NaN,NaN,NaN,NaN,NaN,NaN,NaN,NaN,NaN,NaN
2822,1173,3626.000,44.631,13.735,0.135,-0.073,NaN,NaN,626,0,-1.608,-1.299,NaN,NaN,NaN,NaN,NaN,NaN,NaN,NaN,NaN,NaN,NaN
2823,1214,3626.000,30.236,-9.543,0.293,-0.190,0.045,NaN,626,0,-2.701,-1.327,1021.000,191.000,1051.000,232.000,NaN,NaN,NaN,NaN,NaN,NaN,NaN
2824,1310,3626.000,29.101,-6.120,0.080,-0.084,0.794,NaN,626,0,3.665,-1.313,888.000,199.000,912.000,262.000,NaN,NaN,NaN,NaN,NaN,NaN,NaN
2825,405,3627.000,153.375,-40.162,0.635,0.309,NaN,NaN,627,0,-0.000,-0.000,NaN,NaN,NaN,NaN,NaN,NaN,NaN,NaN,NaN,NaN,NaN
2826,727,3627.000,135.371,-23.607,0.395,-0.072,0.095,NaN,627,0,-1.246,-0.687,848.000,201.000,857.000,219.000,NaN,NaN,NaN,NaN,NaN,NaN,NaN
2827,1019,3627.000,26.867,-2.762,0.083,0.041,0.670,NaN,627,0,1.916,-1.251,738.000,193.000,768.000,281.000,NaN,NaN,NaN,NaN,NaN,NaN,NaN
2828,1029,3627.000,28.615,-4.302,0.068,-0.075,0.419,0.276,627,0,-1.172,-0.827,779.000,198.000,802.000,269.000,28.650,-4.290,-1.230,1.850,0.620,1.820,-0.976
2829,1057,3627.000,33.168,0.371,-0.054,-0.296,NaN,NaN,627,0,-2.377,-1.295,NaN,NaN,NaN,NaN,NaN,NaN,NaN,NaN,NaN,NaN,NaN
2830,1166,3627.000,14.896,0.173,0.060,-0.039,0.678,0.988,627,0,2.419,2.197,572.000,183.000,628.000,362.000,14.890,0.190,-1.100,0.940,0.590,1.770,-0.075
2831,1170,3627.000,34.188,-7.779,-0.073,-0.057,0.029,NaN,627,0,-2.538,-1.327,906.000,199.000,928.000,260.000,NaN,NaN,NaN,NaN,NaN,NaN,NaN
2832,1173,3627.000,43.907,13.808,0.047,-0.072,0.156,NaN,627,0,-1.835,-1.297,191.000,204.000,208.000,233.000,NaN,NaN,NaN,NaN,NaN,NaN,NaN
2833,1214,3627.000,30.512,-9.695,0.289,-0.181,0.799,0.995,627,0,1.344,5.979,1026.000,192.000,1059.000,261.000,30.500,-9.640,-1.070,0.830,0.590,1.680,-0.634
2834,1310,3627.000,29.218,-6.251,0.089,-0.095,0.191,0.988,627,0,-2.116,5.442,893.000,200.000,928.000,264.000,29.260,-6.370,-1.240,1.900,0.580,1.850,-0.907
2835,405,3628.000,154.347,-39.731,0.640,0.344,0.084,NaN,628,0,-0.000,-0.000,937.000,184.000,963.000,222.000,NaN,NaN,NaN,NaN,NaN,NaN,NaN
2836,727,3628.000,135.766,-23.673,0.396,-0.070,0.107,NaN,628,0,-1.211,-0.687,848.000,201.000,857.000,220.000,NaN,NaN,NaN,NaN,NaN,NaN,NaN
2837,1019,3628.000,26.984,-2.508,0.095,0.082,0.083,NaN,628,0,-1.572,-1.195,728.000,194.000,752.000,275.000,NaN,NaN,NaN,NaN,NaN,NaN,NaN
2838,1029,3628.000,28.681,-4.475,0.066,-0.095,0.527,NaN,628,0,0.468,-1.318,818.000,193.000,846.000,272.000,NaN,NaN,NaN,NaN,NaN,NaN,NaN
2839,1057,3628.000,33.115,0.074,-0.053,-0.296,NaN,NaN,628,0,-1.843,-1.303,NaN,NaN,NaN,NaN,NaN,NaN,NaN,NaN,NaN,NaN,NaN
2840,1166,3628.000,14.955,0.138,0.060,-0.039,0.834,NaN,628,0,3.938,-1.323,577.000,184.000,638.000,358.000,NaN,NaN,NaN,NaN,NaN,NaN,NaN
2841,1170,3628.000,34.117,-7.831,-0.074,-0.054,0.053,NaN,628,0,-2.293,-1.325,910.000,198.000,938.000,260.000,NaN,NaN,NaN,NaN,NaN,NaN,NaN
2842,1173,3628.000,43.859,13.783,0.041,-0.060,0.466,NaN,628,0,0.057,-1.276,136.000,206.000,203.000,273.000,NaN,NaN,NaN,NaN,NaN,NaN,NaN
2843,1214,3628.000,30.804,-9.897,0.290,-0.186,0.740,NaN,628,0,2.746,-1.327,1031.000,192.000,1064.000,264.000,NaN,NaN,NaN,NaN,NaN,NaN,NaN
2844,1310,3628.000,29.283,-6.416,0.083,-0.113,0.551,NaN,628,0,0.639,-1.297,900.000,197.000,932.000,264.000,NaN,NaN,NaN,NaN,NaN,NaN,NaN
2845,405,3629.000,154.983,-39.387,0.639,0.344,NaN,NaN,629,0,-0.777,-1.139,NaN,NaN,NaN,NaN,NaN,NaN,NaN,NaN,NaN,NaN,NaN
2846,727,3629.000,136.378,-23.775,0.405,-0.073,0.086,NaN,629,0,-1.285,-0.687,848.000,201.000,857.000,221.000,NaN,NaN,NaN,NaN,NaN,NaN,NaN
2847,1019,3629.000,27.101,-2.337,0.097,0.101,0.089,NaN,629,0,-2.061,-1.300,711.000,193.000,745.000,246.000,NaN,NaN,NaN,NaN,NaN,NaN,NaN
2848,1029,3629.000,28.738,-4.551,0.063,-0.091,0.686,0.725,629,0,0.497,0.448,818.000,193.000,848.000,275.000,28.720,-4.510,-1.170,1.860,0.560,1.870,-0.892
2849,1057,3629.000,33.063,-0.222,-0.052,-0.296,NaN,NaN,629,0,-2.642,-1.308,NaN,NaN,NaN,NaN,NaN,NaN,NaN,NaN,NaN,NaN,NaN
2850,1166,3629.000,14.995,0.117,0.055,-0.034,0.866,0.999,629,0,4.394,2.197,581.000,185.000,646.000,360.000,14.980,0.140,-1.110,0.940,0.620,1.780,-0.424
2851,1173,3629.000,43.841,13.782,0.034,-0.046,0.127,NaN,629,0,-1.599,-1.277,168.000,206.000,214.000,277.000,NaN,NaN,NaN,NaN,NaN,NaN,NaN
2852,1214,3629.000,30.955,-10.514,0.276,-0.283,0.052,NaN,629,0,-2.805,-1.327,1071.000,217.000,1089.000,250.000,NaN,NaN,NaN,NaN,NaN,NaN,NaN
2853,1310,3629.000,29.363,-6.500,0.082,-0.105,0.464,0.943,629,0,-0.876,5.442,911.000,197.000,936.000,262.000,29.370,-6.450,-1.140,0.800,0.560,1.660,-0.380
2854,405,3630.000,155.708,-38.807,0.653,0.399,0.026,NaN,630,0,-1.330,-0.569,932.000,195.000,948.000,223.000,NaN,NaN,NaN,NaN,NaN,NaN,NaN
2855,727,3630.000,136.804,-23.853,0.404,-0.075,0.089,NaN,630,0,-1.380,-0.789,848.000,201.000,857.000,224.000,NaN,NaN,NaN,NaN,NaN,NaN,NaN
2856,1019,3630.000,27.200,-2.236,0.099,0.101,NaN,NaN,630,0,-3.808,-1.733,NaN,NaN,NaN,NaN,NaN,NaN,NaN,NaN,NaN,NaN,NaN
2857,1029,3630.000,28.783,-4.572,0.058,-0.074,0.635,0.699,630,0,0.115,0.311,823.000,192.000,850.000,275.000,28.730,-4.390,-1.160,0.910,0.670,1.880,0.267
2858,1057,3630.000,33.010,-0.518,-0.052,-0.297,NaN,NaN,630,0,-2.472,-1.276,NaN,NaN,NaN,NaN,NaN,NaN,NaN,NaN,NaN,NaN,NaN
2859,1166,3630.000,15.090,0.050,0.068,-0.044,0.872,0.999,630,0,4.394,2.197,587.000,189.000,653.000,360.000,15.140,0.030,-1.120,0.880,0.570,1.740,-0.429
2860,1173,3630.000,43.859,13.754,0.031,-0.042,0.032,NaN,630,0,-2.708,-1.276,173.000,208.000,226.000,265.000,NaN,NaN,NaN,NaN,NaN,NaN,NaN
2861,1214,3630.000,31.206,-10.803,0.270,-0.287,0.032,NaN,630,0,-2.728,-1.285,1074.000,201.000,1092.000,255.000,NaN,NaN,NaN,NaN,NaN,NaN,NaN
2862,1310,3630.000,29.513,-6.663,0.096,-0.117,0.053,0.986,630,0,-3.339,5.979,929.000,191.000,951.000,222.000,29.620,-6.760,-1.210,1.800,0.560,1.800,-1.010
2863,405,3631.000,156.359,-38.406,0.653,0.401,NaN,NaN,631,0,-0.000,-0.000,NaN,NaN,NaN,NaN,NaN,NaN,NaN,NaN,NaN,NaN,NaN
2864,727,3631.000,137.254,-23.933,0.404,-0.075,0.075,NaN,631,0,-1.298,-0.687,848.000,201.000,857.000,224.000,NaN,NaN,NaN,NaN,NaN,NaN,NaN
2865,1019,3631.000,27.299,-2.137,0.099,0.099,NaN,NaN,631,0,-2.815,-1.324,NaN,NaN,NaN,NaN,NaN,NaN,NaN,NaN,NaN,NaN,NaN
2866,1029,3631.000,28.829,-4.704,0.055,-0.088,0.623,NaN,631,0,1.393,-1.321,826.000,192.000,856.000,274.000,NaN,NaN,NaN,NaN,NaN,NaN,NaN
2867,1057,3631.000,32.956,-0.815,-0.054,-0.296,NaN,NaN,631,0,-2.310,-1.202,NaN,NaN,NaN,NaN,NaN,NaN,NaN,NaN,NaN,NaN,NaN
2868,1166,3631.000,15.160,-0.009,0.068,-0.049,0.802,NaN,631,0,3.714,-1.327,593.000,199.000,655.000,361.000,NaN,NaN,NaN,NaN,NaN,NaN,NaN
2869,1173,3631.000,44.021,13.478,0.055,-0.093,0.124,NaN,631,0,-1.854,-1.283,210.000,207.000,252.000,266.000,NaN,NaN,NaN,NaN,NaN,NaN,NaN
2870,1214,3631.000,31.536,-11.077,0.286,-0.274,0.034,NaN,631,0,-2.809,-1.324,1072.000,204.000,1090.000,257.000,NaN,NaN,NaN,NaN,NaN,NaN,NaN
2871,1310,3631.000,29.608,-6.779,0.095,-0.116,NaN,NaN,631,0,-2.647,-1.324,NaN,NaN,NaN,NaN,NaN,NaN,NaN,NaN,NaN,NaN,NaN
2872,405,3632.000,157.035,-37.749,0.668,0.467,0.026,NaN,632,0,-0.000,-0.000,915.000,198.000,935.000,236.000,NaN,NaN,NaN,NaN,NaN,NaN,NaN
2873,727,3632.000,137.808,-24.042,0.405,-0.076,0.079,NaN,632,0,-1.244,-0.687,848.000,201.000,858.000,225.000,NaN,NaN,NaN,NaN,NaN,NaN,NaN
2874,1019,3632.000,27.424,-2.635,0.092,-0.019,0.532,0.057,632,0,-0.034,-1.364,756.000,198.000,781.000,270.000,27.280,-3.060,-1.290,0.840,0.690,1.880,-1.268
2875,1029,3632.000,28.843,-4.724,0.046,-0.070,0.069,0.113,632,0,-2.910,-1.298,847.000,202.000,862.000,231.000,28.820,-4.560,-1.200,1.820,0.580,1.850,-0.958
2876,1057,3632.000,32.902,-1.112,-0.055,-0.297,NaN,NaN,632,0,-2.771,-1.303,NaN,NaN,NaN,NaN,NaN,NaN,NaN,NaN,NaN,NaN,NaN
2877,1166,3632.000,15.259,-0.081,0.076,-0.056,0.724,0.999,632,0,2.914,2.197,596.000,200.000,655.000,359.000,15.270,-0.090,-1.110,1.070,0.600,1.970,-0.369
2878,1173,3632.000,44.102,13.332,0.060,-0.104,0.161,NaN,632,0,-1.472,-1.300,193.000,207.000,261.000,268.000,NaN,NaN,NaN,NaN,NaN,NaN,NaN
2879,1214,3632.000,32.004,-11.304,0.326,-0.243,0.180,NaN,632,0,-1.565,-1.327,1076.000,201.000,1091.000,252.000,NaN,NaN,NaN,NaN,NaN,NaN,NaN
2880,1310,3632.000,29.776,-6.948,0.110,-0.130,0.250,0.999,632,0,-2.042,5.979,928.000,199.000,951.000,246.000,29.860,-7.020,-1.170,1.760,0.550,1.870,-0.918
2881,405,3633.000,157.696,-37.413,0.660,0.437,0.132,NaN,633,0,-0.000,-0.000,932.000,198.000,955.000,238.000,NaN,NaN,NaN,NaN,NaN,NaN,NaN
2882,727,3633.000,138.306,-24.141,0.406,-0.077,0.035,NaN,633,0,-1.605,-0.687,848.000,202.000,858.000,229.000,NaN,NaN,NaN,NaN,NaN,NaN,NaN
2883,1019,3633.000,27.399,-2.894,0.074,-0.051,0.228,0.889,633,0,-1.490,2.716,760.000,212.000,785.000,268.000,27.420,-3.170,-1.220,0.810,0.550,1.730,-0.398
2884,1029,3633.000,28.868,-4.749,0.037,-0.056,0.478,0.580,633,0,-0.744,-0.089,835.000,193.000,856.000,273.000,28.880,-4.670,-1.150,0.800,0.690,1.840,-1.013
2885,1057,3633.000,32.846,-1.410,-0.055,-0.298,NaN,NaN,633,0,0.572,-1.610,NaN,NaN,NaN,NaN,NaN,NaN,NaN,NaN,NaN,NaN,NaN
2886,1166,3633.000,15.343,-0.130,0.077,-0.055,0.830,1.000,633,0,4.394,2.197,597.000,197.000,659.000,357.000,15.350,-0.130,-1.120,1.050,0.620,1.870,-0.337
2887,1173,3633.000,44.366,13.298,0.094,-0.097,0.225,0.354,633,0,-4.050,-1.664,216.000,207.000,280.000,288.000,44.440,13.360,-1.280,0.770,0.480,1.710,1.846
2888,1214,3633.000,32.565,-11.464,0.366,-0.205,0.035,NaN,633,0,-2.368,-1.290,1072.000,197.000,1090.000,259.000,NaN,NaN,NaN,NaN,NaN,NaN,NaN
2889,1310,3633.000,29.926,-7.152,0.119,-0.147,0.314,0.999,633,0,-1.792,5.979,925.000,198.000,956.000,253.000,30.020,-7.270,-1.210,1.840,0.580,1.840,-0.973
2890,405,3634.000,158.364,-37.092,0.659,0.415,0.076,NaN,634,0,-0.000,-0.000,925.000,203.000,944.000,242.000,NaN,NaN,NaN,NaN,NaN,NaN,NaN
2891,727,3634.000,138.711,-24.219,0.407,-0.077,NaN,NaN,634,0,-1.461,-0.687,NaN,NaN,NaN,NaN,NaN,NaN,NaN,NaN,NaN,NaN,NaN
2892,1019,3634.000,27.456,-2.988,0.070,-0.076,0.177,NaN,634,0,-1.433,-1.214,764.000,216.000,784.000,264.000,NaN,NaN,NaN,NaN,NaN,NaN,NaN
2893,1029,3634.000,28.911,-4.956,0.039,-0.093,0.337,NaN,634,0,-0.690,-1.320,843.000,199.000,858.000,272.000,NaN,NaN,NaN,NaN,NaN,NaN,NaN
2894,1057,3634.000,32.790,-1.709,-0.056,-0.298,NaN,NaN,634,0,-2.953,-1.318,NaN,NaN,NaN,NaN,NaN,NaN,NaN,NaN,NaN,NaN,NaN
2895,1166,3634.000,15.418,-0.186,0.075,-0.056,0.877,NaN,634,0,3.988,-1.327,608.000,186.000,667.000,357.000,NaN,NaN,NaN,NaN,NaN,NaN,NaN
2896,1173,3634.000,44.421,13.354,0.091,-0.067,0.065,NaN,634,0,-2.232,-1.302,208.000,205.000,227.000,255.000,NaN,NaN,NaN,NaN,NaN,NaN,NaN
2897,1214,3634.000,32.931,-11.669,0.366,-0.205,NaN,NaN,634,0,-3.036,-1.299,NaN,NaN,NaN,NaN,NaN,NaN,NaN,NaN,NaN,NaN,NaN
2898,1310,3634.000,30.036,-7.391,0.120,-0.165,0.419,NaN,634,0,-0.465,-1.327,937.000,198.000,960.000,257.000,NaN,NaN,NaN,NaN,NaN,NaN,NaN
2899,405,3635.000,159.058,-36.927,0.655,0.373,0.099,NaN,635,0,-0.000,-0.000,928.000,202.000,950.000,241.000,NaN,NaN,NaN,NaN,NaN,NaN,NaN
2900,727,3635.000,139.115,-24.296,0.406,-0.077,NaN,NaN,635,0,-0.371,-0.687,NaN,NaN,NaN,NaN,NaN,NaN,NaN,NaN,NaN,NaN,NaN
2901,1019,3635.000,27.524,-3.091,0.070,-0.089,0.091,0.183,635,0,-2.404,-0.955,765.000,198.000,792.000,261.000,27.520,-3.330,-1.200,0.830,0.750,1.800,-1.613
2902,1029,3635.000,28.924,-4.996,0.034,-0.075,0.074,1.000,635,0,-2.798,5.442,845.000,201.000,857.000,271.000,28.940,-4.740,-1.050,0.740,0.650,1.590,-0.205
2903,1057,3635.000,32.736,-2.009,-0.055,-0.300,NaN,NaN,635,0,-1.506,-1.228,NaN,NaN,NaN,NaN,NaN,NaN,NaN,NaN,NaN,NaN,NaN
2904,1166,3635.000,15.483,-0.221,0.073,-0.049,0.881,0.997,635,0,4.450,2.225,615.000,185.000,670.000,356.000,15.500,-0.190,-1.120,0.880,0.590,1.790,-0.232
2905,1173,3635.000,44.468,13.342,0.084,-0.054,0.094,NaN,635,0,-2.064,-1.302,208.000,204.000,228.000,253.000,NaN,NaN,NaN,NaN,NaN,NaN,NaN
2906,1214,3635.000,33.296,-11.874,0.365,-0.205,NaN,NaN,635,0,-2.698,-1.268,NaN,NaN,NaN,NaN,NaN,NaN,NaN,NaN,NaN,NaN,NaN
2907,1310,3635.000,30.134,-7.508,0.115,-0.157,0.120,1.000,635,0,-2.751,5.979,929.000,200.000,958.000,253.000,30.160,-7.380,-1.200,1.890,0.560,1.840,-0.990
2908,405,3636.000,159.717,-36.555,0.655,0.372,NaN,NaN,636,0,-0.000,-0.000,NaN,NaN,NaN,NaN,NaN,NaN,NaN,NaN,NaN,NaN,NaN
2909,727,3636.000,139.533,-24.330,0.405,-0.067,0.103,NaN,636,0,-0.974,-0.635,846.000,182.000,858.000,228.000,NaN,NaN,NaN,NaN,NaN,NaN,NaN
2910,1019,3636.000,27.632,-3.224,0.084,-0.107,0.251,0.011,636,0,-1.577,-1.616,769.000,198.000,796.000,269.000,27.710,-3.420,-1.290,0.790,0.560,1.790,-1.512
2911,1029,3636.000,28.935,-4.995,0.033,-0.049,0.064,0.326,636,0,-2.861,-0.712,814.000,200.000,839.000,240.000,28.940,-4.770,-1.200,0.780,0.770,1.740,2.352
2912,1057,3636.000,32.681,-2.308,-0.056,-0.299,NaN,NaN,636,0,-1.735,-1.269,NaN,NaN,NaN,NaN,NaN,NaN,NaN,NaN,NaN,NaN,NaN
2913,1166,3636.000,15.607,-0.278,0.087,-0.049,0.891,0.992,636,0,4.450,2.225,619.000,183.000,678.000,354.000,15.670,-0.290,-1.080,0.930,0.660,1.880,-0.477
2914,1173,3636.000,44.688,13.298,0.103,-0.055,0.465,0.021,636,0,-3.227,-2.720,210.000,204.000,228.000,253.000,44.800,13.200,-1.400,0.740,0.660,1.740,-1.645
2915,1214,3636.000,33.815,-11.838,0.395,-0.115,0.046,NaN,636,0,-2.125,-1.228,1056.000,197.000,1082.000,259.000,NaN,NaN,NaN,NaN,NaN,NaN,NaN
2916,1310,3636.000,30.279,-7.663,0.122,-0.157,0.682,0.950,636,0,0.167,5.979,936.000,198.000,966.000,257.000,30.320,-7.620,-1.200,1.810,0.560,1.870,-1.071
2917,405,3637.000,160.373,-36.183,0.655,0.372,NaN,NaN,637,0,-0.000,-0.000,NaN,NaN,NaN,NaN,NaN,NaN,NaN,NaN,NaN,NaN,NaN
2918,727,3637.000,139.065,-24.016,0.402,-0.030,0.068,NaN,637,0,-1.388,-0.735,817.000,200.000,844.000,238.000,NaN,NaN,NaN,NaN,NaN,NaN,NaN
2919,1019,3637.000,27.716,-3.365,0.085,-0.119,0.150,NaN,637,0,-1.708,-1.297,773.000,215.000,795.000,261.000,NaN,NaN,NaN,NaN,NaN,NaN,NaN
2920,1029,3637.000,28.969,-5.043,0.033,-0.048,NaN,NaN,637,0,-2.107,-1.243,NaN,NaN,NaN,NaN,NaN,NaN,NaN,NaN,NaN,NaN,NaN
2921,1057,3637.000,32.624,-2.607,-0.056,-0.299,NaN,NaN,637,0,-2.686,-1.319,NaN,NaN,NaN,NaN,NaN,NaN,NaN,NaN,NaN,NaN,NaN
2922,1166,3637.000,15.696,-0.341,0.087,-0.052,0.856,NaN,637,0,3.988,-1.327,623.000,185.000,684.000,354.000,NaN,NaN,NaN,NaN,NaN,NaN,NaN
2923,1173,3637.000,44.748,13.322,0.096,-0.032,0.150,NaN,637,0,-1.713,-1.301,213.000,207.000,230.000,252.000,NaN,NaN,NaN,NaN,NaN,NaN,NaN
2924,1214,3637.000,34.208,-11.952,0.394,-0.114,NaN,NaN,637,0,-3.063,-1.311,NaN,NaN,NaN,NaN,NaN,NaN,NaN,NaN,NaN,NaN,NaN
2925,1310,3637.000,30.398,-7.787,0.122,-0.148,0.549,NaN,637,0,0.422,-1.327,947.000,198.000,972.000,254.000,NaN,NaN,NaN,NaN,NaN,NaN,NaN
2926,405,3638.000,161.032,-35.811,0.655,0.372,NaN,NaN,638,0,-0.000,-0.000,NaN,NaN,NaN,NaN,NaN,NaN,NaN,NaN,NaN,NaN,NaN
2927,727,3638.000,139.471,-24.045,0.403,-0.029,NaN,NaN,638,0,-2.840,-1.216,NaN,NaN,NaN,NaN,NaN,NaN,NaN,NaN,NaN,NaN,NaN
2928,1019,3638.000,27.783,-3.495,0.082,-0.123,0.055,0.027,638,0,-2.977,-1.606,819.000,200.000,846.000,238.000,27.750,-3.540,-1.150,1.790,0.610,1.800,-0.695
2929,1029,3638.000,29.002,-5.090,0.034,-0.047,NaN,NaN,638,0,-1.935,-1.220,NaN,NaN,NaN,NaN,NaN,NaN,NaN,NaN,NaN,NaN,NaN
2930,1057,3638.000,32.569,-2.905,-0.055,-0.299,NaN,NaN,638,0,-2.395,-1.322,NaN,NaN,NaN,NaN,NaN,NaN,NaN,NaN,NaN,NaN,NaN
2931,1166,3638.000,15.750,-0.387,0.080,-0.051,0.887,0.981,638,0,4.450,2.225,626.000,187.000,689.000,355.000,15.720,-0.390,-1.150,0.950,0.580,2.000,-0.754
2932,1173,3638.000,44.805,13.348,0.088,-0.016,0.525,NaN,638,0,0.165,-1.303,213.000,207.000,230.000,253.000,NaN,NaN,NaN,NaN,NaN,NaN,NaN
2933,1214,3638.000,34.565,-12.310,0.379,-0.172,0.074,NaN,638,0,-2.477,-1.311,1086.000,198.000,1113.000,233.000,NaN,NaN,NaN,NaN,NaN,NaN,NaN
2934,1310,3638.000,30.493,-7.897,0.116,-0.137,0.026,0.990,638,0,-3.590,5.979,943.000,204.000,959.000,238.000,30.470,-7.810,-1.170,1.820,0.580,1.850,-1.095
2935,405,3639.000,161.687,-35.440,0.656,0.371,NaN,NaN,639,0,-0.000,-0.000,NaN,NaN,NaN,NaN,NaN,NaN,NaN,NaN,NaN,NaN,NaN
2936,727,3639.000,140.898,-24.423,0.409,-0.057,0.076,NaN,639,0,-2.202,-1.216,847.000,200.000,858.000,231.000,NaN,NaN,NaN,NaN,NaN,NaN,NaN
2937,1019,3639.000,27.846,-3.613,0.079,-0.121,0.681,0.016,639,0,0.629,-1.642,779.000,197.000,811.000,269.000,27.830,-3.610,-1.320,0.810,0.560,1.730,-0.409
2938,1029,3639.000,28.990,-5.456,0.022,-0.116,0.161,NaN,639,0,-1.355,-1.196,864.000,203.000,882.000,270.000,NaN,NaN,NaN,NaN,NaN,NaN,NaN
2939,1057,3639.000,32.512,-3.204,-0.056,-0.299,NaN,NaN,639,0,-1.873,-1.313,NaN,NaN,NaN,NaN,NaN,NaN,NaN,NaN,NaN,NaN,NaN
2940,1166,3639.000,15.840,-0.441,0.083,-0.052,0.899,0.978,639,0,4.450,2.225,631.000,190.000,694.000,356.000,15.840,-0.440,-1.130,0.970,0.570,1.740,-0.405
2941,1173,3639.000,44.892,13.332,0.087,-0.016,NaN,NaN,639,0,-2.209,-1.303,NaN,NaN,NaN,NaN,NaN,NaN,NaN,NaN,NaN,NaN,NaN
2942,1214,3639.000,34.864,-12.648,0.353,-0.215,0.038,NaN,639,0,-2.694,-1.203,1101.000,196.000,1120.000,230.000,NaN,NaN,NaN,NaN,NaN,NaN,NaN
2943,1310,3639.000,30.599,-8.055,0.116,-0.142,0.649,NaN,639,0,1.509,-1.327,957.000,199.000,986.000,261.000,NaN,NaN,NaN,NaN,NaN,NaN,NaN
2944,405,3640.000,162.342,-35.069,0.655,0.371,NaN,NaN,640,0,-0.000,-0.000,NaN,NaN,NaN,NaN,NaN,NaN,NaN,NaN,NaN,NaN,NaN
2945,727,3640.000,142.278,-24.806,0.411,-0.085,0.044,NaN,640,0,-2.671,-1.115,849.000,201.000,858.000,217.000,NaN,NaN,NaN,NaN,NaN,NaN,NaN
2946,1019,3640.000,27.923,-3.737,0.079,-0.120,0.496,NaN,640,0,0.239,-1.311,783.000,195.000,815.000,268.000,NaN,NaN,NaN,NaN,NaN,NaN,NaN
2947,1029,3640.000,29.008,-5.564,0.021,-0.113,0.582,NaN,640,0,0.862,-1.297,865.000,198.000,886.000,268.000,NaN,NaN,NaN,NaN,NaN,NaN,NaN
2948,1057,3640.000,32.458,-3.503,-0.055,-0.299,NaN,NaN,640,0,-1.337,-1.176,NaN,NaN,NaN,NaN,NaN,NaN,NaN,NaN,NaN,NaN,NaN
2949,1166,3640.000,15.922,-0.514,0.083,-0.057,0.892,NaN,640,0,3.988,-1.325,637.000,191.000,700.000,356.000,NaN,NaN,NaN,NaN,NaN,NaN,NaN
2950,1173,3640.000,44.972,13.339,0.085,-0.010,0.449,NaN,640,0,-0.269,-1.301,214.000,204.000,235.000,254.000,NaN,NaN,NaN,NaN,NaN,NaN,NaN
2951,1214,3640.000,35.217,-12.863,0.353,-0.215,NaN,NaN,640,0,-1.865,-1.278,NaN,NaN,NaN,NaN,NaN,NaN,NaN,NaN,NaN,NaN,NaN
2952,1310,3640.000,30.709,-8.241,0.115,-0.153,0.618,NaN,640,0,1.205,-1.327,965.000,198.000,993.000,262.000,NaN,NaN,NaN,NaN,NaN,NaN,NaN
2953,405,3641.000,163.270,-33.186,0.745,0.517,0.019,NaN,641,0,-1.246,-0.573,865.000,199.000,886.000,243.000,NaN,NaN,NaN,NaN,NaN,NaN,NaN
2954,727,3641.000,143.092,-24.956,0.416,-0.086,0.006,NaN,641,0,-1.785,-0.735,847.000,183.000,858.000,216.000,NaN,NaN,NaN,NaN,NaN,NaN,NaN
2955,1019,3641.000,28.003,-3.806,0.081,-0.107,0.008,NaN,641,0,-2.894,-1.313,785.000,216.000,813.000,270.000,NaN,NaN,NaN,NaN,NaN,NaN,NaN
2956,1029,3641.000,29.002,-5.630,0.019,-0.101,0.549,NaN,641,0,0.639,-1.311,863.000,198.000,888.000,270.000,NaN,NaN,NaN,NaN,NaN,NaN,NaN
2957,1057,3641.000,32.403,-3.800,-0.054,-0.297,NaN,NaN,641,0,-0.720,-1.258,NaN,NaN,NaN,NaN,NaN,NaN,NaN,NaN,NaN,NaN,NaN
2958,1166,3641.000,16.031,-0.531,0.090,-0.047,0.887,0.990,641,0,4.450,2.225,641.000,190.000,699.000,355.000,16.020,-0.500,-1.140,0.970,0.580,1.840,-0.404
2959,1173,3641.000,45.101,13.304,0.088,-0.018,0.016,NaN,641,0,-2.827,-1.300,221.000,201.000,236.000,251.000,NaN,NaN,NaN,NaN,NaN,NaN,NaN
2960,1214,3641.000,35.504,-13.112,0.337,-0.232,0.052,NaN,641,0,-2.765,-1.308,1106.000,194.000,1134.000,231.000,NaN,NaN,NaN,NaN,NaN,NaN,NaN
2961,1310,3641.000,30.765,-8.316,0.106,-0.136,0.369,0.974,641,0,-1.717,6.654,969.000,199.000,996.000,262.000,30.740,-8.150,-1.250,1.880,0.580,1.830,-1.010
2962,405,3642.000,164.082,-32.624,0.756,0.521,0.038,NaN,642,0,-0.000,-0.000,866.000,198.000,893.000,234.000,NaN,NaN,NaN,NaN,NaN,NaN,NaN
2963,727,3642.000,143.699,-25.001,0.420,-0.074,0.029,NaN,642,0,-1.717,-0.735,832.000,200.000,856.000,236.000,NaN,NaN,NaN,NaN,NaN,NaN,NaN
2964,1019,3642.000,27.976,-3.879,0.062,-0.100,0.267,0.182,642,0,-1.508,-1.003,788.000,214.000,822.000,270.000,27.890,-3.830,-1.280,0.770,0.640,1.730,0.049
2965,1029,3642.000,29.009,-5.730,0.017,-0.103,0.106,NaN,642,0,-1.751,-1.313,873.000,204.000,893.000,266.000,NaN,NaN,NaN,NaN,NaN,NaN,NaN
2966,1057,3642.000,32.347,-4.095,-0.055,-0.295,NaN,NaN,642,0,-2.377,-1.310,NaN,NaN,NaN,NaN,NaN,NaN,NaN,NaN,NaN,NaN,NaN
2967,1166,3642.000,16.148,-0.609,0.095,-0.056,0.259,0.715,642,0,-0.440,1.507,649.000,187.000,703.000,324.000,16.170,-0.640,-0.960,0.960,0.530,1.750,-0.494
2968,1173,3642.000,45.226,13.270,0.094,-0.025,0.340,NaN,642,0,-0.852,-1.293,222.000,206.000,239.000,251.000,NaN,NaN,NaN,NaN,NaN,NaN,NaN
2969,1214,3642.000,35.786,-13.411,0.323,-0.258,0.650,NaN,642,0,1.281,-1.321,1113.000,192.000,1142.000,251.000,NaN,NaN,NaN,NaN,NaN,NaN,NaN
2970,1310,3642.000,30.906,-8.408,0.110,-0.124,0.698,0.187,642,0,0.159,-1.278,968.000,200.000,1001.000,262.000,30.960,-8.330,-1.210,1.920,0.610,1.970,-1.019
2971,405,3643.000,164.830,-32.104,0.756,0.521,NaN,NaN,643,0,-0.000,-0.000,NaN,NaN,NaN,NaN,NaN,NaN,NaN,NaN,NaN,NaN,NaN
2972,727,3643.000,143.694,-24.882,0.421,-0.051,0.037,NaN,643,0,-1.839,-0.903,822.000,181.000,854.000,223.000,NaN,NaN,NaN,NaN,NaN,NaN,NaN
2973,1019,3643.000,28.035,-3.963,0.062,-0.097,0.530,NaN,643,0,0.468,-1.317,793.000,192.000,823.000,270.000,NaN,NaN,NaN,NaN,NaN,NaN,NaN
2974,1029,3643.000,29.048,-5.804,0.021,-0.093,0.387,NaN,643,0,-0.429,-1.315,869.000,194.000,897.000,258.000,NaN,NaN,NaN,NaN,NaN,NaN,NaN
2975,1057,3643.000,32.291,-4.389,-0.056,-0.294,NaN,NaN,643,0,-1.699,-1.315,NaN,NaN,NaN,NaN,NaN,NaN,NaN,NaN,NaN,NaN,NaN
2976,1166,3643.000,16.240,-0.688,0.094,-0.063,0.397,NaN,643,0,0.103,-1.320,654.000,185.000,707.000,342.000,NaN,NaN,NaN,NaN,NaN,NaN,NaN
2977,1173,3643.000,45.354,13.238,0.096,-0.030,0.030,NaN,643,0,-2.716,-1.280,224.000,208.000,240.000,252.000,NaN,NaN,NaN,NaN,NaN,NaN,NaN
2978,1214,3643.000,36.012,-13.785,0.298,-0.294,0.343,NaN,643,0,-0.691,-1.322,1122.000,189.000,1150.000,250.000,NaN,NaN,NaN,NaN,NaN,NaN,NaN
2979,1310,3643.000,30.993,-8.583,0.105,-0.135,0.653,NaN,643,0,1.509,-1.327,974.000,200.000,1009.000,264.000,NaN,NaN,NaN,NaN,NaN,NaN,NaN
2980,405,3644.000,165.485,-31.639,0.744,0.514,0.080,NaN,644,0,-0.000,-0.000,870.000,196.000,899.000,231.000,NaN,NaN,NaN,NaN,NaN,NaN,NaN
2981,727,3644.000,143.892,-24.806,0.419,-0.035,0.055,NaN,644,0,-2.143,-1.115,837.000,184.000,857.000,227.000,NaN,NaN,NaN,NaN,NaN,NaN,NaN
2982,1019,3644.000,28.052,-4.026,0.052,-0.088,0.611,0.822,644,0,0.192,1.087,796.000,189.000,825.000,269.000,28.040,-3.940,-1.210,1.770,0.570,1.820,-1.117
2983,1029,3644.000,29.107,-5.869,0.027,-0.083,0.379,NaN,644,0,-0.480,-1.318,869.000,196.000,900.000,258.000,NaN,NaN,NaN,NaN,NaN,NaN,NaN
2984,1057,3644.000,32.235,-4.683,-0.056,-0.294,NaN,NaN,644,0,-2.393,-1.319,NaN,NaN,NaN,NaN,NaN,NaN,NaN,NaN,NaN,NaN,NaN
2985,1166,3644.000,16.354,-0.753,0.098,-0.061,0.433,0.677,644,0,0.379,1.248,658.000,184.000,708.000,310.000,16.350,-0.740,-1.020,1.020,0.560,1.810,-0.430
2986,1173,3644.000,45.467,13.217,0.097,-0.028,0.201,NaN,644,0,-1.375,-1.253,225.000,204.000,241.000,250.000,NaN,NaN,NaN,NaN,NaN,NaN,NaN
2987,1214,3644.000,36.229,-14.128,0.281,-0.307,0.686,NaN,644,0,1.982,-1.325,1125.000,191.000,1155.000,253.000,NaN,NaN,NaN,NaN,NaN,NaN,NaN
2988,1310,3644.000,31.119,-8.696,0.111,-0.129,0.057,0.992,644,0,-3.427,6.654,974.000,204.000,994.000,243.000,31.170,-8.650,-1.240,1.730,0.580,1.940,-0.935
2989,405,3645.000,166.057,-31.202,0.727,0.506,0.030,NaN,645,0,-0.000,-0.000,866.000,209.000,880.000,232.000,NaN,NaN,NaN,NaN,NaN,NaN,NaN
2990,727,3645.000,143.973,-24.572,0.415,0.004,0.152,NaN,645,0,-1.774,-1.216,831.000,208.000,853.000,232.000,NaN,NaN,NaN,NaN,NaN,NaN,NaN
2991,1019,3645.000,28.115,-4.097,0.054,-0.082,0.027,0.321,645,0,-3.265,-0.680,798.000,202.000,825.000,267.000,28.140,-4.050,-1.230,1.600,0.530,1.720,-0.977
2992,1029,3645.000,29.133,-5.951,0.026,-0.082,NaN,NaN,645,0,-3.081,-1.319,NaN,NaN,NaN,NaN,NaN,NaN,NaN,NaN,NaN,NaN,NaN
2993,1057,3645.000,33.500,0.473,0.040,-0.042,0.163,NaN,645,0,-1.679,-1.319,564.000,197.000,592.000,244.000,NaN,NaN,NaN,NaN,NaN,NaN,NaN
2994,1166,3645.000,16.390,-0.809,0.082,-0.058,0.735,0.876,645,0,3.171,2.225,661.000,184.000,712.000,348.000,16.330,-0.810,-1.060,0.910,0.740,1.940,2.929
2995,1173,3645.000,45.596,13.211,0.104,-0.024,0.312,NaN,645,0,-0.884,-1.199,227.000,203.000,241.000,255.000,NaN,NaN,NaN,NaN,NaN,NaN,NaN
2996,1214,3645.000,36.468,-14.454,0.275,-0.313,0.680,NaN,645,0,1.846,-1.326,1133.000,191.000,1162.000,254.000,NaN,NaN,NaN,NaN,NaN,NaN,NaN
2997,1310,3645.000,31.287,-8.849,0.122,-0.138,0.645,0.972,645,0,-0.259,6.654,982.000,198.000,1017.000,265.000,31.380,-8.890,-1.240,1.810,0.590,1.920,-0.931
2998,405,3646.000,166.161,-31.375,0.662,0.443,0.033,NaN,646,0,-0.000,-0.000,877.000,196.000,898.000,229.000,NaN,NaN,NaN,NaN,NaN,NaN,NaN
2999,727,3646.000,144.277,-24.509,0.414,0.010,0.141,NaN,646,0,-1.353,-1.115,836.000,206.000,856.000,267.000,NaN,NaN,NaN,NaN,NaN,NaN,NaN
3000,1019,3646.000,28.175,-4.139,0.054,-0.071,0.744,NaN,646,0,2.907,-1.321,796.000,181.000,832.000,271.000,NaN,NaN,NaN,NaN,NaN,NaN,NaN
3001,1029,3646.000,29.171,-6.030,0.028,-0.081,0.113,NaN,646,0,-1.966,-1.320,877.000,197.000,912.000,255.000,NaN,NaN,NaN,NaN,NaN,NaN,NaN
3002,1057,3646.000,33.540,0.431,0.040,-0.042,NaN,NaN,646,0,-1.292,-1.294,NaN,NaN,NaN,NaN,NaN,NaN,NaN,NaN,NaN,NaN,NaN
3003,1166,3646.000,16.471,-0.883,0.081,-0.063,0.781,NaN,646,0,3.578,-1.315,667.000,187.000,725.000,347.000,NaN,NaN,NaN,NaN,NaN,NaN,NaN
3004,1173,3646.000,45.701,13.186,0.105,-0.025,NaN,NaN,646,0,-1.980,-1.156,NaN,NaN,NaN,NaN,NaN,NaN,NaN,NaN,NaN,NaN,NaN
3005,1214,3646.000,36.710,-14.783,0.269,-0.317,0.623,NaN,646,0,0.986,-1.325,1142.000,192.000,1170.000,247.000,NaN,NaN,NaN,NaN,NaN,NaN,NaN
3006,1310,3646.000,31.393,-9.036,0.118,-0.149,0.705,NaN,646,0,2.280,-1.327,988.000,199.000,1021.000,262.000,NaN,NaN,NaN,NaN,NaN,NaN,NaN
3007,405,3647.000,166.737,-30.845,0.655,0.454,0.074,NaN,647,0,-0.000,-0.000,839.000,201.000,876.000,250.000,NaN,NaN,NaN,NaN,NaN,NaN,NaN
3008,727,3647.000,144.514,-24.646,0.416,-0.016,0.009,NaN,647,0,-1.990,-0.819,842.000,201.000,857.000,224.000,NaN,NaN,NaN,NaN,NaN,NaN,NaN
3009,1019,3647.000,28.230,-4.234,0.054,-0.078,0.569,0.477,647,0,-0.011,-0.267,803.000,195.000,835.000,270.000,28.230,-4.260,-1.170,0.900,0.580,1.850,-1.007
3010,1029,3647.000,29.182,-6.123,0.026,-0.086,0.005,NaN,647,0,-3.202,-1.318,892.000,228.000,907.000,259.000,NaN,NaN,NaN,NaN,NaN,NaN,NaN
3011,1057,3647.000,33.580,0.391,0.040,-0.040,NaN,NaN,647,0,4.218,-1.013,NaN,NaN,NaN,NaN,NaN,NaN,NaN,NaN,NaN,NaN,NaN
3012,1166,3647.000,16.516,-0.933,0.072,-0.060,0.809,0.882,647,0,4.482,2.248,668.000,189.000,731.000,346.000,16.510,-0.920,-0.980,0.810,0.580,1.620,-0.141
3013,1173,3647.000,45.612,13.036,0.088,-0.050,0.497,0.011,647,0,-2.632,-2.223,230.000,204.000,251.000,256.000,45.670,12.760,-1.340,0.640,0.670,1.680,-0.622
3014,1214,3647.000,36.986,-15.081,0.270,-0.311,0.543,NaN,647,0,0.339,-1.320,1145.000,191.000,1173.000,248.000,NaN,NaN,NaN,NaN,NaN,NaN,NaN
3015,1310,3647.000,31.498,-9.110,0.114,-0.132,0.678,0.202,647,0,-0.282,-1.355,990.000,199.000,1021.000,262.000,31.510,-8.950,-1.260,1.070,0.620,1.860,-0.584
3016,1384,3647.000,20.870,2.090,0.000,0.000,NaN,0.998,647,0,-2.706,2.148,428.000,194.000,542.000,322.000,20.870,2.090,-1.290,1.850,0.580,1.880,-0.702
3017,405,3648.000,167.395,-30.392,0.656,0.452,0.292,NaN,648,0,-0.000,-0.000,843.000,200.000,881.000,244.000,NaN,NaN,NaN,NaN,NaN,NaN,NaN
3018,727,3648.000,145.649,-24.950,0.431,-0.044,0.136,NaN,648,0,-1.678,-1.115,843.000,201.000,858.000,241.000,NaN,NaN,NaN,NaN,NaN,NaN,NaN
3019,1019,3648.000,28.279,-4.309,0.052,-0.077,0.608,NaN,648,0,1.112,-1.322,809.000,193.000,837.000,270.000,NaN,NaN,NaN,NaN,NaN,NaN,NaN
3020,1029,3648.000,29.209,-6.208,0.027,-0.085,NaN,NaN,648,0,-2.459,-1.302,NaN,NaN,NaN,NaN,NaN,NaN,NaN,NaN,NaN,NaN,NaN
3021,1057,3648.000,33.620,0.351,0.040,-0.040,NaN,NaN,648,0,-2.587,-1.300,NaN,NaN,NaN,NaN,NaN,NaN,NaN,NaN,NaN,NaN,NaN
3022,1166,3648.000,16.589,-0.991,0.073,-0.059,0.832,NaN,648,0,4.103,-1.320,674.000,191.000,728.000,342.000,NaN,NaN,NaN,NaN,NaN,NaN,NaN
3023,1173,3648.000,45.719,12.981,0.092,-0.052,0.611,NaN,648,0,0.895,-1.036,231.000,204.000,254.000,255.000,NaN,NaN,NaN,NaN,NaN,NaN,NaN
3024,1214,3648.000,37.255,-15.386,0.268,-0.308,0.659,NaN,648,0,1.381,-1.310,1153.000,191.000,1181.000,248.000,NaN,NaN,NaN,NaN,NaN,NaN,NaN
3025,1310,3648.000,31.608,-9.282,0.111,-0.140,0.730,NaN,648,0,2.590,-1.327,997.000,199.000,1027.000,263.000,NaN,NaN,NaN,NaN,NaN,NaN,NaN
3026,1384,3648.000,20.867,2.103,0.002,0.007,0.836,NaN,648,0,4.474,-1.327,461.000,200.000,513.000,293.000,NaN,NaN,NaN,NaN,NaN,NaN,NaN
3027,405,3649.000,168.054,-29.937,0.657,0.452,0.067,NaN,649,0,-0.000,-0.000,847.000,201.000,868.000,239.000,NaN,NaN,NaN,NaN,NaN,NaN,NaN
3028,727,3649.000,147.674,-25.492,0.440,-0.082,0.247,NaN,649,0,-1.278,-1.203,847.000,201.000,857.000,239.000,NaN,NaN,NaN,NaN,NaN,NaN,NaN
3029,1019,3649.000,28.382,-4.393,0.062,-0.079,0.189,0.710,649,0,-1.963,0.502,849.000,199.000,887.000,264.000,28.420,-4.390,-1.220,1.810,0.550,1.870,-1.037
3030,1029,3649.000,29.270,-6.376,0.025,-0.106,0.097,NaN,649,0,-1.989,-1.295,902.000,201.000,923.000,257.000,NaN,NaN,NaN,NaN,NaN,NaN,NaN
3031,1057,3649.000,33.661,0.312,0.041,-0.040,NaN,NaN,649,0,-2.759,-1.305,NaN,NaN,NaN,NaN,NaN,NaN,NaN,NaN,NaN,NaN,NaN
3032,1166,3649.000,16.665,-1.046,0.076,-0.058,0.752,0.875,649,0,3.582,2.248,678.000,191.000,734.000,341.000,16.670,-1.050,-1.130,0.890,0.510,1.940,3.005
3033,1173,3649.000,45.751,12.883,0.088,-0.058,0.197,0.042,649,0,-3.716,-2.392,237.000,205.000,255.000,252.000,45.750,12.760,-1.420,0.690,0.530,1.780,-0.689
3034,1214,3649.000,37.529,-15.689,0.268,-0.306,0.284,NaN,649,0,-1.047,-1.307,1161.000,195.000,1186.000,247.000,NaN,NaN,NaN,NaN,NaN,NaN,NaN
3035,1310,3649.000,31.757,-9.402,0.118,-0.132,0.049,0.951,649,0,-3.757,2.487,989.000,212.000,1004.000,260.000,31.810,-9.350,-1.160,1.670,0.580,1.810,-0.885
3036,1384,3649.000,21.003,2.018,0.046,-0.032,0.822,0.992,649,0,4.270,2.148,478.000,200.000,530.000,292.000,21.070,1.980,-1.250,1.920,0.610,1.930,-0.794
3037,405,3650.000,168.874,-29.676,0.668,0.429,0.069,NaN,650,0,-0.000,-0.000,848.000,201.000,868.000,232.000,NaN,NaN,NaN,NaN,NaN,NaN,NaN
3038,727,3650.000,148.221,-25.714,0.440,-0.101,0.151,NaN,650,0,-1.731,-1.186,848.000,201.000,857.000,230.000,NaN,NaN,NaN,NaN,NaN,NaN,NaN
3039,1019,3650.000,28.440,-4.471,0.060,-0.078,0.322,NaN,650,0,-0.775,-1.324,816.000,207.000,843.000,268.000,NaN,NaN,NaN,NaN,NaN,NaN,NaN
3040,1029,3650.000,29.316,-6.494,0.026,-0.109,0.136,NaN,650,0,-1.585,-1.306,904.000,202.000,927.000,267.000,NaN,NaN,NaN,NaN,NaN,NaN,NaN
3041,1057,3650.000,33.704,0.271,0.042,-0.041,NaN,NaN,650,0,-1.887,-1.305,NaN,NaN,NaN,NaN,NaN,NaN,NaN,NaN,NaN,NaN,NaN
3042,1166,3650.000,16.758,-1.107,0.080,-0.060,0.820,0.985,650,0,4.496,2.248,673.000,191.000,737.000,340.000,16.770,-1.110,-1.160,0.880,0.580,1.780,-0.417
3043,1214,3650.000,37.781,-15.942,0.266,-0.293,0.326,NaN,650,0,-0.728,-1.304,1164.000,193.000,1188.000,257.000,NaN,NaN,NaN,NaN,NaN,NaN,NaN
3044,1310,3650.000,31.905,-9.536,0.124,-0.131,0.745,0.336,650,0,0.519,-1.036,1005.000,196.000,1038.000,251.000,31.930,-9.530,-1.130,0.930,0.570,1.860,-0.376
3045,1384,3650.000,21.323,1.775,0.186,-0.145,0.795,0.210,650,0,3.938,-0.459,487.000,199.000,533.000,292.000,21.450,1.670,-1.250,1.760,0.520,1.810,-0.676
3046,405,3651.000,169.739,-29.465,0.682,0.403,0.064,NaN,651,0,-0.000,-0.000,847.000,201.000,859.000,236.000,NaN,NaN,NaN,NaN,NaN,NaN,NaN
3047,727,3651.000,148.802,-25.886,0.441,-0.109,0.083,NaN,651,0,-1.778,-0.981,848.000,201.000,858.000,223.000,NaN,NaN,NaN,NaN,NaN,NaN,NaN
3048,1019,3651.000,28.500,-4.550,0.060,-0.079,NaN,NaN,651,0,-2.502,-1.324,NaN,NaN,NaN,NaN,NaN,NaN,NaN,NaN,NaN,NaN,NaN
3049,1029,3651.000,29.403,-6.657,0.028,-0.120,0.207,NaN,651,0,-1.396,-1.312,913.000,201.000,932.000,257.000,NaN,NaN,NaN,NaN,NaN,NaN,NaN
3050,1057,3651.000,33.747,0.230,0.043,-0.041,NaN,NaN,651,0,-2.761,-1.306,NaN,NaN,NaN,NaN,NaN,NaN,NaN,NaN,NaN,NaN,NaN
3051,1166,3651.000,16.840,-1.192,0.081,-0.066,0.836,NaN,651,0,4.132,-1.323,692.000,188.000,745.000,340.000,NaN,NaN,NaN,NaN,NaN,NaN,NaN
3052,1214,3651.000,38.046,-16.261,0.267,-0.300,0.043,NaN,651,0,-2.641,-1.297,1173.000,202.000,1202.000,247.000,NaN,NaN,NaN,NaN,NaN,NaN,NaN
3053,1310,3651.000,32.016,-9.709,0.120,-0.141,0.479,NaN,651,0,0.120,-1.327,1009.000,197.000,1041.000,261.000,NaN,NaN,NaN,NaN,NaN,NaN,NaN
3054,1384,3651.000,21.528,1.579,0.201,-0.166,0.723,NaN,651,0,2.608,-1.327,502.000,197.000,553.000,286.000,NaN,NaN,NaN,NaN,NaN,NaN,NaN
3055,405,3652.000,170.417,-29.060,0.681,0.405,NaN,NaN,652,0,-1.984,-0.885,NaN,NaN,NaN,NaN,NaN,NaN,NaN,NaN,NaN,NaN,NaN
3056,727,3652.000,149.243,-25.996,0.441,-0.109,NaN,NaN,652,0,-2.203,-0.881,NaN,NaN,NaN,NaN,NaN,NaN,NaN,NaN,NaN,NaN,NaN
3057,1019,3652.000,28.575,-4.631,0.063,-0.080,0.058,0.353,652,0,-3.048,-0.701,848.000,201.000,857.000,223.000,28.590,-4.630,-1.130,1.820,0.690,1.870,-0.994
3058,1029,3652.000,30.330,-6.940,0.100,-0.131,NaN,0.038,652,0,-3.668,-1.748,875.000,186.000,955.000,270.000,30.410,-6.720,-1.020,1.820,0.670,1.820,-0.963
3059,1057,3652.000,33.790,0.189,0.042,-0.042,NaN,NaN,652,0,0.000,-1.077,NaN,NaN,NaN,NaN,NaN,NaN,NaN,NaN,NaN,NaN,NaN
3060,1166,3652.000,16.937,-1.246,0.085,-0.062,0.864,0.992,652,0,4.496,2.248,699.000,185.000,752.000,338.000,16.950,-1.220,-1.110,1.050,0.660,1.840,-0.653
3061,1214,3652.000,38.311,-16.562,0.264,-0.301,NaN,NaN,652,0,0.000,-1.222,NaN,NaN,NaN,NaN,NaN,NaN,NaN,NaN,NaN,NaN,NaN
3062,1310,3652.000,32.181,-9.877,0.128,-0.146,0.656,0.020,652,0,-0.411,-1.990,1022.000,198.000,1047.000,259.000,32.230,-9.910,-1.110,1.680,0.570,1.960,-0.950
3063,1384,3652.000,21.651,1.470,0.175,-0.148,0.779,0.019,652,0,3.489,-1.353,520.000,199.000,567.000,265.000,21.570,1.570,-1.260,0.940,0.520,1.830,-0.850
3064,405,3653.000,170.717,-29.073,0.660,0.340,0.008,NaN,653,0,-2.541,-1.046,848.000,201.000,865.000,225.000,NaN,NaN,NaN,NaN,NaN,NaN,NaN
3065,727,3653.000,149.550,-26.098,0.432,-0.111,0.031,NaN,653,0,-1.554,-0.665,848.000,200.000,858.000,224.000,NaN,NaN,NaN,NaN,NaN,NaN,NaN
3066,1019,3653.000,28.633,-4.699,0.061,-0.077,0.013,0.010,653,0,-3.502,-1.751,834.000,200.000,860.000,269.000,28.650,-4.660,-1.200,1.570,0.540,1.810,-0.910
3067,1029,3653.000,30.526,-7.006,0.111,-0.111,0.080,0.028,653,0,-3.208,-1.880,874.000,197.000,899.000,233.000,30.590,-6.830,-1.130,1.800,0.520,1.850,0.950
3068,1057,3653.000,33.806,0.412,0.042,0.001,0.014,NaN,653,0,-3.406,-1.307,601.000,199.000,609.000,216.000,NaN,NaN,NaN,NaN,NaN,NaN,NaN
3069,1166,3653.000,17.066,-1.312,0.095,-0.061,0.876,0.981,653,0,4.496,2.248,701.000,186.000,754.000,338.000,17.110,-1.310,-1.060,1.050,0.620,1.820,-0.673
3070,1214,3653.000,38.542,-16.800,0.265,-0.290,0.022,NaN,653,0,-1.489,-0.684,1186.000,212.000,1206.000,264.000,NaN,NaN,NaN,NaN,NaN,NaN,NaN
3071,1310,3653.000,32.373,-10.057,0.140,-0.151,0.663,0.108,653,0,-0.411,-1.620,1021.000,198.000,1051.000,258.000,32.490,-10.130,-1.210,1.800,0.630,1.930,-0.892
3072,1384,3653.000,21.939,1.257,0.210,-0.167,NaN,0.987,653,0,-2.762,2.238,495.000,179.000,600.000,300.000,21.970,1.180,-1.060,1.850,0.460,1.870,-0.810
3073,405,3654.000,171.377,-28.733,0.660,0.340,NaN,NaN,654,0,-0.916,-1.046,NaN,NaN,NaN,NaN,NaN,NaN,NaN,NaN,NaN,NaN,NaN
3074,727,3654.000,149.978,-26.209,0.432,-0.110,NaN,NaN,654,0,-1.490,-0.665,NaN,NaN,NaN,NaN,NaN,NaN,NaN,NaN,NaN,NaN,NaN
3075,1019,3654.000,28.694,-4.821,0.059,-0.088,0.635,NaN,654,0,1.595,-1.321,833.000,183.000,858.000,270.000,NaN,NaN,NaN,NaN,NaN,NaN,NaN
3076,1029,3654.000,30.637,-7.117,0.111,-0.111,NaN,NaN,654,0,-2.120,-1.326,NaN,NaN,NaN,NaN,NaN,NaN,NaN,NaN,NaN,NaN,NaN
3077,1057,3654.000,33.848,0.411,0.042,-0.000,NaN,NaN,654,0,-2.287,-1.297,NaN,NaN,NaN,NaN,NaN,NaN,NaN,NaN,NaN,NaN,NaN
3078,1166,3654.000,17.163,-1.395,0.096,-0.067,0.882,NaN,654,0,4.137,-1.325,705.000,188.000,761.000,341.000,NaN,NaN,NaN,NaN,NaN,NaN,NaN
3079,1214,3654.000,38.788,-16.974,0.272,-0.263,0.027,NaN,654,0,-0.097,-0.041,1189.000,211.000,1205.000,246.000,NaN,NaN,NaN,NaN,NaN,NaN,NaN
3080,1310,3654.000,32.518,-10.210,0.142,-0.150,0.045,NaN,654,0,-2.805,-1.327,1027.000,198.000,1047.000,235.000,NaN,NaN,NaN,NaN,NaN,NaN,NaN
3081,1384,3654.000,22.158,1.043,0.210,-0.181,0.618,NaN,654,0,0.986,-1.307,541.000,200.000,589.000,259.000,NaN,NaN,NaN,NaN,NaN,NaN,NaN
3082,405,3655.000,172.035,-28.393,0.659,0.340,NaN,NaN,655,0,-0.000,-0.000,NaN,NaN,NaN,NaN,NaN,NaN,NaN,NaN,NaN,NaN,NaN
3083,727,3655.000,150.408,-26.320,0.433,-0.111,NaN,NaN,655,0,-0.812,-0.569,NaN,NaN,NaN,NaN,NaN,NaN,NaN,NaN,NaN,NaN,NaN
3084,1019,3655.000,28.753,-4.910,0.059,-0.089,NaN,NaN,655,0,-1.305,-1.307,NaN,NaN,NaN,NaN,NaN,NaN,NaN,NaN,NaN,NaN,NaN
3085,1029,3655.000,30.729,-7.162,0.099,-0.097,0.695,0.023,655,0,0.159,-1.902,929.000,192.000,950.000,262.000,30.700,-7.100,-1.180,1.970,0.620,1.880,-1.066
3086,1166,3655.000,17.224,-1.408,0.088,-0.054,0.871,0.872,655,0,4.496,2.248,709.000,187.000,767.000,338.000,17.200,-1.350,-1.090,0.920,0.680,1.900,-0.256
3087,1214,3655.000,39.065,-17.327,0.269,-0.286,0.226,NaN,655,0,-0.042,-0.042,1201.000,193.000,1224.000,247.000,NaN,NaN,NaN,NaN,NaN,NaN,NaN
3088,1310,3655.000,32.631,-10.418,0.136,-0.165,0.384,NaN,655,0,-0.664,-1.327,1034.000,199.000,1065.000,253.000,NaN,NaN,NaN,NaN,NaN,NaN,NaN
3089,1384,3655.000,22.405,0.832,0.219,-0.188,0.042,0.999,655,0,-2.417,2.238,550.000,199.000,604.000,286.000,22.430,0.800,-1.150,1.910,0.600,1.850,-0.742
3090,405,3656.000,172.691,-28.053,0.660,0.340,NaN,NaN,656,0,-0.000,-0.000,NaN,NaN,NaN,NaN,NaN,NaN,NaN,NaN,NaN,NaN,NaN
3091,727,3656.000,150.841,-26.432,0.433,-0.112,NaN,NaN,656,0,-0.000,-0.000,NaN,NaN,NaN,NaN,NaN,NaN,NaN,NaN,NaN,NaN,NaN
3092,1019,3656.000,28.808,-4.950,0.060,-0.077,0.116,0.023,656,0,-2.458,-1.676,843.000,183.000,868.000,263.000,28.830,-4.890,-1.410,1.710,0.510,1.720,-0.800
3093,1029,3656.000,30.796,-7.268,0.095,-0.100,0.027,0.991,656,0,-3.760,6.654,920.000,193.000,951.000,262.000,30.770,-7.260,-1.110,1.800,0.630,1.940,-0.972
3094,1166,3656.000,17.294,-1.442,0.083,-0.047,0.886,0.991,656,0,4.496,2.248,711.000,192.000,768.000,339.000,17.280,-1.420,-1.160,0.910,0.540,1.780,-0.658
3095,1214,3656.000,39.325,-17.631,0.267,-0.292,0.173,NaN,656,0,-0.052,-0.042,1203.000,192.000,1227.000,249.000,NaN,NaN,NaN,NaN,NaN,NaN,NaN
3096,1310,3656.000,32.756,-10.601,0.135,-0.169,0.536,NaN,656,0,0.339,-1.327,1036.000,199.000,1066.000,252.000,NaN,NaN,NaN,NaN,NaN,NaN,NaN
3097,1384,3656.000,22.733,0.545,0.243,-0.211,0.194,0.996,656,0,-1.159,2.467,559.000,199.000,610.000,280.000,22.880,0.370,-1.300,1.820,0.530,1.880,-0.738
3098,405,3657.000,173.084,-28.098,0.649,0.285,0.247,NaN,657,0,-0.000,-0.000,845.000,202.000,877.000,242.000,NaN,NaN,NaN,NaN,NaN,NaN,NaN
3099,727,3657.000,151.263,-26.409,0.440,-0.091,0.161,NaN,657,0,-0.000,-0.000,845.000,202.000,858.000,238.000,NaN,NaN,NaN,NaN,NaN,NaN,NaN
3100,1019,3657.000,28.856,-5.107,0.056,-0.093,0.066,NaN,657,0,-1.938,-1.258,844.000,201.000,878.000,275.000,NaN,NaN,NaN,NaN,NaN,NaN,NaN
3101,1029,3657.000,30.887,-7.422,0.097,-0.112,0.179,NaN,657,0,-1.751,-1.327,925.000,191.000,960.000,228.000,NaN,NaN,NaN,NaN,NaN,NaN,NaN
3102,1166,3657.000,17.371,-1.525,0.081,-0.057,0.858,NaN,657,0,4.137,-1.325,716.000,192.000,770.000,340.000,NaN,NaN,NaN,NaN,NaN,NaN,NaN
3103,1214,3657.000,39.571,-17.942,0.265,-0.298,0.370,NaN,657,0,-0.309,-0.573,1210.000,192.000,1233.000,247.000,NaN,NaN,NaN,NaN,NaN,NaN,NaN
3104,1310,3657.000,32.818,-10.883,0.121,-0.201,0.051,NaN,657,0,-2.549,-1.327,1054.000,201.000,1075.000,258.000,NaN,NaN,NaN,NaN,NaN,NaN,NaN
3105,1384,3657.000,22.978,0.341,0.243,-0.209,0.764,NaN,657,0,3.236,-1.290,576.000,199.000,625.000,282.000,NaN,NaN,NaN,NaN,NaN,NaN,NaN
3106,405,3658.000,173.729,-27.812,0.649,0.286,NaN,NaN,658,0,-0.000,-0.000,NaN,NaN,NaN,NaN,NaN,NaN,NaN,NaN,NaN,NaN,NaN
3107,727,3658.000,151.865,-26.500,0.445,-0.088,0.051,NaN,658,0,-1.203,-0.569,848.000,201.000,857.000,223.000,NaN,NaN,NaN,NaN,NaN,NaN,NaN
3108,1019,3658.000,28.908,-5.211,0.054,-0.097,0.074,NaN,658,0,-1.801,-1.169,842.000,200.000,880.000,275.000,NaN,NaN,NaN,NaN,NaN,NaN,NaN
3109,1029,3658.000,30.961,-7.508,0.094,-0.109,0.700,0.024,658,0,0.159,-1.903,932.000,189.000,965.000,263.000,30.950,-7.450,-1.050,0.770,0.600,1.800,-0.905
3110,1166,3658.000,17.471,-1.572,0.088,-0.053,0.879,0.942,658,0,4.496,2.248,722.000,191.000,772.000,330.000,17.490,-1.560,-1.090,0.860,0.590,1.720,-0.561
3111,1214,3658.000,39.926,-18.210,0.277,-0.287,0.052,NaN,658,0,-1.637,-0.946,1216.000,196.000,1229.000,263.000,NaN,NaN,NaN,NaN,NaN,NaN,NaN
3112,1310,3658.000,32.937,-11.081,0.120,-0.201,0.337,NaN,658,0,-0.679,-1.299,1048.000,197.000,1086.000,258.000,NaN,NaN,NaN,NaN,NaN,NaN,NaN
3113,1384,3658.000,23.200,0.132,0.237,-0.211,0.823,0.993,658,0,3.717,2.467,590.000,193.000,639.000,282.000,23.160,0.130,-1.310,1.730,0.430,1.900,-0.726
3114,405,3659.000,174.374,-27.526,0.649,0.286,NaN,NaN,659,0,-0.000,-0.000,NaN,NaN,NaN,NaN,NaN,NaN,NaN,NaN,NaN,NaN,NaN
3115,727,3659.000,152.977,-26.639,0.455,-0.080,0.039,NaN,659,0,-1.490,-0.665,845.000,202.000,857.000,224.000,NaN,NaN,NaN,NaN,NaN,NaN,NaN
3116,1019,3659.000,29.142,-5.385,0.081,-0.112,0.055,0.121,659,0,-2.811,-1.121,839.000,201.000,880.000,275.000,29.210,-5.480,-1.100,0.710,0.720,1.790,-0.566
3117,1029,3659.000,31.077,-7.653,0.100,-0.119,0.493,0.981,659,0,-1.137,6.654,935.000,190.000,969.000,265.000,31.100,-7.730,-1.110,1.880,0.590,1.920,-0.913
3118,1166,3659.000,17.597,-1.641,0.099,-0.060,0.860,0.921,659,0,4.523,2.261,725.000,190.000,773.000,332.000,17.640,-1.670,-1.030,0.790,0.630,1.640,0.232
3119,1214,3659.000,40.238,-18.405,0.285,-0.262,0.014,NaN,659,0,-2.131,-0.967,1212.000,211.000,1229.000,271.000,NaN,NaN,NaN,NaN,NaN,NaN,NaN
3120,1310,3659.000,33.280,-11.334,0.155,-0.206,0.409,0.341,659,0,-1.905,-1.059,1052.000,197.000,1086.000,254.000,33.370,-11.320,-1.200,0.720,0.630,1.620,0.202
3121,1384,3659.000,23.469,-0.111,0.241,-0.220,0.819,1.000,659,0,3.717,2.467,597.000,194.000,646.000,281.000,23.480,-0.150,-1.250,1.800,0.600,1.830,-0.693
3122,405,3660.000,175.022,-27.239,0.650,0.287,NaN,NaN,660,0,-0.000,-0.000,NaN,NaN,NaN,NaN,NaN,NaN,NaN,NaN,NaN,NaN,NaN
3123,727,3660.000,153.685,-26.806,0.447,-0.087,0.063,NaN,660,0,-1.414,-0.665,849.000,201.000,857.000,217.000,NaN,NaN,NaN,NaN,NaN,NaN,NaN
3124,1019,3660.000,29.224,-5.454,0.080,-0.103,0.088,NaN,660,0,-1.791,-1.259,846.000,197.000,883.000,273.000,NaN,NaN,NaN,NaN,NaN,NaN,NaN
3125,1029,3660.000,31.165,-7.813,0.098,-0.128,0.415,NaN,660,0,-0.333,-1.327,941.000,191.000,970.000,264.000,NaN,NaN,NaN,NaN,NaN,NaN,NaN
3126,1166,3660.000,17.691,-1.715,0.096,-0.065,0.876,NaN,660,0,4.137,-1.322,729.000,187.000,776.000,334.000,NaN,NaN,NaN,NaN,NaN,NaN,NaN
3127,1214,3660.000,40.523,-18.668,0.285,-0.263,NaN,NaN,660,0,-1.787,-0.946,NaN,NaN,NaN,NaN,NaN,NaN,NaN,NaN,NaN,NaN,NaN
3128,1310,3660.000,33.460,-11.503,0.162,-0.196,0.507,NaN,660,0,0.090,-1.282,1057.000,199.000,1089.000,252.000,NaN,NaN,NaN,NaN,NaN,NaN,NaN
3129,1384,3660.000,23.715,-0.305,0.242,-0.213,0.833,NaN,660,0,4.413,-1.327,611.000,199.000,658.000,280.000,NaN,NaN,NaN,NaN,NaN,NaN,NaN
3130,405,3661.000,175.671,-26.951,0.651,0.287,NaN,NaN,661,0,-0.000,-0.000,NaN,NaN,NaN,NaN,NaN,NaN,NaN,NaN,NaN,NaN,NaN
3131,727,3661.000,154.464,-26.963,0.444,-0.089,0.092,NaN,661,0,-1.244,-0.665,849.000,201.000,857.000,221.000,NaN,NaN,NaN,NaN,NaN,NaN,NaN
3132,1019,3661.000,29.309,-5.631,0.082,-0.123,0.440,NaN,661,0,-0.147,-1.286,867.000,193.000,891.000,262.000,NaN,NaN,NaN,NaN,NaN,NaN,NaN
3133,1029,3661.000,31.216,-8.118,0.088,-0.171,0.354,NaN,661,0,-0.640,-1.327,960.000,199.000,983.000,263.000,NaN,NaN,NaN,NaN,NaN,NaN,NaN
3134,1166,3661.000,17.763,-1.764,0.091,-0.060,0.840,0.982,661,0,4.523,2.261,733.000,187.000,778.000,333.000,17.740,-1.750,-1.090,0.970,0.630,1.880,-0.162
3135,1214,3661.000,40.808,-18.931,0.285,-0.263,NaN,NaN,661,0,-1.130,-0.792,NaN,NaN,NaN,NaN,NaN,NaN,NaN,NaN,NaN,NaN,NaN
3136,1310,3661.000,33.614,-11.721,0.160,-0.200,0.095,NaN,661,0,-2.014,-1.312,1073.000,199.000,1093.000,257.000,NaN,NaN,NaN,NaN,NaN,NaN,NaN
3137,1384,3661.000,23.910,-0.487,0.232,-0.205,0.798,0.986,661,0,3.099,2.843,623.000,201.000,671.000,279.000,23.880,-0.440,-1.230,1.890,0.600,2.010,-0.664
3138,405,3662.000,176.318,-26.664,0.651,0.288,NaN,NaN,662,0,-0.000,-0.000,NaN,NaN,NaN,NaN,NaN,NaN,NaN,NaN,NaN,NaN,NaN
3139,727,3662.000,155.238,-27.110,0.446,-0.088,0.037,NaN,662,0,-1.490,-0.665,849.000,201.000,857.000,222.000,NaN,NaN,NaN,NaN,NaN,NaN,NaN
3140,1019,3662.000,29.461,-5.770,0.093,-0.125,0.650,0.307,662,0,-0.042,-0.885,868.000,193.000,895.000,271.000,29.500,-5.790,-1.100,0.720,0.630,1.750,-1.590
3141,1029,3662.000,31.316,-8.248,0.090,-0.162,0.066,0.210,662,0,-3.307,-1.225,955.000,192.000,980.000,226.000,31.350,-8.120,-1.160,2.050,0.640,1.810,-0.934
3142,1166,3662.000,17.837,-1.822,0.089,-0.061,0.831,0.980,662,0,4.523,2.261,735.000,188.000,780.000,333.000,17.810,-1.800,-1.140,0.920,0.520,1.730,-0.221
3143,1214,3662.000,41.092,-19.194,0.284,-0.263,NaN,NaN,662,0,-0.677,-0.424,NaN,NaN,NaN,NaN,NaN,NaN,NaN,NaN,NaN,NaN,NaN
3144,1310,3662.000,33.777,-11.887,0.161,-0.189,0.382,0.015,662,0,-2.242,-2.154,1073.000,196.000,1095.000,258.000,33.830,-11.720,-1.210,0.710,0.540,1.740,-0.999
3145,1384,3662.000,24.153,-0.703,0.236,-0.205,0.725,0.997,662,0,2.350,2.843,629.000,198.000,680.000,277.000,24.190,-0.710,-1.280,1.940,0.530,1.930,-0.700
3146,405,3663.000,176.966,-26.376,0.651,0.288,NaN,NaN,663,0,-0.000,-0.000,NaN,NaN,NaN,NaN,NaN,NaN,NaN,NaN,NaN,NaN,NaN
3147,727,3663.000,156.920,-27.395,0.463,-0.089,0.086,NaN,663,0,-1.065,-0.569,848.000,200.000,857.000,220.000,NaN,NaN,NaN,NaN,NaN,NaN,NaN
3148,1019,3663.000,29.558,-5.886,0.093,-0.122,0.670,NaN,663,0,1.916,-1.315,872.000,191.000,899.000,272.000,NaN,NaN,NaN,NaN,NaN,NaN,NaN
3149,1029,3663.000,31.387,-8.485,0.085,-0.179,0.110,NaN,663,0,-1.976,-1.327,971.000,198.000,992.000,253.000,NaN,NaN,NaN,NaN,NaN,NaN,NaN
3150,1166,3663.000,17.927,-1.888,0.090,-0.061,0.600,NaN,663,0,1.458,-1.313,740.000,190.000,784.000,328.000,NaN,NaN,NaN,NaN,NaN,NaN,NaN
3151,1214,3663.000,41.377,-19.458,0.284,-0.264,NaN,NaN,663,0,-0.088,-0.078,NaN,NaN,NaN,NaN,NaN,NaN,NaN,NaN,NaN,NaN,NaN
3152,1310,3663.000,33.970,-12.027,0.167,-0.176,0.032,NaN,663,0,-2.478,-1.295,1082.000,195.000,1096.000,258.000,NaN,NaN,NaN,NaN,NaN,NaN,NaN
3153,1384,3663.000,24.389,-0.909,0.236,-0.206,NaN,NaN,663,0,-2.805,-1.327,NaN,NaN,NaN,NaN,NaN,NaN,NaN,NaN,NaN,NaN,NaN
3154,405,3664.000,177.614,-26.089,0.651,0.287,NaN,NaN,664,0,0.810,-0.000,NaN,NaN,NaN,NaN,NaN,NaN,NaN,NaN,NaN,NaN,NaN
3155,727,3664.000,157.633,-27.530,0.467,-0.090,0.074,NaN,664,0,-1.343,-0.665,848.000,201.000,858.000,221.000,NaN,NaN,NaN,NaN,NaN,NaN,NaN
3156,1019,3664.000,29.625,-5.984,0.090,-0.117,0.581,0.600,664,0,-0.402,-0.152,878.000,192.000,903.000,264.000,29.610,-5.930,-1.150,0.670,0.630,1.770,-1.596
3157,1029,3664.000,31.489,-8.619,0.090,-0.166,0.470,0.233,664,0,-1.443,-1.276,967.000,191.000,994.000,265.000,31.540,-8.460,-1.170,1.000,0.710,1.860,-0.911
3158,1166,3664.000,17.999,-1.917,0.086,-0.051,0.731,0.967,664,0,3.309,2.261,742.000,192.000,790.000,333.000,17.980,-1.870,-1.090,0.790,0.570,1.580,-0.593
3159,1214,3664.000,41.661,-19.723,0.285,-0.265,NaN,NaN,664,0,-0.170,-0.073,NaN,NaN,NaN,NaN,NaN,NaN,NaN,NaN,NaN,NaN,NaN
3160,1310,3664.000,33.977,-12.379,0.126,-0.231,0.070,NaN,664,0,-2.378,-1.259,1102.000,198.000,1114.000,220.000,NaN,NaN,NaN,NaN,NaN,NaN,NaN
3161,1384,3664.000,24.565,-1.061,0.223,-0.192,0.798,1.000,664,0,2.748,3.500,656.000,197.000,696.000,276.000,24.520,-1.020,-1.250,1.740,0.500,1.830,-0.634
3162,405,3665.000,178.264,-25.801,0.651,0.288,NaN,NaN,665,0,-0.000,-0.000,NaN,NaN,NaN,NaN,NaN,NaN,NaN,NaN,NaN,NaN,NaN
3163,727,3665.000,158.406,-27.653,0.474,-0.088,0.067,NaN,665,0,-1.075,-0.569,848.000,200.000,857.000,221.000,NaN,NaN,NaN,NaN,NaN,NaN,NaN
3164,1019,3665.000,29.739,-6.089,0.097,-0.113,0.718,0.646,665,0,0.661,-0.021,880.000,191.000,906.000,266.000,29.770,-6.080,-1.120,0.760,0.700,1.800,-1.424
3165,1029,3665.000,31.581,-8.776,0.091,-0.164,0.009,NaN,665,0,-2.635,-1.327,972.000,195.000,1005.000,263.000,NaN,NaN,NaN,NaN,NaN,NaN,NaN
3166,1166,3665.000,18.090,-1.963,0.087,-0.049,0.212,0.987,665,0,-0.734,2.261,743.000,192.000,791.000,332.000,18.080,-1.950,-1.160,0.840,0.550,1.690,-0.445
3167,1214,3665.000,41.484,-20.377,0.233,-0.345,0.006,NaN,665,0,-0.094,-0.078,1264.000,76.000,1279.000,284.000,NaN,NaN,NaN,NaN,NaN,NaN,NaN
3168,1310,3665.000,34.114,-12.609,0.129,-0.229,0.073,NaN,665,0,-2.235,-1.303,1101.000,194.000,1118.000,250.000,NaN,NaN,NaN,NaN,NaN,NaN,NaN
3169,1384,3665.000,24.792,-1.245,0.223,-0.189,0.817,1.000,665,0,3.064,3.500,661.000,197.000,704.000,273.000,24.820,-1.230,-1.270,1.870,0.570,1.930,-0.708
3170,405,3666.000,178.911,-25.515,0.651,0.287,NaN,NaN,666,0,-0.000,-0.000,NaN,NaN,NaN,NaN,NaN,NaN,NaN,NaN,NaN,NaN,NaN
3171,727,3666.000,159.133,-27.791,0.477,-0.090,0.087,NaN,666,0,-1.002,-0.573,848.000,200.000,858.000,221.000,NaN,NaN,NaN,NaN,NaN,NaN,NaN
3172,1019,3666.000,29.837,-6.212,0.098,-0.116,0.571,NaN,666,0,0.787,-1.320,885.000,191.000,910.000,263.000,NaN,NaN,NaN,NaN,NaN,NaN,NaN
3173,1029,3666.000,31.699,-8.868,0.097,-0.144,0.721,NaN,666,0,2.434,-1.327,974.000,192.000,1002.000,266.000,NaN,NaN,NaN,NaN,NaN,NaN,NaN
3174,1166,3666.000,18.168,-2.050,0.085,-0.059,0.047,NaN,666,0,-1.608,-1.301,753.000,192.000,797.000,328.000,NaN,NaN,NaN,NaN,NaN,NaN,NaN
3175,1214,3666.000,41.717,-20.721,0.233,-0.345,NaN,NaN,666,0,-0.176,-0.165,NaN,NaN,NaN,NaN,NaN,NaN,NaN,NaN,NaN,NaN,NaN
3176,1310,3666.000,34.317,-12.779,0.147,-0.207,0.221,NaN,666,0,-1.364,-1.322,1098.000,200.000,1119.000,252.000,NaN,NaN,NaN,NaN,NaN,NaN,NaN
3177,1384,3666.000,25.012,-1.404,0.222,-0.180,0.823,NaN,666,0,4.217,-1.326,672.000,197.000,714.000,275.000,NaN,NaN,NaN,NaN,NaN,NaN,NaN
3178,405,3667.000,179.846,-24.169,0.666,0.374,0.728,NaN,667,0,2.756,-0.000,757.000,190.000,803.000,272.000,NaN,NaN,NaN,NaN,NaN,NaN,NaN
3179,727,3667.000,159.879,-27.932,0.482,-0.092,0.043,NaN,667,0,-1.284,-0.573,848.000,200.000,858.000,222.000,NaN,NaN,NaN,NaN,NaN,NaN,NaN
3180,1019,3667.000,29.901,-6.281,0.091,-0.105,0.021,0.012,667,0,-3.604,-1.814,891.000,190.000,944.000,265.000,29.870,-6.160,-1.140,0.770,0.620,1.810,-1.175
3181,1029,3667.000,31.803,-8.996,0.099,-0.141,0.585,NaN,667,0,0.862,-1.327,979.000,192.000,1009.000,263.000,NaN,NaN,NaN,NaN,NaN,NaN,NaN
3182,1166,3667.000,18.243,-2.144,0.082,-0.067,0.085,NaN,667,0,-1.133,-1.290,758.000,189.000,806.000,340.000,NaN,NaN,NaN,NaN,NaN,NaN,NaN
3183,1214,3667.000,41.978,-20.826,0.253,-0.300,0.007,NaN,667,0,-0.320,-0.266,1263.000,79.000,1279.000,297.000,NaN,NaN,NaN,NaN,NaN,NaN,NaN
3184,1310,3667.000,34.462,-12.793,0.166,-0.148,0.179,NaN,667,0,-1.559,-1.321,1100.000,200.000,1114.000,253.000,NaN,NaN,NaN,NaN,NaN,NaN,NaN
3185,1384,3667.000,25.146,-1.533,0.202,-0.165,0.803,0.913,667,0,2.748,3.500,683.000,197.000,726.000,272.000,25.070,-1.460,-1.230,1.850,0.500,1.960,-0.803
3186,405,3668.000,180.673,-23.336,0.677,0.405,0.642,NaN,668,0,1.595,-0.000,760.000,189.000,805.000,272.000,NaN,NaN,NaN,NaN,NaN,NaN,NaN
3187,727,3668.000,160.700,-28.059,0.489,-0.087,0.036,NaN,668,0,-1.086,-0.485,848.000,201.000,857.000,222.000,NaN,NaN,NaN,NaN,NaN,NaN,NaN
3188,1019,3668.000,29.769,-6.640,0.046,-0.162,0.267,0.237,668,0,-1.695,-0.932,929.000,196.000,960.000,257.000,29.430,-7.230,-1.230,0.890,0.590,1.810,-1.419
3189,1029,3668.000,31.899,-9.178,0.098,-0.152,0.029,NaN,668,0,-2.816,-1.327,992.000,199.000,1015.000,254.000,NaN,NaN,NaN,NaN,NaN,NaN,NaN
3190,1166,3668.000,18.486,-2.211,0.119,-0.069,0.186,0.192,668,0,-0.857,-0.428,759.000,189.000,807.000,340.000,18.560,-2.190,-1.070,0.810,0.530,1.890,0.028
3191,1214,3668.000,42.233,-21.127,0.254,-0.301,NaN,NaN,668,0,-0.754,-0.486,NaN,NaN,NaN,NaN,NaN,NaN,NaN,NaN,NaN,NaN,NaN
3192,1310,3668.000,34.725,-12.969,0.188,-0.149,0.486,0.053,668,0,-1.984,-2.171,1101.000,199.000,1126.000,253.000,34.770,-12.910,-1.080,0.700,0.680,1.760,-0.939
3193,1384,3668.000,25.359,-1.733,0.204,-0.172,0.808,1.000,668,0,2.898,3.500,688.000,197.000,731.000,272.000,25.370,-1.770,-1.240,1.760,0.460,1.840,-0.746
3194,1459,3668.000,28.750,3.460,0.000,0.000,0.100,0.013,668,0,-2.468,-1.627,443.000,194.000,464.000,264.000,28.750,3.460,-1.150,0.510,0.510,1.840,3.077
3195,405,3669.000,181.367,-22.827,0.679,0.413,0.562,NaN,669,0,0.903,-0.000,761.000,185.000,810.000,273.000,NaN,NaN,NaN,NaN,NaN,NaN,NaN
3196,727,3669.000,161.179,-28.143,0.504,-0.088,0.035,NaN,669,0,-1.339,-0.573,848.000,201.000,858.000,225.000,NaN,NaN,NaN,NaN,NaN,NaN,NaN
3197,1019,3669.000,29.855,-6.664,0.057,-0.132,0.075,NaN,669,0,-1.943,-1.316,899.000,202.000,923.000,263.000,NaN,NaN,NaN,NaN,NaN,NaN,NaN
3198,1029,3669.000,31.996,-9.330,0.097,-0.152,NaN,NaN,669,0,-2.507,-1.327,NaN,NaN,NaN,NaN,NaN,NaN,NaN,NaN,NaN,NaN,NaN
3199,1166,3669.000,18.605,-2.291,0.119,-0.071,0.157,NaN,669,0,-0.862,-1.284,761.000,184.000,811.000,343.000,NaN,NaN,NaN,NaN,NaN,NaN,NaN
3200,1214,3669.000,42.487,-21.428,0.254,-0.301,NaN,NaN,669,0,-2.038,-0.964,NaN,NaN,NaN,NaN,NaN,NaN,NaN,NaN,NaN,NaN,NaN
3201,1310,3669.000,34.942,-13.126,0.194,-0.146,0.611,NaN,669,0,0.895,-1.322,1103.000,199.000,1134.000,255.000,NaN,NaN,NaN,NaN,NaN,NaN,NaN
3202,1384,3669.000,25.562,-1.914,0.204,-0.173,0.806,NaN,669,0,4.053,-1.327,701.000,196.000,742.000,270.000,NaN,NaN,NaN,NaN,NaN,NaN,NaN
3203,1459,3669.000,28.724,3.533,-0.009,0.018,0.107,NaN,669,0,-1.640,-1.230,450.000,200.000,464.000,279.000,NaN,NaN,NaN,NaN,NaN,NaN,NaN
3204,405,3670.000,182.014,-22.515,0.675,0.409,0.774,NaN,670,0,3.422,-0.000,763.000,188.000,816.000,272.000,NaN,NaN,NaN,NaN,NaN,NaN,NaN
3205,727,3670.000,161.763,-28.245,0.507,-0.088,0.036,NaN,670,0,-1.284,-0.573,848.000,201.000,858.000,224.000,NaN,NaN,NaN,NaN,NaN,NaN,NaN
3206,1019,3670.000,30.067,-6.750,0.088,-0.121,0.144,0.039,670,0,-2.639,-1.740,905.000,191.000,932.000,262.000,30.230,-6.640,-1.100,0.700,0.500,1.770,-0.983
3207,1029,3670.000,32.133,-9.391,0.108,-0.130,0.612,0.043,670,0,-0.706,-1.934,995.000,193.000,1023.000,262.000,32.180,-9.200,-1.150,0.690,0.690,1.850,-1.403
3208,1166,3670.000,18.688,-2.413,0.112,-0.086,0.042,0.085,670,0,-2.233,-0.817,764.000,188.000,817.000,342.000,18.670,-2.470,-1.060,0.790,0.570,1.870,-0.465
3209,1214,3670.000,42.743,-21.730,0.255,-0.301,NaN,NaN,670,0,-2.249,-1.327,NaN,NaN,NaN,NaN,NaN,NaN,NaN,NaN,NaN,NaN,NaN
3210,1310,3670.000,35.156,-13.299,0.193,-0.148,0.706,NaN,670,0,2.046,-1.322,1109.000,197.000,1136.000,254.000,NaN,NaN,NaN,NaN,NaN,NaN,NaN
3211,1384,3670.000,25.710,-2.039,0.191,-0.161,0.789,1.000,670,0,2.294,4.938,710.000,196.000,752.000,268.000,25.660,-1.980,-1.210,1.840,0.550,1.880,-0.765
3212,1459,3670.000,28.637,3.516,-0.032,-0.002,0.314,0.473,670,0,-1.473,-0.376,453.000,202.000,466.000,280.000,28.610,3.470,-1.190,0.750,0.640,1.740,0.690
3213,405,3671.000,182.670,-22.329,0.673,0.395,0.750,NaN,671,0,3.065,-0.000,765.000,188.000,820.000,273.000,NaN,NaN,NaN,NaN,NaN,NaN,NaN
3214,727,3671.000,162.270,-28.332,0.507,-0.087,NaN,NaN,671,0,-0.427,-0.573,NaN,NaN,NaN,NaN,NaN,NaN,NaN,NaN,NaN,NaN,NaN
3215,1019,3671.000,30.138,-6.892,0.084,-0.122,0.116,NaN,671,0,-1.707,-1.321,909.000,191.000,938.000,262.000,NaN,NaN,NaN,NaN,NaN,NaN,NaN
3216,1029,3671.000,32.314,-9.504,0.119,-0.125,0.648,0.013,671,0,-0.474,-1.999,998.000,192.000,1025.000,261.000,32.390,-9.460,-1.130,1.870,0.570,1.880,-1.025
3217,1166,3671.000,18.811,-2.526,0.115,-0.096,0.058,0.017,671,0,-1.889,-1.232,766.000,188.000,821.000,342.000,18.830,-2.550,-1.080,0.710,0.490,1.750,-0.923
3218,1214,3671.000,43.000,-22.031,0.257,-0.301,NaN,NaN,671,0,-2.181,-1.327,NaN,NaN,NaN,NaN,NaN,NaN,NaN,NaN,NaN,NaN,NaN
3219,1310,3671.000,35.251,-13.430,0.170,-0.142,0.715,0.279,671,0,-0.437,-1.485,1112.000,198.000,1139.000,254.000,35.170,-13.400,-1.350,0.850,0.470,1.820,-3.082
3220,1384,3671.000,25.891,-2.193,0.188,-0.159,0.775,0.587,671,0,2.198,0.277,716.000,196.000,758.000,268.000,25.880,-2.190,-1.210,1.980,0.520,1.840,-0.825
3221,1459,3671.000,28.527,3.454,-0.051,-0.024,0.110,0.024,671,0,-2.251,-1.550,453.000,200.000,479.000,279.000,28.490,3.390,-1.180,0.670,0.450,1.820,-1.849
3222,405,3672.000,183.326,-22.249,0.670,0.372,0.479,NaN,672,0,0.304,-0.000,768.000,192.000,821.000,274.000,NaN,NaN,NaN,NaN,NaN,NaN,NaN
3223,727,3672.000,162.776,-28.418,0.506,-0.085,NaN,NaN,672,0,-1.212,-0.573,NaN,NaN,NaN,NaN,NaN,NaN,NaN,NaN,NaN,NaN,NaN
3224,1019,3672.000,30.222,-7.014,0.084,-0.122,NaN,NaN,672,0,-1.688,-1.326,NaN,NaN,NaN,NaN,NaN,NaN,NaN,NaN,NaN,NaN,NaN
3225,1029,3672.000,32.431,-9.629,0.117,-0.125,NaN,NaN,672,0,-3.318,-1.327,NaN,NaN,NaN,NaN,NaN,NaN,NaN,NaN,NaN,NaN,NaN
3226,1166,3672.000,18.930,-2.578,0.115,-0.086,0.159,NaN,672,0,-0.869,-1.294,768.000,192.000,821.000,342.000,NaN,NaN,NaN,NaN,NaN,NaN,NaN
3227,1214,3672.000,43.256,-22.332,0.256,-0.301,NaN,NaN,672,0,-2.654,-1.327,NaN,NaN,NaN,NaN,NaN,NaN,NaN,NaN,NaN,NaN,NaN
3228,1310,3672.000,35.415,-13.612,0.168,-0.152,0.478,NaN,672,0,-0.083,-1.325,1117.000,198.000,1146.000,255.000,NaN,NaN,NaN,NaN,NaN,NaN,NaN
3229,1384,3672.000,26.075,-2.388,0.187,-0.169,0.750,NaN,672,0,2.906,-1.326,725.000,196.000,767.000,268.000,NaN,NaN,NaN,NaN,NaN,NaN,NaN
3230,1459,3672.000,28.450,3.454,-0.058,-0.011,0.395,NaN,672,0,-0.355,-1.230,453.000,202.000,467.000,273.000,NaN,NaN,NaN,NaN,NaN,NaN,NaN
3231,405,3673.000,183.999,-21.877,0.672,0.372,NaN,NaN,673,0,-0.000,-0.000,NaN,NaN,NaN,NaN,NaN,NaN,NaN,NaN,NaN,NaN,NaN
3232,727,3673.000,163.374,-28.462,0.515,-0.076,0.023,NaN,673,0,-1.373,-0.573,847.000,202.000,857.000,226.000,NaN,NaN,NaN,NaN,NaN,NaN,NaN
3233,1019,3673.000,30.487,-7.097,0.114,-0.115,0.006,0.964,673,0,-3.826,6.654,918.000,204.000,941.000,249.000,30.580,-7.000,-1.200,1.910,0.680,1.790,-0.996
3234,1029,3673.000,32.529,-9.721,0.115,-0.119,0.016,0.197,673,0,-3.979,-1.355,1011.000,196.000,1033.000,224.000,32.490,-9.670,-1.110,2.010,0.680,1.790,-1.233
3235,1166,3673.000,18.999,-2.613,0.104,-0.072,0.053,0.389,673,0,-2.079,0.068,772.000,192.000,824.000,340.000,18.990,-2.540,-1.150,0.870,0.530,1.910,-1.199
3236,1214,3673.000,43.511,-22.632,0.256,-0.301,NaN,NaN,673,0,-3.456,-1.327,NaN,NaN,NaN,NaN,NaN,NaN,NaN,NaN,NaN,NaN,NaN
3237,1310,3673.000,35.547,-13.808,0.161,-0.164,0.443,NaN,673,0,-0.342,-1.325,1124.000,196.000,1152.000,251.000,NaN,NaN,NaN,NaN,NaN,NaN,NaN
3238,1384,3673.000,26.171,-2.472,0.166,-0.151,0.737,0.102,673,0,1.893,-1.068,772.000,193.000,823.000,281.000,26.080,-2.360,-1.120,1.900,0.580,1.780,-0.877
3239,1459,3673.000,28.370,3.421,-0.064,-0.017,NaN,0.190,673,0,-3.157,-0.919,443.000,190.000,486.000,276.000,28.360,3.320,-1.140,0.740,0.660,1.760,0.472
3240,405,3674.000,184.583,-22.054,0.662,0.331,0.796,NaN,674,0,4.010,-0.000,773.000,193.000,823.000,281.000,NaN,NaN,NaN,NaN,NaN,NaN,NaN
3241,727,3674.000,164.246,-28.612,0.521,-0.079,0.036,NaN,674,0,-1.284,-0.573,848.000,202.000,857.000,223.000,NaN,NaN,NaN,NaN,NaN,NaN,NaN
3242,1019,3674.000,30.610,-7.134,0.115,-0.100,0.166,0.649,674,0,-2.683,-0.130,920.000,192.000,949.000,252.000,30.600,-7.040,-1.260,0.800,0.640,1.860,-0.011
3243,1029,3674.000,32.660,-9.890,0.120,-0.130,0.604,0.303,674,0,-0.966,-1.226,1008.000,196.000,1040.000,254.000,32.670,-9.980,-1.160,0.910,0.660,1.790,-0.784
3244,1166,3674.000,19.123,-2.655,0.111,-0.064,0.041,0.038,674,0,-2.261,-1.130,772.000,192.000,824.000,344.000,19.150,-2.630,-1.090,0.800,0.550,1.840,-0.596
3245,1214,3674.000,43.765,-22.933,0.254,-0.301,NaN,NaN,674,0,-1.628,-1.327,NaN,NaN,NaN,NaN,NaN,NaN,NaN,NaN,NaN,NaN,NaN
3246,1310,3674.000,35.690,-13.982,0.158,-0.167,0.402,NaN,674,0,-0.565,-1.326,1127.000,197.000,1153.000,249.000,NaN,NaN,NaN,NaN,NaN,NaN,NaN
3247,1384,3674.000,26.373,-2.666,0.172,-0.161,0.795,0.073,674,0,2.294,-1.189,743.000,198.000,776.000,268.000,26.420,-2.740,-1.120,0.920,0.500,1.810,-0.859
3248,1459,3674.000,28.294,3.373,-0.066,-0.025,NaN,0.022,674,0,-3.157,-1.559,440.000,198.000,490.000,285.000,28.280,3.290,-1.310,0.780,0.690,1.750,-0.617
3249,1469,3674.000,27.210,12.800,0.000,0.000,0.409,0.087,674,0,-0.819,-1.192,0.000,201.000,7.000,273.000,27.210,12.800,-0.890,0.820,0.620,1.760,0.268
3250,405,3675.000,185.242,-21.725,0.659,0.329,NaN,NaN,675,0,1.183,-0.000,NaN,NaN,NaN,NaN,NaN,NaN,NaN,NaN,NaN,NaN,NaN
3251,727,3675.000,165.652,-28.846,0.533,-0.081,0.053,NaN,675,0,-1.212,-0.573,848.000,202.000,857.000,223.000,NaN,NaN,NaN,NaN,NaN,NaN,NaN
3252,1019,3675.000,30.726,-7.235,0.116,-0.101,NaN,NaN,675,0,-2.506,-1.327,NaN,NaN,NaN,NaN,NaN,NaN,NaN,NaN,NaN,NaN,NaN
3253,1029,3675.000,32.780,-10.021,0.121,-0.131,NaN,NaN,675,0,-3.318,-1.327,NaN,NaN,NaN,NaN,NaN,NaN,NaN,NaN,NaN,NaN,NaN
3254,1166,3675.000,19.242,-2.669,0.113,-0.051,0.767,NaN,675,0,3.422,-1.299,780.000,192.000,823.000,278.000,NaN,NaN,NaN,NaN,NaN,NaN,NaN
3255,1214,3675.000,44.021,-23.234,0.255,-0.301,NaN,NaN,675,0,-2.654,-1.327,NaN,NaN,NaN,NaN,NaN,NaN,NaN,NaN,NaN,NaN,NaN
3256,1310,3675.000,35.836,-14.202,0.154,-0.183,0.566,NaN,675,0,0.573,-1.326,1133.000,198.000,1162.000,248.000,NaN,NaN,NaN,NaN,NaN,NaN,NaN
3257,1384,3675.000,26.540,-2.856,0.172,-0.169,0.712,NaN,675,0,2.280,-1.216,750.000,195.000,781.000,271.000,NaN,NaN,NaN,NaN,NaN,NaN,NaN
3258,1459,3675.000,28.230,3.310,-0.064,-0.037,0.056,NaN,675,0,-1.998,-1.230,454.000,204.000,481.000,278.000,NaN,NaN,NaN,NaN,NaN,NaN,NaN
3259,1469,3675.000,27.306,12.551,0.013,-0.088,0.552,NaN,675,0,0.639,-1.327,0.000,197.000,13.000,274.000,NaN,NaN,NaN,NaN,NaN,NaN,NaN
3260,405,3676.000,185.837,-21.579,0.659,0.317,0.244,NaN,676,0,-0.000,-0.000,765.000,194.000,790.000,247.000,NaN,NaN,NaN,NaN,NaN,NaN,NaN
3261,727,3676.000,166.142,-28.927,0.535,-0.082,0.080,NaN,676,0,-1.110,-0.573,848.000,202.000,857.000,222.000,NaN,NaN,NaN,NaN,NaN,NaN,NaN
3262,1019,3676.000,30.831,-7.345,0.115,-0.107,0.260,0.112,676,0,-2.201,-1.507,929.000,190.000,961.000,253.000,30.840,-7.360,-1.130,0.750,0.630,1.730,0.182
3263,1029,3676.000,32.913,-10.139,0.123,-0.127,0.017,0.908,676,0,-4.159,2.454,1032.000,192.000,1049.000,244.000,32.910,-10.130,-1.180,2.000,0.600,1.880,-0.845
3264,1166,3676.000,19.276,-2.649,0.095,-0.031,0.535,0.442,676,0,1.319,0.247,780.000,190.000,824.000,302.000,19.200,-2.540,-1.110,0.940,0.560,1.880,-0.613
3265,1214,3676.000,44.276,-23.536,0.255,-0.303,NaN,NaN,676,0,0.339,-1.327,NaN,NaN,NaN,NaN,NaN,NaN,NaN,NaN,NaN,NaN,NaN
3266,1310,3676.000,35.857,-14.287,0.138,-0.162,0.585,0.458,676,0,-1.712,-1.146,1139.000,198.000,1167.000,250.000,35.840,-14.180,-1.330,0.700,0.700,1.970,-0.184
3267,1384,3676.000,26.630,-2.974,0.152,-0.155,0.030,0.502,676,0,-2.919,-0.103,755.000,196.000,789.000,287.000,26.560,-2.900,-1.140,0.840,0.590,1.800,-1.101
3268,1459,3676.000,28.178,3.241,-0.058,-0.046,0.147,0.362,676,0,-2.046,-0.544,453.000,196.000,484.000,268.000,28.180,3.140,-1.260,0.700,0.690,1.780,-0.277
3269,1469,3676.000,27.358,12.527,0.019,-0.047,0.408,NaN,676,0,-0.144,-1.157,0.000,193.000,16.000,274.000,NaN,NaN,NaN,NaN,NaN,NaN,NaN
3270,405,3677.000,186.275,-21.676,0.651,0.287,0.437,NaN,677,0,-0.000,-0.000,769.000,193.000,795.000,248.000,NaN,NaN,NaN,NaN,NaN,NaN,NaN
3271,727,3677.000,166.528,-28.973,0.538,-0.082,0.146,NaN,677,0,-0.836,-0.573,847.000,202.000,857.000,223.000,NaN,NaN,NaN,NaN,NaN,NaN,NaN
3272,1019,3677.000,30.964,-7.452,0.118,-0.107,0.506,0.058,677,0,-1.077,-1.714,932.000,190.000,961.000,248.000,30.980,-7.480,-1.240,0.680,0.660,1.850,0.487
3273,1029,3677.000,33.014,-10.247,0.115,-0.125,0.031,0.963,677,0,-4.125,2.454,1020.000,209.000,1052.000,262.000,32.960,-10.200,-1.200,2.030,0.610,1.900,-0.795
3274,1166,3677.000,19.260,-2.609,0.074,-0.010,0.668,0.413,677,0,2.440,0.138,781.000,188.000,825.000,280.000,19.170,-2.530,-1.020,0.770,0.570,1.630,0.026
3275,1214,3677.000,44.529,-23.841,0.254,-0.304,NaN,NaN,677,0,-2.435,-1.327,NaN,NaN,NaN,NaN,NaN,NaN,NaN,NaN,NaN,NaN,NaN
3276,1310,3677.000,35.987,-14.470,0.137,-0.168,0.468,NaN,677,0,0.057,-1.325,1139.000,186.000,1168.000,248.000,NaN,NaN,NaN,NaN,NaN,NaN,NaN
3277,1384,3677.000,26.772,-3.188,0.151,-0.168,0.105,NaN,677,0,-1.553,-1.269,768.000,193.000,795.000,282.000,NaN,NaN,NaN,NaN,NaN,NaN,NaN
3278,1459,3677.000,28.115,3.198,-0.059,-0.045,0.120,NaN,677,0,-1.596,-1.235,453.000,199.000,486.000,266.000,NaN,NaN,NaN,NaN,NaN,NaN,NaN
3279,1469,3677.000,27.391,12.505,0.019,-0.034,0.651,NaN,677,0,1.698,-1.168,0.000,193.000,18.000,275.000,NaN,NaN,NaN,NaN,NaN,NaN,NaN
3280,405,3678.000,186.735,-21.849,0.636,0.252,0.158,NaN,678,0,-0.000,-0.000,775.000,194.000,800.000,248.000,NaN,NaN,NaN,NaN,NaN,NaN,NaN
3281,727,3678.000,167.435,-29.137,0.543,-0.086,0.031,NaN,678,0,-1.632,-0.698,848.000,201.000,857.000,222.000,NaN,NaN,NaN,NaN,NaN,NaN,NaN
3282,1019,3678.000,31.070,-7.617,0.114,-0.119,0.107,NaN,678,0,-1.976,-1.327,936.000,207.000,961.000,248.000,NaN,NaN,NaN,NaN,NaN,NaN,NaN
3283,1029,3678.000,33.033,-10.589,0.099,-0.167,0.257,NaN,678,0,-1.168,-1.327,1040.000,200.000,1058.000,250.000,NaN,NaN,NaN,NaN,NaN,NaN,NaN
3284,1166,3678.000,19.328,-2.647,0.071,-0.018,0.267,NaN,678,0,-0.384,-1.298,782.000,185.000,832.000,342.000,NaN,NaN,NaN,NaN,NaN,NaN,NaN
3285,1214,3678.000,44.784,-24.145,0.254,-0.304,NaN,NaN,678,0,-2.320,-1.327,NaN,NaN,NaN,NaN,NaN,NaN,NaN,NaN,NaN,NaN,NaN
3286,1310,3678.000,36.098,-14.690,0.132,-0.181,0.657,NaN,678,0,1.381,-1.323,1148.000,199.000,1174.000,249.000,NaN,NaN,NaN,NaN,NaN,NaN,NaN
3287,1384,3678.000,26.910,-3.462,0.152,-0.194,0.354,NaN,678,0,-0.461,-1.296,783.000,185.000,829.000,268.000,NaN,NaN,NaN,NaN,NaN,NaN,NaN
3288,1459,3678.000,28.056,3.160,-0.059,-0.045,0.378,NaN,678,0,-0.457,-1.255,453.000,199.000,488.000,267.000,NaN,NaN,NaN,NaN,NaN,NaN,NaN
3289,1469,3678.000,27.408,12.478,0.016,-0.030,0.775,NaN,678,0,3.460,-1.176,0.000,193.000,22.000,265.000,NaN,NaN,NaN,NaN,NaN,NaN,NaN
3290,405,3679.000,187.936,-20.659,0.654,0.320,0.037,NaN,679,0,-0.000,-0.000,758.000,208.000,768.000,230.000,NaN,NaN,NaN,NaN,NaN,NaN,NaN
3291,727,3679.000,168.322,-29.314,0.541,-0.090,0.075,NaN,679,0,-1.110,-0.573,848.000,201.000,858.000,217.000,NaN,NaN,NaN,NaN,NaN,NaN,NaN
3292,1019,3679.000,31.211,-7.742,0.119,-0.122,0.465,0.998,679,0,-1.234,6.654,941.000,193.000,973.000,254.000,31.250,-7.740,-1.240,1.760,0.580,1.870,-1.006
3293,1029,3679.000,33.185,-10.730,0.113,-0.158,0.056,0.014,679,0,-3.845,-2.087,1034.000,200.000,1061.000,250.000,33.300,-10.610,-1.150,0.750,0.610,1.700,-0.789
3294,1166,3679.000,19.373,-2.665,0.066,-0.017,0.054,0.204,679,0,-2.083,-0.409,784.000,186.000,832.000,341.000,19.380,-2.680,-1.050,0.870,0.530,1.830,-0.485
3295,1310,3679.000,36.205,-14.900,0.126,-0.189,0.729,NaN,679,0,2.364,-1.315,1154.000,198.000,1179.000,249.000,NaN,NaN,NaN,NaN,NaN,NaN,NaN
3296,1384,3679.000,27.053,-3.716,0.150,-0.207,0.457,NaN,679,0,0.166,-1.314,787.000,186.000,830.000,274.000,NaN,NaN,NaN,NaN,NaN,NaN,NaN
3297,1459,3679.000,28.002,3.036,-0.058,-0.064,0.189,NaN,679,0,-1.266,-1.268,469.000,197.000,491.000,272.000,NaN,NaN,NaN,NaN,NaN,NaN,NaN
3298,1469,3679.000,27.432,12.449,0.019,-0.030,0.584,NaN,679,0,0.862,-1.141,0.000,197.000,28.000,276.000,NaN,NaN,NaN,NaN,NaN,NaN,NaN
3299,405,3680.000,188.155,-20.186,0.635,0.336,0.041,NaN,680,0,-0.000,-0.000,758.000,208.000,768.000,230.000,NaN,NaN,NaN,NaN,NaN,NaN,NaN
3300,727,3680.000,167.467,-29.185,0.516,-0.088,0.133,NaN,680,0,-0.953,-0.573,848.000,201.000,858.000,217.000,NaN,NaN,NaN,NaN,NaN,NaN,NaN
3301,1019,3680.000,31.393,-7.873,0.132,-0.125,0.072,0.885,680,0,-3.307,1.854,943.000,205.000,966.000,252.000,31.470,-7.880,-1.170,1.850,0.620,1.850,-0.837
3302,1029,3680.000,33.298,-10.834,0.115,-0.142,0.262,0.028,680,0,-2.641,-2.062,1047.000,200.000,1064.000,250.000,33.320,-10.720,-1.170,2.110,0.640,1.890,-0.916
3303,1166,3680.000,19.453,-2.693,0.068,-0.022,0.388,0.206,680,0,0.136,-0.389,785.000,187.000,833.000,342.000,19.490,-2.720,-1.200,0.890,0.570,1.760,-0.103
3304,1310,3680.000,36.358,-15.067,0.130,-0.181,0.453,NaN,680,0,-0.270,-1.310,1157.000,199.000,1178.000,250.000,NaN,NaN,NaN,NaN,NaN,NaN,NaN
3305,1384,3680.000,27.208,-3.908,0.150,-0.203,0.329,NaN,680,0,-0.571,-1.320,788.000,187.000,832.000,274.000,NaN,NaN,NaN,NaN,NaN,NaN,NaN
3306,1459,3680.000,27.923,2.946,-0.060,-0.071,0.588,NaN,680,0,1.124,-1.269,472.000,202.000,492.000,284.000,NaN,NaN,NaN,NaN,NaN,NaN,NaN
3307,1469,3680.000,27.460,12.415,0.021,-0.032,0.719,NaN,680,0,2.608,-1.106,0.000,195.000,34.000,277.000,NaN,NaN,NaN,NaN,NaN,NaN,NaN
3308,405,3681.000,188.787,-19.850,0.636,0.337,NaN,NaN,681,0,2.206,-0.000,NaN,NaN,NaN,NaN,NaN,NaN,NaN,NaN,NaN,NaN,NaN
3309,727,3681.000,168.664,-29.391,0.519,-0.089,0.050,NaN,681,0,-1.295,-0.573,848.000,202.000,857.000,222.000,NaN,NaN,NaN,NaN,NaN,NaN,NaN
3310,1019,3681.000,31.500,-8.060,0.126,-0.136,0.391,NaN,681,0,-0.432,-1.327,949.000,192.000,976.000,258.000,NaN,NaN,NaN,NaN,NaN,NaN,NaN
3311,1029,3681.000,33.419,-10.946,0.117,-0.133,0.093,NaN,681,0,-1.887,-1.326,1042.000,196.000,1066.000,258.000,NaN,NaN,NaN,NaN,NaN,NaN,NaN
3312,1166,3681.000,19.514,-2.765,0.066,-0.034,0.471,NaN,681,0,0.582,-1.300,791.000,192.000,842.000,344.000,NaN,NaN,NaN,NaN,NaN,NaN,NaN
3313,1310,3681.000,36.461,-15.289,0.123,-0.193,0.071,NaN,681,0,-2.238,-1.305,1164.000,199.000,1198.000,255.000,NaN,NaN,NaN,NaN,NaN,NaN,NaN
3314,1384,3681.000,27.368,-4.086,0.152,-0.196,0.257,NaN,681,0,-0.816,-1.322,791.000,192.000,841.000,278.000,NaN,NaN,NaN,NaN,NaN,NaN,NaN
3315,1459,3681.000,27.854,2.879,-0.061,-0.069,0.593,NaN,681,0,1.124,-1.285,473.000,202.000,494.000,283.000,NaN,NaN,NaN,NaN,NaN,NaN,NaN
3316,1469,3681.000,27.493,12.378,0.023,-0.033,0.759,NaN,681,0,3.077,-1.072,0.000,196.000,40.000,276.000,NaN,NaN,NaN,NaN,NaN,NaN,NaN
3317,405,3682.000,189.420,-19.514,0.636,0.336,NaN,NaN,682,0,3.021,-0.000,NaN,NaN,NaN,NaN,NaN,NaN,NaN,NaN,NaN,NaN,NaN
3318,727,3682.000,169.250,-29.453,0.520,-0.079,0.028,NaN,682,0,-1.339,-0.573,845.000,201.000,857.000,223.000,NaN,NaN,NaN,NaN,NaN,NaN,NaN
3319,1019,3682.000,31.574,-8.158,0.119,-0.125,0.435,0.060,682,0,-1.738,-1.816,955.000,207.000,982.000,257.000,31.530,-8.110,-1.280,1.770,0.600,1.790,-0.911
3320,1029,3682.000,33.535,-11.079,0.116,-0.133,NaN,NaN,682,0,-0.975,-1.324,NaN,NaN,NaN,NaN,NaN,NaN,NaN,NaN,NaN,NaN,NaN
3321,1166,3682.000,19.682,-2.901,0.088,-0.060,0.054,0.012,682,0,-2.149,-1.294,822.000,195.000,851.000,258.000,19.740,-2.980,-1.120,0.790,0.500,1.840,-1.103
3322,1310,3682.000,36.564,-15.510,0.117,-0.200,0.144,NaN,682,0,-1.770,-1.302,1167.000,200.000,1203.000,254.000,NaN,NaN,NaN,NaN,NaN,NaN,NaN
3323,1384,3682.000,27.694,-4.290,0.177,-0.197,0.099,0.073,682,0,-2.473,-1.370,797.000,194.000,851.000,270.000,27.740,-4.240,-0.980,0.730,0.700,1.590,-0.652
3324,1459,3682.000,27.711,2.795,-0.075,-0.071,0.394,0.950,682,0,-1.067,7.239,472.000,201.000,496.000,284.000,27.680,2.780,-1.300,0.700,0.670,1.590,0.651
3325,1469,3682.000,27.579,12.340,0.031,-0.037,0.623,NaN,682,0,1.205,-1.017,8.000,196.000,42.000,273.000,NaN,NaN,NaN,NaN,NaN,NaN,NaN
3326,405,3683.000,190.054,-19.178,0.636,0.336,NaN,NaN,683,0,2.844,-0.000,NaN,NaN,NaN,NaN,NaN,NaN,NaN,NaN,NaN,NaN,NaN
3327,727,3683.000,169.018,-29.319,0.516,-0.062,0.027,NaN,683,0,-1.216,-0.573,837.000,203.000,856.000,258.000,NaN,NaN,NaN,NaN,NaN,NaN,NaN
3328,1019,3683.000,31.737,-8.281,0.126,-0.125,0.045,0.902,683,0,-3.757,2.487,957.000,193.000,1014.000,259.000,31.800,-8.270,-1.200,1.930,0.660,1.870,-0.887
3329,1029,3683.000,33.651,-11.211,0.117,-0.132,NaN,NaN,683,0,-3.144,-1.313,NaN,NaN,NaN,NaN,NaN,NaN,NaN,NaN,NaN,NaN,NaN
3330,1166,3683.000,19.773,-2.959,0.090,-0.056,0.221,0.032,683,0,-0.791,-1.233,798.000,191.000,855.000,337.000,19.750,-2.950,-1.110,0.870,0.570,1.790,-0.474
3331,1310,3683.000,36.682,-15.707,0.115,-0.199,0.031,NaN,683,0,-2.684,-1.265,1171.000,203.000,1202.000,249.000,NaN,NaN,NaN,NaN,NaN,NaN,NaN
3332,1384,3683.000,27.910,-4.498,0.180,-0.196,0.317,0.255,683,0,-1.364,-0.791,798.000,192.000,855.000,276.000,27.950,-4.490,-0.990,0.650,0.710,1.620,-0.708
3333,1459,3683.000,27.599,2.717,-0.081,-0.072,0.670,0.956,683,0,0.544,7.239,471.000,202.000,499.000,284.000,27.570,2.700,-1.270,0.820,0.580,1.830,0.682
3334,1469,3683.000,27.642,12.302,0.035,-0.039,0.714,NaN,683,0,2.280,-1.058,10.000,197.000,43.000,269.000,NaN,NaN,NaN,NaN,NaN,NaN,NaN
3335,405,3684.000,190.690,-18.842,0.635,0.336,NaN,NaN,684,0,2.364,-0.000,NaN,NaN,NaN,NaN,NaN,NaN,NaN,NaN,NaN,NaN,NaN
3336,727,3684.000,166.564,-28.763,0.496,-0.036,0.325,NaN,684,0,-0.408,-0.885,802.000,191.000,844.000,278.000,NaN,NaN,NaN,NaN,NaN,NaN,NaN
3337,1019,3684.000,31.858,-8.467,0.122,-0.141,0.483,NaN,684,0,-0.083,-1.327,963.000,207.000,989.000,260.000,NaN,NaN,NaN,NaN,NaN,NaN,NaN
3338,1029,3684.000,33.768,-11.344,0.117,-0.133,NaN,NaN,684,0,-1.380,-1.278,NaN,NaN,NaN,NaN,NaN,NaN,NaN,NaN,NaN,NaN,NaN
3339,1166,3684.000,19.866,-3.016,0.092,-0.055,0.235,NaN,684,0,-0.584,-1.307,801.000,192.000,846.000,344.000,NaN,NaN,NaN,NaN,NaN,NaN,NaN
3340,1310,3684.000,36.904,-15.731,0.141,-0.154,0.234,NaN,684,0,-1.297,-1.139,1176.000,205.000,1189.000,233.000,NaN,NaN,NaN,NaN,NaN,NaN,NaN
3341,1384,3684.000,28.082,-4.741,0.176,-0.206,0.028,NaN,684,0,-2.535,-1.325,837.000,194.000,856.000,274.000,NaN,NaN,NaN,NaN,NaN,NaN,NaN
3342,1459,3684.000,27.516,2.704,-0.083,-0.055,0.656,NaN,684,0,1.803,-1.323,472.000,201.000,503.000,284.000,NaN,NaN,NaN,NaN,NaN,NaN,NaN
3343,1469,3684.000,27.679,12.239,0.035,-0.045,0.720,NaN,684,0,2.434,-1.105,15.000,194.000,47.000,270.000,NaN,NaN,NaN,NaN,NaN,NaN,NaN
3344,405,3685.000,191.328,-18.504,0.635,0.338,NaN,NaN,685,0,3.523,2.217,NaN,NaN,NaN,NaN,NaN,NaN,NaN,NaN,NaN,NaN,NaN
3345,727,3685.000,160.808,-27.535,0.445,0.004,0.039,NaN,685,0,-2.541,-1.134,832.000,192.000,851.000,231.000,NaN,NaN,NaN,NaN,NaN,NaN,NaN
3346,1019,3685.000,31.956,-8.581,0.118,-0.134,0.698,0.415,685,0,-0.070,-0.901,968.000,190.000,996.000,261.000,31.940,-8.510,-1.080,1.840,0.620,1.820,-1.016
3347,1029,3685.000,33.886,-11.452,0.116,-0.130,0.242,0.011,685,0,-2.743,-2.038,1061.000,196.000,1089.000,262.000,33.890,-11.460,-1.260,0.840,0.660,1.710,-0.909
3348,1166,3685.000,19.959,-3.066,0.092,-0.053,0.086,NaN,685,0,-1.149,-1.308,803.000,189.000,848.000,343.000,NaN,NaN,NaN,NaN,NaN,NaN,NaN
3349,1310,3685.000,37.045,-16.007,0.128,-0.187,0.074,NaN,685,0,-2.312,-1.224,1188.000,209.000,1206.000,248.000,NaN,NaN,NaN,NaN,NaN,NaN,NaN
3350,1384,3685.000,28.261,-4.948,0.178,-0.207,0.067,NaN,685,0,-1.795,-1.307,832.000,191.000,874.000,274.000,NaN,NaN,NaN,NaN,NaN,NaN,NaN
3351,1459,3685.000,27.400,2.642,-0.088,-0.058,0.727,0.743,685,0,1.520,0.809,473.000,201.000,503.000,286.000,27.380,2.620,-1.260,1.060,0.520,1.940,-2.427
3352,1469,3685.000,27.720,12.173,0.038,-0.050,0.716,NaN,685,0,2.434,-1.093,19.000,193.000,51.000,267.000,NaN,NaN,NaN,NaN,NaN,NaN,NaN
3353,405,3686.000,191.966,-18.167,0.636,0.338,NaN,NaN,686,0,-0.000,-0.000,NaN,NaN,NaN,NaN,NaN,NaN,NaN,NaN,NaN,NaN,NaN
3354,727,3686.000,168.504,-28.976,0.505,-0.040,0.031,NaN,686,0,-2.269,-1.186,846.000,200.000,858.000,275.000,NaN,NaN,NaN,NaN,NaN,NaN,NaN
3355,1019,3686.000,32.112,-8.740,0.126,-0.141,0.527,0.774,686,0,-1.219,0.335,970.000,207.000,991.000,259.000,32.170,-8.780,-1.150,1.800,0.580,1.780,-1.041
3356,1029,3686.000,34.001,-11.581,0.116,-0.129,NaN,NaN,686,0,-2.351,-1.245,NaN,NaN,NaN,NaN,NaN,NaN,NaN,NaN,NaN,NaN,NaN
3357,1166,3686.000,20.007,-3.075,0.081,-0.041,0.776,0.748,686,0,3.971,1.761,805.000,188.000,849.000,280.000,19.980,-3.020,-1.040,0.820,0.550,1.710,-0.167
3358,1310,3686.000,37.182,-16.199,0.126,-0.187,0.151,NaN,686,0,-0.995,-0.755,1186.000,206.000,1208.000,247.000,NaN,NaN,NaN,NaN,NaN,NaN,NaN
3359,1384,3686.000,28.436,-5.164,0.176,-0.209,0.295,NaN,686,0,-0.784,-1.228,846.000,202.000,880.000,275.000,NaN,NaN,NaN,NaN,NaN,NaN,NaN
3360,1459,3686.000,27.319,2.594,-0.087,-0.055,0.777,0.996,686,0,1.904,6.369,475.000,202.000,504.000,285.000,27.330,2.610,-1.260,0.840,0.620,1.700,0.497
3361,1469,3686.000,27.769,12.121,0.039,-0.052,0.738,NaN,686,0,2.746,-1.061,23.000,194.000,53.000,270.000,NaN,NaN,NaN,NaN,NaN,NaN,NaN
3362,405,3687.000,192.603,-17.828,0.636,0.338,NaN,NaN,687,0,2.522,-0.000,NaN,NaN,NaN,NaN,NaN,NaN,NaN,NaN,NaN,NaN,NaN
3363,727,3687.000,176.083,-30.851,0.575,-0.139,0.061,NaN,687,0,-2.235,-1.237,863.000,192.000,886.000,238.000,NaN,NaN,NaN,NaN,NaN,NaN,NaN
3364,1019,3687.000,32.247,-8.882,0.130,-0.143,0.559,NaN,687,0,0.499,-1.327,976.000,206.000,997.000,261.000,NaN,NaN,NaN,NaN,NaN,NaN,NaN
3365,1029,3687.000,34.118,-11.711,0.117,-0.129,NaN,NaN,687,0,-2.108,-1.283,NaN,NaN,NaN,NaN,NaN,NaN,NaN,NaN,NaN,NaN,NaN
3366,1166,3687.000,20.081,-3.124,0.079,-0.042,0.809,NaN,687,0,4.175,-1.310,807.000,189.000,851.000,281.000,NaN,NaN,NaN,NaN,NaN,NaN,NaN
3367,1310,3687.000,37.309,-16.386,0.127,-0.187,NaN,NaN,687,0,-0.068,-0.038,NaN,NaN,NaN,NaN,NaN,NaN,NaN,NaN,NaN,NaN,NaN
3368,1384,3687.000,28.622,-5.359,0.177,-0.205,0.474,NaN,687,0,0.057,-1.189,848.000,191.000,887.000,269.000,NaN,NaN,NaN,NaN,NaN,NaN,NaN
3369,1459,3687.000,27.231,2.568,-0.087,-0.047,0.830,NaN,687,0,4.413,-1.326,478.000,202.000,510.000,287.000,NaN,NaN,NaN,NaN,NaN,NaN,NaN
3370,1469,3687.000,27.834,12.067,0.041,-0.055,0.685,NaN,687,0,1.846,-1.060,27.000,194.000,57.000,271.000,NaN,NaN,NaN,NaN,NaN,NaN,NaN
3371,405,3688.000,193.236,-17.490,0.635,0.338,NaN,NaN,688,0,2.206,-0.000,NaN,NaN,NaN,NaN,NaN,NaN,NaN,NaN,NaN,NaN,NaN
3372,727,3688.000,178.656,-31.295,0.598,-0.136,0.058,NaN,688,0,-0.000,-0.000,848.000,200.000,858.000,225.000,NaN,NaN,NaN,NaN,NaN,NaN,NaN
3373,1019,3688.000,32.377,-9.025,0.131,-0.143,NaN,NaN,688,0,-2.571,-1.327,NaN,NaN,NaN,NaN,NaN,NaN,NaN,NaN,NaN,NaN,NaN
3374,1029,3688.000,34.413,-11.939,0.139,-0.141,NaN,0.016,688,0,-4.459,-2.224,1060.000,188.000,1106.000,265.000,34.550,-12.010,-1.050,0.810,0.670,1.920,0.320
3375,1166,3688.000,20.164,-3.141,0.081,-0.035,0.801,0.936,688,0,4.315,2.217,810.000,191.000,854.000,280.000,20.150,-3.100,-1.090,0.870,0.630,1.670,-0.289
3376,1310,3688.000,37.432,-16.547,0.127,-0.181,0.056,NaN,688,0,-0.072,-0.040,1189.000,198.000,1219.000,247.000,NaN,NaN,NaN,NaN,NaN,NaN,NaN
3377,1384,3688.000,28.799,-5.574,0.176,-0.208,0.718,NaN,688,0,2.434,-1.285,862.000,192.000,895.000,256.000,NaN,NaN,NaN,NaN,NaN,NaN,NaN
3378,1459,3688.000,27.205,2.540,-0.074,-0.042,0.821,0.998,688,0,2.448,6.369,478.000,203.000,511.000,287.000,27.250,2.570,-1.230,0.880,0.610,1.700,0.400
3379,1469,3688.000,28.289,12.195,0.066,-0.041,0.686,0.286,688,0,0.735,-0.579,33.000,196.000,63.000,267.000,28.270,12.160,-0.880,0.720,0.670,1.760,0.489
3380,405,3689.000,193.873,-17.154,0.637,0.336,NaN,NaN,689,0,2.206,-0.000,NaN,NaN,NaN,NaN,NaN,NaN,NaN,NaN,NaN,NaN,NaN
3381,727,3689.000,180.028,-31.536,0.607,-0.131,0.054,NaN,689,0,-0.000,-0.000,848.000,200.000,858.000,226.000,NaN,NaN,NaN,NaN,NaN,NaN,NaN
3382,1019,3689.000,32.508,-9.192,0.130,-0.149,0.600,NaN,689,0,1.024,-1.327,985.000,192.000,1008.000,263.000,NaN,NaN,NaN,NaN,NaN,NaN,NaN
3383,1029,3689.000,34.533,-12.135,0.135,-0.145,0.067,NaN,689,0,-2.251,-1.313,1077.000,195.000,1096.000,254.000,NaN,NaN,NaN,NaN,NaN,NaN,NaN
3384,1166,3689.000,20.279,-3.184,0.091,-0.038,0.770,0.682,689,0,3.801,1.233,813.000,193.000,855.000,280.000,20.300,-3.180,-1.090,0.890,0.580,1.760,0.071
3385,1310,3689.000,37.531,-16.774,0.119,-0.192,0.431,NaN,689,0,-0.000,-0.000,1203.000,196.000,1223.000,247.000,NaN,NaN,NaN,NaN,NaN,NaN,NaN
3386,1384,3689.000,28.985,-5.757,0.178,-0.202,0.781,NaN,689,0,3.460,-1.312,865.000,191.000,900.000,257.000,NaN,NaN,NaN,NaN,NaN,NaN,NaN
3387,1459,3689.000,27.128,2.484,-0.076,-0.045,0.804,0.995,689,0,2.108,6.369,475.000,203.000,511.000,288.000,27.130,2.470,-1.270,0.890,0.570,1.660,0.668
3388,1469,3689.000,28.354,12.147,0.065,-0.044,0.761,NaN,689,0,3.077,-1.097,34.000,199.000,64.000,266.000,NaN,NaN,NaN,NaN,NaN,NaN,NaN
3389,405,3690.000,194.509,-16.819,0.636,0.336,NaN,NaN,690,0,2.206,-0.000,NaN,NaN,NaN,NaN,NaN,NaN,NaN,NaN,NaN,NaN,NaN
3390,727,3690.000,180.862,-31.694,0.613,-0.130,0.067,NaN,690,0,-0.000,-0.000,849.000,200.000,858.000,222.000,NaN,NaN,NaN,NaN,NaN,NaN,NaN
3391,1019,3690.000,32.632,-9.360,0.129,-0.154,0.278,NaN,690,0,-0.885,-1.327,990.000,191.000,1014.000,263.000,NaN,NaN,NaN,NaN,NaN,NaN,NaN
3392,1029,3690.000,34.669,-12.278,0.137,-0.143,NaN,NaN,690,0,-1.366,-1.286,NaN,NaN,NaN,NaN,NaN,NaN,NaN,NaN,NaN,NaN,NaN
3393,1166,3690.000,20.368,-3.243,0.091,-0.045,0.053,NaN,690,0,-1.470,-1.313,812.000,193.000,857.000,341.000,NaN,NaN,NaN,NaN,NaN,NaN,NaN
3394,1310,3690.000,37.660,-16.973,0.121,-0.193,0.396,NaN,690,0,-0.127,-0.441,1204.000,191.000,1229.000,267.000,NaN,NaN,NaN,NaN,NaN,NaN,NaN
3395,1384,3690.000,29.143,-5.941,0.176,-0.198,0.711,NaN,690,0,2.280,-1.316,872.000,192.000,909.000,258.000,NaN,NaN,NaN,NaN,NaN,NaN,NaN
3396,1459,3690.000,27.044,2.493,-0.079,-0.031,0.656,NaN,690,0,1.803,-1.326,479.000,204.000,512.000,288.000,NaN,NaN,NaN,NaN,NaN,NaN,NaN
3397,1469,3690.000,28.424,12.081,0.065,-0.052,0.703,NaN,690,0,2.128,-1.080,40.000,199.000,69.000,260.000,NaN,NaN,NaN,NaN,NaN,NaN,NaN
3398,405,3691.000,195.144,-16.483,0.636,0.336,NaN,NaN,691,0,1.890,-0.000,NaN,NaN,NaN,NaN,NaN,NaN,NaN,NaN,NaN,NaN,NaN
3399,727,3691.000,181.038,-31.715,0.612,-0.125,0.070,NaN,691,0,-0.000,-0.000,848.000,200.000,858.000,217.000,NaN,NaN,NaN,NaN,NaN,NaN,NaN
3400,1019,3691.000,32.686,-9.441,0.117,-0.137,0.587,0.581,691,0,-1.010,-0.533,993.000,192.000,1017.000,263.000,32.690,-9.280,-1.160,0.850,0.650,1.870,-0.397
3401,1029,3691.000,34.781,-12.525,0.130,-0.171,0.063,NaN,691,0,-1.970,-1.213,1088.000,199.000,1118.000,260.000,NaN,NaN,NaN,NaN,NaN,NaN,NaN
3402,1166,3691.000,20.427,-3.278,0.084,-0.044,0.595,0.990,691,0,1.644,2.217,819.000,193.000,856.000,301.000,20.400,-3.250,-1.070,0.900,0.570,1.670,-0.600
3403,1310,3691.000,37.766,-17.041,0.128,-0.168,0.062,NaN,691,0,-1.568,-0.788,1208.000,192.000,1223.000,225.000,NaN,NaN,NaN,NaN,NaN,NaN,NaN
3404,1384,3691.000,29.321,-6.138,0.178,-0.198,NaN,NaN,691,0,-2.494,-1.320,NaN,NaN,NaN,NaN,NaN,NaN,NaN,NaN,NaN,NaN,NaN
3405,1459,3691.000,26.995,2.429,-0.073,-0.039,0.771,0.999,691,0,1.832,6.369,482.000,204.000,514.000,288.000,27.030,2.360,-1.340,0.780,0.670,1.700,0.600
3406,1469,3691.000,28.532,12.052,0.074,-0.045,0.693,0.775,691,0,0.497,0.660,44.000,202.000,73.000,263.000,28.610,12.060,-0.890,0.760,0.650,1.780,0.715
3407,405,3692.000,195.782,-16.149,0.636,0.335,NaN,NaN,692,0,-0.000,2.454,NaN,NaN,NaN,NaN,NaN,NaN,NaN,NaN,NaN,NaN,NaN
3408,727,3692.000,181.648,-31.839,0.610,-0.124,NaN,NaN,692,0,1.381,-0.000,NaN,NaN,NaN,NaN,NaN,NaN,NaN,NaN,NaN,NaN,NaN
3409,1019,3692.000,32.904,-9.590,0.131,-0.137,0.609,0.671,692,0,-0.925,-0.285,998.000,194.000,1018.000,262.000,33.000,-9.570,-1.200,1.840,0.670,1.860,-0.809
3410,1029,3692.000,35.030,-12.761,0.146,-0.183,0.229,0.194,692,0,-2.932,-1.579,1097.000,194.000,1120.000,258.000,35.040,-12.870,-1.170,0.750,0.650,1.750,2.260
3411,1166,3692.000,20.524,-3.326,0.087,-0.047,0.179,0.831,692,0,-1.059,2.137,819.000,192.000,858.000,333.000,20.550,-3.310,-1.040,0.790,0.570,1.690,-0.216
3412,1310,3692.000,37.890,-17.148,0.133,-0.154,0.192,NaN,692,0,-1.040,-0.815,1211.000,191.000,1225.000,218.000,NaN,NaN,NaN,NaN,NaN,NaN,NaN
3413,1384,3692.000,29.480,-6.236,0.178,-0.177,0.483,NaN,692,0,0.120,-1.307,885.000,192.000,913.000,262.000,NaN,NaN,NaN,NaN,NaN,NaN,NaN
3414,1459,3692.000,26.922,2.361,-0.072,-0.046,0.759,0.803,692,0,1.766,1.054,483.000,203.000,514.000,288.000,26.930,2.310,-1.270,0.940,0.520,1.720,0.298
3415,1469,3692.000,28.611,11.998,0.076,-0.048,0.676,NaN,692,0,1.846,-1.193,45.000,199.000,78.000,263.000,NaN,NaN,NaN,NaN,NaN,NaN,NaN
3416,1514,3692.000,33.280,-4.240,0.000,0.000,0.694,0.989,692,0,-0.415,2.454,779.000,192.000,810.000,260.000,33.280,-4.240,-1.130,1.760,0.590,1.830,-1.528
3417,405,3693.000,196.416,-15.817,0.636,0.332,NaN,NaN,693,0,1.488,-0.000,NaN,NaN,NaN,NaN,NaN,NaN,NaN,NaN,NaN,NaN,NaN
3418,727,3693.000,182.257,-31.962,0.608,-0.124,NaN,NaN,693,0,-0.000,-0.000,NaN,NaN,NaN,NaN,NaN,NaN,NaN,NaN,NaN,NaN,NaN
3419,1019,3693.000,33.041,-9.782,0.131,-0.150,0.479,NaN,693,0,-0.083,-1.327,1004.000,203.000,1023.000,261.000,NaN,NaN,NaN,NaN,NaN,NaN,NaN
3420,1029,3693.000,35.181,-13.005,0.144,-0.199,0.655,NaN,693,0,1.509,-1.297,1101.000,193.000,1125.000,259.000,NaN,NaN,NaN,NaN,NaN,NaN,NaN
3421,1166,3693.000,20.607,-3.364,0.087,-0.044,0.035,NaN,693,0,-2.151,-1.306,823.000,191.000,851.000,280.000,NaN,NaN,NaN,NaN,NaN,NaN,NaN
3422,1310,3693.000,37.978,-17.259,0.127,-0.146,0.036,NaN,693,0,-1.593,-0.868,1211.000,198.000,1230.000,270.000,NaN,NaN,NaN,NaN,NaN,NaN,NaN
3423,1384,3693.000,29.633,-6.445,0.174,-0.185,0.043,NaN,693,0,-2.643,-1.298,896.000,199.000,927.000,258.000,NaN,NaN,NaN,NaN,NaN,NaN,NaN
3424,1459,3693.000,26.845,2.368,-0.072,-0.031,0.723,NaN,693,0,2.608,-1.327,485.000,202.000,518.000,289.000,NaN,NaN,NaN,NaN,NaN,NaN,NaN
3425,1469,3693.000,28.690,11.944,0.077,-0.050,0.711,NaN,693,0,2.280,-1.262,47.000,200.000,84.000,265.000,NaN,NaN,NaN,NaN,NaN,NaN,NaN
3426,1514,3693.000,33.267,-4.168,-0.007,0.026,0.725,NaN,693,0,2.434,-1.317,772.000,192.000,801.000,263.000,NaN,NaN,NaN,NaN,NaN,NaN,NaN
3427,405,3694.000,197.051,-15.485,0.635,0.332,NaN,NaN,694,0,1.609,-0.000,NaN,NaN,NaN,NaN,NaN,NaN,NaN,NaN,NaN,NaN,NaN
3428,727,3694.000,182.866,-32.085,0.609,-0.122,NaN,NaN,694,0,-0.000,-0.000,NaN,NaN,NaN,NaN,NaN,NaN,NaN,NaN,NaN,NaN,NaN
3429,1019,3694.000,33.131,-9.879,0.123,-0.136,0.655,0.112,694,0,-0.685,-1.738,1007.000,195.000,1028.000,259.000,33.110,-9.710,-1.120,1.890,0.510,1.760,2.385
3430,1029,3694.000,35.337,-13.208,0.145,-0.201,0.488,NaN,694,0,0.179,-1.321,1103.000,193.000,1129.000,257.000,NaN,NaN,NaN,NaN,NaN,NaN,NaN
3431,1166,3694.000,20.682,-3.408,0.083,-0.043,0.776,0.996,694,0,3.765,2.148,827.000,187.000,867.000,300.000,20.670,-3.410,-1.090,0.880,0.600,1.730,-0.161
3432,1310,3694.000,38.208,-17.392,0.142,-0.135,0.052,NaN,694,0,-1.632,-0.943,1208.000,210.000,1230.000,272.000,NaN,NaN,NaN,NaN,NaN,NaN,NaN
3433,1384,3694.000,29.735,-6.571,0.169,-0.170,0.434,0.998,694,0,-1.309,5.979,911.000,191.000,936.000,257.000,29.760,-6.470,-1.180,1.770,0.550,1.830,-0.852
3434,1459,3694.000,26.746,2.308,-0.078,-0.037,0.411,0.860,694,0,-0.819,1.795,493.000,204.000,521.000,289.000,26.740,2.220,-1.330,0.930,0.550,1.830,-1.644
3435,1469,3694.000,28.771,11.894,0.078,-0.051,0.604,NaN,694,0,1.024,-1.280,51.000,200.000,86.000,263.000,NaN,NaN,NaN,NaN,NaN,NaN,NaN
3436,1514,3694.000,33.267,-4.022,-0.002,0.077,0.716,NaN,694,0,2.434,-1.315,765.000,191.000,793.000,262.000,NaN,NaN,NaN,NaN,NaN,NaN,NaN
3437,405,3695.000,197.682,-15.152,0.635,0.333,NaN,NaN,695,0,1.890,-0.000,NaN,NaN,NaN,NaN,NaN,NaN,NaN,NaN,NaN,NaN,NaN
3438,727,3695.000,183.476,-32.207,0.609,-0.122,NaN,NaN,695,0,-0.000,-0.000,NaN,NaN,NaN,NaN,NaN,NaN,NaN,NaN,NaN,NaN,NaN
3439,1019,3695.000,33.245,-9.989,0.123,-0.129,0.554,0.290,695,0,-1.307,-1.240,1010.000,193.000,1030.000,257.000,33.230,-9.930,-1.090,1.020,0.490,1.920,2.145
3440,1029,3695.000,35.490,-13.380,0.146,-0.195,0.445,NaN,695,0,-0.151,-1.322,1104.000,194.000,1131.000,256.000,NaN,NaN,NaN,NaN,NaN,NaN,NaN
3441,1166,3695.000,20.775,-3.451,0.084,-0.043,0.695,0.963,695,0,2.446,2.148,829.000,186.000,868.000,301.000,20.780,-3.450,-0.980,0.800,0.590,1.660,-0.578
3442,1310,3695.000,38.479,-17.520,0.154,-0.124,0.183,NaN,695,0,-1.123,-0.951,1209.000,213.000,1230.000,271.000,NaN,NaN,NaN,NaN,NaN,NaN,NaN
3443,1384,3695.000,30.046,-6.788,0.182,-0.180,0.554,0.087,695,0,-0.593,-1.444,912.000,191.000,940.000,256.000,30.110,-6.880,-1.170,1.690,0.610,2.000,-1.023
3444,1459,3695.000,26.661,2.216,-0.081,-0.048,0.702,0.999,695,0,1.111,6.369,497.000,204.000,525.000,288.000,26.670,2.130,-1.350,0.800,0.600,1.630,0.393
3445,1469,3695.000,28.845,11.864,0.075,-0.045,0.619,NaN,695,0,1.205,-1.284,55.000,200.000,85.000,262.000,NaN,NaN,NaN,NaN,NaN,NaN,NaN
3446,1514,3695.000,33.270,-3.903,-0.004,0.091,0.737,NaN,695,0,2.746,-1.312,760.000,191.000,791.000,262.000,NaN,NaN,NaN,NaN,NaN,NaN,NaN
3447,405,3696.000,198.313,-14.819,0.634,0.333,NaN,NaN,696,0,1.083,-0.000,NaN,NaN,NaN,NaN,NaN,NaN,NaN,NaN,NaN,NaN,NaN
3448,727,3696.000,184.085,-32.327,0.608,-0.121,NaN,NaN,696,0,-0.000,-0.000,NaN,NaN,NaN,NaN,NaN,NaN,NaN,NaN,NaN,NaN,NaN
3449,1019,3696.000,33.363,-10.158,0.124,-0.136,0.675,NaN,696,0,1.488,-1.327,1014.000,195.000,1037.000,255.000,NaN,NaN,NaN,NaN,NaN,NaN,NaN
3450,1029,3696.000,35.639,-13.559,0.146,-0.193,0.664,NaN,696,0,1.381,-1.323,1110.000,194.000,1136.000,253.000,NaN,NaN,NaN,NaN,NaN,NaN,NaN
3451,1166,3696.000,20.859,-3.493,0.084,-0.044,0.107,NaN,696,0,-1.355,-1.300,832.000,192.000,855.000,299.000,NaN,NaN,NaN,NaN,NaN,NaN,NaN
3452,1310,3696.000,38.770,-17.650,0.166,-0.115,0.173,NaN,696,0,-1.035,-0.951,1205.000,211.000,1232.000,273.000,NaN,NaN,NaN,NaN,NaN,NaN,NaN
3453,1384,3696.000,30.210,-7.010,0.181,-0.192,0.745,NaN,696,0,2.906,-1.324,916.000,191.000,946.000,255.000,NaN,NaN,NaN,NaN,NaN,NaN,NaN
3454,1459,3696.000,26.583,2.184,-0.081,-0.045,0.775,NaN,696,0,3.620,-1.327,496.000,205.000,528.000,289.000,NaN,NaN,NaN,NaN,NaN,NaN,NaN
3455,1469,3696.000,28.955,11.842,0.080,-0.040,0.767,NaN,696,0,3.261,-1.272,58.000,194.000,89.000,262.000,NaN,NaN,NaN,NaN,NaN,NaN,NaN
3456,1514,3696.000,33.306,-3.711,0.004,0.125,0.689,NaN,696,0,1.982,-1.311,750.000,191.000,782.000,260.000,NaN,NaN,NaN,NaN,NaN,NaN,NaN
3457,405,3697.000,198.941,-14.488,0.631,0.331,NaN,NaN,697,0,0.026,-0.000,NaN,NaN,NaN,NaN,NaN,NaN,NaN,NaN,NaN,NaN,NaN
3458,727,3697.000,184.695,-32.448,0.608,-0.121,NaN,NaN,697,0,-0.000,-0.000,NaN,NaN,NaN,NaN,NaN,NaN,NaN,NaN,NaN,NaN,NaN
3459,1019,3697.000,33.476,-10.335,0.123,-0.146,0.584,NaN,697,0,0.649,-1.327,1022.000,198.000,1040.000,256.000,NaN,NaN,NaN,NaN,NaN,NaN,NaN
3460,1029,3697.000,35.782,-13.725,0.146,-0.186,0.558,NaN,697,0,0.499,-1.325,1114.000,195.000,1140.000,251.000,NaN,NaN,NaN,NaN,NaN,NaN,NaN
3461,1166,3697.000,20.912,-3.540,0.078,-0.045,0.148,0.014,697,0,-1.244,-1.318,834.000,183.000,874.000,280.000,20.890,-3.560,-1.050,1.790,0.520,1.730,-0.683
3462,1310,3697.000,39.042,-17.764,0.176,-0.105,0.054,NaN,697,0,-1.646,-0.951,1210.000,211.000,1231.000,272.000,NaN,NaN,NaN,NaN,NaN,NaN,NaN
3463,1384,3697.000,30.359,-7.190,0.178,-0.190,0.765,1.000,697,0,1.026,5.979,919.000,191.000,955.000,255.000,30.300,-7.190,-1.090,1.800,0.570,1.840,-0.868
3464,1459,3697.000,26.567,2.145,-0.064,-0.045,0.721,0.890,697,0,1.397,2.716,496.000,188.000,532.000,289.000,26.630,2.130,-1.350,0.760,0.770,1.550,0.470
3465,1469,3697.000,29.108,11.823,0.091,-0.038,0.695,0.087,697,0,0.497,-1.285,63.000,196.000,93.000,262.000,29.110,11.800,-0.920,0.770,0.670,1.750,-0.396
3466,1514,3697.000,33.370,-3.533,0.016,0.142,0.733,NaN,697,0,2.590,-1.290,743.000,191.000,776.000,260.000,NaN,NaN,NaN,NaN,NaN,NaN,NaN
3467,405,3698.000,199.570,-14.158,0.631,0.330,NaN,NaN,698,0,-0.000,-0.000,NaN,NaN,NaN,NaN,NaN,NaN,NaN,NaN,NaN,NaN,NaN
3468,727,3698.000,185.302,-32.569,0.607,-0.122,NaN,NaN,698,0,-0.000,-0.000,NaN,NaN,NaN,NaN,NaN,NaN,NaN,NaN,NaN,NaN,NaN
3469,1019,3698.000,33.742,-10.517,0.144,-0.147,0.030,0.900,698,0,-4.310,2.532,1027.000,203.000,1051.000,257.000,33.850,-10.580,-1.240,1.040,0.620,1.890,-0.985
3470,1029,3698.000,35.944,-13.882,0.149,-0.178,0.414,NaN,698,0,-0.333,-1.325,1118.000,194.000,1142.000,258.000,NaN,NaN,NaN,NaN,NaN,NaN,NaN
3471,1166,3698.000,21.049,-3.626,0.090,-0.056,0.068,0.352,698,0,-1.887,-0.076,831.000,183.000,876.000,301.000,21.100,-3.700,-1.170,0.810,0.580,1.720,-0.256
3472,1310,3698.000,39.253,-17.867,0.181,-0.099,0.034,NaN,698,0,-2.036,-0.959,1215.000,212.000,1230.000,266.000,NaN,NaN,NaN,NaN,NaN,NaN,NaN
3473,1384,3698.000,30.579,-7.423,0.186,-0.201,0.712,0.956,698,0,0.297,6.654,926.000,195.000,959.000,255.000,30.650,-7.520,-1.220,1.770,0.570,2.090,-0.833
3474,1459,3698.000,26.465,2.026,-0.069,-0.063,0.687,0.989,698,0,1.231,4.938,497.000,203.000,529.000,288.000,26.430,1.920,-1.280,0.500,0.520,1.880,-1.944
3475,1469,3698.000,29.203,11.781,0.093,-0.040,0.706,NaN,698,0,2.280,-1.179,68.000,197.000,96.000,262.000,NaN,NaN,NaN,NaN,NaN,NaN,NaN
3476,1514,3698.000,33.331,-3.428,0.008,0.133,0.570,NaN,698,0,0.787,-1.208,746.000,191.000,772.000,261.000,NaN,NaN,NaN,NaN,NaN,NaN,NaN
3477,405,3699.000,200.377,-14.304,0.634,0.299,0.062,NaN,699,0,-0.000,-0.000,703.000,213.000,734.000,250.000,NaN,NaN,NaN,NaN,NaN,NaN,NaN
3478,727,3699.000,187.919,-33.802,0.615,-0.211,0.087,NaN,699,0,-0.000,-0.000,857.000,193.000,881.000,324.000,NaN,NaN,NaN,NaN,NaN,NaN,NaN
3479,1019,3699.000,33.883,-10.669,0.144,-0.150,0.523,NaN,699,0,0.165,-1.327,1029.000,197.000,1048.000,255.000,NaN,NaN,NaN,NaN,NaN,NaN,NaN
3480,1029,3699.000,36.100,-14.058,0.150,-0.177,0.029,NaN,699,0,-2.536,-1.325,1120.000,198.000,1151.000,262.000,NaN,NaN,NaN,NaN,NaN,NaN,NaN
3481,1166,3699.000,21.135,-3.732,0.088,-0.070,0.284,NaN,699,0,-0.431,-1.298,840.000,192.000,880.000,321.000,NaN,NaN,NaN,NaN,NaN,NaN,NaN
3482,1310,3699.000,39.433,-17.967,0.181,-0.099,NaN,NaN,699,0,-2.241,-0.959,NaN,NaN,NaN,NaN,NaN,NaN,NaN,NaN,NaN,NaN,NaN
3483,1384,3699.000,30.764,-7.632,0.183,-0.202,0.768,NaN,699,0,3.261,-1.327,934.000,189.000,966.000,254.000,NaN,NaN,NaN,NaN,NaN,NaN,NaN
3484,1459,3699.000,26.394,1.951,-0.072,-0.066,0.314,NaN,699,0,-0.637,-1.327,505.000,188.000,542.000,287.000,NaN,NaN,NaN,NaN,NaN,NaN,NaN
3485,1469,3699.000,29.299,11.777,0.091,-0.031,0.025,NaN,699,0,-2.154,-1.126,64.000,202.000,98.000,272.000,NaN,NaN,NaN,NaN,NaN,NaN,NaN
3486,1514,3699.000,33.365,-3.254,0.018,0.145,0.734,NaN,699,0,2.590,-1.078,732.000,192.000,764.000,256.000,NaN,NaN,NaN,NaN,NaN,NaN,NaN
3487,405,3700.000,200.792,-14.020,0.627,0.297,0.030,NaN,700,0,-0.000,-0.000,702.000,213.000,727.000,248.000,NaN,NaN,NaN,NaN,NaN,NaN,NaN
3488,727,3700.000,188.534,-34.013,0.613,-0.211,NaN,NaN,700,0,-0.000,-0.000,NaN,NaN,NaN,NaN,NaN,NaN,NaN,NaN,NaN,NaN,NaN
3489,1019,3700.000,33.996,-10.808,0.140,-0.148,0.557,0.031,700,0,-1.451,-2.155,1034.000,194.000,1055.000,258.000,33.980,-10.800,-1.260,0.890,0.680,1.880,-0.935
3490,1029,3700.000,36.231,-14.240,0.146,-0.182,0.393,0.179,700,0,-2.587,-1.831,1128.000,184.000,1154.000,246.000,36.300,-14.210,-1.110,0.710,0.680,1.760,-0.650
3491,1166,3700.000,21.291,-3.856,0.101,-0.084,0.553,0.051,700,0,1.274,-1.095,847.000,193.000,883.000,280.000,21.330,-3.910,-1.110,0.800,0.540,1.730,0.398
3492,1310,3700.000,39.670,-18.036,0.187,-0.087,0.035,NaN,700,0,-1.886,-0.986,1205.000,207.000,1232.000,272.000,NaN,NaN,NaN,NaN,NaN,NaN,NaN
3493,1384,3700.000,30.847,-7.770,0.160,-0.189,NaN,0.031,700,0,-3.835,-1.880,913.000,191.000,990.000,272.000,30.710,-7.630,-1.110,1.980,0.510,1.780,-0.957
3494,1459,3700.000,26.309,1.852,-0.071,-0.071,0.448,0.958,700,0,-0.376,4.938,504.000,187.000,538.000,290.000,26.330,1.830,-1.250,0.510,0.510,1.700,-2.044
3495,1469,3700.000,29.398,11.692,0.095,-0.045,0.652,0.179,700,0,0.178,-0.946,78.000,195.000,101.000,257.000,29.430,11.590,-0.830,0.760,0.660,1.710,0.389
3496,1514,3700.000,33.443,-3.091,0.028,0.151,0.696,NaN,700,0,2.128,-1.191,728.000,191.000,757.000,258.000,NaN,NaN,NaN,NaN,NaN,NaN,NaN
3497,405,3701.000,201.418,-13.723,0.627,0.298,NaN,NaN,701,0,-0.000,-0.000,NaN,NaN,NaN,NaN,NaN,NaN,NaN,NaN,NaN,NaN,NaN
3498,727,3701.000,189.150,-34.223,0.614,-0.210,NaN,NaN,701,0,-0.000,-0.000,NaN,NaN,NaN,NaN,NaN,NaN,NaN,NaN,NaN,NaN,NaN
3499,1019,3701.000,34.153,-10.983,0.140,-0.154,0.633,0.079,701,0,-1.036,-1.947,1038.000,194.000,1056.000,258.000,34.170,-11.040,-1.180,0.770,0.510,1.750,-0.750
3500,1166,3701.000,21.396,-3.958,0.102,-0.089,0.056,0.029,701,0,-1.991,-1.229,847.000,192.000,887.000,338.000,21.400,-4.020,-1.080,0.870,0.580,1.830,-0.407
3501,1310,3701.000,39.855,-18.123,0.186,-0.088,NaN,NaN,701,0,-0.713,-0.967,NaN,NaN,NaN,NaN,NaN,NaN,NaN,NaN,NaN,NaN,NaN
3502,1384,3701.000,31.007,-7.960,0.161,-0.188,0.015,0.900,701,0,-3.827,2.616,947.000,210.000,975.000,252.000,31.020,-7.940,-1.140,1.790,0.550,1.940,-0.904
3503,1459,3701.000,26.283,1.783,-0.061,-0.070,0.573,0.966,701,0,0.441,4.938,508.000,202.000,540.000,290.000,26.310,1.790,-1.300,0.920,0.610,1.730,0.637
3504,1469,3701.000,29.497,11.603,0.098,-0.057,0.665,0.079,701,0,0.244,-1.303,79.000,197.000,103.000,256.000,29.480,11.540,-0.820,0.770,0.580,1.720,-0.214
3505,1514,3701.000,33.512,-2.928,0.033,0.155,0.692,NaN,701,0,1.982,-1.288,720.000,192.000,752.000,256.000,NaN,NaN,NaN,NaN,NaN,NaN,NaN
3506,405,3702.000,202.042,-13.424,0.627,0.299,NaN,NaN,702,0,0.090,-0.000,NaN,NaN,NaN,NaN,NaN,NaN,NaN,NaN,NaN,NaN,NaN
3507,727,3702.000,193.625,-33.930,0.690,-0.095,0.086,NaN,702,0,-0.000,-0.000,847.000,201.000,857.000,259.000,NaN,NaN,NaN,NaN,NaN,NaN,NaN
3508,1019,3702.000,34.285,-11.163,0.138,-0.161,0.646,NaN,702,0,1.509,-1.327,1042.000,194.000,1064.000,255.000,NaN,NaN,NaN,NaN,NaN,NaN,NaN
3509,1166,3702.000,21.498,-4.048,0.102,-0.090,NaN,NaN,702,0,-1.981,-1.277,NaN,NaN,NaN,NaN,NaN,NaN,NaN,NaN,NaN,NaN,NaN
3510,1310,3702.000,40.040,-18.212,0.185,-0.088,NaN,NaN,702,0,-0.106,-0.994,NaN,NaN,NaN,NaN,NaN,NaN,NaN,NaN,NaN,NaN,NaN
3511,1384,3702.000,31.176,-8.127,0.161,-0.184,0.336,NaN,702,0,-0.693,-1.327,952.000,192.000,979.000,253.000,NaN,NaN,NaN,NaN,NaN,NaN,NaN
3512,1459,3702.000,26.222,1.782,-0.064,-0.054,0.712,NaN,702,0,2.462,-1.326,508.000,203.000,544.000,290.000,NaN,NaN,NaN,NaN,NaN,NaN,NaN
3513,1469,3702.000,29.578,11.576,0.091,-0.049,0.688,NaN,702,0,1.982,-1.265,84.000,200.000,109.000,263.000,NaN,NaN,NaN,NaN,NaN,NaN,NaN
3514,1514,3702.000,33.600,-2.772,0.038,0.157,0.729,NaN,702,0,2.590,-1.317,716.000,191.000,745.000,257.000,NaN,NaN,NaN,NaN,NaN,NaN,NaN
3515,405,3703.000,202.408,-12.468,0.632,0.341,0.028,NaN,703,0,-0.000,-0.000,688.000,211.000,710.000,248.000,NaN,NaN,NaN,NaN,NaN,NaN,NaN
3516,727,3703.000,194.499,-33.936,0.694,-0.078,0.029,NaN,703,0,-0.000,-0.000,848.000,201.000,857.000,224.000,NaN,NaN,NaN,NaN,NaN,NaN,NaN
3517,1019,3703.000,34.415,-11.338,0.135,-0.163,0.295,NaN,703,0,-0.846,-1.326,1048.000,195.000,1068.000,256.000,NaN,NaN,NaN,NaN,NaN,NaN,NaN
3518,1166,3703.000,21.518,-4.076,0.082,-0.076,0.694,0.030,703,0,2.446,-1.251,860.000,188.000,896.000,275.000,21.440,-4.030,-1.040,0.860,0.590,1.780,-1.011
3519,1310,3703.000,40.224,-18.299,0.184,-0.087,NaN,NaN,703,0,-1.393,-0.994,NaN,NaN,NaN,NaN,NaN,NaN,NaN,NaN,NaN,NaN,NaN
3520,1384,3703.000,31.278,-8.259,0.148,-0.170,0.660,0.565,703,0,-0.196,-0.344,959.000,190.000,991.000,253.000,31.220,-8.160,-1.090,1.970,0.580,1.950,-0.893
3521,1459,3703.000,26.204,1.710,-0.054,-0.058,0.771,0.981,703,0,2.118,4.938,512.000,205.000,548.000,291.000,26.240,1.720,-1.270,0.730,0.740,1.620,0.320
3522,1469,3703.000,29.680,11.526,0.091,-0.048,0.750,0.390,703,0,0.957,-0.708,87.000,199.000,117.000,263.000,29.670,11.510,-0.830,0.770,0.650,1.740,0.396
3523,1514,3703.000,33.672,-2.555,0.055,0.174,0.662,0.117,703,0,-0.829,-1.813,711.000,193.000,738.000,258.000,33.800,-2.380,-1.190,1.890,0.580,1.890,1.359
3524,405,3704.000,203.040,-12.126,0.633,0.342,NaN,NaN,704,0,-0.000,-0.000,NaN,NaN,NaN,NaN,NaN,NaN,NaN,NaN,NaN,NaN,NaN
3525,727,3704.000,197.475,-34.411,0.711,-0.082,0.041,NaN,704,0,-0.602,-0.269,848.000,201.000,858.000,226.000,NaN,NaN,NaN,NaN,NaN,NaN,NaN
3526,1019,3704.000,34.530,-11.535,0.131,-0.175,0.169,NaN,704,0,-1.434,-1.319,1051.000,195.000,1088.000,263.000,NaN,NaN,NaN,NaN,NaN,NaN,NaN
3527,1166,3704.000,21.607,-4.153,0.083,-0.075,0.775,0.370,704,0,3.351,-0.083,860.000,188.000,898.000,278.000,21.610,-4.160,-1.070,0.890,0.570,1.740,-1.111
3528,1310,3704.000,40.365,-18.376,0.178,-0.085,0.013,NaN,704,0,-2.189,-0.994,1215.000,210.000,1230.000,265.000,NaN,NaN,NaN,NaN,NaN,NaN,NaN
3529,1384,3704.000,31.436,-8.423,0.151,-0.169,NaN,0.928,704,0,-3.835,6.654,944.000,191.000,1009.000,280.000,31.430,-8.420,-1.210,1.880,0.540,2.000,-0.788
3530,1459,3704.000,26.167,1.629,-0.047,-0.063,0.783,0.945,704,0,2.198,4.938,516.000,205.000,549.000,291.000,26.170,1.590,-1.320,0.890,0.610,1.700,0.598
3531,1469,3704.000,29.753,11.478,0.090,-0.051,0.777,NaN,704,0,3.460,-1.253,89.000,196.000,120.000,264.000,NaN,NaN,NaN,NaN,NaN,NaN,NaN
3532,1514,3704.000,33.741,-2.400,0.057,0.171,0.750,NaN,704,0,2.906,-1.320,702.000,193.000,734.000,256.000,NaN,NaN,NaN,NaN,NaN,NaN,NaN
3533,405,3705.000,203.672,-11.784,0.634,0.342,NaN,NaN,705,0,0.422,-0.000,NaN,NaN,NaN,NaN,NaN,NaN,NaN,NaN,NaN,NaN,NaN
3534,727,3705.000,200.749,-34.939,0.728,-0.086,0.044,NaN,705,0,-0.772,-0.345,848.000,201.000,857.000,222.000,NaN,NaN,NaN,NaN,NaN,NaN,NaN
3535,1166,3705.000,21.689,-4.242,0.083,-0.078,0.791,NaN,705,0,3.821,-1.296,861.000,190.000,902.000,276.000,NaN,NaN,NaN,NaN,NaN,NaN,NaN
3536,1310,3705.000,40.542,-18.461,0.178,-0.084,NaN,NaN,705,0,-1.547,-0.975,NaN,NaN,NaN,NaN,NaN,NaN,NaN,NaN,NaN,NaN,NaN
3537,1384,3705.000,31.578,-8.635,0.151,-0.180,0.622,NaN,705,0,0.986,-1.327,971.000,195.000,1000.000,253.000,NaN,NaN,NaN,NaN,NaN,NaN,NaN
3538,1459,3705.000,26.116,1.616,-0.049,-0.050,0.663,NaN,705,0,1.803,-1.321,516.000,206.000,554.000,291.000,NaN,NaN,NaN,NaN,NaN,NaN,NaN
3539,1469,3705.000,29.842,11.428,0.089,-0.048,0.749,NaN,705,0,2.906,-1.209,94.000,197.000,125.000,264.000,NaN,NaN,NaN,NaN,NaN,NaN,NaN
3540,1514,3705.000,33.815,-2.261,0.061,0.165,0.558,NaN,705,0,0.715,-1.317,700.000,192.000,723.000,258.000,NaN,NaN,NaN,NaN,NaN,NaN,NaN
3541,405,3706.000,204.306,-11.441,0.635,0.343,NaN,NaN,706,0,0.649,-0.000,NaN,NaN,NaN,NaN,NaN,NaN,NaN,NaN,NaN,NaN,NaN
3542,727,3706.000,202.541,-35.255,0.738,-0.096,0.050,NaN,706,0,-0.000,-0.000,848.000,201.000,858.000,221.000,NaN,NaN,NaN,NaN,NaN,NaN,NaN
3543,1166,3706.000,21.817,-4.359,0.093,-0.088,0.827,0.043,706,0,4.072,-1.221,861.000,192.000,904.000,276.000,21.850,-4.410,-1.110,0.740,0.550,1.770,-0.895
3544,1310,3706.000,40.720,-18.543,0.178,-0.083,NaN,NaN,706,0,-1.342,-0.975,NaN,NaN,NaN,NaN,NaN,NaN,NaN,NaN,NaN,NaN,NaN
3545,1384,3706.000,31.720,-8.785,0.148,-0.174,0.262,1.000,706,0,-2.419,2.487,972.000,199.000,1000.000,252.000,31.710,-8.710,-1.190,1.840,0.560,1.980,-0.822
3546,1459,3706.000,26.112,1.549,-0.038,-0.052,0.418,0.956,706,0,-0.578,4.938,526.000,206.000,559.000,264.000,26.120,1.500,-1.290,0.800,0.630,1.610,0.227
3547,1469,3706.000,29.934,11.376,0.090,-0.049,0.752,NaN,706,0,2.906,-1.125,100.000,196.000,128.000,260.000,NaN,NaN,NaN,NaN,NaN,NaN,NaN
3548,1514,3706.000,33.874,-2.060,0.064,0.174,0.588,0.057,706,0,-1.210,-2.004,697.000,191.000,717.000,253.000,33.870,-1.950,-1.190,1.810,0.600,1.860,1.480
3549,405,3707.000,206.462,-12.323,0.667,0.255,0.204,NaN,707,0,-0.000,-0.000,697.000,190.000,714.000,236.000,NaN,NaN,NaN,NaN,NaN,NaN,NaN
3550,727,3707.000,205.553,-35.788,0.760,-0.107,0.058,NaN,707,0,-0.000,-0.000,848.000,201.000,858.000,220.000,NaN,NaN,NaN,NaN,NaN,NaN,NaN
3551,1166,3707.000,21.905,-4.405,0.090,-0.076,0.849,NaN,707,0,4.491,-1.304,863.000,193.000,906.000,275.000,NaN,NaN,NaN,NaN,NaN,NaN,NaN
3552,1310,3707.000,40.898,-18.626,0.178,-0.083,NaN,NaN,707,0,-1.867,-0.975,NaN,NaN,NaN,NaN,NaN,NaN,NaN,NaN,NaN,NaN,NaN
3553,1384,3707.000,31.887,-8.966,0.151,-0.175,0.080,0.997,707,0,-3.430,2.487,1017.000,206.000,1026.000,221.000,31.910,-8.970,-1.220,1.760,0.430,1.850,-0.816
3554,1459,3707.000,26.065,1.444,-0.042,-0.065,0.668,0.988,707,0,1.024,4.938,529.000,205.000,564.000,282.000,26.030,1.360,-1.250,0.760,0.750,1.700,0.407
3555,1469,3707.000,30.032,11.312,0.092,-0.054,0.543,0.423,707,0,-0.467,-0.483,101.000,201.000,128.000,255.000,30.050,11.230,-0.880,0.700,0.670,1.720,0.041
3556,1514,3707.000,33.939,-1.885,0.066,0.176,NaN,NaN,707,0,-2.492,-1.252,NaN,NaN,NaN,NaN,NaN,NaN,NaN,NaN,NaN,NaN,NaN
3557,405,3708.000,206.577,-11.519,0.670,0.291,0.037,NaN,708,0,-0.000,-0.000,688.000,205.000,699.000,232.000,NaN,NaN,NaN,NaN,NaN,NaN,NaN
3558,727,3708.000,207.172,-36.066,0.768,-0.113,0.025,NaN,708,0,-0.000,-0.000,848.000,202.000,857.000,227.000,NaN,NaN,NaN,NaN,NaN,NaN,NaN
3559,1166,3708.000,21.999,-4.460,0.092,-0.071,0.828,NaN,708,0,4.413,-1.307,866.000,192.000,909.000,277.000,NaN,NaN,NaN,NaN,NaN,NaN,NaN
3560,1310,3708.000,41.075,-18.708,0.177,-0.082,NaN,NaN,708,0,-1.698,-1.002,NaN,NaN,NaN,NaN,NaN,NaN,NaN,NaN,NaN,NaN,NaN
3561,1384,3708.000,32.037,-9.138,0.153,-0.175,0.761,NaN,708,0,3.077,-1.327,983.000,192.000,1015.000,253.000,NaN,NaN,NaN,NaN,NaN,NaN,NaN
3562,1459,3708.000,26.023,1.378,-0.042,-0.066,NaN,NaN,708,0,-2.238,-1.305,NaN,NaN,NaN,NaN,NaN,NaN,NaN,NaN,NaN,NaN,NaN
3563,1469,3708.000,30.115,11.316,0.087,-0.040,0.645,NaN,708,0,1.509,-0.691,105.000,196.000,129.000,257.000,NaN,NaN,NaN,NaN,NaN,NaN,NaN
3564,1514,3708.000,34.005,-1.709,0.065,0.176,NaN,NaN,708,0,-2.680,-1.186,NaN,NaN,NaN,NaN,NaN,NaN,NaN,NaN,NaN,NaN,NaN
3565,405,3709.000,207.266,-11.652,0.658,0.258,0.038,NaN,709,0,-0.000,-0.000,694.000,205.000,705.000,232.000,NaN,NaN,NaN,NaN,NaN,NaN,NaN
3566,727,3709.000,208.244,-36.254,0.771,-0.119,0.030,NaN,709,0,-0.000,-0.000,848.000,201.000,857.000,220.000,NaN,NaN,NaN,NaN,NaN,NaN,NaN
3567,1166,3709.000,22.092,-4.505,0.092,-0.064,0.795,NaN,709,0,3.821,-1.305,869.000,191.000,910.000,278.000,NaN,NaN,NaN,NaN,NaN,NaN,NaN
3568,1310,3709.000,41.251,-18.792,0.176,-0.084,NaN,NaN,709,0,0.573,-1.010,NaN,NaN,NaN,NaN,NaN,NaN,NaN,NaN,NaN,NaN,NaN
3569,1384,3709.000,32.107,-9.225,0.136,-0.155,0.235,0.742,709,0,-2.552,0.217,988.000,193.000,1020.000,253.000,32.040,-9.060,-1.120,0.630,0.660,1.810,-1.229
3570,1459,3709.000,25.947,1.212,-0.055,-0.088,0.548,0.123,709,0,0.327,-1.000,536.000,205.000,582.000,282.000,25.900,1.100,-1.240,1.800,0.590,1.790,-1.513
3571,1469,3709.000,30.202,11.311,0.085,-0.030,0.379,NaN,709,0,-0.327,-0.654,108.000,202.000,131.000,255.000,NaN,NaN,NaN,NaN,NaN,NaN,NaN
3572,1514,3709.000,34.040,-1.576,0.059,0.168,0.494,0.012,709,0,-1.667,-2.034,670.000,193.000,696.000,258.000,34.000,-1.610,-1.200,0.770,0.650,1.930,0.416
3573,405,3710.000,207.920,-11.394,0.658,0.258,NaN,NaN,710,0,0.165,-0.000,NaN,NaN,NaN,NaN,NaN,NaN,NaN,NaN,NaN,NaN,NaN
3574,727,3710.000,209.057,-36.397,0.773,-0.122,0.022,NaN,710,0,-0.000,-0.000,848.000,201.000,857.000,220.000,NaN,NaN,NaN,NaN,NaN,NaN,NaN
3575,1166,3710.000,22.184,-4.571,0.092,-0.066,NaN,NaN,710,0,-3.261,-1.304,NaN,NaN,NaN,NaN,NaN,NaN,NaN,NaN,NaN,NaN,NaN
3576,1310,3710.000,41.427,-18.876,0.176,-0.084,NaN,NaN,710,0,-1.957,-1.010,NaN,NaN,NaN,NaN,NaN,NaN,NaN,NaN,NaN,NaN,NaN
3577,1384,3710.000,32.320,-9.423,0.153,-0.164,0.016,0.883,710,0,-3.979,1.760,994.000,203.000,1025.000,253.000,32.440,-9.520,-1.110,1.920,0.580,1.950,-0.882
3578,1459,3710.000,25.917,1.076,-0.051,-0.098,0.188,0.014,710,0,-1.570,-1.506,538.000,204.000,583.000,282.000,25.950,1.010,-1.330,0.780,0.630,1.810,-1.645
3579,1469,3710.000,30.285,11.286,0.083,-0.028,0.370,NaN,710,0,-0.355,-0.658,111.000,200.000,135.000,257.000,NaN,NaN,NaN,NaN,NaN,NaN,NaN
3580,1514,3710.000,34.098,-1.507,0.057,0.149,0.074,NaN,710,0,-2.007,-1.303,669.000,194.000,695.000,257.000,NaN,NaN,NaN,NaN,NaN,NaN,NaN
3581,1574,3710.000,22.040,-4.410,0.000,0.000,0.840,0.996,710,0,4.120,2.238,871.000,191.000,910.000,276.000,22.040,-4.410,-1.020,0.800,0.570,1.620,-0.231
3582,405,3711.000,208.574,-11.137,0.657,0.258,NaN,NaN,711,0,0.422,-0.000,NaN,NaN,NaN,NaN,NaN,NaN,NaN,NaN,NaN,NaN,NaN
3583,727,3711.000,209.816,-36.532,0.774,-0.125,0.041,NaN,711,0,-0.000,-0.000,848.000,201.000,857.000,221.000,NaN,NaN,NaN,NaN,NaN,NaN,NaN
3584,1166,3711.000,22.284,-4.608,0.097,-0.061,0.872,NaN,711,0,4.491,-1.296,875.000,187.000,912.000,280.000,NaN,NaN,NaN,NaN,NaN,NaN,NaN
3585,1310,3711.000,41.602,-18.962,0.175,-0.086,NaN,NaN,711,0,-2.009,-1.010,NaN,NaN,NaN,NaN,NaN,NaN,NaN,NaN,NaN,NaN,NaN
3586,1384,3711.000,32.465,-9.643,0.154,-0.178,0.027,NaN,711,0,-3.100,-1.327,1005.000,215.000,1027.000,253.000,NaN,NaN,NaN,NaN,NaN,NaN,NaN
3587,1459,3711.000,25.863,1.036,-0.051,-0.086,0.128,NaN,711,0,-1.595,-1.273,542.000,208.000,583.000,281.000,NaN,NaN,NaN,NaN,NaN,NaN,NaN
3588,1469,3711.000,30.367,11.242,0.084,-0.032,0.754,NaN,711,0,2.906,-0.706,113.000,200.000,142.000,263.000,NaN,NaN,NaN,NaN,NaN,NaN,NaN
3589,1514,3711.000,34.159,-1.383,0.054,0.145,0.571,NaN,711,0,0.787,-1.310,663.000,194.000,690.000,257.000,NaN,NaN,NaN,NaN,NaN,NaN,NaN
3590,1574,3711.000,22.034,-4.426,0.001,-0.006,NaN,NaN,711,0,-3.051,-1.306,NaN,NaN,NaN,NaN,NaN,NaN,NaN,NaN,NaN,NaN,NaN
3591,405,3712.000,209.232,-10.879,0.657,0.258,NaN,NaN,712,0,-0.000,-0.000,NaN,NaN,NaN,NaN,NaN,NaN,NaN,NaN,NaN,NaN,NaN
3592,727,3712.000,210.595,-36.670,0.772,-0.127,0.036,NaN,712,0,-0.000,-0.000,848.000,201.000,857.000,220.000,NaN,NaN,NaN,NaN,NaN,NaN,NaN
3593,1166,3712.000,22.383,-4.669,0.098,-0.061,NaN,NaN,712,0,-2.747,-1.294,NaN,NaN,NaN,NaN,NaN,NaN,NaN,NaN,NaN,NaN,NaN
3594,1310,3712.000,41.777,-19.049,0.176,-0.087,NaN,NaN,712,0,-2.009,-1.010,NaN,NaN,NaN,NaN,NaN,NaN,NaN,NaN,NaN,NaN,NaN
3595,1384,3712.000,32.571,-9.782,0.145,-0.169,0.078,0.221,712,0,-3.662,-1.403,1005.000,193.000,1036.000,253.000,32.530,-9.700,-1.140,0.870,0.530,1.860,-1.101
3596,1459,3712.000,25.826,0.947,-0.052,-0.088,0.033,0.496,712,0,-2.897,-0.005,546.000,207.000,588.000,281.000,25.850,0.950,-1.350,0.780,0.540,1.700,0.396
3597,1469,3712.000,30.376,11.138,0.077,-0.044,0.752,0.050,712,0,0.957,-0.913,118.000,199.000,146.000,263.000,30.410,11.020,-0.990,0.820,0.650,1.810,-0.205
3598,1514,3712.000,34.211,-1.262,0.052,0.139,0.512,NaN,712,0,0.306,-1.316,659.000,194.000,684.000,256.000,NaN,NaN,NaN,NaN,NaN,NaN,NaN
3599,1574,3712.000,22.140,-4.479,0.031,-0.024,0.828,0.783,712,0,4.072,1.745,879.000,187.000,913.000,281.000,22.180,-4.500,-0.990,0.830,0.630,1.640,-0.307
3600,405,3713.000,209.888,-10.622,0.658,0.257,NaN,NaN,713,0,0.341,-0.000,NaN,NaN,NaN,NaN,NaN,NaN,NaN,NaN,NaN,NaN,NaN
3601,727,3713.000,211.513,-36.835,0.772,-0.131,0.038,NaN,713,0,-0.000,-0.000,848.000,201.000,857.000,220.000,NaN,NaN,NaN,NaN,NaN,NaN,NaN
3602,1166,3713.000,22.480,-4.732,0.097,-0.063,NaN,NaN,713,0,-1.828,-1.293,NaN,NaN,NaN,NaN,NaN,NaN,NaN,NaN,NaN,NaN,NaN
3603,1310,3713.000,41.952,-19.137,0.174,-0.088,NaN,NaN,713,0,-1.892,-1.011,NaN,NaN,NaN,NaN,NaN,NaN,NaN,NaN,NaN,NaN,NaN
3604,1384,3713.000,32.671,-9.889,0.138,-0.153,0.476,0.027,713,0,-1.599,-2.063,1015.000,192.000,1038.000,250.000,32.630,-9.770,-1.140,1.120,0.580,1.940,2.574
3605,1459,3713.000,25.759,0.863,-0.053,-0.088,0.121,0.935,713,0,-1.965,4.938,548.000,212.000,592.000,280.000,25.740,0.870,-1.320,0.720,0.660,1.740,0.489
3606,1469,3713.000,30.466,11.033,0.080,-0.062,0.725,0.044,713,0,0.553,-0.989,120.000,200.000,150.000,263.000,30.510,10.860,-0.900,0.750,0.630,1.680,0.360
3607,1514,3713.000,34.263,-1.122,0.052,0.140,NaN,NaN,713,0,-2.622,-1.318,NaN,NaN,NaN,NaN,NaN,NaN,NaN,NaN,NaN,NaN,NaN
3608,1574,3713.000,22.221,-4.548,0.043,-0.038,0.829,1.000,713,0,4.072,2.238,880.000,187.000,914.000,281.000,22.270,-4.580,-1.010,0.840,0.540,1.610,-0.140
3609,405,3714.000,211.665,-9.498,0.692,0.336,0.230,NaN,714,0,-0.000,-0.000,668.000,197.000,681.000,233.000,NaN,NaN,NaN,NaN,NaN,NaN,NaN
3610,727,3714.000,212.431,-37.002,0.771,-0.134,0.049,NaN,714,0,-0.000,-0.000,848.000,201.000,857.000,220.000,NaN,NaN,NaN,NaN,NaN,NaN,NaN
3611,1166,3714.000,22.567,-4.758,0.096,-0.056,0.738,NaN,714,0,2.907,-1.294,883.000,190.000,918.000,280.000,NaN,NaN,NaN,NaN,NaN,NaN,NaN
3612,1310,3714.000,41.732,-18.238,0.179,-0.005,0.036,NaN,714,0,-2.107,-1.035,1187.000,207.000,1207.000,252.000,NaN,NaN,NaN,NaN,NaN,NaN,NaN
3613,1384,3714.000,32.808,-10.044,0.138,-0.155,NaN,NaN,714,0,-2.408,-1.327,NaN,NaN,NaN,NaN,NaN,NaN,NaN,NaN,NaN,NaN,NaN
3614,1459,3714.000,25.699,0.823,-0.054,-0.079,0.121,NaN,714,0,-1.656,-1.281,557.000,207.000,593.000,281.000,NaN,NaN,NaN,NaN,NaN,NaN,NaN
3615,1469,3714.000,30.543,10.998,0.081,-0.056,0.704,NaN,714,0,2.128,-0.913,126.000,199.000,152.000,262.000,NaN,NaN,NaN,NaN,NaN,NaN,NaN
3616,1514,3714.000,34.322,-1.022,0.052,0.131,0.449,NaN,714,0,-0.081,-1.318,650.000,192.000,674.000,256.000,NaN,NaN,NaN,NaN,NaN,NaN,NaN
3617,1574,3714.000,22.265,-4.587,0.043,-0.040,NaN,NaN,714,0,-3.044,-1.303,NaN,NaN,NaN,NaN,NaN,NaN,NaN,NaN,NaN,NaN,NaN
3618,405,3715.000,212.151,-9.027,0.681,0.335,0.041,NaN,715,0,-0.000,-0.000,669.000,196.000,681.000,233.000,NaN,NaN,NaN,NaN,NaN,NaN,NaN
3619,727,3715.000,213.328,-37.167,0.769,-0.135,0.043,NaN,715,0,-0.000,-0.000,848.000,201.000,857.000,221.000,NaN,NaN,NaN,NaN,NaN,NaN,NaN
3620,1166,3715.000,22.662,-4.811,0.096,-0.053,NaN,NaN,715,0,-2.736,-1.294,NaN,NaN,NaN,NaN,NaN,NaN,NaN,NaN,NaN,NaN,NaN
3621,1310,3715.000,42.288,-18.519,0.190,-0.021,0.202,NaN,715,0,-0.053,-0.048,1193.000,194.000,1214.000,247.000,NaN,NaN,NaN,NaN,NaN,NaN,NaN
3622,1384,3715.000,32.904,-10.101,0.131,-0.134,0.460,0.848,715,0,-1.707,0.968,1018.000,194.000,1050.000,258.000,32.880,-10.010,-1.150,1.040,0.490,1.870,2.415
3623,1459,3715.000,25.637,0.724,-0.054,-0.085,0.102,0.841,715,0,-2.094,1.590,561.000,205.000,596.000,281.000,25.640,0.720,-1.320,0.780,0.700,1.830,-2.152
3624,1469,3715.000,30.611,10.939,0.077,-0.056,0.521,NaN,715,0,0.383,-0.988,131.000,201.000,155.000,262.000,NaN,NaN,NaN,NaN,NaN,NaN,NaN
3625,1514,3715.000,34.356,-0.866,0.046,0.135,0.492,NaN,715,0,-0.030,-1.316,642.000,195.000,666.000,255.000,NaN,NaN,NaN,NaN,NaN,NaN,NaN
3626,1574,3715.000,22.332,-4.626,0.054,-0.034,0.701,0.798,715,0,2.389,1.902,886.000,191.000,922.000,280.000,22.350,-4.630,-1.180,0.670,0.640,1.620,-0.051
3627,405,3716.000,212.831,-8.694,0.681,0.332,NaN,NaN,716,0,1.488,-0.000,NaN,NaN,NaN,NaN,NaN,NaN,NaN,NaN,NaN,NaN,NaN
3628,727,3716.000,214.204,-37.327,0.768,-0.136,0.052,NaN,716,0,-0.000,-0.000,848.000,201.000,857.000,220.000,NaN,NaN,NaN,NaN,NaN,NaN,NaN
3629,1166,3716.000,22.758,-4.866,0.096,-0.055,NaN,NaN,716,0,-2.349,-1.295,NaN,NaN,NaN,NaN,NaN,NaN,NaN,NaN,NaN,NaN,NaN
3630,1310,3716.000,42.821,-18.813,0.179,-0.051,0.036,NaN,716,0,-0.104,-0.051,1196.000,198.000,1214.000,248.000,NaN,NaN,NaN,NaN,NaN,NaN,NaN
3631,1384,3716.000,33.056,-10.230,0.135,-0.134,0.628,0.012,716,0,-0.821,-2.087,1026.000,193.000,1053.000,253.000,33.070,-10.250,-1.130,0.990,0.440,1.720,2.110
3632,1459,3716.000,25.578,0.617,-0.055,-0.090,0.501,0.975,716,0,-0.009,4.938,563.000,203.000,597.000,251.000,25.560,0.590,-1.330,0.870,0.740,1.850,-2.440
3633,1469,3716.000,30.690,10.893,0.076,-0.052,0.729,NaN,716,0,2.590,-1.052,134.000,198.000,158.000,263.000,NaN,NaN,NaN,NaN,NaN,NaN,NaN
3634,1514,3716.000,34.399,-0.724,0.045,0.136,0.742,NaN,716,0,2.746,-1.301,635.000,192.000,663.000,257.000,NaN,NaN,NaN,NaN,NaN,NaN,NaN
3635,1574,3716.000,22.445,-4.741,0.066,-0.050,0.729,0.793,716,0,2.624,1.655,888.000,192.000,924.000,282.000,22.510,-4.820,-1.070,0.790,0.570,1.630,-0.071
3636,405,3717.000,213.512,-8.362,0.680,0.332,NaN,NaN,717,0,-0.000,-0.000,NaN,NaN,NaN,NaN,NaN,NaN,NaN,NaN,NaN,NaN,NaN
3637,727,3717.000,215.133,-37.492,0.768,-0.136,0.033,NaN,717,0,-0.000,-0.000,848.000,201.000,857.000,223.000,NaN,NaN,NaN,NaN,NaN,NaN,NaN
3638,1166,3717.000,22.854,-4.921,0.096,-0.055,NaN,NaN,717,0,-1.473,-1.297,NaN,NaN,NaN,NaN,NaN,NaN,NaN,NaN,NaN,NaN,NaN
3639,1310,3717.000,42.999,-18.864,0.179,-0.051,NaN,NaN,717,0,0.895,-0.000,NaN,NaN,NaN,NaN,NaN,NaN,NaN,NaN,NaN,NaN,NaN
3640,1384,3717.000,33.123,-10.581,0.121,-0.175,0.057,NaN,717,0,-2.640,-1.327,1037.000,215.000,1059.000,252.000,NaN,NaN,NaN,NaN,NaN,NaN,NaN
3641,1459,3717.000,25.523,0.525,-0.055,-0.092,NaN,NaN,717,0,-2.725,-1.289,NaN,NaN,NaN,NaN,NaN,NaN,NaN,NaN,NaN,NaN,NaN
3642,1469,3717.000,30.769,10.840,0.076,-0.053,0.716,NaN,717,0,2.206,-1.055,138.000,202.000,163.000,262.000,NaN,NaN,NaN,NaN,NaN,NaN,NaN
3643,1514,3717.000,34.453,-0.543,0.046,0.147,0.546,NaN,717,0,0.639,-1.248,618.000,190.000,657.000,257.000,NaN,NaN,NaN,NaN,NaN,NaN,NaN
3644,1574,3717.000,22.492,-4.842,0.060,-0.057,0.826,NaN,717,0,4.413,-1.294,893.000,189.000,927.000,280.000,NaN,NaN,NaN,NaN,NaN,NaN,NaN
3645,405,3718.000,214.190,-8.032,0.678,0.330,NaN,NaN,718,0,0.573,-0.000,NaN,NaN,NaN,NaN,NaN,NaN,NaN,NaN,NaN,NaN,NaN
3646,727,3718.000,215.143,-37.478,0.764,-0.132,0.033,NaN,718,0,-0.000,-0.000,848.000,201.000,857.000,223.000,NaN,NaN,NaN,NaN,NaN,NaN,NaN
3647,1166,3718.000,22.950,-4.973,0.096,-0.052,NaN,NaN,718,0,-0.507,-1.298,NaN,NaN,NaN,NaN,NaN,NaN,NaN,NaN,NaN,NaN,NaN
3648,1310,3718.000,43.177,-18.914,0.178,-0.051,NaN,NaN,718,0,-0.003,-0.052,NaN,NaN,NaN,NaN,NaN,NaN,NaN,NaN,NaN,NaN,NaN
3649,1384,3718.000,33.283,-10.708,0.131,-0.167,0.735,0.650,718,0,0.114,-0.343,1034.000,192.000,1061.000,251.000,33.360,-10.570,-1.220,1.030,0.480,1.840,-1.119
3650,1459,3718.000,25.518,0.466,-0.047,-0.085,0.765,0.151,718,0,2.118,-0.912,573.000,205.000,617.000,295.000,25.570,0.490,-1.350,0.800,0.620,1.680,-0.581
3651,1469,3718.000,30.849,10.787,0.077,-0.054,0.669,NaN,718,0,1.724,-1.012,142.000,196.000,166.000,263.000,NaN,NaN,NaN,NaN,NaN,NaN,NaN
3652,1514,3718.000,34.508,-0.378,0.047,0.151,0.662,NaN,718,0,1.613,-1.123,619.000,194.000,651.000,258.000,NaN,NaN,NaN,NaN,NaN,NaN,NaN
3653,1574,3718.000,22.611,-4.899,0.072,-0.060,0.846,0.951,718,0,4.051,2.467,896.000,188.000,931.000,277.000,22.660,-4.910,-1.000,0.760,0.620,1.710,-0.036
3654,405,3719.000,214.867,-7.700,0.679,0.332,NaN,NaN,719,0,0.573,-0.000,NaN,NaN,NaN,NaN,NaN,NaN,NaN,NaN,NaN,NaN,NaN
3655,727,3719.000,216.184,-37.660,0.768,-0.132,0.038,NaN,719,0,-0.000,-0.000,848.000,201.000,857.000,223.000,NaN,NaN,NaN,NaN,NaN,NaN,NaN
3656,1166,3719.000,23.043,-5.025,0.093,-0.052,NaN,NaN,719,0,-0.012,3.500,NaN,NaN,NaN,NaN,NaN,NaN,NaN,NaN,NaN,NaN,NaN
3657,1310,3719.000,43.353,-18.965,0.176,-0.051,NaN,NaN,719,0,0.026,-0.052,NaN,NaN,NaN,NaN,NaN,NaN,NaN,NaN,NaN,NaN,NaN
3658,1384,3719.000,33.497,-10.887,0.148,-0.167,0.667,0.795,719,0,-0.784,0.238,1037.000,192.000,1065.000,252.000,33.640,-10.870,-1.090,0.940,0.470,1.870,-0.800
3659,1459,3719.000,25.487,0.374,-0.043,-0.085,0.730,0.143,719,0,1.790,-0.946,616.000,192.000,648.000,257.000,25.510,0.360,-1.370,1.740,0.670,1.800,-1.838
3660,1469,3719.000,30.931,10.721,0.078,-0.057,0.705,NaN,719,0,2.128,-0.919,144.000,197.000,173.000,264.000,NaN,NaN,NaN,NaN,NaN,NaN,NaN
3661,1514,3719.000,34.554,-0.227,0.046,0.152,NaN,NaN,719,0,-2.079,-2.080,NaN,NaN,NaN,NaN,NaN,NaN,NaN,NaN,NaN,NaN,NaN
3662,1574,3719.000,22.730,-4.978,0.082,-0.067,0.848,0.847,719,0,4.051,2.025,897.000,186.000,933.000,276.000,22.790,-5.010,-0.980,0.770,0.800,1.560,-0.084
3663,405,3720.000,215.541,-7.369,0.678,0.331,NaN,NaN,720,0,0.090,-0.000,NaN,NaN,NaN,NaN,NaN,NaN,NaN,NaN,NaN,NaN,NaN
3664,727,3720.000,217.169,-37.833,0.771,-0.133,0.032,NaN,720,0,-0.000,-0.000,848.000,201.000,857.000,223.000,NaN,NaN,NaN,NaN,NaN,NaN,NaN
3665,1166,3720.000,23.137,-5.077,0.094,-0.052,NaN,NaN,720,0,-0.336,-1.302,NaN,NaN,NaN,NaN,NaN,NaN,NaN,NaN,NaN,NaN,NaN
3666,1310,3720.000,42.608,-19.172,0.136,-0.156,0.111,NaN,720,0,-0.088,-0.053,1211.000,195.000,1231.000,234.000,NaN,NaN,NaN,NaN,NaN,NaN,NaN
3667,1384,3720.000,33.641,-11.069,0.145,-0.170,0.579,NaN,720,0,0.862,-1.326,1043.000,192.000,1072.000,255.000,NaN,NaN,NaN,NaN,NaN,NaN,NaN
3668,1459,3720.000,25.445,0.285,-0.042,-0.084,0.746,NaN,720,0,3.065,-1.311,583.000,208.000,632.000,296.000,NaN,NaN,NaN,NaN,NaN,NaN,NaN
3669,1469,3720.000,31.019,10.674,0.080,-0.054,0.807,NaN,720,0,4.053,-0.696,146.000,200.000,176.000,264.000,NaN,NaN,NaN,NaN,NaN,NaN,NaN
3670,1514,3720.000,34.598,-0.075,0.044,0.152,NaN,NaN,720,0,-2.678,-1.262,NaN,NaN,NaN,NaN,NaN,NaN,NaN,NaN,NaN,NaN,NaN
3671,1574,3720.000,22.801,-5.075,0.080,-0.074,0.849,NaN,720,0,4.491,-1.303,899.000,184.000,937.000,278.000,NaN,NaN,NaN,NaN,NaN,NaN,NaN
3672,405,3721.000,216.217,-7.038,0.677,0.331,NaN,NaN,721,0,1.476,-0.000,NaN,NaN,NaN,NaN,NaN,NaN,NaN,NaN,NaN,NaN,NaN
3673,727,3721.000,218.061,-37.990,0.774,-0.133,0.029,NaN,721,0,-0.000,-0.000,848.000,201.000,857.000,223.000,NaN,NaN,NaN,NaN,NaN,NaN,NaN
3674,1166,3721.000,23.231,-5.128,0.095,-0.051,NaN,NaN,721,0,-1.827,-1.303,NaN,NaN,NaN,NaN,NaN,NaN,NaN,NaN,NaN,NaN,NaN
3675,1310,3721.000,42.745,-19.326,0.136,-0.155,NaN,NaN,721,0,-1.279,-0.746,NaN,NaN,NaN,NaN,NaN,NaN,NaN,NaN,NaN,NaN,NaN
3676,1384,3721.000,33.766,-11.165,0.144,-0.152,NaN,0.120,721,0,-4.329,-1.812,1030.000,200.000,1072.000,271.000,33.730,-10.930,-1.260,0.760,0.580,1.730,-1.026
3677,1459,3721.000,25.412,0.204,-0.041,-0.082,0.679,0.854,721,0,1.371,1.832,594.000,196.000,635.000,296.000,25.440,0.200,-1.340,0.880,0.450,1.780,-1.857
3678,1469,3721.000,31.098,10.622,0.079,-0.054,0.738,NaN,721,0,2.746,-0.716,150.000,200.000,179.000,264.000,NaN,NaN,NaN,NaN,NaN,NaN,NaN
3679,1514,3721.000,34.641,0.076,0.043,0.151,NaN,NaN,721,0,-2.755,-1.298,NaN,NaN,NaN,NaN,NaN,NaN,NaN,NaN,NaN,NaN,NaN
3680,1574,3721.000,22.885,-5.121,0.080,-0.065,0.834,0.984,721,0,3.816,2.467,900.000,184.000,941.000,279.000,22.910,-5.070,-0.910,0.700,0.780,1.570,-0.338
3681,405,3722.000,216.891,-6.705,0.677,0.333,NaN,NaN,722,0,-0.000,-0.000,NaN,NaN,NaN,NaN,NaN,NaN,NaN,NaN,NaN,NaN,NaN
3682,727,3722.000,218.894,-38.161,0.773,-0.139,0.040,NaN,722,0,-0.000,-0.000,848.000,201.000,858.000,241.000,NaN,NaN,NaN,NaN,NaN,NaN,NaN
3683,1166,3722.000,23.325,-5.180,0.094,-0.052,NaN,NaN,722,0,-2.143,-1.304,NaN,NaN,NaN,NaN,NaN,NaN,NaN,NaN,NaN,NaN,NaN
3684,1310,3722.000,42.880,-19.481,0.135,-0.155,NaN,NaN,722,0,-1.718,-0.894,NaN,NaN,NaN,NaN,NaN,NaN,NaN,NaN,NaN,NaN,NaN
3685,1384,3722.000,33.909,-11.317,0.142,-0.152,NaN,NaN,722,0,-2.522,-1.313,NaN,NaN,NaN,NaN,NaN,NaN,NaN,NaN,NaN,NaN,NaN
3686,1459,3722.000,25.382,0.093,-0.039,-0.088,0.661,0.977,722,0,1.190,3.500,594.000,192.000,634.000,295.000,25.410,0.050,-1.390,0.870,0.650,1.860,-1.680
3687,1469,3722.000,31.163,10.579,0.077,-0.050,0.748,NaN,722,0,2.906,-0.803,154.000,201.000,180.000,263.000,NaN,NaN,NaN,NaN,NaN,NaN,NaN
3688,1514,3722.000,34.683,0.227,0.043,0.151,NaN,NaN,722,0,-0.401,-1.307,NaN,NaN,NaN,NaN,NaN,NaN,NaN,NaN,NaN,NaN,NaN
3689,1574,3722.000,22.968,-5.174,0.083,-0.064,0.843,0.990,722,0,3.916,2.467,901.000,185.000,943.000,279.000,22.990,-5.150,-0.980,0.890,0.550,1.740,0.059
3690,405,3723.000,217.567,-6.372,0.676,0.333,NaN,NaN,723,0,-0.000,-0.000,NaN,NaN,NaN,NaN,NaN,NaN,NaN,NaN,NaN,NaN,NaN
3691,727,3723.000,219.585,-38.284,0.774,-0.141,0.026,NaN,723,0,-0.000,-0.000,848.000,201.000,857.000,223.000,NaN,NaN,NaN,NaN,NaN,NaN,NaN
3692,1166,3723.000,23.418,-5.232,0.093,-0.052,NaN,NaN,723,0,-2.001,-1.303,NaN,NaN,NaN,NaN,NaN,NaN,NaN,NaN,NaN,NaN,NaN
3693,1310,3723.000,43.016,-19.637,0.136,-0.156,NaN,NaN,723,0,-1.468,-0.995,NaN,NaN,NaN,NaN,NaN,NaN,NaN,NaN,NaN,NaN,NaN
3694,1384,3723.000,34.026,-11.511,0.139,-0.161,0.662,NaN,723,0,1.613,-1.265,1056.000,193.000,1085.000,260.000,NaN,NaN,NaN,NaN,NaN,NaN,NaN
3695,1459,3723.000,25.339,0.034,-0.042,-0.081,0.537,NaN,723,0,0.910,-1.320,600.000,192.000,636.000,296.000,NaN,NaN,NaN,NaN,NaN,NaN,NaN
3696,1469,3723.000,31.233,10.553,0.076,-0.040,0.735,NaN,723,0,2.746,-1.030,155.000,201.000,182.000,264.000,NaN,NaN,NaN,NaN,NaN,NaN,NaN
3697,1514,3723.000,34.727,0.378,0.043,0.152,NaN,NaN,723,0,-1.526,-1.302,NaN,NaN,NaN,NaN,NaN,NaN,NaN,NaN,NaN,NaN,NaN
3698,1574,3723.000,23.047,-5.257,0.084,-0.069,0.840,NaN,723,0,4.474,-1.311,904.000,187.000,946.000,278.000,NaN,NaN,NaN,NaN,NaN,NaN,NaN
3699,405,3724.000,218.244,-6.039,0.677,0.333,NaN,NaN,724,0,-0.000,-0.000,NaN,NaN,NaN,NaN,NaN,NaN,NaN,NaN,NaN,NaN,NaN
3700,727,3724.000,220.419,-38.427,0.771,-0.138,0.027,NaN,724,0,-0.000,-0.000,848.000,201.000,857.000,224.000,NaN,NaN,NaN,NaN,NaN,NaN,NaN
3701,1166,3724.000,23.512,-5.286,0.094,-0.054,NaN,NaN,724,0,-3.126,-1.305,NaN,NaN,NaN,NaN,NaN,NaN,NaN,NaN,NaN,NaN,NaN
3702,1310,3724.000,43.150,-19.792,0.134,-0.155,NaN,NaN,724,0,-2.269,-1.013,NaN,NaN,NaN,NaN,NaN,NaN,NaN,NaN,NaN,NaN,NaN
3703,1384,3724.000,34.157,-11.691,0.138,-0.166,0.591,NaN,724,0,0.941,-1.242,1060.000,193.000,1090.000,262.000,NaN,NaN,NaN,NaN,NaN,NaN,NaN
3704,1459,3724.000,25.304,-0.099,-0.040,-0.095,0.726,NaN,724,0,2.756,-1.318,613.000,203.000,644.000,296.000,NaN,NaN,NaN,NaN,NaN,NaN,NaN
3705,1469,3724.000,31.342,10.500,0.079,-0.043,0.741,0.219,724,0,0.652,-1.051,162.000,198.000,184.000,263.000,31.360,10.410,-1.000,0.790,0.540,1.750,0.055
3706,1514,3724.000,34.914,0.447,0.053,0.141,0.104,NaN,724,0,-1.786,-1.298,588.000,192.000,621.000,259.000,NaN,NaN,NaN,NaN,NaN,NaN,NaN
3707,1574,3724.000,23.122,-5.288,0.082,-0.059,0.828,0.955,724,0,3.816,2.467,906.000,189.000,947.000,280.000,23.120,-5.230,-1.080,0.980,0.540,1.830,-0.692
3708,405,3725.000,221.617,-4.494,0.677,0.489,0.007,NaN,725,0,-0.000,-0.000,630.000,204.000,650.000,255.000,NaN,NaN,NaN,NaN,NaN,NaN,NaN
3709,727,3725.000,220.962,-38.527,0.768,-0.138,0.019,NaN,725,0,-0.000,-0.000,848.000,201.000,857.000,224.000,NaN,NaN,NaN,NaN,NaN,NaN,NaN
3710,1166,3725.000,23.606,-5.338,0.094,-0.052,NaN,NaN,725,0,-1.259,-1.311,NaN,NaN,NaN,NaN,NaN,NaN,NaN,NaN,NaN,NaN,NaN
3711,1310,3725.000,43.286,-19.946,0.135,-0.155,NaN,NaN,725,0,-2.013,-0.997,NaN,NaN,NaN,NaN,NaN,NaN,NaN,NaN,NaN,NaN,NaN
3712,1384,3725.000,34.341,-11.866,0.145,-0.168,0.015,0.059,725,0,-4.253,-1.990,1059.000,202.000,1091.000,260.000,34.380,-11.840,-1.330,0.800,0.690,1.780,0.325
3713,1459,3725.000,25.304,-0.195,-0.032,-0.095,0.714,0.816,725,0,1.782,1.532,609.000,203.000,649.000,296.000,25.330,-0.200,-1.350,1.000,0.510,1.880,-1.908
3714,1469,3725.000,31.430,10.422,0.086,-0.051,0.726,0.647,725,0,0.553,-0.124,162.000,201.000,186.000,264.000,31.450,10.340,-1.000,0.750,0.680,1.750,0.178
3715,1514,3725.000,34.973,0.532,0.054,0.133,0.617,NaN,725,0,1.205,-1.288,586.000,193.000,621.000,260.000,NaN,NaN,NaN,NaN,NaN,NaN,NaN
3716,1574,3725.000,23.253,-5.329,0.092,-0.055,NaN,0.766,725,0,-2.824,1.527,897.000,179.000,950.000,293.000,23.320,-5.300,-1.000,1.890,0.560,1.880,-0.370
3717,405,3726.000,222.299,-4.006,0.678,0.489,NaN,NaN,726,0,1.381,-0.000,NaN,NaN,NaN,NaN,NaN,NaN,NaN,NaN,NaN,NaN,NaN
3718,727,3726.000,221.604,-38.642,0.765,-0.138,0.046,NaN,726,0,-0.000,-0.000,848.000,201.000,857.000,223.000,NaN,NaN,NaN,NaN,NaN,NaN,NaN
3719,1166,3726.000,23.699,-5.391,0.094,-0.052,NaN,NaN,726,0,-2.275,-1.315,NaN,NaN,NaN,NaN,NaN,NaN,NaN,NaN,NaN,NaN,NaN
3720,1384,3726.000,34.487,-12.034,0.146,-0.168,NaN,NaN,726,0,-2.616,-1.315,NaN,NaN,NaN,NaN,NaN,NaN,NaN,NaN,NaN,NaN,NaN
3721,1459,3726.000,25.276,-0.297,-0.030,-0.096,0.719,NaN,726,0,2.608,-1.308,616.000,203.000,660.000,296.000,NaN,NaN,NaN,NaN,NaN,NaN,NaN
3722,1469,3726.000,31.507,10.411,0.083,-0.043,0.785,NaN,726,0,3.460,-1.307,166.000,197.000,192.000,264.000,NaN,NaN,NaN,NaN,NaN,NaN,NaN
3723,1514,3726.000,35.032,0.655,0.056,0.130,0.713,NaN,726,0,2.280,-1.283,581.000,192.000,614.000,258.000,NaN,NaN,NaN,NaN,NaN,NaN,NaN
3724,1574,3726.000,23.341,-5.424,0.091,-0.065,0.676,NaN,726,0,2.039,-1.321,914.000,188.000,948.000,282.000,NaN,NaN,NaN,NaN,NaN,NaN,NaN
3725,405,3727.000,222.976,-3.518,0.678,0.487,NaN,NaN,727,0,0.649,-0.000,NaN,NaN,NaN,NaN,NaN,NaN,NaN,NaN,NaN,NaN,NaN
3726,727,3727.000,222.407,-38.781,0.765,-0.136,0.029,NaN,727,0,-0.000,-0.000,848.000,201.000,857.000,238.000,NaN,NaN,NaN,NaN,NaN,NaN,NaN
3727,1166,3727.000,23.792,-5.445,0.094,-0.055,NaN,NaN,727,0,-2.954,-1.319,NaN,NaN,NaN,NaN,NaN,NaN,NaN,NaN,NaN,NaN,NaN
3728,1384,3727.000,34.758,-12.230,0.164,-0.174,NaN,0.013,727,0,-4.454,-2.226,1076.000,208.000,1096.000,272.000,34.910,-12.240,-1.400,0.760,0.350,1.620,-0.433
3729,1459,3727.000,25.285,-0.392,-0.021,-0.095,0.855,0.957,727,0,3.664,3.500,620.000,203.000,671.000,296.000,25.280,-0.390,-1.390,0.950,0.480,1.780,-1.685
3730,1469,3727.000,31.580,10.356,0.081,-0.048,0.769,0.055,727,0,0.670,-1.860,169.000,198.000,202.000,270.000,31.590,10.300,-0.940,0.740,0.600,1.720,0.172
3731,1514,3727.000,35.432,0.809,0.082,0.135,0.743,0.139,727,0,-0.181,-1.815,574.000,191.000,609.000,255.000,35.440,0.790,-1.060,1.720,0.640,1.900,0.798
3732,1574,3727.000,23.420,-5.452,0.091,-0.054,0.813,0.987,727,0,3.598,2.467,915.000,185.000,950.000,286.000,23.430,-5.390,-1.020,0.920,0.770,1.810,-0.278
3733,405,3728.000,223.655,-3.030,0.678,0.488,NaN,NaN,728,0,0.251,-0.000,NaN,NaN,NaN,NaN,NaN,NaN,NaN,NaN,NaN,NaN,NaN
3734,727,3728.000,223.358,-38.944,0.766,-0.135,0.069,NaN,728,0,-0.000,-0.000,848.000,200.000,857.000,223.000,NaN,NaN,NaN,NaN,NaN,NaN,NaN
3735,1166,3728.000,23.884,-5.500,0.092,-0.055,NaN,NaN,728,0,-1.682,-1.321,NaN,NaN,NaN,NaN,NaN,NaN,NaN,NaN,NaN,NaN,NaN
3736,1384,3728.000,34.975,-12.494,0.174,-0.193,NaN,0.184,728,0,-4.321,-1.660,1074.000,193.000,1124.000,264.000,35.070,-12.610,-1.120,1.000,0.610,1.810,2.009
3737,1459,3728.000,25.267,-0.488,-0.022,-0.093,0.866,0.726,728,0,4.363,1.034,621.000,203.000,671.000,296.000,25.250,-0.500,-1.290,0.780,0.660,1.820,-1.931
3738,1469,3728.000,31.668,10.266,0.083,-0.056,0.741,0.879,728,0,0.433,1.760,169.000,198.000,206.000,269.000,31.690,10.160,-1.000,0.740,0.610,1.780,-0.046
3739,1514,3728.000,35.556,1.002,0.087,0.151,0.737,0.576,728,0,-0.354,-0.835,572.000,189.000,606.000,256.000,35.600,1.170,-1.080,1.860,0.550,1.860,1.096
3740,1574,3728.000,23.542,-5.493,0.101,-0.049,0.841,0.993,728,0,3.682,2.843,915.000,184.000,950.000,282.000,23.590,-5.480,-1.010,0.940,0.640,1.760,-0.232
3741,405,3729.000,224.122,-2.808,0.679,0.465,0.030,NaN,729,0,-0.000,-0.000,630.000,202.000,648.000,255.000,NaN,NaN,NaN,NaN,NaN,NaN,NaN
3742,727,3729.000,224.352,-39.113,0.768,-0.134,0.073,NaN,729,0,-0.000,-0.000,848.000,200.000,857.000,222.000,NaN,NaN,NaN,NaN,NaN,NaN,NaN
3743,1166,3729.000,23.977,-5.555,0.092,-0.056,NaN,NaN,729,0,-2.097,-1.322,NaN,NaN,NaN,NaN,NaN,NaN,NaN,NaN,NaN,NaN,NaN
3744,1384,3729.000,35.147,-12.688,0.172,-0.194,NaN,NaN,729,0,-2.146,-1.184,NaN,NaN,NaN,NaN,NaN,NaN,NaN,NaN,NaN,NaN,NaN
3745,1459,3729.000,25.246,-0.556,-0.021,-0.088,0.875,NaN,729,0,4.491,-1.307,622.000,205.000,672.000,296.000,NaN,NaN,NaN,NaN,NaN,NaN,NaN
3746,1469,3729.000,31.746,10.236,0.083,-0.051,0.787,NaN,729,0,3.665,-1.321,173.000,200.000,205.000,265.000,NaN,NaN,NaN,NaN,NaN,NaN,NaN
3747,1514,3729.000,35.633,1.082,0.086,0.132,0.706,NaN,729,0,2.046,-1.310,570.000,192.000,602.000,252.000,NaN,NaN,NaN,NaN,NaN,NaN,NaN
3748,1574,3729.000,23.641,-5.567,0.101,-0.056,0.845,NaN,729,0,4.411,-1.323,917.000,184.000,952.000,292.000,NaN,NaN,NaN,NaN,NaN,NaN,NaN
3749,405,3730.000,224.803,-2.342,0.681,0.466,NaN,NaN,730,0,-0.000,-0.000,NaN,NaN,NaN,NaN,NaN,NaN,NaN,NaN,NaN,NaN,NaN
3750,727,3730.000,225.236,-39.265,0.767,-0.134,0.079,NaN,730,0,-0.000,-0.000,848.000,201.000,857.000,223.000,NaN,NaN,NaN,NaN,NaN,NaN,NaN
3751,1166,3730.000,24.070,-5.612,0.093,-0.056,NaN,NaN,730,0,1.488,-1.323,NaN,NaN,NaN,NaN,NaN,NaN,NaN,NaN,NaN,NaN,NaN
3752,1384,3730.000,35.246,-13.025,0.156,-0.221,0.080,NaN,730,0,-2.058,-1.252,1100.000,199.000,1124.000,254.000,NaN,NaN,NaN,NaN,NaN,NaN,NaN
3753,1459,3730.000,25.211,-0.636,-0.024,-0.085,0.857,0.196,730,0,3.962,-0.700,633.000,204.000,672.000,296.000,25.210,-0.620,-1.370,0.800,0.670,1.760,-1.594
3754,1469,3730.000,31.779,10.132,0.075,-0.063,0.716,0.933,730,0,0.210,2.487,179.000,201.000,208.000,264.000,31.750,10.010,-1.020,0.720,0.600,1.900,2.581
3755,1514,3730.000,35.717,1.135,0.087,0.113,0.597,NaN,730,0,0.810,-1.314,568.000,192.000,598.000,251.000,NaN,NaN,NaN,NaN,NaN,NaN,NaN
3756,1574,3730.000,23.703,-5.583,0.091,-0.045,0.860,0.951,730,0,4.119,2.843,920.000,185.000,954.000,296.000,23.670,-5.520,-1.100,1.000,0.730,1.920,-0.122
3757,405,3731.000,225.480,-1.878,0.680,0.465,NaN,NaN,731,0,0.652,-0.000,NaN,NaN,NaN,NaN,NaN,NaN,NaN,NaN,NaN,NaN,NaN
3758,727,3731.000,226.557,-39.500,0.772,-0.136,0.075,NaN,731,0,-0.000,-0.000,848.000,201.000,857.000,223.000,NaN,NaN,NaN,NaN,NaN,NaN,NaN
3759,1166,3731.000,24.161,-5.668,0.091,-0.056,NaN,NaN,731,0,1.488,-1.324,NaN,NaN,NaN,NaN,NaN,NaN,NaN,NaN,NaN,NaN,NaN
3760,1384,3731.000,35.401,-13.245,0.154,-0.220,NaN,NaN,731,0,-3.086,-1.321,NaN,NaN,NaN,NaN,NaN,NaN,NaN,NaN,NaN,NaN,NaN
3761,1459,3731.000,25.190,-0.709,-0.024,-0.082,0.819,0.932,731,0,3.064,3.500,639.000,204.000,672.000,295.000,25.190,-0.690,-1.320,0.860,0.660,1.860,0.137
3762,1469,3731.000,31.841,10.015,0.075,-0.074,0.771,0.841,731,0,0.670,0.891,182.000,202.000,208.000,265.000,31.830,9.910,-1.080,0.870,0.610,1.810,-2.993
3763,1514,3731.000,35.857,1.301,0.093,0.124,0.617,0.099,731,0,-1.509,-2.087,563.000,192.000,596.000,250.000,35.890,1.430,-1.060,1.790,0.590,1.760,1.123
3764,1574,3731.000,23.816,-5.628,0.096,-0.044,0.851,0.998,731,0,3.866,2.843,921.000,186.000,956.000,293.000,23.840,-5.620,-1.050,1.060,0.570,1.800,-0.384
3765,405,3732.000,226.153,-1.414,0.677,0.464,NaN,NaN,732,0,1.183,-0.000,NaN,NaN,NaN,NaN,NaN,NaN,NaN,NaN,NaN,NaN,NaN
3766,727,3732.000,227.332,-39.632,0.771,-0.136,0.067,NaN,732,0,-0.000,-0.000,848.000,201.000,857.000,223.000,NaN,NaN,NaN,NaN,NaN,NaN,NaN
3767,1166,3732.000,24.251,-5.725,0.090,-0.057,NaN,NaN,732,0,0.026,-1.324,NaN,NaN,NaN,NaN,NaN,NaN,NaN,NaN,NaN,NaN,NaN
3768,1384,3732.000,35.574,-13.369,0.160,-0.201,0.432,NaN,732,0,-0.405,-1.322,1103.000,193.000,1129.000,249.000,NaN,NaN,NaN,NaN,NaN,NaN,NaN
3769,1459,3732.000,25.162,-0.787,-0.026,-0.081,0.688,NaN,732,0,2.173,-1.319,646.000,205.000,679.000,297.000,NaN,NaN,NaN,NaN,NaN,NaN,NaN
3770,1469,3732.000,31.906,10.011,0.073,-0.059,0.694,NaN,732,0,1.982,-1.305,190.000,199.000,211.000,265.000,NaN,NaN,NaN,NaN,NaN,NaN,NaN
3771,1514,3732.000,35.958,1.360,0.097,0.112,0.573,NaN,732,0,0.573,-1.308,558.000,192.000,591.000,250.000,NaN,NaN,NaN,NaN,NaN,NaN,NaN
3772,1574,3732.000,23.904,-5.729,0.095,-0.058,0.812,NaN,732,0,4.186,-1.324,924.000,188.000,958.000,292.000,NaN,NaN,NaN,NaN,NaN,NaN,NaN
3773,405,3733.000,226.830,-0.950,0.678,0.465,NaN,NaN,733,0,1.609,-0.000,NaN,NaN,NaN,NaN,NaN,NaN,NaN,NaN,NaN,NaN,NaN
3774,727,3733.000,228.079,-39.761,0.768,-0.135,0.058,NaN,733,0,-0.000,-0.000,848.000,201.000,857.000,223.000,NaN,NaN,NaN,NaN,NaN,NaN,NaN
3775,1166,3733.000,24.341,-5.783,0.090,-0.058,NaN,NaN,733,0,0.986,-1.324,NaN,NaN,NaN,NaN,NaN,NaN,NaN,NaN,NaN,NaN,NaN
3776,1384,3733.000,35.762,-13.536,0.167,-0.194,0.276,NaN,733,0,-1.060,-1.322,1106.000,193.000,1133.000,248.000,NaN,NaN,NaN,NaN,NaN,NaN,NaN
3777,1459,3733.000,25.125,-0.890,-0.030,-0.086,0.791,0.710,733,0,2.620,0.891,652.000,200.000,689.000,297.000,25.120,-0.920,-1.360,0.710,0.780,1.780,-1.667
3778,1469,3733.000,31.940,9.911,0.067,-0.070,0.667,0.593,733,0,-0.345,-0.390,193.000,206.000,217.000,266.000,31.930,9.820,-1.060,0.730,0.700,1.790,0.170
3779,1514,3733.000,36.062,1.419,0.099,0.102,0.705,NaN,733,0,2.046,-1.303,556.000,193.000,588.000,249.000,NaN,NaN,NaN,NaN,NaN,NaN,NaN
3780,1574,3733.000,23.978,-5.769,0.089,-0.053,0.846,0.944,733,0,3.866,2.843,925.000,188.000,960.000,294.000,23.950,-5.720,-1.090,1.090,0.640,1.870,-0.395
3781,405,3734.000,227.507,-0.487,0.678,0.463,NaN,NaN,734,0,1.743,-0.000,NaN,NaN,NaN,NaN,NaN,NaN,NaN,NaN,NaN,NaN,NaN
3782,727,3734.000,228.853,-39.894,0.765,-0.134,0.065,NaN,734,0,-0.000,-0.000,848.000,201.000,857.000,223.000,NaN,NaN,NaN,NaN,NaN,NaN,NaN
3783,1166,3734.000,23.463,-9.008,-0.031,-0.177,0.286,NaN,734,0,-1.206,-1.324,1118.000,214.000,1136.000,249.000,NaN,NaN,NaN,NaN,NaN,NaN,NaN
3784,1384,3734.000,35.983,-13.681,0.177,-0.184,0.071,NaN,734,0,-2.270,-1.324,1108.000,194.000,1135.000,247.000,NaN,NaN,NaN,NaN,NaN,NaN,NaN
3785,1459,3734.000,25.098,-0.990,-0.031,-0.089,0.703,NaN,734,0,2.315,-1.322,654.000,206.000,697.000,296.000,NaN,NaN,NaN,NaN,NaN,NaN,NaN
3786,1469,3734.000,31.989,9.794,0.064,-0.084,0.653,0.938,734,0,-0.463,2.487,196.000,206.000,221.000,273.000,32.010,9.690,-1.190,0.730,0.630,1.650,-0.287
3787,1514,3734.000,36.109,1.537,0.085,0.109,0.618,0.571,734,0,-1.493,-0.884,555.000,190.000,586.000,249.000,36.030,1.560,-1.150,1.900,0.590,1.810,1.081
3788,1574,3734.000,24.071,-5.813,0.089,-0.049,0.851,0.995,734,0,3.866,2.843,925.000,187.000,961.000,294.000,24.070,-5.780,-1.110,1.070,0.610,1.910,-0.481
3789,405,3735.000,228.184,-0.025,0.678,0.462,NaN,NaN,735,0,1.331,-0.000,NaN,NaN,NaN,NaN,NaN,NaN,NaN,NaN,NaN,NaN,NaN
3790,727,3735.000,229.561,-40.017,0.762,-0.134,0.044,NaN,735,0,-0.000,-0.000,848.000,201.000,857.000,222.000,NaN,NaN,NaN,NaN,NaN,NaN,NaN
3791,1166,3735.000,23.396,-9.125,-0.004,-0.191,0.026,NaN,735,0,-3.097,-1.326,1118.000,214.000,1140.000,249.000,NaN,NaN,NaN,NaN,NaN,NaN,NaN
3792,1384,3735.000,36.174,-13.864,0.180,-0.182,0.565,NaN,735,0,0.573,-1.325,1115.000,194.000,1141.000,249.000,NaN,NaN,NaN,NaN,NaN,NaN,NaN
3793,1459,3735.000,25.068,-1.102,-0.030,-0.095,0.831,NaN,735,0,4.413,-1.322,656.000,201.000,710.000,297.000,NaN,NaN,NaN,NaN,NaN,NaN,NaN
3794,1469,3735.000,32.057,9.752,0.062,-0.072,0.786,NaN,735,0,3.665,-1.288,200.000,202.000,226.000,263.000,NaN,NaN,NaN,NaN,NaN,NaN,NaN
3795,1514,3735.000,36.196,1.577,0.085,0.095,0.398,NaN,735,0,-0.553,-1.298,551.000,194.000,582.000,248.000,NaN,NaN,NaN,NaN,NaN,NaN,NaN
3796,1574,3735.000,24.151,-5.892,0.086,-0.056,0.803,NaN,735,0,4.010,-1.324,928.000,186.000,966.000,285.000,NaN,NaN,NaN,NaN,NaN,NaN,NaN
3797,405,3736.000,228.860,0.437,0.677,0.462,NaN,NaN,736,0,-0.000,-0.000,NaN,NaN,NaN,NaN,NaN,NaN,NaN,NaN,NaN,NaN,NaN
3798,727,3736.000,230.129,-40.115,0.759,-0.134,0.034,NaN,736,0,-0.000,-0.000,848.000,201.000,857.000,222.000,NaN,NaN,NaN,NaN,NaN,NaN,NaN
3799,1166,3736.000,23.168,-9.134,-0.002,-0.171,0.030,NaN,736,0,-3.097,-1.325,1115.000,216.000,1139.000,255.000,NaN,NaN,NaN,NaN,NaN,NaN,NaN
3800,1384,3736.000,36.258,-14.003,0.172,-0.173,0.113,0.301,736,0,-4.130,-1.531,1117.000,193.000,1146.000,250.000,36.260,-13.860,-1.140,0.810,0.620,1.730,-0.030
3801,1459,3736.000,25.092,-1.192,-0.023,-0.094,0.741,0.984,736,0,2.178,3.500,658.000,208.000,711.000,296.000,25.130,-1.180,-1.300,0.840,0.600,1.600,-1.183
3802,1469,3736.000,32.117,9.641,0.063,-0.081,0.653,0.339,736,0,-0.460,-1.007,205.000,204.000,230.000,262.000,32.160,9.550,-1.090,0.700,0.710,1.800,-0.990
3803,1514,3736.000,36.139,1.580,0.062,0.075,0.283,0.037,736,0,-3.107,-2.251,548.000,192.000,579.000,249.000,35.990,1.410,-1.140,0.800,0.440,1.770,0.928
3804,1574,3736.000,24.236,-5.933,0.084,-0.053,0.800,0.880,736,0,3.099,2.456,933.000,185.000,968.000,288.000,24.240,-5.890,-1.070,1.120,0.580,1.910,-0.666
3805,405,3737.000,229.538,0.898,0.677,0.461,NaN,NaN,737,0,0.413,-0.000,NaN,NaN,NaN,NaN,NaN,NaN,NaN,NaN,NaN,NaN,NaN
3806,727,3737.000,230.889,-40.248,0.759,-0.133,NaN,NaN,737,0,0.499,-0.000,NaN,NaN,NaN,NaN,NaN,NaN,NaN,NaN,NaN,NaN,NaN
3807,1166,3737.000,23.052,-9.177,0.033,-0.122,0.192,NaN,737,0,-1.691,-1.325,1134.000,213.000,1149.000,250.000,NaN,NaN,NaN,NaN,NaN,NaN,NaN
3808,1384,3737.000,36.439,-14.176,0.172,-0.172,0.027,NaN,737,0,-2.813,-1.326,1121.000,214.000,1149.000,257.000,NaN,NaN,NaN,NaN,NaN,NaN,NaN
3809,1459,3737.000,25.080,-1.302,-0.021,-0.098,0.859,0.955,737,0,3.962,3.500,661.000,206.000,711.000,297.000,25.110,-1.320,-1.370,0.810,0.600,1.920,-1.413
3810,1469,3737.000,32.178,9.636,0.063,-0.061,0.641,NaN,737,0,1.183,-1.288,208.000,206.000,232.000,261.000,NaN,NaN,NaN,NaN,NaN,NaN,NaN
3811,1514,3737.000,36.202,1.657,0.063,0.074,0.684,NaN,737,0,1.609,-1.294,544.000,192.000,577.000,251.000,NaN,NaN,NaN,NaN,NaN,NaN,NaN
3812,1574,3737.000,24.355,-5.989,0.090,-0.053,0.837,0.971,737,0,3.682,2.843,932.000,184.000,970.000,293.000,24.390,-5.990,-1.030,0.860,0.620,1.800,-0.224
3813,405,3738.000,230.215,1.359,0.677,0.461,NaN,NaN,738,0,-0.000,-0.000,NaN,NaN,NaN,NaN,NaN,NaN,NaN,NaN,NaN,NaN,NaN
3814,727,3738.000,230.624,-40.202,0.762,-0.134,0.029,NaN,738,0,-0.000,-0.000,848.000,200.000,857.000,222.000,NaN,NaN,NaN,NaN,NaN,NaN,NaN
3815,1166,3738.000,23.085,-9.298,0.033,-0.121,NaN,NaN,738,0,0.739,-1.325,NaN,NaN,NaN,NaN,NaN,NaN,NaN,NaN,NaN,NaN,NaN
3816,1384,3738.000,36.612,-14.351,0.170,-0.174,0.572,NaN,738,0,0.787,-1.326,1126.000,192.000,1153.000,253.000,NaN,NaN,NaN,NaN,NaN,NaN,NaN
3817,1459,3738.000,25.062,-1.362,-0.019,-0.090,0.779,NaN,738,0,3.620,-1.326,671.000,205.000,711.000,295.000,NaN,NaN,NaN,NaN,NaN,NaN,NaN
3818,1469,3738.000,32.234,9.596,0.062,-0.057,0.144,NaN,738,0,-1.384,-1.288,208.000,183.000,237.000,266.000,NaN,NaN,NaN,NaN,NaN,NaN,NaN
3819,1514,3738.000,36.268,1.727,0.063,0.072,0.733,NaN,738,0,2.364,-1.288,542.000,192.000,575.000,251.000,NaN,NaN,NaN,NaN,NaN,NaN,NaN
3820,1574,3738.000,24.433,-6.078,0.084,-0.061,0.824,NaN,738,0,4.311,-1.325,935.000,185.000,973.000,284.000,NaN,NaN,NaN,NaN,NaN,NaN,NaN
3821,405,3739.000,230.890,1.820,0.675,0.461,NaN,NaN,739,0,0.413,-0.000,NaN,NaN,NaN,NaN,NaN,NaN,NaN,NaN,NaN,NaN,NaN
3822,727,3739.000,231.384,-40.336,0.762,-0.133,NaN,NaN,739,0,0.339,-0.000,NaN,NaN,NaN,NaN,NaN,NaN,NaN,NaN,NaN,NaN,NaN
3823,1166,3739.000,23.119,-9.419,0.034,-0.121,NaN,NaN,739,0,-2.820,-1.326,NaN,NaN,NaN,NaN,NaN,NaN,NaN,NaN,NaN,NaN,NaN
3824,1384,3739.000,36.758,-14.568,0.166,-0.185,0.232,NaN,739,0,-1.141,-1.326,1135.000,191.000,1160.000,254.000,NaN,NaN,NaN,NaN,NaN,NaN,NaN
3825,1459,3739.000,25.063,-1.446,-0.017,-0.091,0.761,0.953,739,0,2.344,3.500,682.000,204.000,712.000,295.000,25.080,-1.440,-1.350,0.970,0.670,1.860,-0.956
3826,1469,3739.000,32.387,9.513,0.078,-0.065,0.468,0.238,739,0,-1.387,-1.205,219.000,201.000,239.000,262.000,32.490,9.390,-1.030,0.750,0.600,1.640,-0.071
3827,1514,3739.000,36.355,1.786,0.063,0.069,0.669,0.020,739,0,-1.148,-2.269,537.000,192.000,571.000,253.000,36.350,1.760,-1.130,0.850,0.560,1.840,0.995
3828,1574,3739.000,24.490,-6.114,0.080,-0.054,0.819,0.995,739,0,3.391,2.843,937.000,187.000,976.000,284.000,24.480,-6.070,-1.030,0.830,0.780,1.730,-0.536
3829,405,3740.000,231.562,2.281,0.675,0.461,NaN,NaN,740,0,2.898,3.500,NaN,NaN,NaN,NaN,NaN,NaN,NaN,NaN,NaN,NaN,NaN
3830,727,3740.000,232.039,-40.445,0.762,-0.132,0.016,NaN,740,0,-0.000,-0.000,848.000,201.000,857.000,226.000,NaN,NaN,NaN,NaN,NaN,NaN,NaN
3831,1166,3740.000,23.153,-9.539,0.034,-0.120,NaN,NaN,740,0,1.463,-1.326,NaN,NaN,NaN,NaN,NaN,NaN,NaN,NaN,NaN,NaN,NaN
3832,1384,3740.000,36.937,-14.750,0.170,-0.186,0.454,NaN,740,0,-0.082,-1.325,1136.000,191.000,1162.000,255.000,NaN,NaN,NaN,NaN,NaN,NaN,NaN
3833,1459,3740.000,25.061,-1.576,-0.013,-0.099,0.729,0.975,740,0,2.069,3.500,684.000,204.000,715.000,295.000,25.070,-1.630,-1.250,0.770,0.670,1.750,-1.426
3834,1469,3740.000,32.459,9.394,0.079,-0.079,0.728,0.753,740,0,0.332,0.260,222.000,200.000,241.000,256.000,32.440,9.230,-0.960,0.780,0.650,1.760,-0.844
3835,1514,3740.000,36.408,1.861,0.062,0.070,0.712,NaN,740,0,2.280,-1.294,537.000,191.000,570.000,254.000,NaN,NaN,NaN,NaN,NaN,NaN,NaN
3836,1574,3740.000,24.582,-6.161,0.085,-0.053,0.007,0.881,740,0,-3.000,2.451,938.000,199.000,951.000,250.000,24.610,-6.140,-1.160,1.960,0.540,1.830,-0.495
3837,405,3741.000,232.235,2.743,0.675,0.462,NaN,NaN,741,0,-0.000,-0.000,NaN,NaN,NaN,NaN,NaN,NaN,NaN,NaN,NaN,NaN,NaN
3838,727,3741.000,232.841,-40.583,0.761,-0.132,0.033,NaN,741,0,-0.000,-0.000,848.000,201.000,857.000,222.000,NaN,NaN,NaN,NaN,NaN,NaN,NaN
3839,1166,3741.000,23.185,-9.658,0.032,-0.119,NaN,NaN,741,0,0.810,-1.326,NaN,NaN,NaN,NaN,NaN,NaN,NaN,NaN,NaN,NaN,NaN
3840,1384,3741.000,37.109,-14.946,0.171,-0.188,0.704,NaN,741,0,2.128,-1.323,1142.000,192.000,1167.000,254.000,NaN,NaN,NaN,NaN,NaN,NaN,NaN
3841,1459,3741.000,25.045,-1.673,-0.016,-0.098,0.799,NaN,741,0,4.010,-1.327,691.000,203.000,729.000,295.000,NaN,NaN,NaN,NaN,NaN,NaN,NaN
3842,1469,3741.000,32.525,9.360,0.079,-0.068,0.610,NaN,741,0,1.112,-1.079,224.000,201.000,248.000,262.000,NaN,NaN,NaN,NaN,NaN,NaN,NaN
3843,1514,3741.000,36.473,1.947,0.063,0.073,0.655,NaN,741,0,1.613,-1.301,531.000,192.000,567.000,253.000,NaN,NaN,NaN,NaN,NaN,NaN,NaN
3844,1574,3741.000,24.654,-6.254,0.083,-0.061,0.818,NaN,741,0,4.311,-1.326,940.000,190.000,981.000,290.000,NaN,NaN,NaN,NaN,NaN,NaN,NaN
3845,405,3742.000,232.911,3.204,0.676,0.461,NaN,NaN,742,0,-0.000,-0.000,NaN,NaN,NaN,NaN,NaN,NaN,NaN,NaN,NaN,NaN,NaN
3846,727,3742.000,233.713,-40.735,0.761,-0.133,0.036,NaN,742,0,-0.000,-0.000,848.000,201.000,857.000,222.000,NaN,NaN,NaN,NaN,NaN,NaN,NaN
3847,1166,3742.000,23.269,-9.560,0.052,-0.072,0.026,NaN,742,0,-2.815,-1.326,1153.000,196.000,1172.000,253.000,NaN,NaN,NaN,NaN,NaN,NaN,NaN
3848,1384,3742.000,37.297,-15.137,0.172,-0.189,0.752,NaN,742,0,2.906,-1.320,1143.000,192.000,1172.000,256.000,NaN,NaN,NaN,NaN,NaN,NaN,NaN
3849,1459,3742.000,25.037,-1.744,-0.017,-0.091,0.782,0.961,742,0,2.512,3.500,694.000,205.000,742.000,296.000,25.050,-1.700,-1.300,0.840,0.530,1.700,-1.629
3850,1469,3742.000,32.607,9.278,0.080,-0.070,0.559,NaN,742,0,0.715,-1.047,229.000,200.000,256.000,264.000,NaN,NaN,NaN,NaN,NaN,NaN,NaN
3851,1514,3742.000,36.613,2.018,0.074,0.071,0.734,0.045,742,0,-0.632,-2.346,532.000,193.000,564.000,256.000,36.680,2.020,-1.120,1.900,0.610,1.930,0.982
3852,1574,3742.000,24.774,-6.291,0.092,-0.056,0.828,0.996,742,0,3.241,3.500,942.000,190.000,979.000,289.000,24.810,-6.250,-1.100,0.920,0.570,1.820,-0.430
3853,405,3743.000,233.588,3.665,0.677,0.461,NaN,NaN,743,0,-0.000,-0.000,NaN,NaN,NaN,NaN,NaN,NaN,NaN,NaN,NaN,NaN,NaN
3854,727,3743.000,234.480,-40.868,0.762,-0.132,NaN,NaN,743,0,-0.000,-0.000,NaN,NaN,NaN,NaN,NaN,NaN,NaN,NaN,NaN,NaN,NaN
3855,1166,3743.000,23.295,-9.712,0.045,-0.096,0.029,NaN,743,0,-2.815,-1.326,1166.000,203.000,1187.000,252.000,NaN,NaN,NaN,NaN,NaN,NaN,NaN
3856,1384,3743.000,37.635,-15.396,0.189,-0.197,0.205,0.080,743,0,-3.781,-2.303,1150.000,193.000,1172.000,253.000,37.650,-15.420,-1.240,1.710,0.540,1.660,2.596
3857,1459,3743.000,25.052,-1.844,-0.011,-0.091,0.802,0.981,743,0,2.748,3.500,695.000,206.000,752.000,296.000,25.100,-1.850,-1.320,0.820,0.700,1.760,-1.574
3858,1469,3743.000,32.511,9.110,0.052,-0.092,0.689,0.018,743,0,-0.153,-1.597,230.000,201.000,258.000,264.000,32.440,8.910,-1.120,1.920,0.550,1.710,3.131
3859,1514,3743.000,36.740,2.083,0.083,0.070,0.027,0.549,743,0,-4.741,-1.119,515.000,193.000,527.000,235.000,36.800,2.060,-1.110,1.750,0.630,1.940,0.845
3860,1574,3743.000,24.910,-6.355,0.099,-0.059,0.840,0.988,743,0,3.434,3.500,942.000,190.000,980.000,289.000,24.930,-6.360,-1.070,0.880,0.830,1.790,-0.274
3861,405,3744.000,234.265,4.126,0.676,0.461,NaN,NaN,744,0,-0.000,-0.000,NaN,NaN,NaN,NaN,NaN,NaN,NaN,NaN,NaN,NaN,NaN
3862,727,3744.000,235.245,-41.001,0.763,-0.132,NaN,NaN,744,0,-0.000,-0.000,NaN,NaN,NaN,NaN,NaN,NaN,NaN,NaN,NaN,NaN,NaN
3863,1166,3744.000,23.340,-9.807,0.045,-0.095,NaN,NaN,744,0,-2.805,-1.326,NaN,NaN,NaN,NaN,NaN,NaN,NaN,NaN,NaN,NaN,NaN
3864,1384,3744.000,37.833,-15.615,0.189,-0.202,0.321,NaN,744,0,-0.941,-1.308,1155.000,192.000,1179.000,250.000,NaN,NaN,NaN,NaN,NaN,NaN,NaN
3865,1459,3744.000,25.040,-1.938,-0.012,-0.093,0.809,NaN,744,0,4.175,-1.327,694.000,204.000,755.000,299.000,NaN,NaN,NaN,NaN,NaN,NaN,NaN
3866,1469,3744.000,32.549,9.057,0.049,-0.082,0.601,NaN,744,0,1.024,-1.203,231.000,201.000,263.000,269.000,NaN,NaN,NaN,NaN,NaN,NaN,NaN
3867,1514,3744.000,36.825,2.153,0.082,0.070,0.495,NaN,744,0,0.239,-1.317,527.000,193.000,561.000,255.000,NaN,NaN,NaN,NaN,NaN,NaN,NaN
3868,1574,3744.000,25.000,-6.449,0.096,-0.068,0.817,NaN,744,0,4.294,-1.326,947.000,185.000,983.000,291.000,NaN,NaN,NaN,NaN,NaN,NaN,NaN
3869,405,3745.000,234.939,4.587,0.677,0.461,NaN,NaN,745,0,-0.000,-0.000,NaN,NaN,NaN,NaN,NaN,NaN,NaN,NaN,NaN,NaN,NaN
3870,727,3745.000,236.009,-41.135,0.763,-0.133,NaN,NaN,745,0,-0.000,-0.000,NaN,NaN,NaN,NaN,NaN,NaN,NaN,NaN,NaN,NaN,NaN
3871,1166,3745.000,23.385,-9.904,0.045,-0.097,NaN,NaN,745,0,-3.178,-1.327,NaN,NaN,NaN,NaN,NaN,NaN,NaN,NaN,NaN,NaN,NaN
3872,1384,3745.000,38.031,-15.832,0.190,-0.204,0.078,NaN,745,0,-2.146,-1.305,1160.000,199.000,1183.000,249.000,NaN,NaN,NaN,NaN,NaN,NaN,NaN
3873,1459,3745.000,25.045,-2.002,-0.006,-0.085,0.798,0.974,745,0,2.748,3.500,699.000,204.000,754.000,298.000,25.070,-1.960,-1.360,0.800,0.680,1.810,-1.119
3874,1469,3745.000,32.565,8.932,0.046,-0.092,0.682,0.302,745,0,-0.473,-1.146,239.000,207.000,265.000,263.000,32.570,8.820,-1.050,0.790,0.660,1.800,0.774
3875,1514,3745.000,36.979,2.272,0.094,0.080,0.703,0.114,745,0,-1.112,-2.144,526.000,195.000,558.000,256.000,37.040,2.370,-1.420,0.900,0.690,1.860,0.640
3876,1574,3745.000,25.091,-6.504,0.094,-0.065,0.843,0.970,745,0,3.434,3.500,950.000,184.000,983.000,291.000,25.090,-6.470,-1.050,0.990,0.670,1.770,-0.259
3877,405,3746.000,235.614,5.048,0.677,0.461,NaN,NaN,746,0,-0.000,-0.000,NaN,NaN,NaN,NaN,NaN,NaN,NaN,NaN,NaN,NaN,NaN
3878,727,3746.000,236.772,-41.269,0.764,-0.134,NaN,NaN,746,0,-0.000,-0.000,NaN,NaN,NaN,NaN,NaN,NaN,NaN,NaN,NaN,NaN,NaN
3879,1166,3746.000,23.429,-10.003,0.045,-0.099,NaN,NaN,746,0,-2.998,-1.327,NaN,NaN,NaN,NaN,NaN,NaN,NaN,NaN,NaN,NaN,NaN
3880,1384,3746.000,38.222,-16.036,0.191,-0.204,NaN,NaN,746,0,-2.925,-1.306,NaN,NaN,NaN,NaN,NaN,NaN,NaN,NaN,NaN,NaN,NaN
3881,1459,3746.000,25.062,-2.086,-0.000,-0.083,0.807,0.937,746,0,2.898,3.500,702.000,201.000,758.000,303.000,25.090,-2.080,-1.330,0.760,0.630,1.720,-1.560
3882,1469,3746.000,32.608,8.822,0.047,-0.099,0.740,0.094,746,0,0.219,-1.740,241.000,203.000,266.000,263.000,32.630,8.760,-1.150,0.710,0.640,1.700,0.751
3883,1514,3746.000,37.007,2.335,0.079,0.078,0.742,0.849,746,0,-0.510,0.526,524.000,195.000,558.000,257.000,36.960,2.270,-1.190,1.840,0.610,1.980,0.860
3884,1574,3746.000,25.183,-6.551,0.094,-0.062,0.879,0.958,746,0,4.902,3.500,952.000,184.000,985.000,290.000,25.180,-6.520,-1.070,0.990,0.750,1.780,-0.200
3885,405,3747.000,236.289,5.509,0.677,0.462,NaN,NaN,747,0,-0.000,-0.000,NaN,NaN,NaN,NaN,NaN,NaN,NaN,NaN,NaN,NaN,NaN
3886,727,3747.000,237.536,-41.404,0.766,-0.134,NaN,NaN,747,0,-0.000,-0.000,NaN,NaN,NaN,NaN,NaN,NaN,NaN,NaN,NaN,NaN,NaN
3887,1166,3747.000,23.473,-10.102,0.043,-0.099,NaN,NaN,747,0,-2.043,-1.327,NaN,NaN,NaN,NaN,NaN,NaN,NaN,NaN,NaN,NaN,NaN
3888,1459,3747.000,25.061,-2.162,0.000,-0.079,0.624,NaN,747,0,1.393,-1.326,716.000,201.000,754.000,297.000,NaN,NaN,NaN,NaN,NaN,NaN,NaN
3889,1469,3747.000,32.639,8.797,0.045,-0.078,0.707,NaN,747,0,2.046,-1.274,248.000,203.000,271.000,263.000,NaN,NaN,NaN,NaN,NaN,NaN,NaN
3890,1514,3747.000,37.099,2.351,0.081,0.065,0.652,NaN,747,0,1.509,-1.326,526.000,193.000,555.000,256.000,NaN,NaN,NaN,NaN,NaN,NaN,NaN
3891,1574,3747.000,25.270,-6.635,0.091,-0.066,0.877,NaN,747,0,4.411,-1.327,954.000,185.000,987.000,289.000,NaN,NaN,NaN,NaN,NaN,NaN,NaN
3892,405,3748.000,236.967,5.971,0.678,0.462,NaN,NaN,748,0,-0.000,-0.000,NaN,NaN,NaN,NaN,NaN,NaN,NaN,NaN,NaN,NaN,NaN
3893,727,3748.000,238.301,-41.537,0.766,-0.133,NaN,NaN,748,0,-0.000,-0.000,NaN,NaN,NaN,NaN,NaN,NaN,NaN,NaN,NaN,NaN,NaN
3894,1166,3748.000,23.515,-10.200,0.042,-0.098,NaN,NaN,748,0,-2.435,-1.327,NaN,NaN,NaN,NaN,NaN,NaN,NaN,NaN,NaN,NaN,NaN
3895,1459,3748.000,25.049,-2.228,-0.002,-0.074,0.746,0.999,748,0,2.266,3.500,722.000,200.000,755.000,293.000,25.040,-2.200,-1.290,0.830,0.560,1.670,-1.444
3896,1469,3748.000,32.629,8.675,0.036,-0.088,0.564,0.115,748,0,-1.155,-1.648,253.000,200.000,279.000,265.000,32.590,8.540,-1.010,0.690,0.720,1.730,-0.036
3897,1514,3748.000,37.191,2.422,0.085,0.068,0.081,0.784,748,0,-4.496,-0.098,493.000,191.000,514.000,224.000,37.210,2.410,-1.230,1.860,0.530,1.900,0.719
3898,1574,3748.000,25.312,-6.655,0.081,-0.055,0.872,0.997,748,0,4.363,3.500,957.000,188.000,991.000,289.000,25.300,-6.600,-1.120,0.880,0.620,1.840,-0.409
3899,405,3749.000,237.643,6.433,0.678,0.462,NaN,NaN,749,0,-0.000,-0.000,NaN,NaN,NaN,NaN,NaN,NaN,NaN,NaN,NaN,NaN,NaN
3900,727,3749.000,239.068,-41.669,0.766,-0.133,NaN,NaN,749,0,-0.000,-0.000,NaN,NaN,NaN,NaN,NaN,NaN,NaN,NaN,NaN,NaN,NaN
3901,1166,3749.000,23.556,-10.297,0.041,-0.097,NaN,NaN,749,0,-6.170,-3.078,NaN,NaN,NaN,NaN,NaN,NaN,NaN,NaN,NaN,NaN,NaN
3902,1459,3749.000,25.044,-2.316,-0.002,-0.077,0.709,0.598,749,0,1.782,0.418,726.000,201.000,759.000,300.000,25.040,-2.340,-1.270,0.850,0.600,1.750,-1.541
3903,1469,3749.000,32.655,8.622,0.035,-0.077,0.663,NaN,749,0,1.613,-1.142,255.000,200.000,280.000,263.000,NaN,NaN,NaN,NaN,NaN,NaN,NaN
3904,1514,3749.000,37.332,2.527,0.095,0.074,0.221,0.038,749,0,-3.554,-2.386,522.000,197.000,552.000,256.000,37.460,2.580,-1.200,1.880,0.550,1.860,0.728
3905,1574,3749.000,25.376,-6.689,0.078,-0.050,0.863,0.998,749,0,3.962,3.500,958.000,188.000,992.000,289.000,25.370,-6.690,-1.100,1.130,0.620,1.930,-0.675
3906,405,3750.000,238.318,6.896,0.677,0.463,NaN,NaN,750,0,-0.000,-0.000,NaN,NaN,NaN,NaN,NaN,NaN,NaN,NaN,NaN,NaN,NaN
3907,727,3750.000,239.838,-41.803,0.767,-0.134,NaN,NaN,750,0,-0.000,-0.000,NaN,NaN,NaN,NaN,NaN,NaN,NaN,NaN,NaN,NaN,NaN
3908,1166,3750.000,23.596,-10.396,0.040,-0.100,NaN,NaN,750,0,-2.507,-1.327,NaN,NaN,NaN,NaN,NaN,NaN,NaN,NaN,NaN,NaN,NaN
3909,1459,3750.000,25.043,-2.401,-0.002,-0.079,0.788,NaN,750,0,3.821,-1.326,730.000,201.000,768.000,301.000,NaN,NaN,NaN,NaN,NaN,NaN,NaN
3910,1469,3750.000,32.683,8.551,0.033,-0.075,0.762,NaN,750,0,3.077,-1.058,257.000,200.000,286.000,265.000,NaN,NaN,NaN,NaN,NaN,NaN,NaN
3911,1514,3750.000,37.429,2.508,0.092,0.054,0.561,NaN,750,0,0.715,-1.327,522.000,197.000,550.000,258.000,NaN,NaN,NaN,NaN,NaN,NaN,NaN
3912,1574,3750.000,25.443,-6.763,0.074,-0.056,0.865,NaN,750,0,4.411,-1.327,958.000,190.000,992.000,291.000,NaN,NaN,NaN,NaN,NaN,NaN,NaN
3913,405,3751.000,238.993,7.359,0.677,0.463,NaN,NaN,751,0,-0.000,-0.000,NaN,NaN,NaN,NaN,NaN,NaN,NaN,NaN,NaN,NaN,NaN
3914,727,3751.000,240.608,-41.937,0.767,-0.135,NaN,NaN,751,0,-0.000,-0.000,NaN,NaN,NaN,NaN,NaN,NaN,NaN,NaN,NaN,NaN,NaN
3915,1166,3751.000,23.635,-10.495,0.039,-0.099,NaN,NaN,751,0,-3.100,-1.327,NaN,NaN,NaN,NaN,NaN,NaN,NaN,NaN,NaN,NaN,NaN
3916,1459,3751.000,25.053,-2.480,-0.000,-0.081,0.807,0.934,751,0,2.898,3.500,735.000,203.000,776.000,303.000,25.050,-2.460,-1.330,0.870,0.660,1.740,-1.302
3917,1469,3751.000,32.721,8.464,0.035,-0.078,0.825,NaN,751,0,4.217,-0.879,260.000,201.000,295.000,265.000,NaN,NaN,NaN,NaN,NaN,NaN,NaN
3918,1514,3751.000,37.528,2.597,0.096,0.061,0.511,0.019,751,0,-2.599,-2.471,519.000,200.000,547.000,256.000,37.560,2.680,-1.270,1.920,0.590,1.930,0.869
3919,1574,3751.000,25.506,-6.812,0.073,-0.054,0.861,0.997,751,0,3.786,4.938,960.000,189.000,995.000,290.000,25.500,-6.800,-1.060,0.990,0.590,1.880,-0.818
3920,405,3752.000,239.670,7.822,0.676,0.463,NaN,NaN,752,0,0.026,-0.000,NaN,NaN,NaN,NaN,NaN,NaN,NaN,NaN,NaN,NaN,NaN
3921,727,3752.000,241.377,-42.074,0.767,-0.136,NaN,NaN,752,0,-0.000,-0.000,NaN,NaN,NaN,NaN,NaN,NaN,NaN,NaN,NaN,NaN,NaN
3922,1166,3752.000,23.674,-10.594,0.039,-0.100,NaN,NaN,752,0,-2.680,-1.327,NaN,NaN,NaN,NaN,NaN,NaN,NaN,NaN,NaN,NaN,NaN
3923,1459,3752.000,25.061,-2.571,0.002,-0.084,0.736,0.958,752,0,2.178,3.500,735.000,204.000,774.000,303.000,25.070,-2.580,-1.300,0.760,0.590,1.610,-1.027
3924,1469,3752.000,32.754,8.393,0.034,-0.078,0.812,NaN,752,0,4.053,-0.331,262.000,202.000,296.000,265.000,NaN,NaN,NaN,NaN,NaN,NaN,NaN
3925,1514,3752.000,37.675,2.702,0.107,0.071,0.408,0.024,752,0,-2.860,-2.472,518.000,199.000,548.000,257.000,37.750,2.780,-1.280,1.990,0.610,1.900,0.856
3926,1574,3752.000,25.614,-6.879,0.078,-0.057,0.858,0.995,752,0,3.786,4.938,962.000,185.000,998.000,288.000,25.630,-6.910,-1.090,0.960,0.620,1.760,-0.156
3927,405,3753.000,240.346,8.283,0.675,0.461,NaN,NaN,753,0,1.281,-0.000,NaN,NaN,NaN,NaN,NaN,NaN,NaN,NaN,NaN,NaN,NaN
3928,727,3753.000,242.148,-42.208,0.767,-0.133,NaN,NaN,753,0,-0.000,-0.000,NaN,NaN,NaN,NaN,NaN,NaN,NaN,NaN,NaN,NaN,NaN
3929,1166,3753.000,23.713,-10.694,0.039,-0.100,NaN,NaN,753,0,-2.249,-1.327,NaN,NaN,NaN,NaN,NaN,NaN,NaN,NaN,NaN,NaN,NaN
3930,1459,3753.000,25.069,-2.624,0.004,-0.076,0.539,NaN,753,0,0.748,-1.323,736.000,204.000,778.000,295.000,NaN,NaN,NaN,NaN,NaN,NaN,NaN
3931,1469,3753.000,32.801,8.300,0.036,-0.082,0.443,NaN,753,0,-0.000,-0.000,273.000,203.000,295.000,263.000,NaN,NaN,NaN,NaN,NaN,NaN,NaN
3932,1514,3753.000,37.782,2.773,0.108,0.072,NaN,NaN,753,0,-1.461,-1.327,NaN,NaN,NaN,NaN,NaN,NaN,NaN,NaN,NaN,NaN,NaN
3933,1574,3753.000,25.678,-6.987,0.077,-0.071,0.876,NaN,753,0,4.411,-1.327,968.000,184.000,1000.000,288.000,NaN,NaN,NaN,NaN,NaN,NaN,NaN
3934,405,3754.000,241.023,8.744,0.676,0.461,NaN,NaN,754,0,2.680,-0.000,NaN,NaN,NaN,NaN,NaN,NaN,NaN,NaN,NaN,NaN,NaN
3935,727,3754.000,242.920,-42.341,0.767,-0.133,NaN,NaN,754,0,-0.000,-0.000,NaN,NaN,NaN,NaN,NaN,NaN,NaN,NaN,NaN,NaN,NaN
3936,1166,3754.000,23.753,-10.793,0.040,-0.099,NaN,NaN,754,0,0.649,-1.327,NaN,NaN,NaN,NaN,NaN,NaN,NaN,NaN,NaN,NaN,NaN
3937,1459,3754.000,25.100,-2.717,0.009,-0.078,0.731,0.287,754,0,2.069,-0.443,745.000,203.000,785.000,296.000,25.140,-2.760,-1.310,0.770,0.570,1.750,-1.380
3938,1469,3754.000,32.816,8.233,0.030,-0.076,0.359,NaN,754,0,-0.000,-0.000,277.000,203.000,295.000,263.000,NaN,NaN,NaN,NaN,NaN,NaN,NaN
3939,1514,3754.000,37.775,2.782,0.086,0.061,0.373,0.779,754,0,-2.860,-0.150,494.000,190.000,513.000,219.000,37.620,2.700,-1.300,1.870,0.550,1.880,0.679
3940,1574,3754.000,25.737,-7.035,0.074,-0.066,0.871,0.991,754,0,4.225,4.938,970.000,184.000,1005.000,287.000,25.740,-6.990,-1.050,0.970,0.610,1.820,-0.791
3941,405,3755.000,241.701,9.203,0.677,0.459,NaN,NaN,755,0,-0.000,-0.000,NaN,NaN,NaN,NaN,NaN,NaN,NaN,NaN,NaN,NaN,NaN
3942,727,3755.000,243.691,-42.473,0.767,-0.132,NaN,NaN,755,0,-0.000,-0.000,NaN,NaN,NaN,NaN,NaN,NaN,NaN,NaN,NaN,NaN,NaN
3943,1166,3755.000,23.791,-10.893,0.038,-0.099,NaN,NaN,755,0,-0.959,-1.327,NaN,NaN,NaN,NaN,NaN,NaN,NaN,NaN,NaN,NaN,NaN
3944,1459,3755.000,25.107,-2.804,0.008,-0.082,0.425,0.939,755,0,-0.338,3.500,747.000,202.000,786.000,292.000,25.100,-2.840,-1.360,0.800,0.580,1.710,-1.062
3945,1469,3755.000,32.778,8.171,0.018,-0.069,0.517,NaN,755,0,0.165,-0.000,281.000,203.000,295.000,260.000,NaN,NaN,NaN,NaN,NaN,NaN,NaN
3946,1514,3755.000,37.822,2.816,0.077,0.054,0.032,0.098,755,0,-4.936,-2.267,495.000,191.000,527.000,247.000,37.750,2.770,-1.220,1.820,0.630,2.040,0.881
3947,1574,3755.000,25.818,-7.085,0.076,-0.060,0.874,0.999,755,0,4.225,4.938,970.000,183.000,1006.000,287.000,25.840,-7.050,-1.080,0.960,0.550,1.820,-0.416
3948,405,3756.000,242.376,9.662,0.677,0.459,NaN,NaN,756,0,-0.000,-0.000,NaN,NaN,NaN,NaN,NaN,NaN,NaN,NaN,NaN,NaN,NaN
3949,727,3756.000,244.457,-42.604,0.765,-0.132,NaN,NaN,756,0,-0.000,-0.000,NaN,NaN,NaN,NaN,NaN,NaN,NaN,NaN,NaN,NaN,NaN
3950,1166,3756.000,23.829,-10.992,0.038,-0.099,NaN,NaN,756,0,-0.069,-1.327,NaN,NaN,NaN,NaN,NaN,NaN,NaN,NaN,NaN,NaN,NaN
3951,1459,3756.000,25.113,-2.902,0.008,-0.088,0.459,NaN,756,0,-0.011,-1.315,760.000,201.000,791.000,270.000,NaN,NaN,NaN,NaN,NaN,NaN,NaN
3952,1469,3756.000,32.795,8.103,0.017,-0.068,NaN,NaN,756,0,-0.000,-0.000,NaN,NaN,NaN,NaN,NaN,NaN,NaN,NaN,NaN,NaN,NaN
3953,1514,3756.000,37.905,2.777,0.078,0.034,0.089,NaN,756,0,-2.104,-1.327,513.000,198.000,541.000,255.000,NaN,NaN,NaN,NaN,NaN,NaN,NaN
3954,1574,3756.000,25.888,-7.187,0.075,-0.070,0.868,NaN,756,0,4.411,-1.327,973.000,186.000,1009.000,287.000,NaN,NaN,NaN,NaN,NaN,NaN,NaN
3955,405,3757.000,243.055,10.121,0.676,0.459,NaN,NaN,757,0,-0.000,-0.000,NaN,NaN,NaN,NaN,NaN,NaN,NaN,NaN,NaN,NaN,NaN
3956,727,3757.000,245.223,-42.733,0.765,-0.129,NaN,NaN,757,0,-0.000,-0.000,NaN,NaN,NaN,NaN,NaN,NaN,NaN,NaN,NaN,NaN,NaN
3957,1166,3757.000,23.867,-11.090,0.038,-0.098,NaN,NaN,757,0,-2.483,-1.327,NaN,NaN,NaN,NaN,NaN,NaN,NaN,NaN,NaN,NaN,NaN
3958,1459,3757.000,25.140,-2.979,0.011,-0.085,0.518,0.820,757,0,0.345,1.532,765.000,199.000,799.000,268.000,25.150,-2.970,-1.200,0.730,0.690,1.570,-0.737
3959,1469,3757.000,32.788,8.123,0.009,-0.047,0.106,NaN,757,0,-0.000,-0.000,287.000,215.000,294.000,241.000,NaN,NaN,NaN,NaN,NaN,NaN,NaN
3960,1514,3757.000,37.894,2.773,0.061,0.026,0.655,0.885,757,0,-1.610,1.447,511.000,195.000,538.000,256.000,37.770,2.750,-1.240,2.040,0.610,1.880,0.737
3961,1574,3757.000,25.961,-7.218,0.075,-0.060,0.851,0.987,757,0,3.449,4.938,973.000,189.000,1012.000,286.000,25.970,-7.170,-1.070,0.980,0.620,1.930,-0.804
3962,405,3758.000,243.730,10.579,0.676,0.459,NaN,NaN,758,0,-0.000,-0.000,NaN,NaN,NaN,NaN,NaN,NaN,NaN,NaN,NaN,NaN,NaN
3963,727,3758.000,245.992,-42.863,0.764,-0.129,NaN,NaN,758,0,-0.000,-0.000,NaN,NaN,NaN,NaN,NaN,NaN,NaN,NaN,NaN,NaN,NaN
3964,1166,3758.000,23.906,-11.189,0.039,-0.098,NaN,NaN,758,0,-1.460,-2.472,NaN,NaN,NaN,NaN,NaN,NaN,NaN,NaN,NaN,NaN,NaN
3965,1459,3758.000,25.172,-3.071,0.017,-0.086,0.677,0.469,758,0,1.371,-0.006,771.000,200.000,807.000,275.000,25.180,-3.080,-1.260,0.860,0.530,1.720,-0.759
3966,1469,3758.000,32.797,8.077,0.009,-0.047,NaN,NaN,758,0,-0.000,-0.000,NaN,NaN,NaN,NaN,NaN,NaN,NaN,NaN,NaN,NaN,NaN
3967,1514,3758.000,37.983,2.814,0.067,0.030,0.287,0.354,758,0,-3.467,-1.494,494.000,192.000,513.000,244.000,38.010,2.870,-1.210,1.840,0.610,1.910,0.958
3968,1574,3758.000,26.067,-7.263,0.081,-0.057,0.845,0.999,758,0,3.449,4.938,977.000,188.000,1013.000,287.000,26.110,-7.250,-0.990,0.790,0.620,1.590,-0.312
3969,405,3759.000,244.405,11.038,0.676,0.458,NaN,NaN,759,0,-0.000,-0.000,NaN,NaN,NaN,NaN,NaN,NaN,NaN,NaN,NaN,NaN,NaN
3970,727,3759.000,246.759,-42.991,0.765,-0.129,NaN,NaN,759,0,-0.000,-0.000,NaN,NaN,NaN,NaN,NaN,NaN,NaN,NaN,NaN,NaN,NaN
3971,1166,3759.000,23.945,-11.287,0.039,-0.099,NaN,NaN,759,0,-2.654,-1.327,NaN,NaN,NaN,NaN,NaN,NaN,NaN,NaN,NaN,NaN,NaN
3972,1459,3759.000,25.176,-3.205,0.013,-0.097,0.578,NaN,759,0,0.862,-1.308,776.000,202.000,810.000,272.000,NaN,NaN,NaN,NaN,NaN,NaN,NaN
3973,1469,3759.000,32.807,8.030,0.011,-0.047,NaN,NaN,759,0,-0.000,-0.000,NaN,NaN,NaN,NaN,NaN,NaN,NaN,NaN,NaN,NaN,NaN
3974,1514,3759.000,38.061,2.841,0.069,0.031,0.382,NaN,759,0,-0.664,-1.327,509.000,197.000,535.000,256.000,NaN,NaN,NaN,NaN,NaN,NaN,NaN
3975,1574,3759.000,26.139,-7.347,0.077,-0.063,0.850,NaN,759,0,4.491,-1.327,978.000,189.000,1013.000,288.000,NaN,NaN,NaN,NaN,NaN,NaN,NaN
3976,405,3760.000,245.079,11.495,0.676,0.457,NaN,NaN,760,0,-0.000,-0.000,NaN,NaN,NaN,NaN,NaN,NaN,NaN,NaN,NaN,NaN,NaN
3977,727,3760.000,247.525,-43.122,0.766,-0.131,NaN,NaN,760,0,-0.000,-0.000,NaN,NaN,NaN,NaN,NaN,NaN,NaN,NaN,NaN,NaN,NaN
3978,1166,3760.000,23.984,-11.387,0.039,-0.100,NaN,NaN,760,0,-2.972,-1.327,NaN,NaN,NaN,NaN,NaN,NaN,NaN,NaN,NaN,NaN,NaN
3979,1459,3760.000,25.231,-3.294,0.023,-0.096,0.668,0.195,760,0,1.273,-0.727,780.000,201.000,816.000,277.000,25.270,-3.280,-1.290,0.820,0.560,1.740,-0.727
3980,1469,3760.000,32.819,7.982,0.011,-0.048,NaN,NaN,760,0,-0.000,-0.000,NaN,NaN,NaN,NaN,NaN,NaN,NaN,NaN,NaN,NaN,NaN
3981,1514,3760.000,38.127,2.912,0.068,0.038,0.493,0.851,760,0,-2.600,0.380,509.000,194.000,532.000,254.000,38.090,3.060,-1.200,1.940,0.590,1.860,0.928
3982,1574,3760.000,26.242,-7.407,0.082,-0.063,0.831,0.887,760,0,2.951,2.777,981.000,188.000,1015.000,286.000,26.260,-7.390,-1.040,0.940,0.640,1.970,-0.450
3983,405,3761.000,245.760,11.953,0.678,0.458,NaN,NaN,761,0,-0.000,-0.000,NaN,NaN,NaN,NaN,NaN,NaN,NaN,NaN,NaN,NaN,NaN
3984,727,3761.000,248.292,-43.253,0.766,-0.130,NaN,NaN,761,0,-0.000,-0.000,NaN,NaN,NaN,NaN,NaN,NaN,NaN,NaN,NaN,NaN,NaN
3985,1166,3761.000,24.023,-11.485,0.039,-0.099,NaN,NaN,761,0,-2.972,-1.327,NaN,NaN,NaN,NaN,NaN,NaN,NaN,NaN,NaN,NaN,NaN
3986,1459,3761.000,25.176,-3.401,0.004,-0.100,0.635,0.741,761,0,1.051,1.089,783.000,202.000,820.000,275.000,25.090,-3.400,-1.190,0.820,0.590,1.730,-1.902
3987,1469,3761.000,32.829,7.934,0.011,-0.048,NaN,NaN,761,0,-0.000,-0.000,NaN,NaN,NaN,NaN,NaN,NaN,NaN,NaN,NaN,NaN,NaN
3988,1574,3761.000,26.315,-7.475,0.076,-0.062,0.835,0.994,761,0,2.951,4.938,983.000,185.000,1016.000,285.000,26.330,-7.440,-1.130,0.890,0.620,1.830,-0.386
3989,405,3762.000,246.438,12.410,0.679,0.458,NaN,NaN,762,0,-0.000,-0.000,NaN,NaN,NaN,NaN,NaN,NaN,NaN,NaN,NaN,NaN,NaN
3990,727,3762.000,251.339,-43.742,0.795,-0.134,0.028,NaN,762,0,-0.000,-0.000,848.000,201.000,857.000,221.000,NaN,NaN,NaN,NaN,NaN,NaN,NaN
3991,1166,3762.000,24.063,-11.583,0.039,-0.097,NaN,NaN,762,0,-2.058,-1.327,NaN,NaN,NaN,NaN,NaN,NaN,NaN,NaN,NaN,NaN,NaN
3992,1459,3762.000,25.169,-3.524,0.001,-0.104,0.566,NaN,762,0,0.787,-1.316,792.000,200.000,825.000,274.000,NaN,NaN,NaN,NaN,NaN,NaN,NaN
3993,1469,3762.000,32.840,7.889,0.011,-0.045,NaN,NaN,762,0,-0.000,-0.000,NaN,NaN,NaN,NaN,NaN,NaN,NaN,NaN,NaN,NaN,NaN
3994,1574,3762.000,26.385,-7.557,0.075,-0.066,0.813,NaN,762,0,4.175,-1.327,985.000,185.000,1018.000,285.000,NaN,NaN,NaN,NaN,NaN,NaN,NaN
3995,405,3763.000,247.116,12.868,0.680,0.458,NaN,NaN,763,0,-0.000,-0.000,NaN,NaN,NaN,NaN,NaN,NaN,NaN,NaN,NaN,NaN,NaN
3996,727,3763.000,252.557,-43.979,0.802,-0.139,0.026,NaN,763,0,-0.000,-0.000,848.000,201.000,857.000,220.000,NaN,NaN,NaN,NaN,NaN,NaN,NaN
3997,1166,3763.000,24.101,-11.679,0.039,-0.097,NaN,NaN,763,0,-1.712,-2.351,NaN,NaN,NaN,NaN,NaN,NaN,NaN,NaN,NaN,NaN,NaN
3998,1459,3763.000,25.171,-3.615,0.003,-0.101,0.743,0.436,763,0,2.178,-0.135,797.000,200.000,828.000,270.000,25.170,-3.580,-1.250,0.810,0.580,1.720,-1.112
3999,1469,3763.000,32.853,7.844,0.012,-0.044,NaN,NaN,763,0,-0.000,-0.000,NaN,NaN,NaN,NaN,NaN,NaN,NaN,NaN,NaN,NaN,NaN
4000,1574,3763.000,26.469,-7.598,0.076,-0.058,0.845,0.996,763,0,3.449,4.938,989.000,185.000,1019.000,286.000,26.490,-7.540,-1.120,0.860,0.680,1.930,-0.555
4001,405,3764.000,246.981,21.425,0.651,0.713,0.318,NaN,764,0,-0.000,-0.000,496.000,190.000,514.000,220.000,NaN,NaN,NaN,NaN,NaN,NaN,NaN
4002,727,3764.000,254.149,-44.259,0.814,-0.140,0.033,NaN,764,0,-0.000,-0.000,848.000,201.000,857.000,220.000,NaN,NaN,NaN,NaN,NaN,NaN,NaN
4003,1166,3764.000,24.141,-11.777,0.039,-0.097,NaN,NaN,764,0,-4.110,-2.870,NaN,NaN,NaN,NaN,NaN,NaN,NaN,NaN,NaN,NaN,NaN
4004,1459,3764.000,25.146,-3.691,-0.002,-0.095,0.737,0.996,764,0,2.178,3.500,800.000,200.000,831.000,272.000,25.100,-3.640,-1.270,0.850,0.570,1.650,-0.143
4005,1469,3764.000,32.865,7.799,0.012,-0.045,NaN,NaN,764,0,-0.000,-0.000,NaN,NaN,NaN,NaN,NaN,NaN,NaN,NaN,NaN,NaN,NaN
4006,1574,3764.000,26.558,-7.643,0.078,-0.056,0.859,0.988,764,0,3.590,6.369,990.000,184.000,1020.000,284.000,26.580,-7.610,-1.080,0.960,0.640,1.830,-0.578
4007,405,3765.000,247.984,22.102,0.656,0.715,0.037,NaN,765,0,-0.000,-0.000,496.000,191.000,512.000,218.000,NaN,NaN,NaN,NaN,NaN,NaN,NaN
4008,727,3765.000,254.972,-44.398,0.814,-0.140,NaN,NaN,765,0,-0.000,-0.000,NaN,NaN,NaN,NaN,NaN,NaN,NaN,NaN,NaN,NaN,NaN
4009,1166,3765.000,24.180,-11.874,0.039,-0.097,NaN,NaN,765,0,-1.162,-1.327,NaN,NaN,NaN,NaN,NaN,NaN,NaN,NaN,NaN,NaN,NaN
4010,1459,3765.000,25.146,-3.789,-0.000,-0.095,0.623,NaN,765,0,1.205,-1.319,806.000,200.000,837.000,272.000,NaN,NaN,NaN,NaN,NaN,NaN,NaN
4011,1469,3765.000,32.878,7.755,0.013,-0.044,NaN,NaN,765,0,-0.000,-0.000,NaN,NaN,NaN,NaN,NaN,NaN,NaN,NaN,NaN,NaN,NaN
4012,1574,3765.000,26.621,-7.741,0.076,-0.067,0.843,NaN,765,0,4.474,-1.327,992.000,184.000,1024.000,284.000,NaN,NaN,NaN,NaN,NaN,NaN,NaN
4013,405,3766.000,248.644,22.817,0.657,0.715,NaN,NaN,766,0,3.947,-0.000,NaN,NaN,NaN,NaN,NaN,NaN,NaN,NaN,NaN,NaN,NaN
4014,727,3766.000,255.792,-44.537,0.815,-0.139,NaN,NaN,766,0,-0.000,-0.000,NaN,NaN,NaN,NaN,NaN,NaN,NaN,NaN,NaN,NaN,NaN
4015,1166,3766.000,24.219,-11.970,0.040,-0.097,NaN,NaN,766,0,-2.701,-1.327,NaN,NaN,NaN,NaN,NaN,NaN,NaN,NaN,NaN,NaN,NaN
4016,1459,3766.000,25.145,-3.885,-0.001,-0.096,NaN,NaN,766,0,-2.641,-1.320,NaN,NaN,NaN,NaN,NaN,NaN,NaN,NaN,NaN,NaN,NaN
4017,1469,3766.000,32.892,7.711,0.015,-0.044,NaN,NaN,766,0,-0.000,-0.000,NaN,NaN,NaN,NaN,NaN,NaN,NaN,NaN,NaN,NaN,NaN
4018,1574,3766.000,26.680,-7.781,0.072,-0.061,0.846,0.978,766,0,3.225,6.369,992.000,186.000,1026.000,286.000,26.670,-7.730,-1.160,0.820,0.590,1.750,-0.596
4019,405,3767.000,249.306,23.534,0.655,0.718,NaN,NaN,767,0,-0.000,-0.000,NaN,NaN,NaN,NaN,NaN,NaN,NaN,NaN,NaN,NaN,NaN
4020,727,3767.000,256.615,-44.675,0.814,-0.138,NaN,NaN,767,0,0.090,-0.000,NaN,NaN,NaN,NaN,NaN,NaN,NaN,NaN,NaN,NaN,NaN
4021,1166,3767.000,24.259,-12.066,0.040,-0.096,NaN,NaN,767,0,-1.814,-1.327,NaN,NaN,NaN,NaN,NaN,NaN,NaN,NaN,NaN,NaN,NaN
4022,1459,3767.000,25.157,-3.956,0.004,-0.087,0.736,0.027,767,0,2.178,-1.444,817.000,204.000,853.000,280.000,25.150,-3.930,-1.250,0.750,0.580,1.800,-0.958
4023,1469,3767.000,32.907,7.666,0.015,-0.045,NaN,NaN,767,0,-0.000,-0.000,NaN,NaN,NaN,NaN,NaN,NaN,NaN,NaN,NaN,NaN,NaN
4024,1574,3767.000,26.779,-7.845,0.076,-0.061,0.861,0.991,767,0,3.590,6.369,994.000,188.000,1028.000,285.000,26.810,-7.850,-1.070,0.980,0.570,1.930,-1.042
4025,405,3768.000,249.971,24.251,0.656,0.717,NaN,NaN,768,0,-0.000,-0.000,NaN,NaN,NaN,NaN,NaN,NaN,NaN,NaN,NaN,NaN,NaN
4026,727,3768.000,257.432,-44.813,0.814,-0.138,NaN,NaN,768,0,-0.000,-0.000,NaN,NaN,NaN,NaN,NaN,NaN,NaN,NaN,NaN,NaN,NaN
4027,1166,3768.000,24.297,-12.160,0.038,-0.095,NaN,NaN,768,0,-2.320,-1.327,NaN,NaN,NaN,NaN,NaN,NaN,NaN,NaN,NaN,NaN,NaN
4028,1459,3768.000,25.161,-4.073,0.003,-0.095,0.744,NaN,768,0,2.746,-1.323,820.000,203.000,854.000,281.000,NaN,NaN,NaN,NaN,NaN,NaN,NaN
4029,1469,3768.000,32.921,7.622,0.014,-0.044,NaN,NaN,768,0,-0.000,-0.000,NaN,NaN,NaN,NaN,NaN,NaN,NaN,NaN,NaN,NaN,NaN
4030,1574,3768.000,26.846,-7.911,0.072,-0.061,0.853,NaN,768,0,4.491,-1.327,995.000,187.000,1029.000,284.000,NaN,NaN,NaN,NaN,NaN,NaN,NaN
4031,405,3769.000,250.634,24.967,0.656,0.716,NaN,NaN,769,0,-0.000,-0.000,NaN,NaN,NaN,NaN,NaN,NaN,NaN,NaN,NaN,NaN,NaN
4032,727,3769.000,258.252,-44.950,0.812,-0.138,NaN,NaN,769,0,-0.000,-0.000,NaN,NaN,NaN,NaN,NaN,NaN,NaN,NaN,NaN,NaN,NaN
4033,1166,3769.000,24.335,-12.254,0.038,-0.094,NaN,NaN,769,0,-1.876,-1.327,NaN,NaN,NaN,NaN,NaN,NaN,NaN,NaN,NaN,NaN,NaN
4034,1459,3769.000,25.158,-4.140,0.003,-0.088,0.716,0.985,769,0,1.934,3.500,823.000,202.000,856.000,281.000,25.140,-4.090,-1.280,0.750,0.600,1.580,-0.981
4035,1469,3769.000,32.934,7.579,0.012,-0.043,NaN,NaN,769,0,-0.000,-0.000,NaN,NaN,NaN,NaN,NaN,NaN,NaN,NaN,NaN,NaN,NaN
4036,1574,3769.000,26.941,-7.977,0.077,-0.064,0.870,0.992,769,0,4.054,6.369,1000.000,186.000,1033.000,282.000,26.950,-7.970,-1.080,1.070,0.670,1.860,-0.475
4037,405,3770.000,251.297,25.683,0.655,0.715,NaN,NaN,770,0,-0.000,-0.000,NaN,NaN,NaN,NaN,NaN,NaN,NaN,NaN,NaN,NaN,NaN
4038,727,3770.000,259.065,-45.089,0.813,-0.138,NaN,NaN,770,0,-0.000,-0.000,NaN,NaN,NaN,NaN,NaN,NaN,NaN,NaN,NaN,NaN,NaN
4039,1166,3770.000,24.372,-12.349,0.037,-0.095,NaN,NaN,770,0,-0.205,-1.327,NaN,NaN,NaN,NaN,NaN,NaN,NaN,NaN,NaN,NaN,NaN
4040,1459,3770.000,25.145,-4.262,0.002,-0.096,0.115,NaN,770,0,-1.511,-1.319,832.000,201.000,865.000,285.000,NaN,NaN,NaN,NaN,NaN,NaN,NaN
4041,1469,3770.000,32.945,7.537,0.011,-0.042,NaN,NaN,770,0,-0.000,-0.000,NaN,NaN,NaN,NaN,NaN,NaN,NaN,NaN,NaN,NaN,NaN
4042,1574,3770.000,27.001,-8.102,0.072,-0.079,0.861,NaN,770,0,4.491,-1.327,1005.000,184.000,1036.000,281.000,NaN,NaN,NaN,NaN,NaN,NaN,NaN
4043,405,3771.000,251.960,26.397,0.656,0.715,NaN,NaN,771,0,-0.000,-0.000,NaN,NaN,NaN,NaN,NaN,NaN,NaN,NaN,NaN,NaN,NaN
4044,727,3771.000,259.880,-45.228,0.813,-0.139,NaN,NaN,771,0,0.810,-0.000,NaN,NaN,NaN,NaN,NaN,NaN,NaN,NaN,NaN,NaN,NaN
4045,1166,3771.000,24.409,-12.444,0.036,-0.095,NaN,NaN,771,0,-2.640,-1.327,NaN,NaN,NaN,NaN,NaN,NaN,NaN,NaN,NaN,NaN,NaN
4046,1459,3771.000,25.168,-4.332,0.007,-0.090,0.464,0.998,771,0,-0.098,3.500,835.000,200.000,867.000,281.000,25.190,-4.290,-1.250,0.770,0.600,1.600,-0.703
4047,1469,3771.000,32.956,7.494,0.012,-0.043,NaN,NaN,771,0,-0.000,-0.000,NaN,NaN,NaN,NaN,NaN,NaN,NaN,NaN,NaN,NaN,NaN
4048,1574,3771.000,27.066,-8.156,0.069,-0.071,0.860,0.974,771,0,3.590,6.369,1006.000,183.000,1040.000,281.000,27.050,-8.100,-1.040,0.920,0.720,1.730,2.915
4049,405,3772.000,252.624,27.113,0.656,0.716,NaN,NaN,772,0,-0.712,-0.407,NaN,NaN,NaN,NaN,NaN,NaN,NaN,NaN,NaN,NaN,NaN
4050,727,3772.000,260.696,-45.367,0.811,-0.139,NaN,NaN,772,0,-0.000,-0.000,NaN,NaN,NaN,NaN,NaN,NaN,NaN,NaN,NaN,NaN,NaN
4051,1166,3772.000,24.446,-12.540,0.038,-0.095,NaN,NaN,772,0,0.422,-1.327,NaN,NaN,NaN,NaN,NaN,NaN,NaN,NaN,NaN,NaN,NaN
4052,1459,3772.000,25.212,-4.437,0.016,-0.095,0.647,0.196,772,0,1.116,-0.699,846.000,200.000,875.000,290.000,25.260,-4.470,-1.250,0.740,0.590,1.620,0.150
4053,1469,3772.000,32.966,7.449,0.011,-0.045,NaN,NaN,772,0,-0.000,-0.000,NaN,NaN,NaN,NaN,NaN,NaN,NaN,NaN,NaN,NaN,NaN
4054,1574,3772.000,27.163,-8.196,0.074,-0.063,0.863,0.970,772,0,3.590,6.369,1006.000,184.000,1041.000,280.000,27.200,-8.130,-1.040,1.120,0.630,1.920,-0.538
4055,405,3773.000,254.889,25.497,0.692,0.536,0.309,NaN,773,0,-0.524,-0.868,491.000,195.000,514.000,257.000,NaN,NaN,NaN,NaN,NaN,NaN,NaN
4056,727,3773.000,262.353,-45.658,0.814,-0.142,0.029,NaN,773,0,-0.000,-0.000,848.000,200.000,857.000,248.000,NaN,NaN,NaN,NaN,NaN,NaN,NaN
4057,1166,3773.000,24.483,-12.636,0.037,-0.096,NaN,NaN,773,0,-1.208,-1.327,NaN,NaN,NaN,NaN,NaN,NaN,NaN,NaN,NaN,NaN,NaN
4058,1459,3773.000,25.210,-4.619,0.011,-0.116,0.487,NaN,773,0,0.367,-1.306,855.000,200.000,881.000,281.000,NaN,NaN,NaN,NaN,NaN,NaN,NaN
4059,1469,3773.000,32.977,7.405,0.011,-0.044,NaN,NaN,773,0,-0.000,-0.000,NaN,NaN,NaN,NaN,NaN,NaN,NaN,NaN,NaN,NaN,NaN
4060,1574,3773.000,27.225,-8.294,0.069,-0.072,0.856,NaN,773,0,4.491,-1.327,1009.000,184.000,1044.000,280.000,NaN,NaN,NaN,NaN,NaN,NaN,NaN
4061,405,3774.000,255.604,26.033,0.692,0.536,NaN,NaN,774,0,2.927,6.369,NaN,NaN,NaN,NaN,NaN,NaN,NaN,NaN,NaN,NaN,NaN
4062,727,3774.000,262.106,-45.652,0.808,-0.145,0.026,NaN,774,0,-0.000,-0.000,848.000,200.000,857.000,223.000,NaN,NaN,NaN,NaN,NaN,NaN,NaN
4063,1166,3774.000,24.521,-12.731,0.037,-0.095,NaN,NaN,774,0,-0.850,-2.178,NaN,NaN,NaN,NaN,NaN,NaN,NaN,NaN,NaN,NaN,NaN
4064,1459,3774.000,25.236,-4.689,0.017,-0.104,0.591,0.522,774,0,0.777,0.173,859.000,201.000,886.000,280.000,25.270,-4.560,-1.290,0.780,0.560,1.660,-0.280
4065,1469,3774.000,32.989,7.361,0.011,-0.044,NaN,NaN,774,0,1.890,-0.000,NaN,NaN,NaN,NaN,NaN,NaN,NaN,NaN,NaN,NaN,NaN
4066,1574,3774.000,27.271,-8.319,0.065,-0.062,NaN,0.430,774,0,-3.248,-0.359,980.000,186.000,1063.000,284.000,27.250,-8.210,-1.080,1.920,0.560,1.900,-0.898
4067,405,3775.000,256.314,26.569,0.693,0.537,NaN,NaN,775,0,-0.000,-0.000,NaN,NaN,NaN,NaN,NaN,NaN,NaN,NaN,NaN,NaN,NaN
4068,727,3775.000,262.223,-45.696,0.807,-0.148,0.064,NaN,775,0,-0.000,-0.000,848.000,200.000,857.000,242.000,NaN,NaN,NaN,NaN,NaN,NaN,NaN
4069,1166,3775.000,24.557,-12.825,0.037,-0.094,NaN,NaN,775,0,-2.058,-1.327,NaN,NaN,NaN,NaN,NaN,NaN,NaN,NaN,NaN,NaN,NaN
4070,1459,3775.000,25.247,-4.820,0.017,-0.111,0.822,NaN,775,0,4.217,-1.306,858.000,202.000,896.000,280.000,NaN,NaN,NaN,NaN,NaN,NaN,NaN
4071,1469,3775.000,33.002,7.316,0.013,-0.045,NaN,NaN,775,0,-0.000,-0.000,NaN,NaN,NaN,NaN,NaN,NaN,NaN,NaN,NaN,NaN,NaN
4072,1574,3775.000,27.384,-8.385,0.076,-0.063,0.849,0.972,775,0,3.225,6.369,1012.000,186.000,1049.000,283.000,27.440,-8.370,-1.080,0.740,0.660,1.640,0.057
4073,405,3776.000,257.020,27.107,0.694,0.537,NaN,NaN,776,0,-0.000,-0.000,NaN,NaN,NaN,NaN,NaN,NaN,NaN,NaN,NaN,NaN,NaN
4074,727,3776.000,262.660,-45.787,0.809,-0.150,0.060,NaN,776,0,-0.000,-0.000,848.000,201.000,857.000,241.000,NaN,NaN,NaN,NaN,NaN,NaN,NaN
4075,1166,3776.000,24.594,-12.920,0.036,-0.095,NaN,NaN,776,0,-1.012,-1.327,NaN,NaN,NaN,NaN,NaN,NaN,NaN,NaN,NaN,NaN,NaN
4076,1459,3776.000,25.261,-4.949,0.015,-0.117,0.679,NaN,776,0,1.846,-1.307,863.000,203.000,902.000,280.000,NaN,NaN,NaN,NaN,NaN,NaN,NaN
4077,1469,3776.000,33.015,7.271,0.013,-0.045,NaN,NaN,776,0,-0.000,-0.000,NaN,NaN,NaN,NaN,NaN,NaN,NaN,NaN,NaN,NaN,NaN
4078,1574,3776.000,27.446,-8.484,0.072,-0.072,0.858,NaN,776,0,4.491,-1.327,1016.000,186.000,1049.000,282.000,NaN,NaN,NaN,NaN,NaN,NaN,NaN
4079,405,3777.000,257.720,27.645,0.693,0.538,NaN,NaN,777,0,-0.927,-0.557,NaN,NaN,NaN,NaN,NaN,NaN,NaN,NaN,NaN,NaN,NaN
4080,727,3777.000,263.462,-45.934,0.811,-0.149,0.056,NaN,777,0,-0.000,-0.000,848.000,201.000,857.000,241.000,NaN,NaN,NaN,NaN,NaN,NaN,NaN
4081,1166,3777.000,24.631,-13.015,0.037,-0.095,NaN,NaN,777,0,-2.320,-1.327,NaN,NaN,NaN,NaN,NaN,NaN,NaN,NaN,NaN,NaN,NaN
4082,1459,3777.000,25.285,-5.014,0.021,-0.103,0.727,0.747,777,0,2.069,1.133,864.000,203.000,904.000,281.000,25.290,-4.910,-1.230,0.870,0.580,1.690,-0.655
4083,1469,3777.000,33.027,7.226,0.013,-0.045,NaN,NaN,777,0,-0.000,-0.000,NaN,NaN,NaN,NaN,NaN,NaN,NaN,NaN,NaN,NaN,NaN
4084,1574,3777.000,27.512,-8.517,0.073,-0.063,0.849,0.974,777,0,2.998,7.239,1017.000,185.000,1049.000,281.000,27.500,-8.450,-1.030,0.910,0.670,1.820,2.531
4085,405,3778.000,258.422,28.183,0.693,0.538,NaN,NaN,778,0,-1.018,-0.868,NaN,NaN,NaN,NaN,NaN,NaN,NaN,NaN,NaN,NaN,NaN
4086,727,3778.000,263.908,-46.033,0.802,-0.150,0.035,NaN,778,0,-0.000,-0.000,848.000,201.000,857.000,241.000,NaN,NaN,NaN,NaN,NaN,NaN,NaN
4087,1166,3778.000,24.667,-13.109,0.037,-0.094,NaN,NaN,778,0,-2.972,-1.327,NaN,NaN,NaN,NaN,NaN,NaN,NaN,NaN,NaN,NaN,NaN
4088,1459,3778.000,25.294,-5.153,0.018,-0.112,0.731,NaN,778,0,2.590,-1.312,878.000,199.000,907.000,278.000,NaN,NaN,NaN,NaN,NaN,NaN,NaN
4089,1469,3778.000,33.040,7.181,0.013,-0.045,NaN,NaN,778,0,-0.000,-0.000,NaN,NaN,NaN,NaN,NaN,NaN,NaN,NaN,NaN,NaN,NaN
4090,1574,3778.000,27.637,-8.578,0.086,-0.063,0.839,0.848,778,0,2.682,1.499,1021.000,184.000,1053.000,281.000,27.690,-8.590,-1.000,1.070,0.640,1.860,-0.084
4091,405,3779.000,251.084,30.355,0.733,0.751,0.027,NaN,779,0,-0.000,-0.000,452.000,191.000,463.000,234.000,NaN,NaN,NaN,NaN,NaN,NaN,NaN
4092,727,3779.000,265.688,-46.342,0.808,-0.151,0.037,NaN,779,0,-0.000,-0.000,848.000,201.000,857.000,241.000,NaN,NaN,NaN,NaN,NaN,NaN,NaN
4093,1166,3779.000,24.705,-13.204,0.037,-0.095,NaN,NaN,779,0,-1.606,-1.327,NaN,NaN,NaN,NaN,NaN,NaN,NaN,NaN,NaN,NaN,NaN
4094,1459,3779.000,25.307,-5.274,0.017,-0.114,0.752,NaN,779,0,2.906,-1.317,883.000,200.000,913.000,279.000,NaN,NaN,NaN,NaN,NaN,NaN,NaN
4095,1469,3779.000,33.053,7.135,0.013,-0.046,NaN,NaN,779,0,-0.000,-0.000,NaN,NaN,NaN,NaN,NaN,NaN,NaN,NaN,NaN,NaN,NaN
4096,1574,3779.000,27.705,-8.690,0.080,-0.074,0.838,NaN,779,0,4.474,-1.327,1025.000,184.000,1054.000,280.000,NaN,NaN,NaN,NaN,NaN,NaN,NaN
4097,405,3780.000,251.807,31.105,0.733,0.750,NaN,NaN,780,0,-0.000,-0.000,NaN,NaN,NaN,NaN,NaN,NaN,NaN,NaN,NaN,NaN,NaN
4098,727,3780.000,266.497,-46.492,0.808,-0.151,NaN,NaN,780,0,-0.000,-0.000,NaN,NaN,NaN,NaN,NaN,NaN,NaN,NaN,NaN,NaN,NaN
4099,1166,3780.000,24.740,-13.297,0.036,-0.094,NaN,NaN,780,0,-0.905,-1.327,NaN,NaN,NaN,NaN,NaN,NaN,NaN,NaN,NaN,NaN,NaN
4100,1459,3780.000,25.416,-5.312,0.032,-0.086,0.202,0.956,780,0,-1.394,3.500,884.000,200.000,913.000,276.000,25.470,-5.150,-1.140,0.810,0.550,1.640,-0.027
4101,1469,3780.000,29.250,10.062,-0.135,0.154,0.115,NaN,780,0,-0.000,-0.000,143.000,207.000,160.000,237.000,NaN,NaN,NaN,NaN,NaN,NaN,NaN
4102,1574,3780.000,27.840,-8.758,0.091,-0.071,0.838,0.970,780,0,2.682,7.239,1026.000,185.000,1056.000,280.000,27.870,-8.750,-1.050,0.830,0.930,1.750,-0.210
4103,405,3781.000,253.525,30.727,0.623,0.550,0.027,NaN,781,0,-0.000,-0.000,467.000,201.000,483.000,250.000,NaN,NaN,NaN,NaN,NaN,NaN,NaN
4104,727,3781.000,267.307,-46.644,0.809,-0.151,NaN,NaN,781,0,0.262,-0.000,NaN,NaN,NaN,NaN,NaN,NaN,NaN,NaN,NaN,NaN,NaN
4105,1166,3781.000,24.775,-13.391,0.034,-0.094,NaN,NaN,781,0,-3.178,-1.327,NaN,NaN,NaN,NaN,NaN,NaN,NaN,NaN,NaN,NaN,NaN
4106,1459,3781.000,25.476,-5.380,0.038,-0.080,0.725,0.916,781,0,1.790,4.838,881.000,201.000,921.000,281.000,25.520,-5.340,-1.280,0.850,0.550,1.610,0.130
4107,1469,3781.000,29.113,10.225,-0.137,0.162,0.032,NaN,781,0,-1.748,-0.748,136.000,207.000,154.000,235.000,NaN,NaN,NaN,NaN,NaN,NaN,NaN
4108,1574,3781.000,27.923,-8.817,0.089,-0.068,0.839,1.000,781,0,2.682,7.239,1029.000,185.000,1058.000,281.000,27.910,-8.780,-1.020,0.750,0.630,1.610,-0.641
4109,405,3782.000,254.139,31.276,0.624,0.549,NaN,NaN,782,0,-0.000,-0.000,NaN,NaN,NaN,NaN,NaN,NaN,NaN,NaN,NaN,NaN,NaN
4110,727,3782.000,268.115,-46.794,0.810,-0.150,NaN,NaN,782,0,-0.000,-0.000,NaN,NaN,NaN,NaN,NaN,NaN,NaN,NaN,NaN,NaN,NaN
4111,1166,3782.000,24.809,-13.484,0.034,-0.093,NaN,NaN,782,0,-0.804,-1.327,NaN,NaN,NaN,NaN,NaN,NaN,NaN,NaN,NaN,NaN,NaN
4112,1459,3782.000,25.516,-5.455,0.039,-0.078,0.675,NaN,782,0,1.724,-1.301,881.000,202.000,926.000,281.000,NaN,NaN,NaN,NaN,NaN,NaN,NaN
4113,1469,3782.000,28.971,10.400,-0.141,0.169,0.155,NaN,782,0,-1.244,-0.945,122.000,208.000,149.000,251.000,NaN,NaN,NaN,NaN,NaN,NaN,NaN
4114,1574,3782.000,27.992,-8.924,0.084,-0.077,0.866,NaN,782,0,4.491,-1.327,1030.000,186.000,1062.000,279.000,NaN,NaN,NaN,NaN,NaN,NaN,NaN
4115,405,3783.000,254.753,31.824,0.626,0.548,NaN,NaN,783,0,-0.000,-0.000,NaN,NaN,NaN,NaN,NaN,NaN,NaN,NaN,NaN,NaN,NaN
4116,727,3783.000,268.927,-46.944,0.810,-0.151,NaN,NaN,783,0,-0.000,-0.000,NaN,NaN,NaN,NaN,NaN,NaN,NaN,NaN,NaN,NaN,NaN
4117,1166,3783.000,24.842,-13.579,0.034,-0.094,NaN,NaN,783,0,-2.972,-1.327,NaN,NaN,NaN,NaN,NaN,NaN,NaN,NaN,NaN,NaN,NaN
4118,1459,3783.000,25.592,-5.519,0.050,-0.073,0.451,0.448,783,0,-0.369,-0.185,883.000,202.000,928.000,278.000,25.620,-5.470,-1.290,0.810,0.540,1.670,0.021
4119,1469,3783.000,28.836,10.556,-0.137,0.164,0.406,NaN,783,0,-0.530,-0.985,121.000,208.000,147.000,248.000,NaN,NaN,NaN,NaN,NaN,NaN,NaN
4120,1574,3783.000,28.026,-8.988,0.073,-0.073,0.859,0.993,783,0,3.378,7.239,1028.000,187.000,1063.000,280.000,27.990,-8.940,-1.050,0.780,0.590,1.790,-0.773
4121,405,3784.000,255.406,32.373,0.624,0.548,NaN,NaN,784,0,-0.000,-0.000,NaN,NaN,NaN,NaN,NaN,NaN,NaN,NaN,NaN,NaN,NaN
4122,727,3784.000,269.733,-47.096,0.809,-0.152,NaN,NaN,784,0,-0.000,-0.000,NaN,NaN,NaN,NaN,NaN,NaN,NaN,NaN,NaN,NaN,NaN
4123,1166,3784.000,24.876,-13.673,0.034,-0.094,NaN,NaN,784,0,-5.439,-3.045,NaN,NaN,NaN,NaN,NaN,NaN,NaN,NaN,NaN,NaN,NaN
4124,1459,3784.000,25.686,-5.578,0.058,-0.070,0.278,0.077,784,0,-1.079,-1.142,889.000,201.000,932.000,277.000,25.750,-5.550,-1.320,0.790,0.470,1.630,-0.093
4125,1469,3784.000,28.732,10.600,-0.127,0.121,0.141,NaN,784,0,-1.115,-0.741,124.000,206.000,142.000,229.000,NaN,NaN,NaN,NaN,NaN,NaN,NaN
4126,1574,3784.000,28.094,-9.051,0.071,-0.071,0.801,0.833,784,0,1.827,1.205,1030.000,186.000,1065.000,280.000,28.100,-9.030,-1.080,0.900,0.540,1.710,-1.295
4127,405,3785.000,256.053,32.921,0.624,0.548,NaN,NaN,785,0,-0.000,-0.000,NaN,NaN,NaN,NaN,NaN,NaN,NaN,NaN,NaN,NaN,NaN
4128,727,3785.000,270.542,-47.248,0.810,-0.152,NaN,NaN,785,0,-0.000,-0.000,NaN,NaN,NaN,NaN,NaN,NaN,NaN,NaN,NaN,NaN,NaN
4129,1166,3785.000,24.910,-13.767,0.034,-0.095,NaN,NaN,785,0,-1.860,-1.327,NaN,NaN,NaN,NaN,NaN,NaN,NaN,NaN,NaN,NaN,NaN
4130,1459,3785.000,25.735,-5.690,0.056,-0.081,0.643,NaN,785,0,1.407,-1.306,898.000,201.000,937.000,280.000,NaN,NaN,NaN,NaN,NaN,NaN,NaN
4131,1469,3785.000,28.606,10.722,-0.127,0.122,NaN,NaN,785,0,-1.530,-0.719,NaN,NaN,NaN,NaN,NaN,NaN,NaN,NaN,NaN,NaN,NaN
4132,1574,3785.000,28.156,-9.135,0.069,-0.074,0.682,NaN,785,0,2.039,-1.326,1035.000,187.000,1068.000,278.000,NaN,NaN,NaN,NaN,NaN,NaN,NaN
4133,405,3786.000,256.695,33.470,0.623,0.549,NaN,NaN,786,0,-0.000,-0.000,NaN,NaN,NaN,NaN,NaN,NaN,NaN,NaN,NaN,NaN,NaN
4134,727,3786.000,271.349,-47.398,0.810,-0.150,NaN,NaN,786,0,-0.000,-0.000,NaN,NaN,NaN,NaN,NaN,NaN,NaN,NaN,NaN,NaN,NaN
4135,1166,3786.000,24.945,-13.862,0.035,-0.095,NaN,NaN,786,0,-1.208,-1.327,NaN,NaN,NaN,NaN,NaN,NaN,NaN,NaN,NaN,NaN,NaN
4136,1459,3786.000,25.785,-5.798,0.054,-0.088,0.731,NaN,786,0,2.590,-1.308,903.000,201.000,939.000,280.000,NaN,NaN,NaN,NaN,NaN,NaN,NaN
4137,1469,3786.000,28.479,10.844,-0.127,0.122,NaN,NaN,786,0,-1.197,-0.623,NaN,NaN,NaN,NaN,NaN,NaN,NaN,NaN,NaN,NaN,NaN
4138,1574,3786.000,28.221,-9.173,0.071,-0.064,0.726,0.646,786,0,1.261,0.202,1036.000,186.000,1068.000,278.000,28.220,-9.100,-1.130,0.770,0.710,1.650,-0.902
4139,405,3787.000,257.328,34.017,0.622,0.548,NaN,NaN,787,0,-0.000,-0.000,NaN,NaN,NaN,NaN,NaN,NaN,NaN,NaN,NaN,NaN,NaN
4140,727,3787.000,272.155,-47.546,0.810,-0.149,NaN,NaN,787,0,-0.000,-0.000,NaN,NaN,NaN,NaN,NaN,NaN,NaN,NaN,NaN,NaN,NaN
4141,1166,3787.000,24.978,-13.957,0.033,-0.096,NaN,NaN,787,0,-4.948,-2.121,NaN,NaN,NaN,NaN,NaN,NaN,NaN,NaN,NaN,NaN,NaN
4142,1459,3787.000,25.790,-5.874,0.045,-0.084,0.736,1.000,787,0,1.893,4.938,907.000,201.000,943.000,281.000,25.770,-5.890,-1.260,0.800,0.570,1.710,-0.403
4143,1469,3787.000,28.439,10.626,-0.112,0.039,0.076,NaN,787,0,-1.930,-0.996,117.000,206.000,130.000,225.000,NaN,NaN,NaN,NaN,NaN,NaN,NaN
4144,1574,3787.000,28.349,-9.248,0.084,-0.067,0.511,0.959,787,0,-0.389,7.239,1043.000,185.000,1067.000,275.000,28.430,-9.270,-1.150,0.730,0.840,1.600,-0.713
4145,405,3788.000,257.966,34.565,0.623,0.548,NaN,NaN,788,0,-0.000,-0.000,NaN,NaN,NaN,NaN,NaN,NaN,NaN,NaN,NaN,NaN,NaN
4146,727,3788.000,272.966,-47.695,0.812,-0.149,NaN,NaN,788,0,-0.000,-0.000,NaN,NaN,NaN,NaN,NaN,NaN,NaN,NaN,NaN,NaN,NaN
4147,1166,3788.000,25.012,-14.053,0.034,-0.096,NaN,NaN,788,0,-3.100,-1.327,NaN,NaN,NaN,NaN,NaN,NaN,NaN,NaN,NaN,NaN,NaN
4148,1459,3788.000,25.816,-5.996,0.041,-0.094,0.821,NaN,788,0,4.311,-1.323,915.000,200.000,947.000,283.000,NaN,NaN,NaN,NaN,NaN,NaN,NaN
4149,1469,3788.000,28.326,10.665,-0.113,0.039,NaN,NaN,788,0,-1.506,-0.644,NaN,NaN,NaN,NaN,NaN,NaN,NaN,NaN,NaN,NaN,NaN
4150,1574,3788.000,28.419,-9.372,0.081,-0.082,0.776,NaN,788,0,3.620,-1.323,1045.000,185.000,1079.000,277.000,NaN,NaN,NaN,NaN,NaN,NaN,NaN
4151,405,3789.000,258.605,35.113,0.623,0.547,NaN,NaN,789,0,-0.000,-0.000,NaN,NaN,NaN,NaN,NaN,NaN,NaN,NaN,NaN,NaN,NaN
4152,727,3789.000,273.781,-47.845,0.811,-0.149,NaN,NaN,789,0,-0.000,-0.000,NaN,NaN,NaN,NaN,NaN,NaN,NaN,NaN,NaN,NaN,NaN
4153,1166,3789.000,25.046,-14.149,0.034,-0.096,NaN,NaN,789,0,-2.037,-1.327,NaN,NaN,NaN,NaN,NaN,NaN,NaN,NaN,NaN,NaN,NaN
4154,1459,3789.000,25.870,-6.063,0.041,-0.087,0.823,0.944,789,0,2.747,4.938,915.000,201.000,950.000,287.000,25.900,-6.000,-1.260,0.910,0.600,1.850,-0.524
4155,1469,3789.000,28.214,10.704,-0.112,0.039,NaN,NaN,789,0,-1.305,-0.652,NaN,NaN,NaN,NaN,NaN,NaN,NaN,NaN,NaN,NaN,NaN
4156,1574,3789.000,28.528,-9.401,0.090,-0.066,0.760,0.121,789,0,1.256,-1.261,1047.000,186.000,1080.000,278.000,28.560,-9.280,-1.060,0.650,0.740,1.730,0.298
4157,405,3790.000,259.256,35.659,0.622,0.546,NaN,NaN,790,0,-0.000,-0.000,NaN,NaN,NaN,NaN,NaN,NaN,NaN,NaN,NaN,NaN,NaN
4158,727,3790.000,274.594,-47.993,0.811,-0.148,NaN,NaN,790,0,-0.000,-0.000,NaN,NaN,NaN,NaN,NaN,NaN,NaN,NaN,NaN,NaN,NaN
4159,1166,3790.000,25.079,-14.245,0.033,-0.095,NaN,NaN,790,0,-2.640,-1.327,NaN,NaN,NaN,NaN,NaN,NaN,NaN,NaN,NaN,NaN,NaN
4160,1459,3790.000,25.930,-6.137,0.045,-0.084,0.841,1.000,790,0,3.180,4.938,918.000,202.000,955.000,283.000,25.970,-6.110,-1.280,0.840,0.580,1.630,-0.597
4161,1469,3790.000,28.083,10.775,-0.119,0.045,0.047,NaN,790,0,-1.677,-0.872,94.000,207.000,122.000,254.000,NaN,NaN,NaN,NaN,NaN,NaN,NaN
4162,1574,3790.000,28.598,-9.522,0.084,-0.080,0.820,NaN,790,0,4.311,-1.310,1049.000,187.000,1082.000,278.000,NaN,NaN,NaN,NaN,NaN,NaN,NaN
4163,405,3791.000,259.900,36.206,0.623,0.547,NaN,NaN,791,0,-0.000,-0.000,NaN,NaN,NaN,NaN,NaN,NaN,NaN,NaN,NaN,NaN,NaN
4164,727,3791.000,275.408,-48.141,0.811,-0.148,NaN,NaN,791,0,-0.000,-0.000,NaN,NaN,NaN,NaN,NaN,NaN,NaN,NaN,NaN,NaN,NaN
4165,1166,3791.000,25.113,-14.341,0.034,-0.096,NaN,NaN,791,0,-3.100,-1.327,NaN,NaN,NaN,NaN,NaN,NaN,NaN,NaN,NaN,NaN,NaN
4166,1459,3791.000,25.974,-6.225,0.045,-0.084,0.839,NaN,791,0,4.474,-1.325,922.000,202.000,957.000,283.000,NaN,NaN,NaN,NaN,NaN,NaN,NaN
4167,1469,3791.000,27.969,10.794,-0.117,0.038,0.047,NaN,791,0,-2.224,-1.157,96.000,208.000,117.000,253.000,NaN,NaN,NaN,NaN,NaN,NaN,NaN
4168,1574,3791.000,28.668,-9.635,0.080,-0.088,0.785,NaN,791,0,3.620,-1.288,1051.000,189.000,1086.000,278.000,NaN,NaN,NaN,NaN,NaN,NaN,NaN
4169,405,3792.000,260.540,36.752,0.623,0.546,NaN,NaN,792,0,3.180,4.938,NaN,NaN,NaN,NaN,NaN,NaN,NaN,NaN,NaN,NaN,NaN
4170,727,3792.000,276.224,-48.289,0.811,-0.148,NaN,NaN,792,0,-0.000,-0.000,NaN,NaN,NaN,NaN,NaN,NaN,NaN,NaN,NaN,NaN,NaN
4171,1166,3792.000,25.145,-14.438,0.032,-0.097,NaN,NaN,792,0,-2.640,-1.327,NaN,NaN,NaN,NaN,NaN,NaN,NaN,NaN,NaN,NaN,NaN
4172,1459,3792.000,26.008,-6.280,0.043,-0.077,NaN,0.058,792,0,-3.124,-1.293,904.000,197.000,974.000,296.000,26.010,-6.230,-1.270,1.900,0.580,1.820,-0.634
4173,1469,3792.000,27.852,10.831,-0.117,0.038,NaN,NaN,792,0,-2.277,-1.205,NaN,NaN,NaN,NaN,NaN,NaN,NaN,NaN,NaN,NaN,NaN
4174,1574,3792.000,28.758,-9.732,0.084,-0.089,0.649,NaN,792,0,1.698,-1.278,1053.000,189.000,1086.000,279.000,NaN,NaN,NaN,NaN,NaN,NaN,NaN
4175,405,3793.000,261.177,37.298,0.621,0.546,NaN,NaN,793,0,-0.000,-0.000,NaN,NaN,NaN,NaN,NaN,NaN,NaN,NaN,NaN,NaN,NaN
4176,727,3793.000,277.039,-48.436,0.811,-0.147,NaN,NaN,793,0,-0.000,-0.000,NaN,NaN,NaN,NaN,NaN,NaN,NaN,NaN,NaN,NaN,NaN
4177,1166,3793.000,25.177,-14.535,0.032,-0.098,NaN,NaN,793,0,-2.058,-1.327,NaN,NaN,NaN,NaN,NaN,NaN,NaN,NaN,NaN,NaN,NaN
4178,1459,3793.000,26.092,-6.338,0.055,-0.072,0.816,0.996,793,0,2.747,4.938,927.000,202.000,961.000,290.000,26.140,-6.310,-1.270,0.880,0.540,1.770,-0.748
4179,1469,3793.000,27.653,11.177,-0.147,0.113,0.071,NaN,793,0,-2.128,-1.241,72.000,200.000,86.000,255.000,NaN,NaN,NaN,NaN,NaN,NaN,NaN
4180,1574,3793.000,28.746,-9.793,0.066,-0.084,0.812,0.060,793,0,1.726,-1.483,1055.000,190.000,1086.000,278.000,28.700,-9.780,-1.040,0.820,0.510,1.770,2.872
4181,405,3794.000,261.813,37.844,0.621,0.547,NaN,NaN,794,0,-0.000,-0.000,NaN,NaN,NaN,NaN,NaN,NaN,NaN,NaN,NaN,NaN,NaN
4182,727,3794.000,277.854,-48.581,0.811,-0.146,NaN,NaN,794,0,-0.000,-0.000,NaN,NaN,NaN,NaN,NaN,NaN,NaN,NaN,NaN,NaN,NaN
4183,1166,3794.000,25.210,-14.632,0.033,-0.096,NaN,NaN,794,0,-2.805,-1.327,NaN,NaN,NaN,NaN,NaN,NaN,NaN,NaN,NaN,NaN,NaN
4184,1459,3794.000,26.137,-6.442,0.052,-0.080,0.759,NaN,794,0,3.236,-1.326,933.000,200.000,966.000,285.000,NaN,NaN,NaN,NaN,NaN,NaN,NaN
4185,1469,3794.000,27.506,11.290,-0.147,0.113,NaN,NaN,794,0,-2.584,-1.153,NaN,NaN,NaN,NaN,NaN,NaN,NaN,NaN,NaN,NaN,NaN
4186,1574,3794.000,28.818,-9.864,0.069,-0.083,0.823,NaN,794,0,4.311,-1.305,1058.000,188.000,1088.000,278.000,NaN,NaN,NaN,NaN,NaN,NaN,NaN
4187,405,3795.000,262.445,38.392,0.621,0.547,NaN,NaN,795,0,-0.000,-0.000,NaN,NaN,NaN,NaN,NaN,NaN,NaN,NaN,NaN,NaN,NaN
4188,727,3795.000,278.666,-48.727,0.809,-0.146,NaN,NaN,795,0,-0.000,-0.000,NaN,NaN,NaN,NaN,NaN,NaN,NaN,NaN,NaN,NaN,NaN
4189,1166,3795.000,25.242,-14.729,0.032,-0.097,NaN,NaN,795,0,-2.404,-1.327,NaN,NaN,NaN,NaN,NaN,NaN,NaN,NaN,NaN,NaN,NaN
4190,1459,3795.000,26.221,-6.485,0.059,-0.070,0.821,0.993,795,0,2.747,4.938,937.000,200.000,967.000,280.000,26.250,-6.400,-1.250,0.950,0.550,1.760,-0.133
4191,1469,3795.000,27.359,11.401,-0.146,0.111,NaN,NaN,795,0,-2.813,-1.256,NaN,NaN,NaN,NaN,NaN,NaN,NaN,NaN,NaN,NaN,NaN
4192,1574,3795.000,28.824,-9.917,0.061,-0.077,0.826,0.287,795,0,2.167,-0.803,1059.000,188.000,1088.000,278.000,28.790,-9.850,-1.050,0.750,0.690,1.760,-0.097
4193,1795,3795.000,32.000,3.930,0.000,0.000,0.448,0.018,795,0,-1.455,-1.828,446.000,195.000,461.000,269.000,32.000,3.930,-1.060,0.810,0.520,1.730,1.814
4194,405,3796.000,263.078,38.938,0.619,0.547,NaN,NaN,796,0,-0.000,-0.000,NaN,NaN,NaN,NaN,NaN,NaN,NaN,NaN,NaN,NaN,NaN
4195,727,3796.000,279.478,-48.873,0.811,-0.146,NaN,NaN,796,0,-0.000,-0.000,NaN,NaN,NaN,NaN,NaN,NaN,NaN,NaN,NaN,NaN,NaN
4196,1166,3796.000,25.273,-14.825,0.032,-0.096,NaN,NaN,796,0,-4.011,-3.045,NaN,NaN,NaN,NaN,NaN,NaN,NaN,NaN,NaN,NaN,NaN
4197,1459,3796.000,26.284,-6.547,0.059,-0.067,0.821,1.000,796,0,2.747,4.938,940.000,200.000,971.000,281.000,26.290,-6.530,-1.210,0.860,0.540,1.680,-0.149
4198,1469,3796.000,27.215,11.513,-0.145,0.112,NaN,NaN,796,0,-2.540,-1.270,NaN,NaN,NaN,NaN,NaN,NaN,NaN,NaN,NaN,NaN,NaN
4199,1574,3796.000,28.880,-9.973,0.060,-0.073,0.674,0.568,796,0,0.314,-0.118,1062.000,187.000,1090.000,277.000,28.870,-9.930,-1.150,0.810,0.780,1.790,-1.325
4200,1795,3796.000,31.975,3.841,-0.006,-0.025,0.665,0.358,796,0,-0.378,-0.892,451.000,195.000,466.000,255.000,31.950,3.770,-0.920,0.760,0.670,1.780,-0.390
4201,405,3797.000,263.711,39.483,0.620,0.544,NaN,NaN,797,0,-0.000,-0.000,NaN,NaN,NaN,NaN,NaN,NaN,NaN,NaN,NaN,NaN,NaN
4202,727,3797.000,280.292,-49.019,0.811,-0.146,NaN,NaN,797,0,-0.000,-0.000,NaN,NaN,NaN,NaN,NaN,NaN,NaN,NaN,NaN,NaN,NaN
4203,1166,3797.000,25.305,-14.921,0.032,-0.096,NaN,NaN,797,0,-0.518,-1.327,NaN,NaN,NaN,NaN,NaN,NaN,NaN,NaN,NaN,NaN,NaN
4204,1459,3797.000,26.331,-6.660,0.057,-0.079,0.827,NaN,797,0,4.413,-1.326,942.000,202.000,976.000,283.000,NaN,NaN,NaN,NaN,NaN,NaN,NaN
4205,1469,3797.000,27.125,11.868,-0.147,0.157,0.033,NaN,797,0,-2.757,-1.180,24.000,212.000,44.000,248.000,NaN,NaN,NaN,NaN,NaN,NaN,NaN
4206,1574,3797.000,28.945,-10.047,0.059,-0.072,0.715,NaN,797,0,2.462,-1.322,1067.000,186.000,1093.000,278.000,NaN,NaN,NaN,NaN,NaN,NaN,NaN
4207,1795,3797.000,31.972,3.863,-0.007,-0.002,0.546,NaN,797,0,0.422,-1.248,452.000,204.000,469.000,255.000,NaN,NaN,NaN,NaN,NaN,NaN,NaN
4208,405,3798.000,264.340,40.025,0.621,0.543,NaN,NaN,798,0,-0.000,-0.000,NaN,NaN,NaN,NaN,NaN,NaN,NaN,NaN,NaN,NaN,NaN
4209,727,3798.000,281.108,-49.166,0.812,-0.147,NaN,NaN,798,0,-0.000,-0.000,NaN,NaN,NaN,NaN,NaN,NaN,NaN,NaN,NaN,NaN,NaN
4210,1166,3798.000,25.337,-15.018,0.032,-0.097,NaN,NaN,798,0,-1.409,-1.327,NaN,NaN,NaN,NaN,NaN,NaN,NaN,NaN,NaN,NaN,NaN
4211,1459,3798.000,26.392,-6.697,0.058,-0.070,0.700,1.000,798,0,1.367,4.938,943.000,202.000,977.000,283.000,26.400,-6.620,-1.240,0.780,0.610,1.680,-0.378
4212,1469,3798.000,27.066,11.903,-0.128,0.126,0.029,NaN,798,0,-2.193,-1.033,28.000,201.000,43.000,244.000,NaN,NaN,NaN,NaN,NaN,NaN,NaN
4213,1574,3798.000,29.035,-10.093,0.064,-0.063,0.743,0.448,798,0,1.111,-0.485,1068.000,185.000,1098.000,276.000,29.070,-10.040,-1.050,0.730,0.690,1.720,-1.215
4214,1795,3798.000,31.990,3.854,0.001,-0.007,0.384,NaN,798,0,-0.624,-1.248,453.000,204.000,470.000,257.000,NaN,NaN,NaN,NaN,NaN,NaN,NaN
4215,405,3799.000,264.970,40.569,0.622,0.543,NaN,NaN,799,0,-0.000,-0.000,NaN,NaN,NaN,NaN,NaN,NaN,NaN,NaN,NaN,NaN,NaN
4216,727,3799.000,281.919,-49.314,0.812,-0.147,NaN,NaN,799,0,0.251,-0.000,NaN,NaN,NaN,NaN,NaN,NaN,NaN,NaN,NaN,NaN,NaN
4217,1166,3799.000,25.369,-15.116,0.033,-0.098,NaN,NaN,799,0,-0.804,-1.327,NaN,NaN,NaN,NaN,NaN,NaN,NaN,NaN,NaN,NaN,NaN
4218,1459,3799.000,26.475,-6.755,0.064,-0.068,0.811,0.999,799,0,2.259,6.369,945.000,202.000,978.000,285.000,26.520,-6.730,-1.240,0.860,0.530,1.740,-0.446
4219,1469,3799.000,26.453,11.615,-0.172,0.044,0.398,NaN,799,0,-0.455,-1.068,33.000,200.000,47.000,241.000,NaN,NaN,NaN,NaN,NaN,NaN,NaN
4220,1574,3799.000,29.142,-10.142,0.072,-0.059,0.758,0.984,799,0,1.256,5.442,1068.000,188.000,1100.000,275.000,29.200,-10.110,-1.030,0.840,0.610,1.730,-0.687
4221,1795,3799.000,32.013,3.825,0.010,-0.014,0.026,NaN,799,0,-2.648,-1.248,454.000,202.000,472.000,255.000,NaN,NaN,NaN,NaN,NaN,NaN,NaN
4222,405,3800.000,265.603,41.112,0.623,0.543,NaN,NaN,800,0,-0.000,-0.000,NaN,NaN,NaN,NaN,NaN,NaN,NaN,NaN,NaN,NaN,NaN
4223,727,3800.000,282.736,-49.460,0.814,-0.147,NaN,NaN,800,0,-0.000,-0.000,NaN,NaN,NaN,NaN,NaN,NaN,NaN,NaN,NaN,NaN,NaN
4224,1166,3800.000,25.403,-15.213,0.034,-0.097,NaN,NaN,800,0,0.413,-1.327,NaN,NaN,NaN,NaN,NaN,NaN,NaN,NaN,NaN,NaN,NaN
4225,1459,3800.000,26.526,-6.854,0.061,-0.076,0.811,NaN,800,0,4.175,-1.327,950.000,201.000,981.000,284.000,NaN,NaN,NaN,NaN,NaN,NaN,NaN
4226,1469,3800.000,25.748,11.384,-0.228,0.002,0.037,NaN,800,0,-2.356,-1.052,27.000,210.000,42.000,249.000,NaN,NaN,NaN,NaN,NaN,NaN,NaN
4227,1574,3800.000,29.212,-10.219,0.072,-0.064,0.809,NaN,800,0,4.175,-1.326,1069.000,187.000,1101.000,277.000,NaN,NaN,NaN,NaN,NaN,NaN,NaN
4228,1795,3800.000,32.301,3.584,0.046,-0.095,0.041,NaN,800,0,-2.290,-1.248,474.000,204.000,488.000,269.000,NaN,NaN,NaN,NaN,NaN,NaN,NaN
4229,405,3801.000,266.236,41.653,0.623,0.542,NaN,NaN,801,0,-0.000,-0.000,NaN,NaN,NaN,NaN,NaN,NaN,NaN,NaN,NaN,NaN,NaN
4230,727,3801.000,283.550,-49.608,0.814,-0.147,NaN,NaN,801,0,-0.000,-0.000,NaN,NaN,NaN,NaN,NaN,NaN,NaN,NaN,NaN,NaN,NaN
4231,1166,3801.000,25.436,-15.309,0.033,-0.096,NaN,NaN,801,0,-2.507,-1.327,NaN,NaN,NaN,NaN,NaN,NaN,NaN,NaN,NaN,NaN,NaN
4232,1459,3801.000,26.581,-6.893,0.060,-0.068,0.813,1.000,801,0,2.259,6.369,952.000,201.000,984.000,283.000,26.600,-6.830,-1.230,0.800,0.630,1.650,-0.560
4233,1469,3801.000,25.382,11.252,-0.224,-0.036,0.097,NaN,801,0,-1.828,-1.078,28.000,210.000,50.000,250.000,NaN,NaN,NaN,NaN,NaN,NaN,NaN
4234,1574,3801.000,29.270,-10.257,0.068,-0.060,0.838,0.981,801,0,2.448,5.442,1070.000,188.000,1102.000,277.000,29.270,-10.190,-1.130,0.810,0.620,1.780,-0.627
4235,1795,3801.000,31.928,3.471,-0.004,-0.082,0.543,0.263,801,0,-1.064,-1.121,472.000,195.000,488.000,269.000,32.080,3.310,-1.000,0.720,0.650,1.700,0.040
4236,405,3802.000,266.866,42.196,0.623,0.543,NaN,NaN,802,0,-0.000,-0.000,NaN,NaN,NaN,NaN,NaN,NaN,NaN,NaN,NaN,NaN,NaN
4237,727,3802.000,284.364,-49.755,0.814,-0.147,NaN,NaN,802,0,-0.000,-0.000,NaN,NaN,NaN,NaN,NaN,NaN,NaN,NaN,NaN,NaN,NaN
4238,1166,3802.000,25.468,-15.405,0.032,-0.096,NaN,NaN,802,0,-3.867,-1.760,NaN,NaN,NaN,NaN,NaN,NaN,NaN,NaN,NaN,NaN,NaN
4239,1459,3802.000,26.639,-6.955,0.061,-0.067,0.839,0.998,802,0,2.927,6.369,956.000,201.000,986.000,284.000,26.660,-6.950,-1.190,0.940,0.560,1.830,-0.517
4240,1469,3802.000,25.115,11.092,-0.213,-0.076,0.613,NaN,802,0,0.895,-1.087,30.000,200.000,51.000,248.000,NaN,NaN,NaN,NaN,NaN,NaN,NaN
4241,1574,3802.000,29.362,-10.315,0.073,-0.060,0.802,0.777,802,0,1.575,0.693,1074.000,189.000,1104.000,275.000,29.370,-10.300,-1.050,1.030,0.690,1.890,-1.280
4242,1795,3802.000,31.879,3.379,-0.007,-0.084,0.741,0.806,802,0,0.433,0.527,473.000,193.000,492.000,270.000,31.970,3.290,-1.130,1.010,0.480,1.850,1.996
4243,405,3803.000,267.496,42.740,0.622,0.544,NaN,NaN,803,0,-0.000,-0.000,NaN,NaN,NaN,NaN,NaN,NaN,NaN,NaN,NaN,NaN,NaN
4244,727,3803.000,285.181,-49.902,0.815,-0.147,NaN,NaN,803,0,-0.000,-0.000,NaN,NaN,NaN,NaN,NaN,NaN,NaN,NaN,NaN,NaN,NaN
4245,1166,3803.000,25.501,-15.500,0.033,-0.095,NaN,NaN,803,0,-1.937,-1.327,NaN,NaN,NaN,NaN,NaN,NaN,NaN,NaN,NaN,NaN,NaN
4246,1459,3803.000,26.684,-7.080,0.056,-0.082,0.839,NaN,803,0,4.474,-1.327,961.000,200.000,990.000,282.000,NaN,NaN,NaN,NaN,NaN,NaN,NaN
4247,1469,3803.000,24.860,10.936,-0.215,-0.109,0.105,NaN,803,0,-1.764,-1.072,30.000,207.000,51.000,247.000,NaN,NaN,NaN,NaN,NaN,NaN,NaN
4248,1574,3803.000,29.419,-10.410,0.071,-0.067,0.816,NaN,803,0,4.311,-1.327,1076.000,189.000,1106.000,275.000,NaN,NaN,NaN,NaN,NaN,NaN,NaN
4249,1795,3803.000,31.873,3.271,-0.008,-0.095,0.751,NaN,803,0,2.906,-1.235,475.000,194.000,500.000,270.000,NaN,NaN,NaN,NaN,NaN,NaN,NaN
4250,405,3804.000,268.130,43.284,0.621,0.544,NaN,NaN,804,0,-0.000,-0.000,NaN,NaN,NaN,NaN,NaN,NaN,NaN,NaN,NaN,NaN,NaN
4251,727,3804.000,285.997,-50.049,0.815,-0.147,NaN,NaN,804,0,-0.000,-0.000,NaN,NaN,NaN,NaN,NaN,NaN,NaN,NaN,NaN,NaN,NaN
4252,1166,3804.000,25.533,-15.594,0.032,-0.094,NaN,NaN,804,0,-2.680,-1.327,NaN,NaN,NaN,NaN,NaN,NaN,NaN,NaN,NaN,NaN,NaN
4253,1459,3804.000,26.770,-7.144,0.063,-0.076,0.830,0.996,804,0,2.672,6.369,963.000,200.000,991.000,283.000,26.800,-7.100,-1.150,0.890,0.550,1.660,-0.221
4254,1469,3804.000,24.518,10.717,-0.220,-0.136,0.071,NaN,804,0,-1.794,-1.046,31.000,203.000,50.000,246.000,NaN,NaN,NaN,NaN,NaN,NaN,NaN
4255,1574,3804.000,29.488,-10.470,0.071,-0.064,0.828,0.968,804,0,2.167,5.442,1078.000,188.000,1108.000,276.000,29.480,-10.460,-1.080,0.860,0.690,1.810,-0.917
4256,1795,3804.000,31.872,3.163,-0.004,-0.098,0.784,0.554,804,0,0.741,-0.520,474.000,196.000,507.000,270.000,31.940,3.110,-1.180,0.910,0.500,1.790,-1.986
4257,405,3805.000,268.762,43.829,0.620,0.545,NaN,NaN,805,0,-0.000,-0.000,NaN,NaN,NaN,NaN,NaN,NaN,NaN,NaN,NaN,NaN,NaN
4258,727,3805.000,286.813,-50.196,0.816,-0.148,NaN,NaN,805,0,-0.000,-0.000,NaN,NaN,NaN,NaN,NaN,NaN,NaN,NaN,NaN,NaN,NaN
4259,1166,3805.000,25.566,-15.689,0.033,-0.095,NaN,NaN,805,0,-2.654,-1.327,NaN,NaN,NaN,NaN,NaN,NaN,NaN,NaN,NaN,NaN,NaN
4260,1459,3805.000,26.837,-7.187,0.063,-0.070,0.798,0.996,805,0,2.108,6.369,964.000,202.000,997.000,282.000,26.840,-7.140,-1.230,0.890,0.490,1.750,-0.588
4261,1469,3805.000,24.299,10.581,-0.219,-0.137,NaN,NaN,805,0,-1.910,-0.955,NaN,NaN,NaN,NaN,NaN,NaN,NaN,NaN,NaN,NaN,NaN
4262,1574,3805.000,29.584,-10.547,0.076,-0.068,0.728,0.972,805,0,0.780,5.979,1082.000,188.000,1107.000,275.000,29.600,-10.560,-0.930,0.830,0.560,1.790,-0.138
4263,1795,3805.000,31.881,3.036,0.001,-0.106,0.817,0.948,805,0,1.243,2.487,474.000,197.000,514.000,270.000,31.940,2.960,-1.070,1.050,0.480,1.870,-2.043
4264,405,3806.000,269.392,44.372,0.621,0.544,NaN,NaN,806,0,-0.000,-0.000,NaN,NaN,NaN,NaN,NaN,NaN,NaN,NaN,NaN,NaN,NaN
4265,727,3806.000,287.629,-50.343,0.815,-0.147,NaN,NaN,806,0,-0.000,-0.000,NaN,NaN,NaN,NaN,NaN,NaN,NaN,NaN,NaN,NaN,NaN
4266,1166,3806.000,25.597,-15.783,0.031,-0.095,NaN,NaN,806,0,-2.654,-1.327,NaN,NaN,NaN,NaN,NaN,NaN,NaN,NaN,NaN,NaN,NaN
4267,1459,3806.000,26.883,-7.293,0.059,-0.079,0.844,NaN,806,0,4.474,-1.327,964.000,199.000,1003.000,282.000,NaN,NaN,NaN,NaN,NaN,NaN,NaN
4268,1469,3806.000,24.069,10.405,-0.215,-0.149,0.027,NaN,806,0,-2.033,-0.958,32.000,207.000,55.000,248.000,NaN,NaN,NaN,NaN,NaN,NaN,NaN
4269,1574,3806.000,29.647,-10.636,0.073,-0.073,0.743,NaN,806,0,2.907,-1.326,1083.000,188.000,1111.000,274.000,NaN,NaN,NaN,NaN,NaN,NaN,NaN
4270,1795,3806.000,31.878,2.952,0.002,-0.100,0.861,NaN,806,0,4.485,-1.324,475.000,193.000,518.000,270.000,NaN,NaN,NaN,NaN,NaN,NaN,NaN
4271,405,3807.000,270.025,44.916,0.621,0.543,NaN,NaN,807,0,-0.000,-0.000,NaN,NaN,NaN,NaN,NaN,NaN,NaN,NaN,NaN,NaN,NaN
4272,727,3807.000,288.444,-50.489,0.815,-0.146,NaN,NaN,807,0,0.000,-0.000,NaN,NaN,NaN,NaN,NaN,NaN,NaN,NaN,NaN,NaN,NaN
4273,1166,3807.000,25.627,-15.878,0.030,-0.094,NaN,NaN,807,0,-2.805,-1.327,NaN,NaN,NaN,NaN,NaN,NaN,NaN,NaN,NaN,NaN,NaN
4274,1459,3807.000,26.953,-7.346,0.060,-0.073,0.851,0.998,807,0,3.225,6.369,964.000,199.000,1004.000,283.000,26.960,-7.290,-1.230,0.860,0.560,1.780,-0.911
4275,1469,3807.000,23.843,10.357,-0.230,-0.120,0.197,NaN,807,0,-1.078,-0.982,24.000,207.000,47.000,254.000,NaN,NaN,NaN,NaN,NaN,NaN,NaN
4276,1574,3807.000,29.701,-10.679,0.066,-0.064,0.412,0.327,807,0,-1.431,-0.862,1085.000,185.000,1117.000,274.000,29.690,-10.580,-0.870,0.860,0.590,1.790,-0.681
4277,1795,3807.000,31.920,2.857,0.011,-0.100,0.850,0.741,807,0,2.128,0.217,478.000,193.000,518.000,269.000,31.960,2.850,-1.090,0.940,0.450,1.760,-1.509
4278,405,3808.000,270.655,45.459,0.621,0.543,NaN,NaN,808,0,-0.000,-0.000,NaN,NaN,NaN,NaN,NaN,NaN,NaN,NaN,NaN,NaN,NaN
4279,727,3808.000,289.260,-50.635,0.816,-0.146,NaN,NaN,808,0,-0.000,-0.000,NaN,NaN,NaN,NaN,NaN,NaN,NaN,NaN,NaN,NaN,NaN
4280,1166,3808.000,25.658,-15.971,0.031,-0.094,NaN,NaN,808,0,-1.693,-1.327,NaN,NaN,NaN,NaN,NaN,NaN,NaN,NaN,NaN,NaN,NaN
4281,1459,3808.000,27.010,-7.409,0.057,-0.070,0.838,0.983,808,0,2.927,6.369,968.000,200.000,1004.000,281.000,26.990,-7.380,-1.250,1.030,0.530,1.890,2.248
4282,1469,3808.000,23.612,10.235,-0.231,-0.121,NaN,NaN,808,0,-1.871,-0.935,NaN,NaN,NaN,NaN,NaN,NaN,NaN,NaN,NaN,NaN,NaN
4283,1574,3808.000,29.761,-10.764,0.064,-0.069,0.760,NaN,808,0,3.236,-1.326,1085.000,189.000,1117.000,275.000,NaN,NaN,NaN,NaN,NaN,NaN,NaN
4284,1795,3808.000,31.934,2.689,0.009,-0.115,0.799,0.990,808,0,0.916,2.487,490.000,199.000,518.000,269.000,31.950,2.590,-1.170,1.020,0.460,1.870,-2.693
4285,405,3809.000,271.284,46.001,0.621,0.542,NaN,NaN,809,0,-0.000,-0.000,NaN,NaN,NaN,NaN,NaN,NaN,NaN,NaN,NaN,NaN,NaN
4286,727,3809.000,290.077,-50.781,0.816,-0.146,NaN,NaN,809,0,-0.000,-0.000,NaN,NaN,NaN,NaN,NaN,NaN,NaN,NaN,NaN,NaN,NaN
4287,1166,3809.000,25.687,-16.066,0.030,-0.094,NaN,NaN,809,0,-2.654,-1.327,NaN,NaN,NaN,NaN,NaN,NaN,NaN,NaN,NaN,NaN,NaN
4288,1459,3809.000,27.061,-7.517,0.057,-0.081,0.849,NaN,809,0,4.491,-1.327,975.000,199.000,1007.000,281.000,NaN,NaN,NaN,NaN,NaN,NaN,NaN
4289,1469,3809.000,23.382,10.115,-0.230,-0.121,NaN,NaN,809,0,-1.846,-0.928,NaN,NaN,NaN,NaN,NaN,NaN,NaN,NaN,NaN,NaN,NaN
4290,1574,3809.000,29.820,-10.839,0.061,-0.070,0.817,NaN,809,0,4.311,-1.326,1086.000,187.000,1119.000,275.000,NaN,NaN,NaN,NaN,NaN,NaN,NaN
4291,1795,3809.000,31.918,2.658,0.004,-0.096,0.675,NaN,809,0,1.846,-1.327,496.000,197.000,520.000,269.000,NaN,NaN,NaN,NaN,NaN,NaN,NaN
4292,405,3810.000,271.914,46.542,0.622,0.542,NaN,NaN,810,0,-0.000,-0.000,NaN,NaN,NaN,NaN,NaN,NaN,NaN,NaN,NaN,NaN,NaN
4293,727,3810.000,290.894,-50.928,0.815,-0.147,NaN,NaN,810,0,-0.000,-0.000,NaN,NaN,NaN,NaN,NaN,NaN,NaN,NaN,NaN,NaN,NaN
4294,1166,3810.000,25.715,-16.162,0.028,-0.096,NaN,NaN,810,0,-3.100,-1.327,NaN,NaN,NaN,NaN,NaN,NaN,NaN,NaN,NaN,NaN,NaN
4295,1459,3810.000,27.131,-7.581,0.060,-0.077,0.804,1.000,810,0,2.108,6.369,978.000,199.000,1009.000,281.000,27.150,-7.530,-1.230,0.780,0.570,1.580,-0.355
4296,1469,3810.000,23.154,9.994,-0.228,-0.121,NaN,NaN,810,0,-2.176,-0.931,NaN,NaN,NaN,NaN,NaN,NaN,NaN,NaN,NaN,NaN,NaN
4297,1574,3810.000,29.964,-10.915,0.077,-0.070,0.787,0.879,810,0,1.237,1.977,1087.000,186.000,1120.000,275.000,29.990,-10.860,-1.050,0.960,0.670,1.830,-0.800
4298,1795,3810.000,31.910,2.544,-0.001,-0.100,0.725,0.775,810,0,0.332,0.370,504.000,193.000,525.000,270.000,31.920,2.500,-1.210,0.860,0.470,1.810,1.892
4299,405,3811.000,272.543,47.083,0.623,0.541,NaN,NaN,811,0,-0.000,-0.000,NaN,NaN,NaN,NaN,NaN,NaN,NaN,NaN,NaN,NaN,NaN
4300,727,3811.000,291.707,-51.075,0.815,-0.146,NaN,NaN,811,0,-0.000,-0.000,NaN,NaN,NaN,NaN,NaN,NaN,NaN,NaN,NaN,NaN,NaN
4301,1166,3811.000,25.743,-16.257,0.027,-0.095,NaN,NaN,811,0,-2.640,-1.327,NaN,NaN,NaN,NaN,NaN,NaN,NaN,NaN,NaN,NaN,NaN
4302,1459,3811.000,27.199,-7.658,0.061,-0.077,0.797,1.000,811,0,2.108,6.369,980.000,199.000,1012.000,281.000,27.210,-7.640,-1.220,0.800,0.670,1.790,-0.731
4303,1469,3811.000,22.955,9.731,-0.220,-0.148,0.057,NaN,811,0,-1.891,-0.950,48.000,196.000,62.000,223.000,NaN,NaN,NaN,NaN,NaN,NaN,NaN
4304,1574,3811.000,30.104,-11.004,0.090,-0.072,0.796,0.937,811,0,1.344,5.979,1090.000,190.000,1120.000,275.000,30.170,-11.000,-1.040,0.750,0.700,1.750,0.090
4305,1795,3811.000,31.905,2.403,-0.001,-0.107,0.838,0.371,811,0,1.781,-0.955,506.000,196.000,535.000,269.000,31.930,2.320,-1.130,0.800,0.600,1.660,-0.412
4306,405,3812.000,273.169,47.623,0.624,0.540,NaN,NaN,812,0,-0.000,-0.000,NaN,NaN,NaN,NaN,NaN,NaN,NaN,NaN,NaN,NaN,NaN
4307,727,3812.000,292.523,-51.222,0.816,-0.147,NaN,NaN,812,0,-0.000,-0.000,NaN,NaN,NaN,NaN,NaN,NaN,NaN,NaN,NaN,NaN,NaN
4308,1166,3812.000,25.770,-16.352,0.026,-0.096,NaN,NaN,812,0,-2.822,-1.327,NaN,NaN,NaN,NaN,NaN,NaN,NaN,NaN,NaN,NaN,NaN
4309,1459,3812.000,27.264,-7.743,0.061,-0.079,0.771,NaN,812,0,3.422,-1.327,981.000,200.000,1015.000,281.000,NaN,NaN,NaN,NaN,NaN,NaN,NaN
4310,1469,3812.000,22.735,9.582,-0.220,-0.149,NaN,NaN,812,0,-2.385,-1.128,NaN,NaN,NaN,NaN,NaN,NaN,NaN,NaN,NaN,NaN,NaN
4311,1574,3812.000,30.188,-11.086,0.090,-0.075,0.731,NaN,812,0,2.756,-1.325,1094.000,188.000,1121.000,272.000,NaN,NaN,NaN,NaN,NaN,NaN,NaN
4312,1795,3812.000,31.907,2.294,-0.001,-0.109,0.854,NaN,812,0,4.485,-1.327,507.000,197.000,544.000,269.000,NaN,NaN,NaN,NaN,NaN,NaN,NaN
4313,405,3813.000,273.794,48.162,0.624,0.539,NaN,NaN,813,0,-0.000,-0.000,NaN,NaN,NaN,NaN,NaN,NaN,NaN,NaN,NaN,NaN,NaN
4314,727,3813.000,293.338,-51.369,0.816,-0.147,NaN,NaN,813,0,-0.000,-0.000,NaN,NaN,NaN,NaN,NaN,NaN,NaN,NaN,NaN,NaN,NaN
4315,1166,3813.000,25.797,-16.447,0.027,-0.095,NaN,NaN,813,0,-4.512,-2.564,NaN,NaN,NaN,NaN,NaN,NaN,NaN,NaN,NaN,NaN,NaN
4316,1459,3813.000,27.303,-7.798,0.058,-0.073,0.782,1.000,813,0,1.904,6.369,981.000,201.000,1020.000,281.000,27.270,-7.750,-1.280,0.780,0.570,1.610,-0.214
4317,1469,3813.000,22.515,9.433,-0.219,-0.149,NaN,NaN,813,0,-1.372,-1.163,NaN,NaN,NaN,NaN,NaN,NaN,NaN,NaN,NaN,NaN,NaN
4318,1574,3813.000,30.256,-11.164,0.086,-0.076,0.759,0.823,813,0,1.026,0.846,1095.000,188.000,1121.000,272.000,30.200,-11.190,-1.030,0.770,0.680,1.750,-1.155
4319,1795,3813.000,31.905,2.185,-0.002,-0.109,NaN,NaN,813,0,-5.375,-3.117,NaN,NaN,NaN,NaN,NaN,NaN,NaN,NaN,NaN,NaN,NaN
4320,405,3814.000,274.419,48.701,0.624,0.540,NaN,NaN,814,0,-0.000,-0.000,NaN,NaN,NaN,NaN,NaN,NaN,NaN,NaN,NaN,NaN,NaN
4321,727,3814.000,294.153,-51.516,0.814,-0.146,NaN,NaN,814,0,-0.000,-0.000,NaN,NaN,NaN,NaN,NaN,NaN,NaN,NaN,NaN,NaN,NaN
4322,1166,3814.000,25.825,-16.543,0.027,-0.096,NaN,NaN,814,0,-1.918,-1.327,NaN,NaN,NaN,NaN,NaN,NaN,NaN,NaN,NaN,NaN,NaN
4323,1459,3814.000,27.382,-7.861,0.062,-0.070,0.813,0.941,814,0,2.259,6.369,985.000,201.000,1022.000,281.000,27.400,-7.840,-1.290,0.760,0.630,1.700,-0.719
4324,1469,3814.000,22.296,9.284,-0.219,-0.149,NaN,NaN,814,0,-1.350,-1.185,NaN,NaN,NaN,NaN,NaN,NaN,NaN,NaN,NaN,NaN,NaN
4325,1574,3814.000,30.336,-11.238,0.084,-0.075,0.712,0.080,814,0,0.526,-1.498,1098.000,188.000,1123.000,271.000,30.300,-11.240,-1.100,0.830,0.520,1.710,2.045
4326,1795,3814.000,31.914,2.020,0.001,-0.119,0.810,0.839,814,0,1.054,0.891,510.000,199.000,546.000,267.000,31.930,1.980,-1.210,0.850,0.670,1.780,-1.750
4327,405,3815.000,275.039,49.242,0.623,0.540,NaN,NaN,815,0,-0.000,-0.000,NaN,NaN,NaN,NaN,NaN,NaN,NaN,NaN,NaN,NaN,NaN
4328,727,3815.000,302.881,-52.811,0.860,-0.136,0.025,NaN,815,0,-0.000,-0.000,848.000,201.000,857.000,223.000,NaN,NaN,NaN,NaN,NaN,NaN,NaN
4329,1166,3815.000,25.852,-16.639,0.027,-0.096,NaN,NaN,815,0,-2.483,-1.327,NaN,NaN,NaN,NaN,NaN,NaN,NaN,NaN,NaN,NaN,NaN
4330,1459,3815.000,27.441,-7.953,0.061,-0.076,0.822,NaN,815,0,4.217,-1.327,990.000,201.000,1023.000,280.000,NaN,NaN,NaN,NaN,NaN,NaN,NaN
4331,1469,3815.000,22.078,9.136,-0.218,-0.148,NaN,NaN,815,0,-1.652,-1.195,NaN,NaN,NaN,NaN,NaN,NaN,NaN,NaN,NaN,NaN,NaN
4332,1574,3815.000,30.426,-11.307,0.086,-0.076,0.758,NaN,815,0,3.236,-1.324,1100.000,187.000,1126.000,272.000,NaN,NaN,NaN,NaN,NaN,NaN,NaN
4333,1795,3815.000,31.903,2.027,-0.001,-0.093,0.789,NaN,815,0,3.665,-1.325,518.000,196.000,548.000,267.000,NaN,NaN,NaN,NaN,NaN,NaN,NaN
4334,405,3816.000,275.660,49.782,0.622,0.539,NaN,NaN,816,0,-0.000,-0.000,NaN,NaN,NaN,NaN,NaN,NaN,NaN,NaN,NaN,NaN,NaN
4335,727,3816.000,303.742,-52.947,0.860,-0.137,NaN,NaN,816,0,-0.000,-0.000,NaN,NaN,NaN,NaN,NaN,NaN,NaN,NaN,NaN,NaN,NaN
4336,1166,3816.000,25.878,-16.735,0.027,-0.096,NaN,NaN,816,0,-2.972,-1.327,NaN,NaN,NaN,NaN,NaN,NaN,NaN,NaN,NaN,NaN,NaN
4337,1459,3816.000,27.530,-8.018,0.067,-0.072,0.847,0.999,816,0,2.998,7.239,994.000,199.000,1025.000,280.000,27.550,-8.000,-1.170,0.850,0.650,1.770,-0.233
4338,1469,3816.000,21.860,8.986,-0.218,-0.149,NaN,NaN,816,0,-2.780,-1.190,NaN,NaN,NaN,NaN,NaN,NaN,NaN,NaN,NaN,NaN,NaN
4339,1574,3816.000,30.516,-11.374,0.086,-0.074,0.806,NaN,816,0,4.175,-1.324,1101.000,189.000,1127.000,271.000,NaN,NaN,NaN,NaN,NaN,NaN,NaN
4340,1795,3816.000,31.911,1.908,-0.001,-0.097,0.827,0.923,816,0,1.487,2.487,524.000,195.000,549.000,267.000,31.920,1.860,-1.250,0.640,0.460,1.750,-1.449
4341,405,3817.000,276.280,50.321,0.622,0.540,NaN,NaN,817,0,-0.000,-0.000,NaN,NaN,NaN,NaN,NaN,NaN,NaN,NaN,NaN,NaN,NaN
4342,727,3817.000,304.604,-53.086,0.861,-0.139,NaN,NaN,817,0,-0.000,-0.000,NaN,NaN,NaN,NaN,NaN,NaN,NaN,NaN,NaN,NaN,NaN
4343,1166,3817.000,14.719,1.353,-0.113,0.183,0.058,NaN,817,0,-2.822,-1.327,501.000,195.000,514.000,214.000,NaN,NaN,NaN,NaN,NaN,NaN,NaN
4344,1459,3817.000,27.609,-8.103,0.068,-0.074,0.786,0.978,817,0,1.716,7.239,1000.000,199.000,1026.000,280.000,27.610,-8.140,-1.190,0.880,0.540,1.700,-0.382
4345,1469,3817.000,21.643,8.837,-0.217,-0.150,NaN,NaN,817,0,0.000,-1.013,NaN,NaN,NaN,NaN,NaN,NaN,NaN,NaN,NaN,NaN,NaN
4346,1574,3817.000,30.634,-11.445,0.092,-0.072,0.797,0.019,817,0,1.127,-1.899,1102.000,192.000,1129.000,272.000,30.660,-11.410,-0.980,0.700,0.680,1.810,0.086
4347,1795,3817.000,31.909,1.769,-0.003,-0.106,0.778,0.918,817,0,0.741,2.487,532.000,192.000,554.000,263.000,31.910,1.680,-1.130,0.820,0.700,1.720,0.606
4348,405,3818.000,276.900,50.859,0.622,0.538,NaN,NaN,818,0,-0.000,-0.000,NaN,NaN,NaN,NaN,NaN,NaN,NaN,NaN,NaN,NaN,NaN
4349,727,3818.000,305.467,-53.225,0.862,-0.139,NaN,NaN,818,0,-0.000,-0.000,NaN,NaN,NaN,NaN,NaN,NaN,NaN,NaN,NaN,NaN,NaN
4350,1166,3818.000,14.604,1.536,-0.114,0.183,NaN,NaN,818,0,-2.037,-1.327,NaN,NaN,NaN,NaN,NaN,NaN,NaN,NaN,NaN,NaN,NaN
4351,1459,3818.000,27.662,-8.236,0.065,-0.087,0.728,NaN,818,0,2.756,-1.327,1003.000,199.000,1033.000,280.000,NaN,NaN,NaN,NaN,NaN,NaN,NaN
4352,1469,3818.000,21.426,8.686,-0.217,-0.151,NaN,NaN,818,0,-2.123,-1.172,NaN,NaN,NaN,NaN,NaN,NaN,NaN,NaN,NaN,NaN,NaN
4353,1574,3818.000,30.724,-11.522,0.090,-0.074,0.811,NaN,818,0,4.175,-1.325,1104.000,190.000,1132.000,273.000,NaN,NaN,NaN,NaN,NaN,NaN,NaN
4354,1795,3818.000,31.909,1.727,-0.002,-0.091,0.753,NaN,818,0,2.906,-1.306,536.000,198.000,560.000,260.000,NaN,NaN,NaN,NaN,NaN,NaN,NaN
4355,405,3819.000,277.519,51.397,0.620,0.538,NaN,NaN,819,0,-0.000,-0.000,NaN,NaN,NaN,NaN,NaN,NaN,NaN,NaN,NaN,NaN,NaN
4356,727,3819.000,306.330,-53.365,0.862,-0.140,NaN,NaN,819,0,-0.000,-0.000,NaN,NaN,NaN,NaN,NaN,NaN,NaN,NaN,NaN,NaN,NaN
4357,1166,3819.000,14.489,1.719,-0.115,0.183,NaN,NaN,819,0,-2.320,-1.327,NaN,NaN,NaN,NaN,NaN,NaN,NaN,NaN,NaN,NaN,NaN
4358,1459,3819.000,27.673,-8.290,0.055,-0.079,0.786,1.000,819,0,1.716,7.239,1005.000,199.000,1034.000,279.000,27.640,-8.220,-1.250,1.070,0.630,1.940,-0.374
4359,1469,3819.000,21.207,8.535,-0.218,-0.151,NaN,NaN,819,0,-2.142,-1.182,NaN,NaN,NaN,NaN,NaN,NaN,NaN,NaN,NaN,NaN,NaN
4360,1574,3819.000,30.819,-11.592,0.091,-0.074,0.841,0.308,819,0,2.000,-1.001,1104.000,188.000,1134.000,272.000,30.840,-11.590,-0.910,0.750,0.630,1.870,-0.753
4361,1795,3819.000,31.874,1.616,-0.007,-0.096,0.804,0.957,819,0,0.916,2.487,538.000,192.000,564.000,260.000,31.830,1.530,-1.120,0.880,0.600,1.790,-2.044
4362,405,3820.000,278.141,51.934,0.622,0.537,NaN,NaN,820,0,-0.000,-0.000,NaN,NaN,NaN,NaN,NaN,NaN,NaN,NaN,NaN,NaN,NaN
4363,727,3820.000,307.192,-53.505,0.863,-0.140,NaN,NaN,820,0,-0.000,-0.000,NaN,NaN,NaN,NaN,NaN,NaN,NaN,NaN,NaN,NaN,NaN
4364,1166,3820.000,14.375,1.902,-0.115,0.183,NaN,NaN,820,0,-2.320,-1.327,NaN,NaN,NaN,NaN,NaN,NaN,NaN,NaN,NaN,NaN,NaN
4365,1459,3820.000,27.745,-8.377,0.058,-0.080,0.839,0.995,820,0,2.682,7.239,1008.000,200.000,1040.000,281.000,27.770,-8.380,-1.280,0.840,0.600,1.620,-0.790
4366,1469,3820.000,20.989,8.384,-0.218,-0.150,NaN,NaN,820,0,-2.618,-1.168,NaN,NaN,NaN,NaN,NaN,NaN,NaN,NaN,NaN,NaN,NaN
4367,1574,3820.000,30.863,-11.658,0.083,-0.073,0.834,0.940,820,0,1.712,6.654,1107.000,186.000,1136.000,272.000,30.810,-11.660,-1.030,1.060,0.500,1.960,2.481
4368,1795,3820.000,31.869,1.476,-0.005,-0.107,0.811,0.959,820,0,1.054,2.487,542.000,196.000,569.000,259.000,31.870,1.360,-1.120,1.020,0.500,1.890,-2.007
4369,405,3821.000,278.763,52.471,0.621,0.537,NaN,NaN,821,0,-0.000,-0.000,NaN,NaN,NaN,NaN,NaN,NaN,NaN,NaN,NaN,NaN,NaN
4370,727,3821.000,308.057,-53.646,0.863,-0.141,NaN,NaN,821,0,-0.000,-0.000,NaN,NaN,NaN,NaN,NaN,NaN,NaN,NaN,NaN,NaN,NaN
4371,1166,3821.000,14.260,2.085,-0.115,0.184,NaN,NaN,821,0,-2.998,-1.327,NaN,NaN,NaN,NaN,NaN,NaN,NaN,NaN,NaN,NaN,NaN
4372,1459,3821.000,27.799,-8.483,0.058,-0.087,0.822,NaN,821,0,4.217,-1.327,1007.000,200.000,1046.000,280.000,NaN,NaN,NaN,NaN,NaN,NaN,NaN
4373,1469,3821.000,20.497,6.357,-0.137,-0.319,0.044,NaN,821,0,-2.588,-1.155,192.000,203.000,227.000,240.000,NaN,NaN,NaN,NaN,NaN,NaN,NaN
4374,1574,3821.000,30.936,-11.744,0.083,-0.078,0.819,NaN,821,0,4.311,-1.325,1110.000,185.000,1138.000,271.000,NaN,NaN,NaN,NaN,NaN,NaN,NaN
4375,1795,3821.000,31.861,1.420,-0.005,-0.094,0.794,NaN,821,0,3.665,-1.278,544.000,195.000,576.000,260.000,NaN,NaN,NaN,NaN,NaN,NaN,NaN
4376,405,3822.000,279.384,53.009,0.622,0.537,NaN,NaN,822,0,-0.000,-0.000,NaN,NaN,NaN,NaN,NaN,NaN,NaN,NaN,NaN,NaN,NaN
4377,727,3822.000,308.924,-53.787,0.863,-0.140,NaN,NaN,822,0,-0.000,-0.000,NaN,NaN,NaN,NaN,NaN,NaN,NaN,NaN,NaN,NaN,NaN
4378,1166,3822.000,14.146,2.269,-0.115,0.184,NaN,NaN,822,0,-1.584,-1.592,NaN,NaN,NaN,NaN,NaN,NaN,NaN,NaN,NaN,NaN,NaN
4379,1459,3822.000,27.854,-8.554,0.058,-0.082,0.846,0.999,822,0,2.998,7.239,1008.000,200.000,1049.000,281.000,27.850,-8.520,-1.330,0.850,0.590,1.730,-0.827
4380,1469,3822.000,20.361,6.036,-0.136,-0.321,NaN,NaN,822,0,-3.028,-1.264,NaN,NaN,NaN,NaN,NaN,NaN,NaN,NaN,NaN,NaN,NaN
4381,1574,3822.000,30.932,-11.789,0.067,-0.071,0.842,0.298,822,0,2.000,-1.007,1111.000,185.000,1139.000,271.000,30.850,-11.760,-1.110,1.010,0.470,1.860,-3.052
4382,1795,3822.000,31.861,1.369,-0.004,-0.083,0.166,NaN,822,0,-1.222,-1.280,546.000,196.000,578.000,281.000,NaN,NaN,NaN,NaN,NaN,NaN,NaN
4383,405,3823.000,280.005,53.547,0.622,0.538,NaN,NaN,823,0,-0.000,-0.000,NaN,NaN,NaN,NaN,NaN,NaN,NaN,NaN,NaN,NaN,NaN
4384,727,3823.000,309.787,-53.926,0.862,-0.140,NaN,NaN,823,0,-0.000,-0.000,NaN,NaN,NaN,NaN,NaN,NaN,NaN,NaN,NaN,NaN,NaN
4385,1166,3823.000,14.032,2.453,-0.113,0.184,NaN,NaN,823,0,-2.058,-1.327,NaN,NaN,NaN,NaN,NaN,NaN,NaN,NaN,NaN,NaN,NaN
4386,1459,3823.000,27.926,-8.655,0.061,-0.086,0.813,0.998,823,0,1.979,7.239,1011.000,200.000,1050.000,281.000,27.940,-8.650,-1.240,0.790,0.630,1.710,-0.856
4387,1469,3823.000,20.225,5.715,-0.136,-0.321,NaN,NaN,823,0,-2.333,-1.146,NaN,NaN,NaN,NaN,NaN,NaN,NaN,NaN,NaN,NaN,NaN
4388,1574,3823.000,31.008,-11.829,0.069,-0.060,0.846,0.667,823,0,2.334,-0.066,1111.000,185.000,1142.000,272.000,31.020,-11.760,-0.970,0.740,0.670,1.600,-0.641
4389,1795,3823.000,31.848,1.220,-0.008,-0.099,0.748,0.782,823,0,0.519,0.370,560.000,195.000,581.000,251.000,31.830,1.080,-1.120,0.830,0.380,1.840,-1.913
4390,405,3824.000,280.627,54.085,0.621,0.538,NaN,NaN,824,0,-0.000,-0.000,NaN,NaN,NaN,NaN,NaN,NaN,NaN,NaN,NaN,NaN,NaN
4391,727,3824.000,310.650,-54.067,0.862,-0.141,NaN,NaN,824,0,-0.000,-0.000,NaN,NaN,NaN,NaN,NaN,NaN,NaN,NaN,NaN,NaN,NaN
4392,1166,3824.000,13.919,2.637,-0.114,0.183,NaN,NaN,824,0,-2.120,-1.327,NaN,NaN,NaN,NaN,NaN,NaN,NaN,NaN,NaN,NaN,NaN
4393,1459,3824.000,27.987,-8.739,0.061,-0.085,0.777,NaN,824,0,3.460,-1.327,1017.000,200.000,1051.000,278.000,NaN,NaN,NaN,NaN,NaN,NaN,NaN
4394,1469,3824.000,20.086,5.394,-0.139,-0.321,NaN,NaN,824,0,-2.425,-1.038,NaN,NaN,NaN,NaN,NaN,NaN,NaN,NaN,NaN,NaN,NaN
4395,1574,3824.000,31.069,-11.901,0.070,-0.063,0.832,NaN,824,0,4.413,-1.325,1113.000,189.000,1143.000,272.000,NaN,NaN,NaN,NaN,NaN,NaN,NaN
4396,1795,3824.000,31.834,1.132,-0.012,-0.097,0.596,NaN,824,0,0.810,-1.295,563.000,194.000,584.000,251.000,NaN,NaN,NaN,NaN,NaN,NaN,NaN
4397,405,3825.000,281.250,54.623,0.621,0.539,NaN,NaN,825,0,-0.000,-0.000,NaN,NaN,NaN,NaN,NaN,NaN,NaN,NaN,NaN,NaN,NaN
4398,727,3825.000,311.512,-54.209,0.862,-0.142,NaN,NaN,825,0,-0.000,-0.000,NaN,NaN,NaN,NaN,NaN,NaN,NaN,NaN,NaN,NaN,NaN
4399,1166,3825.000,13.806,2.821,-0.113,0.184,NaN,NaN,825,0,-2.805,-1.327,NaN,NaN,NaN,NaN,NaN,NaN,NaN,NaN,NaN,NaN,NaN
4400,1459,3825.000,28.081,-8.811,0.067,-0.079,0.749,0.922,825,0,1.436,7.239,1021.000,199.000,1052.000,279.000,28.110,-8.760,-1.100,0.820,0.600,1.610,-0.232
4401,1469,3825.000,19.947,5.073,-0.139,-0.322,NaN,NaN,825,0,-1.949,-1.076,NaN,NaN,NaN,NaN,NaN,NaN,NaN,NaN,NaN,NaN,NaN
4402,1574,3825.000,31.123,-11.929,0.068,-0.053,0.778,0.052,825,0,0.945,-1.779,1114.000,191.000,1143.000,271.000,31.130,-11.870,-1.120,0.840,0.720,1.760,-0.144
4403,1795,3825.000,31.846,1.019,-0.008,-0.101,0.654,0.962,825,0,-0.463,2.487,566.000,192.000,588.000,250.000,31.860,0.960,-1.090,1.070,0.440,1.890,2.650
4404,405,3826.000,281.872,55.161,0.620,0.537,NaN,NaN,826,0,-0.000,-0.000,NaN,NaN,NaN,NaN,NaN,NaN,NaN,NaN,NaN,NaN,NaN
4405,727,3826.000,312.375,-54.353,0.865,-0.144,NaN,NaN,826,0,-0.000,-0.000,NaN,NaN,NaN,NaN,NaN,NaN,NaN,NaN,NaN,NaN,NaN
4406,1166,3826.000,13.694,3.005,-0.113,0.184,NaN,NaN,826,0,-2.805,-1.327,NaN,NaN,NaN,NaN,NaN,NaN,NaN,NaN,NaN,NaN,NaN
4407,1459,3826.000,28.155,-8.887,0.069,-0.077,0.832,0.995,826,0,2.410,7.239,1023.000,199.000,1056.000,281.000,28.160,-8.880,-1.170,0.930,0.580,1.760,-0.468
4408,1469,3826.000,19.809,4.752,-0.139,-0.321,NaN,NaN,826,0,-0.585,-0.292,NaN,NaN,NaN,NaN,NaN,NaN,NaN,NaN,NaN,NaN,NaN
4409,1574,3826.000,31.268,-12.004,0.080,-0.057,0.778,0.061,826,0,0.945,-1.712,1115.000,191.000,1146.000,272.000,31.380,-12.060,-0.950,0.740,0.670,1.820,-0.798
4410,1795,3826.000,31.848,0.914,-0.006,-0.101,0.559,0.922,826,0,-0.970,2.487,569.000,191.000,597.000,270.000,31.870,0.900,-1.150,0.980,0.470,1.870,1.778
4411,405,3827.000,282.490,55.697,0.621,0.538,NaN,NaN,827,0,-0.000,-0.000,NaN,NaN,NaN,NaN,NaN,NaN,NaN,NaN,NaN,NaN,NaN
4412,727,3827.000,313.239,-54.497,0.866,-0.144,NaN,NaN,827,0,-0.000,-0.000,NaN,NaN,NaN,NaN,NaN,NaN,NaN,NaN,NaN,NaN,NaN
4413,1166,3827.000,13.536,3.645,-0.116,0.256,0.167,NaN,827,0,-1.955,-1.327,252.000,200.000,271.000,219.000,NaN,NaN,NaN,NaN,NaN,NaN,NaN
4414,1459,3827.000,28.228,-8.955,0.070,-0.075,0.835,NaN,827,0,4.413,-1.327,1023.000,199.000,1058.000,281.000,NaN,NaN,NaN,NaN,NaN,NaN,NaN
4415,1469,3827.000,19.671,4.431,-0.138,-0.320,NaN,NaN,827,0,-0.000,-0.000,NaN,NaN,NaN,NaN,NaN,NaN,NaN,NaN,NaN,NaN,NaN
4416,1574,3827.000,31.348,-12.063,0.080,-0.059,0.789,NaN,827,0,3.821,-1.326,1116.000,191.000,1145.000,272.000,NaN,NaN,NaN,NaN,NaN,NaN,NaN
4417,1795,3827.000,31.836,0.770,-0.008,-0.113,0.802,NaN,827,0,3.866,-1.304,575.000,197.000,612.000,268.000,NaN,NaN,NaN,NaN,NaN,NaN,NaN
4418,405,3828.000,283.109,56.235,0.621,0.537,NaN,NaN,828,0,-0.000,-0.000,NaN,NaN,NaN,NaN,NaN,NaN,NaN,NaN,NaN,NaN,NaN
4419,727,3828.000,314.101,-54.638,0.866,-0.141,NaN,NaN,828,0,-0.000,-0.000,NaN,NaN,NaN,NaN,NaN,NaN,NaN,NaN,NaN,NaN,NaN
4420,1166,3828.000,13.419,3.902,-0.117,0.257,NaN,NaN,828,0,-1.453,-1.324,NaN,NaN,NaN,NaN,NaN,NaN,NaN,NaN,NaN,NaN,NaN
4421,1459,3828.000,28.243,-8.987,0.058,-0.065,0.833,0.999,828,0,2.410,7.239,1024.000,199.000,1059.000,284.000,28.200,-8.920,-1.250,0.760,0.560,1.770,-0.659
4422,1469,3828.000,19.533,4.111,-0.138,-0.321,NaN,NaN,828,0,-0.000,-0.000,NaN,NaN,NaN,NaN,NaN,NaN,NaN,NaN,NaN,NaN,NaN
4423,1574,3828.000,31.427,-12.124,0.080,-0.062,0.787,NaN,828,0,3.821,-1.326,1117.000,190.000,1146.000,271.000,NaN,NaN,NaN,NaN,NaN,NaN,NaN
4424,1795,3828.000,31.875,0.647,0.003,-0.115,0.848,0.930,828,0,2.128,2.487,577.000,192.000,615.000,267.000,31.920,0.620,-1.220,0.790,0.620,1.720,-1.149
4425,405,3829.000,283.729,56.772,0.621,0.537,NaN,NaN,829,0,0.026,-0.000,NaN,NaN,NaN,NaN,NaN,NaN,NaN,NaN,NaN,NaN,NaN
4426,727,3829.000,314.962,-54.779,0.866,-0.142,NaN,NaN,829,0,-0.000,-0.000,NaN,NaN,NaN,NaN,NaN,NaN,NaN,NaN,NaN,NaN,NaN
4427,1166,3829.000,13.303,4.159,-0.115,0.257,NaN,NaN,829,0,-2.797,-1.315,NaN,NaN,NaN,NaN,NaN,NaN,NaN,NaN,NaN,NaN,NaN
4428,1459,3829.000,28.298,-9.035,0.057,-0.061,0.791,0.144,829,0,1.716,-1.132,1025.000,200.000,1062.000,283.000,28.330,-9.000,-1.240,0.770,0.640,1.760,-0.422
4429,1469,3829.000,19.397,3.788,-0.137,-0.322,NaN,NaN,829,0,-0.000,-0.000,NaN,NaN,NaN,NaN,NaN,NaN,NaN,NaN,NaN,NaN,NaN
4430,1574,3829.000,31.505,-12.192,0.078,-0.062,0.791,NaN,829,0,3.665,-1.326,1119.000,189.000,1148.000,269.000,NaN,NaN,NaN,NaN,NaN,NaN,NaN
4431,1795,3829.000,31.910,0.518,0.012,-0.118,0.793,0.248,829,0,0.817,-1.204,584.000,194.000,621.000,270.000,31.940,0.490,-1.050,0.740,0.670,1.720,-0.801
4432,405,3830.000,284.349,57.309,0.619,0.536,NaN,NaN,830,0,-0.000,-0.000,NaN,NaN,NaN,NaN,NaN,NaN,NaN,NaN,NaN,NaN,NaN
4433,727,3830.000,315.821,-54.921,0.865,-0.142,NaN,NaN,830,0,-0.000,-0.000,NaN,NaN,NaN,NaN,NaN,NaN,NaN,NaN,NaN,NaN,NaN
4434,1166,3830.000,13.028,4.704,-0.158,0.353,0.064,NaN,830,0,-2.306,-1.276,105.000,202.000,135.000,248.000,NaN,NaN,NaN,NaN,NaN,NaN,NaN
4435,1459,3830.000,28.351,-9.109,0.055,-0.065,0.789,NaN,830,0,3.821,-1.327,1029.000,201.000,1065.000,283.000,NaN,NaN,NaN,NaN,NaN,NaN,NaN
4436,1469,3830.000,19.260,3.466,-0.137,-0.322,NaN,NaN,830,0,-0.000,-0.000,NaN,NaN,NaN,NaN,NaN,NaN,NaN,NaN,NaN,NaN,NaN
4437,1574,3830.000,31.593,-12.267,0.080,-0.062,0.772,NaN,830,0,3.422,-1.326,1122.000,188.000,1149.000,269.000,NaN,NaN,NaN,NaN,NaN,NaN,NaN
4438,1795,3830.000,31.919,0.413,0.012,-0.113,0.772,NaN,830,0,3.261,-1.297,590.000,193.000,619.000,269.000,NaN,NaN,NaN,NaN,NaN,NaN,NaN
4439,405,3831.000,284.969,57.845,0.620,0.535,NaN,NaN,831,0,-0.000,-0.000,NaN,NaN,NaN,NaN,NaN,NaN,NaN,NaN,NaN,NaN,NaN
4440,727,3831.000,316.682,-55.065,0.865,-0.144,NaN,NaN,831,0,-0.000,-0.000,NaN,NaN,NaN,NaN,NaN,NaN,NaN,NaN,NaN,NaN,NaN
4441,1166,3831.000,13.028,5.050,-0.120,0.327,0.070,NaN,831,0,-1.410,-0.823,100.000,203.000,129.000,249.000,NaN,NaN,NaN,NaN,NaN,NaN,NaN
4442,1459,3831.000,28.414,-9.160,0.057,-0.061,0.814,NaN,831,0,4.053,-1.327,1029.000,201.000,1065.000,280.000,NaN,NaN,NaN,NaN,NaN,NaN,NaN
4443,1469,3831.000,19.124,3.147,-0.136,-0.320,NaN,NaN,831,0,-0.000,-0.000,NaN,NaN,NaN,NaN,NaN,NaN,NaN,NaN,NaN,NaN,NaN
4444,1574,3831.000,31.659,-12.311,0.077,-0.060,0.808,0.193,831,0,1.054,-1.382,1124.000,187.000,1150.000,270.000,31.640,-12.290,-1.060,0.790,0.670,1.850,-0.506
4445,1795,3831.000,31.929,0.312,0.012,-0.110,0.787,0.885,831,0,0.817,1.760,588.000,193.000,619.000,269.000,31.940,0.340,-1.040,0.730,0.650,1.780,-0.612
4446,405,3832.000,285.589,58.379,0.620,0.536,NaN,NaN,832,0,-0.000,-0.000,NaN,NaN,NaN,NaN,NaN,NaN,NaN,NaN,NaN,NaN,NaN
4447,727,3832.000,317.545,-55.208,0.865,-0.143,NaN,NaN,832,0,-0.000,-0.000,NaN,NaN,NaN,NaN,NaN,NaN,NaN,NaN,NaN,NaN,NaN
4448,1166,3832.000,12.908,5.377,-0.120,0.327,NaN,NaN,832,0,-2.365,-1.171,NaN,NaN,NaN,NaN,NaN,NaN,NaN,NaN,NaN,NaN,NaN
4449,1459,3832.000,28.498,-9.203,0.063,-0.056,0.724,0.414,832,0,0.897,-0.611,1038.000,200.000,1066.000,280.000,28.510,-9.160,-1.190,0.780,0.630,1.680,-0.904
4450,1469,3832.000,18.990,2.826,-0.135,-0.321,NaN,NaN,832,0,-0.000,-0.000,NaN,NaN,NaN,NaN,NaN,NaN,NaN,NaN,NaN,NaN,NaN
4451,1574,3832.000,31.732,-12.392,0.076,-0.067,0.828,NaN,832,0,4.413,-1.326,1126.000,187.000,1152.000,269.000,NaN,NaN,NaN,NaN,NaN,NaN,NaN
4452,1795,3832.000,31.928,0.191,0.010,-0.112,0.788,0.805,832,0,0.817,0.527,596.000,191.000,620.000,269.000,31.930,0.170,-1.070,0.720,0.680,1.780,0.326
4453,405,3833.000,286.208,58.914,0.619,0.535,NaN,NaN,833,0,-0.000,-0.000,NaN,NaN,NaN,NaN,NaN,NaN,NaN,NaN,NaN,NaN,NaN
4454,727,3833.000,322.496,-56.209,0.894,-0.148,0.036,NaN,833,0,-0.000,-0.000,848.000,202.000,857.000,225.000,NaN,NaN,NaN,NaN,NaN,NaN,NaN
4455,1166,3833.000,12.788,5.703,-0.120,0.326,NaN,NaN,833,0,-1.234,-1.160,NaN,NaN,NaN,NaN,NaN,NaN,NaN,NaN,NaN,NaN,NaN
4456,1459,3833.000,28.551,-9.337,0.061,-0.074,0.657,NaN,833,0,1.613,-1.326,1045.000,199.000,1066.000,279.000,NaN,NaN,NaN,NaN,NaN,NaN,NaN
4457,1469,3833.000,18.857,2.506,-0.133,-0.320,NaN,NaN,833,0,-0.000,-0.000,NaN,NaN,NaN,NaN,NaN,NaN,NaN,NaN,NaN,NaN,NaN
4458,1574,3833.000,31.795,-12.478,0.073,-0.071,0.846,NaN,833,0,4.485,-1.326,1128.000,188.000,1154.000,268.000,NaN,NaN,NaN,NaN,NaN,NaN,NaN
4459,1795,3833.000,31.931,0.150,0.010,-0.096,0.750,NaN,833,0,2.906,-1.311,602.000,191.000,625.000,269.000,NaN,NaN,NaN,NaN,NaN,NaN,NaN
4460,405,3834.000,286.829,59.450,0.620,0.536,NaN,NaN,834,0,-0.000,-0.000,NaN,NaN,NaN,NaN,NaN,NaN,NaN,NaN,NaN,NaN,NaN
4461,727,3834.000,323.559,-56.394,0.893,-0.147,0.038,NaN,834,0,-0.000,-0.000,848.000,201.000,857.000,227.000,NaN,NaN,NaN,NaN,NaN,NaN,NaN
4462,1166,3834.000,12.667,6.028,-0.121,0.325,NaN,NaN,834,0,-1.895,-1.259,NaN,NaN,NaN,NaN,NaN,NaN,NaN,NaN,NaN,NaN,NaN
4463,1459,3834.000,28.574,-9.366,0.053,-0.062,0.715,0.082,834,0,0.897,-1.400,1046.000,199.000,1069.000,278.000,28.570,-9.240,-1.290,0.470,0.410,1.690,-1.393
4464,1469,3834.000,18.724,2.187,-0.133,-0.319,NaN,NaN,834,0,-0.899,-0.547,NaN,NaN,NaN,NaN,NaN,NaN,NaN,NaN,NaN,NaN,NaN
4465,1574,3834.000,31.812,-12.515,0.066,-0.065,0.834,0.364,834,0,1.487,-0.971,1129.000,187.000,1155.000,269.000,31.810,-12.440,-1.250,0.820,0.570,1.650,-0.639
4466,1795,3834.000,31.876,0.027,-0.004,-0.102,0.834,0.012,834,0,1.487,-1.977,605.000,190.000,635.000,269.000,31.830,-0.030,-0.830,0.860,0.570,1.720,2.671
4467,405,3835.000,287.449,59.985,0.621,0.536,NaN,NaN,835,0,-0.000,-0.000,NaN,NaN,NaN,NaN,NaN,NaN,NaN,NaN,NaN,NaN,NaN
4468,727,3835.000,324.515,-56.556,0.892,-0.148,0.040,NaN,835,0,-0.000,-0.000,848.000,201.000,857.000,227.000,NaN,NaN,NaN,NaN,NaN,NaN,NaN
4469,1166,3835.000,12.544,6.354,-0.122,0.326,NaN,NaN,835,0,-2.249,-1.327,NaN,NaN,NaN,NaN,NaN,NaN,NaN,NaN,NaN,NaN,NaN
4470,1459,3835.000,28.617,-9.493,0.049,-0.078,0.651,NaN,835,0,1.698,-1.319,1050.000,199.000,1076.000,280.000,NaN,NaN,NaN,NaN,NaN,NaN,NaN
4471,1469,3835.000,18.591,1.867,-0.133,-0.319,NaN,NaN,835,0,-2.784,-1.316,NaN,NaN,NaN,NaN,NaN,NaN,NaN,NaN,NaN,NaN,NaN
4472,1574,3835.000,31.957,-12.614,0.078,-0.070,0.821,0.541,835,0,1.243,-0.573,1129.000,185.000,1157.000,270.000,32.020,-12.640,-1.150,0.800,0.680,1.710,-0.335
4473,1795,3835.000,31.873,-0.087,-0.003,-0.105,0.863,NaN,835,0,4.485,-1.309,605.000,192.000,647.000,269.000,NaN,NaN,NaN,NaN,NaN,NaN,NaN
4474,405,3836.000,288.069,60.522,0.621,0.537,NaN,NaN,836,0,-0.000,-0.000,NaN,NaN,NaN,NaN,NaN,NaN,NaN,NaN,NaN,NaN,NaN
4475,727,3836.000,325.459,-56.718,0.891,-0.150,0.046,NaN,836,0,-0.000,-0.000,848.000,200.000,857.000,224.000,NaN,NaN,NaN,NaN,NaN,NaN,NaN
4476,1166,3836.000,12.423,6.680,-0.121,0.326,NaN,NaN,836,0,-2.184,-1.327,NaN,NaN,NaN,NaN,NaN,NaN,NaN,NaN,NaN,NaN,NaN
4477,1459,3836.000,28.654,-9.614,0.046,-0.093,0.684,NaN,836,0,1.846,-1.293,1053.000,201.000,1082.000,279.000,NaN,NaN,NaN,NaN,NaN,NaN,NaN
4478,1469,3836.000,18.457,1.548,-0.134,-0.320,NaN,NaN,836,0,-1.826,-1.327,NaN,NaN,NaN,NaN,NaN,NaN,NaN,NaN,NaN,NaN,NaN
4479,1574,3836.000,32.037,-12.695,0.078,-0.072,0.837,NaN,836,0,4.474,-1.325,1132.000,187.000,1159.000,269.000,NaN,NaN,NaN,NaN,NaN,NaN,NaN
4480,1795,3836.000,31.871,-0.189,-0.003,-0.104,0.855,NaN,836,0,4.485,-1.301,606.000,193.000,651.000,269.000,NaN,NaN,NaN,NaN,NaN,NaN,NaN
4481,405,3837.000,288.689,61.062,0.622,0.539,NaN,NaN,837,0,-0.000,-0.000,NaN,NaN,NaN,NaN,NaN,NaN,NaN,NaN,NaN,NaN,NaN
4482,727,3837.000,326.348,-56.871,0.891,-0.151,0.058,NaN,837,0,-0.000,-0.000,848.000,200.000,857.000,224.000,NaN,NaN,NaN,NaN,NaN,NaN,NaN
4483,1166,3837.000,12.301,7.006,-0.122,0.325,NaN,NaN,837,0,-2.249,-1.327,NaN,NaN,NaN,NaN,NaN,NaN,NaN,NaN,NaN,NaN,NaN
4484,1459,3837.000,28.700,-9.707,0.047,-0.093,NaN,NaN,837,0,-2.984,-1.277,NaN,NaN,NaN,NaN,NaN,NaN,NaN,NaN,NaN,NaN,NaN
4485,1469,3837.000,18.322,1.228,-0.135,-0.320,NaN,NaN,837,0,-2.058,-1.327,NaN,NaN,NaN,NaN,NaN,NaN,NaN,NaN,NaN,NaN,NaN
4486,1574,3837.000,32.126,-12.766,0.081,-0.072,0.826,NaN,837,0,4.351,-1.325,1133.000,188.000,1160.000,268.000,NaN,NaN,NaN,NaN,NaN,NaN,NaN
4487,1795,3837.000,31.871,-0.256,-0.004,-0.095,0.853,NaN,837,0,4.485,-1.286,607.000,194.000,650.000,269.000,NaN,NaN,NaN,NaN,NaN,NaN,NaN
4488,1924,3837.000,28.720,-9.680,0.000,0.000,0.731,0.662,837,0,1.015,0.122,1054.000,200.000,1086.000,279.000,28.720,-9.680,-1.180,0.760,0.640,1.670,-0.769
4489,405,3838.000,289.305,61.599,0.621,0.538,NaN,NaN,838,0,-0.000,-0.000,NaN,NaN,NaN,NaN,NaN,NaN,NaN,NaN,NaN,NaN,NaN
4490,727,3838.000,326.303,-56.864,0.882,-0.149,0.081,NaN,838,0,-0.000,-0.000,848.000,200.000,857.000,224.000,NaN,NaN,NaN,NaN,NaN,NaN,NaN
4491,1166,3838.000,12.179,7.332,-0.122,0.326,NaN,NaN,838,0,-2.184,-1.327,NaN,NaN,NaN,NaN,NaN,NaN,NaN,NaN,NaN,NaN,NaN
4492,1459,3838.000,28.749,-9.799,0.048,-0.092,NaN,NaN,838,0,-4.788,-1.470,NaN,NaN,NaN,NaN,NaN,NaN,NaN,NaN,NaN,NaN,NaN
4493,1469,3838.000,18.188,0.908,-0.135,-0.319,NaN,NaN,838,0,-5.228,-1.992,NaN,NaN,NaN,NaN,NaN,NaN,NaN,NaN,NaN,NaN,NaN
4494,1574,3838.000,32.273,-12.840,0.090,-0.070,0.836,0.017,838,0,1.781,-1.986,1136.000,188.000,1162.000,268.000,32.340,-12.830,-0.970,0.870,0.660,1.750,-0.502
4495,1795,3838.000,31.877,-0.332,-0.000,-0.090,0.855,NaN,838,0,4.485,-1.271,616.000,202.000,651.000,269.000,NaN,NaN,NaN,NaN,NaN,NaN,NaN
4496,1924,3838.000,28.781,-9.681,0.015,-0.005,0.746,0.116,838,0,1.189,-1.232,1055.000,202.000,1088.000,280.000,28.820,-9.680,-1.290,0.780,0.610,1.690,1.398
4497,405,3839.000,289.920,62.137,0.621,0.538,NaN,NaN,839,0,-0.000,-0.000,NaN,NaN,NaN,NaN,NaN,NaN,NaN,NaN,NaN,NaN,NaN
4498,727,3839.000,327.064,-56.999,0.880,-0.150,0.079,NaN,839,0,-0.000,-0.000,848.000,200.000,857.000,224.000,NaN,NaN,NaN,NaN,NaN,NaN,NaN
4499,1166,3839.000,12.056,7.658,-0.123,0.326,NaN,NaN,839,0,-2.058,-1.327,NaN,NaN,NaN,NaN,NaN,NaN,NaN,NaN,NaN,NaN,NaN
4500,1459,3839.000,28.816,-9.853,0.051,-0.082,0.476,NaN,839,0,0.120,-1.305,1057.000,200.000,1088.000,279.000,NaN,NaN,NaN,NaN,NaN,NaN,NaN
4501,1469,3839.000,17.749,1.857,-0.149,-0.235,0.059,NaN,839,0,-2.502,-1.257,473.000,216.000,489.000,249.000,NaN,NaN,NaN,NaN,NaN,NaN,NaN
4502,1574,3839.000,32.362,-12.943,0.090,-0.079,0.846,NaN,839,0,4.491,-1.324,1137.000,186.000,1166.000,268.000,NaN,NaN,NaN,NaN,NaN,NaN,NaN
4503,1795,3839.000,31.875,-0.430,-0.001,-0.092,0.818,NaN,839,0,4.217,-1.242,627.000,191.000,651.000,269.000,NaN,NaN,NaN,NaN,NaN,NaN,NaN
4504,1924,3839.000,28.710,-9.937,-0.019,-0.119,0.028,NaN,839,0,-2.446,-1.278,1072.000,202.000,1089.000,277.000,NaN,NaN,NaN,NaN,NaN,NaN,NaN
4505,405,3840.000,290.539,62.676,0.621,0.539,NaN,NaN,840,0,-0.000,-0.000,NaN,NaN,NaN,NaN,NaN,NaN,NaN,NaN,NaN,NaN,NaN
4506,727,3840.000,327.755,-57.121,0.878,-0.151,0.083,NaN,840,0,-0.000,-0.000,848.000,200.000,857.000,224.000,NaN,NaN,NaN,NaN,NaN,NaN,NaN
4507,1166,3840.000,11.934,7.984,-0.121,0.326,NaN,NaN,840,0,-2.805,-1.327,NaN,NaN,NaN,NaN,NaN,NaN,NaN,NaN,NaN,NaN,NaN
4508,1459,3840.000,28.856,-9.985,0.050,-0.096,0.040,NaN,840,0,-2.405,-1.310,1070.000,201.000,1090.000,274.000,NaN,NaN,NaN,NaN,NaN,NaN,NaN
4509,1469,3840.000,17.385,1.790,-0.241,-0.111,0.051,NaN,840,0,-2.805,-1.327,473.000,216.000,483.000,249.000,NaN,NaN,NaN,NaN,NaN,NaN,NaN
4510,1574,3840.000,32.304,-12.957,0.065,-0.068,0.850,0.966,840,0,2.128,2.487,1138.000,187.000,1168.000,269.000,32.150,-12.910,-1.070,0.740,0.650,1.840,-0.121
4511,1795,3840.000,31.899,-0.534,0.003,-0.094,0.783,0.515,840,0,0.741,-0.584,631.000,192.000,654.000,269.000,31.920,-0.610,-1.180,0.790,0.620,1.760,-1.161
4512,1924,3840.000,28.783,-9.982,0.014,-0.066,0.310,0.113,840,0,-1.584,-1.300,1059.000,201.000,1089.000,274.000,28.840,-9.860,-1.280,0.780,0.560,1.740,0.061
4513,405,3841.000,291.156,63.213,0.620,0.537,NaN,NaN,841,0,-0.000,-0.000,NaN,NaN,NaN,NaN,NaN,NaN,NaN,NaN,NaN,NaN,NaN
4514,727,3841.000,328.424,-57.239,0.876,-0.150,0.084,NaN,841,0,-0.000,-0.000,848.000,200.000,857.000,224.000,NaN,NaN,NaN,NaN,NaN,NaN,NaN
4515,1166,3841.000,11.813,8.310,-0.121,0.326,NaN,NaN,841,0,-2.816,-1.327,NaN,NaN,NaN,NaN,NaN,NaN,NaN,NaN,NaN,NaN,NaN
4516,1459,3841.000,28.905,-10.082,0.049,-0.096,NaN,NaN,841,0,-3.093,-1.324,NaN,NaN,NaN,NaN,NaN,NaN,NaN,NaN,NaN,NaN,NaN
4517,1469,3841.000,17.143,1.677,-0.242,-0.112,NaN,NaN,841,0,0.000,-0.701,NaN,NaN,NaN,NaN,NaN,NaN,NaN,NaN,NaN,NaN,NaN
4518,1574,3841.000,32.350,-13.029,0.064,-0.069,0.814,0.913,841,0,1.054,2.487,1139.000,189.000,1168.000,268.000,32.320,-13.060,-1.020,0.710,0.660,1.760,-0.105
4519,1795,3841.000,31.935,-0.665,0.011,-0.102,0.795,0.205,841,0,0.817,-1.228,637.000,190.000,660.000,269.000,31.960,-0.770,-0.880,0.730,0.690,1.770,-0.091
4520,1924,3841.000,28.867,-9.983,0.036,-0.040,0.602,0.691,841,0,-0.080,0.249,1063.000,200.000,1091.000,277.000,28.940,-9.950,-1.230,0.890,0.490,1.790,-0.470
4521,405,3842.000,291.772,63.750,0.620,0.537,NaN,NaN,842,0,-0.000,-0.000,NaN,NaN,NaN,NaN,NaN,NaN,NaN,NaN,NaN,NaN,NaN
4522,727,3842.000,329.134,-57.362,0.876,-0.151,0.080,NaN,842,0,-0.000,-0.000,848.000,200.000,857.000,224.000,NaN,NaN,NaN,NaN,NaN,NaN,NaN
4523,1166,3842.000,11.692,8.636,-0.121,0.325,NaN,NaN,842,0,-2.972,-1.327,NaN,NaN,NaN,NaN,NaN,NaN,NaN,NaN,NaN,NaN,NaN
4524,1459,3842.000,28.955,-10.178,0.049,-0.096,NaN,NaN,842,0,-2.815,-1.326,NaN,NaN,NaN,NaN,NaN,NaN,NaN,NaN,NaN,NaN,NaN
4525,1469,3842.000,16.900,1.566,-0.242,-0.111,NaN,NaN,842,0,-2.653,-1.327,NaN,NaN,NaN,NaN,NaN,NaN,NaN,NaN,NaN,NaN,NaN
4526,1574,3842.000,32.401,-13.093,0.060,-0.068,0.800,NaN,842,0,3.866,-1.322,1141.000,191.000,1169.000,267.000,NaN,NaN,NaN,NaN,NaN,NaN,NaN
4527,1795,3842.000,31.944,-0.807,0.012,-0.111,0.855,NaN,842,0,4.485,-1.277,639.000,192.000,678.000,269.000,NaN,NaN,NaN,NaN,NaN,NaN,NaN
4528,1924,3842.000,28.901,-9.985,0.038,-0.029,0.596,NaN,842,0,1.024,-1.324,1066.000,199.000,1090.000,277.000,NaN,NaN,NaN,NaN,NaN,NaN,NaN
4529,405,3843.000,292.388,64.286,0.620,0.536,NaN,NaN,843,0,-0.000,-0.000,NaN,NaN,NaN,NaN,NaN,NaN,NaN,NaN,NaN,NaN,NaN
4530,727,3843.000,329.917,-57.497,0.876,-0.152,0.045,NaN,843,0,-0.000,-0.000,848.000,200.000,857.000,223.000,NaN,NaN,NaN,NaN,NaN,NaN,NaN
4531,1166,3843.000,11.573,8.961,-0.119,0.325,NaN,NaN,843,0,-2.257,-0.944,NaN,NaN,NaN,NaN,NaN,NaN,NaN,NaN,NaN,NaN,NaN
4532,1459,3843.000,29.005,-10.272,0.050,-0.095,NaN,NaN,843,0,-5.240,-2.542,NaN,NaN,NaN,NaN,NaN,NaN,NaN,NaN,NaN,NaN,NaN
4533,1469,3843.000,16.658,1.455,-0.243,-0.111,NaN,NaN,843,0,-2.654,-1.327,NaN,NaN,NaN,NaN,NaN,NaN,NaN,NaN,NaN,NaN,NaN
4534,1574,3843.000,32.458,-13.152,0.059,-0.067,0.785,NaN,843,0,3.460,-1.320,1142.000,191.000,1170.000,268.000,NaN,NaN,NaN,NaN,NaN,NaN,NaN
4535,1795,3843.000,31.959,-0.920,0.012,-0.113,0.891,NaN,843,0,4.485,-1.306,639.000,193.000,681.000,269.000,NaN,NaN,NaN,NaN,NaN,NaN,NaN
4536,1924,3843.000,28.942,-10.040,0.037,-0.037,0.590,NaN,843,0,0.941,-1.322,1070.000,200.000,1092.000,278.000,NaN,NaN,NaN,NaN,NaN,NaN,NaN
4537,405,3844.000,293.000,64.822,0.618,0.536,NaN,NaN,844,0,-0.000,-0.000,NaN,NaN,NaN,NaN,NaN,NaN,NaN,NaN,NaN,NaN,NaN
4538,727,3844.000,330.743,-57.638,0.878,-0.153,0.045,NaN,844,0,-0.000,-0.000,848.000,200.000,857.000,223.000,NaN,NaN,NaN,NaN,NaN,NaN,NaN
4539,1166,3844.000,11.453,9.286,-0.119,0.326,NaN,NaN,844,0,-2.972,-1.327,NaN,NaN,NaN,NaN,NaN,NaN,NaN,NaN,NaN,NaN,NaN
4540,1459,3844.000,29.056,-10.368,0.051,-0.095,NaN,NaN,844,0,-2.653,-1.327,NaN,NaN,NaN,NaN,NaN,NaN,NaN,NaN,NaN,NaN,NaN
4541,1469,3844.000,16.414,1.343,-0.243,-0.112,NaN,NaN,844,0,-2.654,-1.327,NaN,NaN,NaN,NaN,NaN,NaN,NaN,NaN,NaN,NaN,NaN
4542,1574,3844.000,32.534,-13.227,0.065,-0.070,0.839,0.344,844,0,1.562,-1.133,1143.000,191.000,1171.000,268.000,32.580,-13.250,-1.090,0.800,0.570,1.740,1.558
4543,1795,3844.000,31.935,-1.056,0.015,-0.120,0.880,0.773,844,0,3.521,0.335,640.000,195.000,683.000,269.000,31.910,-1.070,-1.130,0.950,0.500,1.870,-1.580
4544,1924,3844.000,29.052,-10.088,0.052,-0.040,0.763,0.693,844,0,1.256,0.249,1070.000,200.000,1095.000,278.000,29.100,-10.060,-1.300,0.770,0.510,1.830,-0.667
4545,405,3845.000,293.616,65.359,0.618,0.537,NaN,NaN,845,0,-0.000,-0.000,NaN,NaN,NaN,NaN,NaN,NaN,NaN,NaN,NaN,NaN,NaN
4546,727,3845.000,331.606,-57.783,0.883,-0.153,0.027,NaN,845,0,-0.000,-0.000,848.000,201.000,857.000,226.000,NaN,NaN,NaN,NaN,NaN,NaN,NaN
4547,1166,3845.000,11.336,9.610,-0.117,0.324,NaN,NaN,845,0,-2.640,-1.327,NaN,NaN,NaN,NaN,NaN,NaN,NaN,NaN,NaN,NaN,NaN
4548,1459,3845.000,29.107,-10.464,0.051,-0.096,NaN,NaN,845,0,-2.653,-1.326,NaN,NaN,NaN,NaN,NaN,NaN,NaN,NaN,NaN,NaN,NaN
4549,1469,3845.000,16.171,1.229,-0.243,-0.113,NaN,NaN,845,0,-2.654,-1.327,NaN,NaN,NaN,NaN,NaN,NaN,NaN,NaN,NaN,NaN,NaN
4550,1574,3845.000,32.611,-13.262,0.068,-0.062,0.707,NaN,845,0,2.280,-1.318,1145.000,192.000,1170.000,267.000,NaN,NaN,NaN,NaN,NaN,NaN,NaN
4551,1795,3845.000,31.948,-1.124,0.013,-0.110,0.858,NaN,845,0,4.485,-1.320,648.000,194.000,683.000,269.000,NaN,NaN,NaN,NaN,NaN,NaN,NaN
4552,1924,3845.000,29.092,-10.143,0.048,-0.044,0.792,NaN,845,0,3.665,-1.325,1070.000,202.000,1098.000,277.000,NaN,NaN,NaN,NaN,NaN,NaN,NaN
4553,405,3846.000,294.233,65.894,0.617,0.535,NaN,NaN,846,0,-0.000,-0.000,NaN,NaN,NaN,NaN,NaN,NaN,NaN,NaN,NaN,NaN,NaN
4554,727,3846.000,332.523,-57.922,0.881,-0.148,0.031,NaN,846,0,-0.000,-0.000,848.000,201.000,857.000,226.000,NaN,NaN,NaN,NaN,NaN,NaN,NaN
4555,1166,3846.000,11.219,9.933,-0.117,0.323,NaN,NaN,846,0,-2.654,-1.327,NaN,NaN,NaN,NaN,NaN,NaN,NaN,NaN,NaN,NaN,NaN
4556,1459,3846.000,29.160,-10.559,0.052,-0.096,NaN,NaN,846,0,-2.652,-1.326,NaN,NaN,NaN,NaN,NaN,NaN,NaN,NaN,NaN,NaN,NaN
4557,1469,3846.000,15.927,1.115,-0.244,-0.114,NaN,NaN,846,0,-2.652,-1.326,NaN,NaN,NaN,NaN,NaN,NaN,NaN,NaN,NaN,NaN,NaN
4558,1574,3846.000,32.767,-13.344,0.084,-0.064,0.814,0.073,846,0,0.827,-1.859,1145.000,190.000,1171.000,266.000,32.900,-13.320,-1.080,1.720,0.520,1.690,-0.226
4559,1795,3846.000,31.949,-1.216,0.013,-0.109,0.864,0.613,846,0,2.528,-0.352,654.000,193.000,682.000,269.000,31.930,-1.210,-1.210,0.910,0.540,1.840,-1.606
4560,1924,3846.000,29.196,-10.209,0.057,-0.050,0.803,0.999,846,0,1.575,5.442,1070.000,202.000,1099.000,277.000,29.220,-10.240,-1.280,0.760,0.650,1.690,-0.091
4561,405,3847.000,294.850,66.430,0.617,0.536,NaN,NaN,847,0,-0.000,-0.000,NaN,NaN,NaN,NaN,NaN,NaN,NaN,NaN,NaN,NaN,NaN
4562,727,3847.000,333.403,-58.074,0.885,-0.150,0.025,NaN,847,0,-0.000,-0.000,848.000,201.000,857.000,226.000,NaN,NaN,NaN,NaN,NaN,NaN,NaN
4563,1166,3847.000,11.101,10.256,-0.118,0.323,NaN,NaN,847,0,-3.456,-1.327,NaN,NaN,NaN,NaN,NaN,NaN,NaN,NaN,NaN,NaN,NaN
4564,1459,3847.000,29.404,-10.405,0.067,-0.052,0.714,0.142,847,0,0.761,-1.226,1076.000,202.000,1101.000,276.000,29.420,-10.300,-1.140,1.750,0.480,1.720,-0.107
4565,1469,3847.000,15.724,1.544,-0.252,-0.000,0.028,NaN,847,0,-3.093,-1.324,483.000,215.000,497.000,253.000,NaN,NaN,NaN,NaN,NaN,NaN,NaN
4566,1574,3847.000,32.909,-13.443,0.092,-0.071,0.837,0.266,847,0,1.562,-1.286,1147.000,188.000,1173.000,267.000,33.000,-13.490,-1.060,0.960,0.670,1.640,-1.292
4567,1795,3847.000,31.958,-1.347,0.013,-0.114,0.779,0.112,847,0,0.741,-1.612,666.000,192.000,687.000,269.000,31.950,-1.400,-1.240,0.780,0.620,1.680,0.509
4568,1924,3847.000,29.320,-10.273,0.066,-0.052,NaN,0.821,847,0,-3.522,0.962,1061.000,193.000,1112.000,275.000,29.370,-10.280,-1.110,0.670,0.690,1.760,2.053
4569,405,3848.000,295.473,66.967,0.617,0.536,NaN,NaN,848,0,-0.000,-0.000,NaN,NaN,NaN,NaN,NaN,NaN,NaN,NaN,NaN,NaN,NaN
4570,727,3848.000,334.291,-58.231,0.887,-0.153,0.039,NaN,848,0,-0.000,-0.000,848.000,200.000,857.000,223.000,NaN,NaN,NaN,NaN,NaN,NaN,NaN
4571,1166,3848.000,10.983,10.580,-0.118,0.323,NaN,NaN,848,0,-2.654,-1.327,NaN,NaN,NaN,NaN,NaN,NaN,NaN,NaN,NaN,NaN,NaN
4572,1459,3848.000,29.471,-10.456,0.067,-0.051,NaN,NaN,848,0,-2.653,-1.327,NaN,NaN,NaN,NaN,NaN,NaN,NaN,NaN,NaN,NaN,NaN
4573,1469,3848.000,15.472,1.544,-0.253,-0.000,NaN,NaN,848,0,-2.654,-1.327,NaN,NaN,NaN,NaN,NaN,NaN,NaN,NaN,NaN,NaN,NaN
4574,1574,3848.000,33.006,-13.512,0.093,-0.071,0.836,NaN,848,0,4.443,-1.319,1149.000,188.000,1175.000,267.000,NaN,NaN,NaN,NaN,NaN,NaN,NaN
4575,1795,3848.000,31.970,-1.459,0.012,-0.114,0.753,NaN,848,0,2.906,-1.319,671.000,197.000,693.000,269.000,NaN,NaN,NaN,NaN,NaN,NaN,NaN
4576,1924,3848.000,29.378,-10.360,0.063,-0.061,0.776,NaN,848,0,3.460,-1.327,1074.000,203.000,1104.000,274.000,NaN,NaN,NaN,NaN,NaN,NaN,NaN
4577,405,3849.000,296.095,67.504,0.619,0.537,NaN,NaN,849,0,-0.000,-0.000,NaN,NaN,NaN,NaN,NaN,NaN,NaN,NaN,NaN,NaN,NaN
4578,727,3849.000,335.178,-58.383,0.888,-0.152,NaN,NaN,849,0,-0.000,-0.000,NaN,NaN,NaN,NaN,NaN,NaN,NaN,NaN,NaN,NaN,NaN
4579,1166,3849.000,10.866,10.903,-0.118,0.323,NaN,NaN,849,0,-2.654,-1.327,NaN,NaN,NaN,NaN,NaN,NaN,NaN,NaN,NaN,NaN,NaN
4580,1459,3849.000,29.539,-10.508,0.068,-0.052,NaN,NaN,849,0,-2.653,-1.327,NaN,NaN,NaN,NaN,NaN,NaN,NaN,NaN,NaN,NaN,NaN
4581,1469,3849.000,15.218,1.542,-0.254,-0.002,NaN,NaN,849,0,-2.654,-1.327,NaN,NaN,NaN,NaN,NaN,NaN,NaN,NaN,NaN,NaN,NaN
4582,1574,3849.000,33.104,-13.573,0.096,-0.067,0.844,NaN,849,0,4.443,-1.319,1150.000,188.000,1175.000,267.000,NaN,NaN,NaN,NaN,NaN,NaN,NaN
4583,1795,3849.000,31.952,-1.533,0.007,-0.105,0.721,0.738,849,0,0.210,0.217,671.000,191.000,694.000,269.000,31.930,-1.430,-1.140,0.780,0.670,1.780,-0.638
4584,1924,3849.000,29.506,-10.410,0.078,-0.057,0.700,0.821,849,0,0.388,0.846,1077.000,206.000,1104.000,274.000,29.610,-10.360,-1.220,1.660,0.440,1.650,0.490
4585,405,3850.000,296.716,68.042,0.618,0.538,NaN,NaN,850,0,-0.000,-0.000,NaN,NaN,NaN,NaN,NaN,NaN,NaN,NaN,NaN,NaN,NaN
4586,727,3850.000,335.948,-58.525,0.890,-0.153,0.030,NaN,850,0,-0.000,-0.000,848.000,201.000,857.000,226.000,NaN,NaN,NaN,NaN,NaN,NaN,NaN
4587,1166,3850.000,10.747,11.225,-0.119,0.322,NaN,NaN,850,0,-0.535,-1.327,NaN,NaN,NaN,NaN,NaN,NaN,NaN,NaN,NaN,NaN,NaN
4588,1459,3850.000,29.527,-10.715,0.057,-0.076,0.038,NaN,850,0,-2.435,-1.326,1093.000,206.000,1110.000,273.000,NaN,NaN,NaN,NaN,NaN,NaN,NaN
4589,1469,3850.000,14.964,1.540,-0.255,-0.002,NaN,NaN,850,0,-2.654,-1.327,NaN,NaN,NaN,NaN,NaN,NaN,NaN,NaN,NaN,NaN,NaN
4590,1574,3850.000,33.196,-13.633,0.095,-0.067,0.811,NaN,850,0,4.053,-1.319,1151.000,190.000,1176.000,267.000,NaN,NaN,NaN,NaN,NaN,NaN,NaN
4591,1795,3850.000,31.954,-1.652,0.004,-0.109,0.696,NaN,850,0,2.128,-1.294,671.000,193.000,712.000,269.000,NaN,NaN,NaN,NaN,NaN,NaN,NaN
4592,1924,3850.000,29.568,-10.529,0.074,-0.071,0.711,NaN,850,0,2.280,-1.327,1081.000,205.000,1109.000,275.000,NaN,NaN,NaN,NaN,NaN,NaN,NaN
4593,405,3851.000,297.336,68.579,0.618,0.537,NaN,NaN,851,0,-0.000,-0.000,NaN,NaN,NaN,NaN,NaN,NaN,NaN,NaN,NaN,NaN,NaN
4594,727,3851.000,336.701,-58.663,0.888,-0.155,0.027,NaN,851,0,-0.000,-0.000,848.000,201.000,857.000,225.000,NaN,NaN,NaN,NaN,NaN,NaN,NaN
4595,1166,3851.000,10.628,11.548,-0.119,0.323,NaN,NaN,851,0,-2.654,-1.327,NaN,NaN,NaN,NaN,NaN,NaN,NaN,NaN,NaN,NaN,NaN
4596,1459,3851.000,29.584,-10.789,0.057,-0.074,NaN,NaN,851,0,-2.651,-1.326,NaN,NaN,NaN,NaN,NaN,NaN,NaN,NaN,NaN,NaN,NaN
4597,1469,3851.000,14.709,1.538,-0.254,-0.002,NaN,NaN,851,0,-2.654,-1.327,NaN,NaN,NaN,NaN,NaN,NaN,NaN,NaN,NaN,NaN,NaN
4598,1574,3851.000,33.182,-13.647,0.076,-0.057,0.766,0.405,851,0,0.467,-1.019,1152.000,192.000,1177.000,266.000,33.130,-13.590,-1.230,0.770,0.610,1.690,-0.272
4599,1795,3851.000,31.964,-1.758,0.004,-0.109,0.780,NaN,851,0,3.620,-1.239,672.000,186.000,717.000,269.000,NaN,NaN,NaN,NaN,NaN,NaN,NaN
4600,1924,3851.000,29.588,-10.557,0.064,-0.061,0.763,0.045,851,0,1.026,-1.687,1084.000,199.000,1112.000,274.000,29.570,-10.490,-1.340,0.780,0.580,1.760,-0.820
4601,405,3852.000,297.955,69.118,0.618,0.537,NaN,NaN,852,0,-0.000,-0.000,NaN,NaN,NaN,NaN,NaN,NaN,NaN,NaN,NaN,NaN,NaN
4602,727,3852.000,337.589,-58.818,0.888,-0.155,NaN,NaN,852,0,-0.000,-0.000,NaN,NaN,NaN,NaN,NaN,NaN,NaN,NaN,NaN,NaN,NaN
4603,1166,3852.000,10.510,11.871,-0.118,0.323,NaN,NaN,852,0,-2.539,-1.327,NaN,NaN,NaN,NaN,NaN,NaN,NaN,NaN,NaN,NaN,NaN
4604,1459,3852.000,29.634,-10.879,0.057,-0.079,0.066,NaN,852,0,-2.041,-1.325,1100.000,205.000,1114.000,274.000,NaN,NaN,NaN,NaN,NaN,NaN,NaN
4605,1469,3852.000,14.454,1.536,-0.255,-0.002,NaN,NaN,852,0,0.000,-0.701,NaN,NaN,NaN,NaN,NaN,NaN,NaN,NaN,NaN,NaN,NaN
4606,1574,3852.000,33.257,-13.701,0.076,-0.056,0.801,NaN,852,0,3.866,-1.320,1153.000,191.000,1178.000,267.000,NaN,NaN,NaN,NaN,NaN,NaN,NaN
4607,1795,3852.000,31.918,-1.893,-0.004,-0.114,0.834,0.043,852,0,1.487,-1.776,674.000,186.000,718.000,270.000,31.870,-1.960,-1.110,0.560,0.480,1.870,1.830
4608,1924,3852.000,29.660,-10.638,0.065,-0.066,0.631,0.023,852,0,-0.165,-1.819,1086.000,199.000,1114.000,274.000,29.660,-10.670,-1.030,0.760,0.610,1.710,-0.810
4609,405,3853.000,298.573,69.658,0.618,0.538,NaN,NaN,853,0,-0.000,-0.000,NaN,NaN,NaN,NaN,NaN,NaN,NaN,NaN,NaN,NaN,NaN
4610,727,3853.000,338.479,-58.972,0.889,-0.154,NaN,NaN,853,0,-0.000,-0.000,NaN,NaN,NaN,NaN,NaN,NaN,NaN,NaN,NaN,NaN,NaN
4611,1166,3853.000,10.393,12.195,-0.117,0.323,NaN,NaN,853,0,-2.654,-1.327,NaN,NaN,NaN,NaN,NaN,NaN,NaN,NaN,NaN,NaN,NaN
4612,1459,3853.000,29.721,-10.939,0.063,-0.071,0.818,NaN,853,0,4.217,-1.325,1088.000,200.000,1119.000,275.000,NaN,NaN,NaN,NaN,NaN,NaN,NaN
4613,1469,3853.000,14.186,1.393,-0.261,-0.029,0.039,NaN,853,0,-2.972,-1.327,485.000,224.000,496.000,255.000,NaN,NaN,NaN,NaN,NaN,NaN,NaN
4614,1574,3853.000,33.326,-13.766,0.075,-0.061,0.822,NaN,853,0,4.217,-1.321,1155.000,190.000,1180.000,267.000,NaN,NaN,NaN,NaN,NaN,NaN,NaN
4615,1795,3853.000,31.914,-1.961,-0.003,-0.104,0.772,NaN,853,0,3.261,-1.228,684.000,193.000,718.000,269.000,NaN,NaN,NaN,NaN,NaN,NaN,NaN
4616,1924,3853.000,29.725,-10.703,0.065,-0.065,NaN,NaN,853,0,-2.652,-1.326,NaN,NaN,NaN,NaN,NaN,NaN,NaN,NaN,NaN,NaN,NaN
4617,405,3854.000,299.195,70.195,0.617,0.536,NaN,NaN,854,0,-0.000,-0.000,NaN,NaN,NaN,NaN,NaN,NaN,NaN,NaN,NaN,NaN,NaN
4618,727,3854.000,339.372,-59.126,0.889,-0.155,NaN,NaN,854,0,-0.000,-0.000,NaN,NaN,NaN,NaN,NaN,NaN,NaN,NaN,NaN,NaN,NaN
4619,1166,3854.000,10.277,12.517,-0.117,0.322,NaN,NaN,854,0,-3.576,-2.325,NaN,NaN,NaN,NaN,NaN,NaN,NaN,NaN,NaN,NaN,NaN
4620,1459,3854.000,29.798,-10.972,0.067,-0.057,0.841,NaN,854,0,4.443,-1.324,1088.000,201.000,1120.000,275.000,NaN,NaN,NaN,NaN,NaN,NaN,NaN
4621,1469,3854.000,13.925,1.364,-0.261,-0.029,NaN,NaN,854,0,-2.562,-1.271,NaN,NaN,NaN,NaN,NaN,NaN,NaN,NaN,NaN,NaN,NaN
4622,1574,3854.000,33.399,-13.831,0.074,-0.061,0.819,NaN,854,0,4.217,-1.322,1155.000,191.000,1182.000,267.000,NaN,NaN,NaN,NaN,NaN,NaN,NaN
4623,1795,3854.000,31.883,-2.041,-0.008,-0.098,0.717,0.409,854,0,0.210,-0.884,700.000,192.000,719.000,269.000,31.860,-2.010,-1.170,0.790,0.690,1.750,-1.603
4624,1924,3854.000,29.789,-10.769,0.064,-0.066,NaN,NaN,854,0,-2.652,-1.326,NaN,NaN,NaN,NaN,NaN,NaN,NaN,NaN,NaN,NaN,NaN
4625,405,3855.000,299.812,70.730,0.618,0.537,NaN,NaN,855,0,-0.000,-0.000,NaN,NaN,NaN,NaN,NaN,NaN,NaN,NaN,NaN,NaN,NaN
4626,727,3855.000,340.266,-59.282,0.891,-0.156,NaN,NaN,855,0,-0.000,-0.000,NaN,NaN,NaN,NaN,NaN,NaN,NaN,NaN,NaN,NaN,NaN
4627,1166,3855.000,10.161,12.839,-0.116,0.323,NaN,NaN,855,0,-2.654,-1.327,NaN,NaN,NaN,NaN,NaN,NaN,NaN,NaN,NaN,NaN,NaN
4628,1459,3855.000,29.863,-11.029,0.066,-0.057,NaN,NaN,855,0,-2.649,-1.324,NaN,NaN,NaN,NaN,NaN,NaN,NaN,NaN,NaN,NaN,NaN
4629,1469,3855.000,13.696,1.248,-0.254,-0.071,0.045,NaN,855,0,-2.805,-1.327,493.000,199.000,511.000,238.000,NaN,NaN,NaN,NaN,NaN,NaN,NaN
4630,1574,3855.000,33.471,-13.898,0.073,-0.060,0.745,NaN,855,0,2.746,-1.322,1158.000,194.000,1182.000,266.000,NaN,NaN,NaN,NaN,NaN,NaN,NaN
4631,1795,3855.000,31.879,-2.166,-0.009,-0.106,0.740,0.989,855,0,0.433,2.487,702.000,191.000,722.000,269.000,31.870,-2.200,-1.120,0.790,0.610,1.830,-1.658
4632,1924,3855.000,29.768,-10.840,0.044,-0.066,0.823,0.085,855,0,1.692,-1.500,1088.000,201.000,1120.000,274.000,29.700,-10.830,-1.190,0.700,0.640,1.860,-0.760
4633,405,3856.000,300.429,71.269,0.618,0.536,NaN,NaN,856,0,-0.000,-0.000,NaN,NaN,NaN,NaN,NaN,NaN,NaN,NaN,NaN,NaN,NaN
4634,727,3856.000,340.962,-59.401,0.892,-0.154,0.034,NaN,856,0,-0.000,-0.000,848.000,201.000,857.000,224.000,NaN,NaN,NaN,NaN,NaN,NaN,NaN
4635,1166,3856.000,10.045,13.161,-0.116,0.322,NaN,NaN,856,0,-2.249,-1.327,NaN,NaN,NaN,NaN,NaN,NaN,NaN,NaN,NaN,NaN,NaN
4636,1459,3856.000,29.928,-11.086,0.064,-0.057,NaN,NaN,856,0,-3.094,-1.324,NaN,NaN,NaN,NaN,NaN,NaN,NaN,NaN,NaN,NaN,NaN
4637,1574,3856.000,33.538,-13.968,0.072,-0.063,0.750,NaN,856,0,2.906,-1.323,1159.000,191.000,1185.000,265.000,NaN,NaN,NaN,NaN,NaN,NaN,NaN
4638,1795,3856.000,31.864,-2.291,-0.010,-0.108,0.788,NaN,856,0,3.665,-1.318,704.000,190.000,731.000,269.000,NaN,NaN,NaN,NaN,NaN,NaN,NaN
4639,1924,3856.000,29.808,-10.926,0.042,-0.069,0.705,NaN,856,0,2.128,-1.326,1091.000,200.000,1122.000,273.000,NaN,NaN,NaN,NaN,NaN,NaN,NaN
4640,405,3857.000,301.045,71.805,0.618,0.537,NaN,NaN,857,0,-0.000,-0.000,NaN,NaN,NaN,NaN,NaN,NaN,NaN,NaN,NaN,NaN,NaN
4641,727,3857.000,341.859,-59.555,0.891,-0.154,NaN,NaN,857,0,-0.000,-0.000,NaN,NaN,NaN,NaN,NaN,NaN,NaN,NaN,NaN,NaN,NaN
4642,1166,3857.000,9.928,13.483,-0.116,0.321,NaN,NaN,857,0,-3.013,-1.294,NaN,NaN,NaN,NaN,NaN,NaN,NaN,NaN,NaN,NaN,NaN
4643,1459,3857.000,29.811,-11.161,0.046,-0.068,0.059,NaN,857,0,-2.151,-1.324,1109.000,200.000,1124.000,272.000,NaN,NaN,NaN,NaN,NaN,NaN,NaN
4644,1574,3857.000,33.637,-14.035,0.078,-0.063,0.769,NaN,857,0,3.261,-1.316,1160.000,189.000,1186.000,266.000,NaN,NaN,NaN,NaN,NaN,NaN,NaN
4645,1795,3857.000,31.830,-2.372,-0.014,-0.100,0.874,0.284,857,0,2.983,-1.147,704.000,192.000,744.000,269.000,31.800,-2.300,-1.120,0.890,0.540,1.800,-1.676
4646,1924,3857.000,29.888,-10.993,0.052,-0.068,0.713,0.140,857,0,0.526,-1.326,1092.000,199.000,1124.000,273.000,29.950,-10.960,-1.100,0.810,0.560,1.640,0.285
4647,405,3858.000,301.664,72.341,0.618,0.536,NaN,NaN,858,0,-0.000,-0.000,NaN,NaN,NaN,NaN,NaN,NaN,NaN,NaN,NaN,NaN,NaN
4648,727,3858.000,342.760,-59.710,0.893,-0.155,NaN,NaN,858,0,-0.000,-0.000,NaN,NaN,NaN,NaN,NaN,NaN,NaN,NaN,NaN,NaN,NaN
4649,1166,3858.000,9.812,13.805,-0.116,0.322,NaN,NaN,858,0,-3.100,-1.327,NaN,NaN,NaN,NaN,NaN,NaN,NaN,NaN,NaN,NaN,NaN
4650,1459,3858.000,29.857,-11.228,0.046,-0.067,NaN,NaN,858,0,0.000,-1.525,NaN,NaN,NaN,NaN,NaN,NaN,NaN,NaN,NaN,NaN,NaN
4651,1574,3858.000,33.723,-14.104,0.080,-0.064,0.782,NaN,858,0,3.460,-1.302,1161.000,190.000,1187.000,266.000,NaN,NaN,NaN,NaN,NaN,NaN,NaN
4652,1795,3858.000,31.825,-2.478,-0.013,-0.101,0.849,0.869,858,0,2.128,1.492,704.000,192.000,748.000,269.000,31.830,-2.500,-1.120,0.870,0.440,1.730,1.885
4653,1924,3858.000,29.934,-11.052,0.052,-0.067,0.742,0.733,858,0,0.877,0.390,1093.000,199.000,1125.000,273.000,29.930,-11.030,-1.290,0.940,0.750,1.870,-1.134
4654,405,3859.000,310.483,91.251,0.654,0.935,0.112,NaN,859,0,-0.000,-0.000,218.000,202.000,235.000,219.000,NaN,NaN,NaN,NaN,NaN,NaN,NaN
4655,727,3859.000,343.663,-59.864,0.897,-0.154,NaN,NaN,859,0,-0.000,-0.000,NaN,NaN,NaN,NaN,NaN,NaN,NaN,NaN,NaN,NaN,NaN
4656,1166,3859.000,9.696,14.126,-0.116,0.321,NaN,NaN,859,0,-3.318,-1.327,NaN,NaN,NaN,NaN,NaN,NaN,NaN,NaN,NaN,NaN,NaN
4657,1459,3859.000,29.931,-11.272,0.052,-0.060,0.051,NaN,859,0,-2.293,-1.325,1108.000,202.000,1128.000,273.000,NaN,NaN,NaN,NaN,NaN,NaN,NaN
4658,1574,3859.000,33.821,-14.181,0.083,-0.067,0.736,NaN,859,0,2.746,-1.300,1163.000,191.000,1188.000,265.000,NaN,NaN,NaN,NaN,NaN,NaN,NaN
4659,1795,3859.000,31.811,-2.570,-0.014,-0.098,0.872,NaN,859,0,4.485,-1.322,706.000,193.000,750.000,269.000,NaN,NaN,NaN,NaN,NaN,NaN,NaN
4660,1924,3859.000,29.991,-11.110,0.054,-0.066,0.667,NaN,859,0,1.724,-1.324,1093.000,200.000,1128.000,273.000,NaN,NaN,NaN,NaN,NaN,NaN,NaN
4661,405,3860.000,311.198,92.184,0.653,0.937,NaN,NaN,860,0,-0.000,-0.000,NaN,NaN,NaN,NaN,NaN,NaN,NaN,NaN,NaN,NaN,NaN
4662,727,3860.000,343.957,-59.931,0.895,-0.154,0.037,NaN,860,0,-0.000,-0.000,848.000,201.000,857.000,225.000,NaN,NaN,NaN,NaN,NaN,NaN,NaN
4663,1166,3860.000,9.581,14.449,-0.115,0.324,NaN,NaN,860,0,-2.998,-1.327,NaN,NaN,NaN,NaN,NaN,NaN,NaN,NaN,NaN,NaN,NaN
4664,1459,3860.000,29.986,-11.332,0.055,-0.060,NaN,NaN,860,0,-2.650,-1.325,NaN,NaN,NaN,NaN,NaN,NaN,NaN,NaN,NaN,NaN,NaN
4665,1574,3860.000,33.921,-14.254,0.084,-0.067,0.698,NaN,860,0,2.128,-1.299,1165.000,193.000,1188.000,267.000,NaN,NaN,NaN,NaN,NaN,NaN,NaN
4666,1795,3860.000,31.824,-2.662,-0.008,-0.097,0.856,0.437,860,0,2.528,-0.828,714.000,192.000,750.000,269.000,31.860,-2.650,-1.210,0.810,0.450,1.710,-1.099
4667,1924,3860.000,30.121,-11.193,0.068,-0.067,0.808,0.112,860,0,1.493,-1.399,1095.000,198.000,1130.000,273.000,30.180,-11.180,-1.390,0.770,0.600,1.700,-0.792
4668,405,3861.000,309.038,91.500,0.632,0.902,0.062,NaN,861,0,-0.000,-0.000,222.000,190.000,251.000,218.000,NaN,NaN,NaN,NaN,NaN,NaN,NaN
4669,727,3861.000,344.071,-59.940,0.885,-0.152,0.045,NaN,861,0,-0.000,-0.000,848.000,201.000,857.000,228.000,NaN,NaN,NaN,NaN,NaN,NaN,NaN
4670,1166,3861.000,9.465,14.773,-0.116,0.323,NaN,NaN,861,0,-2.272,-1.327,NaN,NaN,NaN,NaN,NaN,NaN,NaN,NaN,NaN,NaN,NaN
4671,1459,3861.000,30.040,-11.391,0.054,-0.060,NaN,NaN,861,0,-3.174,-1.325,NaN,NaN,NaN,NaN,NaN,NaN,NaN,NaN,NaN,NaN,NaN
4672,1574,3861.000,33.987,-14.308,0.082,-0.064,0.774,NaN,861,0,3.261,-1.294,1165.000,191.000,1190.000,267.000,NaN,NaN,NaN,NaN,NaN,NaN,NaN
4673,1795,3861.000,31.818,-2.764,-0.004,-0.096,0.846,0.962,861,0,2.128,2.487,719.000,193.000,750.000,269.000,31.820,-2.790,-1.140,0.920,0.450,1.760,1.960
4674,1924,3861.000,30.187,-11.271,0.067,-0.070,0.690,NaN,861,0,1.982,-1.324,1098.000,200.000,1132.000,274.000,NaN,NaN,NaN,NaN,NaN,NaN,NaN
4675,405,3862.000,309.699,92.403,0.632,0.901,NaN,NaN,862,0,-0.000,-0.000,NaN,NaN,NaN,NaN,NaN,NaN,NaN,NaN,NaN,NaN,NaN
4676,727,3862.000,344.471,-60.006,0.880,-0.152,0.043,NaN,862,0,-0.000,-0.000,848.000,201.000,857.000,227.000,NaN,NaN,NaN,NaN,NaN,NaN,NaN
4677,1166,3862.000,9.349,15.097,-0.116,0.324,NaN,NaN,862,0,-3.178,-1.327,NaN,NaN,NaN,NaN,NaN,NaN,NaN,NaN,NaN,NaN,NaN
4678,1459,3862.000,30.392,-12.322,0.068,-0.234,0.028,NaN,862,0,-2.536,-1.325,1166.000,187.000,1203.000,264.000,NaN,NaN,NaN,NaN,NaN,NaN,NaN
4679,1574,3862.000,34.085,-14.362,0.086,-0.061,0.681,NaN,862,0,1.846,-1.292,1166.000,191.000,1189.000,264.000,NaN,NaN,NaN,NaN,NaN,NaN,NaN
4680,1795,3862.000,31.808,-2.889,-0.005,-0.104,0.764,NaN,862,0,3.077,-1.320,731.000,190.000,755.000,268.000,NaN,NaN,NaN,NaN,NaN,NaN,NaN
4681,1924,3862.000,30.253,-11.338,0.066,-0.072,0.671,NaN,862,0,1.724,-1.325,1100.000,202.000,1131.000,274.000,NaN,NaN,NaN,NaN,NaN,NaN,NaN
4682,405,3863.000,310.353,93.303,0.632,0.900,NaN,NaN,863,0,-0.000,-0.000,NaN,NaN,NaN,NaN,NaN,NaN,NaN,NaN,NaN,NaN,NaN
4683,727,3863.000,345.016,-60.101,0.879,-0.152,0.045,NaN,863,0,-0.000,-0.000,848.000,200.000,857.000,224.000,NaN,NaN,NaN,NaN,NaN,NaN,NaN
4684,1166,3863.000,9.233,15.421,-0.116,0.325,NaN,NaN,863,0,-2.640,-1.327,NaN,NaN,NaN,NaN,NaN,NaN,NaN,NaN,NaN,NaN,NaN
4685,1459,3863.000,29.643,-12.413,0.005,-0.230,0.026,NaN,863,0,-2.531,-1.323,1169.000,188.000,1203.000,264.000,NaN,NaN,NaN,NaN,NaN,NaN,NaN
4686,1574,3863.000,34.202,-14.437,0.091,-0.062,0.609,NaN,863,0,1.112,-1.291,1169.000,190.000,1190.000,264.000,NaN,NaN,NaN,NaN,NaN,NaN,NaN
4687,1795,3863.000,31.796,-2.983,-0.004,-0.102,NaN,0.039,863,0,-3.941,-1.903,721.000,190.000,771.000,268.000,31.780,-2.960,-1.090,1.780,0.480,1.770,0.312
4688,1924,3863.000,30.322,-11.417,0.066,-0.072,0.767,NaN,863,0,3.261,-1.325,1104.000,200.000,1134.000,273.000,NaN,NaN,NaN,NaN,NaN,NaN,NaN
4689,405,3864.000,311.005,94.204,0.631,0.900,NaN,NaN,864,0,-0.000,-0.000,NaN,NaN,NaN,NaN,NaN,NaN,NaN,NaN,NaN,NaN,NaN
4690,727,3864.000,345.615,-60.208,0.876,-0.152,0.038,NaN,864,0,-0.000,-0.000,848.000,201.000,857.000,227.000,NaN,NaN,NaN,NaN,NaN,NaN,NaN
4691,1166,3864.000,9.116,15.745,-0.117,0.323,NaN,NaN,864,0,-2.805,-1.327,NaN,NaN,NaN,NaN,NaN,NaN,NaN,NaN,NaN,NaN,NaN
4692,1459,3864.000,29.587,-12.633,0.000,-0.229,0.075,NaN,864,0,-2.041,-1.325,1170.000,190.000,1203.000,264.000,NaN,NaN,NaN,NaN,NaN,NaN,NaN
4693,1574,3864.000,34.311,-14.506,0.094,-0.062,0.541,NaN,864,0,0.556,-1.284,1170.000,194.000,1190.000,264.000,NaN,NaN,NaN,NaN,NaN,NaN,NaN
4694,1795,3864.000,31.827,-3.081,0.003,-0.101,0.786,0.069,864,0,0.817,-1.701,739.000,189.000,766.000,268.000,31.850,-3.070,-1.090,0.690,0.470,1.780,-1.309
4695,1924,3864.000,30.291,-11.434,0.050,-0.061,0.792,0.020,864,0,1.237,-1.817,1105.000,199.000,1135.000,273.000,30.270,-11.400,-1.300,0.790,0.570,1.760,0.700
4696,405,3865.000,317.391,97.820,0.673,0.984,0.114,NaN,865,0,-0.000,-0.000,180.000,192.000,202.000,220.000,NaN,NaN,NaN,NaN,NaN,NaN,NaN
4697,727,3865.000,346.211,-60.317,0.871,-0.154,0.043,NaN,865,0,-0.000,-0.000,848.000,201.000,857.000,227.000,NaN,NaN,NaN,NaN,NaN,NaN,NaN
4698,1166,3865.000,8.998,16.067,-0.117,0.323,NaN,NaN,865,0,-2.998,-1.327,NaN,NaN,NaN,NaN,NaN,NaN,NaN,NaN,NaN,NaN,NaN
4699,1459,3865.000,29.610,-12.823,0.007,-0.211,0.118,NaN,865,0,-1.714,-1.326,1172.000,193.000,1203.000,263.000,NaN,NaN,NaN,NaN,NaN,NaN,NaN
4700,1574,3865.000,34.432,-14.577,0.097,-0.063,0.381,NaN,865,0,-0.464,-1.274,1172.000,195.000,1189.000,262.000,NaN,NaN,NaN,NaN,NaN,NaN,NaN
4701,1795,3865.000,31.825,-3.214,0.003,-0.108,0.781,NaN,865,0,3.460,-1.242,739.000,190.000,777.000,268.000,NaN,NaN,NaN,NaN,NaN,NaN,NaN
4702,1924,3865.000,30.344,-11.501,0.051,-0.061,0.795,NaN,865,0,3.866,-1.325,1109.000,200.000,1136.000,273.000,NaN,NaN,NaN,NaN,NaN,NaN,NaN
4703,405,3866.000,318.066,98.903,0.668,0.999,0.040,NaN,866,0,-0.000,-0.000,188.000,190.000,209.000,221.000,NaN,NaN,NaN,NaN,NaN,NaN,NaN
4704,727,3866.000,347.084,-60.474,0.869,-0.156,NaN,NaN,866,0,-0.000,-0.000,NaN,NaN,NaN,NaN,NaN,NaN,NaN,NaN,NaN,NaN,NaN
4705,1166,3866.000,8.880,16.390,-0.118,0.322,NaN,NaN,866,0,-3.178,-1.327,NaN,NaN,NaN,NaN,NaN,NaN,NaN,NaN,NaN,NaN,NaN
4706,1459,3866.000,29.700,-12.962,0.021,-0.183,0.042,NaN,866,0,-2.435,-1.327,1173.000,193.000,1203.000,264.000,NaN,NaN,NaN,NaN,NaN,NaN,NaN
4707,1574,3866.000,34.571,-14.644,0.102,-0.061,0.080,NaN,866,0,-1.868,-1.266,1173.000,196.000,1188.000,263.000,NaN,NaN,NaN,NaN,NaN,NaN,NaN
4708,1795,3866.000,31.842,-3.331,0.003,-0.109,0.815,0.043,866,0,1.054,-1.658,740.000,191.000,783.000,268.000,31.850,-3.350,-1.000,0.770,0.860,1.830,-1.161
4709,1924,3866.000,30.408,-11.528,0.058,-0.053,0.751,0.530,866,0,0.957,-0.370,1111.000,202.000,1138.000,273.000,30.470,-11.440,-1.040,0.840,0.620,1.770,-0.482
4710,405,3867.000,318.674,100.049,0.656,1.021,0.027,NaN,867,0,-0.000,-0.000,182.000,196.000,202.000,221.000,NaN,NaN,NaN,NaN,NaN,NaN,NaN
4711,727,3867.000,348.551,-60.729,0.865,-0.157,0.028,NaN,867,0,-0.000,-0.000,848.000,201.000,857.000,227.000,NaN,NaN,NaN,NaN,NaN,NaN,NaN
4712,1166,3867.000,8.763,16.713,-0.117,0.323,NaN,NaN,867,0,-3.100,-1.327,NaN,NaN,NaN,NaN,NaN,NaN,NaN,NaN,NaN,NaN,NaN
4713,1459,3867.000,29.960,-13.104,0.041,-0.159,0.037,NaN,867,0,-2.435,-1.327,1175.000,197.000,1204.000,263.000,NaN,NaN,NaN,NaN,NaN,NaN,NaN
4714,1574,3867.000,34.657,-14.680,0.102,-0.053,0.061,NaN,867,0,-2.051,-1.262,1175.000,199.000,1186.000,262.000,NaN,NaN,NaN,NaN,NaN,NaN,NaN
4715,1795,3867.000,31.847,-3.429,0.004,-0.108,0.838,NaN,867,0,4.443,-1.190,742.000,192.000,784.000,268.000,NaN,NaN,NaN,NaN,NaN,NaN,NaN
4716,1924,3867.000,30.484,-11.588,0.062,-0.055,0.745,0.542,867,0,0.735,-0.453,1112.000,204.000,1138.000,273.000,30.530,-11.600,-1.230,0.850,0.580,1.760,-0.779
4717,405,3868.000,319.283,101.212,0.652,1.044,0.031,NaN,868,0,-0.000,-0.000,171.000,191.000,192.000,222.000,NaN,NaN,NaN,NaN,NaN,NaN,NaN
4718,727,3868.000,349.305,-60.868,0.861,-0.157,0.034,NaN,868,0,-0.000,-0.000,848.000,201.000,857.000,227.000,NaN,NaN,NaN,NaN,NaN,NaN,NaN
4719,1166,3868.000,8.646,17.036,-0.117,0.323,NaN,NaN,868,0,-2.972,-1.327,NaN,NaN,NaN,NaN,NaN,NaN,NaN,NaN,NaN,NaN,NaN
4720,1459,3868.000,30.002,-13.263,0.042,-0.159,NaN,NaN,868,0,-2.972,-1.327,NaN,NaN,NaN,NaN,NaN,NaN,NaN,NaN,NaN,NaN,NaN
4721,1574,3868.000,34.765,-14.780,0.098,-0.069,0.466,NaN,868,0,0.057,-1.262,1175.000,201.000,1204.000,263.000,NaN,NaN,NaN,NaN,NaN,NaN,NaN
4722,1795,3868.000,31.851,-3.523,0.001,-0.105,0.812,NaN,868,0,4.053,-1.251,749.000,191.000,785.000,268.000,NaN,NaN,NaN,NaN,NaN,NaN,NaN
4723,1924,3868.000,30.520,-11.675,0.059,-0.063,0.812,NaN,868,0,4.053,-1.325,1114.000,199.000,1140.000,273.000,NaN,NaN,NaN,NaN,NaN,NaN,NaN
4724,405,3869.000,319.950,102.258,0.652,1.046,NaN,NaN,869,0,-0.000,-0.000,NaN,NaN,NaN,NaN,NaN,NaN,NaN,NaN,NaN,NaN,NaN
4725,727,3869.000,350.085,-61.008,0.859,-0.155,0.032,NaN,869,0,-0.000,-0.000,848.000,201.000,857.000,227.000,NaN,NaN,NaN,NaN,NaN,NaN,NaN
4726,1166,3869.000,8.528,17.359,-0.117,0.324,NaN,NaN,869,0,-1.168,-1.327,NaN,NaN,NaN,NaN,NaN,NaN,NaN,NaN,NaN,NaN,NaN
4727,1459,3869.000,30.043,-13.422,0.041,-0.159,NaN,NaN,869,0,-1.814,-1.327,NaN,NaN,NaN,NaN,NaN,NaN,NaN,NaN,NaN,NaN,NaN
4728,1574,3869.000,34.837,-14.897,0.090,-0.085,0.047,NaN,869,0,-2.357,-1.227,1178.000,210.000,1205.000,264.000,NaN,NaN,NaN,NaN,NaN,NaN,NaN
4729,1795,3869.000,31.776,-3.615,-0.014,-0.102,0.674,0.194,869,0,-0.338,-1.331,760.000,189.000,787.000,267.000,31.730,-3.610,-0.950,0.740,0.570,1.720,-0.278
4730,1924,3869.000,30.559,-11.731,0.058,-0.063,0.812,0.909,869,0,1.273,6.654,1115.000,200.000,1142.000,273.000,30.560,-11.710,-1.220,1.040,0.480,1.830,2.625
4731,405,3870.000,320.613,103.304,0.650,1.046,NaN,NaN,870,0,-0.000,-0.000,NaN,NaN,NaN,NaN,NaN,NaN,NaN,NaN,NaN,NaN,NaN
4732,727,3870.000,350.914,-61.156,0.857,-0.155,0.031,NaN,870,0,-0.000,-0.000,848.000,200.000,857.000,227.000,NaN,NaN,NaN,NaN,NaN,NaN,NaN
4733,1166,3870.000,8.412,17.683,-0.117,0.324,NaN,NaN,870,0,-1.937,-1.327,NaN,NaN,NaN,NaN,NaN,NaN,NaN,NaN,NaN,NaN,NaN
4734,1459,3870.000,30.085,-13.581,0.042,-0.159,NaN,NaN,870,0,-1.275,-1.327,NaN,NaN,NaN,NaN,NaN,NaN,NaN,NaN,NaN,NaN,NaN
4735,1574,3870.000,34.926,-14.983,0.089,-0.086,NaN,NaN,870,0,-2.570,-1.147,NaN,NaN,NaN,NaN,NaN,NaN,NaN,NaN,NaN,NaN,NaN
4736,1795,3870.000,31.821,-3.737,-0.003,-0.107,0.604,0.012,870,0,-0.731,-1.953,766.000,189.000,790.000,267.000,31.880,-3.770,-1.080,0.760,0.660,1.750,-1.067
4737,1924,3870.000,30.650,-11.767,0.067,-0.055,0.805,0.275,870,0,1.127,-1.042,1115.000,201.000,1142.000,273.000,30.690,-11.710,-1.160,0.780,0.470,1.700,-0.686
4738,405,3871.000,321.270,104.352,0.649,1.048,NaN,NaN,871,0,-0.000,-0.000,NaN,NaN,NaN,NaN,NaN,NaN,NaN,NaN,NaN,NaN,NaN
4739,727,3871.000,351.732,-61.302,0.855,-0.155,0.045,NaN,871,0,-0.000,-0.000,848.000,200.000,857.000,224.000,NaN,NaN,NaN,NaN,NaN,NaN,NaN
4740,1166,3871.000,8.294,18.009,-0.117,0.325,NaN,NaN,871,0,-1.642,-1.327,NaN,NaN,NaN,NaN,NaN,NaN,NaN,NaN,NaN,NaN,NaN
4741,1459,3871.000,30.127,-13.740,0.041,-0.158,NaN,NaN,871,0,-2.639,-1.327,NaN,NaN,NaN,NaN,NaN,NaN,NaN,NaN,NaN,NaN,NaN
4742,1574,3871.000,35.015,-15.069,0.089,-0.086,NaN,NaN,871,0,-2.214,-1.047,NaN,NaN,NaN,NaN,NaN,NaN,NaN,NaN,NaN,NaN,NaN
4743,1795,3871.000,31.818,-3.866,-0.001,-0.114,0.734,NaN,871,0,2.590,-1.309,772.000,189.000,795.000,267.000,NaN,NaN,NaN,NaN,NaN,NaN,NaN
4744,1924,3871.000,30.712,-11.828,0.066,-0.055,0.833,NaN,871,0,4.351,-1.326,1117.000,201.000,1144.000,272.000,NaN,NaN,NaN,NaN,NaN,NaN,NaN
4745,405,3872.000,321.927,105.401,0.650,1.049,NaN,NaN,872,0,-0.000,-0.000,NaN,NaN,NaN,NaN,NaN,NaN,NaN,NaN,NaN,NaN,NaN
4746,727,3872.000,352.559,-61.447,0.855,-0.154,0.035,NaN,872,0,-0.000,-0.000,848.000,200.000,857.000,224.000,NaN,NaN,NaN,NaN,NaN,NaN,NaN
4747,1166,3872.000,8.176,18.334,-0.118,0.325,NaN,NaN,872,0,-2.640,-1.327,NaN,NaN,NaN,NaN,NaN,NaN,NaN,NaN,NaN,NaN,NaN
4748,1459,3872.000,30.168,-13.898,0.042,-0.158,NaN,NaN,872,0,-0.957,-1.325,NaN,NaN,NaN,NaN,NaN,NaN,NaN,NaN,NaN,NaN,NaN
4749,1574,3872.000,35.105,-15.156,0.090,-0.086,NaN,NaN,872,0,-1.578,-0.902,NaN,NaN,NaN,NaN,NaN,NaN,NaN,NaN,NaN,NaN,NaN
4750,1795,3872.000,31.756,-3.947,-0.013,-0.107,0.775,0.924,872,0,0.741,2.487,773.000,192.000,803.000,267.000,31.720,-3.830,-1.140,0.660,0.710,1.830,2.696
4751,1924,3872.000,30.794,-11.870,0.069,-0.052,0.787,0.300,872,0,1.023,-1.008,1118.000,199.000,1145.000,272.000,30.820,-11.840,-1.310,0.870,0.520,1.750,1.915
4752,405,3873.000,322.579,106.451,0.649,1.050,NaN,NaN,873,0,-0.000,-0.000,NaN,NaN,NaN,NaN,NaN,NaN,NaN,NaN,NaN,NaN,NaN
4753,727,3873.000,353.455,-61.603,0.852,-0.153,0.045,NaN,873,0,-0.000,-0.000,848.000,200.000,857.000,224.000,NaN,NaN,NaN,NaN,NaN,NaN,NaN
4754,1166,3873.000,8.059,18.659,-0.117,0.324,NaN,NaN,873,0,-2.701,-1.327,NaN,NaN,NaN,NaN,NaN,NaN,NaN,NaN,NaN,NaN,NaN
4755,1459,3873.000,30.210,-14.056,0.042,-0.158,NaN,NaN,873,0,-2.631,-1.322,NaN,NaN,NaN,NaN,NaN,NaN,NaN,NaN,NaN,NaN,NaN
4756,1574,3873.000,35.364,-15.384,0.097,-0.103,0.116,NaN,873,0,-1.048,-0.725,1187.000,210.000,1205.000,264.000,NaN,NaN,NaN,NaN,NaN,NaN,NaN
4757,1795,3873.000,31.731,-4.035,-0.016,-0.104,0.725,0.844,873,0,0.210,0.891,773.000,192.000,805.000,267.000,31.730,-3.970,-1.100,0.850,0.520,1.720,-1.853
4758,1924,3873.000,30.919,-11.903,0.078,-0.047,0.732,0.025,873,0,0.553,-1.901,1118.000,199.000,1146.000,272.000,31.010,-11.860,-1.190,0.760,0.550,1.700,-0.673
4759,405,3874.000,323.238,107.499,0.651,1.049,NaN,NaN,874,0,-0.000,-0.000,NaN,NaN,NaN,NaN,NaN,NaN,NaN,NaN,NaN,NaN,NaN
4760,727,3874.000,354.499,-61.785,0.851,-0.154,0.044,NaN,874,0,-0.000,-0.000,848.000,200.000,857.000,223.000,NaN,NaN,NaN,NaN,NaN,NaN,NaN
4761,1166,3874.000,7.944,18.983,-0.116,0.325,NaN,NaN,874,0,-1.860,-1.327,NaN,NaN,NaN,NaN,NaN,NaN,NaN,NaN,NaN,NaN,NaN
4762,1459,3874.000,30.253,-14.212,0.043,-0.157,NaN,NaN,874,0,-2.800,-1.317,NaN,NaN,NaN,NaN,NaN,NaN,NaN,NaN,NaN,NaN,NaN
4763,1574,3874.000,35.513,-15.485,0.101,-0.100,0.038,NaN,874,0,-0.350,-0.191,1184.000,195.000,1208.000,264.000,NaN,NaN,NaN,NaN,NaN,NaN,NaN
4764,1795,3874.000,31.713,-4.152,-0.017,-0.107,0.803,NaN,874,0,3.866,-1.314,773.000,193.000,819.000,269.000,NaN,NaN,NaN,NaN,NaN,NaN,NaN
4765,1924,3874.000,30.969,-12.000,0.070,-0.058,0.388,NaN,874,0,-0.432,-1.326,1124.000,206.000,1146.000,272.000,NaN,NaN,NaN,NaN,NaN,NaN,NaN
4766,405,3875.000,323.895,108.549,0.650,1.048,NaN,NaN,875,0,-0.000,-0.000,NaN,NaN,NaN,NaN,NaN,NaN,NaN,NaN,NaN,NaN,NaN
4767,727,3875.000,356.839,-62.190,0.860,-0.154,0.069,NaN,875,0,-0.000,-0.000,848.000,200.000,857.000,224.000,NaN,NaN,NaN,NaN,NaN,NaN,NaN
4768,1166,3875.000,7.830,19.308,-0.114,0.324,NaN,NaN,875,0,-1.976,-1.327,NaN,NaN,NaN,NaN,NaN,NaN,NaN,NaN,NaN,NaN,NaN
4769,1459,3875.000,30.296,-14.370,0.043,-0.157,NaN,NaN,875,0,-1.857,-1.305,NaN,NaN,NaN,NaN,NaN,NaN,NaN,NaN,NaN,NaN,NaN
4770,1574,3875.000,35.667,-15.568,0.108,-0.094,0.305,NaN,875,0,-0.026,-0.034,1189.000,211.000,1205.000,264.000,NaN,NaN,NaN,NaN,NaN,NaN,NaN
4771,1795,3875.000,31.706,-4.228,-0.016,-0.100,0.779,0.717,875,0,0.741,0.105,774.000,194.000,819.000,269.000,31.730,-4.130,-1.190,0.760,0.620,1.700,-0.915
4772,1924,3875.000,31.035,-12.049,0.069,-0.056,0.696,NaN,875,0,2.128,-1.326,1119.000,200.000,1149.000,271.000,NaN,NaN,NaN,NaN,NaN,NaN,NaN
4773,405,3876.000,324.547,109.597,0.649,1.047,NaN,NaN,876,0,-0.000,-0.000,NaN,NaN,NaN,NaN,NaN,NaN,NaN,NaN,NaN,NaN,NaN
4774,727,3876.000,358.090,-62.414,0.861,-0.155,0.070,NaN,876,0,-0.000,-0.000,848.000,200.000,857.000,224.000,NaN,NaN,NaN,NaN,NaN,NaN,NaN
4775,1166,3876.000,7.715,19.632,-0.114,0.325,NaN,NaN,876,0,-1.109,-2.091,NaN,NaN,NaN,NaN,NaN,NaN,NaN,NaN,NaN,NaN,NaN
4776,1459,3876.000,30.340,-14.527,0.044,-0.158,NaN,NaN,876,0,-2.587,-1.300,NaN,NaN,NaN,NaN,NaN,NaN,NaN,NaN,NaN,NaN,NaN
4777,1574,3876.000,35.854,-15.657,0.124,-0.088,0.272,NaN,876,0,-0.030,-0.036,1186.000,210.000,1206.000,264.000,NaN,NaN,NaN,NaN,NaN,NaN,NaN
4778,1795,3876.000,31.703,-4.302,-0.015,-0.092,0.528,0.927,876,0,-1.211,2.487,782.000,193.000,819.000,269.000,31.700,-4.250,-1.150,0.960,0.400,1.740,1.850
4779,1924,3876.000,31.159,-12.101,0.079,-0.054,0.747,0.100,876,0,0.735,-1.534,1118.000,200.000,1149.000,271.000,31.240,-12.030,-1.070,0.710,0.680,1.830,-0.467
4780,405,3877.000,325.199,110.643,0.649,1.045,NaN,NaN,877,0,-0.000,-0.000,NaN,NaN,NaN,NaN,NaN,NaN,NaN,NaN,NaN,NaN,NaN
4781,727,3877.000,359.324,-62.635,0.861,-0.155,0.083,NaN,877,0,-0.000,-0.000,848.000,200.000,857.000,223.000,NaN,NaN,NaN,NaN,NaN,NaN,NaN
4782,1166,3877.000,7.601,19.956,-0.114,0.324,NaN,NaN,877,0,-2.805,-1.327,NaN,NaN,NaN,NaN,NaN,NaN,NaN,NaN,NaN,NaN,NaN
4783,1459,3877.000,30.383,-14.685,0.043,-0.158,NaN,NaN,877,0,-2.357,-1.301,NaN,NaN,NaN,NaN,NaN,NaN,NaN,NaN,NaN,NaN,NaN
4784,1574,3877.000,35.978,-15.746,0.123,-0.088,NaN,NaN,877,0,-0.087,-0.035,NaN,NaN,NaN,NaN,NaN,NaN,NaN,NaN,NaN,NaN,NaN
4785,1795,3877.000,31.688,-4.399,-0.017,-0.092,0.756,NaN,877,0,3.077,-1.318,791.000,191.000,820.000,269.000,NaN,NaN,NaN,NaN,NaN,NaN,NaN
4786,1924,3877.000,31.239,-12.137,0.080,-0.049,0.748,NaN,877,0,2.906,-1.326,1118.000,200.000,1150.000,272.000,NaN,NaN,NaN,NaN,NaN,NaN,NaN
4787,405,3878.000,325.855,111.687,0.650,1.045,NaN,NaN,878,0,-0.000,-0.000,NaN,NaN,NaN,NaN,NaN,NaN,NaN,NaN,NaN,NaN,NaN
4788,727,3878.000,360.508,-62.843,0.862,-0.154,0.090,NaN,878,0,-0.000,-0.000,848.000,200.000,857.000,223.000,NaN,NaN,NaN,NaN,NaN,NaN,NaN
4789,1166,3878.000,7.486,20.281,-0.115,0.325,NaN,NaN,878,0,-2.104,-1.327,NaN,NaN,NaN,NaN,NaN,NaN,NaN,NaN,NaN,NaN,NaN
4790,1459,3878.000,30.425,-14.843,0.042,-0.158,NaN,NaN,878,0,-1.046,-1.305,NaN,NaN,NaN,NaN,NaN,NaN,NaN,NaN,NaN,NaN,NaN
4791,1574,3878.000,36.230,-15.806,0.140,-0.070,0.034,NaN,878,0,-0.078,-0.037,1186.000,213.000,1204.000,264.000,NaN,NaN,NaN,NaN,NaN,NaN,NaN
4792,1795,3878.000,31.708,-4.464,-0.013,-0.086,0.651,0.496,878,0,-0.471,-0.662,794.000,187.000,821.000,270.000,31.760,-4.410,-1.130,0.880,0.500,1.740,-2.307
4793,1924,3878.000,31.290,-12.152,0.079,-0.041,0.740,0.062,878,0,0.652,-1.712,1117.000,200.000,1150.000,272.000,31.290,-12.070,-1.100,0.830,0.620,1.740,-0.351
4794,405,3879.000,326.513,112.730,0.651,1.043,NaN,NaN,879,0,-0.000,-0.000,NaN,NaN,NaN,NaN,NaN,NaN,NaN,NaN,NaN,NaN,NaN
4795,727,3879.000,361.630,-63.038,0.864,-0.153,0.062,NaN,879,0,-0.000,-0.000,848.000,201.000,857.000,225.000,NaN,NaN,NaN,NaN,NaN,NaN,NaN
4796,1166,3879.000,7.371,20.604,-0.115,0.324,NaN,NaN,879,0,-4.272,-2.987,NaN,NaN,NaN,NaN,NaN,NaN,NaN,NaN,NaN,NaN,NaN
4797,1459,3879.000,30.467,-15.001,0.042,-0.158,NaN,NaN,879,0,-2.610,-1.312,NaN,NaN,NaN,NaN,NaN,NaN,NaN,NaN,NaN,NaN,NaN
4798,1574,3879.000,36.371,-15.877,0.141,-0.072,NaN,NaN,879,0,-0.021,-0.037,NaN,NaN,NaN,NaN,NaN,NaN,NaN,NaN,NaN,NaN,NaN
4799,1795,3879.000,31.710,-4.521,-0.012,-0.079,0.745,0.402,879,0,0.433,-0.931,806.000,190.000,827.000,270.000,31.750,-4.490,-1.050,0.710,0.580,1.720,-0.119
4800,1924,3879.000,31.377,-12.173,0.083,-0.035,0.777,NaN,879,0,3.460,-1.326,1118.000,199.000,1149.000,271.000,NaN,NaN,NaN,NaN,NaN,NaN,NaN
4801,1999,3879.000,52.490,14.590,0.000,0.000,0.292,0.017,879,0,-4.246,-2.969,246.000,205.000,265.000,248.000,52.490,14.590,-1.420,0.650,0.690,1.760,-0.320
4802,405,3880.000,327.171,113.771,0.650,1.041,NaN,NaN,880,0,-0.000,-0.000,NaN,NaN,NaN,NaN,NaN,NaN,NaN,NaN,NaN,NaN,NaN
4803,727,3880.000,362.662,-63.218,0.865,-0.154,0.064,NaN,880,0,-0.000,-0.000,848.000,201.000,857.000,224.000,NaN,NaN,NaN,NaN,NaN,NaN,NaN
4804,1166,3880.000,7.256,20.928,-0.115,0.324,NaN,NaN,880,0,-2.249,-1.327,NaN,NaN,NaN,NaN,NaN,NaN,NaN,NaN,NaN,NaN,NaN
4805,1459,3880.000,30.511,-15.159,0.044,-0.158,NaN,NaN,880,0,-1.793,-1.312,NaN,NaN,NaN,NaN,NaN,NaN,NaN,NaN,NaN,NaN,NaN
4806,1574,3880.000,36.260,-16.043,0.110,-0.116,0.071,NaN,880,0,-0.057,-0.037,1201.000,189.000,1217.000,268.000,NaN,NaN,NaN,NaN,NaN,NaN,NaN
4807,1795,3880.000,31.688,-4.681,-0.013,-0.098,0.799,NaN,880,0,3.866,-1.319,807.000,191.000,837.000,270.000,NaN,NaN,NaN,NaN,NaN,NaN,NaN
4808,1924,3880.000,31.461,-12.221,0.082,-0.038,0.785,NaN,880,0,3.665,-1.326,1120.000,199.000,1151.000,270.000,NaN,NaN,NaN,NaN,NaN,NaN,NaN
4809,1999,3880.000,52.529,14.415,0.002,-0.029,0.423,NaN,880,0,-0.463,-1.319,246.000,204.000,266.000,249.000,NaN,NaN,NaN,NaN,NaN,NaN,NaN
4810,405,3881.000,327.823,114.812,0.650,1.042,NaN,NaN,881,0,-0.000,-0.000,NaN,NaN,NaN,NaN,NaN,NaN,NaN,NaN,NaN,NaN,NaN
4811,727,3881.000,363.590,-63.378,0.867,-0.153,0.076,NaN,881,0,-0.000,-0.000,848.000,201.000,857.000,226.000,NaN,NaN,NaN,NaN,NaN,NaN,NaN
4812,1166,3881.000,7.141,21.253,-0.115,0.324,NaN,NaN,881,0,-0.083,-1.327,NaN,NaN,NaN,NaN,NaN,NaN,NaN,NaN,NaN,NaN,NaN
4813,1459,3881.000,30.553,-15.317,0.041,-0.157,NaN,NaN,881,0,-4.974,-2.446,NaN,NaN,NaN,NaN,NaN,NaN,NaN,NaN,NaN,NaN,NaN
4814,1574,3881.000,36.310,-16.167,0.104,-0.124,0.353,NaN,881,0,-0.000,-0.000,1201.000,189.000,1221.000,249.000,NaN,NaN,NaN,NaN,NaN,NaN,NaN
4815,1795,3881.000,31.691,-4.743,-0.012,-0.092,0.828,0.918,881,0,1.487,2.487,806.000,191.000,847.000,269.000,31.720,-4.650,-1.120,0.890,0.510,1.850,1.698
4816,1924,3881.000,31.496,-12.235,0.076,-0.034,0.757,0.230,881,0,0.808,-1.173,1120.000,199.000,1148.000,270.000,31.480,-12.220,-1.170,0.790,0.700,1.660,1.029
4817,1999,3881.000,52.538,14.354,-0.002,-0.034,0.649,NaN,881,0,1.281,-1.323,247.000,205.000,267.000,249.000,NaN,NaN,NaN,NaN,NaN,NaN,NaN
4818,405,3882.000,328.478,115.853,0.651,1.041,NaN,NaN,882,0,0.499,-0.000,NaN,NaN,NaN,NaN,NaN,NaN,NaN,NaN,NaN,NaN,NaN
4819,727,3882.000,364.436,-63.523,0.866,-0.152,0.086,NaN,882,0,-0.000,-0.000,848.000,201.000,857.000,225.000,NaN,NaN,NaN,NaN,NaN,NaN,NaN
4820,1166,3882.000,7.024,21.578,-0.116,0.325,NaN,NaN,882,0,0.186,-1.327,NaN,NaN,NaN,NaN,NaN,NaN,NaN,NaN,NaN,NaN,NaN
4821,1459,3882.000,30.593,-15.475,0.040,-0.158,NaN,NaN,882,0,-2.206,-1.288,NaN,NaN,NaN,NaN,NaN,NaN,NaN,NaN,NaN,NaN,NaN
4822,1574,3882.000,36.406,-16.285,0.104,-0.124,0.105,NaN,882,0,-0.237,-0.172,1201.000,188.000,1223.000,251.000,NaN,NaN,NaN,NaN,NaN,NaN,NaN
4823,1795,3882.000,31.677,-4.841,-0.015,-0.095,0.842,0.908,882,0,1.781,2.487,807.000,191.000,847.000,269.000,31.620,-4.840,-1.120,0.890,0.480,1.720,-2.168
4824,1924,3882.000,31.609,-12.284,0.083,-0.037,0.777,0.740,882,0,0.741,0.217,1122.000,199.000,1149.000,270.000,31.670,-12.290,-1.270,0.760,0.660,1.830,0.739
4825,1999,3882.000,52.518,14.327,-0.006,-0.026,0.666,NaN,882,0,1.488,-1.323,247.000,204.000,267.000,250.000,NaN,NaN,NaN,NaN,NaN,NaN,NaN
4826,405,3883.000,329.134,116.894,0.650,1.041,NaN,NaN,883,0,-0.000,-0.000,NaN,NaN,NaN,NaN,NaN,NaN,NaN,NaN,NaN,NaN,NaN
4827,727,3883.000,365.340,-63.693,0.854,-0.153,0.055,NaN,883,0,-0.000,-0.000,848.000,201.000,857.000,224.000,NaN,NaN,NaN,NaN,NaN,NaN,NaN
4828,1166,3883.000,6.907,21.902,-0.117,0.324,NaN,NaN,883,0,1.488,-1.327,NaN,NaN,NaN,NaN,NaN,NaN,NaN,NaN,NaN,NaN,NaN
4829,1459,3883.000,30.632,-15.632,0.040,-0.158,NaN,NaN,883,0,-2.207,-1.327,NaN,NaN,NaN,NaN,NaN,NaN,NaN,NaN,NaN,NaN,NaN
4830,1574,3883.000,36.510,-16.398,0.105,-0.121,0.338,NaN,883,0,-0.224,-0.429,1202.000,188.000,1226.000,261.000,NaN,NaN,NaN,NaN,NaN,NaN,NaN
4831,1795,3883.000,31.659,-4.952,-0.017,-0.100,0.839,NaN,883,0,4.443,-1.320,811.000,190.000,848.000,269.000,NaN,NaN,NaN,NaN,NaN,NaN,NaN
4832,1924,3883.000,31.681,-12.339,0.081,-0.041,0.771,NaN,883,0,3.261,-1.326,1123.000,199.000,1151.000,270.000,NaN,NaN,NaN,NaN,NaN,NaN,NaN
4833,1999,3883.000,52.490,14.311,-0.011,-0.021,0.625,NaN,883,0,0.986,-1.323,246.000,203.000,268.000,251.000,NaN,NaN,NaN,NaN,NaN,NaN,NaN
4834,405,3884.000,329.787,117.935,0.649,1.040,NaN,NaN,884,0,-0.000,-0.000,NaN,NaN,NaN,NaN,NaN,NaN,NaN,NaN,NaN,NaN,NaN
4835,727,3884.000,366.208,-63.846,0.854,-0.154,NaN,NaN,884,0,-0.000,-0.000,NaN,NaN,NaN,NaN,NaN,NaN,NaN,NaN,NaN,NaN,NaN
4836,1166,3884.000,6.789,22.225,-0.118,0.323,NaN,NaN,884,0,-2.507,-1.327,NaN,NaN,NaN,NaN,NaN,NaN,NaN,NaN,NaN,NaN,NaN
4837,1459,3884.000,30.671,-15.789,0.039,-0.158,NaN,NaN,884,0,-2.404,-1.327,NaN,NaN,NaN,NaN,NaN,NaN,NaN,NaN,NaN,NaN,NaN
4838,1574,3884.000,36.788,-16.575,0.114,-0.118,0.551,NaN,884,0,0.422,-0.677,1203.000,190.000,1227.000,247.000,NaN,NaN,NaN,NaN,NaN,NaN,NaN
4839,1795,3884.000,31.650,-5.039,-0.014,-0.097,0.719,0.319,884,0,0.210,-1.094,827.000,191.000,849.000,267.000,31.650,-5.000,-1.110,0.920,0.510,1.810,-2.235
4840,1924,3884.000,31.752,-12.396,0.080,-0.043,0.807,NaN,884,0,4.053,-1.326,1125.000,200.000,1152.000,269.000,NaN,NaN,NaN,NaN,NaN,NaN,NaN
4841,1999,3884.000,52.457,14.290,-0.019,-0.020,0.588,NaN,884,0,0.729,-1.323,249.000,202.000,267.000,249.000,NaN,NaN,NaN,NaN,NaN,NaN,NaN
4842,405,3885.000,330.000,121.041,0.644,1.182,0.089,NaN,885,0,-0.000,-0.000,123.000,200.000,135.000,225.000,NaN,NaN,NaN,NaN,NaN,NaN,NaN
4843,727,3885.000,367.072,-63.999,0.854,-0.153,NaN,NaN,885,0,-0.000,-0.000,NaN,NaN,NaN,NaN,NaN,NaN,NaN,NaN,NaN,NaN,NaN
4844,1166,3885.000,6.669,22.550,-0.119,0.324,NaN,NaN,885,0,-1.276,-1.337,NaN,NaN,NaN,NaN,NaN,NaN,NaN,NaN,NaN,NaN,NaN
4845,1459,3885.000,30.710,-15.947,0.039,-0.158,NaN,NaN,885,0,-2.909,-2.839,NaN,NaN,NaN,NaN,NaN,NaN,NaN,NaN,NaN,NaN,NaN
4846,1574,3885.000,36.959,-16.672,0.120,-0.108,0.179,NaN,885,0,-0.805,-0.772,1203.000,190.000,1227.000,252.000,NaN,NaN,NaN,NaN,NaN,NaN,NaN
4847,1795,3885.000,31.643,-5.164,-0.011,-0.102,0.681,0.796,885,0,-0.281,0.458,829.000,190.000,853.000,267.000,31.670,-5.210,-1.080,0.870,0.570,1.810,-1.433
4848,1924,3885.000,31.850,-12.448,0.082,-0.046,0.807,0.112,885,0,1.054,-1.619,1125.000,199.000,1153.000,269.000,31.890,-12.440,-1.160,0.670,0.780,1.930,-0.319
4849,1999,3885.000,51.938,14.594,-0.032,0.084,0.137,NaN,885,0,-1.990,-1.322,229.000,205.000,241.000,241.000,NaN,NaN,NaN,NaN,NaN,NaN,NaN
4850,2013,3885.000,47.040,13.110,0.000,0.000,0.597,0.017,885,0,-2.862,-2.792,248.000,206.000,267.000,250.000,47.040,13.110,-1.110,0.710,0.500,1.850,-1.509
4851,405,3886.000,330.618,122.220,0.645,1.181,NaN,NaN,886,0,-0.000,-0.000,NaN,NaN,NaN,NaN,NaN,NaN,NaN,NaN,NaN,NaN,NaN
4852,727,3886.000,367.932,-64.151,0.854,-0.152,NaN,NaN,886,0,-0.000,-0.000,NaN,NaN,NaN,NaN,NaN,NaN,NaN,NaN,NaN,NaN,NaN
4853,1166,3886.000,6.550,22.874,-0.119,0.324,NaN,NaN,886,0,-2.272,-1.327,NaN,NaN,NaN,NaN,NaN,NaN,NaN,NaN,NaN,NaN,NaN
4854,1459,3886.000,30.750,-16.106,0.039,-0.158,NaN,NaN,886,0,-2.339,-1.327,NaN,NaN,NaN,NaN,NaN,NaN,NaN,NaN,NaN,NaN,NaN
4855,1574,3886.000,37.195,-16.789,0.127,-0.102,0.200,NaN,886,0,-0.856,-0.780,1206.000,191.000,1226.000,249.000,NaN,NaN,NaN,NaN,NaN,NaN,NaN
4856,1795,3886.000,31.623,-5.338,-0.013,-0.116,0.253,NaN,886,0,-1.038,-1.322,836.000,197.000,857.000,268.000,NaN,NaN,NaN,NaN,NaN,NaN,NaN
4857,1924,3886.000,31.933,-12.509,0.082,-0.050,0.806,NaN,886,0,4.053,-1.326,1126.000,199.000,1153.000,269.000,NaN,NaN,NaN,NaN,NaN,NaN,NaN
4858,1999,3886.000,51.903,14.685,-0.034,0.091,0.038,NaN,886,0,-2.633,-1.293,227.000,204.000,243.000,259.000,NaN,NaN,NaN,NaN,NaN,NaN,NaN
4859,2013,3886.000,47.080,12.879,0.002,-0.053,0.735,NaN,886,0,2.364,-1.305,248.000,203.000,267.000,249.000,NaN,NaN,NaN,NaN,NaN,NaN,NaN
4860,405,3887.000,330.582,123.837,0.644,1.226,0.103,NaN,887,0,-0.000,-0.000,113.000,211.000,123.000,232.000,NaN,NaN,NaN,NaN,NaN,NaN,NaN
4861,727,3887.000,368.794,-64.303,0.855,-0.153,NaN,NaN,887,0,-0.000,-0.000,NaN,NaN,NaN,NaN,NaN,NaN,NaN,NaN,NaN,NaN,NaN
4862,1166,3887.000,6.430,23.197,-0.120,0.324,NaN,NaN,887,0,-2.701,-1.327,NaN,NaN,NaN,NaN,NaN,NaN,NaN,NaN,NaN,NaN,NaN
4863,1459,3887.000,31.903,-14.525,0.144,-0.033,0.050,NaN,887,0,-2.805,-1.327,1211.000,191.000,1227.000,224.000,NaN,NaN,NaN,NaN,NaN,NaN,NaN
4864,1574,3887.000,37.531,-16.998,0.136,-0.111,0.280,NaN,887,0,-0.548,-0.822,1210.000,191.000,1230.000,256.000,NaN,NaN,NaN,NaN,NaN,NaN,NaN
4865,1795,3887.000,31.649,-5.418,-0.002,-0.107,0.399,0.785,887,0,-1.832,0.370,840.000,198.000,858.000,251.000,31.690,-5.300,-1.230,0.770,0.670,1.740,-0.832
4866,1924,3887.000,32.091,-12.579,0.095,-0.053,0.816,0.310,887,0,1.243,-1.110,1127.000,199.000,1155.000,269.000,32.170,-12.560,-1.110,0.830,0.660,1.810,-0.274
4867,1999,3887.000,51.859,14.811,-0.039,0.112,0.571,NaN,887,0,0.337,-1.194,228.000,205.000,241.000,240.000,NaN,NaN,NaN,NaN,NaN,NaN,NaN
4868,2013,3887.000,47.099,12.856,0.002,-0.039,0.700,NaN,887,0,1.890,-1.320,248.000,203.000,266.000,249.000,NaN,NaN,NaN,NaN,NaN,NaN,NaN
4869,2020,3887.000,33.270,15.650,0.000,0.000,NaN,0.099,887,0,-4.179,-1.769,-35.000,170.000,10.000,244.000,33.270,15.650,-0.720,0.720,0.640,1.780,1.622
4870,405,3888.000,331.227,124.885,0.642,1.206,0.167,NaN,888,0,-0.000,-0.000,114.000,210.000,125.000,235.000,NaN,NaN,NaN,NaN,NaN,NaN,NaN
4871,727,3888.000,368.033,-63.994,0.848,-0.132,0.095,NaN,888,0,-0.000,-0.000,844.000,201.000,857.000,252.000,NaN,NaN,NaN,NaN,NaN,NaN,NaN
4872,1166,3888.000,6.311,23.521,-0.120,0.324,NaN,NaN,888,0,-2.120,-1.327,NaN,NaN,NaN,NaN,NaN,NaN,NaN,NaN,NaN,NaN,NaN
4873,1459,3888.000,32.048,-14.558,0.145,-0.033,NaN,NaN,888,0,-2.478,-1.324,NaN,NaN,NaN,NaN,NaN,NaN,NaN,NaN,NaN,NaN,NaN
4874,1574,3888.000,37.668,-17.108,0.137,-0.111,NaN,NaN,888,0,-1.009,-0.886,NaN,NaN,NaN,NaN,NaN,NaN,NaN,NaN,NaN,NaN,NaN
4875,1795,3888.000,31.648,-5.460,-0.002,-0.089,0.027,NaN,888,0,-2.428,-1.269,840.000,199.000,858.000,267.000,NaN,NaN,NaN,NaN,NaN,NaN,NaN
4876,1924,3888.000,32.275,-12.601,0.114,-0.042,0.793,0.076,888,0,0.817,-1.714,1126.000,199.000,1155.000,268.000,32.430,-12.460,-1.160,1.660,0.400,1.740,0.508
4877,1999,3888.000,51.816,14.933,-0.041,0.117,0.649,NaN,888,0,1.281,-1.070,228.000,205.000,243.000,250.000,NaN,NaN,NaN,NaN,NaN,NaN,NaN
4878,2013,3888.000,47.114,12.843,0.005,-0.026,0.738,NaN,888,0,2.522,-1.320,248.000,202.000,267.000,249.000,NaN,NaN,NaN,NaN,NaN,NaN,NaN
4879,2020,3888.000,33.260,15.645,-0.003,-0.007,NaN,NaN,888,0,-2.654,-1.327,NaN,NaN,NaN,NaN,NaN,NaN,NaN,NaN,NaN,NaN,NaN
4880,405,3889.000,331.835,126.089,0.641,1.204,NaN,NaN,889,0,-0.000,-0.000,NaN,NaN,NaN,NaN,NaN,NaN,NaN,NaN,NaN,NaN,NaN
4881,727,3889.000,369.526,-64.326,0.851,-0.142,0.045,NaN,889,0,-0.000,-0.000,841.000,201.000,873.000,253.000,NaN,NaN,NaN,NaN,NaN,NaN,NaN
4882,1459,3889.000,32.191,-14.591,0.143,-0.033,NaN,NaN,889,0,-2.051,-1.322,NaN,NaN,NaN,NaN,NaN,NaN,NaN,NaN,NaN,NaN,NaN
4883,1574,3889.000,37.804,-17.219,0.136,-0.111,NaN,NaN,889,0,-2.132,-0.943,NaN,NaN,NaN,NaN,NaN,NaN,NaN,NaN,NaN,NaN,NaN
4884,1795,3889.000,31.650,-5.532,-0.002,-0.083,0.055,NaN,889,0,-2.138,-1.236,839.000,201.000,864.000,268.000,NaN,NaN,NaN,NaN,NaN,NaN,NaN
4885,1924,3889.000,32.369,-12.684,0.113,-0.050,0.769,NaN,889,0,3.261,-1.326,1127.000,198.000,1156.000,267.000,NaN,NaN,NaN,NaN,NaN,NaN,NaN
4886,1999,3889.000,51.779,15.029,-0.040,0.111,0.571,NaN,889,0,0.573,-1.081,227.000,204.000,242.000,250.000,NaN,NaN,NaN,NaN,NaN,NaN,NaN
4887,2013,3889.000,47.119,12.820,0.002,-0.023,0.740,NaN,889,0,2.522,-1.319,248.000,203.000,268.000,249.000,NaN,NaN,NaN,NaN,NaN,NaN,NaN
4888,2020,3889.000,33.257,15.638,-0.003,-0.007,NaN,NaN,889,0,-2.654,-1.327,NaN,NaN,NaN,NaN,NaN,NaN,NaN,NaN,NaN,NaN,NaN
4889,405,3890.000,332.443,127.293,0.642,1.204,NaN,NaN,890,0,-0.000,-0.000,NaN,NaN,NaN,NaN,NaN,NaN,NaN,NaN,NaN,NaN,NaN
4890,727,3890.000,370.385,-64.468,0.852,-0.141,NaN,NaN,890,0,-0.000,-0.000,NaN,NaN,NaN,NaN,NaN,NaN,NaN,NaN,NaN,NaN,NaN
4891,1459,3890.000,32.335,-14.623,0.144,-0.032,NaN,NaN,890,0,-2.471,-1.308,NaN,NaN,NaN,NaN,NaN,NaN,NaN,NaN,NaN,NaN,NaN
4892,1574,3890.000,38.360,-17.452,0.156,-0.104,0.029,NaN,890,0,-1.756,-0.918,1214.000,194.000,1229.000,255.000,NaN,NaN,NaN,NaN,NaN,NaN,NaN
4893,1795,3890.000,31.649,-5.616,-0.001,-0.085,NaN,NaN,890,0,-2.501,-1.183,NaN,NaN,NaN,NaN,NaN,NaN,NaN,NaN,NaN,NaN,NaN
4894,1924,3890.000,32.404,-12.708,0.101,-0.047,0.728,0.041,890,0,0.332,-1.932,1128.000,199.000,1157.000,269.000,32.350,-12.670,-1.180,0.760,0.630,1.720,-0.297
4895,1999,3890.000,51.751,15.105,-0.037,0.100,0.413,NaN,890,0,-0.462,-1.184,225.000,204.000,241.000,250.000,NaN,NaN,NaN,NaN,NaN,NaN,NaN
4896,2013,3890.000,47.126,12.854,0.004,-0.003,0.597,NaN,890,0,0.810,-1.319,248.000,203.000,265.000,248.000,NaN,NaN,NaN,NaN,NaN,NaN,NaN
4897,2020,3890.000,33.253,15.631,-0.004,-0.007,NaN,NaN,890,0,-2.654,-1.327,NaN,NaN,NaN,NaN,NaN,NaN,NaN,NaN,NaN,NaN,NaN
4898,2025,3890.000,25.820,-4.670,0.000,0.000,NaN,0.064,890,0,-3.056,-1.264,841.000,125.000,887.000,222.000,25.820,-4.670,0.070,0.750,0.690,1.780,-0.399
4899,405,3891.000,333.055,128.495,0.643,1.204,NaN,NaN,891,0,-0.000,-0.000,NaN,NaN,NaN,NaN,NaN,NaN,NaN,NaN,NaN,NaN,NaN
4900,727,3891.000,371.248,-64.608,0.853,-0.140,NaN,NaN,891,0,-0.000,-0.000,NaN,NaN,NaN,NaN,NaN,NaN,NaN,NaN,NaN,NaN,NaN
4901,1459,3891.000,32.082,-14.555,0.135,-0.047,0.031,NaN,891,0,-3.035,-1.299,1214.000,193.000,1227.000,233.000,NaN,NaN,NaN,NaN,NaN,NaN,NaN
4902,1574,3891.000,38.660,-17.583,0.167,-0.102,0.026,NaN,891,0,-1.820,-0.951,1214.000,193.000,1228.000,255.000,NaN,NaN,NaN,NaN,NaN,NaN,NaN
4903,1795,3891.000,31.670,-5.749,0.003,-0.096,0.025,0.716,891,0,-3.374,0.105,867.000,205.000,880.000,269.000,31.690,-5.860,-1.050,0.850,0.510,1.750,-1.731
4904,1924,3891.000,32.498,-12.759,0.100,-0.050,0.655,0.299,891,0,-0.685,-1.225,1128.000,200.000,1157.000,268.000,32.530,-12.770,-1.120,0.760,0.680,1.750,0.144
4905,1999,3891.000,51.737,15.124,-0.029,0.077,0.511,NaN,891,0,0.090,-1.270,226.000,204.000,241.000,252.000,NaN,NaN,NaN,NaN,NaN,NaN,NaN
4906,2013,3891.000,47.139,12.847,0.009,-0.003,0.689,NaN,891,0,1.743,-1.320,250.000,202.000,266.000,249.000,NaN,NaN,NaN,NaN,NaN,NaN,NaN
4907,2020,3891.000,33.249,15.625,-0.004,-0.007,NaN,NaN,891,0,-3.100,-1.327,NaN,NaN,NaN,NaN,NaN,NaN,NaN,NaN,NaN,NaN,NaN
4908,2025,3891.000,25.984,-4.650,0.046,0.010,NaN,0.081,891,0,-3.056,-1.135,843.000,105.000,879.000,196.000,26.070,-4.630,0.490,1.620,0.370,1.660,-0.008
4909,405,3892.000,333.667,129.702,0.642,1.205,NaN,NaN,892,0,-0.000,-0.000,NaN,NaN,NaN,NaN,NaN,NaN,NaN,NaN,NaN,NaN,NaN
4910,727,3892.000,372.110,-64.748,0.854,-0.139,NaN,NaN,892,0,-0.000,-0.000,NaN,NaN,NaN,NaN,NaN,NaN,NaN,NaN,NaN,NaN,NaN
4911,1459,3892.000,32.218,-14.651,0.130,-0.057,0.056,NaN,892,0,-2.629,-1.321,1216.000,197.000,1230.000,232.000,NaN,NaN,NaN,NaN,NaN,NaN,NaN
4912,1574,3892.000,38.902,-17.715,0.171,-0.103,0.030,NaN,892,0,-1.820,-0.951,1215.000,197.000,1230.000,259.000,NaN,NaN,NaN,NaN,NaN,NaN,NaN
4913,1795,3892.000,31.654,-5.981,-0.002,-0.128,0.190,NaN,892,0,-1.219,-1.221,865.000,200.000,882.000,271.000,NaN,NaN,NaN,NaN,NaN,NaN,NaN
4914,1924,3892.000,32.579,-12.832,0.096,-0.056,0.693,NaN,892,0,1.982,-1.325,1128.000,201.000,1157.000,268.000,NaN,NaN,NaN,NaN,NaN,NaN,NaN
4915,1999,3892.000,51.707,15.126,-0.027,0.057,0.492,NaN,892,0,-0.029,-1.270,226.000,205.000,241.000,252.000,NaN,NaN,NaN,NaN,NaN,NaN,NaN
4916,2013,3892.000,47.136,12.875,0.008,0.004,0.651,NaN,892,0,1.281,-1.319,245.000,207.000,265.000,249.000,NaN,NaN,NaN,NaN,NaN,NaN,NaN
4917,2020,3892.000,33.247,15.618,-0.003,-0.007,NaN,NaN,892,0,-2.654,-1.327,NaN,NaN,NaN,NaN,NaN,NaN,NaN,NaN,NaN,NaN,NaN
4918,2025,3892.000,26.030,-4.639,0.046,0.010,NaN,NaN,892,0,-2.602,-1.301,NaN,NaN,NaN,NaN,NaN,NaN,NaN,NaN,NaN,NaN,NaN
4919,405,3893.000,334.282,130.908,0.640,1.207,NaN,NaN,893,0,-0.000,-0.000,NaN,NaN,NaN,NaN,NaN,NaN,NaN,NaN,NaN,NaN,NaN
4920,727,3893.000,373.420,-65.053,0.861,-0.149,0.033,NaN,893,0,-0.000,-0.000,848.000,201.000,857.000,241.000,NaN,NaN,NaN,NaN,NaN,NaN,NaN
4921,1459,3893.000,32.350,-14.709,0.131,-0.059,NaN,NaN,893,0,-2.870,-1.281,NaN,NaN,NaN,NaN,NaN,NaN,NaN,NaN,NaN,NaN,NaN
4922,1574,3893.000,39.025,-17.765,0.173,-0.093,0.035,NaN,893,0,-2.241,-0.959,1217.000,197.000,1227.000,232.000,NaN,NaN,NaN,NaN,NaN,NaN,NaN
4923,1795,3893.000,31.678,-6.081,0.004,-0.119,0.441,0.432,893,0,-1.643,-0.859,866.000,194.000,882.000,272.000,31.700,-5.960,-1.010,0.780,0.700,1.810,-0.413
4924,1924,3893.000,32.667,-12.888,0.095,-0.056,0.700,NaN,893,0,2.128,-1.325,1128.000,201.000,1157.000,268.000,NaN,NaN,NaN,NaN,NaN,NaN,NaN
4925,1999,3893.000,51.671,15.164,-0.027,0.053,0.069,NaN,893,0,-2.188,-1.276,223.000,205.000,237.000,248.000,NaN,NaN,NaN,NaN,NaN,NaN,NaN
4926,2013,3893.000,47.130,12.899,0.001,0.008,0.664,NaN,893,0,1.381,-1.320,246.000,205.000,264.000,250.000,NaN,NaN,NaN,NaN,NaN,NaN,NaN
4927,2020,3893.000,33.244,15.610,-0.003,-0.008,NaN,NaN,893,0,-4.676,-2.273,NaN,NaN,NaN,NaN,NaN,NaN,NaN,NaN,NaN,NaN,NaN
4928,2025,3893.000,25.970,-4.941,0.010,-0.080,0.029,NaN,893,0,-2.766,-1.303,866.000,197.000,881.000,247.000,NaN,NaN,NaN,NaN,NaN,NaN,NaN
4929,405,3894.000,334.899,132.117,0.639,1.209,NaN,NaN,894,0,-0.000,-0.000,NaN,NaN,NaN,NaN,NaN,NaN,NaN,NaN,NaN,NaN,NaN
4930,727,3894.000,374.600,-65.279,0.864,-0.152,0.036,NaN,894,0,-0.000,-0.000,848.000,201.000,857.000,241.000,NaN,NaN,NaN,NaN,NaN,NaN,NaN
4931,1459,3894.000,32.481,-14.768,0.131,-0.059,NaN,NaN,894,0,-0.574,-1.243,NaN,NaN,NaN,NaN,NaN,NaN,NaN,NaN,NaN,NaN,NaN
4932,1574,3894.000,39.199,-17.858,0.174,-0.093,NaN,NaN,894,0,-2.399,-0.959,NaN,NaN,NaN,NaN,NaN,NaN,NaN,NaN,NaN,NaN,NaN
4933,1795,3894.000,31.706,-6.177,0.009,-0.113,0.691,0.055,894,0,-0.189,-1.862,869.000,197.000,891.000,273.000,31.740,-6.070,-1.130,0.720,0.700,1.730,-0.072
4934,1924,3894.000,32.777,-12.892,0.098,-0.045,0.795,0.030,894,0,0.700,-2.060,1127.000,200.000,1155.000,268.000,32.830,-12.770,-1.260,1.600,0.420,1.680,0.447
4935,1999,3894.000,51.657,15.255,-0.025,0.063,0.053,NaN,894,0,-2.729,-1.290,222.000,205.000,231.000,240.000,NaN,NaN,NaN,NaN,NaN,NaN,NaN
4936,2013,3894.000,47.092,12.918,-0.008,0.011,0.673,NaN,894,0,1.488,-1.320,247.000,205.000,262.000,249.000,NaN,NaN,NaN,NaN,NaN,NaN,NaN
4937,2020,3894.000,33.240,15.603,-0.004,-0.007,NaN,NaN,894,0,-2.654,-1.327,NaN,NaN,NaN,NaN,NaN,NaN,NaN,NaN,NaN,NaN,NaN
4938,2025,3894.000,25.979,-5.022,0.009,-0.081,NaN,NaN,894,0,-2.617,-1.309,NaN,NaN,NaN,NaN,NaN,NaN,NaN,NaN,NaN,NaN,NaN
4939,405,3895.000,335.522,133.326,0.641,1.209,NaN,NaN,895,0,-0.000,-0.000,NaN,NaN,NaN,NaN,NaN,NaN,NaN,NaN,NaN,NaN,NaN
4940,727,3895.000,375.214,-65.385,0.865,-0.154,0.027,NaN,895,0,-0.000,-0.000,848.000,200.000,857.000,220.000,NaN,NaN,NaN,NaN,NaN,NaN,NaN
4941,1459,3895.000,32.610,-14.827,0.129,-0.059,NaN,NaN,895,0,-2.249,-1.161,NaN,NaN,NaN,NaN,NaN,NaN,NaN,NaN,NaN,NaN,NaN
4942,1574,3895.000,39.373,-17.949,0.173,-0.091,NaN,NaN,895,0,-2.208,-0.986,NaN,NaN,NaN,NaN,NaN,NaN,NaN,NaN,NaN,NaN,NaN
4943,1795,3895.000,31.718,-6.279,0.008,-0.109,0.660,NaN,895,0,1.613,-1.318,870.000,192.000,897.000,271.000,NaN,NaN,NaN,NaN,NaN,NaN,NaN
4944,1924,3895.000,32.871,-12.936,0.098,-0.046,0.788,NaN,895,0,3.665,-1.325,1127.000,199.000,1156.000,266.000,NaN,NaN,NaN,NaN,NaN,NaN,NaN
4945,1999,3895.000,51.642,15.241,-0.018,0.038,0.383,NaN,895,0,-0.652,-1.304,224.000,204.000,238.000,251.000,NaN,NaN,NaN,NaN,NaN,NaN,NaN
4946,2013,3895.000,47.113,12.938,-0.008,0.011,0.573,NaN,895,0,0.573,-1.319,246.000,205.000,262.000,249.000,NaN,NaN,NaN,NaN,NaN,NaN,NaN
4947,2020,3895.000,33.237,15.596,-0.003,-0.007,NaN,NaN,895,0,-2.972,-1.327,NaN,NaN,NaN,NaN,NaN,NaN,NaN,NaN,NaN,NaN,NaN
4948,2025,3895.000,25.986,-5.104,0.008,-0.082,NaN,NaN,895,0,-3.057,-1.309,NaN,NaN,NaN,NaN,NaN,NaN,NaN,NaN,NaN,NaN,NaN
4949,405,3896.000,336.141,134.539,0.640,1.210,NaN,NaN,896,0,-0.000,-0.000,NaN,NaN,NaN,NaN,NaN,NaN,NaN,NaN,NaN,NaN,NaN
4950,727,3896.000,376.085,-65.536,0.866,-0.153,NaN,NaN,896,0,-0.000,-0.000,NaN,NaN,NaN,NaN,NaN,NaN,NaN,NaN,NaN,NaN,NaN
4951,1459,3896.000,32.739,-14.884,0.129,-0.057,NaN,NaN,896,0,-2.676,-1.117,NaN,NaN,NaN,NaN,NaN,NaN,NaN,NaN,NaN,NaN,NaN
4952,1574,3896.000,39.547,-18.041,0.173,-0.092,NaN,NaN,896,0,-4.208,-2.118,NaN,NaN,NaN,NaN,NaN,NaN,NaN,NaN,NaN,NaN,NaN
4953,1795,3896.000,31.723,-6.401,0.007,-0.113,0.779,NaN,896,0,3.460,-1.320,871.000,193.000,910.000,271.000,NaN,NaN,NaN,NaN,NaN,NaN,NaN
4954,1924,3896.000,32.962,-12.987,0.097,-0.048,0.780,NaN,896,0,3.460,-1.325,1128.000,200.000,1157.000,266.000,NaN,NaN,NaN,NaN,NaN,NaN,NaN
4955,1999,3896.000,51.625,15.280,-0.017,0.039,NaN,NaN,896,0,-2.922,-1.304,NaN,NaN,NaN,NaN,NaN,NaN,NaN,NaN,NaN,NaN,NaN
4956,2013,3896.000,47.117,12.981,-0.011,0.018,0.280,NaN,896,0,-1.057,-1.319,244.000,203.000,261.000,248.000,NaN,NaN,NaN,NaN,NaN,NaN,NaN
4957,2020,3896.000,33.236,15.589,-0.002,-0.007,NaN,NaN,896,0,-2.290,-1.138,NaN,NaN,NaN,NaN,NaN,NaN,NaN,NaN,NaN,NaN,NaN
4958,2025,3896.000,25.994,-5.187,0.008,-0.083,NaN,NaN,896,0,-2.622,-1.311,NaN,NaN,NaN,NaN,NaN,NaN,NaN,NaN,NaN,NaN,NaN
4959,2029,3896.000,47.630,13.720,0.000,0.000,0.601,0.062,896,0,-2.323,-2.136,223.000,205.000,236.000,249.000,47.630,13.720,-1.180,0.360,0.530,1.810,-2.184
4960,2030,3896.000,35.690,-10.160,0.000,0.000,NaN,0.065,896,0,-4.676,-2.228,980.000,173.000,1021.000,245.000,35.690,-10.160,-0.630,0.830,0.530,1.850,0.602
4961,405,3897.000,336.766,135.754,0.642,1.211,NaN,NaN,897,0,-0.000,-0.000,NaN,NaN,NaN,NaN,NaN,NaN,NaN,NaN,NaN,NaN,NaN
4962,727,3897.000,377.110,-65.731,0.867,-0.154,0.039,NaN,897,0,-0.000,-0.000,848.000,201.000,857.000,223.000,NaN,NaN,NaN,NaN,NaN,NaN,NaN
4963,1459,3897.000,32.868,-14.942,0.129,-0.058,NaN,NaN,897,0,-2.365,-1.119,NaN,NaN,NaN,NaN,NaN,NaN,NaN,NaN,NaN,NaN,NaN
4964,1574,3897.000,39.720,-18.134,0.173,-0.093,NaN,NaN,897,0,-2.317,-0.967,NaN,NaN,NaN,NaN,NaN,NaN,NaN,NaN,NaN,NaN,NaN
4965,1795,3897.000,31.704,-6.502,0.003,-0.110,0.785,0.096,897,0,0.817,-1.643,870.000,193.000,912.000,272.000,31.680,-6.470,-0.940,0.800,0.590,1.730,-1.052
4966,1924,3897.000,33.040,-13.040,0.094,-0.050,0.797,NaN,897,0,3.866,-1.325,1130.000,199.000,1157.000,266.000,NaN,NaN,NaN,NaN,NaN,NaN,NaN
4967,1999,3897.000,51.582,15.203,-0.014,0.011,0.586,NaN,897,0,0.729,-1.307,223.000,205.000,237.000,248.000,NaN,NaN,NaN,NaN,NaN,NaN,NaN
4968,2013,3897.000,47.103,13.017,-0.013,0.024,0.504,NaN,897,0,0.026,-1.317,244.000,201.000,260.000,242.000,NaN,NaN,NaN,NaN,NaN,NaN,NaN
4969,2020,3897.000,33.234,15.583,-0.002,-0.006,NaN,NaN,897,0,-2.654,-1.327,NaN,NaN,NaN,NaN,NaN,NaN,NaN,NaN,NaN,NaN,NaN
4970,2025,3897.000,26.003,-5.271,0.008,-0.084,NaN,NaN,897,0,-2.631,-1.315,NaN,NaN,NaN,NaN,NaN,NaN,NaN,NaN,NaN,NaN,NaN
4971,2029,3897.000,47.623,13.727,-0.002,-0.004,NaN,NaN,897,0,-2.035,-1.018,NaN,NaN,NaN,NaN,NaN,NaN,NaN,NaN,NaN,NaN,NaN
4972,2030,3897.000,35.698,-10.157,0.004,0.012,NaN,NaN,897,0,-2.653,-1.327,NaN,NaN,NaN,NaN,NaN,NaN,NaN,NaN,NaN,NaN,NaN
4973,405,3898.000,337.393,136.967,0.642,1.210,NaN,NaN,898,0,-0.000,-0.000,NaN,NaN,NaN,NaN,NaN,NaN,NaN,NaN,NaN,NaN,NaN
4974,727,3898.000,378.069,-65.900,0.867,-0.152,0.041,NaN,898,0,-0.000,-0.000,848.000,201.000,857.000,225.000,NaN,NaN,NaN,NaN,NaN,NaN,NaN
4975,1459,3898.000,32.995,-15.000,0.127,-0.058,NaN,NaN,898,0,-2.622,-1.095,NaN,NaN,NaN,NaN,NaN,NaN,NaN,NaN,NaN,NaN,NaN
4976,1574,3898.000,39.892,-18.227,0.172,-0.093,NaN,NaN,898,0,-1.913,-0.957,NaN,NaN,NaN,NaN,NaN,NaN,NaN,NaN,NaN,NaN,NaN
4977,1795,3898.000,31.710,-6.591,0.004,-0.105,0.760,NaN,898,0,3.077,-1.322,877.000,195.000,913.000,269.000,NaN,NaN,NaN,NaN,NaN,NaN,NaN
4978,1924,3898.000,33.116,-13.105,0.091,-0.052,0.791,NaN,898,0,3.665,-1.325,1131.000,200.000,1158.000,266.000,NaN,NaN,NaN,NaN,NaN,NaN,NaN
4979,1999,3898.000,51.574,15.186,-0.011,0.004,0.491,NaN,898,0,-0.029,-1.300,222.000,205.000,236.000,248.000,NaN,NaN,NaN,NaN,NaN,NaN,NaN
4980,2013,3898.000,47.079,13.043,-0.014,0.025,0.355,NaN,898,0,-0.815,-1.315,243.000,201.000,260.000,248.000,NaN,NaN,NaN,NaN,NaN,NaN,NaN
4981,2020,3898.000,33.232,15.577,-0.001,-0.006,NaN,NaN,898,0,-2.654,-1.327,NaN,NaN,NaN,NaN,NaN,NaN,NaN,NaN,NaN,NaN,NaN
4982,2025,3898.000,26.010,-5.355,0.008,-0.084,NaN,NaN,898,0,-2.637,-1.319,NaN,NaN,NaN,NaN,NaN,NaN,NaN,NaN,NaN,NaN,NaN
4983,2029,3898.000,47.621,13.724,-0.002,-0.002,NaN,NaN,898,0,-2.035,-1.018,NaN,NaN,NaN,NaN,NaN,NaN,NaN,NaN,NaN,NaN,NaN
4984,2030,3898.000,35.702,-10.144,0.004,0.012,NaN,NaN,898,0,-2.653,-1.327,NaN,NaN,NaN,NaN,NaN,NaN,NaN,NaN,NaN,NaN,NaN
4985,405,3899.000,338.017,138.177,0.640,1.210,NaN,NaN,899,0,-0.000,-0.000,NaN,NaN,NaN,NaN,NaN,NaN,NaN,NaN,NaN,NaN,NaN
4986,727,3899.000,378.846,-66.033,0.866,-0.152,0.041,NaN,899,0,-0.000,-0.000,848.000,201.000,857.000,223.000,NaN,NaN,NaN,NaN,NaN,NaN,NaN
4987,1459,3899.000,33.107,-15.001,0.130,-0.052,0.064,NaN,899,0,-2.067,-1.039,1210.000,200.000,1229.000,232.000,NaN,NaN,NaN,NaN,NaN,NaN,NaN
4988,1574,3899.000,39.996,-18.139,0.170,-0.063,0.125,NaN,899,0,-1.383,-0.957,1210.000,200.000,1229.000,259.000,NaN,NaN,NaN,NaN,NaN,NaN,NaN
4989,1795,3899.000,31.706,-6.648,0.006,-0.093,0.402,0.752,899,0,-1.858,0.260,886.000,199.000,913.000,266.000,31.700,-6.550,-1.140,0.710,0.670,1.810,-0.302
4990,1924,3899.000,33.142,-13.114,0.086,-0.044,0.801,0.542,899,0,0.700,-0.696,1132.000,200.000,1157.000,266.000,33.170,-13.050,-1.120,0.770,0.650,1.830,-0.149
4991,1999,3899.000,51.550,15.177,-0.012,0.001,0.151,NaN,899,0,-1.709,-1.298,221.000,205.000,236.000,249.000,NaN,NaN,NaN,NaN,NaN,NaN,NaN
4992,2013,3899.000,47.004,13.066,-0.018,0.029,0.188,NaN,899,0,-1.493,-1.314,240.000,203.000,259.000,249.000,NaN,NaN,NaN,NaN,NaN,NaN,NaN
4993,2020,3899.000,33.231,15.571,-0.001,-0.006,NaN,NaN,899,0,-2.822,-1.327,NaN,NaN,NaN,NaN,NaN,NaN,NaN,NaN,NaN,NaN,NaN
4994,2025,3899.000,26.019,-5.439,0.009,-0.085,NaN,NaN,899,0,-2.974,-1.316,NaN,NaN,NaN,NaN,NaN,NaN,NaN,NaN,NaN,NaN,NaN
4995,2029,3899.000,47.618,13.722,-0.002,-0.002,NaN,NaN,899,0,-2.378,-1.018,NaN,NaN,NaN,NaN,NaN,NaN,NaN,NaN,NaN,NaN,NaN
4996,2030,3899.000,35.707,-10.132,0.004,0.013,NaN,NaN,899,0,-3.099,-1.326,NaN,NaN,NaN,NaN,NaN,NaN,NaN,NaN,NaN,NaN,NaN
4997,405,3900.000,338.646,139.391,0.639,1.209,NaN,NaN,900,0,-0.000,-0.000,NaN,NaN,NaN,NaN,NaN,NaN,NaN,NaN,NaN,NaN,NaN
4998,727,3900.000,379.503,-66.148,0.865,-0.153,0.049,NaN,900,0,-0.000,-0.000,848.000,201.000,857.000,223.000,NaN,NaN,NaN,NaN,NaN,NaN,NaN
4999,1459,3900.000,33.237,-15.053,0.130,-0.052,NaN,NaN,900,0,-0.980,-0.812,NaN,NaN,NaN,NaN,NaN,NaN,NaN,NaN,NaN,NaN,NaN
5000,1574,3900.000,40.167,-18.203,0.170,-0.064,NaN,NaN,900,0,-2.139,-0.946,NaN,NaN,NaN,NaN,NaN,NaN,NaN,NaN,NaN,NaN,NaN
5001,1795,3900.000,31.717,-6.741,0.008,-0.093,0.625,0.731,900,0,-0.651,0.166,894.000,201.000,912.000,252.000,31.710,-6.740,-1.270,0.810,0.630,1.710,-0.586
5002,1924,3900.000,33.230,-13.162,0.087,-0.045,0.811,NaN,900,0,4.053,-1.325,1133.000,200.000,1157.000,266.000,NaN,NaN,NaN,NaN,NaN,NaN,NaN
5003,1999,3900.000,51.501,15.191,-0.018,0.007,0.335,NaN,900,0,-0.901,-1.298,218.000,205.000,235.000,249.000,NaN,NaN,NaN,NaN,NaN,NaN,NaN
5004,2013,3900.000,46.979,13.096,-0.018,0.028,0.595,NaN,900,0,0.729,-1.310,239.000,205.000,259.000,252.000,NaN,NaN,NaN,NaN,NaN,NaN,NaN
5005,2020,3900.000,33.231,15.564,-0.000,-0.007,NaN,NaN,900,0,-2.998,-1.327,NaN,NaN,NaN,NaN,NaN,NaN,NaN,NaN,NaN,NaN,NaN
5006,2025,3900.000,26.029,-5.524,0.010,-0.084,NaN,NaN,900,0,-3.054,-1.307,NaN,NaN,NaN,NaN,NaN,NaN,NaN,NaN,NaN,NaN,NaN
5007,2029,3900.000,47.508,14.174,-0.008,0.101,0.037,NaN,900,0,-2.280,-1.018,215.000,205.000,229.000,232.000,NaN,NaN,NaN,NaN,NaN,NaN,NaN
5008,2030,3900.000,35.709,-10.119,0.002,0.013,NaN,NaN,900,0,-3.099,-1.326,NaN,NaN,NaN,NaN,NaN,NaN,NaN,NaN,NaN,NaN,NaN
5009,2031,3900.000,17.460,3.280,0.000,0.000,0.095,0.011,900,0,-0.000,-0.000,396.000,187.000,412.000,205.000,17.460,3.280,0.270,1.790,0.540,1.710,1.608
