,ID,timestamp,x,y,vx,vy,rgb_conf,lidar_conf,t_index,YOLO_cls,rgb_LLR,lidar_LLR,L,T,R,B,X_LiDAR,Y_LiDAR,Z_LiDAR,l,w,h,rot
0,0,3000.000,10.930,1.850,0.000,0.000,0.913,0.987,0,0,4.052,2.026,359.000,207.000,453.000,415.000,10.930,1.850,-1.260,0.780,0.680,1.640,-0.319
1,1,3000.000,6.470,4.130,0.000,0.000,NaN,0.998,0,0,0.000,1.677,-393.000,214.000,-124.000,581.000,6.470,4.130,-1.290,0.740,0.590,1.590,-0.521
2,2,3000.000,27.770,-3.580,0.000,0.000,NaN,0.240,0,0,-3.338,-0.839,749.000,195.000,836.000,294.000,27.770,-3.580,-1.310,1.870,0.570,1.970,-0.945
3,0,3001.000,10.939,1.800,0.009,-0.030,0.905,NaN,1,0,3.726,-1.327,364.000,208.000,456.000,418.000,NaN,NaN,NaN,NaN,NaN,NaN,NaN
4,1,3001.000,6.462,4.137,-0.006,0.009,NaN,NaN,1,0,-2.654,-1.327,NaN,NaN,NaN,NaN,NaN,NaN,NaN,NaN,NaN,NaN,NaN
5,2,3001.000,27.787,-3.577,0.001,-0.000,NaN,NaN,1,0,-1.546,-1.310,NaN,NaN,NaN,NaN,NaN,NaN,NaN,NaN,NaN,NaN,NaN
6,0,3002.000,11.139,1.726,0.083,-0.056,0.921,0.927,2,0,4.052,2.026,373.000,212.000,466.000,418.000,11.170,1.710,-1.220,0.820,0.610,1.690,-0.015
7,1,3002.000,6.591,4.055,0.060,-0.031,NaN,1.000,2,0,0.000,1.747,-360.000,210.000,-90.000,572.000,6.610,4.050,-1.280,0.770,0.590,1.610,-0.288
8,2,3002.000,27.724,-3.561,-0.019,0.014,0.494,0.244,2,0,-0.478,-0.839,771.000,198.000,810.000,259.000,27.700,-3.550,-1.290,2.030,0.550,1.830,-1.104
9,0,3003.000,11.148,1.676,0.051,-0.052,0.909,0.902,3,0,4.052,2.026,379.000,214.000,474.000,417.000,11.120,1.690,-1.240,0.880,0.480,1.750,2.512
10,1,3003.000,6.730,3.985,0.094,-0.051,NaN,1.000,3,0,0.000,1.747,-323.000,206.000,-54.000,558.000,6.780,3.970,-1.270,0.780,0.680,1.620,-0.096
11,2,3003.000,27.718,-3.543,-0.014,0.016,0.638,0.299,3,0,0.341,-0.693,772.000,198.000,809.000,258.000,27.730,-3.540,-1.210,0.790,0.590,1.760,-0.826
12,0,3004.000,11.204,1.615,0.053,-0.056,0.909,NaN,4,0,3.726,-1.327,380.000,214.000,477.000,416.000,NaN,NaN,NaN,NaN,NaN,NaN,NaN
13,1,3004.000,6.825,3.934,0.095,-0.052,NaN,NaN,4,0,-2.654,-1.327,NaN,NaN,NaN,NaN,NaN,NaN,NaN,NaN,NaN,NaN,NaN
14,2,3004.000,27.705,-3.548,-0.011,0.010,0.119,NaN,4,0,-1.894,-1.310,774.000,201.000,812.000,258.000,NaN,NaN,NaN,NaN,NaN,NaN,NaN
15,0,3005.000,11.289,1.586,0.063,-0.046,0.876,0.929,5,0,4.052,2.026,391.000,212.000,485.000,412.000,11.300,1.610,-1.250,0.840,0.490,1.790,-0.662
16,1,3005.000,6.912,3.853,0.091,-0.060,NaN,1.000,5,0,0.000,1.747,-270.000,206.000,-29.000,550.000,6.900,3.850,-1.270,0.740,0.630,1.620,-0.056
17,2,3005.000,27.786,-3.630,0.019,-0.018,0.263,0.319,5,0,-1.564,-0.675,778.000,197.000,816.000,257.000,27.820,-3.720,-1.280,1.850,0.640,1.810,-0.927
18,0,3006.000,11.459,1.500,0.093,-0.062,0.882,0.908,6,0,4.173,2.087,412.000,210.000,494.000,409.000,11.530,1.470,-1.270,0.860,0.610,1.780,-0.057
19,1,3006.000,6.993,3.784,0.087,-0.062,NaN,1.000,6,0,0.000,1.747,-248.000,194.000,0.000,562.000,6.990,3.780,-1.270,0.780,0.600,1.740,-0.404
20,2,3006.000,27.803,-3.689,0.020,-0.029,0.651,NaN,6,0,1.281,-1.311,781.000,199.000,822.000,258.000,NaN,NaN,NaN,NaN,NaN,NaN,NaN
21,0,3007.000,11.552,1.441,0.093,-0.060,0.886,NaN,7,0,3.726,-1.327,416.000,209.000,494.000,411.000,NaN,NaN,NaN,NaN,NaN,NaN,NaN
22,1,3007.000,7.079,3.722,0.086,-0.062,NaN,NaN,7,0,-2.397,-1.327,NaN,NaN,NaN,NaN,NaN,NaN,NaN,NaN,NaN,NaN,NaN
23,2,3007.000,27.830,-3.744,0.024,-0.037,0.737,NaN,7,0,2.746,-1.312,782.000,198.000,821.000,265.000,NaN,NaN,NaN,NaN,NaN,NaN,NaN
24,0,3008.000,11.669,1.414,0.100,-0.051,0.902,0.779,8,0,4.173,1.801,425.000,208.000,516.000,410.000,11.690,1.430,-1.240,0.800,0.570,1.810,-0.289
25,1,3008.000,7.165,3.700,0.085,-0.047,0.188,1.000,8,0,-1.051,1.747,0.000,336.000,28.000,529.000,7.170,3.720,-1.230,0.810,0.540,1.590,-0.123
26,2,3008.000,27.892,-3.810,0.032,-0.046,0.544,1.000,8,0,-0.200,7.239,787.000,195.000,821.000,260.000,27.910,-3.820,-1.250,1.930,0.590,1.830,-1.075
27,0,3009.000,11.797,1.344,0.103,-0.060,0.867,0.932,9,0,4.173,2.087,434.000,210.000,521.000,409.000,11.830,1.320,-1.240,0.760,0.670,1.680,-0.105
28,1,3009.000,7.287,3.660,0.095,-0.047,0.468,1.000,9,0,0.150,1.747,0.000,310.000,32.000,522.000,7.310,3.660,-1.230,0.760,0.640,1.680,-0.024
29,2,3009.000,27.899,-3.844,0.024,-0.043,0.484,0.178,9,0,-0.531,-1.003,792.000,193.000,825.000,262.000,27.880,-3.820,-1.180,0.820,0.610,1.800,0.208
30,0,3010.000,11.900,1.276,0.102,-0.064,0.890,NaN,10,0,3.848,-1.327,439.000,214.000,526.000,407.000,NaN,NaN,NaN,NaN,NaN,NaN,NaN
31,1,3010.000,7.455,3.432,0.117,-0.104,0.661,NaN,10,0,1.638,-1.327,0.000,288.000,34.000,519.000,NaN,NaN,NaN,NaN,NaN,NaN,NaN
32,2,3010.000,27.917,-3.966,0.023,-0.061,0.692,NaN,10,0,1.982,-1.316,796.000,199.000,830.000,261.000,NaN,NaN,NaN,NaN,NaN,NaN,NaN
33,0,3011.000,11.944,1.226,0.086,-0.059,0.871,0.957,11,0,4.173,2.087,449.000,213.000,525.000,408.000,11.890,1.230,-1.240,0.920,0.460,1.730,2.610
34,1,3011.000,7.555,3.392,0.117,-0.065,0.916,1.000,11,0,3.637,1.818,0.000,236.000,58.000,520.000,7.500,3.600,-1.210,0.700,0.720,1.570,-0.067
35,2,3011.000,28.052,-4.064,0.045,-0.069,0.677,0.999,11,0,0.629,7.239,798.000,200.000,831.000,264.000,28.130,-4.100,-1.260,1.960,0.600,1.830,-1.060
36,0,3012.000,12.039,1.167,0.089,-0.057,0.845,0.902,12,0,4.173,2.087,459.000,214.000,531.000,403.000,12.030,1.170,-1.240,0.840,0.550,1.700,-0.495
37,1,3012.000,7.661,3.411,0.119,-0.019,0.928,1.000,12,0,3.637,1.818,0.000,235.000,104.000,514.000,7.650,3.550,-1.210,0.710,0.840,1.520,-0.021
38,2,3012.000,28.100,-4.158,0.045,-0.076,0.790,NaN,12,0,3.665,-1.321,800.000,200.000,838.000,265.000,NaN,NaN,NaN,NaN,NaN,NaN,NaN
39,0,3013.000,12.128,1.115,0.088,-0.056,0.867,NaN,13,0,3.848,-1.327,463.000,209.000,532.000,399.000,NaN,NaN,NaN,NaN,NaN,NaN,NaN
40,1,3013.000,7.789,3.381,0.123,-0.025,0.934,NaN,13,0,3.262,-1.327,0.000,237.000,112.000,527.000,NaN,NaN,NaN,NaN,NaN,NaN,NaN
41,2,3013.000,28.150,-4.240,0.045,-0.077,0.574,NaN,13,0,0.787,-1.321,803.000,200.000,839.000,268.000,NaN,NaN,NaN,NaN,NaN,NaN,NaN
42,0,3014.000,12.190,1.060,0.082,-0.055,0.873,0.997,14,0,4.173,2.087,473.000,206.000,537.000,398.000,12.170,1.060,-1.250,0.810,0.610,1.830,-0.469
43,1,3014.000,7.817,3.427,0.092,0.006,0.958,1.000,14,0,3.637,1.818,0.000,238.000,125.000,523.000,7.770,3.480,-1.240,0.750,0.620,1.640,-0.158
44,2,3014.000,28.138,-4.236,0.033,-0.060,NaN,0.545,14,0,-3.371,-0.068,796.000,191.000,837.000,279.000,28.120,-4.120,-1.130,0.870,0.540,1.770,-0.527
45,0,3015.000,12.285,1.004,0.086,-0.054,0.860,0.959,15,0,4.173,2.087,480.000,207.000,540.000,397.000,12.300,1.020,-1.260,0.840,0.610,1.780,-0.485
46,1,3015.000,7.914,3.427,0.095,0.005,0.925,1.000,15,0,3.637,1.818,1.000,237.000,138.000,515.000,7.920,3.420,-1.240,0.790,0.570,1.720,-0.099
47,2,3015.000,28.224,-4.312,0.041,-0.063,0.371,0.972,15,0,-1.140,7.239,811.000,198.000,849.000,263.000,28.290,-4.360,-1.230,1.850,0.590,1.830,-1.028
48,0,3016.000,12.374,0.962,0.087,-0.050,0.829,NaN,16,0,3.773,-1.327,487.000,208.000,545.000,395.000,NaN,NaN,NaN,NaN,NaN,NaN,NaN
49,1,3016.000,8.036,3.383,0.102,-0.013,0.913,NaN,16,0,3.378,-1.327,30.000,233.000,137.000,502.000,NaN,NaN,NaN,NaN,NaN,NaN,NaN
50,2,3016.000,28.249,-4.414,0.037,-0.070,0.574,NaN,16,0,0.787,-1.324,813.000,198.000,851.000,259.000,NaN,NaN,NaN,NaN,NaN,NaN,NaN
51,0,3017.000,12.426,0.930,0.079,-0.044,0.852,0.899,17,0,4.173,2.087,491.000,209.000,547.000,396.000,12.400,0.940,-1.260,0.860,0.480,1.810,-0.648
52,1,3017.000,8.117,3.354,0.095,-0.018,0.889,1.000,17,0,3.637,1.818,35.000,231.000,136.000,501.000,8.110,3.340,-1.230,0.800,0.800,1.590,-0.205
53,2,3017.000,28.283,-4.465,0.037,-0.064,0.442,0.434,17,0,-0.847,-0.458,815.000,198.000,852.000,258.000,28.280,-4.430,-1.200,0.800,0.560,1.730,0.057
54,0,3018.000,12.530,0.883,0.089,-0.045,0.770,0.444,18,0,3.525,0.156,485.000,212.000,557.000,394.000,12.540,0.880,-1.230,0.870,0.580,1.740,-0.753
55,1,3018.000,8.233,3.315,0.102,-0.028,0.913,0.999,18,0,3.637,1.818,54.000,229.000,145.000,500.000,8.240,3.280,-1.250,0.830,0.790,1.760,-0.200
56,2,3018.000,28.324,-4.514,0.036,-0.059,0.088,0.584,18,0,-2.545,0.023,822.000,199.000,853.000,257.000,28.330,-4.500,-1.220,0.900,0.600,2.000,2.368
57,0,3019.000,12.619,0.866,0.089,-0.037,0.727,NaN,19,0,2.594,-1.322,482.000,210.000,561.000,394.000,NaN,NaN,NaN,NaN,NaN,NaN,NaN
58,1,3019.000,8.349,3.267,0.108,-0.033,0.905,NaN,19,0,3.378,-1.327,62.000,229.000,155.000,499.000,NaN,NaN,NaN,NaN,NaN,NaN,NaN
59,2,3019.000,28.348,-4.614,0.033,-0.069,0.186,NaN,19,0,-1.505,-1.325,825.000,198.000,853.000,256.000,NaN,NaN,NaN,NaN,NaN,NaN,NaN
60,0,3020.000,12.689,0.799,0.082,-0.044,0.291,0.969,20,0,-0.315,2.136,511.000,209.000,568.000,389.000,12.670,0.780,-1.200,0.890,0.550,1.710,-0.280
61,1,3020.000,8.389,3.216,0.089,-0.037,0.896,0.997,20,0,3.637,1.818,76.000,231.000,173.000,497.000,8.360,3.210,-1.200,0.840,0.640,1.700,0.052
62,2,3020.000,28.431,-4.663,0.042,-0.063,NaN,0.318,20,0,-3.374,-0.682,824.000,191.000,852.000,275.000,28.480,-4.640,-1.100,0.800,0.500,1.740,-0.209
63,0,3021.000,12.813,0.713,0.093,-0.054,0.109,0.912,21,0,-1.220,2.136,520.000,206.000,576.000,374.000,12.840,0.680,-1.220,0.740,0.620,1.600,-0.741
64,1,3021.000,8.518,3.183,0.100,-0.037,0.908,0.998,21,0,3.780,1.890,88.000,229.000,187.000,493.000,8.540,3.180,-1.200,0.810,0.560,1.650,-0.133
65,2,3021.000,28.471,-4.699,0.041,-0.057,0.077,0.977,21,0,-2.630,7.239,833.000,186.000,868.000,264.000,28.470,-4.660,-1.230,0.840,0.550,1.720,-0.740
66,0,3022.000,12.909,0.629,0.096,-0.062,0.044,NaN,22,0,-1.711,-1.288,525.000,206.000,612.000,337.000,NaN,NaN,NaN,NaN,NaN,NaN,NaN
67,1,3022.000,8.623,3.137,0.100,-0.039,0.879,NaN,22,0,3.378,-1.327,92.000,229.000,189.000,491.000,NaN,NaN,NaN,NaN,NaN,NaN,NaN
68,2,3022.000,28.511,-4.756,0.040,-0.057,NaN,NaN,22,0,0.021,-1.321,NaN,NaN,NaN,NaN,NaN,NaN,NaN,NaN,NaN,NaN,NaN
69,0,3023.000,13.005,0.580,0.096,-0.059,0.607,NaN,23,0,1.112,-1.222,531.000,206.000,589.000,284.000,NaN,NaN,NaN,NaN,NaN,NaN,NaN
70,1,3023.000,8.730,3.113,0.102,-0.037,0.897,1.000,23,0,3.780,1.890,110.000,224.000,196.000,480.000,8.730,3.110,-1.220,0.850,0.540,1.790,-0.360
71,2,3023.000,28.550,-4.813,0.040,-0.057,NaN,NaN,23,0,-0.339,-1.316,NaN,NaN,NaN,NaN,NaN,NaN,NaN,NaN,NaN,NaN,NaN
72,0,3024.000,13.263,0.527,0.133,-0.058,0.490,0.031,24,0,0.610,-0.972,535.000,205.000,591.000,263.000,13.310,0.530,-1.160,0.840,0.570,1.760,0.455
73,1,3024.000,8.886,3.076,0.117,-0.037,0.916,1.000,24,0,3.780,1.890,116.000,227.000,201.000,474.000,8.950,3.070,-1.200,0.830,0.560,1.740,-0.266
74,2,3024.000,28.589,-4.870,0.039,-0.057,NaN,NaN,24,0,-0.604,-1.306,NaN,NaN,NaN,NaN,NaN,NaN,NaN,NaN,NaN,NaN,NaN
75,0,3025.000,13.401,0.489,0.134,-0.053,0.616,NaN,25,0,0.986,-1.177,545.000,210.000,596.000,256.000,NaN,NaN,NaN,NaN,NaN,NaN,NaN
76,1,3025.000,9.001,3.040,0.115,-0.034,0.890,NaN,25,0,3.493,-1.327,129.000,223.000,215.000,473.000,NaN,NaN,NaN,NaN,NaN,NaN,NaN
77,2,3025.000,28.572,-5.204,0.032,-0.106,0.072,NaN,25,0,-1.989,-1.291,851.000,195.000,884.000,259.000,NaN,NaN,NaN,NaN,NaN,NaN,NaN
78,0,3026.000,13.483,0.430,0.121,-0.054,0.038,0.241,26,0,-1.831,-0.231,548.000,211.000,600.000,280.000,13.460,0.440,-1.200,0.860,0.560,1.780,0.590
79,1,3026.000,9.135,3.009,0.122,-0.035,0.911,0.988,26,0,3.780,1.890,135.000,222.000,224.000,472.000,9.150,3.010,-1.220,0.840,0.700,1.760,-0.114
80,2,3026.000,28.613,-5.301,0.034,-0.106,0.058,NaN,26,0,-1.962,-1.208,846.000,196.000,888.000,261.000,NaN,NaN,NaN,NaN,NaN,NaN,NaN
81,0,3027.000,13.583,0.359,0.114,-0.060,0.064,0.043,27,0,-1.576,-0.963,555.000,212.000,609.000,355.000,13.560,0.340,-1.170,0.850,0.550,1.750,0.369
82,1,3027.000,9.296,2.944,0.135,-0.046,0.911,1.000,27,0,3.780,1.890,149.000,225.000,249.000,471.000,9.330,2.920,-1.200,0.780,0.590,1.660,-0.280
83,2,3027.000,28.640,-5.367,0.035,-0.100,0.050,NaN,27,0,-2.189,-1.265,846.000,198.000,888.000,259.000,NaN,NaN,NaN,NaN,NaN,NaN,NaN
84,0,3028.000,13.696,0.300,0.112,-0.061,0.319,NaN,28,0,-0.332,-1.278,561.000,211.000,622.000,343.000,NaN,NaN,NaN,NaN,NaN,NaN,NaN
85,1,3028.000,9.426,2.903,0.133,-0.044,0.903,NaN,28,0,3.609,-1.327,150.000,228.000,259.000,468.000,NaN,NaN,NaN,NaN,NaN,NaN,NaN
86,2,3028.000,28.676,-5.532,0.032,-0.114,0.683,NaN,28,0,1.846,-1.291,866.000,197.000,892.000,259.000,NaN,NaN,NaN,NaN,NaN,NaN,NaN
87,0,3029.000,13.638,0.242,0.071,-0.064,0.458,0.360,29,0,0.470,-0.039,564.000,207.000,622.000,349.000,13.530,0.250,-1.160,0.860,0.550,1.720,0.385
88,1,3029.000,9.457,2.861,0.100,-0.042,0.908,0.997,29,0,3.780,1.890,158.000,226.000,268.000,466.000,9.400,2.870,-1.230,0.920,0.520,1.910,2.835
89,2,3029.000,28.968,-5.655,0.059,-0.108,0.747,0.027,29,0,1.189,-1.695,867.000,196.000,897.000,257.000,29.020,-5.550,-1.150,0.740,0.470,1.690,-1.056
90,0,3030.000,13.702,0.193,0.067,-0.061,0.798,0.516,30,0,4.151,0.424,569.000,205.000,628.000,357.000,13.680,0.220,-1.140,0.850,0.600,1.620,-0.226
91,1,3030.000,9.600,2.811,0.114,-0.044,0.894,0.999,30,0,3.920,1.960,175.000,220.000,264.000,455.000,9.640,2.810,-1.220,0.750,0.650,1.730,-0.130
92,2,3030.000,29.095,-5.718,0.070,-0.095,0.776,0.037,30,0,1.385,-1.651,869.000,196.000,903.000,264.000,29.190,-5.600,-1.300,0.740,0.600,1.870,0.603
93,0,3031.000,13.771,0.148,0.069,-0.057,0.874,NaN,31,0,4.137,-1.318,574.000,205.000,633.000,360.000,NaN,NaN,NaN,NaN,NaN,NaN,NaN
94,1,3031.000,9.709,2.789,0.111,-0.034,0.900,NaN,31,0,3.609,-1.327,190.000,216.000,269.000,450.000,NaN,NaN,NaN,NaN,NaN,NaN,NaN
95,2,3031.000,29.167,-5.827,0.069,-0.100,0.811,NaN,31,0,4.053,-1.315,870.000,196.000,905.000,262.000,NaN,NaN,NaN,NaN,NaN,NaN,NaN
96,0,3032.000,13.866,0.121,0.074,-0.047,0.561,0.884,32,0,1.175,2.172,577.000,206.000,636.000,353.000,13.870,0.140,-1.260,0.880,0.580,1.670,-0.077
97,1,3032.000,9.796,2.753,0.101,-0.034,0.903,0.999,32,0,3.920,1.960,195.000,214.000,272.000,449.000,9.790,2.760,-1.200,0.800,0.700,1.680,0.104
98,2,3032.000,29.277,-5.898,0.082,-0.087,0.762,0.017,32,0,1.256,-1.730,873.000,196.000,909.000,262.000,29.350,-5.830,-1.240,0.780,0.460,1.860,-0.056
99,0,3033.000,13.938,0.084,0.073,-0.044,0.740,NaN,33,0,2.960,-1.324,584.000,208.000,639.000,360.000,NaN,NaN,NaN,NaN,NaN,NaN,NaN
100,1,3033.000,9.894,2.740,0.100,-0.026,0.903,NaN,33,0,3.609,-1.327,206.000,215.000,284.000,449.000,NaN,NaN,NaN,NaN,NaN,NaN,NaN
101,2,3033.000,29.344,-6.012,0.076,-0.094,0.723,NaN,33,0,2.434,-1.319,878.000,197.000,911.000,263.000,NaN,NaN,NaN,NaN,NaN,NaN,NaN
102,0,3034.000,14.024,0.047,0.073,-0.042,0.787,0.685,34,0,4.001,1.165,591.000,211.000,647.000,360.000,14.030,0.050,-1.250,0.790,0.630,1.650,-0.536
103,1,3034.000,9.940,2.719,0.087,-0.023,0.886,0.998,34,0,3.920,1.960,218.000,216.000,294.000,447.000,9.920,2.730,-1.180,0.820,0.570,1.630,-0.139
104,2,3034.000,29.383,-6.106,0.070,-0.094,NaN,0.023,34,0,-3.505,-1.733,855.000,198.000,941.000,282.000,29.340,-6.100,-1.270,1.770,0.580,1.780,-1.197
105,0,3035.000,14.102,0.008,0.074,-0.040,0.746,0.775,35,0,3.277,1.818,595.000,211.000,656.000,361.000,14.110,0.010,-1.250,0.900,0.530,1.760,-0.376
106,1,3035.000,10.037,2.682,0.090,-0.028,0.904,1.000,35,0,3.920,1.960,223.000,217.000,303.000,446.000,10.050,2.670,-1.220,0.790,0.640,1.820,-0.388
107,2,3035.000,29.453,-6.199,0.070,-0.093,NaN,NaN,35,0,-2.163,-1.314,NaN,NaN,NaN,NaN,NaN,NaN,NaN,NaN,NaN,NaN,NaN
108,0,3036.000,14.177,-0.054,0.074,-0.047,0.755,NaN,36,0,3.250,-1.327,597.000,210.000,664.000,360.000,NaN,NaN,NaN,NaN,NaN,NaN,NaN
109,1,3036.000,10.129,2.652,0.091,-0.029,0.884,NaN,36,0,3.609,-1.327,233.000,218.000,311.000,445.000,NaN,NaN,NaN,NaN,NaN,NaN,NaN
110,2,3036.000,29.524,-6.295,0.071,-0.096,NaN,NaN,36,0,-1.938,-1.301,NaN,NaN,NaN,NaN,NaN,NaN,NaN,NaN,NaN,NaN,NaN
111,0,3037.000,14.303,-0.073,0.088,-0.036,0.699,0.539,37,0,2.546,0.513,599.000,205.000,671.000,358.000,14.340,-0.050,-1.210,0.880,0.570,1.700,-0.397
112,1,3037.000,10.209,2.631,0.089,-0.027,0.899,1.000,37,0,3.920,1.960,242.000,218.000,320.000,434.000,10.210,2.640,-1.200,0.850,0.620,1.710,-0.403
113,2,3037.000,29.521,-6.418,0.056,-0.104,0.472,0.967,37,0,-0.792,5.442,898.000,197.000,933.000,250.000,29.480,-6.460,-1.210,1.840,0.530,1.750,-1.109
114,0,3038.000,14.407,-0.121,0.093,-0.039,0.697,0.781,38,0,2.546,1.912,601.000,204.000,671.000,359.000,14.430,-0.130,-1.280,0.840,0.570,1.890,-0.367
115,1,3038.000,10.340,2.597,0.101,-0.027,0.858,0.998,38,0,3.920,1.960,247.000,214.000,327.000,429.000,10.380,2.590,-1.190,0.820,0.650,1.740,-0.080
116,2,3038.000,29.602,-6.562,0.060,-0.112,0.115,0.965,38,0,-2.753,5.979,899.000,195.000,936.000,252.000,29.610,-6.630,-1.230,1.960,0.600,1.870,-1.211
117,0,3039.000,14.503,-0.174,0.095,-0.043,0.688,NaN,39,0,2.367,-1.327,602.000,203.000,683.000,358.000,NaN,NaN,NaN,NaN,NaN,NaN,NaN
118,1,3039.000,10.444,2.564,0.103,-0.030,0.913,NaN,39,0,3.726,-1.327,257.000,212.000,333.000,430.000,NaN,NaN,NaN,NaN,NaN,NaN,NaN
119,2,3039.000,29.667,-6.736,0.057,-0.126,0.428,NaN,39,0,-0.402,-1.312,910.000,195.000,940.000,252.000,NaN,NaN,NaN,NaN,NaN,NaN,NaN
120,0,3040.000,14.589,-0.191,0.093,-0.035,0.493,0.814,40,0,0.696,2.172,611.000,204.000,685.000,323.000,14.580,-0.170,-1.240,0.840,0.570,1.860,-0.023
121,1,3040.000,10.551,2.538,0.105,-0.027,0.903,1.000,40,0,4.052,2.026,270.000,213.000,347.000,430.000,10.560,2.540,-1.210,0.720,0.800,1.560,-0.180
122,2,3040.000,29.736,-6.855,0.057,-0.125,0.649,0.941,40,0,-0.043,5.979,916.000,194.000,948.000,262.000,29.730,-6.850,-1.170,1.910,0.580,1.850,-1.211
123,0,3041.000,14.801,-0.188,0.122,-0.024,0.658,0.090,41,0,2.231,-0.712,613.000,208.000,686.000,328.000,14.900,-0.150,-1.310,0.760,0.660,1.800,0.437
124,1,3041.000,10.685,2.482,0.114,-0.035,0.912,1.000,41,0,4.052,2.026,273.000,214.000,348.000,429.000,10.710,2.460,-1.190,0.750,0.680,1.640,-0.362
125,2,3041.000,29.822,-6.993,0.062,-0.128,0.007,0.945,41,0,-3.663,5.979,918.000,195.000,944.000,232.000,29.880,-7.020,-1.240,1.900,0.620,1.890,-1.181
126,0,3042.000,14.922,-0.243,0.121,-0.034,0.635,NaN,42,0,1.854,-1.327,618.000,209.000,684.000,353.000,NaN,NaN,NaN,NaN,NaN,NaN,NaN
127,1,3042.000,10.800,2.449,0.115,-0.034,0.904,NaN,42,0,3.726,-1.327,272.000,216.000,365.000,426.000,NaN,NaN,NaN,NaN,NaN,NaN,NaN
128,2,3042.000,29.885,-7.112,0.063,-0.126,0.738,NaN,42,0,2.746,-1.327,917.000,196.000,956.000,258.000,NaN,NaN,NaN,NaN,NaN,NaN,NaN
129,0,3043.000,15.043,-0.276,0.121,-0.034,NaN,NaN,43,0,-2.805,-1.327,NaN,NaN,NaN,NaN,NaN,NaN,NaN,NaN,NaN,NaN,NaN
130,1,3043.000,10.863,2.422,0.099,-0.031,0.871,0.998,43,0,4.052,2.026,276.000,215.000,372.000,423.000,10.830,2.430,-1.260,0.740,0.660,1.680,-0.240
131,2,3043.000,29.944,-7.212,0.062,-0.121,0.731,0.997,43,0,0.780,5.979,925.000,195.000,961.000,259.000,29.950,-7.180,-1.190,1.920,0.620,1.840,-1.044
132,0,3044.000,15.150,-0.307,0.116,-0.035,0.832,0.258,44,0,4.394,-0.215,624.000,208.000,686.000,349.000,15.150,-0.290,-1.210,0.870,0.600,1.830,0.113
133,1,3044.000,10.949,2.361,0.096,-0.041,0.902,1.000,44,0,4.052,2.026,290.000,214.000,369.000,418.000,10.950,2.340,-1.240,0.900,0.560,1.790,-0.291
134,2,3044.000,30.010,-7.312,0.062,-0.117,0.777,0.980,44,0,1.158,5.979,928.000,195.000,963.000,263.000,30.030,-7.280,-1.210,1.830,0.590,1.890,-1.180
135,0,3045.000,15.262,-0.372,0.117,-0.044,0.831,NaN,45,0,4.103,-1.326,628.000,205.000,688.000,347.000,NaN,NaN,NaN,NaN,NaN,NaN,NaN
136,1,3045.000,11.044,2.317,0.096,-0.042,0.902,NaN,45,0,3.726,-1.327,308.000,213.000,375.000,415.000,NaN,NaN,NaN,NaN,NaN,NaN,NaN
137,2,3045.000,30.068,-7.435,0.062,-0.118,0.802,NaN,45,0,3.866,-1.327,930.000,195.000,968.000,259.000,NaN,NaN,NaN,NaN,NaN,NaN,NaN
138,0,3046.000,15.357,-0.418,0.114,-0.042,0.013,NaN,46,0,-3.453,-1.325,654.000,197.000,661.000,212.000,NaN,NaN,NaN,NaN,NaN,NaN,NaN
139,1,3046.000,11.135,2.267,0.095,-0.044,0.892,0.999,46,0,4.052,2.026,317.000,212.000,384.000,415.000,11.140,2.250,-1.210,0.720,0.780,1.710,-0.245
140,2,3046.000,30.162,-7.529,0.069,-0.113,0.746,0.995,46,0,0.957,5.979,935.000,196.000,972.000,258.000,30.210,-7.490,-1.160,1.880,0.590,1.830,-1.057
141,0,3047.000,15.337,-0.455,0.087,-0.040,0.576,0.494,47,0,1.390,0.348,633.000,205.000,691.000,349.000,15.270,-0.400,-1.260,0.860,0.580,1.790,-0.259
142,1,3047.000,11.318,2.208,0.120,-0.050,0.891,0.996,47,0,4.052,2.026,322.000,212.000,388.000,414.000,11.380,2.180,-1.210,0.680,0.760,1.670,-0.267
143,2,3047.000,30.241,-7.618,0.071,-0.108,0.642,0.999,47,0,-0.106,5.979,938.000,199.000,974.000,261.000,30.260,-7.590,-1.230,1.910,0.580,1.840,-1.097
144,0,3048.000,15.424,-0.504,0.087,-0.044,0.475,NaN,48,0,0.513,-1.324,637.000,210.000,703.000,349.000,NaN,NaN,NaN,NaN,NaN,NaN,NaN
145,1,3048.000,11.437,2.178,0.119,-0.043,0.896,NaN,48,0,3.848,-1.327,331.000,214.000,397.000,413.000,NaN,NaN,NaN,NaN,NaN,NaN,NaN
146,2,3048.000,30.307,-7.744,0.069,-0.112,0.618,NaN,48,0,1.205,-1.327,945.000,195.000,977.000,258.000,NaN,NaN,NaN,NaN,NaN,NaN,NaN
147,0,3049.000,15.425,-0.529,0.071,-0.037,0.773,0.648,49,0,3.743,1.071,640.000,209.000,714.000,346.000,15.380,-0.500,-1.280,0.810,0.490,1.720,-0.592
148,1,3049.000,11.489,2.130,0.102,-0.045,0.881,1.000,49,0,4.052,2.026,339.000,215.000,405.000,410.000,11.460,2.120,-1.200,0.810,0.560,1.750,-0.342
149,2,3049.000,30.380,-7.827,0.069,-0.106,NaN,0.973,49,0,-3.674,5.979,924.000,194.000,998.000,278.000,30.390,-7.770,-1.190,1.730,0.540,1.840,-1.012
150,0,3050.000,15.506,-0.556,0.071,-0.033,0.430,0.190,50,0,0.379,-0.377,642.000,221.000,717.000,346.000,15.530,-0.530,-1.260,0.870,0.540,1.730,-0.518
151,1,3050.000,11.616,2.076,0.109,-0.049,0.891,0.999,50,0,4.173,2.087,344.000,215.000,410.000,409.000,11.630,2.070,-1.250,0.780,0.600,1.700,-0.354
152,2,3050.000,30.477,-7.942,0.076,-0.105,NaN,0.018,50,0,-3.835,-1.903,929.000,190.000,1006.000,269.000,30.510,-7.940,-1.050,1.820,0.600,1.740,-0.969
153,0,3051.000,15.576,-0.614,0.071,-0.041,0.421,NaN,51,0,0.039,-1.321,644.000,208.000,718.000,325.000,NaN,NaN,NaN,NaN,NaN,NaN,NaN
154,1,3051.000,11.718,2.047,0.106,-0.043,0.860,NaN,51,0,3.848,-1.327,352.000,215.000,416.000,402.000,NaN,NaN,NaN,NaN,NaN,NaN,NaN
155,2,3051.000,30.540,-8.100,0.073,-0.118,0.639,NaN,51,0,1.407,-1.327,958.000,189.000,993.000,257.000,NaN,NaN,NaN,NaN,NaN,NaN,NaN
156,0,3052.000,15.659,-0.601,0.074,-0.025,0.697,0.226,52,0,2.731,-0.298,645.000,207.000,719.000,326.000,15.660,-0.550,-1.160,0.850,0.470,1.690,-1.017
157,1,3052.000,11.871,2.007,0.121,-0.044,0.885,0.998,52,0,4.173,2.087,356.000,214.000,419.000,401.000,11.900,2.020,-1.210,0.750,0.770,1.550,-0.052
158,2,3052.000,30.684,-8.210,0.088,-0.114,0.712,0.889,52,0,0.297,2.161,960.000,189.000,996.000,265.000,30.770,-8.170,-1.140,2.070,0.590,1.880,-1.061
159,0,3053.000,15.883,-0.596,0.112,-0.018,0.796,0.030,53,0,4.330,-1.147,647.000,204.000,720.000,315.000,16.020,-0.560,-1.210,0.750,0.580,1.750,0.384
160,1,3053.000,12.010,1.970,0.128,-0.041,0.889,0.998,53,0,4.173,2.087,364.000,212.000,431.000,402.000,12.020,1.980,-1.250,0.730,0.700,1.650,-0.226
161,2,3053.000,30.833,-8.371,0.097,-0.122,0.352,0.479,53,0,-1.799,-0.589,966.000,196.000,997.000,257.000,30.910,-8.460,-1.180,1.970,0.600,1.920,-1.041
162,0,3054.000,15.991,-0.650,0.111,-0.029,0.703,NaN,54,0,2.445,-1.320,647.000,203.000,725.000,311.000,NaN,NaN,NaN,NaN,NaN,NaN,NaN
163,1,3054.000,12.138,1.940,0.129,-0.037,0.868,NaN,54,0,3.848,-1.327,373.000,213.000,440.000,394.000,NaN,NaN,NaN,NaN,NaN,NaN,NaN
164,2,3054.000,30.931,-8.494,0.098,-0.123,NaN,NaN,54,0,-2.397,-1.327,NaN,NaN,NaN,NaN,NaN,NaN,NaN,NaN,NaN,NaN,NaN
165,0,3055.000,16.092,-0.699,0.109,-0.035,0.806,0.668,55,0,4.418,1.198,643.000,205.000,729.000,309.000,16.090,-0.720,-1.260,0.700,0.590,1.920,0.003
166,1,3055.000,12.209,1.868,0.114,-0.047,NaN,0.858,55,0,-2.317,2.087,331.000,196.000,492.000,410.000,12.170,1.840,-1.270,1.840,0.530,1.750,-0.378
167,2,3055.000,30.982,-8.538,0.089,-0.106,0.014,0.347,55,0,-3.827,-0.899,978.000,188.000,1008.000,232.000,30.930,-8.470,-1.150,1.930,0.580,1.780,-1.041
168,0,3056.000,16.214,-0.739,0.113,-0.037,0.689,NaN,56,0,2.308,-1.316,643.000,206.000,731.000,310.000,NaN,NaN,NaN,NaN,NaN,NaN,NaN
169,1,3056.000,12.349,1.817,0.122,-0.048,NaN,0.019,56,0,-2.317,-1.127,335.000,197.000,500.000,402.000,12.370,1.820,-1.260,1.770,0.600,1.720,-0.418
170,2,3056.000,31.067,-8.661,0.089,-0.113,0.721,0.681,56,0,0.434,-0.029,979.000,189.000,1009.000,262.000,31.080,-8.720,-1.180,0.970,0.780,1.890,-0.806
171,0,3057.000,16.326,-0.779,0.113,-0.038,0.548,NaN,57,0,0.987,-1.315,646.000,207.000,727.000,311.000,NaN,NaN,NaN,NaN,NaN,NaN,NaN
172,1,3057.000,12.469,1.798,0.122,-0.038,0.869,NaN,57,0,3.988,-1.327,388.000,214.000,458.000,384.000,NaN,NaN,NaN,NaN,NaN,NaN,NaN
173,2,3057.000,31.154,-8.787,0.089,-0.117,0.057,NaN,57,0,-2.397,-1.327,978.000,187.000,1014.000,242.000,NaN,NaN,NaN,NaN,NaN,NaN,NaN
174,0,3058.000,16.441,-0.856,0.114,-0.049,0.322,NaN,58,0,-0.607,-1.315,668.000,207.000,720.000,303.000,NaN,NaN,NaN,NaN,NaN,NaN,NaN
175,1,3058.000,12.537,1.771,0.106,-0.033,0.883,0.998,58,0,4.173,2.087,401.000,212.000,461.000,390.000,12.500,1.780,-1.260,0.740,0.620,1.680,-0.152
176,2,3058.000,31.228,-8.896,0.087,-0.116,0.607,0.898,58,0,-0.486,2.616,990.000,193.000,1019.000,263.000,31.210,-8.870,-1.150,0.780,0.620,1.900,-0.952
177,0,3059.000,16.558,-0.912,0.115,-0.053,0.291,NaN,59,0,-0.677,-1.317,668.000,207.000,721.000,306.000,NaN,NaN,NaN,NaN,NaN,NaN,NaN
178,1,3059.000,12.653,1.720,0.109,-0.038,0.845,0.998,59,0,4.272,2.136,405.000,211.000,464.000,385.000,12.670,1.690,-1.230,0.780,0.590,1.740,-0.137
179,2,3059.000,31.286,-9.068,0.081,-0.129,0.093,NaN,59,0,-2.104,-1.327,994.000,193.000,1021.000,237.000,NaN,NaN,NaN,NaN,NaN,NaN,NaN
180,0,3060.000,16.674,-0.970,0.115,-0.052,0.104,NaN,60,0,-1.424,-1.319,665.000,205.000,734.000,309.000,NaN,NaN,NaN,NaN,NaN,NaN,NaN
181,1,3060.000,12.758,1.703,0.108,-0.032,0.869,NaN,60,0,3.988,-1.327,412.000,210.000,470.000,390.000,NaN,NaN,NaN,NaN,NaN,NaN,NaN
182,2,3060.000,31.362,-9.221,0.079,-0.138,0.685,NaN,60,0,1.846,-1.327,999.000,195.000,1025.000,260.000,NaN,NaN,NaN,NaN,NaN,NaN,NaN
183,0,3061.000,16.797,-1.030,0.117,-0.054,0.567,NaN,61,0,1.125,-1.320,672.000,203.000,734.000,310.000,NaN,NaN,NaN,NaN,NaN,NaN,NaN
184,1,3061.000,12.837,1.657,0.102,-0.037,0.874,0.998,61,0,4.272,2.136,420.000,212.000,479.000,384.000,12.810,1.630,-1.200,0.730,0.640,1.540,0.021
185,2,3061.000,31.674,-9.460,0.123,-0.159,0.762,0.387,61,0,0.597,-0.941,1004.000,194.000,1040.000,259.000,31.840,-9.570,-1.220,1.860,0.620,1.920,-1.047
186,0,3062.000,16.790,-1.058,0.103,-0.049,0.248,0.526,62,0,-0.515,0.572,674.000,203.000,735.000,331.000,16.780,-1.040,-1.280,0.940,0.550,1.860,-0.334
187,1,3062.000,12.976,1.581,0.113,-0.050,0.884,0.999,62,0,4.272,2.136,423.000,214.000,481.000,382.000,13.010,1.550,-1.240,0.780,0.580,1.660,-0.308
188,2,3062.000,31.816,-9.626,0.127,-0.159,0.708,0.848,62,0,0.070,1.064,1006.000,194.000,1040.000,261.000,31.860,-9.630,-1.160,0.830,0.480,1.920,-0.182
189,0,3063.000,16.894,-1.098,0.104,-0.047,0.556,NaN,63,0,1.164,-1.322,679.000,205.000,733.000,338.000,NaN,NaN,NaN,NaN,NaN,NaN,NaN
190,1,3063.000,13.088,1.550,0.112,-0.045,0.883,NaN,63,0,4.137,-1.327,431.000,216.000,488.000,374.000,NaN,NaN,NaN,NaN,NaN,NaN,NaN
191,2,3063.000,31.943,-9.790,0.126,-0.160,0.607,NaN,63,0,0.895,-1.327,1012.000,194.000,1042.000,253.000,NaN,NaN,NaN,NaN,NaN,NaN,NaN
192,0,3064.000,16.937,-1.139,0.091,-0.046,0.719,0.138,64,0,3.095,-0.563,684.000,207.000,736.000,333.000,16.880,-1.100,-1.280,0.840,0.580,1.680,-0.178
193,1,3064.000,13.228,1.495,0.121,-0.047,0.871,0.992,64,0,4.272,2.136,436.000,216.000,494.000,340.000,13.250,1.490,-1.230,0.850,0.640,1.790,-0.377
194,2,3064.000,31.970,-9.850,0.109,-0.141,0.649,0.998,64,0,-0.474,2.487,1017.000,195.000,1047.000,247.000,31.910,-9.670,-1.150,0.820,0.540,1.680,-0.700
195,0,3065.000,17.028,-1.168,0.089,-0.039,0.590,0.463,65,0,1.640,0.303,687.000,208.000,737.000,333.000,17.020,-1.140,-1.300,0.910,0.460,1.820,-0.112
196,1,3065.000,13.419,1.432,0.135,-0.050,0.852,0.994,65,0,4.272,2.136,439.000,216.000,496.000,327.000,13.470,1.420,-1.190,0.740,0.900,1.520,-0.122
197,2,3065.000,32.087,-9.989,0.109,-0.142,NaN,0.146,65,0,-4.005,-1.519,1006.000,196.000,1061.000,277.000,32.110,-9.980,-1.230,1.790,0.570,1.860,-0.676
198,0,3066.000,17.120,-1.209,0.090,-0.038,0.334,NaN,66,0,-0.304,-1.324,691.000,208.000,740.000,336.000,NaN,NaN,NaN,NaN,NaN,NaN,NaN
199,1,3066.000,13.553,1.424,0.136,-0.037,0.640,NaN,66,0,1.595,-1.327,446.000,214.000,503.000,297.000,NaN,NaN,NaN,NaN,NaN,NaN,NaN
200,2,3066.000,32.187,-10.156,0.108,-0.148,0.722,NaN,66,0,2.434,-1.327,1024.000,195.000,1056.000,256.000,NaN,NaN,NaN,NaN,NaN,NaN,NaN
201,0,3067.000,17.224,-1.253,0.093,-0.040,0.439,0.032,67,0,0.479,-1.175,694.000,207.000,743.000,337.000,17.240,-1.260,-1.220,0.840,0.620,1.690,-0.536
202,1,3067.000,13.691,1.421,0.135,-0.029,0.542,NaN,67,0,0.556,-1.327,451.000,214.000,505.000,281.000,NaN,NaN,NaN,NaN,NaN,NaN,NaN
203,2,3067.000,32.324,-10.275,0.115,-0.142,NaN,0.016,67,0,-4.005,-1.990,1004.000,193.000,1077.000,277.000,32.370,-10.210,-1.220,1.650,0.630,1.970,-1.081
204,0,3068.000,17.325,-1.278,0.096,-0.037,0.518,0.826,68,0,1.035,2.248,697.000,204.000,749.000,336.000,17.330,-1.270,-1.220,0.830,0.660,1.750,-0.380
205,1,3068.000,13.826,1.392,0.135,-0.029,NaN,NaN,68,0,-2.272,-1.327,NaN,NaN,NaN,NaN,NaN,NaN,NaN,NaN,NaN,NaN,NaN
206,2,3068.000,32.459,-10.401,0.121,-0.140,0.681,0.930,68,0,-0.282,2.487,1032.000,194.000,1062.000,259.000,32.500,-10.390,-1.160,0.820,0.580,1.690,-0.819
207,0,3069.000,17.419,-1.344,0.096,-0.047,0.625,NaN,69,0,1.735,-1.326,701.000,200.000,752.000,334.000,NaN,NaN,NaN,NaN,NaN,NaN,NaN
208,1,3069.000,13.960,1.363,0.134,-0.028,NaN,NaN,69,0,-0.771,-1.327,NaN,NaN,NaN,NaN,NaN,NaN,NaN,NaN,NaN,NaN,NaN
209,2,3069.000,32.578,-10.541,0.119,-0.140,NaN,NaN,69,0,-2.207,-1.327,NaN,NaN,NaN,NaN,NaN,NaN,NaN,NaN,NaN,NaN,NaN
210,0,3070.000,17.494,-1.367,0.091,-0.040,0.551,0.974,70,0,1.348,2.248,703.000,203.000,766.000,332.000,17.470,-1.340,-1.220,0.860,0.560,1.790,-0.150
211,1,3070.000,13.914,1.884,0.147,0.056,0.015,NaN,70,0,-1.645,-1.327,353.000,325.000,459.000,492.000,NaN,NaN,NaN,NaN,NaN,NaN,NaN
212,2,3070.000,32.652,-10.585,0.110,-0.120,0.013,0.664,70,0,-4.173,-0.312,1038.000,197.000,1060.000,254.000,32.600,-10.460,-1.220,0.820,0.510,1.730,-0.713
213,0,3071.000,17.603,-1.408,0.097,-0.039,0.060,0.969,71,0,-1.887,2.261,705.000,209.000,768.000,310.000,17.620,-1.410,-1.240,0.820,0.620,1.660,-0.270
214,1,3071.000,14.062,1.939,0.148,0.056,NaN,NaN,71,0,-1.502,-1.327,NaN,NaN,NaN,NaN,NaN,NaN,NaN,NaN,NaN,NaN,NaN
215,2,3071.000,32.790,-10.656,0.114,-0.111,0.305,0.853,71,0,-2.451,0.968,1043.000,202.000,1060.000,263.000,32.820,-10.620,-1.190,0.850,0.590,1.580,-0.846
216,0,3072.000,17.700,-1.447,0.097,-0.040,NaN,NaN,72,0,3.289,-1.326,NaN,NaN,NaN,NaN,NaN,NaN,NaN,NaN,NaN,NaN,NaN
217,1,3072.000,14.211,1.995,0.149,0.055,NaN,NaN,72,0,-2.018,-1.327,NaN,NaN,NaN,NaN,NaN,NaN,NaN,NaN,NaN,NaN,NaN
218,2,3072.000,32.903,-10.766,0.113,-0.110,NaN,NaN,72,0,-2.403,-1.326,NaN,NaN,NaN,NaN,NaN,NaN,NaN,NaN,NaN,NaN,NaN
219,0,3073.000,17.763,-1.478,0.089,-0.037,NaN,0.972,73,0,-2.560,2.261,704.000,199.000,758.000,331.000,17.730,-1.460,-1.240,0.800,0.550,1.670,-0.254
220,1,3073.000,14.359,2.051,0.148,0.056,NaN,NaN,73,0,-0.322,-1.327,NaN,NaN,NaN,NaN,NaN,NaN,NaN,NaN,NaN,NaN,NaN
221,2,3073.000,32.982,-11.008,0.108,-0.135,0.008,NaN,73,0,-2.917,-1.324,1050.000,216.000,1084.000,265.000,NaN,NaN,NaN,NaN,NaN,NaN,NaN
222,0,3074.000,17.906,-1.486,0.101,-0.030,NaN,0.180,74,0,-2.560,-0.449,706.000,194.000,758.000,326.000,17.970,-1.480,-1.190,0.820,0.560,1.690,0.057
223,1,3074.000,14.507,2.106,0.147,0.055,NaN,NaN,74,0,-2.998,-1.327,NaN,NaN,NaN,NaN,NaN,NaN,NaN,NaN,NaN,NaN,NaN
224,2,3074.000,33.088,-11.142,0.107,-0.134,NaN,NaN,74,0,-0.466,-1.277,NaN,NaN,NaN,NaN,NaN,NaN,NaN,NaN,NaN,NaN,NaN
225,0,3075.000,18.007,-1.515,0.101,-0.030,NaN,NaN,75,0,0.153,-1.326,NaN,NaN,NaN,NaN,NaN,NaN,NaN,NaN,NaN,NaN,NaN
226,1,3075.000,14.656,2.163,0.149,0.056,NaN,NaN,75,0,-2.483,-1.327,NaN,NaN,NaN,NaN,NaN,NaN,NaN,NaN,NaN,NaN,NaN
227,2,3075.000,33.165,-11.393,0.103,-0.159,0.476,NaN,75,0,-0.078,-1.234,1067.000,194.000,1088.000,251.000,NaN,NaN,NaN,NaN,NaN,NaN,NaN
228,0,3076.000,18.107,-1.545,0.100,-0.029,NaN,NaN,76,0,3.250,-1.325,NaN,NaN,NaN,NaN,NaN,NaN,NaN,NaN,NaN,NaN,NaN
229,1,3076.000,14.804,2.219,0.149,0.056,NaN,NaN,76,0,-2.567,-2.174,NaN,NaN,NaN,NaN,NaN,NaN,NaN,NaN,NaN,NaN,NaN
230,2,3076.000,33.277,-11.540,0.106,-0.156,0.677,NaN,76,0,1.609,-1.312,1069.000,195.000,1091.000,254.000,NaN,NaN,NaN,NaN,NaN,NaN,NaN
231,0,3077.000,18.276,-1.622,0.114,-0.043,0.021,0.190,77,0,-2.490,-0.418,721.000,204.000,766.000,250.000,18.310,-1.640,-1.260,0.780,0.580,1.780,-0.122
232,1,3077.000,14.952,2.275,0.148,0.056,NaN,NaN,77,0,1.981,-1.327,NaN,NaN,NaN,NaN,NaN,NaN,NaN,NaN,NaN,NaN,NaN
233,2,3077.000,33.395,-11.673,0.108,-0.151,0.697,NaN,77,0,1.890,-1.316,1071.000,195.000,1094.000,254.000,NaN,NaN,NaN,NaN,NaN,NaN,NaN
234,97,3077.000,20.710,2.390,0.000,0.000,0.015,0.851,77,0,-2.634,2.141,507.000,227.000,551.000,262.000,20.710,2.390,-1.250,1.840,0.680,1.970,-0.696
235,0,3078.000,18.391,-1.665,0.115,-0.043,NaN,NaN,78,0,-2.180,-1.325,NaN,NaN,NaN,NaN,NaN,NaN,NaN,NaN,NaN,NaN,NaN
236,1,3078.000,15.100,2.330,0.147,0.056,NaN,NaN,78,0,2.836,-1.327,NaN,NaN,NaN,NaN,NaN,NaN,NaN,NaN,NaN,NaN,NaN
237,2,3078.000,33.522,-11.797,0.112,-0.143,0.631,NaN,78,0,1.305,-1.313,1073.000,194.000,1097.000,255.000,NaN,NaN,NaN,NaN,NaN,NaN,NaN
238,97,3078.000,20.723,2.295,0.008,-0.045,0.066,NaN,78,0,-2.036,-1.322,455.000,214.000,500.000,282.000,NaN,NaN,NaN,NaN,NaN,NaN,NaN
239,0,3079.000,18.434,-1.722,0.101,-0.045,NaN,0.236,79,0,-2.557,-0.301,724.000,197.000,768.000,328.000,18.390,-1.710,-1.240,0.800,0.550,1.730,-0.060
240,1,3079.000,15.247,2.385,0.148,0.055,NaN,NaN,79,0,-2.183,-1.327,NaN,NaN,NaN,NaN,NaN,NaN,NaN,NaN,NaN,NaN,NaN
241,2,3079.000,33.811,-11.948,0.136,-0.135,0.395,0.045,79,0,-2.208,-2.032,1078.000,195.000,1099.000,251.000,33.930,-11.760,-1.130,0.760,0.530,1.780,-0.957
242,97,3079.000,20.965,2.165,0.101,-0.090,0.810,0.999,79,0,4.218,2.148,455.000,200.000,508.000,295.000,21.040,2.120,-1.310,1.830,0.550,1.920,-0.710
243,105,3079.000,14.590,0.860,0.000,0.000,0.013,0.987,79,0,-2.366,2.197,480.000,200.000,505.000,243.000,14.590,0.860,-1.310,0.720,0.630,1.650,-0.324
244,0,3080.000,18.472,-1.795,0.085,-0.046,NaN,0.118,80,0,-2.555,-0.661,719.000,200.000,787.000,336.000,18.400,-1.820,-1.310,0.850,0.520,1.790,-0.680
245,1,3080.000,15.394,2.439,0.147,0.054,NaN,NaN,80,0,4.218,-0.852,NaN,NaN,NaN,NaN,NaN,NaN,NaN,NaN,NaN,NaN,NaN
246,2,3080.000,33.922,-12.025,0.135,-0.120,0.299,0.030,80,0,-2.549,-2.059,1077.000,195.000,1099.000,250.000,33.930,-11.860,-1.220,0.730,0.690,1.720,-0.798
247,97,3080.000,21.359,1.920,0.221,-0.165,0.015,0.988,80,0,-2.644,2.148,491.000,202.000,516.000,244.000,21.410,1.830,-1.230,1.860,0.510,1.910,-0.741
248,105,3080.000,14.675,0.803,0.054,-0.031,NaN,0.920,80,0,-2.387,2.197,508.000,206.000,588.000,370.000,14.720,0.790,-1.340,0.780,0.600,1.710,-0.365
249,0,3081.000,18.557,-1.841,0.085,-0.046,NaN,NaN,81,0,-0.650,-1.320,NaN,NaN,NaN,NaN,NaN,NaN,NaN,NaN,NaN,NaN,NaN
250,1,3081.000,15.541,2.494,0.147,0.055,NaN,NaN,81,0,-2.039,-1.276,NaN,NaN,NaN,NaN,NaN,NaN,NaN,NaN,NaN,NaN,NaN
251,2,3081.000,34.053,-12.163,0.133,-0.121,0.125,NaN,81,0,-1.769,-1.262,1083.000,198.000,1104.000,251.000,NaN,NaN,NaN,NaN,NaN,NaN,NaN
252,97,3081.000,21.564,1.802,0.218,-0.150,0.851,NaN,81,0,4.491,-1.327,481.000,201.000,531.000,291.000,NaN,NaN,NaN,NaN,NaN,NaN,NaN
253,105,3081.000,14.730,0.772,0.055,-0.031,NaN,NaN,81,0,-2.711,-1.282,NaN,NaN,NaN,NaN,NaN,NaN,NaN,NaN,NaN,NaN,NaN
254,0,3082.000,18.547,-1.851,0.064,-0.036,NaN,0.535,82,0,-2.546,0.598,729.000,196.000,779.000,331.000,18.480,-1.840,-1.250,0.900,0.520,1.780,2.881
255,1,3082.000,15.689,2.548,0.147,0.054,NaN,NaN,82,0,-1.949,-0.922,NaN,NaN,NaN,NaN,NaN,NaN,NaN,NaN,NaN,NaN,NaN
256,2,3082.000,34.207,-12.252,0.138,-0.113,0.071,NaN,82,0,-2.076,-1.211,1083.000,199.000,1105.000,253.000,NaN,NaN,NaN,NaN,NaN,NaN,NaN
257,97,3082.000,21.761,1.647,0.211,-0.150,0.036,0.147,82,0,-2.500,-0.675,528.000,225.000,573.000,289.000,21.660,1.620,-1.230,1.800,0.580,1.870,-0.792
258,105,3082.000,14.803,0.729,0.058,-0.038,NaN,0.019,82,0,-2.314,-1.123,509.000,208.000,597.000,373.000,14.810,0.740,-1.380,0.830,0.600,1.730,-0.515
259,0,3083.000,18.722,-1.964,0.085,-0.053,0.057,0.124,83,0,-1.933,-0.683,736.000,208.000,788.000,296.000,18.830,-2.050,-1.290,0.750,0.610,1.770,-0.182
260,1,3083.000,15.835,2.602,0.147,0.054,NaN,NaN,83,0,-0.000,-0.000,NaN,NaN,NaN,NaN,NaN,NaN,NaN,NaN,NaN,NaN,NaN
261,2,3083.000,34.303,-12.458,0.125,-0.136,0.364,NaN,83,0,-0.693,-1.196,1095.000,196.000,1116.000,253.000,NaN,NaN,NaN,NaN,NaN,NaN,NaN
262,97,3083.000,21.963,1.458,0.201,-0.156,NaN,0.032,83,0,-2.766,-1.314,475.000,201.000,590.000,315.000,21.900,1.420,-1.340,1.900,0.570,1.770,-0.862
263,105,3083.000,14.919,0.630,0.074,-0.058,0.072,0.166,83,0,-1.481,-0.403,535.000,225.000,577.000,263.000,14.950,0.600,-1.470,0.790,0.640,1.760,-0.466
264,0,3084.000,18.803,-2.051,0.085,-0.062,0.340,NaN,84,0,-0.250,-1.310,746.000,204.000,793.000,330.000,NaN,NaN,NaN,NaN,NaN,NaN,NaN
265,1,3084.000,15.983,0.879,0.143,-0.152,0.365,NaN,84,0,-0.000,-0.000,544.000,223.000,584.000,257.000,NaN,NaN,NaN,NaN,NaN,NaN,NaN
266,2,3084.000,34.427,-12.637,0.124,-0.147,0.571,NaN,84,0,0.787,-1.287,1097.000,195.000,1120.000,259.000,NaN,NaN,NaN,NaN,NaN,NaN,NaN
267,97,3084.000,22.163,1.295,0.200,-0.159,0.158,NaN,84,0,-1.499,-1.324,525.000,194.000,563.000,261.000,NaN,NaN,NaN,NaN,NaN,NaN,NaN
268,105,3084.000,14.987,0.742,0.066,0.001,0.075,NaN,84,0,-2.440,-1.208,545.000,193.000,562.000,212.000,NaN,NaN,NaN,NaN,NaN,NaN,NaN
269,0,3085.000,18.886,-2.131,0.084,-0.068,0.148,NaN,85,0,-1.035,-1.302,747.000,204.000,799.000,331.000,NaN,NaN,NaN,NaN,NaN,NaN,NaN
270,1,3085.000,16.126,0.725,0.142,-0.154,NaN,NaN,85,0,-2.880,-1.286,NaN,NaN,NaN,NaN,NaN,NaN,NaN,NaN,NaN,NaN,NaN
271,2,3085.000,34.555,-12.799,0.125,-0.151,0.680,NaN,85,0,1.846,-1.317,1101.000,197.000,1122.000,259.000,NaN,NaN,NaN,NaN,NaN,NaN,NaN
272,97,3085.000,22.367,1.080,0.202,-0.170,0.222,NaN,85,0,-1.352,-1.311,543.000,200.000,583.000,249.000,NaN,NaN,NaN,NaN,NaN,NaN,NaN
273,105,3085.000,15.050,0.705,0.067,-0.017,0.342,NaN,85,0,-0.987,-1.231,546.000,216.000,591.000,256.000,NaN,NaN,NaN,NaN,NaN,NaN,NaN
274,0,3086.000,18.973,-2.199,0.085,-0.069,0.071,NaN,86,0,-1.391,-1.293,747.000,205.000,802.000,333.000,NaN,NaN,NaN,NaN,NaN,NaN,NaN
275,1,3086.000,16.266,0.572,0.141,-0.153,NaN,NaN,86,0,-2.493,-1.225,NaN,NaN,NaN,NaN,NaN,NaN,NaN,NaN,NaN,NaN,NaN
276,2,3086.000,34.682,-12.927,0.130,-0.147,0.738,NaN,86,0,2.746,-1.321,1102.000,196.000,1124.000,257.000,NaN,NaN,NaN,NaN,NaN,NaN,NaN
277,97,3086.000,22.566,0.885,0.202,-0.176,0.170,NaN,86,0,-1.576,-1.285,546.000,208.000,601.000,257.000,NaN,NaN,NaN,NaN,NaN,NaN,NaN
278,105,3086.000,15.098,0.654,0.064,-0.031,0.027,NaN,86,0,-2.846,-1.218,546.000,222.000,591.000,257.000,NaN,NaN,NaN,NaN,NaN,NaN,NaN
279,0,3087.000,19.048,-2.195,0.082,-0.050,0.056,0.061,87,0,-1.892,-0.946,785.000,196.000,796.000,231.000,19.050,-2.100,-1.310,0.760,0.620,1.830,-0.288
280,1,3087.000,16.349,0.489,0.132,-0.129,0.055,NaN,87,0,-2.432,-1.222,550.000,222.000,594.000,255.000,NaN,NaN,NaN,NaN,NaN,NaN,NaN
281,2,3087.000,34.807,-13.082,0.127,-0.150,0.544,NaN,87,0,0.339,-1.322,1104.000,195.000,1132.000,252.000,NaN,NaN,NaN,NaN,NaN,NaN,NaN
282,97,3087.000,22.764,0.699,0.202,-0.178,0.029,NaN,87,0,-2.199,-1.279,549.000,202.000,618.000,297.000,NaN,NaN,NaN,NaN,NaN,NaN,NaN
283,105,3087.000,15.160,0.622,0.063,-0.032,NaN,NaN,87,0,-1.550,-1.211,NaN,NaN,NaN,NaN,NaN,NaN,NaN,NaN,NaN,NaN,NaN
284,0,3088.000,19.132,-2.264,0.084,-0.054,0.035,0.017,88,0,-2.248,-1.235,784.000,194.000,796.000,231.000,19.130,-2.270,-1.360,0.790,0.620,1.840,-0.297
285,1,3088.000,16.579,0.326,0.146,-0.136,0.044,NaN,88,0,-2.819,-1.258,589.000,205.000,602.000,234.000,NaN,NaN,NaN,NaN,NaN,NaN,NaN
286,2,3088.000,34.962,-13.250,0.129,-0.153,0.654,NaN,88,0,1.281,-1.322,1109.000,196.000,1136.000,250.000,NaN,NaN,NaN,NaN,NaN,NaN,NaN
287,97,3088.000,23.204,0.311,0.245,-0.228,0.515,0.998,88,0,0.653,2.467,589.000,204.000,633.000,284.000,23.240,0.120,-1.190,1.800,0.590,1.810,-0.702
288,105,3088.000,15.223,0.589,0.063,-0.033,NaN,NaN,88,0,-2.417,-1.208,NaN,NaN,NaN,NaN,NaN,NaN,NaN,NaN,NaN,NaN,NaN
289,0,3089.000,19.213,-2.317,0.083,-0.053,0.037,NaN,89,0,-2.364,-1.288,761.000,197.000,802.000,273.000,NaN,NaN,NaN,NaN,NaN,NaN,NaN
290,1,3089.000,16.726,0.189,0.147,-0.136,NaN,NaN,89,0,-1.542,-1.315,NaN,NaN,NaN,NaN,NaN,NaN,NaN,NaN,NaN,NaN,NaN
291,2,3089.000,35.143,-13.392,0.137,-0.147,0.574,NaN,89,0,0.573,-1.324,1111.000,196.000,1136.000,248.000,NaN,NaN,NaN,NaN,NaN,NaN,NaN
292,97,3089.000,23.448,0.088,0.243,-0.226,0.858,NaN,89,0,4.491,-1.315,594.000,198.000,639.000,296.000,NaN,NaN,NaN,NaN,NaN,NaN,NaN
293,105,3089.000,15.287,0.557,0.064,-0.032,NaN,NaN,89,0,-2.570,-1.211,NaN,NaN,NaN,NaN,NaN,NaN,NaN,NaN,NaN,NaN,NaN
294,0,3090.000,19.272,-2.356,0.080,-0.048,0.021,0.044,90,0,-2.463,-1.121,785.000,196.000,797.000,223.000,19.250,-2.340,-1.260,0.740,0.650,1.820,-0.287
295,1,3090.000,16.873,0.054,0.148,-0.135,NaN,NaN,90,0,-1.687,-0.472,NaN,NaN,NaN,NaN,NaN,NaN,NaN,NaN,NaN,NaN,NaN
296,2,3090.000,35.403,-13.586,0.144,-0.148,0.726,0.163,90,0,-0.300,-1.805,1117.000,195.000,1143.000,252.000,35.420,-13.570,-1.130,0.820,0.540,1.700,-1.583
297,97,3090.000,23.715,-0.178,0.249,-0.239,0.842,0.519,90,0,3.682,0.276,607.000,198.000,656.000,293.000,23.720,-0.220,-1.240,1.750,0.520,2.100,-0.743
298,105,3090.000,15.295,0.416,0.054,-0.058,0.017,0.988,90,0,-2.157,2.197,559.000,224.000,611.000,302.000,15.280,0.360,-1.290,0.760,0.800,1.540,0.515
299,0,3091.000,19.373,-2.414,0.085,-0.051,0.041,0.041,91,0,-2.238,-1.119,787.000,197.000,796.000,214.000,19.400,-2.430,-1.190,0.730,0.650,1.810,-0.327
300,1,3091.000,17.023,-0.083,0.149,-0.137,NaN,NaN,91,0,-2.701,-1.327,NaN,NaN,NaN,NaN,NaN,NaN,NaN,NaN,NaN,NaN,NaN
301,2,3091.000,35.563,-13.752,0.145,-0.150,0.495,0.500,91,0,-2.200,-1.100,1123.000,196.000,1147.000,247.000,35.590,-13.780,-1.100,0.750,0.620,1.670,-0.461
302,97,3091.000,24.015,-0.479,0.262,-0.257,0.841,0.980,91,0,3.682,2.843,621.000,196.000,671.000,297.000,24.070,-0.520,-1.220,1.760,0.530,1.880,-0.623
303,105,3091.000,15.403,0.343,0.063,-0.063,0.126,0.890,91,0,-1.089,2.197,563.000,223.000,613.000,330.000,15.450,0.320,-1.350,1.750,0.680,1.710,-0.612
304,0,3092.000,19.460,-2.464,0.086,-0.050,0.032,NaN,92,0,-1.800,-1.290,767.000,215.000,813.000,340.000,NaN,NaN,NaN,NaN,NaN,NaN,NaN
305,1,3092.000,17.171,-0.218,0.149,-0.136,NaN,NaN,92,0,-2.320,-1.327,NaN,NaN,NaN,NaN,NaN,NaN,NaN,NaN,NaN,NaN,NaN
306,2,3092.000,35.701,-13.912,0.146,-0.153,0.479,NaN,92,0,-0.083,-1.326,1125.000,197.000,1148.000,248.000,NaN,NaN,NaN,NaN,NaN,NaN,NaN
307,97,3092.000,24.270,-0.693,0.259,-0.245,0.818,NaN,92,0,4.311,-1.327,628.000,197.000,678.000,293.000,NaN,NaN,NaN,NaN,NaN,NaN,NaN
308,105,3092.000,15.469,0.318,0.063,-0.053,0.249,NaN,92,0,-0.707,-1.307,564.000,223.000,613.000,330.000,NaN,NaN,NaN,NaN,NaN,NaN,NaN
309,0,3093.000,19.545,-2.489,0.085,-0.041,0.098,0.158,93,0,-1.537,-0.552,770.000,205.000,817.000,334.000,19.550,-2.470,-1.290,0.780,0.600,1.790,-0.189
310,1,3093.000,17.319,-0.353,0.148,-0.135,NaN,NaN,93,0,-1.223,-1.327,NaN,NaN,NaN,NaN,NaN,NaN,NaN,NaN,NaN,NaN,NaN
311,2,3093.000,35.850,-14.085,0.149,-0.157,0.571,NaN,93,0,0.573,-1.326,1128.000,197.000,1153.000,254.000,NaN,NaN,NaN,NaN,NaN,NaN,NaN
312,97,3093.000,24.507,-0.897,0.253,-0.236,0.829,0.323,93,0,3.532,-0.326,642.000,196.000,691.000,289.000,24.500,-0.850,-1.250,1.900,0.540,1.930,-0.734
313,105,3093.000,15.460,0.275,0.045,-0.049,0.040,0.968,93,0,-2.087,2.197,566.000,224.000,607.000,251.000,15.400,0.290,-1.330,0.690,0.640,1.810,-0.177
314,0,3094.000,19.629,-2.589,0.083,-0.059,0.072,NaN,94,0,-1.390,-1.293,778.000,205.000,831.000,342.000,NaN,NaN,NaN,NaN,NaN,NaN,NaN
315,1,3094.000,17.466,-0.488,0.147,-0.135,NaN,NaN,94,0,-1.024,-1.327,NaN,NaN,NaN,NaN,NaN,NaN,NaN,NaN,NaN,NaN,NaN
316,2,3094.000,36.003,-14.234,0.150,-0.155,0.623,NaN,94,0,1.205,-1.326,1133.000,195.000,1154.000,257.000,NaN,NaN,NaN,NaN,NaN,NaN,NaN
317,97,3094.000,24.754,-1.127,0.252,-0.233,0.833,0.969,94,0,3.241,3.500,656.000,195.000,704.000,279.000,24.780,-1.120,-1.230,1.810,0.510,1.950,-0.622
318,105,3094.000,15.480,0.238,0.039,-0.042,0.398,0.996,94,0,0.164,2.197,567.000,223.000,612.000,356.000,15.450,0.250,-1.340,0.700,0.760,1.690,-0.554
319,0,3095.000,19.705,-2.661,0.081,-0.062,0.179,NaN,95,0,-0.883,-1.296,780.000,206.000,822.000,332.000,NaN,NaN,NaN,NaN,NaN,NaN,NaN
320,1,3095.000,17.614,-0.623,0.148,-0.135,NaN,NaN,95,0,-2.803,-1.326,NaN,NaN,NaN,NaN,NaN,NaN,NaN,NaN,NaN,NaN,NaN
321,2,3095.000,36.158,-14.380,0.151,-0.152,0.634,NaN,95,0,1.083,-1.325,1135.000,196.000,1158.000,253.000,NaN,NaN,NaN,NaN,NaN,NaN,NaN
322,97,3095.000,25.002,-1.327,0.250,-0.224,0.807,NaN,95,0,4.175,-1.326,663.000,196.000,712.000,281.000,NaN,NaN,NaN,NaN,NaN,NaN,NaN
323,105,3095.000,15.506,0.257,0.036,-0.026,0.040,NaN,95,0,-1.755,-1.320,568.000,223.000,614.000,356.000,NaN,NaN,NaN,NaN,NaN,NaN,NaN
324,0,3096.000,19.752,-2.720,0.074,-0.060,0.362,0.057,96,0,-0.053,-0.984,785.000,184.000,824.000,264.000,19.730,-2.710,-1.390,0.770,0.650,1.830,-0.125
325,1,3096.000,17.763,-0.756,0.148,-0.134,NaN,NaN,96,0,-1.504,-1.324,NaN,NaN,NaN,NaN,NaN,NaN,NaN,NaN,NaN,NaN,NaN
326,2,3096.000,36.309,-14.556,0.151,-0.159,0.685,NaN,96,0,1.743,-1.325,1141.000,196.000,1164.000,247.000,NaN,NaN,NaN,NaN,NaN,NaN,NaN
327,97,3096.000,25.219,-1.490,0.243,-0.210,0.742,0.989,96,0,2.178,3.500,677.000,197.000,725.000,281.000,25.200,-1.410,-1.220,1.830,0.540,1.980,-0.635
328,105,3096.000,15.455,0.249,0.012,-0.020,0.191,0.957,96,0,-0.725,2.197,569.000,225.000,615.000,357.000,15.390,0.260,-1.350,0.720,0.590,1.750,-0.876
329,0,3097.000,19.825,-2.781,0.074,-0.061,NaN,NaN,97,0,-2.018,-1.301,NaN,NaN,NaN,NaN,NaN,NaN,NaN,NaN,NaN,NaN,NaN
330,1,3097.000,17.910,-0.890,0.147,-0.134,NaN,NaN,97,0,-1.966,-1.320,NaN,NaN,NaN,NaN,NaN,NaN,NaN,NaN,NaN,NaN,NaN
331,2,3097.000,36.486,-14.727,0.157,-0.159,0.665,0.069,97,0,-1.218,-2.185,1143.000,194.000,1168.000,248.000,36.470,-14.770,-0.990,0.690,0.710,1.710,0.368
332,97,3097.000,25.456,-1.708,0.240,-0.212,0.780,0.366,97,0,2.512,-0.302,690.000,195.000,737.000,273.000,25.450,-1.720,-1.060,1.810,0.400,1.760,-0.722
333,105,3097.000,15.458,0.266,0.011,-0.009,0.168,0.990,97,0,-0.865,2.197,569.000,226.000,615.000,354.000,15.440,0.310,-1.390,0.750,0.670,1.710,-0.489
334,0,3098.000,19.900,-2.841,0.075,-0.061,NaN,NaN,98,0,-2.233,-1.304,NaN,NaN,NaN,NaN,NaN,NaN,NaN,NaN,NaN,NaN,NaN
335,1,3098.000,18.058,-1.023,0.148,-0.133,NaN,NaN,98,0,-1.793,-1.319,NaN,NaN,NaN,NaN,NaN,NaN,NaN,NaN,NaN,NaN,NaN
336,2,3098.000,36.642,-14.883,0.156,-0.158,0.679,NaN,98,0,1.609,-1.320,1145.000,194.000,1172.000,248.000,NaN,NaN,NaN,NaN,NaN,NaN,NaN
337,97,3098.000,25.701,-1.886,0.241,-0.205,0.675,NaN,98,0,1.846,-1.327,695.000,202.000,737.000,272.000,NaN,NaN,NaN,NaN,NaN,NaN,NaN
338,105,3098.000,15.467,0.282,0.010,-0.003,0.264,NaN,98,0,-0.532,-1.318,570.000,227.000,616.000,354.000,NaN,NaN,NaN,NaN,NaN,NaN,NaN
339,0,3099.000,20.005,-2.892,0.081,-0.058,0.663,0.033,99,0,2.257,-1.232,795.000,203.000,838.000,343.000,20.020,-2.900,-1.320,0.750,0.620,1.800,-0.621
340,1,3099.000,18.205,-1.156,0.148,-0.133,NaN,NaN,99,0,-2.312,-1.322,NaN,NaN,NaN,NaN,NaN,NaN,NaN,NaN,NaN,NaN,NaN
341,2,3099.000,36.791,-15.066,0.153,-0.165,0.627,NaN,99,0,1.083,-1.313,1151.000,194.000,1177.000,249.000,NaN,NaN,NaN,NaN,NaN,NaN,NaN
342,97,3099.000,25.869,-2.061,0.224,-0.199,0.728,0.012,99,0,1.790,-1.557,710.000,197.000,748.000,269.000,25.810,-2.030,-1.260,1.010,0.650,1.800,-0.780
343,105,3099.000,15.424,0.286,-0.004,0.002,0.014,0.996,99,0,-2.387,2.197,572.000,229.000,620.000,354.000,15.360,0.290,-1.330,0.780,0.670,1.630,0.027
344,0,3100.000,20.151,-2.956,0.094,-0.059,0.262,0.120,100,0,-0.521,-0.706,798.000,203.000,845.000,343.000,20.210,-2.970,-1.330,0.750,0.580,1.730,0.118
345,1,3100.000,18.354,-1.288,0.149,-0.132,NaN,NaN,100,0,-1.061,-1.324,NaN,NaN,NaN,NaN,NaN,NaN,NaN,NaN,NaN,NaN,NaN
346,2,3100.000,36.938,-15.269,0.150,-0.174,0.509,NaN,100,0,0.090,-1.309,1157.000,194.000,1182.000,247.000,NaN,NaN,NaN,NaN,NaN,NaN,NaN
347,97,3100.000,26.192,-2.315,0.244,-0.212,0.762,0.099,100,0,2.048,-1.080,723.000,195.000,760.000,268.000,26.290,-2.380,-1.140,0.930,0.580,1.820,-0.961
348,105,3100.000,15.445,0.251,0.003,-0.010,NaN,0.038,100,0,-2.409,-1.047,526.000,212.000,675.000,384.000,15.460,0.220,-1.490,1.730,0.590,1.850,-0.868
349,0,3101.000,20.242,-3.038,0.092,-0.064,0.051,NaN,101,0,-1.616,-1.307,798.000,206.000,850.000,343.000,NaN,NaN,NaN,NaN,NaN,NaN,NaN
350,1,3101.000,18.505,-1.421,0.150,-0.132,NaN,NaN,101,0,-1.802,-1.326,NaN,NaN,NaN,NaN,NaN,NaN,NaN,NaN,NaN,NaN,NaN
351,2,3101.000,37.098,-15.454,0.148,-0.177,0.647,NaN,101,0,1.281,-1.306,1160.000,195.000,1184.000,249.000,NaN,NaN,NaN,NaN,NaN,NaN,NaN
352,97,3101.000,26.439,-2.527,0.243,-0.212,0.767,NaN,101,0,3.261,-1.320,728.000,196.000,768.000,268.000,NaN,NaN,NaN,NaN,NaN,NaN,NaN
353,105,3101.000,15.446,0.242,0.001,-0.009,NaN,NaN,101,0,-2.790,-1.319,NaN,NaN,NaN,NaN,NaN,NaN,NaN,NaN,NaN,NaN,NaN
354,0,3102.000,20.327,-3.108,0.089,-0.065,0.198,NaN,102,0,-0.800,-1.309,803.000,205.000,849.000,343.000,NaN,NaN,NaN,NaN,NaN,NaN,NaN
355,1,3102.000,18.507,-2.361,0.138,-0.205,0.173,NaN,102,0,-1.954,-1.326,786.000,197.000,795.000,215.000,NaN,NaN,NaN,NaN,NaN,NaN,NaN
356,2,3102.000,37.277,-15.607,0.153,-0.168,0.319,NaN,102,0,-0.939,-1.305,1163.000,197.000,1183.000,247.000,NaN,NaN,NaN,NaN,NaN,NaN,NaN
357,97,3102.000,26.702,-2.803,0.247,-0.227,0.006,0.062,102,0,-3.111,-1.314,727.000,201.000,792.000,264.000,26.690,-2.890,-1.150,0.870,0.770,1.810,-0.736
358,105,3102.000,15.409,0.232,-0.006,-0.008,NaN,0.988,102,0,-2.416,2.197,561.000,210.000,640.000,363.000,15.380,0.230,-1.370,0.740,0.590,1.670,-0.544
359,0,3103.000,20.520,-3.172,0.112,-0.064,0.077,0.088,103,0,-1.784,-0.846,807.000,211.000,849.000,343.000,20.580,-3.160,-1.270,0.710,0.580,1.760,-0.158
360,1,3103.000,18.644,-2.566,0.137,-0.205,NaN,NaN,103,0,-2.249,-1.286,NaN,NaN,NaN,NaN,NaN,NaN,NaN,NaN,NaN,NaN,NaN
361,2,3103.000,37.427,-15.774,0.151,-0.167,NaN,NaN,103,0,-1.572,-1.305,NaN,NaN,NaN,NaN,NaN,NaN,NaN,NaN,NaN,NaN,NaN
362,97,3103.000,27.003,-3.109,0.256,-0.246,0.529,0.986,103,0,-0.031,6.369,752.000,190.000,793.000,262.000,27.040,-3.240,-1.080,1.900,0.580,1.830,-0.931
363,105,3103.000,15.396,0.265,-0.007,0.003,NaN,0.943,103,0,-2.417,2.197,552.000,217.000,638.000,354.000,15.380,0.300,-1.360,0.700,0.800,1.500,0.336
364,0,3104.000,20.631,-3.234,0.111,-0.062,NaN,NaN,104,0,-1.728,-1.312,NaN,NaN,NaN,NaN,NaN,NaN,NaN,NaN,NaN,NaN,NaN
365,1,3104.000,18.781,-2.771,0.137,-0.206,NaN,NaN,104,0,-1.450,-1.296,NaN,NaN,NaN,NaN,NaN,NaN,NaN,NaN,NaN,NaN,NaN
366,2,3104.000,37.579,-15.942,0.152,-0.168,NaN,NaN,104,0,-3.252,-1.300,NaN,NaN,NaN,NaN,NaN,NaN,NaN,NaN,NaN,NaN,NaN
367,97,3104.000,27.257,-3.440,0.258,-0.261,0.029,NaN,104,0,-3.218,-1.287,782.000,194.000,797.000,214.000,NaN,NaN,NaN,NaN,NaN,NaN,NaN
368,105,3104.000,15.389,0.268,-0.007,0.003,NaN,NaN,104,0,-3.079,-1.318,NaN,NaN,NaN,NaN,NaN,NaN,NaN,NaN,NaN,NaN,NaN
369,0,3105.000,20.679,-3.241,0.097,-0.047,0.026,0.101,105,0,-2.538,-0.811,811.000,212.000,852.000,342.000,20.630,-3.190,-1.330,0.760,0.620,1.840,-0.607
370,1,3105.000,18.917,-2.979,0.136,-0.207,NaN,NaN,105,0,-2.765,-1.303,NaN,NaN,NaN,NaN,NaN,NaN,NaN,NaN,NaN,NaN,NaN
371,2,3105.000,37.730,-16.108,0.152,-0.167,NaN,NaN,105,0,-1.160,-1.270,NaN,NaN,NaN,NaN,NaN,NaN,NaN,NaN,NaN,NaN,NaN
372,97,3105.000,27.445,-3.658,0.243,-0.252,0.572,0.336,105,0,0.216,-0.533,781.000,194.000,814.000,258.000,27.360,-3.500,-1.120,0.750,0.690,1.670,-0.512
373,105,3105.000,15.367,0.235,-0.012,-0.005,0.007,0.939,105,0,-2.389,2.197,574.000,236.000,626.000,350.000,15.370,0.210,-1.390,0.730,0.770,1.550,-0.599
374,0,3106.000,20.748,-3.322,0.089,-0.056,0.237,0.111,106,0,-0.727,-0.777,818.000,203.000,853.000,289.000,20.710,-3.370,-1.270,0.710,0.580,1.680,-0.794
375,1,3106.000,19.053,-3.185,0.136,-0.207,NaN,NaN,106,0,-0.401,-1.308,NaN,NaN,NaN,NaN,NaN,NaN,NaN,NaN,NaN,NaN,NaN
376,2,3106.000,37.882,-16.276,0.152,-0.167,NaN,NaN,106,0,-1.235,-1.204,NaN,NaN,NaN,NaN,NaN,NaN,NaN,NaN,NaN,NaN,NaN
377,97,3106.000,27.628,-3.885,0.231,-0.246,0.027,0.590,106,0,-3.256,0.050,796.000,193.000,831.000,264.000,27.570,-3.830,-1.190,0.820,0.710,1.860,-1.012
378,105,3106.000,15.348,0.243,-0.013,-0.004,0.067,0.986,106,0,-1.592,2.197,574.000,236.000,620.000,348.000,15.330,0.260,-1.360,0.740,0.750,1.600,-0.505
379,0,3107.000,20.837,-3.379,0.088,-0.057,NaN,NaN,107,0,-1.052,-1.313,NaN,NaN,NaN,NaN,NaN,NaN,NaN,NaN,NaN,NaN,NaN
380,1,3107.000,19.189,-3.393,0.136,-0.208,NaN,NaN,107,0,-1.968,-1.294,NaN,NaN,NaN,NaN,NaN,NaN,NaN,NaN,NaN,NaN,NaN
381,2,3107.000,38.034,-16.444,0.153,-0.169,NaN,NaN,107,0,-0.945,-1.034,NaN,NaN,NaN,NaN,NaN,NaN,NaN,NaN,NaN,NaN,NaN
382,97,3107.000,27.860,-4.130,0.232,-0.245,NaN,NaN,107,0,-2.640,-1.320,NaN,NaN,NaN,NaN,NaN,NaN,NaN,NaN,NaN,NaN,NaN
383,105,3107.000,15.334,0.240,-0.014,-0.004,NaN,NaN,107,0,-2.639,-1.319,NaN,NaN,NaN,NaN,NaN,NaN,NaN,NaN,NaN,NaN,NaN
384,0,3108.000,20.910,-3.448,0.083,-0.058,NaN,0.042,108,0,-2.670,-1.199,814.000,195.000,871.000,316.000,20.910,-3.470,-1.250,0.690,0.550,1.830,0.397
385,1,3108.000,19.324,-3.601,0.135,-0.208,NaN,NaN,108,0,-2.474,-1.277,NaN,NaN,NaN,NaN,NaN,NaN,NaN,NaN,NaN,NaN,NaN
386,2,3108.000,38.188,-16.613,0.153,-0.168,NaN,NaN,108,0,-0.648,-0.676,NaN,NaN,NaN,NaN,NaN,NaN,NaN,NaN,NaN,NaN,NaN
387,97,3108.000,27.969,-4.274,0.208,-0.223,0.262,0.933,108,0,-1.578,7.239,804.000,200.000,838.000,263.000,27.870,-4.140,-1.100,0.830,0.720,1.670,-0.990
388,105,3108.000,15.356,0.232,-0.007,-0.005,0.042,0.918,108,0,-2.101,2.197,574.000,234.000,625.000,357.000,15.370,0.230,-1.390,0.760,0.600,1.690,-0.654
389,0,3109.000,20.995,-3.507,0.085,-0.058,NaN,NaN,109,0,-1.385,-1.301,NaN,NaN,NaN,NaN,NaN,NaN,NaN,NaN,NaN,NaN,NaN
390,1,3109.000,19.459,-3.810,0.136,-0.209,NaN,NaN,109,0,-1.301,-1.268,NaN,NaN,NaN,NaN,NaN,NaN,NaN,NaN,NaN,NaN,NaN
391,2,3109.000,38.342,-16.779,0.152,-0.166,NaN,NaN,109,0,-0.461,-0.217,NaN,NaN,NaN,NaN,NaN,NaN,NaN,NaN,NaN,NaN,NaN
392,97,3109.000,28.163,-4.468,0.206,-0.215,NaN,0.028,109,0,-3.374,-1.637,808.000,193.000,854.000,281.000,28.140,-4.430,-1.180,0.710,0.670,1.800,0.291
393,105,3109.000,15.400,0.202,0.003,-0.009,0.044,0.117,109,0,-2.101,-0.596,574.000,234.000,626.000,357.000,15.460,0.170,-1.420,0.760,0.580,1.830,-0.469
394,0,3110.000,21.079,-3.592,0.087,-0.064,0.088,NaN,110,0,-1.648,-1.301,829.000,200.000,867.000,293.000,NaN,NaN,NaN,NaN,NaN,NaN,NaN
395,1,3110.000,19.597,-4.020,0.138,-0.210,NaN,NaN,110,0,-1.131,-1.288,NaN,NaN,NaN,NaN,NaN,NaN,NaN,NaN,NaN,NaN,NaN
396,2,3110.000,38.493,-16.945,0.150,-0.166,NaN,NaN,110,0,-0.084,-0.041,NaN,NaN,NaN,NaN,NaN,NaN,NaN,NaN,NaN,NaN,NaN
397,97,3110.000,28.375,-4.675,0.208,-0.212,0.042,NaN,110,0,-2.182,-1.325,828.000,200.000,852.000,287.000,NaN,NaN,NaN,NaN,NaN,NaN,NaN
398,105,3110.000,15.402,0.192,0.001,-0.010,NaN,NaN,110,0,-1.622,-1.323,NaN,NaN,NaN,NaN,NaN,NaN,NaN,NaN,NaN,NaN,NaN
399,0,3111.000,21.192,-3.687,0.092,-0.072,NaN,0.017,111,0,-2.652,-1.296,833.000,206.000,877.000,326.000,21.190,-3.720,-1.420,0.750,0.630,1.820,-0.179
400,1,3111.000,19.735,-4.231,0.138,-0.211,NaN,NaN,111,0,-2.474,-1.277,NaN,NaN,NaN,NaN,NaN,NaN,NaN,NaN,NaN,NaN,NaN
401,2,3111.000,38.628,-17.294,0.141,-0.185,0.029,NaN,111,0,-0.000,-0.000,1204.000,197.000,1222.000,246.000,NaN,NaN,NaN,NaN,NaN,NaN,NaN
402,97,3111.000,28.583,-4.886,0.208,-0.211,NaN,NaN,111,0,-1.480,-1.322,NaN,NaN,NaN,NaN,NaN,NaN,NaN,NaN,NaN,NaN,NaN
403,105,3111.000,15.361,0.241,-0.009,0.004,NaN,0.025,111,0,-2.422,-1.128,555.000,216.000,637.000,367.000,15.350,0.290,-1.430,0.780,0.550,1.640,0.776
404,0,3112.000,21.285,-3.759,0.093,-0.071,NaN,NaN,112,0,-1.744,-1.296,NaN,NaN,NaN,NaN,NaN,NaN,NaN,NaN,NaN,NaN,NaN
405,1,3112.000,19.872,-4.442,0.138,-0.210,NaN,NaN,112,0,-1.744,-1.184,NaN,NaN,NaN,NaN,NaN,NaN,NaN,NaN,NaN,NaN,NaN
406,2,3112.000,38.774,-17.509,0.136,-0.189,0.051,NaN,112,0,-0.990,-0.468,1209.000,192.000,1227.000,232.000,NaN,NaN,NaN,NaN,NaN,NaN,NaN
407,97,3112.000,28.715,-5.338,0.189,-0.271,0.167,NaN,112,0,-1.393,-1.280,863.000,193.000,887.000,259.000,NaN,NaN,NaN,NaN,NaN,NaN,NaN
408,105,3112.000,15.506,0.200,0.031,-0.008,NaN,0.011,112,0,-2.460,-1.219,540.000,209.000,672.000,379.000,15.660,0.150,-1.450,1.750,0.590,1.840,-0.639
409,0,3113.000,21.348,-3.691,0.091,-0.040,0.079,NaN,113,0,-1.904,-1.290,843.000,192.000,857.000,264.000,NaN,NaN,NaN,NaN,NaN,NaN,NaN
410,1,3113.000,20.010,-4.651,0.138,-0.209,NaN,NaN,113,0,-2.092,-1.296,NaN,NaN,NaN,NaN,NaN,NaN,NaN,NaN,NaN,NaN,NaN
411,2,3113.000,38.909,-17.698,0.135,-0.189,NaN,NaN,113,0,-0.752,-0.823,NaN,NaN,NaN,NaN,NaN,NaN,NaN,NaN,NaN,NaN,NaN
412,97,3113.000,28.907,-5.609,0.189,-0.270,0.440,NaN,113,0,-0.146,-1.277,862.000,192.000,894.000,264.000,NaN,NaN,NaN,NaN,NaN,NaN,NaN
413,105,3113.000,15.540,0.249,0.033,0.009,0.079,NaN,113,0,-1.359,-1.323,574.000,229.000,617.000,356.000,NaN,NaN,NaN,NaN,NaN,NaN,NaN
414,0,3114.000,21.428,-3.723,0.090,-0.039,0.157,NaN,114,0,-1.653,-1.299,846.000,203.000,857.000,263.000,NaN,NaN,NaN,NaN,NaN,NaN,NaN
415,1,3114.000,20.147,-4.861,0.137,-0.210,NaN,NaN,114,0,-2.323,-1.318,NaN,NaN,NaN,NaN,NaN,NaN,NaN,NaN,NaN,NaN,NaN
416,2,3114.000,39.043,-17.886,0.133,-0.188,NaN,NaN,114,0,-1.953,-0.959,NaN,NaN,NaN,NaN,NaN,NaN,NaN,NaN,NaN,NaN,NaN
417,97,3114.000,29.112,-5.839,0.195,-0.261,0.617,0.884,114,0,0.007,2.109,874.000,191.000,906.000,254.000,29.110,-5.740,-1.060,0.930,0.630,1.840,-1.073
418,105,3114.000,15.464,0.248,0.004,0.004,0.063,0.093,114,0,-1.724,-0.708,574.000,227.000,616.000,356.000,15.400,0.250,-1.400,0.760,0.570,1.780,0.562
419,0,3115.000,21.537,-3.751,0.093,-0.033,0.040,NaN,115,0,-2.641,-1.297,848.000,203.000,856.000,254.000,NaN,NaN,NaN,NaN,NaN,NaN,NaN
420,1,3115.000,20.283,-5.072,0.136,-0.211,NaN,NaN,115,0,-2.493,-1.319,NaN,NaN,NaN,NaN,NaN,NaN,NaN,NaN,NaN,NaN,NaN
421,97,3115.000,29.419,-6.150,0.213,-0.277,0.341,0.993,115,0,-1.650,5.979,883.000,192.000,911.000,252.000,29.530,-6.200,-1.120,1.810,0.540,1.780,-0.928
422,105,3115.000,15.526,0.249,0.020,0.003,0.261,0.691,115,0,-0.438,1.304,575.000,228.000,615.000,357.000,15.580,0.260,-1.430,0.840,0.550,1.800,-0.536
423,0,3116.000,21.637,-3.782,0.094,-0.032,0.053,NaN,116,0,-2.491,-1.296,849.000,203.000,857.000,253.000,NaN,NaN,NaN,NaN,NaN,NaN,NaN
424,1,3116.000,20.418,-5.285,0.136,-0.213,NaN,NaN,116,0,-2.964,-1.323,NaN,NaN,NaN,NaN,NaN,NaN,NaN,NaN,NaN,NaN,NaN
425,97,3116.000,29.636,-6.420,0.214,-0.274,0.481,NaN,116,0,-0.082,-1.310,888.000,192.000,928.000,251.000,NaN,NaN,NaN,NaN,NaN,NaN,NaN
426,105,3116.000,15.546,0.251,0.021,0.002,NaN,NaN,116,0,-2.557,-1.320,NaN,NaN,NaN,NaN,NaN,NaN,NaN,NaN,NaN,NaN,NaN
427,0,3117.000,21.732,-3.815,0.095,-0.034,NaN,NaN,117,0,-2.378,-1.296,NaN,NaN,NaN,NaN,NaN,NaN,NaN,NaN,NaN,NaN,NaN
428,1,3117.000,17.766,-3.389,-0.097,-0.020,0.377,0.122,117,0,0.084,-0.662,859.000,205.000,893.000,265.000,17.770,-3.140,-0.290,0.700,0.680,1.810,0.200
429,97,3117.000,29.763,-6.626,0.198,-0.257,0.770,0.926,117,0,1.091,5.979,898.000,192.000,936.000,247.000,29.700,-6.520,-1.110,1.920,0.540,1.810,-0.916
430,105,3117.000,15.513,0.175,0.007,-0.020,0.236,0.091,117,0,-0.530,-0.708,577.000,224.000,619.000,359.000,15.470,0.130,-1.380,0.730,0.650,1.670,0.450
431,0,3118.000,21.720,-3.880,0.082,-0.050,0.170,0.051,118,0,-1.189,-1.136,861.000,207.000,897.000,264.000,21.650,-4.050,-1.410,0.730,0.640,1.830,-0.119
432,1,3118.000,17.670,-3.408,-0.096,-0.019,NaN,NaN,118,0,-2.478,-1.324,NaN,NaN,NaN,NaN,NaN,NaN,NaN,NaN,NaN,NaN,NaN
433,97,3118.000,30.056,-6.933,0.215,-0.269,0.715,0.017,118,0,0.661,-1.804,914.000,191.000,950.000,255.000,30.160,-7.040,-1.180,2.150,0.600,2.040,-0.729
434,105,3118.000,15.514,0.170,0.006,-0.016,0.649,0.997,118,0,2.224,2.225,581.000,224.000,624.000,358.000,15.510,0.180,-1.340,0.740,0.730,1.590,0.288
435,0,3119.000,21.803,-3.930,0.083,-0.051,NaN,NaN,119,0,-3.212,-1.284,NaN,NaN,NaN,NaN,NaN,NaN,NaN,NaN,NaN,NaN,NaN
436,1,3119.000,17.573,-3.426,-0.097,-0.018,NaN,NaN,119,0,-0.845,-1.324,NaN,NaN,NaN,NaN,NaN,NaN,NaN,NaN,NaN,NaN,NaN
437,97,3119.000,30.272,-7.195,0.216,-0.268,0.759,NaN,119,0,3.077,-1.327,917.000,191.000,955.000,255.000,NaN,NaN,NaN,NaN,NaN,NaN,NaN
438,105,3119.000,15.518,0.180,0.005,-0.011,0.330,NaN,119,0,-0.304,-1.324,582.000,223.000,625.000,356.000,NaN,NaN,NaN,NaN,NaN,NaN,NaN
439,0,3120.000,21.821,-4.043,0.074,-0.068,0.043,0.090,120,0,-2.411,-0.861,847.000,202.000,858.000,240.000,21.750,-4.160,-1.350,1.800,0.570,1.830,0.195
440,1,3120.000,17.478,-3.444,-0.095,-0.018,NaN,NaN,120,0,0.097,-1.371,NaN,NaN,NaN,NaN,NaN,NaN,NaN,NaN,NaN,NaN,NaN
441,97,3120.000,30.408,-7.416,0.205,-0.257,0.794,0.151,120,0,1.237,-1.302,927.000,192.000,967.000,256.000,30.370,-7.360,-1.110,1.000,0.550,1.950,-0.821
442,105,3120.000,15.560,0.147,0.013,-0.016,0.046,0.711,120,0,-1.958,1.433,587.000,224.000,632.000,350.000,15.580,0.110,-1.350,0.870,0.560,1.700,0.361
443,0,3121.000,22.000,-4.177,0.092,-0.081,0.623,0.067,121,0,1.624,-0.968,870.000,202.000,906.000,264.000,22.090,-4.250,-1.290,1.700,0.580,1.940,0.533
444,1,3121.000,17.383,-3.462,-0.095,-0.018,NaN,NaN,121,0,-1.365,-1.323,NaN,NaN,NaN,NaN,NaN,NaN,NaN,NaN,NaN,NaN,NaN
445,97,3121.000,30.605,-7.720,0.203,-0.266,0.648,NaN,121,0,1.281,-1.327,940.000,195.000,981.000,254.000,NaN,NaN,NaN,NaN,NaN,NaN,NaN
446,105,3121.000,15.636,0.100,0.028,-0.025,0.767,0.033,121,0,3.840,-1.152,592.000,221.000,637.000,350.000,15.690,0.050,-1.380,1.910,0.580,1.790,-0.111
447,0,3122.000,22.072,-4.340,0.091,-0.101,0.595,NaN,122,0,1.024,-1.299,872.000,200.000,908.000,264.000,NaN,NaN,NaN,NaN,NaN,NaN,NaN
448,1,3122.000,17.279,-3.495,-0.099,-0.021,0.026,NaN,122,0,-1.845,-1.322,871.000,200.000,908.000,333.000,NaN,NaN,NaN,NaN,NaN,NaN,NaN
449,97,3122.000,30.816,-7.990,0.206,-0.265,0.746,NaN,122,0,2.906,-1.327,945.000,193.000,983.000,256.000,NaN,NaN,NaN,NaN,NaN,NaN,NaN
450,105,3122.000,15.662,0.065,0.028,-0.029,0.802,NaN,122,0,3.988,-1.326,595.000,220.000,640.000,352.000,NaN,NaN,NaN,NaN,NaN,NaN,NaN
451,0,3123.000,22.058,-4.434,0.066,-0.102,0.430,0.077,123,0,0.160,-0.920,876.000,201.000,911.000,264.000,21.940,-4.440,-1.340,0.750,0.640,1.800,-0.602
452,1,3123.000,17.180,-3.515,-0.098,-0.021,NaN,NaN,123,0,-1.389,-1.921,NaN,NaN,NaN,NaN,NaN,NaN,NaN,NaN,NaN,NaN,NaN
453,97,3123.000,31.021,-8.255,0.205,-0.265,NaN,NaN,123,0,-0.941,-2.335,NaN,NaN,NaN,NaN,NaN,NaN,NaN,NaN,NaN,NaN,NaN
454,105,3123.000,15.788,0.017,0.052,-0.033,0.814,0.285,123,0,4.418,-0.146,598.000,217.000,644.000,352.000,15.860,-0.010,-1.340,0.950,0.600,1.780,-0.521
455,0,3124.000,22.114,-4.560,0.065,-0.108,0.454,NaN,124,0,-0.080,-1.307,879.000,203.000,914.000,278.000,NaN,NaN,NaN,NaN,NaN,NaN,NaN
456,1,3124.000,17.057,-3.552,-0.105,-0.023,0.027,NaN,124,0,-1.840,-1.319,879.000,202.000,915.000,340.000,NaN,NaN,NaN,NaN,NaN,NaN,NaN
457,97,3124.000,31.199,-8.497,0.202,-0.261,0.787,0.991,124,0,1.023,6.654,969.000,191.000,1005.000,259.000,31.170,-8.490,-1.150,1.850,0.570,1.940,-1.052
458,105,3124.000,15.851,-0.049,0.053,-0.042,0.848,0.970,124,0,4.450,2.225,600.000,214.000,646.000,355.000,15.870,-0.070,-1.300,0.890,0.580,1.690,-0.347
459,0,3125.000,22.184,-4.650,0.066,-0.102,0.334,NaN,125,0,-0.900,-1.296,882.000,205.000,914.000,264.000,NaN,NaN,NaN,NaN,NaN,NaN,NaN
460,1,3125.000,16.953,-3.576,-0.104,-0.024,NaN,NaN,125,0,-2.125,-1.316,NaN,NaN,NaN,NaN,NaN,NaN,NaN,NaN,NaN,NaN,NaN
461,97,3125.000,31.399,-8.759,0.200,-0.261,NaN,NaN,125,0,-2.320,-1.327,NaN,NaN,NaN,NaN,NaN,NaN,NaN,NaN,NaN,NaN,NaN
462,105,3125.000,15.896,-0.078,0.052,-0.037,0.768,NaN,125,0,3.489,-1.327,602.000,213.000,649.000,353.000,NaN,NaN,NaN,NaN,NaN,NaN,NaN
463,0,3126.000,22.181,-4.707,0.055,-0.092,0.029,0.445,126,0,-2.560,0.116,887.000,204.000,915.000,279.000,22.170,-4.650,-1.340,0.800,0.580,1.760,-0.510
464,1,3126.000,16.848,-3.602,-0.105,-0.026,NaN,NaN,126,0,-2.384,-1.314,NaN,NaN,NaN,NaN,NaN,NaN,NaN,NaN,NaN,NaN,NaN
465,97,3126.000,31.476,-8.953,0.181,-0.248,NaN,0.134,126,0,-3.835,-1.458,961.000,188.000,1035.000,274.000,31.410,-8.900,-1.100,1.800,0.580,1.950,-0.973
466,105,3126.000,16.015,-0.127,0.070,-0.038,0.847,0.770,126,0,4.450,1.920,611.000,211.000,656.000,353.000,16.050,-0.140,-1.230,0.790,0.620,1.670,-0.602
467,0,3127.000,22.244,-4.786,0.058,-0.088,NaN,0.322,127,0,-2.695,-0.187,877.000,201.000,936.000,308.000,22.250,-4.770,-1.280,0.820,0.590,1.710,-0.680
468,1,3127.000,16.743,-3.627,-0.105,-0.025,NaN,NaN,127,0,-2.456,-1.312,NaN,NaN,NaN,NaN,NaN,NaN,NaN,NaN,NaN,NaN,NaN
469,97,3127.000,31.614,-9.187,0.176,-0.245,0.684,0.603,127,0,-0.282,-0.374,994.000,193.000,1037.000,259.000,31.560,-9.160,-1.140,0.840,0.640,1.850,-0.822
470,105,3127.000,16.111,-0.191,0.077,-0.046,0.861,0.990,127,0,4.450,2.225,617.000,211.000,659.000,353.000,16.120,-0.220,-1.290,0.880,0.600,1.610,-0.470
471,0,3128.000,22.303,-4.875,0.059,-0.089,NaN,NaN,128,0,-2.427,-1.297,NaN,NaN,NaN,NaN,NaN,NaN,NaN,NaN,NaN,NaN,NaN
472,1,3128.000,16.638,-3.652,-0.106,-0.024,NaN,NaN,128,0,-2.289,-1.309,NaN,NaN,NaN,NaN,NaN,NaN,NaN,NaN,NaN,NaN,NaN
473,97,3128.000,31.765,-9.506,0.171,-0.261,0.533,NaN,128,0,0.251,-1.327,1004.000,200.000,1041.000,253.000,NaN,NaN,NaN,NaN,NaN,NaN,NaN
474,105,3128.000,16.188,-0.238,0.077,-0.044,0.859,NaN,128,0,4.137,-1.327,619.000,209.000,663.000,353.000,NaN,NaN,NaN,NaN,NaN,NaN,NaN
475,0,3129.000,22.372,-4.928,0.062,-0.080,0.419,0.344,129,0,0.097,-0.143,895.000,200.000,931.000,298.000,22.380,-4.890,-1.290,0.870,0.590,1.820,-0.947
476,1,3129.000,16.532,-3.677,-0.106,-0.025,NaN,NaN,129,0,-1.435,-1.308,NaN,NaN,NaN,NaN,NaN,NaN,NaN,NaN,NaN,NaN,NaN
477,97,3129.000,31.961,-9.766,0.178,-0.259,0.683,0.468,129,0,-0.282,-0.721,1012.000,188.000,1047.000,263.000,31.980,-9.750,-1.030,0.870,0.560,1.870,-0.887
478,105,3129.000,16.276,-0.297,0.082,-0.047,0.825,0.995,129,0,4.450,2.225,624.000,208.000,671.000,351.000,16.270,-0.310,-1.260,0.800,0.620,1.770,-0.519
479,0,3130.000,22.407,-4.974,0.058,-0.072,0.432,0.561,130,0,0.160,0.596,903.000,199.000,935.000,275.000,22.360,-4.930,-1.170,0.890,0.540,1.770,-3.477
480,1,3130.000,16.411,-3.775,-0.108,-0.037,0.235,NaN,130,0,-1.075,-1.304,917.000,200.000,935.000,275.000,NaN,NaN,NaN,NaN,NaN,NaN,NaN
481,97,3130.000,32.191,-10.060,0.187,-0.268,0.715,0.414,130,0,0.210,-0.924,1021.000,185.000,1054.000,257.000,32.260,-10.130,-1.140,0.930,0.580,1.870,2.396
482,105,3130.000,16.405,-0.381,0.095,-0.058,0.791,0.918,130,0,4.191,2.225,631.000,206.000,675.000,346.000,16.440,-0.410,-1.290,0.930,0.630,1.710,-0.510
483,0,3131.000,22.457,-5.068,0.057,-0.077,0.602,NaN,131,0,1.024,-1.301,905.000,199.000,937.000,276.000,NaN,NaN,NaN,NaN,NaN,NaN,NaN
484,1,3131.000,16.303,-3.812,-0.108,-0.037,NaN,NaN,131,0,0.165,-1.309,NaN,NaN,NaN,NaN,NaN,NaN,NaN,NaN,NaN,NaN,NaN
485,97,3131.000,32.376,-10.348,0.186,-0.273,0.757,NaN,131,0,3.077,-1.327,1028.000,192.000,1062.000,260.000,NaN,NaN,NaN,NaN,NaN,NaN,NaN
486,105,3131.000,16.497,-0.440,0.092,-0.058,0.787,NaN,131,0,3.838,-1.326,634.000,206.000,679.000,345.000,NaN,NaN,NaN,NaN,NaN,NaN,NaN
487,0,3132.000,22.494,-5.123,0.051,-0.069,NaN,0.222,132,0,-2.732,-0.469,900.000,195.000,945.000,299.000,22.480,-5.080,-1.170,0.550,0.420,1.700,2.096
488,1,3132.000,16.194,-3.848,-0.109,-0.036,NaN,NaN,132,0,-1.997,-1.313,NaN,NaN,NaN,NaN,NaN,NaN,NaN,NaN,NaN,NaN,NaN
489,97,3132.000,32.547,-10.533,0.184,-0.253,NaN,0.282,132,0,-4.179,-1.265,1027.000,191.000,1064.000,267.000,32.550,-10.380,-1.080,0.840,0.770,1.800,-0.304
490,105,3132.000,16.618,-0.508,0.099,-0.062,0.806,0.996,132,0,4.482,2.248,639.000,204.000,685.000,344.000,16.640,-0.510,-1.260,0.780,0.680,1.680,-0.410
491,0,3133.000,22.583,-5.186,0.058,-0.069,NaN,0.987,133,0,-2.817,2.467,900.000,197.000,951.000,300.000,22.640,-5.170,-1.190,0.810,0.560,1.680,-0.526
492,1,3133.000,16.086,-3.884,-0.109,-0.036,NaN,NaN,133,0,-3.193,-1.315,NaN,NaN,NaN,NaN,NaN,NaN,NaN,NaN,NaN,NaN,NaN
493,97,3133.000,32.733,-10.785,0.186,-0.253,NaN,NaN,133,0,-0.766,-1.327,NaN,NaN,NaN,NaN,NaN,NaN,NaN,NaN,NaN,NaN,NaN
494,105,3133.000,16.738,-0.579,0.104,-0.065,0.752,0.985,133,0,3.582,2.248,644.000,203.000,691.000,338.000,16.740,-0.580,-1.250,0.840,0.650,1.700,-0.561
495,0,3134.000,22.630,-5.259,0.056,-0.070,0.055,NaN,134,0,-1.633,-1.320,915.000,202.000,944.000,338.000,NaN,NaN,NaN,NaN,NaN,NaN,NaN
496,1,3134.000,15.977,-3.919,-0.108,-0.035,NaN,NaN,134,0,-2.657,-1.315,NaN,NaN,NaN,NaN,NaN,NaN,NaN,NaN,NaN,NaN,NaN
497,97,3134.000,32.919,-11.038,0.186,-0.253,NaN,NaN,134,0,-2.379,-1.317,NaN,NaN,NaN,NaN,NaN,NaN,NaN,NaN,NaN,NaN,NaN
498,105,3134.000,16.842,-0.633,0.104,-0.061,0.612,NaN,134,0,1.549,-1.323,647.000,206.000,693.000,339.000,NaN,NaN,NaN,NaN,NaN,NaN,NaN
499,0,3135.000,22.728,-5.315,0.066,-0.067,0.563,0.639,135,0,1.017,0.767,917.000,200.000,947.000,294.000,22.790,-5.280,-1.210,0.920,0.570,1.730,-0.704
500,1,3135.000,15.868,-3.955,-0.109,-0.036,NaN,NaN,135,0,-0.964,-1.317,NaN,NaN,NaN,NaN,NaN,NaN,NaN,NaN,NaN,NaN,NaN
501,97,3135.000,33.106,-11.289,0.186,-0.252,NaN,NaN,135,0,-1.839,-1.260,NaN,NaN,NaN,NaN,NaN,NaN,NaN,NaN,NaN,NaN,NaN
502,105,3135.000,16.873,-0.657,0.088,-0.053,0.778,0.890,135,0,4.093,2.248,649.000,208.000,700.000,339.000,16.810,-0.620,-1.270,1.040,0.500,1.840,-0.665
503,0,3136.000,22.842,-5.376,0.078,-0.065,0.077,0.876,136,0,-1.959,2.392,919.000,199.000,952.000,324.000,22.900,-5.360,-1.220,0.780,0.670,1.560,-0.376
504,1,3136.000,15.809,-3.764,-0.101,0.010,0.602,NaN,136,0,1.024,-1.318,920.000,199.000,951.000,277.000,NaN,NaN,NaN,NaN,NaN,NaN,NaN
505,97,3136.000,33.290,-11.540,0.184,-0.251,NaN,NaN,136,0,-2.028,-1.293,NaN,NaN,NaN,NaN,NaN,NaN,NaN,NaN,NaN,NaN,NaN
506,105,3136.000,16.964,-0.724,0.091,-0.058,0.298,0.992,136,0,-0.258,2.248,660.000,207.000,706.000,293.000,16.970,-0.730,-1.190,0.880,0.510,1.710,-0.587
507,0,3137.000,22.912,-5.469,0.077,-0.073,0.677,NaN,137,0,1.846,-1.323,923.000,198.000,956.000,274.000,NaN,NaN,NaN,NaN,NaN,NaN,NaN
508,1,3137.000,15.706,-3.755,-0.103,0.009,NaN,NaN,137,0,-1.129,-1.313,NaN,NaN,NaN,NaN,NaN,NaN,NaN,NaN,NaN,NaN,NaN
509,97,3137.000,33.434,-11.839,0.179,-0.257,0.089,NaN,137,0,-2.090,-1.318,1078.000,196.000,1101.000,237.000,NaN,NaN,NaN,NaN,NaN,NaN,NaN
510,105,3137.000,17.052,-0.820,0.091,-0.068,0.302,NaN,137,0,-0.506,-1.318,665.000,205.000,711.000,321.000,NaN,NaN,NaN,NaN,NaN,NaN,NaN
511,0,3138.000,22.996,-5.513,0.079,-0.065,0.651,0.474,138,0,1.603,0.171,925.000,199.000,958.000,273.000,23.020,-5.450,-1.280,0.810,0.620,1.680,-0.649
512,1,3138.000,15.604,-3.746,-0.102,0.010,NaN,NaN,138,0,-4.629,-1.947,NaN,NaN,NaN,NaN,NaN,NaN,NaN,NaN,NaN,NaN,NaN
513,97,3138.000,33.601,-12.033,0.181,-0.242,NaN,0.011,138,0,-4.168,-2.082,1067.000,194.000,1116.000,267.000,33.650,-11.910,-1.140,0.880,0.660,1.780,0.553
514,105,3138.000,17.140,-0.886,0.090,-0.066,0.191,0.998,138,0,-0.787,2.248,667.000,204.000,715.000,318.000,17.140,-0.880,-1.210,0.680,0.740,1.540,-0.023
515,0,3139.000,23.100,-5.587,0.082,-0.067,0.814,0.370,139,0,3.598,-0.146,928.000,199.000,963.000,299.000,23.150,-5.590,-1.230,0.640,0.460,1.840,-1.017
516,1,3139.000,15.501,-3.737,-0.102,0.009,NaN,NaN,139,0,-3.146,-1.313,NaN,NaN,NaN,NaN,NaN,NaN,NaN,NaN,NaN,NaN,NaN
517,97,3139.000,34.027,-12.450,0.218,-0.273,0.222,0.076,139,0,-2.748,-1.777,1099.000,192.000,1122.000,262.000,34.300,-12.680,-1.150,0.830,0.480,1.740,0.970
518,105,3139.000,17.259,-0.951,0.097,-0.066,0.788,0.991,139,0,4.265,2.248,673.000,205.000,722.000,313.000,17.290,-0.960,-1.260,0.770,0.610,1.720,-0.225
519,0,3140.000,23.178,-5.694,0.081,-0.077,0.733,NaN,140,0,2.756,-1.323,931.000,199.000,967.000,296.000,NaN,NaN,NaN,NaN,NaN,NaN,NaN
520,1,3140.000,15.400,-3.726,-0.102,0.010,NaN,NaN,140,0,1.458,-1.313,NaN,NaN,NaN,NaN,NaN,NaN,NaN,NaN,NaN,NaN,NaN
521,97,3140.000,34.225,-12.748,0.215,-0.281,0.071,NaN,140,0,-2.251,-1.313,1102.000,197.000,1127.000,251.000,NaN,NaN,NaN,NaN,NaN,NaN,NaN
522,105,3140.000,17.355,-1.044,0.096,-0.074,0.850,NaN,140,0,4.411,-1.321,680.000,206.000,728.000,320.000,NaN,NaN,NaN,NaN,NaN,NaN,NaN
523,0,3141.000,23.260,-5.743,0.080,-0.069,0.831,1.000,141,0,3.816,2.467,933.000,200.000,969.000,298.000,23.270,-5.690,-1.240,0.880,0.550,1.810,-0.695
524,1,3141.000,15.297,-3.716,-0.103,0.010,NaN,NaN,141,0,3.413,-1.313,NaN,NaN,NaN,NaN,NaN,NaN,NaN,NaN,NaN,NaN,NaN
525,97,3141.000,34.446,-12.996,0.220,-0.274,0.616,NaN,141,0,1.205,-1.322,1105.000,190.000,1131.000,257.000,NaN,NaN,NaN,NaN,NaN,NaN,NaN
526,105,3141.000,17.445,-1.102,0.092,-0.071,0.869,0.987,141,0,4.496,2.248,683.000,207.000,730.000,327.000,17.440,-1.080,-1.190,0.780,0.700,1.680,-0.160
527,0,3142.000,23.379,-5.828,0.091,-0.072,0.613,0.785,142,0,1.347,1.655,935.000,202.000,970.000,297.000,23.430,-5.830,-1.320,0.850,0.520,1.750,-0.594
528,1,3142.000,15.194,-3.706,-0.103,0.010,NaN,NaN,142,0,-1.843,-1.315,NaN,NaN,NaN,NaN,NaN,NaN,NaN,NaN,NaN,NaN,NaN
529,97,3142.000,34.673,-13.255,0.223,-0.272,0.658,NaN,142,0,1.613,-1.323,1110.000,194.000,1140.000,263.000,NaN,NaN,NaN,NaN,NaN,NaN,NaN
530,105,3142.000,17.571,-1.167,0.098,-0.070,0.840,0.950,142,0,4.523,2.261,689.000,208.000,734.000,332.000,17.610,-1.160,-1.260,1.060,0.560,1.940,2.866
531,0,3143.000,23.473,-5.915,0.092,-0.074,0.528,NaN,143,0,0.663,-1.325,939.000,201.000,973.000,297.000,NaN,NaN,NaN,NaN,NaN,NaN,NaN
532,1,3143.000,15.093,-3.693,-0.101,0.013,NaN,NaN,143,0,-1.240,-1.315,NaN,NaN,NaN,NaN,NaN,NaN,NaN,NaN,NaN,NaN,NaN
533,97,3143.000,34.903,-13.553,0.223,-0.277,0.392,NaN,143,0,-0.432,-1.325,1123.000,193.000,1147.000,255.000,NaN,NaN,NaN,NaN,NaN,NaN,NaN
534,105,3143.000,17.669,-1.251,0.097,-0.076,0.859,NaN,143,0,4.285,-1.324,694.000,207.000,738.000,333.000,NaN,NaN,NaN,NaN,NaN,NaN,NaN
535,0,3144.000,23.548,-5.977,0.088,-0.072,0.721,0.460,144,0,2.207,0.041,941.000,199.000,975.000,296.000,23.540,-5.970,-1.210,0.890,0.490,1.700,-0.808
536,1,3144.000,14.993,-3.681,-0.100,0.012,NaN,NaN,144,0,-1.473,-1.316,NaN,NaN,NaN,NaN,NaN,NaN,NaN,NaN,NaN,NaN,NaN
537,97,3144.000,35.188,-13.555,0.211,-0.213,0.443,0.015,144,0,-2.410,-2.333,1071.000,196.000,1088.000,248.000,35.750,-12.250,-1.280,0.700,0.760,1.810,2.035
538,105,3144.000,17.778,-1.316,0.098,-0.073,0.556,0.759,144,0,1.467,1.891,696.000,207.000,740.000,328.000,17.800,-1.290,-1.230,0.880,0.660,1.680,-0.203
539,0,3145.000,23.667,-6.044,0.095,-0.072,0.579,0.154,145,0,0.931,-0.785,947.000,207.000,978.000,291.000,23.700,-6.040,-1.190,0.800,0.560,1.720,-0.726
540,1,3145.000,14.893,-3.668,-0.100,0.013,NaN,NaN,145,0,-1.862,-1.317,NaN,NaN,NaN,NaN,NaN,NaN,NaN,NaN,NaN,NaN,NaN
541,97,3145.000,35.402,-13.771,0.214,-0.216,NaN,0.121,145,0,-4.671,-2.026,1129.000,192.000,1172.000,260.000,35.560,-14.180,-1.050,0.770,0.630,1.740,0.676
542,105,3145.000,17.925,-1.382,0.114,-0.071,0.831,0.823,145,0,4.523,2.261,701.000,204.000,746.000,332.000,17.970,-1.360,-1.180,0.770,0.580,1.730,-0.402
543,0,3146.000,23.752,-6.145,0.090,-0.079,0.394,NaN,146,0,-0.268,-1.326,949.000,205.000,981.000,296.000,NaN,NaN,NaN,NaN,NaN,NaN,NaN
544,1,3146.000,14.753,-1.933,-0.111,0.279,0.108,NaN,146,0,-2.324,-1.318,786.000,197.000,796.000,212.000,NaN,NaN,NaN,NaN,NaN,NaN,NaN
545,97,3146.000,35.614,-13.987,0.213,-0.216,NaN,NaN,146,0,-1.875,-1.326,NaN,NaN,NaN,NaN,NaN,NaN,NaN,NaN,NaN,NaN,NaN
546,105,3146.000,18.040,-1.462,0.116,-0.073,0.837,NaN,146,0,4.285,-1.326,707.000,205.000,751.000,334.000,NaN,NaN,NaN,NaN,NaN,NaN,NaN
547,0,3147.000,23.765,-6.181,0.075,-0.069,0.517,0.421,147,0,0.552,-0.108,951.000,206.000,984.000,296.000,23.710,-6.100,-1.180,0.630,0.480,1.950,2.431
548,1,3147.000,14.641,-1.654,-0.112,0.279,NaN,NaN,147,0,-3.110,-1.298,NaN,NaN,NaN,NaN,NaN,NaN,NaN,NaN,NaN,NaN,NaN
549,97,3147.000,35.801,-14.263,0.203,-0.242,0.239,NaN,147,0,-1.274,-1.326,1143.000,197.000,1168.000,251.000,NaN,NaN,NaN,NaN,NaN,NaN,NaN
550,105,3147.000,18.125,-1.501,0.107,-0.064,0.840,0.928,147,0,4.523,2.261,709.000,203.000,753.000,334.000,18.100,-1.470,-1.310,0.970,0.500,1.820,-0.374
551,0,3148.000,23.860,-6.234,0.080,-0.063,0.034,0.865,148,0,-2.794,2.233,955.000,207.000,986.000,291.000,23.890,-6.210,-1.270,0.800,0.550,1.710,-0.740
552,1,3148.000,14.528,-1.377,-0.113,0.278,NaN,NaN,148,0,-2.808,-1.320,NaN,NaN,NaN,NaN,NaN,NaN,NaN,NaN,NaN,NaN,NaN
553,97,3148.000,36.004,-14.505,0.204,-0.243,NaN,NaN,148,0,-2.812,-1.325,NaN,NaN,NaN,NaN,NaN,NaN,NaN,NaN,NaN,NaN,NaN
554,105,3148.000,18.214,-1.540,0.101,-0.056,0.802,0.993,148,0,4.444,2.261,711.000,205.000,759.000,331.000,18.190,-1.520,-1.260,0.910,0.700,1.660,-0.409
555,0,3149.000,23.927,-6.349,0.077,-0.078,0.613,NaN,149,0,1.298,-1.327,959.000,202.000,992.000,292.000,NaN,NaN,NaN,NaN,NaN,NaN,NaN
556,1,3149.000,14.414,-1.100,-0.114,0.276,NaN,NaN,149,0,-2.337,-1.325,NaN,NaN,NaN,NaN,NaN,NaN,NaN,NaN,NaN,NaN,NaN
557,97,3149.000,36.208,-14.749,0.203,-0.244,NaN,NaN,149,0,-2.961,-1.322,NaN,NaN,NaN,NaN,NaN,NaN,NaN,NaN,NaN,NaN,NaN
558,105,3149.000,18.318,-1.605,0.103,-0.059,0.772,NaN,149,0,3.489,-1.326,714.000,203.000,764.000,328.000,NaN,NaN,NaN,NaN,NaN,NaN,NaN
559,0,3150.000,23.981,-6.392,0.071,-0.070,0.650,0.960,150,0,1.362,2.843,959.000,203.000,994.000,295.000,23.980,-6.310,-1.310,0.850,0.540,1.840,-0.392
560,1,3150.000,14.300,-0.824,-0.114,0.276,NaN,NaN,150,0,-1.831,-1.324,NaN,NaN,NaN,NaN,NaN,NaN,NaN,NaN,NaN,NaN,NaN
561,105,3150.000,18.408,-1.664,0.099,-0.059,0.810,0.994,150,0,4.520,2.261,722.000,204.000,767.000,325.000,18.370,-1.660,-1.240,0.700,0.590,1.540,-0.503
562,0,3151.000,24.056,-6.449,0.072,-0.068,0.769,0.904,151,0,2.738,2.843,963.000,202.000,994.000,292.000,24.060,-6.420,-1.260,0.910,0.500,1.760,2.543
563,1,3151.000,14.185,-0.549,-0.114,0.275,NaN,NaN,151,0,-1.381,-1.316,NaN,NaN,NaN,NaN,NaN,NaN,NaN,NaN,NaN,NaN,NaN
564,105,3151.000,18.525,-1.746,0.102,-0.065,0.804,0.997,151,0,4.425,2.255,729.000,206.000,771.000,321.000,18.550,-1.770,-1.240,0.740,0.730,1.570,-0.334
565,0,3152.000,24.122,-6.545,0.072,-0.075,0.760,NaN,152,0,3.236,-1.327,966.000,200.000,997.000,293.000,NaN,NaN,NaN,NaN,NaN,NaN,NaN
566,1,3152.000,14.073,-0.274,-0.112,0.276,NaN,NaN,152,0,-1.275,-1.315,NaN,NaN,NaN,NaN,NaN,NaN,NaN,NaN,NaN,NaN,NaN
567,105,3152.000,18.624,-1.838,0.102,-0.073,0.864,NaN,152,0,4.411,-1.323,733.000,205.000,776.000,322.000,NaN,NaN,NaN,NaN,NaN,NaN,NaN
568,0,3153.000,24.239,-6.612,0.080,-0.071,0.794,0.735,153,0,2.962,1.175,968.000,198.000,999.000,295.000,24.250,-6.560,-1.220,0.860,0.690,1.790,-0.702
569,1,3153.000,13.961,0.000,-0.112,0.274,NaN,NaN,153,0,-2.406,-1.326,NaN,NaN,NaN,NaN,NaN,NaN,NaN,NaN,NaN,NaN,NaN
570,105,3153.000,18.711,-1.889,0.101,-0.066,0.855,0.556,153,0,4.511,0.737,736.000,205.000,779.000,324.000,18.710,-1.870,-1.230,0.720,0.590,1.720,-0.323
571,188,3153.000,34.040,-10.130,0.000,0.000,0.025,0.990,153,0,-4.310,2.532,1005.000,200.000,1028.000,254.000,34.040,-10.130,-1.140,1.890,0.570,1.890,2.287
572,0,3154.000,24.297,-6.664,0.075,-0.067,0.598,0.920,154,0,1.061,2.843,971.000,197.000,1002.000,292.000,24.280,-6.620,-1.250,1.020,0.500,1.900,2.623
573,1,3154.000,13.848,0.273,-0.113,0.273,NaN,NaN,154,0,-1.976,-1.327,NaN,NaN,NaN,NaN,NaN,NaN,NaN,NaN,NaN,NaN,NaN
574,105,3154.000,18.825,-1.948,0.105,-0.064,0.466,0.326,154,0,0.714,-0.079,741.000,206.000,783.000,289.000,18.850,-1.940,-1.240,0.820,0.510,1.710,-0.383
575,188,3154.000,33.902,-9.975,-0.040,0.040,0.352,0.695,154,0,-2.385,-0.322,1002.000,197.000,1026.000,254.000,33.790,-9.880,-1.170,0.960,0.470,1.790,2.229
576,0,3155.000,24.360,-6.758,0.075,-0.075,0.809,NaN,155,0,4.175,-1.326,974.000,199.000,1007.000,295.000,NaN,NaN,NaN,NaN,NaN,NaN,NaN
577,1,3155.000,13.734,0.547,-0.114,0.274,NaN,NaN,155,0,-2.644,-1.309,NaN,NaN,NaN,NaN,NaN,NaN,NaN,NaN,NaN,NaN,NaN
578,105,3155.000,18.925,-2.032,0.103,-0.070,0.507,NaN,155,0,0.669,-1.313,745.000,208.000,786.000,318.000,NaN,NaN,NaN,NaN,NaN,NaN,NaN
579,188,3155.000,33.844,-9.954,-0.049,0.031,0.054,NaN,155,0,-2.550,-1.327,1002.000,198.000,1021.000,252.000,NaN,NaN,NaN,NaN,NaN,NaN,NaN
580,0,3156.000,24.411,-6.809,0.067,-0.068,0.788,0.989,156,0,2.962,2.843,975.000,198.000,1009.000,295.000,24.410,-6.760,-1.250,0.880,0.520,1.790,-0.936
581,1,3156.000,13.621,0.821,-0.114,0.274,NaN,NaN,156,0,-1.183,-1.185,NaN,NaN,NaN,NaN,NaN,NaN,NaN,NaN,NaN,NaN,NaN
582,105,3156.000,19.034,-2.087,0.103,-0.065,0.544,0.032,156,0,1.319,-1.207,747.000,208.000,788.000,312.000,19.040,-2.080,-1.270,0.730,0.650,1.840,-0.449
583,188,3156.000,33.804,-9.917,-0.043,0.032,0.104,NaN,156,0,-2.037,-1.327,1002.000,197.000,1017.000,250.000,NaN,NaN,NaN,NaN,NaN,NaN,NaN
584,0,3157.000,24.505,-6.881,0.074,-0.070,0.777,0.975,157,0,2.512,3.500,977.000,200.000,1011.000,295.000,24.550,-6.880,-1.330,0.800,0.620,1.600,-0.728
585,1,3157.000,13.507,1.096,-0.114,0.274,NaN,NaN,157,0,-1.890,-1.308,NaN,NaN,NaN,NaN,NaN,NaN,NaN,NaN,NaN,NaN,NaN
586,105,3157.000,19.106,-2.114,0.097,-0.055,0.401,0.011,157,0,0.204,-1.268,751.000,206.000,792.000,276.000,19.080,-2.080,-1.200,0.760,0.640,1.770,-0.438
587,188,3157.000,33.760,-9.886,-0.044,0.032,NaN,NaN,157,0,-1.997,-1.327,NaN,NaN,NaN,NaN,NaN,NaN,NaN,NaN,NaN,NaN,NaN
588,0,3158.000,24.610,-6.850,0.082,-0.042,0.492,NaN,158,0,0.179,-1.326,973.000,193.000,999.000,254.000,NaN,NaN,NaN,NaN,NaN,NaN,NaN
589,1,3158.000,13.394,1.370,-0.113,0.275,NaN,NaN,158,0,-1.917,-1.327,NaN,NaN,NaN,NaN,NaN,NaN,NaN,NaN,NaN,NaN,NaN
590,105,3158.000,19.204,-2.201,0.099,-0.063,0.168,NaN,158,0,-1.080,-1.299,755.000,205.000,797.000,324.000,NaN,NaN,NaN,NaN,NaN,NaN,NaN
591,188,3158.000,33.717,-9.854,-0.043,0.032,NaN,NaN,158,0,-1.693,-1.327,NaN,NaN,NaN,NaN,NaN,NaN,NaN,NaN,NaN,NaN,NaN
592,0,3159.000,24.687,-6.928,0.080,-0.051,0.016,0.911,159,0,-2.966,3.500,983.000,201.000,1017.000,290.000,24.670,-7.020,-1.230,0.840,0.540,1.790,-0.831
593,1,3159.000,13.282,1.645,-0.112,0.275,NaN,NaN,159,0,0.179,-1.327,NaN,NaN,NaN,NaN,NaN,NaN,NaN,NaN,NaN,NaN,NaN
594,105,3159.000,19.294,-2.265,0.095,-0.061,0.079,NaN,159,0,-1.328,-1.293,757.000,205.000,799.000,326.000,NaN,NaN,NaN,NaN,NaN,NaN,NaN
595,188,3159.000,32.878,-9.117,-0.196,0.205,0.511,0.940,159,0,-1.543,2.454,972.000,193.000,995.000,258.000,32.930,-8.900,-1.110,0.830,0.510,1.810,-0.388
596,0,3160.000,24.739,-7.070,0.072,-0.074,0.445,NaN,160,0,0.021,-1.326,989.000,199.000,1022.000,291.000,NaN,NaN,NaN,NaN,NaN,NaN,NaN
597,1,3160.000,13.169,1.920,-0.112,0.275,NaN,NaN,160,0,-1.223,-1.327,NaN,NaN,NaN,NaN,NaN,NaN,NaN,NaN,NaN,NaN,NaN
598,105,3160.000,19.395,-2.339,0.096,-0.064,0.474,NaN,160,0,0.513,-1.290,762.000,206.000,803.000,329.000,NaN,NaN,NaN,NaN,NaN,NaN,NaN
599,188,3160.000,32.681,-8.912,-0.197,0.205,NaN,NaN,160,0,-1.751,-1.327,NaN,NaN,NaN,NaN,NaN,NaN,NaN,NaN,NaN,NaN,NaN
600,0,3161.000,24.735,-7.120,0.058,-0.068,0.705,0.869,161,0,1.782,2.181,993.000,198.000,1025.000,290.000,24.650,-7.080,-1.220,0.910,0.510,1.800,2.618
601,1,3161.000,13.057,2.195,-0.112,0.275,NaN,NaN,161,0,-0.518,-1.327,NaN,NaN,NaN,NaN,NaN,NaN,NaN,NaN,NaN,NaN,NaN
602,105,3161.000,19.460,-2.370,0.090,-0.056,0.244,0.023,161,0,-0.615,-1.231,767.000,207.000,808.000,327.000,19.450,-2.330,-1.250,0.760,0.630,1.800,-0.310
603,188,3161.000,32.515,-8.665,-0.189,0.214,0.768,0.995,161,0,0.467,2.454,951.000,194.000,986.000,256.000,32.710,-8.670,-1.190,1.830,0.540,1.830,-0.817
604,0,3162.000,24.818,-7.186,0.062,-0.067,0.832,0.671,162,0,3.241,0.637,995.000,198.000,1026.000,289.000,24.830,-7.190,-1.270,0.860,0.640,1.810,-0.643
605,1,3162.000,12.945,2.470,-0.112,0.275,NaN,NaN,162,0,-0.875,-1.327,NaN,NaN,NaN,NaN,NaN,NaN,NaN,NaN,NaN,NaN,NaN
606,105,3162.000,19.535,-2.433,0.091,-0.055,0.212,0.595,162,0,-0.825,0.870,768.000,207.000,811.000,330.000,19.540,-2.450,-1.190,0.730,0.620,1.700,-0.192
607,188,3162.000,32.345,-8.434,-0.184,0.222,0.706,0.459,162,0,0.070,-0.754,947.000,194.000,978.000,256.000,32.440,-8.360,-1.190,0.800,0.570,1.780,-0.770
608,0,3163.000,24.864,-7.291,0.059,-0.080,0.801,NaN,163,0,4.010,-1.327,997.000,198.000,1027.000,288.000,NaN,NaN,NaN,NaN,NaN,NaN,NaN
609,1,3163.000,12.833,2.743,-0.112,0.273,NaN,NaN,163,0,-1.508,-1.327,NaN,NaN,NaN,NaN,NaN,NaN,NaN,NaN,NaN,NaN,NaN
610,105,3163.000,19.621,-2.517,0.089,-0.062,0.774,NaN,163,0,3.261,-1.290,774.000,208.000,815.000,278.000,NaN,NaN,NaN,NaN,NaN,NaN,NaN
611,188,3163.000,32.150,-8.202,-0.186,0.228,0.727,NaN,163,0,2.590,-1.327,942.000,193.000,974.000,254.000,NaN,NaN,NaN,NaN,NaN,NaN,NaN
612,0,3164.000,24.934,-7.357,0.064,-0.075,0.795,0.692,164,0,2.620,0.744,1001.000,200.000,1031.000,286.000,24.940,-7.330,-1.140,0.810,0.610,1.630,-0.329
613,1,3164.000,12.721,3.016,-0.112,0.273,NaN,NaN,164,0,0.715,-1.327,NaN,NaN,NaN,NaN,NaN,NaN,NaN,NaN,NaN,NaN,NaN
614,105,3164.000,19.718,-2.568,0.093,-0.060,0.015,0.735,164,0,-2.523,1.693,778.000,207.000,819.000,331.000,19.740,-2.550,-1.310,0.760,0.600,1.790,-0.097
615,188,3164.000,32.016,-7.984,-0.176,0.230,NaN,0.834,164,0,-4.005,0.743,920.000,187.000,984.000,262.000,32.060,-7.980,-0.980,1.790,0.530,1.730,2.301
616,0,3165.000,25.018,-7.437,0.068,-0.076,0.773,0.989,165,0,2.423,3.500,1003.000,200.000,1031.000,287.000,25.030,-7.440,-1.230,0.840,0.550,1.690,-0.571
617,1,3165.000,12.609,3.290,-0.112,0.274,NaN,NaN,165,0,-1.113,-1.327,NaN,NaN,NaN,NaN,NaN,NaN,NaN,NaN,NaN,NaN,NaN
618,105,3165.000,19.837,-2.621,0.100,-0.055,0.187,0.013,165,0,-0.921,-1.286,781.000,205.000,822.000,280.000,19.890,-2.600,-1.280,0.780,0.730,1.720,0.006
619,188,3165.000,31.827,-7.715,-0.179,0.239,0.752,0.998,165,0,0.519,2.487,932.000,192.000,963.000,261.000,31.800,-7.660,-1.140,1.810,0.530,1.910,2.348
620,0,3166.000,25.074,-7.527,0.064,-0.079,0.798,NaN,166,0,4.010,-1.327,1005.000,200.000,1034.000,290.000,NaN,NaN,NaN,NaN,NaN,NaN,NaN
621,1,3166.000,12.496,3.564,-0.112,0.274,NaN,NaN,166,0,-0.921,-1.327,NaN,NaN,NaN,NaN,NaN,NaN,NaN,NaN,NaN,NaN,NaN
622,105,3166.000,19.926,-2.718,0.097,-0.067,0.457,NaN,166,0,-0.011,-1.297,786.000,206.000,825.000,280.000,NaN,NaN,NaN,NaN,NaN,NaN,NaN
623,188,3166.000,31.634,-7.546,-0.183,0.221,0.771,NaN,166,0,3.261,-1.327,925.000,192.000,955.000,256.000,NaN,NaN,NaN,NaN,NaN,NaN,NaN
624,0,3167.000,25.168,-7.576,0.070,-0.070,0.740,0.914,167,0,2.178,3.500,1008.000,198.000,1040.000,289.000,25.190,-7.520,-1.190,0.730,0.630,1.650,-0.552
625,1,3167.000,12.385,3.839,-0.111,0.275,NaN,NaN,167,0,-1.715,-1.327,NaN,NaN,NaN,NaN,NaN,NaN,NaN,NaN,NaN,NaN,NaN
626,105,3167.000,19.975,-2.739,0.086,-0.055,0.204,0.319,167,0,-0.876,-0.115,791.000,209.000,830.000,332.000,19.950,-2.670,-1.300,0.900,0.670,1.840,-0.231
627,188,3167.000,31.448,-7.323,-0.186,0.222,0.747,0.470,167,0,0.735,-0.617,918.000,192.000,948.000,263.000,31.440,-7.320,-1.060,1.880,0.510,1.840,2.274
628,0,3168.000,25.244,-7.626,0.072,-0.064,0.691,0.842,168,0,1.488,1.717,1009.000,198.000,1040.000,289.000,25.240,-7.600,-1.140,0.990,0.520,1.820,2.649
629,1,3168.000,12.274,4.115,-0.111,0.276,NaN,NaN,168,0,-1.113,-1.317,NaN,NaN,NaN,NaN,NaN,NaN,NaN,NaN,NaN,NaN,NaN
630,105,3168.000,20.095,-2.811,0.094,-0.059,0.409,0.239,168,0,0.233,-0.332,792.000,209.000,831.000,332.000,20.150,-2.830,-1.260,0.710,0.670,1.780,-0.228
631,188,3168.000,31.252,-7.100,-0.189,0.220,0.755,0.994,168,0,0.735,6.654,914.000,193.000,944.000,258.000,31.250,-7.100,-1.060,1.860,0.570,1.800,2.270
632,0,3169.000,25.301,-7.713,0.068,-0.071,0.757,NaN,169,0,3.236,-1.326,1011.000,197.000,1041.000,287.000,NaN,NaN,NaN,NaN,NaN,NaN,NaN
633,1,3169.000,12.161,4.390,-0.113,0.275,NaN,NaN,169,0,-0.263,-1.252,NaN,NaN,NaN,NaN,NaN,NaN,NaN,NaN,NaN,NaN,NaN
634,105,3169.000,20.182,-2.914,0.092,-0.070,0.149,NaN,169,0,-1.186,-1.304,797.000,208.000,835.000,326.000,NaN,NaN,NaN,NaN,NaN,NaN,NaN
635,188,3169.000,31.037,-7.007,-0.193,0.187,0.619,NaN,169,0,1.205,-1.325,912.000,193.000,937.000,257.000,NaN,NaN,NaN,NaN,NaN,NaN,NaN
636,0,3170.000,25.388,-7.766,0.072,-0.066,0.716,0.951,170,0,1.934,3.500,1014.000,198.000,1043.000,283.000,25.400,-7.720,-1.220,0.880,0.610,1.830,-0.896
637,1,3170.000,12.048,4.664,-0.113,0.274,NaN,NaN,170,0,0.120,-1.193,NaN,NaN,NaN,NaN,NaN,NaN,NaN,NaN,NaN,NaN,NaN
638,105,3170.000,20.270,-3.006,0.090,-0.075,0.309,NaN,170,0,-0.365,-1.307,800.000,208.000,840.000,332.000,NaN,NaN,NaN,NaN,NaN,NaN,NaN
639,188,3170.000,30.892,-6.845,-0.182,0.182,0.744,0.341,170,0,0.652,-0.930,895.000,193.000,929.000,259.000,30.950,-6.880,-1.140,1.760,0.590,1.840,-0.799
640,0,3171.000,25.496,-7.822,0.078,-0.061,0.804,0.598,171,0,2.415,0.304,1015.000,198.000,1045.000,285.000,25.540,-7.790,-1.220,0.920,0.550,1.800,-0.671
641,1,3171.000,11.937,4.938,-0.111,0.274,NaN,NaN,171,0,0.862,-1.176,NaN,NaN,NaN,NaN,NaN,NaN,NaN,NaN,NaN,NaN,NaN
642,105,3171.000,20.477,-3.078,0.114,-0.074,0.083,0.966,171,0,-1.781,2.148,802.000,207.000,843.000,332.000,20.560,-3.070,-1.280,0.740,0.650,1.680,-0.389
643,188,3171.000,30.679,-6.628,-0.186,0.190,0.680,0.997,171,0,-0.057,6.654,892.000,194.000,926.000,260.000,30.660,-6.530,-1.210,1.730,0.590,1.820,2.311
644,0,3172.000,25.574,-7.920,0.081,-0.068,0.773,NaN,172,0,3.422,-1.326,1017.000,199.000,1047.000,283.000,NaN,NaN,NaN,NaN,NaN,NaN,NaN
645,1,3172.000,11.827,5.211,-0.111,0.273,NaN,NaN,172,0,-1.001,-1.249,NaN,NaN,NaN,NaN,NaN,NaN,NaN,NaN,NaN,NaN,NaN
646,105,3172.000,20.589,-3.162,0.112,-0.077,0.720,NaN,172,0,2.608,-1.310,806.000,207.000,847.000,297.000,NaN,NaN,NaN,NaN,NaN,NaN,NaN
647,188,3172.000,30.494,-6.409,-0.184,0.199,0.768,NaN,172,0,3.261,-1.295,886.000,194.000,912.000,261.000,NaN,NaN,NaN,NaN,NaN,NaN,NaN
648,0,3173.000,25.619,-7.944,0.074,-0.056,0.660,0.917,173,0,0.944,4.838,1021.000,199.000,1050.000,287.000,25.610,-7.870,-1.210,0.700,0.640,1.810,2.421
649,1,3173.000,11.716,5.482,-0.111,0.272,NaN,NaN,173,0,0.440,2.148,NaN,NaN,NaN,NaN,NaN,NaN,NaN,NaN,NaN,NaN,NaN
650,105,3173.000,20.649,-3.201,0.102,-0.066,0.062,0.043,173,0,-2.052,-1.201,807.000,206.000,852.000,342.000,20.630,-3.150,-1.280,1.710,0.530,1.830,-0.434
651,188,3173.000,30.337,-6.211,-0.177,0.198,0.799,0.984,173,0,1.344,5.979,877.000,194.000,910.000,260.000,30.360,-6.180,-1.110,1.750,0.540,1.750,2.207
652,0,3174.000,25.747,-8.022,0.085,-0.061,0.530,0.410,174,0,0.197,-0.313,1022.000,198.000,1050.000,284.000,25.800,-8.040,-1.140,0.700,0.690,1.630,-0.519
653,1,3174.000,11.603,5.754,-0.113,0.272,NaN,NaN,174,0,-1.810,-1.324,NaN,NaN,NaN,NaN,NaN,NaN,NaN,NaN,NaN,NaN,NaN
654,105,3174.000,20.767,-3.255,0.105,-0.065,0.038,0.196,174,0,-2.405,-0.477,810.000,214.000,852.000,337.000,20.800,-3.240,-1.330,0.690,0.700,1.780,-0.336
655,188,3174.000,30.174,-6.008,-0.173,0.200,0.784,0.287,174,0,1.158,-0.910,872.000,195.000,906.000,257.000,30.190,-5.980,-0.990,1.710,0.620,1.770,-0.962
656,0,3175.000,25.819,-8.122,0.082,-0.068,0.731,NaN,175,0,2.756,-1.326,1025.000,199.000,1054.000,280.000,NaN,NaN,NaN,NaN,NaN,NaN,NaN
657,1,3175.000,11.853,3.553,-0.024,0.168,0.103,NaN,175,0,-2.249,-1.327,217.000,194.000,224.000,223.000,NaN,NaN,NaN,NaN,NaN,NaN,NaN
658,105,3175.000,20.866,-3.354,0.104,-0.074,0.542,NaN,175,0,0.556,-1.315,819.000,214.000,855.000,292.000,NaN,NaN,NaN,NaN,NaN,NaN,NaN
659,188,3175.000,30.001,-5.840,-0.172,0.192,0.786,NaN,175,0,3.665,-1.318,865.000,194.000,897.000,257.000,NaN,NaN,NaN,NaN,NaN,NaN,NaN
660,0,3176.000,25.890,-8.157,0.082,-0.061,0.646,0.906,176,0,0.873,4.170,1026.000,197.000,1057.000,284.000,25.890,-8.100,-1.220,0.890,0.490,1.820,-0.884
661,1,3176.000,11.829,3.722,-0.023,0.169,NaN,NaN,176,0,-3.002,-1.450,NaN,NaN,NaN,NaN,NaN,NaN,NaN,NaN,NaN,NaN,NaN
662,105,3176.000,20.922,-3.382,0.091,-0.061,0.076,0.167,176,0,-1.787,-0.561,823.000,209.000,856.000,310.000,20.890,-3.310,-1.220,0.760,0.620,1.750,-0.533
663,188,3176.000,29.873,-5.677,-0.164,0.187,0.372,0.088,176,0,-1.511,-1.448,864.000,195.000,892.000,262.000,29.910,-5.710,-1.090,1.830,0.750,1.720,-0.779
664,0,3177.000,26.031,-8.234,0.093,-0.064,0.750,0.988,177,0,1.976,4.938,1028.000,197.000,1058.000,285.000,26.070,-8.240,-1.160,0.960,0.790,1.800,-0.488
665,1,3177.000,11.807,3.893,-0.022,0.170,NaN,NaN,177,0,-1.693,-1.327,NaN,NaN,NaN,NaN,NaN,NaN,NaN,NaN,NaN,NaN,NaN
666,105,3177.000,21.059,-3.439,0.102,-0.057,0.430,0.814,177,0,0.286,2.109,825.000,205.000,855.000,308.000,21.130,-3.460,-1.260,0.730,0.630,1.640,-0.313
667,188,3177.000,29.702,-5.580,-0.167,0.167,0.574,NaN,177,0,0.787,-1.308,862.000,194.000,885.000,259.000,NaN,NaN,NaN,NaN,NaN,NaN,NaN
668,0,3178.000,26.123,-8.327,0.091,-0.073,0.735,NaN,178,0,2.907,-1.326,1030.000,198.000,1059.000,284.000,NaN,NaN,NaN,NaN,NaN,NaN,NaN
669,1,3178.000,11.784,4.063,-0.023,0.170,NaN,NaN,178,0,-1.813,-1.326,NaN,NaN,NaN,NaN,NaN,NaN,NaN,NaN,NaN,NaN,NaN
670,105,3178.000,21.156,-3.515,0.101,-0.061,0.388,NaN,178,0,-0.263,-1.305,828.000,202.000,857.000,297.000,NaN,NaN,NaN,NaN,NaN,NaN,NaN
671,188,3178.000,29.545,-5.362,-0.165,0.178,0.053,NaN,178,0,-1.795,-1.298,828.000,201.000,876.000,309.000,NaN,NaN,NaN,NaN,NaN,NaN,NaN
672,0,3179.000,26.234,-8.390,0.094,-0.071,0.421,0.996,179,0,-0.580,4.938,1031.000,198.000,1060.000,286.000,26.230,-8.320,-1.140,0.780,0.630,1.750,-0.396
673,1,3179.000,11.760,4.234,-0.023,0.171,NaN,NaN,179,0,-2.396,-1.326,NaN,NaN,NaN,NaN,NaN,NaN,NaN,NaN,NaN,NaN,NaN
674,105,3179.000,21.318,-3.596,0.117,-0.066,0.325,0.551,179,0,-0.288,0.637,831.000,201.000,872.000,284.000,21.370,-3.620,-1.280,0.860,0.570,1.770,-0.155
675,188,3179.000,29.405,-5.056,-0.157,0.203,0.197,NaN,179,0,-0.996,-1.199,831.000,202.000,856.000,283.000,NaN,NaN,NaN,NaN,NaN,NaN,NaN
676,0,3180.000,26.269,-8.418,0.080,-0.060,0.680,0.837,180,0,1.117,1.590,1030.000,198.000,1061.000,286.000,26.220,-8.320,-1.200,0.960,0.500,1.880,2.625
677,1,3180.000,11.737,4.405,-0.023,0.171,NaN,NaN,180,0,-2.564,-1.323,NaN,NaN,NaN,NaN,NaN,NaN,NaN,NaN,NaN,NaN,NaN
678,105,3180.000,21.469,-3.687,0.126,-0.074,0.430,0.202,180,0,0.160,-0.515,829.000,199.000,873.000,283.000,21.510,-3.720,-1.150,0.840,0.710,1.650,-0.194
679,188,3180.000,29.069,-4.737,-0.188,0.228,0.132,0.501,180,0,-2.370,-0.313,830.000,199.000,856.000,282.000,29.020,-4.490,-1.110,1.890,0.580,1.960,2.311
680,0,3181.000,26.347,-8.496,0.079,-0.064,0.137,NaN,181,0,-1.424,-1.326,1035.000,199.000,1062.000,286.000,NaN,NaN,NaN,NaN,NaN,NaN,NaN
681,1,3181.000,11.714,4.574,-0.023,0.169,NaN,NaN,181,0,-1.982,-1.317,NaN,NaN,NaN,NaN,NaN,NaN,NaN,NaN,NaN,NaN,NaN
682,105,3181.000,21.596,-3.767,0.127,-0.074,0.150,NaN,181,0,-1.528,-1.301,829.000,201.000,878.000,281.000,NaN,NaN,NaN,NaN,NaN,NaN,NaN
683,188,3181.000,28.867,-4.657,-0.203,0.188,0.038,NaN,181,0,-2.426,-1.322,830.000,202.000,854.000,277.000,NaN,NaN,NaN,NaN,NaN,NaN,NaN
684,0,3182.000,26.435,-8.519,0.082,-0.051,NaN,0.415,182,0,-3.125,-0.290,1020.000,197.000,1069.000,290.000,26.450,-8.420,-1.230,0.780,0.680,1.770,-0.541
685,1,3182.000,11.693,4.744,-0.022,0.170,NaN,NaN,182,0,-2.516,-1.309,NaN,NaN,NaN,NaN,NaN,NaN,NaN,NaN,NaN,NaN,NaN
686,105,3182.000,21.733,-3.819,0.129,-0.069,0.025,0.375,182,0,-2.569,-0.083,843.000,203.000,881.000,271.000,21.740,-3.790,-1.150,0.700,0.590,1.760,-0.061
687,188,3182.000,28.780,-4.450,-0.185,0.198,0.036,0.998,182,0,-3.324,5.442,786.000,198.000,796.000,211.000,28.870,-4.330,-1.210,1.820,0.520,1.830,2.195
688,0,3183.000,26.558,-8.570,0.090,-0.048,0.040,0.571,183,0,-3.034,0.108,1036.000,199.000,1066.000,278.000,26.610,-8.540,-1.190,0.700,0.670,1.710,-0.496
689,1,3183.000,11.673,4.913,-0.020,0.169,NaN,NaN,183,0,-2.445,-1.306,NaN,NaN,NaN,NaN,NaN,NaN,NaN,NaN,NaN,NaN,NaN
690,105,3183.000,21.890,-3.882,0.136,-0.067,0.094,0.550,183,0,-1.741,0.568,842.000,202.000,881.000,266.000,21.920,-3.880,-1.230,0.720,0.570,1.810,0.336
691,188,3183.000,28.643,-4.179,-0.171,0.214,0.043,0.127,183,0,-3.321,-1.247,786.000,198.000,796.000,211.000,28.770,-4.040,-1.210,1.840,0.540,1.920,2.175
692,0,3184.000,26.640,-8.657,0.087,-0.058,0.722,NaN,184,0,2.434,-1.326,1039.000,197.000,1066.000,277.000,NaN,NaN,NaN,NaN,NaN,NaN,NaN
693,1,3184.000,11.653,5.082,-0.020,0.169,NaN,NaN,184,0,-1.549,-1.319,NaN,NaN,NaN,NaN,NaN,NaN,NaN,NaN,NaN,NaN,NaN
694,105,3184.000,22.021,-4.012,0.136,-0.084,0.026,NaN,184,0,-2.219,-1.291,849.000,203.000,889.000,289.000,NaN,NaN,NaN,NaN,NaN,NaN,NaN
695,188,3184.000,28.470,-4.043,-0.172,0.196,0.703,NaN,184,0,2.128,-1.317,797.000,197.000,832.000,263.000,NaN,NaN,NaN,NaN,NaN,NaN,NaN
696,0,3185.000,26.701,-8.671,0.083,-0.047,0.458,0.395,185,0,-0.480,-0.427,1041.000,197.000,1068.000,279.000,26.670,-8.580,-1.240,0.820,0.540,1.820,-0.732
697,1,3185.000,11.633,5.250,-0.020,0.168,NaN,NaN,185,0,-0.662,-1.325,NaN,NaN,NaN,NaN,NaN,NaN,NaN,NaN,NaN,NaN,NaN
698,105,3185.000,22.157,-4.115,0.139,-0.090,0.097,NaN,185,0,-1.755,-1.275,847.000,202.000,894.000,282.000,NaN,NaN,NaN,NaN,NaN,NaN,NaN
699,188,3185.000,28.441,-3.832,-0.140,0.199,0.651,0.929,185,0,0.178,5.442,784.000,198.000,823.000,265.000,28.590,-3.780,-1.190,1.760,0.550,1.880,1.980
700,0,3186.000,26.791,-8.685,0.087,-0.038,0.655,0.789,186,0,0.635,0.996,1042.000,198.000,1068.000,278.000,26.790,-8.620,-1.350,0.780,0.660,1.720,-0.568
701,1,3186.000,11.613,5.418,-0.020,0.168,NaN,NaN,186,0,-0.921,-1.327,NaN,NaN,NaN,NaN,NaN,NaN,NaN,NaN,NaN,NaN,NaN
702,105,3186.000,22.190,-4.166,0.119,-0.080,0.090,0.158,186,0,-1.733,-0.623,850.000,203.000,895.000,282.000,22.140,-4.160,-1.200,0.740,0.620,1.820,-0.871
703,188,3186.000,28.348,-3.563,-0.131,0.212,0.757,1.000,186,0,1.502,7.239,779.000,199.000,819.000,264.000,28.400,-3.480,-1.300,1.700,0.580,1.810,2.076
704,0,3187.000,26.861,-8.789,0.082,-0.052,0.238,NaN,187,0,-1.092,-1.325,1043.000,205.000,1069.000,277.000,NaN,NaN,NaN,NaN,NaN,NaN,NaN
705,1,3187.000,11.593,5.586,-0.020,0.168,NaN,NaN,187,0,1.083,-1.327,NaN,NaN,NaN,NaN,NaN,NaN,NaN,NaN,NaN,NaN,NaN
706,105,3187.000,22.308,-4.279,0.118,-0.089,0.382,NaN,187,0,-0.472,-1.295,861.000,205.000,894.000,273.000,NaN,NaN,NaN,NaN,NaN,NaN,NaN
707,188,3187.000,28.218,-3.406,-0.131,0.201,0.710,NaN,187,0,2.280,-1.306,765.000,198.000,807.000,263.000,NaN,NaN,NaN,NaN,NaN,NaN,NaN
708,0,3188.000,26.926,-8.791,0.077,-0.037,0.027,0.114,188,0,-3.122,-1.121,1046.000,207.000,1066.000,279.000,26.920,-8.680,-1.250,0.760,0.660,1.800,-0.695
709,1,3188.000,11.572,5.752,-0.021,0.167,NaN,NaN,188,0,0.165,-1.327,NaN,NaN,NaN,NaN,NaN,NaN,NaN,NaN,NaN,NaN,NaN
710,105,3188.000,22.423,-4.380,0.116,-0.093,0.505,NaN,188,0,0.306,-1.299,862.000,203.000,901.000,266.000,NaN,NaN,NaN,NaN,NaN,NaN,NaN
711,188,3188.000,28.157,-3.203,-0.121,0.201,0.660,0.983,188,0,0.470,7.239,754.000,198.000,796.000,263.000,28.200,-3.210,-1.200,1.830,0.540,1.950,2.144
712,0,3189.000,27.034,-8.851,0.084,-0.043,0.226,0.401,189,0,-1.569,-0.427,1047.000,209.000,1065.000,278.000,27.050,-8.870,-1.240,0.720,0.670,1.710,-0.421
713,1,3189.000,11.551,5.918,-0.022,0.166,NaN,NaN,189,0,-2.680,-1.327,NaN,NaN,NaN,NaN,NaN,NaN,NaN,NaN,NaN,NaN,NaN
714,105,3189.000,22.490,-4.420,0.108,-0.079,0.319,0.397,189,0,-0.377,-0.009,864.000,203.000,904.000,271.000,22.490,-4.340,-1.250,0.770,0.620,1.810,0.551
715,188,3189.000,28.100,-2.979,-0.107,0.209,0.681,0.104,189,0,0.629,-1.203,751.000,204.000,786.000,268.000,28.160,-2.950,-1.190,0.810,0.690,1.770,2.092
716,0,3190.000,27.118,-8.894,0.085,-0.043,NaN,NaN,190,0,0.251,-1.318,NaN,NaN,NaN,NaN,NaN,NaN,NaN,NaN,NaN,NaN,NaN
717,1,3190.000,11.528,6.084,-0.023,0.166,NaN,NaN,190,0,-2.483,-1.327,NaN,NaN,NaN,NaN,NaN,NaN,NaN,NaN,NaN,NaN,NaN
718,105,3190.000,22.598,-4.525,0.106,-0.087,0.504,NaN,190,0,0.239,-1.301,870.000,200.000,907.000,278.000,NaN,NaN,NaN,NaN,NaN,NaN,NaN
719,188,3190.000,27.972,-2.840,-0.113,0.193,0.723,NaN,190,0,2.434,-1.219,745.000,199.000,776.000,267.000,NaN,NaN,NaN,NaN,NaN,NaN,NaN
720,0,3191.000,27.203,-8.937,0.085,-0.043,NaN,NaN,191,0,-2.161,-1.315,NaN,NaN,NaN,NaN,NaN,NaN,NaN,NaN,NaN,NaN,NaN
721,1,3191.000,11.505,6.251,-0.023,0.166,NaN,NaN,191,0,-0.083,-1.327,NaN,NaN,NaN,NaN,NaN,NaN,NaN,NaN,NaN,NaN,NaN
722,105,3191.000,22.707,-4.625,0.104,-0.092,0.597,NaN,191,0,1.024,-1.307,873.000,199.000,911.000,277.000,NaN,NaN,NaN,NaN,NaN,NaN,NaN
723,188,3191.000,27.870,-2.585,-0.108,0.212,0.036,0.768,191,0,-2.845,0.783,719.000,211.000,728.000,231.000,27.860,-2.490,-1.300,1.720,0.570,1.900,1.983
724,0,3192.000,27.336,-9.094,0.094,-0.064,NaN,0.061,192,0,-3.217,-1.353,1042.000,196.000,1092.000,283.000,27.350,-9.170,-1.170,0.760,0.660,1.720,-0.710
725,1,3192.000,11.483,6.416,-0.023,0.165,NaN,NaN,192,0,-2.339,-1.327,NaN,NaN,NaN,NaN,NaN,NaN,NaN,NaN,NaN,NaN,NaN
726,105,3192.000,22.773,-4.642,0.100,-0.074,0.634,0.011,192,0,1.471,-1.391,875.000,199.000,911.000,273.000,22.790,-4.520,-1.180,0.780,0.610,1.740,-0.290
727,188,3192.000,27.760,-2.310,-0.108,0.228,0.720,0.036,192,0,1.142,-1.551,728.000,198.000,758.000,272.000,27.760,-2.220,-1.260,1.810,0.500,1.980,1.924
728,0,3193.000,27.429,-9.157,0.093,-0.062,NaN,NaN,193,0,-0.798,-1.287,NaN,NaN,NaN,NaN,NaN,NaN,NaN,NaN,NaN,NaN,NaN
729,1,3193.000,11.460,6.579,-0.023,0.164,NaN,NaN,193,0,0.556,-1.327,NaN,NaN,NaN,NaN,NaN,NaN,NaN,NaN,NaN,NaN,NaN
730,105,3193.000,22.869,-4.697,0.101,-0.072,0.085,NaN,193,0,-1.721,-1.309,869.000,200.000,912.000,288.000,NaN,NaN,NaN,NaN,NaN,NaN,NaN
731,188,3193.000,27.649,-2.180,-0.110,0.205,0.705,NaN,193,0,2.128,-1.323,715.000,199.000,745.000,271.000,NaN,NaN,NaN,NaN,NaN,NaN,NaN
732,0,3194.000,27.442,-9.175,0.079,-0.052,0.048,0.165,194,0,-2.801,-0.953,1056.000,199.000,1082.000,259.000,27.370,-9.180,-1.320,0.780,0.630,1.850,-0.603
733,1,3194.000,11.436,6.742,-0.024,0.163,NaN,NaN,194,0,-2.483,-1.327,NaN,NaN,NaN,NaN,NaN,NaN,NaN,NaN,NaN,NaN,NaN
734,105,3194.000,22.908,-4.733,0.089,-0.063,0.618,0.058,194,0,1.412,-1.101,881.000,201.000,912.000,266.000,22.870,-4.680,-1.260,0.760,0.800,1.570,-0.581
735,188,3194.000,27.602,-1.960,-0.096,0.209,0.720,1.000,194,0,1.142,7.239,707.000,196.000,742.000,271.000,27.660,-1.940,-1.260,1.770,0.550,1.810,1.845
736,0,3195.000,27.502,-9.296,0.077,-0.066,0.261,NaN,195,0,-0.956,-1.284,1058.000,199.000,1083.000,261.000,NaN,NaN,NaN,NaN,NaN,NaN,NaN
737,1,3195.000,11.411,6.905,-0.024,0.163,NaN,NaN,195,0,-2.998,-1.327,NaN,NaN,NaN,NaN,NaN,NaN,NaN,NaN,NaN,NaN,NaN
738,105,3195.000,23.016,-4.805,0.094,-0.062,0.462,0.049,195,0,0.253,-1.183,883.000,201.000,913.000,273.000,23.040,-4.800,-1.270,0.750,0.600,1.740,-0.551
739,188,3195.000,27.544,-1.736,-0.088,0.215,0.678,0.184,195,0,0.629,-1.012,697.000,200.000,726.000,270.000,27.600,-1.700,-1.300,1.740,0.570,1.870,1.836
740,0,3196.000,27.580,-9.375,0.078,-0.070,0.208,NaN,196,0,-1.197,-1.292,1059.000,200.000,1084.000,263.000,NaN,NaN,NaN,NaN,NaN,NaN,NaN
741,1,3196.000,11.388,7.066,-0.023,0.162,NaN,NaN,196,0,-1.937,-1.327,NaN,NaN,NaN,NaN,NaN,NaN,NaN,NaN,NaN,NaN,NaN
742,105,3196.000,23.105,-4.892,0.092,-0.068,0.498,NaN,196,0,0.239,-1.296,887.000,200.000,920.000,275.000,NaN,NaN,NaN,NaN,NaN,NaN,NaN
743,188,3196.000,27.458,-1.553,-0.088,0.208,0.709,NaN,196,0,2.280,-1.327,679.000,199.000,717.000,271.000,NaN,NaN,NaN,NaN,NaN,NaN,NaN
744,0,3197.000,27.625,-9.419,0.072,-0.063,0.331,0.152,197,0,-1.297,-1.082,1060.000,200.000,1085.000,278.000,27.590,-9.410,-1.200,0.710,0.680,1.680,-0.444
745,1,3197.000,11.363,7.228,-0.025,0.162,NaN,NaN,197,0,-0.011,-1.327,NaN,NaN,NaN,NaN,NaN,NaN,NaN,NaN,NaN,NaN,NaN
746,105,3197.000,23.198,-4.957,0.093,-0.067,0.096,NaN,197,0,-1.398,-1.295,883.000,200.000,925.000,304.000,NaN,NaN,NaN,NaN,NaN,NaN,NaN
747,188,3197.000,27.480,-1.346,-0.068,0.212,0.742,0.985,197,0,1.358,7.239,678.000,199.000,710.000,271.000,27.570,-1.320,-1.270,1.840,0.610,1.860,1.821
748,0,3198.000,27.699,-9.475,0.072,-0.062,0.712,0.612,198,0,1.004,0.096,1062.000,198.000,1087.000,279.000,27.700,-9.470,-1.260,0.650,0.480,1.860,2.377
749,1,3198.000,11.337,7.390,-0.026,0.162,NaN,NaN,198,0,-2.571,-1.327,NaN,NaN,NaN,NaN,NaN,NaN,NaN,NaN,NaN,NaN,NaN
750,105,3198.000,23.301,-5.036,0.095,-0.070,0.680,0.290,198,0,1.878,-0.293,893.000,199.000,928.000,273.000,23.310,-5.040,-1.200,0.730,0.610,1.800,-0.349
751,188,3198.000,27.487,-1.107,-0.056,0.222,0.636,0.687,198,0,0.341,0.367,663.000,200.000,693.000,271.000,27.580,-1.010,-1.310,1.750,0.670,1.810,1.884
752,0,3199.000,27.770,-9.573,0.071,-0.070,0.592,NaN,199,0,1.124,-1.312,1068.000,197.000,1088.000,279.000,NaN,NaN,NaN,NaN,NaN,NaN,NaN
753,1,3199.000,11.312,7.552,-0.025,0.162,NaN,NaN,199,0,-0.769,-1.327,NaN,NaN,NaN,NaN,NaN,NaN,NaN,NaN,NaN,NaN,NaN
754,105,3199.000,23.389,-5.140,0.094,-0.078,0.674,NaN,199,0,1.724,-1.301,898.000,200.000,930.000,276.000,NaN,NaN,NaN,NaN,NaN,NaN,NaN
755,188,3199.000,27.430,-0.884,-0.057,0.224,0.661,NaN,199,0,1.613,-1.322,645.000,200.000,682.000,270.000,NaN,NaN,NaN,NaN,NaN,NaN,NaN
756,0,3200.000,27.830,-9.620,0.070,-0.063,0.364,0.018,200,0,-1.170,-1.663,1070.000,197.000,1090.000,269.000,27.830,-9.550,-1.130,0.540,0.460,1.780,2.309
757,1,3200.000,11.286,7.714,-0.025,0.162,NaN,NaN,200,0,-0.083,-1.327,NaN,NaN,NaN,NaN,NaN,NaN,NaN,NaN,NaN,NaN,NaN
758,105,3200.000,23.406,-5.184,0.081,-0.072,0.662,0.586,200,0,1.682,0.601,901.000,201.000,936.000,278.000,23.370,-5.120,-1.170,0.750,0.600,1.750,-0.477
759,188,3200.000,27.373,-0.661,-0.056,0.224,0.687,NaN,200,0,1.982,-1.322,636.000,200.000,669.000,274.000,NaN,NaN,NaN,NaN,NaN,NaN,NaN
760,0,3201.000,27.914,-9.650,0.074,-0.054,0.657,0.360,201,0,0.470,-0.585,1069.000,198.000,1090.000,279.000,27.970,-9.560,-1.190,0.840,0.580,1.730,0.746
761,1,3201.000,11.260,7.875,-0.026,0.162,NaN,NaN,201,0,1.181,-0.987,NaN,NaN,NaN,NaN,NaN,NaN,NaN,NaN,NaN,NaN,NaN
762,105,3201.000,23.522,-5.256,0.089,-0.072,0.009,0.874,201,0,-2.857,2.233,926.000,203.000,950.000,259.000,23.570,-5.250,-1.230,0.880,0.590,1.840,-0.636
763,188,3201.000,27.314,-0.434,-0.057,0.225,0.722,NaN,201,0,2.434,-1.312,626.000,200.000,659.000,272.000,NaN,NaN,NaN,NaN,NaN,NaN,NaN
764,0,3202.000,27.988,-9.713,0.072,-0.057,0.617,NaN,202,0,1.205,-1.323,1069.000,199.000,1092.000,277.000,NaN,NaN,NaN,NaN,NaN,NaN,NaN
765,1,3202.000,11.233,8.036,-0.027,0.161,NaN,NaN,202,0,-0.141,-1.327,NaN,NaN,NaN,NaN,NaN,NaN,NaN,NaN,NaN,NaN,NaN
766,105,3202.000,23.583,-5.410,0.083,-0.093,0.638,NaN,202,0,1.407,-1.305,915.000,203.000,943.000,281.000,NaN,NaN,NaN,NaN,NaN,NaN,NaN
767,188,3202.000,27.254,-0.240,-0.056,0.216,0.577,NaN,202,0,0.862,-1.288,614.000,192.000,659.000,272.000,NaN,NaN,NaN,NaN,NaN,NaN,NaN
768,0,3203.000,28.017,-9.730,0.062,-0.047,0.766,0.276,203,0,1.565,-0.732,1070.000,200.000,1095.000,279.000,28.010,-9.640,-1.100,0.810,0.470,1.740,2.400
769,1,3203.000,11.206,8.198,-0.027,0.162,NaN,NaN,203,0,-2.408,-1.327,NaN,NaN,NaN,NaN,NaN,NaN,NaN,NaN,NaN,NaN,NaN
770,105,3203.000,23.646,-5.457,0.080,-0.082,0.780,0.998,203,0,2.841,2.843,916.000,201.000,948.000,294.000,23.640,-5.380,-1.180,0.760,0.840,1.560,-0.338
771,188,3203.000,27.193,-0.005,-0.058,0.220,0.676,NaN,203,0,1.846,-1.299,602.000,200.000,638.000,271.000,NaN,NaN,NaN,NaN,NaN,NaN,NaN
772,0,3204.000,28.125,-9.776,0.072,-0.044,0.768,0.251,204,0,1.565,-0.820,1070.000,200.000,1097.000,278.000,28.170,-9.750,-1.270,0.750,0.640,1.690,-0.354
773,1,3204.000,11.179,8.362,-0.028,0.163,NaN,NaN,204,0,-1.918,-1.327,NaN,NaN,NaN,NaN,NaN,NaN,NaN,NaN,NaN,NaN,NaN
774,105,3204.000,23.750,-5.532,0.085,-0.081,0.792,0.996,204,0,2.962,2.843,916.000,200.000,948.000,295.000,23.780,-5.540,-1.190,0.750,0.830,1.560,-0.154
775,188,3204.000,27.528,0.188,-0.005,0.212,0.627,0.122,204,0,0.285,-1.175,601.000,200.000,630.000,272.000,27.640,0.160,-1.300,1.850,0.650,1.870,1.610
776,0,3205.000,28.184,-9.854,0.067,-0.052,0.742,NaN,205,0,2.746,-1.326,1071.000,200.000,1099.000,276.000,NaN,NaN,NaN,NaN,NaN,NaN,NaN
777,1,3205.000,11.151,8.525,-0.028,0.164,NaN,NaN,205,0,-2.571,-1.327,NaN,NaN,NaN,NaN,NaN,NaN,NaN,NaN,NaN,NaN,NaN
778,105,3205.000,23.834,-5.616,0.086,-0.084,0.790,NaN,205,0,3.821,-1.323,917.000,199.000,952.000,297.000,NaN,NaN,NaN,NaN,NaN,NaN,NaN
779,188,3205.000,27.517,0.424,-0.007,0.217,0.658,NaN,205,0,1.613,-1.317,578.000,200.000,619.000,265.000,NaN,NaN,NaN,NaN,NaN,NaN,NaN
780,0,3206.000,28.293,-9.899,0.075,-0.049,0.636,0.534,206,0,0.341,-0.134,1074.000,199.000,1101.000,277.000,28.340,-9.860,-1.290,1.000,0.490,1.810,2.661
781,1,3206.000,11.123,8.688,-0.028,0.163,NaN,NaN,206,0,-2.320,-1.327,NaN,NaN,NaN,NaN,NaN,NaN,NaN,NaN,NaN,NaN,NaN
782,105,3206.000,23.915,-5.650,0.088,-0.072,0.732,0.994,206,0,2.350,2.843,923.000,200.000,957.000,294.000,23.940,-5.600,-1.210,0.740,0.800,1.730,-0.355
783,188,3206.000,27.614,0.664,0.006,0.224,0.681,0.037,206,0,0.629,-1.559,565.000,200.000,605.000,251.000,27.660,0.710,-1.340,1.830,0.640,1.780,1.380
784,0,3207.000,28.401,-9.976,0.080,-0.058,0.742,0.393,207,0,1.358,-0.542,1076.000,198.000,1101.000,278.000,28.440,-10.030,-1.200,0.720,0.740,1.760,-0.638
785,1,3207.000,16.344,4.969,0.208,-0.011,0.103,NaN,207,0,-2.249,-1.327,217.000,194.000,224.000,221.000,NaN,NaN,NaN,NaN,NaN,NaN,NaN
786,105,3207.000,24.041,-5.704,0.098,-0.067,0.723,0.892,207,0,2.207,2.690,925.000,201.000,958.000,290.000,24.080,-5.680,-1.180,0.890,0.700,1.810,-0.674
787,188,3207.000,27.641,0.891,0.009,0.225,0.725,0.732,207,0,1.261,0.631,562.000,200.000,599.000,250.000,27.670,0.910,-1.220,1.750,0.600,1.720,1.351
788,0,3208.000,28.458,-10.083,0.073,-0.070,0.378,NaN,208,0,-0.483,-1.327,1078.000,198.000,1104.000,277.000,NaN,NaN,NaN,NaN,NaN,NaN,NaN
789,1,3208.000,16.552,4.958,0.209,-0.010,NaN,NaN,208,0,0.339,-1.176,NaN,NaN,NaN,NaN,NaN,NaN,NaN,NaN,NaN,NaN,NaN
790,105,3208.000,24.129,-5.825,0.093,-0.081,0.728,NaN,208,0,2.756,-1.324,927.000,202.000,964.000,291.000,NaN,NaN,NaN,NaN,NaN,NaN,NaN
791,188,3208.000,27.653,1.158,0.007,0.235,0.046,NaN,208,0,-2.477,-1.289,545.000,200.000,581.000,249.000,NaN,NaN,NaN,NaN,NaN,NaN,NaN
792,0,3209.000,28.570,-10.153,0.081,-0.069,0.716,0.895,209,0,0.897,2.469,1079.000,199.000,1105.000,273.000,28.650,-10.120,-1.160,0.790,0.700,1.820,-0.547
793,1,3209.000,16.760,4.947,0.208,-0.011,NaN,NaN,209,0,-2.085,-1.104,NaN,NaN,NaN,NaN,NaN,NaN,NaN,NaN,NaN,NaN,NaN
794,105,3209.000,24.228,-5.895,0.091,-0.079,NaN,0.189,209,0,-2.916,-0.663,918.000,197.000,970.000,302.000,24.210,-5.880,-1.250,1.760,0.540,1.810,-0.429
795,188,3209.000,27.731,1.354,0.021,0.227,0.506,0.661,209,0,-0.372,0.235,546.000,200.000,574.000,254.000,27.800,1.270,-1.230,1.790,0.630,1.790,1.340
796,0,3210.000,28.667,-10.218,0.083,-0.065,0.704,0.066,210,0,0.622,-1.460,1080.000,199.000,1106.000,273.000,28.720,-10.200,-1.180,0.660,0.740,1.840,-0.211
797,1,3210.000,16.967,4.936,0.207,-0.012,NaN,NaN,210,0,-1.766,-1.010,NaN,NaN,NaN,NaN,NaN,NaN,NaN,NaN,NaN,NaN,NaN
798,105,3210.000,24.338,-5.983,0.094,-0.082,0.719,0.951,210,0,2.207,2.843,935.000,204.000,970.000,286.000,24.350,-5.980,-1.190,0.890,0.670,1.710,-0.572
799,188,3210.000,27.826,1.572,0.037,0.223,0.052,0.013,210,0,-2.896,-1.604,543.000,202.000,568.000,256.000,27.920,1.530,-1.290,1.870,0.540,1.910,1.207
800,0,3211.000,28.753,-10.277,0.085,-0.064,0.818,NaN,211,0,4.217,-1.326,1082.000,200.000,1106.000,279.000,NaN,NaN,NaN,NaN,NaN,NaN,NaN
801,1,3211.000,17.175,4.922,0.208,-0.014,NaN,NaN,211,0,-1.800,-0.993,NaN,NaN,NaN,NaN,NaN,NaN,NaN,NaN,NaN,NaN,NaN
802,105,3211.000,24.419,-6.113,0.088,-0.093,0.709,NaN,211,0,2.280,-1.325,937.000,202.000,974.000,281.000,NaN,NaN,NaN,NaN,NaN,NaN,NaN
803,188,3211.000,27.860,1.940,0.034,0.264,0.036,NaN,211,0,-2.387,-1.301,510.000,207.000,537.000,279.000,NaN,NaN,NaN,NaN,NaN,NaN,NaN
804,0,3212.000,28.859,-10.339,0.089,-0.062,0.057,0.474,212,0,-3.054,-0.405,1086.000,205.000,1107.000,279.000,28.880,-10.330,-1.260,0.770,0.620,1.700,-0.571
805,1,3212.000,17.384,4.908,0.209,-0.014,NaN,NaN,212,0,-1.019,-0.978,NaN,NaN,NaN,NaN,NaN,NaN,NaN,NaN,NaN,NaN,NaN
806,105,3212.000,24.505,-6.185,0.087,-0.089,0.857,0.989,212,0,3.962,3.500,942.000,203.000,979.000,287.000,24.520,-6.110,-1.210,0.790,0.680,1.830,-0.332
807,188,3212.000,27.973,2.099,0.052,0.236,0.570,0.014,212,0,-0.011,-1.684,522.000,201.000,544.000,274.000,28.070,1.880,-1.360,1.680,0.580,1.810,1.141
808,0,3213.000,28.938,-10.408,0.087,-0.066,0.082,NaN,213,0,-1.957,-1.326,1086.000,203.000,1109.000,279.000,NaN,NaN,NaN,NaN,NaN,NaN,NaN
809,1,3213.000,17.592,4.895,0.209,-0.013,NaN,NaN,213,0,-2.280,-1.009,NaN,NaN,NaN,NaN,NaN,NaN,NaN,NaN,NaN,NaN,NaN
810,105,3213.000,24.615,-6.272,0.093,-0.089,0.851,0.995,213,0,3.664,3.500,944.000,203.000,980.000,287.000,24.650,-6.260,-1.200,0.780,0.680,1.750,-0.263
811,188,3213.000,28.073,2.238,0.068,0.212,0.118,0.839,213,0,-2.371,1.341,525.000,201.000,539.000,246.000,28.180,2.060,-1.250,1.730,0.580,1.780,1.041
812,0,3214.000,29.016,-10.478,0.085,-0.066,0.745,NaN,214,0,2.906,-1.326,1087.000,198.000,1112.000,276.000,NaN,NaN,NaN,NaN,NaN,NaN,NaN
813,1,3214.000,17.802,4.883,0.209,-0.013,NaN,NaN,214,0,-0.560,-1.035,NaN,NaN,NaN,NaN,NaN,NaN,NaN,NaN,NaN,NaN,NaN
814,105,3214.000,24.698,-6.386,0.088,-0.095,0.861,NaN,214,0,4.491,-1.326,949.000,204.000,983.000,289.000,NaN,NaN,NaN,NaN,NaN,NaN,NaN
815,188,3214.000,28.147,2.414,0.070,0.203,0.176,NaN,214,0,-1.382,-1.327,493.000,197.000,523.000,275.000,NaN,NaN,NaN,NaN,NaN,NaN,NaN
816,0,3215.000,29.079,-10.515,0.083,-0.059,0.708,0.335,215,0,0.761,-0.760,1089.000,198.000,1116.000,275.000,29.120,-10.460,-1.300,0.770,0.690,1.800,-0.660
817,1,3215.000,18.010,4.870,0.208,-0.013,NaN,NaN,215,0,-1.547,-0.997,NaN,NaN,NaN,NaN,NaN,NaN,NaN,NaN,NaN,NaN,NaN
818,105,3215.000,24.737,-6.434,0.079,-0.084,0.835,0.988,215,0,3.434,3.500,950.000,204.000,987.000,289.000,24.710,-6.350,-1.250,0.900,0.510,1.670,-0.726
819,188,3215.000,28.252,2.516,0.081,0.174,0.244,0.052,215,0,-1.700,-1.520,493.000,198.000,521.000,266.000,28.320,2.280,-1.260,1.760,0.570,1.770,1.018
820,0,3216.000,29.165,-10.597,0.086,-0.066,0.772,NaN,216,0,3.261,-1.326,1089.000,198.000,1118.000,274.000,NaN,NaN,NaN,NaN,NaN,NaN,NaN
821,105,3216.000,24.849,-6.507,0.089,-0.081,0.828,0.996,216,0,3.241,3.500,950.000,205.000,989.000,288.000,24.890,-6.480,-1.250,0.770,0.800,1.730,-0.650
822,188,3216.000,28.347,2.601,0.086,0.148,0.062,NaN,216,0,-2.155,-1.327,486.000,196.000,527.000,266.000,NaN,NaN,NaN,NaN,NaN,NaN,NaN
823,0,3217.000,29.234,-10.682,0.083,-0.071,0.794,NaN,217,0,3.665,-1.326,1092.000,199.000,1120.000,271.000,NaN,NaN,NaN,NaN,NaN,NaN,NaN
824,105,3217.000,24.934,-6.601,0.088,-0.086,0.839,NaN,217,0,4.474,-1.327,952.000,203.000,993.000,289.000,NaN,NaN,NaN,NaN,NaN,NaN,NaN
825,188,3217.000,28.460,2.700,0.092,0.137,0.066,NaN,217,0,-2.043,-1.326,482.000,202.000,511.000,263.000,NaN,NaN,NaN,NaN,NaN,NaN,NaN
826,0,3218.000,29.293,-10.742,0.085,-0.069,0.811,0.283,218,0,1.726,-0.831,1093.000,200.000,1121.000,270.000,29.290,-10.760,-1.210,0.840,0.590,1.810,-0.685
827,105,3218.000,25.015,-6.643,0.086,-0.075,0.831,0.983,218,0,3.241,3.500,963.000,201.000,996.000,290.000,25.000,-6.570,-1.210,0.960,0.600,1.900,-0.358
828,188,3218.000,28.651,2.796,0.115,0.129,0.256,0.128,218,0,-1.781,-1.251,472.000,202.000,497.000,261.000,28.760,2.720,-1.220,1.810,0.590,1.890,0.771
829,0,3219.000,29.385,-10.803,0.088,-0.067,0.784,0.511,219,0,1.385,-0.308,1095.000,200.000,1121.000,273.000,29.420,-10.800,-1.290,0.740,0.670,1.760,-0.447
830,105,3219.000,25.120,-6.714,0.090,-0.076,0.845,0.998,219,0,3.664,3.500,966.000,202.000,998.000,290.000,25.130,-6.700,-1.260,0.730,0.700,1.790,-0.867
831,188,3219.000,28.850,2.939,0.137,0.128,0.111,0.060,219,0,-2.602,-1.525,471.000,198.000,507.000,267.000,29.020,2.970,-1.170,1.780,0.510,1.830,0.810
832,0,3220.000,29.467,-10.876,0.086,-0.069,0.746,NaN,220,0,2.906,-1.324,1097.000,200.000,1122.000,270.000,NaN,NaN,NaN,NaN,NaN,NaN,NaN
833,105,3220.000,25.188,-6.866,0.087,-0.092,0.845,NaN,220,0,4.491,-1.327,970.000,202.000,1001.000,289.000,NaN,NaN,NaN,NaN,NaN,NaN,NaN
834,188,3220.000,28.987,3.069,0.137,0.130,NaN,NaN,220,0,-0.845,-1.311,NaN,NaN,NaN,NaN,NaN,NaN,NaN,NaN,NaN,NaN,NaN
835,0,3221.000,29.537,-10.943,0.083,-0.069,0.688,0.632,221,0,0.266,-0.082,1102.000,198.000,1126.000,269.000,29.510,-10.940,-1.360,0.890,0.640,1.770,-0.577
836,105,3221.000,25.257,-6.936,0.085,-0.085,0.786,0.996,221,0,2.620,3.500,974.000,202.000,1005.000,288.000,25.240,-6.860,-1.250,1.020,0.570,1.800,-0.273
837,188,3221.000,29.125,3.200,0.137,0.131,NaN,NaN,221,0,2.757,-1.277,NaN,NaN,NaN,NaN,NaN,NaN,NaN,NaN,NaN,NaN,NaN
838,0,3222.000,29.611,-11.035,0.081,-0.073,0.389,NaN,222,0,-0.432,-1.324,1103.000,198.000,1128.000,271.000,NaN,NaN,NaN,NaN,NaN,NaN,NaN
839,105,3222.000,25.382,-7.042,0.094,-0.090,0.805,0.999,222,0,2.748,3.500,976.000,202.000,1006.000,287.000,25.420,-7.060,-1.220,0.930,0.610,1.780,-0.682
840,188,3222.000,29.458,3.351,0.172,0.130,NaN,0.220,222,0,-3.514,-1.052,434.000,192.000,506.000,279.000,29.610,3.350,-1.210,1.820,0.550,1.820,0.773
841,0,3223.000,29.693,-11.122,0.083,-0.077,0.443,NaN,223,0,-0.151,-1.325,1105.000,199.000,1130.000,272.000,NaN,NaN,NaN,NaN,NaN,NaN,NaN
842,105,3223.000,25.467,-7.162,0.092,-0.096,0.757,NaN,223,0,3.236,-1.326,980.000,201.000,1009.000,288.000,NaN,NaN,NaN,NaN,NaN,NaN,NaN
843,188,3223.000,29.631,3.482,0.173,0.131,NaN,NaN,223,0,-2.254,-1.242,NaN,NaN,NaN,NaN,NaN,NaN,NaN,NaN,NaN,NaN,NaN
844,0,3224.000,29.799,-11.183,0.087,-0.072,0.231,0.184,224,0,-2.143,-1.204,1107.000,200.000,1133.000,270.000,29.820,-11.130,-1.080,0.760,0.560,1.800,-0.159
845,105,3224.000,25.575,-7.223,0.098,-0.085,0.802,0.886,224,0,2.415,2.777,983.000,200.000,1013.000,286.000,25.610,-7.160,-1.230,0.780,0.710,1.590,-0.931
846,188,3224.000,29.760,3.456,0.163,0.104,NaN,0.265,224,0,-3.412,-0.896,455.000,198.000,485.000,279.000,29.720,3.360,-1.300,0.740,0.600,1.750,0.153
847,0,3225.000,29.886,-11.274,0.084,-0.078,0.300,NaN,225,0,-0.820,-1.325,1108.000,200.000,1134.000,271.000,NaN,NaN,NaN,NaN,NaN,NaN,NaN
848,105,3225.000,25.667,-7.302,0.096,-0.085,0.655,0.993,225,0,0.873,4.938,985.000,200.000,1015.000,286.000,25.680,-7.290,-1.220,0.730,0.770,1.630,-0.294
849,188,3225.000,29.873,3.546,0.156,0.101,0.029,0.090,225,0,-3.335,-1.357,454.000,209.000,468.000,265.000,29.820,3.510,-1.230,0.700,0.660,1.770,1.407
850,0,3226.000,29.970,-11.347,0.082,-0.078,0.708,NaN,226,0,2.280,-1.325,1109.000,200.000,1135.000,270.000,NaN,NaN,NaN,NaN,NaN,NaN,NaN
851,105,3226.000,25.751,-7.424,0.093,-0.095,0.795,NaN,226,0,3.821,-1.327,989.000,201.000,1019.000,285.000,NaN,NaN,NaN,NaN,NaN,NaN,NaN
852,188,3226.000,30.029,3.647,0.156,0.101,NaN,NaN,226,0,2.608,-1.241,NaN,NaN,NaN,NaN,NaN,NaN,NaN,NaN,NaN,NaN,NaN
853,0,3227.000,30.048,-11.416,0.081,-0.076,0.726,NaN,227,0,2.590,-1.325,1111.000,200.000,1136.000,273.000,NaN,NaN,NaN,NaN,NaN,NaN,NaN
854,105,3227.000,25.817,-7.498,0.087,-0.090,0.808,0.974,227,0,2.567,4.938,991.000,201.000,1023.000,285.000,25.780,-7.450,-1.150,0.840,0.600,1.790,-0.826
855,188,3227.000,30.196,3.659,0.157,0.081,NaN,0.044,227,0,-3.406,-1.623,446.000,191.000,479.000,267.000,30.190,3.570,-1.100,0.750,0.620,1.640,0.245
856,0,3228.000,30.122,-11.468,0.078,-0.072,0.765,NaN,228,0,3.261,-1.325,1111.000,200.000,1136.000,273.000,NaN,NaN,NaN,NaN,NaN,NaN,NaN
857,105,3228.000,25.925,-7.560,0.091,-0.083,0.790,0.995,228,0,2.294,4.938,992.000,202.000,1025.000,285.000,25.940,-7.520,-1.240,1.020,0.490,1.820,2.349
858,188,3228.000,30.369,3.685,0.160,0.068,NaN,0.589,228,0,-3.434,-0.165,438.000,195.000,483.000,276.000,30.390,3.640,-1.250,0.720,0.690,1.790,-0.913
859,0,3229.000,30.185,-11.514,0.073,-0.062,0.538,NaN,229,0,0.556,-1.326,1113.000,200.000,1136.000,272.000,NaN,NaN,NaN,NaN,NaN,NaN,NaN
860,105,3229.000,26.020,-7.645,0.092,-0.084,0.772,NaN,229,0,3.261,-1.327,992.000,202.000,1029.000,281.000,NaN,NaN,NaN,NaN,NaN,NaN,NaN
861,188,3229.000,30.528,3.753,0.159,0.068,NaN,NaN,229,0,-1.412,-1.240,NaN,NaN,NaN,NaN,NaN,NaN,NaN,NaN,NaN,NaN,NaN
862,0,3230.000,30.198,-11.545,0.066,-0.055,0.593,0.015,230,0,-0.352,-1.830,1114.000,199.000,1138.000,272.000,30.150,-11.490,-1.240,0.710,0.680,1.780,-0.324
863,105,3230.000,26.089,-7.692,0.087,-0.075,0.743,1.000,230,0,1.893,4.938,999.000,202.000,1031.000,280.000,26.060,-7.630,-1.230,1.010,0.700,1.800,-0.586
864,188,3230.000,30.671,3.727,0.153,0.048,NaN,0.274,230,0,-3.540,-0.989,445.000,186.000,480.000,265.000,30.660,3.630,-1.040,0.660,0.760,1.740,-1.315
865,0,3231.000,30.279,-11.598,0.069,-0.054,0.658,0.101,231,0,0.022,-1.428,1114.000,200.000,1139.000,272.000,30.290,-11.580,-1.290,0.730,0.740,1.810,-0.494
866,105,3231.000,26.200,-7.769,0.093,-0.075,0.739,0.799,231,0,1.893,1.208,1004.000,200.000,1032.000,281.000,26.240,-7.760,-1.200,0.790,0.850,1.700,-0.428
867,188,3231.000,30.868,3.770,0.165,0.046,0.027,0.845,231,0,-3.514,1.167,453.000,186.000,465.000,231.000,30.970,3.800,-0.980,0.740,0.630,1.600,-0.520
868,0,3232.000,30.347,-11.657,0.068,-0.057,0.492,NaN,232,0,0.179,-1.326,1118.000,200.000,1141.000,271.000,NaN,NaN,NaN,NaN,NaN,NaN,NaN
869,105,3232.000,26.285,-7.920,0.090,-0.094,0.748,NaN,232,0,2.906,-1.327,1010.000,200.000,1038.000,280.000,NaN,NaN,NaN,NaN,NaN,NaN,NaN
870,188,3232.000,31.034,3.815,0.166,0.045,NaN,NaN,232,0,-1.892,-1.244,NaN,NaN,NaN,NaN,NaN,NaN,NaN,NaN,NaN,NaN,NaN
871,0,3233.000,30.412,-11.688,0.069,-0.050,0.735,0.164,233,0,0.877,-1.270,1118.000,199.000,1144.000,270.000,30.430,-11.610,-1.310,0.790,0.720,1.710,-0.801
872,105,3233.000,26.341,-7.992,0.083,-0.089,0.787,0.983,233,0,2.294,4.938,1013.000,199.000,1041.000,282.000,26.320,-7.980,-1.190,0.860,0.670,1.610,-0.295
873,188,3233.000,31.215,3.815,0.168,0.036,NaN,0.041,233,0,-3.539,-1.698,432.000,188.000,483.000,265.000,31.230,3.790,-1.060,1.770,0.540,1.720,-0.262
874,0,3234.000,30.524,-11.771,0.077,-0.060,0.773,0.046,234,0,0.877,-1.779,1119.000,199.000,1144.000,272.000,30.580,-11.840,-1.240,0.830,0.670,1.700,-0.291
875,105,3234.000,26.427,-8.079,0.083,-0.088,0.746,0.970,234,0,1.976,4.938,1013.000,200.000,1041.000,285.000,26.420,-8.070,-1.060,0.810,0.690,1.550,-0.307
876,188,3234.000,31.438,3.853,0.181,0.036,NaN,0.056,234,0,-3.757,-1.704,441.000,193.000,470.000,267.000,31.550,3.880,-1.150,1.670,0.480,1.650,0.015
877,0,3235.000,30.600,-11.838,0.078,-0.063,0.624,NaN,235,0,1.205,-1.326,1121.000,200.000,1145.000,272.000,NaN,NaN,NaN,NaN,NaN,NaN,NaN
878,105,3235.000,26.502,-8.196,0.080,-0.096,0.757,NaN,235,0,3.236,-1.326,1016.000,200.000,1048.000,283.000,NaN,NaN,NaN,NaN,NaN,NaN,NaN
879,188,3235.000,31.614,3.940,0.179,0.047,0.034,NaN,235,0,-2.888,-1.236,447.000,195.000,462.000,228.000,NaN,NaN,NaN,NaN,NaN,NaN,NaN
880,0,3236.000,30.697,-11.898,0.083,-0.063,0.156,0.158,236,0,-2.751,-1.376,1123.000,200.000,1147.000,271.000,30.730,-11.870,-1.200,0.770,0.650,1.780,-0.281
881,105,3236.000,26.572,-8.266,0.080,-0.086,0.743,0.982,236,0,1.619,6.369,1022.000,200.000,1050.000,276.000,26.570,-8.220,-1.170,0.930,0.700,1.660,-0.696
882,188,3236.000,31.779,3.959,0.175,0.039,NaN,0.028,236,0,-3.519,-1.731,433.000,192.000,483.000,276.000,31.770,3.850,-1.240,1.750,0.580,1.900,-0.227
883,0,3237.000,30.784,-11.975,0.083,-0.068,0.071,NaN,237,0,-2.042,-1.326,1122.000,200.000,1148.000,271.000,NaN,NaN,NaN,NaN,NaN,NaN,NaN
884,105,3237.000,26.685,-8.345,0.087,-0.083,0.825,0.999,237,0,2.672,6.369,1023.000,199.000,1052.000,279.000,26.730,-8.320,-1.170,0.930,0.730,1.840,-0.374
885,188,3237.000,31.954,3.996,0.176,0.038,NaN,NaN,237,0,0.120,-1.164,NaN,NaN,NaN,NaN,NaN,NaN,NaN,NaN,NaN,NaN,NaN
886,0,3238.000,30.857,-12.063,0.080,-0.072,0.073,NaN,238,0,-2.042,-1.326,1126.000,200.000,1151.000,271.000,NaN,NaN,NaN,NaN,NaN,NaN,NaN
887,105,3238.000,26.772,-8.445,0.086,-0.086,0.833,NaN,238,0,4.413,-1.326,1025.000,198.000,1055.000,283.000,NaN,NaN,NaN,NaN,NaN,NaN,NaN
888,188,3238.000,32.145,4.041,0.179,0.041,0.201,NaN,238,0,-1.063,-1.107,444.000,195.000,463.000,257.000,NaN,NaN,NaN,NaN,NaN,NaN,NaN
889,0,3239.000,30.888,-12.111,0.071,-0.067,0.129,0.020,239,0,-2.913,-1.901,1126.000,201.000,1151.000,271.000,30.890,-12.050,-1.030,0.710,0.490,1.750,2.138
890,105,3239.000,26.828,-8.487,0.079,-0.075,0.744,0.990,239,0,1.619,6.369,1029.000,198.000,1058.000,278.000,26.820,-8.410,-1.200,1.010,0.720,1.820,-0.628
891,188,3239.000,32.327,4.099,0.179,0.046,0.118,NaN,239,0,-1.325,-1.025,438.000,193.000,464.000,260.000,NaN,NaN,NaN,NaN,NaN,NaN,NaN
892,0,3240.000,30.988,-12.171,0.077,-0.062,0.395,0.542,240,0,-1.666,-0.454,1127.000,198.000,1152.000,269.000,31.050,-12.140,-1.140,0.670,0.660,1.760,-0.197
893,105,3240.000,26.882,-8.550,0.073,-0.072,0.816,0.843,240,0,2.448,1.464,1030.000,199.000,1061.000,280.000,26.860,-8.530,-1.140,0.870,0.480,1.760,2.477
894,188,3240.000,32.495,4.092,0.179,0.031,0.028,0.152,240,0,-2.724,-1.050,437.000,194.000,465.000,259.000,32.490,3.920,-1.220,0.740,0.690,1.790,0.727
895,0,3241.000,31.081,-12.223,0.083,-0.058,0.032,NaN,241,0,-2.536,-1.325,1129.000,200.000,1152.000,267.000,NaN,NaN,NaN,NaN,NaN,NaN,NaN
896,105,3241.000,26.943,-8.661,0.070,-0.083,0.766,NaN,241,0,3.261,-1.326,1033.000,199.000,1064.000,279.000,NaN,NaN,NaN,NaN,NaN,NaN,NaN
897,188,3241.000,32.678,4.065,0.179,0.016,0.367,NaN,241,0,-0.415,-1.029,449.000,190.000,465.000,263.000,NaN,NaN,NaN,NaN,NaN,NaN,NaN
898,0,3242.000,31.139,-12.261,0.078,-0.052,0.683,0.505,242,0,-0.058,-0.538,1129.000,199.000,1152.000,271.000,31.150,-12.230,-1.130,0.710,0.650,1.690,-0.495
899,105,3242.000,27.002,-8.716,0.067,-0.077,0.778,0.850,242,0,1.904,1.613,1036.000,199.000,1066.000,279.000,27.010,-8.660,-1.140,0.820,0.670,1.660,-0.899
900,188,3242.000,32.805,4.055,0.171,0.009,0.066,0.410,242,0,-3.263,-0.893,450.000,189.000,464.000,264.000,32.780,3.960,-1.030,0.760,0.690,1.750,2.335
901,0,3243.000,31.244,-12.319,0.085,-0.052,0.758,0.141,243,0,0.808,-1.433,1129.000,200.000,1152.000,271.000,31.290,-12.310,-1.210,0.720,0.700,1.780,-0.386
902,105,3243.000,27.136,-8.766,0.081,-0.068,0.754,0.672,243,0,1.698,0.390,1037.000,199.000,1067.000,278.000,27.210,-8.700,-1.210,0.810,0.660,1.870,-0.707
903,188,3243.000,32.968,4.050,0.168,0.004,0.102,NaN,243,0,-1.646,-1.196,452.000,193.000,464.000,261.000,NaN,NaN,NaN,NaN,NaN,NaN,NaN
904,0,3244.000,31.338,-12.349,0.089,-0.048,0.721,NaN,244,0,2.434,-1.325,1130.000,199.000,1153.000,269.000,NaN,NaN,NaN,NaN,NaN,NaN,NaN
905,105,3244.000,27.209,-8.888,0.079,-0.081,0.511,NaN,244,0,0.306,-1.326,1043.000,200.000,1067.000,275.000,NaN,NaN,NaN,NaN,NaN,NaN,NaN
906,188,3244.000,33.137,4.041,0.167,-0.000,0.032,NaN,244,0,-2.341,-1.223,453.000,181.000,465.000,259.000,NaN,NaN,NaN,NaN,NaN,NaN,NaN
907,0,3245.000,31.436,-12.379,0.093,-0.045,0.500,0.191,245,0,-1.107,-1.277,1131.000,195.000,1153.000,269.000,31.460,-12.310,-1.250,0.860,0.500,1.760,-2.962
908,105,3245.000,27.311,-8.976,0.083,-0.080,0.427,0.280,245,0,-0.715,-0.635,1045.000,200.000,1075.000,277.000,27.320,-8.960,-1.110,0.720,0.680,1.820,-0.630
909,188,3245.000,33.240,4.026,0.158,-0.003,0.064,0.450,245,0,-3.635,-0.840,453.000,194.000,465.000,257.000,33.210,3.950,-1.130,0.780,0.630,1.640,-0.520
910,0,3246.000,31.530,-12.416,0.096,-0.045,0.562,NaN,246,0,0.715,-1.325,1130.000,194.000,1152.000,269.000,NaN,NaN,NaN,NaN,NaN,NaN,NaN
911,105,3246.000,27.452,-9.066,0.095,-0.081,0.517,0.941,246,0,-0.100,6.369,1049.000,201.000,1077.000,277.000,27.490,-9.090,-1.180,0.730,0.840,1.550,-0.316
912,188,3246.000,33.413,4.010,0.162,-0.006,0.033,0.431,246,0,-3.915,-0.917,452.000,194.000,466.000,227.000,33.460,3.950,-1.150,0.720,0.630,1.760,-0.106
913,0,3247.000,31.628,-12.465,0.095,-0.045,0.714,NaN,247,0,2.280,-1.325,1131.000,196.000,1153.000,271.000,NaN,NaN,NaN,NaN,NaN,NaN,NaN
914,105,3247.000,27.546,-9.146,0.094,-0.080,NaN,NaN,247,0,-1.569,-1.303,NaN,NaN,NaN,NaN,NaN,NaN,NaN,NaN,NaN,NaN,NaN
915,188,3247.000,33.575,4.004,0.162,-0.006,NaN,NaN,247,0,-2.146,-1.252,NaN,NaN,NaN,NaN,NaN,NaN,NaN,NaN,NaN,NaN,NaN
916,0,3248.000,31.687,-12.484,0.090,-0.038,0.741,0.320,248,0,0.433,-1.098,1133.000,198.000,1155.000,270.000,31.670,-12.470,-1.270,0.710,0.670,1.880,-0.419
917,105,3248.000,27.607,-9.202,0.085,-0.076,0.624,0.825,248,0,0.236,1.087,1055.000,201.000,1082.000,279.000,27.560,-9.180,-1.300,0.710,0.660,1.730,-0.857
918,188,3248.000,33.739,4.027,0.164,0.001,NaN,0.086,248,0,-4.134,-1.822,441.000,192.000,479.000,267.000,33.750,4.060,-1.200,0.770,0.660,1.850,-1.182
919,0,3249.000,31.888,-12.610,0.106,-0.057,0.696,0.075,249,0,-0.070,-1.713,1133.000,198.000,1156.000,270.000,31.990,-12.710,-1.130,0.730,0.620,1.710,-0.099
920,105,3249.000,27.729,-9.344,0.092,-0.090,NaN,0.393,249,0,-3.277,-0.526,1054.000,204.000,1092.000,292.000,27.770,-9.460,-1.350,0.840,0.620,1.770,-0.384
921,188,3249.000,33.893,4.074,0.161,0.010,0.208,NaN,249,0,-1.517,-1.259,455.000,229.000,467.000,265.000,NaN,NaN,NaN,NaN,NaN,NaN,NaN
922,0,3250.000,31.991,-12.673,0.106,-0.060,0.771,NaN,250,0,3.261,-1.325,1134.000,198.000,1157.000,269.000,NaN,NaN,NaN,NaN,NaN,NaN,NaN
923,105,3250.000,27.800,-9.471,0.086,-0.099,0.528,NaN,250,0,0.468,-1.288,1060.000,201.000,1086.000,276.000,NaN,NaN,NaN,NaN,NaN,NaN,NaN
924,0,3251.000,32.104,-12.742,0.109,-0.062,0.505,0.063,251,0,-1.307,-1.813,1135.000,199.000,1159.000,269.000,32.090,-12.780,-1.120,0.740,0.660,1.740,-0.436
925,105,3251.000,27.877,-9.561,0.084,-0.098,0.737,0.171,251,0,1.358,-1.025,1069.000,199.000,1090.000,278.000,27.870,-9.540,-1.120,0.860,0.470,1.800,2.413
926,0,3252.000,32.206,-12.801,0.108,-0.062,0.118,0.053,252,0,-3.180,-1.876,1136.000,199.000,1160.000,268.000,32.160,-12.830,-1.230,0.820,0.630,1.800,-0.384
927,105,3252.000,27.943,-9.647,0.082,-0.093,0.695,0.632,252,0,0.863,0.143,1069.000,199.000,1090.000,276.000,27.960,-9.630,-1.130,0.820,0.560,1.730,2.418
928,0,3253.000,32.304,-12.893,0.106,-0.071,0.738,NaN,253,0,2.746,-1.325,1138.000,198.000,1162.000,269.000,NaN,NaN,NaN,NaN,NaN,NaN,NaN
929,105,3253.000,28.026,-9.731,0.080,-0.089,0.775,NaN,253,0,3.261,-1.321,1069.000,200.000,1093.000,274.000,NaN,NaN,NaN,NaN,NaN,NaN,NaN
930,0,3254.000,32.406,-12.979,0.104,-0.075,0.642,NaN,254,0,1.407,-1.324,1140.000,196.000,1163.000,268.000,NaN,NaN,NaN,NaN,NaN,NaN,NaN
931,105,3254.000,28.124,-9.797,0.084,-0.082,0.749,0.076,254,0,1.436,-1.317,1070.000,201.000,1098.000,276.000,28.170,-9.760,-0.960,0.770,0.640,1.710,-0.703
932,0,3255.000,32.409,-13.010,0.087,-0.064,0.618,0.224,255,0,-0.658,-1.297,1140.000,196.000,1163.000,267.000,32.300,-12.960,-1.310,0.740,0.690,1.900,-0.608
933,105,3255.000,28.247,-9.889,0.093,-0.085,0.800,0.010,255,0,1.827,-1.683,1071.000,202.000,1099.000,274.000,28.300,-9.910,-1.330,0.730,0.570,1.810,2.791
934,0,3256.000,32.501,-13.062,0.088,-0.063,0.426,NaN,256,0,-0.217,-1.323,1141.000,196.000,1164.000,264.000,NaN,NaN,NaN,NaN,NaN,NaN,NaN
935,105,3256.000,28.342,-9.970,0.093,-0.084,0.827,NaN,256,0,4.351,-1.327,1071.000,201.000,1102.000,273.000,NaN,NaN,NaN,NaN,NaN,NaN,NaN
936,0,3257.000,32.616,-13.091,0.095,-0.052,0.061,NaN,257,0,-2.149,-1.323,1142.000,198.000,1159.000,263.000,NaN,NaN,NaN,NaN,NaN,NaN,NaN
937,105,3257.000,28.410,-10.027,0.089,-0.078,0.790,0.976,257,0,1.716,7.239,1076.000,201.000,1104.000,274.000,28.390,-9.980,-1.150,0.890,0.740,1.830,2.050
938,0,3258.000,32.737,-13.134,0.101,-0.049,0.039,NaN,258,0,-2.428,-1.323,1143.000,201.000,1159.000,265.000,NaN,NaN,NaN,NaN,NaN,NaN,NaN
939,105,3258.000,28.550,-10.122,0.100,-0.082,0.746,0.943,258,0,1.189,5.442,1077.000,200.000,1105.000,271.000,28.630,-10.150,-1.270,0.700,0.710,1.740,-0.321
940,0,3259.000,32.838,-13.220,0.097,-0.061,0.399,NaN,259,0,-0.382,-1.323,1144.000,197.000,1168.000,266.000,NaN,NaN,NaN,NaN,NaN,NaN,NaN
941,105,3259.000,28.649,-10.222,0.101,-0.086,0.835,NaN,259,0,4.443,-1.327,1079.000,200.000,1108.000,273.000,NaN,NaN,NaN,NaN,NaN,NaN,NaN
942,0,3260.000,32.929,-13.307,0.095,-0.068,0.741,NaN,260,0,2.746,-1.322,1145.000,196.000,1168.000,266.000,NaN,NaN,NaN,NaN,NaN,NaN,NaN
943,105,3260.000,28.748,-10.293,0.099,-0.082,0.811,0.318,260,0,1.726,-0.782,1080.000,200.000,1110.000,278.000,28.740,-10.250,-1.220,0.900,0.530,1.760,-0.427
944,0,3261.000,32.921,-13.334,0.075,-0.062,0.778,0.585,261,0,0.539,-0.503,1145.000,195.000,1168.000,266.000,32.900,-13.330,-1.200,0.730,0.660,1.740,-0.527
945,105,3261.000,28.891,-10.381,0.109,-0.084,0.788,0.160,261,0,1.466,-1.169,1082.000,201.000,1110.000,277.000,28.950,-10.390,-1.140,0.780,0.570,1.660,-0.273
946,0,3262.000,32.989,-13.399,0.074,-0.063,0.785,NaN,262,0,3.460,-1.319,1148.000,195.000,1168.000,266.000,NaN,NaN,NaN,NaN,NaN,NaN,NaN
947,105,3262.000,28.995,-10.471,0.108,-0.082,0.780,NaN,262,0,3.460,-1.326,1086.000,202.000,1112.000,271.000,NaN,NaN,NaN,NaN,NaN,NaN,NaN
948,0,3263.000,32.993,-13.439,0.064,-0.061,0.704,0.171,263,0,-0.295,-1.548,1149.000,195.000,1170.000,266.000,32.970,-13.410,-1.210,0.830,0.580,1.700,0.415
949,105,3263.000,29.099,-10.560,0.107,-0.083,0.817,NaN,263,0,4.217,-1.326,1087.000,201.000,1115.000,271.000,NaN,NaN,NaN,NaN,NaN,NaN,NaN
950,0,3264.000,33.112,-13.517,0.075,-0.063,0.574,0.025,264,0,-1.127,-2.065,1149.000,196.000,1170.000,265.000,33.160,-13.540,-1.290,0.770,0.590,1.710,-0.184
951,105,3264.000,29.156,-10.631,0.098,-0.081,0.790,0.270,264,0,1.466,-0.860,1090.000,200.000,1117.000,271.000,29.120,-10.630,-1.230,0.910,0.410,1.800,2.234
952,0,3265.000,33.181,-13.587,0.074,-0.066,0.686,NaN,265,0,1.982,-1.318,1151.000,197.000,1175.000,266.000,NaN,NaN,NaN,NaN,NaN,NaN,NaN
953,105,3265.000,29.242,-10.712,0.096,-0.082,0.813,NaN,265,0,4.053,-1.325,1092.000,200.000,1119.000,270.000,NaN,NaN,NaN,NaN,NaN,NaN,NaN
954,0,3266.000,33.255,-13.659,0.075,-0.068,0.594,NaN,266,0,0.941,-1.319,1152.000,197.000,1177.000,266.000,NaN,NaN,NaN,NaN,NaN,NaN,NaN
955,105,3266.000,29.308,-10.770,0.092,-0.077,0.721,0.485,266,0,0.897,-0.373,1093.000,200.000,1121.000,270.000,29.300,-10.730,-1.070,0.800,0.650,1.760,-0.550
956,0,3267.000,33.317,-13.729,0.072,-0.069,0.624,0.072,267,0,-0.874,-1.862,1153.000,198.000,1177.000,266.000,33.290,-13.770,-1.190,0.740,0.680,1.600,-1.038
957,105,3267.000,29.389,-10.840,0.091,-0.077,0.796,0.215,267,0,1.575,-1.000,1093.000,200.000,1122.000,270.000,29.390,-10.830,-1.180,0.800,0.640,1.780,-0.430
958,0,3268.000,33.392,-13.789,0.072,-0.068,0.154,NaN,268,0,-1.551,-1.321,1155.000,198.000,1178.000,265.000,NaN,NaN,NaN,NaN,NaN,NaN,NaN
959,105,3268.000,29.472,-10.923,0.089,-0.078,0.710,NaN,268,0,2.280,-1.324,1099.000,202.000,1125.000,270.000,NaN,NaN,NaN,NaN,NaN,NaN,NaN
960,0,3269.000,33.464,-13.857,0.072,-0.068,NaN,NaN,269,0,-1.176,-1.321,NaN,NaN,NaN,NaN,NaN,NaN,NaN,NaN,NaN,NaN,NaN
961,105,3269.000,29.547,-10.985,0.087,-0.072,0.785,0.640,269,0,1.237,-0.053,1097.000,201.000,1128.000,270.000,29.550,-10.960,-1.220,0.880,0.730,1.690,-0.526
962,0,3270.000,33.542,-13.915,0.074,-0.065,0.122,NaN,270,0,-1.709,-1.322,1158.000,199.000,1180.000,266.000,NaN,NaN,NaN,NaN,NaN,NaN,NaN
963,105,3270.000,29.637,-11.044,0.086,-0.068,0.796,0.809,270,0,1.344,0.747,1101.000,201.000,1128.000,270.000,29.690,-11.010,-1.290,0.750,0.670,1.680,-0.390
964,0,3271.000,33.628,-14.003,0.074,-0.069,0.093,NaN,271,0,-1.871,-1.315,1160.000,199.000,1184.000,266.000,NaN,NaN,NaN,NaN,NaN,NaN,NaN
965,105,3271.000,29.710,-11.130,0.083,-0.074,0.589,NaN,271,0,0.941,-1.325,1104.000,200.000,1130.000,271.000,NaN,NaN,NaN,NaN,NaN,NaN,NaN
966,0,3272.000,33.612,-14.031,0.065,-0.063,0.505,0.088,272,0,-1.746,-1.885,1161.000,199.000,1184.000,266.000,33.570,-13.990,-1.350,0.710,0.670,1.730,-0.218
967,105,3272.000,29.778,-11.189,0.080,-0.070,0.685,0.218,272,0,0.167,-1.098,1105.000,200.000,1132.000,270.000,29.780,-11.140,-1.230,0.800,0.610,1.780,-0.512
968,0,3273.000,33.683,-14.088,0.064,-0.060,0.649,NaN,273,0,1.509,-1.302,1163.000,199.000,1185.000,265.000,NaN,NaN,NaN,NaN,NaN,NaN,NaN
969,105,3273.000,29.858,-11.260,0.081,-0.070,0.694,NaN,273,0,1.982,-1.325,1106.000,199.000,1133.000,273.000,NaN,NaN,NaN,NaN,NaN,NaN,NaN
970,0,3274.000,33.734,-14.142,0.062,-0.058,0.737,NaN,274,0,2.746,-1.300,1164.000,200.000,1187.000,267.000,NaN,NaN,NaN,NaN,NaN,NaN,NaN
971,105,3274.000,29.936,-11.326,0.082,-0.071,0.753,NaN,274,0,2.906,-1.325,1107.000,199.000,1135.000,272.000,NaN,NaN,NaN,NaN,NaN,NaN,NaN
972,0,3275.000,33.802,-14.199,0.064,-0.059,0.506,NaN,275,0,0.306,-1.299,1166.000,199.000,1186.000,264.000,NaN,NaN,NaN,NaN,NaN,NaN,NaN
973,105,3275.000,30.006,-11.393,0.079,-0.071,0.703,NaN,275,0,2.128,-1.325,1109.000,200.000,1136.000,270.000,NaN,NaN,NaN,NaN,NaN,NaN,NaN
974,0,3276.000,33.874,-14.245,0.065,-0.055,0.379,NaN,276,0,-0.472,-1.297,1166.000,199.000,1186.000,264.000,NaN,NaN,NaN,NaN,NaN,NaN,NaN
975,105,3276.000,30.091,-11.442,0.079,-0.066,0.732,NaN,276,0,2.590,-1.325,1109.000,199.000,1136.000,271.000,NaN,NaN,NaN,NaN,NaN,NaN,NaN
976,0,3277.000,33.935,-14.322,0.064,-0.061,0.084,NaN,277,0,-1.910,-1.295,1168.000,198.000,1193.000,265.000,NaN,NaN,NaN,NaN,NaN,NaN,NaN
977,105,3277.000,30.200,-11.498,0.082,-0.063,0.667,0.183,277,0,0.089,-1.204,1113.000,198.000,1136.000,272.000,30.240,-11.460,-1.210,0.850,0.560,1.780,-0.572
978,0,3278.000,33.979,-14.376,0.060,-0.060,0.132,NaN,278,0,-1.609,-1.284,1169.000,197.000,1192.000,267.000,NaN,NaN,NaN,NaN,NaN,NaN,NaN
979,105,3278.000,30.341,-11.562,0.093,-0.063,0.793,0.302,278,0,1.237,-0.901,1115.000,197.000,1138.000,271.000,30.420,-11.520,-1.230,0.830,0.640,1.790,0.974
980,0,3279.000,34.041,-14.426,0.061,-0.057,0.184,NaN,279,0,-1.328,-1.275,1169.000,199.000,1192.000,266.000,NaN,NaN,NaN,NaN,NaN,NaN,NaN
981,105,3279.000,30.418,-11.633,0.089,-0.062,0.774,NaN,279,0,3.261,-1.326,1115.000,197.000,1139.000,272.000,NaN,NaN,NaN,NaN,NaN,NaN,NaN
982,0,3280.000,34.116,-14.488,0.063,-0.058,0.115,NaN,280,0,-1.684,-1.263,1171.000,201.000,1193.000,265.000,NaN,NaN,NaN,NaN,NaN,NaN,NaN
983,105,3280.000,30.513,-11.681,0.093,-0.059,0.648,0.314,280,0,-0.259,-1.002,1118.000,198.000,1141.000,272.000,30.530,-11.640,-1.290,0.790,0.720,1.810,1.576
984,0,3281.000,34.199,-14.550,0.067,-0.058,0.086,NaN,281,0,-1.775,-1.248,1172.000,202.000,1194.000,266.000,NaN,NaN,NaN,NaN,NaN,NaN,NaN
985,105,3281.000,30.630,-11.750,0.097,-0.060,0.759,0.654,281,0,0.808,-0.130,1118.000,199.000,1144.000,272.000,30.660,-11.770,-1.300,0.760,0.670,1.680,-0.634
986,0,3282.000,34.274,-14.621,0.069,-0.062,0.099,NaN,282,0,-1.689,-1.227,1174.000,205.000,1197.000,266.000,NaN,NaN,NaN,NaN,NaN,NaN,NaN
987,105,3282.000,30.710,-11.822,0.091,-0.062,0.784,NaN,282,0,3.460,-1.326,1119.000,199.000,1143.000,270.000,NaN,NaN,NaN,NaN,NaN,NaN,NaN
988,0,3283.000,34.342,-14.682,0.068,-0.061,NaN,NaN,283,0,-1.471,-1.180,NaN,NaN,NaN,NaN,NaN,NaN,NaN,NaN,NaN,NaN,NaN
989,105,3283.000,30.809,-11.875,0.094,-0.060,0.804,0.497,283,0,1.127,-0.554,1120.000,199.000,1145.000,269.000,30.820,-11.860,-1.260,0.840,0.710,1.700,-0.553
990,0,3284.000,34.410,-14.744,0.069,-0.061,NaN,NaN,284,0,-1.302,-1.146,NaN,NaN,NaN,NaN,NaN,NaN,NaN,NaN,NaN,NaN,NaN
991,105,3284.000,30.900,-11.946,0.092,-0.062,0.555,NaN,284,0,0.639,-1.326,1121.000,199.000,1145.000,268.000,NaN,NaN,NaN,NaN,NaN,NaN,NaN
992,0,3285.000,34.478,-14.805,0.068,-0.061,NaN,NaN,285,0,-1.014,-1.101,NaN,NaN,NaN,NaN,NaN,NaN,NaN,NaN,NaN,NaN,NaN
993,105,3285.000,30.997,-12.019,0.092,-0.064,0.777,NaN,285,0,3.460,-1.326,1122.000,197.000,1147.000,270.000,NaN,NaN,NaN,NaN,NaN,NaN,NaN
994,0,3286.000,34.548,-14.866,0.070,-0.061,NaN,NaN,286,0,-0.942,-1.022,NaN,NaN,NaN,NaN,NaN,NaN,NaN,NaN,NaN,NaN,NaN
995,105,3286.000,31.157,-12.098,0.105,-0.066,0.680,0.036,286,0,-0.058,-1.838,1122.000,198.000,1148.000,270.000,31.230,-12.080,-0.980,0.740,0.580,1.640,2.756
996,0,3287.000,34.618,-14.927,0.070,-0.061,NaN,NaN,287,0,-2.227,-1.715,NaN,NaN,NaN,NaN,NaN,NaN,NaN,NaN,NaN,NaN,NaN
997,105,3287.000,31.305,-12.186,0.112,-0.069,0.727,0.114,287,0,0.553,-1.506,1125.000,199.000,1150.000,271.000,31.370,-12.230,-1.150,0.760,0.730,1.920,-0.267
998,0,3288.000,34.689,-14.988,0.070,-0.061,NaN,NaN,288,0,-0.780,-0.812,NaN,NaN,NaN,NaN,NaN,NaN,NaN,NaN,NaN,NaN,NaN
999,105,3288.000,31.411,-12.265,0.110,-0.072,0.782,NaN,288,0,3.460,-1.326,1126.000,199.000,1150.000,270.000,NaN,NaN,NaN,NaN,NaN,NaN,NaN
1000,0,3289.000,34.759,-15.049,0.070,-0.062,NaN,NaN,289,0,-0.952,-0.700,NaN,NaN,NaN,NaN,NaN,NaN,NaN,NaN,NaN,NaN,NaN
1001,105,3289.000,31.541,-12.324,0.112,-0.069,0.781,0.025,289,0,0.741,-1.988,1125.000,199.000,1151.000,269.000,31.570,-12.270,-1.240,0.860,0.540,1.730,-0.712
1002,0,3290.000,34.828,-15.110,0.069,-0.061,NaN,NaN,290,0,-0.890,-0.591,NaN,NaN,NaN,NaN,NaN,NaN,NaN,NaN,NaN,NaN,NaN
1003,105,3290.000,31.689,-12.390,0.117,-0.067,0.808,0.269,290,0,1.054,-1.181,1126.000,197.000,1151.000,269.000,31.740,-12.360,-1.240,0.960,0.620,1.610,-0.660
1004,0,3291.000,34.935,-15.206,0.072,-0.064,0.032,NaN,291,0,-0.979,-0.461,1185.000,209.000,1208.000,265.000,NaN,NaN,NaN,NaN,NaN,NaN,NaN
1005,105,3291.000,31.807,-12.458,0.117,-0.067,0.775,NaN,291,0,3.261,-1.326,1127.000,197.000,1151.000,268.000,NaN,NaN,NaN,NaN,NaN,NaN,NaN
1006,0,3292.000,35.006,-15.269,0.071,-0.063,NaN,NaN,292,0,-0.188,-0.188,NaN,NaN,NaN,NaN,NaN,NaN,NaN,NaN,NaN,NaN,NaN
1007,105,3292.000,31.874,-12.508,0.109,-0.063,0.125,0.625,292,0,-3.134,-0.330,1128.000,197.000,1151.000,265.000,31.830,-12.480,-1.170,0.840,0.640,1.750,-2.258
1008,0,3293.000,35.077,-15.333,0.071,-0.064,NaN,NaN,293,0,-0.031,-0.034,NaN,NaN,NaN,NaN,NaN,NaN,NaN,NaN,NaN,NaN,NaN
1009,105,3293.000,31.993,-12.576,0.111,-0.066,0.727,NaN,293,0,2.590,-1.326,1129.000,198.000,1152.000,265.000,NaN,NaN,NaN,NaN,NaN,NaN,NaN
1010,0,3294.000,35.146,-15.397,0.070,-0.064,NaN,NaN,294,0,-0.018,-0.034,NaN,NaN,NaN,NaN,NaN,NaN,NaN,NaN,NaN,NaN,NaN
1011,105,3294.000,32.102,-12.633,0.110,-0.063,0.754,NaN,294,0,2.906,-1.325,1130.000,198.000,1152.000,266.000,NaN,NaN,NaN,NaN,NaN,NaN,NaN
1012,0,3295.000,35.213,-15.460,0.069,-0.063,NaN,NaN,295,0,-0.024,-0.034,NaN,NaN,NaN,NaN,NaN,NaN,NaN,NaN,NaN,NaN,NaN
1013,105,3295.000,32.217,-12.683,0.112,-0.060,0.775,NaN,295,0,3.460,-1.325,1130.000,198.000,1152.000,265.000,NaN,NaN,NaN,NaN,NaN,NaN,NaN
1014,0,3296.000,35.279,-15.523,0.066,-0.063,NaN,NaN,296,0,-0.014,-0.034,NaN,NaN,NaN,NaN,NaN,NaN,NaN,NaN,NaN,NaN,NaN
1015,105,3296.000,32.301,-12.726,0.111,-0.057,0.731,0.365,296,0,0.332,-0.971,1129.000,197.000,1152.000,265.000,32.320,-12.690,-1.150,0.790,0.630,1.780,-0.518
1016,0,3297.000,35.346,-15.588,0.067,-0.065,NaN,NaN,297,0,-0.000,-0.000,NaN,NaN,NaN,NaN,NaN,NaN,NaN,NaN,NaN,NaN,NaN
1017,105,3297.000,32.417,-12.766,0.112,-0.052,0.767,NaN,297,0,3.261,-1.325,1129.000,196.000,1153.000,266.000,NaN,NaN,NaN,NaN,NaN,NaN,NaN
1018,0,3298.000,35.411,-15.653,0.066,-0.065,NaN,NaN,298,0,-0.000,-0.000,NaN,NaN,NaN,NaN,NaN,NaN,NaN,NaN,NaN,NaN,NaN
1019,105,3298.000,32.528,-12.823,0.111,-0.053,0.780,NaN,298,0,3.460,-1.325,1130.000,197.000,1155.000,266.000,NaN,NaN,NaN,NaN,NaN,NaN,NaN
1020,0,3299.000,35.475,-15.719,0.064,-0.066,NaN,NaN,299,0,-0.000,-0.000,NaN,NaN,NaN,NaN,NaN,NaN,NaN,NaN,NaN,NaN,NaN
1021,105,3299.000,32.644,-12.875,0.113,-0.052,0.746,0.084,299,0,0.309,-1.829,1131.000,197.000,1155.000,266.000,32.630,-12.870,-1.230,0.830,0.670,1.660,0.757
1022,0,3300.000,35.540,-15.786,0.064,-0.067,NaN,NaN,300,0,-0.018,-0.036,NaN,NaN,NaN,NaN,NaN,NaN,NaN,NaN,NaN,NaN,NaN
1023,105,3300.000,32.765,-12.947,0.114,-0.055,0.656,NaN,300,0,1.613,-1.325,1131.000,197.000,1156.000,267.000,NaN,NaN,NaN,NaN,NaN,NaN,NaN
1024,0,3301.000,35.603,-15.853,0.063,-0.066,NaN,NaN,301,0,-0.080,-0.099,NaN,NaN,NaN,NaN,NaN,NaN,NaN,NaN,NaN,NaN,NaN
1025,105,3301.000,32.804,-12.977,0.102,-0.051,0.717,0.112,301,0,-0.012,-1.735,1132.000,198.000,1156.000,267.000,32.700,-12.980,-1.300,0.770,0.580,1.600,-0.680
1026,0,3302.000,35.666,-15.917,0.063,-0.065,NaN,NaN,302,0,-0.317,-0.169,NaN,NaN,NaN,NaN,NaN,NaN,NaN,NaN,NaN,NaN,NaN
1027,105,3302.000,32.907,-13.029,0.103,-0.052,NaN,NaN,302,0,1.711,-1.156,NaN,NaN,NaN,NaN,NaN,NaN,NaN,NaN,NaN,NaN,NaN
1028,0,3303.000,35.729,-15.982,0.064,-0.065,NaN,NaN,303,0,-0.343,-0.231,NaN,NaN,NaN,NaN,NaN,NaN,NaN,NaN,NaN,NaN,NaN
1029,105,3303.000,33.023,-13.096,0.105,-0.055,0.746,NaN,303,0,2.906,-1.325,1134.000,198.000,1157.000,265.000,NaN,NaN,NaN,NaN,NaN,NaN,NaN
1030,0,3304.000,33.166,-13.595,-0.094,0.108,0.730,0.072,304,0,0.114,-0.689,1135.000,196.000,1158.000,265.000,33.000,-13.120,-1.440,0.780,0.630,1.750,2.141
1031,105,3304.000,33.112,-13.137,0.102,-0.051,NaN,0.154,304,0,-4.173,-1.627,1120.000,207.000,1176.000,279.000,33.090,-13.160,-1.400,1.650,0.600,1.720,2.367
1032,0,3305.000,33.071,-13.486,-0.094,0.109,NaN,NaN,305,0,-2.469,-1.319,NaN,NaN,NaN,NaN,NaN,NaN,NaN,NaN,NaN,NaN,NaN
1033,105,3305.000,33.218,-13.208,0.100,-0.056,0.713,0.015,305,0,-0.154,-2.076,1137.000,196.000,1159.000,266.000,33.230,-13.250,-1.010,0.770,0.680,1.620,-0.685
1034,0,3306.000,32.976,-13.378,-0.094,0.107,NaN,NaN,306,0,-2.305,-1.318,NaN,NaN,NaN,NaN,NaN,NaN,NaN,NaN,NaN,NaN,NaN
1035,105,3306.000,33.311,-13.281,0.098,-0.058,0.732,NaN,306,0,2.590,-1.325,1137.000,196.000,1160.000,266.000,NaN,NaN,NaN,NaN,NaN,NaN,NaN
1036,0,3307.000,32.881,-13.271,-0.095,0.107,NaN,NaN,307,0,-4.296,-2.321,NaN,NaN,NaN,NaN,NaN,NaN,NaN,NaN,NaN,NaN,NaN
1037,105,3307.000,33.405,-13.348,0.096,-0.058,0.736,NaN,307,0,2.746,-1.324,1139.000,196.000,1160.000,265.000,NaN,NaN,NaN,NaN,NaN,NaN,NaN
1038,0,3308.000,32.785,-13.165,-0.096,0.106,NaN,NaN,308,0,-2.049,-1.321,NaN,NaN,NaN,NaN,NaN,NaN,NaN,NaN,NaN,NaN,NaN
1039,105,3308.000,33.493,-13.418,0.093,-0.061,0.730,NaN,308,0,2.590,-1.324,1141.000,195.000,1162.000,263.000,NaN,NaN,NaN,NaN,NaN,NaN,NaN
1040,0,3309.000,32.690,-13.059,-0.095,0.106,NaN,NaN,309,0,-1.503,-1.323,NaN,NaN,NaN,NaN,NaN,NaN,NaN,NaN,NaN,NaN,NaN
1041,105,3309.000,33.588,-13.487,0.092,-0.063,0.736,NaN,309,0,2.746,-1.323,1141.000,195.000,1164.000,264.000,NaN,NaN,NaN,NaN,NaN,NaN,NaN
1042,0,3310.000,32.594,-12.952,-0.095,0.107,NaN,NaN,310,0,-2.267,-1.324,NaN,NaN,NaN,NaN,NaN,NaN,NaN,NaN,NaN,NaN,NaN
1043,105,3310.000,33.610,-13.526,0.080,-0.059,0.711,0.129,310,0,-0.375,-1.787,1142.000,194.000,1167.000,265.000,33.530,-13.560,-1.080,0.710,0.710,1.850,-0.524
1044,0,3311.000,32.500,-12.845,-0.094,0.107,NaN,NaN,311,0,-1.035,-1.325,NaN,NaN,NaN,NaN,NaN,NaN,NaN,NaN,NaN,NaN,NaN
1045,105,3311.000,33.663,-13.600,0.073,-0.063,0.732,0.043,311,0,-0.098,-2.119,1145.000,196.000,1168.000,265.000,33.610,-13.670,-1.050,0.790,0.480,1.750,2.343
1046,0,3312.000,32.404,-12.736,-0.095,0.109,NaN,NaN,312,0,-1.164,-1.325,NaN,NaN,NaN,NaN,NaN,NaN,NaN,NaN,NaN,NaN,NaN
1047,105,3312.000,33.741,-13.648,0.075,-0.059,0.700,NaN,312,0,2.128,-1.320,1145.000,197.000,1166.000,265.000,NaN,NaN,NaN,NaN,NaN,NaN,NaN
1048,0,3313.000,32.311,-12.628,-0.094,0.109,NaN,NaN,313,0,-2.318,-1.326,NaN,NaN,NaN,NaN,NaN,NaN,NaN,NaN,NaN,NaN,NaN
1049,105,3313.000,33.797,-13.703,0.075,-0.061,0.504,0.038,313,0,-1.767,-2.115,1147.000,194.000,1176.000,265.000,33.800,-13.690,-1.110,0.720,0.700,1.760,-0.592
1050,0,3314.000,32.218,-12.518,-0.093,0.110,NaN,NaN,314,0,-1.746,-1.326,NaN,NaN,NaN,NaN,NaN,NaN,NaN,NaN,NaN,NaN,NaN
1051,105,3314.000,33.871,-13.765,0.074,-0.061,NaN,NaN,314,0,-2.043,-1.317,NaN,NaN,NaN,NaN,NaN,NaN,NaN,NaN,NaN,NaN,NaN
1052,0,3315.000,32.126,-12.407,-0.091,0.111,NaN,NaN,315,0,-1.207,-1.326,NaN,NaN,NaN,NaN,NaN,NaN,NaN,NaN,NaN,NaN,NaN
1053,105,3315.000,33.945,-13.827,0.074,-0.062,NaN,NaN,315,0,-2.165,-1.315,NaN,NaN,NaN,NaN,NaN,NaN,NaN,NaN,NaN,NaN,NaN
1054,0,3316.000,32.035,-12.296,-0.092,0.111,NaN,NaN,316,0,-2.402,-1.326,NaN,NaN,NaN,NaN,NaN,NaN,NaN,NaN,NaN,NaN,NaN
1055,105,3316.000,34.020,-13.919,0.073,-0.067,0.269,NaN,316,0,-0.924,-1.313,1151.000,196.000,1174.000,260.000,NaN,NaN,NaN,NaN,NaN,NaN,NaN
1056,0,3317.000,31.942,-12.184,-0.093,0.111,NaN,NaN,317,0,-1.975,-1.326,NaN,NaN,NaN,NaN,NaN,NaN,NaN,NaN,NaN,NaN,NaN
1057,105,3317.000,34.087,-13.984,0.070,-0.068,0.772,NaN,317,0,3.261,-1.311,1152.000,197.000,1175.000,263.000,NaN,NaN,NaN,NaN,NaN,NaN,NaN
1058,0,3318.000,31.849,-12.073,-0.093,0.111,NaN,NaN,318,0,-2.035,-1.325,NaN,NaN,NaN,NaN,NaN,NaN,NaN,NaN,NaN,NaN,NaN
1059,105,3318.000,34.150,-14.047,0.068,-0.068,0.780,NaN,318,0,3.460,-1.310,1153.000,197.000,1176.000,262.000,NaN,NaN,NaN,NaN,NaN,NaN,NaN
1060,0,3319.000,31.756,-11.962,-0.093,0.112,NaN,NaN,319,0,-1.036,-1.325,NaN,NaN,NaN,NaN,NaN,NaN,NaN,NaN,NaN,NaN,NaN
1061,105,3319.000,34.321,-14.160,0.083,-0.075,0.674,0.393,319,0,-0.773,-1.115,1155.000,198.000,1177.000,262.000,34.350,-14.160,-1.270,0.770,0.660,1.720,-0.537
1062,0,3320.000,31.661,-11.851,-0.094,0.112,NaN,NaN,320,0,-3.169,-2.659,NaN,NaN,NaN,NaN,NaN,NaN,NaN,NaN,NaN,NaN,NaN
1063,105,3320.000,34.399,-14.265,0.080,-0.082,0.670,NaN,320,0,1.724,-1.306,1157.000,198.000,1183.000,259.000,NaN,NaN,NaN,NaN,NaN,NaN,NaN
1064,0,3321.000,31.566,-11.739,-0.095,0.112,NaN,NaN,321,0,-1.367,-1.325,NaN,NaN,NaN,NaN,NaN,NaN,NaN,NaN,NaN,NaN,NaN
1065,105,3321.000,34.498,-14.342,0.084,-0.079,0.703,NaN,321,0,2.128,-1.302,1158.000,199.000,1182.000,263.000,NaN,NaN,NaN,NaN,NaN,NaN,NaN
1066,0,3322.000,31.470,-11.627,-0.096,0.112,NaN,NaN,322,0,-1.482,-1.324,NaN,NaN,NaN,NaN,NaN,NaN,NaN,NaN,NaN,NaN,NaN
1067,105,3322.000,34.604,-14.401,0.088,-0.072,0.598,NaN,322,0,0.810,-1.302,1158.000,199.000,1182.000,259.000,NaN,NaN,NaN,NaN,NaN,NaN,NaN
1068,0,3323.000,31.374,-11.514,-0.096,0.112,NaN,NaN,323,0,-0.995,-1.324,NaN,NaN,NaN,NaN,NaN,NaN,NaN,NaN,NaN,NaN,NaN
1069,105,3323.000,34.719,-14.475,0.091,-0.072,0.365,NaN,323,0,-0.576,-1.301,1160.000,199.000,1183.000,261.000,NaN,NaN,NaN,NaN,NaN,NaN,NaN
1070,0,3324.000,31.278,-11.401,-0.096,0.113,NaN,NaN,324,0,-0.976,-1.324,NaN,NaN,NaN,NaN,NaN,NaN,NaN,NaN,NaN,NaN,NaN
1071,105,3324.000,34.832,-14.544,0.095,-0.071,0.105,NaN,324,0,-1.996,-1.300,1162.000,200.000,1183.000,260.000,NaN,NaN,NaN,NaN,NaN,NaN,NaN
1072,0,3325.000,31.182,-11.288,-0.096,0.113,NaN,NaN,325,0,-0.920,-1.325,NaN,NaN,NaN,NaN,NaN,NaN,NaN,NaN,NaN,NaN,NaN
1073,105,3325.000,34.931,-14.634,0.092,-0.076,0.161,NaN,325,0,-1.471,-1.299,1164.000,199.000,1187.000,261.000,NaN,NaN,NaN,NaN,NaN,NaN,NaN
1074,0,3326.000,31.086,-11.175,-0.096,0.113,NaN,NaN,326,0,-1.062,-1.326,NaN,NaN,NaN,NaN,NaN,NaN,NaN,NaN,NaN,NaN,NaN
1075,105,3326.000,35.020,-14.699,0.093,-0.072,0.434,NaN,326,0,-0.213,-1.297,1166.000,199.000,1185.000,260.000,NaN,NaN,NaN,NaN,NaN,NaN,NaN
1076,0,3327.000,30.990,-11.062,-0.096,0.113,NaN,NaN,327,0,-1.023,-1.326,NaN,NaN,NaN,NaN,NaN,NaN,NaN,NaN,NaN,NaN,NaN
1077,105,3327.000,35.131,-14.789,0.092,-0.076,0.372,NaN,327,0,-0.523,-1.296,1167.000,199.000,1188.000,262.000,NaN,NaN,NaN,NaN,NaN,NaN,NaN
1078,0,3328.000,30.894,-10.949,-0.096,0.113,NaN,NaN,328,0,-1.411,-1.326,NaN,NaN,NaN,NaN,NaN,NaN,NaN,NaN,NaN,NaN,NaN
1079,105,3328.000,35.223,-14.865,0.092,-0.076,NaN,NaN,328,0,-2.283,-1.295,NaN,NaN,NaN,NaN,NaN,NaN,NaN,NaN,NaN,NaN,NaN
1080,0,3329.000,30.798,-10.836,-0.096,0.112,NaN,NaN,329,0,-1.996,-1.327,NaN,NaN,NaN,NaN,NaN,NaN,NaN,NaN,NaN,NaN,NaN
1081,105,3329.000,35.315,-14.941,0.092,-0.076,NaN,NaN,329,0,-1.364,-1.285,NaN,NaN,NaN,NaN,NaN,NaN,NaN,NaN,NaN,NaN,NaN
1082,0,3330.000,30.701,-10.724,-0.096,0.112,NaN,NaN,330,0,-2.571,-1.327,NaN,NaN,NaN,NaN,NaN,NaN,NaN,NaN,NaN,NaN,NaN
1083,105,3330.000,35.408,-15.017,0.093,-0.076,NaN,NaN,330,0,-1.579,-1.276,NaN,NaN,NaN,NaN,NaN,NaN,NaN,NaN,NaN,NaN,NaN
1084,0,3331.000,30.605,-10.611,-0.096,0.113,NaN,NaN,331,0,-3.087,-1.543,NaN,NaN,NaN,NaN,NaN,NaN,NaN,NaN,NaN,NaN,NaN
1085,105,3331.000,35.500,-15.093,0.092,-0.075,NaN,NaN,331,0,-3.018,-1.260,NaN,NaN,NaN,NaN,NaN,NaN,NaN,NaN,NaN,NaN,NaN
1086,0,3332.000,30.509,-10.498,-0.096,0.113,NaN,NaN,332,0,-1.482,-1.324,NaN,NaN,NaN,NaN,NaN,NaN,NaN,NaN,NaN,NaN,NaN
1087,105,3332.000,35.592,-15.170,0.093,-0.077,NaN,NaN,332,0,-1.852,-1.230,NaN,NaN,NaN,NaN,NaN,NaN,NaN,NaN,NaN,NaN,NaN
1088,0,3333.000,30.413,-10.384,-0.096,0.114,NaN,NaN,333,0,-1.477,-1.320,NaN,NaN,NaN,NaN,NaN,NaN,NaN,NaN,NaN,NaN,NaN
1089,105,3333.000,35.686,-15.247,0.094,-0.078,NaN,NaN,333,0,-1.595,-1.211,NaN,NaN,NaN,NaN,NaN,NaN,NaN,NaN,NaN,NaN,NaN
1090,0,3334.000,30.317,-10.271,-0.095,0.113,NaN,NaN,334,0,-3.130,-1.307,NaN,NaN,NaN,NaN,NaN,NaN,NaN,NaN,NaN,NaN,NaN
1091,105,3334.000,35.781,-15.326,0.094,-0.079,NaN,NaN,334,0,-1.494,-1.174,NaN,NaN,NaN,NaN,NaN,NaN,NaN,NaN,NaN,NaN,NaN
1092,0,3335.000,27.688,-3.447,-0.222,0.467,0.089,NaN,335,0,-2.394,-1.279,786.000,198.000,796.000,214.000,NaN,NaN,NaN,NaN,NaN,NaN,NaN
1093,105,3335.000,35.876,-15.406,0.095,-0.079,NaN,NaN,335,0,-1.316,-1.115,NaN,NaN,NaN,NaN,NaN,NaN,NaN,NaN,NaN,NaN,NaN
1094,0,3336.000,27.467,-2.981,-0.221,0.466,NaN,NaN,336,0,-1.483,-1.305,NaN,NaN,NaN,NaN,NaN,NaN,NaN,NaN,NaN,NaN,NaN
1095,105,3336.000,35.971,-15.483,0.095,-0.078,NaN,NaN,336,0,-1.432,-1.013,NaN,NaN,NaN,NaN,NaN,NaN,NaN,NaN,NaN,NaN,NaN
1096,0,3337.000,27.245,-2.514,-0.222,0.466,NaN,NaN,337,0,-1.473,-1.249,NaN,NaN,NaN,NaN,NaN,NaN,NaN,NaN,NaN,NaN,NaN
1097,105,3337.000,36.066,-15.561,0.095,-0.078,NaN,NaN,337,0,-1.613,-0.942,NaN,NaN,NaN,NaN,NaN,NaN,NaN,NaN,NaN,NaN,NaN
1098,0,3338.000,27.025,-2.049,-0.221,0.466,NaN,NaN,338,0,-3.018,-2.524,NaN,NaN,NaN,NaN,NaN,NaN,NaN,NaN,NaN,NaN,NaN
1099,105,3338.000,36.160,-15.638,0.094,-0.077,NaN,NaN,338,0,-1.361,-0.827,NaN,NaN,NaN,NaN,NaN,NaN,NaN,NaN,NaN,NaN,NaN
1100,0,3339.000,26.803,-1.582,-0.221,0.467,NaN,NaN,339,0,-2.570,-1.326,NaN,NaN,NaN,NaN,NaN,NaN,NaN,NaN,NaN,NaN,NaN
1101,105,3339.000,36.255,-15.714,0.095,-0.076,NaN,NaN,339,0,-0.474,-0.628,NaN,NaN,NaN,NaN,NaN,NaN,NaN,NaN,NaN,NaN,NaN
1102,0,3340.000,26.582,-1.115,-0.222,0.467,NaN,NaN,340,0,-2.679,-1.326,NaN,NaN,NaN,NaN,NaN,NaN,NaN,NaN,NaN,NaN,NaN
1103,105,3340.000,36.350,-15.787,0.095,-0.074,NaN,NaN,340,0,-0.372,-0.493,NaN,NaN,NaN,NaN,NaN,NaN,NaN,NaN,NaN,NaN,NaN
1104,0,3341.000,26.362,-0.648,-0.221,0.467,NaN,NaN,341,0,-2.560,-1.321,NaN,NaN,NaN,NaN,NaN,NaN,NaN,NaN,NaN,NaN,NaN
1105,105,3341.000,36.444,-15.861,0.094,-0.074,NaN,NaN,341,0,-0.509,-0.352,NaN,NaN,NaN,NaN,NaN,NaN,NaN,NaN,NaN,NaN,NaN
1106,0,3342.000,26.142,-0.180,-0.219,0.467,NaN,NaN,342,0,-2.253,-1.314,NaN,NaN,NaN,NaN,NaN,NaN,NaN,NaN,NaN,NaN,NaN
1107,105,3342.000,36.538,-15.935,0.094,-0.074,NaN,NaN,342,0,-0.350,-0.207,NaN,NaN,NaN,NaN,NaN,NaN,NaN,NaN,NaN,NaN,NaN
1108,0,3343.000,25.924,0.287,-0.218,0.468,NaN,NaN,343,0,-3.120,-2.030,NaN,NaN,NaN,NaN,NaN,NaN,NaN,NaN,NaN,NaN,NaN
1109,105,3343.000,36.632,-16.009,0.094,-0.074,NaN,NaN,343,0,-0.033,-0.037,NaN,NaN,NaN,NaN,NaN,NaN,NaN,NaN,NaN,NaN,NaN
1110,0,3344.000,25.705,0.757,-0.218,0.469,NaN,NaN,344,0,-2.080,-1.312,NaN,NaN,NaN,NaN,NaN,NaN,NaN,NaN,NaN,NaN,NaN
1111,105,3344.000,36.725,-16.083,0.094,-0.074,NaN,NaN,344,0,-0.059,-0.037,NaN,NaN,NaN,NaN,NaN,NaN,NaN,NaN,NaN,NaN,NaN
1112,0,3345.000,25.486,1.226,-0.219,0.470,NaN,NaN,345,0,-0.972,-1.289,NaN,NaN,NaN,NaN,NaN,NaN,NaN,NaN,NaN,NaN,NaN
1113,105,3345.000,36.817,-16.158,0.093,-0.075,NaN,NaN,345,0,-0.051,-0.037,NaN,NaN,NaN,NaN,NaN,NaN,NaN,NaN,NaN,NaN,NaN
1114,0,3346.000,25.267,1.695,-0.219,0.469,NaN,NaN,346,0,-2.032,-1.281,NaN,NaN,NaN,NaN,NaN,NaN,NaN,NaN,NaN,NaN,NaN
1115,105,3346.000,36.912,-16.233,0.095,-0.075,NaN,NaN,346,0,-0.051,-0.037,NaN,NaN,NaN,NaN,NaN,NaN,NaN,NaN,NaN,NaN,NaN
1116,0,3347.000,25.049,2.164,-0.219,0.469,NaN,NaN,347,0,-2.676,-1.325,NaN,NaN,NaN,NaN,NaN,NaN,NaN,NaN,NaN,NaN,NaN
1117,105,3347.000,37.006,-16.307,0.095,-0.074,NaN,NaN,347,0,-0.039,-0.038,NaN,NaN,NaN,NaN,NaN,NaN,NaN,NaN,NaN,NaN,NaN
1118,0,3348.000,24.830,2.635,-0.219,0.470,NaN,NaN,348,0,-2.320,-1.327,NaN,NaN,NaN,NaN,NaN,NaN,NaN,NaN,NaN,NaN,NaN
1119,105,3348.000,37.100,-16.382,0.094,-0.074,NaN,NaN,348,0,-0.000,-0.000,NaN,NaN,NaN,NaN,NaN,NaN,NaN,NaN,NaN,NaN,NaN
1120,0,3349.000,24.611,3.106,-0.219,0.471,NaN,NaN,349,0,-1.779,-1.301,NaN,NaN,NaN,NaN,NaN,NaN,NaN,NaN,NaN,NaN,NaN
1121,105,3349.000,37.192,-16.455,0.093,-0.073,NaN,NaN,349,0,-0.000,-0.000,NaN,NaN,NaN,NaN,NaN,NaN,NaN,NaN,NaN,NaN,NaN
1122,0,3350.000,24.392,3.577,-0.219,0.472,NaN,NaN,350,0,-1.464,-1.147,NaN,NaN,NaN,NaN,NaN,NaN,NaN,NaN,NaN,NaN,NaN
1123,105,3350.000,37.283,-16.528,0.091,-0.073,NaN,NaN,350,0,-0.000,-0.000,NaN,NaN,NaN,NaN,NaN,NaN,NaN,NaN,NaN,NaN,NaN
1124,0,3351.000,24.173,4.050,-0.219,0.472,NaN,NaN,351,0,-0.000,-0.000,NaN,NaN,NaN,NaN,NaN,NaN,NaN,NaN,NaN,NaN,NaN
1125,105,3351.000,37.374,-16.601,0.091,-0.073,NaN,NaN,351,0,-0.035,-0.038,NaN,NaN,NaN,NaN,NaN,NaN,NaN,NaN,NaN,NaN,NaN
1126,0,3352.000,23.957,4.522,-0.217,0.472,NaN,NaN,352,0,-0.000,-0.000,NaN,NaN,NaN,NaN,NaN,NaN,NaN,NaN,NaN,NaN,NaN
1127,105,3352.000,37.465,-16.673,0.092,-0.072,NaN,NaN,352,0,-0.082,-0.074,NaN,NaN,NaN,NaN,NaN,NaN,NaN,NaN,NaN,NaN,NaN
1128,0,3353.000,23.739,4.994,-0.218,0.473,NaN,NaN,353,0,-0.000,-0.000,NaN,NaN,NaN,NaN,NaN,NaN,NaN,NaN,NaN,NaN,NaN
1129,105,3353.000,37.557,-16.746,0.092,-0.073,NaN,NaN,353,0,-0.125,-0.110,NaN,NaN,NaN,NaN,NaN,NaN,NaN,NaN,NaN,NaN,NaN
1130,0,3354.000,23.520,5.468,-0.219,0.473,NaN,NaN,354,0,-0.000,-0.000,NaN,NaN,NaN,NaN,NaN,NaN,NaN,NaN,NaN,NaN,NaN
1131,105,3354.000,37.648,-16.820,0.092,-0.074,NaN,NaN,354,0,-0.190,-0.190,NaN,NaN,NaN,NaN,NaN,NaN,NaN,NaN,NaN,NaN,NaN
1132,0,3355.000,23.301,5.942,-0.219,0.474,NaN,NaN,355,0,-0.000,-0.000,NaN,NaN,NaN,NaN,NaN,NaN,NaN,NaN,NaN,NaN,NaN
1133,105,3355.000,37.741,-16.894,0.092,-0.074,NaN,NaN,355,0,-0.293,-0.258,NaN,NaN,NaN,NaN,NaN,NaN,NaN,NaN,NaN,NaN,NaN
1134,0,3356.000,23.082,6.415,-0.218,0.473,NaN,NaN,356,0,-0.162,-0.177,NaN,NaN,NaN,NaN,NaN,NaN,NaN,NaN,NaN,NaN,NaN
1135,105,3356.000,37.833,-16.968,0.092,-0.074,NaN,NaN,356,0,-0.807,-0.462,NaN,NaN,NaN,NaN,NaN,NaN,NaN,NaN,NaN,NaN,NaN
1136,0,3357.000,22.863,6.888,-0.219,0.473,NaN,NaN,357,0,-1.965,-1.146,NaN,NaN,NaN,NaN,NaN,NaN,NaN,NaN,NaN,NaN,NaN
1137,105,3357.000,37.925,-17.043,0.092,-0.074,NaN,NaN,357,0,-0.566,-0.619,NaN,NaN,NaN,NaN,NaN,NaN,NaN,NaN,NaN,NaN,NaN
1138,0,3358.000,22.644,7.361,-0.220,0.473,NaN,NaN,358,0,-2.426,-1.219,NaN,NaN,NaN,NaN,NaN,NaN,NaN,NaN,NaN,NaN,NaN
1139,105,3358.000,38.020,-17.116,0.094,-0.074,NaN,NaN,358,0,-0.609,-0.693,NaN,NaN,NaN,NaN,NaN,NaN,NaN,NaN,NaN,NaN,NaN
1140,0,3359.000,22.423,7.835,-0.220,0.473,NaN,NaN,359,0,-2.297,-1.303,NaN,NaN,NaN,NaN,NaN,NaN,NaN,NaN,NaN,NaN,NaN
1141,105,3359.000,38.113,-17.191,0.094,-0.075,NaN,NaN,359,0,-1.222,-0.743,NaN,NaN,NaN,NaN,NaN,NaN,NaN,NaN,NaN,NaN,NaN
1142,0,3360.000,22.203,8.309,-0.220,0.474,NaN,NaN,360,0,-1.245,-0.734,NaN,NaN,NaN,NaN,NaN,NaN,NaN,NaN,NaN,NaN,NaN
1143,105,3360.000,38.207,-17.267,0.094,-0.076,NaN,NaN,360,0,-1.336,-0.788,NaN,NaN,NaN,NaN,NaN,NaN,NaN,NaN,NaN,NaN,NaN
1144,0,3361.000,21.982,8.782,-0.222,0.473,NaN,NaN,361,0,-1.018,-0.544,NaN,NaN,NaN,NaN,NaN,NaN,NaN,NaN,NaN,NaN,NaN
1145,105,3361.000,38.301,-17.344,0.093,-0.077,NaN,NaN,361,0,-1.567,-0.865,NaN,NaN,NaN,NaN,NaN,NaN,NaN,NaN,NaN,NaN,NaN
1146,0,3362.000,21.759,9.257,-0.222,0.474,NaN,NaN,362,0,-1.910,-1.160,NaN,NaN,NaN,NaN,NaN,NaN,NaN,NaN,NaN,NaN,NaN
1147,105,3362.000,38.393,-17.422,0.092,-0.077,NaN,NaN,362,0,-1.431,-0.902,NaN,NaN,NaN,NaN,NaN,NaN,NaN,NaN,NaN,NaN,NaN
1148,0,3363.000,21.537,9.731,-0.222,0.474,NaN,NaN,363,0,-1.570,-1.086,NaN,NaN,NaN,NaN,NaN,NaN,NaN,NaN,NaN,NaN,NaN
1149,105,3363.000,38.484,-17.498,0.091,-0.076,NaN,NaN,363,0,-1.524,-0.926,NaN,NaN,NaN,NaN,NaN,NaN,NaN,NaN,NaN,NaN,NaN
1150,0,3364.000,21.315,10.205,-0.222,0.474,NaN,NaN,364,0,-1.362,-0.914,NaN,NaN,NaN,NaN,NaN,NaN,NaN,NaN,NaN,NaN,NaN
1151,105,3364.000,38.575,-17.575,0.091,-0.077,NaN,NaN,364,0,-1.612,-0.951,NaN,NaN,NaN,NaN,NaN,NaN,NaN,NaN,NaN,NaN,NaN
1152,0,3365.000,21.093,10.680,-0.222,0.474,NaN,NaN,365,0,-1.566,-1.327,NaN,NaN,NaN,NaN,NaN,NaN,NaN,NaN,NaN,NaN,NaN
1153,105,3365.000,38.665,-17.650,0.090,-0.075,NaN,NaN,365,0,-1.843,-0.951,NaN,NaN,NaN,NaN,NaN,NaN,NaN,NaN,NaN,NaN,NaN
1154,0,3366.000,20.869,11.154,-0.224,0.474,NaN,NaN,366,0,-1.689,-1.327,NaN,NaN,NaN,NaN,NaN,NaN,NaN,NaN,NaN,NaN,NaN
1155,105,3366.000,38.754,-17.725,0.089,-0.075,NaN,NaN,366,0,-1.760,-0.941,NaN,NaN,NaN,NaN,NaN,NaN,NaN,NaN,NaN,NaN,NaN
1156,0,3367.000,20.644,11.628,-0.225,0.475,NaN,NaN,367,0,-1.803,-1.327,NaN,NaN,NaN,NaN,NaN,NaN,NaN,NaN,NaN,NaN,NaN
1157,105,3367.000,38.843,-17.800,0.089,-0.076,NaN,NaN,367,0,-1.740,-0.930,NaN,NaN,NaN,NaN,NaN,NaN,NaN,NaN,NaN,NaN,NaN
1158,0,3368.000,20.420,12.103,-0.224,0.475,NaN,NaN,368,0,-1.412,-1.327,NaN,NaN,NaN,NaN,NaN,NaN,NaN,NaN,NaN,NaN,NaN
1159,105,3368.000,38.931,-17.877,0.088,-0.076,NaN,NaN,368,0,-1.718,-0.918,NaN,NaN,NaN,NaN,NaN,NaN,NaN,NaN,NaN,NaN,NaN
1160,0,3369.000,20.195,12.577,-0.225,0.474,NaN,NaN,369,0,-2.408,-1.327,NaN,NaN,NaN,NaN,NaN,NaN,NaN,NaN,NaN,NaN,NaN
1161,105,3369.000,39.020,-17.953,0.089,-0.076,NaN,NaN,369,0,-1.734,-0.903,NaN,NaN,NaN,NaN,NaN,NaN,NaN,NaN,NaN,NaN,NaN
1162,0,3370.000,19.970,13.052,-0.225,0.475,NaN,NaN,370,0,-2.408,-1.327,NaN,NaN,NaN,NaN,NaN,NaN,NaN,NaN,NaN,NaN,NaN
1163,105,3370.000,39.110,-18.028,0.090,-0.076,NaN,NaN,370,0,-0.899,-0.803,NaN,NaN,NaN,NaN,NaN,NaN,NaN,NaN,NaN,NaN,NaN
1164,0,3371.000,19.746,13.525,-0.224,0.473,NaN,NaN,371,0,-2.483,-1.327,NaN,NaN,NaN,NaN,NaN,NaN,NaN,NaN,NaN,NaN,NaN
1165,105,3371.000,39.198,-18.102,0.088,-0.075,NaN,NaN,371,0,-0.676,-0.705,NaN,NaN,NaN,NaN,NaN,NaN,NaN,NaN,NaN,NaN,NaN
1166,0,3372.000,19.522,13.997,-0.224,0.472,NaN,NaN,372,0,-2.483,-1.327,NaN,NaN,NaN,NaN,NaN,NaN,NaN,NaN,NaN,NaN,NaN
1167,105,3372.000,39.287,-18.178,0.088,-0.075,NaN,NaN,372,0,-0.641,-0.625,NaN,NaN,NaN,NaN,NaN,NaN,NaN,NaN,NaN,NaN,NaN
1168,0,3373.000,19.298,14.470,-0.224,0.473,NaN,NaN,373,0,-2.680,-1.327,NaN,NaN,NaN,NaN,NaN,NaN,NaN,NaN,NaN,NaN,NaN
1169,105,3373.000,39.375,-18.254,0.088,-0.076,NaN,NaN,373,0,-0.556,-0.542,NaN,NaN,NaN,NaN,NaN,NaN,NaN,NaN,NaN,NaN,NaN
1170,0,3374.000,19.074,14.944,-0.224,0.474,NaN,NaN,374,0,-1.566,-1.327,NaN,NaN,NaN,NaN,NaN,NaN,NaN,NaN,NaN,NaN,NaN
1171,105,3374.000,39.463,-18.331,0.088,-0.077,NaN,NaN,374,0,-0.781,-0.475,NaN,NaN,NaN,NaN,NaN,NaN,NaN,NaN,NaN,NaN,NaN
1172,0,3375.000,18.850,15.418,-0.224,0.474,NaN,NaN,375,0,-1.628,-1.327,NaN,NaN,NaN,NaN,NaN,NaN,NaN,NaN,NaN,NaN,NaN
1173,105,3375.000,39.551,-18.406,0.088,-0.076,NaN,NaN,375,0,-0.660,-0.401,NaN,NaN,NaN,NaN,NaN,NaN,NaN,NaN,NaN,NaN,NaN
1174,0,3376.000,18.625,15.891,-0.225,0.472,NaN,NaN,376,0,-1.628,-1.327,NaN,NaN,NaN,NaN,NaN,NaN,NaN,NaN,NaN,NaN,NaN
1175,105,3376.000,39.638,-18.483,0.087,-0.077,NaN,NaN,376,0,-0.372,-0.233,NaN,NaN,NaN,NaN,NaN,NaN,NaN,NaN,NaN,NaN,NaN
1176,0,3377.000,18.402,16.364,-0.223,0.473,NaN,NaN,377,0,-1.918,-1.327,NaN,NaN,NaN,NaN,NaN,NaN,NaN,NaN,NaN,NaN,NaN
1177,105,3377.000,39.727,-18.558,0.089,-0.075,NaN,NaN,377,0,-0.312,-0.172,NaN,NaN,NaN,NaN,NaN,NaN,NaN,NaN,NaN,NaN,NaN
1178,0,3378.000,18.180,16.836,-0.222,0.472,NaN,NaN,378,0,-1.803,-1.327,NaN,NaN,NaN,NaN,NaN,NaN,NaN,NaN,NaN,NaN,NaN
1179,105,3378.000,36.500,-4.816,0.017,0.284,0.094,NaN,378,0,-0.132,-0.071,786.000,198.000,796.000,216.000,NaN,NaN,NaN,NaN,NaN,NaN,NaN
1180,0,3379.000,17.958,17.308,-0.223,0.472,NaN,NaN,379,0,-1.860,-1.327,NaN,NaN,NaN,NaN,NaN,NaN,NaN,NaN,NaN,NaN,NaN
1181,105,3379.000,36.516,-4.547,0.017,0.269,0.058,NaN,379,0,-2.628,-1.321,786.000,198.000,797.000,236.000,NaN,NaN,NaN,NaN,NaN,NaN,NaN
1182,0,3380.000,17.737,17.779,-0.221,0.472,NaN,NaN,380,0,-1.860,-1.327,NaN,NaN,NaN,NaN,NaN,NaN,NaN,NaN,NaN,NaN,NaN
1183,105,3380.000,36.532,-4.277,0.017,0.270,NaN,NaN,380,0,-2.787,-1.318,NaN,NaN,NaN,NaN,NaN,NaN,NaN,NaN,NaN,NaN,NaN
1184,0,3381.000,17.516,18.250,-0.221,0.471,NaN,NaN,381,0,-1.860,-1.327,NaN,NaN,NaN,NaN,NaN,NaN,NaN,NaN,NaN,NaN,NaN
1185,105,3381.000,36.550,-4.008,0.018,0.269,NaN,NaN,381,0,-2.487,-1.317,NaN,NaN,NaN,NaN,NaN,NaN,NaN,NaN,NaN,NaN,NaN
1186,105,3382.000,36.568,-3.739,0.017,0.269,NaN,NaN,382,0,-1.796,-1.281,NaN,NaN,NaN,NaN,NaN,NaN,NaN,NaN,NaN,NaN,NaN
1187,105,3383.000,36.584,-3.469,0.016,0.270,NaN,NaN,383,0,-1.239,-0.832,NaN,NaN,NaN,NaN,NaN,NaN,NaN,NaN,NaN,NaN,NaN
1188,105,3384.000,36.599,-3.199,0.016,0.271,NaN,NaN,384,0,-1.860,-1.211,NaN,NaN,NaN,NaN,NaN,NaN,NaN,NaN,NaN,NaN,NaN
1189,105,3385.000,36.617,-2.928,0.017,0.271,NaN,NaN,385,0,-2.451,-1.310,NaN,NaN,NaN,NaN,NaN,NaN,NaN,NaN,NaN,NaN,NaN
1190,105,3386.000,36.635,-2.655,0.019,0.273,NaN,NaN,386,0,-2.318,-1.315,NaN,NaN,NaN,NaN,NaN,NaN,NaN,NaN,NaN,NaN,NaN
1191,105,3387.000,36.655,-2.380,0.020,0.275,NaN,NaN,387,0,-2.173,-1.307,NaN,NaN,NaN,NaN,NaN,NaN,NaN,NaN,NaN,NaN,NaN
1192,105,3388.000,36.674,-2.105,0.020,0.276,NaN,NaN,388,0,-2.077,-1.286,NaN,NaN,NaN,NaN,NaN,NaN,NaN,NaN,NaN,NaN,NaN
1193,105,3389.000,36.691,-1.830,0.017,0.274,NaN,NaN,389,0,-1.941,-1.133,NaN,NaN,NaN,NaN,NaN,NaN,NaN,NaN,NaN,NaN,NaN
1194,105,3390.000,36.708,-1.557,0.017,0.273,NaN,NaN,390,0,-2.202,-1.249,NaN,NaN,NaN,NaN,NaN,NaN,NaN,NaN,NaN,NaN,NaN
1195,105,3391.000,36.727,-1.284,0.018,0.272,NaN,NaN,391,0,-2.184,-1.313,NaN,NaN,NaN,NaN,NaN,NaN,NaN,NaN,NaN,NaN,NaN
1196,105,3392.000,36.745,-1.012,0.017,0.273,NaN,NaN,392,0,-1.551,-1.314,NaN,NaN,NaN,NaN,NaN,NaN,NaN,NaN,NaN,NaN,NaN
1197,105,3393.000,36.762,-0.738,0.016,0.274,NaN,NaN,393,0,-1.878,-1.299,NaN,NaN,NaN,NaN,NaN,NaN,NaN,NaN,NaN,NaN,NaN
1198,105,3394.000,36.778,-0.464,0.018,0.274,NaN,NaN,394,0,-1.895,-1.140,NaN,NaN,NaN,NaN,NaN,NaN,NaN,NaN,NaN,NaN,NaN
1199,105,3395.000,36.796,-0.188,0.017,0.276,NaN,NaN,395,0,-1.292,-0.934,NaN,NaN,NaN,NaN,NaN,NaN,NaN,NaN,NaN,NaN,NaN
1200,105,3396.000,36.815,0.088,0.018,0.276,NaN,NaN,396,0,-1.401,-1.233,NaN,NaN,NaN,NaN,NaN,NaN,NaN,NaN,NaN,NaN,NaN
1201,105,3397.000,36.832,0.365,0.018,0.277,NaN,NaN,397,0,-1.523,-1.291,NaN,NaN,NaN,NaN,NaN,NaN,NaN,NaN,NaN,NaN,NaN
1202,105,3398.000,36.851,0.641,0.018,0.277,NaN,NaN,398,0,-1.694,-1.286,NaN,NaN,NaN,NaN,NaN,NaN,NaN,NaN,NaN,NaN,NaN
1203,105,3399.000,36.867,0.919,0.017,0.278,NaN,NaN,399,0,-1.743,-1.282,NaN,NaN,NaN,NaN,NaN,NaN,NaN,NaN,NaN,NaN,NaN
1204,105,3400.000,36.883,1.197,0.016,0.277,NaN,NaN,400,0,-1.777,-1.307,NaN,NaN,NaN,NaN,NaN,NaN,NaN,NaN,NaN,NaN,NaN
1205,105,3401.000,36.899,1.475,0.015,0.278,NaN,NaN,401,0,-1.397,-1.313,NaN,NaN,NaN,NaN,NaN,NaN,NaN,NaN,NaN,NaN,NaN
1206,105,3402.000,36.913,1.753,0.015,0.278,NaN,NaN,402,0,-0.953,-1.293,NaN,NaN,NaN,NaN,NaN,NaN,NaN,NaN,NaN,NaN,NaN
1207,105,3403.000,36.928,2.031,0.015,0.278,NaN,NaN,403,0,-1.081,-1.288,NaN,NaN,NaN,NaN,NaN,NaN,NaN,NaN,NaN,NaN,NaN
1208,105,3404.000,36.940,2.309,0.013,0.279,NaN,NaN,404,0,-0.909,-1.310,NaN,NaN,NaN,NaN,NaN,NaN,NaN,NaN,NaN,NaN,NaN
1209,105,3405.000,36.953,2.589,0.013,0.279,NaN,NaN,405,0,-0.996,-1.325,NaN,NaN,NaN,NaN,NaN,NaN,NaN,NaN,NaN,NaN,NaN
1210,105,3406.000,36.967,2.868,0.013,0.280,NaN,NaN,406,0,-1.024,-1.327,NaN,NaN,NaN,NaN,NaN,NaN,NaN,NaN,NaN,NaN,NaN
1211,105,3407.000,36.977,3.148,0.011,0.280,NaN,NaN,407,0,-0.716,-1.327,NaN,NaN,NaN,NaN,NaN,NaN,NaN,NaN,NaN,NaN,NaN
1212,105,3408.000,36.989,3.428,0.011,0.279,NaN,NaN,408,0,-1.063,-1.326,NaN,NaN,NaN,NaN,NaN,NaN,NaN,NaN,NaN,NaN,NaN
1213,105,3409.000,37.001,3.707,0.012,0.279,NaN,NaN,409,0,-1.165,-1.324,NaN,NaN,NaN,NaN,NaN,NaN,NaN,NaN,NaN,NaN,NaN
1214,105,3410.000,37.014,3.986,0.012,0.279,NaN,NaN,410,0,-1.664,-1.308,NaN,NaN,NaN,NaN,NaN,NaN,NaN,NaN,NaN,NaN,NaN
1215,105,3411.000,37.028,4.263,0.014,0.278,NaN,NaN,411,0,-1.176,-1.105,NaN,NaN,NaN,NaN,NaN,NaN,NaN,NaN,NaN,NaN,NaN
1216,105,3412.000,37.041,4.541,0.015,0.278,NaN,NaN,412,0,-1.448,-1.274,NaN,NaN,NaN,NaN,NaN,NaN,NaN,NaN,NaN,NaN,NaN
1217,105,3413.000,37.056,4.817,0.014,0.277,NaN,NaN,413,0,-1.260,-1.221,NaN,NaN,NaN,NaN,NaN,NaN,NaN,NaN,NaN,NaN,NaN
1218,105,3414.000,37.070,5.095,0.014,0.278,NaN,NaN,414,0,-0.000,-0.000,NaN,NaN,NaN,NaN,NaN,NaN,NaN,NaN,NaN,NaN,NaN
1219,105,3415.000,37.083,5.372,0.013,0.276,NaN,NaN,415,0,-0.000,-0.000,NaN,NaN,NaN,NaN,NaN,NaN,NaN,NaN,NaN,NaN,NaN
1220,105,3416.000,37.096,5.648,0.012,0.277,NaN,NaN,416,0,-0.000,-0.000,NaN,NaN,NaN,NaN,NaN,NaN,NaN,NaN,NaN,NaN,NaN
1221,105,3417.000,37.108,5.925,0.012,0.277,NaN,NaN,417,0,-0.000,-0.000,NaN,NaN,NaN,NaN,NaN,NaN,NaN,NaN,NaN,NaN,NaN
1222,105,3418.000,37.119,6.202,0.012,0.277,NaN,NaN,418,0,-0.000,-0.000,NaN,NaN,NaN,NaN,NaN,NaN,NaN,NaN,NaN,NaN,NaN
1223,105,3419.000,37.132,6.480,0.013,0.277,NaN,NaN,419,0,-0.000,-0.000,NaN,NaN,NaN,NaN,NaN,NaN,NaN,NaN,NaN,NaN,NaN
1224,105,3420.000,37.144,6.758,0.012,0.278,NaN,NaN,420,0,-0.000,-0.000,NaN,NaN,NaN,NaN,NaN,NaN,NaN,NaN,NaN,NaN,NaN
1225,105,3421.000,37.158,7.037,0.013,0.279,NaN,NaN,421,0,-0.000,-0.000,NaN,NaN,NaN,NaN,NaN,NaN,NaN,NaN,NaN,NaN,NaN
1226,105,3422.000,37.173,7.313,0.014,0.276,NaN,NaN,422,0,-0.000,-0.000,NaN,NaN,NaN,NaN,NaN,NaN,NaN,NaN,NaN,NaN,NaN
1227,105,3423.000,37.186,7.591,0.014,0.278,NaN,NaN,423,0,-0.000,-0.000,NaN,NaN,NaN,NaN,NaN,NaN,NaN,NaN,NaN,NaN,NaN
1228,105,3424.000,37.200,7.869,0.014,0.278,NaN,NaN,424,0,-0.000,-0.000,NaN,NaN,NaN,NaN,NaN,NaN,NaN,NaN,NaN,NaN,NaN
1229,105,3425.000,37.213,8.148,0.014,0.279,NaN,NaN,425,0,-0.000,-0.000,NaN,NaN,NaN,NaN,NaN,NaN,NaN,NaN,NaN,NaN,NaN
1230,105,3426.000,37.225,8.427,0.012,0.279,NaN,NaN,426,0,-0.000,-0.000,NaN,NaN,NaN,NaN,NaN,NaN,NaN,NaN,NaN,NaN,NaN
1231,105,3427.000,37.238,8.705,0.012,0.278,NaN,NaN,427,0,-0.000,-0.000,NaN,NaN,NaN,NaN,NaN,NaN,NaN,NaN,NaN,NaN,NaN
1232,105,3428.000,37.251,8.984,0.014,0.279,NaN,NaN,428,0,-0.000,-0.000,NaN,NaN,NaN,NaN,NaN,NaN,NaN,NaN,NaN,NaN,NaN
1233,105,3429.000,37.262,9.263,0.011,0.279,NaN,NaN,429,0,-0.000,-0.000,NaN,NaN,NaN,NaN,NaN,NaN,NaN,NaN,NaN,NaN,NaN
1234,105,3430.000,37.272,9.544,0.011,0.280,NaN,NaN,430,0,-0.000,-0.000,NaN,NaN,NaN,NaN,NaN,NaN,NaN,NaN,NaN,NaN,NaN
1235,105,3431.000,37.284,9.824,0.012,0.281,NaN,NaN,431,0,-0.007,-0.012,NaN,NaN,NaN,NaN,NaN,NaN,NaN,NaN,NaN,NaN,NaN
1236,105,3432.000,37.295,10.104,0.011,0.280,NaN,NaN,432,0,-0.738,-1.063,NaN,NaN,NaN,NaN,NaN,NaN,NaN,NaN,NaN,NaN,NaN
1237,105,3433.000,37.304,10.387,0.011,0.282,NaN,NaN,433,0,-1.144,-1.299,NaN,NaN,NaN,NaN,NaN,NaN,NaN,NaN,NaN,NaN,NaN
1238,105,3434.000,37.317,10.670,0.013,0.284,NaN,NaN,434,0,-1.347,-1.266,NaN,NaN,NaN,NaN,NaN,NaN,NaN,NaN,NaN,NaN,NaN
1239,105,3435.000,37.331,10.954,0.013,0.284,NaN,NaN,435,0,-0.441,-1.034,NaN,NaN,NaN,NaN,NaN,NaN,NaN,NaN,NaN,NaN,NaN
1240,105,3436.000,37.342,11.238,0.011,0.285,NaN,NaN,436,0,-0.322,-1.247,NaN,NaN,NaN,NaN,NaN,NaN,NaN,NaN,NaN,NaN,NaN
1241,105,3437.000,37.351,11.524,0.010,0.285,NaN,NaN,437,0,-2.217,-1.295,NaN,NaN,NaN,NaN,NaN,NaN,NaN,NaN,NaN,NaN,NaN
1242,105,3438.000,37.362,11.808,0.010,0.285,NaN,NaN,438,0,-2.270,-1.288,NaN,NaN,NaN,NaN,NaN,NaN,NaN,NaN,NaN,NaN,NaN
1243,105,3439.000,37.373,12.093,0.011,0.285,NaN,NaN,439,0,-2.184,-1.275,NaN,NaN,NaN,NaN,NaN,NaN,NaN,NaN,NaN,NaN,NaN
1244,105,3440.000,37.387,12.377,0.013,0.284,NaN,NaN,440,0,-2.383,-1.313,NaN,NaN,NaN,NaN,NaN,NaN,NaN,NaN,NaN,NaN,NaN
1245,105,3441.000,37.400,12.662,0.014,0.285,NaN,NaN,441,0,-1.845,-1.316,NaN,NaN,NaN,NaN,NaN,NaN,NaN,NaN,NaN,NaN,NaN
1246,105,3442.000,37.414,12.947,0.014,0.285,NaN,NaN,442,0,-1.896,-1.152,NaN,NaN,NaN,NaN,NaN,NaN,NaN,NaN,NaN,NaN,NaN
1247,105,3443.000,37.428,13.232,0.014,0.285,NaN,NaN,443,0,-0.666,-0.543,NaN,NaN,NaN,NaN,NaN,NaN,NaN,NaN,NaN,NaN,NaN
1248,105,3444.000,37.441,13.518,0.013,0.286,NaN,NaN,444,0,-1.588,-1.133,NaN,NaN,NaN,NaN,NaN,NaN,NaN,NaN,NaN,NaN,NaN
1249,105,3445.000,37.455,13.804,0.014,0.286,NaN,NaN,445,0,-1.791,-1.088,NaN,NaN,NaN,NaN,NaN,NaN,NaN,NaN,NaN,NaN,NaN
1250,105,3446.000,37.468,14.089,0.013,0.286,NaN,NaN,446,0,-0.783,-0.689,NaN,NaN,NaN,NaN,NaN,NaN,NaN,NaN,NaN,NaN,NaN
1251,105,3447.000,37.481,14.376,0.013,0.286,NaN,NaN,447,0,-1.322,-0.887,NaN,NaN,NaN,NaN,NaN,NaN,NaN,NaN,NaN,NaN,NaN
1252,105,3448.000,37.494,14.661,0.013,0.285,NaN,NaN,448,0,-1.503,-1.106,NaN,NaN,NaN,NaN,NaN,NaN,NaN,NaN,NaN,NaN,NaN
1253,105,3449.000,37.506,14.947,0.011,0.287,NaN,NaN,449,0,-1.700,-1.291,NaN,NaN,NaN,NaN,NaN,NaN,NaN,NaN,NaN,NaN,NaN
1254,105,3450.000,37.518,15.235,0.012,0.287,NaN,NaN,450,0,-1.173,-1.221,NaN,NaN,NaN,NaN,NaN,NaN,NaN,NaN,NaN,NaN,NaN
1255,105,3451.000,37.527,15.523,0.009,0.287,NaN,NaN,451,0,-0.984,-1.118,NaN,NaN,NaN,NaN,NaN,NaN,NaN,NaN,NaN,NaN,NaN
1256,105,3452.000,37.535,15.808,0.008,0.285,NaN,NaN,452,0,-1.148,-1.304,NaN,NaN,NaN,NaN,NaN,NaN,NaN,NaN,NaN,NaN,NaN
1257,105,3453.000,37.544,16.092,0.008,0.285,NaN,NaN,453,0,-1.058,-1.261,NaN,NaN,NaN,NaN,NaN,NaN,NaN,NaN,NaN,NaN,NaN
1258,105,3454.000,37.550,16.377,0.007,0.285,NaN,NaN,454,0,-0.786,-1.046,NaN,NaN,NaN,NaN,NaN,NaN,NaN,NaN,NaN,NaN,NaN
1259,105,3455.000,37.557,16.662,0.007,0.285,NaN,NaN,455,0,-1.411,-1.242,NaN,NaN,NaN,NaN,NaN,NaN,NaN,NaN,NaN,NaN,NaN
1260,105,3456.000,37.564,16.947,0.006,0.285,NaN,NaN,456,0,-1.479,-1.124,NaN,NaN,NaN,NaN,NaN,NaN,NaN,NaN,NaN,NaN,NaN
1261,105,3457.000,37.570,17.232,0.006,0.284,NaN,NaN,457,0,-0.931,-1.182,NaN,NaN,NaN,NaN,NaN,NaN,NaN,NaN,NaN,NaN,NaN
1262,105,3458.000,37.575,17.516,0.006,0.284,NaN,NaN,458,0,-1.451,-1.230,NaN,NaN,NaN,NaN,NaN,NaN,NaN,NaN,NaN,NaN,NaN
1263,105,3459.000,37.579,17.798,0.004,0.283,NaN,NaN,459,0,-1.265,-1.226,NaN,NaN,NaN,NaN,NaN,NaN,NaN,NaN,NaN,NaN,NaN
1264,105,3460.000,37.584,18.079,0.006,0.281,NaN,NaN,460,0,-1.275,-1.327,NaN,NaN,NaN,NaN,NaN,NaN,NaN,NaN,NaN,NaN,NaN
1265,105,3461.000,37.591,18.360,0.006,0.281,NaN,NaN,461,0,-1.369,-1.327,NaN,NaN,NaN,NaN,NaN,NaN,NaN,NaN,NaN,NaN,NaN
1266,105,3462.000,37.598,18.643,0.007,0.283,NaN,NaN,462,0,-1.508,-1.327,NaN,NaN,NaN,NaN,NaN,NaN,NaN,NaN,NaN,NaN,NaN
1267,105,3463.000,37.604,18.925,0.006,0.282,NaN,NaN,463,0,-1.566,-1.327,NaN,NaN,NaN,NaN,NaN,NaN,NaN,NaN,NaN,NaN,NaN
1268,105,3464.000,37.610,19.207,0.005,0.282,NaN,NaN,464,0,-1.275,-1.327,NaN,NaN,NaN,NaN,NaN,NaN,NaN,NaN,NaN,NaN,NaN
1269,105,3465.000,37.618,19.490,0.008,0.282,NaN,NaN,465,0,-1.168,-1.327,NaN,NaN,NaN,NaN,NaN,NaN,NaN,NaN,NaN,NaN,NaN
1270,105,3466.000,37.625,19.773,0.008,0.283,NaN,NaN,466,0,-0.955,-1.327,NaN,NaN,NaN,NaN,NaN,NaN,NaN,NaN,NaN,NaN,NaN
1271,105,3467.000,37.634,20.056,0.009,0.284,NaN,NaN,467,0,-0.518,-1.327,NaN,NaN,NaN,NaN,NaN,NaN,NaN,NaN,NaN,NaN,NaN
1272,105,3468.000,37.644,20.339,0.009,0.283,NaN,NaN,468,0,-0.769,-1.327,NaN,NaN,NaN,NaN,NaN,NaN,NaN,NaN,NaN,NaN,NaN
1273,105,3469.000,37.651,20.622,0.008,0.284,NaN,NaN,469,0,-0.822,-1.327,NaN,NaN,NaN,NaN,NaN,NaN,NaN,NaN,NaN,NaN,NaN
1274,105,3470.000,37.660,20.908,0.008,0.286,NaN,NaN,470,0,-0.518,-1.327,NaN,NaN,NaN,NaN,NaN,NaN,NaN,NaN,NaN,NaN,NaN
1275,105,3471.000,37.669,21.194,0.009,0.286,NaN,NaN,471,0,-0.342,-1.327,NaN,NaN,NaN,NaN,NaN,NaN,NaN,NaN,NaN,NaN,NaN
1276,105,3472.000,37.677,21.479,0.009,0.285,NaN,NaN,472,0,-0.465,-1.327,NaN,NaN,NaN,NaN,NaN,NaN,NaN,NaN,NaN,NaN,NaN
1277,105,3473.000,37.684,21.765,0.007,0.285,NaN,NaN,473,0,-1.275,-1.327,NaN,NaN,NaN,NaN,NaN,NaN,NaN,NaN,NaN,NaN,NaN
1278,105,3474.000,37.690,22.049,0.007,0.285,NaN,NaN,474,0,-1.508,-1.327,NaN,NaN,NaN,NaN,NaN,NaN,NaN,NaN,NaN,NaN,NaN
1279,105,3475.000,37.700,22.334,0.009,0.285,NaN,NaN,475,0,-1.628,-1.327,NaN,NaN,NaN,NaN,NaN,NaN,NaN,NaN,NaN,NaN,NaN
1280,105,3476.000,37.709,22.619,0.009,0.285,NaN,NaN,476,0,-1.747,-1.327,NaN,NaN,NaN,NaN,NaN,NaN,NaN,NaN,NaN,NaN,NaN
1281,105,3477.000,46.196,15.357,0.186,0.155,0.375,NaN,477,0,-0.853,-1.327,169.000,201.000,178.000,227.000,NaN,NaN,NaN,NaN,NaN,NaN,NaN
1282,105,3478.000,52.693,17.572,0.290,0.165,0.332,NaN,478,0,-1.076,-1.289,170.000,201.000,183.000,226.000,NaN,NaN,NaN,NaN,NaN,NaN,NaN
1283,105,3479.000,52.984,17.737,0.291,0.165,NaN,NaN,479,0,-1.346,-1.305,NaN,NaN,NaN,NaN,NaN,NaN,NaN,NaN,NaN,NaN,NaN
1284,105,3480.000,53.273,17.902,0.290,0.164,NaN,NaN,480,0,-1.045,-1.303,NaN,NaN,NaN,NaN,NaN,NaN,NaN,NaN,NaN,NaN,NaN
1285,105,3481.000,53.563,18.069,0.290,0.167,NaN,NaN,481,0,-1.186,-1.286,NaN,NaN,NaN,NaN,NaN,NaN,NaN,NaN,NaN,NaN,NaN
1286,105,3482.000,53.852,18.236,0.290,0.167,NaN,NaN,482,0,-1.641,-1.247,NaN,NaN,NaN,NaN,NaN,NaN,NaN,NaN,NaN,NaN,NaN
1287,105,3483.000,54.140,18.402,0.289,0.166,NaN,NaN,483,0,-1.507,-1.184,NaN,NaN,NaN,NaN,NaN,NaN,NaN,NaN,NaN,NaN,NaN
1288,105,3484.000,54.432,18.569,0.291,0.167,NaN,NaN,484,0,-1.063,-1.030,NaN,NaN,NaN,NaN,NaN,NaN,NaN,NaN,NaN,NaN,NaN
1289,105,3485.000,54.720,18.737,0.289,0.167,NaN,NaN,485,0,-0.884,-0.885,NaN,NaN,NaN,NaN,NaN,NaN,NaN,NaN,NaN,NaN,NaN
1290,105,3486.000,55.007,18.906,0.287,0.169,NaN,NaN,486,0,-0.685,-0.687,NaN,NaN,NaN,NaN,NaN,NaN,NaN,NaN,NaN,NaN,NaN
1291,105,3487.000,55.294,19.076,0.287,0.170,NaN,NaN,487,0,-0.000,-0.000,NaN,NaN,NaN,NaN,NaN,NaN,NaN,NaN,NaN,NaN,NaN
1292,105,3488.000,55.581,19.246,0.286,0.171,NaN,NaN,488,0,-0.143,-0.135,NaN,NaN,NaN,NaN,NaN,NaN,NaN,NaN,NaN,NaN,NaN
1293,105,3489.000,55.868,19.417,0.287,0.171,NaN,NaN,489,0,-0.279,-0.255,NaN,NaN,NaN,NaN,NaN,NaN,NaN,NaN,NaN,NaN,NaN
1294,105,3490.000,56.157,19.588,0.289,0.171,NaN,NaN,490,0,-0.886,-0.632,NaN,NaN,NaN,NaN,NaN,NaN,NaN,NaN,NaN,NaN,NaN
1295,105,3491.000,61.201,19.619,0.273,0.008,0.201,NaN,491,0,-1.117,-0.902,187.000,197.000,200.000,228.000,NaN,NaN,NaN,NaN,NaN,NaN,NaN
1296,105,3492.000,61.432,19.610,0.269,0.007,0.176,NaN,492,0,-1.635,-1.239,188.000,197.000,201.000,229.000,NaN,NaN,NaN,NaN,NaN,NaN,NaN
1297,105,3493.000,61.678,19.611,0.270,0.006,0.320,NaN,493,0,-1.073,-1.248,189.000,196.000,203.000,229.000,NaN,NaN,NaN,NaN,NaN,NaN,NaN
1298,105,3494.000,61.947,19.618,0.269,0.006,NaN,NaN,494,0,-0.680,-1.250,NaN,NaN,NaN,NaN,NaN,NaN,NaN,NaN,NaN,NaN,NaN
1299,105,3495.000,62.215,19.623,0.268,0.005,NaN,NaN,495,0,-0.619,-1.258,NaN,NaN,NaN,NaN,NaN,NaN,NaN,NaN,NaN,NaN,NaN
1300,105,3496.000,62.482,19.627,0.267,0.004,NaN,NaN,496,0,-2.325,-1.281,NaN,NaN,NaN,NaN,NaN,NaN,NaN,NaN,NaN,NaN,NaN
1301,105,3497.000,62.749,19.631,0.267,0.004,NaN,NaN,497,0,-2.430,-1.299,NaN,NaN,NaN,NaN,NaN,NaN,NaN,NaN,NaN,NaN,NaN
1302,105,3498.000,62.853,19.802,0.246,0.039,0.033,NaN,498,0,-3.054,-1.307,193.000,198.000,206.000,227.000,NaN,NaN,NaN,NaN,NaN,NaN,NaN
1303,105,3499.000,63.140,19.657,0.246,0.000,0.025,NaN,499,0,-2.998,-1.283,203.000,192.000,211.000,215.000,NaN,NaN,NaN,NaN,NaN,NaN,NaN
1304,105,3500.000,63.372,19.632,0.246,-0.007,0.025,NaN,500,0,-3.077,-1.317,204.000,195.000,213.000,219.000,NaN,NaN,NaN,NaN,NaN,NaN,NaN
1305,105,3501.000,63.617,19.626,0.246,-0.006,NaN,NaN,501,0,-2.811,-1.322,NaN,NaN,NaN,NaN,NaN,NaN,NaN,NaN,NaN,NaN,NaN
1306,105,3502.000,63.863,19.620,0.246,-0.005,NaN,NaN,502,0,-2.673,-1.323,NaN,NaN,NaN,NaN,NaN,NaN,NaN,NaN,NaN,NaN,NaN
1307,105,3503.000,64.109,19.613,0.246,-0.007,NaN,NaN,503,0,-2.563,-1.322,NaN,NaN,NaN,NaN,NaN,NaN,NaN,NaN,NaN,NaN,NaN
1308,105,3504.000,64.357,19.607,0.246,-0.007,NaN,NaN,504,0,-2.562,-1.322,NaN,NaN,NaN,NaN,NaN,NaN,NaN,NaN,NaN,NaN,NaN
1309,105,3505.000,64.602,19.601,0.245,-0.007,NaN,NaN,505,0,-2.669,-1.321,NaN,NaN,NaN,NaN,NaN,NaN,NaN,NaN,NaN,NaN,NaN
1310,105,3506.000,63.825,20.189,0.163,0.120,0.069,NaN,506,0,-2.669,-1.321,193.000,187.000,203.000,205.000,NaN,NaN,NaN,NaN,NaN,NaN,NaN
1311,105,3507.000,63.990,20.310,0.163,0.121,NaN,NaN,507,0,-1.111,-1.273,NaN,NaN,NaN,NaN,NaN,NaN,NaN,NaN,NaN,NaN,NaN
1312,105,3508.000,64.152,20.430,0.163,0.120,NaN,NaN,508,0,-1.744,-1.261,NaN,NaN,NaN,NaN,NaN,NaN,NaN,NaN,NaN,NaN,NaN
1313,105,3509.000,64.313,20.549,0.162,0.119,NaN,NaN,509,0,-1.184,-1.256,NaN,NaN,NaN,NaN,NaN,NaN,NaN,NaN,NaN,NaN,NaN
1314,105,3510.000,64.476,20.669,0.162,0.119,NaN,NaN,510,0,1.927,-1.252,NaN,NaN,NaN,NaN,NaN,NaN,NaN,NaN,NaN,NaN,NaN
1315,105,3511.000,65.542,20.759,0.223,0.095,0.109,NaN,511,0,-2.196,-1.245,195.000,186.000,202.000,204.000,NaN,NaN,NaN,NaN,NaN,NaN,NaN
1316,105,3512.000,65.764,20.852,0.223,0.093,NaN,NaN,512,0,1.097,-1.271,NaN,NaN,NaN,NaN,NaN,NaN,NaN,NaN,NaN,NaN,NaN
1317,105,3513.000,66.290,20.963,0.245,0.075,0.041,NaN,513,0,-2.837,-1.266,196.000,184.000,203.000,206.000,NaN,NaN,NaN,NaN,NaN,NaN,NaN
1318,105,3514.000,66.538,21.036,0.248,0.074,NaN,NaN,514,0,-2.985,-1.277,NaN,NaN,NaN,NaN,NaN,NaN,NaN,NaN,NaN,NaN,NaN
1319,105,3515.000,66.788,21.109,0.249,0.072,NaN,NaN,515,0,-2.298,-1.115,NaN,NaN,NaN,NaN,NaN,NaN,NaN,NaN,NaN,NaN,NaN
1320,105,3516.000,67.037,21.183,0.249,0.074,NaN,NaN,516,0,-5.147,-2.457,NaN,NaN,NaN,NaN,NaN,NaN,NaN,NaN,NaN,NaN,NaN
1321,105,3517.000,67.286,21.259,0.249,0.075,NaN,NaN,517,0,-2.611,-1.282,NaN,NaN,NaN,NaN,NaN,NaN,NaN,NaN,NaN,NaN,NaN
1322,105,3518.000,67.535,21.335,0.249,0.076,NaN,NaN,518,0,-2.722,-1.282,NaN,NaN,NaN,NaN,NaN,NaN,NaN,NaN,NaN,NaN,NaN
1323,105,3519.000,67.784,21.413,0.249,0.079,NaN,NaN,519,0,-2.565,-1.282,NaN,NaN,NaN,NaN,NaN,NaN,NaN,NaN,NaN,NaN,NaN
1324,105,3520.000,68.798,21.150,0.300,-0.003,0.190,NaN,520,0,-1.636,-1.282,207.000,199.000,216.000,227.000,NaN,NaN,NaN,NaN,NaN,NaN,NaN
1325,105,3521.000,69.057,21.124,0.298,-0.006,0.365,NaN,521,0,-0.957,-1.324,207.000,198.000,219.000,228.000,NaN,NaN,NaN,NaN,NaN,NaN,NaN
1326,105,3522.000,69.344,21.135,0.298,0.001,0.027,NaN,522,0,-3.094,-1.324,207.000,199.000,220.000,238.000,NaN,NaN,NaN,NaN,NaN,NaN,NaN
1327,105,3523.000,69.841,21.274,0.302,0.023,0.321,NaN,523,0,-1.138,-1.324,207.000,199.000,218.000,232.000,NaN,NaN,NaN,NaN,NaN,NaN,NaN
1328,105,3524.000,70.132,21.311,0.301,0.027,0.080,NaN,524,0,-2.398,-1.324,207.000,199.000,222.000,237.000,NaN,NaN,NaN,NaN,NaN,NaN,NaN
1329,105,3525.000,70.415,21.375,0.295,0.036,0.354,NaN,525,0,-1.009,-1.323,208.000,197.000,221.000,237.000,NaN,NaN,NaN,NaN,NaN,NaN,NaN
1330,105,3526.000,70.641,21.433,0.288,0.046,0.334,NaN,526,0,-0.918,-1.323,208.000,197.000,222.000,238.000,NaN,NaN,NaN,NaN,NaN,NaN,NaN
1331,105,3527.000,70.892,21.508,0.281,0.055,0.260,NaN,527,0,-1.165,-1.323,208.000,197.000,222.000,238.000,NaN,NaN,NaN,NaN,NaN,NaN,NaN
1332,105,3528.000,71.246,21.636,0.280,0.070,0.126,NaN,528,0,-1.855,-1.323,208.000,195.000,221.000,238.000,NaN,NaN,NaN,NaN,NaN,NaN,NaN
1333,105,3529.000,71.580,21.742,0.284,0.077,0.100,NaN,529,0,-2.032,-1.324,209.000,195.000,221.000,238.000,NaN,NaN,NaN,NaN,NaN,NaN,NaN
1334,105,3530.000,71.834,21.812,0.285,0.077,0.092,NaN,530,0,-2.099,-1.324,209.000,195.000,222.000,238.000,NaN,NaN,NaN,NaN,NaN,NaN,NaN
1335,105,3531.000,72.121,21.888,0.287,0.076,NaN,NaN,531,0,-1.408,-1.324,NaN,NaN,NaN,NaN,NaN,NaN,NaN,NaN,NaN,NaN,NaN
1336,105,3532.000,72.354,21.962,0.287,0.078,0.186,NaN,532,0,-1.504,-1.324,209.000,197.000,222.000,238.000,NaN,NaN,NaN,NaN,NaN,NaN,NaN
1337,105,3533.000,72.548,22.015,0.283,0.079,0.227,NaN,533,0,-1.507,-1.324,210.000,198.000,222.000,238.000,NaN,NaN,NaN,NaN,NaN,NaN,NaN
1338,105,3534.000,72.721,22.052,0.282,0.075,0.425,NaN,534,0,-0.406,-1.324,210.000,197.000,223.000,238.000,NaN,NaN,NaN,NaN,NaN,NaN,NaN
1339,105,3535.000,72.875,22.087,0.279,0.073,0.471,NaN,535,0,-0.141,-1.324,210.000,197.000,223.000,238.000,NaN,NaN,NaN,NaN,NaN,NaN,NaN
1340,105,3536.000,73.061,22.135,0.277,0.073,0.507,NaN,536,0,0.090,-1.324,210.000,197.000,223.000,238.000,NaN,NaN,NaN,NaN,NaN,NaN,NaN
1341,105,3537.000,73.304,22.208,0.276,0.077,0.310,NaN,537,0,-0.975,-1.324,211.000,196.000,222.000,238.000,NaN,NaN,NaN,NaN,NaN,NaN,NaN
1342,105,3538.000,73.579,22.279,0.276,0.077,0.312,NaN,538,0,-0.975,-1.324,211.000,196.000,223.000,238.000,NaN,NaN,NaN,NaN,NaN,NaN,NaN
1343,105,3539.000,73.943,22.387,0.277,0.080,0.201,NaN,539,0,-1.454,-1.324,211.000,195.000,223.000,238.000,NaN,NaN,NaN,NaN,NaN,NaN,NaN
1344,105,3540.000,74.241,22.491,0.277,0.085,0.032,NaN,540,0,-3.094,-1.324,211.000,196.000,222.000,228.000,NaN,NaN,NaN,NaN,NaN,NaN,NaN
1345,105,3541.000,74.456,22.530,0.279,0.079,0.155,NaN,541,0,-1.744,-1.324,212.000,198.000,224.000,239.000,NaN,NaN,NaN,NaN,NaN,NaN,NaN
1346,759,3769.000,37.810,3.740,0.000,0.000,0.725,0.312,769,0,-0.759,-1.666,475.000,194.000,499.000,250.000,37.810,3.740,-1.190,1.790,0.660,1.840,3.085
1347,759,3770.000,37.717,3.678,-0.016,-0.022,0.719,0.013,770,0,-0.925,-2.452,476.000,194.000,500.000,252.000,37.620,3.620,-1.190,1.820,0.660,1.980,3.159
1348,759,3771.000,37.697,3.752,-0.014,0.008,0.752,NaN,771,0,2.680,-1.318,475.000,194.000,500.000,254.000,NaN,NaN,NaN,NaN,NaN,NaN,NaN
1349,759,3772.000,37.288,3.633,-0.123,-0.043,0.758,0.013,772,0,-0.310,-2.383,474.000,193.000,501.000,256.000,37.110,3.500,-1.090,1.840,0.540,1.840,2.966
1350,759,3773.000,36.943,3.521,-0.189,-0.069,0.756,0.067,773,0,-0.311,-2.260,476.000,193.000,500.000,257.000,36.790,3.500,-1.010,1.980,0.540,1.790,-2.891
1351,759,3774.000,36.645,3.600,-0.209,-0.010,0.739,NaN,774,0,2.746,-1.321,477.000,193.000,500.000,258.000,NaN,NaN,NaN,NaN,NaN,NaN,NaN
1352,759,3775.000,36.422,3.572,-0.211,-0.018,0.783,0.023,775,0,-0.045,-2.316,476.000,192.000,503.000,260.000,36.420,3.510,-1.040,0.780,0.650,1.710,0.031
1353,759,3776.000,36.138,3.524,-0.232,-0.023,0.703,0.449,776,0,-0.933,-1.164,477.000,193.000,502.000,248.000,36.090,3.450,-1.060,0.730,0.660,1.730,0.665
1354,759,3777.000,35.871,3.531,-0.231,-0.018,0.728,NaN,777,0,2.590,-1.317,478.000,192.000,503.000,254.000,NaN,NaN,NaN,NaN,NaN,NaN,NaN
1355,759,3778.000,35.574,3.471,-0.247,-0.024,0.791,0.862,778,0,-0.006,0.952,478.000,192.000,504.000,252.000,35.600,3.370,-1.020,1.880,0.680,1.830,3.122
1356,759,3779.000,35.342,3.364,-0.251,-0.040,0.782,0.280,779,0,0.137,-1.477,479.000,192.000,505.000,256.000,35.380,3.240,-0.910,0.710,0.690,1.780,-0.025
1357,759,3780.000,35.071,3.357,-0.250,-0.033,0.780,NaN,780,0,3.460,-1.321,479.000,192.000,506.000,259.000,NaN,NaN,NaN,NaN,NaN,NaN,NaN
1358,759,3781.000,34.820,3.297,-0.251,-0.041,0.730,0.999,781,0,-0.299,2.704,481.000,192.000,507.000,259.000,34.830,3.230,-1.190,1.980,0.660,1.830,3.166
1359,759,3782.000,34.547,3.210,-0.255,-0.052,0.757,0.325,782,0,-0.002,-1.409,482.000,191.000,509.000,263.000,34.520,3.090,-1.040,1.030,0.540,1.950,-2.902
1360,759,3783.000,34.289,3.183,-0.254,-0.046,0.676,NaN,783,0,1.846,-1.325,483.000,191.000,511.000,263.000,NaN,NaN,NaN,NaN,NaN,NaN,NaN
1361,759,3784.000,34.080,3.140,-0.243,-0.047,0.669,0.258,784,0,-0.783,-1.431,484.000,191.000,512.000,263.000,34.160,3.150,-1.060,0.840,0.600,1.930,0.264
1362,759,3785.000,33.817,3.058,-0.241,-0.055,0.823,0.020,785,0,0.757,-2.165,485.000,191.000,514.000,265.000,33.800,2.970,-1.060,1.780,0.610,1.680,-3.062
1363,759,3786.000,33.576,3.002,-0.241,-0.056,NaN,NaN,786,0,-2.995,-1.325,NaN,NaN,NaN,NaN,NaN,NaN,NaN,NaN,NaN,NaN,NaN
1364,759,3787.000,33.377,2.914,-0.233,-0.063,0.690,0.957,787,0,-0.417,2.454,488.000,190.000,517.000,251.000,33.410,2.870,-1.050,1.960,0.560,1.760,-2.854
1365,759,3788.000,33.105,2.829,-0.241,-0.068,0.823,0.976,788,0,1.009,2.454,490.000,190.000,519.000,267.000,33.050,2.790,-1.070,1.910,0.580,1.810,-2.888
1366,759,3789.000,32.864,2.836,-0.243,-0.053,0.136,NaN,789,0,-1.996,-1.327,491.000,191.000,517.000,225.000,NaN,NaN,NaN,NaN,NaN,NaN,NaN
1367,759,3790.000,32.654,2.752,-0.235,-0.059,0.518,0.965,790,0,-1.517,2.454,493.000,190.000,523.000,258.000,32.690,2.690,-1.020,1.890,0.660,1.860,-2.979
1368,759,3791.000,32.420,2.710,-0.235,-0.054,0.139,NaN,791,0,-1.997,-1.327,497.000,191.000,522.000,228.000,NaN,NaN,NaN,NaN,NaN,NaN,NaN
1369,759,3792.000,32.203,2.633,-0.231,-0.063,0.601,0.965,792,0,-0.749,2.487,497.000,190.000,527.000,253.000,32.210,2.580,-1.050,1.980,0.610,1.880,-2.839
1370,759,3793.000,31.883,2.519,-0.249,-0.071,0.657,0.988,793,0,-0.411,2.487,501.000,189.000,529.000,258.000,31.790,2.430,-1.050,1.820,0.640,1.920,-2.911
1371,759,3794.000,31.633,2.447,-0.250,-0.072,0.703,NaN,794,0,2.128,-1.327,503.000,190.000,534.000,257.000,NaN,NaN,NaN,NaN,NaN,NaN,NaN
1372,759,3795.000,31.423,2.365,-0.238,-0.076,0.665,0.515,795,0,-0.132,-0.518,506.000,190.000,536.000,252.000,31.460,2.360,-1.200,1.920,0.540,1.860,-2.692
1373,759,3796.000,31.193,2.301,-0.235,-0.073,0.744,0.012,796,0,0.652,-1.913,509.000,190.000,539.000,257.000,31.200,2.330,-1.110,0.860,0.680,1.890,0.476
1374,759,3797.000,30.965,2.199,-0.232,-0.080,0.700,NaN,797,0,2.128,-1.327,513.000,191.000,542.000,258.000,NaN,NaN,NaN,NaN,NaN,NaN,NaN
1375,759,3798.000,30.582,2.109,-0.261,-0.088,0.793,0.013,798,0,1.237,-1.832,515.000,191.000,544.000,256.000,30.430,2.090,-1.350,0.830,0.580,1.840,-1.228
1376,759,3799.000,30.347,1.998,-0.256,-0.094,0.784,0.031,799,0,1.158,-1.795,518.000,191.000,548.000,256.000,30.370,1.970,-1.160,1.720,0.510,1.770,0.513
1377,759,3800.000,30.091,1.892,-0.256,-0.097,0.802,NaN,800,0,3.866,-1.326,522.000,191.000,553.000,255.000,NaN,NaN,NaN,NaN,NaN,NaN,NaN
1378,759,3801.000,29.834,1.777,-0.258,-0.103,0.729,0.863,801,0,0.780,1.467,524.000,191.000,555.000,260.000,29.830,1.740,-1.150,1.900,0.590,1.830,-2.851
1379,759,3802.000,29.580,1.669,-0.257,-0.105,0.752,0.981,802,0,0.957,5.979,528.000,192.000,559.000,256.000,29.580,1.660,-1.040,1.910,0.560,1.940,-2.787
1380,759,3803.000,29.322,1.578,-0.257,-0.100,0.752,NaN,803,0,2.906,-1.305,532.000,192.000,566.000,256.000,NaN,NaN,NaN,NaN,NaN,NaN,NaN
1381,759,3804.000,29.040,1.476,-0.263,-0.102,0.730,0.958,804,0,1.015,5.442,535.000,193.000,568.000,255.000,29.000,1.470,-1.070,1.860,0.610,1.800,-2.784
1382,759,3805.000,28.753,1.348,-0.269,-0.109,0.752,0.238,805,0,1.189,-0.911,539.000,193.000,573.000,258.000,28.690,1.290,-1.090,0.940,0.570,1.820,-2.886
1383,759,3806.000,28.487,1.270,-0.268,-0.102,0.828,NaN,806,0,4.351,-1.264,543.000,195.000,578.000,257.000,NaN,NaN,NaN,NaN,NaN,NaN,NaN
1384,759,3807.000,28.220,1.167,-0.272,-0.102,0.809,1.000,807,0,1.979,7.239,547.000,193.000,582.000,256.000,28.250,1.160,-1.080,1.860,0.610,1.790,-2.709
1385,759,3808.000,27.931,1.034,-0.278,-0.108,0.805,0.973,808,0,1.827,7.239,551.000,194.000,587.000,252.000,27.910,1.000,-1.140,1.970,0.590,1.810,-2.711
1386,759,3809.000,27.654,0.932,-0.277,-0.106,0.801,NaN,809,0,3.612,-1.281,558.000,195.000,593.000,250.000,NaN,NaN,NaN,NaN,NaN,NaN,NaN
1387,759,3810.000,27.511,0.843,-0.250,-0.100,0.797,0.022,810,0,1.827,-1.617,561.000,195.000,596.000,249.000,27.610,0.890,-1.060,0.950,0.610,1.890,-2.721
1388,759,3811.000,27.264,0.748,-0.249,-0.100,0.680,0.029,811,0,0.869,-1.529,567.000,195.000,601.000,250.000,27.230,0.760,-1.110,0.980,0.550,1.870,-2.767
1389,759,3812.000,27.026,0.638,-0.248,-0.101,0.638,NaN,812,0,1.183,-1.286,574.000,196.000,607.000,250.000,NaN,NaN,NaN,NaN,NaN,NaN,NaN
1390,759,3813.000,26.796,0.537,-0.245,-0.102,NaN,1.000,813,0,-3.152,6.369,563.000,189.000,627.000,294.000,26.780,0.540,-1.230,1.890,0.570,1.970,-2.708
1391,759,3814.000,26.523,0.403,-0.253,-0.111,0.695,0.290,814,0,1.231,-0.517,580.000,194.000,619.000,251.000,26.470,0.350,-1.120,1.880,0.590,1.760,-2.875
1392,759,3815.000,26.271,0.286,-0.255,-0.112,0.448,NaN,815,0,-0.080,-1.305,588.000,196.000,626.000,274.000,NaN,NaN,NaN,NaN,NaN,NaN,NaN
1393,759,3816.000,25.973,0.166,-0.264,-0.116,0.782,0.962,816,0,2.198,4.938,592.000,199.000,630.000,277.000,25.940,0.150,-1.240,1.960,0.610,1.880,-2.794
1394,759,3817.000,25.684,0.069,-0.270,-0.111,0.748,0.024,817,0,1.976,-1.531,599.000,197.000,638.000,277.000,25.670,0.110,-1.320,1.940,0.550,1.840,-2.505
1395,759,3818.000,25.413,-0.062,-0.270,-0.116,0.733,NaN,818,0,2.756,-1.319,607.000,196.000,646.000,280.000,NaN,NaN,NaN,NaN,NaN,NaN,NaN
1396,759,3819.000,25.253,-0.173,-0.244,-0.114,0.775,0.991,819,0,2.512,3.500,611.000,197.000,652.000,279.000,25.360,-0.170,-1.280,1.870,0.560,1.850,-2.716
1397,759,3820.000,24.997,-0.344,-0.246,-0.128,0.784,0.998,820,0,2.512,3.500,619.000,196.000,662.000,286.000,24.960,-0.430,-1.210,1.890,0.560,1.840,-2.647
1398,759,3821.000,24.757,-0.499,-0.246,-0.135,0.719,NaN,821,0,2.608,-1.300,629.000,197.000,671.000,290.000,NaN,NaN,NaN,NaN,NaN,NaN,NaN
1399,759,3822.000,24.525,-0.642,-0.239,-0.137,0.760,0.670,822,0,2.344,0.637,632.000,197.000,676.000,287.000,24.520,-0.640,-1.260,1.860,0.620,1.810,-2.660
1400,759,3823.000,24.276,-0.803,-0.241,-0.143,0.720,0.998,823,0,2.207,2.843,641.000,197.000,688.000,284.000,24.230,-0.850,-1.220,1.820,0.560,1.800,-2.581
1401,759,3824.000,24.038,-0.956,-0.239,-0.145,0.770,NaN,824,0,3.422,-1.327,654.000,197.000,697.000,287.000,NaN,NaN,NaN,NaN,NaN,NaN,NaN
1402,759,3825.000,23.898,-1.085,-0.217,-0.140,0.801,1.000,825,0,3.099,2.843,662.000,197.000,704.000,290.000,23.980,-1.040,-1.240,1.800,0.560,1.850,-2.573
1403,759,3826.000,23.610,-1.268,-0.235,-0.151,0.786,0.995,826,0,2.962,2.843,673.000,196.000,716.000,288.000,23.530,-1.360,-1.270,1.880,0.620,1.890,-2.551
1404,759,3827.000,23.388,-1.445,-0.231,-0.155,0.827,NaN,827,0,4.413,-1.326,685.000,192.000,728.000,287.000,NaN,NaN,NaN,NaN,NaN,NaN,NaN
1405,759,3828.000,23.247,-1.560,-0.210,-0.148,0.818,0.996,828,0,3.717,2.467,691.000,195.000,734.000,288.000,23.320,-1.490,-1.280,1.840,0.520,1.800,-2.543
1406,759,3829.000,23.017,-1.721,-0.214,-0.155,0.746,0.999,829,0,2.855,2.467,704.000,198.000,746.000,292.000,22.980,-1.720,-1.310,1.910,0.540,1.830,-2.483
1407,759,3830.000,22.803,-1.929,-0.213,-0.168,0.777,NaN,830,0,3.620,-1.327,717.000,197.000,759.000,295.000,NaN,NaN,NaN,NaN,NaN,NaN,NaN
1408,759,3831.000,22.574,-2.079,-0.216,-0.162,0.826,0.993,831,0,3.816,2.467,730.000,198.000,776.000,295.000,22.570,-2.050,-1.290,1.950,0.560,1.820,-2.477
1409,759,3832.000,22.342,-2.235,-0.220,-0.161,0.765,0.977,832,0,3.351,2.238,737.000,196.000,783.000,293.000,22.340,-2.220,-1.120,1.690,0.570,1.870,0.708
1410,759,3833.000,22.114,-2.444,-0.221,-0.174,0.735,NaN,833,0,2.746,-1.321,751.000,197.000,794.000,263.000,NaN,NaN,NaN,NaN,NaN,NaN,NaN
1411,759,3834.000,21.845,-2.643,-0.229,-0.181,0.806,0.863,834,0,3.934,2.158,765.000,197.000,815.000,265.000,21.800,-2.680,-1.090,1.610,0.530,1.700,-2.370
1412,759,3835.000,21.606,-2.835,-0.232,-0.183,0.757,0.029,835,0,3.233,-1.284,772.000,197.000,822.000,263.000,21.600,-2.840,-1.010,1.690,0.560,1.740,-2.387
1413,759,3836.000,21.371,-3.048,-0.231,-0.190,0.727,NaN,836,0,2.590,-1.306,789.000,197.000,838.000,262.000,NaN,NaN,NaN,NaN,NaN,NaN,NaN
1414,759,3837.000,21.138,-3.266,-0.232,-0.198,0.813,NaN,837,0,4.053,-1.310,804.000,197.000,853.000,269.000,NaN,NaN,NaN,NaN,NaN,NaN,NaN
1415,759,3838.000,20.915,-3.410,-0.230,-0.182,0.578,NaN,838,0,1.046,-1.314,812.000,197.000,855.000,279.000,NaN,NaN,NaN,NaN,NaN,NaN,NaN
1416,759,3839.000,20.681,-3.597,-0.230,-0.184,0.144,NaN,839,0,-1.583,-1.304,827.000,196.000,879.000,268.000,NaN,NaN,NaN,NaN,NaN,NaN,NaN
1417,759,3840.000,20.440,-3.797,-0.232,-0.188,0.312,NaN,840,0,-0.781,-1.294,845.000,198.000,894.000,268.000,NaN,NaN,NaN,NaN,NaN,NaN,NaN
1418,759,3841.000,20.245,-3.894,-0.226,-0.166,0.370,NaN,841,0,-0.688,-1.275,860.000,197.000,887.000,249.000,NaN,NaN,NaN,NaN,NaN,NaN,NaN
1419,759,3842.000,20.031,-4.043,-0.222,-0.161,0.692,NaN,842,0,1.982,-1.291,866.000,197.000,908.000,264.000,NaN,NaN,NaN,NaN,NaN,NaN,NaN
1420,759,3843.000,19.831,-4.178,-0.217,-0.154,0.053,NaN,843,0,-1.790,-1.295,882.000,199.000,915.000,310.000,NaN,NaN,NaN,NaN,NaN,NaN,NaN
1421,759,3844.000,19.285,-4.336,-0.255,-0.160,0.066,0.997,844,0,-1.742,2.255,890.000,199.000,941.000,262.000,19.250,-4.470,-1.100,1.810,0.490,1.750,-2.551
1422,759,3845.000,19.031,-4.496,-0.254,-0.160,NaN,NaN,845,0,-0.776,-1.296,NaN,NaN,NaN,NaN,NaN,NaN,NaN,NaN,NaN,NaN,NaN
1423,759,3846.000,18.855,-4.670,-0.240,-0.162,0.646,0.990,846,0,2.268,2.255,920.000,197.000,974.000,296.000,18.910,-4.680,-1.130,1.770,0.570,1.710,-2.584
1424,759,3847.000,18.574,-4.838,-0.249,-0.168,0.796,1.000,847,0,4.425,2.255,927.000,196.000,984.000,302.000,18.550,-4.840,-1.180,1.920,0.560,1.740,-2.672
1425,759,3848.000,18.325,-5.007,-0.249,-0.169,NaN,NaN,848,0,-0.931,-1.324,NaN,NaN,NaN,NaN,NaN,NaN,NaN,NaN,NaN,NaN,NaN
1426,759,3849.000,18.191,-5.030,-0.219,-0.134,0.712,0.969,849,0,2.985,2.261,958.000,200.000,1016.000,307.000,18.260,-4.950,-1.130,1.840,0.510,1.840,-2.590
1427,926,3849.000,30.960,0.850,0.000,0.000,0.494,0.950,849,0,-1.113,6.654,567.000,189.000,593.000,250.000,30.960,0.850,-1.130,2.010,0.610,1.750,-2.888
1428,759,3850.000,17.890,-5.130,-0.241,-0.130,0.775,0.998,850,0,4.125,2.261,965.000,200.000,1021.000,303.000,17.820,-5.090,-1.130,1.900,0.510,1.820,-2.763
1429,926,3850.000,30.811,0.834,-0.041,0.004,0.498,0.669,850,0,-1.085,-0.064,569.000,189.000,597.000,249.000,30.700,0.830,-1.170,0.860,0.690,1.980,-2.975
1430,759,3851.000,17.665,-5.221,-0.236,-0.124,0.030,NaN,851,0,-2.530,-1.322,981.000,197.000,1035.000,266.000,NaN,NaN,NaN,NaN,NaN,NaN,NaN
1431,926,3851.000,30.770,0.838,-0.041,0.003,NaN,NaN,851,0,-2.597,-1.299,NaN,NaN,NaN,NaN,NaN,NaN,NaN,NaN,NaN,NaN,NaN
1432,759,3852.000,17.544,-5.262,-0.209,-0.104,0.758,0.122,852,0,3.782,-0.660,993.000,197.000,1051.000,317.000,17.590,-5.190,-1.070,0.760,0.490,1.730,0.279
1433,926,3852.000,30.759,0.717,-0.031,-0.030,0.218,NaN,852,0,-1.521,-1.297,578.000,189.000,607.000,224.000,NaN,NaN,NaN,NaN,NaN,NaN,NaN
1434,759,3853.000,17.270,-5.337,-0.223,-0.095,0.328,0.917,853,0,-0.157,2.248,1000.000,198.000,1057.000,287.000,17.200,-5.290,-1.170,1.620,0.450,1.680,-2.908
1435,926,3853.000,30.011,0.640,-0.215,-0.042,0.140,0.989,853,0,-2.591,5.979,581.000,189.000,608.000,225.000,29.980,0.550,-1.180,2.040,0.600,1.830,-2.784
1436,759,3854.000,17.058,-5.431,-0.223,-0.095,0.787,NaN,854,0,3.838,-1.317,1015.000,199.000,1067.000,324.000,NaN,NaN,NaN,NaN,NaN,NaN,NaN
1437,926,3854.000,29.797,0.598,-0.214,-0.042,NaN,NaN,854,0,-2.589,-1.294,NaN,NaN,NaN,NaN,NaN,NaN,NaN,NaN,NaN,NaN,NaN
1438,759,3855.000,16.767,-5.462,-0.240,-0.080,0.184,0.998,855,0,-0.850,2.248,1028.000,199.000,1089.000,327.000,16.710,-5.400,-1.190,1.880,0.570,1.720,-2.842
1439,926,3855.000,29.616,0.470,-0.206,-0.068,0.595,0.412,855,0,-0.299,-0.699,589.000,190.000,620.000,249.000,29.670,0.440,-1.150,1.920,0.610,2.010,-2.891
1440,759,3856.000,16.424,-5.541,-0.268,-0.073,0.007,0.999,856,0,-2.421,2.225,1037.000,194.000,1095.000,329.000,16.320,-5.520,-1.160,1.780,0.600,1.770,-2.900
1441,926,3856.000,29.097,0.791,-0.291,0.034,0.005,0.751,856,0,-3.435,0.595,545.000,185.000,576.000,225.000,28.770,1.150,-1.020,1.970,0.630,1.870,-2.735
1442,759,3857.000,16.134,-5.668,-0.271,-0.085,0.751,NaN,857,0,3.150,-1.320,1067.000,201.000,1113.000,313.000,NaN,NaN,NaN,NaN,NaN,NaN,NaN
1443,926,3857.000,28.806,0.825,-0.291,0.035,NaN,NaN,857,0,-2.580,-1.290,NaN,NaN,NaN,NaN,NaN,NaN,NaN,NaN,NaN,NaN,NaN
1444,759,3858.000,15.907,-5.683,-0.261,-0.066,0.608,1.000,858,0,1.783,2.225,1063.000,199.000,1128.000,317.000,15.950,-5.590,-1.200,1.870,0.590,1.830,-2.861
1445,926,3858.000,28.515,0.860,-0.291,0.034,NaN,NaN,858,0,-3.096,-1.293,NaN,NaN,NaN,NaN,NaN,NaN,NaN,NaN,NaN,NaN,NaN
1446,759,3859.000,15.601,-5.711,-0.271,-0.058,0.856,0.995,859,0,4.450,2.225,1070.000,198.000,1135.000,324.000,15.550,-5.670,-1.220,1.890,0.540,1.720,-2.967
1447,926,3859.000,28.225,0.894,-0.290,0.034,NaN,NaN,859,0,-3.102,-1.294,NaN,NaN,NaN,NaN,NaN,NaN,NaN,NaN,NaN,NaN,NaN
1448,938,3859.000,11.170,9.160,0.000,0.000,NaN,1.000,859,0,0.000,2.026,-680.000,200.000,-333.000,429.000,11.170,9.160,-1.310,1.880,0.690,1.690,-0.590
1449,759,3860.000,15.329,-5.762,-0.272,-0.056,0.673,NaN,860,0,2.142,-1.325,1083.000,195.000,1151.000,337.000,NaN,NaN,NaN,NaN,NaN,NaN,NaN
1450,926,3860.000,27.936,0.927,-0.289,0.033,NaN,NaN,860,0,-2.611,-1.292,NaN,NaN,NaN,NaN,NaN,NaN,NaN,NaN,NaN,NaN,NaN
1451,938,3860.000,11.173,9.161,-0.001,-0.007,NaN,NaN,860,0,-2.654,-1.327,NaN,NaN,NaN,NaN,NaN,NaN,NaN,NaN,NaN,NaN,NaN
1452,759,3861.000,15.128,-5.775,-0.255,-0.045,0.804,0.995,861,0,4.244,2.197,1100.000,198.000,1167.000,342.000,15.190,-5.750,-1.220,1.830,0.570,1.760,-3.037
1453,926,3861.000,27.754,0.996,-0.269,0.036,0.814,0.029,861,0,1.979,-1.593,564.000,187.000,598.000,249.000,27.800,0.980,-1.070,0.810,0.500,1.790,-2.409
1454,938,3861.000,11.276,9.102,0.042,-0.031,NaN,0.999,861,0,0.000,2.026,-650.000,170.000,-317.000,428.000,11.300,9.070,-1.210,1.840,0.590,1.940,-0.542
1455,759,3862.000,14.862,-5.818,-0.259,-0.046,0.794,0.859,862,0,4.100,2.197,1107.000,198.000,1177.000,343.000,14.860,-5.820,-1.150,1.890,0.510,1.700,-2.897
1456,926,3862.000,27.453,0.867,-0.274,0.008,0.008,0.983,862,0,-3.128,6.369,576.000,192.000,599.000,227.000,27.410,0.730,-1.080,1.800,0.540,1.890,-2.851
1457,938,3862.000,11.395,8.981,0.066,-0.074,NaN,0.999,862,0,0.000,2.026,-619.000,174.000,-288.000,419.000,11.440,8.940,-1.200,1.890,0.590,1.860,-0.612
1458,944,3862.000,27.910,-0.380,0.000,0.000,0.703,0.030,862,0,0.863,-1.580,618.000,192.000,652.000,260.000,27.910,-0.380,-1.110,0.800,0.490,1.790,-2.817
1459,759,3863.000,14.598,-5.875,-0.259,-0.048,0.788,NaN,863,0,3.734,-1.322,1120.000,198.000,1195.000,344.000,NaN,NaN,NaN,NaN,NaN,NaN,NaN
1460,926,3863.000,27.179,0.873,-0.274,0.006,NaN,NaN,863,0,-3.096,-1.293,NaN,NaN,NaN,NaN,NaN,NaN,NaN,NaN,NaN,NaN,NaN
1461,938,3863.000,11.461,8.907,0.066,-0.075,NaN,NaN,863,0,-2.654,-1.327,NaN,NaN,NaN,NaN,NaN,NaN,NaN,NaN,NaN,NaN,NaN
1462,944,3863.000,27.909,-0.401,0.006,0.003,0.591,NaN,863,0,0.941,-1.278,623.000,192.000,659.000,263.000,NaN,NaN,NaN,NaN,NaN,NaN,NaN
1463,759,3864.000,14.352,-5.926,-0.258,-0.049,0.825,0.997,864,0,4.343,2.172,1139.000,198.000,1213.000,353.000,14.360,-5.940,-1.180,1.780,0.520,1.750,-3.018
1464,926,3864.000,26.927,0.700,-0.265,-0.035,0.006,NaN,864,0,-3.133,-1.290,577.000,198.000,605.000,238.000,NaN,NaN,NaN,NaN,NaN,NaN,NaN
1465,938,3864.000,11.511,8.912,0.059,-0.046,NaN,0.060,864,0,0.000,-0.836,-526.000,169.000,-350.000,417.000,11.510,8.940,-1.210,0.870,0.540,1.980,-0.644
1466,944,3864.000,27.905,-0.509,0.000,-0.048,0.131,NaN,864,0,-1.793,-1.279,632.000,192.000,666.000,235.000,NaN,NaN,NaN,NaN,NaN,NaN,NaN
1467,949,3864.000,11.690,8.800,0.000,0.000,NaN,0.999,864,0,0.000,2.087,-566.000,171.000,-258.000,419.000,11.690,8.800,-1.210,1.800,0.620,1.940,-0.624
1468,759,3865.000,14.059,-5.979,-0.267,-0.050,0.814,0.999,865,0,4.261,2.172,1148.000,198.000,1224.000,346.000,14.020,-5.990,-1.260,2.000,0.560,1.740,-2.940
1469,926,3865.000,26.684,0.599,-0.256,-0.054,0.721,1.000,865,0,1.397,6.369,580.000,192.000,613.000,251.000,26.700,0.480,-1.130,1.760,0.640,1.830,-2.705
1470,938,3865.000,11.570,8.866,0.059,-0.046,NaN,NaN,865,0,-0.482,6.369,NaN,NaN,NaN,NaN,NaN,NaN,NaN,NaN,NaN,NaN,NaN
1471,944,3865.000,27.928,-0.592,0.007,-0.061,0.029,NaN,865,0,-2.736,-1.289,636.000,193.000,665.000,237.000,NaN,NaN,NaN,NaN,NaN,NaN,NaN
1472,949,3865.000,11.849,8.737,0.072,-0.018,NaN,0.975,865,0,0.000,2.087,-527.000,166.000,-242.000,412.000,11.910,8.720,-1.180,1.740,0.540,1.960,-0.496
1473,759,3866.000,13.785,-6.042,-0.270,-0.054,0.739,NaN,866,0,2.960,-1.326,1166.000,200.000,1242.000,352.000,NaN,NaN,NaN,NaN,NaN,NaN,NaN
1474,926,3866.000,26.429,0.545,-0.254,-0.054,NaN,NaN,866,0,-2.574,-1.294,NaN,NaN,NaN,NaN,NaN,NaN,NaN,NaN,NaN,NaN,NaN
1475,938,3866.000,11.627,8.821,0.058,-0.045,NaN,NaN,866,0,-2.654,-1.327,NaN,NaN,NaN,NaN,NaN,NaN,NaN,NaN,NaN,NaN,NaN
1476,944,3866.000,27.971,-0.733,0.014,-0.088,0.570,NaN,866,0,0.787,-1.302,641.000,193.000,680.000,266.000,NaN,NaN,NaN,NaN,NaN,NaN,NaN
1477,949,3866.000,11.921,8.720,0.072,-0.018,NaN,NaN,866,0,-2.654,-1.327,NaN,NaN,NaN,NaN,NaN,NaN,NaN,NaN,NaN,NaN,NaN
1478,759,3867.000,13.515,-6.108,-0.271,-0.057,0.827,0.991,867,0,4.343,2.172,1187.000,200.000,1262.000,353.000,13.520,-6.110,-1.220,1.940,0.530,1.760,-3.023
1479,926,3867.000,26.289,0.383,-0.227,-0.081,0.645,0.358,867,0,0.873,-0.396,592.000,192.000,626.000,253.000,26.380,0.300,-1.160,0.970,0.540,1.910,-2.732
1480,938,3867.000,12.069,8.570,0.136,-0.092,NaN,0.992,867,0,0.000,2.087,-484.000,182.000,-196.000,406.000,12.150,8.510,-1.230,1.860,0.520,1.820,-0.572
1481,944,3867.000,28.029,-0.888,0.020,-0.106,0.756,NaN,867,0,3.077,-1.315,649.000,192.000,687.000,267.000,NaN,NaN,NaN,NaN,NaN,NaN,NaN
1482,949,3867.000,11.951,8.650,0.054,-0.027,NaN,0.066,867,0,0.000,-0.771,-443.000,172.000,-280.000,403.000,11.960,8.630,-1.190,0.860,0.520,1.920,-0.627
1483,759,3868.000,13.040,-6.189,-0.323,-0.070,0.798,0.976,868,0,4.049,2.136,1194.000,197.000,1274.000,351.000,12.760,-6.250,-1.220,1.830,0.570,1.720,-2.961
1484,926,3868.000,25.986,0.231,-0.244,-0.095,0.006,0.994,868,0,-3.065,4.938,596.000,192.000,631.000,234.000,25.880,0.140,-1.220,1.830,0.590,1.870,-2.699
1485,938,3868.000,12.253,8.398,0.139,-0.114,NaN,0.273,868,0,0.000,-0.200,-421.000,189.000,-173.000,400.000,12.360,8.310,-1.260,1.640,0.460,1.770,-0.630
1486,944,3868.000,28.049,-0.996,0.020,-0.108,NaN,NaN,868,0,-2.171,-1.321,NaN,NaN,NaN,NaN,NaN,NaN,NaN,NaN,NaN,NaN,NaN
1487,949,3868.000,12.004,8.622,0.053,-0.028,NaN,NaN,868,0,-2.542,-1.201,NaN,NaN,NaN,NaN,NaN,NaN,NaN,NaN,NaN,NaN,NaN
1488,759,3869.000,12.715,-6.258,-0.325,-0.070,NaN,NaN,869,0,-0.350,-1.325,NaN,NaN,NaN,NaN,NaN,NaN,NaN,NaN,NaN,NaN,NaN
1489,926,3869.000,25.741,0.135,-0.245,-0.096,NaN,NaN,869,0,-2.041,-1.316,NaN,NaN,NaN,NaN,NaN,NaN,NaN,NaN,NaN,NaN,NaN
1490,938,3869.000,12.391,8.285,0.137,-0.113,NaN,NaN,869,0,-2.654,-1.327,NaN,NaN,NaN,NaN,NaN,NaN,NaN,NaN,NaN,NaN,NaN
1491,944,3869.000,28.185,-1.180,0.037,-0.127,0.097,NaN,869,0,-2.030,-1.322,661.000,192.000,700.000,243.000,NaN,NaN,NaN,NaN,NaN,NaN,NaN
1492,949,3869.000,12.057,8.594,0.053,-0.028,NaN,NaN,869,0,-2.654,-1.327,NaN,NaN,NaN,NaN,NaN,NaN,NaN,NaN,NaN,NaN,NaN
1493,759,3870.000,12.349,-6.335,-0.336,-0.077,0.201,0.998,870,0,-0.685,2.087,1232.000,201.000,1279.000,425.000,12.340,-6.350,-1.250,1.830,0.450,1.720,-2.981
1494,926,3870.000,25.487,0.031,-0.249,-0.096,0.694,0.013,870,0,1.488,-1.494,609.000,189.000,646.000,281.000,25.480,-0.000,-1.260,1.600,0.460,1.760,-2.737
1495,938,3870.000,12.527,8.145,0.142,-0.116,NaN,1.000,870,0,0.000,2.136,-400.000,186.000,-130.000,398.000,12.570,8.140,-1.240,1.850,0.610,1.790,-0.542
1496,944,3870.000,28.272,-1.377,0.042,-0.143,0.601,NaN,870,0,1.208,-1.322,670.000,192.000,711.000,278.000,NaN,NaN,NaN,NaN,NaN,NaN,NaN
1497,949,3870.000,12.110,8.566,0.053,-0.028,NaN,NaN,870,0,-4.500,-1.491,NaN,NaN,NaN,NaN,NaN,NaN,NaN,NaN,NaN,NaN,NaN
1498,759,3871.000,11.945,-6.419,-0.360,-0.079,0.016,0.999,871,0,-2.254,2.087,1237.000,220.000,1279.000,388.000,11.870,-6.400,-1.240,1.930,0.490,1.790,-2.919
1499,926,3871.000,25.202,-0.166,-0.257,-0.116,0.672,0.043,871,0,1.273,-1.382,613.000,190.000,650.000,271.000,25.180,-0.290,-1.220,0.810,0.550,1.830,0.422
1500,938,3871.000,12.742,8.027,0.162,-0.121,NaN,0.994,871,0,0.000,2.136,-316.000,192.000,-144.000,393.000,12.820,8.030,-1.280,1.070,0.640,1.780,-0.632
1501,944,3871.000,28.314,-1.520,0.043,-0.143,NaN,NaN,871,0,0.655,-1.324,NaN,NaN,NaN,NaN,NaN,NaN,NaN,NaN,NaN,NaN,NaN
1502,949,3871.000,12.164,8.538,0.054,-0.028,NaN,NaN,871,0,-2.967,3.500,NaN,NaN,NaN,NaN,NaN,NaN,NaN,NaN,NaN,NaN,NaN
1503,759,3872.000,11.585,-6.498,-0.360,-0.080,NaN,NaN,872,0,-2.044,-1.327,NaN,NaN,NaN,NaN,NaN,NaN,NaN,NaN,NaN,NaN,NaN
1504,926,3872.000,24.942,-0.322,-0.260,-0.125,0.722,NaN,872,0,2.608,-1.310,621.000,189.000,661.000,278.000,NaN,NaN,NaN,NaN,NaN,NaN,NaN
1505,938,3872.000,12.905,7.906,0.163,-0.121,NaN,NaN,872,0,-2.037,-1.327,NaN,NaN,NaN,NaN,NaN,NaN,NaN,NaN,NaN,NaN,NaN
1506,944,3872.000,28.411,-1.724,0.049,-0.155,0.685,NaN,872,0,2.039,-1.325,684.000,191.000,725.000,284.000,NaN,NaN,NaN,NaN,NaN,NaN,NaN
1507,949,3872.000,12.218,8.510,0.054,-0.028,NaN,NaN,872,0,-3.318,-1.327,NaN,NaN,NaN,NaN,NaN,NaN,NaN,NaN,NaN,NaN,NaN
1508,759,3873.000,11.225,-6.578,-0.360,-0.079,NaN,NaN,873,0,-3.180,-1.327,NaN,NaN,NaN,NaN,NaN,NaN,NaN,NaN,NaN,NaN,NaN
1509,926,3873.000,24.747,-0.485,-0.248,-0.138,0.768,0.865,873,0,2.423,1.981,630.000,191.000,669.000,281.000,24.810,-0.530,-1.130,1.820,0.610,1.900,-2.522
1510,938,3873.000,13.040,7.829,0.157,-0.109,NaN,1.000,873,0,0.000,2.136,-328.000,186.000,-80.000,396.000,13.020,7.860,-1.260,1.800,0.570,1.850,-0.581
1511,944,3873.000,28.547,-1.951,0.057,-0.170,0.009,NaN,873,0,-2.919,-1.325,695.000,192.000,735.000,243.000,NaN,NaN,NaN,NaN,NaN,NaN,NaN
1512,949,3873.000,12.272,8.483,0.054,-0.027,NaN,NaN,873,0,0.000,2.087,NaN,NaN,NaN,NaN,NaN,NaN,NaN,NaN,NaN,NaN,NaN
1513,759,3874.000,10.866,-6.658,-0.359,-0.080,NaN,NaN,874,0,-3.407,-1.327,NaN,NaN,NaN,NaN,NaN,NaN,NaN,NaN,NaN,NaN,NaN
1514,926,3874.000,24.425,-0.634,-0.261,-0.139,0.817,0.135,874,0,3.391,-0.809,635.000,190.000,673.000,284.000,24.380,-0.630,-1.220,1.990,0.620,2.010,-2.633
1515,938,3874.000,13.199,7.719,0.155,-0.109,NaN,0.998,874,0,0.000,2.136,-305.000,186.000,-49.000,393.000,13.210,7.720,-1.260,1.920,0.600,1.840,-0.587
1516,944,3874.000,28.606,-2.121,0.059,-0.170,NaN,NaN,874,0,-3.443,-1.322,NaN,NaN,NaN,NaN,NaN,NaN,NaN,NaN,NaN,NaN,NaN
1517,949,3874.000,12.326,8.456,0.054,-0.027,NaN,NaN,874,0,0.000,2.026,NaN,NaN,NaN,NaN,NaN,NaN,NaN,NaN,NaN,NaN,NaN
1518,964,3874.000,11.120,-6.610,0.000,0.000,NaN,1.000,874,0,0.000,2.026,1296.000,191.000,1557.000,435.000,11.120,-6.610,-1.220,1.930,0.560,1.830,-2.941
1519,759,3875.000,10.506,-6.737,-0.360,-0.079,NaN,NaN,875,0,-0.392,-1.327,NaN,NaN,NaN,NaN,NaN,NaN,NaN,NaN,NaN,NaN,NaN
1520,926,3875.000,24.165,-0.772,-0.260,-0.138,NaN,NaN,875,0,-3.178,-1.327,NaN,NaN,NaN,NaN,NaN,NaN,NaN,NaN,NaN,NaN,NaN
1521,938,3875.000,13.354,7.610,0.155,-0.109,NaN,NaN,875,0,-2.654,-1.327,NaN,NaN,NaN,NaN,NaN,NaN,NaN,NaN,NaN,NaN,NaN
1522,944,3875.000,28.678,-2.323,0.062,-0.177,0.816,NaN,875,0,4.311,-1.323,709.000,193.000,751.000,284.000,NaN,NaN,NaN,NaN,NaN,NaN,NaN
1523,949,3875.000,12.378,8.428,0.052,-0.028,NaN,NaN,875,0,-2.654,-1.327,NaN,NaN,NaN,NaN,NaN,NaN,NaN,NaN,NaN,NaN,NaN
1524,964,3875.000,11.121,-6.622,0.003,-0.007,NaN,NaN,875,0,-2.654,-1.327,NaN,NaN,NaN,NaN,NaN,NaN,NaN,NaN,NaN,NaN,NaN
1525,759,3876.000,10.146,-6.816,-0.360,-0.079,NaN,NaN,876,0,-0.322,-1.327,NaN,NaN,NaN,NaN,NaN,NaN,NaN,NaN,NaN,NaN,NaN
1526,926,3876.000,23.905,-0.910,-0.261,-0.138,NaN,NaN,876,0,-3.223,-1.327,NaN,NaN,NaN,NaN,NaN,NaN,NaN,NaN,NaN,NaN,NaN
1527,938,3876.000,13.474,7.549,0.145,-0.099,NaN,0.969,876,0,0.000,2.136,-267.000,185.000,-26.000,388.000,13.450,7.570,-1.250,1.830,0.620,1.850,-0.641
1528,944,3876.000,28.759,-2.523,0.064,-0.182,0.773,NaN,876,0,3.422,-1.323,717.000,194.000,761.000,282.000,NaN,NaN,NaN,NaN,NaN,NaN,NaN
1529,949,3876.000,12.430,8.400,0.051,-0.028,NaN,NaN,876,0,3.391,2.843,NaN,NaN,NaN,NaN,NaN,NaN,NaN,NaN,NaN,NaN,NaN
1530,964,3876.000,10.805,-6.675,-0.133,-0.020,NaN,0.998,876,0,0.000,2.026,1321.000,201.000,1607.000,449.000,10.730,-6.670,-1.270,2.040,0.560,1.770,-2.952
1531,759,3877.000,9.786,-6.895,-0.360,-0.079,NaN,NaN,877,0,-3.456,-1.327,NaN,NaN,NaN,NaN,NaN,NaN,NaN,NaN,NaN,NaN,NaN
1532,926,3877.000,23.638,-1.039,-0.262,-0.137,0.794,NaN,877,0,3.821,-1.326,659.000,190.000,700.000,286.000,NaN,NaN,NaN,NaN,NaN,NaN,NaN
1533,938,3877.000,13.645,7.430,0.153,-0.104,NaN,0.781,877,0,0.000,1.912,-238.000,190.000,-1.000,389.000,13.670,7.420,-1.290,1.900,0.570,1.850,-0.594
1534,944,3877.000,28.823,-2.705,0.064,-0.182,NaN,NaN,877,0,-0.348,-1.317,NaN,NaN,NaN,NaN,NaN,NaN,NaN,NaN,NaN,NaN,NaN
1535,949,3877.000,12.480,8.371,0.051,-0.029,NaN,NaN,877,0,0.000,-1.246,NaN,NaN,NaN,NaN,NaN,NaN,NaN,NaN,NaN,NaN,NaN
1536,964,3877.000,10.461,-6.754,-0.228,-0.038,NaN,1.000,877,0,0.000,1.960,1372.000,201.000,1659.000,456.000,10.280,-6.790,-1.260,1.870,0.500,1.750,-2.933
1537,759,3878.000,9.425,-6.976,-0.361,-0.080,NaN,NaN,878,0,-0.289,-1.327,NaN,NaN,NaN,NaN,NaN,NaN,NaN,NaN,NaN,NaN,NaN
1538,926,3878.000,23.372,-1.191,-0.264,-0.140,0.836,NaN,878,0,4.474,-1.326,670.000,191.000,710.000,291.000,NaN,NaN,NaN,NaN,NaN,NaN,NaN
1539,938,3878.000,13.798,7.325,0.153,-0.105,NaN,NaN,878,0,-2.654,-1.327,NaN,NaN,NaN,NaN,NaN,NaN,NaN,NaN,NaN,NaN,NaN
1540,944,3878.000,28.952,-2.929,0.069,-0.189,0.553,NaN,878,0,0.639,-1.288,735.000,194.000,779.000,273.000,NaN,NaN,NaN,NaN,NaN,NaN,NaN
1541,949,3878.000,12.531,8.341,0.050,-0.029,NaN,NaN,878,0,-2.654,-1.327,NaN,NaN,NaN,NaN,NaN,NaN,NaN,NaN,NaN,NaN,NaN
1542,964,3878.000,10.232,-6.792,-0.229,-0.038,NaN,NaN,878,0,-2.654,-1.327,NaN,NaN,NaN,NaN,NaN,NaN,NaN,NaN,NaN,NaN,NaN
1543,759,3879.000,9.064,-7.057,-0.360,-0.081,NaN,NaN,879,0,-2.640,-1.327,NaN,NaN,NaN,NaN,NaN,NaN,NaN,NaN,NaN,NaN,NaN
1544,926,3879.000,23.197,-1.375,-0.249,-0.152,0.844,0.043,879,0,3.916,-1.289,682.000,191.000,725.000,283.000,23.240,-1.430,-1.300,1.840,0.580,1.770,-2.530
1545,938,3879.000,13.920,7.253,0.146,-0.097,NaN,0.826,879,0,0.000,2.172,-207.000,182.000,25.000,385.000,13.900,7.260,-1.250,1.880,0.600,1.920,-0.671
1546,944,3879.000,28.964,-3.168,0.065,-0.197,0.758,NaN,879,0,3.236,-1.181,749.000,193.000,791.000,274.000,NaN,NaN,NaN,NaN,NaN,NaN,NaN
1547,949,3879.000,12.582,8.311,0.051,-0.030,NaN,NaN,879,0,-1.608,-2.106,NaN,NaN,NaN,NaN,NaN,NaN,NaN,NaN,NaN,NaN,NaN
1548,964,3879.000,9.952,-6.851,-0.252,-0.048,NaN,1.000,879,0,0.000,1.960,1408.000,200.000,1725.000,480.000,9.880,-6.890,-1.300,1.870,0.580,1.850,-2.948
1549,759,3880.000,8.704,-7.138,-0.360,-0.082,NaN,NaN,880,0,-3.223,-1.327,NaN,NaN,NaN,NaN,NaN,NaN,NaN,NaN,NaN,NaN,NaN
1550,926,3880.000,22.946,-1.520,-0.251,-0.150,0.007,NaN,880,0,-2.922,-1.326,688.000,196.000,729.000,242.000,NaN,NaN,NaN,NaN,NaN,NaN,NaN
1551,938,3880.000,14.067,7.158,0.148,-0.096,NaN,0.206,880,0,0.000,-0.310,-177.000,179.000,36.000,373.000,14.070,7.140,-1.190,1.770,0.590,1.860,-0.609
1552,944,3880.000,29.034,-3.369,0.065,-0.197,0.715,NaN,880,0,2.280,-1.263,752.000,193.000,799.000,270.000,NaN,NaN,NaN,NaN,NaN,NaN,NaN
1553,949,3880.000,12.632,8.279,0.050,-0.032,NaN,NaN,880,0,2.855,2.467,NaN,NaN,NaN,NaN,NaN,NaN,NaN,NaN,NaN,NaN,NaN
1554,964,3880.000,9.592,-6.914,-0.293,-0.065,NaN,1.000,880,0,0.000,1.890,1448.000,192.000,1802.000,489.000,9.460,-6.990,-1.250,1.920,0.600,1.870,-2.934
1555,759,3881.000,8.343,-7.219,-0.361,-0.081,NaN,NaN,881,0,-0.304,-1.327,NaN,NaN,NaN,NaN,NaN,NaN,NaN,NaN,NaN,NaN,NaN
1556,926,3881.000,22.693,-1.677,-0.251,-0.151,0.429,NaN,881,0,-0.047,-1.327,700.000,197.000,739.000,285.000,NaN,NaN,NaN,NaN,NaN,NaN,NaN
1557,938,3881.000,14.216,7.063,0.150,-0.095,NaN,NaN,881,0,-2.816,-1.327,NaN,NaN,NaN,NaN,NaN,NaN,NaN,NaN,NaN,NaN,NaN
1558,944,3881.000,29.063,-3.593,0.062,-0.203,0.768,NaN,881,0,3.261,-1.299,765.000,194.000,810.000,263.000,NaN,NaN,NaN,NaN,NaN,NaN,NaN
1559,949,3881.000,12.681,8.248,0.049,-0.031,NaN,NaN,881,0,-2.654,-1.327,NaN,NaN,NaN,NaN,NaN,NaN,NaN,NaN,NaN,NaN,NaN
1560,964,3881.000,9.298,-6.979,-0.293,-0.065,NaN,NaN,881,0,-2.654,-1.327,NaN,NaN,NaN,NaN,NaN,NaN,NaN,NaN,NaN,NaN,NaN
1561,759,3882.000,7.982,-7.301,-0.361,-0.082,NaN,NaN,882,0,-2.816,-1.327,NaN,NaN,NaN,NaN,NaN,NaN,NaN,NaN,NaN,NaN,NaN
1562,926,3882.000,22.586,-1.853,-0.228,-0.157,0.799,0.998,882,0,3.458,2.467,710.000,194.000,755.000,296.000,22.620,-1.860,-1.230,1.870,0.550,1.850,-2.545
1563,938,3882.000,14.408,6.924,0.159,-0.108,NaN,0.011,882,0,-2.385,-1.182,-135.000,175.000,75.000,363.000,14.430,6.890,-1.140,1.810,0.650,1.840,-0.611
1564,944,3882.000,29.091,-3.826,0.061,-0.210,0.811,NaN,882,0,4.175,-1.305,774.000,194.000,824.000,275.000,NaN,NaN,NaN,NaN,NaN,NaN,NaN
1565,949,3882.000,14.499,6.849,0.187,-0.123,NaN,0.043,882,0,-2.385,-1.038,-74.000,180.000,37.000,364.000,14.490,6.850,-1.190,0.830,0.600,1.870,-0.857
1566,964,3882.000,9.028,-7.088,-0.284,-0.078,NaN,0.999,882,0,0.000,1.890,1505.000,193.000,1873.000,498.000,9.050,-7.110,-1.240,1.870,0.500,1.840,-2.905
1567,759,3883.000,7.620,-7.382,-0.362,-0.081,NaN,NaN,883,0,-3.100,-1.327,NaN,NaN,NaN,NaN,NaN,NaN,NaN,NaN,NaN,NaN,NaN
1568,926,3883.000,22.307,-2.084,-0.239,-0.179,0.702,0.978,883,0,2.389,2.238,719.000,195.000,763.000,282.000,22.250,-2.190,-1.210,1.800,0.500,1.800,-2.454
1569,938,3883.000,14.568,6.818,0.160,-0.106,NaN,NaN,883,0,-3.223,-1.327,NaN,NaN,NaN,NaN,NaN,NaN,NaN,NaN,NaN,NaN,NaN
1570,944,3883.000,29.171,-4.043,0.062,-0.211,0.810,NaN,883,0,4.175,-1.312,782.000,194.000,829.000,276.000,NaN,NaN,NaN,NaN,NaN,NaN,NaN
1571,949,3883.000,14.646,6.755,0.204,-0.139,0.100,NaN,883,0,-1.878,-1.035,0.000,218.000,8.000,237.000,NaN,NaN,NaN,NaN,NaN,NaN,NaN
1572,964,3883.000,8.722,-7.166,-0.290,-0.079,NaN,0.997,883,0,0.000,1.890,1541.000,188.000,1946.000,511.000,8.710,-7.170,-1.220,1.950,0.500,1.850,-2.926
1573,759,3884.000,7.257,-7.464,-0.363,-0.082,NaN,NaN,884,0,-1.064,-1.327,NaN,NaN,NaN,NaN,NaN,NaN,NaN,NaN,NaN,NaN,NaN
1574,926,3884.000,22.071,-2.267,-0.241,-0.183,0.777,NaN,884,0,3.620,-1.324,732.000,190.000,782.000,285.000,NaN,NaN,NaN,NaN,NaN,NaN,NaN
1575,938,3884.000,14.747,6.611,0.164,-0.134,0.254,NaN,884,0,-0.464,-0.706,0.000,216.000,57.000,305.000,NaN,NaN,NaN,NaN,NaN,NaN,NaN
1576,944,3884.000,29.020,-4.236,0.049,-0.210,0.820,NaN,884,0,4.217,-1.315,794.000,194.000,841.000,269.000,NaN,NaN,NaN,NaN,NaN,NaN,NaN
1577,949,3884.000,14.860,6.613,0.209,-0.144,0.047,NaN,884,0,-0.897,-0.866,0.000,217.000,59.000,393.000,NaN,NaN,NaN,NaN,NaN,NaN,NaN
1578,964,3884.000,8.431,-7.243,-0.291,-0.077,NaN,NaN,884,0,-2.654,-1.327,NaN,NaN,NaN,NaN,NaN,NaN,NaN,NaN,NaN,NaN,NaN
1579,759,3885.000,6.894,-7.545,-0.363,-0.081,NaN,NaN,885,0,-0.264,-1.327,NaN,NaN,NaN,NaN,NaN,NaN,NaN,NaN,NaN,NaN,NaN
1580,926,3885.000,21.883,-2.430,-0.227,-0.176,0.036,0.973,885,0,-2.483,2.238,739.000,191.000,790.000,309.000,21.940,-2.400,-1.090,1.800,0.570,1.880,-2.456
1581,938,3885.000,14.908,6.479,0.163,-0.133,0.025,NaN,885,0,-0.941,-0.784,2.000,216.000,79.000,391.000,NaN,NaN,NaN,NaN,NaN,NaN,NaN
1582,944,3885.000,29.070,-4.446,0.049,-0.210,NaN,NaN,885,0,-2.660,-1.317,NaN,NaN,NaN,NaN,NaN,NaN,NaN,NaN,NaN,NaN,NaN
1583,949,3885.000,15.055,6.473,0.204,-0.141,0.026,NaN,885,0,-1.373,-0.798,11.000,216.000,78.000,298.000,NaN,NaN,NaN,NaN,NaN,NaN,NaN
1584,964,3885.000,8.303,-7.157,-0.248,-0.029,NaN,0.029,885,0,0.000,-1.099,1665.000,219.000,1832.000,502.000,8.410,-7.080,-1.320,0.620,0.710,1.660,0.892
1585,759,3886.000,6.531,-7.626,-0.363,-0.080,NaN,NaN,886,0,-0.118,-1.327,NaN,NaN,NaN,NaN,NaN,NaN,NaN,NaN,NaN,NaN,NaN
1586,926,3886.000,21.659,-2.606,-0.225,-0.176,NaN,NaN,886,0,-2.617,-1.309,NaN,NaN,NaN,NaN,NaN,NaN,NaN,NaN,NaN,NaN,NaN
1587,938,3886.000,15.071,6.369,0.163,-0.129,0.143,NaN,886,0,-0.478,-0.723,16.000,215.000,89.000,389.000,NaN,NaN,NaN,NaN,NaN,NaN,NaN
1588,944,3886.000,29.108,-4.672,0.049,-0.213,0.789,NaN,886,0,3.821,-1.321,814.000,194.000,857.000,287.000,NaN,NaN,NaN,NaN,NaN,NaN,NaN
1589,949,3886.000,15.184,6.359,0.186,-0.127,0.155,NaN,886,0,-0.875,-0.772,17.000,216.000,89.000,289.000,NaN,NaN,NaN,NaN,NaN,NaN,NaN
1590,964,3886.000,8.055,-7.187,-0.248,-0.029,NaN,NaN,886,0,-2.654,-1.327,NaN,NaN,NaN,NaN,NaN,NaN,NaN,NaN,NaN,NaN,NaN
1591,759,3887.000,6.166,-7.706,-0.365,-0.081,NaN,NaN,887,0,-0.914,-1.327,NaN,NaN,NaN,NaN,NaN,NaN,NaN,NaN,NaN,NaN,NaN
1592,926,3887.000,21.489,-2.761,-0.211,-0.170,0.539,0.110,887,0,1.070,-0.803,768.000,191.000,811.000,258.000,21.510,-2.740,-1.020,1.690,0.570,1.740,-2.397
1593,938,3887.000,15.234,6.242,0.163,-0.127,NaN,NaN,887,0,-2.136,-1.005,NaN,NaN,NaN,NaN,NaN,NaN,NaN,NaN,NaN,NaN,NaN
1594,944,3887.000,28.715,-5.048,0.022,-0.254,0.008,NaN,887,0,-2.361,-1.322,847.000,193.000,873.000,286.000,NaN,NaN,NaN,NaN,NaN,NaN,NaN
1595,949,3887.000,15.371,6.233,0.187,-0.126,NaN,NaN,887,0,-1.192,-1.018,NaN,NaN,NaN,NaN,NaN,NaN,NaN,NaN,NaN,NaN,NaN
1596,964,3887.000,8.072,-7.311,-0.169,-0.035,NaN,0.579,887,0,0.000,0.401,1653.000,234.000,1905.000,532.000,8.310,-7.200,-1.460,0.830,0.590,1.760,-1.712
1597,980,3887.000,22.170,-3.690,0.000,0.000,0.009,0.366,887,0,-2.704,-0.083,825.000,194.000,873.000,253.000,22.170,-3.690,-1.170,0.750,0.620,1.770,0.234
1598,981,3887.000,12.430,-6.890,0.000,0.000,NaN,0.997,887,0,0.000,2.087,1257.000,188.000,1481.000,409.000,12.430,-6.890,-1.210,1.890,0.540,1.870,-2.897
1599,982,3887.000,17.530,3.070,0.000,0.000,NaN,0.455,887,0,-0.000,0.319,312.000,68.000,454.000,206.000,17.530,3.070,0.320,1.710,0.560,1.660,1.846
1600,759,3888.000,5.800,-7.788,-0.366,-0.081,NaN,NaN,888,0,-3.180,-1.327,NaN,NaN,NaN,NaN,NaN,NaN,NaN,NaN,NaN,NaN,NaN
1601,926,3888.000,21.266,-2.945,-0.213,-0.174,0.709,0.027,888,0,2.756,-1.260,782.000,197.000,831.000,281.000,21.260,-2.950,-1.140,1.830,0.550,1.780,-2.450
1602,938,3888.000,15.395,6.130,0.161,-0.122,0.162,NaN,888,0,-0.584,-0.960,57.000,215.000,119.000,392.000,NaN,NaN,NaN,NaN,NaN,NaN,NaN
1603,944,3888.000,28.356,-5.338,0.002,-0.269,0.018,NaN,888,0,-2.608,-1.199,861.000,194.000,891.000,240.000,NaN,NaN,NaN,NaN,NaN,NaN,NaN
1604,949,3888.000,15.456,6.200,0.169,-0.102,0.005,NaN,888,0,-1.695,-1.055,59.000,214.000,101.000,315.000,NaN,NaN,NaN,NaN,NaN,NaN,NaN
1605,964,3888.000,7.904,-7.346,-0.168,-0.035,NaN,NaN,888,0,0.000,2.087,NaN,NaN,NaN,NaN,NaN,NaN,NaN,NaN,NaN,NaN,NaN
1606,980,3888.000,22.250,-3.321,0.013,0.144,0.010,NaN,888,0,-2.876,-1.305,782.000,197.000,823.000,256.000,NaN,NaN,NaN,NaN,NaN,NaN,NaN
1607,981,3888.000,12.426,-6.887,-0.000,0.004,NaN,NaN,888,0,-3.223,-1.327,NaN,NaN,NaN,NaN,NaN,NaN,NaN,NaN,NaN,NaN,NaN
1608,982,3888.000,17.520,3.078,-0.001,0.007,NaN,NaN,888,0,-0.000,-0.000,NaN,NaN,NaN,NaN,NaN,NaN,NaN,NaN,NaN,NaN,NaN
1609,984,3888.000,11.910,-7.020,0.000,0.000,NaN,1.000,888,0,0.000,2.087,1292.000,204.000,1540.000,427.000,11.910,-7.020,-1.310,1.930,0.570,1.800,-2.895
1610,759,3889.000,5.434,-7.869,-0.366,-0.081,NaN,NaN,889,0,-1.001,-1.327,NaN,NaN,NaN,NaN,NaN,NaN,NaN,NaN,NaN,NaN,NaN
1611,926,3889.000,21.077,-2.722,-0.214,-0.062,0.036,NaN,889,0,-3.132,-1.308,787.000,198.000,795.000,212.000,NaN,NaN,NaN,NaN,NaN,NaN,NaN
1612,938,3889.000,15.560,6.048,0.159,-0.112,0.230,NaN,889,0,-0.800,-1.093,61.000,216.000,136.000,311.000,NaN,NaN,NaN,NaN,NaN,NaN,NaN
1613,944,3889.000,28.514,-5.583,0.009,-0.260,0.563,NaN,889,0,0.715,-1.295,846.000,193.000,899.000,264.000,NaN,NaN,NaN,NaN,NaN,NaN,NaN
1614,949,3889.000,15.625,6.100,0.168,-0.102,0.243,NaN,889,0,-0.416,-1.111,60.000,216.000,136.000,392.000,NaN,NaN,NaN,NaN,NaN,NaN,NaN
1615,964,3889.000,7.736,-7.383,-0.168,-0.036,NaN,NaN,889,0,-2.654,-1.327,NaN,NaN,NaN,NaN,NaN,NaN,NaN,NaN,NaN,NaN,NaN
1616,980,3889.000,22.263,-3.177,0.012,0.145,NaN,NaN,889,0,-2.629,-1.315,NaN,NaN,NaN,NaN,NaN,NaN,NaN,NaN,NaN,NaN,NaN
1617,981,3889.000,12.427,-6.883,0.000,0.004,NaN,NaN,889,0,-2.654,-1.327,NaN,NaN,NaN,NaN,NaN,NaN,NaN,NaN,NaN,NaN,NaN
1618,982,3889.000,17.518,3.086,-0.001,0.008,NaN,NaN,889,0,-0.000,-0.000,NaN,NaN,NaN,NaN,NaN,NaN,NaN,NaN,NaN,NaN,NaN
1619,984,3889.000,11.907,-7.010,-0.003,0.009,NaN,NaN,889,0,-2.654,-1.327,NaN,NaN,NaN,NaN,NaN,NaN,NaN,NaN,NaN,NaN,NaN
1620,759,3890.000,5.068,-7.950,-0.366,-0.081,NaN,NaN,890,0,-3.180,-1.327,NaN,NaN,NaN,NaN,NaN,NaN,NaN,NaN,NaN,NaN,NaN
1621,926,3890.000,20.879,-2.802,-0.208,-0.074,0.007,0.314,890,0,-2.636,-0.162,810.000,184.000,858.000,285.000,20.910,-3.170,-1.100,1.720,0.570,1.780,-2.509
1622,938,3890.000,15.719,5.934,0.159,-0.114,NaN,NaN,890,0,-0.690,-0.878,NaN,NaN,NaN,NaN,NaN,NaN,NaN,NaN,NaN,NaN,NaN
1623,944,3890.000,28.968,-5.846,0.034,-0.249,0.017,NaN,890,0,-2.314,-1.313,836.000,186.000,904.000,279.000,NaN,NaN,NaN,NaN,NaN,NaN,NaN
1624,949,3890.000,15.791,5.999,0.167,-0.101,NaN,NaN,890,0,-0.574,-0.903,NaN,NaN,NaN,NaN,NaN,NaN,NaN,NaN,NaN,NaN,NaN
1625,964,3890.000,7.567,-7.418,-0.168,-0.036,NaN,NaN,890,0,-2.224,-1.182,NaN,NaN,NaN,NaN,NaN,NaN,NaN,NaN,NaN,NaN,NaN
1626,980,3890.000,22.219,-3.316,-0.008,0.032,0.033,NaN,890,0,-1.681,-1.313,804.000,201.000,850.000,342.000,NaN,NaN,NaN,NaN,NaN,NaN,NaN
1627,981,3890.000,12.428,-6.878,0.001,0.005,NaN,NaN,890,0,-3.180,-1.327,NaN,NaN,NaN,NaN,NaN,NaN,NaN,NaN,NaN,NaN,NaN
1628,982,3890.000,17.517,3.094,-0.001,0.008,NaN,NaN,890,0,-0.000,-0.000,NaN,NaN,NaN,NaN,NaN,NaN,NaN,NaN,NaN,NaN,NaN
1629,984,3890.000,11.470,-7.128,-0.218,-0.041,NaN,1.000,890,0,0.000,2.026,1342.000,203.000,1581.000,437.000,11.430,-7.130,-1.310,1.720,0.520,1.820,-2.908
1630,759,3891.000,4.702,-8.030,-0.366,-0.080,NaN,NaN,891,0,-2.550,-1.327,NaN,NaN,NaN,NaN,NaN,NaN,NaN,NaN,NaN,NaN,NaN
1631,926,3891.000,20.673,-2.877,-0.206,-0.075,NaN,NaN,891,0,-3.167,-1.304,NaN,NaN,NaN,NaN,NaN,NaN,NaN,NaN,NaN,NaN,NaN
1632,938,3891.000,15.873,5.826,0.158,-0.114,0.009,NaN,891,0,-1.477,-0.827,96.000,216.000,165.000,299.000,NaN,NaN,NaN,NaN,NaN,NaN,NaN
1633,944,3891.000,29.456,-6.135,0.054,-0.244,0.639,NaN,891,0,1.407,-1.318,873.000,193.000,916.000,268.000,NaN,NaN,NaN,NaN,NaN,NaN,NaN
1634,949,3891.000,15.973,5.888,0.171,-0.103,0.006,NaN,891,0,-1.107,-0.878,94.000,216.000,166.000,393.000,NaN,NaN,NaN,NaN,NaN,NaN,NaN
1635,964,3891.000,7.399,-7.453,-0.168,-0.035,NaN,NaN,891,0,1.333,-0.057,NaN,NaN,NaN,NaN,NaN,NaN,NaN,NaN,NaN,NaN,NaN
1636,980,3891.000,22.211,-3.284,-0.009,0.031,NaN,NaN,891,0,-2.897,-1.315,NaN,NaN,NaN,NaN,NaN,NaN,NaN,NaN,NaN,NaN,NaN
1637,981,3891.000,12.429,-6.873,0.001,0.005,NaN,NaN,891,0,-3.223,-1.327,NaN,NaN,NaN,NaN,NaN,NaN,NaN,NaN,NaN,NaN,NaN
1638,982,3891.000,17.517,3.102,0.000,0.008,NaN,NaN,891,0,-0.000,-0.000,NaN,NaN,NaN,NaN,NaN,NaN,NaN,NaN,NaN,NaN,NaN
1639,984,3891.000,11.089,-7.201,-0.293,-0.036,NaN,0.999,891,0,0.000,2.026,1360.000,199.000,1641.000,434.000,11.040,-7.180,-1.240,1.920,0.530,1.750,-2.865
1640,989,3891.000,20.530,-3.360,0.000,0.000,0.563,0.357,891,0,1.333,-0.056,820.000,190.000,854.000,289.000,20.530,-3.360,-1.070,1.660,0.490,1.710,-2.601
1641,759,3892.000,4.336,-8.109,-0.366,-0.080,NaN,NaN,892,0,-0.769,-1.327,NaN,NaN,NaN,NaN,NaN,NaN,NaN,NaN,NaN,NaN,NaN
1642,926,3892.000,20.465,-2.950,-0.207,-0.073,NaN,NaN,892,0,-2.025,-1.306,NaN,NaN,NaN,NaN,NaN,NaN,NaN,NaN,NaN,NaN,NaN
1643,938,3892.000,16.036,5.760,0.157,-0.105,0.141,NaN,892,0,-0.477,-0.444,104.000,215.000,169.000,307.000,NaN,NaN,NaN,NaN,NaN,NaN,NaN
1644,944,3892.000,29.651,-6.394,0.061,-0.243,0.435,NaN,892,0,-0.216,-1.314,879.000,194.000,932.000,270.000,NaN,NaN,NaN,NaN,NaN,NaN,NaN
1645,949,3892.000,16.139,5.814,0.168,-0.096,0.047,NaN,892,0,-0.428,-0.413,103.000,215.000,168.000,387.000,NaN,NaN,NaN,NaN,NaN,NaN,NaN
1646,964,3892.000,7.232,-7.490,-0.167,-0.037,NaN,NaN,892,0,-2.654,-1.327,NaN,NaN,NaN,NaN,NaN,NaN,NaN,NaN,NaN,NaN,NaN
1647,980,3892.000,22.201,-3.253,-0.009,0.031,NaN,NaN,892,0,-2.628,-1.314,NaN,NaN,NaN,NaN,NaN,NaN,NaN,NaN,NaN,NaN,NaN
1648,981,3892.000,12.429,-6.869,0.000,0.004,NaN,NaN,892,0,-2.654,-1.327,NaN,NaN,NaN,NaN,NaN,NaN,NaN,NaN,NaN,NaN,NaN
1649,982,3892.000,17.518,3.110,0.000,0.008,NaN,NaN,892,0,-0.000,-0.000,NaN,NaN,NaN,NaN,NaN,NaN,NaN,NaN,NaN,NaN,NaN
1650,984,3892.000,10.797,-7.236,-0.292,-0.035,NaN,NaN,892,0,-2.654,-1.327,NaN,NaN,NaN,NaN,NaN,NaN,NaN,NaN,NaN,NaN,NaN
1651,989,3892.000,20.526,-3.365,0.001,-0.002,NaN,NaN,892,0,-2.603,-1.302,NaN,NaN,NaN,NaN,NaN,NaN,NaN,NaN,NaN,NaN,NaN
1652,759,3893.000,3.971,-8.188,-0.365,-0.079,NaN,NaN,893,0,-0.675,-1.327,NaN,NaN,NaN,NaN,NaN,NaN,NaN,NaN,NaN,NaN,NaN
1653,926,3893.000,20.471,-3.418,-0.176,-0.143,0.035,NaN,893,0,-2.502,-1.307,844.000,189.000,876.000,257.000,NaN,NaN,NaN,NaN,NaN,NaN,NaN
1654,938,3893.000,16.187,5.644,0.158,-0.108,0.094,NaN,893,0,-0.380,-0.477,123.000,214.000,189.000,386.000,NaN,NaN,NaN,NaN,NaN,NaN,NaN
1655,944,3893.000,29.710,-6.661,0.059,-0.247,0.638,NaN,893,0,1.407,-1.298,894.000,193.000,949.000,272.000,NaN,NaN,NaN,NaN,NaN,NaN,NaN
1656,949,3893.000,16.313,5.697,0.171,-0.101,0.171,NaN,893,0,-0.559,-0.514,126.000,214.000,188.000,286.000,NaN,NaN,NaN,NaN,NaN,NaN,NaN
1657,964,3893.000,7.065,-7.528,-0.167,-0.038,NaN,NaN,893,0,-2.589,-1.184,NaN,NaN,NaN,NaN,NaN,NaN,NaN,NaN,NaN,NaN,NaN
1658,980,3893.000,22.192,-3.224,-0.009,0.029,NaN,NaN,893,0,-2.575,-1.313,NaN,NaN,NaN,NaN,NaN,NaN,NaN,NaN,NaN,NaN,NaN
1659,981,3893.000,12.428,-6.863,-0.000,0.006,NaN,NaN,893,0,-3.407,-1.327,NaN,NaN,NaN,NaN,NaN,NaN,NaN,NaN,NaN,NaN,NaN
1660,982,3893.000,17.518,3.118,0.000,0.008,NaN,NaN,893,0,-0.000,-0.000,NaN,NaN,NaN,NaN,NaN,NaN,NaN,NaN,NaN,NaN,NaN
1661,984,3893.000,10.588,-7.268,-0.261,-0.031,NaN,0.999,893,0,0.000,2.026,1399.000,200.000,1681.000,438.000,10.640,-7.240,-1.230,1.770,0.520,1.710,-2.836
1662,989,3893.000,20.542,-3.563,0.011,-0.072,0.011,NaN,893,0,-2.090,-1.302,842.000,197.000,862.000,299.000,NaN,NaN,NaN,NaN,NaN,NaN,NaN
1663,759,3894.000,3.606,-8.268,-0.365,-0.079,NaN,NaN,894,0,-3.180,-1.327,NaN,NaN,NaN,NaN,NaN,NaN,NaN,NaN,NaN,NaN,NaN
1664,926,3894.000,20.291,-3.555,-0.177,-0.138,0.006,NaN,894,0,-3.156,-1.299,847.000,184.000,858.000,223.000,NaN,NaN,NaN,NaN,NaN,NaN,NaN
1665,938,3894.000,16.331,5.523,0.161,-0.108,0.007,NaN,894,0,-0.718,-0.536,141.000,216.000,202.000,367.000,NaN,NaN,NaN,NaN,NaN,NaN,NaN
1666,944,3894.000,29.576,-6.943,0.048,-0.261,0.589,NaN,894,0,0.941,-1.320,914.000,193.000,964.000,268.000,NaN,NaN,NaN,NaN,NaN,NaN,NaN
1667,949,3894.000,16.355,5.709,0.146,-0.066,0.278,NaN,894,0,-0.566,-0.539,147.000,215.000,161.000,232.000,NaN,NaN,NaN,NaN,NaN,NaN,NaN
1668,964,3894.000,6.898,-7.566,-0.167,-0.039,NaN,NaN,894,0,-2.504,-0.677,NaN,NaN,NaN,NaN,NaN,NaN,NaN,NaN,NaN,NaN,NaN
1669,980,3894.000,22.184,-3.194,-0.009,0.029,NaN,NaN,894,0,-3.420,-1.313,NaN,NaN,NaN,NaN,NaN,NaN,NaN,NaN,NaN,NaN,NaN
1670,981,3894.000,12.429,-6.855,0.000,0.008,NaN,NaN,894,0,-3.456,-1.327,NaN,NaN,NaN,NaN,NaN,NaN,NaN,NaN,NaN,NaN,NaN
1671,982,3894.000,17.521,3.124,0.003,0.006,NaN,NaN,894,0,-0.000,-0.000,NaN,NaN,NaN,NaN,NaN,NaN,NaN,NaN,NaN,NaN,NaN
1672,984,3894.000,10.213,-7.310,-0.299,-0.038,NaN,0.999,894,0,0.000,1.960,1443.000,201.000,1759.000,459.000,10.130,-7.330,-1.250,1.920,0.530,1.750,-2.942
1673,989,3894.000,20.532,-3.792,-0.001,-0.166,0.751,NaN,894,0,2.906,-1.294,860.000,191.000,910.000,264.000,NaN,NaN,NaN,NaN,NaN,NaN,NaN
1674,994,3894.000,19.950,-3.810,0.000,0.000,0.030,0.128,894,0,-2.437,-0.659,859.000,190.000,910.000,332.000,19.950,-3.810,-1.110,0.720,0.670,1.850,-0.119
1675,759,3895.000,3.240,-8.347,-0.366,-0.079,NaN,NaN,895,0,-0.392,-1.327,NaN,NaN,NaN,NaN,NaN,NaN,NaN,NaN,NaN,NaN,NaN
1676,926,3895.000,20.180,-3.599,-0.154,-0.075,0.036,NaN,895,0,-2.626,-1.290,845.000,200.000,857.000,241.000,NaN,NaN,NaN,NaN,NaN,NaN,NaN
1677,938,3895.000,16.489,5.415,0.159,-0.108,NaN,NaN,895,0,-2.028,-1.014,NaN,NaN,NaN,NaN,NaN,NaN,NaN,NaN,NaN,NaN,NaN
1678,944,3895.000,29.715,-7.225,0.052,-0.263,0.705,NaN,895,0,2.280,-1.327,916.000,194.000,971.000,271.000,NaN,NaN,NaN,NaN,NaN,NaN,NaN
1679,949,3895.000,16.500,5.643,0.145,-0.066,NaN,NaN,895,0,-1.079,-0.539,NaN,NaN,NaN,NaN,NaN,NaN,NaN,NaN,NaN,NaN,NaN
1680,964,3895.000,6.732,-7.607,-0.166,-0.041,NaN,NaN,895,0,-2.654,-1.327,NaN,NaN,NaN,NaN,NaN,NaN,NaN,NaN,NaN,NaN,NaN
1681,980,3895.000,22.174,-3.165,-0.009,0.029,NaN,NaN,895,0,-2.626,-1.313,NaN,NaN,NaN,NaN,NaN,NaN,NaN,NaN,NaN,NaN,NaN
1682,981,3895.000,12.429,-6.848,0.000,0.007,NaN,NaN,895,0,-2.654,-1.327,NaN,NaN,NaN,NaN,NaN,NaN,NaN,NaN,NaN,NaN,NaN
1683,982,3895.000,17.524,3.129,0.003,0.006,NaN,NaN,895,0,-0.000,-0.000,NaN,NaN,NaN,NaN,NaN,NaN,NaN,NaN,NaN,NaN,NaN
1684,984,3895.000,9.914,-7.348,-0.300,-0.038,NaN,NaN,895,0,-2.654,-1.327,NaN,NaN,NaN,NaN,NaN,NaN,NaN,NaN,NaN,NaN,NaN
1685,989,3895.000,20.509,-4.063,-0.008,-0.215,0.032,NaN,895,0,-1.769,-1.268,866.000,192.000,911.000,322.000,NaN,NaN,NaN,NaN,NaN,NaN,NaN
1686,994,3895.000,19.934,-3.945,-0.008,-0.057,0.757,NaN,895,0,3.077,-1.291,867.000,191.000,911.000,264.000,NaN,NaN,NaN,NaN,NaN,NaN,NaN
1687,759,3896.000,2.875,-8.426,-0.365,-0.079,NaN,NaN,896,0,-0.304,-1.327,NaN,NaN,NaN,NaN,NaN,NaN,NaN,NaN,NaN,NaN,NaN
1688,926,3896.000,20.027,-3.672,-0.153,-0.073,NaN,NaN,896,0,-2.442,-1.276,NaN,NaN,NaN,NaN,NaN,NaN,NaN,NaN,NaN,NaN,NaN
1689,938,3896.000,16.639,5.337,0.157,-0.101,0.035,NaN,896,0,-1.437,-1.197,159.000,207.000,222.000,370.000,NaN,NaN,NaN,NaN,NaN,NaN,NaN
1690,944,3896.000,29.670,-7.518,0.046,-0.272,0.509,NaN,896,0,0.501,-1.327,933.000,194.000,988.000,294.000,NaN,NaN,NaN,NaN,NaN,NaN,NaN
1691,949,3896.000,16.620,5.525,0.148,-0.082,0.037,NaN,896,0,-1.474,-0.895,160.000,207.000,223.000,291.000,NaN,NaN,NaN,NaN,NaN,NaN,NaN
1692,964,3896.000,6.566,-7.649,-0.166,-0.041,NaN,NaN,896,0,-2.562,-1.201,NaN,NaN,NaN,NaN,NaN,NaN,NaN,NaN,NaN,NaN,NaN
1693,980,3896.000,22.166,-3.134,-0.008,0.031,NaN,NaN,896,0,-3.285,-1.313,NaN,NaN,NaN,NaN,NaN,NaN,NaN,NaN,NaN,NaN,NaN
1694,981,3896.000,12.429,-6.841,0.000,0.007,NaN,NaN,896,0,-3.100,-1.327,NaN,NaN,NaN,NaN,NaN,NaN,NaN,NaN,NaN,NaN,NaN
1695,982,3896.000,17.529,3.135,0.004,0.006,NaN,NaN,896,0,-0.000,-0.000,NaN,NaN,NaN,NaN,NaN,NaN,NaN,NaN,NaN,NaN,NaN
1696,984,3896.000,9.631,-7.413,-0.299,-0.047,NaN,1.000,896,0,0.000,1.960,1493.000,195.000,1845.000,491.000,9.630,-7.440,-1.280,1.950,0.550,1.900,-2.969
1697,989,3896.000,20.559,-4.366,0.001,-0.242,0.510,NaN,896,0,0.669,-1.296,882.000,192.000,933.000,295.000,NaN,NaN,NaN,NaN,NaN,NaN,NaN
1698,994,3896.000,19.878,-4.106,-0.022,-0.108,0.005,NaN,896,0,-2.568,-1.293,881.000,192.000,914.000,262.000,NaN,NaN,NaN,NaN,NaN,NaN,NaN
1699,759,3897.000,2.510,-8.506,-0.365,-0.080,NaN,NaN,897,0,-0.392,-1.327,NaN,NaN,NaN,NaN,NaN,NaN,NaN,NaN,NaN,NaN,NaN
1700,926,3897.000,19.877,-3.746,-0.151,-0.074,NaN,NaN,897,0,-3.237,-1.260,NaN,NaN,NaN,NaN,NaN,NaN,NaN,NaN,NaN,NaN,NaN
1701,938,3897.000,16.784,5.246,0.156,-0.098,0.016,NaN,897,0,-2.183,-1.238,173.000,213.000,232.000,294.000,NaN,NaN,NaN,NaN,NaN,NaN,NaN
1702,944,3897.000,29.583,-7.805,0.042,-0.279,0.504,NaN,897,0,0.432,-1.327,948.000,192.000,1002.000,277.000,NaN,NaN,NaN,NaN,NaN,NaN,NaN
1703,949,3897.000,16.867,5.459,0.155,-0.083,0.065,NaN,897,0,-2.266,-1.122,185.000,196.000,193.000,209.000,NaN,NaN,NaN,NaN,NaN,NaN,NaN
1704,964,3897.000,6.400,-7.691,-0.166,-0.042,NaN,NaN,897,0,3.757,-0.901,NaN,NaN,NaN,NaN,NaN,NaN,NaN,NaN,NaN,NaN,NaN
1705,980,3897.000,22.160,-3.103,-0.007,0.031,NaN,NaN,897,0,-3.145,-1.313,NaN,NaN,NaN,NaN,NaN,NaN,NaN,NaN,NaN,NaN,NaN
1706,981,3897.000,12.430,-6.835,0.000,0.006,NaN,NaN,897,0,-3.180,-1.327,NaN,NaN,NaN,NaN,NaN,NaN,NaN,NaN,NaN,NaN,NaN
1707,982,3897.000,17.094,5.414,-0.011,0.221,0.019,NaN,897,0,-0.000,-0.000,194.000,196.000,200.000,215.000,NaN,NaN,NaN,NaN,NaN,NaN,NaN
1708,984,3897.000,9.259,-7.501,-0.321,-0.057,NaN,1.000,897,0,0.000,1.890,1544.000,200.000,1925.000,504.000,9.190,-7.530,-1.290,1.990,0.520,1.850,-2.990
1709,989,3897.000,20.560,-4.609,0.001,-0.243,NaN,NaN,897,0,-3.131,-1.289,NaN,NaN,NaN,NaN,NaN,NaN,NaN,NaN,NaN,NaN,NaN
1710,994,3897.000,19.858,-4.214,-0.020,-0.108,NaN,NaN,897,0,-2.537,-1.278,NaN,NaN,NaN,NaN,NaN,NaN,NaN,NaN,NaN,NaN,NaN
1711,996,3897.000,19.130,-4.350,0.000,0.000,0.763,0.070,897,0,3.757,-0.883,897.000,191.000,948.000,279.000,19.130,-4.350,-1.130,1.920,0.590,1.830,-2.447
1712,759,3898.000,2.143,-8.586,-0.367,-0.080,NaN,NaN,898,0,-0.289,-1.327,NaN,NaN,NaN,NaN,NaN,NaN,NaN,NaN,NaN,NaN,NaN
1713,926,3898.000,19.765,-3.545,-0.129,0.024,0.083,NaN,898,0,-2.333,-1.287,847.000,200.000,857.000,223.000,NaN,NaN,NaN,NaN,NaN,NaN,NaN
1714,938,3898.000,16.938,5.149,0.154,-0.097,NaN,NaN,898,0,-2.612,-1.235,NaN,NaN,NaN,NaN,NaN,NaN,NaN,NaN,NaN,NaN,NaN
1715,944,3898.000,29.676,-8.106,0.043,-0.282,0.331,NaN,898,0,-0.426,-1.327,956.000,192.000,1011.000,301.000,NaN,NaN,NaN,NaN,NaN,NaN,NaN
1716,949,3898.000,17.005,5.361,0.156,-0.089,0.292,NaN,898,0,-0.635,-1.236,179.000,214.000,245.000,297.000,NaN,NaN,NaN,NaN,NaN,NaN,NaN
1717,964,3898.000,6.234,-7.733,-0.166,-0.042,NaN,NaN,898,0,-2.654,-1.327,NaN,NaN,NaN,NaN,NaN,NaN,NaN,NaN,NaN,NaN,NaN
1718,980,3898.000,22.153,-3.073,-0.006,0.030,NaN,NaN,898,0,-3.282,-1.312,NaN,NaN,NaN,NaN,NaN,NaN,NaN,NaN,NaN,NaN,NaN
1719,981,3898.000,12.430,-6.829,-0.000,0.006,NaN,NaN,898,0,-2.654,-1.327,NaN,NaN,NaN,NaN,NaN,NaN,NaN,NaN,NaN,NaN,NaN
1720,982,3898.000,17.082,5.635,-0.012,0.221,NaN,NaN,898,0,-2.503,-1.251,NaN,NaN,NaN,NaN,NaN,NaN,NaN,NaN,NaN,NaN,NaN
1721,984,3898.000,8.937,-7.557,-0.322,-0.056,NaN,NaN,898,0,-2.654,-1.327,NaN,NaN,NaN,NaN,NaN,NaN,NaN,NaN,NaN,NaN,NaN
1722,989,3898.000,20.709,-4.872,0.023,-0.243,0.588,NaN,898,0,1.124,-1.301,904.000,189.000,959.000,283.000,NaN,NaN,NaN,NaN,NaN,NaN,NaN
1723,994,3898.000,19.838,-4.323,-0.020,-0.109,NaN,NaN,898,0,-2.568,-1.284,NaN,NaN,NaN,NaN,NaN,NaN,NaN,NaN,NaN,NaN,NaN
1724,996,3898.000,19.131,-4.353,-0.000,-0.007,NaN,NaN,898,0,-2.601,-1.300,NaN,NaN,NaN,NaN,NaN,NaN,NaN,NaN,NaN,NaN,NaN
1725,759,3899.000,1.776,-8.665,-0.366,-0.079,NaN,NaN,899,0,-0.442,-1.327,NaN,NaN,NaN,NaN,NaN,NaN,NaN,NaN,NaN,NaN,NaN
1726,926,3899.000,19.637,-3.522,-0.128,0.024,NaN,NaN,899,0,-3.042,-1.270,NaN,NaN,NaN,NaN,NaN,NaN,NaN,NaN,NaN,NaN,NaN
1727,938,3899.000,17.092,5.052,0.154,-0.097,NaN,NaN,899,0,-2.665,-1.190,NaN,NaN,NaN,NaN,NaN,NaN,NaN,NaN,NaN,NaN,NaN
1728,944,3899.000,29.710,-8.408,0.043,-0.285,0.473,NaN,899,0,0.237,-1.327,970.000,193.000,1027.000,279.000,NaN,NaN,NaN,NaN,NaN,NaN,NaN
1729,949,3899.000,17.160,5.271,0.156,-0.090,NaN,NaN,899,0,-2.390,-1.249,NaN,NaN,NaN,NaN,NaN,NaN,NaN,NaN,NaN,NaN,NaN
1730,964,3899.000,6.068,-7.775,-0.166,-0.042,NaN,NaN,899,0,-2.654,-1.327,NaN,NaN,NaN,NaN,NaN,NaN,NaN,NaN,NaN,NaN,NaN
1731,980,3899.000,22.145,-3.043,-0.008,0.031,NaN,NaN,899,0,-3.281,-1.312,NaN,NaN,NaN,NaN,NaN,NaN,NaN,NaN,NaN,NaN,NaN
1732,981,3899.000,12.430,-6.821,0.001,0.007,NaN,NaN,899,0,-3.318,-1.327,NaN,NaN,NaN,NaN,NaN,NaN,NaN,NaN,NaN,NaN,NaN
1733,982,3899.000,17.069,5.857,-0.012,0.222,NaN,NaN,899,0,-2.362,-1.181,NaN,NaN,NaN,NaN,NaN,NaN,NaN,NaN,NaN,NaN,NaN
1734,984,3899.000,8.969,-7.519,-0.241,-0.024,NaN,0.382,899,0,0.000,-0.122,1613.000,224.000,1833.000,488.000,9.170,-7.550,-1.380,0.920,0.590,1.690,-0.093
1735,989,3899.000,20.731,-5.115,0.022,-0.243,NaN,NaN,899,0,-2.639,-1.320,NaN,NaN,NaN,NaN,NaN,NaN,NaN,NaN,NaN,NaN,NaN
1736,994,3899.000,19.819,-4.431,-0.020,-0.108,NaN,NaN,899,0,-2.583,-1.292,NaN,NaN,NaN,NaN,NaN,NaN,NaN,NaN,NaN,NaN,NaN
1737,996,3899.000,18.898,-4.372,-0.077,0.001,0.827,0.625,899,0,4.511,1.054,922.000,188.000,973.000,295.000,18.820,-4.390,-1.090,1.750,0.550,1.800,-2.742
1738,759,3900.000,1.409,-8.745,-0.367,-0.080,NaN,NaN,900,0,3.612,-1.293,NaN,NaN,NaN,NaN,NaN,NaN,NaN,NaN,NaN,NaN,NaN
1739,926,3900.000,19.526,-3.429,-0.118,0.067,0.059,NaN,900,0,-2.529,-1.271,848.000,200.000,857.000,223.000,NaN,NaN,NaN,NaN,NaN,NaN,NaN
1740,938,3900.000,17.143,4.910,0.145,-0.100,0.277,NaN,900,0,-0.557,-1.028,206.000,212.000,269.000,299.000,NaN,NaN,NaN,NaN,NaN,NaN,NaN
1741,944,3900.000,29.753,-8.692,0.042,-0.284,NaN,NaN,900,0,-2.822,-1.327,NaN,NaN,NaN,NaN,NaN,NaN,NaN,NaN,NaN,NaN,NaN
1742,949,3900.000,17.316,5.181,0.156,-0.091,NaN,NaN,900,0,-2.340,-1.218,NaN,NaN,NaN,NaN,NaN,NaN,NaN,NaN,NaN,NaN,NaN
1743,964,3900.000,5.902,-7.817,-0.166,-0.041,NaN,NaN,900,0,-2.518,-0.564,NaN,NaN,NaN,NaN,NaN,NaN,NaN,NaN,NaN,NaN,NaN
1744,980,3900.000,22.018,-3.842,-0.048,-0.049,0.028,NaN,900,0,-3.063,-1.311,848.000,201.000,857.000,240.000,NaN,NaN,NaN,NaN,NaN,NaN,NaN
1745,981,3900.000,13.776,-4.735,0.114,0.124,NaN,0.081,900,0,-2.385,-0.737,1027.000,100.000,1137.000,298.000,13.630,-4.650,-0.390,0.810,0.540,1.890,-2.295
1746,982,3900.000,17.057,6.079,-0.013,0.221,NaN,NaN,900,0,-1.634,-0.810,NaN,NaN,NaN,NaN,NaN,NaN,NaN,NaN,NaN,NaN,NaN
1747,984,3900.000,8.700,-7.576,-0.248,-0.029,NaN,0.017,900,0,0.000,-1.121,1630.000,294.000,1957.000,600.000,8.630,-7.570,-1.870,1.510,0.570,1.720,-3.133
1748,989,3900.000,20.897,-5.383,0.038,-0.244,0.813,NaN,900,0,4.186,-1.322,937.000,190.000,988.000,295.000,NaN,NaN,NaN,NaN,NaN,NaN,NaN
1749,994,3900.000,19.800,-4.540,-0.019,-0.109,NaN,NaN,900,0,-2.594,-1.297,NaN,NaN,NaN,NaN,NaN,NaN,NaN,NaN,NaN,NaN,NaN
1750,996,3900.000,18.822,-4.372,-0.077,-0.001,NaN,NaN,900,0,-2.626,-1.313,NaN,NaN,NaN,NaN,NaN,NaN,NaN,NaN,NaN,NaN,NaN
1751,1000,3900.000,18.570,-5.460,0.000,0.000,0.752,0.011,900,0,3.612,-1.290,987.000,194.000,1044.000,295.000,18.570,-5.460,-1.180,1.650,0.580,1.830,-3.103
1752,1001,3900.000,17.430,3.080,0.000,0.000,NaN,0.138,900,0,-0.000,-0.000,345.000,73.000,417.000,215.000,17.430,3.080,0.240,0.800,0.620,1.720,1.876
