id,external_id,class_id,object_time,life_time,speed,class_confidence,object_confidence,gps_latitude,gps_longitude,gps_heading,world_x,world_y,world_z,world_heading_3d,world_height,world_length,world_width,image_x,image_y,speed_x_confidence,speed_y_confidence,world_x_confidence,world_y_confidence,world_heading_3d_confidence,record_time,data_number,camera_type,message_type,record_type,interval_time,num_objects
42,10,0,105.257,0.000,3.519,0.996,0.997,0.0,0.0,220.536,3.593,7.985,0,220.536,1.700,0.300,0.450,0.641,0.876,1,1,1,1,126,,1052,visual,Data,TrackUpdate,0.10,1
42,10,0,105.325,0.068,3.504,0.998,0.998,0.0,0.0,220.536,3.548,7.936,0,220.536,1.700,0.300,0.450,0.639,0.878,1,1,1,1,126,,1053,visual,Data,TrackUpdate,0.10,1
42,10,0,105.457,0.200,3.330,0.998,0.998,0.0,0.0,220.536,3.520,7.884,0,220.536,1.700,0.300,0.450,0.639,0.881,1,1,1,1,126,,1054,visual,Data,TrackUpdate,0.10,1
42,10,0,105.525,0.268,3.304,0.999,0.999,0.0,0.0,220.536,3.508,7.818,0,220.536,1.700,0.300,0.450,0.638,0.885,1,1,1,1,126,,1055,visual,Data,TrackUpdate,0.10,1
42,10,0,105.657,0.400,3.676,0.988,0.992,0.0,0.0,220.536,3.389,7.549,0,220.536,1.700,0.300,0.450,0.635,0.900,1,1,1,1,126,,1056,visual,Data,TrackUpdate,0.10,1
42,10,0,105.723,0.466,3.671,0.990,0.993,0.0,0.0,213.943,3.311,7.525,0,213.943,1.700,0.300,0.450,0.632,0.901,1,1,1,1,126,,1057,visual,Data,TrackUpdate,0.10,1
42,10,0,105.857,0.600,3.738,0.992,0.995,0.0,0.0,213.943,3.186,7.406,0,213.943,1.700,0.300,0.450,0.628,0.907,1,1,1,1,126,,1058,visual,Data,TrackUpdate,0.10,1
42,10,0,105.925,0.668,3.661,0.994,0.996,0.0,0.0,213.943,3.160,7.384,0,213.943,1.700,0.300,0.450,0.627,0.909,1,1,1,1,126,,1059,visual,Data,TrackUpdate,0.10,1
42,10,0,106.0,0.743,3.563,0.997,0.998,0.0,0.0,213.943,3.140,7.365,0,213.943,1.700,0.300,0.450,0.626,0.910,1,1,1,1,126,,1060,visual,Data,TrackUpdate,0.10,1
42,10,0,106.123,0.866,3.356,0.998,0.999,0.0,0.0,213.943,3.128,7.378,0,213.943,1.700,0.300,0.450,0.625,0.909,1,1,1,1,126,,1061,visual,Data,TrackUpdate,0.10,1
42,10,0,106.257,1.000,3.492,0.998,0.999,0.0,0.0,213.943,2.951,7.256,0,213.943,1.700,0.300,0.450,0.618,0.917,1,1,1,1,126,,1062,visual,Data,TrackUpdate,0.10,1
42,10,0,106.323,1.066,3.453,0.995,0.997,0.0,0.0,213.943,2.906,7.238,0,213.943,1.700,0.300,0.450,0.616,0.918,1,1,1,1,126,,1063,visual,Data,TrackUpdate,0.10,1
42,10,0,106.457,1.200,3.681,0.996,0.998,0.0,0.0,220.590,2.749,7.064,0,220.590,1.700,0.300,0.450,0.610,0.929,1,1,1,1,126,,1064,visual,Data,TrackUpdate,0.10,1
42,10,0,106.525,1.268,3.613,0.986,0.993,0.0,0.0,220.590,2.761,7.053,0,220.590,1.700,0.300,0.450,0.610,0.930,1,1,1,1,126,,1065,visual,Data,TrackUpdate,0.10,1
42,10,0,106.657,1.400,3.843,0.882,0.942,0.0,0.0,220.590,2.686,6.919,0,220.590,1.700,0.300,0.450,0.608,0.937,1,1,1,1,126,,1066,visual,Data,TrackUpdate,0.10,1
42,10,0,106.723,1.466,4.024,0.882,0.943,0.0,0.0,220.590,2.641,6.866,0,220.590,1.700,0.300,0.450,0.606,0.941,127,127,1,1,127,,1067,visual,Data,TrackUpdate,0.10,1
42,10,0,106.857,1.600,4.167,0.508,0.788,0.0,0.0,218.908,2.425,6.577,0,218.908,1.700,0.300,0.450,0.598,0.958,127,127,1,1,127,,1068,visual,Data,TrackUpdate,0.10,1
42,10,0,106.924,1.667,3.999,0.534,0.803,0.0,0.0,218.908,2.434,6.577,0,218.908,1.700,0.300,0.450,0.598,0.958,127,127,1,1,127,,1069,visual,Data,TrackUpdate,0.10,1
44,11,0,107.658,0.068,3.166,0.981,0.982,0.0,0.0,237.454,2.029,5.697,0,237.454,1.700,0.300,0.450,0.582,1.019,127,127,1,1,127,,1076,visual,Data,TrackUpdate,0.10,1
44,11,0,107.725,0.135,3.199,0.996,0.996,0.0,0.0,237.454,1.978,5.655,0,237.454,1.700,0.300,0.450,0.580,1.022,127,127,1,1,127,,1077,visual,Data,TrackUpdate,0.10,1
44,11,0,107.857,0.267,3.219,0.997,0.997,0.0,0.0,237.454,1.918,5.526,0,237.454,1.700,0.300,0.450,0.577,1.031,127,127,1,1,127,,1078,visual,Data,TrackUpdate,0.10,1
44,11,0,107.923,0.333,3.319,0.997,0.997,0.0,0.0,237.454,1.861,5.466,0,237.454,1.700,0.300,0.450,0.574,1.036,127,127,1,1,127,,1079,visual,Data,TrackUpdate,0.10,1
44,11,0,108.0,0.410,3.256,0.997,0.997,0.0,0.0,237.454,1.824,5.423,0,237.454,1.700,0.300,0.450,0.572,1.040,127,127,1,1,127,,1080,visual,Data,TrackUpdate,0.10,1
44,11,0,108.124,0.534,3.219,0.974,0.978,0.0,0.0,237.454,1.766,5.333,0,237.454,1.700,0.300,0.450,0.569,1.045,127,127,1,1,127,,1081,visual,Data,TrackUpdate,0.10,1
44,11,0,108.257,0.667,2.920,0.944,0.953,0.0,0.0,237.454,1.764,5.298,0,237.454,1.700,0.300,0.450,0.569,1.048,127,127,1,1,127,,1082,visual,Data,TrackUpdate,0.10,1
44,11,0,108.323,0.733,2.912,0.778,0.818,0.0,0.0,237.454,1.753,5.235,0,237.454,1.700,0.300,0.450,0.569,1.053,127,127,1,1,127,,1083,visual,Data,TrackUpdate,0.10,1
44,11,0,108.458,0.868,2.909,0.645,0.719,0.0,0.0,237.454,1.726,5.112,0,237.454,1.700,0.300,0.450,0.568,1.062,127,127,1,1,127,,1084,visual,Data,TrackUpdate,0.10,1
43,12,0,110.400,0.000,3.684,0.994,0.997,0.0,0.0,233.833,3.493,12.618,0,233.833,1.700,0.300,0.450,0.607,0.681,1,1,1,1,126,,1104,visual,Data,TrackUpdate,0.10,1
43,12,0,110.523,0.123,3.772,0.998,0.999,0.0,0.0,233.833,3.341,12.344,0,233.833,1.700,0.300,0.450,0.603,0.689,1,1,1,1,126,,1105,visual,Data,TrackUpdate,0.10,1
43,12,0,110.657,0.257,4.238,0.999,1.000,0.0,0.0,233.833,3.291,12.389,0,233.833,1.700,0.300,0.450,0.602,0.687,1,1,1,1,126,,1106,visual,Data,TrackUpdate,0.10,1
43,12,0,110.723,0.323,4.169,0.999,1.000,0.0,0.0,233.833,3.246,12.355,0,233.833,1.700,0.300,0.450,0.601,0.688,1,1,1,1,126,,1107,visual,Data,TrackUpdate,0.10,1
43,12,0,110.857,0.457,4.308,0.999,1.000,0.0,0.0,233.833,3.227,12.417,0,233.833,1.700,0.300,0.450,0.599,0.686,1,1,1,1,126,,1108,visual,Data,TrackUpdate,0.10,1
43,12,0,110.923,0.523,3.284,0.997,0.999,0.0,0.0,233.833,3.185,12.412,0,233.833,1.700,0.300,0.450,0.598,0.687,1,1,1,1,126,,1109,visual,Data,TrackUpdate,0.10,1
43,12,0,111.0,0.600,3.543,0.997,0.999,0.0,0.0,223.091,2.973,12.266,0,223.091,1.700,0.300,0.450,0.592,0.691,1,1,1,1,126,,1110,visual,Data,TrackUpdate,0.10,1
43,12,0,111.124,0.724,4.116,0.997,0.999,0.0,0.0,223.091,2.901,12.018,0,223.091,1.700,0.300,0.450,0.591,0.698,1,1,1,1,126,,1111,visual,Data,TrackUpdate,0.10,1
43,12,0,111.257,0.857,4.241,0.999,1.000,0.0,0.0,223.091,2.837,11.871,0,223.091,1.700,0.300,0.450,0.589,0.704,1,1,1,1,126,,1112,visual,Data,TrackUpdate,0.10,1
43,12,0,111.324,0.924,3.480,0.998,0.999,0.0,0.0,223.091,2.856,11.966,0,223.091,1.700,0.300,0.450,0.590,0.700,1,1,1,1,126,,1113,visual,Data,TrackUpdate,0.10,1
43,12,0,111.457,1.057,3.341,0.962,0.985,0.0,0.0,223.091,2.737,11.832,0,223.091,1.700,0.300,0.450,0.586,0.705,1,1,1,1,126,,1114,visual,Data,TrackUpdate,0.10,1
43,12,0,111.523,1.123,3.397,0.840,0.938,0.0,0.0,221.127,2.616,11.689,0,221.127,1.700,0.300,0.450,0.582,0.709,1,1,1,1,126,,1115,visual,Data,TrackUpdate,0.10,1
43,12,0,111.657,1.257,3.620,0.916,0.969,0.0,0.0,221.127,2.555,11.734,0,221.127,1.700,0.300,0.450,0.580,0.707,1,1,1,1,126,,1116,visual,Data,TrackUpdate,0.10,1
43,12,0,111.723,1.323,3.755,0.935,0.976,0.0,0.0,221.127,2.494,11.677,0,221.127,1.700,0.300,0.450,0.578,0.709,1,1,1,1,126,,1117,visual,Data,TrackUpdate,0.10,1
43,12,0,111.857,1.457,4.363,0.979,0.993,0.0,0.0,221.127,2.283,11.408,0,221.127,1.700,0.300,0.450,0.572,0.719,1,1,1,1,126,,1118,visual,Data,TrackUpdate,0.10,1
43,12,0,111.923,1.523,4.238,0.919,0.972,0.0,0.0,221.127,2.258,11.393,0,221.127,1.700,0.300,0.450,0.571,0.719,1,1,1,1,126,,1119,visual,Data,TrackUpdate,0.10,1
43,12,0,112.123,1.723,3.405,0.766,0.923,0.0,0.0,218.411,2.193,11.343,0,218.411,1.700,0.300,0.450,0.569,0.720,1,1,1,1,126,,1121,visual,Data,TrackUpdate,0.10,1
43,12,0,112.257,1.857,3.830,0.883,0.963,0.0,0.0,218.411,2.063,11.219,0,218.411,1.700,0.300,0.450,0.564,0.724,1,1,1,1,126,,1122,visual,Data,TrackUpdate,0.10,1
43,12,0,112.323,1.923,4.144,0.879,0.963,0.0,0.0,218.411,1.932,11.078,0,218.411,1.700,0.300,0.450,0.560,0.729,1,1,1,1,126,,1123,visual,Data,TrackUpdate,0.10,1
43,12,0,112.457,2.057,3.927,0.989,0.997,0.0,0.0,218.411,1.954,11.141,0,218.411,1.700,0.300,0.450,0.560,0.727,1,1,1,1,126,,1124,visual,Data,TrackUpdate,0.10,1
43,12,0,112.524,2.124,4.007,0.889,0.968,0.0,0.0,218.411,1.918,11.124,0,218.411,1.700,0.300,0.450,0.559,0.728,1,1,1,1,126,,1125,visual,Data,TrackUpdate,0.10,1
43,12,0,112.57,1.657,3.513,0.939,0.980,0.0,0.0,218.411,2.192,11.354,0,218.411,1.700,0.300,0.450,0.568,0.719,1,1,1,1,126,,1120,visual,Data,TrackUpdate,0.10,1
43,12,0,112.657,2.257,3.844,0.917,0.977,0.0,0.0,219.953,1.777,10.967,0,219.953,1.700,0.300,0.450,0.555,0.732,1,1,1,1,126,,1126,visual,Data,TrackUpdate,0.10,1
43,12,0,112.723,2.323,3.424,0.944,0.985,0.0,0.0,219.953,1.768,10.981,0,219.953,1.700,0.300,0.450,0.554,0.732,1,1,1,1,126,,1127,visual,Data,TrackUpdate,0.10,1
43,12,0,112.857,2.457,3.277,0.958,0.989,0.0,0.0,219.953,1.703,10.953,0,219.953,1.700,0.300,0.450,0.552,0.733,1,1,1,1,126,,1128,visual,Data,TrackUpdate,0.10,1
43,12,0,112.923,2.523,3.584,0.964,0.991,0.0,0.0,219.953,1.554,10.830,0,219.953,1.700,0.300,0.450,0.546,0.737,1,1,1,1,126,,1129,visual,Data,TrackUpdate,0.10,1
43,12,0,113.0,2.600,3.900,0.991,0.998,0.0,0.0,219.953,1.517,10.758,0,219.953,1.700,0.300,0.450,0.545,0.740,1,1,1,1,126,,1130,visual,Data,TrackUpdate,0.10,1
43,12,0,113.123,2.723,3.918,0.905,0.978,0.0,0.0,221.355,1.403,10.626,0,221.355,1.700,0.300,0.450,0.541,0.744,1,1,1,1,126,,1131,visual,Data,TrackUpdate,0.10,1
43,12,0,113.257,2.857,4.050,0.987,0.997,0.0,0.0,221.355,1.214,10.360,0,221.355,1.700,0.300,0.450,0.534,0.755,1,1,1,1,126,,1132,visual,Data,TrackUpdate,0.10,1
43,12,0,113.323,2.923,4.129,0.989,0.998,0.0,0.0,221.355,1.206,10.327,0,221.355,1.700,0.300,0.450,0.534,0.756,1,1,1,1,126,,1133,visual,Data,TrackUpdate,0.10,1
43,12,0,113.457,3.057,3.963,0.990,0.998,0.0,0.0,221.355,1.182,10.293,0,221.355,1.700,0.300,0.450,0.533,0.757,1,1,1,1,126,,1134,visual,Data,TrackUpdate,0.10,1
43,12,0,113.525,3.125,3.352,0.968,0.994,0.0,0.0,221.355,1.189,10.344,0,221.355,1.700,0.300,0.450,0.533,0.755,1,1,1,1,126,,1135,visual,Data,TrackUpdate,0.10,1
43,12,0,113.657,3.257,3.671,0.972,0.995,0.0,0.0,221.372,1.000,10.178,0,221.372,1.700,0.300,0.450,0.526,0.762,1,1,1,1,126,,1136,visual,Data,TrackUpdate,0.10,1
43,12,0,113.723,3.323,4.117,0.990,0.998,0.0,0.0,221.372,0.870,10.041,0,221.372,1.700,0.300,0.450,0.521,0.767,1,1,1,1,126,,1137,visual,Data,TrackUpdate,0.10,1
43,12,0,113.857,3.457,3.954,0.996,0.999,0.0,0.0,221.372,0.854,10.009,0,221.372,1.700,0.300,0.450,0.520,0.768,1,1,1,1,126,,1138,visual,Data,TrackUpdate,0.10,1
43,12,0,113.924,3.524,3.559,0.998,1.000,0.0,0.0,221.372,0.855,10.029,0,221.372,1.700,0.300,0.450,0.520,0.767,1,1,1,1,126,,1139,visual,Data,TrackUpdate,0.10,1
43,12,0,114.123,3.723,3.622,0.996,0.999,0.0,0.0,220.171,0.656,9.806,0,220.171,1.700,0.300,0.450,0.512,0.776,1,1,1,1,126,,1141,visual,Data,TrackUpdate,0.10,1
43,12,0,114.258,3.858,4.200,0.965,0.996,0.0,0.0,220.171,0.542,9.575,0,220.171,1.700,0.300,0.450,0.508,0.786,1,1,1,1,126,,1142,visual,Data,TrackUpdate,0.10,1
43,12,0,114.323,3.923,4.384,0.993,0.999,0.0,0.0,220.171,0.494,9.462,0,220.171,1.700,0.300,0.450,0.506,0.791,1,1,1,1,126,,1143,visual,Data,TrackUpdate,0.10,1
43,12,0,114.458,4.058,3.964,0.996,1.000,0.0,0.0,220.171,0.446,9.511,0,220.171,1.700,0.300,0.450,0.504,0.788,1,1,1,1,126,,1144,visual,Data,TrackUpdate,0.10,2
46,13,5,114.458,0.059,10.164,0.979,0.987,0.0,0.0,224.027,5.418,12.370,0,224.027,1.500,5.000,2.000,0.669,0.694,1,1,1,1,126,,1144,visual,Data,TrackUpdate,0.10,2
43,12,0,114.523,4.123,4.315,0.995,1.000,0.0,0.0,219.955,0.334,9.381,0,219.955,1.700,0.300,0.450,0.499,0.794,1,1,1,1,126,,1145,visual,Data,TrackUpdate,0.10,2
46,13,5,114.523,0.124,10.332,0.973,0.984,0.0,0.0,224.027,5.263,12.188,0,224.027,1.500,5.000,2.000,0.666,0.699,1,1,1,1,126,,1145,visual,Data,TrackUpdate,0.10,2
43,12,0,114.57,3.657,3.765,0.997,1.000,0.0,0.0,221.372,0.732,9.914,0,221.372,1.700,0.300,0.450,0.515,0.771,1,1,1,1,126,,1140,visual,Data,TrackUpdate,0.10,1
43,12,0,114.657,4.257,4.197,0.995,1.000,0.0,0.0,219.955,0.296,9.414,0,219.955,1.700,0.300,0.450,0.497,0.792,1,1,1,1,126,,1146,visual,Data,TrackUpdate,0.10,2
46,13,5,114.657,0.258,10.126,0.896,0.944,0.0,0.0,224.027,5.122,11.869,0,224.027,1.500,5.000,2.000,0.664,0.709,1,1,1,1,126,,1146,visual,Data,TrackUpdate,0.10,2
43,12,0,114.723,4.323,4.061,0.968,0.998,0.0,0.0,219.955,0.213,9.323,0,219.955,1.700,0.300,0.450,0.494,0.796,1,1,1,1,126,,1147,visual,Data,TrackUpdate,0.10,2
46,13,5,114.723,0.324,10.152,0.901,0.949,0.0,0.0,224.027,4.963,11.742,0,224.027,1.500,5.000,2.000,0.660,0.714,1,1,1,1,126,,1147,visual,Data,TrackUpdate,0.10,2
43,12,0,114.857,4.457,4.467,0.866,0.993,0.0,0.0,219.955,0.038,9.148,0,219.955,1.700,0.300,0.450,0.486,0.804,1,1,1,1,126,,1148,visual,Data,TrackUpdate,0.10,2
46,13,5,114.857,0.458,10.418,0.963,0.983,0.0,0.0,224.027,4.614,11.390,0,224.027,1.500,5.000,2.000,0.652,0.726,1,1,1,1,126,,1148,visual,Data,TrackUpdate,0.10,2
43,12,0,114.923,4.523,4.114,0.987,0.999,0.0,0.0,219.955,0.020,9.122,0,219.955,1.700,0.300,0.450,0.485,0.805,1,1,1,1,126,,1149,visual,Data,TrackUpdate,0.10,2
46,13,5,114.923,0.524,10.464,0.907,0.958,0.0,0.0,224.027,4.483,11.218,0,224.027,1.500,5.000,2.000,0.648,0.731,1,1,1,1,126,,1149,visual,Data,TrackUpdate,0.10,2
43,12,0,115.123,4.723,3.624,0.983,1.000,0.0,0.0,223.042,-0.075,9.071,0,223.042,1.700,0.300,0.450,0.481,0.806,1,1,1,1,126,,1151,visual,Data,TrackUpdate,0.10,2
46,13,5,115.123,0.724,10.512,0.696,0.870,0.0,0.0,230.140,4.195,10.561,0,230.140,1.500,5.000,2.000,0.643,0.756,1,1,1,1,126,,1151,visual,Data,TrackUpdate,0.10,2
43,12,0,115.257,4.857,4.074,0.997,1.000,0.0,0.0,223.042,-0.277,8.858,0,223.042,1.700,0.300,0.450,0.472,0.816,1,1,1,1,126,,1152,visual,Data,TrackUpdate,0.10,2
46,13,5,115.257,0.858,10.329,0.931,0.971,0.0,0.0,226.603,3.874,10.451,0,226.603,1.500,5.000,2.000,0.633,0.760,1,1,1,1,126,,1152,visual,Data,TrackUpdate,0.10,2
43,12,0,115.323,4.923,4.283,0.988,1.000,0.0,0.0,223.042,-0.340,8.719,0,223.042,1.700,0.300,0.450,0.469,0.822,1,1,1,1,126,,1153,visual,Data,TrackUpdate,0.10,2
46,13,5,115.323,0.924,10.330,0.942,0.976,0.0,0.0,226.603,3.723,10.320,0,226.603,1.500,5.000,2.000,0.629,0.765,1,1,1,1,126,,1153,visual,Data,TrackUpdate,0.10,2
43,12,0,115.457,5.057,4.456,0.990,1.000,0.0,0.0,222.524,-0.419,8.540,0,222.524,1.700,0.300,0.450,0.465,0.831,1,1,1,1,126,,1154,visual,Data,TrackUpdate,0.10,2
46,13,5,115.457,1.058,10.320,0.854,0.942,0.0,0.0,226.422,3.429,10.055,0,226.422,1.500,5.000,2.000,0.619,0.775,1,1,1,1,126,,1154,visual,Data,TrackUpdate,0.10,2
43,12,0,115.523,5.123,4.138,0.993,1.000,0.0,0.0,222.524,-0.416,8.587,0,222.524,1.700,0.300,0.450,0.465,0.829,1,1,1,1,126,,1155,visual,Data,TrackUpdate,0.10,2
46,13,5,115.523,1.124,10.333,0.667,0.871,0.0,0.0,226.422,3.286,9.908,0,226.422,1.500,5.000,2.000,0.615,0.781,1,1,1,1,126,,1155,visual,Data,TrackUpdate,0.10,2
43,12,0,115.57,4.657,3.693,0.987,1.000,0.0,0.0,223.042,-0.066,9.039,0,223.042,1.700,0.300,0.450,0.482,0.807,1,1,1,1,126,,1150,visual,Data,TrackUpdate,0.10,2
46,13,5,115.57,0.658,10.511,0.788,0.908,0.0,0.0,230.140,4.335,10.716,0,230.140,1.500,5.000,2.000,0.647,0.750,1,1,1,1,126,,1150,visual,Data,TrackUpdate,0.10,2
43,12,0,115.658,5.258,3.930,0.991,1.000,0.0,0.0,222.524,-0.529,8.506,0,222.524,1.700,0.300,0.450,0.460,0.831,1,1,1,1,126,,1156,visual,Data,TrackUpdate,0.10,2
46,13,5,115.658,1.259,10.577,0.952,0.982,0.0,0.0,225.157,2.878,9.538,0,225.157,1.500,5.000,2.000,0.602,0.797,1,1,1,1,126,,1156,visual,Data,TrackUpdate,0.10,2
43,12,0,115.723,5.323,4.007,0.995,1.000,0.0,0.0,222.524,-0.563,8.522,0,222.524,1.700,0.300,0.450,0.458,0.831,1,1,1,1,126,,1157,visual,Data,TrackUpdate,0.10,2
46,13,5,115.723,1.324,10.622,0.932,0.975,0.0,0.0,225.157,2.709,9.380,0,225.157,1.500,5.000,2.000,0.595,0.805,1,1,1,1,126,,1157,visual,Data,TrackUpdate,0.10,2
43,12,0,115.857,5.457,4.007,0.956,1.000,0.0,0.0,222.524,-0.665,8.551,0,222.524,1.700,0.300,0.450,0.454,0.829,1,1,1,1,126,,1158,visual,Data,TrackUpdate,0.10,2
46,13,5,115.857,1.458,10.623,0.973,0.990,0.0,0.0,224.616,2.413,9.112,0,224.616,1.500,5.000,2.000,0.585,0.816,1,1,1,1,126,,1158,visual,Data,TrackUpdate,0.10,2
43,12,0,115.923,5.523,3.991,0.798,1.000,0.0,0.0,222.524,-0.758,8.507,0,222.524,1.700,0.300,0.450,0.449,0.830,1,1,1,1,126,,1159,visual,Data,TrackUpdate,0.10,2
46,13,5,115.923,1.524,10.747,0.972,0.990,0.0,0.0,224.616,2.246,8.940,0,224.616,1.500,5.000,2.000,0.579,0.824,127,127,1,1,127,,1159,visual,Data,TrackUpdate,0.10,2
43,12,0,116.0,5.600,4.019,0.986,1.000,0.0,0.0,224.794,-0.871,8.413,0,224.794,1.700,0.300,0.450,0.444,0.834,1,1,1,1,126,,1160,visual,Data,TrackUpdate,0.10,2
46,13,5,116.0,1.601,10.988,0.991,0.997,0.0,0.0,220.332,1.901,8.837,0,220.332,1.500,5.000,2.000,0.565,0.828,127,127,1,1,127,,1160,visual,Data,TrackUpdate,0.10,2
43,12,0,116.123,5.723,4.118,0.896,1.000,0.0,0.0,224.794,-0.962,8.098,0,224.794,1.700,0.300,0.450,0.438,0.850,1,1,1,1,126,,1161,visual,Data,TrackUpdate,0.10,2
46,13,5,116.123,1.724,10.172,0.945,0.982,0.0,0.0,220.332,1.676,8.580,0,220.332,1.500,5.000,2.000,0.556,0.840,127,127,1,1,127,,1161,visual,Data,TrackUpdate,0.10,2
43,12,0,116.257,5.857,3.961,0.979,1.000,0.0,0.0,224.794,-0.993,8.176,0,224.794,1.700,0.300,0.450,0.437,0.845,1,1,1,1,126,,1162,visual,Data,TrackUpdate,0.10,2
46,13,5,116.257,1.858,10.361,0.992,0.997,0.0,0.0,220.411,1.395,8.252,0,220.411,1.500,5.000,2.000,0.544,0.856,127,127,1,1,127,,1162,visual,Data,TrackUpdate,0.10,2
43,12,0,116.323,5.923,3.975,0.985,1.000,0.0,0.0,224.794,-1.051,8.137,0,224.794,1.700,0.300,0.450,0.434,0.847,1,1,1,1,126,,1163,visual,Data,TrackUpdate,0.10,2
46,13,5,116.323,1.924,10.428,0.986,0.996,0.0,0.0,220.411,1.237,8.071,0,220.411,1.500,5.000,2.000,0.538,0.866,127,127,1,1,127,,1163,visual,Data,TrackUpdate,0.10,2
43,12,0,116.457,6.057,4.026,0.989,1.000,0.0,0.0,224.327,-1.183,8.004,0,224.327,1.700,0.300,0.450,0.428,0.854,1,1,1,1,126,,1164,visual,Data,TrackUpdate,0.10,2
46,13,5,116.457,2.058,11.175,0.971,0.991,0.0,0.0,220.063,0.734,7.511,0,220.063,1.500,5.000,2.000,0.515,0.895,127,127,1,1,127,,1164,visual,Data,TrackUpdate,0.10,2
43,12,0,116.523,6.123,4.216,0.985,1.000,0.0,0.0,224.327,-1.241,7.914,0,224.327,1.700,0.300,0.450,0.424,0.858,1,1,1,1,126,,1165,visual,Data,TrackUpdate,0.10,2
46,13,5,116.523,2.124,11.370,0.944,0.984,0.0,0.0,220.120,0.591,7.343,0,220.120,1.500,5.000,2.000,0.508,0.906,127,127,1,1,127,,1165,visual,Data,TrackUpdate,0.10,2
43,12,0,116.657,6.257,3.727,0.976,1.000,0.0,0.0,224.327,-1.271,7.836,0,224.327,1.700,0.300,0.450,0.422,0.862,1,1,1,1,126,,1166,visual,Data,TrackUpdate,0.10,2
46,13,5,116.657,2.258,11.716,0.976,0.993,0.0,0.0,220.917,0.266,6.913,0,220.917,1.500,5.000,2.000,0.491,0.930,127,127,1,1,127,,1166,visual,Data,TrackUpdate,0.10,2
43,12,0,116.723,6.323,3.814,0.498,1.000,0.0,0.0,224.327,-1.308,7.750,0,224.327,1.700,0.300,0.450,0.420,0.867,1,1,1,1,126,,1167,visual,Data,TrackUpdate,0.10,2
46,13,5,116.723,2.324,12.044,0.966,0.991,0.0,0.0,220.917,0.106,6.729,0,220.917,1.500,5.000,2.000,0.483,0.941,127,127,1,1,127,,1167,visual,Data,TrackUpdate,0.10,2
43,12,0,116.857,6.457,3.821,0.776,1.000,0.0,0.0,224.327,-1.390,7.767,0,224.327,1.700,0.300,0.450,0.417,0.865,1,1,1,1,126,,1168,visual,Data,TrackUpdate,0.10,2
46,13,5,116.857,2.458,12.058,0.994,0.998,0.0,0.0,220.923,-0.214,6.361,0,220.923,1.500,5.000,2.000,0.465,0.963,127,127,1,1,127,,1168,visual,Data,TrackUpdate,0.10,2
43,12,0,116.924,6.524,3.787,0.852,1.000,0.0,0.0,224.327,-1.449,7.707,0,224.327,1.700,0.300,0.450,0.413,0.868,1,1,1,1,126,,1169,visual,Data,TrackUpdate,0.10,2
46,13,5,116.924,2.525,12.213,0.964,0.991,0.0,0.0,220.923,-0.389,6.158,0,220.923,1.500,5.000,2.000,0.455,0.975,127,127,1,1,127,,1169,visual,Data,TrackUpdate,0.10,2
43,12,0,117.0,6.600,4.014,0.696,1.000,0.0,0.0,223.941,-1.538,7.632,0,223.941,1.700,0.300,0.450,0.408,0.871,1,1,1,1,126,,1170,visual,Data,TrackUpdate,0.10,2
46,13,5,117.0,2.601,12.337,0.980,0.995,0.0,0.0,221.196,-0.556,5.949,0,221.196,1.500,5.000,2.000,0.445,0.988,127,127,1,1,127,,1170,visual,Data,TrackUpdate,0.10,2
43,12,0,117.123,6.723,3.813,0.489,1.000,0.0,0.0,223.941,-1.595,7.631,0,223.941,1.700,0.300,0.450,0.406,0.871,1,1,1,1,126,,1171,visual,Data,TrackUpdate,0.10,2
46,13,5,117.123,2.724,12.481,0.980,0.995,0.0,0.0,221.196,-0.864,5.594,0,221.196,1.500,5.000,2.000,0.426,1.011,127,127,1,1,127,,1171,visual,Data,TrackUpdate,0.10,2
43,12,0,117.257,6.857,3.617,0.957,1.000,0.0,0.0,223.941,-1.779,7.488,0,223.941,1.700,0.300,0.450,0.396,0.877,1,1,1,1,126,,1172,visual,Data,TrackUpdate,0.10,2
46,13,5,117.257,2.858,12.537,0.980,0.996,0.0,0.0,221.184,-1.202,5.207,0,221.184,1.500,5.000,2.000,0.404,1.035,127,127,1,1,127,,1172,visual,Data,TrackUpdate,0.10,2
43,12,0,117.323,6.923,3.680,0.994,1.000,0.0,0.0,223.941,-1.832,7.392,0,223.941,1.700,0.300,0.450,0.393,0.882,1,1,1,1,126,,1173,visual,Data,TrackUpdate,0.10,2
46,13,5,117.323,2.924,12.621,0.980,0.996,0.0,0.0,220.676,-1.385,5.030,0,220.676,1.500,5.000,2.000,0.393,1.046,127,127,1,1,127,,1173,visual,Data,TrackUpdate,0.10,2
43,12,0,117.457,7.057,3.833,0.976,1.000,0.0,0.0,223.925,-1.888,7.245,0,223.925,1.700,0.300,0.450,0.389,0.890,1,1,1,1,126,,1174,visual,Data,TrackUpdate,0.10,2
46,13,5,117.457,3.058,12.791,0.980,0.996,0.0,0.0,220.689,-1.723,4.640,0,220.689,1.500,5.000,2.000,0.369,1.071,127,127,1,1,127,,1174,visual,Data,TrackUpdate,0.10,2
43,12,0,117.525,7.125,3.737,0.996,1.000,0.0,0.0,223.925,-1.914,7.201,0,223.925,1.700,0.300,0.450,0.387,0.893,1,1,1,1,126,,1175,visual,Data,TrackUpdate,0.10,1
43,12,0,117.657,7.257,3.958,0.985,1.000,0.0,0.0,223.925,-2.038,7.084,0,223.925,1.700,0.300,0.450,0.380,0.898,1,1,1,1,126,,1176,visual,Data,TrackUpdate,0.10,1
43,12,0,117.723,7.323,3.657,0.992,1.000,0.0,0.0,223.925,-2.066,7.081,0,223.925,1.700,0.300,0.450,0.379,0.898,1,1,1,1,126,,1177,visual,Data,TrackUpdate,0.10,1
43,12,0,117.857,7.457,3.937,0.998,1.000,0.0,0.0,223.925,-2.170,7.012,0,223.925,1.700,0.300,0.450,0.373,0.901,1,1,1,1,126,,1178,visual,Data,TrackUpdate,0.10,1
43,12,0,117.923,7.523,4.336,0.971,1.000,0.0,0.0,223.466,-2.319,6.674,0,223.466,1.700,0.300,0.450,0.362,0.919,127,127,1,1,127,,1179,visual,Data,TrackUpdate,0.10,1
43,12,0,118.0,7.600,4.734,0.972,1.000,0.0,0.0,220.193,-2.169,6.052,0,220.193,1.700,0.300,0.450,0.362,0.962,127,127,1,1,127,,1180,visual,Data,TrackUpdate,0.10,1
43,12,0,118.123,7.723,3.389,0.856,1.000,0.0,0.0,223.744,-2.215,6.811,0,223.744,1.700,0.300,0.450,0.369,0.913,1,1,1,1,126,,1181,visual,Data,TrackUpdate,0.10,1
43,12,0,118.257,7.857,3.735,0.760,1.000,0.0,0.0,223.744,-2.264,6.618,0,223.744,1.700,0.300,0.450,0.364,0.924,1,1,1,1,126,,1182,visual,Data,TrackUpdate,0.10,1
43,12,0,118.324,7.924,3.494,0.986,1.000,0.0,0.0,223.744,-2.313,6.678,0,223.744,1.700,0.300,0.450,0.362,0.919,1,1,1,1,126,,1183,visual,Data,TrackUpdate,0.10,1
43,12,0,118.400,8.000,4.146,0.975,1.000,0.0,0.0,220.702,-2.221,6.084,0,220.702,1.700,0.300,0.450,0.360,0.959,127,127,1,1,127,,1184,visual,Data,TrackUpdate,0.10,1
43,12,0,118.523,8.123,4.184,0.981,1.000,0.0,0.0,220.702,-2.356,5.912,0,220.702,1.700,0.300,0.450,0.351,0.969,127,127,1,1,127,,1185,visual,Data,TrackUpdate,0.10,1
43,12,0,118.657,8.257,3.580,0.743,1.000,0.0,0.0,220.702,-2.468,6.286,0,220.702,1.700,0.300,0.450,0.350,0.943,1,1,1,1,126,,1186,visual,Data,TrackUpdate,0.10,1
43,12,0,118.723,8.323,3.497,0.953,1.000,0.0,0.0,220.702,-2.518,6.260,0,220.702,1.700,0.300,0.450,0.347,0.944,1,1,1,1,126,,1187,visual,Data,TrackUpdate,0.10,1
43,12,0,118.857,8.457,3.511,0.680,1.000,0.0,0.0,220.702,-2.611,6.318,0,220.702,1.700,0.300,0.450,0.344,0.938,1,1,1,1,126,,1188,visual,Data,TrackUpdate,0.10,1
43,12,0,118.923,8.523,3.531,0.792,1.000,0.0,0.0,220.702,-2.656,6.237,0,220.702,1.700,0.300,0.450,0.340,0.943,1,1,1,1,126,,1189,visual,Data,TrackUpdate,0.10,1
43,12,0,119.0,8.600,3.420,0.864,1.000,0.0,0.0,224.005,-2.680,6.183,0,224.005,1.700,0.300,0.450,0.339,0.946,127,127,1,1,127,,1190,visual,Data,TrackUpdate,0.10,1
48,14,0,120.1,0.000,3.223,0.979,0.981,0.0,0.0,236.335,-3.283,4.892,0,236.335,1.700,0.300,0.450,0.289,1.022,1,1,1,1,126,,1200,visual,Data,TrackUpdate,0.10,1
49,15,1,125.457,0.059,14.728,0.816,0.848,0.0,0.0,39.972,2.519,8.728,0,39.972,1.800,1.800,0.700,0.591,0.835,1,1,1,1,126,,1254,visual,Data,TrackUpdate,0.10,1
49,15,1,125.523,0.125,14.378,0.600,0.682,0.0,0.0,39.972,2.700,8.880,0,39.972,1.800,1.800,0.700,0.598,0.828,1,1,1,1,126,,1255,visual,Data,TrackUpdate,0.10,1
49,15,1,125.660,0.262,14.038,0.626,0.726,0.0,0.0,39.972,3.030,9.261,0,39.972,1.800,1.800,0.700,0.609,0.810,1,1,1,1,126,,1256,visual,Data,TrackUpdate,0.10,1
49,15,1,125.724,0.326,14.006,0.375,0.561,0.0,0.0,43.142,3.232,9.407,0,43.142,1.800,1.800,0.700,0.616,0.804,1,1,1,1,126,,1257,visual,Data,TrackUpdate,0.10,1
49,15,1,125.857,0.459,14.676,0.687,0.805,0.0,0.0,42.149,3.645,9.922,0,42.149,1.800,1.800,0.700,0.628,0.781,1,1,1,1,126,,1258,visual,Data,TrackUpdate,0.10,1
49,15,1,125.923,0.525,13.810,0.878,0.926,0.0,0.0,42.149,3.699,9.979,0,42.149,1.800,1.800,0.700,0.630,0.779,1,1,1,1,126,,1259,visual,Data,TrackUpdate,0.10,1
49,15,1,126.0,0.602,14.121,0.862,0.922,0.0,0.0,42.149,3.765,9.614,0,42.149,1.700,0.300,0.450,0.635,0.795,1,1,1,1,126,,1260,visual,Data,TrackUpdate,0.10,1
49,15,1,126.123,0.725,13.925,0.549,0.771,0.0,0.0,41.974,4.080,9.912,0,41.974,1.700,0.300,0.450,0.644,0.782,1,1,1,1,126,,1261,visual,Data,TrackUpdate,0.10,1
49,15,1,126.257,0.859,14.273,0.490,0.780,0.0,0.0,41.867,4.480,10.398,0,41.867,1.700,0.300,0.450,0.655,0.763,1,1,1,1,126,,1262,visual,Data,TrackUpdate,0.10,1
49,15,1,126.323,0.925,14.269,0.490,0.792,0.0,0.0,41.867,4.651,10.594,0,41.867,1.700,0.300,0.450,0.659,0.756,127,127,1,1,127,,1263,visual,Data,TrackUpdate,0.10,1
49,15,1,126.457,1.059,14.269,0.490,0.799,0.0,0.0,41.302,5.000,10.994,0,41.302,1.700,0.300,0.450,0.667,0.741,127,127,1,1,127,,1264,visual,Data,TrackUpdate,0.10,1
49,15,1,126.523,1.125,15.519,0.681,0.876,0.0,0.0,40.153,5.423,11.615,0,40.153,1.700,0.300,0.450,0.676,0.719,1,1,1,1,126,,1265,visual,Data,TrackUpdate,0.10,1
49,15,1,126.657,1.259,14.912,0.824,0.934,0.0,0.0,40.153,5.663,12.193,0,40.153,1.900,1.100,0.450,0.678,0.699,127,127,1,1,127,,1266,visual,Data,TrackUpdate,0.10,1
49,15,1,126.723,1.325,14.915,0.824,0.935,0.0,0.0,38.861,5.818,12.421,0,38.861,1.900,1.100,0.450,0.681,0.693,127,127,1,1,127,,1267,visual,Data,TrackUpdate,0.10,1
49,15,1,126.857,1.459,14.911,0.824,0.938,0.0,0.0,38.649,6.150,12.865,0,38.649,1.900,1.100,0.450,0.686,0.680,127,127,1,1,127,,1268,visual,Data,TrackUpdate,0.10,1
49,15,1,126.924,1.526,14.910,0.824,0.939,0.0,0.0,38.649,6.318,13.085,0,38.649,1.900,1.100,0.450,0.689,0.673,127,127,1,1,127,,1269,visual,Data,TrackUpdate,0.10,1
49,15,1,127.0,1.602,14.910,0.824,0.940,0.0,0.0,38.332,6.508,13.336,0,38.332,1.900,1.100,0.450,0.692,0.667,127,127,1,1,127,,1270,visual,Data,TrackUpdate,0.10,1
50,16,0,136.123,0.000,9.379,0.955,0.967,0.0,0.0,227.332,3.842,12.756,0,227.332,1.900,1.100,0.450,0.618,0.678,1,1,1,1,126,,1361,visual,Data,TrackUpdate,0.10,1
50,16,0,136.257,0.134,8.801,0.981,0.987,0.0,0.0,227.332,3.650,12.685,0,227.332,1.900,1.100,0.450,0.612,0.679,1,1,1,1,126,,1362,visual,Data,TrackUpdate,0.10,1
50,16,0,136.323,0.200,8.889,0.989,0.993,0.0,0.0,227.332,3.484,12.600,0,227.332,1.900,1.100,0.450,0.607,0.681,1,1,1,1,126,,1363,visual,Data,TrackUpdate,0.10,1
50,16,0,136.400,0.277,8.928,0.998,0.999,0.0,0.0,233.406,3.382,12.400,0,233.406,1.900,1.100,0.450,0.605,0.687,1,1,1,1,126,,1364,visual,Data,TrackUpdate,0.10,1
50,16,0,136.523,0.400,8.896,0.998,0.999,0.0,0.0,233.406,3.148,12.210,0,233.406,1.900,1.100,0.450,0.598,0.693,1,1,1,1,126,,1365,visual,Data,TrackUpdate,0.10,1
50,16,0,136.657,0.534,9.859,0.992,0.996,0.0,0.0,229.439,2.682,11.462,0,229.439,1.700,0.300,0.450,0.585,0.718,1,1,1,1,126,,1366,visual,Data,TrackUpdate,0.10,1
50,16,0,136.723,0.600,9.975,0.982,0.991,0.0,0.0,226.325,2.539,11.280,0,226.325,1.700,0.300,0.450,0.581,0.724,1,1,1,1,126,,1367,visual,Data,TrackUpdate,0.10,1
50,16,0,136.857,0.734,9.504,0.994,0.997,0.0,0.0,226.325,2.407,11.179,0,226.325,1.700,0.300,0.450,0.577,0.727,1,1,1,1,126,,1368,visual,Data,TrackUpdate,0.10,1
50,16,0,136.925,0.802,9.391,0.991,0.996,0.0,0.0,226.325,2.308,11.091,0,226.325,1.700,0.300,0.450,0.573,0.731,1,1,1,1,126,,1369,visual,Data,TrackUpdate,0.10,1
50,16,0,137.0,0.877,9.659,0.994,0.998,0.0,0.0,225.119,2.093,10.848,0,225.119,1.700,0.300,0.450,0.567,0.738,1,1,1,1,126,,1370,visual,Data,TrackUpdate,0.10,1
50,16,0,137.123,1.000,9.698,0.993,0.997,0.0,0.0,225.119,1.858,10.590,0,225.119,1.700,0.300,0.450,0.558,0.748,1,1,1,1,126,,1371,visual,Data,TrackUpdate,0.10,1
50,16,0,137.257,1.134,10.049,0.990,0.996,0.0,0.0,224.285,1.545,10.124,0,224.285,1.700,0.300,0.450,0.547,0.767,1,1,1,1,126,,1372,visual,Data,TrackUpdate,0.10,1
50,16,0,137.323,1.200,9.948,0.990,0.996,0.0,0.0,224.285,1.465,10.030,0,224.285,1.700,0.300,0.450,0.544,0.769,1,1,1,1,126,,1373,visual,Data,TrackUpdate,0.10,1
50,16,0,137.459,1.336,10.022,0.976,0.991,0.0,0.0,224.135,1.183,9.715,0,224.135,1.700,0.300,0.450,0.534,0.782,1,1,1,1,126,,1374,visual,Data,TrackUpdate,0.10,1
50,16,0,137.526,1.403,9.944,0.969,0.989,0.0,0.0,224.135,1.070,9.643,0,224.135,1.700,0.300,0.450,0.529,0.785,1,1,1,1,126,,1375,visual,Data,TrackUpdate,0.10,1
50,16,0,137.657,1.534,9.850,0.996,0.999,0.0,0.0,224.211,0.837,9.451,0,224.211,1.700,0.300,0.450,0.520,0.794,1,1,1,1,126,,1376,visual,Data,TrackUpdate,0.10,1
50,16,0,137.723,1.600,10.124,0.994,0.998,0.0,0.0,224.211,0.710,9.334,0,224.211,1.700,0.300,0.450,0.515,0.798,1,1,1,1,126,,1377,visual,Data,TrackUpdate,0.10,1
50,16,0,137.857,1.734,10.289,0.992,0.997,0.0,0.0,224.236,0.438,9.060,0,224.236,1.700,0.300,0.450,0.503,0.810,1,1,1,1,126,,1378,visual,Data,TrackUpdate,0.10,1
50,16,0,137.925,1.802,10.564,0.995,0.998,0.0,0.0,224.236,0.318,8.920,0,224.236,1.700,0.300,0.450,0.497,0.816,1,1,1,1,126,,1379,visual,Data,TrackUpdate,0.10,1
50,16,0,138.0,1.877,10.733,0.995,0.998,0.0,0.0,224.236,0.204,9.109,0,224.236,1.900,1.100,0.450,0.493,0.806,1,1,1,1,126,,1380,visual,Data,TrackUpdate,0.10,1
50,16,0,138.125,2.002,10.078,0.991,0.997,0.0,0.0,224.640,0.010,8.953,0,224.640,1.900,1.100,0.450,0.484,0.812,1,1,1,1,126,,1381,visual,Data,TrackUpdate,0.10,1
50,16,0,138.257,2.134,9.770,0.993,0.998,0.0,0.0,224.640,-0.227,8.768,0,224.640,1.900,1.100,0.450,0.473,0.820,1,1,1,1,126,,1382,visual,Data,TrackUpdate,0.10,1
50,16,0,138.323,2.200,10.148,0.996,0.999,0.0,0.0,224.640,-0.345,8.669,0,224.640,1.900,1.100,0.450,0.468,0.824,1,1,1,1,126,,1383,visual,Data,TrackUpdate,0.10,1
50,16,0,138.400,2.277,9.792,0.995,0.999,0.0,0.0,225.364,-0.442,8.240,0,225.364,1.700,0.300,0.450,0.463,0.846,1,1,1,1,126,,1384,visual,Data,TrackUpdate,0.10,1
50,16,0,138.523,2.400,9.538,0.995,0.999,0.0,0.0,225.364,-0.629,8.106,0,225.364,1.700,0.300,0.450,0.453,0.852,1,1,1,1,126,,1385,visual,Data,TrackUpdate,0.10,1
50,16,0,138.657,2.534,9.603,0.997,0.999,0.0,0.0,225.361,-0.808,7.890,0,225.361,1.700,0.300,0.450,0.444,0.863,1,1,1,1,126,,1386,visual,Data,TrackUpdate,0.10,1
50,16,0,138.723,2.600,9.573,0.996,0.999,0.0,0.0,225.361,-0.905,7.767,0,225.361,1.700,0.300,0.450,0.439,0.869,1,1,1,1,126,,1387,visual,Data,TrackUpdate,0.10,1
50,16,0,138.857,2.734,9.390,0.994,0.999,0.0,0.0,225.361,-1.066,7.646,0,225.361,1.700,0.300,0.450,0.430,0.875,1,1,1,1,126,,1388,visual,Data,TrackUpdate,0.10,1
50,16,0,138.923,2.800,9.287,0.992,0.998,0.0,0.0,225.170,-1.196,7.489,0,225.170,1.700,0.300,0.450,0.423,0.882,1,1,1,1,126,,1389,visual,Data,TrackUpdate,0.10,1
50,16,0,139.1,2.878,8.732,0.993,0.999,0.0,0.0,225.170,-1.245,7.428,0,225.170,1.700,0.300,0.450,0.420,0.886,1,1,1,1,126,,1390,visual,Data,TrackUpdate,0.10,1
50,16,0,139.123,3.000,8.403,0.529,0.906,0.0,0.0,225.170,-1.310,7.398,0,225.170,1.700,0.300,0.450,0.417,0.887,1,1,1,1,126,,1391,visual,Data,TrackUpdate,0.10,1
50,16,0,139.257,3.134,8.278,0.486,0.904,0.0,0.0,225.170,-1.436,7.355,0,225.170,1.700,0.300,0.450,0.411,0.888,1,1,1,1,126,,1392,visual,Data,TrackUpdate,0.10,1
50,16,0,139.323,3.200,8.199,0.974,0.995,0.0,0.0,226.040,-1.625,7.200,0,226.040,1.700,0.300,0.450,0.401,0.895,1,1,1,1,126,,1393,visual,Data,TrackUpdate,0.10,1
50,16,0,139.457,3.334,7.954,0.996,0.999,0.0,0.0,226.040,-1.769,7.052,0,226.040,1.700,0.300,0.450,0.392,0.903,1,1,1,1,126,,1394,visual,Data,TrackUpdate,0.10,1
50,16,0,139.523,3.400,7.685,0.996,0.999,0.0,0.0,226.040,-1.824,7.002,0,226.040,1.700,0.300,0.450,0.389,0.906,1,1,1,1,126,,1395,visual,Data,TrackUpdate,0.10,1
50,16,0,139.657,3.534,7.221,0.995,0.999,0.0,0.0,226.040,-1.928,6.942,0,226.040,1.700,0.300,0.450,0.384,0.908,1,1,1,1,126,,1396,visual,Data,TrackUpdate,0.10,1
50,16,0,139.723,3.600,7.320,0.998,1.000,0.0,0.0,225.564,-2.037,6.840,0,225.564,1.700,0.300,0.450,0.378,0.913,1,1,1,1,126,,1397,visual,Data,TrackUpdate,0.10,1
50,16,0,139.857,3.734,6.736,0.998,1.000,0.0,0.0,225.564,-2.093,6.786,0,225.564,1.700,0.300,0.450,0.374,0.916,1,1,1,1,126,,1398,visual,Data,TrackUpdate,0.10,1
50,16,0,139.923,3.800,6.513,0.996,1.000,0.0,0.0,225.564,-2.169,6.729,0,225.564,1.700,0.300,0.450,0.370,0.918,1,1,1,1,126,,1399,visual,Data,TrackUpdate,0.10,1
50,16,0,140.0,3.877,6.579,0.995,0.999,0.0,0.0,225.564,-2.263,6.649,0,225.564,1.700,0.300,0.450,0.365,0.922,1,1,1,1,126,,1400,visual,Data,TrackUpdate,0.10,1
50,16,0,140.123,4.000,6.344,0.964,0.996,0.0,0.0,225.564,-2.366,6.545,0,225.564,1.700,0.300,0.450,0.358,0.927,1,1,1,1,126,,1401,visual,Data,TrackUpdate,0.10,1
50,16,0,140.257,4.134,6.070,0.978,0.998,0.0,0.0,225.601,-2.488,6.325,0,225.601,1.700,0.300,0.450,0.349,0.940,127,127,1,1,127,,1402,visual,Data,TrackUpdate,0.10,1
50,16,0,140.323,4.200,6.086,0.970,0.998,0.0,0.0,225.601,-2.550,6.225,0,225.601,1.700,0.300,0.450,0.345,0.945,127,127,1,1,127,,1403,visual,Data,TrackUpdate,0.10,1
50,16,0,140.400,4.277,5.840,0.985,0.999,0.0,0.0,225.601,-2.605,6.184,0,225.601,1.700,0.300,0.450,0.342,0.946,127,127,1,1,127,,1404,visual,Data,TrackUpdate,0.10,1
50,16,0,140.523,4.400,5.921,0.949,0.997,0.0,0.0,225.110,-2.805,5.970,0,225.110,1.700,0.300,0.450,0.329,0.957,127,127,1,1,127,,1405,visual,Data,TrackUpdate,0.10,1
50,16,0,140.657,4.534,5.851,0.880,0.994,0.0,0.0,225.110,-2.983,5.848,0,225.110,1.700,0.300,0.450,0.319,0.963,127,127,1,1,127,,1406,visual,Data,TrackUpdate,0.10,1
50,16,0,140.724,4.601,5.680,0.980,0.999,0.0,0.0,225.110,-3.048,5.797,0,225.110,1.700,0.300,0.450,0.315,0.965,127,127,1,1,127,,1407,visual,Data,TrackUpdate,0.10,1
50,16,0,140.857,4.734,5.620,0.990,1.000,0.0,0.0,225.575,-3.209,5.667,0,225.575,1.700,0.300,0.450,0.305,0.970,127,127,1,1,127,,1408,visual,Data,TrackUpdate,0.10,1
50,16,0,140.923,4.800,5.488,0.990,1.000,0.0,0.0,225.575,-3.278,5.644,0,225.575,1.700,0.300,0.450,0.302,0.971,127,127,1,1,127,,1409,visual,Data,TrackUpdate,0.10,1
50,16,0,141.0,4.877,5.428,0.991,1.000,0.0,0.0,225.575,-3.416,5.550,0,225.575,1.700,0.300,0.450,0.293,0.974,127,127,1,1,127,,1410,visual,Data,TrackUpdate,0.10,1
50,16,0,141.123,5.000,5.595,0.841,1.000,0.0,0.0,225.575,-3.600,5.445,0,225.575,1.700,0.300,0.450,0.282,0.978,127,127,1,1,127,,1411,visual,Data,TrackUpdate,0.10,1
50,16,0,141.257,5.134,5.308,0.339,1.000,0.0,0.0,227.495,-3.792,5.340,0,227.495,1.700,0.300,0.450,0.271,0.981,127,127,1,1,127,,1412,visual,Data,TrackUpdate,0.10,1
53,17,1,146.323,0.000,6.677,0.810,0.891,0.0,0.0,223.850,3.042,11.480,0,223.850,1.700,0.300,0.450,0.598,0.718,1,1,1,1,126,,1463,visual,Data,TrackUpdate,0.10,1
53,17,1,146.457,0.134,7.473,0.613,0.806,0.0,0.0,227.969,2.565,11.189,0,227.969,1.700,0.300,0.450,0.582,0.727,1,1,1,1,126,,1464,visual,Data,TrackUpdate,0.10,1
53,17,1,146.524,0.201,8.405,0.867,0.936,0.0,0.0,227.969,2.430,10.995,0,227.969,1.700,0.300,0.450,0.578,0.734,1,1,1,1,126,,1465,visual,Data,TrackUpdate,0.10,1
53,17,1,146.657,0.334,11.202,0.679,0.850,0.0,0.0,226.895,2.119,10.711,0,226.895,1.700,0.300,0.450,0.568,0.744,1,1,1,1,126,,1466,visual,Data,TrackUpdate,0.10,1
53,17,1,146.724,0.401,11.739,0.604,0.818,0.0,0.0,226.895,1.871,10.347,0,226.895,1.700,0.300,0.450,0.560,0.758,1,1,1,1,126,,1467,visual,Data,TrackUpdate,0.10,1
53,17,1,146.858,0.535,11.973,0.867,0.941,0.0,0.0,224.883,1.661,10.097,0,224.883,1.700,0.300,0.450,0.552,0.768,1,1,1,1,126,,1468,visual,Data,TrackUpdate,0.10,1
53,17,1,146.923,0.600,11.914,0.912,0.961,0.0,0.0,224.883,1.518,9.973,0,224.883,1.700,0.300,0.450,0.546,0.773,1,1,1,1,126,,1469,visual,Data,TrackUpdate,0.10,1
53,17,1,147.0,0.677,12.201,0.821,0.923,0.0,0.0,224.883,1.414,9.892,0,224.883,1.700,0.300,0.450,0.542,0.776,1,1,1,1,126,,1470,visual,Data,TrackUpdate,0.10,1
53,17,1,147.124,0.801,11.999,0.951,0.979,0.0,0.0,225.401,1.041,9.520,0,225.401,1.700,0.300,0.450,0.528,0.792,1,1,1,1,126,,1471,visual,Data,TrackUpdate,0.10,1
53,17,1,147.257,0.934,12.466,0.987,0.995,0.0,0.0,225.074,0.717,9.162,0,225.074,1.700,0.300,0.450,0.515,0.806,1,1,1,1,126,,1472,visual,Data,TrackUpdate,0.10,1
53,17,1,147.324,1.001,12.016,0.984,0.994,0.0,0.0,225.074,0.562,8.989,0,225.074,1.700,0.300,0.450,0.508,0.814,1,1,1,1,126,,1473,visual,Data,TrackUpdate,0.10,1
53,17,1,147.458,1.135,12.710,0.985,0.994,0.0,0.0,224.935,0.274,9.262,0,224.935,1.800,1.800,0.700,0.496,0.799,1,1,1,1,126,,1474,visual,Data,TrackUpdate,0.10,1
53,17,1,147.524,1.201,11.754,0.995,0.998,0.0,0.0,224.935,0.098,9.046,0,224.935,1.800,1.800,0.700,0.489,0.808,1,1,1,1,126,,1475,visual,Data,TrackUpdate,0.10,1
53,17,1,147.657,1.334,11.981,0.989,0.996,0.0,0.0,224.862,-0.141,8.758,0,224.862,1.800,1.800,0.700,0.478,0.821,1,1,1,1,126,,1476,visual,Data,TrackUpdate,0.10,1
53,17,1,147.723,1.400,12.249,0.994,0.998,0.0,0.0,224.862,-0.279,8.615,0,224.862,1.800,1.800,0.700,0.471,0.828,1,1,1,1,126,,1477,visual,Data,TrackUpdate,0.10,1
53,17,1,147.858,1.535,12.559,0.992,0.997,0.0,0.0,224.949,-0.549,8.367,0,224.949,1.800,1.800,0.700,0.458,0.839,1,1,1,1,126,,1478,visual,Data,TrackUpdate,0.10,1
53,17,1,147.923,1.600,12.660,0.994,0.998,0.0,0.0,224.949,-0.732,8.148,0,224.949,1.800,1.800,0.700,0.448,0.849,1,1,1,1,126,,1479,visual,Data,TrackUpdate,0.10,1
53,17,1,148.123,1.800,11.736,0.944,0.982,0.0,0.0,223.711,-1.094,7.821,0,223.711,1.800,1.800,0.700,0.430,0.865,1,1,1,1,126,,1481,visual,Data,TrackUpdate,0.10,2
55,18,1,148.123,0.000,13.361,0.900,0.936,0.0,0.0,224.524,1.395,9.848,0,224.524,1.800,1.800,0.700,0.542,0.778,1,1,1,1,126,,1481,visual,Data,TrackUpdate,0.10,2
53,17,1,148.257,1.934,11.776,0.358,0.803,0.0,0.0,223.996,-1.433,7.429,0,223.996,1.800,1.800,0.700,0.411,0.883,1,1,1,1,126,,1482,visual,Data,TrackUpdate,0.10,2
55,18,1,148.257,0.134,13.447,0.890,0.937,0.0,0.0,222.684,0.944,9.560,0,222.684,1.800,1.800,0.700,0.524,0.789,1,1,1,1,126,,1482,visual,Data,TrackUpdate,0.10,2
53,17,1,148.323,2.000,11.919,0.738,0.921,0.0,0.0,223.996,-1.557,7.295,0,223.996,1.800,1.800,0.700,0.405,0.891,1,1,1,1,126,,1483,visual,Data,TrackUpdate,0.10,2
55,18,1,148.323,0.200,13.346,0.971,0.984,0.0,0.0,222.684,0.785,9.414,0,222.684,1.800,1.800,0.700,0.518,0.794,1,1,1,1,126,,1483,visual,Data,TrackUpdate,0.10,2
53,17,1,148.456,2.133,11.109,0.996,0.999,0.0,0.0,224.751,-1.794,7.041,0,224.751,1.800,1.800,0.700,0.391,0.904,1,1,1,1,126,,1484,visual,Data,TrackUpdate,0.10,2
55,18,1,148.456,0.333,13.456,0.980,0.990,0.0,0.0,225.566,0.411,9.026,0,225.566,1.800,1.800,0.700,0.502,0.811,1,1,1,1,126,,1484,visual,Data,TrackUpdate,0.10,2
53,17,1,148.523,2.200,11.180,0.997,0.999,0.0,0.0,224.751,-1.957,6.812,0,224.751,1.800,1.800,0.700,0.381,0.916,127,127,1,1,127,,1485,visual,Data,TrackUpdate,0.10,2
55,18,1,148.523,0.400,13.470,0.989,0.995,0.0,0.0,225.566,0.256,8.810,0,225.566,1.800,1.800,0.700,0.495,0.821,1,1,1,1,126,,1485,visual,Data,TrackUpdate,0.10,2
53,17,1,148.57,1.734,12.072,0.967,0.989,0.0,0.0,223.711,-0.967,7.878,0,223.711,1.800,1.800,0.700,0.436,0.863,1,1,1,1,126,,1480,visual,Data,TrackUpdate,0.10,1
53,17,1,148.657,2.334,11.303,0.997,0.999,0.0,0.0,224.369,-2.201,6.557,0,224.369,1.800,1.800,0.700,0.366,0.929,127,127,1,1,127,,1486,visual,Data,TrackUpdate,0.10,2
55,18,1,148.657,0.534,13.118,0.993,0.997,0.0,0.0,224.270,-0.009,8.555,0,224.270,1.800,1.800,0.700,0.483,0.832,1,1,1,1,126,,1486,visual,Data,TrackUpdate,0.10,2
53,17,1,148.723,2.400,11.362,0.996,0.999,0.0,0.0,224.369,-2.353,6.393,0,224.369,1.800,1.800,0.700,0.357,0.937,127,127,1,1,127,,1487,visual,Data,TrackUpdate,0.10,2
55,18,1,148.723,0.600,13.167,0.991,0.996,0.0,0.0,224.270,-0.186,8.356,0,224.270,1.800,1.800,0.700,0.474,0.843,1,1,1,1,126,,1487,visual,Data,TrackUpdate,0.10,2
53,17,1,148.857,2.534,11.108,0.953,0.988,0.0,0.0,223.933,-2.573,6.167,0,223.933,1.800,1.800,0.700,0.343,0.948,127,127,1,1,127,,1488,visual,Data,TrackUpdate,0.10,2
55,18,1,148.857,0.734,13.185,0.981,0.992,0.0,0.0,225.099,-0.514,7.965,0,225.099,1.800,1.800,0.700,0.458,0.861,1,1,1,1,126,,1488,visual,Data,TrackUpdate,0.10,2
53,17,1,148.923,2.600,11.348,0.445,0.867,0.0,0.0,223.933,-2.805,5.918,0,223.933,1.800,1.800,0.700,0.329,0.961,127,127,1,1,127,,1489,visual,Data,TrackUpdate,0.10,2
55,18,1,148.923,0.800,13.026,0.992,0.997,0.0,0.0,225.099,-0.635,7.845,0,225.099,1.800,1.800,0.700,0.452,0.868,1,1,1,1,126,,1489,visual,Data,TrackUpdate,0.10,2
55,18,1,149.123,1.000,13.041,0.996,0.998,0.0,0.0,224.524,-1.175,7.339,0,224.524,1.800,1.800,0.700,0.423,0.892,1,1,1,1,126,,1491,visual,Data,TrackUpdate,0.10,1
55,18,1,149.257,1.134,12.924,0.972,0.989,0.0,0.0,224.805,-1.505,7.072,0,224.805,1.800,1.800,0.700,0.405,0.905,1,1,1,1,126,,1492,visual,Data,TrackUpdate,0.10,1
55,18,1,149.323,1.200,13.087,0.987,0.995,0.0,0.0,225.741,-1.749,6.845,0,225.741,1.800,1.800,0.700,0.391,0.916,127,127,1,1,127,,1493,visual,Data,TrackUpdate,0.10,1
55,18,1,149.457,1.334,13.152,0.969,0.989,0.0,0.0,224.877,-2.148,6.497,0,224.877,1.800,1.800,0.700,0.368,0.933,127,127,1,1,127,,1494,visual,Data,TrackUpdate,0.10,1
55,18,1,149.523,1.400,13.148,0.922,0.972,0.0,0.0,224.877,-2.321,6.333,0,224.877,1.800,1.800,0.700,0.358,0.941,127,127,1,1,127,,1495,visual,Data,TrackUpdate,0.10,1
55,18,1,149.57,0.934,13.068,0.996,0.998,0.0,0.0,224.524,-1.018,7.501,0,224.524,1.800,1.800,0.700,0.432,0.883,1,1,1,1,126,,1490,visual,Data,TrackUpdate,0.10,1
55,18,1,149.657,1.534,13.195,0.975,0.991,0.0,0.0,225.055,-2.663,6.004,0,225.055,1.800,1.800,0.700,0.336,0.957,127,127,1,1,127,,1496,visual,Data,TrackUpdate,0.10,1
55,18,1,149.723,1.600,13.451,0.819,0.938,0.0,0.0,225.055,-2.883,5.792,0,225.055,1.800,1.800,0.700,0.323,0.969,127,127,1,1,127,,1497,visual,Data,TrackUpdate,0.10,1
55,18,1,149.857,1.734,13.112,0.508,0.839,0.0,0.0,224.988,-3.224,5.462,0,224.988,1.800,1.800,0.700,0.301,0.984,127,127,1,1,127,,1498,visual,Data,TrackUpdate,0.10,1
55,18,1,149.923,1.800,13.237,0.363,0.796,0.0,0.0,224.988,-3.396,5.294,0,224.988,1.800,1.800,0.700,0.290,0.992,127,127,1,1,127,,1499,visual,Data,TrackUpdate,0.10,1
8,0,0,15.257,0.067,8.312,0.989,0.990,0.0,0.0,50.111,1.299,5.687,0,50.111,1.700,0.300,0.450,0.544,1.019,127,127,1,1,127,,152,visual,Data,TrackUpdate,0.10,1
8,0,0,15.323,0.133,8.184,0.990,0.991,0.0,0.0,50.111,1.445,5.719,0,50.111,1.700,0.300,0.450,0.552,1.018,127,127,1,1,127,,153,visual,Data,TrackUpdate,0.10,1
8,0,0,15.457,0.267,7.534,0.993,0.994,0.0,0.0,50.111,1.632,5.793,0,50.111,1.700,0.300,0.450,0.561,1.012,127,127,1,1,127,,154,visual,Data,TrackUpdate,0.10,1
8,0,0,15.523,0.333,7.543,0.993,0.994,0.0,0.0,50.111,1.750,5.867,0,50.111,1.700,0.300,0.450,0.567,1.006,127,127,1,1,127,,155,visual,Data,TrackUpdate,0.10,1
8,0,0,15.657,0.467,6.825,0.994,0.995,0.0,0.0,50.111,1.883,5.883,0,50.111,1.700,0.300,0.450,0.573,1.006,127,127,1,1,127,,156,visual,Data,TrackUpdate,0.10,1
8,0,0,15.724,0.534,6.842,0.993,0.995,0.0,0.0,50.111,2.004,5.936,0,50.111,1.700,0.300,0.450,0.580,1.002,127,127,1,1,127,,157,visual,Data,TrackUpdate,0.10,1
8,0,0,15.857,0.667,6.563,0.992,0.994,0.0,0.0,50.111,2.138,6.054,0,50.111,1.700,0.300,0.450,0.586,0.994,127,127,1,1,127,,158,visual,Data,TrackUpdate,0.10,1
8,0,0,15.925,0.735,6.543,0.991,0.993,0.0,0.0,61.634,2.249,6.100,0,61.634,1.700,0.300,0.450,0.591,0.991,127,127,1,1,127,,159,visual,Data,TrackUpdate,0.10,1
55,18,1,150.0,1.877,13.198,0.505,0.845,0.0,0.0,225.053,-3.565,5.128,0,225.053,1.800,1.800,0.700,0.279,1.000,127,127,1,1,127,,1500,visual,Data,TrackUpdate,0.10,1
57,19,5,154.258,0.000,11.298,0.936,0.950,0.0,0.0,39.577,3.140,10.793,0,39.577,1.500,5.000,2.000,0.605,0.744,1,1,1,1,126,,1542,visual,Data,TrackUpdate,0.10,1
57,19,5,154.323,0.065,11.284,0.983,0.987,0.0,0.0,39.577,3.268,10.952,0,39.577,1.500,5.000,2.000,0.608,0.739,1,1,1,1,126,,1543,visual,Data,TrackUpdate,0.10,1
57,19,5,154.457,0.199,11.308,0.955,0.968,0.0,0.0,39.503,3.518,11.306,0,39.503,1.500,5.000,2.000,0.615,0.726,1,1,1,1,126,,1544,visual,Data,TrackUpdate,0.10,1
57,19,5,154.523,0.265,11.380,0.963,0.975,0.0,0.0,39.503,3.649,11.495,0,39.503,1.500,5.000,2.000,0.618,0.719,1,1,1,1,126,,1545,visual,Data,TrackUpdate,0.10,1
57,19,5,154.657,0.399,11.365,0.973,0.983,0.0,0.0,38.849,3.890,11.856,0,38.849,1.500,5.000,2.000,0.624,0.707,1,1,1,1,126,,1546,visual,Data,TrackUpdate,0.10,1
57,19,5,154.723,0.465,11.319,0.987,0.992,0.0,0.0,38.849,4.045,11.990,0,38.849,1.500,5.000,2.000,0.629,0.703,1,1,1,1,126,,1547,visual,Data,TrackUpdate,0.10,1
57,19,5,154.857,0.599,11.296,0.623,0.798,0.0,0.0,39.457,4.354,12.292,0,39.457,1.500,5.000,2.000,0.636,0.694,1,1,1,1,126,,1548,visual,Data,TrackUpdate,0.10,1
57,19,5,154.923,0.665,11.478,0.863,0.931,0.0,0.0,39.457,4.536,12.510,0,39.457,1.500,5.000,2.000,0.641,0.687,1,1,1,1,126,,1549,visual,Data,TrackUpdate,0.10,1
57,19,5,155.123,0.865,11.435,0.798,0.916,0.0,0.0,38.284,5.039,12.943,0,38.284,1.500,5.000,2.000,0.653,0.674,1,1,1,1,126,,1551,visual,Data,TrackUpdate,0.10,1
57,19,5,155.259,1.001,11.081,0.984,0.994,0.0,0.0,41.891,5.453,12.953,0,41.891,1.500,5.000,2.000,0.665,0.675,1,1,1,1,126,,1552,visual,Data,TrackUpdate,0.10,1
57,19,5,155.323,1.065,10.989,0.973,0.989,0.0,0.0,41.891,5.606,13.024,0,41.891,1.500,5.000,2.000,0.669,0.674,1,1,1,1,126,,1553,visual,Data,TrackUpdate,0.10,1
57,19,5,155.457,1.199,10.815,0.914,0.967,0.0,0.0,46.705,6.037,13.062,0,46.705,1.500,5.000,2.000,0.682,0.674,1,1,1,1,126,,1554,visual,Data,TrackUpdate,0.10,1
57,19,5,155.523,1.265,10.747,0.794,0.923,0.0,0.0,46.705,6.153,13.169,0,46.705,1.500,5.000,2.000,0.684,0.671,1,1,1,1,126,,1555,visual,Data,TrackUpdate,0.10,1
57,19,5,155.57,0.799,11.444,0.905,0.958,0.0,0.0,38.284,4.854,12.813,0,38.284,1.500,5.000,2.000,0.648,0.679,1,1,1,1,126,,1550,visual,Data,TrackUpdate,0.10,1
57,19,5,155.657,1.399,10.503,0.909,0.967,0.0,0.0,46.705,6.386,13.312,0,46.705,1.500,5.000,2.000,0.689,0.668,1,1,1,1,126,,1556,visual,Data,TrackUpdate,0.10,1
57,19,5,155.723,1.465,10.481,0.907,0.967,0.0,0.0,48.559,6.589,13.356,0,48.559,1.500,5.000,2.000,0.694,0.666,1,1,1,1,126,,1557,visual,Data,TrackUpdate,0.10,1
57,19,5,155.857,1.599,10.422,0.628,0.873,0.0,0.0,48.559,6.872,13.575,0,48.559,1.500,5.000,2.000,0.700,0.660,1,1,1,1,126,,1558,visual,Data,TrackUpdate,0.10,1
57,19,5,155.923,1.665,10.386,0.524,0.841,0.0,0.0,49.272,7.023,13.657,0,49.272,1.500,5.000,2.000,0.703,0.658,1,1,1,1,126,,1559,visual,Data,TrackUpdate,0.10,1
57,19,5,156.123,1.865,10.083,0.524,0.851,0.0,0.0,49.489,7.432,13.970,0,49.489,1.500,5.000,2.000,0.711,0.651,127,127,1,1,127,,1561,visual,Data,TrackUpdate,0.10,1
57,19,5,156.257,1.999,9.972,0.524,0.857,0.0,0.0,49.489,7.690,14.174,0,49.489,1.500,5.000,2.000,0.716,0.646,127,127,1,1,127,,1562,visual,Data,TrackUpdate,0.10,1
57,19,5,156.324,2.066,9.921,0.524,0.860,0.0,0.0,49.489,7.818,14.275,0,49.489,1.500,5.000,2.000,0.718,0.644,127,127,1,1,127,,1563,visual,Data,TrackUpdate,0.10,1
57,19,5,156.57,1.799,10.234,0.524,0.848,0.0,0.0,49.272,7.296,13.875,0,49.272,1.500,5.000,2.000,0.709,0.654,127,127,1,1,127,,1560,visual,Data,TrackUpdate,0.10,1
60,20,0,158.257,0.000,2.545,0.997,0.997,0.0,0.0,27.505,2.165,5.690,0,27.505,1.700,0.300,0.450,0.589,1.019,1,1,1,1,126,,1582,visual,Data,TrackUpdate,0.10,1
60,20,0,158.323,0.066,2.529,0.997,0.997,0.0,0.0,27.505,2.197,5.721,0,27.505,1.700,0.300,0.450,0.591,1.018,127,127,1,1,127,,1583,visual,Data,TrackUpdate,0.10,1
60,20,0,158.457,0.200,2.372,0.996,0.996,0.0,0.0,27.505,2.243,5.747,0,27.505,1.700,0.300,0.450,0.593,1.015,127,127,1,1,127,,1584,visual,Data,TrackUpdate,0.10,1
60,20,0,158.523,0.266,2.335,0.998,0.998,0.0,0.0,27.505,2.263,5.771,0,27.505,1.700,0.300,0.450,0.594,1.014,127,127,1,1,127,,1585,visual,Data,TrackUpdate,0.10,1
60,20,0,158.657,0.400,2.364,0.997,0.997,0.0,0.0,27.505,2.311,5.856,0,27.505,1.700,0.300,0.450,0.596,1.007,127,127,1,1,127,,1586,visual,Data,TrackUpdate,0.10,1
60,20,0,158.723,0.466,2.441,0.998,0.998,0.0,0.0,27.505,2.346,5.920,0,27.505,1.700,0.300,0.450,0.597,1.003,127,127,1,1,127,,1587,visual,Data,TrackUpdate,0.10,1
60,20,0,158.857,0.600,2.277,0.997,0.998,0.0,0.0,27.505,2.384,5.921,0,27.505,1.700,0.300,0.450,0.599,1.003,127,127,1,1,127,,1588,visual,Data,TrackUpdate,0.10,1
60,20,0,158.923,0.666,2.212,0.997,0.998,0.0,0.0,27.505,2.408,5.922,0,27.505,1.700,0.300,0.450,0.600,1.003,127,127,1,1,127,,1589,visual,Data,TrackUpdate,0.10,1
60,20,0,159.123,0.866,2.454,0.994,0.995,0.0,0.0,27.505,2.554,6.117,0,27.505,1.700,0.300,0.450,0.607,0.990,127,127,1,1,127,,1591,visual,Data,TrackUpdate,0.10,1
60,20,0,159.257,1.000,2.833,0.993,0.995,0.0,0.0,27.505,2.616,6.761,0,27.505,1.700,0.300,0.450,0.606,0.947,1,1,1,1,126,,1592,visual,Data,TrackUpdate,0.10,1
60,20,0,159.324,1.067,2.859,0.993,0.995,0.0,0.0,27.505,2.641,6.896,0,27.505,1.700,0.300,0.450,0.606,0.939,1,1,1,1,126,,1593,visual,Data,TrackUpdate,0.10,1
60,20,0,159.457,1.200,2.871,0.996,0.997,0.0,0.0,27.505,2.735,7.045,0,27.505,1.700,0.300,0.450,0.610,0.930,1,1,1,1,126,,1594,visual,Data,TrackUpdate,0.10,1
60,20,0,159.525,1.268,2.868,0.997,0.998,0.0,0.0,27.505,2.778,7.089,0,27.505,1.700,0.300,0.450,0.611,0.927,1,1,1,1,126,,1595,visual,Data,TrackUpdate,0.10,1
60,20,0,159.57,0.800,2.246,0.989,0.991,0.0,0.0,27.505,2.476,5.994,0,27.505,1.700,0.300,0.450,0.604,0.998,127,127,1,1,127,,1590,visual,Data,TrackUpdate,0.10,1
60,20,0,159.657,1.400,2.875,0.996,0.997,0.0,0.0,27.505,2.863,7.178,0,27.505,1.700,0.300,0.450,0.615,0.921,1,1,1,1,126,,1596,visual,Data,TrackUpdate,0.10,1
60,20,0,159.723,1.466,2.856,0.996,0.997,0.0,0.0,27.505,2.868,7.170,0,27.505,1.700,0.300,0.450,0.615,0.921,1,1,1,1,126,,1597,visual,Data,TrackUpdate,0.10,1
60,20,0,159.858,1.601,2.993,0.997,0.998,0.0,0.0,27.505,3.020,7.308,0,27.505,1.700,0.300,0.450,0.621,0.914,1,1,1,1,126,,1598,visual,Data,TrackUpdate,0.10,1
60,20,0,159.926,1.669,3.177,0.999,0.999,0.0,0.0,27.505,3.120,7.441,0,27.505,1.700,0.300,0.450,0.624,0.906,1,1,1,1,126,,1599,visual,Data,TrackUpdate,0.10,1
8,0,0,16.123,0.933,6.083,0.988,0.992,0.0,0.0,61.634,2.384,6.469,0,61.634,1.700,0.300,0.450,0.596,0.966,1,1,1,1,126,,161,visual,Data,TrackUpdate,0.10,1
8,0,0,16.257,1.067,6.122,0.992,0.995,0.0,0.0,61.634,2.517,6.907,0,61.634,1.700,0.300,0.450,0.600,0.938,1,1,1,1,126,,162,visual,Data,TrackUpdate,0.10,1
8,0,0,16.323,1.133,6.136,0.995,0.997,0.0,0.0,59.322,2.583,7.068,0,59.322,1.700,0.300,0.450,0.603,0.928,1,1,1,1,126,,163,visual,Data,TrackUpdate,0.10,1
8,0,0,16.456,1.266,6.256,0.994,0.996,0.0,0.0,59.322,2.742,7.365,0,59.322,1.700,0.300,0.450,0.608,0.910,1,1,1,1,126,,164,visual,Data,TrackUpdate,0.10,1
8,0,0,16.523,1.333,6.203,0.997,0.998,0.0,0.0,59.322,2.787,7.476,0,59.322,1.700,0.300,0.450,0.609,0.904,1,1,1,1,126,,165,visual,Data,TrackUpdate,0.10,1
8,0,0,16.58,0.868,6.081,0.988,0.992,0.0,0.0,61.634,2.326,6.143,0,61.634,1.700,0.300,0.450,0.595,0.988,127,127,1,1,127,,160,visual,Data,TrackUpdate,0.10,1
8,0,0,16.657,1.467,5.926,0.997,0.998,0.0,0.0,59.322,2.842,7.564,0,59.322,1.700,0.300,0.450,0.611,0.899,1,1,1,1,126,,166,visual,Data,TrackUpdate,0.10,1
8,0,0,16.723,1.533,5.858,0.993,0.996,0.0,0.0,53.298,2.883,7.638,0,53.298,1.700,0.300,0.450,0.613,0.894,1,1,1,1,126,,167,visual,Data,TrackUpdate,0.10,1
8,0,0,16.857,1.667,5.746,0.994,0.997,0.0,0.0,53.298,2.989,7.754,0,53.298,1.700,0.300,0.450,0.617,0.888,1,1,1,1,126,,168,visual,Data,TrackUpdate,0.10,1
8,0,0,16.923,1.733,5.724,0.993,0.997,0.0,0.0,53.298,3.048,7.822,0,53.298,1.700,0.300,0.450,0.619,0.883,1,1,1,1,126,,169,visual,Data,TrackUpdate,0.10,1
60,20,0,160.123,1.866,3.220,0.997,0.998,0.0,0.0,27.505,3.169,7.498,0,27.505,1.700,0.300,0.450,0.626,0.903,1,1,1,1,126,,1601,visual,Data,TrackUpdate,0.10,1
60,20,0,160.257,2.000,3.315,0.995,0.997,0.0,0.0,27.505,3.246,7.587,0,27.505,1.700,0.300,0.450,0.629,0.897,1,1,1,1,126,,1602,visual,Data,TrackUpdate,0.10,1
60,20,0,160.323,2.066,3.421,0.995,0.997,0.0,0.0,27.505,3.317,7.664,0,27.505,1.700,0.300,0.450,0.631,0.894,1,1,1,1,126,,1603,visual,Data,TrackUpdate,0.10,1
60,20,0,160.457,2.200,3.373,0.998,0.999,0.0,0.0,27.505,3.426,7.760,0,27.505,1.700,0.300,0.450,0.635,0.887,1,1,1,1,126,,1604,visual,Data,TrackUpdate,0.10,1
60,20,0,160.525,2.268,3.386,0.997,0.999,0.0,0.0,27.505,3.496,7.830,0,27.505,1.700,0.300,0.450,0.637,0.884,1,1,1,1,126,,1605,visual,Data,TrackUpdate,0.10,1
60,20,0,160.57,1.800,3.148,0.997,0.998,0.0,0.0,27.505,3.136,7.446,0,27.505,1.700,0.300,0.450,0.625,0.906,1,1,1,1,126,,1600,visual,Data,TrackUpdate,0.10,1
60,20,0,160.658,2.401,3.294,0.998,0.999,0.0,0.0,27.505,3.557,7.846,0,27.505,1.700,0.300,0.450,0.640,0.883,1,1,1,1,126,,1606,visual,Data,TrackUpdate,0.10,1
60,20,0,160.723,2.466,3.286,0.997,0.999,0.0,0.0,27.505,3.573,7.841,0,27.505,1.700,0.300,0.450,0.641,0.882,1,1,1,1,126,,1607,visual,Data,TrackUpdate,0.10,1
60,20,0,160.858,2.601,3.256,0.996,0.998,0.0,0.0,27.505,3.637,7.857,0,27.505,1.700,0.300,0.450,0.644,0.882,1,1,1,1,126,,1608,visual,Data,TrackUpdate,0.10,1
60,20,0,160.926,2.669,3.336,0.993,0.997,0.0,0.0,27.505,3.719,7.915,0,27.505,1.700,0.300,0.450,0.646,0.879,1,1,1,1,126,,1609,visual,Data,TrackUpdate,0.10,1
60,20,0,161.124,2.867,3.762,0.981,0.994,0.0,0.0,27.505,3.908,8.275,0,27.505,1.700,0.300,0.450,0.651,0.859,1,1,1,1,126,,1611,visual,Data,TrackUpdate,0.10,1
60,20,0,161.257,3.000,3.628,0.995,0.998,0.0,0.0,27.505,3.881,8.247,0,27.505,1.700,0.300,0.450,0.650,0.861,1,1,1,1,126,,1612,visual,Data,TrackUpdate,0.10,1
60,20,0,161.323,3.066,3.711,0.993,0.998,0.0,0.0,27.505,3.926,8.318,0,27.505,1.700,0.300,0.450,0.652,0.857,1,1,1,1,126,,1613,visual,Data,TrackUpdate,0.10,1
60,20,0,161.457,3.200,3.600,0.948,0.986,0.0,0.0,27.505,3.996,8.430,0,27.505,1.700,0.300,0.450,0.653,0.852,1,1,1,1,126,,1614,visual,Data,TrackUpdate,0.10,1
60,20,0,161.523,3.266,3.398,0.976,0.994,0.0,0.0,27.505,4.042,8.484,0,27.505,1.700,0.300,0.450,0.655,0.849,1,1,1,1,126,,1615,visual,Data,TrackUpdate,0.10,1
60,20,0,161.57,2.800,3.665,0.996,0.999,0.0,0.0,27.505,3.886,8.210,0,27.505,1.700,0.300,0.450,0.651,0.864,1,1,1,1,126,,1610,visual,Data,TrackUpdate,0.10,1
60,20,0,161.657,3.400,3.510,0.898,0.977,0.0,0.0,27.505,4.203,8.641,0,27.505,1.700,0.300,0.450,0.659,0.841,1,1,1,1,126,,1616,visual,Data,TrackUpdate,0.10,1
60,20,0,161.723,3.466,3.591,0.582,0.912,0.0,0.0,42.581,4.296,8.711,0,42.581,1.700,0.300,0.450,0.663,0.838,1,1,1,1,126,,1617,visual,Data,TrackUpdate,0.10,1
60,20,0,161.857,3.600,3.534,0.457,0.898,0.0,0.0,42.581,4.365,8.785,0,42.581,1.700,0.300,0.450,0.664,0.834,1,1,1,1,126,,1618,visual,Data,TrackUpdate,0.10,1
60,20,0,161.923,3.666,3.549,0.495,0.912,0.0,0.0,42.581,4.418,8.845,0,42.581,1.700,0.300,0.450,0.666,0.831,1,1,1,1,126,,1619,visual,Data,TrackUpdate,0.10,1
60,20,0,162.0,3.743,3.581,0.495,0.920,0.0,0.0,42.581,4.471,8.901,0,42.581,1.700,0.300,0.450,0.668,0.829,127,127,1,1,127,,1620,visual,Data,TrackUpdate,0.10,1
60,20,0,162.123,3.866,3.725,0.725,0.964,0.0,0.0,42.581,4.653,9.330,0,42.581,1.900,1.100,0.450,0.670,0.808,1,1,1,1,126,,1621,visual,Data,TrackUpdate,0.10,1
60,20,0,162.258,4.001,3.348,0.946,0.994,0.0,0.0,42.581,4.684,9.368,0,42.581,1.900,1.100,0.450,0.671,0.806,1,1,1,1,126,,1622,visual,Data,TrackUpdate,0.10,1
60,20,0,162.323,4.066,3.515,0.773,0.979,0.0,0.0,42.993,4.736,9.411,0,42.993,1.900,1.100,0.450,0.672,0.805,1,1,1,1,126,,1623,visual,Data,TrackUpdate,0.10,1
60,20,0,162.457,4.200,3.487,0.864,0.989,0.0,0.0,42.993,4.798,9.476,0,42.993,1.900,1.100,0.450,0.674,0.803,127,127,1,1,127,,1624,visual,Data,TrackUpdate,0.10,1
60,20,0,162.524,4.267,3.575,0.864,0.990,0.0,0.0,42.993,4.843,9.523,0,42.993,1.900,1.100,0.450,0.675,0.800,127,127,1,1,127,,1625,visual,Data,TrackUpdate,0.10,1
60,20,0,162.657,4.400,3.449,0.864,0.992,0.0,0.0,42.993,4.932,9.619,0,42.993,1.900,1.100,0.450,0.678,0.796,127,127,1,1,127,,1626,visual,Data,TrackUpdate,0.10,1
60,20,0,162.723,4.466,3.476,0.864,0.993,0.0,0.0,42.993,4.976,9.665,0,42.993,1.900,1.100,0.450,0.679,0.794,127,127,1,1,127,,1627,visual,Data,TrackUpdate,0.10,1
60,20,0,162.857,4.600,3.887,0.339,0.974,0.0,0.0,42.859,5.247,10.057,0,42.859,1.900,1.100,0.450,0.684,0.777,1,1,1,1,126,,1628,visual,Data,TrackUpdate,0.10,1
60,20,0,162.923,4.666,3.918,0.339,0.978,0.0,0.0,42.859,5.290,10.109,0,42.859,1.900,1.100,0.450,0.685,0.776,127,127,1,1,127,,1629,visual,Data,TrackUpdate,0.10,1
60,20,0,163.123,4.866,4.200,0.339,0.991,0.0,0.0,42.859,5.430,10.283,0,42.859,1.900,1.100,0.450,0.688,0.769,127,127,1,1,127,,1631,visual,Data,TrackUpdate,0.10,1
60,20,0,163.257,5.000,4.268,0.339,1.000,0.0,0.0,41.902,5.522,10.412,0,41.902,1.900,1.100,0.450,0.690,0.764,127,127,1,1,127,,1632,visual,Data,TrackUpdate,0.10,1
60,20,0,163.323,5.066,4.035,0.339,1.000,0.0,0.0,41.902,5.572,10.472,0,41.902,1.900,1.100,0.450,0.691,0.761,127,127,1,1,127,,1633,visual,Data,TrackUpdate,0.10,1
60,20,0,163.57,4.800,4.132,0.339,0.987,0.0,0.0,42.859,5.383,10.225,0,42.859,1.900,1.100,0.450,0.687,0.770,127,127,1,1,127,,1630,visual,Data,TrackUpdate,0.10,1
8,0,0,17.123,1.933,5.279,0.997,0.999,0.0,0.0,53.298,3.097,7.830,0,53.298,1.700,0.300,0.450,0.620,0.883,1,1,1,1,126,,171,visual,Data,TrackUpdate,0.10,1
8,0,0,17.257,2.067,5.152,0.997,0.999,0.0,0.0,53.298,3.219,7.945,0,53.298,1.700,0.300,0.450,0.626,0.878,1,1,1,1,126,,172,visual,Data,TrackUpdate,0.10,1
8,0,0,17.323,2.133,4.960,0.996,0.998,0.0,0.0,53.298,3.246,7.949,0,53.298,1.700,0.300,0.450,0.626,0.878,1,1,1,1,126,,173,visual,Data,TrackUpdate,0.10,1
8,0,0,17.457,2.267,4.733,0.997,0.999,0.0,0.0,51.867,3.384,8.063,0,51.867,1.700,0.300,0.450,0.631,0.871,1,1,1,1,126,,174,visual,Data,TrackUpdate,0.10,1
8,0,0,17.523,2.333,4.542,0.998,0.999,0.0,0.0,51.867,3.427,8.096,0,51.867,1.700,0.300,0.450,0.633,0.869,1,1,1,1,126,,175,visual,Data,TrackUpdate,0.10,1
8,0,0,17.57,1.867,5.457,0.998,0.999,0.0,0.0,53.298,3.096,7.849,0,53.298,1.700,0.300,0.450,0.620,0.882,1,1,1,1,126,,170,visual,Data,TrackUpdate,0.10,1
8,0,0,17.657,2.467,4.437,0.998,0.999,0.0,0.0,51.867,3.553,8.216,0,51.867,1.700,0.300,0.450,0.637,0.863,1,1,1,1,126,,176,visual,Data,TrackUpdate,0.10,1
8,0,0,17.723,2.533,4.346,0.997,0.999,0.0,0.0,51.867,3.576,8.222,0,51.867,1.700,0.300,0.450,0.638,0.862,1,1,1,1,126,,177,visual,Data,TrackUpdate,0.10,1
8,0,0,17.857,2.667,4.362,0.997,0.999,0.0,0.0,51.247,3.743,8.417,0,51.247,1.700,0.300,0.450,0.643,0.853,1,1,1,1,126,,178,visual,Data,TrackUpdate,0.10,1
8,0,0,17.923,2.733,4.478,0.997,0.999,0.0,0.0,51.247,3.814,8.523,0,51.247,1.700,0.300,0.450,0.645,0.847,1,1,1,1,126,,179,visual,Data,TrackUpdate,0.10,1
62,21,0,171.857,0.067,3.718,0.989,0.990,0.0,0.0,43.495,1.211,5.324,0,43.495,1.700,0.300,0.450,0.539,1.045,127,127,1,1,127,,1718,visual,Data,TrackUpdate,0.10,1
62,21,0,171.923,0.133,4.070,0.990,0.991,0.0,0.0,43.495,1.262,5.461,0,43.495,1.700,0.300,0.450,0.542,1.035,127,127,1,1,127,,1719,visual,Data,TrackUpdate,0.10,1
62,21,0,172.125,0.335,3.861,0.716,0.756,0.0,0.0,43.495,1.396,5.579,0,43.495,1.700,0.300,0.450,0.549,1.027,127,127,1,1,127,,1721,visual,Data,TrackUpdate,0.10,1
62,21,0,172.257,0.467,3.953,0.921,0.935,0.0,0.0,43.495,1.523,5.689,0,43.495,1.700,0.300,0.450,0.555,1.019,127,127,1,1,127,,1722,visual,Data,TrackUpdate,0.10,1
62,21,0,172.323,0.533,3.761,0.949,0.958,0.0,0.0,43.495,1.575,5.658,0,43.495,1.700,0.300,0.450,0.558,1.021,127,127,1,1,127,,1723,visual,Data,TrackUpdate,0.10,1
62,21,0,172.457,0.667,4.337,0.972,0.979,0.0,0.0,49.843,1.925,5.758,0,49.843,1.700,0.300,0.450,0.577,1.015,127,127,1,1,127,,1724,visual,Data,TrackUpdate,0.10,1
62,21,0,172.525,0.735,3.959,0.985,0.989,0.0,0.0,49.843,1.873,5.741,0,49.843,1.700,0.300,0.450,0.573,1.016,127,127,1,1,127,,1725,visual,Data,TrackUpdate,0.10,1
62,21,0,172.57,0.267,3.961,0.981,0.983,0.0,0.0,43.495,1.364,5.539,0,43.495,1.700,0.300,0.450,0.547,1.031,127,127,1,1,127,,1720,visual,Data,TrackUpdate,0.10,1
62,21,0,172.657,0.867,3.642,0.990,0.993,0.0,0.0,49.843,1.903,5.737,0,49.843,1.700,0.300,0.450,0.576,1.016,127,127,1,1,127,,1726,visual,Data,TrackUpdate,0.10,1
62,21,0,172.723,0.933,3.622,0.994,0.996,0.0,0.0,49.843,1.968,5.748,0,49.843,1.700,0.300,0.450,0.579,1.016,127,127,1,1,127,,1727,visual,Data,TrackUpdate,0.10,1
62,21,0,172.857,1.067,3.494,0.995,0.996,0.0,0.0,49.843,2.032,5.793,0,49.843,1.700,0.300,0.450,0.582,1.012,127,127,1,1,127,,1728,visual,Data,TrackUpdate,0.10,1
62,21,0,172.926,1.136,3.388,0.992,0.994,0.0,0.0,49.843,2.049,5.799,0,49.843,1.700,0.300,0.450,0.583,1.012,127,127,1,1,127,,1729,visual,Data,TrackUpdate,0.10,1
62,21,0,173.123,1.333,3.286,0.976,0.984,0.0,0.0,49.843,2.173,5.853,0,49.843,1.700,0.300,0.450,0.589,1.008,127,127,1,1,127,,1731,visual,Data,TrackUpdate,0.10,1
62,21,0,173.257,1.467,3.344,0.987,0.992,0.0,0.0,49.843,2.305,5.935,0,49.843,1.700,0.300,0.450,0.595,1.002,127,127,1,1,127,,1732,visual,Data,TrackUpdate,0.10,1
62,21,0,173.324,1.534,3.439,0.991,0.995,0.0,0.0,54.412,2.378,6.035,0,54.412,1.700,0.300,0.450,0.598,0.995,127,127,1,1,127,,1733,visual,Data,TrackUpdate,0.10,1
62,21,0,173.457,1.667,3.468,0.998,0.999,0.0,0.0,54.412,2.479,6.141,0,54.412,1.700,0.300,0.450,0.603,0.988,127,127,1,1,127,,1734,visual,Data,TrackUpdate,0.10,1
62,21,0,173.523,1.733,3.383,0.995,0.997,0.0,0.0,54.412,2.505,6.122,0,54.412,1.700,0.300,0.450,0.604,0.989,127,127,1,1,127,,1735,visual,Data,TrackUpdate,0.10,1
62,21,0,173.57,1.267,3.351,0.925,0.950,0.0,0.0,49.843,2.148,5.841,0,49.843,1.700,0.300,0.450,0.587,1.009,127,127,1,1,127,,1730,visual,Data,TrackUpdate,0.10,1
62,21,0,173.657,1.867,3.534,0.992,0.996,0.0,0.0,54.412,2.612,6.534,0,54.412,1.700,0.300,0.450,0.607,0.962,1,1,1,1,126,,1736,visual,Data,TrackUpdate,0.10,1
62,21,0,173.723,1.933,3.470,0.992,0.996,0.0,0.0,54.412,2.595,6.749,0,54.412,1.700,0.300,0.450,0.605,0.948,1,1,1,1,126,,1737,visual,Data,TrackUpdate,0.10,1
62,21,0,173.857,2.067,3.373,0.996,0.998,0.0,0.0,53.001,2.615,6.956,0,53.001,1.700,0.300,0.450,0.605,0.935,1,1,1,1,126,,1738,visual,Data,TrackUpdate,0.10,1
62,21,0,173.923,2.133,3.529,0.997,0.999,0.0,0.0,53.001,2.708,7.110,0,53.001,1.700,0.300,0.450,0.608,0.925,1,1,1,1,126,,1739,visual,Data,TrackUpdate,0.10,1
62,21,0,174.124,2.334,3.346,0.992,0.997,0.0,0.0,53.001,2.741,7.276,0,53.001,1.700,0.300,0.450,0.608,0.915,1,1,1,1,126,,1741,visual,Data,TrackUpdate,0.10,1
62,21,0,174.257,2.467,3.357,0.993,0.997,0.0,0.0,53.001,2.826,7.389,0,53.001,1.700,0.300,0.450,0.611,0.909,1,1,1,1,126,,1742,visual,Data,TrackUpdate,0.10,1
62,21,0,174.323,2.533,3.340,0.992,0.997,0.0,0.0,51.102,2.866,7.437,0,51.102,1.700,0.300,0.450,0.613,0.906,1,1,1,1,126,,1743,visual,Data,TrackUpdate,0.10,1
62,21,0,174.457,2.667,3.534,0.997,0.999,0.0,0.0,51.102,3.015,7.622,0,51.102,1.700,0.300,0.450,0.619,0.895,1,1,1,1,126,,1744,visual,Data,TrackUpdate,0.10,1
62,21,0,174.523,2.733,3.662,0.996,0.999,0.0,0.0,51.102,3.129,7.736,0,51.102,1.700,0.300,0.450,0.622,0.889,1,1,1,1,126,,1745,visual,Data,TrackUpdate,0.10,1
62,21,0,174.57,2.267,3.474,0.998,0.999,0.0,0.0,53.001,2.761,7.290,0,53.001,1.700,0.300,0.450,0.609,0.914,1,1,1,1,126,,1740,visual,Data,TrackUpdate,0.10,1
62,21,0,174.657,2.867,3.648,0.997,0.999,0.0,0.0,51.102,3.229,7.776,0,51.102,1.700,0.300,0.450,0.627,0.886,1,1,1,1,126,,1746,visual,Data,TrackUpdate,0.10,1
62,21,0,174.723,2.933,3.207,0.995,0.998,0.0,0.0,51.102,3.239,7.743,0,51.102,1.700,0.300,0.450,0.628,0.889,1,1,1,1,126,,1747,visual,Data,TrackUpdate,0.10,1
62,21,0,174.857,3.067,3.252,0.993,0.998,0.0,0.0,51.380,3.287,7.729,0,51.380,1.700,0.300,0.450,0.630,0.890,1,1,1,1,126,,1748,visual,Data,TrackUpdate,0.10,1
62,21,0,174.923,3.133,3.370,0.995,0.999,0.0,0.0,51.380,3.354,7.777,0,51.380,1.700,0.300,0.450,0.632,0.886,1,1,1,1,126,,1749,visual,Data,TrackUpdate,0.10,1
62,21,0,175.123,3.333,3.735,0.998,1.000,0.0,0.0,51.380,3.584,8.102,0,51.380,1.700,0.300,0.450,0.640,0.869,1,1,1,1,126,,1751,visual,Data,TrackUpdate,0.10,1
62,21,0,175.257,3.467,3.770,0.998,1.000,0.0,0.0,49.171,3.601,8.139,0,49.171,1.700,0.300,0.450,0.640,0.867,1,1,1,1,126,,1752,visual,Data,TrackUpdate,0.10,1
62,21,0,175.323,3.533,3.734,0.993,0.999,0.0,0.0,49.171,3.619,8.152,0,49.171,1.700,0.300,0.450,0.641,0.867,1,1,1,1,126,,1753,visual,Data,TrackUpdate,0.10,1
62,21,0,175.457,3.667,3.794,0.994,0.999,0.0,0.0,49.171,3.696,8.243,0,49.171,1.700,0.300,0.450,0.643,0.862,1,1,1,1,126,,1754,visual,Data,TrackUpdate,0.10,1
62,21,0,175.525,3.735,4.019,0.959,0.995,0.0,0.0,49.171,3.799,8.385,0,49.171,1.700,0.300,0.450,0.646,0.855,1,1,1,1,126,,1755,visual,Data,TrackUpdate,0.10,1
62,21,0,175.57,3.267,3.817,0.998,1.000,0.0,0.0,51.380,3.592,8.056,0,51.380,1.700,0.300,0.450,0.640,0.871,1,1,1,1,126,,1750,visual,Data,TrackUpdate,0.10,1
62,21,0,175.657,3.867,4.037,0.995,0.999,0.0,0.0,47.698,3.964,8.596,0,47.698,1.700,0.300,0.450,0.651,0.844,1,1,1,1,126,,1756,visual,Data,TrackUpdate,0.10,1
62,21,0,175.723,3.933,3.937,0.994,0.999,0.0,0.0,47.698,3.995,8.593,0,47.698,1.700,0.300,0.450,0.652,0.844,1,1,1,1,126,,1757,visual,Data,TrackUpdate,0.10,1
62,21,0,175.857,4.067,3.849,0.989,0.999,0.0,0.0,47.698,4.025,8.567,0,47.698,1.700,0.300,0.450,0.653,0.845,1,1,1,1,126,,1758,visual,Data,TrackUpdate,0.10,1
62,21,0,175.923,4.133,3.732,0.967,0.997,0.0,0.0,47.698,4.064,8.574,0,47.698,1.700,0.300,0.450,0.655,0.844,1,1,1,1,126,,1759,visual,Data,TrackUpdate,0.10,1
62,21,0,176.124,4.334,3.986,0.812,0.987,0.0,0.0,47.698,4.407,9.164,0,47.698,1.900,1.100,0.450,0.663,0.817,1,1,1,1,126,,1761,visual,Data,TrackUpdate,0.10,1
62,21,0,176.257,4.467,3.601,0.954,0.998,0.0,0.0,47.698,4.367,9.105,0,47.698,1.900,1.100,0.450,0.662,0.819,1,1,1,1,126,,1762,visual,Data,TrackUpdate,0.10,1
62,21,0,176.323,4.533,3.543,0.961,0.998,0.0,0.0,47.698,4.408,9.147,0,47.698,1.900,1.100,0.450,0.663,0.818,1,1,1,1,126,,1763,visual,Data,TrackUpdate,0.10,1
62,21,0,176.457,4.667,3.576,0.406,0.980,0.0,0.0,49.211,4.453,9.170,0,49.211,1.900,1.100,0.450,0.664,0.817,1,1,1,1,126,,1764,visual,Data,TrackUpdate,0.10,1
62,21,0,176.523,4.733,3.459,0.563,0.988,0.0,0.0,49.211,4.475,9.190,0,49.211,1.900,1.100,0.450,0.665,0.816,1,1,1,1,126,,1765,visual,Data,TrackUpdate,0.10,1
62,21,0,176.60,4.270,3.842,0.835,0.988,0.0,0.0,47.698,4.318,9.027,0,47.698,1.900,1.100,0.450,0.660,0.822,1,1,1,1,126,,1760,visual,Data,TrackUpdate,0.10,1
62,21,0,176.657,4.867,3.602,0.534,0.994,0.0,0.0,49.211,4.599,9.319,0,49.211,1.900,1.100,0.450,0.668,0.809,1,1,1,1,126,,1766,visual,Data,TrackUpdate,0.10,1
62,21,0,176.723,4.933,3.749,0.536,0.997,0.0,0.0,49.211,4.721,9.451,0,49.211,1.900,1.100,0.450,0.671,0.804,1,1,1,1,126,,1767,visual,Data,TrackUpdate,0.10,1
62,21,0,176.857,5.067,3.729,0.660,1.000,0.0,0.0,48.383,4.907,9.692,0,48.383,1.900,1.100,0.450,0.676,0.793,127,127,1,1,127,,1768,visual,Data,TrackUpdate,0.10,1
62,21,0,176.923,5.133,3.747,0.660,1.000,0.0,0.0,48.383,4.953,9.740,0,48.383,1.900,1.100,0.450,0.677,0.791,127,127,1,1,127,,1769,visual,Data,TrackUpdate,0.10,1
62,21,0,177.123,5.333,3.989,0.660,1.000,0.0,0.0,48.383,5.098,9.893,0,48.383,1.900,1.100,0.450,0.681,0.784,127,127,1,1,127,,1771,visual,Data,TrackUpdate,0.10,1
62,21,0,177.258,5.468,4.090,0.660,1.000,0.0,0.0,46.669,5.191,10.014,0,46.669,1.900,1.100,0.450,0.683,0.779,127,127,1,1,127,,1772,visual,Data,TrackUpdate,0.10,1
62,21,0,177.57,5.267,3.925,0.660,1.000,0.0,0.0,48.383,5.049,9.841,0,48.383,1.900,1.100,0.450,0.679,0.787,127,127,1,1,127,,1770,visual,Data,TrackUpdate,0.10,1
8,0,0,18.123,2.933,4.185,0.995,0.999,0.0,0.0,51.247,3.901,8.601,0,51.247,1.700,0.300,0.450,0.648,0.844,1,1,1,1,126,,181,visual,Data,TrackUpdate,0.10,1
8,0,0,18.257,3.067,4.033,0.935,0.986,0.0,0.0,51.247,3.979,8.633,0,51.247,1.700,0.300,0.450,0.651,0.842,1,1,1,1,126,,182,visual,Data,TrackUpdate,0.10,1
8,0,0,18.323,3.133,4.075,0.937,0.987,0.0,0.0,51.247,4.022,8.667,0,51.247,1.700,0.300,0.450,0.653,0.840,1,1,1,1,126,,183,visual,Data,TrackUpdate,0.10,1
8,0,0,18.457,3.267,4.136,0.929,0.988,0.0,0.0,47.685,4.229,9.055,0,47.685,1.900,1.100,0.450,0.657,0.821,1,1,1,1,126,,184,visual,Data,TrackUpdate,0.10,1
8,0,0,18.525,3.335,4.004,0.938,0.990,0.0,0.0,47.685,4.310,9.099,0,47.685,1.900,1.100,0.450,0.660,0.819,1,1,1,1,126,,185,visual,Data,TrackUpdate,0.10,1
8,0,0,18.57,2.867,4.321,0.992,0.998,0.0,0.0,51.247,3.872,8.583,0,51.247,1.700,0.300,0.450,0.647,0.844,1,1,1,1,126,,180,visual,Data,TrackUpdate,0.10,1
8,0,0,18.657,3.467,3.914,0.938,0.990,0.0,0.0,47.685,4.424,9.191,0,47.685,1.900,1.100,0.450,0.663,0.815,127,127,1,1,127,,186,visual,Data,TrackUpdate,0.10,1
8,0,0,18.723,3.533,3.884,0.938,0.991,0.0,0.0,47.685,4.479,9.236,0,47.685,1.900,1.100,0.450,0.665,0.813,127,127,1,1,127,,187,visual,Data,TrackUpdate,0.10,1
8,0,0,18.857,3.667,3.642,0.938,0.992,0.0,0.0,48.395,4.592,9.321,0,48.395,1.900,1.100,0.450,0.668,0.808,127,127,1,1,127,,188,visual,Data,TrackUpdate,0.10,1
8,0,0,18.923,3.733,3.667,0.938,0.992,0.0,0.0,48.395,4.644,9.363,0,48.395,1.900,1.100,0.450,0.670,0.807,127,127,1,1,127,,189,visual,Data,TrackUpdate,0.10,1
63,22,1,180.657,0.000,7.228,0.939,0.946,0.0,0.0,50.341,3.329,8.144,0,50.341,1.800,1.800,0.700,0.628,0.867,1,1,1,1,126,,1806,visual,Data,TrackUpdate,0.10,1
63,22,1,180.725,0.068,7.058,0.916,0.927,0.0,0.0,50.341,3.440,8.182,0,50.341,1.800,1.800,0.700,0.633,0.865,1,1,1,1,126,,1807,visual,Data,TrackUpdate,0.10,1
63,22,1,180.857,0.200,7.623,0.503,0.593,0.0,0.0,50.341,3.685,8.480,0,50.341,1.800,1.800,0.700,0.640,0.849,1,1,1,1,126,,1808,visual,Data,TrackUpdate,0.10,1
63,22,1,180.923,0.266,7.779,0.705,0.766,0.0,0.0,42.622,3.728,8.711,0,42.622,1.800,1.800,0.700,0.640,0.838,1,1,1,1,126,,1809,visual,Data,TrackUpdate,0.10,1
63,22,1,181.123,0.466,7.874,0.649,0.747,0.0,0.0,42.622,4.096,9.031,0,42.622,1.800,1.800,0.700,0.652,0.823,1,1,1,1,126,,1811,visual,Data,TrackUpdate,0.10,1
63,22,1,181.257,0.600,7.722,0.454,0.627,0.0,0.0,42.593,4.262,9.218,0,42.593,1.800,1.800,0.700,0.657,0.814,127,127,1,1,127,,1812,visual,Data,TrackUpdate,0.10,1
63,22,1,181.323,0.666,7.828,0.428,0.623,0.0,0.0,42.593,4.390,9.347,0,42.593,1.800,1.800,0.700,0.660,0.807,1,1,1,1,126,,1813,visual,Data,TrackUpdate,0.10,1
63,22,1,181.458,0.801,7.754,0.773,0.859,0.0,0.0,42.087,4.567,9.552,0,42.087,1.800,1.800,0.700,0.665,0.799,127,127,1,1,127,,1814,visual,Data,TrackUpdate,0.10,1
63,22,1,181.523,0.866,7.753,0.773,0.864,0.0,0.0,42.087,4.659,9.658,0,42.087,1.800,1.800,0.700,0.668,0.794,127,127,1,1,127,,1815,visual,Data,TrackUpdate,0.10,1
63,22,1,181.57,0.400,7.841,0.784,0.839,0.0,0.0,42.622,3.999,8.896,0,42.622,1.800,1.800,0.700,0.649,0.829,1,1,1,1,126,,1810,visual,Data,TrackUpdate,0.10,1
63,22,1,181.658,1.001,7.751,0.773,0.874,0.0,0.0,42.087,4.849,9.878,0,42.087,1.800,1.800,0.700,0.672,0.784,127,127,1,1,127,,1816,visual,Data,TrackUpdate,0.10,1
63,22,1,181.723,1.066,7.750,0.773,0.878,0.0,0.0,42.099,4.941,9.983,0,42.099,1.800,1.800,0.700,0.674,0.781,127,127,1,1,127,,1817,visual,Data,TrackUpdate,0.10,1
63,22,1,181.857,1.200,7.749,0.773,0.888,0.0,0.0,42.099,5.131,10.200,0,42.099,1.800,1.800,0.700,0.679,0.771,127,127,1,1,127,,1818,visual,Data,TrackUpdate,0.10,1
64,23,1,187.257,0.067,10.817,0.719,0.766,0.0,0.0,44.964,1.373,8.496,0,44.964,1.800,1.800,0.700,0.543,0.843,1,1,1,1,126,,1872,visual,Data,TrackUpdate,0.10,1
64,23,1,187.323,0.133,11.124,0.491,0.591,0.0,0.0,44.964,1.550,8.674,0,44.964,1.800,1.800,0.700,0.551,0.834,1,1,1,1,126,,1873,visual,Data,TrackUpdate,0.10,1
64,23,1,187.457,0.267,12.164,0.815,0.866,0.0,0.0,35.986,1.768,9.341,0,35.986,1.800,1.800,0.700,0.558,0.803,1,1,1,1,126,,1874,visual,Data,TrackUpdate,0.10,1
64,23,1,187.523,0.333,11.770,0.793,0.855,0.0,0.0,35.986,1.911,9.416,0,35.986,1.800,1.800,0.700,0.564,0.800,1,1,1,1,126,,1875,visual,Data,TrackUpdate,0.10,1
64,23,1,187.657,0.467,12.332,0.763,0.851,0.0,0.0,36.970,2.300,9.858,0,36.970,1.800,1.800,0.700,0.578,0.781,1,1,1,1,126,,1876,visual,Data,TrackUpdate,0.10,1
64,23,1,187.723,0.533,12.183,0.702,0.820,0.0,0.0,36.970,2.467,9.965,0,36.970,1.800,1.800,0.700,0.583,0.776,1,1,1,1,126,,1877,visual,Data,TrackUpdate,0.10,1
64,23,1,187.857,0.667,12.142,0.775,0.877,0.0,0.0,39.382,2.818,10.263,0,39.382,1.800,1.800,0.700,0.595,0.765,1,1,1,1,126,,1878,visual,Data,TrackUpdate,0.10,2
65,24,0,187.857,0.000,3.297,0.918,0.925,0.0,0.0,53.207,2.327,6.485,0,53.207,1.700,0.300,0.450,0.594,0.965,1,1,1,1,126,,1878,visual,Data,TrackUpdate,0.10,2
64,23,1,187.923,0.733,11.751,0.520,0.746,0.0,0.0,39.382,2.929,10.296,0,39.382,1.800,1.800,0.700,0.599,0.764,1,1,1,1,126,,1879,visual,Data,TrackUpdate,0.10,2
65,24,0,187.923,0.066,3.277,0.966,0.969,0.0,0.0,53.207,2.385,6.501,0,53.207,1.700,0.300,0.450,0.596,0.964,127,127,1,1,127,,1879,visual,Data,TrackUpdate,0.10,2
64,23,1,188.123,0.933,12.204,0.549,0.808,0.0,0.0,42.400,3.543,10.854,0,42.400,1.800,1.800,0.700,0.619,0.743,1,1,1,1,126,,1881,visual,Data,TrackUpdate,0.10,2
65,24,0,188.123,0.266,3.309,0.869,0.886,0.0,0.0,53.207,2.532,6.623,0,53.207,1.700,0.300,0.450,0.603,0.956,127,127,1,1,127,,1881,visual,Data,TrackUpdate,0.10,2
64,23,1,188.258,1.068,11.993,0.954,0.982,0.0,0.0,42.199,3.791,11.136,0,42.199,1.800,1.800,0.700,0.626,0.733,1,1,1,1,126,,1882,visual,Data,TrackUpdate,0.10,2
65,24,0,188.258,0.401,4.175,0.993,0.994,0.0,0.0,53.207,2.634,7.119,0,53.207,1.700,0.300,0.450,0.605,0.925,1,1,1,1,126,,1882,visual,Data,TrackUpdate,0.10,2
64,23,1,188.323,1.133,11.826,0.756,0.906,0.0,0.0,42.199,3.907,11.229,0,42.199,1.800,1.800,0.700,0.629,0.730,1,1,1,1,126,,1883,visual,Data,TrackUpdate,0.10,2
65,24,0,188.323,0.466,4.149,0.993,0.994,0.0,0.0,53.207,2.673,7.181,0,53.207,1.700,0.300,0.450,0.606,0.921,1,1,1,1,126,,1883,visual,Data,TrackUpdate,0.10,2
64,23,1,188.457,1.267,12.269,0.846,0.943,0.0,0.0,44.177,4.365,11.687,0,44.177,1.800,1.800,0.700,0.641,0.714,1,1,1,1,126,,1884,visual,Data,TrackUpdate,0.10,2
65,24,0,188.457,0.600,4.236,0.995,0.996,0.0,0.0,53.207,2.767,7.354,0,53.207,1.700,0.300,0.450,0.609,0.911,1,1,1,1,126,,1884,visual,Data,TrackUpdate,0.10,2
64,23,1,188.524,1.334,12.531,0.933,0.975,0.0,0.0,44.067,4.604,11.957,0,44.067,1.800,1.800,0.700,0.647,0.706,1,1,1,1,126,,1885,visual,Data,TrackUpdate,0.10,2
65,24,0,188.524,0.667,4.138,0.996,0.997,0.0,0.0,53.207,2.805,7.380,0,53.207,1.700,0.300,0.450,0.610,0.909,1,1,1,1,126,,1885,visual,Data,TrackUpdate,0.10,2
64,23,1,188.59,0.869,12.004,0.567,0.800,0.0,0.0,42.400,3.341,10.645,0,42.400,1.800,1.800,0.700,0.613,0.751,1,1,1,1,126,,1880,visual,Data,TrackUpdate,0.10,2
65,24,0,188.59,0.202,3.230,0.873,0.888,0.0,0.0,53.207,2.494,6.539,0,53.207,1.700,0.300,0.450,0.602,0.962,127,127,1,1,127,,1880,visual,Data,TrackUpdate,0.10,2
64,23,1,188.657,1.467,12.658,0.877,0.957,0.0,0.0,44.192,4.757,11.781,0,44.192,1.700,0.300,0.450,0.653,0.712,1,1,1,1,126,,1886,visual,Data,TrackUpdate,0.10,2
65,24,0,188.657,0.800,3.822,0.995,0.996,0.0,0.0,53.207,2.843,7.365,0,53.207,1.700,0.300,0.450,0.613,0.910,1,1,1,1,126,,1886,visual,Data,TrackUpdate,0.10,2
64,23,1,188.724,1.534,12.835,0.320,0.764,0.0,0.0,44.192,4.975,12.006,0,44.192,1.700,0.300,0.450,0.658,0.705,1,1,1,1,126,,1887,visual,Data,TrackUpdate,0.10,2
65,24,0,188.724,0.867,3.751,0.994,0.996,0.0,0.0,53.207,2.875,7.391,0,53.207,1.700,0.300,0.450,0.614,0.908,1,1,1,1,126,,1887,visual,Data,TrackUpdate,0.10,2
64,23,1,188.857,1.667,13.002,0.436,0.812,0.0,0.0,43.808,5.372,12.405,0,43.808,1.700,0.300,0.450,0.668,0.692,1,1,1,1,126,,1888,visual,Data,TrackUpdate,0.10,2
65,24,0,188.857,1.000,3.900,0.992,0.994,0.0,0.0,45.604,3.019,7.541,0,45.604,1.700,0.300,0.450,0.619,0.900,1,1,1,1,126,,1888,visual,Data,TrackUpdate,0.10,2
64,23,1,188.923,1.733,13.008,0.811,0.938,0.0,0.0,43.808,5.516,12.600,0,43.808,1.700,0.300,0.450,0.670,0.687,1,1,1,1,126,,1889,visual,Data,TrackUpdate,0.10,2
65,24,0,188.923,1.066,3.883,0.993,0.995,0.0,0.0,45.604,3.122,7.844,0,45.604,1.900,1.100,0.450,0.621,0.882,1,1,1,1,126,,1889,visual,Data,TrackUpdate,0.10,2
64,23,1,189.0,1.810,12.772,0.502,0.841,0.0,0.0,45.018,5.664,12.631,0,45.018,1.700,0.300,0.450,0.674,0.685,1,1,1,1,126,,1890,visual,Data,TrackUpdate,0.10,2
65,24,0,189.0,1.143,3.919,0.992,0.995,0.0,0.0,45.604,3.199,7.912,0,45.604,1.900,1.100,0.450,0.624,0.880,1,1,1,1,126,,1890,visual,Data,TrackUpdate,0.10,2
64,23,1,189.123,1.933,12.750,0.502,0.847,0.0,0.0,45.018,5.971,12.922,0,45.018,1.700,0.300,0.450,0.681,0.677,127,127,1,1,127,,1891,visual,Data,TrackUpdate,0.10,2
65,24,0,189.123,1.266,3.814,0.992,0.995,0.0,0.0,45.604,3.270,7.955,0,45.604,1.900,1.100,0.450,0.627,0.877,1,1,1,1,126,,1891,visual,Data,TrackUpdate,0.10,2
64,23,1,189.257,2.067,12.781,0.502,0.854,0.0,0.0,45.186,6.315,13.252,0,45.186,1.700,0.300,0.450,0.688,0.669,127,127,1,1,127,,1892,visual,Data,TrackUpdate,0.10,2
65,24,0,189.257,1.400,3.850,0.995,0.997,0.0,0.0,45.604,3.408,8.051,0,45.604,1.900,1.100,0.450,0.632,0.871,1,1,1,1,126,,1892,visual,Data,TrackUpdate,0.10,2
64,23,1,189.323,2.133,13.052,0.502,0.857,0.0,0.0,45.186,6.484,13.415,0,45.186,1.700,0.300,0.450,0.691,0.665,127,127,1,1,127,,1893,visual,Data,TrackUpdate,0.10,2
65,24,0,189.323,1.466,3.764,0.995,0.997,0.0,0.0,45.604,3.423,8.057,0,45.604,1.900,1.100,0.450,0.633,0.871,1,1,1,1,126,,1893,visual,Data,TrackUpdate,0.10,2
64,23,1,189.457,2.267,13.064,0.502,0.864,0.0,0.0,45.019,6.830,13.753,0,45.019,1.700,0.300,0.450,0.697,0.656,127,127,1,1,127,,1894,visual,Data,TrackUpdate,0.10,2
65,24,0,189.457,1.600,3.831,0.996,0.998,0.0,0.0,47.950,3.563,8.173,0,47.950,1.900,1.100,0.450,0.637,0.866,1,1,1,1,126,,1894,visual,Data,TrackUpdate,0.10,2
64,23,1,189.523,2.333,12.979,0.502,0.867,0.0,0.0,45.019,7.001,13.920,0,45.019,1.700,0.300,0.450,0.701,0.652,127,127,1,1,127,,1895,visual,Data,TrackUpdate,0.10,2
65,24,0,189.523,1.666,3.866,0.997,0.998,0.0,0.0,47.950,3.580,8.208,0,47.950,1.900,1.100,0.450,0.638,0.863,1,1,1,1,126,,1895,visual,Data,TrackUpdate,0.10,2
64,23,1,189.657,2.467,13.181,0.502,0.874,0.0,0.0,45.082,7.348,14.261,0,45.082,1.700,0.300,0.450,0.706,0.643,127,127,1,1,127,,1896,visual,Data,TrackUpdate,0.10,2
65,24,0,189.657,1.800,3.946,0.998,0.999,0.0,0.0,47.950,3.656,8.310,0,47.950,1.900,1.100,0.450,0.641,0.858,1,1,1,1,126,,1896,visual,Data,TrackUpdate,0.10,2
64,23,1,189.723,2.533,12.919,0.502,0.877,0.0,0.0,45.082,7.520,14.431,0,45.082,1.700,0.300,0.450,0.709,0.639,127,127,1,1,127,,1897,visual,Data,TrackUpdate,0.10,2
65,24,0,189.723,1.866,3.912,0.998,0.999,0.0,0.0,47.950,3.628,8.064,0,47.950,1.700,0.300,0.450,0.642,0.871,1,1,1,1,126,,1897,visual,Data,TrackUpdate,0.10,2
64,23,1,189.857,2.667,13.127,0.502,0.884,0.0,0.0,44.629,7.862,14.771,0,44.629,1.700,0.300,0.450,0.715,0.631,127,127,1,1,127,,1898,visual,Data,TrackUpdate,0.10,2
65,24,0,189.857,2.000,3.769,0.997,0.999,0.0,0.0,47.950,3.689,8.146,0,47.950,1.700,0.300,0.450,0.643,0.867,1,1,1,1,126,,1898,visual,Data,TrackUpdate,0.10,2
64,23,1,189.923,2.733,13.269,0.502,0.887,0.0,0.0,44.629,8.032,14.941,0,44.629,1.700,0.300,0.450,0.717,0.627,127,127,1,1,127,,1899,visual,Data,TrackUpdate,0.10,2
65,24,0,189.923,2.066,3.930,0.994,0.997,0.0,0.0,45.947,3.770,8.257,0,45.947,1.700,0.300,0.450,0.646,0.860,1,1,1,1,126,,1899,visual,Data,TrackUpdate,0.10,2
65,24,0,190.123,2.266,4.081,0.986,0.994,0.0,0.0,45.947,3.927,8.519,0,45.947,1.700,0.300,0.450,0.650,0.848,1,1,1,1,126,,1901,visual,Data,TrackUpdate,0.10,1
65,24,0,190.257,2.400,4.091,0.938,0.976,0.0,0.0,45.947,4.017,8.637,0,45.947,1.700,0.300,0.450,0.653,0.842,1,1,1,1,126,,1902,visual,Data,TrackUpdate,0.10,1
65,24,0,190.324,2.467,4.067,0.447,0.791,0.0,0.0,45.947,4.041,8.657,0,45.947,1.700,0.300,0.450,0.653,0.841,1,1,1,1,126,,1903,visual,Data,TrackUpdate,0.10,1
65,24,0,190.457,2.600,4.060,0.574,0.850,0.0,0.0,42.542,4.205,9.052,0,42.542,1.900,1.100,0.450,0.656,0.821,1,1,1,1,126,,1904,visual,Data,TrackUpdate,0.10,1
65,24,0,190.523,2.666,3.875,0.938,0.979,0.0,0.0,42.542,4.284,9.111,0,42.542,1.900,1.100,0.450,0.658,0.819,1,1,1,1,126,,1905,visual,Data,TrackUpdate,0.10,1
65,24,0,190.56,2.199,4.336,0.984,0.993,0.0,0.0,45.947,3.943,8.563,0,45.947,1.700,0.300,0.450,0.650,0.845,1,1,1,1,126,,1900,visual,Data,TrackUpdate,0.10,1
65,24,0,190.657,2.800,3.682,0.938,0.981,0.0,0.0,42.542,4.380,9.217,0,42.542,1.900,1.100,0.450,0.661,0.814,127,127,1,1,127,,1906,visual,Data,TrackUpdate,0.10,1
65,24,0,190.723,2.866,3.660,0.938,0.982,0.0,0.0,42.542,4.425,9.266,0,42.542,1.900,1.100,0.450,0.662,0.812,127,127,1,1,127,,1907,visual,Data,TrackUpdate,0.10,1
65,24,0,190.857,3.000,3.646,0.938,0.983,0.0,0.0,42.542,4.517,9.367,0,42.542,1.900,1.100,0.450,0.665,0.807,127,127,1,1,127,,1908,visual,Data,TrackUpdate,0.10,1
65,24,0,190.923,3.066,3.742,0.938,0.984,0.0,0.0,42.944,4.564,9.413,0,42.944,1.900,1.100,0.450,0.666,0.806,127,127,1,1,127,,1909,visual,Data,TrackUpdate,0.10,1
66,25,0,223.457,0.000,3.734,0.979,0.989,0.0,0.0,229.771,1.861,10.921,0,229.771,1.700,0.300,0.450,0.557,0.734,1,1,1,1,126,,2234,visual,Data,TrackUpdate,0.10,1
66,25,0,223.523,0.066,3.899,0.970,0.985,0.0,0.0,229.771,1.828,10.853,0,229.771,1.700,0.300,0.450,0.556,0.737,1,1,1,1,126,,2235,visual,Data,TrackUpdate,0.10,1
66,25,0,223.657,0.200,3.794,0.976,0.988,0.0,0.0,229.771,1.804,10.886,0,229.771,1.700,0.300,0.450,0.555,0.736,1,1,1,1,126,,2236,visual,Data,TrackUpdate,0.10,1
66,25,0,223.724,0.267,3.612,0.961,0.982,0.0,0.0,229.771,1.776,10.891,0,229.771,1.700,0.300,0.450,0.555,0.735,1,1,1,1,126,,2237,visual,Data,TrackUpdate,0.10,1
66,25,0,223.857,0.400,3.616,0.874,0.942,0.0,0.0,229.771,1.699,10.856,0,229.771,1.700,0.300,0.450,0.552,0.736,1,1,1,1,126,,2238,visual,Data,TrackUpdate,0.10,1
66,25,0,223.923,0.466,3.655,0.892,0.951,0.0,0.0,229.771,1.573,10.760,0,229.771,1.700,0.300,0.450,0.547,0.740,1,1,1,1,126,,2239,visual,Data,TrackUpdate,0.10,1
66,25,0,224.123,0.666,3.725,0.972,0.988,0.0,0.0,229.771,1.399,10.609,0,229.771,1.700,0.300,0.450,0.541,0.745,1,1,1,1,126,,2241,visual,Data,TrackUpdate,0.10,1
66,25,0,224.258,0.801,3.392,0.940,0.975,0.0,0.0,229.771,1.329,10.551,0,229.771,1.700,0.300,0.450,0.538,0.747,1,1,1,1,126,,2242,visual,Data,TrackUpdate,0.10,1
66,25,0,224.323,0.866,3.374,0.967,0.986,0.0,0.0,229.771,1.239,10.471,0,229.771,1.700,0.300,0.450,0.535,0.751,1,1,1,1,126,,2243,visual,Data,TrackUpdate,0.10,1
66,25,0,224.457,1.000,3.761,0.989,0.996,0.0,0.0,229.771,1.093,10.258,0,229.771,1.700,0.300,0.450,0.530,0.758,1,1,1,1,126,,2244,visual,Data,TrackUpdate,0.10,1
66,25,0,224.523,1.066,3.718,0.943,0.978,0.0,0.0,229.771,1.077,10.278,0,229.771,1.700,0.300,0.450,0.529,0.757,1,1,1,1,126,,2245,visual,Data,TrackUpdate,0.10,1
66,25,0,224.57,0.600,3.759,0.942,0.974,0.0,0.0,229.771,1.425,10.630,0,229.771,1.700,0.300,0.450,0.542,0.744,1,1,1,1,126,,2240,visual,Data,TrackUpdate,0.10,1
66,25,0,224.657,1.200,3.765,0.985,0.994,0.0,0.0,229.771,0.987,10.147,0,229.771,1.700,0.300,0.450,0.526,0.763,1,1,1,1,126,,2246,visual,Data,TrackUpdate,0.10,1
66,25,0,224.723,1.266,4.045,0.975,0.991,0.0,0.0,229.771,0.914,10.061,0,229.771,1.700,0.300,0.450,0.523,0.766,1,1,1,1,126,,2247,visual,Data,TrackUpdate,0.10,1
66,25,0,224.857,1.400,3.764,0.991,0.997,0.0,0.0,229.771,0.821,10.020,0,229.771,1.700,0.300,0.450,0.519,0.767,1,1,1,1,126,,2248,visual,Data,TrackUpdate,0.10,1
66,25,0,224.923,1.466,3.786,0.998,0.999,0.0,0.0,229.771,0.780,9.977,0,229.771,1.700,0.300,0.450,0.517,0.769,1,1,1,1,126,,2249,visual,Data,TrackUpdate,0.10,1
66,25,0,225.0,1.543,3.776,0.998,0.999,0.0,0.0,229.771,0.728,9.932,0,229.771,1.700,0.300,0.450,0.515,0.770,1,1,1,1,126,,2250,visual,Data,TrackUpdate,0.10,1
66,25,0,225.123,1.666,3.516,0.996,0.999,0.0,0.0,229.771,0.672,9.852,0,229.771,1.700,0.300,0.450,0.514,0.774,1,1,1,1,126,,2251,visual,Data,TrackUpdate,0.10,1
66,25,0,225.257,1.800,3.452,0.987,0.996,0.0,0.0,229.771,0.628,9.793,0,229.771,1.700,0.300,0.450,0.511,0.777,1,1,1,1,126,,2252,visual,Data,TrackUpdate,0.10,1
66,25,0,225.323,1.866,3.531,0.996,0.999,0.0,0.0,229.771,0.540,9.691,0,229.771,1.700,0.300,0.450,0.508,0.781,1,1,1,1,126,,2253,visual,Data,TrackUpdate,0.10,1
66,25,0,225.400,1.943,3.577,0.993,0.998,0.0,0.0,229.771,0.448,9.570,0,229.771,1.700,0.300,0.450,0.504,0.786,1,1,1,1,126,,2254,visual,Data,TrackUpdate,0.10,1
66,25,0,225.525,2.068,3.549,0.986,0.996,0.0,0.0,229.771,0.388,9.520,0,229.771,1.700,0.300,0.450,0.501,0.788,1,1,1,1,126,,2255,visual,Data,TrackUpdate,0.10,1
66,25,0,225.657,2.200,3.960,0.997,0.999,0.0,0.0,229.771,0.234,9.359,0,229.771,1.700,0.300,0.450,0.495,0.794,1,1,1,1,126,,2256,visual,Data,TrackUpdate,0.10,1
66,25,0,225.723,2.266,4.070,0.998,0.999,0.0,0.0,229.771,0.193,9.298,0,229.771,1.700,0.300,0.450,0.493,0.796,1,1,1,1,126,,2257,visual,Data,TrackUpdate,0.10,1
66,25,0,225.857,2.400,4.267,0.987,0.997,0.0,0.0,229.771,0.069,9.174,0,229.771,1.700,0.300,0.450,0.488,0.802,1,1,1,1,126,,2258,visual,Data,TrackUpdate,0.10,1
66,25,0,225.923,2.466,4.012,0.992,0.998,0.0,0.0,229.771,0.037,9.185,0,229.771,1.700,0.300,0.450,0.486,0.802,1,1,1,1,126,,2259,visual,Data,TrackUpdate,0.10,1
66,25,0,226.123,2.666,3.871,0.997,0.999,0.0,0.0,229.771,-0.125,9.102,0,229.771,1.700,0.300,0.450,0.479,0.804,1,1,1,1,126,,2261,visual,Data,TrackUpdate,0.10,1
66,25,0,226.257,2.800,3.933,0.996,0.999,0.0,0.0,229.771,-0.219,9.020,0,229.771,1.700,0.300,0.450,0.475,0.807,1,1,1,1,126,,2262,visual,Data,TrackUpdate,0.10,1
66,25,0,226.323,2.866,3.916,0.996,0.999,0.0,0.0,229.771,-0.286,8.941,0,229.771,1.700,0.300,0.450,0.471,0.811,1,1,1,1,126,,2263,visual,Data,TrackUpdate,0.10,1
66,25,0,226.457,3.000,3.630,0.997,0.999,0.0,0.0,229.771,-0.349,8.880,0,229.771,1.700,0.300,0.450,0.469,0.814,1,1,1,1,126,,2264,visual,Data,TrackUpdate,0.10,1
66,25,0,226.523,3.066,3.683,0.998,1.000,0.0,0.0,229.771,-0.380,8.861,0,229.771,1.700,0.300,0.450,0.468,0.815,1,1,1,1,126,,2265,visual,Data,TrackUpdate,0.10,1
66,25,0,226.57,2.600,3.926,0.997,0.999,0.0,0.0,229.771,-0.109,9.097,0,229.771,1.700,0.300,0.450,0.480,0.805,1,1,1,1,126,,2260,visual,Data,TrackUpdate,0.10,1
66,25,0,226.657,3.200,3.642,0.996,0.999,0.0,0.0,229.771,-0.495,8.801,0,229.771,1.700,0.300,0.450,0.462,0.817,1,1,1,1,126,,2266,visual,Data,TrackUpdate,0.10,1
66,25,0,226.725,3.268,3.621,0.996,0.999,0.0,0.0,229.771,-0.572,8.738,0,229.771,1.700,0.300,0.450,0.459,0.819,1,1,1,1,126,,2267,visual,Data,TrackUpdate,0.10,1
66,25,0,226.857,3.400,3.806,0.993,0.999,0.0,0.0,229.771,-0.703,8.592,0,229.771,1.700,0.300,0.450,0.452,0.826,1,1,1,1,126,,2268,visual,Data,TrackUpdate,0.10,1
66,25,0,226.925,3.468,3.869,0.989,0.998,0.0,0.0,229.771,-0.769,8.515,0,229.771,1.700,0.300,0.450,0.449,0.830,1,1,1,1,126,,2269,visual,Data,TrackUpdate,0.10,1
66,25,0,227.0,3.543,3.713,0.998,1.000,0.0,0.0,229.771,-0.787,8.556,0,229.771,1.700,0.300,0.450,0.448,0.827,1,1,1,1,126,,2270,visual,Data,TrackUpdate,0.10,1
66,25,0,227.123,3.666,3.844,0.995,0.999,0.0,0.0,229.771,-0.905,8.440,0,229.771,1.700,0.300,0.450,0.443,0.832,1,1,1,1,126,,2271,visual,Data,TrackUpdate,0.10,1
66,25,0,227.257,3.800,3.989,0.983,0.998,0.0,0.0,229.771,-0.983,8.318,0,229.771,1.700,0.300,0.450,0.439,0.838,1,1,1,1,126,,2272,visual,Data,TrackUpdate,0.10,1
66,25,0,227.323,3.866,3.922,0.878,0.986,0.0,0.0,229.771,-1.054,8.245,0,229.771,1.700,0.300,0.450,0.434,0.842,1,1,1,1,126,,2273,visual,Data,TrackUpdate,0.10,1
66,25,0,227.400,3.943,3.767,0.947,0.994,0.0,0.0,229.771,-1.089,8.183,0,229.771,1.700,0.300,0.450,0.433,0.844,1,1,1,1,126,,2274,visual,Data,TrackUpdate,0.10,1
66,25,0,227.524,4.067,3.829,0.989,0.999,0.0,0.0,229.771,-1.165,8.105,0,229.771,1.700,0.300,0.450,0.429,0.848,1,1,1,1,126,,2275,visual,Data,TrackUpdate,0.10,1
66,25,0,227.657,4.200,3.886,0.992,0.999,0.0,0.0,229.771,-1.289,7.881,0,229.771,1.700,0.300,0.450,0.422,0.859,1,1,1,1,126,,2276,visual,Data,TrackUpdate,0.10,1
66,25,0,227.723,4.266,3.920,0.985,0.999,0.0,0.0,229.771,-1.311,7.774,0,229.771,1.700,0.300,0.450,0.420,0.865,1,1,1,1,126,,2277,visual,Data,TrackUpdate,0.10,1
66,25,0,227.857,4.400,3.668,0.967,0.998,0.0,0.0,229.771,-1.314,7.732,0,229.771,1.700,0.300,0.450,0.419,0.868,1,1,1,1,126,,2278,visual,Data,TrackUpdate,0.10,1
66,25,0,227.923,4.466,3.753,0.990,0.999,0.0,0.0,229.771,-1.355,7.685,0,229.771,1.700,0.300,0.450,0.417,0.870,1,1,1,1,126,,2279,visual,Data,TrackUpdate,0.10,1
66,25,0,228.125,4.668,3.570,0.818,0.994,0.0,0.0,229.771,-1.434,7.657,0,229.771,1.700,0.300,0.450,0.414,0.870,1,1,1,1,126,,2281,visual,Data,TrackUpdate,0.10,1
66,25,0,228.257,4.800,3.655,0.958,0.999,0.0,0.0,229.771,-1.542,7.549,0,229.771,1.700,0.300,0.450,0.408,0.876,1,1,1,1,126,,2282,visual,Data,TrackUpdate,0.10,1
66,25,0,228.324,4.867,3.563,0.839,0.998,0.0,0.0,229.771,-1.585,7.513,0,229.771,1.700,0.300,0.450,0.405,0.878,1,1,1,1,126,,2283,visual,Data,TrackUpdate,0.10,1
66,25,0,228.457,5.000,3.650,0.994,1.000,0.0,0.0,229.771,-1.684,7.419,0,229.771,1.700,0.300,0.450,0.399,0.881,1,1,1,1,126,,2284,visual,Data,TrackUpdate,0.10,1
66,25,0,228.523,5.066,3.745,0.989,1.000,0.0,0.0,229.771,-1.769,7.388,0,229.771,1.700,0.300,0.450,0.395,0.883,1,1,1,1,126,,2285,visual,Data,TrackUpdate,0.10,1
66,25,0,228.57,4.600,3.564,0.925,0.997,0.0,0.0,229.771,-1.411,7.653,0,229.771,1.700,0.300,0.450,0.414,0.871,1,1,1,1,126,,2280,visual,Data,TrackUpdate,0.10,1
66,25,0,228.657,5.200,3.891,0.997,1.000,0.0,0.0,229.771,-1.906,7.234,0,229.771,1.700,0.300,0.450,0.387,0.891,1,1,1,1,126,,2286,visual,Data,TrackUpdate,0.10,1
66,25,0,228.723,5.266,3.760,0.996,1.000,0.0,0.0,227.877,-1.918,7.212,0,227.877,1.700,0.300,0.450,0.387,0.892,1,1,1,1,126,,2287,visual,Data,TrackUpdate,0.10,1
66,25,0,228.857,5.400,3.540,0.998,1.000,0.0,0.0,227.877,-1.976,7.162,0,227.877,1.700,0.300,0.450,0.383,0.894,1,1,1,1,126,,2288,visual,Data,TrackUpdate,0.10,1
66,25,0,228.925,5.468,3.614,0.997,1.000,0.0,0.0,227.877,-2.063,7.056,0,227.877,1.700,0.300,0.450,0.379,0.899,1,1,1,1,126,,2289,visual,Data,TrackUpdate,0.10,1
66,25,0,229.125,5.668,3.711,0.989,1.000,0.0,0.0,227.877,-2.211,6.925,0,227.877,1.700,0.300,0.450,0.370,0.906,1,1,1,1,126,,2291,visual,Data,TrackUpdate,0.10,1
66,25,0,229.257,5.800,3.606,0.995,1.000,0.0,0.0,227.877,-2.280,6.870,0,227.877,1.700,0.300,0.450,0.366,0.908,1,1,1,1,126,,2292,visual,Data,TrackUpdate,0.10,1
66,25,0,229.323,5.866,3.478,0.987,1.000,0.0,0.0,227.877,-2.299,6.847,0,227.877,1.700,0.300,0.450,0.365,0.909,1,1,1,1,126,,2293,visual,Data,TrackUpdate,0.10,1
66,25,0,229.457,6.000,3.483,0.982,1.000,0.0,0.0,227.877,-2.364,6.781,0,227.877,1.700,0.300,0.450,0.361,0.912,1,1,1,1,126,,2294,visual,Data,TrackUpdate,0.10,1
66,25,0,229.523,6.066,3.451,0.949,1.000,0.0,0.0,227.877,-2.412,6.735,0,227.877,1.700,0.300,0.450,0.358,0.915,1,1,1,1,126,,2295,visual,Data,TrackUpdate,0.10,1
66,25,0,229.57,5.600,3.852,0.995,1.000,0.0,0.0,227.877,-2.174,6.946,0,227.877,1.700,0.300,0.450,0.372,0.905,1,1,1,1,126,,2290,visual,Data,TrackUpdate,0.10,1
66,25,0,229.657,6.200,3.305,0.975,1.000,0.0,0.0,227.877,-2.523,6.602,0,227.877,1.700,0.300,0.450,0.352,0.921,1,1,1,1,126,,2296,visual,Data,TrackUpdate,0.10,1
66,25,0,229.723,6.266,3.222,0.987,1.000,0.0,0.0,227.877,-2.548,6.566,0,227.877,1.700,0.300,0.450,0.350,0.924,1,1,1,1,126,,2297,visual,Data,TrackUpdate,0.10,1
66,25,0,229.857,6.400,3.449,0.983,1.000,0.0,0.0,227.877,-2.629,6.413,0,227.877,1.700,0.300,0.450,0.344,0.931,1,1,1,1,126,,2298,visual,Data,TrackUpdate,0.10,1
66,25,0,229.923,6.466,3.439,0.947,1.000,0.0,0.0,227.877,-2.644,6.360,0,227.877,1.700,0.300,0.450,0.343,0.935,1,1,1,1,126,,2299,visual,Data,TrackUpdate,0.10,1
66,25,0,230.56,6.599,3.603,0.701,1.000,0.0,0.0,227.877,-2.727,6.233,0,227.877,1.700,0.300,0.450,0.337,0.942,127,127,1,1,127,,2300,visual,Data,TrackUpdate,0.10,1
71,26,0,231.123,0.000,3.211,0.983,0.985,0.0,0.0,212.657,-3.114,5.079,0,212.657,1.700,0.300,0.450,0.301,1.013,1,1,1,1,126,,2311,visual,Data,TrackUpdate,0.10,1
71,26,0,231.257,0.134,3.279,0.947,0.954,0.0,0.0,212.657,-3.250,5.010,0,212.657,1.700,0.300,0.450,0.293,1.015,127,127,1,1,127,,2312,visual,Data,TrackUpdate,0.10,1
71,26,0,231.323,0.200,3.371,0.958,0.964,0.0,0.0,212.657,-3.343,4.979,0,212.657,1.700,0.300,0.450,0.287,1.015,127,127,1,1,127,,2313,visual,Data,TrackUpdate,0.10,2
72,27,5,231.323,0.000,12.552,0.917,0.940,0.0,0.0,201.514,6.169,13.205,0,201.514,1.500,5.000,2.000,0.684,0.669,1,1,1,1,126,,2313,visual,Data,TrackUpdate,0.10,2
71,26,0,231.457,0.334,3.052,0.931,0.943,0.0,0.0,212.657,-3.390,4.980,0,212.657,1.700,0.300,0.450,0.285,1.013,127,127,1,1,127,,2314,visual,Data,TrackUpdate,0.10,2
72,27,5,231.457,0.134,11.281,0.900,0.932,0.0,0.0,201.514,5.979,13.060,0,201.514,1.500,5.000,2.000,0.680,0.673,1,1,1,1,126,,2314,visual,Data,TrackUpdate,0.10,2
71,26,0,231.523,0.400,2.929,0.981,0.984,0.0,0.0,212.657,-3.397,4.961,0,212.657,1.700,0.300,0.450,0.285,1.015,127,127,1,1,127,,2315,visual,Data,TrackUpdate,0.10,2
72,27,5,231.523,0.200,10.417,0.922,0.949,0.0,0.0,201.514,5.884,13.090,0,201.514,1.500,5.000,2.000,0.677,0.672,1,1,1,1,126,,2315,visual,Data,TrackUpdate,0.10,2
71,26,0,231.657,0.534,2.871,0.542,0.634,0.0,0.0,212.657,-3.476,4.914,0,212.657,1.700,0.300,0.450,0.280,1.016,127,127,1,1,127,,2316,visual,Data,TrackUpdate,0.10,2
72,27,5,231.657,0.334,10.303,0.931,0.958,0.0,0.0,201.514,5.677,12.790,0,201.514,1.500,5.000,2.000,0.673,0.681,1,1,1,1,126,,2316,visual,Data,TrackUpdate,0.10,2
72,27,5,231.723,0.400,9.882,0.953,0.972,0.0,0.0,201.514,5.600,12.746,0,201.514,1.500,5.000,2.000,0.671,0.682,1,1,1,1,126,,2317,visual,Data,TrackUpdate,0.10,1
72,27,5,231.857,0.534,9.756,0.892,0.941,0.0,0.0,201.514,5.275,12.544,0,201.514,1.500,5.000,2.000,0.663,0.688,1,1,1,1,126,,2318,visual,Data,TrackUpdate,0.10,1
72,27,5,231.923,0.600,9.908,0.926,0.962,0.0,0.0,213.233,5.453,12.193,0,213.233,1.500,5.000,2.000,0.671,0.699,1,1,1,1,126,,2319,visual,Data,TrackUpdate,0.10,1
72,27,5,232.123,0.800,10.172,0.381,0.736,0.0,0.0,213.233,4.742,11.834,0,213.233,1.500,5.000,2.000,0.652,0.710,1,1,1,1,126,,2321,visual,Data,TrackUpdate,0.10,1
72,27,5,232.257,0.934,10.274,0.609,0.841,0.0,0.0,213.233,4.324,11.581,0,213.233,1.500,5.000,2.000,0.640,0.719,1,1,1,1,126,,2322,visual,Data,TrackUpdate,0.10,1
72,27,5,232.325,1.002,10.551,0.934,0.974,0.0,0.0,213.233,4.075,11.353,0,213.233,1.500,5.000,2.000,0.633,0.726,1,1,1,1,126,,2323,visual,Data,TrackUpdate,0.10,1
72,27,5,232.457,1.134,10.726,0.879,0.953,0.0,0.0,213.233,3.675,11.033,0,213.233,1.500,5.000,2.000,0.622,0.737,1,1,1,1,126,,2324,visual,Data,TrackUpdate,0.10,1
72,27,5,232.523,1.200,10.798,0.848,0.942,0.0,0.0,213.233,3.488,10.871,0,213.233,1.500,5.000,2.000,0.616,0.742,1,1,1,1,126,,2325,visual,Data,TrackUpdate,0.10,1
72,27,5,232.57,0.734,10.132,0.929,0.968,0.0,0.0,213.233,4.952,11.948,0,213.233,1.500,5.000,2.000,0.658,0.706,1,1,1,1,126,,2320,visual,Data,TrackUpdate,0.10,1
72,27,5,232.657,1.334,10.969,0.804,0.928,0.0,0.0,213.233,3.082,10.524,0,213.233,1.500,5.000,2.000,0.604,0.755,1,1,1,1,126,,2326,visual,Data,TrackUpdate,0.10,1
72,27,5,232.723,1.400,10.946,0.861,0.950,0.0,0.0,213.233,2.926,10.394,0,213.233,1.500,5.000,2.000,0.599,0.759,1,1,1,1,126,,2327,visual,Data,TrackUpdate,0.10,1
72,27,5,232.857,1.534,11.034,0.753,0.914,0.0,0.0,213.233,2.557,10.069,0,213.233,1.500,5.000,2.000,0.586,0.773,1,1,1,1,126,,2328,visual,Data,TrackUpdate,0.10,1
72,27,5,232.923,1.600,11.136,0.828,0.942,0.0,0.0,213.233,2.339,9.887,0,213.233,1.500,5.000,2.000,0.579,0.780,1,1,1,1,126,,2329,visual,Data,TrackUpdate,0.10,1
72,27,5,233.123,1.800,11.619,0.919,0.974,0.0,0.0,213.233,1.731,9.254,0,213.233,1.500,5.000,2.000,0.557,0.806,1,1,1,1,126,,2331,visual,Data,TrackUpdate,0.10,1
72,27,5,233.257,1.934,11.981,0.990,0.997,0.0,0.0,213.233,1.384,8.876,0,213.233,1.500,5.000,2.000,0.543,0.823,127,127,1,1,127,,2332,visual,Data,TrackUpdate,0.10,1
72,27,5,233.324,2.001,12.452,0.975,0.993,0.0,0.0,213.233,1.177,8.630,0,213.233,1.500,5.000,2.000,0.534,0.835,127,127,1,1,127,,2333,visual,Data,TrackUpdate,0.10,1
72,27,5,233.457,2.134,12.827,0.925,0.979,0.0,0.0,225.313,1.168,7.819,0,225.313,1.500,5.000,2.000,0.535,0.880,127,127,1,1,127,,2334,visual,Data,TrackUpdate,0.10,1
72,27,5,233.523,2.200,12.862,0.992,0.998,0.0,0.0,225.313,0.825,7.465,0,225.313,1.500,5.000,2.000,0.519,0.899,127,127,1,1,127,,2335,visual,Data,TrackUpdate,0.10,1
72,27,5,233.57,1.734,11.359,0.837,0.947,0.0,0.0,213.233,1.925,9.463,0,213.233,1.500,5.000,2.000,0.564,0.797,1,1,1,1,126,,2330,visual,Data,TrackUpdate,0.10,1
72,27,5,233.657,2.334,12.984,0.961,0.990,0.0,0.0,225.152,0.285,6.912,0,225.152,1.500,5.000,2.000,0.492,0.930,127,127,1,1,127,,2336,visual,Data,TrackUpdate,0.10,1
72,27,5,233.723,2.400,13.449,0.982,0.995,0.0,0.0,224.018,0.036,6.722,0,224.018,1.500,5.000,2.000,0.479,0.941,127,127,1,1,127,,2337,visual,Data,TrackUpdate,0.10,1
72,27,5,233.857,2.534,13.919,0.992,0.998,0.0,0.0,223.970,-0.364,6.301,0,223.970,1.500,5.000,2.000,0.457,0.966,127,127,1,1,127,,2338,visual,Data,TrackUpdate,0.10,1
72,27,5,233.923,2.600,14.151,0.968,0.992,0.0,0.0,223.970,-0.549,6.105,0,223.970,1.500,5.000,2.000,0.446,0.978,127,127,1,1,127,,2339,visual,Data,TrackUpdate,0.10,1
72,27,5,234.123,2.800,14.831,0.762,0.948,0.0,0.0,223.382,-1.204,5.447,0,223.382,1.500,5.000,2.000,0.406,1.018,127,127,1,1,127,,2341,visual,Data,TrackUpdate,0.10,1
72,27,5,234.257,2.934,15.148,0.762,0.951,0.0,0.0,223.115,-1.647,4.994,0,223.115,1.500,5.000,2.000,0.377,1.045,127,127,1,1,127,,2342,visual,Data,TrackUpdate,0.10,1
72,27,5,234.323,3.000,15.354,0.762,0.952,0.0,0.0,223.115,-1.864,4.764,0,223.115,1.500,5.000,2.000,0.363,1.059,127,127,1,1,127,,2343,visual,Data,TrackUpdate,0.10,1
72,27,5,234.457,3.134,15.593,0.762,0.956,0.0,0.0,223.125,-2.305,4.294,0,223.125,1.500,5.000,2.000,0.332,1.087,127,127,1,1,127,,2344,visual,Data,TrackUpdate,0.10,1
72,27,5,234.523,3.200,15.756,0.762,0.957,0.0,0.0,223.031,-2.527,4.064,0,223.031,1.500,5.000,2.000,0.317,1.100,127,127,1,1,127,,2345,visual,Data,TrackUpdate,0.10,1
72,27,5,234.57,2.734,14.618,0.762,0.946,0.0,0.0,223.387,-0.993,5.671,0,223.387,1.500,5.000,2.000,0.419,1.004,127,127,1,1,127,,2340,visual,Data,TrackUpdate,0.10,1
74,28,0,239.657,0.067,8.169,0.998,0.999,0.0,0.0,224.461,-2.011,6.086,0,224.461,1.700,0.300,0.450,0.370,0.962,127,127,1,1,127,,2396,visual,Data,TrackUpdate,0.10,1
74,28,0,239.723,0.133,8.238,0.992,0.996,0.0,0.0,224.461,-2.123,5.934,0,224.461,1.700,0.300,0.450,0.363,0.970,127,127,1,1,127,,2397,visual,Data,TrackUpdate,0.10,1
74,28,0,239.857,0.267,7.921,0.987,0.994,0.0,0.0,222.826,-2.333,5.773,0,222.826,1.700,0.300,0.450,0.351,0.979,127,127,1,1,127,,2398,visual,Data,TrackUpdate,0.10,1
74,28,0,239.923,0.333,7.731,0.994,0.997,0.0,0.0,222.826,-2.412,5.731,0,222.826,1.700,0.300,0.450,0.346,0.980,127,127,1,1,127,,2399,visual,Data,TrackUpdate,0.10,1
74,28,0,240.123,0.533,7.413,0.987,0.994,0.0,0.0,222.826,-2.771,5.542,0,222.826,1.700,0.300,0.450,0.325,0.987,127,127,1,1,127,,2401,visual,Data,TrackUpdate,0.10,1
74,28,0,240.257,0.667,7.385,0.998,0.999,0.0,0.0,226.184,-3.086,5.357,0,226.184,1.700,0.300,0.450,0.306,0.994,127,127,1,1,127,,2402,visual,Data,TrackUpdate,0.10,1
74,28,0,240.323,0.733,7.469,0.995,0.998,0.0,0.0,226.184,-3.217,5.236,0,226.184,1.700,0.300,0.450,0.298,0.999,127,127,1,1,127,,2403,visual,Data,TrackUpdate,0.10,1
74,28,0,240.458,0.868,7.695,0.927,0.970,0.0,0.0,226.573,-3.535,4.984,0,226.573,1.700,0.300,0.450,0.278,1.010,127,127,1,1,127,,2404,visual,Data,TrackUpdate,0.10,1
74,28,0,240.57,0.467,7.688,0.993,0.997,0.0,0.0,222.826,-2.667,5.587,0,222.826,1.700,0.300,0.450,0.331,0.986,127,127,1,1,127,,2400,visual,Data,TrackUpdate,0.10,1
81,29,0,250.123,0.124,5.020,0.997,0.998,0.0,0.0,265.838,4.280,12.681,0,265.838,1.700,0.300,0.450,0.632,0.681,1,1,1,1,126,,2501,visual,Data,TrackUpdate,0.10,1
81,29,0,250.257,0.258,4.982,0.999,0.999,0.0,0.0,265.838,4.109,12.553,0,265.838,1.700,0.300,0.450,0.627,0.685,1,1,1,1,126,,2502,visual,Data,TrackUpdate,0.10,1
81,29,0,250.323,0.324,4.896,0.999,0.999,0.0,0.0,265.838,4.053,12.550,0,265.838,1.700,0.300,0.450,0.626,0.684,1,1,1,1,126,,2503,visual,Data,TrackUpdate,0.10,1
81,29,0,250.457,0.458,4.663,0.992,0.995,0.0,0.0,273.002,3.969,12.641,0,273.002,1.700,0.300,0.450,0.622,0.681,1,1,1,1,126,,2504,visual,Data,TrackUpdate,0.10,1
81,29,0,250.523,0.524,4.744,0.996,0.997,0.0,0.0,273.002,3.854,12.655,0,273.002,1.700,0.300,0.450,0.619,0.681,1,1,1,1,126,,2505,visual,Data,TrackUpdate,0.10,1
81,29,0,250.57,0.058,5.090,0.992,0.994,0.0,0.0,265.838,4.349,12.664,0,265.838,1.700,0.300,0.450,0.634,0.681,1,1,1,1,126,,2500,visual,Data,TrackUpdate,0.10,1
81,29,0,250.659,0.660,4.820,0.952,0.971,0.0,0.0,273.002,3.651,12.588,0,273.002,1.700,0.300,0.450,0.613,0.682,1,1,1,1,126,,2506,visual,Data,TrackUpdate,0.10,1
81,29,0,250.723,0.724,4.890,0.987,0.992,0.0,0.0,273.002,3.530,12.531,0,273.002,1.700,0.300,0.450,0.609,0.683,1,1,1,1,126,,2507,visual,Data,TrackUpdate,0.10,1
81,29,0,250.857,0.858,4.634,0.996,0.998,0.0,0.0,263.268,3.478,12.499,0,263.268,1.700,0.300,0.450,0.607,0.684,1,1,1,1,126,,2508,visual,Data,TrackUpdate,0.10,1
81,29,0,250.923,0.924,4.657,0.998,0.999,0.0,0.0,263.268,3.386,12.453,0,263.268,1.700,0.300,0.450,0.604,0.685,1,1,1,1,126,,2509,visual,Data,TrackUpdate,0.10,1
81,29,0,251.123,1.124,4.330,0.994,0.997,0.0,0.0,263.268,3.325,12.471,0,263.268,1.700,0.300,0.450,0.603,0.684,1,1,1,1,126,,2511,visual,Data,TrackUpdate,0.10,1
81,29,0,251.257,1.258,4.277,0.991,0.996,0.0,0.0,263.268,3.202,12.400,0,263.268,1.700,0.300,0.450,0.599,0.687,1,1,1,1,126,,2512,visual,Data,TrackUpdate,0.10,1
81,29,0,251.323,1.324,4.392,0.995,0.998,0.0,0.0,263.268,3.063,12.333,0,263.268,1.700,0.300,0.450,0.594,0.689,1,1,1,1,126,,2513,visual,Data,TrackUpdate,0.10,1
81,29,0,251.457,1.458,4.043,0.997,0.999,0.0,0.0,257.175,2.936,12.192,0,257.175,1.700,0.300,0.450,0.591,0.694,1,1,1,1,126,,2514,visual,Data,TrackUpdate,0.10,1
81,29,0,251.523,1.524,4.090,0.992,0.997,0.0,0.0,257.175,2.868,12.116,0,257.175,1.700,0.300,0.450,0.589,0.695,1,1,1,1,126,,2515,visual,Data,TrackUpdate,0.10,1
81,29,0,251.58,1.059,4.564,0.999,0.999,0.0,0.0,263.268,3.273,12.408,0,263.268,1.700,0.300,0.450,0.601,0.686,1,1,1,1,126,,2510,visual,Data,TrackUpdate,0.10,1
81,29,0,251.657,1.658,4.169,0.977,0.991,0.0,0.0,257.175,2.672,11.979,0,257.175,1.700,0.300,0.450,0.583,0.699,1,1,1,1,126,,2516,visual,Data,TrackUpdate,0.10,1
81,29,0,251.723,1.724,4.360,0.945,0.981,0.0,0.0,249.779,2.501,11.829,0,249.779,1.700,0.300,0.450,0.578,0.704,1,1,1,1,126,,2517,visual,Data,TrackUpdate,0.10,1
81,29,0,251.857,1.858,3.978,0.965,0.989,0.0,0.0,249.779,2.603,11.906,0,249.779,1.700,0.300,0.450,0.581,0.702,1,1,1,1,126,,2518,visual,Data,TrackUpdate,0.10,2
82,30,5,251.857,0.000,10.702,0.969,0.974,0.0,0.0,37.811,3.685,10.539,0,37.811,1.500,5.000,2.000,0.626,0.756,1,1,1,1,126,,2518,visual,Data,TrackUpdate,0.10,2
81,29,0,251.923,1.924,4.070,0.945,0.983,0.0,0.0,249.779,2.509,11.821,0,249.779,1.700,0.300,0.450,0.578,0.704,1,1,1,1,126,,2519,visual,Data,TrackUpdate,0.10,2
82,30,5,251.923,0.066,10.101,0.985,0.988,0.0,0.0,37.811,3.791,10.577,0,37.811,1.500,5.000,2.000,0.629,0.755,1,1,1,1,126,,2519,visual,Data,TrackUpdate,0.10,2
81,29,0,252.124,2.125,4.233,0.947,0.985,0.0,0.0,249.779,2.405,11.740,0,249.779,1.700,0.300,0.450,0.575,0.706,1,1,1,1,126,,2521,visual,Data,TrackUpdate,0.10,2
82,30,5,252.124,0.267,9.689,0.951,0.964,0.0,0.0,37.811,4.273,10.800,0,37.811,1.500,5.000,2.000,0.645,0.747,1,1,1,1,126,,2521,visual,Data,TrackUpdate,0.10,2
81,29,0,252.257,2.258,3.987,0.964,0.990,0.0,0.0,249.779,2.220,11.563,0,249.779,1.700,0.300,0.450,0.569,0.712,1,1,1,1,126,,2522,visual,Data,TrackUpdate,0.10,2
82,30,5,252.257,0.400,9.443,0.512,0.661,0.0,0.0,37.811,4.582,10.922,0,37.811,1.500,5.000,2.000,0.654,0.743,1,1,1,1,126,,2522,visual,Data,TrackUpdate,0.10,2
81,29,0,252.323,2.324,4.279,0.980,0.995,0.0,0.0,244.812,2.057,11.376,0,244.812,1.700,0.300,0.450,0.564,0.719,1,1,1,1,126,,2523,visual,Data,TrackUpdate,0.10,2
82,30,5,252.323,0.466,9.492,0.612,0.741,0.0,0.0,37.811,4.786,10.994,0,37.811,1.500,5.000,2.000,0.660,0.741,1,1,1,1,126,,2523,visual,Data,TrackUpdate,0.10,2
81,29,0,252.459,2.460,3.949,0.934,0.983,0.0,0.0,244.812,2.084,11.316,0,244.812,1.700,0.300,0.450,0.565,0.720,1,1,1,1,126,,2524,visual,Data,TrackUpdate,0.10,2
82,30,5,252.459,0.602,10.004,0.674,0.804,0.0,0.0,37.811,5.244,11.300,0,37.811,1.500,5.000,2.000,0.673,0.730,1,1,1,1,126,,2524,visual,Data,TrackUpdate,0.10,2
81,29,0,252.523,2.524,4.023,0.953,0.988,0.0,0.0,244.812,2.020,11.237,0,244.812,1.700,0.300,0.450,0.562,0.723,1,1,1,1,126,,2525,visual,Data,TrackUpdate,0.10,2
82,30,5,252.523,0.666,10.337,0.805,0.890,0.0,0.0,37.811,5.520,11.438,0,37.811,1.500,5.000,2.000,0.680,0.725,1,1,1,1,126,,2525,visual,Data,TrackUpdate,0.10,2
81,29,0,252.57,2.058,4.254,0.819,0.947,0.0,0.0,249.779,2.367,11.684,0,249.779,1.700,0.300,0.450,0.573,0.708,1,1,1,1,126,,2520,visual,Data,TrackUpdate,0.10,2
82,30,5,252.57,0.200,9.915,0.975,0.981,0.0,0.0,37.811,4.106,10.767,0,37.811,1.500,5.000,2.000,0.639,0.748,1,1,1,1,126,,2520,visual,Data,TrackUpdate,0.10,2
81,29,0,252.657,2.658,4.159,0.846,0.964,0.0,0.0,244.812,1.913,11.178,0,244.812,1.700,0.300,0.450,0.559,0.725,1,1,1,1,126,,2526,visual,Data,TrackUpdate,0.10,2
82,30,5,252.657,0.800,10.309,0.654,0.822,0.0,0.0,37.811,5.854,11.667,0,37.811,1.500,5.000,2.000,0.689,0.718,1,1,1,1,126,,2526,visual,Data,TrackUpdate,0.10,2
81,29,0,252.723,2.724,4.104,0.887,0.974,0.0,0.0,244.812,1.874,11.162,0,244.812,1.700,0.300,0.450,0.558,0.726,1,1,1,1,126,,2527,visual,Data,TrackUpdate,0.10,2
82,30,5,252.723,0.866,10.161,0.955,0.978,0.0,0.0,37.811,5.865,11.873,0,37.811,1.500,5.000,2.000,0.687,0.711,1,1,1,1,126,,2527,visual,Data,TrackUpdate,0.10,2
81,29,0,252.857,2.858,3.917,0.966,0.993,0.0,0.0,244.812,1.811,11.112,0,244.812,1.700,0.300,0.450,0.556,0.728,1,1,1,1,126,,2528,visual,Data,TrackUpdate,0.10,2
82,30,5,252.857,1.000,10.566,0.900,0.958,0.0,0.0,49.495,6.531,12.005,0,49.495,1.500,5.000,2.000,0.706,0.707,1,1,1,1,126,,2528,visual,Data,TrackUpdate,0.10,2
81,29,0,252.923,2.924,3.873,0.969,0.994,0.0,0.0,244.812,1.739,11.042,0,244.812,1.700,0.300,0.450,0.553,0.730,1,1,1,1,126,,2529,visual,Data,TrackUpdate,0.10,2
82,30,5,252.923,1.066,10.629,0.885,0.955,0.0,0.0,49.495,6.621,12.209,0,49.495,1.500,5.000,2.000,0.706,0.701,1,1,1,1,126,,2529,visual,Data,TrackUpdate,0.10,2
81,29,0,253.123,3.124,4.033,0.977,0.996,0.0,0.0,238.695,1.542,10.887,0,238.695,1.700,0.300,0.450,0.546,0.735,1,1,1,1,126,,2531,visual,Data,TrackUpdate,0.10,2
82,30,5,253.123,1.266,10.497,0.515,0.819,0.0,0.0,49.563,6.895,12.648,0,49.563,1.500,5.000,2.000,0.709,0.688,1,1,1,1,126,,2531,visual,Data,TrackUpdate,0.10,2
81,29,0,253.258,3.259,4.480,0.989,0.998,0.0,0.0,236.399,1.316,10.556,0,236.399,1.700,0.300,0.450,0.538,0.747,1,1,1,1,126,,2532,visual,Data,TrackUpdate,0.10,2
82,30,5,253.258,1.401,10.502,0.515,0.825,0.0,0.0,49.300,7.183,12.922,0,49.300,1.500,5.000,2.000,0.715,0.680,127,127,1,1,127,,2532,visual,Data,TrackUpdate,0.10,2
81,29,0,253.323,3.324,4.591,0.984,0.997,0.0,0.0,236.399,1.329,10.559,0,236.399,1.700,0.300,0.450,0.538,0.747,1,1,1,1,126,,2533,visual,Data,TrackUpdate,0.10,2
82,30,5,253.323,1.466,10.503,0.515,0.829,0.0,0.0,49.300,7.324,13.050,0,49.300,1.500,5.000,2.000,0.717,0.676,127,127,1,1,127,,2533,visual,Data,TrackUpdate,0.10,2
81,29,0,253.457,3.458,4.612,0.983,0.997,0.0,0.0,236.399,1.232,10.453,0,236.399,1.700,0.300,0.450,0.535,0.751,1,1,1,1,126,,2534,visual,Data,TrackUpdate,0.10,2
82,30,5,253.457,1.600,10.503,0.515,0.835,0.0,0.0,49.734,7.626,13.298,0,49.734,1.500,5.000,2.000,0.723,0.669,127,127,1,1,127,,2534,visual,Data,TrackUpdate,0.10,2
81,29,0,253.523,3.524,4.453,0.978,0.997,0.0,0.0,236.399,1.185,10.409,0,236.399,1.700,0.300,0.450,0.533,0.753,1,1,1,1,126,,2535,visual,Data,TrackUpdate,0.10,2
82,30,5,253.523,1.666,10.501,0.515,0.838,0.0,0.0,49.734,7.768,13.426,0,49.734,1.500,5.000,2.000,0.726,0.666,127,127,1,1,127,,2535,visual,Data,TrackUpdate,0.10,2
81,29,0,253.57,3.058,4.065,0.962,0.993,0.0,0.0,238.695,1.600,10.947,0,238.695,1.700,0.300,0.450,0.548,0.733,1,1,1,1,126,,2530,visual,Data,TrackUpdate,0.10,2
82,30,5,253.57,1.200,10.512,0.756,0.907,0.0,0.0,49.563,6.778,12.507,0,49.563,1.500,5.000,2.000,0.707,0.692,1,1,1,1,126,,2530,visual,Data,TrackUpdate,0.10,2
81,29,0,253.658,3.659,4.086,0.989,0.999,0.0,0.0,236.399,1.170,10.458,0,236.399,1.700,0.300,0.450,0.533,0.751,1,1,1,1,126,,2536,visual,Data,TrackUpdate,0.10,1
81,29,0,253.723,3.724,4.208,0.986,0.998,0.0,0.0,236.399,1.040,10.342,0,236.399,1.700,0.300,0.450,0.528,0.755,1,1,1,1,126,,2537,visual,Data,TrackUpdate,0.10,1
81,29,0,253.857,3.858,4.202,0.994,0.999,0.0,0.0,235.537,0.868,10.198,0,235.537,1.700,0.300,0.450,0.521,0.760,1,1,1,1,126,,2538,visual,Data,TrackUpdate,0.10,1
81,29,0,253.923,3.924,3.815,0.997,1.000,0.0,0.0,235.537,0.864,10.198,0,235.537,1.700,0.300,0.450,0.521,0.760,1,1,1,1,126,,2539,visual,Data,TrackUpdate,0.10,1
81,29,0,254.123,4.124,4.201,0.981,0.998,0.0,0.0,235.537,0.693,10.040,0,235.537,1.700,0.300,0.450,0.514,0.766,1,1,1,1,126,,2541,visual,Data,TrackUpdate,0.10,1
81,29,0,254.257,4.258,4.237,0.929,0.995,0.0,0.0,235.537,0.599,9.809,0,235.537,1.700,0.300,0.450,0.510,0.776,1,1,1,1,126,,2542,visual,Data,TrackUpdate,0.10,1
81,29,0,254.323,4.324,4.531,0.977,0.998,0.0,0.0,233.211,0.543,9.712,0,233.211,1.700,0.300,0.450,0.508,0.780,1,1,1,1,126,,2543,visual,Data,TrackUpdate,0.10,1
81,29,0,254.457,4.458,4.259,0.992,1.000,0.0,0.0,233.211,0.488,9.663,0,233.211,1.700,0.300,0.450,0.506,0.781,1,1,1,1,126,,2544,visual,Data,TrackUpdate,0.10,1
81,29,0,254.523,4.524,4.073,0.993,1.000,0.0,0.0,233.211,0.410,9.550,0,233.211,1.700,0.300,0.450,0.502,0.787,1,1,1,1,126,,2545,visual,Data,TrackUpdate,0.10,1
81,29,0,254.57,4.058,4.155,0.996,1.000,0.0,0.0,235.537,0.803,10.163,0,235.537,1.700,0.300,0.450,0.518,0.761,1,1,1,1,126,,2540,visual,Data,TrackUpdate,0.10,1
81,29,0,254.657,4.658,4.211,0.996,1.000,0.0,0.0,233.211,0.311,9.495,0,233.211,1.700,0.300,0.450,0.498,0.788,1,1,1,1,126,,2546,visual,Data,TrackUpdate,0.10,1
81,29,0,254.723,4.724,4.046,0.989,1.000,0.0,0.0,233.211,0.283,9.510,0,233.211,1.700,0.300,0.450,0.497,0.788,1,1,1,1,126,,2547,visual,Data,TrackUpdate,0.10,1
81,29,0,254.857,4.858,4.330,0.985,1.000,0.0,0.0,232.430,0.063,9.317,0,232.430,1.700,0.300,0.450,0.488,0.795,1,1,1,1,126,,2548,visual,Data,TrackUpdate,0.10,1
81,29,0,254.923,4.924,4.334,0.993,1.000,0.0,0.0,232.430,0.022,9.277,0,232.430,1.700,0.300,0.450,0.485,0.796,1,1,1,1,126,,2549,visual,Data,TrackUpdate,0.10,1
81,29,0,255.0,5.001,4.098,0.995,1.000,0.0,0.0,232.430,0.028,9.279,0,232.430,1.700,0.300,0.450,0.486,0.796,1,1,1,1,126,,2550,visual,Data,TrackUpdate,0.10,1
81,29,0,255.123,5.124,4.159,0.993,1.000,0.0,0.0,232.430,-0.043,9.246,0,232.430,1.700,0.300,0.450,0.483,0.797,1,1,1,1,126,,2551,visual,Data,TrackUpdate,0.10,1
81,29,0,255.258,5.259,4.190,0.997,1.000,0.0,0.0,232.430,-0.204,9.145,0,232.430,1.700,0.300,0.450,0.476,0.802,1,1,1,1,126,,2552,visual,Data,TrackUpdate,0.10,1
81,29,0,255.323,5.324,4.345,0.993,1.000,0.0,0.0,232.430,-0.318,9.018,0,232.430,1.700,0.300,0.450,0.470,0.807,1,1,1,1,126,,2553,visual,Data,TrackUpdate,0.10,1
81,29,0,255.457,5.458,4.057,0.999,1.000,0.0,0.0,231.962,-0.340,8.928,0,231.962,1.700,0.300,0.450,0.470,0.811,1,1,1,1,126,,2554,visual,Data,TrackUpdate,0.10,1
81,29,0,255.523,5.524,3.769,0.998,1.000,0.0,0.0,231.962,-0.354,8.899,0,231.962,1.700,0.300,0.450,0.469,0.813,1,1,1,1,126,,2555,visual,Data,TrackUpdate,0.10,1
81,29,0,255.657,5.658,4.132,0.993,1.000,0.0,0.0,231.962,-0.506,8.712,0,231.962,1.700,0.300,0.450,0.461,0.821,1,1,1,1,126,,2556,visual,Data,TrackUpdate,0.10,1
81,29,0,255.723,5.724,3.978,0.988,1.000,0.0,0.0,231.962,-0.526,8.701,0,231.962,1.700,0.300,0.450,0.460,0.822,1,1,1,1,126,,2557,visual,Data,TrackUpdate,0.10,1
81,29,0,255.857,5.858,4.141,0.993,1.000,0.0,0.0,231.962,-0.653,8.653,0,231.962,1.700,0.300,0.450,0.455,0.823,1,1,1,1,126,,2558,visual,Data,TrackUpdate,0.10,1
81,29,0,255.924,5.925,4.382,0.989,1.000,0.0,0.0,232.324,-0.761,8.533,0,232.324,1.700,0.300,0.450,0.449,0.829,1,1,1,1,126,,2559,visual,Data,TrackUpdate,0.10,1
81,29,0,256.0,6.001,4.160,0.996,1.000,0.0,0.0,232.324,-0.766,8.475,0,232.324,1.700,0.300,0.450,0.449,0.831,1,1,1,1,126,,2560,visual,Data,TrackUpdate,0.10,1
81,29,0,256.123,6.124,3.923,0.887,1.000,0.0,0.0,232.324,-0.813,8.419,0,232.324,1.700,0.300,0.450,0.446,0.834,1,1,1,1,126,,2561,visual,Data,TrackUpdate,0.10,1
81,29,0,256.257,6.258,4.092,0.997,1.000,0.0,0.0,232.324,-0.897,8.296,0,232.324,1.700,0.300,0.450,0.442,0.840,1,1,1,1,126,,2562,visual,Data,TrackUpdate,0.10,1
81,29,0,256.323,6.324,4.194,0.996,1.000,0.0,0.0,232.324,-0.962,8.226,0,232.324,1.700,0.300,0.450,0.439,0.843,1,1,1,1,126,,2563,visual,Data,TrackUpdate,0.10,1
81,29,0,256.457,6.458,4.139,0.983,1.000,0.0,0.0,230.899,-1.093,7.968,0,230.899,1.700,0.300,0.450,0.431,0.856,1,1,1,1,126,,2564,visual,Data,TrackUpdate,0.10,1
81,29,0,256.523,6.524,4.122,0.971,1.000,0.0,0.0,230.899,-1.114,7.909,0,230.899,1.700,0.300,0.450,0.430,0.859,1,1,1,1,126,,2565,visual,Data,TrackUpdate,0.10,1
81,29,0,256.658,6.659,4.077,0.996,1.000,0.0,0.0,230.899,-1.186,7.822,0,230.899,1.700,0.300,0.450,0.426,0.864,1,1,1,1,126,,2566,visual,Data,TrackUpdate,0.10,1
81,29,0,256.723,6.724,4.013,0.997,1.000,0.0,0.0,230.899,-1.216,7.829,0,230.899,1.700,0.300,0.450,0.424,0.863,1,1,1,1,126,,2567,visual,Data,TrackUpdate,0.10,1
81,29,0,256.858,6.859,3.884,0.986,1.000,0.0,0.0,230.899,-1.272,7.764,0,230.899,1.700,0.300,0.450,0.422,0.866,1,1,1,1,126,,2568,visual,Data,TrackUpdate,0.10,1
81,29,0,256.923,6.924,3.895,0.982,1.000,0.0,0.0,230.899,-1.324,7.721,0,230.899,1.700,0.300,0.450,0.419,0.868,1,1,1,1,126,,2569,visual,Data,TrackUpdate,0.10,1
81,29,0,257.0,7.001,4.021,0.985,1.000,0.0,0.0,227.520,-1.382,7.657,0,227.520,1.700,0.300,0.450,0.416,0.870,1,1,1,1,126,,2570,visual,Data,TrackUpdate,0.10,1
81,29,0,257.124,7.125,3.788,0.963,1.000,0.0,0.0,227.520,-1.458,7.540,0,227.520,1.700,0.300,0.450,0.411,0.878,1,1,1,1,126,,2571,visual,Data,TrackUpdate,0.10,1
81,29,0,257.257,7.258,3.962,0.640,1.000,0.0,0.0,227.520,-1.533,7.424,0,227.520,1.700,0.300,0.450,0.407,0.883,1,1,1,1,126,,2572,visual,Data,TrackUpdate,0.10,1
81,29,0,257.323,7.324,3.904,0.979,1.000,0.0,0.0,227.520,-1.581,7.398,0,227.520,1.700,0.300,0.450,0.405,0.884,1,1,1,1,126,,2573,visual,Data,TrackUpdate,0.10,1
81,29,0,257.400,7.401,4.068,0.996,1.000,0.0,0.0,227.520,-1.674,7.329,0,227.520,1.700,0.300,0.450,0.399,0.887,1,1,1,1,126,,2574,visual,Data,TrackUpdate,0.10,1
81,29,0,257.523,7.524,4.047,0.995,1.000,0.0,0.0,227.331,-1.765,7.211,0,227.331,1.700,0.300,0.450,0.394,0.894,1,1,1,1,126,,2575,visual,Data,TrackUpdate,0.10,1
81,29,0,257.657,7.658,3.852,0.997,1.000,0.0,0.0,227.331,-1.832,7.119,0,227.331,1.700,0.300,0.450,0.390,0.898,1,1,1,1,126,,2576,visual,Data,TrackUpdate,0.10,1
81,29,0,257.725,7.726,3.921,0.992,1.000,0.0,0.0,227.331,-1.874,7.067,0,227.331,1.700,0.300,0.450,0.387,0.901,1,1,1,1,126,,2577,visual,Data,TrackUpdate,0.10,1
81,29,0,257.857,7.858,3.893,0.985,1.000,0.0,0.0,227.331,-1.962,6.985,0,227.331,1.700,0.300,0.450,0.383,0.905,1,1,1,1,126,,2578,visual,Data,TrackUpdate,0.10,1
81,29,0,257.923,7.924,3.711,0.980,1.000,0.0,0.0,227.331,-1.997,6.990,0,227.331,1.700,0.300,0.450,0.381,0.904,1,1,1,1,126,,2579,visual,Data,TrackUpdate,0.10,1
81,29,0,258.123,8.124,3.899,0.955,1.000,0.0,0.0,225.301,-2.158,6.804,0,225.301,1.700,0.300,0.450,0.371,0.914,1,1,1,1,126,,2581,visual,Data,TrackUpdate,0.10,1
81,29,0,258.257,8.258,3.689,0.985,1.000,0.0,0.0,225.301,-2.200,6.752,0,225.301,1.700,0.300,0.450,0.369,0.917,1,1,1,1,126,,2582,visual,Data,TrackUpdate,0.10,1
81,29,0,258.323,8.324,3.845,0.937,1.000,0.0,0.0,225.301,-2.276,6.690,0,225.301,1.700,0.300,0.450,0.365,0.919,1,1,1,1,126,,2583,visual,Data,TrackUpdate,0.10,1
81,29,0,258.457,8.458,3.837,0.985,1.000,0.0,0.0,225.304,-2.401,6.577,0,225.304,1.700,0.300,0.450,0.357,0.925,1,1,1,1,126,,2584,visual,Data,TrackUpdate,0.10,1
81,29,0,258.523,8.524,3.917,0.994,1.000,0.0,0.0,225.304,-2.450,6.474,0,225.304,1.700,0.300,0.450,0.353,0.931,1,1,1,1,126,,2585,visual,Data,TrackUpdate,0.10,1
81,29,0,258.58,8.059,3.969,0.989,1.000,0.0,0.0,225.301,-2.111,6.857,0,225.301,1.700,0.300,0.450,0.374,0.911,1,1,1,1,126,,2580,visual,Data,TrackUpdate,0.10,1
81,29,0,258.657,8.658,3.729,0.994,1.000,0.0,0.0,225.304,-2.472,6.319,0,225.304,1.700,0.300,0.450,0.350,0.940,1,1,1,1,126,,2586,visual,Data,TrackUpdate,0.10,1
81,29,0,258.725,8.726,3.533,0.990,1.000,0.0,0.0,225.304,-2.475,6.321,0,225.304,1.700,0.300,0.450,0.350,0.940,1,1,1,1,126,,2587,visual,Data,TrackUpdate,0.10,1
81,29,0,258.857,8.858,3.723,0.968,1.000,0.0,0.0,225.304,-2.622,6.142,0,225.304,1.700,0.300,0.450,0.341,0.949,127,127,1,1,127,,2588,visual,Data,TrackUpdate,0.10,1
81,29,0,258.923,8.924,3.726,0.870,1.000,0.0,0.0,223.435,-2.694,6.127,0,223.435,1.700,0.300,0.450,0.337,0.949,127,127,1,1,127,,2589,visual,Data,TrackUpdate,0.10,1
81,29,0,259.123,9.124,3.875,0.846,1.000,0.0,0.0,223.435,-2.892,6.055,0,223.435,1.700,0.300,0.450,0.326,0.951,127,127,1,1,127,,2591,visual,Data,TrackUpdate,0.10,1
81,29,0,259.57,9.058,3.650,0.957,1.000,0.0,0.0,223.435,-2.765,6.132,0,223.435,1.700,0.300,0.450,0.333,0.948,127,127,1,1,127,,2590,visual,Data,TrackUpdate,0.10,1
84,31,0,260.123,0.124,3.535,0.345,0.418,0.0,0.0,231.966,-3.198,4.893,0,231.966,1.700,0.300,0.450,0.294,1.024,127,127,1,1,127,,2601,visual,Data,TrackUpdate,0.10,1
84,31,0,260.57,0.058,3.530,0.796,0.816,0.0,0.0,231.966,-3.149,4.938,0,231.966,1.700,0.300,0.450,0.297,1.022,127,127,1,1,127,,2600,visual,Data,TrackUpdate,0.10,1
85,32,0,274.123,0.000,10.418,0.997,0.997,0.0,0.0,50.126,-0.475,5.317,0,50.126,1.700,0.300,0.450,0.446,1.035,1,1,1,1,126,,2741,visual,Data,TrackUpdate,0.10,1
85,32,0,274.257,0.134,10.480,0.998,0.998,0.0,0.0,50.126,-0.144,5.537,0,50.126,1.700,0.300,0.450,0.465,1.022,127,127,1,1,127,,2742,visual,Data,TrackUpdate,0.10,1
85,32,0,274.323,0.200,10.002,0.998,0.998,0.0,0.0,50.126,-0.034,5.594,0,50.126,1.700,0.300,0.450,0.471,1.019,127,127,1,1,127,,2743,visual,Data,TrackUpdate,0.10,1
85,32,0,274.457,0.334,9.909,0.995,0.996,0.0,0.0,50.126,0.266,5.785,0,50.126,1.700,0.300,0.450,0.488,1.006,127,127,1,1,127,,2744,visual,Data,TrackUpdate,0.10,1
85,32,0,274.523,0.400,9.807,0.992,0.994,0.0,0.0,53.062,0.390,5.888,0,53.062,1.700,0.300,0.450,0.495,1.000,127,127,1,1,127,,2745,visual,Data,TrackUpdate,0.10,1
85,32,0,274.658,0.535,9.794,0.997,0.998,0.0,0.0,53.062,0.634,6.388,0,53.062,1.700,0.300,0.450,0.508,0.967,1,1,1,1,126,,2746,visual,Data,TrackUpdate,0.10,1
85,32,0,274.724,0.601,9.991,0.997,0.998,0.0,0.0,50.192,0.769,6.723,0,50.192,1.700,0.300,0.450,0.516,0.944,1,1,1,1,126,,2747,visual,Data,TrackUpdate,0.10,1
85,32,0,274.858,0.735,9.630,0.996,0.997,0.0,0.0,50.192,0.955,7.027,0,50.192,1.700,0.300,0.450,0.526,0.926,1,1,1,1,126,,2748,visual,Data,TrackUpdate,0.10,1
85,32,0,274.924,0.801,9.576,0.994,0.996,0.0,0.0,50.192,1.077,7.150,0,50.192,1.700,0.300,0.450,0.531,0.919,1,1,1,1,126,,2749,visual,Data,TrackUpdate,0.10,1
85,32,0,275.0,0.877,9.620,0.996,0.998,0.0,0.0,50.288,1.227,7.327,0,50.288,1.700,0.300,0.450,0.538,0.908,1,1,1,1,126,,2750,visual,Data,TrackUpdate,0.10,1
85,32,0,275.126,1.003,9.750,0.996,0.998,0.0,0.0,50.288,1.496,7.613,0,50.288,1.700,0.300,0.450,0.550,0.894,1,1,1,1,126,,2751,visual,Data,TrackUpdate,0.10,1
85,32,0,275.256,1.133,9.696,0.994,0.997,0.0,0.0,50.112,1.729,7.856,0,50.112,1.700,0.300,0.450,0.560,0.880,1,1,1,1,126,,2752,visual,Data,TrackUpdate,0.10,1
85,32,0,275.323,1.200,9.877,0.998,0.999,0.0,0.0,50.112,1.893,8.054,0,50.112,1.700,0.300,0.450,0.567,0.869,1,1,1,1,126,,2753,visual,Data,TrackUpdate,0.10,1
85,32,0,275.400,1.277,9.882,0.997,0.999,0.0,0.0,50.112,2.020,8.232,0,50.112,1.700,0.300,0.450,0.572,0.859,1,1,1,1,126,,2754,visual,Data,TrackUpdate,0.10,1
85,32,0,275.523,1.400,9.821,0.998,0.999,0.0,0.0,48.600,2.250,8.437,0,48.600,1.700,0.300,0.450,0.581,0.849,1,1,1,1,126,,2755,visual,Data,TrackUpdate,0.10,1
85,32,0,275.658,1.535,9.716,0.997,0.999,0.0,0.0,48.600,2.493,8.640,0,48.600,1.700,0.300,0.450,0.590,0.840,1,1,1,1,126,,2756,visual,Data,TrackUpdate,0.10,1
85,32,0,275.723,1.600,9.850,0.998,0.999,0.0,0.0,46.932,2.654,8.829,0,46.932,1.700,0.300,0.450,0.596,0.831,1,1,1,1,126,,2757,visual,Data,TrackUpdate,0.10,1
85,32,0,275.858,1.735,9.863,0.998,0.999,0.0,0.0,46.932,2.895,9.124,0,46.932,1.700,0.300,0.450,0.604,0.817,1,1,1,1,126,,2758,visual,Data,TrackUpdate,0.10,1
85,32,0,275.923,1.800,9.844,0.997,0.999,0.0,0.0,46.169,3.006,9.238,0,46.169,1.700,0.300,0.450,0.608,0.811,1,1,1,1,126,,2759,visual,Data,TrackUpdate,0.10,1
85,32,0,276.1,1.878,9.727,0.997,0.999,0.0,0.0,46.169,3.111,9.343,0,46.169,1.700,0.300,0.450,0.611,0.806,1,1,1,1,126,,2760,visual,Data,TrackUpdate,0.10,1
85,32,0,276.123,2.000,9.646,0.996,0.999,0.0,0.0,46.169,3.341,9.484,0,46.169,1.700,0.300,0.450,0.620,0.800,1,1,1,1,126,,2761,visual,Data,TrackUpdate,0.10,1
85,32,0,276.258,2.135,9.416,0.994,0.998,0.0,0.0,46.200,3.585,9.681,0,46.200,1.700,0.300,0.450,0.628,0.793,1,1,1,1,126,,2762,visual,Data,TrackUpdate,0.10,1
85,32,0,276.324,2.201,9.790,0.995,0.999,0.0,0.0,45.670,3.791,9.964,0,45.670,1.700,0.300,0.450,0.633,0.781,1,1,1,1,126,,2763,visual,Data,TrackUpdate,0.10,1
85,32,0,276.457,2.334,9.710,0.992,0.998,0.0,0.0,45.670,4.029,10.240,0,45.670,1.700,0.300,0.450,0.640,0.769,1,1,1,1,126,,2764,visual,Data,TrackUpdate,0.10,1
85,32,0,276.524,2.401,9.703,0.979,0.995,0.0,0.0,45.431,4.148,10.351,0,45.431,1.700,0.300,0.450,0.644,0.765,1,1,1,1,126,,2765,visual,Data,TrackUpdate,0.10,1
85,32,0,276.656,2.533,9.004,0.860,0.965,0.0,0.0,45.431,4.139,10.188,0,45.431,1.700,0.300,0.450,0.644,0.771,127,127,1,1,127,,2766,visual,Data,TrackUpdate,0.10,1
85,32,0,276.723,2.600,9.039,0.860,0.966,0.0,0.0,45.431,4.268,10.298,0,45.431,1.700,0.300,0.450,0.648,0.767,127,127,1,1,127,,2767,visual,Data,TrackUpdate,0.10,1
85,32,0,276.857,2.734,8.987,0.860,0.968,0.0,0.0,45.431,4.518,10.518,0,45.431,1.700,0.300,0.450,0.655,0.758,127,127,1,1,127,,2768,visual,Data,TrackUpdate,0.10,1
85,32,0,276.923,2.800,8.938,0.860,0.969,0.0,0.0,46.910,4.643,10.626,0,46.910,1.700,0.300,0.450,0.659,0.754,127,127,1,1,127,,2769,visual,Data,TrackUpdate,0.10,1
85,32,0,277.0,2.877,8.941,0.860,0.970,0.0,0.0,46.910,4.785,10.754,0,46.910,1.700,0.300,0.450,0.662,0.749,127,127,1,1,127,,2770,visual,Data,TrackUpdate,0.10,1
85,32,0,277.123,3.000,8.884,0.860,0.972,0.0,0.0,46.910,5.010,10.958,0,46.910,1.700,0.300,0.450,0.668,0.743,127,127,1,1,127,,2771,visual,Data,TrackUpdate,0.10,1
85,32,0,277.257,3.134,8.943,0.860,0.974,0.0,0.0,46.595,5.254,11.182,0,46.595,1.700,0.300,0.450,0.674,0.734,127,127,1,1,127,,2772,visual,Data,TrackUpdate,0.10,1
85,32,0,277.323,3.200,8.898,0.860,0.975,0.0,0.0,46.595,5.375,11.293,0,46.595,1.700,0.300,0.450,0.677,0.731,127,127,1,1,127,,2773,visual,Data,TrackUpdate,0.10,1
85,32,0,277.400,3.277,8.906,0.860,0.976,0.0,0.0,46.668,5.515,11.421,0,46.668,1.700,0.300,0.450,0.680,0.726,127,127,1,1,127,,2774,visual,Data,TrackUpdate,0.10,1
85,32,0,277.524,3.401,8.890,0.860,0.978,0.0,0.0,46.668,5.738,11.628,0,46.668,1.700,0.300,0.450,0.685,0.719,127,127,1,1,127,,2775,visual,Data,TrackUpdate,0.10,1
89,33,0,299.657,0.000,2.427,0.996,0.996,0.0,0.0,21.224,1.910,5.784,0,21.224,1.700,0.300,0.450,0.576,1.013,1,1,1,1,126,,2996,visual,Data,TrackUpdate,0.10,1
89,33,0,299.723,0.066,2.552,0.997,0.997,0.0,0.0,21.224,1.996,5.820,0,21.224,1.700,0.300,0.450,0.580,1.010,127,127,1,1,127,,2997,visual,Data,TrackUpdate,0.10,1
89,33,0,299.857,0.200,2.820,0.993,0.994,0.0,0.0,21.224,2.098,5.945,0,21.224,1.700,0.300,0.450,0.584,1.002,127,127,1,1,127,,2998,visual,Data,TrackUpdate,0.10,1
89,33,0,299.923,0.266,2.724,0.995,0.996,0.0,0.0,21.224,2.133,5.955,0,21.224,1.700,0.300,0.450,0.586,1.001,127,127,1,1,127,,2999,visual,Data,TrackUpdate,0.10,1
89,33,0,300.123,0.466,2.441,0.994,0.995,0.0,0.0,21.224,2.238,5.955,0,21.224,1.700,0.300,0.450,0.591,1.001,127,127,1,1,127,,3001,visual,Data,TrackUpdate,0.10,1
89,33,0,300.257,0.600,2.733,0.990,0.992,0.0,0.0,21.224,2.364,6.101,0,21.224,1.700,0.300,0.450,0.597,0.991,127,127,1,1,127,,3002,visual,Data,TrackUpdate,0.10,1
89,33,0,300.323,0.666,2.950,0.998,0.998,0.0,0.0,21.224,2.421,6.429,0,21.224,1.700,0.300,0.450,0.598,0.969,1,1,1,1,126,,3003,visual,Data,TrackUpdate,0.10,1
89,33,0,300.57,0.400,2.432,0.995,0.996,0.0,0.0,21.224,2.184,5.938,0,21.224,1.700,0.300,0.450,0.589,1.002,127,127,1,1,127,,3000,visual,Data,TrackUpdate,0.10,1
14,1,0,36.323,0.000,3.006,0.953,0.958,0.0,0.0,51.736,-2.466,5.053,0,51.736,1.700,0.300,0.450,0.334,1.027,1,1,1,1,126,,363,visual,Data,TrackUpdate,0.10,2
15,2,0,36.323,0.000,3.543,0.996,0.996,0.0,0.0,56.593,-1.954,4.916,0,56.593,1.700,0.300,0.450,0.359,1.046,1,1,1,1,126,,363,visual,Data,TrackUpdate,0.10,2
14,1,0,36.456,0.133,3.187,0.981,0.984,0.0,0.0,51.736,-2.351,5.156,0,51.736,1.700,0.300,0.450,0.341,1.021,127,127,1,1,127,,364,visual,Data,TrackUpdate,0.10,2
15,2,0,36.456,0.133,3.044,0.843,0.854,0.0,0.0,56.593,-1.931,4.967,0,56.593,1.700,0.300,0.450,0.361,1.043,127,127,1,1,127,,364,visual,Data,TrackUpdate,0.10,2
14,1,0,36.523,0.200,3.301,0.972,0.976,0.0,0.0,51.736,-2.284,5.215,0,51.736,1.700,0.300,0.450,0.346,1.019,127,127,1,1,127,,365,visual,Data,TrackUpdate,0.10,2
15,2,0,36.523,0.200,2.903,0.974,0.976,0.0,0.0,56.593,-1.924,5.007,0,56.593,1.700,0.300,0.450,0.363,1.040,127,127,1,1,127,,365,visual,Data,TrackUpdate,0.10,2
14,1,0,36.657,0.334,3.271,0.994,0.995,0.0,0.0,51.736,-2.178,5.265,0,51.736,1.700,0.300,0.450,0.352,1.017,127,127,1,1,127,,366,visual,Data,TrackUpdate,0.10,2
15,2,0,36.657,0.334,2.941,0.954,0.959,0.0,0.0,56.593,-1.859,5.109,0,56.593,1.700,0.300,0.450,0.367,1.033,127,127,1,1,127,,366,visual,Data,TrackUpdate,0.10,2
14,1,0,36.725,0.402,3.196,0.995,0.996,0.0,0.0,51.736,-2.156,5.298,0,51.736,1.700,0.300,0.450,0.353,1.015,127,127,1,1,127,,367,visual,Data,TrackUpdate,0.10,2
15,2,0,36.725,0.402,3.319,0.989,0.990,0.0,0.0,56.593,-1.722,5.176,0,56.593,1.700,0.300,0.450,0.376,1.031,127,127,1,1,127,,367,visual,Data,TrackUpdate,0.10,2
14,1,0,36.857,0.534,3.326,0.991,0.993,0.0,0.0,51.736,-2.042,5.417,0,51.736,1.700,0.300,0.450,0.361,1.008,127,127,1,1,127,,368,visual,Data,TrackUpdate,0.10,2
15,2,0,36.857,0.534,3.387,0.998,0.998,0.0,0.0,56.593,-1.591,5.237,0,56.593,1.700,0.300,0.450,0.383,1.028,127,127,1,1,127,,368,visual,Data,TrackUpdate,0.10,2
14,1,0,36.923,0.600,3.276,0.930,0.946,0.0,0.0,51.736,-2.015,5.451,0,51.736,1.700,0.300,0.450,0.363,1.006,127,127,1,1,127,,369,visual,Data,TrackUpdate,0.10,2
15,2,0,36.923,0.600,3.322,0.998,0.998,0.0,0.0,56.593,-1.577,5.288,0,56.593,1.700,0.300,0.450,0.384,1.024,127,127,1,1,127,,369,visual,Data,TrackUpdate,0.10,2
14,1,0,37.125,0.802,3.196,0.978,0.984,0.0,0.0,51.736,-1.854,5.489,0,51.736,1.700,0.300,0.450,0.372,1.006,127,127,1,1,127,,371,visual,Data,TrackUpdate,0.10,2
15,2,0,37.125,0.802,3.122,0.983,0.986,0.0,0.0,56.593,-1.493,5.368,0,56.593,1.700,0.300,0.450,0.390,1.019,127,127,1,1,127,,371,visual,Data,TrackUpdate,0.10,2
14,1,0,37.258,0.935,3.168,0.985,0.989,0.0,0.0,51.736,-1.746,5.519,0,51.736,1.700,0.300,0.450,0.378,1.006,127,127,1,1,127,,372,visual,Data,TrackUpdate,0.10,2
15,2,0,37.258,0.935,3.356,0.996,0.997,0.0,0.0,56.593,-1.323,5.486,0,56.593,1.700,0.300,0.450,0.400,1.013,127,127,1,1,127,,372,visual,Data,TrackUpdate,0.10,2
14,1,0,37.324,1.001,3.261,0.962,0.974,0.0,0.0,51.736,-1.672,5.591,0,51.736,1.700,0.300,0.450,0.382,1.001,127,127,1,1,127,,373,visual,Data,TrackUpdate,0.10,2
15,2,0,37.324,1.001,3.412,0.995,0.996,0.0,0.0,56.593,-1.255,5.537,0,56.593,1.700,0.300,0.450,0.404,1.010,127,127,1,1,127,,373,visual,Data,TrackUpdate,0.10,2
14,1,0,37.460,1.137,3.267,0.970,0.980,0.0,0.0,52.796,-1.583,5.684,0,52.796,1.700,0.300,0.450,0.389,0.995,127,127,1,1,127,,374,visual,Data,TrackUpdate,0.10,2
15,2,0,37.460,1.137,3.257,0.999,0.999,0.0,0.0,56.593,-1.195,5.557,0,56.593,1.700,0.300,0.450,0.408,1.009,127,127,1,1,127,,374,visual,Data,TrackUpdate,0.10,2
14,1,0,37.523,1.200,3.222,0.985,0.990,0.0,0.0,52.796,-1.534,5.673,0,52.796,1.700,0.300,0.450,0.391,0.997,127,127,1,1,127,,375,visual,Data,TrackUpdate,0.10,2
15,2,0,37.523,1.200,3.145,0.986,0.990,0.0,0.0,56.593,-1.191,5.561,0,56.593,1.700,0.300,0.450,0.408,1.009,127,127,1,1,127,,375,visual,Data,TrackUpdate,0.10,2
14,1,0,37.57,0.734,3.217,0.967,0.975,0.0,0.0,51.736,-1.919,5.487,0,51.736,1.700,0.300,0.450,0.368,1.005,127,127,1,1,127,,370,visual,Data,TrackUpdate,0.10,2
15,2,0,37.57,0.734,3.211,0.993,0.994,0.0,0.0,56.593,-1.525,5.361,0,56.593,1.700,0.300,0.450,0.388,1.019,127,127,1,1,127,,370,visual,Data,TrackUpdate,0.10,2
14,1,0,37.657,1.334,3.218,0.994,0.996,0.0,0.0,52.796,-1.449,5.756,0,52.796,1.700,0.300,0.450,0.396,0.992,127,127,1,1,127,,376,visual,Data,TrackUpdate,0.10,2
15,2,0,37.657,1.334,3.119,0.997,0.998,0.0,0.0,52.451,-1.102,5.617,0,52.451,1.700,0.300,0.450,0.413,1.006,127,127,1,1,127,,376,visual,Data,TrackUpdate,0.10,2
14,1,0,37.723,1.400,3.232,0.995,0.997,0.0,0.0,52.796,-1.407,5.813,0,52.796,1.700,0.300,0.450,0.399,0.989,127,127,1,1,127,,377,visual,Data,TrackUpdate,0.10,2
15,2,0,37.723,1.400,3.128,0.998,0.999,0.0,0.0,52.451,-1.051,5.652,0,52.451,1.700,0.300,0.450,0.416,1.005,127,127,1,1,127,,377,visual,Data,TrackUpdate,0.10,2
14,1,0,37.857,1.534,3.357,0.997,0.998,0.0,0.0,52.796,-1.528,6.365,0,52.796,1.700,0.300,0.450,0.398,0.950,1,1,1,1,126,,378,visual,Data,TrackUpdate,0.10,2
15,2,0,37.857,1.534,3.140,0.993,0.995,0.0,0.0,52.451,-0.960,5.735,0,52.451,1.700,0.300,0.450,0.422,1.000,127,127,1,1,127,,378,visual,Data,TrackUpdate,0.10,2
14,1,0,37.925,1.602,3.423,0.994,0.997,0.0,0.0,43.712,-1.558,6.583,0,43.712,1.700,0.300,0.450,0.398,0.935,1,1,1,1,126,,379,visual,Data,TrackUpdate,0.10,2
15,2,0,37.925,1.602,3.110,0.994,0.996,0.0,0.0,52.451,-0.926,5.760,0,52.451,1.700,0.300,0.450,0.424,0.998,127,127,1,1,127,,379,visual,Data,TrackUpdate,0.10,2
14,1,0,38.123,1.800,3.243,0.969,0.984,0.0,0.0,43.712,-1.587,6.691,0,43.712,1.700,0.300,0.450,0.398,0.928,1,1,1,1,126,,381,visual,Data,TrackUpdate,0.10,2
15,2,0,38.123,1.800,3.152,0.980,0.988,0.0,0.0,52.451,-0.801,5.921,0,52.451,1.700,0.300,0.450,0.432,0.988,127,127,1,1,127,,381,visual,Data,TrackUpdate,0.10,2
14,1,0,38.257,1.934,3.217,0.943,0.971,0.0,0.0,43.712,-1.488,6.734,0,43.712,1.700,0.300,0.450,0.403,0.926,1,1,1,1,126,,382,visual,Data,TrackUpdate,0.10,2
15,2,0,38.257,1.934,3.162,0.964,0.979,0.0,0.0,50.333,-0.930,6.393,0,50.333,1.700,0.300,0.450,0.428,0.955,1,1,1,1,126,,382,visual,Data,TrackUpdate,0.10,2
14,1,0,38.323,2.000,3.151,0.969,0.985,0.0,0.0,43.712,-1.456,6.747,0,43.712,1.700,0.300,0.450,0.405,0.925,1,1,1,1,126,,383,visual,Data,TrackUpdate,0.10,2
15,2,0,38.323,2.000,3.232,0.995,0.997,0.0,0.0,50.333,-0.923,6.549,0,50.333,1.700,0.300,0.450,0.430,0.944,1,1,1,1,126,,383,visual,Data,TrackUpdate,0.10,2
14,1,0,38.457,2.134,3.146,0.985,0.993,0.0,0.0,43.712,-1.344,6.869,0,43.712,1.700,0.300,0.450,0.411,0.919,1,1,1,1,126,,384,visual,Data,TrackUpdate,0.10,2
15,2,0,38.457,2.134,3.326,0.996,0.998,0.0,0.0,50.333,-0.882,6.740,0,50.333,1.700,0.300,0.450,0.433,0.931,1,1,1,1,126,,384,visual,Data,TrackUpdate,0.10,2
14,1,0,38.523,2.200,3.173,0.989,0.995,0.0,0.0,43.712,-1.298,6.952,0,43.712,1.700,0.300,0.450,0.415,0.915,1,1,1,1,126,,385,visual,Data,TrackUpdate,0.10,2
15,2,0,38.523,2.200,3.219,0.997,0.998,0.0,0.0,50.333,-0.889,6.758,0,50.333,1.700,0.300,0.450,0.433,0.931,1,1,1,1,126,,385,visual,Data,TrackUpdate,0.10,2
14,1,0,38.58,1.735,3.251,0.981,0.990,0.0,0.0,43.712,-1.590,6.699,0,43.712,1.700,0.300,0.450,0.398,0.927,1,1,1,1,126,,380,visual,Data,TrackUpdate,0.10,2
15,2,0,38.58,1.735,3.102,0.992,0.995,0.0,0.0,52.451,-0.853,5.846,0,52.451,1.700,0.300,0.450,0.428,0.993,127,127,1,1,127,,380,visual,Data,TrackUpdate,0.10,2
14,1,0,38.657,2.334,3.245,0.991,0.996,0.0,0.0,43.712,-1.253,7.001,0,43.712,1.700,0.300,0.450,0.417,0.912,1,1,1,1,126,,386,visual,Data,TrackUpdate,0.10,2
15,2,0,38.657,2.334,3.090,0.993,0.996,0.0,0.0,50.333,-0.836,6.865,0,50.333,1.700,0.300,0.450,0.436,0.924,1,1,1,1,126,,386,visual,Data,TrackUpdate,0.10,2
14,1,0,38.724,2.401,3.235,0.990,0.996,0.0,0.0,45.588,-1.194,7.042,0,45.588,1.700,0.300,0.450,0.420,0.910,1,1,1,1,126,,387,visual,Data,TrackUpdate,0.10,2
15,2,0,38.724,2.401,3.164,0.996,0.998,0.0,0.0,50.333,-0.798,6.903,0,50.333,1.700,0.300,0.450,0.439,0.922,1,1,1,1,126,,387,visual,Data,TrackUpdate,0.10,2
14,1,0,38.857,2.534,3.219,0.982,0.993,0.0,0.0,45.588,-1.116,7.163,0,45.588,1.700,0.300,0.450,0.424,0.904,1,1,1,1,126,,388,visual,Data,TrackUpdate,0.10,2
15,2,0,38.857,2.534,3.221,0.992,0.996,0.0,0.0,47.082,-0.733,7.002,0,47.082,1.700,0.300,0.450,0.442,0.917,1,1,1,1,126,,388,visual,Data,TrackUpdate,0.10,2
14,1,0,38.923,2.600,3.362,0.990,0.996,0.0,0.0,45.588,-1.054,7.279,0,45.588,1.700,0.300,0.450,0.428,0.897,1,1,1,1,126,,389,visual,Data,TrackUpdate,0.10,2
15,2,0,38.923,2.600,3.269,0.990,0.995,0.0,0.0,47.082,-0.705,7.039,0,47.082,1.700,0.300,0.450,0.444,0.914,1,1,1,1,126,,389,visual,Data,TrackUpdate,0.10,2
14,1,0,39.123,2.800,3.174,0.996,0.999,0.0,0.0,45.588,-1.036,7.342,0,45.588,1.700,0.300,0.450,0.430,0.894,1,1,1,1,126,,391,visual,Data,TrackUpdate,0.10,2
15,2,0,39.123,2.800,2.938,0.994,0.997,0.0,0.0,47.082,-0.616,7.105,0,47.082,1.700,0.300,0.450,0.449,0.911,1,1,1,1,126,,391,visual,Data,TrackUpdate,0.10,2
14,1,0,39.257,2.934,3.141,0.988,0.996,0.0,0.0,45.588,-0.968,7.430,0,45.588,1.700,0.300,0.450,0.433,0.888,1,1,1,1,126,,392,visual,Data,TrackUpdate,0.10,2
15,2,0,39.257,2.934,3.040,0.992,0.997,0.0,0.0,47.082,-0.518,7.235,0,47.082,1.700,0.300,0.450,0.454,0.904,1,1,1,1,126,,392,visual,Data,TrackUpdate,0.10,2
14,1,0,39.323,3.000,3.173,0.984,0.995,0.0,0.0,47.321,-0.932,7.459,0,47.321,1.700,0.300,0.450,0.435,0.886,1,1,1,1,126,,393,visual,Data,TrackUpdate,0.10,2
15,2,0,39.323,3.000,3.143,0.991,0.997,0.0,0.0,47.082,-0.458,7.309,0,47.082,1.700,0.300,0.450,0.457,0.900,1,1,1,1,126,,393,visual,Data,TrackUpdate,0.10,2
14,1,0,39.457,3.134,3.446,0.992,0.998,0.0,0.0,47.321,-0.814,7.741,0,47.321,1.700,0.300,0.450,0.443,0.871,1,1,1,1,126,,394,visual,Data,TrackUpdate,0.10,2
15,2,0,39.457,3.134,3.309,0.999,1.000,0.0,0.0,45.319,-0.346,7.469,0,45.319,1.700,0.300,0.450,0.463,0.891,1,1,1,1,126,,394,visual,Data,TrackUpdate,0.10,2
14,1,0,39.523,3.200,3.428,0.995,0.999,0.0,0.0,47.321,-0.837,7.749,0,47.321,1.700,0.300,0.450,0.442,0.870,1,1,1,1,126,,395,visual,Data,TrackUpdate,0.10,2
15,2,0,39.523,3.200,3.171,0.999,1.000,0.0,0.0,45.319,-0.336,7.466,0,45.319,1.700,0.300,0.450,0.464,0.892,1,1,1,1,126,,395,visual,Data,TrackUpdate,0.10,2
14,1,0,39.57,2.734,3.329,0.995,0.998,0.0,0.0,45.588,-1.026,7.374,0,45.588,1.700,0.300,0.450,0.431,0.891,1,1,1,1,126,,390,visual,Data,TrackUpdate,0.10,2
15,2,0,39.57,2.734,3.090,0.993,0.997,0.0,0.0,47.082,-0.623,7.133,0,47.082,1.700,0.300,0.450,0.448,0.909,1,1,1,1,126,,390,visual,Data,TrackUpdate,0.10,2
14,1,0,39.657,3.334,3.118,0.995,0.999,0.0,0.0,47.321,-0.834,7.722,0,47.321,1.700,0.300,0.450,0.442,0.872,1,1,1,1,126,,396,visual,Data,TrackUpdate,0.10,2
15,2,0,39.657,3.334,2.904,0.998,0.999,0.0,0.0,45.319,-0.318,7.474,0,45.319,1.700,0.300,0.450,0.465,0.891,1,1,1,1,126,,396,visual,Data,TrackUpdate,0.10,2
14,1,0,39.724,3.401,3.147,0.991,0.998,0.0,0.0,47.321,-0.801,7.778,0,47.321,1.700,0.300,0.450,0.443,0.869,1,1,1,1,126,,397,visual,Data,TrackUpdate,0.10,2
15,2,0,39.724,3.401,2.997,0.999,1.000,0.0,0.0,45.319,-0.265,7.540,0,45.319,1.700,0.300,0.450,0.468,0.888,1,1,1,1,126,,397,visual,Data,TrackUpdate,0.10,2
14,1,0,39.857,3.534,3.126,0.998,1.000,0.0,0.0,47.321,-0.751,7.858,0,47.321,1.700,0.300,0.450,0.446,0.866,1,1,1,1,126,,398,visual,Data,TrackUpdate,0.10,3
15,2,0,39.857,3.534,3.137,0.999,1.000,0.0,0.0,45.319,-0.178,7.637,0,45.319,1.700,0.300,0.450,0.472,0.882,1,1,1,1,126,,398,visual,Data,TrackUpdate,0.10,3
17,3,5,39.857,0.000,10.448,0.814,0.863,0.0,0.0,210.381,6.275,12.733,0,210.381,1.500,5.000,2.000,0.691,0.684,1,1,1,1,126,,398,visual,Data,TrackUpdate,0.10,3
14,1,0,39.923,3.600,3.098,0.999,1.000,0.0,0.0,47.321,-0.726,7.894,0,47.321,1.700,0.300,0.450,0.448,0.863,1,1,1,1,126,,399,visual,Data,TrackUpdate,0.10,3
15,2,0,39.923,3.600,3.067,0.999,1.000,0.0,0.0,45.319,-0.168,7.638,0,45.319,1.700,0.300,0.450,0.472,0.882,1,1,1,1,126,,399,visual,Data,TrackUpdate,0.10,3
17,3,5,39.923,0.066,9.927,0.935,0.953,0.0,0.0,210.381,6.219,12.683,0,210.381,1.500,5.000,2.000,0.690,0.686,1,1,1,1,126,,399,visual,Data,TrackUpdate,0.10,3
14,1,0,40.123,3.800,3.206,0.997,1.000,0.0,0.0,43.969,-0.615,8.162,0,43.969,1.700,0.300,0.450,0.454,0.849,1,1,1,1,126,,401,visual,Data,TrackUpdate,0.10,3
15,2,0,40.123,3.800,2.961,0.999,1.000,0.0,0.0,45.319,-0.097,7.706,0,45.319,1.700,0.300,0.450,0.476,0.879,1,1,1,1,126,,401,visual,Data,TrackUpdate,0.10,3
17,3,5,40.123,0.266,9.977,0.871,0.918,0.0,0.0,210.381,5.607,12.408,0,210.381,1.500,5.000,2.000,0.674,0.694,1,1,1,1,126,,401,visual,Data,TrackUpdate,0.10,3
14,1,0,40.258,3.935,2.840,0.992,0.999,0.0,0.0,43.969,-0.602,8.165,0,43.969,1.700,0.300,0.450,0.455,0.849,1,1,1,1,126,,402,visual,Data,TrackUpdate,0.10,3
15,2,0,40.258,3.935,2.854,0.998,1.000,0.0,0.0,45.319,-0.069,7.715,0,45.319,1.700,0.300,0.450,0.477,0.879,1,1,1,1,126,,402,visual,Data,TrackUpdate,0.10,3
17,3,5,40.258,0.401,9.893,0.863,0.919,0.0,0.0,210.381,5.334,12.167,0,210.381,1.500,5.000,2.000,0.668,0.700,1,1,1,1,126,,402,visual,Data,TrackUpdate,0.10,3
14,1,0,40.323,4.000,2.863,0.987,0.999,0.0,0.0,43.969,-0.562,8.229,0,43.969,1.700,0.300,0.450,0.457,0.846,1,1,1,1,126,,403,visual,Data,TrackUpdate,0.10,3
15,2,0,40.323,4.000,3.047,0.996,0.999,0.0,0.0,44.997,0.028,7.864,0,44.997,1.700,0.300,0.450,0.482,0.871,1,1,1,1,126,,403,visual,Data,TrackUpdate,0.10,3
17,3,5,40.323,0.466,9.867,0.800,0.887,0.0,0.0,210.381,5.259,12.003,0,210.381,1.500,5.000,2.000,0.667,0.706,1,1,1,1,126,,403,visual,Data,TrackUpdate,0.10,3
14,1,0,40.462,4.139,2.839,0.961,0.997,0.0,0.0,43.969,-0.550,8.179,0,43.969,1.700,0.300,0.450,0.457,0.849,1,1,1,1,126,,404,visual,Data,TrackUpdate,0.10,3
15,2,0,40.462,4.139,2.766,0.985,0.998,0.0,0.0,44.997,-0.007,7.857,0,44.997,1.700,0.300,0.450,0.481,0.871,1,1,1,1,126,,404,visual,Data,TrackUpdate,0.10,3
17,3,5,40.462,0.605,9.685,0.695,0.842,0.0,0.0,210.381,5.079,11.737,0,210.381,1.500,5.000,2.000,0.664,0.715,1,1,1,1,126,,404,visual,Data,TrackUpdate,0.10,3
14,1,0,40.523,4.200,2.994,0.981,0.998,0.0,0.0,43.969,-0.461,8.322,0,43.969,1.700,0.300,0.450,0.462,0.843,1,1,1,1,126,,405,visual,Data,TrackUpdate,0.10,3
15,2,0,40.523,4.200,2.953,0.987,0.998,0.0,0.0,44.997,0.064,8.008,0,44.997,1.700,0.300,0.450,0.484,0.863,1,1,1,1,126,,405,visual,Data,TrackUpdate,0.10,3
17,3,5,40.523,0.666,9.686,0.767,0.884,0.0,0.0,210.381,4.962,11.609,0,210.381,1.500,5.000,2.000,0.661,0.718,1,1,1,1,126,,405,visual,Data,TrackUpdate,0.10,3
14,1,0,40.57,3.734,3.250,0.998,1.000,0.0,0.0,43.969,-0.627,8.096,0,43.969,1.700,0.300,0.450,0.454,0.853,1,1,1,1,126,,400,visual,Data,TrackUpdate,0.10,3
15,2,0,40.57,3.734,3.021,0.998,1.000,0.0,0.0,45.319,-0.120,7.685,0,45.319,1.700,0.300,0.450,0.475,0.881,1,1,1,1,126,,400,visual,Data,TrackUpdate,0.10,3
17,3,5,40.57,0.200,10.024,0.907,0.938,0.0,0.0,210.381,5.799,12.480,0,210.381,1.500,5.000,2.000,0.679,0.691,1,1,1,1,126,,400,visual,Data,TrackUpdate,0.10,3
14,1,0,40.657,4.334,3.155,0.995,1.000,0.0,0.0,40.312,-0.383,8.431,0,40.312,1.700,0.300,0.450,0.466,0.837,1,1,1,1,126,,406,visual,Data,TrackUpdate,0.10,3
15,2,0,40.657,4.334,2.853,0.985,0.998,0.0,0.0,44.997,0.100,8.123,0,44.997,1.700,0.300,0.450,0.486,0.856,1,1,1,1,126,,406,visual,Data,TrackUpdate,0.10,3
17,3,5,40.657,0.800,9.653,0.854,0.935,0.0,0.0,210.381,4.688,11.370,0,210.381,1.500,5.000,2.000,0.654,0.726,1,1,1,1,126,,406,visual,Data,TrackUpdate,0.10,3
14,1,0,40.723,4.400,3.304,0.997,1.000,0.0,0.0,40.312,-0.318,8.589,0,40.312,1.700,0.300,0.450,0.469,0.829,1,1,1,1,126,,407,visual,Data,TrackUpdate,0.10,3
15,2,0,40.723,4.400,2.728,0.995,0.999,0.0,0.0,44.997,0.106,8.146,0,44.997,1.700,0.300,0.450,0.486,0.856,1,1,1,1,126,,407,visual,Data,TrackUpdate,0.10,3
17,3,5,40.723,0.866,9.621,0.891,0.954,0.0,0.0,210.381,4.570,11.244,0,210.381,1.500,5.000,2.000,0.651,0.731,1,1,1,1,126,,407,visual,Data,TrackUpdate,0.10,3
14,1,0,40.857,4.534,2.948,0.991,1.000,0.0,0.0,40.312,-0.347,8.554,0,40.312,1.700,0.300,0.450,0.468,0.831,1,1,1,1,126,,408,visual,Data,TrackUpdate,0.10,3
15,2,0,40.857,4.534,2.908,0.997,1.000,0.0,0.0,44.997,0.171,8.304,0,44.997,1.700,0.300,0.450,0.490,0.847,1,1,1,1,126,,408,visual,Data,TrackUpdate,0.10,3
17,3,5,40.857,1.000,9.640,0.879,0.952,0.0,0.0,210.381,4.340,10.942,0,210.381,1.500,5.000,2.000,0.646,0.742,1,1,1,1,126,,408,visual,Data,TrackUpdate,0.10,3
14,1,0,40.923,4.600,3.125,0.994,1.000,0.0,0.0,40.312,-0.292,8.663,0,40.312,1.700,0.300,0.450,0.471,0.825,1,1,1,1,126,,409,visual,Data,TrackUpdate,0.10,3
15,2,0,40.923,4.600,2.953,0.998,1.000,0.0,0.0,40.829,0.196,8.380,0,40.829,1.700,0.300,0.450,0.491,0.844,1,1,1,1,126,,409,visual,Data,TrackUpdate,0.10,3
17,3,5,40.923,1.066,9.580,0.828,0.932,0.0,0.0,225.941,4.678,10.453,0,225.941,1.500,5.000,2.000,0.661,0.761,1,1,1,1,126,,409,visual,Data,TrackUpdate,0.10,3
14,1,0,41.123,4.800,2.981,0.994,1.000,0.0,0.0,40.312,-0.230,8.775,0,40.312,1.700,0.300,0.450,0.473,0.819,1,1,1,1,126,,411,visual,Data,TrackUpdate,0.10,3
15,2,0,41.123,4.800,2.851,0.996,1.000,0.0,0.0,40.829,0.267,8.481,0,40.829,1.700,0.300,0.450,0.495,0.839,1,1,1,1,126,,411,visual,Data,TrackUpdate,0.10,3
17,3,5,41.123,1.266,9.019,0.676,0.879,0.0,0.0,225.941,4.359,10.361,0,225.941,1.500,5.000,2.000,0.651,0.765,1,1,1,1,126,,411,visual,Data,TrackUpdate,0.10,3
14,1,0,41.257,4.934,2.864,0.988,1.000,0.0,0.0,40.312,-0.154,8.873,0,40.312,1.700,0.300,0.450,0.477,0.816,1,1,1,1,126,,412,visual,Data,TrackUpdate,0.10,3
15,2,0,41.257,4.934,2.844,0.989,1.000,0.0,0.0,40.829,0.320,8.541,0,40.829,1.700,0.300,0.450,0.497,0.835,1,1,1,1,126,,412,visual,Data,TrackUpdate,0.10,3
17,3,5,41.257,1.400,8.933,0.909,0.967,0.0,0.0,225.941,4.086,10.177,0,225.941,1.500,5.000,2.000,0.642,0.771,1,1,1,1,126,,412,visual,Data,TrackUpdate,0.10,3
14,1,0,41.323,5.000,3.118,0.996,1.000,0.0,0.0,38.366,-0.063,9.084,0,38.366,1.700,0.300,0.450,0.482,0.806,1,1,1,1,126,,413,visual,Data,TrackUpdate,0.10,3
15,2,0,41.323,5.000,2.574,0.992,1.000,0.0,0.0,40.829,0.290,8.435,0,40.829,1.700,0.300,0.450,0.495,0.841,1,1,1,1,126,,413,visual,Data,TrackUpdate,0.10,3
17,3,5,41.323,1.466,8.914,0.894,0.963,0.0,0.0,223.896,3.893,10.137,0,223.896,1.500,5.000,2.000,0.636,0.773,1,1,1,1,126,,413,visual,Data,TrackUpdate,0.10,3
14,1,0,41.457,5.134,3.251,0.991,1.000,0.0,0.0,38.366,-0.049,9.180,0,38.366,1.700,0.300,0.450,0.482,0.801,1,1,1,1,126,,414,visual,Data,TrackUpdate,0.10,3
15,2,0,41.457,5.134,2.982,0.993,1.000,0.0,0.0,40.829,0.470,8.687,0,40.829,1.700,0.300,0.450,0.504,0.829,1,1,1,1,126,,414,visual,Data,TrackUpdate,0.10,3
17,3,5,41.457,1.600,8.943,0.921,0.973,0.0,0.0,223.896,3.655,9.952,0,223.896,1.500,5.000,2.000,0.629,0.780,1,1,1,1,126,,414,visual,Data,TrackUpdate,0.10,3
14,1,0,41.523,5.200,3.029,0.989,1.000,0.0,0.0,38.366,-0.069,9.072,0,38.366,1.700,0.300,0.450,0.482,0.806,1,1,1,1,126,,415,visual,Data,TrackUpdate,0.10,3
15,2,0,41.523,5.200,2.837,0.993,1.000,0.0,0.0,40.829,0.486,8.684,0,40.829,1.700,0.300,0.450,0.505,0.829,1,1,1,1,126,,415,visual,Data,TrackUpdate,0.10,3
17,3,5,41.523,1.666,8.695,0.957,0.986,0.0,0.0,223.896,3.531,9.807,0,223.896,1.500,5.000,2.000,0.624,0.786,1,1,1,1,126,,415,visual,Data,TrackUpdate,0.10,3
14,1,0,41.57,4.734,3.061,0.992,1.000,0.0,0.0,40.312,-0.241,8.740,0,40.312,1.700,0.300,0.450,0.473,0.821,1,1,1,1,126,,410,visual,Data,TrackUpdate,0.10,3
15,2,0,41.57,4.734,2.824,0.998,1.000,0.0,0.0,40.829,0.221,8.400,0,40.829,1.700,0.300,0.450,0.493,0.843,1,1,1,1,126,,410,visual,Data,TrackUpdate,0.10,3
17,3,5,41.57,1.200,9.128,0.923,0.971,0.0,0.0,225.941,4.480,10.416,0,225.941,1.500,5.000,2.000,0.655,0.763,1,1,1,1,126,,410,visual,Data,TrackUpdate,0.10,3
14,1,0,41.657,5.334,2.764,0.989,1.000,0.0,0.0,38.366,-0.057,9.004,0,38.366,1.700,0.300,0.450,0.482,0.810,1,1,1,1,126,,416,visual,Data,TrackUpdate,0.10,3
15,2,0,41.657,5.334,2.692,0.996,1.000,0.0,0.0,40.829,0.526,8.727,0,40.829,1.700,0.300,0.450,0.506,0.827,1,1,1,1,126,,416,visual,Data,TrackUpdate,0.10,3
17,3,5,41.657,1.800,7.755,0.884,0.963,0.0,0.0,222.871,3.234,9.469,0,222.871,1.500,5.000,2.000,0.616,0.801,1,1,1,1,126,,416,visual,Data,TrackUpdate,0.10,3
14,1,0,41.723,5.400,2.723,0.982,1.000,0.0,0.0,38.366,0.021,9.132,0,38.366,1.700,0.300,0.450,0.485,0.805,1,1,1,1,126,,417,visual,Data,TrackUpdate,0.10,3
15,2,0,41.723,5.400,2.751,0.997,1.000,0.0,0.0,40.835,0.599,8.841,0,40.835,1.700,0.300,0.450,0.509,0.821,1,1,1,1,126,,417,visual,Data,TrackUpdate,0.10,3
17,3,5,41.723,1.866,7.899,0.555,0.861,0.0,0.0,222.871,3.120,9.348,0,222.871,1.500,5.000,2.000,0.612,0.806,1,1,1,1,126,,417,visual,Data,TrackUpdate,0.10,3
14,1,0,41.857,5.534,2.966,0.989,1.000,0.0,0.0,38.366,0.176,9.363,0,38.366,1.700,0.300,0.450,0.493,0.794,1,1,1,1,126,,418,visual,Data,TrackUpdate,0.10,3
15,2,0,41.857,5.534,2.794,0.998,1.000,0.0,0.0,40.835,0.654,8.966,0,40.835,1.700,0.300,0.450,0.512,0.816,1,1,1,1,126,,418,visual,Data,TrackUpdate,0.10,3
17,3,5,41.857,2.000,8.350,0.801,0.940,0.0,0.0,223.225,2.870,9.077,0,223.225,1.500,5.000,2.000,0.604,0.819,1,1,1,1,126,,418,visual,Data,TrackUpdate,0.10,3
14,1,0,41.923,5.600,3.097,0.987,1.000,0.0,0.0,38.366,0.221,9.412,0,38.366,1.700,0.300,0.450,0.494,0.792,1,1,1,1,126,,419,visual,Data,TrackUpdate,0.10,3
15,2,0,41.923,5.600,2.821,0.996,1.000,0.0,0.0,40.835,0.683,8.988,0,40.835,1.700,0.300,0.450,0.513,0.815,1,1,1,1,126,,419,visual,Data,TrackUpdate,0.10,3
17,3,5,41.923,2.066,8.262,0.666,0.902,0.0,0.0,223.225,2.754,8.923,0,223.225,1.500,5.000,2.000,0.599,0.826,127,127,1,1,127,,419,visual,Data,TrackUpdate,0.10,3
14,1,0,42.123,5.800,3.066,0.967,1.000,0.0,0.0,40.744,0.376,9.415,0,40.744,1.700,0.300,0.450,0.501,0.793,1,1,1,1,126,,421,visual,Data,TrackUpdate,0.10,3
15,2,0,42.123,5.800,2.957,0.992,1.000,0.0,0.0,40.835,0.837,9.175,0,40.835,1.700,0.300,0.450,0.520,0.806,1,1,1,1,126,,421,visual,Data,TrackUpdate,0.10,3
17,3,5,42.123,2.266,9.222,0.987,0.996,0.0,0.0,222.867,2.215,8.330,0,222.867,1.500,5.000,2.000,0.580,0.855,127,127,1,1,127,,421,visual,Data,TrackUpdate,0.10,3
14,1,0,42.257,5.934,2.981,0.972,1.000,0.0,0.0,40.744,0.450,9.401,0,40.744,1.700,0.300,0.450,0.504,0.794,1,1,1,1,126,,422,visual,Data,TrackUpdate,0.10,3
15,2,0,42.257,5.934,2.905,0.988,1.000,0.0,0.0,40.835,0.863,9.190,0,40.835,1.700,0.300,0.450,0.521,0.806,1,1,1,1,126,,422,visual,Data,TrackUpdate,0.10,3
17,3,5,42.257,2.400,9.356,0.995,0.999,0.0,0.0,222.317,1.928,8.033,0,222.317,1.500,5.000,2.000,0.569,0.870,127,127,1,1,127,,422,visual,Data,TrackUpdate,0.10,3
14,1,0,42.324,6.001,3.006,0.984,1.000,0.0,0.0,40.744,0.580,9.529,0,40.744,1.700,0.300,0.450,0.509,0.788,1,1,1,1,126,,423,visual,Data,TrackUpdate,0.10,3
15,2,0,42.324,6.001,3.299,0.991,1.000,0.0,0.0,39.552,1.003,9.408,0,39.552,1.700,0.300,0.450,0.527,0.796,1,1,1,1,126,,423,visual,Data,TrackUpdate,0.10,3
17,3,5,42.324,2.467,9.290,0.995,0.999,0.0,0.0,222.317,1.786,7.867,0,222.317,1.500,5.000,2.000,0.563,0.880,127,127,1,1,127,,423,visual,Data,TrackUpdate,0.10,3
14,1,0,42.457,6.134,3.259,0.984,1.000,0.0,0.0,40.744,0.721,9.641,0,40.744,1.700,0.300,0.450,0.515,0.784,1,1,1,1,126,,424,visual,Data,TrackUpdate,0.10,3
15,2,0,42.457,6.134,3.417,0.987,1.000,0.0,0.0,39.552,1.024,9.443,0,39.552,1.700,0.300,0.450,0.527,0.794,1,1,1,1,126,,424,visual,Data,TrackUpdate,0.10,3
17,3,5,42.457,2.600,9.421,0.954,0.989,0.0,0.0,222.156,1.509,7.554,0,222.156,1.500,5.000,2.000,0.551,0.896,127,127,1,1,127,,424,visual,Data,TrackUpdate,0.10,3
14,1,0,42.523,6.200,3.152,0.985,1.000,0.0,0.0,40.744,0.746,9.600,0,40.744,1.700,0.300,0.450,0.516,0.786,1,1,1,1,126,,425,visual,Data,TrackUpdate,0.10,3
15,2,0,42.523,6.200,3.262,0.988,1.000,0.0,0.0,39.552,1.016,9.444,0,39.552,1.700,0.300,0.450,0.527,0.794,1,1,1,1,126,,425,visual,Data,TrackUpdate,0.10,3
17,3,5,42.523,2.666,9.445,0.984,0.996,0.0,0.0,222.156,1.368,7.391,0,222.156,1.500,5.000,2.000,0.544,0.906,127,127,1,1,127,,425,visual,Data,TrackUpdate,0.10,3
14,1,0,42.57,5.734,2.912,0.967,1.000,0.0,0.0,38.366,0.263,9.325,0,38.366,1.700,0.300,0.450,0.496,0.796,1,1,1,1,126,,420,visual,Data,TrackUpdate,0.10,3
15,2,0,42.57,5.734,3.003,0.987,1.000,0.0,0.0,40.835,0.809,9.144,0,40.835,1.700,0.300,0.450,0.519,0.808,1,1,1,1,126,,420,visual,Data,TrackUpdate,0.10,3
17,3,5,42.57,2.200,8.955,0.995,0.999,0.0,0.0,222.867,2.374,8.513,0,222.867,1.500,5.000,2.000,0.586,0.845,127,127,1,1,127,,420,visual,Data,TrackUpdate,0.10,3
14,1,0,42.657,6.334,3.071,0.989,1.000,0.0,0.0,40.744,0.778,9.553,0,40.744,1.700,0.300,0.450,0.517,0.788,1,1,1,1,126,,426,visual,Data,TrackUpdate,0.10,3
15,2,0,42.657,6.334,2.839,0.965,1.000,0.0,0.0,39.552,0.967,9.293,0,39.552,1.700,0.300,0.450,0.525,0.801,1,1,1,1,126,,426,visual,Data,TrackUpdate,0.10,3
17,3,5,42.657,2.800,9.720,0.984,0.996,0.0,0.0,221.290,1.018,7.041,0,221.290,1.500,5.000,2.000,0.528,0.925,127,127,1,1,127,,426,visual,Data,TrackUpdate,0.10,3
14,1,0,42.723,6.400,3.177,0.989,1.000,0.0,0.0,43.644,0.850,9.560,0,43.644,1.700,0.300,0.450,0.520,0.788,1,1,1,1,126,,427,visual,Data,TrackUpdate,0.10,3
15,2,0,42.723,6.400,3.006,0.821,1.000,0.0,0.0,39.552,1.061,9.404,0,39.552,1.700,0.300,0.450,0.529,0.796,1,1,1,1,126,,427,visual,Data,TrackUpdate,0.10,3
17,3,5,42.723,2.866,9.807,0.980,0.996,0.0,0.0,221.290,0.873,6.873,0,221.290,1.500,5.000,2.000,0.521,0.936,127,127,1,1,127,,427,visual,Data,TrackUpdate,0.10,3
14,1,0,42.857,6.534,3.019,0.996,1.000,0.0,0.0,43.644,1.126,9.581,0,43.644,1.700,0.300,0.450,0.531,0.789,1,1,1,1,126,,428,visual,Data,TrackUpdate,0.10,2
17,3,5,42.857,3.000,10.063,0.991,0.998,0.0,0.0,221.231,0.563,6.515,0,221.231,1.500,5.000,2.000,0.505,0.957,127,127,1,1,127,,428,visual,Data,TrackUpdate,0.10,2
14,1,0,42.923,6.600,3.067,0.993,1.000,0.0,0.0,43.644,1.165,9.555,0,43.644,1.700,0.300,0.450,0.533,0.790,1,1,1,1,126,,429,visual,Data,TrackUpdate,0.10,2
17,3,5,42.923,3.066,10.147,0.988,0.998,0.0,0.0,221.231,0.425,6.354,0,221.231,1.500,5.000,2.000,0.498,0.968,127,127,1,1,127,,429,visual,Data,TrackUpdate,0.10,2
14,1,0,43.123,6.800,3.420,0.815,1.000,0.0,0.0,46.840,1.465,9.663,0,46.840,1.700,0.300,0.450,0.545,0.786,1,1,1,1,126,,431,visual,Data,TrackUpdate,0.10,2
17,3,5,43.123,3.266,10.616,0.945,0.990,0.0,0.0,219.915,-0.158,5.761,0,219.915,1.500,5.000,2.000,0.465,1.006,127,127,1,1,127,,431,visual,Data,TrackUpdate,0.10,2
14,1,0,43.257,6.934,3.356,0.941,1.000,0.0,0.0,46.840,1.531,9.710,0,46.840,1.700,0.300,0.450,0.548,0.785,1,1,1,1,126,,432,visual,Data,TrackUpdate,0.10,2
17,3,5,43.257,3.400,10.913,0.976,0.996,0.0,0.0,219.956,-0.501,5.355,0,219.956,1.500,5.000,2.000,0.444,1.032,127,127,1,1,127,,432,visual,Data,TrackUpdate,0.10,2
14,1,0,43.323,7.000,3.345,0.948,1.000,0.0,0.0,46.840,1.571,9.750,0,46.840,1.700,0.300,0.450,0.549,0.783,1,1,1,1,126,,433,visual,Data,TrackUpdate,0.10,2
17,3,5,43.323,3.466,11.067,0.976,0.996,0.0,0.0,219.956,-0.660,5.169,0,219.956,1.500,5.000,2.000,0.434,1.045,127,127,1,1,127,,433,visual,Data,TrackUpdate,0.10,2
14,1,0,43.457,7.134,3.349,0.973,1.000,0.0,0.0,46.840,1.585,9.805,0,46.840,1.700,0.300,0.450,0.549,0.781,1,1,1,1,126,,434,visual,Data,TrackUpdate,0.10,2
17,3,5,43.457,3.600,11.739,0.976,0.997,0.0,0.0,219.212,-1.008,4.808,0,219.212,1.500,5.000,2.000,0.411,1.069,127,127,1,1,127,,434,visual,Data,TrackUpdate,0.10,2
14,1,0,43.523,7.200,3.184,0.962,1.000,0.0,0.0,46.840,1.590,9.803,0,46.840,1.700,0.300,0.450,0.550,0.781,1,1,1,1,126,,435,visual,Data,TrackUpdate,0.10,2
17,3,5,43.523,3.666,11.964,0.976,0.997,0.0,0.0,219.212,-1.170,4.618,0,219.212,1.500,5.000,2.000,0.401,1.081,127,127,1,1,127,,435,visual,Data,TrackUpdate,0.10,2
14,1,0,43.57,6.734,3.159,0.950,1.000,0.0,0.0,46.840,1.383,9.618,0,46.840,1.700,0.300,0.450,0.542,0.788,1,1,1,1,126,,430,visual,Data,TrackUpdate,0.10,2
17,3,5,43.57,3.200,10.465,0.958,0.992,0.0,0.0,219.915,0.017,5.967,0,219.915,1.500,5.000,2.000,0.476,0.992,127,127,1,1,127,,430,visual,Data,TrackUpdate,0.10,2
14,1,0,43.657,7.334,2.936,0.979,1.000,0.0,0.0,46.840,1.623,9.849,0,46.840,1.700,0.300,0.450,0.551,0.779,1,1,1,1,126,,436,visual,Data,TrackUpdate,0.10,2
17,3,5,43.657,3.800,12.240,0.976,0.997,0.0,0.0,219.284,-1.497,4.226,0,219.284,1.500,5.000,2.000,0.378,1.107,127,127,1,1,127,,436,visual,Data,TrackUpdate,0.10,2
14,1,0,43.723,7.400,3.295,0.945,1.000,0.0,0.0,47.518,1.843,9.956,0,47.518,1.700,0.300,0.450,0.559,0.775,1,1,1,1,126,,437,visual,Data,TrackUpdate,0.10,1
14,1,0,43.857,7.534,3.312,0.971,1.000,0.0,0.0,47.518,1.784,9.986,0,47.518,1.700,0.300,0.450,0.557,0.773,1,1,1,1,126,,438,visual,Data,TrackUpdate,0.10,1
14,1,0,43.923,7.600,3.521,0.993,1.000,0.0,0.0,47.518,1.862,10.048,0,47.518,1.700,0.300,0.450,0.560,0.771,1,1,1,1,126,,439,visual,Data,TrackUpdate,0.10,1
14,1,0,44.123,7.800,3.207,0.972,1.000,0.0,0.0,47.518,2.001,10.154,0,47.518,1.700,0.300,0.450,0.565,0.767,1,1,1,1,126,,441,visual,Data,TrackUpdate,0.10,1
14,1,0,44.257,7.934,3.410,0.991,1.000,0.0,0.0,47.518,2.186,10.232,0,47.518,1.700,0.300,0.450,0.572,0.765,1,1,1,1,126,,442,visual,Data,TrackUpdate,0.10,1
14,1,0,44.323,8.000,3.602,0.990,1.000,0.0,0.0,48.019,2.285,10.265,0,48.019,1.700,0.300,0.450,0.576,0.763,1,1,1,1,126,,443,visual,Data,TrackUpdate,0.10,1
14,1,0,44.457,8.134,3.409,0.918,1.000,0.0,0.0,48.019,2.321,10.305,0,48.019,1.700,0.300,0.450,0.577,0.762,1,1,1,1,126,,444,visual,Data,TrackUpdate,0.10,1
14,1,0,44.523,8.200,3.577,0.771,1.000,0.0,0.0,48.019,2.445,10.366,0,48.019,1.700,0.300,0.450,0.581,0.759,1,1,1,1,126,,445,visual,Data,TrackUpdate,0.10,1
14,1,0,44.59,7.736,3.223,0.998,1.000,0.0,0.0,47.518,1.961,10.109,0,47.518,1.700,0.300,0.450,0.564,0.769,1,1,1,1,126,,440,visual,Data,TrackUpdate,0.10,1
14,1,0,44.657,8.334,3.398,0.991,1.000,0.0,0.0,48.019,2.564,10.453,0,48.019,1.700,0.300,0.450,0.585,0.756,1,1,1,1,126,,446,visual,Data,TrackUpdate,0.10,1
14,1,0,44.723,8.400,3.135,0.976,1.000,0.0,0.0,48.019,2.515,10.393,0,48.019,1.700,0.300,0.450,0.583,0.758,1,1,1,1,126,,447,visual,Data,TrackUpdate,0.10,1
14,1,0,44.858,8.535,3.262,0.992,1.000,0.0,0.0,48.019,2.570,10.472,0,48.019,1.700,0.300,0.450,0.585,0.756,1,1,1,1,126,,448,visual,Data,TrackUpdate,0.10,1
14,1,0,44.925,8.602,3.420,0.990,1.000,0.0,0.0,48.019,2.654,10.552,0,48.019,1.700,0.300,0.450,0.588,0.753,1,1,1,1,126,,449,visual,Data,TrackUpdate,0.10,1
14,1,0,45.123,8.800,3.267,0.991,1.000,0.0,0.0,48.293,2.825,10.703,0,48.293,1.700,0.300,0.450,0.593,0.747,1,1,1,1,126,,451,visual,Data,TrackUpdate,0.10,1
14,1,0,45.257,8.934,3.321,0.997,1.000,0.0,0.0,48.293,2.946,10.730,0,48.293,1.700,0.300,0.450,0.598,0.746,1,1,1,1,126,,452,visual,Data,TrackUpdate,0.10,1
14,1,0,45.324,9.001,3.025,0.996,1.000,0.0,0.0,48.293,2.916,10.706,0,48.293,1.700,0.300,0.450,0.597,0.747,1,1,1,1,126,,453,visual,Data,TrackUpdate,0.10,1
14,1,0,45.457,9.134,3.159,0.988,1.000,0.0,0.0,48.293,3.010,10.877,0,48.293,1.700,0.300,0.450,0.599,0.741,1,1,1,1,126,,454,visual,Data,TrackUpdate,0.10,1
14,1,0,45.523,9.200,3.114,0.985,1.000,0.0,0.0,47.392,3.043,10.928,0,47.392,1.700,0.300,0.450,0.601,0.739,1,1,1,1,126,,455,visual,Data,TrackUpdate,0.10,1
14,1,0,45.57,8.734,3.239,0.995,1.000,0.0,0.0,48.293,2.712,10.625,0,48.293,1.700,0.300,0.450,0.590,0.750,1,1,1,1,126,,450,visual,Data,TrackUpdate,0.10,1
14,1,0,45.657,9.334,3.221,0.943,1.000,0.0,0.0,47.392,3.179,11.008,0,47.392,1.700,0.300,0.450,0.605,0.736,1,1,1,1,126,,456,visual,Data,TrackUpdate,0.10,1
14,1,0,45.723,9.400,3.228,0.979,1.000,0.0,0.0,47.392,3.217,10.984,0,47.392,1.700,0.300,0.450,0.606,0.737,1,1,1,1,126,,457,visual,Data,TrackUpdate,0.10,1
14,1,0,45.857,9.534,3.445,0.965,1.000,0.0,0.0,47.392,3.338,11.081,0,47.392,1.700,0.300,0.450,0.610,0.734,1,1,1,1,126,,458,visual,Data,TrackUpdate,0.10,1
14,1,0,45.923,9.600,3.580,0.989,1.000,0.0,0.0,47.392,3.423,11.171,0,47.392,1.700,0.300,0.450,0.613,0.731,1,1,1,1,126,,459,visual,Data,TrackUpdate,0.10,1
14,1,0,46.126,9.803,3.510,0.996,1.000,0.0,0.0,47.882,3.557,11.275,0,47.882,1.700,0.300,0.450,0.617,0.727,1,1,1,1,126,,461,visual,Data,TrackUpdate,0.10,1
14,1,0,46.257,9.934,3.304,0.990,1.000,0.0,0.0,47.882,3.587,11.276,0,47.882,1.700,0.300,0.450,0.618,0.727,1,1,1,1,126,,462,visual,Data,TrackUpdate,0.10,1
14,1,0,46.323,10.000,3.256,0.994,1.000,0.0,0.0,47.882,3.627,11.296,0,47.882,1.700,0.300,0.450,0.619,0.727,1,1,1,1,126,,463,visual,Data,TrackUpdate,0.10,1
14,1,0,46.457,10.134,3.285,0.989,1.000,0.0,0.0,47.882,3.789,11.403,0,47.882,1.700,0.300,0.450,0.623,0.723,1,1,1,1,126,,464,visual,Data,TrackUpdate,0.10,1
14,1,0,46.526,10.203,3.230,0.996,1.000,0.0,0.0,47.882,3.829,11.433,0,47.882,1.700,0.300,0.450,0.625,0.722,1,1,1,1,126,,465,visual,Data,TrackUpdate,0.10,1
14,1,0,46.58,9.735,3.502,0.994,1.000,0.0,0.0,47.882,3.507,11.252,0,47.882,1.700,0.300,0.450,0.615,0.728,1,1,1,1,126,,460,visual,Data,TrackUpdate,0.10,1
14,1,0,46.657,10.334,3.193,0.995,1.000,0.0,0.0,49.701,3.938,11.524,0,49.701,1.700,0.300,0.450,0.628,0.719,1,1,1,1,126,,466,visual,Data,TrackUpdate,0.10,1
14,1,0,46.725,10.402,3.341,0.983,1.000,0.0,0.0,49.701,4.015,11.560,0,49.701,1.700,0.300,0.450,0.630,0.719,1,1,1,1,126,,467,visual,Data,TrackUpdate,0.10,1
14,1,0,46.857,10.534,2.945,0.992,1.000,0.0,0.0,49.701,4.064,11.525,0,49.701,1.700,0.300,0.450,0.632,0.719,1,1,1,1,126,,468,visual,Data,TrackUpdate,0.10,1
14,1,0,46.924,10.601,2.986,0.967,1.000,0.0,0.0,49.701,4.095,11.520,0,49.701,1.700,0.300,0.450,0.633,0.719,1,1,1,1,126,,469,visual,Data,TrackUpdate,0.10,1
14,1,0,47.0,10.677,3.152,0.931,1.000,0.0,0.0,49.701,4.149,11.526,0,49.701,1.700,0.300,0.450,0.635,0.719,1,1,1,1,126,,470,visual,Data,TrackUpdate,0.10,1
14,1,0,47.123,10.800,3.261,0.980,1.000,0.0,0.0,49.701,4.286,11.592,0,49.701,1.700,0.300,0.450,0.639,0.718,1,1,1,1,126,,471,visual,Data,TrackUpdate,0.10,1
14,1,0,47.259,10.936,2.949,0.821,1.000,0.0,0.0,49.701,4.275,11.497,0,49.701,1.700,0.300,0.450,0.639,0.721,1,1,1,1,126,,472,visual,Data,TrackUpdate,0.10,1
14,1,0,47.323,11.000,3.085,0.971,1.000,0.0,0.0,49.701,4.403,11.543,0,49.701,1.700,0.300,0.450,0.644,0.719,1,1,1,1,126,,473,visual,Data,TrackUpdate,0.10,1
14,1,0,47.457,11.134,2.747,0.874,1.000,0.0,0.0,51.686,4.370,11.534,0,51.686,1.700,0.300,0.450,0.642,0.719,1,1,1,1,126,,474,visual,Data,TrackUpdate,0.10,1
14,1,0,47.523,11.200,2.873,0.718,1.000,0.0,0.0,51.686,4.532,11.565,0,51.686,1.700,0.300,0.450,0.647,0.719,1,1,1,1,126,,475,visual,Data,TrackUpdate,0.10,1
14,1,0,47.657,11.334,3.413,0.345,1.000,0.0,0.0,51.851,4.841,11.887,0,51.851,1.700,0.300,0.450,0.655,0.708,1,1,1,1,126,,476,visual,Data,TrackUpdate,0.10,1
14,1,0,47.724,11.401,3.513,0.587,1.000,0.0,0.0,51.851,4.888,12.029,0,51.851,1.700,0.300,0.450,0.655,0.704,1,1,1,1,126,,477,visual,Data,TrackUpdate,0.10,2
20,4,0,47.724,0.000,5.137,0.991,0.994,0.0,0.0,245.657,3.892,13.352,0,245.657,1.700,0.300,0.450,0.616,0.659,1,1,1,1,126,,477,visual,Data,TrackUpdate,0.10,2
14,1,0,47.857,11.534,3.578,0.708,1.000,0.0,0.0,51.851,4.962,12.136,0,51.851,1.700,0.300,0.450,0.657,0.701,1,1,1,1,126,,478,visual,Data,TrackUpdate,0.10,2
20,4,0,47.857,0.133,5.067,0.995,0.997,0.0,0.0,245.657,3.756,13.273,0,245.657,1.700,0.300,0.450,0.612,0.661,1,1,1,1,126,,478,visual,Data,TrackUpdate,0.10,2
14,1,0,47.923,11.600,3.313,0.966,1.000,0.0,0.0,51.851,4.947,12.109,0,51.851,1.700,0.300,0.450,0.657,0.702,1,1,1,1,126,,479,visual,Data,TrackUpdate,0.10,2
20,4,0,47.923,0.199,5.043,0.988,0.992,0.0,0.0,245.657,3.714,13.180,0,245.657,1.700,0.300,0.450,0.611,0.664,1,1,1,1,126,,479,visual,Data,TrackUpdate,0.10,2
14,1,0,48.123,11.800,3.821,0.471,1.000,0.0,0.0,50.527,5.278,12.765,0,50.527,1.900,1.100,0.450,0.662,0.681,127,127,1,1,127,,481,visual,Data,TrackUpdate,0.10,2
20,4,0,48.123,0.399,5.258,0.993,0.996,0.0,0.0,224.908,3.443,12.856,0,224.908,1.700,0.300,0.450,0.605,0.673,1,1,1,1,126,,481,visual,Data,TrackUpdate,0.10,2
14,1,0,48.257,11.934,3.438,0.692,1.000,0.0,0.0,50.527,5.266,12.625,0,50.527,1.900,1.100,0.450,0.662,0.685,1,1,1,1,126,,482,visual,Data,TrackUpdate,0.10,2
20,4,0,48.257,0.533,5.126,0.987,0.993,0.0,0.0,224.908,3.372,12.728,0,224.908,1.700,0.300,0.450,0.603,0.677,1,1,1,1,126,,482,visual,Data,TrackUpdate,0.10,2
14,1,0,48.326,12.003,3.351,0.692,1.000,0.0,0.0,50.527,5.296,12.660,0,50.527,1.900,1.100,0.450,0.663,0.684,127,127,1,1,127,,483,visual,Data,TrackUpdate,0.10,2
20,4,0,48.326,0.602,4.984,0.989,0.994,0.0,0.0,224.908,3.363,12.706,0,224.908,1.700,0.300,0.450,0.603,0.678,1,1,1,1,126,,483,visual,Data,TrackUpdate,0.10,2
14,1,0,48.458,12.135,3.452,0.692,1.000,0.0,0.0,50.527,5.382,12.749,0,50.527,1.900,1.100,0.450,0.665,0.681,127,127,1,1,127,,484,visual,Data,TrackUpdate,0.10,2
20,4,0,48.458,0.734,5.107,0.998,0.999,0.0,0.0,224.908,3.208,12.486,0,224.908,1.700,0.300,0.450,0.598,0.684,1,1,1,1,126,,484,visual,Data,TrackUpdate,0.10,2
14,1,0,48.523,12.200,3.065,0.805,1.000,0.0,0.0,50.527,5.255,12.537,0,50.527,1.900,1.100,0.450,0.663,0.688,1,1,1,1,126,,485,visual,Data,TrackUpdate,0.10,2
20,4,0,48.523,0.799,5.287,0.994,0.997,0.0,0.0,217.955,3.086,12.306,0,217.955,1.700,0.300,0.450,0.595,0.690,1,1,1,1,126,,485,visual,Data,TrackUpdate,0.10,2
14,1,0,48.57,11.734,3.875,0.471,1.000,0.0,0.0,50.527,5.230,12.709,0,50.527,1.900,1.100,0.450,0.660,0.682,1,1,1,1,126,,480,visual,Data,TrackUpdate,0.10,2
20,4,0,48.57,0.333,5.365,0.993,0.996,0.0,0.0,224.908,3.464,12.900,0,224.908,1.700,0.300,0.450,0.605,0.671,1,1,1,1,126,,480,visual,Data,TrackUpdate,0.10,2
14,1,0,48.657,12.334,2.997,0.805,1.000,0.0,0.0,50.527,5.325,12.599,0,50.527,1.900,1.100,0.450,0.665,0.686,127,127,1,1,127,,486,visual,Data,TrackUpdate,0.10,2
20,4,0,48.657,0.933,5.302,0.997,0.999,0.0,0.0,217.955,2.965,12.109,0,217.955,1.700,0.300,0.450,0.592,0.695,1,1,1,1,126,,486,visual,Data,TrackUpdate,0.10,2
14,1,0,48.723,12.400,2.928,0.805,1.000,0.0,0.0,50.527,5.368,12.633,0,50.527,1.900,1.100,0.450,0.666,0.685,127,127,1,1,127,,487,visual,Data,TrackUpdate,0.10,2
20,4,0,48.723,0.999,5.457,0.997,0.999,0.0,0.0,217.955,2.869,11.917,0,217.955,1.700,0.300,0.450,0.590,0.702,1,1,1,1,126,,487,visual,Data,TrackUpdate,0.10,2
14,1,0,48.857,12.534,3.574,0.803,1.000,0.0,0.0,52.455,5.848,12.916,0,52.455,1.900,1.100,0.450,0.677,0.678,1,1,1,1,126,,488,visual,Data,TrackUpdate,0.10,2
20,4,0,48.857,1.133,6.347,0.998,0.999,0.0,0.0,216.085,2.734,11.717,0,216.085,1.700,0.300,0.450,0.586,0.708,1,1,1,1,126,,488,visual,Data,TrackUpdate,0.10,2
14,1,0,48.923,12.600,3.687,0.562,1.000,0.0,0.0,52.455,5.952,12.965,0,52.455,1.900,1.100,0.450,0.680,0.677,1,1,1,1,126,,489,visual,Data,TrackUpdate,0.10,2
20,4,0,48.923,1.199,7.144,0.993,0.997,0.0,0.0,216.085,2.724,11.739,0,216.085,1.700,0.300,0.450,0.586,0.707,1,1,1,1,126,,489,visual,Data,TrackUpdate,0.10,2
14,1,0,49.0,12.677,3.668,0.562,1.000,0.0,0.0,52.455,6.017,13.009,0,52.455,1.900,1.100,0.450,0.681,0.676,127,127,1,1,127,,490,visual,Data,TrackUpdate,0.10,2
20,4,0,49.0,1.276,7.657,0.990,0.996,0.0,0.0,216.085,2.606,11.575,0,216.085,1.700,0.300,0.450,0.582,0.713,1,1,1,1,126,,490,visual,Data,TrackUpdate,0.10,2
14,1,0,49.123,12.800,3.815,0.562,1.000,0.0,0.0,52.455,6.122,13.078,0,52.455,1.900,1.100,0.450,0.684,0.673,127,127,1,1,127,,491,visual,Data,TrackUpdate,0.10,2
20,4,0,49.123,1.399,6.506,0.992,0.997,0.0,0.0,216.085,2.482,11.406,0,216.085,1.700,0.300,0.450,0.579,0.719,1,1,1,1,126,,491,visual,Data,TrackUpdate,0.10,2
14,1,0,49.257,12.934,3.956,0.562,1.000,0.0,0.0,52.455,6.241,13.156,0,52.455,1.900,1.100,0.450,0.686,0.671,127,127,1,1,127,,492,visual,Data,TrackUpdate,0.10,2
20,4,0,49.257,1.533,6.394,0.996,0.999,0.0,0.0,215.077,2.350,11.229,0,215.077,1.700,0.300,0.450,0.574,0.725,1,1,1,1,126,,492,visual,Data,TrackUpdate,0.10,2
14,1,0,49.323,13.000,3.901,0.562,1.000,0.0,0.0,52.828,6.304,13.192,0,52.828,1.900,1.100,0.450,0.688,0.670,127,127,1,1,127,,493,visual,Data,TrackUpdate,0.10,2
20,4,0,49.323,1.599,6.239,0.994,0.998,0.0,0.0,215.077,2.323,11.187,0,215.077,1.700,0.300,0.450,0.573,0.726,1,1,1,1,126,,493,visual,Data,TrackUpdate,0.10,2
20,4,0,49.457,1.733,5.991,0.995,0.998,0.0,0.0,215.077,2.220,11.105,0,215.077,1.700,0.300,0.450,0.570,0.729,1,1,1,1,126,,494,visual,Data,TrackUpdate,0.10,1
20,4,0,49.523,1.799,5.772,0.998,0.999,0.0,0.0,215.077,2.154,11.040,0,215.077,1.700,0.300,0.450,0.568,0.731,1,1,1,1,126,,495,visual,Data,TrackUpdate,0.10,1
20,4,0,49.657,1.933,6.286,0.992,0.998,0.0,0.0,216.168,1.941,10.726,0,216.168,1.700,0.300,0.450,0.561,0.743,1,1,1,1,126,,496,visual,Data,TrackUpdate,0.10,1
20,4,0,49.723,1.999,5.989,0.996,0.999,0.0,0.0,216.168,1.952,10.736,0,216.168,1.700,0.300,0.450,0.561,0.743,1,1,1,1,126,,497,visual,Data,TrackUpdate,0.10,1
20,4,0,49.857,2.133,5.545,0.994,0.998,0.0,0.0,216.168,1.879,10.667,0,216.168,1.700,0.300,0.450,0.559,0.744,1,1,1,1,126,,498,visual,Data,TrackUpdate,0.10,1
20,4,0,49.923,2.199,5.647,0.996,0.999,0.0,0.0,216.168,1.762,10.514,0,216.168,1.700,0.300,0.450,0.555,0.751,1,1,1,1,126,,499,visual,Data,TrackUpdate,0.10,1
20,4,0,50.123,2.399,6.046,0.992,0.998,0.0,0.0,216.260,1.594,10.144,0,216.260,1.700,0.300,0.450,0.549,0.766,1,1,1,1,126,,501,visual,Data,TrackUpdate,0.10,1
20,4,0,50.257,2.533,6.069,0.991,0.998,0.0,0.0,216.260,1.498,10.039,0,216.260,1.700,0.300,0.450,0.545,0.769,1,1,1,1,126,,502,visual,Data,TrackUpdate,0.10,1
20,4,0,50.323,2.599,5.609,0.992,0.998,0.0,0.0,216.260,1.482,10.092,0,216.260,1.700,0.300,0.450,0.545,0.768,1,1,1,1,126,,503,visual,Data,TrackUpdate,0.10,1
20,4,0,50.457,2.733,5.959,0.966,0.992,0.0,0.0,216.578,1.176,9.740,0,216.578,1.700,0.300,0.450,0.533,0.781,1,1,1,1,126,,504,visual,Data,TrackUpdate,0.10,1
20,4,0,50.523,2.799,5.798,0.959,0.991,0.0,0.0,216.578,1.105,9.694,0,216.578,1.700,0.300,0.450,0.530,0.783,1,1,1,1,126,,505,visual,Data,TrackUpdate,0.10,1
20,4,0,50.57,2.333,5.987,0.994,0.998,0.0,0.0,216.260,1.642,10.231,0,216.260,1.700,0.300,0.450,0.551,0.762,1,1,1,1,126,,500,visual,Data,TrackUpdate,0.10,1
20,4,0,50.657,2.933,5.778,0.977,0.995,0.0,0.0,216.578,0.932,9.515,0,216.578,1.700,0.300,0.450,0.524,0.791,1,1,1,1,126,,506,visual,Data,TrackUpdate,0.10,1
20,4,0,50.723,2.999,5.701,0.986,0.997,0.0,0.0,217.725,0.848,9.435,0,217.725,1.700,0.300,0.450,0.520,0.794,1,1,1,1,126,,507,visual,Data,TrackUpdate,0.10,1
20,4,0,50.857,3.133,5.715,0.994,0.999,0.0,0.0,217.725,0.690,9.322,0,217.725,1.700,0.300,0.450,0.514,0.798,1,1,1,1,126,,508,visual,Data,TrackUpdate,0.10,1
20,4,0,50.923,3.199,5.946,0.993,0.999,0.0,0.0,217.725,0.609,9.228,0,217.725,1.700,0.300,0.450,0.510,0.803,1,1,1,1,126,,509,visual,Data,TrackUpdate,0.10,1
20,4,0,51.123,3.399,5.747,0.989,0.998,0.0,0.0,218.966,0.376,9.043,0,218.966,1.700,0.300,0.450,0.500,0.810,1,1,1,1,126,,511,visual,Data,TrackUpdate,0.10,1
20,4,0,51.258,3.534,6.066,0.995,0.999,0.0,0.0,218.966,0.094,8.765,0,218.966,1.700,0.300,0.450,0.488,0.822,1,1,1,1,126,,512,visual,Data,TrackUpdate,0.10,1
20,4,0,51.323,3.599,6.264,0.996,0.999,0.0,0.0,220.036,-0.006,8.643,0,220.036,1.700,0.300,0.450,0.483,0.828,1,1,1,1,126,,513,visual,Data,TrackUpdate,0.10,1
20,4,0,51.457,3.733,6.342,0.996,0.999,0.0,0.0,220.036,-0.169,8.554,0,220.036,1.700,0.300,0.450,0.476,0.831,1,1,1,1,126,,514,visual,Data,TrackUpdate,0.10,1
20,4,0,51.523,3.799,6.557,0.994,0.999,0.0,0.0,220.036,-0.305,8.401,0,220.036,1.700,0.300,0.450,0.469,0.839,1,1,1,1,126,,515,visual,Data,TrackUpdate,0.10,1
20,4,0,51.57,3.333,5.559,0.990,0.998,0.0,0.0,218.966,0.449,9.099,0,218.966,1.700,0.300,0.450,0.504,0.808,1,1,1,1,126,,510,visual,Data,TrackUpdate,0.10,1
20,4,0,51.657,3.933,6.416,0.994,0.999,0.0,0.0,220.512,-0.460,8.141,0,220.512,1.700,0.300,0.450,0.461,0.852,1,1,1,1,126,,516,visual,Data,TrackUpdate,0.10,1
20,4,0,51.723,3.999,6.553,0.997,1.000,0.0,0.0,220.512,-0.508,8.106,0,220.512,1.700,0.300,0.450,0.459,0.853,1,1,1,1,126,,517,visual,Data,TrackUpdate,0.10,1
20,4,0,51.857,4.133,6.997,0.997,1.000,0.0,0.0,220.502,-0.752,7.860,0,220.502,1.700,0.300,0.450,0.446,0.866,1,1,1,1,126,,518,visual,Data,TrackUpdate,0.10,1
20,4,0,51.924,4.200,6.871,0.993,0.999,0.0,0.0,220.502,-0.824,7.764,0,220.502,1.700,0.300,0.450,0.442,0.870,1,1,1,1,126,,519,visual,Data,TrackUpdate,0.10,1
20,4,0,52.0,4.276,6.855,0.994,1.000,0.0,0.0,220.502,-0.930,7.603,0,220.502,1.700,0.300,0.450,0.436,0.878,1,1,1,1,126,,520,visual,Data,TrackUpdate,0.10,1
20,4,0,52.123,4.399,6.877,0.989,0.999,0.0,0.0,220.735,-1.082,7.494,0,220.735,1.700,0.300,0.450,0.429,0.883,1,1,1,1,126,,521,visual,Data,TrackUpdate,0.10,1
20,4,0,52.257,4.533,7.187,0.986,0.999,0.0,0.0,220.735,-1.277,7.249,0,220.735,1.700,0.300,0.450,0.418,0.896,1,1,1,1,126,,522,visual,Data,TrackUpdate,0.10,1
20,4,0,52.323,4.599,7.580,0.995,1.000,0.0,0.0,221.125,-1.379,7.097,0,221.125,1.700,0.300,0.450,0.412,0.905,1,1,1,1,126,,523,visual,Data,TrackUpdate,0.10,1
20,4,0,52.457,4.733,7.173,0.998,1.000,0.0,0.0,221.125,-1.567,6.934,0,221.125,1.700,0.300,0.450,0.401,0.913,1,1,1,1,126,,524,visual,Data,TrackUpdate,0.10,1
20,4,0,52.523,4.799,7.155,0.999,1.000,0.0,0.0,221.125,-1.643,6.874,0,221.125,1.700,0.300,0.450,0.397,0.915,1,1,1,1,126,,525,visual,Data,TrackUpdate,0.10,1
20,4,0,52.657,4.933,7.281,0.997,1.000,0.0,0.0,221.809,-1.872,6.681,0,221.809,1.700,0.300,0.450,0.384,0.925,1,1,1,1,126,,526,visual,Data,TrackUpdate,0.10,1
20,4,0,52.724,5.000,7.462,0.996,1.000,0.0,0.0,221.809,-2.011,6.528,0,221.809,1.700,0.300,0.450,0.376,0.933,1,1,1,1,126,,527,visual,Data,TrackUpdate,0.10,1
20,4,0,52.857,5.133,7.761,0.995,1.000,0.0,0.0,223.050,-2.224,6.289,0,223.050,1.700,0.300,0.450,0.362,0.946,127,127,1,1,127,,528,visual,Data,TrackUpdate,0.10,1
20,4,0,52.923,5.199,7.709,0.993,1.000,0.0,0.0,223.050,-2.320,6.206,0,223.050,1.700,0.300,0.450,0.356,0.950,127,127,1,1,127,,529,visual,Data,TrackUpdate,0.10,1
20,4,0,53.0,5.276,7.638,0.990,1.000,0.0,0.0,223.050,-2.419,6.162,0,223.050,1.700,0.300,0.450,0.351,0.951,127,127,1,1,127,,530,visual,Data,TrackUpdate,0.10,1
23,5,0,53.457,0.000,9.071,0.994,0.995,0.0,0.0,246.097,-3.205,4.959,0,246.097,1.700,0.300,0.450,0.294,1.019,1,1,1,1,126,,534,visual,Data,TrackUpdate,0.10,1
23,5,0,53.523,0.066,9.580,0.936,0.943,0.0,0.0,246.097,-3.405,4.860,0,246.097,1.700,0.300,0.450,0.282,1.021,127,127,1,1,127,,535,visual,Data,TrackUpdate,0.10,1
25,6,5,65.725,0.000,15.229,0.992,0.993,0.0,0.0,34.115,2.924,10.669,0,34.115,1.500,5.000,2.000,0.597,0.748,1,1,1,1,126,,657,visual,Data,TrackUpdate,0.10,1
25,6,5,65.857,0.132,14.086,0.974,0.980,0.0,0.0,34.115,3.267,10.907,0,34.115,1.500,5.000,2.000,0.609,0.740,1,1,1,1,126,,658,visual,Data,TrackUpdate,0.10,1
25,6,5,65.924,0.199,13.533,0.967,0.975,0.0,0.0,45.220,3.775,10.687,0,45.220,1.500,5.000,2.000,0.628,0.750,1,1,1,1,126,,659,visual,Data,TrackUpdate,0.10,1
25,6,5,66.123,0.398,13.157,0.964,0.976,0.0,0.0,44.521,4.034,11.321,0,44.521,1.500,5.000,2.000,0.632,0.727,1,1,1,1,126,,661,visual,Data,TrackUpdate,0.10,1
25,6,5,66.257,0.532,13.020,0.345,0.606,0.0,0.0,43.570,4.304,11.700,0,43.570,1.500,5.000,2.000,0.639,0.714,1,1,1,1,126,,662,visual,Data,TrackUpdate,0.10,1
25,6,5,66.323,0.598,12.962,0.410,0.662,0.0,0.0,43.570,4.462,11.868,0,43.570,1.500,5.000,2.000,0.643,0.708,1,1,1,1,126,,663,visual,Data,TrackUpdate,0.10,1
25,6,5,66.457,0.732,12.545,0.756,0.873,0.0,0.0,46.568,4.889,11.960,0,46.568,1.500,5.000,2.000,0.656,0.706,1,1,1,1,126,,664,visual,Data,TrackUpdate,0.10,1
25,6,5,66.523,0.798,12.527,0.709,0.857,0.0,0.0,46.568,5.045,12.128,0,46.568,1.500,5.000,2.000,0.659,0.700,1,1,1,1,126,,665,visual,Data,TrackUpdate,0.10,1
25,6,5,66.58,0.333,13.536,0.980,0.986,0.0,0.0,44.521,3.964,11.173,0,44.521,1.500,5.000,2.000,0.631,0.731,1,1,1,1,126,,660,visual,Data,TrackUpdate,0.10,1
25,6,5,66.657,0.932,12.502,0.982,0.992,0.0,0.0,49.006,5.545,12.287,0,49.006,1.500,5.000,2.000,0.674,0.696,1,1,1,1,126,,666,visual,Data,TrackUpdate,0.10,1
25,6,5,66.723,0.998,12.292,0.959,0.983,0.0,0.0,49.006,5.690,12.355,0,49.006,1.500,5.000,2.000,0.678,0.694,1,1,1,1,126,,667,visual,Data,TrackUpdate,0.10,1
25,6,5,66.857,1.132,11.993,0.923,0.970,0.0,0.0,49.006,5.975,12.554,0,49.006,1.500,5.000,2.000,0.684,0.689,1,1,1,1,126,,668,visual,Data,TrackUpdate,0.10,1
25,6,5,66.923,1.198,11.872,0.907,0.965,0.0,0.0,52.391,6.195,12.539,0,52.391,1.500,5.000,2.000,0.691,0.690,1,1,1,1,126,,669,visual,Data,TrackUpdate,0.10,1
25,6,5,67.123,1.398,11.497,0.676,0.883,0.0,0.0,52.391,6.589,12.810,0,52.391,1.500,5.000,2.000,0.699,0.682,1,1,1,1,126,,671,visual,Data,TrackUpdate,0.10,1
25,6,5,67.259,1.534,11.228,0.728,0.906,0.0,0.0,52.391,6.847,12.970,0,52.391,1.500,5.000,2.000,0.705,0.678,1,1,1,1,126,,672,visual,Data,TrackUpdate,0.10,1
25,6,5,67.323,1.598,11.185,0.420,0.803,0.0,0.0,52.391,6.997,13.081,0,52.391,1.500,5.000,2.000,0.708,0.674,1,1,1,1,126,,673,visual,Data,TrackUpdate,0.10,1
25,6,5,67.459,1.734,11.145,0.325,0.780,0.0,0.0,52.625,7.333,13.308,0,52.625,1.500,5.000,2.000,0.715,0.669,127,127,1,1,127,,674,visual,Data,TrackUpdate,0.10,1
25,6,5,67.523,1.798,11.102,0.325,0.784,0.0,0.0,52.625,7.473,13.409,0,52.625,1.500,5.000,2.000,0.718,0.666,127,127,1,1,127,,675,visual,Data,TrackUpdate,0.10,1
25,6,5,67.57,1.332,11.623,0.527,0.827,0.0,0.0,52.391,6.460,12.721,0,52.391,1.500,5.000,2.000,0.696,0.685,1,1,1,1,126,,670,visual,Data,TrackUpdate,0.10,1
25,6,5,67.657,1.932,11.001,0.325,0.793,0.0,0.0,52.774,7.759,13.609,0,52.774,1.500,5.000,2.000,0.723,0.661,127,127,1,1,127,,676,visual,Data,TrackUpdate,0.10,1
25,6,5,67.723,1.998,10.774,0.325,0.797,0.0,0.0,52.774,7.896,13.708,0,52.774,1.500,5.000,2.000,0.726,0.658,127,127,1,1,127,,677,visual,Data,TrackUpdate,0.10,1
25,6,5,67.857,2.132,10.365,0.325,0.806,0.0,0.0,54.895,8.226,13.830,0,54.895,1.500,5.000,2.000,0.733,0.656,127,127,1,1,127,,678,visual,Data,TrackUpdate,0.10,1
32,7,7,78.657,0.067,21.046,0.758,0.838,0.0,0.0,222.830,5.692,13.523,0,222.830,2.000,6.000,2.100,0.668,0.659,1,1,1,1,126,,786,visual,Data,TrackUpdate,0.10,1
32,7,7,78.723,0.133,19.345,0.937,0.959,0.0,0.0,222.830,5.627,13.389,0,222.830,2.000,6.000,2.100,0.667,0.663,1,1,1,1,126,,787,visual,Data,TrackUpdate,0.10,1
32,7,7,78.857,0.267,18.617,0.636,0.791,0.0,0.0,222.830,5.278,12.890,0,222.830,2.000,6.000,2.100,0.660,0.678,1,1,1,1,126,,788,visual,Data,TrackUpdate,0.10,1
32,7,7,78.923,0.333,18.340,0.608,0.788,0.0,0.0,222.830,5.068,12.687,0,222.830,2.000,6.000,2.100,0.656,0.682,1,1,1,1,126,,789,visual,Data,TrackUpdate,0.10,1
32,7,7,79.124,0.534,17.482,0.979,0.991,0.0,0.0,222.830,4.390,12.183,0,222.830,2.000,6.000,2.100,0.639,0.697,1,1,1,1,126,,791,visual,Data,TrackUpdate,0.10,1
32,7,7,79.258,0.668,17.020,0.995,0.998,0.0,0.0,222.830,4.001,11.807,0,222.830,2.000,6.000,2.100,0.628,0.709,1,1,1,1,126,,792,visual,Data,TrackUpdate,0.10,1
32,7,7,79.323,0.733,16.927,0.973,0.988,0.0,0.0,222.830,3.814,11.582,0,222.830,2.000,6.000,2.100,0.623,0.717,1,1,1,1,126,,793,visual,Data,TrackUpdate,0.10,1
32,7,7,79.458,0.868,16.980,0.993,0.997,0.0,0.0,223.144,3.370,11.060,0,223.144,2.000,6.000,2.100,0.611,0.735,1,1,1,1,126,,794,visual,Data,TrackUpdate,0.10,1
32,7,7,79.523,0.933,17.045,0.991,0.996,0.0,0.0,223.144,3.125,10.816,0,223.144,2.000,6.000,2.100,0.604,0.743,1,1,1,1,126,,795,visual,Data,TrackUpdate,0.10,1
32,7,7,79.56,0.466,17.609,0.820,0.915,0.0,0.0,222.830,4.592,12.419,0,222.830,2.000,6.000,2.100,0.643,0.690,1,1,1,1,126,,790,visual,Data,TrackUpdate,0.10,1
32,7,7,79.657,1.067,17.362,0.994,0.998,0.0,0.0,222.619,2.588,10.233,0,222.619,2.000,6.000,2.100,0.587,0.765,1,1,1,1,126,,796,visual,Data,TrackUpdate,0.10,1
32,7,7,79.723,1.133,17.345,0.989,0.996,0.0,0.0,221.334,2.293,10.059,0,221.334,2.000,6.000,2.100,0.576,0.771,1,1,1,1,126,,797,visual,Data,TrackUpdate,0.10,1
32,7,7,79.857,1.267,17.267,0.993,0.997,0.0,0.0,221.590,1.833,9.601,0,221.590,2.000,6.000,2.100,0.560,0.791,1,1,1,1,126,,798,visual,Data,TrackUpdate,0.10,1
32,7,7,79.923,1.333,17.154,0.993,0.997,0.0,0.0,221.590,1.608,9.424,0,221.590,2.000,6.000,2.100,0.551,0.798,1,1,1,1,126,,799,visual,Data,TrackUpdate,0.10,1
32,7,7,80.123,1.533,17.214,0.989,0.996,0.0,0.0,222.891,0.997,8.648,0,222.891,2.000,6.000,2.100,0.527,0.834,127,127,1,1,127,,801,visual,Data,TrackUpdate,0.10,1
32,7,7,80.257,1.667,17.044,0.997,0.999,0.0,0.0,222.370,0.611,8.265,0,222.370,2.000,6.000,2.100,0.509,0.852,127,127,1,1,127,,802,visual,Data,TrackUpdate,0.10,1
32,7,7,80.323,1.733,17.278,0.992,0.997,0.0,0.0,222.370,0.308,7.931,0,222.370,2.000,6.000,2.100,0.495,0.869,127,127,1,1,127,,803,visual,Data,TrackUpdate,0.10,1
32,7,7,80.457,1.867,17.699,0.994,0.998,0.0,0.0,222.354,-0.303,7.260,0,222.354,2.000,6.000,2.100,0.464,0.905,127,127,1,1,127,,804,visual,Data,TrackUpdate,0.10,1
32,7,7,80.523,1.933,17.782,0.996,0.999,0.0,0.0,221.538,-0.590,7.008,0,221.538,2.000,6.000,2.100,0.449,0.918,127,127,1,1,127,,805,visual,Data,TrackUpdate,0.10,1
32,7,7,80.56,1.466,17.150,0.993,0.998,0.0,0.0,222.956,1.238,8.907,0,222.956,2.000,6.000,2.100,0.537,0.821,127,127,1,1,127,,800,visual,Data,TrackUpdate,0.10,1
32,7,7,80.657,2.067,17.656,0.959,0.988,0.0,0.0,221.593,-1.067,6.475,0,221.593,2.000,6.000,2.100,0.422,0.947,127,127,1,1,127,,806,visual,Data,TrackUpdate,0.10,1
32,7,7,80.723,2.133,17.785,0.959,0.988,0.0,0.0,221.593,-1.309,6.208,0,221.593,2.000,6.000,2.100,0.407,0.962,127,127,1,1,127,,807,visual,Data,TrackUpdate,0.10,1
32,7,7,80.857,2.267,17.742,0.959,0.989,0.0,0.0,221.918,-1.786,5.654,0,221.918,2.000,6.000,2.100,0.377,0.994,127,127,1,1,127,,808,visual,Data,TrackUpdate,0.10,1
32,7,7,80.923,2.333,17.620,0.959,0.989,0.0,0.0,221.935,-2.028,5.385,0,221.935,2.000,6.000,2.100,0.361,1.011,127,127,1,1,127,,809,visual,Data,TrackUpdate,0.10,1
32,7,7,81.57,2.467,17.834,0.959,0.990,0.0,0.0,222.224,-2.508,4.832,0,222.224,2.000,6.000,2.100,0.329,1.043,127,127,1,1,127,,810,visual,Data,TrackUpdate,0.10,1
38,8,1,82.923,0.000,17.007,0.853,0.872,0.0,0.0,224.894,3.683,11.526,0,224.894,1.800,1.800,0.700,0.619,0.719,1,1,1,1,126,,829,visual,Data,TrackUpdate,0.10,1
38,8,1,83.123,0.200,16.601,0.774,0.828,0.0,0.0,229.567,3.028,10.886,0,229.567,1.800,1.800,0.700,0.600,0.741,1,1,1,1,126,,831,visual,Data,TrackUpdate,0.10,1
38,8,1,83.257,0.334,16.908,0.649,0.760,0.0,0.0,225.976,2.533,10.434,0,225.976,1.800,1.800,0.700,0.584,0.757,1,1,1,1,126,,832,visual,Data,TrackUpdate,0.10,1
38,8,1,83.323,0.400,17.005,0.936,0.959,0.0,0.0,226.046,2.303,10.197,0,226.046,1.800,1.800,0.700,0.577,0.766,1,1,1,1,126,,833,visual,Data,TrackUpdate,0.10,1
38,8,1,83.457,0.534,16.739,0.956,0.975,0.0,0.0,225.894,1.885,9.793,0,225.894,1.800,1.800,0.700,0.561,0.782,1,1,1,1,126,,834,visual,Data,TrackUpdate,0.10,1
38,8,1,83.524,0.601,17.100,0.935,0.966,0.0,0.0,225.894,1.618,9.489,0,225.894,1.800,1.800,0.700,0.552,0.794,1,1,1,1,126,,835,visual,Data,TrackUpdate,0.10,1
38,8,1,83.57,0.134,16.531,0.822,0.857,0.0,0.0,229.567,3.231,11.139,0,229.567,1.800,1.800,0.700,0.606,0.731,1,1,1,1,126,,830,visual,Data,TrackUpdate,0.10,1
38,8,1,83.657,0.734,17.089,0.979,0.991,0.0,0.0,224.687,1.167,9.041,0,224.687,1.800,1.800,0.700,0.533,0.814,1,1,1,1,126,,836,visual,Data,TrackUpdate,0.10,1
38,8,1,83.725,0.802,16.992,0.918,0.966,0.0,0.0,222.946,0.935,8.854,0,222.946,1.800,1.800,0.700,0.524,0.822,1,1,1,1,126,,837,visual,Data,TrackUpdate,0.10,1
38,8,1,83.857,0.934,16.929,0.969,0.987,0.0,0.0,223.579,0.499,8.428,0,223.578,1.800,1.800,0.700,0.505,0.843,1,1,1,1,126,,838,visual,Data,TrackUpdate,0.10,1
38,8,1,83.924,1.001,16.916,0.973,0.989,0.0,0.0,223.579,0.292,8.191,0,223.578,1.800,1.800,0.700,0.495,0.855,1,1,1,1,126,,839,visual,Data,TrackUpdate,0.10,1
38,8,1,84.123,1.200,16.830,0.989,0.996,0.0,0.0,223.907,-0.318,7.504,0,223.907,1.800,1.800,0.700,0.465,0.889,1,1,1,1,126,,841,visual,Data,TrackUpdate,0.10,1
38,8,1,84.257,1.334,17.440,0.992,0.997,0.0,0.0,221.539,-0.854,6.765,0,221.539,1.800,1.800,0.700,0.435,0.931,127,127,1,1,127,,842,visual,Data,TrackUpdate,0.10,1
38,8,1,84.323,1.400,17.501,0.993,0.997,0.0,0.0,221.539,-1.071,6.491,0,221.539,1.800,1.800,0.700,0.422,0.946,127,127,1,1,127,,843,visual,Data,TrackUpdate,0.10,1
38,8,1,84.458,1.535,17.346,0.989,0.996,0.0,0.0,221.184,-1.436,6.040,0,221.184,1.800,1.800,0.700,0.399,0.972,127,127,1,1,127,,844,visual,Data,TrackUpdate,0.10,1
38,8,1,84.523,1.600,17.458,0.937,0.979,0.0,0.0,220.432,-1.679,5.759,0,220.432,1.800,1.800,0.700,0.384,0.989,127,127,1,1,127,,845,visual,Data,TrackUpdate,0.10,1
38,8,1,84.60,1.137,16.789,0.973,0.990,0.0,0.0,223.928,-0.099,7.733,0,223.928,1.800,1.800,0.700,0.476,0.877,1,1,1,1,126,,840,visual,Data,TrackUpdate,0.10,1
38,8,1,84.657,1.734,17.357,0.631,0.879,0.0,0.0,220.315,-2.057,5.300,0,220.315,1.800,1.800,0.700,0.358,1.017,127,127,1,1,127,,846,visual,Data,TrackUpdate,0.10,1
38,8,1,84.723,1.800,17.408,0.487,0.836,0.0,0.0,220.315,-2.278,5.031,0,220.315,1.800,1.800,0.700,0.343,1.032,127,127,1,1,127,,847,visual,Data,TrackUpdate,0.10,1
41,9,0,89.400,0.000,7.585,0.983,0.984,0.0,0.0,39.444,1.285,5.546,0,39.444,1.700,0.300,0.450,0.543,1.030,1,1,1,1,126,,894,visual,Data,TrackUpdate,0.10,1
41,9,0,89.523,0.123,8.826,0.920,0.931,0.0,0.0,39.444,1.685,5.741,0,39.444,1.700,0.300,0.450,0.564,1.016,127,127,1,1,127,,895,visual,Data,TrackUpdate,0.10,1
41,9,0,89.657,0.257,6.477,0.994,0.995,0.0,0.0,39.444,1.662,5.671,0,39.444,1.700,0.300,0.450,0.563,1.020,127,127,1,1,127,,896,visual,Data,TrackUpdate,0.10,1
41,9,0,89.723,0.323,6.043,0.991,0.993,0.0,0.0,39.444,1.693,5.693,0,39.444,1.700,0.300,0.450,0.565,1.019,127,127,1,1,127,,897,visual,Data,TrackUpdate,0.10,1
41,9,0,89.857,0.457,5.418,0.993,0.994,0.0,0.0,39.444,1.779,5.724,0,39.444,1.700,0.300,0.450,0.569,1.017,127,127,1,1,127,,898,visual,Data,TrackUpdate,0.10,1
41,9,0,89.923,0.523,5.322,0.996,0.997,0.0,0.0,39.444,1.858,5.746,0,39.444,1.700,0.300,0.450,0.573,1.016,127,127,1,1,127,,899,visual,Data,TrackUpdate,0.10,1
41,9,0,90.123,0.723,5.338,0.988,0.991,0.0,0.0,39.444,2.125,5.888,0,39.444,1.700,0.300,0.450,0.586,1.006,127,127,1,1,127,,901,visual,Data,TrackUpdate,0.10,1
41,9,0,90.257,0.857,5.377,0.988,0.992,0.0,0.0,57.412,2.295,6.023,0,57.412,1.700,0.300,0.450,0.594,0.996,127,127,1,1,127,,902,visual,Data,TrackUpdate,0.10,1
41,9,0,90.323,0.923,5.386,0.986,0.990,0.0,0.0,57.412,2.372,6.090,0,57.412,1.700,0.300,0.450,0.597,0.992,127,127,1,1,127,,903,visual,Data,TrackUpdate,0.10,1
41,9,0,90.457,1.057,5.148,0.990,0.993,0.0,0.0,57.412,2.364,6.602,0,57.412,1.700,0.300,0.450,0.595,0.957,1,1,1,1,126,,904,visual,Data,TrackUpdate,0.10,1
41,9,0,90.523,1.123,5.130,0.991,0.994,0.0,0.0,57.412,2.415,6.749,0,57.412,1.700,0.300,0.450,0.596,0.948,1,1,1,1,126,,905,visual,Data,TrackUpdate,0.10,1
41,9,0,90.57,0.657,5.219,0.992,0.994,0.0,0.0,39.444,2.033,5.791,0,39.444,1.700,0.300,0.450,0.582,1.012,127,127,1,1,127,,900,visual,Data,TrackUpdate,0.10,1
41,9,0,90.658,1.258,5.425,0.996,0.998,0.0,0.0,55.795,2.599,7.105,0,55.795,1.700,0.300,0.450,0.603,0.926,1,1,1,1,126,,906,visual,Data,TrackUpdate,0.10,1
41,9,0,90.723,1.323,5.396,0.995,0.997,0.0,0.0,55.795,2.645,7.195,0,55.795,1.700,0.300,0.450,0.605,0.920,1,1,1,1,126,,907,visual,Data,TrackUpdate,0.10,1
41,9,0,90.859,1.459,5.371,0.992,0.996,0.0,0.0,55.795,2.768,7.366,0,55.795,1.700,0.300,0.450,0.609,0.910,1,1,1,1,126,,908,visual,Data,TrackUpdate,0.10,1
41,9,0,90.923,1.523,5.442,0.996,0.998,0.0,0.0,51.229,2.843,7.483,0,51.229,1.700,0.300,0.450,0.612,0.903,1,1,1,1,126,,909,visual,Data,TrackUpdate,0.10,1
41,9,0,91.123,1.723,5.178,0.987,0.994,0.0,0.0,51.229,2.955,7.589,0,51.229,1.700,0.300,0.450,0.616,0.897,1,1,1,1,126,,911,visual,Data,TrackUpdate,0.10,1
41,9,0,91.257,1.857,5.131,0.995,0.998,0.0,0.0,51.229,3.081,7.692,0,51.229,1.700,0.300,0.450,0.621,0.892,1,1,1,1,126,,912,visual,Data,TrackUpdate,0.10,1
41,9,0,91.323,1.923,5.160,0.993,0.997,0.0,0.0,51.229,3.164,7.760,0,51.229,1.700,0.300,0.450,0.624,0.888,1,1,1,1,126,,913,visual,Data,TrackUpdate,0.10,1
41,9,0,91.457,2.057,5.125,0.996,0.998,0.0,0.0,51.723,3.292,7.875,0,51.723,1.700,0.300,0.450,0.629,0.881,1,1,1,1,126,,914,visual,Data,TrackUpdate,0.10,1
41,9,0,91.523,2.123,5.157,0.996,0.998,0.0,0.0,51.723,3.386,7.962,0,51.723,1.700,0.300,0.450,0.632,0.877,1,1,1,1,126,,915,visual,Data,TrackUpdate,0.10,1
41,9,0,91.57,1.657,5.247,0.994,0.997,0.0,0.0,51.229,2.913,7.547,0,51.229,1.700,0.300,0.450,0.615,0.900,1,1,1,1,126,,910,visual,Data,TrackUpdate,0.10,1
41,9,0,91.656,2.256,4.793,0.997,0.999,0.0,0.0,51.723,3.465,8.006,0,51.723,1.700,0.300,0.450,0.635,0.874,1,1,1,1,126,,916,visual,Data,TrackUpdate,0.10,1
41,9,0,91.723,2.323,4.730,0.999,1.000,0.0,0.0,51.723,3.566,8.084,0,51.723,1.700,0.300,0.450,0.639,0.869,1,1,1,1,126,,917,visual,Data,TrackUpdate,0.10,1
41,9,0,91.857,2.457,4.449,0.997,0.999,0.0,0.0,51.428,3.746,8.280,0,51.428,1.700,0.300,0.450,0.644,0.860,1,1,1,1,126,,918,visual,Data,TrackUpdate,0.10,1
41,9,0,91.923,2.523,4.734,0.996,0.999,0.0,0.0,51.428,3.822,8.361,0,51.428,1.700,0.300,0.450,0.647,0.855,1,1,1,1,126,,919,visual,Data,TrackUpdate,0.10,1
41,9,0,92.0,2.600,5.002,0.995,0.999,0.0,0.0,51.428,3.941,8.523,0,51.428,1.700,0.300,0.450,0.651,0.847,1,1,1,1,126,,920,visual,Data,TrackUpdate,0.10,1
41,9,0,92.123,2.723,4.972,0.981,0.995,0.0,0.0,51.428,3.986,8.561,0,51.428,1.700,0.300,0.450,0.652,0.845,1,1,1,1,126,,921,visual,Data,TrackUpdate,0.10,1
41,9,0,92.256,2.856,4.899,0.679,0.926,0.0,0.0,46.914,4.027,8.594,0,46.914,1.700,0.300,0.450,0.653,0.844,1,1,1,1,126,,922,visual,Data,TrackUpdate,0.10,1
41,9,0,92.323,2.923,5.080,0.874,0.974,0.0,0.0,46.914,4.160,8.716,0,46.914,1.700,0.300,0.450,0.657,0.838,1,1,1,1,126,,923,visual,Data,TrackUpdate,0.10,1
41,9,0,92.457,3.057,4.960,0.810,0.963,0.0,0.0,46.914,4.340,9.083,0,46.914,1.900,1.100,0.450,0.661,0.820,1,1,1,1,126,,924,visual,Data,TrackUpdate,0.10,1
41,9,0,92.523,3.123,4.879,0.737,0.951,0.0,0.0,46.914,4.423,9.140,0,46.914,1.900,1.100,0.450,0.664,0.818,1,1,1,1,126,,925,visual,Data,TrackUpdate,0.10,1
41,9,0,92.657,3.257,4.791,0.654,0.940,0.0,0.0,47.317,4.503,9.218,0,47.317,1.900,1.100,0.450,0.666,0.814,1,1,1,1,126,,926,visual,Data,TrackUpdate,0.10,1
41,9,0,92.723,3.323,4.793,0.654,0.942,0.0,0.0,47.317,4.565,9.274,0,47.317,1.900,1.100,0.450,0.668,0.811,127,127,1,1,127,,927,visual,Data,TrackUpdate,0.10,1
41,9,0,92.857,3.457,4.898,0.654,0.947,0.0,0.0,47.317,4.700,9.394,0,47.317,1.900,1.100,0.450,0.671,0.806,127,127,1,1,127,,928,visual,Data,TrackUpdate,0.10,1
41,9,0,92.927,3.527,4.745,0.654,0.949,0.0,0.0,47.317,4.771,9.458,0,47.317,1.900,1.100,0.450,0.673,0.804,127,127,1,1,127,,929,visual,Data,TrackUpdate,0.10,1
41,9,0,93.125,3.725,4.655,0.654,0.956,0.0,0.0,46.113,4.954,9.640,0,46.113,1.900,1.100,0.450,0.678,0.794,127,127,1,1,127,,931,visual,Data,TrackUpdate,0.10,1
41,9,0,93.59,3.659,4.667,0.654,0.954,0.0,0.0,46.113,4.891,9.582,0,46.113,1.900,1.100,0.450,0.677,0.797,127,127,1,1,127,,930,visual,Data,TrackUpdate,0.10,1
