905 190 932 269 0.671698 0
905 190 931 270 0.659051 0
905 190 931 275 0.426518 0
1016 198 1045 253 0.348323 0
1018 198 1045 251 0.340843 0
1017 197 1045 251 0.305111 0
1020 199 1045 252 0.299398 0
1011 197 1045 252 0.292368 0
1024 198 1045 250 0.282593 0
906 190 931 265 0.247753 0
791 186 833 268 0.239519 0
1010 196 1028 247 0.201481 0
791 184 829 270 0.184475 0
1010 196 1030 249 0.177334 0
1012 196 1028 222 0.175336 0
791 215 834 268 0.166269 0
1011 196 1029 226 0.161589 0
1010 196 1029 242 0.160929 0
791 184 825 270 0.158948 0
791 213 834 268 0.150844 0
1008 196 1028 235 0.146927 0
1010 196 1030 247 0.135954 0
1009 197 1031 249 0.130292 0
1010 196 1028 237 0.126308 0
1007 196 1029 244 0.125088 0
1018 197 1045 254 0.124817 0
791 210 831 268 0.121541 0
1011 196 1029 230 0.113748 0
790 183 834 270 0.113543 0
1023 198 1048 252 0.111369 0
791 213 838 268 0.106940 0
787 185 832 272 0.105322 0
1143 188 1164 233 0.103108 0
1143 188 1164 234 0.096467 0
792 211 828 267 0.092790 0
1140 187 1166 236 0.092136 0
1140 188 1164 233 0.091140 0
1009 196 1028 224 0.090213 0
1141 188 1164 233 0.089323 0
791 191 828 268 0.085149 0
1023 198 1049 251 0.082935 0
787 212 840 271 0.075962 0
803 184 815 205 0.075028 0
793 210 838 265 0.074917 0
1150 188 1163 215 0.074122 0
1147 187 1165 227 0.072350 0
794 215 837 269 0.071349 0
794 184 816 231 0.070397 0
797 184 815 218 0.069568 0
802 184 815 204 0.069242 0
1012 196 1029 223 0.068539 0
1005 197 1029 249 0.066022 0
1142 188 1163 231 0.063512 0
795 184 815 225 0.062176 0
799 184 815 206 0.062057 0
1150 188 1163 217 0.060797 0
1146 187 1165 231 0.050450 0
793 184 818 233 0.048222 0
1139 188 1164 230 0.047609 0
1151 188 1165 219 0.046887 0
797 215 837 276 0.046020 0
1015 200 1048 258 0.045996 0
800 184 816 205 0.045564 0
1023 203 1048 253 0.045232 0
1150 186 1163 214 0.041879 0
1025 198 1049 244 0.041176 0
787 185 824 271 0.040836 0
788 190 835 271 0.039593 0
1152 188 1165 213 0.036913 0
793 184 825 240 0.035090 0
790 221 829 271 0.034664 0
833 211 856 241 0.033439 0
1012 195 1028 219 0.029666 0
824 213 856 242 0.029434 0
792 217 832 271 0.026888 0
1027 198 1042 223 0.024909 0
783 225 832 278 0.024301 0
834 213 856 241 0.023852 0
1140 201 1160 233 0.023639 0
1142 186 1163 218 0.022375 0
789 186 815 216 0.021776 0
832 212 856 241 0.021752 0
906 193 931 267 0.021366 0
1151 186 1165 215 0.019978 0
788 201 828 264 0.019885 0
824 214 855 242 0.019047 0
801 214 846 276 0.018782 0
1026 198 1047 231 0.017730 0
1113 194 1120 203 0.017392 0
966 372 979 389 0.017033 0
791 184 816 211 0.016760 0
908 194 931 264 0.016031 0
999 196 1032 251 0.015948 0
1041 204 1051 236 0.015214 0
1137 191 1163 231 0.014819 0
824 212 855 241 0.014320 0
955 372 982 425 0.014042 0
797 214 843 269 0.013867 0
613 151 631 198 0.013770 0
1011 195 1029 222 0.013711 0
610 151 632 198 0.013622 0
847 197 857 223 0.012735 0
984 445 993 456 0.012566 0
955 371 982 428 0.012366 0
789 330 809 344 0.012317 0
847 188 857 223 0.012208 0
1015 454 1025 467 0.011925 0
787 198 796 213 0.011570 0
956 370 980 427 0.011537 0
1135 191 1166 250 0.011529 0
1014 442 1025 469 0.011388 0
956 372 980 427 0.011340 0
604 151 632 199 0.011277 0
614 152 628 169 0.011093 0
956 370 979 429 0.010862 0
786 197 796 212 0.010789 0
751 463 761 472 0.010649 0
1071 485 1080 500 0.010573 0
610 151 631 197 0.010210 0
955 370 979 445 0.009832 0
1071 487 1080 503 0.009750 0
822 213 856 278 0.009235 0
1112 194 1121 207 0.009064 0
1009 194 1027 220 0.008724 0
953 369 981 451 0.008688 0
915 473 928 487 0.008659 0
847 183 858 222 0.008643 0
966 372 979 391 0.008633 0
611 151 633 197 0.008322 0
1136 446 1143 458 0.008227 0
1197 383 1207 415 0.008221 0
837 210 856 241 0.008059 0
788 197 816 254 0.007861 0
915 472 928 483 0.007745 0
799 209 833 234 0.007674 0
966 370 981 391 0.007360 0
1046 411 1056 424 0.007301 0
815 214 856 278 0.007286 0
1007 445 1025 470 0.007279 0
863 438 875 455 0.007224 0
966 370 979 389 0.007183 0
633 202 643 215 0.007177 0
955 368 985 426 0.007125 0
787 198 797 213 0.007082 0
913 473 928 487 0.007040 0
793 182 821 264 0.006955 0
598 529 609 568 0.006818 0
816 209 824 217 0.006808 0
836 210 851 234 0.006800 0
913 473 928 487 0.006713 0
1135 446 1142 462 0.006541 0
1011 444 1024 468 0.006498 0
1004 220 1023 249 0.006405 0
966 371 981 392 0.006327 0
999 384 1011 399 0.006316 0
632 202 644 216 0.006280 0
1136 201 1162 235 0.006193 0
864 440 874 455 0.006101 0
1046 485 1052 493 0.006022 0
823 211 857 277 0.005835 0
606 151 631 196 0.005629 0
614 152 629 169 0.005524 0
957 368 983 421 0.005497 0
787 199 798 232 0.005434 0
996 199 1026 249 0.005368 0
983 449 993 464 0.005287 0
787 198 797 219 0.005228 0
822 216 842 246 0.005226 0
823 215 842 241 0.005170 0
614 151 629 169 0.005169 0
310 185 322 198 0.005103 0
639 686 671 703 0.005097 0
1056 488 1065 495 0.005090 0
817 213 842 240 0.005077 0
787 198 796 215 0.004898 0
965 372 979 406 0.004887 0
991 453 999 464 0.004877 0
953 366 987 428 0.004824 0
952 371 980 459 0.004804 0
958 374 979 408 0.004778 0
1007 452 1017 466 0.004618 0
715 217 728 234 0.004603 0
705 209 728 234 0.004575 0
1015 382 1025 401 0.004559 0
887 471 895 484 0.004547 0
1087 183 1099 206 0.004509 0
604 152 629 185 0.004474 0
1088 184 1096 209 0.004442 0
789 330 810 345 0.004392 0
1015 456 1025 471 0.004357 0
957 374 979 412 0.004338 0
999 383 1019 401 0.004314 0
996 202 1025 252 0.004311 0
1213 197 1227 232 0.004310 0
510 194 517 216 0.004268 0
846 195 872 237 0.004171 0
1045 410 1057 424 0.004099 0
1190 384 1205 401 0.004087 0
983 440 993 456 0.004065 0
847 190 868 233 0.004051 0
1046 485 1055 497 0.004032 0
575 430 592 457 0.003922 0
862 431 873 453 0.003905 0
862 430 876 454 0.003902 0
904 197 920 261 0.003836 0
598 529 609 568 0.003792 0
613 152 629 169 0.003760 0
999 383 1023 407 0.003709 0
1015 385 1024 403 0.003644 0
1146 208 1165 236 0.003575 0
962 370 982 408 0.003574 0
1213 195 1227 228 0.003530 0
999 385 1010 399 0.003527 0
813 209 839 236 0.003509 0
999 199 1013 225 0.003508 0
861 423 885 455 0.003494 0
863 465 872 478 0.003451 0
1000 197 1015 219 0.003436 0
1008 431 1015 440 0.003376 0
1031 489 1039 503 0.003337 0
847 181 858 222 0.003311 0
999 383 1024 410 0.003275 0
954 367 988 426 0.003242 0
786 199 797 233 0.003200 0
692 208 703 238 0.003196 0
750 455 763 472 0.003160 0
1022 197 1052 250 0.003143 0
990 447 1000 457 0.003101 0
507 190 538 250 0.003089 0
853 463 866 476 0.003068 0
606 151 629 183 0.003036 0
841 204 870 239 0.003008 0
1072 484 1081 497 0.003006 0
632 202 650 216 0.002965 0
2 64 239 208 0.002958 0
912 454 928 486 0.002940 0
1072 463 1080 471 0.002933 0
753 456 768 472 0.002924 0
1024 456 1031 464 0.002877 0
1137 189 1163 227 0.002873 0
999 382 1024 408 0.002846 0
958 371 980 414 0.002827 0
906 190 926 221 0.002813 0
692 208 702 234 0.002810 0
1071 483 1080 496 0.002780 0
750 458 768 472 0.002780 0
119 64 203 91 0.002765 0
954 372 977 455 0.002699 0
1207 504 1217 512 0.002696 0
1007 450 1025 473 0.002693 0
905 190 928 224 0.002679 0
913 455 928 484 0.002621 0
1031 486 1040 502 0.002604 0
958 375 969 409 0.002577 0
897 472 913 487 0.002576 0
574 427 592 457 0.002557 0
814 209 856 241 0.002547 0
935 346 982 451 0.002516 0
1178 344 1184 359 0.002506 0
319 203 331 226 0.002491 0
959 451 969 468 0.002477 0
863 437 882 456 0.002477 0
1000 383 1024 412 0.002455 0
607 151 632 200 0.002433 0
865 442 879 456 0.002413 0
1 64 221 210 0.002411 0
985 200 1025 247 0.002406 0
988 199 1003 223 0.002405 0
935 343 984 434 0.002397 0
574 427 592 456 0.002369 0
503 316 511 335 0.002354 0
238 198 250 237 0.002342 0
1200 503 1209 512 0.002339 0
1029 448 1035 459 0.002330 0
1028 453 1038 465 0.002319 0
862 207 873 235 0.002318 0
0 64 50 215 0.002317 0
859 424 888 457 0.002309 0
1209 169 1227 216 0.002299 0
643 384 658 398 0.002287 0
785 329 815 376 0.002267 0
981 200 1001 226 0.002264 0
1271 199 1279 248 0.002258 0
968 455 976 463 0.002256 0
1216 194 1225 214 0.002251 0
1272 201 1279 252 0.002223 0
238 195 256 238 0.002207 0
1152 440 1159 453 0.002203 0
1029 447 1038 457 0.002191 0
999 383 1022 411 0.002189 0
958 373 978 398 0.002181 0
783 325 822 380 0.002176 0
1025 194 1047 223 0.002173 0
1213 188 1229 231 0.002167 0
608 150 633 197 0.002164 0
1023 445 1034 458 0.002156 0
1208 168 1216 200 0.002153 0
794 184 828 233 0.002153 0
692 206 722 235 0.002150 0
862 422 883 456 0.002148 0
1242 198 1256 233 0.002134 0
1271 199 1279 248 0.002120 0
1001 383 1024 422 0.002109 0
895 326 903 343 0.002091 0
1041 201 1053 232 0.002073 0
610 150 638 197 0.002072 0
1236 197 1256 233 0.002060 0
598 528 609 568 0.002050 0
984 203 1001 225 0.002048 0
686 452 695 464 0.002047 0
199 203 215 232 0.002042 0
1014 441 1025 458 0.002028 0
1272 200 1279 247 0.002021 0
935 204 944 214 0.001952 0
1218 199 1230 233 0.001901 0
510 190 537 249 0.001876 0
862 463 872 478 0.001860 0
1214 212 1226 233 0.001859 0
861 422 882 455 0.001853 0
976 202 1023 262 0.001843 0
785 199 796 234 0.001827 0
0 64 215 207 0.001816 0
1 64 197 214 0.001803 0
788 231 826 276 0.001786 0
502 188 539 250 0.001786 0
959 439 969 465 0.001776 0
1040 410 1057 460 0.001767 0
994 195 1027 240 0.001742 0
238 198 245 215 0.001740 0
905 196 916 241 0.001735 0
1000 384 1023 409 0.001731 0
1044 411 1057 444 0.001730 0
847 179 867 226 0.001723 0
632 200 653 216 0.001713 0
808 378 814 391 0.001704 0
895 327 903 343 0.001703 0
847 463 858 476 0.001691 0
1127 445 1134 461 0.001689 0
613 150 638 192 0.001683 0
781 323 822 380 0.001676 0
1176 344 1184 359 0.001674 0
1216 191 1224 208 0.001673 0
470 204 478 217 0.001672 0
1191 214 1202 227 0.001665 0
575 424 584 432 0.001654 0
953 369 993 439 0.001645 0
809 327 818 343 0.001640 0
1087 181 1103 209 0.001639 0
1183 345 1193 389 0.001629 0
998 383 1024 423 0.001602 0
638 678 673 703 0.001601 0
892 190 931 275 0.001577 0
993 447 1002 460 0.001575 0
959 439 969 456 0.001569 0
1 64 263 214 0.001565 0
316 64 496 200 0.001563 0
238 205 250 237 0.001551 0
510 190 537 248 0.001548 0
979 369 986 389 0.001539 0
503 312 512 335 0.001538 0
1007 423 1015 440 0.001519 0
982 447 993 459 0.001514 0
821 330 847 345 0.001508 0
690 209 703 238 0.001506 0
648 407 656 424 0.001505 0
888 473 897 487 0.001488 0
1054 486 1066 496 0.001488 0
0 64 230 213 0.001487 0
597 527 609 568 0.001480 0
861 208 873 235 0.001472 0
0 64 48 232 0.001462 0
691 209 703 238 0.001462 0
1208 166 1230 231 0.001455 0
604 159 617 183 0.001452 0
773 424 785 456 0.001452 0
914 455 927 464 0.001448 0
880 472 892 484 0.001448 0
942 370 979 458 0.001441 0
1183 344 1194 387 0.001437 0
941 367 981 437 0.001411 0
1190 384 1209 414 0.001403 0
1220 200 1229 230 0.001395 0
872 190 931 280 0.001393 0
997 382 1023 423 0.001392 0
603 164 617 184 0.001372 0
936 364 982 456 0.001372 0
982 204 997 227 0.001352 0
1244 198 1256 233 0.001346 0
738 201 744 214 0.001336 0
527 559 537 592 0.001327 0
511 190 536 247 0.001317 0
1 64 195 208 0.001302 0
882 319 896 343 0.001293 0
1180 164 1203 217 0.001280 0
1087 183 1104 206 0.001277 0
1087 492 1095 503 0.001274 0
1216 207 1233 233 0.001272 0
912 455 924 464 0.001268 0
786 193 798 213 0.001263 0
1146 306 1168 344 0.001260 0
649 408 656 424 0.001258 0
789 323 812 344 0.001250 0
878 201 895 234 0.001245 0
791 329 818 344 0.001243 0
670 208 678 230 0.001242 0
1016 488 1023 495 0.001216 0
7 64 284 208 0.001208 0
1001 431 1009 440 0.001195 0
1016 479 1024 489 0.001194 0
822 471 831 477 0.001193 0
1243 197 1256 233 0.001193 0
1207 195 1227 230 0.001177 0
1194 383 1216 415 0.001162 0
1206 496 1216 504 0.001160 0
774 423 785 441 0.001155 0
237 200 245 232 0.001140 0
639 675 672 703 0.001140 0
465 202 471 214 0.001139 0
876 436 887 456 0.001134 0
980 206 1002 246 0.001134 0
1151 440 1162 459 0.001128 0
1222 407 1232 423 0.001127 0
1183 165 1202 209 0.001126 0
1087 181 1104 205 0.001108 0
1126 444 1135 467 0.001091 0
1216 503 1230 511 0.001089 0
925 448 935 458 0.001086 0
1060 461 1071 471 0.001074 0
1034 198 1056 235 0.001069 0
982 206 996 227 0.001065 0
1030 482 1040 496 0.001058 0
878 205 895 239 0.001054 0
502 623 526 664 0.001041 0
1039 454 1047 465 0.001040 0
1072 487 1081 505 0.001038 0
751 424 769 441 0.001036 0
825 420 832 435 0.001035 0
1076 434 1088 456 0.001034 0
1 64 203 221 0.001032 0
812 322 827 344 0.001029 0
616 424 623 433 0.001025 0
1135 441 1144 463 0.001016 0
535 632 549 672 0.001015 0
568 425 576 431 0.001014 0
614 151 640 192 0.001011 0
1010 364 1024 405 0.001008 0
610 150 637 195 0.001005 0
1188 384 1206 406 0.001002 0
1040 413 1057 458 0.000999 0
964 445 976 462 0.000995 0
238 214 252 238 0.000991 0
876 438 888 456 0.000989 0
1248 202 1258 233 0.000988 0
848 465 866 479 0.000985 0
1190 498 1200 504 0.000983 0
511 191 533 246 0.000983 0
0 64 16 212 0.000981 0
160 204 171 228 0.000981 0
1249 215 1265 234 0.000980 0
879 319 890 343 0.000979 0
239 215 255 238 0.000976 0
917 448 928 456 0.000970 0
1184 382 1215 417 0.000970 0
1231 467 1248 487 0.000969 0
1121 327 1136 344 0.000967 0
1183 344 1197 399 0.000965 0
1 64 314 212 0.000963 0
801 440 816 453 0.000960 0
631 424 640 436 0.000954 0
1267 199 1279 267 0.000949 0
162 204 174 228 0.000940 0
1093 450 1104 471 0.000937 0
509 193 539 248 0.000935 0
362 161 373 188 0.000933 0
631 454 639 461 0.000932 0
832 467 844 478 0.000932 0
1121 327 1136 344 0.000931 0
479 201 485 216 0.000927 0
1046 483 1054 490 0.000922 0
1120 325 1135 344 0.000921 0
822 464 832 472 0.000918 0
247 196 255 215 0.000917 0
471 199 479 216 0.000917 0
742 461 762 472 0.000910 0
1028 483 1037 499 0.000901 0
1119 440 1133 471 0.000898 0
800 416 817 446 0.000895 0
880 318 888 341 0.000894 0
119 64 206 96 0.000890 0
982 372 992 391 0.000888 0
773 425 785 442 0.000887 0
905 336 923 347 0.000886 0
1231 466 1254 508 0.000886 0
904 336 923 346 0.000882 0
1093 454 1104 471 0.000878 0
1221 408 1232 423 0.000875 0
478 196 487 216 0.000874 0
1232 467 1248 485 0.000870 0
6 64 342 216 0.000868 0
982 374 991 391 0.000867 0
789 318 810 344 0.000866 0
208 393 224 458 0.000864 0
510 192 533 246 0.000863 0
895 203 908 244 0.000863 0
56 64 329 208 0.000862 0
1180 344 1194 358 0.000859 0
831 465 841 475 0.000858 0
907 473 928 488 0.000857 0
873 326 882 342 0.000855 0
633 180 641 195 0.000855 0
816 329 828 344 0.000853 0
631 424 640 445 0.000846 0
802 456 816 471 0.000845 0
1193 383 1216 415 0.000843 0
286 194 323 359 0.000842 0
1063 487 1074 496 0.000842 0
0 64 70 211 0.000841 0
1232 456 1253 486 0.000832 0
936 429 944 446 0.000831 0
1080 430 1087 443 0.000828 0
1119 439 1149 470 0.000827 0
800 409 812 423 0.000826 0
1024 193 1049 230 0.000825 0
765 428 774 444 0.000824 0
947 365 980 425 0.000823 0
1188 354 1209 409 0.000823 0
1120 312 1128 328 0.000818 0
925 427 936 454 0.000816 0
1231 458 1242 471 0.000808 0
690 209 702 237 0.000805 0
1039 414 1057 459 0.000804 0
681 384 688 396 0.000802 0
161 204 174 229 0.000801 0
884 318 894 341 0.000800 0
309 64 496 201 0.000799 0
1038 485 1049 498 0.000799 0
1008 472 1015 481 0.000799 0
1057 490 1066 502 0.000799 0
959 455 969 470 0.000798 0
817 416 835 440 0.000797 0
798 417 808 439 0.000796 0
799 440 808 450 0.000792 0
213 200 224 230 0.000792 0
924 454 943 485 0.000790 0
782 315 811 344 0.000788 0
958 430 975 458 0.000786 0
1087 182 1103 211 0.000785 0
800 413 809 425 0.000775 0
1199 497 1215 508 0.000774 0
1233 197 1256 233 0.000774 0
804 411 816 425 0.000773 0
1001 431 1017 455 0.000767 0
1271 523 1279 540 0.000766 0
684 450 695 463 0.000761 0
789 330 811 361 0.000757 0
1071 455 1096 472 0.000754 0
360 64 437 207 0.000748 0
320 64 494 218 0.000748 0
0 64 43 341 0.000746 0
1039 412 1051 425 0.000746 0
238 206 254 237 0.000743 0
737 202 744 214 0.000740 0
926 423 937 454 0.000740 0
784 318 814 345 0.000735 0
798 422 808 442 0.000731 0
941 366 955 393 0.000724 0
639 688 672 703 0.000724 0
998 453 1007 465 0.000721 0
437 193 443 203 0.000719 0
0 64 16 209 0.000718 0
319 203 331 231 0.000718 0
664 295 672 314 0.000716 0
903 335 925 389 0.000714 0
1032 461 1040 471 0.000713 0
671 207 679 230 0.000712 0
933 433 944 452 0.000709 0
415 251 420 270 0.000706 0
932 388 944 410 0.000704 0
1179 344 1195 372 0.000703 0
1249 214 1265 234 0.000703 0
1095 496 1104 504 0.000702 0
997 445 1007 457 0.000694 0
1231 458 1241 469 0.000691 0
314 64 368 198 0.000688 0
1072 457 1095 472 0.000679 0
499 183 541 251 0.000677 0
925 455 943 479 0.000676 0
1044 279 1057 295 0.000675 0
812 317 824 343 0.000673 0
1231 469 1250 502 0.000662 0
896 440 904 456 0.000658 0
797 184 826 222 0.000657 0
1071 434 1086 456 0.000655 0
784 330 815 378 0.000652 0
836 465 848 473 0.000651 0
907 335 926 350 0.000643 0
159 205 171 229 0.000641 0
751 423 767 440 0.000641 0
1217 180 1257 233 0.000638 0
784 330 817 377 0.000637 0
1000 372 1019 401 0.000635 0
326 64 433 206 0.000634 0
785 329 810 345 0.000630 0
1119 441 1131 465 0.000626 0
958 423 976 458 0.000625 0
1151 441 1167 457 0.000624 0
765 201 784 235 0.000621 0
582 592 592 616 0.000621 0
372 64 496 211 0.000620 0
1138 440 1155 455 0.000618 0
897 201 904 232 0.000617 0
592 528 609 569 0.000616 0
363 64 435 205 0.000613 0
900 414 913 440 0.000613 0
799 457 816 472 0.000611 0
1238 454 1261 474 0.000609 0
1039 414 1056 442 0.000604 0
885 203 899 234 0.000601 0
321 64 434 206 0.000600 0
808 168 816 192 0.000599 0
877 201 904 243 0.000597 0
949 356 961 391 0.000595 0
157 64 260 229 0.000593 0
997 192 1017 219 0.000593 0
751 423 768 440 0.000592 0
1080 405 1088 414 0.000591 0
1180 210 1193 230 0.000590 0
912 473 939 487 0.000589 0
765 201 785 235 0.000588 0
1245 460 1259 476 0.000588 0
237 194 254 238 0.000587 0
1269 495 1279 540 0.000584 0
1232 452 1250 471 0.000577 0
803 409 815 423 0.000576 0
881 323 897 344 0.000571 0
1137 441 1153 462 0.000571 0
892 455 935 486 0.000569 0
1118 312 1131 334 0.000568 0
983 448 993 474 0.000566 0
995 427 1028 462 0.000566 0
1150 440 1168 455 0.000565 0
1071 456 1095 472 0.000564 0
885 203 903 238 0.000563 0
1067 455 1095 472 0.000561 0
315 64 429 208 0.000561 0
1216 407 1226 424 0.000560 0
785 329 809 344 0.000559 0
816 414 831 437 0.000559 0
1008 473 1016 487 0.000559 0
1120 327 1136 344 0.000559 0
200 202 224 231 0.000559 0
378 64 497 228 0.000556 0
633 188 655 215 0.000555 0
800 440 816 455 0.000554 0
271 637 287 694 0.000553 0
356 252 367 273 0.000553 0
62 64 343 207 0.000550 0
1184 445 1190 456 0.000550 0
807 315 822 343 0.000549 0
828 415 848 440 0.000546 0
1000 383 1023 427 0.000546 0
1081 190 1091 201 0.000546 0
942 366 952 390 0.000545 0
1069 194 1105 234 0.000542 0
983 429 993 450 0.000540 0
883 442 897 456 0.000540 0
957 405 977 446 0.000539 0
904 413 913 425 0.000537 0
465 203 479 269 0.000535 0
239 216 255 238 0.000535 0
932 390 944 410 0.000531 0
429 222 439 229 0.000529 0
931 339 986 431 0.000529 0
469 204 478 224 0.000527 0
819 415 847 440 0.000527 0
992 377 1012 409 0.000527 0
879 201 908 245 0.000523 0
815 416 832 439 0.000523 0
894 414 914 459 0.000523 0
797 463 815 472 0.000522 0
607 447 624 462 0.000521 0
1184 347 1209 407 0.000521 0
1182 346 1210 419 0.000521 0
905 454 944 485 0.000519 0
1023 382 1029 392 0.000517 0
808 377 814 392 0.000517 0
331 184 343 199 0.000517 0
974 204 988 224 0.000514 0
271 233 292 295 0.000512 0
1065 419 1072 432 0.000509 0
1072 428 1081 444 0.000509 0
944 456 960 465 0.000509 0
1182 391 1197 410 0.000508 0
574 424 592 443 0.000508 0
534 559 544 589 0.000507 0
801 417 817 438 0.000507 0
1039 404 1054 424 0.000505 0
1180 343 1205 398 0.000504 0
865 334 882 343 0.000503 0
645 456 656 471 0.000503 0
828 417 846 439 0.000502 0
227 183 323 368 0.000501 0
479 696 489 703 0.000501 0
904 336 924 351 0.000500 0
0 64 58 215 0.000500 0
1022 481 1032 494 0.000499 0
1181 382 1205 405 0.000497 0
608 434 624 463 0.000493 0
828 416 846 441 0.000492 0
978 370 992 409 0.000492 0
1150 453 1160 464 0.000490 0
367 208 375 231 0.000489 0
927 384 944 410 0.000489 0
638 376 649 388 0.000487 0
0 64 68 217 0.000487 0
1271 523 1279 541 0.000487 0
1144 328 1158 344 0.000486 0
270 222 292 295 0.000485 0
1172 343 1196 386 0.000485 0
1079 400 1088 412 0.000483 0
1039 417 1056 458 0.000477 0
799 170 817 204 0.000477 0
703 452 721 470 0.000476 0
0 64 74 214 0.000475 0
1104 312 1112 326 0.000475 0
765 199 786 233 0.000475 0
1248 344 1264 381 0.000475 0
638 191 655 214 0.000474 0
1130 183 1196 245 0.000474 0
1188 196 1222 230 0.000472 0
376 186 385 200 0.000471 0
630 449 640 461 0.000471 0
879 322 897 344 0.000471 0
1078 417 1089 443 0.000470 0
0 69 16 214 0.000470 0
957 423 973 457 0.000469 0
1185 371 1219 416 0.000468 0
198 202 213 228 0.000466 0
671 462 680 470 0.000465 0
556 175 579 216 0.000463 0
373 64 493 208 0.000463 0
310 64 368 195 0.000462 0
974 200 986 215 0.000462 0
231 198 246 237 0.000461 0
881 438 900 456 0.000458 0
1106 441 1120 471 0.000458 0
723 437 774 473 0.000455 0
1094 441 1104 468 0.000454 0
464 426 500 447 0.000452 0
735 448 744 458 0.000451 0
663 416 670 438 0.000450 0
942 365 957 411 0.000450 0
568 202 576 215 0.000450 0
535 559 544 588 0.000448 0
501 621 527 664 0.000448 0
664 461 673 471 0.000447 0
1119 393 1127 412 0.000446 0
1173 389 1185 410 0.000443 0
1074 439 1089 456 0.000441 0
895 416 905 442 0.000437 0
1097 398 1104 408 0.000437 0
861 434 883 479 0.000436 0
317 64 368 183 0.000436 0
708 425 720 444 0.000434 0
1142 503 1155 510 0.000431 0
681 384 688 397 0.000431 0
24 64 349 221 0.000429 0
233 192 325 376 0.000425 0
626 153 640 194 0.000423 0
223 392 240 408 0.000421 0
886 198 923 239 0.000419 0
950 371 969 409 0.000418 0
750 435 794 465 0.000417 0
1118 440 1135 465 0.000416 0
741 424 830 458 0.000416 0
1043 394 1055 420 0.000416 0
1038 386 1052 423 0.000416 0
465 201 475 231 0.000414 0
497 194 539 252 0.000413 0
1071 490 1081 512 0.000412 0
464 202 479 272 0.000411 0
896 204 908 240 0.000409 0
627 155 639 194 0.000409 0
1187 346 1198 359 0.000408 0
0 64 335 386 0.000408 0
1043 485 1061 502 0.000408 0
1179 344 1198 358 0.000407 0
1211 495 1232 510 0.000407 0
602 159 621 184 0.000407 0
780 198 825 274 0.000406 0
1144 376 1152 385 0.000406 0
895 414 905 429 0.000405 0
527 559 537 597 0.000404 0
761 423 815 452 0.000401 0
926 412 940 453 0.000401 0
1015 319 1041 345 0.000401 0
159 64 258 221 0.000400 0
900 327 918 344 0.000400 0
735 423 772 455 0.000399 0
831 479 841 489 0.000399 0
1014 440 1040 456 0.000398 0
931 442 944 455 0.000398 0
745 454 783 474 0.000396 0
507 204 538 249 0.000396 0
919 338 925 350 0.000396 0
301 64 433 196 0.000394 0
948 372 960 396 0.000394 0
1036 486 1056 503 0.000393 0
1065 415 1072 427 0.000393 0
1207 165 1230 221 0.000393 0
305 64 439 199 0.000392 0
1188 496 1222 510 0.000391 0
833 417 848 444 0.000391 0
863 319 878 343 0.000390 0
979 371 994 414 0.000390 0
784 327 831 398 0.000390 0
1246 466 1263 487 0.000389 0
208 393 224 463 0.000387 0
400 194 417 203 0.000387 0
1011 423 1024 437 0.000387 0
1231 469 1261 508 0.000386 0
903 336 926 390 0.000383 0
912 448 927 461 0.000383 0
894 202 906 239 0.000382 0
1083 488 1097 503 0.000382 0
631 433 640 451 0.000381 0
1232 504 1244 510 0.000379 0
337 64 492 365 0.000379 0
1111 440 1119 452 0.000378 0
960 455 976 472 0.000378 0
368 65 433 204 0.000378 0
894 423 905 457 0.000376 0
1271 519 1279 540 0.000375 0
520 393 529 425 0.000374 0
854 400 863 412 0.000374 0
1086 415 1105 455 0.000373 0
1170 380 1184 423 0.000371 0
608 426 625 465 0.000371 0
1038 445 1048 464 0.000371 0
319 235 336 370 0.000370 0
320 375 336 391 0.000370 0
31 215 40 227 0.000370 0
1250 326 1263 396 0.000370 0
0 64 38 190 0.000369 0
554 201 567 216 0.000365 0
1040 482 1052 495 0.000365 0
0 64 70 222 0.000364 0
815 462 832 476 0.000363 0
881 473 898 489 0.000362 0
270 226 292 294 0.000362 0
0 71 21 273 0.000360 0
1074 332 1088 344 0.000359 0
815 334 832 372 0.000359 0
895 439 903 456 0.000359 0
1110 440 1120 466 0.000358 0
718 431 727 441 0.000357 0
1170 343 1197 399 0.000356 0
856 430 874 447 0.000354 0
520 392 529 419 0.000353 0
784 334 824 377 0.000353 0
799 440 816 458 0.000351 0
305 65 489 198 0.000351 0
1032 376 1038 389 0.000351 0
815 418 829 441 0.000351 0
256 64 362 195 0.000350 0
300 64 495 199 0.000350 0
990 381 1015 421 0.000345 0
437 192 445 204 0.000345 0
156 191 173 230 0.000344 0
582 590 592 615 0.000342 0
318 64 426 196 0.000341 0
696 216 728 237 0.000341 0
941 372 957 426 0.000340 0
0 64 74 223 0.000337 0
865 462 880 478 0.000337 0
752 416 761 426 0.000337 0
99 64 372 204 0.000336 0
752 421 819 462 0.000335 0
1159 501 1174 510 0.000333 0
902 407 913 423 0.000333 0
928 405 944 424 0.000333 0
1016 381 1032 407 0.000331 0
378 66 438 206 0.000331 0
991 409 1000 424 0.000331 0
0 84 29 308 0.000331 0
912 470 937 485 0.000331 0
786 327 826 376 0.000330 0
1216 496 1232 510 0.000330 0
157 76 216 223 0.000327 0
1222 416 1232 433 0.000326 0
1166 378 1180 424 0.000326 0
927 392 944 421 0.000325 0
1060 425 1072 443 0.000325 0
870 437 915 484 0.000324 0
614 361 624 376 0.000323 0
563 587 586 617 0.000323 0
946 360 1010 463 0.000323 0
126 375 144 405 0.000322 0
1033 483 1066 509 0.000322 0
457 202 466 215 0.000322 0
832 196 858 235 0.000322 0
915 454 944 486 0.000321 0
745 421 788 452 0.000320 0
639 383 661 399 0.000320 0
128 375 144 403 0.000320 0
406 251 414 271 0.000319 0
1072 423 1079 433 0.000319 0
663 294 680 348 0.000318 0
559 599 578 617 0.000317 0
535 632 549 671 0.000316 0
1043 481 1066 496 0.000315 0
797 453 817 472 0.000315 0
1183 497 1201 511 0.000314 0
783 331 817 392 0.000313 0
0 68 42 282 0.000313 0
703 455 715 469 0.000312 0
879 420 903 458 0.000311 0
990 375 1011 401 0.000311 0
1011 424 1025 440 0.000310 0
1262 73 1279 171 0.000310 0
707 457 721 470 0.000309 0
1180 386 1214 420 0.000309 0
275 232 289 264 0.000308 0
902 536 913 586 0.000306 0
893 472 922 488 0.000305 0
759 255 847 346 0.000304 0
511 411 529 427 0.000303 0
326 64 435 197 0.000302 0
952 435 970 455 0.000301 0
993 383 1021 426 0.000301 0
613 358 623 376 0.000300 0
862 420 891 456 0.000300 0
998 423 1013 440 0.000300 0
1096 500 1105 511 0.000299 0
158 188 178 230 0.000298 0
415 253 420 270 0.000297 0
1093 312 1124 344 0.000297 0
1088 414 1104 446 0.000296 0
45 311 65 390 0.000296 0
380 64 496 218 0.000296 0
648 481 655 487 0.000296 0
1168 407 1177 423 0.000296 0
853 429 943 485 0.000293 0
114 64 342 117 0.000292 0
326 236 334 248 0.000291 0
928 408 944 424 0.000290 0
518 406 529 426 0.000290 0
369 70 509 348 0.000289 0
1023 420 1034 439 0.000288 0
719 324 745 362 0.000288 0
705 420 722 458 0.000288 0
1040 401 1057 449 0.000288 0
687 201 712 235 0.000288 0
223 393 240 408 0.000288 0
1030 376 1039 393 0.000287 0
498 611 544 665 0.000286 0
119 64 497 202 0.000286 0
901 336 925 386 0.000285 0
831 439 846 452 0.000285 0
320 64 368 174 0.000284 0
741 423 813 461 0.000284 0
669 208 681 232 0.000283 0
58 64 164 79 0.000283 0
1071 444 1084 457 0.000282 0
703 441 721 469 0.000282 0
989 440 1001 455 0.000280 0
550 593 562 617 0.000280 0
1142 389 1154 408 0.000279 0
494 627 506 664 0.000278 0
559 598 578 618 0.000278 0
1193 356 1209 406 0.000277 0
938 365 958 426 0.000277 0
317 64 626 204 0.000276 0
767 244 849 347 0.000275 0
1159 376 1168 386 0.000275 0
1096 439 1104 450 0.000275 0
593 528 609 569 0.000275 0
1143 188 1193 237 0.000275 0
719 320 728 341 0.000275 0
1264 348 1279 494 0.000274 0
44 311 67 400 0.000274 0
880 407 896 442 0.000274 0
399 194 417 204 0.000273 0
753 413 768 426 0.000272 0
267 226 293 295 0.000271 0
1142 392 1153 408 0.000271 0
64 65 164 203 0.000270 0
1169 456 1186 472 0.000270 0
231 195 248 222 0.000270 0
566 414 576 428 0.000269 0
154 64 251 215 0.000269 0
1165 471 1179 480 0.000268 0
65 65 144 202 0.000268 0
0 64 317 382 0.000267 0
1155 303 1168 327 0.000267 0
1 64 86 210 0.000267 0
309 64 488 363 0.000266 0
942 384 957 430 0.000266 0
1013 412 1024 424 0.000265 0
697 328 703 336 0.000265 0
1141 399 1158 424 0.000264 0
63 64 137 199 0.000264 0
876 438 891 476 0.000264 0
898 455 914 476 0.000263 0
534 631 550 671 0.000263 0
1089 431 1120 470 0.000263 0
0 67 67 226 0.000262 0
773 326 787 343 0.000262 0
913 437 934 455 0.000262 0
0 506 16 561 0.000261 0
1263 481 1279 692 0.000261 0
1200 172 1219 215 0.000260 0
1107 394 1122 409 0.000259 0
272 257 292 295 0.000259 0
990 404 1002 423 0.000258 0
0 64 136 345 0.000258 0
672 548 681 582 0.000258 0
1113 186 1130 207 0.000258 0
115 64 485 197 0.000256 0
931 374 947 392 0.000256 0
1259 485 1280 700 0.000255 0
764 251 850 346 0.000254 0
1087 418 1097 436 0.000254 0
1067 190 1081 206 0.000254 0
823 326 848 344 0.000254 0
107 64 495 198 0.000254 0
776 410 783 415 0.000254 0
901 336 925 351 0.000253 0
783 332 817 385 0.000253 0
796 170 858 207 0.000253 0
1069 186 1121 230 0.000252 0
1215 368 1223 384 0.000252 0
304 520 314 535 0.000252 0
750 417 819 448 0.000251 0
1082 401 1110 451 0.000251 0
2 64 179 82 0.000251 0
992 456 1001 471 0.000251 0
1191 488 1200 501 0.000250 0
499 617 541 664 0.000250 0
268 234 293 295 0.000249 0
1068 486 1090 502 0.000249 0
716 317 741 344 0.000248 0
663 414 670 431 0.000248 0
1121 326 1136 361 0.000247 0
902 334 939 390 0.000247 0
928 199 962 254 0.000247 0
946 384 975 455 0.000246 0
127 375 144 404 0.000246 0
2 64 79 212 0.000246 0
680 186 690 215 0.000245 0
1176 499 1185 511 0.000245 0
772 312 791 340 0.000244 0
1111 206 1151 233 0.000243 0
1078 339 1089 360 0.000243 0
987 191 1009 221 0.000243 0
1037 381 1053 421 0.000243 0
702 457 716 469 0.000243 0
153 195 174 233 0.000243 0
1075 333 1089 360 0.000243 0
861 425 944 485 0.000242 0
1013 467 1024 486 0.000241 0
114 64 384 197 0.000241 0
444 156 492 296 0.000241 0
54 64 126 165 0.000241 0
1118 440 1171 478 0.000240 0
882 419 895 439 0.000240 0
793 363 811 392 0.000239 0
351 188 358 199 0.000239 0
1120 326 1137 361 0.000237 0
1157 411 1168 424 0.000236 0
1239 449 1248 470 0.000235 0
949 371 1023 416 0.000235 0
1027 377 1041 408 0.000234 0
1247 421 1253 429 0.000233 0
637 159 656 204 0.000232 0
1086 326 1112 344 0.000232 0
637 160 650 187 0.000232 0
1072 397 1081 409 0.000232 0
1035 485 1073 527 0.000231 0
1102 312 1116 329 0.000231 0
573 408 584 433 0.000231 0
1176 405 1184 423 0.000231 0
319 239 336 364 0.000231 0
981 354 1025 412 0.000230 0
223 212 244 238 0.000230 0
47 64 129 197 0.000229 0
784 340 822 377 0.000229 0
814 407 834 428 0.000228 0
852 448 934 486 0.000228 0
501 620 531 664 0.000228 0
1024 413 1035 426 0.000228 0
703 416 732 469 0.000226 0
879 391 892 408 0.000225 0
1263 323 1279 488 0.000224 0
111 202 121 234 0.000224 0
1060 407 1109 470 0.000224 0
1028 277 1058 334 0.000224 0
1040 491 1052 526 0.000224 0
1208 507 1216 517 0.000223 0
1169 479 1185 502 0.000223 0
1131 447 1161 474 0.000223 0
102 64 513 230 0.000223 0
844 455 931 485 0.000223 0
1246 461 1263 483 0.000222 0
1150 376 1187 418 0.000222 0
1085 409 1098 437 0.000222 0
827 418 942 484 0.000222 0
858 436 880 478 0.000220 0
1261 328 1279 481 0.000220 0
1136 451 1155 466 0.000220 0
316 65 433 205 0.000219 0
157 64 257 173 0.000219 0
26 64 135 205 0.000219 0
266 202 273 218 0.000219 0
829 433 942 486 0.000219 0
43 312 65 384 0.000218 0
1040 417 1057 466 0.000218 0
950 422 972 456 0.000218 0
1018 439 1040 455 0.000218 0
155 93 215 228 0.000218 0
127 375 144 405 0.000216 0
874 456 909 484 0.000215 0
255 64 337 196 0.000215 0
949 439 967 460 0.000215 0
341 64 496 207 0.000215 0
1170 457 1184 472 0.000215 0
1095 312 1143 344 0.000215 0
809 329 832 364 0.000214 0
631 376 659 397 0.000214 0
866 208 879 239 0.000214 0
0 116 27 318 0.000213 0
688 448 703 465 0.000213 0
1143 501 1164 510 0.000213 0
767 231 848 344 0.000213 0
1263 368 1279 426 0.000213 0
879 312 908 344 0.000212 0
320 64 632 231 0.000212 0
1078 407 1122 473 0.000211 0
318 64 386 181 0.000210 0
847 420 943 484 0.000209 0
36 311 66 401 0.000208 0
670 545 681 581 0.000208 0
687 424 695 436 0.000208 0
1097 202 1140 236 0.000208 0
486 633 496 660 0.000207 0
925 198 960 254 0.000207 0
755 405 770 423 0.000207 0
1247 346 1261 359 0.000207 0
600 138 636 172 0.000206 0
703 312 725 375 0.000205 0
728 416 735 425 0.000204 0
427 64 496 238 0.000204 0
925 407 944 454 0.000203 0
766 328 819 362 0.000203 0
63 64 184 199 0.000203 0
82 64 511 223 0.000203 0
1038 461 1048 471 0.000202 0
820 408 836 422 0.000201 0
1058 439 1072 456 0.000201 0
1085 485 1133 507 0.000201 0
1246 354 1261 376 0.000200 0
275 234 289 258 0.000200 0
447 576 456 592 0.000200 0
154 67 265 235 0.000200 0
718 438 732 468 0.000200 0
1119 446 1132 475 0.000199 0
304 521 313 536 0.000198 0
445 158 492 298 0.000198 0
0 510 16 564 0.000198 0
1102 312 1137 341 0.000198 0
368 67 496 223 0.000197 0
256 392 279 405 0.000197 0
239 242 256 295 0.000197 0
0 181 5 203 0.000196 0
0 145 7 203 0.000196 0
590 593 601 615 0.000196 0
1231 477 1262 509 0.000196 0
1195 355 1209 391 0.000196 0
155 186 175 231 0.000196 0
638 663 703 703 0.000196 0
27 64 127 204 0.000195 0
578 407 592 440 0.000195 0
601 155 627 185 0.000195 0
72 64 394 228 0.000195 0
591 363 609 392 0.000194 0
1015 380 1043 433 0.000194 0
960 198 970 208 0.000194 0
703 311 721 376 0.000193 0
774 312 798 341 0.000193 0
1108 450 1120 472 0.000193 0
1135 444 1168 472 0.000192 0
1202 389 1233 424 0.000192 0
1072 488 1090 503 0.000191 0
665 276 704 347 0.000191 0
808 440 826 453 0.000191 0
0 64 121 214 0.000190 0
1112 313 1143 343 0.000189 0
255 64 326 166 0.000189 0
991 420 1000 436 0.000188 0
863 468 881 488 0.000188 0
1152 403 1171 424 0.000188 0
866 183 904 238 0.000188 0
1263 336 1279 494 0.000187 0
64 65 205 206 0.000187 0
670 548 682 579 0.000187 0
1097 330 1106 344 0.000186 0
847 427 856 440 0.000186 0
813 441 825 454 0.000186 0
1144 410 1152 424 0.000186 0
210 186 319 367 0.000185 0
792 376 811 392 0.000184 0
319 64 370 109 0.000184 0
1054 407 1110 459 0.000184 0
119 375 144 408 0.000184 0
211 182 238 224 0.000183 0
160 64 257 181 0.000183 0
6 64 135 209 0.000183 0
634 157 658 209 0.000183 0
74 64 162 78 0.000183 0
256 64 336 185 0.000182 0
1220 165 1257 235 0.000182 0
898 439 913 461 0.000182 0
1274 159 1279 170 0.000181 0
1135 395 1147 424 0.000181 0
19 64 125 195 0.000180 0
152 211 168 236 0.000180 0
1051 412 1063 426 0.000180 0
725 343 735 360 0.000179 0
1104 390 1127 410 0.000179 0
0 166 6 203 0.000178 0
638 159 658 203 0.000178 0
917 376 932 409 0.000178 0
1145 390 1166 406 0.000178 0
1188 372 1236 412 0.000178 0
217 209 250 263 0.000177 0
596 360 624 391 0.000176 0
1053 390 1127 469 0.000176 0
0 64 77 209 0.000176 0
1247 344 1264 376 0.000176 0
1008 510 1018 523 0.000176 0
501 622 528 664 0.000176 0
932 478 944 487 0.000176 0
718 323 744 357 0.000174 0
776 330 784 343 0.000174 0
865 448 945 486 0.000174 0
831 455 846 474 0.000174 0
0 139 8 203 0.000174 0
703 311 720 376 0.000174 0
4 64 130 176 0.000173 0
400 184 417 202 0.000173 0
905 336 927 391 0.000173 0
497 209 538 252 0.000173 0
62 64 145 164 0.000171 0
762 434 938 485 0.000171 0
1260 481 1279 655 0.000171 0
2 65 84 213 0.000171 0
592 372 608 392 0.000171 0
381 185 394 202 0.000170 0
703 321 720 375 0.000170 0
240 257 256 295 0.000170 0
1038 278 1057 329 0.000170 0
915 426 929 446 0.000169 0
381 185 395 201 0.000169 0
109 68 217 218 0.000169 0
319 245 336 360 0.000169 0
765 235 841 343 0.000169 0
60 64 201 157 0.000169 0
1263 367 1279 430 0.000168 0
899 439 912 456 0.000167 0
1126 500 1136 509 0.000167 0
256 64 365 190 0.000167 0
1025 417 1040 442 0.000166 0
487 633 496 656 0.000166 0
811 314 848 344 0.000166 0
61 64 216 192 0.000166 0
1062 481 1078 495 0.000166 0
155 78 263 232 0.000166 0
1079 434 1121 471 0.000165 0
628 361 639 378 0.000165 0
902 336 923 388 0.000165 0
820 456 832 468 0.000164 0
922 340 1025 425 0.000164 0
1056 423 1064 434 0.000164 0
1025 414 1039 429 0.000163 0
1098 327 1119 344 0.000163 0
1203 407 1216 423 0.000162 0
0 85 68 229 0.000162 0
1014 456 1037 472 0.000162 0
478 182 498 211 0.000162 0
650 194 663 216 0.000162 0
931 371 945 389 0.000161 0
100 64 215 201 0.000161 0
1104 311 1136 329 0.000161 0
289 69 352 197 0.000161 0
901 327 930 346 0.000161 0
0 513 17 593 0.000160 0
638 669 676 704 0.000160 0
319 241 336 361 0.000159 0
0 64 273 365 0.000159 0
1111 503 1120 520 0.000159 0
432 191 442 203 0.000158 0
758 263 850 346 0.000158 0
817 426 840 450 0.000158 0
597 526 616 569 0.000158 0
447 575 456 592 0.000157 0
887 558 897 595 0.000157 0
317 64 450 174 0.000157 0
1021 425 1037 448 0.000157 0
946 372 1024 425 0.000156 0
1231 484 1261 509 0.000156 0
751 462 761 477 0.000156 0
1 64 344 327 0.000156 0
35 64 142 163 0.000156 0
61 64 201 164 0.000155 0
447 158 489 302 0.000154 0
1003 382 1041 413 0.000154 0
567 534 577 556 0.000154 0
592 406 608 426 0.000154 0
639 540 648 568 0.000154 0
1103 414 1113 435 0.000154 0
862 421 943 483 0.000153 0
498 619 529 664 0.000153 0
259 226 293 295 0.000153 0
975 456 984 464 0.000153 0
360 67 431 202 0.000153 0
1149 407 1166 423 0.000153 0
493 624 507 664 0.000152 0
1028 484 1061 512 0.000153 0
880 407 891 439 0.000152 0
314 64 488 144 0.000152 0
880 392 896 408 0.000152 0
1028 64 1169 204 0.000152 0
1145 459 1167 477 0.000152 0
1118 391 1127 412 0.000151 0
611 143 639 175 0.000151 0
1242 409 1255 427 0.000151 0
784 283 849 345 0.000151 0
893 417 934 446 0.000150 0
1096 444 1120 471 0.000150 0
558 597 578 633 0.000150 0
1083 446 1107 471 0.000150 0
1269 517 1279 628 0.000150 0
495 639 505 664 0.000150 0
718 330 738 361 0.000149 0
1263 369 1279 413 0.000149 0
1254 173 1279 219 0.000149 0
1247 342 1269 378 0.000149 0
19 64 528 341 0.000148 0
638 669 675 703 0.000149 0
560 613 576 633 0.000148 0
1035 393 1071 429 0.000148 0
1054 436 1078 471 0.000148 0
1 64 140 194 0.000148 0
852 302 864 336 0.000148 0
854 381 863 392 0.000147 0
455 455 463 462 0.000147 0
680 403 688 417 0.000146 0
256 64 322 164 0.000146 0
344 64 496 96 0.000146 0
864 299 892 343 0.000146 0
912 472 929 497 0.000145 0
319 240 336 361 0.000145 0
1263 406 1278 423 0.000145 0
400 64 497 137 0.000145 0
3 65 143 214 0.000145 0
0 73 72 230 0.000144 0
687 534 697 568 0.000144 0
255 66 339 201 0.000144 0
1271 520 1279 599 0.000144 0
0 64 177 121 0.000144 0
535 632 553 674 0.000144 0
771 233 851 344 0.000144 0
858 275 916 343 0.000143 0
826 406 891 458 0.000143 0
376 66 445 205 0.000143 0
978 386 997 421 0.000143 0
726 419 736 441 0.000142 0
820 286 849 344 0.000142 0
1231 602 1249 652 0.000142 0
903 538 913 585 0.000142 0
1135 396 1145 419 0.000142 0
1231 614 1249 653 0.000142 0
1223 384 1264 428 0.000142 0
267 224 297 297 0.000141 0
193 199 212 226 0.000140 0
116 72 215 228 0.000140 0
567 534 576 560 0.000140 0
213 204 322 376 0.000140 0
1172 476 1184 490 0.000140 0
912 421 933 448 0.000140 0
112 390 130 403 0.000139 0
1036 378 1057 422 0.000139 0
1071 463 1081 484 0.000139 0
847 379 877 415 0.000139 0
354 211 374 276 0.000139 0
1236 407 1254 427 0.000139 0
111 376 144 414 0.000137 0
776 198 796 215 0.000137 0
268 203 298 297 0.000136 0
847 422 858 438 0.000136 0
1244 353 1265 406 0.000136 0
340 64 496 140 0.000136 0
530 202 552 222 0.000136 0
1152 496 1179 510 0.000136 0
228 187 324 370 0.000135 0
992 680 1048 703 0.000135 0
1259 496 1280 703 0.000135 0
0 64 71 156 0.000135 0
887 558 897 595 0.000135 0
59 64 185 158 0.000135 0
703 311 719 376 0.000135 0
909 475 928 512 0.000135 0
909 414 920 424 0.000134 0
911 404 923 422 0.000134 0
367 208 376 232 0.000134 0
625 681 668 703 0.000134 0
1083 404 1097 419 0.000134 0
526 560 538 593 0.000133 0
982 448 1001 486 0.000133 0
220 392 240 408 0.000133 0
1050 455 1090 471 0.000133 0
1109 502 1120 510 0.000133 0
840 436 880 478 0.000132 0
646 388 658 408 0.000132 0
521 393 542 428 0.000132 0
1016 393 1117 474 0.000132 0
848 399 858 409 0.000132 0
1072 391 1081 406 0.000132 0
1028 425 1040 445 0.000131 0
898 422 933 449 0.000131 0
905 337 929 392 0.000131 0
1047 455 1059 467 0.000131 0
911 502 927 511 0.000131 0
214 188 242 233 0.000131 0
65 66 218 213 0.000131 0
663 173 674 217 0.000130 0
1096 401 1104 415 0.000130 0
221 199 245 247 0.000130 0
499 391 523 428 0.000130 0
769 287 841 346 0.000129 0
111 392 124 401 0.000129 0
755 682 768 703 0.000129 0
1006 533 1016 546 0.000129 0
737 408 754 455 0.000129 0
278 216 322 325 0.000129 0
1052 393 1125 474 0.000128 0
1167 458 1179 474 0.000128 0
831 444 841 456 0.000128 0
0 392 31 463 0.000128 0
0 97 53 253 0.000128 0
166 66 266 228 0.000127 0
162 64 327 96 0.000127 0
1083 345 1099 360 0.000127 0
853 406 890 458 0.000127 0
974 191 1042 256 0.000126 0
1263 371 1279 411 0.000126 0
1182 452 1192 472 0.000126 0
1150 411 1162 424 0.000126 0
1258 330 1279 446 0.000126 0
657 300 688 375 0.000125 0
667 422 690 438 0.000125 0
926 356 948 391 0.000125 0
755 679 769 703 0.000125 0
43 308 71 404 0.000125 0
1103 413 1112 429 0.000125 0
1073 384 1089 410 0.000125 0
66 68 221 223 0.000124 0
906 339 987 448 0.000124 0
1112 419 1121 438 0.000124 0
718 329 750 367 0.000124 0
427 64 497 130 0.000124 0
287 212 322 333 0.000124 0
1105 418 1121 467 0.000124 0
857 405 864 414 0.000124 0
751 406 772 428 0.000124 0
124 64 256 172 0.000123 0
670 544 681 580 0.000123 0
1154 464 1168 479 0.000123 0
670 468 680 488 0.000123 0
988 679 1037 703 0.000123 0
639 540 648 567 0.000122 0
1119 332 1133 363 0.000122 0
699 324 716 344 0.000122 0
482 631 497 672 0.000121 0
887 560 897 597 0.000121 0
1241 320 1264 398 0.000120 0
1220 470 1233 486 0.000120 0
854 453 910 484 0.000120 0
1224 407 1241 425 0.000120 0
67 64 511 329 0.000120 0
49 391 65 402 0.000120 0
1142 496 1170 510 0.000120 0
30 308 68 406 0.000120 0
674 423 691 435 0.000119 0
154 111 242 233 0.000119 0
239 390 259 407 0.000119 0
557 590 592 631 0.000119 0
581 407 591 432 0.000119 0
333 64 496 92 0.000119 0
1269 562 1279 628 0.000119 0
832 476 848 488 0.000118 0
1019 372 1039 392 0.000118 0
332 64 604 361 0.000118 0
830 385 838 403 0.000117 0
800 593 808 616 0.000117 0
592 407 609 433 0.000117 0
959 430 1099 473 0.000117 0
16 65 139 210 0.000116 0
659 207 679 231 0.000116 0
829 409 845 422 0.000116 0
431 217 439 226 0.000116 0
0 141 8 202 0.000116 0
703 411 736 464 0.000116 0
833 455 848 474 0.000116 0
172 64 492 198 0.000115 0
1177 344 1214 390 0.000115 0
1148 185 1189 222 0.000115 0
836 420 877 448 0.000115 0
241 396 256 407 0.000115 0
256 64 340 171 0.000115 0
703 417 736 465 0.000115 0
1200 366 1224 414 0.000115 0
926 376 945 393 0.000114 0
1079 412 1088 425 0.000114 0
1072 481 1088 491 0.000114 0
1265 387 1279 428 0.000114 0
271 640 289 695 0.000113 0
1086 396 1097 411 0.000113 0
1056 426 1064 441 0.000113 0
1216 411 1229 434 0.000113 0
998 645 1017 681 0.000113 0
1068 64 1122 75 0.000113 0
939 412 973 457 0.000113 0
574 64 602 201 0.000113 0
987 679 1013 703 0.000112 0
587 580 601 613 0.000112 0
1239 410 1254 435 0.000112 0
1066 64 1123 75 0.000112 0
788 293 847 344 0.000112 0
288 210 322 320 0.000112 0
232 391 254 408 0.000112 0
905 337 937 391 0.000112 0
1121 401 1127 414 0.000112 0
339 64 497 133 0.000112 0
592 386 608 428 0.000112 0
557 614 575 634 0.000110 0
866 381 1015 469 0.000110 0
770 311 792 335 0.000110 0
68 65 212 178 0.000110 0
655 423 665 437 0.000110 0
636 162 659 205 0.000109 0
532 394 545 410 0.000109 0
1151 642 1169 681 0.000109 0
354 207 368 274 0.000109 0
1221 456 1245 480 0.000109 0
256 226 291 276 0.000109 0
1025 64 1141 193 0.000108 0
205 208 247 264 0.000108 0
703 419 726 467 0.000108 0
1199 456 1209 470 0.000108 0
1055 391 1064 402 0.000108 0
676 383 688 415 0.000108 0
1021 380 1048 440 0.000108 0
320 64 371 106 0.000108 0
490 392 528 432 0.000107 0
1103 396 1121 409 0.000107 0
903 472 929 502 0.000107 0
0 370 9 401 0.000107 0
407 252 413 271 0.000107 0
903 189 947 266 0.000107 0
267 256 292 295 0.000107 0
1025 390 1041 410 0.000107 0
334 64 495 178 0.000106 0
703 326 716 345 0.000106 0
1153 639 1168 681 0.000106 0
669 276 708 347 0.000106 0
575 64 602 191 0.000106 0
90 64 207 164 0.000105 0
287 583 296 627 0.000105 0
967 641 977 679 0.000105 0
1136 503 1144 510 0.000105 0
664 206 676 223 0.000105 0
0 257 49 391 0.000105 0
499 617 544 665 0.000105 0
823 275 849 344 0.000104 0
1142 376 1157 393 0.000104 0
255 70 327 189 0.000104 0
840 493 848 503 0.000104 0
801 307 834 343 0.000104 0
700 312 744 364 0.000104 0
1263 361 1279 414 0.000104 0
1169 442 1185 458 0.000103 0
60 64 215 165 0.000103 0
500 619 542 665 0.000103 0
68 66 142 203 0.000103 0
703 442 721 469 0.000103 0
1036 375 1053 415 0.000103 0
602 359 634 430 0.000103 0
751 680 761 703 0.000103 0
539 646 555 703 0.000102 0
1260 111 1279 183 0.000102 0
958 425 992 455 0.000102 0
14 510 50 569 0.000102 0
478 695 504 703 0.000102 0
318 201 335 231 0.000102 0
286 261 321 346 0.000102 0
783 358 816 392 0.000102 0
100 184 107 202 0.000101 0
1107 349 1118 361 0.000101 0
1098 326 1141 344 0.000101 0
1216 448 1251 478 0.000101 0
165 64 257 165 0.000100 0
1014 227 1048 271 0.575982 1
1132 212 1166 254 0.556305 1
1132 213 1165 254 0.545088 1
1014 227 1049 272 0.392990 1
1013 227 1046 271 0.389517 1
1131 216 1166 254 0.328121 1
1013 224 1047 272 0.270843 1
1014 230 1046 271 0.223471 1
1014 230 1047 271 0.221939 1
1132 208 1166 255 0.205875 1
1131 214 1166 254 0.191658 1
772 214 843 280 0.174268 1
1128 210 1166 254 0.162835 1
1014 229 1051 271 0.160441 1
772 213 846 280 0.159384 1
771 211 855 279 0.156758 1
1132 218 1165 254 0.146504 1
772 211 857 279 0.114756 1
1107 213 1166 254 0.109543 1
1014 227 1053 271 0.105139 1
1014 226 1052 270 0.103323 1
994 220 1045 266 0.096397 1
780 244 829 280 0.072813 1
973 220 1043 265 0.069035 1
1110 218 1139 250 0.068319 1
1111 221 1136 250 0.067322 1
992 221 1047 271 0.065526 1
999 224 1046 271 0.064313 1
1109 219 1148 253 0.061983 1
1103 216 1165 254 0.054469 1
997 224 1041 264 0.054428 1
1109 218 1148 252 0.053964 1
778 240 831 280 0.051819 1
781 244 829 279 0.049667 1
780 245 827 280 0.049532 1
972 220 1038 264 0.046528 1
1111 217 1137 251 0.043095 1
999 216 1045 269 0.042227 1
1112 216 1146 252 0.041198 1
1109 205 1168 253 0.039313 1
974 221 1046 269 0.038706 1
973 225 1024 263 0.038145 1
991 224 1023 263 0.037797 1
973 233 1023 263 0.037232 1
971 221 1040 264 0.037019 1
998 223 1024 263 0.032007 1
1104 214 1165 253 0.031531 1
770 212 860 280 0.030973 1
992 229 1021 263 0.030364 1
1016 225 1048 270 0.029120 1
1107 218 1134 249 0.028152 1
783 246 821 280 0.028013 1
993 220 1023 263 0.027888 1
772 211 860 281 0.025359 1
822 225 883 280 0.021184 1
1105 222 1133 249 0.020736 1
773 213 856 281 0.020626 1
1027 227 1050 263 0.019945 1
972 220 1035 263 0.019836 1
999 222 1024 263 0.019777 1
785 238 831 279 0.019700 1
975 239 1017 263 0.019116 1
860 231 881 280 0.018804 1
1110 218 1131 249 0.018527 1
859 233 882 281 0.015501 1
821 231 885 281 0.015370 1
970 219 1046 268 0.013109 1
866 232 882 280 0.012321 1
861 222 882 279 0.012234 1
860 234 883 282 0.011791 1
1136 212 1165 254 0.011343 1
797 216 883 281 0.010989 1
864 231 881 278 0.010977 1
819 233 884 281 0.010744 1
772 222 856 282 0.010488 1
1027 230 1051 264 0.010353 1
866 236 883 280 0.010066 1
1128 204 1164 253 0.009878 1
1111 222 1138 253 0.009437 1
865 235 922 289 0.009418 1
865 237 884 283 0.009266 1
774 232 826 279 0.009174 1
863 231 900 282 0.009121 1
1119 228 1144 253 0.008664 1
772 247 806 279 0.008551 1
864 235 897 283 0.008333 1
865 237 926 292 0.008236 1
870 242 928 294 0.008109 1
834 209 871 241 0.008088 1
822 227 882 282 0.008034 1
833 210 874 242 0.007940 1
772 218 852 282 0.007926 1
771 223 838 281 0.007764 1
1035 227 1056 263 0.007754 1
950 272 960 300 0.007716 1
1059 213 1092 248 0.007629 1
1062 213 1091 247 0.007530 1
864 238 895 285 0.007500 1
1149 214 1166 251 0.007222 1
896 256 928 296 0.006971 1
1035 232 1054 263 0.006888 1
1014 231 1049 272 0.006677 1
864 237 918 287 0.006509 1
773 247 806 279 0.006481 1
1067 214 1094 248 0.006438 1
824 209 882 279 0.006357 1
784 240 832 280 0.006294 1
1149 227 1165 254 0.006286 1
995 228 1045 271 0.006274 1
949 272 960 303 0.006214 1
792 231 832 279 0.006061 1
865 251 888 284 0.005994 1
835 208 880 276 0.005979 1
931 241 946 253 0.005967 1
1060 216 1093 253 0.005892 1
823 233 882 282 0.005851 1
1053 214 1090 247 0.005614 1
785 210 881 281 0.005606 1
891 264 926 295 0.005578 1
923 208 942 255 0.005555 1
771 247 803 279 0.005534 1
865 236 920 285 0.005490 1
998 218 1023 256 0.005471 1
1067 212 1090 245 0.005418 1
910 270 928 296 0.005319 1
1067 215 1093 253 0.005315 1
823 211 883 280 0.005185 1
1113 211 1152 251 0.005113 1
925 226 945 254 0.004983 1
1068 213 1097 249 0.004874 1
863 249 883 283 0.004826 1
1143 308 1182 358 0.004802 1
1060 214 1094 248 0.004782 1
948 273 960 303 0.004767 1
970 242 1004 262 0.004734 1
1102 224 1127 249 0.004718 1
891 264 924 290 0.004648 1
1048 214 1085 247 0.004617 1
868 241 914 287 0.004612 1
908 266 927 296 0.004549 1
973 240 1005 262 0.004455 1
782 240 816 278 0.004415 1
772 246 801 279 0.004414 1
1144 308 1168 345 0.004400 1
909 269 927 296 0.004378 1
883 249 919 292 0.004341 1
929 272 960 303 0.004305 1
805 246 834 281 0.004301 1
970 227 1020 262 0.004227 1
1052 214 1091 248 0.004132 1
866 262 892 286 0.004089 1
978 210 1020 258 0.004078 1
1038 219 1071 265 0.004056 1
1060 214 1096 252 0.004048 1
1144 309 1169 344 0.003918 1
908 216 929 265 0.003855 1
948 272 960 303 0.003853 1
949 272 960 303 0.003621 1
1065 210 1139 255 0.003607 1
1049 212 1089 248 0.003590 1
920 271 958 310 0.003541 1
818 232 896 286 0.003474 1
932 236 945 253 0.003474 1
909 270 927 296 0.003466 1
1016 319 1057 338 0.003450 1
1100 215 1129 249 0.003370 1
868 238 919 287 0.003355 1
1045 215 1065 246 0.003336 1
1047 219 1072 250 0.003331 1
1067 211 1127 249 0.003300 1
922 213 934 236 0.003261 1
1016 318 1083 341 0.003226 1
906 211 928 268 0.003183 1
1144 314 1170 350 0.003139 1
904 268 960 306 0.003105 1
770 247 801 279 0.003095 1
927 238 945 253 0.003089 1
1070 214 1094 246 0.003048 1
1143 309 1170 348 0.003007 1
1070 213 1096 239 0.002988 1
867 194 931 290 0.002982 1
866 210 930 285 0.002969 1
1131 209 1196 250 0.002927 1
936 272 960 303 0.002880 1
1114 216 1129 234 0.002857 1
767 212 845 279 0.002851 1
1111 215 1132 247 0.002848 1
865 259 893 290 0.002826 1
988 214 1046 262 0.002810 1
1016 209 1052 255 0.002755 1
1104 231 1118 248 0.002710 1
893 263 926 297 0.002641 1
907 229 927 274 0.002617 1
850 208 874 240 0.002534 1
1018 319 1056 335 0.002441 1
1150 214 1166 248 0.002353 1
1140 226 1165 254 0.002339 1
906 221 928 296 0.002299 1
1018 319 1056 337 0.002295 1
980 204 1010 250 0.002274 1
1103 225 1133 253 0.002244 1
1065 206 1170 252 0.002238 1
931 219 945 253 0.002190 1
911 271 928 296 0.002176 1
909 224 929 274 0.002134 1
866 225 906 277 0.002119 1
1070 213 1099 236 0.002062 1
1052 220 1067 243 0.002032 1
893 265 910 288 0.001971 1
921 207 934 232 0.001926 1
1038 233 1054 264 0.001909 1
1017 319 1056 335 0.001896 1
882 263 910 287 0.001894 1
1127 206 1223 261 0.001887 1
1059 218 1084 253 0.001859 1
865 223 882 276 0.001851 1
923 271 960 297 0.001818 1
1017 215 1080 259 0.001800 1
1037 224 1070 267 0.001775 1
886 263 910 287 0.001763 1
931 242 959 254 0.001678 1
873 264 893 286 0.001645 1
948 273 960 304 0.001642 1
893 264 908 287 0.001639 1
909 237 922 293 0.001633 1
1071 214 1097 236 0.001626 1
986 232 1031 271 0.001610 1
1027 320 1056 335 0.001590 1
1068 212 1127 250 0.001506 1
819 234 889 285 0.001482 1
873 237 918 269 0.001480 1
911 272 945 311 0.001458 1
925 271 960 300 0.001425 1
910 271 945 297 0.001424 1
1166 231 1177 247 0.001392 1
1144 308 1181 347 0.001357 1
939 273 960 304 0.001306 1
1030 320 1055 336 0.001304 1
1132 225 1165 254 0.001294 1
1152 214 1191 247 0.001280 1
1036 320 1056 336 0.001277 1
924 204 946 252 0.001261 1
648 249 1209 368 0.001246 1
1069 243 1092 254 0.001168 1
893 264 907 286 0.001122 1
1067 213 1126 252 0.001107 1
926 276 944 312 0.001077 1
1155 212 1191 246 0.001053 1
893 264 912 310 0.001050 1
1117 205 1161 239 0.001018 1
915 239 963 302 0.001007 1
1143 312 1190 360 0.000958 1
924 271 944 295 0.000956 1
931 238 959 255 0.000934 1
849 255 895 295 0.000928 1
1141 305 1262 385 0.000927 1
1059 219 1076 260 0.000909 1
903 209 924 272 0.000897 1
872 224 923 282 0.000891 1
927 273 952 310 0.000866 1
1144 321 1168 344 0.000847 1
964 239 1032 273 0.000834 1
927 274 945 312 0.000790 1
859 263 919 302 0.000776 1
809 247 840 294 0.000760 1
1066 201 1091 243 0.000747 1
768 247 797 279 0.000746 1
1014 319 1085 348 0.000720 1
640 227 1161 354 0.000698 1
868 240 934 304 0.000693 1
1002 219 1083 276 0.000664 1
1024 304 1057 333 0.000656 1
1070 205 1099 235 0.000649 1
1144 306 1183 347 0.000648 1
1014 231 1067 273 0.000644 1
757 211 860 280 0.000639 1
1145 318 1174 360 0.000630 1
898 264 947 300 0.000610 1
1143 313 1169 345 0.000592 1
875 208 903 244 0.000591 1
862 208 883 245 0.000590 1
774 230 821 279 0.000590 1
1015 319 1076 348 0.000583 1
924 201 946 250 0.000582 1
1071 245 1091 253 0.000581 1
943 215 1035 264 0.000578 1
1027 227 1072 272 0.000572 1
1178 232 1187 247 0.000563 1
1181 178 1228 222 0.000543 1
1138 198 1196 247 0.000541 1
779 244 833 297 0.000539 1
910 269 945 313 0.000524 1
903 198 920 264 0.000524 1
1016 319 1080 347 0.000497 1
777 244 827 300 0.000494 1
891 238 906 247 0.000470 1
858 264 915 297 0.000451 1
1208 197 1259 241 0.000450 1
1050 221 1074 271 0.000435 1
1118 304 1197 357 0.000431 1
1086 230 1096 252 0.000431 1
1140 306 1274 414 0.000424 1
1143 316 1177 360 0.000421 1
888 237 902 246 0.000417 1
1014 320 1089 346 0.000404 1
905 238 965 300 0.000402 1
1128 305 1253 411 0.000400 1
903 241 954 298 0.000392 1
1177 176 1223 262 0.000382 1
948 246 958 254 0.000382 1
924 273 947 314 0.000380 1
928 203 964 254 0.000374 1
928 281 944 312 0.000369 1
1017 319 1057 345 0.000365 1
730 207 1077 303 0.000362 1
925 248 963 300 0.000360 1
862 234 927 304 0.000359 1
927 281 944 312 0.000351 1
1229 196 1258 234 0.000348 1
768 247 793 279 0.000332 1
1062 239 1094 269 0.000312 1
770 237 836 282 0.000296 1
939 238 959 254 0.000279 1
871 213 1051 288 0.000276 1
1073 301 1190 371 0.000267 1
1024 303 1066 334 0.000265 1
861 263 895 296 0.000262 1
1016 283 1060 333 0.000251 1
888 229 974 304 0.000245 1
925 271 962 313 0.000242 1
891 192 988 301 0.000240 1
895 267 937 313 0.000233 1
1021 278 1057 296 0.000232 1
894 267 913 312 0.000230 1
1178 207 1195 222 0.000226 1
1020 278 1057 296 0.000215 1
894 271 911 312 0.000215 1
910 227 957 273 0.000209 1
915 242 982 283 0.000196 1
1022 277 1058 331 0.000187 1
920 243 1010 273 0.000184 1
1074 206 1203 284 0.000182 1
962 217 1052 299 0.000178 1
770 232 812 279 0.000174 1
953 218 1051 295 0.000165 1
949 269 972 305 0.000161 1
998 278 1058 296 0.000153 1
1146 225 1194 257 0.000153 1
923 239 962 264 0.000152 1
914 269 964 320 0.000127 1
1063 204 1218 286 0.000125 1
955 241 1035 271 0.000124 1
926 216 1020 259 0.000119 1
1022 278 1056 296 0.000116 1
836 268 899 297 0.000112 1
1097 206 1256 285 0.000112 1
978 276 1055 296 0.000112 1
985 218 1104 304 0.000107 1
1057 208 1197 292 0.000101 1
692 200 729 235 0.040891 2
305 186 322 198 0.021015 2
692 202 728 234 0.018229 2
691 199 729 234 0.016966 2
304 185 323 198 0.016872 2
484 199 516 217 0.016521 2
484 198 516 216 0.015717 2
823 329 848 344 0.014781 2
592 447 608 458 0.013875 2
306 185 323 199 0.013453 2
484 201 514 217 0.012763 2
693 199 729 234 0.011127 2
691 204 728 235 0.011101 2
832 481 840 486 0.010690 2
574 444 592 457 0.009737 2
691 198 731 233 0.009575 2
691 199 732 235 0.009152 2
824 328 848 344 0.008868 2
488 199 513 214 0.008850 2
607 447 624 462 0.008773 2
575 444 592 458 0.007937 2
1104 487 1116 496 0.007814 2
159 416 168 423 0.007186 2
489 199 514 213 0.007169 2
667 453 687 464 0.007048 2
483 199 517 217 0.007038 2
431 422 463 442 0.006648 2
691 201 728 236 0.006453 2
636 383 658 396 0.006260 2
530 201 553 218 0.006198 2
528 198 553 218 0.005962 2
647 455 656 461 0.005899 2
1118 487 1136 498 0.005792 2
847 471 866 479 0.005755 2
848 471 866 479 0.005686 2
641 689 672 703 0.005612 2
631 381 658 397 0.005250 2
531 202 551 218 0.005222 2
691 201 730 235 0.004817 2
659 455 676 463 0.004771 2
431 422 462 442 0.004733 2
1104 487 1136 498 0.004483 2
158 410 176 424 0.004271 2
1110 487 1136 497 0.004129 2
639 687 672 703 0.004016 2
591 199 650 216 0.004015 2
528 199 554 218 0.004010 2
207 399 223 414 0.003981 2
692 199 728 228 0.003899 2
607 447 624 463 0.003885 2
208 399 223 413 0.003877 2
643 383 658 396 0.003763 2
672 452 689 464 0.003744 2
207 398 223 414 0.003719 2
1263 248 1279 270 0.003690 2
591 448 608 459 0.003614 2
593 423 608 433 0.003443 2
593 464 608 471 0.003431 2
246 415 264 423 0.003380 2
910 188 956 211 0.003247 2
593 449 608 459 0.003127 2
207 398 223 413 0.003115 2
482 196 517 217 0.003093 2
635 383 658 398 0.003039 2
823 329 848 344 0.002997 2
1047 214 1069 242 0.002993 2
551 173 579 202 0.002970 2
887 184 956 210 0.002940 2
552 174 579 202 0.002938 2
1066 208 1131 249 0.002913 2
1063 210 1122 249 0.002911 2
607 201 646 215 0.002848 2
574 428 593 457 0.002838 2
45 435 80 449 0.002823 2
605 201 647 216 0.002822 2
831 473 840 479 0.002704 2
592 424 599 432 0.002649 2
293 176 306 198 0.002623 2
442 423 464 443 0.002603 2
1262 247 1279 269 0.002593 2
896 479 911 487 0.002558 2
551 174 578 201 0.002512 2
1039 198 1075 244 0.002505 2
608 447 624 463 0.002488 2
1038 201 1082 247 0.002468 2
638 677 673 703 0.002468 2
656 453 668 462 0.002452 2
463 425 492 445 0.002378 2
867 176 947 215 0.002367 2
528 203 546 217 0.002362 2
896 474 915 488 0.002330 2
495 238 535 251 0.002319 2
1263 237 1279 269 0.002317 2
592 447 608 461 0.002277 2
631 382 658 398 0.002265 2
111 408 138 426 0.002234 2
633 202 651 216 0.002209 2
1145 211 1191 247 0.002195 2
1015 338 1024 345 0.002158 2
495 237 536 252 0.002134 2
610 447 624 462 0.002093 2
638 678 673 703 0.002066 2
463 420 502 443 0.002065 2
111 412 121 425 0.002063 2
306 184 330 199 0.001981 2
242 414 264 424 0.001972 2
1150 213 1191 247 0.001963 2
1041 197 1072 237 0.001951 2
1151 214 1190 247 0.001938 2
110 400 166 426 0.001921 2
1026 194 1082 246 0.001919 2
1270 198 1279 249 0.001906 2
924 455 936 463 0.001904 2
634 382 659 397 0.001898 2
771 460 796 473 0.001864 2
1263 249 1279 270 0.001853 2
917 196 955 209 0.001814 2
708 198 730 219 0.001787 2
916 198 954 211 0.001751 2
1019 318 1087 344 0.001728 2
482 194 560 216 0.001671 2
982 205 1004 231 0.001667 2
1102 161 1205 217 0.001660 2
463 420 498 442 0.001594 2
1086 211 1131 247 0.001546 2
456 205 465 215 0.001521 2
904 456 913 463 0.001481 2
479 179 524 216 0.001475 2
1174 381 1186 391 0.001466 2
639 455 655 461 0.001419 2
1132 191 1191 247 0.001416 2
868 186 934 237 0.001414 2
440 422 465 442 0.001378 2
631 202 652 217 0.001374 2
896 179 956 210 0.001370 2
480 183 525 216 0.001365 2
1183 502 1200 512 0.001338 2
905 189 952 215 0.001295 2
113 410 143 426 0.001290 2
752 457 798 473 0.001286 2
639 681 672 703 0.001276 2
501 434 528 447 0.001271 2
531 208 544 218 0.001267 2
1121 64 1152 77 0.001240 2
158 398 180 424 0.001234 2
294 176 306 198 0.001230 2
896 472 915 487 0.001226 2
1022 313 1085 336 0.001223 2
653 449 695 464 0.001222 2
700 197 738 230 0.001211 2
880 199 903 239 0.001206 2
591 463 608 471 0.001153 2
319 216 331 231 0.001131 2
36 411 64 422 0.001127 2
692 198 724 217 0.001119 2
45 438 79 446 0.001103 2
572 424 609 457 0.001102 2
667 450 689 464 0.001093 2
696 199 737 234 0.001087 2
599 319 608 329 0.001060 2
1042 195 1082 234 0.001059 2
498 434 515 447 0.001052 2
633 204 653 216 0.001052 2
431 422 464 445 0.001051 2
902 186 955 209 0.001045 2
591 448 608 461 0.001045 2
1148 471 1168 479 0.001039 2
1042 196 1083 247 0.001039 2
1259 168 1279 181 0.001036 2
56 434 80 447 0.001033 2
1023 308 1088 335 0.001028 2
1225 162 1279 182 0.001016 2
1263 349 1279 359 0.000991 2
0 400 31 423 0.000989 2
294 175 316 197 0.000969 2
1223 162 1279 210 0.000961 2
463 420 501 441 0.000940 2
190 392 223 414 0.000940 2
32 409 64 422 0.000936 2
1016 319 1047 332 0.000927 2
658 448 687 463 0.000923 2
690 454 703 466 0.000917 2
123 401 159 425 0.000881 2
640 264 1003 345 0.000880 2
1017 319 1088 345 0.000878 2
1150 470 1168 479 0.000876 2
511 188 553 217 0.000853 2
359 409 367 415 0.000836 2
1237 179 1278 238 0.000835 2
834 469 848 478 0.000833 2
100 463 114 470 0.000826 2
718 454 756 470 0.000825 2
1122 64 1152 76 0.000823 2
1191 471 1216 481 0.000819 2
207 397 224 450 0.000814 2
889 177 953 210 0.000813 2
735 423 779 458 0.000802 2
1069 209 1128 241 0.000792 2
495 238 539 253 0.000790 2
1023 314 1088 344 0.000771 2
582 184 622 204 0.000770 2
463 432 478 446 0.000762 2
44 411 63 422 0.000748 2
584 432 608 459 0.000739 2
1224 196 1256 233 0.000705 2
399 196 417 205 0.000702 2
480 183 519 216 0.000702 2
1178 381 1196 394 0.000698 2
483 190 529 216 0.000683 2
643 448 658 460 0.000679 2
867 176 941 203 0.000679 2
1007 511 1016 520 0.000675 2
191 392 215 406 0.000670 2
1252 199 1279 239 0.000670 2
1264 367 1279 375 0.000670 2
863 336 876 343 0.000657 2
583 425 608 456 0.000656 2
1260 201 1279 269 0.000653 2
1245 197 1278 236 0.000652 2
383 415 432 438 0.000651 2
1257 198 1275 225 0.000648 2
1263 349 1279 371 0.000646 2
718 457 753 471 0.000643 2
1188 471 1216 484 0.000637 2
1100 161 1219 214 0.000633 2
384 419 431 437 0.000626 2
63 504 79 522 0.000617 2
1224 160 1279 182 0.000604 2
1066 318 1088 343 0.000604 2
447 423 464 446 0.000602 2
691 461 704 470 0.000599 2
1263 353 1279 375 0.000593 2
1150 344 1172 360 0.000586 2
1103 487 1136 504 0.000582 2
1223 196 1257 234 0.000578 2
550 203 562 216 0.000576 2
369 418 433 437 0.000572 2
1015 319 1043 332 0.000566 2
717 455 739 470 0.000564 2
1042 312 1088 336 0.000558 2
1022 487 1032 495 0.000558 2
43 432 80 448 0.000555 2
230 398 288 446 0.000550 2
19 200 35 206 0.000546 2
606 449 649 468 0.000544 2
1016 319 1044 338 0.000543 2
1039 190 1104 249 0.000534 2
79 519 96 535 0.000529 2
629 375 656 397 0.000528 2
1224 161 1278 182 0.000527 2
207 393 223 412 0.000525 2
1120 64 1152 81 0.000525 2
219 410 265 426 0.000524 2
606 201 618 215 0.000519 2
1260 169 1279 197 0.000518 2
1055 312 1088 335 0.000517 2
554 178 582 203 0.000515 2
1070 323 1088 338 0.000514 2
223 397 288 444 0.000508 2
623 322 662 361 0.000504 2
497 238 531 251 0.000500 2
1161 501 1177 510 0.000495 2
972 208 990 239 0.000488 2
399 197 417 204 0.000485 2
325 192 342 199 0.000484 2
1167 380 1180 392 0.000482 2
1264 350 1279 369 0.000478 2
870 176 950 207 0.000477 2
1063 312 1088 335 0.000471 2
699 200 737 234 0.000471 2
734 462 748 471 0.000468 2
520 195 555 218 0.000467 2
1254 327 1279 415 0.000465 2
635 197 730 235 0.000464 2
623 323 658 360 0.000462 2
1034 310 1088 336 0.000457 2
639 449 650 459 0.000456 2
645 383 660 394 0.000453 2
36 434 80 469 0.000446 2
623 322 658 361 0.000444 2
219 399 288 447 0.000441 2
208 396 224 464 0.000441 2
588 196 617 214 0.000441 2
636 672 698 703 0.000438 2
590 181 648 211 0.000434 2
943 456 959 464 0.000432 2
640 461 650 471 0.000432 2
1121 326 1154 344 0.000431 2
384 455 401 472 0.000428 2
625 321 681 362 0.000426 2
1120 64 1153 79 0.000425 2
914 187 956 208 0.000421 2
574 443 593 463 0.000421 2
79 519 96 533 0.000420 2
607 447 624 469 0.000420 2
694 184 729 218 0.000415 2
1075 205 1128 231 0.000412 2
1067 196 1082 211 0.000411 2
740 440 771 461 0.000410 2
384 419 430 438 0.000408 2
399 196 417 205 0.000407 2
32 440 46 446 0.000406 2
850 438 873 454 0.000403 2
580 447 593 460 0.000400 2
961 203 991 223 0.000400 2
1078 198 1093 209 0.000400 2
1215 479 1226 488 0.000398 2
1221 168 1276 235 0.000397 2
1018 311 1089 342 0.000397 2
293 175 307 198 0.000396 2
939 209 1030 264 0.000392 2
637 679 689 703 0.000389 2
640 430 649 437 0.000388 2
221 400 288 442 0.000387 2
1055 311 1137 345 0.000381 2
1261 168 1279 181 0.000379 2
867 176 943 203 0.000379 2
1099 192 1122 209 0.000377 2
684 198 820 237 0.000376 2
1261 169 1279 183 0.000375 2
921 197 958 226 0.000374 2
1173 376 1186 391 0.000371 2
821 329 848 351 0.000365 2
659 230 849 348 0.000363 2
1224 161 1270 181 0.000359 2
39 434 80 468 0.000359 2
1181 378 1262 419 0.000359 2
829 536 848 552 0.000358 2
1048 454 1096 472 0.000357 2
273 184 294 193 0.000354 2
34 440 63 447 0.000354 2
684 458 703 471 0.000352 2
159 394 212 423 0.000351 2
729 454 750 469 0.000348 2
263 197 271 207 0.000347 2
608 451 624 469 0.000346 2
665 454 700 471 0.000345 2
624 319 681 362 0.000344 2
616 174 694 216 0.000343 2
335 624 352 646 0.000343 2
207 396 223 424 0.000342 2
959 482 970 487 0.000341 2
623 312 694 365 0.000340 2
495 239 533 253 0.000335 2
452 208 465 222 0.000334 2
356 218 368 231 0.000334 2
171 393 213 424 0.000332 2
821 328 847 361 0.000325 2
717 457 741 470 0.000324 2
273 185 295 194 0.000323 2
623 316 670 361 0.000321 2
880 207 1001 259 0.000321 2
411 395 519 441 0.000321 2
1121 64 1152 82 0.000320 2
1047 310 1140 345 0.000318 2
315 199 333 231 0.000317 2
919 199 942 229 0.000316 2
918 196 967 211 0.000316 2
969 480 985 487 0.000314 2
827 536 849 551 0.000307 2
1136 471 1165 479 0.000307 2
395 397 511 443 0.000306 2
294 543 310 552 0.000306 2
239 493 256 503 0.000305 2
271 182 310 199 0.000304 2
493 218 540 252 0.000301 2
829 536 849 552 0.000301 2
638 687 687 703 0.000300 2
1017 317 1088 348 0.000297 2
1015 319 1042 345 0.000296 2
239 397 248 408 0.000296 2
1102 161 1211 217 0.000291 2
375 408 384 414 0.000291 2
1157 377 1205 408 0.000290 2
531 201 553 222 0.000289 2
623 320 661 367 0.000289 2
665 432 678 440 0.000289 2
1143 331 1191 360 0.000287 2
1186 374 1263 415 0.000287 2
608 423 617 432 0.000286 2
431 421 463 448 0.000286 2
493 408 522 423 0.000286 2
439 567 448 575 0.000285 2
493 410 529 427 0.000285 2
957 205 995 253 0.000283 2
383 419 426 465 0.000283 2
277 175 310 198 0.000281 2
670 386 684 397 0.000280 2
629 186 649 215 0.000276 2
661 273 688 283 0.000272 2
239 494 256 503 0.000271 2
1199 302 1232 311 0.000270 2
208 489 227 500 0.000270 2
304 409 320 422 0.000269 2
960 480 976 487 0.000268 2
1174 471 1217 482 0.000266 2
1141 322 1181 360 0.000265 2
1029 321 1088 345 0.000264 2
1199 303 1213 310 0.000263 2
358 410 384 437 0.000259 2
367 417 384 435 0.000259 2
643 429 655 438 0.000259 2
718 329 734 345 0.000258 2
247 397 288 443 0.000257 2
606 455 665 471 0.000257 2
95 463 110 470 0.000257 2
1247 345 1261 356 0.000256 2
262 392 287 400 0.000253 2
1070 332 1088 344 0.000252 2
219 393 240 408 0.000250 2
304 410 320 424 0.000249 2
829 416 848 425 0.000249 2
386 401 510 442 0.000247 2
1263 356 1279 414 0.000246 2
735 425 772 463 0.000244 2
200 393 224 463 0.000242 2
318 201 336 231 0.000241 2
667 384 683 395 0.000241 2
1147 343 1187 360 0.000239 2
384 419 433 440 0.000239 2
602 376 701 432 0.000238 2
335 424 351 440 0.000237 2
1262 169 1279 212 0.000237 2
1178 225 1279 305 0.000234 2
611 406 657 432 0.000234 2
227 399 288 469 0.000234 2
963 199 987 212 0.000234 2
37 567 97 595 0.000232 2
1260 168 1279 207 0.000232 2
1102 293 1169 345 0.000230 2
876 176 930 188 0.000230 2
775 469 795 476 0.000229 2
101 463 124 471 0.000229 2
5 216 623 401 0.000229 2
374 411 433 431 0.000228 2
636 451 686 471 0.000228 2
384 449 416 471 0.000227 2
233 414 303 469 0.000226 2
659 429 676 439 0.000226 2
1119 64 1139 75 0.000225 2
918 200 979 252 0.000224 2
1163 376 1181 392 0.000224 2
272 392 287 399 0.000222 2
256 485 276 496 0.000221 2
659 169 691 218 0.000220 2
941 206 984 254 0.000220 2
35 435 80 468 0.000219 2
741 200 792 234 0.000219 2
623 378 659 394 0.000218 2
79 519 96 535 0.000218 2
306 186 333 229 0.000214 2
1015 319 1073 361 0.000213 2
1098 176 1121 207 0.000213 2
220 392 288 445 0.000213 2
239 489 249 498 0.000212 2
1142 316 1201 354 0.000212 2
466 392 482 399 0.000212 2
608 459 641 469 0.000211 2
1234 504 1248 510 0.000211 2
620 379 659 414 0.000211 2
1248 347 1264 359 0.000210 2
600 362 624 377 0.000210 2
238 391 288 429 0.000209 2
689 310 752 348 0.000208 2
624 405 657 425 0.000203 2
637 422 650 436 0.000203 2
822 328 848 356 0.000202 2
1027 183 1081 238 0.000201 2
1121 327 1155 344 0.000201 2
1136 337 1189 360 0.000199 2
327 406 385 437 0.000198 2
207 408 268 426 0.000198 2
580 180 732 233 0.000198 2
38 567 96 589 0.000197 2
701 203 740 234 0.000195 2
607 443 644 464 0.000195 2
256 399 288 446 0.000195 2
620 424 634 435 0.000195 2
252 391 288 427 0.000195 2
637 674 714 703 0.000194 2
1196 377 1261 414 0.000194 2
415 391 524 439 0.000193 2
723 201 796 234 0.000193 2
1201 273 1279 315 0.000192 2
1215 477 1232 487 0.000191 2
296 186 334 233 0.000191 2
623 320 658 376 0.000191 2
751 419 820 443 0.000190 2
238 412 278 440 0.000190 2
1057 310 1093 335 0.000189 2
830 415 848 424 0.000189 2
236 408 291 470 0.000189 2
1115 187 1162 232 0.000189 2
1201 473 1227 487 0.000188 2
319 201 343 232 0.000188 2
335 424 352 441 0.000187 2
1055 188 1081 220 0.000185 2
302 407 388 436 0.000185 2
1222 151 1280 182 0.000185 2
913 181 956 208 0.000185 2
304 407 352 439 0.000183 2
1203 252 1280 295 0.000183 2
1198 276 1280 314 0.000182 2
304 406 378 440 0.000181 2
1210 273 1279 314 0.000180 2
706 308 753 345 0.000179 2
356 216 368 230 0.000179 2
237 412 268 434 0.000177 2
173 393 220 424 0.000176 2
258 393 273 408 0.000176 2
735 198 796 229 0.000176 2
312 408 387 434 0.000175 2
1157 495 1185 510 0.000175 2
462 304 502 351 0.000174 2
1174 270 1232 288 0.000174 2
1258 482 1279 501 0.000173 2
287 175 308 198 0.000172 2
325 407 348 414 0.000172 2
335 425 352 442 0.000172 2
655 429 692 440 0.000172 2
72 569 96 584 0.000172 2
683 196 720 216 0.000171 2
1181 384 1256 425 0.000171 2
269 394 288 425 0.000170 2
1108 313 1167 343 0.000169 2
1167 273 1280 315 0.000169 2
492 408 512 418 0.000169 2
1178 273 1280 298 0.000168 2
1249 355 1279 414 0.000168 2
295 540 319 552 0.000167 2
303 408 351 439 0.000166 2
238 439 290 466 0.000165 2
447 203 465 219 0.000164 2
306 407 352 442 0.000164 2
13 504 81 536 0.000164 2
163 480 188 500 0.000164 2
982 480 992 487 0.000162 2
1171 273 1230 287 0.000162 2
303 409 320 424 0.000161 2
60 503 80 531 0.000160 2
597 364 608 377 0.000159 2
369 407 384 431 0.000158 2
697 309 752 345 0.000158 2
190 406 274 452 0.000158 2
383 430 416 469 0.000157 2
947 204 984 220 0.000157 2
159 481 169 490 0.000155 2
63 504 80 527 0.000155 2
1035 294 1159 337 0.000155 2
0 508 16 532 0.000154 2
390 415 432 429 0.000153 2
714 320 764 362 0.000153 2
1248 277 1279 298 0.000153 2
305 185 325 202 0.000153 2
1206 218 1279 307 0.000152 2
324 408 343 413 0.000152 2
67 568 96 582 0.000152 2
1157 377 1181 392 0.000152 2
0 507 16 560 0.000152 2
693 307 759 332 0.000151 2
752 412 800 424 0.000151 2
262 391 288 432 0.000150 2
385 435 416 469 0.000149 2
229 404 266 425 0.000149 2
1232 344 1262 356 0.000149 2
235 407 268 423 0.000149 2
552 430 593 457 0.000149 2
1212 251 1280 295 0.000148 2
1021 284 1122 336 0.000148 2
912 175 928 185 0.000148 2
383 402 503 441 0.000148 2
1149 266 1218 282 0.000147 2
237 393 288 467 0.000147 2
346 414 425 470 0.000146 2
309 406 387 443 0.000146 2
1204 375 1264 416 0.000144 2
1228 345 1272 365 0.000144 2
1261 280 1279 296 0.000143 2
749 411 820 430 0.000143 2
1101 487 1137 510 0.000143 2
1172 164 1204 219 0.000143 2
303 408 353 440 0.000142 2
491 408 530 427 0.000141 2
603 427 625 464 0.000141 2
662 273 687 283 0.000140 2
800 184 862 233 0.000140 2
911 174 951 191 0.000139 2
1073 330 1115 345 0.000137 2
1199 370 1260 398 0.000136 2
1044 279 1090 295 0.000136 2
737 201 792 232 0.000136 2
383 451 416 472 0.000135 2
739 199 780 216 0.000135 2
7 502 86 575 0.000134 2
0 278 25 294 0.000133 2
384 430 416 470 0.000133 2
295 199 333 232 0.000133 2
455 400 463 406 0.000132 2
731 208 793 235 0.000132 2
1203 270 1280 296 0.000132 2
1166 263 1191 269 0.000131 2
336 408 381 438 0.000131 2
1194 274 1249 312 0.000131 2
0 560 54 600 0.000131 2
1149 377 1199 407 0.000131 2
161 391 224 463 0.000130 2
480 200 517 229 0.000130 2
288 481 328 507 0.000130 2
79 519 113 537 0.000130 2
290 482 328 499 0.000130 2
1205 376 1262 410 0.000130 2
482 201 517 222 0.000129 2
240 393 279 408 0.000128 2
302 176 326 198 0.000128 2
268 198 279 210 0.000127 2
603 359 623 375 0.000127 2
659 384 679 394 0.000126 2
50 434 80 469 0.000126 2
1142 301 1208 350 0.000126 2
824 328 859 344 0.000125 2
1170 273 1241 313 0.000125 2
1219 276 1279 295 0.000125 2
639 680 699 703 0.000124 2
1 281 24 294 0.000123 2
1186 254 1228 286 0.000123 2
1016 320 1061 360 0.000123 2
1192 271 1232 290 0.000123 2
697 187 836 237 0.000123 2
303 410 320 424 0.000122 2
1150 267 1215 281 0.000122 2
162 477 195 500 0.000121 2
622 439 633 449 0.000121 2
1165 164 1202 185 0.000119 2
1206 365 1263 397 0.000119 2
550 178 609 216 0.000118 2
704 185 1165 283 0.000118 2
590 361 624 392 0.000117 2
697 312 749 340 0.000117 2
120 518 156 536 0.000116 2
1198 293 1279 317 0.000115 2
1219 282 1279 315 0.000115 2
207 520 224 530 0.000114 2
385 447 416 468 0.000113 2
384 424 416 466 0.000113 2
379 408 394 417 0.000113 2
766 466 796 476 0.000113 2
1247 248 1279 295 0.000112 2
624 376 651 391 0.000112 2
1092 280 1165 340 0.000112 2
1167 272 1261 308 0.000111 2
104 409 144 438 0.000111 2
1123 164 1195 224 0.000111 2
32 436 82 467 0.000110 2
1106 267 1234 305 0.000110 2
352 214 372 232 0.000110 2
592 166 621 189 0.000110 2
50 567 96 581 0.000109 2
306 537 320 551 0.000109 2
624 319 685 375 0.000108 2
308 408 340 415 0.000108 2
251 392 278 406 0.000107 2
1059 312 1129 343 0.000107 2
81 406 144 456 0.000106 2
630 170 675 216 0.000106 2
444 421 464 461 0.000105 2
0 438 8 446 0.000105 2
64 425 72 435 0.000104 2
158 481 179 499 0.000104 2
182 406 283 459 0.000104 2
574 188 622 216 0.000104 2
623 407 655 425 0.000103 2
592 463 608 473 0.000103 2
1227 345 1270 366 0.000103 2
240 475 257 499 0.000102 2
1211 368 1264 410 0.000101 2
78 518 119 536 0.000100 2
147 392 219 459 0.000100 2
772 213 850 279 0.116856 3
628 207 958 378 0.000221 3
1181 163 1279 232 0.002032 5
1221 165 1279 248 0.002009 5
1181 163 1279 229 0.001949 5
1216 163 1279 241 0.001648 5
831 135 939 168 0.001424 5
1181 161 1279 227 0.001329 5
830 135 940 165 0.001112 5
1224 161 1279 209 0.001037 5
1182 161 1279 222 0.000984 5
1223 162 1279 214 0.000945 5
1220 161 1279 225 0.000902 5
477 166 584 213 0.000840 5
795 162 858 208 0.000430 5
446 145 526 173 0.000414 5
447 157 585 216 0.000307 5
1224 162 1279 218 0.000287 5
1162 274 1280 315 0.000266 5
1174 278 1280 316 0.000243 5
473 144 525 177 0.000228 5
467 146 526 170 0.000189 5
479 170 516 204 0.000182 5
829 134 941 162 0.000178 5
1177 279 1280 315 0.000152 5
468 144 526 168 0.000137 5
643 240 1278 488 0.062925 6
656 259 1279 484 0.045696 6
646 213 1279 490 0.023681 6
646 251 1277 490 0.021829 6
641 264 1260 478 0.020236 6
641 255 1271 485 0.019822 6
642 266 1251 383 0.010886 6
924 264 1277 343 0.010285 6
929 267 1279 343 0.009413 6
664 259 1278 348 0.008095 6
642 263 1265 397 0.008012 6
695 268 1279 487 0.007558 6
642 264 1231 480 0.007544 6
642 227 1276 462 0.007426 6
739 265 1278 485 0.007308 6
647 250 1275 355 0.007004 6
640 264 1184 478 0.006120 6
926 267 1279 482 0.005489 6
928 266 1279 348 0.005024 6
904 267 1279 484 0.004132 6
875 265 1278 483 0.003569 6
644 259 1233 360 0.003382 6
652 228 1277 359 0.003250 6
645 242 1261 359 0.003175 6
651 274 1277 495 0.002750 6
487 170 580 207 0.002510 6
329 410 705 464 0.002261 6
640 265 1211 389 0.002231 6
679 271 1279 496 0.002117 6
489 169 580 204 0.002063 6
914 240 1279 344 0.001983 6
470 162 581 207 0.001961 6
863 235 1279 341 0.001957 6
470 155 581 207 0.001906 6
479 159 581 204 0.001854 6
830 135 939 165 0.001664 6
482 168 579 205 0.001650 6
483 172 579 206 0.001512 6
653 287 1277 493 0.001473 6
644 334 1263 487 0.001403 6
482 156 580 205 0.001352 6
645 302 1274 493 0.001329 6
339 257 945 474 0.001307 6
1088 157 1279 267 0.001307 6
922 227 1279 348 0.001306 6
715 206 1276 337 0.001233 6
397 258 954 476 0.001230 6
348 405 785 467 0.001205 6
335 410 707 469 0.001182 6
959 268 1279 458 0.001179 6
357 388 945 472 0.001108 6
423 392 953 474 0.001091 6
828 135 940 192 0.001008 6
427 411 952 475 0.000950 6
640 262 1051 478 0.000945 6
0 255 320 398 0.000879 6
830 135 939 161 0.000832 6
1121 422 1279 482 0.000830 6
567 397 954 478 0.000822 6
552 257 958 469 0.000816 6
645 340 1167 484 0.000813 6
1121 421 1279 480 0.000790 6
1049 470 1256 503 0.000780 6
367 407 945 478 0.000773 6
1091 157 1278 256 0.000771 6
70 513 164 540 0.000747 6
662 202 1270 347 0.000733 6
887 181 1280 355 0.000731 6
1011 469 1251 505 0.000724 6
0 66 338 396 0.000720 6
413 254 952 473 0.000713 6
640 265 971 363 0.000684 6
652 196 1270 348 0.000667 6
612 261 957 420 0.000658 6
907 165 1279 364 0.000641 6
830 134 939 162 0.000623 6
1123 422 1279 476 0.000621 6
1071 470 1268 504 0.000610 6
1061 282 1279 488 0.000593 6
647 169 1269 351 0.000590 6
831 134 939 160 0.000581 6
344 411 920 472 0.000581 6
563 404 703 463 0.000574 6
1069 469 1272 507 0.000534 6
543 415 954 479 0.000527 6
556 269 956 479 0.000489 6
356 254 938 470 0.000488 6
74 514 169 541 0.000484 6
1028 470 1262 497 0.000465 6
913 275 1279 494 0.000457 6
330 303 926 468 0.000433 6
608 264 955 378 0.000430 6
1060 470 1273 506 0.000416 6
986 469 1258 498 0.000413 6
1050 470 1268 511 0.000410 6
649 412 1256 490 0.000410 6
435 152 584 210 0.000395 6
1032 274 1279 491 0.000394 6
1063 470 1268 512 0.000392 6
623 288 956 482 0.000381 6
659 370 1276 504 0.000375 6
656 188 1242 348 0.000368 6
648 370 1271 499 0.000357 6
643 326 1036 481 0.000349 6
462 158 585 222 0.000345 6
658 356 1275 504 0.000345 6
5 67 384 393 0.000340 6
625 263 958 379 0.000340 6
1068 159 1270 220 0.000337 6
464 155 581 224 0.000315 6
4 65 426 387 0.000301 6
984 469 1245 505 0.000299 6
340 250 792 462 0.000295 6
1148 424 1278 481 0.000282 6
669 424 1100 484 0.000275 6
637 264 956 404 0.000269 6
1091 470 1271 506 0.000265 6
698 128 956 237 0.000264 6
1 80 329 395 0.000262 6
1095 422 1279 507 0.000261 6
972 202 1278 277 0.000261 6
1059 469 1269 501 0.000256 6
597 389 811 468 0.000248 6
960 468 1261 497 0.000232 6
2 99 439 389 0.000232 6
682 381 1279 505 0.000229 6
1155 65 1280 271 0.000228 6
320 65 627 213 0.000226 6
72 515 173 539 0.000225 6
0 65 312 394 0.000224 6
2 77 376 395 0.000223 6
823 133 940 164 0.000222 6
606 263 895 377 0.000220 6
366 253 869 462 0.000215 6
8 425 259 475 0.000203 6
1151 366 1279 481 0.000202 6
1102 471 1273 507 0.000196 6
737 378 1279 509 0.000194 6
1084 478 1235 508 0.000186 6
1085 371 1280 511 0.000167 6
463 144 526 166 0.000167 6
152 172 271 229 0.000163 6
85 516 157 535 0.000162 6
640 284 967 481 0.000161 6
1181 64 1280 270 0.000157 6
1159 296 1280 355 0.000155 6
485 369 703 453 0.000153 6
1077 427 1278 507 0.000151 6
605 377 702 458 0.000150 6
450 142 580 207 0.000149 6
1048 392 1279 507 0.000146 6
437 112 699 223 0.000145 6
1173 359 1279 482 0.000139 6
1072 464 1280 516 0.000138 6
1073 64 1280 268 0.000136 6
703 408 801 469 0.000135 6
17 64 487 381 0.000133 6
1107 423 1278 506 0.000133 6
857 380 1279 508 0.000130 6
747 449 1276 515 0.000129 6
333 64 660 215 0.000128 6
165 64 331 93 0.000122 6
949 468 1260 503 0.000121 6
873 463 1276 512 0.000120 6
329 64 721 223 0.000115 6
355 64 656 217 0.000114 6
588 146 687 217 0.000109 6
714 464 1274 510 0.000106 6
599 377 819 449 0.000106 6
1173 292 1280 353 0.000103 6
662 399 1275 553 0.000101 6
152 173 263 230 0.000101 6
330 64 688 214 0.000101 6
866 176 956 236 0.271153 7
866 177 954 232 0.207491 7
861 176 956 239 0.175386 7
847 176 955 237 0.133773 7
845 176 956 239 0.119867 7
845 177 955 235 0.107944 7
708 157 956 241 0.081193 7
865 177 953 241 0.080800 7
710 170 956 239 0.076238 7
866 177 954 228 0.075675 7
707 152 958 239 0.057965 7
866 176 943 231 0.055390 7
804 176 955 239 0.055099 7
866 176 941 232 0.043864 7
866 178 952 239 0.043156 7
705 152 964 237 0.042855 7
714 152 865 234 0.040860 7
867 176 945 227 0.037885 7
704 153 944 234 0.037265 7
707 152 956 243 0.035338 7
1182 165 1279 267 0.034713 7
1183 170 1279 268 0.034553 7
717 171 956 238 0.034229 7
790 173 955 237 0.033017 7
703 153 929 234 0.032358 7
866 176 945 234 0.026248 7
713 152 857 236 0.021969 7
1183 228 1279 268 0.018643 7
587 184 621 214 0.017399 7
713 152 820 234 0.016942 7
707 147 956 238 0.016941 7
716 152 859 214 0.016536 7
717 152 859 229 0.016221 7
716 152 859 219 0.015733 7
714 153 811 235 0.014986 7
587 184 621 212 0.014549 7
712 152 805 234 0.014325 7
1193 166 1279 267 0.013864 7
866 176 927 234 0.013751 7
715 152 850 204 0.012162 7
716 153 804 203 0.011219 7
587 184 622 215 0.010132 7
1183 199 1279 267 0.009951 7
587 184 622 209 0.009540 7
716 153 865 210 0.009071 7
1182 211 1279 269 0.009015 7
588 193 649 215 0.008686 7
587 184 621 203 0.008331 7
867 176 943 219 0.008047 7
866 177 920 237 0.007985 7
865 175 984 248 0.007408 7
762 176 953 244 0.006928 7
705 135 957 240 0.006851 7
1218 167 1279 267 0.006113 7
586 184 623 210 0.006015 7
808 177 958 241 0.005602 7
587 183 654 216 0.005491 7
704 159 956 237 0.005332 7
1220 166 1279 263 0.005178 7
1193 186 1279 267 0.005134 7
733 172 978 245 0.005032 7
866 177 912 236 0.004919 7
660 266 769 350 0.004895 7
588 184 653 217 0.004619 7
689 152 808 234 0.004558 7
714 154 817 235 0.004101 7
548 172 579 203 0.003962 7
691 194 730 235 0.003540 7
1182 181 1278 266 0.003198 7
539 172 580 203 0.003182 7
776 135 957 240 0.002613 7
850 133 954 236 0.002563 7
463 422 497 446 0.002516 7
588 187 654 217 0.002500 7
723 153 806 206 0.002460 7
587 185 656 218 0.002411 7
690 168 754 235 0.002322 7
720 152 809 204 0.002292 7
714 152 807 205 0.002226 7
463 421 501 446 0.002201 7
690 153 809 215 0.002174 7
546 172 579 201 0.001969 7
580 184 622 209 0.001957 7
789 134 950 237 0.001901 7
1181 164 1277 255 0.001835 7
718 154 807 207 0.001821 7
588 182 659 217 0.001676 7
463 426 527 448 0.001665 7
463 420 523 447 0.001652 7
859 178 951 275 0.001511 7
870 175 986 254 0.001496 7
866 176 931 230 0.001487 7
1027 275 1278 351 0.001481 7
867 176 982 252 0.001472 7
709 139 983 246 0.001455 7
1038 273 1278 343 0.001434 7
1101 163 1205 211 0.001379 7
695 167 809 236 0.001218 7
463 423 497 447 0.001190 7
846 174 928 236 0.001173 7
879 175 990 258 0.001122 7
175 393 215 419 0.001103 7
582 184 620 213 0.001097 7
1100 165 1154 208 0.001027 7
1097 165 1157 219 0.001011 7
866 176 944 211 0.000974 7
713 131 941 213 0.000961 7
709 150 949 219 0.000902 7
1183 221 1279 270 0.000900 7
175 392 216 417 0.000882 7
735 423 772 458 0.000870 7
688 169 735 234 0.000840 7
691 183 730 224 0.000833 7
711 139 860 212 0.000811 7
1095 165 1188 207 0.000762 7
865 176 977 235 0.000761 7
589 152 676 217 0.000757 7
713 160 847 236 0.000744 7
701 302 768 347 0.000725 7
1102 162 1208 218 0.000713 7
175 393 211 419 0.000711 7
191 392 220 412 0.000706 7
1100 163 1205 209 0.000696 7
1013 156 1279 348 0.000693 7
1101 165 1152 207 0.000680 7
589 199 618 214 0.000653 7
527 169 579 217 0.000632 7
183 392 223 417 0.000612 7
1179 383 1261 426 0.000612 7
589 152 661 217 0.000595 7
1097 174 1190 244 0.000581 7
589 151 660 216 0.000568 7
1223 165 1279 210 0.000559 7
735 423 777 460 0.000557 7
723 164 805 211 0.000555 7
586 158 655 214 0.000553 7
1222 177 1279 236 0.000548 7
62 403 150 427 0.000547 7
715 158 806 207 0.000545 7
1224 178 1279 233 0.000532 7
545 172 579 216 0.000529 7
727 152 806 204 0.000527 7
1100 161 1205 215 0.000513 7
478 168 526 216 0.000512 7
1221 161 1279 231 0.000508 7
643 276 768 374 0.000507 7
1071 172 1160 216 0.000487 7
191 392 211 408 0.000454 7
1188 384 1261 425 0.000423 7
728 153 806 207 0.000410 7
709 128 860 207 0.000391 7
847 180 916 237 0.000387 7
606 434 625 463 0.000386 7
702 301 768 374 0.000383 7
698 184 729 212 0.000381 7
1181 373 1263 420 0.000369 7
711 173 1014 276 0.000359 7
936 203 977 254 0.000349 7
867 176 941 215 0.000347 7
588 163 696 216 0.000340 7
589 172 703 216 0.000339 7
984 271 1147 337 0.000335 7
696 184 729 212 0.000326 7
719 166 801 212 0.000322 7
940 206 976 254 0.000321 7
675 152 902 237 0.000318 7
1026 274 1280 340 0.000312 7
660 170 730 235 0.000310 7
730 181 960 273 0.000309 7
1022 275 1280 346 0.000306 7
845 142 910 217 0.000304 7
544 179 629 214 0.000301 7
1155 301 1279 362 0.000300 7
702 119 858 205 0.000290 7
1102 165 1170 226 0.000290 7
698 280 841 377 0.000289 7
728 161 804 212 0.000268 7
684 167 1140 298 0.000254 7
543 168 653 210 0.000249 7
640 272 769 373 0.000247 7
1203 385 1259 426 0.000239 7
792 172 858 219 0.000233 7
803 165 859 232 0.000229 7
712 167 795 211 0.000229 7
605 406 656 435 0.000229 7
1161 303 1268 356 0.000229 7
1162 302 1269 354 0.000221 7
685 182 732 222 0.000217 7
1037 277 1259 353 0.000203 7
606 406 656 436 0.000199 7
660 78 945 238 0.000198 7
879 184 961 264 0.000195 7
1022 272 1149 342 0.000188 7
732 119 1096 262 0.000188 7
944 207 1148 333 0.000186 7
593 150 668 215 0.000184 7
640 182 918 311 0.000183 7
847 167 902 229 0.000182 7
1022 272 1153 337 0.000180 7
943 208 977 254 0.000178 7
631 253 935 358 0.000166 7
792 167 859 219 0.000157 7
660 168 692 216 0.000156 7
1039 254 1272 331 0.000149 7
457 152 523 173 0.000148 7
879 166 998 248 0.000148 7
200 391 224 464 0.000146 7
693 164 776 227 0.000143 7
635 206 870 359 0.000140 7
1043 273 1140 332 0.000140 7
681 130 797 234 0.000139 7
529 64 950 236 0.000137 7
0 396 32 461 0.000136 7
1037 272 1141 330 0.000131 7
1266 169 1279 257 0.000131 7
606 404 656 430 0.000131 7
0 393 32 463 0.000124 7
693 117 834 205 0.000122 7
774 158 1108 274 0.000122 7
1113 183 1160 216 0.000122 7
1043 200 1146 330 0.000122 7
695 262 938 344 0.000122 7
1028 280 1149 344 0.000122 7
1052 273 1140 334 0.000119 7
1161 297 1270 352 0.000118 7
725 152 811 174 0.000114 7
586 153 640 206 0.000112 7
1168 298 1279 373 0.000112 7
1189 350 1266 400 0.000107 7
714 160 804 208 0.000106 7
480 92 922 239 0.000105 7
1142 298 1243 345 0.000105 7
190 393 224 466 0.000105 7
746 410 814 449 0.000105 7
732 253 937 344 0.000103 7
488 64 940 239 0.000103 7
297 198 333 233 0.000101 7
1090 150 1103 178 0.613996 9
1089 150 1103 178 0.479395 9
1089 150 1103 178 0.394554 9
512 151 524 181 0.130519 9
512 151 524 180 0.130028 9
512 151 523 181 0.122310 9
895 153 908 176 0.074027 9
365 167 373 189 0.072998 9
372 167 382 185 0.069356 9
896 152 908 177 0.068719 9
1089 150 1105 178 0.066418 9
239 178 247 190 0.064096 9
512 151 525 182 0.057651 9
512 151 523 184 0.053391 9
239 177 247 190 0.050189 9
895 152 908 176 0.048060 9
513 151 526 182 0.046230 9
1207 170 1215 187 0.038745 9
880 152 895 171 0.036095 9
1207 168 1216 188 0.035452 9
512 150 524 180 0.032934 9
879 153 894 170 0.031955 9
896 152 909 176 0.029326 9
1089 151 1103 183 0.026682 9
895 152 909 177 0.026487 9
119 64 160 78 0.026303 9
449 157 490 170 0.025876 9
365 167 374 189 0.025570 9
880 152 896 172 0.023869 9
449 158 490 171 0.023615 9
879 152 896 172 0.023013 9
1013 137 1024 169 0.022323 9
119 64 161 78 0.022055 9
868 155 880 177 0.021648 9
372 167 381 186 0.020322 9
1014 136 1025 169 0.019847 9
202 204 211 226 0.019564 9
868 152 881 176 0.018455 9
362 167 370 189 0.018373 9
551 173 577 201 0.017102 9
119 64 160 77 0.017085 9
119 64 162 78 0.016860 9
927 150 937 170 0.016325 9
895 151 909 176 0.016156 9
927 150 937 171 0.016107 9
553 173 578 201 0.015849 9
313 151 342 194 0.013611 9
523 183 536 196 0.012948 9
511 195 518 210 0.012567 9
966 372 979 389 0.012255 9
313 150 342 191 0.011541 9
1090 150 1104 182 0.011399 9
1215 167 1224 183 0.011239 9
224 183 231 192 0.011170 9
881 152 896 176 0.010879 9
372 167 381 186 0.010587 9
866 151 881 176 0.010466 9
1197 384 1206 400 0.010253 9
216 183 224 195 0.010177 9
119 64 162 79 0.010019 9
516 191 526 201 0.009845 9
516 192 524 206 0.009813 9
1199 389 1207 415 0.009682 9
512 151 531 185 0.009364 9
201 203 210 227 0.009215 9
201 201 211 218 0.009124 9
549 172 580 202 0.008808 9
171 64 202 91 0.008778 9
549 173 579 201 0.008505 9
1195 384 1206 403 0.008445 9
877 152 895 176 0.008439 9
362 167 369 189 0.008403 9
520 182 548 199 0.008356 9
119 64 173 78 0.008346 9
118 64 179 78 0.008258 9
449 158 488 171 0.008123 9
239 176 249 193 0.008091 9
512 191 524 209 0.007894 9
557 178 569 199 0.007845 9
959 135 976 162 0.007832 9
959 135 977 161 0.007814 9
1207 169 1215 199 0.007691 9
156 64 202 91 0.007592 9
959 134 977 162 0.007566 9
1154 160 1167 184 0.007515 9
217 185 224 203 0.007335 9
814 144 823 153 0.007213 9
814 146 823 160 0.007202 9
169 64 202 90 0.007107 9
119 64 202 89 0.007081 9
119 64 184 80 0.006484 9
518 192 526 209 0.006323 9
203 205 213 223 0.006314 9
203 204 211 225 0.006214 9
522 183 539 198 0.006169 9
119 64 202 87 0.006051 9
257 179 262 190 0.005886 9
865 152 880 176 0.005865 9
1191 385 1204 400 0.005763 9
1154 158 1168 184 0.005745 9
216 192 224 226 0.005691 9
1006 137 1014 170 0.005655 9
1014 134 1025 162 0.005601 9
160 64 202 91 0.005408 9
896 153 908 176 0.005357 9
170 64 202 90 0.005329 9
214 201 224 228 0.004643 9
809 168 815 185 0.004642 9
1006 137 1014 170 0.004395 9
118 64 162 78 0.004311 9
1214 167 1224 188 0.004281 9
681 167 688 184 0.004245 9
265 215 277 231 0.004133 9
681 169 688 184 0.004116 9
214 199 224 227 0.004115 9
313 157 341 195 0.004084 9
665 180 670 197 0.004019 9
119 64 203 91 0.003977 9
521 183 537 199 0.003906 9
864 164 871 182 0.003847 9
694 177 704 199 0.003806 9
213 201 224 227 0.003790 9
1087 184 1096 208 0.003754 9
313 147 352 196 0.003699 9
690 168 696 184 0.003659 9
864 150 881 175 0.003534 9
537 169 579 201 0.003487 9
167 64 176 76 0.003456 9
313 151 351 198 0.003431 9
1007 137 1014 170 0.003385 9
959 134 978 163 0.003358 9
203 204 214 226 0.003337 9
123 64 202 91 0.003323 9
1005 136 1018 170 0.003314 9
927 148 944 173 0.003290 9
448 157 490 180 0.003213 9
1090 150 1109 178 0.003191 9
687 169 694 184 0.003084 9
448 157 490 178 0.003027 9
927 149 940 174 0.003012 9
545 168 552 185 0.003009 9
1191 163 1201 186 0.003009 9
863 166 869 184 0.002990 9
1206 168 1216 192 0.002990 9
111 151 128 163 0.002933 9
201 201 213 225 0.002928 9
160 64 177 92 0.002911 9
544 169 555 200 0.002874 9
694 174 704 199 0.002860 9
159 64 184 90 0.002847 9
1089 150 1104 199 0.002845 9
222 181 233 194 0.002768 9
510 171 550 191 0.002745 9
977 368 984 390 0.002742 9
362 167 372 189 0.002701 9
879 154 894 173 0.002677 9
257 146 267 160 0.002647 9
927 147 944 172 0.002629 9
1230 167 1247 181 0.002611 9
266 216 277 231 0.002605 9
844 150 858 166 0.002529 9
1189 161 1201 187 0.002486 9
159 64 170 75 0.002399 9
1097 132 1105 166 0.002392 9
512 171 549 195 0.002377 9
1230 167 1247 181 0.002372 9
247 176 257 192 0.002358 9
247 177 257 192 0.002350 9
802 143 811 157 0.002349 9
159 64 178 93 0.002337 9
248 195 255 214 0.002294 9
265 215 277 232 0.002279 9
751 360 759 375 0.002279 9
809 156 858 181 0.002253 9
523 182 548 201 0.002142 9
952 347 960 364 0.002118 9
510 168 549 184 0.002078 9
258 143 268 160 0.002074 9
693 179 702 199 0.002047 9
831 135 860 166 0.002034 9
831 140 857 163 0.002011 9
1207 159 1217 189 0.001983 9
834 145 859 166 0.001982 9
463 255 478 304 0.001946 9
840 118 866 136 0.001931 9
128 64 181 88 0.001927 9
240 163 248 191 0.001918 9
512 150 546 185 0.001908 9
257 141 268 160 0.001901 9
1153 160 1168 184 0.001866 9
1104 168 1120 203 0.001844 9
1190 166 1201 186 0.001791 9
586 118 598 135 0.001746 9
313 148 341 192 0.001727 9
213 186 224 228 0.001700 9
843 118 866 136 0.001699 9
487 173 495 183 0.001690 9
835 148 858 164 0.001610 9
259 142 268 160 0.001603 9
951 354 960 369 0.001596 9
950 342 981 404 0.001591 9
992 143 1000 168 0.001548 9
255 177 262 191 0.001543 9
543 163 580 203 0.001534 9
446 157 491 184 0.001532 9
992 138 1001 169 0.001523 9
1048 157 1056 168 0.001522 9
448 154 490 170 0.001516 9
94 156 103 176 0.001513 9
1153 161 1167 184 0.001510 9
751 359 759 375 0.001507 9
165 64 185 76 0.001495 9
1229 167 1247 181 0.001484 9
513 169 549 183 0.001452 9
999 134 1011 173 0.001452 9
586 118 600 165 0.001436 9
1089 139 1105 177 0.001430 9
840 119 864 136 0.001408 9
448 157 491 199 0.001405 9
464 257 479 304 0.001403 9
665 170 671 193 0.001382 9
447 153 490 170 0.001380 9
544 161 581 203 0.001377 9
1055 152 1063 165 0.001348 9
803 149 814 161 0.001307 9
809 160 858 183 0.001300 9
586 118 598 151 0.001271 9
840 119 856 135 0.001269 9
1181 164 1203 217 0.001255 9
1100 137 1110 165 0.001253 9
960 340 967 352 0.001252 9
1014 362 1024 383 0.001241 9
840 119 863 136 0.001238 9
926 147 945 177 0.001225 9
585 119 599 165 0.001219 9
1181 165 1202 217 0.001214 9
111 151 128 165 0.001211 9
222 184 231 199 0.001207 9
95 152 105 176 0.001194 9
580 64 596 91 0.001194 9
831 135 861 165 0.001193 9
451 157 491 203 0.001187 9
680 169 689 208 0.001186 9
312 79 366 196 0.001180 9
119 64 189 92 0.001168 9
988 344 1009 386 0.001167 9
969 176 975 186 0.001160 9
808 160 858 189 0.001132 9
1055 152 1063 167 0.001125 9
802 149 811 160 0.001117 9
809 161 858 189 0.001116 9
1004 135 1019 176 0.001109 9
333 184 343 199 0.001074 9
219 176 249 194 0.001071 9
580 64 597 92 0.001071 9
988 680 1009 703 0.001060 9
1000 134 1011 178 0.001056 9
665 179 670 202 0.001056 9
802 142 823 161 0.001051 9
312 153 342 197 0.001047 9
587 165 603 184 0.001030 9
478 164 579 206 0.001029 9
248 194 256 213 0.001028 9
994 363 1009 384 0.001026 9
587 166 602 184 0.001022 9
1152 158 1168 184 0.001019 9
586 120 599 164 0.001004 9
1094 148 1111 177 0.000984 9
959 133 978 163 0.000983 9
372 167 385 197 0.000975 9
586 118 598 139 0.000971 9
596 64 625 93 0.000955 9
1099 134 1110 165 0.000954 9
842 164 870 223 0.000944 9
993 134 1001 170 0.000929 9
586 169 601 186 0.000923 9
1224 165 1236 181 0.000922 9
690 169 703 183 0.000918 9
1001 361 1024 386 0.000914 9
1209 167 1226 210 0.000897 9
111 136 128 164 0.000895 9
998 135 1010 173 0.000888 9
1203 406 1215 415 0.000865 9
952 343 960 360 0.000862 9
44 312 59 343 0.000856 9
855 136 938 170 0.000852 9
449 154 490 171 0.000850 9
1183 164 1202 187 0.000836 9
950 352 961 388 0.000828 9
312 133 352 197 0.000827 9
485 152 580 206 0.000819 9
1089 146 1104 178 0.000818 9
312 69 367 196 0.000816 9
950 342 979 399 0.000809 9
1188 164 1216 195 0.000808 9
965 357 984 390 0.000801 9
465 199 471 214 0.000798 9
571 162 581 179 0.000798 9
574 180 582 201 0.000797 9
988 679 1013 703 0.000791 9
1010 359 1024 387 0.000789 9
214 163 224 178 0.000788 9
585 120 599 166 0.000784 9
352 164 361 188 0.000780 9
210 167 217 176 0.000775 9
1013 133 1038 170 0.000763 9
996 132 1009 172 0.000761 9
1074 151 1103 186 0.000758 9
980 346 1009 387 0.000756 9
809 160 858 185 0.000755 9
223 176 237 193 0.000753 9
586 120 600 166 0.000753 9
855 136 939 155 0.000749 9
991 360 1005 384 0.000749 9
580 64 597 91 0.000745 9
997 134 1011 172 0.000743 9
810 165 859 189 0.000742 9
1076 150 1103 185 0.000741 9
837 119 863 135 0.000740 9
831 135 917 169 0.000738 9
693 172 701 194 0.000735 9
1181 163 1203 217 0.000735 9
238 185 252 215 0.000732 9
832 135 889 168 0.000724 9
1097 128 1104 148 0.000721 9
119 64 192 91 0.000719 9
372 156 382 185 0.000710 9
545 160 580 180 0.000708 9
45 312 58 340 0.000707 9
221 177 246 194 0.000706 9
451 148 574 212 0.000704 9
808 159 856 185 0.000704 9
945 168 960 185 0.000703 9
988 354 1024 388 0.000688 9
448 158 489 176 0.000678 9
312 109 361 198 0.000677 9
1184 156 1217 195 0.000674 9
512 182 527 196 0.000674 9
546 160 580 182 0.000671 9
1013 135 1041 171 0.000670 9
340 163 353 194 0.000670 9
111 202 121 218 0.000665 9
1011 133 1025 170 0.000660 9
111 134 128 164 0.000659 9
1041 157 1052 169 0.000657 9
216 161 224 176 0.000656 9
988 680 1012 703 0.000652 9
1143 164 1155 185 0.000646 9
1108 154 1118 168 0.000645 9
1183 159 1202 188 0.000644 9
464 183 471 197 0.000643 9
312 183 328 197 0.000640 9
948 336 983 394 0.000638 9
958 134 993 166 0.000637 9
313 142 354 195 0.000634 9
580 64 597 92 0.000626 9
241 161 249 179 0.000624 9
697 125 705 152 0.000624 9
339 165 352 195 0.000623 9
208 182 225 199 0.000618 9
829 135 924 175 0.000615 9
486 151 524 189 0.000609 9
802 151 856 181 0.000608 9
223 168 231 176 0.000607 9
534 179 552 202 0.000603 9
850 136 938 154 0.000601 9
476 144 525 182 0.000596 9
701 118 720 129 0.000592 9
903 536 912 558 0.000592 9
575 276 599 348 0.000590 9
990 343 1009 384 0.000588 9
260 166 271 179 0.000588 9
445 157 492 206 0.000587 9
947 338 984 400 0.000580 9
312 145 340 194 0.000578 9
944 168 960 183 0.000577 9
583 64 624 93 0.000575 9
585 119 601 174 0.000569 9
1102 166 1120 206 0.000562 9
701 118 719 128 0.000562 9
1012 136 1027 181 0.000555 9
344 172 353 199 0.000553 9
1045 152 1056 168 0.000547 9
1075 139 1103 183 0.000547 9
853 135 935 176 0.000547 9
964 336 977 344 0.000546 9
1019 158 1030 169 0.000545 9
808 161 858 190 0.000543 9
891 135 938 171 0.000542 9
586 64 624 93 0.000542 9
959 335 972 345 0.000535 9
664 168 679 211 0.000533 9
96 183 101 200 0.000532 9
1152 163 1167 185 0.000529 9
835 148 873 212 0.000525 9
882 136 939 178 0.000524 9
67 170 81 177 0.000522 9
898 149 930 178 0.000517 9
206 182 225 227 0.000516 9
842 115 870 136 0.000516 9
928 147 940 173 0.000515 9
587 168 604 185 0.000513 9
575 273 606 341 0.000511 9
1214 372 1222 386 0.000504 9
45 311 64 349 0.000500 9
903 64 944 120 0.000498 9
576 291 594 326 0.000496 9
803 149 853 188 0.000496 9
943 366 952 387 0.000493 9
989 680 1013 703 0.000492 9
314 89 333 156 0.000487 9
447 157 491 212 0.000484 9
238 189 255 228 0.000482 9
743 360 751 374 0.000482 9
997 557 1016 579 0.000480 9
1176 615 1181 622 0.000479 9
664 318 678 348 0.000477 9
1108 165 1148 185 0.000477 9
1102 165 1125 204 0.000474 9
160 65 177 93 0.000474 9
44 311 63 340 0.000474 9
812 132 828 156 0.000473 9
742 360 751 375 0.000471 9
801 130 819 157 0.000471 9
684 168 703 201 0.000471 9
480 149 524 183 0.000469 9
256 128 267 160 0.000466 9
160 65 177 93 0.000465 9
847 173 869 229 0.000462 9
1210 157 1226 180 0.000460 9
903 535 912 551 0.000460 9
664 295 672 314 0.000460 9
310 90 333 165 0.000456 9
844 135 939 154 0.000454 9
809 153 858 177 0.000454 9
992 136 1013 171 0.000450 9
498 171 512 186 0.000441 9
977 355 995 393 0.000440 9
607 581 624 616 0.000439 9
810 159 857 183 0.000437 9
1013 131 1037 169 0.000437 9
308 99 403 196 0.000433 9
1072 147 1094 197 0.000426 9
690 119 708 179 0.000426 9
1087 677 1104 703 0.000425 9
667 311 681 346 0.000424 9
1183 165 1217 200 0.000421 9
976 168 992 185 0.000419 9
963 336 978 361 0.000419 9
959 126 999 165 0.000418 9
767 96 785 146 0.000416 9
1078 123 1106 181 0.000412 9
1071 145 1095 202 0.000412 9
995 343 1008 360 0.000411 9
44 311 64 345 0.000410 9
993 132 1001 169 0.000410 9
595 64 625 92 0.000408 9
1106 165 1148 185 0.000407 9
119 64 172 91 0.000406 9
215 175 235 198 0.000404 9
854 136 938 153 0.000403 9
981 352 998 384 0.000402 9
837 146 878 175 0.000402 9
96 183 102 200 0.000402 9
1104 169 1120 204 0.000401 9
233 201 242 216 0.000398 9
953 340 972 378 0.000398 9
979 141 993 167 0.000393 9
1090 229 1103 270 0.000391 9
861 136 940 175 0.000390 9
365 186 375 200 0.000390 9
594 64 626 93 0.000389 9
735 626 744 649 0.000388 9
1017 169 1032 185 0.000387 9
830 135 860 161 0.000386 9
512 145 525 181 0.000384 9
597 135 606 150 0.000384 9
767 101 785 150 0.000382 9
903 65 944 120 0.000380 9
1207 152 1221 177 0.000380 9
796 130 822 157 0.000379 9
403 182 418 200 0.000376 9
410 177 418 195 0.000374 9
665 316 680 346 0.000373 9
595 64 625 93 0.000371 9
1105 141 1120 168 0.000371 9
806 163 858 198 0.000370 9
1045 171 1056 184 0.000369 9
965 354 987 390 0.000364 9
479 146 524 181 0.000364 9
690 119 706 155 0.000364 9
1100 131 1128 169 0.000362 9
551 169 582 201 0.000361 9
352 166 362 190 0.000355 9
45 312 64 370 0.000355 9
930 327 944 345 0.000354 9
159 64 204 91 0.000353 9
975 124 982 136 0.000352 9
996 557 1017 582 0.000350 9
1043 157 1054 170 0.000349 9
1171 148 1184 164 0.000349 9
170 64 214 91 0.000347 9
808 149 855 165 0.000345 9
575 273 606 350 0.000345 9
1225 161 1250 181 0.000344 9
987 679 1019 703 0.000344 9
594 64 626 106 0.000344 9
112 201 121 217 0.000343 9
789 115 835 158 0.000342 9
512 148 545 183 0.000339 9
1103 164 1149 186 0.000336 9
665 314 681 346 0.000333 9
1101 165 1151 196 0.000332 9
664 167 671 182 0.000332 9
986 679 1023 703 0.000331 9
663 299 681 349 0.000331 9
345 185 353 199 0.000330 9
973 139 991 162 0.000328 9
597 138 607 153 0.000327 9
256 158 268 177 0.000326 9
637 160 644 170 0.000325 9
609 582 624 617 0.000325 9
1084 130 1106 178 0.000319 9
913 165 929 181 0.000316 9
574 128 581 162 0.000316 9
995 365 1011 389 0.000316 9
926 137 945 171 0.000315 9
689 119 706 177 0.000315 9
306 78 353 196 0.000315 9
433 171 446 191 0.000313 9
576 277 597 332 0.000312 9
1142 164 1156 185 0.000311 9
663 169 691 214 0.000309 9
809 159 858 182 0.000307 9
911 166 921 179 0.000304 9
979 142 992 160 0.000304 9
657 152 671 174 0.000303 9
230 200 241 216 0.000303 9
1148 161 1194 185 0.000303 9
308 88 331 163 0.000303 9
831 135 859 159 0.000301 9
916 151 929 172 0.000301 9
680 170 690 215 0.000299 9
808 163 858 202 0.000298 9
585 123 604 185 0.000297 9
168 64 254 91 0.000297 9
989 346 1005 362 0.000294 9
43 312 64 360 0.000293 9
860 111 869 119 0.000293 9
544 160 581 180 0.000288 9
446 154 523 172 0.000287 9
1079 168 1092 185 0.000286 9
575 273 605 337 0.000285 9
1212 164 1234 207 0.000284 9
1096 125 1134 169 0.000284 9
1150 344 1172 360 0.000284 9
983 351 993 360 0.000284 9
958 117 981 163 0.000283 9
350 183 362 199 0.000281 9
959 119 983 162 0.000280 9
975 168 992 185 0.000279 9
433 171 446 186 0.000277 9
1046 156 1056 183 0.000275 9
248 163 257 175 0.000273 9
686 118 708 183 0.000272 9
828 134 944 175 0.000269 9
575 125 581 162 0.000267 9
1072 150 1083 179 0.000267 9
939 336 987 388 0.000266 9
976 167 992 185 0.000266 9
1073 151 1081 164 0.000266 9
689 119 705 171 0.000265 9
689 119 704 160 0.000263 9
1212 153 1222 163 0.000262 9
571 161 581 178 0.000262 9
260 168 271 192 0.000262 9
839 116 870 136 0.000260 9
990 364 1007 388 0.000260 9
887 136 939 176 0.000260 9
942 168 961 183 0.000259 9
433 170 445 184 0.000255 9
1023 149 1039 162 0.000255 9
861 136 938 153 0.000254 9
696 147 706 176 0.000254 9
811 138 833 160 0.000252 9
1040 150 1054 168 0.000251 9
309 106 325 160 0.000251 9
905 126 912 136 0.000250 9
1089 230 1103 270 0.000248 9
1149 154 1198 185 0.000248 9
977 138 995 170 0.000246 9
588 161 603 181 0.000245 9
788 113 837 159 0.000245 9
999 328 1009 342 0.000245 9
448 153 491 171 0.000244 9
663 294 682 348 0.000243 9
67 170 81 195 0.000243 9
777 686 783 695 0.000243 9
470 164 498 189 0.000243 9
1184 164 1220 205 0.000240 9
974 189 981 201 0.000239 9
1150 146 1179 183 0.000239 9
831 135 892 165 0.000238 9
996 557 1017 585 0.000237 9
192 186 202 214 0.000236 9
93 151 105 176 0.000235 9
448 156 509 172 0.000234 9
1102 133 1137 166 0.000234 9
1015 338 1024 350 0.000233 9
815 345 824 363 0.000232 9
928 358 939 377 0.000231 9
445 144 529 179 0.000228 9
856 282 864 295 0.000227 9
712 598 720 614 0.000226 9
569 139 581 163 0.000225 9
1187 152 1205 187 0.000224 9
690 118 717 182 0.000223 9
1195 149 1209 190 0.000221 9
591 64 625 92 0.000219 9
310 109 325 157 0.000217 9
1103 133 1137 167 0.000217 9
975 164 992 185 0.000216 9
928 355 958 378 0.000216 9
802 161 858 195 0.000215 9
257 162 269 181 0.000215 9
624 64 638 73 0.000214 9
575 281 595 344 0.000214 9
70 183 79 199 0.000214 9
665 167 681 200 0.000214 9
110 123 128 165 0.000213 9
1000 166 1010 199 0.000214 9
937 592 943 599 0.000213 9
763 112 841 155 0.000213 9
453 158 523 190 0.000212 9
157 64 255 92 0.000212 9
1000 331 1009 343 0.000212 9
210 176 252 216 0.000210 9
68 172 80 200 0.000210 9
358 153 385 189 0.000209 9
679 122 691 164 0.000209 9
314 159 386 195 0.000209 9
1055 151 1065 183 0.000208 9
928 327 944 344 0.000208 9
772 113 835 156 0.000206 9
959 343 989 388 0.000206 9
1151 126 1160 134 0.000206 9
1038 167 1056 184 0.000206 9
735 120 752 157 0.000203 9
767 99 786 153 0.000203 9
766 85 785 145 0.000203 9
850 135 938 153 0.000201 9
193 169 234 201 0.000201 9
766 72 785 150 0.000199 9
575 64 597 96 0.000199 9
375 165 407 186 0.000198 9
310 95 331 164 0.000196 9
1055 157 1064 185 0.000196 9
1015 116 1041 166 0.000196 9
454 180 466 201 0.000194 9
801 631 807 639 0.000193 9
413 175 421 194 0.000193 9
1185 165 1217 205 0.000193 9
468 162 489 204 0.000192 9
247 161 256 175 0.000192 9
304 84 351 198 0.000192 9
1170 140 1185 164 0.000192 9
904 102 938 120 0.000191 9
767 125 833 155 0.000191 9
574 121 581 160 0.000191 9
855 135 942 155 0.000190 9
976 118 985 134 0.000190 9
766 93 785 150 0.000189 9
1015 171 1030 185 0.000189 9
371 165 401 186 0.000188 9
312 67 335 163 0.000188 9
1087 660 1104 703 0.000188 9
579 64 598 104 0.000186 9
703 169 711 179 0.000185 9
751 679 760 696 0.000184 9
208 67 223 86 0.000184 9
981 321 991 342 0.000183 9
1024 142 1039 158 0.000183 9
232 130 240 146 0.000183 9
567 140 581 162 0.000183 9
934 358 955 377 0.000182 9
927 104 936 120 0.000182 9
259 176 271 196 0.000182 9
922 147 987 185 0.000181 9
465 145 582 206 0.000181 9
1097 168 1121 205 0.000181 9
985 343 1009 361 0.000180 9
701 119 719 154 0.000180 9
1156 161 1200 186 0.000180 9
702 119 720 155 0.000179 9
1074 159 1099 202 0.000179 9
931 338 944 359 0.000179 9
579 64 598 111 0.000179 9
799 590 808 616 0.000178 9
309 84 333 157 0.000178 9
761 109 844 155 0.000177 9
1151 103 1170 134 0.000177 9
710 336 757 376 0.000176 9
734 120 752 156 0.000176 9
1122 142 1136 152 0.000175 9
919 168 962 186 0.000175 9
592 64 641 108 0.000175 9
639 159 657 194 0.000175 9
1016 160 1033 185 0.000174 9
478 168 534 216 0.000174 9
959 148 989 169 0.000173 9
925 336 1007 395 0.000173 9
290 175 309 198 0.000172 9
188 181 225 224 0.000172 9
700 117 752 156 0.000171 9
651 152 671 175 0.000169 9
575 64 596 92 0.000169 9
119 64 164 89 0.000169 9
1149 104 1169 135 0.000169 9
928 342 954 380 0.000167 9
996 557 1017 585 0.000165 9
575 279 598 350 0.000165 9
886 118 914 139 0.000165 9
781 113 838 157 0.000164 9
373 150 383 170 0.000164 9
663 293 683 348 0.000163 9
1111 158 1183 186 0.000163 9
374 162 408 185 0.000163 9
815 341 832 376 0.000163 9
1040 183 1051 200 0.000162 9
701 122 717 158 0.000162 9
980 313 992 335 0.000162 9
375 162 408 184 0.000161 9
1002 159 1061 187 0.000161 9
1086 141 1129 178 0.000161 9
479 169 516 196 0.000160 9
645 157 657 177 0.000160 9
1025 158 1042 169 0.000159 9
700 117 720 155 0.000158 9
932 342 960 381 0.000156 9
1137 127 1199 178 0.000156 9
255 110 263 127 0.000155 9
309 109 325 157 0.000155 9
1255 630 1263 640 0.000154 9
1207 125 1232 170 0.000154 9
1150 95 1204 137 0.000154 9
1161 151 1200 186 0.000153 9
479 335 496 358 0.000153 9
192 192 209 219 0.000152 9
686 125 708 187 0.000152 9
702 117 751 130 0.000152 9
576 75 584 103 0.000152 9
896 136 938 152 0.000151 9
1150 102 1169 134 0.000150 9
566 142 581 162 0.000150 9
1087 673 1104 703 0.000149 9
382 149 404 164 0.000149 9
927 357 955 389 0.000149 9
880 119 907 139 0.000147 9
1017 156 1059 184 0.000147 9
1030 647 1041 686 0.000147 9
815 150 854 165 0.000147 9
444 159 478 204 0.000146 9
1063 132 1104 190 0.000146 9
312 90 361 164 0.000146 9
1041 110 1114 201 0.000146 9
1063 141 1103 186 0.000146 9
352 158 364 190 0.000146 9
111 135 127 164 0.000144 9
39 311 59 344 0.000144 9
799 591 807 615 0.000144 9
39 312 59 345 0.000143 9
654 150 671 174 0.000143 9
888 557 897 594 0.000143 9
941 341 956 363 0.000143 9
679 123 691 168 0.000142 9
717 118 752 156 0.000142 9
999 126 1007 138 0.000142 9
648 152 670 184 0.000142 9
575 276 597 347 0.000141 9
923 338 987 389 0.000140 9
66 169 81 179 0.000140 9
464 184 474 211 0.000140 9
594 135 614 171 0.000139 9
1208 161 1252 183 0.000139 9
350 146 380 190 0.000139 9
971 160 985 169 0.000138 9
49 184 64 206 0.000137 9
816 566 825 589 0.000137 9
257 144 270 180 0.000137 9
208 179 252 214 0.000136 9
95 151 112 176 0.000136 9
1124 162 1137 180 0.000136 9
947 119 960 139 0.000135 9
1111 140 1136 164 0.000135 9
904 97 941 120 0.000135 9
227 162 247 184 0.000135 9
95 155 110 177 0.000135 9
726 118 753 156 0.000135 9
1007 173 1016 184 0.000135 9
910 334 1023 401 0.000134 9
928 149 991 183 0.000134 9
350 155 412 199 0.000134 9
829 135 925 164 0.000133 9
664 276 705 350 0.000131 9
923 103 936 120 0.000131 9
1154 143 1194 175 0.000131 9
1150 97 1203 136 0.000131 9
575 73 582 96 0.000129 9
432 170 447 183 0.000129 9
575 276 598 323 0.000129 9
471 190 481 203 0.000129 9
381 149 399 161 0.000129 9
959 159 985 169 0.000129 9
855 634 863 648 0.000128 9
987 130 1010 190 0.000128 9
308 107 330 183 0.000128 9
363 149 411 186 0.000128 9
170 147 178 168 0.000128 9
1072 132 1102 180 0.000128 9
587 64 626 107 0.000128 9
903 67 944 119 0.000127 9
1086 678 1104 703 0.000126 9
990 122 1000 167 0.000125 9
254 96 268 127 0.000125 9
322 91 340 154 0.000125 9
1101 145 1140 176 0.000125 9
817 353 832 375 0.000124 9
1145 162 1198 185 0.000123 9
214 161 234 177 0.000123 9
947 332 961 346 0.000122 9
191 180 203 216 0.000121 9
985 134 1018 177 0.000121 9
905 100 940 120 0.000121 9
832 118 844 133 0.000121 9
1136 97 1206 179 0.000120 9
1099 121 1136 167 0.000120 9
1071 150 1097 204 0.000120 9
999 181 1009 206 0.000119 9
968 177 985 206 0.000119 9
953 161 993 188 0.000119 9
751 678 762 696 0.000118 9
1015 130 1025 152 0.000117 9
1024 645 1048 703 0.000117 9
833 135 943 155 0.000117 9
986 678 1024 703 0.000117 9
445 157 491 224 0.000117 9
1095 375 1104 392 0.000116 9
679 137 691 187 0.000116 9
191 176 258 233 0.000115 9
699 142 711 179 0.000115 9
894 624 906 650 0.000115 9
650 150 671 175 0.000115 9
162 64 203 96 0.000115 9
413 176 422 200 0.000114 9
511 149 547 181 0.000114 9
1046 645 1057 688 0.000113 9
927 359 940 380 0.000113 9
979 653 1000 681 0.000113 9
1130 100 1197 172 0.000113 9
432 171 446 195 0.000113 9
945 326 961 343 0.000111 9
1198 124 1232 189 0.000111 9
1231 102 1249 160 0.000111 9
926 343 954 380 0.000110 9
260 196 270 205 0.000110 9
1132 99 1203 176 0.000110 9
979 678 1014 703 0.000110 9
701 118 725 155 0.000110 9
1208 124 1233 169 0.000108 9
702 122 720 156 0.000108 9
1146 135 1194 172 0.000108 9
575 279 597 330 0.000108 9
1206 96 1234 166 0.000108 9
1080 118 1106 175 0.000107 9
255 531 265 552 0.000107 9
1094 125 1127 167 0.000106 9
1230 100 1249 162 0.000106 9
606 679 646 703 0.000105 9
185 177 236 220 0.000105 9
807 630 816 656 0.000105 9
277 215 287 233 0.000104 9
186 149 199 168 0.000103 9
689 118 714 152 0.000103 9
1145 94 1203 161 0.000103 9
760 103 844 154 0.000103 9
165 64 207 98 0.000103 9
48 183 64 207 0.000103 9
652 166 670 202 0.000102 9
1150 146 1169 173 0.000102 9
575 274 602 331 0.000101 9
923 136 977 173 0.000100 9
1208 123 1232 163 0.000100 9
1056 114 1141 177 0.000100 9
1182 192 1198 216 0.007976 11
1181 190 1200 216 0.004813 11
1181 172 1201 216 0.004057 11
1182 197 1196 216 0.003345 11
1053 110 1084 147 0.003240 11
1180 166 1202 216 0.002865 11
1052 110 1084 147 0.001771 11
1182 191 1200 217 0.001363 11
1055 114 1076 134 0.000813 11
1054 113 1082 147 0.000423 11
1179 190 1200 218 0.000192 11
1178 185 1201 217 0.000163 11
