922 190 954 253 0.634584 0
922 190 952 253 0.616563 0
1099 193 1122 258 0.610615 0
865 192 896 267 0.609978 0
773 196 802 271 0.597738 0
528 193 565 260 0.574840 0
1099 194 1123 259 0.567331 0
923 190 953 251 0.564302 0
923 190 951 253 0.550094 0
923 190 952 252 0.547938 0
923 190 955 253 0.539381 0
1099 196 1121 258 0.527828 0
773 196 803 273 0.508968 0
1099 192 1123 259 0.481856 0
772 196 802 276 0.408331 0
1099 195 1122 256 0.397874 0
178 198 190 227 0.373031 0
178 199 190 227 0.361170 0
772 196 803 270 0.353564 0
530 194 565 260 0.294601 0
527 192 565 269 0.283884 0
527 192 565 273 0.279240 0
528 193 565 279 0.241307 0
923 193 955 250 0.206714 0
774 196 808 275 0.203441 0
178 198 190 227 0.170476 0
527 192 566 282 0.158659 0
532 194 564 260 0.152080 0
848 192 896 268 0.122453 0
222 203 240 252 0.099513 0
1091 195 1121 258 0.097738 0
221 203 240 264 0.096064 0
222 202 237 240 0.092806 0
222 202 239 240 0.092261 0
221 202 241 264 0.090501 0
221 203 242 264 0.089463 0
531 196 565 259 0.084367 0
222 203 238 243 0.083644 0
864 192 895 265 0.081329 0
222 202 239 241 0.072834 0
221 202 240 261 0.070511 0
177 200 190 229 0.066972 0
222 201 236 234 0.062334 0
717 211 728 234 0.054840 0
718 211 728 234 0.052017 0
222 201 238 235 0.051128 0
775 202 801 265 0.045904 0
534 196 564 259 0.044855 0
198 208 207 227 0.043169 0
198 206 207 226 0.039325 0
525 192 567 265 0.037058 0
198 209 207 226 0.035352 0
1016 205 1024 223 0.034122 0
1088 196 1123 267 0.034095 0
219 203 241 263 0.032397 0
1098 192 1131 262 0.031941 0
714 209 727 234 0.031225 0
848 193 897 270 0.030949 0
212 191 223 227 0.030758 0
923 190 948 250 0.029428 0
937 192 956 219 0.028414 0
528 191 568 393 0.026829 0
1038 203 1051 229 0.026754 0
527 192 568 371 0.026503 0
1038 203 1051 229 0.026331 0
1072 485 1080 499 0.024268 0
1012 206 1024 227 0.023436 0
213 184 225 226 0.021578 0
1038 197 1052 229 0.021002 0
214 184 225 224 0.020317 0
212 189 223 227 0.020013 0
614 151 631 170 0.019899 0
865 205 897 267 0.019655 0
708 210 728 234 0.019092 0
1097 197 1120 254 0.018816 0
158 204 172 234 0.018291 0
213 183 226 227 0.018050 0
691 207 705 237 0.017414 0
691 207 704 236 0.016960 0
607 150 632 178 0.016613 0
771 195 811 276 0.015868 0
864 440 875 454 0.015797 0
613 151 633 170 0.015614 0
613 150 634 172 0.015515 0
516 191 524 211 0.015233 0
511 191 524 213 0.014528 0
157 204 172 238 0.014504 0
897 206 905 219 0.014449 0
510 192 519 216 0.014421 0
223 200 238 224 0.014193 0
223 200 235 224 0.013955 0
158 204 171 237 0.013918 0
613 151 634 171 0.013571 0
751 463 760 472 0.013161 0
613 151 633 170 0.012951 0
1146 310 1168 345 0.012822 0
815 210 826 236 0.012615 0
1046 484 1054 493 0.012610 0
1038 202 1051 229 0.012495 0
690 207 705 237 0.012356 0
845 202 857 241 0.012014 0
692 206 705 235 0.011829 0
509 193 518 217 0.011797 0
1099 197 1110 219 0.011739 0
1149 310 1168 345 0.011697 0
464 201 478 270 0.011681 0
1056 488 1065 497 0.011568 0
1038 203 1051 230 0.011459 0
608 150 634 182 0.011089 0
198 200 208 225 0.011062 0
213 196 224 228 0.010419 0
1072 489 1080 503 0.010361 0
527 191 570 289 0.010360 0
815 210 828 238 0.010208 0
789 329 809 344 0.010082 0
919 191 944 249 0.010070 0
691 208 704 238 0.009852 0
1046 484 1055 496 0.009808 0
845 201 856 240 0.009770 0
848 199 857 220 0.009606 0
465 200 477 250 0.009303 0
611 150 634 174 0.009237 0
789 330 809 344 0.009182 0
464 201 478 270 0.009038 0
966 373 979 390 0.009026 0
739 200 745 214 0.008998 0
198 208 208 229 0.008876 0
214 183 232 220 0.008644 0
609 150 634 183 0.008597 0
864 441 875 454 0.008498 0
463 199 478 271 0.008467 0
701 209 729 235 0.008379 0
604 151 633 182 0.008334 0
890 206 907 239 0.008296 0
464 201 477 252 0.007769 0
886 471 895 485 0.007731 0
1200 503 1209 512 0.007712 0
1 64 252 212 0.007648 0
1082 193 1124 266 0.007624 0
848 200 856 225 0.007578 0
606 150 633 180 0.007516 0
575 424 583 432 0.007500 0
1159 198 1169 217 0.007331 0
918 191 943 249 0.007042 0
220 203 242 279 0.006950 0
670 207 679 230 0.006939 0
528 193 574 282 0.006932 0
696 206 728 234 0.006888 0
1159 198 1169 217 0.006872 0
991 455 999 463 0.006855 0
633 201 642 215 0.006853 0
815 210 827 239 0.006823 0
603 151 635 197 0.006783 0
511 191 526 240 0.006776 0
690 207 729 235 0.006709 0
1215 199 1228 233 0.006661 0
751 462 762 473 0.006629 0
611 150 634 171 0.006593 0
846 199 867 241 0.006593 0
670 207 678 229 0.006559 0
516 191 526 213 0.006536 0
319 203 331 231 0.006526 0
1207 504 1217 512 0.006506 0
465 201 478 255 0.006500 0
1147 310 1168 347 0.006448 0
771 201 798 262 0.006389 0
462 198 479 300 0.006377 0
1147 310 1168 345 0.006367 0
1 64 233 211 0.006311 0
158 202 174 238 0.006245 0
158 204 172 232 0.006155 0
1261 197 1274 212 0.006128 0
768 204 806 282 0.006104 0
610 150 635 200 0.005903 0
465 201 478 249 0.005899 0
1104 201 1132 256 0.005884 0
1072 484 1081 499 0.005731 0
1016 457 1024 465 0.005686 0
1038 201 1053 229 0.005661 0
159 203 173 236 0.005607 0
924 190 955 252 0.005548 0
846 204 867 242 0.005488 0
0 64 224 208 0.005433 0
612 150 638 178 0.005413 0
1145 310 1169 345 0.005397 0
832 480 840 489 0.005382 0
1047 483 1054 489 0.005377 0
1190 495 1200 504 0.005349 0
159 204 173 234 0.005340 0
1215 199 1227 230 0.005255 0
690 207 704 237 0.005251 0
671 207 679 230 0.005245 0
783 326 816 392 0.005201 0
560 177 579 215 0.005138 0
982 206 994 227 0.005071 0
990 680 1014 703 0.005031 0
1038 201 1053 230 0.004896 0
465 200 472 217 0.004826 0
528 198 583 393 0.004783 0
516 191 530 240 0.004688 0
864 439 879 455 0.004573 0
463 200 478 271 0.004535 0
980 206 995 228 0.004481 0
210 193 224 228 0.004393 0
1 64 193 212 0.004332 0
680 451 688 464 0.004290 0
212 196 235 260 0.004276 0
982 209 994 227 0.004236 0
893 205 911 241 0.004210 0
1032 454 1040 464 0.004144 0
1271 199 1279 249 0.004107 0
375 185 385 201 0.004095 0
896 473 907 484 0.004086 0
772 205 798 261 0.004082 0
840 503 847 511 0.004082 0
1 64 278 212 0.004073 0
612 151 642 182 0.004064 0
924 190 948 222 0.004063 0
989 680 1017 703 0.004059 0
367 207 376 224 0.004048 0
888 208 907 240 0.004043 0
1214 201 1228 233 0.003998 0
213 198 226 242 0.003971 0
913 455 928 484 0.003912 0
916 473 928 486 0.003894 0
739 200 745 214 0.003893 0
1080 191 1123 267 0.003881 0
831 692 847 703 0.003802 0
1072 498 1081 510 0.003756 0
792 199 803 220 0.003754 0
1183 497 1222 514 0.003752 0
214 183 227 199 0.003749 0
1112 503 1120 509 0.003725 0
213 199 229 258 0.003693 0
1007 456 1015 465 0.003675 0
367 207 376 227 0.003657 0
1252 197 1273 232 0.003627 0
0 64 59 212 0.003555 0
465 201 473 225 0.003514 0
921 192 944 246 0.003502 0
683 201 691 214 0.003463 0
832 687 850 703 0.003457 0
845 213 856 242 0.003450 0
1271 198 1279 235 0.003449 0
1241 453 1259 480 0.003440 0
1271 200 1279 250 0.003414 0
1000 384 1014 399 0.003401 0
1245 459 1262 503 0.003387 0
1031 491 1039 503 0.003378 0
751 461 767 472 0.003369 0
1010 215 1024 230 0.003330 0
991 206 998 223 0.003292 0
1120 220 1133 250 0.003275 0
210 194 223 228 0.003240 0
1015 389 1022 401 0.003208 0
680 198 692 216 0.003183 0
1273 203 1279 249 0.003168 0
350 315 368 388 0.003165 0
891 206 910 240 0.003141 0
832 504 840 511 0.003140 0
221 211 241 264 0.003133 0
1216 200 1230 233 0.003110 0
1215 199 1229 231 0.003106 0
517 191 526 201 0.003101 0
787 329 813 393 0.003087 0
1118 219 1133 250 0.003077 0
1240 197 1248 223 0.003069 0
615 447 624 460 0.003064 0
1261 197 1274 222 0.003054 0
1072 461 1079 471 0.003005 0
879 472 892 485 0.003002 0
991 448 999 457 0.002987 0
507 191 530 247 0.002971 0
212 204 227 259 0.002970 0
1272 202 1279 249 0.002965 0
866 192 883 221 0.002957 0
1046 411 1057 425 0.002951 0
1134 445 1142 466 0.002907 0
0 64 306 216 0.002905 0
317 64 494 205 0.002880 0
1000 384 1018 400 0.002871 0
1119 441 1131 474 0.002870 0
1217 198 1226 214 0.002866 0
196 196 207 224 0.002838 0
990 679 1019 703 0.002837 0
95 257 113 312 0.002836 0
1038 197 1053 230 0.002830 0
988 679 1017 704 0.002825 0
1054 486 1068 498 0.002797 0
375 185 385 200 0.002789 0
911 455 928 486 0.002752 0
831 684 850 703 0.002746 0
1217 200 1229 232 0.002730 0
1040 455 1047 464 0.002719 0
710 212 728 236 0.002710 0
808 209 829 239 0.002691 0
1119 442 1128 475 0.002688 0
528 194 544 235 0.002681 0
968 455 976 463 0.002652 0
95 254 115 312 0.002640 0
1185 502 1200 512 0.002631 0
1231 453 1263 510 0.002615 0
350 312 368 387 0.002608 0
888 472 897 486 0.002586 0
820 214 854 240 0.002573 0
794 199 805 228 0.002535 0
1251 502 1264 516 0.002533 0
98 252 113 312 0.002530 0
680 449 688 462 0.002525 0
917 201 941 249 0.002521 0
911 473 928 487 0.002504 0
982 209 996 237 0.002503 0
770 231 785 264 0.002490 0
534 206 562 281 0.002477 0
862 433 877 454 0.002473 0
866 192 880 219 0.002430 0
848 198 873 224 0.002430 0
1244 459 1258 481 0.002413 0
526 196 540 237 0.002400 0
853 463 865 476 0.002368 0
157 195 172 234 0.002335 0
212 182 230 225 0.002319 0
832 683 850 703 0.002306 0
1071 483 1080 499 0.002303 0
1045 410 1056 424 0.002285 0
97 271 113 312 0.002255 0
832 465 839 473 0.002242 0
350 188 357 199 0.002227 0
94 277 111 312 0.002225 0
478 194 486 216 0.002220 0
0 64 47 216 0.002209 0
94 248 113 312 0.002174 0
604 162 617 182 0.002172 0
1246 460 1264 484 0.002170 0
1136 446 1143 457 0.002159 0
990 210 998 226 0.002135 0
839 201 856 240 0.002135 0
609 447 624 461 0.002129 0
862 433 871 446 0.002106 0
209 183 227 228 0.002106 0
1196 496 1211 507 0.002101 0
95 276 111 312 0.002094 0
794 200 806 234 0.002073 0
1216 205 1232 234 0.002048 0
999 387 1010 399 0.002040 0
882 199 905 217 0.002035 0
95 273 112 312 0.002025 0
1230 459 1247 497 0.002019 0
508 191 530 245 0.002014 0
836 502 844 510 0.002014 0
1002 383 1023 402 0.002009 0
787 194 800 214 0.001996 0
1144 310 1169 345 0.001994 0
750 455 763 472 0.001988 0
98 257 113 312 0.001988 0
1250 198 1271 234 0.001969 0
871 194 888 225 0.001967 0
505 191 566 257 0.001967 0
97 247 116 312 0.001966 0
1000 386 1020 400 0.001962 0
831 685 851 703 0.001959 0
974 210 985 226 0.001948 0
96 276 112 312 0.001941 0
156 206 172 241 0.001939 0
346 185 353 199 0.001938 0
611 151 641 184 0.001930 0
1238 451 1252 473 0.001924 0
211 204 241 262 0.001921 0
1176 494 1185 504 0.001917 0
750 463 760 477 0.001914 0
1144 315 1168 345 0.001912 0
246 195 255 214 0.001906 0
266 197 272 211 0.001902 0
848 202 869 222 0.001901 0
569 425 577 432 0.001899 0
216 213 241 264 0.001897 0
565 200 577 215 0.001887 0
604 160 618 181 0.001875 0
1180 163 1203 218 0.001858 0
1238 453 1258 485 0.001850 0
783 330 816 392 0.001848 0
574 181 581 202 0.001842 0
682 198 692 215 0.001836 0
266 200 273 231 0.001833 0
1119 440 1138 476 0.001825 0
1099 191 1123 222 0.001805 0
878 155 892 174 0.001795 0
555 197 568 216 0.001784 0
471 199 479 215 0.001782 0
1231 457 1240 468 0.001779 0
635 191 655 213 0.001773 0
241 194 256 216 0.001772 0
306 64 497 206 0.001766 0
789 329 810 345 0.001759 0
1119 442 1130 472 0.001748 0
375 184 387 206 0.001742 0
889 207 913 241 0.001741 0
814 212 830 239 0.001736 0
681 199 690 216 0.001734 0
470 203 478 219 0.001734 0
1045 410 1057 449 0.001733 0
1028 482 1040 491 0.001721 0
462 200 480 304 0.001713 0
981 209 1005 247 0.001707 0
846 205 871 258 0.001703 0
1246 461 1265 501 0.001702 0
817 213 837 239 0.001699 0
983 445 992 455 0.001697 0
1204 496 1215 505 0.001692 0
1120 441 1136 472 0.001678 0
213 182 236 230 0.001677 0
9 64 339 213 0.001673 0
1231 457 1241 471 0.001654 0
1 64 344 220 0.001646 0
975 211 998 254 0.001645 0
1258 197 1276 236 0.001645 0
213 210 235 262 0.001637 0
783 333 815 392 0.001632 0
1253 198 1279 269 0.001632 0
1209 168 1228 219 0.001622 0
1107 192 1124 220 0.001610 0
243 194 255 216 0.001589 0
1119 440 1135 472 0.001587 0
154 202 172 237 0.001582 0
1240 197 1256 233 0.001580 0
833 679 851 703 0.001562 0
867 333 882 343 0.001545 0
1128 502 1137 509 0.001534 0
1145 325 1162 344 0.001528 0
1063 207 1079 234 0.001504 0
100 249 113 311 0.001501 0
1095 500 1104 511 0.001501 0
806 328 817 344 0.001487 0
790 329 818 344 0.001480 0
991 196 1002 220 0.001469 0
1128 447 1134 456 0.001458 0
207 394 224 414 0.001456 0
896 326 903 343 0.001446 0
1273 204 1279 254 0.001440 0
541 195 564 218 0.001427 0
848 187 857 218 0.001421 0
989 678 1012 703 0.001411 0
859 426 885 455 0.001406 0
506 191 535 248 0.001399 0
870 192 887 220 0.001398 0
831 683 856 703 0.001395 0
809 496 816 504 0.001391 0
1119 312 1131 341 0.001369 0
1175 497 1185 511 0.001369 0
664 449 672 462 0.001365 0
505 191 528 247 0.001361 0
119 64 230 93 0.001356 0
332 183 343 199 0.001342 0
351 325 368 388 0.001336 0
576 447 592 458 0.001328 0
1037 482 1057 496 0.001320 0
1023 484 1040 497 0.001320 0
345 180 353 199 0.001316 0
778 196 813 275 0.001314 0
570 179 581 202 0.001313 0
0 64 17 210 0.001300 0
1119 313 1133 343 0.001299 0
1077 191 1092 207 0.001298 0
799 440 808 449 0.001289 0
322 64 437 209 0.001270 0
477 199 485 216 0.001270 0
1250 204 1265 233 0.001268 0
367 207 376 232 0.001265 0
319 64 494 276 0.001260 0
265 214 275 231 0.001259 0
1259 199 1279 270 0.001249 0
751 455 768 472 0.001246 0
715 208 735 235 0.001241 0
1251 198 1279 260 0.001240 0
897 421 904 440 0.001239 0
1041 409 1057 458 0.001235 0
208 199 223 227 0.001229 0
157 64 260 222 0.001228 0
994 205 1009 226 0.001227 0
331 184 342 199 0.001219 0
905 336 923 347 0.001212 0
862 464 873 478 0.001211 0
242 196 256 235 0.001210 0
240 194 255 236 0.001205 0
823 544 833 578 0.001205 0
781 326 817 392 0.001200 0
863 334 876 343 0.001200 0
348 64 438 210 0.001197 0
1215 182 1223 202 0.001197 0
1007 430 1014 440 0.001187 0
895 327 902 343 0.001185 0
1112 192 1127 219 0.001170 0
1237 196 1255 233 0.001169 0
1152 198 1169 217 0.001164 0
862 195 897 268 0.001160 0
207 395 224 415 0.001153 0
314 192 334 231 0.001150 0
1225 503 1239 511 0.001148 0
824 462 832 472 0.001148 0
381 64 498 235 0.001147 0
795 201 806 233 0.001146 0
222 202 246 298 0.001144 0
911 452 934 485 0.001139 0
511 183 522 203 0.001131 0
1188 209 1236 264 0.001128 0
153 205 171 241 0.001128 0
1154 426 1168 456 0.001121 0
193 201 207 227 0.001120 0
535 209 562 260 0.001119 0
743 193 803 271 0.001118 0
1258 197 1279 268 0.001117 0
1191 214 1203 228 0.001114 0
686 202 700 234 0.001111 0
848 190 882 222 0.001110 0
914 455 926 464 0.001107 0
479 186 489 212 0.001106 0
1208 507 1215 517 0.001106 0
314 64 433 213 0.001105 0
369 65 497 216 0.001100 0
716 201 736 235 0.001096 0
910 472 930 489 0.001095 0
739 200 748 215 0.001092 0
1229 464 1258 510 0.001089 0
906 336 926 350 0.001087 0
1044 278 1059 295 0.001086 0
157 199 175 231 0.001084 0
904 336 923 348 0.001082 0
1135 344 1142 359 0.001079 0
976 680 1012 703 0.001078 0
789 330 810 357 0.001077 0
430 218 439 228 0.001076 0
960 455 969 463 0.001074 0
896 441 904 456 0.001070 0
520 197 537 243 0.001067 0
329 64 435 210 0.001061 0
1208 196 1228 230 0.001060 0
882 324 896 343 0.001058 0
0 187 5 203 0.001053 0
864 192 891 260 0.001050 0
534 198 561 260 0.001043 0
215 201 254 269 0.001040 0
1120 312 1128 328 0.001030 0
802 686 816 703 0.001029 0
1159 425 1168 441 0.001025 0
805 208 828 237 0.001025 0
307 64 496 220 0.001023 0
615 178 651 209 0.001022 0
526 202 555 259 0.001022 0
687 453 695 464 0.001020 0
217 215 242 298 0.001018 0
882 326 896 344 0.001017 0
608 447 624 462 0.001016 0
862 327 881 343 0.001014 0
350 185 358 199 0.001014 0
1203 165 1218 208 0.001013 0
1058 213 1086 247 0.001013 0
1139 233 1158 245 0.001009 0
275 199 287 232 0.001008 0
867 327 882 343 0.001002 0
847 464 859 476 0.001000 0
960 440 967 454 0.000988 0
193 195 206 224 0.000985 0
287 191 324 370 0.000984 0
877 435 887 456 0.000984 0
385 197 397 206 0.000979 0
783 329 817 393 0.000974 0
1013 423 1025 440 0.000974 0
1087 487 1099 499 0.000973 0
351 334 368 387 0.000971 0
1207 167 1231 234 0.000968 0
159 64 258 210 0.000967 0
351 312 368 388 0.000967 0
1247 198 1256 233 0.000965 0
1092 451 1104 472 0.000959 0
574 388 584 408 0.000954 0
270 196 280 213 0.000953 0
0 64 16 208 0.000948 0
1044 278 1060 295 0.000947 0
981 201 994 222 0.000945 0
991 207 1011 231 0.000945 0
113 235 129 311 0.000940 0
608 152 653 212 0.000939 0
1247 198 1260 234 0.000931 0
1152 438 1158 449 0.000921 0
579 424 593 435 0.000914 0
1249 205 1263 234 0.000909 0
1249 212 1265 233 0.000907 0
351 312 372 387 0.000907 0
1087 201 1106 234 0.000901 0
934 455 942 464 0.000900 0
317 64 640 214 0.000899 0
960 441 967 455 0.000896 0
351 328 368 388 0.000891 0
1083 458 1095 471 0.000888 0
1260 178 1279 267 0.000886 0
207 397 224 415 0.000881 0
1086 411 1104 469 0.000881 0
319 64 640 207 0.000881 0
734 326 744 340 0.000879 0
1071 191 1112 253 0.000877 0
1239 450 1248 470 0.000874 0
922 189 946 223 0.000866 0
785 198 808 258 0.000864 0
265 215 275 231 0.000860 0
1235 197 1256 233 0.000854 0
1230 194 1256 234 0.000851 0
415 251 420 270 0.000850 0
616 424 623 433 0.000850 0
0 64 97 209 0.000846 0
1089 448 1104 471 0.000840 0
1225 178 1258 234 0.000839 0
354 64 497 211 0.000836 0
0 64 55 210 0.000815 0
265 193 273 207 0.000804 0
1070 456 1094 471 0.000801 0
1183 496 1201 510 0.000800 0
23 64 343 210 0.000794 0
777 313 811 345 0.000794 0
832 467 851 479 0.000794 0
775 196 799 231 0.000793 0
98 236 128 312 0.000793 0
810 194 857 241 0.000793 0
317 64 640 326 0.000786 0
351 65 437 208 0.000786 0
802 417 808 424 0.000784 0
207 392 224 413 0.000780 0
879 331 887 343 0.000778 0
1248 204 1279 256 0.000776 0
879 322 895 343 0.000773 0
925 447 934 456 0.000769 0
726 324 738 344 0.000765 0
680 383 688 395 0.000756 0
1224 452 1233 471 0.000754 0
311 64 368 196 0.000754 0
1068 194 1094 229 0.000744 0
764 197 785 231 0.000743 0
1119 439 1153 473 0.000741 0
207 394 224 414 0.000740 0
1132 442 1150 475 0.000731 0
305 64 492 212 0.000731 0
1152 202 1165 217 0.000728 0
1087 456 1096 471 0.000727 0
805 412 815 423 0.000727 0
867 435 889 457 0.000726 0
240 215 250 239 0.000726 0
892 198 937 246 0.000724 0
1088 199 1101 220 0.000724 0
826 495 832 511 0.000723 0
1086 410 1104 459 0.000723 0
453 201 478 272 0.000714 0
804 184 815 198 0.000714 0
220 223 241 297 0.000714 0
551 198 564 215 0.000712 0
0 64 65 212 0.000711 0
1151 449 1162 466 0.000710 0
1075 198 1092 213 0.000709 0
704 320 714 377 0.000709 0
1014 478 1024 488 0.000702 0
803 184 815 210 0.000697 0
322 313 368 388 0.000695 0
1006 446 1019 460 0.000692 0
1071 456 1094 471 0.000689 0
830 679 846 703 0.000688 0
369 68 497 221 0.000687 0
789 318 818 345 0.000687 0
85 217 95 235 0.000686 0
1248 202 1279 269 0.000686 0
1230 460 1263 509 0.000686 0
879 433 887 448 0.000685 0
908 337 924 385 0.000683 0
1070 191 1094 224 0.000681 0
573 393 584 408 0.000679 0
862 437 882 479 0.000678 0
1072 457 1094 472 0.000678 0
896 425 904 442 0.000673 0
847 694 856 703 0.000672 0
802 440 816 452 0.000667 0
1247 423 1253 430 0.000667 0
0 64 31 208 0.000666 0
275 199 286 219 0.000665 0
1087 189 1096 206 0.000665 0
1032 481 1068 498 0.000661 0
1233 196 1257 234 0.000659 0
879 316 888 340 0.000655 0
1162 198 1179 217 0.000650 0
823 544 833 578 0.000649 0
1089 190 1116 223 0.000649 0
703 311 718 376 0.000648 0
311 64 437 213 0.000643 0
1125 440 1150 468 0.000643 0
866 459 880 478 0.000643 0
814 683 832 703 0.000642 0
255 64 365 196 0.000642 0
637 165 652 181 0.000642 0
740 200 748 215 0.000641 0
1073 428 1081 441 0.000641 0
201 196 226 252 0.000639 0
1144 309 1179 349 0.000637 0
774 205 795 235 0.000634 0
0 64 74 210 0.000634 0
1220 471 1233 484 0.000628 0
1151 447 1168 471 0.000626 0
498 192 568 262 0.000623 0
631 425 639 448 0.000622 0
574 427 593 459 0.000619 0
351 344 368 388 0.000619 0
119 64 339 208 0.000617 0
794 686 816 703 0.000616 0
271 198 283 231 0.000608 0
154 64 258 206 0.000608 0
366 204 382 220 0.000604 0
319 201 335 231 0.000604 0
1011 425 1025 440 0.000604 0
710 200 735 232 0.000602 0
738 465 747 474 0.000602 0
1263 73 1279 174 0.000598 0
329 64 493 365 0.000597 0
815 680 833 703 0.000597 0
288 64 495 203 0.000596 0
1144 328 1159 344 0.000594 0
796 685 817 703 0.000592 0
273 232 290 294 0.000592 0
1039 409 1048 427 0.000589 0
910 261 930 338 0.000589 0
824 545 832 577 0.000585 0
24 64 244 210 0.000584 0
223 392 240 408 0.000583 0
102 246 116 311 0.000581 0
896 416 905 437 0.000580 0
907 336 925 353 0.000578 0
1089 440 1104 471 0.000578 0
308 185 329 224 0.000577 0
861 693 881 703 0.000576 0
1099 329 1104 344 0.000574 0
309 64 492 365 0.000574 0
453 202 477 252 0.000573 0
221 226 241 297 0.000571 0
1118 314 1136 343 0.000566 0
269 186 280 211 0.000564 0
832 494 841 510 0.000562 0
1059 209 1083 243 0.000560 0
904 336 924 353 0.000560 0
321 65 452 357 0.000560 0
687 450 696 459 0.000559 0
783 340 815 391 0.000557 0
836 465 848 474 0.000557 0
982 440 993 455 0.000556 0
236 214 247 233 0.000556 0
453 199 479 282 0.000553 0
107 236 129 312 0.000553 0
248 190 325 383 0.000551 0
1226 195 1256 234 0.000551 0
863 421 881 455 0.000550 0
879 696 889 703 0.000548 0
1044 278 1063 295 0.000546 0
270 226 290 295 0.000545 0
1002 387 1023 409 0.000544 0
1079 430 1087 442 0.000543 0
1247 199 1274 264 0.000541 0
989 195 1013 225 0.000540 0
787 687 816 703 0.000539 0
894 438 903 454 0.000539 0
223 391 240 408 0.000537 0
666 206 678 230 0.000536 0
882 317 895 341 0.000536 0
105 238 128 311 0.000535 0
1263 67 1279 170 0.000532 0
602 366 624 407 0.000532 0
153 189 173 234 0.000531 0
846 465 864 479 0.000528 0
215 221 241 296 0.000527 0
0 64 41 330 0.000527 0
1119 319 1135 344 0.000526 0
783 193 801 213 0.000525 0
362 66 495 212 0.000524 0
428 221 440 239 0.000520 0
1006 423 1024 440 0.000519 0
301 185 326 233 0.000519 0
59 64 130 198 0.000519 0
533 215 562 276 0.000518 0
1247 332 1264 385 0.000516 0
1160 237 1170 247 0.000515 0
222 196 253 238 0.000513 0
317 64 368 182 0.000513 0
512 462 519 472 0.000512 0
665 207 679 231 0.000512 0
1223 504 1232 517 0.000511 0
782 196 798 221 0.000511 0
799 188 812 220 0.000506 0
908 338 925 388 0.000505 0
766 438 774 447 0.000504 0
375 184 397 204 0.000502 0
157 64 258 193 0.000502 0
1149 322 1170 359 0.000499 0
1151 444 1168 457 0.000499 0
1039 418 1048 435 0.000497 0
912 447 927 456 0.000495 0
0 68 16 211 0.000495 0
314 65 426 204 0.000494 0
1160 197 1177 218 0.000490 0
1086 410 1103 450 0.000487 0
681 385 688 398 0.000486 0
272 226 291 294 0.000482 0
1144 310 1176 347 0.000481 0
906 336 927 391 0.000476 0
254 64 337 199 0.000474 0
319 65 638 279 0.000474 0
1235 502 1248 510 0.000473 0
704 347 713 376 0.000471 0
1008 480 1019 489 0.000471 0
221 202 256 297 0.000469 0
31 214 40 228 0.000468 0
799 420 808 433 0.000466 0
637 165 656 208 0.000465 0
830 64 839 70 0.000464 0
640 673 672 703 0.000463 0
219 228 241 297 0.000463 0
122 64 336 228 0.000463 0
1039 413 1056 457 0.000463 0
799 423 809 449 0.000462 0
574 412 584 432 0.000461 0
0 64 76 218 0.000459 0
813 674 833 703 0.000459 0
1104 312 1112 326 0.000458 0
1098 330 1104 344 0.000458 0
238 214 252 240 0.000457 0
1200 254 1225 268 0.000456 0
1086 412 1103 453 0.000455 0
926 199 965 259 0.000453 0
631 424 639 437 0.000453 0
1179 344 1195 365 0.000451 0
855 276 864 296 0.000451 0
135 64 490 208 0.000451 0
888 421 898 438 0.000447 0
313 64 633 370 0.000444 0
1121 325 1135 343 0.000444 0
241 213 257 239 0.000444 0
578 371 608 408 0.000443 0
786 318 822 347 0.000443 0
330 64 436 194 0.000442 0
751 424 767 443 0.000441 0
1101 317 1121 344 0.000440 0
1039 404 1050 424 0.000440 0
815 675 833 703 0.000439 0
559 178 583 215 0.000438 0
1062 423 1085 443 0.000438 0
1094 439 1103 449 0.000437 0
0 178 5 203 0.000436 0
935 671 944 694 0.000436 0
907 261 931 313 0.000436 0
1077 334 1091 360 0.000436 0
856 431 865 440 0.000436 0
840 494 848 508 0.000436 0
1002 387 1023 421 0.000436 0
389 66 498 224 0.000433 0
318 64 431 196 0.000431 0
1090 491 1109 507 0.000430 0
55 64 135 202 0.000430 0
1180 344 1193 356 0.000428 0
118 64 350 199 0.000428 0
268 225 290 294 0.000428 0
344 64 497 214 0.000428 0
1179 209 1192 231 0.000427 0
850 694 868 703 0.000427 0
995 217 1008 237 0.000426 0
383 184 399 206 0.000425 0
144 190 203 230 0.000425 0
422 65 497 246 0.000422 0
573 363 608 408 0.000421 0
1152 303 1168 346 0.000421 0
191 392 224 416 0.000421 0
113 64 343 155 0.000420 0
1065 436 1088 456 0.000418 0
246 267 255 295 0.000418 0
209 182 228 215 0.000416 0
0 65 15 209 0.000416 0
902 326 915 344 0.000415 0
406 250 413 271 0.000414 0
1188 489 1201 504 0.000414 0
352 66 440 210 0.000414 0
877 436 903 486 0.000413 0
799 440 816 471 0.000413 0
334 312 368 389 0.000412 0
374 184 398 205 0.000412 0
1050 199 1071 233 0.000412 0
1253 576 1279 701 0.000411 0
833 678 856 703 0.000411 0
1039 417 1054 456 0.000411 0
1086 408 1104 469 0.000411 0
366 69 498 247 0.000407 0
255 64 337 185 0.000407 0
1152 427 1168 455 0.000407 0
1062 197 1077 227 0.000406 0
133 64 505 239 0.000404 0
294 193 321 283 0.000404 0
1222 454 1234 479 0.000404 0
99 246 126 312 0.000403 0
859 422 883 454 0.000402 0
111 392 132 425 0.000400 0
1177 213 1200 250 0.000400 0
255 64 326 169 0.000400 0
1103 313 1135 344 0.000400 0
0 155 7 203 0.000400 0
222 391 240 408 0.000399 0
1178 344 1193 359 0.000397 0
127 235 145 312 0.000397 0
1263 67 1279 173 0.000396 0
602 162 619 183 0.000396 0
1019 443 1041 464 0.000394 0
780 328 810 351 0.000394 0
814 688 835 703 0.000393 0
337 64 498 209 0.000392 0
746 458 771 479 0.000392 0
680 180 691 215 0.000391 0
99 64 509 243 0.000391 0
1209 195 1274 268 0.000390 0
815 456 828 476 0.000389 0
574 431 593 458 0.000389 0
291 195 321 282 0.000388 0
1158 192 1169 218 0.000387 0
1118 318 1136 386 0.000386 0
1173 213 1189 246 0.000386 0
51 64 129 200 0.000386 0
1261 171 1279 213 0.000384 0
773 433 784 447 0.000383 0
823 544 833 579 0.000382 0
718 329 741 367 0.000382 0
787 328 834 372 0.000381 0
751 424 767 441 0.000380 0
1011 445 1040 464 0.000380 0
954 696 976 703 0.000378 0
549 621 560 668 0.000378 0
656 424 665 437 0.000378 0
971 682 999 703 0.000377 0
1261 131 1279 182 0.000376 0
996 385 1023 422 0.000375 0
803 453 816 470 0.000374 0
1120 201 1134 230 0.000374 0
1062 435 1086 456 0.000374 0
440 209 446 218 0.000374 0
311 187 337 232 0.000374 0
264 225 291 295 0.000374 0
1077 333 1089 344 0.000372 0
124 64 490 204 0.000371 0
241 240 256 295 0.000371 0
254 65 327 179 0.000370 0
289 215 323 315 0.000370 0
1086 409 1104 449 0.000370 0
575 357 610 408 0.000370 0
104 246 128 264 0.000369 0
751 423 768 442 0.000369 0
214 239 240 276 0.000368 0
39 64 132 205 0.000367 0
878 439 894 480 0.000367 0
767 431 774 445 0.000366 0
991 191 1003 217 0.000366 0
1001 432 1007 440 0.000363 0
236 208 257 296 0.000363 0
1211 452 1226 472 0.000362 0
878 453 897 485 0.000362 0
773 423 785 441 0.000361 0
910 262 929 343 0.000360 0
964 444 976 456 0.000360 0
1008 442 1038 464 0.000360 0
234 177 256 225 0.000360 0
1112 461 1120 474 0.000359 0
664 182 673 216 0.000358 0
858 439 882 479 0.000357 0
290 215 322 315 0.000357 0
798 317 824 344 0.000356 0
1103 312 1135 344 0.000356 0
1120 326 1140 372 0.000354 0
1251 478 1279 702 0.000354 0
520 392 529 408 0.000354 0
1 64 341 265 0.000353 0
1038 446 1048 462 0.000352 0
765 204 782 231 0.000352 0
816 447 824 455 0.000352 0
154 184 175 233 0.000349 0
723 329 737 353 0.000349 0
998 384 1023 401 0.000348 0
574 369 587 407 0.000348 0
477 191 586 323 0.000347 0
126 64 480 200 0.000347 0
355 212 370 276 0.000347 0
801 441 816 468 0.000346 0
319 64 368 175 0.000346 0
1078 338 1090 360 0.000345 0
381 64 498 227 0.000345 0
300 64 477 368 0.000344 0
909 259 930 340 0.000344 0
320 311 370 388 0.000344 0
1056 424 1085 457 0.000344 0
801 184 839 239 0.000344 0
640 668 672 703 0.000343 0
274 247 290 294 0.000342 0
119 280 128 312 0.000342 0
989 447 1021 465 0.000342 0
307 64 611 374 0.000341 0
157 77 216 209 0.000339 0
661 454 673 471 0.000339 0
1105 328 1121 344 0.000337 0
736 448 743 457 0.000337 0
783 342 805 388 0.000336 0
335 316 367 389 0.000336 0
0 64 332 274 0.000336 0
976 691 987 703 0.000336 0
353 188 367 199 0.000334 0
722 341 737 371 0.000334 0
630 363 641 383 0.000333 0
703 350 713 377 0.000333 0
961 683 985 703 0.000332 0
254 66 340 214 0.000332 0
631 433 639 449 0.000330 0
999 384 1022 411 0.000330 0
669 302 696 375 0.000330 0
736 471 744 478 0.000330 0
528 192 593 270 0.000329 0
255 64 321 157 0.000329 0
198 248 210 279 0.000328 0
1052 197 1065 223 0.000328 0
988 439 1032 466 0.000327 0
735 384 745 402 0.000327 0
929 185 944 203 0.000327 0
994 384 1023 423 0.000327 0
848 693 883 703 0.000325 0
719 324 727 340 0.000325 0
765 187 786 230 0.000325 0
927 182 959 218 0.000324 0
155 188 175 234 0.000324 0
55 64 127 172 0.000322 0
884 442 900 456 0.000322 0
584 388 608 408 0.000321 0
266 205 277 232 0.000320 0
106 247 128 264 0.000320 0
719 318 734 330 0.000320 0
813 688 832 703 0.000320 0
1121 326 1137 344 0.000320 0
1187 193 1223 230 0.000319 0
591 407 602 423 0.000319 0
190 374 210 414 0.000318 0
1175 213 1183 223 0.000318 0
910 257 929 343 0.000318 0
319 243 336 370 0.000317 0
955 685 976 703 0.000317 0
239 241 256 296 0.000316 0
527 393 539 407 0.000316 0
805 408 815 423 0.000316 0
561 400 568 408 0.000316 0
750 462 761 497 0.000316 0
1059 420 1075 443 0.000315 0
1254 575 1279 699 0.000315 0
563 379 608 410 0.000315 0
246 275 256 296 0.000314 0
662 416 671 438 0.000314 0
119 276 128 312 0.000313 0
520 393 528 420 0.000312 0
951 368 976 461 0.000311 0
1261 105 1279 185 0.000311 0
381 184 399 205 0.000311 0
955 693 980 703 0.000310 0
307 65 481 367 0.000310 0
187 392 218 417 0.000309 0
159 64 262 205 0.000308 0
1184 507 1193 517 0.000308 0
274 225 290 279 0.000307 0
34 64 129 204 0.000306 0
0 395 32 459 0.000306 0
217 202 253 262 0.000304 0
239 234 257 296 0.000304 0
274 198 292 267 0.000304 0
990 184 1011 220 0.000303 0
503 580 512 616 0.000303 0
1263 74 1279 170 0.000303 0
366 204 384 231 0.000302 0
655 298 691 378 0.000302 0
1 64 81 207 0.000302 0
0 76 22 231 0.000301 0
778 410 783 415 0.000301 0
278 391 287 398 0.000300 0
1013 414 1024 427 0.000300 0
1029 357 1057 390 0.000299 0
1134 445 1155 471 0.000299 0
1207 166 1231 218 0.000299 0
1105 311 1135 340 0.000297 0
60 64 128 170 0.000297 0
314 65 556 368 0.000296 0
960 439 975 455 0.000296 0
1008 193 1054 229 0.000295 0
1100 322 1121 345 0.000294 0
738 462 761 472 0.000294 0
884 423 905 456 0.000292 0
987 679 1041 703 0.000292 0
782 327 810 345 0.000291 0
591 408 606 432 0.000290 0
533 230 563 281 0.000289 0
589 365 624 409 0.000288 0
932 438 944 454 0.000288 0
1008 513 1017 522 0.000287 0
550 627 560 672 0.000287 0
1263 622 1279 703 0.000287 0
0 144 8 204 0.000286 0
1111 503 1120 519 0.000285 0
1 64 274 248 0.000285 0
1251 479 1279 691 0.000285 0
934 675 944 695 0.000285 0
956 367 978 427 0.000285 0
240 172 325 385 0.000285 0
525 393 536 406 0.000284 0
1000 385 1022 407 0.000283 0
1120 200 1134 218 0.000283 0
349 323 368 388 0.000282 0
1264 617 1279 703 0.000281 0
245 265 257 322 0.000279 0
601 155 629 183 0.000279 0
14 64 134 208 0.000278 0
471 190 481 205 0.000277 0
811 686 834 703 0.000277 0
517 395 554 430 0.000277 0
96 238 128 311 0.000277 0
276 202 287 232 0.000276 0
1120 411 1127 425 0.000276 0
1102 313 1116 332 0.000276 0
1055 673 1062 690 0.000275 0
588 382 608 408 0.000274 0
1155 484 1192 507 0.000274 0
1135 443 1152 462 0.000274 0
988 678 1042 703 0.000274 0
127 234 145 313 0.000272 0
656 556 665 567 0.000272 0
1150 452 1165 478 0.000272 0
1016 320 1026 345 0.000272 0
103 64 212 205 0.000271 0
549 622 560 669 0.000271 0
996 359 1024 402 0.000271 0
1184 444 1189 456 0.000269 0
537 225 562 281 0.000269 0
496 409 536 432 0.000268 0
444 169 489 306 0.000267 0
111 391 128 403 0.000267 0
1026 420 1040 447 0.000267 0
936 427 944 442 0.000267 0
794 419 821 454 0.000266 0
1222 422 1231 432 0.000265 0
697 329 703 337 0.000265 0
19 64 520 263 0.000264 0
227 64 460 200 0.000264 0
320 304 373 387 0.000263 0
319 235 337 369 0.000261 0
191 184 209 226 0.000261 0
750 424 768 445 0.000261 0
655 208 682 233 0.000261 0
1239 420 1247 436 0.000261 0
210 226 240 264 0.000260 0
991 440 1003 456 0.000260 0
1144 307 1179 347 0.000260 0
608 144 636 172 0.000260 0
1255 575 1279 648 0.000260 0
1205 478 1279 702 0.000260 0
143 350 163 401 0.000259 0
773 190 786 226 0.000258 0
1080 404 1088 413 0.000258 0
0 139 29 289 0.000258 0
205 396 224 423 0.000257 0
632 676 672 703 0.000257 0
866 315 883 342 0.000257 0
658 314 675 370 0.000256 0
139 349 177 403 0.000255 0
515 406 529 425 0.000255 0
990 383 1019 443 0.000254 0
1152 64 1279 275 0.000253 0
1056 188 1064 202 0.000253 0
702 455 713 468 0.000253 0
1028 359 1045 388 0.000252 0
1263 64 1279 167 0.000252 0
1256 574 1279 643 0.000252 0
774 256 854 347 0.000252 0
1071 334 1096 403 0.000251 0
272 178 323 235 0.000251 0
751 310 767 344 0.000251 0
719 518 728 552 0.000250 0
57 65 212 204 0.000249 0
1206 166 1226 211 0.000249 0
183 374 210 415 0.000248 0
640 662 672 703 0.000248 0
579 325 617 401 0.000247 0
427 64 498 227 0.000247 0
0 64 125 209 0.000247 0
1231 423 1240 433 0.000247 0
1008 471 1019 478 0.000247 0
127 251 144 312 0.000246 0
197 251 209 293 0.000246 0
718 340 737 375 0.000246 0
783 673 835 704 0.000246 0
269 233 289 293 0.000246 0
909 266 929 345 0.000246 0
119 285 128 311 0.000245 0
734 378 748 399 0.000245 0
3 64 126 181 0.000244 0
909 338 926 394 0.000244 0
1086 408 1104 473 0.000244 0
0 82 45 222 0.000244 0
57 64 177 201 0.000242 0
707 316 721 348 0.000242 0
1260 617 1279 703 0.000242 0
18 64 127 197 0.000241 0
240 238 256 295 0.000241 0
895 336 925 386 0.000241 0
628 449 640 460 0.000241 0
269 68 351 199 0.000240 0
127 255 144 312 0.000240 0
1031 368 1048 391 0.000240 0
320 64 641 367 0.000240 0
932 441 944 457 0.000240 0
767 328 814 364 0.000240 0
49 64 507 257 0.000239 0
1006 412 1022 439 0.000239 0
203 64 463 211 0.000239 0
314 64 458 149 0.000238 0
1261 575 1279 643 0.000238 0
991 408 1001 433 0.000238 0
961 371 978 413 0.000237 0
946 330 962 371 0.000236 0
854 313 864 340 0.000236 0
767 378 776 392 0.000236 0
1103 330 1122 362 0.000236 0
1229 64 1279 168 0.000235 0
57 64 215 200 0.000235 0
720 317 740 331 0.000235 0
1077 335 1105 361 0.000235 0
885 412 899 443 0.000235 0
901 336 925 351 0.000234 0
211 73 329 218 0.000233 0
0 216 16 401 0.000233 0
703 316 718 373 0.000233 0
915 438 937 455 0.000233 0
1260 67 1279 276 0.000233 0
1065 171 1262 266 0.000233 0
0 70 39 285 0.000233 0
309 66 427 210 0.000233 0
772 183 784 202 0.000232 0
415 174 423 203 0.000232 0
0 509 98 700 0.000231 0
1226 65 1279 268 0.000231 0
239 245 256 296 0.000230 0
687 352 694 360 0.000229 0
157 112 212 217 0.000229 0
192 186 202 213 0.000228 0
125 375 144 427 0.000228 0
245 256 256 320 0.000228 0
910 339 928 403 0.000228 0
734 458 764 504 0.000228 0
783 344 792 362 0.000227 0
1130 439 1153 465 0.000227 0
1164 471 1182 480 0.000227 0
986 672 1042 703 0.000226 0
58 64 198 200 0.000226 0
1155 452 1168 478 0.000226 0
104 249 128 264 0.000226 0
550 623 560 671 0.000225 0
895 455 914 482 0.000225 0
1244 397 1254 429 0.000225 0
144 349 161 400 0.000225 0
784 366 814 392 0.000225 0
1259 576 1279 647 0.000225 0
710 428 720 442 0.000224 0
719 432 726 439 0.000224 0
364 184 374 200 0.000223 0
401 64 498 155 0.000223 0
318 64 425 183 0.000223 0
1032 411 1040 427 0.000223 0
703 313 735 363 0.000223 0
993 380 1014 406 0.000222 0
799 452 816 471 0.000222 0
1114 189 1135 219 0.000221 0
528 193 593 259 0.000221 0
121 64 258 191 0.000221 0
1255 576 1279 651 0.000220 0
111 392 128 403 0.000220 0
833 691 884 703 0.000219 0
720 337 765 401 0.000219 0
338 64 497 153 0.000218 0
664 414 671 428 0.000218 0
107 67 213 212 0.000218 0
1254 562 1279 697 0.000218 0
1072 146 1278 279 0.000218 0
343 64 496 98 0.000218 0
1028 360 1052 390 0.000217 0
438 399 446 408 0.000217 0
686 303 706 373 0.000217 0
128 410 143 433 0.000217 0
991 419 1000 435 0.000216 0
651 190 664 216 0.000216 0
644 664 673 704 0.000216 0
0 139 23 321 0.000216 0
7 65 79 212 0.000215 0
143 349 174 401 0.000215 0
923 347 952 401 0.000215 0
676 349 690 374 0.000215 0
212 392 241 409 0.000215 0
198 248 211 264 0.000214 0
1084 347 1095 360 0.000214 0
97 257 126 312 0.000214 0
143 348 177 426 0.000213 0
427 64 498 134 0.000213 0
929 348 960 391 0.000213 0
953 673 1015 703 0.000212 0
880 415 887 427 0.000211 0
642 663 672 704 0.000211 0
493 409 530 430 0.000210 0
982 481 992 487 0.000210 0
155 117 252 235 0.000210 0
255 64 348 173 0.000209 0
968 661 1011 704 0.000209 0
847 685 883 703 0.000209 0
316 64 443 173 0.000208 0
1208 198 1280 304 0.000208 0
862 390 881 460 0.000208 0
908 339 943 400 0.000208 0
690 339 704 370 0.000208 0
165 394 225 418 0.000207 0
111 212 123 240 0.000207 0
791 272 851 346 0.000206 0
1248 423 1262 445 0.000206 0
900 321 928 346 0.000205 0
7 64 140 211 0.000205 0
595 366 624 405 0.000205 0
574 394 587 436 0.000205 0
802 418 818 435 0.000205 0
59 64 176 80 0.000205 0
0 594 17 704 0.000205 0
0 402 9 451 0.000205 0
211 229 242 298 0.000204 0
170 64 258 151 0.000203 0
321 200 353 263 0.000203 0
0 64 134 201 0.000203 0
982 670 1016 704 0.000203 0
898 420 913 440 0.000203 0
48 64 127 166 0.000202 0
0 237 22 410 0.000202 0
0 396 33 455 0.000201 0
307 153 345 227 0.000201 0
593 407 608 424 0.000201 0
908 265 930 346 0.000201 0
545 593 561 666 0.000201 0
848 686 882 703 0.000201 0
1260 611 1279 703 0.000200 0
639 543 649 583 0.000199 0
876 470 897 490 0.000199 0
1225 201 1279 359 0.000199 0
529 394 544 409 0.000199 0
268 385 287 399 0.000198 0
823 420 842 437 0.000197 0
1239 424 1247 440 0.000197 0
0 395 36 459 0.000197 0
260 225 290 281 0.000196 0
648 480 655 487 0.000196 0
1142 386 1154 408 0.000196 0
62 255 80 264 0.000196 0
0 591 19 703 0.000195 0
214 178 262 226 0.000195 0
0 64 213 288 0.000195 0
823 544 839 579 0.000195 0
872 418 889 451 0.000194 0
937 327 963 381 0.000194 0
324 64 687 263 0.000193 0
784 327 846 390 0.000193 0
920 686 928 696 0.000193 0
250 199 290 268 0.000193 0
999 511 1008 531 0.000192 0
127 401 144 468 0.000192 0
1266 625 1279 703 0.000192 0
340 64 473 167 0.000191 0
1071 333 1102 407 0.000191 0
1012 422 1038 443 0.000191 0
493 64 584 147 0.000191 0
1041 277 1058 329 0.000190 0
496 433 520 449 0.000190 0
1086 391 1104 453 0.000190 0
704 336 733 378 0.000190 0
704 317 737 371 0.000189 0
958 424 974 456 0.000189 0
80 65 356 255 0.000189 0
0 64 73 190 0.000189 0
666 288 693 375 0.000189 0
60 64 508 376 0.000188 0
109 394 129 424 0.000188 0
803 440 829 453 0.000188 0
687 650 707 703 0.000188 0
444 162 500 297 0.000188 0
1094 503 1104 519 0.000187 0
1029 425 1040 444 0.000187 0
791 678 818 702 0.000187 0
0 64 530 379 0.000187 0
426 221 440 233 0.000186 0
851 314 864 343 0.000186 0
1120 64 1151 76 0.000186 0
934 670 944 692 0.000186 0
1071 341 1081 360 0.000186 0
988 423 1039 458 0.000186 0
549 616 560 667 0.000185 0
1264 67 1279 172 0.000185 0
851 303 881 344 0.000184 0
907 281 929 346 0.000184 0
1063 419 1089 454 0.000184 0
646 304 694 380 0.000183 0
959 663 968 680 0.000183 0
399 68 520 222 0.000183 0
1059 118 1277 279 0.000183 0
155 79 269 228 0.000183 0
59 64 204 158 0.000183 0
493 64 573 135 0.000183 0
0 67 75 222 0.000183 0
1048 64 1280 280 0.000182 0
1272 424 1279 444 0.000182 0
194 251 211 297 0.000182 0
877 313 910 344 0.000182 0
1120 64 1152 79 0.000181 0
493 64 587 141 0.000181 0
1135 389 1145 408 0.000181 0
1076 324 1121 362 0.000181 0
1136 309 1175 369 0.000181 0
61 66 214 210 0.000180 0
701 318 718 350 0.000180 0
326 64 674 198 0.000179 0
962 678 1010 703 0.000179 0
127 351 162 402 0.000179 0
460 171 555 253 0.000179 0
1137 383 1168 409 0.000178 0
805 316 839 344 0.000178 0
575 460 584 472 0.000178 0
1018 681 1040 703 0.000178 0
453 189 592 292 0.000178 0
854 687 886 703 0.000177 0
0 259 33 425 0.000177 0
0 582 17 702 0.000177 0
272 183 297 242 0.000177 0
751 316 765 338 0.000176 0
639 541 648 570 0.000176 0
1260 576 1279 652 0.000176 0
270 204 298 300 0.000176 0
1060 401 1094 441 0.000175 0
575 367 595 403 0.000175 0
816 317 848 344 0.000175 0
871 280 916 344 0.000175 0
631 690 670 703 0.000174 0
1079 690 1091 703 0.000174 0
272 194 295 265 0.000174 0
0 249 33 416 0.000174 0
700 457 713 470 0.000173 0
300 70 594 375 0.000173 0
197 369 242 411 0.000173 0
1029 350 1058 392 0.000173 0
208 65 326 207 0.000173 0
639 542 649 573 0.000173 0
333 64 498 96 0.000172 0
1055 427 1089 457 0.000172 0
339 64 496 97 0.000172 0
319 260 336 365 0.000172 0
240 383 256 406 0.000171 0
1015 681 1040 703 0.000171 0
320 317 369 389 0.000171 0
1103 347 1117 361 0.000171 0
338 64 498 143 0.000171 0
737 458 761 504 0.000171 0
1196 166 1218 204 0.000171 0
1135 377 1148 408 0.000170 0
522 401 553 427 0.000170 0
30 64 137 208 0.000170 0
1168 440 1180 456 0.000170 0
0 392 31 458 0.000169 0
1039 279 1057 334 0.000169 0
822 542 840 579 0.000169 0
883 696 908 703 0.000169 0
0 64 252 243 0.000169 0
722 337 765 404 0.000169 0
1096 395 1104 407 0.000168 0
924 184 944 202 0.000168 0
1055 674 1063 692 0.000168 0
866 453 898 486 0.000168 0
1077 332 1108 351 0.000168 0
1205 453 1227 470 0.000167 0
1013 64 1143 168 0.000167 0
826 419 845 437 0.000167 0
1258 568 1279 641 0.000166 0
72 64 504 335 0.000166 0
599 134 634 179 0.000166 0
880 451 915 486 0.000166 0
911 343 934 407 0.000166 0
1052 279 1072 295 0.000166 0
684 643 725 704 0.000166 0
141 345 178 404 0.000165 0
681 173 705 215 0.000165 0
953 365 978 427 0.000165 0
114 64 268 92 0.000165 0
1072 333 1089 349 0.000165 0
1022 64 1159 173 0.000164 0
1266 574 1279 638 0.000164 0
0 590 26 704 0.000164 0
736 381 755 402 0.000164 0
549 535 560 551 0.000164 0
153 64 333 95 0.000164 0
918 670 928 696 0.000163 0
768 248 850 342 0.000163 0
1080 335 1108 360 0.000163 0
815 443 832 473 0.000162 0
1273 158 1279 178 0.000162 0
654 198 664 217 0.000161 0
1209 441 1234 461 0.000161 0
609 144 635 172 0.000161 0
398 184 407 203 0.000161 0
575 348 592 395 0.000161 0
957 361 978 415 0.000160 0
543 64 597 149 0.000160 0
871 299 912 343 0.000160 0
1039 64 1277 291 0.000159 0
767 183 785 218 0.000159 0
768 311 809 344 0.000159 0
1035 321 1055 358 0.000159 0
719 518 729 552 0.000158 0
735 376 756 399 0.000157 0
854 254 908 345 0.000157 0
1227 64 1279 252 0.000157 0
28 310 73 403 0.000157 0
855 255 913 347 0.000157 0
1263 367 1279 419 0.000157 0
492 64 568 139 0.000157 0
138 73 213 224 0.000157 0
784 422 813 443 0.000157 0
940 351 961 392 0.000157 0
548 64 559 75 0.000156 0
719 518 729 550 0.000156 0
966 369 994 410 0.000155 0
1058 439 1089 457 0.000155 0
848 388 882 461 0.000155 0
990 420 1043 459 0.000155 0
0 594 17 695 0.000155 0
496 392 504 400 0.000155 0
267 223 298 302 0.000155 0
361 70 503 214 0.000155 0
1062 440 1089 457 0.000155 0
0 513 102 700 0.000154 0
733 355 760 402 0.000154 0
911 438 935 455 0.000154 0
1024 410 1034 427 0.000154 0
899 413 912 425 0.000154 0
432 171 445 197 0.000154 0
60 64 197 161 0.000154 0
888 439 916 485 0.000154 0
766 263 843 346 0.000153 0
861 265 890 343 0.000153 0
682 656 725 703 0.000153 0
432 176 444 203 0.000153 0
437 192 445 203 0.000153 0
58 64 206 174 0.000153 0
1214 64 1233 104 0.000152 0
47 435 80 469 0.000152 0
1059 476 1089 501 0.000152 0
1255 576 1279 661 0.000152 0
897 423 914 452 0.000152 0
500 391 523 424 0.000152 0
1205 441 1222 457 0.000151 0
766 223 810 334 0.000151 0
910 342 939 406 0.000151 0
1260 574 1279 668 0.000151 0
3 64 190 105 0.000151 0
320 64 370 108 0.000150 0
98 232 131 313 0.000150 0
136 64 257 99 0.000150 0
1009 64 1131 165 0.000149 0
799 448 816 471 0.000149 0
1143 320 1182 358 0.000149 0
1059 189 1082 225 0.000149 0
1224 168 1260 236 0.000149 0
706 313 724 350 0.000149 0
854 398 864 412 0.000148 0
234 64 325 167 0.000148 0
802 183 815 216 0.000148 0
943 617 1185 704 0.000148 0
1208 560 1279 702 0.000148 0
0 144 7 197 0.000148 0
735 485 752 503 0.000147 0
575 596 586 641 0.000147 0
1207 489 1279 701 0.000147 0
797 407 816 429 0.000147 0
735 423 767 455 0.000147 0
148 349 160 377 0.000146 0
576 349 593 393 0.000146 0
1029 371 1044 403 0.000146 0
0 594 16 704 0.000146 0
1233 388 1255 427 0.000146 0
1263 324 1279 489 0.000146 0
77 252 127 382 0.000146 0
1171 64 1280 274 0.000146 0
847 309 863 344 0.000145 0
1229 396 1247 426 0.000145 0
925 351 1025 399 0.000145 0
865 224 940 334 0.000145 0
133 168 237 244 0.000145 0
717 311 766 384 0.000145 0
75 64 162 79 0.000145 0
922 347 948 407 0.000145 0
1264 440 1279 468 0.000145 0
161 64 258 151 0.000145 0
454 161 547 276 0.000144 0
124 346 163 406 0.000144 0
1030 64 1151 206 0.000144 0
1175 196 1196 222 0.000144 0
80 267 112 312 0.000143 0
156 64 338 94 0.000143 0
1263 314 1279 468 0.000143 0
1032 367 1056 396 0.000143 0
126 375 144 408 0.000142 0
759 378 770 400 0.000142 0
222 375 241 409 0.000142 0
351 346 368 391 0.000142 0
671 468 682 488 0.000142 0
686 659 710 703 0.000141 0
219 199 391 384 0.000141 0
735 188 746 216 0.000141 0
126 268 144 312 0.000141 0
0 394 31 455 0.000141 0
271 182 306 233 0.000140 0
1270 406 1279 442 0.000140 0
75 248 114 311 0.000140 0
573 420 609 462 0.000140 0
188 372 229 416 0.000140 0
22 375 222 421 0.000140 0
911 344 938 407 0.000140 0
326 64 689 209 0.000140 0
169 64 327 97 0.000140 0
950 439 965 455 0.000140 0
214 180 256 222 0.000140 0
781 409 792 415 0.000140 0
55 432 80 490 0.000139 0
1258 622 1279 701 0.000139 0
1091 161 1144 259 0.000139 0
1168 456 1185 475 0.000139 0
1264 75 1279 119 0.000139 0
943 696 977 703 0.000139 0
308 137 363 277 0.000139 0
655 552 664 567 0.000139 0
813 277 850 345 0.000139 0
1073 685 1091 703 0.000138 0
494 64 586 152 0.000138 0
1063 415 1072 424 0.000138 0
142 352 160 401 0.000138 0
543 64 592 159 0.000138 0
929 324 944 344 0.000138 0
751 309 768 343 0.000138 0
959 662 968 680 0.000137 0
0 64 16 121 0.000137 0
1121 407 1129 426 0.000137 0
670 293 706 375 0.000137 0
283 221 322 313 0.000137 0
152 184 176 232 0.000136 0
751 670 761 699 0.000136 0
1262 99 1279 174 0.000136 0
1138 379 1187 409 0.000136 0
1260 623 1279 703 0.000136 0
1089 345 1107 360 0.000136 0
945 325 961 345 0.000136 0
0 372 32 425 0.000136 0
0 505 97 697 0.000136 0
736 377 762 401 0.000135 0
904 65 937 121 0.000135 0
886 474 928 489 0.000135 0
95 263 128 312 0.000135 0
493 64 584 170 0.000135 0
319 183 357 225 0.000135 0
957 369 987 402 0.000135 0
150 96 219 242 0.000134 0
1209 474 1280 702 0.000134 0
173 389 214 418 0.000134 0
1252 577 1279 703 0.000134 0
452 201 479 298 0.000134 0
1076 357 1116 402 0.000134 0
820 319 848 344 0.000134 0
735 468 752 503 0.000134 0
1129 445 1168 475 0.000133 0
281 223 322 313 0.000133 0
0 468 17 525 0.000133 0
1037 431 1051 456 0.000133 0
0 397 31 510 0.000133 0
0 198 7 205 0.000133 0
639 545 650 587 0.000133 0
491 391 527 436 0.000132 0
1005 424 1039 450 0.000132 0
191 373 209 411 0.000132 0
157 105 270 222 0.000132 0
79 264 115 312 0.000132 0
1089 469 1103 482 0.000132 0
764 236 828 320 0.000131 0
549 407 598 435 0.000131 0
879 519 888 535 0.000131 0
1213 442 1243 467 0.000131 0
919 692 928 703 0.000131 0
1036 64 1278 269 0.000130 0
265 228 299 304 0.000130 0
501 197 525 244 0.000130 0
494 64 585 176 0.000130 0
910 342 928 407 0.000130 0
127 399 149 423 0.000130 0
946 351 962 405 0.000130 0
741 422 789 454 0.000130 0
1207 535 1279 702 0.000129 0
331 198 354 233 0.000129 0
124 350 172 416 0.000129 0
703 336 728 379 0.000128 0
874 559 880 569 0.000128 0
73 64 209 202 0.000128 0
1040 672 1048 679 0.000128 0
998 512 1007 524 0.000128 0
991 377 1012 393 0.000128 0
766 238 847 342 0.000128 0
500 445 512 454 0.000127 0
0 399 30 574 0.000127 0
820 320 848 344 0.000127 0
1203 246 1242 272 0.000127 0
0 64 180 150 0.000127 0
0 378 16 414 0.000127 0
976 318 991 343 0.000127 0
270 249 290 294 0.000127 0
5 65 503 361 0.000127 0
0 399 32 534 0.000126 0
684 351 705 376 0.000126 0
847 421 866 440 0.000126 0
991 405 1002 422 0.000126 0
860 417 944 483 0.000126 0
880 511 888 520 0.000126 0
1081 408 1127 471 0.000126 0
752 64 775 71 0.000126 0
1199 456 1208 477 0.000126 0
1272 140 1279 173 0.000126 0
1115 471 1129 479 0.000126 0
1074 336 1121 399 0.000125 0
760 204 783 232 0.000125 0
956 360 995 419 0.000125 0
239 249 258 322 0.000125 0
320 64 369 110 0.000125 0
1027 336 1043 363 0.000124 0
1193 367 1252 412 0.000124 0
319 226 337 362 0.000124 0
255 376 287 403 0.000124 0
1166 441 1180 457 0.000124 0
196 281 210 298 0.000124 0
547 406 560 421 0.000124 0
750 235 802 312 0.000124 0
1047 64 1157 190 0.000124 0
320 64 371 105 0.000124 0
746 228 807 337 0.000123 0
576 64 668 227 0.000123 0
946 684 966 701 0.000123 0
769 64 926 148 0.000123 0
1110 506 1119 528 0.000122 0
999 64 1092 196 0.000122 0
516 395 559 422 0.000122 0
0 377 21 418 0.000122 0
218 377 257 411 0.000122 0
912 343 964 407 0.000122 0
1014 64 1152 173 0.000122 0
1231 215 1279 373 0.000122 0
820 412 847 435 0.000122 0
0 64 13 118 0.000121 0
752 422 844 453 0.000121 0
543 533 559 552 0.000121 0
1008 504 1017 520 0.000121 0
590 407 610 435 0.000121 0
0 463 16 516 0.000121 0
356 205 385 276 0.000121 0
580 64 673 232 0.000121 0
574 593 585 634 0.000121 0
1131 276 1169 346 0.000121 0
807 638 816 656 0.000120 0
1170 64 1279 255 0.000120 0
1059 64 1127 110 0.000120 0
1206 454 1233 474 0.000120 0
0 144 33 210 0.000120 0
1055 673 1064 703 0.000120 0
691 318 704 348 0.000120 0
979 379 993 414 0.000120 0
862 271 879 296 0.000119 0
934 422 944 440 0.000119 0
765 238 824 351 0.000119 0
751 316 767 347 0.000119 0
0 64 13 112 0.000119 0
1016 319 1045 344 0.000119 0
763 236 808 319 0.000119 0
319 257 336 364 0.000119 0
324 328 359 388 0.000119 0
456 157 537 305 0.000119 0
1081 443 1104 472 0.000119 0
1064 64 1162 139 0.000118 0
1230 345 1272 422 0.000118 0
1046 405 1064 431 0.000118 0
1263 76 1279 172 0.000118 0
770 608 1197 704 0.000118 0
346 64 498 120 0.000118 0
127 275 144 312 0.000118 0
670 422 696 439 0.000117 0
769 328 787 354 0.000117 0
767 311 809 352 0.000117 0
996 678 1040 703 0.000117 0
1270 396 1279 428 0.000117 0
1061 64 1161 139 0.000117 0
976 196 1065 244 0.000116 0
1198 455 1210 472 0.000116 0
1247 616 1279 704 0.000116 0
700 644 724 703 0.000116 0
264 245 296 331 0.000115 0
676 423 699 438 0.000115 0
675 641 709 703 0.000115 0
1211 64 1233 103 0.000115 0
726 355 761 403 0.000115 0
726 198 753 234 0.000115 0
1271 409 1279 424 0.000115 0
847 424 860 443 0.000115 0
4 375 32 422 0.000115 0
543 64 592 193 0.000115 0
126 306 164 406 0.000114 0
1023 373 1038 404 0.000114 0
493 64 550 144 0.000114 0
1037 393 1050 410 0.000114 0
624 64 639 74 0.000114 0
319 309 381 386 0.000114 0
575 599 586 645 0.000114 0
808 478 816 491 0.000114 0
564 585 581 631 0.000113 0
1047 279 1071 295 0.000113 0
128 409 143 456 0.000113 0
1107 444 1131 474 0.000113 0
0 590 17 701 0.000113 0
1135 64 1235 245 0.000113 0
1208 513 1216 531 0.000113 0
773 64 870 126 0.000112 0
1264 320 1279 365 0.000112 0
575 286 597 388 0.000112 0
199 77 296 222 0.000112 0
521 211 570 283 0.000112 0
1219 215 1241 234 0.000112 0
0 594 16 696 0.000112 0
749 64 775 72 0.000112 0
251 76 343 221 0.000112 0
1136 64 1256 248 0.000112 0
45 320 57 344 0.000111 0
1144 64 1278 251 0.000111 0
1025 275 1059 333 0.000111 0
1066 64 1082 71 0.000111 0
637 64 664 101 0.000111 0
111 379 136 405 0.000111 0
350 152 591 371 0.000111 0
197 373 236 413 0.000111 0
0 138 40 226 0.000111 0
1255 579 1279 665 0.000110 0
564 70 663 195 0.000110 0
753 421 834 446 0.000110 0
324 64 500 111 0.000110 0
1260 144 1279 229 0.000110 0
607 368 624 408 0.000110 0
1264 64 1279 73 0.000110 0
820 324 848 344 0.000110 0
248 178 324 371 0.000110 0
912 427 932 443 0.000110 0
126 375 144 405 0.000109 0
400 184 409 202 0.000109 0
863 332 887 364 0.000109 0
631 472 640 487 0.000109 0
788 665 834 703 0.000109 0
559 64 664 225 0.000109 0
1139 324 1178 360 0.000109 0
976 329 992 344 0.000109 0
658 664 672 701 0.000109 0
273 196 301 285 0.000108 0
1211 576 1279 702 0.000108 0
0 462 16 514 0.000108 0
0 309 32 425 0.000108 0
196 65 332 209 0.000108 0
861 183 1218 264 0.000108 0
690 304 704 347 0.000108 0
1062 64 1124 108 0.000108 0
212 64 320 102 0.000108 0
320 409 336 442 0.000107 0
674 634 711 703 0.000107 0
260 64 320 129 0.000107 0
574 595 592 639 0.000107 0
572 407 593 433 0.000107 0
269 376 288 398 0.000106 0
544 64 649 209 0.000106 0
1072 394 1085 409 0.000106 0
735 424 779 460 0.000106 0
0 64 12 109 0.000106 0
58 65 136 199 0.000106 0
0 375 12 397 0.000105 0
665 451 691 488 0.000105 0
735 424 752 458 0.000105 0
696 653 724 703 0.000105 0
734 464 763 484 0.000105 0
870 558 880 590 0.000105 0
265 376 288 399 0.000105 0
1073 337 1118 401 0.000105 0
999 512 1008 537 0.000105 0
1135 372 1158 410 0.000105 0
914 344 1023 416 0.000105 0
768 64 931 160 0.000105 0
292 194 321 303 0.000104 0
255 64 375 167 0.000104 0
651 325 676 364 0.000104 0
463 184 481 219 0.000104 0
245 256 257 323 0.000104 0
589 315 613 394 0.000104 0
691 307 722 355 0.000104 0
862 392 880 452 0.000104 0
704 411 720 443 0.000104 0
1262 64 1279 76 0.000104 0
770 263 844 345 0.000104 0
224 186 326 388 0.000103 0
739 377 770 407 0.000103 0
309 81 416 198 0.000103 0
955 394 973 433 0.000103 0
286 263 321 371 0.000103 0
776 683 783 695 0.000103 0
1052 400 1095 448 0.000103 0
332 200 354 234 0.000102 0
879 521 888 535 0.000102 0
575 325 594 393 0.000102 0
397 64 448 128 0.000102 0
813 666 834 703 0.000102 0
751 663 764 698 0.000102 0
321 236 355 359 0.000102 0
271 196 298 295 0.000102 0
912 350 941 408 0.000102 0
238 256 257 297 0.000102 0
319 243 334 348 0.000101 0
854 328 889 372 0.000101 0
581 65 671 233 0.000101 0
931 326 944 347 0.000101 0
154 133 280 229 0.000101 0
249 202 293 264 0.000101 0
0 681 8 703 0.000101 0
365 93 497 219 0.000101 0
1264 91 1279 172 0.000101 0
64 67 219 221 0.000101 0
688 640 707 703 0.000100 0
754 231 807 283 0.766333 1
754 233 806 283 0.502356 1
1089 220 1131 267 0.464225 1
1089 223 1130 267 0.367433 1
1089 225 1130 268 0.317087 1
908 214 963 262 0.301161 1
911 214 963 262 0.274556 1
1088 221 1131 269 0.231578 1
866 214 933 275 0.228213 1
1091 219 1132 267 0.222801 1
1100 223 1132 264 0.221957 1
910 212 964 261 0.218760 1
865 217 907 271 0.208010 1
1101 225 1131 265 0.204787 1
1102 224 1131 265 0.200838 1
1100 224 1131 264 0.180583 1
867 236 885 270 0.180000 1
903 212 965 264 0.177205 1
866 233 887 271 0.167124 1
866 234 886 270 0.164325 1
867 222 897 272 0.156921 1
922 227 964 262 0.156821 1
866 212 934 277 0.152138 1
923 229 963 263 0.139797 1
909 224 965 267 0.139632 1
922 229 964 262 0.138432 1
922 230 964 262 0.137072 1
754 234 803 282 0.133554 1
923 225 962 260 0.119255 1
866 232 885 271 0.116834 1
866 235 886 271 0.116739 1
867 229 889 267 0.114504 1
1101 220 1129 264 0.107390 1
866 212 934 282 0.099814 1
865 233 886 275 0.097598 1
866 233 894 277 0.097209 1
926 231 963 262 0.096964 1
906 210 966 264 0.094028 1
866 214 935 290 0.093960 1
1089 224 1129 270 0.091952 1
1088 225 1129 270 0.090727 1
864 231 886 269 0.089511 1
866 235 885 268 0.075889 1
865 211 933 275 0.074740 1
918 216 960 258 0.054375 1
866 230 909 286 0.052363 1
939 231 967 262 0.051337 1
865 237 898 287 0.048250 1
866 220 916 287 0.046771 1
1097 216 1127 265 0.042926 1
789 239 805 280 0.042656 1
940 231 965 262 0.041333 1
865 235 892 286 0.038849 1
754 237 799 283 0.036689 1
863 225 935 289 0.035865 1
1088 229 1130 270 0.034829 1
789 240 806 280 0.033899 1
866 238 935 295 0.033417 1
1089 223 1123 270 0.033271 1
948 273 960 303 0.032822 1
754 237 778 282 0.032476 1
939 230 967 261 0.031203 1
786 235 808 280 0.029480 1
1114 224 1133 264 0.026627 1
754 238 805 282 0.026563 1
865 212 937 278 0.025940 1
948 273 960 303 0.025413 1
789 236 807 280 0.024701 1
949 273 960 302 0.024489 1
904 213 977 262 0.024345 1
908 253 935 296 0.023114 1
866 227 906 275 0.022980 1
913 270 960 306 0.022336 1
789 233 809 280 0.022053 1
789 233 809 280 0.021606 1
894 255 934 290 0.019867 1
893 235 935 289 0.019288 1
1111 219 1132 254 0.019044 1
915 251 935 276 0.018537 1
1107 220 1132 262 0.018479 1
914 238 935 273 0.018341 1
910 254 935 281 0.018192 1
691 206 728 237 0.018019 1
902 213 963 267 0.017444 1
789 236 808 279 0.017286 1
867 240 903 288 0.016896 1
940 232 970 262 0.016873 1
942 232 971 262 0.016744 1
908 255 944 296 0.016455 1
910 251 936 295 0.016450 1
1079 209 1133 269 0.016379 1
862 234 887 284 0.016138 1
949 273 960 301 0.015593 1
942 234 964 262 0.015443 1
856 230 887 276 0.015338 1
943 233 974 262 0.015118 1
1065 211 1095 245 0.014570 1
691 207 728 236 0.014454 1
756 233 784 282 0.013896 1
1119 222 1133 263 0.013828 1
906 256 931 295 0.013775 1
891 236 935 274 0.013476 1
908 215 959 272 0.013431 1
873 248 931 288 0.013043 1
868 253 897 287 0.012930 1
948 273 960 303 0.012813 1
893 256 932 296 0.012729 1
939 273 960 303 0.012294 1
866 239 897 295 0.012168 1
50 228 98 256 0.011821 1
908 257 944 300 0.011605 1
856 231 887 280 0.011411 1
849 201 902 275 0.011392 1
914 253 935 274 0.011308 1
51 224 98 256 0.010802 1
19 216 42 257 0.010743 1
754 240 777 282 0.010696 1
856 229 886 274 0.010516 1
1088 228 1110 270 0.010257 1
21 230 41 257 0.010206 1
903 254 934 287 0.010067 1
789 239 808 280 0.009534 1
62 224 99 255 0.009218 1
883 228 936 283 0.009139 1
56 223 99 256 0.009012 1
865 223 935 280 0.008946 1
1064 212 1092 245 0.008913 1
49 225 74 255 0.008894 1
919 249 935 273 0.008865 1
909 261 929 296 0.008716 1
58 225 96 255 0.008463 1
22 215 41 257 0.008375 1
906 224 960 304 0.008325 1
941 273 960 304 0.008324 1
882 215 935 274 0.008149 1
1088 226 1114 270 0.008104 1
1069 214 1094 245 0.007875 1
71 229 99 256 0.007817 1
56 227 98 256 0.007670 1
851 214 897 276 0.007624 1
1067 211 1089 244 0.007487 1
48 233 73 256 0.007354 1
885 214 941 274 0.007260 1
1087 227 1131 270 0.007002 1
879 260 923 290 0.006935 1
1088 231 1107 270 0.006904 1
886 227 935 276 0.006901 1
50 221 74 255 0.006824 1
944 273 960 303 0.006763 1
897 209 984 261 0.006724 1
689 208 728 237 0.006643 1
48 231 74 256 0.006624 1
47 234 73 256 0.006617 1
17 223 74 257 0.006454 1
20 218 41 257 0.006317 1
865 214 938 303 0.006304 1
883 220 901 265 0.006214 1
50 227 80 255 0.006146 1
901 250 935 276 0.005941 1
856 218 888 271 0.005922 1
56 229 100 257 0.005908 1
909 255 936 299 0.005842 1
1088 220 1113 270 0.005655 1
1115 224 1133 264 0.005583 1
57 223 82 251 0.005504 1
910 263 929 296 0.005214 1
914 230 962 296 0.005139 1
881 265 898 287 0.005100 1
1063 211 1131 265 0.005038 1
910 267 928 296 0.005010 1
23 225 74 256 0.004994 1
59 223 95 252 0.004974 1
77 224 99 255 0.004930 1
885 221 898 263 0.004903 1
22 230 74 257 0.004845 1
1070 211 1094 236 0.004815 1
46 232 74 256 0.004757 1
1067 209 1095 244 0.004742 1
909 266 928 296 0.004739 1
48 230 75 255 0.004624 1
1064 212 1094 255 0.004588 1
1066 214 1094 254 0.004572 1
919 271 959 306 0.004566 1
875 221 901 265 0.004510 1
755 229 785 282 0.004473 1
1059 211 1084 244 0.004335 1
883 213 900 237 0.004325 1
885 213 933 269 0.004278 1
49 232 74 256 0.004263 1
68 223 98 247 0.004262 1
883 218 898 257 0.004222 1
940 214 978 262 0.004143 1
756 228 811 281 0.004141 1
1069 211 1083 231 0.003995 1
690 212 704 238 0.003978 1
689 211 728 237 0.003911 1
919 266 945 311 0.003799 1
1060 209 1083 240 0.003705 1
19 216 63 258 0.003692 1
910 251 946 297 0.003677 1
1059 212 1087 247 0.003599 1
920 231 962 305 0.003571 1
29 220 71 256 0.003556 1
754 242 776 282 0.003544 1
754 244 776 281 0.003475 1
884 215 907 264 0.003438 1
789 233 809 277 0.003228 1
78 236 99 256 0.003129 1
895 256 929 298 0.003100 1
1074 215 1093 237 0.003088 1
883 218 906 265 0.003065 1
925 272 959 311 0.003014 1
926 273 944 297 0.003006 1
753 242 776 281 0.002913 1
886 226 904 264 0.002792 1
78 237 99 256 0.002771 1
555 200 566 217 0.002758 1
788 253 825 280 0.002572 1
1068 207 1086 232 0.002537 1
891 214 938 267 0.002507 1
863 261 919 306 0.002468 1
789 234 817 279 0.002381 1
117 220 170 258 0.002339 1
754 245 774 283 0.002296 1
792 248 819 278 0.002213 1
135 221 171 258 0.002176 1
1180 163 1203 217 0.002111 1
855 232 886 291 0.002056 1
863 259 909 297 0.002040 1
1084 216 1105 252 0.002028 1
819 214 905 294 0.001978 1
944 240 990 261 0.001971 1
1057 213 1092 256 0.001967 1
925 232 969 304 0.001937 1
899 209 935 244 0.001928 1
123 225 171 259 0.001899 1
1002 234 1024 261 0.001893 1
897 213 936 246 0.001877 1
66 229 97 255 0.001833 1
117 217 158 255 0.001753 1
1180 164 1203 217 0.001735 1
798 253 819 276 0.001606 1
927 282 944 311 0.001575 1
863 239 888 296 0.001566 1
756 240 808 290 0.001556 1
906 213 964 267 0.001554 1
916 215 938 251 0.001536 1
84 223 97 236 0.001526 1
656 209 1057 346 0.001497 1
1133 232 1160 247 0.001401 1
1091 225 1131 271 0.001382 1
942 243 989 262 0.001365 1
1087 234 1105 270 0.001302 1
1023 319 1055 338 0.001286 1
895 262 916 301 0.001242 1
1061 211 1132 276 0.001195 1
132 218 147 237 0.001175 1
145 220 170 249 0.001147 1
923 272 962 312 0.001134 1
1038 321 1055 335 0.001095 1
1086 217 1097 233 0.001047 1
105 236 155 264 0.001046 1
154 224 170 255 0.001031 1
1118 215 1134 247 0.001014 1
804 210 828 237 0.000964 1
1023 319 1055 335 0.000958 1
910 262 935 312 0.000956 1
1036 321 1055 334 0.000940 1
138 221 153 237 0.000939 1
754 239 805 287 0.000892 1
926 280 944 312 0.000891 1
156 221 170 249 0.000833 1
151 233 171 261 0.000828 1
1039 321 1055 335 0.000817 1
839 209 969 339 0.000782 1
1054 222 1065 244 0.000773 1
1054 220 1065 240 0.000761 1
767 224 786 261 0.000759 1
1200 253 1227 273 0.000738 1
18 213 42 256 0.000736 1
1038 217 1094 260 0.000720 1
1180 177 1228 222 0.000667 1
765 221 786 258 0.000665 1
334 236 352 255 0.000657 1
44 232 77 265 0.000654 1
792 255 835 282 0.000633 1
133 214 151 238 0.000633 1
799 254 829 279 0.000613 1
901 264 956 316 0.000608 1
665 195 1255 377 0.000604 1
1180 163 1204 218 0.000599 1
757 222 787 277 0.000598 1
860 208 1001 292 0.000594 1
754 238 801 289 0.000580 1
1200 251 1240 275 0.000579 1
765 242 833 291 0.000577 1
1045 278 1062 295 0.000574 1
1024 320 1056 336 0.000571 1
1180 163 1231 263 0.000570 1
679 213 695 234 0.000560 1
1087 213 1100 232 0.000532 1
5 228 117 278 0.000525 1
682 165 818 259 0.000524 1
335 237 352 256 0.000517 1
1202 252 1226 268 0.000514 1
53 217 67 244 0.000494 1
76 217 96 236 0.000474 1
28 215 64 249 0.000474 1
754 218 807 283 0.000471 1
1053 214 1073 236 0.000470 1
20 213 42 257 0.000468 1
679 208 695 232 0.000453 1
1111 227 1180 263 0.000432 1
56 217 77 239 0.000414 1
766 211 781 231 0.000410 1
1179 161 1230 266 0.000401 1
35 228 118 274 0.000390 1
105 239 128 264 0.000385 1
949 273 969 303 0.000382 1
866 269 882 296 0.000376 1
949 272 972 304 0.000370 1
667 204 722 234 0.000369 1
658 185 811 285 0.000367 1
1027 304 1056 334 0.000367 1
753 235 780 282 0.000362 1
1199 250 1239 270 0.000356 1
1201 255 1224 271 0.000353 1
56 217 95 241 0.000341 1
1026 305 1057 335 0.000335 1
761 222 768 231 0.000332 1
1071 214 1233 280 0.000332 1
1064 231 1106 266 0.000330 1
906 245 932 333 0.000328 1
870 260 914 313 0.000324 1
191 218 224 260 0.000323 1
1019 319 1056 359 0.000319 1
857 215 927 306 0.000307 1
335 236 352 256 0.000307 1
6 209 82 258 0.000304 1
653 209 730 236 0.000302 1
923 230 985 304 0.000302 1
924 206 955 252 0.000297 1
667 214 710 237 0.000287 1
496 238 528 251 0.000283 1
153 204 181 256 0.000271 1
29 213 51 244 0.000268 1
1018 319 1056 358 0.000266 1
644 201 1026 334 0.000264 1
927 272 962 312 0.000259 1
1027 300 1058 335 0.000250 1
894 260 920 311 0.000247 1
142 236 175 263 0.000245 1
759 214 769 231 0.000244 1
1198 172 1220 215 0.000237 1
1019 317 1055 348 0.000223 1
654 216 811 292 0.000222 1
1175 161 1205 218 0.000217 1
1195 252 1234 280 0.000211 1
1030 233 1100 263 0.000209 1
1066 238 1102 264 0.000206 1
947 257 976 305 0.000204 1
895 274 911 311 0.000204 1
900 271 962 320 0.000199 1
789 231 821 278 0.000195 1
860 257 913 317 0.000183 1
892 245 1017 305 0.000180 1
946 272 975 305 0.000180 1
1196 254 1227 282 0.000168 1
1023 277 1062 296 0.000167 1
1041 278 1059 295 0.000165 1
772 248 836 294 0.000162 1
1054 213 1138 296 0.000161 1
657 204 810 285 0.000157 1
894 210 1028 294 0.000149 1
575 287 596 386 0.000143 1
754 229 810 283 0.000138 1
791 256 836 296 0.000138 1
1036 320 1057 356 0.000133 1
1178 186 1201 217 0.000133 1
934 227 1152 336 0.000127 1
659 221 815 319 0.000123 1
662 238 833 360 0.000118 1
936 274 1118 338 0.000109 1
897 267 1036 310 0.000108 1
1071 306 1179 397 0.000108 1
1066 213 1148 295 0.000106 1
1126 327 1152 344 0.000106 1
1025 277 1058 335 0.000105 1
754 242 776 286 0.000104 1
832 481 840 487 0.059191 2
305 186 322 198 0.051774 2
304 185 323 198 0.048383 2
631 381 657 396 0.036242 2
590 188 655 215 0.032712 2
305 185 323 198 0.031517 2
631 382 657 396 0.024510 2
607 197 654 215 0.022415 2
1103 487 1117 496 0.022351 2
489 198 517 217 0.021564 2
484 198 517 217 0.021148 2
484 197 517 216 0.020041 2
848 471 866 479 0.018270 2
491 199 513 212 0.016283 2
485 198 517 217 0.016128 2
621 192 654 215 0.015643 2
592 423 608 434 0.015615 2
620 190 654 214 0.015260 2
305 185 322 198 0.015138 2
631 380 657 396 0.014873 2
691 203 728 235 0.014685 2
605 199 653 215 0.014216 2
630 196 654 216 0.013870 2
691 198 731 233 0.013468 2
821 329 848 344 0.013335 2
690 206 728 235 0.011741 2
620 188 654 215 0.011477 2
589 183 655 215 0.011408 2
631 374 657 396 0.011101 2
1006 204 1025 229 0.010724 2
622 193 654 215 0.010676 2
691 199 728 227 0.010222 2
822 329 848 344 0.009745 2
1006 198 1034 227 0.009012 2
631 374 658 396 0.008984 2
481 189 518 217 0.008646 2
628 193 654 214 0.008564 2
591 425 605 433 0.007806 2
293 178 311 198 0.007394 2
47 410 63 422 0.007351 2
319 207 331 231 0.007048 2
916 472 928 483 0.006866 2
1007 207 1025 229 0.006742 2
553 175 579 203 0.006323 2
111 411 127 425 0.005999 2
47 410 63 422 0.005928 2
1223 503 1232 511 0.005917 2
1008 198 1029 224 0.005625 2
552 174 579 203 0.005614 2
607 447 624 461 0.005552 2
648 455 656 461 0.005518 2
575 445 593 457 0.005448 2
575 445 593 458 0.005252 2
480 171 518 217 0.005218 2
631 378 655 396 0.005214 2
882 205 897 218 0.005175 2
319 203 331 231 0.005095 2
663 454 684 464 0.005020 2
1213 495 1233 507 0.004734 2
294 177 308 198 0.004730 2
47 407 63 422 0.004669 2
911 472 928 485 0.004610 2
306 184 334 199 0.004594 2
1022 456 1032 464 0.004569 2
553 174 577 202 0.004411 2
293 175 316 198 0.004401 2
46 406 63 422 0.004162 2
1161 501 1179 511 0.004050 2
1214 495 1233 511 0.004033 2
881 199 898 218 0.004001 2
603 366 623 376 0.003986 2
1010 203 1025 228 0.003860 2
714 198 730 228 0.003784 2
603 367 623 376 0.003705 2
638 375 648 386 0.003484 2
836 471 848 478 0.003336 2
864 443 878 455 0.003285 2
607 448 624 462 0.003252 2
593 447 608 458 0.003247 2
111 411 128 426 0.003216 2
1002 234 1024 261 0.003181 2
663 454 673 463 0.003124 2
1263 241 1279 270 0.003109 2
617 181 652 214 0.003025 2
110 403 146 426 0.002973 2
1263 247 1279 270 0.002962 2
463 421 496 446 0.002920 2
1007 212 1024 230 0.002832 2
832 471 840 478 0.002818 2
463 422 495 446 0.002815 2
158 416 168 423 0.002802 2
429 222 439 229 0.002750 2
924 455 937 463 0.002746 2
111 408 129 425 0.002710 2
821 329 848 363 0.002707 2
587 183 621 202 0.002648 2
1014 197 1052 229 0.002619 2
1009 205 1040 229 0.002576 2
583 432 591 439 0.002506 2
982 456 991 464 0.002484 2
1144 501 1163 510 0.002460 2
156 406 176 424 0.002445 2
111 406 135 426 0.002440 2
91 400 176 424 0.002434 2
485 187 521 216 0.002422 2
1210 498 1233 512 0.002366 2
1160 501 1177 510 0.002312 2
1262 169 1279 180 0.002303 2
588 186 619 214 0.002252 2
292 175 311 198 0.002173 2
1024 196 1044 226 0.002152 2
1121 64 1152 76 0.002132 2
820 329 848 363 0.002128 2
100 401 176 425 0.002123 2
118 409 143 426 0.002097 2
454 204 465 218 0.002084 2
1263 203 1279 270 0.002036 2
1262 205 1279 270 0.002017 2
616 180 656 214 0.002008 2
973 206 987 223 0.001996 2
1121 64 1151 77 0.001992 2
579 184 621 212 0.001991 2
607 201 619 215 0.001987 2
822 329 848 354 0.001983 2
463 419 496 446 0.001970 2
143 400 176 423 0.001912 2
128 409 143 425 0.001906 2
319 202 334 232 0.001895 2
591 447 603 458 0.001883 2
110 400 177 425 0.001875 2
481 179 520 216 0.001863 2
632 377 662 395 0.001860 2
319 202 335 231 0.001834 2
244 413 264 423 0.001812 2
151 401 176 423 0.001811 2
958 205 986 219 0.001792 2
866 177 936 198 0.001761 2
1263 250 1279 270 0.001724 2
657 453 666 462 0.001710 2
1142 503 1158 510 0.001661 2
452 413 501 445 0.001661 2
1071 204 1095 233 0.001650 2
904 456 913 463 0.001607 2
896 473 912 483 0.001604 2
1007 465 1024 472 0.001603 2
77 400 177 424 0.001585 2
463 422 496 447 0.001585 2
1263 251 1279 270 0.001561 2
602 366 623 378 0.001555 2
1009 464 1024 472 0.001517 2
599 365 623 377 0.001492 2
463 417 500 445 0.001491 2
690 196 725 233 0.001470 2
503 312 512 335 0.001465 2
1010 202 1036 228 0.001446 2
1263 349 1279 367 0.001409 2
804 189 855 240 0.001403 2
1002 239 1021 261 0.001395 2
20 200 35 206 0.001367 2
461 419 540 449 0.001346 2
452 204 465 222 0.001342 2
804 212 827 238 0.001342 2
703 198 738 228 0.001338 2
635 205 654 216 0.001332 2
1036 321 1055 335 0.001327 2
1262 168 1279 181 0.001325 2
630 372 657 396 0.001294 2
272 181 315 199 0.001281 2
1024 209 1041 229 0.001263 2
822 472 832 478 0.001259 2
274 184 294 193 0.001221 2
1150 471 1164 479 0.001210 2
461 419 532 448 0.001204 2
581 181 623 205 0.001201 2
1262 169 1279 198 0.001197 2
588 186 616 214 0.001189 2
341 452 402 471 0.001179 2
277 176 315 198 0.001156 2
502 311 528 335 0.001142 2
817 328 847 344 0.001133 2
1121 64 1151 82 0.001116 2
463 429 489 447 0.001085 2
357 220 368 230 0.001077 2
1007 513 1017 520 0.001075 2
973 218 985 234 0.001061 2
658 449 689 464 0.001060 2
912 455 924 464 0.001055 2
595 450 612 461 0.001042 2
337 452 403 471 0.001024 2
1063 464 1071 471 0.001023 2
1263 350 1279 369 0.001019 2
437 407 509 446 0.001012 2
1006 208 1043 231 0.001006 2
1120 64 1152 81 0.000994 2
304 179 324 198 0.000994 2
1158 496 1185 510 0.000987 2
0 394 31 423 0.000987 2
623 324 657 377 0.000961 2
324 189 341 199 0.000958 2
463 425 497 448 0.000958 2
803 184 852 231 0.000956 2
0 399 31 423 0.000930 2
659 375 675 386 0.000909 2
584 184 618 213 0.000909 2
154 398 213 418 0.000892 2
32 440 46 446 0.000891 2
623 323 666 373 0.000885 2
149 410 172 424 0.000880 2
649 374 664 387 0.000879 2
1263 169 1279 181 0.000878 2
735 464 745 471 0.000872 2
815 473 824 478 0.000867 2
521 174 572 203 0.000865 2
294 200 332 232 0.000860 2
0 248 16 294 0.000858 2
590 425 606 438 0.000841 2
803 184 851 240 0.000838 2
629 373 695 397 0.000827 2
646 448 693 463 0.000827 2
396 406 508 446 0.000826 2
1053 465 1069 471 0.000815 2
691 462 704 470 0.000810 2
447 201 465 222 0.000805 2
226 412 265 425 0.000804 2
1154 496 1184 510 0.000797 2
624 321 683 377 0.000796 2
30 403 63 423 0.000790 2
448 414 498 444 0.000784 2
455 202 465 216 0.000784 2
663 194 692 223 0.000777 2
1264 353 1279 368 0.000758 2
996 191 1046 227 0.000755 2
309 183 334 197 0.000752 2
623 324 659 372 0.000748 2
690 455 704 465 0.000729 2
624 320 680 370 0.000718 2
1264 350 1279 367 0.000712 2
975 456 983 463 0.000708 2
291 175 313 198 0.000707 2
593 424 608 437 0.000692 2
462 412 528 447 0.000688 2
1131 232 1160 247 0.000685 2
815 327 847 344 0.000684 2
503 312 528 335 0.000680 2
590 451 604 460 0.000679 2
599 463 608 469 0.000679 2
602 366 624 392 0.000674 2
0 280 16 294 0.000669 2
821 329 848 347 0.000665 2
1264 367 1279 375 0.000653 2
917 455 973 465 0.000649 2
1016 338 1024 345 0.000648 2
385 198 398 206 0.000647 2
288 175 311 198 0.000645 2
1026 319 1088 343 0.000639 2
806 229 824 238 0.000638 2
684 375 695 384 0.000633 2
1264 366 1279 414 0.000623 2
144 398 177 422 0.000621 2
624 311 685 369 0.000620 2
0 245 15 294 0.000617 2
670 433 678 439 0.000616 2
593 365 624 393 0.000616 2
623 323 664 368 0.000615 2
1022 446 1037 458 0.000609 2
424 423 465 444 0.000602 2
639 456 650 461 0.000602 2
961 201 986 213 0.000577 2
1141 497 1176 510 0.000572 2
650 374 693 387 0.000570 2
544 427 590 439 0.000569 2
1199 472 1216 483 0.000567 2
969 206 987 245 0.000566 2
628 453 640 461 0.000562 2
273 185 288 194 0.000561 2
674 194 692 215 0.000556 2
623 317 667 365 0.000556 2
1197 471 1214 484 0.000555 2
718 458 747 471 0.000554 2
1262 169 1279 204 0.000554 2
296 199 332 232 0.000551 2
661 273 690 283 0.000544 2
1119 64 1148 76 0.000541 2
784 379 813 392 0.000540 2
632 472 639 479 0.000540 2
980 201 1032 236 0.000534 2
31 406 61 423 0.000534 2
305 185 324 201 0.000534 2
969 249 988 261 0.000533 2
1263 326 1279 368 0.000531 2
33 440 48 446 0.000530 2
216 409 264 426 0.000525 2
502 310 528 336 0.000520 2
448 422 490 445 0.000508 2
1263 362 1279 376 0.000500 2
32 399 64 423 0.000498 2
602 359 623 376 0.000496 2
35 399 111 424 0.000493 2
1029 318 1072 334 0.000493 2
1263 363 1279 413 0.000492 2
604 448 641 467 0.000490 2
413 400 516 439 0.000489 2
715 336 760 377 0.000488 2
395 413 499 445 0.000486 2
953 460 970 469 0.000485 2
510 437 528 450 0.000484 2
104 399 177 422 0.000483 2
146 396 211 417 0.000483 2
0 400 27 423 0.000482 2
458 408 505 446 0.000482 2
777 471 795 476 0.000481 2
462 408 518 445 0.000478 2
944 456 961 466 0.000477 2
462 408 513 446 0.000476 2
600 366 624 389 0.000475 2
624 321 681 378 0.000471 2
657 378 680 393 0.000471 2
631 575 640 584 0.000470 2
1262 462 1279 482 0.000470 2
749 440 766 448 0.000469 2
623 326 658 377 0.000467 2
993 455 1010 465 0.000465 2
706 455 758 471 0.000459 2
46 439 63 446 0.000458 2
599 319 608 329 0.000458 2
623 335 654 377 0.000458 2
1022 306 1089 336 0.000455 2
649 374 696 386 0.000451 2
77 569 96 583 0.000446 2
1151 448 1165 458 0.000445 2
146 396 196 421 0.000438 2
911 448 924 456 0.000438 2
716 329 758 373 0.000438 2
467 429 527 449 0.000436 2
83 399 180 422 0.000432 2
699 455 762 471 0.000431 2
511 343 522 350 0.000426 2
323 199 387 234 0.000425 2
784 378 813 392 0.000425 2
108 396 145 425 0.000421 2
175 400 204 417 0.000419 2
322 448 402 472 0.000417 2
1151 470 1168 480 0.000414 2
46 437 80 451 0.000412 2
647 449 656 461 0.000411 2
628 372 695 398 0.000409 2
462 417 547 442 0.000406 2
450 206 465 222 0.000396 2
1223 164 1280 211 0.000394 2
35 568 96 593 0.000390 2
990 459 1023 472 0.000383 2
671 462 681 470 0.000381 2
966 201 989 218 0.000380 2
237 407 264 423 0.000379 2
624 316 695 385 0.000377 2
0 396 32 423 0.000375 2
586 180 701 217 0.000374 2
628 362 665 396 0.000368 2
661 273 689 283 0.000363 2
81 402 144 425 0.000362 2
712 457 750 471 0.000361 2
902 203 993 258 0.000361 2
623 322 658 361 0.000361 2
670 458 705 471 0.000360 2
392 399 512 437 0.000360 2
632 368 653 386 0.000358 2
0 255 47 295 0.000357 2
597 423 618 434 0.000357 2
387 406 508 444 0.000354 2
638 264 697 283 0.000348 2
487 469 496 479 0.000346 2
0 404 61 424 0.000343 2
672 432 692 440 0.000339 2
1115 184 1194 248 0.000334 2
436 403 517 440 0.000333 2
22 400 157 425 0.000331 2
0 469 12 477 0.000330 2
73 569 96 582 0.000329 2
0 403 57 423 0.000329 2
215 407 265 425 0.000328 2
511 436 527 451 0.000328 2
95 415 106 424 0.000327 2
448 434 464 446 0.000325 2
40 436 80 469 0.000325 2
359 409 368 415 0.000323 2
356 216 369 230 0.000319 2
951 461 966 469 0.000317 2
1148 269 1279 350 0.000315 2
1022 319 1051 336 0.000315 2
629 356 694 390 0.000314 2
211 409 265 426 0.000314 2
5 397 69 423 0.000312 2
255 197 271 210 0.000311 2
719 334 737 350 0.000311 2
658 430 676 440 0.000310 2
44 568 96 586 0.000310 2
1149 274 1279 353 0.000309 2
577 447 593 460 0.000309 2
683 186 729 236 0.000308 2
271 184 299 204 0.000307 2
96 408 131 426 0.000305 2
702 301 768 342 0.000299 2
710 455 757 471 0.000297 2
0 281 9 294 0.000295 2
416 415 431 422 0.000295 2
668 383 680 393 0.000291 2
320 407 337 413 0.000289 2
199 440 272 465 0.000288 2
1047 456 1057 466 0.000285 2
1038 453 1095 471 0.000283 2
34 398 90 423 0.000283 2
63 405 96 424 0.000283 2
937 203 986 249 0.000282 2
872 177 944 207 0.000281 2
330 407 384 471 0.000280 2
163 407 275 447 0.000280 2
783 327 848 363 0.000280 2
45 437 80 451 0.000279 2
1002 440 1041 456 0.000279 2
662 273 691 283 0.000279 2
639 463 650 471 0.000277 2
1020 319 1051 342 0.000277 2
319 408 336 413 0.000276 2
324 200 354 234 0.000276 2
1051 456 1065 467 0.000276 2
322 403 387 470 0.000275 2
186 408 266 443 0.000274 2
115 462 128 471 0.000274 2
563 199 586 215 0.000273 2
1264 328 1279 369 0.000273 2
717 336 738 361 0.000270 2
717 337 745 377 0.000269 2
631 375 689 399 0.000268 2
670 387 686 398 0.000268 2
200 407 313 458 0.000268 2
42 403 99 429 0.000266 2
36 402 96 424 0.000263 2
307 406 372 442 0.000262 2
317 200 333 272 0.000260 2
843 439 866 454 0.000257 2
710 301 768 345 0.000256 2
639 264 693 283 0.000256 2
696 455 753 470 0.000256 2
0 257 47 295 0.000255 2
44 434 131 452 0.000252 2
1263 365 1279 419 0.000252 2
783 353 815 392 0.000252 2
627 344 697 396 0.000251 2
104 463 128 472 0.000251 2
174 392 215 417 0.000251 2
607 357 623 376 0.000250 2
625 345 657 380 0.000250 2
63 424 71 431 0.000249 2
1024 318 1090 348 0.000248 2
991 441 1027 459 0.000248 2
184 402 268 434 0.000247 2
463 425 504 449 0.000246 2
884 439 904 456 0.000245 2
321 406 382 452 0.000245 2
671 455 697 471 0.000244 2
1110 165 1203 249 0.000244 2
415 423 463 443 0.000244 2
575 445 595 466 0.000241 2
626 346 646 379 0.000241 2
495 242 517 251 0.000240 2
191 440 273 466 0.000240 2
39 434 80 468 0.000239 2
1167 274 1279 355 0.000239 2
323 402 385 439 0.000238 2
871 176 939 195 0.000238 2
624 315 680 393 0.000237 2
65 408 96 424 0.000237 2
1224 161 1273 208 0.000236 2
974 480 988 487 0.000234 2
110 406 144 439 0.000234 2
1031 311 1088 338 0.000233 2
331 206 354 234 0.000232 2
622 170 659 211 0.000230 2
1026 313 1089 344 0.000230 2
465 408 516 426 0.000229 2
640 449 648 459 0.000229 2
323 408 385 475 0.000228 2
147 398 229 424 0.000226 2
614 369 660 400 0.000226 2
600 455 674 473 0.000225 2
62 255 91 265 0.000225 2
743 438 790 452 0.000222 2
711 308 759 342 0.000221 2
623 359 635 378 0.000220 2
623 326 655 377 0.000220 2
1230 164 1278 181 0.000217 2
45 436 81 451 0.000217 2
1264 367 1279 417 0.000217 2
1128 327 1150 343 0.000216 2
1166 265 1279 351 0.000214 2
448 424 467 451 0.000213 2
335 201 379 231 0.000213 2
779 343 841 376 0.000212 2
496 471 540 487 0.000211 2
976 456 1025 472 0.000210 2
100 463 120 471 0.000210 2
701 302 768 341 0.000210 2
658 176 692 217 0.000209 2
1036 461 1075 472 0.000209 2
356 415 384 443 0.000209 2
320 407 385 435 0.000209 2
991 358 1024 401 0.000208 2
323 406 384 472 0.000208 2
175 393 216 417 0.000208 2
624 363 645 383 0.000207 2
783 378 812 392 0.000207 2
655 428 667 439 0.000205 2
689 447 703 457 0.000205 2
335 425 352 442 0.000205 2
1178 163 1226 216 0.000204 2
62 406 96 426 0.000203 2
623 312 674 361 0.000203 2
149 402 283 448 0.000201 2
650 182 670 215 0.000201 2
35 436 80 468 0.000200 2
1167 237 1279 356 0.000200 2
318 406 380 437 0.000200 2
208 404 264 426 0.000199 2
30 567 96 599 0.000197 2
94 400 178 439 0.000196 2
322 405 385 447 0.000195 2
221 411 265 429 0.000194 2
463 421 496 455 0.000194 2
111 409 135 431 0.000194 2
1028 310 1088 337 0.000193 2
1174 221 1279 297 0.000192 2
587 165 623 198 0.000191 2
718 325 753 362 0.000190 2
367 419 384 435 0.000189 2
623 342 651 378 0.000188 2
335 427 351 441 0.000187 2
328 407 373 418 0.000187 2
710 459 724 471 0.000187 2
457 406 516 428 0.000186 2
494 408 516 423 0.000185 2
1174 225 1279 299 0.000184 2
378 418 470 443 0.000184 2
821 327 863 346 0.000184 2
934 457 1025 473 0.000182 2
219 407 308 460 0.000181 2
1048 311 1089 338 0.000181 2
332 408 363 442 0.000181 2
155 398 220 424 0.000180 2
581 188 614 215 0.000180 2
207 440 272 465 0.000179 2
841 439 879 455 0.000178 2
832 439 868 452 0.000178 2
231 194 278 233 0.000178 2
0 469 15 479 0.000177 2
638 353 697 387 0.000177 2
1264 464 1279 481 0.000176 2
623 276 681 354 0.000175 2
633 359 695 387 0.000174 2
1096 151 1209 234 0.000174 2
771 470 796 477 0.000173 2
500 310 529 351 0.000173 2
487 466 496 475 0.000172 2
712 357 742 378 0.000172 2
52 568 96 583 0.000171 2
614 448 640 460 0.000170 2
624 280 677 380 0.000169 2
1061 318 1134 344 0.000169 2
635 378 690 399 0.000169 2
737 197 775 220 0.000169 2
305 406 379 445 0.000168 2
76 408 96 425 0.000167 2
309 406 363 444 0.000167 2
198 406 309 456 0.000167 2
265 172 315 196 0.000166 2
26 397 116 424 0.000166 2
31 435 80 468 0.000166 2
1022 440 1041 452 0.000166 2
1264 317 1279 376 0.000166 2
323 406 371 416 0.000164 2
42 435 80 469 0.000164 2
495 480 523 487 0.000164 2
623 310 667 362 0.000164 2
40 434 130 471 0.000164 2
44 434 129 453 0.000163 2
607 448 624 469 0.000164 2
493 408 513 422 0.000163 2
1168 253 1279 356 0.000162 2
0 279 30 295 0.000161 2
601 456 648 470 0.000161 2
389 423 407 435 0.000161 2
619 339 672 398 0.000160 2
390 415 432 422 0.000160 2
199 407 313 435 0.000160 2
345 213 370 232 0.000159 2
0 393 84 424 0.000158 2
393 421 467 443 0.000157 2
492 408 523 428 0.000156 2
859 135 938 153 0.000156 2
168 393 222 424 0.000156 2
1204 250 1280 295 0.000155 2
217 440 273 463 0.000155 2
34 406 64 443 0.000154 2
353 201 385 231 0.000154 2
1224 177 1279 206 0.000154 2
847 135 938 153 0.000152 2
46 408 64 442 0.000152 2
840 439 867 455 0.000151 2
392 399 506 427 0.000151 2
109 409 132 432 0.000150 2
1043 310 1089 336 0.000150 2
1005 323 1046 360 0.000148 2
911 440 936 455 0.000148 2
734 201 781 233 0.000146 2
345 411 442 450 0.000146 2
293 199 390 270 0.000146 2
1264 321 1279 369 0.000146 2
103 402 176 436 0.000146 2
240 412 265 430 0.000146 2
0 400 67 458 0.000145 2
623 355 635 377 0.000145 2
860 136 938 153 0.000144 2
474 199 519 231 0.000144 2
594 199 664 226 0.000144 2
1054 311 1093 340 0.000144 2
1048 317 1089 344 0.000144 2
267 446 318 468 0.000143 2
442 391 520 432 0.000143 2
31 437 82 467 0.000142 2
624 311 681 358 0.000142 2
1110 471 1122 478 0.000141 2
848 438 878 454 0.000141 2
597 358 624 376 0.000141 2
384 419 449 437 0.000140 2
454 404 515 431 0.000139 2
334 198 388 229 0.000138 2
343 197 388 230 0.000138 2
464 426 496 455 0.000137 2
221 407 307 436 0.000137 2
384 422 417 469 0.000137 2
386 417 463 443 0.000136 2
324 418 384 472 0.000136 2
1047 310 1137 345 0.000136 2
170 393 225 424 0.000135 2
832 439 877 455 0.000135 2
1116 313 1169 344 0.000134 2
673 423 695 435 0.000134 2
166 407 274 466 0.000133 2
505 438 528 454 0.000133 2
1119 64 1151 79 0.000132 2
199 409 316 468 0.000131 2
386 419 457 447 0.000130 2
1226 178 1278 229 0.000130 2
478 309 517 351 0.000130 2
327 414 424 474 0.000129 2
30 438 80 459 0.000128 2
211 167 330 224 0.000128 2
1222 159 1278 182 0.000127 2
493 408 530 428 0.000126 2
1120 64 1178 74 0.000125 2
385 423 415 463 0.000125 2
495 471 514 486 0.000124 2
30 402 64 451 0.000124 2
2 500 82 578 0.000124 2
588 199 662 226 0.000124 2
386 418 445 437 0.000122 2
536 406 558 425 0.000121 2
320 407 362 415 0.000120 2
196 410 310 466 0.000118 2
1200 264 1280 296 0.000118 2
889 439 915 459 0.000117 2
1254 313 1279 413 0.000117 2
202 392 264 425 0.000116 2
264 178 324 274 0.000116 2
630 348 670 379 0.000115 2
629 343 691 379 0.000115 2
903 274 1115 339 0.000115 2
363 408 384 433 0.000115 2
623 470 640 482 0.000115 2
648 450 675 471 0.000115 2
1002 321 1054 371 0.000115 2
500 309 529 352 0.000113 2
158 245 215 298 0.000113 2
154 405 282 466 0.000113 2
1018 309 1088 345 0.000112 2
719 492 736 504 0.000112 2
312 198 387 268 0.000111 2
1071 325 1088 342 0.000111 2
0 265 45 295 0.000110 2
170 392 224 424 0.000110 2
586 423 651 457 0.000110 2
164 280 212 299 0.000110 2
184 408 272 466 0.000110 2
482 198 519 227 0.000110 2
495 479 516 487 0.000109 2
1016 320 1043 351 0.000109 2
608 370 659 407 0.000109 2
383 453 405 471 0.000107 2
1258 277 1279 297 0.000107 2
898 135 938 152 0.000107 2
1221 249 1280 296 0.000107 2
957 456 975 470 0.000107 2
106 400 144 458 0.000106 2
742 441 793 470 0.000106 2
1199 303 1227 311 0.000106 2
64 569 96 593 0.000106 2
383 423 416 470 0.000105 2
638 688 693 703 0.000105 2
645 455 659 471 0.000105 2
25 568 96 592 0.000104 2
211 406 310 436 0.000104 2
20 514 43 526 0.000104 2
331 401 385 435 0.000104 2
1248 309 1279 371 0.000104 2
511 439 528 453 0.000103 2
638 438 681 451 0.000103 2
144 406 176 434 0.000102 2
623 327 654 361 0.000102 2
7 200 609 400 0.000101 2
437 392 521 432 0.000100 2
976 447 986 457 0.000100 2
306 409 320 416 0.000100 2
1054 208 1139 295 0.000100 2
480 169 518 216 0.011746 5
479 167 566 216 0.011065 5
479 169 517 216 0.010347 5
479 168 519 217 0.009497 5
443 169 517 218 0.008616 5
470 168 517 217 0.007775 5
480 167 577 213 0.007162 5
481 168 578 211 0.005094 5
478 168 518 217 0.003393 5
479 167 521 216 0.002863 5
481 180 518 216 0.002004 5
701 181 1277 345 0.000883 5
830 135 939 164 0.000707 5
829 135 939 166 0.000678 5
828 136 939 172 0.000568 5
708 181 1277 361 0.000528 5
471 171 505 212 0.000509 5
1176 164 1279 269 0.000476 5
448 147 526 172 0.000383 5
685 175 1272 346 0.000378 5
1261 168 1279 220 0.000321 5
458 152 522 171 0.000263 5
462 163 522 204 0.000262 5
470 167 506 208 0.000260 5
734 181 1276 313 0.000237 5
1007 183 1055 223 0.000185 5
755 188 1275 316 0.000175 5
1225 172 1267 235 0.000167 5
442 162 508 231 0.000166 5
478 166 522 204 0.000134 5
468 144 525 166 0.000107 5
679 244 1279 497 0.060100 6
662 230 1279 497 0.058386 6
654 211 1277 500 0.041779 6
641 264 1245 477 0.040175 6
664 208 1279 491 0.034144 6
644 199 1277 502 0.030316 6
665 241 1278 505 0.029013 6
641 252 1260 480 0.025274 6
665 227 1276 506 0.024654 6
643 185 1276 496 0.021817 6
1019 468 1271 510 0.021205 6
640 264 1191 478 0.016293 6
640 265 1134 482 0.016258 6
1120 411 1279 484 0.014952 6
640 193 1275 486 0.014521 6
1023 469 1271 511 0.013610 6
640 263 1087 482 0.013487 6
1015 467 1270 509 0.013122 6
1119 409 1280 479 0.012430 6
1017 469 1271 506 0.011660 6
1123 415 1279 483 0.011555 6
1120 365 1279 483 0.010349 6
675 459 1274 506 0.009687 6
642 259 1250 411 0.009371 6
668 253 1279 503 0.008776 6
663 450 1276 506 0.008536 6
1125 428 1279 484 0.008111 6
712 460 1275 509 0.008077 6
670 430 1278 504 0.007472 6
645 239 1275 499 0.007459 6
666 454 1274 507 0.007348 6
1015 470 1276 513 0.007060 6
673 440 1274 508 0.006980 6
1007 467 1271 507 0.006908 6
672 446 1276 507 0.006430 6
640 263 962 473 0.006418 6
1011 469 1275 512 0.006355 6
684 226 1278 490 0.006268 6
1043 270 1279 489 0.005962 6
665 422 1279 490 0.005900 6
822 466 1275 510 0.005827 6
643 271 1236 483 0.005775 6
662 300 1278 507 0.005706 6
643 234 1254 419 0.005669 6
669 445 1273 511 0.005413 6
640 264 1019 481 0.005393 6
640 264 1259 464 0.005334 6
1106 405 1280 473 0.005256 6
640 265 1216 473 0.004932 6
1048 251 1279 488 0.004583 6
704 408 890 473 0.004517 6
1121 386 1279 479 0.004465 6
470 167 580 213 0.004308 6
681 436 1277 508 0.004178 6
1059 273 1279 489 0.003995 6
1135 381 1279 486 0.003913 6
680 276 1279 507 0.003877 6
658 354 1277 492 0.003762 6
938 254 1279 489 0.003741 6
1002 398 1280 474 0.003726 6
1016 408 1279 506 0.003675 6
1100 412 1280 488 0.003636 6
1153 428 1279 486 0.003404 6
920 263 1279 493 0.003369 6
780 452 1028 485 0.003349 6
342 408 705 463 0.003308 6
1015 400 1280 472 0.003284 6
650 177 1275 477 0.003275 6
679 187 1279 479 0.003264 6
344 406 705 463 0.003080 6
727 261 1279 500 0.003053 6
704 410 881 475 0.003035 6
805 250 1279 494 0.002964 6
661 435 1276 513 0.002924 6
670 334 1278 508 0.002801 6
1029 399 1280 470 0.002768 6
705 408 886 471 0.002750 6
1059 264 1279 485 0.002726 6
1002 411 1278 510 0.002716 6
651 400 1030 485 0.002687 6
1115 399 1280 472 0.002629 6
1022 312 1279 497 0.002620 6
794 453 1025 486 0.002604 6
999 394 1279 475 0.002596 6
1020 397 1280 470 0.002568 6
640 265 1062 426 0.002526 6
440 405 704 464 0.002515 6
657 402 1188 486 0.002510 6
640 259 1206 371 0.002502 6
1027 265 1279 491 0.002390 6
1039 247 1279 491 0.002383 6
661 339 1279 505 0.002365 6
671 422 1150 486 0.002327 6
645 169 1273 438 0.002323 6
846 454 1025 486 0.002189 6
673 342 1275 508 0.002179 6
643 334 1044 485 0.002152 6
1032 420 1280 507 0.002089 6
1006 393 1276 470 0.002068 6
444 417 704 463 0.002053 6
718 415 880 476 0.001996 6
1055 341 1279 496 0.001989 6
625 254 959 447 0.001931 6
630 247 959 464 0.001864 6
756 414 1276 509 0.001794 6
781 432 1027 485 0.001789 6
640 263 1106 373 0.001758 6
738 444 857 472 0.001746 6
704 408 878 471 0.001740 6
1006 422 1280 499 0.001739 6
797 285 1279 507 0.001732 6
659 423 1045 486 0.001726 6
461 164 581 216 0.001722 6
739 436 932 480 0.001694 6
795 449 1024 485 0.001647 6
632 257 959 391 0.001613 6
833 453 1025 485 0.001600 6
681 203 1278 470 0.001538 6
744 437 881 479 0.001495 6
1023 475 1245 509 0.001473 6
707 435 884 473 0.001466 6
1033 454 1272 512 0.001448 6
640 279 1038 485 0.001446 6
708 438 896 473 0.001422 6
300 448 387 472 0.001405 6
611 264 958 483 0.001370 6
1178 162 1279 268 0.001367 6
459 407 705 449 0.001333 6
617 257 958 442 0.001325 6
497 406 703 464 0.001308 6
1055 241 1279 456 0.001302 6
877 454 1025 486 0.001292 6
641 273 1020 484 0.001277 6
339 407 709 471 0.001271 6
740 439 880 479 0.001255 6
735 432 980 482 0.001224 6
760 214 1279 448 0.001219 6
1142 368 1279 487 0.001211 6
1006 291 1279 502 0.001203 6
332 405 708 475 0.001199 6
631 262 958 389 0.001195 6
494 408 958 480 0.001195 6
745 441 835 472 0.001178 6
412 407 725 466 0.001163 6
737 439 880 479 0.001107 6
956 409 1277 511 0.001106 6
476 261 957 482 0.001093 6
557 419 703 465 0.001084 6
830 135 938 165 0.001059 6
733 414 942 479 0.001057 6
597 433 702 466 0.001036 6
652 420 1276 520 0.000995 6
921 240 1279 478 0.000995 6
630 265 958 386 0.000994 6
1136 369 1279 480 0.000990 6
393 402 952 479 0.000986 6
1053 236 1279 471 0.000959 6
1099 419 1278 510 0.000932 6
1007 464 1277 509 0.000925 6
1109 277 1279 491 0.000914 6
719 417 914 480 0.000907 6
1245 369 1279 498 0.000887 6
604 434 701 465 0.000878 6
707 409 881 473 0.000875 6
1128 350 1279 480 0.000855 6
646 414 1061 487 0.000853 6
1065 431 1274 511 0.000828 6
1011 468 1238 507 0.000827 6
1108 416 1275 510 0.000825 6
376 257 949 481 0.000811 6
603 424 703 464 0.000808 6
596 408 703 464 0.000801 6
1016 391 1278 470 0.000796 6
609 435 702 465 0.000788 6
1150 341 1266 421 0.000768 6
319 450 398 472 0.000749 6
867 453 1026 486 0.000747 6
596 415 702 464 0.000739 6
642 438 703 464 0.000737 6
406 409 949 488 0.000734 6
275 448 389 472 0.000727 6
318 447 392 472 0.000711 6
809 235 1279 488 0.000700 6
1230 440 1279 484 0.000695 6
605 434 703 464 0.000694 6
829 135 938 169 0.000673 6
641 439 701 461 0.000657 6
862 453 1120 488 0.000653 6
1060 248 1279 449 0.000651 6
1142 334 1270 420 0.000631 6
696 132 944 252 0.000598 6
715 411 958 474 0.000591 6
1179 354 1265 422 0.000590 6
1134 364 1279 478 0.000590 6
641 237 1229 374 0.000587 6
517 410 956 481 0.000580 6
1094 284 1280 502 0.000579 6
314 447 386 472 0.000566 6
746 439 878 480 0.000563 6
1055 212 1278 419 0.000530 6
602 408 703 465 0.000524 6
1086 388 1280 502 0.000522 6
1054 195 1279 418 0.000516 6
358 407 939 477 0.000516 6
588 259 956 442 0.000509 6
1144 340 1266 422 0.000507 6
642 439 701 464 0.000505 6
760 188 1278 350 0.000504 6
1176 339 1267 422 0.000493 6
947 462 1269 507 0.000492 6
1240 367 1279 495 0.000492 6
325 402 720 479 0.000491 6
1111 433 1279 510 0.000484 6
326 361 709 463 0.000478 6
702 412 899 472 0.000470 6
649 441 701 465 0.000456 6
730 403 946 472 0.000445 6
646 404 1038 489 0.000441 6
1019 338 1275 470 0.000440 6
1181 352 1268 424 0.000426 6
1038 333 1279 470 0.000417 6
951 219 1279 406 0.000410 6
1128 340 1277 471 0.000410 6
757 435 945 484 0.000402 6
1112 268 1279 487 0.000388 6
843 433 950 484 0.000377 6
1176 148 1279 270 0.000374 6
1137 284 1278 423 0.000368 6
642 438 704 462 0.000358 6
480 369 703 446 0.000356 6
1225 442 1279 487 0.000351 6
799 410 1036 485 0.000343 6
1056 179 1278 355 0.000337 6
829 134 940 165 0.000320 6
1144 288 1278 422 0.000317 6
977 400 1280 508 0.000306 6
1 75 472 393 0.000304 6
336 352 712 462 0.000301 6
640 161 1114 383 0.000297 6
1149 425 1271 465 0.000292 6
641 438 699 460 0.000292 6
1062 137 1279 270 0.000284 6
395 254 949 457 0.000270 6
1064 333 1266 418 0.000269 6
649 613 1038 703 0.000269 6
703 408 842 463 0.000267 6
654 421 1239 522 0.000264 6
640 163 1032 380 0.000260 6
972 185 1278 346 0.000256 6
888 455 1276 551 0.000254 6
882 454 1094 492 0.000248 6
852 419 947 484 0.000247 6
598 415 821 468 0.000242 6
703 408 868 471 0.000241 6
655 611 1055 703 0.000237 6
0 69 483 384 0.000237 6
998 342 1274 469 0.000237 6
701 410 887 473 0.000236 6
1230 438 1279 485 0.000233 6
738 405 946 461 0.000232 6
766 338 1015 393 0.000231 6
822 133 939 164 0.000231 6
1055 332 1270 438 0.000230 6
656 434 1269 575 0.000228 6
833 476 1266 533 0.000226 6
862 187 1276 278 0.000223 6
679 458 1271 534 0.000222 6
502 373 702 446 0.000218 6
980 393 1278 472 0.000216 6
1221 440 1279 486 0.000216 6
1044 437 1246 490 0.000213 6
1060 184 1277 280 0.000209 6
674 447 1274 569 0.000208 6
325 64 703 246 0.000201 6
772 415 944 483 0.000200 6
1061 160 1278 327 0.000197 6
644 425 1102 539 0.000197 6
989 459 1275 551 0.000192 6
1208 439 1279 485 0.000190 6
1183 358 1279 482 0.000190 6
851 454 1122 494 0.000190 6
359 284 916 470 0.000189 6
361 252 921 467 0.000188 6
604 408 850 474 0.000187 6
1144 416 1269 460 0.000186 6
1254 366 1279 496 0.000183 6
866 417 944 483 0.000179 6
0 77 431 397 0.000178 6
622 435 709 469 0.000176 6
594 438 901 474 0.000176 6
333 394 873 567 0.000174 6
701 348 967 473 0.000173 6
641 413 1080 556 0.000171 6
644 442 1094 704 0.000170 6
594 405 786 468 0.000166 6
1124 338 1266 420 0.000165 6
1151 438 1271 472 0.000165 6
330 64 634 238 0.000164 6
771 339 1002 402 0.000164 6
711 357 951 476 0.000156 6
262 447 339 469 0.000154 6
467 139 580 213 0.000153 6
1237 420 1279 482 0.000151 6
443 161 496 219 0.000151 6
444 176 483 221 0.000149 6
1183 337 1279 429 0.000148 6
1214 347 1266 369 0.000148 6
893 455 1024 489 0.000148 6
0 90 338 400 0.000147 6
1014 392 1253 467 0.000147 6
1143 335 1266 418 0.000144 6
1019 464 1278 556 0.000144 6
643 438 704 458 0.000143 6
828 134 939 162 0.000142 6
1076 339 1246 409 0.000139 6
646 427 1248 590 0.000137 6
1010 462 1277 553 0.000132 6
1135 340 1268 422 0.000130 6
653 605 1135 704 0.000128 6
1062 338 1264 439 0.000127 6
485 374 701 441 0.000127 6
604 434 876 473 0.000126 6
814 393 1074 485 0.000125 6
460 143 526 169 0.000122 6
751 338 1056 395 0.000120 6
1068 453 1280 702 0.000119 6
404 75 616 224 0.000119 6
259 447 365 470 0.000119 6
1128 419 1273 459 0.000118 6
1187 331 1279 423 0.000117 6
287 447 389 471 0.000112 6
759 129 940 165 0.000108 6
775 407 943 467 0.000108 6
645 439 1072 704 0.000106 6
610 441 869 476 0.000104 6
593 407 659 434 0.000103 6
0 121 331 402 0.000102 6
742 337 996 392 0.000101 6
1214 348 1264 376 0.000101 6
587 183 655 216 0.265208 7
706 152 859 254 0.102557 7
866 177 937 230 0.101144 7
866 177 937 248 0.098770 7
587 181 655 216 0.086064 7
866 177 938 224 0.085425 7
866 177 938 233 0.081373 7
866 176 942 246 0.075322 7
708 152 859 237 0.067631 7
712 153 858 242 0.066698 7
698 152 861 239 0.037288 7
587 183 650 215 0.035369 7
866 177 938 246 0.034317 7
701 152 860 242 0.033111 7
863 177 940 220 0.030089 7
706 153 808 235 0.022264 7
708 153 819 234 0.021566 7
587 183 622 214 0.020524 7
865 176 938 217 0.020444 7
698 152 944 251 0.020341 7
864 177 937 216 0.019323 7
865 177 938 265 0.018611 7
551 173 580 207 0.016047 7
551 173 580 205 0.014692 7
865 177 945 220 0.014662 7
865 176 937 225 0.014126 7
1007 196 1052 228 0.012880 7
587 183 622 205 0.012692 7
802 177 856 240 0.012614 7
690 154 947 267 0.012482 7
586 185 655 216 0.012378 7
799 154 858 240 0.012206 7
711 155 809 238 0.010163 7
865 177 938 209 0.009915 7
1006 196 1054 228 0.009568 7
796 176 939 258 0.009448 7
1182 183 1279 268 0.009410 7
588 153 657 216 0.009183 7
692 153 809 234 0.009086 7
862 176 945 244 0.008196 7
799 169 936 245 0.007736 7
1182 223 1279 269 0.007596 7
710 155 806 235 0.007493 7
577 180 655 216 0.007260 7
586 152 658 216 0.007153 7
1007 196 1048 226 0.006875 7
1181 174 1279 268 0.006712 7
698 163 941 256 0.006333 7
481 169 579 211 0.006265 7
1007 195 1053 230 0.005704 7
864 181 955 259 0.005595 7
695 148 944 252 0.005415 7
690 152 864 238 0.005410 7
802 156 859 240 0.005285 7
868 177 938 235 0.005254 7
692 152 808 230 0.005044 7
587 183 621 202 0.004699 7
802 182 856 241 0.004464 7
1180 171 1279 270 0.004452 7
1180 167 1279 268 0.004269 7
676 152 947 277 0.003871 7
689 183 730 232 0.003862 7
1182 225 1279 269 0.003752 7
1182 211 1279 268 0.003747 7
802 181 855 240 0.003687 7
468 166 580 210 0.003178 7
1008 194 1053 228 0.003131 7
864 177 955 253 0.002831 7
661 269 768 372 0.002765 7
1008 194 1052 225 0.002740 7
799 152 932 239 0.002571 7
802 184 853 241 0.002474 7
1182 216 1279 267 0.002446 7
802 182 855 237 0.002327 7
586 182 650 208 0.002283 7
591 151 661 216 0.002283 7
617 151 949 332 0.002238 7
866 176 937 212 0.002165 7
1219 178 1279 268 0.002164 7
802 176 857 234 0.002016 7
583 157 659 218 0.001993 7
549 172 577 205 0.001891 7
866 176 937 216 0.001854 7
866 176 938 208 0.001833 7
690 161 805 236 0.001800 7
865 176 936 203 0.001786 7
479 162 580 210 0.001764 7
479 160 580 206 0.001670 7
875 178 938 245 0.001583 7
679 152 869 244 0.001572 7
1181 170 1279 264 0.001572 7
1008 194 1049 221 0.001502 7
653 271 767 377 0.001460 7
686 182 731 230 0.001384 7
586 181 672 219 0.001377 7
800 134 940 245 0.001340 7
549 171 656 215 0.001338 7
691 155 958 269 0.001310 7
1260 198 1279 269 0.001289 7
1223 174 1279 267 0.001277 7
630 257 959 385 0.001262 7
693 183 729 222 0.001232 7
1050 270 1273 350 0.001201 7
629 221 959 387 0.001188 7
1180 166 1278 260 0.001077 7
984 189 1054 227 0.001043 7
695 184 729 229 0.001024 7
627 149 958 385 0.001018 7
689 167 734 233 0.001008 7
1053 264 1276 349 0.000937 7
624 270 704 381 0.000930 7
480 161 579 213 0.000925 7
691 184 730 236 0.000916 7
1262 202 1279 270 0.000807 7
768 457 799 473 0.000804 7
802 160 857 224 0.000774 7
658 266 858 364 0.000771 7
759 168 857 270 0.000743 7
585 148 680 222 0.000705 7
707 135 862 237 0.000672 7
1195 167 1279 246 0.000649 7
692 270 855 374 0.000633 7
1055 265 1280 354 0.000627 7
587 183 655 217 0.000620 7
1054 269 1280 357 0.000588 7
697 183 729 223 0.000587 7
1073 267 1280 352 0.000585 7
1096 273 1280 413 0.000573 7
624 272 700 379 0.000570 7
802 174 858 235 0.000528 7
1070 171 1279 274 0.000525 7
603 148 949 367 0.000523 7
1179 163 1279 233 0.000515 7
1181 175 1230 266 0.000497 7
1074 272 1280 354 0.000479 7
693 126 946 251 0.000460 7
449 164 580 222 0.000459 7
621 165 958 383 0.000458 7
703 303 768 345 0.000444 7
991 197 1068 261 0.000444 7
573 88 665 219 0.000441 7
853 137 947 231 0.000440 7
865 175 938 208 0.000426 7
989 433 1040 458 0.000424 7
1053 264 1260 348 0.000413 7
1136 277 1278 422 0.000409 7
655 293 768 377 0.000393 7
678 294 768 373 0.000391 7
1070 272 1280 408 0.000391 7
699 161 807 236 0.000389 7
725 154 804 221 0.000371 7
1055 180 1279 367 0.000370 7
1054 252 1266 348 0.000357 7
826 135 938 170 0.000347 7
1124 274 1279 352 0.000340 7
1261 166 1279 245 0.000333 7
779 162 959 258 0.000333 7
582 142 941 372 0.000328 7
1052 174 1279 411 0.000315 7
1130 275 1279 382 0.000314 7
703 124 860 229 0.000312 7
706 166 789 231 0.000308 7
528 154 663 214 0.000305 7
571 135 888 241 0.000304 7
1077 173 1280 346 0.000294 7
731 151 806 212 0.000293 7
442 171 585 259 0.000292 7
725 151 806 216 0.000287 7
990 437 1035 456 0.000283 7
1223 178 1277 237 0.000279 7
713 160 805 219 0.000270 7
802 168 854 223 0.000258 7
1131 279 1278 418 0.000249 7
624 309 701 384 0.000243 7
812 176 1080 275 0.000242 7
718 167 791 231 0.000236 7
1006 183 1061 227 0.000230 7
731 152 804 223 0.000228 7
1219 160 1279 230 0.000226 7
717 128 939 233 0.000225 7
658 272 768 377 0.000222 7
300 196 332 232 0.000221 7
799 454 817 471 0.000220 7
583 158 688 217 0.000215 7
999 426 1039 456 0.000214 7
714 301 768 376 0.000212 7
867 275 1121 392 0.000206 7
1000 191 1108 241 0.000202 7
696 166 741 232 0.000195 7
691 111 927 246 0.000188 7
707 165 808 274 0.000185 7
445 174 467 219 0.000184 7
1182 157 1275 234 0.000183 7
889 275 1091 391 0.000178 7
712 303 768 352 0.000178 7
629 281 767 395 0.000178 7
700 165 781 229 0.000170 7
625 293 704 384 0.000168 7
863 141 885 177 0.000163 7
1178 170 1280 316 0.000163 7
666 81 902 244 0.000158 7
717 302 857 383 0.000157 7
701 118 850 228 0.000156 7
717 151 809 216 0.000154 7
692 121 814 228 0.000153 7
318 415 388 474 0.000151 7
470 64 934 276 0.000149 7
55 434 128 472 0.000148 7
513 73 665 222 0.000147 7
696 181 738 233 0.000144 7
703 266 853 380 0.000135 7
999 183 1052 220 0.000134 7
1055 245 1218 347 0.000134 7
733 152 804 209 0.000132 7
1052 252 1276 304 0.000132 7
683 127 730 230 0.000130 7
553 68 752 230 0.000127 7
79 434 128 472 0.000126 7
830 439 888 478 0.000121 7
933 248 1170 338 0.000119 7
805 161 857 197 0.000115 7
989 251 1153 340 0.000114 7
974 153 1060 231 0.000113 7
209 172 319 239 0.000111 7
708 164 793 220 0.000111 7
956 271 1167 344 0.000110 7
993 168 1061 230 0.000110 7
916 273 1188 341 0.000109 7
69 434 128 472 0.000107 7
589 151 672 206 0.000107 7
1056 266 1183 347 0.000107 7
1035 435 1094 465 0.000106 7
1056 224 1278 311 0.000106 7
731 170 794 230 0.000105 7
841 138 987 254 0.000101 7
295 199 326 233 0.000100 7
1090 150 1103 177 0.435695 9
1090 150 1103 178 0.426790 9
1089 150 1103 178 0.327250 9
1089 150 1103 178 0.300032 9
894 155 907 177 0.070839 9
895 154 907 177 0.063639 9
513 152 524 174 0.060378 9
513 151 524 170 0.056170 9
1089 151 1103 184 0.050477 9
239 179 246 190 0.047357 9
373 167 381 184 0.045723 9
365 167 374 189 0.045062 9
365 167 374 189 0.042029 9
1198 385 1207 415 0.038775 9
1090 151 1103 182 0.038134 9
239 178 246 191 0.032703 9
513 151 523 179 0.031514 9
553 173 573 202 0.029917 9
1013 138 1024 168 0.029046 9
895 153 908 177 0.028949 9
1198 385 1208 415 0.028234 9
552 173 573 201 0.027475 9
119 64 159 78 0.026795 9
1013 140 1024 169 0.025195 9
895 153 908 177 0.023382 9
1013 140 1025 170 0.022960 9
990 680 1008 703 0.022867 9
313 151 341 194 0.022733 9
558 183 567 197 0.020951 9
119 64 161 78 0.020461 9
990 680 1010 703 0.020432 9
1124 164 1146 184 0.020096 9
448 157 490 170 0.019420 9
1215 167 1224 183 0.018692 9
312 150 341 190 0.017884 9
990 680 1006 703 0.017087 9
513 150 524 172 0.016169 9
1207 167 1216 193 0.015885 9
362 167 370 189 0.015801 9
878 155 891 169 0.015619 9
365 167 374 189 0.014505 9
513 151 524 171 0.014393 9
966 373 977 391 0.014378 9
257 142 268 160 0.014232 9
513 151 524 173 0.014003 9
258 142 268 160 0.013969 9
1197 384 1207 415 0.013568 9
1207 169 1215 191 0.013413 9
259 142 268 160 0.013399 9
1013 139 1024 171 0.013308 9
449 157 490 171 0.012971 9
989 679 1011 703 0.012870 9
257 143 267 160 0.012656 9
372 167 381 187 0.012577 9
989 680 1013 703 0.012445 9
224 183 231 193 0.012198 9
552 173 576 201 0.012160 9
550 173 580 204 0.011870 9
1114 163 1146 185 0.010718 9
119 64 162 79 0.010671 9
880 156 895 173 0.010613 9
989 679 1012 703 0.010599 9
119 64 182 79 0.010456 9
965 373 979 391 0.010032 9
863 165 870 183 0.009967 9
895 151 909 177 0.009782 9
448 157 490 170 0.009597 9
523 183 535 196 0.009520 9
1126 162 1146 185 0.009481 9
372 167 381 186 0.009063 9
1126 164 1146 185 0.009021 9
1124 163 1146 185 0.008945 9
865 164 870 182 0.008671 9
867 159 880 177 0.008522 9
119 64 178 78 0.008462 9
1214 167 1224 185 0.008219 9
868 154 881 176 0.007915 9
1089 150 1105 179 0.007774 9
545 167 552 179 0.007747 9
119 64 188 81 0.007685 9
990 680 1013 703 0.007667 9
362 167 370 189 0.007390 9
119 64 201 89 0.007085 9
681 166 687 183 0.007006 9
513 163 523 184 0.006945 9
1199 387 1215 416 0.006898 9
878 153 892 169 0.006612 9
169 64 201 91 0.006305 9
665 181 671 198 0.006199 9
313 148 341 192 0.006143 9
119 64 199 87 0.006071 9
1198 384 1216 415 0.005822 9
519 182 546 198 0.005733 9
1230 167 1247 181 0.005731 9
1230 166 1247 181 0.005639 9
166 64 201 91 0.005573 9
312 150 342 192 0.005552 9
1190 386 1202 401 0.005484 9
155 64 202 91 0.005374 9
895 154 908 177 0.005318 9
883 155 897 176 0.005291 9
1104 169 1120 187 0.005249 9
166 64 178 76 0.005227 9
257 179 262 190 0.005196 9
513 151 527 180 0.005147 9
94 152 104 176 0.005147 9
1199 383 1211 416 0.004988 9
523 183 536 198 0.004974 9
1188 383 1209 415 0.004957 9
855 284 862 295 0.004797 9
1089 149 1104 191 0.004780 9
865 153 880 176 0.004756 9
449 158 486 171 0.004689 9
695 177 704 198 0.004685 9
95 151 105 176 0.004669 9
1154 159 1168 184 0.004667 9
1014 134 1025 169 0.004525 9
1196 383 1216 415 0.004196 9
118 64 201 91 0.004173 9
172 64 202 90 0.004131 9
545 168 564 200 0.004093 9
158 64 202 91 0.004018 9
966 371 982 391 0.003957 9
1191 385 1206 402 0.003926 9
968 372 981 391 0.003832 9
1125 162 1146 185 0.003827 9
680 167 687 184 0.003794 9
313 152 347 199 0.003780 9
879 152 900 175 0.003738 9
865 152 882 176 0.003685 9
118 64 166 79 0.003559 9
1207 167 1216 200 0.003542 9
965 373 977 393 0.003450 9
983 372 992 391 0.003282 9
171 64 201 90 0.003267 9
569 161 580 178 0.003241 9
1228 166 1248 181 0.003237 9
312 151 341 197 0.003227 9
878 154 895 176 0.003146 9
983 374 992 391 0.003115 9
534 169 576 201 0.003066 9
957 339 992 391 0.003059 9
120 64 185 81 0.003053 9
544 168 576 204 0.003029 9
361 167 370 189 0.003007 9
119 64 202 92 0.002932 9
950 347 960 387 0.002919 9
1153 157 1168 184 0.002891 9
694 176 704 198 0.002891 9
1006 137 1023 171 0.002869 9
163 64 184 76 0.002868 9
690 168 697 180 0.002839 9
1118 343 1135 384 0.002785 9
1118 342 1134 385 0.002784 9
159 64 184 82 0.002782 9
1154 161 1168 184 0.002769 9
783 338 816 391 0.002752 9
998 134 1009 180 0.002743 9
521 183 536 199 0.002728 9
1012 137 1025 174 0.002708 9
545 163 581 206 0.002701 9
1006 138 1022 172 0.002676 9
515 170 548 190 0.002674 9
950 349 960 388 0.002671 9
698 132 704 152 0.002643 9
571 161 580 178 0.002634 9
448 157 491 178 0.002623 9
1001 136 1018 176 0.002618 9
518 172 546 185 0.002604 9
956 338 991 393 0.002603 9
512 164 549 193 0.002554 9
448 157 490 179 0.002535 9
950 345 960 385 0.002496 9
815 142 824 155 0.002461 9
241 165 247 178 0.002447 9
111 151 128 164 0.002359 9
95 151 105 176 0.002328 9
158 64 176 75 0.002316 9
312 97 341 195 0.002282 9
1005 137 1021 171 0.002167 9
570 162 580 179 0.002159 9
586 170 599 185 0.002104 9
698 133 704 152 0.002097 9
159 64 197 92 0.002034 9
1211 167 1224 201 0.002024 9
997 135 1008 176 0.002022 9
239 176 252 196 0.002020 9
983 679 1009 703 0.002009 9
664 170 671 189 0.001995 9
1007 137 1023 172 0.001970 9
312 167 340 196 0.001961 9
1097 163 1148 185 0.001957 9
783 329 819 392 0.001954 9
1194 380 1217 416 0.001949 9
1206 388 1257 426 0.001933 9
965 369 980 390 0.001897 9
1182 386 1200 411 0.001890 9
514 167 548 184 0.001866 9
959 342 970 371 0.001862 9
959 338 969 362 0.001860 9
571 161 580 178 0.001857 9
1213 370 1223 386 0.001848 9
845 151 858 166 0.001842 9
864 151 880 173 0.001821 9
448 154 490 170 0.001821 9
1094 163 1145 185 0.001789 9
587 166 601 184 0.001788 9
949 351 961 390 0.001779 9
1192 164 1202 186 0.001776 9
587 165 603 184 0.001775 9
981 680 1008 703 0.001773 9
1184 386 1258 427 0.001767 9
312 148 338 192 0.001765 9
312 153 342 196 0.001716 9
980 680 1009 703 0.001714 9
1229 166 1247 181 0.001683 9
1183 348 1193 381 0.001677 9
521 169 547 181 0.001652 9
587 170 602 185 0.001652 9
1199 381 1258 426 0.001637 9
842 119 858 135 0.001630 9
957 346 995 392 0.001624 9
955 338 980 391 0.001597 9
1198 382 1212 417 0.001587 9
119 64 194 92 0.001578 9
1118 345 1136 385 0.001556 9
1247 330 1263 359 0.001555 9
973 368 984 390 0.001546 9
1135 345 1143 359 0.001544 9
907 105 928 120 0.001533 9
665 184 671 203 0.001515 9
1118 340 1136 385 0.001515 9
1189 161 1202 187 0.001504 9
1192 166 1202 185 0.001495 9
830 341 842 362 0.001464 9
1221 406 1231 424 0.001446 9
1208 168 1217 201 0.001444 9
1103 168 1120 188 0.001443 9
830 337 847 362 0.001441 9
312 84 367 198 0.001440 9
1183 357 1192 380 0.001421 9
1096 130 1107 173 0.001419 9
1014 143 1029 169 0.001417 9
957 339 975 390 0.001417 9
974 353 994 391 0.001410 9
993 134 1001 169 0.001410 9
211 167 218 176 0.001404 9
155 64 188 92 0.001402 9
842 151 858 166 0.001389 9
521 181 545 200 0.001387 9
1222 389 1257 426 0.001376 9
701 118 717 128 0.001374 9
256 177 262 191 0.001373 9
1226 161 1248 181 0.001372 9
1183 384 1193 409 0.001371 9
843 119 860 135 0.001371 9
1106 165 1146 185 0.001363 9
1089 150 1109 179 0.001362 9
958 337 982 383 0.001349 9
1168 382 1179 392 0.001340 9
694 180 703 199 0.001334 9
701 118 720 129 0.001317 9
907 104 928 120 0.001315 9
1120 349 1136 385 0.001307 9
960 343 994 391 0.001287 9
503 312 512 335 0.001283 9
1181 377 1259 426 0.001277 9
1175 381 1186 391 0.001273 9
1090 153 1110 181 0.001256 9
1247 341 1262 368 0.001243 9
997 135 1008 176 0.001238 9
905 87 928 120 0.001235 9
248 177 257 192 0.001227 9
1225 164 1232 181 0.001224 9
1102 167 1121 186 0.001218 9
842 119 865 136 0.001209 9
446 156 492 215 0.001209 9
800 141 811 155 0.001208 9
1046 156 1056 168 0.001198 9
845 119 864 136 0.001196 9
1013 134 1035 170 0.001191 9
838 151 851 163 0.001186 9
483 173 496 184 0.001185 9
1118 339 1134 385 0.001179 9
841 119 852 133 0.001179 9
981 352 994 383 0.001155 9
993 135 1001 169 0.001150 9
981 143 992 156 0.001149 9
1050 121 1056 133 0.001131 9
247 176 257 192 0.001130 9
921 339 993 391 0.001126 9
1180 381 1193 392 0.001126 9
961 373 979 391 0.001118 9
680 168 690 204 0.001113 9
949 342 961 381 0.001100 9
687 169 694 185 0.001096 9
1090 148 1110 178 0.001095 9
996 131 1008 174 0.001092 9
767 103 785 153 0.001091 9
557 171 582 203 0.001071 9
1229 388 1256 426 0.001064 9
576 281 595 332 0.001063 9
996 136 1008 174 0.001062 9
661 153 671 173 0.001059 9
871 120 879 132 0.001058 9
312 144 351 195 0.001057 9
980 141 993 163 0.001030 9
968 174 976 186 0.001027 9
932 343 957 384 0.001024 9
575 274 601 338 0.001013 9
596 132 602 142 0.001007 9
1247 337 1263 378 0.001007 9
1118 335 1136 386 0.001006 9
960 372 979 393 0.001004 9
1181 384 1209 416 0.001003 9
996 135 1009 175 0.001000 9
576 279 597 337 0.001000 9
1048 171 1056 184 0.000990 9
789 362 815 392 0.000989 9
742 360 753 375 0.000979 9
446 156 492 185 0.000974 9
1171 148 1184 162 0.000972 9
1160 424 1168 440 0.000960 9
980 350 993 375 0.000955 9
256 129 268 160 0.000947 9
665 321 675 348 0.000945 9
448 154 491 171 0.000943 9
111 150 128 165 0.000940 9
256 143 269 176 0.000940 9
800 132 828 160 0.000939 9
1206 160 1223 195 0.000937 9
1000 161 1008 186 0.000932 9
1208 377 1258 426 0.000923 9
751 361 759 375 0.000923 9
67 169 80 178 0.000913 9
1150 342 1186 391 0.000906 9
415 176 420 194 0.000904 9
1151 343 1187 381 0.000900 9
928 344 955 381 0.000898 9
1199 135 1207 179 0.000898 9
1150 343 1196 384 0.000893 9
648 407 656 424 0.000886 9
1212 388 1257 426 0.000882 9
1013 132 1037 170 0.000882 9
831 136 860 166 0.000882 9
906 91 928 120 0.000879 9
1099 136 1110 165 0.000878 9
239 176 256 218 0.000873 9
312 72 367 196 0.000865 9
1125 163 1152 185 0.000865 9
861 112 869 119 0.000862 9
67 170 80 201 0.000848 9
994 134 1002 171 0.000837 9
741 360 752 375 0.000835 9
800 130 833 159 0.000832 9
1050 121 1057 136 0.000823 9
1228 389 1258 426 0.000820 9
663 294 680 350 0.000806 9
576 274 602 346 0.000800 9
664 165 671 174 0.000796 9
927 152 937 168 0.000792 9
805 365 815 388 0.000791 9
1151 160 1168 185 0.000782 9
694 124 709 177 0.000778 9
310 99 395 197 0.000776 9
671 325 680 346 0.000772 9
745 359 759 375 0.000771 9
810 158 855 180 0.000770 9
706 130 720 154 0.000766 9
1182 354 1214 417 0.000766 9
829 329 848 362 0.000765 9
832 135 860 167 0.000763 9
479 334 496 356 0.000760 9
905 84 928 121 0.000757 9
415 176 421 202 0.000753 9
692 122 706 154 0.000751 9
450 156 492 213 0.000747 9
948 352 961 393 0.000738 9
993 133 1010 174 0.000732 9
94 152 110 177 0.000731 9
800 130 832 157 0.000731 9
476 150 575 217 0.000726 9
927 149 938 168 0.000722 9
312 125 360 198 0.000719 9
1199 135 1206 186 0.000715 9
767 101 785 153 0.000715 9
700 117 721 156 0.000712 9
809 165 824 185 0.000707 9
637 160 645 169 0.000705 9
1196 373 1260 427 0.000702 9
768 103 784 142 0.000700 9
814 144 824 160 0.000700 9
917 343 971 393 0.000700 9
927 87 944 116 0.000698 9
212 164 222 177 0.000697 9
493 168 515 206 0.000696 9
1188 383 1258 424 0.000690 9
1097 133 1110 165 0.000686 9
382 149 393 161 0.000686 9
1090 375 1104 398 0.000682 9
1196 358 1209 380 0.000676 9
372 156 381 185 0.000666 9
575 277 596 334 0.000666 9
444 157 493 217 0.000662 9
68 171 80 200 0.000658 9
1152 346 1187 386 0.000658 9
1246 349 1263 383 0.000658 9
932 341 960 383 0.000650 9
935 345 954 381 0.000642 9
95 151 110 176 0.000637 9
1041 156 1054 169 0.000637 9
1089 137 1105 177 0.000634 9
1149 344 1201 380 0.000633 9
1195 357 1210 387 0.000633 9
810 159 857 182 0.000632 9
694 124 717 180 0.000630 9
831 135 861 166 0.000629 9
1220 347 1264 427 0.000628 9
956 338 994 386 0.000627 9
927 82 944 115 0.000624 9
1150 343 1177 362 0.000621 9
1183 159 1203 189 0.000618 9
447 158 487 177 0.000617 9
1247 337 1263 402 0.000617 9
917 340 989 389 0.000615 9
1203 407 1215 423 0.000615 9
927 85 944 116 0.000613 9
690 169 704 181 0.000613 9
1045 151 1056 168 0.000612 9
261 165 271 179 0.000612 9
239 177 256 215 0.000610 9
1247 327 1264 368 0.000605 9
1149 157 1169 184 0.000604 9
1170 384 1185 411 0.000603 9
702 123 720 155 0.000603 9
1189 381 1248 417 0.000598 9
929 347 954 380 0.000595 9
1109 155 1118 168 0.000589 9
352 162 365 193 0.000588 9
667 314 680 347 0.000587 9
1129 164 1153 185 0.000582 9
811 152 859 181 0.000581 9
1247 339 1264 391 0.000579 9
649 408 656 424 0.000578 9
663 295 679 349 0.000578 9
701 118 721 155 0.000577 9
959 336 970 350 0.000576 9
219 176 248 193 0.000573 9
1150 343 1197 387 0.000571 9
1247 327 1264 371 0.000571 9
1214 367 1223 385 0.000568 9
1199 135 1208 158 0.000563 9
1150 344 1170 361 0.000563 9
905 86 928 120 0.000559 9
1187 356 1214 418 0.000554 9
991 358 1024 390 0.000547 9
766 101 790 153 0.000544 9
1080 401 1088 410 0.000543 9
768 103 783 133 0.000539 9
703 169 711 179 0.000537 9
830 371 848 393 0.000536 9
663 295 683 348 0.000529 9
1088 375 1104 400 0.000529 9
1168 379 1201 411 0.000523 9
839 119 857 135 0.000520 9
1088 145 1104 177 0.000518 9
999 127 1007 136 0.000515 9
338 166 352 199 0.000512 9
1097 127 1105 147 0.000511 9
767 103 784 147 0.000511 9
663 168 685 211 0.000510 9
1183 355 1213 409 0.000509 9
312 104 367 196 0.000508 9
977 160 988 169 0.000507 9
1001 359 1024 389 0.000507 9
936 343 995 392 0.000503 9
1220 406 1231 424 0.000501 9
1167 379 1183 409 0.000501 9
1184 373 1261 425 0.000500 9
697 151 707 173 0.000500 9
993 131 1003 171 0.000496 9
1231 389 1257 427 0.000496 9
255 115 263 128 0.000495 9
586 119 598 143 0.000491 9
329 161 355 199 0.000490 9
858 112 870 136 0.000488 9
257 142 271 178 0.000486 9
1078 151 1103 185 0.000486 9
1075 136 1103 183 0.000482 9
222 167 231 176 0.000480 9
70 175 79 199 0.000480 9
803 145 815 161 0.000477 9
1087 375 1104 401 0.000475 9
1077 149 1103 185 0.000474 9
1014 132 1035 165 0.000474 9
1171 143 1184 159 0.000474 9
1103 153 1143 183 0.000473 9
663 294 673 315 0.000473 9
704 130 720 157 0.000471 9
989 356 1024 388 0.000471 9
994 360 1011 384 0.000470 9
651 152 671 174 0.000470 9
1207 374 1224 406 0.000469 9
1187 164 1216 198 0.000468 9
809 170 816 189 0.000467 9
1128 338 1193 400 0.000465 9
542 160 581 181 0.000465 9
977 356 1011 388 0.000465 9
1196 131 1230 200 0.000463 9
1166 380 1182 413 0.000459 9
119 64 178 94 0.000457 9
658 151 671 174 0.000456 9
586 118 598 133 0.000455 9
1150 344 1188 394 0.000452 9
976 349 1010 386 0.000447 9
1134 342 1189 408 0.000447 9
718 338 758 377 0.000443 9
479 144 525 174 0.000443 9
937 337 993 389 0.000442 9
928 342 955 380 0.000442 9
1055 153 1063 168 0.000441 9
937 347 953 384 0.000440 9
241 161 254 178 0.000440 9
693 175 701 194 0.000440 9
768 104 781 124 0.000437 9
808 158 858 189 0.000435 9
597 134 606 143 0.000435 9
998 181 1008 196 0.000432 9
848 301 855 310 0.000431 9
702 129 718 159 0.000431 9
701 152 711 176 0.000430 9
312 147 342 189 0.000428 9
566 143 580 175 0.000424 9
1199 384 1213 423 0.000422 9
1213 164 1232 199 0.000420 9
1247 335 1264 404 0.000418 9
711 597 720 615 0.000415 9
977 140 993 165 0.000414 9
781 130 833 156 0.000414 9
248 163 257 175 0.000414 9
1045 157 1057 184 0.000414 9
991 131 1009 186 0.000413 9
989 348 1015 386 0.000411 9
848 182 857 208 0.000408 9
512 151 555 187 0.000407 9
1087 375 1104 400 0.000407 9
1021 123 1041 162 0.000404 9
1151 162 1168 184 0.000404 9
1124 344 1137 363 0.000403 9
638 166 657 184 0.000403 9
575 279 597 343 0.000402 9
1194 385 1236 424 0.000400 9
575 131 581 156 0.000396 9
864 671 873 684 0.000396 9
1208 158 1228 186 0.000396 9
928 351 952 385 0.000394 9
684 167 704 203 0.000394 9
1147 342 1187 381 0.000392 9
1255 625 1264 648 0.000392 9
975 165 990 187 0.000391 9
958 335 978 370 0.000390 9
815 359 833 377 0.000389 9
95 183 101 201 0.000389 9
831 151 841 163 0.000388 9
905 125 912 136 0.000388 9
830 374 844 392 0.000387 9
1247 337 1263 370 0.000387 9
1186 355 1211 388 0.000386 9
170 146 179 166 0.000385 9
812 134 832 159 0.000385 9
917 339 1019 392 0.000384 9
855 136 938 174 0.000384 9
95 183 101 201 0.000383 9
1225 163 1262 181 0.000381 9
1038 170 1050 184 0.000380 9
479 335 496 358 0.000379 9
432 171 445 193 0.000378 9
927 351 945 381 0.000378 9
306 85 348 197 0.000375 9
448 154 521 171 0.000375 9
977 151 991 169 0.000374 9
571 133 581 163 0.000373 9
1178 344 1193 360 0.000373 9
1188 141 1207 188 0.000373 9
965 372 979 400 0.000372 9
689 118 704 161 0.000369 9
1110 152 1120 167 0.000368 9
1166 147 1195 185 0.000367 9
663 322 674 353 0.000367 9
856 136 938 162 0.000363 9
580 64 596 91 0.000361 9
214 161 226 176 0.000361 9
651 153 670 175 0.000360 9
1189 147 1214 195 0.000357 9
450 157 497 171 0.000356 9
1183 362 1193 392 0.000355 9
895 148 928 180 0.000355 9
906 89 928 121 0.000354 9
1087 152 1103 205 0.000354 9
663 294 673 320 0.000353 9
734 359 751 376 0.000352 9
410 176 419 188 0.000352 9
312 94 332 168 0.000350 9
1200 134 1216 182 0.000345 9
990 343 1009 386 0.000344 9
989 123 998 144 0.000344 9
1206 371 1224 411 0.000344 9
859 671 874 689 0.000343 9
784 338 840 391 0.000343 9
590 161 603 182 0.000343 9
661 170 691 215 0.000343 9
715 168 729 189 0.000342 9
783 340 833 392 0.000342 9
1081 171 1091 185 0.000340 9
464 183 479 201 0.000340 9
689 119 704 169 0.000339 9
1098 124 1137 169 0.000338 9
563 139 580 163 0.000337 9
576 279 596 345 0.000337 9
1003 353 1024 388 0.000336 9
586 120 597 138 0.000334 9
835 153 857 171 0.000334 9
853 151 872 184 0.000333 9
700 172 711 184 0.000332 9
718 337 753 377 0.000331 9
575 281 596 347 0.000331 9
314 89 332 159 0.000330 9
971 356 1017 392 0.000328 9
637 167 657 203 0.000326 9
808 155 855 180 0.000325 9
978 141 993 161 0.000325 9
925 345 950 382 0.000325 9
983 664 992 680 0.000323 9
689 118 716 152 0.000321 9
976 167 991 186 0.000321 9
976 160 989 186 0.000319 9
1102 127 1136 166 0.000319 9
1055 151 1063 165 0.000318 9
790 119 835 148 0.000317 9
818 358 832 376 0.000315 9
810 159 856 181 0.000313 9
568 140 581 173 0.000312 9
973 343 1009 386 0.000312 9
1165 372 1183 392 0.000310 9
1038 140 1057 169 0.000310 9
1229 373 1260 426 0.000310 9
831 373 848 392 0.000309 9
1167 147 1189 179 0.000309 9
801 145 811 160 0.000309 9
1015 339 1024 354 0.000309 9
927 76 944 118 0.000308 9
974 190 981 201 0.000308 9
432 170 446 194 0.000307 9
829 336 848 376 0.000306 9
579 64 596 93 0.000305 9
926 350 949 389 0.000305 9
483 148 524 172 0.000303 9
680 132 691 159 0.000302 9
716 167 729 184 0.000301 9
800 582 807 613 0.000299 9
731 119 753 156 0.000299 9
246 161 256 175 0.000299 9
665 277 705 363 0.000298 9
830 135 921 170 0.000297 9
1104 168 1121 202 0.000294 9
1030 330 1042 359 0.000294 9
815 114 829 129 0.000293 9
1247 327 1264 377 0.000293 9
111 150 128 165 0.000292 9
804 130 834 159 0.000292 9
663 294 676 349 0.000291 9
1154 149 1195 185 0.000290 9
590 129 600 143 0.000289 9
875 116 907 137 0.000289 9
689 119 705 174 0.000289 9
1154 344 1197 394 0.000288 9
959 134 988 161 0.000288 9
1026 148 1039 161 0.000287 9
860 116 872 136 0.000286 9
1123 158 1159 186 0.000284 9
868 120 881 136 0.000284 9
1087 374 1104 401 0.000284 9
701 118 719 128 0.000283 9
1073 128 1108 179 0.000282 9
1150 153 1196 185 0.000282 9
1077 133 1142 186 0.000280 9
598 532 609 565 0.000279 9
1021 129 1040 161 0.000277 9
735 120 753 157 0.000275 9
828 135 930 174 0.000275 9
1168 378 1187 423 0.000273 9
598 532 609 564 0.000273 9
649 151 671 174 0.000272 9
850 164 871 203 0.000271 9
1106 138 1136 167 0.000271 9
1118 183 1126 207 0.000270 9
1023 122 1041 161 0.000269 9
352 165 368 193 0.000268 9
663 293 684 349 0.000267 9
1263 368 1279 415 0.000267 9
807 636 816 656 0.000267 9
579 64 598 93 0.000266 9
490 166 523 188 0.000265 9
1242 339 1264 422 0.000265 9
478 150 524 180 0.000263 9
445 157 495 219 0.000263 9
990 120 998 135 0.000262 9
47 320 57 344 0.000262 9
1169 376 1194 392 0.000261 9
982 124 999 168 0.000260 9
374 150 383 166 0.000260 9
1202 126 1233 177 0.000260 9
111 138 128 164 0.000259 9
686 119 709 177 0.000258 9
219 176 244 194 0.000258 9
829 338 846 372 0.000257 9
1205 159 1236 182 0.000257 9
710 117 753 156 0.000257 9
779 114 836 141 0.000255 9
759 107 843 154 0.000255 9
1096 118 1136 170 0.000254 9
1184 164 1216 201 0.000252 9
220 177 247 194 0.000251 9
870 113 914 139 0.000251 9
905 101 927 120 0.000249 9
870 117 898 137 0.000248 9
575 277 597 327 0.000248 9
870 118 891 136 0.000246 9
814 359 833 377 0.000245 9
993 359 1019 392 0.000243 9
680 143 690 162 0.000243 9
223 101 232 113 0.000242 9
846 107 854 120 0.000242 9
905 82 928 120 0.000242 9
408 179 418 203 0.000241 9
716 341 760 377 0.000240 9
767 130 791 153 0.000239 9
377 162 407 184 0.000239 9
927 353 952 392 0.000237 9
266 216 277 232 0.000235 9
1255 629 1264 648 0.000234 9
169 64 238 91 0.000233 9
859 158 897 198 0.000231 9
1263 367 1279 426 0.000231 9
575 277 596 330 0.000231 9
830 135 942 175 0.000231 9
1147 324 1173 360 0.000230 9
1150 103 1169 135 0.000229 9
930 392 944 408 0.000229 9
868 105 910 137 0.000228 9
864 655 872 668 0.000227 9
1004 131 1026 171 0.000226 9
1113 138 1136 162 0.000226 9
1071 339 1098 406 0.000225 9
259 169 271 198 0.000225 9
253 96 266 128 0.000224 9
996 322 1009 343 0.000224 9
883 135 939 179 0.000224 9
258 133 269 161 0.000223 9
957 371 974 404 0.000223 9
432 172 445 194 0.000223 9
170 145 179 158 0.000222 9
727 118 753 155 0.000222 9
432 171 446 195 0.000221 9
829 336 848 394 0.000220 9
1027 159 1061 185 0.000220 9
926 85 944 119 0.000220 9
976 343 993 361 0.000220 9
799 346 834 377 0.000219 9
852 136 938 154 0.000219 9
309 144 389 197 0.000219 9
726 148 736 158 0.000218 9
817 454 832 470 0.000218 9
959 134 989 163 0.000218 9
862 657 873 674 0.000218 9
799 577 807 612 0.000217 9
1071 343 1079 360 0.000217 9
711 597 720 615 0.000217 9
1156 153 1201 187 0.000216 9
927 75 944 116 0.000215 9
959 160 987 187 0.000215 9
1071 144 1097 209 0.000215 9
844 149 871 172 0.000215 9
999 332 1009 343 0.000215 9
783 113 839 137 0.000215 9
1249 347 1263 403 0.000214 9
478 144 524 170 0.000213 9
111 141 128 165 0.000212 9
586 119 598 133 0.000212 9
702 128 721 171 0.000212 9
1071 342 1089 405 0.000211 9
831 135 861 163 0.000211 9
1030 361 1057 392 0.000211 9
67 169 81 178 0.000211 9
1139 338 1265 422 0.000210 9
260 178 273 201 0.000210 9
405 182 417 205 0.000208 9
1146 363 1185 403 0.000208 9
1151 102 1169 134 0.000207 9
1136 135 1193 178 0.000207 9
358 152 384 189 0.000207 9
680 152 689 183 0.000207 9
1088 151 1109 208 0.000207 9
1208 127 1233 169 0.000206 9
846 136 938 154 0.000206 9
839 142 878 168 0.000205 9
767 134 791 153 0.000205 9
1144 139 1190 187 0.000204 9
309 94 331 166 0.000204 9
256 160 268 182 0.000204 9
576 274 602 352 0.000203 9
1008 341 1024 362 0.000203 9
911 166 920 178 0.000202 9
972 164 992 203 0.000202 9
818 341 844 363 0.000201 9
1138 374 1175 408 0.000201 9
805 150 854 189 0.000201 9
1205 127 1234 186 0.000200 9
975 161 992 187 0.000199 9
309 103 328 164 0.000199 9
444 158 493 219 0.000198 9
780 113 833 141 0.000198 9
904 71 932 120 0.000198 9
927 83 944 116 0.000196 9
1212 152 1223 163 0.000196 9
95 151 107 175 0.000196 9
866 392 880 422 0.000194 9
666 167 686 189 0.000193 9
1104 346 1119 361 0.000193 9
806 158 856 194 0.000193 9
1137 376 1193 410 0.000192 9
1100 167 1121 209 0.000191 9
304 97 343 200 0.000191 9
680 120 691 161 0.000190 9
510 145 525 174 0.000189 9
926 147 951 169 0.000189 9
969 119 987 133 0.000189 9
689 145 708 181 0.000189 9
977 321 991 343 0.000189 9
959 135 975 160 0.000188 9
959 122 1002 166 0.000188 9
698 115 754 156 0.000187 9
1005 173 1015 184 0.000187 9
546 140 579 161 0.000186 9
1167 378 1181 421 0.000184 9
1032 363 1057 394 0.000184 9
309 108 330 174 0.000184 9
1072 145 1097 193 0.000184 9
1049 116 1070 149 0.000184 9
926 150 960 175 0.000183 9
310 106 327 165 0.000183 9
768 99 783 122 0.000183 9
1101 124 1136 165 0.000183 9
912 341 991 407 0.000183 9
1134 133 1206 181 0.000183 9
1141 370 1157 396 0.000183 9
1034 372 1048 389 0.000183 9
1049 117 1107 193 0.000182 9
993 343 1008 359 0.000182 9
664 304 689 359 0.000182 9
1026 359 1057 391 0.000181 9
584 119 600 161 0.000181 9
311 103 330 166 0.000180 9
596 64 625 92 0.000180 9
448 152 491 171 0.000180 9
595 122 606 143 0.000179 9
855 670 865 686 0.000179 9
376 161 408 185 0.000178 9
656 329 667 350 0.000178 9
1216 404 1225 424 0.000177 9
1163 96 1205 136 0.000177 9
780 113 835 137 0.000177 9
1192 165 1227 213 0.000177 9
925 363 945 408 0.000176 9
600 343 609 361 0.000174 9
1224 161 1265 182 0.000174 9
768 96 783 125 0.000174 9
958 161 987 186 0.000173 9
646 154 661 176 0.000173 9
160 65 192 94 0.000173 9
660 304 688 365 0.000173 9
688 118 705 149 0.000173 9
1028 358 1057 392 0.000172 9
119 64 166 94 0.000171 9
479 148 524 169 0.000171 9
666 272 705 353 0.000171 9
802 128 834 140 0.000171 9
1149 125 1160 134 0.000170 9
91 149 117 176 0.000170 9
452 177 478 211 0.000170 9
1056 136 1104 188 0.000169 9
1179 344 1198 363 0.000169 9
380 149 404 163 0.000169 9
991 623 997 630 0.000169 9
1016 176 1026 185 0.000168 9
573 123 581 155 0.000168 9
1263 400 1276 423 0.000167 9
1075 389 1088 407 0.000167 9
159 65 180 94 0.000166 9
1135 137 1153 163 0.000166 9
688 119 716 200 0.000166 9
1088 148 1146 185 0.000166 9
576 274 600 331 0.000166 9
860 136 940 174 0.000166 9
1108 140 1136 165 0.000165 9
903 537 912 551 0.000165 9
651 169 667 204 0.000164 9
889 113 909 137 0.000164 9
313 96 363 166 0.000163 9
1119 342 1155 384 0.000160 9
919 345 1000 397 0.000160 9
1200 357 1263 423 0.000160 9
911 339 1023 394 0.000160 9
210 90 323 219 0.000159 9
349 146 381 190 0.000157 9
374 161 408 185 0.000157 9
1138 375 1165 409 0.000157 9
1071 347 1089 405 0.000156 9
574 662 592 699 0.000156 9
583 160 606 185 0.000156 9
1142 156 1200 202 0.000156 9
958 165 993 209 0.000156 9
1224 342 1263 427 0.000155 9
1200 131 1226 167 0.000155 9
783 352 818 395 0.000155 9
1190 135 1205 188 0.000154 9
46 64 73 128 0.000154 9
912 342 1024 402 0.000153 9
956 158 991 173 0.000152 9
1072 390 1082 404 0.000152 9
959 132 995 163 0.000151 9
256 86 262 97 0.000151 9
811 335 848 396 0.000150 9
663 281 696 357 0.000150 9
927 151 962 168 0.000150 9
1206 126 1233 164 0.000149 9
579 64 597 94 0.000149 9
45 316 57 344 0.000148 9
929 368 946 392 0.000148 9
309 106 327 163 0.000148 9
929 151 990 171 0.000148 9
999 120 1006 133 0.000148 9
443 145 528 179 0.000148 9
1018 171 1032 185 0.000147 9
1071 339 1088 402 0.000146 9
596 282 608 330 0.000146 9
1084 140 1137 180 0.000145 9
820 116 835 129 0.000145 9
1042 329 1056 358 0.000145 9
664 292 690 354 0.000145 9
854 136 938 153 0.000145 9
468 178 482 205 0.000145 9
705 165 727 186 0.000144 9
857 110 870 120 0.000144 9
67 170 80 200 0.000144 9
444 158 479 215 0.000143 9
766 133 797 154 0.000143 9
985 122 997 157 0.000143 9
721 343 765 376 0.000143 9
546 142 572 162 0.000143 9
1255 621 1264 648 0.000143 9
591 529 605 567 0.000142 9
543 160 576 175 0.000142 9
864 392 880 454 0.000142 9
718 356 741 377 0.000142 9
860 97 870 119 0.000142 9
1074 160 1101 213 0.000142 9
313 64 336 165 0.000142 9
111 203 121 224 0.000141 9
931 151 961 168 0.000141 9
781 113 830 137 0.000141 9
1150 100 1169 134 0.000140 9
209 114 313 227 0.000139 9
991 181 1006 215 0.000139 9
49 184 64 206 0.000138 9
689 166 730 226 0.000138 9
1156 97 1205 136 0.000138 9
813 166 859 187 0.000138 9
1175 121 1186 136 0.000138 9
808 126 834 139 0.000137 9
432 170 447 187 0.000137 9
1077 350 1138 396 0.000136 9
1017 118 1043 166 0.000136 9
548 125 581 163 0.000136 9
912 342 1006 408 0.000135 9
596 277 608 329 0.000135 9
244 131 255 144 0.000135 9
983 661 993 679 0.000134 9
1162 145 1203 191 0.000134 9
579 64 598 95 0.000134 9
1141 385 1185 410 0.000134 9
719 138 737 157 0.000133 9
959 163 985 193 0.000133 9
574 664 590 699 0.000133 9
1105 358 1128 382 0.000133 9
372 151 408 184 0.000133 9
228 130 240 145 0.000132 9
847 278 857 311 0.000131 9
995 358 1056 393 0.000131 9
575 281 596 355 0.000130 9
1041 127 1062 163 0.000130 9
1097 151 1227 201 0.000130 9
1169 102 1203 136 0.000129 9
160 64 203 100 0.000129 9
949 158 990 170 0.000129 9
1052 118 1115 182 0.000128 9
210 125 269 224 0.000128 9
715 118 731 129 0.000128 9
160 373 176 397 0.000128 9
580 64 624 94 0.000128 9
375 152 408 185 0.000128 9
851 136 944 155 0.000127 9
352 147 410 198 0.000127 9
1135 349 1174 386 0.000127 9
46 64 72 144 0.000127 9
351 155 368 194 0.000127 9
1165 96 1205 136 0.000127 9
918 167 962 209 0.000126 9
374 161 409 187 0.000126 9
1009 165 1060 188 0.000126 9
605 135 621 157 0.000126 9
679 119 691 160 0.000125 9
743 150 753 157 0.000125 9
990 172 1000 188 0.000125 9
831 135 922 166 0.000125 9
1025 385 1041 408 0.000124 9
705 115 754 155 0.000124 9
591 529 609 572 0.000124 9
258 139 317 161 0.000123 9
1054 183 1063 196 0.000122 9
846 338 893 378 0.000122 9
809 351 835 395 0.000122 9
213 174 234 201 0.000121 9
368 148 408 185 0.000121 9
927 151 964 172 0.000121 9
719 150 728 162 0.000121 9
1115 337 1169 387 0.000120 9
1177 343 1198 358 0.000120 9
1015 145 1048 170 0.000120 9
545 140 577 161 0.000120 9
1014 130 1026 149 0.000120 9
855 673 865 691 0.000118 9
681 283 705 360 0.000118 9
1016 160 1034 184 0.000117 9
415 171 446 202 0.000116 9
867 667 880 690 0.000116 9
227 163 246 178 0.000116 9
1149 159 1187 221 0.000115 9
913 356 945 408 0.000115 9
1108 162 1147 221 0.000115 9
986 126 1019 174 0.000114 9
63 151 80 170 0.000114 9
185 149 199 169 0.000113 9
968 120 985 136 0.000113 9
466 141 581 215 0.000112 9
1134 133 1196 166 0.000112 9
1078 134 1094 151 0.000111 9
766 134 811 154 0.000111 9
1072 149 1081 175 0.000111 9
997 341 1025 387 0.000110 9
544 144 572 161 0.000110 9
313 114 370 200 0.000110 9
309 83 334 157 0.000109 9
663 298 691 371 0.000109 9
691 117 721 203 0.000109 9
787 136 803 154 0.000109 9
1127 133 1188 184 0.000109 9
991 276 1009 343 0.000109 9
699 115 757 158 0.000109 9
847 105 854 118 0.000108 9
192 183 202 204 0.000107 9
64 150 80 176 0.000107 9
634 151 670 175 0.000106 9
1055 370 1068 391 0.000106 9
946 135 989 167 0.000106 9
544 160 575 175 0.000106 9
798 554 806 570 0.000106 9
856 90 910 138 0.000105 9
208 67 234 87 0.000105 9
991 279 1009 345 0.000105 9
827 90 856 129 0.000104 9
211 150 267 221 0.000104 9
1027 367 1054 409 0.000104 9
692 181 728 218 0.000104 9
1073 132 1103 177 0.000103 9
1034 129 1060 167 0.000103 9
45 64 72 128 0.000103 9
1045 341 1056 359 0.000101 9
512 146 546 181 0.000101 9
1024 391 1041 408 0.000101 9
853 91 903 137 0.000101 9
848 169 875 218 0.000101 9
1117 135 1155 181 0.000101 9
1206 364 1222 396 0.000101 9
159 64 201 95 0.000100 9
1208 124 1234 161 0.000100 9
355 152 407 203 0.000100 9
1052 110 1083 147 0.012318 11
1051 110 1084 147 0.009112 11
1181 192 1198 216 0.007173 11
1181 191 1199 216 0.004448 11
1055 111 1082 146 0.002548 11
1180 165 1202 216 0.002328 11
1181 183 1201 216 0.002323 11
1052 111 1083 147 0.001913 11
1050 109 1085 146 0.000281 11
