541 190 576 252 0.778701 0
1139 198 1163 256 0.730953 0
738 199 774 269 0.689679 0
906 192 937 270 0.684302 0
906 193 939 270 0.642766 0
737 198 773 270 0.633945 0
832 192 856 262 0.592417 0
737 199 774 266 0.576460 0
832 192 856 266 0.568794 0
1139 198 1164 258 0.533545 0
542 192 576 252 0.506769 0
832 192 856 264 0.465611 0
907 192 942 271 0.405514 0
832 192 855 263 0.295626 0
831 192 855 262 0.274465 0
833 192 855 262 0.223868 0
737 198 773 276 0.205424 0
907 191 938 268 0.176398 0
541 195 576 252 0.131646 0
841 192 882 267 0.103441 0
905 195 939 271 0.098676 0
836 193 882 267 0.088040 0
845 192 882 260 0.076734 0
1166 198 1179 221 0.067356 0
223 200 237 239 0.064088 0
860 195 883 238 0.053326 0
222 200 237 239 0.053246 0
833 192 879 266 0.051287 0
833 192 882 267 0.050965 0
223 200 236 237 0.050764 0
862 195 883 237 0.047281 0
1166 198 1178 221 0.044760 0
839 191 882 268 0.042759 0
861 198 882 240 0.042448 0
223 200 237 238 0.040544 0
223 200 238 240 0.040374 0
1166 198 1178 222 0.039716 0
840 193 877 269 0.038403 0
862 198 883 241 0.037859 0
222 200 238 244 0.037060 0
222 200 238 256 0.036292 0
222 200 238 251 0.035923 0
862 195 883 236 0.035616 0
1166 198 1180 228 0.035350 0
712 209 728 234 0.033870 0
856 196 883 270 0.031932 0
846 192 876 269 0.031334 0
833 192 854 239 0.031295 0
929 204 947 268 0.031177 0
857 195 884 238 0.030809 0
222 200 239 259 0.030430 0
833 192 853 244 0.029104 0
1015 205 1024 224 0.027717 0
715 210 728 234 0.026325 0
1167 198 1179 219 0.026073 0
787 198 793 212 0.025340 0
862 200 882 235 0.025321 0
223 199 236 233 0.024628 0
1139 198 1164 254 0.024164 0
710 207 728 234 0.023977 0
1165 198 1178 222 0.023630 0
221 200 241 263 0.019879 0
965 372 979 390 0.019220 0
1011 206 1025 228 0.018493 0
1072 485 1080 500 0.018332 0
965 372 979 391 0.017247 0
1175 497 1185 511 0.016374 0
511 196 518 210 0.016110 0
516 191 523 205 0.015890 0
1037 197 1051 229 0.015499 0
873 199 888 229 0.015170 0
221 199 242 264 0.015082 0
1159 496 1169 507 0.014893 0
1015 456 1024 466 0.014422 0
1038 201 1050 229 0.014383 0
223 199 237 228 0.014305 0
847 191 885 242 0.014221 0
1087 188 1105 217 0.013502 0
1176 494 1185 508 0.013318 0
1087 191 1106 232 0.013277 0
909 200 948 270 0.013054 0
1036 195 1051 228 0.012888 0
512 191 524 208 0.012857 0
1087 190 1097 215 0.012689 0
1160 501 1169 510 0.012598 0
1216 197 1229 232 0.012536 0
863 202 890 246 0.012418 0
1088 187 1105 216 0.011716 0
510 195 518 217 0.011659 0
199 208 208 225 0.011645 0
701 205 728 234 0.011501 0
1088 192 1105 218 0.011383 0
895 326 903 343 0.011126 0
199 209 208 226 0.010991 0
848 190 884 237 0.010834 0
863 438 874 455 0.010757 0
777 197 792 237 0.010628 0
1215 198 1229 233 0.010623 0
919 198 945 268 0.010587 0
874 199 889 233 0.010514 0
848 194 883 240 0.010391 0
1088 188 1098 214 0.010349 0
706 208 728 234 0.010228 0
1032 485 1040 501 0.010071 0
1112 195 1120 208 0.009648 0
1088 186 1105 216 0.009598 0
1208 504 1217 512 0.009568 0
518 192 526 209 0.009289 0
778 198 793 235 0.009200 0
632 201 644 215 0.009131 0
691 208 704 238 0.009079 0
633 202 643 215 0.009045 0
965 372 978 391 0.008918 0
1084 187 1106 238 0.008896 0
692 207 703 236 0.008790 0
1167 197 1183 222 0.008775 0
1046 483 1055 494 0.008763 0
1056 488 1066 496 0.008741 0
1217 200 1229 233 0.008718 0
1217 198 1229 231 0.008577 0
214 186 225 227 0.008462 0
760 199 773 232 0.008234 0
1199 503 1209 512 0.008212 0
1166 198 1189 245 0.008136 0
705 208 728 235 0.008106 0
1214 198 1229 233 0.008012 0
1088 190 1105 216 0.008001 0
1071 487 1081 502 0.007933 0
613 152 628 169 0.007893 0
213 190 225 229 0.007863 0
789 330 810 344 0.007762 0
848 194 874 252 0.007599 0
692 206 706 235 0.007533 0
751 463 761 472 0.007409 0
784 198 794 234 0.007313 0
1113 194 1120 207 0.007227 0
870 201 895 246 0.007201 0
1217 199 1230 233 0.007154 0
784 198 793 229 0.007152 0
835 192 850 224 0.007046 0
1046 484 1056 496 0.007028 0
776 198 793 237 0.006990 0
1087 182 1104 215 0.006879 0
864 441 874 455 0.006854 0
917 472 928 483 0.006732 0
1096 193 1106 217 0.006630 0
1031 488 1040 503 0.006552 0
1077 334 1089 361 0.006473 0
761 200 774 234 0.006316 0
1123 500 1131 507 0.006311 0
965 370 979 390 0.006299 0
965 371 981 391 0.006258 0
1135 446 1143 463 0.006235 0
1168 198 1182 218 0.006117 0
1250 196 1272 238 0.006038 0
558 185 572 201 0.006020 0
1176 343 1195 359 0.005992 0
833 192 850 227 0.005967 0
787 328 813 384 0.005911 0
1135 446 1143 461 0.005696 0
1239 197 1249 231 0.005678 0
1161 497 1178 510 0.005629 0
991 455 999 464 0.005613 0
1219 201 1229 231 0.005575 0
740 199 775 265 0.005486 0
1031 452 1039 464 0.005476 0
789 330 810 344 0.005457 0
872 200 891 237 0.005453 0
1253 196 1272 231 0.005429 0
1072 485 1081 500 0.005360 0
1024 454 1033 464 0.005280 0
198 207 208 227 0.005249 0
1014 445 1024 466 0.005230 0
834 192 849 221 0.005213 0
1190 496 1200 504 0.005199 0
1272 206 1279 237 0.005186 0
1177 344 1196 359 0.005161 0
1040 454 1047 464 0.005149 0
1007 455 1015 466 0.005126 0
1085 207 1106 240 0.005115 0
750 199 772 228 0.005106 0
966 371 981 391 0.005032 0
220 199 243 264 0.005008 0
1270 200 1279 235 0.004946 0
1035 202 1051 231 0.004943 0
787 198 799 212 0.004930 0
511 192 526 218 0.004924 0
640 688 672 703 0.004906 0
639 688 672 703 0.004836 0
1037 197 1054 230 0.004829 0
916 473 928 487 0.004733 0
1271 204 1279 236 0.004607 0
1173 343 1195 360 0.004601 0
760 200 774 234 0.004597 0
1036 190 1052 228 0.004593 0
614 153 627 169 0.004554 0
213 192 226 233 0.004508 0
1164 204 1189 247 0.004486 0
786 326 817 391 0.004401 0
934 210 952 266 0.004391 0
212 194 224 229 0.004322 0
788 329 813 387 0.004299 0
1217 195 1226 215 0.004212 0
1023 482 1035 498 0.004167 0
1122 202 1164 258 0.004136 0
1036 195 1054 229 0.004135 0
794 328 814 384 0.004086 0
1023 481 1034 495 0.004086 0
1000 385 1015 399 0.004024 0
832 471 840 478 0.004015 0
912 454 928 486 0.003972 0
1272 202 1279 252 0.003961 0
198 209 213 234 0.003948 0
961 372 979 392 0.003931 0
1088 170 1106 216 0.003923 0
862 184 888 234 0.003881 0
1253 195 1273 236 0.003873 0
1059 487 1073 497 0.003860 0
319 204 331 231 0.003825 0
690 208 704 238 0.003823 0
1174 344 1196 359 0.003808 0
1255 196 1272 216 0.003801 0
962 372 979 391 0.003714 0
912 473 928 486 0.003690 0
750 451 768 472 0.003668 0
862 435 876 455 0.003635 0
1144 198 1162 226 0.003626 0
887 471 897 482 0.003595 0
913 454 928 485 0.003589 0
757 199 772 217 0.003574 0
613 151 632 169 0.003562 0
813 209 825 237 0.003555 0
1071 480 1080 498 0.003546 0
1250 198 1268 237 0.003503 0
1269 198 1279 235 0.003493 0
588 170 593 183 0.003486 0
503 313 512 335 0.003415 0
863 438 879 456 0.003405 0
1016 327 1024 344 0.003317 0
670 208 678 228 0.003280 0
1068 189 1107 252 0.003262 0
947 344 961 391 0.003220 0
991 446 1000 457 0.003217 0
1104 312 1112 327 0.003199 0
1261 200 1279 269 0.003189 0
965 372 978 393 0.003164 0
751 461 768 472 0.003114 0
982 373 992 391 0.003111 0
1255 485 1264 501 0.003104 0
213 194 231 238 0.003101 0
1029 452 1035 464 0.003080 0
831 466 840 478 0.003071 0
751 453 768 471 0.003056 0
1163 208 1190 247 0.003043 0
884 202 903 236 0.003042 0
217 207 242 263 0.003036 0
1016 331 1024 345 0.003035 0
1102 312 1118 344 0.003018 0
777 198 793 223 0.003002 0
978 352 994 391 0.002999 0
960 455 968 466 0.002993 0
1250 195 1276 238 0.002986 0
784 326 815 386 0.002985 0
714 198 729 230 0.002974 0
1263 199 1279 269 0.002969 0
670 208 680 232 0.002953 0
1209 193 1229 232 0.002952 0
220 197 237 239 0.002929 0
1072 463 1080 470 0.002918 0
1077 334 1089 361 0.002901 0
973 211 984 233 0.002897 0
999 384 1023 399 0.002891 0
896 473 910 484 0.002854 0
784 325 823 388 0.002850 0
509 191 533 249 0.002819 0
1047 485 1067 499 0.002812 0
470 203 478 218 0.002795 0
216 185 224 206 0.002793 0
751 462 765 473 0.002782 0
213 182 233 224 0.002768 0
1031 447 1039 464 0.002758 0
971 204 995 258 0.002708 0
1187 198 1239 266 0.002704 0
949 344 961 390 0.002702 0
1000 386 1011 399 0.002687 0
1023 445 1034 463 0.002602 0
1135 445 1145 464 0.002592 0
1027 481 1042 498 0.002585 0
822 329 847 344 0.002573 0
553 181 576 223 0.002564 0
1096 503 1103 512 0.002554 0
972 210 994 259 0.002548 0
983 369 992 391 0.002542 0
907 335 923 345 0.002539 0
213 183 227 230 0.002529 0
1036 198 1054 231 0.002525 0
1203 496 1216 504 0.002513 0
999 385 1022 400 0.002512 0
999 383 1024 401 0.002490 0
471 198 479 216 0.002480 0
942 326 961 386 0.002476 0
0 64 57 217 0.002470 0
983 447 993 456 0.002456 0
465 201 478 250 0.002451 0
376 186 385 201 0.002450 0
793 329 820 385 0.002446 0
1249 212 1265 241 0.002440 0
1007 446 1018 465 0.002439 0
862 432 870 443 0.002419 0
781 198 800 234 0.002418 0
670 207 679 231 0.002400 0
503 313 513 336 0.002394 0
930 201 953 237 0.002393 0
1148 308 1168 344 0.002383 0
510 189 533 247 0.002378 0
1011 388 1022 401 0.002373 0
1209 169 1229 226 0.002371 0
1183 496 1201 508 0.002354 0
611 448 624 465 0.002350 0
1199 497 1212 505 0.002335 0
789 330 810 365 0.002320 0
690 207 703 237 0.002311 0
1011 449 1024 466 0.002302 0
941 343 957 390 0.002274 0
974 206 985 227 0.002259 0
615 448 624 462 0.002257 0
210 195 225 229 0.002240 0
983 205 993 226 0.002233 0
847 183 885 237 0.002229 0
613 152 632 169 0.002222 0
575 424 584 431 0.002215 0
906 190 943 220 0.002208 0
973 213 985 240 0.002196 0
1208 168 1230 234 0.002196 0
1185 203 1234 260 0.002192 0
1190 209 1202 229 0.002175 0
467 201 478 246 0.002152 0
502 184 534 250 0.002150 0
1251 198 1279 269 0.002147 0
738 200 745 212 0.002145 0
1129 500 1137 508 0.002121 0
976 369 984 389 0.002116 0
1038 484 1054 498 0.002109 0
960 441 968 458 0.002104 0
1254 201 1277 238 0.002091 0
906 334 922 344 0.002085 0
906 191 937 221 0.002079 0
1147 310 1168 344 0.002071 0
1046 480 1056 490 0.002058 0
789 330 811 379 0.002053 0
933 206 951 239 0.002035 0
990 206 998 224 0.002034 0
612 151 632 171 0.002019 0
1154 306 1167 341 0.002018 0
806 327 818 344 0.002016 0
1008 472 1016 490 0.001995 0
1092 455 1104 471 0.001987 0
503 313 511 336 0.001983 0
849 462 866 477 0.001975 0
1175 343 1197 359 0.001973 0
680 198 691 215 0.001963 0
198 201 209 225 0.001954 0
785 327 824 391 0.001949 0
912 454 925 483 0.001946 0
3 64 252 215 0.001938 0
999 385 1023 405 0.001936 0
982 207 994 227 0.001936 0
969 456 976 462 0.001931 0
925 447 935 457 0.001926 0
1135 446 1144 473 0.001916 0
1103 312 1115 334 0.001912 0
1235 197 1255 233 0.001910 0
971 208 995 260 0.001896 0
890 209 904 243 0.001890 0
891 204 905 237 0.001884 0
1008 471 1015 486 0.001876 0
464 201 478 268 0.001874 0
1226 194 1256 234 0.001870 0
465 201 478 251 0.001869 0
980 352 995 390 0.001859 0
511 189 532 247 0.001845 0
1216 192 1224 206 0.001842 0
910 473 928 487 0.001823 0
912 454 928 486 0.001815 0
991 214 998 224 0.001814 0
862 436 883 478 0.001813 0
942 343 956 388 0.001800 0
821 325 848 344 0.001792 0
775 200 792 237 0.001787 0
794 333 820 390 0.001781 0
464 199 472 215 0.001779 0
947 348 961 393 0.001775 0
795 329 818 392 0.001772 0
0 64 55 229 0.001757 0
785 197 800 231 0.001755 0
942 327 961 384 0.001726 0
1 64 220 215 0.001720 0
950 343 960 366 0.001716 0
788 327 820 384 0.001701 0
864 443 878 456 0.001697 0
907 336 925 348 0.001694 0
751 446 765 469 0.001680 0
465 201 473 218 0.001674 0
942 343 956 388 0.001661 0
241 195 255 215 0.001639 0
981 351 993 385 0.001637 0
606 151 639 194 0.001631 0
960 440 968 455 0.001626 0
833 469 846 478 0.001619 0
220 206 242 263 0.001614 0
1038 278 1058 334 0.001613 0
912 454 927 480 0.001611 0
1151 440 1158 451 0.001610 0
464 199 479 273 0.001605 0
1228 187 1266 236 0.001597 0
1174 344 1197 359 0.001595 0
1235 197 1254 233 0.001593 0
682 198 693 215 0.001583 0
555 179 578 202 0.001577 0
208 195 225 230 0.001577 0
478 196 487 216 0.001575 0
1 64 185 216 0.001574 0
905 201 916 245 0.001562 0
1098 329 1104 344 0.001561 0
1056 222 1066 243 0.001561 0
607 447 624 463 0.001560 0
1007 512 1017 521 0.001551 0
1249 209 1266 242 0.001550 0
703 460 710 469 0.001538 0
804 329 818 344 0.001529 0
981 201 994 226 0.001523 0
375 184 386 213 0.001523 0
1087 492 1096 504 0.001522 0
846 463 866 478 0.001518 0
1093 499 1100 506 0.001509 0
1119 323 1137 383 0.001505 0
942 339 957 386 0.001498 0
951 345 960 385 0.001487 0
759 199 774 236 0.001486 0
1112 464 1122 475 0.001480 0
1178 216 1191 245 0.001479 0
1234 196 1255 234 0.001478 0
682 200 692 217 0.001463 0
709 459 720 470 0.001456 0
1158 199 1173 223 0.001451 0
822 327 848 343 0.001450 0
906 336 925 375 0.001450 0
1119 464 1128 474 0.001447 0
703 456 720 469 0.001445 0
1119 313 1130 341 0.001444 0
972 206 997 257 0.001440 0
1249 213 1265 237 0.001434 0
878 437 887 450 0.001434 0
788 315 809 345 0.001433 0
905 327 916 344 0.001420 0
1039 278 1057 331 0.001412 0
924 454 936 463 0.001406 0
607 448 624 465 0.001402 0
742 199 755 219 0.001400 0
431 523 440 552 0.001389 0
705 212 728 237 0.001386 0
1147 312 1168 344 0.001372 0
936 455 942 464 0.001371 0
627 537 641 584 0.001355 0
1205 197 1229 233 0.001354 0
246 195 255 214 0.001345 0
1120 313 1128 326 0.001344 0
991 195 1003 225 0.001342 0
991 444 1002 461 0.001340 0
1103 313 1121 344 0.001340 0
942 345 964 389 0.001340 0
1122 325 1135 344 0.001335 0
847 190 856 208 0.001325 0
1254 193 1276 215 0.001325 0
1101 321 1118 344 0.001324 0
1225 196 1255 233 0.001322 0
363 164 374 188 0.001320 0
971 353 994 392 0.001319 0
1118 314 1135 344 0.001314 0
1247 474 1257 485 0.001310 0
836 465 848 476 0.001295 0
906 198 917 227 0.001292 0
788 315 813 345 0.001278 0
885 203 904 243 0.001270 0
1195 194 1274 268 0.001249 0
2 64 260 219 0.001249 0
1077 333 1096 361 0.001247 0
1039 447 1048 464 0.001247 0
0 64 213 210 0.001241 0
1093 452 1104 471 0.001230 0
531 186 583 313 0.001227 0
543 173 576 221 0.001217 0
120 64 212 92 0.001213 0
1118 440 1133 472 0.001206 0
464 202 477 257 0.001200 0
1103 312 1125 344 0.001199 0
940 327 964 386 0.001192 0
157 203 174 232 0.001181 0
320 628 328 648 0.001177 0
906 336 927 380 0.001172 0
463 198 480 295 0.001166 0
961 452 970 461 0.001160 0
326 64 496 208 0.001158 0
1146 320 1168 344 0.001153 0
1007 431 1014 439 0.001153 0
573 180 582 201 0.001140 0
681 199 690 216 0.001134 0
896 440 904 456 0.001126 0
514 192 530 217 0.001125 0
1181 215 1191 224 0.001120 0
527 572 537 616 0.001111 0
1122 327 1136 344 0.001110 0
979 689 987 703 0.001109 0
812 326 846 344 0.001106 0
891 206 903 241 0.001101 0
510 192 531 247 0.001097 0
680 449 688 460 0.001095 0
967 445 976 460 0.001095 0
1253 194 1279 251 0.001090 0
906 337 926 378 0.001087 0
314 64 368 198 0.001087 0
815 327 846 344 0.001085 0
207 393 224 414 0.001081 0
1147 320 1168 346 0.001080 0
1225 197 1255 234 0.001061 0
975 367 991 393 0.001056 0
1249 213 1264 236 0.001050 0
999 384 1023 409 0.001049 0
477 199 486 216 0.001045 0
1056 217 1069 239 0.001036 0
1089 170 1121 215 0.001034 0
574 428 592 459 0.001033 0
1149 446 1164 464 0.001025 0
14 64 272 214 0.001022 0
822 319 849 344 0.001017 0
1240 198 1256 234 0.001014 0
1 64 190 221 0.001009 0
533 185 585 338 0.001007 0
961 361 980 390 0.001004 0
1043 279 1057 295 0.001003 0
1015 457 1024 469 0.001000 0
1127 446 1134 456 0.000996 0
527 626 537 647 0.000995 0
919 449 928 457 0.000993 0
611 152 636 190 0.000990 0
431 521 440 551 0.000986 0
1040 451 1050 465 0.000985 0
1109 329 1120 344 0.000979 0
1105 498 1119 506 0.000977 0
213 197 237 255 0.000974 0
1151 441 1161 462 0.000970 0
998 385 1023 410 0.000967 0
1078 690 1091 703 0.000963 0
944 327 960 362 0.000955 0
1119 441 1131 471 0.000953 0
607 447 624 463 0.000952 0
1208 507 1215 516 0.000951 0
1231 457 1240 469 0.000937 0
783 329 820 391 0.000936 0
1214 368 1223 385 0.000925 0
686 200 703 235 0.000924 0
785 193 795 213 0.000922 0
1037 278 1057 332 0.000920 0
802 184 819 238 0.000919 0
1077 334 1090 374 0.000919 0
1056 221 1066 238 0.000919 0
1098 329 1104 344 0.000917 0
855 430 887 457 0.000916 0
1248 201 1264 236 0.000916 0
1117 320 1137 383 0.000910 0
457 202 465 215 0.000907 0
1077 331 1103 361 0.000906 0
1077 334 1096 361 0.000896 0
951 456 960 465 0.000895 0
334 64 495 335 0.000894 0
1119 316 1136 384 0.000885 0
8 64 284 218 0.000877 0
244 195 255 215 0.000876 0
0 64 25 211 0.000874 0
933 434 944 453 0.000855 0
1100 201 1110 220 0.000854 0
1248 206 1279 268 0.000850 0
862 463 874 478 0.000846 0
518 192 542 248 0.000841 0
190 392 224 416 0.000833 0
56 64 317 215 0.000827 0
463 200 478 281 0.000826 0
989 342 1008 387 0.000826 0
926 439 933 454 0.000821 0
1250 621 1279 703 0.000820 0
638 678 672 703 0.000819 0
1085 457 1096 472 0.000818 0
1151 452 1161 468 0.000816 0
355 64 494 361 0.000815 0
1115 306 1138 344 0.000815 0
782 197 801 236 0.000814 0
905 327 924 344 0.000807 0
1070 64 1079 70 0.000800 0
1182 345 1195 377 0.000795 0
1231 458 1249 486 0.000792 0
1231 458 1261 482 0.000791 0
942 345 957 392 0.000789 0
907 336 924 351 0.000787 0
737 202 749 226 0.000787 0
973 201 986 219 0.000783 0
961 350 996 391 0.000780 0
1118 325 1136 344 0.000780 0
1015 338 1024 351 0.000775 0
1092 189 1119 216 0.000774 0
1118 312 1136 385 0.000774 0
157 203 172 234 0.000771 0
1119 440 1135 474 0.000771 0
980 208 1005 246 0.000768 0
1118 442 1136 472 0.000765 0
1167 194 1180 221 0.000763 0
15 64 320 219 0.000760 0
1044 278 1058 296 0.000760 0
240 194 256 237 0.000759 0
821 460 831 472 0.000759 0
748 440 769 472 0.000755 0
823 320 849 344 0.000755 0
846 270 866 338 0.000754 0
797 337 819 393 0.000753 0
877 438 888 457 0.000750 0
266 196 272 210 0.000749 0
0 64 69 213 0.000749 0
1033 278 1058 333 0.000748 0
194 204 208 227 0.000747 0
862 299 880 343 0.000746 0
1177 343 1196 376 0.000743 0
935 433 944 441 0.000741 0
312 64 496 203 0.000737 0
1222 404 1231 424 0.000737 0
600 152 639 201 0.000730 0
999 385 1023 409 0.000730 0
1087 456 1098 471 0.000730 0
990 281 1003 312 0.000721 0
868 324 881 342 0.000720 0
910 337 925 353 0.000719 0
954 369 978 426 0.000718 0
877 431 888 451 0.000714 0
959 369 979 421 0.000712 0
803 185 815 210 0.000712 0
935 338 981 388 0.000712 0
1178 185 1217 262 0.000709 0
902 473 929 488 0.000705 0
1076 332 1105 400 0.000703 0
991 439 1000 455 0.000702 0
216 200 247 295 0.000700 0
822 284 850 344 0.000697 0
574 429 592 458 0.000696 0
1007 453 1023 477 0.000696 0
209 181 230 231 0.000696 0
1077 188 1101 217 0.000695 0
1231 458 1241 471 0.000694 0
866 333 882 343 0.000693 0
731 447 764 470 0.000692 0
869 459 880 477 0.000691 0
993 196 1015 226 0.000690 0
1016 319 1029 344 0.000690 0
223 392 240 408 0.000690 0
1145 324 1167 343 0.000686 0
1118 439 1141 471 0.000685 0
1251 173 1279 250 0.000683 0
796 336 820 392 0.000677 0
1248 625 1279 703 0.000676 0
787 321 825 345 0.000676 0
0 65 49 293 0.000673 0
993 182 1009 222 0.000673 0
223 393 240 408 0.000672 0
970 347 997 391 0.000670 0
991 190 1002 221 0.000669 0
975 351 1009 393 0.000667 0
719 427 726 440 0.000666 0
1138 441 1154 464 0.000663 0
735 448 743 457 0.000653 0
1247 627 1279 703 0.000650 0
933 440 944 456 0.000649 0
999 385 1023 408 0.000648 0
962 440 975 456 0.000643 0
266 197 273 227 0.000642 0
1231 457 1263 490 0.000642 0
316 64 368 185 0.000636 0
415 250 420 270 0.000634 0
928 344 952 391 0.000634 0
860 435 889 480 0.000633 0
978 352 1002 389 0.000633 0
706 467 714 473 0.000632 0
528 590 537 616 0.000630 0
1140 440 1155 458 0.000629 0
999 455 1008 465 0.000628 0
726 423 737 439 0.000626 0
1071 331 1090 375 0.000626 0
1075 686 1092 703 0.000624 0
612 150 632 169 0.000623 0
336 64 501 214 0.000621 0
1134 440 1146 464 0.000619 0
1101 321 1119 362 0.000619 0
1103 319 1123 374 0.000616 0
320 625 328 648 0.000616 0
1231 456 1261 477 0.000615 0
1171 489 1185 507 0.000613 0
1070 486 1089 501 0.000612 0
893 317 906 343 0.000611 0
628 685 672 703 0.000610 0
975 689 987 703 0.000608 0
1115 470 1130 475 0.000607 0
0 64 48 210 0.000606 0
350 64 446 214 0.000605 0
912 449 926 459 0.000605 0
1248 348 1260 357 0.000603 0
844 266 867 339 0.000603 0
1251 191 1276 218 0.000602 0
1 64 259 210 0.000602 0
832 479 841 490 0.000601 0
1064 464 1071 470 0.000600 0
1152 200 1165 250 0.000591 0
526 625 538 646 0.000589 0
0 64 19 210 0.000586 0
1072 333 1088 361 0.000583 0
981 451 992 462 0.000583 0
59 64 345 212 0.000576 0
783 192 800 214 0.000574 0
612 150 639 175 0.000572 0
1111 453 1120 474 0.000572 0
541 195 573 251 0.000570 0
1104 311 1134 338 0.000569 0
878 319 888 343 0.000565 0
1046 411 1057 426 0.000564 0
1141 388 1155 408 0.000563 0
931 342 946 381 0.000562 0
831 439 845 456 0.000561 0
784 328 810 344 0.000557 0
1026 484 1066 505 0.000557 0
979 352 1005 387 0.000553 0
220 201 245 303 0.000552 0
1160 425 1168 439 0.000551 0
718 424 727 440 0.000550 0
526 628 552 667 0.000549 0
352 65 438 213 0.000547 0
1047 455 1056 466 0.000544 0
337 64 433 215 0.000543 0
1247 420 1253 430 0.000542 0
799 440 808 450 0.000540 0
879 332 886 343 0.000540 0
317 64 425 224 0.000538 0
245 186 323 371 0.000538 0
199 203 224 230 0.000537 0
1071 457 1084 470 0.000535 0
1243 460 1259 476 0.000533 0
344 173 353 199 0.000532 0
982 440 996 456 0.000532 0
1251 619 1279 702 0.000532 0
704 327 719 377 0.000529 0
1014 332 1024 346 0.000527 0
1008 482 1015 494 0.000527 0
704 327 720 377 0.000527 0
997 385 1024 422 0.000527 0
238 206 250 238 0.000525 0
975 456 982 463 0.000525 0
1043 411 1057 443 0.000524 0
367 206 376 230 0.000523 0
739 244 765 303 0.000522 0
311 64 495 252 0.000520 0
863 335 876 343 0.000518 0
802 313 821 343 0.000518 0
929 204 972 242 0.000513 0
1039 322 1054 335 0.000512 0
1136 443 1154 471 0.000512 0
955 368 979 425 0.000511 0
1247 347 1264 392 0.000511 0
381 64 497 233 0.000510 0
907 337 928 390 0.000509 0
1261 139 1279 183 0.000509 0
767 428 776 444 0.000509 0
649 407 657 424 0.000508 0
607 152 631 172 0.000507 0
831 442 841 457 0.000506 0
784 312 833 344 0.000506 0
1165 472 1178 479 0.000504 0
28 64 346 218 0.000503 0
1185 526 1192 544 0.000502 0
406 251 414 271 0.000501 0
111 222 119 238 0.000501 0
939 339 977 390 0.000501 0
994 357 1009 391 0.000500 0
847 262 867 338 0.000498 0
930 344 949 384 0.000495 0
327 64 433 218 0.000493 0
913 340 1003 391 0.000489 0
436 191 445 204 0.000489 0
930 343 950 382 0.000488 0
1095 440 1103 455 0.000488 0
349 65 481 360 0.000487 0
1119 315 1136 385 0.000486 0
1083 329 1105 401 0.000484 0
31 215 40 229 0.000484 0
704 326 719 377 0.000484 0
751 463 761 477 0.000482 0
219 231 241 297 0.000481 0
802 183 815 225 0.000480 0
246 198 256 232 0.000480 0
1079 331 1104 404 0.000480 0
315 64 491 360 0.000479 0
1016 478 1025 488 0.000478 0
732 464 749 473 0.000476 0
886 441 900 456 0.000474 0
1218 336 1266 428 0.000473 0
893 438 904 456 0.000472 0
371 71 496 215 0.000470 0
993 384 1016 410 0.000469 0
1001 431 1007 440 0.000469 0
1047 279 1064 295 0.000469 0
957 371 977 405 0.000469 0
1143 376 1151 389 0.000468 0
908 338 937 384 0.000467 0
991 342 1008 380 0.000466 0
1138 390 1155 408 0.000466 0
839 504 847 511 0.000466 0
1144 317 1168 344 0.000464 0
751 424 768 441 0.000463 0
220 230 241 300 0.000461 0
1247 346 1263 376 0.000461 0
463 201 479 283 0.000460 0
896 418 905 439 0.000459 0
235 180 323 371 0.000459 0
855 435 889 481 0.000458 0
542 182 550 202 0.000457 0
369 198 383 218 0.000456 0
1188 196 1218 230 0.000455 0
315 64 427 215 0.000455 0
1075 333 1092 397 0.000455 0
0 64 17 213 0.000454 0
609 151 630 169 0.000454 0
976 342 1008 390 0.000453 0
1095 440 1104 462 0.000453 0
1149 328 1197 359 0.000453 0
737 199 795 267 0.000452 0
526 627 542 648 0.000450 0
1134 428 1144 440 0.000447 0
1104 320 1119 365 0.000447 0
806 361 816 392 0.000445 0
351 189 358 199 0.000444 0
992 343 1008 385 0.000444 0
930 345 947 380 0.000443 0
961 341 968 351 0.000441 0
1232 456 1266 480 0.000439 0
222 196 254 242 0.000437 0
1039 411 1057 459 0.000436 0
360 66 436 221 0.000436 0
994 357 1008 384 0.000436 0
1072 456 1094 471 0.000435 0
895 425 904 453 0.000435 0
664 207 679 232 0.000435 0
1216 407 1224 425 0.000435 0
1085 333 1104 403 0.000430 0
559 594 569 622 0.000430 0
1183 445 1190 456 0.000430 0
895 416 905 436 0.000429 0
915 338 1000 390 0.000427 0
1039 322 1055 334 0.000425 0
1148 487 1174 507 0.000425 0
751 460 770 479 0.000423 0
949 369 979 428 0.000423 0
1243 332 1263 406 0.000421 0
951 371 977 441 0.000420 0
735 424 749 457 0.000420 0
1125 444 1135 470 0.000419 0
862 292 880 340 0.000418 0
854 311 864 336 0.000418 0
991 383 1024 442 0.000417 0
879 316 890 343 0.000414 0
1153 297 1168 341 0.000414 0
332 185 343 199 0.000413 0
732 323 744 338 0.000412 0
1086 332 1104 404 0.000411 0
1230 346 1262 424 0.000411 0
1169 343 1197 377 0.000411 0
1039 321 1056 334 0.000410 0
688 456 703 472 0.000410 0
0 64 66 216 0.000409 0
158 64 264 228 0.000409 0
1151 441 1166 463 0.000409 0
964 371 979 401 0.000409 0
356 65 496 213 0.000408 0
664 461 673 471 0.000408 0
1069 486 1083 506 0.000407 0
734 429 749 458 0.000405 0
1268 614 1279 704 0.000405 0
1180 353 1267 427 0.000404 0
1135 472 1143 479 0.000403 0
1073 334 1091 403 0.000402 0
1217 197 1253 234 0.000401 0
656 452 670 461 0.000401 0
800 185 816 231 0.000400 0
367 74 496 224 0.000399 0
994 384 1024 422 0.000399 0
635 677 672 703 0.000398 0
770 430 785 449 0.000398 0
1247 414 1254 428 0.000398 0
0 64 76 212 0.000398 0
1150 453 1160 473 0.000395 0
999 512 1008 535 0.000394 0
782 337 821 394 0.000394 0
1034 485 1075 515 0.000393 0
1226 65 1279 270 0.000392 0
630 453 639 461 0.000392 0
1060 64 1080 70 0.000392 0
778 231 791 238 0.000391 0
666 207 677 228 0.000389 0
860 252 882 342 0.000389 0
894 324 921 372 0.000388 0
695 472 704 490 0.000388 0
1220 406 1232 424 0.000388 0
965 359 995 417 0.000387 0
264 193 272 205 0.000387 0
905 453 944 485 0.000387 0
1119 310 1136 385 0.000387 0
1072 458 1094 472 0.000387 0
1076 328 1088 340 0.000386 0
1247 481 1279 704 0.000386 0
669 317 691 377 0.000385 0
367 207 378 220 0.000384 0
771 329 814 363 0.000384 0
1269 613 1279 703 0.000383 0
973 365 994 413 0.000382 0
1200 360 1263 427 0.000382 0
709 204 739 235 0.000381 0
527 570 537 614 0.000381 0
0 64 45 206 0.000381 0
885 438 904 456 0.000380 0
960 456 969 468 0.000379 0
752 423 768 439 0.000379 0
664 185 672 216 0.000378 0
1086 335 1104 403 0.000377 0
652 194 662 216 0.000377 0
105 248 129 264 0.000376 0
735 423 749 450 0.000375 0
960 336 968 348 0.000375 0
928 348 941 379 0.000375 0
647 456 656 471 0.000375 0
0 65 348 395 0.000375 0
744 463 761 472 0.000373 0
1228 338 1265 418 0.000373 0
824 329 848 365 0.000370 0
1173 456 1184 471 0.000369 0
833 439 848 454 0.000369 0
638 655 673 704 0.000369 0
639 661 672 703 0.000368 0
506 221 535 250 0.000367 0
1182 353 1224 415 0.000367 0
801 439 816 452 0.000367 0
575 426 592 458 0.000366 0
647 407 656 423 0.000365 0
816 440 824 452 0.000365 0
310 66 421 203 0.000365 0
1247 334 1269 405 0.000363 0
239 191 255 219 0.000363 0
1190 488 1200 504 0.000362 0
1179 350 1217 409 0.000361 0
558 585 584 621 0.000361 0
111 224 123 255 0.000360 0
344 64 520 333 0.000360 0
1120 391 1128 409 0.000359 0
1087 332 1104 400 0.000358 0
1140 378 1164 408 0.000358 0
941 345 970 395 0.000358 0
1073 445 1090 455 0.000357 0
928 430 943 454 0.000357 0
499 179 577 253 0.000355 0
957 434 971 456 0.000354 0
719 326 741 362 0.000354 0
998 514 1008 537 0.000353 0
1076 690 1094 703 0.000353 0
0 65 373 393 0.000353 0
1167 380 1183 407 0.000353 0
106 64 223 178 0.000351 0
1027 486 1061 506 0.000350 0
767 460 776 483 0.000347 0
1182 370 1227 417 0.000347 0
219 238 242 296 0.000345 0
110 248 128 264 0.000345 0
95 64 350 211 0.000344 0
925 345 944 384 0.000344 0
1119 386 1128 409 0.000344 0
847 297 865 338 0.000342 0
764 458 779 474 0.000341 0
1036 192 1056 218 0.000341 0
319 559 328 579 0.000340 0
1212 65 1279 269 0.000339 0
1182 366 1241 419 0.000339 0
974 688 987 703 0.000338 0
193 194 208 218 0.000337 0
772 426 785 441 0.000337 0
662 449 672 462 0.000337 0
704 326 721 378 0.000337 0
718 455 735 470 0.000336 0
718 439 735 469 0.000336 0
779 322 847 388 0.000336 0
751 422 768 439 0.000336 0
1249 628 1277 703 0.000336 0
220 237 241 298 0.000335 0
663 423 671 434 0.000334 0
925 344 945 381 0.000333 0
687 463 697 487 0.000333 0
665 336 692 382 0.000333 0
1021 440 1039 453 0.000333 0
862 268 881 341 0.000331 0
897 417 913 439 0.000330 0
723 423 737 441 0.000330 0
629 687 671 703 0.000328 0
695 472 704 492 0.000327 0
715 445 772 472 0.000327 0
965 358 977 381 0.000327 0
1003 372 1024 400 0.000327 0
924 345 945 391 0.000327 0
946 345 981 391 0.000326 0
1073 436 1088 455 0.000326 0
987 678 1027 703 0.000325 0
671 316 692 375 0.000324 0
1079 330 1107 393 0.000324 0
777 312 804 342 0.000324 0
1007 340 1024 388 0.000324 0
1264 366 1279 413 0.000324 0
1008 359 1024 387 0.000323 0
615 424 623 434 0.000323 0
1246 354 1261 377 0.000323 0
236 215 249 239 0.000322 0
1240 424 1247 440 0.000322 0
862 289 882 341 0.000322 0
976 448 985 457 0.000321 0
366 67 494 218 0.000321 0
859 456 891 481 0.000320 0
526 630 553 667 0.000320 0
366 70 531 327 0.000319 0
256 64 351 196 0.000319 0
1072 684 1096 703 0.000319 0
1038 412 1047 428 0.000318 0
308 64 422 197 0.000317 0
603 157 634 185 0.000317 0
1143 484 1187 510 0.000317 0
111 208 122 237 0.000316 0
1067 478 1088 499 0.000316 0
893 416 913 457 0.000316 0
723 322 744 343 0.000316 0
910 339 938 389 0.000315 0
614 153 643 175 0.000314 0
219 237 241 297 0.000314 0
943 316 955 339 0.000313 0
1230 382 1263 428 0.000313 0
1006 423 1024 440 0.000313 0
1124 445 1136 475 0.000312 0
175 185 184 205 0.000312 0
1169 479 1177 490 0.000312 0
1224 358 1264 426 0.000311 0
1057 224 1097 296 0.000311 0
1175 185 1202 218 0.000311 0
0 138 30 307 0.000311 0
611 152 640 188 0.000311 0
606 175 615 184 0.000310 0
1153 438 1167 456 0.000309 0
1064 65 1280 269 0.000308 0
826 279 849 343 0.000308 0
159 64 259 218 0.000308 0
1142 375 1154 404 0.000307 0
689 457 703 470 0.000306 0
995 384 1024 421 0.000305 0
317 64 370 188 0.000305 0
235 188 326 380 0.000304 0
0 67 45 287 0.000304 0
983 382 1022 410 0.000304 0
623 615 682 703 0.000303 0
1263 345 1279 433 0.000302 0
806 278 851 344 0.000302 0
1072 503 1080 511 0.000301 0
992 442 1010 457 0.000301 0
1230 64 1279 170 0.000301 0
1078 427 1087 441 0.000300 0
415 251 420 270 0.000300 0
978 320 991 343 0.000299 0
1035 273 1068 336 0.000298 0
319 64 368 176 0.000297 0
982 366 1012 399 0.000297 0
808 328 847 375 0.000296 0
1166 381 1182 413 0.000296 0
861 283 881 340 0.000296 0
1239 420 1248 440 0.000296 0
1165 329 1199 359 0.000295 0
1247 344 1268 380 0.000295 0
1106 345 1118 375 0.000294 0
771 424 784 440 0.000293 0
0 136 25 315 0.000292 0
1174 479 1184 488 0.000292 0
1073 427 1082 441 0.000291 0
796 197 821 237 0.000291 0
1044 410 1056 424 0.000291 0
931 330 997 388 0.000291 0
902 335 925 358 0.000291 0
1079 328 1110 362 0.000291 0
867 270 881 297 0.000290 0
748 450 795 473 0.000289 0
1009 336 1024 382 0.000289 0
1140 348 1181 404 0.000289 0
215 200 254 265 0.000288 0
1229 334 1263 419 0.000288 0
816 460 829 474 0.000288 0
1069 189 1098 218 0.000288 0
704 324 727 378 0.000287 0
764 265 838 343 0.000287 0
271 231 291 295 0.000287 0
1011 465 1024 487 0.000287 0
1246 426 1255 455 0.000285 0
894 335 926 376 0.000284 0
603 363 625 410 0.000284 0
1072 334 1089 363 0.000283 0
751 323 765 345 0.000283 0
65 64 367 227 0.000283 0
1142 371 1167 406 0.000283 0
752 416 764 427 0.000283 0
852 310 864 336 0.000283 0
1183 454 1192 471 0.000283 0
654 198 662 216 0.000282 0
319 64 428 189 0.000280 0
1076 399 1088 411 0.000279 0
1263 365 1279 423 0.000278 0
304 65 494 212 0.000278 0
519 623 536 648 0.000278 0
772 317 791 343 0.000278 0
320 65 433 231 0.000278 0
1032 373 1043 384 0.000277 0
680 171 691 215 0.000276 0
523 625 553 667 0.000276 0
856 431 872 441 0.000274 0
1111 64 1279 266 0.000274 0
220 211 252 245 0.000273 0
1274 159 1279 173 0.000273 0
355 64 557 364 0.000273 0
308 103 369 322 0.000272 0
1024 469 1050 498 0.000271 0
752 413 768 426 0.000271 0
157 204 173 230 0.000268 0
1189 442 1199 456 0.000268 0
221 392 240 408 0.000268 0
932 327 955 381 0.000268 0
519 623 537 648 0.000267 0
1140 451 1157 476 0.000266 0
364 186 375 200 0.000266 0
824 419 839 434 0.000265 0
670 292 691 373 0.000265 0
991 282 1004 312 0.000265 0
976 364 996 415 0.000264 0
0 64 70 221 0.000264 0
1154 342 1199 399 0.000264 0
1091 112 1138 174 0.000263 0
1239 448 1248 456 0.000263 0
816 443 824 454 0.000262 0
802 497 811 506 0.000262 0
773 191 794 224 0.000262 0
111 64 342 128 0.000260 0
1101 332 1119 362 0.000260 0
1149 448 1167 472 0.000260 0
1038 417 1047 435 0.000259 0
719 335 736 364 0.000259 0
46 64 128 199 0.000259 0
1248 476 1279 703 0.000258 0
855 438 940 485 0.000258 0
785 325 848 376 0.000257 0
983 664 1019 703 0.000257 0
0 71 17 213 0.000257 0
1261 169 1279 230 0.000257 0
1027 358 1054 387 0.000257 0
269 224 292 295 0.000256 0
925 427 935 455 0.000256 0
769 256 853 347 0.000255 0
1104 65 1279 269 0.000255 0
48 64 126 170 0.000253 0
52 64 141 202 0.000252 0
2 65 456 386 0.000252 0
955 337 978 379 0.000251 0
858 243 887 341 0.000251 0
1022 278 1042 330 0.000251 0
769 458 797 473 0.000251 0
487 469 496 482 0.000251 0
343 64 437 184 0.000250 0
387 185 401 205 0.000250 0
0 143 8 203 0.000250 0
663 415 670 424 0.000250 0
1170 456 1184 472 0.000249 0
721 339 737 362 0.000249 0
1206 64 1279 266 0.000248 0
0 180 6 203 0.000248 0
1033 683 1058 703 0.000248 0
174 207 184 217 0.000247 0
543 591 566 624 0.000247 0
938 341 993 392 0.000247 0
55 64 147 206 0.000247 0
1008 423 1024 440 0.000247 0
655 208 682 234 0.000246 0
256 64 361 192 0.000246 0
1066 330 1092 382 0.000246 0
752 325 769 344 0.000246 0
1080 404 1088 415 0.000246 0
1223 386 1259 427 0.000244 0
1245 422 1254 443 0.000244 0
903 326 933 346 0.000244 0
366 73 496 248 0.000243 0
217 242 241 295 0.000243 0
718 438 736 464 0.000242 0
675 353 690 374 0.000242 0
603 143 637 169 0.000242 0
952 439 964 455 0.000241 0
746 243 769 304 0.000241 0
1067 686 1093 703 0.000241 0
1249 608 1279 702 0.000240 0
1065 64 1095 72 0.000239 0
680 379 688 394 0.000239 0
302 64 496 201 0.000239 0
1073 333 1089 403 0.000239 0
1270 618 1279 693 0.000239 0
1038 417 1052 456 0.000239 0
768 260 833 344 0.000238 0
2 64 81 209 0.000238 0
1013 440 1026 453 0.000238 0
719 436 737 459 0.000238 0
671 463 680 471 0.000238 0
943 315 961 344 0.000237 0
213 182 231 223 0.000237 0
269 223 293 294 0.000237 0
738 245 763 302 0.000237 0
1149 327 1176 344 0.000237 0
39 64 133 209 0.000236 0
1093 319 1120 392 0.000236 0
996 374 1024 400 0.000236 0
332 64 580 205 0.000235 0
772 312 795 342 0.000235 0
1071 446 1083 456 0.000235 0
1071 434 1088 455 0.000235 0
1154 484 1221 513 0.000235 0
271 632 288 682 0.000234 0
400 641 418 690 0.000234 0
436 192 445 203 0.000233 0
902 415 913 426 0.000233 0
174 185 184 207 0.000233 0
1111 440 1122 473 0.000232 0
852 455 867 473 0.000231 0
294 191 320 293 0.000231 0
951 442 960 458 0.000231 0
1216 453 1223 469 0.000231 0
798 440 815 469 0.000231 0
975 342 1008 384 0.000231 0
267 223 292 295 0.000231 0
126 374 144 403 0.000230 0
958 368 994 407 0.000230 0
524 624 545 647 0.000229 0
1062 683 1093 703 0.000229 0
736 423 753 450 0.000229 0
720 317 744 332 0.000228 0
317 65 420 207 0.000227 0
802 314 846 343 0.000227 0
1036 416 1057 458 0.000226 0
1072 397 1082 409 0.000226 0
1253 619 1277 683 0.000226 0
350 64 496 95 0.000226 0
735 424 760 458 0.000225 0
1205 381 1260 426 0.000225 0
477 174 582 252 0.000225 0
1038 184 1050 218 0.000224 0
358 67 441 221 0.000224 0
1038 685 1052 703 0.000224 0
1264 367 1279 408 0.000223 0
1024 249 1061 296 0.000223 0
656 424 664 435 0.000222 0
429 222 439 229 0.000222 0
0 152 6 203 0.000222 0
1027 357 1058 389 0.000222 0
155 203 176 239 0.000222 0
854 429 925 482 0.000222 0
191 392 209 459 0.000220 0
655 315 690 381 0.000220 0
608 448 624 469 0.000220 0
879 316 898 343 0.000219 0
1177 348 1214 405 0.000218 0
949 381 1023 422 0.000218 0
913 454 944 485 0.000218 0
827 416 847 438 0.000217 0
1089 173 1122 221 0.000217 0
510 329 527 351 0.000216 0
288 193 320 285 0.000215 0
113 64 348 193 0.000215 0
326 64 625 305 0.000215 0
64 64 162 78 0.000215 0
275 65 476 369 0.000214 0
1176 344 1211 381 0.000213 0
190 380 211 416 0.000213 0
1187 347 1267 420 0.000213 0
1134 422 1151 440 0.000213 0
576 363 592 391 0.000212 0
609 149 635 176 0.000212 0
960 199 969 208 0.000212 0
118 64 491 210 0.000212 0
1087 338 1104 407 0.000211 0
318 64 417 183 0.000211 0
1184 509 1193 517 0.000211 0
934 420 944 441 0.000211 0
1258 621 1279 704 0.000211 0
318 237 336 366 0.000211 0
1136 191 1164 256 0.000210 0
628 449 640 461 0.000210 0
528 629 547 647 0.000210 0
1014 663 1057 703 0.000210 0
430 519 441 551 0.000210 0
1095 504 1103 519 0.000210 0
1087 229 1105 280 0.000209 0
4 65 79 212 0.000209 0
912 341 932 392 0.000208 0
402 644 417 690 0.000207 0
880 427 907 457 0.000207 0
1168 441 1178 455 0.000207 0
1139 350 1183 392 0.000206 0
783 423 812 451 0.000206 0
994 297 1008 334 0.000206 0
813 344 826 372 0.000205 0
908 339 929 392 0.000205 0
527 562 537 603 0.000205 0
159 83 214 215 0.000205 0
1182 440 1197 458 0.000204 0
948 339 1003 388 0.000204 0
1070 335 1089 383 0.000204 0
1109 438 1121 472 0.000204 0
907 329 1009 389 0.000203 0
154 203 173 235 0.000202 0
784 434 808 452 0.000202 0
104 254 115 264 0.000202 0
933 341 1022 415 0.000202 0
365 67 497 226 0.000202 0
553 687 672 703 0.000201 0
704 441 721 469 0.000201 0
115 64 497 232 0.000200 0
1048 64 1280 264 0.000200 0
993 308 1009 344 0.000200 0
672 355 691 383 0.000198 0
912 338 1012 390 0.000198 0
847 251 913 345 0.000198 0
998 514 1007 545 0.000198 0
918 340 944 379 0.000197 0
1028 335 1042 360 0.000197 0
751 425 768 441 0.000197 0
824 415 847 446 0.000197 0
1059 226 1101 298 0.000197 0
319 559 328 584 0.000196 0
642 653 672 704 0.000196 0
1240 345 1280 412 0.000196 0
1048 681 1092 703 0.000195 0
794 419 818 467 0.000195 0
389 68 496 224 0.000195 0
1135 386 1157 408 0.000195 0
870 264 914 347 0.000194 0
704 334 720 377 0.000194 0
1060 224 1104 298 0.000194 0
263 225 293 295 0.000194 0
765 257 830 344 0.000194 0
1221 412 1232 432 0.000194 0
407 252 413 271 0.000194 0
776 332 785 343 0.000194 0
1083 331 1104 410 0.000194 0
1260 131 1279 181 0.000194 0
271 632 288 684 0.000193 0
782 269 850 344 0.000193 0
991 388 1009 413 0.000193 0
256 64 339 189 0.000193 0
1166 327 1186 350 0.000192 0
846 269 861 324 0.000192 0
60 64 167 206 0.000192 0
41 64 126 202 0.000192 0
847 269 867 330 0.000192 0
990 180 1006 220 0.000191 0
46 64 129 165 0.000191 0
319 64 370 109 0.000191 0
977 329 992 343 0.000191 0
104 233 129 317 0.000191 0
597 578 608 611 0.000191 0
1071 339 1092 414 0.000191 0
1216 411 1225 432 0.000190 0
153 64 255 211 0.000190 0
1025 324 1077 394 0.000190 0
1037 440 1048 457 0.000190 0
0 64 177 304 0.000189 0
1170 444 1184 456 0.000189 0
1254 630 1267 679 0.000189 0
318 559 329 580 0.000189 0
41 64 124 191 0.000189 0
974 342 1007 379 0.000188 0
799 426 808 447 0.000188 0
0 64 117 210 0.000187 0
0 235 17 290 0.000187 0
825 268 853 339 0.000187 0
1221 349 1280 420 0.000186 0
679 386 688 398 0.000186 0
725 197 866 271 0.000185 0
319 238 337 360 0.000185 0
1032 64 1279 259 0.000185 0
463 575 473 584 0.000184 0
398 184 407 202 0.000184 0
774 343 794 370 0.000184 0
1217 446 1224 457 0.000183 0
1016 319 1041 347 0.000183 0
1237 402 1255 429 0.000183 0
1252 630 1270 695 0.000183 0
881 321 900 343 0.000182 0
574 445 592 461 0.000182 0
0 110 18 247 0.000181 0
857 244 881 297 0.000181 0
1247 496 1279 700 0.000181 0
1038 276 1068 332 0.000181 0
680 450 702 468 0.000181 0
966 367 996 420 0.000180 0
1061 333 1090 397 0.000179 0
284 194 366 371 0.000179 0
766 341 815 379 0.000178 0
734 380 748 399 0.000178 0
1199 64 1208 74 0.000178 0
1039 444 1056 465 0.000178 0
54 64 139 165 0.000177 0
604 149 646 202 0.000177 0
256 64 347 199 0.000177 0
609 437 624 461 0.000177 0
487 470 496 488 0.000176 0
778 296 827 345 0.000175 0
23 64 125 177 0.000175 0
320 626 329 649 0.000175 0
717 437 736 459 0.000175 0
1027 328 1074 392 0.000174 0
913 438 932 455 0.000174 0
893 336 926 376 0.000174 0
518 392 529 429 0.000174 0
1112 183 1128 209 0.000174 0
241 208 258 237 0.000173 0
906 272 931 345 0.000173 0
823 269 850 336 0.000173 0
604 346 613 363 0.000173 0
1190 441 1199 454 0.000173 0
509 689 671 703 0.000172 0
1160 424 1168 439 0.000172 0
1107 184 1137 216 0.000172 0
849 423 883 442 0.000172 0
1055 672 1094 703 0.000172 0
1165 65 1280 255 0.000172 0
269 392 288 399 0.000171 0
999 333 1008 344 0.000171 0
1056 227 1095 298 0.000171 0
63 407 80 438 0.000170 0
1030 374 1054 416 0.000170 0
687 352 693 359 0.000170 0
945 357 969 406 0.000170 0
799 440 816 462 0.000170 0
519 392 528 409 0.000169 0
901 326 959 376 0.000169 0
1022 279 1041 329 0.000169 0
471 191 481 205 0.000169 0
1168 614 1184 647 0.000168 0
1035 645 1059 703 0.000168 0
1248 563 1279 700 0.000167 0
591 578 602 614 0.000166 0
1135 390 1152 408 0.000166 0
1168 329 1201 359 0.000166 0
58 64 200 156 0.000166 0
856 437 916 484 0.000166 0
704 448 724 469 0.000166 0
1102 103 1129 154 0.000165 0
421 65 496 242 0.000165 0
338 64 497 207 0.000165 0
520 638 529 648 0.000165 0
1082 399 1122 464 0.000165 0
0 64 134 201 0.000165 0
631 468 640 479 0.000165 0
629 537 641 574 0.000164 0
855 422 943 483 0.000164 0
1137 369 1192 410 0.000164 0
653 663 672 704 0.000164 0
1204 384 1259 428 0.000164 0
827 294 843 312 0.000164 0
767 342 827 393 0.000164 0
835 501 845 510 0.000164 0
773 310 803 341 0.000163 0
828 415 847 440 0.000163 0
1082 398 1123 452 0.000163 0
734 377 749 396 0.000163 0
839 244 886 341 0.000163 0
1097 438 1118 456 0.000163 0
271 195 294 268 0.000162 0
33 64 129 211 0.000162 0
706 424 722 461 0.000162 0
1030 417 1041 440 0.000162 0
291 220 321 312 0.000162 0
1153 369 1182 396 0.000161 0
1269 139 1279 172 0.000161 0
813 413 847 454 0.000161 0
157 64 258 180 0.000161 0
1006 466 1048 497 0.000161 0
1226 64 1279 171 0.000160 0
1057 439 1072 464 0.000160 0
1235 126 1280 183 0.000160 0
600 343 610 365 0.000159 0
1056 455 1072 469 0.000159 0
1076 393 1125 452 0.000159 0
1016 327 1033 345 0.000158 0
753 328 769 344 0.000158 0
703 327 716 369 0.000158 0
962 685 991 703 0.000158 0
1253 428 1263 441 0.000158 0
391 596 400 616 0.000157 0
1169 386 1185 411 0.000157 0
479 558 497 600 0.000157 0
267 231 292 295 0.000157 0
610 615 673 703 0.000157 0
272 223 290 281 0.000156 0
909 273 930 345 0.000156 0
687 464 699 491 0.000156 0
1168 443 1178 456 0.000156 0
833 493 842 506 0.000156 0
1245 628 1278 703 0.000156 0
799 367 813 393 0.000156 0
771 182 785 204 0.000156 0
307 137 384 322 0.000155 0
1166 380 1182 423 0.000155 0
1060 387 1086 409 0.000155 0
317 64 452 171 0.000154 0
213 243 242 277 0.000154 0
946 680 1021 703 0.000154 0
352 64 495 93 0.000154 0
1020 227 1096 299 0.000154 0
1082 408 1121 458 0.000154 0
687 424 695 434 0.000153 0
193 186 203 210 0.000153 0
273 245 291 295 0.000153 0
156 67 270 235 0.000153 0
1042 468 1056 486 0.000153 0
1093 326 1121 394 0.000153 0
0 380 13 412 0.000153 0
193 185 214 228 0.000153 0
1053 456 1068 467 0.000153 0
1013 414 1024 425 0.000152 0
942 358 979 428 0.000152 0
0 380 17 414 0.000152 0
575 346 593 391 0.000152 0
1037 468 1057 497 0.000152 0
256 66 340 198 0.000152 0
294 65 455 343 0.000152 0
1076 90 1139 198 0.000152 0
632 201 656 221 0.000151 0
1007 528 1015 535 0.000151 0
1 64 345 351 0.000151 0
256 64 329 165 0.000150 0
913 342 994 389 0.000150 0
0 105 52 258 0.000150 0
56 64 186 202 0.000150 0
955 426 971 448 0.000150 0
576 372 591 392 0.000150 0
453 203 477 248 0.000149 0
186 376 226 416 0.000149 0
374 184 396 204 0.000149 0
1054 64 1072 71 0.000149 0
596 366 625 411 0.000149 0
1055 375 1067 401 0.000149 0
1052 334 1090 405 0.000149 0
432 587 440 612 0.000149 0
114 64 485 198 0.000149 0
575 277 597 321 0.000148 0
1103 336 1120 389 0.000148 0
513 392 545 430 0.000148 0
1179 226 1280 387 0.000147 0
1264 315 1279 368 0.000147 0
55 64 187 160 0.000147 0
1086 437 1122 473 0.000147 0
0 594 18 699 0.000147 0
0 64 55 184 0.000146 0
719 317 742 331 0.000146 0
943 370 978 432 0.000146 0
1069 226 1105 283 0.000146 0
854 263 914 345 0.000146 0
1047 673 1095 703 0.000146 0
1062 64 1130 73 0.000146 0
978 314 991 339 0.000146 0
1171 614 1184 646 0.000146 0
655 337 691 383 0.000145 0
931 371 946 391 0.000145 0
191 392 210 448 0.000145 0
1029 361 1050 385 0.000145 0
1033 415 1041 433 0.000145 0
1249 613 1279 702 0.000145 0
273 392 288 398 0.000145 0
1189 456 1200 472 0.000145 0
237 185 321 369 0.000144 0
448 423 464 457 0.000144 0
805 310 817 336 0.000144 0
432 191 443 203 0.000144 0
348 64 496 91 0.000143 0
1108 276 1142 343 0.000143 0
999 427 1042 456 0.000143 0
495 193 580 264 0.000143 0
0 64 323 400 0.000143 0
1119 196 1157 228 0.000142 0
1008 471 1028 493 0.000142 0
767 553 775 568 0.000142 0
240 386 256 407 0.000142 0
1165 376 1212 423 0.000142 0
192 397 208 468 0.000142 0
1028 340 1042 360 0.000141 0
1082 311 1121 345 0.000141 0
16 64 173 90 0.000141 0
484 193 539 251 0.000141 0
595 578 608 616 0.000141 0
869 423 881 437 0.000141 0
797 445 820 472 0.000140 0
575 282 594 332 0.000140 0
9 66 138 217 0.000140 0
681 170 704 215 0.000139 0
558 586 570 621 0.000139 0
1 64 331 365 0.000139 0
576 360 592 391 0.000139 0
1013 675 1056 703 0.000139 0
1051 395 1093 463 0.000139 0
157 101 212 219 0.000139 0
306 66 426 230 0.000138 0
502 577 513 600 0.000138 0
800 326 848 382 0.000137 0
704 338 720 377 0.000137 0
1214 64 1233 101 0.000137 0
390 596 401 644 0.000137 0
575 277 596 324 0.000137 0
1103 344 1121 392 0.000137 0
126 374 144 401 0.000137 0
1052 64 1131 74 0.000137 0
845 259 859 315 0.000137 0
798 442 819 472 0.000136 0
824 328 849 385 0.000136 0
97 64 218 204 0.000136 0
241 191 256 214 0.000136 0
750 422 786 443 0.000135 0
1199 456 1208 468 0.000135 0
1263 405 1275 423 0.000135 0
1025 315 1080 393 0.000135 0
996 422 1014 440 0.000135 0
607 423 615 434 0.000134 0
161 64 258 187 0.000134 0
932 327 955 345 0.000134 0
817 412 847 433 0.000133 0
230 187 325 382 0.000133 0
1056 433 1072 462 0.000132 0
1029 425 1040 445 0.000132 0
1039 457 1053 471 0.000132 0
541 214 560 252 0.000132 0
943 382 977 450 0.000132 0
1200 184 1217 208 0.000132 0
830 416 848 453 0.000132 0
1211 480 1280 561 0.000131 0
807 263 818 302 0.000131 0
27 64 140 214 0.000131 0
1181 455 1205 471 0.000131 0
454 163 581 254 0.000131 0
1033 674 1094 703 0.000131 0
916 427 927 442 0.000131 0
1037 393 1050 413 0.000131 0
1054 415 1088 465 0.000131 0
1027 353 1071 393 0.000131 0
883 325 899 344 0.000131 0
477 556 497 600 0.000130 0
575 364 609 412 0.000130 0
101 64 496 199 0.000130 0
575 274 598 317 0.000130 0
875 260 916 346 0.000130 0
1213 396 1247 428 0.000130 0
623 651 672 704 0.000130 0
1246 679 1279 703 0.000130 0
383 183 403 204 0.000130 0
499 394 550 432 0.000130 0
432 582 442 617 0.000130 0
1062 467 1081 493 0.000130 0
104 238 129 311 0.000129 0
1027 367 1056 395 0.000129 0
1128 278 1138 302 0.000129 0
0 597 17 700 0.000129 0
900 334 967 381 0.000129 0
816 411 830 427 0.000129 0
573 413 586 432 0.000129 0
76 64 161 77 0.000129 0
1253 408 1263 424 0.000128 0
942 362 1020 444 0.000128 0
1053 338 1091 412 0.000128 0
765 247 830 342 0.000128 0
844 626 870 682 0.000127 0
817 439 833 451 0.000127 0
788 311 803 333 0.000127 0
239 237 256 299 0.000127 0
0 128 23 309 0.000126 0
1167 598 1185 645 0.000126 0
1055 696 1064 703 0.000126 0
119 65 499 224 0.000126 0
1082 335 1128 414 0.000125 0
212 181 243 226 0.000125 0
55 64 205 164 0.000125 0
320 627 329 648 0.000125 0
61 65 200 210 0.000125 0
648 480 656 487 0.000124 0
892 316 912 343 0.000124 0
123 375 144 403 0.000124 0
535 202 550 233 0.000124 0
2 64 490 375 0.000124 0
1208 509 1215 531 0.000124 0
1219 467 1242 485 0.000124 0
624 673 668 703 0.000124 0
1164 497 1188 519 0.000124 0
494 307 513 336 0.000123 0
240 242 256 296 0.000123 0
1261 299 1279 413 0.000123 0
1176 455 1200 472 0.000123 0
1102 341 1121 393 0.000123 0
210 203 257 296 0.000123 0
1231 351 1263 386 0.000123 0
291 219 322 321 0.000122 0
637 664 692 703 0.000122 0
545 223 572 253 0.000122 0
1227 359 1280 426 0.000122 0
827 333 848 393 0.000122 0
580 582 592 617 0.000121 0
1026 387 1045 408 0.000121 0
1137 383 1184 410 0.000121 0
524 394 546 420 0.000121 0
613 144 634 169 0.000121 0
871 689 885 703 0.000121 0
950 424 973 455 0.000121 0
920 165 996 260 0.000121 0
0 76 74 220 0.000120 0
1260 341 1279 454 0.000120 0
575 335 593 388 0.000120 0
1265 95 1279 172 0.000120 0
746 241 790 308 0.000120 0
1220 456 1248 486 0.000120 0
622 424 632 435 0.000120 0
943 359 959 403 0.000120 0
355 364 367 390 0.000120 0
1244 441 1256 456 0.000119 0
0 79 43 274 0.000119 0
1169 440 1189 456 0.000119 0
735 198 799 284 0.000119 0
1187 365 1228 414 0.000119 0
915 178 959 212 0.000119 0
0 397 32 552 0.000119 0
466 186 565 252 0.000118 0
998 324 1024 348 0.000118 0
1094 507 1103 533 0.000118 0
104 68 216 213 0.000118 0
1000 487 1008 495 0.000118 0
1065 420 1090 442 0.000118 0
576 371 592 392 0.000118 0
240 397 252 408 0.000118 0
1105 607 1111 614 0.000118 0
1037 325 1057 360 0.000118 0
901 325 952 346 0.000118 0
575 279 597 349 0.000118 0
1052 279 1075 295 0.000118 0
1044 681 1094 703 0.000118 0
903 274 949 348 0.000118 0
625 661 672 703 0.000118 0
343 64 497 132 0.000117 0
1037 186 1066 222 0.000117 0
809 472 817 478 0.000117 0
1270 625 1279 678 0.000117 0
432 172 446 202 0.000117 0
124 374 144 403 0.000117 0
287 194 320 291 0.000116 0
660 644 709 703 0.000116 0
1248 481 1279 678 0.000116 0
895 439 913 458 0.000116 0
95 241 130 315 0.000116 0
1214 64 1232 99 0.000116 0
1104 351 1121 397 0.000116 0
1038 399 1052 422 0.000116 0
737 198 801 272 0.000115 0
633 685 674 703 0.000115 0
801 416 811 423 0.000115 0
778 411 850 468 0.000115 0
917 421 928 434 0.000115 0
743 426 817 470 0.000115 0
0 102 66 223 0.000115 0
879 422 887 440 0.000114 0
0 120 43 289 0.000114 0
304 184 327 205 0.000113 0
1032 370 1057 393 0.000113 0
1259 75 1279 172 0.000113 0
503 315 513 343 0.000113 0
871 496 879 502 0.000113 0
703 327 714 341 0.000113 0
867 285 932 344 0.000113 0
1016 319 1059 362 0.000112 0
1103 373 1128 409 0.000112 0
0 103 68 227 0.000112 0
988 282 1008 339 0.000112 0
724 413 738 440 0.000112 0
909 255 930 338 0.000112 0
316 64 491 118 0.000112 0
0 664 9 703 0.000111 0
0 414 96 604 0.000111 0
705 415 784 471 0.000111 0
895 440 912 456 0.000111 0
487 465 496 473 0.000111 0
855 419 942 483 0.000111 0
824 311 859 344 0.000111 0
911 260 930 333 0.000111 0
867 411 941 464 0.000110 0
1097 399 1104 408 0.000110 0
1022 64 1157 210 0.000110 0
1009 64 1025 72 0.000110 0
944 661 1026 703 0.000110 0
143 450 161 552 0.000110 0
704 414 776 472 0.000110 0
667 295 707 374 0.000110 0
1263 407 1272 423 0.000110 0
1240 104 1280 176 0.000110 0
249 64 371 185 0.000110 0
440 208 446 218 0.000110 0
1060 392 1072 402 0.000109 0
335 552 344 570 0.000109 0
819 221 907 342 0.000109 0
1224 114 1278 192 0.000109 0
65 65 143 209 0.000109 0
890 333 926 376 0.000109 0
1265 79 1279 172 0.000109 0
1203 64 1223 73 0.000109 0
527 626 552 663 0.000109 0
1251 402 1265 424 0.000108 0
623 429 632 439 0.000108 0
0 513 71 600 0.000108 0
767 463 776 486 0.000108 0
1259 72 1279 173 0.000108 0
1084 391 1127 447 0.000108 0
1166 348 1213 397 0.000107 0
257 392 277 401 0.000107 0
1152 458 1168 479 0.000107 0
381 590 392 626 0.000107 0
647 550 657 576 0.000107 0
975 313 991 343 0.000107 0
1120 425 1142 452 0.000107 0
1213 64 1233 133 0.000107 0
0 468 95 603 0.000107 0
668 340 704 382 0.000107 0
108 250 128 311 0.000107 0
1225 631 1250 697 0.000107 0
966 674 1004 703 0.000106 0
1023 278 1041 331 0.000106 0
945 365 1024 442 0.000106 0
631 474 640 487 0.000106 0
1034 685 1064 703 0.000106 0
957 411 969 425 0.000106 0
991 427 1029 456 0.000106 0
972 313 991 344 0.000106 0
342 64 492 156 0.000106 0
736 468 744 477 0.000106 0
767 551 776 568 0.000106 0
3 64 361 361 0.000106 0
1124 65 1280 238 0.000105 0
255 72 329 166 0.000105 0
155 183 184 207 0.000105 0
1028 394 1041 409 0.000105 0
0 386 29 419 0.000105 0
487 397 546 430 0.000105 0
1104 108 1239 237 0.000105 0
1130 64 1279 176 0.000104 0
752 419 827 465 0.000104 0
884 420 896 440 0.000104 0
1112 104 1120 120 0.000104 0
1054 438 1071 465 0.000104 0
631 439 639 449 0.000104 0
1043 325 1091 389 0.000104 0
267 209 300 298 0.000104 0
830 416 847 424 0.000104 0
367 348 384 377 0.000104 0
1023 383 1031 393 0.000103 0
1114 333 1198 388 0.000103 0
320 64 370 112 0.000103 0
574 366 594 409 0.000103 0
1241 79 1280 171 0.000103 0
613 430 625 439 0.000103 0
1229 64 1279 246 0.000103 0
56 64 215 197 0.000102 0
527 558 537 600 0.000102 0
28 64 481 274 0.000102 0
310 145 364 253 0.000102 0
1256 340 1279 490 0.000102 0
814 327 848 382 0.000102 0
1213 64 1233 119 0.000102 0
626 168 640 196 0.000102 0
899 562 912 588 0.000102 0
1026 337 1091 398 0.000102 0
412 71 495 209 0.000102 0
661 651 707 704 0.000102 0
0 397 32 520 0.000102 0
496 391 504 398 0.000101 0
798 420 810 438 0.000101 0
527 537 537 553 0.000101 0
923 421 936 448 0.000101 0
302 110 312 124 0.000101 0
391 424 400 438 0.000101 0
622 686 660 703 0.000101 0
183 197 190 206 0.000101 0
246 205 292 267 0.000101 0
645 429 656 438 0.000101 0
542 581 556 620 0.000101 0
1201 407 1218 435 0.000101 0
1033 77 1145 216 0.000101 0
0 94 72 227 0.000101 0
1236 95 1279 173 0.000100 0
1238 424 1266 456 0.000100 0
769 252 855 342 0.000100 0
607 370 625 410 0.000100 0
733 234 765 291 0.659624 1
1136 227 1169 263 0.629372 1
1136 232 1168 262 0.554595 1
733 237 766 291 0.542224 1
733 233 766 291 0.535629 1
1136 230 1169 262 0.528058 1
733 236 764 291 0.481386 1
1136 229 1168 263 0.480651 1
733 237 767 289 0.417116 1
902 218 948 278 0.388386 1
901 214 948 278 0.369137 1
902 216 948 277 0.364552 1
733 237 765 290 0.349776 1
902 215 948 281 0.332549 1
733 237 762 291 0.310328 1
826 227 853 263 0.303682 1
734 232 768 289 0.288729 1
826 230 850 261 0.285442 1
826 229 852 261 0.271463 1
826 229 847 261 0.251388 1
826 227 853 264 0.237873 1
1136 232 1168 263 0.213279 1
826 229 853 262 0.211038 1
900 215 950 281 0.204703 1
826 229 853 263 0.196610 1
826 227 855 262 0.173744 1
901 233 929 295 0.156136 1
901 213 948 294 0.150035 1
902 234 929 296 0.145047 1
901 231 934 295 0.135667 1
902 232 931 295 0.132653 1
900 211 974 301 0.130177 1
901 211 972 296 0.125737 1
901 231 929 292 0.119000 1
826 230 847 261 0.104242 1
901 211 971 292 0.098081 1
898 213 947 294 0.097921 1
733 236 762 290 0.083487 1
900 235 928 295 0.082155 1
902 229 934 287 0.079279 1
736 231 770 287 0.075680 1
826 230 845 261 0.069203 1
902 233 928 287 0.063467 1
825 229 844 260 0.060711 1
738 237 769 288 0.056833 1
911 223 949 271 0.052418 1
903 230 929 278 0.052192 1
896 236 928 296 0.050352 1
828 227 856 266 0.045826 1
826 226 879 267 0.043849 1
909 225 949 271 0.043679 1
905 240 929 296 0.042604 1
834 226 879 281 0.042026 1
949 274 962 303 0.041827 1
828 224 886 278 0.040910 1
832 222 879 271 0.039348 1
909 235 929 296 0.039332 1
905 229 932 273 0.037365 1
902 232 928 281 0.037125 1
949 274 961 303 0.035777 1
827 225 855 265 0.035681 1
900 212 973 292 0.033570 1
840 225 895 284 0.031987 1
736 232 771 288 0.031567 1
831 223 892 281 0.031118 1
857 229 884 282 0.030761 1
900 234 948 297 0.030032 1
830 223 891 283 0.029245 1
866 231 887 281 0.028495 1
903 212 972 304 0.027910 1
866 230 895 283 0.027351 1
830 205 879 267 0.026133 1
865 231 890 284 0.025698 1
876 229 896 246 0.024868 1
866 230 894 282 0.024675 1
902 230 947 277 0.024668 1
865 229 896 280 0.023577 1
832 218 855 264 0.023200 1
851 225 901 282 0.023101 1
902 231 928 280 0.022863 1
874 230 896 246 0.022657 1
854 229 888 284 0.022060 1
865 230 897 286 0.022048 1
875 230 896 247 0.021901 1
929 224 949 267 0.020393 1
899 213 966 300 0.020185 1
913 221 949 271 0.019932 1
929 225 949 269 0.019527 1
873 229 896 247 0.019437 1
736 231 770 285 0.019426 1
836 200 877 268 0.019418 1
855 223 899 274 0.019064 1
733 239 764 291 0.018780 1
859 229 881 277 0.018441 1
826 223 886 283 0.018123 1
912 228 938 270 0.017535 1
901 210 973 274 0.017527 1
950 274 962 303 0.017425 1
741 238 769 288 0.017370 1
853 226 904 287 0.016978 1
930 213 949 268 0.016505 1
929 220 949 267 0.016301 1
868 230 906 287 0.016293 1
922 224 968 304 0.015967 1
867 230 902 286 0.015902 1
912 251 928 296 0.015869 1
733 234 761 290 0.015859 1
866 228 894 267 0.015401 1
867 233 884 278 0.015134 1
903 235 948 297 0.014470 1
931 214 951 268 0.014215 1
733 240 760 291 0.013982 1
867 219 898 252 0.013936 1
932 226 950 267 0.013699 1
906 223 950 274 0.013429 1
896 240 925 297 0.013370 1
904 211 974 301 0.013335 1
846 228 877 282 0.012852 1
934 273 962 303 0.012708 1
837 228 863 283 0.012571 1
859 213 883 270 0.011517 1
936 273 962 304 0.011479 1
859 227 881 270 0.011255 1
867 229 899 281 0.011151 1
931 224 950 267 0.010721 1
949 273 965 303 0.010573 1
691 209 704 238 0.010389 1
832 194 884 271 0.010314 1
735 234 756 289 0.009611 1
867 230 883 270 0.009351 1
948 263 966 304 0.009161 1
1058 216 1095 247 0.009119 1
933 228 949 268 0.009026 1
691 204 728 237 0.008299 1
826 228 858 282 0.008009 1
921 222 973 305 0.007698 1
1062 212 1096 243 0.006801 1
887 225 902 244 0.006756 1
690 216 703 238 0.006683 1
689 206 728 238 0.006618 1
942 273 961 304 0.006519 1
873 232 906 288 0.006450 1
905 248 948 301 0.006242 1
1069 211 1096 240 0.006224 1
879 228 904 248 0.006044 1
861 233 894 299 0.005969 1
906 231 930 271 0.005881 1
325 236 352 255 0.005829 1
734 234 786 292 0.005774 1
894 244 912 290 0.005447 1
747 243 787 282 0.005202 1
1059 215 1103 254 0.004987 1
894 239 910 288 0.004950 1
931 221 956 272 0.004934 1
762 247 786 280 0.004911 1
821 205 970 291 0.004672 1
750 246 786 282 0.004627 1
894 234 916 287 0.004407 1
873 241 897 287 0.004407 1
902 230 927 273 0.004348 1
1123 228 1135 248 0.004308 1
1073 216 1097 257 0.004237 1
899 230 966 299 0.004204 1
847 226 879 284 0.004195 1
925 222 973 272 0.004127 1
928 273 963 309 0.003961 1
819 219 865 262 0.003921 1
762 249 786 281 0.003863 1
1072 218 1093 241 0.003765 1
326 236 352 255 0.003639 1
846 228 891 298 0.003593 1
803 215 859 254 0.003540 1
804 218 844 259 0.003492 1
878 229 917 286 0.003482 1
1135 222 1198 263 0.003468 1
742 241 768 291 0.003419 1
1154 225 1171 246 0.003249 1
757 247 819 281 0.003225 1
751 242 788 282 0.003187 1
931 225 973 267 0.003122 1
1062 212 1107 256 0.003102 1
929 225 973 271 0.003049 1
325 236 352 256 0.002986 1
891 232 918 287 0.002979 1
878 211 903 246 0.002971 1
930 274 962 305 0.002930 1
736 241 762 300 0.002880 1
762 246 787 280 0.002793 1
1082 215 1109 267 0.002789 1
886 264 901 287 0.002756 1
803 207 834 239 0.002629 1
691 209 728 237 0.002564 1
936 225 972 264 0.002479 1
802 216 829 239 0.002411 1
898 208 984 296 0.002405 1
1070 202 1098 238 0.002287 1
1116 226 1167 263 0.002170 1
1083 217 1095 236 0.002148 1
1057 218 1093 255 0.002143 1
1203 253 1239 275 0.002033 1
1061 201 1107 251 0.001996 1
1099 215 1170 258 0.001989 1
50 231 99 256 0.001969 1
1201 253 1236 274 0.001958 1
737 230 771 271 0.001936 1
1057 214 1084 242 0.001936 1
734 240 761 299 0.001887 1
56 225 97 256 0.001838 1
1056 218 1084 245 0.001824 1
1063 215 1105 267 0.001802 1
895 247 914 301 0.001785 1
926 229 973 274 0.001784 1
1121 225 1148 252 0.001764 1
888 204 988 289 0.001699 1
802 212 839 239 0.001683 1
47 226 96 256 0.001657 1
948 273 973 304 0.001647 1
758 245 817 281 0.001623 1
1202 253 1238 269 0.001609 1
926 274 946 311 0.001582 1
759 250 815 281 0.001567 1
742 245 787 298 0.001554 1
876 212 950 302 0.001534 1
703 204 1276 418 0.001522 1
933 266 974 305 0.001506 1
1203 253 1226 267 0.001476 1
826 229 859 280 0.001472 1
1073 202 1094 217 0.001468 1
60 224 99 255 0.001455 1
1135 229 1190 263 0.001421 1
738 232 770 267 0.001419 1
760 244 787 279 0.001391 1
46 228 74 255 0.001368 1
800 212 829 239 0.001364 1
730 234 753 291 0.001319 1
47 235 74 255 0.001304 1
828 240 855 281 0.001303 1
1161 233 1175 247 0.001299 1
54 235 100 260 0.001297 1
728 231 754 291 0.001271 1
814 220 871 273 0.001270 1
795 219 846 263 0.001242 1
746 235 791 282 0.001213 1
758 250 818 281 0.001212 1
934 213 972 256 0.001185 1
847 265 854 281 0.001172 1
1156 223 1171 249 0.001166 1
902 227 913 248 0.001136 1
780 222 849 284 0.001110 1
733 234 787 289 0.001109 1
934 278 944 291 0.001086 1
47 235 76 256 0.001084 1
324 229 352 255 0.001080 1
198 210 244 260 0.001060 1
1132 221 1234 270 0.001058 1
908 251 942 312 0.001047 1
1074 196 1098 216 0.001043 1
668 207 1117 364 0.001032 1
1200 254 1225 267 0.001029 1
736 232 755 277 0.000994 1
861 201 941 274 0.000979 1
124 236 197 262 0.000943 1
866 255 916 307 0.000939 1
17 215 43 257 0.000937 1
58 225 94 240 0.000923 1
64 224 97 238 0.000905 1
783 251 818 281 0.000869 1
857 245 910 300 0.000827 1
27 215 41 257 0.000815 1
894 242 940 312 0.000807 1
188 227 247 262 0.000806 1
825 229 856 282 0.000800 1
925 272 963 312 0.000777 1
757 231 813 281 0.000766 1
61 224 95 238 0.000750 1
746 241 771 303 0.000729 1
927 278 945 311 0.000704 1
864 208 1002 334 0.000697 1
107 236 157 264 0.000689 1
136 235 190 259 0.000683 1
1146 320 1169 345 0.000663 1
1202 254 1225 272 0.000657 1
786 251 818 280 0.000636 1
201 227 244 262 0.000627 1
730 236 755 291 0.000624 1
50 225 74 254 0.000616 1
524 231 537 246 0.000599 1
829 219 901 336 0.000589 1
755 215 901 331 0.000586 1
504 234 536 252 0.000584 1
1195 253 1238 280 0.000580 1
763 250 819 281 0.000579 1
1101 221 1151 255 0.000578 1
759 248 818 280 0.000568 1
733 231 773 303 0.000562 1
518 232 538 248 0.000556 1
754 221 944 346 0.000534 1
324 232 353 255 0.000517 1
687 198 786 287 0.000502 1
1022 278 1041 329 0.000501 1
1178 180 1228 225 0.000486 1
1023 272 1061 296 0.000483 1
216 239 241 264 0.000473 1
1188 253 1231 283 0.000470 1
750 211 889 277 0.000470 1
80 222 96 236 0.000468 1
787 262 801 280 0.000467 1
1039 278 1057 328 0.000461 1
1039 322 1055 335 0.000455 1
517 231 536 247 0.000454 1
1024 279 1041 296 0.000450 1
105 235 139 263 0.000431 1
679 212 697 234 0.000428 1
1140 325 1197 361 0.000425 1
119 219 178 258 0.000420 1
1057 201 1093 240 0.000410 1
164 231 231 261 0.000394 1
733 242 760 297 0.000391 1
221 239 241 264 0.000368 1
1135 231 1190 264 0.000364 1
1199 252 1243 281 0.000363 1
1025 279 1041 296 0.000358 1
805 205 844 240 0.000357 1
851 226 873 297 0.000356 1
792 204 986 289 0.000355 1
777 230 856 284 0.000355 1
1047 278 1063 295 0.000352 1
1029 278 1058 334 0.000342 1
1135 228 1169 265 0.000336 1
788 252 817 275 0.000330 1
135 237 189 263 0.000329 1
679 207 698 233 0.000323 1
839 221 898 327 0.000321 1
323 217 352 255 0.000311 1
726 230 754 290 0.000295 1
780 251 818 280 0.000291 1
828 264 855 281 0.000288 1
1206 254 1240 274 0.000287 1
933 272 962 311 0.000276 1
715 212 742 235 0.000275 1
1022 279 1040 295 0.000273 1
1124 229 1167 263 0.000271 1
1202 251 1240 270 0.000268 1
210 239 242 264 0.000264 1
927 288 940 312 0.000263 1
758 232 819 280 0.000261 1
831 218 938 318 0.000260 1
896 277 913 305 0.000258 1
1135 231 1175 271 0.000251 1
1140 327 1193 360 0.000249 1
1055 221 1182 339 0.000248 1
779 252 819 281 0.000244 1
678 214 707 238 0.000242 1
699 219 766 291 0.000241 1
151 221 180 252 0.000240 1
945 236 976 304 0.000237 1
845 241 912 340 0.000232 1
1077 220 1268 320 0.000230 1
1063 227 1098 283 0.000228 1
949 272 976 305 0.000228 1
1049 211 1171 281 0.000217 1
1024 243 1066 297 0.000214 1
1063 228 1105 281 0.000208 1
896 284 911 304 0.000208 1
754 224 777 269 0.000207 1
871 260 913 313 0.000206 1
753 232 791 277 0.000199 1
1066 250 1280 295 0.000197 1
741 230 846 344 0.000196 1
733 233 766 302 0.000191 1
835 233 867 305 0.000185 1
950 246 975 273 0.000174 1
525 229 544 249 0.000171 1
1136 228 1170 266 0.000170 1
681 228 766 297 0.000167 1
1025 281 1041 328 0.000166 1
689 207 705 274 0.000163 1
520 231 546 253 0.000160 1
710 221 750 242 0.000158 1
965 265 1108 338 0.000157 1
807 262 836 282 0.000152 1
910 259 934 323 0.000151 1
1021 319 1057 340 0.000147 1
730 242 754 291 0.000142 1
1021 230 1101 298 0.000142 1
916 271 968 318 0.000142 1
1023 318 1054 334 0.000141 1
1178 255 1278 288 0.000139 1
908 249 969 316 0.000135 1
645 201 774 286 0.000130 1
762 228 798 279 0.000128 1
824 262 869 303 0.000128 1
575 277 597 346 0.000123 1
1135 231 1205 277 0.000118 1
747 247 788 300 0.000113 1
823 261 853 282 0.000110 1
1177 260 1265 286 0.000107 1
1190 252 1280 288 0.000106 1
631 380 657 396 0.093685 2
1105 217 1146 243 0.051289 2
1104 216 1147 247 0.046248 2
631 381 657 396 0.044875 2
631 380 658 396 0.044726 2
484 198 516 216 0.044576 2
1104 216 1145 247 0.043870 2
484 199 516 217 0.042055 2
631 373 658 396 0.041074 2
1104 217 1144 248 0.038134 2
1103 487 1115 496 0.037517 2
487 198 514 216 0.036754 2
485 198 516 216 0.035155 2
530 204 545 218 0.034648 2
528 203 544 218 0.034217 2
866 177 952 217 0.033860 2
691 204 728 236 0.031735 2
1104 217 1141 249 0.027928 2
1104 487 1120 497 0.027812 2
483 198 517 217 0.026981 2
690 205 728 236 0.026906 2
692 202 728 235 0.025596 2
867 178 953 253 0.025578 2
631 378 658 396 0.024269 2
623 190 655 215 0.023782 2
1106 216 1145 236 0.023291 2
1004 198 1038 228 0.022967 2
1119 488 1136 497 0.022483 2
822 328 848 344 0.019769 2
631 381 657 397 0.019746 2
1111 216 1146 236 0.019252 2
691 198 729 231 0.018980 2
304 185 323 198 0.018216 2
1104 215 1174 248 0.017786 2
1104 216 1140 250 0.016935 2
305 187 321 198 0.016768 2
912 190 950 222 0.016600 2
1005 198 1037 226 0.015566 2
1004 201 1028 229 0.015448 2
1105 216 1142 235 0.015272 2
482 193 517 217 0.014959 2
528 200 546 218 0.014906 2
1120 488 1136 497 0.013747 2
530 207 544 218 0.013622 2
631 373 650 386 0.013258 2
1004 196 1054 229 0.012914 2
1004 197 1038 223 0.012331 2
1003 198 1055 229 0.012150 2
692 199 730 232 0.011930 2
823 328 848 344 0.011921 2
632 193 654 215 0.011559 2
305 186 323 198 0.011383 2
632 201 647 215 0.011211 2
691 202 729 235 0.011132 2
1103 217 1141 249 0.011012 2
910 188 952 215 0.010859 2
912 188 948 217 0.010808 2
630 372 658 396 0.010712 2
1005 204 1025 229 0.010617 2
632 201 646 215 0.009750 2
483 194 517 217 0.009316 2
626 190 646 208 0.008749 2
319 209 331 231 0.008414 2
1004 195 1054 230 0.008311 2
1003 197 1055 229 0.008199 2
803 210 837 239 0.007973 2
625 190 645 204 0.007799 2
1104 219 1120 248 0.007745 2
615 195 647 215 0.007660 2
921 197 946 219 0.007083 2
621 191 647 215 0.007081 2
861 176 967 268 0.006475 2
1005 195 1052 230 0.006457 2
971 245 990 261 0.006311 2
319 204 331 231 0.006307 2
633 191 656 213 0.006252 2
867 176 948 208 0.005647 2
480 170 517 217 0.005519 2
903 212 974 280 0.005504 2
587 186 656 217 0.005498 2
802 211 836 239 0.005469 2
630 372 655 392 0.005459 2
910 182 947 216 0.005096 2
1007 205 1041 230 0.005065 2
1008 214 1024 229 0.005043 2
207 399 224 414 0.004965 2
632 200 654 216 0.004939 2
593 448 608 458 0.004931 2
158 416 168 423 0.004902 2
305 185 323 198 0.004882 2
838 173 956 239 0.004857 2
971 246 988 261 0.004689 2
599 364 624 377 0.004687 2
971 244 993 261 0.004672 2
915 191 954 213 0.004599 2
1102 211 1172 250 0.004598 2
207 399 224 414 0.004590 2
648 455 656 461 0.004498 2
1005 198 1041 229 0.004416 2
669 453 686 463 0.004333 2
660 375 686 387 0.004199 2
925 210 974 269 0.004167 2
969 239 990 262 0.004162 2
208 399 224 414 0.004154 2
812 170 952 240 0.003996 2
485 191 523 217 0.003960 2
1023 200 1052 230 0.003873 2
293 178 310 198 0.003861 2
606 365 624 376 0.003840 2
1104 222 1120 249 0.003724 2
588 190 616 214 0.003698 2
632 375 661 394 0.003655 2
611 201 647 215 0.003559 2
971 246 991 262 0.003386 2
596 464 608 471 0.003377 2
589 197 616 214 0.003360 2
525 194 547 218 0.003320 2
1133 204 1192 248 0.003268 2
971 221 994 261 0.003259 2
1120 64 1152 76 0.003222 2
1007 193 1054 229 0.003217 2
1006 194 1050 224 0.003161 2
503 315 512 335 0.003141 2
596 363 624 378 0.003092 2
641 372 661 389 0.003068 2
914 196 979 267 0.003030 2
660 374 693 386 0.002980 2
1003 235 1024 252 0.002908 2
597 363 624 377 0.002837 2
987 205 1024 229 0.002760 2
1119 501 1129 509 0.002741 2
1005 208 1044 231 0.002734 2
207 398 224 414 0.002732 2
481 178 520 217 0.002731 2
1006 218 1023 229 0.002713 2
1006 194 1041 225 0.002675 2
555 180 577 203 0.002674 2
871 177 947 215 0.002664 2
158 410 176 424 0.002664 2
1024 209 1041 229 0.002625 2
985 198 1057 235 0.002615 2
294 177 307 197 0.002604 2
1099 211 1127 247 0.002593 2
934 228 973 269 0.002591 2
1111 210 1158 250 0.002545 2
585 185 617 214 0.002467 2
688 196 727 232 0.002397 2
504 176 575 223 0.002369 2
635 370 655 383 0.002295 2
1020 207 1055 232 0.002285 2
936 229 973 263 0.002273 2
971 228 993 261 0.002225 2
1003 235 1024 254 0.002198 2
970 218 995 260 0.002177 2
676 451 688 463 0.002162 2
968 201 1069 261 0.002157 2
416 401 424 407 0.002130 2
1161 219 1189 247 0.002041 2
912 189 955 211 0.002011 2
1105 227 1121 250 0.001997 2
590 198 618 215 0.001974 2
1158 222 1188 247 0.001955 2
941 231 992 262 0.001949 2
1002 235 1025 256 0.001942 2
982 197 1064 259 0.001941 2
1121 64 1152 76 0.001916 2
1095 495 1104 504 0.001913 2
306 185 337 199 0.001889 2
62 399 179 425 0.001886 2
319 203 333 231 0.001856 2
592 448 607 458 0.001849 2
899 186 975 269 0.001837 2
456 204 465 216 0.001822 2
1062 216 1127 253 0.001805 2
297 175 315 197 0.001784 2
1023 222 1065 260 0.001769 2
1247 346 1261 355 0.001761 2
599 319 608 329 0.001759 2
693 207 729 235 0.001751 2
1004 234 1024 249 0.001750 2
659 374 695 386 0.001718 2
684 375 695 384 0.001699 2
992 196 1065 260 0.001695 2
152 404 176 424 0.001652 2
1003 231 1024 251 0.001648 2
1002 235 1024 255 0.001631 2
1002 235 1025 256 0.001627 2
632 370 658 388 0.001620 2
0 394 32 422 0.001619 2
999 192 1040 227 0.001612 2
1119 64 1147 76 0.001590 2
932 227 973 272 0.001581 2
108 400 176 424 0.001568 2
803 208 844 239 0.001559 2
813 212 838 239 0.001557 2
47 407 78 424 0.001546 2
1111 503 1119 510 0.001545 2
592 423 609 434 0.001536 2
866 178 930 245 0.001509 2
91 399 177 424 0.001495 2
47 407 76 424 0.001494 2
1148 471 1165 479 0.001481 2
983 456 994 464 0.001477 2
662 454 674 463 0.001475 2
495 239 530 252 0.001451 2
251 411 264 423 0.001436 2
0 397 32 422 0.001362 2
1263 247 1279 270 0.001355 2
575 445 590 457 0.001342 2
971 210 996 258 0.001328 2
1002 238 1024 259 0.001319 2
701 197 746 232 0.001318 2
868 189 915 241 0.001306 2
657 454 666 462 0.001297 2
134 401 177 424 0.001274 2
1120 64 1152 78 0.001257 2
1152 471 1168 479 0.001255 2
1062 203 1146 251 0.001254 2
703 456 715 468 0.001248 2
626 373 639 382 0.001218 2
1119 64 1152 77 0.001210 2
511 340 523 351 0.001210 2
0 393 32 422 0.001207 2
1263 247 1279 270 0.001202 2
949 204 987 239 0.001198 2
1101 205 1153 232 0.001178 2
47 407 79 424 0.001177 2
463 419 502 438 0.001165 2
0 394 17 412 0.001137 2
639 455 653 461 0.001137 2
985 209 1027 246 0.001128 2
623 316 672 365 0.001128 2
947 213 993 260 0.001123 2
1002 227 1059 259 0.001099 2
950 230 970 240 0.001088 2
918 184 948 209 0.001074 2
623 322 658 364 0.001073 2
994 204 1016 226 0.001072 2
735 465 744 471 0.001067 2
989 194 1053 229 0.001063 2
319 200 356 232 0.001058 2
0 393 17 413 0.001047 2
593 450 608 459 0.001039 2
967 216 1064 260 0.001035 2
802 204 857 240 0.001031 2
623 322 661 363 0.001028 2
1104 236 1121 253 0.001028 2
957 205 987 246 0.001018 2
576 446 592 458 0.001017 2
463 419 498 438 0.001016 2
721 461 740 471 0.001011 2
463 422 496 446 0.000994 2
1030 253 1053 261 0.000993 2
597 358 623 376 0.000992 2
623 322 665 362 0.000992 2
602 359 624 376 0.000979 2
624 322 678 365 0.000975 2
624 312 685 365 0.000964 2
971 480 985 487 0.000961 2
623 320 667 363 0.000944 2
1168 381 1179 392 0.000940 2
591 424 608 433 0.000933 2
463 427 493 445 0.000933 2
1263 212 1279 270 0.000931 2
463 419 530 447 0.000922 2
274 184 294 193 0.000922 2
624 321 680 364 0.000920 2
1263 347 1279 371 0.000911 2
0 394 19 420 0.000905 2
934 207 980 242 0.000886 2
600 365 624 386 0.000885 2
477 171 581 220 0.000883 2
970 231 1025 262 0.000879 2
592 363 624 391 0.000867 2
589 362 625 409 0.000861 2
496 238 531 252 0.000861 2
1262 219 1279 270 0.000856 2
293 175 310 198 0.000844 2
1176 381 1183 391 0.000834 2
319 201 334 231 0.000833 2
1262 346 1279 367 0.000825 2
1263 251 1279 270 0.000825 2
802 183 855 240 0.000823 2
598 364 624 385 0.000822 2
452 205 465 222 0.000821 2
1028 252 1054 261 0.000821 2
582 431 591 439 0.000820 2
585 361 626 408 0.000820 2
966 207 988 253 0.000812 2
1092 488 1110 502 0.000788 2
902 456 913 462 0.000787 2
427 422 463 443 0.000781 2
1121 64 1152 79 0.000779 2
463 420 502 446 0.000774 2
1263 253 1279 270 0.000774 2
586 362 625 388 0.000771 2
585 188 616 215 0.000765 2
273 179 313 199 0.000761 2
295 200 332 232 0.000746 2
576 360 626 392 0.000744 2
1104 207 1124 226 0.000739 2
628 368 641 382 0.000735 2
593 448 608 460 0.000732 2
988 219 1026 255 0.000720 2
126 411 143 425 0.000711 2
972 218 1015 259 0.000709 2
162 395 224 417 0.000699 2
1262 169 1279 201 0.000697 2
151 409 174 424 0.000693 2
803 174 858 231 0.000692 2
479 166 580 232 0.000692 2
624 323 670 372 0.000686 2
462 419 503 439 0.000685 2
171 400 192 418 0.000679 2
1015 195 1108 253 0.000675 2
591 463 608 472 0.000674 2
320 204 355 233 0.000673 2
662 201 729 235 0.000669 2
642 374 691 393 0.000668 2
706 200 739 235 0.000666 2
79 517 96 534 0.000664 2
623 319 661 363 0.000663 2
314 197 333 231 0.000663 2
1198 471 1215 481 0.000663 2
128 411 143 425 0.000662 2
1070 196 1096 218 0.000658 2
273 183 314 200 0.000655 2
662 193 693 219 0.000647 2
0 391 17 412 0.000646 2
676 195 692 214 0.000636 2
630 370 694 391 0.000634 2
617 185 654 205 0.000630 2
959 481 970 487 0.000625 2
19 200 35 206 0.000624 2
253 407 264 421 0.000622 2
942 207 982 229 0.000621 2
0 560 86 601 0.000620 2
1248 345 1263 356 0.000620 2
1 395 32 422 0.000613 2
124 396 193 422 0.000613 2
929 203 975 241 0.000610 2
623 343 657 363 0.000608 2
1199 471 1216 481 0.000608 2
356 219 368 231 0.000606 2
1142 472 1154 479 0.000597 2
429 423 463 442 0.000596 2
1263 342 1279 359 0.000588 2
665 449 688 463 0.000587 2
661 375 688 392 0.000586 2
534 427 591 439 0.000581 2
970 246 988 264 0.000580 2
308 184 341 199 0.000572 2
534 202 548 225 0.000569 2
463 426 496 447 0.000567 2
1112 471 1122 477 0.000565 2
684 188 729 236 0.000560 2
176 401 192 417 0.000559 2
835 164 956 245 0.000557 2
964 479 975 487 0.000545 2
623 345 652 366 0.000544 2
244 412 265 424 0.000543 2
656 368 692 387 0.000542 2
690 455 703 466 0.000538 2
642 454 656 460 0.000536 2
1263 358 1279 379 0.000532 2
1223 180 1273 235 0.000531 2
719 455 751 471 0.000531 2
1064 188 1107 250 0.000530 2
1001 237 1032 262 0.000530 2
943 327 960 344 0.000528 2
939 217 972 242 0.000524 2
867 176 929 201 0.000517 2
584 182 622 205 0.000516 2
1135 342 1191 361 0.000514 2
749 439 766 451 0.000507 2
1264 348 1279 368 0.000499 2
0 399 34 423 0.000499 2
463 425 498 447 0.000498 2
662 451 688 463 0.000493 2
688 453 702 467 0.000490 2
0 391 17 410 0.000488 2
424 420 478 443 0.000485 2
1137 336 1198 360 0.000481 2
1 401 89 424 0.000477 2
463 413 522 442 0.000477 2
654 350 694 386 0.000477 2
1138 323 1187 360 0.000474 2
624 367 641 382 0.000472 2
1264 351 1279 369 0.000471 2
454 305 523 348 0.000471 2
635 367 676 388 0.000464 2
991 194 1058 249 0.000463 2
1119 64 1147 77 0.000462 2
1248 347 1263 357 0.000462 2
0 399 50 423 0.000460 2
447 202 466 222 0.000459 2
963 200 986 211 0.000456 2
1007 303 1022 311 0.000455 2
324 198 379 232 0.000455 2
1262 168 1279 207 0.000452 2
1136 343 1192 361 0.000446 2
423 423 462 442 0.000446 2
719 331 734 346 0.000445 2
942 456 955 463 0.000440 2
591 450 608 460 0.000438 2
319 198 368 232 0.000434 2
623 314 696 381 0.000425 2
633 378 661 399 0.000424 2
463 433 481 446 0.000422 2
822 328 848 359 0.000419 2
1263 361 1279 402 0.000417 2
1137 343 1196 360 0.000415 2
429 422 462 441 0.000414 2
274 184 295 194 0.000412 2
98 408 144 427 0.000410 2
430 423 458 438 0.000409 2
656 363 690 386 0.000409 2
946 327 960 344 0.000405 2
978 216 1002 254 0.000404 2
882 177 942 198 0.000401 2
717 454 770 471 0.000400 2
575 423 592 438 0.000394 2
556 179 585 216 0.000391 2
1137 340 1174 360 0.000390 2
1178 364 1266 425 0.000390 2
1262 169 1279 192 0.000390 2
822 328 848 353 0.000389 2
463 410 514 440 0.000389 2
386 197 398 206 0.000385 2
0 402 49 423 0.000385 2
1179 377 1263 425 0.000385 2
707 185 729 223 0.000382 2
1141 323 1169 345 0.000381 2
623 343 660 384 0.000380 2
511 336 527 351 0.000380 2
1139 343 1197 361 0.000379 2
640 461 649 471 0.000378 2
498 479 520 487 0.000377 2
79 515 96 534 0.000373 2
313 192 335 231 0.000369 2
427 400 519 437 0.000368 2
479 335 496 355 0.000366 2
1118 471 1128 476 0.000364 2
179 393 221 418 0.000364 2
254 197 271 212 0.000363 2
385 195 397 206 0.000361 2
1015 246 1062 262 0.000360 2
736 438 770 457 0.000358 2
1108 277 1169 345 0.000357 2
982 480 991 487 0.000356 2
623 344 648 371 0.000355 2
1264 367 1279 377 0.000353 2
719 459 733 471 0.000350 2
975 301 991 312 0.000348 2
624 302 702 381 0.000347 2
1264 365 1279 400 0.000346 2
356 217 368 229 0.000346 2
414 398 519 437 0.000340 2
1262 168 1279 202 0.000340 2
998 195 1062 244 0.000337 2
79 518 96 534 0.000337 2
450 421 477 441 0.000336 2
168 398 192 414 0.000334 2
597 364 624 409 0.000333 2
25 395 301 478 0.000333 2
78 407 146 425 0.000330 2
448 422 471 444 0.000330 2
0 259 317 403 0.000330 2
482 199 517 222 0.000329 2
1094 160 1213 229 0.000328 2
1112 322 1183 368 0.000327 2
1040 197 1074 237 0.000323 2
1050 195 1093 229 0.000322 2
576 361 624 408 0.000318 2
296 185 332 232 0.000317 2
719 324 744 360 0.000316 2
815 359 832 376 0.000315 2
1121 326 1152 344 0.000315 2
391 423 399 436 0.000312 2
1175 471 1200 479 0.000312 2
822 329 848 363 0.000310 2
463 424 525 448 0.000307 2
1183 379 1263 426 0.000305 2
617 184 633 201 0.000305 2
623 326 654 363 0.000304 2
817 359 832 376 0.000303 2
582 362 625 412 0.000302 2
503 313 528 339 0.000301 2
495 434 525 449 0.000300 2
719 322 744 344 0.000300 2
445 410 514 442 0.000300 2
359 409 368 415 0.000299 2
1187 382 1262 427 0.000298 2
79 516 96 534 0.000297 2
308 185 333 226 0.000297 2
1129 206 1147 224 0.000296 2
592 465 608 474 0.000296 2
661 273 688 283 0.000294 2
1045 196 1068 227 0.000292 2
0 391 33 423 0.000292 2
661 274 681 283 0.000291 2
1166 471 1191 479 0.000287 2
719 333 738 361 0.000286 2
646 449 686 462 0.000283 2
1237 344 1251 354 0.000282 2
87 408 140 426 0.000281 2
1222 174 1268 235 0.000281 2
150 399 192 425 0.000281 2
495 239 533 253 0.000279 2
501 438 527 449 0.000278 2
90 408 138 426 0.000275 2
1183 225 1279 299 0.000275 2
623 310 676 363 0.000273 2
0 393 117 424 0.000272 2
464 409 518 433 0.000269 2
327 203 371 232 0.000268 2
1179 381 1203 394 0.000267 2
503 313 528 336 0.000264 2
455 308 517 346 0.000264 2
1258 168 1279 241 0.000264 2
465 392 487 399 0.000262 2
415 418 431 423 0.000260 2
852 439 870 455 0.000256 2
288 176 310 199 0.000256 2
1263 365 1279 415 0.000256 2
296 198 332 232 0.000255 2
1263 365 1279 409 0.000255 2
1150 304 1168 344 0.000253 2
0 393 84 423 0.000253 2
538 181 620 220 0.000249 2
998 246 1020 261 0.000246 2
720 318 745 336 0.000244 2
942 323 978 346 0.000243 2
504 239 529 251 0.000242 2
586 184 711 218 0.000242 2
4 396 107 425 0.000242 2
447 424 464 454 0.000240 2
735 439 770 464 0.000240 2
367 453 409 471 0.000239 2
639 688 685 703 0.000238 2
1256 277 1279 296 0.000238 2
744 437 779 459 0.000235 2
802 186 853 242 0.000235 2
366 452 409 471 0.000235 2
414 399 514 440 0.000233 2
428 391 522 434 0.000233 2
448 422 464 455 0.000233 2
374 184 397 205 0.000233 2
454 291 524 345 0.000231 2
974 279 1002 302 0.000228 2
789 346 833 377 0.000228 2
33 407 48 423 0.000226 2
79 408 118 424 0.000224 2
483 199 517 222 0.000223 2
967 510 976 520 0.000222 2
790 357 833 378 0.000222 2
455 307 516 356 0.000222 2
950 691 991 703 0.000221 2
1056 465 1067 471 0.000221 2
625 372 659 397 0.000220 2
1229 247 1279 272 0.000220 2
1026 440 1041 450 0.000219 2
368 453 412 471 0.000218 2
378 453 413 471 0.000217 2
628 372 692 398 0.000216 2
647 186 672 215 0.000216 2
1118 326 1162 345 0.000216 2
325 199 376 232 0.000215 2
1184 328 1200 338 0.000214 2
39 434 80 471 0.000213 2
503 314 529 352 0.000212 2
453 307 517 344 0.000212 2
203 408 264 426 0.000212 2
503 314 528 337 0.000211 2
990 283 1008 312 0.000209 2
477 177 508 215 0.000209 2
639 449 651 460 0.000209 2
1132 341 1192 385 0.000209 2
1203 250 1280 294 0.000207 2
621 344 644 380 0.000206 2
1008 424 1025 440 0.000205 2
450 207 466 222 0.000202 2
623 306 683 360 0.000201 2
704 323 738 373 0.000201 2
206 403 288 449 0.000201 2
909 174 951 214 0.000201 2
48 435 80 450 0.000199 2
243 405 288 432 0.000198 2
368 454 396 471 0.000198 2
580 452 592 460 0.000198 2
991 437 1024 455 0.000197 2
495 240 528 254 0.000197 2
980 527 990 535 0.000196 2
330 212 355 232 0.000196 2
399 421 463 440 0.000196 2
630 373 691 396 0.000195 2
519 197 548 244 0.000195 2
200 398 224 422 0.000195 2
426 422 465 456 0.000194 2
593 427 609 437 0.000193 2
1061 180 1235 241 0.000193 2
47 436 80 451 0.000192 2
628 357 640 378 0.000192 2
623 322 656 362 0.000191 2
197 406 267 427 0.000190 2
975 292 997 312 0.000188 2
416 400 436 408 0.000186 2
1222 165 1279 206 0.000185 2
1199 269 1280 296 0.000185 2
457 405 514 431 0.000184 2
468 408 515 425 0.000183 2
862 148 993 223 0.000181 2
194 398 267 433 0.000181 2
91 413 144 439 0.000180 2
757 438 779 448 0.000179 2
1055 301 1136 345 0.000179 2
1260 279 1279 295 0.000178 2
773 231 790 237 0.000178 2
78 425 143 456 0.000178 2
607 448 624 470 0.000177 2
970 273 1147 342 0.000177 2
913 152 993 233 0.000176 2
212 403 288 448 0.000176 2
578 425 608 441 0.000175 2
495 237 546 252 0.000175 2
960 510 976 521 0.000175 2
687 448 697 458 0.000174 2
1214 473 1224 482 0.000174 2
1259 278 1279 295 0.000174 2
268 404 288 432 0.000172 2
623 313 668 362 0.000172 2
1231 165 1273 181 0.000172 2
138 463 153 471 0.000172 2
942 199 960 213 0.000172 2
99 417 143 456 0.000172 2
1182 360 1264 413 0.000171 2
22 514 43 526 0.000171 2
38 433 80 471 0.000171 2
660 430 676 439 0.000171 2
43 432 80 471 0.000171 2
1079 168 1195 248 0.000170 2
1189 471 1202 479 0.000169 2
615 279 658 313 0.000169 2
218 403 288 441 0.000168 2
856 168 999 281 0.000168 2
47 437 79 449 0.000168 2
188 395 225 424 0.000166 2
50 407 80 424 0.000166 2
113 410 144 449 0.000165 2
1264 341 1279 367 0.000164 2
590 273 704 370 0.000164 2
130 413 144 433 0.000164 2
471 408 523 426 0.000161 2
1166 379 1214 410 0.000161 2
238 407 265 423 0.000161 2
1070 320 1122 345 0.000160 2
62 407 128 424 0.000160 2
1212 250 1280 296 0.000160 2
367 453 414 471 0.000158 2
777 471 793 477 0.000157 2
1163 238 1279 360 0.000155 2
645 449 657 461 0.000155 2
400 421 453 438 0.000155 2
1037 318 1065 334 0.000154 2
1228 180 1277 203 0.000153 2
0 261 14 295 0.000153 2
502 278 533 338 0.000152 2
464 407 515 428 0.000151 2
1131 344 1179 362 0.000151 2
4 214 543 394 0.000150 2
669 453 692 471 0.000150 2
602 305 687 384 0.000150 2
511 331 528 351 0.000149 2
823 326 855 344 0.000148 2
592 463 608 480 0.000147 2
413 392 524 431 0.000146 2
36 435 80 471 0.000145 2
175 398 196 417 0.000144 2
63 426 80 440 0.000144 2
42 394 291 465 0.000141 2
352 422 384 465 0.000140 2
63 429 143 455 0.000139 2
1171 327 1200 357 0.000139 2
626 346 668 387 0.000139 2
47 438 64 446 0.000139 2
988 357 1024 398 0.000138 2
606 450 640 468 0.000138 2
67 169 88 177 0.000138 2
713 258 769 332 0.000137 2
365 424 383 436 0.000136 2
303 172 331 198 0.000136 2
91 424 144 445 0.000135 2
495 307 513 336 0.000134 2
664 273 688 283 0.000134 2
668 433 678 439 0.000133 2
178 403 288 449 0.000132 2
86 414 144 439 0.000132 2
0 281 6 295 0.000132 2
591 462 608 483 0.000131 2
612 282 660 313 0.000131 2
1068 326 1088 339 0.000131 2
981 252 1121 338 0.000131 2
353 190 372 199 0.000130 2
656 378 689 401 0.000130 2
1262 278 1279 294 0.000129 2
1116 337 1196 385 0.000129 2
584 274 694 375 0.000128 2
63 423 77 437 0.000126 2
7 510 119 535 0.000126 2
574 275 687 398 0.000126 2
225 396 288 444 0.000126 2
171 401 192 424 0.000126 2
605 266 661 314 0.000125 2
622 280 680 353 0.000125 2
657 178 693 216 0.000125 2
177 398 278 449 0.000124 2
1221 144 1280 183 0.000123 2
536 428 593 457 0.000123 2
271 178 326 233 0.000123 2
975 526 990 536 0.000123 2
267 184 298 214 0.000122 2
1051 274 1125 334 0.000122 2
398 422 445 436 0.000121 2
270 396 288 426 0.000121 2
361 425 384 467 0.000121 2
595 319 681 393 0.000120 2
416 416 432 423 0.000120 2
87 409 143 440 0.000120 2
0 510 59 597 0.000120 2
0 277 22 295 0.000119 2
29 398 99 425 0.000119 2
1006 302 1023 311 0.000119 2
324 407 349 414 0.000119 2
963 326 976 343 0.000118 2
632 374 690 402 0.000117 2
583 200 667 227 0.000117 2
253 395 288 428 0.000117 2
209 393 240 409 0.000117 2
1032 318 1083 349 0.000117 2
483 200 523 222 0.000116 2
704 311 745 353 0.000116 2
634 339 691 385 0.000116 2
582 272 687 367 0.000116 2
901 213 1028 290 0.000116 2
273 184 296 203 0.000116 2
959 329 977 346 0.000115 2
445 176 469 218 0.000114 2
1054 292 1150 340 0.000114 2
205 406 289 452 0.000114 2
439 447 448 455 0.000114 2
213 408 290 451 0.000113 2
377 453 416 471 0.000113 2
367 349 384 376 0.000113 2
598 318 609 339 0.000113 2
664 294 709 366 0.000111 2
204 394 255 420 0.000111 2
624 372 659 403 0.000111 2
1054 286 1135 338 0.000111 2
33 433 80 469 0.000110 2
1054 673 1094 703 0.000110 2
1032 283 1064 333 0.000110 2
575 364 621 412 0.000109 2
299 404 396 440 0.000109 2
1170 229 1279 368 0.000109 2
52 433 80 472 0.000108 2
1199 275 1280 300 0.000108 2
318 201 343 263 0.000107 2
471 464 480 471 0.000107 2
202 392 264 425 0.000106 2
413 401 514 430 0.000106 2
50 566 96 590 0.000106 2
390 422 448 437 0.000106 2
703 471 711 477 0.000106 2
70 394 290 452 0.000105 2
1058 295 1128 344 0.000104 2
855 280 1016 384 0.000102 2
92 401 178 437 0.000102 2
236 408 283 438 0.000102 2
589 330 641 384 0.000102 2
453 307 509 344 0.000101 2
988 351 1024 387 0.000101 2
615 267 660 313 0.000101 2
464 391 492 399 0.000100 2
1182 167 1279 268 0.009190 5
479 169 520 216 0.003440 5
479 170 517 217 0.003375 5
481 169 522 217 0.002672 5
1131 165 1279 267 0.001727 5
443 171 520 218 0.001483 5
444 170 517 216 0.001239 5
480 172 517 212 0.001213 5
749 176 1276 427 0.000905 5
724 163 955 240 0.000894 5
1180 163 1279 233 0.000798 5
479 167 522 216 0.000535 5
480 169 518 216 0.000487 5
828 135 939 162 0.000428 5
823 135 939 163 0.000346 5
766 186 1280 351 0.000270 5
1217 165 1262 236 0.000213 5
479 174 498 203 0.000200 5
1223 163 1268 217 0.000187 5
807 131 957 245 0.000164 5
1007 182 1062 223 0.000153 5
666 265 1280 425 0.079912 6
681 267 1279 422 0.066501 6
1036 268 1279 417 0.056330 6
665 267 1279 434 0.049154 6
1027 270 1279 418 0.037384 6
694 269 1279 425 0.035536 6
675 231 1279 426 0.028359 6
691 259 1278 428 0.021974 6
833 265 1279 418 0.019726 6
913 268 1279 420 0.015583 6
691 262 1278 446 0.014673 6
1015 271 1279 421 0.011561 6
640 269 1048 380 0.008463 6
1042 189 1279 419 0.007254 6
688 201 1277 425 0.007052 6
936 270 1279 424 0.006682 6
673 270 1277 450 0.006658 6
687 235 1279 422 0.004937 6
680 251 1279 452 0.004790 6
1037 194 1279 416 0.004481 6
1040 176 1279 420 0.004465 6
1181 163 1279 268 0.004138 6
690 264 1275 461 0.004045 6
703 168 1278 423 0.003692 6
642 215 1255 398 0.003502 6
697 171 1277 430 0.003090 6
640 272 1081 384 0.003018 6
641 262 1252 392 0.002980 6
645 253 1258 424 0.002840 6
640 273 997 409 0.002249 6
640 227 1093 383 0.002240 6
658 243 1274 441 0.002235 6
640 273 1137 447 0.002091 6
643 269 1148 413 0.002066 6
641 273 1151 438 0.002022 6
641 272 1073 438 0.001907 6
640 273 1086 467 0.001871 6
728 272 1278 443 0.001772 6
662 209 1272 409 0.001757 6
1180 161 1279 269 0.001747 6
834 186 1279 409 0.001531 6
684 254 1277 471 0.001516 6
643 272 1064 453 0.001378 6
641 271 1208 389 0.001341 6
1121 275 1279 355 0.001331 6
641 155 1012 387 0.001304 6
1067 143 1279 269 0.001165 6
1047 168 1279 270 0.001144 6
641 273 1043 469 0.001098 6
693 134 956 251 0.001084 6
1132 277 1279 354 0.001055 6
924 271 1278 448 0.000965 6
989 470 1273 504 0.000949 6
1122 273 1279 353 0.000946 6
829 135 939 167 0.000909 6
641 199 1215 382 0.000899 6
956 466 1274 503 0.000881 6
1054 207 1272 269 0.000860 6
1010 471 1273 509 0.000860 6
641 182 1196 388 0.000858 6
988 271 1279 450 0.000857 6
822 135 939 174 0.000829 6
1060 204 1275 260 0.000821 6
640 273 1003 472 0.000766 6
327 415 710 461 0.000736 6
647 312 1059 443 0.000729 6
640 166 979 383 0.000729 6
485 155 581 226 0.000661 6
1041 182 1276 302 0.000661 6
642 161 1029 387 0.000628 6
455 410 948 475 0.000624 6
829 135 939 169 0.000589 6
0 67 420 389 0.000563 6
855 466 1273 503 0.000550 6
666 256 1268 465 0.000547 6
706 409 853 474 0.000525 6
656 320 1220 447 0.000519 6
374 410 937 475 0.000485 6
332 405 715 483 0.000467 6
2 68 395 391 0.000463 6
468 416 946 475 0.000460 6
680 451 1270 494 0.000453 6
0 430 332 508 0.000451 6
331 414 751 473 0.000445 6
0 396 322 484 0.000442 6
828 134 939 161 0.000429 6
1149 274 1279 352 0.000427 6
692 446 1274 495 0.000425 6
704 440 936 481 0.000413 6
670 442 1270 491 0.000412 6
758 454 1277 503 0.000400 6
827 134 938 162 0.000393 6
381 415 934 479 0.000378 6
658 436 942 481 0.000371 6
451 428 703 464 0.000364 6
698 134 955 241 0.000362 6
844 451 1276 504 0.000361 6
677 437 1225 488 0.000347 6
339 414 916 472 0.000346 6
1074 153 1278 254 0.000328 6
0 67 357 393 0.000322 6
711 453 1272 493 0.000319 6
643 379 958 479 0.000313 6
663 394 956 479 0.000312 6
340 413 913 481 0.000309 6
828 134 939 159 0.000299 6
687 451 1270 513 0.000294 6
968 284 1277 472 0.000288 6
0 66 335 393 0.000284 6
671 373 1206 486 0.000282 6
750 170 1279 338 0.000278 6
826 134 939 157 0.000276 6
668 391 1008 483 0.000264 6
689 439 1050 484 0.000264 6
705 408 844 473 0.000247 6
451 273 952 470 0.000243 6
372 260 937 476 0.000242 6
924 447 1276 505 0.000241 6
746 438 885 478 0.000241 6
720 411 864 474 0.000236 6
681 338 1273 487 0.000228 6
674 349 1269 489 0.000228 6
737 438 885 477 0.000225 6
0 68 438 380 0.000225 6
602 431 701 464 0.000225 6
33 434 340 509 0.000225 6
645 352 962 478 0.000223 6
815 133 939 164 0.000223 6
576 275 957 405 0.000208 6
643 444 1101 704 0.000203 6
1016 436 1276 506 0.000203 6
688 351 1276 472 0.000201 6
27 424 342 508 0.000199 6
997 442 1276 508 0.000190 6
546 315 955 476 0.000188 6
603 434 701 463 0.000186 6
1062 153 1261 238 0.000184 6
756 444 903 478 0.000184 6
858 323 1278 473 0.000175 6
688 332 1275 494 0.000171 6
467 262 953 430 0.000166 6
642 439 694 464 0.000164 6
723 343 1278 472 0.000164 6
684 446 1273 531 0.000164 6
599 429 700 463 0.000162 6
939 493 1243 532 0.000158 6
1112 410 1279 456 0.000147 6
956 464 1275 552 0.000146 6
1024 274 1190 403 0.000143 6
1100 406 1279 458 0.000141 6
1027 335 1195 411 0.000138 6
812 488 1241 532 0.000137 6
876 453 1151 491 0.000130 6
596 431 802 470 0.000128 6
653 190 1006 348 0.000127 6
1123 394 1277 454 0.000126 6
878 284 1080 390 0.000126 6
1025 401 1275 463 0.000124 6
1117 414 1278 455 0.000123 6
166 64 324 95 0.000118 6
1063 404 1279 458 0.000117 6
1033 393 1278 457 0.000117 6
738 334 1015 387 0.000107 6
403 257 943 451 0.000102 6
693 152 956 248 0.180446 7
866 176 944 225 0.122534 7
866 176 952 220 0.102608 7
707 152 859 239 0.096077 7
715 153 859 238 0.081595 7
711 153 858 232 0.069739 7
865 176 949 223 0.062244 7
693 153 956 259 0.060714 7
587 183 656 216 0.030965 7
866 176 944 238 0.029621 7
587 183 622 214 0.026080 7
866 176 941 233 0.023869 7
867 176 941 204 0.023501 7
695 155 953 251 0.023114 7
587 184 620 214 0.022047 7
692 152 908 246 0.021769 7
587 185 655 216 0.021495 7
693 150 954 243 0.021174 7
717 153 808 219 0.021066 7
1183 227 1279 269 0.020947 7
587 183 622 212 0.019561 7
712 153 806 224 0.018471 7
705 153 807 220 0.017533 7
700 152 806 226 0.016927 7
865 176 943 206 0.016607 7
586 183 657 217 0.016293 7
586 184 651 215 0.016090 7
734 153 860 236 0.015802 7
862 177 935 235 0.015466 7
865 176 947 236 0.012989 7
1182 171 1279 268 0.012897 7
587 184 622 213 0.012194 7
833 176 953 223 0.012082 7
1183 180 1279 268 0.011976 7
588 183 621 202 0.011410 7
587 186 656 216 0.010765 7
587 183 623 204 0.008496 7
591 183 622 202 0.008393 7
587 184 619 214 0.008173 7
692 153 809 227 0.007520 7
858 182 939 266 0.007481 7
864 175 960 245 0.006925 7
1183 226 1279 270 0.006818 7
694 153 807 220 0.006797 7
1183 202 1279 268 0.006078 7
1052 273 1167 343 0.005894 7
693 155 959 264 0.005741 7
586 181 657 217 0.005599 7
1119 274 1280 418 0.005561 7
1185 175 1279 268 0.005310 7
800 179 859 244 0.005223 7
1040 272 1167 343 0.005058 7
867 176 939 202 0.004901 7
866 176 941 203 0.004870 7
1053 272 1170 344 0.004729 7
1047 272 1279 350 0.004121 7
1003 195 1059 235 0.003817 7
1123 275 1279 413 0.003749 7
802 157 950 264 0.003407 7
1034 272 1168 344 0.003160 7
581 184 620 213 0.003053 7
1042 273 1162 343 0.002923 7
586 176 657 217 0.002817 7
691 184 731 231 0.002777 7
691 160 799 236 0.002769 7
801 161 856 238 0.002723 7
543 172 578 219 0.002471 7
480 173 519 217 0.002466 7
691 153 875 240 0.002422 7
660 274 770 375 0.002161 7
819 176 952 254 0.002126 7
663 273 768 348 0.002103 7
691 188 730 235 0.001961 7
690 155 801 233 0.001913 7
905 178 985 266 0.001849 7
676 276 769 375 0.001784 7
866 176 938 226 0.001739 7
801 158 859 224 0.001650 7
1023 272 1163 343 0.001596 7
1029 273 1162 341 0.001591 7
586 178 652 216 0.001566 7
844 137 955 225 0.001453 7
1218 173 1279 253 0.001450 7
689 295 768 342 0.001378 7
1215 188 1279 268 0.001332 7
801 134 948 245 0.001317 7
1018 273 1150 348 0.001306 7
586 162 659 217 0.001284 7
543 170 577 209 0.001193 7
1182 174 1254 266 0.001166 7
695 184 731 221 0.001128 7
801 143 943 241 0.001114 7
733 152 807 208 0.001043 7
661 274 769 355 0.001000 7
1114 273 1280 355 0.000998 7
687 182 732 231 0.000992 7
1050 271 1280 353 0.000966 7
721 152 807 209 0.000962 7
803 157 858 219 0.000958 7
1058 272 1280 358 0.000953 7
1050 172 1280 407 0.000938 7
662 277 768 378 0.000914 7
1199 168 1279 237 0.000896 7
1102 272 1279 354 0.000883 7
1050 212 1171 345 0.000882 7
722 153 854 259 0.000849 7
1101 275 1280 418 0.000835 7
690 152 804 224 0.000794 7
704 302 768 376 0.000774 7
999 192 1112 246 0.000774 7
1188 168 1236 233 0.000751 7
704 301 768 364 0.000716 7
599 152 639 201 0.000709 7
661 274 723 374 0.000705 7
1099 274 1280 405 0.000693 7
1008 273 1164 341 0.000656 7
1051 206 1168 342 0.000652 7
660 278 720 377 0.000651 7
483 164 581 220 0.000650 7
1046 273 1275 391 0.000640 7
685 154 892 244 0.000632 7
1022 274 1143 338 0.000621 7
484 174 579 242 0.000589 7
813 177 955 262 0.000578 7
616 175 658 215 0.000566 7
1132 276 1167 345 0.000537 7
718 156 807 215 0.000534 7
659 153 968 287 0.000515 7
706 132 882 230 0.000506 7
583 182 676 221 0.000504 7
1050 273 1168 352 0.000497 7
714 152 810 210 0.000490 7
559 178 657 220 0.000487 7
579 152 663 218 0.000469 7
694 154 784 268 0.000468 7
705 128 862 231 0.000457 7
636 268 956 387 0.000443 7
705 300 767 377 0.000435 7
892 153 993 266 0.000433 7
725 154 806 211 0.000422 7
625 313 696 383 0.000416 7
1179 226 1279 298 0.000379 7
1149 276 1168 346 0.000371 7
978 272 1172 349 0.000359 7
1181 167 1233 244 0.000357 7
1134 275 1168 345 0.000354 7
732 152 804 210 0.000351 7
624 317 697 387 0.000336 7
705 280 850 381 0.000335 7
1024 273 1171 397 0.000332 7
661 274 726 356 0.000319 7
844 142 958 219 0.000308 7
658 284 718 380 0.000306 7
659 275 718 378 0.000289 7
695 184 748 233 0.000287 7
1107 274 1167 345 0.000284 7
466 159 582 232 0.000280 7
703 124 860 222 0.000276 7
657 281 710 380 0.000273 7
641 271 871 378 0.000272 7
688 125 956 248 0.000269 7
633 243 956 381 0.000266 7
762 272 848 344 0.000264 7
632 303 698 384 0.000263 7
1050 217 1168 341 0.000256 7
521 169 643 213 0.000248 7
621 278 708 380 0.000245 7
661 274 719 355 0.000243 7
1150 283 1168 343 0.000238 7
618 275 705 378 0.000236 7
1158 303 1280 358 0.000223 7
705 306 764 377 0.000222 7
738 131 939 228 0.000220 7
1180 348 1267 408 0.000218 7
866 176 907 202 0.000212 7
693 176 750 229 0.000207 7
991 435 1027 457 0.000202 7
735 152 809 214 0.000196 7
1164 303 1272 357 0.000195 7
1218 160 1279 235 0.000190 7
1004 159 1070 233 0.000181 7
711 311 857 390 0.000177 7
694 131 815 219 0.000177 7
1170 170 1280 359 0.000174 7
1057 274 1174 399 0.000167 7
1039 272 1174 397 0.000166 7
865 277 1092 388 0.000166 7
1161 301 1280 356 0.000165 7
922 154 994 254 0.000162 7
516 160 581 205 0.000154 7
1169 302 1266 355 0.000150 7
610 153 790 229 0.000145 7
761 240 844 343 0.000144 7
762 270 850 344 0.000143 7
1139 273 1168 350 0.000142 7
636 268 931 372 0.000138 7
671 90 942 245 0.000136 7
704 230 824 343 0.000136 7
704 299 759 377 0.000133 7
738 152 808 209 0.000133 7
1051 276 1263 416 0.000130 7
1001 166 1063 231 0.000129 7
563 140 714 228 0.000127 7
703 124 833 219 0.000127 7
583 150 655 208 0.000122 7
919 278 1074 381 0.000117 7
993 154 1063 231 0.000113 7
587 150 664 217 0.000111 7
1014 109 1120 269 0.000106 7
717 258 852 385 0.000106 7
695 164 799 226 0.000100 7
1089 150 1103 177 0.607904 9
1089 150 1103 177 0.548155 9
512 151 524 180 0.443043 9
513 151 523 181 0.301842 9
512 151 524 180 0.190503 9
512 151 523 185 0.158972 9
513 151 525 182 0.116509 9
365 167 374 189 0.098837 9
513 151 525 183 0.094011 9
512 151 524 187 0.081562 9
1088 150 1103 182 0.073344 9
1207 170 1215 186 0.063836 9
1207 167 1216 186 0.049241 9
373 167 382 185 0.044490 9
373 168 381 185 0.039313 9
1089 150 1103 182 0.034117 9
119 64 160 78 0.032726 9
365 167 374 189 0.032613 9
239 178 246 190 0.032591 9
894 153 908 176 0.031975 9
512 151 526 186 0.031635 9
448 157 490 171 0.029865 9
313 150 341 194 0.027568 9
895 153 908 177 0.027299 9
447 157 490 171 0.025842 9
239 178 247 190 0.025204 9
449 157 490 171 0.024598 9
1013 135 1024 168 0.023531 9
119 64 160 79 0.023466 9
1215 167 1223 184 0.022956 9
448 157 490 170 0.020733 9
313 149 341 193 0.020356 9
119 64 161 78 0.019378 9
119 64 159 76 0.019189 9
894 152 908 176 0.018832 9
878 155 892 169 0.018543 9
587 170 593 185 0.018320 9
371 167 381 187 0.017643 9
523 183 536 196 0.017126 9
1154 163 1167 184 0.016967 9
880 155 895 171 0.016869 9
174 64 201 91 0.016742 9
1013 135 1025 170 0.016503 9
363 167 372 189 0.016073 9
865 152 880 175 0.015926 9
895 152 909 177 0.015823 9
119 64 163 78 0.015597 9
1088 150 1105 178 0.014913 9
927 151 937 168 0.014459 9
844 151 858 166 0.014325 9
927 149 937 168 0.014107 9
866 152 880 176 0.013828 9
1229 166 1247 181 0.013708 9
865 151 879 170 0.013572 9
863 166 869 185 0.013020 9
1207 168 1215 188 0.012617 9
877 153 894 170 0.011993 9
313 148 341 192 0.011819 9
840 151 859 166 0.011737 9
1214 167 1224 191 0.011690 9
370 167 381 188 0.010874 9
866 152 881 177 0.010779 9
119 64 166 78 0.010696 9
1013 136 1024 170 0.010350 9
558 184 568 197 0.009809 9
1227 165 1247 181 0.009668 9
587 168 593 185 0.009595 9
157 64 202 91 0.009481 9
1154 159 1168 184 0.009336 9
1145 165 1154 185 0.009230 9
313 148 340 195 0.009097 9
665 183 671 196 0.009088 9
837 151 858 167 0.008994 9
1207 168 1216 200 0.008992 9
876 153 895 177 0.008612 9
839 151 856 164 0.008476 9
680 167 687 184 0.008473 9
1192 164 1201 186 0.008458 9
1013 134 1026 169 0.008362 9
118 64 174 79 0.008200 9
448 157 490 181 0.008167 9
881 154 896 176 0.008063 9
879 152 896 174 0.007912 9
863 166 870 184 0.007871 9
163 64 202 91 0.007811 9
1088 149 1104 207 0.007724 9
158 204 172 230 0.007584 9
680 168 687 187 0.007567 9
1103 168 1120 206 0.007566 9
224 183 231 192 0.007229 9
814 145 823 160 0.007133 9
362 167 372 189 0.007067 9
990 680 1004 703 0.006975 9
1199 401 1206 416 0.006958 9
694 177 704 199 0.006898 9
448 157 490 177 0.006886 9
1192 166 1201 186 0.006707 9
990 680 1001 703 0.006608 9
313 153 341 195 0.006313 9
847 182 857 204 0.006229 9
694 176 703 198 0.006111 9
517 191 526 201 0.006084 9
1090 232 1104 269 0.006057 9
990 680 1004 703 0.006049 9
119 64 202 90 0.005985 9
552 173 573 201 0.005974 9
464 168 471 183 0.005952 9
449 158 477 171 0.005919 9
257 179 262 190 0.005743 9
895 151 910 176 0.005708 9
814 145 824 158 0.005615 9
215 183 225 195 0.005537 9
1193 384 1206 402 0.005514 9
550 172 574 200 0.005442 9
523 183 536 198 0.005317 9
118 64 160 78 0.005070 9
523 182 545 199 0.004966 9
312 87 341 195 0.004705 9
1228 166 1247 181 0.004670 9
1195 384 1206 400 0.004630 9
693 178 703 199 0.004530 9
1153 164 1167 184 0.004456 9
989 680 1012 703 0.004405 9
1190 161 1202 186 0.004379 9
361 167 373 189 0.004378 9
158 204 171 231 0.004362 9
570 161 580 179 0.004325 9
571 161 580 178 0.004207 9
690 168 697 181 0.004190 9
1103 169 1120 207 0.004145 9
1153 165 1167 185 0.004106 9
1193 383 1208 416 0.004017 9
119 64 203 89 0.004002 9
167 64 175 76 0.004000 9
547 171 576 201 0.003981 9
544 169 567 200 0.003977 9
970 176 976 186 0.003831 9
134 64 202 91 0.003777 9
665 185 671 202 0.003753 9
570 162 580 179 0.003751 9
664 153 671 173 0.003722 9
1211 167 1225 202 0.003609 9
510 170 547 197 0.003577 9
119 64 201 91 0.003544 9
312 149 340 192 0.003520 9
663 294 672 317 0.003498 9
1181 163 1203 218 0.003456 9
257 144 266 160 0.003409 9
313 152 341 193 0.003398 9
693 175 701 196 0.003385 9
1208 167 1226 201 0.003326 9
664 294 672 316 0.003324 9
160 64 177 91 0.003321 9
680 168 689 196 0.003297 9
545 168 551 181 0.003295 9
1183 163 1203 215 0.003235 9
1225 162 1248 181 0.003232 9
1224 164 1241 181 0.003208 9
1135 165 1146 185 0.003195 9
541 171 578 200 0.003190 9
1206 166 1218 188 0.003150 9
989 680 1010 703 0.003139 9
161 64 177 90 0.003131 9
988 679 1011 703 0.003123 9
160 64 177 91 0.003115 9
663 294 672 315 0.003086 9
1006 136 1016 171 0.003069 9
1090 230 1105 269 0.003067 9
545 171 580 202 0.003063 9
865 152 878 177 0.003062 9
809 156 857 180 0.002985 9
313 147 345 195 0.002984 9
259 143 268 159 0.002978 9
830 135 860 167 0.002978 9
801 143 810 156 0.002976 9
827 150 859 181 0.002916 9
1055 375 1064 391 0.002914 9
521 183 536 199 0.002899 9
572 161 580 178 0.002878 9
1055 375 1065 391 0.002851 9
574 180 582 201 0.002816 9
1103 166 1120 206 0.002798 9
1088 231 1104 270 0.002715 9
810 159 857 180 0.002681 9
257 141 268 160 0.002680 9
1191 385 1204 401 0.002655 9
877 155 894 175 0.002645 9
518 168 547 185 0.002638 9
512 151 538 187 0.002629 9
1186 382 1217 418 0.002575 9
512 155 526 193 0.002572 9
519 170 546 193 0.002565 9
904 66 929 120 0.002523 9
664 156 671 173 0.002499 9
587 170 602 185 0.002490 9
832 138 859 166 0.002465 9
155 64 177 90 0.002413 9
809 167 816 179 0.002401 9
1005 134 1024 171 0.002377 9
312 78 340 194 0.002372 9
1013 133 1025 170 0.002334 9
448 157 490 180 0.002316 9
241 164 247 179 0.002305 9
1184 164 1202 186 0.002261 9
832 135 860 167 0.002240 9
260 142 268 160 0.002225 9
445 157 490 180 0.002192 9
1191 384 1205 401 0.002158 9
1133 165 1146 185 0.002149 9
689 169 695 185 0.002142 9
448 154 490 171 0.002141 9
896 154 908 178 0.002135 9
587 166 602 185 0.002059 9
989 679 1013 703 0.002050 9
809 159 858 181 0.002015 9
1006 136 1021 171 0.002007 9
806 159 858 216 0.002006 9
313 155 351 198 0.001985 9
623 263 640 283 0.001966 9
847 178 874 213 0.001963 9
802 141 821 159 0.001961 9
312 80 371 198 0.001875 9
831 151 841 164 0.001874 9
159 64 171 75 0.001872 9
1022 159 1029 168 0.001851 9
1101 166 1120 211 0.001841 9
525 169 546 179 0.001820 9
1208 168 1217 201 0.001773 9
158 204 173 230 0.001715 9
652 154 665 174 0.001711 9
1183 166 1200 185 0.001697 9
1206 166 1226 190 0.001679 9
848 166 870 203 0.001662 9
1006 136 1019 171 0.001661 9
859 167 873 200 0.001660 9
1089 149 1111 179 0.001654 9
373 169 385 199 0.001640 9
1180 165 1203 218 0.001638 9
1183 383 1215 416 0.001614 9
119 64 203 93 0.001599 9
804 144 817 160 0.001599 9
312 147 341 193 0.001593 9
1139 158 1168 184 0.001583 9
662 151 671 173 0.001580 9
951 346 960 362 0.001572 9
1120 64 1151 77 0.001561 9
1115 165 1148 185 0.001534 9
163 64 200 84 0.001531 9
1182 382 1217 418 0.001531 9
652 152 671 174 0.001528 9
111 151 128 163 0.001510 9
1204 407 1215 417 0.001504 9
1000 133 1010 178 0.001497 9
1187 382 1217 416 0.001481 9
256 177 262 191 0.001462 9
596 146 608 167 0.001445 9
524 182 546 201 0.001435 9
998 132 1010 175 0.001432 9
480 149 528 213 0.001424 9
1048 157 1056 168 0.001416 9
852 152 870 195 0.001395 9
1101 167 1121 212 0.001388 9
844 151 864 169 0.001375 9
120 64 185 91 0.001366 9
1123 164 1146 185 0.001365 9
808 158 859 201 0.001365 9
1207 160 1217 187 0.001362 9
1184 158 1202 187 0.001360 9
1013 132 1040 169 0.001354 9
94 151 105 176 0.001354 9
1089 149 1110 178 0.001340 9
799 158 859 221 0.001329 9
448 154 491 171 0.001301 9
543 598 552 623 0.001300 9
663 294 673 321 0.001293 9
1088 146 1103 177 0.001290 9
1223 164 1246 187 0.001290 9
569 163 582 201 0.001289 9
1003 134 1018 175 0.001287 9
665 170 671 185 0.001285 9
704 166 711 178 0.001264 9
855 283 863 294 0.001257 9
807 159 858 192 0.001254 9
830 135 860 163 0.001252 9
484 173 496 187 0.001248 9
1119 64 1152 76 0.001242 9
1088 144 1104 177 0.001238 9
310 100 383 197 0.001227 9
927 148 944 168 0.001218 9
801 142 812 159 0.001205 9
703 152 711 175 0.001181 9
1214 369 1223 385 0.001174 9
1181 169 1202 218 0.001174 9
1097 128 1104 138 0.001151 9
994 139 1001 167 0.001150 9
94 164 104 176 0.001147 9
831 135 860 166 0.001144 9
68 169 80 177 0.001143 9
903 635 912 672 0.001133 9
843 165 860 204 0.001119 9
870 121 879 132 0.001110 9
810 159 858 180 0.001103 9
1025 151 1039 159 0.001099 9
497 151 524 191 0.001095 9
240 176 250 191 0.001092 9
845 151 863 168 0.001081 9
852 117 867 136 0.001081 9
664 325 677 349 0.001080 9
342 166 353 198 0.001065 9
547 168 570 191 0.001062 9
545 163 580 202 0.001062 9
803 133 821 159 0.001056 9
1119 172 1128 185 0.001054 9
809 154 858 179 0.001037 9
447 154 490 170 0.001027 9
1042 157 1052 168 0.001025 9
839 119 852 135 0.001019 9
307 85 341 195 0.001018 9
586 118 598 133 0.001016 9
211 167 217 176 0.001011 9
1191 163 1216 190 0.001009 9
860 112 870 136 0.001002 9
989 679 1022 703 0.001000 9
1096 130 1105 172 0.000994 9
862 112 869 118 0.000992 9
988 678 1024 703 0.000989 9
991 283 1001 301 0.000987 9
805 184 814 197 0.000978 9
993 133 1002 169 0.000955 9
1101 138 1111 162 0.000954 9
1151 103 1169 134 0.000952 9
828 135 921 170 0.000947 9
310 102 338 193 0.000942 9
543 598 552 624 0.000941 9
652 151 671 174 0.000933 9
1228 166 1259 181 0.000931 9
808 134 829 159 0.000923 9
339 165 352 198 0.000922 9
1022 151 1040 166 0.000920 9
1012 135 1026 175 0.000916 9
701 118 716 128 0.000915 9
173 64 208 91 0.000910 9
903 634 913 675 0.000901 9
927 149 944 168 0.000892 9
808 168 815 190 0.000887 9
853 117 868 136 0.000883 9
1116 165 1137 185 0.000882 9
499 171 513 187 0.000867 9
690 169 702 182 0.000861 9
572 136 581 163 0.000857 9
1045 151 1056 165 0.000850 9
1055 152 1063 164 0.000841 9
586 118 598 142 0.000839 9
978 169 991 185 0.000834 9
446 156 491 197 0.000832 9
657 152 671 174 0.000829 9
448 158 482 176 0.000828 9
861 639 874 677 0.000828 9
847 136 939 175 0.000828 9
1161 376 1166 382 0.000826 9
693 120 705 153 0.000825 9
446 157 491 211 0.000824 9
861 114 870 136 0.000823 9
265 215 275 231 0.000822 9
975 173 985 185 0.000821 9
312 155 340 195 0.000816 9
508 167 577 206 0.000814 9
997 133 1009 174 0.000812 9
120 64 189 92 0.000809 9
311 95 369 197 0.000799 9
996 129 1009 173 0.000793 9
509 150 577 207 0.000793 9
663 299 681 351 0.000792 9
862 161 898 202 0.000791 9
1008 679 1024 703 0.000791 9
698 139 705 152 0.000787 9
1103 164 1156 189 0.000781 9
664 318 680 348 0.000780 9
1226 163 1248 181 0.000756 9
1106 135 1137 167 0.000755 9
567 140 581 162 0.000751 9
371 157 382 186 0.000746 9
691 120 706 153 0.000744 9
1091 148 1111 177 0.000739 9
678 167 689 206 0.000737 9
311 64 368 195 0.000737 9
685 167 703 199 0.000736 9
1050 120 1058 136 0.000728 9
1075 149 1103 187 0.000724 9
836 120 849 135 0.000722 9
1205 409 1216 423 0.000719 9
808 150 856 192 0.000719 9
992 677 1024 703 0.000718 9
808 374 814 392 0.000715 9
903 567 912 586 0.000713 9
1151 102 1169 134 0.000707 9
809 156 856 179 0.000705 9
849 136 939 161 0.000704 9
1116 142 1137 166 0.000703 9
1094 163 1160 205 0.000702 9
504 151 524 183 0.000698 9
1050 120 1057 133 0.000696 9
827 135 925 174 0.000695 9
172 64 209 91 0.000695 9
864 668 873 684 0.000693 9
1189 148 1204 187 0.000692 9
977 680 1007 703 0.000691 9
701 118 720 129 0.000690 9
846 119 857 135 0.000684 9
1199 135 1205 183 0.000681 9
997 133 1010 173 0.000680 9
313 106 367 195 0.000679 9
680 139 690 155 0.000675 9
1055 152 1063 167 0.000673 9
1099 113 1138 170 0.000670 9
595 147 603 167 0.000659 9
595 146 608 169 0.000657 9
311 68 343 194 0.000654 9
566 142 580 170 0.000653 9
248 176 257 191 0.000652 9
863 658 873 677 0.000648 9
479 335 496 356 0.000644 9
903 65 928 120 0.000644 9
1100 125 1138 168 0.000644 9
156 197 173 231 0.000643 9
1150 102 1169 134 0.000642 9
1182 387 1215 412 0.000637 9
1007 678 1024 703 0.000637 9
904 123 912 136 0.000636 9
650 164 657 175 0.000635 9
994 132 1004 169 0.000635 9
846 136 938 153 0.000634 9
1045 645 1057 681 0.000632 9
1073 150 1080 162 0.000626 9
1013 133 1031 163 0.000626 9
352 161 367 192 0.000622 9
699 150 712 177 0.000620 9
906 105 928 120 0.000620 9
313 89 333 158 0.000619 9
1193 146 1210 189 0.000617 9
1101 136 1111 163 0.000610 9
569 139 581 166 0.000608 9
1077 147 1103 185 0.000608 9
595 64 625 93 0.000601 9
1198 134 1205 183 0.000601 9
1001 173 1008 187 0.000595 9
790 135 818 157 0.000593 9
1126 161 1136 169 0.000591 9
595 143 609 167 0.000590 9
339 163 353 197 0.000587 9
329 161 353 199 0.000586 9
580 64 597 93 0.000583 9
1146 342 1186 395 0.000583 9
1019 152 1043 168 0.000581 9
307 81 341 196 0.000574 9
1070 141 1098 207 0.000572 9
1206 166 1231 229 0.000568 9
248 177 257 191 0.000567 9
483 149 524 182 0.000564 9
854 632 880 682 0.000563 9
689 118 706 157 0.000562 9
979 677 1007 703 0.000561 9
316 64 368 188 0.000559 9
310 89 334 174 0.000558 9
1151 113 1163 134 0.000558 9
664 315 681 349 0.000557 9
662 293 682 350 0.000550 9
670 316 681 336 0.000549 9
837 118 862 135 0.000545 9
650 156 657 174 0.000545 9
1189 165 1216 196 0.000541 9
688 119 706 171 0.000541 9
170 146 179 165 0.000538 9
785 113 834 159 0.000527 9
638 160 644 169 0.000527 9
119 64 172 92 0.000526 9
1182 384 1207 410 0.000525 9
863 665 873 688 0.000522 9
1104 145 1138 178 0.000522 9
854 136 942 175 0.000520 9
1123 161 1165 185 0.000519 9
952 173 960 185 0.000518 9
1045 646 1057 682 0.000518 9
680 147 690 161 0.000514 9
592 167 608 185 0.000514 9
835 136 939 152 0.000510 9
982 666 1004 703 0.000510 9
212 164 223 177 0.000509 9
831 135 936 175 0.000508 9
1108 156 1118 168 0.000506 9
94 151 106 176 0.000505 9
512 145 525 181 0.000504 9
992 667 1001 683 0.000501 9
1151 159 1197 185 0.000501 9
415 175 421 202 0.000501 9
1255 632 1264 645 0.000499 9
855 634 864 657 0.000499 9
415 175 421 203 0.000498 9
1070 140 1100 209 0.000495 9
574 134 581 161 0.000495 9
905 82 928 120 0.000494 9
1119 142 1137 156 0.000491 9
849 136 938 152 0.000491 9
111 151 129 165 0.000488 9
255 114 263 127 0.000487 9
664 168 681 203 0.000487 9
894 118 905 137 0.000485 9
259 165 271 179 0.000483 9
586 119 598 138 0.000480 9
586 119 598 134 0.000480 9
1197 398 1214 423 0.000479 9
594 153 602 169 0.000478 9
813 138 831 160 0.000471 9
1140 338 1187 396 0.000470 9
1213 161 1247 182 0.000470 9
868 121 880 136 0.000469 9
580 64 596 81 0.000467 9
855 633 878 674 0.000461 9
1117 142 1137 160 0.000459 9
590 64 624 94 0.000457 9
1071 148 1104 218 0.000457 9
697 148 709 175 0.000453 9
1101 117 1138 168 0.000448 9
1029 144 1039 158 0.000446 9
312 143 348 195 0.000442 9
1150 149 1199 185 0.000441 9
1210 158 1226 183 0.000440 9
309 148 381 195 0.000439 9
900 136 937 156 0.000437 9
903 634 913 678 0.000436 9
384 149 396 161 0.000431 9
698 152 708 173 0.000429 9
1035 149 1056 168 0.000428 9
993 132 1010 173 0.000428 9
829 135 924 166 0.000428 9
1177 382 1248 425 0.000427 9
999 179 1008 206 0.000422 9
542 160 581 181 0.000422 9
903 565 912 586 0.000420 9
1141 164 1155 213 0.000419 9
662 171 690 212 0.000419 9
905 92 928 120 0.000411 9
1105 140 1128 168 0.000410 9
699 123 717 174 0.000410 9
171 64 243 91 0.000409 9
880 120 898 137 0.000408 9
974 189 981 200 0.000406 9
662 323 678 351 0.000405 9
241 161 251 179 0.000405 9
160 64 177 93 0.000402 9
95 184 101 201 0.000399 9
764 134 811 154 0.000398 9
1115 160 1153 185 0.000397 9
1119 162 1170 190 0.000397 9
623 262 640 283 0.000393 9
909 151 961 185 0.000393 9
689 118 709 151 0.000392 9
586 119 598 148 0.000392 9
855 632 878 680 0.000390 9
309 106 337 193 0.000388 9
799 551 808 615 0.000388 9
579 64 597 91 0.000387 9
977 168 992 185 0.000387 9
579 301 593 316 0.000386 9
799 572 808 615 0.000380 9
512 148 544 185 0.000377 9
1085 132 1104 178 0.000375 9
408 180 418 203 0.000373 9
1136 341 1195 387 0.000372 9
218 181 233 199 0.000370 9
1103 165 1131 209 0.000370 9
222 176 248 191 0.000369 9
942 151 960 170 0.000366 9
256 128 268 160 0.000366 9
1017 177 1025 185 0.000365 9
940 151 959 168 0.000365 9
855 632 882 683 0.000364 9
687 119 707 174 0.000361 9
559 596 569 623 0.000360 9
446 155 522 171 0.000359 9
855 633 873 663 0.000357 9
95 183 101 201 0.000356 9
959 162 992 187 0.000355 9
352 164 368 192 0.000355 9
1074 138 1103 180 0.000353 9
874 119 894 137 0.000353 9
701 121 719 154 0.000353 9
68 171 80 199 0.000353 9
680 121 690 158 0.000352 9
68 169 80 185 0.000351 9
811 148 854 164 0.000349 9
983 667 993 700 0.000349 9
638 167 654 183 0.000349 9
154 202 173 233 0.000347 9
663 291 684 351 0.000347 9
361 157 382 190 0.000347 9
1223 162 1270 200 0.000345 9
1106 164 1154 219 0.000345 9
265 216 277 231 0.000344 9
924 157 961 185 0.000344 9
1142 160 1201 185 0.000340 9
579 64 597 93 0.000340 9
1043 646 1057 682 0.000339 9
592 64 624 93 0.000336 9
208 66 252 87 0.000335 9
1165 374 1181 393 0.000335 9
764 134 808 154 0.000333 9
1007 680 1024 703 0.000331 9
512 145 525 181 0.000331 9
1092 163 1122 212 0.000331 9
1154 344 1187 392 0.000329 9
1044 646 1056 679 0.000328 9
1193 166 1219 203 0.000326 9
1151 161 1201 185 0.000326 9
350 175 362 199 0.000321 9
574 273 607 341 0.000320 9
698 116 720 157 0.000320 9
1170 149 1184 163 0.000320 9
907 150 926 178 0.000320 9
304 87 341 198 0.000319 9
1179 382 1261 426 0.000315 9
1070 146 1098 212 0.000315 9
968 165 992 185 0.000315 9
1167 616 1184 647 0.000313 9
1100 107 1131 169 0.000308 9
998 125 1007 169 0.000308 9
479 335 497 356 0.000307 9
912 168 920 178 0.000307 9
1181 379 1256 423 0.000306 9
1212 152 1223 163 0.000306 9
1102 127 1138 166 0.000303 9
1081 172 1091 184 0.000303 9
993 131 1004 169 0.000302 9
762 68 785 138 0.000301 9
223 167 232 176 0.000300 9
1119 337 1136 385 0.000300 9
929 151 960 177 0.000298 9
854 632 883 689 0.000298 9
783 113 835 150 0.000296 9
787 138 804 154 0.000296 9
895 117 906 136 0.000294 9
1199 385 1233 425 0.000290 9
855 633 864 656 0.000289 9
869 118 890 136 0.000287 9
434 171 446 183 0.000286 9
1204 148 1223 189 0.000285 9
903 535 912 553 0.000285 9
1167 615 1184 647 0.000285 9
801 151 812 205 0.000284 9
761 134 832 154 0.000284 9
902 630 912 663 0.000284 9
712 166 718 177 0.000284 9
991 280 1002 298 0.000281 9
587 122 607 168 0.000280 9
1199 134 1206 167 0.000280 9
160 64 177 93 0.000279 9
248 164 257 175 0.000278 9
688 118 706 148 0.000278 9
1162 150 1200 185 0.000276 9
159 64 255 93 0.000276 9
662 283 677 326 0.000276 9
170 145 179 157 0.000275 9
448 153 491 171 0.000275 9
259 169 271 197 0.000275 9
1150 138 1188 185 0.000274 9
310 93 331 172 0.000274 9
960 175 966 185 0.000274 9
383 149 399 161 0.000272 9
585 119 599 162 0.000272 9
704 121 721 155 0.000272 9
1030 686 1040 703 0.000271 9
1019 128 1040 161 0.000271 9
801 154 812 204 0.000271 9
95 151 110 177 0.000270 9
982 665 1017 704 0.000269 9
313 65 337 162 0.000268 9
912 149 960 185 0.000268 9
1255 632 1264 650 0.000268 9
1049 113 1078 151 0.000268 9
447 157 504 171 0.000266 9
309 102 326 163 0.000265 9
1023 683 1043 703 0.000264 9
830 135 949 152 0.000263 9
254 97 267 128 0.000261 9
895 565 903 585 0.000261 9
823 175 858 211 0.000261 9
309 106 325 162 0.000260 9
1107 164 1161 228 0.000259 9
1224 160 1267 182 0.000259 9
945 155 991 190 0.000259 9
880 135 939 177 0.000258 9
903 65 929 120 0.000258 9
991 664 1000 680 0.000258 9
95 166 109 177 0.000256 9
575 277 597 344 0.000255 9
898 136 938 152 0.000254 9
766 76 784 136 0.000254 9
970 177 979 194 0.000253 9
844 136 938 153 0.000253 9
55 408 79 424 0.000253 9
679 146 690 181 0.000249 9
1055 126 1114 263 0.000249 9
1133 341 1194 390 0.000249 9
764 135 807 154 0.000249 9
311 90 360 168 0.000247 9
433 171 446 189 0.000246 9
660 310 690 368 0.000246 9
789 114 835 158 0.000246 9
1099 163 1169 203 0.000245 9
265 215 277 232 0.000244 9
1044 170 1058 184 0.000243 9
938 133 958 151 0.000243 9
714 335 755 380 0.000242 9
894 630 913 679 0.000239 9
904 68 928 120 0.000239 9
862 136 938 153 0.000239 9
824 677 831 687 0.000238 9
638 168 657 196 0.000238 9
349 146 378 190 0.000237 9
1099 114 1128 165 0.000237 9
544 586 562 620 0.000237 9
310 108 325 161 0.000236 9
595 64 624 92 0.000236 9
214 161 226 177 0.000235 9
69 176 79 199 0.000235 9
667 167 683 191 0.000234 9
932 150 960 169 0.000234 9
1122 364 1136 386 0.000234 9
785 113 833 137 0.000234 9
239 177 256 216 0.000234 9
679 119 690 157 0.000233 9
0 142 9 203 0.000233 9
209 182 229 202 0.000233 9
902 65 928 120 0.000231 9
765 134 800 153 0.000230 9
1086 122 1101 151 0.000227 9
1153 141 1196 184 0.000226 9
594 64 629 106 0.000226 9
594 64 638 97 0.000225 9
292 176 309 198 0.000224 9
841 136 938 153 0.000223 9
584 155 605 186 0.000222 9
1118 326 1136 386 0.000222 9
638 168 656 198 0.000222 9
991 127 1010 219 0.000221 9
1215 584 1224 629 0.000221 9
309 106 327 165 0.000221 9
1036 684 1052 703 0.000220 9
801 153 815 210 0.000220 9
208 66 255 87 0.000220 9
575 272 608 348 0.000219 9
702 121 720 170 0.000218 9
664 121 671 143 0.000218 9
1052 116 1115 184 0.000218 9
1043 340 1054 359 0.000217 9
851 631 878 684 0.000217 9
491 157 579 207 0.000216 9
1179 384 1217 420 0.000216 9
594 64 627 93 0.000215 9
119 64 164 92 0.000215 9
829 118 857 139 0.000215 9
258 177 271 200 0.000215 9
656 329 672 353 0.000214 9
959 156 991 177 0.000214 9
782 113 834 151 0.000214 9
505 142 566 201 0.000214 9
758 69 785 137 0.000213 9
1072 148 1082 172 0.000213 9
409 176 418 200 0.000212 9
728 340 758 377 0.000212 9
1164 99 1200 136 0.000212 9
453 146 529 192 0.000211 9
855 631 882 679 0.000211 9
321 109 367 189 0.000211 9
808 133 859 161 0.000210 9
310 100 332 184 0.000210 9
681 119 709 175 0.000209 9
479 335 496 359 0.000207 9
222 176 235 193 0.000207 9
153 186 176 231 0.000206 9
999 653 1024 703 0.000206 9
895 646 904 675 0.000205 9
1167 618 1184 647 0.000205 9
765 134 798 153 0.000205 9
1168 97 1202 136 0.000204 9
472 166 508 206 0.000202 9
854 632 881 690 0.000202 9
771 135 827 157 0.000202 9
67 169 81 179 0.000200 9
223 177 247 193 0.000200 9
1002 651 1024 703 0.000199 9
699 174 711 187 0.000199 9
863 303 872 314 0.000199 9
758 135 825 154 0.000198 9
575 520 585 528 0.000197 9
799 538 809 615 0.000197 9
701 117 721 155 0.000196 9
783 113 833 137 0.000195 9
777 409 783 414 0.000194 9
750 364 759 376 0.000194 9
676 295 704 349 0.000192 9
1053 126 1104 203 0.000191 9
404 181 417 205 0.000191 9
589 169 608 187 0.000190 9
872 116 905 137 0.000190 9
830 118 852 135 0.000190 9
154 183 186 233 0.000189 9
958 157 990 182 0.000187 9
591 528 600 534 0.000187 9
1092 164 1166 211 0.000187 9
256 85 262 97 0.000186 9
1167 177 1204 219 0.000186 9
652 146 672 174 0.000186 9
308 84 334 158 0.000185 9
256 163 268 184 0.000185 9
416 173 425 204 0.000184 9
760 68 785 137 0.000183 9
653 172 661 194 0.000183 9
984 137 994 159 0.000183 9
574 273 605 341 0.000182 9
952 155 990 176 0.000182 9
681 295 716 352 0.000182 9
1086 139 1135 179 0.000181 9
1139 342 1199 386 0.000180 9
902 565 912 595 0.000179 9
1167 376 1195 392 0.000179 9
895 561 903 585 0.000179 9
575 277 596 323 0.000178 9
448 157 525 209 0.000178 9
544 160 567 173 0.000176 9
543 160 570 174 0.000176 9
316 64 345 167 0.000176 9
642 149 662 174 0.000175 9
172 64 205 96 0.000174 9
802 160 815 224 0.000174 9
1085 120 1139 198 0.000174 9
753 67 785 137 0.000173 9
902 633 913 681 0.000173 9
446 156 495 218 0.000173 9
714 334 753 379 0.000172 9
1029 644 1057 685 0.000172 9
916 150 932 169 0.000171 9
323 93 339 141 0.000171 9
351 157 368 192 0.000168 9
461 180 479 199 0.000167 9
1031 644 1057 683 0.000167 9
247 161 257 175 0.000167 9
1055 133 1103 194 0.000166 9
826 135 928 155 0.000166 9
256 160 267 178 0.000166 9
478 144 525 178 0.000165 9
560 147 567 162 0.000165 9
1169 184 1181 201 0.000164 9
776 399 784 408 0.000162 9
593 64 624 92 0.000162 9
701 150 719 181 0.000162 9
785 114 838 137 0.000162 9
983 660 997 695 0.000162 9
867 660 881 692 0.000161 9
1141 129 1200 184 0.000161 9
434 170 446 181 0.000160 9
825 135 944 151 0.000160 9
923 135 952 169 0.000160 9
416 171 441 203 0.000160 9
1215 585 1224 630 0.000159 9
1039 128 1064 162 0.000159 9
484 149 524 165 0.000158 9
919 563 928 578 0.000157 9
855 111 870 137 0.000157 9
1193 357 1209 381 0.000157 9
567 129 581 163 0.000156 9
314 64 339 153 0.000155 9
214 175 232 198 0.000155 9
460 152 527 171 0.000155 9
433 170 446 182 0.000155 9
0 142 7 188 0.000154 9
1137 125 1204 187 0.000154 9
360 149 370 165 0.000154 9
400 184 408 201 0.000153 9
449 147 526 171 0.000153 9
171 64 202 95 0.000153 9
161 374 176 392 0.000153 9
1050 119 1069 153 0.000152 9
1164 96 1203 136 0.000152 9
1073 134 1098 168 0.000151 9
1162 164 1202 185 0.000151 9
1025 167 1061 186 0.000151 9
208 67 228 87 0.000151 9
971 176 989 201 0.000150 9
739 361 753 376 0.000150 9
1073 109 1139 177 0.000149 9
512 151 547 181 0.000149 9
1047 110 1085 154 0.000149 9
1223 163 1253 217 0.000148 9
1017 170 1033 189 0.000147 9
1101 103 1130 155 0.000146 9
905 136 937 169 0.000145 9
1017 644 1057 685 0.000145 9
719 164 728 179 0.000145 9
1036 134 1057 161 0.000145 9
1104 535 1119 582 0.000145 9
1002 160 1065 221 0.000145 9
1165 144 1204 188 0.000144 9
928 77 944 120 0.000144 9
1152 132 1198 182 0.000144 9
871 687 885 703 0.000144 9
1006 682 1044 703 0.000144 9
1014 182 1028 212 0.000143 9
111 139 128 165 0.000142 9
576 76 585 104 0.000142 9
925 134 960 161 0.000141 9
594 124 603 142 0.000141 9
447 177 487 211 0.000140 9
1011 683 1043 703 0.000140 9
665 295 692 371 0.000140 9
984 133 996 164 0.000140 9
624 64 637 73 0.000139 9
444 157 487 214 0.000139 9
854 631 881 664 0.000139 9
800 632 807 641 0.000138 9
581 278 591 289 0.000138 9
240 100 247 115 0.000138 9
913 164 961 207 0.000138 9
111 203 121 225 0.000138 9
1196 357 1208 377 0.000138 9
663 278 703 358 0.000138 9
1167 613 1184 647 0.000137 9
1039 671 1048 680 0.000137 9
1077 134 1096 160 0.000137 9
1041 158 1059 184 0.000137 9
487 164 525 204 0.000136 9
581 123 600 167 0.000136 9
857 630 899 681 0.000136 9
1150 101 1169 133 0.000136 9
593 64 642 107 0.000135 9
687 150 710 197 0.000135 9
662 294 690 363 0.000134 9
1014 643 1057 692 0.000134 9
571 121 581 163 0.000134 9
916 149 958 185 0.000134 9
373 150 383 166 0.000133 9
970 123 982 136 0.000133 9
486 142 579 206 0.000133 9
1103 535 1119 582 0.000132 9
48 184 64 207 0.000132 9
600 338 610 362 0.000131 9
111 136 128 164 0.000131 9
939 132 960 151 0.000131 9
596 288 608 328 0.000130 9
574 520 587 555 0.000130 9
1049 109 1077 137 0.000130 9
208 66 251 87 0.000129 9
1139 163 1179 219 0.000129 9
893 630 907 651 0.000129 9
575 64 596 98 0.000129 9
872 690 890 703 0.000128 9
1057 621 1064 634 0.000128 9
685 118 716 207 0.000128 9
734 342 788 379 0.000127 9
1148 100 1199 136 0.000127 9
698 125 720 181 0.000127 9
57 126 64 143 0.000126 9
1036 107 1108 255 0.000126 9
895 554 904 586 0.000125 9
596 134 606 144 0.000125 9
693 180 720 210 0.000124 9
1151 607 1160 632 0.000124 9
874 629 899 681 0.000123 9
866 659 880 690 0.000122 9
985 558 1000 583 0.000122 9
1231 575 1240 587 0.000121 9
1162 98 1201 136 0.000121 9
894 629 907 647 0.000121 9
950 179 960 206 0.000121 9
831 370 848 392 0.000121 9
926 135 948 150 0.000121 9
851 641 876 688 0.000120 9
1055 675 1063 691 0.000120 9
1091 157 1235 224 0.000120 9
578 64 598 107 0.000119 9
577 64 598 105 0.000119 9
769 393 776 408 0.000119 9
1136 96 1212 187 0.000119 9
686 153 707 182 0.000119 9
1043 341 1055 360 0.000118 9
727 150 736 159 0.000118 9
676 116 718 224 0.000118 9
760 84 784 137 0.000118 9
49 185 64 206 0.000117 9
100 177 109 201 0.000117 9
1038 645 1051 675 0.000117 9
549 141 579 162 0.000116 9
914 167 932 181 0.000115 9
416 171 439 203 0.000115 9
317 64 354 146 0.000115 9
1072 136 1088 165 0.000114 9
1010 652 1024 695 0.000114 9
461 137 473 171 0.000114 9
940 135 959 152 0.000114 9
1038 598 1047 625 0.000114 9
580 131 602 169 0.000114 9
444 157 493 219 0.000113 9
1009 157 1063 185 0.000113 9
110 151 129 165 0.000113 9
748 344 788 387 0.000113 9
1023 123 1040 160 0.000113 9
605 526 617 562 0.000112 9
1038 107 1099 233 0.000112 9
575 79 583 106 0.000112 9
806 117 840 149 0.000112 9
1089 117 1109 140 0.000112 9
874 686 889 703 0.000109 9
1198 128 1226 190 0.000109 9
1005 173 1017 185 0.000108 9
669 152 678 168 0.000108 9
1014 133 1041 166 0.000108 9
1150 144 1169 184 0.000108 9
1049 116 1081 182 0.000106 9
231 162 245 178 0.000106 9
663 287 696 358 0.000106 9
447 144 535 172 0.000106 9
642 130 672 175 0.000105 9
677 294 719 345 0.000105 9
651 128 661 144 0.000105 9
1191 131 1208 189 0.000103 9
385 113 572 202 0.000103 9
664 123 671 156 0.000103 9
310 80 414 198 0.000103 9
961 137 995 184 0.000103 9
95 198 102 208 0.000102 9
368 165 402 195 0.000102 9
651 325 679 360 0.000102 9
1107 134 1150 180 0.000102 9
1024 158 1064 190 0.000102 9
358 148 375 180 0.000101 9
170 143 181 169 0.000101 9
991 131 1017 205 0.000101 9
655 324 680 354 0.000101 9
877 634 897 680 0.000100 9
575 76 583 97 0.000100 9
1050 111 1083 146 0.021022 11
1182 193 1197 216 0.006679 11
1053 112 1083 145 0.006303 11
1181 190 1200 216 0.004245 11
1181 187 1201 216 0.003279 11
1181 190 1200 216 0.002761 11
1182 203 1195 216 0.001627 11
1051 111 1083 144 0.001287 11
1186 200 1200 217 0.001159 11
1050 110 1084 146 0.000448 11
