809 191 834 273 0.721835 0
733 200 769 293 0.717183 0
942 187 974 261 0.702347 0
942 188 975 263 0.642765 0
808 192 834 273 0.573685 0
791 194 814 255 0.432634 0
790 192 814 254 0.425904 0
790 188 814 254 0.398433 0
791 195 815 256 0.394763 0
534 183 565 254 0.337760 0
790 195 814 254 0.315785 0
790 185 815 255 0.315495 0
942 189 973 259 0.294157 0
790 194 814 256 0.253609 0
790 195 814 252 0.239768 0
792 193 815 252 0.220497 0
1067 192 1086 254 0.206820 0
1067 193 1087 253 0.197089 0
788 196 814 253 0.193262 0
1067 192 1088 254 0.175258 0
792 196 815 252 0.173769 0
613 152 626 168 0.166743 0
1068 192 1087 254 0.162180 0
1067 192 1089 253 0.155973 0
1067 194 1089 252 0.145632 0
943 188 977 263 0.119079 0
793 198 815 254 0.116723 0
1065 197 1090 258 0.116567 0
782 197 798 244 0.112870 0
1170 198 1189 238 0.104849 0
782 197 797 244 0.103372 0
733 200 769 283 0.101576 0
782 197 797 245 0.100533 0
1063 192 1086 255 0.091836 0
1170 199 1190 252 0.090640 0
1062 192 1088 254 0.087638 0
783 198 795 242 0.086367 0
942 189 971 253 0.083464 0
956 368 981 427 0.081846 0
957 370 981 427 0.075693 0
783 197 796 242 0.074054 0
1069 212 1090 254 0.073161 0
780 198 798 246 0.073076 0
1171 198 1185 232 0.070429 0
1170 195 1194 238 0.068232 0
1169 200 1186 249 0.068168 0
956 372 981 427 0.063309 0
1067 192 1089 251 0.063201 0
954 362 982 427 0.059289 0
793 185 815 237 0.053385 0
1171 199 1185 233 0.050234 0
691 208 703 238 0.049970 0
1170 214 1199 259 0.049453 0
1064 211 1091 259 0.049249 0
954 361 983 430 0.048196 0
692 208 703 238 0.045474 0
785 197 815 248 0.045224 0
691 209 703 239 0.045111 0
1170 193 1196 242 0.044695 0
1170 199 1185 232 0.044613 0
792 203 815 257 0.044582 0
225 202 239 237 0.042364 0
225 202 239 240 0.042123 0
956 370 980 431 0.039943 0
1170 195 1198 251 0.039725 0
954 368 981 447 0.037916 0
225 202 239 242 0.037867 0
1069 192 1085 232 0.037825 0
633 202 643 215 0.037030 0
957 372 979 416 0.036433 0
784 197 814 248 0.035371 0
956 367 984 427 0.034627 0
613 152 626 170 0.032826 0
1060 192 1089 257 0.032780 0
1069 192 1085 219 0.032464 0
791 211 815 258 0.032218 0
961 370 980 409 0.031769 0
226 202 239 235 0.031113 0
692 207 704 237 0.030672 0
225 202 239 243 0.030539 0
690 208 703 238 0.029619 0
632 202 643 215 0.028782 0
716 212 727 234 0.028705 0
1171 200 1184 231 0.027869 0
954 371 979 445 0.027698 0
613 152 627 182 0.026321 0
643 678 671 703 0.025571 0
848 199 857 225 0.025028 0
951 367 980 452 0.024960 0
717 211 727 234 0.024602 0
1071 191 1086 218 0.023915 0
802 184 816 217 0.023205 0
954 362 988 428 0.023029 0
1070 192 1085 219 0.022766 0
795 185 815 231 0.022212 0
1015 205 1024 226 0.021333 0
624 151 633 167 0.020781 0
957 365 984 423 0.020760 0
1064 193 1085 245 0.020224 0
691 209 703 237 0.019924 0
740 199 756 217 0.019783 0
958 374 968 408 0.019572 0
810 192 833 272 0.019289 0
1119 440 1130 475 0.019213 0
620 151 634 191 0.019190 0
958 375 968 408 0.019077 0
806 184 815 201 0.018923 0
966 372 978 390 0.018899 0
737 200 749 226 0.018785 0
848 199 856 229 0.018711 0
846 199 856 239 0.018587 0
965 372 979 391 0.018306 0
998 382 1024 421 0.017795 0
751 463 761 472 0.017308 0
1171 199 1184 231 0.017001 0
999 382 1024 416 0.016912 0
613 151 626 168 0.015193 0
797 184 816 213 0.014942 0
622 151 636 192 0.014876 0
769 198 798 248 0.014865 0
1119 440 1132 475 0.014851 0
1119 440 1130 474 0.014735 0
998 382 1022 421 0.014607 0
996 383 1024 422 0.014584 0
225 202 239 247 0.014539 0
1112 193 1120 202 0.014508 0
995 382 1023 422 0.014370 0
632 201 646 216 0.013923 0
224 202 239 249 0.013902 0
999 384 1014 399 0.013852 0
736 201 751 230 0.013833 0
199 208 207 222 0.013764 0
710 202 728 234 0.013666 0
954 363 989 427 0.013654 0
618 155 634 193 0.013558 0
632 202 647 216 0.013430 0
996 382 1023 418 0.013248 0
199 208 208 226 0.012645 0
965 367 979 390 0.012119 0
1011 207 1024 229 0.012092 0
534 183 568 282 0.011974 0
618 151 636 194 0.011943 0
738 200 756 230 0.011924 0
638 160 645 184 0.011831 0
1134 446 1143 464 0.011207 0
958 374 972 407 0.011103 0
960 367 982 410 0.010977 0
1007 384 1024 421 0.010957 0
642 683 672 703 0.010951 0
996 383 1020 422 0.010843 0
1136 446 1143 460 0.010573 0
1065 192 1085 222 0.010285 0
942 192 969 255 0.010188 0
976 368 985 391 0.010175 0
953 370 979 457 0.010126 0
998 382 1024 419 0.010078 0
643 679 672 703 0.010068 0
621 151 635 192 0.009670 0
1072 484 1080 500 0.009552 0
999 383 1023 400 0.009511 0
1119 440 1131 475 0.009455 0
1016 456 1025 465 0.009418 0
733 200 763 272 0.009360 0
733 200 758 272 0.009335 0
999 383 1023 401 0.009309 0
226 201 239 217 0.009273 0
792 182 818 255 0.009159 0
1171 197 1185 231 0.009071 0
610 152 630 191 0.008955 0
225 201 239 230 0.008930 0
845 199 856 241 0.008660 0
624 151 636 193 0.008582 0
637 160 655 201 0.008495 0
787 188 815 241 0.008495 0
511 191 524 209 0.008490 0
638 159 656 200 0.008357 0
975 368 985 392 0.008346 0
1119 441 1137 474 0.008319 0
771 198 797 245 0.008274 0
960 362 980 404 0.008178 0
902 335 924 350 0.008094 0
735 200 753 232 0.008043 0
1199 502 1209 512 0.007974 0
642 676 671 703 0.007953 0
979 353 993 392 0.007927 0
575 424 583 432 0.007892 0
954 369 988 430 0.007668 0
1207 504 1216 513 0.007534 0
708 210 728 234 0.007523 0
656 677 672 703 0.007499 0
212 198 223 228 0.007470 0
983 373 992 392 0.007453 0
638 160 652 198 0.007397 0
848 195 866 241 0.007348 0
1039 204 1050 230 0.007339 0
903 336 924 350 0.007339 0
1015 387 1023 400 0.007301 0
514 192 525 208 0.007215 0
1007 382 1024 401 0.007196 0
511 192 519 209 0.007129 0
638 160 658 202 0.007019 0
978 365 987 391 0.006985 0
983 375 991 392 0.006907 0
638 160 648 188 0.006875 0
943 357 982 429 0.006836 0
212 194 223 228 0.006819 0
971 370 982 392 0.006801 0
1112 193 1121 208 0.006772 0
198 207 207 223 0.006686 0
999 385 1012 399 0.006663 0
1271 199 1279 238 0.006593 0
1119 312 1130 343 0.006540 0
951 352 988 430 0.006521 0
751 459 768 472 0.006489 0
1272 199 1279 238 0.006483 0
981 352 993 392 0.006473 0
1119 312 1128 331 0.006439 0
1190 384 1206 401 0.006434 0
993 382 1019 424 0.006416 0
1232 196 1256 233 0.006389 0
1144 309 1169 344 0.006388 0
952 360 988 450 0.006332 0
769 201 796 251 0.006327 0
750 455 766 472 0.006304 0
1 64 254 211 0.006201 0
757 201 769 240 0.006183 0
994 382 1024 425 0.006180 0
835 681 852 703 0.006179 0
212 197 221 227 0.006156 0
1039 204 1051 230 0.006126 0
1270 198 1279 240 0.006060 0
716 197 730 232 0.005951 0
623 151 638 190 0.005887 0
865 440 874 454 0.005873 0
733 199 770 295 0.005868 0
1171 192 1195 234 0.005850 0
516 191 527 209 0.005806 0
735 201 768 258 0.005801 0
638 160 656 198 0.005723 0
1072 490 1081 502 0.005665 0
989 680 1016 703 0.005654 0
614 150 635 195 0.005605 0
964 359 980 391 0.005485 0
610 152 626 168 0.005466 0
224 202 240 255 0.005345 0
948 371 978 453 0.005334 0
224 202 240 253 0.005173 0
1120 441 1135 473 0.005111 0
942 347 985 428 0.005084 0
1119 312 1129 338 0.005082 0
1149 309 1168 343 0.005070 0
1119 440 1135 474 0.005060 0
947 371 978 432 0.005057 0
913 455 928 483 0.005038 0
750 462 763 473 0.004978 0
969 455 975 462 0.004977 0
848 196 866 241 0.004936 0
1177 344 1190 359 0.004931 0
944 365 981 452 0.004881 0
865 444 873 455 0.004875 0
1022 456 1031 464 0.004782 0
1194 498 1214 512 0.004764 0
983 446 993 455 0.004740 0
915 475 928 487 0.004708 0
835 679 853 703 0.004684 0
782 193 799 240 0.004683 0
1128 445 1134 460 0.004643 0
835 678 855 703 0.004638 0
1007 455 1015 465 0.004580 0
1056 488 1066 496 0.004574 0
688 205 703 237 0.004500 0
1182 166 1202 217 0.004459 0
1063 192 1101 255 0.004455 0
535 182 575 380 0.004435 0
951 344 960 361 0.004422 0
901 336 924 350 0.004414 0
1031 451 1040 464 0.004382 0
940 360 981 432 0.004381 0
642 685 671 703 0.004373 0
510 192 518 217 0.004318 0
1009 215 1024 230 0.004317 0
1232 197 1257 233 0.004299 0
1172 201 1203 239 0.004296 0
213 199 224 228 0.004277 0
992 456 999 464 0.004243 0
805 184 830 208 0.004193 0
903 336 925 350 0.004089 0
964 353 992 393 0.004073 0
1119 312 1130 344 0.004039 0
1135 444 1145 463 0.004036 0
749 201 769 259 0.004036 0
947 345 961 391 0.004033 0
751 417 768 443 0.004002 0
1176 499 1185 511 0.003993 0
1272 200 1279 241 0.003967 0
887 471 896 480 0.003953 0
0 64 235 208 0.003947 0
1230 197 1256 233 0.003933 0
1015 445 1025 462 0.003906 0
1199 496 1211 505 0.003843 0
1145 309 1169 344 0.003794 0
902 336 924 350 0.003777 0
1215 200 1230 233 0.003719 0
630 159 643 190 0.003711 0
916 474 928 483 0.003662 0
1231 195 1257 233 0.003653 0
510 188 530 247 0.003589 0
832 681 852 703 0.003563 0
751 419 768 442 0.003563 0
895 199 905 236 0.003558 0
983 453 993 463 0.003555 0
1008 477 1016 492 0.003535 0
1191 496 1200 504 0.003533 0
608 152 626 181 0.003523 0
1176 217 1203 253 0.003517 0
1159 501 1169 510 0.003487 0
940 198 951 218 0.003483 0
751 418 768 441 0.003475 0
21 64 254 210 0.003471 0
960 341 967 351 0.003436 0
1104 312 1112 327 0.003333 0
1175 344 1189 360 0.003329 0
1071 482 1080 498 0.003322 0
775 197 796 242 0.003307 0
509 189 531 249 0.003303 0
983 441 993 455 0.003301 0
1240 454 1256 472 0.003298 0
912 474 928 486 0.003256 0
902 336 925 351 0.003223 0
606 152 633 195 0.003197 0
1065 188 1101 256 0.003195 0
833 679 855 703 0.003178 0
912 455 928 485 0.003145 0
1214 495 1234 511 0.003144 0
944 349 962 394 0.003109 0
1 64 203 212 0.003089 0
892 200 905 238 0.003085 0
808 189 825 220 0.003069 0
895 326 903 343 0.003048 0
852 464 865 475 0.003038 0
643 668 672 704 0.003034 0
990 212 998 232 0.003022 0
1134 444 1144 472 0.003013 0
607 448 623 463 0.003006 0
599 151 632 196 0.003005 0
1272 200 1279 255 0.003000 0
1178 344 1195 358 0.002999 0
1230 459 1246 500 0.002979 0
1005 369 1024 402 0.002963 0
0 64 55 212 0.002947 0
832 472 840 482 0.002940 0
990 204 998 232 0.002926 0
848 179 868 242 0.002915 0
950 339 967 364 0.002908 0
1009 384 1024 423 0.002858 0
1238 197 1257 234 0.002845 0
991 211 998 232 0.002816 0
1038 279 1059 334 0.002797 0
749 456 770 472 0.002792 0
960 455 968 463 0.002792 0
945 217 979 263 0.002786 0
634 199 653 216 0.002719 0
750 420 768 441 0.002707 0
1181 163 1202 217 0.002706 0
789 330 809 344 0.002705 0
831 679 853 703 0.002699 0
751 417 768 442 0.002695 0
911 475 928 487 0.002687 0
790 184 816 220 0.002666 0
509 188 531 248 0.002655 0
895 326 903 343 0.002652 0
1027 448 1040 464 0.002636 0
999 374 1024 401 0.002614 0
974 350 993 390 0.002564 0
1226 193 1264 268 0.002564 0
11 64 258 212 0.002559 0
981 351 993 378 0.002546 0
835 679 856 703 0.002540 0
1213 200 1229 232 0.002540 0
60 64 259 210 0.002490 0
1181 163 1203 221 0.002480 0
993 382 1016 411 0.002478 0
1176 494 1185 504 0.002469 0
1046 485 1060 496 0.002451 0
198 201 208 220 0.002449 0
1038 198 1054 230 0.002447 0
1152 439 1158 450 0.002444 0
902 327 924 349 0.002438 0
1058 487 1074 497 0.002432 0
1016 196 1053 230 0.002417 0
211 197 223 228 0.002410 0
511 191 529 240 0.002403 0
942 193 972 260 0.002372 0
903 328 922 347 0.002350 0
1102 311 1118 347 0.002334 0
1230 459 1252 506 0.002328 0
1008 430 1015 440 0.002325 0
990 382 1016 422 0.002307 0
534 186 581 283 0.002306 0
1071 500 1081 512 0.002276 0
832 465 840 473 0.002265 0
1023 483 1038 497 0.002248 0
212 196 221 226 0.002238 0
901 336 924 350 0.002227 0
1270 198 1279 267 0.002218 0
510 190 530 247 0.002194 0
978 370 992 409 0.002193 0
739 419 773 458 0.002162 0
984 679 1007 703 0.002160 0
1119 312 1136 343 0.002159 0
823 464 832 473 0.002147 0
609 156 632 197 0.002133 0
1230 197 1240 230 0.002114 0
1231 458 1240 467 0.002099 0
1225 502 1239 510 0.002078 0
950 345 961 384 0.002077 0
1216 209 1228 233 0.002059 0
848 204 866 241 0.002057 0
1135 441 1144 461 0.002045 0
641 159 658 190 0.002042 0
789 330 815 344 0.002035 0
990 679 1025 703 0.002021 0
1202 495 1217 507 0.002020 0
637 203 653 216 0.002005 0
1180 345 1194 390 0.001969 0
1179 344 1196 384 0.001967 0
1040 454 1047 464 0.001952 0
1208 168 1217 201 0.001951 0
1008 469 1016 489 0.001950 0
1025 449 1037 464 0.001947 0
913 455 928 467 0.001946 0
954 372 976 450 0.001939 0
799 440 807 448 0.001934 0
739 418 798 459 0.001933 0
1072 463 1080 471 0.001928 0
1238 452 1251 472 0.001919 0
1229 195 1257 233 0.001915 0
1252 197 1272 218 0.001914 0
990 393 1003 429 0.001913 0
1151 443 1160 459 0.001912 0
1118 311 1135 343 0.001897 0
896 472 911 484 0.001874 0
865 439 879 455 0.001853 0
583 423 592 437 0.001840 0
943 341 972 400 0.001839 0
1215 197 1231 232 0.001833 0
319 203 331 231 0.001830 0
210 197 223 227 0.001815 0
1073 192 1099 242 0.001808 0
1208 168 1228 217 0.001805 0
1219 205 1231 233 0.001802 0
933 388 945 409 0.001787 0
821 329 848 345 0.001783 0
1009 361 1024 398 0.001781 0
681 199 693 219 0.001781 0
1245 460 1257 472 0.001776 0
1154 497 1169 509 0.001766 0
1007 447 1016 465 0.001762 0
505 186 536 251 0.001760 0
1176 344 1196 360 0.001757 0
960 336 967 351 0.001754 0
633 181 653 214 0.001752 0
912 455 924 465 0.001742 0
1064 463 1071 471 0.001742 0
1037 279 1060 334 0.001724 0
1087 492 1096 504 0.001711 0
946 350 992 393 0.001709 0
1021 447 1036 463 0.001684 0
39 64 269 212 0.001679 0
834 680 857 703 0.001668 0
1239 449 1248 466 0.001658 0
990 193 1005 231 0.001657 0
238 388 247 399 0.001652 0
1219 202 1231 232 0.001648 0
936 455 943 464 0.001639 0
1239 449 1249 470 0.001633 0
0 64 46 215 0.001625 0
952 372 974 418 0.001622 0
1152 449 1165 460 0.001619 0
213 199 227 233 0.001603 0
1031 490 1039 501 0.001599 0
324 64 496 205 0.001596 0
981 356 1024 418 0.001591 0
941 194 996 268 0.001585 0
887 200 909 243 0.001579 0
198 208 211 233 0.001568 0
751 462 761 478 0.001567 0
225 199 242 228 0.001563 0
1180 345 1194 398 0.001547 0
1119 312 1131 342 0.001540 0
718 192 728 224 0.001537 0
649 408 656 424 0.001534 0
1231 459 1241 470 0.001514 0
1037 200 1055 231 0.001508 0
1087 189 1095 202 0.001507 0
1095 446 1104 471 0.001502 0
1218 209 1231 234 0.001495 0
847 464 860 475 0.001491 0
1026 206 1055 237 0.001471 0
1143 315 1168 344 0.001469 0
895 416 904 428 0.001467 0
988 446 1000 459 0.001458 0
639 677 672 703 0.001452 0
1230 452 1259 508 0.001450 0
1187 355 1210 407 0.001444 0
1023 482 1036 495 0.001438 0
1251 197 1276 232 0.001432 0
903 336 925 387 0.001425 0
1046 480 1056 489 0.001424 0
951 345 960 369 0.001415 0
878 156 892 173 0.001414 0
1015 478 1025 488 0.001413 0
979 206 996 234 0.001410 0
1000 455 1008 464 0.001403 0
1154 495 1186 510 0.001396 0
663 462 672 471 0.001390 0
1149 498 1167 510 0.001381 0
990 391 1007 423 0.001376 0
1039 279 1060 334 0.001372 0
834 468 848 477 0.001370 0
933 390 945 408 0.001359 0
1071 491 1082 507 0.001351 0
1008 481 1016 494 0.001351 0
1247 471 1264 499 0.001346 0
998 377 1016 399 0.001341 0
808 188 834 225 0.001341 0
1175 343 1198 359 0.001337 0
1267 199 1279 264 0.001334 0
862 432 870 441 0.001331 0
1103 312 1114 328 0.001323 0
1252 197 1274 232 0.001316 0
1101 313 1119 347 0.001313 0
847 217 868 242 0.001312 0
1092 447 1105 471 0.001297 0
1005 361 1023 390 0.001295 0
649 408 656 424 0.001282 0
573 423 592 458 0.001279 0
1212 495 1240 511 0.001271 0
587 167 596 185 0.001263 0
637 165 656 214 0.001259 0
570 425 592 442 0.001259 0
835 678 856 703 0.001258 0
942 365 956 392 0.001236 0
1009 448 1025 467 0.001230 0
224 197 240 239 0.001227 0
1144 309 1176 346 0.001226 0
879 437 887 455 0.001219 0
116 64 238 104 0.001216 0
1119 444 1129 478 0.001209 0
631 158 643 192 0.001203 0
929 383 945 411 0.001201 0
1179 351 1209 405 0.001199 0
987 374 1014 408 0.001199 0
840 223 856 242 0.001188 0
831 678 853 703 0.001185 0
832 477 841 489 0.001183 0
1000 431 1006 440 0.001171 0
836 465 848 474 0.001169 0
1080 431 1087 441 0.001167 0
1151 450 1160 462 0.001165 0
1182 164 1203 215 0.001163 0
928 384 944 408 0.001162 0
901 335 925 371 0.001160 0
670 207 679 229 0.001151 0
1152 436 1168 456 0.001147 0
862 464 873 477 0.001144 0
640 687 672 703 0.001141 0
757 201 779 240 0.001131 0
1135 345 1143 359 0.001106 0
929 368 947 410 0.001105 0
1174 344 1198 360 0.001103 0
1130 502 1136 508 0.001097 0
1087 193 1095 212 0.001096 0
924 455 937 463 0.001095 0
603 160 625 183 0.001089 0
961 442 968 456 0.001085 0
1148 498 1169 509 0.001085 0
1248 480 1264 514 0.001083 0
768 194 804 248 0.001082 0
554 174 579 216 0.001080 0
721 201 741 234 0.001079 0
885 415 909 471 0.001078 0
1223 408 1230 424 0.001077 0
877 202 904 239 0.001076 0
1247 477 1260 510 0.001070 0
112 426 252 538 0.001070 0
984 677 1006 703 0.001063 0
861 207 877 241 0.001060 0
948 456 960 465 0.001058 0
1040 278 1061 332 0.001057 0
731 195 774 294 0.001056 0
1172 347 1211 414 0.001049 0
703 452 718 469 0.001045 0
376 185 385 201 0.001041 0
1120 323 1135 343 0.001040 0
834 681 852 703 0.001040 0
670 207 679 230 0.001034 0
895 417 904 434 0.001032 0
1165 471 1178 479 0.001023 0
1095 442 1104 469 0.001020 0
1247 471 1264 484 0.001015 0
879 199 908 244 0.001005 0
657 669 672 702 0.001005 0
932 376 946 404 0.000999 0
681 197 693 215 0.000997 0
724 422 737 440 0.000992 0
1038 275 1063 334 0.000981 0
872 334 885 343 0.000977 0
1103 312 1126 346 0.000973 0
329 64 495 289 0.000971 0
1136 502 1143 509 0.000967 0
961 440 968 451 0.000965 0
1213 193 1261 268 0.000956 0
604 170 618 183 0.000956 0
370 64 497 216 0.000955 0
1180 380 1207 411 0.000952 0
1084 195 1102 234 0.000948 0
1120 393 1128 411 0.000947 0
1217 199 1225 211 0.000944 0
1119 388 1128 410 0.000943 0
238 385 247 399 0.000942 0
894 475 929 489 0.000941 0
1155 470 1168 478 0.000939 0
813 327 847 344 0.000939 0
1087 452 1097 471 0.000938 0
573 179 581 201 0.000934 0
928 386 945 430 0.000930 0
470 204 478 218 0.000928 0
864 328 884 343 0.000926 0
735 420 769 455 0.000926 0
890 452 938 486 0.000924 0
218 184 232 202 0.000924 0
1103 311 1131 346 0.000917 0
789 327 823 344 0.000915 0
949 381 959 395 0.000911 0
194 203 207 218 0.000906 0
1077 454 1096 472 0.000905 0
1032 196 1055 230 0.000904 0
719 427 727 440 0.000900 0
633 159 643 192 0.000890 0
1173 343 1198 381 0.000890 0
314 64 368 198 0.000885 0
1086 487 1098 504 0.000883 0
924 447 934 457 0.000875 0
936 353 1024 423 0.000871 0
1086 188 1102 214 0.000868 0
991 185 1007 229 0.000860 0
478 193 488 216 0.000860 0
1268 198 1279 263 0.000859 0
633 165 644 195 0.000859 0
0 525 15 587 0.000856 0
999 339 1008 359 0.000855 0
942 362 953 389 0.000851 0
242 195 253 214 0.000849 0
975 689 986 703 0.000848 0
53 64 344 211 0.000846 0
988 359 1001 390 0.000846 0
823 470 831 477 0.000844 0
1213 477 1257 511 0.000842 0
533 185 566 278 0.000837 0
916 447 929 456 0.000827 0
1071 455 1089 471 0.000820 0
994 365 1038 431 0.000820 0
1007 423 1016 440 0.000818 0
919 197 952 250 0.000817 0
1258 199 1279 268 0.000816 0
974 686 988 703 0.000812 0
394 64 497 229 0.000812 0
943 380 955 393 0.000810 0
807 687 817 703 0.000810 0
465 203 472 216 0.000810 0
979 372 993 410 0.000806 0
1114 311 1138 361 0.000805 0
311 64 496 206 0.000804 0
864 217 873 237 0.000801 0
767 427 791 451 0.000800 0
734 421 770 460 0.000799 0
703 456 714 469 0.000795 0
1168 342 1208 396 0.000793 0
478 200 485 216 0.000787 0
1231 467 1264 507 0.000780 0
967 447 976 459 0.000779 0
1183 496 1201 510 0.000774 0
718 201 741 234 0.000770 0
342 64 439 211 0.000768 0
1087 184 1103 204 0.000767 0
1215 205 1234 264 0.000766 0
718 424 737 458 0.000763 0
811 327 847 345 0.000761 0
788 329 811 370 0.000761 0
208 200 223 227 0.000761 0
720 423 737 444 0.000761 0
0 522 18 563 0.000756 0
951 374 968 408 0.000755 0
245 196 255 214 0.000753 0
0 64 21 209 0.000751 0
1221 457 1243 494 0.000750 0
511 183 524 205 0.000750 0
1218 453 1223 467 0.000750 0
1071 454 1096 472 0.000748 0
1013 423 1024 439 0.000747 0
1158 425 1168 444 0.000746 0
1165 483 1181 506 0.000742 0
878 439 888 457 0.000742 0
1169 343 1198 396 0.000739 0
326 64 434 214 0.000736 0
130 467 176 487 0.000733 0
530 626 545 667 0.000731 0
863 437 884 478 0.000730 0
1008 505 1018 521 0.000730 0
114 460 177 488 0.000728 0
1256 197 1277 231 0.000727 0
58 64 247 210 0.000725 0
927 376 945 407 0.000725 0
810 682 835 703 0.000724 0
1008 455 1024 486 0.000722 0
1120 321 1141 344 0.000721 0
1102 678 1121 703 0.000721 0
1230 456 1260 501 0.000719 0
1104 312 1131 345 0.000718 0
1176 169 1228 267 0.000713 0
863 327 885 343 0.000711 0
718 437 737 461 0.000711 0
340 65 489 360 0.000710 0
928 389 945 409 0.000708 0
993 342 1009 360 0.000705 0
981 358 1008 396 0.000700 0
848 179 868 233 0.000698 0
1105 312 1129 341 0.000696 0
607 448 624 463 0.000695 0
1223 469 1232 484 0.000691 0
1226 194 1279 269 0.000691 0
878 435 944 484 0.000690 0
0 64 70 209 0.000690 0
111 425 288 535 0.000689 0
799 424 807 447 0.000688 0
1039 321 1055 335 0.000686 0
1259 199 1279 269 0.000685 0
711 212 729 237 0.000684 0
1015 456 1025 471 0.000683 0
992 182 1011 228 0.000681 0
680 169 691 215 0.000678 0
1032 375 1039 389 0.000677 0
815 463 828 474 0.000675 0
39 64 357 221 0.000674 0
978 352 1005 392 0.000673 0
534 628 545 668 0.000670 0
813 678 834 703 0.000670 0
1172 174 1203 228 0.000668 0
788 323 820 344 0.000665 0
930 396 944 429 0.000665 0
1252 214 1266 233 0.000665 0
339 64 497 212 0.000665 0
706 455 721 469 0.000665 0
157 64 257 216 0.000664 0
866 460 881 477 0.000662 0
1071 455 1096 473 0.000662 0
659 422 673 438 0.000661 0
963 349 989 387 0.000659 0
1209 202 1222 218 0.000657 0
906 336 926 391 0.000652 0
1120 402 1128 422 0.000650 0
976 680 1006 703 0.000649 0
112 430 231 539 0.000646 0
829 197 856 233 0.000642 0
344 65 437 219 0.000641 0
1215 473 1233 496 0.000640 0
1135 489 1151 509 0.000639 0
718 424 729 440 0.000635 0
888 416 912 456 0.000634 0
1208 506 1215 516 0.000632 0
1061 64 1157 139 0.000632 0
316 64 427 221 0.000626 0
517 189 542 249 0.000626 0
368 67 497 222 0.000618 0
806 683 834 703 0.000618 0
457 202 466 215 0.000617 0
1038 384 1053 412 0.000616 0
877 415 943 484 0.000616 0
1125 64 1152 73 0.000615 0
805 678 833 703 0.000615 0
1009 458 1025 488 0.000614 0
1151 446 1168 457 0.000611 0
788 329 812 362 0.000610 0
960 197 977 230 0.000608 0
515 191 539 249 0.000608 0
725 408 779 457 0.000606 0
767 429 775 446 0.000601 0
1094 437 1104 463 0.000601 0
758 199 786 239 0.000601 0
716 437 736 463 0.000600 0
1172 489 1185 504 0.000599 0
1000 335 1007 344 0.000596 0
384 567 392 625 0.000593 0
999 357 1024 393 0.000593 0
1087 448 1099 469 0.000592 0
1256 199 1277 234 0.000590 0
786 315 828 344 0.000590 0
805 685 817 703 0.000587 0
1177 380 1193 394 0.000586 0
904 336 927 375 0.000586 0
310 65 486 362 0.000585 0
806 443 827 464 0.000582 0
222 208 241 264 0.000580 0
918 390 929 407 0.000580 0
895 442 904 456 0.000578 0
988 256 999 270 0.000577 0
1206 166 1232 235 0.000570 0
996 447 1007 458 0.000569 0
895 417 912 438 0.000567 0
764 204 781 241 0.000565 0
538 202 564 262 0.000563 0
0 64 19 208 0.000563 0
1083 312 1120 358 0.000563 0
1097 311 1135 360 0.000562 0
1135 345 1143 359 0.000560 0
1216 408 1223 425 0.000560 0
0 64 39 201 0.000557 0
316 65 490 361 0.000556 0
1202 197 1229 233 0.000556 0
900 327 928 350 0.000552 0
765 422 784 447 0.000547 0
0 367 16 394 0.000547 0
794 440 821 469 0.000544 0
1224 196 1277 268 0.000544 0
938 345 962 389 0.000541 0
1013 425 1025 440 0.000540 0
343 64 465 208 0.000539 0
848 190 900 242 0.000536 0
0 64 17 207 0.000535 0
75 64 360 213 0.000534 0
1120 408 1127 423 0.000533 0
336 64 433 211 0.000531 0
464 202 476 248 0.000530 0
1023 381 1030 393 0.000528 0
809 496 816 503 0.000527 0
1057 220 1073 295 0.000527 0
927 357 943 381 0.000526 0
669 208 682 232 0.000526 0
1041 478 1085 501 0.000523 0
1134 488 1171 512 0.000522 0
783 424 805 451 0.000520 0
704 422 721 460 0.000518 0
527 625 544 668 0.000514 0
716 427 737 458 0.000514 0
1123 64 1152 74 0.000513 0
924 455 944 483 0.000512 0
574 414 583 433 0.000512 0
1050 196 1085 240 0.000511 0
1186 372 1220 416 0.000507 0
901 335 925 365 0.000506 0
974 369 1004 424 0.000505 0
894 416 906 445 0.000505 0
1002 358 1022 381 0.000504 0
0 367 16 396 0.000502 0
927 358 946 395 0.000500 0
1069 182 1091 218 0.000499 0
719 206 739 235 0.000497 0
735 446 769 471 0.000497 0
927 356 950 390 0.000496 0
926 358 945 388 0.000495 0
464 199 471 214 0.000495 0
798 419 808 441 0.000494 0
715 439 738 470 0.000493 0
1160 425 1168 441 0.000492 0
351 65 498 216 0.000490 0
779 438 800 453 0.000489 0
0 389 47 632 0.000489 0
398 64 496 223 0.000489 0
0 64 50 206 0.000488 0
704 421 720 452 0.000487 0
318 65 479 360 0.000483 0
1046 454 1055 466 0.000483 0
833 655 858 703 0.000482 0
194 195 207 217 0.000482 0
796 440 831 473 0.000479 0
0 521 19 579 0.000478 0
1020 191 1053 227 0.000478 0
312 64 496 238 0.000477 0
1063 64 1160 139 0.000477 0
568 201 577 216 0.000476 0
158 64 256 210 0.000475 0
1179 381 1211 418 0.000474 0
1120 317 1142 360 0.000473 0
750 458 770 479 0.000473 0
712 206 729 235 0.000472 0
265 198 275 232 0.000471 0
1077 432 1087 455 0.000469 0
799 440 818 454 0.000466 0
877 200 910 245 0.000465 0
1025 373 1041 410 0.000465 0
1173 377 1207 408 0.000464 0
922 385 945 429 0.000464 0
1190 489 1200 504 0.000464 0
919 344 990 418 0.000463 0
854 218 875 242 0.000463 0
977 379 1024 449 0.000462 0
316 64 435 224 0.000462 0
704 440 720 467 0.000461 0
10 550 48 622 0.000460 0
467 204 478 240 0.000457 0
895 330 924 352 0.000456 0
853 213 886 281 0.000456 0
144 477 173 487 0.000455 0
905 338 942 389 0.000453 0
58 328 79 346 0.000453 0
1077 332 1088 345 0.000452 0
1246 462 1265 483 0.000452 0
1073 429 1081 441 0.000450 0
111 447 227 587 0.000449 0
1145 307 1177 344 0.000449 0
1063 484 1090 502 0.000449 0
1173 384 1185 410 0.000448 0
464 203 478 264 0.000447 0
941 377 956 406 0.000446 0
156 64 256 206 0.000445 0
1208 372 1226 406 0.000445 0
955 188 969 216 0.000444 0
583 591 592 615 0.000441 0
835 439 848 449 0.000440 0
0 67 16 208 0.000439 0
898 415 912 425 0.000439 0
628 665 672 704 0.000439 0
735 454 747 470 0.000439 0
928 351 947 385 0.000439 0
862 427 882 455 0.000439 0
939 342 962 388 0.000437 0
873 437 942 484 0.000437 0
1028 374 1040 395 0.000437 0
1070 440 1092 471 0.000434 0
0 319 60 633 0.000432 0
628 425 639 450 0.000431 0
880 406 896 439 0.000431 0
1038 447 1049 464 0.000431 0
632 202 648 222 0.000430 0
703 417 737 468 0.000430 0
719 453 738 470 0.000429 0
1005 64 1153 170 0.000429 0
1151 427 1169 457 0.000426 0
1212 481 1246 511 0.000426 0
1104 390 1128 410 0.000426 0
898 335 945 391 0.000425 0
850 674 879 703 0.000424 0
940 350 1004 434 0.000422 0
923 343 946 383 0.000420 0
360 205 376 231 0.000419 0
851 674 881 703 0.000418 0
1062 64 1156 136 0.000417 0
992 359 1023 393 0.000415 0
1058 227 1074 295 0.000415 0
824 421 832 434 0.000414 0
952 184 965 206 0.000413 0
880 392 896 408 0.000412 0
991 350 1001 360 0.000411 0
1109 442 1126 473 0.000409 0
775 192 791 238 0.000408 0
0 363 16 393 0.000408 0
928 344 947 382 0.000408 0
735 456 765 472 0.000408 0
0 571 32 629 0.000406 0
1015 442 1025 451 0.000405 0
1193 357 1209 396 0.000405 0
1175 376 1187 391 0.000405 0
1095 500 1104 510 0.000404 0
881 441 901 456 0.000404 0
1059 455 1074 471 0.000404 0
0 64 38 384 0.000400 0
812 324 848 344 0.000400 0
1151 448 1167 465 0.000399 0
801 416 808 423 0.000398 0
612 423 623 434 0.000397 0
384 581 392 626 0.000397 0
934 435 944 451 0.000393 0
313 64 428 212 0.000393 0
1135 444 1151 465 0.000392 0
961 434 975 455 0.000391 0
796 628 817 702 0.000388 0
1206 453 1217 468 0.000387 0
488 179 566 255 0.000385 0
895 334 929 387 0.000383 0
1215 473 1224 481 0.000382 0
931 405 945 439 0.000381 0
990 439 1000 451 0.000381 0
112 416 295 537 0.000380 0
879 407 888 439 0.000380 0
0 64 59 210 0.000380 0
812 671 834 703 0.000380 0
877 413 944 484 0.000379 0
840 456 871 480 0.000378 0
1239 424 1247 440 0.000378 0
1088 423 1104 462 0.000377 0
991 402 1000 434 0.000376 0
653 196 661 216 0.000375 0
184 447 241 530 0.000374 0
1204 408 1216 433 0.000374 0
988 198 1025 244 0.000373 0
901 335 925 386 0.000371 0
1110 502 1120 509 0.000370 0
909 338 928 393 0.000370 0
1079 401 1088 411 0.000370 0
881 439 906 456 0.000369 0
171 449 225 533 0.000368 0
264 196 271 212 0.000368 0
784 327 823 381 0.000368 0
57 64 377 233 0.000367 0
1060 394 1074 417 0.000366 0
1029 64 1160 213 0.000366 0
996 418 1011 441 0.000365 0
632 471 640 479 0.000365 0
255 64 359 194 0.000364 0
521 181 603 393 0.000363 0
785 320 832 344 0.000361 0
929 378 954 410 0.000359 0
0 368 16 394 0.000359 0
605 423 624 458 0.000357 0
471 198 479 214 0.000356 0
1148 388 1159 403 0.000354 0
1123 346 1137 359 0.000354 0
1168 477 1177 491 0.000354 0
1170 188 1190 236 0.000353 0
646 552 657 593 0.000353 0
732 423 769 461 0.000352 0
853 633 874 683 0.000352 0
879 433 887 448 0.000352 0
1217 442 1223 458 0.000351 0
919 684 929 703 0.000351 0
932 375 945 391 0.000350 0
1170 457 1184 472 0.000349 0
185 448 231 534 0.000349 0
0 64 21 433 0.000349 0
1077 333 1089 357 0.000348 0
1037 391 1051 414 0.000347 0
0 299 16 396 0.000347 0
242 194 254 214 0.000347 0
0 369 16 394 0.000346 0
1245 451 1264 481 0.000346 0
338 64 600 376 0.000345 0
1215 368 1223 381 0.000345 0
989 352 1020 389 0.000345 0
1111 440 1127 469 0.000345 0
1154 303 1168 331 0.000344 0
736 448 745 458 0.000344 0
769 421 796 448 0.000344 0
1068 444 1183 487 0.000343 0
1161 377 1168 386 0.000342 0
856 431 866 440 0.000340 0
1112 185 1128 205 0.000340 0
1115 208 1136 230 0.000340 0
317 65 421 208 0.000339 0
1038 387 1059 415 0.000339 0
1088 264 1096 270 0.000339 0
881 367 990 470 0.000339 0
801 674 833 703 0.000337 0
104 64 343 185 0.000337 0
703 419 721 465 0.000337 0
728 422 761 453 0.000336 0
639 447 649 458 0.000336 0
984 249 999 270 0.000336 0
1048 390 1067 414 0.000334 0
877 408 912 462 0.000333 0
1066 472 1090 498 0.000332 0
608 433 624 461 0.000332 0
210 182 228 226 0.000332 0
351 188 358 199 0.000331 0
1135 487 1161 506 0.000331 0
431 519 440 540 0.000331 0
1207 444 1216 456 0.000331 0
1223 453 1238 473 0.000330 0
969 198 986 216 0.000330 0
140 64 256 207 0.000330 0
798 439 833 457 0.000330 0
765 423 799 456 0.000329 0
351 64 496 97 0.000328 0
961 423 976 448 0.000328 0
957 423 970 448 0.000328 0
783 421 806 447 0.000327 0
138 448 227 538 0.000326 0
655 424 673 439 0.000326 0
1135 484 1181 509 0.000325 0
911 179 944 217 0.000323 0
665 183 671 216 0.000323 0
239 195 255 231 0.000323 0
304 64 496 201 0.000322 0
1016 381 1031 404 0.000322 0
0 320 16 393 0.000322 0
728 423 768 459 0.000321 0
661 414 671 433 0.000321 0
240 257 257 296 0.000321 0
533 629 545 673 0.000321 0
1027 377 1045 414 0.000320 0
703 442 719 468 0.000319 0
831 597 843 616 0.000318 0
317 64 369 189 0.000318 0
1222 167 1275 236 0.000316 0
680 171 701 215 0.000315 0
245 391 254 400 0.000314 0
686 423 696 439 0.000314 0
650 158 665 202 0.000313 0
1111 448 1123 474 0.000313 0
1221 443 1269 478 0.000313 0
1019 380 1040 426 0.000313 0
871 326 887 343 0.000311 0
882 410 896 440 0.000311 0
1068 443 1094 470 0.000310 0
717 459 737 471 0.000309 0
171 448 228 536 0.000309 0
807 541 816 567 0.000307 0
0 365 16 393 0.000307 0
915 438 935 455 0.000305 0
1067 431 1091 458 0.000305 0
13 590 32 616 0.000304 0
188 447 236 535 0.000304 0
1135 487 1152 503 0.000304 0
346 66 454 217 0.000304 0
1080 405 1088 413 0.000304 0
942 187 1009 264 0.000304 0
59 64 140 201 0.000303 0
1039 412 1056 461 0.000302 0
1176 412 1183 423 0.000302 0
1003 375 1040 420 0.000302 0
318 64 368 185 0.000301 0
985 678 1154 703 0.000301 0
1166 459 1177 475 0.000301 0
1227 195 1279 305 0.000300 0
331 185 342 199 0.000300 0
878 687 889 703 0.000299 0
361 72 496 243 0.000299 0
58 327 80 348 0.000298 0
1104 393 1127 410 0.000298 0
802 313 828 343 0.000298 0
627 449 640 460 0.000298 0
980 200 1000 231 0.000297 0
725 416 736 432 0.000296 0
929 439 944 463 0.000296 0
703 424 722 467 0.000295 0
690 206 704 272 0.000295 0
0 64 68 216 0.000295 0
1049 391 1067 416 0.000295 0
111 431 275 588 0.000295 0
1247 420 1253 430 0.000295 0
1169 455 1184 471 0.000295 0
2 64 260 216 0.000295 0
0 66 59 220 0.000295 0
1049 148 1109 257 0.000294 0
853 674 874 700 0.000293 0
0 220 16 404 0.000292 0
239 213 253 239 0.000292 0
992 463 999 471 0.000291 0
110 64 372 201 0.000291 0
479 178 496 213 0.000291 0
644 660 672 703 0.000290 0
1168 413 1177 423 0.000290 0
59 328 80 345 0.000289 0
60 64 144 205 0.000289 0
1167 471 1184 479 0.000288 0
304 64 495 224 0.000287 0
933 375 961 427 0.000287 0
355 214 369 276 0.000287 0
1071 390 1080 405 0.000287 0
911 377 928 410 0.000286 0
1182 164 1219 217 0.000285 0
523 182 542 220 0.000284 0
128 515 186 577 0.000283 0
831 439 844 449 0.000283 0
879 408 890 441 0.000282 0
156 64 256 177 0.000281 0
1109 440 1124 472 0.000281 0
1141 389 1155 407 0.000281 0
913 363 934 407 0.000280 0
1024 373 1039 392 0.000280 0
1028 362 1040 387 0.000279 0
1015 326 1024 345 0.000279 0
951 495 959 503 0.000278 0
802 463 817 473 0.000278 0
949 376 1023 447 0.000278 0
1123 199 1191 246 0.000278 0
795 444 833 472 0.000277 0
1054 393 1083 457 0.000277 0
0 65 75 219 0.000277 0
852 213 884 277 0.000276 0
159 64 256 187 0.000276 0
1075 422 1089 450 0.000276 0
0 303 106 633 0.000275 0
1036 393 1107 474 0.000274 0
941 343 961 366 0.000274 0
956 182 967 206 0.000274 0
955 64 1190 285 0.000273 0
850 213 874 281 0.000273 0
919 691 929 703 0.000273 0
431 519 440 555 0.000271 0
199 257 208 275 0.000270 0
195 191 206 222 0.000270 0
1239 421 1247 439 0.000270 0
1135 447 1153 469 0.000269 0
880 392 895 408 0.000269 0
1039 390 1061 418 0.000269 0
938 336 986 391 0.000268 0
1038 409 1051 426 0.000268 0
1095 329 1105 345 0.000268 0
652 152 671 174 0.000268 0
1079 323 1119 347 0.000267 0
1241 192 1279 272 0.000267 0
909 342 940 393 0.000266 0
1187 452 1200 472 0.000265 0
0 358 44 638 0.000264 0
946 327 967 360 0.000264 0
808 173 816 195 0.000264 0
61 64 189 200 0.000261 0
123 64 495 212 0.000261 0
233 390 246 398 0.000261 0
1249 350 1263 406 0.000260 0
1057 64 1162 198 0.000260 0
1197 358 1208 376 0.000259 0
430 64 497 239 0.000258 0
895 552 911 600 0.000258 0
240 213 249 234 0.000257 0
0 64 75 210 0.000257 0
318 64 430 191 0.000257 0
885 438 905 456 0.000257 0
308 65 428 222 0.000256 0
125 64 510 243 0.000256 0
703 321 720 372 0.000256 0
1046 454 1097 488 0.000256 0
59 327 80 343 0.000256 0
437 192 445 204 0.000254 0
0 65 31 404 0.000254 0
899 308 927 350 0.000254 0
991 180 1008 226 0.000254 0
357 67 502 218 0.000254 0
918 401 928 423 0.000254 0
941 380 958 431 0.000253 0
652 151 671 174 0.000253 0
1216 416 1224 432 0.000252 0
1158 378 1173 393 0.000251 0
1150 456 1162 472 0.000251 0
935 433 944 444 0.000251 0
841 438 884 478 0.000251 0
853 164 981 262 0.000251 0
156 68 230 212 0.000251 0
949 350 1024 405 0.000251 0
912 346 938 396 0.000249 0
921 345 1023 405 0.000249 0
1144 376 1152 388 0.000249 0
789 418 821 455 0.000248 0
0 84 16 219 0.000248 0
1231 448 1250 470 0.000247 0
848 693 881 703 0.000247 0
163 452 231 516 0.000246 0
1149 378 1163 400 0.000245 0
740 199 823 275 0.000243 0
806 365 815 392 0.000243 0
1085 415 1104 462 0.000243 0
185 440 242 536 0.000243 0
918 394 929 408 0.000242 0
1039 393 1061 425 0.000242 0
415 251 420 270 0.000242 0
681 384 688 393 0.000241 0
182 446 243 537 0.000239 0
796 444 833 473 0.000239 0
571 408 592 435 0.000238 0
526 625 537 647 0.000237 0
115 452 221 530 0.000237 0
989 344 1008 359 0.000237 0
950 423 970 450 0.000236 0
1212 455 1224 474 0.000235 0
625 425 640 460 0.000235 0
1161 200 1186 239 0.000234 0
269 221 291 296 0.000233 0
1072 503 1081 518 0.000232 0
964 683 984 703 0.000232 0
656 151 671 174 0.000232 0
537 202 564 281 0.000232 0
1227 203 1279 380 0.000231 0
239 254 256 297 0.000231 0
1040 419 1057 460 0.000230 0
1262 485 1279 526 0.000230 0
0 432 51 632 0.000230 0
801 413 816 426 0.000230 0
652 156 667 192 0.000229 0
950 418 973 449 0.000229 0
849 220 877 281 0.000229 0
1024 429 1031 440 0.000228 0
1199 410 1208 432 0.000228 0
1209 372 1224 397 0.000227 0
959 339 978 359 0.000227 0
908 333 987 390 0.000226 0
953 685 969 701 0.000226 0
1170 379 1202 423 0.000226 0
808 414 846 457 0.000225 0
62 65 164 206 0.000225 0
704 317 722 367 0.000225 0
896 286 929 349 0.000224 0
0 140 26 279 0.000224 0
1040 390 1078 428 0.000224 0
248 215 255 229 0.000224 0
349 64 496 95 0.000223 0
911 446 930 462 0.000223 0
0 142 8 203 0.000223 0
186 449 227 536 0.000221 0
704 318 720 376 0.000221 0
1059 427 1072 442 0.000220 0
1248 345 1263 359 0.000220 0
751 421 883 477 0.000220 0
855 684 889 703 0.000220 0
1037 399 1051 421 0.000219 0
533 181 582 255 0.000218 0
383 557 393 624 0.000218 0
1077 458 1097 484 0.000217 0
820 642 854 703 0.000217 0
1072 390 1091 411 0.000217 0
1012 64 1155 147 0.000216 0
186 445 242 536 0.000216 0
1183 442 1190 458 0.000216 0
815 454 832 469 0.000215 0
0 223 16 392 0.000215 0
0 64 55 185 0.000214 0
654 199 662 217 0.000214 0
522 624 545 668 0.000213 0
1055 374 1067 390 0.000213 0
64 65 197 209 0.000213 0
1058 391 1074 407 0.000213 0
50 64 129 199 0.000212 0
133 516 181 574 0.000212 0
176 452 216 503 0.000212 0
889 317 907 344 0.000211 0
111 224 118 238 0.000210 0
842 631 873 690 0.000210 0
776 254 851 348 0.000210 0
985 674 1156 704 0.000210 0
1251 482 1279 661 0.000209 0
902 535 912 594 0.000209 0
641 679 680 703 0.000209 0
878 399 944 482 0.000209 0
1063 64 1132 131 0.000209 0
172 448 229 539 0.000208 0
818 412 844 437 0.000208 0
1188 389 1208 424 0.000208 0
824 407 833 417 0.000207 0
878 298 923 348 0.000207 0
652 171 664 201 0.000207 0
962 341 996 381 0.000207 0
0 67 29 404 0.000206 0
0 298 16 395 0.000206 0
951 425 970 454 0.000206 0
1249 428 1264 457 0.000205 0
154 66 263 222 0.000205 0
1038 415 1052 444 0.000205 0
956 186 977 227 0.000205 0
899 328 953 358 0.000205 0
1102 499 1117 509 0.000204 0
778 326 825 382 0.000204 0
766 259 844 346 0.000204 0
53 64 127 166 0.000204 0
1052 211 1092 297 0.000204 0
831 599 846 616 0.000204 0
1044 411 1056 424 0.000204 0
0 366 17 411 0.000203 0
846 215 877 273 0.000203 0
644 655 671 703 0.000203 0
1066 423 1084 443 0.000203 0
1027 359 1039 377 0.000202 0
290 64 497 201 0.000202 0
662 207 680 231 0.000201 0
1036 391 1114 470 0.000201 0
1119 378 1130 407 0.000200 0
290 64 448 197 0.000200 0
798 683 813 700 0.000200 0
1134 429 1145 454 0.000200 0
789 415 941 484 0.000200 0
0 397 51 636 0.000199 0
829 418 845 438 0.000198 0
113 66 216 211 0.000198 0
811 674 1007 703 0.000198 0
346 64 446 166 0.000198 0
155 67 261 219 0.000197 0
1221 409 1231 432 0.000197 0
0 182 6 204 0.000196 0
1007 503 1024 521 0.000196 0
58 64 207 165 0.000196 0
638 634 681 703 0.000196 0
0 275 25 612 0.000196 0
271 227 291 296 0.000196 0
1004 680 1040 703 0.000196 0
95 151 108 176 0.000196 0
1086 418 1101 450 0.000195 0
809 453 832 469 0.000195 0
955 64 1245 274 0.000195 0
1251 482 1279 655 0.000195 0
256 64 364 191 0.000194 0
1075 177 1097 202 0.000194 0
317 64 420 188 0.000193 0
787 328 835 364 0.000193 0
628 682 673 703 0.000193 0
59 64 213 195 0.000193 0
928 407 944 427 0.000192 0
59 64 146 164 0.000192 0
41 64 135 207 0.000191 0
1028 386 1053 427 0.000191 0
680 165 693 204 0.000190 0
424 64 495 210 0.000190 0
1022 362 1040 393 0.000190 0
1058 64 1170 199 0.000190 0
1184 453 1195 472 0.000189 0
1061 399 1073 424 0.000189 0
957 457 969 469 0.000189 0
157 204 170 229 0.000189 0
831 390 837 400 0.000189 0
1071 396 1086 410 0.000189 0
332 64 497 199 0.000188 0
1081 423 1104 459 0.000188 0
686 424 698 441 0.000188 0
1223 443 1232 457 0.000188 0
887 405 914 437 0.000188 0
184 442 245 534 0.000188 0
1035 372 1057 411 0.000188 0
136 517 178 554 0.000187 0
1072 340 1083 355 0.000187 0
31 214 40 228 0.000187 0
642 657 715 703 0.000187 0
58 64 205 158 0.000187 0
787 327 846 365 0.000187 0
240 233 257 296 0.000187 0
255 64 336 188 0.000186 0
129 517 186 576 0.000186 0
975 456 983 463 0.000186 0
1187 441 1200 458 0.000186 0
704 416 720 457 0.000186 0
349 64 496 105 0.000185 0
879 405 896 440 0.000185 0
1006 432 1017 450 0.000185 0
798 677 827 703 0.000185 0
898 406 912 423 0.000184 0
269 454 292 506 0.000184 0
883 329 897 345 0.000184 0
936 191 950 219 0.000184 0
788 187 912 279 0.000184 0
0 159 7 203 0.000183 0
796 313 847 344 0.000183 0
1250 475 1279 673 0.000183 0
67 64 170 78 0.000183 0
1141 377 1155 401 0.000183 0
1048 398 1098 441 0.000183 0
1138 439 1152 462 0.000182 0
669 303 690 375 0.000182 0
880 319 888 337 0.000182 0
833 674 863 703 0.000182 0
949 685 968 699 0.000182 0
289 214 323 327 0.000182 0
0 325 16 394 0.000182 0
0 301 17 392 0.000182 0
127 470 194 511 0.000181 0
1112 448 1152 481 0.000181 0
883 324 897 343 0.000181 0
187 453 207 480 0.000180 0
957 64 1277 293 0.000180 0
1119 64 1147 75 0.000180 0
105 64 213 199 0.000180 0
1123 430 1137 467 0.000180 0
255 64 338 197 0.000179 0
129 64 485 201 0.000179 0
559 587 570 624 0.000177 0
1077 337 1094 360 0.000177 0
894 332 999 390 0.000177 0
956 64 1171 274 0.000177 0
123 64 494 198 0.000176 0
627 424 639 439 0.000176 0
594 671 672 703 0.000176 0
646 551 657 592 0.000176 0
861 404 941 483 0.000175 0
0 317 39 645 0.000175 0
1188 457 1200 475 0.000175 0
1039 424 1048 452 0.000174 0
1071 381 1079 393 0.000174 0
1098 398 1104 408 0.000174 0
875 685 888 703 0.000174 0
0 290 30 624 0.000174 0
1029 418 1040 440 0.000174 0
1089 678 1121 703 0.000173 0
1039 646 1057 702 0.000173 0
823 544 833 568 0.000173 0
1252 440 1264 462 0.000173 0
993 370 1044 415 0.000173 0
107 360 120 368 0.000173 0
559 586 569 622 0.000173 0
0 285 28 586 0.000172 0
787 280 850 346 0.000173 0
155 82 214 216 0.000172 0
816 346 824 362 0.000172 0
1102 391 1126 409 0.000172 0
386 185 400 206 0.000172 0
795 644 830 703 0.000171 0
843 631 870 685 0.000171 0
769 174 777 189 0.000171 0
275 219 289 264 0.000171 0
527 627 541 656 0.000169 0
759 330 820 364 0.000169 0
631 470 640 487 0.000169 0
861 219 888 277 0.000169 0
1155 455 1168 476 0.000169 0
1023 422 1033 440 0.000169 0
0 520 34 563 0.000168 0
894 549 910 600 0.000168 0
1160 199 1181 215 0.000168 0
0 68 74 223 0.000167 0
1081 311 1142 385 0.000167 0
637 150 659 178 0.000167 0
255 65 327 175 0.000167 0
703 315 724 363 0.000167 0
1071 64 1079 70 0.000166 0
797 317 849 344 0.000166 0
652 171 666 215 0.000166 0
852 296 864 336 0.000166 0
383 553 392 600 0.000165 0
193 186 202 204 0.000165 0
631 629 673 703 0.000165 0
1034 384 1116 463 0.000165 0
253 447 294 505 0.000165 0
591 407 609 434 0.000164 0
255 64 324 161 0.000164 0
959 471 975 487 0.000164 0
58 64 193 159 0.000164 0
966 387 1006 428 0.000163 0
964 64 1277 281 0.000163 0
963 673 1016 703 0.000163 0
959 64 1072 235 0.000163 0
244 266 257 314 0.000162 0
565 397 591 437 0.000162 0
103 358 120 368 0.000162 0
144 65 516 252 0.000162 0
7 554 48 627 0.000162 0
1264 496 1279 556 0.000161 0
68 65 213 212 0.000160 0
240 261 257 297 0.000160 0
931 343 943 357 0.000160 0
956 64 1229 278 0.000160 0
272 226 290 288 0.000160 0
1199 64 1280 272 0.000160 0
246 215 259 237 0.000160 0
981 435 1098 486 0.000159 0
528 190 594 271 0.000159 0
0 142 28 330 0.000159 0
486 191 534 251 0.000159 0
903 341 995 391 0.000159 0
648 442 704 470 0.000158 0
1262 250 1279 296 0.000158 0
315 64 467 171 0.000158 0
911 438 935 455 0.000158 0
981 64 1089 215 0.000157 0
231 213 256 240 0.000157 0
213 202 233 246 0.000157 0
142 451 224 515 0.000157 0
1039 422 1057 461 0.000157 0
949 696 973 703 0.000157 0
734 191 756 228 0.000156 0
140 449 226 540 0.000156 0
1208 359 1264 427 0.000156 0
589 677 672 703 0.000155 0
1263 64 1279 167 0.000155 0
815 410 837 437 0.000155 0
239 441 293 518 0.000155 0
185 436 250 507 0.000155 0
1152 473 1169 488 0.000155 0
719 319 744 343 0.000154 0
592 151 610 183 0.000154 0
13 64 326 226 0.000154 0
1055 434 1088 462 0.000154 0
0 141 10 204 0.000154 0
1055 375 1067 391 0.000154 0
976 328 989 343 0.000154 0
654 152 671 177 0.000153 0
919 183 947 215 0.000153 0
255 64 352 197 0.000153 0
1245 411 1254 428 0.000153 0
722 407 803 441 0.000152 0
704 322 721 374 0.000152 0
647 673 683 703 0.000152 0
569 585 585 623 0.000152 0
978 327 991 343 0.000151 0
1066 430 1105 471 0.000151 0
774 313 813 344 0.000151 0
1063 64 1128 130 0.000150 0
1064 559 1071 572 0.000150 0
117 64 256 171 0.000150 0
812 439 837 452 0.000150 0
1253 482 1279 653 0.000150 0
821 676 1006 703 0.000149 0
705 437 792 474 0.000149 0
647 660 671 703 0.000148 0
162 64 327 96 0.000148 0
891 403 945 456 0.000147 0
1248 423 1261 446 0.000147 0
256 64 326 151 0.000147 0
1029 404 1046 438 0.000147 0
837 656 865 703 0.000147 0
984 657 1017 704 0.000147 0
1045 398 1239 477 0.000146 0
1263 70 1279 121 0.000146 0
812 674 1038 704 0.000146 0
0 91 53 222 0.000146 0
828 629 851 704 0.000145 0
1138 391 1155 408 0.000145 0
445 159 493 300 0.000145 0
1050 455 1072 469 0.000145 0
716 406 800 448 0.000145 0
110 225 122 253 0.000145 0
48 64 136 164 0.000144 0
254 452 289 479 0.000144 0
286 214 322 320 0.000144 0
1119 416 1136 478 0.000144 0
593 406 608 427 0.000144 0
311 64 618 379 0.000144 0
800 419 819 437 0.000143 0
1206 502 1216 534 0.000143 0
1230 219 1279 393 0.000143 0
1222 371 1264 428 0.000143 0
751 463 763 489 0.000142 0
319 64 369 107 0.000142 0
488 471 496 481 0.000142 0
1061 387 1121 463 0.000142 0
968 675 998 703 0.000142 0
707 318 721 344 0.000142 0
72 64 163 76 0.000142 0
398 184 407 204 0.000141 0
6 64 283 219 0.000141 0
428 64 497 132 0.000141 0
99 66 508 253 0.000140 0
738 412 806 450 0.000140 0
234 199 253 233 0.000140 0
870 423 880 436 0.000140 0
879 406 891 436 0.000140 0
449 164 483 303 0.000140 0
999 328 1011 345 0.000139 0
10 594 33 616 0.000139 0
849 276 865 337 0.000139 0
1142 327 1202 359 0.000139 0
1032 425 1040 440 0.000138 0
665 206 677 221 0.000137 0
895 618 904 634 0.000137 0
384 583 392 626 0.000137 0
1096 451 1117 471 0.000136 0
376 184 397 203 0.000136 0
1076 328 1111 360 0.000136 0
1031 486 1040 519 0.000136 0
1050 437 1096 471 0.000136 0
427 64 497 135 0.000135 0
307 64 500 120 0.000135 0
262 451 291 481 0.000135 0
1260 362 1279 505 0.000135 0
798 661 833 703 0.000134 0
704 324 720 376 0.000134 0
268 226 291 295 0.000134 0
796 439 882 473 0.000134 0
975 343 996 358 0.000134 0
7 65 79 212 0.000134 0
272 235 292 296 0.000134 0
1055 373 1071 391 0.000133 0
818 416 846 444 0.000133 0
1099 454 1114 472 0.000133 0
4 244 84 379 0.000133 0
942 326 963 351 0.000133 0
1070 337 1106 399 0.000132 0
1183 519 1195 544 0.000132 0
900 338 969 417 0.000132 0
1154 410 1169 424 0.000132 0
1082 349 1098 360 0.000132 0
526 560 545 617 0.000132 0
113 445 261 588 0.000131 0
432 191 443 203 0.000131 0
832 419 849 450 0.000131 0
121 462 181 569 0.000131 0
802 282 850 345 0.000130 0
1067 346 1108 408 0.000130 0
164 64 256 173 0.000130 0
130 516 190 579 0.000130 0
163 492 253 579 0.000129 0
1120 343 1134 361 0.000129 0
127 464 195 556 0.000129 0
239 440 293 512 0.000128 0
1039 433 1049 458 0.000128 0
829 417 849 441 0.000128 0
640 151 660 176 0.000128 0
799 408 812 423 0.000127 0
911 395 923 412 0.000127 0
1150 376 1195 408 0.000127 0
1183 505 1196 517 0.000127 0
862 292 883 342 0.000126 0
877 404 949 485 0.000126 0
874 559 880 569 0.000126 0
1121 64 1154 81 0.000126 0
853 319 863 337 0.000126 0
734 411 796 442 0.000126 0
1015 679 1040 703 0.000126 0
1008 344 1023 361 0.000126 0
593 123 605 158 0.000126 0
798 309 836 343 0.000126 0
911 403 922 423 0.000126 0
32 64 134 208 0.000126 0
103 68 214 215 0.000125 0
773 261 845 345 0.000125 0
960 371 1091 449 0.000125 0
42 64 127 200 0.000125 0
985 389 1112 473 0.000125 0
154 187 176 233 0.000125 0
255 65 339 202 0.000125 0
655 303 690 377 0.000124 0
1016 64 1279 273 0.000125 0
243 416 290 472 0.000124 0
1186 64 1280 271 0.000124 0
144 435 220 503 0.000124 0
1102 396 1123 409 0.000124 0
639 552 648 587 0.000124 0
798 537 808 562 0.000124 0
1135 456 1166 474 0.000124 0
1207 498 1235 517 0.000124 0
1129 64 1280 270 0.000124 0
0 361 31 402 0.000123 0
40 64 126 187 0.000123 0
911 364 926 403 0.000123 0
1151 340 1187 396 0.000123 0
1254 175 1279 214 0.000123 0
1033 434 1059 469 0.000123 0
1229 344 1278 417 0.000123 0
174 491 216 546 0.000122 0
1147 371 1196 424 0.000122 0
998 680 1040 703 0.000122 0
1262 357 1279 497 0.000121 0
1119 332 1151 389 0.000121 0
738 179 759 217 0.000121 0
959 332 977 346 0.000121 0
577 406 591 430 0.000121 0
185 464 244 537 0.000121 0
657 308 687 376 0.000120 0
492 176 578 251 0.000120 0
1263 506 1279 554 0.000120 0
1123 411 1135 424 0.000120 0
649 301 690 377 0.000120 0
1225 65 1280 271 0.000120 0
879 392 896 408 0.000120 0
1162 374 1183 392 0.000120 0
1052 409 1069 450 0.000120 0
736 468 745 479 0.000120 0
964 64 1279 297 0.000120 0
1048 392 1106 455 0.000120 0
251 64 373 171 0.000120 0
102 380 291 535 0.000120 0
320 375 336 391 0.000120 0
1146 301 1168 344 0.000120 0
875 377 985 469 0.000119 0
1077 313 1124 363 0.000119 0
885 317 894 332 0.000119 0
1050 64 1280 272 0.000119 0
813 663 833 703 0.000119 0
1248 426 1264 444 0.000119 0
1026 64 1279 293 0.000119 0
771 180 785 208 0.000119 0
520 171 629 386 0.000119 0
1 64 141 197 0.000119 0
1075 327 1122 360 0.000118 0
909 332 1020 392 0.000118 0
895 392 904 406 0.000118 0
635 420 704 468 0.000118 0
912 424 937 454 0.000118 0
1077 680 1123 703 0.000117 0
0 64 78 204 0.000117 0
766 246 846 342 0.000117 0
615 145 634 173 0.000117 0
1104 284 1137 335 0.000117 0
245 262 257 323 0.000117 0
198 249 210 264 0.000117 0
73 64 208 181 0.000117 0
959 64 1064 236 0.000117 0
266 231 290 277 0.000116 0
14 64 129 178 0.000116 0
182 449 226 537 0.000116 0
1051 181 1063 196 0.000116 0
862 295 884 343 0.000116 0
1140 374 1189 416 0.000116 0
678 526 689 581 0.000116 0
1110 382 1120 398 0.000116 0
1019 681 1040 703 0.000116 0
1248 364 1265 428 0.000115 0
782 184 812 231 0.000115 0
1061 404 1073 426 0.000115 0
836 632 882 703 0.000115 0
0 356 33 397 0.000115 0
653 498 688 547 0.000115 0
8 64 79 205 0.000115 0
0 301 17 383 0.000115 0
703 405 791 458 0.000114 0
256 64 485 209 0.000114 0
241 418 291 476 0.000114 0
1153 540 1168 584 0.000114 0
1232 65 1279 224 0.000114 0
1034 188 1077 222 0.000114 0
11 65 144 211 0.000114 0
189 451 230 536 0.000113 0
950 435 970 463 0.000113 0
443 157 493 298 0.000113 0
1261 340 1279 493 0.000113 0
848 268 865 337 0.000113 0
31 64 144 209 0.000113 0
273 200 294 265 0.000113 0
838 637 849 683 0.000113 0
183 197 191 206 0.000112 0
132 517 188 579 0.000112 0
641 687 682 703 0.000112 0
67 66 219 214 0.000112 0
1182 502 1224 517 0.000112 0
264 193 272 209 0.000112 0
391 423 399 438 0.000112 0
990 431 1003 442 0.000112 0
462 421 497 456 0.000112 0
667 299 689 372 0.000112 0
805 541 816 568 0.000112 0
263 454 291 512 0.000111 0
1140 375 1193 409 0.000111 0
32 257 49 293 0.000111 0
100 184 107 203 0.000111 0
897 440 912 456 0.000111 0
559 585 585 627 0.000111 0
0 64 201 258 0.000111 0
1039 165 1088 229 0.000111 0
834 648 854 701 0.000111 0
391 422 400 441 0.000110 0
1264 463 1279 482 0.000110 0
620 675 673 703 0.000110 0
642 678 718 704 0.000110 0
181 392 302 534 0.000110 0
0 301 32 327 0.000110 0
1160 453 1185 473 0.000110 0
111 453 229 587 0.000110 0
956 64 1158 200 0.000109 0
415 252 420 270 0.000109 0
1055 423 1069 457 0.000109 0
265 228 289 265 0.000109 0
119 454 216 542 0.000109 0
1264 76 1279 166 0.000109 0
1222 167 1260 230 0.000109 0
177 430 254 516 0.000109 0
609 144 632 170 0.000109 0
803 193 860 276 0.000109 0
751 67 785 149 0.000109 0
592 139 636 173 0.000109 0
942 677 959 701 0.000109 0
774 413 868 469 0.000109 0
1147 342 1210 387 0.000109 0
0 303 15 389 0.000109 0
1269 416 1279 442 0.000109 0
271 456 293 509 0.000108 0
169 490 256 576 0.000108 0
57 64 216 164 0.000108 0
1264 509 1279 554 0.000108 0
1263 364 1279 442 0.000108 0
638 552 657 600 0.000108 0
428 64 497 160 0.000108 0
1238 410 1250 428 0.000108 0
789 649 819 702 0.000107 0
169 492 253 578 0.000107 0
202 494 225 537 0.000107 0
319 235 337 363 0.000107 0
583 591 592 626 0.000107 0
1264 407 1276 423 0.000107 0
661 474 674 488 0.000107 0
918 408 927 423 0.000107 0
349 64 467 93 0.000106 0
629 361 640 381 0.000106 0
790 297 848 344 0.000106 0
56 328 85 357 0.000106 0
312 76 415 199 0.000106 0
153 191 182 228 0.000106 0
1190 440 1199 456 0.000106 0
264 231 293 296 0.000106 0
355 64 448 97 0.000106 0
632 201 658 222 0.000105 0
246 65 509 365 0.000105 0
1134 339 1188 406 0.000105 0
977 331 992 343 0.000105 0
103 64 206 164 0.000104 0
1231 422 1239 434 0.000104 0
1050 76 1102 146 0.000104 0
1199 456 1211 472 0.000104 0
183 390 315 529 0.000104 0
267 197 279 215 0.000104 0
1151 343 1198 395 0.000104 0
1158 331 1202 359 0.000104 0
1168 444 1184 459 0.000103 0
855 351 865 363 0.000103 0
111 377 296 536 0.000103 0
703 325 718 360 0.000103 0
640 188 777 305 0.000103 0
1269 409 1279 440 0.000103 0
1051 75 1156 204 0.000103 0
206 502 225 537 0.000103 0
898 317 914 345 0.000103 0
982 428 1108 491 0.000102 0
134 516 178 538 0.000102 0
737 191 756 220 0.000102 0
144 64 512 293 0.000102 0
1133 380 1157 408 0.000102 0
1122 378 1135 391 0.000102 0
432 171 446 198 0.000102 0
172 483 224 545 0.000102 0
262 448 292 477 0.000102 0
194 440 289 532 0.000102 0
1045 396 1067 428 0.000102 0
959 64 1078 210 0.000101 0
1068 345 1123 395 0.000101 0
764 251 850 344 0.000101 0
344 64 497 127 0.000101 0
13 64 181 97 0.000101 0
1065 64 1131 138 0.000101 0
175 515 209 546 0.000100 0
161 64 256 156 0.000100 0
384 675 680 704 0.000100 0
1119 378 1137 410 0.000100 0
184 434 255 512 0.000100 0
939 224 1002 273 0.672235 1
734 235 762 299 0.490492 1
939 218 1002 273 0.451112 1
733 234 765 300 0.444291 1
1168 223 1201 261 0.443917 1
733 232 764 299 0.362870 1
735 234 759 299 0.346802 1
733 232 768 301 0.323984 1
734 235 757 299 0.319029 1
733 234 758 298 0.293411 1
1168 221 1199 261 0.286293 1
1167 220 1201 262 0.277169 1
1061 217 1092 261 0.272224 1
735 235 758 299 0.270789 1
938 229 992 273 0.269764 1
734 234 766 300 0.255295 1
1168 219 1202 262 0.250314 1
735 240 756 299 0.237357 1
1059 216 1092 261 0.228284 1
735 233 765 299 0.221591 1
1168 224 1201 261 0.202735 1
1059 215 1092 261 0.200974 1
767 205 813 257 0.176939 1
1167 221 1190 261 0.173080 1
766 210 814 260 0.167415 1
1167 222 1202 262 0.166791 1
766 211 813 261 0.164709 1
1066 215 1092 260 0.151983 1
1067 217 1092 261 0.138256 1
767 214 815 261 0.131181 1
766 217 816 259 0.128311 1
938 230 990 273 0.125663 1
1168 225 1202 262 0.123493 1
767 208 814 260 0.120457 1
735 241 757 299 0.119598 1
1168 227 1198 261 0.116235 1
732 231 762 298 0.112345 1
766 210 814 258 0.104920 1
1058 218 1092 261 0.103466 1
938 231 1001 273 0.099476 1
938 232 998 273 0.099404 1
1167 225 1187 261 0.092941 1
1168 226 1188 261 0.091754 1
1062 225 1091 262 0.085581 1
732 233 766 300 0.078350 1
735 234 763 300 0.078349 1
766 216 815 258 0.075029 1
1167 224 1202 263 0.074953 1
1166 224 1186 260 0.070587 1
1057 217 1091 261 0.068534 1
796 227 816 260 0.067683 1
796 225 814 256 0.067290 1
1058 216 1092 261 0.066864 1
1167 230 1186 261 0.066566 1
735 245 754 299 0.065928 1
767 212 818 270 0.065211 1
766 210 816 270 0.057906 1
796 227 816 258 0.055941 1
938 233 994 273 0.052345 1
1070 230 1091 262 0.049655 1
1059 219 1090 261 0.046858 1
938 232 989 273 0.046147 1
797 227 813 256 0.045799 1
768 206 798 247 0.045080 1
767 212 798 246 0.042169 1
766 211 817 273 0.040640 1
1058 215 1090 259 0.040540 1
1168 218 1202 262 0.035647 1
1071 216 1095 260 0.031983 1
768 201 798 247 0.028630 1
1057 215 1088 256 0.026681 1
766 214 802 255 0.025978 1
1067 214 1092 258 0.024488 1
733 231 760 291 0.021604 1
780 225 819 269 0.020921 1
765 215 815 274 0.019511 1
770 227 826 274 0.018288 1
938 230 1003 272 0.018195 1
1070 217 1096 262 0.017004 1
1168 203 1201 261 0.015794 1
938 233 975 272 0.015518 1
786 198 814 254 0.015457 1
690 211 703 239 0.014782 1
765 223 797 261 0.014628 1
732 233 769 301 0.014283 1
766 220 818 271 0.014070 1
1060 236 1083 262 0.013814 1
1168 226 1226 264 0.013744 1
793 226 820 270 0.013633 1
1058 214 1103 262 0.013544 1
1028 235 1088 261 0.012913 1
1024 219 1089 261 0.012679 1
940 227 980 265 0.012636 1
1074 215 1095 252 0.011540 1
735 233 769 301 0.010898 1
733 230 767 293 0.010512 1
939 231 979 266 0.010104 1
938 215 1003 273 0.010047 1
1025 236 1085 262 0.009575 1
1081 217 1120 250 0.009176 1
969 229 1001 259 0.008277 1
1023 221 1092 261 0.008039 1
914 204 948 253 0.007945 1
1082 216 1096 245 0.007431 1
1082 215 1120 250 0.007038 1
968 229 1001 260 0.006409 1
1024 220 1094 261 0.006257 1
1002 232 1025 255 0.005960 1
1062 213 1106 257 0.005723 1
800 228 824 271 0.005689 1
918 206 947 249 0.005555 1
729 235 754 298 0.005497 1
1055 219 1075 256 0.005477 1
1144 310 1169 344 0.005418 1
1082 215 1096 237 0.005386 1
767 232 785 242 0.005372 1
940 230 980 265 0.005272 1
691 206 727 237 0.005264 1
914 204 947 252 0.005215 1
1045 278 1062 295 0.005205 1
768 227 819 280 0.005009 1
1055 219 1068 242 0.004727 1
963 213 979 246 0.004709 1
940 232 975 266 0.004641 1
966 217 981 261 0.004615 1
1082 219 1119 258 0.004602 1
966 217 982 261 0.004583 1
1168 224 1228 266 0.004548 1
765 225 796 273 0.004285 1
967 207 990 259 0.004216 1
766 230 790 255 0.004202 1
915 220 946 252 0.004079 1
939 235 976 272 0.004069 1
722 231 768 335 0.004057 1
1143 312 1170 345 0.003995 1
915 201 952 254 0.003883 1
1168 216 1227 265 0.003868 1
1044 278 1064 295 0.003817 1
966 217 983 261 0.003782 1
735 234 760 300 0.003754 1
732 233 768 294 0.003686 1
1044 278 1061 295 0.003584 1
765 231 790 261 0.003579 1
1171 189 1201 236 0.003560 1
1161 229 1183 247 0.003511 1
809 228 833 279 0.003497 1
914 203 945 248 0.003348 1
972 233 1001 257 0.003322 1
1144 311 1170 346 0.003236 1
730 239 755 299 0.003236 1
729 232 756 295 0.003186 1
19 231 73 257 0.003173 1
766 227 817 280 0.003138 1
865 247 891 284 0.003024 1
969 205 993 235 0.002940 1
864 261 892 284 0.002935 1
967 219 983 262 0.002906 1
948 225 975 261 0.002898 1
688 208 729 238 0.002862 1
20 230 73 257 0.002743 1
949 274 961 302 0.002731 1
807 227 831 271 0.002634 1
1161 232 1178 247 0.002592 1
770 236 830 283 0.002580 1
915 226 946 252 0.002550 1
1162 229 1185 261 0.002539 1
1077 218 1122 248 0.002509 1
38 227 97 257 0.002481 1
889 264 926 295 0.002471 1
865 250 891 285 0.002423 1
913 201 947 248 0.002422 1
765 231 790 274 0.002416 1
49 228 99 256 0.002403 1
969 232 1001 257 0.002396 1
889 263 928 297 0.002381 1
932 274 961 302 0.002283 1
972 233 1002 266 0.002277 1
865 247 915 288 0.002158 1
887 263 927 292 0.002155 1
964 206 976 218 0.002155 1
920 205 946 245 0.002096 1
750 235 770 302 0.002066 1
950 274 960 298 0.002044 1
918 200 949 251 0.002038 1
47 224 96 256 0.001980 1
761 234 790 281 0.001978 1
1056 218 1122 252 0.001976 1
816 264 832 283 0.001974 1
924 239 940 253 0.001974 1
851 234 891 284 0.001966 1
866 263 892 286 0.001917 1
78 234 99 256 0.001916 1
864 253 927 292 0.001849 1
18 224 72 257 0.001835 1
47 236 73 256 0.001804 1
1055 217 1073 240 0.001799 1
19 227 73 256 0.001794 1
52 224 97 256 0.001783 1
1182 177 1202 218 0.001769 1
1024 319 1057 336 0.001752 1
968 232 1002 269 0.001741 1
778 237 835 282 0.001735 1
54 224 97 256 0.001727 1
0 231 43 257 0.001715 1
1168 221 1227 267 0.001699 1
928 274 961 303 0.001689 1
19 226 74 257 0.001684 1
1024 319 1057 337 0.001672 1
56 222 95 245 0.001664 1
886 256 929 297 0.001651 1
1144 310 1175 345 0.001620 1
733 230 760 279 0.001610 1
868 252 928 294 0.001579 1
864 235 918 288 0.001570 1
850 221 889 283 0.001558 1
24 234 73 257 0.001557 1
864 262 895 290 0.001552 1
816 227 834 281 0.001544 1
892 264 923 297 0.001536 1
59 224 98 256 0.001525 1
916 235 945 253 0.001522 1
866 248 890 282 0.001521 1
62 224 99 256 0.001519 1
52 233 102 260 0.001509 1
974 206 998 260 0.001482 1
47 235 75 256 0.001482 1
876 264 911 288 0.001482 1
1083 212 1114 245 0.001468 1
47 235 73 256 0.001454 1
877 264 912 289 0.001449 1
21 232 73 256 0.001439 1
730 231 757 275 0.001435 1
1024 319 1056 335 0.001433 1
47 235 75 255 0.001415 1
910 201 945 252 0.001412 1
1102 221 1138 248 0.001384 1
867 248 889 281 0.001384 1
974 233 1002 270 0.001380 1
916 224 956 255 0.001378 1
950 274 961 295 0.001378 1
1143 322 1164 343 0.001373 1
680 198 692 215 0.001332 1
735 247 758 301 0.001331 1
43 226 74 255 0.001322 1
906 200 946 249 0.001310 1
681 198 691 216 0.001280 1
818 251 833 282 0.001280 1
948 273 961 303 0.001240 1
926 232 1135 335 0.001239 1
895 264 928 297 0.001234 1
66 224 96 237 0.001203 1
20 216 62 258 0.001191 1
1042 235 1073 296 0.001180 1
862 265 889 283 0.001179 1
954 232 1002 270 0.001171 1
680 215 696 233 0.001145 1
890 204 950 254 0.001112 1
863 227 921 287 0.001105 1
887 264 911 288 0.001096 1
907 267 928 296 0.001090 1
61 224 95 237 0.001087 1
1024 318 1056 336 0.001042 1
864 223 891 281 0.001036 1
887 264 913 293 0.001035 1
761 207 826 285 0.001028 1
767 210 791 243 0.001024 1
767 239 788 277 0.001014 1
1138 306 1204 369 0.001008 1
981 206 995 231 0.001006 1
938 238 957 266 0.001000 1
867 217 1010 305 0.000991 1
729 210 828 305 0.000982 1
18 215 44 258 0.000980 1
876 268 894 287 0.000963 1
862 237 943 292 0.000954 1
813 215 834 275 0.000944 1
1027 279 1060 334 0.000942 1
1084 231 1102 269 0.000935 1
806 213 826 269 0.000932 1
1143 312 1187 359 0.000927 1
1026 320 1056 335 0.000927 1
735 247 756 302 0.000923 1
894 264 920 310 0.000905 1
692 211 729 237 0.000903 1
871 206 1005 282 0.000898 1
1180 180 1223 224 0.000883 1
51 222 77 255 0.000870 1
939 273 961 296 0.000865 1
71 224 100 256 0.000864 1
1034 321 1056 335 0.000861 1
890 264 911 287 0.000858 1
22 220 66 256 0.000850 1
1037 221 1060 241 0.000841 1
1024 299 1060 335 0.000825 1
730 230 756 274 0.000818 1
929 273 961 304 0.000808 1
948 275 961 302 0.000807 1
1046 277 1072 295 0.000805 1
1039 277 1062 296 0.000776 1
950 207 1140 298 0.000771 1
938 237 960 272 0.000763 1
983 273 1063 334 0.000763 1
932 272 1123 335 0.000762 1
22 215 43 257 0.000753 1
1011 274 1062 336 0.000750 1
701 231 768 339 0.000741 1
929 276 957 296 0.000737 1
1039 278 1061 319 0.000733 1
864 238 934 290 0.000731 1
866 237 950 294 0.000730 1
937 235 999 303 0.000728 1
865 200 1004 294 0.000728 1
1143 323 1166 344 0.000727 1
1193 215 1207 231 0.000711 1
738 215 770 287 0.000705 1
894 265 913 310 0.000702 1
680 210 697 233 0.000700 1
930 205 1141 306 0.000692 1
1085 222 1103 270 0.000692 1
762 204 847 286 0.000689 1
104 236 159 264 0.000684 1
865 210 995 293 0.000679 1
926 275 962 302 0.000666 1
1180 187 1225 233 0.000651 1
1021 276 1062 336 0.000649 1
909 268 954 298 0.000647 1
1138 304 1275 390 0.000646 1
816 266 831 285 0.000642 1
1047 250 1072 295 0.000631 1
911 268 928 296 0.000608 1
679 215 704 238 0.000579 1
867 236 1007 300 0.000576 1
1202 253 1232 276 0.000574 1
1059 212 1108 272 0.000563 1
906 270 953 303 0.000561 1
1165 225 1228 276 0.000554 1
874 264 915 304 0.000551 1
877 231 954 262 0.000547 1
907 205 1004 263 0.000543 1
868 233 887 279 0.000526 1
843 262 900 296 0.000518 1
803 231 860 283 0.000515 1
1029 226 1077 296 0.000511 1
729 229 754 271 0.000502 1
729 241 752 299 0.000496 1
908 267 928 297 0.000482 1
656 213 712 235 0.000477 1
927 269 1139 331 0.000474 1
856 249 918 290 0.000468 1
817 263 833 286 0.000461 1
1144 316 1181 360 0.000460 1
1027 215 1094 270 0.000459 1
1043 252 1068 296 0.000448 1
112 216 173 255 0.000447 1
77 224 96 236 0.000447 1
885 228 951 298 0.000441 1
925 274 963 309 0.000439 1
1182 169 1222 218 0.000439 1
901 243 963 298 0.000433 1
805 227 860 286 0.000419 1
917 257 1145 336 0.000418 1
847 255 889 286 0.000418 1
1083 305 1182 355 0.000416 1
968 273 1064 317 0.000416 1
815 243 857 284 0.000404 1
1021 220 1096 269 0.000401 1
1040 276 1065 330 0.000396 1
1106 221 1203 261 0.000392 1
214 247 242 267 0.000388 1
1027 207 1138 297 0.000388 1
1142 316 1178 360 0.000384 1
775 194 841 286 0.000383 1
507 237 529 250 0.000379 1
847 233 889 284 0.000374 1
1204 255 1225 268 0.000367 1
885 266 1000 308 0.000361 1
114 217 159 254 0.000361 1
731 226 820 310 0.000360 1
1208 253 1225 267 0.000355 1
516 231 530 247 0.000353 1
1059 215 1093 267 0.000353 1
1196 254 1232 286 0.000351 1
869 237 950 275 0.000349 1
1197 252 1233 287 0.000348 1
866 197 997 273 0.000346 1
871 230 959 295 0.000345 1
125 235 196 263 0.000345 1
937 222 1004 298 0.000343 1
988 244 1009 264 0.000338 1
866 238 930 277 0.000338 1
1167 235 1229 280 0.000333 1
735 195 1272 327 0.000330 1
1203 253 1235 278 0.000327 1
213 211 242 265 0.000327 1
722 229 766 301 0.000325 1
772 255 835 295 0.000315 1
1066 230 1094 273 0.000315 1
125 234 194 260 0.000309 1
697 231 767 317 0.000308 1
939 244 954 272 0.000306 1
1055 223 1093 282 0.000306 1
764 258 784 280 0.000298 1
55 216 95 238 0.000297 1
931 215 1086 300 0.000288 1
868 250 927 309 0.000282 1
893 265 932 312 0.000279 1
932 273 1004 308 0.000275 1
845 180 976 292 0.000274 1
753 236 769 302 0.000270 1
746 239 803 304 0.000269 1
871 241 1007 310 0.000268 1
945 274 972 305 0.000265 1
862 265 917 297 0.000262 1
657 242 767 347 0.000262 1
1180 256 1234 286 0.000259 1
1118 314 1169 344 0.000258 1
1205 255 1221 272 0.000256 1
1006 236 1066 297 0.000253 1
902 230 956 301 0.000252 1
1073 304 1194 398 0.000249 1
11 229 119 271 0.000246 1
874 200 919 245 0.000245 1
1071 304 1267 414 0.000243 1
817 264 854 282 0.000232 1
220 246 241 267 0.000232 1
1206 252 1235 268 0.000225 1
937 234 1003 291 0.000225 1
215 249 241 273 0.000224 1
1020 320 1073 345 0.000223 1
1166 221 1212 270 0.000222 1
736 242 760 302 0.000220 1
1196 255 1227 278 0.000219 1
790 220 927 288 0.000219 1
894 269 912 311 0.000215 1
194 222 242 265 0.000214 1
865 194 982 288 0.000213 1
894 267 913 311 0.000212 1
1139 309 1169 343 0.000212 1
946 274 968 303 0.000209 1
912 272 962 297 0.000209 1
524 231 537 246 0.000207 1
976 249 1063 298 0.000206 1
194 212 240 261 0.000205 1
524 232 538 249 0.000201 1
1021 319 1073 344 0.000200 1
1138 301 1276 373 0.000193 1
911 273 950 311 0.000191 1
211 246 241 268 0.000190 1
978 274 1057 325 0.000189 1
1017 279 1059 335 0.000187 1
57 216 80 237 0.000186 1
830 233 859 283 0.000172 1
1125 325 1148 344 0.000163 1
104 241 134 264 0.000162 1
642 223 769 347 0.000161 1
986 244 1008 270 0.000158 1
65 216 97 238 0.000157 1
835 219 859 281 0.000157 1
877 201 912 248 0.000151 1
508 230 529 247 0.000149 1
909 268 932 312 0.000147 1
1166 227 1215 272 0.000145 1
505 236 529 253 0.000144 1
1163 221 1234 300 0.000143 1
719 223 769 298 0.000143 1
889 238 942 253 0.000141 1
932 198 1123 271 0.000141 1
1200 252 1233 288 0.000140 1
214 248 240 274 0.000136 1
901 232 953 272 0.000136 1
771 247 822 289 0.000131 1
25 214 57 254 0.000130 1
774 204 905 284 0.000130 1
1017 233 1072 297 0.000123 1
997 271 1057 334 0.000123 1
786 193 875 279 0.000121 1
911 233 952 268 0.000118 1
889 237 911 249 0.000113 1
217 246 241 274 0.000111 1
1167 230 1202 271 0.000110 1
1059 220 1233 291 0.000109 1
770 258 810 289 0.000109 1
24 215 66 247 0.000108 1
860 247 928 312 0.000106 1
1055 287 1211 360 0.000106 1
1050 209 1187 294 0.000105 1
1021 319 1078 351 0.000104 1
814 255 860 304 0.000103 1
649 179 1066 329 0.000100 1
0 300 310 596 0.337938 2
0 520 48 632 0.152686 2
463 416 591 447 0.067736 2
462 412 590 447 0.059068 2
1004 198 1040 229 0.026604 2
689 206 728 236 0.025122 2
305 186 322 198 0.025020 2
304 185 322 198 0.024330 2
631 384 657 396 0.023183 2
690 205 728 235 0.020890 2
632 383 657 396 0.019186 2
1005 198 1038 227 0.016692 2
821 328 848 344 0.016558 2
305 186 323 198 0.015841 2
631 384 657 396 0.015313 2
822 328 848 344 0.013256 2
689 207 728 235 0.013075 2
1004 200 1027 230 0.013017 2
574 445 592 457 0.012437 2
865 177 943 232 0.012386 2
690 198 730 231 0.012306 2
1103 487 1117 496 0.012288 2
691 203 728 235 0.012136 2
1002 234 1024 255 0.012123 2
551 173 580 202 0.011956 2
551 172 580 202 0.011425 2
1004 197 1045 227 0.010781 2
1104 487 1120 497 0.009821 2
431 422 463 443 0.009717 2
549 172 580 203 0.009627 2
588 184 622 209 0.009482 2
1001 237 1024 255 0.009310 2
463 419 529 448 0.008779 2
575 445 592 458 0.008628 2
587 184 621 213 0.008386 2
1112 217 1135 246 0.008274 2
319 204 331 231 0.008159 2
463 420 497 446 0.007974 2
592 448 608 459 0.007492 2
695 197 731 233 0.007432 2
1119 487 1135 497 0.007182 2
319 216 331 231 0.006939 2
1005 209 1025 230 0.006813 2
1002 237 1024 255 0.006800 2
1002 197 1052 230 0.006672 2
866 185 941 244 0.006578 2
482 192 517 216 0.006553 2
1120 488 1136 497 0.006230 2
607 447 623 462 0.005980 2
463 420 499 446 0.005921 2
587 183 621 202 0.005901 2
1113 218 1135 233 0.005875 2
633 384 656 397 0.005814 2
1000 232 1025 256 0.005690 2
484 199 516 217 0.005640 2
697 203 728 234 0.005601 2
588 189 651 215 0.005583 2
1113 217 1136 231 0.005527 2
587 183 622 205 0.005480 2
463 418 498 446 0.005458 2
1003 231 1024 253 0.005344 2
875 198 944 244 0.005252 2
489 199 512 215 0.005131 2
463 422 497 446 0.005126 2
1113 217 1136 240 0.005105 2
879 199 939 243 0.005038 2
431 422 462 443 0.004833 2
463 416 526 446 0.004806 2
574 427 592 458 0.004805 2
848 470 866 478 0.004738 2
648 456 656 461 0.004698 2
830 212 851 239 0.004645 2
869 179 944 239 0.004631 2
666 454 684 463 0.004592 2
1098 221 1119 248 0.004484 2
592 423 608 433 0.004426 2
689 197 728 235 0.004386 2
463 417 508 446 0.004220 2
484 202 515 217 0.004192 2
1101 225 1119 248 0.004185 2
1102 227 1120 248 0.004050 2
0 520 48 617 0.003987 2
968 480 986 487 0.003950 2
575 431 592 457 0.003946 2
574 429 592 458 0.003926 2
111 457 184 509 0.003877 2
871 197 942 239 0.003858 2
1002 228 1024 254 0.003857 2
481 195 518 217 0.003765 2
574 428 592 457 0.003671 2
861 178 976 255 0.003577 2
1114 216 1136 229 0.003541 2
836 469 848 478 0.003519 2
1183 503 1201 512 0.003491 2
463 413 519 447 0.003474 2
690 202 729 235 0.003445 2
356 216 368 230 0.003418 2
1015 337 1024 345 0.003398 2
579 184 621 211 0.003387 2
1113 216 1136 232 0.003358 2
479 171 518 216 0.003327 2
463 420 527 448 0.003316 2
1163 502 1177 510 0.003289 2
573 423 608 457 0.003163 2
463 419 520 447 0.003132 2
111 458 179 503 0.003130 2
1005 216 1024 231 0.003129 2
895 479 915 488 0.003035 2
879 199 908 242 0.002948 2
831 207 837 218 0.002927 2
608 447 623 462 0.002843 2
607 448 623 464 0.002788 2
463 417 501 445 0.002736 2
878 198 948 244 0.002732 2
829 208 848 238 0.002702 2
612 459 672 472 0.002693 2
493 197 517 214 0.002676 2
112 458 177 504 0.002645 2
608 201 641 215 0.002641 2
867 177 942 207 0.002615 2
602 457 673 472 0.002502 2
656 430 677 440 0.002501 2
1112 217 1136 246 0.002430 2
293 179 308 198 0.002424 2
1247 471 1264 482 0.002423 2
110 450 226 536 0.002411 2
592 198 647 216 0.002407 2
463 408 516 447 0.002333 2
111 458 184 511 0.002322 2
1000 239 1022 258 0.002304 2
0 301 121 456 0.002296 2
111 458 161 487 0.002211 2
598 464 608 470 0.002201 2
587 423 608 435 0.002199 2
631 381 655 396 0.002193 2
902 456 913 462 0.002192 2
584 423 608 455 0.002185 2
1148 501 1164 510 0.002174 2
357 216 368 231 0.002169 2
71 451 177 488 0.002158 2
665 454 674 463 0.002156 2
1006 193 1057 229 0.002145 2
1088 212 1132 248 0.002141 2
319 204 335 232 0.002121 2
992 185 1046 231 0.002105 2
0 519 43 637 0.002102 2
319 202 335 231 0.002095 2
0 520 48 594 0.002039 2
463 408 514 447 0.002020 2
305 185 336 199 0.002005 2
1102 229 1119 248 0.002005 2
464 422 542 447 0.002000 2
128 514 187 584 0.001984 2
78 450 228 533 0.001970 2
0 278 16 310 0.001969 2
112 459 178 488 0.001963 2
71 450 221 511 0.001949 2
867 177 943 226 0.001944 2
573 423 608 459 0.001937 2
1004 191 1044 226 0.001903 2
479 171 521 216 0.001896 2
663 432 678 440 0.001876 2
434 422 464 445 0.001873 2
880 199 908 243 0.001867 2
588 186 621 214 0.001853 2
982 218 1025 256 0.001846 2
801 197 869 247 0.001842 2
1263 247 1279 270 0.001836 2
1260 198 1275 212 0.001835 2
110 458 154 482 0.001831 2
592 448 609 461 0.001829 2
587 184 653 217 0.001826 2
463 413 562 443 0.001822 2
863 334 885 343 0.001797 2
112 459 173 487 0.001764 2
112 457 178 508 0.001750 2
446 422 463 444 0.001731 2
504 319 513 335 0.001727 2
633 202 652 217 0.001724 2
1007 204 1041 231 0.001722 2
871 201 910 243 0.001718 2
1263 249 1279 270 0.001718 2
0 520 41 572 0.001704 2
319 204 355 232 0.001697 2
112 457 177 488 0.001697 2
0 567 7 585 0.001694 2
862 184 978 259 0.001682 2
582 183 622 205 0.001672 2
624 459 672 472 0.001666 2
588 186 618 214 0.001643 2
655 429 678 440 0.001639 2
710 198 743 233 0.001634 2
319 200 355 232 0.001627 2
631 376 657 396 0.001601 2
432 422 464 446 0.001598 2
73 452 161 489 0.001578 2
592 439 610 460 0.001573 2
1058 208 1126 248 0.001563 2
70 450 231 520 0.001559 2
631 376 657 396 0.001552 2
880 199 948 247 0.001548 2
128 515 185 582 0.001543 2
438 421 465 444 0.001536 2
456 204 465 216 0.001536 2
632 376 656 395 0.001517 2
657 453 666 462 0.001515 2
990 201 1026 231 0.001505 2
583 184 620 213 0.001504 2
0 566 7 586 0.001493 2
539 174 579 204 0.001482 2
80 456 158 482 0.001461 2
901 195 991 259 0.001460 2
270 376 288 399 0.001450 2
874 199 909 242 0.001443 2
463 409 510 446 0.001440 2
553 177 581 202 0.001426 2
1263 349 1279 360 0.001420 2
484 167 579 204 0.001413 2
881 200 908 244 0.001403 2
480 172 519 217 0.001383 2
463 421 510 447 0.001381 2
71 451 181 489 0.001369 2
0 286 16 309 0.001366 2
1113 216 1142 246 0.001361 2
583 447 608 459 0.001358 2
1005 194 1051 221 0.001349 2
1176 381 1184 391 0.001322 2
0 274 16 296 0.001309 2
804 200 857 267 0.001307 2
111 464 148 482 0.001299 2
991 208 1022 231 0.001284 2
0 279 16 311 0.001283 2
687 195 728 237 0.001263 2
1263 203 1279 270 0.001255 2
606 201 645 216 0.001239 2
828 203 854 238 0.001238 2
73 440 242 535 0.001236 2
589 188 656 216 0.001227 2
1024 207 1049 230 0.001192 2
989 211 1025 249 0.001191 2
0 566 8 623 0.001182 2
7 318 418 590 0.001180 2
635 456 662 465 0.001177 2
865 443 879 455 0.001168 2
695 185 730 232 0.001153 2
294 176 306 197 0.001151 2
867 177 942 203 0.001147 2
1262 246 1279 269 0.001132 2
111 458 166 489 0.001129 2
111 446 231 537 0.001121 2
583 423 625 463 0.001120 2
1094 495 1104 504 0.001119 2
322 199 376 232 0.001118 2
686 454 704 467 0.001111 2
72 448 234 529 0.001110 2
0 424 301 629 0.001086 2
600 458 673 471 0.001077 2
0 522 48 612 0.001073 2
863 334 885 343 0.001067 2
838 494 848 503 0.001061 2
581 425 608 458 0.001060 2
599 319 608 328 0.001054 2
877 199 916 243 0.001054 2
645 449 696 462 0.001054 2
0 522 24 634 0.001053 2
609 198 648 217 0.001047 2
330 210 370 232 0.001043 2
1004 206 1050 234 0.001031 2
762 459 798 473 0.001030 2
629 458 673 472 0.001003 2
605 452 650 469 0.001002 2
671 455 705 470 0.000995 2
125 514 224 586 0.000966 2
112 460 150 478 0.000965 2
590 448 608 461 0.000963 2
739 443 799 459 0.000962 2
0 530 11 585 0.000961 2
0 521 33 566 0.000950 2
703 454 715 468 0.000944 2
672 460 698 471 0.000943 2
1103 490 1120 504 0.000941 2
70 450 229 553 0.000935 2
1263 348 1279 369 0.000921 2
296 175 315 196 0.000920 2
269 377 288 400 0.000909 2
112 458 189 510 0.000906 2
633 380 661 395 0.000905 2
271 380 288 399 0.000899 2
0 546 26 632 0.000899 2
0 533 48 620 0.000897 2
607 202 617 215 0.000896 2
683 451 703 465 0.000890 2
20 200 35 206 0.000886 2
669 451 697 466 0.000875 2
1263 251 1279 271 0.000871 2
0 520 34 564 0.000870 2
1264 350 1279 361 0.000868 2
503 312 529 335 0.000868 2
1026 320 1088 341 0.000866 2
688 197 724 236 0.000862 2
463 426 494 447 0.000861 2
548 176 575 208 0.000852 2
575 425 617 460 0.000850 2
129 515 185 579 0.000848 2
0 546 47 627 0.000841 2
1038 321 1055 335 0.000840 2
0 520 38 584 0.000839 2
318 201 335 231 0.000836 2
0 281 16 311 0.000823 2
483 188 524 216 0.000814 2
574 444 593 463 0.000811 2
827 199 843 221 0.000796 2
876 179 947 235 0.000793 2
496 433 524 448 0.000786 2
0 279 15 297 0.000780 2
0 520 35 568 0.000780 2
0 521 33 564 0.000780 2
0 438 282 632 0.000779 2
506 436 527 447 0.000767 2
1264 351 1279 368 0.000762 2
487 166 578 204 0.000761 2
244 375 288 402 0.000760 2
144 476 174 488 0.000746 2
605 185 653 208 0.000744 2
1112 215 1177 247 0.000737 2
316 198 333 231 0.000727 2
832 504 843 511 0.000723 2
117 460 161 479 0.000707 2
1264 366 1279 375 0.000704 2
656 449 692 464 0.000699 2
126 514 218 586 0.000688 2
735 461 745 471 0.000686 2
0 520 19 560 0.000685 2
315 190 341 199 0.000684 2
319 199 372 233 0.000683 2
111 459 189 511 0.000680 2
822 327 848 343 0.000673 2
0 566 12 630 0.000670 2
1103 488 1123 504 0.000668 2
1028 315 1096 336 0.000668 2
0 531 29 635 0.000665 2
651 449 700 465 0.000660 2
495 239 529 251 0.000659 2
990 192 1031 231 0.000657 2
671 462 681 471 0.000654 2
113 410 304 588 0.000654 2
689 458 704 469 0.000652 2
448 424 464 446 0.000649 2
838 504 848 511 0.000649 2
295 200 332 232 0.000647 2
496 238 529 251 0.000640 2
480 177 516 215 0.000633 2
503 312 513 335 0.000629 2
661 449 679 463 0.000629 2
259 373 288 400 0.000623 2
435 409 506 445 0.000623 2
1184 374 1263 425 0.000616 2
69 450 239 566 0.000615 2
1183 373 1265 423 0.000613 2
76 453 164 482 0.000611 2
112 464 185 513 0.000611 2
798 496 807 503 0.000609 2
720 460 739 471 0.000609 2
332 213 354 232 0.000608 2
1235 504 1248 510 0.000603 2
185 444 249 531 0.000599 2
0 520 17 555 0.000595 2
0 349 292 623 0.000594 2
503 313 528 335 0.000593 2
867 205 907 244 0.000589 2
487 414 509 424 0.000586 2
0 395 299 623 0.000586 2
1023 319 1055 338 0.000584 2
621 454 644 464 0.000580 2
659 194 693 220 0.000579 2
269 373 288 399 0.000574 2
432 412 467 443 0.000574 2
865 205 901 241 0.000573 2
1121 64 1152 75 0.000571 2
592 422 621 433 0.000571 2
865 187 905 242 0.000567 2
1263 168 1279 181 0.000565 2
71 450 230 536 0.000559 2
71 451 161 486 0.000558 2
10 547 48 618 0.000558 2
646 447 656 460 0.000543 2
622 313 683 360 0.000539 2
681 449 702 465 0.000538 2
1260 350 1279 376 0.000536 2
503 310 530 335 0.000535 2
324 199 387 233 0.000534 2
109 436 256 535 0.000531 2
996 193 1061 245 0.000531 2
79 454 171 479 0.000530 2
1150 471 1163 479 0.000529 2
1097 207 1137 232 0.000525 2
0 353 130 633 0.000525 2
1068 326 1088 339 0.000523 2
796 465 811 472 0.000523 2
1071 327 1088 338 0.000522 2
1167 381 1180 391 0.000519 2
581 424 624 463 0.000515 2
0 520 35 562 0.000513 2
1252 346 1279 409 0.000513 2
587 163 625 187 0.000510 2
315 195 342 231 0.000509 2
64 404 328 593 0.000507 2
0 572 35 631 0.000506 2
606 457 673 473 0.000503 2
122 513 226 586 0.000498 2
575 445 593 461 0.000496 2
69 449 237 589 0.000494 2
0 568 30 631 0.000493 2
503 313 513 334 0.000487 2
621 186 652 210 0.000487 2
1179 372 1264 422 0.000483 2
736 427 769 458 0.000477 2
273 184 294 192 0.000475 2
913 199 948 245 0.000475 2
1191 377 1262 426 0.000471 2
382 453 416 471 0.000466 2
120 512 216 587 0.000465 2
103 455 230 532 0.000465 2
70 449 181 516 0.000463 2
698 307 755 345 0.000463 2
107 452 175 483 0.000462 2
1064 318 1126 347 0.000462 2
0 519 17 541 0.000460 2
481 409 519 424 0.000455 2
11 545 48 619 0.000454 2
815 472 826 477 0.000454 2
382 453 416 472 0.000453 2
0 555 34 630 0.000453 2
1263 363 1279 407 0.000453 2
8 550 48 618 0.000448 2
1028 192 1086 234 0.000444 2
1091 488 1111 504 0.000443 2
674 193 691 215 0.000440 2
432 412 463 443 0.000439 2
113 417 300 588 0.000437 2
129 460 177 481 0.000437 2
668 428 692 440 0.000436 2
530 427 589 439 0.000436 2
1024 319 1047 333 0.000435 2
607 457 624 469 0.000434 2
591 460 608 471 0.000434 2
128 515 186 578 0.000434 2
588 161 615 184 0.000433 2
1247 344 1261 357 0.000433 2
472 408 514 423 0.000433 2
143 459 179 482 0.000432 2
1026 317 1089 344 0.000430 2
639 431 655 445 0.000428 2
1092 204 1128 235 0.000428 2
303 186 333 233 0.000427 2
740 446 761 458 0.000425 2
323 200 371 233 0.000423 2
381 453 416 471 0.000422 2
470 409 529 435 0.000421 2
619 324 665 361 0.000420 2
1102 194 1121 209 0.000418 2
623 317 675 360 0.000417 2
292 175 307 197 0.000416 2
800 182 856 225 0.000414 2
185 447 242 536 0.000412 2
598 455 624 470 0.000411 2
641 430 657 440 0.000410 2
440 409 512 446 0.000409 2
1119 501 1130 508 0.000405 2
662 204 720 235 0.000405 2
804 177 858 236 0.000405 2
105 242 154 264 0.000403 2
0 575 33 626 0.000400 2
73 447 175 491 0.000399 2
0 301 123 503 0.000397 2
379 453 416 471 0.000396 2
1022 319 1088 346 0.000393 2
792 177 942 249 0.000392 2
0 400 326 610 0.000389 2
1181 374 1247 425 0.000386 2
101 453 173 477 0.000386 2
0 303 122 478 0.000384 2
480 409 554 435 0.000383 2
635 390 697 428 0.000377 2
138 461 180 488 0.000377 2
274 185 294 193 0.000377 2
188 447 242 531 0.000377 2
820 328 849 358 0.000374 2
832 594 839 600 0.000374 2
623 323 665 361 0.000373 2
821 328 848 351 0.000372 2
449 150 523 171 0.000372 2
111 456 161 509 0.000369 2
639 436 702 464 0.000368 2
705 313 750 344 0.000367 2
703 300 769 329 0.000367 2
1104 189 1121 204 0.000366 2
116 452 237 536 0.000364 2
1099 208 1133 230 0.000360 2
5 541 48 608 0.000357 2
0 520 40 567 0.000357 2
0 519 16 542 0.000355 2
603 323 663 363 0.000353 2
1050 311 1128 347 0.000353 2
372 453 416 471 0.000352 2
333 406 366 445 0.000352 2
1263 168 1279 181 0.000352 2
274 178 313 198 0.000351 2
1028 312 1105 339 0.000349 2
503 308 530 335 0.000348 2
578 423 625 463 0.000347 2
1144 341 1203 360 0.000345 2
1164 245 1279 365 0.000344 2
1260 629 1271 648 0.000343 2
700 300 768 329 0.000343 2
117 455 219 496 0.000342 2
1179 377 1244 425 0.000342 2
923 199 948 217 0.000341 2
864 205 898 242 0.000339 2
1077 329 1111 346 0.000339 2
1200 472 1216 481 0.000338 2
101 453 175 477 0.000334 2
604 447 642 467 0.000333 2
1055 465 1068 471 0.000332 2
272 184 316 200 0.000329 2
386 197 397 206 0.000329 2
652 448 701 466 0.000329 2
485 408 550 428 0.000329 2
324 199 385 232 0.000328 2
453 205 466 222 0.000328 2
331 406 368 449 0.000325 2
1262 277 1279 296 0.000324 2
618 383 703 438 0.000320 2
246 375 289 403 0.000316 2
12 548 48 623 0.000314 2
699 302 769 337 0.000313 2
870 177 942 200 0.000313 2
698 304 764 338 0.000312 2
1249 346 1268 358 0.000311 2
681 448 704 468 0.000310 2
641 435 657 458 0.000310 2
75 451 155 488 0.000308 2
0 310 146 630 0.000304 2
0 256 50 285 0.000303 2
533 430 591 456 0.000302 2
126 458 185 489 0.000302 2
686 181 733 232 0.000301 2
622 324 663 361 0.000301 2
1258 629 1276 648 0.000300 2
110 416 299 575 0.000299 2
821 328 848 352 0.000299 2
68 449 199 526 0.000298 2
677 423 690 434 0.000298 2
0 436 290 638 0.000297 2
385 195 397 206 0.000297 2
608 310 690 376 0.000297 2
234 375 279 403 0.000294 2
464 407 514 430 0.000293 2
1263 169 1279 184 0.000292 2
796 471 813 478 0.000291 2
113 462 219 518 0.000290 2
295 189 329 233 0.000288 2
1243 358 1279 410 0.000287 2
381 453 416 472 0.000286 2
1128 326 1146 341 0.000285 2
434 395 517 445 0.000283 2
1262 279 1279 295 0.000283 2
643 438 703 461 0.000282 2
1263 168 1279 209 0.000282 2
110 468 232 542 0.000280 2
319 406 355 444 0.000280 2
1263 278 1279 294 0.000280 2
553 436 593 458 0.000277 2
839 495 862 503 0.000276 2
128 452 218 508 0.000276 2
851 694 883 703 0.000274 2
533 428 592 456 0.000274 2
1165 269 1279 357 0.000272 2
852 439 870 454 0.000272 2
137 457 187 486 0.000271 2
66 408 350 592 0.000270 2
122 513 223 592 0.000270 2
104 248 145 264 0.000269 2
0 299 116 451 0.000267 2
0 279 25 296 0.000266 2
255 375 278 398 0.000264 2
427 388 510 445 0.000264 2
0 257 26 295 0.000262 2
117 477 247 543 0.000258 2
609 457 673 487 0.000257 2
238 432 291 523 0.000257 2
776 471 795 477 0.000257 2
625 325 670 361 0.000257 2
475 151 522 170 0.000254 2
855 441 867 455 0.000254 2
0 301 182 624 0.000253 2
831 598 848 616 0.000252 2
1216 247 1280 296 0.000250 2
771 694 809 703 0.000249 2
1149 344 1174 360 0.000248 2
238 432 291 502 0.000248 2
331 406 366 441 0.000248 2
1167 264 1279 366 0.000247 2
639 391 695 425 0.000247 2
620 311 683 358 0.000247 2
596 292 689 376 0.000245 2
806 472 817 477 0.000243 2
533 424 588 439 0.000242 2
110 449 178 480 0.000242 2
634 374 689 395 0.000240 2
639 436 650 453 0.000238 2
464 407 513 432 0.000237 2
1007 301 1023 311 0.000237 2
708 326 744 349 0.000237 2
1028 192 1061 222 0.000233 2
460 407 515 439 0.000233 2
238 428 291 486 0.000233 2
0 257 16 398 0.000233 2
37 448 228 589 0.000232 2
1264 365 1279 409 0.000231 2
221 379 398 473 0.000231 2
429 415 499 448 0.000229 2
530 183 544 201 0.000229 2
610 377 703 443 0.000228 2
234 436 291 505 0.000228 2
113 467 179 511 0.000228 2
138 460 182 491 0.000227 2
123 447 226 536 0.000227 2
1161 268 1278 352 0.000226 2
530 430 591 456 0.000226 2
0 290 18 326 0.000226 2
334 407 360 444 0.000225 2
356 407 368 415 0.000225 2
119 455 220 493 0.000224 2
131 515 185 576 0.000223 2
111 457 157 489 0.000222 2
867 176 941 202 0.000221 2
599 455 673 474 0.000221 2
237 433 291 493 0.000219 2
844 439 868 453 0.000217 2
704 314 747 344 0.000217 2
68 449 230 594 0.000215 2
432 387 519 444 0.000214 2
852 692 884 703 0.000214 2
355 208 378 232 0.000214 2
866 176 940 204 0.000213 2
1170 222 1279 297 0.000213 2
401 420 466 454 0.000213 2
413 381 523 446 0.000213 2
624 426 632 439 0.000212 2
75 452 151 488 0.000211 2
0 444 265 639 0.000210 2
583 186 620 215 0.000209 2
238 436 290 522 0.000208 2
1034 311 1115 334 0.000208 2
321 406 356 435 0.000208 2
330 405 368 437 0.000207 2
351 200 385 231 0.000207 2
76 451 157 495 0.000206 2
1035 310 1070 331 0.000206 2
623 424 634 437 0.000206 2
1138 320 1183 360 0.000205 2
1227 299 1279 360 0.000204 2
699 309 752 346 0.000203 2
446 199 466 221 0.000203 2
622 313 678 358 0.000203 2
614 325 664 372 0.000202 2
0 262 16 297 0.000202 2
0 446 232 598 0.000202 2
287 375 304 392 0.000202 2
666 423 687 439 0.000201 2
1143 315 1197 359 0.000201 2
647 438 703 462 0.000199 2
623 322 663 354 0.000199 2
601 322 664 364 0.000198 2
870 177 944 220 0.000198 2
865 217 889 243 0.000198 2
953 693 984 703 0.000198 2
202 436 290 487 0.000197 2
331 406 368 457 0.000197 2
0 426 290 638 0.000196 2
902 180 948 237 0.000195 2
1147 343 1202 360 0.000193 2
239 433 290 483 0.000193 2
1053 305 1146 335 0.000192 2
0 256 51 302 0.000191 2
304 202 333 265 0.000191 2
327 206 369 275 0.000191 2
821 360 832 375 0.000191 2
637 401 674 426 0.000191 2
1103 180 1123 207 0.000188 2
332 400 384 466 0.000188 2
1202 381 1259 427 0.000188 2
638 387 699 415 0.000188 2
75 451 131 497 0.000187 2
1241 248 1279 296 0.000187 2
111 463 186 520 0.000184 2
72 449 153 485 0.000184 2
195 448 241 528 0.000184 2
1229 180 1279 228 0.000183 2
1214 251 1280 298 0.000183 2
1066 327 1088 345 0.000182 2
146 386 386 487 0.000181 2
647 410 665 426 0.000180 2
554 177 599 216 0.000180 2
228 377 414 472 0.000180 2
333 400 384 471 0.000179 2
2 256 50 293 0.000179 2
319 202 357 257 0.000179 2
104 249 129 264 0.000179 2
0 577 41 631 0.000179 2
1263 367 1279 410 0.000178 2
870 176 939 190 0.000178 2
72 450 112 488 0.000177 2
632 326 671 360 0.000177 2
346 406 368 446 0.000177 2
254 376 272 395 0.000177 2
288 175 309 197 0.000177 2
430 387 501 443 0.000176 2
863 333 885 346 0.000175 2
188 437 258 499 0.000174 2
313 407 354 445 0.000174 2
1250 309 1279 368 0.000172 2
635 386 668 403 0.000171 2
638 409 656 424 0.000171 2
198 449 242 508 0.000170 2
998 183 1052 223 0.000170 2
492 409 549 431 0.000170 2
126 513 226 589 0.000169 2
915 180 943 203 0.000168 2
287 374 304 393 0.000168 2
389 420 465 444 0.000168 2
830 417 847 424 0.000168 2
1264 316 1279 359 0.000168 2
759 466 797 477 0.000167 2
619 380 703 454 0.000166 2
0 299 88 386 0.000166 2
710 320 750 348 0.000165 2
1224 159 1280 183 0.000165 2
354 199 384 224 0.000165 2
130 453 226 501 0.000165 2
0 300 98 393 0.000164 2
375 184 397 205 0.000163 2
114 461 183 534 0.000162 2
195 379 381 475 0.000162 2
0 446 222 592 0.000161 2
1241 298 1279 358 0.000161 2
1014 338 1024 350 0.000160 2
1141 304 1210 352 0.000160 2
1197 368 1250 400 0.000160 2
1120 64 1154 80 0.000160 2
1263 464 1279 478 0.000159 2
1262 315 1279 371 0.000159 2
1172 235 1279 300 0.000159 2
1021 321 1088 346 0.000158 2
32 205 618 480 0.000158 2
75 451 225 589 0.000157 2
1011 440 1041 456 0.000157 2
617 323 681 378 0.000157 2
290 406 355 442 0.000157 2
238 425 290 477 0.000156 2
544 436 594 473 0.000156 2
638 405 665 424 0.000156 2
530 180 631 216 0.000155 2
136 515 225 585 0.000155 2
604 336 657 369 0.000154 2
118 449 179 483 0.000153 2
238 433 283 470 0.000153 2
199 453 240 507 0.000153 2
1149 344 1186 360 0.000153 2
0 299 172 454 0.000153 2
778 177 976 284 0.000152 2
21 384 321 590 0.000151 2
0 416 325 640 0.000151 2
0 299 91 393 0.000150 2
572 176 671 219 0.000150 2
368 453 415 472 0.000150 2
589 160 620 186 0.000150 2
0 415 50 645 0.000149 2
697 303 761 345 0.000149 2
848 495 862 503 0.000148 2
239 437 275 468 0.000147 2
0 298 85 383 0.000147 2
831 439 875 455 0.000146 2
350 199 386 226 0.000146 2
627 311 688 376 0.000145 2
818 332 847 363 0.000145 2
388 420 465 442 0.000145 2
131 452 220 499 0.000143 2
942 674 974 702 0.000143 2
701 185 750 233 0.000143 2
0 439 179 642 0.000143 2
657 172 693 217 0.000142 2
496 239 528 253 0.000142 2
527 430 592 456 0.000140 2
1075 312 1119 347 0.000140 2
12 547 48 614 0.000140 2
0 296 83 375 0.000139 2
723 276 768 330 0.000139 2
104 251 126 264 0.000138 2
123 436 220 500 0.000137 2
937 695 972 703 0.000136 2
1187 238 1279 370 0.000136 2
240 439 275 471 0.000135 2
72 449 114 487 0.000134 2
110 455 225 587 0.000134 2
1018 334 1032 343 0.000134 2
345 405 368 459 0.000134 2
511 340 521 351 0.000134 2
0 528 46 589 0.000134 2
654 407 704 438 0.000134 2
4 191 528 374 0.000133 2
0 300 114 441 0.000132 2
935 287 1010 312 0.000132 2
1263 365 1279 410 0.000132 2
1270 629 1279 647 0.000131 2
409 378 518 447 0.000131 2
601 457 676 489 0.000130 2
943 326 973 348 0.000130 2
605 455 679 474 0.000130 2
632 420 661 437 0.000130 2
707 334 740 360 0.000130 2
128 514 210 577 0.000129 2
1226 292 1279 355 0.000129 2
156 376 376 478 0.000129 2
353 199 385 231 0.000129 2
229 374 275 403 0.000128 2
1136 343 1187 360 0.000128 2
1000 333 1019 345 0.000128 2
81 395 394 589 0.000126 2
267 406 355 444 0.000126 2
473 418 625 459 0.000126 2
4 239 611 485 0.000125 2
630 321 685 362 0.000125 2
77 453 114 499 0.000123 2
1059 325 1088 346 0.000123 2
780 178 1064 276 0.000122 2
8 547 48 623 0.000122 2
494 407 545 429 0.000122 2
1267 630 1279 648 0.000121 2
113 459 186 586 0.000121 2
640 396 684 434 0.000121 2
645 404 700 442 0.000120 2
0 311 309 614 0.000120 2
0 292 15 395 0.000120 2
1120 64 1154 79 0.000120 2
1264 311 1279 352 0.000120 2
601 340 653 376 0.000119 2
302 176 328 198 0.000119 2
237 431 292 520 0.000118 2
861 204 911 277 0.000117 2
333 397 385 457 0.000117 2
323 198 378 227 0.000115 2
928 284 1008 313 0.000115 2
238 423 292 482 0.000115 2
184 410 321 525 0.000115 2
1179 255 1233 287 0.000115 2
379 379 557 445 0.000114 2
0 300 304 607 0.000114 2
505 406 545 429 0.000113 2
1221 268 1280 313 0.000113 2
628 419 702 465 0.000113 2
547 272 689 377 0.000113 2
1001 346 1023 365 0.000113 2
637 408 675 440 0.000112 2
184 430 269 498 0.000112 2
428 409 462 443 0.000112 2
759 695 810 703 0.000112 2
669 384 683 394 0.000112 2
937 287 1011 312 0.000111 2
929 695 972 703 0.000111 2
812 359 833 376 0.000111 2
614 291 690 376 0.000110 2
303 185 327 203 0.000110 2
471 190 481 203 0.000109 2
540 437 593 472 0.000109 2
1006 296 1024 311 0.000109 2
1176 266 1232 287 0.000109 2
657 381 680 394 0.000108 2
330 399 384 474 0.000108 2
604 323 666 363 0.000107 2
192 404 398 531 0.000107 2
710 302 768 329 0.000106 2
149 240 194 264 0.000106 2
1058 305 1122 346 0.000106 2
290 175 313 197 0.000105 2
1264 317 1279 369 0.000105 2
700 275 769 335 0.000105 2
135 516 222 586 0.000104 2
93 403 418 591 0.000104 2
626 374 702 433 0.000104 2
597 361 624 377 0.000103 2
637 386 704 430 0.000103 2
325 198 385 229 0.000103 2
626 381 667 426 0.000103 2
123 441 201 485 0.000103 2
355 199 385 232 0.000102 2
0 519 33 544 0.000102 2
484 368 704 458 0.000102 2
988 333 1010 347 0.000102 2
924 679 941 692 0.000101 2
620 334 674 380 0.000100 2
0 278 32 332 0.000100 2
0 370 49 633 0.001270 3
0 348 49 632 0.000989 3
0 434 143 633 0.000499 3
1179 165 1279 270 0.007795 5
1170 165 1279 269 0.005044 5
480 170 519 216 0.003480 5
479 166 582 216 0.003331 5
1049 159 1279 412 0.003028 5
1180 165 1280 265 0.002539 5
479 170 522 216 0.001904 5
1213 166 1279 268 0.001817 5
1059 160 1279 289 0.001803 5
443 169 519 215 0.001781 5
1177 164 1280 261 0.001758 5
1081 160 1279 272 0.001198 5
1182 164 1279 219 0.001120 5
449 169 518 216 0.001091 5
445 162 517 216 0.001065 5
1193 164 1279 217 0.001052 5
1214 164 1279 215 0.001003 5
1223 163 1279 211 0.000984 5
1223 161 1279 209 0.000923 5
1186 163 1280 222 0.000895 5
831 191 1279 385 0.000842 5
1217 162 1279 212 0.000691 5
1181 160 1280 217 0.000682 5
727 195 1277 350 0.000601 5
457 153 522 171 0.000506 5
447 155 519 171 0.000479 5
827 135 939 168 0.000470 5
826 135 939 171 0.000460 5
1224 163 1279 183 0.000449 5
480 172 514 211 0.000446 5
1005 183 1055 213 0.000445 5
448 155 527 205 0.000404 5
478 168 525 216 0.000401 5
1223 175 1279 211 0.000363 5
1179 164 1228 264 0.000334 5
1263 169 1279 204 0.000319 5
1000 204 1107 262 0.000314 5
1263 169 1279 206 0.000300 5
987 194 1247 263 0.000293 5
1222 161 1277 215 0.000255 5
1223 173 1279 206 0.000221 5
819 135 939 175 0.000208 5
1220 162 1263 209 0.000110 5
479 173 497 206 0.000108 5
0 299 310 586 0.148545 6
910 259 1279 421 0.008160 6
1017 468 1280 511 0.007635 6
757 257 1279 486 0.007603 6
686 255 1279 489 0.007318 6
705 256 1279 501 0.007105 6
1047 260 1279 419 0.006922 6
676 255 1279 503 0.006643 6
875 257 1279 483 0.005602 6
916 257 1279 415 0.005476 6
881 257 1279 425 0.005200 6
1176 163 1279 269 0.004732 6
751 253 1279 433 0.004661 6
810 258 1279 497 0.004472 6
673 450 1275 513 0.004146 6
775 452 1276 508 0.003786 6
688 444 1279 506 0.003733 6
668 439 1276 498 0.003600 6
671 243 1279 441 0.003560 6
679 448 1276 510 0.003500 6
1017 466 1276 510 0.003497 6
668 250 1279 485 0.003433 6
725 451 1276 508 0.003155 6
789 453 1276 509 0.003099 6
705 452 1276 511 0.003080 6
782 271 1278 503 0.002782 6
816 460 1276 510 0.002766 6
707 277 1278 504 0.002680 6
1018 469 1275 507 0.002658 6
1011 468 1280 502 0.002540 6
740 445 1276 507 0.002351 6
839 248 1279 416 0.002235 6
1018 472 1275 512 0.002153 6
993 468 1275 511 0.002048 6
1018 470 1280 513 0.001956 6
673 437 1273 493 0.001895 6
694 134 946 252 0.001839 6
696 203 1275 458 0.001740 6
685 312 1278 506 0.001674 6
1013 470 1276 511 0.001559 6
692 230 1279 408 0.001452 6
1021 464 1259 510 0.001445 6
325 395 706 465 0.001432 6
786 436 1276 508 0.001429 6
324 402 706 465 0.001402 6
652 441 1272 510 0.001380 6
1015 471 1278 513 0.001364 6
845 452 1170 494 0.001320 6
668 398 1257 491 0.001306 6
1085 157 1279 270 0.001276 6
663 435 1262 491 0.001102 6
994 274 1278 499 0.001063 6
828 452 1135 490 0.001051 6
675 378 1270 495 0.001049 6
855 453 1200 493 0.001009 6
706 191 1276 409 0.001005 6
458 159 583 213 0.000971 6
662 293 1261 500 0.000938 6
828 135 938 167 0.000885 6
742 245 1273 470 0.000882 6
893 160 1279 414 0.000875 6
459 163 585 211 0.000867 6
327 408 736 472 0.000840 6
326 401 713 475 0.000825 6
1005 470 1272 506 0.000816 6
324 396 738 467 0.000809 6
642 243 1135 481 0.000791 6
857 177 1279 418 0.000786 6
1052 413 1279 495 0.000785 6
1008 462 1266 507 0.000782 6
640 256 1156 477 0.000778 6
1123 413 1279 482 0.000764 6
678 405 1059 482 0.000757 6
1113 414 1279 486 0.000752 6
1121 412 1279 474 0.000749 6
1042 420 1280 499 0.000731 6
829 135 939 165 0.000721 6
1028 477 1247 512 0.000721 6
821 135 938 178 0.000666 6
654 296 1236 490 0.000659 6
705 375 1275 512 0.000615 6
641 262 1073 486 0.000610 6
323 411 919 474 0.000599 6
645 277 1069 483 0.000591 6
1125 415 1279 482 0.000576 6
1098 411 1280 467 0.000566 6
677 355 1274 499 0.000565 6
704 408 799 469 0.000565 6
324 399 721 476 0.000561 6
640 257 1080 477 0.000554 6
1015 426 1279 507 0.000545 6
685 410 952 479 0.000544 6
847 449 1117 487 0.000535 6
1000 431 1277 509 0.000504 6
920 424 1277 509 0.000481 6
667 438 1165 486 0.000480 6
1123 417 1279 485 0.000479 6
510 411 953 479 0.000465 6
443 159 517 215 0.000452 6
358 389 943 476 0.000427 6
1082 155 1278 266 0.000426 6
355 413 939 478 0.000425 6
1219 162 1279 211 0.000412 6
1022 402 1274 475 0.000399 6
703 406 787 468 0.000397 6
325 365 708 461 0.000388 6
1010 404 1275 470 0.000384 6
641 266 1034 482 0.000369 6
647 239 1222 467 0.000361 6
976 166 1279 373 0.000360 6
703 409 787 469 0.000357 6
653 439 1263 514 0.000356 6
689 125 929 243 0.000345 6
640 244 1095 429 0.000343 6
448 159 588 215 0.000324 6
655 254 1247 471 0.000321 6
709 361 1278 508 0.000318 6
1018 397 1280 469 0.000311 6
1123 367 1278 471 0.000289 6
826 134 939 166 0.000276 6
701 185 1274 448 0.000274 6
879 188 1279 317 0.000273 6
640 252 1064 403 0.000263 6
677 405 930 481 0.000252 6
1023 394 1280 466 0.000247 6
640 261 975 473 0.000244 6
708 170 1273 413 0.000232 6
1041 459 1273 503 0.000228 6
1145 65 1280 273 0.000221 6
686 313 1211 497 0.000215 6
640 270 980 484 0.000211 6
664 432 999 484 0.000207 6
521 291 957 482 0.000206 6
328 349 785 465 0.000205 6
358 271 939 480 0.000199 6
611 383 703 467 0.000198 6
602 250 958 484 0.000180 6
826 134 939 163 0.000178 6
617 384 703 466 0.000176 6
1120 363 1278 467 0.000176 6
1145 430 1279 484 0.000175 6
648 438 1240 520 0.000164 6
647 200 1207 415 0.000161 6
1063 64 1280 277 0.000160 6
525 381 703 467 0.000158 6
675 166 1275 462 0.000153 6
815 132 938 167 0.000151 6
1051 152 1270 249 0.000150 6
663 200 1244 416 0.000145 6
165 64 329 94 0.000144 6
1016 331 1272 467 0.000141 6
643 441 1165 704 0.000141 6
790 456 1276 536 0.000140 6
622 384 703 466 0.000139 6
657 64 952 259 0.000135 6
498 236 957 486 0.000134 6
708 448 1277 543 0.000133 6
725 413 885 472 0.000131 6
459 164 592 228 0.000131 6
686 275 1244 476 0.000128 6
327 237 711 465 0.000123 6
686 151 1272 411 0.000123 6
822 133 940 161 0.000122 6
640 158 1093 406 0.000122 6
852 449 1277 557 0.000121 6
743 407 948 478 0.000119 6
1029 393 1277 472 0.000118 6
671 440 1274 594 0.000117 6
645 436 1161 517 0.000113 6
640 193 999 363 0.000111 6
646 425 1254 634 0.000109 6
294 406 376 472 0.000107 6
646 169 1187 404 0.000105 6
644 445 1115 704 0.000104 6
642 164 1098 399 0.000102 6
593 222 958 395 0.000101 6
848 176 945 243 0.409173 7
863 177 945 243 0.339946 7
866 177 942 235 0.041290 7
708 152 859 247 0.028434 7
866 176 939 237 0.022611 7
707 152 855 229 0.022331 7
702 152 809 222 0.021652 7
708 153 809 218 0.021443 7
707 152 808 225 0.020608 7
1004 197 1054 229 0.018909 7
801 170 944 242 0.017078 7
697 152 810 216 0.016164 7
587 183 621 213 0.016023 7
705 152 848 240 0.015688 7
702 152 883 239 0.015554 7
694 152 812 228 0.014704 7
588 183 621 212 0.013291 7
698 147 881 238 0.012926 7
713 156 861 233 0.011805 7
1115 184 1188 246 0.011596 7
1003 196 1058 232 0.011006 7
1115 183 1197 246 0.010707 7
1004 196 1056 229 0.010383 7
709 152 858 252 0.009949 7
698 151 945 248 0.009411 7
1006 196 1053 230 0.009070 7
588 183 621 203 0.007673 7
841 176 944 243 0.007543 7
1114 183 1185 247 0.006954 7
698 152 941 243 0.006181 7
697 145 943 248 0.005820 7
1106 182 1190 247 0.005525 7
1112 183 1186 247 0.005459 7
1177 166 1280 269 0.004387 7
587 183 655 216 0.004210 7
588 183 621 202 0.004038 7
1176 181 1279 269 0.003699 7
1220 172 1279 268 0.003381 7
866 176 942 224 0.003236 7
866 176 939 231 0.003192 7
1218 169 1279 268 0.002934 7
866 177 938 243 0.002820 7
997 199 1059 255 0.002782 7
799 172 941 247 0.002682 7
991 188 1054 232 0.002259 7
804 157 892 243 0.002221 7
1178 192 1279 269 0.002200 7
296 199 385 232 0.002102 7
1102 162 1212 244 0.002031 7
803 134 942 244 0.001999 7
813 134 941 242 0.001746 7
292 199 389 275 0.001711 7
1002 198 1065 259 0.001675 7
1113 184 1192 247 0.001663 7
865 177 921 243 0.001562 7
293 199 386 235 0.001561 7
848 178 919 243 0.001549 7
586 184 657 218 0.001502 7
712 152 811 205 0.001459 7
1173 195 1280 269 0.001355 7
1177 221 1279 269 0.001280 7
848 175 925 240 0.001275 7
1100 164 1153 205 0.001247 7
803 157 859 228 0.001207 7
799 155 886 238 0.001147 7
865 177 934 238 0.001132 7
725 152 810 205 0.001079 7
866 188 979 249 0.001063 7
1179 374 1263 425 0.001057 7
686 159 802 234 0.001054 7
1004 196 1068 248 0.001036 7
806 156 858 228 0.000990 7
707 138 860 233 0.000987 7
680 150 809 222 0.000945 7
710 151 811 206 0.000818 7
1047 267 1278 360 0.000766 7
706 135 944 248 0.000754 7
700 154 1006 258 0.000742 7
1234 196 1279 269 0.000737 7
293 199 386 254 0.000735 7
860 176 959 252 0.000729 7
702 304 767 341 0.000718 7
1182 376 1261 427 0.000716 7
585 162 649 206 0.000709 7
1109 184 1188 249 0.000707 7
479 160 581 204 0.000698 7
1173 209 1279 276 0.000692 7
1047 262 1277 358 0.000671 7
700 140 958 253 0.000615 7
587 184 659 218 0.000615 7
1056 160 1279 392 0.000600 7
1101 163 1203 206 0.000575 7
705 130 939 226 0.000557 7
1043 265 1280 363 0.000557 7
1102 164 1149 206 0.000523 7
1004 183 1064 218 0.000517 7
705 135 857 224 0.000497 7
1002 183 1049 218 0.000490 7
1100 164 1149 212 0.000482 7
702 304 767 343 0.000476 7
699 194 730 234 0.000475 7
695 183 730 226 0.000468 7
1118 183 1189 243 0.000462 7
728 152 809 207 0.000448 7
713 157 808 210 0.000429 7
703 304 766 370 0.000415 7
1001 165 1067 232 0.000405 7
999 170 1061 231 0.000394 7
295 199 332 233 0.000383 7
1113 185 1211 248 0.000380 7
1163 302 1280 356 0.000377 7
678 117 910 244 0.000376 7
695 137 814 217 0.000371 7
1222 177 1279 236 0.000358 7
478 169 520 215 0.000353 7
842 133 950 244 0.000349 7
993 168 1060 232 0.000348 7
1105 161 1207 239 0.000342 7
689 158 959 263 0.000340 7
1164 305 1280 359 0.000335 7
699 184 729 220 0.000333 7
1165 304 1242 358 0.000333 7
615 143 870 238 0.000330 7
1160 305 1234 359 0.000329 7
1150 158 1280 401 0.000328 7
706 136 823 215 0.000324 7
703 303 767 373 0.000324 7
1117 184 1191 247 0.000319 7
302 198 387 237 0.000301 7
693 167 771 233 0.000299 7
678 118 816 217 0.000296 7
1263 167 1279 243 0.000288 7
1048 262 1273 353 0.000288 7
1093 266 1278 355 0.000285 7
866 176 933 232 0.000266 7
1102 161 1211 216 0.000262 7
1099 159 1232 235 0.000261 7
802 161 859 226 0.000259 7
1154 303 1245 349 0.000252 7
526 164 662 210 0.000248 7
1104 173 1130 205 0.000237 7
1168 303 1279 351 0.000236 7
1101 162 1204 201 0.000235 7
1159 305 1258 370 0.000232 7
1114 184 1189 221 0.000224 7
1191 356 1264 410 0.000219 7
1102 183 1182 250 0.000215 7
456 154 541 207 0.000214 7
682 157 1034 272 0.000211 7
704 304 764 374 0.000207 7
1172 297 1280 352 0.000189 7
852 170 1105 275 0.000183 7
1167 303 1248 348 0.000171 7
1101 164 1174 219 0.000171 7
1118 183 1188 223 0.000171 7
1173 308 1268 356 0.000166 7
1176 313 1276 366 0.000152 7
1115 184 1179 227 0.000148 7
1193 353 1265 391 0.000146 7
1152 304 1268 348 0.000142 7
1045 266 1276 352 0.000135 7
1182 298 1280 352 0.000135 7
701 234 776 352 0.000130 7
1141 271 1254 348 0.000124 7
976 165 1060 241 0.000121 7
1178 302 1280 356 0.000116 7
329 405 368 474 0.000115 7
1154 303 1228 347 0.000114 7
712 151 812 186 0.000113 7
717 152 809 187 0.000109 7
1148 300 1277 345 0.000107 7
727 152 810 197 0.000104 7
1047 256 1273 328 0.000103 7
1048 268 1217 353 0.000102 7
1037 270 1142 349 0.000102 7
1089 150 1103 178 0.571136 9
512 151 523 179 0.213124 9
513 151 523 180 0.160163 9
513 151 523 181 0.144716 9
1088 150 1103 182 0.078208 9
512 151 524 179 0.064729 9
1207 169 1215 186 0.064584 9
1207 167 1216 186 0.057146 9
512 152 523 184 0.054052 9
1089 150 1103 182 0.046744 9
513 151 524 182 0.045768 9
513 151 525 181 0.041512 9
365 167 373 187 0.026324 9
239 179 246 190 0.025684 9
448 157 490 170 0.025147 9
895 155 907 175 0.023141 9
372 167 381 184 0.023051 9
366 167 374 188 0.023016 9
989 679 1007 703 0.019382 9
895 155 907 177 0.019173 9
990 679 1006 703 0.017342 9
1089 151 1105 179 0.016358 9
449 157 490 171 0.015934 9
1013 137 1024 168 0.015737 9
878 155 889 169 0.015325 9
239 177 246 190 0.014521 9
313 152 341 194 0.013289 9
449 157 490 170 0.012705 9
1215 167 1224 184 0.012063 9
989 679 1010 703 0.011835 9
863 165 870 184 0.011788 9
848 182 858 215 0.011677 9
1013 139 1024 169 0.010515 9
894 152 907 176 0.010108 9
119 64 159 76 0.009937 9
312 151 341 193 0.009585 9
864 165 870 184 0.009176 9
1013 137 1025 170 0.008941 9
989 679 1009 703 0.008910 9
523 183 536 196 0.008852 9
680 166 687 183 0.008743 9
1193 383 1206 401 0.008578 9
1013 137 1024 171 0.008241 9
878 153 889 169 0.008208 9
1227 164 1248 182 0.008042 9
1207 168 1216 199 0.007914 9
119 64 159 76 0.007802 9
551 172 579 202 0.007656 9
362 167 369 188 0.007633 9
551 172 578 201 0.007535 9
171 64 202 91 0.007461 9
1228 165 1247 182 0.007454 9
449 158 489 171 0.007371 9
1196 383 1206 401 0.007289 9
895 153 909 177 0.006924 9
313 154 341 195 0.006699 9
224 183 231 192 0.006649 9
170 64 202 90 0.006265 9
895 153 909 176 0.006218 9
1190 384 1204 401 0.006150 9
868 159 880 177 0.006057 9
1089 149 1103 189 0.005912 9
119 64 160 78 0.005758 9
1226 164 1248 182 0.005755 9
257 179 262 190 0.005724 9
587 170 593 185 0.005711 9
867 153 880 176 0.005547 9
156 64 203 91 0.005476 9
680 167 687 188 0.005419 9
111 151 128 164 0.005389 9
880 155 895 171 0.005298 9
119 64 162 77 0.005296 9
119 64 202 90 0.005236 9
513 152 530 187 0.005177 9
1214 167 1224 184 0.005117 9
896 155 907 176 0.005011 9
365 167 374 189 0.004960 9
1207 168 1216 188 0.004786 9
1046 155 1056 173 0.004747 9
555 177 572 201 0.004336 9
905 68 944 120 0.004299 9
159 64 202 91 0.004275 9
865 152 883 176 0.004259 9
865 153 877 172 0.004258 9
1038 632 1057 699 0.004186 9
119 64 170 78 0.004167 9
848 182 857 222 0.004125 9
1191 163 1202 186 0.004006 9
544 167 551 179 0.003904 9
1154 164 1167 184 0.003876 9
814 143 823 156 0.003827 9
951 346 959 361 0.003785 9
550 172 579 201 0.003762 9
1191 383 1208 415 0.003755 9
1046 155 1056 176 0.003714 9
119 64 203 91 0.003698 9
362 167 369 189 0.003645 9
695 177 704 199 0.003626 9
95 152 105 176 0.003616 9
1024 127 1040 161 0.003580 9
449 157 490 179 0.003576 9
1145 165 1154 185 0.003563 9
1023 126 1040 163 0.003531 9
94 152 104 176 0.003529 9
215 183 225 193 0.003521 9
448 157 490 179 0.003468 9
372 167 381 186 0.003423 9
313 148 340 193 0.003341 9
523 183 538 198 0.003300 9
312 96 341 195 0.003248 9
1197 386 1210 416 0.003213 9
518 171 546 184 0.003208 9
111 151 128 165 0.003163 9
1006 136 1019 172 0.003132 9
513 170 548 187 0.003127 9
312 84 341 195 0.003066 9
119 64 186 82 0.003038 9
119 64 199 85 0.002940 9
119 64 161 79 0.002939 9
313 147 343 195 0.002935 9
1013 134 1026 170 0.002925 9
159 64 179 92 0.002892 9
694 176 703 199 0.002863 9
587 166 593 185 0.002856 9
1154 163 1166 184 0.002804 9
1020 127 1040 167 0.002773 9
1089 150 1109 179 0.002773 9
1097 131 1106 163 0.002693 9
690 168 697 181 0.002662 9
1088 150 1109 180 0.002641 9
814 144 823 160 0.002629 9
515 167 547 184 0.002566 9
846 151 858 166 0.002563 9
158 64 180 93 0.002562 9
507 160 530 192 0.002557 9
877 153 893 176 0.002547 9
1103 678 1120 699 0.002451 9
159 64 185 91 0.002438 9
879 152 897 175 0.002431 9
257 144 267 160 0.002428 9
1225 162 1248 181 0.002423 9
1006 136 1024 172 0.002404 9
372 166 381 186 0.002387 9
989 679 1024 703 0.002369 9
989 679 1024 703 0.002362 9
807 629 816 664 0.002340 9
904 68 942 119 0.002322 9
1207 161 1216 187 0.002315 9
1019 127 1040 166 0.002298 9
1039 634 1057 699 0.002291 9
701 118 717 129 0.002272 9
313 150 345 196 0.002244 9
1152 165 1165 184 0.002201 9
119 64 177 77 0.002181 9
1190 165 1201 186 0.002160 9
264 215 276 231 0.002148 9
518 168 549 183 0.002119 9
167 64 176 76 0.002112 9
1100 137 1109 159 0.002096 9
665 181 671 198 0.002093 9
1188 161 1202 186 0.002087 9
886 154 900 177 0.002069 9
1044 156 1054 171 0.002051 9
259 143 268 160 0.002041 9
1186 381 1216 420 0.002030 9
1097 129 1105 138 0.002018 9
258 142 268 160 0.002013 9
1224 164 1245 182 0.002012 9
1098 133 1110 159 0.002011 9
864 151 880 171 0.001991 9
124 64 183 92 0.001975 9
312 78 367 197 0.001945 9
1103 678 1120 700 0.001924 9
1205 409 1216 424 0.001860 9
1007 504 1017 520 0.001858 9
1007 136 1023 172 0.001852 9
1151 103 1169 134 0.001847 9
1007 135 1024 172 0.001843 9
1171 149 1184 163 0.001842 9
680 168 689 200 0.001837 9
1013 129 1041 170 0.001830 9
1007 503 1017 520 0.001810 9
693 176 700 196 0.001808 9
847 164 871 234 0.001754 9
521 183 536 199 0.001750 9
1045 152 1056 172 0.001711 9
701 118 720 129 0.001709 9
1022 160 1029 168 0.001707 9
1023 124 1040 164 0.001702 9
694 178 702 199 0.001702 9
462 162 475 183 0.001670 9
518 181 545 199 0.001668 9
809 167 817 179 0.001659 9
806 629 816 675 0.001650 9
845 151 859 166 0.001637 9
802 141 810 156 0.001631 9
1104 164 1148 185 0.001628 9
260 142 268 160 0.001617 9
1103 678 1121 702 0.001594 9
1205 165 1217 190 0.001592 9
981 680 1007 703 0.001574 9
1204 408 1215 419 0.001567 9
1186 383 1211 414 0.001557 9
571 162 581 178 0.001546 9
216 185 224 203 0.001502 9
1004 135 1021 175 0.001501 9
807 629 816 650 0.001500 9
837 151 851 163 0.001495 9
446 157 491 183 0.001487 9
120 64 188 92 0.001474 9
1148 164 1166 184 0.001471 9
1055 152 1064 169 0.001466 9
1181 163 1205 227 0.001450 9
1012 136 1026 174 0.001450 9
687 169 694 185 0.001442 9
959 135 979 160 0.001427 9
256 177 262 191 0.001427 9
848 173 870 235 0.001410 9
569 161 580 177 0.001393 9
1042 155 1055 171 0.001388 9
809 161 855 180 0.001387 9
1153 160 1168 184 0.001384 9
1188 380 1216 416 0.001382 9
240 164 247 179 0.001361 9
448 154 490 170 0.001340 9
1028 144 1040 161 0.001283 9
312 74 345 195 0.001272 9
111 139 128 165 0.001266 9
1208 167 1225 207 0.001263 9
519 168 578 200 0.001257 9
460 151 555 216 0.001227 9
1181 381 1215 417 0.001225 9
359 167 371 190 0.001221 9
833 143 848 160 0.001219 9
895 150 910 177 0.001218 9
813 130 831 159 0.001218 9
1104 164 1149 186 0.001203 9
1099 163 1158 202 0.001200 9
463 258 478 304 0.001190 9
1093 148 1110 178 0.001184 9
960 135 978 161 0.001180 9
665 184 671 203 0.001177 9
1055 152 1064 163 0.001167 9
311 64 368 195 0.001152 9
546 165 581 203 0.001148 9
1006 614 1057 702 0.001145 9
989 678 1013 703 0.001144 9
545 168 576 202 0.001130 9
312 145 341 194 0.001122 9
118 64 165 78 0.001093 9
1151 102 1197 135 0.001087 9
158 64 171 75 0.001075 9
1216 189 1223 204 0.001069 9
485 173 495 183 0.001067 9
512 151 545 185 0.001067 9
810 160 857 180 0.001063 9
992 139 1000 169 0.001057 9
848 118 867 136 0.001030 9
845 118 867 136 0.001010 9
1049 110 1083 146 0.001010 9
997 134 1010 174 0.000991 9
569 163 580 179 0.000968 9
164 64 186 76 0.000961 9
811 156 858 181 0.000960 9
805 132 818 159 0.000957 9
895 559 908 600 0.000953 9
247 195 255 214 0.000943 9
1150 100 1202 136 0.000936 9
588 162 604 185 0.000929 9
664 170 672 187 0.000923 9
1089 136 1105 178 0.000913 9
247 176 257 191 0.000912 9
814 133 831 158 0.000909 9
1039 638 1057 700 0.000905 9
1184 163 1202 188 0.000905 9
1151 102 1169 131 0.000904 9
264 215 277 232 0.000899 9
490 156 581 206 0.000898 9
1151 103 1168 130 0.000896 9
449 154 490 171 0.000880 9
315 64 368 197 0.000865 9
1103 164 1149 193 0.000859 9
855 634 864 656 0.000851 9
843 119 863 136 0.000844 9
571 161 581 178 0.000837 9
264 216 277 231 0.000831 9
1199 134 1206 177 0.000829 9
247 177 257 192 0.000827 9
1151 102 1200 134 0.000824 9
344 166 353 199 0.000808 9
998 134 1011 178 0.000807 9
998 679 1024 703 0.000807 9
798 630 814 675 0.000803 9
993 143 1001 169 0.000802 9
1022 122 1040 165 0.000798 9
169 64 209 91 0.000792 9
1081 173 1089 183 0.000782 9
448 156 492 192 0.000781 9
840 119 851 134 0.000765 9
832 135 859 167 0.000761 9
1088 145 1104 178 0.000749 9
1179 380 1214 414 0.000746 9
463 259 479 304 0.000746 9
1213 372 1223 386 0.000744 9
661 295 682 352 0.000740 9
1053 111 1081 139 0.000738 9
311 82 365 197 0.000737 9
798 632 808 661 0.000728 9
768 100 784 136 0.000719 9
372 153 381 184 0.000718 9
312 156 340 195 0.000718 9
766 74 784 137 0.000714 9
310 91 386 197 0.000706 9
587 168 602 185 0.000697 9
663 320 678 350 0.000694 9
111 137 128 164 0.000689 9
158 64 204 91 0.000689 9
765 68 784 139 0.000682 9
448 158 490 177 0.000682 9
316 64 368 190 0.000682 9
896 563 912 600 0.000680 9
805 139 819 160 0.000674 9
120 64 191 91 0.000670 9
701 118 718 129 0.000667 9
1077 151 1102 184 0.000660 9
589 160 604 184 0.000654 9
1103 164 1150 205 0.000654 9
1201 407 1211 424 0.000652 9
385 149 395 161 0.000651 9
1199 135 1206 154 0.000651 9
170 64 208 91 0.000650 9
160 65 177 93 0.000647 9
992 679 1024 703 0.000645 9
313 105 366 195 0.000638 9
832 166 859 219 0.000636 9
1087 159 1102 202 0.000632 9
1120 159 1170 185 0.000631 9
1255 629 1264 648 0.000624 9
807 131 817 158 0.000624 9
1198 135 1205 186 0.000624 9
895 559 904 599 0.000623 9
698 141 704 152 0.000621 9
692 122 704 152 0.000621 9
1255 630 1264 648 0.000615 9
340 165 352 197 0.000607 9
1077 149 1103 185 0.000598 9
306 79 341 195 0.000594 9
1103 165 1149 205 0.000592 9
1190 164 1216 198 0.000592 9
316 157 353 199 0.000589 9
703 165 711 179 0.000586 9
812 130 832 159 0.000581 9
847 159 872 208 0.000578 9
996 134 1009 174 0.000577 9
67 170 81 200 0.000574 9
1050 110 1083 145 0.000571 9
315 88 332 159 0.000570 9
1222 408 1231 425 0.000570 9
67 169 81 177 0.000568 9
239 176 253 195 0.000567 9
580 64 596 88 0.000567 9
871 120 878 131 0.000566 9
895 568 907 600 0.000563 9
1183 158 1203 188 0.000562 9
1151 102 1189 131 0.000559 9
1168 148 1186 176 0.000558 9
213 164 223 177 0.000555 9
834 156 854 172 0.000555 9
310 90 332 169 0.000554 9
159 64 178 93 0.000553 9
856 284 863 294 0.000552 9
862 118 871 136 0.000550 9
1041 153 1058 182 0.000546 9
662 294 680 352 0.000546 9
530 180 571 200 0.000540 9
1150 119 1162 134 0.000531 9
784 112 839 136 0.000528 9
811 159 854 179 0.000527 9
580 64 596 92 0.000527 9
905 70 939 120 0.000527 9
345 184 353 199 0.000523 9
446 156 494 211 0.000521 9
490 152 524 191 0.000514 9
802 630 816 678 0.000511 9
311 67 366 194 0.000510 9
808 376 814 392 0.000508 9
671 315 681 332 0.000507 9
1046 153 1064 182 0.000504 9
1103 678 1120 699 0.000496 9
1166 146 1195 185 0.000496 9
95 183 101 200 0.000495 9
1149 101 1199 138 0.000495 9
1000 614 1057 703 0.000495 9
800 631 808 654 0.000491 9
1149 97 1202 136 0.000490 9
784 112 835 151 0.000487 9
1097 163 1153 206 0.000481 9
1219 163 1247 185 0.000480 9
1169 141 1185 167 0.000479 9
999 181 1008 201 0.000478 9
95 184 101 200 0.000478 9
169 64 240 91 0.000477 9
856 115 870 136 0.000474 9
802 141 812 159 0.000469 9
1155 147 1195 185 0.000469 9
475 151 524 182 0.000464 9
211 167 217 176 0.000461 9
996 133 1009 173 0.000460 9
352 162 365 191 0.000459 9
912 152 929 178 0.000459 9
831 135 861 166 0.000453 9
1188 145 1215 195 0.000453 9
665 314 681 351 0.000452 9
831 151 840 163 0.000450 9
1075 139 1103 183 0.000450 9
663 294 674 351 0.000446 9
112 150 127 163 0.000443 9
1000 679 1024 703 0.000443 9
567 162 582 200 0.000441 9
905 77 937 120 0.000439 9
765 72 784 137 0.000436 9
701 151 711 178 0.000436 9
753 68 784 141 0.000434 9
993 131 1004 171 0.000433 9
663 311 682 352 0.000432 9
374 182 386 200 0.000429 9
855 634 864 656 0.000424 9
896 559 912 599 0.000421 9
1088 153 1104 202 0.000420 9
690 120 706 153 0.000418 9
1151 158 1196 185 0.000415 9
1207 158 1229 186 0.000415 9
1016 129 1041 164 0.000415 9
585 159 605 184 0.000415 9
1149 98 1201 136 0.000414 9
899 584 911 600 0.000414 9
808 160 858 218 0.000413 9
767 96 784 136 0.000410 9
911 152 929 180 0.000410 9
496 169 515 190 0.000409 9
690 167 706 182 0.000407 9
783 112 835 136 0.000407 9
797 629 816 678 0.000406 9
853 670 876 697 0.000405 9
996 129 1009 173 0.000401 9
219 176 247 192 0.000400 9
967 636 976 675 0.000398 9
837 119 851 135 0.000397 9
1188 138 1207 189 0.000394 9
1249 352 1264 405 0.000393 9
638 64 663 82 0.000393 9
340 162 353 196 0.000391 9
829 135 920 169 0.000388 9
572 138 581 162 0.000384 9
1047 156 1057 185 0.000384 9
1039 643 1056 699 0.000384 9
119 64 173 89 0.000383 9
68 171 80 200 0.000383 9
1210 161 1247 182 0.000381 9
596 64 625 93 0.000379 9
968 637 976 674 0.000375 9
1094 128 1113 159 0.000375 9
860 111 869 119 0.000375 9
853 673 876 698 0.000373 9
1017 137 1042 169 0.000371 9
566 144 580 168 0.000370 9
596 149 609 168 0.000370 9
580 64 597 93 0.000370 9
1038 150 1056 173 0.000369 9
1016 634 1057 702 0.000368 9
575 275 604 345 0.000367 9
164 246 192 275 0.000366 9
579 302 593 316 0.000364 9
481 151 524 178 0.000362 9
789 330 809 345 0.000358 9
763 68 784 135 0.000357 9
567 143 581 162 0.000355 9
783 113 831 136 0.000355 9
295 500 305 520 0.000354 9
1073 151 1080 168 0.000353 9
895 557 904 599 0.000348 9
1109 161 1170 186 0.000344 9
638 64 665 83 0.000340 9
1073 151 1080 165 0.000339 9
1249 354 1264 379 0.000337 9
309 99 328 161 0.000337 9
848 136 939 176 0.000336 9
783 113 835 138 0.000335 9
907 103 934 120 0.000335 9
414 174 421 203 0.000333 9
791 131 817 158 0.000332 9
839 147 879 178 0.000330 9
586 118 598 143 0.000329 9
807 160 858 207 0.000324 9
260 166 271 179 0.000323 9
168 247 192 263 0.000323 9
689 118 705 155 0.000321 9
1185 164 1217 201 0.000321 9
696 135 712 179 0.000320 9
810 159 857 180 0.000320 9
568 142 581 164 0.000320 9
663 168 687 210 0.000319 9
444 147 532 177 0.000314 9
910 151 930 179 0.000311 9
833 136 895 169 0.000310 9
294 495 305 521 0.000307 9
373 150 382 170 0.000306 9
310 93 330 172 0.000305 9
1050 113 1081 147 0.000304 9
309 105 325 160 0.000304 9
853 667 874 698 0.000303 9
479 335 496 358 0.000303 9
1101 164 1147 186 0.000303 9
677 166 689 211 0.000301 9
903 135 937 182 0.000300 9
586 118 598 133 0.000299 9
1094 157 1113 200 0.000298 9
664 163 671 175 0.000298 9
575 130 581 154 0.000297 9
256 160 267 175 0.000297 9
943 168 960 183 0.000296 9
247 194 256 214 0.000293 9
509 145 525 180 0.000291 9
689 119 705 159 0.000289 9
741 361 751 374 0.000289 9
687 118 717 146 0.000289 9
209 182 226 199 0.000289 9
1225 162 1276 183 0.000289 9
352 166 364 190 0.000289 9
828 135 926 173 0.000289 9
903 68 935 119 0.000287 9
697 152 710 176 0.000286 9
589 64 624 93 0.000286 9
808 160 858 192 0.000284 9
903 634 912 659 0.000282 9
694 136 712 179 0.000282 9
682 168 701 201 0.000282 9
1028 640 1056 700 0.000280 9
1084 134 1101 176 0.000279 9
856 646 873 678 0.000279 9
927 109 936 120 0.000279 9
1145 131 1192 184 0.000278 9
95 151 129 177 0.000278 9
415 175 422 203 0.000277 9
308 105 335 190 0.000276 9
1020 160 1031 179 0.000275 9
1085 142 1127 180 0.000274 9
1148 96 1202 136 0.000274 9
853 632 874 680 0.000273 9
313 64 336 169 0.000273 9
1142 133 1198 187 0.000272 9
591 146 605 182 0.000271 9
172 248 192 274 0.000270 9
661 316 680 354 0.000270 9
596 142 608 167 0.000269 9
1204 144 1226 194 0.000269 9
660 152 671 173 0.000268 9
384 149 399 161 0.000267 9
162 245 191 275 0.000265 9
808 151 853 183 0.000264 9
701 118 720 149 0.000262 9
967 638 976 676 0.000261 9
1196 382 1232 426 0.000261 9
1122 367 1136 388 0.000260 9
1154 158 1202 186 0.000258 9
694 118 718 180 0.000256 9
587 123 601 163 0.000256 9
1018 620 1058 698 0.000255 9
911 160 927 179 0.000255 9
1109 151 1120 161 0.000254 9
218 177 247 194 0.000253 9
165 247 192 263 0.000252 9
241 161 252 179 0.000251 9
817 360 832 376 0.000250 9
807 541 816 565 0.000249 9
310 107 325 161 0.000248 9
811 127 833 151 0.000247 9
855 634 867 676 0.000247 9
1006 614 1026 690 0.000245 9
999 124 1007 136 0.000245 9
876 135 937 181 0.000244 9
768 100 784 138 0.000244 9
1007 615 1025 684 0.000243 9
586 119 598 137 0.000243 9
814 149 833 162 0.000242 9
162 245 192 264 0.000242 9
801 113 835 134 0.000242 9
696 117 720 163 0.000241 9
1140 101 1188 177 0.000239 9
1195 374 1263 425 0.000239 9
1098 131 1134 167 0.000239 9
576 285 596 331 0.000238 9
221 167 231 176 0.000237 9
1138 99 1204 183 0.000237 9
1246 349 1264 405 0.000237 9
1039 632 1055 665 0.000236 9
432 171 446 192 0.000236 9
580 64 597 91 0.000236 9
937 134 959 151 0.000236 9
304 85 341 198 0.000235 9
832 138 856 163 0.000235 9
983 666 996 693 0.000234 9
158 208 168 230 0.000233 9
867 120 879 136 0.000231 9
1072 148 1097 193 0.000231 9
679 158 688 184 0.000230 9
95 152 110 177 0.000230 9
309 105 326 161 0.000229 9
851 642 874 687 0.000229 9
832 135 937 175 0.000229 9
1198 377 1262 426 0.000228 9
433 171 446 192 0.000227 9
217 176 246 193 0.000227 9
593 64 625 93 0.000226 9
350 167 369 199 0.000225 9
1099 154 1144 185 0.000222 9
584 123 608 183 0.000222 9
1132 679 1152 703 0.000221 9
512 145 525 181 0.000221 9
1102 160 1144 185 0.000220 9
214 161 226 177 0.000220 9
847 165 881 235 0.000219 9
1096 129 1134 167 0.000217 9
662 288 687 353 0.000217 9
812 129 833 139 0.000217 9
850 136 939 166 0.000216 9
1071 150 1095 213 0.000216 9
597 134 605 143 0.000216 9
735 120 753 156 0.000216 9
1039 631 1056 693 0.000216 9
660 169 691 215 0.000215 9
312 88 361 168 0.000214 9
1141 122 1196 184 0.000214 9
258 168 271 192 0.000213 9
240 180 256 215 0.000212 9
448 153 491 171 0.000212 9
119 64 159 88 0.000212 9
1168 630 1184 666 0.000212 9
1205 351 1264 425 0.000211 9
927 149 938 167 0.000210 9
927 149 938 172 0.000209 9
907 102 934 120 0.000208 9
688 119 708 177 0.000207 9
255 108 263 127 0.000207 9
575 275 603 343 0.000207 9
1246 358 1262 376 0.000203 9
1101 131 1137 164 0.000202 9
512 148 545 184 0.000202 9
891 135 937 153 0.000201 9
905 73 943 120 0.000201 9
575 275 606 351 0.000201 9
1120 679 1152 703 0.000201 9
1101 158 1161 186 0.000200 9
150 64 255 93 0.000199 9
812 114 840 134 0.000199 9
858 136 939 174 0.000199 9
596 533 609 568 0.000198 9
896 553 912 599 0.000198 9
1070 128 1143 201 0.000197 9
615 519 624 549 0.000196 9
1007 504 1024 521 0.000196 9
1121 361 1136 385 0.000195 9
111 135 127 165 0.000194 9
1019 681 1040 703 0.000193 9
312 138 353 195 0.000191 9
663 306 689 363 0.000190 9
878 626 896 681 0.000189 9
614 519 624 557 0.000189 9
581 118 602 169 0.000187 9
575 129 607 185 0.000187 9
967 631 976 675 0.000187 9
1036 120 1106 193 0.000187 9
110 123 128 165 0.000186 9
876 628 898 683 0.000186 9
894 552 905 598 0.000185 9
309 96 331 182 0.000185 9
353 149 383 188 0.000185 9
170 248 192 261 0.000184 9
887 569 895 594 0.000184 9
997 167 1010 212 0.000182 9
743 150 752 157 0.000182 9
446 157 494 218 0.000179 9
1052 121 1125 181 0.000179 9
408 180 418 203 0.000179 9
308 80 333 158 0.000177 9
1015 125 1041 168 0.000177 9
1042 153 1064 197 0.000175 9
1140 98 1210 184 0.000175 9
904 79 936 120 0.000174 9
811 78 863 135 0.000174 9
805 77 857 123 0.000172 9
853 672 888 702 0.000171 9
830 134 862 165 0.000169 9
1046 143 1103 188 0.000169 9
732 120 753 156 0.000168 9
806 78 859 124 0.000168 9
952 553 960 567 0.000168 9
258 68 342 196 0.000167 9
247 163 257 175 0.000166 9
315 64 354 173 0.000166 9
541 160 581 181 0.000166 9
662 311 682 356 0.000165 9
1121 64 1153 76 0.000165 9
783 108 846 136 0.000164 9
944 326 961 344 0.000164 9
1120 374 1129 386 0.000163 9
903 135 937 152 0.000163 9
1005 613 1061 697 0.000162 9
1103 534 1120 583 0.000162 9
992 129 1000 165 0.000161 9
1050 117 1067 134 0.000161 9
1015 663 1023 679 0.000161 9
1151 162 1195 184 0.000161 9
586 119 598 134 0.000160 9
574 122 581 155 0.000160 9
855 633 876 677 0.000160 9
1119 679 1152 703 0.000160 9
461 181 477 202 0.000159 9
576 278 595 323 0.000159 9
877 617 900 682 0.000159 9
575 123 605 183 0.000158 9
989 120 998 143 0.000158 9
1162 97 1201 136 0.000158 9
470 164 504 201 0.000158 9
1107 139 1137 164 0.000157 9
701 118 720 141 0.000157 9
1224 161 1272 183 0.000157 9
97 150 128 173 0.000157 9
256 162 270 188 0.000157 9
362 186 375 200 0.000156 9
983 666 1005 702 0.000156 9
984 120 993 140 0.000156 9
1191 135 1206 187 0.000155 9
161 64 204 105 0.000155 9
941 167 962 191 0.000155 9
1132 679 1152 703 0.000155 9
812 79 858 121 0.000154 9
879 113 899 137 0.000154 9
854 633 875 680 0.000154 9
975 168 991 186 0.000153 9
877 624 899 683 0.000153 9
1090 677 1121 703 0.000152 9
594 64 643 95 0.000151 9
684 119 713 180 0.000151 9
1100 151 1126 178 0.000151 9
1162 145 1201 186 0.000150 9
983 555 999 578 0.000150 9
346 147 382 190 0.000150 9
950 648 960 674 0.000149 9
1199 134 1219 184 0.000149 9
1220 348 1264 412 0.000149 9
844 135 939 154 0.000148 9
1113 145 1137 163 0.000148 9
687 155 704 180 0.000148 9
992 134 1023 175 0.000148 9
312 142 342 191 0.000147 9
668 306 689 354 0.000147 9
680 147 690 163 0.000147 9
323 91 341 153 0.000147 9
851 136 938 153 0.000146 9
766 96 784 141 0.000146 9
409 175 418 200 0.000146 9
664 302 689 368 0.000146 9
1163 96 1202 136 0.000145 9
902 633 913 674 0.000145 9
859 136 937 153 0.000145 9
667 166 686 196 0.000145 9
1006 613 1059 701 0.000145 9
208 67 237 87 0.000144 9
933 133 961 152 0.000142 9
999 508 1008 522 0.000141 9
813 81 866 136 0.000141 9
1016 176 1027 185 0.000140 9
808 84 858 134 0.000139 9
1103 534 1118 583 0.000139 9
856 664 881 698 0.000139 9
1112 141 1137 161 0.000139 9
959 134 987 163 0.000139 9
1151 102 1198 129 0.000138 9
1088 146 1118 184 0.000138 9
975 167 992 185 0.000138 9
310 109 389 201 0.000137 9
856 110 869 121 0.000136 9
454 182 471 204 0.000136 9
478 143 583 207 0.000136 9
992 131 1011 204 0.000134 9
697 171 711 190 0.000134 9
255 94 270 127 0.000133 9
895 652 903 671 0.000133 9
698 328 703 338 0.000133 9
432 170 446 190 0.000132 9
1088 228 1103 271 0.000131 9
1167 630 1184 668 0.000131 9
876 99 908 137 0.000131 9
1004 144 1067 191 0.000130 9
761 68 784 130 0.000130 9
951 550 960 567 0.000130 9
594 64 632 93 0.000130 9
213 172 235 197 0.000129 9
734 627 743 646 0.000129 9
930 134 961 153 0.000127 9
257 143 271 177 0.000126 9
680 132 690 162 0.000126 9
1247 326 1264 360 0.000126 9
783 111 835 135 0.000126 9
1006 614 1026 684 0.000125 9
818 115 854 135 0.000125 9
163 245 192 283 0.000125 9
1006 614 1026 682 0.000125 9
258 175 271 195 0.000124 9
878 107 912 139 0.000124 9
904 127 912 137 0.000124 9
959 134 985 162 0.000124 9
968 559 976 575 0.000124 9
66 169 81 179 0.000124 9
984 555 1000 577 0.000124 9
1072 134 1102 177 0.000123 9
901 630 912 660 0.000123 9
677 164 689 204 0.000123 9
595 64 625 91 0.000123 9
703 118 720 155 0.000122 9
871 633 881 654 0.000122 9
246 161 257 175 0.000121 9
799 106 844 134 0.000121 9
887 566 896 594 0.000120 9
595 525 609 570 0.000119 9
1017 169 1033 186 0.000119 9
969 172 978 186 0.000119 9
433 171 446 195 0.000118 9
856 92 887 136 0.000118 9
1049 112 1144 180 0.000118 9
1210 151 1224 163 0.000118 9
685 298 703 342 0.000118 9
543 160 573 175 0.000118 9
856 631 891 685 0.000117 9
1203 382 1259 427 0.000117 9
244 131 255 144 0.000117 9
596 292 608 328 0.000117 9
925 134 962 165 0.000117 9
783 115 820 135 0.000116 9
405 182 417 205 0.000116 9
829 135 922 167 0.000116 9
515 407 544 427 0.000116 9
637 76 657 104 0.000116 9
1024 120 1034 128 0.000116 9
576 289 594 323 0.000115 9
878 612 899 683 0.000115 9
951 647 960 673 0.000115 9
733 360 745 376 0.000115 9
313 64 338 157 0.000115 9
685 118 703 130 0.000115 9
926 134 960 152 0.000115 9
846 135 937 152 0.000114 9
1038 163 1056 190 0.000114 9
449 146 529 171 0.000114 9
594 64 637 107 0.000114 9
813 78 854 121 0.000113 9
165 64 207 104 0.000113 9
433 170 446 181 0.000112 9
1103 129 1136 163 0.000112 9
861 135 938 152 0.000112 9
575 312 593 391 0.000111 9
351 156 367 192 0.000111 9
730 119 753 156 0.000111 9
637 64 668 83 0.000111 9
1017 635 1057 703 0.000110 9
1206 165 1232 221 0.000110 9
856 631 893 689 0.000110 9
1040 632 1055 646 0.000110 9
983 557 999 591 0.000110 9
1007 615 1025 663 0.000109 9
1079 134 1097 155 0.000109 9
837 88 850 116 0.000109 9
734 353 754 375 0.000108 9
957 176 966 199 0.000108 9
591 531 603 570 0.000107 9
871 117 895 137 0.000106 9
1116 679 1152 703 0.000106 9
416 171 437 203 0.000105 9
852 630 889 695 0.000105 9
927 84 944 120 0.000105 9
575 315 594 391 0.000104 9
1206 90 1234 165 0.000104 9
1086 121 1105 146 0.000104 9
1119 358 1136 386 0.000104 9
927 142 945 170 0.000104 9
861 97 902 137 0.000102 9
866 628 899 683 0.000102 9
894 628 914 681 0.000102 9
373 163 409 185 0.000102 9
803 77 856 124 0.000102 9
672 298 690 353 0.000102 9
635 64 666 106 0.000102 9
822 621 851 688 0.000101 9
444 157 491 211 0.000101 9
510 153 569 184 0.000101 9
840 135 944 159 0.000101 9
860 160 906 209 0.000101 9
789 136 802 153 0.000101 9
1120 679 1152 703 0.000100 9
313 151 341 194 0.013455 11
313 150 341 193 0.008142 11
1050 111 1083 147 0.006687 11
1182 188 1200 215 0.004178 11
1051 111 1083 145 0.003228 11
516 191 527 201 0.002974 11
313 153 341 193 0.002759 11
1050 111 1083 146 0.001839 11
1055 115 1066 130 0.001812 11
1051 111 1082 144 0.001809 11
1050 110 1084 146 0.000422 11
