1059 200 1122 323 0.789988 0
1130 192 1157 253 0.765884 0
693 198 723 278 0.751059 0
695 198 724 278 0.677160 0
893 188 928 295 0.653575 0
1129 192 1156 255 0.650915 0
695 199 723 277 0.650027 0
691 198 723 278 0.497873 0
1129 194 1157 252 0.376216 0
510 197 532 246 0.366597 0
508 195 536 248 0.326499 0
508 193 535 248 0.314020 0
509 196 533 248 0.269137 0
508 195 531 248 0.254778 0
509 198 530 246 0.252653 0
507 193 539 248 0.235915 0
509 195 540 248 0.196339 0
448 199 458 245 0.184124 0
510 196 540 248 0.176067 0
511 196 532 247 0.158644 0
508 193 541 249 0.153080 0
448 199 459 248 0.136030 0
448 199 459 245 0.124254 0
508 194 542 249 0.119116 0
448 199 459 246 0.109443 0
1038 200 1051 230 0.108002 0
1038 200 1051 231 0.104068 0
1037 198 1051 231 0.093214 0
447 199 458 240 0.082517 0
574 428 592 457 0.078652 0
750 417 770 472 0.076290 0
893 198 924 256 0.074976 0
893 201 912 257 0.066037 0
894 202 913 260 0.060718 0
508 197 525 242 0.055292 0
1037 196 1052 231 0.054051 0
574 427 592 457 0.049736 0
750 418 769 471 0.049208 0
1037 197 1051 230 0.045246 0
894 200 916 257 0.044330 0
750 418 769 472 0.042500 0
449 199 459 249 0.041725 0
964 365 980 407 0.040807 0
1037 198 1053 231 0.038351 0
965 367 979 391 0.036682 0
964 367 980 406 0.035598 0
519 197 541 249 0.035126 0
447 198 459 245 0.034829 0
965 363 980 403 0.034083 0
965 368 979 395 0.032196 0
506 197 530 248 0.031996 0
894 200 927 256 0.031784 0
525 196 541 244 0.031504 0
633 202 643 215 0.030956 0
633 202 643 215 0.030446 0
1130 192 1156 252 0.030139 0
1038 199 1053 230 0.027842 0
449 199 461 246 0.026826 0
895 204 915 258 0.024936 0
750 426 769 472 0.024859 0
789 329 810 344 0.024335 0
893 202 912 254 0.023832 0
965 370 979 391 0.022527 0
789 329 810 344 0.021956 0
750 424 769 472 0.021735 0
1038 199 1053 232 0.021728 0
847 199 857 228 0.021332 0
1148 211 1162 249 0.020458 0
514 189 534 231 0.019867 0
962 366 980 407 0.019178 0
449 199 461 247 0.019099 0
508 193 538 235 0.018962 0
527 197 540 220 0.017887 0
1064 215 1108 318 0.017701 0
963 366 981 407 0.017456 0
1036 190 1052 231 0.017398 0
528 198 541 218 0.017386 0
847 199 865 242 0.016461 0
1147 211 1162 250 0.016413 0
633 201 646 215 0.015991 0
846 198 857 242 0.015954 0
846 199 856 240 0.014869 0
785 198 794 215 0.014840 0
845 199 857 242 0.014806 0
847 196 866 242 0.014624 0
863 439 875 455 0.014550 0
847 199 856 239 0.013868 0
750 432 769 472 0.013809 0
964 359 980 394 0.013058 0
1215 196 1226 212 0.012513 0
748 419 770 473 0.012495 0
633 202 650 216 0.012162 0
961 362 980 403 0.012142 0
750 435 767 472 0.011963 0
1213 198 1226 215 0.011939 0
958 375 968 406 0.011799 0
1072 218 1112 324 0.011786 0
822 329 847 344 0.011520 0
1113 194 1120 207 0.011306 0
846 198 867 242 0.011270 0
573 422 592 457 0.011264 0
1012 206 1024 224 0.011120 0
1109 194 1120 209 0.010974 0
1148 210 1162 231 0.010599 0
1071 485 1080 499 0.010513 0
247 206 262 225 0.010318 0
214 189 224 228 0.010054 0
1041 456 1048 464 0.010031 0
976 367 986 392 0.009910 0
528 199 541 218 0.009581 0
864 441 873 455 0.009560 0
972 369 981 392 0.009381 0
213 191 224 228 0.009361 0
958 364 980 410 0.009271 0
962 364 984 408 0.009243 0
1210 193 1226 215 0.009088 0
465 199 473 216 0.009004 0
508 190 528 217 0.008857 0
1010 207 1024 226 0.008603 0
506 200 524 227 0.008550 0
1000 385 1015 400 0.008404 0
958 375 967 407 0.008343 0
1128 192 1167 255 0.008241 0
470 198 479 216 0.008215 0
894 200 911 234 0.008195 0
213 193 224 229 0.007787 0
789 329 810 344 0.007679 0
895 201 928 277 0.007583 0
244 207 255 239 0.007521 0
573 425 589 452 0.007381 0
957 370 969 408 0.007365 0
469 200 478 217 0.007364 0
1005 386 1023 401 0.007311 0
1177 496 1185 504 0.007237 0
1033 196 1051 230 0.007185 0
981 368 991 392 0.007136 0
1271 198 1279 236 0.007103 0
449 199 461 243 0.007004 0
974 368 984 392 0.006982 0
982 373 990 392 0.006910 0
789 329 810 344 0.006655 0
1214 198 1227 232 0.006579 0
465 200 477 248 0.006575 0
247 197 262 226 0.006574 0
1072 488 1080 503 0.006541 0
468 200 478 220 0.006506 0
832 480 840 486 0.006405 0
506 198 518 216 0.006333 0
1079 217 1112 321 0.006283 0
978 366 989 394 0.006057 0
465 200 476 228 0.005992 0
1032 196 1051 230 0.005985 0
978 367 987 393 0.005960 0
213 193 224 228 0.005836 0
670 207 678 230 0.005836 0
1066 218 1096 318 0.005829 0
789 326 810 344 0.005788 0
636 199 653 216 0.005709 0
448 198 461 251 0.005659 0
1192 383 1206 401 0.005654 0
1136 446 1143 456 0.005600 0
958 374 968 404 0.005587 0
865 208 874 237 0.005545 0
631 423 639 438 0.005503 0
846 203 869 242 0.005487 0
469 197 479 218 0.005483 0
670 207 679 232 0.005473 0
863 436 877 455 0.005447 0
246 198 262 226 0.005307 0
685 201 692 218 0.005193 0
1211 192 1225 209 0.005188 0
895 188 925 245 0.005174 0
864 209 874 239 0.005044 0
696 200 722 276 0.005019 0
1210 168 1225 212 0.005016 0
1030 452 1040 464 0.004953 0
1271 199 1279 236 0.004950 0
1016 456 1025 465 0.004947 0
1214 205 1227 257 0.004921 0
693 193 704 214 0.004910 0
1269 197 1279 241 0.004857 0
648 409 656 425 0.004779 0
213 193 225 230 0.004760 0
0 64 68 218 0.004712 0
1210 192 1226 216 0.004687 0
466 200 478 248 0.004675 0
465 199 478 261 0.004636 0
1247 477 1257 485 0.004613 0
468 200 478 224 0.004609 0
1182 350 1193 392 0.004448 0
466 201 473 217 0.004427 0
246 206 262 238 0.004426 0
856 218 873 277 0.004408 0
1149 316 1169 360 0.004375 0
891 190 949 295 0.004370 0
1210 172 1226 212 0.004335 0
978 358 993 392 0.004333 0
1148 210 1177 255 0.004259 0
864 438 879 456 0.004250 0
638 687 671 703 0.004233 0
792 328 820 344 0.004225 0
33 64 339 218 0.004186 0
1183 359 1192 391 0.004173 0
969 456 976 462 0.004153 0
247 208 262 225 0.004153 0
1206 200 1240 267 0.004105 0
1158 498 1171 510 0.004103 0
862 433 870 449 0.004092 0
1178 344 1196 360 0.004084 0
691 199 721 278 0.004047 0
1135 445 1144 466 0.003987 0
479 198 487 216 0.003925 0
794 328 819 344 0.003923 0
647 408 655 424 0.003919 0
1023 456 1032 464 0.003893 0
638 690 651 703 0.003822 0
784 198 794 215 0.003811 0
217 187 224 205 0.003807 0
855 224 871 277 0.003794 0
839 198 856 241 0.003757 0
854 218 872 278 0.003750 0
606 176 613 184 0.003745 0
450 199 462 218 0.003727 0
1191 356 1211 404 0.003721 0
244 206 262 239 0.003709 0
542 195 554 216 0.003706 0
1205 504 1217 513 0.003706 0
670 207 679 230 0.003678 0
1183 364 1192 393 0.003664 0
1213 204 1228 264 0.003653 0
1055 488 1067 497 0.003642 0
638 663 671 703 0.003635 0
714 197 728 231 0.003595 0
465 200 477 249 0.003571 0
878 434 889 456 0.003533 0
691 204 704 237 0.003511 0
8 64 327 219 0.003451 0
878 200 902 236 0.003421 0
725 418 737 456 0.003414 0
1147 209 1176 254 0.003411 0
1108 195 1120 208 0.003369 0
1247 473 1257 484 0.003348 0
992 455 999 464 0.003346 0
822 329 847 345 0.003327 0
1217 191 1261 266 0.003302 0
784 194 795 216 0.003283 0
847 213 871 243 0.003278 0
813 328 838 344 0.003271 0
864 442 879 456 0.003268 0
820 329 847 345 0.003252 0
989 204 999 227 0.003246 0
1178 344 1195 359 0.003241 0
813 327 831 344 0.003238 0
898 188 924 224 0.003229 0
684 198 692 215 0.003210 0
1 64 257 218 0.003202 0
783 197 794 234 0.003202 0
319 204 331 229 0.003178 0
1199 503 1211 512 0.003133 0
993 446 1000 460 0.003131 0
915 473 928 486 0.003126 0
631 423 640 459 0.003121 0
784 197 800 234 0.003097 0
625 179 637 199 0.003082 0
1213 206 1226 264 0.003080 0
242 210 255 239 0.003071 0
863 216 873 237 0.003048 0
1008 432 1015 439 0.003022 0
878 204 891 234 0.002984 0
1248 474 1265 516 0.002979 0
1028 448 1039 463 0.002977 0
310 185 322 198 0.002974 0
785 197 797 214 0.002948 0
828 199 856 241 0.002932 0
878 436 889 457 0.002923 0
980 351 994 391 0.002918 0
56 64 339 214 0.002908 0
466 198 477 250 0.002883 0
713 205 727 234 0.002883 0
1272 200 1279 244 0.002881 0
1176 497 1185 511 0.002872 0
1214 193 1246 267 0.002867 0
854 222 871 279 0.002851 0
569 425 576 431 0.002844 0
1 64 218 218 0.002818 0
721 419 738 460 0.002816 0
840 197 857 240 0.002796 0
1212 198 1239 267 0.002778 0
545 202 553 217 0.002776 0
1157 497 1169 509 0.002771 0
950 348 961 392 0.002771 0
734 422 780 472 0.002769 0
1071 482 1080 498 0.002764 0
641 205 653 216 0.002763 0
1152 499 1167 510 0.002747 0
963 356 990 393 0.002744 0
241 195 263 234 0.002725 0
1122 401 1128 414 0.002712 0
1150 329 1169 360 0.002706 0
478 200 485 217 0.002699 0
989 200 1006 226 0.002684 0
1212 201 1236 267 0.002684 0
878 433 889 455 0.002636 0
982 205 994 227 0.002622 0
993 448 1002 462 0.002619 0
1 64 269 214 0.002586 0
632 202 647 225 0.002563 0
1121 396 1128 412 0.002556 0
5 64 337 225 0.002538 0
948 349 962 400 0.002532 0
712 200 724 226 0.002512 0
773 428 785 460 0.002496 0
1152 440 1158 454 0.002483 0
783 196 794 236 0.002478 0
638 666 672 703 0.002476 0
832 471 840 479 0.002467 0
720 416 739 464 0.002464 0
639 688 654 703 0.002449 0
831 465 840 474 0.002433 0
685 207 693 221 0.002428 0
241 195 254 225 0.002421 0
694 191 704 200 0.002421 0
924 202 945 252 0.002401 0
896 188 923 225 0.002397 0
1045 482 1057 497 0.002395 0
1136 444 1145 461 0.002394 0
927 205 945 252 0.002389 0
783 328 809 344 0.002388 0
850 191 894 283 0.002376 0
1247 475 1264 508 0.002375 0
914 473 928 486 0.002370 0
639 690 667 703 0.002361 0
1 64 183 219 0.002353 0
861 432 886 456 0.002352 0
1208 216 1227 266 0.002348 0
630 424 640 461 0.002308 0
1253 482 1268 514 0.002306 0
727 417 736 435 0.002305 0
1188 355 1212 405 0.002297 0
860 216 875 245 0.002282 0
956 362 988 424 0.002281 0
608 451 624 467 0.002267 0
376 186 385 201 0.002262 0
1007 454 1014 466 0.002239 0
606 201 615 215 0.002236 0
974 204 984 223 0.002231 0
1196 380 1211 415 0.002224 0
1177 344 1194 360 0.002220 0
773 432 785 471 0.002213 0
1023 445 1034 461 0.002201 0
1247 474 1262 514 0.002193 0
1123 399 1129 412 0.002190 0
990 211 998 226 0.002189 0
609 439 624 465 0.002186 0
956 369 979 433 0.002184 0
1129 502 1136 509 0.002183 0
983 447 993 455 0.002172 0
1250 479 1272 517 0.002155 0
1007 210 1025 232 0.002146 0
1026 449 1037 464 0.002136 0
771 421 785 462 0.002122 0
1187 355 1212 409 0.002105 0
750 417 769 452 0.002103 0
863 469 872 478 0.002097 0
1243 197 1256 234 0.002093 0
982 351 993 374 0.002076 0
457 203 464 217 0.002070 0
862 436 881 465 0.002059 0
853 462 866 472 0.002046 0
159 208 167 224 0.002046 0
755 433 799 473 0.002036 0
855 221 873 280 0.002033 0
574 404 592 459 0.002026 0
958 364 980 425 0.002011 0
727 418 736 437 0.002006 0
1215 199 1229 212 0.001997 0
1240 198 1256 233 0.001997 0
1195 357 1211 402 0.001989 0
611 420 625 463 0.001986 0
631 423 640 445 0.001982 0
863 436 882 479 0.001982 0
1067 228 1112 324 0.001979 0
1216 205 1231 254 0.001962 0
1214 367 1225 389 0.001957 0
1198 382 1212 416 0.001956 0
1213 199 1231 233 0.001930 0
615 415 624 434 0.001927 0
627 180 641 199 0.001914 0
320 64 638 265 0.001909 0
681 198 692 216 0.001901 0
1151 299 1168 345 0.001891 0
982 201 1000 227 0.001890 0
1191 382 1210 415 0.001881 0
1054 223 1088 305 0.001870 0
982 207 994 227 0.001863 0
735 446 744 458 0.001851 0
973 208 985 236 0.001849 0
914 453 928 484 0.001831 0
823 463 832 472 0.001829 0
854 219 871 280 0.001803 0
765 428 800 472 0.001786 0
721 413 749 463 0.001785 0
960 455 968 463 0.001780 0
784 197 798 234 0.001729 0
771 424 799 468 0.001715 0
1215 196 1243 267 0.001714 0
1176 344 1197 359 0.001705 0
865 207 880 241 0.001703 0
26 64 313 215 0.001674 0
1247 423 1254 434 0.001642 0
1218 194 1255 265 0.001637 0
214 184 231 227 0.001635 0
1151 497 1165 508 0.001601 0
734 420 769 466 0.001592 0
1023 481 1035 495 0.001582 0
1014 444 1025 464 0.001570 0
1072 503 1080 511 0.001557 0
719 419 741 467 0.001551 0
925 446 933 456 0.001543 0
719 194 726 204 0.001540 0
1086 251 1112 324 0.001539 0
311 64 437 206 0.001526 0
919 203 945 253 0.001525 0
998 374 1024 400 0.001518 0
750 437 771 481 0.001517 0
1219 206 1230 233 0.001515 0
1007 448 1014 463 0.001514 0
955 356 979 404 0.001512 0
738 426 800 473 0.001512 0
1128 446 1134 459 0.001503 0
1075 434 1088 456 0.001498 0
742 415 793 473 0.001490 0
466 428 496 449 0.001489 0
784 439 800 452 0.001488 0
851 205 897 285 0.001485 0
1098 399 1103 407 0.001470 0
733 435 769 472 0.001470 0
1134 446 1145 472 0.001465 0
854 226 870 281 0.001460 0
1189 356 1211 394 0.001460 0
835 469 848 479 0.001460 0
1269 199 1279 265 0.001455 0
982 208 1010 241 0.001453 0
495 179 560 252 0.001453 0
837 464 849 475 0.001452 0
638 673 672 703 0.001446 0
442 197 458 228 0.001443 0
1073 489 1081 506 0.001442 0
0 64 73 215 0.001433 0
464 201 479 270 0.001432 0
785 196 800 236 0.001429 0
610 407 624 437 0.001425 0
464 197 479 271 0.001424 0
450 198 462 250 0.001424 0
1213 369 1224 400 0.001423 0
1218 194 1271 266 0.001415 0
1043 482 1055 495 0.001411 0
1129 208 1153 252 0.001410 0
864 209 880 242 0.001403 0
719 429 736 458 0.001392 0
974 200 984 218 0.001391 0
982 204 1026 254 0.001390 0
552 426 592 457 0.001375 0
734 439 752 458 0.001373 0
862 435 882 478 0.001367 0
612 434 624 464 0.001364 0
912 473 928 487 0.001356 0
573 395 591 456 0.001356 0
1227 196 1256 234 0.001353 0
645 409 656 436 0.001353 0
1241 198 1256 234 0.001350 0
670 207 685 233 0.001347 0
886 471 896 482 0.001343 0
313 64 476 211 0.001341 0
1226 195 1256 234 0.001339 0
1127 445 1135 469 0.001335 0
732 422 755 459 0.001328 0
751 417 769 442 0.001328 0
441 201 457 246 0.001323 0
1226 196 1256 234 0.001312 0
885 440 897 456 0.001310 0
1181 231 1190 247 0.001307 0
1239 422 1246 439 0.001305 0
592 424 624 468 0.001303 0
638 661 672 703 0.001300 0
671 432 682 440 0.001299 0
894 414 913 457 0.001299 0
692 193 710 221 0.001298 0
847 463 859 476 0.001297 0
1041 220 1055 232 0.001296 0
15 64 338 223 0.001295 0
1080 433 1088 444 0.001295 0
567 427 592 457 0.001288 0
947 347 969 401 0.001285 0
1174 344 1197 359 0.001276 0
889 206 902 237 0.001267 0
199 211 208 226 0.001264 0
1087 459 1096 471 0.001262 0
972 207 997 253 0.001256 0
415 251 420 270 0.001247 0
999 384 1022 407 0.001236 0
1110 393 1123 407 0.001231 0
583 420 625 467 0.001230 0
647 192 654 206 0.001229 0
1194 379 1220 415 0.001226 0
1152 440 1160 457 0.001220 0
604 407 625 439 0.001220 0
778 423 801 462 0.001216 0
999 383 1023 408 0.001215 0
1045 480 1056 491 0.001215 0
1165 343 1196 393 0.001214 0
1007 424 1016 439 0.001214 0
975 367 992 407 0.001210 0
885 204 906 244 0.001210 0
213 185 230 229 0.001208 0
591 577 600 615 0.001203 0
879 204 892 235 0.001202 0
870 433 890 479 0.001197 0
822 326 847 343 0.001188 0
751 443 765 479 0.001188 0
712 427 719 442 0.001179 0
1010 374 1024 400 0.001174 0
957 366 980 425 0.001154 0
655 664 671 702 0.001152 0
1016 478 1025 488 0.001149 0
608 407 624 431 0.001148 0
800 440 808 450 0.001145 0
574 429 594 464 0.001134 0
895 415 913 442 0.001130 0
1045 411 1058 424 0.001129 0
1231 458 1240 470 0.001128 0
1184 350 1216 416 0.001126 0
863 436 882 478 0.001125 0
1071 434 1088 456 0.001123 0
911 200 946 252 0.001121 0
314 64 432 220 0.001118 0
335 64 436 214 0.001105 0
895 416 905 440 0.001104 0
1071 208 1083 225 0.001099 0
1073 435 1088 456 0.001097 0
1245 459 1257 472 0.001096 0
1110 395 1121 407 0.001091 0
345 186 353 199 0.001090 0
628 432 640 461 0.001087 0
1152 213 1177 256 0.001087 0
884 438 897 456 0.001075 0
933 203 944 215 0.001074 0
1163 497 1180 510 0.001072 0
800 414 809 422 0.001070 0
159 208 167 226 0.001068 0
1104 196 1120 209 0.001066 0
825 330 847 354 0.001064 0
1093 496 1101 506 0.001062 0
998 455 1007 465 0.001062 0
1034 191 1058 231 0.001062 0
860 463 872 478 0.001058 0
605 359 627 411 0.001056 0
375 185 386 213 0.001052 0
210 196 223 227 0.001049 0
1232 457 1240 468 0.001045 0
1263 179 1279 244 0.001043 0
1167 376 1181 393 0.001038 0
830 334 845 362 0.001036 0
808 382 814 391 0.001034 0
1239 424 1247 440 0.001030 0
1087 457 1096 471 0.001024 0
1079 192 1090 201 0.001019 0
719 433 731 462 0.001016 0
916 454 928 464 0.001015 0
312 64 467 306 0.001013 0
310 64 445 249 0.001009 0
429 222 439 230 0.001007 0
847 199 872 281 0.001004 0
1115 393 1127 412 0.001003 0
926 206 945 253 0.001001 0
550 203 560 216 0.001000 0
895 415 908 434 0.000998 0
1098 208 1104 222 0.000995 0
1140 196 1160 226 0.000995 0
199 209 208 225 0.000995 0
1008 476 1015 488 0.000994 0
801 440 819 454 0.000983 0
345 64 439 213 0.000983 0
604 360 625 409 0.000982 0
733 422 752 457 0.000982 0
896 439 904 456 0.000978 0
1156 438 1167 456 0.000973 0
634 190 652 214 0.000970 0
1176 489 1185 504 0.000970 0
1008 449 1025 467 0.000969 0
636 663 672 703 0.000968 0
682 203 692 216 0.000962 0
1129 196 1156 252 0.000958 0
1197 357 1210 387 0.000953 0
870 433 894 467 0.000952 0
1135 441 1144 458 0.000950 0
814 440 824 454 0.000949 0
1070 212 1082 229 0.000949 0
756 438 774 453 0.000948 0
786 319 810 344 0.000948 0
824 329 847 361 0.000946 0
1247 423 1255 441 0.000944 0
906 336 923 347 0.000944 0
1026 481 1039 494 0.000937 0
213 185 232 231 0.000935 0
351 188 357 199 0.000929 0
1247 476 1276 516 0.000927 0
784 424 792 439 0.000923 0
607 407 624 428 0.000922 0
752 418 781 469 0.000917 0
1208 206 1253 267 0.000916 0
696 199 721 227 0.000911 0
575 420 624 465 0.000910 0
1179 216 1208 249 0.000908 0
1143 504 1151 510 0.000907 0
596 424 609 440 0.000906 0
1263 73 1279 174 0.000905 0
0 64 25 215 0.000904 0
821 329 847 362 0.000903 0
666 207 678 230 0.000900 0
1001 432 1007 440 0.000896 0
1134 192 1153 220 0.000892 0
703 416 721 463 0.000891 0
1179 378 1202 401 0.000888 0
638 678 666 703 0.000885 0
1163 347 1195 394 0.000885 0
604 161 618 184 0.000883 0
607 360 625 409 0.000878 0
946 341 969 391 0.000873 0
780 462 799 473 0.000870 0
1190 214 1208 230 0.000861 0
311 64 494 207 0.000860 0
1080 406 1088 413 0.000859 0
909 337 930 409 0.000857 0
1075 455 1093 471 0.000855 0
671 462 680 471 0.000854 0
315 64 453 355 0.000853 0
666 206 677 230 0.000850 0
1118 64 1158 138 0.000850 0
1164 471 1177 479 0.000845 0
975 456 982 463 0.000845 0
1044 484 1072 499 0.000843 0
333 185 342 199 0.000834 0
1263 167 1279 248 0.000833 0
604 359 624 392 0.000831 0
895 417 905 456 0.000826 0
1147 339 1200 395 0.000825 0
949 370 960 399 0.000823 0
896 472 913 485 0.000818 0
1174 220 1190 246 0.000816 0
578 404 592 448 0.000816 0
892 417 914 457 0.000815 0
1263 64 1279 170 0.000815 0
693 424 703 441 0.000815 0
306 64 445 206 0.000812 0
719 432 728 445 0.000811 0
979 368 992 408 0.000809 0
489 193 541 252 0.000807 0
907 336 925 381 0.000806 0
961 440 967 453 0.000803 0
588 423 625 469 0.000797 0
719 427 740 471 0.000797 0
572 424 610 457 0.000797 0
920 448 930 457 0.000795 0
328 64 437 217 0.000795 0
1129 193 1154 251 0.000793 0
316 64 638 320 0.000791 0
208 198 224 227 0.000791 0
315 64 629 212 0.000790 0
730 435 798 474 0.000788 0
1238 455 1252 471 0.000784 0
1262 167 1279 243 0.000784 0
956 372 978 438 0.000784 0
1210 167 1230 215 0.000781 0
609 359 624 376 0.000781 0
1151 391 1157 399 0.000780 0
718 419 753 471 0.000776 0
264 196 272 207 0.000774 0
654 668 671 703 0.000773 0
605 357 627 433 0.000768 0
919 385 928 406 0.000766 0
1248 345 1264 376 0.000763 0
902 336 924 348 0.000761 0
925 437 934 455 0.000761 0
446 194 459 218 0.000760 0
1002 382 1024 422 0.000756 0
1178 347 1212 391 0.000756 0
386 197 396 206 0.000756 0
1073 429 1082 447 0.000755 0
511 426 527 448 0.000754 0
828 330 847 364 0.000751 0
1145 300 1168 345 0.000751 0
319 64 458 358 0.000749 0
1071 463 1080 471 0.000745 0
1248 346 1263 360 0.000745 0
87 64 344 206 0.000744 0
739 200 749 215 0.000743 0
1231 424 1240 434 0.000741 0
1254 508 1264 517 0.000739 0
907 336 926 390 0.000737 0
1104 192 1120 208 0.000736 0
77 64 338 227 0.000730 0
716 419 735 449 0.000724 0
655 663 671 701 0.000724 0
1222 197 1257 234 0.000723 0
1242 456 1260 471 0.000721 0
574 391 590 452 0.000721 0
1076 457 1093 472 0.000721 0
581 407 625 464 0.000720 0
1129 192 1145 216 0.000717 0
961 442 968 455 0.000716 0
406 251 413 271 0.000714 0
1112 460 1120 474 0.000714 0
944 354 980 404 0.000707 0
804 208 837 239 0.000707 0
318 64 431 205 0.000707 0
815 441 824 454 0.000700 0
1131 192 1149 218 0.000698 0
1071 446 1080 456 0.000696 0
1157 471 1169 479 0.000693 0
1074 211 1110 259 0.000693 0
989 358 1000 380 0.000693 0
415 252 420 270 0.000689 0
467 406 597 458 0.000687 0
1261 69 1279 277 0.000682 0
1240 457 1251 471 0.000680 0
951 371 967 407 0.000677 0
829 332 847 364 0.000676 0
1148 323 1172 401 0.000676 0
1190 355 1214 393 0.000675 0
207 394 224 417 0.000675 0
1153 440 1167 457 0.000672 0
983 441 993 455 0.000671 0
367 208 376 220 0.000671 0
993 445 1008 464 0.000671 0
606 361 624 407 0.000670 0
1016 484 1023 494 0.000669 0
1087 193 1096 203 0.000662 0
603 359 623 376 0.000661 0
1054 483 1084 502 0.000659 0
720 413 779 473 0.000657 0
1093 448 1104 470 0.000656 0
907 336 926 349 0.000655 0
849 226 867 312 0.000655 0
976 348 993 384 0.000655 0
1027 209 1059 252 0.000654 0
1089 255 1111 322 0.000654 0
537 199 556 219 0.000650 0
440 201 458 246 0.000649 0
595 359 624 393 0.000647 0
1247 343 1264 398 0.000645 0
817 278 849 344 0.000643 0
1194 172 1257 267 0.000643 0
905 336 931 388 0.000643 0
936 347 989 403 0.000641 0
733 440 767 469 0.000641 0
575 431 593 462 0.000636 0
1160 426 1168 440 0.000635 0
857 400 863 411 0.000634 0
135 214 147 234 0.000630 0
335 64 435 207 0.000630 0
1150 326 1179 398 0.000626 0
647 409 666 431 0.000625 0
1008 468 1016 479 0.000625 0
908 336 929 409 0.000625 0
644 425 656 450 0.000624 0
997 381 1023 412 0.000623 0
1109 454 1119 472 0.000623 0
1024 482 1037 498 0.000621 0
0 64 20 213 0.000621 0
1073 203 1092 226 0.000621 0
0 64 62 317 0.000620 0
789 328 810 354 0.000620 0
573 424 612 462 0.000620 0
988 359 1024 403 0.000619 0
735 421 760 452 0.000618 0
1095 440 1104 466 0.000617 0
1075 201 1099 231 0.000617 0
990 350 1002 372 0.000616 0
1149 328 1191 401 0.000614 0
774 462 792 473 0.000612 0
920 344 994 395 0.000609 0
1168 377 1185 392 0.000606 0
765 431 774 443 0.000606 0
0 64 60 218 0.000605 0
1070 453 1082 471 0.000605 0
591 424 602 432 0.000604 0
0 64 36 207 0.000603 0
367 207 375 231 0.000601 0
799 416 809 438 0.000600 0
1112 503 1120 509 0.000600 0
312 66 457 356 0.000599 0
866 222 880 242 0.000598 0
917 205 945 253 0.000597 0
631 681 653 703 0.000596 0
751 317 767 345 0.000594 0
809 270 849 344 0.000594 0
993 380 1017 406 0.000593 0
1154 498 1183 510 0.000589 0
657 423 680 440 0.000588 0
1086 491 1097 504 0.000587 0
1182 497 1202 511 0.000587 0
1164 343 1195 399 0.000585 0
726 324 744 339 0.000585 0
1144 377 1152 394 0.000585 0
154 64 264 218 0.000583 0
1231 470 1242 483 0.000582 0
1073 192 1098 225 0.000581 0
706 409 720 445 0.000580 0
316 64 368 177 0.000580 0
703 427 720 469 0.000579 0
1201 368 1225 413 0.000578 0
344 64 439 218 0.000577 0
1045 410 1055 423 0.000576 0
1052 202 1068 234 0.000573 0
462 194 480 298 0.000573 0
735 680 760 703 0.000572 0
575 367 593 434 0.000571 0
1084 342 1095 360 0.000570 0
0 65 76 224 0.000570 0
567 202 575 215 0.000567 0
730 412 771 457 0.000566 0
735 681 753 703 0.000565 0
1264 70 1279 172 0.000563 0
879 316 897 344 0.000560 0
615 358 624 375 0.000558 0
942 346 960 393 0.000554 0
1262 65 1279 280 0.000553 0
320 625 328 648 0.000552 0
316 64 632 303 0.000551 0
1143 384 1153 405 0.000551 0
1173 346 1214 412 0.000550 0
979 357 1010 398 0.000550 0
1161 377 1166 383 0.000549 0
664 463 672 471 0.000549 0
208 395 224 414 0.000547 0
1176 360 1210 408 0.000547 0
655 420 665 434 0.000547 0
314 64 613 208 0.000547 0
1078 191 1100 225 0.000546 0
714 214 725 265 0.000543 0
1014 361 1023 381 0.000541 0
1151 375 1160 399 0.000539 0
875 202 897 242 0.000538 0
904 336 924 350 0.000535 0
951 344 961 367 0.000533 0
0 64 74 219 0.000533 0
916 374 928 406 0.000531 0
1143 376 1153 399 0.000531 0
0 64 58 213 0.000531 0
826 316 848 343 0.000530 0
1208 507 1215 516 0.000526 0
576 423 624 466 0.000524 0
815 306 848 343 0.000523 0
988 353 1001 376 0.000520 0
825 313 848 343 0.000519 0
1214 369 1231 404 0.000518 0
1239 478 1249 485 0.000517 0
574 386 592 442 0.000516 0
1151 449 1160 470 0.000515 0
1092 455 1104 471 0.000515 0
972 362 997 424 0.000515 0
1263 65 1279 201 0.000515 0
954 366 995 431 0.000515 0
0 64 71 224 0.000515 0
854 432 903 484 0.000513 0
1231 165 1279 389 0.000511 0
632 663 672 703 0.000510 0
313 65 423 212 0.000510 0
435 195 448 208 0.000509 0
1119 439 1140 470 0.000508 0
666 193 672 216 0.000505 0
497 422 526 443 0.000503 0
314 64 368 198 0.000502 0
631 687 652 703 0.000500 0
1135 442 1153 471 0.000499 0
831 477 842 504 0.000498 0
997 376 1023 400 0.000498 0
663 207 680 231 0.000497 0
1024 361 1041 408 0.000496 0
712 197 728 227 0.000495 0
852 229 873 308 0.000493 0
798 417 816 448 0.000492 0
1063 205 1078 230 0.000492 0
575 370 592 430 0.000492 0
942 355 959 397 0.000489 0
659 409 672 433 0.000486 0
158 64 259 210 0.000486 0
943 382 950 393 0.000485 0
801 440 817 455 0.000485 0
1148 321 1177 401 0.000483 0
847 203 868 250 0.000483 0
326 64 517 360 0.000481 0
815 471 827 477 0.000478 0
1261 104 1279 185 0.000478 0
781 315 801 343 0.000477 0
1040 411 1049 425 0.000476 0
717 405 763 460 0.000474 0
1176 232 1186 246 0.000474 0
1 64 335 245 0.000472 0
1181 214 1198 232 0.000472 0
1221 408 1232 423 0.000471 0
1012 424 1024 437 0.000469 0
929 376 946 409 0.000468 0
926 429 934 447 0.000468 0
311 64 368 196 0.000468 0
1247 345 1264 376 0.000466 0
1047 455 1056 465 0.000466 0
1138 442 1153 463 0.000464 0
1261 130 1279 182 0.000463 0
1096 399 1104 419 0.000463 0
1039 64 1156 212 0.000463 0
847 180 869 238 0.000461 0
875 436 918 483 0.000460 0
494 409 517 426 0.000459 0
510 331 521 349 0.000458 0
799 409 809 422 0.000455 0
377 184 396 205 0.000455 0
752 319 768 344 0.000454 0
316 64 431 189 0.000454 0
766 203 783 235 0.000453 0
240 209 260 257 0.000452 0
968 448 976 461 0.000450 0
1229 176 1280 350 0.000450 0
1247 413 1254 427 0.000449 0
1229 332 1273 405 0.000449 0
39 102 133 202 0.000448 0
369 202 384 218 0.000447 0
820 456 832 471 0.000446 0
542 172 564 216 0.000446 0
671 386 688 424 0.000446 0
146 64 416 212 0.000446 0
1250 423 1264 440 0.000444 0
912 370 929 407 0.000443 0
911 375 928 408 0.000443 0
940 345 960 390 0.000443 0
868 326 880 342 0.000441 0
1254 426 1264 441 0.000441 0
1126 447 1136 473 0.000441 0
634 645 672 703 0.000439 0
1037 447 1048 465 0.000439 0
1042 411 1057 442 0.000438 0
1008 483 1018 495 0.000438 0
850 209 889 311 0.000436 0
1182 397 1191 409 0.000436 0
0 64 19 220 0.000434 0
654 199 662 216 0.000432 0
647 389 673 434 0.000432 0
1228 343 1269 409 0.000431 0
912 448 923 456 0.000430 0
934 455 943 464 0.000430 0
1032 64 1135 222 0.000429 0
1023 424 1033 440 0.000428 0
932 376 946 393 0.000427 0
453 187 548 256 0.000426 0
65 64 131 199 0.000426 0
310 64 438 227 0.000425 0
1234 471 1251 484 0.000423 0
823 479 848 512 0.000422 0
175 186 184 205 0.000422 0
751 314 768 344 0.000421 0
846 266 864 311 0.000420 0
1080 400 1088 411 0.000418 0
495 409 527 430 0.000417 0
358 64 492 214 0.000416 0
671 383 688 426 0.000414 0
558 582 568 619 0.000411 0
948 371 972 408 0.000410 0
992 441 1000 456 0.000409 0
564 201 576 215 0.000409 0
440 201 457 249 0.000409 0
905 336 926 351 0.000408 0
1220 422 1233 433 0.000408 0
799 418 817 447 0.000407 0
989 181 1010 221 0.000406 0
783 322 814 394 0.000406 0
881 431 902 457 0.000405 0
318 64 394 186 0.000405 0
1150 336 1168 401 0.000403 0
1233 411 1240 424 0.000403 0
308 64 369 196 0.000403 0
1262 168 1279 234 0.000402 0
995 381 1023 423 0.000402 0
907 337 937 395 0.000401 0
868 422 881 439 0.000400 0
813 305 829 343 0.000400 0
1117 64 1152 124 0.000400 0
860 424 878 450 0.000400 0
316 64 369 185 0.000399 0
266 202 273 216 0.000396 0
1141 409 1169 424 0.000396 0
125 210 135 227 0.000394 0
909 337 937 410 0.000394 0
158 64 423 237 0.000394 0
976 448 983 457 0.000391 0
1095 500 1104 511 0.000391 0
373 66 446 212 0.000390 0
1176 412 1183 423 0.000390 0
549 172 577 215 0.000389 0
205 200 224 228 0.000389 0
1144 409 1170 424 0.000388 0
209 182 225 228 0.000388 0
557 202 569 215 0.000388 0
670 207 687 237 0.000386 0
66 64 212 169 0.000385 0
857 432 869 443 0.000381 0
604 358 620 375 0.000380 0
1137 408 1166 423 0.000380 0
255 65 337 202 0.000379 0
1095 439 1103 451 0.000379 0
948 455 960 464 0.000379 0
1135 376 1156 408 0.000379 0
255 64 356 197 0.000378 0
997 382 1023 423 0.000377 0
910 374 928 408 0.000376 0
142 64 424 203 0.000376 0
1216 408 1225 424 0.000375 0
656 664 670 696 0.000374 0
155 64 258 202 0.000373 0
927 346 950 393 0.000372 0
1246 347 1262 377 0.000372 0
574 390 592 439 0.000371 0
1239 414 1247 427 0.000369 0
898 415 912 425 0.000369 0
1171 370 1214 418 0.000369 0
1215 421 1226 434 0.000369 0
800 418 818 439 0.000367 0
735 687 758 703 0.000366 0
246 278 256 295 0.000366 0
935 429 944 442 0.000365 0
684 191 704 216 0.000364 0
498 408 544 435 0.000364 0
944 381 955 404 0.000363 0
440 201 458 247 0.000363 0
1139 440 1153 460 0.000362 0
779 319 848 344 0.000362 0
260 196 269 207 0.000362 0
859 449 887 479 0.000362 0
1028 491 1039 501 0.000362 0
780 416 816 456 0.000359 0
158 71 215 214 0.000358 0
254 64 362 203 0.000356 0
939 344 961 388 0.000356 0
1136 386 1165 412 0.000354 0
388 185 398 206 0.000353 0
800 413 815 426 0.000353 0
1118 64 1136 131 0.000352 0
1262 94 1279 174 0.000352 0
313 194 333 231 0.000351 0
880 453 930 486 0.000351 0
1040 415 1057 458 0.000351 0
448 203 459 265 0.000351 0
3 64 339 251 0.000351 0
1 64 165 261 0.000350 0
431 217 439 225 0.000350 0
1069 192 1091 218 0.000349 0
607 371 622 423 0.000347 0
1055 424 1075 466 0.000347 0
365 185 375 200 0.000347 0
655 317 690 379 0.000346 0
1136 407 1170 424 0.000346 0
240 243 257 295 0.000345 0
671 394 687 425 0.000345 0
863 435 941 486 0.000345 0
879 317 896 343 0.000344 0
66 64 172 186 0.000343 0
858 404 864 414 0.000343 0
781 326 812 359 0.000343 0
631 677 648 703 0.000342 0
1095 406 1103 428 0.000342 0
259 194 326 377 0.000340 0
646 386 665 418 0.000339 0
1201 227 1252 270 0.000339 0
831 416 848 440 0.000338 0
1218 171 1259 236 0.000338 0
327 64 678 224 0.000338 0
673 393 688 424 0.000338 0
658 317 687 376 0.000338 0
314 64 437 169 0.000337 0
622 424 633 436 0.000337 0
1231 473 1243 486 0.000336 0
268 219 293 294 0.000336 0
797 326 846 363 0.000335 0
766 195 784 234 0.000335 0
1235 476 1253 509 0.000334 0
365 68 498 215 0.000333 0
255 65 325 167 0.000333 0
699 420 720 456 0.000333 0
698 328 703 339 0.000332 0
1079 338 1095 361 0.000332 0
591 366 609 411 0.000332 0
595 404 608 425 0.000332 0
0 66 18 216 0.000331 0
66 64 129 162 0.000331 0
65 64 139 204 0.000330 0
1118 443 1133 474 0.000330 0
1079 406 1088 424 0.000330 0
318 64 368 170 0.000329 0
1264 80 1279 172 0.000329 0
998 508 1008 537 0.000329 0
1048 196 1064 227 0.000328 0
1008 64 1124 225 0.000327 0
144 64 453 205 0.000326 0
578 580 592 616 0.000326 0
746 411 785 456 0.000326 0
247 278 255 294 0.000325 0
1089 193 1112 223 0.000325 0
315 64 435 183 0.000322 0
598 575 613 616 0.000322 0
656 321 686 378 0.000322 0
244 172 326 379 0.000321 0
768 312 795 344 0.000321 0
544 64 652 215 0.000320 0
871 438 922 485 0.000320 0
986 373 1015 403 0.000320 0
1039 421 1049 436 0.000319 0
671 406 687 436 0.000319 0
154 64 489 245 0.000319 0
1101 199 1124 222 0.000318 0
942 358 980 449 0.000318 0
145 64 459 211 0.000318 0
269 387 288 401 0.000317 0
821 279 849 343 0.000317 0
1116 64 1163 138 0.000316 0
1210 366 1220 397 0.000316 0
570 64 653 218 0.000314 0
1025 372 1041 408 0.000314 0
1249 492 1265 518 0.000313 0
1181 393 1202 417 0.000312 0
494 391 520 428 0.000311 0
839 455 875 479 0.000311 0
343 65 447 223 0.000310 0
591 407 621 436 0.000310 0
479 445 496 454 0.000310 0
407 252 413 271 0.000310 0
437 193 445 206 0.000309 0
1007 353 1024 378 0.000309 0
914 344 948 404 0.000308 0
1231 200 1279 406 0.000308 0
991 382 1020 408 0.000307 0
1119 464 1128 475 0.000307 0
727 695 753 703 0.000307 0
520 392 529 407 0.000307 0
1218 453 1223 467 0.000307 0
0 84 20 226 0.000306 0
591 391 608 421 0.000306 0
1232 425 1241 440 0.000305 0
5 65 82 220 0.000304 0
735 679 753 703 0.000304 0
207 394 224 423 0.000304 0
1135 502 1146 509 0.000304 0
322 65 472 356 0.000303 0
470 192 480 209 0.000301 0
264 210 277 232 0.000301 0
354 190 367 199 0.000301 0
302 240 320 313 0.000299 0
918 392 928 408 0.000299 0
1118 443 1132 471 0.000299 0
631 201 656 231 0.000298 0
927 358 946 402 0.000298 0
0 133 33 265 0.000297 0
1135 455 1153 472 0.000296 0
773 195 794 235 0.000296 0
932 435 944 453 0.000296 0
546 64 656 216 0.000296 0
65 64 127 161 0.000295 0
564 64 659 217 0.000295 0
66 64 153 194 0.000295 0
1071 392 1079 406 0.000295 0
380 65 499 229 0.000294 0
1071 397 1079 408 0.000294 0
1213 357 1237 409 0.000294 0
928 347 947 385 0.000294 0
1120 332 1132 344 0.000293 0
758 211 767 232 0.000293 0
812 460 832 474 0.000293 0
735 680 769 703 0.000292 0
2 64 79 216 0.000291 0
255 64 336 184 0.000291 0
774 410 784 433 0.000290 0
60 64 129 199 0.000290 0
174 207 183 216 0.000290 0
1168 412 1177 423 0.000289 0
988 184 1009 222 0.000289 0
958 423 970 454 0.000289 0
1228 102 1279 185 0.000289 0
301 243 321 314 0.000288 0
570 579 589 617 0.000288 0
1151 438 1168 472 0.000288 0
896 519 903 528 0.000288 0
735 678 766 703 0.000287 0
1202 407 1216 439 0.000287 0
656 319 683 376 0.000287 0
511 334 522 349 0.000287 0
830 464 858 479 0.000287 0
1024 422 1040 454 0.000286 0
894 270 933 347 0.000286 0
1215 357 1226 385 0.000286 0
1081 487 1102 502 0.000285 0
1237 334 1279 406 0.000285 0
174 64 447 205 0.000284 0
567 535 576 560 0.000284 0
326 64 643 226 0.000282 0
1214 269 1232 325 0.000282 0
927 378 944 407 0.000281 0
1200 183 1220 215 0.000281 0
719 413 737 445 0.000280 0
273 231 293 295 0.000280 0
929 357 1024 423 0.000280 0
479 176 503 216 0.000280 0
211 186 248 250 0.000278 0
637 662 672 702 0.000278 0
1087 190 1105 207 0.000277 0
927 377 942 395 0.000277 0
160 64 258 174 0.000277 0
1141 335 1163 397 0.000276 0
927 378 946 427 0.000276 0
0 64 75 206 0.000275 0
905 326 928 346 0.000275 0
0 130 31 327 0.000273 0
806 367 815 381 0.000273 0
911 438 934 456 0.000273 0
663 291 688 350 0.000272 0
760 459 783 481 0.000271 0
1135 400 1171 424 0.000271 0
1136 382 1196 424 0.000270 0
817 338 844 362 0.000268 0
247 65 342 216 0.000268 0
122 65 257 201 0.000267 0
880 473 929 488 0.000267 0
199 64 440 208 0.000267 0
346 64 443 205 0.000267 0
880 252 916 345 0.000267 0
1157 459 1168 475 0.000266 0
431 520 441 550 0.000265 0
797 330 808 384 0.000265 0
927 344 957 386 0.000265 0
924 422 938 455 0.000265 0
565 579 579 618 0.000264 0
295 224 321 308 0.000264 0
754 203 768 232 0.000264 0
81 65 341 254 0.000263 0
1044 412 1064 425 0.000262 0
847 209 870 282 0.000261 0
1210 375 1258 424 0.000261 0
519 393 529 430 0.000260 0
699 455 720 471 0.000260 0
831 440 844 449 0.000260 0
426 64 497 245 0.000259 0
183 191 191 205 0.000259 0
1214 267 1232 315 0.000259 0
494 391 519 426 0.000258 0
703 336 720 381 0.000258 0
274 199 287 226 0.000258 0
933 339 996 396 0.000258 0
586 407 605 432 0.000258 0
927 350 942 380 0.000258 0
1103 455 1112 472 0.000258 0
1151 457 1162 473 0.000256 0
787 327 826 361 0.000256 0
1039 184 1048 210 0.000255 0
660 285 702 369 0.000255 0
861 325 880 343 0.000255 0
1016 336 1023 344 0.000255 0
952 437 963 455 0.000255 0
806 366 815 391 0.000254 0
1090 148 1280 265 0.000254 0
1014 90 1045 166 0.000253 0
1254 610 1263 642 0.000253 0
865 329 880 343 0.000253 0
1101 454 1113 469 0.000253 0
832 480 840 498 0.000252 0
550 410 588 433 0.000252 0
340 64 498 214 0.000251 0
750 436 774 495 0.000251 0
328 64 678 212 0.000250 0
543 64 591 211 0.000250 0
580 64 671 222 0.000249 0
879 316 898 344 0.000249 0
287 231 329 380 0.000249 0
1 64 84 214 0.000249 0
701 452 720 471 0.000249 0
1039 457 1048 470 0.000248 0
867 446 934 487 0.000247 0
790 310 831 344 0.000247 0
1 65 356 396 0.000245 0
148 64 257 169 0.000245 0
1119 64 1135 78 0.000245 0
67 64 190 209 0.000245 0
925 442 944 462 0.000245 0
720 318 745 335 0.000244 0
591 361 624 392 0.000243 0
703 346 717 380 0.000243 0
686 446 703 461 0.000243 0
287 274 297 312 0.000243 0
1054 188 1063 200 0.000242 0
831 476 848 513 0.000242 0
932 472 944 484 0.000242 0
854 435 936 486 0.000242 0
1249 612 1264 702 0.000241 0
271 388 288 399 0.000241 0
287 237 320 314 0.000240 0
1076 333 1097 361 0.000240 0
156 83 213 220 0.000240 0
64 64 192 165 0.000240 0
1200 371 1279 425 0.000240 0
822 418 841 439 0.000239 0
577 64 663 220 0.000239 0
770 312 788 343 0.000239 0
364 66 455 217 0.000239 0
591 575 600 615 0.000239 0
163 206 179 216 0.000238 0
284 263 299 313 0.000237 0
960 198 970 208 0.000237 0
1074 389 1088 409 0.000236 0
632 202 657 223 0.000235 0
777 398 783 410 0.000235 0
770 199 794 236 0.000235 0
623 407 643 423 0.000234 0
0 83 70 224 0.000234 0
766 205 778 235 0.000234 0
0 69 74 224 0.000233 0
1263 77 1279 172 0.000233 0
209 64 325 226 0.000232 0
63 475 81 525 0.000232 0
1161 382 1208 424 0.000231 0
328 64 686 219 0.000231 0
875 252 913 345 0.000231 0
895 322 904 343 0.000230 0
751 310 768 344 0.000230 0
1090 156 1124 212 0.000230 0
1087 409 1097 426 0.000230 0
496 70 508 93 0.000228 0
914 342 985 391 0.000228 0
901 336 924 350 0.000227 0
1215 444 1225 456 0.000227 0
66 64 214 164 0.000227 0
193 186 202 216 0.000227 0
576 371 592 408 0.000226 0
1247 460 1265 473 0.000226 0
909 346 988 439 0.000226 0
816 345 829 361 0.000226 0
650 200 663 217 0.000225 0
1264 64 1279 81 0.000225 0
111 222 118 237 0.000225 0
320 623 328 648 0.000224 0
1026 374 1041 407 0.000224 0
979 65 1105 236 0.000224 0
496 81 505 93 0.000223 0
495 391 512 420 0.000222 0
109 67 220 213 0.000221 0
1039 426 1050 449 0.000221 0
719 338 738 377 0.000221 0
36 64 136 210 0.000220 0
1206 368 1279 429 0.000220 0
752 326 762 345 0.000220 0
1055 424 1066 462 0.000219 0
1191 460 1200 475 0.000219 0
0 64 130 215 0.000219 0
863 332 880 343 0.000219 0
65 64 199 161 0.000218 0
227 65 327 190 0.000218 0
591 378 608 407 0.000218 0
703 344 720 407 0.000218 0
1190 490 1202 504 0.000218 0
307 149 390 337 0.000218 0
927 341 966 389 0.000217 0
989 339 1012 380 0.000217 0
1111 441 1120 469 0.000216 0
299 237 321 311 0.000216 0
521 64 586 224 0.000216 0
524 393 541 413 0.000216 0
1166 476 1178 491 0.000216 0
187 64 455 232 0.000215 0
520 393 545 431 0.000215 0
1165 330 1216 389 0.000215 0
930 384 945 409 0.000215 0
648 481 655 487 0.000214 0
1055 423 1064 434 0.000214 0
525 393 535 405 0.000213 0
1239 448 1248 456 0.000213 0
704 347 720 413 0.000213 0
323 84 612 349 0.000212 0
235 202 267 263 0.000212 0
884 417 908 456 0.000212 0
704 346 720 408 0.000211 0
0 64 70 193 0.000211 0
832 471 848 491 0.000211 0
495 405 546 432 0.000211 0
19 64 136 214 0.000211 0
1019 426 1038 452 0.000211 0
1122 338 1136 391 0.000211 0
1249 217 1269 235 0.000211 0
669 317 696 376 0.000211 0
203 372 241 410 0.000211 0
848 399 856 409 0.000211 0
800 263 852 346 0.000210 0
555 432 591 455 0.000210 0
1063 420 1085 450 0.000210 0
591 361 619 405 0.000210 0
829 335 847 372 0.000210 0
201 371 240 413 0.000210 0
1221 449 1232 472 0.000210 0
1039 469 1061 496 0.000210 0
289 66 357 202 0.000210 0
862 411 932 480 0.000209 0
1029 341 1040 360 0.000209 0
780 326 815 397 0.000208 0
364 73 501 221 0.000208 0
956 415 972 453 0.000208 0
1005 391 1023 434 0.000207 0
1056 372 1065 387 0.000207 0
1111 504 1120 519 0.000206 0
256 64 364 186 0.000206 0
997 67 1050 195 0.000206 0
1250 613 1264 695 0.000206 0
386 194 397 206 0.000205 0
323 233 338 275 0.000205 0
219 374 240 409 0.000205 0
0 399 32 459 0.000205 0
326 64 645 208 0.000205 0
718 377 785 474 0.000205 0
219 208 255 255 0.000205 0
1134 485 1174 508 0.000205 0
318 245 336 354 0.000205 0
154 203 168 229 0.000205 0
146 65 419 264 0.000204 0
905 283 947 348 0.000204 0
269 186 278 208 0.000204 0
590 390 608 413 0.000204 0
632 661 671 703 0.000203 0
1262 480 1279 703 0.000203 0
1250 425 1268 458 0.000203 0
817 416 838 455 0.000203 0
1112 440 1119 453 0.000202 0
1215 366 1280 426 0.000202 0
806 472 816 477 0.000202 0
605 576 617 616 0.000202 0
1 64 137 195 0.000202 0
781 202 797 238 0.000202 0
98 65 219 172 0.000201 0
1020 91 1044 163 0.000201 0
1040 407 1052 423 0.000201 0
210 70 329 223 0.000201 0
496 504 505 522 0.000200 0
273 198 288 235 0.000200 0
1185 529 1192 541 0.000200 0
685 326 705 361 0.000199 0
1036 389 1087 427 0.000199 0
964 434 975 452 0.000199 0
758 215 767 232 0.000199 0
475 391 518 428 0.000199 0
302 247 326 314 0.000199 0
440 567 448 584 0.000199 0
1010 426 1025 441 0.000199 0
306 65 434 227 0.000198 0
375 184 396 203 0.000198 0
66 64 166 158 0.000198 0
1071 576 1087 631 0.000198 0
114 392 128 403 0.000198 0
1221 471 1232 482 0.000198 0
1062 392 1074 407 0.000197 0
1243 367 1279 426 0.000197 0
816 407 824 421 0.000197 0
20 64 130 209 0.000197 0
831 417 847 438 0.000197 0
895 439 914 459 0.000196 0
286 251 322 314 0.000196 0
125 206 136 225 0.000195 0
1054 391 1064 405 0.000195 0
775 329 787 344 0.000195 0
155 73 271 222 0.000194 0
591 407 601 421 0.000194 0
174 185 184 208 0.000194 0
491 391 602 453 0.000194 0
299 233 322 350 0.000194 0
1029 329 1040 360 0.000193 0
1263 64 1279 80 0.000193 0
496 510 504 523 0.000193 0
813 296 828 343 0.000193 0
1135 397 1146 408 0.000193 0
867 418 891 453 0.000192 0
879 407 887 428 0.000192 0
4 64 131 179 0.000192 0
1072 592 1087 631 0.000191 0
842 434 932 486 0.000190 0
857 417 941 485 0.000190 0
426 64 498 131 0.000190 0
286 237 323 380 0.000190 0
1134 431 1143 440 0.000190 0
576 371 592 402 0.000189 0
860 417 944 485 0.000189 0
850 246 877 310 0.000189 0
1066 407 1089 456 0.000189 0
799 440 821 456 0.000189 0
153 71 278 225 0.000188 0
1113 187 1129 208 0.000188 0
790 554 801 600 0.000187 0
921 376 947 410 0.000187 0
916 342 948 385 0.000187 0
956 412 976 454 0.000187 0
357 72 501 239 0.000186 0
1232 482 1260 511 0.000186 0
911 379 926 409 0.000186 0
999 512 1008 537 0.000186 0
303 242 327 317 0.000186 0
752 321 768 344 0.000185 0
1254 615 1263 639 0.000185 0
915 428 930 447 0.000185 0
964 425 976 449 0.000185 0
1255 476 1279 683 0.000185 0
250 64 323 164 0.000185 0
874 263 904 344 0.000184 0
107 64 512 281 0.000184 0
1253 408 1264 424 0.000184 0
1013 407 1023 424 0.000184 0
470 200 486 223 0.000184 0
1071 404 1084 424 0.000184 0
1063 393 1074 409 0.000184 0
542 64 594 217 0.000184 0
660 306 705 376 0.000184 0
246 194 371 391 0.000184 0
703 349 718 392 0.000183 0
864 256 905 346 0.000183 0
1269 138 1279 172 0.000183 0
694 327 704 344 0.000182 0
303 73 370 201 0.000182 0
1109 398 1126 415 0.000181 0
1135 372 1156 409 0.000181 0
616 424 635 441 0.000180 0
207 392 224 411 0.000180 0
150 64 484 342 0.000180 0
928 291 945 345 0.000180 0
668 337 693 376 0.000180 0
1038 468 1079 496 0.000180 0
0 173 6 203 0.000180 0
1054 473 1091 500 0.000179 0
367 208 377 232 0.000177 0
158 64 298 213 0.000177 0
761 689 816 703 0.000177 0
847 427 857 454 0.000177 0
118 64 204 96 0.000176 0
800 411 834 450 0.000176 0
703 342 720 414 0.000176 0
1117 439 1133 460 0.000175 0
1263 495 1279 704 0.000175 0
1071 577 1088 631 0.000175 0
834 433 884 478 0.000175 0
1120 404 1128 423 0.000175 0
1039 324 1057 372 0.000174 0
693 192 710 208 0.000174 0
1140 347 1159 402 0.000174 0
63 471 81 527 0.000174 0
1059 68 1096 136 0.000173 0
301 240 335 354 0.000173 0
1230 405 1243 424 0.000171 0
1070 290 1124 357 0.000171 0
799 417 828 455 0.000171 0
750 203 765 230 0.000171 0
180 391 211 457 0.000171 0
1082 332 1098 360 0.000171 0
1062 399 1077 423 0.000171 0
5 64 128 197 0.000170 0
1136 375 1212 424 0.000170 0
996 423 1015 442 0.000170 0
575 281 596 354 0.000170 0
948 417 970 453 0.000170 0
110 64 261 168 0.000169 0
907 323 930 347 0.000169 0
67 65 215 209 0.000169 0
895 408 913 428 0.000169 0
668 321 706 372 0.000169 0
1091 392 1104 408 0.000169 0
930 375 945 390 0.000168 0
715 334 780 474 0.000168 0
499 64 586 202 0.000168 0
274 199 286 217 0.000168 0
223 391 240 408 0.000168 0
671 403 697 441 0.000167 0
703 340 720 390 0.000167 0
719 440 745 471 0.000167 0
576 286 594 326 0.000167 0
894 407 913 439 0.000166 0
175 392 225 420 0.000166 0
699 227 721 277 0.000166 0
688 197 729 294 0.000166 0
696 476 705 488 0.000166 0
575 64 667 219 0.000166 0
106 69 216 222 0.000165 0
951 422 968 454 0.000165 0
598 364 654 429 0.000165 0
0 64 292 235 0.000165 0
301 235 337 367 0.000165 0
1066 67 1096 128 0.000165 0
833 374 847 391 0.000164 0
386 184 400 204 0.000164 0
1090 190 1161 254 0.000164 0
800 186 813 230 0.000164 0
319 64 371 108 0.000164 0
991 411 1000 424 0.000164 0
1059 422 1073 454 0.000164 0
815 410 827 429 0.000164 0
764 152 799 238 0.000164 0
987 378 1023 431 0.000163 0
1070 338 1081 358 0.000163 0
198 199 209 220 0.000163 0
1019 425 1040 455 0.000163 0
1222 456 1231 476 0.000162 0
193 197 205 216 0.000162 0
1079 696 1091 703 0.000162 0
838 437 889 478 0.000162 0
1223 302 1279 424 0.000162 0
832 417 848 445 0.000162 0
63 477 81 523 0.000162 0
1098 287 1130 353 0.000162 0
286 249 322 382 0.000161 0
439 567 448 580 0.000161 0
422 64 497 138 0.000161 0
1170 455 1185 470 0.000160 0
736 199 752 233 0.000160 0
309 138 378 306 0.000160 0
686 334 705 374 0.000160 0
499 64 958 253 0.000159 0
1088 407 1097 421 0.000159 0
896 322 921 345 0.000159 0
1236 421 1272 462 0.000159 0
1117 98 1138 141 0.000158 0
703 325 720 378 0.000158 0
1159 424 1168 439 0.000158 0
1057 435 1074 460 0.000158 0
992 334 1010 373 0.000158 0
105 239 128 296 0.000157 0
724 199 753 234 0.000157 0
1119 325 1136 361 0.000157 0
703 339 720 381 0.000157 0
630 662 665 703 0.000157 0
427 64 497 200 0.000156 0
827 336 847 375 0.000156 0
494 391 526 429 0.000156 0
1073 333 1101 376 0.000156 0
1248 613 1264 703 0.000156 0
1087 64 1136 130 0.000155 0
256 64 346 169 0.000155 0
67 64 172 149 0.000155 0
759 311 789 343 0.000154 0
1056 367 1065 382 0.000154 0
906 368 948 447 0.000154 0
1119 322 1136 369 0.000154 0
342 64 499 173 0.000154 0
671 467 683 488 0.000153 0
1120 327 1136 359 0.000153 0
1072 504 1080 517 0.000153 0
0 158 6 203 0.000153 0
924 454 946 485 0.000153 0
319 248 336 353 0.000153 0
952 444 961 457 0.000153 0
240 241 256 286 0.000152 0
1208 523 1215 534 0.000152 0
612 575 624 616 0.000152 0
1154 332 1199 359 0.000152 0
913 344 987 410 0.000152 0
1042 64 1129 141 0.000151 0
237 177 267 226 0.000151 0
898 335 926 378 0.000151 0
490 408 596 433 0.000150 0
1177 535 1182 543 0.000150 0
589 529 601 562 0.000150 0
46 392 64 420 0.000150 0
1222 446 1232 456 0.000149 0
648 64 734 240 0.000148 0
1034 64 1126 171 0.000148 0
344 64 495 92 0.000148 0
347 64 497 93 0.000147 0
1184 444 1190 456 0.000147 0
241 200 333 389 0.000146 0
722 199 741 228 0.000146 0
1056 438 1075 466 0.000145 0
723 403 772 442 0.000145 0
1263 633 1279 703 0.000145 0
751 441 769 490 0.000145 0
589 361 611 409 0.000145 0
1120 423 1170 460 0.000144 0
893 413 929 455 0.000144 0
808 382 815 405 0.000144 0
243 276 257 318 0.000144 0
932 422 945 447 0.000144 0
703 318 721 373 0.000143 0
890 416 934 459 0.000143 0
1145 302 1180 349 0.000143 0
640 64 727 232 0.000143 0
1253 607 1263 647 0.000143 0
1199 394 1213 440 0.000143 0
1025 349 1040 375 0.000143 0
659 288 701 373 0.000142 0
713 212 725 273 0.000142 0
1077 354 1089 376 0.000142 0
699 213 722 278 0.000142 0
1002 431 1023 451 0.000142 0
1254 407 1264 423 0.000142 0
310 76 416 202 0.000142 0
1033 318 1092 381 0.000142 0
1238 455 1265 472 0.000141 0
846 254 899 345 0.000141 0
980 375 1023 425 0.000141 0
1253 607 1263 641 0.000141 0
1185 455 1201 472 0.000141 0
1264 427 1279 463 0.000141 0
563 428 596 469 0.000141 0
1273 158 1279 176 0.000141 0
1054 454 1075 469 0.000140 0
0 272 40 423 0.000139 0
872 496 879 503 0.000139 0
1036 320 1063 377 0.000139 0
784 187 800 222 0.000139 0
134 416 143 431 0.000138 0
849 281 877 341 0.000138 0
256 231 295 295 0.000138 0
831 392 839 406 0.000138 0
608 199 726 281 0.000137 0
0 401 23 458 0.000137 0
614 64 690 227 0.000137 0
575 364 592 394 0.000137 0
1003 152 1221 255 0.000137 0
686 351 694 363 0.000136 0
599 358 622 376 0.000136 0
1103 346 1117 361 0.000136 0
67 65 220 224 0.000136 0
790 551 801 599 0.000136 0
765 206 779 236 0.000136 0
912 382 929 424 0.000136 0
1153 527 1164 542 0.000135 0
639 64 734 236 0.000135 0
944 382 958 408 0.000135 0
199 64 325 184 0.000135 0
569 430 609 475 0.000135 0
642 293 686 352 0.000135 0
576 280 594 321 0.000135 0
1070 407 1082 424 0.000135 0
1170 443 1184 456 0.000135 0
1264 67 1279 82 0.000135 0
1201 421 1273 465 0.000135 0
1175 64 1280 273 0.000135 0
752 404 769 422 0.000135 0
1098 334 1118 357 0.000134 0
895 325 906 344 0.000134 0
263 64 317 126 0.000134 0
1220 209 1279 378 0.000134 0
838 398 847 410 0.000134 0
62 472 80 524 0.000134 0
1033 319 1099 379 0.000134 0
343 64 497 156 0.000134 0
225 210 258 262 0.000134 0
759 313 787 344 0.000134 0
512 64 700 232 0.000133 0
1262 627 1279 703 0.000133 0
990 180 1003 208 0.000133 0
738 281 756 300 0.000133 0
972 167 994 209 0.000133 0
705 319 721 361 0.000132 0
817 439 835 453 0.000132 0
715 334 772 467 0.000132 0
790 561 800 600 0.000132 0
1214 269 1233 340 0.000132 0
1032 313 1103 382 0.000132 0
848 277 880 343 0.000132 0
766 257 845 340 0.000132 0
555 405 589 435 0.000131 0
401 64 498 221 0.000131 0
1055 272 1119 378 0.000131 0
4 65 381 391 0.000131 0
465 198 503 250 0.000131 0
529 199 554 223 0.000131 0
285 239 322 351 0.000130 0
543 64 589 187 0.000130 0
746 199 764 216 0.000130 0
654 450 674 471 0.000130 0
796 157 817 232 0.000130 0
999 327 1017 343 0.000129 0
8 375 32 422 0.000129 0
143 64 495 362 0.000129 0
903 334 947 385 0.000129 0
319 64 370 111 0.000129 0
1101 499 1119 511 0.000129 0
491 391 554 437 0.000129 0
479 334 496 377 0.000129 0
387 72 502 219 0.000129 0
1144 506 1152 518 0.000129 0
1145 327 1198 361 0.000128 0
531 407 562 427 0.000128 0
1072 327 1109 360 0.000128 0
1044 140 1280 262 0.000128 0
846 229 867 289 0.000128 0
1052 332 1096 377 0.000128 0
990 425 1042 460 0.000128 0
1051 64 1128 130 0.000127 0
635 64 662 106 0.000127 0
492 373 626 460 0.000127 0
853 325 875 341 0.000127 0
179 392 211 424 0.000127 0
70 64 199 228 0.000127 0
667 206 694 236 0.000126 0
1088 396 1097 408 0.000126 0
916 421 928 438 0.000126 0
1087 387 1096 407 0.000126 0
493 64 585 162 0.000126 0
830 416 848 445 0.000125 0
1069 69 1096 126 0.000125 0
799 455 832 472 0.000125 0
1166 462 1179 478 0.000125 0
1214 343 1279 432 0.000125 0
207 393 225 453 0.000124 0
493 64 586 204 0.000124 0
831 392 842 412 0.000124 0
851 64 1270 284 0.000124 0
957 64 1047 199 0.000124 0
1030 200 1093 251 0.000124 0
522 64 738 239 0.000124 0
751 206 766 231 0.000124 0
909 341 1000 410 0.000124 0
336 64 688 223 0.000124 0
1168 458 1186 477 0.000124 0
320 64 371 106 0.000124 0
1029 410 1041 426 0.000123 0
801 408 816 423 0.000123 0
202 64 330 217 0.000123 0
718 346 842 475 0.000123 0
489 64 587 232 0.000123 0
823 407 832 417 0.000123 0
511 64 732 249 0.000123 0
182 392 218 418 0.000123 0
1190 393 1212 423 0.000123 0
1263 623 1279 704 0.000123 0
1071 334 1097 365 0.000123 0
941 390 977 453 0.000123 0
578 64 670 214 0.000122 0
722 403 769 440 0.000122 0
105 64 215 164 0.000122 0
212 83 336 239 0.000122 0
1092 410 1104 433 0.000122 0
620 687 655 703 0.000122 0
708 555 720 598 0.000122 0
799 457 830 472 0.000121 0
1239 405 1262 425 0.000121 0
1115 64 1164 138 0.000121 0
1246 91 1279 180 0.000121 0
752 193 768 231 0.000121 0
775 208 791 236 0.000121 0
527 626 537 647 0.000121 0
592 362 626 422 0.000121 0
0 570 16 645 0.000121 0
707 320 720 345 0.000120 0
339 64 499 92 0.000120 0
1264 439 1279 464 0.000120 0
260 64 316 126 0.000120 0
1037 64 1125 144 0.000120 0
308 146 367 293 0.000120 0
431 519 441 544 0.000120 0
240 203 285 264 0.000120 0
1064 409 1074 423 0.000120 0
831 373 847 391 0.000119 0
0 273 60 417 0.000119 0
847 261 893 344 0.000119 0
512 394 562 419 0.000118 0
730 438 770 486 0.000118 0
150 207 167 236 0.000118 0
320 249 342 352 0.000118 0
1149 500 1163 519 0.000117 0
1095 161 1194 255 0.000117 0
681 469 697 488 0.000117 0
328 248 354 349 0.000117 0
1263 640 1279 703 0.000117 0
280 225 322 302 0.000117 0
1071 321 1115 407 0.000117 0
1079 621 1086 631 0.000116 0
303 251 326 310 0.000116 0
546 575 567 618 0.000116 0
571 434 609 473 0.000116 0
319 247 336 354 0.000116 0
735 678 774 703 0.000116 0
779 332 840 366 0.000116 0
1023 410 1035 425 0.000116 0
1054 392 1065 412 0.000115 0
800 373 811 392 0.000115 0
632 473 639 480 0.000115 0
683 296 704 346 0.000115 0
0 373 32 424 0.000115 0
703 352 720 408 0.000115 0
1266 318 1279 352 0.000115 0
1092 332 1105 353 0.000115 0
692 230 710 276 0.000115 0
943 372 975 425 0.000115 0
0 296 36 437 0.000115 0
217 190 261 227 0.000115 0
877 299 913 344 0.000115 0
1254 369 1279 496 0.000114 0
1103 391 1123 407 0.000114 0
513 513 528 544 0.000114 0
0 270 58 404 0.000114 0
990 427 1034 456 0.000114 0
576 362 593 393 0.000114 0
294 194 322 234 0.000114 0
38 64 171 152 0.000113 0
0 568 15 643 0.000113 0
631 644 673 700 0.000113 0
763 285 808 344 0.000113 0
721 339 846 477 0.000113 0
1193 647 1216 703 0.000113 0
155 122 228 227 0.000113 0
885 412 899 446 0.000113 0
1243 407 1279 443 0.000113 0
700 231 720 278 0.000113 0
832 441 842 456 0.000113 0
588 530 601 567 0.000113 0
318 251 334 323 0.000112 0
927 283 945 345 0.000112 0
799 360 809 388 0.000112 0
208 372 240 408 0.000112 0
0 115 67 224 0.000112 0
0 268 48 411 0.000112 0
270 203 304 298 0.000112 0
712 339 774 470 0.000112 0
487 487 495 498 0.000112 0
256 64 370 181 0.000112 0
494 64 588 164 0.000111 0
1225 67 1279 271 0.000111 0
1004 359 1041 407 0.000111 0
668 672 709 703 0.000111 0
1207 506 1216 534 0.000111 0
825 327 864 344 0.000110 0
831 408 839 417 0.000110 0
11 66 140 215 0.000110 0
1054 377 1065 391 0.000110 0
274 235 298 296 0.000110 0
154 64 308 92 0.000110 0
686 321 704 343 0.000110 0
991 420 1001 439 0.000110 0
1267 418 1279 457 0.000109 0
1067 437 1111 473 0.000109 0
1025 361 1041 376 0.000109 0
110 204 136 238 0.000109 0
1264 536 1279 702 0.000109 0
103 250 113 282 0.000108 0
382 64 690 237 0.000108 0
605 660 671 703 0.000108 0
1263 64 1279 91 0.000108 0
1199 407 1208 440 0.000108 0
0 562 16 642 0.000108 0
821 279 872 345 0.000108 0
779 338 801 360 0.000107 0
1063 328 1106 411 0.000107 0
207 96 341 263 0.000107 0
1066 321 1105 359 0.000107 0
1183 530 1192 543 0.000107 0
1263 548 1279 702 0.000107 0
709 184 738 232 0.000107 0
496 81 505 93 0.000107 0
615 471 624 487 0.000106 0
1262 637 1279 703 0.000106 0
711 574 720 614 0.000106 0
1127 379 1135 391 0.000106 0
1062 353 1072 376 0.000106 0
1174 345 1216 395 0.000106 0
664 480 673 488 0.000106 0
908 276 938 347 0.000106 0
471 64 700 232 0.000106 0
992 64 1105 207 0.000105 0
1181 681 1211 703 0.000105 0
1211 269 1232 315 0.000105 0
1244 419 1279 464 0.000105 0
219 72 362 229 0.000105 0
1023 316 1061 383 0.000105 0
1231 401 1256 425 0.000105 0
703 385 720 407 0.000104 0
1040 431 1056 456 0.000104 0
831 396 847 422 0.000104 0
160 64 293 179 0.000104 0
919 691 928 703 0.000104 0
903 323 947 364 0.000104 0
825 375 834 390 0.000104 0
287 168 335 287 0.000104 0
1046 392 1056 417 0.000104 0
1070 72 1095 126 0.000104 0
1116 64 1162 105 0.000103 0
1056 673 1063 691 0.000103 0
621 686 650 703 0.000103 0
308 64 339 137 0.000103 0
1187 693 1201 703 0.000103 0
1225 163 1251 230 0.000103 0
465 197 507 251 0.000103 0
410 191 464 261 0.000103 0
1055 267 1131 380 0.000103 0
973 375 1001 429 0.000103 0
897 335 926 381 0.000103 0
1204 415 1217 440 0.000103 0
203 369 240 411 0.000102 0
1252 474 1279 650 0.000102 0
1038 320 1058 363 0.000102 0
944 327 973 370 0.000102 0
286 247 328 380 0.000102 0
657 450 698 489 0.000102 0
191 370 237 415 0.000102 0
600 344 609 361 0.000102 0
1030 456 1044 470 0.000102 0
0 565 16 702 0.000102 0
1221 502 1232 517 0.000102 0
1267 407 1279 447 0.000102 0
1200 456 1208 470 0.000102 0
1087 414 1097 432 0.000102 0
862 417 954 485 0.000101 0
162 64 259 159 0.000101 0
832 375 848 392 0.000101 0
669 197 865 281 0.000101 0
213 391 240 409 0.000101 0
937 181 1240 253 0.000101 0
1049 109 1085 147 0.000101 0
1135 503 1146 536 0.000101 0
980 69 1257 243 0.000101 0
320 372 336 388 0.000101 0
783 378 792 391 0.000100 0
773 686 816 703 0.000100 0
1183 505 1198 517 0.000100 0
502 217 543 255 0.823556 1
1054 252 1133 342 0.822341 1
501 220 543 255 0.592913 1
1127 212 1177 260 0.576303 1
1127 228 1176 261 0.321246 1
1124 212 1177 260 0.297971 1
1126 212 1177 259 0.297119 1
1118 213 1177 260 0.152390 1
1126 226 1176 261 0.119005 1
1125 228 1177 259 0.115228 1
1127 229 1173 258 0.080822 1
20 220 72 257 0.072292 1
20 218 71 257 0.066694 1
47 229 73 256 0.043406 1
1126 227 1178 261 0.040664 1
47 224 73 256 0.037305 1
1124 216 1177 260 0.035772 1
48 224 97 257 0.034274 1
47 232 72 256 0.032127 1
1127 221 1174 259 0.031407 1
47 225 76 256 0.030617 1
1126 230 1171 260 0.030458 1
1145 308 1168 346 0.029932 1
47 234 72 256 0.029849 1
48 222 73 256 0.029639 1
21 217 42 255 0.028409 1
20 223 71 258 0.028163 1
20 217 42 257 0.027823 1
48 224 98 258 0.027463 1
1144 308 1169 353 0.027166 1
20 219 70 257 0.026957 1
48 236 71 256 0.024796 1
1145 308 1168 345 0.024382 1
866 237 905 286 0.023442 1
1144 307 1169 359 0.023399 1
1145 308 1169 348 0.022597 1
891 225 926 292 0.022008 1
882 234 914 289 0.021971 1
42 223 73 256 0.021949 1
3 218 71 258 0.020767 1
21 224 42 257 0.020661 1
883 237 905 269 0.020462 1
1126 228 1154 259 0.020457 1
868 234 929 284 0.019253 1
47 232 73 256 0.018974 1
877 237 908 287 0.018808 1
19 226 72 258 0.018730 1
893 210 920 286 0.018438 1
884 238 908 270 0.018158 1
48 225 97 257 0.017907 1
0 225 68 258 0.017783 1
866 235 931 289 0.017765 1
1099 222 1121 252 0.017503 1
22 229 42 257 0.017411 1
893 235 928 296 0.017039 1
896 209 928 293 0.016766 1
893 223 928 295 0.016723 1
864 238 907 287 0.016642 1
868 237 903 281 0.016441 1
865 224 904 275 0.016351 1
21 221 42 256 0.016113 1
20 227 42 257 0.016103 1
20 229 42 257 0.015070 1
1146 305 1168 346 0.014654 1
48 223 84 255 0.014625 1
868 225 928 279 0.014611 1
892 230 928 295 0.014362 1
20 216 62 259 0.014243 1
22 229 41 256 0.013348 1
869 237 903 274 0.013047 1
893 249 918 311 0.012935 1
48 227 98 257 0.012878 1
893 250 915 291 0.012597 1
883 236 904 270 0.012561 1
0 230 41 258 0.012414 1
893 212 927 313 0.012314 1
893 254 914 292 0.012239 1
902 229 928 294 0.012214 1
949 273 960 302 0.011979 1
884 237 903 270 0.011974 1
1145 307 1169 360 0.011820 1
1101 221 1133 250 0.011817 1
1097 221 1126 252 0.011766 1
1127 219 1176 261 0.011563 1
877 239 911 288 0.011110 1
1147 307 1169 361 0.010764 1
1129 231 1177 258 0.010564 1
1097 222 1122 252 0.010476 1
891 245 914 289 0.010176 1
893 239 917 291 0.010081 1
913 272 960 307 0.009451 1
910 231 928 263 0.009438 1
0 229 42 258 0.009392 1
503 209 540 253 0.009296 1
23 215 42 254 0.008974 1
0 221 43 259 0.008946 1
1143 313 1168 345 0.008581 1
1113 219 1139 251 0.008034 1
900 248 927 296 0.007921 1
892 271 959 306 0.007876 1
865 246 898 285 0.007573 1
948 273 960 302 0.007268 1
1144 312 1169 344 0.007227 1
893 253 915 312 0.007206 1
19 214 43 254 0.007190 1
905 255 927 297 0.007142 1
1108 220 1140 251 0.006885 1
1022 274 1061 334 0.006824 1
946 273 960 303 0.006773 1
0 227 41 258 0.006741 1
57 225 98 257 0.006716 1
1096 224 1123 255 0.006601 1
50 224 97 256 0.006367 1
1107 220 1140 254 0.005970 1
867 234 898 276 0.005945 1
503 216 528 252 0.005900 1
1110 222 1142 258 0.005816 1
1114 220 1140 252 0.005620 1
16 220 73 275 0.005377 1
926 273 960 303 0.005343 1
904 229 928 295 0.005316 1
863 229 902 283 0.005314 1
19 220 72 275 0.005230 1
1021 272 1062 334 0.005192 1
894 256 934 312 0.005029 1
925 272 960 306 0.005007 1
1022 275 1062 334 0.004998 1
1044 275 1067 298 0.004998 1
868 255 903 287 0.004924 1
931 273 960 303 0.004871 1
52 223 95 243 0.004848 1
927 273 960 303 0.004836 1
1128 209 1177 258 0.004815 1
1143 314 1169 346 0.004798 1
1122 307 1169 358 0.004775 1
894 250 917 312 0.004697 1
525 224 542 251 0.004628 1
933 273 960 303 0.004608 1
862 232 906 287 0.004607 1
863 252 904 295 0.004557 1
503 219 542 253 0.004440 1
1129 285 1169 346 0.004429 1
888 257 911 288 0.004372 1
108 235 194 264 0.004171 1
1045 274 1072 328 0.004112 1
1090 220 1121 256 0.004106 1
868 240 892 275 0.004105 1
113 236 196 264 0.003874 1
1045 275 1075 297 0.003839 1
1126 233 1143 261 0.003799 1
1073 271 1133 342 0.003749 1
1044 277 1061 296 0.003702 1
858 213 895 276 0.003601 1
122 235 195 263 0.003600 1
1090 224 1122 258 0.003525 1
107 236 159 257 0.003457 1
510 224 544 254 0.003449 1
858 234 893 284 0.003446 1
858 220 904 282 0.003437 1
61 227 99 257 0.003429 1
75 225 99 257 0.003423 1
1044 231 1085 302 0.003423 1
115 235 195 263 0.003409 1
1066 278 1132 343 0.003348 1
1046 271 1090 321 0.003308 1
1099 214 1140 248 0.003263 1
925 273 961 311 0.003254 1
106 235 194 263 0.003245 1
65 224 96 237 0.003064 1
1093 256 1133 340 0.003062 1
893 254 913 312 0.003061 1
1084 228 1111 322 0.003057 1
1021 274 1062 332 0.003049 1
1022 275 1064 334 0.003034 1
72 234 193 264 0.003003 1
75 234 194 265 0.002909 1
1098 257 1133 343 0.002905 1
855 225 883 282 0.002905 1
1122 321 1169 345 0.002840 1
1021 273 1061 333 0.002818 1
127 236 195 264 0.002793 1
1087 235 1119 302 0.002793 1
1147 312 1169 360 0.002792 1
1097 213 1127 249 0.002765 1
908 234 928 296 0.002735 1
103 236 160 264 0.002692 1
1085 223 1110 312 0.002641 1
1044 273 1069 329 0.002629 1
1147 227 1177 258 0.002616 1
78 235 99 256 0.002613 1
105 236 159 264 0.002598 1
21 214 55 256 0.002568 1
1110 216 1139 249 0.002491 1
158 226 209 262 0.002475 1
78 236 99 257 0.002474 1
0 225 74 280 0.002456 1
1125 238 1176 261 0.002401 1
892 192 929 314 0.002374 1
870 252 883 275 0.002359 1
909 272 947 307 0.002339 1
82 235 194 264 0.002320 1
1099 302 1170 352 0.002292 1
1024 319 1055 334 0.002282 1
1121 325 1171 345 0.002277 1
897 273 946 313 0.002219 1
113 236 157 254 0.002196 1
20 213 72 258 0.002161 1
1046 266 1089 303 0.002132 1
80 235 159 261 0.002117 1
1145 304 1175 355 0.002077 1
15 230 45 265 0.002024 1
1146 306 1175 357 0.002023 1
113 215 171 256 0.002017 1
1090 254 1112 296 0.002015 1
894 261 936 312 0.002013 1
874 253 921 306 0.001988 1
1042 276 1065 334 0.001950 1
1053 273 1093 324 0.001936 1
78 236 100 257 0.001916 1
108 213 160 255 0.001890 1
19 228 46 268 0.001882 1
1054 273 1097 328 0.001861 1
158 237 193 263 0.001828 1
1024 318 1055 334 0.001821 1
118 214 157 255 0.001800 1
194 222 227 261 0.001779 1
847 233 897 305 0.001776 1
1044 276 1063 316 0.001774 1
78 235 116 258 0.001762 1
1062 276 1120 341 0.001758 1
887 270 961 331 0.001732 1
105 221 195 264 0.001726 1
1044 275 1064 329 0.001690 1
1044 272 1065 298 0.001684 1
1025 317 1058 335 0.001644 1
12 222 41 254 0.001636 1
1054 275 1090 336 0.001592 1
0 213 58 260 0.001587 1
158 228 207 264 0.001584 1
924 277 946 312 0.001576 1
892 233 951 336 0.001541 1
43 223 194 263 0.001530 1
864 232 936 312 0.001526 1
1123 209 1183 258 0.001526 1
77 230 117 258 0.001517 1
1145 212 1177 257 0.001517 1
917 272 946 299 0.001512 1
77 225 96 237 0.001505 1
170 220 226 262 0.001496 1
0 236 33 258 0.001495 1
1029 319 1054 334 0.001469 1
155 237 193 273 0.001468 1
894 262 918 312 0.001466 1
120 237 157 254 0.001463 1
1103 273 1134 339 0.001450 1
932 241 946 253 0.001441 1
117 220 182 260 0.001438 1
21 215 70 254 0.001438 1
1122 282 1168 345 0.001389 1
157 232 217 265 0.001384 1
192 224 227 263 0.001356 1
51 217 69 245 0.001329 1
1142 316 1170 359 0.001278 1
1054 274 1099 336 0.001274 1
1086 255 1133 341 0.001273 1
910 271 928 297 0.001244 1
1040 270 1071 323 0.001234 1
76 235 116 258 0.001223 1
1050 275 1071 331 0.001222 1
114 237 157 263 0.001219 1
17 210 75 258 0.001191 1
60 220 195 265 0.001178 1
863 259 921 300 0.001165 1
910 269 927 296 0.001165 1
191 225 225 263 0.001130 1
106 219 198 265 0.001120 1
924 272 959 299 0.001109 1
159 237 192 264 0.001102 1
70 217 196 265 0.001095 1
78 236 116 259 0.001093 1
161 223 216 261 0.001071 1
0 239 18 257 0.001063 1
30 223 103 276 0.001057 1
897 276 945 313 0.001055 1
36 227 204 277 0.001051 1
1058 253 1134 335 0.001048 1
132 214 147 237 0.001039 1
158 221 220 271 0.001028 1
1022 276 1058 334 0.001003 1
75 231 121 258 0.000993 1
893 231 928 332 0.000991 1
926 279 947 312 0.000991 1
52 217 79 240 0.000979 1
104 237 156 264 0.000976 1
1039 320 1055 335 0.000968 1
35 231 73 277 0.000967 1
926 241 941 253 0.000967 1
923 272 961 313 0.000965 1
894 261 912 312 0.000959 1
0 240 9 258 0.000954 1
1141 307 1171 365 0.000949 1
1105 282 1133 342 0.000947 1
121 237 157 254 0.000941 1
88 235 194 269 0.000917 1
924 281 944 313 0.000902 1
1099 273 1133 342 0.000893 1
119 237 158 263 0.000890 1
932 239 945 253 0.000888 1
108 219 156 256 0.000881 1
1023 292 1066 334 0.000874 1
764 250 820 281 0.000865 1
100 236 195 275 0.000863 1
966 220 1214 303 0.000855 1
2 221 79 293 0.000851 1
1182 213 1224 264 0.000841 1
1064 283 1131 344 0.000837 1
1010 212 1179 271 0.000829 1
1061 279 1110 337 0.000823 1
192 222 234 262 0.000818 1
0 232 42 274 0.000803 1
153 222 201 264 0.000801 1
1023 273 1062 327 0.000790 1
919 270 947 298 0.000788 1
1153 218 1177 257 0.000788 1
1023 291 1103 335 0.000787 1
47 233 75 273 0.000761 1
135 216 152 237 0.000761 1
1053 242 1114 326 0.000754 1
158 219 234 272 0.000752 1
22 234 200 277 0.000747 1
159 237 192 263 0.000747 1
17 226 72 281 0.000742 1
140 221 191 261 0.000741 1
1044 251 1106 306 0.000739 1
0 229 30 285 0.000738 1
1062 288 1126 344 0.000737 1
1105 279 1132 342 0.000716 1
885 271 961 333 0.000714 1
1061 278 1095 336 0.000713 1
159 237 193 276 0.000712 1
932 243 958 254 0.000712 1
1063 293 1116 337 0.000708 1
1053 278 1077 333 0.000704 1
1024 263 1064 298 0.000692 1
1146 314 1176 361 0.000683 1
26 223 178 261 0.000682 1
1106 284 1133 342 0.000679 1
1052 304 1163 370 0.000676 1
1094 257 1130 333 0.000670 1
158 227 222 276 0.000670 1
1022 270 1087 335 0.000669 1
1030 275 1062 296 0.000667 1
1125 276 1144 343 0.000660 1
1068 206 1173 310 0.000655 1
505 226 544 255 0.000647 1
56 236 194 271 0.000615 1
1098 244 1122 264 0.000613 1
191 216 247 266 0.000609 1
9 234 81 293 0.000600 1
905 236 1280 375 0.000593 1
123 209 144 237 0.000588 1
502 218 541 254 0.000587 1
192 227 226 263 0.000585 1
1101 225 1143 261 0.000582 1
1129 197 1172 254 0.000575 1
1042 277 1061 296 0.000555 1
0 230 49 284 0.000544 1
1180 183 1227 217 0.000537 1
1119 283 1142 344 0.000531 1
49 234 198 274 0.000521 1
1126 241 1180 263 0.000516 1
1052 253 1130 340 0.000496 1
870 253 915 319 0.000495 1
1119 323 1175 359 0.000486 1
1061 283 1087 336 0.000467 1
196 201 227 259 0.000466 1
192 236 223 263 0.000465 1
158 217 229 268 0.000462 1
1027 284 1083 340 0.000456 1
1121 313 1150 345 0.000455 1
1022 232 1079 299 0.000450 1
902 231 954 294 0.000450 1
134 213 149 237 0.000441 1
1138 303 1207 410 0.000440 1
104 241 151 264 0.000436 1
1022 275 1052 332 0.000435 1
1022 317 1063 364 0.000434 1
912 241 964 304 0.000430 1
766 248 818 281 0.000428 1
50 217 95 240 0.000425 1
204 198 251 264 0.000421 1
901 229 954 299 0.000421 1
1071 264 1114 338 0.000414 1
1066 244 1154 335 0.000414 1
192 225 241 264 0.000413 1
1 209 50 260 0.000413 1
1134 304 1171 375 0.000406 1
1100 258 1136 336 0.000405 1
158 222 227 277 0.000396 1
158 216 255 271 0.000391 1
439 188 548 272 0.000389 1
894 258 936 345 0.000386 1
931 237 959 254 0.000384 1
949 273 968 303 0.000383 1
1093 211 1115 253 0.000380 1
143 220 169 239 0.000378 1
1105 284 1132 343 0.000378 1
191 228 244 265 0.000374 1
1023 319 1045 334 0.000369 1
909 279 946 343 0.000368 1
866 263 891 300 0.000367 1
1121 278 1140 340 0.000361 1
1118 172 1223 262 0.000360 1
1062 297 1119 339 0.000349 1
333 234 352 255 0.000347 1
1180 169 1226 263 0.000340 1
763 252 824 281 0.000338 1
1047 254 1225 350 0.000338 1
1112 230 1178 285 0.000335 1
1032 201 1280 420 0.000332 1
1203 254 1235 275 0.000329 1
334 235 352 254 0.000324 1
894 260 930 345 0.000322 1
78 235 108 265 0.000322 1
1021 274 1055 332 0.000319 1
765 252 817 281 0.000313 1
1061 282 1116 339 0.000312 1
1147 327 1198 360 0.000312 1
1025 268 1061 297 0.000308 1
1026 273 1060 297 0.000306 1
1108 288 1133 343 0.000305 1
109 223 128 256 0.000304 1
58 246 97 269 0.000303 1
904 274 944 345 0.000298 1
927 272 961 315 0.000292 1
1123 273 1169 347 0.000286 1
497 224 522 251 0.000281 1
1187 188 1224 217 0.000271 1
1096 251 1121 297 0.000268 1
766 205 1279 401 0.000260 1
159 213 279 270 0.000259 1
823 280 864 312 0.000257 1
1023 319 1044 339 0.000253 1
20 240 49 286 0.000250 1
926 280 946 339 0.000249 1
68 217 96 238 0.000248 1
904 240 963 301 0.000246 1
0 225 70 293 0.000243 1
262 231 289 266 0.000243 1
3 68 163 272 0.000241 1
237 226 291 267 0.000240 1
874 259 959 347 0.000234 1
72 222 121 259 0.000230 1
1122 230 1179 281 0.000226 1
0 183 200 309 0.000226 1
1099 258 1118 300 0.000220 1
496 209 533 251 0.000220 1
851 227 939 316 0.000220 1
1132 302 1169 350 0.000219 1
260 219 289 265 0.000218 1
1129 276 1142 332 0.000218 1
880 209 976 302 0.000217 1
871 254 914 347 0.000217 1
767 250 785 280 0.000215 1
198 205 226 239 0.000214 1
1066 316 1087 336 0.000214 1
1090 252 1121 302 0.000213 1
124 205 148 234 0.000211 1
764 254 824 281 0.000211 1
1023 318 1049 360 0.000210 1
1096 151 1280 428 0.000209 1
824 281 862 312 0.000207 1
1139 300 1220 412 0.000205 1
1121 328 1139 346 0.000203 1
768 253 823 280 0.000202 1
1064 277 1111 331 0.000200 1
501 220 543 263 0.000200 1
104 205 185 262 0.000199 1
1152 232 1195 262 0.000196 1
0 193 239 320 0.000195 1
0 67 60 287 0.000194 1
1024 318 1064 368 0.000191 1
860 268 976 354 0.000190 1
1114 276 1141 336 0.000189 1
919 273 965 341 0.000185 1
753 252 857 328 0.000184 1
1082 207 1183 304 0.000181 1
197 210 219 237 0.000177 1
1177 197 1199 221 0.000175 1
5 239 222 292 0.000170 1
760 252 831 320 0.000169 1
3 245 206 293 0.000169 1
889 270 1032 319 0.000166 1
153 219 171 239 0.000165 1
767 250 817 281 0.000165 1
907 281 946 347 0.000164 1
334 235 352 256 0.000160 1
818 263 862 312 0.000160 1
496 210 610 268 0.000158 1
255 211 290 267 0.000154 1
763 254 827 286 0.000151 1
102 203 204 265 0.000151 1
862 256 910 331 0.000151 1
945 273 969 307 0.000146 1
1126 211 1177 266 0.000145 1
111 213 136 241 0.000142 1
331 203 354 256 0.000141 1
1079 205 1188 310 0.000140 1
895 225 1046 306 0.000139 1
803 259 838 282 0.000137 1
211 209 254 265 0.000136 1
1113 276 1140 331 0.000136 1
924 242 996 271 0.000135 1
253 202 291 265 0.000134 1
211 228 247 265 0.000133 1
933 264 1074 332 0.000133 1
1006 227 1079 328 0.000132 1
1121 231 1197 283 0.000130 1
809 262 858 312 0.000129 1
804 260 820 280 0.000129 1
817 268 859 312 0.000129 1
40 192 108 257 0.000127 1
502 220 542 255 0.000127 1
1053 250 1133 358 0.000126 1
922 254 969 304 0.000126 1
807 263 820 281 0.000125 1
496 232 511 252 0.000120 1
805 262 833 289 0.000120 1
771 249 784 276 0.000118 1
0 80 235 284 0.000116 1
273 230 289 265 0.000115 1
1021 275 1048 325 0.000114 1
754 254 851 339 0.000110 1
749 251 851 325 0.000110 1
492 203 611 256 0.000108 1
1099 228 1181 302 0.000107 1
1054 239 1176 340 0.000104 1
908 238 974 289 0.000103 1
914 241 979 293 0.000103 1
527 233 555 256 0.000102 1
630 372 658 395 0.190784 2
630 372 658 396 0.173059 2
631 374 658 395 0.140849 2
630 373 658 396 0.103101 2
865 176 954 234 0.029042 2
1104 487 1117 496 0.025193 2
1104 487 1120 497 0.021704 2
866 176 955 237 0.021344 2
631 377 658 396 0.020556 2
631 376 658 396 0.017903 2
999 384 1023 400 0.017252 2
999 385 1022 400 0.016436 2
630 370 658 395 0.016404 2
824 329 847 343 0.014794 2
999 383 1023 402 0.014457 2
1119 488 1136 497 0.014362 2
823 329 847 343 0.013903 2
849 471 867 479 0.012399 2
822 329 847 344 0.011752 2
823 329 847 343 0.011669 2
305 188 319 198 0.011529 2
1054 222 1065 235 0.010731 2
304 185 323 198 0.010575 2
1120 488 1136 497 0.010568 2
824 329 847 343 0.010164 2
1005 204 1025 228 0.010123 2
848 471 869 479 0.009603 2
1000 385 1013 400 0.008876 2
1004 199 1026 227 0.008725 2
999 383 1023 401 0.008199 2
1006 206 1025 229 0.007965 2
1004 205 1025 227 0.007881 2
492 199 504 210 0.007601 2
1006 199 1031 226 0.007519 2
463 418 497 446 0.006852 2
307 186 323 198 0.006731 2
485 199 513 217 0.006685 2
1168 381 1179 392 0.006563 2
1024 214 1039 230 0.006545 2
916 473 928 483 0.006439 2
1096 223 1122 252 0.006324 2
495 433 526 449 0.006232 2
984 205 1025 229 0.006098 2
647 456 655 461 0.006042 2
1006 197 1041 226 0.006005 2
1263 348 1279 369 0.005896 2
659 375 687 387 0.005895 2
717 216 726 235 0.005588 2
1263 349 1279 367 0.005568 2
1004 197 1043 230 0.005540 2
1221 501 1232 511 0.005472 2
631 370 658 395 0.005435 2
640 688 671 703 0.005232 2
1213 495 1232 511 0.004480 2
47 401 63 423 0.004380 2
983 201 1032 230 0.004322 2
718 213 727 234 0.003993 2
596 423 610 434 0.003976 2
1213 495 1233 512 0.003920 2
47 405 63 423 0.003808 2
463 427 496 447 0.003786 2
655 452 665 462 0.003760 2
1191 494 1212 504 0.003745 2
639 682 671 703 0.003728 2
649 374 662 389 0.003693 2
878 198 911 235 0.003683 2
1052 216 1066 235 0.003616 2
669 454 683 463 0.003555 2
659 375 688 386 0.003531 2
640 686 671 703 0.003485 2
495 434 524 448 0.003401 2
462 410 505 446 0.003285 2
987 203 1022 228 0.003272 2
1263 349 1279 368 0.003270 2
495 436 527 449 0.003243 2
637 375 661 393 0.003227 2
47 403 63 423 0.003160 2
1163 501 1177 510 0.003155 2
495 431 525 448 0.003125 2
1263 246 1279 270 0.002988 2
647 385 657 398 0.002981 2
623 322 680 372 0.002791 2
623 322 668 371 0.002790 2
1263 321 1279 369 0.002761 2
495 430 527 448 0.002702 2
462 421 496 446 0.002695 2
1052 222 1065 241 0.002681 2
640 456 653 461 0.002665 2
47 400 63 423 0.002613 2
624 322 682 368 0.002588 2
592 448 608 455 0.002566 2
319 215 331 231 0.002524 2
910 198 954 210 0.002511 2
1120 64 1152 76 0.002459 2
915 198 954 209 0.002456 2
639 687 671 703 0.002452 2
657 375 689 387 0.002434 2
1053 221 1075 242 0.002427 2
1232 504 1240 510 0.002423 2
1190 496 1200 504 0.002381 2
462 418 496 444 0.002380 2
511 438 527 449 0.002365 2
1005 206 1026 250 0.002336 2
1263 243 1279 270 0.002302 2
483 200 500 217 0.002278 2
665 454 673 463 0.002272 2
1173 381 1184 392 0.002260 2
1184 502 1201 512 0.002242 2
902 456 913 464 0.002228 2
1024 215 1039 230 0.002224 2
463 426 496 447 0.002189 2
1262 213 1279 269 0.002184 2
997 383 1022 402 0.002156 2
623 323 662 372 0.002130 2
893 480 907 487 0.002119 2
483 198 505 216 0.002102 2
881 199 909 236 0.002091 2
623 321 664 376 0.002072 2
639 685 671 703 0.002044 2
655 424 704 469 0.002038 2
913 196 955 211 0.002034 2
655 423 704 467 0.002029 2
622 323 664 374 0.002000 2
1183 502 1200 512 0.001999 2
873 179 956 212 0.001991 2
644 387 673 427 0.001945 2
599 463 608 469 0.001909 2
319 204 331 231 0.001886 2
861 182 985 256 0.001873 2
824 504 833 511 0.001871 2
461 409 529 450 0.001847 2
633 202 653 216 0.001816 2
607 452 624 467 0.001792 2
629 373 690 397 0.001785 2
918 233 945 253 0.001753 2
668 383 686 395 0.001733 2
1200 495 1214 504 0.001702 2
1121 64 1152 76 0.001698 2
874 187 961 257 0.001669 2
1151 500 1164 510 0.001661 2
463 409 497 446 0.001658 2
680 383 688 395 0.001642 2
1167 379 1209 403 0.001605 2
511 339 521 349 0.001605 2
802 188 858 240 0.001560 2
996 196 1064 242 0.001553 2
0 404 32 423 0.001515 2
429 424 464 442 0.001513 2
462 409 497 445 0.001510 2
653 375 689 396 0.001484 2
293 176 307 198 0.001458 2
895 476 925 487 0.001456 2
591 445 625 465 0.001443 2
971 214 994 253 0.001430 2
0 394 32 423 0.001421 2
1263 355 1279 396 0.001421 2
716 206 730 234 0.001406 2
879 480 894 487 0.001398 2
1263 248 1279 270 0.001396 2
1120 64 1152 78 0.001384 2
625 373 637 385 0.001353 2
1110 471 1121 477 0.001343 2
461 425 497 446 0.001340 2
507 430 528 448 0.001304 2
622 321 661 379 0.001283 2
1261 168 1279 180 0.001274 2
622 400 663 430 0.001264 2
970 200 1034 258 0.001263 2
734 438 763 459 0.001262 2
967 214 1030 259 0.001253 2
734 439 763 459 0.001241 2
639 423 652 435 0.001234 2
623 320 669 365 0.001182 2
1171 213 1188 223 0.001177 2
623 315 685 366 0.001175 2
642 388 673 431 0.001166 2
883 178 958 220 0.001165 2
1216 196 1258 234 0.001138 2
1006 185 1057 228 0.001138 2
590 192 656 216 0.001123 2
1166 214 1179 245 0.001119 2
646 387 673 428 0.001117 2
803 184 852 239 0.001117 2
47 398 64 423 0.001114 2
448 413 502 444 0.001113 2
777 464 798 473 0.001101 2
988 199 1020 226 0.001101 2
867 207 989 260 0.001099 2
610 202 627 215 0.001092 2
605 198 646 215 0.001090 2
967 480 988 487 0.001078 2
1193 471 1216 480 0.001076 2
590 447 618 468 0.001069 2
1196 373 1269 413 0.001064 2
957 206 992 254 0.001062 2
961 205 988 226 0.001059 2
1259 198 1279 266 0.001056 2
909 196 953 252 0.001056 2
1194 375 1262 420 0.001055 2
0 392 32 422 0.001047 2
1000 185 1046 227 0.001044 2
746 694 813 703 0.001030 2
914 472 936 484 0.001029 2
776 471 793 476 0.001020 2
1218 197 1257 235 0.001018 2
0 255 323 396 0.001009 2
504 329 514 335 0.001002 2
802 194 937 241 0.000993 2
1198 471 1216 481 0.000989 2
158 416 170 423 0.000985 2
991 357 1024 401 0.000983 2
1007 188 1055 232 0.000963 2
1263 367 1279 397 0.000962 2
159 244 192 276 0.000961 2
430 424 462 441 0.000959 2
1264 331 1279 369 0.000956 2
913 455 923 464 0.000952 2
982 455 993 464 0.000950 2
687 375 696 384 0.000945 2
1125 64 1152 75 0.000944 2
430 423 463 441 0.000939 2
899 208 994 259 0.000939 2
716 218 725 238 0.000937 2
1263 366 1279 400 0.000931 2
655 450 666 462 0.000927 2
1263 366 1279 391 0.000924 2
1206 353 1270 414 0.000915 2
885 186 955 210 0.000906 2
667 424 696 440 0.000905 2
737 695 814 703 0.000899 2
627 373 689 403 0.000896 2
1263 252 1279 271 0.000887 2
682 452 702 465 0.000874 2
999 384 1023 408 0.000872 2
1147 208 1173 244 0.000871 2
718 215 731 236 0.000866 2
1194 375 1244 420 0.000863 2
651 374 689 393 0.000855 2
659 449 677 463 0.000850 2
674 451 692 465 0.000847 2
985 355 1024 394 0.000834 2
1017 440 1040 455 0.000834 2
650 423 704 466 0.000831 2
1260 199 1279 243 0.000821 2
757 694 812 703 0.000818 2
776 471 793 477 0.000815 2
67 399 180 424 0.000814 2
105 237 157 264 0.000811 2
595 373 695 437 0.000807 2
623 322 660 364 0.000805 2
596 422 619 434 0.000802 2
466 409 501 445 0.000795 2
822 471 831 477 0.000794 2
899 190 955 221 0.000794 2
42 399 100 424 0.000793 2
646 383 671 405 0.000790 2
643 374 688 399 0.000779 2
1247 345 1262 357 0.000777 2
157 235 224 277 0.000775 2
884 178 951 206 0.000774 2
80 399 180 425 0.000762 2
659 423 699 440 0.000751 2
294 176 306 197 0.000744 2
591 448 608 458 0.000743 2
1167 378 1199 397 0.000743 2
607 456 624 470 0.000742 2
591 421 626 466 0.000741 2
897 472 921 483 0.000741 2
656 427 694 441 0.000738 2
719 332 754 376 0.000736 2
1150 471 1163 479 0.000733 2
1063 464 1072 471 0.000733 2
1263 318 1279 371 0.000732 2
661 273 688 283 0.000729 2
671 386 686 398 0.000728 2
962 208 994 255 0.000721 2
677 453 706 470 0.000720 2
0 393 20 417 0.000717 2
47 397 64 424 0.000716 2
503 311 529 336 0.000714 2
1197 376 1232 415 0.000710 2
926 203 976 254 0.000710 2
1167 213 1192 247 0.000701 2
0 394 17 409 0.000699 2
589 191 619 214 0.000698 2
489 410 528 447 0.000687 2
159 242 192 276 0.000685 2
308 185 334 199 0.000677 2
1225 161 1279 181 0.000675 2
1120 64 1152 77 0.000674 2
670 452 711 471 0.000673 2
1096 207 1163 257 0.000673 2
430 426 461 441 0.000669 2
624 322 671 377 0.000667 2
318 202 334 231 0.000663 2
478 179 532 217 0.000661 2
917 201 979 252 0.000661 2
879 178 941 203 0.000656 2
599 319 607 328 0.000656 2
624 373 659 394 0.000655 2
429 423 464 458 0.000653 2
679 384 688 397 0.000649 2
604 458 624 470 0.000642 2
88 398 177 423 0.000641 2
848 439 867 454 0.000639 2
157 238 225 279 0.000635 2
672 448 703 464 0.000628 2
157 407 176 423 0.000617 2
430 423 462 441 0.000615 2
651 425 700 442 0.000611 2
503 312 525 336 0.000606 2
294 200 332 232 0.000604 2
977 183 1047 230 0.000600 2
719 335 757 371 0.000596 2
636 408 657 429 0.000592 2
873 454 932 486 0.000585 2
650 437 704 467 0.000583 2
1015 441 1025 448 0.000582 2
108 400 161 426 0.000581 2
1262 197 1279 235 0.000581 2
1158 208 1185 224 0.000576 2
924 455 937 464 0.000571 2
1197 374 1257 426 0.000568 2
80 399 182 424 0.000566 2
447 407 508 445 0.000564 2
719 324 745 340 0.000564 2
865 200 906 240 0.000564 2
1262 169 1279 204 0.000560 2
1262 168 1279 181 0.000559 2
503 312 526 345 0.000556 2
430 423 490 444 0.000555 2
85 400 181 424 0.000553 2
495 408 510 424 0.000548 2
109 409 127 425 0.000548 2
151 398 176 422 0.000545 2
1207 375 1233 413 0.000545 2
671 456 698 471 0.000544 2
503 312 517 335 0.000542 2
990 352 1024 381 0.000541 2
1053 211 1082 242 0.000540 2
502 307 530 337 0.000532 2
646 377 676 407 0.000529 2
0 397 21 422 0.000527 2
446 423 471 442 0.000527 2
914 198 957 233 0.000527 2
1263 367 1279 403 0.000525 2
159 238 192 276 0.000517 2
671 423 698 440 0.000517 2
590 206 607 214 0.000513 2
613 201 644 216 0.000509 2
31 264 48 294 0.000507 2
1262 168 1279 245 0.000507 2
0 439 8 445 0.000501 2
600 373 697 437 0.000499 2
870 177 940 202 0.000499 2
676 454 720 471 0.000498 2
524 372 694 447 0.000498 2
154 398 194 422 0.000496 2
452 305 522 347 0.000495 2
623 319 689 372 0.000495 2
945 208 979 254 0.000495 2
103 400 174 426 0.000494 2
99 401 128 426 0.000492 2
1167 380 1195 400 0.000491 2
41 400 100 427 0.000489 2
1221 161 1277 219 0.000487 2
637 423 656 458 0.000485 2
190 392 224 415 0.000483 2
164 395 213 419 0.000479 2
190 392 224 416 0.000477 2
1215 495 1242 511 0.000477 2
1119 64 1134 76 0.000476 2
626 375 673 429 0.000476 2
0 401 32 423 0.000475 2
1248 344 1264 358 0.000473 2
897 210 995 261 0.000472 2
680 455 715 471 0.000471 2
39 400 96 425 0.000470 2
0 394 70 423 0.000468 2
453 307 514 351 0.000467 2
719 337 757 378 0.000466 2
988 347 1018 379 0.000464 2
913 351 1024 408 0.000461 2
959 480 971 487 0.000461 2
1019 439 1040 453 0.000458 2
494 408 517 425 0.000457 2
318 202 334 231 0.000457 2
461 428 496 447 0.000449 2
1221 162 1279 219 0.000449 2
1225 162 1270 181 0.000446 2
1206 374 1271 409 0.000445 2
1093 202 1173 254 0.000445 2
42 399 104 425 0.000442 2
1122 64 1152 79 0.000440 2
596 360 624 390 0.000439 2
8 399 66 423 0.000436 2
666 423 700 442 0.000435 2
495 408 512 423 0.000434 2
1100 167 1223 255 0.000432 2
581 424 623 460 0.000428 2
719 323 746 346 0.000423 2
802 185 848 239 0.000423 2
31 258 49 294 0.000421 2
229 206 243 217 0.000420 2
53 400 96 425 0.000418 2
878 177 943 203 0.000417 2
1264 319 1279 368 0.000413 2
191 392 224 412 0.000411 2
879 177 941 200 0.000409 2
1197 378 1234 425 0.000408 2
892 189 957 291 0.000408 2
720 323 744 338 0.000407 2
733 681 815 703 0.000405 2
1233 503 1249 510 0.000400 2
503 311 529 342 0.000399 2
20 200 35 206 0.000396 2
1094 488 1107 501 0.000394 2
611 199 649 217 0.000392 2
988 330 1025 385 0.000389 2
87 399 180 422 0.000388 2
0 393 88 423 0.000388 2
590 450 608 462 0.000386 2
1263 317 1279 369 0.000385 2
1147 339 1199 365 0.000384 2
1262 169 1279 182 0.000383 2
1201 375 1267 413 0.000383 2
0 391 17 406 0.000383 2
494 408 548 429 0.000381 2
60 255 93 268 0.000378 2
1230 345 1272 377 0.000376 2
640 463 648 471 0.000375 2
0 395 33 423 0.000374 2
916 197 976 212 0.000373 2
1224 159 1279 182 0.000372 2
645 438 656 460 0.000372 2
73 399 181 422 0.000371 2
482 203 504 218 0.000371 2
31 266 49 295 0.000370 2
960 480 977 487 0.000369 2
1231 347 1265 376 0.000367 2
0 396 76 423 0.000366 2
918 198 969 254 0.000363 2
0 391 32 421 0.000360 2
176 395 209 418 0.000358 2
109 407 128 426 0.000357 2
1068 197 1088 222 0.000357 2
1056 465 1069 471 0.000354 2
1138 377 1209 412 0.000352 2
0 391 17 405 0.000351 2
957 207 978 218 0.000351 2
1190 471 1204 480 0.000349 2
850 439 872 455 0.000346 2
623 323 658 366 0.000345 2
52 401 96 426 0.000343 2
533 471 544 480 0.000341 2
175 395 194 416 0.000339 2
247 411 264 424 0.000339 2
734 678 814 703 0.000339 2
1213 347 1270 399 0.000337 2
31 257 49 293 0.000334 2
1186 276 1214 285 0.000333 2
719 338 750 376 0.000332 2
1156 374 1179 394 0.000331 2
1129 256 1279 358 0.000330 2
0 277 6 293 0.000329 2
273 184 293 192 0.000329 2
689 454 719 470 0.000328 2
89 398 185 420 0.000327 2
0 407 26 423 0.000325 2
803 184 851 219 0.000325 2
1119 471 1128 477 0.000321 2
593 360 624 389 0.000320 2
703 302 768 341 0.000320 2
1117 499 1132 509 0.000318 2
635 369 670 391 0.000318 2
57 254 90 278 0.000316 2
1098 201 1124 228 0.000311 2
898 135 938 152 0.000309 2
58 254 93 278 0.000308 2
622 322 659 374 0.000307 2
661 273 688 283 0.000306 2
1179 162 1230 218 0.000302 2
719 213 735 234 0.000301 2
193 245 223 264 0.000296 2
1165 471 1192 479 0.000295 2
30 400 167 425 0.000295 2
294 175 316 198 0.000294 2
94 397 178 420 0.000292 2
879 202 949 282 0.000290 2
63 402 96 425 0.000289 2
719 318 745 339 0.000289 2
877 473 929 489 0.000287 2
48 401 130 425 0.000285 2
161 203 273 266 0.000285 2
227 208 253 231 0.000284 2
462 427 497 456 0.000284 2
121 409 141 425 0.000283 2
428 423 464 457 0.000280 2
624 366 645 383 0.000279 2
159 242 192 279 0.000279 2
617 407 657 434 0.000276 2
704 301 767 339 0.000266 2
0 393 32 423 0.000264 2
42 254 92 286 0.000264 2
963 199 989 215 0.000263 2
1217 366 1280 406 0.000263 2
478 446 496 454 0.000262 2
1096 471 1123 483 0.000259 2
95 404 131 426 0.000259 2
1224 161 1270 182 0.000259 2
495 407 546 433 0.000258 2
623 320 669 373 0.000258 2
861 135 938 153 0.000258 2
176 392 214 418 0.000256 2
1216 371 1279 407 0.000255 2
874 442 923 485 0.000255 2
864 135 938 152 0.000255 2
889 136 938 153 0.000254 2
31 255 71 294 0.000254 2
30 253 91 294 0.000253 2
913 472 940 486 0.000252 2
1204 373 1279 412 0.000250 2
209 188 270 231 0.000250 2
1137 320 1175 374 0.000248 2
325 448 402 472 0.000248 2
1247 197 1278 238 0.000243 2
720 324 747 345 0.000243 2
640 443 653 461 0.000241 2
191 245 224 277 0.000241 2
901 187 955 209 0.000240 2
717 207 735 234 0.000240 2
867 176 942 203 0.000238 2
303 186 332 233 0.000235 2
902 340 1024 408 0.000235 2
625 320 688 390 0.000234 2
635 354 657 391 0.000232 2
1168 380 1202 409 0.000231 2
493 407 597 436 0.000231 2
176 242 223 278 0.000230 2
1230 298 1279 360 0.000228 2
45 438 65 446 0.000226 2
982 481 991 487 0.000226 2
1220 346 1266 395 0.000225 2
591 455 608 469 0.000224 2
0 399 65 424 0.000224 2
445 399 500 445 0.000223 2
129 396 180 420 0.000221 2
60 254 90 265 0.000220 2
272 178 311 198 0.000219 2
56 254 96 282 0.000219 2
294 195 326 232 0.000218 2
44 436 82 450 0.000218 2
868 177 941 209 0.000218 2
1247 197 1277 235 0.000216 2
103 246 129 264 0.000215 2
327 190 340 200 0.000214 2
1233 299 1279 369 0.000214 2
30 256 53 287 0.000213 2
1225 347 1264 377 0.000213 2
57 253 105 278 0.000212 2
932 371 1023 419 0.000212 2
110 400 176 424 0.000212 2
623 371 658 403 0.000212 2
503 307 530 337 0.000211 2
271 182 312 201 0.000211 2
1150 379 1185 404 0.000210 2
481 199 534 251 0.000209 2
976 342 1008 368 0.000209 2
0 394 31 422 0.000207 2
914 147 985 187 0.000205 2
151 395 202 419 0.000205 2
0 280 5 294 0.000203 2
988 326 1027 376 0.000203 2
236 409 264 424 0.000201 2
1262 249 1279 295 0.000200 2
240 446 320 469 0.000199 2
1216 345 1271 379 0.000199 2
192 235 242 270 0.000198 2
222 209 254 239 0.000198 2
1251 248 1279 295 0.000198 2
447 423 474 458 0.000198 2
1 282 23 295 0.000197 2
695 388 704 401 0.000196 2
0 276 22 295 0.000194 2
102 239 163 282 0.000194 2
1003 188 1102 233 0.000193 2
623 314 675 358 0.000192 2
1212 345 1273 386 0.000192 2
1233 342 1267 360 0.000192 2
461 427 496 455 0.000191 2
663 195 693 230 0.000191 2
1165 272 1215 282 0.000191 2
335 403 391 470 0.000190 2
911 145 945 186 0.000190 2
336 404 385 473 0.000189 2
39 399 97 421 0.000189 2
159 243 194 279 0.000189 2
1247 183 1278 235 0.000188 2
622 407 643 424 0.000188 2
125 235 196 281 0.000187 2
1215 473 1224 481 0.000187 2
193 239 222 265 0.000187 2
292 199 333 271 0.000186 2
475 407 511 429 0.000185 2
719 331 734 347 0.000185 2
1095 158 1218 226 0.000185 2
31 255 64 292 0.000182 2
1138 380 1199 410 0.000181 2
823 327 869 344 0.000180 2
196 236 243 267 0.000178 2
56 254 105 286 0.000177 2
653 360 691 386 0.000177 2
1167 273 1220 286 0.000177 2
775 231 788 237 0.000176 2
830 417 847 425 0.000176 2
990 331 1041 360 0.000175 2
1167 272 1217 284 0.000174 2
719 337 737 374 0.000174 2
337 404 384 460 0.000173 2
623 309 682 355 0.000171 2
1220 178 1274 237 0.000171 2
328 199 385 239 0.000170 2
1231 291 1279 353 0.000170 2
922 146 985 184 0.000170 2
623 318 666 356 0.000170 2
37 240 86 280 0.000170 2
1231 347 1263 380 0.000169 2
356 217 368 228 0.000169 2
18 234 195 295 0.000169 2
0 392 87 420 0.000169 2
719 318 745 337 0.000169 2
653 367 690 387 0.000168 2
496 365 693 461 0.000167 2
336 405 385 457 0.000167 2
320 408 336 414 0.000167 2
626 317 697 378 0.000167 2
866 176 940 221 0.000166 2
825 134 949 197 0.000164 2
905 159 948 203 0.000164 2
447 429 464 457 0.000163 2
160 239 201 280 0.000163 2
158 209 287 272 0.000163 2
151 396 223 425 0.000162 2
456 303 530 350 0.000162 2
662 377 713 415 0.000160 2
625 377 666 425 0.000160 2
1005 337 1025 378 0.000160 2
866 171 944 226 0.000159 2
469 391 497 400 0.000159 2
719 336 759 367 0.000159 2
975 342 998 368 0.000158 2
1013 374 1040 409 0.000158 2
831 277 1025 376 0.000157 2
775 465 800 477 0.000156 2
1136 384 1194 412 0.000156 2
503 320 521 350 0.000155 2
1007 183 1049 220 0.000154 2
1263 463 1279 477 0.000154 2
662 273 688 284 0.000154 2
32 254 63 281 0.000152 2
40 395 132 422 0.000152 2
623 323 656 351 0.000152 2
109 399 131 417 0.000151 2
96 397 129 423 0.000151 2
422 400 491 444 0.000151 2
1176 216 1279 301 0.000151 2
334 406 386 456 0.000151 2
621 321 664 395 0.000151 2
600 406 657 441 0.000150 2
655 326 680 361 0.000150 2
44 436 83 450 0.000150 2
1055 195 1087 227 0.000149 2
174 396 212 424 0.000149 2
1231 297 1279 415 0.000149 2
0 400 32 461 0.000149 2
640 455 657 471 0.000148 2
1140 363 1220 419 0.000147 2
1013 374 1041 408 0.000147 2
44 437 81 449 0.000145 2
997 436 1012 451 0.000145 2
720 202 737 233 0.000144 2
46 402 152 426 0.000144 2
1006 181 1065 228 0.000144 2
1171 279 1279 363 0.000144 2
334 404 385 451 0.000142 2
1177 269 1230 286 0.000142 2
446 397 500 442 0.000141 2
624 307 693 374 0.000141 2
52 567 96 591 0.000141 2
957 339 996 380 0.000140 2
175 392 211 424 0.000139 2
902 331 1056 408 0.000139 2
1217 164 1248 208 0.000137 2
31 258 72 294 0.000137 2
1049 455 1075 467 0.000135 2
633 374 698 463 0.000133 2
357 218 368 231 0.000133 2
467 391 482 399 0.000132 2
327 198 388 232 0.000132 2
1172 271 1280 318 0.000131 2
73 568 96 589 0.000131 2
693 696 757 703 0.000131 2
33 404 58 423 0.000129 2
926 150 945 184 0.000129 2
0 430 8 446 0.000129 2
29 254 100 292 0.000128 2
165 191 317 274 0.000128 2
687 356 704 384 0.000128 2
595 477 608 487 0.000128 2
329 200 382 252 0.000127 2
1170 275 1280 324 0.000127 2
416 397 482 443 0.000126 2
319 408 336 413 0.000126 2
681 375 702 394 0.000126 2
1005 183 1047 222 0.000125 2
528 407 558 423 0.000125 2
622 276 697 373 0.000125 2
852 184 1134 286 0.000125 2
505 495 528 503 0.000125 2
917 149 994 185 0.000125 2
430 397 489 444 0.000124 2
104 252 116 264 0.000124 2
455 305 500 345 0.000124 2
1231 292 1279 353 0.000123 2
702 291 767 330 0.000122 2
603 427 641 470 0.000122 2
455 306 504 345 0.000120 2
8 392 342 469 0.000120 2
900 148 988 214 0.000120 2
659 273 688 285 0.000119 2
854 135 938 152 0.000118 2
28 235 198 302 0.000117 2
203 241 242 277 0.000117 2
719 330 758 354 0.000117 2
207 447 239 472 0.000117 2
176 392 200 412 0.000117 2
723 207 752 234 0.000117 2
236 445 321 469 0.000117 2
705 300 768 334 0.000116 2
651 323 683 376 0.000116 2
497 321 523 352 0.000116 2
1255 414 1279 465 0.000115 2
328 200 355 257 0.000114 2
572 241 591 247 0.000113 2
0 241 210 343 0.000112 2
0 247 194 396 0.000112 2
714 295 769 343 0.000110 2
852 328 879 343 0.000109 2
695 379 704 392 0.000109 2
335 405 383 456 0.000108 2
1194 345 1268 390 0.000108 2
308 189 343 231 0.000108 2
146 210 299 288 0.000107 2
275 261 296 295 0.000106 2
184 246 225 291 0.000106 2
92 392 129 406 0.000106 2
449 426 464 458 0.000106 2
208 446 236 463 0.000105 2
1226 269 1280 315 0.000104 2
911 440 928 455 0.000104 2
911 148 994 188 0.000104 2
454 303 497 345 0.000103 2
1137 365 1217 420 0.000103 2
848 135 938 153 0.000103 2
321 200 355 239 0.000103 2
81 391 127 405 0.000102 2
1231 284 1279 315 0.000102 2
66 568 96 592 0.000101 2
627 355 644 379 0.000101 2
620 274 681 353 0.000101 2
1143 193 1183 229 0.000101 2
681 695 743 703 0.000100 2
1134 274 1279 416 0.009501 5
1182 171 1279 268 0.007498 5
1181 166 1279 268 0.005964 5
478 172 520 216 0.003544 5
1172 162 1279 268 0.003139 5
1178 163 1279 269 0.002632 5
1196 163 1279 264 0.002293 5
479 174 518 216 0.001756 5
640 145 986 379 0.001713 5
1153 162 1279 265 0.001408 5
1262 170 1279 268 0.001166 5
1045 268 1279 418 0.001008 5
1194 162 1280 244 0.001008 5
478 148 589 217 0.000919 5
1095 154 1279 267 0.000888 5
1261 164 1279 266 0.000806 5
829 135 939 169 0.000676 5
824 135 939 165 0.000624 5
1212 160 1279 242 0.000442 5
1126 189 1278 265 0.000384 5
1205 164 1257 237 0.000262 5
1219 173 1275 223 0.000102 5
715 266 1279 496 0.015111 6
703 263 1279 482 0.012153 6
672 261 1279 489 0.011177 6
777 265 1279 504 0.007722 6
468 165 581 208 0.006135 6
665 258 1278 497 0.004341 6
640 253 1113 474 0.004299 6
660 246 1279 484 0.003797 6
724 263 1279 503 0.003362 6
694 243 1279 454 0.003271 6
640 257 1070 475 0.003228 6
640 250 1085 473 0.003174 6
459 155 582 214 0.003070 6
515 170 580 204 0.002974 6
814 268 1279 502 0.002961 6
718 254 1278 432 0.002929 6
837 269 1279 484 0.002922 6
502 161 581 205 0.002573 6
487 161 580 205 0.002322 6
511 168 579 205 0.002156 6
514 170 581 209 0.002046 6
715 273 1272 490 0.001974 6
683 434 1275 496 0.001961 6
898 264 1279 464 0.001942 6
698 436 1277 503 0.001867 6
677 435 1271 494 0.001857 6
503 167 579 212 0.001766 6
328 404 709 467 0.001739 6
649 302 1268 492 0.001678 6
640 252 1065 465 0.001654 6
834 451 1277 509 0.001642 6
457 149 581 214 0.001631 6
827 463 1278 509 0.001608 6
640 258 1059 437 0.001531 6
641 261 1028 458 0.001493 6
481 164 578 206 0.001485 6
661 330 1272 498 0.001477 6
705 234 1274 478 0.001395 6
641 257 1048 417 0.001358 6
528 328 958 480 0.001329 6
729 439 1275 508 0.001315 6
853 451 1160 489 0.001252 6
826 427 1278 506 0.001241 6
629 386 957 478 0.001232 6
645 303 1097 477 0.001224 6
665 204 1278 444 0.001224 6
680 436 1245 490 0.001222 6
641 262 1026 390 0.001221 6
640 199 1044 387 0.001204 6
886 260 1279 423 0.001166 6
640 228 1047 378 0.001150 6
836 449 1277 506 0.001096 6
709 312 1277 509 0.001096 6
681 279 1278 504 0.001054 6
660 273 1271 496 0.001049 6
672 318 1276 502 0.001001 6
660 340 1198 490 0.000961 6
640 206 1069 390 0.000960 6
411 395 711 467 0.000949 6
754 444 1275 515 0.000929 6
737 437 881 479 0.000928 6
825 443 1277 504 0.000901 6
445 281 957 478 0.000895 6
807 417 1278 507 0.000884 6
692 439 1274 516 0.000852 6
330 407 710 472 0.000826 6
517 263 959 481 0.000824 6
1012 271 1279 487 0.000812 6
640 232 1079 384 0.000809 6
1006 469 1278 512 0.000777 6
841 451 1129 487 0.000777 6
810 446 1275 512 0.000770 6
694 438 1142 483 0.000751 6
771 441 1277 506 0.000709 6
1024 470 1278 512 0.000688 6
324 371 711 466 0.000643 6
1026 275 1279 484 0.000643 6
706 174 1269 449 0.000637 6
446 394 805 469 0.000631 6
438 259 958 478 0.000627 6
827 449 1026 487 0.000621 6
464 389 956 475 0.000617 6
838 451 1100 487 0.000615 6
482 165 579 220 0.000610 6
830 135 940 166 0.000599 6
830 135 937 168 0.000597 6
657 343 1058 484 0.000587 6
839 447 1026 487 0.000584 6
646 257 1214 457 0.000584 6
851 452 1176 490 0.000582 6
665 434 1267 520 0.000559 6
647 263 1041 384 0.000554 6
730 438 879 478 0.000553 6
647 223 1243 489 0.000535 6
365 252 948 473 0.000527 6
695 438 1054 481 0.000524 6
823 445 1033 487 0.000514 6
404 305 946 472 0.000504 6
728 432 883 479 0.000491 6
843 432 1027 487 0.000473 6
643 347 1053 481 0.000469 6
830 135 939 169 0.000457 6
1033 472 1280 515 0.000433 6
362 406 746 473 0.000406 6
392 369 715 465 0.000400 6
726 432 880 478 0.000392 6
831 134 939 159 0.000375 6
647 239 1181 408 0.000362 6
640 249 996 473 0.000347 6
830 134 939 161 0.000340 6
826 134 938 182 0.000335 6
829 134 939 157 0.000330 6
458 155 559 222 0.000327 6
0 65 339 402 0.000314 6
830 133 938 165 0.000290 6
661 166 1250 460 0.000286 6
666 434 1249 522 0.000286 6
1032 422 1280 475 0.000279 6
425 409 919 475 0.000277 6
0 65 352 396 0.000272 6
422 153 704 218 0.000262 6
648 206 1109 377 0.000260 6
394 77 645 221 0.000254 6
454 140 580 207 0.000254 6
940 416 1278 509 0.000250 6
641 342 1035 480 0.000249 6
862 448 1101 485 0.000242 6
1030 414 1280 512 0.000241 6
710 203 1275 355 0.000240 6
382 66 640 221 0.000238 6
513 415 952 477 0.000237 6
1117 65 1280 274 0.000237 6
327 64 698 237 0.000234 6
730 439 887 480 0.000234 6
1020 427 1278 510 0.000230 6
4 397 338 481 0.000227 6
744 437 881 479 0.000226 6
1038 418 1279 470 0.000222 6
857 452 1148 498 0.000217 6
1020 422 1280 475 0.000217 6
729 441 879 479 0.000214 6
508 157 641 210 0.000209 6
841 336 1067 422 0.000204 6
719 185 1260 380 0.000202 6
331 64 705 243 0.000201 6
344 250 933 471 0.000186 6
568 253 959 475 0.000186 6
334 65 638 220 0.000186 6
708 264 1219 444 0.000183 6
822 134 940 157 0.000182 6
651 186 1155 385 0.000179 6
1008 416 1280 471 0.000177 6
1074 66 1279 276 0.000168 6
765 209 1277 376 0.000159 6
654 432 1203 535 0.000158 6
371 64 709 232 0.000152 6
411 155 729 236 0.000144 6
0 102 331 398 0.000144 6
640 322 982 480 0.000141 6
2 66 369 393 0.000139 6
1080 424 1278 478 0.000133 6
663 436 989 481 0.000128 6
0 180 325 397 0.000124 6
1006 408 1274 468 0.000122 6
669 177 1231 404 0.000122 6
826 411 1125 486 0.000117 6
452 257 957 448 0.000110 6
153 170 278 226 0.000107 6
866 177 949 238 0.232139 7
802 177 950 241 0.199991 7
866 177 953 238 0.172819 7
802 177 943 241 0.110223 7
862 177 951 239 0.103492 7
803 176 954 240 0.098989 7
706 152 956 242 0.081826 7
801 165 942 241 0.079905 7
866 177 940 233 0.068755 7
866 176 940 236 0.059500 7
705 159 953 242 0.034033 7
709 152 860 238 0.030747 7
1134 274 1279 415 0.030055 7
866 177 943 235 0.022344 7
697 149 954 243 0.021867 7
587 184 623 214 0.019721 7
587 184 622 214 0.016810 7
587 183 622 213 0.016777 7
802 183 854 242 0.016018 7
685 152 963 273 0.014294 7
1183 175 1279 268 0.013013 7
827 176 954 242 0.012113 7
709 153 805 236 0.011078 7
709 153 819 237 0.010993 7
684 154 964 256 0.010756 7
802 182 857 242 0.010714 7
801 136 948 240 0.010550 7
708 152 865 241 0.009919 7
864 176 942 238 0.009700 7
802 155 858 240 0.008703 7
802 170 858 233 0.008043 7
803 184 853 240 0.007971 7
865 177 934 236 0.007899 7
1181 169 1279 269 0.007844 7
686 152 933 256 0.007541 7
802 177 857 240 0.007481 7
802 174 856 235 0.007219 7
1183 218 1279 268 0.007135 7
586 184 654 216 0.006990 7
650 150 986 309 0.006903 7
1183 225 1279 269 0.006210 7
836 175 960 250 0.005653 7
1182 182 1279 269 0.005604 7
1183 189 1280 268 0.005563 7
866 177 914 239 0.005548 7
864 175 987 253 0.005269 7
819 177 940 260 0.005084 7
806 150 955 244 0.005027 7
801 153 860 239 0.004745 7
1197 171 1279 268 0.004736 7
587 183 622 211 0.004504 7
586 185 652 215 0.004462 7
1130 271 1279 353 0.004449 7
640 150 990 342 0.004439 7
803 183 854 233 0.003459 7
709 153 804 219 0.003400 7
1133 274 1279 354 0.003371 7
640 145 1040 381 0.003139 7
1205 168 1279 268 0.003128 7
867 182 918 237 0.003110 7
1260 181 1279 268 0.003093 7
640 140 1047 388 0.003016 7
811 134 950 240 0.002890 7
587 183 621 207 0.002787 7
587 185 653 216 0.002786 7
577 184 621 213 0.002666 7
841 176 932 240 0.002582 7
1262 197 1279 268 0.002503 7
859 181 930 278 0.002496 7
1256 189 1279 270 0.002476 7
1262 199 1279 270 0.002372 7
710 153 812 238 0.002308 7
1131 163 1279 417 0.002272 7
801 185 861 241 0.002231 7
844 177 926 242 0.002202 7
1098 275 1280 355 0.002178 7
586 186 657 218 0.001968 7
1133 273 1279 404 0.001935 7
824 157 958 248 0.001905 7
868 171 993 257 0.001901 7
804 159 858 220 0.001843 7
803 171 859 236 0.001757 7
1262 177 1279 268 0.001730 7
870 183 998 257 0.001689 7
815 134 951 247 0.001631 7
795 168 959 259 0.001590 7
750 152 804 207 0.001427 7
987 194 1061 228 0.001366 7
1002 195 1060 228 0.001358 7
802 185 852 240 0.001350 7
586 184 665 219 0.001348 7
578 184 621 213 0.001345 7
803 161 857 221 0.001281 7
792 158 859 239 0.001276 7
1261 201 1279 268 0.001263 7
802 156 861 238 0.001247 7
586 184 625 212 0.001224 7
1123 152 1280 422 0.001196 7
1123 271 1279 354 0.001167 7
936 205 977 254 0.001156 7
640 138 1086 392 0.001124 7
1070 267 1280 352 0.001096 7
1122 164 1279 412 0.001093 7
866 177 934 233 0.001077 7
981 189 1060 229 0.001015 7
1212 182 1259 265 0.001002 7
1199 167 1279 248 0.000990 7
292 199 388 279 0.000969 7
1148 161 1280 413 0.000941 7
702 133 961 248 0.000937 7
751 153 804 205 0.000899 7
864 175 992 247 0.000844 7
942 208 975 254 0.000789 7
701 152 799 235 0.000781 7
1180 167 1270 266 0.000745 7
699 128 960 247 0.000725 7
586 166 660 216 0.000708 7
707 302 768 344 0.000684 7
705 301 768 343 0.000676 7
923 200 973 254 0.000670 7
479 175 532 217 0.000661 7
295 200 332 232 0.000627 7
847 133 953 239 0.000615 7
862 188 962 272 0.000595 7
478 170 515 217 0.000589 7
844 180 941 242 0.000586 7
576 173 623 212 0.000580 7
519 174 631 214 0.000549 7
944 208 976 255 0.000546 7
1180 166 1231 220 0.000546 7
704 152 801 217 0.000529 7
944 209 976 256 0.000520 7
713 300 769 344 0.000491 7
762 152 806 227 0.000487 7
1137 279 1279 417 0.000477 7
757 152 807 208 0.000475 7
708 300 768 343 0.000468 7
750 152 806 204 0.000449 7
862 185 982 274 0.000443 7
516 166 634 211 0.000439 7
1179 164 1230 217 0.000429 7
1133 274 1280 409 0.000397 7
1180 159 1278 241 0.000375 7
713 154 857 238 0.000367 7
1130 275 1168 347 0.000353 7
583 164 622 212 0.000345 7
292 198 387 290 0.000335 7
1052 254 1277 358 0.000331 7
756 152 804 234 0.000287 7
706 300 769 347 0.000282 7
835 159 1114 284 0.000268 7
693 177 737 235 0.000267 7
955 171 1063 257 0.000263 7
750 152 804 232 0.000261 7
654 178 1038 306 0.000256 7
714 153 793 215 0.000249 7
959 463 1025 487 0.000235 7
1164 303 1280 357 0.000235 7
705 135 861 235 0.000226 7
755 152 806 206 0.000216 7
704 133 863 231 0.000213 7
704 297 769 345 0.000208 7
967 156 1068 237 0.000206 7
1230 290 1279 412 0.000205 7
978 168 1070 235 0.000205 7
1238 179 1279 235 0.000204 7
1140 292 1279 415 0.000198 7
744 133 865 232 0.000198 7
1232 286 1279 414 0.000184 7
499 146 889 247 0.000180 7
983 169 1070 233 0.000177 7
715 153 779 232 0.000165 7
705 271 852 346 0.000164 7
707 286 857 363 0.000160 7
834 174 1131 269 0.000149 7
747 93 1147 283 0.000145 7
709 299 768 386 0.000144 7
686 86 957 247 0.000139 7
959 468 976 487 0.000136 7
894 281 1024 395 0.000128 7
1230 177 1279 219 0.000127 7
704 155 753 223 0.000127 7
713 299 768 385 0.000125 7
710 153 752 218 0.000122 7
718 181 765 234 0.000121 7
1131 272 1233 345 0.000118 7
858 278 1025 379 0.000118 7
854 189 1083 292 0.000116 7
823 438 886 479 0.000113 7
897 150 1000 253 0.000111 7
716 153 753 214 0.000109 7
715 152 800 212 0.000100 7
1088 150 1103 177 0.517760 9
1089 150 1102 177 0.461623 9
513 152 524 180 0.265683 9
895 155 907 177 0.106125 9
895 156 907 177 0.104106 9
513 151 524 185 0.097801 9
513 151 525 182 0.095844 9
513 151 525 182 0.091977 9
239 177 247 190 0.063284 9
239 176 247 190 0.058900 9
449 157 490 170 0.058783 9
372 167 382 185 0.052958 9
449 157 490 171 0.050724 9
513 149 524 180 0.049479 9
867 152 880 169 0.039729 9
895 153 908 177 0.037910 9
1087 151 1102 186 0.031712 9
313 151 341 191 0.029380 9
895 152 908 177 0.028731 9
1198 383 1207 416 0.028620 9
313 151 341 193 0.028346 9
866 152 880 169 0.028188 9
449 157 490 170 0.027724 9
313 150 341 190 0.027448 9
625 178 635 197 0.025150 9
862 165 869 183 0.024519 9
1088 150 1103 188 0.022484 9
366 167 374 188 0.022171 9
366 167 374 188 0.020802 9
1014 140 1024 169 0.020639 9
1089 150 1103 184 0.020631 9
1214 167 1224 202 0.020576 9
513 150 527 189 0.020131 9
1013 140 1024 172 0.019687 9
1208 171 1215 186 0.019548 9
448 158 490 171 0.019477 9
225 183 232 198 0.019140 9
362 167 368 189 0.018804 9
1014 141 1024 169 0.017550 9
372 167 381 186 0.017484 9
862 165 870 183 0.017349 9
559 184 567 193 0.017045 9
625 176 636 196 0.016719 9
1014 141 1025 170 0.016617 9
895 154 908 177 0.016556 9
257 179 262 191 0.015970 9
864 151 880 169 0.015923 9
1198 383 1208 416 0.015282 9
1012 139 1025 172 0.014960 9
239 175 249 192 0.014728 9
1155 166 1167 184 0.014277 9
111 151 128 164 0.013982 9
1198 383 1206 400 0.013722 9
1197 383 1207 415 0.013161 9
1155 165 1167 184 0.012924 9
512 152 525 188 0.012876 9
523 183 536 196 0.012747 9
448 157 490 182 0.012430 9
895 151 909 177 0.012066 9
1207 167 1216 187 0.011996 9
878 153 890 170 0.011805 9
371 167 381 186 0.011504 9
554 173 569 199 0.011503 9
552 172 573 200 0.011453 9
313 149 341 192 0.011282 9
1212 167 1224 203 0.011086 9
464 168 471 184 0.011049 9
257 142 268 160 0.010508 9
847 151 858 166 0.009850 9
360 167 368 189 0.009198 9
625 178 636 196 0.009057 9
1047 156 1055 169 0.008796 9
878 153 889 170 0.008579 9
95 152 104 175 0.008496 9
257 143 268 160 0.008427 9
512 145 525 181 0.008403 9
866 152 880 177 0.008289 9
448 157 490 179 0.008222 9
258 143 268 159 0.008161 9
111 151 128 165 0.008007 9
259 142 268 160 0.007854 9
313 151 341 194 0.007543 9
68 168 80 178 0.007116 9
551 171 576 200 0.007064 9
638 166 652 184 0.006965 9
313 151 341 195 0.006761 9
365 167 374 189 0.006619 9
1191 384 1203 401 0.006533 9
638 161 652 184 0.006503 9
216 184 224 198 0.006408 9
846 151 859 166 0.006176 9
240 166 248 191 0.006113 9
224 182 233 197 0.006107 9
625 178 640 198 0.006026 9
94 152 104 176 0.006016 9
1088 150 1110 177 0.005987 9
521 183 537 199 0.005913 9
625 168 638 196 0.005884 9
664 153 671 174 0.005818 9
224 184 232 199 0.005799 9
638 160 645 168 0.005732 9
242 215 253 239 0.005704 9
1007 138 1024 172 0.005571 9
546 172 581 202 0.005472 9
990 679 1009 703 0.005445 9
881 154 894 172 0.005406 9
509 168 548 198 0.005365 9
814 144 822 155 0.005155 9
663 154 671 173 0.005139 9
1191 163 1202 186 0.004926 9
95 152 104 173 0.004911 9
543 168 572 201 0.004862 9
1210 167 1225 206 0.004854 9
1007 138 1023 171 0.004749 9
1197 382 1216 416 0.004698 9
544 168 556 200 0.004658 9
810 160 856 179 0.004579 9
358 167 367 190 0.004567 9
242 216 252 239 0.004559 9
1011 138 1025 173 0.004520 9
312 149 351 190 0.004460 9
544 168 553 199 0.004394 9
517 180 546 200 0.004390 9
989 679 1010 703 0.004382 9
694 176 703 195 0.004314 9
848 182 858 203 0.004290 9
1088 150 1110 179 0.004248 9
1154 165 1167 184 0.004247 9
1044 155 1054 169 0.004211 9
880 152 897 175 0.004179 9
840 152 850 164 0.004167 9
814 146 823 160 0.004154 9
519 170 546 187 0.004148 9
1230 168 1247 181 0.004147 9
990 679 1011 703 0.004011 9
514 167 547 186 0.003987 9
513 145 525 182 0.003932 9
313 151 351 196 0.003892 9
543 191 550 202 0.003891 9
812 157 858 180 0.003882 9
625 176 639 198 0.003875 9
243 212 254 239 0.003858 9
665 181 671 195 0.003750 9
1191 165 1202 186 0.003728 9
638 165 655 184 0.003726 9
243 213 253 238 0.003712 9
518 168 547 184 0.003673 9
1013 135 1025 170 0.003643 9
1043 152 1056 169 0.003631 9
693 176 704 199 0.003562 9
876 153 892 176 0.003506 9
478 146 530 217 0.003501 9
739 201 745 214 0.003491 9
1228 166 1247 181 0.003487 9
519 182 536 198 0.003463 9
576 179 582 200 0.003442 9
638 167 655 184 0.003436 9
1089 151 1106 179 0.003386 9
1041 155 1054 169 0.003355 9
1201 405 1215 416 0.003347 9
67 168 80 200 0.003340 9
1209 167 1224 203 0.003324 9
1146 165 1154 185 0.003299 9
555 179 572 200 0.003288 9
1187 160 1202 187 0.003269 9
1006 137 1024 171 0.003244 9
811 159 855 178 0.003219 9
810 160 858 180 0.003194 9
1196 382 1216 415 0.003185 9
482 174 495 183 0.003184 9
811 159 856 179 0.003110 9
1081 174 1088 184 0.003089 9
1154 160 1167 184 0.003056 9
256 178 262 191 0.002964 9
446 156 490 182 0.002948 9
1006 136 1024 174 0.002940 9
119 64 160 77 0.002916 9
739 201 744 214 0.002874 9
543 168 575 202 0.002838 9
885 153 899 177 0.002837 9
801 143 811 156 0.002805 9
698 127 705 152 0.002795 9
447 154 490 170 0.002793 9
111 150 128 164 0.002776 9
681 180 689 195 0.002754 9
512 160 529 200 0.002736 9
447 156 491 187 0.002690 9
699 131 705 152 0.002664 9
831 135 861 167 0.002620 9
638 162 654 185 0.002583 9
809 160 857 188 0.002553 9
587 169 595 185 0.002514 9
588 173 602 185 0.002506 9
587 167 594 185 0.002493 9
68 169 80 199 0.002457 9
548 175 579 201 0.002455 9
664 328 679 349 0.002442 9
991 679 1011 703 0.002433 9
831 136 860 166 0.002375 9
951 348 960 367 0.002360 9
666 328 680 347 0.002324 9
865 152 879 173 0.002323 9
313 149 340 192 0.002301 9
587 165 603 185 0.002294 9
624 167 639 197 0.002268 9
660 153 671 174 0.002254 9
1181 168 1202 216 0.002248 9
1214 368 1223 389 0.002248 9
664 318 680 349 0.002188 9
580 64 596 92 0.002185 9
545 166 579 203 0.002149 9
638 165 653 186 0.002148 9
119 64 157 74 0.002129 9
119 64 161 77 0.002126 9
111 136 128 165 0.002113 9
809 160 858 187 0.002104 9
836 687 849 703 0.002073 9
970 175 976 186 0.002063 9
680 170 688 190 0.002047 9
1095 150 1110 175 0.002046 9
1209 167 1226 210 0.002045 9
1097 131 1105 157 0.002043 9
67 168 80 179 0.002036 9
832 135 860 167 0.002025 9
992 145 1000 167 0.002008 9
447 157 491 193 0.002004 9
173 64 201 90 0.002001 9
767 103 783 136 0.001975 9
700 117 720 154 0.001953 9
950 348 960 388 0.001936 9
665 152 671 173 0.001932 9
513 150 546 190 0.001924 9
174 64 201 90 0.001909 9
663 292 683 350 0.001895 9
580 64 596 93 0.001893 9
736 135 752 155 0.001880 9
119 64 160 78 0.001868 9
809 161 855 179 0.001842 9
1226 166 1247 180 0.001841 9
836 686 849 703 0.001826 9
836 154 856 171 0.001821 9
665 327 680 347 0.001820 9
736 135 753 156 0.001787 9
1056 152 1065 170 0.001778 9
1146 165 1155 185 0.001773 9
697 123 705 153 0.001769 9
960 340 968 352 0.001706 9
1039 151 1056 169 0.001688 9
537 170 576 202 0.001671 9
959 135 974 160 0.001657 9
809 77 849 90 0.001648 9
1100 137 1110 160 0.001646 9
767 104 784 136 0.001624 9
247 177 258 192 0.001622 9
959 119 973 134 0.001615 9
170 64 201 90 0.001614 9
664 327 680 350 0.001602 9
848 151 862 167 0.001586 9
991 141 1000 170 0.001579 9
569 136 581 162 0.001573 9
449 154 490 171 0.001529 9
1184 163 1202 187 0.001524 9
531 408 544 428 0.001518 9
596 64 625 92 0.001500 9
372 171 385 200 0.001491 9
840 119 857 135 0.001478 9
612 154 623 172 0.001462 9
654 152 671 175 0.001461 9
847 182 858 220 0.001460 9
1087 154 1101 191 0.001450 9
119 64 201 87 0.001433 9
845 151 865 169 0.001432 9
580 64 624 93 0.001408 9
840 119 860 135 0.001406 9
580 64 597 93 0.001389 9
1149 328 1169 360 0.001389 9
173 64 201 89 0.001383 9
1104 163 1148 186 0.001379 9
959 119 969 133 0.001378 9
664 327 680 350 0.001376 9
812 162 859 184 0.001370 9
811 76 849 91 0.001363 9
1181 163 1204 217 0.001362 9
680 164 688 183 0.001361 9
410 178 418 203 0.001354 9
844 118 865 136 0.001352 9
667 313 681 345 0.001351 9
653 153 667 175 0.001348 9
67 168 80 200 0.001342 9
976 168 992 185 0.001340 9
701 127 713 154 0.001339 9
312 147 352 191 0.001327 9
840 118 866 136 0.001310 9
1105 163 1143 186 0.001310 9
1172 149 1184 163 0.001308 9
613 152 624 168 0.001305 9
1105 163 1137 185 0.001294 9
521 180 546 207 0.001281 9
119 64 172 78 0.001279 9
242 194 262 228 0.001275 9
877 155 892 174 0.001266 9
448 158 491 177 0.001263 9
1183 164 1202 187 0.001261 9
809 79 840 89 0.001260 9
566 139 581 161 0.001257 9
693 175 701 194 0.001251 9
566 138 581 162 0.001244 9
119 64 198 84 0.001228 9
1184 158 1203 187 0.001223 9
702 119 720 154 0.001212 9
256 128 268 160 0.001207 9
960 135 976 160 0.001200 9
1191 382 1211 418 0.001200 9
489 149 524 202 0.001185 9
1015 150 1033 169 0.001179 9
154 64 202 90 0.001177 9
665 185 671 205 0.001177 9
801 136 825 159 0.001175 9
959 119 981 135 0.001173 9
243 176 259 192 0.001172 9
68 170 80 199 0.001163 9
975 144 987 153 0.001161 9
767 104 784 134 0.001159 9
1056 151 1065 165 0.001142 9
851 153 870 183 0.001142 9
701 118 720 154 0.001133 9
767 110 779 136 0.001128 9
213 164 221 178 0.001115 9
975 167 992 185 0.001112 9
339 165 351 186 0.001108 9
1015 146 1040 168 0.001107 9
809 155 855 179 0.001105 9
119 64 188 81 0.001100 9
1099 133 1111 160 0.001097 9
665 171 671 191 0.001093 9
574 135 581 159 0.001092 9
1130 159 1168 184 0.001090 9
1024 150 1040 160 0.001081 9
220 176 249 194 0.001078 9
1002 172 1009 186 0.001076 9
223 177 236 196 0.001074 9
959 120 981 135 0.001069 9
993 138 1001 169 0.001062 9
1198 134 1208 182 0.001054 9
1198 134 1207 186 0.001045 9
692 168 704 182 0.001041 9
352 164 363 190 0.001039 9
1209 166 1229 209 0.001038 9
960 135 985 163 0.001037 9
701 124 715 153 0.001035 9
852 289 864 312 0.001026 9
119 64 170 77 0.001026 9
809 159 858 189 0.001023 9
166 64 176 75 0.001022 9
1112 164 1148 185 0.001020 9
580 64 598 92 0.001019 9
95 183 101 200 0.001009 9
1153 164 1167 183 0.001006 9
1001 135 1011 184 0.001005 9
960 135 976 161 0.001003 9
735 135 753 155 0.000987 9
1107 166 1133 186 0.000987 9
1105 164 1149 185 0.000977 9
118 64 183 79 0.000974 9
210 167 218 176 0.000965 9
809 79 837 88 0.000964 9
1013 136 1040 170 0.000963 9
841 119 861 135 0.000962 9
1229 168 1246 181 0.000955 9
1180 163 1203 218 0.000948 9
831 136 860 166 0.000937 9
646 158 656 182 0.000936 9
432 171 446 192 0.000926 9
445 144 529 216 0.000925 9
1075 149 1102 186 0.000925 9
1248 346 1260 359 0.000924 9
414 176 421 203 0.000923 9
974 141 991 162 0.000921 9
158 64 202 90 0.000917 9
606 158 619 183 0.000911 9
803 130 835 160 0.000911 9
500 154 580 207 0.000907 9
1044 154 1056 182 0.000906 9
1099 127 1141 165 0.000905 9
410 177 418 199 0.000900 9
68 168 80 200 0.000900 9
533 408 544 428 0.000899 9
485 145 525 180 0.000898 9
1077 154 1102 186 0.000891 9
414 176 421 203 0.000890 9
830 687 849 703 0.000888 9
595 64 625 91 0.000880 9
767 104 784 136 0.000875 9
1088 140 1104 177 0.000872 9
576 180 582 201 0.000869 9
1023 155 1040 168 0.000867 9
967 122 981 136 0.000867 9
95 182 102 200 0.000865 9
701 118 716 128 0.000861 9
704 168 711 179 0.000859 9
801 144 811 159 0.000851 9
257 177 271 197 0.000840 9
1186 162 1214 187 0.000838 9
1198 129 1220 197 0.000828 9
1088 146 1103 177 0.000823 9
486 147 524 182 0.000822 9
247 194 257 207 0.000820 9
604 154 622 185 0.000817 9
1047 171 1056 184 0.000815 9
799 131 834 159 0.000815 9
701 118 720 128 0.000814 9
1181 162 1206 218 0.000811 9
566 144 580 162 0.000807 9
592 64 641 95 0.000806 9
999 135 1010 173 0.000806 9
480 173 495 188 0.000805 9
830 689 841 703 0.000803 9
653 150 671 174 0.000802 9
607 173 621 185 0.000798 9
975 143 993 154 0.000796 9
975 141 993 164 0.000793 9
690 169 703 199 0.000792 9
1209 166 1230 211 0.000788 9
339 166 351 190 0.000786 9
432 171 446 194 0.000783 9
851 282 864 312 0.000780 9
989 678 1021 703 0.000780 9
806 144 827 160 0.000772 9
120 64 182 84 0.000771 9
376 162 408 184 0.000768 9
711 597 720 615 0.000767 9
831 134 900 168 0.000767 9
810 76 851 90 0.000766 9
1221 407 1231 423 0.000761 9
330 162 375 193 0.000760 9
831 135 861 166 0.000745 9
447 156 497 170 0.000742 9
960 118 983 136 0.000739 9
1088 150 1106 202 0.000735 9
463 256 478 304 0.000722 9
835 119 860 135 0.000721 9
742 362 750 375 0.000721 9
312 69 370 196 0.000717 9
1097 129 1104 144 0.000716 9
1225 161 1248 181 0.000700 9
344 182 353 199 0.000699 9
119 64 201 90 0.000697 9
386 196 397 206 0.000695 9
1197 383 1213 423 0.000691 9
312 134 388 195 0.000690 9
689 118 714 153 0.000686 9
1187 138 1208 187 0.000683 9
959 129 976 161 0.000683 9
720 359 736 376 0.000681 9
690 168 701 182 0.000680 9
159 64 182 88 0.000672 9
987 679 1020 703 0.000669 9
95 151 130 178 0.000669 9
1102 150 1140 185 0.000666 9
255 176 268 196 0.000666 9
594 64 638 93 0.000665 9
547 175 580 202 0.000665 9
1075 141 1103 185 0.000656 9
700 118 719 129 0.000654 9
374 162 408 185 0.000648 9
258 173 272 196 0.000648 9
372 157 382 185 0.000643 9
1231 97 1250 160 0.000643 9
847 439 857 454 0.000641 9
1103 165 1134 192 0.000641 9
683 169 705 208 0.000636 9
598 163 621 185 0.000634 9
702 119 720 157 0.000632 9
119 64 178 78 0.000628 9
312 107 382 198 0.000627 9
119 64 202 91 0.000625 9
479 335 496 357 0.000623 9
974 188 981 201 0.000618 9
1225 161 1250 181 0.000617 9
1072 151 1093 190 0.000615 9
591 64 624 92 0.000612 9
480 176 495 197 0.000611 9
1113 151 1121 161 0.000611 9
1118 603 1131 632 0.000610 9
294 176 307 198 0.000609 9
1190 143 1211 188 0.000606 9
223 183 233 204 0.000604 9
1207 160 1216 187 0.000603 9
960 133 981 163 0.000602 9
333 183 344 199 0.000601 9
415 175 423 204 0.000600 9
1193 376 1233 423 0.000597 9
1195 378 1233 424 0.000593 9
1099 127 1143 165 0.000591 9
566 163 580 179 0.000591 9
1201 131 1218 181 0.000591 9
849 164 870 184 0.000587 9
808 167 856 190 0.000586 9
811 129 834 137 0.000585 9
1204 408 1216 423 0.000581 9
1119 603 1130 632 0.000579 9
810 78 846 89 0.000576 9
432 172 445 194 0.000575 9
1210 164 1246 203 0.000575 9
573 178 582 200 0.000574 9
972 137 994 184 0.000572 9
95 151 107 174 0.000569 9
240 179 255 212 0.000568 9
697 119 717 180 0.000567 9
895 437 903 456 0.000566 9
470 159 522 217 0.000564 9
1100 162 1139 187 0.000563 9
448 147 491 171 0.000562 9
548 158 580 180 0.000562 9
853 136 939 170 0.000559 9
1114 161 1137 185 0.000552 9
1098 120 1140 167 0.000552 9
587 161 605 185 0.000550 9
46 320 56 342 0.000550 9
591 64 635 107 0.000549 9
742 148 752 157 0.000547 9
482 145 525 177 0.000546 9
808 159 857 190 0.000545 9
447 145 527 172 0.000544 9
832 149 848 163 0.000543 9
1184 163 1216 195 0.000541 9
159 64 182 91 0.000540 9
711 598 720 615 0.000539 9
799 133 825 156 0.000532 9
832 133 864 167 0.000523 9
856 136 940 155 0.000522 9
571 164 581 179 0.000522 9
847 175 870 232 0.000520 9
1019 139 1040 161 0.000519 9
671 153 677 168 0.000518 9
405 179 418 204 0.000517 9
352 166 364 191 0.000516 9
1202 165 1227 212 0.000515 9
691 119 707 154 0.000515 9
399 184 408 202 0.000512 9
799 125 834 138 0.000505 9
862 112 869 118 0.000505 9
702 173 711 190 0.000503 9
1230 94 1250 161 0.000499 9
193 186 201 203 0.000496 9
158 64 171 74 0.000492 9
997 131 1008 173 0.000491 9
463 257 479 304 0.000491 9
431 525 440 550 0.000490 9
828 134 918 171 0.000490 9
1204 121 1232 173 0.000486 9
735 359 742 376 0.000485 9
1014 110 1042 168 0.000484 9
690 118 704 154 0.000479 9
398 184 407 202 0.000478 9
899 147 932 180 0.000476 9
272 185 279 194 0.000475 9
604 151 621 169 0.000474 9
161 64 185 76 0.000470 9
973 678 1012 703 0.000469 9
720 358 736 376 0.000468 9
1090 153 1118 189 0.000467 9
999 179 1008 197 0.000465 9
513 140 545 187 0.000464 9
224 177 245 194 0.000461 9
651 170 661 196 0.000460 9
240 161 250 188 0.000460 9
1039 152 1058 184 0.000460 9
111 203 121 225 0.000459 9
1039 170 1051 184 0.000459 9
960 130 998 165 0.000458 9
1072 148 1095 187 0.000458 9
256 146 268 175 0.000457 9
67 169 87 178 0.000455 9
695 120 712 178 0.000453 9
156 64 181 91 0.000451 9
999 135 1009 173 0.000450 9
699 117 719 158 0.000445 9
214 162 222 176 0.000445 9
599 155 622 186 0.000443 9
959 336 969 352 0.000442 9
312 147 375 197 0.000441 9
847 279 864 312 0.000437 9
574 64 581 94 0.000434 9
740 360 751 375 0.000432 9
1008 680 1024 703 0.000430 9
636 163 657 201 0.000430 9
312 148 342 189 0.000428 9
851 280 864 312 0.000428 9
912 167 921 179 0.000426 9
998 135 1009 172 0.000426 9
701 147 713 179 0.000425 9
371 164 408 185 0.000419 9
1087 131 1142 181 0.000418 9
767 100 784 122 0.000417 9
767 77 784 127 0.000416 9
95 152 110 177 0.000415 9
596 149 611 164 0.000413 9
480 174 498 207 0.000407 9
1208 113 1233 164 0.000407 9
719 170 728 184 0.000405 9
111 135 127 164 0.000403 9
110 132 128 165 0.000403 9
809 135 833 159 0.000403 9
118 64 166 78 0.000403 9
1118 602 1130 633 0.000402 9
477 168 528 216 0.000402 9
847 439 857 454 0.000402 9
264 193 274 207 0.000400 9
812 127 835 136 0.000394 9
1056 153 1065 180 0.000394 9
740 200 749 215 0.000393 9
1088 148 1115 180 0.000392 9
638 148 648 167 0.000390 9
350 166 366 199 0.000390 9
497 171 513 189 0.000388 9
1073 151 1082 170 0.000388 9
1153 159 1195 185 0.000386 9
1230 97 1249 171 0.000386 9
1106 137 1142 165 0.000386 9
1167 148 1192 185 0.000385 9
852 112 869 136 0.000383 9
1119 326 1136 392 0.000383 9
635 165 659 201 0.000382 9
1152 149 1196 185 0.000378 9
560 133 581 162 0.000377 9
566 142 581 180 0.000374 9
575 276 602 341 0.000372 9
1179 163 1228 217 0.000372 9
807 163 857 190 0.000370 9
215 176 237 199 0.000369 9
431 170 446 197 0.000369 9
209 182 222 200 0.000367 9
371 163 408 185 0.000364 9
67 169 97 200 0.000361 9
652 174 661 199 0.000358 9
690 118 702 147 0.000357 9
1101 150 1135 177 0.000356 9
431 170 446 194 0.000355 9
1208 95 1233 165 0.000354 9
695 152 708 176 0.000354 9
1209 100 1232 162 0.000353 9
1199 134 1211 174 0.000352 9
223 168 232 176 0.000349 9
1151 99 1200 137 0.000348 9
578 301 593 317 0.000347 9
582 64 629 105 0.000347 9
1109 159 1172 186 0.000345 9
573 64 593 92 0.000344 9
416 171 437 203 0.000343 9
591 64 642 108 0.000343 9
1120 64 1153 77 0.000342 9
1255 621 1263 643 0.000341 9
991 138 1009 172 0.000340 9
849 274 864 311 0.000340 9
991 677 1023 703 0.000340 9
1208 130 1229 164 0.000337 9
416 171 440 203 0.000336 9
416 170 432 204 0.000335 9
369 165 408 186 0.000333 9
551 140 580 160 0.000330 9
444 157 492 208 0.000327 9
184 197 191 206 0.000327 9
1021 103 1042 163 0.000326 9
1169 101 1200 137 0.000326 9
1120 327 1136 363 0.000322 9
99 178 109 200 0.000321 9
689 119 704 155 0.000321 9
579 64 597 97 0.000321 9
1153 157 1201 186 0.000320 9
97 150 129 170 0.000318 9
294 199 325 233 0.000317 9
475 141 580 210 0.000316 9
862 136 918 170 0.000316 9
1160 535 1166 544 0.000315 9
575 275 603 358 0.000315 9
776 407 783 415 0.000313 9
799 124 827 137 0.000313 9
854 136 939 154 0.000313 9
1207 115 1232 164 0.000312 9
443 157 531 215 0.000310 9
371 157 408 184 0.000310 9
576 281 596 339 0.000310 9
445 155 526 202 0.000308 9
475 145 525 171 0.000308 9
258 129 269 160 0.000306 9
591 164 620 185 0.000305 9
913 149 929 180 0.000305 9
431 532 440 550 0.000301 9
444 176 487 216 0.000299 9
1120 328 1136 391 0.000299 9
597 135 606 144 0.000298 9
638 140 657 165 0.000296 9
585 160 607 185 0.000296 9
501 404 546 431 0.000295 9
479 335 496 357 0.000293 9
575 66 583 94 0.000293 9
1104 606 1112 614 0.000293 9
95 175 108 201 0.000292 9
454 150 526 172 0.000290 9
120 64 187 93 0.000289 9
682 294 704 345 0.000289 9
1102 166 1131 208 0.000289 9
830 64 839 69 0.000288 9
880 135 940 180 0.000288 9
1247 323 1265 363 0.000287 9
100 178 109 200 0.000286 9
787 114 836 137 0.000285 9
669 150 678 168 0.000285 9
543 157 581 194 0.000285 9
1097 116 1142 166 0.000284 9
294 199 319 232 0.000282 9
579 64 644 95 0.000281 9
612 159 660 202 0.000279 9
684 294 704 345 0.000279 9
545 265 557 280 0.000273 9
718 157 729 184 0.000273 9
431 171 445 199 0.000273 9
625 158 647 192 0.000272 9
67 167 80 179 0.000271 9
230 130 241 146 0.000271 9
991 130 1001 170 0.000270 9
544 140 551 154 0.000269 9
860 156 897 188 0.000269 9
1169 141 1185 167 0.000269 9
803 129 838 161 0.000269 9
641 148 657 170 0.000266 9
663 301 688 350 0.000266 9
572 122 581 161 0.000266 9
651 144 671 175 0.000265 9
991 136 1003 180 0.000265 9
126 175 132 188 0.000264 9
257 142 272 175 0.000263 9
48 184 64 206 0.000262 9
1150 116 1163 134 0.000261 9
1068 118 1125 183 0.000261 9
592 157 623 197 0.000261 9
1075 166 1099 201 0.000261 9
1142 98 1208 184 0.000261 9
1038 124 1108 199 0.000261 9
952 677 1012 703 0.000259 9
313 87 333 157 0.000257 9
847 275 864 312 0.000255 9
1149 101 1198 136 0.000254 9
256 163 268 185 0.000252 9
1149 103 1170 134 0.000252 9
1057 141 1104 186 0.000251 9
809 79 849 96 0.000250 9
959 139 994 185 0.000249 9
943 679 953 700 0.000249 9
581 64 642 97 0.000248 9
1141 98 1205 180 0.000246 9
478 335 496 377 0.000246 9
999 332 1008 344 0.000246 9
351 156 367 192 0.000246 9
809 77 852 98 0.000245 9
479 172 515 213 0.000245 9
1084 126 1105 179 0.000244 9
861 136 938 173 0.000244 9
1050 109 1084 147 0.000242 9
586 127 598 161 0.000242 9
765 68 791 123 0.000241 9
905 127 912 137 0.000239 9
349 150 384 189 0.000239 9
210 110 298 228 0.000238 9
662 289 689 351 0.000238 9
348 147 378 190 0.000237 9
1117 600 1136 632 0.000237 9
259 166 271 179 0.000237 9
730 357 748 377 0.000236 9
638 141 658 164 0.000236 9
594 137 627 170 0.000236 9
600 344 609 359 0.000235 9
1206 158 1228 205 0.000235 9
727 119 752 156 0.000235 9
790 137 802 153 0.000232 9
44 313 56 342 0.000231 9
811 151 850 171 0.000230 9
1106 142 1143 164 0.000230 9
114 155 128 180 0.000229 9
697 116 718 171 0.000227 9
1151 162 1198 188 0.000226 9
655 315 682 353 0.000226 9
732 119 752 155 0.000223 9
1004 173 1014 185 0.000223 9
67 168 101 200 0.000223 9
169 64 265 90 0.000223 9
579 64 602 103 0.000222 9
372 158 430 204 0.000222 9
1104 162 1153 221 0.000221 9
513 142 546 187 0.000220 9
1203 127 1224 167 0.000220 9
855 136 938 153 0.000219 9
973 168 993 204 0.000217 9
1102 163 1145 209 0.000215 9
1033 99 1136 223 0.000215 9
844 115 870 137 0.000215 9
594 64 630 91 0.000215 9
585 119 599 162 0.000214 9
1092 159 1181 193 0.000214 9
373 151 411 184 0.000214 9
1190 130 1211 189 0.000213 9
1087 140 1135 179 0.000213 9
0 142 9 203 0.000213 9
576 72 585 99 0.000213 9
1071 576 1083 630 0.000212 9
977 694 1009 703 0.000212 9
1071 577 1085 631 0.000211 9
444 170 487 208 0.000211 9
627 64 640 76 0.000211 9
549 140 576 156 0.000210 9
999 126 1007 135 0.000210 9
622 64 641 91 0.000209 9
100 181 107 202 0.000209 9
0 142 8 203 0.000209 9
586 127 599 163 0.000208 9
596 139 616 164 0.000207 9
991 666 1000 680 0.000207 9
689 118 705 170 0.000206 9
448 144 530 172 0.000206 9
267 215 277 232 0.000205 9
48 183 64 207 0.000205 9
1166 148 1188 172 0.000205 9
984 669 994 680 0.000204 9
1134 163 1174 231 0.000204 9
708 155 721 181 0.000203 9
660 173 691 215 0.000203 9
656 325 681 353 0.000201 9
1135 163 1185 224 0.000199 9
1114 141 1140 159 0.000199 9
210 118 274 221 0.000199 9
764 280 801 346 0.000199 9
784 114 834 137 0.000199 9
1035 132 1060 170 0.000199 9
170 64 258 91 0.000198 9
362 151 410 185 0.000198 9
287 285 296 312 0.000198 9
1208 108 1230 143 0.000197 9
191 183 202 203 0.000197 9
949 680 1011 703 0.000196 9
1202 158 1249 193 0.000196 9
315 108 370 197 0.000195 9
310 90 333 165 0.000194 9
1016 142 1061 181 0.000194 9
1008 121 1121 235 0.000194 9
913 168 928 180 0.000193 9
685 288 704 341 0.000193 9
575 275 601 339 0.000192 9
593 136 627 169 0.000191 9
618 152 642 194 0.000190 9
476 145 526 167 0.000189 9
681 186 691 215 0.000189 9
685 292 704 340 0.000189 9
1152 97 1205 137 0.000188 9
586 161 623 203 0.000188 9
624 64 640 74 0.000188 9
816 683 841 703 0.000187 9
1101 155 1160 186 0.000187 9
1208 128 1232 167 0.000187 9
624 64 641 88 0.000186 9
39 319 56 345 0.000184 9
1119 327 1136 368 0.000184 9
1039 137 1060 164 0.000184 9
126 176 132 201 0.000183 9
578 64 641 96 0.000183 9
1207 119 1223 136 0.000183 9
1008 679 1024 703 0.000182 9
1006 680 1024 703 0.000182 9
309 64 339 166 0.000182 9
1147 120 1197 178 0.000181 9
791 114 837 137 0.000181 9
806 158 857 195 0.000178 9
680 156 690 181 0.000178 9
377 147 408 184 0.000177 9
813 76 851 101 0.000177 9
970 133 996 164 0.000175 9
1202 96 1225 135 0.000174 9
1254 621 1264 649 0.000174 9
552 145 574 161 0.000173 9
111 202 120 230 0.000173 9
959 671 1014 703 0.000172 9
68 168 80 201 0.000172 9
1073 150 1083 168 0.000171 9
42 319 56 345 0.000171 9
1144 100 1194 171 0.000170 9
808 68 877 92 0.000170 9
67 169 79 200 0.000169 9
997 647 1027 703 0.000169 9
1095 115 1130 163 0.000168 9
1247 320 1265 367 0.000167 9
98 177 110 202 0.000167 9
586 119 598 160 0.000166 9
1006 103 1137 229 0.000166 9
993 647 1025 703 0.000166 9
866 671 873 681 0.000166 9
959 161 993 189 0.000165 9
96 150 130 184 0.000165 9
1148 119 1188 172 0.000164 9
612 64 641 99 0.000164 9
312 119 372 197 0.000162 9
1111 359 1118 369 0.000160 9
699 117 754 156 0.000158 9
1159 524 1168 544 0.000158 9
585 123 599 162 0.000158 9
228 163 247 185 0.000157 9
661 282 702 357 0.000156 9
662 170 683 203 0.000156 9
832 688 849 703 0.000155 9
547 151 566 161 0.000155 9
256 84 262 97 0.000155 9
766 281 801 344 0.000155 9
799 85 807 100 0.000154 9
692 175 710 201 0.000154 9
210 83 322 222 0.000154 9
818 119 862 139 0.000154 9
120 64 188 95 0.000154 9
231 130 241 146 0.000153 9
1218 99 1250 182 0.000150 9
1148 161 1208 219 0.000150 9
446 142 520 173 0.000150 9
959 163 988 190 0.000150 9
62 153 79 170 0.000150 9
576 281 594 320 0.000150 9
701 118 720 179 0.000149 9
1157 140 1205 189 0.000149 9
311 109 324 157 0.000149 9
1003 328 1018 345 0.000149 9
415 165 440 203 0.000148 9
17 157 25 177 0.000148 9
112 201 121 223 0.000148 9
448 143 524 171 0.000146 9
1224 99 1253 188 0.000146 9
189 167 231 204 0.000146 9
623 65 642 105 0.000146 9
1016 139 1112 216 0.000146 9
217 148 267 206 0.000145 9
526 138 544 183 0.000145 9
563 122 580 160 0.000145 9
450 148 536 214 0.000144 9
755 277 801 346 0.000143 9
1150 101 1200 137 0.000142 9
698 118 753 156 0.000142 9
0 142 8 198 0.000142 9
211 119 324 244 0.000142 9
590 145 602 163 0.000141 9
39 326 51 345 0.000141 9
1238 638 1248 672 0.000140 9
752 85 783 140 0.000139 9
689 155 700 175 0.000139 9
624 64 641 102 0.000139 9
855 631 897 691 0.000139 9
0 145 8 203 0.000138 9
246 164 257 176 0.000138 9
692 155 731 206 0.000138 9
989 648 1017 704 0.000137 9
1230 94 1250 160 0.000137 9
310 107 325 159 0.000137 9
623 268 640 285 0.000136 9
1071 576 1081 620 0.000136 9
62 149 79 167 0.000136 9
789 135 802 153 0.000135 9
967 173 990 204 0.000135 9
455 144 526 171 0.000134 9
479 334 496 356 0.000134 9
665 141 672 171 0.000134 9
580 126 600 163 0.000133 9
207 178 251 222 0.000133 9
751 115 782 143 0.000133 9
1066 116 1145 175 0.000132 9
878 135 940 181 0.000132 9
613 64 642 106 0.000132 9
847 167 899 232 0.000132 9
1110 361 1119 375 0.000132 9
1113 102 1148 158 0.000131 9
309 107 335 184 0.000131 9
527 135 545 177 0.000131 9
1146 97 1216 187 0.000130 9
1021 681 1040 703 0.000129 9
63 145 80 171 0.000129 9
254 104 268 161 0.000129 9
1005 327 1018 344 0.000129 9
588 170 638 201 0.000129 9
415 158 434 203 0.000128 9
545 267 559 280 0.000127 9
543 157 579 195 0.000127 9
637 77 657 104 0.000127 9
446 128 488 174 0.000127 9
570 130 605 178 0.000126 9
1152 162 1203 186 0.000126 9
1150 275 1168 344 0.000126 9
1172 97 1204 137 0.000126 9
112 149 134 165 0.000126 9
1009 133 1044 171 0.000126 9
848 258 874 315 0.000126 9
153 186 171 205 0.000126 9
826 118 859 136 0.000125 9
663 315 691 355 0.000125 9
941 675 1018 703 0.000125 9
762 108 791 153 0.000124 9
106 149 139 205 0.000124 9
358 149 371 174 0.000124 9
1246 317 1277 360 0.000124 9
726 119 752 132 0.000123 9
310 108 326 160 0.000123 9
1150 141 1181 179 0.000122 9
1134 616 1153 679 0.000122 9
244 131 255 144 0.000121 9
1196 91 1226 179 0.000121 9
1119 333 1136 392 0.000121 9
748 363 759 375 0.000121 9
1009 147 1053 185 0.000121 9
654 151 687 193 0.000120 9
959 152 992 171 0.000120 9
907 97 931 120 0.000120 9
867 176 937 205 0.000120 9
926 151 993 191 0.000120 9
854 631 897 694 0.000119 9
851 281 871 312 0.000119 9
809 73 857 90 0.000118 9
55 159 62 169 0.000118 9
74 149 106 179 0.000118 9
612 150 638 172 0.000118 9
989 116 1000 153 0.000117 9
1149 101 1165 134 0.000117 9
766 69 790 113 0.000116 9
521 134 545 186 0.000116 9
432 178 444 203 0.000116 9
1208 103 1227 134 0.000115 9
685 271 704 342 0.000115 9
438 158 501 238 0.000113 9
701 112 720 128 0.000113 9
309 94 329 161 0.000113 9
810 688 842 703 0.000112 9
444 179 465 208 0.000112 9
686 118 708 178 0.000112 9
1030 150 1064 196 0.000111 9
808 74 877 104 0.000111 9
1229 90 1251 161 0.000110 9
447 139 516 173 0.000110 9
680 113 715 233 0.000110 9
665 289 688 347 0.000109 9
17 157 27 183 0.000109 9
705 134 721 182 0.000108 9
620 64 642 118 0.000108 9
445 135 506 173 0.000108 9
313 64 351 172 0.000108 9
1097 160 1208 201 0.000107 9
208 67 231 87 0.000107 9
1024 681 1040 703 0.000107 9
1073 581 1087 627 0.000107 9
1105 142 1145 164 0.000107 9
990 114 1000 133 0.000107 9
1110 131 1150 165 0.000106 9
65 152 108 186 0.000106 9
943 678 952 700 0.000106 9
765 69 787 124 0.000106 9
382 147 401 166 0.000106 9
721 150 734 159 0.000105 9
1081 118 1106 172 0.000105 9
1003 149 1064 188 0.000105 9
1072 131 1103 181 0.000105 9
170 150 177 167 0.000105 9
645 129 672 174 0.000104 9
1019 171 1032 184 0.000104 9
376 147 407 183 0.000104 9
728 93 737 110 0.000103 9
371 147 428 203 0.000103 9
557 122 576 144 0.000103 9
718 153 729 170 0.000103 9
545 64 560 78 0.000103 9
1149 102 1179 134 0.000103 9
907 95 930 120 0.000102 9
886 115 915 142 0.000102 9
909 95 928 117 0.000102 9
576 70 668 216 0.000102 9
210 101 329 220 0.000102 9
64 150 80 178 0.000101 9
248 161 256 175 0.000101 9
985 678 1024 703 0.000101 9
806 116 838 136 0.000101 9
552 137 580 150 0.000101 9
428 157 492 198 0.000101 9
119 64 173 102 0.000101 9
879 407 888 419 0.000101 9
1182 193 1198 215 0.017683 11
1181 191 1199 216 0.010886 11
1181 189 1200 216 0.009986 11
1181 191 1199 216 0.009901 11
1181 192 1198 216 0.005386 11
1181 191 1200 216 0.003078 11
1051 110 1083 146 0.001481 11
1051 113 1079 146 0.000397 11
1179 190 1199 216 0.000370 11
1179 185 1201 217 0.000368 11
1052 113 1068 142 0.000328 11
