650 197 680 288 0.856597 0
805 189 840 263 0.711771 0
256 200 272 245 0.695332 0
1008 194 1031 252 0.694365 0
805 189 840 265 0.615655 0
806 190 840 267 0.586336 0
1007 195 1030 252 0.563422 0
1008 196 1030 251 0.495639 0
807 189 840 264 0.426769 0
1246 205 1279 362 0.244115 0
1243 205 1279 365 0.239391 0
1246 206 1279 354 0.236021 0
1246 206 1279 322 0.200579 0
1246 206 1279 316 0.196383 0
1246 206 1279 308 0.188883 0
214 190 225 229 0.188170 0
1231 207 1279 367 0.182759 0
1238 206 1279 369 0.170813 0
1247 204 1279 306 0.143137 0
213 191 225 230 0.142448 0
213 188 225 229 0.138469 0
214 187 225 229 0.102860 0
1230 208 1279 380 0.083398 0
1229 206 1279 368 0.083290 0
1247 207 1279 303 0.072279 0
1200 192 1224 253 0.071028 0
1039 203 1051 230 0.064130 0
213 190 225 236 0.058679 0
1039 203 1051 230 0.057798 0
1199 190 1226 254 0.055673 0
1196 189 1226 253 0.053693 0
1199 192 1228 254 0.053555 0
1199 193 1224 253 0.049540 0
1039 201 1051 230 0.047508 0
925 203 946 253 0.042985 0
785 197 794 215 0.040689 0
785 197 795 218 0.033353 0
805 189 843 265 0.029014 0
1201 192 1223 254 0.028784 0
1199 191 1223 253 0.028535 0
1207 192 1228 252 0.028405 0
1193 190 1225 257 0.027328 0
1039 202 1051 231 0.027234 0
1185 192 1223 254 0.026976 0
633 202 643 215 0.025359 0
1199 190 1228 255 0.025238 0
783 193 794 215 0.023639 0
923 203 946 253 0.019864 0
789 329 809 344 0.019151 0
471 201 479 216 0.017543 0
784 196 794 215 0.017225 0
789 329 809 344 0.017200 0
1214 194 1227 229 0.016695 0
470 202 478 216 0.015951 0
1037 202 1052 237 0.015905 0
643 688 672 703 0.015306 0
1215 191 1224 213 0.014952 0
213 190 226 236 0.014430 0
863 437 877 455 0.014102 0
224 183 232 199 0.013914 0
1222 205 1279 369 0.013500 0
1008 196 1027 240 0.012999 0
633 202 643 215 0.012723 0
692 208 703 236 0.012596 0
1225 205 1279 437 0.012537 0
965 373 979 390 0.012435 0
1184 207 1205 253 0.012317 0
1185 207 1204 253 0.012301 0
933 203 945 248 0.012217 0
691 208 704 238 0.011778 0
1215 192 1227 220 0.011742 0
1200 191 1224 240 0.011553 0
224 183 232 198 0.011502 0
783 196 795 236 0.011303 0
784 195 795 234 0.011231 0
1038 200 1053 231 0.010381 0
783 194 795 237 0.010272 0
511 197 518 210 0.009914 0
1183 212 1205 253 0.009757 0
1203 192 1232 254 0.009729 0
214 193 226 238 0.009716 0
214 186 229 231 0.009458 0
864 442 875 455 0.009059 0
319 203 331 231 0.009045 0
214 183 230 231 0.008994 0
691 209 704 238 0.008826 0
784 195 797 234 0.008748 0
1039 202 1052 230 0.008691 0
510 196 517 217 0.008594 0
1039 202 1053 231 0.008471 0
1214 193 1229 246 0.008462 0
691 208 704 238 0.008432 0
465 201 477 248 0.008344 0
692 206 704 236 0.008259 0
1215 193 1229 232 0.008179 0
1261 208 1279 276 0.007982 0
1008 196 1039 252 0.007978 0
1263 207 1279 269 0.007462 0
965 372 979 391 0.007415 0
466 200 479 264 0.007365 0
785 196 796 215 0.007189 0
851 462 865 478 0.007137 0
456 200 465 216 0.007131 0
1038 195 1052 232 0.007053 0
214 188 229 232 0.007031 0
465 201 478 262 0.007031 0
1215 192 1229 231 0.007019 0
215 184 226 205 0.006902 0
1198 189 1228 254 0.006900 0
923 203 955 254 0.006849 0
1213 205 1279 362 0.006817 0
1113 194 1120 202 0.006743 0
1252 227 1279 356 0.006728 0
1184 212 1205 253 0.006686 0
367 207 375 220 0.006651 0
464 200 479 270 0.006491 0
241 196 252 221 0.006468 0
467 201 479 249 0.006428 0
1213 190 1230 231 0.006420 0
632 201 646 216 0.006387 0
751 461 763 472 0.006193 0
863 436 880 456 0.006078 0
952 368 981 461 0.006072 0
965 369 982 392 0.006059 0
1251 208 1279 301 0.006055 0
784 195 797 224 0.006045 0
951 368 980 457 0.006005 0
1200 191 1222 244 0.005891 0
516 192 524 207 0.005850 0
241 195 255 238 0.005836 0
1261 205 1279 266 0.005759 0
519 192 527 209 0.005715 0
1270 205 1279 228 0.005584 0
457 201 465 216 0.005535 0
1264 206 1279 261 0.005316 0
987 205 998 229 0.005272 0
1245 235 1279 355 0.005239 0
1263 320 1279 358 0.005208 0
842 200 856 240 0.005196 0
1248 207 1279 293 0.005184 0
511 191 522 208 0.005112 0
465 201 478 257 0.005086 0
1264 322 1279 348 0.004963 0
465 200 474 216 0.004925 0
999 384 1024 423 0.004912 0
1202 189 1224 224 0.004810 0
960 440 968 455 0.004783 0
1271 208 1279 232 0.004703 0
949 355 984 454 0.004698 0
848 197 857 222 0.004686 0
1263 312 1279 354 0.004673 0
199 210 208 226 0.004612 0
1262 320 1279 361 0.004579 0
863 434 880 478 0.004469 0
1180 191 1205 252 0.004462 0
1193 190 1230 263 0.004429 0
367 207 375 229 0.004419 0
376 186 386 201 0.004409 0
1119 312 1134 341 0.004390 0
999 384 1013 399 0.004377 0
241 194 255 239 0.004365 0
199 207 209 227 0.004358 0
803 184 815 219 0.004340 0
861 432 872 445 0.004330 0
1184 215 1205 254 0.004303 0
996 383 1023 423 0.004295 0
751 458 768 472 0.004271 0
1248 227 1279 343 0.004247 0
789 328 828 344 0.004183 0
960 369 981 408 0.004182 0
1260 206 1279 258 0.004169 0
997 383 1022 423 0.004156 0
244 195 255 216 0.004125 0
804 184 814 218 0.004117 0
0 64 63 216 0.004108 0
994 383 1023 424 0.004067 0
1267 330 1279 359 0.004047 0
953 367 981 441 0.004043 0
954 365 988 427 0.004009 0
995 383 1022 423 0.003995 0
998 382 1024 422 0.003935 0
959 439 969 461 0.003895 0
789 329 810 344 0.003890 0
966 371 981 392 0.003888 0
789 329 810 344 0.003861 0
738 201 744 214 0.003813 0
346 186 353 199 0.003781 0
921 200 947 249 0.003769 0
1119 312 1129 330 0.003766 0
1015 456 1024 467 0.003763 0
1074 428 1088 455 0.003756 0
510 191 529 222 0.003718 0
812 327 847 344 0.003690 0
955 368 982 429 0.003674 0
855 431 886 456 0.003642 0
691 217 703 239 0.003634 0
1111 219 1133 248 0.003614 0
864 441 879 456 0.003598 0
240 195 254 238 0.003585 0
878 155 894 174 0.003513 0
466 202 475 217 0.003446 0
811 328 847 344 0.003430 0
1264 321 1279 347 0.003398 0
864 211 873 236 0.003395 0
790 327 843 344 0.003385 0
1240 197 1254 231 0.003381 0
1072 434 1088 455 0.003350 0
951 367 996 463 0.003313 0
1119 312 1131 338 0.003280 0
1009 431 1015 440 0.003262 0
1070 487 1081 500 0.003258 0
1267 207 1279 248 0.003251 0
463 198 479 270 0.003246 0
1240 197 1256 231 0.003242 0
690 208 703 238 0.003234 0
317 200 333 231 0.003177 0
784 193 797 216 0.003151 0
1250 298 1279 355 0.003137 0
210 191 225 230 0.003135 0
848 200 856 222 0.003135 0
1036 190 1051 231 0.003129 0
997 383 1023 422 0.003099 0
241 197 252 239 0.003091 0
351 189 357 199 0.003082 0
1072 433 1088 455 0.003082 0
864 218 873 234 0.003040 0
16 64 345 210 0.003014 0
861 217 873 241 0.003009 0
999 383 1019 400 0.003005 0
1111 232 1119 248 0.002997 0
923 202 954 254 0.002985 0
992 382 1023 424 0.002978 0
964 371 980 403 0.002957 0
848 195 867 240 0.002943 0
1248 211 1279 295 0.002939 0
887 471 896 485 0.002935 0
955 365 987 425 0.002913 0
980 207 998 252 0.002909 0
983 200 1002 230 0.002902 0
1015 389 1022 401 0.002890 0
374 187 386 210 0.002862 0
241 195 253 227 0.002861 0
975 204 1002 253 0.002857 0
214 188 231 239 0.002831 0
1198 191 1214 219 0.002781 0
958 372 974 405 0.002777 0
982 206 996 229 0.002763 0
1137 446 1143 459 0.002756 0
1102 311 1119 344 0.002742 0
784 328 810 344 0.002739 0
1127 446 1135 466 0.002737 0
345 184 353 199 0.002736 0
1127 446 1136 469 0.002722 0
840 206 860 242 0.002694 0
0 64 61 221 0.002678 0
991 212 997 228 0.002656 0
607 447 624 469 0.002601 0
1214 291 1280 450 0.002579 0
1057 487 1077 498 0.002573 0
2 64 250 209 0.002544 0
1150 326 1170 344 0.002522 0
240 205 253 240 0.002504 0
1263 308 1279 349 0.002490 0
786 195 799 236 0.002484 0
783 194 796 238 0.002471 0
632 202 647 222 0.002467 0
1103 487 1137 507 0.002467 0
789 327 812 390 0.002464 0
802 184 814 221 0.002458 0
550 202 561 216 0.002438 0
1072 429 1082 452 0.002412 0
785 196 795 237 0.002408 0
641 688 672 703 0.002404 0
923 203 959 254 0.002401 0
959 441 969 469 0.002400 0
224 183 233 203 0.002381 0
1000 385 1011 399 0.002380 0
210 194 224 229 0.002379 0
877 434 888 456 0.002376 0
1104 312 1113 327 0.002372 0
1263 294 1279 348 0.002371 0
1258 249 1279 351 0.002365 0
867 432 888 456 0.002334 0
552 200 563 216 0.002316 0
1134 446 1143 465 0.002298 0
787 324 846 344 0.002277 0
607 448 624 470 0.002270 0
784 328 810 344 0.002262 0
990 213 998 235 0.002259 0
999 385 1018 400 0.002238 0
31 64 349 207 0.002207 0
718 197 730 214 0.002196 0
241 196 259 240 0.002188 0
1247 246 1279 328 0.002187 0
463 200 479 293 0.002187 0
1119 312 1135 342 0.002171 0
957 368 981 426 0.002165 0
1249 207 1260 236 0.002153 0
847 202 868 240 0.002149 0
1250 171 1279 302 0.002142 0
1189 190 1213 218 0.002126 0
1028 198 1040 228 0.002109 0
1250 210 1279 274 0.002097 0
787 323 816 392 0.002091 0
1 64 229 210 0.002084 0
510 189 533 250 0.002083 0
1239 297 1279 352 0.002078 0
803 185 817 220 0.002072 0
513 192 527 219 0.002068 0
985 214 1003 256 0.002062 0
1 64 271 205 0.002062 0
198 208 210 231 0.002054 0
833 213 847 238 0.002053 0
738 202 744 214 0.002032 0
6 64 321 211 0.002024 0
987 198 1003 227 0.002011 0
1044 482 1056 498 0.002011 0
803 190 848 266 0.001995 0
896 473 908 485 0.001994 0
386 198 395 206 0.001979 0
643 678 674 703 0.001967 0
912 454 928 484 0.001965 0
642 688 672 703 0.001954 0
1006 435 1024 470 0.001949 0
1148 311 1169 343 0.001947 0
1103 312 1114 328 0.001944 0
959 369 983 405 0.001944 0
1118 311 1135 344 0.001933 0
1012 383 1024 400 0.001932 0
1014 456 1024 471 0.001925 0
209 193 224 229 0.001924 0
242 196 256 225 0.001911 0
1113 194 1121 207 0.001896 0
728 203 736 216 0.001888 0
1072 437 1089 456 0.001879 0
1021 441 1040 467 0.001877 0
849 429 907 483 0.001871 0
822 189 839 219 0.001861 0
979 365 986 390 0.001861 0
365 207 376 232 0.001852 0
512 189 528 245 0.001837 0
786 315 810 343 0.001836 0
1072 435 1089 456 0.001833 0
982 207 996 229 0.001832 0
1172 212 1188 247 0.001825 0
786 315 811 344 0.001813 0
1000 384 1024 424 0.001805 0
1021 442 1040 470 0.001800 0
1242 197 1256 232 0.001792 0
957 370 978 408 0.001779 0
1149 327 1171 345 0.001775 0
786 319 840 343 0.001772 0
1061 488 1082 503 0.001758 0
1234 259 1279 335 0.001738 0
823 189 835 209 0.001733 0
452 200 462 223 0.001732 0
1014 441 1025 468 0.001731 0
1088 191 1095 209 0.001725 0
896 445 905 456 0.001722 0
1008 194 1028 224 0.001714 0
1021 447 1038 466 0.001702 0
635 198 654 215 0.001696 0
1126 445 1136 473 0.001687 0
1239 456 1258 472 0.001673 0
1126 493 1136 509 0.001664 0
847 431 893 480 0.001663 0
1022 443 1035 461 0.001662 0
1007 442 1023 471 0.001662 0
907 333 921 345 0.001660 0
5 64 341 218 0.001654 0
926 445 935 457 0.001651 0
966 453 976 472 0.001647 0
1243 459 1257 472 0.001641 0
921 214 932 241 0.001639 0
850 430 917 484 0.001635 0
800 440 810 449 0.001633 0
1104 487 1137 499 0.001631 0
976 368 985 391 0.001631 0
1243 198 1256 233 0.001624 0
879 439 889 457 0.001622 0
448 201 459 254 0.001620 0
946 335 976 406 0.001612 0
496 184 541 252 0.001611 0
802 184 814 220 0.001609 0
1 64 190 215 0.001582 0
1134 444 1151 474 0.001570 0
831 417 848 452 0.001547 0
1241 253 1279 352 0.001543 0
447 196 459 254 0.001541 0
333 184 343 199 0.001532 0
788 327 812 384 0.001529 0
332 185 342 199 0.001525 0
1006 430 1019 468 0.001524 0
1178 344 1193 359 0.001518 0
751 419 769 442 0.001513 0
784 323 816 392 0.001510 0
960 437 975 456 0.001505 0
367 203 383 218 0.001496 0
778 238 844 348 0.001496 0
247 194 256 214 0.001494 0
1151 440 1159 452 0.001493 0
223 182 233 198 0.001490 0
1073 424 1084 443 0.001488 0
197 208 208 228 0.001486 0
1232 455 1254 510 0.001476 0
534 190 552 216 0.001475 0
1120 324 1135 340 0.001473 0
449 202 459 255 0.001472 0
864 440 880 478 0.001469 0
904 332 922 345 0.001465 0
914 447 928 457 0.001448 0
1064 462 1072 470 0.001440 0
1245 296 1279 458 0.001422 0
982 373 1022 424 0.001422 0
677 450 688 464 0.001419 0
453 201 465 228 0.001419 0
1097 399 1103 408 0.001417 0
907 327 928 345 0.001415 0
951 335 975 390 0.001414 0
210 183 225 229 0.001412 0
848 430 915 483 0.001406 0
1001 431 1008 440 0.001403 0
983 200 1033 257 0.001397 0
1181 344 1195 390 0.001393 0
832 419 848 452 0.001386 0
0 64 70 212 0.001368 0
959 425 970 456 0.001363 0
605 160 616 182 0.001361 0
1134 440 1147 466 0.001361 0
1054 459 1079 502 0.001360 0
1245 458 1264 510 0.001352 0
783 324 816 392 0.001350 0
1102 487 1126 505 0.001347 0
850 427 914 484 0.001339 0
846 427 887 479 0.001338 0
951 360 1024 426 0.001328 0
515 190 532 248 0.001326 0
452 200 469 257 0.001325 0
751 416 769 442 0.001323 0
848 183 858 215 0.001316 0
957 373 967 405 0.001315 0
1120 395 1128 413 0.001307 0
921 212 934 243 0.001304 0
952 370 1024 427 0.001303 0
273 213 280 230 0.001297 0
1251 210 1278 258 0.001296 0
1167 380 1181 411 0.001291 0
831 418 848 451 0.001290 0
1239 197 1255 232 0.001282 0
1249 209 1272 250 0.001273 0
1151 440 1161 466 0.001264 0
1120 404 1128 424 0.001263 0
373 181 385 202 0.001260 0
1100 315 1120 344 0.001260 0
1121 323 1136 343 0.001256 0
958 437 976 472 0.001251 0
510 193 522 232 0.001246 0
801 184 815 224 0.001239 0
966 454 976 472 0.001237 0
887 472 898 486 0.001235 0
1146 324 1170 344 0.001228 0
949 350 962 396 0.001217 0
1016 439 1040 470 0.001217 0
1245 304 1279 408 0.001196 0
1240 457 1251 471 0.001190 0
386 196 397 206 0.001183 0
206 191 226 236 0.001181 0
913 472 928 487 0.001180 0
452 200 465 248 0.001177 0
612 154 627 178 0.001175 0
1145 315 1169 343 0.001173 0
848 219 871 242 0.001166 0
781 252 847 345 0.001165 0
3 64 325 217 0.001158 0
1238 155 1279 356 0.001154 0
751 419 768 443 0.001154 0
1013 424 1024 439 0.001140 0
1161 328 1173 338 0.001134 0
904 327 924 345 0.001134 0
1045 410 1057 426 0.001133 0
1008 422 1019 441 0.001131 0
1142 395 1153 408 0.001128 0
853 431 878 449 0.001125 0
956 377 1024 427 0.001124 0
958 449 971 472 0.001123 0
927 341 987 455 0.001123 0
689 203 701 236 0.001116 0
1072 456 1090 502 0.001107 0
801 440 816 454 0.001100 0
1206 193 1278 266 0.001097 0
0 64 31 211 0.001095 0
1101 312 1135 344 0.001095 0
446 195 459 222 0.001092 0
911 473 928 487 0.001092 0
1073 456 1096 472 0.001091 0
1182 345 1194 389 0.001090 0
926 439 935 455 0.001080 0
793 250 850 345 0.001077 0
1135 443 1152 472 0.001076 0
240 193 251 217 0.001075 0
906 333 923 378 0.001073 0
942 373 979 457 0.001068 0
1157 310 1168 338 0.001067 0
1040 455 1048 464 0.001066 0
948 350 966 405 0.001066 0
1023 445 1040 471 0.001062 0
1013 425 1025 441 0.001062 0
983 452 992 464 0.001058 0
1039 323 1054 335 0.001057 0
1071 455 1095 472 0.001057 0
867 322 883 343 0.001055 0
908 328 928 347 0.001054 0
1138 442 1153 469 0.001052 0
979 372 990 392 0.001052 0
750 423 767 442 0.001050 0
978 363 990 392 0.001049 0
879 199 905 244 0.001047 0
584 431 591 439 0.001046 0
1042 409 1057 440 0.001043 0
438 193 453 205 0.001039 0
1074 424 1088 451 0.001037 0
784 325 816 392 0.001036 0
669 208 678 224 0.001035 0
1079 457 1095 472 0.001034 0
926 202 954 247 0.001031 0
948 353 1024 434 0.001031 0
1246 462 1265 505 0.001027 0
950 348 961 391 0.001021 0
1040 409 1057 460 0.001020 0
452 200 474 264 0.001019 0
991 455 1001 464 0.001015 0
832 426 848 452 0.001015 0
1 64 199 220 0.001013 0
1119 442 1129 471 0.001007 0
989 372 1018 422 0.001005 0
1043 409 1057 424 0.001003 0
831 422 846 450 0.000994 0
882 438 900 456 0.000994 0
895 455 912 483 0.000992 0
771 251 838 346 0.000989 0
1118 312 1136 339 0.000986 0
766 197 786 234 0.000985 0
1080 404 1088 414 0.000985 0
439 209 447 218 0.000979 0
1134 442 1153 476 0.000975 0
751 414 769 443 0.000974 0
1080 401 1088 411 0.000968 0
1102 312 1134 343 0.000966 0
1178 344 1193 359 0.000965 0
847 436 875 478 0.000962 0
1189 498 1200 504 0.000960 0
1151 446 1168 472 0.000958 0
886 445 896 456 0.000957 0
1215 366 1225 388 0.000956 0
941 335 986 391 0.000954 0
1232 460 1262 512 0.000952 0
1237 453 1251 470 0.000944 0
1173 214 1190 247 0.000942 0
916 455 928 463 0.000942 0
1029 200 1040 226 0.000942 0
958 336 969 353 0.000941 0
1119 438 1145 471 0.000941 0
349 185 358 199 0.000936 0
951 335 977 394 0.000932 0
1151 448 1161 470 0.000932 0
1238 197 1255 232 0.000931 0
723 321 739 344 0.000931 0
1070 476 1080 501 0.000927 0
856 216 873 274 0.000926 0
1151 441 1168 470 0.000916 0
197 198 210 226 0.000915 0
1008 437 1027 470 0.000908 0
864 334 883 343 0.000907 0
49 64 347 203 0.000905 0
780 313 810 343 0.000902 0
1071 456 1095 472 0.000901 0
272 201 281 235 0.000901 0
1235 195 1258 243 0.000896 0
974 373 1024 423 0.000892 0
848 458 868 480 0.000885 0
852 219 868 239 0.000885 0
1028 201 1044 245 0.000883 0
1245 466 1264 514 0.000882 0
1248 460 1264 472 0.000880 0
991 443 1002 464 0.000878 0
1099 312 1136 344 0.000873 0
630 423 640 438 0.000873 0
895 416 904 441 0.000870 0
784 322 820 392 0.000869 0
648 408 656 424 0.000869 0
1118 440 1133 472 0.000869 0
416 89 495 269 0.000868 0
1247 407 1279 457 0.000867 0
847 440 870 478 0.000867 0
831 418 847 450 0.000865 0
1202 499 1224 513 0.000859 0
931 201 953 214 0.000853 0
1006 454 1024 472 0.000850 0
976 358 993 393 0.000848 0
1045 481 1055 491 0.000847 0
1248 307 1275 412 0.000847 0
1201 496 1220 512 0.000844 0
962 425 976 451 0.000838 0
1056 469 1077 500 0.000837 0
802 440 816 464 0.000836 0
947 357 1024 452 0.000834 0
1076 333 1088 344 0.000834 0
1119 444 1130 472 0.000833 0
956 410 977 455 0.000833 0
1224 192 1258 233 0.000832 0
1190 379 1221 417 0.000832 0
462 199 480 305 0.000832 0
0 64 35 210 0.000831 0
881 317 897 343 0.000821 0
1120 407 1128 427 0.000816 0
1202 193 1263 263 0.000816 0
1095 401 1103 415 0.000814 0
1071 456 1094 471 0.000813 0
951 338 965 369 0.000805 0
0 65 54 243 0.000794 0
1179 344 1195 359 0.000791 0
973 365 1009 424 0.000790 0
929 437 944 454 0.000789 0
766 199 783 234 0.000788 0
1149 327 1171 359 0.000786 0
807 188 839 221 0.000780 0
946 337 987 397 0.000779 0
766 198 783 235 0.000779 0
953 393 976 456 0.000778 0
804 189 848 259 0.000778 0
1031 192 1049 231 0.000776 0
919 340 989 452 0.000776 0
1210 367 1225 415 0.000775 0
983 446 992 456 0.000773 0
828 330 847 350 0.000773 0
533 203 551 221 0.000771 0
439 194 454 208 0.000771 0
647 408 656 423 0.000771 0
1150 449 1164 473 0.000768 0
895 437 904 456 0.000765 0
1055 489 1068 502 0.000762 0
878 199 906 243 0.000760 0
945 349 1024 427 0.000759 0
906 333 923 352 0.000753 0
958 337 968 353 0.000752 0
1244 341 1279 453 0.000750 0
927 439 944 458 0.000750 0
681 197 690 216 0.000741 0
479 202 485 216 0.000740 0
316 64 424 213 0.000739 0
847 421 889 457 0.000736 0
316 191 336 231 0.000733 0
1192 301 1279 458 0.000733 0
1246 253 1277 298 0.000730 0
366 203 385 231 0.000729 0
785 325 834 392 0.000727 0
830 419 850 457 0.000720 0
1007 194 1036 252 0.000720 0
852 448 931 486 0.000719 0
1207 292 1280 489 0.000719 0
1055 485 1075 500 0.000711 0
990 205 1015 250 0.000710 0
941 363 980 441 0.000709 0
752 412 768 440 0.000709 0
905 456 913 463 0.000709 0
682 203 690 216 0.000709 0
848 180 868 239 0.000707 0
879 317 892 341 0.000707 0
642 677 677 703 0.000706 0
1068 452 1095 504 0.000705 0
655 207 677 246 0.000702 0
830 333 843 363 0.000701 0
1038 409 1052 431 0.000700 0
877 318 889 343 0.000696 0
1079 192 1090 202 0.000696 0
1109 392 1127 407 0.000692 0
1175 214 1184 225 0.000687 0
862 447 881 479 0.000687 0
450 206 458 256 0.000684 0
1070 455 1096 504 0.000683 0
996 455 1008 466 0.000681 0
325 64 513 204 0.000680 0
821 458 832 472 0.000679 0
1110 456 1121 478 0.000679 0
1118 446 1130 478 0.000679 0
641 669 674 703 0.000678 0
950 332 973 364 0.000678 0
847 434 916 484 0.000677 0
949 372 986 478 0.000676 0
1178 344 1195 360 0.000675 0
1176 410 1183 423 0.000675 0
0 64 46 212 0.000674 0
1136 439 1154 471 0.000674 0
863 434 891 478 0.000672 0
1220 352 1266 427 0.000672 0
905 332 927 384 0.000671 0
910 326 928 345 0.000669 0
849 438 923 485 0.000663 0
953 334 977 366 0.000662 0
899 452 928 486 0.000658 0
338 64 432 211 0.000657 0
1097 328 1115 344 0.000656 0
1148 327 1176 347 0.000656 0
735 325 744 337 0.000656 0
1143 325 1167 343 0.000650 0
1169 455 1185 472 0.000649 0
1223 447 1232 470 0.000649 0
668 211 679 249 0.000646 0
311 64 498 199 0.000644 0
1198 500 1213 512 0.000643 0
1247 421 1253 433 0.000641 0
913 201 947 245 0.000639 0
945 362 1025 463 0.000639 0
343 64 431 212 0.000634 0
376 185 394 205 0.000631 0
1056 456 1072 470 0.000630 0
1215 450 1232 506 0.000630 0
389 185 400 206 0.000627 0
950 353 968 407 0.000625 0
397 184 407 204 0.000622 0
851 431 932 485 0.000622 0
950 374 1025 462 0.000619 0
353 189 367 200 0.000618 0
1153 439 1168 455 0.000613 0
999 198 1035 234 0.000612 0
863 324 883 343 0.000610 0
760 275 848 346 0.000609 0
1113 392 1128 410 0.000609 0
686 196 693 215 0.000609 0
1216 452 1223 468 0.000608 0
438 193 454 206 0.000607 0
240 200 253 240 0.000606 0
1135 466 1153 504 0.000606 0
1235 66 1279 316 0.000603 0
327 188 339 199 0.000602 0
1142 388 1153 408 0.000602 0
1151 448 1168 475 0.000599 0
1184 499 1200 512 0.000598 0
854 320 863 336 0.000594 0
883 317 894 341 0.000594 0
0 64 29 214 0.000593 0
0 64 52 211 0.000592 0
183 193 190 205 0.000587 0
852 431 940 485 0.000586 0
873 333 885 343 0.000585 0
1052 464 1078 501 0.000584 0
952 432 964 454 0.000583 0
801 200 816 229 0.000581 0
497 187 543 253 0.000578 0
1033 482 1058 500 0.000578 0
865 211 881 239 0.000577 0
340 64 490 213 0.000577 0
967 369 1014 424 0.000577 0
853 318 864 336 0.000575 0
780 322 849 344 0.000573 0
338 65 448 218 0.000573 0
1167 377 1182 423 0.000573 0
209 179 231 230 0.000573 0
1038 418 1048 436 0.000572 0
607 430 624 469 0.000571 0
956 336 977 364 0.000568 0
1095 439 1108 456 0.000568 0
726 326 737 345 0.000567 0
895 413 907 424 0.000566 0
1038 410 1059 465 0.000565 0
820 328 849 360 0.000563 0
193 189 209 228 0.000562 0
811 267 851 345 0.000560 0
849 202 876 239 0.000560 0
630 423 640 445 0.000559 0
784 222 838 343 0.000558 0
1168 387 1178 423 0.000556 0
851 444 928 485 0.000555 0
895 424 904 448 0.000554 0
86 64 355 201 0.000548 0
764 267 839 345 0.000547 0
1048 64 1139 220 0.000546 0
930 448 944 466 0.000545 0
272 216 280 231 0.000545 0
1103 312 1132 335 0.000542 0
1100 455 1119 480 0.000542 0
982 438 992 457 0.000540 0
721 323 739 360 0.000540 0
1169 456 1185 473 0.000539 0
1103 488 1128 510 0.000538 0
1261 68 1279 304 0.000537 0
1190 497 1215 512 0.000537 0
1231 65 1279 316 0.000535 0
785 312 845 344 0.000534 0
387 197 396 206 0.000532 0
1215 359 1260 427 0.000531 0
895 270 913 312 0.000531 0
157 206 167 222 0.000531 0
1248 328 1277 436 0.000531 0
939 345 954 390 0.000530 0
768 175 775 185 0.000529 0
1042 483 1057 502 0.000528 0
995 440 1012 465 0.000528 0
952 424 966 452 0.000525 0
1136 485 1152 503 0.000525 0
925 338 990 441 0.000524 0
1097 439 1120 462 0.000523 0
1248 319 1275 422 0.000522 0
1071 486 1088 502 0.000521 0
1103 449 1121 475 0.000520 0
799 246 851 347 0.000518 0
790 236 825 289 0.000518 0
1075 334 1089 359 0.000517 0
663 294 679 349 0.000517 0
1226 320 1270 421 0.000516 0
1215 443 1228 459 0.000515 0
1071 338 1082 360 0.000514 0
716 317 745 337 0.000513 0
780 275 842 345 0.000512 0
1093 452 1107 471 0.000512 0
1033 64 1129 220 0.000511 0
223 375 240 409 0.000511 0
1028 376 1041 408 0.000509 0
1220 451 1232 477 0.000509 0
1053 460 1077 502 0.000507 0
809 314 843 344 0.000507 0
1229 196 1257 232 0.000507 0
329 64 500 339 0.000506 0
317 64 427 214 0.000506 0
911 272 928 345 0.000505 0
1029 375 1041 408 0.000501 0
940 351 955 391 0.000501 0
1072 398 1079 409 0.000498 0
896 413 913 424 0.000498 0
719 317 738 338 0.000498 0
930 337 997 407 0.000496 0
895 455 905 464 0.000495 0
1095 441 1107 461 0.000494 0
1217 343 1270 431 0.000494 0
650 198 678 281 0.000493 0
904 331 933 385 0.000492 0
517 196 540 248 0.000492 0
1068 332 1088 346 0.000492 0
1092 488 1104 504 0.000491 0
965 365 997 418 0.000490 0
242 201 263 240 0.000488 0
1088 406 1097 416 0.000487 0
868 317 887 341 0.000487 0
1049 456 1067 468 0.000486 0
773 226 835 342 0.000486 0
192 187 204 218 0.000485 0
849 423 885 455 0.000484 0
1055 462 1068 471 0.000483 0
990 394 1010 423 0.000483 0
255 64 347 194 0.000482 0
321 64 551 201 0.000481 0
800 440 816 469 0.000481 0
317 64 368 179 0.000480 0
914 334 927 350 0.000479 0
866 206 893 237 0.000479 0
1219 328 1268 429 0.000478 0
1035 481 1056 498 0.000477 0
1092 455 1105 474 0.000473 0
1222 195 1258 248 0.000473 0
822 328 848 355 0.000472 0
1071 459 1081 471 0.000471 0
333 201 354 255 0.000469 0
1223 362 1257 427 0.000469 0
980 370 1013 409 0.000464 0
41 64 355 221 0.000463 0
321 65 480 361 0.000463 0
0 64 79 219 0.000462 0
757 274 847 346 0.000461 0
1222 446 1232 457 0.000461 0
998 204 1008 226 0.000460 0
1182 497 1201 511 0.000458 0
311 64 490 307 0.000458 0
213 184 236 233 0.000458 0
857 219 871 275 0.000457 0
790 233 837 298 0.000455 0
1185 298 1279 434 0.000454 0
1241 421 1279 483 0.000453 0
825 328 848 365 0.000451 0
1185 486 1209 506 0.000450 0
1047 455 1056 467 0.000450 0
313 64 432 219 0.000448 0
184 196 190 206 0.000448 0
1015 322 1025 346 0.000447 0
0 64 72 223 0.000445 0
311 64 368 196 0.000444 0
779 284 837 345 0.000443 0
447 189 685 292 0.000443 0
1141 319 1167 342 0.000443 0
909 272 929 346 0.000442 0
895 413 915 443 0.000439 0
895 407 913 424 0.000439 0
1188 373 1208 403 0.000437 0
698 328 703 336 0.000436 0
952 352 1025 425 0.000436 0
1039 421 1052 444 0.000436 0
1122 321 1138 361 0.000435 0
735 440 759 471 0.000435 0
991 410 1000 423 0.000435 0
335 64 494 365 0.000434 0
365 186 375 200 0.000433 0
943 356 979 426 0.000433 0
307 64 461 199 0.000432 0
1070 192 1088 207 0.000430 0
253 203 282 247 0.000422 0
1247 478 1263 513 0.000421 0
578 426 593 460 0.000420 0
1215 465 1232 505 0.000420 0
1119 407 1128 432 0.000419 0
909 439 934 457 0.000419 0
1215 402 1224 424 0.000418 0
895 406 913 424 0.000417 0
269 208 290 295 0.000417 0
1177 352 1278 425 0.000416 0
882 154 909 177 0.000415 0
999 360 1025 406 0.000415 0
597 424 609 437 0.000414 0
1098 454 1118 472 0.000411 0
1121 444 1138 501 0.000411 0
765 200 780 235 0.000411 0
1063 196 1077 238 0.000410 0
973 358 1010 400 0.000410 0
905 332 932 393 0.000409 0
254 64 336 201 0.000408 0
1041 518 1073 537 0.000407 0
1165 343 1196 391 0.000407 0
990 438 1001 457 0.000406 0
355 212 371 274 0.000406 0
1254 361 1279 503 0.000405 0
783 424 818 459 0.000405 0
639 192 655 213 0.000404 0
1247 411 1254 428 0.000404 0
765 231 837 341 0.000401 0
1038 443 1049 465 0.000401 0
812 314 849 344 0.000401 0
1089 192 1102 210 0.000399 0
1102 490 1120 512 0.000396 0
879 427 905 459 0.000393 0
848 420 892 455 0.000392 0
810 182 847 210 0.000391 0
1165 358 1279 457 0.000391 0
613 358 624 376 0.000390 0
1212 496 1234 512 0.000390 0
0 143 7 204 0.000390 0
910 264 929 345 0.000389 0
1199 472 1209 480 0.000388 0
449 198 464 257 0.000388 0
895 283 911 312 0.000387 0
1075 335 1090 360 0.000387 0
894 472 917 486 0.000385 0
309 64 368 199 0.000385 0
751 200 769 232 0.000383 0
1064 454 1107 505 0.000382 0
305 65 479 222 0.000381 0
936 333 969 389 0.000380 0
399 183 408 203 0.000380 0
1125 345 1136 359 0.000379 0
1214 454 1233 503 0.000378 0
996 196 1018 224 0.000378 0
1263 76 1279 173 0.000377 0
1039 407 1056 426 0.000377 0
317 65 459 358 0.000376 0
1247 421 1264 456 0.000376 0
308 64 369 194 0.000376 0
1231 466 1262 512 0.000375 0
935 432 944 441 0.000373 0
1031 376 1040 391 0.000372 0
1023 381 1030 392 0.000371 0
407 188 417 205 0.000371 0
1050 110 1084 148 0.000371 0
1246 379 1279 458 0.000370 0
750 460 764 478 0.000369 0
783 424 816 452 0.000369 0
1108 395 1124 407 0.000368 0
517 392 527 426 0.000368 0
0 147 7 204 0.000368 0
1087 312 1120 343 0.000367 0
844 422 886 454 0.000367 0
222 374 240 409 0.000366 0
664 197 704 282 0.000366 0
0 64 77 212 0.000366 0
1231 458 1240 470 0.000366 0
783 420 825 461 0.000366 0
1071 334 1093 400 0.000366 0
314 66 418 203 0.000365 0
605 422 626 470 0.000364 0
1104 491 1120 520 0.000364 0
850 217 873 271 0.000363 0
835 202 866 242 0.000363 0
643 663 675 704 0.000362 0
254 64 355 202 0.000361 0
516 392 527 420 0.000360 0
1262 67 1279 291 0.000359 0
1255 162 1279 298 0.000359 0
768 196 793 236 0.000358 0
735 448 771 472 0.000358 0
1185 355 1279 457 0.000357 0
1158 424 1168 440 0.000356 0
1251 365 1279 496 0.000355 0
328 64 629 376 0.000355 0
341 68 503 218 0.000354 0
807 376 815 391 0.000354 0
787 327 842 366 0.000353 0
1247 422 1271 456 0.000351 0
998 435 1008 456 0.000351 0
918 424 927 437 0.000350 0
910 266 929 345 0.000349 0
929 346 954 390 0.000349 0
878 200 909 246 0.000349 0
776 191 794 230 0.000348 0
1087 488 1103 504 0.000348 0
937 342 958 387 0.000348 0
1247 472 1264 513 0.000348 0
824 421 832 436 0.000348 0
411 176 422 203 0.000347 0
1218 403 1233 425 0.000346 0
1232 457 1240 468 0.000346 0
268 202 293 295 0.000346 0
193 186 202 212 0.000346 0
1085 486 1105 504 0.000346 0
255 64 337 183 0.000338 0
153 64 263 226 0.000337 0
322 203 339 254 0.000335 0
664 317 676 349 0.000335 0
1094 329 1110 344 0.000335 0
255 65 325 166 0.000335 0
1178 453 1196 473 0.000334 0
1247 477 1263 512 0.000334 0
1016 480 1023 487 0.000334 0
1007 473 1016 488 0.000332 0
339 64 498 210 0.000332 0
994 367 1010 399 0.000332 0
913 425 928 442 0.000332 0
816 468 827 478 0.000332 0
1180 381 1208 415 0.000332 0
1250 407 1263 437 0.000332 0
450 209 458 263 0.000331 0
735 440 757 469 0.000331 0
788 311 806 342 0.000331 0
3 65 386 400 0.000329 0
769 312 792 343 0.000328 0
894 418 919 459 0.000326 0
344 64 434 193 0.000325 0
895 278 913 309 0.000325 0
854 221 871 273 0.000324 0
1264 363 1279 440 0.000323 0
1214 468 1233 508 0.000323 0
157 207 167 232 0.000322 0
716 316 741 354 0.000322 0
355 207 369 272 0.000322 0
663 295 680 349 0.000321 0
856 220 873 277 0.000321 0
1163 343 1197 397 0.000321 0
942 363 957 394 0.000320 0
111 202 123 239 0.000320 0
269 202 287 238 0.000320 0
896 443 918 463 0.000319 0
193 185 209 228 0.000319 0
1096 440 1122 474 0.000319 0
688 199 714 279 0.000319 0
332 200 354 257 0.000318 0
742 280 754 301 0.000317 0
926 449 944 484 0.000317 0
311 65 467 358 0.000316 0
1055 374 1065 390 0.000316 0
0 141 8 203 0.000316 0
512 195 550 247 0.000315 0
813 439 825 452 0.000314 0
994 420 1018 442 0.000314 0
1 64 364 402 0.000314 0
129 64 407 199 0.000314 0
1022 64 1110 214 0.000313 0
1064 194 1077 223 0.000313 0
158 64 259 208 0.000313 0
819 331 846 364 0.000312 0
992 425 1027 469 0.000312 0
768 312 795 343 0.000312 0
320 64 429 195 0.000312 0
735 445 753 471 0.000311 0
319 64 402 188 0.000311 0
903 333 924 378 0.000309 0
937 345 954 387 0.000309 0
1032 486 1076 509 0.000309 0
193 194 210 229 0.000309 0
1069 192 1110 240 0.000308 0
1023 430 1032 440 0.000307 0
1182 378 1193 391 0.000306 0
650 212 658 230 0.000304 0
1167 455 1185 472 0.000304 0
680 384 688 395 0.000304 0
1226 65 1279 287 0.000304 0
722 325 744 346 0.000304 0
635 196 680 288 0.000302 0
1094 439 1120 456 0.000302 0
648 665 674 704 0.000301 0
582 420 592 439 0.000301 0
994 359 1025 404 0.000301 0
610 423 624 435 0.000300 0
924 375 1028 479 0.000300 0
300 64 494 198 0.000298 0
254 66 326 178 0.000298 0
790 243 816 291 0.000297 0
317 64 368 174 0.000296 0
271 197 280 222 0.000296 0
950 431 970 459 0.000296 0
1229 65 1279 311 0.000294 0
1139 182 1279 359 0.000294 0
756 404 768 433 0.000292 0
930 389 944 409 0.000292 0
767 194 794 235 0.000291 0
801 160 857 222 0.000291 0
1206 455 1216 471 0.000290 0
1148 391 1159 404 0.000289 0
574 425 585 434 0.000289 0
154 64 258 204 0.000289 0
1199 456 1209 476 0.000288 0
991 459 1004 471 0.000287 0
1070 332 1107 403 0.000286 0
951 420 970 453 0.000286 0
1253 406 1263 424 0.000286 0
783 327 849 363 0.000285 0
0 68 70 226 0.000283 0
1016 376 1041 411 0.000282 0
767 314 782 343 0.000282 0
1215 453 1226 474 0.000282 0
142 639 160 702 0.000281 0
581 384 609 437 0.000281 0
748 457 776 479 0.000281 0
927 391 941 408 0.000281 0
771 311 807 343 0.000280 0
1245 248 1275 296 0.000280 0
1135 398 1148 408 0.000278 0
639 677 674 703 0.000278 0
255 64 323 163 0.000278 0
142 642 160 701 0.000278 0
1187 455 1201 473 0.000277 0
632 201 651 231 0.000276 0
819 420 833 446 0.000276 0
1071 333 1088 403 0.000275 0
1071 392 1080 407 0.000275 0
831 419 848 455 0.000275 0
785 364 816 391 0.000274 0
1105 487 1137 520 0.000273 0
1088 398 1098 410 0.000272 0
751 200 768 233 0.000272 0
1075 386 1089 411 0.000272 0
356 81 500 227 0.000271 0
881 324 898 344 0.000271 0
575 357 608 440 0.000271 0
977 358 1005 391 0.000270 0
906 335 937 387 0.000270 0
1070 435 1098 458 0.000270 0
850 421 943 484 0.000270 0
895 322 906 344 0.000269 0
1167 457 1181 475 0.000269 0
65 64 129 193 0.000268 0
317 64 429 188 0.000268 0
890 200 912 243 0.000268 0
1182 487 1235 513 0.000268 0
1006 330 1024 395 0.000267 0
1078 405 1088 425 0.000267 0
1056 391 1065 401 0.000267 0
690 209 704 278 0.000267 0
254 65 340 220 0.000266 0
1260 96 1279 297 0.000266 0
214 193 242 247 0.000266 0
774 194 794 229 0.000265 0
590 387 609 434 0.000265 0
1227 64 1280 294 0.000264 0
1159 423 1168 440 0.000264 0
1031 427 1039 440 0.000264 0
787 367 815 391 0.000263 0
255 64 360 182 0.000263 0
1217 462 1259 512 0.000262 0
153 65 263 218 0.000262 0
784 359 815 391 0.000262 0
1211 319 1267 404 0.000262 0
902 333 923 352 0.000262 0
944 455 962 465 0.000261 0
739 200 762 215 0.000261 0
1102 458 1121 494 0.000260 0
622 424 639 437 0.000260 0
452 204 471 267 0.000259 0
0 74 16 212 0.000259 0
1090 485 1111 504 0.000257 0
1086 312 1139 363 0.000257 0
892 364 993 466 0.000256 0
1166 471 1176 479 0.000256 0
1206 303 1217 312 0.000256 0
879 471 894 486 0.000255 0
664 302 679 350 0.000255 0
268 204 290 295 0.000255 0
376 184 394 204 0.000255 0
1176 372 1209 403 0.000255 0
1039 324 1065 358 0.000254 0
1037 190 1055 230 0.000253 0
798 366 816 392 0.000253 0
701 440 721 470 0.000252 0
205 392 224 411 0.000252 0
925 423 939 456 0.000252 0
1188 456 1201 475 0.000251 0
1087 410 1097 424 0.000251 0
437 206 452 240 0.000250 0
789 231 833 307 0.000250 0
1027 336 1070 392 0.000249 0
146 64 256 207 0.000249 0
907 425 928 447 0.000248 0
804 406 834 448 0.000248 0
1043 395 1108 470 0.000247 0
1044 397 1093 449 0.000247 0
900 327 1024 428 0.000247 0
1264 362 1279 456 0.000247 0
910 202 934 247 0.000246 0
330 183 351 222 0.000246 0
1215 358 1227 386 0.000246 0
766 314 776 338 0.000246 0
1199 456 1208 473 0.000245 0
911 440 928 456 0.000245 0
154 193 167 230 0.000245 0
1215 466 1232 505 0.000245 0
1087 185 1107 203 0.000245 0
1030 421 1040 440 0.000245 0
703 426 722 463 0.000245 0
815 316 849 344 0.000244 0
137 64 409 196 0.000244 0
593 406 609 435 0.000244 0
795 412 836 448 0.000244 0
1263 68 1279 181 0.000244 0
353 76 501 261 0.000244 0
810 234 834 313 0.000243 0
1057 423 1072 455 0.000243 0
930 348 953 385 0.000243 0
778 235 833 322 0.000243 0
1091 408 1103 426 0.000243 0
799 408 822 445 0.000242 0
1226 458 1254 505 0.000242 0
1138 398 1158 424 0.000242 0
1249 478 1270 504 0.000242 0
1183 442 1192 458 0.000242 0
324 64 513 360 0.000242 0
797 419 824 445 0.000242 0
1124 497 1136 520 0.000241 0
1061 420 1073 437 0.000241 0
1066 436 1118 475 0.000241 0
632 196 680 288 0.000241 0
155 70 213 210 0.000240 0
845 392 942 484 0.000240 0
0 64 137 233 0.000239 0
300 65 469 358 0.000239 0
942 359 962 409 0.000239 0
989 343 1009 392 0.000238 0
1079 314 1123 361 0.000238 0
915 335 988 394 0.000238 0
926 388 947 435 0.000237 0
762 426 776 445 0.000236 0
3 64 346 245 0.000236 0
1043 195 1075 233 0.000236 0
425 64 498 130 0.000236 0
832 195 855 231 0.000235 0
1042 200 1071 237 0.000235 0
279 630 289 657 0.000235 0
449 399 523 444 0.000234 0
576 370 609 438 0.000234 0
1144 309 1168 343 0.000233 0
1135 468 1154 479 0.000233 0
66 64 127 163 0.000232 0
735 421 772 464 0.000231 0
589 191 852 291 0.000231 0
333 199 353 232 0.000231 0
1022 482 1072 508 0.000231 0
663 296 681 349 0.000231 0
156 203 170 242 0.000231 0
1059 392 1072 403 0.000231 0
650 197 681 288 0.000230 0
1025 332 1078 393 0.000230 0
1230 503 1240 511 0.000230 0
0 64 77 205 0.000230 0
1188 361 1279 458 0.000229 0
790 355 816 391 0.000229 0
1102 489 1121 523 0.000228 0
895 276 913 312 0.000228 0
0 64 73 202 0.000228 0
1167 378 1211 419 0.000227 0
1134 454 1153 481 0.000227 0
911 268 929 345 0.000227 0
850 393 943 483 0.000226 0
1088 454 1105 487 0.000226 0
894 421 931 444 0.000226 0
1099 311 1137 363 0.000226 0
1056 64 1139 206 0.000226 0
989 343 1008 386 0.000226 0
511 391 527 426 0.000226 0
273 238 290 294 0.000225 0
588 423 612 469 0.000225 0
873 198 915 248 0.000224 0
704 440 722 469 0.000224 0
1176 473 1238 515 0.000224 0
774 214 787 236 0.000222 0
1055 377 1065 391 0.000222 0
630 434 640 457 0.000222 0
852 393 864 410 0.000221 0
934 417 944 439 0.000220 0
1143 375 1153 401 0.000220 0
1059 487 1091 503 0.000220 0
887 427 934 460 0.000220 0
1024 396 1037 425 0.000220 0
384 183 403 206 0.000220 0
990 358 1009 399 0.000220 0
918 390 928 405 0.000219 0
2 64 80 211 0.000219 0
1132 486 1153 506 0.000219 0
1231 408 1242 426 0.000218 0
222 202 251 248 0.000218 0
738 422 764 444 0.000218 0
142 655 160 703 0.000218 0
309 66 368 194 0.000218 0
1266 168 1279 230 0.000218 0
1270 424 1279 441 0.000217 0
624 404 640 423 0.000217 0
520 198 546 249 0.000217 0
1189 472 1200 480 0.000216 0
1055 423 1064 436 0.000216 0
991 192 1000 216 0.000216 0
1204 472 1215 481 0.000216 0
817 239 846 314 0.000215 0
908 335 938 393 0.000215 0
236 186 337 386 0.000215 0
508 392 528 442 0.000215 0
1024 422 1034 439 0.000214 0
949 400 1028 471 0.000214 0
513 392 528 431 0.000214 0
1071 456 1097 483 0.000213 0
137 64 447 239 0.000213 0
154 198 167 236 0.000213 0
1028 483 1057 503 0.000213 0
510 392 527 428 0.000213 0
264 64 434 198 0.000212 0
1171 455 1202 476 0.000212 0
930 392 944 409 0.000212 0
834 189 848 216 0.000211 0
1267 363 1279 453 0.000211 0
788 195 841 271 0.000210 0
1049 64 1140 185 0.000210 0
1141 410 1152 424 0.000209 0
106 240 129 297 0.000209 0
1023 424 1055 466 0.000209 0
776 398 784 417 0.000208 0
0 139 31 253 0.000208 0
1205 456 1216 475 0.000208 0
829 274 853 344 0.000207 0
774 397 784 439 0.000207 0
1044 344 1054 361 0.000207 0
1103 231 1121 253 0.000207 0
221 177 328 387 0.000207 0
819 234 850 317 0.000207 0
827 331 845 386 0.000207 0
1071 334 1085 395 0.000206 0
1029 64 1121 194 0.000206 0
1102 64 1120 70 0.000206 0
665 313 680 348 0.000205 0
851 415 944 484 0.000205 0
159 64 258 176 0.000204 0
283 177 323 240 0.000204 0
0 139 12 217 0.000204 0
643 685 675 703 0.000203 0
1178 343 1213 396 0.000203 0
628 197 680 288 0.000203 0
1214 467 1234 512 0.000202 0
931 343 957 386 0.000202 0
209 182 224 213 0.000201 0
470 426 497 445 0.000201 0
98 67 215 209 0.000201 0
630 685 674 703 0.000200 0
1169 440 1186 459 0.000200 0
469 191 480 210 0.000200 0
1061 411 1127 461 0.000200 0
1237 421 1275 463 0.000200 0
348 69 514 236 0.000200 0
317 64 444 148 0.000199 0
869 344 1002 458 0.000199 0
205 371 232 412 0.000199 0
979 353 1005 383 0.000199 0
1216 394 1250 426 0.000199 0
1169 367 1262 427 0.000198 0
272 199 288 235 0.000198 0
959 453 976 484 0.000198 0
1156 497 1168 506 0.000198 0
1239 410 1250 427 0.000198 0
223 375 240 408 0.000197 0
1242 401 1261 428 0.000197 0
146 64 258 174 0.000196 0
1054 424 1067 459 0.000196 0
717 326 739 369 0.000196 0
975 455 988 468 0.000196 0
1208 361 1226 391 0.000196 0
908 336 932 393 0.000196 0
751 187 841 261 0.000196 0
1076 453 1107 506 0.000196 0
1033 459 1063 499 0.000196 0
3 64 80 206 0.000195 0
912 270 929 313 0.000195 0
1121 338 1136 386 0.000195 0
578 388 610 439 0.000194 0
1117 468 1127 479 0.000194 0
755 421 779 441 0.000193 0
1032 410 1041 430 0.000193 0
1043 410 1063 432 0.000192 0
1187 358 1216 411 0.000192 0
787 419 836 453 0.000192 0
589 372 609 435 0.000192 0
1180 353 1214 421 0.000192 0
450 201 467 290 0.000191 0
144 64 451 197 0.000191 0
910 272 926 296 0.000191 0
1063 189 1080 221 0.000191 0
110 202 120 233 0.000190 0
944 305 966 343 0.000190 0
681 386 688 397 0.000190 0
909 338 940 396 0.000189 0
1008 360 1024 398 0.000189 0
1100 100 1139 171 0.000189 0
653 665 672 703 0.000189 0
256 64 342 169 0.000189 0
907 269 929 312 0.000188 0
1262 71 1279 172 0.000188 0
317 64 439 176 0.000188 0
866 397 943 480 0.000188 0
1022 480 1067 501 0.000187 0
1102 457 1155 506 0.000187 0
329 64 646 234 0.000187 0
60 64 138 197 0.000187 0
1104 393 1130 430 0.000187 0
880 420 907 460 0.000187 0
840 285 865 341 0.000187 0
0 65 88 214 0.000187 0
423 64 498 131 0.000187 0
930 363 946 391 0.000186 0
1168 471 1185 479 0.000186 0
1021 381 1041 417 0.000186 0
823 329 849 392 0.000186 0
839 411 895 474 0.000185 0
333 199 354 234 0.000185 0
782 420 819 450 0.000184 0
1159 501 1168 510 0.000183 0
705 312 743 369 0.000183 0
999 335 1008 343 0.000183 0
1103 391 1127 408 0.000182 0
1181 417 1279 510 0.000182 0
895 285 912 312 0.000182 0
1038 336 1055 368 0.000181 0
153 192 164 221 0.000181 0
762 325 820 362 0.000181 0
1194 361 1279 497 0.000181 0
627 375 649 425 0.000180 0
956 452 974 485 0.000180 0
1027 341 1058 381 0.000179 0
1228 64 1279 170 0.000179 0
719 437 734 470 0.000179 0
668 318 680 348 0.000179 0
825 317 849 344 0.000178 0
902 328 958 384 0.000178 0
961 71 976 90 0.000178 0
977 455 992 472 0.000178 0
366 196 393 219 0.000178 0
846 423 861 444 0.000177 0
865 337 993 455 0.000177 0
777 325 848 389 0.000176 0
1263 68 1279 169 0.000176 0
1263 64 1279 170 0.000176 0
311 64 608 379 0.000175 0
753 390 787 448 0.000175 0
719 446 733 471 0.000175 0
1099 103 1137 172 0.000175 0
776 400 784 418 0.000175 0
188 181 213 228 0.000175 0
148 64 501 245 0.000175 0
1028 387 1041 408 0.000175 0
1071 401 1085 424 0.000174 0
972 382 1005 432 0.000174 0
933 377 946 392 0.000174 0
0 65 47 358 0.000173 0
64 64 169 195 0.000173 0
900 266 929 344 0.000173 0
1007 471 1016 487 0.000173 0
365 205 385 233 0.000173 0
263 201 291 295 0.000173 0
895 327 908 344 0.000172 0
1239 449 1248 457 0.000172 0
816 330 848 393 0.000172 0
1075 332 1101 360 0.000171 0
858 269 915 345 0.000171 0
833 417 886 461 0.000171 0
990 428 1008 445 0.000171 0
859 271 912 343 0.000170 0
479 178 545 252 0.000170 0
822 324 849 391 0.000170 0
438 205 457 255 0.000169 0
1046 447 1106 504 0.000169 0
226 202 242 240 0.000169 0
1037 434 1064 469 0.000169 0
931 472 944 484 0.000168 0
347 64 497 103 0.000168 0
495 408 509 424 0.000168 0
0 135 34 304 0.000167 0
1031 388 1095 441 0.000167 0
450 384 529 444 0.000167 0
1015 449 1058 501 0.000166 0
1260 141 1279 183 0.000166 0
622 403 643 437 0.000166 0
1145 64 1279 309 0.000166 0
1115 442 1163 499 0.000166 0
621 369 642 427 0.000165 0
447 513 456 535 0.000165 0
927 392 942 409 0.000165 0
671 314 697 372 0.000165 0
356 206 381 267 0.000165 0
781 420 822 449 0.000165 0
346 64 497 114 0.000164 0
649 200 671 282 0.000164 0
46 64 129 195 0.000164 0
774 329 785 343 0.000164 0
991 455 1017 471 0.000163 0
771 320 843 390 0.000163 0
56 64 127 172 0.000162 0
925 414 940 446 0.000162 0
981 425 992 443 0.000162 0
1035 480 1076 535 0.000162 0
1153 469 1232 515 0.000161 0
738 200 765 232 0.000160 0
842 402 887 459 0.000160 0
65 66 216 208 0.000160 0
975 192 1034 255 0.000160 0
595 423 632 469 0.000159 0
1042 517 1073 538 0.000159 0
1132 378 1161 409 0.000159 0
64 65 159 196 0.000158 0
831 593 840 623 0.000158 0
1231 392 1255 426 0.000158 0
63 64 213 197 0.000158 0
990 416 1011 438 0.000158 0
1176 474 1277 514 0.000158 0
567 350 599 439 0.000157 0
1174 343 1198 383 0.000157 0
582 401 592 436 0.000157 0
1192 404 1250 443 0.000157 0
859 407 882 454 0.000156 0
193 64 466 199 0.000156 0
1023 373 1040 395 0.000156 0
1214 466 1261 511 0.000156 0
1083 343 1097 360 0.000156 0
172 206 183 216 0.000156 0
988 187 1021 221 0.000155 0
1038 485 1077 536 0.000155 0
920 347 948 395 0.000155 0
799 409 815 439 0.000155 0
307 67 424 218 0.000154 0
880 391 888 410 0.000154 0
1008 329 1024 374 0.000153 0
1261 127 1279 187 0.000153 0
907 337 956 384 0.000153 0
929 373 963 430 0.000153 0
21 64 371 259 0.000153 0
444 174 485 247 0.000153 0
584 423 625 471 0.000153 0
449 386 528 444 0.000152 0
868 295 913 344 0.000152 0
1074 64 1280 306 0.000152 0
97 65 215 202 0.000152 0
575 370 602 438 0.000152 0
849 278 864 338 0.000151 0
597 527 609 568 0.000151 0
1043 389 1057 409 0.000151 0
1144 311 1190 344 0.000151 0
1203 441 1236 458 0.000150 0
1132 345 1145 359 0.000150 0
334 65 470 217 0.000150 0
1170 439 1187 455 0.000150 0
566 444 638 472 0.000150 0
0 87 68 228 0.000150 0
246 64 457 215 0.000149 0
920 345 949 391 0.000149 0
985 345 1007 380 0.000149 0
1149 482 1169 506 0.000148 0
1071 342 1087 406 0.000148 0
1184 526 1192 540 0.000148 0
1041 497 1073 536 0.000148 0
1046 393 1055 411 0.000147 0
211 67 331 231 0.000147 0
1264 73 1279 172 0.000147 0
964 71 976 89 0.000146 0
7 64 126 182 0.000146 0
1101 474 1140 500 0.000146 0
307 160 344 236 0.000146 0
607 447 624 473 0.000145 0
331 64 650 202 0.000145 0
1010 455 1064 502 0.000145 0
344 64 498 141 0.000145 0
949 376 1053 470 0.000145 0
593 406 609 428 0.000145 0
64 64 140 158 0.000144 0
851 290 897 343 0.000144 0
1041 514 1071 533 0.000144 0
930 410 943 437 0.000144 0
32 64 135 205 0.000144 0
867 64 876 72 0.000144 0
897 471 928 489 0.000144 0
494 403 527 439 0.000143 0
1 64 127 195 0.000143 0
175 401 201 424 0.000143 0
388 64 498 120 0.000143 0
199 282 211 296 0.000143 0
1140 391 1176 409 0.000143 0
742 279 753 301 0.000143 0
1074 361 1088 398 0.000143 0
927 351 941 378 0.000142 0
1025 349 1063 391 0.000141 0
799 405 823 431 0.000141 0
1171 483 1185 504 0.000141 0
666 196 684 229 0.000141 0
1110 184 1138 203 0.000140 0
1024 324 1089 390 0.000140 0
857 212 891 275 0.000140 0
207 64 326 219 0.000140 0
1102 64 1121 71 0.000140 0
795 438 831 476 0.000140 0
854 384 1030 486 0.000140 0
1178 476 1270 514 0.000139 0
987 64 1101 208 0.000139 0
1187 393 1212 424 0.000139 0
580 394 592 437 0.000139 0
858 407 882 458 0.000139 0
272 185 280 209 0.000139 0
255 191 354 393 0.000138 0
704 326 720 375 0.000138 0
1079 64 1167 145 0.000138 0
1038 382 1050 408 0.000138 0
1188 356 1211 392 0.000138 0
1172 342 1198 359 0.000138 0
428 64 497 133 0.000138 0
655 423 681 436 0.000138 0
301 78 364 203 0.000138 0
1061 393 1073 408 0.000138 0
658 195 743 281 0.000138 0
895 280 913 312 0.000137 0
1024 409 1034 426 0.000137 0
106 247 126 296 0.000137 0
734 422 753 443 0.000137 0
1064 415 1072 425 0.000137 0
573 389 593 437 0.000137 0
704 316 741 373 0.000137 0
1034 339 1059 379 0.000137 0
1263 64 1280 167 0.000136 0
1118 313 1167 343 0.000136 0
1026 348 1049 377 0.000136 0
715 330 738 360 0.000136 0
707 315 743 344 0.000136 0
152 80 211 218 0.000136 0
1052 425 1074 463 0.000135 0
1089 391 1111 410 0.000135 0
910 388 945 440 0.000135 0
0 70 78 227 0.000135 0
933 429 960 455 0.000134 0
929 369 962 423 0.000134 0
1033 371 1067 412 0.000134 0
590 403 609 438 0.000134 0
814 406 828 425 0.000134 0
1038 368 1062 391 0.000134 0
611 194 681 287 0.000133 0
830 64 839 69 0.000133 0
172 186 184 216 0.000133 0
660 279 704 372 0.000133 0
655 421 688 439 0.000133 0
198 276 211 295 0.000133 0
1232 473 1260 511 0.000132 0
906 450 945 485 0.000132 0
55 64 128 166 0.000132 0
396 186 409 206 0.000131 0
879 391 889 422 0.000131 0
598 529 609 568 0.000131 0
219 373 240 408 0.000131 0
449 362 530 442 0.000131 0
889 273 932 345 0.000131 0
932 416 966 455 0.000131 0
387 82 504 225 0.000131 0
1169 208 1180 217 0.000130 0
1052 64 1138 151 0.000130 0
726 418 737 439 0.000130 0
447 512 456 533 0.000130 0
65 65 203 203 0.000130 0
627 442 640 462 0.000129 0
1118 469 1183 508 0.000129 0
343 64 498 136 0.000129 0
267 206 291 288 0.000129 0
655 307 699 376 0.000129 0
320 64 371 112 0.000129 0
814 410 846 446 0.000129 0
1163 375 1207 415 0.000128 0
38 64 126 198 0.000128 0
104 243 130 296 0.000128 0
1272 142 1279 171 0.000128 0
319 248 337 362 0.000128 0
876 382 1022 468 0.000128 0
107 245 125 297 0.000128 0
112 64 261 179 0.000128 0
1026 359 1046 389 0.000128 0
341 64 499 159 0.000127 0
769 311 793 343 0.000127 0
1180 64 1280 266 0.000127 0
1 64 103 206 0.000127 0
1224 472 1260 511 0.000127 0
1218 64 1279 265 0.000127 0
846 259 912 343 0.000126 0
191 369 225 414 0.000126 0
1076 115 1139 191 0.000126 0
663 313 678 351 0.000126 0
1082 64 1132 124 0.000125 0
1164 374 1210 428 0.000125 0
942 331 960 349 0.000125 0
0 64 345 405 0.000125 0
650 196 684 319 0.000125 0
867 64 878 72 0.000125 0
1228 411 1249 439 0.000125 0
629 689 673 703 0.000125 0
494 394 528 429 0.000124 0
1015 334 1024 354 0.000124 0
1178 190 1199 223 0.000124 0
159 64 288 211 0.000124 0
373 87 498 209 0.000124 0
543 64 596 205 0.000124 0
1274 159 1279 172 0.000124 0
320 269 338 355 0.000124 0
110 64 442 266 0.000124 0
342 64 499 102 0.000124 0
1172 497 1187 511 0.000123 0
320 298 338 392 0.000123 0
902 333 925 379 0.000123 0
603 188 792 393 0.000123 0
984 481 991 487 0.000123 0
925 376 947 401 0.000123 0
993 343 1008 359 0.000123 0
261 218 285 247 0.000123 0
190 185 250 262 0.000123 0
808 193 841 264 0.000123 0
32 64 129 207 0.000123 0
427 73 497 218 0.000122 0
823 269 865 343 0.000122 0
721 401 773 445 0.000122 0
867 392 879 408 0.000122 0
1088 487 1122 521 0.000121 0
848 394 856 409 0.000121 0
173 185 183 207 0.000121 0
1082 411 1121 459 0.000121 0
1055 64 1165 171 0.000121 0
713 265 854 388 0.000121 0
734 354 840 473 0.000121 0
886 277 932 346 0.000121 0
1043 69 1105 149 0.000120 0
111 201 121 226 0.000120 0
432 170 453 206 0.000120 0
621 424 638 440 0.000120 0
318 64 367 127 0.000120 0
1065 339 1122 397 0.000120 0
1031 337 1042 360 0.000120 0
157 187 183 217 0.000119 0
697 444 721 470 0.000119 0
319 64 369 117 0.000119 0
910 373 931 424 0.000119 0
1025 389 1042 427 0.000119 0
19 64 126 189 0.000118 0
146 70 270 241 0.000118 0
89 69 214 213 0.000118 0
1037 355 1128 464 0.000118 0
704 329 720 376 0.000118 0
1262 72 1279 172 0.000118 0
753 309 770 342 0.000118 0
39 67 414 328 0.000117 0
876 384 915 467 0.000117 0
839 266 865 339 0.000117 0
494 407 523 432 0.000117 0
1198 499 1217 535 0.000117 0
911 328 991 390 0.000117 0
0 127 31 326 0.000117 0
274 260 290 295 0.000116 0
1045 484 1082 537 0.000116 0
239 259 256 294 0.000116 0
124 64 517 350 0.000115 0
272 182 313 241 0.000115 0
1057 64 1169 145 0.000114 0
1159 302 1168 330 0.000114 0
816 426 834 452 0.000114 0
1052 392 1068 412 0.000114 0
213 374 240 409 0.000114 0
152 64 269 91 0.000114 0
671 313 697 371 0.000114 0
742 283 757 303 0.000113 0
1124 379 1136 392 0.000113 0
884 392 896 410 0.000113 0
320 64 371 106 0.000113 0
1010 454 1029 488 0.000113 0
1180 472 1211 501 0.000113 0
972 67 1102 244 0.000113 0
1035 276 1060 340 0.000113 0
1062 64 1121 74 0.000113 0
707 331 739 373 0.000113 0
442 183 469 215 0.000112 0
141 636 161 702 0.000112 0
995 298 1011 345 0.000112 0
1016 477 1093 532 0.000112 0
855 281 863 296 0.000112 0
829 281 850 312 0.000112 0
332 193 358 225 0.000112 0
530 64 587 224 0.000112 0
830 431 868 482 0.000112 0
610 653 677 704 0.000112 0
840 236 875 284 0.000111 0
1184 499 1198 540 0.000111 0
1068 70 1104 132 0.000111 0
6 65 412 401 0.000111 0
574 388 593 438 0.000111 0
1137 402 1176 424 0.000110 0
814 332 848 397 0.000110 0
267 239 292 295 0.000110 0
1017 64 1115 190 0.000110 0
1261 100 1279 173 0.000110 0
576 354 609 431 0.000110 0
1 65 233 216 0.000110 0
543 64 594 179 0.000110 0
849 381 943 478 0.000110 0
256 64 369 178 0.000110 0
1263 77 1279 170 0.000110 0
712 421 736 469 0.000109 0
929 322 944 345 0.000109 0
329 241 354 353 0.000109 0
831 592 840 623 0.000109 0
1104 397 1130 435 0.000109 0
1211 412 1250 442 0.000109 0
722 405 772 455 0.000109 0
281 207 297 293 0.000108 0
648 481 655 487 0.000108 0
830 280 850 317 0.000108 0
751 306 768 335 0.000108 0
1062 64 1131 122 0.000108 0
160 64 330 98 0.000108 0
1098 488 1120 535 0.000108 0
904 326 950 361 0.000108 0
898 178 948 215 0.000108 0
1071 497 1081 510 0.000108 0
955 422 993 460 0.000108 0
917 333 966 386 0.000107 0
283 245 297 295 0.000107 0
1052 447 1131 505 0.000107 0
182 391 211 451 0.000107 0
581 278 590 289 0.000107 0
801 425 844 476 0.000107 0
1050 64 1277 293 0.000106 0
828 282 850 314 0.000106 0
1 64 311 229 0.000106 0
1065 330 1122 397 0.000106 0
225 188 247 233 0.000106 0
752 267 838 345 0.000106 0
777 329 847 364 0.000106 0
1018 331 1033 344 0.000106 0
318 64 366 130 0.000106 0
449 373 529 443 0.000105 0
1247 477 1267 520 0.000105 0
862 275 920 344 0.000105 0
704 330 731 376 0.000105 0
1114 206 1137 233 0.000105 0
1183 527 1192 543 0.000105 0
249 69 350 232 0.000105 0
0 377 16 418 0.000105 0
1056 395 1086 426 0.000105 0
1264 64 1279 78 0.000105 0
1183 363 1279 499 0.000104 0
669 316 705 374 0.000104 0
1086 64 1136 127 0.000104 0
703 331 720 376 0.000104 0
334 64 681 209 0.000104 0
1086 401 1134 469 0.000104 0
1170 471 1185 496 0.000104 0
1029 341 1041 363 0.000104 0
1036 221 1090 260 0.000104 0
1038 394 1050 409 0.000104 0
1175 471 1197 479 0.000103 0
456 456 463 462 0.000103 0
273 211 286 233 0.000103 0
1186 497 1222 536 0.000103 0
1020 320 1043 345 0.000103 0
1069 64 1132 129 0.000103 0
943 420 1122 496 0.000102 0
528 265 606 444 0.000102 0
977 316 991 342 0.000102 0
926 284 945 345 0.000102 0
1023 473 1136 536 0.000102 0
320 299 359 390 0.000102 0
1036 480 1098 539 0.000102 0
1038 401 1113 505 0.000102 0
127 257 144 296 0.000102 0
1086 414 1108 440 0.000101 0
310 120 410 195 0.000101 0
1089 420 1103 434 0.000101 0
641 408 672 442 0.000101 0
664 194 676 218 0.000101 0
975 312 991 337 0.000101 0
1049 180 1067 231 0.000101 0
169 64 503 362 0.000101 0
820 404 833 423 0.000101 0
1204 502 1219 517 0.000100 0
733 422 761 457 0.000100 0
1069 437 1168 505 0.000100 0
1119 320 1137 374 0.000100 0
759 254 831 346 0.000100 0
1135 406 1156 424 0.000100 0
791 229 840 280 0.807871 1
995 220 1039 264 0.719123 1
995 221 1035 264 0.613980 1
996 221 1037 263 0.594659 1
995 222 1039 264 0.432360 1
995 222 1034 264 0.413518 1
995 220 1034 264 0.406862 1
1228 297 1279 369 0.354825 1
791 228 843 280 0.326270 1
988 220 1039 264 0.109456 1
1228 297 1279 373 0.092832 1
995 225 1032 264 0.067099 1
1000 219 1033 263 0.057706 1
1229 297 1279 365 0.048855 1
1228 296 1279 435 0.040560 1
791 230 827 279 0.037053 1
1006 222 1038 253 0.024094 1
995 221 1032 264 0.019996 1
1232 298 1279 452 0.018730 1
791 229 823 279 0.018603 1
1199 222 1228 254 0.018587 1
1012 222 1032 251 0.017894 1
1199 224 1221 252 0.017744 1
1230 298 1279 419 0.016316 1
1027 224 1040 249 0.015885 1
1228 296 1279 363 0.015396 1
1199 224 1226 262 0.014678 1
1027 224 1040 249 0.014163 1
1228 298 1268 365 0.013717 1
791 226 841 280 0.013259 1
1183 211 1225 266 0.012910 1
996 223 1040 263 0.012700 1
1198 227 1218 253 0.012616 1
1183 224 1224 265 0.012552 1
1186 203 1221 254 0.012483 1
1008 221 1026 251 0.012409 1
1229 299 1278 369 0.011802 1
1228 297 1274 364 0.011468 1
1184 205 1226 265 0.011157 1
1183 193 1227 264 0.010940 1
1023 276 1279 424 0.010862 1
791 232 817 280 0.010642 1
1027 224 1040 249 0.009741 1
987 235 1012 263 0.008995 1
993 237 1024 263 0.008799 1
792 235 841 280 0.008687 1
1199 223 1227 265 0.008669 1
1020 268 1279 417 0.008433 1
791 229 842 282 0.008181 1
1021 269 1279 438 0.008075 1
791 228 851 281 0.007914 1
1220 296 1279 425 0.007870 1
997 221 1025 260 0.007797 1
1183 184 1227 260 0.007422 1
1230 308 1279 376 0.006932 1
1184 222 1204 253 0.006644 1
1229 297 1279 347 0.006361 1
924 273 961 304 0.006040 1
1182 214 1227 267 0.005694 1
1188 210 1240 266 0.005634 1
923 273 961 300 0.005607 1
791 236 817 279 0.005580 1
925 273 961 303 0.005377 1
1230 296 1279 354 0.005307 1
1184 222 1204 254 0.005025 1
1184 223 1204 262 0.004985 1
1230 299 1279 374 0.004973 1
1240 305 1279 375 0.004804 1
1229 297 1279 350 0.004635 1
986 221 1005 261 0.004559 1
1020 268 1279 482 0.004527 1
752 249 791 282 0.004506 1
1229 304 1276 372 0.004485 1
1228 304 1251 365 0.004432 1
1183 213 1224 266 0.004357 1
1234 296 1279 454 0.004259 1
925 205 947 253 0.004143 1
1198 223 1234 257 0.004134 1
1244 312 1280 376 0.004023 1
984 243 995 257 0.003786 1
929 241 945 253 0.003784 1
767 248 787 280 0.003748 1
1021 206 1279 416 0.003622 1
802 212 828 244 0.003567 1
1228 297 1279 452 0.003552 1
1199 219 1231 255 0.003461 1
982 239 1003 262 0.003455 1
949 274 961 302 0.003423 1
924 273 962 305 0.003421 1
1040 275 1279 454 0.003409 1
1183 223 1205 265 0.003400 1
1228 305 1249 364 0.003214 1
925 228 945 253 0.003094 1
1183 223 1212 265 0.003041 1
971 218 999 257 0.003039 1
836 220 849 239 0.003011 1
997 224 1040 263 0.002916 1
816 241 854 282 0.002870 1
835 217 847 238 0.002815 1
759 249 792 282 0.002713 1
947 273 961 304 0.002688 1
950 274 960 295 0.002673 1
1245 308 1280 400 0.002653 1
792 236 840 282 0.002642 1
1031 223 1056 245 0.002507 1
761 248 786 282 0.002415 1
1145 294 1279 425 0.002308 1
922 203 960 254 0.002296 1
751 251 793 282 0.002279 1
997 220 1011 252 0.002275 1
1260 326 1279 367 0.002136 1
1180 162 1205 218 0.002105 1
950 274 960 293 0.002076 1
814 240 860 283 0.002040 1
791 238 816 280 0.001993 1
816 242 840 282 0.001980 1
790 226 878 282 0.001787 1
1183 227 1203 265 0.001778 1
1229 298 1275 351 0.001742 1
1231 297 1279 330 0.001718 1
1255 327 1279 377 0.001688 1
812 240 845 282 0.001591 1
925 272 962 305 0.001571 1
848 231 856 242 0.001532 1
862 246 923 289 0.001490 1
1183 213 1279 285 0.001409 1
925 273 958 297 0.001362 1
926 243 959 255 0.001360 1
970 232 999 257 0.001347 1
791 232 816 277 0.001257 1
865 261 917 288 0.001256 1
925 274 962 311 0.001248 1
813 238 858 282 0.001243 1
1232 296 1279 333 0.001225 1
800 215 815 230 0.001184 1
817 241 856 282 0.001183 1
923 272 959 295 0.001164 1
1231 298 1278 326 0.001158 1
1263 344 1279 374 0.001153 1
771 248 784 272 0.001151 1
916 269 961 305 0.001144 1
1027 224 1064 249 0.001139 1
17 230 75 256 0.001123 1
791 228 824 277 0.001108 1
911 271 962 309 0.001075 1
860 231 920 291 0.001063 1
22 235 74 257 0.001042 1
817 236 863 283 0.001033 1
46 236 73 256 0.001015 1
865 263 900 285 0.001005 1
1035 210 1055 242 0.001002 1
791 244 815 280 0.000986 1
18 228 73 258 0.000964 1
970 212 1032 258 0.000942 1
916 205 943 250 0.000937 1
862 261 919 296 0.000918 1
46 236 73 256 0.000917 1
800 220 813 233 0.000917 1
864 251 902 286 0.000894 1
20 230 75 256 0.000891 1
1231 313 1263 374 0.000865 1
1206 256 1225 275 0.000862 1
1228 309 1247 364 0.000853 1
772 247 784 270 0.000841 1
31 235 73 256 0.000831 1
864 249 891 283 0.000773 1
1139 291 1280 422 0.000763 1
804 240 843 278 0.000760 1
512 231 539 250 0.000758 1
500 234 541 253 0.000735 1
864 263 898 284 0.000735 1
802 209 835 260 0.000721 1
1044 278 1061 296 0.000709 1
1159 296 1279 369 0.000699 1
756 248 794 280 0.000695 1
46 236 76 257 0.000691 1
1228 314 1251 373 0.000674 1
751 252 794 281 0.000672 1
792 227 816 250 0.000646 1
1199 257 1222 266 0.000638 1
1225 304 1250 364 0.000622 1
925 275 968 312 0.000599 1
859 214 917 278 0.000595 1
1148 295 1279 381 0.000587 1
1173 295 1279 425 0.000584 1
863 242 903 282 0.000579 1
766 247 786 279 0.000577 1
863 262 914 293 0.000538 1
824 231 861 281 0.000525 1
815 239 855 315 0.000520 1
751 251 795 288 0.000490 1
1226 304 1247 364 0.000477 1
816 244 836 289 0.000476 1
922 273 945 308 0.000468 1
893 264 918 294 0.000461 1
36 230 88 256 0.000451 1
1181 253 1228 279 0.000449 1
904 267 927 297 0.000445 1
1044 279 1060 295 0.000443 1
911 269 929 296 0.000443 1
865 229 887 279 0.000442 1
1229 297 1272 325 0.000439 1
1044 278 1066 295 0.000435 1
856 227 878 281 0.000427 1
861 226 919 280 0.000426 1
16 219 71 258 0.000422 1
993 216 1080 265 0.000421 1
36 236 113 262 0.000419 1
922 205 973 254 0.000415 1
789 226 915 287 0.000414 1
791 232 840 281 0.000410 1
332 236 352 255 0.000409 1
924 273 944 295 0.000404 1
19 223 74 256 0.000401 1
857 261 911 300 0.000401 1
786 221 895 281 0.000397 1
335 237 352 255 0.000392 1
757 240 844 345 0.000390 1
822 230 853 262 0.000380 1
1016 224 1070 263 0.000376 1
923 271 944 295 0.000371 1
1224 300 1253 365 0.000371 1
1022 275 1061 332 0.000370 1
762 251 793 285 0.000363 1
821 238 853 275 0.000355 1
816 237 843 272 0.000352 1
750 220 855 281 0.000351 1
915 210 946 254 0.000347 1
831 229 874 282 0.000345 1
1230 284 1279 326 0.000342 1
764 248 794 283 0.000340 1
103 239 157 264 0.000339 1
891 206 1047 282 0.000339 1
894 263 919 301 0.000338 1
894 266 913 297 0.000337 1
895 266 910 287 0.000333 1
943 274 968 305 0.000329 1
751 250 843 287 0.000325 1
927 282 945 312 0.000323 1
925 276 944 312 0.000313 1
200 232 243 264 0.000304 1
815 247 833 287 0.000301 1
948 274 967 304 0.000296 1
972 237 1003 262 0.000291 1
910 270 927 296 0.000289 1
911 271 927 296 0.000289 1
114 236 197 263 0.000285 1
1191 308 1262 422 0.000279 1
907 241 945 296 0.000278 1
864 235 918 292 0.000276 1
21 223 87 255 0.000276 1
1180 248 1279 371 0.000274 1
890 255 928 296 0.000271 1
778 226 845 325 0.000270 1
856 242 896 285 0.000268 1
1169 255 1279 294 0.000263 1
767 235 817 282 0.000262 1
196 221 245 264 0.000259 1
15 219 45 254 0.000254 1
1212 297 1275 356 0.000252 1
894 227 947 299 0.000249 1
928 275 967 313 0.000249 1
768 246 800 282 0.000248 1
832 230 859 280 0.000246 1
859 210 887 278 0.000245 1
791 228 862 282 0.000244 1
914 219 1068 305 0.000244 1
1055 285 1279 497 0.000242 1
1026 277 1062 327 0.000241 1
334 237 352 256 0.000241 1
763 250 793 288 0.000240 1
894 262 915 290 0.000240 1
125 235 195 262 0.000240 1
865 196 978 257 0.000228 1
960 213 1084 312 0.000227 1
34 236 87 265 0.000227 1
1231 296 1277 323 0.000224 1
334 237 352 255 0.000222 1
854 223 870 274 0.000220 1
1223 302 1248 371 0.000219 1
751 228 842 289 0.000211 1
855 248 973 317 0.000209 1
104 247 155 264 0.000201 1
912 243 983 300 0.000201 1
190 226 244 264 0.000194 1
26 235 78 264 0.000194 1
919 238 946 296 0.000190 1
903 267 1042 311 0.000187 1
789 231 804 239 0.000179 1
1174 163 1208 219 0.000176 1
980 211 1084 302 0.000174 1
928 274 996 313 0.000173 1
1024 276 1064 296 0.000171 1
1107 206 1227 270 0.000170 1
885 258 1074 308 0.000169 1
810 224 841 278 0.000165 1
895 263 909 287 0.000165 1
1224 300 1257 362 0.000163 1
197 208 240 261 0.000160 1
28 224 95 246 0.000159 1
38 238 93 265 0.000155 1
913 271 1003 315 0.000155 1
212 245 242 264 0.000152 1
911 271 928 298 0.000150 1
817 240 858 316 0.000149 1
844 228 863 252 0.000148 1
868 231 932 297 0.000147 1
851 199 1002 304 0.000146 1
902 202 938 250 0.000145 1
1008 227 1070 263 0.000145 1
846 271 1017 350 0.000140 1
847 261 993 334 0.000138 1
990 217 1094 274 0.000134 1
834 267 1014 349 0.000133 1
216 234 242 263 0.000122 1
856 192 1000 309 0.000122 1
1022 279 1043 326 0.000121 1
926 287 939 312 0.000116 1
841 255 906 302 0.000115 1
188 241 243 264 0.000110 1
1017 247 1071 297 0.000106 1
1022 278 1047 331 0.000105 1
1017 231 1124 340 0.000102 1
691 203 728 236 0.124777 2
1247 212 1279 301 0.062326 2
305 186 322 198 0.048934 2
305 187 321 198 0.046034 2
691 200 729 235 0.045346 2
691 203 728 235 0.035233 2
305 186 322 198 0.029429 2
532 204 549 218 0.023361 2
691 198 731 235 0.021832 2
692 198 731 234 0.019992 2
1118 487 1136 498 0.017404 2
691 196 732 234 0.016579 2
1104 487 1113 495 0.016473 2
690 206 728 235 0.016468 2
1118 487 1136 497 0.014813 2
608 198 647 215 0.013806 2
531 196 553 218 0.013592 2
591 195 649 215 0.013589 2
319 204 331 231 0.013578 2
1104 487 1132 497 0.013405 2
631 374 658 396 0.012795 2
877 198 954 245 0.011756 2
529 202 547 217 0.011646 2
605 200 647 215 0.011573 2
631 374 657 396 0.010563 2
631 374 658 397 0.010510 2
1120 64 1152 77 0.010401 2
1023 272 1279 421 0.010307 2
534 201 553 218 0.010268 2
630 373 658 396 0.010195 2
822 328 848 344 0.010064 2
632 202 648 216 0.009937 2
1021 269 1279 428 0.009790 2
1247 219 1279 302 0.009604 2
484 199 516 217 0.009375 2
1260 206 1279 234 0.009011 2
875 198 951 244 0.008987 2
821 328 848 344 0.008968 2
631 375 658 397 0.008806 2
876 198 944 243 0.008752 2
1247 221 1279 301 0.008709 2
534 203 549 218 0.008436 2
824 328 848 344 0.008067 2
1038 324 1086 345 0.007654 2
691 202 731 236 0.007626 2
608 199 646 215 0.007300 2
847 463 866 479 0.006740 2
700 208 728 234 0.006734 2
481 181 518 217 0.006689 2
878 199 952 246 0.006649 2
1120 64 1152 78 0.006606 2
1246 227 1279 299 0.006520 2
848 464 866 479 0.006368 2
1260 202 1279 230 0.006331 2
531 198 554 218 0.006313 2
1121 64 1152 78 0.006106 2
642 688 672 703 0.005956 2
485 204 515 217 0.005916 2
1065 213 1127 246 0.005912 2
631 376 657 397 0.005803 2
1103 487 1137 505 0.005704 2
294 178 312 198 0.005677 2
877 198 928 236 0.005667 2
1023 160 1279 373 0.005535 2
1061 214 1126 245 0.005506 2
481 195 517 217 0.005429 2
491 199 507 214 0.005423 2
318 202 334 231 0.005230 2
872 195 952 237 0.005197 2
1020 175 1279 407 0.005007 2
532 195 553 217 0.005003 2
1039 326 1086 345 0.004993 2
494 199 515 214 0.004895 2
704 209 728 235 0.004847 2
518 192 554 217 0.004717 2
1247 250 1279 301 0.004666 2
1246 249 1279 300 0.004583 2
1021 271 1279 452 0.004579 2
1112 218 1135 241 0.004559 2
495 238 532 252 0.004518 2
715 199 736 216 0.004469 2
1260 205 1279 257 0.004367 2
1112 218 1134 246 0.004229 2
1104 487 1137 506 0.004188 2
1064 209 1127 246 0.004017 2
1112 218 1136 245 0.003978 2
1067 210 1128 246 0.003977 2
1059 216 1095 245 0.003897 2
1189 205 1280 291 0.003862 2
847 438 868 452 0.003860 2
871 198 926 238 0.003821 2
879 198 907 242 0.003804 2
593 194 645 215 0.003797 2
1024 271 1279 361 0.003769 2
1252 200 1279 234 0.003653 2
880 199 909 242 0.003544 2
1039 326 1088 345 0.003489 2
1112 218 1163 248 0.003454 2
847 463 865 478 0.003317 2
631 375 658 398 0.003228 2
1247 228 1279 306 0.003009 2
357 218 369 231 0.002905 2
496 238 531 252 0.002893 2
101 398 179 424 0.002819 2
849 438 874 454 0.002786 2
1252 209 1278 233 0.002785 2
1055 488 1067 498 0.002761 2
306 184 335 199 0.002737 2
95 399 181 425 0.002735 2
1267 199 1279 220 0.002734 2
607 448 624 470 0.002693 2
294 178 306 196 0.002656 2
832 479 840 487 0.002625 2
1035 324 1088 345 0.002605 2
1027 267 1280 357 0.002600 2
1113 216 1133 231 0.002547 2
1247 422 1279 456 0.002522 2
1270 345 1279 359 0.002484 2
885 199 907 242 0.002474 2
1264 365 1279 376 0.002470 2
655 440 703 463 0.002449 2
971 214 993 251 0.002438 2
1189 187 1278 271 0.002425 2
1022 211 1279 388 0.002394 2
665 450 689 464 0.002390 2
1263 362 1279 415 0.002334 2
1112 216 1133 235 0.002322 2
1119 64 1151 77 0.002317 2
1065 212 1096 244 0.002235 2
1113 216 1136 238 0.002219 2
847 440 868 455 0.002212 2
1188 205 1280 312 0.002175 2
971 207 1004 254 0.002163 2
873 200 908 243 0.002136 2
292 175 318 198 0.002094 2
1090 216 1129 247 0.002089 2
882 200 991 254 0.002045 2
1110 222 1139 248 0.002024 2
1067 214 1126 247 0.002001 2
1261 198 1279 229 0.001994 2
1140 292 1279 421 0.001986 2
915 472 928 483 0.001984 2
588 192 612 214 0.001941 2
1259 352 1279 415 0.001935 2
111 399 174 426 0.001930 2
562 201 577 215 0.001920 2
691 195 726 235 0.001901 2
848 437 877 455 0.001874 2
495 237 543 252 0.001873 2
879 199 906 243 0.001834 2
1022 287 1276 359 0.001814 2
496 235 541 252 0.001802 2
111 411 140 425 0.001782 2
1262 350 1279 380 0.001768 2
677 217 693 233 0.001728 2
552 176 580 203 0.001723 2
847 463 872 478 0.001713 2
1054 218 1092 244 0.001712 2
526 187 552 215 0.001710 2
356 216 369 231 0.001704 2
1246 253 1279 298 0.001703 2
111 400 143 426 0.001692 2
1070 212 1133 246 0.001691 2
912 472 928 486 0.001681 2
821 328 848 345 0.001678 2
1070 213 1095 237 0.001643 2
971 210 990 248 0.001637 2
1029 263 1280 355 0.001634 2
876 195 955 233 0.001632 2
1262 361 1279 424 0.001632 2
607 447 624 469 0.001611 2
640 262 1090 377 0.001609 2
1102 223 1120 248 0.001598 2
1019 274 1275 359 0.001585 2
111 410 144 426 0.001569 2
1206 254 1226 268 0.001560 2
1263 362 1279 424 0.001559 2
1067 210 1130 245 0.001552 2
111 411 143 426 0.001549 2
882 199 907 243 0.001545 2
1055 487 1082 502 0.001536 2
832 469 841 486 0.001525 2
495 434 528 449 0.001509 2
907 198 952 246 0.001507 2
1045 219 1084 245 0.001502 2
496 435 528 449 0.001496 2
1149 328 1171 344 0.001491 2
589 448 609 465 0.001459 2
592 448 608 457 0.001457 2
1069 213 1102 235 0.001450 2
1025 293 1277 360 0.001442 2
479 180 524 217 0.001423 2
1197 223 1244 268 0.001421 2
1103 487 1117 496 0.001420 2
1051 216 1068 234 0.001414 2
480 174 518 217 0.001397 2
88 398 187 424 0.001372 2
591 448 608 458 0.001368 2
878 200 905 241 0.001367 2
889 199 913 243 0.001366 2
655 439 703 464 0.001339 2
1246 422 1279 460 0.001336 2
917 205 987 255 0.001336 2
1250 211 1277 238 0.001332 2
857 442 912 481 0.001326 2
656 448 689 464 0.001323 2
634 205 654 216 0.001318 2
1045 520 1068 529 0.001317 2
190 392 223 415 0.001316 2
1119 64 1150 77 0.001313 2
915 203 983 254 0.001291 2
495 432 527 448 0.001289 2
1101 487 1138 510 0.001273 2
1247 419 1279 458 0.001272 2
107 400 177 424 0.001258 2
274 184 294 193 0.001251 2
1258 481 1279 517 0.001247 2
551 171 578 215 0.001237 2
856 454 914 484 0.001232 2
1194 223 1263 266 0.001231 2
619 192 656 215 0.001229 2
589 198 649 217 0.001209 2
607 449 624 470 0.001203 2
654 439 703 464 0.001202 2
189 392 223 416 0.001186 2
1252 198 1279 233 0.001185 2
1023 484 1049 498 0.001183 2
1192 202 1271 265 0.001182 2
1250 480 1279 518 0.001135 2
109 402 143 425 0.001134 2
0 394 16 422 0.001119 2
1020 278 1274 358 0.001101 2
961 207 992 252 0.001100 2
1039 323 1057 343 0.001095 2
1204 255 1225 269 0.001094 2
630 375 653 396 0.001084 2
745 439 809 454 0.001070 2
1039 326 1057 345 0.001070 2
592 448 608 470 0.001070 2
972 206 991 235 0.001068 2
1026 310 1089 340 0.001065 2
1206 256 1225 275 0.001058 2
591 425 606 433 0.001054 2
1072 217 1093 238 0.001051 2
876 199 906 240 0.001048 2
1167 273 1203 283 0.001031 2
1204 247 1243 270 0.001016 2
506 436 528 449 0.001013 2
273 182 312 198 0.001012 2
328 199 387 233 0.001008 2
496 238 532 253 0.001007 2
1113 218 1189 247 0.001001 2
1200 499 1235 513 0.001000 2
645 455 655 461 0.000999 2
100 398 184 424 0.000997 2
496 232 544 253 0.000994 2
786 328 849 345 0.000993 2
810 158 857 179 0.000990 2
0 392 16 420 0.000988 2
123 411 144 425 0.000987 2
596 424 609 435 0.000987 2
0 397 16 422 0.000972 2
1023 487 1039 496 0.000963 2
1201 359 1265 429 0.000962 2
1066 187 1139 244 0.000958 2
1112 216 1180 247 0.000943 2
866 177 941 203 0.000943 2
273 182 316 199 0.000934 2
860 460 910 486 0.000934 2
319 200 355 235 0.000933 2
746 199 769 218 0.000932 2
961 205 987 238 0.000927 2
632 373 661 397 0.000927 2
599 463 608 471 0.000919 2
1206 217 1277 266 0.000912 2
1067 200 1133 246 0.000912 2
495 429 528 448 0.000901 2
655 451 670 463 0.000901 2
495 431 528 448 0.000893 2
905 199 941 247 0.000891 2
1263 361 1279 426 0.000888 2
689 198 800 236 0.000888 2
655 448 678 462 0.000885 2
1192 357 1262 424 0.000865 2
533 201 553 221 0.000865 2
298 198 385 237 0.000865 2
437 193 454 206 0.000862 2
916 198 954 227 0.000860 2
641 687 680 703 0.000859 2
660 448 694 463 0.000856 2
582 447 592 458 0.000852 2
297 200 332 232 0.000831 2
1255 485 1267 498 0.000830 2
560 201 590 216 0.000825 2
1201 339 1272 425 0.000820 2
1167 273 1218 285 0.000816 2
1103 230 1119 248 0.000813 2
969 211 991 252 0.000813 2
1262 482 1279 518 0.000813 2
930 199 954 210 0.000812 2
1065 190 1128 245 0.000808 2
1042 520 1070 529 0.000806 2
654 439 704 462 0.000804 2
157 416 167 423 0.000793 2
629 367 658 397 0.000793 2
1016 336 1024 344 0.000790 2
525 428 590 439 0.000789 2
1192 361 1259 427 0.000788 2
861 452 913 486 0.000784 2
93 397 192 423 0.000769 2
601 362 624 377 0.000756 2
500 238 529 251 0.000751 2
1259 481 1279 518 0.000750 2
353 215 369 231 0.000747 2
1167 328 1191 339 0.000740 2
191 392 223 412 0.000739 2
353 205 375 231 0.000734 2
1039 322 1056 335 0.000733 2
1104 186 1121 202 0.000732 2
870 201 907 244 0.000728 2
1141 326 1170 344 0.000711 2
348 198 388 228 0.000710 2
0 401 16 422 0.000709 2
1038 321 1054 335 0.000706 2
620 193 649 215 0.000706 2
1190 495 1235 513 0.000705 2
705 301 768 337 0.000701 2
641 681 680 703 0.000698 2
1024 272 1138 341 0.000698 2
610 188 649 215 0.000697 2
323 200 355 238 0.000694 2
911 447 927 458 0.000691 2
677 212 692 232 0.000688 2
294 176 309 198 0.000683 2
867 441 912 482 0.000675 2
175 401 193 418 0.000674 2
1051 271 1279 361 0.000672 2
1264 362 1279 430 0.000669 2
298 200 332 232 0.000667 2
1258 424 1279 456 0.000664 2
1165 259 1247 286 0.000662 2
640 235 985 374 0.000659 2
894 473 912 486 0.000655 2
208 396 223 414 0.000654 2
912 455 927 463 0.000645 2
1073 216 1097 234 0.000643 2
483 426 529 448 0.000638 2
448 401 509 444 0.000638 2
1204 249 1246 280 0.000636 2
901 198 954 235 0.000635 2
1176 495 1184 503 0.000633 2
1195 333 1265 425 0.000626 2
583 452 592 461 0.000617 2
660 445 700 464 0.000617 2
461 419 497 445 0.000613 2
1035 483 1056 498 0.000611 2
589 448 609 471 0.000611 2
1251 423 1279 456 0.000610 2
500 236 544 253 0.000605 2
111 397 179 425 0.000604 2
100 396 188 422 0.000602 2
127 400 177 423 0.000598 2
461 419 498 440 0.000598 2
462 426 483 441 0.000595 2
495 238 533 253 0.000595 2
1037 326 1087 353 0.000593 2
1224 215 1279 267 0.000585 2
1220 501 1234 512 0.000582 2
1262 168 1279 180 0.000580 2
688 202 803 237 0.000578 2
1210 226 1275 266 0.000577 2
1201 241 1280 292 0.000569 2
294 199 388 251 0.000569 2
863 335 882 343 0.000568 2
1263 509 1279 518 0.000563 2
1201 364 1258 428 0.000561 2
750 200 769 225 0.000561 2
1054 213 1090 243 0.000550 2
455 413 498 442 0.000548 2
558 190 588 216 0.000546 2
802 326 848 344 0.000545 2
0 405 16 422 0.000541 2
1052 261 1280 357 0.000538 2
1150 236 1171 247 0.000537 2
703 200 736 234 0.000537 2
705 302 768 339 0.000534 2
1199 245 1269 284 0.000531 2
920 204 978 254 0.000528 2
1036 325 1088 344 0.000521 2
448 396 509 444 0.000521 2
1184 502 1200 512 0.000517 2
894 473 922 487 0.000516 2
844 425 879 454 0.000513 2
354 203 384 231 0.000509 2
1104 294 1278 363 0.000509 2
1204 254 1278 290 0.000503 2
653 438 704 462 0.000503 2
638 456 655 462 0.000501 2
1167 274 1215 285 0.000499 2
1167 273 1226 285 0.000497 2
495 228 532 251 0.000495 2
206 396 223 415 0.000490 2
555 197 614 216 0.000490 2
670 455 689 471 0.000489 2
1142 311 1279 425 0.000486 2
1170 328 1191 339 0.000485 2
589 448 618 469 0.000485 2
503 313 529 336 0.000485 2
457 429 481 441 0.000484 2
915 205 988 256 0.000484 2
678 450 704 467 0.000483 2
925 455 936 463 0.000477 2
1200 252 1259 287 0.000477 2
694 214 728 237 0.000476 2
1249 479 1280 516 0.000475 2
575 447 590 457 0.000471 2
1108 470 1122 479 0.000470 2
18 393 327 474 0.000470 2
0 395 35 422 0.000470 2
1024 481 1056 498 0.000468 2
1072 195 1094 210 0.000466 2
604 359 624 377 0.000461 2
1167 272 1263 286 0.000458 2
300 186 327 234 0.000457 2
518 428 588 439 0.000456 2
349 198 387 228 0.000455 2
489 426 590 439 0.000452 2
504 318 514 335 0.000450 2
1069 195 1092 213 0.000449 2
311 183 337 196 0.000440 2
734 437 917 482 0.000440 2
686 453 704 468 0.000439 2
437 193 453 207 0.000437 2
1184 359 1229 420 0.000436 2
678 439 721 470 0.000435 2
631 373 679 398 0.000434 2
1022 272 1208 344 0.000433 2
1168 274 1223 285 0.000432 2
107 395 202 421 0.000430 2
307 186 332 231 0.000428 2
1167 274 1205 285 0.000427 2
1167 274 1206 284 0.000417 2
527 175 581 218 0.000416 2
302 200 332 232 0.000414 2
58 393 329 476 0.000413 2
821 467 832 477 0.000411 2
917 204 980 255 0.000410 2
1226 220 1278 278 0.000409 2
1120 323 1165 343 0.000405 2
1069 197 1098 239 0.000403 2
1203 232 1245 267 0.000403 2
496 423 587 439 0.000402 2
913 201 976 253 0.000402 2
1148 328 1195 359 0.000401 2
1097 207 1133 234 0.000399 2
103 248 150 264 0.000398 2
865 185 908 241 0.000397 2
1149 471 1164 479 0.000395 2
1038 324 1073 346 0.000391 2
599 319 608 328 0.000391 2
31 393 224 423 0.000386 2
655 439 704 462 0.000378 2
865 176 940 203 0.000377 2
640 185 1077 380 0.000373 2
521 233 544 253 0.000372 2
1138 295 1272 411 0.000368 2
1023 273 1138 343 0.000368 2
173 398 194 417 0.000367 2
0 392 36 422 0.000367 2
125 395 202 420 0.000365 2
871 177 940 200 0.000362 2
304 179 323 198 0.000362 2
750 200 769 232 0.000361 2
1085 182 1124 210 0.000361 2
595 362 624 377 0.000360 2
671 451 705 471 0.000359 2
1168 264 1258 287 0.000356 2
152 415 167 424 0.000356 2
943 456 963 464 0.000353 2
671 452 695 471 0.000353 2
1205 236 1275 272 0.000352 2
1204 246 1243 270 0.000351 2
956 205 985 246 0.000351 2
866 175 940 202 0.000350 2
1033 203 1118 244 0.000348 2
944 207 984 253 0.000348 2
714 186 729 215 0.000348 2
36 401 148 428 0.000348 2
1192 258 1263 289 0.000347 2
629 361 659 398 0.000345 2
510 427 590 439 0.000343 2
1110 487 1152 502 0.000343 2
944 327 977 344 0.000342 2
0 391 16 414 0.000339 2
696 183 736 222 0.000339 2
156 405 176 424 0.000339 2
574 450 592 462 0.000338 2
1249 480 1280 518 0.000338 2
1023 305 1097 339 0.000337 2
849 181 866 221 0.000337 2
493 424 592 455 0.000335 2
493 424 590 439 0.000334 2
962 196 1005 233 0.000333 2
1066 194 1097 246 0.000332 2
1120 64 1166 77 0.000330 2
1118 323 1171 344 0.000324 2
1035 310 1137 344 0.000324 2
921 202 977 253 0.000322 2
1147 327 1198 360 0.000321 2
449 415 491 442 0.000320 2
0 399 31 422 0.000317 2
293 176 312 198 0.000316 2
706 302 768 338 0.000315 2
150 392 220 418 0.000315 2
1198 255 1267 286 0.000313 2
832 459 843 478 0.000312 2
25 400 174 425 0.000311 2
603 358 624 375 0.000309 2
683 439 722 470 0.000308 2
624 374 638 388 0.000307 2
1225 162 1279 182 0.000304 2
147 397 193 424 0.000304 2
104 247 153 264 0.000300 2
833 432 848 453 0.000299 2
1095 207 1138 234 0.000298 2
1263 168 1279 180 0.000298 2
175 402 193 419 0.000297 2
493 426 592 456 0.000297 2
519 424 590 439 0.000296 2
866 217 881 242 0.000296 2
448 399 492 445 0.000296 2
1059 317 1139 344 0.000291 2
461 409 530 442 0.000288 2
688 459 704 470 0.000288 2
360 408 368 415 0.000287 2
245 411 264 424 0.000287 2
1101 487 1154 507 0.000286 2
665 440 704 467 0.000285 2
1256 480 1279 518 0.000284 2
710 301 769 336 0.000284 2
869 176 938 194 0.000283 2
1262 467 1279 501 0.000280 2
1191 421 1251 456 0.000280 2
1167 258 1274 289 0.000279 2
1023 271 1169 342 0.000278 2
642 677 680 703 0.000278 2
460 413 522 439 0.000277 2
333 202 354 241 0.000276 2
899 274 1174 379 0.000271 2
1023 274 1134 343 0.000271 2
1263 168 1279 215 0.000271 2
945 327 974 343 0.000270 2
1205 256 1226 279 0.000270 2
462 423 497 447 0.000270 2
1263 462 1279 478 0.000270 2
1203 256 1226 280 0.000269 2
479 187 505 216 0.000268 2
1148 342 1195 360 0.000268 2
912 180 947 202 0.000266 2
1194 356 1279 458 0.000266 2
348 199 386 232 0.000265 2
1196 261 1275 290 0.000264 2
490 421 590 451 0.000264 2
503 312 526 336 0.000263 2
720 199 771 234 0.000263 2
495 407 507 422 0.000263 2
507 427 592 456 0.000262 2
1188 259 1261 288 0.000261 2
111 397 143 425 0.000261 2
508 239 544 253 0.000256 2
1200 254 1280 316 0.000255 2
1262 168 1279 213 0.000255 2
495 423 579 446 0.000254 2
1067 188 1130 247 0.000253 2
1022 480 1042 496 0.000253 2
305 186 324 201 0.000252 2
103 248 146 264 0.000251 2
1021 295 1271 391 0.000250 2
1092 440 1121 472 0.000250 2
817 455 832 470 0.000250 2
1154 471 1168 479 0.000249 2
270 392 288 401 0.000247 2
913 277 1022 383 0.000246 2
1204 436 1250 456 0.000245 2
1139 333 1273 424 0.000245 2
1166 213 1193 247 0.000244 2
652 197 665 215 0.000244 2
1167 263 1196 270 0.000243 2
594 373 705 464 0.000243 2
706 202 736 234 0.000240 2
930 277 1036 312 0.000240 2
655 427 698 442 0.000239 2
503 314 528 335 0.000239 2
733 274 928 346 0.000239 2
273 184 298 202 0.000239 2
923 205 975 255 0.000237 2
111 408 144 440 0.000236 2
1135 298 1248 346 0.000236 2
992 292 1008 312 0.000235 2
827 264 851 312 0.000234 2
41 393 330 476 0.000234 2
958 482 969 487 0.000233 2
1163 496 1184 506 0.000231 2
1071 326 1088 341 0.000230 2
933 289 1001 317 0.000230 2
828 283 850 312 0.000228 2
0 395 49 422 0.000227 2
333 199 355 238 0.000223 2
1029 319 1059 344 0.000222 2
991 286 1008 312 0.000222 2
830 417 847 427 0.000221 2
705 302 765 341 0.000221 2
454 406 508 443 0.000219 2
1164 270 1264 328 0.000218 2
525 424 587 438 0.000218 2
869 177 952 220 0.000216 2
1038 325 1084 360 0.000215 2
1162 269 1271 331 0.000215 2
991 290 1008 313 0.000215 2
910 276 1026 380 0.000214 2
103 250 135 264 0.000213 2
923 277 1004 329 0.000213 2
1150 265 1262 347 0.000212 2
503 313 514 335 0.000212 2
20 200 36 206 0.000212 2
491 423 591 454 0.000212 2
1129 270 1280 365 0.000210 2
1030 310 1091 339 0.000209 2
934 284 1011 312 0.000208 2
0 396 55 422 0.000207 2
1148 296 1259 345 0.000207 2
314 200 333 272 0.000206 2
1263 506 1279 519 0.000206 2
1076 330 1121 344 0.000206 2
1176 414 1253 454 0.000206 2
484 408 528 441 0.000206 2
1264 428 1279 459 0.000205 2
39 399 156 425 0.000205 2
915 272 1017 316 0.000203 2
459 424 496 447 0.000202 2
655 426 701 447 0.000202 2
1017 286 1271 404 0.000201 2
917 275 1023 359 0.000201 2
630 383 696 428 0.000200 2
0 395 17 422 0.000199 2
962 198 990 220 0.000199 2
931 280 1002 346 0.000198 2
258 392 288 403 0.000198 2
623 374 656 394 0.000197 2
1022 308 1093 338 0.000197 2
1148 327 1258 370 0.000196 2
1259 480 1279 506 0.000195 2
1040 459 1058 471 0.000193 2
926 281 1004 313 0.000193 2
903 272 1193 358 0.000193 2
1022 277 1151 344 0.000193 2
15 514 43 527 0.000192 2
1166 349 1275 424 0.000191 2
629 366 657 397 0.000191 2
1037 311 1122 339 0.000190 2
598 360 624 379 0.000190 2
1167 273 1209 285 0.000190 2
1120 374 1136 386 0.000189 2
1133 299 1242 345 0.000188 2
1174 235 1279 299 0.000188 2
1119 64 1168 81 0.000188 2
1183 353 1246 400 0.000188 2
595 360 625 391 0.000187 2
654 424 701 445 0.000187 2
576 201 660 224 0.000186 2
1030 323 1089 378 0.000186 2
694 201 807 236 0.000186 2
956 283 1008 312 0.000186 2
910 179 938 200 0.000185 2
322 405 399 472 0.000185 2
1224 161 1278 181 0.000184 2
349 417 384 467 0.000183 2
0 242 318 404 0.000182 2
1161 328 1196 359 0.000181 2
1263 168 1279 233 0.000180 2
1149 298 1256 347 0.000179 2
905 88 944 119 0.000179 2
635 392 690 438 0.000178 2
448 396 493 444 0.000177 2
1102 396 1125 408 0.000177 2
1151 314 1251 364 0.000177 2
1042 518 1071 533 0.000177 2
703 439 721 459 0.000177 2
1035 304 1148 338 0.000177 2
623 405 673 424 0.000177 2
607 455 639 471 0.000177 2
0 392 85 423 0.000176 2
111 409 144 439 0.000176 2
1207 438 1250 455 0.000176 2
503 308 529 336 0.000174 2
1037 326 1088 359 0.000174 2
1022 276 1136 345 0.000174 2
449 423 482 443 0.000173 2
174 394 216 419 0.000172 2
518 428 592 457 0.000169 2
24 398 121 423 0.000167 2
233 408 265 425 0.000165 2
448 411 484 443 0.000164 2
31 435 120 470 0.000164 2
330 405 385 464 0.000163 2
451 393 514 438 0.000163 2
934 286 1007 312 0.000162 2
1142 295 1248 344 0.000162 2
288 176 313 198 0.000161 2
404 401 431 412 0.000159 2
589 200 660 226 0.000159 2
493 413 532 445 0.000159 2
1204 436 1246 456 0.000158 2
33 436 124 470 0.000157 2
1146 341 1196 394 0.000157 2
598 359 624 391 0.000157 2
1137 292 1280 370 0.000156 2
1119 375 1136 385 0.000156 2
573 186 668 232 0.000156 2
733 227 948 344 0.000156 2
396 454 416 465 0.000156 2
345 406 385 462 0.000155 2
877 277 1022 384 0.000155 2
936 289 1002 345 0.000154 2
1023 275 1108 341 0.000154 2
14 398 144 424 0.000154 2
944 338 995 395 0.000153 2
942 326 978 344 0.000153 2
0 393 103 423 0.000152 2
942 277 1038 311 0.000151 2
1132 299 1250 351 0.000151 2
468 427 498 450 0.000151 2
631 374 698 413 0.000150 2
722 273 979 343 0.000149 2
508 403 587 436 0.000149 2
1176 227 1279 371 0.000148 2
1150 327 1239 362 0.000147 2
0 249 16 287 0.000147 2
974 299 992 312 0.000147 2
912 471 937 484 0.000147 2
653 421 704 463 0.000146 2
1145 361 1279 458 0.000146 2
464 391 481 400 0.000146 2
586 371 704 462 0.000146 2
1176 471 1254 516 0.000145 2
1024 320 1058 343 0.000145 2
1198 301 1255 317 0.000145 2
1160 300 1250 359 0.000144 2
601 322 661 374 0.000144 2
494 407 517 426 0.000144 2
604 339 660 383 0.000144 2
344 197 388 226 0.000143 2
0 255 16 283 0.000143 2
1096 183 1144 219 0.000143 2
328 205 371 273 0.000143 2
155 400 196 424 0.000142 2
1136 300 1244 348 0.000142 2
905 279 1022 405 0.000142 2
1023 309 1095 337 0.000142 2
1057 251 1280 301 0.000142 2
1137 310 1271 423 0.000142 2
824 328 856 344 0.000142 2
946 338 996 377 0.000141 2
748 238 932 338 0.000141 2
993 359 1025 408 0.000141 2
49 402 143 425 0.000141 2
338 413 384 471 0.000140 2
1162 267 1248 347 0.000140 2
913 273 1135 361 0.000140 2
1024 320 1056 334 0.000140 2
1252 504 1273 518 0.000139 2
941 278 1010 313 0.000139 2
1020 187 1097 246 0.000139 2
177 393 224 423 0.000138 2
923 277 1026 310 0.000137 2
972 296 999 312 0.000137 2
525 434 593 458 0.000137 2
1168 407 1212 424 0.000136 2
380 453 416 472 0.000136 2
1161 501 1184 511 0.000135 2
907 267 1168 348 0.000134 2
121 410 144 439 0.000134 2
832 464 848 481 0.000133 2
585 420 627 471 0.000133 2
1023 484 1058 502 0.000132 2
585 424 610 442 0.000132 2
1197 296 1276 351 0.000132 2
146 392 241 419 0.000132 2
328 420 384 473 0.000131 2
944 326 977 344 0.000131 2
1021 282 1129 347 0.000131 2
1202 298 1273 314 0.000130 2
1180 297 1261 348 0.000130 2
30 399 158 424 0.000130 2
0 232 260 304 0.000130 2
1212 255 1280 330 0.000130 2
1199 295 1280 332 0.000129 2
902 252 1176 343 0.000129 2
449 386 527 444 0.000129 2
15 513 44 526 0.000129 2
450 389 519 437 0.000128 2
58 405 146 442 0.000128 2
1128 252 1280 363 0.000128 2
639 389 690 426 0.000127 2
628 370 654 396 0.000127 2
1229 295 1274 322 0.000127 2
507 191 670 220 0.000127 2
1030 309 1132 336 0.000127 2
864 204 911 257 0.000127 2
877 275 1019 350 0.000127 2
953 422 993 455 0.000126 2
627 372 703 428 0.000126 2
658 422 688 438 0.000125 2
346 423 385 472 0.000125 2
604 373 705 464 0.000125 2
15 513 43 526 0.000124 2
637 404 672 425 0.000124 2
934 278 1060 314 0.000124 2
1152 675 1167 683 0.000124 2
952 417 993 456 0.000124 2
832 461 848 477 0.000124 2
525 432 592 457 0.000124 2
590 417 624 435 0.000122 2
324 405 403 472 0.000122 2
1193 259 1279 332 0.000121 2
1022 276 1060 337 0.000121 2
656 449 678 471 0.000120 2
1263 468 1279 497 0.000120 2
992 291 1024 313 0.000119 2
330 406 391 467 0.000119 2
495 435 528 453 0.000119 2
0 399 48 422 0.000119 2
894 176 943 197 0.000118 2
1163 409 1255 457 0.000118 2
861 263 916 346 0.000118 2
603 199 651 227 0.000118 2
47 514 62 529 0.000117 2
381 392 455 428 0.000117 2
866 265 918 308 0.000117 2
320 408 341 413 0.000117 2
951 175 995 216 0.000117 2
939 296 994 345 0.000116 2
22 394 121 423 0.000116 2
1 398 87 423 0.000115 2
27 396 157 423 0.000114 2
520 393 595 439 0.000114 2
266 182 322 239 0.000114 2
1138 307 1198 345 0.000113 2
447 423 471 445 0.000113 2
714 302 766 336 0.000113 2
925 182 956 204 0.000112 2
1020 319 1066 349 0.000112 2
352 419 384 471 0.000112 2
630 407 664 425 0.000112 2
1153 305 1238 360 0.000112 2
1193 259 1280 333 0.000111 2
1186 498 1238 518 0.000111 2
921 273 1122 374 0.000111 2
14 513 40 523 0.000111 2
1199 289 1280 321 0.000111 2
611 451 653 467 0.000111 2
448 393 499 434 0.000110 2
864 271 914 314 0.000110 2
458 407 521 442 0.000109 2
1022 275 1123 339 0.000109 2
1152 412 1169 424 0.000108 2
496 439 526 453 0.000108 2
828 270 850 312 0.000108 2
1141 184 1205 220 0.000108 2
1140 325 1175 358 0.000107 2
989 343 1025 396 0.000107 2
1119 64 1209 77 0.000107 2
668 198 841 280 0.000106 2
932 155 992 191 0.000106 2
481 200 518 228 0.000105 2
922 198 966 223 0.000105 2
57 395 160 425 0.000105 2
148 256 223 296 0.000105 2
930 275 1006 310 0.000105 2
916 181 948 202 0.000104 2
0 391 35 419 0.000104 2
645 193 728 266 0.000104 2
1166 271 1246 308 0.000103 2
22 396 182 424 0.000103 2
668 422 689 437 0.000102 2
128 237 198 264 0.000102 2
1022 282 1179 393 0.000101 2
1137 294 1246 344 0.000101 2
1152 333 1259 399 0.000101 2
643 387 692 407 0.000101 2
1030 274 1136 333 0.000101 2
616 335 661 376 0.000101 2
619 369 658 427 0.000101 2
47 513 64 529 0.000100 2
1199 298 1266 348 0.000100 2
480 171 587 216 0.009408 5
480 172 517 217 0.007380 5
479 174 520 217 0.006002 5
1021 166 1279 375 0.003652 5
479 173 520 217 0.003409 5
1030 161 1279 362 0.002146 5
479 170 580 213 0.002075 5
670 135 1279 416 0.001974 5
478 172 517 217 0.001959 5
1039 158 1279 359 0.001700 5
687 128 1276 436 0.001606 5
477 168 582 216 0.001546 5
696 131 1279 379 0.001270 5
809 159 857 180 0.001151 5
831 135 939 166 0.001108 5
830 135 938 168 0.001095 5
1022 151 1279 358 0.000947 5
1065 165 1279 274 0.000880 5
694 184 1279 403 0.000878 5
1188 160 1279 248 0.000839 5
881 269 1279 432 0.000681 5
828 135 939 170 0.000610 5
440 169 520 215 0.000577 5
828 135 938 188 0.000551 5
1224 162 1279 220 0.000496 5
1011 206 1279 378 0.000492 5
480 174 508 212 0.000469 5
479 172 525 216 0.000417 5
751 119 1279 364 0.000379 5
1223 173 1277 236 0.000363 5
1223 172 1279 228 0.000341 5
447 146 526 171 0.000302 5
898 191 1266 258 0.000234 5
1224 163 1278 232 0.000223 5
444 158 517 216 0.000200 5
1262 168 1279 220 0.000196 5
479 179 513 215 0.000189 5
456 153 522 171 0.000186 5
1222 170 1264 237 0.000160 5
1041 151 1272 282 0.000149 5
747 189 1247 280 0.000144 5
445 156 526 200 0.000122 5
716 263 1278 500 0.015462 6
702 262 1279 490 0.014350 6
674 265 1279 496 0.010300 6
709 255 1279 493 0.010077 6
684 255 1277 431 0.009385 6
649 261 1260 399 0.008516 6
697 255 1279 468 0.007971 6
680 251 1278 481 0.007152 6
646 256 1268 475 0.007000 6
642 264 1082 396 0.006034 6
661 261 1279 442 0.005689 6
705 244 1278 465 0.004730 6
479 168 582 212 0.004651 6
642 262 1057 468 0.004596 6
676 164 1277 408 0.004556 6
640 263 1088 472 0.004210 6
649 242 1261 387 0.004148 6
18 434 332 475 0.004082 6
479 166 582 213 0.003977 6
640 263 1182 472 0.003974 6
26 435 319 475 0.003951 6
814 269 1279 503 0.003706 6
691 139 1279 442 0.003576 6
643 260 1123 382 0.003402 6
641 265 1105 475 0.003291 6
20 396 328 475 0.002976 6
641 264 1097 409 0.002906 6
761 281 1278 503 0.002518 6
641 263 1156 431 0.002276 6
17 394 333 475 0.002217 6
699 154 1278 436 0.002168 6
320 450 404 472 0.002102 6
651 254 1265 484 0.002091 6
643 265 1047 476 0.002067 6
1078 156 1279 264 0.002064 6
825 277 1278 507 0.002047 6
860 270 1279 495 0.002014 6
773 267 1279 486 0.001978 6
320 450 401 472 0.001934 6
718 299 1279 497 0.001876 6
1072 157 1279 259 0.001793 6
21 434 326 476 0.001728 6
642 262 1096 383 0.001719 6
17 435 328 476 0.001639 6
713 267 1279 433 0.001630 6
802 285 1278 505 0.001618 6
1007 270 1279 486 0.001599 6
645 266 1022 475 0.001523 6
1151 165 1279 263 0.001520 6
35 437 319 475 0.001476 6
98 438 320 475 0.001472 6
640 262 1142 470 0.001449 6
478 166 583 217 0.001394 6
902 272 1279 503 0.001279 6
1161 162 1279 262 0.001277 6
208 444 319 474 0.001260 6
1017 269 1279 499 0.001249 6
110 442 319 475 0.001243 6
813 401 1273 503 0.001238 6
641 265 1106 391 0.001198 6
205 445 310 471 0.001196 6
1074 161 1279 274 0.001156 6
319 450 389 472 0.001153 6
214 445 319 473 0.001145 6
258 448 319 470 0.001138 6
640 265 1010 468 0.001089 6
694 133 949 240 0.001077 6
677 134 1273 412 0.001077 6
490 162 580 210 0.001065 6
742 408 1275 497 0.001020 6
496 162 581 208 0.001001 6
724 422 1270 491 0.000967 6
696 122 1275 423 0.000963 6
256 448 319 470 0.000963 6
733 439 929 479 0.000957 6
51 438 318 475 0.000882 6
734 436 916 479 0.000805 6
210 445 312 470 0.000790 6
206 445 293 471 0.000787 6
1060 152 1275 257 0.000759 6
244 447 319 470 0.000759 6
229 447 319 471 0.000741 6
3 434 338 511 0.000722 6
833 394 1274 505 0.000714 6
656 146 1249 389 0.000709 6
320 448 394 472 0.000701 6
836 375 1276 506 0.000664 6
728 410 955 479 0.000662 6
210 446 317 471 0.000660 6
718 396 1008 480 0.000654 6
845 450 1060 486 0.000640 6
15 434 308 476 0.000617 6
206 445 309 469 0.000610 6
727 411 950 477 0.000603 6
880 269 1279 464 0.000603 6
697 366 1247 484 0.000584 6
14 437 297 476 0.000582 6
713 433 1242 485 0.000581 6
730 436 1003 481 0.000565 6
261 448 320 470 0.000560 6
692 125 949 239 0.000560 6
832 366 1278 508 0.000525 6
201 446 313 471 0.000523 6
319 447 404 472 0.000504 6
444 153 586 216 0.000494 6
319 449 386 471 0.000492 6
847 446 1072 486 0.000480 6
16 437 323 509 0.000473 6
320 451 378 471 0.000434 6
830 134 939 163 0.000429 6
201 445 297 469 0.000418 6
698 133 948 243 0.000408 6
695 140 1003 252 0.000387 6
209 445 311 469 0.000384 6
831 134 939 160 0.000371 6
228 446 319 470 0.000362 6
18 438 255 477 0.000362 6
849 429 1051 485 0.000358 6
14 434 268 476 0.000357 6
834 451 1089 486 0.000343 6
203 445 311 469 0.000338 6
254 447 319 471 0.000333 6
322 447 406 472 0.000330 6
846 431 1049 486 0.000319 6
263 448 319 470 0.000319 6
11 394 291 476 0.000316 6
622 262 958 477 0.000313 6
210 446 315 469 0.000280 6
831 134 939 161 0.000277 6
1103 411 1275 508 0.000272 6
466 161 665 217 0.000269 6
640 151 1093 389 0.000250 6
858 361 1278 511 0.000248 6
640 341 961 475 0.000246 6
266 448 320 469 0.000243 6
450 256 957 475 0.000225 6
1073 64 1280 303 0.000225 6
830 132 938 166 0.000224 6
642 453 1081 704 0.000220 6
476 259 956 477 0.000220 6
205 445 301 471 0.000214 6
646 148 1153 388 0.000203 6
223 447 319 473 0.000199 6
718 383 962 474 0.000199 6
702 138 1022 256 0.000197 6
96 398 323 476 0.000193 6
330 64 641 240 0.000192 6
1057 412 1273 509 0.000192 6
1006 397 1253 468 0.000191 6
339 381 715 468 0.000187 6
600 259 959 477 0.000187 6
1107 413 1276 506 0.000179 6
1141 64 1279 296 0.000175 6
0 64 343 412 0.000173 6
1118 410 1276 488 0.000171 6
420 252 944 475 0.000163 6
1125 362 1277 460 0.000158 6
1113 403 1278 493 0.000156 6
1007 364 1279 511 0.000152 6
837 425 1055 485 0.000151 6
370 135 589 291 0.000145 6
381 64 637 220 0.000143 6
699 171 1055 258 0.000139 6
335 386 745 463 0.000139 6
15 438 234 479 0.000138 6
1053 64 1278 307 0.000138 6
1077 418 1273 512 0.000137 6
206 446 315 474 0.000135 6
849 452 1122 486 0.000132 6
20 392 627 492 0.000132 6
1102 162 1206 207 0.000131 6
998 403 1246 466 0.000130 6
1026 429 1271 512 0.000125 6
331 64 691 238 0.000124 6
1080 469 1265 512 0.000124 6
216 447 317 474 0.000122 6
199 444 299 469 0.000119 6
431 256 937 479 0.000118 6
773 383 1270 616 0.000117 6
1010 340 1270 463 0.000116 6
1095 470 1268 512 0.000116 6
18 399 173 424 0.000115 6
324 421 394 475 0.000114 6
365 151 410 185 0.000112 6
1029 381 1279 510 0.000109 6
1011 410 1248 462 0.000109 6
185 401 322 476 0.000105 6
320 449 380 471 0.000105 6
437 65 642 221 0.000103 6
1047 467 1265 512 0.000102 6
731 397 1266 588 0.000102 6
453 143 526 171 0.000102 6
277 448 320 469 0.000101 6
850 176 953 243 0.479856 7
859 177 953 242 0.383947 7
849 177 951 242 0.379132 7
865 177 942 232 0.041685 7
711 152 861 235 0.037660 7
588 184 622 214 0.033841 7
588 183 622 212 0.032911 7
695 152 947 238 0.023466 7
864 177 946 231 0.023340 7
717 152 860 232 0.021133 7
698 152 865 235 0.021015 7
588 183 649 215 0.020937 7
588 184 621 213 0.019160 7
715 152 856 249 0.018677 7
691 184 731 236 0.017841 7
713 152 859 227 0.017621 7
867 176 938 232 0.016867 7
587 183 622 208 0.016383 7
587 183 625 214 0.013114 7
698 152 872 236 0.013093 7
716 153 826 221 0.012767 7
588 184 622 211 0.012027 7
715 153 810 234 0.012017 7
863 177 985 249 0.010944 7
862 174 992 252 0.009900 7
691 182 733 235 0.008502 7
700 152 806 235 0.008466 7
510 171 581 213 0.007331 7
690 152 808 236 0.007248 7
493 170 579 214 0.007090 7
733 153 861 227 0.007050 7
863 177 968 246 0.006917 7
1187 172 1279 269 0.006796 7
482 170 578 213 0.006061 7
1069 184 1198 246 0.006020 7
712 154 812 236 0.005929 7
866 176 942 224 0.005882 7
694 145 948 244 0.005816 7
1184 168 1279 266 0.005765 7
867 176 937 228 0.005612 7
864 174 989 253 0.005428 7
709 153 806 214 0.005206 7
1110 182 1222 247 0.005170 7
798 173 949 240 0.005081 7
799 176 949 243 0.004988 7
588 180 651 215 0.004889 7
509 171 580 208 0.004797 7
588 185 622 214 0.004668 7
1113 184 1203 245 0.004502 7
1211 170 1279 273 0.004378 7
695 153 949 245 0.004360 7
1111 183 1245 248 0.004287 7
1066 185 1203 247 0.004114 7
849 176 935 235 0.004004 7
689 183 730 236 0.003842 7
867 178 931 239 0.003698 7
1087 183 1200 246 0.003605 7
849 176 920 240 0.003484 7
505 169 580 211 0.003384 7
588 177 652 216 0.003359 7
690 181 732 235 0.003344 7
692 184 732 228 0.003196 7
1067 178 1199 246 0.003179 7
588 190 666 216 0.003144 7
482 169 579 212 0.003090 7
588 173 651 215 0.003069 7
865 177 943 209 0.002714 7
1113 184 1206 247 0.002707 7
849 176 945 241 0.002508 7
1216 163 1279 250 0.002497 7
1182 163 1279 260 0.002412 7
1175 163 1279 258 0.002389 7
866 177 947 227 0.002302 7
1020 272 1278 354 0.001934 7
865 158 992 253 0.001901 7
849 177 912 240 0.001828 7
588 186 653 217 0.001800 7
1024 165 1279 361 0.001796 7
800 154 937 249 0.001745 7
669 152 964 290 0.001671 7
1020 273 1277 347 0.001645 7
653 151 987 338 0.001546 7
576 185 622 213 0.001490 7
849 176 920 234 0.001474 7
1221 178 1279 238 0.001385 7
589 162 661 216 0.001382 7
1113 215 1184 247 0.001353 7
689 152 805 235 0.001350 7
643 151 956 358 0.001259 7
808 159 858 187 0.001229 7
544 177 630 215 0.001209 7
1020 275 1271 351 0.001204 7
1223 179 1279 238 0.001198 7
808 159 858 190 0.001118 7
688 183 734 230 0.001108 7
862 177 954 242 0.001092 7
1113 212 1205 247 0.001012 7
577 184 620 214 0.000966 7
802 134 944 242 0.000966 7
1223 160 1279 242 0.000915 7
292 198 389 323 0.000894 7
691 152 807 222 0.000890 7
852 176 937 228 0.000889 7
516 152 889 240 0.000872 7
696 184 731 207 0.000870 7
1204 174 1279 307 0.000841 7
594 180 631 200 0.000824 7
536 171 634 213 0.000818 7
591 156 652 215 0.000797 7
587 185 654 218 0.000790 7
832 132 959 242 0.000773 7
1112 195 1235 249 0.000757 7
815 135 944 239 0.000756 7
697 184 730 210 0.000749 7
806 158 857 214 0.000747 7
1110 183 1192 231 0.000716 7
292 199 388 286 0.000680 7
1103 161 1214 221 0.000673 7
1115 183 1191 225 0.000620 7
1111 183 1192 218 0.000602 7
700 172 813 236 0.000595 7
709 160 821 236 0.000578 7
716 152 808 205 0.000523 7
713 154 806 210 0.000521 7
582 179 624 211 0.000521 7
859 150 994 251 0.000507 7
921 205 976 254 0.000503 7
1103 164 1146 203 0.000479 7
679 153 975 258 0.000478 7
1101 163 1147 205 0.000475 7
1105 182 1191 249 0.000470 7
590 154 664 215 0.000469 7
698 163 997 252 0.000466 7
533 152 896 245 0.000460 7
1116 183 1190 218 0.000448 7
1103 163 1214 233 0.000434 7
1096 163 1211 230 0.000428 7
849 173 912 224 0.000424 7
1178 158 1278 237 0.000417 7
803 152 896 232 0.000414 7
1022 273 1228 345 0.000405 7
586 160 641 213 0.000397 7
805 156 859 231 0.000377 7
709 138 869 221 0.000373 7
723 153 805 208 0.000372 7
1223 178 1279 223 0.000368 7
805 157 859 218 0.000345 7
1021 271 1256 343 0.000335 7
803 171 1007 256 0.000325 7
866 175 938 205 0.000309 7
1103 164 1145 205 0.000303 7
882 275 1169 403 0.000297 7
1134 183 1193 218 0.000291 7
708 141 860 224 0.000289 7
718 129 936 217 0.000278 7
1024 211 1280 343 0.000271 7
1103 161 1216 218 0.000269 7
479 171 519 217 0.000260 7
597 166 632 199 0.000258 7
941 208 979 253 0.000251 7
705 267 852 381 0.000241 7
1036 222 1280 337 0.000233 7
706 138 860 219 0.000227 7
624 153 941 274 0.000226 7
1092 164 1144 205 0.000220 7
832 141 995 240 0.000214 7
914 151 993 220 0.000211 7
705 262 846 354 0.000203 7
727 158 799 217 0.000197 7
875 277 1037 427 0.000197 7
908 152 994 229 0.000195 7
713 152 808 208 0.000190 7
1139 183 1189 218 0.000185 7
884 277 1163 428 0.000179 7
1104 162 1210 213 0.000178 7
707 163 1019 257 0.000173 7
868 149 994 235 0.000166 7
855 176 952 244 0.000166 7
1105 164 1188 219 0.000162 7
704 301 768 377 0.000161 7
907 151 993 197 0.000156 7
465 137 914 258 0.000152 7
704 301 768 366 0.000150 7
461 171 667 224 0.000148 7
592 156 667 213 0.000147 7
689 115 928 238 0.000146 7
912 151 992 186 0.000144 7
969 179 1036 254 0.000141 7
48 449 128 472 0.000140 7
695 183 736 218 0.000137 7
1098 182 1185 247 0.000131 7
295 199 330 234 0.000129 7
1142 183 1203 218 0.000124 7
591 157 659 219 0.000123 7
1261 175 1279 233 0.000119 7
1116 184 1162 217 0.000118 7
1022 208 1277 342 0.000116 7
704 301 768 372 0.000116 7
906 150 982 214 0.000110 7
916 152 1008 244 0.000110 7
738 152 808 218 0.000109 7
704 165 783 218 0.000102 7
1089 150 1102 178 0.354411 9
1089 150 1102 178 0.327762 9
513 152 524 177 0.317913 9
513 152 524 177 0.301371 9
513 152 524 178 0.260660 9
1207 170 1215 190 0.099466 9
514 151 524 178 0.096306 9
513 150 524 178 0.058335 9
513 152 523 184 0.051830 9
1207 168 1216 190 0.049327 9
1013 136 1024 172 0.044038 9
449 157 490 171 0.043516 9
372 170 381 184 0.038896 9
449 158 490 171 0.038668 9
448 157 490 170 0.038243 9
372 167 382 185 0.036843 9
1013 136 1024 170 0.035511 9
1013 136 1024 171 0.033577 9
1088 149 1104 183 0.032087 9
366 167 373 186 0.026036 9
1013 135 1025 171 0.021873 9
366 167 374 186 0.021709 9
1197 384 1206 416 0.017382 9
239 180 247 190 0.016873 9
559 184 567 195 0.016181 9
1214 167 1223 184 0.015599 9
1087 167 1096 185 0.014997 9
553 172 572 200 0.013800 9
313 151 341 188 0.013692 9
879 156 890 169 0.013531 9
553 172 570 201 0.013467 9
313 152 342 192 0.013418 9
1214 168 1223 185 0.013318 9
372 167 381 186 0.013309 9
896 153 907 175 0.012419 9
313 150 341 189 0.012370 9
1088 149 1103 187 0.011840 9
523 183 535 196 0.011576 9
1081 175 1089 184 0.011072 9
1007 135 1024 173 0.010658 9
449 158 471 171 0.010602 9
1008 136 1024 173 0.009935 9
1006 135 1025 172 0.009915 9
1195 383 1207 416 0.009271 9
896 156 905 176 0.009151 9
1192 383 1207 416 0.009083 9
1012 136 1024 173 0.009063 9
1195 384 1206 400 0.008944 9
239 177 247 190 0.008889 9
1156 165 1167 184 0.008828 9
551 172 581 205 0.008772 9
880 155 894 170 0.008453 9
1096 151 1110 179 0.008242 9
866 152 881 174 0.008093 9
545 168 551 180 0.008073 9
694 184 702 198 0.008028 9
878 153 889 169 0.007890 9
448 157 490 181 0.007756 9
517 191 527 201 0.007520 9
553 172 574 200 0.007389 9
870 166 880 176 0.007335 9
1100 157 1111 180 0.007294 9
693 181 703 198 0.007289 9
371 167 381 186 0.007255 9
867 152 881 176 0.006949 9
1045 155 1056 174 0.006745 9
448 157 490 179 0.006480 9
111 151 128 164 0.006382 9
362 167 369 188 0.006259 9
257 180 262 190 0.006209 9
895 152 907 176 0.005667 9
410 178 418 200 0.005630 9
863 166 870 180 0.005129 9
966 372 979 391 0.005065 9
1155 165 1167 184 0.004915 9
1191 385 1204 401 0.004590 9
545 169 552 185 0.004408 9
240 164 247 177 0.004275 9
1091 150 1110 179 0.004256 9
801 141 811 157 0.004206 9
879 153 895 173 0.004187 9
1191 384 1206 401 0.004099 9
1045 156 1057 176 0.004079 9
880 154 896 176 0.004030 9
463 164 474 183 0.004007 9
1097 131 1105 155 0.003988 9
313 149 343 189 0.003889 9
1189 382 1208 417 0.003776 9
512 145 524 176 0.003773 9
665 181 670 195 0.003744 9
313 149 342 190 0.003703 9
875 154 895 176 0.003637 9
864 151 880 171 0.003617 9
111 151 128 165 0.003616 9
518 180 550 199 0.003559 9
410 177 418 199 0.003547 9
554 176 580 202 0.003506 9
257 142 268 160 0.003436 9
864 151 880 170 0.003427 9
257 144 267 160 0.003422 9
614 156 625 170 0.003367 9
313 151 341 192 0.003307 9
513 152 530 191 0.003246 9
1188 383 1209 416 0.003118 9
258 143 268 160 0.003114 9
361 167 368 189 0.003069 9
895 152 909 176 0.003055 9
693 176 703 199 0.003026 9
965 369 980 390 0.002989 9
68 168 80 178 0.002935 9
518 172 547 188 0.002912 9
550 169 577 205 0.002896 9
259 142 268 160 0.002875 9
1190 382 1218 420 0.002862 9
693 180 700 197 0.002848 9
514 172 550 197 0.002835 9
1044 152 1056 172 0.002786 9
587 169 595 185 0.002767 9
809 160 856 179 0.002721 9
564 178 581 202 0.002679 9
1088 190 1095 201 0.002653 9
313 154 342 190 0.002592 9
1097 130 1104 143 0.002541 9
1230 168 1246 181 0.002520 9
446 157 490 181 0.002520 9
555 175 581 203 0.002514 9
606 163 616 182 0.002476 9
680 170 688 188 0.002475 9
1191 383 1216 418 0.002452 9
587 167 593 184 0.002443 9
681 180 689 194 0.002419 9
1041 155 1056 174 0.002419 9
1043 155 1056 174 0.002397 9
1205 407 1215 416 0.002351 9
863 166 869 183 0.002299 9
95 152 105 175 0.002295 9
895 152 909 178 0.002278 9
1209 167 1224 193 0.002275 9
615 155 629 171 0.002265 9
1206 168 1216 189 0.002226 9
313 152 347 198 0.002225 9
1191 164 1202 188 0.002205 9
614 153 625 169 0.002203 9
365 167 374 190 0.002200 9
1011 134 1025 172 0.002188 9
1214 368 1223 387 0.002182 9
448 154 490 170 0.002164 9
849 182 858 213 0.002156 9
548 169 572 203 0.002155 9
521 183 536 199 0.002144 9
595 133 606 152 0.002113 9
617 179 630 198 0.002068 9
119 64 159 76 0.002031 9
1088 171 1096 192 0.002015 9
1089 148 1114 181 0.002006 9
814 144 823 154 0.001996 9
681 166 688 184 0.001940 9
963 358 985 393 0.001936 9
638 161 650 183 0.001926 9
1229 167 1247 181 0.001891 9
809 163 853 179 0.001885 9
1190 165 1202 188 0.001876 9
1040 153 1058 184 0.001846 9
535 169 546 178 0.001774 9
1098 158 1114 189 0.001759 9
595 136 606 152 0.001745 9
513 145 525 178 0.001741 9
408 179 417 204 0.001736 9
119 64 160 76 0.001709 9
1177 381 1185 391 0.001707 9
665 171 671 187 0.001694 9
94 166 104 176 0.001681 9
958 353 980 404 0.001666 9
447 156 490 189 0.001649 9
810 156 855 179 0.001646 9
1079 167 1090 184 0.001634 9
638 160 645 169 0.001620 9
521 169 574 202 0.001620 9
522 183 541 199 0.001619 9
119 64 129 72 0.001619 9
1207 159 1218 189 0.001569 9
1104 166 1124 203 0.001563 9
590 130 602 153 0.001556 9
1090 155 1107 180 0.001536 9
445 157 491 210 0.001524 9
516 168 549 183 0.001522 9
637 164 651 184 0.001477 9
605 166 614 182 0.001472 9
1144 376 1152 385 0.001464 9
959 373 974 392 0.001456 9
591 130 604 153 0.001443 9
1168 381 1177 392 0.001429 9
1020 170 1031 186 0.001428 9
1206 409 1216 423 0.001420 9
449 154 491 171 0.001419 9
1228 168 1247 181 0.001416 9
846 150 858 167 0.001405 9
447 158 481 177 0.001394 9
838 152 847 163 0.001388 9
358 176 367 190 0.001387 9
1078 149 1103 186 0.001380 9
801 142 811 158 0.001379 9
1167 380 1181 420 0.001379 9
704 155 711 178 0.001362 9
173 64 201 90 0.001359 9
568 136 581 161 0.001335 9
1100 136 1110 172 0.001327 9
588 165 603 185 0.001323 9
171 64 201 90 0.001299 9
565 140 581 161 0.001286 9
1148 165 1167 184 0.001261 9
810 158 857 180 0.001248 9
567 139 581 161 0.001245 9
512 180 524 199 0.001243 9
595 131 604 151 0.001234 9
167 64 176 75 0.001229 9
1188 161 1202 188 0.001222 9
1097 132 1111 165 0.001217 9
703 152 712 177 0.001211 9
569 165 579 178 0.001203 9
1180 381 1193 391 0.001166 9
1038 169 1049 185 0.001163 9
588 173 602 185 0.001159 9
951 347 960 368 0.001140 9
553 173 579 201 0.001129 9
587 120 605 155 0.001128 9
313 149 340 191 0.001126 9
466 151 540 217 0.001114 9
119 64 202 87 0.001110 9
842 148 859 167 0.001105 9
119 64 159 78 0.001104 9
312 146 348 192 0.001102 9
1090 231 1103 270 0.001101 9
1124 165 1146 185 0.001100 9
1047 170 1056 184 0.001096 9
155 64 202 90 0.001089 9
566 144 580 161 0.001079 9
1171 380 1206 409 0.001073 9
612 171 632 198 0.001065 9
1180 163 1207 218 0.001062 9
1071 343 1079 360 0.001050 9
1189 381 1234 424 0.001042 9
1088 146 1104 179 0.001042 9
1167 384 1184 414 0.001022 9
1013 132 1040 171 0.001012 9
432 171 446 192 0.001006 9
313 150 341 195 0.000992 9
119 64 200 85 0.000991 9
809 160 857 180 0.000991 9
846 118 867 136 0.000989 9
951 350 960 376 0.000984 9
1089 230 1103 270 0.000981 9
1103 164 1147 204 0.000979 9
1239 324 1270 405 0.000973 9
1188 164 1216 192 0.000971 9
800 139 814 158 0.000964 9
259 143 268 158 0.000962 9
210 167 217 176 0.000952 9
67 168 80 178 0.000945 9
1075 135 1103 186 0.000937 9
842 118 867 136 0.000935 9
1150 165 1167 185 0.000931 9
617 152 630 171 0.000924 9
690 169 698 180 0.000921 9
593 123 606 153 0.000920 9
1179 381 1210 414 0.000916 9
1089 142 1104 179 0.000905 9
800 135 812 156 0.000905 9
1087 146 1120 181 0.000904 9
1160 377 1166 383 0.000904 9
119 64 163 78 0.000900 9
814 150 825 161 0.000896 9
513 150 545 184 0.000896 9
1167 379 1205 414 0.000891 9
371 155 382 185 0.000881 9
1108 163 1138 184 0.000880 9
811 158 858 180 0.000877 9
482 174 496 186 0.000877 9
119 64 163 77 0.000875 9
256 177 263 191 0.000873 9
1199 384 1232 424 0.000855 9
1105 163 1147 186 0.000850 9
1243 320 1275 375 0.000848 9
609 155 630 194 0.000835 9
697 152 706 176 0.000831 9
1195 380 1233 424 0.000828 9
1154 159 1168 185 0.000823 9
1104 164 1146 199 0.000815 9
1247 363 1257 375 0.000812 9
535 150 544 172 0.000808 9
1150 343 1169 360 0.000806 9
692 162 703 180 0.000794 9
665 190 670 201 0.000789 9
831 136 861 167 0.000779 9
118 64 188 79 0.000778 9
1039 152 1057 174 0.000773 9
697 123 704 152 0.000741 9
690 175 703 199 0.000740 9
663 153 671 174 0.000737 9
159 64 202 90 0.000737 9
1056 152 1065 172 0.000734 9
1227 323 1270 422 0.000729 9
412 176 421 197 0.000728 9
690 119 705 153 0.000727 9
767 103 783 136 0.000727 9
432 170 446 195 0.000719 9
885 138 925 178 0.000718 9
1073 159 1094 191 0.000715 9
1119 164 1168 185 0.000715 9
970 174 976 185 0.000710 9
412 177 421 198 0.000710 9
841 119 865 136 0.000707 9
571 165 580 177 0.000706 9
1101 163 1152 203 0.000701 9
536 150 544 171 0.000698 9
95 151 105 175 0.000697 9
1150 344 1168 360 0.000693 9
119 64 194 83 0.000687 9
1183 163 1203 189 0.000686 9
831 135 860 167 0.000686 9
1224 165 1235 181 0.000679 9
549 171 579 216 0.000673 9
1012 127 1041 171 0.000673 9
690 171 699 194 0.000673 9
992 144 1000 166 0.000669 9
550 140 580 161 0.000665 9
807 152 856 181 0.000664 9
665 168 671 174 0.000660 9
830 135 861 167 0.000659 9
690 118 700 133 0.000649 9
690 118 703 153 0.000649 9
1186 165 1216 196 0.000648 9
120 64 187 82 0.000647 9
568 161 580 178 0.000647 9
315 183 340 196 0.000640 9
352 161 362 188 0.000637 9
997 134 1012 174 0.000637 9
587 128 600 162 0.000637 9
574 135 581 154 0.000636 9
1167 380 1184 423 0.000629 9
1216 386 1233 425 0.000618 9
498 156 581 213 0.000617 9
767 104 784 135 0.000615 9
248 164 257 175 0.000613 9
641 164 656 185 0.000602 9
1196 369 1250 426 0.000597 9
1219 396 1233 424 0.000596 9
161 64 184 84 0.000591 9
111 135 128 165 0.000591 9
1104 165 1126 183 0.000591 9
998 133 1012 183 0.000587 9
340 167 351 198 0.000583 9
259 166 271 179 0.000582 9
1055 152 1064 162 0.000579 9
857 112 869 136 0.000570 9
339 163 352 193 0.000568 9
839 119 866 135 0.000562 9
488 150 524 188 0.000545 9
861 112 869 119 0.000544 9
1189 151 1214 192 0.000543 9
118 64 181 78 0.000535 9
586 126 598 156 0.000535 9
240 161 249 179 0.000534 9
1018 129 1040 161 0.000533 9
1187 165 1218 218 0.000532 9
1183 159 1203 190 0.000529 9
1014 138 1040 169 0.000524 9
478 150 524 177 0.000522 9
1024 151 1040 161 0.000513 9
1150 528 1158 533 0.000512 9
697 152 705 175 0.000511 9
697 151 712 178 0.000509 9
602 163 617 183 0.000506 9
1017 154 1035 170 0.000505 9
586 120 599 156 0.000498 9
647 160 657 182 0.000498 9
803 147 816 159 0.000496 9
1210 157 1224 175 0.000493 9
1173 378 1186 392 0.000493 9
823 156 854 177 0.000492 9
0 142 8 202 0.000491 9
767 106 780 136 0.000490 9
839 119 864 136 0.000488 9
479 147 524 177 0.000488 9
119 64 202 90 0.000488 9
800 133 816 158 0.000482 9
1195 383 1215 424 0.000481 9
159 64 169 72 0.000479 9
1022 126 1040 163 0.000475 9
580 64 596 91 0.000470 9
1167 377 1182 393 0.000469 9
1099 129 1136 169 0.000464 9
432 172 446 193 0.000464 9
1077 170 1099 198 0.000461 9
958 356 992 393 0.000457 9
111 150 128 164 0.000454 9
444 157 482 208 0.000449 9
975 171 987 185 0.000445 9
849 180 866 216 0.000443 9
653 158 661 175 0.000443 9
689 118 703 154 0.000440 9
213 164 223 177 0.000437 9
993 135 1002 171 0.000436 9
766 103 784 135 0.000435 9
580 64 596 91 0.000432 9
593 132 605 155 0.000432 9
1017 163 1034 187 0.000431 9
1120 165 1169 185 0.000427 9
440 144 527 177 0.000426 9
653 152 670 175 0.000421 9
164 64 184 75 0.000419 9
256 155 268 177 0.000419 9
274 185 280 194 0.000419 9
432 170 446 196 0.000419 9
1173 150 1184 162 0.000419 9
1073 148 1094 189 0.000414 9
312 137 383 194 0.000414 9
586 126 599 158 0.000414 9
996 130 1009 174 0.000412 9
119 64 158 79 0.000409 9
1100 129 1136 166 0.000405 9
626 169 639 194 0.000405 9
349 147 375 190 0.000403 9
632 183 642 195 0.000402 9
244 177 257 192 0.000400 9
1000 172 1008 186 0.000398 9
223 178 233 199 0.000398 9
850 115 870 136 0.000396 9
1098 127 1136 170 0.000395 9
1047 152 1065 183 0.000395 9
1213 166 1231 188 0.000393 9
559 147 568 161 0.000393 9
67 169 80 181 0.000392 9
1224 160 1252 181 0.000388 9
586 118 599 151 0.000379 9
701 118 715 128 0.000376 9
0 141 8 197 0.000373 9
689 118 705 150 0.000371 9
690 183 702 210 0.000369 9
1149 338 1192 400 0.000366 9
1024 156 1039 169 0.000363 9
358 150 382 188 0.000363 9
996 134 1010 174 0.000361 9
1104 168 1122 203 0.000360 9
1198 135 1205 190 0.000359 9
901 137 937 183 0.000359 9
992 133 1025 175 0.000353 9
844 136 939 173 0.000353 9
1022 181 1030 193 0.000352 9
1103 169 1122 202 0.000350 9
448 152 490 171 0.000349 9
160 64 199 90 0.000347 9
813 151 847 164 0.000346 9
558 178 581 203 0.000345 9
606 162 648 194 0.000345 9
993 134 1003 171 0.000343 9
1206 367 1256 428 0.000342 9
1102 157 1137 183 0.000341 9
1224 161 1263 181 0.000341 9
1149 327 1173 359 0.000335 9
549 134 581 161 0.000328 9
847 166 871 218 0.000328 9
649 159 657 176 0.000328 9
431 170 447 196 0.000323 9
447 155 520 171 0.000322 9
848 160 872 193 0.000321 9
256 85 262 97 0.000321 9
996 134 1009 173 0.000320 9
606 151 626 183 0.000320 9
245 176 257 192 0.000318 9
46 315 57 343 0.000316 9
95 182 103 200 0.000315 9
691 119 705 153 0.000315 9
1016 172 1030 186 0.000312 9
664 170 678 190 0.000312 9
830 135 917 171 0.000311 9
525 150 544 174 0.000311 9
828 135 927 174 0.000311 9
1086 151 1120 202 0.000306 9
1102 132 1136 166 0.000304 9
223 167 231 176 0.000301 9
549 139 578 158 0.000300 9
1104 157 1123 182 0.000298 9
999 127 1007 136 0.000294 9
1117 158 1170 185 0.000291 9
1213 152 1222 163 0.000288 9
832 136 888 171 0.000283 9
248 161 256 175 0.000283 9
1069 120 1129 185 0.000283 9
672 316 680 341 0.000282 9
385 149 395 160 0.000282 9
219 176 249 194 0.000281 9
1175 381 1209 419 0.000280 9
834 119 865 135 0.000280 9
911 137 933 182 0.000278 9
1089 219 1104 270 0.000278 9
312 113 382 197 0.000277 9
570 160 580 178 0.000277 9
979 357 993 385 0.000276 9
118 64 164 77 0.000275 9
256 143 270 179 0.000275 9
976 168 991 185 0.000274 9
1055 125 1105 195 0.000271 9
1184 164 1220 201 0.000270 9
1148 162 1197 185 0.000270 9
1149 341 1195 383 0.000270 9
1074 126 1106 181 0.000270 9
480 178 494 196 0.000270 9
807 163 852 218 0.000268 9
476 166 497 191 0.000268 9
545 265 558 280 0.000267 9
984 351 992 359 0.000267 9
912 169 921 179 0.000265 9
351 156 368 192 0.000265 9
714 133 720 153 0.000263 9
256 162 269 179 0.000262 9
590 161 603 182 0.000262 9
662 149 671 174 0.000262 9
830 135 941 174 0.000257 9
653 172 661 186 0.000255 9
1040 184 1048 192 0.000254 9
1232 323 1265 378 0.000254 9
311 152 380 194 0.000253 9
1206 150 1222 182 0.000253 9
1052 169 1064 190 0.000251 9
445 157 498 216 0.000251 9
256 128 268 161 0.000250 9
352 165 364 190 0.000249 9
1027 167 1046 185 0.000248 9
1105 142 1131 164 0.000246 9
126 176 132 186 0.000246 9
312 148 343 190 0.000246 9
0 141 8 154 0.000245 9
839 147 880 177 0.000245 9
580 64 598 92 0.000242 9
797 131 831 160 0.000239 9
151 64 189 90 0.000236 9
663 177 685 214 0.000236 9
312 74 370 194 0.000235 9
1225 162 1270 181 0.000235 9
1080 129 1138 200 0.000231 9
855 136 938 174 0.000228 9
914 167 928 180 0.000227 9
699 120 717 180 0.000225 9
743 150 752 157 0.000223 9
691 118 700 126 0.000222 9
95 182 102 200 0.000222 9
442 176 486 213 0.000219 9
259 168 272 192 0.000219 9
488 168 519 199 0.000216 9
811 161 859 211 0.000216 9
830 670 842 703 0.000216 9
45 312 57 343 0.000215 9
689 118 705 175 0.000215 9
1073 150 1086 180 0.000214 9
1102 133 1136 164 0.000212 9
1148 162 1202 187 0.000212 9
1145 341 1198 397 0.000210 9
588 131 624 169 0.000208 9
1064 139 1103 187 0.000208 9
574 124 581 152 0.000207 9
740 360 752 376 0.000206 9
1130 332 1194 408 0.000205 9
599 166 619 185 0.000205 9
239 176 252 193 0.000205 9
843 136 940 155 0.000203 9
1066 145 1104 193 0.000203 9
1099 116 1136 167 0.000201 9
448 144 527 171 0.000201 9
700 121 716 156 0.000201 9
1043 110 1125 209 0.000199 9
638 144 653 166 0.000198 9
1105 162 1147 185 0.000197 9
598 64 624 91 0.000194 9
1015 157 1054 186 0.000192 9
443 144 523 171 0.000192 9
576 126 601 162 0.000191 9
1150 527 1159 544 0.000189 9
1151 380 1160 396 0.000188 9
110 126 128 165 0.000186 9
817 376 832 393 0.000186 9
591 64 624 93 0.000185 9
585 112 600 152 0.000185 9
96 151 130 177 0.000184 9
170 64 256 91 0.000183 9
975 144 986 158 0.000183 9
490 140 567 207 0.000183 9
476 144 525 174 0.000182 9
1200 166 1231 231 0.000181 9
119 64 190 91 0.000181 9
359 148 374 181 0.000181 9
359 148 373 176 0.000180 9
905 126 912 137 0.000180 9
739 131 754 157 0.000178 9
638 64 667 80 0.000178 9
637 64 666 81 0.000178 9
1055 179 1064 196 0.000177 9
440 157 494 217 0.000177 9
591 528 601 535 0.000176 9
596 64 625 92 0.000175 9
409 171 448 202 0.000175 9
555 161 578 177 0.000171 9
831 135 860 166 0.000171 9
1224 161 1268 182 0.000170 9
653 127 660 144 0.000170 9
576 81 585 105 0.000169 9
16 157 25 180 0.000168 9
999 181 1008 193 0.000168 9
1149 341 1181 375 0.000167 9
63 144 79 176 0.000165 9
544 149 569 161 0.000164 9
578 301 593 316 0.000164 9
945 119 960 143 0.000163 9
215 161 224 176 0.000163 9
1188 145 1206 191 0.000163 9
652 147 671 175 0.000163 9
1072 130 1101 183 0.000162 9
580 64 598 91 0.000162 9
693 183 730 202 0.000161 9
680 156 689 182 0.000161 9
943 118 960 145 0.000160 9
698 118 716 157 0.000160 9
877 135 940 181 0.000160 9
832 676 848 703 0.000158 9
816 376 831 394 0.000158 9
943 120 960 147 0.000157 9
815 151 847 165 0.000156 9
690 152 705 179 0.000155 9
830 669 842 702 0.000153 9
223 178 244 196 0.000153 9
591 134 625 180 0.000153 9
589 64 625 92 0.000152 9
975 167 991 185 0.000151 9
777 112 833 159 0.000151 9
16 157 26 183 0.000151 9
865 135 939 181 0.000151 9
68 169 80 200 0.000149 9
616 157 647 175 0.000149 9
1146 371 1168 397 0.000148 9
580 64 599 92 0.000148 9
1059 120 1137 185 0.000147 9
1202 157 1255 183 0.000146 9
1096 128 1120 167 0.000146 9
258 177 275 196 0.000144 9
208 67 225 87 0.000144 9
671 153 677 167 0.000144 9
312 144 381 197 0.000143 9
980 314 992 334 0.000143 9
690 118 706 161 0.000143 9
638 136 658 164 0.000142 9
1111 162 1150 185 0.000142 9
831 592 840 625 0.000141 9
551 137 579 147 0.000141 9
698 170 711 191 0.000141 9
1205 123 1232 174 0.000140 9
1145 163 1200 186 0.000140 9
64 150 80 177 0.000140 9
841 135 938 154 0.000140 9
441 171 486 208 0.000138 9
702 118 718 129 0.000138 9
372 150 382 183 0.000137 9
1006 173 1018 185 0.000137 9
575 81 584 107 0.000136 9
480 335 496 354 0.000135 9
66 168 80 184 0.000134 9
870 120 879 134 0.000134 9
1211 125 1223 134 0.000133 9
545 266 559 280 0.000132 9
767 102 784 135 0.000132 9
789 136 801 153 0.000129 9
1073 147 1084 165 0.000129 9
864 670 873 687 0.000129 9
48 184 64 206 0.000129 9
844 135 939 154 0.000129 9
637 140 659 172 0.000129 9
752 269 764 280 0.000128 9
313 116 372 198 0.000128 9
653 127 660 144 0.000128 9
689 118 707 178 0.000126 9
799 591 807 615 0.000126 9
845 289 856 312 0.000125 9
430 157 473 200 0.000124 9
639 140 659 160 0.000124 9
1034 105 1126 232 0.000124 9
208 66 247 87 0.000123 9
1193 118 1232 197 0.000123 9
413 171 447 202 0.000123 9
600 158 623 185 0.000123 9
1011 129 1024 147 0.000121 9
766 112 833 154 0.000121 9
1144 151 1201 186 0.000121 9
627 64 640 74 0.000120 9
732 336 759 389 0.000120 9
992 131 1009 192 0.000120 9
724 150 734 160 0.000120 9
1024 123 1040 163 0.000120 9
62 147 79 172 0.000120 9
1198 131 1206 192 0.000119 9
1113 160 1177 186 0.000119 9
313 82 336 157 0.000118 9
62 150 80 175 0.000118 9
310 110 323 158 0.000117 9
992 128 1006 173 0.000117 9
666 168 680 187 0.000117 9
603 136 625 169 0.000116 9
66 169 87 177 0.000116 9
1162 150 1201 186 0.000116 9
830 135 911 169 0.000115 9
212 176 235 203 0.000115 9
461 147 525 170 0.000114 9
1206 121 1232 165 0.000114 9
710 133 720 165 0.000114 9
902 136 938 152 0.000114 9
1211 118 1224 130 0.000112 9
777 112 832 138 0.000112 9
1150 163 1204 189 0.000112 9
969 165 991 185 0.000112 9
1050 111 1089 193 0.000112 9
104 151 128 167 0.000111 9
1039 596 1048 631 0.000111 9
111 202 121 227 0.000111 9
699 150 721 182 0.000110 9
40 317 55 344 0.000110 9
718 154 728 168 0.000110 9
970 141 991 161 0.000109 9
575 81 583 99 0.000109 9
1106 136 1136 164 0.000109 9
704 146 723 178 0.000109 9
584 157 606 187 0.000108 9
595 64 625 90 0.000106 9
255 106 266 127 0.000106 9
974 142 993 163 0.000105 9
833 675 848 700 0.000105 9
656 64 668 71 0.000105 9
959 161 992 186 0.000105 9
894 136 938 153 0.000105 9
94 153 111 177 0.000105 9
1008 132 1047 173 0.000104 9
126 178 132 194 0.000104 9
432 171 447 198 0.000104 9
1070 173 1097 209 0.000103 9
1103 164 1150 215 0.000103 9
587 105 607 155 0.000103 9
369 163 408 186 0.000103 9
1035 124 1066 173 0.000103 9
474 139 580 211 0.000102 9
229 130 241 146 0.000101 9
1008 136 1068 186 0.000101 9
680 176 690 215 0.000100 9
882 119 901 139 0.000100 9
110 133 128 165 0.000100 9
1052 110 1084 146 0.005705 11
1051 110 1084 147 0.002905 11
1055 113 1073 145 0.001550 11
